frame,emulated_frame,total_ms,cpu_wall_ms,cpu_thread_ms,cpu_idle_ms,cpu_throttle_sleep_ms,cpu_throttle_requested_ms,cpu_throttle_lateness_ms,video_build_ms,present_ms,audio_mix_ms,static_bursts,static_cycles,static_native_dispatches,static_fallback_steps,static_hook_fallbacks,fallback_mfspr,fallback_mtspr,fallback_cache,fallback_dcbst,fallback_dcbf,fallback_dcbi,fallback_icbi,fallback_other,cache_controls,cache_control_dcbst,cache_control_dcbf,cache_control_dcbi,cache_control_icbi
0,0,0.000000,0.000000,0.000000,0.000000,0.000000,0.000000,0.000000,1.765834,0.044250,0.000000,0,0,0,0,0,0,0,0,0,0,0,0,0,0,0,0,0,0
1,0,46.624125,0.000000,0.000000,0.000000,0.000000,0.000000,0.000000,1.250750,0.033584,0.000000,0,0,0,0,0,0,0,0,0,0,0,0,0,0,0,0,0,0
2,0,39.049959,0.000000,0.000000,0.000000,0.000000,0.000000,0.000000,0.390416,0.063292,0.000000,0,0,0,0,0,0,0,0,0,0,0,0,0,0,0,0,0,0
3,0,39.770458,0.000000,0.000000,0.000000,0.000000,0.000000,0.000000,0.425083,0.029375,0.000000,0,0,0,0,0,0,0,0,0,0,0,0,0,0,0,0,0,0
4,0,40.505833,0.000000,0.000000,0.000000,0.000000,0.000000,0.000000,0.262584,0.033583,0.000000,0,0,0,0,0,0,0,0,0,0,0,0,0,0,0,0,0,0
5,0,42.603250,0.000000,0.000000,0.000000,0.000000,0.000000,0.000000,0.200500,0.070792,0.000000,0,0,0,0,0,0,0,0,0,0,0,0,0,0,0,0,0,0
6,0,34.249417,0.000000,0.000000,0.000000,0.000000,0.000000,0.000000,0.211042,0.036708,0.000000,0,0,0,0,0,0,0,0,0,0,0,0,0,0,0,0,0,0
7,0,42.259833,0.000000,0.000000,0.000000,0.000000,0.000000,0.000000,0.197167,0.032833,0.000000,0,0,0,0,0,0,0,0,0,0,0,0,0,0,0,0,0,0
8,0,33.918167,0.000000,0.000000,0.000000,0.000000,0.000000,0.000000,0.273500,0.036750,0.000000,0,0,0,0,0,0,0,0,0,0,0,0,0,0,0,0,0,0
9,0,41.221958,0.000000,0.000000,0.000000,0.000000,0.000000,0.000000,0.485250,0.031125,0.000000,0,0,0,0,0,0,0,0,0,0,0,0,0,0,0,0,0,0
10,0,34.720375,0.000000,0.000000,0.000000,0.000000,0.000000,0.000000,0.294084,0.025250,0.000000,0,0,0,0,0,0,0,0,0,0,0,0,0,0,0,0,0,0
11,0,43.408875,0.000000,0.000000,0.000000,0.000000,0.000000,0.000000,0.338959,0.044208,0.000000,0,0,0,0,0,0,0,0,0,0,0,0,0,0,0,0,0,0
12,0,42.909834,0.000000,0.000000,0.000000,0.000000,0.000000,0.000000,0.423125,0.030125,0.000000,0,0,0,0,0,0,0,0,0,0,0,0,0,0,0,0,0,0
13,0,36.775541,0.000000,0.000000,0.000000,0.000000,0.000000,0.000000,0.327417,0.024333,0.000000,0,0,0,0,0,0,0,0,0,0,0,0,0,0,0,0,0,0
14,0,38.064625,0.000000,0.000000,0.000000,0.000000,0.000000,0.000000,0.237584,0.043250,0.000000,0,0,0,0,0,0,0,0,0,0,0,0,0,0,0,0,0,0
15,0,39.529875,0.000000,0.000000,0.000000,0.000000,0.000000,0.000000,0.218084,0.037958,0.000000,0,0,0,0,0,0,0,0,0,0,0,0,0,0,0,0,0,0
16,0,43.350292,0.000000,0.000000,0.000000,0.000000,0.000000,0.000000,0.363667,0.033958,0.000000,0,0,0,0,0,0,0,0,0,0,0,0,0,0,0,0,0,0
17,0,43.531375,0.000000,0.000000,0.000000,0.000000,0.000000,0.000000,0.204208,0.069750,0.000000,0,0,0,0,0,0,0,0,0,0,0,0,0,0,0,0,0,0
18,0,42.691792,0.000000,0.000000,0.000000,0.000000,0.000000,0.000000,0.225875,0.042458,0.000000,0,0,0,0,0,0,0,0,0,0,0,0,0,0,0,0,0,0
19,0,42.578541,0.000000,0.000000,0.000000,0.000000,0.000000,0.000000,0.248292,0.074917,0.000000,0,0,0,0,0,0,0,0,0,0,0,0,0,0,0,0,0,0
20,0,40.739959,0.000000,0.000000,0.000000,0.000000,0.000000,0.000000,0.142250,0.027916,0.000000,0,0,0,0,0,0,0,0,0,0,0,0,0,0,0,0,0,0
21,0,43.241291,0.000000,0.000000,0.000000,0.000000,0.000000,0.000000,0.213292,0.030875,0.000000,0,0,0,0,0,0,0,0,0,0,0,0,0,0,0,0,0,0
22,0,41.657209,0.000000,0.000000,0.000000,0.000000,0.000000,0.000000,0.228500,0.039833,0.000000,0,0,0,0,0,0,0,0,0,0,0,0,0,0,0,0,0,0
23,0,43.365458,0.000000,0.000000,0.000000,0.000000,0.000000,0.000000,0.229292,0.040125,0.000000,0,0,0,0,0,0,0,0,0,0,0,0,0,0,0,0,0,0
24,0,40.436708,0.000000,0.000000,0.000000,0.000000,0.000000,0.000000,0.150042,0.027292,0.000000,0,0,0,0,0,0,0,0,0,0,0,0,0,0,0,0,0,0
25,0,40.634625,0.000000,0.000000,0.000000,0.000000,0.000000,0.000000,0.200500,0.040084,0.000000,0,0,0,0,0,0,0,0,0,0,0,0,0,0,0,0,0,0
26,0,40.840625,0.000000,0.000000,0.000000,0.000000,0.000000,0.000000,0.145292,0.066083,0.000000,0,0,0,0,0,0,0,0,0,0,0,0,0,0,0,0,0,0
27,0,35.665667,0.000000,0.000000,0.000000,0.000000,0.000000,0.000000,0.230458,0.036750,0.000000,0,0,0,0,0,0,0,0,0,0,0,0,0,0,0,0,0,0
28,0,39.340583,0.000000,0.000000,0.000000,0.000000,0.000000,0.000000,0.151292,0.108750,0.000000,0,0,0,0,0,0,0,0,0,0,0,0,0,0,0,0,0,0
29,0,43.062750,0.000000,0.000000,0.000000,0.000000,0.000000,0.000000,0.215167,0.034792,0.000000,0,0,0,0,0,0,0,0,0,0,0,0,0,0,0,0,0,0
30,0,33.905000,0.000000,0.000000,0.000000,0.000000,0.000000,0.000000,0.207542,0.034333,0.000000,0,0,0,0,0,0,0,0,0,0,0,0,0,0,0,0,0,0
31,0,42.216209,0.000000,0.000000,0.000000,0.000000,0.000000,0.000000,0.144875,0.027291,0.000000,0,0,0,0,0,0,0,0,0,0,0,0,0,0,0,0,0,0
32,0,43.249125,0.000000,0.000000,0.000000,0.000000,0.000000,0.000000,0.220416,0.035542,0.000000,0,0,0,0,0,0,0,0,0,0,0,0,0,0,0,0,0,0
33,0,40.260583,0.000000,0.000000,0.000000,0.000000,0.000000,0.000000,0.231042,0.040083,0.000000,0,0,0,0,0,0,0,0,0,0,0,0,0,0,0,0,0,0
34,0,34.486333,0.000000,0.000000,0.000000,0.000000,0.000000,0.000000,0.153750,0.026667,0.000000,0,0,0,0,0,0,0,0,0,0,0,0,0,0,0,0,0,0
35,0,35.132667,0.000000,0.000000,0.000000,0.000000,0.000000,0.000000,0.222208,0.042542,0.000000,0,0,0,0,0,0,0,0,0,0,0,0,0,0,0,0,0,0
36,0,43.239625,0.000000,0.000000,0.000000,0.000000,0.000000,0.000000,0.159292,0.093083,0.000000,0,0,0,0,0,0,0,0,0,0,0,0,0,0,0,0,0,0
37,0,33.655583,0.000000,0.000000,0.000000,0.000000,0.000000,0.000000,0.192750,0.040500,0.000000,0,0,0,0,0,0,0,0,0,0,0,0,0,0,0,0,0,0
38,0,43.040334,0.000000,0.000000,0.000000,0.000000,0.000000,0.000000,0.298458,0.037833,0.000000,0,0,0,0,0,0,0,0,0,0,0,0,0,0,0,0,0,0
39,0,34.327125,0.000000,0.000000,0.000000,0.000000,0.000000,0.000000,0.216958,0.039958,0.000000,0,0,0,0,0,0,0,0,0,0,0,0,0,0,0,0,0,0
40,0,33.579333,0.000000,0.000000,0.000000,0.000000,0.000000,0.000000,0.148625,0.029125,0.000000,0,0,0,0,0,0,0,0,0,0,0,0,0,0,0,0,0,0
41,0,35.949500,0.000000,0.000000,0.000000,0.000000,0.000000,0.000000,0.145250,0.027917,0.000000,0,0,0,0,0,0,0,0,0,0,0,0,0,0,0,0,0,0
42,0,43.256458,0.000000,0.000000,0.000000,0.000000,0.000000,0.000000,0.231750,0.045209,0.000000,0,0,0,0,0,0,0,0,0,0,0,0,0,0,0,0,0,0
43,0,38.887250,0.000000,0.000000,0.000000,0.000000,0.000000,0.000000,0.160792,0.026458,0.000000,0,0,0,0,0,0,0,0,0,0,0,0,0,0,0,0,0,0
44,0,36.287125,0.000000,0.000000,0.000000,0.000000,0.000000,0.000000,0.147959,0.029333,0.000000,0,0,0,0,0,0,0,0,0,0,0,0,0,0,0,0,0,0
45,0,43.238584,0.000000,0.000000,0.000000,0.000000,0.000000,0.000000,0.144000,0.107666,0.000000,0,0,0,0,0,0,0,0,0,0,0,0,0,0,0,0,0,0
46,0,34.589250,0.000000,0.000000,0.000000,0.000000,0.000000,0.000000,0.199000,0.037416,0.000000,0,0,0,0,0,0,0,0,0,0,0,0,0,0,0,0,0,0
47,0,36.736875,0.000000,0.000000,0.000000,0.000000,0.000000,0.000000,0.238208,0.045083,0.000000,0,0,0,0,0,0,0,0,0,0,0,0,0,0,0,0,0,0
48,0,35.857625,0.000000,0.000000,0.000000,0.000000,0.000000,0.000000,0.146791,0.024417,0.000000,0,0,0,0,0,0,0,0,0,0,0,0,0,0,0,0,0,0
49,0,34.522000,0.000000,0.000000,0.000000,0.000000,0.000000,0.000000,0.191958,0.037125,0.000000,0,0,0,0,0,0,0,0,0,0,0,0,0,0,0,0,0,0
50,0,41.594583,0.000000,0.000000,0.000000,0.000000,0.000000,0.000000,0.212167,0.038416,0.000000,0,0,0,0,0,0,0,0,0,0,0,0,0,0,0,0,0,0
51,0,42.728458,0.000000,0.000000,0.000000,0.000000,0.000000,0.000000,0.128959,0.126833,0.000000,0,0,0,0,0,0,0,0,0,0,0,0,0,0,0,0,0,0
52,0,42.450625,0.000000,0.000000,0.000000,0.000000,0.000000,0.000000,0.216709,0.037625,0.000000,0,0,0,0,0,0,0,0,0,0,0,0,0,0,0,0,0,0
53,0,40.092042,0.000000,0.000000,0.000000,0.000000,0.000000,0.000000,0.209958,0.039042,0.000000,0,0,0,0,0,0,0,0,0,0,0,0,0,0,0,0,0,0
54,0,43.375917,0.000000,0.000000,0.000000,0.000000,0.000000,0.000000,0.141458,0.026833,0.000000,0,0,0,0,0,0,0,0,0,0,0,0,0,0,0,0,0,0
55,0,41.004625,0.000000,0.000000,0.000000,0.000000,0.000000,0.000000,0.215541,0.048042,0.000000,0,0,0,0,0,0,0,0,0,0,0,0,0,0,0,0,0,0
56,0,36.152208,0.000000,0.000000,0.000000,0.000000,0.000000,0.000000,0.224333,0.037084,0.000000,0,0,0,0,0,0,0,0,0,0,0,0,0,0,0,0,0,0
57,0,35.840375,0.000000,0.000000,0.000000,0.000000,0.000000,0.000000,0.147333,0.026167,0.000000,0,0,0,0,0,0,0,0,0,0,0,0,0,0,0,0,0,0
58,0,35.933792,0.000000,0.000000,0.000000,0.000000,0.000000,0.000000,0.196791,0.027875,0.000000,0,0,0,0,0,0,0,0,0,0,0,0,0,0,0,0,0,0
59,0,34.431625,0.000000,0.000000,0.000000,0.000000,0.000000,0.000000,0.225166,0.055209,0.000000,0,0,0,0,0,0,0,0,0,0,0,0,0,0,0,0,0,0
60,0,34.788833,0.000000,0.000000,0.000000,0.000000,0.000000,0.000000,0.160083,0.030500,0.000000,0,0,0,0,0,0,0,0,0,0,0,0,0,0,0,0,0,0
61,0,41.675917,0.000000,0.000000,0.000000,0.000000,0.000000,0.000000,0.142000,0.026666,0.000000,0,0,0,0,0,0,0,0,0,0,0,0,0,0,0,0,0,0
62,0,42.385750,0.000000,0.000000,0.000000,0.000000,0.000000,0.000000,0.152416,0.028459,0.000000,0,0,0,0,0,0,0,0,0,0,0,0,0,0,0,0,0,0
63,0,33.458375,0.000000,0.000000,0.000000,0.000000,0.000000,0.000000,0.150958,0.211417,0.000000,0,0,0,0,0,0,0,0,0,0,0,0,0,0,0,0,0,0
64,0,43.469083,0.000000,0.000000,0.000000,0.000000,0.000000,0.000000,0.140417,0.025250,0.000000,0,0,0,0,0,0,0,0,0,0,0,0,0,0,0,0,0,0
65,0,36.526167,0.000000,0.000000,0.000000,0.000000,0.000000,0.000000,0.251291,0.034625,0.000000,0,0,0,0,0,0,0,0,0,0,0,0,0,0,0,0,0,0
66,0,33.839833,0.000000,0.000000,0.000000,0.000000,0.000000,0.000000,0.236417,0.038333,0.000000,0,0,0,0,0,0,0,0,0,0,0,0,0,0,0,0,0,0
67,0,39.404292,0.000000,0.000000,0.000000,0.000000,0.000000,0.000000,0.209708,0.035792,0.000000,0,0,0,0,0,0,0,0,0,0,0,0,0,0,0,0,0,0
68,0,42.869000,0.000000,0.000000,0.000000,0.000000,0.000000,0.000000,0.161625,0.026958,0.000000,0,0,0,0,0,0,0,0,0,0,0,0,0,0,0,0,0,0
69,0,38.856833,0.000000,0.000000,0.000000,0.000000,0.000000,0.000000,0.461542,0.035041,0.000000,0,0,0,0,0,0,0,0,0,0,0,0,0,0,0,0,0,0
70,0,42.358917,0.000000,0.000000,0.000000,0.000000,0.000000,0.000000,0.218333,0.037625,0.000000,0,0,0,0,0,0,0,0,0,0,0,0,0,0,0,0,0,0
71,0,42.256958,0.000000,0.000000,0.000000,0.000000,0.000000,0.000000,0.157250,0.249833,0.000000,0,0,0,0,0,0,0,0,0,0,0,0,0,0,0,0,0,0
72,0,43.131750,0.000000,0.000000,0.000000,0.000000,0.000000,0.000000,0.236708,0.036917,0.000000,0,0,0,0,0,0,0,0,0,0,0,0,0,0,0,0,0,0
73,0,40.727750,0.000000,0.000000,0.000000,0.000000,0.000000,0.000000,0.232042,0.041000,0.000000,0,0,0,0,0,0,0,0,0,0,0,0,0,0,0,0,0,0
74,0,35.247292,0.000000,0.000000,0.000000,0.000000,0.000000,0.000000,0.134875,0.028208,0.000000,0,0,0,0,0,0,0,0,0,0,0,0,0,0,0,0,0,0
75,0,33.760583,0.000000,0.000000,0.000000,0.000000,0.000000,0.000000,0.135083,0.024875,0.000000,0,0,0,0,0,0,0,0,0,0,0,0,0,0,0,0,0,0
76,0,33.614458,0.000000,0.000000,0.000000,0.000000,0.000000,0.000000,0.210167,0.033083,0.000000,0,0,0,0,0,0,0,0,0,0,0,0,0,0,0,0,0,0
77,0,43.086709,0.000000,0.000000,0.000000,0.000000,0.000000,0.000000,0.158291,0.043042,0.000000,0,0,0,0,0,0,0,0,0,0,0,0,0,0,0,0,0,0
78,0,37.092000,0.000000,0.000000,0.000000,0.000000,0.000000,0.000000,0.196000,0.036000,0.000000,0,0,0,0,0,0,0,0,0,0,0,0,0,0,0,0,0,0
79,0,33.480458,0.000000,0.000000,0.000000,0.000000,0.000000,0.000000,0.183667,0.036708,0.000000,0,0,0,0,0,0,0,0,0,0,0,0,0,0,0,0,0,0
80,0,42.986375,0.000000,0.000000,0.000000,0.000000,0.000000,0.000000,0.144458,0.028334,0.000000,0,0,0,0,0,0,0,0,0,0,0,0,0,0,0,0,0,0
81,0,42.443083,0.000000,0.000000,0.000000,0.000000,0.000000,0.000000,0.153625,0.028084,0.000000,0,0,0,0,0,0,0,0,0,0,0,0,0,0,0,0,0,0
82,0,33.887750,0.000000,0.000000,0.000000,0.000000,0.000000,0.000000,0.211750,0.037792,0.000000,0,0,0,0,0,0,0,0,0,0,0,0,0,0,0,0,0,0
83,0,43.373209,0.000000,0.000000,0.000000,0.000000,0.000000,0.000000,0.152291,0.028875,0.000000,0,0,0,0,0,0,0,0,0,0,0,0,0,0,0,0,0,0
84,0,36.549208,0.000000,0.000000,0.000000,0.000000,0.000000,0.000000,0.213750,0.037042,0.000000,0,0,0,0,0,0,0,0,0,0,0,0,0,0,0,0,0,0
85,0,35.173167,0.000000,0.000000,0.000000,0.000000,0.000000,0.000000,0.201291,0.040500,0.000000,0,0,0,0,0,0,0,0,0,0,0,0,0,0,0,0,0,0
86,0,39.300416,0.000000,0.000000,0.000000,0.000000,0.000000,0.000000,0.127667,0.025542,0.000000,0,0,0,0,0,0,0,0,0,0,0,0,0,0,0,0,0,0
87,0,35.275542,0.000000,0.000000,0.000000,0.000000,0.000000,0.000000,0.229250,0.038083,0.000000,0,0,0,0,0,0,0,0,0,0,0,0,0,0,0,0,0,0
88,0,38.324167,0.000000,0.000000,0.000000,0.000000,0.000000,0.000000,0.137250,0.044500,0.000000,0,0,0,0,0,0,0,0,0,0,0,0,0,0,0,0,0,0
89,0,35.814166,0.000000,0.000000,0.000000,0.000000,0.000000,0.000000,0.218292,0.036375,0.000000,0,0,0,0,0,0,0,0,0,0,0,0,0,0,0,0,0,0
90,0,43.230375,0.000000,0.000000,0.000000,0.000000,0.000000,0.000000,0.191125,0.027000,0.000000,0,0,0,0,0,0,0,0,0,0,0,0,0,0,0,0,0,0
91,0,33.961292,0.000000,0.000000,0.000000,0.000000,0.000000,0.000000,0.134292,0.063833,0.000000,0,0,0,0,0,0,0,0,0,0,0,0,0,0,0,0,0,0
92,0,42.556417,0.000000,0.000000,0.000000,0.000000,0.000000,0.000000,0.219916,0.035292,0.000000,0,0,0,0,0,0,0,0,0,0,0,0,0,0,0,0,0,0
93,0,38.595083,0.000000,0.000000,0.000000,0.000000,0.000000,0.000000,0.178500,0.028917,0.000000,0,0,0,0,0,0,0,0,0,0,0,0,0,0,0,0,0,0
94,0,36.823958,0.000000,0.000000,0.000000,0.000000,0.000000,0.000000,0.222042,0.035917,0.000000,0,0,0,0,0,0,0,0,0,0,0,0,0,0,0,0,0,0
95,0,36.782584,0.000000,0.000000,0.000000,0.000000,0.000000,0.000000,0.163541,0.026375,0.000000,0,0,0,0,0,0,0,0,0,0,0,0,0,0,0,0,0,0
96,0,43.276083,0.000000,0.000000,0.000000,0.000000,0.000000,0.000000,0.141500,0.026958,0.000000,0,0,0,0,0,0,0,0,0,0,0,0,0,0,0,0,0,0
97,0,36.896125,0.000000,0.000000,0.000000,0.000000,0.000000,0.000000,0.476042,0.268541,0.000000,0,0,0,0,0,0,0,0,0,0,0,0,0,0,0,0,0,0
98,0,43.882750,0.000000,0.000000,0.000000,0.000000,0.000000,0.000000,0.144375,0.026583,0.000000,0,0,0,0,0,0,0,0,0,0,0,0,0,0,0,0,0,0
99,0,36.114250,0.000000,0.000000,0.000000,0.000000,0.000000,0.000000,0.173750,0.024708,0.000000,0,0,0,0,0,0,0,0,0,0,0,0,0,0,0,0,0,0
100,0,34.999917,0.000000,0.000000,0.000000,0.000000,0.000000,0.000000,1.149125,0.026916,0.000000,0,0,0,0,0,0,0,0,0,0,0,0,0,0,0,0,0,0
101,0,40.546875,0.000000,0.000000,0.000000,0.000000,0.000000,0.000000,0.137166,0.251209,0.000000,0,0,0,0,0,0,0,0,0,0,0,0,0,0,0,0,0,0
102,0,43.510916,0.000000,0.000000,0.000000,0.000000,0.000000,0.000000,0.161750,0.231292,0.000000,0,0,0,0,0,0,0,0,0,0,0,0,0,0,0,0,0,0
103,0,36.722084,0.000000,0.000000,0.000000,0.000000,0.000000,0.000000,0.209375,0.036500,0.000000,0,0,0,0,0,0,0,0,0,0,0,0,0,0,0,0,0,0
104,0,43.243958,0.000000,0.000000,0.000000,0.000000,0.000000,0.000000,0.156458,0.154917,0.000000,0,0,0,0,0,0,0,0,0,0,0,0,0,0,0,0,0,0
105,0,36.779583,0.000000,0.000000,0.000000,0.000000,0.000000,0.000000,0.162667,0.027458,0.000000,0,0,0,0,0,0,0,0,0,0,0,0,0,0,0,0,0,0
106,0,43.253542,0.000000,0.000000,0.000000,0.000000,0.000000,0.000000,0.151625,0.027125,0.000000,0,0,0,0,0,0,0,0,0,0,0,0,0,0,0,0,0,0
107,0,38.648042,0.000000,0.000000,0.000000,0.000000,0.000000,0.000000,0.241833,0.036208,0.000000,0,0,0,0,0,0,0,0,0,0,0,0,0,0,0,0,0,0
108,0,38.515000,0.000000,0.000000,0.000000,0.000000,0.000000,0.000000,0.225166,0.046709,0.000000,0,0,0,0,0,0,0,0,0,0,0,0,0,0,0,0,0,0
109,0,41.008416,0.000000,0.000000,0.000000,0.000000,0.000000,0.000000,0.237917,0.042083,0.000000,0,0,0,0,0,0,0,0,0,0,0,0,0,0,0,0,0,0
110,0,39.019834,0.000000,0.000000,0.000000,0.000000,0.000000,0.000000,0.151666,0.059625,0.000000,0,0,0,0,0,0,0,0,0,0,0,0,0,0,0,0,0,0
111,0,38.936208,0.000000,0.000000,0.000000,0.000000,0.000000,0.000000,0.145083,0.069959,0.000000,0,0,0,0,0,0,0,0,0,0,0,0,0,0,0,0,0,0
112,0,42.565833,0.000000,0.000000,0.000000,0.000000,0.000000,0.000000,0.183959,0.026333,0.000000,0,0,0,0,0,0,0,0,0,0,0,0,0,0,0,0,0,0
113,0,41.578709,0.000000,0.000000,0.000000,0.000000,0.000000,0.000000,0.149458,0.027500,0.000000,0,0,0,0,0,0,0,0,0,0,0,0,0,0,0,0,0,0
114,0,38.642000,0.000000,0.000000,0.000000,0.000000,0.000000,0.000000,0.176750,0.149583,0.000000,0,0,0,0,0,0,0,0,0,0,0,0,0,0,0,0,0,0
115,0,36.473916,0.000000,0.000000,0.000000,0.000000,0.000000,0.000000,0.161292,0.027500,0.000000,0,0,0,0,0,0,0,0,0,0,0,0,0,0,0,0,0,0
116,0,35.569125,0.000000,0.000000,0.000000,0.000000,0.000000,0.000000,0.214209,0.034458,0.000000,0,0,0,0,0,0,0,0,0,0,0,0,0,0,0,0,0,0
117,0,43.339334,0.000000,0.000000,0.000000,0.000000,0.000000,0.000000,0.235791,0.038750,0.000000,0,0,0,0,0,0,0,0,0,0,0,0,0,0,0,0,0,0
118,0,37.391875,0.000000,0.000000,0.000000,0.000000,0.000000,0.000000,0.210625,0.042541,0.000000,0,0,0,0,0,0,0,0,0,0,0,0,0,0,0,0,0,0
119,0,37.921291,0.000000,0.000000,0.000000,0.000000,0.000000,0.000000,0.151834,0.028000,0.000000,0,0,0,0,0,0,0,0,0,0,0,0,0,0,0,0,0,0
120,0,36.336167,0.000000,0.000000,0.000000,0.000000,0.000000,0.000000,0.466458,0.204292,0.000000,0,0,0,0,0,0,0,0,0,0,0,0,0,0,0,0,0,0
121,0,41.612500,0.000000,0.000000,0.000000,0.000000,0.000000,0.000000,0.164000,0.026667,0.000000,0,0,0,0,0,0,0,0,0,0,0,0,0,0,0,0,0,0
122,0,43.350917,0.000000,0.000000,0.000000,0.000000,0.000000,0.000000,0.205125,0.216875,0.000000,0,0,0,0,0,0,0,0,0,0,0,0,0,0,0,0,0,0
123,0,43.489208,0.000000,0.000000,0.000000,0.000000,0.000000,0.000000,0.193958,0.041167,0.000000,0,0,0,0,0,0,0,0,0,0,0,0,0,0,0,0,0,0
124,0,38.952542,0.000000,0.000000,0.000000,0.000000,0.000000,0.000000,0.217875,0.034458,0.000000,0,0,0,0,0,0,0,0,0,0,0,0,0,0,0,0,0,0
125,0,34.673583,0.000000,0.000000,0.000000,0.000000,0.000000,0.000000,0.191000,0.034208,0.000000,0,0,0,0,0,0,0,0,0,0,0,0,0,0,0,0,0,0
126,0,35.447083,0.000000,0.000000,0.000000,0.000000,0.000000,0.000000,0.201834,0.035875,0.000000,0,0,0,0,0,0,0,0,0,0,0,0,0,0,0,0,0,0
127,0,36.093709,0.000000,0.000000,0.000000,0.000000,0.000000,0.000000,0.199416,0.037959,0.000000,0,0,0,0,0,0,0,0,0,0,0,0,0,0,0,0,0,0
128,0,42.587333,0.000000,0.000000,0.000000,0.000000,0.000000,0.000000,0.157417,0.235500,0.000000,0,0,0,0,0,0,0,0,0,0,0,0,0,0,0,0,0,0
129,0,43.465958,0.000000,0.000000,0.000000,0.000000,0.000000,0.000000,0.240667,0.046208,0.000000,0,0,0,0,0,0,0,0,0,0,0,0,0,0,0,0,0,0
130,0,35.746750,0.000000,0.000000,0.000000,0.000000,0.000000,0.000000,0.210250,0.038959,0.000000,0,0,0,0,0,0,0,0,0,0,0,0,0,0,0,0,0,0
131,0,40.452084,0.000000,0.000000,0.000000,0.000000,0.000000,0.000000,0.212458,0.035833,0.000000,0,0,0,0,0,0,0,0,0,0,0,0,0,0,0,0,0,0
132,0,40.119375,0.000000,0.000000,0.000000,0.000000,0.000000,0.000000,0.151625,0.027250,0.000000,0,0,0,0,0,0,0,0,0,0,0,0,0,0,0,0,0,0
133,0,34.060625,0.000000,0.000000,0.000000,0.000000,0.000000,0.000000,0.177416,0.249584,0.000000,0,0,0,0,0,0,0,0,0,0,0,0,0,0,0,0,0,0
134,0,38.917958,0.000000,0.000000,0.000000,0.000000,0.000000,0.000000,0.146458,0.069917,0.000000,0,0,0,0,0,0,0,0,0,0,0,0,0,0,0,0,0,0
135,0,33.620417,0.000000,0.000000,0.000000,0.000000,0.000000,0.000000,0.287166,0.051292,0.000000,0,0,0,0,0,0,0,0,0,0,0,0,0,0,0,0,0,0
136,0,41.008458,0.000000,0.000000,0.000000,0.000000,0.000000,0.000000,0.205792,0.035083,0.000000,0,0,0,0,0,0,0,0,0,0,0,0,0,0,0,0,0,0
137,0,34.193917,0.000000,0.000000,0.000000,0.000000,0.000000,0.000000,0.139666,0.028334,0.000000,0,0,0,0,0,0,0,0,0,0,0,0,0,0,0,0,0,0
138,0,42.222750,0.000000,0.000000,0.000000,0.000000,0.000000,0.000000,0.216916,0.037917,0.000000,0,0,0,0,0,0,0,0,0,0,0,0,0,0,0,0,0,0
139,0,43.396250,0.000000,0.000000,0.000000,0.000000,0.000000,0.000000,0.210333,0.041458,0.000000,0,0,0,0,0,0,0,0,0,0,0,0,0,0,0,0,0,0
140,0,38.797750,0.000000,0.000000,0.000000,0.000000,0.000000,0.000000,0.201291,0.034042,0.000000,0,0,0,0,0,0,0,0,0,0,0,0,0,0,0,0,0,0
141,0,34.514333,0.000000,0.000000,0.000000,0.000000,0.000000,0.000000,0.127917,0.028083,0.000000,0,0,0,0,0,0,0,0,0,0,0,0,0,0,0,0,0,0
142,0,43.229458,0.000000,0.000000,0.000000,0.000000,0.000000,0.000000,0.148875,0.025167,0.000000,0,0,0,0,0,0,0,0,0,0,0,0,0,0,0,0,0,0
143,0,43.246417,0.000000,0.000000,0.000000,0.000000,0.000000,0.000000,0.142125,0.025167,0.000000,0,0,0,0,0,0,0,0,0,0,0,0,0,0,0,0,0,0
144,0,36.819042,0.000000,0.000000,0.000000,0.000000,0.000000,0.000000,0.220291,0.035417,0.000000,0,0,0,0,0,0,0,0,0,0,0,0,0,0,0,0,0,0
145,0,42.958333,0.000000,0.000000,0.000000,0.000000,0.000000,0.000000,0.207625,0.039542,0.000000,0,0,0,0,0,0,0,0,0,0,0,0,0,0,0,0,0,0
146,0,41.596333,0.000000,0.000000,0.000000,0.000000,0.000000,0.000000,0.199792,0.040625,0.000000,0,0,0,0,0,0,0,0,0,0,0,0,0,0,0,0,0,0
147,0,41.592709,0.000000,0.000000,0.000000,0.000000,0.000000,0.000000,0.221666,0.034709,0.000000,0,0,0,0,0,0,0,0,0,0,0,0,0,0,0,0,0,0
148,0,37.250708,0.000000,0.000000,0.000000,0.000000,0.000000,0.000000,0.250167,0.035333,0.000000,0,0,0,0,0,0,0,0,0,0,0,0,0,0,0,0,0,0
149,0,43.161375,0.000000,0.000000,0.000000,0.000000,0.000000,0.000000,0.302375,0.073417,0.000000,0,0,0,0,0,0,0,0,0,0,0,0,0,0,0,0,0,0
150,0,43.446583,0.000000,0.000000,0.000000,0.000000,0.000000,0.000000,0.154209,0.025375,0.000000,0,0,0,0,0,0,0,0,0,0,0,0,0,0,0,0,0,0
151,0,43.220875,0.000000,0.000000,0.000000,0.000000,0.000000,0.000000,0.177792,0.044208,0.000000,0,0,0,0,0,0,0,0,0,0,0,0,0,0,0,0,0,0
152,0,42.177834,0.000000,0.000000,0.000000,0.000000,0.000000,0.000000,0.218875,0.039583,0.000000,0,0,0,0,0,0,0,0,0,0,0,0,0,0,0,0,0,0
153,0,43.315625,0.000000,0.000000,0.000000,0.000000,0.000000,0.000000,0.274958,0.038583,0.000000,0,0,0,0,0,0,0,0,0,0,0,0,0,0,0,0,0,0
154,0,39.504625,0.000000,0.000000,0.000000,0.000000,0.000000,0.000000,0.235375,0.047333,0.000000,0,0,0,0,0,0,0,0,0,0,0,0,0,0,0,0,0,0
155,0,41.348958,0.000000,0.000000,0.000000,0.000000,0.000000,0.000000,0.141917,0.024791,0.000000,0,0,0,0,0,0,0,0,0,0,0,0,0,0,0,0,0,0
156,0,43.239875,0.000000,0.000000,0.000000,0.000000,0.000000,0.000000,0.216833,0.039167,0.000000,0,0,0,0,0,0,0,0,0,0,0,0,0,0,0,0,0,0
157,0,33.379958,0.000000,0.000000,0.000000,0.000000,0.000000,0.000000,0.211042,0.034792,0.000000,0,0,0,0,0,0,0,0,0,0,0,0,0,0,0,0,0,0
158,0,43.345584,0.000000,0.000000,0.000000,0.000000,0.000000,0.000000,0.218708,0.034000,0.000000,0,0,0,0,0,0,0,0,0,0,0,0,0,0,0,0,0,0
159,0,38.074416,0.000000,0.000000,0.000000,0.000000,0.000000,0.000000,0.195250,0.033750,0.000000,0,0,0,0,0,0,0,0,0,0,0,0,0,0,0,0,0,0
160,0,43.168250,0.000000,0.000000,0.000000,0.000000,0.000000,0.000000,0.213542,0.037042,0.000000,0,0,0,0,0,0,0,0,0,0,0,0,0,0,0,0,0,0
161,0,43.338709,0.000000,0.000000,0.000000,0.000000,0.000000,0.000000,0.201625,0.034958,0.000000,0,0,0,0,0,0,0,0,0,0,0,0,0,0,0,0,0,0
162,0,39.418375,0.000000,0.000000,0.000000,0.000000,0.000000,0.000000,0.206333,0.034417,0.000000,0,0,0,0,0,0,0,0,0,0,0,0,0,0,0,0,0,0
163,0,38.596458,0.000000,0.000000,0.000000,0.000000,0.000000,0.000000,0.203833,0.034875,0.000000,0,0,0,0,0,0,0,0,0,0,0,0,0,0,0,0,0,0
164,0,37.838000,0.000000,0.000000,0.000000,0.000000,0.000000,0.000000,0.286458,0.035292,0.000000,0,0,0,0,0,0,0,0,0,0,0,0,0,0,0,0,0,0
165,0,33.642917,0.000000,0.000000,0.000000,0.000000,0.000000,0.000000,0.202791,0.036000,0.000000,0,0,0,0,0,0,0,0,0,0,0,0,0,0,0,0,0,0
166,0,38.748125,0.000000,0.000000,0.000000,0.000000,0.000000,0.000000,0.215583,0.036792,0.000000,0,0,0,0,0,0,0,0,0,0,0,0,0,0,0,0,0,0
167,0,33.432250,0.000000,0.000000,0.000000,0.000000,0.000000,0.000000,0.206291,0.035542,0.000000,0,0,0,0,0,0,0,0,0,0,0,0,0,0,0,0,0,0
168,0,42.682166,0.000000,0.000000,0.000000,0.000000,0.000000,0.000000,0.218834,0.040625,0.000000,0,0,0,0,0,0,0,0,0,0,0,0,0,0,0,0,0,0
169,0,35.040542,0.000000,0.000000,0.000000,0.000000,0.000000,0.000000,0.213292,0.036708,0.000000,0,0,0,0,0,0,0,0,0,0,0,0,0,0,0,0,0,0
170,0,42.131417,0.000000,0.000000,0.000000,0.000000,0.000000,0.000000,0.135500,0.026708,0.000000,0,0,0,0,0,0,0,0,0,0,0,0,0,0,0,0,0,0
171,0,39.377000,0.000000,0.000000,0.000000,0.000000,0.000000,0.000000,0.157750,0.026041,0.000000,0,0,0,0,0,0,0,0,0,0,0,0,0,0,0,0,0,0
172,0,39.705458,0.000000,0.000000,0.000000,0.000000,0.000000,0.000000,0.159458,0.042084,0.000000,0,0,0,0,0,0,0,0,0,0,0,0,0,0,0,0,0,0
173,0,43.311583,0.000000,0.000000,0.000000,0.000000,0.000000,0.000000,0.141542,0.028083,0.000000,0,0,0,0,0,0,0,0,0,0,0,0,0,0,0,0,0,0
174,0,43.229209,0.000000,0.000000,0.000000,0.000000,0.000000,0.000000,0.143000,0.028000,0.000000,0,0,0,0,0,0,0,0,0,0,0,0,0,0,0,0,0,0
175,0,43.452166,0.000000,0.000000,0.000000,0.000000,0.000000,0.000000,0.162167,0.453167,0.000000,0,0,0,0,0,0,0,0,0,0,0,0,0,0,0,0,0,0
176,0,43.714167,0.000000,0.000000,0.000000,0.000000,0.000000,0.000000,0.154917,0.026583,0.000000,0,0,0,0,0,0,0,0,0,0,0,0,0,0,0,0,0,0
177,0,38.996667,0.000000,0.000000,0.000000,0.000000,0.000000,0.000000,0.219375,0.040791,0.000000,0,0,0,0,0,0,0,0,0,0,0,0,0,0,0,0,0,0
178,0,38.690291,0.000000,0.000000,0.000000,0.000000,0.000000,0.000000,0.142959,0.284375,0.000000,0,0,0,0,0,0,0,0,0,0,0,0,0,0,0,0,0,0
179,0,33.853459,0.000000,0.000000,0.000000,0.000000,0.000000,0.000000,0.195000,0.038166,0.000000,0,0,0,0,0,0,0,0,0,0,0,0,0,0,0,0,0,0
180,0,42.124291,0.000000,0.000000,0.000000,0.000000,0.000000,0.000000,0.223834,0.030125,0.000000,0,0,0,0,0,0,0,0,0,0,0,0,0,0,0,0,0,0
181,0,38.357084,0.000000,0.000000,0.000000,0.000000,0.000000,0.000000,0.269041,0.044750,0.000000,0,0,0,0,0,0,0,0,0,0,0,0,0,0,0,0,0,0
182,0,43.460583,0.000000,0.000000,0.000000,0.000000,0.000000,0.000000,0.143708,0.028459,0.000000,0,0,0,0,0,0,0,0,0,0,0,0,0,0,0,0,0,0
183,0,41.406167,0.000000,0.000000,0.000000,0.000000,0.000000,0.000000,0.207166,0.046667,0.000000,0,0,0,0,0,0,0,0,0,0,0,0,0,0,0,0,0,0
184,0,43.386708,0.000000,0.000000,0.000000,0.000000,0.000000,0.000000,0.136000,0.026833,0.000000,0,0,0,0,0,0,0,0,0,0,0,0,0,0,0,0,0,0
185,0,37.394292,0.000000,0.000000,0.000000,0.000000,0.000000,0.000000,0.181916,0.028750,0.000000,0,0,0,0,0,0,0,0,0,0,0,0,0,0,0,0,0,0
186,0,43.267208,0.000000,0.000000,0.000000,0.000000,0.000000,0.000000,0.143625,0.025292,0.000000,0,0,0,0,0,0,0,0,0,0,0,0,0,0,0,0,0,0
187,0,43.277667,0.000000,0.000000,0.000000,0.000000,0.000000,0.000000,0.161541,0.203542,0.000000,0,0,0,0,0,0,0,0,0,0,0,0,0,0,0,0,0,0
188,0,37.326166,0.000000,0.000000,0.000000,0.000000,0.000000,0.000000,0.233834,0.437625,0.000000,0,0,0,0,0,0,0,0,0,0,0,0,0,0,0,0,0,0
189,0,34.087500,0.000000,0.000000,0.000000,0.000000,0.000000,0.000000,0.255084,0.036458,0.000000,0,0,0,0,0,0,0,0,0,0,0,0,0,0,0,0,0,0
190,0,38.563584,0.000000,0.000000,0.000000,0.000000,0.000000,0.000000,0.157250,0.182750,0.000000,0,0,0,0,0,0,0,0,0,0,0,0,0,0,0,0,0,0
191,0,37.331875,0.000000,0.000000,0.000000,0.000000,0.000000,0.000000,0.160291,0.026959,0.000000,0,0,0,0,0,0,0,0,0,0,0,0,0,0,0,0,0,0
192,0,35.033708,0.000000,0.000000,0.000000,0.000000,0.000000,0.000000,0.396625,0.074708,0.000000,0,0,0,0,0,0,0,0,0,0,0,0,0,0,0,0,0,0
193,0,43.537417,0.000000,0.000000,0.000000,0.000000,0.000000,0.000000,0.150875,0.026958,0.000000,0,0,0,0,0,0,0,0,0,0,0,0,0,0,0,0,0,0
194,0,43.330458,0.000000,0.000000,0.000000,0.000000,0.000000,0.000000,0.203208,0.048042,0.000000,0,0,0,0,0,0,0,0,0,0,0,0,0,0,0,0,0,0
195,0,39.362417,0.000000,0.000000,0.000000,0.000000,0.000000,0.000000,0.216833,0.034958,0.000000,0,0,0,0,0,0,0,0,0,0,0,0,0,0,0,0,0,0
196,0,38.155708,0.000000,0.000000,0.000000,0.000000,0.000000,0.000000,0.210042,0.038916,0.000000,0,0,0,0,0,0,0,0,0,0,0,0,0,0,0,0,0,0
197,0,38.776083,0.000000,0.000000,0.000000,0.000000,0.000000,0.000000,0.151000,0.153042,0.000000,0,0,0,0,0,0,0,0,0,0,0,0,0,0,0,0,0,0
198,0,34.836542,0.000000,0.000000,0.000000,0.000000,0.000000,0.000000,0.151917,0.028083,0.000000,0,0,0,0,0,0,0,0,0,0,0,0,0,0,0,0,0,0
199,0,42.324000,0.000000,0.000000,0.000000,0.000000,0.000000,0.000000,0.215667,0.038125,0.000000,0,0,0,0,0,0,0,0,0,0,0,0,0,0,0,0,0,0
200,0,43.347167,0.000000,0.000000,0.000000,0.000000,0.000000,0.000000,0.151416,0.230542,0.000000,0,0,0,0,0,0,0,0,0,0,0,0,0,0,0,0,0,0
201,0,43.473000,0.000000,0.000000,0.000000,0.000000,0.000000,0.000000,0.144833,0.193542,0.000000,0,0,0,0,0,0,0,0,0,0,0,0,0,0,0,0,0,0
202,0,41.425583,0.000000,0.000000,0.000000,0.000000,0.000000,0.000000,0.146250,0.029208,0.000000,0,0,0,0,0,0,0,0,0,0,0,0,0,0,0,0,0,0
203,0,37.671417,0.000000,0.000000,0.000000,0.000000,0.000000,0.000000,0.207500,0.038041,0.000000,0,0,0,0,0,0,0,0,0,0,0,0,0,0,0,0,0,0
204,0,43.325416,0.000000,0.000000,0.000000,0.000000,0.000000,0.000000,0.143084,0.023250,0.000000,0,0,0,0,0,0,0,0,0,0,0,0,0,0,0,0,0,0
205,0,38.360709,0.000000,0.000000,0.000000,0.000000,0.000000,0.000000,0.201625,0.036666,0.000000,0,0,0,0,0,0,0,0,0,0,0,0,0,0,0,0,0,0
206,0,44.908625,0.000000,0.000000,0.000000,0.000000,0.000000,0.000000,0.154083,0.028417,0.000000,0,0,0,0,0,0,0,0,0,0,0,0,0,0,0,0,0,0
207,0,37.544125,0.000000,0.000000,0.000000,0.000000,0.000000,0.000000,0.206458,0.034625,0.000000,0,0,0,0,0,0,0,0,0,0,0,0,0,0,0,0,0,0
208,0,46.639625,0.000000,0.000000,0.000000,0.000000,0.000000,0.000000,0.212666,0.033625,0.000000,0,0,0,0,0,0,0,0,0,0,0,0,0,0,0,0,0,0
209,0,36.814291,0.000000,0.000000,0.000000,0.000000,0.000000,0.000000,0.201292,0.218750,0.000000,0,0,0,0,0,0,0,0,0,0,0,0,0,0,0,0,0,0
210,0,41.152834,0.000000,0.000000,0.000000,0.000000,0.000000,0.000000,1.224666,0.259042,0.000000,0,0,0,0,0,0,0,0,0,0,0,0,0,0,0,0,0,0
211,0,34.746708,0.000000,0.000000,0.000000,0.000000,0.000000,0.000000,0.429542,0.074875,0.000000,0,0,0,0,0,0,0,0,0,0,0,0,0,0,0,0,0,0
212,0,43.636708,0.000000,0.000000,0.000000,0.000000,0.000000,0.000000,0.142334,0.026583,0.000000,0,0,0,0,0,0,0,0,0,0,0,0,0,0,0,0,0,0
213,0,43.418334,0.000000,0.000000,0.000000,0.000000,0.000000,0.000000,0.169250,0.030666,0.000000,0,0,0,0,0,0,0,0,0,0,0,0,0,0,0,0,0,0
214,0,38.568625,0.000000,0.000000,0.000000,0.000000,0.000000,0.000000,0.216458,0.035000,0.000000,0,0,0,0,0,0,0,0,0,0,0,0,0,0,0,0,0,0
215,0,43.379250,0.000000,0.000000,0.000000,0.000000,0.000000,0.000000,0.148041,0.026917,0.000000,0,0,0,0,0,0,0,0,0,0,0,0,0,0,0,0,0,0
216,0,39.912833,0.000000,0.000000,0.000000,0.000000,0.000000,0.000000,0.176333,0.029917,0.000000,0,0,0,0,0,0,0,0,0,0,0,0,0,0,0,0,0,0
217,0,34.956750,0.000000,0.000000,0.000000,0.000000,0.000000,0.000000,0.170208,0.026667,0.000000,0,0,0,0,0,0,0,0,0,0,0,0,0,0,0,0,0,0
218,0,36.448042,0.000000,0.000000,0.000000,0.000000,0.000000,0.000000,0.148458,0.056125,0.000000,0,0,0,0,0,0,0,0,0,0,0,0,0,0,0,0,0,0
219,0,37.383875,0.000000,0.000000,0.000000,0.000000,0.000000,0.000000,0.147125,0.028791,0.000000,0,0,0,0,0,0,0,0,0,0,0,0,0,0,0,0,0,0
220,0,43.282250,0.000000,0.000000,0.000000,0.000000,0.000000,0.000000,0.136750,0.026791,0.000000,0,0,0,0,0,0,0,0,0,0,0,0,0,0,0,0,0,0
221,0,39.249208,0.000000,0.000000,0.000000,0.000000,0.000000,0.000000,0.151583,0.277959,0.000000,0,0,0,0,0,0,0,0,0,0,0,0,0,0,0,0,0,0
222,0,35.013500,0.000000,0.000000,0.000000,0.000000,0.000000,0.000000,0.165875,0.030500,0.000000,0,0,0,0,0,0,0,0,0,0,0,0,0,0,0,0,0,0
223,0,43.305000,0.000000,0.000000,0.000000,0.000000,0.000000,0.000000,0.140750,0.028042,0.000000,0,0,0,0,0,0,0,0,0,0,0,0,0,0,0,0,0,0
224,0,34.114167,0.000000,0.000000,0.000000,0.000000,0.000000,0.000000,0.244000,0.038791,0.000000,0,0,0,0,0,0,0,0,0,0,0,0,0,0,0,0,0,0
225,0,34.886833,0.000000,0.000000,0.000000,0.000000,0.000000,0.000000,0.146917,0.038333,0.000000,0,0,0,0,0,0,0,0,0,0,0,0,0,0,0,0,0,0
226,0,35.037375,0.000000,0.000000,0.000000,0.000000,0.000000,0.000000,0.187833,0.036875,0.000000,0,0,0,0,0,0,0,0,0,0,0,0,0,0,0,0,0,0
227,0,38.608208,0.000000,0.000000,0.000000,0.000000,0.000000,0.000000,0.141084,0.026291,0.000000,0,0,0,0,0,0,0,0,0,0,0,0,0,0,0,0,0,0
228,0,43.274792,0.000000,0.000000,0.000000,0.000000,0.000000,0.000000,0.148958,0.064209,0.000000,0,0,0,0,0,0,0,0,0,0,0,0,0,0,0,0,0,0
229,0,34.972875,0.000000,0.000000,0.000000,0.000000,0.000000,0.000000,0.205500,0.038167,0.000000,0,0,0,0,0,0,0,0,0,0,0,0,0,0,0,0,0,0
230,0,42.273583,0.000000,0.000000,0.000000,0.000000,0.000000,0.000000,0.150459,0.026833,0.000000,0,0,0,0,0,0,0,0,0,0,0,0,0,0,0,0,0,0
231,0,43.249917,0.000000,0.000000,0.000000,0.000000,0.000000,0.000000,0.199042,0.034416,0.000000,0,0,0,0,0,0,0,0,0,0,0,0,0,0,0,0,0,0
232,0,40.107792,0.000000,0.000000,0.000000,0.000000,0.000000,0.000000,1.096416,0.044542,0.000000,0,0,0,0,0,0,0,0,0,0,0,0,0,0,0,0,0,0
233,0,38.899416,0.000000,0.000000,0.000000,0.000000,0.000000,0.000000,0.209125,0.034584,0.000000,0,0,0,0,0,0,0,0,0,0,0,0,0,0,0,0,0,0
234,0,39.600292,0.000000,0.000000,0.000000,0.000000,0.000000,0.000000,0.159708,0.028250,0.000000,0,0,0,0,0,0,0,0,0,0,0,0,0,0,0,0,0,0
235,0,35.362458,0.000000,0.000000,0.000000,0.000000,0.000000,0.000000,0.315500,0.040459,0.000000,0,0,0,0,0,0,0,0,0,0,0,0,0,0,0,0,0,0
236,0,37.114542,0.000000,0.000000,0.000000,0.000000,0.000000,0.000000,0.144708,0.024125,0.000000,0,0,0,0,0,0,0,0,0,0,0,0,0,0,0,0,0,0
237,0,34.183708,0.000000,0.000000,0.000000,0.000000,0.000000,0.000000,0.217125,0.042917,0.000000,0,0,0,0,0,0,0,0,0,0,0,0,0,0,0,0,0,0
238,0,38.241584,0.000000,0.000000,0.000000,0.000000,0.000000,0.000000,0.135125,0.189583,0.000000,0,0,0,0,0,0,0,0,0,0,0,0,0,0,0,0,0,0
239,0,42.124708,0.000000,0.000000,0.000000,0.000000,0.000000,0.000000,0.175083,0.099917,0.000000,0,0,0,0,0,0,0,0,0,0,0,0,0,0,0,0,0,0
240,0,40.660250,0.000000,0.000000,0.000000,0.000000,0.000000,0.000000,0.159667,0.425125,0.000000,0,0,0,0,0,0,0,0,0,0,0,0,0,0,0,0,0,0
241,0,38.863833,0.000000,0.000000,0.000000,0.000000,0.000000,0.000000,0.262459,0.137500,0.000000,0,0,0,0,0,0,0,0,0,0,0,0,0,0,0,0,0,0
242,0,40.941417,0.000000,0.000000,0.000000,0.000000,0.000000,0.000000,0.154708,0.206334,0.000000,0,0,0,0,0,0,0,0,0,0,0,0,0,0,0,0,0,0
243,0,43.840167,0.000000,0.000000,0.000000,0.000000,0.000000,0.000000,0.154291,0.029375,0.000000,0,0,0,0,0,0,0,0,0,0,0,0,0,0,0,0,0,0
244,0,38.962500,0.000000,0.000000,0.000000,0.000000,0.000000,0.000000,0.223958,0.032208,0.000000,0,0,0,0,0,0,0,0,0,0,0,0,0,0,0,0,0,0
245,0,37.435791,0.000000,0.000000,0.000000,0.000000,0.000000,0.000000,0.153542,0.295417,0.000000,0,0,0,0,0,0,0,0,0,0,0,0,0,0,0,0,0,0
246,0,34.577459,0.000000,0.000000,0.000000,0.000000,0.000000,0.000000,0.127875,0.023250,0.000000,0,0,0,0,0,0,0,0,0,0,0,0,0,0,0,0,0,0
247,0,34.359833,0.000000,0.000000,0.000000,0.000000,0.000000,0.000000,0.269042,0.043750,0.000000,0,0,0,0,0,0,0,0,0,0,0,0,0,0,0,0,0,0
248,0,40.854083,0.000000,0.000000,0.000000,0.000000,0.000000,0.000000,0.208792,0.040167,0.000000,0,0,0,0,0,0,0,0,0,0,0,0,0,0,0,0,0,0
249,0,40.303209,0.000000,0.000000,0.000000,0.000000,0.000000,0.000000,0.163083,0.042083,0.000000,0,0,0,0,0,0,0,0,0,0,0,0,0,0,0,0,0,0
250,0,38.876458,0.000000,0.000000,0.000000,0.000000,0.000000,0.000000,0.246667,0.065083,0.000000,0,0,0,0,0,0,0,0,0,0,0,0,0,0,0,0,0,0
251,0,35.893042,0.000000,0.000000,0.000000,0.000000,0.000000,0.000000,0.269125,0.068583,0.000000,0,0,0,0,0,0,0,0,0,0,0,0,0,0,0,0,0,0
252,0,44.446458,0.000000,0.000000,0.000000,0.000000,0.000000,0.000000,0.151042,0.027000,0.000000,0,0,0,0,0,0,0,0,0,0,0,0,0,0,0,0,0,0
253,0,38.816542,0.000000,0.000000,0.000000,0.000000,0.000000,0.000000,0.168250,0.031625,0.000000,0,0,0,0,0,0,0,0,0,0,0,0,0,0,0,0,0,0
254,0,43.269458,0.000000,0.000000,0.000000,0.000000,0.000000,0.000000,0.189917,0.035750,0.000000,0,0,0,0,0,0,0,0,0,0,0,0,0,0,0,0,0,0
255,0,42.510417,0.000000,0.000000,0.000000,0.000000,0.000000,0.000000,0.148583,0.024750,0.000000,0,0,0,0,0,0,0,0,0,0,0,0,0,0,0,0,0,0
256,0,35.213208,0.000000,0.000000,0.000000,0.000000,0.000000,0.000000,0.207958,0.037917,0.000000,0,0,0,0,0,0,0,0,0,0,0,0,0,0,0,0,0,0
257,0,33.841125,0.000000,0.000000,0.000000,0.000000,0.000000,0.000000,0.207292,0.040291,0.000000,0,0,0,0,0,0,0,0,0,0,0,0,0,0,0,0,0,0
258,0,39.997125,0.000000,0.000000,0.000000,0.000000,0.000000,0.000000,0.220958,0.046042,0.000000,0,0,0,0,0,0,0,0,0,0,0,0,0,0,0,0,0,0
259,0,44.485542,0.000000,0.000000,0.000000,0.000000,0.000000,0.000000,0.184541,0.038917,0.000000,0,0,0,0,0,0,0,0,0,0,0,0,0,0,0,0,0,0
260,0,44.781750,0.000000,0.000000,0.000000,0.000000,0.000000,0.000000,0.149083,0.026458,0.000000,0,0,0,0,0,0,0,0,0,0,0,0,0,0,0,0,0,0
261,0,36.700375,0.000000,0.000000,0.000000,0.000000,0.000000,0.000000,0.174208,0.038833,0.000000,0,0,0,0,0,0,0,0,0,0,0,0,0,0,0,0,0,0
262,0,33.724708,0.000000,0.000000,0.000000,0.000000,0.000000,0.000000,0.139458,0.024417,0.000000,0,0,0,0,0,0,0,0,0,0,0,0,0,0,0,0,0,0
263,0,43.274583,0.000000,0.000000,0.000000,0.000000,0.000000,0.000000,0.125375,0.022042,0.000000,0,0,0,0,0,0,0,0,0,0,0,0,0,0,0,0,0,0
264,0,53.035584,0.000000,0.000000,0.000000,0.000000,0.000000,0.000000,0.147708,0.199167,0.000000,0,0,0,0,0,0,0,0,0,0,0,0,0,0,0,0,0,0
265,0,44.112958,0.000000,0.000000,0.000000,0.000000,0.000000,0.000000,0.286833,0.041500,0.000000,0,0,0,0,0,0,0,0,0,0,0,0,0,0,0,0,0,0
266,0,45.300500,0.000000,0.000000,0.000000,0.000000,0.000000,0.000000,0.222542,0.056208,0.000000,0,0,0,0,0,0,0,0,0,0,0,0,0,0,0,0,0,0
267,0,33.775167,0.000000,0.000000,0.000000,0.000000,0.000000,0.000000,0.140125,0.024250,0.000000,0,0,0,0,0,0,0,0,0,0,0,0,0,0,0,0,0,0
268,0,43.227708,0.000000,0.000000,0.000000,0.000000,0.000000,0.000000,0.147625,0.238875,0.000000,0,0,0,0,0,0,0,0,0,0,0,0,0,0,0,0,0,0
269,0,43.458125,0.000000,0.000000,0.000000,0.000000,0.000000,0.000000,0.197667,0.034000,0.000000,0,0,0,0,0,0,0,0,0,0,0,0,0,0,0,0,0,0
270,0,36.943083,0.000000,0.000000,0.000000,0.000000,0.000000,0.000000,0.141042,0.027208,0.000000,0,0,0,0,0,0,0,0,0,0,0,0,0,0,0,0,0,0
271,0,43.400292,0.000000,0.000000,0.000000,0.000000,0.000000,0.000000,0.184000,0.049750,0.000000,0,0,0,0,0,0,0,0,0,0,0,0,0,0,0,0,0,0
272,0,35.159375,0.000000,0.000000,0.000000,0.000000,0.000000,0.000000,0.128167,0.023958,0.000000,0,0,0,0,0,0,0,0,0,0,0,0,0,0,0,0,0,0
273,0,37.619917,0.000000,0.000000,0.000000,0.000000,0.000000,0.000000,0.141208,0.029458,0.000000,0,0,0,0,0,0,0,0,0,0,0,0,0,0,0,0,0,0
274,0,43.241416,0.000000,0.000000,0.000000,0.000000,0.000000,0.000000,0.207459,0.033708,0.000000,0,0,0,0,0,0,0,0,0,0,0,0,0,0,0,0,0,0
275,0,42.984875,0.000000,0.000000,0.000000,0.000000,0.000000,0.000000,0.196542,0.033708,0.000000,0,0,0,0,0,0,0,0,0,0,0,0,0,0,0,0,0,0
276,0,43.357750,0.000000,0.000000,0.000000,0.000000,0.000000,0.000000,0.137250,0.246334,0.000000,0,0,0,0,0,0,0,0,0,0,0,0,0,0,0,0,0,0
277,0,43.463209,0.000000,0.000000,0.000000,0.000000,0.000000,0.000000,0.217416,0.035834,0.000000,0,0,0,0,0,0,0,0,0,0,0,0,0,0,0,0,0,0
278,0,37.682041,0.000000,0.000000,0.000000,0.000000,0.000000,0.000000,0.143834,0.026458,0.000000,0,0,0,0,0,0,0,0,0,0,0,0,0,0,0,0,0,0
279,0,43.251750,0.000000,0.000000,0.000000,0.000000,0.000000,0.000000,0.217542,0.031417,0.000000,0,0,0,0,0,0,0,0,0,0,0,0,0,0,0,0,0,0
280,0,33.807709,0.000000,0.000000,0.000000,0.000000,0.000000,0.000000,0.195416,0.035292,0.000000,0,0,0,0,0,0,0,0,0,0,0,0,0,0,0,0,0,0
281,0,43.319958,0.000000,0.000000,0.000000,0.000000,0.000000,0.000000,0.204583,0.036625,0.000000,0,0,0,0,0,0,0,0,0,0,0,0,0,0,0,0,0,0
282,0,41.636208,0.000000,0.000000,0.000000,0.000000,0.000000,0.000000,0.227500,0.041959,0.000000,0,0,0,0,0,0,0,0,0,0,0,0,0,0,0,0,0,0
283,0,41.128167,0.000000,0.000000,0.000000,0.000000,0.000000,0.000000,0.228833,0.046250,0.000000,0,0,0,0,0,0,0,0,0,0,0,0,0,0,0,0,0,0
284,0,43.108333,0.000000,0.000000,0.000000,0.000000,0.000000,0.000000,0.221625,0.034959,0.000000,0,0,0,0,0,0,0,0,0,0,0,0,0,0,0,0,0,0
285,0,37.753250,0.000000,0.000000,0.000000,0.000000,0.000000,0.000000,0.215500,0.038250,0.000000,0,0,0,0,0,0,0,0,0,0,0,0,0,0,0,0,0,0
286,0,43.388542,0.000000,0.000000,0.000000,0.000000,0.000000,0.000000,0.155375,0.029250,0.000000,0,0,0,0,0,0,0,0,0,0,0,0,0,0,0,0,0,0
287,0,39.334708,0.000000,0.000000,0.000000,0.000000,0.000000,0.000000,0.240125,0.041917,0.000000,0,0,0,0,0,0,0,0,0,0,0,0,0,0,0,0,0,0
288,0,35.290959,0.000000,0.000000,0.000000,0.000000,0.000000,0.000000,0.190083,0.033250,0.000000,0,0,0,0,0,0,0,0,0,0,0,0,0,0,0,0,0,0
289,0,41.069041,0.000000,0.000000,0.000000,0.000000,0.000000,0.000000,0.409875,0.029792,0.000000,0,0,0,0,0,0,0,0,0,0,0,0,0,0,0,0,0,0
290,0,34.158959,0.000000,0.000000,0.000000,0.000000,0.000000,0.000000,0.208416,0.040875,0.000000,0,0,0,0,0,0,0,0,0,0,0,0,0,0,0,0,0,0
291,0,40.658083,0.000000,0.000000,0.000000,0.000000,0.000000,0.000000,0.140875,0.027917,0.000000,0,0,0,0,0,0,0,0,0,0,0,0,0,0,0,0,0,0
292,0,42.889417,0.000000,0.000000,0.000000,0.000000,0.000000,0.000000,0.145916,0.023625,0.000000,0,0,0,0,0,0,0,0,0,0,0,0,0,0,0,0,0,0
293,0,35.486250,0.000000,0.000000,0.000000,0.000000,0.000000,0.000000,0.144375,0.025833,0.000000,0,0,0,0,0,0,0,0,0,0,0,0,0,0,0,0,0,0
294,0,43.246166,0.000000,0.000000,0.000000,0.000000,0.000000,0.000000,0.215417,0.040208,0.000000,0,0,0,0,0,0,0,0,0,0,0,0,0,0,0,0,0,0
295,0,39.591375,0.000000,0.000000,0.000000,0.000000,0.000000,0.000000,0.142334,0.024083,0.000000,0,0,0,0,0,0,0,0,0,0,0,0,0,0,0,0,0,0
296,0,37.151459,0.000000,0.000000,0.000000,0.000000,0.000000,0.000000,0.296083,0.026792,0.000000,0,0,0,0,0,0,0,0,0,0,0,0,0,0,0,0,0,0
297,0,34.987250,0.000000,0.000000,0.000000,0.000000,0.000000,0.000000,0.161250,0.106791,0.000000,0,0,0,0,0,0,0,0,0,0,0,0,0,0,0,0,0,0
298,0,43.576333,0.000000,0.000000,0.000000,0.000000,0.000000,0.000000,0.142292,0.024541,0.000000,0,0,0,0,0,0,0,0,0,0,0,0,0,0,0,0,0,0
299,0,37.230875,0.000000,0.000000,0.000000,0.000000,0.000000,0.000000,0.177208,0.038542,0.000000,0,0,0,0,0,0,0,0,0,0,0,0,0,0,0,0,0,0
300,0,43.514042,0.000000,0.000000,0.000000,0.000000,0.000000,0.000000,0.195333,0.028417,0.000000,0,0,0,0,0,0,0,0,0,0,0,0,0,0,0,0,0,0
301,0,33.595166,0.000000,0.000000,0.000000,0.000000,0.000000,0.000000,0.152417,0.040167,0.000000,0,0,0,0,0,0,0,0,0,0,0,0,0,0,0,0,0,0
302,0,34.833667,0.000000,0.000000,0.000000,0.000000,0.000000,0.000000,0.221667,0.037125,0.000000,0,0,0,0,0,0,0,0,0,0,0,0,0,0,0,0,0,0
303,0,42.298917,0.000000,0.000000,0.000000,0.000000,0.000000,0.000000,0.138000,0.029583,0.000000,0,0,0,0,0,0,0,0,0,0,0,0,0,0,0,0,0,0
304,0,34.978833,0.000000,0.000000,0.000000,0.000000,0.000000,0.000000,0.142542,0.209833,0.000000,0,0,0,0,0,0,0,0,0,0,0,0,0,0,0,0,0,0
305,0,39.958458,0.000000,0.000000,0.000000,0.000000,0.000000,0.000000,0.143584,0.024833,0.000000,0,0,0,0,0,0,0,0,0,0,0,0,0,0,0,0,0,0
306,0,44.262334,0.000000,0.000000,0.000000,0.000000,0.000000,0.000000,0.138458,0.027083,0.000000,0,0,0,0,0,0,0,0,0,0,0,0,0,0,0,0,0,0
307,0,43.239416,0.000000,0.000000,0.000000,0.000000,0.000000,0.000000,0.203084,0.034500,0.000000,0,0,0,0,0,0,0,0,0,0,0,0,0,0,0,0,0,0
308,0,43.200375,0.000000,0.000000,0.000000,0.000000,0.000000,0.000000,0.252084,0.042500,0.000000,0,0,0,0,0,0,0,0,0,0,0,0,0,0,0,0,0,0
309,0,41.897375,0.000000,0.000000,0.000000,0.000000,0.000000,0.000000,0.149750,0.344167,0.000000,0,0,0,0,0,0,0,0,0,0,0,0,0,0,0,0,0,0
310,0,40.467959,0.000000,0.000000,0.000000,0.000000,0.000000,0.000000,0.195916,0.033292,0.000000,0,0,0,0,0,0,0,0,0,0,0,0,0,0,0,0,0,0
311,0,43.237041,0.000000,0.000000,0.000000,0.000000,0.000000,0.000000,0.220125,0.024792,0.000000,0,0,0,0,0,0,0,0,0,0,0,0,0,0,0,0,0,0
312,0,43.319834,0.000000,0.000000,0.000000,0.000000,0.000000,0.000000,0.220666,0.040167,0.000000,0,0,0,0,0,0,0,0,0,0,0,0,0,0,0,0,0,0
313,0,38.642416,0.000000,0.000000,0.000000,0.000000,0.000000,0.000000,0.203209,0.033583,0.000000,0,0,0,0,0,0,0,0,0,0,0,0,0,0,0,0,0,0
314,0,42.894917,0.000000,0.000000,0.000000,0.000000,0.000000,0.000000,0.145000,0.026500,0.000000,0,0,0,0,0,0,0,0,0,0,0,0,0,0,0,0,0,0
315,0,33.844250,0.000000,0.000000,0.000000,0.000000,0.000000,0.000000,0.221792,0.132375,0.000000,0,0,0,0,0,0,0,0,0,0,0,0,0,0,0,0,0,0
316,0,43.445958,0.000000,0.000000,0.000000,0.000000,0.000000,0.000000,1.747334,0.025916,0.000000,0,0,0,0,0,0,0,0,0,0,0,0,0,0,0,0,0,0
317,0,36.556042,0.000000,0.000000,0.000000,0.000000,0.000000,0.000000,0.293500,0.037875,0.000000,0,0,0,0,0,0,0,0,0,0,0,0,0,0,0,0,0,0
318,0,37.104500,0.000000,0.000000,0.000000,0.000000,0.000000,0.000000,0.201292,0.035208,0.000000,0,0,0,0,0,0,0,0,0,0,0,0,0,0,0,0,0,0
319,0,34.551208,0.000000,0.000000,0.000000,0.000000,0.000000,0.000000,0.206209,0.034875,0.000000,0,0,0,0,0,0,0,0,0,0,0,0,0,0,0,0,0,0
320,0,34.605250,0.000000,0.000000,0.000000,0.000000,0.000000,0.000000,0.189750,0.033209,0.000000,0,0,0,0,0,0,0,0,0,0,0,0,0,0,0,0,0,0
321,0,36.524625,0.000000,0.000000,0.000000,0.000000,0.000000,0.000000,0.185125,0.032834,0.000000,0,0,0,0,0,0,0,0,0,0,0,0,0,0,0,0,0,0
322,0,37.891292,0.000000,0.000000,0.000000,0.000000,0.000000,0.000000,0.200833,0.036209,0.000000,0,0,0,0,0,0,0,0,0,0,0,0,0,0,0,0,0,0
323,0,40.210292,0.000000,0.000000,0.000000,0.000000,0.000000,0.000000,0.201333,0.034250,0.000000,0,0,0,0,0,0,0,0,0,0,0,0,0,0,0,0,0,0
324,0,39.567708,0.000000,0.000000,0.000000,0.000000,0.000000,0.000000,0.215625,0.035500,0.000000,0,0,0,0,0,0,0,0,0,0,0,0,0,0,0,0,0,0
325,0,43.341208,0.000000,0.000000,0.000000,0.000000,0.000000,0.000000,0.235500,0.040959,0.000000,0,0,0,0,0,0,0,0,0,0,0,0,0,0,0,0,0,0
326,0,37.761792,0.000000,0.000000,0.000000,0.000000,0.000000,0.000000,0.175333,0.030625,0.000000,0,0,0,0,0,0,0,0,0,0,0,0,0,0,0,0,0,0
327,0,36.155583,0.000000,0.000000,0.000000,0.000000,0.000000,0.000000,0.181750,0.031875,0.000000,0,0,0,0,0,0,0,0,0,0,0,0,0,0,0,0,0,0
328,0,34.445667,0.000000,0.000000,0.000000,0.000000,0.000000,0.000000,0.189917,0.033583,0.000000,0,0,0,0,0,0,0,0,0,0,0,0,0,0,0,0,0,0
329,0,40.887250,0.000000,0.000000,0.000000,0.000000,0.000000,0.000000,0.153042,0.029625,0.000000,0,0,0,0,0,0,0,0,0,0,0,0,0,0,0,0,0,0
330,0,34.381667,0.000000,0.000000,0.000000,0.000000,0.000000,0.000000,0.225291,0.038792,0.000000,0,0,0,0,0,0,0,0,0,0,0,0,0,0,0,0,0,0
331,0,43.349250,0.000000,0.000000,0.000000,0.000000,0.000000,0.000000,0.241333,0.041375,0.000000,0,0,0,0,0,0,0,0,0,0,0,0,0,0,0,0,0,0
332,0,35.713166,0.000000,0.000000,0.000000,0.000000,0.000000,0.000000,0.211042,0.040625,0.000000,0,0,0,0,0,0,0,0,0,0,0,0,0,0,0,0,0,0
333,0,35.388584,0.000000,0.000000,0.000000,0.000000,0.000000,0.000000,0.199833,0.039083,0.000000,0,0,0,0,0,0,0,0,0,0,0,0,0,0,0,0,0,0
334,0,42.881500,0.000000,0.000000,0.000000,0.000000,0.000000,0.000000,0.197583,0.037542,0.000000,0,0,0,0,0,0,0,0,0,0,0,0,0,0,0,0,0,0
335,0,43.329041,0.000000,0.000000,0.000000,0.000000,0.000000,0.000000,0.152125,0.056334,0.000000,0,0,0,0,0,0,0,0,0,0,0,0,0,0,0,0,0,0
336,0,41.937875,0.000000,0.000000,0.000000,0.000000,0.000000,0.000000,0.194375,0.074709,0.000000,0,0,0,0,0,0,0,0,0,0,0,0,0,0,0,0,0,0
337,0,38.653042,0.000000,0.000000,0.000000,0.000000,0.000000,0.000000,0.221292,0.028625,0.000000,0,0,0,0,0,0,0,0,0,0,0,0,0,0,0,0,0,0
338,0,42.052958,0.000000,0.000000,0.000000,0.000000,0.000000,0.000000,0.224834,0.038166,0.000000,0,0,0,0,0,0,0,0,0,0,0,0,0,0,0,0,0,0
339,0,43.439959,0.000000,0.000000,0.000000,0.000000,0.000000,0.000000,0.142416,0.027292,0.000000,0,0,0,0,0,0,0,0,0,0,0,0,0,0,0,0,0,0
340,0,35.871125,0.000000,0.000000,0.000000,0.000000,0.000000,0.000000,0.236208,0.039125,0.000000,0,0,0,0,0,0,0,0,0,0,0,0,0,0,0,0,0,0
341,0,37.146583,0.000000,0.000000,0.000000,0.000000,0.000000,0.000000,0.453125,0.041417,0.000000,0,0,0,0,0,0,0,0,0,0,0,0,0,0,0,0,0,0
342,0,44.188125,0.000000,0.000000,0.000000,0.000000,0.000000,0.000000,0.142667,0.133083,0.000000,0,0,0,0,0,0,0,0,0,0,0,0,0,0,0,0,0,0
343,0,43.349583,0.000000,0.000000,0.000000,0.000000,0.000000,0.000000,0.147959,0.025708,0.000000,0,0,0,0,0,0,0,0,0,0,0,0,0,0,0,0,0,0
344,0,35.575834,0.000000,0.000000,0.000000,0.000000,0.000000,0.000000,0.238458,0.035625,0.000000,0,0,0,0,0,0,0,0,0,0,0,0,0,0,0,0,0,0
345,0,35.593791,0.000000,0.000000,0.000000,0.000000,0.000000,0.000000,0.233334,0.044958,0.000000,0,0,0,0,0,0,0,0,0,0,0,0,0,0,0,0,0,0
346,0,43.361334,0.000000,0.000000,0.000000,0.000000,0.000000,0.000000,0.143750,0.029166,0.000000,0,0,0,0,0,0,0,0,0,0,0,0,0,0,0,0,0,0
347,0,39.741791,0.000000,0.000000,0.000000,0.000000,0.000000,0.000000,0.220417,0.043292,0.000000,0,0,0,0,0,0,0,0,0,0,0,0,0,0,0,0,0,0
348,0,41.926334,0.000000,0.000000,0.000000,0.000000,0.000000,0.000000,0.146333,0.040125,0.000000,0,0,0,0,0,0,0,0,0,0,0,0,0,0,0,0,0,0
349,0,34.592916,0.000000,0.000000,0.000000,0.000000,0.000000,0.000000,0.259959,0.029083,0.000000,0,0,0,0,0,0,0,0,0,0,0,0,0,0,0,0,0,0
350,0,33.427750,0.000000,0.000000,0.000000,0.000000,0.000000,0.000000,0.216750,0.039125,0.000000,0,0,0,0,0,0,0,0,0,0,0,0,0,0,0,0,0,0
351,0,39.763167,0.000000,0.000000,0.000000,0.000000,0.000000,0.000000,0.144792,0.028541,0.000000,0,0,0,0,0,0,0,0,0,0,0,0,0,0,0,0,0,0
352,0,43.299500,0.000000,0.000000,0.000000,0.000000,0.000000,0.000000,0.135125,0.029417,0.000000,0,0,0,0,0,0,0,0,0,0,0,0,0,0,0,0,0,0
353,0,37.991042,0.000000,0.000000,0.000000,0.000000,0.000000,0.000000,0.220625,0.035833,0.000000,0,0,0,0,0,0,0,0,0,0,0,0,0,0,0,0,0,0
354,0,39.429166,0.000000,0.000000,0.000000,0.000000,0.000000,0.000000,0.248917,0.037083,0.000000,0,0,0,0,0,0,0,0,0,0,0,0,0,0,0,0,0,0
355,0,38.576292,0.000000,0.000000,0.000000,0.000000,0.000000,0.000000,0.250750,0.056125,0.000000,0,0,0,0,0,0,0,0,0,0,0,0,0,0,0,0,0,0
356,0,42.472708,0.000000,0.000000,0.000000,0.000000,0.000000,0.000000,0.136209,0.025125,0.000000,0,0,0,0,0,0,0,0,0,0,0,0,0,0,0,0,0,0
357,0,35.457792,0.000000,0.000000,0.000000,0.000000,0.000000,0.000000,0.225083,0.036709,0.000000,0,0,0,0,0,0,0,0,0,0,0,0,0,0,0,0,0,0
358,0,38.725708,0.000000,0.000000,0.000000,0.000000,0.000000,0.000000,0.180375,0.027584,0.000000,0,0,0,0,0,0,0,0,0,0,0,0,0,0,0,0,0,0
359,0,35.316375,0.000000,0.000000,0.000000,0.000000,0.000000,0.000000,0.131417,0.023417,0.000000,0,0,0,0,0,0,0,0,0,0,0,0,0,0,0,0,0,0
360,0,33.460542,0.000000,0.000000,0.000000,0.000000,0.000000,0.000000,0.227500,0.038542,0.000000,0,0,0,0,0,0,0,0,0,0,0,0,0,0,0,0,0,0
361,0,40.614875,0.000000,0.000000,0.000000,0.000000,0.000000,0.000000,0.224167,0.033708,0.000000,0,0,0,0,0,0,0,0,0,0,0,0,0,0,0,0,0,0
362,0,40.976875,0.000000,0.000000,0.000000,0.000000,0.000000,0.000000,0.139667,0.025416,0.000000,0,0,0,0,0,0,0,0,0,0,0,0,0,0,0,0,0,0
363,0,43.048667,0.000000,0.000000,0.000000,0.000000,0.000000,0.000000,0.206583,0.034500,0.000000,0,0,0,0,0,0,0,0,0,0,0,0,0,0,0,0,0,0
364,0,38.161666,0.000000,0.000000,0.000000,0.000000,0.000000,0.000000,0.210625,0.037125,0.000000,0,0,0,0,0,0,0,0,0,0,0,0,0,0,0,0,0,0
365,0,35.570167,0.000000,0.000000,0.000000,0.000000,0.000000,0.000000,0.202833,0.037667,0.000000,0,0,0,0,0,0,0,0,0,0,0,0,0,0,0,0,0,0
366,0,43.352292,0.000000,0.000000,0.000000,0.000000,0.000000,0.000000,0.373583,0.075750,0.000000,0,0,0,0,0,0,0,0,0,0,0,0,0,0,0,0,0,0
367,0,38.958875,0.000000,0.000000,0.000000,0.000000,0.000000,0.000000,0.174458,0.026542,0.000000,0,0,0,0,0,0,0,0,0,0,0,0,0,0,0,0,0,0
368,0,35.860583,0.000000,0.000000,0.000000,0.000000,0.000000,0.000000,0.141250,0.026417,0.000000,0,0,0,0,0,0,0,0,0,0,0,0,0,0,0,0,0,0
369,0,40.713125,0.000000,0.000000,0.000000,0.000000,0.000000,0.000000,0.214708,0.034375,0.000000,0,0,0,0,0,0,0,0,0,0,0,0,0,0,0,0,0,0
370,0,33.956917,0.000000,0.000000,0.000000,0.000000,0.000000,0.000000,0.196500,0.032666,0.000000,0,0,0,0,0,0,0,0,0,0,0,0,0,0,0,0,0,0
371,0,38.100083,0.000000,0.000000,0.000000,0.000000,0.000000,0.000000,0.196458,0.036750,0.000000,0,0,0,0,0,0,0,0,0,0,0,0,0,0,0,0,0,0
372,0,33.381083,0.000000,0.000000,0.000000,0.000000,0.000000,0.000000,0.144084,0.028916,0.000000,0,0,0,0,0,0,0,0,0,0,0,0,0,0,0,0,0,0
373,0,33.951834,0.000000,0.000000,0.000000,0.000000,0.000000,0.000000,0.253000,0.036750,0.000000,0,0,0,0,0,0,0,0,0,0,0,0,0,0,0,0,0,0
374,0,33.608375,0.000000,0.000000,0.000000,0.000000,0.000000,0.000000,0.208541,0.037000,0.000000,0,0,0,0,0,0,0,0,0,0,0,0,0,0,0,0,0,0
375,0,34.725416,0.000000,0.000000,0.000000,0.000000,0.000000,0.000000,0.173709,0.026708,0.000000,0,0,0,0,0,0,0,0,0,0,0,0,0,0,0,0,0,0
376,0,37.371667,0.000000,0.000000,0.000000,0.000000,0.000000,0.000000,0.154917,0.220666,0.000000,0,0,0,0,0,0,0,0,0,0,0,0,0,0,0,0,0,0
377,0,39.070083,0.000000,0.000000,0.000000,0.000000,0.000000,0.000000,0.368959,0.038666,0.000000,0,0,0,0,0,0,0,0,0,0,0,0,0,0,0,0,0,0
378,0,34.858917,0.000000,0.000000,0.000000,0.000000,0.000000,0.000000,0.203042,0.044625,0.000000,0,0,0,0,0,0,0,0,0,0,0,0,0,0,0,0,0,0
379,0,35.126333,0.000000,0.000000,0.000000,0.000000,0.000000,0.000000,0.170667,0.579458,0.000000,0,0,0,0,0,0,0,0,0,0,0,0,0,0,0,0,0,0
380,0,44.020334,0.000000,0.000000,0.000000,0.000000,0.000000,0.000000,0.183458,0.267458,0.000000,0,0,0,0,0,0,0,0,0,0,0,0,0,0,0,0,0,0
381,0,36.122833,0.000000,0.000000,0.000000,0.000000,0.000000,0.000000,0.212917,0.036000,0.000000,0,0,0,0,0,0,0,0,0,0,0,0,0,0,0,0,0,0
382,0,39.082625,0.000000,0.000000,0.000000,0.000000,0.000000,0.000000,0.151083,0.026125,0.000000,0,0,0,0,0,0,0,0,0,0,0,0,0,0,0,0,0,0
383,0,42.201167,0.000000,0.000000,0.000000,0.000000,0.000000,0.000000,0.203708,0.038958,0.000000,0,0,0,0,0,0,0,0,0,0,0,0,0,0,0,0,0,0
384,0,42.924208,0.000000,0.000000,0.000000,0.000000,0.000000,0.000000,0.140958,0.028625,0.000000,0,0,0,0,0,0,0,0,0,0,0,0,0,0,0,0,0,0
385,0,41.534500,0.000000,0.000000,0.000000,0.000000,0.000000,0.000000,0.156250,0.028708,0.000000,0,0,0,0,0,0,0,0,0,0,0,0,0,0,0,0,0,0
386,0,43.260958,0.000000,0.000000,0.000000,0.000000,0.000000,0.000000,0.220667,0.035000,0.000000,0,0,0,0,0,0,0,0,0,0,0,0,0,0,0,0,0,0
387,0,42.437292,0.000000,0.000000,0.000000,0.000000,0.000000,0.000000,0.144708,0.027667,0.000000,0,0,0,0,0,0,0,0,0,0,0,0,0,0,0,0,0,0
388,0,33.548458,0.000000,0.000000,0.000000,0.000000,0.000000,0.000000,0.376917,0.050542,0.000000,0,0,0,0,0,0,0,0,0,0,0,0,0,0,0,0,0,0
389,0,33.658125,0.000000,0.000000,0.000000,0.000000,0.000000,0.000000,0.219167,0.061167,0.000000,0,0,0,0,0,0,0,0,0,0,0,0,0,0,0,0,0,0
390,0,42.146250,0.000000,0.000000,0.000000,0.000000,0.000000,0.000000,0.170959,0.033083,0.000000,0,0,0,0,0,0,0,0,0,0,0,0,0,0,0,0,0,0
391,0,42.598584,0.000000,0.000000,0.000000,0.000000,0.000000,0.000000,0.226625,0.037916,0.000000,0,0,0,0,0,0,0,0,0,0,0,0,0,0,0,0,0,0
392,0,34.357375,0.000000,0.000000,0.000000,0.000000,0.000000,0.000000,0.140583,0.058958,0.000000,0,0,0,0,0,0,0,0,0,0,0,0,0,0,0,0,0,0
393,0,40.103666,0.000000,0.000000,0.000000,0.000000,0.000000,0.000000,0.216750,0.044042,0.000000,0,0,0,0,0,0,0,0,0,0,0,0,0,0,0,0,0,0
394,0,36.639959,0.000000,0.000000,0.000000,0.000000,0.000000,0.000000,0.150041,0.068709,0.000000,0,0,0,0,0,0,0,0,0,0,0,0,0,0,0,0,0,0
395,0,34.795125,0.000000,0.000000,0.000000,0.000000,0.000000,0.000000,0.167416,0.046584,0.000000,0,0,0,0,0,0,0,0,0,0,0,0,0,0,0,0,0,0
396,0,43.322833,0.000000,0.000000,0.000000,0.000000,0.000000,0.000000,0.149917,0.028166,0.000000,0,0,0,0,0,0,0,0,0,0,0,0,0,0,0,0,0,0
397,0,37.920333,0.000000,0.000000,0.000000,0.000000,0.000000,0.000000,0.216042,0.046958,0.000000,0,0,0,0,0,0,0,0,0,0,0,0,0,0,0,0,0,0
398,0,34.966750,0.000000,0.000000,0.000000,0.000000,0.000000,0.000000,0.139292,0.056208,0.000000,0,0,0,0,0,0,0,0,0,0,0,0,0,0,0,0,0,0
399,0,40.326042,0.000000,0.000000,0.000000,0.000000,0.000000,0.000000,0.191667,0.036625,0.000000,0,0,0,0,0,0,0,0,0,0,0,0,0,0,0,0,0,0
400,0,43.156208,0.000000,0.000000,0.000000,0.000000,0.000000,0.000000,0.136709,0.028125,0.000000,0,0,0,0,0,0,0,0,0,0,0,0,0,0,0,0,0,0
401,0,43.256959,0.000000,0.000000,0.000000,0.000000,0.000000,0.000000,0.209250,0.033000,0.000000,0,0,0,0,0,0,0,0,0,0,0,0,0,0,0,0,0,0
402,0,37.800916,0.000000,0.000000,0.000000,0.000000,0.000000,0.000000,0.124042,0.167000,0.000000,0,0,0,0,0,0,0,0,0,0,0,0,0,0,0,0,0,0
403,0,142.589834,0.000000,0.000000,0.000000,0.000000,0.000000,0.000000,0.112500,0.032166,0.000000,0,0,0,0,0,0,0,0,0,0,0,0,0,0,0,0,0,0
404,200,3257.742583,3007.361412,1622.644370,0.561348,1317.136616,1224.600568,92.528378,0.131958,0.038500,125.669577,124710,1318896249,18788796,0,346,14,332,0,0,0,0,0,0,1085181,512,634705,449879,85
405,201,16.178333,16.083381,2.445293,0.011040,14.334083,12.500836,1.833247,0.094875,0.256334,0.637750,632,971914,16104,0,2,0,2,0,0,0,0,0,0,6686,0,3510,3176,0
406,300,1652.984292,1642.510802,831.069264,0.009831,828.624447,761.303231,67.319175,0.072875,0.021083,68.592792,62856,796541267,4604241,0,500,0,500,0,0,0,0,0,0,679424,15424,387270,276730,0
407,301,17.167375,17.042380,3.750928,0.010626,13.304874,10.901042,2.403666,0.040125,0.010208,0.613291,653,2103934,14496,0,2,0,2,0,0,0,0,0,0,5406,0,3510,1896,0
408,302,18.885458,18.768093,18.754840,0.001915,0.000500,0.000000,0.000000,0.070542,0.018125,0.926333,657,6992231,33150,0,302,0,302,0,0,0,0,0,0,21046,14400,3510,3136,0
409,303,14.444417,14.330694,4.394964,0.009581,10.677585,8.975877,1.701540,0.040208,0.010292,0.608083,658,2030791,13738,0,2,0,2,0,0,0,0,0,0,7208,0,4680,2528,0
410,304,18.169250,18.055840,18.062128,0.001540,0.000376,0.000000,0.000000,0.036167,0.012541,0.743542,660,7268739,34311,0,302,0,302,0,0,0,0,0,0,21046,14400,3510,3136,0
411,305,13.423250,13.306259,3.922550,0.009921,10.309500,10.308918,0.000582,0.044375,0.255208,0.306250,653,2014675,13827,0,2,0,2,0,0,0,0,0,0,5406,0,3510,1896,0
412,306,18.580542,18.466444,18.468816,0.001415,0.000457,0.000000,0.000000,0.037041,0.014875,0.900917,668,7316571,34018,0,302,0,302,0,0,0,0,0,0,22848,14400,4680,3768,0
413,307,14.789416,14.675187,3.884040,0.009281,11.581542,11.574294,0.007248,0.033125,0.262500,0.620167,651,2055221,14127,0,2,0,2,0,0,0,0,0,0,5406,0,3510,1896,0
414,308,18.376375,18.261668,18.267669,0.000998,0.000293,0.000000,0.000000,0.033625,0.012459,0.650709,665,7414479,34705,0,302,0,302,0,0,0,0,0,0,21046,14400,3510,3136,0
415,309,17.233834,17.116169,3.499839,0.010672,13.767459,11.598627,2.168665,0.032250,0.008208,0.845417,658,2008734,13575,0,2,0,2,0,0,0,0,0,0,7208,0,4680,2528,0
416,310,19.525083,19.401825,19.391034,0.000915,0.000790,0.000000,0.000000,0.055583,0.018667,0.295416,656,7565885,35169,0,302,0,302,0,0,0,0,0,0,21046,14400,3510,3136,0
417,311,13.079000,12.972130,3.875883,0.009507,9.533668,7.949043,1.584458,0.059583,0.014334,0.930209,652,1966775,13472,0,2,0,2,0,0,0,0,0,0,5406,0,3510,1896,0
418,312,16.920375,16.813572,16.818802,0.001209,0.000499,0.000000,0.000000,0.043000,0.009542,0.295833,669,7549274,34881,0,302,0,302,0,0,0,0,0,0,22848,14400,4680,3768,0
419,313,16.866250,16.754617,3.301750,0.012711,13.472167,10.993542,2.478416,0.154125,0.041917,1.254166,650,2007249,13772,0,2,0,2,0,0,0,0,0,0,5406,0,3510,1896,0
420,314,20.184417,20.056199,19.826170,0.001001,0.001125,0.000000,0.000000,0.075875,0.016166,0.587708,659,7477365,34563,0,302,0,302,0,0,0,0,0,0,21046,14400,3510,3136,0
421,315,13.988375,13.871551,4.486156,0.010204,9.594666,7.589626,2.004665,0.099375,0.013625,0.627250,659,1991568,13447,0,2,0,2,0,0,0,0,0,0,7208,0,4680,2528,0
422,316,17.935750,17.826335,17.780350,0.001124,0.000667,0.000000,0.000000,0.076791,0.013000,0.888375,659,7530141,34926,0,302,0,302,0,0,0,0,0,0,21046,14400,3510,3136,0
423,317,14.891333,14.783463,3.675455,0.008291,11.644708,9.441626,2.202916,0.032417,0.008708,0.623375,659,1919526,13021,0,2,0,2,0,0,0,0,0,0,7004,0,4536,2468,0
424,318,18.231208,18.115730,17.953664,0.001045,0.000250,0.000000,0.000000,0.033167,0.008000,1.230709,662,7501370,34651,0,302,0,302,0,0,0,0,0,0,21250,14400,3654,3196,0
425,319,15.093042,14.979053,3.467417,0.009168,11.839458,9.715251,2.124083,0.044042,0.011875,0.297125,650,1960238,13421,0,2,0,2,0,0,0,0,0,0,5406,0,3510,1896,0
426,320,18.171417,18.057941,18.062956,0.001413,0.000584,0.000000,0.000000,0.038458,0.008000,0.586958,664,7429792,34027,0,302,0,302,0,0,0,0,0,0,22848,14400,4680,3768,0
427,321,14.219416,14.106236,3.352180,0.009253,11.029916,9.819835,1.209957,0.039209,0.009666,0.624375,651,1952026,13361,0,2,0,2,0,0,0,0,0,0,5406,0,3510,1896,0
428,322,18.119834,18.006455,18.003707,0.001129,0.000291,0.000000,0.000000,0.029416,0.007875,0.905126,658,7470184,34515,0,302,0,302,0,0,0,0,0,0,21046,14400,3510,3136,0
429,323,16.174958,16.057411,3.084466,0.009249,12.988999,10.690001,2.298874,0.028167,0.007666,0.292667,658,1871470,12555,0,2,0,2,0,0,0,0,0,0,7208,0,4680,2528,0
430,324,18.176375,18.060792,18.066503,0.001375,0.000250,0.000000,0.000000,0.025250,0.007208,0.934833,661,7454272,34438,0,302,0,302,0,0,0,0,0,0,21046,14400,3510,3136,0
431,325,13.124625,13.006176,4.039555,0.009378,10.215250,10.203918,0.011332,0.038250,0.246125,0.298083,652,1912795,13068,0,2,0,2,0,0,0,0,0,0,5406,0,3510,1896,0
432,326,18.793625,18.678094,18.649474,0.001417,0.000707,0.000000,0.000000,0.062583,0.015542,0.608541,665,7385259,33722,0,302,0,302,0,0,0,0,0,0,22848,14400,4680,3768,0
433,327,16.506417,16.387795,3.467456,0.010914,12.931415,10.680251,2.250832,0.119541,0.031459,0.947501,654,1896324,12949,0,2,0,2,0,0,0,0,0,0,5406,0,3510,1896,0
434,328,65.255541,65.094670,22.746376,0.003207,0.001083,0.000000,0.000000,0.095042,0.172500,1.795292,657,7422803,34188,0,302,0,302,0,0,0,0,0,0,21046,14400,3510,3136,0
435,329,5.813334,5.698456,3.825218,0.009467,0.000417,0.000000,0.000000,0.581708,0.077792,0.000000,657,1824335,12203,0,2,0,2,0,0,0,0,0,0,7208,0,4680,2528,0
436,330,26.145416,25.921752,21.689477,0.001376,0.001001,0.000000,0.000000,0.058084,0.012958,0.913708,663,7406429,34110,0,302,0,302,0,0,0,0,0,0,21046,14400,3510,3136,0
437,331,3.606667,3.493805,3.431493,0.009385,0.004874,0.000000,0.000000,0.071333,0.022292,0.000000,650,1864826,12713,0,2,0,2,0,0,0,0,0,0,5406,0,3510,1896,0
438,332,18.012750,17.901135,17.733752,0.001169,0.000624,0.000000,0.000000,0.058667,0.012541,0.662875,664,7334280,33370,0,302,0,302,0,0,0,0,0,0,22848,14400,4680,3768,0
439,333,3.146208,3.041028,3.032584,0.009585,0.000207,0.000000,0.000000,0.618292,0.010792,0.000000,652,1848969,12597,0,2,0,2,0,0,0,0,0,0,5406,0,3510,1896,0
440,334,17.542542,17.430789,16.822395,0.001252,0.000374,0.000000,0.000000,0.058292,0.014000,0.622458,658,7374980,33861,0,302,0,302,0,0,0,0,0,0,21046,14400,3510,3136,0
441,335,3.477917,3.359022,3.362640,0.009796,0.001209,0.000000,0.000000,12.973250,0.016333,0.305792,658,1776450,11849,0,2,0,2,0,0,0,0,0,0,7208,0,4680,2528,0
442,336,30.496833,30.386587,17.519118,0.001417,0.000502,0.000000,0.000000,0.062333,0.013000,0.934209,661,7358945,33784,0,302,0,302,0,0,0,0,0,0,21046,14400,3510,3136,0
443,337,3.472083,3.359087,3.349152,0.009504,0.000583,0.000000,0.000000,12.437042,0.018542,0.487791,650,1816506,12357,0,2,0,2,0,0,0,0,0,0,5406,0,3510,1896,0
444,338,29.684917,29.569909,17.239764,0.001167,0.000374,0.000000,0.000000,0.055042,0.013083,0.919375,666,7291097,32890,0,302,0,302,0,0,0,0,0,0,23497,14400,4680,4417,0
445,339,3.046833,2.942237,2.899508,0.008663,0.000251,0.000000,0.000000,12.868500,0.013000,0.655000,653,1801303,12244,0,2,0,2,0,0,0,0,0,0,5406,0,3510,1896,0
446,340,29.790375,29.680368,16.859547,0.001208,0.000334,0.000000,0.000000,0.051209,0.013375,0.310083,660,7343210,33468,0,302,0,302,0,0,0,0,0,0,21666,14400,3510,3756,0
447,341,3.144042,3.039920,3.032925,0.009497,0.000376,0.000000,0.000000,13.402292,0.021083,0.978792,659,1728530,11495,0,2,0,2,0,0,0,0,0,0,7208,0,4680,2528,0
448,342,30.449000,30.337967,16.926795,0.001210,0.000375,0.000000,0.000000,0.046000,0.029125,0.346583,660,7315288,33323,0,302,0,302,0,0,0,0,0,0,21629,14400,3510,3719,0
449,343,3.199917,3.094292,3.046626,0.009003,0.000375,0.000000,0.000000,13.025416,0.012709,0.668251,651,1769346,12005,0,2,0,2,0,0,0,0,0,0,5406,0,3510,1896,0
450,343,63.769166,19.990826,7.031012,0.000000,0.000083,0.000000,0.000000,0.162042,0.018875,2.014168,253,3060891,14363,0,122,0,122,0,0,0,0,0,0,3604,0,2340,1264,0
451,48063,94.965750,58.772499,19.756038,0.009538,0.000334,0.000000,0.000000,0.267459,0.018458,3.897417,586,907912,7360,0,2,0,2,0,0,0,0,0,0,5406,0,3510,1896,0
452,48064,146.729500,146.341084,25.570287,0.007167,0.000418,0.000000,0.000000,0.123125,0.023250,6.719747,2060,3475796,36501,0,2,0,2,0,0,0,0,0,0,5406,0,3510,1896,0
453,48065,17.962334,17.561596,17.528685,0.007795,0.000458,0.000000,0.000000,0.094541,0.026709,0.897458,2115,3524154,37504,0,2,0,2,0,0,0,0,0,0,5406,0,3510,1896,0
454,48066,17.378708,16.995195,16.806230,0.008086,0.000416,0.000000,0.000000,0.095958,0.026292,0.607751,2049,3433038,36329,0,2,0,2,0,0,0,0,0,0,7208,0,4680,2528,0
455,48067,19.216167,18.800802,18.096309,0.007189,0.000584,0.000000,0.000000,0.140958,0.025208,0.297792,2087,3477520,37109,0,2,0,2,0,0,0,0,0,0,7447,0,3510,3937,0
456,48068,17.365041,16.951705,16.913319,0.007420,0.000624,0.000000,0.000000,0.102709,0.023166,0.980792,2102,3420031,36544,0,2,0,2,0,0,0,0,0,0,5406,0,3510,1896,0
457,48069,19.997709,19.543137,18.943207,0.007329,0.000791,0.000000,0.000000,0.135791,0.034292,0.581792,2044,3410387,36132,0,2,0,2,0,0,0,0,0,0,7208,0,4680,2528,0
458,48070,19.158541,18.739073,18.483632,0.007337,0.000709,0.000000,0.000000,0.143792,0.022417,0.596792,2089,3484381,37270,0,2,0,2,0,0,0,0,0,0,5406,0,3510,1896,0
459,48071,18.896375,18.491361,17.753912,0.006709,0.000460,0.000000,0.000000,0.095042,0.015583,0.300625,2085,3370349,36046,0,2,0,2,0,0,0,0,0,0,5406,0,3510,1896,0
460,48072,16.854500,16.458228,16.183848,0.008168,0.000333,0.000000,0.000000,0.100875,0.014709,0.863334,2018,3385268,35767,0,2,0,2,0,0,0,0,0,0,7208,0,4680,2528,0
461,48073,16.677584,16.294097,16.095551,0.007545,0.000499,0.000000,0.000000,0.162375,0.024291,0.631166,2015,3392746,36272,0,2,0,2,0,0,0,0,0,0,5406,0,3510,1896,0
462,48074,19.083666,18.649580,17.720910,0.007168,0.000457,0.000000,0.000000,0.108917,0.017625,0.318583,2105,3407743,36515,0,2,0,2,0,0,0,0,0,0,5406,0,3510,1896,0
463,48075,15.626875,15.252527,15.280379,0.007332,0.000584,0.000000,0.000000,0.103875,0.016250,1.087374,2022,3401354,35995,0,2,0,2,0,0,0,0,0,0,7208,0,4680,2528,0
464,48076,16.301584,15.926441,15.875255,0.007083,0.000500,0.000000,0.000000,0.121083,0.014542,0.651709,2022,3356767,35912,0,2,0,2,0,0,0,0,0,0,5406,0,3510,1896,0
465,48077,15.850791,15.451516,15.441924,0.008334,0.000418,0.000000,0.000000,0.116375,0.016667,1.276292,2049,3362878,35828,0,2,0,2,0,0,0,0,0,0,5406,0,3510,1896,0
466,48078,16.635500,16.253655,16.252804,0.006750,0.000458,0.000000,0.000000,0.106917,0.014125,0.488375,2058,3459492,36665,0,2,0,2,0,0,0,0,0,0,7208,0,4680,2528,0
467,48079,16.139542,15.745166,15.759921,0.007675,0.000500,0.000000,0.000000,0.118750,0.026083,0.586875,2047,3384366,36181,0,2,0,2,0,0,0,0,0,0,5406,0,3510,1896,0
468,48080,16.186208,15.811032,15.812529,0.007293,0.000457,0.000000,0.000000,0.105042,0.013542,0.311666,2046,3356350,35709,0,2,0,2,0,0,0,0,0,0,7004,0,4536,2468,0
469,48081,15.842834,15.459216,15.488189,0.007126,0.000375,0.000000,0.000000,0.100666,0.020084,0.976375,2036,3422129,36294,0,2,0,2,0,0,0,0,0,0,5610,0,3654,1956,0
470,48082,15.915500,15.540706,15.524256,0.007172,0.000458,0.000000,0.000000,0.095875,0.026750,0.645417,2041,3384550,36198,0,2,0,2,0,0,0,0,0,0,5406,0,3510,1896,0
471,48083,15.327750,14.937903,14.977261,0.006916,0.000417,0.000000,0.000000,0.089166,0.012917,1.189375,2041,3348814,35382,0,2,0,2,0,0,0,0,0,0,7208,0,4680,2528,0
472,48084,15.960541,15.577933,15.611749,0.006415,0.000499,0.000000,0.000000,0.119792,0.019375,0.305125,2070,3427135,36633,0,2,0,2,0,0,0,0,0,0,5406,0,3510,1896,0
473,48085,15.169625,14.805611,14.838090,0.008096,0.000375,0.000000,0.000000,0.089334,0.015458,1.075625,1997,3354450,35750,0,2,0,2,0,0,0,0,0,0,5406,0,3510,1896,0
474,48086,15.336875,14.968752,15.002704,0.006874,0.000458,0.000000,0.000000,0.093750,0.040750,0.334500,2011,3384965,35668,0,2,0,2,0,0,0,0,0,0,7208,0,4680,2528,0
475,48087,15.839417,15.457954,15.447334,0.007041,0.000459,0.000000,0.000000,0.126000,0.047083,0.935500,2040,3409055,36428,0,2,0,2,0,0,0,0,0,0,5406,0,3510,1896,0
476,48088,15.585208,15.207045,15.216242,0.010329,0.000457,0.000000,0.000000,0.100125,0.041959,0.495000,2030,3359246,35930,0,2,0,2,0,0,0,0,0,0,5406,0,3510,1896,0
477,48089,15.106084,14.728350,14.706277,0.006746,0.000333,0.000000,0.000000,0.109708,0.014875,0.592792,1980,3345489,35366,0,2,0,2,0,0,0,0,0,0,7208,0,4680,2528,0
478,48090,17.160000,16.777305,16.652015,0.006751,0.000376,0.000000,0.000000,0.114750,0.015000,0.301583,2057,3433537,36695,0,2,0,2,0,0,0,0,0,0,5406,0,3510,1896,0
479,48091,15.333791,14.965116,14.982754,0.008334,0.000417,0.000000,0.000000,0.094959,0.022208,1.119249,2004,3346899,35790,0,2,0,2,0,0,0,0,0,0,5406,0,3510,1896,0
480,48092,15.467084,15.078131,15.090362,0.007038,0.000501,0.000000,0.000000,0.091083,0.015500,0.640000,1987,3346284,35287,0,2,0,2,0,0,0,0,0,0,7208,0,4680,2528,0
481,48093,15.627250,15.255366,15.235507,0.007877,0.000458,0.000000,0.000000,0.157041,0.054750,0.620625,2027,3400770,36403,0,2,0,2,0,0,0,0,0,0,5406,0,3510,1896,0
482,48094,15.908333,15.521160,15.489937,0.008582,0.000459,0.000000,0.000000,0.104167,0.042916,0.304875,2048,3379281,36218,0,2,0,2,0,0,0,0,0,0,5406,0,3510,1896,0
483,48095,15.300625,14.935119,14.906833,0.006958,0.000418,0.000000,0.000000,0.098625,0.017375,0.299292,1973,3344810,35272,0,2,0,2,0,0,0,0,0,0,7208,0,4680,2528,0
484,48096,15.644000,15.263562,15.307372,0.007081,0.000376,0.000000,0.000000,0.106083,0.018584,0.946292,2064,3408172,36511,0,2,0,2,0,0,0,0,0,0,5406,0,3510,1896,0
485,48097,15.379792,15.001831,15.006497,0.007909,0.000376,0.000000,0.000000,0.099958,0.018083,0.675125,1994,3344269,35669,0,2,0,2,0,0,0,0,0,0,5406,0,3510,1896,0
486,48098,15.687875,15.294780,15.317387,0.007165,0.000375,0.000000,0.000000,0.087666,0.013334,0.941959,2020,3398798,35912,0,2,0,2,0,0,0,0,0,0,7208,0,4680,2528,0
487,48099,15.616750,15.233691,15.258546,0.006992,0.000417,0.000000,0.000000,0.105333,0.016083,0.294541,2055,3395858,36376,0,2,0,2,0,0,0,0,0,0,5406,0,3510,1896,0
488,48100,15.621958,15.242834,15.266067,0.007205,0.000499,0.000000,0.000000,0.086333,0.013625,0.647416,2040,3370201,35981,0,2,0,2,0,0,0,0,0,0,5406,0,3510,1896,0
489,48101,15.127208,14.770706,14.749064,0.007582,0.000251,0.000000,0.000000,0.321250,0.027875,0.639708,1971,3351031,35386,0,2,0,2,0,0,0,0,0,0,7208,0,4680,2528,0
490,48102,16.096000,15.721091,15.515204,0.007705,0.000375,0.000000,0.000000,0.764167,0.012875,0.941083,2050,3430573,36633,0,2,0,2,0,0,0,0,0,0,5406,0,3510,1896,0
491,48103,16.416375,16.047071,14.605695,0.006841,0.000456,0.000000,0.000000,1.176584,0.012958,0.639792,2010,3357154,35135,0,2,0,2,0,0,0,0,0,0,5406,0,3510,1896,0
492,48104,17.544417,17.167262,16.074767,0.006250,0.000417,0.000000,0.000000,0.277083,0.021959,0.606251,2017,3587307,37798,0,2,0,2,0,0,0,0,0,0,7208,0,4680,2528,0
493,48105,16.620375,16.229655,16.062446,0.007164,0.000416,0.000000,0.000000,0.323542,0.021750,0.313542,2029,3436637,36560,0,2,0,2,0,0,0,0,0,0,5406,0,3510,1896,0
494,48106,16.530917,16.137989,15.898345,0.005755,0.000500,0.000000,0.000000,0.271458,0.034625,0.604249,2088,3392550,36305,0,2,0,2,0,0,0,0,0,0,5406,0,3510,1896,0
495,48107,15.882375,15.463063,15.280070,0.009909,0.000583,0.000000,0.000000,1.175166,0.023750,1.116708,1995,3361331,35433,0,2,0,2,0,0,0,0,0,0,7208,0,4680,2528,0
496,48108,16.996041,16.619623,15.501065,0.006919,0.000541,0.000000,0.000000,0.743292,0.022083,0.500208,2057,3414944,36569,0,2,0,2,0,0,0,0,0,0,5406,0,3510,1896,0
497,48109,15.937084,15.561621,14.927513,0.006710,0.000458,0.000000,0.000000,1.613916,0.041792,0.941334,2053,3339085,35605,0,2,0,2,0,0,0,0,0,0,5406,0,3510,1896,0
498,48110,16.878750,16.501058,14.991450,0.006460,0.000290,0.000000,0.000000,1.410000,0.037875,0.302083,1984,3369304,35545,0,2,0,2,0,0,0,0,0,0,7208,0,4680,2528,0
499,48111,17.141791,16.759364,15.414024,0.007006,0.000459,0.000000,0.000000,0.804209,0.013333,0.942417,2063,3404543,36390,0,2,0,2,0,0,0,0,0,0,5406,0,3510,1896,0
500,48112,16.189750,15.797455,15.110292,0.007129,0.000418,0.000000,0.000000,1.256959,0.020750,0.643291,2061,3347748,35717,0,2,0,2,0,0,0,0,0,0,5406,0,3510,1896,0
501,48113,16.145959,15.775070,14.625035,0.007287,0.000500,0.000000,0.000000,1.923375,0.030875,1.000916,1975,3335164,35275,0,2,0,2,0,0,0,0,0,0,7208,0,4680,2528,0
502,48114,17.696416,17.319595,15.505003,0.007750,0.000541,0.000000,0.000000,0.807542,0.044542,0.934126,2058,3429502,36615,0,2,0,2,0,0,0,0,0,0,5406,0,3510,1896,0
503,48115,15.936959,15.569143,14.861945,0.007834,0.000293,0.000000,0.000000,1.613416,0.023292,0.641417,2046,3332997,35619,0,2,0,2,0,0,0,0,0,0,5406,0,3510,1896,0
504,48116,16.626000,16.262689,14.775438,0.011331,0.000583,0.000000,0.000000,1.660666,0.013042,0.815500,1968,3341064,35217,0,2,0,2,0,0,0,0,0,0,7208,0,4680,2528,0
505,48117,17.276416,16.888101,15.346431,0.006669,0.000375,0.000000,0.000000,1.003417,0.033792,0.631584,2035,3410637,36467,0,2,0,2,0,0,0,0,0,0,5406,0,3510,1896,0
506,48118,16.174042,15.797500,14.892306,0.008006,0.000542,0.000000,0.000000,1.508875,0.023625,0.804833,2096,3379191,36183,0,2,0,2,0,0,0,0,0,0,5406,0,3510,1896,0
507,48119,16.627750,16.248439,14.838442,0.008127,0.000417,0.000000,0.000000,1.739500,0.032667,0.642375,1996,3356944,35393,0,2,0,2,0,0,0,0,0,0,7208,0,4680,2528,0
508,48120,17.412333,17.036547,15.281857,0.007334,0.000333,0.000000,0.000000,0.683542,0.032083,0.679416,2043,3405492,36508,0,2,0,2,0,0,0,0,0,0,5406,0,3510,1896,0
509,48121,16.494584,16.091539,15.503491,0.007751,0.000584,0.000000,0.000000,1.018041,0.018667,0.670958,2046,3364151,35895,0,2,0,2,0,0,0,0,0,0,5406,0,3510,1896,0
510,48122,16.695166,16.333195,15.394158,0.007331,0.000292,0.000000,0.000000,0.911292,0.015917,0.976459,1998,3356723,35488,0,2,0,2,0,0,0,0,0,0,7208,0,4680,2528,0
511,48123,17.202375,16.824920,15.798135,0.007415,0.000250,0.000000,0.000000,0.423334,0.013875,0.738417,2042,3426317,36646,0,2,0,2,0,0,0,0,0,0,5406,0,3510,1896,0
512,48124,16.343292,15.943475,15.601673,0.007037,0.000459,0.000000,0.000000,0.726125,0.050583,0.304125,2078,3376214,36100,0,2,0,2,0,0,0,0,0,0,5406,0,3510,1896,0
513,48125,16.510458,16.118934,15.455065,0.007707,0.000541,0.000000,0.000000,0.960834,0.024291,1.313916,2000,3392111,35811,0,2,0,2,0,0,0,0,0,0,7208,0,4680,2528,0
514,48126,17.109167,16.719645,15.849926,0.007206,0.000418,0.000000,0.000000,0.311708,0.018250,0.304125,2064,3418417,36612,0,2,0,2,0,0,0,0,0,0,5406,0,3510,1896,0
515,48127,16.473875,16.076828,15.738239,0.007374,0.000375,0.000000,0.000000,0.718167,0.013916,0.600959,2061,3361024,35937,0,2,0,2,0,0,0,0,0,0,5406,0,3510,1896,0
516,48128,16.392917,16.027772,15.398171,0.007709,0.000625,0.000000,0.000000,0.910125,0.035250,0.302125,2009,3410150,36036,0,2,0,2,0,0,0,0,0,0,7208,0,4680,2528,0
517,48129,16.084791,15.705557,14.885242,0.006829,0.000332,0.000000,0.000000,1.542292,0.020500,0.950501,2019,3374382,36061,0,2,0,2,0,0,0,0,0,0,5406,0,3510,1896,0
518,48130,17.073542,16.676000,15.256881,0.006920,0.000459,0.000000,0.000000,1.056958,0.013417,0.309208,2094,3390076,36331,0,2,0,2,0,0,0,0,0,0,5406,0,3510,1896,0
519,48131,16.503375,16.134413,15.176031,0.007623,0.000375,0.000000,0.000000,1.175875,0.020417,1.281083,2027,3414181,36108,0,2,0,2,0,0,0,0,0,0,7208,0,4680,2528,0
520,48132,16.528500,16.153797,15.088186,0.006998,0.000417,0.000000,0.000000,1.337375,0.026333,0.636042,2024,3362139,35921,0,2,0,2,0,0,0,0,0,0,5406,0,3510,1896,0
521,48133,16.561375,16.183313,14.945250,0.007330,0.000459,0.000000,0.000000,1.596208,0.013125,0.309000,2022,3351548,35634,0,2,0,2,0,0,0,0,0,0,7004,0,4536,2468,0
522,48134,17.818042,17.429178,15.937636,0.007038,0.000417,0.000000,0.000000,0.372208,0.026208,0.612959,2062,3463397,36773,0,2,0,2,0,0,0,0,0,0,5610,0,3654,1956,0
523,48135,15.724083,15.353557,15.064542,0.007035,0.000375,0.000000,0.000000,1.310792,0.012375,0.658458,2022,3362850,35972,0,2,0,2,0,0,0,0,0,0,5406,0,3510,1896,0
524,48136,16.814042,16.426427,15.190941,0.008047,0.000416,0.000000,0.000000,1.400500,0.013875,0.945375,2031,3357381,35428,0,2,0,2,0,0,0,0,0,0,7208,0,4680,2528,0
525,48137,17.304958,16.924102,15.642406,0.007373,0.000583,0.000000,0.000000,0.625875,0.020708,0.502083,2036,3417379,36462,0,2,0,2,0,0,0,0,0,0,5406,0,3510,1896,0
526,48138,16.347417,15.967443,15.484647,0.005630,0.000459,0.000000,0.000000,0.700208,0.022875,0.966959,2041,3398521,36373,0,2,0,2,0,0,0,0,0,0,5406,0,3510,1896,0
527,48139,16.860541,16.498701,15.064115,0.007370,0.000333,0.000000,0.000000,0.593292,0.014542,0.953916,1994,3375910,35638,0,2,0,2,0,0,0,0,0,0,7208,0,4680,2528,0
528,48140,16.621417,16.220497,15.736984,0.006830,0.000333,0.000000,0.000000,0.763417,0.029000,0.321083,2052,3418267,36555,0,2,0,2,0,0,0,0,0,0,5406,0,3510,1896,0
529,48141,16.737250,16.362448,15.635701,0.007289,0.000584,0.000000,0.000000,0.525625,0.024042,1.018958,1989,3351174,35701,0,2,0,2,0,0,0,0,0,0,5406,0,3510,1896,0
530,48142,16.682667,16.303116,15.813355,0.007454,0.000418,0.000000,0.000000,0.527583,0.021417,0.332041,2014,3386395,35772,0,2,0,2,0,0,0,0,0,0,7208,0,4680,2528,0
531,48143,16.557541,16.154997,15.686330,0.007208,0.000667,0.000000,0.000000,0.736000,0.067584,0.972333,2047,3405380,36492,0,2,0,2,0,0,0,0,0,0,5406,0,3510,1896,0
532,48144,18.240417,17.837831,16.730615,0.010584,0.000542,0.000000,0.000000,0.081167,0.039500,0.307833,2033,3368077,35995,0,2,0,2,0,0,0,0,0,0,5406,0,3510,1896,0
533,48145,15.171417,14.810263,14.784154,0.007458,0.000459,0.000000,0.000000,0.682875,0.014291,1.278834,1977,3353684,35496,0,2,0,2,0,0,0,0,0,0,7208,0,4680,2528,0
534,48146,16.731666,16.346508,15.791787,0.007003,0.000626,0.000000,0.000000,0.572667,0.024958,0.946208,2080,3447632,36796,0,2,0,2,0,0,0,0,0,0,5406,0,3510,1896,0
535,48147,15.981000,15.611251,15.116623,0.007292,0.000501,0.000000,0.000000,1.184125,0.013709,0.641667,2013,3353357,35866,0,2,0,2,0,0,0,0,0,0,5406,0,3510,1896,0
536,48148,16.375167,16.011172,14.934657,0.011132,0.000374,0.000000,0.000000,1.552375,0.036250,0.618292,1972,3347255,35356,0,2,0,2,0,0,0,0,0,0,7208,0,4680,2528,0
537,48149,17.274167,16.892426,15.435941,0.007796,0.000500,0.000000,0.000000,1.246583,0.039083,0.650750,2047,3438120,36688,0,2,0,2,0,0,0,0,0,0,5406,0,3510,1896,0
538,48150,16.627583,16.240205,15.049789,0.007578,0.000415,0.000000,0.000000,1.119375,0.019792,0.773209,2053,3383174,36175,0,2,0,2,0,0,0,0,0,0,5406,0,3510,1896,0
539,48151,16.719500,16.356078,15.286638,0.007298,0.000334,0.000000,0.000000,1.001250,0.022500,0.310833,1988,3351156,35362,0,2,0,2,0,0,0,0,0,0,7208,0,4680,2528,0
540,48152,18.201750,17.815263,16.964023,0.007125,0.000875,0.000000,0.000000,0.118625,0.018042,0.608417,2066,3420441,36617,0,2,0,2,0,0,0,0,0,0,5406,0,3510,1896,0
541,48153,16.528125,16.152248,16.185968,0.007290,0.000917,0.000000,0.000000,0.118292,0.016625,0.598625,2016,3358098,35812,0,2,0,2,0,0,0,0,0,0,5406,0,3510,1896,0
542,48154,16.877625,16.494506,16.517028,0.007451,0.000917,0.000000,0.000000,0.128458,0.017584,0.663792,2006,3382928,35739,0,2,0,2,0,0,0,0,0,0,7208,0,4680,2528,0
543,48155,16.996792,16.607916,16.646469,0.007130,0.000833,0.000000,0.000000,0.088125,0.022583,1.058333,2051,3406233,36496,0,2,0,2,0,0,0,0,0,0,5406,0,3510,1896,0
544,48156,15.539708,15.153246,15.143452,0.006502,0.000416,0.000000,0.000000,0.083833,0.014375,0.507417,2067,3370351,36014,0,2,0,2,0,0,0,0,0,0,5406,0,3510,1896,0
545,48157,15.041542,14.681757,14.685191,0.007249,0.000333,0.000000,0.000000,1.840958,0.034500,0.961750,1968,3341797,35364,0,2,0,2,0,0,0,0,0,0,7208,0,4680,2528,0
546,48158,17.915041,17.528484,15.762934,0.006213,0.000500,0.000000,0.000000,0.550125,0.026875,0.309250,2070,3450768,36879,0,2,0,2,0,0,0,0,0,0,5406,0,3510,1896,0
547,48159,15.986542,15.592898,15.122473,0.006584,0.000542,0.000000,0.000000,1.183875,0.030708,1.033417,2090,3369421,36005,0,2,0,2,0,0,0,0,0,0,5406,0,3510,1896,0
548,48160,16.386042,16.006820,14.931042,0.007634,0.000499,0.000000,0.000000,1.443000,0.013166,0.637542,1999,3370563,35545,0,2,0,2,0,0,0,0,0,0,7208,0,4680,2528,0
549,48161,16.884541,16.523135,15.174953,0.006838,0.000417,0.000000,0.000000,1.257292,0.038792,0.639292,2015,3402320,36295,0,2,0,2,0,0,0,0,0,0,5406,0,3510,1896,0
550,48162,17.047084,16.659136,15.446544,0.007757,0.000458,0.000000,0.000000,0.780833,0.013625,0.305084,2101,3390120,36264,0,2,0,2,0,0,0,0,0,0,5406,0,3510,1896,0
551,48163,15.434708,15.076548,14.410713,0.006708,0.000373,0.000000,0.000000,2.027042,0.022000,0.769084,1980,3349306,35345,0,2,0,2,0,0,0,0,0,0,7208,0,4680,2528,0
552,48164,17.800833,17.416185,15.506828,0.007493,0.000542,0.000000,0.000000,1.010459,0.023958,0.948459,2063,3425205,36622,0,2,0,2,0,0,0,0,0,0,5406,0,3510,1896,0
553,48165,16.550792,16.166303,15.274879,0.006911,0.000417,0.000000,0.000000,1.092667,0.028458,0.645292,2041,3366712,35860,0,2,0,2,0,0,0,0,0,0,5406,0,3510,1896,0
554,48166,16.567000,16.184414,15.196083,0.007377,0.000667,0.000000,0.000000,1.204417,0.014708,0.743959,2021,3388524,35775,0,2,0,2,0,0,0,0,0,0,7208,0,4680,2528,0
555,48167,17.222458,16.831858,15.725665,0.007667,0.000499,0.000000,0.000000,0.587875,0.021792,0.292209,2045,3393651,36380,0,2,0,2,0,0,0,0,0,0,5406,0,3510,1896,0
556,48168,16.770959,16.371025,15.744564,0.012166,0.000460,0.000000,0.000000,0.473416,0.013125,0.945083,2057,3355237,35880,0,2,0,2,0,0,0,0,0,0,5406,0,3510,1896,0
557,48169,15.504791,15.139317,14.741586,0.007672,0.000417,0.000000,0.000000,1.679959,0.014041,0.648625,1992,3355851,35482,0,2,0,2,0,0,0,0,0,0,7208,0,4680,2528,0
558,48170,17.691959,17.310902,15.709216,0.007460,0.000584,0.000000,0.000000,0.619666,0.014084,0.911459,2074,3448454,36817,0,2,0,2,0,0,0,0,0,0,5406,0,3510,1896,0
559,48171,15.904166,15.516528,15.009241,0.006671,0.000376,0.000000,0.000000,1.328042,0.019792,0.610791,2058,3350206,35818,0,2,0,2,0,0,0,0,0,0,5406,0,3510,1896,0
560,48172,16.441834,16.061340,14.838586,0.007164,0.000251,0.000000,0.000000,1.487333,0.038167,0.312500,1991,3358821,35406,0,2,0,2,0,0,0,0,0,0,7208,0,4680,2528,0
561,48173,16.943500,16.576858,15.185194,0.014453,0.000501,0.000000,0.000000,1.332125,0.029375,0.960417,2027,3405735,36432,0,2,0,2,0,0,0,0,0,0,5406,0,3510,1896,0
562,48174,17.104708,16.724013,15.296378,0.007084,0.000459,0.000000,0.000000,0.742750,0.034333,0.654375,2109,3417354,36489,0,2,0,2,0,0,0,0,0,0,7447,0,3510,3937,0
563,48175,16.632333,16.271072,14.499892,0.006167,0.000293,0.000000,0.000000,0.892167,0.011250,0.804416,1986,3348467,34914,0,2,0,2,0,0,0,0,0,0,7465,0,4680,2785,0
564,48176,22.572667,22.183093,17.683808,0.006544,0.000499,0.000000,0.000000,0.089208,0.037709,0.920500,2076,3873002,39894,0,2,0,2,0,0,0,0,0,0,5565,0,3510,2055,0
565,48177,18.014458,17.613483,17.205571,0.006551,0.000626,0.000000,0.000000,0.074084,0.020791,0.963124,2138,3714474,39516,0,2,0,2,0,0,0,0,0,0,5406,0,3510,1896,0
566,48178,16.559000,16.149869,16.140617,0.007123,0.000499,0.000000,0.000000,0.086959,0.046208,0.287333,2095,3368822,35601,0,2,0,2,0,0,0,0,0,0,7208,0,4680,2528,0
567,48179,16.303542,15.892416,15.871519,0.007250,0.000458,0.000000,0.000000,0.080000,0.025750,1.407541,2100,3324280,35518,0,2,0,2,0,0,0,0,0,0,5406,0,3510,1896,0
568,48180,16.286917,15.907752,15.545011,0.007077,0.000416,0.000000,0.000000,0.087583,0.017542,0.331000,2010,3302500,34941,0,2,0,2,0,0,0,0,0,0,5406,0,3510,1896,0
569,48181,16.483750,16.088227,16.071366,0.006672,0.000667,0.000000,0.000000,0.100208,0.052083,0.996918,2083,3528989,37205,0,2,0,2,0,0,0,0,0,0,7208,0,4680,2528,0
570,48182,16.911958,16.506646,16.440282,0.007036,0.000458,0.000000,0.000000,0.107292,0.034041,0.328959,2103,3481421,37211,0,2,0,2,0,0,0,0,0,0,5406,0,3510,1896,0
571,48183,16.352208,15.954344,15.916260,0.007165,0.000542,0.000000,0.000000,0.106334,0.037500,1.071875,2101,3430903,36617,0,2,0,2,0,0,0,0,0,0,5406,0,3510,1896,0
572,48184,16.153750,15.775169,15.776669,0.007451,0.000668,0.000000,0.000000,0.078042,0.020125,0.562708,2057,3486788,36776,0,2,0,2,0,0,0,0,0,0,7208,0,4680,2528,0
573,48185,15.705084,15.340310,15.266430,0.007044,0.000459,0.000000,0.000000,0.072583,0.013500,1.130584,2014,3397130,36267,0,2,0,2,0,0,0,0,0,0,5406,0,3510,1896,0
574,48186,15.580958,15.194879,15.199554,0.006379,0.000416,0.000000,0.000000,0.070875,0.014000,0.306750,2062,3377841,35906,0,2,0,2,0,0,0,0,0,0,7004,0,4536,2468,0
575,48187,16.316292,15.905661,15.804063,0.006872,0.000626,0.000000,0.000000,0.078791,0.016459,0.868166,2017,3417785,36248,0,2,0,2,0,0,0,0,0,0,5610,0,3654,1956,0
576,48188,15.410541,15.034387,15.050016,0.006959,0.000542,0.000000,0.000000,0.098875,0.014959,0.342417,2021,3368566,36050,0,2,0,2,0,0,0,0,0,0,5406,0,3510,1896,0
577,48189,15.282125,14.911057,14.910697,0.006832,0.000332,0.000000,0.000000,0.261209,0.012916,0.958000,1980,3360534,35508,0,2,0,2,0,0,0,0,0,0,7208,0,4680,2528,0
578,48190,15.975917,15.588354,15.425342,0.006628,0.000459,0.000000,0.000000,1.023917,0.012958,0.318708,2040,3452875,36881,0,2,0,2,0,0,0,0,0,0,5406,0,3510,1896,0
579,48191,19.172125,18.777327,15.733603,0.006547,0.000792,0.000000,0.000000,0.095458,0.015834,0.956251,2001,3354001,35757,0,2,0,2,0,0,0,0,0,0,5406,0,3510,1896,0
580,48192,15.168250,14.790851,14.833181,0.006871,0.000251,0.000000,0.000000,0.085292,0.048916,0.319750,1989,3367957,35608,0,2,0,2,0,0,0,0,0,0,7208,0,4680,2528,0
581,48193,16.347167,15.951921,15.824868,0.007205,0.000458,0.000000,0.000000,0.181166,0.012875,1.275168,2013,3421440,36443,0,2,0,2,0,0,0,0,0,0,5406,0,3510,1896,0
582,48194,15.995833,15.611191,15.530026,0.007037,0.000500,0.000000,0.000000,0.954583,0.015042,0.324125,2019,3386501,36255,0,2,0,2,0,0,0,0,0,0,5406,0,3510,1896,0
583,48195,16.057417,15.673698,14.769958,0.007079,0.000418,0.000000,0.000000,1.481833,0.012208,0.593958,1984,3358850,35053,0,2,0,2,0,0,0,0,0,0,7367,0,4680,2687,0
584,48196,19.122541,18.719034,17.319378,0.006301,0.000541,0.000000,0.000000,0.075125,0.012125,1.014959,2018,3682043,38561,0,2,0,2,0,0,0,0,0,0,5406,0,3510,1896,0
585,48197,15.672292,15.308259,15.298244,0.006873,0.000250,0.000000,0.000000,0.182958,0.018834,0.656125,1996,3344730,35619,0,2,0,2,0,0,0,0,0,0,5406,0,3510,1896,0
586,48198,15.299000,14.934919,14.854317,0.006711,0.000250,0.000000,0.000000,1.439292,0.013625,1.032957,2002,3362533,35492,0,2,0,2,0,0,0,0,0,0,7208,0,4680,2528,0
587,48199,16.882458,16.508256,15.155772,0.006502,0.000460,0.000000,0.000000,1.215375,0.051292,0.651334,2029,3383058,36196,0,2,0,2,0,0,0,0,0,0,5406,0,3510,1896,0
588,48200,16.463875,16.090723,14.943983,0.007085,0.000499,0.000000,0.000000,1.549042,0.035625,0.616792,2018,3328954,35606,0,2,0,2,0,0,0,0,0,0,5406,0,3510,1896,0
589,48201,16.539334,16.177327,14.712955,0.007875,0.000332,0.000000,0.000000,1.507416,0.031334,0.642250,1964,3317424,35019,0,2,0,2,0,0,0,0,0,0,7208,0,4680,2528,0
590,48202,16.365250,15.991117,14.569775,0.006709,0.000374,0.000000,0.000000,1.902958,0.011583,0.947374,2001,3407630,35442,0,2,0,2,0,0,0,0,0,0,5863,0,3510,2353,0
591,48203,18.132000,17.761617,15.934534,0.006404,0.000375,0.000000,0.000000,0.401375,0.029583,0.906417,2055,3658894,38354,0,2,0,2,0,0,0,0,0,0,5406,0,3510,1896,0
592,48204,15.651791,15.277309,14.975240,0.007242,0.000667,0.000000,0.000000,1.376334,0.014208,0.292083,1998,3364064,35502,0,2,0,2,0,0,0,0,0,0,7208,0,4680,2528,0
593,48205,17.971292,17.571710,16.326553,0.007372,0.000749,0.000000,0.000000,0.150208,0.021667,0.586375,2017,3412308,36225,0,2,0,2,0,0,0,0,0,0,5406,0,3510,1896,0
594,48206,15.485750,15.114120,15.078832,0.008209,0.000585,0.000000,0.000000,1.351500,0.039083,0.290792,2066,3377540,36049,0,2,0,2,0,0,0,0,0,0,5406,0,3510,1896,0
595,48207,17.103083,16.732415,15.463921,0.006914,0.000916,0.000000,0.000000,0.850042,0.039417,0.671209,1993,3355066,35337,0,2,0,2,0,0,0,0,0,0,7208,0,4680,2528,0
596,48208,16.607875,16.237477,15.432715,0.007577,0.000750,0.000000,0.000000,0.954167,0.034917,0.622875,2042,3399801,36360,0,2,0,2,0,0,0,0,0,0,5406,0,3510,1896,0
597,48209,16.483292,16.074074,15.178433,0.006958,0.000834,0.000000,0.000000,1.056167,0.014541,0.609250,2042,3348685,35710,0,2,0,2,0,0,0,0,0,0,5406,0,3510,1896,0
598,48210,15.974167,15.647318,14.614610,0.007246,0.000500,0.000000,0.000000,1.778666,0.046792,0.298125,1983,3344335,35200,0,2,0,2,0,0,0,0,0,0,7208,0,4680,2528,0
599,48211,16.827083,16.463724,14.753564,0.006580,0.000376,0.000000,0.000000,1.549083,0.012000,0.899666,2028,3382660,36153,0,2,0,2,0,0,0,0,0,0,5406,0,3510,1896,0
600,48212,15.889000,15.524515,14.025373,0.006580,0.000334,0.000000,0.000000,2.402292,0.012125,0.902417,2044,3335486,35529,0,2,0,2,0,0,0,0,0,0,5406,0,3510,1896,0
601,48213,16.453750,16.097579,13.739274,0.005881,0.000333,0.000000,0.000000,2.498292,0.012958,0.607666,1971,3333396,35243,0,2,0,2,0,0,0,0,0,0,7208,0,4680,2528,0
602,48214,16.791167,16.439604,14.052015,0.006667,0.000334,0.000000,0.000000,2.478583,0.011125,0.582916,1998,3442933,36073,0,2,0,2,0,0,0,0,0,0,5663,0,3510,2153,0
603,48215,18.375583,18.007090,15.620177,0.006455,0.000376,0.000000,0.000000,0.744792,0.012208,0.611458,2018,3767705,38913,0,2,0,2,0,0,0,0,0,0,5565,0,3510,2055,0
604,48216,17.207750,16.824878,16.162008,0.006334,0.000415,0.000000,0.000000,0.066167,0.019833,0.909125,2130,3736906,39390,0,2,0,2,0,0,0,0,0,0,7208,0,4680,2528,0
605,48217,14.927792,14.550764,14.586930,0.007038,0.000292,0.000000,0.000000,1.910625,0.016750,0.608000,2117,3395509,36160,0,2,0,2,0,0,0,0,0,0,5406,0,3510,1896,0
606,48218,16.681041,16.301759,14.485015,0.007497,0.000334,0.000000,0.000000,1.988750,0.015834,1.130292,2039,3357495,35514,0,2,0,2,0,0,0,0,0,0,5406,0,3510,1896,0
607,48219,17.248250,16.873600,14.912805,0.006790,0.000417,0.000000,0.000000,1.295084,0.014958,0.618416,2105,3522559,37220,0,2,0,2,0,0,0,0,0,0,7208,0,4680,2528,0
608,48220,16.706542,16.324675,15.109802,0.006459,0.000333,0.000000,0.000000,1.380208,0.011625,0.611958,2128,3550993,37839,0,2,0,2,0,0,0,0,0,0,5406,0,3510,1896,0
609,48221,16.053667,15.679737,14.380487,0.006290,0.000334,0.000000,0.000000,1.931666,0.011209,0.694792,2097,3442080,36576,0,2,0,2,0,0,0,0,0,0,5406,0,3510,1896,0
610,48222,16.599125,16.234115,14.378896,0.007165,0.000293,0.000000,0.000000,2.000375,0.010083,0.610083,2061,3460127,36509,0,2,0,2,0,0,0,0,0,0,7208,0,4680,2528,0
611,48223,16.999375,16.627360,14.698784,0.006788,0.000374,0.000000,0.000000,1.740708,0.011708,0.785958,2071,3485059,37270,0,2,0,2,0,0,0,0,0,0,5406,0,3510,1896,0
612,48224,16.520458,16.149335,14.485480,0.006828,0.000500,0.000000,0.000000,1.870833,0.015709,0.294000,2088,3380491,36132,0,2,0,2,0,0,0,0,0,0,5406,0,3510,1896,0
613,48225,16.196417,15.829336,14.014561,0.006575,0.000375,0.000000,0.000000,2.152166,0.011375,0.935207,1986,3363706,35442,0,2,0,2,0,0,0,0,0,0,7208,0,4680,2528,0
614,48226,17.211458,16.854344,14.796576,0.006714,0.000502,0.000000,0.000000,1.765917,0.011250,0.636916,2059,3465101,36988,0,2,0,2,0,0,0,0,0,0,5406,0,3510,1896,0
615,48227,17.078083,16.707745,14.254854,0.007121,0.000543,0.000000,0.000000,1.366500,0.011542,0.582459,2054,3354548,35804,0,2,0,2,0,0,0,0,0,0,5406,0,3510,1896,0
616,48228,15.669917,15.310393,14.020200,0.006833,0.000207,0.000000,0.000000,2.258167,0.011583,0.942875,1994,3348056,35428,0,2,0,2,0,0,0,0,0,0,7208,0,4680,2528,0
617,48229,17.034292,16.674447,14.491502,0.006621,0.000416,0.000000,0.000000,1.907083,0.011583,0.292542,2029,3447282,36611,0,2,0,2,0,0,0,0,0,0,5406,0,3510,1896,0
618,48230,16.960750,16.579426,14.704089,0.007291,0.000459,0.000000,0.000000,1.731750,0.012833,0.902042,2090,3408305,36441,0,2,0,2,0,0,0,0,0,0,5406,0,3510,1896,0
619,48231,16.237375,15.881742,14.202105,0.006746,0.000251,0.000000,0.000000,2.024041,0.011917,0.291167,1992,3399228,35830,0,2,0,2,0,0,0,0,0,0,7208,0,4680,2528,0
620,48232,16.726083,16.362620,14.440040,0.006833,0.000459,0.000000,0.000000,2.119958,0.012584,1.208042,2039,3397199,36348,0,2,0,2,0,0,0,0,0,0,5406,0,3510,1896,0
621,48233,16.002375,15.639255,13.601990,0.006959,0.000252,0.000000,0.000000,2.675208,0.011292,0.492291,2025,3360019,35206,0,2,0,2,0,0,0,0,0,0,5565,0,3510,2055,0
622,48234,18.723667,18.350031,15.743976,0.006207,0.000458,0.000000,0.000000,0.499416,0.011709,0.579249,2059,3732733,38922,0,2,0,2,0,0,0,0,0,0,7208,0,4680,2528,0
623,48235,14.594583,14.236642,13.835476,0.007546,0.000543,0.000000,0.000000,2.643625,0.011250,0.579584,1999,3327805,35503,0,2,0,2,0,0,0,0,0,0,5406,0,3510,1896,0
624,48236,17.118667,16.746628,14.192730,0.007044,0.000251,0.000000,0.000000,2.309875,0.012208,0.610250,2058,3333182,35529,0,2,0,2,0,0,0,0,0,0,5406,0,3510,1896,0
625,48237,16.672958,16.314316,14.082116,0.007335,0.000335,0.000000,0.000000,2.198917,0.012458,0.744001,1987,3381893,35637,0,2,0,2,0,0,0,0,0,0,7208,0,4680,2528,0
626,48238,16.640042,16.269015,14.165554,0.006670,0.000334,0.000000,0.000000,2.219583,0.014333,0.292166,2037,3364556,36052,0,2,0,2,0,0,0,0,0,0,5406,0,3510,1896,0
627,48239,17.177583,16.804194,14.696816,0.006750,0.000373,0.000000,0.000000,1.827708,0.039792,0.598417,2030,3305211,35155,0,2,0,2,0,0,0,0,0,0,7004,0,4536,2468,0
628,48240,16.218833,15.860758,14.119269,0.006995,0.000416,0.000000,0.000000,2.087292,0.011083,0.437958,1979,3373952,34871,0,2,0,2,0,0,0,0,0,0,6067,0,3654,2413,0
629,48241,18.667500,18.297008,16.280845,0.006200,0.000292,0.000000,0.000000,0.158500,0.013875,0.606501,2051,3655354,38233,0,2,0,2,0,0,0,0,0,0,5406,0,3510,1896,0
630,48242,15.297459,14.931261,14.870042,0.007581,0.000375,0.000000,0.000000,1.609583,0.039583,0.633125,2001,3370234,35617,0,2,0,2,0,0,0,0,0,0,7208,0,4680,2528,0
631,48243,17.206333,16.830463,15.318866,0.007795,0.000458,0.000000,0.000000,0.978750,0.013833,0.588625,2014,3406079,36331,0,2,0,2,0,0,0,0,0,0,5406,0,3510,1896,0
632,48244,16.005792,15.637931,14.776704,0.008585,0.000375,0.000000,0.000000,1.786041,0.015042,0.916292,2006,3350575,35691,0,2,0,2,0,0,0,0,0,0,5406,0,3510,1896,0
633,48245,16.917250,16.540007,14.852046,0.007710,0.000375,0.000000,0.000000,1.510500,0.022208,0.305834,1989,3352223,35458,0,2,0,2,0,0,0,0,0,0,7208,0,4680,2528,0
634,48246,17.315750,16.942943,15.478639,0.006420,0.000334,0.000000,0.000000,0.867000,0.012916,1.300042,2055,3420972,36515,0,2,0,2,0,0,0,0,0,0,5406,0,3510,1896,0
635,48247,16.297833,15.928610,15.091393,0.007834,0.000500,0.000000,0.000000,1.139500,0.044333,0.641250,1993,3333701,35600,0,2,0,2,0,0,0,0,0,0,5406,0,3510,1896,0
636,48248,16.208750,15.851934,14.755922,0.007628,0.000458,0.000000,0.000000,1.658792,0.014250,0.606751,1955,3331776,35132,0,2,0,2,0,0,0,0,0,0,7208,0,4680,2528,0
637,48249,17.135250,16.748400,15.199031,0.006829,0.000417,0.000000,0.000000,1.126333,0.013292,0.300584,2039,3399247,36291,0,2,0,2,0,0,0,0,0,0,5406,0,3510,1896,0
638,48250,16.507167,16.133451,15.067244,0.007877,0.000583,0.000000,0.000000,1.402083,0.020375,0.580709,2030,3369309,36008,0,2,0,2,0,0,0,0,0,0,5406,0,3510,1896,0
639,48251,16.358541,15.995951,14.704822,0.008284,0.000542,0.000000,0.000000,1.669542,0.013792,0.733041,1975,3337986,35140,0,2,0,2,0,0,0,0,0,0,7208,0,4680,2528,0
640,48252,17.005959,16.627112,15.082320,0.006873,0.000374,0.000000,0.000000,1.388041,0.012250,0.496750,2039,3393399,36309,0,2,0,2,0,0,0,0,0,0,5406,0,3510,1896,0
641,48253,16.435666,16.067471,14.786030,0.006881,0.000375,0.000000,0.000000,1.552625,0.041959,0.593834,1975,3348291,35591,0,2,0,2,0,0,0,0,0,0,5406,0,3510,1896,0
642,48254,17.004000,16.640563,15.167864,0.007122,0.000418,0.000000,0.000000,1.253375,0.027000,0.638167,2020,3399341,35913,0,2,0,2,0,0,0,0,0,0,7208,0,4680,2528,0
643,48255,16.711917,16.327541,15.174901,0.007170,0.000624,0.000000,0.000000,1.040167,0.012166,0.934000,2050,3409358,36492,0,2,0,2,0,0,0,0,0,0,5406,0,3510,1896,0
644,48256,16.238500,15.857105,14.883460,0.006668,0.000375,0.000000,0.000000,1.451458,0.038667,0.638500,2007,3339043,35649,0,2,0,2,0,0,0,0,0,0,5406,0,3510,1896,0
645,48257,16.425583,16.054999,14.654724,0.007710,0.000416,0.000000,0.000000,1.759334,0.014083,0.861083,1962,3329880,35159,0,2,0,2,0,0,0,0,0,0,7208,0,4680,2528,0
646,48258,17.426750,17.058449,15.421691,0.006708,0.000375,0.000000,0.000000,1.070917,0.029625,0.306250,2042,3436204,36619,0,2,0,2,0,0,0,0,0,0,5406,0,3510,1896,0
647,48259,16.394459,16.008485,15.043166,0.007426,0.000418,0.000000,0.000000,1.304000,0.039625,0.598125,2039,3355070,35876,0,2,0,2,0,0,0,0,0,0,5406,0,3510,1896,0
648,48260,16.180208,15.818849,14.591399,0.006369,0.000500,0.000000,0.000000,1.989208,0.043250,1.296001,1980,3341535,35176,0,2,0,2,0,0,0,0,0,0,7208,0,4680,2528,0
649,48261,17.630833,17.251796,15.361851,0.007791,0.000625,0.000000,0.000000,0.765500,0.017125,0.641084,2017,3388808,36151,0,2,0,2,0,0,0,0,0,0,5406,0,3510,1896,0
650,48262,16.206459,15.826618,15.141085,0.007461,0.000583,0.000000,0.000000,1.340625,0.028500,0.946292,2084,3371019,36074,0,2,0,2,0,0,0,0,0,0,5406,0,3510,1896,0
651,48263,16.181291,15.828485,14.575668,0.006879,0.000417,0.000000,0.000000,1.806000,0.028417,0.299375,1971,3325318,35123,0,2,0,2,0,0,0,0,0,0,7208,0,4680,2528,0
652,48264,17.273375,16.902283,15.193309,0.006746,0.000501,0.000000,0.000000,1.075667,0.014583,1.320959,2027,3410549,36349,0,2,0,2,0,0,0,0,0,0,5406,0,3510,1896,0
653,48265,16.309125,15.929339,14.960800,0.006130,0.000415,0.000000,0.000000,1.618959,0.013708,0.303458,2049,3358387,35805,0,2,0,2,0,0,0,0,0,0,5406,0,3510,1896,0
654,48266,16.953875,16.587533,15.076170,0.006711,0.000500,0.000000,0.000000,1.263250,0.021500,0.940084,1996,3372763,35586,0,2,0,2,0,0,0,0,0,0,7208,0,4680,2528,0
655,48267,16.750084,16.367661,15.218918,0.007128,0.000543,0.000000,0.000000,1.185250,0.020875,0.732876,2037,3407238,36448,0,2,0,2,0,0,0,0,0,0,5406,0,3510,1896,0
656,48268,16.419875,16.013934,14.922526,0.006959,0.000501,0.000000,0.000000,1.396916,0.013084,0.305792,2040,3337185,35628,0,2,0,2,0,0,0,0,0,0,5406,0,3510,1896,0
657,48269,16.343208,15.985066,14.695556,0.006997,0.000459,0.000000,0.000000,1.772333,0.026709,0.950999,1987,3364740,35541,0,2,0,2,0,0,0,0,0,0,7208,0,4680,2528,0
658,48270,17.539917,17.165834,15.462770,0.006792,0.000708,0.000000,0.000000,0.887416,0.038584,0.301417,2048,3422559,36508,0,2,0,2,0,0,0,0,0,0,5406,0,3510,1896,0
659,48271,15.786875,15.397670,14.534698,0.007881,0.000499,0.000000,0.000000,1.818958,0.014625,0.910166,2033,3344321,35059,0,2,0,2,0,0,0,0,0,0,5663,0,3510,2153,0
660,48272,18.687500,18.316198,16.611962,0.006081,0.000375,0.000000,0.000000,0.077708,0.016125,0.302042,2041,3800481,39387,0,2,0,2,0,0,0,0,0,0,7208,0,4680,2528,0
661,48273,15.641416,15.271052,15.293585,0.007334,0.000418,0.000000,0.000000,0.660500,0.014875,0.937083,2027,3451079,36126,0,2,0,2,0,0,0,0,0,0,5565,0,3510,2055,0
662,48274,18.067167,17.660092,17.081248,0.006002,0.000542,0.000000,0.000000,0.076042,0.042500,0.592917,2175,3758674,40093,0,2,0,2,0,0,0,0,0,0,5406,0,3510,1896,0
663,48275,18.424667,18.022933,17.753611,0.007288,0.001082,0.000000,0.000000,0.102625,0.115875,0.305583,2073,3329370,35047,0,2,0,2,0,0,0,0,0,0,7208,0,4680,2528,0
664,48276,17.037291,16.650287,16.338893,0.007295,0.000500,0.000000,0.000000,0.076834,0.013250,0.660584,2019,3374082,35809,0,2,0,2,0,0,0,0,0,0,5406,0,3510,1896,0
665,48277,16.197167,15.802362,15.832524,0.006758,0.000543,0.000000,0.000000,0.094917,0.017333,0.591959,2147,3497012,37182,0,2,0,2,0,0,0,0,0,0,5406,0,3510,1896,0
666,48278,15.461042,15.076533,14.966867,0.007000,0.000749,0.000000,0.000000,0.058083,0.012583,0.937917,2093,3504261,36613,0,2,0,2,0,0,0,0,0,0,7456,0,4680,2776,0
667,48279,17.796916,17.372570,17.389207,0.006796,0.000874,0.000000,0.000000,0.077625,0.015542,0.662792,2080,3826557,39883,0,2,0,2,0,0,0,0,0,0,5406,0,3510,1896,0
668,48280,16.138500,15.761981,15.729415,0.007039,0.000542,0.000000,0.000000,0.109709,0.023083,1.317999,2094,3457108,36280,0,2,0,2,0,0,0,0,0,0,5593,0,3510,2083,0
669,48281,18.051000,17.654950,17.529401,0.007084,0.000500,0.000000,0.000000,0.080500,0.012709,0.613625,2119,3705857,39001,0,2,0,2,0,0,0,0,0,0,9249,0,4680,4569,0
670,48282,16.508000,16.063581,16.043291,0.007291,0.000833,0.000000,0.000000,0.065584,0.017041,0.581208,2181,3451116,36874,0,2,0,2,0,0,0,0,0,0,5406,0,3510,1896,0
671,48283,15.530417,15.141683,15.146409,0.011588,0.000542,0.000000,0.000000,0.081208,0.022125,0.602751,2137,3319220,35392,0,2,0,2,0,0,0,0,0,0,5406,0,3510,1896,0
672,48284,15.329875,14.964784,14.995465,0.007253,0.000459,0.000000,0.000000,0.100000,0.014625,0.639833,1984,3359934,35278,0,2,0,2,0,0,0,0,0,0,7208,0,4680,2528,0
673,48285,15.822792,15.436898,15.448847,0.007665,0.000376,0.000000,0.000000,0.378833,0.014417,0.912209,2082,3501464,37279,0,2,0,2,0,0,0,0,0,0,5406,0,3510,1896,0
674,48286,16.447666,16.048743,15.773277,0.006668,0.000625,0.000000,0.000000,0.650584,0.014666,0.312042,2152,3480265,37277,0,2,0,2,0,0,0,0,0,0,5406,0,3510,1896,0
675,48287,16.444584,16.061419,15.496746,0.006548,0.000626,0.000000,0.000000,0.872083,0.010958,0.666375,2057,3476417,36742,0,2,0,2,0,0,0,0,0,0,7208,0,4680,2528,0
676,48288,16.367666,15.984566,15.184970,0.006954,0.000501,0.000000,0.000000,1.127167,0.013833,0.591458,2054,3414347,36626,0,2,0,2,0,0,0,0,0,0,5406,0,3510,1896,0
677,48289,16.612834,16.232291,15.187505,0.007368,0.000542,0.000000,0.000000,1.110416,0.013750,0.632916,2034,3368039,35820,0,2,0,2,0,0,0,0,0,0,5406,0,3510,1896,0
678,48290,17.086375,16.713110,15.643123,0.005789,0.000376,0.000000,0.000000,0.776541,0.049584,0.646042,2044,3466685,36700,0,2,0,2,0,0,0,0,0,0,7208,0,4680,2528,0
679,48291,15.966250,15.590306,14.896497,0.006171,0.000458,0.000000,0.000000,1.480791,0.036875,0.608167,2017,3378759,36043,0,2,0,2,0,0,0,0,0,0,5406,0,3510,1896,0
680,48292,16.879583,16.500129,15.114545,0.006950,0.000376,0.000000,0.000000,1.300042,0.013500,0.981416,2053,3358309,35590,0,2,0,2,0,0,0,0,0,0,7004,0,4536,2468,0
681,48293,17.029875,16.649687,15.420036,0.006958,0.000457,0.000000,0.000000,0.886875,0.013792,0.648833,2019,3423441,36429,0,2,0,2,0,0,0,0,0,0,5610,0,3654,1956,0
682,48294,16.486833,16.091719,15.285503,0.007202,0.000499,0.000000,0.000000,0.959875,0.013625,0.996209,2030,3388999,36236,0,2,0,2,0,0,0,0,0,0,5406,0,3510,1896,0
683,48295,16.045084,15.684751,14.808999,0.008036,0.000417,0.000000,0.000000,1.569416,0.025500,0.628833,1981,3363227,35578,0,2,0,2,0,0,0,0,0,0,7208,0,4680,2528,0
684,48296,17.406625,17.016153,15.546138,0.007296,0.000375,0.000000,0.000000,0.944458,0.033000,0.586708,2037,3436576,36729,0,2,0,2,0,0,0,0,0,0,5406,0,3510,1896,0
685,48297,16.239333,15.863777,14.993899,0.007334,0.000584,0.000000,0.000000,1.298083,0.050417,0.612667,1973,3342081,35596,0,2,0,2,0,0,0,0,0,0,5406,0,3510,1896,0
686,48298,16.516042,16.141167,14.927491,0.010660,0.000500,0.000000,0.000000,1.526166,0.022375,0.926334,2012,3383721,35820,0,2,0,2,0,0,0,0,0,0,7208,0,4680,2528,0
687,48299,17.392625,17.018881,15.602962,0.007209,0.000458,0.000000,0.000000,0.893750,0.013791,0.692249,2039,3427047,36571,0,2,0,2,0,0,0,0,0,0,5406,0,3510,1896,0
688,48300,16.368166,15.969717,15.148915,0.007837,0.000416,0.000000,0.000000,1.139625,0.049167,0.434625,2011,3367481,35950,0,2,0,2,0,0,0,0,0,0,5406,0,3510,1896,0
689,48301,15.589292,15.217014,14.166475,0.006914,0.000416,0.000000,0.000000,2.048000,0.011167,0.597458,2005,3377788,35293,0,2,0,2,0,0,0,0,0,0,7367,0,4680,2687,0
690,48302,19.304083,18.922604,16.962572,0.006004,0.000460,0.000000,0.000000,0.076750,0.040709,0.431458,2032,3718342,38872,0,2,0,2,0,0,0,0,0,0,5406,0,3510,1896,0
691,48303,15.357709,14.986007,14.992999,0.007299,0.000543,0.000000,0.000000,0.749125,0.012916,0.894375,2020,3345697,35694,0,2,0,2,0,0,0,0,0,0,5406,0,3510,1896,0
692,48304,15.750291,15.386896,14.739212,0.007667,0.000459,0.000000,0.000000,1.795500,0.022834,0.644250,1983,3335049,35118,0,2,0,2,0,0,0,0,0,0,7208,0,4680,2528,0
693,48305,17.236250,16.862585,15.165792,0.007919,0.000292,0.000000,0.000000,1.233625,0.013834,0.623750,2003,3391668,36008,0,2,0,2,0,0,0,0,0,0,5406,0,3510,1896,0
694,48306,16.405959,15.990385,14.710140,0.006922,0.000541,0.000000,0.000000,1.301875,0.012416,0.301167,1988,3379372,35396,0,2,0,2,0,0,0,0,0,0,5535,0,3510,2025,0
695,48307,18.200833,17.858727,16.505905,0.008790,0.000501,0.000000,0.000000,0.087000,0.025708,0.611708,2015,3565999,37407,0,2,0,2,0,0,0,0,0,0,7208,0,4680,2528,0
696,48308,15.862500,15.480554,15.182225,0.007329,0.000500,0.000000,0.000000,0.726625,0.013917,1.324416,2002,3384342,35220,0,2,0,2,0,0,0,0,0,0,5628,0,3510,2118,0
697,48309,18.606292,18.207488,16.908199,0.006447,0.000583,0.000000,0.000000,0.075875,0.024083,0.314542,2052,3640698,38422,0,2,0,2,0,0,0,0,0,0,5406,0,3510,1896,0
698,48310,15.709750,15.323085,15.332011,0.008375,0.000500,0.000000,0.000000,0.068916,0.012750,0.754750,2018,3389000,35842,0,2,0,2,0,0,0,0,0,0,7208,0,4680,2528,0
699,48311,15.918708,15.535883,15.542159,0.007373,0.000500,0.000000,0.000000,0.500208,0.016709,0.311708,2015,3420206,35780,0,2,0,2,0,0,0,0,0,0,5406,0,3510,1896,0
700,48312,16.869458,16.473209,16.044048,0.007827,0.000500,0.000000,0.000000,0.205750,0.014167,1.009458,2104,3484941,37127,0,2,0,2,0,0,0,0,0,0,5406,0,3510,1896,0
701,48313,15.325875,14.942168,14.802056,0.007629,0.000375,0.000000,0.000000,1.556417,0.018667,0.313709,2015,3379409,35289,0,2,0,2,0,0,0,0,0,0,7465,0,4680,2785,0
702,48314,19.201792,18.819627,17.298266,0.006459,0.000582,0.000000,0.000000,0.080333,0.013709,0.969375,2032,3926575,40812,0,2,0,2,0,0,0,0,0,0,5406,0,3510,1896,0
703,48315,15.861292,15.474714,15.518715,0.007332,0.000585,0.000000,0.000000,0.076750,0.057166,0.628791,2082,3432744,36509,0,2,0,2,0,0,0,0,0,0,5406,0,3510,1896,0
704,48316,15.852708,15.479397,15.450567,0.007829,0.000792,0.000000,0.000000,0.768917,0.013416,0.607375,2046,3443459,36408,0,2,0,2,0,0,0,0,0,0,7208,0,4680,2528,0
705,48317,16.875375,16.492724,15.821732,0.007219,0.000459,0.000000,0.000000,0.541042,0.055125,0.604792,2040,3474904,36916,0,2,0,2,0,0,0,0,0,0,5406,0,3510,1896,0
706,48318,16.543792,16.156869,15.680949,0.006296,0.000457,0.000000,0.000000,0.568666,0.048125,0.638667,2083,3450645,36697,0,2,0,2,0,0,0,0,0,0,5406,0,3510,1896,0
707,48319,15.981458,15.605910,15.127119,0.007209,0.000500,0.000000,0.000000,1.216250,0.036750,0.800125,2034,3423242,36178,0,2,0,2,0,0,0,0,0,0,7208,0,4680,2528,0
708,48320,17.214417,16.838855,15.718968,0.007004,0.000457,0.000000,0.000000,0.798583,0.023375,0.294250,2061,3495324,37210,0,2,0,2,0,0,0,0,0,0,5406,0,3510,1896,0
709,48321,16.167250,15.786827,15.092390,0.007963,0.000375,0.000000,0.000000,1.202125,0.018000,0.925917,2067,3403802,36268,0,2,0,2,0,0,0,0,0,0,5406,0,3510,1896,0
710,48322,16.769375,16.393962,15.306772,0.006754,0.000458,0.000000,0.000000,1.165375,0.011791,0.553541,2046,3445745,36199,0,2,0,2,0,0,0,0,0,0,7208,0,4680,2528,0
711,48323,17.204416,16.824534,15.754846,0.007083,0.000417,0.000000,0.000000,0.639875,0.013000,0.591417,2043,3509113,37251,0,2,0,2,0,0,0,0,0,0,5406,0,3510,1896,0
712,48324,16.312375,15.927325,15.343363,0.006709,0.000333,0.000000,0.000000,1.158709,0.014791,0.989292,2090,3428635,36468,0,2,0,2,0,0,0,0,0,0,5406,0,3510,1896,0
713,48325,18.060042,17.672721,16.495567,0.007948,0.001291,0.000000,0.000000,0.141708,0.026917,0.309625,2045,3435307,36327,0,2,0,2,0,0,0,0,0,0,7208,0,4680,2528,0
714,48326,24.635000,24.070841,22.600644,0.013739,0.001626,0.000000,0.000000,0.111333,0.014917,0.888251,2050,3513891,37202,0,2,0,2,0,0,0,0,0,0,5406,0,3510,1896,0
715,48327,21.436125,20.905269,19.875566,0.007091,0.002625,0.000000,0.000000,0.130542,0.033166,0.601167,2089,3427203,36516,0,2,0,2,0,0,0,0,0,0,5406,0,3510,1896,0
716,48328,19.778250,19.338987,18.641002,0.007458,0.001208,0.000000,0.000000,0.140625,0.035583,0.299625,2038,3425764,36214,0,2,0,2,0,0,0,0,0,0,7208,0,4680,2528,0
717,48329,20.273042,19.865808,18.599918,0.007086,0.000791,0.000000,0.000000,0.088416,0.040084,0.615583,2030,3487713,37069,0,2,0,2,0,0,0,0,0,0,5406,0,3510,1896,0
718,48330,17.100916,16.686659,16.443218,0.007334,0.000376,0.000000,0.000000,0.102584,0.017416,0.610916,2096,3443254,36122,0,2,0,2,0,0,0,0,0,0,5565,0,3510,2055,0
719,48331,19.075125,18.691599,17.806139,0.006998,0.000541,0.000000,0.000000,0.089334,0.015458,0.603000,2033,3704461,37930,0,2,0,2,0,0,0,0,0,0,7208,0,4680,2528,0
720,48332,17.629375,17.228434,17.063502,0.008785,0.000500,0.000000,0.000000,0.089917,0.022500,0.294125,2010,3480775,36658,0,2,0,2,0,0,0,0,0,0,5406,0,3510,1896,0
721,48333,17.311459,16.921946,16.712348,0.007247,0.000417,0.000000,0.000000,0.111166,0.049209,0.617417,2084,3436345,36337,0,2,0,2,0,0,0,0,0,0,5406,0,3510,1896,0
722,48334,17.466875,17.069545,16.897902,0.007789,0.000583,0.000000,0.000000,0.105666,0.025542,0.649624,2029,3446091,36047,0,2,0,2,0,0,0,0,0,0,7208,0,4680,2528,0
723,48335,18.762208,18.385617,17.563635,0.006870,0.000415,0.000000,0.000000,0.121000,0.029875,0.309417,2018,3459870,36526,0,2,0,2,0,0,0,0,0,0,5406,0,3510,1896,0
724,48336,16.806792,16.394451,16.270965,0.007458,0.000625,0.000000,0.000000,0.101583,0.014917,0.916126,2073,3388950,35866,0,2,0,2,0,0,0,0,0,0,5406,0,3510,1896,0
725,48337,16.622541,16.241055,16.011838,0.008075,0.000793,0.000000,0.000000,0.115625,0.034750,0.602500,2012,3425394,35975,0,2,0,2,0,0,0,0,0,0,7208,0,4680,2528,0
726,48338,17.940834,17.553501,16.904061,0.007000,0.000584,0.000000,0.000000,0.081583,0.040917,0.306125,2013,3424083,35572,0,2,0,2,0,0,0,0,0,0,5863,0,3510,2353,0
727,48339,18.026000,17.605591,17.420083,0.006420,0.000584,0.000000,0.000000,0.133250,0.025958,0.945500,1994,3713807,38389,0,2,0,2,0,0,0,0,0,0,5406,0,3510,1896,0
728,48340,16.978458,16.600814,16.460782,0.007208,0.000374,0.000000,0.000000,0.086042,0.016083,0.290166,2022,3485373,36301,0,2,0,2,0,0,0,0,0,0,7208,0,4680,2528,0
729,48341,15.913792,15.531504,15.485892,0.006499,0.000543,0.000000,0.000000,0.095666,0.067750,1.256334,2009,3395294,35929,0,2,0,2,0,0,0,0,0,0,5406,0,3510,1896,0
730,48342,16.861125,16.468752,16.370810,0.006204,0.000292,0.000000,0.000000,0.100875,0.037583,0.623000,2014,3434234,36143,0,2,0,2,0,0,0,0,0,0,5406,0,3510,1896,0
731,48343,16.701833,16.304170,16.211156,0.007201,0.000959,0.000000,0.000000,0.127833,0.031417,0.643291,2009,3458967,36213,0,2,0,2,0,0,0,0,0,0,7208,0,4680,2528,0
732,48344,17.931500,17.548773,17.271552,0.007879,0.001083,0.000000,0.000000,0.128083,0.043834,0.946791,2021,3399848,35926,0,2,0,2,0,0,0,0,0,0,5406,0,3510,1896,0
733,48345,17.224458,16.817324,16.341505,0.007873,0.000584,0.000000,0.000000,0.112292,0.019750,0.311291,2006,3379686,35628,0,2,0,2,0,0,0,0,0,0,7004,0,4536,2468,0
734,48346,16.859875,16.472472,16.390746,0.008004,0.001000,0.000000,0.000000,0.215084,0.022125,0.704166,2015,3469302,36379,0,2,0,2,0,0,0,0,0,0,5610,0,3654,1956,0
735,48347,15.851959,15.492053,15.419001,0.007171,0.000334,0.000000,0.000000,0.085833,0.015375,0.294959,1999,3372710,35633,0,2,0,2,0,0,0,0,0,0,5406,0,3510,1896,0
736,48348,19.388750,18.900376,17.876797,0.007591,0.000751,0.000000,0.000000,0.239166,0.020959,0.588417,1994,3381743,35502,0,2,0,2,0,0,0,0,0,0,7208,0,4680,2528,0
737,48349,17.828958,17.445513,17.226016,0.007541,0.000499,0.000000,0.000000,0.067833,0.015084,0.590417,2002,3453550,36430,0,2,0,2,0,0,0,0,0,0,5406,0,3510,1896,0
738,48350,17.568458,17.174467,16.891032,0.007583,0.000792,0.000000,0.000000,0.084542,0.015125,0.612542,2000,3393794,35822,0,2,0,2,0,0,0,0,0,0,5406,0,3510,1896,0
739,48351,16.135042,15.764208,15.712947,0.007377,0.000667,0.000000,0.000000,0.063833,0.013417,0.319292,2002,3382810,35507,0,2,0,2,0,0,0,0,0,0,7208,0,4680,2528,0
740,48352,16.963375,16.554989,16.423384,0.006499,0.000792,0.000000,0.000000,0.066167,0.012958,0.611416,1996,3448766,36359,0,2,0,2,0,0,0,0,0,0,5406,0,3510,1896,0
741,48353,15.830375,15.456463,15.442040,0.006501,0.000667,0.000000,0.000000,0.080917,0.014166,0.310625,1992,3381390,35879,0,2,0,2,0,0,0,0,0,0,5406,0,3510,1896,0
742,48354,16.810667,16.416774,16.230458,0.008536,0.000667,0.000000,0.000000,0.066458,0.013042,0.960874,2009,3422844,35814,0,2,0,2,0,0,0,0,0,0,7208,0,4680,2528,0
743,48355,15.859583,15.485924,15.466697,0.006412,0.000916,0.000000,0.000000,0.072250,0.016875,0.649333,1998,3452843,36465,0,2,0,2,0,0,0,0,0,0,5406,0,3510,1896,0
744,48356,16.584833,16.200580,16.058368,0.007703,0.000959,0.000000,0.000000,0.069750,0.010709,0.680834,2014,3408249,35986,0,2,0,2,0,0,0,0,0,0,5406,0,3510,1896,0
745,48357,15.807834,15.432730,15.429078,0.007161,0.000667,0.000000,0.000000,0.068458,0.014167,0.291042,2007,3396290,35648,0,2,0,2,0,0,0,0,0,0,7208,0,4680,2528,0
746,48358,16.631333,16.248432,16.241916,0.007367,0.000666,0.000000,0.000000,0.071458,0.022875,1.071708,2000,3471031,36673,0,2,0,2,0,0,0,0,0,0,5406,0,3510,1896,0
747,48359,16.506500,16.113672,16.112177,0.007632,0.000790,0.000000,0.000000,0.077000,0.019375,0.323125,2026,3406372,36036,0,2,0,2,0,0,0,0,0,0,5406,0,3510,1896,0
748,48360,15.563458,15.193837,15.170121,0.006164,0.000458,0.000000,0.000000,0.076917,0.018917,0.764917,2026,3385985,35499,0,2,0,2,0,0,0,0,0,0,7208,0,4680,2528,0
749,48361,15.454542,15.049618,15.074733,0.007787,0.000542,0.000000,0.000000,0.071208,0.020792,0.319875,2013,3463989,36518,0,2,0,2,0,0,0,0,0,0,5551,0,3510,2041,0
750,48362,17.288375,16.913716,16.586162,0.010002,0.000374,0.000000,0.000000,0.090042,0.015041,0.943625,2071,3764229,38964,0,2,0,2,0,0,0,0,0,0,5406,0,3510,1896,0
751,48363,15.945292,15.560166,15.544555,0.007785,0.000291,0.000000,0.000000,0.104041,0.031584,0.320792,2005,3383630,35619,0,2,0,2,0,0,0,0,0,0,7208,0,4680,2528,0
752,48364,16.149041,15.754498,15.576124,0.006548,0.000540,0.000000,0.000000,0.072250,0.014042,0.788458,2006,3434674,35901,0,2,0,2,0,0,0,0,0,0,5602,0,3510,2092,0
753,48365,18.803584,18.387516,17.914109,0.007199,0.000957,0.000000,0.000000,0.133833,0.044167,0.646250,2061,3665779,38243,0,2,0,2,0,0,0,0,0,0,5406,0,3510,1896,0
754,48366,16.975541,16.592088,16.471198,0.007824,0.000458,0.000000,0.000000,0.080459,0.023625,0.321083,2005,3419331,35891,0,2,0,2,0,0,0,0,0,0,7208,0,4680,2528,0
755,48367,16.816917,16.414650,16.338440,0.006996,0.000541,0.000000,0.000000,0.079125,0.031458,0.701667,2003,3432264,36232,0,2,0,2,0,0,0,0,0,0,5406,0,3510,1896,0
756,48368,16.066792,15.683759,15.516821,0.007671,0.000333,0.000000,0.000000,0.100916,0.016667,0.651166,2052,3398981,36003,0,2,0,2,0,0,0,0,0,0,5406,0,3510,1896,0
757,48369,16.027125,15.635042,15.577478,0.007502,0.000540,0.000000,0.000000,0.093541,0.015750,0.848542,1999,3389930,35657,0,2,0,2,0,0,0,0,0,0,7208,0,4680,2528,0
758,48370,16.093791,15.713251,15.709902,0.008010,0.000373,0.000000,0.000000,0.093500,0.042959,0.720791,2001,3457405,36424,0,2,0,2,0,0,0,0,0,0,5406,0,3510,1896,0
759,48371,18.047625,17.631628,17.205578,0.007291,0.000499,0.000000,0.000000,0.118750,0.014209,0.656750,2031,3386685,35809,0,2,0,2,0,0,0,0,0,0,5406,0,3510,1896,0
760,48372,16.494334,16.110502,16.003478,0.007087,0.000710,0.000000,0.000000,0.119458,0.016000,0.896417,2008,3390172,35344,0,2,0,2,0,0,0,0,0,0,7208,0,4680,2528,0
761,48373,18.677083,18.273554,17.903331,0.007956,0.000959,0.000000,0.000000,0.111792,0.027833,0.311500,1990,3510105,36797,0,2,0,2,0,0,0,0,0,0,5406,0,3510,1896,0
762,48374,15.531750,15.181348,15.171381,0.006087,0.000416,0.000000,0.000000,0.064167,0.014208,0.904958,2053,3447344,35593,0,2,0,2,0,0,0,0,0,0,5586,0,3510,2076,0
763,48375,16.601625,16.215679,16.204439,0.006539,0.000500,0.000000,0.000000,0.066250,0.014375,0.488833,2022,3748360,38772,0,2,0,2,0,0,0,0,0,0,7208,0,4680,2528,0
764,48376,15.940125,15.524899,15.560384,0.007418,0.000499,0.000000,0.000000,0.074208,0.014292,0.640708,1998,3509667,36713,0,2,0,2,0,0,0,0,0,0,5406,0,3510,1896,0
765,48377,16.342792,15.956777,15.894229,0.007040,0.000501,0.000000,0.000000,0.089416,0.014959,0.296125,2066,3481330,36527,0,2,0,2,0,0,0,0,0,0,5406,0,3510,1896,0
766,48378,16.811458,16.400741,16.334410,0.008086,0.000957,0.000000,0.000000,0.113625,0.027250,0.598083,2044,3537127,36827,0,2,0,2,0,0,0,0,0,0,7208,0,4680,2528,0
767,48379,17.936667,17.542947,17.247106,0.006744,0.000917,0.000000,0.000000,0.073291,0.025209,0.624834,2042,3551540,37065,0,2,0,2,0,0,0,0,0,0,5406,0,3510,1896,0
768,48380,16.280500,15.897461,15.899114,0.007413,0.000459,0.000000,0.000000,0.067333,0.013583,0.313625,2095,3527258,36969,0,2,0,2,0,0,0,0,0,0,5406,0,3510,1896,0
769,48381,16.043958,15.661362,15.663023,0.006824,0.000375,0.000000,0.000000,0.138833,0.015584,0.601125,2040,3489837,36350,0,2,0,2,0,0,0,0,0,0,7208,0,4680,2528,0
770,48382,16.833917,16.442378,16.080467,0.007332,0.000624,0.000000,0.000000,0.065958,0.016500,0.611041,2038,3571445,37614,0,2,0,2,0,0,0,0,0,0,5555,0,3510,2045,0
771,48383,18.464333,18.075593,17.223280,0.006171,0.000377,0.000000,0.000000,0.072625,0.019125,0.975417,2037,3787740,38993,0,2,0,2,0,0,0,0,0,0,5406,0,3510,1896,0
772,48384,16.744625,16.353512,16.333832,0.006834,0.000542,0.000000,0.000000,0.072750,0.032917,0.739584,2039,3497520,36584,0,2,0,2,0,0,0,0,0,0,7208,0,4680,2528,0
773,48385,17.073125,16.691286,16.605678,0.006996,0.000751,0.000000,0.000000,0.088750,0.021250,0.333583,2026,3489508,36825,0,2,0,2,0,0,0,0,0,0,5406,0,3510,1896,0
774,48386,19.490917,19.044730,18.579792,0.007264,0.000623,0.000000,0.000000,0.084250,0.013750,0.632834,2096,3475723,36633,0,2,0,2,0,0,0,0,0,0,5406,0,3510,1896,0
775,48387,16.272875,15.877915,15.861832,0.007708,0.000749,0.000000,0.000000,0.062208,0.019125,0.296958,2031,3413223,35813,0,2,0,2,0,0,0,0,0,0,7208,0,4680,2528,0
776,48388,16.795875,16.400948,16.318052,0.006877,0.000957,0.000000,0.000000,0.071375,0.017916,1.266208,2078,3563280,37411,0,2,0,2,0,0,0,0,0,0,7447,0,3510,3937,0
777,48389,16.089625,15.688345,15.348433,0.006995,0.000499,0.000000,0.000000,0.066125,0.013041,0.950667,2093,3461642,36307,0,2,0,2,0,0,0,0,0,0,5565,0,3510,2055,0
778,48390,18.479458,18.073102,18.041117,0.007079,0.000584,0.000000,0.000000,0.102250,0.018208,0.678292,2069,3946814,40268,0,2,0,2,0,0,0,0,0,0,7208,0,4680,2528,0
779,48391,16.265375,15.866974,15.861773,0.007501,0.000417,0.000000,0.000000,0.074292,0.012208,0.722333,2064,3431718,36529,0,2,0,2,0,0,0,0,0,0,5406,0,3510,1896,0
780,48392,16.354875,15.941568,15.930880,0.007330,0.000460,0.000000,0.000000,0.072000,0.021417,0.667583,2085,3403541,36161,0,2,0,2,0,0,0,0,0,0,5406,0,3510,1896,0
781,48393,16.704125,16.307555,16.269245,0.007786,0.000751,0.000000,0.000000,0.137250,0.024458,0.819291,2013,3454815,36218,0,2,0,2,0,0,0,0,0,0,7208,0,4680,2528,0
782,48394,18.559000,18.153706,18.012166,0.006584,0.000793,0.000000,0.000000,0.101500,0.030125,0.632959,2058,3435060,36625,0,2,0,2,0,0,0,0,0,0,5406,0,3510,1896,0
783,48395,16.293375,15.896169,15.841197,0.006881,0.000417,0.000000,0.000000,0.093333,0.033750,0.300792,2080,3391754,36038,0,2,0,2,0,0,0,0,0,0,5406,0,3510,1896,0
784,48396,16.604500,16.187120,16.185458,0.006744,0.000583,0.000000,0.000000,0.097750,0.018250,0.648958,2038,3445547,36184,0,2,0,2,0,0,0,0,0,0,7208,0,4680,2528,0
785,48397,16.021250,15.636599,15.605807,0.006330,0.000624,0.000000,0.000000,0.074875,0.016417,0.679625,1993,3382660,35821,0,2,0,2,0,0,0,0,0,0,5406,0,3510,1896,0
786,48398,14.834917,14.472170,14.450378,0.007244,0.000376,0.000000,0.000000,0.063291,0.013000,0.652083,2004,3410185,35938,0,2,0,2,0,0,0,0,0,0,7223,0,4536,2687,0
787,48399,17.873083,17.481635,17.188076,0.007495,0.000374,0.000000,0.000000,0.096333,0.013417,0.333708,2031,3826730,39108,0,2,0,2,0,0,0,0,0,0,5610,0,3654,1956,0
788,48400,15.949042,15.567231,15.574845,0.006708,0.000625,0.000000,0.000000,0.074375,0.013375,0.613417,2041,3444619,36347,0,2,0,2,0,0,0,0,0,0,5406,0,3510,1896,0
789,48401,16.260041,15.867942,15.841117,0.007380,0.000541,0.000000,0.000000,0.099875,0.017334,0.322791,2019,3400776,35580,0,2,0,2,0,0,0,0,0,0,7208,0,4680,2528,0
790,48402,16.896667,16.501358,16.487944,0.007924,0.000665,0.000000,0.000000,0.078708,0.013167,0.990750,2030,3518975,36908,0,2,0,2,0,0,0,0,0,0,5406,0,3510,1896,0
791,48403,15.549458,15.170410,15.138398,0.007079,0.000875,0.000000,0.000000,0.099292,0.020500,0.773000,1985,3392553,35821,0,2,0,2,0,0,0,0,0,0,5406,0,3510,1896,0
792,48404,16.493750,16.108040,15.983489,0.008158,0.000500,0.000000,0.000000,0.064875,0.012584,0.641167,2021,3428379,35635,0,2,0,2,0,0,0,0,0,0,7208,0,4680,2528,0
793,48405,21.304542,20.892187,20.337317,0.007416,0.000457,0.000000,0.000000,0.087458,0.036792,1.018499,2141,4418262,44535,0,2,0,2,0,0,0,0,0,0,5592,0,3510,2082,0
794,48406,17.800917,17.383296,17.402892,0.007264,0.000915,0.000000,0.000000,0.093166,0.023625,0.580126,2242,3642205,38511,0,2,0,2,0,0,0,0,0,0,5406,0,3510,1896,0
795,48407,16.252041,15.859413,15.903781,0.006329,0.000542,0.000000,0.000000,0.076667,0.026500,0.293167,2148,3574497,37490,0,2,0,2,0,0,0,0,0,0,7208,0,4680,2528,0
796,48408,16.125250,15.705450,15.703123,0.006415,0.000416,0.000000,0.000000,0.079500,0.025292,0.805708,2193,3589796,38234,0,2,0,2,0,0,0,0,0,0,5406,0,3510,1896,0
797,48409,15.422500,15.033425,15.077433,0.006293,0.000501,0.000000,0.000000,0.080625,0.025000,0.377000,2149,3533896,37508,0,2,0,2,0,0,0,0,0,0,5406,0,3510,1896,0
798,48410,15.460250,15.079235,15.089924,0.006257,0.000456,0.000000,0.000000,0.068459,0.015083,0.582667,2142,3544311,37224,0,2,0,2,0,0,0,0,0,0,7208,0,4680,2528,0
799,48411,15.496000,15.109757,15.124151,0.006455,0.000458,0.000000,0.000000,0.076209,0.023750,0.616792,2150,3538627,37713,0,2,0,2,0,0,0,0,0,0,5406,0,3510,1896,0
800,48412,15.650875,15.279901,14.618577,0.006786,0.000499,0.000000,0.000000,0.062375,0.013042,0.292708,2072,3463012,36785,0,2,0,2,0,0,0,0,0,0,5406,0,3510,1896,0
801,48413,14.797000,14.425888,14.439740,0.006124,0.000374,0.000000,0.000000,0.056209,0.018500,1.105833,2060,3458310,36470,0,2,0,2,0,0,0,0,0,0,7208,0,4680,2528,0
802,48414,15.391417,15.005723,15.028669,0.006040,0.000291,0.000000,0.000000,0.059583,0.012917,0.290167,2051,3575870,37657,0,2,0,2,0,0,0,0,0,0,5406,0,3510,1896,0
803,48415,14.898708,14.516812,14.542491,0.006869,0.000292,0.000000,0.000000,0.067959,0.016125,0.906834,2117,3461274,37037,0,2,0,2,0,0,0,0,0,0,5406,0,3510,1896,0
804,48416,13.853042,13.498036,13.528584,0.007626,0.000458,0.000000,0.000000,0.065792,0.011208,0.609500,2036,3418792,35693,0,2,0,2,0,0,0,0,0,0,7367,0,4680,2687,0
805,48417,16.876917,16.505640,15.300677,0.006250,0.000375,0.000000,0.000000,0.068666,0.012875,0.914708,2055,3731431,38719,0,2,0,2,0,0,0,0,0,0,5406,0,3510,1896,0
806,48418,16.409375,16.040593,16.054399,0.006541,0.000375,0.000000,0.000000,0.066791,0.019459,0.611625,2103,3811850,39220,0,2,0,2,0,0,0,0,0,0,5711,0,3510,2201,0
807,48419,16.670583,16.300774,16.333733,0.005666,0.000334,0.000000,0.000000,0.075708,0.020875,0.606207,2030,4046712,41445,0,2,0,2,0,0,0,0,0,0,7208,0,4680,2528,0
808,48420,14.942917,14.574461,14.609362,0.006964,0.000583,0.000000,0.000000,0.070750,0.013750,0.610250,2062,3432006,36708,0,2,0,2,0,0,0,0,0,0,5406,0,3510,1896,0
809,48421,14.531958,14.170261,14.208252,0.007372,0.000416,0.000000,0.000000,0.076292,0.021333,0.291042,2037,3380728,36019,0,2,0,2,0,0,0,0,0,0,5406,0,3510,1896,0
810,48422,15.797750,15.412896,15.452939,0.006622,0.000417,0.000000,0.000000,0.067375,0.020917,1.225292,2167,3708485,39319,0,2,0,2,0,0,0,0,0,0,7208,0,4680,2528,0
811,48423,15.479958,15.093256,15.134130,0.006248,0.000373,0.000000,0.000000,0.070334,0.025833,0.288291,2170,3635453,38902,0,2,0,2,0,0,0,0,0,0,5406,0,3510,1896,0
812,48424,15.303042,14.910629,14.953004,0.006787,0.000624,0.000000,0.000000,0.068750,0.017875,0.796750,2209,3589312,38403,0,2,0,2,0,0,0,0,0,0,5406,0,3510,1896,0
813,48425,15.250708,14.865755,14.904865,0.007126,0.000332,0.000000,0.000000,0.071334,0.020833,0.618750,2171,3592456,38167,0,2,0,2,0,0,0,0,0,0,7208,0,4680,2528,0
814,48426,16.783500,16.410429,15.607384,0.008044,0.000417,0.000000,0.000000,0.093542,0.018833,0.665708,2085,3551971,37724,0,2,0,2,0,0,0,0,0,0,5406,0,3510,1896,0
815,48427,15.117834,14.741927,14.776110,0.006958,0.000250,0.000000,0.000000,0.084916,0.017667,0.607167,2105,3452231,36850,0,2,0,2,0,0,0,0,0,0,5406,0,3510,1896,0
816,48428,15.221208,14.836757,14.875178,0.006510,0.000375,0.000000,0.000000,0.063333,0.017542,1.087583,2160,3590452,38215,0,2,0,2,0,0,0,0,0,0,7208,0,4680,2528,0
817,48429,15.528000,15.142906,15.182748,0.006748,0.000499,0.000000,0.000000,1.164583,0.017792,0.315042,2162,3648847,38969,0,2,0,2,0,0,0,0,0,0,5406,0,3510,1896,0
818,48430,16.639292,16.233898,15.155202,0.006459,0.000333,0.000000,0.000000,1.229416,0.015875,0.598209,2219,3607439,38701,0,2,0,2,0,0,0,0,0,0,5406,0,3510,1896,0
819,48431,16.183333,15.810202,14.661625,0.006755,0.000334,0.000000,0.000000,1.625833,0.011250,0.615417,2138,3583274,38042,0,2,0,2,0,0,0,0,0,0,7208,0,4680,2528,0
820,48432,16.802083,16.431429,14.883238,0.006795,0.000500,0.000000,0.000000,1.628125,0.015625,0.930958,2092,3500590,37296,0,2,0,2,0,0,0,0,0,0,5406,0,3510,1896,0
821,48433,17.837625,17.459492,14.922885,0.006923,0.000501,0.000000,0.000000,0.512875,0.013250,0.349875,2103,3450466,36852,0,2,0,2,0,0,0,0,0,0,5406,0,3510,1896,0
822,48434,16.248709,15.842497,15.215986,0.006042,0.000333,0.000000,0.000000,0.925875,0.011708,0.586125,2171,3617165,38483,0,2,0,2,0,0,0,0,0,0,7208,0,4680,2528,0
823,48435,17.048375,16.658050,15.637294,0.006336,0.000502,0.000000,0.000000,0.366375,0.016416,0.911375,2172,3627228,38749,0,2,0,2,0,0,0,0,0,0,5406,0,3510,1896,0
824,48436,128.024166,127.585725,18.470695,0.007375,0.000458,0.000000,0.000000,0.199584,0.019333,5.466544,2271,3678276,39436,0,2,0,2,0,0,0,0,0,0,5406,0,3510,1896,0
825,48437,17.070875,16.652247,16.674230,0.006673,0.000542,0.000000,0.000000,0.112625,0.017959,0.289750,2203,3669044,39084,0,2,0,2,0,0,0,0,0,0,7208,0,4680,2528,0
826,48438,17.366209,16.956819,16.931418,0.005962,0.000540,0.000000,0.000000,0.087416,0.052209,0.919874,2145,3627456,38670,0,2,0,2,0,0,0,0,0,0,5406,0,3510,1896,0
827,48439,16.562791,16.148582,16.103924,0.007620,0.000500,0.000000,0.000000,0.091625,0.016834,0.312583,2169,3525300,37662,0,4,0,4,0,0,0,0,0,0,5406,0,3510,1896,0
828,48440,15.988459,15.602707,15.644247,0.007462,0.000459,0.000000,0.000000,0.085875,0.046125,1.294000,2110,3515987,37134,0,2,0,2,0,0,0,0,0,0,7208,0,4680,2528,0
829,48441,16.950000,16.515931,16.510901,0.007164,0.000416,0.000000,0.000000,0.085750,0.015875,0.623500,2118,3535631,37742,0,2,0,2,0,0,0,0,0,0,5406,0,3510,1896,0
830,48442,16.096458,15.700333,15.716729,0.007211,0.000501,0.000000,0.000000,0.078958,0.049417,0.597374,2184,3497848,37340,0,2,0,2,0,0,0,0,0,0,5406,0,3510,1896,0
831,48443,16.880875,16.491542,16.423591,0.007836,0.000665,0.000000,0.000000,0.097375,0.018917,0.591667,2087,3481572,36709,0,2,0,2,0,0,0,0,0,0,7208,0,4680,2528,0
832,48444,16.587667,16.195972,16.199883,0.006706,0.000417,0.000000,0.000000,0.093833,0.013625,0.298417,2128,3497698,37327,0,2,0,2,0,0,0,0,0,0,5406,0,3510,1896,0
833,48445,16.195708,15.803882,15.815986,0.007535,0.000376,0.000000,0.000000,0.081375,0.014917,0.869959,2128,3452913,36786,0,2,0,2,0,0,0,0,0,0,5406,0,3510,1896,0
834,48446,16.542667,16.152812,16.035439,0.006955,0.000459,0.000000,0.000000,0.095791,0.014459,0.499167,2106,3538753,37193,0,2,0,2,0,0,0,0,0,0,7208,0,4680,2528,0
835,48447,16.519791,16.116378,16.101763,0.007495,0.000583,0.000000,0.000000,0.103417,0.017667,0.600917,2101,3476675,37060,0,2,0,2,0,0,0,0,0,0,5406,0,3510,1896,0
836,48448,16.696542,16.290697,16.267066,0.007327,0.000418,0.000000,0.000000,0.087542,0.040166,0.664084,2090,3467277,36900,0,2,0,2,0,0,0,0,0,0,5406,0,3510,1896,0
837,48449,15.865667,15.471034,15.448365,0.006959,0.000459,0.000000,0.000000,0.093416,0.014167,0.941583,2085,3534396,36723,0,2,0,2,0,0,0,0,0,0,7367,0,4680,2687,0
838,48450,17.128125,16.738237,16.433280,0.006875,0.000499,0.000000,0.000000,0.081375,0.015166,0.290833,2134,3742057,38782,0,2,0,2,0,0,0,0,0,0,5569,0,3510,2059,0
839,48451,16.498250,16.106665,16.124214,0.006925,0.000332,0.000000,0.000000,0.088041,0.014500,0.826001,2097,3663633,38589,0,2,0,2,0,0,0,0,0,0,7138,0,4536,2602,0
840,48452,19.916708,19.506867,19.450583,0.006994,0.001166,0.000000,0.000000,0.104667,0.021166,0.598125,2126,3851311,40328,0,2,0,2,0,0,0,0,0,0,5610,0,3654,1956,0
841,48453,16.044167,15.655972,15.648185,0.006926,0.000626,0.000000,0.000000,0.108583,0.029458,0.310916,2009,3380255,35990,0,2,0,2,0,0,0,0,0,0,5406,0,3510,1896,0
842,48454,15.989333,15.610898,15.626493,0.007215,0.000666,0.000000,0.000000,0.083417,0.045791,0.966458,2033,3423791,36145,0,2,0,2,0,0,0,0,0,0,7208,0,4680,2528,0
843,48455,15.947167,15.573554,15.582807,0.006914,0.000625,0.000000,0.000000,0.100000,0.016166,0.639458,2056,3454024,36783,0,2,0,2,0,0,0,0,0,0,5406,0,3510,1896,0
844,48456,15.850833,15.485958,15.093724,0.007167,0.000416,0.000000,0.000000,0.089000,0.020833,0.587500,1996,3379600,35751,0,2,0,2,0,0,0,0,0,0,5406,0,3510,1896,0
845,48457,16.095542,15.708857,15.713630,0.007498,0.000584,0.000000,0.000000,0.099416,0.017000,0.306875,2041,3448583,36380,0,2,0,2,0,0,0,0,0,0,7208,0,4680,2528,0
846,48458,16.274083,15.893981,15.910349,0.007086,0.000458,0.000000,0.000000,0.093500,0.049208,0.746000,2051,3469886,36916,0,2,0,2,0,0,0,0,0,0,5406,0,3510,1896,0
847,48459,16.332583,15.937843,15.938941,0.007238,0.001000,0.000000,0.000000,0.123250,0.030459,0.296583,2045,3398895,36222,0,2,0,2,0,0,0,0,0,0,5406,0,3510,1896,0
848,48460,16.219709,15.846241,15.808976,0.007456,0.000750,0.000000,0.000000,0.101291,0.019459,1.194667,2020,3409739,35908,0,2,0,2,0,0,0,0,0,0,7208,0,4680,2528,0
849,48461,16.165208,15.780626,15.790157,0.007131,0.000667,0.000000,0.000000,0.087208,0.015709,0.330042,2044,3454458,36658,0,2,0,2,0,0,0,0,0,0,5406,0,3510,1896,0
850,48462,15.499542,15.121403,15.116620,0.007043,0.000583,0.000000,0.000000,0.071666,0.024375,0.830167,2023,3415045,35860,0,2,0,2,0,0,0,0,0,0,5565,0,3510,2055,0
851,48463,17.083916,16.699875,16.692327,0.007672,0.000585,0.000000,0.000000,0.085709,0.038083,0.639708,2026,3669473,38127,0,2,0,2,0,0,0,0,0,0,7208,0,4680,2528,0
852,48464,16.340167,15.955555,15.947933,0.007419,0.000500,0.000000,0.000000,0.120000,0.016250,0.909083,2028,3471609,36766,0,2,0,2,0,0,0,0,0,0,5406,0,3510,1896,0
853,48465,15.827833,15.431407,15.417448,0.007377,0.000458,0.000000,0.000000,0.098792,0.018250,0.636875,2028,3403763,36238,0,2,0,2,0,0,0,0,0,0,5406,0,3510,1896,0
854,48466,15.942042,15.565500,15.590365,0.007376,0.000500,0.000000,0.000000,0.081292,0.025125,0.791417,2027,3431862,36101,0,2,0,2,0,0,0,0,0,0,7208,0,4680,2528,0
855,48467,15.795417,15.410643,15.450764,0.007632,0.000540,0.000000,0.000000,0.100083,0.017667,0.635833,2043,3454837,36699,0,2,0,2,0,0,0,0,0,0,5406,0,3510,1896,0
856,48468,15.656416,15.278773,15.311395,0.006252,0.000625,0.000000,0.000000,0.075959,0.039375,0.656709,2046,3382421,35960,0,2,0,2,0,0,0,0,0,0,5406,0,3510,1896,0
857,48469,15.355084,14.990682,15.001978,0.008462,0.000416,0.000000,0.000000,0.078500,0.013166,0.633125,2012,3392949,35812,0,2,0,2,0,0,0,0,0,0,7208,0,4680,2528,0
858,48470,15.761541,15.388879,15.402633,0.007248,0.000500,0.000000,0.000000,0.091125,0.015084,0.921125,2035,3466832,36577,0,2,0,2,0,0,0,0,0,0,5406,0,3510,1896,0
859,48471,15.955042,15.579727,15.607611,0.006624,0.000542,0.000000,0.000000,0.074750,0.013167,0.313541,2084,3444106,36607,0,2,0,2,0,0,0,0,0,0,5406,0,3510,1896,0
860,48472,15.460375,15.072284,15.059959,0.007581,0.000543,0.000000,0.000000,0.601750,0.014542,0.611499,2011,3381783,35698,0,2,0,2,0,0,0,0,0,0,7208,0,4680,2528,0
861,48473,15.984833,15.611635,15.125113,0.006998,0.000541,0.000000,0.000000,1.327375,0.014209,0.608834,2031,3440693,36554,0,2,0,2,0,0,0,0,0,0,5406,0,3510,1896,0
862,48474,16.833667,16.456924,15.234224,0.007411,0.000542,0.000000,0.000000,1.046375,0.011500,0.627000,2094,3420390,36400,0,2,0,2,0,0,0,0,0,0,5406,0,3510,1896,0
863,48475,16.355542,15.980093,15.031773,0.006874,0.000458,0.000000,0.000000,1.493875,0.017125,0.300000,2003,3372084,35583,0,2,0,2,0,0,0,0,0,0,7208,0,4680,2528,0
864,48476,17.373000,16.998341,15.616886,0.006584,0.000542,0.000000,0.000000,0.679791,0.047584,0.587083,2039,3440847,36553,0,2,0,2,0,0,0,0,0,0,5406,0,3510,1896,0
865,48477,15.909541,15.523872,14.929986,0.006790,0.000459,0.000000,0.000000,1.564292,0.013792,0.915416,2045,3375079,35874,0,2,0,2,0,0,0,0,0,0,5406,0,3510,1896,0
866,48478,17.083417,16.710080,15.264740,0.006451,0.000624,0.000000,0.000000,1.096292,0.030916,0.305250,2020,3403480,35981,0,2,0,2,0,0,0,0,0,0,7208,0,4680,2528,0
867,48479,16.894500,16.511539,15.476760,0.006581,0.000540,0.000000,0.000000,0.790583,0.011625,1.290876,2036,3442690,36574,0,2,0,2,0,0,0,0,0,0,5406,0,3510,1896,0
868,48480,16.165000,15.788152,15.084561,0.007038,0.000457,0.000000,0.000000,1.241250,0.024125,0.638292,2063,3376482,35887,0,2,0,2,0,0,0,0,0,0,5406,0,3510,1896,0
869,48481,16.981667,16.597681,15.308587,0.006087,0.000625,0.000000,0.000000,1.071708,0.014333,0.591792,2011,3383538,35723,0,2,0,2,0,0,0,0,0,0,7208,0,4680,2528,0
870,48482,17.065500,16.688323,15.726959,0.007252,0.000709,0.000000,0.000000,0.581208,0.016000,0.295583,2047,3460719,36928,0,2,0,2,0,0,0,0,0,0,5406,0,3510,1896,0
871,48483,16.012541,15.627538,15.153611,0.011040,0.000624,0.000000,0.000000,1.304834,0.012708,0.934833,2049,3361567,35916,0,2,0,2,0,0,0,0,0,0,5406,0,3510,1896,0
872,48484,16.694500,16.334862,15.115562,0.011207,0.000500,0.000000,0.000000,1.280459,0.037708,0.997084,2010,3390737,35838,0,2,0,2,0,0,0,0,0,0,7208,0,4680,2528,0
873,48485,16.951500,16.569333,15.382640,0.007503,0.000458,0.000000,0.000000,0.869459,0.012250,0.496083,2022,3407633,36406,0,2,0,2,0,0,0,0,0,0,5406,0,3510,1896,0
874,48486,16.485542,16.093579,15.307515,0.007163,0.000418,0.000000,0.000000,1.087000,0.013958,0.913750,2085,3394731,36300,0,2,0,2,0,0,0,0,0,0,5406,0,3510,1896,0
875,48487,16.400917,16.032865,15.031572,0.006835,0.000418,0.000000,0.000000,1.436208,0.022875,0.302709,2007,3374564,35747,0,2,0,2,0,0,0,0,0,0,7208,0,4680,2528,0
876,48488,17.144666,16.741995,15.418162,0.008042,0.000458,0.000000,0.000000,0.859917,0.013958,0.602292,2061,3436669,36737,0,2,0,2,0,0,0,0,0,0,5406,0,3510,1896,0
877,48489,16.311917,15.931241,15.132491,0.006822,0.000376,0.000000,0.000000,1.317792,0.011916,0.630083,2074,3382242,36144,0,2,0,2,0,0,0,0,0,0,5406,0,3510,1896,0
878,48490,16.330542,15.964546,14.750333,0.006459,0.000333,0.000000,0.000000,1.613291,0.013750,0.628958,2016,3381777,35535,0,2,0,2,0,0,0,0,0,0,7208,0,4680,2528,0
879,48491,17.559375,17.172168,15.677453,0.006703,0.000374,0.000000,0.000000,0.663708,0.014917,0.300958,2079,3476526,37157,0,2,0,2,0,0,0,0,0,0,5406,0,3510,1896,0
880,48492,15.973541,15.587111,15.033094,0.006831,0.000375,0.000000,0.000000,1.322917,0.013875,0.777084,2063,3361518,35880,0,2,0,2,0,0,0,0,0,0,5406,0,3510,1896,0
881,48493,16.620459,16.233612,15.017857,0.007202,0.000290,0.000000,0.000000,1.493125,0.020708,0.933208,2030,3384566,35830,0,2,0,2,0,0,0,0,0,0,7208,0,4680,2528,0
882,48494,18.125125,17.729395,16.353577,0.006914,0.000418,0.000000,0.000000,0.076791,0.014292,0.640583,2132,3582112,38231,0,2,0,2,0,0,0,0,0,0,5406,0,3510,1896,0
883,48495,16.366541,15.965454,15.832020,0.007540,0.000249,0.000000,0.000000,0.357459,0.014416,0.587083,2163,3487600,37218,0,2,0,2,0,0,0,0,0,0,7447,0,3510,3937,0
884,48496,16.564792,16.183728,15.907029,0.007667,0.000460,0.000000,0.000000,0.337708,0.013000,0.468125,2073,3510041,37206,0,2,0,2,0,0,0,0,0,0,7208,0,4680,2528,0
885,48497,16.413667,16.017953,15.758170,0.007284,0.000418,0.000000,0.000000,0.585708,0.013375,0.932541,2093,3490219,37336,0,2,0,2,0,0,0,0,0,0,5406,0,3510,1896,0
886,48498,16.902250,16.508314,16.004785,0.006876,0.000500,0.000000,0.000000,0.409208,0.011833,0.642000,2119,3511940,37594,0,2,0,2,0,0,0,0,0,0,5406,0,3510,1896,0
887,48499,16.697291,16.310251,15.979723,0.006792,0.000584,0.000000,0.000000,0.448292,0.022167,0.994458,2105,3527209,37373,0,2,0,2,0,0,0,0,0,0,7208,0,4680,2528,0
888,48500,16.240834,15.836239,15.504571,0.007499,0.000543,0.000000,0.000000,0.766666,0.014375,0.596749,2092,3471610,37088,0,2,0,2,0,0,0,0,0,0,5406,0,3510,1896,0
889,48501,17.079791,16.688142,16.011107,0.007245,0.000667,0.000000,0.000000,0.501417,0.052125,0.300833,2078,3469383,37138,0,2,0,2,0,0,0,0,0,0,5406,0,3510,1896,0
890,48502,16.683584,16.303325,15.884669,0.006923,0.000376,0.000000,0.000000,0.595666,0.014042,0.936457,2114,3547681,37581,0,2,0,2,0,0,0,0,0,0,7208,0,4680,2528,0
891,48503,16.684333,16.291917,15.794860,0.007539,0.000375,0.000000,0.000000,0.354583,0.019500,0.643625,2114,3465614,37137,0,2,0,2,0,0,0,0,0,0,5406,0,3510,1896,0
892,48504,16.696833,16.318919,15.923118,0.006709,0.000416,0.000000,0.000000,0.285209,0.030166,0.789000,2067,3460832,36830,0,2,0,2,0,0,0,0,0,0,7004,0,4536,2468,0
893,48505,16.429542,16.039015,15.832990,0.007005,0.000752,0.000000,0.000000,0.624458,0.031209,0.309042,2095,3514882,37460,0,2,0,2,0,0,0,0,0,0,5610,0,3654,1956,0
894,48506,16.701000,16.317896,15.774326,0.006591,0.000708,0.000000,0.000000,0.444792,0.013666,0.964334,2112,3490757,37395,0,2,0,2,0,0,0,0,0,0,5406,0,3510,1896,0
895,48507,16.060667,15.685083,15.356602,0.007371,0.000416,0.000000,0.000000,1.168583,0.012750,0.303667,2058,3445359,36554,0,2,0,2,0,0,0,0,0,0,7208,0,4680,2528,0
896,48508,17.430708,17.035305,15.917648,0.007003,0.000458,0.000000,0.000000,0.486000,0.013792,0.951874,2108,3502107,37494,0,2,0,2,0,0,0,0,0,0,5406,0,3510,1896,0
897,48509,16.326625,15.944466,15.527128,0.007040,0.000542,0.000000,0.000000,0.703083,0.020834,0.975375,2059,3454388,36988,0,2,0,2,0,0,0,0,0,0,5406,0,3510,1896,0
898,48510,15.613625,15.222248,14.611863,0.006875,0.000541,0.000000,0.000000,1.834000,0.012292,0.651958,1950,3274824,34488,0,2,0,2,0,0,0,0,0,0,7208,0,4680,2528,0
899,48511,17.439000,17.068257,15.328674,0.015244,0.000331,0.000000,0.000000,1.040292,0.037166,0.600376,2000,3360366,35900,0,2,0,2,0,0,0,0,0,0,5406,0,3510,1896,0
900,48512,16.432667,16.048169,15.083938,0.007125,0.000584,0.000000,0.000000,1.180666,0.051542,0.662625,1979,3259903,34979,0,2,0,2,0,0,0,0,0,0,5406,0,3510,1896,0
901,48513,16.143125,15.774401,14.648635,0.007090,0.000332,0.000000,0.000000,1.828791,0.028959,0.963541,1930,3253163,34609,0,2,0,2,0,0,0,0,0,0,7208,0,4680,2528,0
902,48514,17.293750,16.921102,15.195164,0.007582,0.000625,0.000000,0.000000,1.347041,0.016250,0.504250,2005,3339408,35704,0,2,0,2,0,0,0,0,0,0,5406,0,3510,1896,0
903,48515,16.532041,16.151364,14.874127,0.006417,0.000416,0.000000,0.000000,1.203167,0.014125,0.604208,1963,3260276,34952,0,2,0,2,0,0,0,0,0,0,5406,0,3510,1896,0
904,48516,15.773834,15.419913,14.291779,0.008000,0.000500,0.000000,0.000000,2.118250,0.013958,0.953792,1938,3265871,34620,0,2,0,2,0,0,0,0,0,0,7208,0,4680,2528,0
905,48517,17.191958,16.830926,14.801240,0.007589,0.000541,0.000000,0.000000,1.701542,0.022541,0.640208,1968,3314874,35504,0,2,0,2,0,0,0,0,0,0,5406,0,3510,1896,0
906,48518,16.917750,16.538549,14.962696,0.007788,0.000375,0.000000,0.000000,1.453083,0.014084,0.979250,2033,3288286,35288,0,2,0,2,0,0,0,0,0,0,5406,0,3510,1896,0
907,48519,16.187083,15.825303,14.473873,0.008048,0.000501,0.000000,0.000000,1.970750,0.014834,0.304667,1925,3198769,34028,0,2,0,2,0,0,0,0,0,0,7208,0,4680,2528,0
908,48520,19.805000,19.430518,17.560403,0.006627,0.000541,0.000000,0.000000,0.076417,0.018042,0.625124,1981,3943800,41511,0,2,0,2,0,0,0,0,0,0,5406,0,3510,1896,0
909,48521,15.553959,15.166410,15.127333,0.007583,0.000541,0.000000,0.000000,0.082375,0.044083,0.420334,2007,3233506,34698,0,2,0,2,0,0,0,0,0,0,5406,0,3510,1896,0
910,48522,15.749625,15.384232,15.198318,0.007581,0.000375,0.000000,0.000000,0.683708,0.014292,0.914667,1985,3264820,34847,0,2,0,2,0,0,0,0,0,0,7208,0,4680,2528,0
911,48523,16.388291,16.020716,15.400912,0.007321,0.000709,0.000000,0.000000,1.113500,0.014334,0.669292,1962,3310305,35293,0,2,0,2,0,0,0,0,0,0,5406,0,3510,1896,0
912,48524,16.505542,16.134538,15.093752,0.007210,0.000458,0.000000,0.000000,1.128958,0.013834,0.604833,1966,3201672,34243,0,2,0,2,0,0,0,0,0,0,5406,0,3510,1896,0
913,48525,15.785125,15.418856,14.375081,0.007794,0.000457,0.000000,0.000000,2.152917,0.023666,0.944750,1929,3221486,34141,0,2,0,2,0,0,0,0,0,0,7208,0,4680,2528,0
914,48526,18.689125,18.326531,14.802043,0.007878,0.000459,0.000000,0.000000,0.070375,0.013292,0.305709,1937,3248372,34485,0,2,0,2,0,0,0,0,0,0,5406,0,3510,1896,0
915,48527,16.007458,15.643060,15.645639,0.007126,0.000418,0.000000,0.000000,0.866917,0.049333,1.347791,1911,3284993,35033,0,2,0,2,0,0,0,0,0,0,5406,0,3510,1896,0
916,48528,14.240709,13.922311,12.861389,0.008161,0.000457,0.000000,0.000000,3.073541,0.013125,0.682542,1717,2956293,30178,0,2,0,2,0,0,0,0,0,0,7471,0,4680,2791,0
917,48529,18.807250,18.446463,15.380017,0.007416,0.000541,0.000000,0.000000,0.909041,0.020875,0.609624,1897,3346731,35529,0,2,0,2,0,0,0,0,0,0,5406,0,3510,1896,0
918,48530,14.705375,14.367065,13.571741,0.010042,0.000458,0.000000,0.000000,2.933375,0.030541,0.610541,1789,2942993,31382,0,2,0,2,0,0,0,0,0,0,5406,0,3510,1896,0
919,48531,16.904333,16.569533,13.704148,0.008340,0.000458,0.000000,0.000000,2.707542,0.012958,1.023709,1764,2967275,31105,0,2,0,2,0,0,0,0,0,0,7208,0,4680,2528,0
920,48532,17.032625,16.678279,14.068431,0.007338,0.000375,0.000000,0.000000,2.264167,0.021083,0.617667,1848,3052461,32560,0,2,0,2,0,0,0,0,0,0,5406,0,3510,1896,0
921,48533,15.938125,15.591058,13.440891,0.008162,0.000292,0.000000,0.000000,3.167333,0.027000,0.508417,1862,3019825,32153,0,2,0,2,0,0,0,0,0,0,5406,0,3510,1896,0
922,48534,16.623167,16.292039,13.221954,0.008206,0.000458,0.000000,0.000000,2.994916,0.037709,0.886792,1790,2990812,31227,0,2,0,2,0,0,0,0,0,0,7208,0,4680,2528,0
923,48535,16.766125,16.413659,13.509034,0.007547,0.000583,0.000000,0.000000,3.081583,0.013500,0.294292,1870,3056938,32542,0,2,0,2,0,0,0,0,0,0,5406,0,3510,1896,0
924,48536,16.774083,16.433257,13.464563,0.008128,0.000417,0.000000,0.000000,2.816125,0.016583,0.615750,1811,2998647,31888,0,2,0,2,0,0,0,0,0,0,5406,0,3510,1896,0
925,48537,16.687750,16.349821,13.625500,0.008210,0.000500,0.000000,0.000000,2.958125,0.035083,0.653875,1820,3040376,31967,0,2,0,2,0,0,0,0,0,0,7208,0,4680,2528,0
926,48538,16.800458,16.453981,13.566891,0.007956,0.000333,0.000000,0.000000,2.705167,0.036208,0.648542,1859,3033594,32352,0,2,0,2,0,0,0,0,0,0,5406,0,3510,1896,0
927,48539,16.222209,15.879638,13.258582,0.006837,0.000541,0.000000,0.000000,3.127166,0.021375,0.311167,1816,2966550,31568,0,2,0,2,0,0,0,0,0,0,5406,0,3510,1896,0
928,48540,16.813291,16.482952,13.369648,0.008124,0.000500,0.000000,0.000000,3.014542,0.015042,1.246042,1749,2959253,30978,0,2,0,2,0,0,0,0,0,0,7208,0,4680,2528,0
929,48541,17.146834,16.795995,13.881680,0.007092,0.000459,0.000000,0.000000,2.596875,0.040250,0.946708,1865,3055861,32680,0,2,0,2,0,0,0,0,0,0,5406,0,3510,1896,0
930,48542,16.362666,16.006251,13.484755,0.007425,0.000416,0.000000,0.000000,2.793667,0.023708,0.650083,1853,2979727,31771,0,2,0,2,0,0,0,0,0,0,5406,0,3510,1896,0
931,48543,16.311709,15.966550,13.294718,0.007048,0.000457,0.000000,0.000000,3.173333,0.046083,0.612249,1777,2975402,31117,0,2,0,2,0,0,0,0,0,0,7208,0,4680,2528,0
932,48544,17.222791,16.875578,13.781911,0.007745,0.000457,0.000000,0.000000,2.745000,0.014250,0.650708,1855,3049330,32542,0,2,0,2,0,0,0,0,0,0,5406,0,3510,1896,0
933,48545,16.681042,16.320660,13.670809,0.007796,0.000250,0.000000,0.000000,2.592042,0.039208,0.859874,1895,3007305,32126,0,2,0,2,0,0,0,0,0,0,5406,0,3510,1896,0
934,48546,15.852083,15.516410,13.022980,0.011714,0.000499,0.000000,0.000000,3.347334,0.033250,0.638333,1778,2965240,31148,0,2,0,2,0,0,0,0,0,0,7208,0,4680,2528,0
935,48547,17.163792,16.820178,13.541113,0.007666,0.000498,0.000000,0.000000,2.955042,0.045541,0.596626,1857,3026017,32363,0,2,0,2,0,0,0,0,0,0,5406,0,3510,1896,0
936,48548,16.670792,16.298846,13.443958,0.008830,0.000416,0.000000,0.000000,2.937291,0.037167,0.587000,1854,2963540,31592,0,2,0,2,0,0,0,0,0,0,5406,0,3510,1896,0
937,48549,16.675041,16.320228,13.481459,0.008413,0.000334,0.000000,0.000000,3.048125,0.018459,0.306250,1834,3033228,32008,0,2,0,2,0,0,0,0,0,0,7208,0,4680,2528,0
938,48550,16.579292,16.234827,13.298574,0.007793,0.000499,0.000000,0.000000,3.254583,0.023167,1.300083,1829,2970700,31694,0,2,0,2,0,0,0,0,0,0,5406,0,3510,1896,0
939,48551,16.699250,16.346598,13.170632,0.011745,0.000375,0.000000,0.000000,2.897083,0.010625,0.646958,1858,2945128,31444,0,2,0,2,0,0,0,0,0,0,5406,0,3510,1896,0
940,48552,16.376250,16.054108,13.222863,0.008335,0.000542,0.000000,0.000000,3.203458,0.038417,0.826042,1780,2994472,31509,0,2,0,2,0,0,0,0,0,0,7208,0,4680,2528,0
941,48553,16.858083,16.500865,13.336980,0.007579,0.000460,0.000000,0.000000,3.177292,0.038333,0.290250,1820,2971862,31741,0,2,0,2,0,0,0,0,0,0,5406,0,3510,1896,0
942,48554,16.504959,16.175263,13.064943,0.008211,0.000375,0.000000,0.000000,3.195000,0.024916,0.941375,1844,2939930,31404,0,2,0,2,0,0,0,0,0,0,5406,0,3510,1896,0
943,48555,16.981500,16.632469,13.505635,0.007879,0.000500,0.000000,0.000000,3.017875,0.013166,0.313042,1820,3014207,31823,0,2,0,2,0,0,0,0,0,0,7208,0,4680,2528,0
944,48556,16.384750,16.055568,13.103648,0.007416,0.000459,0.000000,0.000000,3.167708,0.037125,0.917000,1784,2939877,31309,0,2,0,2,0,0,0,0,0,0,5406,0,3510,1896,0
945,48557,16.575416,16.222192,13.139225,0.007669,0.000499,0.000000,0.000000,3.256084,0.035250,0.978750,1825,2946811,31163,0,2,0,2,0,0,0,0,0,0,7004,0,4536,2468,0
946,48558,16.706834,16.370058,13.200223,0.008284,0.000291,0.000000,0.000000,3.202083,0.012792,0.652167,1791,2980190,31729,0,2,0,2,0,0,0,0,0,0,5610,0,3654,1956,0
947,48559,16.695625,16.352232,13.227276,0.007374,0.000624,0.000000,0.000000,3.303458,0.024083,0.946626,1776,2916594,31110,0,2,0,2,0,0,0,0,0,0,5406,0,3510,1896,0
948,48560,16.688875,16.359099,13.090869,0.008203,0.000583,0.000000,0.000000,3.195000,0.022750,0.652250,1772,2905654,30446,0,2,0,2,0,0,0,0,0,0,7208,0,4680,2528,0
949,48561,17.370333,17.032494,13.882670,0.010916,0.000624,0.000000,0.000000,2.581167,0.020958,1.042958,1833,2971206,31872,0,2,0,2,0,0,0,0,0,0,5406,0,3510,1896,0
950,48562,15.596458,15.274884,12.776887,0.007667,0.000417,0.000000,0.000000,3.570334,0.024041,0.509083,1739,2855499,30531,0,2,0,2,0,0,0,0,0,0,5406,0,3510,1896,0
951,48563,16.775709,16.446359,12.934689,0.008171,0.000624,0.000000,0.000000,3.464666,0.013084,0.599458,1762,2868025,30150,0,2,0,2,0,0,0,0,0,0,7208,0,4680,2528,0
952,48564,17.264708,16.934614,13.531783,0.008539,0.000582,0.000000,0.000000,2.811375,0.022417,0.938583,1767,2907670,31115,0,2,0,2,0,0,0,0,0,0,5406,0,3510,1896,0
953,48565,15.913292,15.571871,12.842768,0.006746,0.000250,0.000000,0.000000,3.678791,0.011875,0.652917,1762,2873603,30755,0,2,0,2,0,0,0,0,0,0,5406,0,3510,1896,0
954,48566,16.583791,16.257084,12.644902,0.007128,0.000417,0.000000,0.000000,3.707834,0.024875,0.968167,1756,2846272,29999,0,2,0,2,0,0,0,0,0,0,7208,0,4680,2528,0
955,48567,16.790000,16.458351,12.840688,0.008666,0.000583,0.000000,0.000000,3.724417,0.024083,0.330250,1755,2865439,30699,0,2,0,2,0,0,0,0,0,0,5406,0,3510,1896,0
956,48568,16.700667,16.384837,12.696243,0.007964,0.000415,0.000000,0.000000,3.651000,0.024083,0.970792,1705,2820572,30061,0,2,0,2,0,0,0,0,0,0,5406,0,3510,1896,0
957,48569,16.606333,16.281078,12.695690,0.008625,0.000544,0.000000,0.000000,3.766542,0.013083,0.313042,1750,2837391,29857,0,2,0,2,0,0,0,0,0,0,7208,0,4680,2528,0
958,48570,16.855709,16.529553,12.848338,0.008917,0.000291,0.000000,0.000000,3.373875,0.041958,0.991541,1747,2867533,30680,0,2,0,2,0,0,0,0,0,0,5406,0,3510,1896,0
959,48571,16.295958,15.978734,12.612307,0.008542,0.000376,0.000000,0.000000,3.819458,0.036959,0.655250,1728,2824094,30182,0,2,0,2,0,0,0,0,0,0,5406,0,3510,1896,0
960,48572,16.497917,16.186126,12.430772,0.007876,0.000376,0.000000,0.000000,3.915833,0.025708,0.626750,1701,2803810,29414,0,2,0,2,0,0,0,0,0,0,7208,0,4680,2528,0
961,48573,17.035458,16.697085,12.866659,0.011579,0.000374,0.000000,0.000000,3.656417,0.030958,0.965917,1801,2901560,31153,0,2,0,2,0,0,0,0,0,0,5406,0,3510,1896,0
962,48574,16.441708,16.073984,12.500507,0.008291,0.000626,0.000000,0.000000,3.877292,0.029083,0.317167,1715,2798094,29918,0,2,0,2,0,0,0,0,0,0,5406,0,3510,1896,0
963,48575,16.507084,16.183475,12.409039,0.008626,0.000334,0.000000,0.000000,4.265750,0.026333,1.215916,1722,2804973,29467,0,2,0,2,0,0,0,0,0,0,7208,0,4680,2528,0
964,48576,17.096416,16.773592,12.606551,0.011629,0.000415,0.000000,0.000000,3.546750,0.035042,0.640292,1746,2863972,30695,0,2,0,2,0,0,0,0,0,0,5406,0,3510,1896,0
965,48577,16.395667,16.054109,12.603368,0.007959,0.000458,0.000000,0.000000,3.880083,0.031209,0.603083,1732,2822942,30206,0,2,0,2,0,0,0,0,0,0,5406,0,3510,1896,0
966,48578,16.731750,16.409261,12.600442,0.007457,0.000290,0.000000,0.000000,3.701917,0.022041,0.297167,1722,2795786,29397,0,2,0,2,0,0,0,0,0,0,7208,0,4680,2528,0
967,48579,16.631375,16.296731,12.688607,0.007613,0.000292,0.000000,0.000000,3.858083,0.048875,0.946501,1760,2849871,30467,0,2,0,2,0,0,0,0,0,0,5406,0,3510,1896,0
968,48580,16.828542,16.512867,12.703781,0.008672,0.000624,0.000000,0.000000,3.694375,0.032666,0.621292,1700,2803049,29882,0,2,0,2,0,0,0,0,0,0,5406,0,3510,1896,0
969,48581,16.153125,15.846488,12.214059,0.007627,0.000458,0.000000,0.000000,4.193041,0.032875,0.498375,1687,2800038,29462,0,2,0,2,0,0,0,0,0,0,7208,0,4680,2528,0
970,48582,16.882291,16.558832,12.452570,0.008329,0.000415,0.000000,0.000000,3.931500,0.015792,0.618542,1757,2847086,30507,0,2,0,2,0,0,0,0,0,0,5406,0,3510,1896,0
971,48583,17.929125,17.606709,13.800482,0.008541,0.000998,0.000000,0.000000,2.706209,0.024666,0.564000,1716,2798674,29902,0,2,0,2,0,0,0,0,0,0,5406,0,3510,1896,0
972,48584,16.882750,16.566611,13.989484,0.008748,0.000709,0.000000,0.000000,2.455125,0.013917,0.659500,1658,2788440,29218,0,2,0,2,0,0,0,0,0,0,7208,0,4680,2528,0
973,48585,16.772625,16.436549,14.108043,0.007963,0.000666,0.000000,0.000000,2.462875,0.016167,0.609625,1785,2881745,30899,0,2,0,2,0,0,0,0,0,0,5406,0,3510,1896,0
974,48586,15.648209,15.348423,12.592341,0.008888,0.000332,0.000000,0.000000,3.256750,0.014541,0.635041,1582,2779409,28136,0,2,0,2,0,0,0,0,0,0,5863,0,3510,2353,0
975,48587,21.845458,21.468439,18.220636,0.005544,0.000626,0.000000,0.000000,0.068083,0.033542,0.584667,2006,4851974,49104,0,2,0,2,0,0,0,0,0,0,7208,0,4680,2528,0
976,48588,15.074167,14.704699,14.690012,0.006577,0.000499,0.000000,0.000000,0.072125,0.019958,0.290791,1961,3260003,35194,0,2,0,2,0,0,0,0,0,0,5406,0,3510,1896,0
977,48589,15.256416,14.863162,14.875607,0.007789,0.000625,0.000000,0.000000,1.178584,0.014000,1.394332,2019,3245113,35071,0,2,0,2,0,0,0,0,0,0,5406,0,3510,1896,0
978,48590,16.104917,15.742883,14.612986,0.007748,0.000501,0.000000,0.000000,1.732750,0.028833,0.707667,1891,3183756,33924,0,2,0,2,0,0,0,0,0,0,7208,0,4680,2528,0
979,48591,16.621000,16.248730,14.610188,0.007039,0.000416,0.000000,0.000000,1.873667,0.010958,0.956208,1986,3266336,35376,0,2,0,2,0,0,0,0,0,0,5406,0,3510,1896,0
980,48592,16.294000,15.926711,14.139953,0.007870,0.000458,0.000000,0.000000,2.238167,0.026958,0.309334,1975,3192062,34484,0,2,0,2,0,0,0,0,0,0,5406,0,3510,1896,0
981,48593,16.727625,16.364064,14.218832,0.006999,0.000541,0.000000,0.000000,2.211833,0.026750,0.953833,1925,3230140,34452,0,2,0,2,0,0,0,0,0,0,7208,0,4680,2528,0
982,48594,16.855583,16.465941,14.356982,0.007701,0.000416,0.000000,0.000000,1.849500,0.013209,0.312458,1983,3249367,35177,0,2,0,2,0,0,0,0,0,0,5406,0,3510,1896,0
983,48595,16.723667,16.356489,14.592969,0.006832,0.000333,0.000000,0.000000,1.913042,0.036500,1.012084,1989,3227913,34844,0,2,0,2,0,0,0,0,0,0,5406,0,3510,1896,0
984,48596,16.161292,15.815596,13.976572,0.011080,0.000416,0.000000,0.000000,2.304375,0.029125,0.601417,1880,3198361,34095,0,2,0,2,0,0,0,0,0,0,7208,0,4680,2528,0
985,48597,17.193083,16.826025,14.617688,0.007121,0.000459,0.000000,0.000000,1.845000,0.035250,0.296292,2009,3291220,35539,0,2,0,2,0,0,0,0,0,0,5406,0,3510,1896,0
986,48598,16.330875,15.950761,14.198431,0.007791,0.000374,0.000000,0.000000,2.266042,0.038458,0.620625,1986,3200375,34488,0,2,0,2,0,0,0,0,0,0,5406,0,3510,1896,0
987,48599,16.643125,16.291537,14.107961,0.006500,0.000459,0.000000,0.000000,2.212667,0.011833,0.653375,1905,3198224,34035,0,2,0,2,0,0,0,0,0,0,7208,0,4680,2528,0
988,48600,16.890417,16.527580,14.397447,0.006922,0.000418,0.000000,0.000000,1.892916,0.033125,0.804543,1962,3261800,35230,0,2,0,2,0,0,0,0,0,0,5406,0,3510,1896,0
989,48601,17.051125,16.655814,14.734640,0.007376,0.000417,0.000000,0.000000,1.630750,0.020125,0.314291,1995,3214299,34661,0,2,0,2,0,0,0,0,0,0,5406,0,3510,1896,0
990,48602,16.717458,16.342567,14.656711,0.011006,0.000500,0.000000,0.000000,1.461542,0.038625,0.919249,1941,3247469,34554,0,2,0,2,0,0,0,0,0,0,9249,0,4680,4569,0
991,48603,15.904833,15.546944,14.158249,0.006865,0.000500,0.000000,0.000000,2.385209,0.030000,0.657542,1973,3218885,34755,0,2,0,2,0,0,0,0,0,0,5406,0,3510,1896,0
992,48604,16.590000,16.231450,13.938219,0.008165,0.000500,0.000000,0.000000,2.419584,0.011625,0.794042,1961,3168682,34174,0,2,0,2,0,0,0,0,0,0,5406,0,3510,1896,0
993,48605,17.009875,16.631497,14.297738,0.007122,0.000251,0.000000,0.000000,1.929042,0.037833,0.960751,1961,3266523,34825,0,2,0,2,0,0,0,0,0,0,7208,0,4680,2528,0
994,48606,16.167625,15.811111,13.958901,0.007504,0.000376,0.000000,0.000000,2.410709,0.041458,0.311250,1911,3164829,34165,0,2,0,2,0,0,0,0,0,0,5406,0,3510,1896,0
995,48607,18.261542,17.860984,15.530949,0.010372,0.000457,0.000000,0.000000,0.984375,0.018333,0.964833,2143,3450480,37211,0,2,0,2,0,0,0,0,0,0,5406,0,3510,1896,0
996,48608,16.956625,16.550877,15.644018,0.006413,0.000375,0.000000,0.000000,0.575833,0.043042,0.303625,2079,3482985,37145,0,2,0,2,0,0,0,0,0,0,7208,0,4680,2528,0
997,48609,16.530750,16.133938,15.615911,0.007502,0.000541,0.000000,0.000000,0.836333,0.013125,1.096959,2121,3478292,37427,0,2,0,2,0,0,0,0,0,0,5406,0,3510,1896,0
998,48610,16.554500,16.165252,15.384647,0.007628,0.000458,0.000000,0.000000,0.952583,0.025209,0.502833,2094,3444296,36841,0,2,0,2,0,0,0,0,0,0,7004,0,4536,2468,0
999,48611,17.312250,16.919062,16.178210,0.007122,0.000584,0.000000,0.000000,0.212333,0.013375,0.580167,2116,3498180,37554,0,2,0,2,0,0,0,0,0,0,5610,0,3654,1956,0
1000,48612,16.258958,15.867066,15.663093,0.006999,0.000667,0.000000,0.000000,0.565667,0.013667,0.584791,2074,3443152,37120,0,2,0,2,0,0,0,0,0,0,5406,0,3510,1896,0
1001,48613,15.468542,15.095223,14.645164,0.006797,0.000334,0.000000,0.000000,1.867625,0.012042,0.607750,2111,3484313,37119,0,2,0,2,0,0,0,0,0,0,7208,0,4680,2528,0
1002,48614,16.830125,16.448101,14.668622,0.006623,0.000250,0.000000,0.000000,1.602500,0.011375,0.861833,2137,3488567,37660,0,2,0,2,0,0,0,0,0,0,5406,0,3510,1896,0
1003,48615,16.402958,16.019508,14.495054,0.006832,0.000291,0.000000,0.000000,1.937584,0.013750,0.316666,2111,3444390,37059,0,2,0,2,0,0,0,0,0,0,5406,0,3510,1896,0
1004,48616,16.435292,16.068702,14.215998,0.007916,0.000333,0.000000,0.000000,2.116042,0.011666,0.578959,2041,3431135,36472,0,2,0,2,0,0,0,0,0,0,7208,0,4680,2528,0
1005,48617,17.411083,17.030391,15.017476,0.007286,0.000416,0.000000,0.000000,1.333709,0.010833,0.290125,2148,3531836,38087,0,2,0,2,0,0,0,0,0,0,5406,0,3510,1896,0
1006,48618,15.884875,15.510275,14.254345,0.006711,0.000208,0.000000,0.000000,2.103125,0.011459,1.231000,2097,3432096,36961,0,2,0,2,0,0,0,0,0,0,5406,0,3510,1896,0
1007,48619,17.069292,16.697725,14.634428,0.007416,0.000584,0.000000,0.000000,1.831583,0.019500,0.609500,2074,3463603,36876,0,2,0,2,0,0,0,0,0,0,7208,0,4680,2528,0
1008,48620,16.806833,16.429184,14.700261,0.006584,0.000375,0.000000,0.000000,1.536042,0.011375,0.742834,2104,3475326,37414,0,2,0,2,0,0,0,0,0,0,5406,0,3510,1896,0
1009,48621,17.457125,17.067414,15.532590,0.007495,0.000877,0.000000,0.000000,0.897250,0.013250,0.592333,2144,3484212,37490,0,2,0,2,0,0,0,0,0,0,5406,0,3510,1896,0
1010,48622,15.687834,15.320400,14.521515,0.007665,0.000334,0.000000,0.000000,1.985291,0.012209,0.616250,2058,3426317,36438,0,2,0,2,0,0,0,0,0,0,7208,0,4680,2528,0
1011,48623,17.358000,16.974690,15.081561,0.006160,0.000250,0.000000,0.000000,1.071666,0.036500,0.905751,2157,3518852,37946,0,2,0,2,0,0,0,0,0,0,5406,0,3510,1896,0
1012,48624,16.498458,16.122291,15.079465,0.006662,0.000457,0.000000,0.000000,1.247958,0.013250,0.633625,2077,3440416,37009,0,2,0,2,0,0,0,0,0,0,5406,0,3510,1896,0
1013,48625,16.065333,15.694012,14.523008,0.006460,0.000292,0.000000,0.000000,1.916709,0.011416,0.581043,2107,3475103,36934,0,2,0,2,0,0,0,0,0,0,7208,0,4680,2528,0
1014,48626,16.886125,16.505715,14.645265,0.006954,0.000210,0.000000,0.000000,1.586417,0.010833,0.609583,2130,3489455,37655,0,2,0,2,0,0,0,0,0,0,5406,0,3510,1896,0
1015,48627,16.421959,16.038424,14.502570,0.006751,0.000293,0.000000,0.000000,1.855416,0.012167,0.578291,2142,3447325,37152,0,2,0,2,0,0,0,0,0,0,5406,0,3510,1896,0
1016,48628,16.525333,16.155835,14.356865,0.006879,0.000250,0.000000,0.000000,2.113042,0.010208,0.936542,2072,3452502,36717,0,2,0,2,0,0,0,0,0,0,7208,0,4680,2528,0
1017,48629,17.424125,17.036999,14.973702,0.006961,0.000333,0.000000,0.000000,1.233917,0.013875,0.494542,2160,3534899,38147,0,2,0,2,0,0,0,0,0,0,5406,0,3510,1896,0
1018,48630,16.088042,15.708118,14.555748,0.006623,0.000250,0.000000,0.000000,1.950291,0.013334,0.924916,2151,3433342,36991,0,2,0,2,0,0,0,0,0,0,5406,0,3510,1896,0
1019,48631,16.586625,16.210464,14.337738,0.006498,0.000209,0.000000,0.000000,1.956125,0.010583,0.290875,2079,3448476,36718,0,2,0,2,0,0,0,0,0,0,7208,0,4680,2528,0
1020,48632,16.820416,16.446275,14.562491,0.007001,0.000377,0.000000,0.000000,1.871875,0.010625,0.894375,2105,3476995,37513,0,2,0,2,0,0,0,0,0,0,5406,0,3510,1896,0
1021,48633,16.865084,16.473951,14.672769,0.006381,0.000209,0.000000,0.000000,1.547583,0.011125,0.617209,2190,3485333,37583,0,2,0,2,0,0,0,0,0,0,5406,0,3510,1896,0
1022,48634,15.969208,15.602255,14.127247,0.006921,0.000208,0.000000,0.000000,2.324750,0.010708,0.703000,2060,3420256,36378,0,2,0,2,0,0,0,0,0,0,7208,0,4680,2528,0
1023,48635,17.554250,17.169326,14.926292,0.006832,0.000292,0.000000,0.000000,1.337708,0.011209,0.290041,2150,3505898,37864,0,2,0,2,0,0,0,0,0,0,5406,0,3510,1896,0
1024,48636,15.871500,15.493310,14.230001,0.007374,0.000291,0.000000,0.000000,2.287083,0.011709,0.899709,2137,3428149,36927,0,2,0,2,0,0,0,0,0,0,5406,0,3510,1896,0
1025,48637,16.997208,16.625466,14.427845,0.007081,0.000333,0.000000,0.000000,1.900417,0.011417,0.905166,2100,3471435,36972,0,2,0,2,0,0,0,0,0,0,7208,0,4680,2528,0
1026,48638,16.317750,15.947159,14.102219,0.006586,0.000334,0.000000,0.000000,2.189125,0.010917,0.611875,2103,3486466,36807,0,2,0,2,0,0,0,0,0,0,5565,0,3510,2055,0
1027,48639,18.317417,17.919093,15.826360,0.006624,0.000207,0.000000,0.000000,0.493583,0.009667,0.638042,2146,3764896,39876,0,2,0,2,0,0,0,0,0,0,5406,0,3510,1896,0
1028,48640,15.343875,14.977764,14.548309,0.005792,0.000417,0.000000,0.000000,1.923708,0.012292,0.289542,2083,3477284,36862,0,2,0,2,0,0,0,0,0,0,7208,0,4680,2528,0
1029,48641,17.255917,16.871536,15.053707,0.006869,0.000290,0.000000,0.000000,1.219958,0.013208,0.758209,2145,3544792,38009,0,2,0,2,0,0,0,0,0,0,5406,0,3510,1896,0
1030,48642,15.922958,15.527138,14.433131,0.007372,0.000208,0.000000,0.000000,2.115000,0.011292,0.608042,2146,3446321,36979,0,2,0,2,0,0,0,0,0,0,5406,0,3510,1896,0
1031,48643,16.732542,16.359266,14.329448,0.006669,0.000250,0.000000,0.000000,1.922666,0.012292,0.739375,2093,3470396,36737,0,2,0,2,0,0,0,0,0,0,7208,0,4680,2528,0
1032,48644,17.164541,16.781792,14.939967,0.006706,0.000666,0.000000,0.000000,1.556209,0.013791,0.593208,2115,3493104,37554,0,2,0,2,0,0,0,0,0,0,5406,0,3510,1896,0
1033,48645,17.225000,16.827611,15.377059,0.006833,0.000542,0.000000,0.000000,0.894500,0.012209,0.293167,2180,3475664,37335,0,2,0,2,0,0,0,0,0,0,5406,0,3510,1896,0
1034,48646,15.632250,15.260988,14.451287,0.008002,0.000250,0.000000,0.000000,2.035417,0.013833,0.901291,2040,3417561,35891,0,2,0,2,0,0,0,0,0,0,7208,0,4680,2528,0
1035,48647,18.584125,18.197826,16.279628,0.006493,0.000499,0.000000,0.000000,0.080042,0.014000,0.302792,2110,3725966,39520,0,2,0,2,0,0,0,0,0,0,5406,0,3510,1896,0
1036,48648,15.536750,15.152709,15.172575,0.006124,0.000500,0.000000,0.000000,1.282750,0.021042,0.792875,2123,3472121,37088,0,2,0,2,0,0,0,0,0,0,5406,0,3510,1896,0
1037,48649,16.631584,16.250980,15.081020,0.007172,0.000375,0.000000,0.000000,1.297750,0.019333,0.291125,2111,3498270,37125,0,2,0,2,0,0,0,0,0,0,7208,0,4680,2528,0
1038,48650,17.011625,16.628190,15.425939,0.007836,0.000499,0.000000,0.000000,0.889541,0.037459,0.930875,2114,3507537,37556,0,2,0,2,0,0,0,0,0,0,5406,0,3510,1896,0
1039,48651,16.707458,16.308824,15.483465,0.007209,0.000832,0.000000,0.000000,0.912167,0.013666,0.618125,2163,3474811,37303,0,2,0,2,0,0,0,0,0,0,5406,0,3510,1896,0
1040,48652,16.511833,16.108121,15.314789,0.009671,0.000458,0.000000,0.000000,1.127334,0.014541,0.939667,2051,3435165,36412,0,2,0,2,0,0,0,0,0,0,7208,0,4680,2528,0
1041,48653,18.300542,17.879169,16.790244,0.006873,0.000626,0.000000,0.000000,0.071583,0.012959,0.659625,2164,3573792,38324,0,2,0,2,0,0,0,0,0,0,5406,0,3510,1896,0
1042,48654,16.122167,15.725135,15.701590,0.008006,0.000375,0.000000,0.000000,0.072333,0.014500,0.301458,2139,3445067,36950,0,2,0,2,0,0,0,0,0,0,5406,0,3510,1896,0
1043,48655,15.836541,15.448482,15.480759,0.006208,0.000666,0.000000,0.000000,0.660375,0.014500,0.935042,2114,3523677,37294,0,2,0,2,0,0,0,0,0,0,7208,0,4680,2528,0
1044,48656,16.216334,15.840289,15.281599,0.007127,0.000541,0.000000,0.000000,1.109541,0.014042,0.638459,2075,3470600,37112,0,2,0,2,0,0,0,0,0,0,5406,0,3510,1896,0
1045,48657,16.948333,16.551843,15.558893,0.007789,0.000500,0.000000,0.000000,0.876917,0.050166,0.582749,2136,3505618,37694,0,2,0,2,0,0,0,0,0,0,5406,0,3510,1896,0
1046,48658,16.686583,16.294313,15.513797,0.006842,0.000333,0.000000,0.000000,0.912667,0.013417,0.495875,2103,3520283,37281,0,2,0,2,0,0,0,0,0,0,7208,0,4680,2528,0
1047,48659,16.611000,16.230277,15.406821,0.007340,0.000499,0.000000,0.000000,0.851042,0.014833,0.601666,2097,3494365,37294,0,2,0,2,0,0,0,0,0,0,5406,0,3510,1896,0
1048,48660,17.023792,16.620400,15.798191,0.006791,0.000584,0.000000,0.000000,0.651417,0.030333,0.613999,2121,3497904,37447,0,2,0,2,0,0,0,0,0,0,5406,0,3510,1896,0
1049,48661,17.008833,16.612519,16.035842,0.006872,0.000416,0.000000,0.000000,0.388625,0.040292,0.640958,2161,3559026,37823,0,2,0,2,0,0,0,0,0,0,7208,0,4680,2528,0
1050,48662,15.976750,15.584298,15.283401,0.006753,0.000417,0.000000,0.000000,0.845584,0.033708,1.282208,2080,3455695,36997,0,2,0,2,0,0,0,0,0,0,5406,0,3510,1896,0
1051,48663,16.490834,16.099924,15.347955,0.007088,0.000499,0.000000,0.000000,1.029958,0.029500,0.328667,2105,3492891,37154,0,2,0,2,0,0,0,0,0,0,7004,0,4536,2468,0
1052,48664,17.062958,16.657963,15.728211,0.007294,0.000415,0.000000,0.000000,0.748500,0.037500,0.688708,2115,3536370,37761,0,2,0,2,0,0,0,0,0,0,5610,0,3654,1956,0
1053,48665,16.771083,16.373202,15.699899,0.006996,0.000460,0.000000,0.000000,0.550875,0.012125,0.637458,2142,3506097,37665,0,2,0,2,0,0,0,0,0,0,5406,0,3510,1896,0
1054,48666,15.844959,15.459698,15.005638,0.006337,0.000457,0.000000,0.000000,1.512125,0.014083,0.961042,2066,3446334,36493,0,2,0,2,0,0,0,0,0,0,7208,0,4680,2528,0
1055,48667,17.811000,17.422166,15.914195,0.007547,0.000585,0.000000,0.000000,0.274666,0.014459,0.639833,2140,3527483,37895,0,2,0,2,0,0,0,0,0,0,5406,0,3510,1896,0
1056,48668,15.719291,15.341156,15.181062,0.006619,0.000376,0.000000,0.000000,1.184917,0.039417,0.603125,2070,3467691,37074,0,2,0,2,0,0,0,0,0,0,5406,0,3510,1896,0
1057,48669,16.975042,16.588802,15.495970,0.007465,0.000501,0.000000,0.000000,0.878667,0.014208,0.627458,2109,3524016,37469,0,2,0,2,0,0,0,0,0,0,7208,0,4680,2528,0
1058,48670,16.915750,16.524482,15.727682,0.005955,0.000459,0.000000,0.000000,0.708000,0.012833,0.639333,2147,3533941,37921,0,2,0,2,0,0,0,0,0,0,5406,0,3510,1896,0
1059,48671,16.391250,16.003766,15.409465,0.007660,0.000540,0.000000,0.000000,0.888000,0.013792,0.609125,2118,3485521,37346,0,2,0,2,0,0,0,0,0,0,5406,0,3510,1896,0
1060,48672,16.470958,16.074557,15.289654,0.006708,0.000626,0.000000,0.000000,1.217167,0.013833,0.635625,2077,3459918,36668,0,2,0,2,0,0,0,0,0,0,7208,0,4680,2528,0
1061,48673,17.351834,16.961801,15.821172,0.007211,0.000584,0.000000,0.000000,0.462666,0.014584,0.599709,2141,3585883,38438,0,2,0,2,0,0,0,0,0,0,5406,0,3510,1896,0
1062,48674,15.878750,15.497656,15.123033,0.007751,0.000626,0.000000,0.000000,1.279583,0.033625,0.297208,2110,3477632,37306,0,2,0,2,0,0,0,0,0,0,5406,0,3510,1896,0
1063,48675,16.833583,16.448279,15.278699,0.007126,0.000543,0.000000,0.000000,1.215750,0.015042,0.910667,2107,3493615,36931,0,2,0,2,0,0,0,0,0,0,7208,0,4680,2528,0
1064,48676,17.044083,16.659532,15.555000,0.006331,0.000375,0.000000,0.000000,0.808750,0.027125,0.948750,2113,3521461,37678,0,2,0,2,0,0,0,0,0,0,5406,0,3510,1896,0
1065,48677,16.456417,16.061375,15.353041,0.007331,0.000293,0.000000,0.000000,0.943250,0.012833,0.611208,2182,3511192,37711,0,2,0,2,0,0,0,0,0,0,5406,0,3510,1896,0
1066,48678,16.152833,15.782128,14.948830,0.006825,0.000543,0.000000,0.000000,1.522125,0.012709,0.597833,2072,3447005,36488,0,2,0,2,0,0,0,0,0,0,7208,0,4680,2528,0
1067,48679,17.528500,17.137618,15.711814,0.007161,0.000542,0.000000,0.000000,0.685667,0.034667,0.647750,2144,3531287,37901,0,2,0,2,0,0,0,0,0,0,5406,0,3510,1896,0
1068,48680,15.917334,15.541256,14.932360,0.007286,0.000333,0.000000,0.000000,1.379791,0.021709,0.942292,2095,3448886,36844,0,2,0,2,0,0,0,0,0,0,5406,0,3510,1896,0
1069,48681,17.112500,16.726230,15.458085,0.006047,0.000583,0.000000,0.000000,0.859916,0.037000,0.655667,2111,3499792,37137,0,2,0,2,0,0,0,0,0,0,7208,0,4680,2528,0
1070,48682,16.631625,16.190466,15.440668,0.006963,0.000667,0.000000,0.000000,0.991208,0.013958,0.985166,2143,3515456,37781,0,2,0,2,0,0,0,0,0,0,5406,0,3510,1896,0
1071,48683,16.640416,16.304874,15.363543,0.007129,0.000459,0.000000,0.000000,0.973584,0.015125,0.657542,2147,3466872,37135,0,2,0,2,0,0,0,0,0,0,5406,0,3510,1896,0
1072,48684,17.117709,16.736302,15.780475,0.007038,0.000666,0.000000,0.000000,0.535500,0.014125,0.633375,2075,3465738,36714,0,2,0,2,0,0,0,0,0,0,7208,0,4680,2528,0
1073,48685,16.878625,16.484568,16.046427,0.007463,0.000375,0.000000,0.000000,0.527833,0.037958,0.961126,2171,3568499,38202,0,2,0,2,0,0,0,0,0,0,5406,0,3510,1896,0
1074,48686,15.996166,15.608865,15.181713,0.007710,0.000418,0.000000,0.000000,0.947375,0.013334,0.300792,2144,3456579,37018,0,2,0,2,0,0,0,0,0,0,5406,0,3510,1896,0
1075,48687,16.353792,15.975943,15.122894,0.006752,0.000624,0.000000,0.000000,1.347500,0.037917,0.594792,2083,3479673,36884,0,2,0,2,0,0,0,0,0,0,7208,0,4680,2528,0
1076,48688,17.618583,17.230897,15.982099,0.007168,0.000374,0.000000,0.000000,0.391959,0.018875,0.297125,2137,3542527,37925,0,2,0,2,0,0,0,0,0,0,5406,0,3510,1896,0
1077,48689,16.404584,16.009888,15.740293,0.007082,0.000501,0.000000,0.000000,0.621583,0.013458,0.739625,2186,3512121,37698,0,2,0,2,0,0,0,0,0,0,5406,0,3510,1896,0
1078,48690,15.868041,15.492410,14.944595,0.007249,0.000542,0.000000,0.000000,1.447750,0.021250,0.613666,2073,3462747,36696,0,2,0,2,0,0,0,0,0,0,7208,0,4680,2528,0
1079,48691,17.704084,17.310543,15.935618,0.007207,0.000583,0.000000,0.000000,0.491208,0.014875,0.697834,2151,3547908,38059,0,2,0,2,0,0,0,0,0,0,5406,0,3510,1896,0
1080,48692,16.053666,15.663066,15.265439,0.006458,0.000417,0.000000,0.000000,0.970084,0.013916,0.608959,2144,3468172,37122,0,2,0,2,0,0,0,0,0,0,5406,0,3510,1896,0
1081,48693,16.474334,16.085885,15.212065,0.008291,0.000500,0.000000,0.000000,1.042875,0.014000,0.611708,2091,3495746,37096,0,2,0,2,0,0,0,0,0,0,7208,0,4680,2528,0
1082,48694,16.990458,16.606611,15.679895,0.007377,0.000834,0.000000,0.000000,0.847750,0.012958,0.950959,2111,3514825,37755,0,2,0,2,0,0,0,0,0,0,5406,0,3510,1896,0
1083,48695,16.774458,16.360333,15.604261,0.006004,0.000541,0.000000,0.000000,0.580334,0.012208,0.646084,2167,3479559,37308,0,2,0,2,0,0,0,0,0,0,5406,0,3510,1896,0
1084,48696,15.885709,15.508870,15.024828,0.006625,0.000416,0.000000,0.000000,1.482083,0.023458,1.109918,2084,3451905,36618,0,2,0,2,0,0,0,0,0,0,7208,0,4680,2528,0
1085,48697,17.733375,17.338216,15.979468,0.006960,0.000584,0.000000,0.000000,0.447458,0.013375,0.292166,2149,3557726,38161,0,2,0,2,0,0,0,0,0,0,5406,0,3510,1896,0
1086,48698,16.249666,15.851468,15.502556,0.007171,0.000458,0.000000,0.000000,0.722292,0.013875,0.614750,2145,3466705,37156,0,2,0,2,0,0,0,0,0,0,5406,0,3510,1896,0
1087,48699,16.114375,15.734512,15.126797,0.007339,0.000540,0.000000,0.000000,1.350625,0.039625,0.639000,2092,3475263,36804,0,2,0,2,0,0,0,0,0,0,7208,0,4680,2528,0
1088,48700,17.639125,17.244969,15.957171,0.005714,0.000584,0.000000,0.000000,0.409584,0.026125,0.941167,2129,3527239,37846,0,2,0,2,0,0,0,0,0,0,5406,0,3510,1896,0
1089,48701,16.562500,16.150462,15.837293,0.007465,0.000458,0.000000,0.000000,0.392834,0.024583,0.632291,2195,3510276,37657,0,2,0,2,0,0,0,0,0,0,5406,0,3510,1896,0
1090,48702,16.001209,15.622858,15.345157,0.008126,0.000583,0.000000,0.000000,1.109250,0.013708,0.308541,2072,3444534,36487,0,2,0,2,0,0,0,0,0,0,7208,0,4680,2528,0
1091,48703,17.177541,16.779674,15.767350,0.006915,0.000542,0.000000,0.000000,0.682459,0.026791,0.929792,2157,3535454,38003,0,2,0,2,0,0,0,0,0,0,5406,0,3510,1896,0
1092,48704,16.403959,16.014958,15.437870,0.007405,0.000543,0.000000,0.000000,0.818916,0.020417,0.304000,2125,3456593,36956,0,2,0,2,0,0,0,0,0,0,5406,0,3510,1896,0
1093,48705,16.612708,16.228465,15.485537,0.007050,0.000500,0.000000,0.000000,1.079125,0.013542,1.002709,2112,3514362,37272,0,2,0,2,0,0,0,0,0,0,7208,0,4680,2528,0
1094,48706,17.172125,16.779177,15.756158,0.006126,0.000625,0.000000,0.000000,0.636375,0.013875,0.424750,2158,3536596,37961,0,2,0,2,0,0,0,0,0,0,5406,0,3510,1896,0
1095,48707,16.289875,15.892969,15.367721,0.007083,0.000335,0.000000,0.000000,0.820875,0.014125,0.902083,2158,3479688,37283,0,2,0,2,0,0,0,0,0,0,5406,0,3510,1896,0
1096,48708,16.407208,16.028712,15.311458,0.006414,0.000333,0.000000,0.000000,1.432000,0.013375,0.735875,2087,3517358,37153,0,2,0,2,0,0,0,0,0,0,7208,0,4680,2528,0
1097,48709,17.636334,17.241670,15.914295,0.007709,0.000585,0.000000,0.000000,0.358750,0.011708,0.610166,2175,3551191,38017,0,2,0,2,0,0,0,0,0,0,7447,0,3510,3937,0
1098,48710,15.905083,15.514973,15.251679,0.007287,0.000416,0.000000,0.000000,0.913375,0.047125,1.036125,2158,3468615,37168,0,2,0,2,0,0,0,0,0,0,5406,0,3510,1896,0
1099,48711,16.778792,16.389368,15.527455,0.007128,0.000500,0.000000,0.000000,1.012708,0.029583,0.317583,2143,3547691,37658,0,2,0,2,0,0,0,0,0,0,7208,0,4680,2528,0
1100,48712,16.387333,16.009791,15.068784,0.007623,0.000459,0.000000,0.000000,1.133750,0.032250,0.586875,2078,3462273,37008,0,2,0,2,0,0,0,0,0,0,5406,0,3510,1896,0
1101,48713,17.143750,16.750192,15.664411,0.006756,0.000459,0.000000,0.000000,0.784750,0.026750,0.609166,2147,3522580,37844,0,2,0,2,0,0,0,0,0,0,5406,0,3510,1896,0
1102,48714,16.324583,15.943881,15.274817,0.006918,0.000501,0.000000,0.000000,1.119084,0.035000,0.905583,2118,3514556,37287,0,2,0,2,0,0,0,0,0,0,7208,0,4680,2528,0
1103,48715,16.746209,16.361643,15.268727,0.006997,0.000459,0.000000,0.000000,0.966291,0.039500,0.613833,2114,3469778,37192,0,2,0,2,0,0,0,0,0,0,5406,0,3510,1896,0
1104,48716,16.150583,15.779690,14.906192,0.007042,0.000416,0.000000,0.000000,1.469542,0.020000,0.600750,2061,3452094,36688,0,2,0,2,0,0,0,0,0,0,7004,0,4536,2468,0
1105,48717,17.539792,17.151858,15.796090,0.007538,0.000458,0.000000,0.000000,0.525708,0.034250,0.946375,2142,3558003,38096,0,2,0,2,0,0,0,0,0,0,5610,0,3654,1956,0
1106,48718,15.815625,15.439955,15.000950,0.007621,0.000375,0.000000,0.000000,1.589875,0.014000,0.302875,2081,3451017,36969,0,2,0,2,0,0,0,0,0,0,5406,0,3510,1896,0
1107,48719,17.086791,16.704914,15.200191,0.006748,0.000415,0.000000,0.000000,1.017125,0.014542,1.295958,2085,3493221,37050,0,2,0,2,0,0,0,0,0,0,7208,0,4680,2528,0
1108,48720,19.275875,18.891020,16.394223,0.007798,0.000875,0.000000,0.000000,0.105959,0.015708,0.590250,2102,3517792,37709,0,2,0,2,0,0,0,0,0,0,5406,0,3510,1896,0
1109,48721,19.279042,18.853344,18.349571,0.007203,0.000749,0.000000,0.000000,0.115583,0.031917,0.630833,2138,3502282,37619,0,2,0,2,0,0,0,0,0,0,5406,0,3510,1896,0
1110,48722,17.638417,17.242605,17.088753,0.007920,0.001416,0.000000,0.000000,0.117375,0.016500,0.600876,2066,3453525,36697,0,2,0,2,0,0,0,0,0,0,7208,0,4680,2528,0
1111,48723,24.175041,23.617968,22.350896,0.007328,0.000833,0.000000,0.000000,0.102834,0.015375,0.610708,2152,3559604,38134,0,2,0,2,0,0,0,0,0,0,5406,0,3510,1896,0
1112,48724,17.343167,16.927794,16.737812,0.007338,0.000624,0.000000,0.000000,0.124375,0.026417,0.615084,2085,3469884,37160,0,2,0,2,0,0,0,0,0,0,5406,0,3510,1896,0
1113,48725,17.177250,16.768656,16.685104,0.006916,0.000541,0.000000,0.000000,0.121667,0.036833,0.291334,2107,3506073,37212,0,2,0,2,0,0,0,0,0,0,7208,0,4680,2528,0
1114,48726,17.888375,17.462977,17.298056,0.006627,0.001375,0.000000,0.000000,0.110292,0.035958,0.609043,2124,3512905,37774,0,2,0,2,0,0,0,0,0,0,5406,0,3510,1896,0
1115,48727,17.310208,16.884813,16.833520,0.007798,0.001000,0.000000,0.000000,0.083250,0.018542,0.949084,2112,3480586,37404,0,2,0,2,0,0,0,0,0,0,5406,0,3510,1896,0
1116,48728,16.940834,16.550565,16.542609,0.007996,0.000835,0.000000,0.000000,0.098583,0.015875,0.653750,2074,3467530,36785,0,2,0,2,0,0,0,0,0,0,7208,0,4680,2528,0
1117,48729,18.196875,17.757579,17.644986,0.007375,0.000584,0.000000,0.000000,0.078791,0.028000,0.630333,2161,3561780,38203,0,2,0,2,0,0,0,0,0,0,5406,0,3510,1896,0
1118,48730,16.851750,16.450619,16.402334,0.007120,0.000708,0.000000,0.000000,0.103333,0.017083,0.913334,2127,3473032,37266,0,2,0,2,0,0,0,0,0,0,5406,0,3510,1896,0
1119,48731,16.682083,16.276866,16.239990,0.007456,0.000751,0.000000,0.000000,0.092833,0.021084,0.312375,2087,3475250,36822,0,2,0,2,0,0,0,0,0,0,7208,0,4680,2528,0
1120,48732,17.831583,17.421039,17.365211,0.007286,0.000833,0.000000,0.000000,0.094667,0.038375,1.073250,2142,3531577,37876,0,2,0,2,0,0,0,0,0,0,5406,0,3510,1896,0
1121,48733,17.319750,16.897248,16.834485,0.007455,0.000542,0.000000,0.000000,0.092500,0.037875,0.640458,2190,3512605,37738,0,2,0,2,0,0,0,0,0,0,5406,0,3510,1896,0
1122,48734,17.082042,16.681570,16.637596,0.006999,0.000749,0.000000,0.000000,0.127167,0.037708,0.604292,2086,3464371,36666,0,2,0,2,0,0,0,0,0,0,7208,0,4680,2528,0
1123,48735,17.707167,17.304266,17.280394,0.007303,0.000834,0.000000,0.000000,0.091333,0.037917,0.613833,2166,3541609,38062,0,2,0,2,0,0,0,0,0,0,5406,0,3510,1896,0
1124,48736,16.485875,16.087750,15.887424,0.007449,0.000750,0.000000,0.000000,0.098791,0.014459,0.636375,2113,3444922,36424,0,2,0,2,0,0,0,0,0,0,5406,0,3510,1896,0
1125,48737,19.958416,19.522040,19.462906,0.006130,0.000750,0.000000,0.000000,0.092042,0.058417,1.006166,2234,3935401,41740,0,2,0,2,0,0,0,0,0,0,7208,0,4680,2528,0
1126,48738,19.375542,18.931484,18.816024,0.007383,0.000791,0.000000,0.000000,0.115583,0.063542,0.617250,2236,3721598,39906,0,2,0,2,0,0,0,0,0,0,5406,0,3510,1896,0
1127,48739,18.603708,18.154653,18.089061,0.007328,0.000584,0.000000,0.000000,0.103792,0.048833,0.588791,2295,3703082,39761,0,2,0,2,0,0,0,0,0,0,5406,0,3510,1896,0
1128,48740,18.432625,18.002659,17.898762,0.006791,0.000666,0.000000,0.000000,0.122500,0.043875,0.636667,2226,3686725,39178,0,2,0,2,0,0,0,0,0,0,7208,0,4680,2528,0
1129,48741,18.992500,18.563384,18.517852,0.006542,0.000833,0.000000,0.000000,0.104250,0.036542,0.731834,2275,3767944,40391,0,2,0,2,0,0,0,0,0,0,5406,0,3510,1896,0
1130,48742,19.175625,18.704592,18.408861,0.007801,0.000583,0.000000,0.000000,0.086250,0.020292,0.612876,2262,3650384,39180,0,2,0,2,0,0,0,0,0,0,5406,0,3510,1896,0
1131,48743,18.115834,17.675377,17.598839,0.006261,0.000917,0.000000,0.000000,0.090500,0.050083,0.758709,2220,3679507,39153,0,2,0,2,0,0,0,0,0,0,7208,0,4680,2528,0
1132,48744,18.809083,18.357734,18.270617,0.006922,0.000416,0.000000,0.000000,0.130208,0.020959,0.305375,2242,3716800,39754,0,2,0,2,0,0,0,0,0,0,5406,0,3510,1896,0
1133,48745,18.382250,17.946977,17.942699,0.006619,0.000376,0.000000,0.000000,0.097750,0.021792,0.646541,2321,3699789,39819,0,2,0,2,0,0,0,0,0,0,5406,0,3510,1896,0
1134,48746,17.476125,17.037878,17.034862,0.007162,0.000626,0.000000,0.000000,0.109875,0.023292,0.927000,2190,3628328,38569,0,2,0,2,0,0,0,0,0,0,7208,0,4680,2528,0
1135,48747,18.761167,18.337503,18.225765,0.007032,0.000916,0.000000,0.000000,0.111750,0.059458,0.601001,2249,3732495,40096,0,2,0,2,0,0,0,0,0,0,5406,0,3510,1896,0
1136,48748,17.743583,17.295809,17.241770,0.007250,0.000459,0.000000,0.000000,0.107958,0.033209,0.303292,2251,3646991,39240,0,2,0,2,0,0,0,0,0,0,5406,0,3510,1896,0
1137,48749,17.871750,17.449633,17.370986,0.007211,0.000791,0.000000,0.000000,0.117667,0.031083,0.737541,2242,3700135,39489,0,2,0,2,0,0,0,0,0,0,7208,0,4680,2528,0
1138,48750,19.850125,19.389571,19.285385,0.007792,0.000626,0.000000,0.000000,0.094583,0.102709,0.928375,2247,3703259,39810,0,2,0,2,0,0,0,0,0,0,5406,0,3510,1896,0
1139,48751,19.713583,19.245475,19.117695,0.007836,0.000624,0.000000,0.000000,0.088750,0.021417,0.782500,2285,3659640,39388,0,2,0,2,0,0,0,0,0,0,5406,0,3510,1896,0
1140,48752,18.493584,18.038335,18.058337,0.007622,0.000916,0.000000,0.000000,0.116583,0.018375,0.289333,2205,3642545,38844,0,2,0,2,0,0,0,0,0,0,7208,0,4680,2528,0
1141,48753,32.469916,31.956452,22.003074,0.007252,0.000707,0.000000,0.000000,0.117667,0.023500,0.893959,2259,3760621,40442,0,2,0,2,0,0,0,0,0,0,5406,0,3510,1896,0
1142,48754,21.747542,21.229543,20.650315,0.008411,0.000916,0.000000,0.000000,0.123167,0.020916,0.582417,2286,3656685,39321,0,2,0,2,0,0,0,0,0,0,5406,0,3510,1896,0
1143,48755,21.049667,20.541739,20.263001,0.008249,0.000541,0.000000,0.000000,0.101041,0.024334,0.589667,2212,3659140,38970,0,2,0,2,0,0,0,0,0,0,7208,0,4680,2528,0
1144,48756,22.639208,22.125091,21.672812,0.008296,0.001292,0.000000,0.000000,0.166250,0.039958,0.940792,2239,3711619,39762,0,2,0,2,0,0,0,0,0,0,5406,0,3510,1896,0
1145,48757,24.502167,23.979035,22.713832,0.007711,0.000666,0.000000,0.000000,0.091666,0.018084,0.607249,2255,3695641,39856,0,2,0,2,0,0,0,0,0,0,5406,0,3510,1896,0
1146,48758,18.498625,18.015585,18.057317,0.008201,0.000417,0.000000,0.000000,0.077791,0.016334,0.585125,2220,3647071,38347,0,2,0,2,0,0,0,0,0,0,7374,0,4680,2694,0
1147,48759,20.567625,20.087203,20.110614,0.006877,0.000458,0.000000,0.000000,0.092375,0.053375,0.289291,2307,3995052,42294,0,2,0,2,0,0,0,0,0,0,5406,0,3510,1896,0
1148,48760,18.451375,18.001871,17.939011,0.007038,0.000707,0.000000,0.000000,0.085916,0.015167,0.784375,2198,3642746,39045,0,2,0,2,0,0,0,0,0,0,5406,0,3510,1896,0
1149,48761,18.373958,17.927194,17.959133,0.007919,0.000585,0.000000,0.000000,0.090125,0.013583,0.902918,2237,3687086,39411,0,2,0,2,0,0,0,0,0,0,7208,0,4680,2528,0
1150,48762,17.939250,17.500169,17.527704,0.007538,0.000583,0.000000,0.000000,0.083708,0.023750,0.604583,2192,3596934,38782,0,2,0,2,0,0,0,0,0,0,5406,0,3510,1896,0
1151,48763,18.132458,17.683285,17.724949,0.007872,0.000792,0.000000,0.000000,0.087917,0.014458,0.292458,2213,3618452,38960,0,2,0,2,0,0,0,0,0,0,5406,0,3510,1896,0
1152,48764,17.964084,17.526481,17.565206,0.007329,0.000749,0.000000,0.000000,0.089500,0.017125,0.586459,2186,3656793,38927,0,2,0,2,0,0,0,0,0,0,7208,0,4680,2528,0
1153,48765,17.982208,17.532193,17.579233,0.007540,0.000624,0.000000,0.000000,0.090083,0.015250,1.290167,2223,3636746,39212,0,2,0,2,0,0,0,0,0,0,5406,0,3510,1896,0
1154,48766,17.902417,17.457747,17.500348,0.007505,0.000583,0.000000,0.000000,0.087291,0.018375,0.310667,2198,3591391,38662,0,2,0,2,0,0,0,0,0,0,5406,0,3510,1896,0
1155,48767,18.213666,17.771016,17.798708,0.007248,0.000666,0.000000,0.000000,0.106084,0.016541,0.974416,2212,3662406,39049,0,2,0,2,0,0,0,0,0,0,7208,0,4680,2528,0
1156,48768,16.858625,16.450579,16.487617,0.007295,0.000375,0.000000,0.000000,0.089834,0.015208,0.616542,2164,3586017,38511,0,2,0,2,0,0,0,0,0,0,5406,0,3510,1896,0
1157,48769,16.862750,16.451852,16.495431,0.007081,0.000458,0.000000,0.000000,0.103959,0.016333,0.668417,2197,3629915,38806,0,2,0,2,0,0,0,0,0,0,7004,0,4536,2468,0
1158,48770,16.959667,16.547623,16.579482,0.007246,0.000499,0.000000,0.000000,0.089250,0.017167,0.963958,2221,3636188,39158,0,2,0,2,0,0,0,0,0,0,5610,0,3654,1956,0
1159,48771,16.707625,16.294234,16.312154,0.007460,0.000501,0.000000,0.000000,0.089042,0.016041,0.308792,2211,3603226,38764,0,2,0,2,0,0,0,0,0,0,5406,0,3510,1896,0
1160,48772,16.340625,15.937683,15.978624,0.007418,0.000499,0.000000,0.000000,0.091125,0.016500,0.641166,2167,3587174,38270,0,2,0,2,0,0,0,0,0,0,7208,0,4680,2528,0
1161,48773,17.438292,17.019699,17.055906,0.007127,0.000542,0.000000,0.000000,0.095875,0.014875,0.951833,2243,3689983,39724,0,2,0,2,0,0,0,0,0,0,5406,0,3510,1896,0
1162,48774,16.832000,16.417069,16.354448,0.007203,0.000543,0.000000,0.000000,0.090375,0.028666,0.315042,2193,3577870,38552,0,2,0,2,0,0,0,0,0,0,5406,0,3510,1896,0
1163,48775,16.553166,16.140876,16.158193,0.006457,0.000418,0.000000,0.000000,0.089917,0.017167,1.193125,2183,3601940,38330,0,2,0,2,0,0,0,0,0,0,7208,0,4680,2528,0
1164,48776,17.045125,16.633069,16.664534,0.007038,0.000584,0.000000,0.000000,0.077000,0.016500,0.507000,2216,3654820,39323,0,2,0,2,0,0,0,0,0,0,5406,0,3510,1896,0
1165,48777,16.816917,16.399372,16.437374,0.007260,0.000791,0.000000,0.000000,0.095708,0.016167,0.972334,2256,3638085,39292,0,2,0,2,0,0,0,0,0,0,5406,0,3510,1896,0
1166,48778,16.499333,16.092544,16.128248,0.006709,0.000333,0.000000,0.000000,0.091209,0.014833,0.336125,2179,3600534,38305,0,2,0,2,0,0,0,0,0,0,7208,0,4680,2528,0
1167,48779,17.034042,16.614694,16.648420,0.007325,0.000418,0.000000,0.000000,0.087083,0.015209,1.284041,2247,3670763,39631,0,2,0,2,0,0,0,0,0,0,5406,0,3510,1896,0
1168,48780,16.890625,16.453333,16.449581,0.007329,0.000541,0.000000,0.000000,0.086958,0.022250,0.684083,2230,3608589,38772,0,2,0,2,0,0,0,0,0,0,5406,0,3510,1896,0
1169,48781,16.955125,16.559084,16.558167,0.007212,0.000543,0.000000,0.000000,0.103667,0.026791,0.319583,2203,3643547,38802,0,2,0,2,0,0,0,0,0,0,7208,0,4680,2528,0
1170,48782,17.135500,16.722316,16.741051,0.007416,0.000501,0.000000,0.000000,0.096208,0.016375,0.622875,2218,3647885,39440,0,2,0,2,0,0,0,0,0,0,5406,0,3510,1896,0
1171,48783,16.891000,16.468077,16.510118,0.006921,0.000292,0.000000,0.000000,0.088208,0.018625,0.649041,2269,3632861,39103,0,2,0,2,0,0,0,0,0,0,5406,0,3510,1896,0
1172,48784,16.287292,15.886012,15.917849,0.007287,0.000542,0.000000,0.000000,0.091958,0.027583,1.308375,2161,3587750,38236,0,2,0,2,0,0,0,0,0,0,7208,0,4680,2528,0
1173,48785,17.326416,16.902851,16.937293,0.006753,0.000457,0.000000,0.000000,0.091042,0.015833,1.139041,2257,3699482,39789,0,2,0,2,0,0,0,0,0,0,5406,0,3510,1896,0
1174,48786,16.784584,16.367523,16.383905,0.006909,0.000375,0.000000,0.000000,0.101291,0.017334,0.292625,2233,3588704,38644,0,2,0,2,0,0,0,0,0,0,5406,0,3510,1896,0
1175,48787,16.639208,16.228219,16.253458,0.006542,0.000542,0.000000,0.000000,0.085667,0.015125,0.904666,2191,3620404,38548,0,2,0,2,0,0,0,0,0,0,7208,0,4680,2528,0
1176,48788,17.066625,16.653889,16.679185,0.006251,0.000874,0.000000,0.000000,0.109708,0.015750,0.292334,2221,3663019,39448,0,2,0,2,0,0,0,0,0,0,5406,0,3510,1896,0
1177,48789,16.808000,16.389792,16.430683,0.007378,0.000542,0.000000,0.000000,0.090542,0.016916,0.901083,2257,3621618,39048,0,2,0,2,0,0,0,0,0,0,5406,0,3510,1896,0
1178,48790,16.314500,15.915130,15.955332,0.007246,0.000624,0.000000,0.000000,0.080500,0.015375,0.614958,2154,3585867,38129,0,2,0,2,0,0,0,0,0,0,7208,0,4680,2528,0
1179,48791,17.163708,16.744300,16.761271,0.006997,0.000500,0.000000,0.000000,0.092167,0.015833,0.953792,2238,3665904,39531,0,2,0,2,0,0,0,0,0,0,5406,0,3510,1896,0
1180,48792,16.611792,16.201528,16.242259,0.006884,0.000334,0.000000,0.000000,0.093625,0.015458,0.615083,2213,3593576,38617,0,2,0,2,0,0,0,0,0,0,5406,0,3510,1896,0
1181,48793,16.611000,16.202999,16.242707,0.007249,0.000335,0.000000,0.000000,0.094250,0.015167,0.656667,2201,3642751,38803,0,2,0,2,0,0,0,0,0,0,7208,0,4680,2528,0
1182,48794,17.119458,16.703679,16.739306,0.007623,0.000376,0.000000,0.000000,0.111334,0.044875,0.917958,2236,3637283,39260,0,2,0,2,0,0,0,0,0,0,5406,0,3510,1896,0
1183,48795,17.096250,16.650292,16.649187,0.006705,0.000625,0.000000,0.000000,0.091250,0.015917,0.490916,2239,3592235,38681,0,2,0,2,0,0,0,0,0,0,5406,0,3510,1896,0
1184,48796,16.531334,16.124408,16.111134,0.007082,0.000541,0.000000,0.000000,0.107625,0.026375,0.650334,2167,3581985,38186,0,2,0,2,0,0,0,0,0,0,7208,0,4680,2528,0
1185,48797,18.164166,17.739567,17.708674,0.006583,0.000709,0.000000,0.000000,0.075500,0.024792,0.921458,2233,3689579,39686,0,2,0,2,0,0,0,0,0,0,5406,0,3510,1896,0
1186,48798,17.184584,16.768700,16.718613,0.006831,0.000374,0.000000,0.000000,0.078958,0.014000,0.289000,2234,3591110,38635,0,2,0,2,0,0,0,0,0,0,5406,0,3510,1896,0
1187,48799,16.263625,15.870197,15.890654,0.006796,0.000543,0.000000,0.000000,0.083583,0.014542,0.905125,2172,3607883,38416,0,2,0,2,0,0,0,0,0,0,7208,0,4680,2528,0
1188,48800,16.713875,16.311922,16.329005,0.007171,0.000416,0.000000,0.000000,0.082416,0.028167,0.305709,2204,3647097,39250,0,2,0,2,0,0,0,0,0,0,5406,0,3510,1896,0
1189,48801,17.218375,16.794758,16.788523,0.006873,0.000417,0.000000,0.000000,0.075208,0.013000,0.934041,2268,3628457,39138,0,2,0,2,0,0,0,0,0,0,5406,0,3510,1896,0
1190,48802,16.312291,15.906716,15.929773,0.006412,0.000375,0.000000,0.000000,0.077042,0.013708,0.304541,2162,3584998,38193,0,2,0,2,0,0,0,0,0,0,7208,0,4680,2528,0
1191,48803,17.068250,16.659531,16.671743,0.007207,0.000582,0.000000,0.000000,0.076459,0.036333,1.267167,2255,3677679,39605,0,2,0,2,0,0,0,0,0,0,5406,0,3510,1896,0
1192,48804,16.754000,16.333419,16.337374,0.007954,0.000499,0.000000,0.000000,0.074042,0.013250,0.589500,2216,3593042,38572,0,2,0,2,0,0,0,0,0,0,5406,0,3510,1896,0
1193,48805,16.608167,16.183767,16.225134,0.006751,0.000459,0.000000,0.000000,0.084625,0.014917,0.300959,2198,3639096,38765,0,2,0,2,0,0,0,0,0,0,7208,0,4680,2528,0
1194,48806,16.995083,16.582239,16.587801,0.007370,0.000667,0.000000,0.000000,0.074167,0.012625,0.592708,2224,3637753,39247,0,2,0,2,0,0,0,0,0,0,5406,0,3510,1896,0
1195,48807,16.608959,16.194425,16.218110,0.007372,0.000418,0.000000,0.000000,0.074416,0.015834,0.642834,2245,3600516,38807,0,2,0,2,0,0,0,0,0,0,5406,0,3510,1896,0
1196,48808,16.089833,15.692894,15.734624,0.006881,0.000417,0.000000,0.000000,0.072083,0.014417,0.950334,2156,3585848,38234,0,2,0,2,0,0,0,0,0,0,7208,0,4680,2528,0
1197,48809,17.354500,16.909341,16.894136,0.007579,0.000416,0.000000,0.000000,0.077792,0.013041,0.644625,2237,3692367,39634,0,2,0,2,0,0,0,0,0,0,5406,0,3510,1896,0
1198,48810,16.656833,16.258922,16.284980,0.007295,0.000500,0.000000,0.000000,0.081542,0.013667,0.649958,2242,3593149,38635,0,2,0,2,0,0,0,0,0,0,5406,0,3510,1896,0
1199,48811,16.411667,16.007411,16.043151,0.006709,0.000542,0.000000,0.000000,0.082708,0.018584,0.601750,2169,3598706,38285,0,2,0,2,0,0,0,0,0,0,7208,0,4680,2528,0
1200,48812,17.000417,16.565771,16.602264,0.006672,0.000375,0.000000,0.000000,0.070208,0.013167,0.306041,2216,3653125,39387,0,2,0,2,0,0,0,0,0,0,5406,0,3510,1896,0
1201,48813,16.782500,16.371994,16.412773,0.005245,0.000333,0.000000,0.000000,0.096583,0.014000,0.946167,2227,3625758,39080,0,2,0,2,0,0,0,0,0,0,5406,0,3510,1896,0
1202,48814,16.410500,16.018669,16.041220,0.006337,0.000457,0.000000,0.000000,0.070875,0.015458,0.511459,2183,3621091,38556,0,2,0,2,0,0,0,0,0,0,7208,0,4680,2528,0
1203,48815,16.725666,16.313937,16.340833,0.007585,0.000499,0.000000,0.000000,0.079500,0.023542,0.950750,2223,3632205,39156,0,2,0,2,0,0,0,0,0,0,5406,0,3510,1896,0
1204,48816,16.836834,16.433866,16.440465,0.007288,0.000417,0.000000,0.000000,0.106666,0.020792,0.304208,2195,3612713,38695,0,2,0,2,0,0,0,0,0,0,7447,0,3510,3937,0
1205,48817,17.136666,16.724344,16.741999,0.006667,0.000458,0.000000,0.000000,0.071334,0.013666,1.279292,2223,3689489,39428,0,2,0,2,0,0,0,0,0,0,7208,0,4680,2528,0
1206,48818,16.544292,16.133916,16.128959,0.007161,0.000416,0.000000,0.000000,0.071958,0.014917,0.311916,2180,3578233,38526,0,2,0,2,0,0,0,0,0,0,5406,0,3510,1896,0
1207,48819,16.599875,16.195339,16.206083,0.007583,0.000208,0.000000,0.000000,0.088542,0.013875,0.993125,2204,3596214,38722,0,2,0,2,0,0,0,0,0,0,5406,0,3510,1896,0
1208,48820,16.357083,15.950877,15.977736,0.006826,0.000541,0.000000,0.000000,0.100000,0.014625,0.604875,2174,3639515,38771,0,2,0,2,0,0,0,0,0,0,7208,0,4680,2528,0
1209,48821,16.601667,16.201319,16.229614,0.007587,0.000668,0.000000,0.000000,0.073792,0.013416,0.639416,2202,3604269,38822,0,2,0,2,0,0,0,0,0,0,5406,0,3510,1896,0
1210,48822,16.283250,15.890548,15.923200,0.007078,0.000541,0.000000,0.000000,0.074875,0.013292,0.943666,2150,3586952,38219,0,2,0,2,0,0,0,0,0,0,7097,0,4596,2501,0
1211,48823,16.907458,16.495449,16.542752,0.006458,0.000375,0.000000,0.000000,0.077709,0.015750,0.640833,2234,3648830,39355,0,2,0,2,0,0,0,0,0,0,5517,0,3594,1923,0
1212,48824,16.293292,15.898197,15.941164,0.007330,0.000583,0.000000,0.000000,0.073542,0.014625,0.813250,2156,3574685,38436,0,2,0,2,0,0,0,0,0,0,5406,0,3510,1896,0
1213,48825,16.410708,16.001941,16.034598,0.006168,0.000375,0.000000,0.000000,0.074125,0.043875,0.311083,2181,3617411,38550,0,2,0,2,0,0,0,0,0,0,7208,0,4680,2528,0
1214,48826,16.788125,16.378741,16.366379,0.006283,0.000376,0.000000,0.000000,0.081375,0.012125,0.604625,2216,3628888,39189,0,2,0,2,0,0,0,0,0,0,5406,0,3510,1896,0
1215,48827,16.118292,15.722695,15.745989,0.006750,0.000583,0.000000,0.000000,0.078750,0.013625,0.616125,2181,3587501,38668,0,2,0,2,0,0,0,0,0,0,5406,0,3510,1896,0
1216,48828,15.839625,15.442023,15.464291,0.006917,0.000459,0.000000,0.000000,0.072042,0.042666,0.936916,2179,3599731,38363,0,2,0,2,0,0,0,0,0,0,7208,0,4680,2528,0
1217,48829,16.955375,16.548531,16.563614,0.007286,0.000292,0.000000,0.000000,0.073833,0.013625,0.601333,2245,3686987,39674,0,2,0,2,0,0,0,0,0,0,5406,0,3510,1896,0
1218,48830,16.214583,15.803220,15.834931,0.007378,0.000499,0.000000,0.000000,0.080500,0.015167,0.295875,2205,3590277,38634,0,2,0,2,0,0,0,0,0,0,5406,0,3510,1896,0
1219,48831,15.991875,15.600098,15.625277,0.006957,0.000293,0.000000,0.000000,0.083375,0.014834,0.294834,2170,3602161,38304,0,2,0,2,0,0,0,0,0,0,7208,0,4680,2528,0
1220,48832,16.581542,16.179785,16.193582,0.007876,0.000626,0.000000,0.000000,0.089292,0.015666,0.913541,2203,3637882,39186,0,2,0,2,0,0,0,0,0,0,5406,0,3510,1896,0
1221,48833,16.859250,16.442513,16.415815,0.007040,0.000459,0.000000,0.000000,0.095625,0.035250,1.092375,2275,3641073,39287,0,2,0,2,0,0,0,0,0,0,5406,0,3510,1896,0
1222,48834,16.182542,15.793128,15.784263,0.007168,0.000501,0.000000,0.000000,0.081875,0.015208,0.296000,2154,3587205,38178,0,2,0,2,0,0,0,0,0,0,7208,0,4680,2528,0
1223,48835,16.661666,16.251053,16.295065,0.007163,0.000542,0.000000,0.000000,0.093042,0.016708,0.803126,2250,3675997,39540,0,2,0,2,0,0,0,0,0,0,5406,0,3510,1896,0
1224,48836,16.439792,16.034101,16.047900,0.007415,0.000751,0.000000,0.000000,0.082708,0.014667,0.613583,2222,3586609,38466,0,2,0,2,0,0,0,0,0,0,5406,0,3510,1896,0
1225,48837,16.441292,16.041714,16.074296,0.006994,0.000667,0.000000,0.000000,0.092833,0.016000,0.902291,2204,3632080,38659,0,2,0,2,0,0,0,0,0,0,7208,0,4680,2528,0
1226,48838,16.816958,16.409616,16.431885,0.007375,0.000333,0.000000,0.000000,0.079583,0.014209,0.619000,2241,3638391,39247,0,2,0,2,0,0,0,0,0,0,5406,0,3510,1896,0
1227,48839,16.491958,16.081355,16.086709,0.005578,0.000750,0.000000,0.000000,0.098209,0.015500,0.600042,2249,3595154,38698,0,2,0,2,0,0,0,0,0,0,5406,0,3510,1896,0
1228,48840,16.068334,15.663854,15.635183,0.006874,0.000417,0.000000,0.000000,0.087041,0.015000,0.637541,2145,3578520,38119,0,2,0,2,0,0,0,0,0,0,7208,0,4680,2528,0
1229,48841,17.138125,16.727670,16.743080,0.005875,0.000500,0.000000,0.000000,0.091041,0.015625,0.872126,2251,3697813,39699,0,2,0,2,0,0,0,0,0,0,5406,0,3510,1896,0
1230,48842,16.514458,16.108347,16.106137,0.007502,0.000541,0.000000,0.000000,0.089333,0.016375,1.221166,2221,3581635,38569,0,2,0,2,0,0,0,0,0,0,5406,0,3510,1896,0
1231,48843,16.712500,16.310529,16.334814,0.007588,0.000627,0.000000,0.000000,0.105917,0.013583,0.477375,2165,3601322,38275,0,2,0,2,0,0,0,0,0,0,7208,0,4680,2528,0
1232,48844,17.424042,17.014529,17.059088,0.007539,0.001000,0.000000,0.000000,0.090250,0.015125,0.588999,2202,3644978,39194,0,2,0,2,0,0,0,0,0,0,5406,0,3510,1896,0
1233,48845,16.578791,16.172900,16.188023,0.006292,0.000292,0.000000,0.000000,0.099250,0.016584,0.293500,2278,3635494,39172,0,2,0,2,0,0,0,0,0,0,5406,0,3510,1896,0
1234,48846,15.679334,15.293829,15.316793,0.006880,0.000417,0.000000,0.000000,0.084291,0.014084,0.585958,2168,3587120,38072,0,2,0,2,0,0,0,0,0,0,7208,0,4680,2528,0
1235,48847,16.373708,15.971199,16.005639,0.006717,0.000542,0.000000,0.000000,0.078750,0.014667,0.619792,2250,3661261,39507,0,2,0,2,0,0,0,0,0,0,5406,0,3510,1896,0
1236,48848,15.574750,15.183924,15.222183,0.006992,0.000457,0.000000,0.000000,0.092667,0.017208,0.960499,2225,3598924,38624,0,2,0,2,0,0,0,0,0,0,5406,0,3510,1896,0
1237,48849,15.725833,15.331858,15.359495,0.006912,0.000583,0.000000,0.000000,0.078584,0.014041,0.300250,2214,3643924,38790,0,2,0,2,0,0,0,0,0,0,7208,0,4680,2528,0
1238,48850,15.959667,15.560606,15.596742,0.006837,0.000374,0.000000,0.000000,0.078375,0.015250,0.914499,2243,3648759,39332,0,2,0,2,0,0,0,0,0,0,5406,0,3510,1896,0
1239,48851,15.741917,15.342686,15.374572,0.006794,0.000292,0.000000,0.000000,0.090333,0.015750,0.333041,2245,3611030,38806,0,2,0,2,0,0,0,0,0,0,5406,0,3510,1896,0
1240,48852,15.398208,15.014155,15.054675,0.006623,0.000375,0.000000,0.000000,0.068708,0.013875,0.921958,2153,3593348,38269,0,2,0,2,0,0,0,0,0,0,7208,0,4680,2528,0
1241,48853,16.171542,15.767566,15.813431,0.006420,0.000292,0.000000,0.000000,0.075083,0.013542,0.498208,2257,3709264,39870,0,2,0,2,0,0,0,0,0,0,5406,0,3510,1896,0
1242,48854,15.515750,15.115442,15.158647,0.006621,0.000373,0.000000,0.000000,0.071666,0.013250,0.901708,2245,3589735,38631,0,2,0,2,0,0,0,0,0,0,5406,0,3510,1896,0
1243,48855,15.801583,15.412533,15.452029,0.006836,0.000624,0.000000,0.000000,0.087208,0.014792,0.303042,2199,3621061,38450,0,2,0,2,0,0,0,0,0,0,7208,0,4680,2528,0
1244,48856,15.763750,15.374227,15.410955,0.006537,0.000292,0.000000,0.000000,0.073083,0.013459,1.158250,2214,3646024,39186,0,2,0,2,0,0,0,0,0,0,5406,0,3510,1896,0
1245,48857,17.041208,16.617914,16.573326,0.007077,0.000501,0.000000,0.000000,0.080084,0.013208,0.324750,2262,3634832,39189,0,2,0,2,0,0,0,0,0,0,5406,0,3510,1896,0
1246,48858,15.541375,15.158705,15.197824,0.006869,0.000626,0.000000,0.000000,0.066959,0.012875,0.585792,2162,3592306,38136,0,2,0,2,0,0,0,0,0,0,7208,0,4680,2528,0
1247,48859,15.982709,15.584627,15.627007,0.006546,0.000501,0.000000,0.000000,0.067208,0.012500,0.298875,2237,3659396,39384,0,2,0,2,0,0,0,0,0,0,5406,0,3510,1896,0
1248,48860,15.620875,15.226514,15.253198,0.006286,0.000417,0.000000,0.000000,0.068750,0.014541,0.913541,2203,3588227,38475,0,2,0,2,0,0,0,0,0,0,5406,0,3510,1896,0
1249,48861,15.694500,15.305526,15.331411,0.006585,0.000332,0.000000,0.000000,0.082250,0.014125,0.303750,2197,3630646,38644,0,2,0,2,0,0,0,0,0,0,7208,0,4680,2528,0
1250,48862,15.751291,15.362151,15.403171,0.007159,0.000458,0.000000,0.000000,0.073375,0.014042,0.905376,2203,3629575,39142,0,2,0,2,0,0,0,0,0,0,5406,0,3510,1896,0
1251,48863,15.655000,15.257067,15.296733,0.006963,0.000416,0.000000,0.000000,0.276542,0.014167,0.490250,2254,3605067,38749,0,2,0,2,0,0,0,0,0,0,5406,0,3510,1896,0
1252,48864,15.608000,15.223014,15.041512,0.006877,0.000459,0.000000,0.000000,1.312250,0.014542,0.905499,2167,3576900,38072,0,2,0,2,0,0,0,0,0,0,7208,0,4680,2528,0
1253,48865,17.752792,17.353959,16.145129,0.006584,0.000459,0.000000,0.000000,0.378500,0.013125,0.294958,2231,3695207,39677,0,2,0,2,0,0,0,0,0,0,5406,0,3510,1896,0
1254,48866,15.961833,15.562054,15.295626,0.006414,0.000376,0.000000,0.000000,1.027584,0.011958,0.966001,2238,3583379,38544,0,2,0,2,0,0,0,0,0,0,5406,0,3510,1896,0
1255,48867,16.768750,16.375403,15.457972,0.007116,0.000625,0.000000,0.000000,0.862084,0.013541,0.609334,2191,3650895,38757,0,2,0,2,0,0,0,0,0,0,7208,0,4680,2528,0
1256,48868,20.618917,20.177283,18.696214,0.009206,0.001376,0.000000,0.000000,0.129167,0.023625,0.907875,2201,3624953,38933,0,2,0,2,0,0,0,0,0,0,5406,0,3510,1896,0
1257,48869,20.783333,20.308835,19.754240,0.006928,0.001210,0.000000,0.000000,0.125084,0.018041,0.603709,2221,3628898,39074,0,2,0,2,0,0,0,0,0,0,5406,0,3510,1896,0
1258,48870,20.342375,19.860267,19.463952,0.013330,0.001250,0.000000,0.000000,0.220500,0.041042,0.928375,2197,3646800,38822,0,2,0,2,0,0,0,0,0,0,7208,0,4680,2528,0
1259,48871,25.378084,24.839310,22.295451,0.008585,0.000750,0.000000,0.000000,0.132833,0.020208,0.597042,2189,3589682,38619,0,2,0,2,0,0,0,0,0,0,5406,0,3510,1896,0
1260,48872,20.010125,19.548754,18.934638,0.012373,0.000750,0.000000,0.000000,0.123583,0.025583,0.596875,2160,3595583,38559,0,2,0,2,0,0,0,0,0,0,5545,0,3510,2035,0
1261,48873,20.800958,20.331558,19.709897,0.006712,0.000749,0.000000,0.000000,0.120625,0.040333,0.590250,2240,3694867,39438,0,2,0,2,0,0,0,0,0,0,7069,0,4680,2389,0
1262,48874,25.820667,25.351549,21.178349,0.006825,0.000667,0.000000,0.000000,0.116958,0.021583,0.885875,2165,3572448,38449,0,2,0,2,0,0,0,0,0,0,5406,0,3510,1896,0
1263,48875,23.706666,23.217745,21.324932,0.018963,0.000916,0.000000,0.000000,0.172917,0.050667,0.592292,2175,3603344,38342,0,2,0,2,0,0,0,0,0,0,7124,0,4596,2528,0
1264,48876,20.387667,19.923440,19.326028,0.007454,0.000707,0.000000,0.000000,0.132667,0.061875,0.602708,2184,3627364,38928,0,2,0,2,0,0,0,0,0,0,5490,0,3594,1896,0
1265,48877,18.289542,17.864305,17.778884,0.007965,0.000542,0.000000,0.000000,0.104416,0.060959,0.941292,2222,3632990,39182,0,2,0,2,0,0,0,0,0,0,5406,0,3510,1896,0
1266,48878,16.262458,15.857524,15.816005,0.007755,0.000624,0.000000,0.000000,0.084208,0.015792,0.610417,2181,3594303,37748,0,2,0,2,0,0,0,0,0,0,7367,0,4680,2687,0
1267,48879,19.052583,18.630345,18.429443,0.006885,0.000792,0.000000,0.000000,0.092584,0.015250,1.103583,2223,3943096,41612,0,2,0,2,0,0,0,0,0,0,5406,0,3510,1896,0
1268,48880,17.100792,16.688243,16.700467,0.007794,0.000751,0.000000,0.000000,0.084750,0.014417,0.294958,2169,3626399,38779,0,2,0,2,0,0,0,0,0,0,5406,0,3510,1896,0
1269,48881,16.898917,16.485064,16.515006,0.007177,0.000584,0.000000,0.000000,0.088583,0.024500,0.716041,2200,3658098,38905,0,2,0,2,0,0,0,0,0,0,7208,0,4680,2528,0
1270,48882,17.425958,17.014660,17.030787,0.007079,0.000459,0.000000,0.000000,0.085167,0.014416,0.968541,2197,3663810,39234,0,2,0,2,0,0,0,0,0,0,5406,0,3510,1896,0
1271,48883,16.971417,16.548132,16.569441,0.007659,0.000500,0.000000,0.000000,0.077708,0.018500,0.612584,2271,3645585,39129,0,2,0,2,0,0,0,0,0,0,5406,0,3510,1896,0
1272,48884,16.581958,16.179157,16.205668,0.007663,0.000583,0.000000,0.000000,0.073917,0.013291,0.607834,2174,3603186,38308,0,2,0,2,0,0,0,0,0,0,7208,0,4680,2528,0
1273,48885,17.348667,16.930401,16.972676,0.006876,0.000540,0.000000,0.000000,0.083500,0.014208,0.650833,2246,3716398,39804,0,2,0,2,0,0,0,0,0,0,5406,0,3510,1896,0
1274,48886,16.100416,15.694512,15.600881,0.007707,0.000543,0.000000,0.000000,0.070417,0.012833,0.917833,2184,3595122,37929,0,2,0,2,0,0,0,0,0,0,5535,0,3510,2025,0
1275,48887,17.207750,16.805493,16.847112,0.006874,0.000542,0.000000,0.000000,0.075917,0.028917,1.067624,2123,3740560,39649,0,2,0,2,0,0,0,0,0,0,7208,0,4680,2528,0
1276,48888,15.941084,15.548059,15.568427,0.007381,0.000666,0.000000,0.000000,0.074583,0.028792,0.665000,2106,3550846,37811,0,2,0,2,0,0,0,0,0,0,5540,0,3510,2030,0
1277,48889,17.941416,17.525490,17.539352,0.006872,0.000585,0.000000,0.000000,0.086500,0.017750,0.823708,2196,3820806,40399,0,2,0,2,0,0,0,0,0,0,5406,0,3510,1896,0
1278,48890,16.059250,15.670574,15.699784,0.007166,0.000625,0.000000,0.000000,0.079917,0.014750,0.636417,2079,3480793,36786,0,2,0,2,0,0,0,0,0,0,7208,0,4680,2528,0
1279,48891,17.147125,16.736640,16.667888,0.007043,0.000500,0.000000,0.000000,0.087667,0.015208,0.616791,2131,3542518,38014,0,2,0,2,0,0,0,0,0,0,5406,0,3510,1896,0
1280,48892,16.639709,16.228876,16.266703,0.007620,0.000791,0.000000,0.000000,0.083875,0.015166,0.643250,2126,3489170,37322,0,2,0,2,0,0,0,0,0,0,5406,0,3510,1896,0
1281,48893,16.466208,16.071190,16.113093,0.007460,0.000665,0.000000,0.000000,0.080042,0.013291,1.327333,2075,3461915,36660,0,2,0,2,0,0,0,0,0,0,7208,0,4680,2528,0
1282,48894,17.257500,16.841456,16.879060,0.007966,0.000584,0.000000,0.000000,0.096542,0.016416,0.646667,2070,3491069,37068,0,2,0,2,0,0,0,0,0,0,5406,0,3510,1896,0
1283,48895,17.540792,17.107137,17.133936,0.008045,0.000416,0.000000,0.000000,0.084416,0.016834,0.469375,2146,3472467,37289,0,2,0,2,0,0,0,0,0,0,5406,0,3510,1896,0
1284,48896,16.045916,15.664533,15.702974,0.007961,0.000626,0.000000,0.000000,0.093542,0.016708,0.591417,2023,3425202,36288,0,2,0,2,0,0,0,0,0,0,7208,0,4680,2528,0
1285,48897,17.882042,17.449292,17.476191,0.008119,0.000416,0.000000,0.000000,0.093083,0.016209,0.610250,2155,3561091,38186,0,2,0,2,0,0,0,0,0,0,5406,0,3510,1896,0
1286,48898,17.771583,17.338578,17.307918,0.008088,0.000501,0.000000,0.000000,0.090375,0.016875,0.675541,2139,3475114,37205,0,2,0,2,0,0,0,0,0,0,5406,0,3510,1896,0
1287,48899,16.316125,15.904704,15.944387,0.007709,0.000666,0.000000,0.000000,0.082042,0.014875,0.902917,2072,3490121,36490,0,2,0,2,0,0,0,0,0,0,7367,0,4680,2687,0
1288,48900,17.937500,17.538309,17.573905,0.007077,0.000500,0.000000,0.000000,0.089542,0.019500,0.293625,2112,3798500,39926,0,2,0,2,0,0,0,0,0,0,5406,0,3510,1896,0
1289,48901,17.578875,17.146129,17.183051,0.008459,0.000375,0.000000,0.000000,0.096625,0.015125,1.223083,2165,3508926,37664,0,2,0,2,0,0,0,0,0,0,5406,0,3510,1896,0
1290,48902,16.163834,15.772187,15.812098,0.007049,0.000457,0.000000,0.000000,0.082958,0.015708,0.292125,2075,3475319,36491,0,2,0,2,0,0,0,0,0,0,7208,0,4680,2528,0
1291,48903,17.767166,17.348199,17.386568,0.008041,0.000375,0.000000,0.000000,0.101584,0.015250,0.913083,2125,3592758,38418,0,2,0,2,0,0,0,0,0,0,5406,0,3510,1896,0
1292,48904,16.353959,15.953777,15.972070,0.007123,0.000626,0.000000,0.000000,0.101458,0.017875,0.590292,2099,3423513,36666,0,2,0,2,0,0,0,0,0,0,5406,0,3510,1896,0
1293,48905,17.116250,16.701226,16.716150,0.007333,0.000458,0.000000,0.000000,0.092833,0.015000,0.618458,2057,3434504,36321,0,2,0,2,0,0,0,0,0,0,7208,0,4680,2528,0
1294,48906,15.906958,15.518898,15.390928,0.007704,0.000460,0.000000,0.000000,0.090208,0.015125,0.905666,2053,3453844,36325,0,2,0,2,0,0,0,0,0,0,5628,0,3510,2118,0
1295,48907,19.635625,19.192476,19.220662,0.007289,0.000457,0.000000,0.000000,0.087917,0.023125,0.777207,2169,3947063,42065,0,2,0,2,0,0,0,0,0,0,5406,0,3510,1896,0
1296,48908,17.316792,16.865615,16.799616,0.007998,0.000583,0.000000,0.000000,0.085916,0.016292,0.291959,2144,3571324,37533,0,2,0,2,0,0,0,0,0,0,7388,0,4680,2708,0
1297,48909,19.497625,19.046067,18.978442,0.007371,0.000458,0.000000,0.000000,0.100583,0.016667,0.995167,2207,3918402,41335,0,2,0,2,0,0,0,0,0,0,5406,0,3510,1896,0
1298,48910,17.852291,17.409545,17.403419,0.007503,0.000542,0.000000,0.000000,0.084417,0.032500,0.906751,2186,3563686,38155,0,2,0,2,0,0,0,0,0,0,5406,0,3510,1896,0
1299,48911,16.392542,15.981537,15.964802,0.006542,0.000582,0.000000,0.000000,0.150083,0.019334,0.672250,2141,3580627,37736,0,2,0,2,0,0,0,0,0,0,7344,0,4680,2664,0
1300,48912,18.985417,18.559241,18.580144,0.007211,0.000374,0.000000,0.000000,0.083666,0.013667,0.603209,2176,3862374,40863,0,2,0,2,0,0,0,0,0,0,5406,0,3510,1896,0
1301,48913,17.712791,17.267969,17.311572,0.008206,0.000585,0.000000,0.000000,0.083709,0.015708,0.930583,2284,3607524,39166,0,2,0,2,0,0,0,0,0,0,5406,0,3510,1896,0
1302,48914,17.053209,16.655289,16.592017,0.007126,0.000665,0.000000,0.000000,0.086541,0.013250,0.302958,2079,3472564,37081,0,2,0,2,0,0,0,0,0,0,7208,0,4680,2528,0
1303,48915,17.844541,17.412907,17.418385,0.006964,0.000583,0.000000,0.000000,0.082250,0.019834,0.588168,2174,3562109,38457,0,2,0,2,0,0,0,0,0,0,5406,0,3510,1896,0
1304,48916,16.999625,16.576440,16.619358,0.007578,0.000458,0.000000,0.000000,0.084792,0.013500,1.105374,2169,3515159,38035,0,2,0,2,0,0,0,0,0,0,5406,0,3510,1896,0
1305,48917,16.395834,15.972049,15.993239,0.007123,0.000458,0.000000,0.000000,0.079875,0.013833,0.293625,2069,3461748,36907,0,2,0,2,0,0,0,0,0,0,7208,0,4680,2528,0
1306,48918,16.655666,16.248994,16.281740,0.006708,0.000292,0.000000,0.000000,0.085667,0.014625,0.908625,2181,3561052,38479,0,2,0,2,0,0,0,0,0,0,5406,0,3510,1896,0
1307,48919,16.293959,15.887158,15.914933,0.007536,0.000584,0.000000,0.000000,0.076791,0.025000,0.298667,2196,3486328,37649,0,2,0,2,0,0,0,0,0,0,5406,0,3510,1896,0
1308,48920,16.825666,16.416742,16.436757,0.007332,0.000626,0.000000,0.000000,0.084875,0.013709,0.883874,2096,3523981,37413,0,2,0,2,0,0,0,0,0,0,7208,0,4680,2528,0
1309,48921,16.712709,16.299642,16.342417,0.007004,0.000415,0.000000,0.000000,0.082166,0.013000,0.634458,2179,3547678,38315,0,2,0,2,0,0,0,0,0,0,5406,0,3510,1896,0
1310,48922,16.337708,15.932543,15.959588,0.007377,0.000499,0.000000,0.000000,0.078458,0.013042,0.603791,2180,3490224,37657,0,2,0,2,0,0,0,0,0,0,5406,0,3510,1896,0
1311,48923,17.137542,16.716806,16.759898,0.007460,0.000625,0.000000,0.000000,0.084541,0.013584,0.610292,2180,3578250,38280,0,2,0,2,0,0,0,0,0,0,9249,0,4680,4569,0
1312,48924,16.501208,16.105141,16.144757,0.007413,0.000500,0.000000,0.000000,0.076083,0.012792,0.899749,2102,3457493,37318,0,2,0,2,0,0,0,0,0,0,5406,0,3510,1896,0
1313,48925,16.975125,16.542857,16.580650,0.007960,0.000707,0.000000,0.000000,0.080417,0.015125,1.255001,2158,3442934,37177,0,2,0,2,0,0,0,0,0,0,5767,0,3510,2257,0
1314,48926,16.253458,15.855736,15.885940,0.007915,0.000374,0.000000,0.000000,0.081917,0.013625,0.495542,2085,3467579,37059,0,2,0,2,0,0,0,0,0,0,6847,0,4680,2167,0
1315,48927,15.991667,15.599721,15.640799,0.006992,0.000458,0.000000,0.000000,0.072917,0.012125,0.905833,2093,3416263,36917,0,2,0,2,0,0,0,0,0,0,5406,0,3510,1896,0
1316,48928,15.411792,15.033055,14.706442,0.007549,0.000332,0.000000,0.000000,0.075208,0.013417,0.294292,2016,3417629,35870,0,2,0,2,0,0,0,0,0,0,7266,0,4596,2670,0
1317,48929,18.204333,17.787608,17.743342,0.006665,0.000666,0.000000,0.000000,0.076292,0.021125,0.909708,2204,3797929,40692,0,2,0,2,0,0,0,0,0,0,5490,0,3594,1896,0
1318,48930,17.196875,16.770697,16.797038,0.007456,0.000417,0.000000,0.000000,0.080792,0.023791,0.613083,2103,3455907,37164,0,2,0,2,0,0,0,0,0,0,5406,0,3510,1896,0
1319,48931,16.994333,16.579411,16.521781,0.007082,0.000666,0.000000,0.000000,0.077584,0.015208,0.603793,2084,3473015,37047,0,2,0,2,0,0,0,0,0,0,7208,0,4680,2528,0
1320,48932,17.466375,17.018877,17.051111,0.007328,0.000625,0.000000,0.000000,0.083959,0.028708,0.863542,2139,3523736,38088,0,2,0,2,0,0,0,0,0,0,5406,0,3510,1896,0
1321,48933,16.386625,15.981330,16.002188,0.007288,0.000416,0.000000,0.000000,0.077709,0.013625,0.610375,2160,3493234,37787,0,2,0,2,0,0,0,0,0,0,5406,0,3510,1896,0
1322,48934,16.492459,16.087393,16.118502,0.007917,0.000958,0.000000,0.000000,0.081083,0.012875,0.902207,2096,3448692,36859,0,2,0,2,0,0,0,0,0,0,7208,0,4680,2528,0
1323,48935,16.830791,16.419351,16.435496,0.007047,0.000625,0.000000,0.000000,0.094209,0.015958,0.611917,2154,3502290,37880,0,2,0,2,0,0,0,0,0,0,5406,0,3510,1896,0
1324,48936,14.841584,14.466555,14.488490,0.007131,0.000418,0.000000,0.000000,0.074333,0.013542,0.585333,2011,3395309,35382,0,2,0,2,0,0,0,0,0,0,5863,0,3510,2353,0
1325,48937,17.313333,16.920007,16.946353,0.006507,0.000875,0.000000,0.000000,0.084917,0.015958,0.289500,2093,3753180,39572,0,2,0,2,0,0,0,0,0,0,7208,0,4680,2528,0
1326,48938,17.009292,16.593575,16.621993,0.007542,0.000792,0.000000,0.000000,0.082250,0.016208,0.583250,2139,3492172,37697,0,2,0,2,0,0,0,0,0,0,5406,0,3510,1896,0
1327,48939,17.154541,16.730725,16.761312,0.007454,0.001001,0.000000,0.000000,0.091375,0.014334,0.291541,2115,3461757,37288,0,2,0,2,0,0,0,0,0,0,5406,0,3510,1896,0
1328,48940,16.175417,15.787237,15.797988,0.007579,0.000708,0.000000,0.000000,0.087750,0.014083,1.227874,2040,3459433,36747,0,2,0,2,0,0,0,0,0,0,7208,0,4680,2528,0
1329,48941,17.333833,16.916080,16.958308,0.007715,0.000583,0.000000,0.000000,0.093750,0.015375,0.590416,2175,3534401,38272,0,2,0,2,0,0,0,0,0,0,5406,0,3510,1896,0
1330,48942,16.808375,16.392702,16.430107,0.007958,0.000667,0.000000,0.000000,0.087709,0.014250,0.307709,2101,3437417,37128,0,2,0,2,0,0,0,0,0,0,5406,0,3510,1896,0
1331,48943,16.207459,15.803773,15.832622,0.006671,0.000377,0.000000,0.000000,0.086375,0.014791,0.591083,2097,3450474,36828,0,2,0,2,0,0,0,0,0,0,7208,0,4680,2528,0
1332,48944,17.342916,16.920133,16.962304,0.008292,0.000458,0.000000,0.000000,0.090625,0.015875,0.612666,2117,3491492,37673,0,2,0,2,0,0,0,0,0,0,5406,0,3510,1896,0
1333,48945,17.328917,16.891422,16.924368,0.008165,0.000624,0.000000,0.000000,0.089292,0.015083,0.903042,2193,3478282,37572,0,2,0,2,0,0,0,0,0,0,5406,0,3510,1896,0
1334,48946,15.915333,15.530306,15.567015,0.007909,0.000625,0.000000,0.000000,0.088709,0.014666,0.293583,2041,3386085,36084,0,2,0,2,0,0,0,0,0,0,7208,0,4680,2528,0
1335,48947,17.416334,16.993846,17.027884,0.007918,0.000543,0.000000,0.000000,0.092750,0.027250,0.907417,2108,3450479,37215,0,2,0,2,0,0,0,0,0,0,5406,0,3510,1896,0
1336,48948,16.558916,16.157636,16.156477,0.007287,0.000751,0.000000,0.000000,0.084459,0.014666,1.226166,2100,3412936,36779,0,2,0,2,0,0,0,0,0,0,5406,0,3510,1896,0
1337,48949,16.022959,15.639246,15.672929,0.007667,0.000625,0.000000,0.000000,0.093416,0.026000,0.298375,2059,3427856,36569,0,2,0,2,0,0,0,0,0,0,7208,0,4680,2528,0
1338,48950,17.982166,17.551755,17.505923,0.008331,0.000583,0.000000,0.000000,0.085042,0.015583,0.918375,2148,3493745,37693,0,2,0,2,0,0,0,0,0,0,5406,0,3510,1896,0
1339,48951,16.758709,16.346044,16.386142,0.008127,0.000377,0.000000,0.000000,0.095000,0.015791,0.314458,2153,3439873,37118,0,2,0,2,0,0,0,0,0,0,5406,0,3510,1896,0
1340,48952,16.733125,16.328784,16.369338,0.007915,0.000541,0.000000,0.000000,0.101416,0.016584,0.950500,2061,3459507,36825,0,2,0,2,0,0,0,0,0,0,7208,0,4680,2528,0
1341,48953,17.663875,17.231654,17.263834,0.007374,0.000624,0.000000,0.000000,0.093958,0.023458,1.178417,2177,3531159,38189,0,2,0,2,0,0,0,0,0,0,5406,0,3510,1896,0
1342,48954,16.601416,16.190728,16.207275,0.008171,0.000667,0.000000,0.000000,0.095625,0.026584,0.305875,2139,3438248,37095,0,2,0,2,0,0,0,0,0,0,5406,0,3510,1896,0
1343,48955,16.376292,15.980430,16.004032,0.007534,0.000374,0.000000,0.000000,0.088333,0.019459,0.648292,2069,3444792,36702,0,2,0,2,0,0,0,0,0,0,7208,0,4680,2528,0
1344,48956,17.397708,16.971738,16.969552,0.007292,0.000377,0.000000,0.000000,0.096125,0.023792,0.691875,2136,3509996,37868,0,2,0,2,0,0,0,0,0,0,5406,0,3510,1896,0
1345,48957,16.487334,16.076323,16.112554,0.007500,0.000749,0.000000,0.000000,0.099083,0.024458,0.964208,2141,3423131,36963,0,2,0,2,0,0,0,0,0,0,5406,0,3510,1896,0
1346,48958,16.900166,16.492642,16.526085,0.008412,0.000668,0.000000,0.000000,0.079584,0.021125,0.625042,2042,3402163,36229,0,2,0,2,0,0,0,0,0,0,7208,0,4680,2528,0
1347,48959,17.541334,17.107424,17.143134,0.008038,0.000626,0.000000,0.000000,0.094666,0.016792,0.903291,2130,3466066,37351,0,2,0,2,0,0,0,0,0,0,5406,0,3510,1896,0
1348,48960,16.111500,15.716908,15.751603,0.006951,0.000458,0.000000,0.000000,0.087791,0.015084,0.590458,2104,3405198,36669,0,2,0,2,0,0,0,0,0,0,5406,0,3510,1896,0
1349,48961,16.636083,16.227889,16.256697,0.007247,0.000541,0.000000,0.000000,0.081917,0.014750,0.291084,2118,3478744,37105,0,2,0,2,0,0,0,0,0,0,7208,0,4680,2528,0
1350,48962,16.284042,15.882997,15.919345,0.007374,0.000583,0.000000,0.000000,0.088250,0.014333,0.905375,2152,3508683,37855,0,2,0,2,0,0,0,0,0,0,5406,0,3510,1896,0
1351,48963,16.089916,15.683365,15.703914,0.007037,0.000582,0.000000,0.000000,0.088834,0.013916,0.557250,2180,3461428,37267,0,2,0,2,0,0,0,0,0,0,5406,0,3510,1896,0
1352,48964,15.833500,15.436101,15.466314,0.007422,0.000542,0.000000,0.000000,0.081625,0.026792,0.779834,2079,3462585,36827,0,2,0,2,0,0,0,0,0,0,7208,0,4680,2528,0
1353,48965,16.463125,16.055147,16.079615,0.007212,0.000750,0.000000,0.000000,0.084834,0.016125,0.293000,2183,3546151,38316,0,2,0,2,0,0,0,0,0,0,5406,0,3510,1896,0
1354,48966,15.964209,15.564106,15.591832,0.007588,0.000544,0.000000,0.000000,0.084958,0.016042,0.905584,2164,3452817,37211,0,2,0,2,0,0,0,0,0,0,5406,0,3510,1896,0
1355,48967,15.732833,15.346797,15.384968,0.006916,0.000458,0.000000,0.000000,0.080500,0.013500,0.303667,2071,3454274,36835,0,2,0,2,0,0,0,0,0,0,7208,0,4680,2528,0
1356,48968,16.050583,15.663371,15.690201,0.007252,0.000583,0.000000,0.000000,0.073167,0.013875,0.590791,2097,3459288,37263,0,2,0,2,0,0,0,0,0,0,5406,0,3510,1896,0
1357,48969,16.082917,15.666568,15.700824,0.006945,0.000458,0.000000,0.000000,0.081417,0.017416,0.612709,2147,3430135,36999,0,2,0,2,0,0,0,0,0,0,5406,0,3510,1896,0
1358,48970,15.658167,15.280074,15.317663,0.007377,0.000374,0.000000,0.000000,0.067041,0.022167,0.583291,2037,3400864,36219,0,2,0,2,0,0,0,0,0,0,7208,0,4680,2528,0
1359,48971,16.501375,16.109118,16.080003,0.007750,0.000750,0.000000,0.000000,0.092625,0.014416,0.293375,2106,3439748,37075,0,2,0,2,0,0,0,0,0,0,5406,0,3510,1896,0
1360,48972,16.047416,15.648078,15.680703,0.007169,0.000543,0.000000,0.000000,0.074792,0.012625,1.008291,2141,3438965,37092,0,2,0,2,0,0,0,0,0,0,5406,0,3510,1896,0
1361,48973,16.309709,15.912989,15.952453,0.007090,0.000416,0.000000,0.000000,0.090375,0.015583,0.324791,2141,3532564,37694,0,2,0,2,0,0,0,0,0,0,7208,0,4680,2528,0
1362,48974,16.563125,16.168260,16.146300,0.007287,0.000709,0.000000,0.000000,0.081875,0.022125,0.863167,2109,3438576,37100,0,2,0,2,0,0,0,0,0,0,5406,0,3510,1896,0
1363,48975,16.302208,15.892392,15.912056,0.007419,0.000500,0.000000,0.000000,0.080375,0.014208,0.294625,2152,3435040,37048,0,2,0,2,0,0,0,0,0,0,5406,0,3510,1896,0
1364,48976,16.185917,15.794079,15.816714,0.007372,0.000416,0.000000,0.000000,0.079000,0.024000,0.904500,2107,3511233,37410,0,2,0,2,0,0,0,0,0,0,7208,0,4680,2528,0
1365,48977,16.164708,15.772641,15.776632,0.007547,0.000499,0.000000,0.000000,0.059833,0.016292,0.291125,2083,3474085,37054,0,2,0,2,0,0,0,0,0,0,5406,0,3510,1896,0
1366,48978,16.328292,15.910886,15.949839,0.006707,0.000500,0.000000,0.000000,0.075250,0.021083,1.233917,2223,3691122,39076,0,2,0,2,0,0,0,0,0,0,6026,0,3510,2516,0
1367,48979,17.812166,17.397930,17.405128,0.006539,0.000457,0.000000,0.000000,0.081125,0.014792,0.598084,2221,3945911,41378,0,2,0,2,0,0,0,0,0,0,6806,0,4680,2126,0
1368,48980,17.719875,17.297692,17.318763,0.006993,0.000500,0.000000,0.000000,0.068417,0.013500,0.293250,2261,3936419,40783,0,2,0,2,0,0,0,0,0,0,5586,0,3510,2076,0
1369,48981,18.657875,18.241949,18.272840,0.006501,0.000584,0.000000,0.000000,0.073167,0.024458,0.583000,2224,4147483,43224,0,2,0,2,0,0,0,0,0,0,7124,0,4596,2528,0
1370,48982,16.121375,15.730279,15.764900,0.007585,0.000542,0.000000,0.000000,0.065875,0.014250,0.613708,2100,3534891,37631,0,2,0,2,0,0,0,0,0,0,5490,0,3594,1896,0
1371,48983,16.225584,15.825675,15.861301,0.007036,0.000583,0.000000,0.000000,0.075708,0.019958,1.221375,2140,3564193,38043,0,2,0,2,0,0,0,0,0,0,5406,0,3510,1896,0
1372,48984,16.033541,15.629089,15.660754,0.007623,0.000540,0.000000,0.000000,0.077625,0.014334,1.175709,2159,3573441,37730,0,2,0,2,0,0,0,0,0,0,7208,0,4680,2528,0
1373,48985,16.256625,15.865862,15.901446,0.006662,0.000500,0.000000,0.000000,0.066334,0.018625,0.311041,2159,3670210,38955,0,2,0,2,0,0,0,0,0,0,5406,0,3510,1896,0
1374,48986,16.032834,15.641459,15.648659,0.006967,0.000418,0.000000,0.000000,0.061958,0.018667,0.628542,2177,3599817,38490,0,2,0,2,0,0,0,0,0,0,5406,0,3510,1896,0
1375,48987,15.649333,15.265901,15.273403,0.006907,0.000374,0.000000,0.000000,0.072250,0.020000,0.312875,2127,3558084,37708,0,2,0,2,0,0,0,0,0,0,7208,0,4680,2528,0
1376,48988,16.082333,15.689854,15.721563,0.006376,0.000582,0.000000,0.000000,0.077834,0.023125,1.355583,2164,3631432,38621,0,2,0,2,0,0,0,0,0,0,5406,0,3510,1896,0
1377,48989,16.072917,15.677290,15.708167,0.007504,0.000750,0.000000,0.000000,0.086042,0.020666,0.333292,2195,3597504,38459,0,2,0,2,0,0,0,0,0,0,5406,0,3510,1896,0
1378,48990,15.647458,15.265821,15.214915,0.006664,0.000501,0.000000,0.000000,0.075375,0.013250,0.326166,2105,3510833,37164,0,2,0,2,0,0,0,0,0,0,7208,0,4680,2528,0
1379,48991,16.505250,16.097510,16.120908,0.006412,0.000334,0.000000,0.000000,0.079250,0.015250,0.971458,2157,3575561,38143,0,2,0,2,0,0,0,0,0,0,5406,0,3510,1896,0
1380,48992,15.865875,15.443330,15.454210,0.008165,0.000417,0.000000,0.000000,0.082417,0.014208,1.380833,2091,3507171,37402,0,2,0,2,0,0,0,0,0,0,5406,0,3510,1896,0
1381,48993,15.906500,15.517258,15.537496,0.007380,0.000375,0.000000,0.000000,0.089792,0.022500,0.419834,2125,3539758,37492,0,2,0,2,0,0,0,0,0,0,7208,0,4680,2528,0
1382,48994,17.267000,16.870406,16.574015,0.007134,0.000459,0.000000,0.000000,0.098292,0.056708,0.651958,2155,3605712,38494,0,2,0,2,0,0,0,0,0,0,5406,0,3510,1896,0
1383,48995,18.727459,18.298666,17.801131,0.007089,0.000792,0.000000,0.000000,0.083000,0.014166,0.318958,2173,3565075,37727,0,2,0,2,0,0,0,0,0,0,5406,0,3510,1896,0
1384,48996,17.728916,17.307433,17.201559,0.006669,0.000708,0.000000,0.000000,0.079125,0.014209,0.637750,2153,3757805,39516,0,2,0,2,0,0,0,0,0,0,7208,0,4680,2528,0
1385,48997,17.314334,16.890330,16.872208,0.007039,0.000376,0.000000,0.000000,0.083541,0.020209,1.062125,2187,3642893,38811,0,2,0,2,0,0,0,0,0,0,5406,0,3510,1896,0
1386,48998,15.579500,15.183727,15.166023,0.007421,0.000291,0.000000,0.000000,0.137333,0.023583,0.609792,2172,3563993,37519,0,2,0,2,0,0,0,0,0,0,5542,0,3510,2032,0
1387,48999,17.146125,16.754579,16.697372,0.007089,0.000416,0.000000,0.000000,0.075166,0.025250,0.587625,2158,3794899,39957,0,2,0,2,0,0,0,0,0,0,7208,0,4680,2528,0
1388,49000,16.745916,16.344831,16.349287,0.007460,0.000333,0.000000,0.000000,0.078584,0.023875,0.292917,2191,3626485,39079,0,2,0,2,0,0,0,0,0,0,5406,0,3510,1896,0
1389,49001,15.720459,15.325982,15.346939,0.006789,0.000374,0.000000,0.000000,0.090666,0.015959,0.909874,2177,3469552,37399,0,2,0,2,0,0,0,0,0,0,5406,0,3510,1896,0
1390,49002,15.190416,14.818852,14.840804,0.006537,0.000418,0.000000,0.000000,0.082292,0.015083,0.613875,2051,3446511,36642,0,2,0,2,0,0,0,0,0,0,7208,0,4680,2528,0
1391,49003,16.355959,15.960619,15.993547,0.007125,0.000332,0.000000,0.000000,0.078666,0.030000,0.989792,2164,3571407,38453,0,2,0,2,0,0,0,0,0,0,5406,0,3510,1896,0
1392,49004,15.456583,15.069041,15.059153,0.007089,0.000290,0.000000,0.000000,0.081667,0.015583,0.290625,2137,3465832,37343,0,2,0,2,0,0,0,0,0,0,5406,0,3510,1896,0
1393,49005,15.870917,15.484785,15.518474,0.006836,0.000418,0.000000,0.000000,0.086708,0.016167,0.585375,2139,3565535,37993,0,2,0,2,0,0,0,0,0,0,7208,0,4680,2528,0
1394,49006,16.133958,15.736068,15.737415,0.006372,0.000375,0.000000,0.000000,0.084458,0.014584,0.611250,2182,3567419,38523,0,2,0,2,0,0,0,0,0,0,5406,0,3510,1896,0
1395,49007,15.782792,15.398337,15.427111,0.007044,0.000458,0.000000,0.000000,0.090875,0.024458,0.908834,2146,3463596,37367,0,2,0,2,0,0,0,0,0,0,5406,0,3510,1896,0
1396,49008,15.488916,15.116604,15.127684,0.007539,0.000375,0.000000,0.000000,0.082625,0.013209,0.292875,2046,3460960,36861,0,2,0,2,0,0,0,0,0,0,7208,0,4680,2528,0
1397,49009,16.024959,15.636212,15.664916,0.006589,0.000417,0.000000,0.000000,0.091125,0.017625,0.606500,2144,3539343,38134,0,2,0,2,0,0,0,0,0,0,5406,0,3510,1896,0
1398,49010,15.746375,15.360300,15.388247,0.007340,0.000375,0.000000,0.000000,0.087166,0.015584,0.293250,2147,3464788,37328,0,2,0,2,0,0,0,0,0,0,5406,0,3510,1896,0
1399,49011,15.842875,15.446334,15.416548,0.007294,0.000458,0.000000,0.000000,0.080833,0.026000,0.584334,2042,3445812,36675,0,2,0,2,0,0,0,0,0,0,7208,0,4680,2528,0
1400,49012,16.475875,16.088734,16.098126,0.006211,0.000334,0.000000,0.000000,0.092375,0.015708,0.543458,2137,3553804,38310,0,2,0,2,0,0,0,0,0,0,5406,0,3510,1896,0
1401,49013,16.073000,15.679136,15.703743,0.007538,0.000333,0.000000,0.000000,0.086041,0.015334,0.781125,2182,3490021,37617,0,2,0,2,0,0,0,0,0,0,5406,0,3510,1896,0
1402,49014,15.646375,15.271082,15.283986,0.007128,0.000416,0.000000,0.000000,0.083250,0.016125,0.291541,2071,3449174,36791,0,2,0,2,0,0,0,0,0,0,7208,0,4680,2528,0
1403,49015,15.241083,14.862852,14.890981,0.006380,0.000333,0.000000,0.000000,0.067458,0.013084,0.587791,2082,3506838,37183,0,2,0,2,0,0,0,0,0,0,5548,0,3510,2038,0
1404,49016,16.904542,16.515705,16.530693,0.006296,0.000249,0.000000,0.000000,0.077875,0.021500,0.611292,2134,3700660,39676,0,2,0,2,0,0,0,0,0,0,5406,0,3510,1896,0
1405,49017,15.804791,15.407140,15.436184,0.007338,0.000541,0.000000,0.000000,0.071750,0.014459,0.597208,2071,3484717,37099,0,2,0,2,0,0,0,0,0,0,7208,0,4680,2528,0
1406,49018,16.351375,15.957578,15.920716,0.007169,0.000542,0.000000,0.000000,0.073125,0.014709,0.293167,2164,3517989,37987,0,2,0,2,0,0,0,0,0,0,5406,0,3510,1896,0
1407,49019,15.764750,15.378747,15.369458,0.008039,0.000376,0.000000,0.000000,0.079500,0.014334,0.586708,2148,3456832,37274,0,2,0,2,0,0,0,0,0,0,5406,0,3510,1896,0
1408,49020,15.253542,14.883936,14.908839,0.006619,0.000332,0.000000,0.000000,0.074708,0.013292,0.292208,2049,3449895,36739,0,2,0,2,0,0,0,0,0,0,7208,0,4680,2528,0
1409,49021,16.194875,15.804480,15.821531,0.006961,0.000625,0.000000,0.000000,0.654500,0.015250,1.221375,2165,3543237,38270,0,2,0,2,0,0,0,0,0,0,5406,0,3510,1896,0
1410,49022,16.188583,15.800246,15.218883,0.007252,0.000500,0.000000,0.000000,0.869834,0.013875,0.639875,2142,3445636,37197,0,2,0,2,0,0,0,0,0,0,5406,0,3510,1896,0
1411,49023,16.322834,15.946352,15.175011,0.006789,0.000458,0.000000,0.000000,1.554166,0.012667,0.860250,2093,3475219,37052,0,2,0,2,0,0,0,0,0,0,7208,0,4680,2528,0
1412,49024,17.977875,17.586219,16.126284,0.007788,0.000793,0.000000,0.000000,0.089583,0.014375,0.294334,2114,3493484,37629,0,2,0,2,0,0,0,0,0,0,5406,0,3510,1896,0
1413,49025,16.846125,16.441202,16.441525,0.007414,0.000624,0.000000,0.000000,0.086916,0.015584,0.910167,2176,3477146,37461,0,2,0,2,0,0,0,0,0,0,5406,0,3510,1896,0
1414,49026,16.431166,16.042811,16.059486,0.007374,0.000418,0.000000,0.000000,0.084125,0.015000,0.296000,2095,3494208,37263,0,2,0,2,0,0,0,0,0,0,7208,0,4680,2528,0
1415,49027,15.604667,15.224692,15.245283,0.007540,0.000333,0.000000,0.000000,1.076417,0.013208,1.233375,2093,3444353,37117,0,2,0,2,0,0,0,0,0,0,5406,0,3510,1896,0
1416,49028,16.252875,15.853800,14.897509,0.006536,0.000375,0.000000,0.000000,1.498542,0.012041,0.682041,2129,3451219,37199,0,2,0,2,0,0,0,0,0,0,5406,0,3510,1896,0
1417,49029,17.020083,16.634220,15.222062,0.007249,0.000501,0.000000,0.000000,1.226917,0.011708,0.302125,2138,3532690,37640,0,2,0,2,0,0,0,0,0,0,7721,0,4680,3041,0
1418,49030,16.558375,16.176556,15.037881,0.006165,0.000542,0.000000,0.000000,1.482625,0.012500,0.590875,2113,3462512,37245,0,2,0,2,0,0,0,0,0,0,6934,0,3510,3424,0
1419,49031,16.577875,16.193047,14.822324,0.007377,0.000293,0.000000,0.000000,1.264792,0.011083,0.625500,2144,3436850,37000,0,2,0,2,0,0,0,0,0,0,5918,0,3510,2408,0
1420,49032,16.705459,16.321377,15.160034,0.007117,0.000332,0.000000,0.000000,1.243708,0.012750,0.900459,2061,3486675,37237,0,2,0,2,0,0,0,0,0,0,6696,0,4680,2016,0
1421,49033,16.574833,16.191727,15.055942,0.007123,0.000376,0.000000,0.000000,1.498208,0.012000,0.499416,2115,3471834,37422,0,2,0,2,0,0,0,0,0,0,5406,0,3510,1896,0
1422,49034,16.356875,15.985881,14.572989,0.007922,0.000418,0.000000,0.000000,1.688625,0.011417,0.825792,2073,3452398,36841,0,2,0,2,0,0,0,0,0,0,7124,0,4596,2528,0
1423,49035,17.559042,17.170783,15.510179,0.007293,0.000417,0.000000,0.000000,0.739958,0.013500,0.599833,2142,3495202,37664,0,2,0,2,0,0,0,0,0,0,5490,0,3594,1896,0
1424,49036,15.811416,15.443646,14.775782,0.007506,0.000374,0.000000,0.000000,1.877000,0.012709,0.292750,2061,3434114,36941,0,2,0,2,0,0,0,0,0,0,5406,0,3510,1896,0
1425,49037,16.912792,16.545714,14.706308,0.006829,0.000459,0.000000,0.000000,1.535875,0.012250,1.245500,2071,3466349,36903,0,2,0,2,0,0,0,0,0,0,7208,0,4680,2528,0
1426,49038,16.803667,16.422347,14.947031,0.006917,0.000335,0.000000,0.000000,1.299083,0.012875,0.301041,2135,3494083,37730,0,2,0,2,0,0,0,0,0,0,5406,0,3510,1896,0
1427,49039,16.428416,16.054357,14.795408,0.006658,0.000334,0.000000,0.000000,1.666959,0.011958,0.856667,2087,3444558,37157,0,2,0,2,0,0,0,0,0,0,5406,0,3510,1896,0
1428,49040,16.396834,16.010865,14.456239,0.007585,0.000250,0.000000,0.000000,1.738208,0.013333,0.610334,2028,3425533,36389,0,2,0,2,0,0,0,0,0,0,7208,0,4680,2528,0
1429,49041,17.209416,16.826266,15.174553,0.007536,0.000417,0.000000,0.000000,1.440125,0.013542,0.931417,2136,3509125,37936,0,2,0,2,0,0,0,0,0,0,5406,0,3510,1896,0
1430,49042,16.250959,15.878673,14.529146,0.007667,0.000250,0.000000,0.000000,1.868208,0.015417,0.607958,2085,3421603,36884,0,2,0,2,0,0,0,0,0,0,5406,0,3510,1896,0
1431,49043,16.510500,16.148525,14.369433,0.006544,0.000333,0.000000,0.000000,1.772291,0.013334,0.749042,2035,3433717,36505,0,2,0,2,0,0,0,0,0,0,7208,0,4680,2528,0
1432,49044,17.346708,16.966655,15.287216,0.006708,0.000374,0.000000,0.000000,1.094625,0.014417,0.904500,2129,3527118,38055,0,2,0,2,0,0,0,0,0,0,5406,0,3510,1896,0
1433,49045,16.142333,15.763825,14.773899,0.006664,0.000293,0.000000,0.000000,1.688667,0.012875,0.575250,2113,3466910,37370,0,2,0,2,0,0,0,0,0,0,5406,0,3510,1896,0
1434,49046,16.510417,16.146219,14.549307,0.007088,0.000293,0.000000,0.000000,1.851667,0.011708,0.599834,2051,3425928,36484,0,2,0,2,0,0,0,0,0,0,7208,0,4680,2528,0
1435,49047,17.025625,16.644037,14.881120,0.006876,0.000333,0.000000,0.000000,1.448042,0.011833,0.609875,2136,3494525,37763,0,2,0,2,0,0,0,0,0,0,5406,0,3510,1896,0
1436,49048,16.190542,15.820694,14.456632,0.007209,0.000334,0.000000,0.000000,1.789500,0.010708,0.589541,2058,3430745,36937,0,2,0,2,0,0,0,0,0,0,5406,0,3510,1896,0
1437,49049,16.633958,16.255960,14.544796,0.006330,0.000375,0.000000,0.000000,1.792000,0.011292,0.292000,2080,3471516,36950,0,2,0,2,0,0,0,0,0,0,7208,0,4680,2528,0
1438,49050,16.927667,16.523383,14.809938,0.006212,0.000333,0.000000,0.000000,1.593583,0.011917,1.241249,2135,3496474,37730,0,2,0,2,0,0,0,0,0,0,5406,0,3510,1896,0
1439,49051,16.546416,16.173981,14.683758,0.006924,0.000334,0.000000,0.000000,1.784125,0.010542,0.902834,2110,3436426,37022,0,2,0,2,0,0,0,0,0,0,5406,0,3510,1896,0
1440,49052,16.114709,15.745904,14.021567,0.007166,0.000209,0.000000,0.000000,2.265041,0.010750,0.491333,2059,3450818,36130,0,2,0,2,0,0,0,0,0,0,7388,0,4680,2708,0
1441,49053,19.795833,19.408671,17.220811,0.005501,0.000375,0.000000,0.000000,0.065250,0.019833,0.916125,2184,4039242,43158,0,2,0,2,0,0,0,0,0,0,5406,0,3510,1896,0
1442,49054,15.489583,15.088663,15.135430,0.007120,0.000251,0.000000,0.000000,0.392125,0.012000,0.300375,2201,3546912,38263,0,2,0,2,0,0,0,0,0,0,5406,0,3510,1896,0
1443,49055,15.464042,15.087530,14.770231,0.006955,0.000292,0.000000,0.000000,1.551750,0.011125,1.215542,2120,3541528,37720,0,2,0,2,0,0,0,0,0,0,7208,0,4680,2528,0
1444,49056,17.089375,16.686468,15.219580,0.006497,0.000333,0.000000,0.000000,1.052625,0.011500,0.317125,2164,3594083,38829,0,2,0,2,0,0,0,0,0,0,5406,0,3510,1896,0
1445,49057,16.297500,15.907708,14.938292,0.006751,0.000250,0.000000,0.000000,1.443750,0.011917,0.941125,2191,3563787,38483,0,2,0,2,0,0,0,0,0,0,5406,0,3510,1896,0
1446,49058,16.794708,16.417267,15.052784,0.006712,0.000333,0.000000,0.000000,1.361625,0.013709,0.301125,2132,3575040,38121,0,2,0,2,0,0,0,0,0,0,7208,0,4680,2528,0
1447,49059,18.145084,17.733371,16.456641,0.006751,0.000499,0.000000,0.000000,0.075458,0.014250,0.755917,2179,3596481,38800,0,2,0,2,0,0,0,0,0,0,5406,0,3510,1896,0
1448,49060,16.300125,15.898134,15.922681,0.007322,0.000416,0.000000,0.000000,0.380166,0.014375,0.838500,2195,3562043,38376,0,2,0,2,0,0,0,0,0,0,5406,0,3510,1896,0
1449,49061,16.408791,16.020129,15.757747,0.006999,0.000543,0.000000,0.000000,0.720667,0.030708,0.638125,2130,3555325,37845,0,2,0,2,0,0,0,0,0,0,7208,0,4680,2528,0
1450,49062,17.362750,16.953784,16.327230,0.007122,0.000459,0.000000,0.000000,0.075875,0.016084,0.650459,2189,3599844,38953,0,2,0,2,0,0,0,0,0,0,5406,0,3510,1896,0
1451,49063,16.065209,15.667790,15.705268,0.006960,0.000543,0.000000,0.000000,0.481958,0.013417,0.298875,2176,3501437,37651,0,2,0,2,0,0,0,0,0,0,5406,0,3510,1896,0
1452,49064,16.226000,15.851052,15.465507,0.006659,0.000544,0.000000,0.000000,0.789416,0.014417,0.705750,2056,3467472,36847,0,2,0,2,0,0,0,0,0,0,7208,0,4680,2528,0
1453,49065,17.380291,16.978775,16.283591,0.006995,0.000418,0.000000,0.000000,0.261750,0.035125,0.637750,2143,3562163,38268,0,2,0,2,0,0,0,0,0,0,5406,0,3510,1896,0
1454,49066,16.154417,15.727324,15.527035,0.007292,0.000417,0.000000,0.000000,0.712417,0.032208,0.952875,2152,3464926,37224,0,2,0,2,0,0,0,0,0,0,5406,0,3510,1896,0
1455,49067,16.211917,15.840349,15.180789,0.006288,0.000583,0.000000,0.000000,1.404458,0.013250,0.942291,2053,3463945,36763,0,2,0,2,0,0,0,0,0,0,7208,0,4680,2528,0
1456,49068,16.320041,15.937382,14.640831,0.006882,0.000668,0.000000,0.000000,1.489917,0.025625,0.295625,2106,3533062,37337,0,2,0,2,0,0,0,0,0,0,5663,0,3510,2153,0
1457,49069,18.859667,18.454001,17.068464,0.005627,0.000417,0.000000,0.000000,0.097500,0.016750,1.300334,2124,3887479,41273,0,2,0,2,0,0,0,0,0,0,5406,0,3510,1896,0
1458,49070,15.544292,15.180856,15.182856,0.006587,0.000457,0.000000,0.000000,0.429583,0.036333,0.302167,2080,3495535,37169,0,2,0,2,0,0,0,0,0,0,7208,0,4680,2528,0
1459,49071,17.056416,16.665884,16.260698,0.006455,0.000377,0.000000,0.000000,0.315875,0.015209,0.785000,2134,3551490,38238,0,2,0,2,0,0,0,0,0,0,5406,0,3510,1896,0
1460,49072,15.877584,15.492118,15.298982,0.007211,0.000334,0.000000,0.000000,1.048750,0.023458,0.305083,2133,3472583,37324,0,2,0,2,0,0,0,0,0,0,5406,0,3510,1896,0
1461,49073,16.583833,16.206697,15.237093,0.006548,0.000376,0.000000,0.000000,0.939500,0.014167,0.980125,2088,3481373,37164,0,2,0,2,0,0,0,0,0,0,7208,0,4680,2528,0
1462,49074,17.119208,16.738109,15.902862,0.006712,0.000709,0.000000,0.000000,0.559667,0.034417,0.305125,2132,3547137,38061,0,2,0,2,0,0,0,0,0,0,5406,0,3510,1896,0
1463,49075,16.126042,15.734549,15.280843,0.008208,0.000458,0.000000,0.000000,1.056208,0.013542,1.273625,2145,3482038,37464,0,2,0,2,0,0,0,0,0,0,5406,0,3510,1896,0
1464,49076,16.448958,16.078742,15.135370,0.007668,0.000376,0.000000,0.000000,1.306750,0.031917,0.951500,2049,3489022,37107,0,2,0,2,0,0,0,0,0,0,7208,0,4680,2528,0
1465,49077,17.457625,17.068079,15.842070,0.006787,0.000418,0.000000,0.000000,0.672084,0.015375,0.312500,2131,3537857,38015,0,2,0,2,0,0,0,0,0,0,5406,0,3510,1896,0
1466,49078,16.562042,16.169707,15.623973,0.007415,0.000458,0.000000,0.000000,0.566000,0.025750,0.611083,2151,3489957,37627,0,2,0,2,0,0,0,0,0,0,5406,0,3510,1896,0
1467,49079,16.499083,16.118472,15.606669,0.006712,0.000499,0.000000,0.000000,0.819292,0.013958,0.641083,2091,3534448,37643,0,2,0,2,0,0,0,0,0,0,7208,0,4680,2528,0
1468,49080,16.203959,15.830689,15.116546,0.007212,0.000416,0.000000,0.000000,1.191458,0.021750,0.973500,2050,3456043,37066,0,2,0,2,0,0,0,0,0,0,5406,0,3510,1896,0
1469,49081,17.079041,16.693632,15.619774,0.007211,0.000418,0.000000,0.000000,0.808709,0.051708,0.483292,2114,3515398,37835,0,2,0,2,0,0,0,0,0,0,5406,0,3510,1896,0
1470,49082,16.830959,16.446093,15.672447,0.007172,0.000375,0.000000,0.000000,0.728041,0.014209,0.968042,2079,3540435,37789,0,2,0,2,0,0,0,0,0,0,7208,0,4680,2528,0
1471,49083,16.358500,15.983716,15.363869,0.007336,0.000417,0.000000,0.000000,0.938583,0.025792,0.667666,2099,3483127,37492,0,2,0,2,0,0,0,0,0,0,5406,0,3510,1896,0
1472,49084,16.562541,16.185965,15.349386,0.006581,0.000460,0.000000,0.000000,1.128667,0.015333,0.300583,2068,3486522,37398,0,2,0,2,0,0,0,0,0,0,5972,0,3564,2408,0
1473,49085,16.288125,15.912922,14.875057,0.007167,0.000251,0.000000,0.000000,1.542334,0.012458,1.308250,2090,3567404,37319,0,2,0,2,0,0,0,0,0,0,6801,0,4626,2175,0
1474,49086,17.620167,17.229040,15.787533,0.005757,0.000416,0.000000,0.000000,0.395167,0.035416,0.298959,2155,3750264,39521,0,2,0,2,0,0,0,0,0,0,5540,0,3510,2030,0
1475,49087,17.777417,17.341577,16.858309,0.006049,0.000584,0.000000,0.000000,0.102000,0.025166,0.918957,2092,3807800,40027,0,2,0,2,0,0,0,0,0,0,7124,0,4596,2528,0
1476,49088,16.820125,16.422906,16.432870,0.007090,0.000332,0.000000,0.000000,0.070958,0.019458,0.307208,2137,3557887,38248,0,2,0,2,0,0,0,0,0,0,5490,0,3594,1896,0
1477,49089,16.091750,15.696565,15.715601,0.007821,0.000500,0.000000,0.000000,0.084625,0.016041,1.200709,2125,3480807,37439,0,2,0,2,0,0,0,0,0,0,5406,0,3510,1896,0
1478,49090,15.700333,15.321971,15.332267,0.006461,0.000333,0.000000,0.000000,0.753292,0.039083,0.468042,2062,3449864,36637,0,2,0,2,0,0,0,0,0,0,7208,0,4680,2528,0
1479,49091,16.462875,16.075655,15.407576,0.007671,0.000542,0.000000,0.000000,0.952167,0.039208,0.593250,2128,3502914,37735,0,2,0,2,0,0,0,0,0,0,5406,0,3510,1896,0
1480,49092,16.874708,16.501267,15.635649,0.007247,0.000542,0.000000,0.000000,0.693792,0.013500,0.588458,2064,3449216,37121,0,2,0,2,0,0,0,0,0,0,5406,0,3510,1896,0
1481,49093,16.644417,16.257772,15.643320,0.006332,0.000542,0.000000,0.000000,0.891958,0.014709,0.610667,2075,3470727,36900,0,2,0,2,0,0,0,0,0,0,7208,0,4680,2528,0
1482,49094,16.687958,16.301198,15.477704,0.007037,0.000625,0.000000,0.000000,0.805292,0.015042,0.902667,2118,3485075,37573,0,2,0,2,0,0,0,0,0,0,5406,0,3510,1896,0
1483,49095,17.228250,16.843388,16.056377,0.007167,0.000584,0.000000,0.000000,0.163917,0.013833,0.648334,2077,3430695,36935,0,2,0,2,0,0,0,0,0,0,5406,0,3510,1896,0
1484,49096,15.563250,15.191611,15.125705,0.007331,0.000418,0.000000,0.000000,1.417667,0.013083,0.582500,2050,3434760,36505,0,2,0,2,0,0,0,0,0,0,7208,0,4680,2528,0
1485,49097,16.693084,16.316409,14.993113,0.006460,0.000459,0.000000,0.000000,1.153041,0.024625,0.298333,2078,3530874,37183,0,2,0,2,0,0,0,0,0,0,5565,0,3510,2055,0
1486,49098,18.158083,17.763748,16.689733,0.007086,0.000375,0.000000,0.000000,0.077042,0.038458,0.605458,2158,3707851,39553,0,2,0,2,0,0,0,0,0,0,5406,0,3510,1896,0
1487,49099,15.514583,15.140523,15.123426,0.006622,0.000292,0.000000,0.000000,1.008167,0.014042,0.949000,2046,3449820,36607,0,2,0,2,0,0,0,0,0,0,7208,0,4680,2528,0
1488,49100,16.852459,16.468282,15.561677,0.007373,0.000708,0.000000,0.000000,0.679583,0.014458,0.489083,2104,3497606,37611,0,2,0,2,0,0,0,0,0,0,5406,0,3510,1896,0
1489,49101,16.520583,16.131174,15.556568,0.007583,0.000417,0.000000,0.000000,1.034083,0.013917,0.989874,2135,3468190,37347,0,2,0,2,0,0,0,0,0,0,5406,0,3510,1896,0
1490,49102,16.396208,16.023346,15.116431,0.007498,0.000500,0.000000,0.000000,1.210042,0.014000,0.304500,2043,3429883,36512,0,2,0,2,0,0,0,0,0,0,7208,0,4680,2528,0
1491,49103,16.890000,16.498895,15.368166,0.007138,0.000417,0.000000,0.000000,0.863167,0.013000,1.274959,2127,3484143,37582,0,2,0,2,0,0,0,0,0,0,5406,0,3510,1896,0
1492,49104,16.214167,15.836689,15.080160,0.007717,0.000542,0.000000,0.000000,1.464000,0.033208,0.304000,2079,3426180,36886,0,2,0,2,0,0,0,0,0,0,5406,0,3510,1896,0
1493,49105,16.859000,16.485099,15.109316,0.007244,0.000333,0.000000,0.000000,1.230417,0.014291,0.878918,2076,3459586,36709,0,2,0,2,0,0,0,0,0,0,7208,0,4680,2528,0
1494,49106,16.853792,16.465534,15.357828,0.007254,0.000459,0.000000,0.000000,0.908875,0.030166,0.292292,2118,3476469,37508,0,2,0,2,0,0,0,0,0,0,5406,0,3510,1896,0
1495,49107,16.217083,15.832724,15.011586,0.005207,0.000415,0.000000,0.000000,1.512917,0.014166,0.903750,2131,3416981,36793,0,2,0,2,0,0,0,0,0,0,5406,0,3510,1896,0
1496,49108,16.586667,16.218753,14.825441,0.007286,0.000501,0.000000,0.000000,1.514500,0.016791,0.790541,2027,3425052,36443,0,2,0,2,0,0,0,0,0,0,7208,0,4680,2528,0
1497,49109,17.745833,17.349298,15.960210,0.006498,0.000457,0.000000,0.000000,0.365833,0.015792,0.652875,2133,3507683,37762,0,2,0,2,0,0,0,0,0,0,5406,0,3510,1896,0
1498,49110,15.922583,15.518185,15.237922,0.007207,0.000416,0.000000,0.000000,1.102875,0.016625,0.793875,2137,3430590,36940,0,2,0,2,0,0,0,0,0,0,5406,0,3510,1896,0
1499,49111,16.631459,16.254710,15.256412,0.006672,0.000459,0.000000,0.000000,1.189416,0.012334,0.299750,2051,3420652,36375,0,2,0,2,0,0,0,0,0,0,7208,0,4680,2528,0
1500,49112,16.844500,16.455619,15.369813,0.006915,0.000500,0.000000,0.000000,0.859791,0.040250,0.592917,2078,3466127,37380,0,2,0,2,0,0,0,0,0,0,5406,0,3510,1896,0
1501,49113,16.881666,16.481506,15.694651,0.007080,0.000501,0.000000,0.000000,0.659125,0.014917,0.648333,2161,3462695,37357,0,2,0,2,0,0,0,0,0,0,5406,0,3510,1896,0
1502,49114,15.998292,15.618036,15.075614,0.007504,0.000418,0.000000,0.000000,1.457708,0.013667,0.935792,2043,3410203,36295,0,2,0,2,0,0,0,0,0,0,7208,0,4680,2528,0
1503,49115,17.452458,17.057441,15.684572,0.006370,0.000376,0.000000,0.000000,0.582959,0.013583,0.594000,2121,3474546,37486,0,2,0,2,0,0,0,0,0,0,5406,0,3510,1896,0
1504,49116,16.001750,15.619445,15.153178,0.006968,0.000541,0.000000,0.000000,1.332542,0.014625,0.305500,2110,3421058,36857,0,2,0,2,0,0,0,0,0,0,5406,0,3510,1896,0
1505,49117,16.842209,16.454669,15.236376,0.007461,0.000708,0.000000,0.000000,1.173833,0.013083,1.304834,2054,3432575,36472,0,2,0,2,0,0,0,0,0,0,7208,0,4680,2528,0
1506,49118,17.103916,16.701067,15.644210,0.006996,0.000417,0.000000,0.000000,0.662459,0.013791,0.343625,2118,3482550,37637,0,2,0,2,0,0,0,0,0,0,5406,0,3510,1896,0
1507,49119,16.188292,15.797569,15.241073,0.007045,0.000375,0.000000,0.000000,1.215458,0.012375,0.798458,2132,3429896,36989,0,2,0,2,0,0,0,0,0,0,5406,0,3510,1896,0
1508,49120,16.679167,16.308670,15.188031,0.007833,0.000333,0.000000,0.000000,1.188708,0.012250,0.290500,2027,3422002,36375,0,2,0,2,0,0,0,0,0,0,7208,0,4680,2528,0
1509,49121,17.061291,16.662301,15.573439,0.006379,0.000541,0.000000,0.000000,0.798709,0.013083,0.942958,2122,3489466,37684,0,2,0,2,0,0,0,0,0,0,5406,0,3510,1896,0
1510,49122,16.303250,15.913121,15.233112,0.007042,0.000666,0.000000,0.000000,1.076750,0.015834,0.310000,2116,3425256,36956,0,2,0,2,0,0,0,0,0,0,5406,0,3510,1896,0
1511,49123,16.744042,16.345959,15.377666,0.007083,0.000458,0.000000,0.000000,1.065125,0.019792,0.901749,2052,3445092,36625,0,2,0,2,0,0,0,0,0,0,7208,0,4680,2528,0
1512,49124,17.257250,16.877187,15.911033,0.006629,0.000583,0.000000,0.000000,0.378000,0.014500,0.838667,2103,3485176,37625,0,2,0,2,0,0,0,0,0,0,5406,0,3510,1896,0
1513,49125,15.254000,14.857192,14.594188,0.005788,0.000376,0.000000,0.000000,1.871208,0.022875,0.304500,2100,3454048,36391,0,2,0,2,0,0,0,0,0,0,5663,0,3510,2153,0
1514,49126,19.259792,18.875129,17.063297,0.006542,0.000501,0.000000,0.000000,0.084958,0.015375,0.588624,2094,3890395,40457,0,2,0,2,0,0,0,0,0,0,7357,0,4680,2677,0
1515,49127,18.168916,17.754192,17.794319,0.006001,0.000542,0.000000,0.000000,0.083709,0.024250,0.637750,2247,3876678,41611,0,2,0,2,0,0,0,0,0,0,5406,0,3510,1896,0
1516,49128,16.091834,15.686292,15.708323,0.007331,0.000458,0.000000,0.000000,0.092541,0.021625,1.308417,2231,3413741,36635,0,2,0,2,0,0,0,0,0,0,5406,0,3510,1896,0
1517,49129,15.496958,15.124802,15.138728,0.007923,0.000332,0.000000,0.000000,0.092125,0.021583,0.495292,2041,3440862,36314,0,2,0,2,0,0,0,0,0,0,7208,0,4680,2528,0
1518,49130,17.523208,17.109897,17.094115,0.007248,0.000459,0.000000,0.000000,0.087375,0.032375,0.719083,2205,3631110,39059,0,2,0,2,0,0,0,0,0,0,5406,0,3510,1896,0
1519,49131,17.212000,16.794365,16.701832,0.007289,0.000541,0.000000,0.000000,0.085167,0.014542,0.609833,2219,3549043,38156,0,2,0,2,0,0,0,0,0,0,5406,0,3510,1896,0
1520,49132,16.861584,16.466011,16.498114,0.007415,0.000627,0.000000,0.000000,0.082625,0.015291,0.313250,2128,3576629,38035,0,2,0,2,0,0,0,0,0,0,7208,0,4680,2528,0
1521,49133,16.405458,16.005382,16.042882,0.006964,0.000624,0.000000,0.000000,0.089708,0.015250,0.975957,2134,3533678,37987,0,2,0,2,0,0,0,0,0,0,5406,0,3510,1896,0
1522,49134,16.256333,15.854915,15.885891,0.006623,0.000583,0.000000,0.000000,0.073209,0.012875,0.315084,2165,3501114,37722,0,2,0,2,0,0,0,0,0,0,5406,0,3510,1896,0
1523,49135,16.427667,16.036082,16.068917,0.006918,0.000707,0.000000,0.000000,0.088458,0.022500,0.923584,2102,3514560,37477,0,2,0,2,0,0,0,0,0,0,7208,0,4680,2528,0
1524,49136,16.393000,15.998397,15.952542,0.007460,0.000375,0.000000,0.000000,0.078458,0.013792,0.610958,2089,3468729,37080,0,2,0,2,0,0,0,0,0,0,6943,0,3510,3433,0
1525,49137,16.896917,16.487421,16.527824,0.007416,0.000500,0.000000,0.000000,0.089291,0.015167,0.911084,2121,3504240,37768,0,2,0,2,0,0,0,0,0,0,6698,0,3786,2912,0
1526,49138,18.143458,17.716024,17.685367,0.007416,0.000460,0.000000,0.000000,0.097167,0.027125,0.584875,2104,3510403,37503,0,2,0,2,0,0,0,0,0,0,6420,0,4404,2016,0
1527,49139,15.943875,15.535732,15.562382,0.007711,0.000417,0.000000,0.000000,0.058708,0.013500,0.291250,2044,3448858,36094,0,2,0,2,0,0,0,0,0,0,5863,0,3510,2353,0
1528,49140,19.057208,18.634807,18.669446,0.006873,0.000416,0.000000,0.000000,0.095542,0.015708,0.960541,2087,3803837,39869,0,2,0,2,0,0,0,0,0,0,7124,0,4596,2528,0
1529,49141,17.782375,17.359886,17.395466,0.007497,0.000502,0.000000,0.000000,0.089000,0.017209,1.311376,2104,3563758,38171,0,2,0,2,0,0,0,0,0,0,5490,0,3594,1896,0
1530,49142,17.363292,16.942436,16.959382,0.007506,0.000583,0.000000,0.000000,0.088667,0.017000,0.645667,2076,3473270,37291,0,2,0,2,0,0,0,0,0,0,5406,0,3510,1896,0
1531,49143,17.083292,16.668337,16.710969,0.007208,0.000626,0.000000,0.000000,0.090791,0.016042,0.588792,2059,3478050,37069,0,2,0,2,0,0,0,0,0,0,7208,0,4680,2528,0
1532,49144,17.546666,17.122937,17.089374,0.007463,0.000668,0.000000,0.000000,0.076625,0.016209,0.585666,2063,3516955,37072,0,2,0,2,0,0,0,0,0,0,5565,0,3510,2055,0
1533,49145,19.032709,18.594511,18.614245,0.006505,0.000541,0.000000,0.000000,0.092250,0.014833,0.612917,2167,3768387,40107,0,2,0,2,0,0,0,0,0,0,5406,0,3510,1896,0
1534,49146,17.048208,16.637827,16.667873,0.008171,0.000500,0.000000,0.000000,0.090667,0.016166,0.909625,2034,3409875,36206,0,2,0,2,0,0,0,0,0,0,7208,0,4680,2528,0
1535,49147,17.379042,16.949927,16.992558,0.007867,0.000625,0.000000,0.000000,0.088916,0.015750,0.774834,2109,3472023,37439,0,2,0,2,0,0,0,0,0,0,5406,0,3510,1896,0
1536,49148,17.088166,16.675438,16.717491,0.007922,0.000626,0.000000,0.000000,0.096125,0.027042,0.295000,2053,3431897,36860,0,2,0,2,0,0,0,0,0,0,5406,0,3510,1896,0
1537,49149,17.071792,16.653502,16.689021,0.007835,0.000374,0.000000,0.000000,0.082792,0.015166,0.667375,2079,3455115,36814,0,2,0,2,0,0,0,0,0,0,7208,0,4680,2528,0
1538,49150,17.127792,16.700114,16.738342,0.007454,0.000583,0.000000,0.000000,0.084250,0.014333,0.291750,2125,3469195,37417,0,2,0,2,0,0,0,0,0,0,5406,0,3510,1896,0
1539,49151,16.924500,16.500490,16.537513,0.007712,0.000375,0.000000,0.000000,0.089291,0.015375,1.249167,2079,3407202,36677,0,2,0,2,0,0,0,0,0,0,5406,0,3510,1896,0
1540,49152,17.182916,16.781369,16.792972,0.007129,0.000543,0.000000,0.000000,0.094500,0.017334,0.907083,2023,3410323,36256,0,2,0,2,0,0,0,0,0,0,7208,0,4680,2528,0
1541,49153,17.188292,16.767151,16.808345,0.007417,0.000377,0.000000,0.000000,0.079375,0.019083,0.312000,2140,3505096,37768,0,2,0,2,0,0,0,0,0,0,5406,0,3510,1896,0
1542,49154,16.621083,16.202338,16.213075,0.007871,0.000710,0.000000,0.000000,0.083667,0.011875,0.596374,2083,3410891,36741,0,2,0,2,0,0,0,0,0,0,5406,0,3510,1896,0
1543,49155,15.969167,15.575834,15.593670,0.006866,0.000459,0.000000,0.000000,0.090333,0.018000,0.665791,2042,3413234,36255,0,2,0,2,0,0,0,0,0,0,7208,0,4680,2528,0
1544,49156,16.370292,15.965470,16.002808,0.006792,0.000585,0.000000,0.000000,0.080583,0.014542,0.798083,2098,3466393,37341,0,2,0,2,0,0,0,0,0,0,5406,0,3510,1896,0
1545,49157,16.090458,15.688758,15.711714,0.006587,0.000334,0.000000,0.000000,0.080000,0.020417,0.508041,2132,3437530,37027,0,2,0,2,0,0,0,0,0,0,5406,0,3510,1896,0
1546,49158,15.790917,15.405208,15.435385,0.007169,0.000417,0.000000,0.000000,0.078583,0.019417,0.618917,2046,3407450,36250,0,2,0,2,0,0,0,0,0,0,7208,0,4680,2528,0
1547,49159,16.440833,16.030662,16.035311,0.007005,0.000417,0.000000,0.000000,0.075083,0.014209,0.659833,2103,3464977,37363,0,2,0,2,0,0,0,0,0,0,5406,0,3510,1896,0
1548,49160,16.170500,15.770170,15.804995,0.006832,0.000458,0.000000,0.000000,0.075833,0.019042,0.981749,2099,3412581,36730,0,2,0,2,0,0,0,0,0,0,5406,0,3510,1896,0
1549,49161,16.345958,15.946123,15.951273,0.006498,0.000499,0.000000,0.000000,0.081375,0.031375,0.326083,2082,3448863,36663,0,2,0,2,0,0,0,0,0,0,7208,0,4680,2528,0
1550,49162,16.602834,16.193784,16.163489,0.006792,0.000458,0.000000,0.000000,0.104541,0.015417,0.817500,2115,3469853,37436,0,2,0,2,0,0,0,0,0,0,5406,0,3510,1896,0
1551,49163,16.261958,15.849883,15.875233,0.006874,0.000458,0.000000,0.000000,0.101792,0.019416,0.732333,2115,3422454,36858,0,2,0,2,0,0,0,0,0,0,5406,0,3510,1896,0
1552,49164,18.465792,18.070768,17.802736,0.007962,0.001584,0.000000,0.000000,0.139750,0.022875,0.611543,2030,3414344,36283,0,2,0,2,0,0,0,0,0,0,7208,0,4680,2528,0
1553,49165,22.638166,22.110734,21.190178,0.008208,0.000876,0.000000,0.000000,0.088375,0.036209,0.601834,2127,3511347,37808,0,2,0,2,0,0,0,0,0,0,5406,0,3510,1896,0
1554,49166,19.033334,18.582132,18.417296,0.007922,0.001042,0.000000,0.000000,0.106166,0.016917,0.624291,2144,3432995,36978,0,2,0,2,0,0,0,0,0,0,5406,0,3510,1896,0
1555,49167,18.562541,18.135200,17.912091,0.007621,0.000668,0.000000,0.000000,0.083000,0.021625,0.617624,2035,3411864,36324,0,2,0,2,0,0,0,0,0,0,7208,0,4680,2528,0
1556,49168,18.104417,17.677856,17.602395,0.007626,0.000542,0.000000,0.000000,0.085917,0.023041,0.295041,2086,3480444,37455,0,2,0,2,0,0,0,0,0,0,5406,0,3510,1896,0
1557,49169,18.922042,18.479970,18.409205,0.008164,0.000791,0.000000,0.000000,0.111791,0.023709,0.602166,2127,3479985,37365,0,2,0,2,0,0,0,0,0,0,5406,0,3510,1896,0
1558,49170,18.610375,18.187578,18.184091,0.007205,0.000669,0.000000,0.000000,0.085333,0.013958,0.624501,2069,3457204,36810,0,2,0,2,0,0,0,0,0,0,7208,0,4680,2528,0
1559,49171,18.954916,18.528517,18.452284,0.018871,0.001208,0.000000,0.000000,0.110584,0.022291,0.610291,2118,3471354,37420,0,2,0,2,0,0,0,0,0,0,5406,0,3510,1896,0
1560,49172,18.012834,17.584689,17.595954,0.007543,0.000417,0.000000,0.000000,0.090375,0.016125,0.609750,2088,3410027,36747,0,2,0,2,0,0,0,0,0,0,5406,0,3510,1896,0
1561,49173,17.571875,17.155961,17.161081,0.007372,0.000624,0.000000,0.000000,0.078250,0.015250,0.808666,2086,3456604,36784,0,2,0,2,0,0,0,0,0,0,7208,0,4680,2528,0
1562,49174,17.211791,16.785984,16.818654,0.007583,0.000499,0.000000,0.000000,0.084500,0.016709,0.915708,2116,3478862,37515,0,2,0,2,0,0,0,0,0,0,5406,0,3510,1896,0
1563,49175,17.253292,16.822783,16.833103,0.007707,0.000375,0.000000,0.000000,0.079667,0.015833,0.325500,2129,3437349,36986,0,2,0,2,0,0,0,0,0,0,5406,0,3510,1896,0
1564,49176,16.949250,16.539929,16.573774,0.007551,0.000541,0.000000,0.000000,0.087500,0.014708,0.979833,2046,3437954,36577,0,2,0,2,0,0,0,0,0,0,7208,0,4680,2528,0
1565,49177,16.939583,16.517127,16.444506,0.007493,0.000584,0.000000,0.000000,0.074917,0.015583,0.673000,2097,3516312,37034,0,2,0,2,0,0,0,0,0,0,5663,0,3510,2153,0
1566,49178,18.738125,18.312397,18.307025,0.006546,0.000375,0.000000,0.000000,0.071250,0.016042,0.697917,2087,3879429,40637,0,2,0,2,0,0,0,0,0,0,5555,0,3510,2045,0
1567,49179,19.002542,18.551255,18.544218,0.007382,0.000584,0.000000,0.000000,0.075625,0.013500,1.398250,2218,3803960,40505,0,2,0,2,0,0,0,0,0,0,7208,0,4680,2528,0
1568,49180,17.902875,17.451087,17.489430,0.007670,0.000459,0.000000,0.000000,0.076750,0.019750,0.623291,2223,3525022,37882,0,2,0,2,0,0,0,0,0,0,5406,0,3510,1896,0
1569,49181,16.382333,15.969935,16.000975,0.006791,0.000375,0.000000,0.000000,0.076000,0.014125,0.311291,2140,3435682,36645,0,2,0,2,0,0,0,0,0,0,5406,0,3510,1896,0
1570,49182,16.560292,16.159877,16.147674,0.006838,0.000750,0.000000,0.000000,0.095375,0.017500,0.655000,2155,3616024,38374,0,2,0,2,0,0,0,0,0,0,7208,0,4680,2528,0
1571,49183,16.753375,16.338356,16.370051,0.007156,0.000584,0.000000,0.000000,0.073083,0.013792,0.666208,2222,3609776,38909,0,2,0,2,0,0,0,0,0,0,5406,0,3510,1896,0
1572,49184,16.501792,16.089265,16.095836,0.006997,0.000750,0.000000,0.000000,0.072958,0.013708,1.183708,2167,3527101,37875,0,2,0,2,0,0,0,0,0,0,5406,0,3510,1896,0
1573,49185,16.417666,16.014635,16.047550,0.007090,0.000750,0.000000,0.000000,0.077750,0.014959,0.488083,2152,3600745,38324,0,2,0,2,0,0,0,0,0,0,7208,0,4680,2528,0
1574,49186,16.205125,15.807089,15.838334,0.006749,0.000583,0.000000,0.000000,0.080542,0.014333,0.945250,2127,3503137,37769,0,2,0,2,0,0,0,0,0,0,5406,0,3510,1896,0
1575,49187,15.911917,15.518380,15.546746,0.007294,0.000542,0.000000,0.000000,0.079125,0.014792,0.291750,2112,3448377,37085,0,2,0,2,0,0,0,0,0,0,5406,0,3510,1896,0
1576,49188,16.231250,15.844876,15.877048,0.006709,0.000458,0.000000,0.000000,0.070417,0.014083,0.979500,2069,3524520,37393,0,2,0,2,0,0,0,0,0,0,7208,0,4680,2528,0
1577,49189,16.734583,16.332324,16.217196,0.007125,0.000461,0.000000,0.000000,0.076834,0.014416,0.738500,2130,3489034,37658,0,2,0,2,0,0,0,0,0,0,5406,0,3510,1896,0
1578,49190,16.231042,15.835208,15.863502,0.007457,0.000541,0.000000,0.000000,0.070292,0.013625,0.294792,2126,3445150,37065,0,2,0,2,0,0,0,0,0,0,6430,0,4022,2408,0
1579,49191,14.963625,14.584974,14.586897,0.006707,0.000541,0.000000,0.000000,0.059833,0.029084,0.292875,2043,3504586,36354,0,2,0,2,0,0,0,0,0,0,6641,0,4168,2473,0
1580,49192,18.035250,17.631244,17.613556,0.006421,0.000459,0.000000,0.000000,0.067417,0.024000,1.270833,2130,3802927,40152,0,2,0,2,0,0,0,0,0,0,5406,0,3510,1896,0
1581,49193,16.951708,16.537297,16.542291,0.007457,0.000625,0.000000,0.000000,0.074667,0.016292,0.704917,2096,3525819,37498,0,2,0,2,0,0,0,0,0,0,7184,0,4656,2528,0
1582,49194,17.493250,17.075233,17.114700,0.007002,0.000627,0.000000,0.000000,0.077500,0.014209,0.507375,2097,3532101,37838,0,2,0,2,0,0,0,0,0,0,5430,0,3534,1896,0
1583,49195,16.098625,15.707024,15.744722,0.007284,0.000543,0.000000,0.000000,0.072500,0.014750,0.631916,2084,3471347,37298,0,2,0,2,0,0,0,0,0,0,5406,0,3510,1896,0
1584,49196,14.839042,14.459089,14.464453,0.007372,0.000668,0.000000,0.000000,0.059083,0.013584,0.623541,2059,3459092,36274,0,2,0,2,0,0,0,0,0,0,7367,0,4680,2687,0
1585,49197,17.792458,17.394320,17.421580,0.006666,0.000627,0.000000,0.000000,0.068334,0.012333,0.997249,2113,3794612,40193,0,2,0,2,0,0,0,0,0,0,5406,0,3510,1896,0
1586,49198,15.750667,15.363032,15.395717,0.006546,0.000584,0.000000,0.000000,0.074333,0.013792,0.612791,2074,3425296,36824,0,2,0,2,0,0,0,0,0,0,5406,0,3510,1896,0
1587,49199,15.546917,15.167695,15.193219,0.007782,0.000376,0.000000,0.000000,0.072875,0.015125,0.900583,2034,3410565,36201,0,2,0,2,0,0,0,0,0,0,7208,0,4680,2528,0
1588,49200,15.851833,15.466874,15.492851,0.006918,0.000458,0.000000,0.000000,0.079542,0.022958,0.299125,2078,3464051,37264,0,2,0,2,0,0,0,0,0,0,5406,0,3510,1896,0
1589,49201,15.768958,15.375264,15.406653,0.006754,0.000335,0.000000,0.000000,0.084834,0.015750,0.595625,2113,3442743,37129,0,2,0,2,0,0,0,0,0,0,5406,0,3510,1896,0
1590,49202,15.496459,15.122095,15.148298,0.007502,0.000459,0.000000,0.000000,0.084583,0.015333,0.612709,2017,3385471,36026,0,2,0,2,0,0,0,0,0,0,7208,0,4680,2528,0
1591,49203,16.008041,15.609539,15.633327,0.007046,0.000374,0.000000,0.000000,0.075792,0.013875,1.108125,2116,3473767,37455,0,2,0,2,0,0,0,0,0,0,5406,0,3510,1896,0
1592,49204,15.404875,15.021479,15.045201,0.007376,0.000416,0.000000,0.000000,0.081584,0.013458,0.494500,2049,3393052,36502,0,2,0,2,0,0,0,0,0,0,5406,0,3510,1896,0
1593,49205,15.632125,15.251645,15.269283,0.007000,0.000626,0.000000,0.000000,0.075292,0.014667,0.829042,2051,3431143,36475,0,2,0,2,0,0,0,0,0,0,7208,0,4680,2528,0
1594,49206,15.783542,15.393093,15.411721,0.007333,0.000375,0.000000,0.000000,0.085917,0.015041,0.318833,2107,3457663,37295,0,2,0,2,0,0,0,0,0,0,5406,0,3510,1896,0
1595,49207,15.412083,15.032628,15.052332,0.007409,0.000585,0.000000,0.000000,0.078250,0.015000,0.625125,2029,3398713,36526,0,2,0,2,0,0,0,0,0,0,5406,0,3510,1896,0
1596,49208,15.548334,15.169422,15.206654,0.007339,0.000624,0.000000,0.000000,0.083208,0.014750,0.666291,2054,3451469,36689,0,2,0,2,0,0,0,0,0,0,7208,0,4680,2528,0
1597,49209,15.656000,15.269432,15.298565,0.007375,0.000624,0.000000,0.000000,0.073833,0.013750,0.647500,2066,3483631,36848,0,2,0,2,0,0,0,0,0,0,5406,0,3510,1896,0
1598,49210,16.291208,15.885036,15.916467,0.007085,0.000583,0.000000,0.000000,0.080042,0.026458,0.292000,2184,3500932,37716,0,2,0,2,0,0,0,0,0,0,5406,0,3510,1896,0
1599,49211,15.914292,15.536333,15.496805,0.006466,0.000542,0.000000,0.000000,0.073833,0.014667,0.905959,2021,3391353,36078,0,2,0,2,0,0,0,0,0,0,7208,0,4680,2528,0
1600,49212,15.831583,15.444065,15.480740,0.007004,0.000542,0.000000,0.000000,0.071417,0.013583,0.298125,2089,3459347,37277,0,2,0,2,0,0,0,0,0,0,5406,0,3510,1896,0
1601,49213,16.012083,15.611367,15.588105,0.007454,0.000458,0.000000,0.000000,0.071292,0.025292,1.219292,2160,3453083,37187,0,2,0,2,0,0,0,0,0,0,5406,0,3510,1896,0
1602,49214,16.650584,16.242861,16.199925,0.008047,0.000584,0.000000,0.000000,0.118708,0.014958,0.295875,2041,3410634,36294,0,2,0,2,0,0,0,0,0,0,7208,0,4680,2528,0
1603,49215,17.515291,17.116422,17.114230,0.008206,0.001543,0.000000,0.000000,0.098459,0.015125,0.584666,2126,3472358,37461,0,2,0,2,0,0,0,0,0,0,5406,0,3510,1896,0
1604,49216,17.129250,16.708806,16.746785,0.008297,0.000750,0.000000,0.000000,0.075667,0.014875,0.293083,2099,3395028,36458,0,2,0,2,0,0,0,0,0,0,5406,0,3510,1896,0
1605,49217,16.608209,16.197807,16.229697,0.007756,0.000499,0.000000,0.000000,0.075041,0.014542,0.904625,2045,3441115,36592,0,2,0,2,0,0,0,0,0,0,7208,0,4680,2528,0
1606,49218,16.901125,16.473734,16.522364,0.007545,0.000458,0.000000,0.000000,0.076583,0.014875,0.899958,2113,3484349,37626,0,2,0,2,0,0,0,0,0,0,5406,0,3510,1896,0
1607,49219,16.627958,16.201966,16.223624,0.007668,0.000540,0.000000,0.000000,0.075458,0.013959,0.317333,2129,3415698,36769,0,2,0,2,0,0,0,0,0,0,5406,0,3510,1896,0
1608,49220,16.211833,15.806111,15.845618,0.007750,0.000375,0.000000,0.000000,0.065459,0.012958,0.584459,2026,3409582,36283,0,2,0,2,0,0,0,0,0,0,7208,0,4680,2528,0
1609,49221,15.875250,15.477217,15.484339,0.006870,0.000417,0.000000,0.000000,0.067125,0.012084,0.628375,2125,3500644,37687,0,2,0,2,0,0,0,0,0,0,5406,0,3510,1896,0
1610,49222,15.677667,15.279046,15.316419,0.007244,0.000499,0.000000,0.000000,0.066708,0.013500,0.923917,2147,3432955,37001,0,2,0,2,0,0,0,0,0,0,5406,0,3510,1896,0
1611,49223,15.211667,14.835314,14.864203,0.007204,0.000709,0.000000,0.000000,0.069666,0.013667,0.640583,2033,3399138,36176,0,2,0,2,0,0,0,0,0,0,7208,0,4680,2528,0
1612,49224,15.489625,15.097331,15.138823,0.006918,0.000375,0.000000,0.000000,0.068583,0.013250,0.291750,2109,3467163,37371,0,2,0,2,0,0,0,0,0,0,5406,0,3510,1896,0
1613,49225,15.621916,15.211430,15.265435,0.006715,0.000290,0.000000,0.000000,0.062584,0.012541,0.585209,2133,3435216,37002,0,2,0,2,0,0,0,0,0,0,5406,0,3510,1896,0
1614,49226,15.543542,15.114593,15.170513,0.007378,0.000333,0.000000,0.000000,1.299625,0.015083,0.954834,2038,3407120,36220,0,2,0,2,0,0,0,0,0,0,7208,0,4680,2528,0
1615,49227,16.863667,16.483253,15.256276,0.006250,0.000250,0.000000,0.000000,1.081083,0.012292,0.679333,2078,3501842,36968,0,2,0,2,0,0,0,0,0,0,5691,0,3510,2181,0
1616,49228,17.753166,17.370769,16.376641,0.006580,0.000417,0.000000,0.000000,0.066209,0.013833,0.906001,2114,3838828,40744,0,2,0,2,0,0,0,0,0,0,5406,0,3510,1896,0
1617,49229,15.518750,15.132288,15.184872,0.006755,0.000376,0.000000,0.000000,1.102167,0.011625,0.317542,2067,3480471,36936,0,2,0,2,0,0,0,0,0,0,7208,0,4680,2528,0
1618,49230,17.120334,16.727786,15.734739,0.007376,0.000292,0.000000,0.000000,0.653166,0.012000,0.940083,2124,3509367,37786,0,2,0,2,0,0,0,0,0,0,5406,0,3510,1896,0
1619,49231,15.654875,15.267724,14.707992,0.006708,0.000334,0.000000,0.000000,1.694250,0.010291,0.448291,2146,3456931,37141,0,2,0,2,0,0,0,0,0,0,5406,0,3510,1896,0
1620,49232,16.224541,15.862930,14.251280,0.006711,0.000334,0.000000,0.000000,2.033084,0.012958,0.837125,2038,3418279,35914,0,2,0,2,0,0,0,0,0,0,7367,0,4680,2687,0
1621,49233,19.952834,19.530252,17.505190,0.006292,0.000791,0.000000,0.000000,0.067666,0.021500,0.579208,2317,3953669,42476,0,2,0,2,0,0,0,0,0,0,5406,0,3510,1896,0
1622,49234,15.319291,14.916885,14.958432,0.006293,0.000209,0.000000,0.000000,0.062709,0.012916,0.292291,2272,3443627,37102,0,2,0,2,0,0,0,0,0,0,5406,0,3510,1896,0
1623,49235,15.253875,14.869532,14.909264,0.006373,0.000375,0.000000,0.000000,1.510084,0.018500,0.632625,2158,3451338,36682,0,2,0,2,0,0,0,0,0,0,7208,0,4680,2528,0
1624,49236,16.937750,16.544282,15.108055,0.006916,0.000541,0.000000,0.000000,1.315875,0.017834,0.289541,2209,3493133,37602,0,2,0,2,0,0,0,0,0,0,5406,0,3510,1896,0
1625,49237,16.454167,16.052264,14.819749,0.006714,0.000542,0.000000,0.000000,1.585875,0.010667,1.232792,2248,3449169,37244,0,2,0,2,0,0,0,0,0,0,5406,0,3510,1896,0
1626,49238,16.626750,16.237305,14.732146,0.006700,0.000459,0.000000,0.000000,1.497458,0.013084,0.542625,2175,3455510,36891,0,2,0,2,0,0,0,0,0,0,7208,0,4680,2528,0
1627,49239,16.436542,16.053301,14.642098,0.006667,0.000292,0.000000,0.000000,1.796500,0.017625,0.604084,2153,3376814,36465,0,2,0,2,0,0,0,0,0,0,5406,0,3510,1896,0
1628,49240,16.152416,15.788741,14.075764,0.007795,0.000376,0.000000,0.000000,2.250250,0.010959,0.291625,2042,3378497,35972,0,2,0,2,0,0,0,0,0,0,5406,0,3510,1896,0
1629,49241,18.729625,18.336878,16.181961,0.006332,0.000583,0.000000,0.000000,0.208084,0.016916,0.910833,2194,3724415,39684,0,2,0,2,0,0,0,0,0,0,7208,0,4680,2528,0
1630,49242,15.653500,15.272213,15.136533,0.006751,0.000377,0.000000,0.000000,1.200542,0.018750,0.607292,2135,3560986,38396,0,2,0,2,0,0,0,0,0,0,5406,0,3510,1896,0
1631,49243,17.217250,16.825814,15.572266,0.006331,0.000416,0.000000,0.000000,0.657917,0.019292,0.783333,2180,3600381,38598,0,2,0,2,0,0,0,0,0,0,8691,0,4242,4449,0
1632,49244,16.423167,16.036749,15.473068,0.006838,0.000500,0.000000,0.000000,0.826167,0.017833,0.751791,2168,3629731,38736,0,2,0,2,0,0,0,0,0,0,5964,0,3948,2016,0
1633,49245,16.361500,15.972609,15.253434,0.006997,0.000459,0.000000,0.000000,1.269667,0.011291,0.292292,2186,3591525,38675,0,2,0,2,0,0,0,0,0,0,5406,0,3510,1896,0
1634,49246,16.336875,15.961469,14.773152,0.006212,0.000332,0.000000,0.000000,1.536208,0.011084,0.582251,2106,3541906,37669,0,2,0,2,0,0,0,0,0,0,7208,0,4680,2528,0
1635,49247,17.341542,16.945282,15.495115,0.006708,0.000459,0.000000,0.000000,0.955208,0.017083,0.609750,2195,3621119,39143,0,2,0,2,0,0,0,0,0,0,5406,0,3510,1896,0
1636,49248,16.237458,15.853546,14.988028,0.006999,0.000291,0.000000,0.000000,1.250583,0.011917,0.597249,2143,3561677,38309,0,2,0,2,0,0,0,0,0,0,5406,0,3510,1896,0
1637,49249,16.716708,16.327729,15.162112,0.006495,0.000540,0.000000,0.000000,1.227125,0.012292,0.301334,2131,3570151,37747,0,2,0,2,0,0,0,0,0,0,7208,0,4680,2528,0
1638,49250,18.383125,17.987879,16.738896,0.006045,0.000667,0.000000,0.000000,0.077292,0.013208,0.660624,2133,3622616,38604,0,2,0,2,0,0,0,0,0,0,5406,0,3510,1896,0
1639,49251,16.087417,15.699679,15.717822,0.007837,0.000458,0.000000,0.000000,0.171458,0.020459,0.746999,2123,3580212,38277,0,2,0,2,0,0,0,0,0,0,5406,0,3510,1896,0
1640,49252,16.430833,16.040220,15.966268,0.007339,0.000458,0.000000,0.000000,0.406417,0.042833,0.650833,2146,3606353,38472,0,2,0,2,0,0,0,0,0,0,7208,0,4680,2528,0
1641,49253,17.411375,17.014443,16.662714,0.006618,0.000500,0.000000,0.000000,0.085917,0.014167,0.803166,2166,3639117,39051,0,2,0,2,0,0,0,0,0,0,5406,0,3510,1896,0
1642,49254,15.946334,15.543430,15.587380,0.006666,0.000459,0.000000,0.000000,0.450375,0.013041,0.610833,2131,3544219,38011,0,2,0,2,0,0,0,0,0,0,5406,0,3510,1896,0
1643,49255,16.124166,15.734623,15.378891,0.005578,0.000542,0.000000,0.000000,0.828667,0.033042,0.962417,2116,3549225,37711,0,2,0,2,0,0,0,0,0,0,7208,0,4680,2528,0
1644,49256,16.944875,16.550612,15.826479,0.006377,0.000583,0.000000,0.000000,0.551125,0.030750,0.651167,2148,3604527,38454,0,2,0,2,0,0,0,0,0,0,5406,0,3510,1896,0
1645,49257,16.631709,16.235207,15.759185,0.006669,0.000334,0.000000,0.000000,0.713666,0.024875,0.775458,2184,3584247,37815,0,2,0,2,0,0,0,0,0,0,5406,0,3510,1896,0
1646,49258,17.502833,17.111908,16.479387,0.005751,0.000582,0.000000,0.000000,0.085750,0.014125,0.601000,2158,3695677,38978,0,2,0,2,0,0,0,0,0,0,7208,0,4680,2528,0
1647,49259,16.657750,16.260450,16.294843,0.006543,0.000583,0.000000,0.000000,0.082125,0.015333,0.295750,2162,3663280,39019,0,2,0,2,0,0,0,0,0,0,5406,0,3510,1896,0
1648,49260,16.126917,15.734678,15.761674,0.005709,0.000459,0.000000,0.000000,0.291375,0.019250,0.901541,2166,3573659,38205,0,2,0,2,0,0,0,0,0,0,5406,0,3510,1896,0
1649,49261,16.501708,16.109412,15.908281,0.007121,0.000541,0.000000,0.000000,0.705917,0.036083,0.646250,2167,3607991,38160,0,2,0,2,0,0,0,0,0,0,7208,0,4680,2528,0
1650,49262,16.442167,16.054543,15.446999,0.007168,0.000499,0.000000,0.000000,0.666791,0.044459,0.794957,2154,3633782,38243,0,2,0,2,0,0,0,0,0,0,5535,0,3510,2025,0
1651,49263,18.064000,17.660635,17.087428,0.006873,0.000626,0.000000,0.000000,0.091208,0.042917,0.292458,2211,3802452,40430,0,2,0,2,0,0,0,0,0,0,5406,0,3510,1896,0
1652,49264,15.858125,15.472105,15.488531,0.006997,0.000417,0.000000,0.000000,0.248458,0.021333,0.911458,2124,3548983,37719,0,2,0,2,0,0,0,0,0,0,7208,0,4680,2528,0
1653,49265,15.893625,15.507476,15.368305,0.007450,0.000458,0.000000,0.000000,1.007125,0.013416,0.297917,2119,3620625,38108,0,2,0,2,0,0,0,0,0,0,5628,0,3510,2118,0
1654,49266,18.978208,18.572844,17.663666,0.006247,0.000749,0.000000,0.000000,0.090708,0.023000,0.933250,2171,4017077,42728,0,2,0,2,0,0,0,0,0,0,5406,0,3510,1896,0
1655,49267,16.198833,15.804772,15.838767,0.006545,0.000541,0.000000,0.000000,0.078917,0.015250,0.929250,2178,3635932,38704,0,2,0,2,0,0,0,0,0,0,7208,0,4680,2528,0
1656,49268,16.599667,16.200458,16.237633,0.006498,0.000666,0.000000,0.000000,0.097417,0.016750,0.471708,2186,3704691,39734,0,2,0,2,0,0,0,0,0,0,5406,0,3510,1896,0
1657,49269,16.835250,16.429648,16.453606,0.006204,0.000415,0.000000,0.000000,0.084875,0.015000,0.756542,2252,3662183,39237,0,2,0,2,0,0,0,0,0,0,5406,0,3510,1896,0
1658,49270,16.224417,15.828123,15.860162,0.006295,0.000458,0.000000,0.000000,0.086958,0.033083,0.614250,2183,3629416,38725,0,2,0,2,0,0,0,0,0,0,7208,0,4680,2528,0
1659,49271,17.108125,16.699829,16.700058,0.006503,0.001292,0.000000,0.000000,0.093333,0.015167,0.904583,2191,3693184,39490,0,2,0,2,0,0,0,0,0,0,5406,0,3510,1896,0
1660,49272,16.705125,16.299103,16.306413,0.007373,0.000667,0.000000,0.000000,0.083791,0.015417,0.489667,2226,3633624,39134,0,2,0,2,0,0,0,0,0,0,5406,0,3510,1896,0
1661,49273,16.633833,16.236836,16.251518,0.006378,0.000665,0.000000,0.000000,0.108417,0.015125,0.585374,2181,3658877,38873,0,2,0,2,0,0,0,0,0,0,7208,0,4680,2528,0
1662,49274,17.356458,16.948259,16.873672,0.006159,0.000418,0.000000,0.000000,0.066667,0.013208,0.903042,2176,3692271,39436,0,2,0,2,0,0,0,0,0,0,5406,0,3510,1896,0
1663,49275,16.739667,16.330941,16.356108,0.006536,0.000750,0.000000,0.000000,0.080667,0.014875,0.628417,2233,3649014,39122,0,2,0,2,0,0,0,0,0,0,5406,0,3510,1896,0
1664,49276,16.149417,15.762290,15.769844,0.006544,0.000666,0.000000,0.000000,0.073291,0.013042,0.928125,2135,3570612,37904,0,2,0,2,0,0,0,0,0,0,7208,0,4680,2528,0
1665,49277,16.788916,16.396710,16.390583,0.006955,0.000376,0.000000,0.000000,0.085042,0.016042,0.310834,2130,3660199,39014,0,2,0,2,0,0,0,0,0,0,5406,0,3510,1896,0
1666,49278,16.373667,15.977516,15.998264,0.007040,0.000541,0.000000,0.000000,0.076458,0.013709,0.599333,2189,3568116,38149,0,2,0,2,0,0,0,0,0,0,5406,0,3510,1896,0
1667,49279,15.935958,15.550361,15.576335,0.006627,0.000666,0.000000,0.000000,0.089584,0.014291,0.293584,2126,3558835,37684,0,2,0,2,0,0,0,0,0,0,7208,0,4680,2528,0
1668,49280,16.386875,15.996632,16.019704,0.007122,0.000624,0.000000,0.000000,0.096000,0.015292,1.223292,2131,3648740,38856,0,2,0,2,0,0,0,0,0,0,5406,0,3510,1896,0
1669,49281,16.683125,16.284309,16.282424,0.006621,0.000750,0.000000,0.000000,0.203709,0.013958,0.614875,2198,3589021,38311,0,2,0,2,0,0,0,0,0,0,5406,0,3510,1896,0
1670,49282,16.043500,15.657213,15.558130,0.006377,0.000375,0.000000,0.000000,0.515417,0.014125,0.904667,2125,3543957,37823,0,2,0,2,0,0,0,0,0,0,7208,0,4680,2528,0
1671,49283,16.220209,15.833721,15.419079,0.006503,0.000418,0.000000,0.000000,1.069666,0.038792,0.586084,2126,3612238,37993,0,2,0,2,0,0,0,0,0,0,5565,0,3510,2055,0
1672,49284,17.947083,17.559491,16.600237,0.006790,0.000585,0.000000,0.000000,0.087917,0.016291,0.614625,2121,3796065,40006,0,2,0,2,0,0,0,0,0,0,5406,0,3510,1896,0
1673,49285,16.132625,15.746835,15.724049,0.006337,0.000501,0.000000,0.000000,0.249417,0.014416,0.900959,2129,3538369,37465,0,2,0,2,0,0,0,0,0,0,7208,0,4680,2528,0
1674,49286,16.526042,16.137924,15.944541,0.007380,0.000583,0.000000,0.000000,0.458458,0.015958,0.615125,2122,3588276,38228,0,2,0,2,0,0,0,0,0,0,5406,0,3510,1896,0
1675,49287,16.179666,15.787518,15.435464,0.007088,0.000667,0.000000,0.000000,0.884375,0.023917,0.596626,2174,3509806,37500,0,2,0,2,0,0,0,0,0,0,5406,0,3510,1896,0
1676,49288,16.476292,16.094478,15.330378,0.006249,0.000457,0.000000,0.000000,1.244375,0.012792,0.385167,2120,3529586,37479,0,2,0,2,0,0,0,0,0,0,7208,0,4680,2528,0
1677,49289,17.122417,16.739827,15.586015,0.006370,0.000502,0.000000,0.000000,0.573083,0.025250,0.586791,2111,3566446,37958,0,2,0,2,0,0,0,0,0,0,5406,0,3510,1896,0
1678,49290,16.589833,16.202849,15.752315,0.006625,0.000542,0.000000,0.000000,0.757292,0.013708,0.913125,2129,3550493,37953,0,2,0,2,0,0,0,0,0,0,5406,0,3510,1896,0
1679,49291,16.590333,16.209071,15.541376,0.007458,0.000707,0.000000,0.000000,0.942542,0.014667,0.485208,2103,3545113,37533,0,2,0,2,0,0,0,0,0,0,7208,0,4680,2528,0
1680,49292,16.451375,16.075172,15.243536,0.007582,0.000501,0.000000,0.000000,1.013500,0.023500,0.902458,2082,3502117,37433,0,2,0,2,0,0,0,0,0,0,5406,0,3510,1896,0
1681,49293,16.942792,16.557540,15.629083,0.007246,0.000417,0.000000,0.000000,0.700458,0.013125,0.293166,2121,3513871,37707,0,2,0,2,0,0,0,0,0,0,5406,0,3510,1896,0
1682,49294,16.794750,16.389869,15.791535,0.007122,0.000501,0.000000,0.000000,0.635875,0.013708,1.233958,2102,3536398,37482,0,2,0,2,0,0,0,0,0,0,7208,0,4680,2528,0
1683,49295,15.726250,15.337515,14.807997,0.007542,0.000501,0.000000,0.000000,1.397333,0.015542,0.611750,2075,3481160,36469,0,2,0,2,0,0,0,0,0,0,5863,0,3510,2353,0
1684,49296,18.673917,18.284335,17.002815,0.006828,0.000500,0.000000,0.000000,0.097416,0.016334,0.792417,2085,3807124,39856,0,2,0,2,0,0,0,0,0,0,6909,0,4501,2408,0
1685,49297,16.659500,16.265262,16.303495,0.006665,0.000375,0.000000,0.000000,0.089416,0.014750,0.310000,2110,3599508,37991,0,2,0,2,0,0,0,0,0,0,5705,0,3689,2016,0
1686,49298,16.356458,15.965680,15.989660,0.006992,0.000459,0.000000,0.000000,0.103542,0.015125,0.904583,2087,3507035,37466,0,2,0,2,0,0,0,0,0,0,5406,0,3510,1896,0
1687,49299,16.215625,15.809611,15.847189,0.006827,0.000418,0.000000,0.000000,0.217833,0.023167,0.743624,2099,3502751,37120,0,2,0,2,0,0,0,0,0,0,7208,0,4680,2528,0
1688,49300,16.893458,16.494571,16.370447,0.006627,0.000250,0.000000,0.000000,0.086292,0.023125,0.647500,2096,3571753,38063,0,2,0,2,0,0,0,0,0,0,5406,0,3510,1896,0
1689,49301,15.622750,15.235387,15.254427,0.007218,0.000418,0.000000,0.000000,0.947292,0.013167,0.801375,2091,3507020,37113,0,2,0,2,0,0,0,0,0,0,5538,0,3510,2028,0
1690,49302,20.613042,20.174282,18.908589,0.007127,0.000625,0.000000,0.000000,0.069250,0.012958,0.318084,2099,3950035,40747,0,2,0,2,0,0,0,0,0,0,7208,0,4680,2528,0
1691,49303,18.205042,17.775297,17.810924,0.007875,0.000415,0.000000,0.000000,0.075541,0.013500,0.966959,2107,3636841,38563,0,2,0,2,0,0,0,0,0,0,5406,0,3510,1896,0
1692,49304,18.192291,17.754262,17.790446,0.007416,0.000498,0.000000,0.000000,0.090584,0.016875,0.630250,2102,3577016,37976,0,2,0,2,0,0,0,0,0,0,5406,0,3510,1896,0
1693,49305,17.915250,17.486224,17.491735,0.007413,0.000752,0.000000,0.000000,0.077292,0.014750,0.988125,2107,3586178,37742,0,2,0,2,0,0,0,0,0,0,7208,0,4680,2528,0
1694,49306,17.998459,17.559127,17.602749,0.007711,0.000543,0.000000,0.000000,0.091083,0.015167,0.417375,2110,3629013,38550,0,2,0,2,0,0,0,0,0,0,5406,0,3510,1896,0
1695,49307,17.670625,17.237864,17.280316,0.007574,0.000707,0.000000,0.000000,0.088000,0.017083,0.619042,2131,3555902,37858,0,2,0,2,0,0,0,0,0,0,5406,0,3510,1896,0
1696,49308,17.920166,17.478558,17.518790,0.011782,0.000416,0.000000,0.000000,0.077750,0.013959,0.688584,2112,3555484,37501,0,2,0,2,0,0,0,0,0,0,7208,0,4680,2528,0
1697,49309,18.444792,18.006847,17.990476,0.007043,0.000500,0.000000,0.000000,0.091667,0.016500,0.644417,2106,3647150,38611,0,2,0,2,0,0,0,0,0,0,5406,0,3510,1896,0
1698,49310,17.732792,17.296996,17.339080,0.007623,0.000499,0.000000,0.000000,0.105708,0.018208,0.812001,2127,3536079,37684,0,2,0,2,0,0,0,0,0,0,5406,0,3510,1896,0
1699,49311,17.705500,17.272767,17.310672,0.007661,0.000416,0.000000,0.000000,0.092000,0.017416,0.954167,2104,3536923,37334,0,2,0,2,0,0,0,0,0,0,7208,0,4680,2528,0
1700,49312,16.899666,16.500875,16.504262,0.007500,0.000417,0.000000,0.000000,0.094042,0.019042,0.651250,2099,3592687,38228,0,2,0,2,0,0,0,0,0,0,5406,0,3510,1896,0
1701,49313,18.008084,17.578478,17.602401,0.008374,0.000417,0.000000,0.000000,0.076583,0.014375,0.951084,2154,3579137,37964,0,2,0,2,0,0,0,0,0,0,5406,0,3510,1896,0
1702,49314,16.209291,15.807002,15.840455,0.009837,0.000585,0.000000,0.000000,0.069417,0.021750,0.310125,2101,3530522,37142,0,2,0,2,0,0,0,0,0,0,7367,0,4680,2687,0
1703,49315,19.141709,18.717937,18.593102,0.006754,0.000458,0.000000,0.000000,0.101458,0.020250,0.612749,2090,3869917,40253,0,2,0,2,0,0,0,0,0,0,5406,0,3510,1896,0
1704,49316,17.044833,16.634362,16.645493,0.007461,0.000583,0.000000,0.000000,0.077167,0.034666,0.613542,2136,3509898,37529,0,2,0,2,0,0,0,0,0,0,5406,0,3510,1896,0
1705,49317,18.181417,17.745840,17.785237,0.007210,0.000457,0.000000,0.000000,0.075958,0.021458,1.269625,2104,3550660,37498,0,2,0,2,0,0,0,0,0,0,7208,0,4680,2528,0
1706,49318,17.001708,16.588750,16.606387,0.007169,0.000500,0.000000,0.000000,0.100458,0.022250,0.645625,2106,3584275,38165,0,2,0,2,0,0,0,0,0,0,5406,0,3510,1896,0
1707,49319,17.575375,17.152966,17.175366,0.008076,0.000875,0.000000,0.000000,0.087500,0.018417,0.627792,2188,3532559,37835,0,2,0,2,0,0,0,0,0,0,5406,0,3510,1896,0
1708,49320,16.802417,16.378291,16.429905,0.008461,0.000500,0.000000,0.000000,0.097125,0.023541,0.644042,2090,3494359,37047,0,2,0,2,0,0,0,0,0,0,7208,0,4680,2528,0
1709,49321,17.321750,16.916306,16.932514,0.007125,0.000666,0.000000,0.000000,0.083458,0.023125,0.601666,2131,3579279,38203,0,2,0,2,0,0,0,0,0,0,5406,0,3510,1896,0
1710,49322,17.179125,16.750484,16.780051,0.006709,0.000625,0.000000,0.000000,0.095000,0.018958,1.096583,2150,3492887,37354,0,2,0,2,0,0,0,0,0,0,5406,0,3510,1896,0
1711,49323,16.819416,16.398100,16.437936,0.007627,0.000541,0.000000,0.000000,0.082959,0.013833,0.666292,2101,3505806,37196,0,2,0,2,0,0,0,0,0,0,7208,0,4680,2528,0
1712,49324,16.730834,16.328388,16.363144,0.007163,0.000500,0.000000,0.000000,0.088416,0.015834,0.653125,2107,3552395,37863,0,2,0,2,0,0,0,0,0,0,5406,0,3510,1896,0
1713,49325,17.413541,16.980213,17.009281,0.007956,0.000416,0.000000,0.000000,0.082125,0.015167,0.323750,2177,3524716,37726,0,2,0,2,0,0,0,0,0,0,5406,0,3510,1896,0
1714,49326,16.929500,16.512674,16.542925,0.007624,0.000625,0.000000,0.000000,0.084292,0.016292,0.660041,2089,3491693,37028,0,2,0,2,0,0,0,0,0,0,7208,0,4680,2528,0
1715,49327,17.593917,17.168866,17.213723,0.007584,0.000416,0.000000,0.000000,0.084208,0.014875,1.256667,2124,3561972,38054,0,2,0,2,0,0,0,0,0,0,5406,0,3510,1896,0
1716,49328,16.253167,15.843098,15.885240,0.007919,0.000542,0.000000,0.000000,0.086166,0.016250,0.293875,2142,3498107,37383,0,2,0,2,0,0,0,0,0,0,5406,0,3510,1896,0
1717,49329,17.229500,16.805711,16.850797,0.007416,0.000417,0.000000,0.000000,0.074625,0.014833,0.901041,2104,3528512,37403,0,2,0,2,0,0,0,0,0,0,7208,0,4680,2528,0
1718,49330,18.203458,17.768138,17.772595,0.007415,0.000667,0.000000,0.000000,0.098958,0.031917,0.294291,2118,3556349,37958,0,2,0,2,0,0,0,0,0,0,5406,0,3510,1896,0
1719,49331,17.402875,16.971504,17.000666,0.007539,0.000415,0.000000,0.000000,0.084250,0.015417,1.249251,2153,3496361,37343,0,2,0,2,0,0,0,0,0,0,5406,0,3510,1896,0
1720,49332,17.902417,17.475637,17.446893,0.007501,0.001126,0.000000,0.000000,0.095875,0.013750,0.637499,2095,3508244,37218,0,2,0,2,0,0,0,0,0,0,7208,0,4680,2528,0
1721,49333,17.972958,17.546421,17.567958,0.007458,0.000458,0.000000,0.000000,0.094125,0.016375,0.293417,2110,3605184,38322,0,2,0,2,0,0,0,0,0,0,5406,0,3510,1896,0
1722,49334,17.577625,17.144177,17.181757,0.008164,0.000457,0.000000,0.000000,0.082667,0.015583,0.596000,2151,3529713,37704,0,2,0,2,0,0,0,0,0,0,5406,0,3510,1896,0
1723,49335,17.210208,16.789071,16.828297,0.007839,0.000500,0.000000,0.000000,0.086000,0.016000,0.587542,2100,3514049,37334,0,2,0,2,0,0,0,0,0,0,7208,0,4680,2528,0
1724,49336,17.619959,17.195273,17.220621,0.007877,0.000501,0.000000,0.000000,0.096458,0.016458,0.645666,2098,3574807,38078,0,2,0,2,0,0,0,0,0,0,5406,0,3510,1896,0
1725,49337,17.786375,17.351986,17.383180,0.008129,0.000668,0.000000,0.000000,0.097875,0.016458,0.784042,2159,3532198,37786,0,2,0,2,0,0,0,0,0,0,5406,0,3510,1896,0
1726,49338,17.048458,16.629352,16.651175,0.007540,0.000417,0.000000,0.000000,0.074708,0.014292,0.904042,2081,3488598,37036,0,2,0,2,0,0,0,0,0,0,7208,0,4680,2528,0
1727,49339,17.729750,17.307999,17.348439,0.007619,0.000792,0.000000,0.000000,0.086458,0.015792,0.308375,2088,3589804,38227,0,2,0,2,0,0,0,0,0,0,5406,0,3510,1896,0
1728,49340,17.535250,17.103205,17.146083,0.008042,0.000709,0.000000,0.000000,0.074292,0.014666,1.180750,2167,3521659,37680,0,2,0,2,0,0,0,0,0,0,5406,0,3510,1896,0
1729,49341,17.241083,16.819797,16.841769,0.007331,0.000542,0.000000,0.000000,0.070042,0.013083,1.207208,2101,3540265,37544,0,2,0,2,0,0,0,0,0,0,7208,0,4680,2528,0
1730,49342,17.718292,17.292767,17.310584,0.007334,0.000501,0.000000,0.000000,0.080917,0.026250,0.366458,2116,3545164,37878,0,2,0,2,0,0,0,0,0,0,5406,0,3510,1896,0
1731,49343,16.853583,16.433459,16.464720,0.006876,0.000501,0.000000,0.000000,0.080917,0.013667,0.586208,2158,3517909,37642,0,2,0,2,0,0,0,0,0,0,5406,0,3510,1896,0
1732,49344,15.450542,15.067125,15.094484,0.007495,0.000707,0.000000,0.000000,0.065208,0.014917,0.607833,2085,3560948,37537,0,2,0,2,0,0,0,0,0,0,7353,0,4680,2673,0
1733,49345,17.703333,17.296021,17.334903,0.006329,0.000416,0.000000,0.000000,0.072542,0.019458,0.709166,2176,3884255,40853,0,2,0,2,0,0,0,0,0,0,5406,0,3510,1896,0
1734,49346,16.729542,16.317720,16.360637,0.006931,0.000668,0.000000,0.000000,0.077000,0.015208,0.618250,2111,3508720,37669,0,2,0,2,0,0,0,0,0,0,5406,0,3510,1896,0
1735,49347,15.556583,15.168132,15.198534,0.007292,0.000374,0.000000,0.000000,0.081125,0.014209,0.817792,2093,3573897,37355,0,2,0,2,0,0,0,0,0,0,7404,0,4680,2724,0
1736,49348,17.360417,16.957449,16.998316,0.007416,0.000417,0.000000,0.000000,0.070250,0.020333,0.689292,2170,3825990,40437,0,2,0,2,0,0,0,0,0,0,5406,0,3510,1896,0
1737,49349,16.515333,16.117048,16.136404,0.007703,0.000416,0.000000,0.000000,0.093292,0.018042,0.314708,2128,3565947,38040,0,2,0,2,0,0,0,0,0,0,7004,0,4536,2468,0
1738,49350,16.930500,16.531200,16.450573,0.007660,0.000876,0.000000,0.000000,0.071792,0.013417,0.611541,2136,3615722,38287,0,2,0,2,0,0,0,0,0,0,7651,0,3654,3997,0
1739,49351,16.608750,16.211399,16.231951,0.007330,0.000626,0.000000,0.000000,0.090792,0.026125,0.291833,2114,3542367,37934,0,2,0,2,0,0,0,0,0,0,5406,0,3510,1896,0
1740,49352,16.131375,15.739597,15.770534,0.006961,0.000458,0.000000,0.000000,0.069834,0.013583,0.593000,2109,3537536,37620,0,2,0,2,0,0,0,0,0,0,7208,0,4680,2528,0
1741,49353,16.775709,16.374172,16.399282,0.006791,0.000749,0.000000,0.000000,0.075041,0.013917,0.296292,2140,3635799,38817,0,2,0,2,0,0,0,0,0,0,5406,0,3510,1896,0
1742,49354,16.373583,15.981006,16.013455,0.006950,0.000584,0.000000,0.000000,0.070500,0.013333,1.151334,2108,3532293,37822,0,2,0,2,0,0,0,0,0,0,5406,0,3510,1896,0
1743,49355,15.968542,15.577199,15.609700,0.006953,0.000667,0.000000,0.000000,0.067875,0.012833,0.301000,2095,3539185,37592,0,2,0,2,0,0,0,0,0,0,7208,0,4680,2528,0
1744,49356,16.535125,16.138868,16.169532,0.007047,0.000415,0.000000,0.000000,0.086833,0.015625,1.199249,2119,3610264,38488,0,2,0,2,0,0,0,0,0,0,5406,0,3510,1896,0
1745,49357,16.453125,16.060581,16.078065,0.006761,0.000541,0.000000,0.000000,0.066000,0.013041,0.329333,2109,3557728,38103,0,2,0,2,0,0,0,0,0,0,5406,0,3510,1896,0
1746,49358,16.015333,15.625694,15.659636,0.006821,0.000582,0.000000,0.000000,0.077708,0.014292,0.903666,2092,3540229,37611,0,2,0,2,0,0,0,0,0,0,7208,0,4680,2528,0
1747,49359,16.611500,16.217457,16.251931,0.006714,0.000375,0.000000,0.000000,0.078333,0.013667,0.902167,2117,3594330,38367,0,2,0,2,0,0,0,0,0,0,5406,0,3510,1896,0
1748,49360,16.190000,15.795187,15.836125,0.007169,0.000250,0.000000,0.000000,0.084458,0.017000,0.610958,2114,3550112,37962,0,2,0,2,0,0,0,0,0,0,5406,0,3510,1896,0
1749,49361,16.127667,15.736256,15.771775,0.006924,0.000417,0.000000,0.000000,0.075583,0.014000,0.922334,2107,3549151,37707,0,2,0,2,0,0,0,0,0,0,7208,0,4680,2528,0
1750,49362,16.674583,16.279996,16.309874,0.006585,0.000291,0.000000,0.000000,0.069250,0.021958,0.292084,2121,3596034,38433,0,2,0,2,0,0,0,0,0,0,5406,0,3510,1896,0
1751,49363,16.194292,15.786065,15.824637,0.006757,0.000665,0.000000,0.000000,0.071458,0.024042,0.584709,2145,3528731,37657,0,2,0,2,0,0,0,0,0,0,5406,0,3510,1896,0
1752,49364,16.007833,15.615217,15.631939,0.007123,0.000374,0.000000,0.000000,0.085708,0.023042,0.609208,2115,3539746,37620,0,2,0,2,0,0,0,0,0,0,7208,0,4680,2528,0
1753,49365,16.605167,16.207930,16.234700,0.007259,0.000250,0.000000,0.000000,0.092708,0.015958,0.902458,2116,3619189,38461,0,2,0,2,0,0,0,0,0,0,5406,0,3510,1896,0
1754,49366,16.185416,15.785797,15.810785,0.006716,0.000375,0.000000,0.000000,0.089000,0.017625,0.491958,2160,3545566,37846,0,2,0,2,0,0,0,0,0,0,5406,0,3510,1896,0
1755,49367,15.797334,15.403422,15.439950,0.007796,0.000501,0.000000,0.000000,0.071375,0.013875,0.582458,2125,3551962,36958,0,2,0,2,0,0,0,0,0,0,7388,0,4680,2708,0
1756,49368,17.490125,17.092972,17.130504,0.007004,0.000624,0.000000,0.000000,0.167875,0.141625,0.610042,2120,3939736,41387,0,2,0,2,0,0,0,0,0,0,5406,0,3510,1896,0
1757,49369,16.957666,16.556577,16.397515,0.007165,0.000416,0.000000,0.000000,0.080042,0.018375,0.684708,2151,3611975,38275,0,2,0,2,0,0,0,0,0,0,5406,0,3510,1896,0
1758,49370,16.917417,16.491380,16.525248,0.006873,0.000417,0.000000,0.000000,0.070750,0.020625,1.300001,2121,3619445,38032,0,2,0,2,0,0,0,0,0,0,7208,0,4680,2528,0
1759,49371,17.240792,16.819947,16.814388,0.007042,0.000458,0.000000,0.000000,0.067416,0.023084,0.330250,2132,3683285,38908,0,2,0,2,0,0,0,0,0,0,5406,0,3510,1896,0
1760,49372,17.386916,16.958018,16.963893,0.007077,0.000459,0.000000,0.000000,0.066625,0.028292,0.963417,2193,3670365,38930,0,2,0,2,0,0,0,0,0,0,5406,0,3510,1896,0
1761,49373,17.096167,16.692845,16.715487,0.006705,0.000460,0.000000,0.000000,0.070000,0.013167,0.313750,2152,3675566,38604,0,2,0,2,0,0,0,0,0,0,7208,0,4680,2528,0
1762,49374,17.051583,16.633157,16.676652,0.006867,0.000540,0.000000,0.000000,0.060375,0.018667,1.320208,2127,3676482,38948,0,2,0,2,0,0,0,0,0,0,5406,0,3510,1896,0
1763,49375,17.117750,16.693677,16.614685,0.007252,0.001876,0.000000,0.000000,0.078875,0.029584,0.987333,2173,3622365,38418,0,2,0,2,0,0,0,0,0,0,5406,0,3510,1896,0
1764,49376,17.124084,16.718995,16.734408,0.007624,0.000458,0.000000,0.000000,0.061791,0.018667,0.332208,2159,3626881,38174,0,2,0,2,0,0,0,0,0,0,7208,0,4680,2528,0
1765,49377,17.177208,16.774993,16.811223,0.006911,0.000458,0.000000,0.000000,0.065375,0.012708,0.624417,2136,3701099,39180,0,2,0,2,0,0,0,0,0,0,5406,0,3510,1896,0
1766,49378,17.006792,16.567115,16.613088,0.007002,0.000542,0.000000,0.000000,0.080291,0.019875,0.652375,2192,3625329,38497,0,2,0,2,0,0,0,0,0,0,5406,0,3510,1896,0
1767,49379,16.929458,16.519218,16.555488,0.006915,0.000417,0.000000,0.000000,0.071292,0.017375,0.974917,2154,3628216,38131,0,2,0,2,0,0,0,0,0,0,7208,0,4680,2528,0
1768,49380,17.352917,16.927992,16.962633,0.007501,0.000458,0.000000,0.000000,0.066833,0.018250,0.997792,2155,3685710,39081,0,2,0,2,0,0,0,0,0,0,5406,0,3510,1896,0
1769,49381,17.045333,16.623942,16.671327,0.007121,0.000458,0.000000,0.000000,0.065208,0.024459,0.308333,2191,3655354,38740,0,2,0,2,0,0,0,0,0,0,5406,0,3510,1896,0
1770,49382,16.650042,16.241369,16.250969,0.007669,0.000582,0.000000,0.000000,0.062791,0.013625,0.732541,2148,3623229,38116,0,2,0,2,0,0,0,0,0,0,7208,0,4680,2528,0
1771,49383,17.162875,16.758020,16.797440,0.006668,0.000875,0.000000,0.000000,0.065958,0.013208,0.312292,2143,3885910,40537,0,2,0,2,0,0,0,0,0,0,5406,0,3510,1896,0
1772,49384,16.782416,16.393387,16.406539,0.006122,0.000417,0.000000,0.000000,0.069667,0.023500,0.961625,2174,3617813,38345,0,2,0,2,0,0,0,0,0,0,5406,0,3510,1896,0
1773,49385,16.330917,15.910810,15.924487,0.007456,0.000335,0.000000,0.000000,0.064958,0.013084,0.490833,2153,3642512,38236,0,2,0,2,0,0,0,0,0,0,7344,0,4680,2664,0
1774,49386,17.373458,16.979101,17.015129,0.006000,0.000501,0.000000,0.000000,0.072709,0.028375,0.941750,2129,3903487,40622,0,2,0,2,0,0,0,0,0,0,5406,0,3510,1896,0
1775,49387,16.626292,16.224126,16.242666,0.007166,0.000416,0.000000,0.000000,0.088250,0.013708,0.977292,2189,3608028,38544,0,2,0,2,0,0,0,0,0,0,5406,0,3510,1896,0
1776,49388,16.323333,15.925483,15.951406,0.006208,0.000667,0.000000,0.000000,0.066792,0.021833,0.658750,2132,3579305,38026,0,2,0,2,0,0,0,0,0,0,7208,0,4680,2528,0
1777,49389,17.095417,16.691310,16.684144,0.006414,0.000956,0.000000,0.000000,0.076958,0.019334,0.959125,2158,3649130,38969,0,2,0,2,0,0,0,0,0,0,5406,0,3510,1896,0
1778,49390,16.513292,16.118727,16.115558,0.005998,0.000332,0.000000,0.000000,0.071625,0.021083,0.325875,2184,3558886,38109,0,2,0,2,0,0,0,0,0,0,5406,0,3510,1896,0
1779,49391,16.360750,15.952161,15.920882,0.007506,0.000708,0.000000,0.000000,0.067791,0.012667,0.630375,2129,3544397,37691,0,2,0,2,0,0,0,0,0,0,7208,0,4680,2528,0
1780,49392,17.198916,16.794550,16.764091,0.007080,0.000333,0.000000,0.000000,0.067709,0.014375,0.296042,2134,3636251,38852,0,2,0,2,0,0,0,0,0,0,5406,0,3510,1896,0
1781,49393,16.988292,16.578730,16.580085,0.006994,0.000501,0.000000,0.000000,0.078250,0.015125,1.093126,2213,3607276,38554,0,2,0,2,0,0,0,0,0,0,5406,0,3510,1896,0
1782,49394,16.130792,15.733706,15.735578,0.006166,0.000376,0.000000,0.000000,0.067208,0.013542,0.837042,2104,3560249,37797,0,2,0,2,0,0,0,0,0,0,7208,0,4680,2528,0
1783,49395,16.693916,16.301005,16.325133,0.006992,0.000749,0.000000,0.000000,0.074709,0.020125,0.300958,2131,3596352,38342,0,2,0,2,0,0,0,0,0,0,5406,0,3510,1896,0
1784,49396,16.391625,15.994784,16.022644,0.006913,0.000540,0.000000,0.000000,0.073709,0.014583,0.980125,2155,3544871,37926,0,2,0,2,0,0,0,0,0,0,5406,0,3510,1896,0
1785,49397,16.564459,16.161385,16.191539,0.007629,0.000500,0.000000,0.000000,0.070583,0.014583,0.310750,2138,3607819,38301,0,2,0,2,0,0,0,0,0,0,7208,0,4680,2528,0
1786,49398,16.478583,16.085027,16.055010,0.007710,0.000709,0.000000,0.000000,0.080917,0.017625,0.643500,2132,3534678,37902,0,2,0,2,0,0,0,0,0,0,5406,0,3510,1896,0
1787,49399,16.471500,16.071391,16.072933,0.007033,0.000457,0.000000,0.000000,0.075250,0.021792,0.652584,2119,3527718,37809,0,2,0,2,0,0,0,0,0,0,5406,0,3510,1896,0
1788,49400,16.563625,16.182214,16.163124,0.005915,0.000459,0.000000,0.000000,0.071458,0.013417,0.944250,2096,3587739,37972,0,2,0,2,0,0,0,0,0,0,7208,0,4680,2528,0
1789,49401,16.477292,16.087782,16.093951,0.006505,0.000791,0.000000,0.000000,0.074750,0.021833,0.303125,2123,3557005,38176,0,2,0,2,0,0,0,0,0,0,5406,0,3510,1896,0
1790,49402,16.293708,15.904468,15.895975,0.006830,0.000459,0.000000,0.000000,0.107208,0.016584,1.306751,2117,3528716,37667,0,2,0,2,0,0,0,0,0,0,7004,0,4536,2468,0
1791,49403,17.627208,17.195597,17.008550,0.007707,0.000749,0.000000,0.000000,0.087834,0.021875,0.598042,2140,3597221,38275,0,2,0,2,0,0,0,0,0,0,5610,0,3654,1956,0
1792,49404,16.281875,15.884874,15.918087,0.008715,0.000876,0.000000,0.000000,0.067542,0.017417,0.291625,2114,3540511,37877,0,2,0,2,0,0,0,0,0,0,5406,0,3510,1896,0
1793,49405,15.874584,15.488748,15.514364,0.005497,0.000585,0.000000,0.000000,0.077458,0.016125,0.595292,2120,3566631,37901,0,2,0,2,0,0,0,0,0,0,7208,0,4680,2528,0
1794,49406,15.928041,15.546064,15.586070,0.006497,0.000333,0.000000,0.000000,0.067959,0.012375,0.605375,2138,3589949,38386,0,2,0,2,0,0,0,0,0,0,5406,0,3510,1896,0
1795,49407,15.549292,15.165754,15.207370,0.006046,0.000334,0.000000,0.000000,0.079542,0.012833,0.911042,2111,3543054,37943,0,2,0,2,0,0,0,0,0,0,5406,0,3510,1896,0
1796,49408,15.261750,14.878158,14.918872,0.006006,0.000209,0.000000,0.000000,0.062583,0.012625,0.610292,2121,3550427,37703,0,2,0,2,0,0,0,0,0,0,7208,0,4680,2528,0
1797,49409,15.711375,15.329465,15.368182,0.006208,0.000334,0.000000,0.000000,0.068292,0.013291,0.290292,2144,3634056,38807,0,2,0,2,0,0,0,0,0,0,5406,0,3510,1896,0
1798,49410,15.398167,15.019235,15.031781,0.007420,0.000375,0.000000,0.000000,0.080000,0.017625,0.613959,2102,3526348,37740,0,2,0,2,0,0,0,0,0,0,5406,0,3510,1896,0
1799,49411,15.071708,14.699687,14.738136,0.006957,0.000417,0.000000,0.000000,0.079042,0.015666,0.608125,2092,3533295,37496,0,2,0,2,0,0,0,0,0,0,7208,0,4680,2528,0
1800,49412,15.445167,15.068911,15.099382,0.006499,0.000459,0.000000,0.000000,0.085291,0.017625,0.909875,2109,3574921,38220,0,2,0,2,0,0,0,0,0,0,5406,0,3510,1896,0
1801,49413,14.967125,14.578343,14.624212,0.006247,0.000457,0.000000,0.000000,0.072750,0.016583,0.630417,2125,3563217,37492,0,2,0,2,0,0,0,0,0,0,5586,0,3510,2076,0
1802,49414,17.199458,16.808632,16.850958,0.005290,0.000459,0.000000,0.000000,0.071708,0.023375,1.104042,2172,4038960,42622,0,2,0,2,0,0,0,0,0,0,7208,0,4680,2528,0
1803,49415,15.894917,15.507873,15.547771,0.006667,0.000582,0.000000,0.000000,0.075708,0.016250,0.320333,2168,3717738,39696,0,2,0,2,0,0,0,0,0,0,5406,0,3510,1896,0
1804,49416,15.735041,15.334340,15.375045,0.006208,0.000625,0.000000,0.000000,0.068417,0.013208,0.908333,2218,3663522,39209,0,2,0,2,0,0,0,0,0,0,5406,0,3510,1896,0
1805,49417,15.194625,14.807280,14.847257,0.006039,0.000418,0.000000,0.000000,0.056292,0.011500,0.289583,2183,3657908,38763,0,2,0,2,0,0,0,0,0,0,7342,0,4680,2662,0
1806,49418,17.039750,16.627532,16.668840,0.006415,0.000626,0.000000,0.000000,0.081875,0.018834,0.901166,2182,3991408,41953,0,2,0,2,0,0,0,0,0,0,5406,0,3510,1896,0
1807,49419,16.148750,15.741710,15.786215,0.006840,0.000500,0.000000,0.000000,0.069375,0.012625,0.622125,2228,3642103,39040,0,2,0,2,0,0,0,0,0,0,5406,0,3510,1896,0
1808,49420,15.578500,15.198139,15.238869,0.006297,0.000458,0.000000,0.000000,0.062667,0.013000,0.639209,2152,3637959,38675,0,2,0,2,0,0,0,0,0,0,7208,0,4680,2528,0
1809,49421,15.990750,15.601617,15.642623,0.006287,0.000376,0.000000,0.000000,0.076417,0.017375,0.445208,2184,3704582,39500,0,2,0,2,0,0,0,0,0,0,5406,0,3510,1896,0
1810,49422,15.628042,15.232800,15.241469,0.006333,0.000418,0.000000,0.000000,0.066792,0.012416,0.928501,2232,3624023,38894,0,2,0,2,0,0,0,0,0,0,5406,0,3510,1896,0
1811,49423,15.592708,15.203659,15.244911,0.006044,0.000416,0.000000,0.000000,0.083000,0.013875,0.610875,2182,3642770,38762,0,2,0,2,0,0,0,0,0,0,7208,0,4680,2528,0
1812,49424,15.459167,15.073480,15.115722,0.006919,0.000333,0.000000,0.000000,0.058542,0.012458,0.918125,2138,3611410,38522,0,2,0,2,0,0,0,0,0,0,5406,0,3510,1896,0
1813,49425,15.519500,15.126662,15.166404,0.006956,0.000415,0.000000,0.000000,0.070667,0.013208,0.331458,2196,3600897,38354,0,2,0,2,0,0,0,0,0,0,5406,0,3510,1896,0
1814,49426,14.941833,14.569195,14.609584,0.006499,0.000625,0.000000,0.000000,0.369167,0.010333,0.578541,2119,3541823,37524,0,2,0,2,0,0,0,0,0,0,7208,0,4680,2528,0
1815,49427,15.775584,15.394441,15.108322,0.005713,0.000583,0.000000,0.000000,1.470208,0.012708,0.610750,2134,3603834,38330,0,2,0,2,0,0,0,0,0,0,5406,0,3510,1896,0
1816,49428,16.251083,15.866492,14.477053,0.006622,0.000333,0.000000,0.000000,1.781417,0.011625,0.900791,2177,3563409,37641,0,2,0,2,0,0,0,0,0,0,5565,0,3510,2055,0
1817,49429,18.106542,17.725422,16.018534,0.005793,0.000418,0.000000,0.000000,0.345166,0.010959,0.610208,2135,3865553,40274,0,2,0,2,0,0,0,0,0,0,7208,0,4680,2528,0
1818,49430,16.212541,15.830744,15.477424,0.007584,0.000376,0.000000,0.000000,0.800250,0.012542,0.581000,2120,3606682,38470,0,2,0,2,0,0,0,0,0,0,5406,0,3510,1896,0
1819,49431,15.946084,15.562515,14.855343,0.006254,0.000500,0.000000,0.000000,1.589083,0.011250,0.610875,2160,3532728,37742,0,2,0,2,0,0,0,0,0,0,5406,0,3510,1896,0
1820,49432,16.524708,16.154941,14.671777,0.006837,0.000541,0.000000,0.000000,1.620458,0.012542,0.588125,2103,3515647,37232,0,2,0,2,0,0,0,0,0,0,7208,0,4680,2528,0
1821,49433,17.058458,16.673332,15.160219,0.007162,0.000459,0.000000,0.000000,1.276084,0.011833,0.614041,2122,3610282,38425,0,2,0,2,0,0,0,0,0,0,5406,0,3510,1896,0
1822,49434,16.262125,15.884400,14.680544,0.007044,0.000417,0.000000,0.000000,1.741125,0.010917,0.781709,2143,3511763,37510,0,2,0,2,0,0,0,0,0,0,5406,0,3510,1896,0
1823,49435,16.565334,16.193208,14.532027,0.006458,0.000627,0.000000,0.000000,1.660333,0.011417,0.609084,2102,3516264,37326,0,2,0,2,0,0,0,0,0,0,7208,0,4680,2528,0
1824,49436,17.019916,16.644165,15.080557,0.005994,0.000416,0.000000,0.000000,1.474167,0.011625,0.293250,2107,3560688,37987,0,2,0,2,0,0,0,0,0,0,5406,0,3510,1896,0
1825,49437,16.490500,16.104654,14.711628,0.006666,0.000333,0.000000,0.000000,1.564209,0.011583,0.579708,2162,3526681,37775,0,2,0,2,0,0,0,0,0,0,5406,0,3510,1896,0
1826,49438,16.484959,16.101731,14.615851,0.007118,0.000333,0.000000,0.000000,1.745583,0.014000,0.296000,2093,3502430,37201,0,2,0,2,0,0,0,0,0,0,7208,0,4680,2528,0
1827,49439,18.179750,17.782513,16.135967,0.005911,0.000500,0.000000,0.000000,0.222708,0.014875,0.634876,2108,3562049,38025,0,4,0,4,0,0,0,0,0,0,5406,0,3510,1896,0
1828,49440,15.984041,15.589470,15.471296,0.007420,0.000583,0.000000,0.000000,0.990125,0.045917,0.298834,2132,3501128,37400,0,2,0,2,0,0,0,0,0,0,5406,0,3510,1896,0
1829,49441,17.017417,16.619721,15.726571,0.005753,0.000665,0.000000,0.000000,0.490292,0.013125,0.931250,2119,3541281,37580,0,2,0,2,0,0,0,0,0,0,7208,0,4680,2528,0
1830,49442,16.990042,16.601486,16.201790,0.006911,0.000667,0.000000,0.000000,0.360458,0.014125,0.683542,2130,3565974,38029,0,2,0,2,0,0,0,0,0,0,5406,0,3510,1896,0
1831,49443,16.383041,15.975296,15.732143,0.007036,0.000333,0.000000,0.000000,0.558542,0.011667,0.638083,2160,3519826,37648,0,2,0,2,0,0,0,0,0,0,5406,0,3510,1896,0
1832,49444,16.301917,15.922671,15.457960,0.007455,0.000417,0.000000,0.000000,0.997833,0.033042,0.786750,2093,3503639,37187,0,2,0,2,0,0,0,0,0,0,7208,0,4680,2528,0
1833,49445,17.673917,17.274933,16.335792,0.006912,0.000749,0.000000,0.000000,0.075333,0.013417,0.650625,2122,3594515,38309,0,2,0,2,0,0,0,0,0,0,5406,0,3510,1896,0
1834,49446,16.394333,15.984076,15.900565,0.006587,0.000541,0.000000,0.000000,0.225542,0.027708,0.596750,2169,3499822,37443,0,2,0,2,0,0,0,0,0,0,5406,0,3510,1896,0
1835,49447,16.055833,15.666268,15.540589,0.007042,0.000458,0.000000,0.000000,0.860417,0.013375,0.621750,2109,3541182,37603,0,2,0,2,0,0,0,0,0,0,7208,0,4680,2528,0
1836,49448,16.985667,16.601431,15.832237,0.007209,0.000584,0.000000,0.000000,0.550625,0.042667,0.933084,2107,3546695,37927,0,2,0,2,0,0,0,0,0,0,5406,0,3510,1896,0
1837,49449,16.901958,16.496782,16.026341,0.007241,0.000417,0.000000,0.000000,0.241125,0.036292,0.316584,2122,3555809,37962,0,2,0,2,0,0,0,0,0,0,5406,0,3510,1896,0
1838,49450,16.906000,16.500503,16.305322,0.006470,0.000792,0.000000,0.000000,0.089167,0.014667,0.591084,2107,3571213,37877,0,2,0,2,0,0,0,0,0,0,7208,0,4680,2528,0
1839,49451,15.867834,15.481940,15.508559,0.007170,0.000583,0.000000,0.000000,0.816125,0.013208,1.273249,2107,3510976,37586,0,2,0,2,0,0,0,0,0,0,5406,0,3510,1896,0
1840,49452,16.824375,16.439265,15.702802,0.006377,0.000458,0.000000,0.000000,0.683333,0.014458,0.638958,2099,3518066,37764,0,2,0,2,0,0,0,0,0,0,5406,0,3510,1896,0
1841,49453,17.874041,17.487199,16.778333,0.007537,0.000708,0.000000,0.000000,0.077167,0.013208,0.602374,2104,3616525,38258,0,2,0,2,0,0,0,0,0,0,7208,0,4680,2528,0
1842,49454,16.770709,16.357714,16.334081,0.006248,0.000458,0.000000,0.000000,0.075416,0.015084,0.297625,2113,3574011,38195,0,2,0,2,0,0,0,0,0,0,5406,0,3510,1896,0
1843,49455,15.955541,15.572084,15.576642,0.006753,0.000502,0.000000,0.000000,0.082209,0.014541,0.935209,2085,3504401,37432,0,2,0,2,0,0,0,0,0,0,7004,0,4536,2468,0
1844,49456,16.306334,15.910555,15.933807,0.007876,0.000584,0.000000,0.000000,0.349583,0.014167,0.295375,2105,3571970,37964,0,2,0,2,0,0,0,0,0,0,5610,0,3654,1956,0
1845,49457,17.061666,16.654816,16.241749,0.008405,0.000459,0.000000,0.000000,0.074125,0.051667,1.277333,2139,3572055,38094,0,2,0,2,0,0,0,0,0,0,7447,0,3510,3937,0
1846,49458,16.031875,15.635700,15.635538,0.007623,0.000416,0.000000,0.000000,0.682667,0.021458,0.959334,2114,3520148,37368,0,2,0,2,0,0,0,0,0,0,7208,0,4680,2528,0
1847,49459,16.923917,16.527218,15.974907,0.006881,0.000625,0.000000,0.000000,0.452083,0.040042,0.299000,2101,3603035,38386,0,2,0,2,0,0,0,0,0,0,5406,0,3510,1896,0
1848,49460,16.812542,16.429427,16.047517,0.006505,0.000500,0.000000,0.000000,0.289916,0.014292,0.599958,2101,3548204,37939,0,2,0,2,0,0,0,0,0,0,5406,0,3510,1896,0
1849,49461,16.581583,16.185609,15.972266,0.006665,0.000418,0.000000,0.000000,0.363167,0.015000,0.625667,2126,3547641,37620,0,2,0,2,0,0,0,0,0,0,7208,0,4680,2528,0
1850,49462,16.648000,16.266543,16.000788,0.006419,0.000709,0.000000,0.000000,0.371208,0.025417,0.956707,2108,3576547,38186,0,2,0,2,0,0,0,0,0,0,5406,0,3510,1896,0
1851,49463,16.357833,15.974630,15.704283,0.007167,0.000541,0.000000,0.000000,0.680625,0.022125,0.496167,2110,3540304,37867,0,2,0,2,0,0,0,0,0,0,5406,0,3510,1896,0
1852,49464,16.798542,16.411166,15.830750,0.006201,0.000291,0.000000,0.000000,0.554083,0.014875,0.607208,2116,3536802,37531,0,2,0,2,0,0,0,0,0,0,7208,0,4680,2528,0
1853,49465,16.710000,16.315422,15.863369,0.006912,0.000625,0.000000,0.000000,0.454167,0.040791,0.614291,2119,3597568,38368,0,2,0,2,0,0,0,0,0,0,5406,0,3510,1896,0
1854,49466,16.631667,16.226178,15.838045,0.007294,0.000375,0.000000,0.000000,0.625791,0.014625,0.703875,2109,3512265,37595,0,2,0,2,0,0,0,0,0,0,5406,0,3510,1896,0
1855,49467,16.099666,15.718266,15.205934,0.007542,0.000498,0.000000,0.000000,1.160250,0.013250,1.247667,2099,3509096,37346,0,2,0,2,0,0,0,0,0,0,7208,0,4680,2528,0
1856,49468,17.369375,16.981850,15.908181,0.007827,0.000751,0.000000,0.000000,0.333625,0.013709,0.321250,2104,3578008,38190,0,2,0,2,0,0,0,0,0,0,5406,0,3510,1896,0
1857,49469,16.273750,15.882568,15.660144,0.005372,0.000541,0.000000,0.000000,0.771750,0.013334,0.911667,2151,3553804,37941,0,2,0,2,0,0,0,0,0,0,5406,0,3510,1896,0
1858,49470,16.674042,16.286704,15.600851,0.006679,0.000415,0.000000,0.000000,0.763708,0.052500,0.299750,2104,3513513,37327,0,2,0,2,0,0,0,0,0,0,7208,0,4680,2528,0
1859,49471,17.001792,16.615809,15.929981,0.007297,0.000376,0.000000,0.000000,0.469416,0.031625,1.251292,2123,3579246,38147,0,2,0,2,0,0,0,0,0,0,5406,0,3510,1896,0
1860,49472,16.454375,16.052234,15.678692,0.007541,0.000541,0.000000,0.000000,0.717958,0.023500,0.639625,2146,3520301,37798,0,2,0,2,0,0,0,0,0,0,5406,0,3510,1896,0
1861,49473,17.013125,16.620340,15.991242,0.006582,0.000583,0.000000,0.000000,0.315750,0.043000,0.900876,2131,3579176,37922,0,2,0,2,0,0,0,0,0,0,7208,0,4680,2528,0
1862,49474,16.703166,16.310168,16.094614,0.006252,0.000332,0.000000,0.000000,0.398334,0.015208,0.602874,2120,3570678,38126,0,2,0,2,0,0,0,0,0,0,5406,0,3510,1896,0
1863,49475,16.314250,15.915198,15.602743,0.006080,0.000415,0.000000,0.000000,0.671500,0.020084,0.638792,2163,3528345,37684,0,2,0,2,0,0,0,0,0,0,5406,0,3510,1896,0
1864,49476,16.506750,16.122556,15.561196,0.007084,0.000624,0.000000,0.000000,0.751125,0.032042,0.927042,2104,3528813,37491,0,2,0,2,0,0,0,0,0,0,7208,0,4680,2528,0
1865,49477,17.347875,16.953799,16.284367,0.006158,0.000667,0.000000,0.000000,0.074000,0.014459,0.640292,2123,3604653,38455,0,2,0,2,0,0,0,0,0,0,5406,0,3510,1896,0
1866,49478,16.364042,15.971158,15.974220,0.007499,0.000416,0.000000,0.000000,0.448125,0.034292,0.594833,2167,3538288,37884,0,2,0,2,0,0,0,0,0,0,5406,0,3510,1896,0
1867,49479,16.485500,16.093723,15.704759,0.006636,0.000583,0.000000,0.000000,0.577583,0.012125,0.638791,2113,3535622,37580,0,2,0,2,0,0,0,0,0,0,7208,0,4680,2528,0
1868,49480,17.050958,16.659992,16.183879,0.006657,0.000333,0.000000,0.000000,0.170375,0.053667,0.943292,2124,3593396,38306,0,2,0,2,0,0,0,0,0,0,5406,0,3510,1896,0
1869,49481,16.494209,16.100445,16.018342,0.006502,0.000374,0.000000,0.000000,0.260875,0.012791,0.633709,2176,3535710,37862,0,2,0,2,0,0,0,0,0,0,5406,0,3510,1896,0
1870,49482,16.095125,15.710116,15.542696,0.006909,0.000415,0.000000,0.000000,0.935000,0.011250,0.837251,2112,3515599,37425,0,2,0,2,0,0,0,0,0,0,7208,0,4680,2528,0
1871,49483,16.979541,16.593018,15.740749,0.006757,0.000667,0.000000,0.000000,0.567875,0.014709,0.593166,2133,3593849,38340,0,2,0,2,0,0,0,0,0,0,5406,0,3510,1896,0
1872,49484,16.513375,16.114848,15.666178,0.006712,0.000708,0.000000,0.000000,0.833625,0.048125,0.300000,2153,3527232,37769,0,2,0,2,0,0,0,0,0,0,5406,0,3510,1896,0
1873,49485,16.847625,16.462548,15.719844,0.006629,0.000376,0.000000,0.000000,0.582584,0.013000,1.280167,2117,3542839,37617,0,2,0,2,0,0,0,0,0,0,7208,0,4680,2528,0
1874,49486,17.007542,16.618939,16.155362,0.007538,0.000458,0.000000,0.000000,0.179333,0.021292,0.549208,2111,3564867,38074,0,2,0,2,0,0,0,0,0,0,5406,0,3510,1896,0
1875,49487,16.283667,15.875731,15.758165,0.006297,0.000374,0.000000,0.000000,0.689416,0.013334,0.866042,2149,3507295,37599,0,2,0,2,0,0,0,0,0,0,5406,0,3510,1896,0
1876,49488,16.520625,16.131353,15.530733,0.006620,0.000460,0.000000,0.000000,0.847125,0.014083,0.297916,2098,3519370,37405,0,2,0,2,0,0,0,0,0,0,7208,0,4680,2528,0
1877,49489,17.382208,16.989670,16.265174,0.005997,0.000583,0.000000,0.000000,0.075458,0.027709,0.931959,2118,3616723,38641,0,2,0,2,0,0,0,0,0,0,5406,0,3510,1896,0
1878,49490,16.579125,16.188205,16.097713,0.006837,0.000459,0.000000,0.000000,0.212583,0.013875,0.697083,2165,3524149,37745,0,2,0,2,0,0,0,0,0,0,5406,0,3510,1896,0
1879,49491,16.055333,15.663900,15.523473,0.006753,0.000416,0.000000,0.000000,0.790167,0.025083,0.615041,2107,3517903,37353,0,2,0,2,0,0,0,0,0,0,7208,0,4680,2528,0
1880,49492,16.935625,16.539864,15.858358,0.006909,0.000374,0.000000,0.000000,0.386084,0.029958,0.794625,2082,3584044,38279,0,2,0,2,0,0,0,0,0,0,5406,0,3510,1896,0
1881,49493,16.390792,15.998234,15.713763,0.006916,0.000417,0.000000,0.000000,0.768042,0.033791,0.461084,2165,3513635,37658,0,2,0,2,0,0,0,0,0,0,5406,0,3510,1896,0
1882,49494,16.298208,15.918733,15.247775,0.006659,0.000667,0.000000,0.000000,1.139084,0.031583,0.924042,2064,3478020,36942,0,2,0,2,0,0,0,0,0,0,7208,0,4680,2528,0
1883,49495,17.187125,16.798403,15.760318,0.007495,0.000375,0.000000,0.000000,0.511959,0.013625,0.646875,2111,3541101,37790,0,2,0,2,0,0,0,0,0,0,5406,0,3510,1896,0
1884,49496,16.540125,16.150008,15.714801,0.007961,0.000415,0.000000,0.000000,0.776709,0.014166,0.705000,2125,3483807,37298,0,2,0,2,0,0,0,0,0,0,5406,0,3510,1896,0
1885,49497,16.234209,15.857362,15.187867,0.006756,0.000541,0.000000,0.000000,1.187250,0.012333,0.302209,2092,3501938,37233,0,2,0,2,0,0,0,0,0,0,7208,0,4680,2528,0
1886,49498,17.273250,16.890401,15.780948,0.006740,0.000334,0.000000,0.000000,0.608666,0.014500,0.613000,2092,3532770,37760,0,2,0,2,0,0,0,0,0,0,5406,0,3510,1896,0
1887,49499,16.538875,16.136275,15.643319,0.007246,0.000374,0.000000,0.000000,0.630250,0.014166,0.936583,2162,3489177,37395,0,2,0,2,0,0,0,0,0,0,5406,0,3510,1896,0
1888,49500,17.892125,17.495044,16.778963,0.006999,0.000667,0.000000,0.000000,0.084833,0.025458,0.664542,2061,3495788,37100,0,2,0,2,0,0,0,0,0,0,7208,0,4680,2528,0
1889,49501,18.533333,18.085673,17.692188,0.006789,0.000626,0.000000,0.000000,0.094167,0.017958,0.802750,2120,3536446,37797,0,2,0,2,0,0,0,0,0,0,5406,0,3510,1896,0
1890,49502,16.162583,15.762529,15.715574,0.007254,0.000375,0.000000,0.000000,0.089834,0.012708,0.300916,2139,3488204,37386,0,2,0,2,0,0,0,0,0,0,5406,0,3510,1896,0
1891,49503,16.084292,15.709104,15.691364,0.007128,0.000625,0.000000,0.000000,0.074292,0.013375,0.803208,2102,3535064,37441,0,2,0,2,0,0,0,0,0,0,7208,0,4680,2528,0
1892,49504,16.026958,15.642620,15.656647,0.007205,0.000416,0.000000,0.000000,0.078917,0.014917,0.295375,2072,3490052,37325,0,2,0,2,0,0,0,0,0,0,5406,0,3510,1896,0
1893,49505,16.805209,16.409175,16.386184,0.006625,0.000626,0.000000,0.000000,0.087625,0.015291,0.583000,2111,3516376,37648,0,2,0,2,0,0,0,0,0,0,5406,0,3510,1896,0
1894,49506,16.294750,15.907921,15.888408,0.006788,0.000541,0.000000,0.000000,0.081375,0.014166,0.900042,2103,3541242,37510,0,2,0,2,0,0,0,0,0,0,7208,0,4680,2528,0
1895,49507,15.824250,15.442848,15.469073,0.007122,0.000544,0.000000,0.000000,0.372375,0.014500,0.639750,2085,3487326,37281,0,2,0,2,0,0,0,0,0,0,5406,0,3510,1896,0
1896,49508,16.023125,15.625955,15.364376,0.006172,0.000374,0.000000,0.000000,1.063833,0.013042,0.630875,2093,3494426,37292,0,2,0,2,0,0,0,0,0,0,7004,0,4536,2468,0
1897,49509,17.169125,16.788286,15.817903,0.007206,0.000418,0.000000,0.000000,0.526708,0.022750,0.629625,2090,3591071,38034,0,2,0,2,0,0,0,0,0,0,5610,0,3654,1956,0
1898,49510,16.397875,16.016835,15.576661,0.007425,0.000460,0.000000,0.000000,0.744166,0.019375,0.958166,2095,3494599,37457,0,2,0,2,0,0,0,0,0,0,5406,0,3510,1896,0
1899,49511,16.027000,15.652176,15.010142,0.006627,0.000457,0.000000,0.000000,1.534375,0.018958,0.487375,2074,3479376,36930,0,2,0,2,0,0,0,0,0,0,7208,0,4680,2528,0
1900,49512,17.122416,16.743368,15.323969,0.007792,0.000460,0.000000,0.000000,1.013959,0.021208,0.595876,2092,3530838,37795,0,2,0,2,0,0,0,0,0,0,5406,0,3510,1896,0
1901,49513,17.453709,17.067951,16.123797,0.006791,0.000917,0.000000,0.000000,0.087791,0.014834,0.639541,2102,3540005,37744,0,2,0,2,0,0,0,0,0,0,5406,0,3510,1896,0
1902,49514,15.633000,15.248147,15.229437,0.007204,0.000376,0.000000,0.000000,1.325208,0.014292,0.920334,2102,3501636,37261,0,2,0,2,0,0,0,0,0,0,7208,0,4680,2528,0
1903,49515,17.320166,16.939211,15.711335,0.006961,0.000459,0.000000,0.000000,0.627417,0.013750,0.912083,2106,3542093,37845,0,2,0,2,0,0,0,0,0,0,5406,0,3510,1896,0
1904,49516,15.757875,15.383442,14.868347,0.007416,0.000418,0.000000,0.000000,1.454875,0.015375,0.310292,2065,3469984,37121,0,2,0,2,0,0,0,0,0,0,5406,0,3510,1896,0
1905,49517,16.794209,16.417107,15.089545,0.006581,0.000416,0.000000,0.000000,1.387416,0.013000,0.900125,2087,3504589,37262,0,2,0,2,0,0,0,0,0,0,7208,0,4680,2528,0
1906,49518,17.242208,16.859325,15.543474,0.006787,0.000377,0.000000,0.000000,0.795125,0.013417,0.292458,2116,3539825,37791,0,2,0,2,0,0,0,0,0,0,5406,0,3510,1896,0
1907,49519,15.893958,15.520816,14.824332,0.007505,0.000374,0.000000,0.000000,1.603959,0.014208,1.263500,2068,3431530,36849,0,2,0,2,0,0,0,0,0,0,5406,0,3510,1896,0
1908,49520,18.874667,18.496219,16.997980,0.005913,0.000499,0.000000,0.000000,0.077500,0.015208,0.647292,2093,4093138,42835,0,2,0,2,0,0,0,0,0,0,7208,0,4680,2528,0
1909,49521,15.811875,15.432578,15.409832,0.006627,0.000500,0.000000,0.000000,0.246833,0.013084,0.598625,2096,3507680,37635,0,2,0,2,0,0,0,0,0,0,5406,0,3510,1896,0
1910,49522,16.004417,15.612659,15.463119,0.007672,0.000541,0.000000,0.000000,0.799166,0.013125,0.586542,2133,3521866,37552,0,2,0,2,0,0,0,0,0,0,5406,0,3510,1896,0
1911,49523,16.596291,16.206839,15.520924,0.006959,0.000499,0.000000,0.000000,0.956834,0.014125,0.612750,2094,3485174,36965,0,2,0,2,0,0,0,0,0,0,7208,0,4680,2528,0
1912,49524,16.960792,16.572805,15.731990,0.007489,0.000667,0.000000,0.000000,0.660250,0.012833,0.912457,2081,3541890,37830,0,2,0,2,0,0,0,0,0,0,5406,0,3510,1896,0
1913,49525,16.708750,16.308625,15.754054,0.007202,0.000500,0.000000,0.000000,0.632917,0.014250,0.643500,2143,3496849,37452,0,2,0,2,0,0,0,0,0,0,5406,0,3510,1896,0
1914,49526,16.178833,15.794579,15.262327,0.007537,0.000416,0.000000,0.000000,1.106417,0.023458,0.602459,2066,3467792,36864,0,2,0,2,0,0,0,0,0,0,7208,0,4680,2528,0
1915,49527,17.316167,16.922459,15.920269,0.007371,0.000500,0.000000,0.000000,0.457000,0.013083,0.633458,2094,3536174,37732,0,2,0,2,0,0,0,0,0,0,5406,0,3510,1896,0
1916,49528,16.598208,16.199133,15.830010,0.007125,0.000666,0.000000,0.000000,0.434584,0.013875,0.587666,2152,3492209,37440,0,2,0,2,0,0,0,0,0,0,5406,0,3510,1896,0
1917,49529,17.251959,16.859164,16.488988,0.007663,0.001041,0.000000,0.000000,0.139541,0.035250,0.905624,2064,3482451,36979,0,2,0,2,0,0,0,0,0,0,7208,0,4680,2528,0
1918,49530,18.892708,18.483378,18.359233,0.007789,0.000417,0.000000,0.000000,0.073667,0.014166,0.291166,2110,3527832,37765,0,2,0,2,0,0,0,0,0,0,5406,0,3510,1896,0
1919,49531,16.301708,15.898647,15.885296,0.008290,0.000542,0.000000,0.000000,0.077625,0.013167,0.906417,2105,3475153,37129,0,2,0,2,0,0,0,0,0,0,5406,0,3510,1896,0
1920,49532,16.487084,16.067373,16.103194,0.008295,0.000416,0.000000,0.000000,0.080750,0.013791,0.290459,2093,3498936,36723,0,2,0,2,0,0,0,0,0,0,7465,0,4680,2785,0
1921,49533,18.688083,18.266999,18.305630,0.007083,0.000667,0.000000,0.000000,0.086083,0.016167,1.218458,2097,3963443,41019,0,2,0,2,0,0,0,0,0,0,5565,0,3510,2055,0
1922,49534,19.505083,19.049351,19.072145,0.007328,0.000500,0.000000,0.000000,0.080834,0.041958,0.951583,2264,3837363,40975,0,2,0,2,0,0,0,0,0,0,5406,0,3510,1896,0
1923,49535,16.837417,16.435241,16.459768,0.007673,0.000708,0.000000,0.000000,0.086792,0.019208,0.603001,2113,3453776,36405,0,2,0,2,0,0,0,0,0,0,7208,0,4680,2528,0
1924,49536,17.044583,16.618434,16.662241,0.007248,0.000458,0.000000,0.000000,0.097250,0.022750,0.290292,2127,3550188,37745,0,2,0,2,0,0,0,0,0,0,5406,0,3510,1896,0
1925,49537,18.485542,18.032989,18.055390,0.007114,0.000417,0.000000,0.000000,0.082875,0.021042,1.225958,2246,3638881,38853,0,2,0,2,0,0,0,0,0,0,5406,0,3510,1896,0
1926,49538,16.723167,16.316579,16.333177,0.007418,0.000625,0.000000,0.000000,0.079416,0.013834,0.367917,2135,3587641,38021,0,2,0,2,0,0,0,0,0,0,7208,0,4680,2528,0
1927,49539,16.326166,15.927453,15.966210,0.007124,0.000418,0.000000,0.000000,0.077000,0.025834,1.277541,2145,3630552,38720,0,2,0,2,0,0,0,0,0,0,5406,0,3510,1896,0
1928,49540,16.495834,16.089439,16.106554,0.007784,0.000667,0.000000,0.000000,0.079625,0.014041,0.326875,2195,3602496,38385,0,2,0,2,0,0,0,0,0,0,5406,0,3510,1896,0
1929,49541,15.934833,15.542465,15.572114,0.007334,0.000332,0.000000,0.000000,0.075375,0.016875,0.979376,2111,3541792,37726,0,2,0,2,0,0,0,0,0,0,7208,0,4680,2528,0
1930,49542,16.486250,16.094749,16.121501,0.007457,0.000375,0.000000,0.000000,0.074792,0.023416,0.315833,2108,3561327,38000,0,2,0,2,0,0,0,0,0,0,5406,0,3510,1896,0
1931,49543,15.675917,15.271493,15.310212,0.007545,0.000751,0.000000,0.000000,0.073791,0.016542,1.012792,2120,3492084,37356,0,2,0,2,0,0,0,0,0,0,5406,0,3510,1896,0
1932,49544,15.993083,15.603391,15.636983,0.007339,0.000665,0.000000,0.000000,0.074708,0.013750,0.669000,2088,3537134,37471,0,2,0,2,0,0,0,0,0,0,7208,0,4680,2528,0
1933,49545,16.332458,15.942310,15.975390,0.007457,0.000332,0.000000,0.000000,0.081459,0.016416,0.603417,2093,3546414,37854,0,2,0,2,0,0,0,0,0,0,5406,0,3510,1896,0
1934,49546,16.064750,15.664733,15.689120,0.007455,0.000708,0.000000,0.000000,0.075292,0.023000,0.584083,2136,3502358,37460,0,2,0,2,0,0,0,0,0,0,5406,0,3510,1896,0
1935,49547,15.926459,15.538129,15.567854,0.006703,0.000375,0.000000,0.000000,0.072708,0.014125,0.610291,2081,3508938,37204,0,2,0,2,0,0,0,0,0,0,7208,0,4680,2528,0
1936,49548,16.477541,16.083000,16.116725,0.007163,0.000542,0.000000,0.000000,0.072084,0.014291,0.902292,2105,3589659,38292,0,2,0,2,0,0,0,0,0,0,5406,0,3510,1896,0
1937,49549,16.298334,15.901095,15.886291,0.007246,0.000585,0.000000,0.000000,0.094500,0.029291,0.490583,2125,3500139,37416,0,2,0,2,0,0,0,0,0,0,5406,0,3510,1896,0
1938,49550,15.940166,15.553570,15.586120,0.007078,0.000751,0.000000,0.000000,0.068500,0.013625,0.586416,2083,3481339,36971,0,2,0,2,0,0,0,0,0,0,7208,0,4680,2528,0
1939,49551,15.558875,15.169389,15.199076,0.006917,0.000418,0.000000,0.000000,0.077917,0.015458,0.346792,2088,3553915,37388,0,2,0,2,0,0,0,0,0,0,5565,0,3510,2055,0
1940,49552,17.559625,17.170462,17.178753,0.006792,0.000499,0.000000,0.000000,0.075792,0.014250,0.913042,2105,3805740,40006,0,2,0,2,0,0,0,0,0,0,5406,0,3510,1896,0
1941,49553,15.769709,15.384287,15.422603,0.007379,0.000417,0.000000,0.000000,0.087625,0.012958,0.609625,2054,3478106,36724,0,2,0,2,0,0,0,0,0,0,7208,0,4680,2528,0
1942,49554,16.198833,15.809064,15.832898,0.007877,0.000459,0.000000,0.000000,0.081792,0.017333,0.606916,2103,3490865,37282,0,2,0,2,0,0,0,0,0,0,5406,0,3510,1896,0
1943,49555,15.683708,15.296937,15.334248,0.007222,0.000584,0.000000,0.000000,0.072167,0.016833,0.291083,2093,3465674,36919,0,2,0,2,0,0,0,0,0,0,5406,0,3510,1896,0
1944,49556,16.332667,15.943805,15.969007,0.006784,0.000459,0.000000,0.000000,0.076875,0.015500,0.981251,2102,3557464,37595,0,2,0,2,0,0,0,0,0,0,7208,0,4680,2528,0
1945,49557,15.666000,15.280871,15.312133,0.007116,0.000709,0.000000,0.000000,1.026458,0.014584,0.664333,2062,3459938,36855,0,2,0,2,0,0,0,0,0,0,5406,0,3510,1896,0
1946,49558,16.204458,15.815937,14.899395,0.007041,0.000376,0.000000,0.000000,1.300042,0.013375,0.825959,2101,3468461,36403,0,2,0,2,0,0,0,0,0,0,5535,0,3510,2025,0
1947,49559,17.755417,17.367255,16.183877,0.006380,0.000542,0.000000,0.000000,0.346542,0.014208,0.502959,2087,3741526,38483,0,2,0,2,0,0,0,0,0,0,7430,0,4680,2750,0
1948,49560,17.503583,17.107139,16.853830,0.006752,0.000333,0.000000,0.000000,0.084542,0.020458,0.653000,2136,3808536,40300,0,2,0,2,0,0,0,0,0,0,5406,0,3510,1896,0
1949,49561,15.577709,15.190229,15.226200,0.007332,0.000459,0.000000,0.000000,0.579000,0.013208,0.318083,2076,3487938,37235,0,2,0,2,0,0,0,0,0,0,7004,0,4536,2468,0
1950,49562,16.948833,16.557667,16.087823,0.006953,0.000542,0.000000,0.000000,0.200458,0.028334,0.620375,2099,3577086,37884,0,2,0,2,0,0,0,0,0,0,5610,0,3654,1956,0
1951,49563,15.669333,15.280595,15.197299,0.006832,0.000501,0.000000,0.000000,1.309250,0.014250,1.230501,2088,3499648,37480,0,2,0,2,0,0,0,0,0,0,5406,0,3510,1896,0
1952,49564,17.656875,17.263375,15.968894,0.007339,0.000418,0.000000,0.000000,0.195042,0.018167,0.309375,2123,3560241,37599,0,2,0,2,0,0,0,0,0,0,9249,0,4680,4569,0
1953,49565,16.312625,15.917292,15.826049,0.007344,0.000707,0.000000,0.000000,0.694167,0.021458,0.958583,2125,3560154,37963,0,2,0,2,0,0,0,0,0,0,5406,0,3510,1896,0
1954,49566,16.620417,16.228152,15.619148,0.007081,0.000583,0.000000,0.000000,0.663250,0.018958,0.314500,2089,3498963,37423,0,2,0,2,0,0,0,0,0,0,5406,0,3510,1896,0
1955,49567,16.274208,15.886257,15.318381,0.007290,0.000375,0.000000,0.000000,1.066875,0.014209,1.154458,2088,3509495,37207,0,2,0,2,0,0,0,0,0,0,7208,0,4680,2528,0
1956,49568,17.622917,17.229269,16.257888,0.007326,0.000542,0.000000,0.000000,0.086292,0.020333,0.618292,2104,3597237,38211,0,2,0,2,0,0,0,0,0,0,5406,0,3510,1896,0
1957,49569,15.852042,15.459932,15.500242,0.006956,0.000459,0.000000,0.000000,0.887791,0.012959,0.585500,2094,3511259,37567,0,2,0,2,0,0,0,0,0,0,5406,0,3510,1896,0
1958,49570,16.625208,16.232227,15.428017,0.007748,0.000624,0.000000,0.000000,0.900167,0.047625,0.901167,2099,3502172,37138,0,2,0,2,0,0,0,0,0,0,7208,0,4680,2528,0
1959,49571,17.214083,16.810732,15.997554,0.007164,0.000584,0.000000,0.000000,0.550959,0.014166,0.612291,2107,3570079,38153,0,2,0,2,0,0,0,0,0,0,5406,0,3510,1896,0
1960,49572,17.128542,16.728026,16.233399,0.007498,0.000458,0.000000,0.000000,0.098583,0.020500,0.600041,2139,3568711,38005,0,2,0,2,0,0,0,0,0,0,5406,0,3510,1896,0
1961,49573,16.646292,16.250905,16.205946,0.007705,0.000708,0.000000,0.000000,0.070208,0.023917,0.292083,2104,3522741,37307,0,2,0,2,0,0,0,0,0,0,7208,0,4680,2528,0
1962,49574,16.555583,16.159461,16.170888,0.006787,0.000418,0.000000,0.000000,0.073958,0.013834,0.586166,2126,3589106,38222,0,2,0,2,0,0,0,0,0,0,5406,0,3510,1896,0
1963,49575,15.839833,15.443975,15.458367,0.007126,0.000335,0.000000,0.000000,0.930792,0.014417,0.292375,2113,3508725,37536,0,2,0,2,0,0,0,0,0,0,5406,0,3510,1896,0
1964,49576,17.150334,16.741306,15.914712,0.007090,0.000416,0.000000,0.000000,0.336041,0.018834,0.901500,2107,3558229,37635,0,2,0,2,0,0,0,0,0,0,7208,0,4680,2528,0
1965,49577,16.487375,16.078525,15.851335,0.007038,0.000377,0.000000,0.000000,0.623500,0.014208,0.610209,2118,3594672,38215,0,2,0,2,0,0,0,0,0,0,5406,0,3510,1896,0
1966,49578,16.057708,15.682240,15.167038,0.006707,0.000291,0.000000,0.000000,1.234292,0.013041,0.781166,2154,3523207,37620,0,2,0,2,0,0,0,0,0,0,5406,0,3510,1896,0
1967,49579,16.054125,15.675249,14.494888,0.006672,0.000542,0.000000,0.000000,1.824167,0.012791,0.983208,2098,3527146,37058,0,2,0,2,0,0,0,0,0,0,7465,0,4680,2785,0
1968,49580,18.816125,18.435170,16.686507,0.006255,0.000502,0.000000,0.000000,0.076958,0.014459,0.308708,2101,4009250,41848,0,2,0,2,0,0,0,0,0,0,5406,0,3510,1896,0
1969,49581,15.867125,15.485402,15.508984,0.006043,0.000334,0.000000,0.000000,0.453875,0.020417,0.998417,2109,3536734,37291,0,2,0,2,0,0,0,0,0,0,5406,0,3510,1896,0
1970,49582,16.003250,15.628323,15.267164,0.006875,0.000459,0.000000,0.000000,1.058542,0.014833,0.660208,2070,3548088,37180,0,2,0,2,0,0,0,0,0,0,7208,0,4680,2528,0
1971,49583,16.510083,16.137624,15.192193,0.006790,0.000501,0.000000,0.000000,1.302584,0.018500,0.925375,2055,3563761,37681,0,2,0,2,0,0,0,0,0,0,5406,0,3510,1896,0
1972,49584,17.072834,16.680185,15.458317,0.006505,0.000625,0.000000,0.000000,0.931000,0.012500,0.610000,2126,3593804,37991,0,2,0,2,0,0,0,0,0,0,5406,0,3510,1896,0
1973,49585,16.424083,16.048996,15.222637,0.006496,0.000459,0.000000,0.000000,1.094625,0.017083,0.880791,2082,3519928,36871,0,2,0,2,0,0,0,0,0,0,7208,0,4680,2528,0
1974,49586,16.834833,16.461717,15.459452,0.007423,0.000583,0.000000,0.000000,1.090042,0.017167,0.900792,2060,3580489,37917,0,2,0,2,0,0,0,0,0,0,5406,0,3510,1896,0
1975,49587,16.911584,16.489720,15.469281,0.006788,0.000582,0.000000,0.000000,0.690958,0.031708,0.623500,2122,3526011,37350,0,2,0,2,0,0,0,0,0,0,5406,0,3510,1896,0
1976,49588,16.151833,15.817241,15.183759,0.007627,0.000374,0.000000,0.000000,1.200875,0.021833,0.581000,2078,3530671,36914,0,2,0,2,0,0,0,0,0,0,7208,0,4680,2528,0
1977,49589,16.324667,15.953686,14.845165,0.006420,0.000416,0.000000,0.000000,1.426625,0.019250,0.289917,2059,3564962,37194,0,2,0,2,0,0,0,0,0,0,5863,0,3510,2353,0
1978,49590,17.758958,17.389446,16.051818,0.006503,0.000374,0.000000,0.000000,0.503958,0.012959,0.583833,2042,3796617,39309,0,2,0,2,0,0,0,0,0,0,5406,0,3510,1896,0
1979,49591,15.947542,15.579913,15.161415,0.006542,0.000584,0.000000,0.000000,1.085500,0.017750,0.607959,2039,3506386,36838,0,2,0,2,0,0,0,0,0,0,7208,0,4680,2528,0
1980,49592,16.735833,16.364154,15.366524,0.007787,0.000541,0.000000,0.000000,1.168208,0.013667,0.903875,2054,3588977,37887,0,2,0,2,0,0,0,0,0,0,5406,0,3510,1896,0
1981,49593,16.746792,16.359842,15.306959,0.007664,0.000417,0.000000,0.000000,1.157875,0.022916,0.306417,2112,3512906,37231,0,2,0,2,0,0,0,0,0,0,5406,0,3510,1896,0
1982,49594,16.532708,16.165094,15.107987,0.006752,0.000416,0.000000,0.000000,1.282208,0.014375,0.585667,2050,3506156,36849,0,2,0,2,0,0,0,0,0,0,7208,0,4680,2528,0
1983,49595,16.972792,16.594489,15.440358,0.006082,0.000709,0.000000,0.000000,0.878791,0.033000,1.185958,2057,3560978,37708,0,2,0,2,0,0,0,0,0,0,5406,0,3510,1896,0
1984,49596,15.950541,15.573015,14.776563,0.007669,0.000583,0.000000,0.000000,1.694000,0.021125,0.293000,2104,3515688,36831,0,2,0,2,0,0,0,0,0,0,5565,0,3510,2055,0
1985,49597,18.168209,17.792509,16.208601,0.006498,0.000458,0.000000,0.000000,0.068458,0.020375,0.827917,2068,3779181,38800,0,2,0,2,0,0,0,0,0,0,7208,0,4680,2528,0
1986,49598,15.393708,15.022830,15.062000,0.007571,0.000293,0.000000,0.000000,1.436500,0.014208,0.318042,2049,3541080,37440,0,2,0,2,0,0,0,0,0,0,5406,0,3510,1896,0
1987,49599,16.824667,16.441183,15.122002,0.008205,0.000500,0.000000,0.000000,1.261833,0.024583,0.997459,2110,3484308,36824,0,2,0,2,0,0,0,0,0,0,5406,0,3510,1896,0
1988,49600,16.670791,16.294029,15.151282,0.006419,0.000752,0.000000,0.000000,1.072667,0.039542,0.322459,2068,3527079,36857,0,2,0,2,0,0,0,0,0,0,7208,0,4680,2528,0
1989,49601,16.673875,16.297783,15.311203,0.007007,0.000709,0.000000,0.000000,1.261667,0.039958,1.330792,2069,3518407,37106,0,2,0,2,0,0,0,0,0,0,5406,0,3510,1896,0
1990,49602,16.489709,16.084656,14.911042,0.007570,0.000332,0.000000,0.000000,1.424708,0.029750,0.993250,2090,3442605,36441,0,2,0,2,0,0,0,0,0,0,5406,0,3510,1896,0
1991,49603,17.408291,17.027305,15.695679,0.007956,0.001083,0.000000,0.000000,0.566500,0.015125,0.292750,2043,3431046,35930,0,2,0,2,0,0,0,0,0,0,7208,0,4680,2528,0
1992,49604,17.304209,16.925715,16.507798,0.007578,0.000459,0.000000,0.000000,0.096583,0.014125,0.584542,2038,3539509,37284,0,2,0,2,0,0,0,0,0,0,5406,0,3510,1896,0
1993,49605,15.303333,14.930786,14.969165,0.007160,0.000335,0.000000,0.000000,1.375917,0.021083,0.614625,2085,3415864,36158,0,2,0,2,0,0,0,0,0,0,5406,0,3510,1896,0
1994,49606,16.654708,16.290656,15.028963,0.006710,0.000584,0.000000,0.000000,1.354125,0.014334,0.918917,2027,3459699,36289,0,2,0,2,0,0,0,0,0,0,7208,0,4680,2528,0
1995,49607,17.134709,16.765127,15.517541,0.007261,0.000334,0.000000,0.000000,0.834041,0.013625,0.402542,2020,3451097,36434,0,2,0,2,0,0,0,0,0,0,5406,0,3510,1896,0
1996,49608,16.158583,15.784230,15.058113,0.007170,0.000332,0.000000,0.000000,1.426833,0.012125,0.585833,2077,3455946,36471,0,2,0,2,0,0,0,0,0,0,5406,0,3510,1896,0
1997,49609,24.450583,24.088247,22.686782,0.006586,0.000500,0.000000,0.000000,0.079584,0.021416,0.909917,2009,3447221,36107,0,2,0,2,0,0,0,0,0,0,7208,0,4680,2528,0
1998,49610,14.988667,14.622766,14.648812,0.008042,0.000666,0.000000,0.000000,0.066625,0.019125,0.577417,2033,3410604,36090,0,2,0,2,0,0,0,0,0,0,5406,0,3510,1896,0
1999,49611,15.017500,14.647043,14.685018,0.006543,0.000459,0.000000,0.000000,0.079958,0.021125,1.227625,2052,3406321,36177,0,2,0,2,0,0,0,0,0,0,5406,0,3510,1896,0
2000,49612,15.162208,14.796281,14.835956,0.006416,0.000291,0.000000,0.000000,0.058875,0.012417,0.307250,2033,3504461,36556,0,2,0,2,0,0,0,0,0,0,7208,0,4680,2528,0
2001,49613,14.857834,14.493020,14.529850,0.007582,0.000250,0.000000,0.000000,0.359500,0.013750,0.904042,2009,3410957,36099,0,2,0,2,0,0,0,0,0,0,5406,0,3510,1896,0
2002,49614,14.901208,14.537644,14.287036,0.007626,0.000292,0.000000,0.000000,2.051667,0.011583,0.292084,2032,3404562,35951,0,2,0,2,0,0,0,0,0,0,7004,0,4536,2468,0
2003,49615,16.849958,16.487603,14.528363,0.006580,0.000335,0.000000,0.000000,1.983000,0.013792,1.221084,2018,3462173,36341,0,2,0,2,0,0,0,0,0,0,5610,0,3654,1956,0
2004,49616,17.073834,16.708942,14.774536,0.007413,0.000415,0.000000,0.000000,1.301666,0.012792,0.608708,2023,3429671,36259,0,2,0,2,0,0,0,0,0,0,5406,0,3510,1896,0
2005,49617,16.019208,15.663398,14.451347,0.006705,0.000459,0.000000,0.000000,2.092292,0.013083,0.585875,2023,3429770,35914,0,2,0,2,0,0,0,0,0,0,7208,0,4680,2528,0
2006,49618,16.944833,16.585735,14.580681,0.006831,0.000251,0.000000,0.000000,1.759792,0.012708,0.590709,2012,3477254,36621,0,2,0,2,0,0,0,0,0,0,5406,0,3510,1896,0
2007,49619,16.148292,15.788590,14.106192,0.006671,0.000333,0.000000,0.000000,2.449708,0.011834,0.612083,2006,3404579,36050,0,2,0,2,0,0,0,0,0,0,5406,0,3510,1896,0
2008,49620,17.133000,16.777007,14.414329,0.006998,0.000375,0.000000,0.000000,1.900958,0.011875,0.901958,2008,3420096,35786,0,2,0,2,0,0,0,0,0,0,7208,0,4680,2528,0
2009,49621,16.462083,16.104510,14.301241,0.006788,0.000376,0.000000,0.000000,2.059667,0.011875,0.609917,2009,3463868,36627,0,2,0,2,0,0,0,0,0,0,5406,0,3510,1896,0
2010,49622,16.667375,16.305713,14.326501,0.006964,0.000291,0.000000,0.000000,2.216667,0.013250,0.624084,2018,3415234,36026,0,2,0,2,0,0,0,0,0,0,5406,0,3510,1896,0
2011,49623,16.557834,16.202922,14.080200,0.007376,0.000417,0.000000,0.000000,2.321708,0.013167,0.486750,2004,3383857,35473,0,2,0,2,0,0,0,0,0,0,7208,0,4680,2528,0
2012,49624,17.207041,16.846690,14.650656,0.007043,0.000500,0.000000,0.000000,1.568209,0.011791,0.891750,2000,3472041,36617,0,2,0,2,0,0,0,0,0,0,5406,0,3510,1896,0
2013,49625,15.907959,15.549690,14.077554,0.007079,0.000501,0.000000,0.000000,2.389125,0.014458,0.611875,1996,3384620,35805,0,2,0,2,0,0,0,0,0,0,5406,0,3510,1896,0
2014,49626,16.769083,16.412110,14.116700,0.006960,0.000333,0.000000,0.000000,2.212167,0.011416,0.787916,2010,3387791,35532,0,2,0,2,0,0,0,0,0,0,7208,0,4680,2528,0
2015,49627,16.561125,16.197071,14.058558,0.006956,0.000418,0.000000,0.000000,2.422458,0.012875,0.591126,2014,3471996,36608,0,2,0,2,0,0,0,0,0,0,5551,0,3510,2041,0
2016,49628,18.515417,18.143304,15.816431,0.007668,0.000419,0.000000,0.000000,0.628916,0.015250,0.295542,2056,3776129,39076,0,2,0,2,0,0,0,0,0,0,5406,0,3510,1896,0
2017,49629,15.011125,14.651745,14.143690,0.007166,0.000375,0.000000,0.000000,2.221750,0.013958,0.586792,2010,3393940,35711,0,2,0,2,0,0,0,0,0,0,7208,0,4680,2528,0
2018,49630,16.620125,16.264397,14.157941,0.007420,0.000499,0.000000,0.000000,2.293875,0.014000,0.610000,2003,3437209,35926,0,2,0,2,0,0,0,0,0,0,5602,0,3510,2092,0
2019,49631,17.959125,17.593246,15.410793,0.006874,0.000334,0.000000,0.000000,0.930166,0.013417,0.623541,2044,3677388,38370,0,2,0,2,0,0,0,0,0,0,5406,0,3510,1896,0
2020,49632,15.832958,15.448479,14.603913,0.006089,0.000373,0.000000,0.000000,1.838292,0.037458,0.303208,2020,3453796,36209,0,2,0,2,0,0,0,0,0,0,7208,0,4680,2528,0
2021,49633,17.767917,17.392309,15.530587,0.006497,0.000792,0.000000,0.000000,0.905000,0.014041,0.586250,2009,3451804,36436,0,2,0,2,0,0,0,0,0,0,5406,0,3510,1896,0
2022,49634,15.694708,15.337036,14.523681,0.007671,0.000377,0.000000,0.000000,1.738667,0.012833,0.620251,2044,3404602,36020,0,2,0,2,0,0,0,0,0,0,5406,0,3510,1896,0
2023,49635,16.368917,16.009415,14.319703,0.006244,0.000500,0.000000,0.000000,2.012583,0.012708,0.608916,2014,3405783,35792,0,2,0,2,0,0,0,0,0,0,7208,0,4680,2528,0
2024,49636,17.056375,16.696041,14.760092,0.007121,0.000419,0.000000,0.000000,1.385666,0.013000,0.720374,2000,3485871,36833,0,2,0,2,0,0,0,0,0,0,5406,0,3510,1896,0
2025,49637,16.695250,16.317889,15.009361,0.007259,0.000708,0.000000,0.000000,1.513416,0.013834,0.638667,2059,3412402,36161,0,2,0,2,0,0,0,0,0,0,5406,0,3510,1896,0
2026,49638,16.808041,16.439950,15.033477,0.007702,0.000417,0.000000,0.000000,1.361125,0.013542,0.628041,2002,3398342,35469,0,2,0,2,0,0,0,0,0,0,7208,0,4680,2528,0
2027,49639,17.415584,17.038819,15.748198,0.007748,0.000667,0.000000,0.000000,0.624708,0.019417,0.637417,2005,3523234,36964,0,2,0,2,0,0,0,0,0,0,5406,0,3510,1896,0
2028,49640,16.432375,16.050688,15.540528,0.006916,0.000667,0.000000,0.000000,0.821500,0.013875,0.944709,2052,3480740,36682,0,2,0,2,0,0,0,0,0,0,5406,0,3510,1896,0
2029,49641,16.391916,16.019543,15.252908,0.007458,0.000375,0.000000,0.000000,1.129250,0.014709,0.323041,2026,3424441,35932,0,2,0,2,0,0,0,0,0,0,7208,0,4680,2528,0
2030,49642,16.483000,16.119723,15.107597,0.010706,0.000625,0.000000,0.000000,1.166084,0.013750,0.603666,2014,3493012,36027,0,2,0,2,0,0,0,0,0,0,5586,0,3510,2076,0
2031,49643,17.921167,17.549151,16.312704,0.007164,0.000625,0.000000,0.000000,0.070000,0.018708,1.227708,2017,3773223,39319,0,2,0,2,0,0,0,0,0,0,5406,0,3510,1896,0
2032,49644,15.819958,15.442184,15.412907,0.007589,0.000375,0.000000,0.000000,0.826917,0.015625,0.655083,2034,3497435,36405,0,2,0,2,0,0,0,0,0,0,7208,0,4680,2528,0
2033,49645,17.130209,16.751272,15.983459,0.006960,0.000584,0.000000,0.000000,0.316125,0.019625,0.783042,2021,3552604,37152,0,2,0,2,0,0,0,0,0,0,5406,0,3510,1896,0
2034,49646,16.122375,15.739709,15.531320,0.006798,0.000499,0.000000,0.000000,1.029000,0.047791,0.291959,2074,3505157,36807,0,2,0,2,0,0,0,0,0,0,5406,0,3510,1896,0
2035,49647,16.639041,16.252839,15.292042,0.007127,0.000542,0.000000,0.000000,0.987709,0.021291,0.885250,2048,3514092,36627,0,2,0,2,0,0,0,0,0,0,7208,0,4680,2528,0
2036,49648,16.872750,16.513903,15.624700,0.007916,0.000542,0.000000,0.000000,0.821709,0.014000,0.290625,2039,3600912,37676,0,2,0,2,0,0,0,0,0,0,5406,0,3510,1896,0
2037,49649,16.326250,15.942767,15.215377,0.007080,0.000500,0.000000,0.000000,1.072167,0.019208,0.902166,2080,3491864,36668,0,2,0,2,0,0,0,0,0,0,5406,0,3510,1896,0
2038,49650,16.360750,15.999291,15.025943,0.006244,0.000542,0.000000,0.000000,1.469250,0.013459,0.949542,2045,3507280,36519,0,2,0,2,0,0,0,0,0,0,7208,0,4680,2528,0
2039,49651,17.155750,16.752141,15.404848,0.006880,0.000376,0.000000,0.000000,0.875792,0.018625,0.642291,2035,3557320,37189,0,2,0,2,0,0,0,0,0,0,5406,0,3510,1896,0
2040,49652,16.394084,16.016073,15.260450,0.007254,0.000624,0.000000,0.000000,1.256250,0.013208,0.910667,2090,3535726,37161,0,2,0,2,0,0,0,0,0,0,5406,0,3510,1896,0
2041,49653,16.556208,16.184229,15.042338,0.006756,0.000583,0.000000,0.000000,1.352500,0.024042,0.292125,2037,3489612,36422,0,2,0,2,0,0,0,0,0,0,7208,0,4680,2528,0
2042,49654,17.168833,16.793595,15.539596,0.007708,0.000502,0.000000,0.000000,0.854792,0.025250,0.918584,2030,3556259,37311,0,2,0,2,0,0,0,0,0,0,5406,0,3510,1896,0
2043,49655,16.446709,16.068331,15.236097,0.007427,0.000459,0.000000,0.000000,0.940208,0.033708,0.483875,2089,3495348,36656,0,2,0,2,0,0,0,0,0,0,5406,0,3510,1896,0
2044,49656,16.398958,16.027359,15.153814,0.007909,0.000542,0.000000,0.000000,1.336292,0.044541,0.588500,2041,3503998,36613,0,2,0,2,0,0,0,0,0,0,7208,0,4680,2528,0
2045,49657,17.134250,16.759085,15.508171,0.007667,0.000416,0.000000,0.000000,0.709250,0.047583,0.291083,2041,3577758,37214,0,2,0,2,0,0,0,0,0,0,5406,0,3510,1896,0
2046,49658,16.226833,15.851880,15.232691,0.006874,0.000459,0.000000,0.000000,1.228792,0.030042,0.899666,2076,3521897,36924,0,2,0,2,0,0,0,0,0,0,5406,0,3510,1896,0
2047,49659,16.767125,16.397200,15.255205,0.006710,0.000334,0.000000,0.000000,1.200084,0.041208,0.930750,2034,3537295,36715,0,2,0,2,0,0,0,0,0,0,7208,0,4680,2528,0
2048,49660,16.805750,16.433643,15.334222,0.006134,0.000417,0.000000,0.000000,1.030375,0.013042,0.307292,2044,3576594,37492,0,2,0,2,0,0,0,0,0,0,5406,0,3510,1896,0
2049,49661,16.548917,16.167411,15.234771,0.006670,0.000500,0.000000,0.000000,1.150125,0.033333,0.905458,2038,3529304,37053,0,2,0,2,0,0,0,0,0,0,5406,0,3510,1896,0
2050,49662,16.578292,16.206881,15.145380,0.006911,0.000291,0.000000,0.000000,1.266250,0.041625,0.290542,2050,3548919,36861,0,2,0,2,0,0,0,0,0,0,7208,0,4680,2528,0
2051,49663,16.763916,16.390012,15.157762,0.006786,0.000333,0.000000,0.000000,1.108750,0.013834,0.903750,2030,3495152,36630,0,2,0,2,0,0,0,0,0,0,5406,0,3510,1896,0
2052,49664,16.496250,16.128051,15.136552,0.006079,0.000292,0.000000,0.000000,1.308084,0.021458,0.620041,2036,3518740,36884,0,2,0,2,0,0,0,0,0,0,5406,0,3510,1896,0
2053,49665,16.720917,16.350513,15.159949,0.007453,0.000376,0.000000,0.000000,1.244000,0.030375,0.583750,2047,3538942,36742,0,2,0,2,0,0,0,0,0,0,7208,0,4680,2528,0
2054,49666,15.835667,15.471308,14.320496,0.006794,0.000584,0.000000,0.000000,2.170791,0.013667,0.614000,2026,3489527,36613,0,2,0,2,0,0,0,0,0,0,5663,0,3510,2153,0
2055,49667,18.825250,18.451509,16.399853,0.007200,0.000417,0.000000,0.000000,0.082416,0.040375,0.609583,2046,3899510,39353,0,2,0,2,0,0,0,0,0,0,7163,0,4536,2627,0
2056,49668,17.343583,16.954297,16.918014,0.005795,0.000667,0.000000,0.000000,0.076333,0.020375,1.043958,2130,3897125,40390,0,2,0,2,0,0,0,0,0,0,5610,0,3654,1956,0
2057,49669,16.042958,15.634794,15.581963,0.007463,0.000541,0.000000,0.000000,0.074500,0.042625,0.292250,2123,3429497,36045,0,2,0,2,0,0,0,0,0,0,5406,0,3510,1896,0
2058,49670,15.019625,14.650540,14.658262,0.007246,0.000750,0.000000,0.000000,1.756750,0.028084,0.601333,2021,3396520,35166,0,2,0,2,0,0,0,0,0,0,7208,0,4680,2528,0
2059,49671,22.554125,22.078791,20.266199,0.007543,0.001292,0.000000,0.000000,0.135250,0.024834,0.910958,2116,3680994,38333,0,2,0,2,0,0,0,0,0,0,7447,0,3510,3937,0
2060,49672,22.171292,21.709366,20.869586,0.006757,0.001250,0.000000,0.000000,0.136333,0.019584,0.581624,2097,3596270,37660,0,2,0,2,0,0,0,0,0,0,5406,0,3510,1896,0
2061,49673,20.833125,20.422707,19.835220,0.007453,0.000710,0.000000,0.000000,0.124625,0.024500,0.605376,2075,3524135,36712,0,2,0,2,0,0,0,0,0,0,7208,0,4680,2528,0
2062,49674,17.202625,16.821453,16.792912,0.006863,0.000543,0.000000,0.000000,0.086375,0.015625,0.294291,2047,3577077,37325,0,2,0,2,0,0,0,0,0,0,5406,0,3510,1896,0
2063,49675,16.002833,15.615675,15.648781,0.007247,0.000416,0.000000,0.000000,0.078292,0.014417,0.579834,2057,3515806,36956,0,2,0,2,0,0,0,0,0,0,5406,0,3510,1896,0
2064,49676,15.895000,15.515901,15.534843,0.007701,0.000333,0.000000,0.000000,0.076959,0.019666,0.610083,2021,3482156,36288,0,2,0,2,0,0,0,0,0,0,7208,0,4680,2528,0
2065,49677,16.315042,15.913196,15.949574,0.007077,0.000583,0.000000,0.000000,0.125875,0.017292,0.901291,2001,3518279,36782,0,2,0,2,0,0,0,0,0,0,5406,0,3510,1896,0
2066,49678,21.358333,20.954838,20.154603,0.008127,0.002207,0.000000,0.000000,0.114917,0.052625,0.598750,2008,3470116,36551,0,2,0,2,0,0,0,0,0,0,5406,0,3510,1896,0
2067,49679,28.308250,27.743501,25.959509,0.010326,0.001834,0.000000,0.000000,0.169292,0.019042,0.880459,2030,3441727,35992,0,2,0,2,0,0,0,0,0,0,7208,0,4680,2528,0
2068,49680,89.019584,88.308502,27.347635,0.009044,0.001125,0.000000,0.000000,0.123208,0.026917,2.383041,1999,3511185,36918,0,2,0,2,0,0,0,0,0,0,5406,0,3510,1896,0
2069,49681,23.537708,23.004997,22.521393,0.010257,0.000832,0.000000,0.000000,0.156792,0.022833,0.619833,2033,3432643,36204,0,2,0,2,0,0,0,0,0,0,5406,0,3510,1896,0
2070,49682,23.561625,23.040901,22.895768,0.009739,0.000875,0.000000,0.000000,0.157833,0.025750,0.642167,2025,3453607,35904,0,2,0,2,0,0,0,0,0,0,7208,0,4680,2528,0
2071,49683,23.137667,22.620255,22.657440,0.010495,0.001083,0.000000,0.000000,0.131916,0.033209,0.943751,2012,3544315,37178,0,2,0,2,0,0,0,0,0,0,5406,0,3510,1896,0
2072,49684,22.721500,22.188446,22.219478,0.010294,0.001207,0.000000,0.000000,0.151750,0.022125,0.637625,2057,3461318,36320,0,2,0,2,0,0,0,0,0,0,5406,0,3510,1896,0
2073,49685,21.913375,21.392175,21.357052,0.009787,0.000583,0.000000,0.000000,0.085333,0.017208,0.604500,2016,3448276,35910,0,2,0,2,0,0,0,0,0,0,7367,0,4680,2687,0
2074,49686,22.860458,22.347399,22.386928,0.009296,0.000626,0.000000,0.000000,0.103458,0.022375,0.929667,2000,3773929,38429,0,2,0,2,0,0,0,0,0,0,5406,0,3510,1896,0
2075,49687,21.326583,20.804699,20.818049,0.010542,0.000626,0.000000,0.000000,0.111750,0.020750,0.948125,2046,3420111,35919,0,2,0,2,0,0,0,0,0,0,5406,0,3510,1896,0
2076,49688,21.522375,21.006887,21.014230,0.009423,0.000792,0.000000,0.000000,0.115334,0.031000,1.088208,2024,3450450,35831,0,2,0,2,0,0,0,0,0,0,7208,0,4680,2528,0
2077,49689,21.785375,21.267542,21.251179,0.009834,0.000667,0.000000,0.000000,0.098500,0.017917,0.820417,2017,3473556,36591,0,2,0,2,0,0,0,0,0,0,5406,0,3510,1896,0
2078,49690,21.547625,21.028533,21.047285,0.009713,0.000499,0.000000,0.000000,0.122084,0.017250,0.612792,2055,3404134,35777,0,2,0,2,0,0,0,0,0,0,5406,0,3510,1896,0
2079,49691,20.707167,20.205465,20.234578,0.009873,0.000499,0.000000,0.000000,0.100167,0.017375,1.307792,1992,3386379,35338,0,2,0,2,0,0,0,0,0,0,7208,0,4680,2528,0
2080,49692,19.280167,18.802404,18.850932,0.008831,0.000583,0.000000,0.000000,0.083166,0.018500,1.249708,2003,3497571,36315,0,2,0,2,0,0,0,0,0,0,5863,0,3510,2353,0
2081,49693,25.304166,24.743957,23.470333,0.008538,0.001458,0.000000,0.000000,0.124459,0.018791,0.588876,2063,3747748,38241,0,2,0,2,0,0,0,0,0,0,5406,0,3510,1896,0
2082,49694,23.020292,22.486660,22.292982,0.010412,0.000709,0.000000,0.000000,0.159333,0.031250,0.843917,2001,3433843,35583,0,2,0,2,0,0,0,0,0,0,7208,0,4680,2528,0
2083,49695,23.098833,22.575929,22.353514,0.009463,0.000791,0.000000,0.000000,0.110042,0.018750,0.608833,2000,3487491,36564,0,2,0,2,0,0,0,0,0,0,5406,0,3510,1896,0
2084,49696,23.534584,22.996691,22.530655,0.009571,0.000709,0.000000,0.000000,0.119541,0.019542,0.876625,2054,3459880,36330,0,2,0,2,0,0,0,0,0,0,5406,0,3510,1896,0
2085,49697,24.878416,24.285367,22.856187,0.010079,0.000750,0.000000,0.000000,0.111500,0.023417,0.580458,2013,3436160,35680,0,2,0,2,0,0,0,0,0,0,7208,0,4680,2528,0
2086,49698,39.072625,35.497463,24.675552,0.018496,0.001583,0.000000,0.000000,0.196375,0.036417,1.198293,2014,3470520,36444,0,2,0,2,0,0,0,0,0,0,5406,0,3510,1896,0
2087,49699,26.339125,25.713501,24.567328,0.010957,0.001334,0.000000,0.000000,0.153334,0.022958,0.584916,2044,3418443,35943,0,2,0,2,0,0,0,0,0,0,5406,0,3510,1896,0
2088,49700,26.822167,26.251264,24.246877,0.009919,0.000585,0.000000,0.000000,0.096958,0.045292,0.895500,2008,3439338,35718,0,2,0,2,0,0,0,0,0,0,7208,0,4680,2528,0
2089,49701,21.212333,20.699856,20.670337,0.009535,0.000875,0.000000,0.000000,0.094084,0.019500,1.237792,1996,3463667,36413,0,2,0,2,0,0,0,0,0,0,5406,0,3510,1896,0
2090,49702,20.975292,20.453915,20.473584,0.010462,0.000499,0.000000,0.000000,0.082750,0.016042,0.935666,2050,3421197,35931,0,2,0,2,0,0,0,0,0,0,5406,0,3510,1896,0
2091,49703,20.691083,20.182597,20.234498,0.010378,0.000500,0.000000,0.000000,0.093834,0.017791,0.297292,2014,3417718,35535,0,2,0,2,0,0,0,0,0,0,7208,0,4680,2528,0
2092,49704,20.457417,19.952875,20.002611,0.010211,0.000708,0.000000,0.000000,0.088083,0.017792,0.601167,1990,3486635,36348,0,2,0,2,0,0,0,0,0,0,5562,0,3510,2052,0
2093,49705,21.276208,20.777037,20.829647,0.008725,0.000541,0.000000,0.000000,0.087292,0.027167,1.292834,2021,3821755,38445,0,2,0,2,0,0,0,0,0,0,5711,0,3510,2201,0
2094,49706,21.962667,21.489537,21.418215,0.008041,0.000791,0.000000,0.000000,0.077500,0.023542,0.809916,2009,4081849,40784,0,2,0,2,0,0,0,0,0,0,7208,0,4680,2528,0
2095,49707,19.738625,19.267627,19.267692,0.009135,0.000626,0.000000,0.000000,0.085333,0.017375,0.651333,2007,3508661,36630,0,2,0,2,0,0,0,0,0,0,5406,0,3510,1896,0
2096,49708,19.571000,19.096040,19.125978,0.009337,0.000792,0.000000,0.000000,0.094708,0.025334,0.963333,2038,3471667,36312,0,2,0,2,0,0,0,0,0,0,5406,0,3510,1896,0
2097,49709,21.769125,21.268000,20.978419,0.008991,0.000499,0.000000,0.000000,0.093667,0.025625,0.624667,2142,3728999,38951,0,2,0,2,0,0,0,0,0,0,7208,0,4680,2528,0
2098,49710,20.597083,20.104806,20.143190,0.009137,0.000917,0.000000,0.000000,0.106292,0.017958,0.613584,2121,3717013,39135,0,2,0,2,0,0,0,0,0,0,5406,0,3510,1896,0
2099,49711,20.225334,19.730540,19.761931,0.009435,0.000459,0.000000,0.000000,0.094833,0.024625,0.586375,2146,3648602,38512,0,2,0,2,0,0,0,0,0,0,5406,0,3510,1896,0
2100,49712,20.906125,20.401509,20.370903,0.008634,0.000667,0.000000,0.000000,0.086000,0.024250,0.901667,2157,3729342,38809,0,2,0,2,0,0,0,0,0,0,7208,0,4680,2528,0
2101,49713,19.582958,19.122343,19.140960,0.008170,0.000708,0.000000,0.000000,0.088167,0.028541,0.936500,2042,3552561,37135,0,2,0,2,0,0,0,0,0,0,5406,0,3510,1896,0
2102,49714,18.429500,17.987452,18.028401,0.008091,0.000417,0.000000,0.000000,0.089208,0.022750,0.784667,2048,3535131,37086,0,2,0,2,0,0,0,0,0,0,5406,0,3510,1896,0
2103,49715,19.443208,18.982412,19.020059,0.007330,0.000833,0.000000,0.000000,0.096875,0.040834,0.296959,2150,3720197,38871,0,2,0,2,0,0,0,0,0,0,7208,0,4680,2528,0
2104,49716,19.094709,18.634578,18.668952,0.008324,0.000665,0.000000,0.000000,0.082916,0.020667,0.906708,2152,3696491,38867,0,2,0,2,0,0,0,0,0,0,5406,0,3510,1896,0
2105,49717,19.017041,18.553347,18.589977,0.007630,0.000458,0.000000,0.000000,0.097375,0.038500,0.904916,2161,3668842,38666,0,2,0,2,0,0,0,0,0,0,5406,0,3510,1896,0
2106,49718,19.339042,18.878602,18.905940,0.007456,0.000582,0.000000,0.000000,0.099167,0.023333,0.604458,2154,3708709,38688,0,2,0,2,0,0,0,0,0,0,7208,0,4680,2528,0
2107,49719,18.474458,18.030124,18.036453,0.008003,0.000624,0.000000,0.000000,0.096834,0.021416,0.293334,2056,3535766,37097,0,2,0,2,0,0,0,0,0,0,5406,0,3510,1896,0
2108,49720,18.396500,17.955241,17.992292,0.008378,0.000585,0.000000,0.000000,0.087792,0.015917,0.907250,2053,3558801,37213,0,2,0,2,0,0,0,0,0,0,7004,0,4536,2468,0
2109,49721,18.973125,18.507906,18.556855,0.007718,0.000583,0.000000,0.000000,0.093625,0.024542,0.932501,2162,3701897,38841,0,2,0,2,0,0,0,0,0,0,5610,0,3654,1956,0
2110,49722,18.572500,18.113058,18.156129,0.008458,0.000624,0.000000,0.000000,0.095917,0.017583,0.789333,2141,3651644,38429,0,2,0,2,0,0,0,0,0,0,5406,0,3510,1896,0
2111,49723,18.598542,18.135815,18.152552,0.007989,0.000665,0.000000,0.000000,0.078375,0.015042,0.292000,2160,3646730,38111,0,2,0,2,0,0,0,0,0,0,7208,0,4680,2528,0
2112,49724,19.113583,18.657914,18.697398,0.008215,0.000543,0.000000,0.000000,0.075875,0.014084,0.898666,2137,3724636,39100,0,2,0,2,0,0,0,0,0,0,5406,0,3510,1896,0
2113,49725,17.868709,17.434208,17.479898,0.008198,0.000502,0.000000,0.000000,0.078333,0.015458,0.905000,2024,3485811,36600,0,2,0,2,0,0,0,0,0,0,5406,0,3510,1896,0
2114,49726,18.083250,17.646771,17.681114,0.007841,0.000375,0.000000,0.000000,0.079750,0.015250,1.251000,2030,3481060,36296,0,2,0,2,0,0,0,0,0,0,7208,0,4680,2528,0
2115,49727,18.036916,17.602674,17.645400,0.008592,0.000416,0.000000,0.000000,0.078584,0.014833,0.292500,2013,3536914,37019,0,2,0,2,0,0,0,0,0,0,5406,0,3510,1896,0
2116,49728,17.832334,17.399145,17.438682,0.008844,0.000710,0.000000,0.000000,0.084666,0.015209,0.629625,2022,3503694,36793,0,2,0,2,0,0,0,0,0,0,5406,0,3510,1896,0
2117,49729,16.654833,16.245714,16.287387,0.008628,0.000332,0.000000,0.000000,0.072375,0.014708,0.611750,2013,3455354,35915,0,2,0,2,0,0,0,0,0,0,7208,0,4680,2528,0
2118,49730,16.923458,16.517922,16.548507,0.007663,0.000459,0.000000,0.000000,0.095417,0.015958,0.900125,2002,3499491,36573,0,2,0,2,0,0,0,0,0,0,5406,0,3510,1896,0
2119,49731,16.579917,16.175061,16.199465,0.007793,0.000416,0.000000,0.000000,0.075750,0.018250,0.778833,2008,3457332,36291,0,2,0,2,0,0,0,0,0,0,5406,0,3510,1896,0
2120,49732,16.800708,16.396945,16.425855,0.008459,0.000582,0.000000,0.000000,0.085959,0.015958,0.549125,2011,3492195,36285,0,2,0,2,0,0,0,0,0,0,7208,0,4680,2528,0
2121,49733,17.686875,17.176835,17.158075,0.008041,0.000501,0.000000,0.000000,0.089417,0.014625,0.638959,2001,3508454,36672,0,2,0,2,0,0,0,0,0,0,5406,0,3510,1896,0
2122,49734,16.804667,16.386266,16.429626,0.008081,0.000749,0.000000,0.000000,0.084292,0.016375,0.682625,2041,3459223,36245,0,2,0,2,0,0,0,0,0,0,5406,0,3510,1896,0
2123,49735,16.571583,16.170545,16.185668,0.007041,0.000500,0.000000,0.000000,0.071417,0.026042,0.991834,2009,3455693,35922,0,2,0,2,0,0,0,0,0,0,7208,0,4680,2528,0
2124,49736,16.744542,16.339532,16.353238,0.007254,0.000374,0.000000,0.000000,0.070667,0.018958,0.972083,2009,3558370,37076,0,2,0,2,0,0,0,0,0,0,5565,0,3510,2055,0
2125,49737,17.548417,17.138127,17.168964,0.008083,0.000583,0.000000,0.000000,0.077500,0.015708,0.319250,2046,3718705,38119,0,2,0,2,0,0,0,0,0,0,5406,0,3510,1896,0
2126,49738,16.187000,15.797456,15.834685,0.007636,0.000709,0.000000,0.000000,0.068416,0.014209,0.998709,2023,3434646,35631,0,2,0,2,0,0,0,0,0,0,7208,0,4680,2528,0
2127,49739,15.685166,15.310052,15.256838,0.007130,0.000457,0.000000,0.000000,0.061334,0.013125,0.324167,2008,3488159,36530,0,2,0,2,0,0,0,0,0,0,5663,0,3510,2153,0
2128,49740,17.106959,16.719075,16.753579,0.006996,0.000375,0.000000,0.000000,0.072375,0.014583,0.979917,2016,3913712,39742,0,2,0,2,0,0,0,0,0,0,5406,0,3510,1896,0
2129,49741,16.082833,15.702825,15.717338,0.007538,0.000708,0.000000,0.000000,0.066417,0.012875,0.306666,2015,3479401,36065,0,2,0,2,0,0,0,0,0,0,7208,0,4680,2528,0
2130,49742,16.539417,16.141777,16.148566,0.007372,0.000374,0.000000,0.000000,0.075625,0.026125,0.914959,2021,3571998,37402,0,2,0,2,0,0,0,0,0,0,5406,0,3510,1896,0
2131,49743,16.125041,15.745376,15.775590,0.007550,0.000332,0.000000,0.000000,0.073959,0.019458,0.315875,2067,3480019,36511,0,2,0,2,0,0,0,0,0,0,5406,0,3510,1896,0
2132,49744,16.094500,15.713234,15.734996,0.007002,0.000584,0.000000,0.000000,0.072709,0.015333,0.994750,2022,3491862,36366,0,2,0,2,0,0,0,0,0,0,7208,0,4680,2528,0
2133,49745,16.185417,15.788826,15.814319,0.007255,0.000334,0.000000,0.000000,0.066667,0.013875,0.621959,2010,3523483,36811,0,2,0,2,0,0,0,0,0,0,5406,0,3510,1896,0
2134,49746,16.147125,15.751503,15.783401,0.007630,0.000419,0.000000,0.000000,0.067083,0.017084,0.999292,2064,3487015,36589,0,2,0,2,0,0,0,0,0,0,5406,0,3510,1896,0
2135,49747,16.094875,15.697407,15.706418,0.007044,0.000541,0.000000,0.000000,0.071500,0.012875,0.663833,2028,3486177,36340,0,2,0,2,0,0,0,0,0,0,7208,0,4680,2528,0
2136,49748,16.444417,16.059825,16.086260,0.007288,0.000707,0.000000,0.000000,0.073333,0.013875,0.641418,2017,3565858,37241,0,2,0,2,0,0,0,0,0,0,5406,0,3510,1896,0
2137,49749,15.974958,15.583958,15.624360,0.007626,0.000293,0.000000,0.000000,0.066333,0.012709,0.662708,2062,3469561,36445,0,2,0,2,0,0,0,0,0,0,5406,0,3510,1896,0
2138,49750,16.217542,15.831753,15.824156,0.006837,0.000501,0.000000,0.000000,0.068291,0.013167,0.702625,2012,3467818,36117,0,2,0,2,0,0,0,0,0,0,7208,0,4680,2528,0
2139,49751,16.292583,15.911162,15.933377,0.007753,0.000290,0.000000,0.000000,0.065167,0.013208,0.519667,2011,3536074,37015,0,2,0,2,0,0,0,0,0,0,5406,0,3510,1896,0
2140,49752,16.087083,15.708951,15.741842,0.007612,0.000624,0.000000,0.000000,0.075750,0.021125,0.973208,2069,3508178,36528,0,2,0,2,0,0,0,0,0,0,5406,0,3510,1896,0
2141,49753,16.552709,16.164589,16.194215,0.006912,0.000416,0.000000,0.000000,0.068375,0.019041,0.980917,2054,3652709,37977,0,2,0,2,0,0,0,0,0,0,7208,0,4680,2528,0
2142,49754,16.286458,15.905562,15.914179,0.008042,0.000624,0.000000,0.000000,0.062417,0.036000,0.292958,2050,3616334,37870,0,2,0,2,0,0,0,0,0,0,5406,0,3510,1896,0
2143,49755,16.307958,15.918621,15.855119,0.006869,0.000416,0.000000,0.000000,0.088542,0.033500,0.974625,2104,3588978,37661,0,2,0,2,0,0,0,0,0,0,5406,0,3510,1896,0
2144,49756,16.707459,16.310812,16.263323,0.007003,0.001000,0.000000,0.000000,0.081000,0.045250,0.606459,2079,3607151,37503,0,2,0,2,0,0,0,0,0,0,7367,0,4680,2687,0
2145,49757,19.246458,18.835355,18.744075,0.007090,0.000584,0.000000,0.000000,0.121458,0.023667,0.616792,2078,3913934,39483,0,2,0,2,0,0,0,0,0,0,5406,0,3510,1896,0
2146,49758,16.884417,16.495039,16.445593,0.007212,0.000876,0.000000,0.000000,0.094833,0.030792,0.630833,2114,3567256,37014,0,2,0,2,0,0,0,0,0,0,5406,0,3510,1896,0
2147,49759,18.101041,17.685598,17.594358,0.007495,0.000750,0.000000,0.000000,0.162042,0.076333,0.330000,2052,3588513,36871,0,2,0,2,0,0,0,0,0,0,7208,0,4680,2528,0
2148,49760,18.386292,17.974329,17.980323,0.007124,0.000584,0.000000,0.000000,0.081250,0.015917,0.639708,2068,3693926,38230,0,2,0,2,0,0,0,0,0,0,5406,0,3510,1896,0
2149,49761,17.406250,16.980041,17.009262,0.007370,0.000333,0.000000,0.000000,0.080583,0.016917,0.615958,2106,3588018,37285,0,2,0,2,0,0,0,0,0,0,5406,0,3510,1896,0
2150,49762,16.975583,16.560432,16.596315,0.007420,0.000583,0.000000,0.000000,0.072459,0.015041,0.657875,2071,3555512,36591,0,2,0,2,0,0,0,0,0,0,7208,0,4680,2528,0
2151,49763,17.368542,16.958591,16.994931,0.007662,0.000417,0.000000,0.000000,0.076042,0.025958,0.940041,2049,3642952,37837,0,2,0,2,0,0,0,0,0,0,5406,0,3510,1896,0
2152,49764,17.101625,16.690857,16.718545,0.007168,0.000416,0.000000,0.000000,0.083708,0.017000,0.629750,2064,3602738,37146,0,2,0,2,0,0,0,0,0,0,5406,0,3510,1896,0
2153,49765,16.394750,16.009817,16.016704,0.006835,0.000583,0.000000,0.000000,0.073417,0.015291,0.789749,2059,3669149,37819,0,2,0,2,0,0,0,0,0,0,7208,0,4680,2528,0
2154,49766,15.949042,15.566524,15.586770,0.007461,0.000376,0.000000,0.000000,0.078666,0.015417,0.586459,2051,3601081,37525,0,2,0,2,0,0,0,0,0,0,5406,0,3510,1896,0
2155,49767,15.985750,15.598418,15.628543,0.006749,0.000667,0.000000,0.000000,0.076083,0.015083,0.296375,2065,3566874,37125,0,2,0,2,0,0,0,0,0,0,5406,0,3510,1896,0
2156,49768,17.034583,16.635529,16.669824,0.007834,0.000708,0.000000,0.000000,0.078375,0.026500,1.175957,2059,3658546,37694,0,2,0,2,0,0,0,0,0,0,7208,0,4680,2528,0
2157,49769,16.577000,16.170265,16.176784,0.008134,0.000333,0.000000,0.000000,0.089375,0.020917,0.608500,2054,3561009,37077,0,2,0,2,0,0,0,0,0,0,5406,0,3510,1896,0
2158,49770,16.482208,16.092161,16.014426,0.007253,0.000667,0.000000,0.000000,0.079875,0.017000,0.587292,2059,3563290,37074,0,2,0,2,0,0,0,0,0,0,5406,0,3510,1896,0
2159,49771,16.677250,16.282275,16.316462,0.007455,0.000750,0.000000,0.000000,0.067250,0.013750,0.311750,2077,3621359,37285,0,2,0,2,0,0,0,0,0,0,7208,0,4680,2528,0
2160,49772,15.926375,15.543920,15.573378,0.007629,0.000334,0.000000,0.000000,0.078709,0.016708,0.935583,2058,3610375,37575,0,2,0,2,0,0,0,0,0,0,5406,0,3510,1896,0
2161,49773,15.717792,15.334567,15.366908,0.007298,0.000500,0.000000,0.000000,0.067417,0.013083,0.486792,2069,3555971,36853,0,2,0,2,0,0,0,0,0,0,7004,0,4536,2468,0
2162,49774,16.334917,15.936522,15.957976,0.007961,0.000792,0.000000,0.000000,0.068625,0.026625,0.932708,2074,3632665,37886,0,2,0,2,0,0,0,0,0,0,5742,0,3654,2088,0
2163,49775,17.506750,17.111031,17.143021,0.006458,0.000417,0.000000,0.000000,0.073291,0.013834,0.318125,2094,4037791,40116,0,2,0,2,0,0,0,0,0,0,5406,0,3510,1896,0
2164,49776,16.538000,16.154282,16.180090,0.007257,0.000625,0.000000,0.000000,0.072333,0.014833,0.628666,2050,3652858,37517,0,2,0,2,0,0,0,0,0,0,7208,0,4680,2528,0
2165,49777,16.880666,16.480951,16.509634,0.008173,0.000542,0.000000,0.000000,0.074500,0.017959,1.358084,2028,3682529,37829,0,2,0,2,0,0,0,0,0,0,5406,0,3510,1896,0
2166,49778,16.581042,16.190939,16.207564,0.007702,0.000499,0.000000,0.000000,0.075375,0.014458,0.695083,2086,3629246,37358,0,2,0,2,0,0,0,0,0,0,7447,0,3510,3937,0
2167,49779,16.339542,15.958213,15.975366,0.006708,0.000374,0.000000,0.000000,0.076916,0.013792,1.170167,2046,3624259,37149,0,2,0,2,0,0,0,0,0,0,7208,0,4680,2528,0
2168,49780,16.327541,15.944615,15.984210,0.007294,0.000584,0.000000,0.000000,0.075917,0.013708,0.295000,2047,3685810,38058,0,2,0,2,0,0,0,0,0,0,5406,0,3510,1896,0
2169,49781,16.690834,16.292624,16.327319,0.007585,0.000750,0.000000,0.000000,0.121333,0.024333,0.971917,2077,3577799,36968,0,2,0,2,0,0,0,0,0,0,5406,0,3510,1896,0
2170,49782,18.254041,17.848164,17.884574,0.007915,0.000916,0.000000,0.000000,0.106167,0.031667,0.474208,2037,3592196,36827,0,2,0,2,0,0,0,0,0,0,7208,0,4680,2528,0
2171,49783,19.147084,18.731922,18.750881,0.008340,0.000875,0.000000,0.000000,0.118166,0.017625,1.280417,2042,3662105,37727,0,2,0,2,0,0,0,0,0,0,5406,0,3510,1896,0
2172,49784,18.741125,18.321513,18.355488,0.007420,0.000541,0.000000,0.000000,0.111458,0.015542,0.622458,2084,3642539,37605,0,2,0,2,0,0,0,0,0,0,5406,0,3510,1896,0
2173,49785,17.809666,17.368487,17.406155,0.007547,0.000542,0.000000,0.000000,0.071584,0.017625,0.921500,2040,3609035,36946,0,2,0,2,0,0,0,0,0,0,7208,0,4680,2528,0
2174,49786,17.497709,17.087070,17.113841,0.007956,0.000252,0.000000,0.000000,0.081375,0.016208,0.288917,2044,3671154,37873,0,2,0,2,0,0,0,0,0,0,5406,0,3510,1896,0
2175,49787,17.896291,17.455297,17.486074,0.007495,0.000501,0.000000,0.000000,0.079000,0.021792,0.962875,2075,3610761,37307,0,2,0,2,0,0,0,0,0,0,5406,0,3510,1896,0
2176,49788,17.943542,17.520123,17.547043,0.007630,0.000501,0.000000,0.000000,0.064708,0.024459,0.899458,2054,3649416,37960,0,2,0,2,0,0,0,0,0,0,7367,0,4680,2687,0
2177,49789,18.797958,18.376010,18.402457,0.007167,0.000457,0.000000,0.000000,0.067292,0.013042,0.290166,2051,3941848,39196,0,2,0,2,0,0,0,0,0,0,5406,0,3510,1896,0
2178,49790,17.032334,16.626596,16.667406,0.007211,0.000750,0.000000,0.000000,0.064041,0.012625,0.954583,2090,3578726,37149,0,2,0,2,0,0,0,0,0,0,5406,0,3510,1896,0
2179,49791,16.313208,15.929132,15.955492,0.007003,0.000335,0.000000,0.000000,0.065583,0.013250,1.304625,2048,3568172,36791,0,2,0,2,0,0,0,0,0,0,7208,0,4680,2528,0
2180,49792,18.263958,17.824241,17.517220,0.007624,0.001001,0.000000,0.000000,0.108292,0.016792,0.294500,2036,3656403,37751,0,2,0,2,0,0,0,0,0,0,5406,0,3510,1896,0
2181,49793,18.002750,17.580464,17.573106,0.007788,0.000917,0.000000,0.000000,0.093250,0.017042,0.594125,2075,3559572,37080,0,2,0,2,0,0,0,0,0,0,5406,0,3510,1896,0
2182,49794,17.482375,17.073756,17.055957,0.007628,0.000542,0.000000,0.000000,0.080250,0.015125,0.586167,2031,3524256,36314,0,2,0,2,0,0,0,0,0,0,7208,0,4680,2528,0
2183,49795,16.969834,16.559094,16.596433,0.007575,0.000376,0.000000,0.000000,0.068416,0.013709,0.616875,2048,3591920,37357,0,2,0,2,0,0,0,0,0,0,5406,0,3510,1896,0
2184,49796,16.500083,16.084434,16.118202,0.007999,0.000417,0.000000,0.000000,0.071208,0.025250,0.917084,2077,3545452,37482,0,2,0,2,0,0,0,0,0,0,5555,0,3510,2045,0
2185,49797,17.955542,17.541685,17.576351,0.007248,0.000584,0.000000,0.000000,0.075416,0.014042,0.308167,2040,3873154,38950,0,2,0,2,0,0,0,0,0,0,7208,0,4680,2528,0
2186,49798,18.102541,17.693032,16.866539,0.007868,0.000416,0.000000,0.000000,0.072792,0.018750,1.095208,2034,3576547,37433,0,2,0,2,0,0,0,0,0,0,5406,0,3510,1896,0
2187,49799,15.574000,15.186777,15.206668,0.007156,0.000418,0.000000,0.000000,0.077125,0.014125,0.592167,2085,3502589,36651,0,2,0,2,0,0,0,0,0,0,5406,0,3510,1896,0
2188,49800,15.983292,15.601790,15.608794,0.007501,0.000416,0.000000,0.000000,0.067667,0.014708,0.446209,2034,3517003,36663,0,2,0,2,0,0,0,0,0,0,7208,0,4680,2528,0
2189,49801,15.604667,15.223401,15.261830,0.006914,0.000458,0.000000,0.000000,0.069125,0.013250,0.300917,2024,3554452,37247,0,2,0,2,0,0,0,0,0,0,5406,0,3510,1896,0
2190,49802,15.393083,15.008720,15.048583,0.006994,0.000584,0.000000,0.000000,0.067958,0.013125,1.219917,2074,3490940,36630,0,2,0,2,0,0,0,0,0,0,5406,0,3510,1896,0
2191,49803,15.088458,14.709031,14.737331,0.006886,0.000667,0.000000,0.000000,0.058792,0.012333,0.427625,2033,3490950,36536,0,2,0,2,0,0,0,0,0,0,7353,0,4680,2673,0
2192,49804,18.164959,17.763732,17.084357,0.006413,0.000500,0.000000,0.000000,0.074041,0.014375,0.592834,2149,3902137,40693,0,2,0,2,0,0,0,0,0,0,5406,0,3510,1896,0
2193,49805,15.781750,15.379000,15.412725,0.006790,0.000501,0.000000,0.000000,0.072916,0.013125,0.907208,2158,3539408,37772,0,2,0,2,0,0,0,0,0,0,5406,0,3510,1896,0
2194,49806,15.514500,15.123315,15.162790,0.006951,0.000293,0.000000,0.000000,0.067041,0.013292,0.292000,2116,3542710,37454,0,2,0,2,0,0,0,0,0,0,7208,0,4680,2528,0
2195,49807,15.799541,15.404648,15.445153,0.007164,0.000418,0.000000,0.000000,0.074084,0.013750,0.609417,2128,3571960,38041,0,2,0,2,0,0,0,0,0,0,5406,0,3510,1896,0
2196,49808,15.985917,15.578794,15.620753,0.006792,0.000334,0.000000,0.000000,0.064000,0.012750,0.784167,2195,3563176,38133,0,2,0,2,0,0,0,0,0,0,5406,0,3510,1896,0
2197,49809,15.342500,14.954431,14.994299,0.007416,0.000541,0.000000,0.000000,0.063042,0.013500,0.296250,2111,3526656,37260,0,2,0,2,0,0,0,0,0,0,7208,0,4680,2528,0
2198,49810,15.636958,15.245572,15.287504,0.006627,0.000542,0.000000,0.000000,0.074125,0.014917,0.906124,2154,3583206,38223,0,2,0,2,0,0,0,0,0,0,5406,0,3510,1896,0
2199,49811,14.764417,14.393169,14.423093,0.006961,0.000292,0.000000,0.000000,0.073583,0.014500,0.631500,2057,3397523,36019,0,2,0,2,0,0,0,0,0,0,5406,0,3510,1896,0
2200,49812,15.371375,14.998638,15.007067,0.006752,0.000710,0.000000,0.000000,0.089417,0.013708,0.966750,2056,3427949,36053,0,2,0,2,0,0,0,0,0,0,7208,0,4680,2528,0
2201,49813,14.971667,14.595828,14.640668,0.006963,0.000459,0.000000,0.000000,0.079041,0.018209,0.320500,2067,3411345,36314,0,2,0,2,0,0,0,0,0,0,5406,0,3510,1896,0
2202,49814,14.707833,14.312561,14.350957,0.007541,0.000416,0.000000,0.000000,0.068917,0.012041,0.291834,2078,3356464,35637,0,2,0,2,0,0,0,0,0,0,5406,0,3510,1896,0
2203,49815,14.757792,14.384517,14.422936,0.006826,0.000418,0.000000,0.000000,0.079791,0.013709,0.907959,2078,3467892,36555,0,2,0,2,0,0,0,0,0,0,7208,0,4680,2528,0
2204,49816,15.804916,15.409555,15.441461,0.006538,0.000500,0.000000,0.000000,0.069042,0.013208,0.606375,2183,3606069,38375,0,2,0,2,0,0,0,0,0,0,5406,0,3510,1896,0
2205,49817,15.086000,14.692900,14.732570,0.007083,0.000376,0.000000,0.000000,0.082917,0.012250,1.235458,2194,3494879,37218,0,2,0,2,0,0,0,0,0,0,5406,0,3510,1896,0
2206,49818,14.997125,14.610333,14.658770,0.006749,0.000500,0.000000,0.000000,0.083334,0.016791,0.504708,2136,3536225,37269,0,2,0,2,0,0,0,0,0,0,7208,0,4680,2528,0
2207,49819,14.969750,14.587576,14.633036,0.006752,0.000250,0.000000,0.000000,0.076834,0.015708,0.920666,2129,3511580,37379,0,2,0,2,0,0,0,0,0,0,5406,0,3510,1896,0
2208,49820,15.067792,14.676405,14.715132,0.007710,0.000249,0.000000,0.000000,0.065542,0.015208,0.288167,2205,3518200,37465,0,2,0,2,0,0,0,0,0,0,5406,0,3510,1896,0
2209,49821,14.900542,14.522831,14.562941,0.006244,0.000291,0.000000,0.000000,0.066625,0.013708,0.609333,2123,3543071,37352,0,2,0,2,0,0,0,0,0,0,7208,0,4680,2528,0
2210,49822,14.382291,14.017789,14.055547,0.006541,0.000291,0.000000,0.000000,2.260917,0.013833,1.227875,2035,3364809,35684,0,2,0,2,0,0,0,0,0,0,5406,0,3510,1896,0
2211,49823,16.816959,16.449710,14.301105,0.007207,0.000418,0.000000,0.000000,2.197875,0.012125,0.899125,2069,3374483,35776,0,2,0,2,0,0,0,0,0,0,5406,0,3510,1896,0
2212,49824,17.051250,16.685327,14.574215,0.007669,0.000333,0.000000,0.000000,1.716458,0.013417,0.611875,2062,3436800,36064,0,2,0,2,0,0,0,0,0,0,7208,0,4680,2528,0
2213,49825,16.118750,15.754588,14.125772,0.007040,0.000291,0.000000,0.000000,2.483750,0.011875,0.901625,2039,3357271,35653,0,2,0,2,0,0,0,0,0,0,5406,0,3510,1896,0
2214,49826,17.145041,16.774285,14.391390,0.006837,0.000333,0.000000,0.000000,1.834500,0.012292,0.612125,2089,3467834,36675,0,2,0,2,0,0,0,0,0,0,7004,0,4536,2468,0
2215,49827,17.242500,16.858568,15.113278,0.007334,0.000374,0.000000,0.000000,1.401500,0.014375,0.586084,2137,3550841,37591,0,2,0,2,0,0,0,0,0,0,5610,0,3654,1956,0
2216,49828,17.146250,16.755559,15.472509,0.006664,0.000500,0.000000,0.000000,0.944750,0.031459,0.483625,2149,3514034,37401,0,2,0,2,0,0,0,0,0,0,5406,0,3510,1896,0
2217,49829,16.454459,16.073217,15.214544,0.007248,0.000541,0.000000,0.000000,1.066708,0.038917,0.603041,2090,3483850,36590,0,2,0,2,0,0,0,0,0,0,7208,0,4680,2528,0
2218,49830,17.437500,17.040814,15.955189,0.007411,0.000750,0.000000,0.000000,0.257666,0.035542,0.616250,2196,3566008,38039,0,2,0,2,0,0,0,0,0,0,5406,0,3510,1896,0
2219,49831,15.780708,15.395865,15.233212,0.007504,0.000541,0.000000,0.000000,1.206708,0.020375,1.222791,2098,3475568,36986,0,2,0,2,0,0,0,0,0,0,5406,0,3510,1896,0
2220,49832,16.940125,16.555340,15.433027,0.006832,0.000459,0.000000,0.000000,0.946292,0.042583,1.224834,2127,3529262,37082,0,2,0,2,0,0,0,0,0,0,7208,0,4680,2528,0
2221,49833,16.442958,16.066342,15.176248,0.006586,0.000541,0.000000,0.000000,1.060292,0.047375,0.326375,2076,3416075,36325,0,2,0,2,0,0,0,0,0,0,5406,0,3510,1896,0
2222,49834,16.742709,16.365069,15.365488,0.007499,0.000791,0.000000,0.000000,1.228333,0.039000,0.946459,2054,3369286,35705,0,2,0,2,0,0,0,0,0,0,5406,0,3510,1896,0
2223,49835,16.543041,16.176870,15.025721,0.007837,0.000541,0.000000,0.000000,1.625167,0.022292,0.429667,1984,3361733,35196,0,2,0,2,0,0,0,0,0,0,7208,0,4680,2528,0
2224,49836,17.584084,17.200818,15.679559,0.007290,0.000751,0.000000,0.000000,0.177041,0.022959,1.029541,2108,3450137,36642,0,2,0,2,0,0,0,0,0,0,5406,0,3510,1896,0
2225,49837,16.011625,15.618094,15.521885,0.007205,0.000666,0.000000,0.000000,0.918708,0.035083,0.371166,2140,3502229,37266,0,2,0,2,0,0,0,0,0,0,5406,0,3510,1896,0
2226,49838,16.460541,16.067211,15.242407,0.007082,0.000540,0.000000,0.000000,1.120375,0.038459,0.613125,2111,3495221,36768,0,2,0,2,0,0,0,0,0,0,7208,0,4680,2528,0
2227,49839,17.125500,16.737344,15.708397,0.006918,0.000500,0.000000,0.000000,0.726625,0.014834,0.776874,2148,3546552,37784,0,2,0,2,0,0,0,0,0,0,5406,0,3510,1896,0
2228,49840,16.822875,16.427748,15.761389,0.007209,0.000626,0.000000,0.000000,0.402584,0.013916,0.308333,2195,3535493,37660,0,2,0,2,0,0,0,0,0,0,5406,0,3510,1896,0
2229,49841,15.941500,15.562484,15.255894,0.006289,0.000834,0.000000,0.000000,1.374542,0.015042,1.311208,2091,3481315,36592,0,2,0,2,0,0,0,0,0,0,7208,0,4680,2528,0
2230,49842,17.573125,17.177793,15.914064,0.007005,0.000374,0.000000,0.000000,0.221917,0.014833,0.642583,2180,3567586,38012,0,2,0,2,0,0,0,0,0,0,5406,0,3510,1896,0
2231,49843,14.431417,14.083196,13.915014,0.007836,0.000625,0.000000,0.000000,2.493042,0.013625,0.611666,1908,3123884,32943,0,2,0,2,0,0,0,0,0,0,5406,0,3510,1896,0
2232,49844,16.306917,15.974173,13.605403,0.007798,0.000458,0.000000,0.000000,2.959333,0.012958,0.296459,1810,3070884,31847,0,2,0,2,0,0,0,0,0,0,7208,0,4680,2528,0
2233,49845,17.358291,17.008686,14.131353,0.008405,0.000542,0.000000,0.000000,2.157375,0.013459,0.989208,1869,3098483,32680,0,2,0,2,0,0,0,0,0,0,5406,0,3510,1896,0
2234,49846,16.139334,15.796027,13.692106,0.008495,0.000375,0.000000,0.000000,2.734916,0.012292,0.640084,1841,3048425,32087,0,2,0,2,0,0,0,0,0,0,5406,0,3510,1896,0
2235,49847,16.451250,16.122947,13.346698,0.007416,0.000291,0.000000,0.000000,2.981208,0.014375,0.808833,1778,3051545,31664,0,2,0,2,0,0,0,0,0,0,7208,0,4680,2528,0
2236,49848,18.406041,18.042378,15.158005,0.007450,0.000626,0.000000,0.000000,1.364167,0.012958,0.618667,1950,3217649,34007,0,2,0,2,0,0,0,0,0,0,5406,0,3510,1896,0
2237,49849,16.035209,15.659244,14.366234,0.006417,0.000500,0.000000,0.000000,1.814458,0.038083,0.313083,1949,3119323,32908,0,2,0,2,0,0,0,0,0,0,5406,0,3510,1896,0
2238,49850,15.876541,15.538892,13.781307,0.007381,0.000416,0.000000,0.000000,2.625667,0.050708,0.631667,1862,3119251,32455,0,2,0,2,0,0,0,0,0,0,7208,0,4680,2528,0
2239,49851,16.871334,16.509164,13.614385,0.007334,0.000458,0.000000,0.000000,2.243625,0.050083,0.656083,1878,3181254,32862,0,2,0,2,0,0,0,0,0,0,5555,0,3510,2045,0
2240,49852,18.192375,17.834147,15.642044,0.007833,0.000459,0.000000,0.000000,0.792250,0.014458,0.787250,1976,3437355,36274,0,2,0,2,0,0,0,0,0,0,5406,0,3510,1896,0
2241,49853,15.158666,14.812046,14.128646,0.007590,0.000710,0.000000,0.000000,2.478167,0.023250,0.312959,1873,3174961,33211,0,2,0,2,0,0,0,0,0,0,7208,0,4680,2528,0
2242,49854,18.174542,17.809637,15.356876,0.007201,0.000419,0.000000,0.000000,0.938250,0.042667,0.957792,1867,3173105,33531,0,2,0,2,0,0,0,0,0,0,5406,0,3510,1896,0
2243,49855,14.904417,14.564818,13.724200,0.008201,0.000500,0.000000,0.000000,2.612375,0.026958,0.607376,1856,3087805,32492,0,2,0,2,0,0,0,0,0,0,5406,0,3510,1896,0
2244,49856,16.519666,16.184651,13.670622,0.007619,0.000375,0.000000,0.000000,2.821834,0.047458,0.642750,1835,3123273,32685,0,2,0,2,0,0,0,0,0,0,7208,0,4680,2528,0
2245,49857,17.272959,16.925384,14.182804,0.007501,0.000625,0.000000,0.000000,2.102333,0.014417,0.816083,1867,3164454,33309,0,2,0,2,0,0,0,0,0,0,5406,0,3510,1896,0
2246,49858,16.605666,16.242577,14.220570,0.007582,0.000542,0.000000,0.000000,2.226875,0.013250,0.311958,1968,3198303,33817,0,2,0,2,0,0,0,0,0,0,5406,0,3510,1896,0
2247,49859,16.363125,16.018195,13.875667,0.007297,0.000500,0.000000,0.000000,2.538209,0.013583,0.596459,1875,3192559,33391,0,2,0,2,0,0,0,0,0,0,7208,0,4680,2528,0
2248,49860,17.233375,16.883804,14.470433,0.007372,0.000625,0.000000,0.000000,1.861250,0.014042,0.638500,1923,3262194,34397,0,2,0,2,0,0,0,0,0,0,5406,0,3510,1896,0
2249,49861,16.023042,15.675337,13.917543,0.007788,0.000625,0.000000,0.000000,2.565750,0.023417,1.274583,1933,3177331,33557,0,2,0,2,0,0,0,0,0,0,5406,0,3510,1896,0
2250,49862,16.635458,16.289565,13.829541,0.008003,0.000416,0.000000,0.000000,2.612709,0.013291,0.328291,1871,3192406,33405,0,2,0,2,0,0,0,0,0,0,7208,0,4680,2528,0
2251,49863,17.103334,16.759097,14.259988,0.007795,0.000584,0.000000,0.000000,2.061875,0.012583,0.954958,1900,3236954,34076,0,2,0,2,0,0,0,0,0,0,5406,0,3510,1896,0
2252,49864,16.785541,16.426124,14.440385,0.006460,0.000374,0.000000,0.000000,2.147834,0.014291,0.905916,1975,3215151,34061,0,2,0,2,0,0,0,0,0,0,5406,0,3510,1896,0
2253,49865,15.751917,15.419985,13.384493,0.007294,0.000416,0.000000,0.000000,2.983792,0.012833,0.651375,1809,3085250,32129,0,2,0,2,0,0,0,0,0,0,7208,0,4680,2528,0
2254,49866,16.896875,16.547552,13.552946,0.006830,0.000500,0.000000,0.000000,2.733333,0.012042,1.083875,1832,3163271,32564,0,2,0,2,0,0,0,0,0,0,5560,0,3510,2050,0
2255,49867,22.117625,21.707192,19.051338,0.006249,0.000583,0.000000,0.000000,0.092667,0.023625,0.906750,2203,4041311,42826,0,2,0,2,0,0,0,0,0,0,5406,0,3510,1896,0
2256,49868,17.799917,17.387002,17.367720,0.006415,0.000624,0.000000,0.000000,0.082833,0.020167,0.290708,2229,3734038,39508,0,2,0,2,0,0,0,0,0,0,7208,0,4680,2528,0
2257,49869,17.616041,17.208654,17.202441,0.006584,0.000627,0.000000,0.000000,0.107375,0.021750,0.901624,2215,3809312,40536,0,2,0,2,0,0,0,0,0,0,5406,0,3510,1896,0
2258,49870,17.210459,16.809871,16.846198,0.007459,0.000417,0.000000,0.000000,0.082666,0.022292,0.296750,2216,3726620,39815,0,2,0,2,0,0,0,0,0,0,5406,0,3510,1896,0
2259,49871,17.674333,17.252851,17.297130,0.007255,0.000334,0.000000,0.000000,0.081458,0.020542,0.602792,2255,3771224,39918,0,2,0,2,0,0,0,0,0,0,7208,0,4680,2528,0
2260,49872,17.847875,17.426421,17.437988,0.006836,0.000625,0.000000,0.000000,0.095875,0.021167,0.903959,2230,3798499,40503,0,2,0,2,0,0,0,0,0,0,5406,0,3510,1896,0
2261,49873,17.772792,17.352445,17.366511,0.006966,0.000501,0.000000,0.000000,0.082916,0.021084,0.618709,2238,3740174,39961,0,2,0,2,0,0,0,0,0,0,5406,0,3510,1896,0
2262,49874,17.729125,17.310545,17.341271,0.006666,0.000458,0.000000,0.000000,0.098875,0.015375,0.916375,2219,3777869,39879,0,2,0,2,0,0,0,0,0,0,7208,0,4680,2528,0
2263,49875,17.306041,16.891461,16.934649,0.007051,0.000418,0.000000,0.000000,0.084625,0.021209,0.787916,2216,3699568,39600,0,2,0,2,0,0,0,0,0,0,5406,0,3510,1896,0
2264,49876,17.813292,17.382942,17.415418,0.007206,0.000665,0.000000,0.000000,0.088083,0.015292,0.402750,2206,3716703,39652,0,2,0,2,0,0,0,0,0,0,5406,0,3510,1896,0
2265,49877,19.137000,18.686661,18.714915,0.007665,0.000542,0.000000,0.000000,0.096625,0.035625,0.915125,2220,3760964,39729,0,2,0,2,0,0,0,0,0,0,7208,0,4680,2528,0
2266,49878,18.432458,17.984285,18.020566,0.007255,0.000498,0.000000,0.000000,0.090500,0.023959,1.233334,2204,3682458,39354,0,2,0,2,0,0,0,0,0,0,5406,0,3510,1896,0
2267,49879,18.487167,18.041220,18.082934,0.007789,0.000249,0.000000,0.000000,0.089875,0.021917,1.212125,2219,3676082,39184,0,2,0,2,0,0,0,0,0,0,7004,0,4536,2468,0
2268,49880,18.907708,18.461154,18.498163,0.007960,0.000540,0.000000,0.000000,0.091084,0.025708,0.314500,2229,3783707,40098,0,2,0,2,0,0,0,0,0,0,5610,0,3654,1956,0
2269,49881,18.378584,17.929930,17.957627,0.007456,0.000583,0.000000,0.000000,0.084166,0.021834,0.649500,2233,3684277,39390,0,2,0,2,0,0,0,0,0,0,5406,0,3510,1896,0
2270,49882,18.517250,18.070667,18.109963,0.006835,0.000666,0.000000,0.000000,0.086291,0.014334,0.907917,2223,3695535,39037,0,2,0,2,0,0,0,0,0,0,7208,0,4680,2528,0
2271,49883,17.697708,17.276631,17.314294,0.008294,0.000416,0.000000,0.000000,0.085667,0.046500,1.227751,2085,3591046,38013,0,2,0,2,0,0,0,0,0,0,5406,0,3510,1896,0
2272,49884,17.623875,17.203767,17.234636,0.007834,0.000542,0.000000,0.000000,0.090417,0.016833,0.294333,2084,3546924,37498,0,2,0,2,0,0,0,0,0,0,5406,0,3510,1896,0
2273,49885,17.553833,17.125225,17.171964,0.007969,0.000540,0.000000,0.000000,0.115667,0.029375,0.901833,2102,3523414,37063,0,2,0,2,0,0,0,0,0,0,9249,0,4680,4569,0
2274,49886,17.907459,17.478624,17.509356,0.007828,0.000331,0.000000,0.000000,0.095791,0.015084,0.598166,2090,3573915,37829,0,2,0,2,0,0,0,0,0,0,5406,0,3510,1896,0
2275,49887,17.573833,17.147101,17.148769,0.007497,0.000416,0.000000,0.000000,0.090208,0.023167,0.643875,2082,3507199,37262,0,2,0,2,0,0,0,0,0,0,5406,0,3510,1896,0
2276,49888,17.788958,17.319355,17.312452,0.008998,0.000542,0.000000,0.000000,0.083250,0.015750,1.283167,2092,3534922,37125,0,2,0,2,0,0,0,0,0,0,7208,0,4680,2528,0
2277,49889,17.471334,17.044421,17.073356,0.007295,0.000500,0.000000,0.000000,0.085291,0.015959,0.329459,2079,3532189,37347,0,2,0,2,0,0,0,0,0,0,5406,0,3510,1896,0
2278,49890,17.596000,17.176404,17.179983,0.007790,0.000541,0.000000,0.000000,0.086208,0.020125,0.944708,2068,3470552,36784,0,2,0,2,0,0,0,0,0,0,5406,0,3510,1896,0
2279,49891,17.342375,16.920278,16.961922,0.008118,0.000585,0.000000,0.000000,0.084833,0.031958,0.935166,2061,3465782,36446,0,2,0,2,0,0,0,0,0,0,7208,0,4680,2528,0
2280,49892,18.058583,17.632171,17.659374,0.007664,0.000668,0.000000,0.000000,0.085292,0.016625,0.638917,2049,3539224,37379,0,2,0,2,0,0,0,0,0,0,5406,0,3510,1896,0
2281,49893,17.480000,17.067944,17.107794,0.008249,0.000624,0.000000,0.000000,0.084750,0.013958,0.788167,2061,3456604,36653,0,2,0,2,0,0,0,0,0,0,5406,0,3510,1896,0
2282,49894,17.076000,16.664573,16.707103,0.007620,0.000459,0.000000,0.000000,0.081542,0.013750,0.589208,2049,3438170,36195,0,2,0,2,0,0,0,0,0,0,7208,0,4680,2528,0
2283,49895,17.919125,17.502216,17.500840,0.008663,0.000458,0.000000,0.000000,0.087375,0.023125,0.307834,2026,3488969,36935,0,2,0,2,0,0,0,0,0,0,5406,0,3510,1896,0
2284,49896,17.519042,17.096659,17.129173,0.008087,0.000416,0.000000,0.000000,0.080958,0.023917,0.947126,2082,3465780,36717,0,2,0,2,0,0,0,0,0,0,5406,0,3510,1896,0
2285,49897,16.863958,16.458299,16.489493,0.008084,0.000541,0.000000,0.000000,0.089292,0.029333,1.221875,2046,3435460,36184,0,2,0,2,0,0,0,0,0,0,7208,0,4680,2528,0
2286,49898,17.961750,17.543181,17.535636,0.007994,0.000458,0.000000,0.000000,0.106167,0.021166,0.321084,2040,3480145,36772,0,2,0,2,0,0,0,0,0,0,5406,0,3510,1896,0
2287,49899,16.929625,16.513144,16.549207,0.008619,0.000624,0.000000,0.000000,0.082750,0.014875,0.582751,2052,3415407,36265,0,2,0,2,0,0,0,0,0,0,5406,0,3510,1896,0
2288,49900,16.908833,16.499963,16.541150,0.008451,0.000792,0.000000,0.000000,0.077542,0.016167,0.612209,2039,3461001,36326,0,2,0,2,0,0,0,0,0,0,7208,0,4680,2528,0
2289,49901,17.106042,16.693851,16.723982,0.007669,0.000459,0.000000,0.000000,0.102417,0.014375,0.585291,2036,3463145,36611,0,2,0,2,0,0,0,0,0,0,5406,0,3510,1896,0
2290,49902,17.075458,16.657512,16.665433,0.008291,0.000458,0.000000,0.000000,0.094042,0.016917,1.108958,2087,3427871,36342,0,2,0,2,0,0,0,0,0,0,5406,0,3510,1896,0
2291,49903,16.798250,16.389232,16.425650,0.007662,0.000583,0.000000,0.000000,0.091292,0.016792,0.293292,2036,3420727,35969,0,2,0,2,0,0,0,0,0,0,7208,0,4680,2528,0
2292,49904,16.691000,16.284454,16.326328,0.008247,0.000501,0.000000,0.000000,0.076709,0.013666,0.921874,2030,3502980,36384,0,2,0,2,0,0,0,0,0,0,5586,0,3510,2076,0
2293,49905,18.985959,18.564181,18.595638,0.006833,0.000500,0.000000,0.000000,0.084375,0.021000,0.902083,2074,3932692,41438,0,2,0,2,0,0,0,0,0,0,5406,0,3510,1896,0
2294,49906,17.745791,17.325350,17.344019,0.008039,0.000709,0.000000,0.000000,0.094625,0.015459,0.687750,2100,3534125,37114,0,2,0,2,0,0,0,0,0,0,7208,0,4680,2528,0
2295,49907,17.663667,17.242792,17.287918,0.007959,0.000458,0.000000,0.000000,0.084667,0.015416,0.959958,2087,3612226,38203,0,2,0,2,0,0,0,0,0,0,5406,0,3510,1896,0
2296,49908,17.572458,17.144418,17.179185,0.006954,0.000460,0.000000,0.000000,0.098584,0.017958,0.954458,2125,3552392,37604,0,2,0,2,0,0,0,0,0,0,5406,0,3510,1896,0
2297,49909,17.395917,16.971163,17.007110,0.007254,0.000499,0.000000,0.000000,0.083792,0.016458,0.306000,2093,3527696,37079,0,2,0,2,0,0,0,0,0,0,7208,0,4680,2528,0
2298,49910,17.650500,17.230802,17.273310,0.007711,0.000624,0.000000,0.000000,0.086042,0.015791,0.951249,2082,3598462,38067,0,2,0,2,0,0,0,0,0,0,5406,0,3510,1896,0
2299,49911,18.086375,17.636848,17.632306,0.008088,0.000709,0.000000,0.000000,0.087958,0.016959,0.811333,2156,3520868,37476,0,2,0,2,0,0,0,0,0,0,5406,0,3510,1896,0
2300,49912,17.802375,17.374544,17.376851,0.007294,0.000333,0.000000,0.000000,0.093958,0.038625,0.310417,2099,3584600,37607,0,2,0,2,0,0,0,0,0,0,7208,0,4680,2528,0
2301,49913,17.647000,17.224530,17.224318,0.008294,0.000665,0.000000,0.000000,0.080625,0.014875,0.907833,2100,3570604,37828,0,2,0,2,0,0,0,0,0,0,5406,0,3510,1896,0
2302,49914,17.398708,16.968307,17.009720,0.008118,0.000584,0.000000,0.000000,0.094292,0.015167,0.614917,2142,3531380,37420,0,2,0,2,0,0,0,0,0,0,5406,0,3510,1896,0
2303,49915,17.004750,16.592817,16.619570,0.007870,0.000417,0.000000,0.000000,0.086542,0.016625,1.220416,2050,3453994,36222,0,2,0,2,0,0,0,0,0,0,7208,0,4680,2528,0
2304,49916,18.174792,17.748751,17.792949,0.008047,0.000375,0.000000,0.000000,0.076833,0.015250,0.584875,2031,3545316,37304,0,2,0,2,0,0,0,0,0,0,5406,0,3510,1896,0
2305,49917,16.897333,16.468024,16.508942,0.007873,0.000583,0.000000,0.000000,0.084084,0.013875,0.294584,2097,3448368,36429,0,2,0,2,0,0,0,0,0,0,5406,0,3510,1896,0
2306,49918,16.888917,16.481000,16.486157,0.007839,0.000583,0.000000,0.000000,0.072667,0.015500,0.906667,2039,3441668,36106,0,2,0,2,0,0,0,0,0,0,7208,0,4680,2528,0
2307,49919,17.126250,16.714801,16.748647,0.008167,0.000335,0.000000,0.000000,0.075875,0.016792,1.225375,2037,3503914,36959,0,2,0,2,0,0,0,0,0,0,5406,0,3510,1896,0
2308,49920,16.996125,16.582857,16.614294,0.007574,0.000750,0.000000,0.000000,0.080208,0.016334,0.610791,2056,3458553,36432,0,2,0,2,0,0,0,0,0,0,5406,0,3510,1896,0
2309,49921,16.567458,16.163076,16.180372,0.007837,0.000543,0.000000,0.000000,0.070125,0.015334,0.785125,2022,3405209,35840,0,2,0,2,0,0,0,0,0,0,7208,0,4680,2528,0
2310,49922,16.955250,16.548064,16.585343,0.007621,0.000585,0.000000,0.000000,0.074334,0.015208,0.288958,2012,3520130,37040,0,2,0,2,0,0,0,0,0,0,5406,0,3510,1896,0
2311,49923,17.159625,16.741165,16.736042,0.008122,0.000416,0.000000,0.000000,0.073917,0.015542,0.582042,2058,3432162,36321,0,2,0,2,0,0,0,0,0,0,5406,0,3510,1896,0
2312,49924,16.962209,16.557741,16.571610,0.007790,0.000749,0.000000,0.000000,0.070458,0.014833,0.644542,2027,3469902,36325,0,2,0,2,0,0,0,0,0,0,7208,0,4680,2528,0
2313,49925,16.745208,16.336135,16.370217,0.007622,0.000333,0.000000,0.000000,0.079750,0.015292,1.196084,2038,3452066,36404,0,2,0,2,0,0,0,0,0,0,5406,0,3510,1896,0
2314,49926,16.701333,16.290053,16.323192,0.007955,0.000458,0.000000,0.000000,0.075167,0.015083,0.614292,2049,3410401,36144,0,2,0,2,0,0,0,0,0,0,5406,0,3510,1896,0
2315,49927,16.756375,16.344920,16.378286,0.007829,0.000958,0.000000,0.000000,0.075625,0.016042,0.666542,2038,3481453,36492,0,2,0,2,0,0,0,0,0,0,7208,0,4680,2528,0
2316,49928,16.751709,16.342172,16.386212,0.007743,0.000499,0.000000,0.000000,0.076083,0.014708,1.032042,2020,3450921,36397,0,2,0,2,0,0,0,0,0,0,5406,0,3510,1896,0
2317,49929,16.559750,16.147175,16.188265,0.008377,0.000666,0.000000,0.000000,0.092958,0.016333,0.677708,2069,3423684,36190,0,2,0,2,0,0,0,0,0,0,5406,0,3510,1896,0
2318,49930,16.932500,16.523124,16.534835,0.007710,0.000583,0.000000,0.000000,0.073541,0.014542,0.899042,2026,3488276,36439,0,2,0,2,0,0,0,0,0,0,7208,0,4680,2528,0
2319,49931,16.512666,16.105456,16.137614,0.008247,0.000458,0.000000,0.000000,0.078500,0.018167,0.324125,2029,3423990,36290,0,2,0,2,0,0,0,0,0,0,5406,0,3510,1896,0
2320,49932,15.876042,15.497912,15.516564,0.007252,0.000583,0.000000,0.000000,0.075250,0.014000,0.900791,2023,3456423,36321,0,2,0,2,0,0,0,0,0,0,7004,0,4536,2468,0
2321,49933,15.786708,15.408332,15.428988,0.007538,0.000542,0.000000,0.000000,0.070000,0.014209,0.612209,2022,3481187,36541,0,2,0,2,0,0,0,0,0,0,5610,0,3654,1956,0
2322,49934,15.053042,14.676884,14.694767,0.007492,0.000666,0.000000,0.000000,0.068750,0.013333,1.250000,2017,3428545,35851,0,2,0,2,0,0,0,0,0,0,5565,0,3510,2055,0
2323,49935,15.878583,15.500287,15.534176,0.006912,0.000292,0.000000,0.000000,0.060250,0.011709,0.611292,2024,3680450,37945,0,2,0,2,0,0,0,0,0,0,7353,0,4680,2673,0
2324,49936,17.236584,16.847683,16.881567,0.007249,0.000498,0.000000,0.000000,0.099458,0.018750,0.853500,2034,3844508,39762,0,2,0,2,0,0,0,0,0,0,5406,0,3510,1896,0
2325,49937,15.264333,14.895079,14.930758,0.007458,0.000416,0.000000,0.000000,0.077125,0.025208,0.293917,2011,3382505,35910,0,2,0,2,0,0,0,0,0,0,5406,0,3510,1896,0
2326,49938,14.680667,14.310300,14.332982,0.007542,0.000334,0.000000,0.000000,0.082166,0.016084,1.223041,1998,3381800,35432,0,2,0,2,0,0,0,0,0,0,7404,0,4680,2724,0
2327,49939,16.841291,16.460859,16.492289,0.006658,0.000374,0.000000,0.000000,0.080834,0.017041,0.294167,2020,3754680,38850,0,2,0,2,0,0,0,0,0,0,5406,0,3510,1896,0
2328,49940,16.328500,15.939241,15.978058,0.007826,0.000457,0.000000,0.000000,0.089709,0.016041,0.775250,2026,3440575,36318,0,2,0,2,0,0,0,0,0,0,5406,0,3510,1896,0
2329,49941,15.526584,15.150219,15.178903,0.007457,0.000500,0.000000,0.000000,0.081416,0.024875,0.600708,2011,3408663,35905,0,2,0,2,0,0,0,0,0,0,7208,0,4680,2528,0
2330,49942,15.860791,15.484495,15.479083,0.007036,0.000541,0.000000,0.000000,0.091209,0.015166,0.992500,2012,3481865,36742,0,2,0,2,0,0,0,0,0,0,5406,0,3510,1896,0
2331,49943,15.583292,15.208822,15.239287,0.007710,0.000457,0.000000,0.000000,0.077000,0.019500,0.669875,2014,3417207,36296,0,2,0,2,0,0,0,0,0,0,5406,0,3510,1896,0
2332,49944,15.728000,15.355459,15.384815,0.007500,0.000499,0.000000,0.000000,0.071917,0.020291,0.916584,2013,3445966,36197,0,2,0,2,0,0,0,0,0,0,7208,0,4680,2528,0
2333,49945,15.831125,15.453030,15.482546,0.006830,0.000498,0.000000,0.000000,0.071000,0.015125,0.681542,2025,3473266,36714,0,2,0,2,0,0,0,0,0,0,5406,0,3510,1896,0
2334,49946,16.382958,15.984929,15.904354,0.006880,0.000667,0.000000,0.000000,0.099875,0.017959,0.802292,2035,3436143,36450,0,2,0,2,0,0,0,0,0,0,5406,0,3510,1896,0
2335,49947,16.094250,15.710060,15.745669,0.007627,0.000500,0.000000,0.000000,0.086459,0.015583,0.335208,2031,3425676,36050,0,2,0,2,0,0,0,0,0,0,7208,0,4680,2528,0
2336,49948,17.206292,16.784806,16.672664,0.006879,0.000459,0.000000,0.000000,0.102792,0.017708,0.669625,2023,3496080,36926,0,2,0,2,0,0,0,0,0,0,5406,0,3510,1896,0
2337,49949,16.259583,15.863095,15.870348,0.007799,0.000333,0.000000,0.000000,0.083542,0.013167,0.306292,2048,3406039,36106,0,2,0,2,0,0,0,0,0,0,5406,0,3510,1896,0
2338,49950,15.637709,15.263543,15.298506,0.007832,0.000417,0.000000,0.000000,0.069208,0.023750,1.195125,2026,3400055,35819,0,2,0,2,0,0,0,0,0,0,7208,0,4680,2528,0
2339,49951,16.180541,15.787374,15.816222,0.007321,0.000542,0.000000,0.000000,0.073542,0.013167,0.315667,2025,3452040,36584,0,2,0,2,0,0,0,0,0,0,5406,0,3510,1896,0
2340,49952,16.170584,15.776339,15.786163,0.007580,0.000375,0.000000,0.000000,0.085041,0.013709,0.978459,2068,3431252,36271,0,2,0,2,0,0,0,0,0,0,5406,0,3510,1896,0
2341,49953,15.861000,15.470928,15.484032,0.007382,0.000500,0.000000,0.000000,0.079208,0.014667,0.313667,2014,3394802,35764,0,2,0,2,0,0,0,0,0,0,7208,0,4680,2528,0
2342,49954,17.141375,16.762674,16.617863,0.007161,0.000791,0.000000,0.000000,0.102125,0.052541,0.637374,1999,3443744,36330,0,2,0,2,0,0,0,0,0,0,5406,0,3510,1896,0
2343,49955,17.386250,16.958092,16.863295,0.010951,0.000502,0.000000,0.000000,0.082708,0.013625,0.651916,2043,3409006,36162,0,2,0,2,0,0,0,0,0,0,5406,0,3510,1896,0
2344,49956,16.467166,16.084237,16.125042,0.007412,0.000460,0.000000,0.000000,0.073375,0.022334,0.308333,2011,3421703,35846,0,2,0,2,0,0,0,0,0,0,7208,0,4680,2528,0
2345,49957,16.236417,15.858288,15.873692,0.007047,0.000374,0.000000,0.000000,0.071708,0.024584,0.728958,1992,3471245,36564,0,2,0,2,0,0,0,0,0,0,5406,0,3510,1896,0
2346,49958,15.765042,15.387065,15.364445,0.007257,0.000333,0.000000,0.000000,0.068375,0.013541,0.587416,2052,3416973,35313,0,2,0,2,0,0,0,0,0,0,5586,0,3510,2076,0
2347,49959,17.007333,16.630396,16.659179,0.006993,0.000375,0.000000,0.000000,0.076417,0.020583,1.321500,2023,3764271,39008,0,2,0,2,0,0,0,0,0,0,7208,0,4680,2528,0
2348,49960,16.617417,16.230331,16.209686,0.007501,0.000583,0.000000,0.000000,0.071541,0.013334,0.508917,2033,3561494,37188,0,2,0,2,0,0,0,0,0,0,5406,0,3510,1896,0
2349,49961,16.407916,16.018051,16.035737,0.007498,0.000501,0.000000,0.000000,0.072875,0.021917,0.760166,2079,3484983,36562,0,2,0,2,0,0,0,0,0,0,5406,0,3510,1896,0
2350,49962,15.755292,15.355451,15.401148,0.007549,0.000334,0.000000,0.000000,0.063792,0.012541,0.313416,2053,3523004,37141,0,2,0,2,0,0,0,0,0,0,7342,0,4680,2662,0
2351,49963,17.489083,17.089957,17.128185,0.009250,0.000666,0.000000,0.000000,0.069250,0.017292,1.300333,2052,3862736,39274,0,2,0,2,0,0,0,0,0,0,5406,0,3510,1896,0
2352,49964,16.500167,16.098816,16.114292,0.006923,0.000416,0.000000,0.000000,0.066292,0.013791,0.659208,2090,3546650,37227,0,2,0,2,0,0,0,0,0,0,5406,0,3510,1896,0
2353,49965,16.409792,16.023848,16.041875,0.010745,0.000417,0.000000,0.000000,0.074166,0.018209,0.972833,2067,3520062,36581,0,2,0,2,0,0,0,0,0,0,7208,0,4680,2528,0
2354,49966,15.986583,15.599643,15.631691,0.007000,0.000542,0.000000,0.000000,0.071083,0.013542,0.584084,2064,3565784,37327,0,2,0,2,0,0,0,0,0,0,5406,0,3510,1896,0
2355,49967,15.863792,15.470973,15.487686,0.007592,0.000459,0.000000,0.000000,0.068625,0.018583,0.697250,2110,3517394,36813,0,2,0,2,0,0,0,0,0,0,5406,0,3510,1896,0
2356,49968,15.720166,15.338272,15.365855,0.007039,0.000417,0.000000,0.000000,0.065084,0.012875,0.659792,2065,3544508,36872,0,2,0,2,0,0,0,0,0,0,7208,0,4680,2528,0
2357,49969,15.914125,15.527009,15.554099,0.007253,0.000584,0.000000,0.000000,0.066917,0.015250,1.238417,2059,3557057,37313,0,2,0,2,0,0,0,0,0,0,5406,0,3510,1896,0
2358,49970,15.779292,15.391413,15.413291,0.007206,0.000499,0.000000,0.000000,0.069958,0.012750,0.786084,2082,3499158,36740,0,2,0,2,0,0,0,0,0,0,5406,0,3510,1896,0
2359,49971,16.208292,15.798289,15.734095,0.007504,0.000418,0.000000,0.000000,0.103458,0.051750,0.303542,2055,3477874,36327,0,2,0,2,0,0,0,0,0,0,7208,0,4680,2528,0
2360,49972,16.502791,16.147938,16.109105,0.006950,0.000793,0.000000,0.000000,0.077042,0.018375,0.661500,2042,3588442,37550,0,2,0,2,0,0,0,0,0,0,5406,0,3510,1896,0
2361,49973,15.525375,15.136819,15.133186,0.007549,0.000458,0.000000,0.000000,0.286625,0.015000,0.630625,2081,3487903,36499,0,2,0,2,0,0,0,0,0,0,5565,0,3510,2055,0
2362,49974,16.844000,16.462495,16.247533,0.006719,0.000458,0.000000,0.000000,0.076209,0.014125,1.266958,2048,3760433,38243,0,2,0,2,0,0,0,0,0,0,7208,0,4680,2528,0
2363,49975,15.953584,15.571727,15.602461,0.007371,0.000418,0.000000,0.000000,0.651750,0.031250,0.316750,2040,3544435,37208,0,2,0,2,0,0,0,0,0,0,5406,0,3510,1896,0
2364,49976,16.287250,15.904306,15.368569,0.007123,0.000334,0.000000,0.000000,1.002916,0.025584,0.955459,2070,3508304,36938,0,2,0,2,0,0,0,0,0,0,5406,0,3510,1896,0
2365,49977,16.568875,16.187699,15.285692,0.007579,0.000459,0.000000,0.000000,1.207750,0.016541,0.318958,2057,3526481,36648,0,2,0,2,0,0,0,0,0,0,7208,0,4680,2528,0
2366,49978,16.672416,16.294066,15.207234,0.007041,0.000500,0.000000,0.000000,1.102084,0.013458,1.122667,2042,3501785,36822,0,2,0,2,0,0,0,0,0,0,5406,0,3510,1896,0
2367,49979,16.954792,16.559118,15.515944,0.007130,0.000541,0.000000,0.000000,0.893750,0.012333,0.674291,2097,3478122,36575,0,2,0,2,0,0,0,0,0,0,5406,0,3510,1896,0
2368,49980,16.682542,16.301442,15.493187,0.007418,0.000332,0.000000,0.000000,0.890166,0.013084,0.639125,2054,3545730,36828,0,2,0,2,0,0,0,0,0,0,7208,0,4680,2528,0
2369,49981,16.235250,15.859073,15.082299,0.007167,0.000375,0.000000,0.000000,1.299125,0.013333,0.966291,2024,3449749,36312,0,2,0,2,0,0,0,0,0,0,5406,0,3510,1896,0
2370,49982,17.065583,16.680304,15.465912,0.007545,0.000709,0.000000,0.000000,0.750042,0.015541,0.610125,2037,3461605,36374,0,2,0,2,0,0,0,0,0,0,5406,0,3510,1896,0
2371,49983,17.529625,17.140109,16.502963,0.007585,0.000877,0.000000,0.000000,0.090250,0.015500,0.586166,2032,3499728,36408,0,2,0,2,0,0,0,0,0,0,7208,0,4680,2528,0
2372,49984,18.238875,17.824588,17.823447,0.007792,0.000958,0.000000,0.000000,0.152500,0.019500,0.291667,2021,3474766,36462,0,2,0,2,0,0,0,0,0,0,5406,0,3510,1896,0
2373,49985,19.243083,18.837308,18.671133,0.008045,0.000416,0.000000,0.000000,0.084584,0.034125,0.591957,2022,3430648,35860,0,2,0,2,0,0,0,0,0,0,7004,0,4536,2468,0
2374,49986,17.023834,16.618783,16.642452,0.007915,0.000625,0.000000,0.000000,0.074583,0.015708,0.904000,2014,3482312,36438,0,2,0,2,0,0,0,0,0,0,5610,0,3654,1956,0
2375,49987,16.397125,15.993589,16.036822,0.007958,0.000625,0.000000,0.000000,0.066375,0.013500,0.612041,2013,3439471,36167,0,2,0,2,0,0,0,0,0,0,5406,0,3510,1896,0
2376,49988,16.417916,16.015302,16.047615,0.007623,0.000417,0.000000,0.000000,0.064375,0.013459,0.735793,2009,3457483,35932,0,2,0,2,0,0,0,0,0,0,7208,0,4680,2528,0
2377,49989,16.472584,16.065332,16.100265,0.007424,0.000499,0.000000,0.000000,0.064958,0.013000,0.492208,2012,3481232,36637,0,2,0,2,0,0,0,0,0,0,5406,0,3510,1896,0
2378,49990,15.263333,14.886669,14.926408,0.006790,0.000458,0.000000,0.000000,0.060208,0.011500,0.586042,2021,3432856,36056,0,2,0,2,0,0,0,0,0,0,5406,0,3510,1896,0
2379,49991,15.277792,14.900613,14.936287,0.007041,0.000292,0.000000,0.000000,0.071208,0.014042,0.611083,2035,3420588,35613,0,2,0,2,0,0,0,0,0,0,7209,0,4680,2529,0
2380,49992,15.673250,15.295960,15.335125,0.007000,0.000250,0.000000,0.000000,0.069416,0.014834,1.043251,2031,3541764,37062,0,2,0,2,0,0,0,0,0,0,7446,0,3510,3936,0
2381,49993,15.135000,14.757505,14.798173,0.007158,0.000458,0.000000,0.000000,1.409541,0.014042,0.616333,2018,3432251,36089,0,2,0,2,0,0,0,0,0,0,5406,0,3510,1896,0
2382,49994,16.710833,16.334800,15.040618,0.007203,0.000418,0.000000,0.000000,1.470292,0.012875,0.798250,2020,3467372,36016,0,2,0,2,0,0,0,0,0,0,7208,0,4680,2528,0
2383,49995,16.832708,16.455557,15.092568,0.007425,0.000543,0.000000,0.000000,1.255959,0.012500,0.293292,2026,3501441,36826,0,2,0,2,0,0,0,0,0,0,5406,0,3510,1896,0
2384,49996,16.449584,16.070335,14.909079,0.007335,0.000541,0.000000,0.000000,1.627708,0.014250,0.920251,2015,3460055,36317,0,2,0,2,0,0,0,0,0,0,5406,0,3510,1896,0
2385,49997,16.773958,16.397816,14.870726,0.007166,0.000291,0.000000,0.000000,1.477625,0.013167,0.900417,2025,3425451,35646,0,2,0,2,0,0,0,0,0,0,7208,0,4680,2528,0
2386,49998,16.799542,16.425915,15.050648,0.007081,0.000291,0.000000,0.000000,1.275625,0.012458,0.610417,2003,3494678,36763,0,2,0,2,0,0,0,0,0,0,5406,0,3510,1896,0
2387,49999,16.009875,15.641987,14.464440,0.007499,0.000207,0.000000,0.000000,1.933250,0.012375,0.595958,2036,3454443,36300,0,2,0,2,0,0,0,0,0,0,5406,0,3510,1896,0
2388,50000,16.597708,16.236067,14.400916,0.007243,0.000458,0.000000,0.000000,1.866667,0.011791,0.607542,2013,3453183,35880,0,2,0,2,0,0,0,0,0,0,7208,0,4680,2528,0
2389,50001,16.663208,16.299505,14.525091,0.006790,0.000290,0.000000,0.000000,2.141000,0.012125,0.588292,2012,3485141,36694,0,2,0,2,0,0,0,0,0,0,5406,0,3510,1896,0
2390,50002,16.739209,16.370460,14.326151,0.007204,0.000332,0.000000,0.000000,1.844916,0.013250,0.618583,2044,3428764,36011,0,2,0,2,0,0,0,0,0,0,5406,0,3510,1896,0
2391,50003,16.496500,16.136274,14.390389,0.006498,0.000333,0.000000,0.000000,2.061583,0.012167,1.225792,1999,3424609,35552,0,2,0,2,0,0,0,0,0,0,7208,0,4680,2528,0
2392,50004,17.140333,16.775296,14.814931,0.007334,0.000376,0.000000,0.000000,1.794125,0.014208,0.316375,2011,3533742,37104,0,2,0,2,0,0,0,0,0,0,5406,0,3510,1896,0
2393,50005,16.444542,16.075630,14.387416,0.006828,0.000292,0.000000,0.000000,1.812416,0.012459,0.744624,2063,3441453,36172,0,2,0,2,0,0,0,0,0,0,5406,0,3510,1896,0
2394,50006,17.366125,16.996300,15.248513,0.006669,0.000458,0.000000,0.000000,1.252708,0.039417,1.178125,2017,3431990,35682,0,2,0,2,0,0,0,0,0,0,7208,0,4680,2528,0
2395,50007,17.445500,17.075093,15.898168,0.007300,0.000459,0.000000,0.000000,0.301666,0.014542,0.297833,1996,3483594,36533,0,2,0,2,0,0,0,0,0,0,5406,0,3510,1896,0
2396,50008,18.341625,17.946636,17.524405,0.007585,0.000583,0.000000,0.000000,0.075791,0.013375,0.594833,2044,3477096,36527,0,2,0,2,0,0,0,0,0,0,5406,0,3510,1896,0
2397,50009,15.014500,14.653295,14.690843,0.006000,0.000499,0.000000,0.000000,0.336791,0.013625,0.614917,2019,3436405,35709,0,2,0,2,0,0,0,0,0,0,7208,0,4680,2528,0
2398,50010,15.484333,15.119332,14.884599,0.007666,0.000417,0.000000,0.000000,1.446833,0.015417,0.593416,2008,3481734,36568,0,2,0,2,0,0,0,0,0,0,5406,0,3510,1896,0
2399,50011,16.117208,15.752734,14.418120,0.007538,0.000334,0.000000,0.000000,1.853375,0.013500,0.608791,2041,3412936,35928,0,2,0,2,0,0,0,0,0,0,5406,0,3510,1896,0
2400,50012,17.088209,16.725031,14.983707,0.006999,0.000458,0.000000,0.000000,1.584791,0.013000,0.915625,2013,3464867,36016,0,2,0,2,0,0,0,0,0,0,7208,0,4680,2528,0
2401,50013,16.577833,16.213255,14.721634,0.006627,0.000459,0.000000,0.000000,1.792542,0.012750,0.950958,2012,3476566,36556,0,2,0,2,0,0,0,0,0,0,5406,0,3510,1896,0
2402,50014,16.612333,16.242613,14.519234,0.006916,0.000416,0.000000,0.000000,1.721750,0.011959,0.301125,2075,3424474,35998,0,2,0,2,0,0,0,0,0,0,5406,0,3510,1896,0
2403,50015,16.253459,15.893932,14.278068,0.006833,0.000374,0.000000,0.000000,2.028208,0.012708,0.650791,2009,3425170,35607,0,2,0,2,0,0,0,0,0,0,7208,0,4680,2528,0
2404,50016,17.553958,17.182714,15.230524,0.011959,0.000291,0.000000,0.000000,1.277708,0.012834,0.328208,2013,3508350,36883,0,2,0,2,0,0,0,0,0,0,5406,0,3510,1896,0
2405,50017,17.154042,16.761687,15.567767,0.008003,0.000585,0.000000,0.000000,0.720666,0.014750,0.973541,2059,3425498,36008,0,2,0,2,0,0,0,0,0,0,5406,0,3510,1896,0
2406,50018,16.040416,15.675347,15.088691,0.006160,0.003749,0.000000,0.000000,1.370209,0.012375,0.503750,2015,3434759,35728,0,2,0,2,0,0,0,0,0,0,7208,0,4680,2528,0
2407,50019,16.961084,16.580452,15.293620,0.007243,0.000331,0.000000,0.000000,1.129875,0.013791,0.612792,2017,3479367,36576,0,2,0,2,0,0,0,0,0,0,5406,0,3510,1896,0
2408,50020,16.774208,16.401712,15.332206,0.007368,0.000625,0.000000,0.000000,0.835333,0.013834,0.640291,2059,3459644,36230,0,2,0,2,0,0,0,0,0,0,5406,0,3510,1896,0
2409,50021,16.148208,15.780494,15.051577,0.007995,0.000543,0.000000,0.000000,1.458375,0.015542,0.951084,2018,3405087,35521,0,2,0,2,0,0,0,0,0,0,7208,0,4680,2528,0
2410,50022,17.060834,16.690377,15.323991,0.007412,0.000292,0.000000,0.000000,1.145125,0.028875,1.171667,2009,3492889,36709,0,2,0,2,0,0,0,0,0,0,5406,0,3510,1896,0
2411,50023,16.846625,16.460448,15.413470,0.006456,0.000417,0.000000,0.000000,0.944666,0.030042,0.307291,2064,3442358,36218,0,2,0,2,0,0,0,0,0,0,5406,0,3510,1896,0
2412,50024,16.175750,15.805272,14.960161,0.007050,0.000458,0.000000,0.000000,1.427083,0.012500,0.911375,2028,3451168,35927,0,2,0,2,0,0,0,0,0,0,7208,0,4680,2528,0
2413,50025,16.684875,16.322327,14.980781,0.007045,0.000458,0.000000,0.000000,1.466708,0.030583,0.305583,2002,3476540,36551,0,2,0,2,0,0,0,0,0,0,5406,0,3510,1896,0
2414,50026,16.777458,16.399119,15.029433,0.007465,0.000500,0.000000,0.000000,1.627458,0.038917,1.170124,2062,3428258,36105,0,2,0,2,0,0,0,0,0,0,5406,0,3510,1896,0
2415,50027,17.030917,16.661310,15.073082,0.007504,0.000459,0.000000,0.000000,0.958833,0.019458,0.633459,2025,3438698,35774,0,2,0,2,0,0,0,0,0,0,7208,0,4680,2528,0
2416,50028,16.534166,16.164740,15.276116,0.006453,0.000376,0.000000,0.000000,1.100542,0.021542,0.583000,2031,3527613,37044,0,2,0,2,0,0,0,0,0,0,5406,0,3510,1896,0
2417,50029,16.199000,15.819157,14.841807,0.007665,0.000625,0.000000,0.000000,1.626000,0.015292,0.902875,2095,3420315,36035,0,2,0,2,0,0,0,0,0,0,5406,0,3510,1896,0
2418,50030,16.993375,16.628419,15.113781,0.005661,0.000458,0.000000,0.000000,1.377792,0.013708,0.629792,2020,3472065,36157,0,2,0,2,0,0,0,0,0,0,7208,0,4680,2528,0
2419,50031,16.462459,16.099249,14.831709,0.007756,0.000500,0.000000,0.000000,1.608250,0.016791,1.296791,1999,3434076,36140,0,2,0,2,0,0,0,0,0,0,5406,0,3510,1896,0
2420,50032,17.959708,17.573244,15.924660,0.006414,0.000375,0.000000,0.000000,0.208333,0.021250,0.644958,2059,3465577,36379,0,2,0,2,0,0,0,0,0,0,5406,0,3510,1896,0
2421,50033,15.719333,15.336657,15.222031,0.006614,0.000666,0.000000,0.000000,1.235875,0.023917,0.917708,2015,3487615,36291,0,2,0,2,0,0,0,0,0,0,7208,0,4680,2528,0
2422,50034,16.418334,16.050110,14.922122,0.007505,0.000457,0.000000,0.000000,1.380250,0.013875,0.306292,2024,3433826,36036,0,2,0,2,0,0,0,0,0,0,5406,0,3510,1896,0
2423,50035,16.835291,16.456521,15.160895,0.006865,0.000374,0.000000,0.000000,1.206500,0.016375,1.226458,2052,3423228,36044,0,2,0,2,0,0,0,0,0,0,5406,0,3510,1896,0
2424,50036,17.100750,16.727770,15.654738,0.006873,0.000417,0.000000,0.000000,0.760750,0.013584,0.611917,2005,3502400,36454,0,2,0,2,0,0,0,0,0,0,7208,0,4680,2528,0
2425,50037,16.464334,16.087575,15.392035,0.007377,0.000501,0.000000,0.000000,1.003166,0.013875,0.777792,2002,3431128,36059,0,2,0,2,0,0,0,0,0,0,5406,0,3510,1896,0
2426,50038,16.606250,16.230189,15.323611,0.007209,0.000374,0.000000,0.000000,0.920916,0.012500,0.589208,2022,3434700,35891,0,2,0,2,0,0,0,0,0,0,7004,0,4536,2468,0
2427,50039,16.785875,16.408218,15.599501,0.007458,0.000498,0.000000,0.000000,1.112291,0.014042,0.619750,2017,3498283,36615,0,2,0,2,0,0,0,0,0,0,5610,0,3654,1956,0
2428,50040,16.593458,16.221887,15.215934,0.007464,0.000625,0.000000,0.000000,1.073542,0.015916,1.098876,2008,3454287,36267,0,2,0,2,0,0,0,0,0,0,5406,0,3510,1896,0
2429,50041,16.690250,16.313883,15.373430,0.008043,0.000668,0.000000,0.000000,0.853375,0.012833,0.617416,2014,3427111,35697,0,2,0,2,0,0,0,0,0,0,7208,0,4680,2528,0
2430,50042,16.657375,16.276292,15.528156,0.007576,0.000333,0.000000,0.000000,0.976208,0.013917,0.770916,2024,3496840,36748,0,2,0,2,0,0,0,0,0,0,5406,0,3510,1896,0
2431,50043,17.735583,17.327490,16.451854,0.008000,0.000375,0.000000,0.000000,0.084250,0.015917,0.294792,2029,3445937,36251,0,2,0,2,0,0,0,0,0,0,5406,0,3510,1896,0
2432,50044,17.104084,16.696196,16.734588,0.007920,0.000416,0.000000,0.000000,0.087166,0.016709,0.902666,2026,3480898,36143,0,2,0,2,0,0,0,0,0,0,7208,0,4680,2528,0
2433,50045,16.980541,16.573651,16.614924,0.007921,0.000585,0.000000,0.000000,0.085459,0.014750,0.593041,2012,3491947,36655,0,2,0,2,0,0,0,0,0,0,5406,0,3510,1896,0
2434,50046,16.905250,16.497561,16.492680,0.007792,0.000500,0.000000,0.000000,0.080959,0.014625,0.644125,2027,3450908,36276,0,2,0,2,0,0,0,0,0,0,5406,0,3510,1896,0
2435,50047,17.251042,16.839141,16.881664,0.008162,0.000542,0.000000,0.000000,0.105250,0.026375,0.595209,2020,3464302,36053,0,2,0,2,0,0,0,0,0,0,7208,0,4680,2528,0
2436,50048,17.498167,17.088468,17.051403,0.007081,0.000377,0.000000,0.000000,0.077541,0.015417,0.471917,2022,3516442,37006,0,2,0,2,0,0,0,0,0,0,5406,0,3510,1896,0
2437,50049,16.802791,16.381755,16.423921,0.008714,0.000292,0.000000,0.000000,0.076959,0.014041,0.936042,2029,3439707,36236,0,2,0,2,0,0,0,0,0,0,5406,0,3510,1896,0
2438,50050,17.115167,16.701837,16.741575,0.008293,0.000458,0.000000,0.000000,0.078125,0.021583,0.938417,2034,3449935,35895,0,2,0,2,0,0,0,0,0,0,7208,0,4680,2528,0
2439,50051,17.827500,17.415333,17.413562,0.007750,0.000542,0.000000,0.000000,0.096458,0.021334,0.672625,2012,3494019,36801,0,2,0,2,0,0,0,0,0,0,5406,0,3510,1896,0
2440,50052,17.197167,16.775036,16.808721,0.007376,0.000459,0.000000,0.000000,0.076125,0.024958,0.683500,2059,3479826,36532,0,2,0,2,0,0,0,0,0,0,5406,0,3510,1896,0
2441,50053,17.177500,16.760545,16.790748,0.008209,0.000418,0.000000,0.000000,0.071208,0.014125,0.308459,2036,3437949,35855,0,2,0,2,0,0,0,0,0,0,7208,0,4680,2528,0
2442,50054,17.307291,16.885173,16.916777,0.007668,0.000416,0.000000,0.000000,0.074959,0.014958,1.212166,2022,3518887,37005,0,2,0,2,0,0,0,0,0,0,5406,0,3510,1896,0
2443,50055,16.733834,16.319320,16.354467,0.008040,0.000418,0.000000,0.000000,0.077875,0.013750,0.958875,2070,3459679,36436,0,2,0,2,0,0,0,0,0,0,5406,0,3510,1896,0
2444,50056,16.707333,16.299179,16.333423,0.007832,0.000459,0.000000,0.000000,0.076000,0.021417,0.492709,2037,3480036,36208,0,2,0,2,0,0,0,0,0,0,7208,0,4680,2528,0
2445,50057,17.053250,16.645588,16.681470,0.007713,0.000542,0.000000,0.000000,0.084625,0.014958,0.692834,2021,3503056,36820,0,2,0,2,0,0,0,0,0,0,5406,0,3510,1896,0
2446,50058,16.742250,16.327619,16.369460,0.007326,0.000459,0.000000,0.000000,0.077208,0.014625,0.622625,2069,3452360,36323,0,2,0,2,0,0,0,0,0,0,5406,0,3510,1896,0
2447,50059,16.716792,16.308879,16.313900,0.007701,0.000377,0.000000,0.000000,0.085708,0.016417,0.934791,2034,3463972,36024,0,2,0,2,0,0,0,0,0,0,7208,0,4680,2528,0
2448,50060,16.905041,16.500083,16.540879,0.007499,0.000376,0.000000,0.000000,0.076917,0.013208,1.251916,2017,3524669,37056,0,2,0,2,0,0,0,0,0,0,5406,0,3510,1896,0
2449,50061,16.553209,16.139814,16.181990,0.007541,0.000458,0.000000,0.000000,0.081708,0.015542,0.293250,2058,3439423,36244,0,2,0,2,0,0,0,0,0,0,5406,0,3510,1896,0
2450,50062,16.830375,16.420791,16.453291,0.008129,0.000459,0.000000,0.000000,0.079000,0.016375,0.960084,2037,3454235,35960,0,2,0,2,0,0,0,0,0,0,7208,0,4680,2528,0
2451,50063,16.974333,16.562483,16.588097,0.007628,0.000416,0.000000,0.000000,0.082083,0.015792,0.303334,2025,3498724,36852,0,2,0,2,0,0,0,0,0,0,5406,0,3510,1896,0
2452,50064,16.622208,16.208554,16.239374,0.007420,0.000377,0.000000,0.000000,0.080250,0.032000,1.247959,2077,3462810,36400,0,2,0,2,0,0,0,0,0,0,5406,0,3510,1896,0
2453,50065,16.593625,16.187984,16.217352,0.007834,0.000377,0.000000,0.000000,0.079709,0.015458,0.612875,2021,3434088,35784,0,2,0,2,0,0,0,0,0,0,7208,0,4680,2528,0
2454,50066,16.706792,16.298500,16.337419,0.007665,0.000459,0.000000,0.000000,0.090000,0.016417,0.786334,2017,3496398,36805,0,2,0,2,0,0,0,0,0,0,5406,0,3510,1896,0
2455,50067,16.619833,16.207180,16.241937,0.007915,0.000500,0.000000,0.000000,0.081875,0.016792,0.922083,2062,3441580,36231,0,2,0,2,0,0,0,0,0,0,5406,0,3510,1896,0
2456,50068,17.023209,16.615503,16.564879,0.008207,0.000373,0.000000,0.000000,0.083208,0.015917,0.292750,2030,3463687,36006,0,2,0,2,0,0,0,0,0,0,7208,0,4680,2528,0
2457,50069,16.781750,16.376009,16.416827,0.007743,0.000542,0.000000,0.000000,0.088416,0.014292,1.099542,2011,3483434,36641,0,2,0,2,0,0,0,0,0,0,5406,0,3510,1896,0
2458,50070,16.028833,15.620357,15.659746,0.007787,0.000541,0.000000,0.000000,0.072292,0.015666,0.533916,2050,3421214,35914,0,2,0,2,0,0,0,0,0,0,5663,0,3510,2153,0
2459,50071,18.279708,17.873021,17.913617,0.006459,0.000500,0.000000,0.000000,0.094584,0.027125,0.902708,2016,3862744,38907,0,2,0,2,0,0,0,0,0,0,7367,0,4680,2687,0
2460,50072,19.809792,19.373573,19.344488,0.007512,0.000625,0.000000,0.000000,0.099000,0.024625,0.643751,2097,3887393,40376,0,2,0,2,0,0,0,0,0,0,5406,0,3510,1896,0
2461,50073,17.801625,17.359662,17.394249,0.007965,0.000459,0.000000,0.000000,0.095750,0.021000,0.447750,2157,3407758,35814,0,2,0,2,0,0,0,0,0,0,5406,0,3510,1896,0
2462,50074,16.683625,16.275016,16.300884,0.008661,0.000500,0.000000,0.000000,0.096000,0.024750,0.688458,1998,3386275,35052,0,2,0,2,0,0,0,0,0,0,7208,0,4680,2528,0
2463,50075,18.949792,18.498325,18.549077,0.007827,0.000374,0.000000,0.000000,0.094708,0.024667,0.920459,2075,3651898,38041,0,2,0,2,0,0,0,0,0,0,5406,0,3510,1896,0
2464,50076,17.547291,17.120555,17.145242,0.007671,0.000458,0.000000,0.000000,0.082875,0.016250,0.305583,2121,3594378,37695,0,2,0,2,0,0,0,0,0,0,5406,0,3510,1896,0
2465,50077,16.927959,16.510041,16.551751,0.007588,0.000333,0.000000,0.000000,0.077000,0.015208,0.942000,2091,3525604,36713,0,2,0,2,0,0,0,0,0,0,7208,0,4680,2528,0
2466,50078,17.198166,16.783378,16.828247,0.007916,0.000457,0.000000,0.000000,0.089959,0.016458,0.972041,2053,3579864,37368,0,2,0,2,0,0,0,0,0,0,5406,0,3510,1896,0
2467,50079,16.986750,16.568324,16.611368,0.007955,0.000374,0.000000,0.000000,0.081167,0.023500,0.649500,2086,3508976,36869,0,2,0,2,0,0,0,0,0,0,5406,0,3510,1896,0
2468,50080,17.157834,16.751896,16.779200,0.007751,0.000249,0.000000,0.000000,0.076208,0.022375,0.607125,2011,3473459,36163,0,2,0,2,0,0,0,0,0,0,7208,0,4680,2528,0
2469,50081,17.876500,17.456308,17.500942,0.008041,0.000375,0.000000,0.000000,0.069250,0.025458,1.320291,2007,3507130,36694,0,2,0,2,0,0,0,0,0,0,5406,0,3510,1896,0
2470,50082,16.923875,16.485939,16.524152,0.008293,0.000418,0.000000,0.000000,0.071916,0.013709,0.301250,2057,3466478,36507,0,2,0,2,0,0,0,0,0,0,5406,0,3510,1896,0
2471,50083,16.930916,16.519377,16.566288,0.007916,0.000460,0.000000,0.000000,0.074584,0.013333,1.301125,2007,3472692,36253,0,2,0,2,0,0,0,0,0,0,7208,0,4680,2528,0
2472,50084,17.083125,16.679955,16.703831,0.007918,0.000500,0.000000,0.000000,0.080000,0.014667,0.507209,2002,3476006,36650,0,2,0,2,0,0,0,0,0,0,5406,0,3510,1896,0
2473,50085,16.917417,16.500827,16.523426,0.008044,0.000583,0.000000,0.000000,0.081667,0.014250,0.869875,2056,3434460,36191,0,2,0,2,0,0,0,0,0,0,5406,0,3510,1896,0
2474,50086,16.991708,16.586974,16.610530,0.008211,0.000376,0.000000,0.000000,0.071250,0.014625,0.292875,2009,3496279,36236,0,2,0,2,0,0,0,0,0,0,7208,0,4680,2528,0
2475,50087,16.920459,16.516997,16.555603,0.008466,0.000584,0.000000,0.000000,0.077541,0.013834,0.928916,2011,3492101,36800,0,2,0,2,0,0,0,0,0,0,5406,0,3510,1896,0
2476,50088,16.637041,16.233208,16.265413,0.007760,0.000332,0.000000,0.000000,0.076000,0.015917,0.949750,2000,3471399,36424,0,2,0,2,0,0,0,0,0,0,5406,0,3510,1896,0
2477,50089,16.345709,15.940431,15.977301,0.008116,0.000333,0.000000,0.000000,0.065916,0.013084,0.318875,2022,3517709,36366,0,2,0,2,0,0,0,0,0,0,7367,0,4680,2687,0
2478,50090,18.199791,17.785110,17.721606,0.007871,0.000667,0.000000,0.000000,0.099917,0.014667,0.614833,2048,3726067,38106,0,2,0,2,0,0,0,0,0,0,5406,0,3510,1896,0
2479,50091,17.971292,17.541070,17.563896,0.008697,0.000542,0.000000,0.000000,0.076292,0.015375,0.935833,2004,3413274,35579,0,2,0,2,0,0,0,0,0,0,7004,0,4536,2468,0
2480,50092,17.879333,17.446005,17.484669,0.008204,0.000375,0.000000,0.000000,0.092375,0.016584,0.411209,2012,3504900,36651,0,2,0,2,0,0,0,0,0,0,5610,0,3654,1956,0
2481,50093,17.673917,17.244842,17.241688,0.008871,0.000335,0.000000,0.000000,0.089042,0.016750,0.799417,1987,3399834,35826,0,2,0,2,0,0,0,0,0,0,5406,0,3510,1896,0
2482,50094,17.546417,17.118828,17.155245,0.008159,0.000501,0.000000,0.000000,0.085166,0.015334,0.911459,2005,3384829,35331,0,2,0,2,0,0,0,0,0,0,7208,0,4680,2528,0
2483,50095,17.724500,17.292219,17.330973,0.007998,0.000334,0.000000,0.000000,0.089583,0.017417,0.293792,2000,3452449,36254,0,2,0,2,0,0,0,0,0,0,5406,0,3510,1896,0
2484,50096,17.139250,16.707598,16.729075,0.008171,0.000501,0.000000,0.000000,0.082750,0.016208,0.597709,2002,3421426,35536,0,2,0,2,0,0,0,0,0,0,5863,0,3510,2353,0
2485,50097,17.954833,17.545661,17.584996,0.007495,0.000501,0.000000,0.000000,0.080167,0.017458,0.315042,1989,3737568,37734,0,2,0,2,0,0,0,0,0,0,7208,0,4680,2528,0
2486,50098,17.803417,17.366320,17.345944,0.007622,0.000582,0.000000,0.000000,0.116083,0.043958,0.932709,2011,3480764,36419,0,2,0,2,0,0,0,0,0,0,6431,0,3510,2921,0
2487,50099,19.746458,19.293185,18.942986,0.008070,0.000834,0.000000,0.000000,0.115417,0.021666,0.597833,2016,3452814,36128,0,2,0,2,0,0,0,0,0,0,6422,0,3510,2912,0
2488,50100,17.985125,17.560624,17.469834,0.008667,0.000624,0.000000,0.000000,0.085583,0.014875,0.902625,1995,3453931,35811,0,2,0,2,0,0,0,0,0,0,7208,0,4680,2528,0
2489,50101,17.727333,17.295607,17.333712,0.008454,0.000710,0.000000,0.000000,0.079875,0.023584,0.294333,2001,3465182,36421,0,2,0,2,0,0,0,0,0,0,5406,0,3510,1896,0
2490,50102,17.719625,17.289676,17.327938,0.008993,0.000582,0.000000,0.000000,0.086500,0.025417,1.256667,1997,3404296,35788,0,2,0,2,0,0,0,0,0,0,5406,0,3510,1896,0
2491,50103,17.728542,17.297105,17.316971,0.008543,0.000459,0.000000,0.000000,0.077875,0.014958,0.587166,1992,3399980,35351,0,2,0,2,0,0,0,0,0,0,7208,0,4680,2528,0
2492,50104,17.891333,17.460409,17.505560,0.008374,0.000416,0.000000,0.000000,0.090334,0.027458,0.605916,1997,3492292,36646,0,2,0,2,0,0,0,0,0,0,5406,0,3510,1896,0
2493,50105,17.538834,17.106143,17.121316,0.008534,0.000335,0.000000,0.000000,0.090875,0.016833,0.606584,2010,3406741,35778,0,2,0,2,0,0,0,0,0,0,5406,0,3510,1896,0
2494,50106,17.438083,17.010605,17.046803,0.008579,0.000543,0.000000,0.000000,0.080917,0.016166,1.224792,2008,3396275,35351,0,2,0,2,0,0,0,0,0,0,7208,0,4680,2528,0
2495,50107,17.281000,16.849768,16.879226,0.008626,0.000499,0.000000,0.000000,0.079125,0.015125,0.291292,2005,3476145,35946,0,2,0,2,0,0,0,0,0,0,5663,0,3510,2153,0
2496,50108,19.548833,19.090942,19.092874,0.007674,0.000415,0.000000,0.000000,0.095792,0.018458,0.591375,2006,3990077,40095,0,2,0,2,0,0,0,0,0,0,5565,0,3510,2055,0
2497,50109,20.077459,19.613956,19.540321,0.007631,0.000542,0.000000,0.000000,0.096166,0.018917,0.906251,2067,3791934,39234,0,2,0,2,0,0,0,0,0,0,7208,0,4680,2528,0
2498,50110,18.534750,18.073150,18.116231,0.008082,0.000501,0.000000,0.000000,0.091041,0.021417,1.222083,2151,3473864,36533,0,2,0,2,0,0,0,0,0,0,5406,0,3510,1896,0
2499,50111,17.372458,16.933811,16.976143,0.008496,0.000500,0.000000,0.000000,0.097333,0.015125,0.479833,2025,3387397,35406,0,2,0,2,0,0,0,0,0,0,5406,0,3510,1896,0
2500,50112,18.737792,18.292377,18.336005,0.008118,0.000458,0.000000,0.000000,0.083166,0.024042,0.587208,2084,3628871,37601,0,2,0,2,0,0,0,0,0,0,7208,0,4680,2528,0
2501,50113,18.687875,18.241653,18.285024,0.007791,0.000750,0.000000,0.000000,0.080666,0.015917,0.586251,2081,3607395,37764,0,2,0,2,0,0,0,0,0,0,5406,0,3510,1896,0
2502,50114,18.088083,17.636880,17.682112,0.007880,0.000375,0.000000,0.000000,0.086833,0.016542,0.964126,2110,3530283,36979,0,2,0,2,0,0,0,0,0,0,5406,0,3510,1896,0
2503,50115,18.127833,17.681617,17.727844,0.008472,0.000375,0.000000,0.000000,0.084792,0.018750,0.523625,2051,3509884,36449,0,2,0,2,0,0,0,0,0,0,7208,0,4680,2528,0
2504,50116,18.588834,18.148754,18.164790,0.007716,0.000499,0.000000,0.000000,0.093125,0.017416,0.602292,2033,3593875,37666,0,2,0,2,0,0,0,0,0,0,5406,0,3510,1896,0
2505,50117,17.800875,17.361006,17.406373,0.008581,0.000583,0.000000,0.000000,0.084208,0.016208,0.903041,2045,3448087,36187,0,2,0,2,0,0,0,0,0,0,5406,0,3510,1896,0
2506,50118,17.770708,17.336665,17.371749,0.007760,0.000418,0.000000,0.000000,0.087333,0.017000,0.294750,2021,3449296,35820,0,2,0,2,0,0,0,0,0,0,7208,0,4680,2528,0
2507,50119,18.257167,17.823959,17.864428,0.007497,0.000541,0.000000,0.000000,0.099666,0.058042,0.945333,2006,3520007,37024,0,2,0,2,0,0,0,0,0,0,5406,0,3510,1896,0
2508,50120,17.442333,17.014271,17.038783,0.007539,0.000417,0.000000,0.000000,0.084833,0.041292,0.790543,2061,3454032,36321,0,2,0,2,0,0,0,0,0,0,5406,0,3510,1896,0
2509,50121,17.738583,17.310952,17.308782,0.008306,0.000418,0.000000,0.000000,0.096250,0.017000,0.299250,2008,3418476,35785,0,2,0,2,0,0,0,0,0,0,7208,0,4680,2528,0
2510,50122,17.447375,17.028506,17.072531,0.008620,0.000541,0.000000,0.000000,0.094459,0.017375,0.590208,2009,3496497,36774,0,2,0,2,0,0,0,0,0,0,5406,0,3510,1896,0
2511,50123,17.310917,16.888871,16.889807,0.007499,0.000458,0.000000,0.000000,0.073042,0.015708,1.266376,2056,3438872,36017,0,2,0,2,0,0,0,0,0,0,5406,0,3510,1896,0
2512,50124,17.626542,17.205871,17.175444,0.007786,0.000584,0.000000,0.000000,0.096666,0.016584,0.646583,2029,3508372,36495,0,2,0,2,0,0,0,0,0,0,7208,0,4680,2528,0
2513,50125,17.445083,17.036012,17.077079,0.007628,0.000582,0.000000,0.000000,0.080250,0.022708,0.620167,2003,3484000,36616,0,2,0,2,0,0,0,0,0,0,5406,0,3510,1896,0
2514,50126,17.485292,17.047217,17.070949,0.008826,0.000624,0.000000,0.000000,0.067208,0.014667,0.955459,2060,3449997,36043,0,2,0,2,0,0,0,0,0,0,5565,0,3510,2055,0
2515,50127,18.116750,17.707750,17.745565,0.007330,0.000542,0.000000,0.000000,0.083666,0.025875,0.646584,1996,3720635,37704,0,2,0,2,0,0,0,0,0,0,7208,0,4680,2528,0
2516,50128,17.444375,17.033004,17.055086,0.008545,0.000749,0.000000,0.000000,0.076875,0.015458,0.709125,1998,3493253,36648,0,2,0,2,0,0,0,0,0,0,5406,0,3510,1896,0
2517,50129,17.477750,17.043450,17.071462,0.007838,0.000374,0.000000,0.000000,0.077750,0.013416,0.484000,2036,3417356,35864,0,2,0,2,0,0,0,0,0,0,5406,0,3510,1896,0
2518,50130,16.920500,16.508941,16.512255,0.007663,0.000458,0.000000,0.000000,0.079333,0.013708,0.688459,2004,3391827,35441,0,2,0,2,0,0,0,0,0,0,7208,0,4680,2528,0
2519,50131,17.086333,16.673827,16.697610,0.007249,0.000499,0.000000,0.000000,0.097458,0.019959,0.982417,1994,3434247,36163,0,2,0,2,0,0,0,0,0,0,5406,0,3510,1896,0
2520,50132,17.223667,16.805710,16.781094,0.008209,0.000500,0.000000,0.000000,0.099000,0.020875,0.663417,2041,3429920,35933,0,2,0,2,0,0,0,0,0,0,5406,0,3510,1896,0
2521,50133,15.820333,15.412899,15.444774,0.007589,0.000458,0.000000,0.000000,0.062042,0.013791,1.277958,2004,3376483,34890,0,2,0,2,0,0,0,0,0,0,7665,0,4680,2985,0
2522,50134,18.069708,17.657456,17.683483,0.007003,0.000458,0.000000,0.000000,0.081084,0.014291,0.310208,2020,3802216,38693,0,2,0,2,0,0,0,0,0,0,5406,0,3510,1896,0
2523,50135,16.941834,16.525607,16.561665,0.007580,0.000418,0.000000,0.000000,0.076541,0.018167,0.936583,2035,3419944,35805,0,2,0,2,0,0,0,0,0,0,5406,0,3510,1896,0
2524,50136,17.019958,16.603703,16.651143,0.007704,0.000291,0.000000,0.000000,0.069750,0.013958,1.276333,2016,3495608,36321,0,2,0,2,0,0,0,0,0,0,7208,0,4680,2528,0
2525,50137,16.980792,16.580860,16.606935,0.007456,0.000500,0.000000,0.000000,0.084666,0.015000,0.290125,1990,3442422,36148,0,2,0,2,0,0,0,0,0,0,5406,0,3510,1896,0
2526,50138,17.055958,16.643355,16.684926,0.007957,0.000458,0.000000,0.000000,0.088500,0.022042,0.795084,2057,3430077,35973,0,2,0,2,0,0,0,0,0,0,5406,0,3510,1896,0
2527,50139,16.990625,16.587801,16.626736,0.007788,0.000415,0.000000,0.000000,0.078333,0.013292,0.608667,2010,3463853,36094,0,2,0,2,0,0,0,0,0,0,7208,0,4680,2528,0
2528,50140,17.069792,16.655541,16.693241,0.007170,0.000460,0.000000,0.000000,0.093500,0.021250,0.917459,2005,3454211,36190,0,2,0,2,0,0,0,0,0,0,5406,0,3510,1896,0
2529,50141,16.722000,16.310999,16.345772,0.007715,0.000460,0.000000,0.000000,0.085208,0.021083,0.945041,2063,3397218,35806,0,2,0,2,0,0,0,0,0,0,5406,0,3510,1896,0
2530,50142,16.987708,16.569211,16.621834,0.007836,0.000418,0.000000,0.000000,0.091542,0.015291,0.615917,2014,3471614,36113,0,2,0,2,0,0,0,0,0,0,7208,0,4680,2528,0
2531,50143,16.919000,16.511735,16.540716,0.008127,0.000499,0.000000,0.000000,0.085208,0.020250,0.603917,2008,3410820,35882,0,2,0,2,0,0,0,0,0,0,5406,0,3510,1896,0
2532,50144,17.046000,16.613832,16.668872,0.008210,0.000418,0.000000,0.000000,0.083542,0.014291,0.289791,2003,3439529,35883,0,2,0,2,0,0,0,0,0,0,7004,0,4536,2468,0
2533,50145,16.811833,16.403840,16.449378,0.008043,0.000498,0.000000,0.000000,0.085292,0.018625,1.285250,2003,3459334,36220,0,2,0,2,0,0,0,0,0,0,5610,0,3654,1956,0
2534,50146,16.995417,16.577477,16.597966,0.007787,0.000500,0.000000,0.000000,0.081375,0.014292,0.938792,2006,3411811,35857,0,2,0,2,0,0,0,0,0,0,5406,0,3510,1896,0
2535,50147,18.135417,17.697825,17.611288,0.008005,0.000624,0.000000,0.000000,0.091375,0.026291,0.303042,2023,3455970,35891,0,2,0,2,0,0,0,0,0,0,7208,0,4680,2528,0
2536,50148,17.169333,16.750866,16.765715,0.007502,0.000501,0.000000,0.000000,0.086875,0.016000,0.614583,2001,3525930,37027,0,2,0,2,0,0,0,0,0,0,5406,0,3510,1896,0
2537,50149,16.364542,15.961131,16.004403,0.007295,0.000583,0.000000,0.000000,0.077750,0.015083,0.313875,2003,3410732,35892,0,2,0,2,0,0,0,0,0,0,5406,0,3510,1896,0
2538,50150,17.760250,17.352765,17.372736,0.008204,0.001166,0.000000,0.000000,0.117833,0.037500,0.740876,2017,3423088,35589,0,2,0,2,0,0,0,0,0,0,7208,0,4680,2528,0
2539,50151,20.033208,19.588694,19.083768,0.008293,0.000959,0.000000,0.000000,0.118167,0.037750,0.618083,2002,3485526,36568,0,2,0,2,0,0,0,0,0,0,5663,0,3510,2153,0
2540,50152,30.197458,29.587369,26.898514,0.007710,0.001458,0.000000,0.000000,0.157334,0.036083,0.877084,2053,3911955,39537,0,2,0,2,0,0,0,0,0,0,5557,0,3510,2047,0
2541,50153,28.824584,28.269734,25.227693,0.007629,0.001418,0.000000,0.000000,0.250958,0.026833,0.600542,2071,3795622,39066,0,2,0,2,0,0,0,0,0,0,7208,0,4680,2528,0
2542,50154,26.889333,26.350289,23.774589,0.009090,0.001667,0.000000,0.000000,0.126000,0.092417,0.903167,2107,3431904,36152,0,2,0,2,0,0,0,0,0,0,5406,0,3510,1896,0
2543,50155,40.984167,40.021106,31.639033,0.013716,0.002460,0.000000,0.000000,0.156791,0.023334,1.188458,1971,3354899,35126,0,2,0,2,0,0,0,0,0,0,5406,0,3510,1896,0
2544,50156,49.325000,48.418351,36.509501,0.013713,0.001876,0.000000,0.000000,0.216875,0.372416,1.487167,2064,3575454,37169,0,2,0,2,0,0,0,0,0,0,7208,0,4680,2528,0
2545,50157,27.815416,27.228989,26.054335,0.009583,0.001291,0.000000,0.000000,0.171167,0.026500,0.615916,2059,3585593,37556,0,2,0,2,0,0,0,0,0,0,5406,0,3510,1896,0
2546,50158,26.511417,25.924129,25.207840,0.011841,0.001125,0.000000,0.000000,0.118167,0.019083,0.880959,2113,3530423,37009,0,2,0,2,0,0,0,0,0,0,5406,0,3510,1896,0
2547,50159,27.335917,26.697546,26.127384,0.011664,0.001002,0.000000,0.000000,0.192708,0.050250,0.643833,2054,3503354,36452,0,2,0,2,0,0,0,0,0,0,7208,0,4680,2528,0
2548,50160,30.884166,30.236211,29.304237,0.010291,0.001125,0.000000,0.000000,0.160792,0.027333,0.945958,2034,3586844,37552,0,2,0,2,0,0,0,0,0,0,5406,0,3510,1896,0
2549,50161,27.041959,26.423851,26.067243,0.011004,0.001418,0.000000,0.000000,0.163791,0.023042,0.893833,2045,3433876,36114,0,2,0,2,0,0,0,0,0,0,5406,0,3510,1896,0
2550,50162,28.647041,28.020403,27.136121,0.009997,0.000875,0.000000,0.000000,0.144792,0.023333,0.596791,2013,3462653,36004,0,2,0,2,0,0,0,0,0,0,7208,0,4680,2528,0
2551,50163,28.076750,27.458104,27.015536,0.011784,0.001583,0.000000,0.000000,0.132459,0.022333,0.884915,2015,3523133,37034,0,2,0,2,0,0,0,0,0,0,5406,0,3510,1896,0
2552,50164,25.428042,24.825466,24.619038,0.011955,0.000999,0.000000,0.000000,0.122833,0.021334,0.601834,2069,3448743,36302,0,2,0,2,0,0,0,0,0,0,5406,0,3510,1896,0
2553,50165,25.541042,24.947957,24.637432,0.010996,0.000708,0.000000,0.000000,0.108791,0.019250,0.886624,2012,3422677,35757,0,2,0,2,0,0,0,0,0,0,7208,0,4680,2528,0
2554,50166,23.876000,23.302087,23.324651,0.010704,0.000667,0.000000,0.000000,0.107458,0.020708,0.594458,2010,3477501,36603,0,2,0,2,0,0,0,0,0,0,5406,0,3510,1896,0
2555,50167,23.874500,23.289747,23.245900,0.010290,0.000709,0.000000,0.000000,0.096166,0.031500,1.066125,2049,3436468,36053,0,2,0,2,0,0,0,0,0,0,5406,0,3510,1896,0
2556,50168,23.761291,23.187512,23.233751,0.010379,0.000790,0.000000,0.000000,0.104792,0.021167,0.919291,2022,3510222,36482,0,2,0,2,0,0,0,0,0,0,7208,0,4680,2528,0
2557,50169,23.054667,22.501368,22.544747,0.009997,0.000667,0.000000,0.000000,0.127583,0.018750,0.882459,2005,3483160,36639,0,2,0,2,0,0,0,0,0,0,5406,0,3510,1896,0
2558,50170,21.257750,20.719589,20.703262,0.009498,0.000833,0.000000,0.000000,0.088583,0.019084,0.291167,2046,3451043,36053,0,2,0,2,0,0,0,0,0,0,5565,0,3510,2055,0
2559,50171,22.222542,21.712735,21.732660,0.008411,0.000668,0.000000,0.000000,0.095583,0.018375,1.412792,2001,3722640,37620,0,2,0,2,0,0,0,0,0,0,7208,0,4680,2528,0
2560,50172,21.306000,20.795297,20.846639,0.009376,0.000916,0.000000,0.000000,0.102791,0.017875,0.624291,2008,3530964,37038,0,2,0,2,0,0,0,0,0,0,5406,0,3510,1896,0
2561,50173,21.802333,21.274566,21.247265,0.009802,0.000834,0.000000,0.000000,0.094792,0.052958,0.606125,2052,3429757,35993,0,2,0,2,0,0,0,0,0,0,5406,0,3510,1896,0
2562,50174,21.435875,20.915908,20.877252,0.010083,0.000833,0.000000,0.000000,0.103708,0.017375,0.871042,2015,3435425,35656,0,2,0,2,0,0,0,0,0,0,7208,0,4680,2528,0
2563,50175,21.811750,21.297529,21.309469,0.009959,0.000791,0.000000,0.000000,0.121792,0.019666,1.039375,2002,3479756,36599,0,2,0,2,0,0,0,0,0,0,5406,0,3510,1896,0
2564,50176,21.151833,20.628262,20.678236,0.009920,0.000709,0.000000,0.000000,0.096334,0.019166,0.612041,2061,3434061,36072,0,2,0,2,0,0,0,0,0,0,5406,0,3510,1896,0
2565,50177,18.419917,17.951863,17.998214,0.008672,0.000711,0.000000,0.000000,0.072083,0.015042,0.638125,2030,3413899,35217,0,2,0,2,0,0,0,0,0,0,7665,0,4680,2985,0
2566,50178,20.591333,20.123198,20.170030,0.007327,0.000624,0.000000,0.000000,0.096625,0.016834,0.852042,2008,3818841,38832,0,2,0,2,0,0,0,0,0,0,5406,0,3510,1896,0
2567,50179,19.134250,18.655879,18.705259,0.008248,0.000624,0.000000,0.000000,0.095334,0.029250,1.249667,2056,3445680,36033,0,2,0,2,0,0,0,0,0,0,5406,0,3510,1896,0
2568,50180,19.506167,19.033352,19.080698,0.009230,0.000708,0.000000,0.000000,0.094667,0.017291,0.591709,2011,3466045,35953,0,2,0,2,0,0,0,0,0,0,7208,0,4680,2528,0
2569,50181,19.641625,19.147409,19.208196,0.008835,0.000375,0.000000,0.000000,0.082500,0.016458,0.943668,2013,3482402,36569,0,2,0,2,0,0,0,0,0,0,5406,0,3510,1896,0
2570,50182,19.663292,19.170056,19.235660,0.008824,0.000833,0.000000,0.000000,0.077125,0.029083,0.934000,2041,3450884,36123,0,2,0,2,0,0,0,0,0,0,5406,0,3510,1896,0
2571,50183,19.138791,18.662897,18.708583,0.009336,0.000584,0.000000,0.000000,0.089000,0.019667,0.637542,2007,3386064,35279,0,2,0,2,0,0,0,0,0,0,7208,0,4680,2528,0
2572,50184,18.308292,17.859323,17.915267,0.008084,0.000457,0.000000,0.000000,0.082833,0.019792,0.933709,1994,3496022,36687,0,2,0,2,0,0,0,0,0,0,5406,0,3510,1896,0
2573,50185,17.863667,17.411403,17.454066,0.007711,0.000541,0.000000,0.000000,0.078041,0.014459,0.940292,2043,3405070,35799,0,2,0,2,0,0,0,0,0,0,5406,0,3510,1896,0
2574,50186,17.942791,17.511813,17.553552,0.010964,0.000416,0.000000,0.000000,0.076584,0.014875,0.302750,2009,3403885,35429,0,2,0,2,0,0,0,0,0,0,7208,0,4680,2528,0
2575,50187,18.097917,17.659064,17.708425,0.007872,0.000625,0.000000,0.000000,0.087917,0.025750,1.248916,2011,3483590,36597,0,2,0,2,0,0,0,0,0,0,5406,0,3510,1896,0
2576,50188,18.131875,17.686421,17.716373,0.008421,0.000708,0.000000,0.000000,0.096667,0.023875,0.801457,2060,3432459,35993,0,2,0,2,0,0,0,0,0,0,5406,0,3510,1896,0
2577,50189,18.284708,17.841240,17.864502,0.008412,0.000499,0.000000,0.000000,0.091250,0.016042,0.607208,2021,3443966,35865,0,2,0,2,0,0,0,0,0,0,7208,0,4680,2528,0
2578,50190,19.022834,18.579499,18.507756,0.011708,0.000459,0.000000,0.000000,0.084333,0.022292,0.300209,2012,3428251,35972,0,2,0,2,0,0,0,0,0,0,5406,0,3510,1896,0
2579,50191,18.333875,17.885198,17.878669,0.008460,0.000626,0.000000,0.000000,0.076625,0.015166,0.643917,2057,3429015,35984,0,2,0,2,0,0,0,0,0,0,5406,0,3510,1896,0
2580,50192,18.136208,17.712210,17.753625,0.007908,0.000501,0.000000,0.000000,0.078750,0.017125,0.876666,2006,3526776,36662,0,2,0,2,0,0,0,0,0,0,7208,0,4680,2528,0
2581,50193,16.878500,16.473511,16.502987,0.007459,0.000458,0.000000,0.000000,0.074417,0.018541,0.326708,2002,3402006,35802,0,2,0,2,0,0,0,0,0,0,5406,0,3510,1896,0
2582,50194,16.684083,16.270671,16.276134,0.008207,0.000458,0.000000,0.000000,0.083792,0.017917,0.611458,2001,3417070,35882,0,2,0,2,0,0,0,0,0,0,5406,0,3510,1896,0
2583,50195,17.288917,16.883986,16.888774,0.007622,0.000499,0.000000,0.000000,0.073458,0.021209,0.620000,2013,3494893,36294,0,2,0,2,0,0,0,0,0,0,7208,0,4680,2528,0
2584,50196,16.986208,16.564252,16.595123,0.007291,0.000541,0.000000,0.000000,0.083792,0.015542,0.650166,2005,3462008,36397,0,2,0,2,0,0,0,0,0,0,5406,0,3510,1896,0
2585,50197,16.979250,16.577583,16.579017,0.007497,0.000666,0.000000,0.000000,0.074959,0.019791,0.990542,2010,3416011,35679,0,2,0,2,0,0,0,0,0,0,7004,0,4536,2468,0
2586,50198,27.290959,26.873867,26.923016,0.007581,0.000583,0.000000,0.000000,0.085458,0.044958,0.661917,1991,3465238,36317,0,2,0,2,0,0,0,0,0,0,5610,0,3654,1956,0
2587,50199,17.514958,17.108199,16.964760,0.007378,0.000542,0.000000,0.000000,0.091792,0.041875,0.586416,2002,3410994,35873,0,2,0,2,0,0,0,0,0,0,5406,0,3510,1896,0
2588,50200,17.786167,17.364919,17.332613,0.008620,0.000459,0.000000,0.000000,0.082500,0.015333,0.910250,2013,3456209,35878,0,2,0,2,0,0,0,0,0,0,7208,0,4680,2528,0
2589,50201,17.412291,16.986944,17.029824,0.008044,0.000293,0.000000,0.000000,0.065375,0.013709,0.292833,2005,3476575,36620,0,2,0,2,0,0,0,0,0,0,5406,0,3510,1896,0
2590,50202,16.200250,15.798915,15.840154,0.007788,0.000377,0.000000,0.000000,0.062375,0.013542,0.595584,2011,3436722,36081,0,2,0,2,0,0,0,0,0,0,5406,0,3510,1896,0
2591,50203,15.978542,15.579029,15.620370,0.007460,0.000332,0.000000,0.000000,0.058167,0.012708,0.625375,2011,3419691,35691,0,2,0,2,0,0,0,0,0,0,7208,0,4680,2528,0
2592,50204,18.135667,17.700753,17.738850,0.006500,0.000375,0.000000,0.000000,0.065083,0.023042,0.910958,2022,3888545,39005,0,2,0,2,0,0,0,0,0,0,5711,0,3510,2201,0
2593,50205,17.926625,17.539167,17.468634,0.006164,0.000333,0.000000,0.000000,0.058875,0.017333,0.902208,2029,4104869,41275,0,2,0,2,0,0,0,0,0,0,6943,0,3510,3433,0
2594,50206,15.379125,15.001987,15.043413,0.006930,0.000375,0.000000,0.000000,0.061208,0.012292,0.492958,2027,3464371,36003,0,2,0,2,0,0,0,0,0,0,7712,0,4680,3032,0
2595,50207,15.531333,15.149473,15.191075,0.006543,0.000250,0.000000,0.000000,0.061375,0.017958,0.806208,2010,3520176,36733,0,2,0,2,0,0,0,0,0,0,5406,0,3510,1896,0
2596,50208,16.698542,16.284623,16.332332,0.006580,0.000376,0.000000,0.000000,0.061375,0.031791,0.290334,2194,3788736,39947,0,2,0,2,0,0,0,0,0,0,5406,0,3510,1896,0
2597,50209,15.934125,15.534351,15.554882,0.006911,0.000376,0.000000,0.000000,0.065208,0.027875,0.896583,2142,3643096,38111,0,2,0,2,0,0,0,0,0,0,7208,0,4680,2528,0
2598,50210,16.781916,16.375669,16.376661,0.007001,0.000291,0.000000,0.000000,0.066542,0.018167,0.289416,2151,3715218,38985,0,2,0,2,0,0,0,0,0,0,5406,0,3510,1896,0
2599,50211,15.888250,15.491690,15.532414,0.006744,0.000249,0.000000,0.000000,0.064334,0.017541,0.615500,2194,3682098,38818,0,2,0,2,0,0,0,0,0,0,5406,0,3510,1896,0
2600,50212,15.260042,14.885428,14.921890,0.006748,0.000334,0.000000,0.000000,0.074333,0.020834,0.608334,2060,3562445,36948,0,2,0,2,0,0,0,0,0,0,7208,0,4680,2528,0
2601,50213,15.358917,14.984006,15.006746,0.006415,0.000332,0.000000,0.000000,0.069750,0.020958,0.603501,2054,3585304,37559,0,2,0,2,0,0,0,0,0,0,5406,0,3510,1896,0
2602,50214,15.849958,15.461727,15.500424,0.007251,0.000417,0.000000,0.000000,0.073958,0.020875,0.614375,2195,3666049,38617,0,2,0,2,0,0,0,0,0,0,5406,0,3510,1896,0
2603,50215,15.541250,15.154172,15.193983,0.007334,0.000374,0.000000,0.000000,0.062292,0.017125,0.288459,2163,3656042,38173,0,2,0,2,0,0,0,0,0,0,7208,0,4680,2528,0
2604,50216,15.934792,15.543099,15.581003,0.007164,0.000417,0.000000,0.000000,0.067125,0.018708,1.095958,2145,3759010,39525,0,2,0,2,0,0,0,0,0,0,5406,0,3510,1896,0
2605,50217,15.443375,15.050826,15.091641,0.006704,0.000500,0.000000,0.000000,0.064250,0.019000,0.446000,2191,3646346,38428,0,2,0,2,0,0,0,0,0,0,5406,0,3510,1896,0
2606,50218,14.939916,14.575104,14.614232,0.006867,0.000375,0.000000,0.000000,0.059417,0.017958,0.912834,2048,3522531,36629,0,2,0,2,0,0,0,0,0,0,7208,0,4680,2528,0
2607,50219,15.045709,14.678493,14.718729,0.007046,0.000502,0.000000,0.000000,0.060000,0.011541,0.621917,2049,3584523,37562,0,2,0,2,0,0,0,0,0,0,5406,0,3510,1896,0
2608,50220,15.561000,15.155015,15.210405,0.005710,0.000293,0.000000,0.000000,0.067916,0.022125,0.928666,2201,3694807,38848,0,2,0,2,0,0,0,0,0,0,5406,0,3510,1896,0
2609,50221,15.315791,14.929508,14.935676,0.006087,0.000374,0.000000,0.000000,0.057250,0.011750,0.616250,2154,3640264,38089,0,2,0,2,0,0,0,0,0,0,7208,0,4680,2528,0
2610,50222,15.501209,15.112665,15.138210,0.006334,0.000334,0.000000,0.000000,0.083791,0.013542,0.580208,2150,3704947,38969,0,2,0,2,0,0,0,0,0,0,5406,0,3510,1896,0
2611,50223,15.332958,14.948241,14.956201,0.006418,0.000292,0.000000,0.000000,0.058542,0.013291,0.622667,2182,3632637,38298,0,2,0,2,0,0,0,0,0,0,5406,0,3510,1896,0
2612,50224,14.791875,14.429179,14.467430,0.006790,0.000375,0.000000,0.000000,1.553375,0.012708,0.897541,2038,3530454,36696,0,2,0,2,0,0,0,0,0,0,7208,0,4680,2528,0
2613,50225,16.386083,16.022506,14.553325,0.006871,0.000417,0.000000,0.000000,2.002459,0.012125,0.628750,2012,3537988,37048,0,2,0,2,0,0,0,0,0,0,5406,0,3510,1896,0
2614,50226,17.131542,16.760024,14.699745,0.008334,0.013667,0.000000,0.000000,1.475500,0.013375,0.898001,2073,3483056,36548,0,2,0,2,0,0,0,0,0,0,5406,0,3510,1896,0
2615,50227,16.554292,16.193414,14.801592,0.006332,0.000416,0.000000,0.000000,1.569458,0.015458,0.295125,2024,3506969,36516,0,2,0,2,0,0,0,0,0,0,7208,0,4680,2528,0
2616,50228,16.712833,16.346725,14.853147,0.006751,0.000251,0.000000,0.000000,1.508292,0.011958,0.924791,2026,3585747,37384,0,2,0,2,0,0,0,0,0,0,5406,0,3510,1896,0
2617,50229,16.241042,15.873322,14.442435,0.006670,0.000377,0.000000,0.000000,1.873208,0.011708,0.290958,2072,3480419,36458,0,2,0,2,0,0,0,0,0,0,5406,0,3510,1896,0
2618,50230,16.907541,16.547561,14.743055,0.006083,0.000334,0.000000,0.000000,1.702417,0.012250,0.909124,2023,3485369,36226,0,2,0,2,0,0,0,0,0,0,7208,0,4680,2528,0
2619,50231,16.766000,16.402028,14.810013,0.006913,0.000375,0.000000,0.000000,1.709625,0.013709,0.579458,2010,3536713,36977,0,2,0,2,0,0,0,0,0,0,5406,0,3510,1896,0
2620,50232,16.560709,16.195609,14.599412,0.007081,0.000418,0.000000,0.000000,1.644000,0.012958,0.291583,2063,3506135,36746,0,2,0,2,0,0,0,0,0,0,5406,0,3510,1896,0
2621,50233,16.656291,16.293400,14.711274,0.006425,0.000542,0.000000,0.000000,1.780834,0.013666,0.593208,2015,3458547,36022,0,2,0,2,0,0,0,0,0,0,7208,0,4680,2528,0
2622,50234,17.465875,17.094885,15.432445,0.007714,0.000250,0.000000,0.000000,0.997334,0.029500,0.625542,2015,3520856,36803,0,2,0,2,0,0,0,0,0,0,5406,0,3510,1896,0
2623,50235,15.975167,15.589511,14.702966,0.006258,0.000375,0.000000,0.000000,1.585917,0.013958,1.254917,2059,3464512,36280,0,2,0,2,0,0,0,0,0,0,5565,0,3510,2055,0
2624,50236,17.981708,17.604795,16.133231,0.006669,0.000541,0.000000,0.000000,0.355500,0.013292,0.494917,2011,3745059,37948,0,2,0,2,0,0,0,0,0,0,7208,0,4680,2528,0
2625,50237,15.895209,15.523897,15.227148,0.007334,0.000501,0.000000,0.000000,1.134541,0.013625,0.593834,2007,3490927,36666,0,2,0,2,0,0,0,0,0,0,5406,0,3510,1896,0
2626,50238,16.761875,16.379661,15.307747,0.006878,0.000459,0.000000,0.000000,1.042541,0.023084,0.305125,2041,3430915,36057,0,2,0,2,0,0,0,0,0,0,5406,0,3510,1896,0
2627,50239,16.475416,16.111648,15.157177,0.006038,0.000457,0.000000,0.000000,1.228875,0.040542,0.934834,2015,3435566,35631,0,2,0,2,0,0,0,0,0,0,7208,0,4680,2528,0
2628,50240,16.990459,16.614966,15.471459,0.006001,0.000376,0.000000,0.000000,0.959583,0.022292,0.831584,2005,3530959,37025,0,2,0,2,0,0,0,0,0,0,5406,0,3510,1896,0
2629,50241,16.403083,16.018926,15.172634,0.006834,0.000459,0.000000,0.000000,1.021292,0.032125,0.327041,2059,3409612,35896,0,2,0,2,0,0,0,0,0,0,5406,0,3510,1896,0
2630,50242,16.512208,16.146298,15.224479,0.006500,0.000459,0.000000,0.000000,1.297542,0.011917,0.936167,2011,3466071,36052,0,2,0,2,0,0,0,0,0,0,7208,0,4680,2528,0
2631,50243,16.645542,16.272946,15.068184,0.007374,0.000417,0.000000,0.000000,1.336042,0.013000,0.640958,2014,3442793,36148,0,2,0,2,0,0,0,0,0,0,5406,0,3510,1896,0
2632,50244,16.762583,16.387315,15.157439,0.007332,0.000417,0.000000,0.000000,1.110584,0.013125,1.060374,2017,3462077,36339,0,2,0,2,0,0,0,0,0,0,5406,0,3510,1896,0
2633,50245,16.477542,16.098057,15.113057,0.006628,0.000418,0.000000,0.000000,1.366292,0.015833,0.639542,2025,3480397,36202,0,2,0,2,0,0,0,0,0,0,7208,0,4680,2528,0
2634,50246,16.633583,16.262934,15.007950,0.007296,0.000501,0.000000,0.000000,1.468542,0.014125,1.114042,1999,3414313,35954,0,2,0,2,0,0,0,0,0,0,5406,0,3510,1896,0
2635,50247,16.766584,16.388697,15.017822,0.007327,0.000416,0.000000,0.000000,1.218833,0.011833,0.299542,2014,3414590,35934,0,2,0,2,0,0,0,0,0,0,5406,0,3510,1896,0
2636,50248,16.774125,16.408780,15.292772,0.006999,0.000458,0.000000,0.000000,1.237333,0.040500,0.942625,2025,3510472,36502,0,2,0,2,0,0,0,0,0,0,7208,0,4680,2528,0
2637,50249,16.502333,16.128719,14.960478,0.007087,0.000500,0.000000,0.000000,1.459292,0.015625,0.932374,2016,3418920,35973,0,2,0,2,0,0,0,0,0,0,5406,0,3510,1896,0
2638,50250,17.717542,17.331365,15.855296,0.007667,0.000751,0.000000,0.000000,0.275333,0.033000,0.293292,2024,3429238,35770,0,2,0,2,0,0,0,0,0,0,7004,0,4536,2468,0
2639,50251,15.841083,15.471999,15.285192,0.006794,0.000584,0.000000,0.000000,1.209875,0.014042,0.632375,2002,3478667,36497,0,2,0,2,0,0,0,0,0,0,5610,0,3654,1956,0
2640,50252,16.710833,16.336432,15.181506,0.006167,0.000458,0.000000,0.000000,1.177709,0.024250,0.301666,2016,3459794,36329,0,2,0,2,0,0,0,0,0,0,5406,0,3510,1896,0
2641,50253,16.581667,16.202347,15.137694,0.007578,0.000418,0.000000,0.000000,1.054167,0.019416,0.967042,2015,3433689,35721,0,2,0,2,0,0,0,0,0,0,7208,0,4680,2528,0
2642,50254,16.277042,15.910354,14.962047,0.006918,0.000334,0.000000,0.000000,1.565208,0.022583,0.648333,2012,3486198,36638,0,2,0,2,0,0,0,0,0,0,5406,0,3510,1896,0
2643,50255,16.833375,16.460165,15.005211,0.006626,0.000418,0.000000,0.000000,1.465708,0.050500,0.769126,2005,3424832,35973,0,2,0,2,0,0,0,0,0,0,5406,0,3510,1896,0
2644,50256,17.234708,16.851126,15.419937,0.006165,0.000374,0.000000,0.000000,0.740250,0.027083,0.598458,2029,3481464,36173,0,2,0,2,0,0,0,0,0,0,7208,0,4680,2528,0
2645,50257,16.479625,16.102908,15.435673,0.006128,0.000376,0.000000,0.000000,1.077000,0.014708,0.644250,2002,3509672,36940,0,2,0,2,0,0,0,0,0,0,5406,0,3510,1896,0
2646,50258,16.554792,16.177358,15.161067,0.007002,0.000416,0.000000,0.000000,1.220500,0.033000,0.939917,2002,3431078,36036,0,2,0,2,0,0,0,0,0,0,5406,0,3510,1896,0
2647,50259,16.460750,16.083455,14.967277,0.007161,0.000501,0.000000,0.000000,1.415833,0.036125,0.639417,2029,3429942,35664,0,2,0,2,0,0,0,0,0,0,7208,0,4680,2528,0
2648,50260,16.923916,16.551330,15.216041,0.006545,0.000500,0.000000,0.000000,1.179584,0.041083,0.624292,2019,3541966,37198,0,2,0,2,0,0,0,0,0,0,5406,0,3510,1896,0
2649,50261,17.744667,17.359048,16.297176,0.007248,0.000748,0.000000,0.000000,0.176000,0.017083,0.308667,2025,3433393,36143,0,2,0,2,0,0,0,0,0,0,5406,0,3510,1896,0
2650,50262,17.384500,17.001754,16.980896,0.007616,0.001334,0.000000,0.000000,0.122208,0.030417,0.637458,2030,3440858,35697,0,2,0,2,0,0,0,0,0,0,7208,0,4680,2528,0
2651,50263,18.859083,18.461361,18.499649,0.006922,0.000875,0.000000,0.000000,0.118292,0.021875,0.929083,2088,3712125,38905,0,2,0,2,0,0,0,0,0,0,5406,0,3510,1896,0
2652,50264,17.665584,17.267012,17.274623,0.007283,0.000876,0.000000,0.000000,0.079708,0.014417,0.304709,2149,3598678,37993,0,2,0,2,0,0,0,0,0,0,5406,0,3510,1896,0
2653,50265,16.725958,16.311340,16.286109,0.006667,0.000791,0.000000,0.000000,0.101750,0.026000,0.768999,2110,3556472,37060,0,2,0,2,0,0,0,0,0,0,7208,0,4680,2528,0
2654,50266,17.469750,17.066552,17.001872,0.006625,0.000417,0.000000,0.000000,0.104583,0.032417,0.991709,2115,3643718,38354,0,2,0,2,0,0,0,0,0,0,5406,0,3510,1896,0
2655,50267,16.847958,16.444848,16.457945,0.006696,0.000457,0.000000,0.000000,0.081417,0.015000,0.658666,2162,3592229,37818,0,2,0,2,0,0,0,0,0,0,5406,0,3510,1896,0
2656,50268,16.029042,15.638360,15.677851,0.006212,0.000501,0.000000,0.000000,0.077833,0.013625,0.611417,2107,3587133,37361,0,2,0,2,0,0,0,0,0,0,7208,0,4680,2528,0
2657,50269,16.166583,15.759592,15.771720,0.006243,0.000584,0.000000,0.000000,0.071292,0.022625,0.653958,2106,3621139,38057,0,2,0,2,0,0,0,0,0,0,5663,0,3510,2153,0
2658,50270,17.382875,17.005204,17.022496,0.006742,0.000583,0.000000,0.000000,0.079209,0.020500,0.911707,2099,4014575,40898,0,2,0,2,0,0,0,0,0,0,5406,0,3510,1896,0
2659,50271,16.833125,16.441260,16.449745,0.007586,0.000751,0.000000,0.000000,0.084834,0.018500,0.296917,2093,3608982,37524,0,2,0,2,0,0,0,0,0,0,7367,0,4680,2687,0
2660,50272,18.576917,18.176180,18.188759,0.006498,0.000792,0.000000,0.000000,0.074958,0.020417,0.940041,2145,4010379,41599,0,2,0,2,0,0,0,0,0,0,5406,0,3510,1896,0
2661,50273,16.836542,16.411494,16.451122,0.007164,0.000624,0.000000,0.000000,0.075250,0.021000,0.763000,2231,3536607,37244,0,2,0,2,0,0,0,0,0,0,5406,0,3510,1896,0
2662,50274,16.066958,15.674974,15.708846,0.007551,0.000459,0.000000,0.000000,0.074583,0.019500,0.494500,2123,3537057,36953,0,2,0,2,0,0,0,0,0,0,7208,0,4680,2528,0
2663,50275,17.269167,16.855824,16.885663,0.006500,0.000667,0.000000,0.000000,0.081166,0.017959,0.654751,2176,3762305,39456,0,2,0,2,0,0,0,0,0,0,5406,0,3510,1896,0
2664,50276,16.702125,16.290037,16.315165,0.007035,0.000418,0.000000,0.000000,0.080041,0.015709,0.636875,2229,3712942,38955,0,2,0,2,0,0,0,0,0,0,5654,0,3510,2144,0
2665,50277,17.680916,17.271229,17.306000,0.006168,0.000501,0.000000,0.000000,0.075667,0.021583,0.902750,2181,3989056,40447,0,2,0,2,0,0,0,0,0,0,7208,0,4680,2528,0
2666,50278,17.829000,17.397397,17.435565,0.008003,0.000416,0.000000,0.000000,0.088292,0.020750,0.946834,2151,3718507,38531,0,2,0,2,0,0,0,0,0,0,5593,0,3510,2083,0
2667,50279,18.940209,18.510988,18.546717,0.007126,0.000584,0.000000,0.000000,0.091541,0.016250,0.579668,2136,3945262,41278,0,2,0,2,0,0,0,0,0,0,5406,0,3510,1896,0
2668,50280,18.026166,17.584009,17.608016,0.007254,0.000458,0.000000,0.000000,0.089042,0.019917,0.301416,2185,3580571,37258,0,2,0,2,0,0,0,0,0,0,7208,0,4680,2528,0
2669,50281,18.422792,17.952633,17.990031,0.007506,0.000501,0.000000,0.000000,0.085208,0.024417,0.595959,2215,3577379,37666,0,2,0,2,0,0,0,0,0,0,5406,0,3510,1896,0
2670,50282,17.373000,16.935791,16.970196,0.007543,0.000415,0.000000,0.000000,0.085708,0.016250,1.262375,2162,3525924,37266,0,2,0,2,0,0,0,0,0,0,5406,0,3510,1896,0
2671,50283,17.971417,17.529750,17.565141,0.007545,0.000375,0.000000,0.000000,0.074208,0.014833,0.581750,2173,3646435,38054,0,2,0,2,0,0,0,0,0,0,7208,0,4680,2528,0
2672,50284,18.678291,18.233894,18.258326,0.007081,0.000333,0.000000,0.000000,0.076167,0.013542,0.594916,2154,3747887,39272,0,2,0,2,0,0,0,0,0,0,5406,0,3510,1896,0
2673,50285,18.244375,17.804328,17.730486,0.007166,0.000585,0.000000,0.000000,0.084125,0.014417,0.934708,2178,3622239,38402,0,2,0,2,0,0,0,0,0,0,5406,0,3510,1896,0
2674,50286,17.707667,17.278247,17.305687,0.007459,0.000458,0.000000,0.000000,0.072208,0.015125,0.636541,2122,3552295,37454,0,2,0,2,0,0,0,0,0,0,7208,0,4680,2528,0
2675,50287,17.453292,17.016269,17.063950,0.007463,0.000584,0.000000,0.000000,0.077500,0.014000,1.179125,2068,3560218,37708,0,2,0,2,0,0,0,0,0,0,5406,0,3510,1896,0
2676,50288,17.502458,17.071682,17.109108,0.007955,0.000499,0.000000,0.000000,0.091667,0.015583,0.592792,2105,3528515,37365,0,2,0,2,0,0,0,0,0,0,5406,0,3510,1896,0
2677,50289,17.595667,17.176294,17.170969,0.007707,0.000624,0.000000,0.000000,0.093708,0.024208,0.352375,2081,3494589,36637,0,2,0,2,0,0,0,0,0,0,7208,0,4680,2528,0
2678,50290,17.806875,17.377833,17.414790,0.007666,0.000667,0.000000,0.000000,0.102125,0.014500,0.929501,2068,3558582,37669,0,2,0,2,0,0,0,0,0,0,5406,0,3510,1896,0
2679,50291,16.740708,16.320523,16.345479,0.007417,0.000418,0.000000,0.000000,0.072417,0.015708,0.998167,2121,3502428,37253,0,2,0,2,0,0,0,0,0,0,5574,0,3510,2064,0
2680,50292,19.572958,19.144282,19.091887,0.007040,0.000542,0.000000,0.000000,0.085042,0.019833,0.315916,2057,3887523,39953,0,2,0,2,0,0,0,0,0,0,7208,0,4680,2528,0
2681,50293,17.025209,16.612936,16.643918,0.007495,0.000419,0.000000,0.000000,0.086583,0.016208,0.598583,2057,3534870,37358,0,2,0,2,0,0,0,0,0,0,5406,0,3510,1896,0
2682,50294,17.423041,16.997927,17.001675,0.007831,0.000667,0.000000,0.000000,0.091209,0.015291,0.616250,2117,3486548,36887,0,2,0,2,0,0,0,0,0,0,5406,0,3510,1896,0
2683,50295,17.880000,17.455571,17.479016,0.007879,0.000417,0.000000,0.000000,0.105792,0.015625,0.650125,2059,3526774,36936,0,2,0,2,0,0,0,0,0,0,7208,0,4680,2528,0
2684,50296,17.627000,17.205368,17.216366,0.007631,0.000543,0.000000,0.000000,0.091584,0.019375,1.313417,2049,3529099,37350,0,2,0,2,0,0,0,0,0,0,5406,0,3510,1896,0
2685,50297,16.654250,16.227101,16.264541,0.007712,0.000459,0.000000,0.000000,0.073500,0.015375,0.620667,2054,3482696,36707,0,2,0,2,0,0,0,0,0,0,5700,0,3510,2190,0
2686,50298,18.612792,18.176476,18.067124,0.007126,0.000417,0.000000,0.000000,0.068292,0.014125,0.291458,2064,3922921,39031,0,2,0,2,0,0,0,0,0,0,7208,0,4680,2528,0
2687,50299,17.765000,17.341110,17.374763,0.006459,0.000584,0.000000,0.000000,0.077875,0.014708,1.025166,2062,3616385,37858,0,2,0,2,0,0,0,0,0,0,5406,0,3510,1896,0
2688,50300,17.610042,17.189451,17.224178,0.006707,0.000500,0.000000,0.000000,0.084125,0.025375,0.952875,2056,3573505,37433,0,2,0,2,0,0,0,0,0,0,5406,0,3510,1896,0
2689,50301,17.889500,17.470010,17.502287,0.007960,0.000375,0.000000,0.000000,0.076125,0.022333,0.503667,2066,3580976,37360,0,2,0,2,0,0,0,0,0,0,7208,0,4680,2528,0
2690,50302,17.472541,17.045999,17.083763,0.008043,0.000418,0.000000,0.000000,0.086667,0.021958,0.582375,2059,3524669,37089,0,2,0,2,0,0,0,0,0,0,5406,0,3510,1896,0
2691,50303,17.404250,16.967899,17.020788,0.007581,0.000457,0.000000,0.000000,0.075334,0.015666,1.164251,2060,3522567,36871,0,2,0,2,0,0,0,0,0,0,7004,0,4536,2468,0
2692,50304,16.956625,16.531967,16.574085,0.007881,0.000708,0.000000,0.000000,0.070375,0.023834,0.634250,2066,3603804,37428,0,2,0,2,0,0,0,0,0,0,6067,0,3654,2413,0
2693,50305,18.888084,18.464467,18.495045,0.007004,0.000499,0.000000,0.000000,0.081208,0.014375,0.902584,2099,3876613,39359,0,2,0,2,0,0,0,0,0,0,5406,0,3510,1896,0
2694,50306,17.736458,17.317907,17.333450,0.007914,0.000625,0.000000,0.000000,0.102000,0.023667,0.621084,2059,3553117,36945,0,2,0,2,0,0,0,0,0,0,7208,0,4680,2528,0
2695,50307,20.357875,19.909307,19.839703,0.007209,0.000709,0.000000,0.000000,0.087917,0.016458,0.302166,2134,3950451,41013,0,2,0,2,0,0,0,0,0,0,5557,0,3510,2047,0
2696,50308,17.918542,17.470096,17.509926,0.008080,0.000415,0.000000,0.000000,0.085625,0.019625,0.941834,2171,3494559,36788,0,2,0,2,0,0,0,0,0,0,5406,0,3510,1896,0
2697,50309,16.989333,16.567024,16.599892,0.006869,0.000291,0.000000,0.000000,0.084708,0.019125,0.916375,2076,3468916,36179,0,2,0,2,0,0,0,0,0,0,7208,0,4680,2528,0
2698,50310,18.396333,17.962244,18.008221,0.007164,0.000375,0.000000,0.000000,0.078875,0.016209,0.497792,2146,3708820,38828,0,2,0,2,0,0,0,0,0,0,5406,0,3510,1896,0
2699,50311,18.010584,17.573216,17.584995,0.007622,0.000417,0.000000,0.000000,0.074916,0.014792,0.601582,2173,3621562,38081,0,2,0,2,0,0,0,0,0,0,5406,0,3510,1896,0
2700,50312,18.466375,18.020250,17.920019,0.008165,0.000542,0.000000,0.000000,0.087583,0.015000,0.704708,2150,3671365,38120,0,2,0,2,0,0,0,0,0,0,9249,0,4680,4569,0
2701,50313,18.058833,17.625739,17.675939,0.007081,0.000625,0.000000,0.000000,0.073833,0.014209,1.259541,2116,3647985,38231,0,2,0,2,0,0,0,0,0,0,5406,0,3510,1896,0
2702,50314,17.502250,17.063476,17.100727,0.008040,0.000541,0.000000,0.000000,0.101708,0.022417,0.653250,2135,3575276,37634,0,2,0,2,0,0,0,0,0,0,5406,0,3510,1896,0
2703,50315,17.629792,17.205627,17.243299,0.007335,0.000499,0.000000,0.000000,0.086333,0.048375,0.581708,2073,3526261,36646,0,2,0,2,0,0,0,0,0,0,7208,0,4680,2528,0
2704,50316,19.262458,18.829410,18.836519,0.006873,0.000458,0.000000,0.000000,0.094417,0.037041,0.622209,2062,4009625,41151,0,2,0,2,0,0,0,0,0,0,5593,0,3510,2083,0
2705,50317,18.329292,17.882354,17.912684,0.007667,0.000625,0.000000,0.000000,0.091458,0.027292,0.493708,2185,3637865,38275,0,2,0,2,0,0,0,0,0,0,5406,0,3510,1896,0
2706,50318,17.575916,17.146144,17.178441,0.007668,0.000543,0.000000,0.000000,0.083125,0.016292,1.244875,2130,3603832,37588,0,2,0,2,0,0,0,0,0,0,7208,0,4680,2528,0
2707,50319,18.175834,17.742243,17.785313,0.007491,0.000708,0.000000,0.000000,0.093041,0.023000,0.774334,2117,3677520,38820,0,2,0,2,0,0,0,0,0,0,5406,0,3510,1896,0
2708,50320,17.785000,17.340206,17.382668,0.007331,0.000583,0.000000,0.000000,0.085333,0.015875,0.305709,2159,3602913,38041,0,2,0,2,0,0,0,0,0,0,5406,0,3510,1896,0
2709,50321,17.575333,17.139454,17.172593,0.011256,0.000459,0.000000,0.000000,0.079958,0.015375,0.934751,2116,3549669,37329,0,2,0,2,0,0,0,0,0,0,7208,0,4680,2528,0
2710,50322,17.929917,17.505731,17.538358,0.007585,0.000625,0.000000,0.000000,0.089125,0.020291,1.187916,2102,3628138,38282,0,2,0,2,0,0,0,0,0,0,5406,0,3510,1896,0
2711,50323,17.794083,17.363685,17.391829,0.010994,0.000543,0.000000,0.000000,0.074583,0.021625,0.616917,2149,3553489,37649,0,2,0,2,0,0,0,0,0,0,5406,0,3510,1896,0
2712,50324,17.703917,17.269543,17.307335,0.007580,0.000417,0.000000,0.000000,0.071250,0.024333,0.601375,2059,3515147,36776,0,2,0,2,0,0,0,0,0,0,7208,0,4680,2528,0
2713,50325,17.701958,17.274294,17.296228,0.007294,0.000458,0.000000,0.000000,0.067458,0.012209,0.944333,2049,3538949,37496,0,2,0,2,0,0,0,0,0,0,5406,0,3510,1896,0
2714,50326,16.490458,16.090896,16.121329,0.007337,0.000501,0.000000,0.000000,0.073709,0.013958,0.315417,2108,3493066,36979,0,2,0,2,0,0,0,0,0,0,5406,0,3510,1896,0
2715,50327,16.331709,15.925466,15.960457,0.009328,0.000292,0.000000,0.000000,0.069041,0.015000,1.259792,2067,3497955,36683,0,2,0,2,0,0,0,0,0,0,7208,0,4680,2528,0
2716,50328,16.399958,16.002554,16.043239,0.006824,0.000418,0.000000,0.000000,0.066292,0.013416,0.502209,2052,3583065,37702,0,2,0,2,0,0,0,0,0,0,5406,0,3510,1896,0
2717,50329,16.376458,15.968816,15.989461,0.007173,0.000541,0.000000,0.000000,0.070417,0.013833,0.609708,2110,3487964,36774,0,2,0,2,0,0,0,0,0,0,5406,0,3510,1896,0
2718,50330,16.190792,15.800544,15.824560,0.006786,0.000498,0.000000,0.000000,0.063500,0.013625,0.654250,2061,3513664,36526,0,2,0,2,0,0,0,0,0,0,7208,0,4680,2528,0
2719,50331,16.768000,16.378761,16.392453,0.007133,0.000584,0.000000,0.000000,0.068625,0.013875,0.969459,2054,3592966,37664,0,2,0,2,0,0,0,0,0,0,5406,0,3510,1896,0
2720,50332,16.471333,16.062497,16.088649,0.007334,0.000376,0.000000,0.000000,0.071042,0.014250,1.175958,2085,3554540,37230,0,2,0,2,0,0,0,0,0,0,5406,0,3510,1896,0
2721,50333,16.124667,15.730980,15.783945,0.007207,0.000500,0.000000,0.000000,0.069125,0.023500,0.320542,2047,3510012,36708,0,2,0,2,0,0,0,0,0,0,7208,0,4680,2528,0
2722,50334,16.516875,16.126549,16.128829,0.007579,0.000791,0.000000,0.000000,0.087208,0.019500,0.976875,2036,3545680,37235,0,2,0,2,0,0,0,0,0,0,5406,0,3510,1896,0
2723,50335,16.146417,15.751260,15.734489,0.007085,0.000499,0.000000,0.000000,0.074250,0.015041,0.313666,2090,3496509,36514,0,2,0,2,0,0,0,0,0,0,5406,0,3510,1896,0
2724,50336,16.729833,16.336335,16.365274,0.007503,0.000417,0.000000,0.000000,0.074458,0.014834,0.960083,2048,3598358,37517,0,2,0,2,0,0,0,0,0,0,7208,0,4680,2528,0
2725,50337,16.425125,16.034464,16.075949,0.010459,0.000584,0.000000,0.000000,0.081917,0.014166,0.660125,2050,3566251,37271,0,2,0,2,0,0,0,0,0,0,5406,0,3510,1896,0
2726,50338,15.617458,15.217301,15.255007,0.006955,0.000292,0.000000,0.000000,0.068292,0.014000,0.598250,2097,3530960,36981,0,2,0,2,0,0,0,0,0,0,5863,0,3510,2353,0
2727,50339,16.905709,16.510612,16.543576,0.006704,0.000540,0.000000,0.000000,0.063458,0.013708,0.668208,2051,3878985,39306,0,2,0,2,0,0,0,0,0,0,7370,0,4680,2690,0
2728,50340,17.763250,17.356986,17.388105,0.007213,0.000458,0.000000,0.000000,0.070541,0.014167,0.980042,2082,3906504,39797,0,2,0,2,0,0,0,0,0,0,5406,0,3510,1896,0
2729,50341,15.689666,15.306686,15.346482,0.006538,0.000583,0.000000,0.000000,0.071084,0.014666,0.667625,2093,3508719,37066,0,2,0,2,0,0,0,0,0,0,5406,0,3510,1896,0
2730,50342,16.566917,16.153888,16.098352,0.006871,0.000290,0.000000,0.000000,0.076250,0.014792,0.829250,2063,3521654,36735,0,2,0,2,0,0,0,0,0,0,7208,0,4680,2528,0
2731,50343,16.539125,16.146464,16.184781,0.006959,0.000417,0.000000,0.000000,0.070292,0.013500,0.307916,2046,3590041,37721,0,2,0,2,0,0,0,0,0,0,5406,0,3510,1896,0
2732,50344,16.467167,16.039580,16.058718,0.006959,0.000375,0.000000,0.000000,0.070958,0.024167,0.762834,2053,3551976,37322,0,2,0,2,0,0,0,0,0,0,5406,0,3510,1896,0
2733,50345,15.691125,15.327101,15.342830,0.007586,0.000500,0.000000,0.000000,0.066416,0.022959,0.609334,2051,3507681,36669,0,2,0,2,0,0,0,0,0,0,7208,0,4680,2528,0
2734,50346,16.046375,15.669313,15.678648,0.007668,0.000876,0.000000,0.000000,0.101083,0.022333,1.274000,2045,3591949,37708,0,2,0,2,0,0,0,0,0,0,5406,0,3510,1896,0
2735,50347,15.886291,15.489673,15.520515,0.007629,0.000583,0.000000,0.000000,0.071375,0.015667,0.304166,2061,3521957,37100,0,2,0,2,0,0,0,0,0,0,5406,0,3510,1896,0
2736,50348,15.602875,15.223187,15.242193,0.007046,0.000624,0.000000,0.000000,0.068334,0.013083,1.007458,2068,3598288,37492,0,2,0,2,0,0,0,0,0,0,7367,0,4680,2687,0
2737,50349,16.544167,16.168813,16.200861,0.006381,0.000291,0.000000,0.000000,0.068250,0.014167,0.308041,2105,3826100,38998,0,2,0,2,0,0,0,0,0,0,5406,0,3510,1896,0
2738,50350,16.035500,15.651516,15.670647,0.007051,0.000541,0.000000,0.000000,0.082333,0.024209,1.331959,2055,3521965,36991,0,2,0,2,0,0,0,0,0,0,5406,0,3510,1896,0
2739,50351,15.940375,15.561300,15.587506,0.006458,0.000500,0.000000,0.000000,0.067833,0.013209,0.311084,2047,3584947,37219,0,2,0,2,0,0,0,0,0,0,7208,0,4680,2528,0
2740,50352,15.990750,15.607547,15.620419,0.006544,0.000501,0.000000,0.000000,0.075583,0.014917,1.273875,2064,3548314,37210,0,2,0,2,0,0,0,0,0,0,5406,0,3510,1896,0
2741,50353,15.709750,15.342933,15.374631,0.006915,0.000751,0.000000,0.000000,0.072167,0.013958,0.295500,2049,3513137,36974,0,2,0,2,0,0,0,0,0,0,5434,0,3510,1924,0
2742,50354,16.060292,15.675356,15.682188,0.007657,0.000376,0.000000,0.000000,0.077541,0.021334,0.609499,2058,3562266,37016,0,2,0,2,0,0,0,0,0,0,7180,0,4680,2500,0
2743,50355,15.843083,15.461854,15.463667,0.006207,0.000667,0.000000,0.000000,0.063917,0.014083,0.668375,2044,3501475,36750,0,2,0,2,0,0,0,0,0,0,5406,0,3510,1896,0
2744,50356,15.885542,15.507939,15.535562,0.006500,0.000457,0.000000,0.000000,0.074958,0.012750,0.595709,2051,3535109,36824,0,2,0,2,0,0,0,0,0,0,7124,0,4596,2528,0
2745,50357,15.631458,15.258190,15.278383,0.006878,0.000416,0.000000,0.000000,0.073375,0.018750,0.665041,2037,3551524,37277,0,2,0,2,0,0,0,0,0,0,5490,0,3594,1896,0
2746,50358,15.630667,15.255106,15.292494,0.007004,0.000457,0.000000,0.000000,0.066083,0.012333,0.834875,2048,3493512,36743,0,2,0,2,0,0,0,0,0,0,5406,0,3510,1896,0
2747,50359,15.891625,15.505948,15.526717,0.007119,0.000709,0.000000,0.000000,0.061416,0.016875,0.315208,2043,3485801,36227,0,2,0,2,0,0,0,0,0,0,7208,0,4680,2528,0
2748,50360,16.247125,15.862846,15.855860,0.007585,0.000332,0.000000,0.000000,0.083583,0.034708,0.841250,2041,3571141,37549,0,2,0,2,0,0,0,0,0,0,5406,0,3510,1896,0
2749,50361,15.878958,15.496812,15.498316,0.005956,0.000292,0.000000,0.000000,0.070333,0.011000,0.646959,2047,3487952,36691,0,2,0,2,0,0,0,0,0,0,5406,0,3510,1896,0
2750,50362,15.957292,15.577671,15.573699,0.006783,0.000416,0.000000,0.000000,0.062250,0.014500,1.121250,2058,3499229,36389,0,2,0,2,0,0,0,0,0,0,7208,0,4680,2528,0
2751,50363,15.927458,15.551298,15.576437,0.006877,0.000502,0.000000,0.000000,0.608417,0.012958,0.318459,2035,3545240,37219,0,2,0,2,0,0,0,0,0,0,5406,0,3510,1896,0
2752,50364,16.419250,16.034169,15.520912,0.006669,0.000458,0.000000,0.000000,0.863167,0.012583,0.748834,2058,3516463,37008,0,2,0,2,0,0,0,0,0,0,5406,0,3510,1896,0
2753,50365,16.297042,15.918231,15.142690,0.007165,0.000375,0.000000,0.000000,1.194875,0.015250,0.791666,2056,3489178,36253,0,2,0,2,0,0,0,0,0,0,7208,0,4680,2528,0
2754,50366,17.601958,17.218042,16.080623,0.007095,0.000791,0.000000,0.000000,0.229917,0.016166,0.528000,2040,3555825,37407,0,2,0,2,0,0,0,0,0,0,5538,0,3510,2028,0
2755,50367,19.028958,18.623244,18.380610,0.006123,0.000875,0.000000,0.000000,0.060709,0.012750,0.606875,2109,3973031,40182,0,2,0,2,0,0,0,0,0,0,5406,0,3510,1896,0
2756,50368,16.336500,15.951318,15.966273,0.006076,0.000333,0.000000,0.000000,0.076500,0.013542,0.306166,2054,3604224,37271,0,2,0,2,0,0,0,0,0,0,7208,0,4680,2528,0
2757,50369,16.494959,16.113202,16.105466,0.007297,0.000459,0.000000,0.000000,0.079000,0.023875,0.612041,2063,3633212,37918,0,2,0,2,0,0,0,0,0,0,5406,0,3510,1896,0
2758,50370,16.236083,15.849641,15.848560,0.006289,0.000750,0.000000,0.000000,0.066125,0.014083,0.657208,2095,3568240,37229,0,2,0,2,0,0,0,0,0,0,5406,0,3510,1896,0
2759,50371,16.172583,15.784168,15.813296,0.009828,0.000584,0.000000,0.000000,0.064542,0.014250,1.294500,2061,3576366,37059,0,2,0,2,0,0,0,0,0,0,7208,0,4680,2528,0
2760,50372,16.244542,15.861310,15.866586,0.006788,0.000333,0.000000,0.000000,0.071875,0.014083,0.949125,2065,3636678,37956,0,2,0,2,0,0,0,0,0,0,5406,0,3510,1896,0
2761,50373,16.035792,15.656846,15.687070,0.005959,0.000416,0.000000,0.000000,0.379375,0.013416,0.325125,2090,3546313,37145,0,2,0,2,0,0,0,0,0,0,5406,0,3510,1896,0
2762,50374,16.213750,15.835915,15.530818,0.007161,0.000543,0.000000,0.000000,0.894208,0.015208,0.925167,2054,3555232,36875,0,2,0,2,0,0,0,0,0,0,7208,0,4680,2528,0
2763,50375,17.303791,16.912988,16.099734,0.007081,0.000332,0.000000,0.000000,0.288709,0.014708,0.292167,2053,3648309,38097,0,2,0,2,0,0,0,0,0,0,5406,0,3510,1896,0
2764,50376,16.325792,15.930687,15.749539,0.006667,0.000501,0.000000,0.000000,0.486792,0.024166,1.040750,2107,3579331,37442,0,2,0,2,0,0,0,0,0,0,5406,0,3510,1896,0
2765,50377,16.481875,16.099725,15.702270,0.009834,0.012208,0.000000,0.000000,0.774833,0.011792,0.510208,2064,3571635,36992,0,2,0,2,0,0,0,0,0,0,7208,0,4680,2528,0
2766,50378,17.050750,16.659065,15.934076,0.006912,0.000458,0.000000,0.000000,0.379250,0.036708,0.623167,2068,3635963,37992,0,2,0,2,0,0,0,0,0,0,5406,0,3510,1896,0
2767,50379,16.056500,15.670304,15.359410,0.007247,0.000583,0.000000,0.000000,0.868917,0.020875,0.641250,2125,3577372,37461,0,2,0,2,0,0,0,0,0,0,5406,0,3510,1896,0
2768,50380,16.657458,16.279338,15.494438,0.006503,0.000458,0.000000,0.000000,0.813750,0.033792,0.967459,2078,3610691,37370,0,2,0,2,0,0,0,0,0,0,7208,0,4680,2528,0
2769,50381,16.503209,16.121014,15.383643,0.006706,0.000458,0.000000,0.000000,1.105208,0.013750,1.104250,2065,3614601,37807,0,2,0,2,0,0,0,0,0,0,5406,0,3510,1896,0
2770,50382,16.549291,16.143418,15.127218,0.007291,0.000498,0.000000,0.000000,1.241084,0.014541,0.318375,2114,3587497,37546,0,2,0,2,0,0,0,0,0,0,5545,0,3510,2035,0
2771,50383,18.151792,17.773491,16.630491,0.005506,0.000543,0.000000,0.000000,0.069750,0.013958,0.958375,2069,4093973,40948,0,2,0,2,0,0,0,0,0,0,7208,0,4680,2528,0
2772,50384,16.328625,15.941331,15.963785,0.006752,0.000499,0.000000,0.000000,0.143333,0.015584,0.304584,2074,3661454,38241,0,2,0,2,0,0,0,0,0,0,5406,0,3510,1896,0
2773,50385,15.898792,15.505786,15.422315,0.006670,0.000416,0.000000,0.000000,0.829291,0.029625,1.047375,2117,3577771,37489,0,2,0,2,0,0,0,0,0,0,5565,0,3510,2055,0
2774,50386,17.723125,17.326733,16.576389,0.006088,0.000459,0.000000,0.000000,0.065708,0.049375,0.630167,2062,3848998,38779,0,2,0,2,0,0,0,0,0,0,7208,0,4680,2528,0
2775,50387,16.059500,15.672123,15.674572,0.007084,0.000625,0.000000,0.000000,0.403250,0.014208,0.607750,2072,3612695,37865,0,2,0,2,0,0,0,0,0,0,5406,0,3510,1896,0
2776,50388,16.658625,16.269530,15.946371,0.006213,0.000459,0.000000,0.000000,0.350791,0.038500,0.649000,2131,3592251,37634,0,2,0,2,0,0,0,0,0,0,5406,0,3510,1896,0
2777,50389,16.270666,15.879982,15.597062,0.007417,0.000415,0.000000,0.000000,0.736167,0.012458,0.940209,2085,3561054,36993,0,2,0,2,0,0,0,0,0,0,7208,0,4680,2528,0
2778,50390,19.637334,19.217528,18.400567,0.007428,0.001834,0.000000,0.000000,0.192416,0.040042,0.952041,2091,3619910,38162,0,2,0,2,0,0,0,0,0,0,5406,0,3510,1896,0
2779,50391,17.229791,16.842500,16.703494,0.006506,0.000501,0.000000,0.000000,0.065792,0.023875,0.309750,2123,3527185,37012,0,2,0,2,0,0,0,0,0,0,5406,0,3510,1896,0
2780,50392,16.098250,15.714664,15.743007,0.007205,0.000499,0.000000,0.000000,0.065375,0.015417,0.969791,2091,3561987,37092,0,2,0,2,0,0,0,0,0,0,7208,0,4680,2528,0
2781,50393,16.555875,16.165273,16.203043,0.006795,0.000707,0.000000,0.000000,0.070084,0.015416,0.586292,2060,3569825,37635,0,2,0,2,0,0,0,0,0,0,5406,0,3510,1896,0
2782,50394,16.703792,16.314811,16.247021,0.007252,0.000416,0.000000,0.000000,0.069583,0.012042,0.291833,2106,3507270,36940,0,2,0,2,0,0,0,0,0,0,5406,0,3510,1896,0
2783,50395,15.209417,14.839324,14.867790,0.006753,0.000417,0.000000,0.000000,0.061333,0.012250,0.583918,2084,3510296,36560,0,2,0,2,0,0,0,0,0,0,7208,0,4680,2528,0
2784,50396,15.443666,15.068448,15.097525,0.006452,0.000375,0.000000,0.000000,0.555417,0.013292,0.491166,2061,3593599,37896,0,2,0,2,0,0,0,0,0,0,5406,0,3510,1896,0
2785,50397,15.884625,15.499234,15.028566,0.007002,0.000543,0.000000,0.000000,1.255792,0.012875,0.910209,2114,3511605,36979,0,2,0,2,0,0,0,0,0,0,5406,0,3510,1896,0
2786,50398,16.068792,15.701716,14.538821,0.007084,0.000500,0.000000,0.000000,1.971167,0.011750,0.290500,2079,3492917,36401,0,2,0,2,0,0,0,0,0,0,7208,0,4680,2528,0
2787,50399,17.269292,16.903439,15.011716,0.006169,0.000458,0.000000,0.000000,1.368250,0.011916,0.916458,2040,3562391,37502,0,2,0,2,0,0,0,0,0,0,5406,0,3510,1896,0
2788,50400,16.316333,15.948970,14.659951,0.006334,0.000543,0.000000,0.000000,1.571042,0.010000,0.609042,2058,3523227,37091,0,2,0,2,0,0,0,0,0,0,5406,0,3510,1896,0
2789,50401,16.504625,16.135881,14.635049,0.006831,0.000500,0.000000,0.000000,1.740750,0.012125,0.646708,2050,3536105,36893,0,2,0,2,0,0,0,0,0,0,7208,0,4680,2528,0
2790,50402,16.554250,16.185924,14.524799,0.007251,0.000416,0.000000,0.000000,1.995458,0.012542,0.290333,2064,3513833,36985,0,2,0,2,0,0,0,0,0,0,5406,0,3510,1896,0
2791,50403,17.116583,16.722168,14.765105,0.006408,0.000541,0.000000,0.000000,1.524084,0.013333,0.897666,2041,3500798,36844,0,2,0,2,0,0,0,0,0,0,5406,0,3510,1896,0
2792,50404,16.662875,16.298818,14.852836,0.006832,0.000584,0.000000,0.000000,1.539584,0.012958,0.292833,2051,3581283,37294,0,2,0,2,0,0,0,0,0,0,7208,0,4680,2528,0
2793,50405,16.247250,15.882876,14.423856,0.006454,0.000332,0.000000,0.000000,1.937500,0.012334,0.898958,2049,3476721,36611,0,2,0,2,0,0,0,0,0,0,5406,0,3510,1896,0
2794,50406,16.591542,16.226260,14.370272,0.006877,0.000459,0.000000,0.000000,1.888167,0.012375,0.697125,2051,3501746,36758,0,2,0,2,0,0,0,0,0,0,5619,0,3510,2109,0
2795,50407,17.213875,16.827697,15.044053,0.007167,0.000708,0.000000,0.000000,1.508375,0.011000,0.289583,2053,3588174,37486,0,2,0,2,0,0,0,0,0,0,6995,0,4680,2315,0
2796,50408,16.343292,15.978389,14.546148,0.006667,0.000289,0.000000,0.000000,1.825458,0.010875,0.899542,2049,3509373,37010,0,2,0,2,0,0,0,0,0,0,5406,0,3510,1896,0
2797,50409,16.720791,16.351716,14.607054,0.007121,0.000584,0.000000,0.000000,1.629375,0.010500,0.609709,2054,3486501,36430,0,2,0,2,0,0,0,0,0,0,7124,0,4596,2528,0
2798,50410,16.736584,16.368269,14.807325,0.006956,0.000500,0.000000,0.000000,1.630416,0.013125,0.901708,2045,3542447,37280,0,2,0,2,0,0,0,0,0,0,5490,0,3594,1896,0
2799,50411,16.449791,16.087959,14.540714,0.006337,0.000375,0.000000,0.000000,1.902417,0.011417,0.321250,2041,3502600,36877,0,2,0,2,0,0,0,0,0,0,5406,0,3510,1896,0
2800,50412,16.795542,16.429655,14.607004,0.007000,0.000333,0.000000,0.000000,1.767333,0.013334,0.669625,2049,3538116,36970,0,2,0,2,0,0,0,0,0,0,7208,0,4680,2528,0
2801,50413,16.642833,16.268175,14.590409,0.006754,0.000416,0.000000,0.000000,1.807417,0.011917,0.738708,2047,3546877,37432,0,2,0,2,0,0,0,0,0,0,5406,0,3510,1896,0
2802,50414,16.516875,16.155425,14.429184,0.006876,0.000459,0.000000,0.000000,1.959584,0.010958,0.631500,2050,3509611,36968,0,2,0,2,0,0,0,0,0,0,5406,0,3510,1896,0
2803,50415,16.682875,16.321638,14.437283,0.006544,0.000625,0.000000,0.000000,1.767334,0.013125,0.793458,2053,3482531,36332,0,2,0,2,0,0,0,0,0,0,7208,0,4680,2528,0
2804,50416,16.964834,16.596297,14.914688,0.006083,0.000417,0.000000,0.000000,1.573500,0.011916,0.299792,2052,3597185,37906,0,2,0,2,0,0,0,0,0,0,5406,0,3510,1896,0
2805,50417,16.377500,16.010292,14.515877,0.006169,0.000332,0.000000,0.000000,1.945041,0.012959,0.585333,2062,3517601,37082,0,2,0,2,0,0,0,0,0,0,5406,0,3510,1896,0
2806,50418,16.653000,16.286060,14.428269,0.006664,0.000416,0.000000,0.000000,1.803666,0.010250,0.628083,2068,3501965,36531,0,2,0,2,0,0,0,0,0,0,7208,0,4680,2528,0
2807,50419,17.198583,16.825727,14.931215,0.007503,0.000459,0.000000,0.000000,1.227375,0.010333,1.221208,2077,3590571,37660,0,2,0,2,0,0,0,0,0,0,7447,0,3510,3937,0
2808,50420,16.143667,15.768984,14.608133,0.006500,0.000417,0.000000,0.000000,1.889083,0.012625,0.621542,2083,3545756,37382,0,2,0,2,0,0,0,0,0,0,5406,0,3510,1896,0
2809,50421,16.854708,16.485837,14.699162,0.006416,0.000498,0.000000,0.000000,1.550083,0.009459,0.577834,2065,3508957,36582,0,2,0,2,0,0,0,0,0,0,7208,0,4680,2528,0
2810,50422,16.605458,16.218940,14.744235,0.006793,0.000250,0.000000,0.000000,1.812167,0.012292,0.923208,2046,3563381,37615,0,2,0,2,0,0,0,0,0,0,5406,0,3510,1896,0
2811,50423,16.558875,16.193683,14.453596,0.007087,0.000292,0.000000,0.000000,1.916250,0.009375,0.610333,2093,3487200,36718,0,2,0,2,0,0,0,0,0,0,5406,0,3510,1896,0
2812,50424,16.800375,16.434367,14.559347,0.006708,0.000376,0.000000,0.000000,1.713709,0.020708,0.896207,2070,3538886,36933,0,2,0,2,0,0,0,0,0,0,7208,0,4680,2528,0
2813,50425,16.520459,16.155993,14.540042,0.006466,0.000499,0.000000,0.000000,1.873125,0.014291,0.488417,2039,3543414,37362,0,2,0,2,0,0,0,0,0,0,5406,0,3510,1896,0
2814,50426,16.580083,16.210054,14.449105,0.006331,0.000540,0.000000,0.000000,1.996792,0.029458,0.581458,2100,3497361,36853,0,2,0,2,0,0,0,0,0,0,5406,0,3510,1896,0
2815,50427,18.207000,17.825465,15.906178,0.006588,0.000417,0.000000,0.000000,0.359875,0.014417,0.302250,2052,3509642,36584,0,2,0,2,0,0,0,0,0,0,7208,0,4680,2528,0
2816,50428,16.525417,16.130999,15.859736,0.006419,0.000583,0.000000,0.000000,0.521416,0.013709,0.911791,2046,3601221,37904,0,2,0,2,0,0,0,0,0,0,5406,0,3510,1896,0
2817,50429,16.224833,15.842732,15.422283,0.007076,0.000418,0.000000,0.000000,1.086750,0.020833,1.098167,2092,3479611,36713,0,2,0,2,0,0,0,0,0,0,5406,0,3510,1896,0
2818,50430,16.651083,16.276114,15.302600,0.006540,0.000500,0.000000,0.000000,0.889542,0.011917,0.316167,2061,3497008,36435,0,2,0,2,0,0,0,0,0,0,7208,0,4680,2528,0
2819,50431,16.998792,16.620050,15.797565,0.006210,0.000460,0.000000,0.000000,0.594792,0.035166,0.603875,2048,3551695,37407,0,2,0,2,0,0,0,0,0,0,5406,0,3510,1896,0
2820,50432,16.592458,16.196931,15.663918,0.006630,0.000334,0.000000,0.000000,0.794834,0.015333,0.652875,2089,3533447,37257,0,2,0,2,0,0,0,0,0,0,5406,0,3510,1896,0
2821,50433,16.416417,16.029046,15.359189,0.006761,0.000582,0.000000,0.000000,1.079583,0.014834,0.948125,2058,3491587,36421,0,2,0,2,0,0,0,0,0,0,7208,0,4680,2528,0
2822,50434,17.110458,16.730157,15.718891,0.007004,0.000458,0.000000,0.000000,0.663209,0.016083,0.639334,2052,3538538,37250,0,2,0,2,0,0,0,0,0,0,5406,0,3510,1896,0
2823,50435,16.808209,16.410466,15.837418,0.005915,0.000500,0.000000,0.000000,0.519333,0.017875,0.612083,2097,3490296,36820,0,2,0,2,0,0,0,0,0,0,5406,0,3510,1896,0
2824,50436,16.349500,15.972516,15.554442,0.006999,0.000334,0.000000,0.000000,0.628416,0.013625,0.300583,2065,3521051,36749,0,2,0,2,0,0,0,0,0,0,7208,0,4680,2528,0
2825,50437,16.571708,16.197465,15.650038,0.007708,0.000459,0.000000,0.000000,0.806542,0.013041,0.840584,2048,3555558,37524,0,2,0,2,0,0,0,0,0,0,5406,0,3510,1896,0
2826,50438,16.622750,16.234262,15.519234,0.006504,0.000541,0.000000,0.000000,0.939292,0.013333,1.284000,2103,3492200,36819,0,2,0,2,0,0,0,0,0,0,5406,0,3510,1896,0
2827,50439,16.634708,16.255245,15.407836,0.006586,0.000376,0.000000,0.000000,0.846000,0.013459,0.646917,2066,3502574,36522,0,4,0,4,0,0,0,0,0,0,7208,0,4680,2528,0
2828,50440,16.918125,16.546456,15.746378,0.007745,0.000792,0.000000,0.000000,0.579834,0.013500,0.608667,2048,3588506,37823,0,2,0,2,0,0,0,0,0,0,5406,0,3510,1896,0
2829,50441,16.325459,15.934172,15.458304,0.006665,0.000458,0.000000,0.000000,1.084375,0.019750,0.305375,2103,3480047,36762,0,2,0,2,0,0,0,0,0,0,5406,0,3510,1896,0
2830,50442,16.758583,16.375893,15.390086,0.006575,0.000542,0.000000,0.000000,0.987292,0.014916,0.952208,2062,3509405,36622,0,2,0,2,0,0,0,0,0,0,7208,0,4680,2528,0
2831,50443,17.011125,16.628612,15.768943,0.007747,0.000500,0.000000,0.000000,0.556708,0.013375,0.648125,2068,3574126,37684,0,2,0,2,0,0,0,0,0,0,5406,0,3510,1896,0
2832,50444,16.370375,15.972655,15.536721,0.006374,0.000499,0.000000,0.000000,0.970958,0.015125,0.794166,2122,3537851,37325,0,2,0,2,0,0,0,0,0,0,5406,0,3510,1896,0
2833,50445,16.768375,16.369984,15.538467,0.006834,0.000293,0.000000,0.000000,0.743792,0.014166,0.616917,2087,3510082,36609,0,2,0,2,0,0,0,0,0,0,7208,0,4680,2528,0
2834,50446,16.720708,16.343959,15.716046,0.006291,0.000418,0.000000,0.000000,0.781167,0.013917,0.300583,2070,3574918,37732,0,2,0,2,0,0,0,0,0,0,5406,0,3510,1896,0
2835,50447,16.624167,16.235301,15.561903,0.006341,0.000458,0.000000,0.000000,0.818708,0.023917,0.973251,2123,3524015,37094,0,2,0,2,0,0,0,0,0,0,5406,0,3510,1896,0
2836,50448,16.831417,16.444116,15.688714,0.010503,0.000708,0.000000,0.000000,0.471750,0.013625,0.340667,2081,3544022,36991,0,2,0,2,0,0,0,0,0,0,7208,0,4680,2528,0
2837,50449,16.499416,16.121779,15.732002,0.006832,0.000499,0.000000,0.000000,0.629334,0.021375,0.616959,2083,3575075,37724,0,2,0,2,0,0,0,0,0,0,5406,0,3510,1896,0
2838,50450,16.443959,16.054971,15.491286,0.009751,0.000417,0.000000,0.000000,0.991958,0.015417,0.304291,2126,3518947,37059,0,2,0,2,0,0,0,0,0,0,5406,0,3510,1896,0
2839,50451,16.919000,16.523500,15.624169,0.007086,0.000501,0.000000,0.000000,0.801833,0.014708,0.951667,2082,3534481,36823,0,2,0,2,0,0,0,0,0,0,7208,0,4680,2528,0
2840,50452,17.103500,16.717867,16.017066,0.006499,0.000333,0.000000,0.000000,0.316958,0.012917,0.302375,2075,3602872,37960,0,2,0,2,0,0,0,0,0,0,5406,0,3510,1896,0
2841,50453,16.200166,15.812275,15.596347,0.007374,0.000458,0.000000,0.000000,0.775375,0.037334,0.940958,2113,3522144,37138,0,2,0,2,0,0,0,0,0,0,5406,0,3510,1896,0
2842,50454,16.700084,16.322591,15.644295,0.005878,0.000542,0.000000,0.000000,0.760625,0.032250,0.788083,2079,3568920,37202,0,2,0,2,0,0,0,0,0,0,7208,0,4680,2528,0
2843,50455,16.449708,16.063939,15.370361,0.006715,0.000250,0.000000,0.000000,0.845250,0.013167,0.303083,2065,3525107,37115,0,2,0,2,0,0,0,0,0,0,5406,0,3510,1896,0
2844,50456,17.159667,16.779171,15.990291,0.006959,0.000375,0.000000,0.000000,0.524958,0.013125,0.595042,2075,3554977,37479,0,2,0,2,0,0,0,0,0,0,5406,0,3510,1896,0
2845,50457,16.570875,16.185818,15.751938,0.007161,0.000626,0.000000,0.000000,0.434750,0.014583,0.639166,2078,3592416,37489,0,2,0,2,0,0,0,0,0,0,7208,0,4680,2528,0
2846,50458,16.235666,15.861086,15.536444,0.006259,0.000417,0.000000,0.000000,0.818042,0.012667,1.241208,2062,3496985,36887,0,2,0,2,0,0,0,0,0,0,5406,0,3510,1896,0
2847,50459,16.328667,15.957878,15.240665,0.006999,0.000500,0.000000,0.000000,1.339667,0.039291,0.309625,2047,3475781,36502,0,2,0,2,0,0,0,0,0,0,5899,0,3510,2389,0
2848,50460,17.389167,17.011161,15.762997,0.007499,0.000625,0.000000,0.000000,0.464750,0.013583,0.933167,2064,3588662,37515,0,2,0,2,0,0,0,0,0,0,6715,0,4680,2035,0
2849,50461,16.234333,15.851524,15.483266,0.007326,0.000458,0.000000,0.000000,1.060458,0.013417,0.759750,2058,3495782,36884,0,2,0,2,0,0,0,0,0,0,5406,0,3510,1896,0
2850,50462,16.531417,16.130030,15.182041,0.006542,0.000501,0.000000,0.000000,1.121000,0.013333,0.611083,2038,3479792,36290,0,2,0,2,0,0,0,0,0,0,7124,0,4596,2528,0
2851,50463,17.181458,16.785035,15.685400,0.008291,0.000458,0.000000,0.000000,0.633542,0.016000,0.595624,2057,3555165,37419,0,2,0,2,0,0,0,0,0,0,5490,0,3594,1896,0
2852,50464,16.459250,16.068351,15.568140,0.008038,0.000501,0.000000,0.000000,0.867458,0.014542,0.305791,2050,3534816,37307,0,2,0,2,0,0,0,0,0,0,5406,0,3510,1896,0
2853,50465,16.313875,15.939750,15.188806,0.005587,0.000498,0.000000,0.000000,1.217417,0.013583,0.703416,2042,3459407,36038,0,2,0,2,0,0,0,0,0,0,7208,0,4680,2528,0
2854,50466,17.226250,16.844620,15.726018,0.006540,0.000459,0.000000,0.000000,0.506125,0.014125,0.645000,2057,3575228,37723,0,2,0,2,0,0,0,0,0,0,5406,0,3510,1896,0
2855,50467,16.572875,16.195000,15.795224,0.007259,0.000666,0.000000,0.000000,0.719458,0.013959,0.950124,2062,3535100,37258,0,2,0,2,0,0,0,0,0,0,5406,0,3510,1896,0
2856,50468,16.503667,16.119827,15.491390,0.007121,0.000499,0.000000,0.000000,0.925166,0.050500,0.644250,2058,3511721,36594,0,2,0,2,0,0,0,0,0,0,7208,0,4680,2528,0
2857,50469,16.969125,16.574123,15.687430,0.006505,0.000707,0.000000,0.000000,0.476625,0.013291,0.656292,2069,3564273,37604,0,2,0,2,0,0,0,0,0,0,5406,0,3510,1896,0
2858,50470,16.287958,15.910391,15.539623,0.006967,0.000458,0.000000,0.000000,1.011667,0.013208,0.920375,2083,3528118,37188,0,2,0,2,0,0,0,0,0,0,5406,0,3510,1896,0
2859,50471,16.611708,16.225358,15.331300,0.006425,0.000250,0.000000,0.000000,1.014334,0.011708,0.638708,2045,3488455,36344,0,2,0,2,0,0,0,0,0,0,7208,0,4680,2528,0
2860,50472,17.085125,16.707700,15.801513,0.007290,0.000418,0.000000,0.000000,0.577042,0.013792,0.948875,2059,3603175,38060,0,2,0,2,0,0,0,0,0,0,5406,0,3510,1896,0
2861,50473,16.423750,16.037129,15.539804,0.006204,0.000500,0.000000,0.000000,0.862875,0.034084,0.494041,2096,3507922,37005,0,2,0,2,0,0,0,0,0,0,5406,0,3510,1896,0
2862,50474,16.364667,15.985718,15.210622,0.007371,0.000416,0.000000,0.000000,1.201000,0.013750,0.595668,2064,3490765,36364,0,2,0,2,0,0,0,0,0,0,7208,0,4680,2528,0
2863,50475,17.032042,16.636810,15.571265,0.006953,0.000500,0.000000,0.000000,0.713666,0.037417,0.640625,2075,3570036,37601,0,2,0,2,0,0,0,0,0,0,5406,0,3510,1896,0
2864,50476,16.332166,15.936917,15.324461,0.007758,0.000500,0.000000,0.000000,1.185000,0.016334,1.124582,2115,3541517,37403,0,2,0,2,0,0,0,0,0,0,5406,0,3510,1896,0
2865,50477,16.529792,16.172623,15.058994,0.006996,0.000583,0.000000,0.000000,1.264750,0.013542,1.032875,2062,3492619,36363,0,2,0,2,0,0,0,0,0,0,7208,0,4680,2528,0
2866,50478,16.925417,16.546742,15.379599,0.007213,0.000334,0.000000,0.000000,0.872375,0.013708,0.314625,2070,3583089,37776,0,2,0,2,0,0,0,0,0,0,5406,0,3510,1896,0
2867,50479,16.285666,15.903026,15.143221,0.007116,0.000417,0.000000,0.000000,1.404709,0.014666,0.937959,2117,3522788,37051,0,2,0,2,0,0,0,0,0,0,5406,0,3510,1896,0
2868,50480,16.732042,16.359050,15.069323,0.006420,0.000541,0.000000,0.000000,1.336792,0.027041,0.290250,2065,3510474,36554,0,2,0,2,0,0,0,0,0,0,7208,0,4680,2528,0
2869,50481,17.071958,16.692938,15.438492,0.007294,0.000376,0.000000,0.000000,0.855500,0.013084,0.952417,2065,3570741,37684,0,2,0,2,0,0,0,0,0,0,5406,0,3510,1896,0
2870,50482,16.452417,16.070475,15.297901,0.007380,0.000458,0.000000,0.000000,1.172958,0.013834,0.609042,2104,3516857,37013,0,2,0,2,0,0,0,0,0,0,5406,0,3510,1896,0
2871,50483,16.649500,16.282768,15.235220,0.011416,0.000791,0.000000,0.000000,1.179208,0.012834,0.584542,2038,3494864,36361,0,2,0,2,0,0,0,0,0,0,7208,0,4680,2528,0
2872,50484,17.301875,16.910859,15.824385,0.006914,0.000418,0.000000,0.000000,0.389667,0.042000,0.627583,2058,3592186,37877,0,2,0,2,0,0,0,0,0,0,5406,0,3510,1896,0
2873,50485,16.100458,15.719206,15.396791,0.007539,0.000625,0.000000,0.000000,1.046125,0.017250,0.596458,2109,3499636,36903,0,2,0,2,0,0,0,0,0,0,5406,0,3510,1896,0
2874,50486,16.560500,16.188618,15.228702,0.007748,0.000374,0.000000,0.000000,1.220000,0.034209,1.262542,2046,3487090,36339,0,2,0,2,0,0,0,0,0,0,7208,0,4680,2528,0
2875,50487,18.395500,17.994254,16.709033,0.007209,0.000417,0.000000,0.000000,0.077542,0.014208,0.303791,2070,3553714,37425,0,2,0,2,0,0,0,0,0,0,5406,0,3510,1896,0
2876,50488,16.103542,15.718844,15.744924,0.007792,0.000332,0.000000,0.000000,0.176458,0.013792,0.956000,2110,3533116,37271,0,2,0,2,0,0,0,0,0,0,5406,0,3510,1896,0
2877,50489,15.898583,15.509278,15.425236,0.006919,0.000418,0.000000,0.000000,0.783334,0.014500,0.307666,2049,3465398,36083,0,2,0,2,0,0,0,0,0,0,7208,0,4680,2528,0
2878,50490,16.725500,16.352990,15.665997,0.007333,0.000417,0.000000,0.000000,0.675334,0.013708,1.255958,2053,3552846,37491,0,2,0,2,0,0,0,0,0,0,5406,0,3510,1896,0
2879,50491,16.509959,16.122879,15.555021,0.006790,0.000415,0.000000,0.000000,0.880833,0.012875,0.305083,2102,3505323,36935,0,2,0,2,0,0,0,0,0,0,5406,0,3510,1896,0
2880,50492,16.696208,16.321106,15.535163,0.006585,0.000249,0.000000,0.000000,0.911792,0.013208,0.798083,2037,3496924,36447,0,2,0,2,0,0,0,0,0,0,7208,0,4680,2528,0
2881,50493,16.886583,16.490625,15.699758,0.006874,0.000458,0.000000,0.000000,0.511042,0.014208,0.661500,2055,3550819,37516,0,2,0,2,0,0,0,0,0,0,5406,0,3510,1896,0
2882,50494,16.333417,15.944375,15.532009,0.006874,0.000540,0.000000,0.000000,0.910042,0.025208,0.647750,2106,3491865,36843,0,2,0,2,0,0,0,0,0,0,5406,0,3510,1896,0
2883,50495,16.471583,16.090942,15.281640,0.006124,0.000708,0.000000,0.000000,1.220667,0.013083,1.289959,2037,3465540,36085,0,2,0,2,0,0,0,0,0,0,7208,0,4680,2528,0
2884,50496,17.391292,17.012739,15.911585,0.006663,0.000459,0.000000,0.000000,0.319833,0.019875,0.650083,2067,3590166,37914,0,2,0,2,0,0,0,0,0,0,5406,0,3510,1896,0
2885,50497,16.244750,15.847005,15.637408,0.007833,0.000460,0.000000,0.000000,0.855875,0.014583,0.656792,2111,3507032,36991,0,2,0,2,0,0,0,0,0,0,5406,0,3510,1896,0
2886,50498,16.410708,16.037478,15.296162,0.006879,0.000458,0.000000,0.000000,1.125584,0.014791,0.305500,2046,3483393,36268,0,2,0,2,0,0,0,0,0,0,7208,0,4680,2528,0
2887,50499,17.125709,16.746799,15.733371,0.006998,0.000458,0.000000,0.000000,0.646875,0.013541,1.210292,2056,3569465,37581,0,2,0,2,0,0,0,0,0,0,5406,0,3510,1896,0
2888,50500,16.529333,16.148676,15.603217,0.007758,0.000460,0.000000,0.000000,0.854417,0.014250,0.300666,2110,3542864,37380,0,2,0,2,0,0,0,0,0,0,5406,0,3510,1896,0
2889,50501,16.434917,16.054331,15.312611,0.006581,0.000460,0.000000,0.000000,1.019500,0.012750,0.944874,2051,3464198,36052,0,2,0,2,0,0,0,0,0,0,7208,0,4680,2528,0
2890,50502,17.464416,17.061735,16.136772,0.007043,0.000500,0.000000,0.000000,0.079750,0.015042,0.626625,2075,3581661,37814,0,2,0,2,0,0,0,0,0,0,5406,0,3510,1896,0
2891,50503,16.370459,15.971319,16.006977,0.007125,0.000416,0.000000,0.000000,0.457458,0.014125,0.305792,2117,3510832,36943,0,2,0,2,0,0,0,0,0,0,5406,0,3510,1896,0
2892,50504,16.690958,16.297141,15.944798,0.007371,0.000500,0.000000,0.000000,0.499500,0.025667,0.944999,2063,3530691,36806,0,2,0,2,0,0,0,0,0,0,7208,0,4680,2528,0
2893,50505,16.545792,16.153591,15.723546,0.007377,0.000498,0.000000,0.000000,0.498666,0.014167,0.632583,2076,3551574,37353,0,2,0,2,0,0,0,0,0,0,5406,0,3510,1896,0
2894,50506,17.655458,17.266587,16.866060,0.006750,0.000375,0.000000,0.000000,0.078875,0.014708,1.267625,2070,3763970,38887,0,2,0,2,0,0,0,0,0,0,5406,0,3510,1896,0
2895,50507,16.347000,15.959582,15.986536,0.007164,0.000500,0.000000,0.000000,0.080917,0.014583,0.310667,2058,3556135,36964,0,2,0,2,0,0,0,0,0,0,7208,0,4680,2528,0
2896,50508,16.319000,15.929174,15.961796,0.006618,0.000418,0.000000,0.000000,0.311250,0.013792,0.963833,2069,3545617,37380,0,2,0,2,0,0,0,0,0,0,5406,0,3510,1896,0
2897,50509,16.397375,16.006391,15.816198,0.006913,0.000584,0.000000,0.000000,0.575208,0.014000,0.743584,2053,3518564,37075,0,2,0,2,0,0,0,0,0,0,5406,0,3510,1896,0
2898,50510,16.654625,16.265670,15.799448,0.007376,0.000458,0.000000,0.000000,0.588208,0.013500,0.645333,2045,3532945,36802,0,2,0,2,0,0,0,0,0,0,7208,0,4680,2528,0
2899,50511,16.604292,16.213176,15.725980,0.007122,0.000416,0.000000,0.000000,0.697708,0.013083,0.811667,2062,3487350,36794,0,2,0,2,0,0,0,0,0,0,5406,0,3510,1896,0
2900,50512,16.993083,16.602592,16.015569,0.007544,0.000332,0.000000,0.000000,0.299667,0.023791,0.305500,2054,3530924,37224,0,2,0,2,0,0,0,0,0,0,5918,0,3510,2408,0
2901,50513,16.715458,16.315780,16.103972,0.007919,0.000416,0.000000,0.000000,0.282625,0.013334,0.819500,2039,3515454,36637,0,2,0,2,0,0,0,0,0,0,6696,0,4680,2016,0
2902,50514,16.674125,16.284381,16.117215,0.007505,0.000458,0.000000,0.000000,0.144000,0.021375,0.668166,2041,3490317,36749,0,2,0,2,0,0,0,0,0,0,5406,0,3510,1896,0
2903,50515,17.172792,16.749409,16.711844,0.007960,0.000500,0.000000,0.000000,0.075917,0.014916,1.302000,2063,3508287,36608,0,2,0,2,0,0,0,0,0,0,7124,0,4596,2528,0
2904,50516,17.499958,17.076860,17.077760,0.007044,0.000459,0.000000,0.000000,0.078000,0.013417,0.957500,2031,3540653,37249,0,2,0,2,0,0,0,0,0,0,5490,0,3594,1896,0
2905,50517,16.557792,16.148950,16.177939,0.007573,0.000251,0.000000,0.000000,0.081250,0.014500,0.293625,2059,3498142,36901,0,2,0,2,0,0,0,0,0,0,5406,0,3510,1896,0
2906,50518,17.349500,16.923958,16.976205,0.007716,0.000460,0.000000,0.000000,0.091875,0.015583,0.933124,2061,3494396,36424,0,2,0,2,0,0,0,0,0,0,7208,0,4680,2528,0
2907,50519,17.141417,16.723275,16.762107,0.006875,0.000542,0.000000,0.000000,0.076791,0.013834,0.608792,2045,3533308,37125,0,2,0,2,0,0,0,0,0,0,5406,0,3510,1896,0
2908,50520,17.063083,16.652357,16.688385,0.008120,0.000624,0.000000,0.000000,0.073375,0.014333,1.218791,2059,3497237,36850,0,2,0,2,0,0,0,0,0,0,5406,0,3510,1896,0
2909,50521,18.442208,18.030126,18.068812,0.006588,0.000500,0.000000,0.000000,0.076375,0.016000,0.774416,2044,4128176,42057,0,2,0,2,0,0,0,0,0,0,7208,0,4680,2528,0
2910,50522,17.118834,16.706010,16.747635,0.008128,0.000458,0.000000,0.000000,0.085375,0.032541,0.291083,2061,3577294,37661,0,2,0,2,0,0,0,0,0,0,5406,0,3510,1896,0
2911,50523,17.260375,16.839062,16.821006,0.007880,0.000749,0.000000,0.000000,0.077958,0.015500,0.886834,2104,3537989,37281,0,2,0,2,0,0,0,0,0,0,5406,0,3510,1896,0
2912,50524,16.806916,16.399787,16.413640,0.006958,0.000625,0.000000,0.000000,0.074792,0.014917,0.611667,2041,3481083,36280,0,2,0,2,0,0,0,0,0,0,7208,0,4680,2528,0
2913,50525,17.087500,16.674532,16.714713,0.007331,0.000624,0.000000,0.000000,0.092834,0.016041,1.044291,2059,3577740,37721,0,2,0,2,0,0,0,0,0,0,5406,0,3510,1896,0
2914,50526,18.057042,17.601353,17.589216,0.008589,0.000457,0.000000,0.000000,0.073917,0.019291,0.602749,2137,3565334,37457,0,2,0,2,0,0,0,0,0,0,7447,0,3510,3937,0
2915,50527,16.639875,16.234472,16.274368,0.007369,0.000541,0.000000,0.000000,0.083708,0.021750,0.658708,2060,3519872,36683,0,2,0,2,0,0,0,0,0,0,7208,0,4680,2528,0
2916,50528,16.310125,15.921287,15.955167,0.006865,0.000416,0.000000,0.000000,0.088417,0.017291,0.961250,2075,3556228,37438,0,2,0,2,0,0,0,0,0,0,5406,0,3510,1896,0
2917,50529,16.178917,15.767393,15.794448,0.006952,0.000418,0.000000,0.000000,0.068250,0.013833,0.657208,2108,3531214,37202,0,2,0,2,0,0,0,0,0,0,5406,0,3510,1896,0
2918,50530,16.169375,15.784720,15.795453,0.007323,0.000374,0.000000,0.000000,0.072791,0.020167,0.602500,2025,3483980,36284,0,2,0,2,0,0,0,0,0,0,7208,0,4680,2528,0
2919,50531,16.493625,16.099608,16.132538,0.007167,0.000501,0.000000,0.000000,0.073041,0.014709,0.298625,2050,3596720,37980,0,2,0,2,0,0,0,0,0,0,5406,0,3510,1896,0
2920,50532,16.241666,15.825758,15.843907,0.007378,0.000417,0.000000,0.000000,0.069084,0.025375,0.933292,2110,3499477,36942,0,2,0,2,0,0,0,0,0,0,5406,0,3510,1896,0
2921,50533,16.149792,15.761139,15.786461,0.007290,0.000875,0.000000,0.000000,0.060375,0.025833,0.643459,2050,3473886,36200,0,2,0,2,0,0,0,0,0,0,7208,0,4680,2528,0
2922,50534,16.393292,15.997012,16.013121,0.007793,0.000292,0.000000,0.000000,0.069083,0.013208,1.278666,2058,3563071,37562,0,2,0,2,0,0,0,0,0,0,5406,0,3510,1896,0
2923,50535,16.485875,16.096334,16.122863,0.007124,0.000415,0.000000,0.000000,0.085333,0.022375,0.628457,2117,3551867,37491,0,2,0,2,0,0,0,0,0,0,5406,0,3510,1896,0
2924,50536,16.178333,15.792524,15.808587,0.007415,0.000375,0.000000,0.000000,0.079750,0.016917,0.666250,2054,3503673,36503,0,2,0,2,0,0,0,0,0,0,7208,0,4680,2528,0
2925,50537,16.387708,15.992888,16.025144,0.007627,0.000459,0.000000,0.000000,0.072209,0.012500,0.907667,2076,3573430,37625,0,2,0,2,0,0,0,0,0,0,5406,0,3510,1896,0
2926,50538,15.992459,15.586060,15.625536,0.007873,0.000334,0.000000,0.000000,0.065666,0.012042,0.628792,2092,3514296,37013,0,2,0,2,0,0,0,0,0,0,5406,0,3510,1896,0
2927,50539,16.369250,15.968354,16.013108,0.007410,0.000375,0.000000,0.000000,0.074041,0.013542,0.599834,2051,3542316,36892,0,2,0,2,0,0,0,0,0,0,7208,0,4680,2528,0
2928,50540,16.475000,16.084954,16.117393,0.007294,0.000584,0.000000,0.000000,0.070583,0.017167,0.494125,2055,3567779,37695,0,2,0,2,0,0,0,0,0,0,5406,0,3510,1896,0
2929,50541,16.470625,16.071205,16.083861,0.006914,0.000542,0.000000,0.000000,0.064583,0.012708,0.898250,2118,3520518,37095,0,2,0,2,0,0,0,0,0,0,5406,0,3510,1896,0
2930,50542,16.078375,15.676332,15.709918,0.007329,0.000290,0.000000,0.000000,0.068291,0.012459,0.308750,2053,3481793,36255,0,2,0,2,0,0,0,0,0,0,7208,0,4680,2528,0
2931,50543,16.826083,16.427254,16.447967,0.007214,0.000501,0.000000,0.000000,0.067583,0.013750,0.612541,2063,3599645,37916,0,2,0,2,0,0,0,0,0,0,5406,0,3510,1896,0
2932,50544,16.118875,15.718724,15.757093,0.007297,0.000292,0.000000,0.000000,0.069750,0.014708,0.664833,2116,3516625,37077,0,2,0,2,0,0,0,0,0,0,5406,0,3510,1896,0
2933,50545,16.129667,15.742289,15.778393,0.006906,0.000542,0.000000,0.000000,0.069083,0.013625,1.212833,2056,3476007,36215,0,2,0,2,0,0,0,0,0,0,7208,0,4680,2528,0
2934,50546,16.651250,16.240284,16.231236,0.007126,0.000751,0.000000,0.000000,0.153208,0.060125,0.653583,2072,3589284,37755,0,2,0,2,0,0,0,0,0,0,5406,0,3510,1896,0
2935,50547,17.237666,16.830237,16.760247,0.007125,0.000333,0.000000,0.000000,0.060750,0.013292,0.959541,2118,3563286,37583,0,2,0,2,0,0,0,0,0,0,5406,0,3510,1896,0
2936,50548,16.236709,15.838259,15.861156,0.010712,0.000457,0.000000,0.000000,0.072541,0.014000,0.616625,2053,3478823,36238,0,2,0,2,0,0,0,0,0,0,7208,0,4680,2528,0
2937,50549,16.549791,16.155808,16.179467,0.007256,0.000624,0.000000,0.000000,0.071000,0.013709,0.664291,2068,3573385,37693,0,2,0,2,0,0,0,0,0,0,5406,0,3510,1896,0
2938,50550,16.247792,15.846227,15.875712,0.006213,0.000499,0.000000,0.000000,0.068292,0.014250,0.641249,2114,3519293,37073,0,2,0,2,0,0,0,0,0,0,5406,0,3510,1896,0
2939,50551,15.972833,15.561759,15.566378,0.006998,0.000499,0.000000,0.000000,0.319250,0.013542,0.310584,2068,3515369,36599,0,2,0,2,0,0,0,0,0,0,7208,0,4680,2528,0
2940,50552,16.330500,15.955300,15.725399,0.006961,0.000417,0.000000,0.000000,0.712125,0.014000,0.975333,2069,3565181,37620,0,2,0,2,0,0,0,0,0,0,5406,0,3510,1896,0
2941,50553,16.531959,16.140162,15.514572,0.006919,0.000501,0.000000,0.000000,0.711625,0.013666,0.300291,2106,3507769,36970,0,2,0,2,0,0,0,0,0,0,5406,0,3510,1896,0
2942,50554,16.563125,16.188982,15.567584,0.006381,0.000459,0.000000,0.000000,0.751333,0.014292,1.329792,2050,3483803,36251,0,2,0,2,0,0,0,0,0,0,7208,0,4680,2528,0
2943,50555,17.024958,16.637572,15.962652,0.007214,0.000459,0.000000,0.000000,0.576083,0.023334,0.340792,2059,3587872,37688,0,2,0,2,0,0,0,0,0,0,5406,0,3510,1896,0
2944,50556,16.483292,16.070942,15.590872,0.007046,0.000250,0.000000,0.000000,0.757625,0.013166,0.966375,2133,3528676,37140,0,2,0,2,0,0,0,0,0,0,5406,0,3510,1896,0
2945,50557,16.507583,16.117958,15.468480,0.006253,0.000417,0.000000,0.000000,0.858750,0.012542,0.767376,2050,3514334,36618,0,2,0,2,0,0,0,0,0,0,7208,0,4680,2528,0
2946,50558,16.636083,16.234959,15.454897,0.006627,0.000499,0.000000,0.000000,0.977292,0.013792,0.669459,2055,3516084,37077,0,2,0,2,0,0,0,0,0,0,5406,0,3510,1896,0
2947,50559,16.830709,16.435936,15.546867,0.007211,0.000417,0.000000,0.000000,0.755916,0.012375,0.837167,2067,3531295,37217,0,2,0,2,0,0,0,0,0,0,5406,0,3510,1896,0
2948,50560,16.403291,16.008753,15.365250,0.007040,0.000541,0.000000,0.000000,1.082542,0.012292,0.314666,2060,3526137,36766,0,2,0,2,0,0,0,0,0,0,7208,0,4680,2528,0
2949,50561,16.469625,16.099941,15.093155,0.006413,0.000375,0.000000,0.000000,1.280625,0.014209,0.685501,2069,3497265,36844,0,2,0,2,0,0,0,0,0,0,5406,0,3510,1896,0
2950,50562,16.994750,16.614116,15.425625,0.006958,0.000500,0.000000,0.000000,0.774292,0.012917,0.677583,2053,3504068,36909,0,2,0,2,0,0,0,0,0,0,5406,0,3510,1896,0
2951,50563,16.616000,16.233102,15.554249,0.011287,0.000543,0.000000,0.000000,0.800667,0.042000,1.248541,2051,3557979,37051,0,2,0,2,0,0,0,0,0,0,7208,0,4680,2528,0
2952,50564,16.676500,16.278669,15.528916,0.007546,0.000415,0.000000,0.000000,0.946625,0.013625,0.661334,2061,3497131,36853,0,2,0,2,0,0,0,0,0,0,5406,0,3510,1896,0
2953,50565,16.647625,16.273706,15.413314,0.006872,0.000416,0.000000,0.000000,0.960750,0.019584,0.612208,2049,3502996,36938,0,2,0,2,0,0,0,0,0,0,5918,0,3510,2408,0
2954,50566,16.717125,16.338374,15.483526,0.007371,0.000501,0.000000,0.000000,0.900667,0.011458,0.968584,2053,3550530,36974,0,2,0,2,0,0,0,0,0,0,6696,0,4680,2016,0
2955,50567,16.350334,15.962920,15.110257,0.007088,0.000458,0.000000,0.000000,1.195750,0.039208,0.374125,2068,3537345,37233,0,2,0,2,0,0,0,0,0,0,5663,0,3510,2153,0
2956,50568,18.486208,18.102032,16.968684,0.006702,0.000625,0.000000,0.000000,0.074000,0.013833,0.964459,2066,3967961,40014,0,2,0,2,0,0,0,0,0,0,7283,0,4596,2687,0
2957,50569,17.470958,17.073544,17.083252,0.006079,0.000458,0.000000,0.000000,0.076000,0.021667,0.491833,2131,3896541,40429,0,2,0,2,0,0,0,0,0,0,5490,0,3594,1896,0
2958,50570,16.362250,15.950438,15.943069,0.007718,0.000500,0.000000,0.000000,0.071042,0.018375,0.616667,2114,3487404,36692,0,2,0,2,0,0,0,0,0,0,5406,0,3510,1896,0
2959,50571,15.943959,15.559600,15.544579,0.007249,0.000541,0.000000,0.000000,0.068041,0.017667,0.664959,2108,3521447,36602,0,2,0,2,0,0,0,0,0,0,7208,0,4680,2528,0
2960,50572,16.826708,16.437328,16.426474,0.006293,0.000373,0.000000,0.000000,0.070042,0.020666,0.957792,2119,3713520,38715,0,2,0,2,0,0,0,0,0,0,5406,0,3510,1896,0
2961,50573,16.468583,16.055269,16.088441,0.007255,0.000500,0.000000,0.000000,0.072750,0.014875,1.096292,2186,3664897,38491,0,2,0,2,0,0,0,0,0,0,5406,0,3510,1896,0
2962,50574,16.182209,15.787419,15.819293,0.006543,0.000542,0.000000,0.000000,0.161416,0.028167,0.314875,2120,3604265,37586,0,2,0,2,0,0,0,0,0,0,7208,0,4680,2528,0
2963,50575,16.462458,16.071909,15.992626,0.006880,0.000415,0.000000,0.000000,0.309917,0.041083,0.966292,2095,3657693,38098,0,2,0,2,0,0,0,0,0,0,5406,0,3510,1896,0
2964,50576,16.422500,16.021692,15.794955,0.011207,0.000416,0.000000,0.000000,0.616125,0.013542,0.307417,2137,3601303,37969,0,2,0,2,0,0,0,0,0,0,5406,0,3510,1896,0
2965,50577,16.621417,16.241810,15.722465,0.006787,0.000333,0.000000,0.000000,0.583583,0.028417,1.040459,2074,3546615,37014,0,2,0,2,0,0,0,0,0,0,7208,0,4680,2528,0
2966,50578,16.676625,16.292909,15.761800,0.007298,0.000375,0.000000,0.000000,0.647833,0.031917,0.652084,2057,3582479,37346,0,2,0,2,0,0,0,0,0,0,5406,0,3510,1896,0
2967,50579,16.955291,16.560084,15.987985,0.006577,0.000417,0.000000,0.000000,0.197959,0.015958,0.618625,2106,3579333,37720,0,2,0,2,0,0,0,0,0,0,5406,0,3510,1896,0
2968,50580,15.977000,15.597910,15.485787,0.010541,0.000502,0.000000,0.000000,0.925125,0.019709,0.645042,2067,3505296,36779,0,2,0,2,0,0,0,0,0,0,7208,0,4680,2528,0
2969,50581,16.445167,16.072026,15.221926,0.006918,0.000583,0.000000,0.000000,1.158375,0.039167,0.947792,2045,3553013,37338,0,2,0,2,0,0,0,0,0,0,5406,0,3510,1896,0
2970,50582,16.494250,16.112524,15.041437,0.007126,0.000501,0.000000,0.000000,1.404083,0.013834,1.273001,2105,3517949,37096,0,2,0,2,0,0,0,0,0,0,5406,0,3510,1896,0
2971,50583,17.083750,16.691537,15.337340,0.007460,0.000542,0.000000,0.000000,1.106250,0.029958,0.612459,2068,3554385,37169,0,2,0,2,0,0,0,0,0,0,7208,0,4680,2528,0
2972,50584,16.486417,16.118393,15.091459,0.007380,0.000417,0.000000,0.000000,1.239333,0.014125,0.580167,2029,3531395,37216,0,2,0,2,0,0,0,0,0,0,5406,0,3510,1896,0
2973,50585,17.707000,17.317348,16.165131,0.008423,0.000749,0.000000,0.000000,0.317375,0.021750,0.290125,2094,3504393,36778,0,2,0,2,0,0,0,0,0,0,5406,0,3510,1896,0
2974,50586,19.683291,19.182692,18.441555,0.007412,0.000584,0.000000,0.000000,0.177750,0.016209,0.591542,2070,3556402,37156,0,2,0,2,0,0,0,0,0,0,7367,0,4680,2687,0
2975,50587,30.842459,30.370043,26.616543,0.006951,0.001001,0.000000,0.000000,0.131625,0.033125,0.885209,2025,3833167,39070,0,2,0,2,0,0,0,0,0,0,5406,0,3510,1896,0
2976,50588,17.758416,17.365887,17.071501,0.007547,0.000499,0.000000,0.000000,0.091792,0.034958,0.585458,2082,3486442,36701,0,2,0,2,0,0,0,0,0,0,5406,0,3510,1896,0
2977,50589,16.360209,15.980946,15.929142,0.007166,0.000375,0.000000,0.000000,0.091375,0.024583,0.354833,2052,3482678,36239,0,2,0,2,0,0,0,0,0,0,7208,0,4680,2528,0
