frame,total_ms,cpu_wall_ms,cpu_thread_ms,cpu_idle_ms,cpu_throttle_sleep_ms,cpu_throttle_requested_ms,cpu_throttle_lateness_ms,video_build_ms,present_ms,audio_mix_ms,static_bursts,static_cycles,static_native_dispatches,static_fallback_steps,static_hook_fallbacks,fallback_mfspr,fallback_mtspr,fallback_cache,fallback_dcbst,fallback_dcbf,fallback_dcbi,fallback_icbi,fallback_other,cache_controls,cache_control_dcbst,cache_control_dcbf,cache_control_dcbi,cache_control_icbi
12319,16.728000,16.597831,9.945721,0.000000,7.405000,7.366610,0.038265,0.022875,0.015333,0.462708,631,8105001,72383,0,2,0,2,0,0,0,0,0,0,5406,0,3510,1896,0
12320,16.756125,16.640660,10.377376,0.000000,7.308125,7.307527,0.000389,0.047667,0.028750,0.743042,638,8107143,70233,0,2,0,2,0,0,0,0,0,0,7208,0,4680,2528,0
12321,16.584458,16.445285,10.214748,0.000000,7.059167,7.025735,0.033307,0.033542,0.029750,0.609834,631,8107257,74633,0,2,0,2,0,0,0,0,0,0,5406,0,3510,1896,0
12322,16.663625,16.546621,9.812086,0.000000,7.464459,7.426110,0.038265,0.029875,0.011709,0.798209,631,8107475,72415,0,2,0,2,0,0,0,0,0,0,5406,0,3510,1896,0
12323,16.677459,16.553718,10.213207,0.000000,7.182292,7.113611,0.068556,0.034291,0.010709,0.447459,657,8106586,70809,0,2,0,2,0,0,0,0,0,0,9243,0,4680,4563,0
12324,16.716583,16.596701,10.514880,0.000000,6.945583,6.905277,0.040223,0.026125,0.016083,0.646584,631,8107244,74695,0,2,0,2,0,0,0,0,0,0,5406,0,3510,1896,0
12325,16.542542,16.419880,10.107051,0.000000,7.101793,7.091069,0.010640,0.024958,0.017625,0.445666,630,8107304,71681,0,2,0,2,0,0,0,0,0,0,5406,0,3510,1896,0
12326,16.933416,16.813642,10.340095,0.000000,7.284833,7.220277,0.064473,0.031250,0.010834,0.736417,639,8107087,71972,0,2,0,2,0,0,0,0,0,0,7208,0,4680,2528,0
12327,16.478042,16.294709,10.114473,0.000000,7.028249,6.987360,0.040806,0.022083,0.016792,0.831875,630,8093058,73633,0,2,0,2,0,0,0,0,0,0,5406,0,3510,1896,0
12328,16.722750,16.662964,10.075226,0.000000,7.356625,7.315068,0.041473,0.024000,0.014958,0.297583,632,8121531,73533,0,2,0,2,0,0,0,0,0,0,5406,0,3510,1896,0
12329,16.832208,16.714580,10.185362,0.000000,7.322167,7.249736,0.072264,0.028667,0.016542,0.656876,638,8107076,70419,0,2,0,2,0,0,0,0,0,0,7208,0,4680,2528,0
12330,16.596750,16.405837,10.319752,0.000000,6.954917,6.915985,0.038807,0.022917,0.014833,0.350041,630,8091873,73897,0,2,0,2,0,0,0,0,0,0,5406,0,3510,1896,0
12331,16.726375,16.675418,10.115249,0.000000,7.332375,7.291735,0.040557,0.024542,0.015042,0.665626,634,8122726,73109,0,2,0,2,0,0,0,0,0,0,5406,0,3510,1896,0
12332,16.533250,16.416358,9.987177,0.000000,7.259835,7.188153,0.071598,0.029209,0.017625,0.349125,639,8107082,70262,0,2,0,2,0,0,0,0,0,0,7208,0,4680,2528,0
12333,16.894167,16.770871,10.290947,0.000000,7.266542,7.225069,0.041390,0.027750,0.016167,0.587708,630,8107434,74543,0,2,0,2,0,0,0,0,0,0,5406,0,3510,1896,0
12334,16.657000,16.536620,10.333211,0.000000,7.034792,6.999152,0.035556,0.033000,0.017125,0.961459,631,8107416,72474,0,2,0,2,0,0,0,0,0,0,5406,0,3510,1896,0
12335,16.521167,16.332496,9.834790,0.000000,7.312208,7.234652,0.077431,0.021791,0.014709,0.304583,637,8091379,69639,0,2,0,2,0,0,0,0,0,0,7208,0,4680,2528,0
12336,16.821500,16.768750,10.443836,0.000000,7.136541,7.100026,0.036390,0.028583,0.009708,0.607917,632,8122755,75220,0,2,0,2,0,0,0,0,0,0,5406,0,3510,1896,0
12337,16.616208,16.494506,10.989457,0.000000,6.988750,6.988277,0.000390,0.030875,0.016083,0.300166,633,8107292,72404,0,2,0,2,0,0,0,0,0,0,5406,0,3510,1896,0
12338,16.713917,16.593525,10.043435,0.000000,7.340458,7.270277,0.070139,0.034708,0.011375,0.658834,640,8107119,70202,0,2,0,2,0,0,0,0,0,0,7208,0,4680,2528,0
12339,16.659541,16.467612,10.261156,0.000000,7.046917,7.004527,0.042306,0.027292,0.009583,0.368084,627,8091820,74001,0,2,0,2,0,0,0,0,0,0,5406,0,3510,1896,0
12340,16.658125,16.601544,10.970958,0.000000,7.161583,7.161068,0.000431,0.031292,0.009208,0.594041,633,8122750,73023,0,2,0,2,0,0,0,0,0,0,5406,0,3510,1896,0
12341,16.805417,16.680495,10.180445,0.000000,7.276210,7.204153,0.071848,0.079708,0.017875,0.303875,641,8107051,70312,0,2,0,2,0,0,0,0,0,0,7208,0,4680,2528,0
12342,16.495000,16.373586,10.468122,0.000000,6.777042,6.764777,0.012015,0.047167,0.019958,0.714000,630,8107528,74609,0,2,0,2,0,0,0,0,0,0,5406,0,3510,1896,0
12343,16.945292,16.836930,9.935624,0.000000,7.857002,7.851611,0.005182,0.058583,0.014208,0.595875,631,8107060,72307,0,2,0,2,0,0,0,0,0,0,5406,0,3510,1896,0
12344,16.720541,16.676720,9.797621,0.000000,7.558292,7.441902,0.116306,0.096209,0.057541,0.297875,641,8122503,70994,0,2,0,2,0,0,0,0,0,0,7208,0,4680,2528,0
12345,16.650875,16.509953,11.203133,0.000000,5.714458,5.713610,0.000598,0.098125,0.015000,0.582750,630,8107269,74598,0,2,0,2,0,0,0,0,0,0,5406,0,3510,1896,0
12346,17.740500,17.710468,11.733543,0.000000,6.766209,6.765277,0.000515,0.171167,0.052667,0.296041,632,8122746,73057,0,2,0,2,0,0,0,0,0,0,5406,0,3510,1896,0
12347,16.884084,16.933968,11.142288,0.000000,4.466001,4.458986,0.006556,1.804750,0.087166,0.621875,639,8079596,69109,0,2,0,2,0,0,0,0,0,0,7208,0,4680,2528,0
12348,16.064375,15.566955,11.119946,0.000000,3.281250,3.276027,0.004473,0.083625,0.016500,0.608958,629,8103934,74389,0,2,0,2,0,0,0,0,0,0,5406,0,3510,1896,0
12349,17.349291,17.156873,11.418547,0.000000,6.098167,6.001569,0.096348,0.085042,0.017542,0.302000,631,8091760,71794,0,2,0,2,0,0,0,0,0,0,5406,0,3510,1896,0
12350,15.246375,15.250866,10.780167,0.000000,4.358334,4.357653,0.000139,0.102000,0.047792,0.668250,642,8137940,71538,0,2,0,2,0,0,0,0,0,0,7208,0,4680,2528,0
12351,17.466750,17.352679,10.729008,0.000000,7.096083,7.027818,0.068015,0.100709,0.018416,0.292417,629,8107294,74667,0,2,0,2,0,0,0,0,0,0,5406,0,3510,1896,0
12352,16.073000,15.933000,9.910511,0.000000,6.844916,6.729069,0.115514,0.073209,0.014208,0.591041,631,8099749,72037,0,2,0,2,0,0,0,0,0,0,5406,0,3510,1896,0
12353,16.644792,16.568083,9.666833,0.000000,7.471250,7.370527,0.100306,0.086875,0.014500,0.317750,641,8114589,70541,0,2,0,2,0,0,0,0,0,0,7208,0,4680,2528,0
12354,16.600500,16.428211,10.020904,0.000000,7.081375,7.010360,0.070723,0.053458,0.023875,0.606167,626,8091866,73359,0,2,0,2,0,0,0,0,0,0,5406,0,3510,1896,0
12355,16.690417,16.577217,9.741210,0.000000,7.453167,7.332652,0.120390,0.059708,0.014208,0.317250,632,8107462,74075,0,2,0,2,0,0,0,0,0,0,5406,0,3510,1896,0
12356,16.818041,16.711955,9.557503,0.000000,7.628960,7.534111,0.094640,0.067250,0.013834,0.582874,640,8106865,70255,0,2,0,2,0,0,0,0,0,0,7208,0,4680,2528,0
12357,16.550209,16.459950,9.780465,0.000000,7.318167,7.227402,0.090640,0.052750,0.012416,0.582791,630,8111860,74783,0,2,0,2,0,0,0,0,0,0,5406,0,3510,1896,0
12358,16.837000,16.764953,9.866802,0.000000,7.248208,7.171152,0.072556,0.082083,0.014583,0.301042,631,8118196,72782,0,2,0,2,0,0,0,0,0,0,5406,0,3510,1896,0
12359,16.843958,16.727334,10.257500,0.000000,6.730000,6.657944,0.071681,0.083542,0.013958,0.599959,641,8107041,70344,0,2,0,2,0,0,0,0,0,0,7208,0,4680,2528,0
12360,16.384167,16.211965,10.269924,0.000000,6.395333,6.386527,0.008681,0.061750,0.019666,0.304750,629,8091841,73836,0,2,0,2,0,0,0,0,0,0,5406,0,3510,1896,0
12361,16.625416,16.502709,10.169266,0.000000,7.162166,7.161693,0.000348,0.051125,0.027792,0.614375,653,8107325,72542,0,2,0,2,0,0,0,0,0,0,5406,0,3510,1896,0
12362,16.739584,16.617507,9.579389,0.000000,7.604209,7.495611,0.108473,0.048625,0.011833,0.352584,639,8107098,71264,0,2,0,2,0,0,0,0,0,0,7208,0,4680,2528,0
12363,16.503875,16.395734,9.451907,0.000000,7.591791,7.536693,0.055015,0.061291,0.014584,0.608458,631,8107249,73561,0,2,0,2,0,0,0,0,0,0,5406,0,3510,1896,0
12364,16.759208,16.653479,9.252519,0.000000,7.971666,7.859777,0.111806,0.040583,0.034209,0.293750,630,8107321,72448,0,2,0,2,0,0,0,0,0,0,5406,0,3510,1896,0
12365,16.473583,16.361841,9.776621,0.000000,7.703583,7.703319,0.000139,0.041209,0.010375,0.668707,640,8107071,72496,0,2,0,2,0,0,0,0,0,0,7208,0,4680,2528,0
12366,16.667292,16.558585,9.947931,0.000000,7.953540,7.946651,0.006806,0.041833,0.019375,0.665375,629,8107297,72411,0,2,0,2,0,0,0,0,0,0,5406,0,3510,1896,0
12367,16.740333,16.630793,9.216169,0.000000,8.011708,7.893318,0.118306,0.042667,0.011458,0.299541,630,8107313,72400,0,2,0,2,0,0,0,0,0,0,5406,0,3510,1896,0
12368,16.726750,16.620904,9.246425,0.000000,7.937166,7.844860,0.092181,0.040292,0.017958,0.652209,640,8107064,72354,0,2,0,2,0,0,0,0,0,0,7208,0,4680,2528,0
12369,16.791084,16.678005,9.410310,0.000000,7.760251,7.703027,0.057099,0.046625,0.036833,0.302250,630,8107313,72533,0,2,0,2,0,0,0,0,0,0,5406,0,3510,1896,0
12370,16.716250,16.609971,9.368266,0.000000,7.846500,7.724861,0.121514,0.044291,0.016167,0.678916,637,8107332,71453,0,2,0,2,0,0,0,0,0,0,7004,0,4536,2468,0
12371,16.526750,16.416042,9.433238,0.000000,7.624418,7.534653,0.089681,0.044541,0.017084,0.300166,633,8107581,73457,0,2,0,2,0,0,0,0,0,0,5610,0,3654,1956,0
12372,16.695583,16.587199,9.333376,0.000000,7.930124,7.929568,0.000431,0.054708,0.043917,0.596084,630,8106739,72365,0,2,0,2,0,0,0,0,0,0,5406,0,3510,1896,0
12373,16.593125,16.499699,9.744785,0.000000,7.840042,7.838902,0.001015,0.044042,0.010208,0.641791,639,8107164,70213,0,2,0,2,0,0,0,0,0,0,7208,0,4680,2528,0
12374,16.660417,16.538452,9.912606,0.000000,7.875750,7.875319,0.000306,0.039666,0.009292,0.291459,632,8107219,74690,0,2,0,2,0,0,0,0,0,0,5406,0,3510,1896,0
12375,16.817250,16.700101,9.041059,0.000000,8.179959,8.093444,0.086390,0.049375,0.013041,0.657875,630,8107334,72414,0,2,0,2,0,0,0,0,0,0,5406,0,3510,1896,0
12376,16.615916,16.511876,9.196673,0.000000,7.965292,7.838652,0.126556,0.041459,0.012041,0.289875,637,8107081,69917,0,2,0,2,0,0,0,0,0,0,7208,0,4680,2528,0
12377,16.784084,16.664668,9.562914,0.000000,7.671875,7.589402,0.082431,0.043625,0.018000,0.728625,630,8107255,75282,0,2,0,2,0,0,0,0,0,0,5406,0,3510,1896,0
12378,16.677958,16.571460,9.119313,0.000000,7.932292,7.843652,0.088557,0.043833,0.010542,0.288916,630,8107312,72322,0,2,0,2,0,0,0,0,0,0,5406,0,3510,1896,0
12379,16.552417,16.446761,8.993296,0.000000,8.013292,7.896110,0.117140,0.038416,0.011125,0.664374,640,8107067,70351,0,2,0,2,0,0,0,0,0,0,7208,0,4680,2528,0
12380,16.963250,16.854505,9.530292,0.000000,7.891501,7.815236,0.076056,0.048666,0.012250,0.289541,632,8107312,74570,0,2,0,2,0,0,0,0,0,0,5406,0,3510,1896,0
12381,16.644708,16.573080,9.451936,0.000000,7.735999,7.647443,0.088390,0.065833,0.012417,0.642959,629,8116581,72822,0,2,0,2,0,0,0,0,0,0,5406,0,3510,1896,0
12382,16.536708,16.368625,9.292914,0.000000,7.764333,7.650402,0.113806,0.041709,0.011333,0.726833,639,8097783,69907,0,2,0,2,0,0,0,0,0,0,7208,0,4680,2528,0
12383,16.448209,16.337299,10.055407,0.000000,7.734875,7.734485,0.000265,0.045791,0.017750,0.350959,631,8107341,73874,0,2,0,2,0,0,0,0,0,0,5406,0,3510,1896,0
12384,16.890333,16.782820,9.248724,0.000000,8.076960,7.974569,0.102307,0.042667,0.011000,0.601417,632,8107278,74120,0,2,0,2,0,0,0,0,0,0,5406,0,3510,1896,0
12385,16.679917,16.570862,9.028216,0.000000,8.077709,7.959527,0.118098,0.036625,0.016875,0.301000,639,8107091,70278,0,2,0,2,0,0,0,0,0,0,7208,0,4680,2528,0
12386,16.655541,16.550129,9.343984,0.000000,7.861500,7.773819,0.087598,0.039000,0.016875,0.664417,629,8107280,74613,0,2,0,2,0,0,0,0,0,0,5406,0,3510,1896,0
12387,16.727209,16.610703,9.073377,0.000000,8.117083,8.022068,0.094890,0.041291,0.009709,0.322709,630,8107295,72386,0,2,0,2,0,0,0,0,0,0,5406,0,3510,1896,0
12388,16.694333,16.592124,9.373645,0.000000,7.816376,7.700902,0.115390,0.041167,0.012166,0.676458,639,8107238,70205,0,2,0,2,0,0,0,0,0,0,7208,0,4680,2528,0
12389,16.656250,16.543784,9.280191,0.000000,7.848750,7.751486,0.097181,0.042417,0.011416,0.640792,632,8107124,74702,0,2,0,2,0,0,0,0,0,0,5406,0,3510,1896,0
12390,16.689417,16.582014,9.147208,0.000000,7.965708,7.892652,0.072973,0.038208,0.034625,0.306167,631,8107313,72351,0,2,0,2,0,0,0,0,0,0,5406,0,3510,1896,0
12391,16.635875,16.520179,9.009721,0.000000,8.038333,7.906402,0.131848,0.038708,0.016083,0.649541,638,8107080,70339,0,2,0,2,0,0,0,0,0,0,7208,0,4680,2528,0
12392,16.679791,16.567038,9.319567,0.000000,7.890626,7.865361,0.025181,0.042500,0.010917,0.301250,630,8107299,74592,0,2,0,2,0,0,0,0,0,0,5406,0,3510,1896,0
12393,16.884542,16.768728,9.318999,0.000000,8.048666,7.965693,0.082848,0.045208,0.013667,0.619584,629,8107420,72362,0,2,0,2,0,0,0,0,0,0,5406,0,3510,1896,0
12394,16.367542,16.265789,9.096383,0.000000,7.865668,7.721527,0.144057,0.049458,0.022000,0.372417,641,8106920,68074,0,2,0,2,0,0,0,0,0,0,7208,0,4680,2528,0
12395,16.823708,16.716224,9.782046,0.000000,7.561709,7.470361,0.091223,0.032375,0.013292,0.694083,631,8107295,78965,0,2,0,2,0,0,0,0,0,0,5406,0,3510,1896,0
12396,16.670500,16.563360,9.031464,0.000000,8.046292,7.956193,0.090015,0.031167,0.007416,0.307542,629,8107287,72390,0,2,0,2,0,0,0,0,0,0,5406,0,3510,1896,0
12397,16.581917,16.460083,9.103306,0.000000,7.999666,7.999277,0.000264,0.056208,0.011333,0.690417,642,8107082,70284,0,2,0,2,0,0,0,0,0,0,7208,0,4680,2528,0
12398,16.744916,16.639282,9.664159,0.000000,7.885292,7.884027,0.001181,0.059125,0.021167,0.631042,632,8107292,74541,0,2,0,2,0,0,0,0,0,0,5406,0,3510,1896,0
12399,16.832167,16.723836,9.380205,0.000000,7.933125,7.845235,0.087765,0.054083,0.017334,0.350250,630,8107270,72458,0,2,0,2,0,0,0,0,0,0,5406,0,3510,1896,0
12400,16.607792,16.504254,9.162020,0.000000,7.839458,7.730027,0.109348,0.043916,0.018667,0.669793,640,8108959,70299,0,2,0,2,0,0,0,0,0,0,7208,0,4680,2528,0
12401,16.801125,16.680473,9.707353,0.000000,7.651124,7.573485,0.077556,0.049625,0.011541,0.371625,631,8105374,74555,0,2,0,2,0,0,0,0,0,0,5406,0,3510,1896,0
12402,16.447875,16.340924,9.356425,0.000000,7.847542,7.844818,0.002640,0.045666,0.010959,0.663500,632,8107294,72452,0,2,0,2,0,0,0,0,0,0,5406,0,3510,1896,0
12403,16.768708,16.662009,9.086504,0.000000,8.161042,8.038902,0.122057,0.040292,0.017958,0.313208,640,8107063,70206,0,2,0,2,0,0,0,0,0,0,7208,0,4680,2528,0
12404,16.694667,16.585827,9.423280,0.000000,7.756584,7.659069,0.097431,0.040125,0.031041,0.663792,631,8107290,74663,0,2,0,2,0,0,0,0,0,0,5406,0,3510,1896,0
12405,16.768583,16.657169,9.215359,0.000000,8.057459,7.934944,0.122390,0.038542,0.012291,0.737875,629,8107317,72414,0,2,0,2,0,0,0,0,0,0,5406,0,3510,1896,0
12406,16.649917,16.543622,9.236219,0.000000,7.919541,7.807318,0.112098,0.041083,0.011292,0.370416,639,8107046,70280,0,2,0,2,0,0,0,0,0,0,7208,0,4680,2528,0
12407,16.514041,16.400800,9.559582,0.000000,7.718042,7.714569,0.003348,0.046375,0.010000,0.643167,632,8107270,74582,0,2,0,2,0,0,0,0,0,0,5406,0,3510,1896,0
12408,16.830709,16.724376,9.056098,0.000000,8.226459,8.107527,0.118849,0.041666,0.010292,0.290375,632,8107310,72276,0,2,0,2,0,0,0,0,0,0,5406,0,3510,1896,0
12409,16.458791,16.353629,10.098705,0.000000,7.934291,7.934027,0.000139,0.041834,0.008291,0.785958,640,8107061,70411,0,2,0,2,0,0,0,0,0,0,7208,0,4680,2528,0
12410,16.815709,16.708957,9.147046,0.000000,8.089708,8.045819,0.043806,0.033083,0.009292,0.291792,632,8107263,74562,0,2,0,2,0,0,0,0,0,0,5406,0,3510,1896,0
12411,16.728916,16.617915,9.041910,0.000000,8.169666,8.048901,0.120723,0.038875,0.033542,0.640208,630,8107309,72470,0,2,0,2,0,0,0,0,0,0,5406,0,3510,1896,0
12412,16.569042,16.461480,8.892916,0.000000,8.197416,8.076735,0.120598,0.040667,0.010375,0.322958,641,8107054,69579,0,2,0,2,0,0,0,0,0,0,7208,0,4680,2528,0
12413,16.839542,16.729676,9.441052,0.000000,7.917292,7.796819,0.120348,0.039500,0.041250,0.795751,629,8107277,76169,0,2,0,2,0,0,0,0,0,0,5406,0,3510,1896,0
12414,16.738083,16.629425,9.067305,0.000000,7.978375,7.860276,0.118015,0.044542,0.013166,0.723875,653,8107320,72515,0,2,0,2,0,0,0,0,0,0,5406,0,3510,1896,0
12415,16.575792,16.456814,9.330987,0.000000,7.848250,7.847944,0.000181,0.051708,0.010750,0.374417,639,8107073,71262,0,2,0,2,0,0,0,0,0,0,7208,0,4680,2528,0
12416,16.934125,16.832707,9.458738,0.000000,7.908751,7.840444,0.068223,0.043208,0.036208,0.717334,632,8107280,73608,0,2,0,2,0,0,0,0,0,0,5406,0,3510,1896,0
12417,16.657458,16.569196,9.294625,0.000000,7.869583,7.757152,0.112306,0.044958,0.019917,0.301667,631,8111831,72590,0,2,0,2,0,0,0,0,0,0,5406,0,3510,1896,0
12418,16.584000,16.455533,9.357078,0.000000,7.749792,7.656527,0.093140,0.051292,0.035041,0.730667,638,8102556,72178,0,2,0,2,0,0,0,0,0,0,7208,0,4680,2528,0
12419,16.696875,16.591368,9.327983,0.000000,7.868792,7.780402,0.088306,0.040875,0.018542,0.297584,631,8107289,72519,0,2,0,2,0,0,0,0,0,0,5406,0,3510,1896,0
12420,16.631375,16.510467,9.271619,0.000000,7.823416,7.716485,0.106848,0.044375,0.009750,0.637334,628,8107336,72368,0,2,0,2,0,0,0,0,0,0,5406,0,3510,1896,0
12421,16.649667,16.551277,9.224154,0.000000,7.888250,7.786485,0.101682,0.033416,0.007042,0.642249,637,8107052,72522,0,2,0,2,0,0,0,0,0,0,7208,0,4680,2528,0
12422,16.652458,16.549438,8.975954,0.000000,8.081958,7.991861,0.090014,0.038708,0.017334,0.303250,632,8107287,72363,0,2,0,2,0,0,0,0,0,0,5406,0,3510,1896,0
12423,16.694125,16.585105,8.983142,0.000000,8.055583,7.924193,0.131265,0.040750,0.016833,0.606375,636,8107348,71352,0,2,0,2,0,0,0,0,0,0,7004,0,4536,2468,0
12424,16.744042,16.631435,9.683654,0.000000,7.751541,7.702985,0.048473,0.055875,0.021875,0.637583,632,8107040,73575,0,2,0,2,0,0,0,0,0,0,5610,0,3654,1956,0
12425,16.689791,16.580801,9.300456,0.000000,7.922835,7.826403,0.096348,0.048334,0.016583,0.632209,631,8107291,72049,0,2,0,2,0,0,0,0,0,0,5406,0,3510,1896,0
12426,16.586875,16.484964,9.106651,0.000000,7.932082,7.818026,0.113973,0.038292,0.010500,0.301708,639,8107123,70944,0,2,0,2,0,0,0,0,0,0,7208,0,4680,2528,0
12427,16.689125,16.572182,9.311738,0.000000,7.844708,7.756902,0.087723,0.041542,0.018750,0.732542,631,8107255,74581,0,2,0,2,0,0,0,0,0,0,5406,0,3510,1896,0
12428,16.663792,16.558209,9.144996,0.000000,7.972084,7.857028,0.114931,0.041250,0.016167,0.580875,631,8107314,72296,0,2,0,2,0,0,0,0,0,0,5406,0,3510,1896,0
12429,16.620792,16.523167,9.505516,0.000000,7.882959,7.881485,0.001349,0.046541,0.016167,0.353292,658,8110033,70890,0,2,0,2,0,0,0,0,0,0,9243,0,4680,4563,0
12430,16.814500,16.722595,10.062267,0.000000,7.787584,7.787277,0.000223,0.047625,0.012791,0.595584,630,8088605,74075,0,2,0,2,0,0,0,0,0,0,5406,0,3510,1896,0
12431,16.705333,16.567840,9.333551,0.000000,7.866208,7.779152,0.086973,0.054917,0.012125,0.373792,633,8122691,73110,0,2,0,2,0,0,0,0,0,0,5406,0,3510,1896,0
12432,16.609042,16.503328,9.017336,0.000000,8.032708,7.920360,0.112223,0.041500,0.010041,0.678291,639,8107077,70262,0,2,0,2,0,0,0,0,0,0,7208,0,4680,2528,0
12433,16.713041,16.599632,9.272924,0.000000,7.851583,7.747360,0.104098,0.043875,0.009709,0.374000,631,8107308,74551,0,2,0,2,0,0,0,0,0,0,5406,0,3510,1896,0
12434,16.642917,16.531015,9.010296,0.000000,8.108958,8.017527,0.091306,0.041250,0.009375,0.657209,631,8107278,72457,0,2,0,2,0,0,0,0,0,0,5406,0,3510,1896,0
12435,16.692625,16.587518,8.974964,0.000000,8.147375,8.028902,0.118390,0.035917,0.034666,0.296750,639,8107084,70294,0,2,0,2,0,0,0,0,0,0,7208,0,4680,2528,0
12436,16.648417,16.528235,9.238715,0.000000,7.951043,7.859486,0.091515,0.038458,0.010375,0.686917,631,8107300,74598,0,2,0,2,0,0,0,0,0,0,5406,0,3510,1896,0
12437,16.849041,16.744801,9.342176,0.000000,8.013542,8.006194,0.007223,0.045709,0.017041,0.666624,632,8107293,72401,0,2,0,2,0,0,0,0,0,0,5406,0,3510,1896,0
12438,16.373084,16.259446,9.271918,0.000000,7.878124,7.877776,0.000306,0.041666,0.010750,0.302500,637,8107136,70218,0,2,0,2,0,0,0,0,0,0,7208,0,4680,2528,0
12439,16.838875,16.730835,9.929538,0.000000,8.003084,8.002652,0.000348,0.032791,0.009917,0.739916,631,8107274,74671,0,2,0,2,0,0,0,0,0,0,5406,0,3510,1896,0
12440,16.829791,16.717115,9.454896,0.000000,7.649583,7.626027,0.023389,0.050375,0.032834,0.299250,630,8107280,72371,0,2,0,2,0,0,0,0,0,0,5406,0,3510,1896,0
12441,16.570834,16.469836,9.152919,0.000000,7.901085,7.774819,0.126057,0.048791,0.010834,0.644042,638,8107125,69637,0,2,0,2,0,0,0,0,0,0,7208,0,4680,2528,0
12442,16.699041,16.583709,9.402173,0.000000,7.777166,7.680235,0.096806,0.039875,0.008334,0.349458,630,8107254,76242,0,2,0,2,0,0,0,0,0,0,5406,0,3510,1896,0
12443,16.794417,16.684674,9.209377,0.000000,7.927541,7.857402,0.069973,0.040750,0.008750,0.657084,630,8107342,72340,0,2,0,2,0,0,0,0,0,0,5406,0,3510,1896,0
12444,16.634625,16.529992,9.249424,0.000000,7.907416,7.784443,0.122890,0.039708,0.021334,0.670875,637,8107049,70357,0,2,0,2,0,0,0,0,0,0,7208,0,4680,2528,0
12445,16.649125,16.536278,9.389442,0.000000,7.737208,7.638527,0.098598,0.052167,0.012416,0.304125,632,8107283,74609,0,2,0,2,0,0,0,0,0,0,5406,0,3510,1896,0
12446,16.685000,16.576951,9.201571,0.000000,7.868543,7.790236,0.078223,0.039333,0.015209,0.704376,628,8107287,72405,0,2,0,2,0,0,0,0,0,0,5406,0,3510,1896,0
12447,16.631083,16.524348,8.923420,0.000000,8.089083,7.967902,0.121056,0.045750,0.009959,0.307291,639,8107072,70281,0,2,0,2,0,0,0,0,0,0,7208,0,4680,2528,0
12448,16.698917,16.593241,9.246434,0.000000,7.925043,7.828986,0.095932,0.038083,0.010000,0.743000,632,8107268,74524,0,2,0,2,0,0,0,0,0,0,5406,0,3510,1896,0
12449,16.760292,16.642066,9.121992,0.000000,8.026751,7.931111,0.095473,0.047291,0.017709,0.288750,631,8107344,72460,0,2,0,2,0,0,0,0,0,0,5406,0,3510,1896,0
12450,16.527250,16.419596,8.955784,0.000000,7.996125,7.886610,0.109432,0.035916,0.020292,0.679958,640,8107008,70209,0,2,0,2,0,0,0,0,0,0,7208,0,4680,2528,0
12451,16.795958,16.682582,9.317240,0.000000,7.898374,7.815068,0.083223,0.040542,0.012583,0.732958,632,8107313,74700,0,2,0,2,0,0,0,0,0,0,5406,0,3510,1896,0
12452,16.492458,16.388133,9.571856,0.000000,7.902500,7.902111,0.000306,0.039917,0.016500,0.482000,630,8107283,72402,0,2,0,2,0,0,0,0,0,0,5406,0,3510,1896,0
12453,16.796584,16.688371,8.948760,0.000000,8.255999,8.137235,0.118681,0.039833,0.017042,0.837583,639,8107270,70202,0,2,0,2,0,0,0,0,0,0,7208,0,4680,2528,0
12454,16.587000,16.479994,9.328510,0.000000,7.867917,7.867652,0.000182,0.039916,0.016375,0.369417,631,8107060,74689,0,2,0,2,0,0,0,0,0,0,5406,0,3510,1896,0
12455,16.857583,16.746283,9.071416,0.000000,8.231125,8.090736,0.140264,0.039917,0.016583,0.850000,630,8107293,72399,0,2,0,2,0,0,0,0,0,0,5406,0,3510,1896,0
12456,16.461250,16.350989,9.239788,0.000000,7.994041,7.985943,0.007973,0.037208,0.015250,0.291125,641,8107051,70261,0,2,0,2,0,0,0,0,0,0,7208,0,4680,2528,0
12457,16.900792,16.792269,9.218890,0.000000,8.112499,8.015277,0.097139,0.047916,0.023875,0.661750,633,8107304,74618,0,2,0,2,0,0,0,0,0,0,5406,0,3510,1896,0
12458,16.637625,16.553283,9.102639,0.000000,8.044124,7.922860,0.121181,0.037333,0.034750,0.290458,631,8111961,72503,0,2,0,2,0,0,0,0,0,0,5406,0,3510,1896,0
12459,16.636375,16.499419,8.934607,0.000000,8.147168,8.004110,0.142974,0.037375,0.017916,0.643083,638,8102391,70171,0,2,0,2,0,0,0,0,0,0,7208,0,4680,2528,0
12460,16.738166,16.631189,9.104091,0.000000,8.046333,7.935860,0.110390,0.041000,0.010542,0.715166,631,8107316,74533,0,2,0,2,0,0,0,0,0,0,5406,0,3510,1896,0
12461,16.822709,16.710295,9.169651,0.000000,8.094417,7.983152,0.111223,0.038250,0.008500,0.351833,631,8107282,72480,0,2,0,2,0,0,0,0,0,0,5406,0,3510,1896,0
12462,16.475333,16.374362,9.040687,0.000000,7.977626,7.864652,0.112890,0.033833,0.031292,0.706709,639,8107044,70279,0,2,0,2,0,0,0,0,0,0,7208,0,4680,2528,0
12463,16.696417,16.585719,9.221304,0.000000,7.981125,7.886569,0.094473,0.041000,0.008083,0.350167,630,8107300,74544,0,2,0,2,0,0,0,0,0,0,5406,0,3510,1896,0
12464,16.694000,16.585371,8.985568,0.000000,8.201459,8.073111,0.128264,0.041916,0.009709,0.742416,631,8107287,72465,0,2,0,2,0,0,0,0,0,0,5406,0,3510,1896,0
12465,16.637125,16.528754,8.976156,0.000000,8.102958,7.993860,0.108973,0.034458,0.013708,0.301292,639,8107075,70270,0,2,0,2,0,0,0,0,0,0,7208,0,4680,2528,0
12466,16.788416,16.679659,9.136738,0.000000,8.072292,7.970902,0.101307,0.039959,0.010625,0.666041,630,8107258,74604,0,2,0,2,0,0,0,0,0,0,5406,0,3510,1896,0
12467,16.583292,16.470769,9.991616,0.000000,7.974208,7.973861,0.000222,0.059208,0.020917,0.658834,653,8107321,72411,0,2,0,2,0,0,0,0,0,0,5406,0,3510,1896,0
12468,17.089125,16.967547,9.601260,0.000000,7.901917,7.815735,0.085973,0.064875,0.013833,0.335375,636,8107047,71166,0,2,0,2,0,0,0,0,0,0,7208,0,4680,2528,0
12469,16.524333,16.463218,10.125172,0.000000,6.996667,6.918069,0.078432,0.085375,0.012584,0.752250,633,8122753,74368,0,2,0,2,0,0,0,0,0,0,5406,0,3510,1896,0
12470,16.637959,16.529533,9.537328,0.000000,7.605875,7.494569,0.111097,0.089750,0.027958,0.350041,632,8107311,71663,0,2,0,2,0,0,0,0,0,0,5406,0,3510,1896,0
12471,16.893000,16.723207,10.141786,0.000000,7.313833,7.229610,0.083848,0.064041,0.022292,0.786209,637,8091611,73551,0,2,0,2,0,0,0,0,0,0,7208,0,4680,2528,0
12472,16.410750,16.306086,9.180952,0.000000,7.730959,7.637194,0.093681,0.046166,0.012000,0.359583,630,8107320,72403,0,2,0,2,0,0,0,0,0,0,5406,0,3510,1896,0
12473,16.493041,16.382469,9.026230,0.000000,7.982458,7.975277,0.007098,0.044042,0.010250,0.642791,631,8107306,72324,0,2,0,2,0,0,0,0,0,0,5406,0,3510,1896,0
12474,16.967584,16.860134,9.396199,0.000000,8.021999,7.939151,0.082765,0.047791,0.013375,0.314916,637,8107279,72201,0,2,0,2,0,0,0,0,0,0,7208,0,4680,2528,0
12475,16.512791,16.401384,9.072462,0.000000,7.893417,7.797110,0.096182,0.043292,0.010500,0.745625,633,8107068,73071,0,2,0,2,0,0,0,0,0,0,5406,0,3510,1896,0
12476,16.859834,16.749251,9.124207,0.000000,8.070875,7.979444,0.091348,0.046750,0.012208,0.739250,635,8107243,71349,0,2,0,2,0,0,0,0,0,0,7004,0,4536,2468,0
12477,16.636666,16.550173,9.329603,0.000000,7.736332,7.645276,0.090890,0.048625,0.033167,0.290875,633,8111760,73718,0,2,0,2,0,0,0,0,0,0,5610,0,3654,1956,0
12478,16.601292,16.470958,9.005986,0.000000,7.977458,7.890194,0.087139,0.057458,0.011917,0.727459,629,8102747,72146,0,2,0,2,0,0,0,0,0,0,5406,0,3510,1896,0
12479,16.678792,16.573710,9.001130,0.000000,8.076917,7.939944,0.136806,0.044583,0.016833,0.299625,641,8107047,70348,0,2,0,2,0,0,0,0,0,0,7208,0,4680,2528,0
12480,16.720416,16.583801,9.263820,0.000000,7.854792,7.766568,0.088182,0.044417,0.010583,0.580208,631,8107263,74567,0,2,0,2,0,0,0,0,0,0,5406,0,3510,1896,0
12481,16.677542,16.591863,9.014411,0.000000,8.114708,8.026777,0.087848,0.032542,0.016666,0.350208,630,8107309,72451,0,2,0,2,0,0,0,0,0,0,5406,0,3510,1896,0
12482,16.462292,16.360944,9.107368,0.000000,7.934710,7.934278,0.000348,0.039000,0.010250,0.658291,639,8108722,70347,0,2,0,2,0,0,0,0,0,0,7208,0,4680,2528,0
12483,16.833791,16.717656,9.234222,0.000000,8.075875,7.964818,0.110890,0.037834,0.016250,0.826000,630,8105653,74474,0,2,0,2,0,0,0,0,0,0,5406,0,3510,1896,0
12484,16.836250,16.724586,9.076339,0.000000,8.155335,8.066944,0.088307,0.037375,0.009959,0.362875,630,8107286,72450,0,2,0,2,0,0,0,0,0,0,5406,0,3510,1896,0
12485,16.528334,16.422899,9.025486,0.000000,8.017501,7.903278,0.114098,0.045583,0.010042,0.955083,639,8107103,70285,0,2,0,2,0,0,0,0,0,0,7208,0,4680,2528,0
12486,16.749250,16.640452,9.220503,0.000000,7.959500,7.853776,0.105640,0.048291,0.018625,0.314375,632,8107279,74615,0,2,0,2,0,0,0,0,0,0,5406,0,3510,1896,0
12487,16.628791,16.545801,9.015241,0.000000,8.048083,7.915777,0.132223,0.032750,0.036625,1.314041,630,8113356,72645,0,2,0,2,0,0,0,0,0,0,5406,0,3510,1896,0
12488,16.584542,16.453411,8.964021,0.000000,8.112791,7.975027,0.137681,0.036458,0.008750,0.304541,635,8101083,69938,0,2,0,2,0,0,0,0,0,0,7208,0,4680,2528,0
12489,16.841542,16.734457,9.179331,0.000000,8.028417,7.937444,0.090848,0.038875,0.008791,0.782833,629,8107237,74697,0,2,0,2,0,0,0,0,0,0,5406,0,3510,1896,0
12490,16.605708,16.499002,8.968009,0.000000,8.046168,7.954444,0.091640,0.038500,0.010083,0.346791,631,8107293,72354,0,2,0,2,0,0,0,0,0,0,5406,0,3510,1896,0
12491,16.604833,16.495308,8.817963,0.000000,8.172417,8.053527,0.118806,0.033000,0.010792,0.943000,638,8107092,70340,0,2,0,2,0,0,0,0,0,0,7208,0,4680,2528,0
12492,16.833959,16.718247,9.338325,0.000000,7.921832,7.840443,0.081306,0.035458,0.009292,0.839876,630,8107302,74597,0,2,0,2,0,0,0,0,0,0,5406,0,3510,1896,0
12493,16.333041,16.234033,8.723587,0.000000,8.115126,8.024152,0.090932,0.035959,0.008625,0.449875,630,8107279,70130,0,2,0,2,0,0,0,0,0,0,5406,0,3510,1896,0
12494,16.883417,16.776149,9.324430,0.000000,8.045833,7.925485,0.120264,0.038708,0.016000,0.917167,640,8107134,74648,0,2,0,2,0,0,0,0,0,0,7208,0,4680,2528,0
12495,16.740750,16.629457,9.307247,0.000000,7.985749,7.985318,0.000306,0.046500,0.010917,0.315500,631,8107216,74594,0,2,0,2,0,0,0,0,0,0,5406,0,3510,1896,0
12496,16.711208,16.607843,8.996722,0.000000,8.178375,8.085611,0.092681,0.035375,0.014709,0.853167,630,8107300,72402,0,2,0,2,0,0,0,0,0,0,5406,0,3510,1896,0
12497,16.625209,16.512473,8.955121,0.000000,8.116249,7.994902,0.121264,0.043500,0.008958,0.307084,639,8107085,70293,0,2,0,2,0,0,0,0,0,0,7208,0,4680,2528,0
12498,16.745875,16.639831,10.281350,0.000000,7.921584,7.921151,0.000349,0.042000,0.028791,0.779458,631,8107295,74545,0,2,0,2,0,0,0,0,0,0,5406,0,3510,1896,0
12499,16.606708,16.495735,8.821761,0.000000,8.149041,8.057735,0.091223,0.036417,0.007833,1.304000,632,8107311,71720,0,2,0,2,0,0,0,0,0,0,5406,0,3510,1896,0
12500,16.859458,16.745291,9.523198,0.000000,7.689167,7.656861,0.032181,0.047917,0.021333,0.289875,638,8107054,71926,0,2,0,2,0,0,0,0,0,0,7208,0,4680,2528,0
12501,16.631834,16.524992,9.464914,0.000000,7.656708,7.574985,0.081640,0.042916,0.011334,0.906332,631,8107262,74680,0,2,0,2,0,0,0,0,0,0,5406,0,3510,1896,0
12502,16.722041,16.611522,9.225039,0.000000,7.887292,7.794277,0.092932,0.035542,0.016125,0.613458,631,8107306,72400,0,2,0,2,0,0,0,0,0,0,5406,0,3510,1896,0
12503,16.540417,16.431093,9.005644,0.000000,7.975792,7.854861,0.120848,0.034500,0.008292,1.247417,638,8107050,70215,0,2,0,2,0,0,0,0,0,0,7208,0,4680,2528,0
12504,16.763500,16.654338,9.405509,0.000000,7.909833,7.867318,0.042390,0.037167,0.017708,0.296417,631,8107316,74648,0,2,0,2,0,0,0,0,0,0,5406,0,3510,1896,0
12505,16.544750,16.424886,9.886338,0.000000,7.836000,7.835694,0.000181,0.031708,0.017667,0.938626,631,8107292,72425,0,2,0,2,0,0,0,0,0,0,5406,0,3510,1896,0
12506,16.719458,16.613996,8.902486,0.000000,8.226292,8.104611,0.121598,0.030542,0.008583,1.015834,639,8107020,70268,0,2,0,2,0,0,0,0,0,0,7208,0,4680,2528,0
12507,16.702542,16.591822,9.130739,0.000000,7.991042,7.912944,0.077973,0.038833,0.008584,0.460625,628,8107297,74604,0,2,0,2,0,0,0,0,0,0,5406,0,3510,1896,0
12508,16.777917,16.671793,9.412263,0.000000,8.173834,8.059027,0.114723,0.039333,0.017583,1.261375,631,8107294,72175,0,2,0,2,0,0,0,0,0,0,5406,0,3510,1896,0
12509,16.623583,16.516361,9.026696,0.000000,8.094958,7.972486,0.122347,0.035250,0.039958,0.631167,639,8107043,70479,0,2,0,2,0,0,0,0,0,0,7208,0,4680,2528,0
12510,16.708917,16.599780,9.251328,0.000000,7.894416,7.801568,0.092765,0.046833,0.013458,0.982041,630,8107321,74284,0,2,0,2,0,0,0,0,0,0,5406,0,3510,1896,0
12511,16.841625,16.760806,9.239926,0.000000,8.072916,7.939860,0.132931,0.084666,0.015792,0.290042,633,8122750,73668,0,2,0,2,0,0,0,0,0,0,5406,0,3510,1896,0
12512,16.581416,16.446228,9.228274,0.000000,7.851624,7.701735,0.149806,0.037625,0.035334,0.667458,638,8091568,69664,0,2,0,2,0,0,0,0,0,0,7208,0,4680,2528,0
12513,16.531542,16.414572,9.263784,0.000000,7.768083,7.686276,0.081723,0.034125,0.031667,0.298333,630,8107360,74545,0,2,0,2,0,0,0,0,0,0,5406,0,3510,1896,0
12514,16.778083,16.671704,8.961497,0.000000,8.232625,8.093735,0.138807,0.054709,0.024958,1.072292,632,8107252,72457,0,2,0,2,0,0,0,0,0,0,5406,0,3510,1896,0
12515,16.627167,16.516114,9.123356,0.000000,7.977625,7.848319,0.129139,0.043417,0.024500,1.054083,640,8107026,70318,0,2,0,2,0,0,0,0,0,0,7208,0,4680,2528,0
12516,16.690292,16.580340,9.287428,0.000000,7.821082,7.721068,0.099973,0.039041,0.008959,0.305167,629,8107297,74587,0,2,0,2,0,0,0,0,0,0,5406,0,3510,1896,0
12517,16.602833,16.493076,9.090730,0.000000,8.010083,8.009819,0.000139,0.043167,0.013041,0.904791,633,8107308,72430,0,2,0,2,0,0,0,0,0,0,5406,0,3510,1896,0
12518,16.762833,16.658639,8.975414,0.000000,8.238667,8.121611,0.116973,0.032167,0.007917,0.288333,640,8107039,70255,0,2,0,2,0,0,0,0,0,0,7208,0,4680,2528,0
12519,16.700084,16.591472,9.193420,0.000000,7.933875,7.855235,0.078556,0.036458,0.036000,0.769083,630,8107288,74637,0,2,0,2,0,0,0,0,0,0,5406,0,3510,1896,0
12520,16.704625,16.595874,9.099823,0.000000,8.097875,7.979985,0.117806,0.038666,0.017084,0.451584,651,8107337,72382,0,2,0,2,0,0,0,0,0,0,5406,0,3510,1896,0
12521,16.638291,16.524788,9.133160,0.000000,7.893333,7.812069,0.081139,0.035875,0.008500,0.934375,639,8107056,71338,0,2,0,2,0,0,0,0,0,0,7208,0,4680,2528,0
12522,16.659459,16.552453,9.579139,0.000000,8.052000,8.051610,0.000307,0.039833,0.008875,0.911792,628,8107314,73615,0,2,0,2,0,0,0,0,0,0,5406,0,3510,1896,0
12523,16.730125,16.620638,10.037046,0.000000,7.898584,7.898027,0.000390,0.042750,0.031333,0.446625,632,8107268,71947,0,2,0,2,0,0,0,0,0,0,5406,0,3510,1896,0
12524,16.732791,16.627040,9.368801,0.000000,7.897749,7.804110,0.093556,0.035167,0.017875,0.892626,639,8107100,73238,0,2,0,2,0,0,0,0,0,0,7208,0,4680,2528,0
12525,16.849167,16.739649,9.256440,0.000000,7.994750,7.905944,0.088515,0.048292,0.012500,0.296667,630,8107277,72441,0,2,0,2,0,0,0,0,0,0,5406,0,3510,1896,0
12526,16.712542,16.601329,9.625333,0.000000,7.683167,7.563486,0.119514,0.049458,0.019083,0.916125,630,8107296,72410,0,2,0,2,0,0,0,0,0,0,5406,0,3510,1896,0
12527,16.972000,16.897679,10.235599,0.000000,7.262000,7.201527,0.060223,0.077458,0.012292,0.307250,640,8122567,73090,0,2,0,2,0,0,0,0,0,0,7208,0,4680,2528,0
12528,16.099375,15.943630,9.188246,0.000000,7.356209,7.282152,0.073973,0.046833,0.013083,0.933417,627,8091851,71041,0,2,0,2,0,0,0,0,0,0,5406,0,3510,1896,0
12529,16.998583,16.895524,9.400986,0.000000,7.877542,7.799527,0.077890,0.048208,0.013417,0.583167,638,8107139,73075,0,2,0,2,0,0,0,0,0,0,7004,0,4536,2468,0
12530,16.759333,16.645337,9.774365,0.000000,7.590750,7.469069,0.121473,0.059250,0.021042,0.291500,635,8107206,73548,0,2,0,2,0,0,0,0,0,0,5610,0,3654,1956,0
12531,16.763042,16.656683,9.597172,0.000000,7.891249,7.790693,0.100431,0.035125,0.010958,1.072375,629,8107356,72470,0,2,0,2,0,0,0,0,0,0,5406,0,3510,1896,0
12532,16.417917,16.297758,10.197305,0.000000,6.979125,6.913360,0.065682,0.028208,0.016333,0.454416,640,8107081,70296,0,2,0,2,0,0,0,0,0,0,7208,0,4680,2528,0
12533,16.668750,16.477202,10.170498,0.000000,7.177333,7.137819,0.039431,0.022500,0.012666,0.901084,631,8091807,73918,0,2,0,2,0,0,0,0,0,0,5406,0,3510,1896,0
12534,16.939625,16.890089,10.170916,0.000000,7.240834,7.214777,0.025932,0.033250,0.017375,0.290791,632,8122728,73106,0,2,0,2,0,0,0,0,0,0,5406,0,3510,1896,0
12535,16.500458,16.380468,10.149704,0.000000,7.089959,7.020069,0.069807,0.029750,0.015917,0.858667,639,8107103,70300,0,2,0,2,0,0,0,0,0,0,7208,0,4680,2528,0
12536,16.869167,16.745403,10.893327,0.000000,6.686583,6.686402,0.000098,0.041708,0.011750,0.290083,650,8106951,75237,0,2,0,2,0,0,0,0,0,0,7441,0,3510,3931,0
12537,16.604083,16.480768,10.498466,0.000000,6.832208,6.798693,0.033390,0.041375,0.011917,1.070500,631,8107288,72413,0,2,0,2,0,0,0,0,0,0,5406,0,3510,1896,0
12538,16.555458,16.435340,10.136875,0.000000,7.248708,7.176944,0.071639,0.033375,0.018709,0.911458,640,8107080,70233,0,2,0,2,0,0,0,0,0,0,7208,0,4680,2528,0
12539,16.661375,16.469639,10.150780,0.000000,7.124083,7.078444,0.045556,0.023750,0.008042,0.469583,630,8091883,74024,0,2,0,2,0,0,0,0,0,0,5406,0,3510,1896,0
12540,16.666000,16.615377,10.268091,0.000000,7.346249,7.312026,0.034140,0.024750,0.015375,0.905084,631,8122708,73045,0,2,0,2,0,0,0,0,0,0,5406,0,3510,1896,0
12541,16.687084,16.497199,9.980068,0.000000,7.319667,7.253610,0.065973,0.025375,0.008291,0.445167,637,8091664,69707,0,2,0,2,0,0,0,0,0,0,7208,0,4680,2528,0
12542,16.727250,16.676460,10.264956,0.000000,7.202625,7.164777,0.037764,0.030333,0.017500,0.906125,633,8122720,75231,0,2,0,2,0,0,0,0,0,0,5406,0,3510,1896,0
12543,16.640916,16.519673,9.970664,0.000000,7.298250,7.260193,0.037932,0.063209,0.009166,0.290792,630,8107317,72358,0,2,0,2,0,0,0,0,0,0,5406,0,3510,1896,0
12544,16.637750,16.450209,9.799874,0.000000,7.426666,7.359568,0.066973,0.023084,0.008458,0.887083,637,8091622,69721,0,2,0,2,0,0,0,0,0,0,7208,0,4680,2528,0
12545,16.672959,16.549707,10.379946,0.000000,6.984457,6.979735,0.004639,0.022291,0.008292,0.896959,631,8107425,74586,0,2,0,2,0,0,0,0,0,0,5406,0,3510,1896,0
12546,16.803583,16.752225,10.052932,0.000000,7.431624,7.400985,0.030556,0.042292,0.017333,0.472125,633,8122598,73073,0,2,0,2,0,0,0,0,0,0,5406,0,3510,1896,0
12547,16.630000,16.508426,10.218962,0.000000,7.093833,7.071777,0.021973,0.027500,0.016792,0.893500,640,8107097,70301,0,2,0,2,0,0,0,0,0,0,7208,0,4680,2528,0
12548,16.668208,16.478397,10.199155,0.000000,7.105250,7.069402,0.035723,0.021500,0.015084,0.464959,629,8091840,73886,0,2,0,2,0,0,0,0,0,0,5406,0,3510,1896,0
12549,16.649459,16.548296,9.818211,0.000000,7.471126,7.431485,0.039557,0.021458,0.014375,0.746209,631,8110883,72607,0,2,0,2,0,0,0,0,0,0,5406,0,3510,1896,0
12550,16.624250,16.486076,9.792044,0.000000,7.456333,7.389485,0.066765,0.020875,0.014416,0.454292,637,8103503,70134,0,2,0,2,0,0,0,0,0,0,7208,0,4680,2528,0
12551,16.752833,16.697077,10.102591,0.000000,7.340959,7.304819,0.036098,0.028375,0.016500,0.917333,633,8122734,75294,0,2,0,2,0,0,0,0,0,0,5406,0,3510,1896,0
12552,16.661833,16.475662,9.946450,0.000000,7.297375,7.261277,0.036015,0.020750,0.014375,0.455541,629,8091856,71761,0,2,0,2,0,0,0,0,0,0,5406,0,3510,1896,0
12553,16.667292,16.547988,9.812786,0.000000,7.502375,7.432069,0.070223,0.023208,0.007834,0.904583,639,8107048,70276,0,2,0,2,0,0,0,0,0,0,7208,0,4680,2528,0
12554,16.775542,16.691741,10.278488,0.000000,7.203168,7.174611,0.028473,0.022291,0.014667,0.910709,632,8115307,74981,0,2,0,2,0,0,0,0,0,0,5406,0,3510,1896,0
12555,16.653583,16.496226,10.122462,0.000000,7.416876,7.416485,0.000307,0.027375,0.008667,0.622958,630,8099413,72073,0,2,0,2,0,0,0,0,0,0,5406,0,3510,1896,0
12556,16.626375,16.575935,10.036285,0.000000,7.337877,7.272861,0.064932,0.022625,0.014958,0.916083,639,8122358,70952,0,2,0,2,0,0,0,0,0,0,7208,0,4680,2528,0
12557,16.605000,16.411504,9.966124,0.000000,7.242040,7.208485,0.033472,0.021792,0.014291,0.448417,631,8091863,73274,0,2,0,2,0,0,0,0,0,0,5406,0,3510,1896,0
12558,16.796333,16.739110,10.118965,0.000000,7.392918,7.333694,0.059140,0.030084,0.009083,0.766583,632,8122733,74701,0,2,0,2,0,0,0,0,0,0,5406,0,3510,1896,0
12559,16.599459,16.488918,9.769282,0.000000,7.476292,7.412069,0.064140,0.036791,0.017042,0.446000,641,8107058,70329,0,2,0,2,0,0,0,0,0,0,7208,0,4680,2528,0
12560,17.090375,16.958011,10.629640,0.000000,7.003168,6.997653,0.005390,0.046250,0.017875,0.641792,630,8107310,74477,0,2,0,2,0,0,0,0,0,0,5406,0,3510,1896,0
12561,16.426708,16.309097,10.260546,0.000000,6.946834,6.879944,0.066765,0.029625,0.016000,0.899000,630,8107276,72534,0,2,0,2,0,0,0,0,0,0,5406,0,3510,1896,0
12562,17.276208,17.151766,10.631915,0.000000,7.326000,7.251652,0.074056,0.055000,0.021375,0.355750,641,8107047,70293,0,2,0,2,0,0,0,0,0,0,7208,0,4680,2528,0
12563,16.201584,16.081795,10.640416,0.000000,6.301917,6.297319,0.004431,0.048375,0.019291,1.059292,629,8107291,74597,0,2,0,2,0,0,0,0,0,0,5406,0,3510,1896,0
12564,16.756083,16.674657,10.392053,0.000000,7.059042,6.983860,0.075098,0.077000,0.014833,0.290625,633,8122764,73073,0,2,0,2,0,0,0,0,0,0,5406,0,3510,1896,0
12565,16.579333,16.448468,10.356552,0.000000,6.808624,6.782610,0.025889,0.095542,0.023292,0.738667,638,8107098,70319,0,2,0,2,0,0,0,0,0,0,7208,0,4680,2528,0
12566,16.555542,16.388666,10.455534,0.000000,6.723292,6.700486,0.022723,0.074375,0.023042,0.474791,631,8091790,73953,0,2,0,2,0,0,0,0,0,0,5406,0,3510,1896,0
12567,16.563500,16.453202,9.239392,0.000000,7.816875,7.704318,0.112474,0.033375,0.009042,0.770125,630,8107299,72419,0,2,0,2,0,0,0,0,0,0,5406,0,3510,1896,0
12568,16.650542,16.544510,8.989028,0.000000,8.056167,7.939444,0.116640,0.041416,0.008959,0.326750,640,8107030,70216,0,2,0,2,0,0,0,0,0,0,7208,0,4680,2528,0
12569,16.752125,16.663035,9.189154,0.000000,7.943041,7.848069,0.094847,0.042625,0.011500,1.059709,629,8113132,74952,0,2,0,2,0,0,0,0,0,0,5406,0,3510,1896,0
12570,16.804416,16.675957,9.144123,0.000000,8.135041,8.015610,0.119306,0.046084,0.029166,0.896166,629,8101539,72142,0,2,0,2,0,0,0,0,0,0,5406,0,3510,1896,0
12571,16.470375,16.340296,9.049172,0.000000,7.882375,7.777152,0.105098,0.046334,0.011875,0.310500,640,8106993,70347,0,2,0,2,0,0,0,0,0,0,7208,0,4680,2528,0
12572,16.754375,16.641776,9.332274,0.000000,7.899625,7.816569,0.082973,0.044625,0.010459,0.893292,630,8107287,74219,0,2,0,2,0,0,0,0,0,0,5406,0,3510,1896,0
12573,16.678709,16.580044,9.156245,0.000000,8.004667,7.896152,0.108390,0.075500,0.018166,0.307750,650,8122741,73714,0,2,0,2,0,0,0,0,0,0,5406,0,3510,1896,0
12574,16.727416,16.633938,9.127432,0.000000,8.046626,7.943319,0.103182,0.064625,0.016625,0.752666,639,8107119,71336,0,2,0,2,0,0,0,0,0,0,7208,0,4680,2528,0
12575,16.605292,16.469143,8.950464,0.000000,8.053709,7.962611,0.091014,0.038958,0.011750,0.291458,628,8091798,72969,0,2,0,2,0,0,0,0,0,0,5406,0,3510,1896,0
12576,16.732000,16.649709,9.048523,0.000000,8.106710,7.983527,0.123099,0.069208,0.018375,0.777792,633,8122744,73057,0,2,0,2,0,0,0,0,0,0,5406,0,3510,1896,0
12577,16.654083,16.522500,9.180584,0.000000,7.949500,7.863152,0.086223,0.037625,0.011542,0.916625,640,8091627,71844,0,2,0,2,0,0,0,0,0,0,7208,0,4680,2528,0
12578,16.791709,16.684969,9.048561,0.000000,8.092124,8.002610,0.089389,0.046500,0.011333,0.446500,629,8107309,72367,0,2,0,2,0,0,0,0,0,0,5406,0,3510,1896,0
12579,16.559458,16.448463,9.093704,0.000000,7.951417,7.846777,0.104473,0.039667,0.010458,1.093917,630,8107283,72494,0,2,0,2,0,0,0,0,0,0,5406,0,3510,1896,0
12580,16.641208,16.534373,9.362208,0.000000,7.911584,7.910319,0.001140,0.042250,0.010625,0.302208,639,8107094,72439,0,2,0,2,0,0,0,0,0,0,7208,0,4680,2528,0
12581,16.716417,16.630225,9.149557,0.000000,8.005042,7.927277,0.077598,0.070417,0.035875,0.954709,633,8122750,73104,0,2,0,2,0,0,0,0,0,0,5406,0,3510,1896,0
12582,16.792583,16.707754,9.170381,0.000000,8.083375,7.960402,0.122890,0.093625,0.015584,0.304375,638,8122548,70910,0,2,0,2,0,0,0,0,0,0,7208,0,4680,2528,0
12583,16.599375,16.469901,9.191367,0.000000,7.837832,7.760110,0.077639,0.061417,0.016458,0.912376,630,8091850,73978,0,2,0,2,0,0,0,0,0,0,5406,0,3510,1896,0
12584,16.826250,16.729454,9.220725,0.000000,8.067166,7.970152,0.096889,0.060584,0.017375,0.940375,631,8110960,72601,0,2,0,2,0,0,0,0,0,0,5406,0,3510,1896,0
12585,16.529792,16.384963,9.041670,0.000000,8.026499,7.895776,0.130598,0.044667,0.011458,0.641208,636,8087997,69489,0,2,0,2,0,0,0,0,0,0,7208,0,4680,2528,0
12586,16.748333,16.632227,10.073319,0.000000,7.817291,7.817027,0.000181,0.047542,0.012500,0.658833,631,8107264,73909,0,2,0,2,0,0,0,0,0,0,5406,0,3510,1896,0
12587,16.597834,16.491589,9.350200,0.000000,7.811125,7.733986,0.077056,0.037875,0.008250,0.469833,632,8107276,74081,0,2,0,2,0,0,0,0,0,0,5406,0,3510,1896,0
12588,16.734500,16.658557,9.222925,0.000000,8.039625,7.901360,0.138140,0.082166,0.011167,0.938501,640,8122528,70907,0,2,0,2,0,0,0,0,0,0,7208,0,4680,2528,0
12589,16.642458,16.501578,9.254127,0.000000,7.810666,7.746027,0.064556,0.048667,0.011500,0.311042,630,8107352,74627,0,2,0,2,0,0,0,0,0,0,5406,0,3510,1896,0
12590,16.761625,16.624225,9.085726,0.000000,8.085542,8.009403,0.076056,0.042917,0.011958,0.958291,630,8091853,71746,0,2,0,2,0,0,0,0,0,0,5406,0,3510,1896,0
12591,16.560208,16.499811,9.180187,0.000000,7.929125,7.842027,0.087015,0.084709,0.014875,0.300792,638,8122503,70980,0,2,0,2,0,0,0,0,0,0,7208,0,4680,2528,0
12592,16.460459,16.357882,8.971158,0.000000,7.965374,7.883568,0.081723,0.070000,0.024708,0.972791,632,8107282,72370,0,2,0,2,0,0,0,0,0,0,5406,0,3510,1896,0
12593,16.892416,16.760247,9.426040,0.000000,7.927959,7.863527,0.064348,0.039250,0.033375,0.930375,631,8094687,76194,0,2,0,2,0,0,0,0,0,0,5406,0,3510,1896,0
12594,17.437000,17.315699,9.802659,0.000000,7.902625,7.844651,0.057849,0.056959,0.044416,0.308458,635,8104244,70202,0,2,0,2,0,0,0,0,0,0,7208,0,4680,2528,0
12595,15.955542,15.845836,10.129630,0.000000,7.054959,7.054486,0.000306,0.044458,0.011292,0.616708,630,8107276,74599,0,2,0,2,0,0,0,0,0,0,5406,0,3510,1896,0
12596,16.914042,16.792286,9.338575,0.000000,7.931041,7.855777,0.075098,0.052000,0.011625,0.468417,632,8107312,72391,0,2,0,2,0,0,0,0,0,0,5406,0,3510,1896,0
12597,16.456333,16.375673,9.415085,0.000000,7.678459,7.678069,0.000265,0.045000,0.016750,0.779584,641,8111627,70466,0,2,0,2,0,0,0,0,0,0,7208,0,4680,2528,0
12598,16.797542,16.702826,9.430634,0.000000,7.859624,7.786360,0.073181,0.054708,0.018125,0.301500,631,8109996,74742,0,2,0,2,0,0,0,0,0,0,5406,0,3510,1896,0
12599,16.998541,16.928698,9.861836,0.000000,7.698875,7.650777,0.048014,0.114000,0.023750,0.747083,633,8132687,73466,0,2,0,2,0,0,0,0,0,0,5406,0,3510,1896,0
12600,16.395375,16.211923,9.311871,0.000000,7.600542,7.495902,0.104557,0.055459,0.018083,0.890542,637,8074536,68881,0,2,0,2,0,0,0,0,0,0,7208,0,4680,2528,0
12601,16.596625,16.482450,9.476320,0.000000,7.510541,7.443610,0.066848,0.048042,0.018042,0.497750,629,8107213,74668,0,2,0,2,0,0,0,0,0,0,5406,0,3510,1896,0
12602,17.182875,17.074294,9.767142,0.000000,7.934042,7.933694,0.000265,0.060834,0.015625,0.762791,632,8107303,72426,0,2,0,2,0,0,0,0,0,0,5406,0,3510,1896,0
12603,16.151084,16.039847,9.264906,0.000000,7.419084,7.324194,0.094807,0.039583,0.033500,0.610542,636,8107071,70267,0,2,0,2,0,0,0,0,0,0,7208,0,4680,2528,0
12604,16.712791,16.599213,9.546155,0.000000,7.695334,7.620027,0.075265,0.056625,0.021250,0.777625,631,8107288,74607,0,2,0,2,0,0,0,0,0,0,5406,0,3510,1896,0
12605,16.755709,16.657297,9.219001,0.000000,7.924792,7.864527,0.060140,0.074916,0.029584,0.482333,632,8107294,72426,0,2,0,2,0,0,0,0,0,0,5406,0,3510,1896,0
12606,16.558791,16.449572,9.180822,0.000000,7.843167,7.758860,0.084224,0.050959,0.011833,0.747791,639,8107045,70289,0,2,0,2,0,0,0,0,0,0,7208,0,4680,2528,0
12607,16.710084,16.595249,9.245660,0.000000,7.856667,7.782277,0.074265,0.054958,0.011250,0.316000,631,8107299,74607,0,2,0,2,0,0,0,0,0,0,5406,0,3510,1896,0
12608,16.692833,16.573222,9.122840,0.000000,7.996916,7.913235,0.083598,0.045458,0.010750,0.889584,630,8107318,72297,0,2,0,2,0,0,0,0,0,0,5406,0,3510,1896,0
12609,16.630250,16.517781,9.085748,0.000000,7.985625,7.892610,0.092890,0.042458,0.010792,0.916250,639,8107039,70406,0,2,0,2,0,0,0,0,0,0,7208,0,4680,2528,0
12610,16.824750,16.710958,9.547409,0.000000,7.888458,7.881235,0.007182,0.040208,0.016167,0.307250,631,8107287,74553,0,2,0,2,0,0,0,0,0,0,5406,0,3510,1896,0
12611,16.531042,16.471172,9.686964,0.000000,7.924168,7.923903,0.000181,0.088125,0.010875,0.742708,633,8122768,73093,0,2,0,2,0,0,0,0,0,0,5406,0,3510,1896,0
12612,16.708708,16.555449,8.954085,0.000000,8.182876,8.068694,0.114099,0.056875,0.016208,0.302041,639,8091583,69661,0,2,0,2,0,0,0,0,0,0,7208,0,4680,2528,0
12613,16.703667,16.589998,9.568131,0.000000,7.905417,7.837611,0.067723,0.042250,0.033791,0.771416,628,8107288,74542,0,2,0,2,0,0,0,0,0,0,5406,0,3510,1896,0
12614,16.703500,16.597157,8.993467,0.000000,8.163040,8.048985,0.113972,0.039125,0.008625,0.376791,633,8107290,72464,0,2,0,2,0,0,0,0,0,0,5406,0,3510,1896,0
12615,16.582208,16.470418,9.130945,0.000000,7.917917,7.794694,0.123140,0.058000,0.015167,0.862500,640,8107055,69624,0,2,0,2,0,0,0,0,0,0,7208,0,4680,2528,0
12616,16.738583,16.634165,9.441634,0.000000,7.793251,7.714861,0.078348,0.036625,0.014167,0.931791,629,8107283,76238,0,2,0,2,0,0,0,0,0,0,5406,0,3510,1896,0
12617,16.725667,16.614675,9.191914,0.000000,8.002251,7.887611,0.114515,0.036750,0.010167,0.646292,631,8107301,72425,0,2,0,2,0,0,0,0,0,0,5406,0,3510,1896,0
12618,16.860583,16.750741,9.121245,0.000000,8.156291,8.043027,0.113223,0.048334,0.010666,0.898084,636,8107061,70255,0,2,0,2,0,0,0,0,0,0,7208,0,4680,2528,0
12619,16.444334,16.338216,9.140234,0.000000,7.765458,7.684110,0.081223,0.035041,0.014084,0.311875,632,8107305,74625,0,2,0,2,0,0,0,0,0,0,5406,0,3510,1896,0
12620,16.843000,16.776740,9.821702,0.000000,7.925084,7.914736,0.010181,0.081416,0.032750,0.927250,633,8122720,73020,0,2,0,2,0,0,0,0,0,0,5406,0,3510,1896,0
12621,16.665250,16.541329,9.432191,0.000000,7.752834,7.644777,0.107932,0.090166,0.017417,0.294292,641,8107074,69988,0,2,0,2,0,0,0,0,0,0,7208,0,4680,2528,0
12622,16.662875,16.528008,9.406513,0.000000,7.747916,7.673860,0.073973,0.040666,0.010792,0.659626,630,8091814,74623,0,2,0,2,0,0,0,0,0,0,5406,0,3510,1896,0
12623,16.651333,16.529148,9.178138,0.000000,7.896584,7.802528,0.093889,0.044500,0.010208,0.769167,630,8107329,72307,0,2,0,2,0,0,0,0,0,0,5406,0,3510,1896,0
12624,16.607042,16.486130,9.076904,0.000000,8.003792,7.897152,0.106599,0.049791,0.018000,0.648375,641,8107053,70393,0,2,0,2,0,0,0,0,0,0,7208,0,4680,2528,0
12625,16.719958,16.614044,9.422672,0.000000,7.792459,7.713860,0.078515,0.034000,0.010417,0.775250,630,8107260,74586,0,2,0,2,0,0,0,0,0,0,5406,0,3510,1896,0
12626,17.024083,16.912854,9.339485,0.000000,8.110458,8.001152,0.108931,0.054834,0.010625,0.450875,649,8107302,72426,0,2,0,2,0,0,0,0,0,0,5406,0,3510,1896,0
12627,16.531250,16.450795,9.562177,0.000000,7.592958,7.479985,0.112890,0.054209,0.034250,1.056334,640,8115724,71646,0,2,0,2,0,0,0,0,0,0,7208,0,4680,2528,0
12628,16.523667,16.383161,9.245819,0.000000,7.646375,7.565944,0.080348,0.049750,0.025958,0.293584,628,8098647,73153,0,2,0,2,0,0,0,0,0,0,5406,0,3510,1896,0
12629,16.759958,16.650725,9.175982,0.000000,7.881083,7.797736,0.083264,0.039334,0.015541,0.892083,632,8107315,72481,0,2,0,2,0,0,0,0,0,0,5406,0,3510,1896,0
12630,16.637459,16.529977,9.321669,0.000000,7.812041,7.741693,0.070265,0.045500,0.016041,0.292084,637,8107098,72462,0,2,0,2,0,0,0,0,0,0,7208,0,4680,2528,0
12631,16.692041,16.581999,9.147208,0.000000,7.981668,7.916194,0.065390,0.050834,0.044166,0.895458,633,8107266,72460,0,2,0,2,0,0,0,0,0,0,5406,0,3510,1896,0
12632,17.193209,17.128087,10.744245,0.000000,7.406709,7.405819,0.000640,0.080875,0.012833,0.588000,631,8120466,72960,0,2,0,2,0,0,0,0,0,0,5406,0,3510,1896,0
12633,17.373041,17.200292,11.388800,0.000000,5.383251,5.301194,0.081848,0.076750,0.021459,0.323292,635,8093924,71908,0,2,0,2,0,0,0,0,0,0,7208,0,4680,2528,0
12634,16.597334,16.517002,10.868795,0.000000,4.877042,4.876235,0.000140,0.094291,0.017375,0.582958,630,8107287,72431,0,2,0,2,0,0,0,0,0,0,5406,0,3510,1896,0
12635,15.811375,15.654360,10.058995,0.000000,5.550667,5.545694,0.004723,0.073916,0.012625,0.305541,637,8128111,71248,0,2,0,2,0,0,0,0,0,0,7208,0,4680,2528,0
12636,17.209250,17.114795,10.842674,0.000000,6.763249,6.692526,0.070473,0.084125,0.046625,0.584625,632,8098964,74187,0,2,0,4,0,0,0,0,0,0,5406,0,3510,1896,0
12637,16.416291,16.275058,10.137635,0.000000,6.627834,6.571985,0.055557,0.156084,0.030166,0.304000,631,8099200,72072,0,2,0,2,0,0,0,0,0,0,5406,0,3510,1896,0
12638,18.040417,17.945634,11.699659,0.000000,6.458250,6.449736,0.008389,0.130292,0.019250,0.650834,639,8102448,70100,0,4,0,2,0,0,0,0,0,0,7208,0,4680,2528,0
12639,16.803667,16.668644,11.478063,0.000000,5.456624,5.456152,0.000181,0.098458,0.015667,0.606583,631,8107487,74593,0,2,0,2,0,0,0,0,0,0,5406,0,3510,1896,0
12640,15.284500,15.161907,10.744411,0.000000,4.039083,4.037944,0.000181,0.133291,0.023625,0.291959,633,8122514,73014,0,2,0,2,0,0,0,0,0,0,5406,0,3510,1896,0
12641,16.709500,16.581249,11.259789,0.000000,6.373166,6.372819,0.000139,0.211375,0.019500,0.656709,641,8122649,70979,0,2,0,2,0,0,0,0,0,0,7208,0,4680,2528,0
12642,16.760708,16.575832,11.479275,0.000000,6.253209,6.252944,0.000140,0.129500,0.031542,0.474667,638,8098052,74110,0,2,0,2,0,0,0,0,0,0,6431,0,3510,2921,0
12643,16.552542,16.337353,11.190431,0.000000,6.206166,6.196568,0.009181,0.072250,0.013708,0.760458,643,8085166,72200,0,2,0,2,0,0,0,0,0,0,6416,0,3510,2906,0
12644,16.494541,16.384872,9.797373,0.000000,7.255084,7.153028,0.101931,0.066000,0.018542,0.629750,637,8107078,69649,0,2,0,2,0,0,0,0,0,0,7208,0,4680,2528,0
12645,16.634667,16.579888,10.372795,0.000000,6.897292,6.848818,0.048224,0.099833,0.029917,0.579833,630,8122681,76938,0,2,0,2,0,0,0,0,0,0,5406,0,3510,1896,0
12646,16.581417,16.469297,9.724165,0.000000,7.421624,7.374652,0.046889,0.104416,0.026792,0.891293,632,8107309,72354,0,2,0,2,0,0,0,0,0,0,5406,0,3510,1896,0
12647,16.640708,16.479969,9.656941,0.000000,7.373583,7.258152,0.115306,0.046625,0.011750,0.312208,638,8091674,69719,0,2,0,2,0,0,0,0,0,0,7208,0,4680,2528,0
12648,16.430042,16.309101,9.437834,0.000000,7.530125,7.448485,0.081515,0.037291,0.034042,0.905708,632,8107251,74532,0,2,0,2,0,0,0,0,0,0,5406,0,3510,1896,0
12649,16.613541,16.499257,9.111412,0.000000,7.925125,7.854069,0.070973,0.030542,0.031250,0.473334,632,8107298,72421,0,2,0,2,0,0,0,0,0,0,5406,0,3510,1896,0
12650,16.650125,16.529027,9.410137,0.000000,7.902832,7.899777,0.002972,0.036625,0.031042,0.832000,641,8107097,70296,0,2,0,2,0,0,0,0,0,0,7208,0,4680,2528,0
12651,17.013459,16.941659,9.944115,0.000000,7.839625,7.829443,0.010015,0.045083,0.026708,0.300583,631,8112960,74863,0,2,0,2,0,0,0,0,0,0,5406,0,3510,1896,0
12652,16.468708,16.332432,9.306723,0.000000,7.625375,7.538069,0.087223,0.035083,0.011917,0.768333,630,8101634,72164,0,2,0,2,0,0,0,0,0,0,5406,0,3510,1896,0
12653,16.693958,16.614160,9.077542,0.000000,8.043293,7.927944,0.115265,0.058709,0.021416,0.305375,641,8122682,70898,0,2,0,2,0,0,0,0,0,0,7208,0,4680,2528,0
12654,16.769834,16.630165,9.726724,0.000000,7.444250,7.368735,0.075432,0.046291,0.011667,0.615542,631,8091714,74013,0,2,0,2,0,0,0,0,0,0,5406,0,3510,1896,0
12655,16.535125,16.427634,9.094647,0.000000,7.890750,7.818569,0.072098,0.038666,0.010542,1.235874,630,8107281,72411,0,2,0,2,0,0,0,0,0,0,5406,0,3510,1896,0
12656,17.302291,17.238342,9.956543,0.000000,7.692625,7.672319,0.020181,0.072375,0.018459,0.624125,638,8117113,70708,0,2,0,2,0,0,0,0,0,0,7208,0,4680,2528,0
12657,17.680709,17.548890,11.596668,0.000000,6.157457,6.103193,0.053306,0.107166,0.014875,0.584543,630,8101791,74385,0,2,0,2,0,0,0,0,0,0,5406,0,3510,1896,0
12658,15.793208,15.631862,9.932898,0.000000,5.858416,5.802735,0.055556,0.051583,0.012292,0.310333,628,8102792,72170,0,2,0,2,0,0,0,0,0,0,5406,0,3510,1896,0
12659,16.652625,16.613007,10.476251,0.000000,6.636042,6.635486,0.000348,0.149042,0.044583,0.757667,641,8122458,70950,0,2,0,2,0,0,0,0,0,0,7208,0,4680,2528,0
12660,16.285250,16.088324,10.595323,0.000000,6.419375,6.396985,0.022140,0.048125,0.018292,0.290333,630,8091963,73924,0,2,0,2,0,0,0,0,0,0,5406,0,3510,1896,0
12661,16.495083,16.381651,9.152572,0.000000,7.808875,7.720861,0.087889,0.044584,0.028708,0.697208,630,8107220,72477,0,2,0,2,0,0,0,0,0,0,5406,0,3510,1896,0
12662,16.628000,16.501491,8.881993,0.000000,8.174416,8.047652,0.126639,0.039417,0.008875,0.864291,640,8107014,70323,0,2,0,2,0,0,0,0,0,0,7208,0,4680,2528,0
12663,16.896417,16.780745,9.424663,0.000000,7.824208,7.765318,0.058807,0.054542,0.011958,0.562000,631,8107435,74549,0,2,0,2,0,0,0,0,0,0,5406,0,3510,1896,0
12664,16.808750,16.766207,9.718050,0.000000,7.564375,7.471527,0.092598,0.082375,0.061875,0.623417,631,8122619,73077,0,2,0,2,0,0,0,0,0,0,5406,0,3510,1896,0
12665,17.599667,17.424627,10.771457,0.000000,7.014792,6.870860,0.143765,0.090875,0.014125,0.303667,640,8091586,69669,0,2,0,2,0,0,0,0,0,0,7208,0,4680,2528,0
12666,16.227041,16.176373,10.421323,0.000000,6.349416,6.265860,0.083473,0.100292,0.021458,0.935666,633,8126188,75375,0,2,0,2,0,0,0,0,0,0,5406,0,3510,1896,0
12667,16.654334,16.473757,10.110908,0.000000,6.435875,6.334985,0.100765,0.077000,0.016000,0.500375,629,8088432,71610,0,2,0,2,0,0,0,0,0,0,5406,0,3510,1896,0
12668,16.227291,16.042488,9.807906,0.000000,6.283417,6.188319,0.094889,0.050875,0.012250,0.819417,640,8107076,70289,0,2,0,2,0,0,0,0,0,0,7208,0,4680,2528,0
12669,16.652500,16.536162,9.984509,0.000000,7.374916,7.374151,0.000640,0.059250,0.012417,0.637459,631,8107226,74601,0,2,0,2,0,0,0,0,0,0,5406,0,3510,1896,0
12670,17.006334,16.927852,9.731707,0.000000,7.679584,7.578527,0.100598,0.080625,0.033708,0.464292,632,8122756,72671,0,2,0,2,0,0,0,0,0,0,5406,0,3510,1896,0
12671,16.299458,16.146173,9.788790,0.000000,7.000543,6.891819,0.108515,0.056500,0.013167,0.751291,638,8091592,70381,0,2,0,2,0,0,0,0,0,0,7208,0,4680,2528,0
12672,16.528083,16.473405,9.434951,0.000000,7.641374,7.595568,0.045723,0.073167,0.014250,0.300333,633,8122768,75232,0,2,0,2,0,0,0,0,0,0,5406,0,3510,1896,0
12673,16.519584,16.393295,9.011827,0.000000,7.935333,7.843152,0.092056,0.059500,0.037125,0.920208,629,8107261,71669,0,2,0,2,0,0,0,0,0,0,5406,0,3510,1896,0
12674,16.723500,16.586292,9.355598,0.000000,8.024583,8.023027,0.001473,0.036750,0.010708,0.639000,639,8091633,71383,0,2,0,2,0,0,0,0,0,0,7208,0,4680,2528,0
12675,16.727666,16.611884,9.369165,0.000000,7.819790,7.744776,0.074931,0.032667,0.010000,0.907042,630,8107266,74569,0,2,0,2,0,0,0,0,0,0,5406,0,3510,1896,0
12676,16.747709,16.638838,9.112370,0.000000,8.094499,7.983693,0.110723,0.039625,0.047625,0.301292,630,8107307,72408,0,2,0,2,0,0,0,0,0,0,5406,0,3510,1896,0
12677,16.513708,16.407509,9.047837,0.000000,7.938541,7.840277,0.098181,0.030000,0.034208,0.903000,641,8107034,70317,0,2,0,2,0,0,0,0,0,0,7208,0,4680,2528,0
12678,17.158500,17.118671,9.654174,0.000000,7.957709,7.887402,0.070140,0.118042,0.020708,0.946458,631,8138186,75857,0,2,0,2,0,0,0,0,0,0,5406,0,3510,1896,0
12679,16.820792,16.628374,9.667488,0.000000,7.406709,7.306069,0.100515,0.068416,0.013709,0.305667,644,8076410,71115,0,2,0,2,0,0,0,0,0,0,5406,0,3510,1896,0
12680,16.574666,16.525885,9.680777,0.000000,7.407792,7.290361,0.117264,0.090167,0.018792,0.755707,635,8122529,71910,0,2,0,2,0,0,0,0,0,0,7208,0,4680,2528,0
12681,16.563250,16.377210,9.805722,0.000000,7.106083,7.077652,0.028056,0.063750,0.033000,0.311583,630,8091896,72999,0,2,0,2,0,0,0,0,0,0,5406,0,3510,1896,0
12682,16.682417,16.569262,9.912123,0.000000,7.354084,7.353027,0.000890,0.066333,0.013292,0.907418,631,8107251,72410,0,2,0,2,0,0,0,0,0,0,5406,0,3510,1896,0
12683,17.617083,17.607299,11.543925,0.000000,6.230000,6.152152,0.077348,0.122542,0.026000,0.306958,641,8138000,73766,0,2,0,2,0,0,0,0,0,0,7208,0,4680,2528,0
12684,16.488709,16.349387,10.414508,0.000000,6.373792,6.297485,0.076015,0.119041,0.017584,0.754875,632,8091821,71787,0,2,0,2,0,0,0,0,0,0,5406,0,3510,1896,0
12685,16.082041,15.887784,9.752631,0.000000,6.825707,6.718235,0.107306,0.052750,0.013000,0.605042,628,8091884,71757,0,2,0,2,0,0,0,0,0,0,5406,0,3510,1896,0
12686,16.388792,16.283509,9.688804,0.000000,7.264167,7.207027,0.057098,0.041625,0.034625,0.445792,638,8107096,72483,0,2,0,2,0,0,0,0,0,0,7208,0,4680,2528,0
12687,16.561917,16.452588,9.059794,0.000000,7.928541,7.859693,0.068765,0.045958,0.025708,0.917333,631,8107277,72412,0,2,0,2,0,0,0,0,0,0,5406,0,3510,1896,0
12688,16.768958,16.660786,9.590164,0.000000,7.894667,7.893944,0.000598,0.036000,0.008500,0.299583,639,8122860,71139,0,2,0,2,0,0,0,0,0,0,7124,0,4596,2528,0
12689,16.797042,16.713529,9.684179,0.000000,7.599666,7.534360,0.065223,0.077583,0.020542,0.608584,631,8106950,74423,0,2,0,2,0,0,0,0,0,0,5490,0,3594,1896,0
12690,16.677375,16.506253,9.376803,0.000000,7.598125,7.578985,0.019057,0.049583,0.011833,0.304042,628,8091903,71710,0,2,0,2,0,0,0,0,0,0,5406,0,3510,1896,0
12691,16.703208,16.590548,9.437379,0.000000,7.648583,7.570319,0.078181,0.110167,0.041833,0.770791,641,8107027,68084,0,2,0,2,0,0,0,0,0,0,7208,0,4680,2528,0
12692,18.294833,18.210343,12.717130,0.000000,6.060041,6.053819,0.005806,0.093875,0.013000,0.625459,632,8122738,79597,0,2,0,2,0,0,0,0,0,0,5406,0,3510,1896,0
12693,15.015917,14.837032,9.418953,0.000000,5.912500,5.871110,0.041265,0.061417,0.013625,0.469875,630,8091853,71737,0,2,0,2,0,0,0,0,0,0,5406,0,3510,1896,0
12694,17.280167,17.294019,10.029630,0.000000,7.698499,7.592485,0.105848,0.144541,0.023709,0.654708,642,8138114,71613,0,2,0,2,0,0,0,0,0,0,7208,0,4680,2528,0
12695,16.158750,15.909584,10.077714,0.000000,6.500000,6.422819,0.077056,0.052333,0.025458,0.308666,625,8076267,73269,0,2,0,2,0,0,0,0,0,0,5406,0,3510,1896,0
12696,16.467291,16.359120,9.288972,0.000000,7.666959,7.593985,0.072890,0.043709,0.009750,0.782833,631,8107302,72444,0,2,0,2,0,0,0,0,0,0,5406,0,3510,1896,0
12697,16.740917,16.626633,9.049956,0.000000,8.107542,7.997110,0.110265,0.040792,0.009916,0.657500,638,8107075,70308,0,2,0,2,0,0,0,0,0,0,7208,0,4680,2528,0
12698,16.764208,16.655214,9.470699,0.000000,7.769000,7.696527,0.072431,0.041417,0.011167,0.964625,631,8107302,74563,0,2,0,2,0,0,0,0,0,0,5406,0,3510,1896,0
12699,16.760542,16.648432,9.360558,0.000000,7.835625,7.763485,0.072015,0.042875,0.017000,0.302834,629,8107367,72419,0,2,0,2,0,0,0,0,0,0,5406,0,3510,1896,0
12700,16.402458,16.283752,9.435474,0.000000,7.677292,7.650236,0.026931,0.043084,0.010875,0.770459,636,8107010,70283,0,2,0,2,0,0,0,0,0,0,7208,0,4680,2528,0
12701,16.670584,16.555126,9.304334,0.000000,7.791500,7.711486,0.079848,0.034875,0.009708,0.406208,632,8107300,74630,0,2,0,2,0,0,0,0,0,0,5406,0,3510,1896,0
12702,16.929291,16.822847,9.231340,0.000000,7.994083,7.917318,0.076640,0.044292,0.012250,0.890583,631,8107379,71730,0,2,0,2,0,0,0,0,0,0,5406,0,3510,1896,0
12703,17.336125,17.233502,10.014661,0.000000,7.732625,7.620027,0.112348,0.087625,0.033125,1.019833,641,8107021,71960,0,2,0,2,0,0,0,0,0,0,7208,0,4680,2528,0
12704,16.208709,16.102795,10.323783,0.000000,6.483749,6.406110,0.077514,0.046250,0.011666,0.291375,631,8111437,74775,0,2,0,2,0,0,0,0,0,0,5406,0,3510,1896,0
12705,16.491416,16.360416,9.409452,0.000000,7.507083,7.430693,0.076307,0.046625,0.017375,0.952917,628,8103133,72235,0,2,0,2,0,0,0,0,0,0,5406,0,3510,1896,0
12706,16.877084,16.769206,9.349425,0.000000,7.959124,7.860777,0.098181,0.098375,0.014333,0.482709,640,8107093,70323,0,2,0,2,0,0,0,0,0,0,7208,0,4680,2528,0
12707,16.909833,16.796631,10.549259,0.000000,6.845541,6.738652,0.106431,0.063250,0.013875,0.603583,632,8107317,74567,0,2,0,2,0,0,0,0,0,0,5406,0,3510,1896,0
12708,16.540792,16.478887,10.128922,0.000000,6.934458,6.907485,0.026890,0.085291,0.034584,0.601333,632,8122797,72867,0,2,0,2,0,0,0,0,0,0,5406,0,3510,1896,0
12709,17.175666,17.043746,11.095530,0.000000,6.647292,6.644902,0.002223,0.083584,0.022708,0.290916,640,8099975,70176,0,2,0,2,0,0,0,0,0,0,7208,0,4680,2528,0
12710,16.341500,16.256746,10.469791,0.000000,6.138332,6.137610,0.000556,0.101959,0.013125,1.032125,631,8114328,74556,0,2,0,2,0,0,0,0,0,0,5406,0,3510,1896,0
12711,16.416584,16.233774,10.490663,0.000000,6.685042,6.677652,0.007181,0.057250,0.031500,0.486250,630,8091832,72378,0,2,0,2,0,0,0,0,0,0,5406,0,3510,1896,0
12712,17.559041,17.409959,11.048521,0.000000,6.776959,6.719610,0.057140,0.101334,0.015458,0.623500,640,8107017,70298,0,2,0,2,0,0,0,0,0,0,7208,0,4680,2528,0
12713,16.301334,16.235296,10.507792,0.000000,5.670001,5.611319,0.058265,0.115083,0.014792,0.302125,632,8122762,75184,0,2,0,2,0,0,0,0,0,0,5406,0,3510,1896,0
12714,16.485333,16.333217,10.512264,0.000000,6.226333,6.158151,0.067974,0.080167,0.014416,0.964666,629,8107298,72474,0,2,0,2,0,0,0,0,0,0,5406,0,3510,1896,0
12715,16.678875,16.505001,10.408676,0.000000,6.996542,6.995861,0.000348,0.071083,0.013375,0.311541,639,8091575,69659,0,2,0,2,0,0,0,0,0,0,7208,0,4680,2528,0
12716,16.467333,16.346461,10.874476,0.000000,6.386667,6.378235,0.008265,0.061042,0.011375,0.633042,633,8107322,74566,0,2,0,2,0,0,0,0,0,0,5406,0,3510,1896,0
12717,16.757042,16.668117,9.939247,0.000000,7.311833,7.245110,0.066598,0.077292,0.021375,0.623292,630,8111800,72602,0,2,0,2,0,0,0,0,0,0,5406,0,3510,1896,0
12718,16.482750,16.320451,10.596692,0.000000,4.937249,4.936860,0.000181,0.062417,0.023125,0.302292,640,8102516,70094,0,2,0,2,0,0,0,0,0,0,7208,0,4680,2528,0
12719,16.551333,16.465222,10.456164,0.000000,6.696001,6.695653,0.000264,0.076834,0.022916,1.160417,632,8124576,74965,0,2,0,2,0,0,0,0,0,0,5406,0,3510,1896,0
12720,16.546459,16.397512,10.272586,0.000000,7.583959,7.575777,0.008099,0.037333,0.009208,0.304750,629,8090121,72319,0,2,0,2,0,0,0,0,0,0,5406,0,3510,1896,0
12721,16.557416,16.442938,9.281847,0.000000,7.757000,7.750902,0.005973,0.041625,0.010334,0.782167,639,8106959,70359,0,2,0,2,0,0,0,0,0,0,7208,0,4680,2528,0
12722,17.294875,17.270141,9.805176,0.000000,7.797000,7.772110,0.024515,0.082667,0.036167,0.318084,633,8122733,73817,0,2,0,2,0,0,0,0,0,0,5406,0,3510,1896,0
12723,17.324667,17.183864,11.342662,0.000000,5.874500,5.796610,0.077557,0.099458,0.016750,0.580458,629,8107286,78936,0,2,0,2,0,0,0,0,0,0,5406,0,3510,1896,0
12724,16.789167,16.601449,11.028968,0.000000,5.207292,5.158819,0.047765,0.086791,0.016834,0.586541,638,8091607,69714,0,2,0,2,0,0,0,0,0,0,7208,0,4680,2528,0
12725,16.575750,16.490587,12.171588,0.000000,4.241625,4.236236,0.004889,0.090291,0.017042,0.289667,631,8122762,75313,0,2,0,2,0,0,0,0,0,0,5406,0,3510,1896,0
12726,16.332791,16.139634,10.920759,0.000000,5.622084,5.591902,0.030015,0.074542,0.021208,0.580000,631,8091824,71758,0,2,0,2,0,0,0,0,0,0,5406,0,3510,1896,0
12727,16.455000,16.323819,11.135577,0.000000,6.125624,6.101985,0.023473,0.069500,0.029084,0.659666,641,8107130,70219,0,2,0,2,0,0,0,0,0,0,7208,0,4680,2528,0
12728,16.655292,16.531740,11.574377,0.000000,5.949918,5.949653,0.000098,0.051458,0.020375,0.900166,631,8108183,74772,0,2,0,2,0,0,0,0,0,0,5406,0,3510,1896,0
12729,16.594583,16.464631,11.029537,0.000000,6.370124,6.365818,0.004223,0.046584,0.019833,0.607250,628,8106400,72333,0,2,0,2,0,0,0,0,0,0,5406,0,3510,1896,0
12730,16.076000,15.947922,10.122647,0.000000,6.719375,6.703860,0.015473,0.029042,0.018708,1.308084,640,8106973,69678,0,2,0,2,0,0,0,0,0,0,7208,0,4680,2528,0
12731,17.011709,16.876879,10.267041,0.000000,7.338958,7.318153,0.020722,0.062083,0.014500,0.446459,632,8107308,76241,0,2,0,2,0,0,0,0,0,0,5406,0,3510,1896,0
12732,16.706500,16.591751,10.095815,0.000000,7.295542,7.236402,0.059056,0.041916,0.010334,0.955541,646,8107294,72400,0,2,0,2,0,0,0,0,0,0,5406,0,3510,1896,0
12733,17.243541,17.142243,10.955874,0.000000,6.970333,6.928735,0.041223,0.072709,0.020958,0.581958,638,8112504,72136,0,2,0,2,0,0,0,0,0,0,7208,0,4680,2528,0
12734,16.344250,16.195601,10.554555,0.000000,6.539542,6.531986,0.007390,0.052209,0.012541,0.612541,631,8101880,72801,0,2,0,2,0,0,0,0,0,0,5406,0,3510,1896,0
12735,16.708375,16.657831,10.060214,0.000000,7.367500,7.287693,0.079724,0.073167,0.025417,0.688500,632,8122772,73038,0,2,0,2,0,0,0,0,0,0,5406,0,3510,1896,0
12736,17.047875,16.875086,10.303910,0.000000,7.335292,7.263319,0.071890,0.059875,0.012334,0.607250,637,8091602,71867,0,2,0,2,0,0,0,0,0,0,7208,0,4680,2528,0
12737,15.992792,15.871662,10.188112,0.000000,6.590708,6.571152,0.019472,0.036375,0.010875,0.911375,632,8107293,72395,0,2,0,2,0,0,0,0,0,0,5406,0,3510,1896,0
12738,16.934625,16.908634,10.043311,0.000000,7.583666,7.501026,0.082307,0.092500,0.032292,0.445333,633,8122883,72890,0,2,0,2,0,0,0,0,0,0,6015,0,3607,2408,0
12739,16.770792,16.572707,10.245386,0.000000,7.117084,7.054194,0.062765,0.063958,0.020750,0.909584,637,8091511,72000,0,2,0,2,0,0,0,0,0,0,6599,0,4583,2016,0
12740,16.457083,16.335624,10.325732,0.000000,6.802167,6.794569,0.007431,0.043667,0.017250,0.891666,628,8107285,72437,0,2,0,2,0,0,0,0,0,0,5406,0,3510,1896,0
12741,16.869250,16.765519,10.145107,0.000000,7.585709,7.585194,0.000265,0.072250,0.020958,0.607042,638,8122832,71146,0,2,0,2,0,0,0,0,0,0,7208,0,4680,2528,0
12742,17.539167,17.412330,11.148623,0.000000,6.779166,6.469694,0.309264,0.050666,0.011459,0.593501,634,8091548,73722,0,2,0,2,0,0,0,0,0,0,5406,0,3510,1896,0
12743,15.474833,15.323343,10.082135,0.000000,6.062918,6.054528,0.008348,0.047167,0.010416,0.295750,629,8107378,72425,0,2,0,2,0,0,0,0,0,0,5406,0,3510,1896,0
12744,17.224917,17.190315,9.854129,0.000000,7.885584,7.812652,0.072765,0.102458,0.040917,0.735083,641,8122463,70985,0,2,0,2,0,0,0,0,0,0,7208,0,4680,2528,0
12745,16.653250,16.481706,10.483243,0.000000,6.820874,6.807735,0.012973,0.071625,0.019541,0.628083,628,8091847,73954,0,2,0,2,0,0,0,0,0,0,5406,0,3510,1896,0
12746,16.562458,16.449579,10.088739,0.000000,7.167917,7.167444,0.000181,0.059292,0.023333,0.733625,631,8107309,72430,0,2,0,2,0,0,0,0,0,0,5406,0,3510,1896,0
12747,16.799083,16.684001,10.657584,0.000000,6.836416,6.810818,0.025348,0.054875,0.019959,0.738000,638,8107054,70207,0,2,0,2,0,0,0,0,0,0,7208,0,4680,2528,0
12748,16.568667,16.447881,10.856807,0.000000,6.441709,6.431486,0.010014,0.058625,0.011208,0.444042,631,8107289,74685,0,2,0,2,0,0,0,0,0,0,5406,0,3510,1896,0
12749,16.195042,16.069881,10.038345,0.000000,6.861541,6.861194,0.000264,0.035000,0.026375,0.920166,650,8106951,73047,0,2,0,2,0,0,0,0,0,0,7441,0,3510,3931,0
12750,16.842625,16.667499,9.331002,0.000000,7.975501,7.910694,0.064724,0.025166,0.006334,0.453875,636,8091708,69730,0,2,0,2,0,0,0,0,0,0,7208,0,4680,2528,0
12751,16.879250,16.824091,10.847502,0.000000,7.135334,7.135111,0.000139,0.040000,0.026541,0.760125,632,8122702,75244,0,2,0,2,0,0,0,0,0,0,5406,0,3510,1896,0
12752,16.853083,16.791544,10.351249,0.000000,7.159584,7.152403,0.006889,0.096750,0.033000,0.289459,631,8122721,73036,0,2,0,2,0,0,0,0,0,0,5406,0,3510,1896,0
12753,16.646208,16.479756,9.903413,0.000000,7.372917,7.281152,0.091348,0.060792,0.018083,0.738708,636,8091653,69697,0,2,0,2,0,0,0,0,0,0,7208,0,4680,2528,0
12754,16.593000,16.495542,10.167042,0.000000,7.122166,7.083402,0.038514,0.072542,0.022708,0.478458,632,8107290,74627,0,2,0,2,0,0,0,0,0,0,5406,0,3510,1896,0
12755,16.503667,16.379128,9.591093,0.000000,7.448292,7.394402,0.053848,0.044917,0.026750,0.751750,629,8107291,72425,0,2,0,2,0,0,0,0,0,0,5406,0,3510,1896,0
12756,16.891042,16.780346,10.303628,0.000000,7.752709,7.747651,0.004724,0.070375,0.020208,0.737750,640,8107091,70307,0,2,0,2,0,0,0,0,0,0,7208,0,4680,2528,0
12757,16.503000,16.396418,10.672317,0.000000,7.304166,7.303777,0.000223,0.045500,0.013083,0.291750,632,8109672,74710,0,2,0,2,0,0,0,0,0,0,5406,0,3510,1896,0
12758,16.641208,16.579245,9.531580,0.000000,7.622833,7.600444,0.022306,0.074250,0.017583,0.757041,631,8120382,72999,0,2,0,2,0,0,0,0,0,0,5406,0,3510,1896,0
12759,16.833292,16.652378,9.827002,0.000000,7.445291,7.418068,0.027057,0.050250,0.012250,0.473542,638,8091608,68867,0,2,0,2,0,0,0,0,0,0,7208,0,4680,2528,0
12760,16.635416,16.517002,10.898578,0.000000,6.397333,6.397069,0.000181,0.053917,0.018708,0.742000,630,8107330,76399,0,2,0,2,0,0,0,0,0,0,5406,0,3510,1896,0
12761,16.818667,16.691586,10.431746,0.000000,6.914334,6.911944,0.002098,0.046125,0.017833,0.302625,631,8107270,72437,0,2,0,2,0,0,0,0,0,0,5406,0,3510,1896,0
12762,16.256833,16.136131,9.839534,0.000000,7.016459,6.971610,0.044724,0.045917,0.011542,0.756084,637,8107097,70283,0,2,0,2,0,0,0,0,0,0,7208,0,4680,2528,0
12763,17.252292,17.136806,9.962826,0.000000,7.648333,7.606819,0.041306,0.073417,0.012208,0.605375,629,8107368,74642,0,2,0,2,0,0,0,0,0,0,5406,0,3510,1896,0
12764,16.928083,16.825665,10.463122,0.000000,6.885501,6.874903,0.009848,0.094000,0.016500,0.497083,630,8107201,72436,0,2,0,2,0,0,0,0,0,0,5406,0,3510,1896,0
12765,15.969625,15.849808,9.797876,0.000000,6.776875,6.707235,0.069515,0.054834,0.027250,0.686500,637,8107041,70306,0,2,0,2,0,0,0,0,0,0,7208,0,4680,2528,0
12766,16.891875,16.779457,9.781675,0.000000,7.532542,7.466319,0.066098,0.062167,0.013250,0.448042,633,8107323,74629,0,2,0,2,0,0,0,0,0,0,5406,0,3510,1896,0
12767,16.622834,16.507000,9.772340,0.000000,7.412167,7.373528,0.038306,0.054833,0.014500,0.868125,630,8107353,72045,0,2,0,2,0,0,0,0,0,0,5406,0,3510,1896,0
12768,16.607375,16.497747,9.557126,0.000000,7.508001,7.425443,0.082474,0.049416,0.030000,0.332375,638,8106964,71003,0,2,0,2,0,0,0,0,0,0,7208,0,4680,2528,0
12769,16.732708,16.612198,10.309503,0.000000,7.391167,7.390736,0.000306,0.049333,0.011292,0.824708,632,8107295,74587,0,2,0,2,0,0,0,0,0,0,5406,0,3510,1896,0
12770,16.655292,16.546668,9.509917,0.000000,7.627918,7.561528,0.066265,0.040250,0.030541,0.298584,630,8107297,72481,0,2,0,2,0,0,0,0,0,0,5406,0,3510,1896,0
12771,16.580125,16.470873,9.324209,0.000000,7.819500,7.736110,0.083306,0.036166,0.008750,0.772792,640,8107058,70298,0,2,0,2,0,0,0,0,0,0,7208,0,4680,2528,0
12772,16.813083,16.699292,9.746501,0.000000,7.529458,7.494985,0.034307,0.039292,0.016666,0.913833,631,8107283,74594,0,2,0,2,0,0,0,0,0,0,5406,0,3510,1896,0
12773,16.697000,16.581747,9.523204,0.000000,7.672749,7.587569,0.085014,0.047792,0.017958,0.528334,631,8107297,72477,0,2,0,2,0,0,0,0,0,0,5406,0,3510,1896,0
12774,16.701500,16.588015,9.929162,0.000000,7.226042,7.159568,0.066307,0.047792,0.010958,0.677667,640,8107116,70289,0,2,0,2,0,0,0,0,0,0,7208,0,4680,2528,0
12775,16.487833,16.374552,9.875198,0.000000,7.322251,7.320569,0.001598,0.048625,0.012292,0.491500,632,8107227,74639,0,2,0,2,0,0,0,0,0,0,5406,0,3510,1896,0
12776,16.864625,16.752682,9.619757,0.000000,7.739084,7.680986,0.058015,0.042542,0.010708,0.656291,632,8107304,72436,0,2,0,2,0,0,0,0,0,0,5406,0,3510,1896,0
12777,16.664000,16.571196,9.514840,0.000000,7.678959,7.595277,0.083557,0.048667,0.010375,0.315667,638,8111572,70476,0,2,0,2,0,0,0,0,0,0,7208,0,4680,2528,0
12778,16.634667,16.497339,9.760501,0.000000,7.399250,7.369236,0.029931,0.040958,0.012125,0.757208,632,8102778,74462,0,2,0,2,0,0,0,0,0,0,5406,0,3510,1896,0
12779,16.601667,16.477637,9.780596,0.000000,7.617500,7.615902,0.001514,0.045333,0.009667,0.759499,631,8107279,72395,0,2,0,2,0,0,0,0,0,0,5406,0,3510,1896,0
12780,16.706208,16.591934,9.397351,0.000000,7.771958,7.690693,0.081140,0.048167,0.009708,0.448042,640,8107073,70335,0,2,0,2,0,0,0,0,0,0,7208,0,4680,2528,0
12781,16.712833,16.594042,9.650232,0.000000,7.521875,7.488693,0.033015,0.051292,0.013667,0.928875,630,8107287,74637,0,2,0,2,0,0,0,0,0,0,5406,0,3510,1896,0
12782,16.791917,16.681755,9.563041,0.000000,7.704250,7.625652,0.078556,0.036458,0.009084,0.314125,630,8107366,72426,0,2,0,2,0,0,0,0,0,0,5406,0,3510,1896,0
12783,16.480833,16.369246,9.305607,0.000000,7.667916,7.604943,0.062890,0.038709,0.008916,0.771083,640,8107030,70296,0,2,0,2,0,0,0,0,0,0,7208,0,4680,2528,0
12784,16.800750,16.694702,9.404103,0.000000,7.854376,7.781694,0.072598,0.032500,0.006084,0.643584,631,8107234,74640,0,2,0,2,0,0,0,0,0,0,5406,0,3510,1896,0
12785,16.719709,16.665322,10.178414,0.000000,7.921501,7.920986,0.000390,0.079125,0.035041,0.774875,642,8122740,73083,0,2,0,2,0,0,0,0,0,0,5406,0,3510,1896,0
12786,16.685375,16.531310,9.444719,0.000000,7.743958,7.646985,0.096932,0.042500,0.019375,0.322500,639,8095537,71409,0,2,0,2,0,0,0,0,0,0,7208,0,4680,2528,0
12787,16.709750,16.582461,9.305527,0.000000,7.832584,7.771152,0.061307,0.038958,0.010625,0.802833,629,8103399,72865,0,2,0,2,0,0,0,0,0,0,5406,0,3510,1896,0
12788,16.689583,16.585078,9.234765,0.000000,7.886417,7.796194,0.090098,0.046792,0.012625,0.678417,630,8107398,71776,0,2,0,2,0,0,0,0,0,0,5406,0,3510,1896,0
12789,16.952625,16.846221,9.775275,0.000000,7.672917,7.585068,0.087640,0.055500,0.016958,0.315917,639,8106986,71905,0,2,0,2,0,0,0,0,0,0,7208,0,4680,2528,0
12790,16.632917,16.525084,10.096163,0.000000,7.127668,7.038111,0.089390,0.051958,0.012208,0.787043,630,8107294,76782,0,2,0,2,0,0,0,0,0,0,5406,0,3510,1896,0
12791,16.779541,16.726913,9.714090,0.000000,7.526875,7.439152,0.087390,0.091625,0.014000,0.297125,633,8122749,72824,0,2,0,2,0,0,0,0,0,0,6282,0,3873,2408,0
12792,17.028417,16.854293,10.976395,0.000000,7.092709,7.080694,0.011723,0.084833,0.020834,0.655042,637,8091621,72067,0,2,0,2,0,0,0,0,0,0,6332,0,4317,2016,0
12793,16.219625,16.104603,9.850921,0.000000,6.956208,6.878527,0.077348,0.048708,0.042834,0.305334,631,8107306,72475,0,2,0,2,0,0,0,0,0,0,5406,0,3510,1896,0
12794,16.700417,16.580272,10.053330,0.000000,7.192416,7.114278,0.077972,0.041458,0.017083,0.596250,639,8122960,71098,0,2,0,2,0,0,0,0,0,0,7208,0,4680,2528,0
12795,16.471041,16.362260,10.094742,0.000000,7.053375,6.982110,0.071057,0.054459,0.013541,0.668542,631,8091422,73838,0,2,0,2,0,0,0,0,0,0,5406,0,3510,1896,0
12796,16.896292,16.775493,9.893836,0.000000,7.411334,7.342152,0.069098,0.053042,0.012291,0.302834,628,8107288,72437,0,2,0,2,0,0,0,0,0,0,5406,0,3510,1896,0
12797,16.717500,16.608943,10.020471,0.000000,7.257083,7.172444,0.084139,0.049833,0.021334,0.677208,639,8107122,70293,0,2,0,2,0,0,0,0,0,0,7208,0,4680,2528,0
12798,16.621167,16.511222,9.824929,0.000000,7.339292,7.272610,0.066557,0.047458,0.019000,0.351125,630,8107309,74624,0,2,0,2,0,0,0,0,0,0,5406,0,3510,1896,0
12799,16.496791,16.366644,9.590780,0.000000,7.388334,7.325736,0.062515,0.041917,0.015333,0.674709,632,8107298,72370,0,2,0,2,0,0,0,0,0,0,5406,0,3510,1896,0
12800,16.848750,16.744270,10.039557,0.000000,7.345834,7.245278,0.099806,0.052459,0.010625,0.303333,637,8107024,70390,0,2,0,2,0,0,0,0,0,0,7208,0,4680,2528,0
12801,16.663334,16.576972,11.210185,0.000000,6.639166,6.638776,0.000306,0.052708,0.011000,0.620875,631,8107300,74627,0,2,0,2,0,0,0,0,0,0,5406,0,3510,1896,0
12802,16.548875,16.408702,9.783123,0.000000,7.233958,7.192819,0.040889,0.055875,0.014166,0.662291,631,8107294,72426,0,2,0,2,0,0,0,0,0,0,5406,0,3510,1896,0
12803,16.905375,16.788293,9.978150,0.000000,7.416209,7.323653,0.092306,0.052583,0.011250,0.290750,638,8107146,70298,0,2,0,2,0,0,0,0,0,0,7208,0,4680,2528,0
12804,16.749333,16.631131,10.548700,0.000000,6.767667,6.724777,0.042765,0.069583,0.015042,0.672542,631,8107234,74647,0,2,0,2,0,0,0,0,0,0,5406,0,3510,1896,0
12805,16.413250,16.299594,9.711205,0.000000,7.214917,7.176985,0.037848,0.046625,0.012833,0.445083,630,8107297,72426,0,2,0,2,0,0,0,0,0,0,5406,0,3510,1896,0
12806,17.073333,16.917608,10.797324,0.000000,6.315541,6.292527,0.022806,0.124834,0.029375,0.604043,636,8107085,70310,0,2,0,2,0,0,0,0,0,0,7208,0,4680,2528,0
12807,16.416042,16.315293,10.801755,0.000000,6.097291,6.061527,0.035681,0.089458,0.031500,0.299125,630,8122735,75155,0,2,0,2,0,0,0,0,0,0,5406,0,3510,1896,0
12808,16.818000,16.641426,9.944605,0.000000,7.325459,7.299027,0.025932,0.075667,0.014750,0.761333,630,8091894,71896,0,2,0,2,0,0,0,0,0,0,5406,0,3510,1896,0
12809,19.557292,19.350259,13.092459,0.000000,6.808792,6.762569,0.045848,0.103958,0.014792,0.602376,638,8091625,69644,0,2,0,2,0,0,0,0,0,0,7208,0,4680,2528,0
12810,15.939333,15.801291,13.713726,0.000000,0.001208,0.000000,0.000000,0.112542,0.023666,0.338875,631,8123487,75341,0,2,0,2,0,0,0,0,0,0,5406,0,3510,1896,0
12811,21.536417,21.369041,14.081584,0.000000,0.001125,0.000000,0.000000,0.115583,0.016833,0.595417,631,8106534,72389,0,2,0,2,0,0,0,0,0,0,5406,0,3510,1896,0
12812,11.613250,11.510338,11.079916,0.000000,0.003460,0.000000,0.000000,0.148500,0.032625,0.319708,638,8107086,70262,0,2,0,2,0,0,0,0,0,0,7208,0,4680,2528,0
12813,16.809875,16.707576,14.237380,0.000000,0.467335,0.454861,0.011598,0.127791,0.079292,0.619709,632,8122758,75321,0,2,0,2,0,0,0,0,0,0,5406,0,3510,1896,0
12814,16.464625,16.233082,14.241172,0.000000,1.554375,1.553444,0.000056,0.100250,0.025208,0.314625,632,8107294,72433,0,2,0,2,0,0,0,0,0,0,5406,0,3510,1896,0
12815,15.148541,14.954332,11.376422,0.000000,3.819166,3.818694,0.000097,0.082584,0.016208,0.630166,634,8096804,69876,0,2,0,2,0,0,0,0,0,0,7208,0,4680,2528,0
12816,16.911167,16.741337,12.018408,0.000000,4.999083,4.998693,0.000265,0.071083,0.022459,0.310625,631,8102141,74050,0,2,0,2,0,0,0,0,0,0,5406,0,3510,1896,0
12817,16.208000,16.066838,11.457397,0.000000,4.961834,4.961069,0.000557,0.053000,0.013083,0.774458,632,8107263,72364,0,2,0,2,0,0,0,0,0,0,5406,0,3510,1896,0
12818,16.934417,16.814049,12.019909,0.000000,5.486750,5.470777,0.015848,0.062041,0.016084,0.852167,640,8107049,72011,0,2,0,2,0,0,0,0,0,0,7208,0,4680,2528,0
12819,16.587250,16.431539,11.854182,0.000000,5.176875,5.176610,0.000182,0.047916,0.013250,0.465916,632,8107329,74602,0,2,0,2,0,0,0,0,0,0,5406,0,3510,1896,0
12820,16.514958,16.401696,11.462815,0.000000,5.888502,5.887861,0.000557,0.086250,0.023875,0.928209,630,8107284,72466,0,2,0,2,0,0,0,0,0,0,5406,0,3510,1896,0
12821,16.430250,16.261645,11.207953,0.000000,6.076374,6.055444,0.020847,0.043333,0.019792,0.289042,641,8107019,70295,0,2,0,2,0,0,0,0,0,0,7208,0,4680,2528,0
12822,16.841042,16.644760,11.480623,0.000000,6.357417,6.356943,0.000307,0.044458,0.019083,0.672042,628,8091866,73893,0,2,0,2,0,0,0,0,0,0,5406,0,3510,1896,0
12823,16.656958,16.595956,11.078455,0.000000,6.317625,6.302319,0.015181,0.041542,0.009250,0.338791,633,8122726,73169,0,2,0,2,0,0,0,0,0,0,5406,0,3510,1896,0
12824,16.515333,16.380035,10.652527,0.000000,6.513125,6.512611,0.000348,0.057209,0.012125,0.738291,639,8107058,70306,0,2,0,2,0,0,0,0,0,0,7208,0,4680,2528,0
12825,16.766459,16.628723,11.126721,0.000000,6.329958,6.324485,0.005348,0.046083,0.018875,0.308375,630,8107297,74627,0,2,0,2,0,0,0,0,0,0,5406,0,3510,1896,0
12826,16.838916,16.702752,11.348385,0.000000,5.296125,5.295777,0.000140,0.049167,0.011583,0.653083,631,8107286,72434,0,2,0,2,0,0,0,0,0,0,5406,0,3510,1896,0
12827,16.663417,16.547879,11.074876,0.000000,6.295292,6.282819,0.012306,0.060917,0.020541,1.281876,641,8107048,70225,0,2,0,2,0,0,0,0,0,0,7208,0,4680,2528,0
12828,16.444417,16.306675,10.809091,0.000000,6.427791,6.421068,0.006640,0.043291,0.010459,0.469250,630,8107308,74708,0,2,0,2,0,0,0,0,0,0,5406,0,3510,1896,0
12829,16.699208,16.568703,10.218738,0.000000,7.067083,7.029444,0.037514,0.060042,0.012833,0.784584,632,8107301,72401,0,2,0,2,0,0,0,0,0,0,5406,0,3510,1896,0
12830,16.571000,16.448583,9.949748,0.000000,7.196417,7.158611,0.037764,0.039292,0.016458,0.309459,639,8107036,70337,0,2,0,2,0,0,0,0,0,0,7208,0,4680,2528,0
12831,16.803167,16.682127,10.249175,0.000000,7.073000,7.066110,0.006681,0.039708,0.015875,0.929584,630,8107317,74621,0,2,0,2,0,0,0,0,0,0,5406,0,3510,1896,0
12832,16.586375,16.468412,9.868466,0.000000,7.271416,7.208318,0.063015,0.050291,0.011292,0.301750,630,8107274,72421,0,2,0,2,0,0,0,0,0,0,5406,0,3510,1896,0
12833,17.057250,16.941156,10.275213,0.000000,7.252999,7.213985,0.038889,0.063875,0.032166,0.773375,641,8107034,70324,0,2,0,2,0,0,0,0,0,0,7208,0,4680,2528,0
12834,16.421083,16.290267,10.654085,0.000000,6.438249,6.412651,0.025515,0.039708,0.021584,0.768417,630,8107326,74625,0,2,0,2,0,0,0,0,0,0,5406,0,3510,1896,0
12835,16.829250,16.707125,10.339671,0.000000,7.267584,7.226443,0.041057,0.040625,0.011000,0.654458,631,8107272,72429,0,2,0,2,0,0,0,0,0,0,5406,0,3510,1896,0
12836,16.244000,16.121858,10.284098,0.000000,7.008041,7.007111,0.000847,0.046292,0.022750,0.628875,638,8107078,70162,0,2,0,2,0,0,0,0,0,0,7208,0,4680,2528,0
12837,16.841917,16.748459,9.673659,0.000000,7.671957,7.617193,0.054681,0.049791,0.052292,0.446500,631,8111869,74931,0,2,0,2,0,0,0,0,0,0,5406,0,3510,1896,0
12838,16.668125,16.540175,9.322523,0.000000,7.866251,7.787652,0.078557,0.045208,0.037667,0.906833,642,8102735,72273,0,2,0,2,0,0,0,0,0,0,5406,0,3510,1896,0
12839,16.686125,16.585925,9.335301,0.000000,7.768875,7.679819,0.088931,0.046875,0.010125,0.306833,638,8109265,71945,0,2,0,2,0,0,0,0,0,0,7208,0,4680,2528,0
12840,16.571666,16.444994,9.324118,0.000000,7.645917,7.597027,0.048807,0.039542,0.026083,0.851041,630,8105104,72991,0,2,0,2,0,0,0,0,0,0,5406,0,3510,1896,0
12841,16.797375,16.678571,9.497226,0.000000,7.813959,7.735319,0.078556,0.047709,0.010708,0.299000,631,8107308,72396,0,2,0,2,0,0,0,0,0,0,5406,0,3510,1896,0
12842,16.503459,16.385286,9.391791,0.000000,7.632000,7.631819,0.000139,0.038416,0.014584,0.808041,638,8107071,72463,0,2,0,2,0,0,0,0,0,0,7208,0,4680,2528,0
12843,16.739375,16.632841,8.907081,0.000000,8.181165,8.101401,0.079681,0.041833,0.009875,0.739416,632,8107301,72498,0,2,0,2,0,0,0,0,0,0,5406,0,3510,1896,0
12844,16.723083,16.611521,9.221919,0.000000,7.897542,7.815068,0.082390,0.039000,0.026542,0.479750,630,8107296,72435,0,2,0,2,0,0,0,0,0,0,5406,0,3510,1896,0
12845,16.690958,16.574029,9.237073,0.000000,7.837792,7.779486,0.058223,0.036417,0.017708,0.675959,639,8107134,72510,0,2,0,2,0,0,0,0,0,0,7208,0,4680,2528,0
12846,16.584792,16.471455,9.004269,0.000000,7.956167,7.898610,0.057474,0.045708,0.009042,0.491500,632,8107239,71735,0,2,0,2,0,0,0,0,0,0,5406,0,3510,1896,0
12847,16.956708,16.856083,9.394092,0.000000,7.997708,7.886902,0.110723,0.043917,0.044792,0.817917,636,8122751,72653,0,2,0,2,0,0,0,0,0,0,7208,0,4680,2528,0
12848,16.507167,16.397171,9.202577,0.000000,7.753999,7.663152,0.090764,0.036250,0.008292,0.312041,629,8091640,73931,0,2,0,2,0,0,0,0,0,0,5406,0,3510,1896,0
12849,16.685833,16.562070,9.104634,0.000000,8.028209,7.955360,0.072682,0.038250,0.008375,0.792125,631,8107285,72393,0,2,0,2,0,0,0,0,0,0,5406,0,3510,1896,0
12850,16.612125,16.502912,9.069864,0.000000,7.971959,7.870235,0.101640,0.043084,0.016333,0.745834,639,8107087,70373,0,2,0,2,0,0,0,0,0,0,7208,0,4680,2528,0
12851,16.785292,16.677410,9.127548,0.000000,8.037083,7.966194,0.070764,0.032875,0.006875,0.309500,632,8107432,74615,0,2,0,2,0,0,0,0,0,0,5406,0,3510,1896,0
12852,16.604042,16.491162,9.056476,0.000000,7.959584,7.884860,0.074682,0.036708,0.016042,0.723250,630,8107163,72397,0,2,0,2,0,0,0,0,0,0,5406,0,3510,1896,0
12853,16.759416,16.646016,9.097092,0.000000,8.064793,7.963611,0.101098,0.031292,0.007542,0.445292,639,8107081,70350,0,2,0,2,0,0,0,0,0,0,7208,0,4680,2528,0
12854,16.632750,16.531063,9.224491,0.000000,7.907084,7.822361,0.084640,0.039375,0.012209,0.775959,631,8107320,74627,0,2,0,2,0,0,0,0,0,0,5406,0,3510,1896,0
12855,16.759584,16.644968,9.183471,0.000000,7.980499,7.895943,0.084431,0.037333,0.010083,0.543583,632,8107290,72430,0,2,0,2,0,0,0,0,0,0,5406,0,3510,1896,0
12856,16.653583,16.549872,9.403165,0.000000,7.776208,7.680444,0.095723,0.040458,0.014042,0.793750,660,8106724,70936,0,2,0,2,0,0,0,0,0,0,9243,0,4680,4563,0
12857,16.667208,16.538788,9.476078,0.000000,7.759250,7.684235,0.074931,0.045334,0.008083,0.973584,630,8107338,74546,0,2,0,2,0,0,0,0,0,0,5406,0,3510,1896,0
12858,16.671875,16.573954,9.139230,0.000000,7.973291,7.893193,0.080057,0.033209,0.009583,0.485208,631,8107268,72535,0,2,0,2,0,0,0,0,0,0,5406,0,3510,1896,0
12859,16.682959,16.557204,9.109624,0.000000,8.017416,7.913277,0.104056,0.047083,0.020958,0.835458,639,8107247,70224,0,2,0,2,0,0,0,0,0,0,7208,0,4680,2528,0
12860,16.903791,16.787387,10.223437,0.000000,7.156208,7.090694,0.065431,0.060917,0.021042,0.299209,629,8107121,74690,0,2,0,2,0,0,0,0,0,0,5406,0,3510,1896,0
12861,16.750792,16.642338,9.481500,0.000000,7.720125,7.654735,0.065265,0.043792,0.020000,0.862042,632,8107342,72401,0,2,0,2,0,0,0,0,0,0,5406,0,3510,1896,0
12862,16.402708,16.299697,9.262794,0.000000,7.653833,7.562985,0.090723,0.039542,0.009708,0.307750,639,8107038,70285,0,2,0,2,0,0,0,0,0,0,7208,0,4680,2528,0
12863,16.758250,16.651641,9.360187,0.000000,7.815834,7.747361,0.068390,0.043000,0.034667,0.789625,631,8107327,74629,0,2,0,2,0,0,0,0,0,0,5406,0,3510,1896,0
12864,16.592959,16.475456,9.241858,0.000000,7.824792,7.750277,0.074432,0.034750,0.009541,0.304041,629,8107267,72438,0,2,0,2,0,0,0,0,0,0,5406,0,3510,1896,0
12865,16.661958,16.554628,8.993841,0.000000,7.988375,7.889110,0.099182,0.039625,0.009708,0.788625,640,8107079,69946,0,2,0,2,0,0,0,0,0,0,7208,0,4680,2528,0
12866,16.748958,16.624719,9.544236,0.000000,7.679293,7.585986,0.093223,0.049250,0.020500,1.025333,630,8107297,75263,0,2,0,2,0,0,0,0,0,0,5406,0,3510,1896,0
12867,16.679125,16.564314,9.039242,0.000000,8.030126,7.963194,0.066807,0.039125,0.019542,0.474708,631,8107298,72382,0,2,0,2,0,0,0,0,0,0,5406,0,3510,1896,0
12868,16.610375,16.507828,9.168355,0.000000,7.931000,7.926402,0.004514,0.035584,0.012166,0.746625,638,8107112,70350,0,2,0,2,0,0,0,0,0,0,7208,0,4680,2528,0
12869,16.886709,16.774834,9.612339,0.000000,7.727542,7.658069,0.069431,0.032833,0.007333,0.288417,629,8107347,74572,0,2,0,2,0,0,0,0,0,0,5406,0,3510,1896,0
12870,16.568166,16.453373,9.131416,0.000000,7.887458,7.809652,0.077723,0.032792,0.008292,0.742041,631,8107220,72464,0,2,0,2,0,0,0,0,0,0,5406,0,3510,1896,0
12871,16.635375,16.519512,9.114492,0.000000,7.995210,7.892319,0.102807,0.049375,0.019084,0.304375,639,8107043,70279,0,2,0,2,0,0,0,0,0,0,7208,0,4680,2528,0
12872,16.705417,16.591201,9.270839,0.000000,7.896125,7.823236,0.072764,0.039292,0.022125,0.784333,628,8107316,74581,0,2,0,2,0,0,0,0,0,0,5406,0,3510,1896,0
12873,16.621375,16.513010,9.164774,0.000000,7.893333,7.824193,0.069015,0.038000,0.010167,0.897791,631,8107277,72473,0,2,0,2,0,0,0,0,0,0,5406,0,3510,1896,0
12874,16.917500,16.811817,9.277335,0.000000,8.036167,7.958568,0.077515,0.058333,0.034584,0.483375,639,8107084,70303,0,2,0,2,0,0,0,0,0,0,7208,0,4680,2528,0
12875,16.758458,16.672829,10.039362,0.000000,7.302333,7.240402,0.061723,0.077125,0.013709,0.732792,628,8107264,73911,0,2,0,2,0,0,0,0,0,0,5406,0,3510,1896,0
12876,16.878709,16.797116,10.168256,0.000000,7.127000,7.073443,0.053390,0.070875,0.023541,0.305750,632,8107286,74096,0,2,0,2,0,0,0,0,0,0,5406,0,3510,1896,0
12877,16.415250,16.304033,9.692366,0.000000,7.366208,7.365902,0.000181,0.084375,0.023375,0.605833,642,8122491,70917,0,2,0,2,0,0,0,0,0,0,7208,0,4680,2528,0
12878,17.982125,17.835328,11.120590,0.000000,6.946834,6.932027,0.014473,0.095708,0.032458,0.589667,632,8107295,74625,0,2,0,2,0,0,0,0,0,0,5406,0,3510,1896,0
12879,15.317291,15.145418,9.466628,0.000000,6.331041,6.233443,0.097515,0.049084,0.050666,0.625208,628,8091945,71758,0,2,0,2,0,0,0,0,0,0,5406,0,3510,1896,0
12880,16.703834,16.587995,9.273166,0.000000,7.917583,7.795443,0.122057,0.042833,0.013875,0.584292,641,8106964,70311,0,2,0,2,0,0,0,0,0,0,7208,0,4680,2528,0
12881,16.522083,16.410720,9.355292,0.000000,7.692249,7.605652,0.086472,0.036167,0.028333,0.634709,629,8107305,74634,0,2,0,2,0,0,0,0,0,0,5406,0,3510,1896,0
12882,16.777542,16.667571,9.104365,0.000000,8.097916,7.990568,0.107265,0.037458,0.011500,0.805584,630,8107275,72403,0,2,0,2,0,0,0,0,0,0,5406,0,3510,1896,0
12883,16.524000,16.401465,9.094419,0.000000,7.870125,7.769694,0.100306,0.049208,0.026125,0.448584,641,8107057,70294,0,2,0,2,0,0,0,0,0,0,7208,0,4680,2528,0
12884,16.828583,16.772541,9.368550,0.000000,7.922250,7.861069,0.061056,0.079708,0.017750,0.670416,629,8122758,75270,0,2,0,2,0,0,0,0,0,0,5406,0,3510,1896,0
12885,16.674292,16.505450,9.237788,0.000000,7.889458,7.780819,0.108556,0.035750,0.034416,0.444542,631,8091856,71766,0,2,0,2,0,0,0,0,0,0,5406,0,3510,1896,0
12886,16.609250,16.503587,9.035945,0.000000,7.971043,7.862486,0.108473,0.033041,0.007125,0.815250,639,8091592,69685,0,2,0,2,0,0,0,0,0,0,7208,0,4680,2528,0
12887,16.836208,16.714590,9.458964,0.000000,7.850959,7.764319,0.086515,0.052792,0.022875,0.301334,630,8122719,75212,0,2,0,2,0,0,0,0,0,0,5406,0,3510,1896,0
12888,16.295208,16.183664,8.890686,0.000000,7.914541,7.809860,0.104598,0.045292,0.020875,0.753208,629,8107321,70228,0,2,0,2,0,0,0,0,0,0,5406,0,3510,1896,0
12889,16.842209,16.734699,9.443330,0.000000,7.902666,7.793777,0.108764,0.037291,0.045834,0.843709,640,8107063,74423,0,2,0,2,0,0,0,0,0,0,7208,0,4680,2528,0
12890,16.961541,16.853862,9.504071,0.000000,7.923749,7.845402,0.078264,0.048917,0.018333,0.465250,631,8107355,74762,0,2,0,2,0,0,0,0,0,0,5406,0,3510,1896,0
12891,16.614500,16.501910,9.280009,0.000000,7.812333,7.707818,0.104390,0.049459,0.013541,0.673292,639,8107269,72454,0,2,0,2,0,0,0,0,0,0,5406,0,3510,1896,0
12892,16.731459,16.629779,9.365874,0.000000,7.892917,7.768902,0.123890,0.042041,0.024209,0.474833,638,8107598,71898,0,2,0,2,0,0,0,0,0,0,7208,0,4680,2528,0
12893,16.659875,16.540854,9.321780,0.000000,7.761291,7.683902,0.077306,0.048041,0.011042,0.671084,630,8106750,73028,0,2,0,2,0,0,0,0,0,0,5406,0,3510,1896,0
12894,17.674666,17.688264,10.484644,0.000000,7.591541,7.586235,0.005181,0.148084,0.017083,0.592042,632,8136132,73627,0,2,0,2,0,0,0,0,0,0,5406,0,3510,1896,0
12895,17.070459,16.839251,11.190563,0.000000,5.402500,5.401777,0.000265,0.092166,0.013875,0.305333,638,8093685,71913,0,2,0,2,0,0,0,0,0,0,7208,0,4680,2528,0
12896,15.331541,15.169131,9.489920,0.000000,6.363583,6.299111,0.064389,0.055000,0.017084,0.651042,630,8091903,71797,0,2,0,2,0,0,0,0,0,0,5406,0,3510,1896,0
12897,16.515375,16.418795,9.095554,0.000000,7.879166,7.780068,0.099015,0.041000,0.010750,0.486084,630,8111811,72602,0,2,0,2,0,0,0,0,0,0,5406,0,3510,1896,0
12898,16.697667,16.576213,9.102118,0.000000,8.007375,7.931777,0.075515,0.038042,0.013625,0.778958,639,8102533,72283,0,2,0,2,0,0,0,0,0,0,7208,0,4680,2528,0
12899,16.705333,16.592598,9.098020,0.000000,8.005375,7.930194,0.075056,0.041042,0.009917,0.302333,631,8107283,72383,0,2,0,2,0,0,0,0,0,0,5406,0,3510,1896,0
12900,16.842959,16.691497,9.415324,0.000000,7.854208,7.755735,0.098390,0.042916,0.012834,0.684874,639,8122717,71004,0,2,0,2,0,0,0,0,0,0,7208,0,4680,2528,0
12901,16.513541,16.443461,9.177730,0.000000,7.822167,7.737569,0.084473,0.047084,0.018041,0.405250,632,8091661,73969,0,2,0,2,0,0,0,0,0,0,5406,0,3510,1896,0
12902,17.013667,16.923879,9.945193,0.000000,7.554210,7.539361,0.014765,0.068833,0.018625,0.579584,631,8116742,72797,0,2,0,2,0,0,0,0,0,0,5406,0,3510,1896,0
12903,16.482917,16.343192,9.427788,0.000000,7.487959,7.400652,0.087224,0.040000,0.030291,0.304958,637,8097644,69912,0,2,0,2,0,0,0,0,0,0,7208,0,4680,2528,0
12904,16.529875,16.410125,9.524332,0.000000,7.518959,7.465194,0.053681,0.065541,0.020167,0.693042,631,8107334,73945,0,2,0,2,0,0,0,0,0,0,5406,0,3510,1896,0
12905,16.644750,16.522429,9.523336,0.000000,7.769250,7.768569,0.000598,0.036416,0.014584,0.668541,631,8107256,74083,0,2,0,2,0,0,0,0,0,0,5406,0,3510,1896,0
12906,16.792541,16.687250,9.108324,0.000000,8.107124,7.996235,0.110806,0.042917,0.032333,0.610292,640,8107108,70305,0,2,0,2,0,0,0,0,0,0,7208,0,4680,2528,0
12907,16.632667,16.520461,9.300180,0.000000,7.786376,7.708611,0.077682,0.043792,0.023333,0.929583,630,8107272,74528,0,2,0,2,0,0,0,0,0,0,5406,0,3510,1896,0
12908,16.727000,16.619797,9.261377,0.000000,7.882624,7.807610,0.074931,0.041417,0.011041,0.291375,631,8107360,72460,0,2,0,2,0,0,0,0,0,0,5406,0,3510,1896,0
12909,16.539958,16.428998,9.215737,0.000000,7.829584,7.785235,0.044224,0.044292,0.018417,0.935709,638,8107021,69997,0,2,0,2,0,0,0,0,0,0,7208,0,4680,2528,0
12910,16.765250,16.643620,9.227245,0.000000,7.934583,7.855069,0.079431,0.041125,0.008209,0.301583,631,8107330,75214,0,2,0,2,0,0,0,0,0,0,5406,0,3510,1896,0
12911,16.638125,16.526343,9.213570,0.000000,7.963541,7.947360,0.016014,0.039125,0.020334,0.784749,631,8107273,72402,0,2,0,2,0,0,0,0,0,0,5406,0,3510,1896,0
12912,17.085500,16.979037,9.361992,0.000000,8.155166,7.995276,0.159557,0.069417,0.013708,0.791459,638,8107079,70251,0,2,0,2,0,0,0,0,0,0,7208,0,4680,2528,0
12913,16.544917,16.492384,9.884102,0.000000,7.354751,7.304777,0.049890,0.064625,0.032250,0.291834,630,8122737,75306,0,2,0,2,0,0,0,0,0,0,5406,0,3510,1896,0
12914,16.919583,16.751630,9.539449,0.000000,7.900583,7.809777,0.090681,0.039417,0.021667,0.736833,628,8091849,71421,0,2,0,2,0,0,0,0,0,0,5406,0,3510,1896,0
12915,16.427834,16.306683,10.449320,0.000000,6.768459,6.712943,0.055432,0.034041,0.014334,0.450000,639,8107084,70969,0,2,0,2,0,0,0,0,0,0,7208,0,4680,2528,0
12916,16.656583,16.524423,10.220875,0.000000,7.116709,7.086944,0.029681,0.025500,0.016292,0.923166,630,8104808,74491,0,2,0,2,0,0,0,0,0,0,5406,0,3510,1896,0
12917,16.715333,16.535372,9.989145,0.000000,7.310418,7.281736,0.028598,0.025584,0.010625,0.445791,629,8094339,71867,0,2,0,2,0,0,0,0,0,0,5406,0,3510,1896,0
12918,16.650834,16.526592,10.079658,0.000000,7.262207,7.197235,0.064931,0.033833,0.009292,0.658417,639,8107083,70339,0,2,0,2,0,0,0,0,0,0,7208,0,4680,2528,0
12919,16.692000,16.640789,10.588602,0.000000,6.869875,6.869360,0.000431,0.053791,0.018125,0.743584,633,8122752,75193,0,2,0,2,0,0,0,0,0,0,5406,0,3510,1896,0
12920,16.957000,16.830059,10.882579,0.000000,6.738167,6.720486,0.017556,0.064375,0.011666,0.450916,630,8107291,72477,0,2,0,2,0,0,0,0,0,0,5406,0,3510,1896,0
12921,16.475625,16.355878,10.210705,0.000000,7.007916,6.955360,0.052431,0.034625,0.013666,0.891125,639,8107083,70295,0,2,0,2,0,0,0,0,0,0,7208,0,4680,2528,0
12922,16.667083,16.548292,10.433797,0.000000,6.953501,6.953027,0.000390,0.029333,0.018167,0.456917,632,8107289,74508,0,2,0,2,0,0,0,0,0,0,5406,0,3510,1896,0
12923,16.702375,16.579118,10.055622,0.000000,7.274208,7.247236,0.026889,0.029500,0.011042,0.643292,630,8107320,72510,0,2,0,2,0,0,0,0,0,0,5406,0,3510,1896,0
12924,16.547958,16.429201,9.992256,0.000000,7.252334,7.191152,0.061099,0.029875,0.012000,0.447750,641,8107035,70305,0,2,0,2,0,0,0,0,0,0,7208,0,4680,2528,0
12925,16.748834,16.556130,10.185846,0.000000,7.209542,7.209235,0.000223,0.024041,0.007792,0.705001,631,8091849,73955,0,2,0,2,0,0,0,0,0,0,5406,0,3510,1896,0
12926,16.619333,16.564822,10.190041,0.000000,7.140543,7.140236,0.000223,0.029458,0.012250,0.353125,629,8122729,73075,0,2,0,2,0,0,0,0,0,0,5406,0,3510,1896,0
12927,16.824375,16.694453,10.230026,0.000000,7.248167,7.191069,0.056973,0.029083,0.022084,0.756251,639,8107062,70208,0,2,0,2,0,0,0,0,0,0,7208,0,4680,2528,0
12928,16.540542,16.347835,10.358385,0.000000,6.833416,6.832902,0.000431,0.022041,0.007834,0.933832,631,8091883,74047,0,2,0,2,0,0,0,0,0,0,5406,0,3510,1896,0
12929,16.802166,16.681281,10.014965,0.000000,7.431708,7.380152,0.051431,0.028250,0.009584,0.472541,630,8107253,72381,0,2,0,2,0,0,0,0,0,0,5406,0,3510,1896,0
12930,16.578542,16.463291,9.928333,0.000000,7.317959,7.255402,0.062474,0.022208,0.007000,0.794416,642,8108148,70423,0,2,0,2,0,0,0,0,0,0,7208,0,4680,2528,0
12931,16.745417,16.689118,10.515790,0.000000,7.000500,6.970319,0.030056,0.028458,0.017458,0.443542,630,8121641,75183,0,2,0,2,0,0,0,0,0,0,5406,0,3510,1896,0
12932,16.684583,16.494053,9.854803,0.000000,7.419000,7.357444,0.061473,0.025750,0.008458,0.650875,628,8091899,71745,0,2,0,2,0,0,0,0,0,0,5406,0,3510,1896,0
12933,16.661417,16.602667,10.344764,0.000000,7.094126,7.045693,0.048349,0.039458,0.023083,0.450333,641,8122459,70299,0,2,0,2,0,0,0,0,0,0,7208,0,4680,2528,0
12934,16.722666,16.604321,10.411959,0.000000,7.018000,6.987986,0.029931,0.025417,0.012333,0.769750,632,8107304,76265,0,2,0,2,0,0,0,0,0,0,5406,0,3510,1896,0
12935,16.827292,16.712153,10.252485,0.000000,7.246125,7.184236,0.061764,0.068042,0.014125,0.860958,629,8107266,72416,0,2,0,2,0,0,0,0,0,0,5406,0,3510,1896,0
12936,16.834417,16.771779,10.536536,0.000000,7.088291,7.028152,0.059848,0.107958,0.016833,0.363500,642,8122596,70941,0,2,0,2,0,0,0,0,0,0,7208,0,4680,2528,0
12937,16.701333,16.515950,10.937880,0.000000,6.509166,6.504402,0.004681,0.075417,0.022000,0.739584,627,8091762,73951,0,2,0,2,0,0,0,0,0,0,5406,0,3510,1896,0
12938,16.520458,16.452705,10.855511,0.000000,6.718209,6.717611,0.000390,0.098542,0.016833,0.289125,632,8122765,73067,0,2,0,2,0,0,0,0,0,0,5406,0,3510,1896,0
12939,16.800917,16.689135,10.146870,0.000000,7.298667,7.234152,0.064390,0.090542,0.021708,0.748333,638,8107023,70241,0,2,0,2,0,0,0,0,0,0,7208,0,4680,2528,0
12940,16.521750,16.343683,10.122123,0.000000,7.066916,7.016360,0.050306,0.064083,0.029792,0.445792,631,8091841,74039,0,2,0,2,0,0,0,0,0,0,5406,0,3510,1896,0
12941,16.613917,16.501586,9.982884,0.000000,7.314917,7.259236,0.055556,0.027166,0.018917,0.739667,631,8107295,72415,0,2,0,2,0,0,0,0,0,0,5406,0,3510,1896,0
12942,16.550250,16.422289,9.966872,0.000000,7.256542,7.198735,0.057723,0.024875,0.016083,0.446708,638,8107087,70092,0,2,0,2,0,0,0,0,0,0,7208,0,4680,2528,0
12943,16.715750,16.596313,10.139163,0.000000,7.245668,7.211152,0.034432,0.025750,0.016083,0.776292,632,8107313,74805,0,2,0,2,0,0,0,0,0,0,5406,0,3510,1896,0
12944,16.758291,16.565722,10.082621,0.000000,7.285625,7.221694,0.063806,0.025417,0.008917,0.801791,638,8091858,71776,0,2,0,2,0,0,0,0,0,0,5406,0,3510,1896,0
12945,16.837209,16.779560,10.457374,0.000000,7.128083,7.098693,0.029223,0.036958,0.009625,0.444541,640,8122519,72526,0,2,0,2,0,0,0,0,0,0,7208,0,4680,2528,0
12946,16.757708,16.640054,10.429776,0.000000,7.015625,6.997152,0.018348,0.049000,0.013333,0.667708,631,8107289,73034,0,2,0,2,0,0,0,0,0,0,5406,0,3510,1896,0
12947,16.690458,16.570174,10.303748,0.000000,7.003584,6.956111,0.047264,0.052750,0.022500,0.290167,630,8107374,72378,0,2,0,2,0,0,0,0,0,0,5406,0,3510,1896,0
12948,16.843709,16.717209,10.710195,0.000000,6.782250,6.747985,0.034140,0.054708,0.016333,0.751500,638,8107001,72506,0,2,0,2,0,0,0,0,0,0,7208,0,4680,2528,0
12949,16.560791,16.435208,10.606593,0.000000,6.626583,6.601819,0.024639,0.040625,0.018042,0.299208,632,8107307,72397,0,2,0,2,0,0,0,0,0,0,5406,0,3510,1896,0
12950,16.245125,16.136746,10.045752,0.000000,6.855416,6.803777,0.051556,0.040000,0.008000,0.797834,631,8110626,72601,0,2,0,2,0,0,0,0,0,0,5406,0,3510,1896,0
12951,16.841250,16.716001,9.317522,0.000000,7.976666,7.894610,0.081973,0.045125,0.010209,0.765167,638,8103743,72356,0,2,0,2,0,0,0,0,0,0,7208,0,4680,2528,0
12952,16.703167,16.595662,9.458413,0.000000,7.789042,7.682861,0.105973,0.043542,0.031208,0.299333,631,8107292,72376,0,2,0,2,0,0,0,0,0,0,5406,0,3510,1896,0
12953,16.602333,16.495126,9.377403,0.000000,7.782708,7.672777,0.109848,0.056667,0.032333,0.770916,640,8122567,70986,0,2,0,2,0,0,0,0,0,0,7208,0,4680,2528,0
12954,16.601250,16.495113,9.267846,0.000000,7.811208,7.730402,0.080723,0.042500,0.009625,0.479958,629,8091808,73977,0,2,0,2,0,0,0,0,0,0,5406,0,3510,1896,0
12955,16.667959,16.586393,8.995873,0.000000,8.048125,7.970444,0.077556,0.052250,0.018416,0.843292,631,8115104,72739,0,2,0,2,0,0,0,0,0,0,5406,0,3510,1896,0
12956,16.934500,16.798486,9.278751,0.000000,8.072250,7.966152,0.105973,0.050375,0.016583,0.302583,637,8099291,69981,0,2,0,2,0,0,0,0,0,0,7208,0,4680,2528,0
12957,16.458500,16.367981,9.560065,0.000000,7.458666,7.381568,0.077015,0.050625,0.010833,0.749833,632,8111818,74785,0,2,0,2,0,0,0,0,0,0,5406,0,3510,1896,0
12958,16.577041,16.447054,9.357274,0.000000,7.784126,7.757444,0.026598,0.038667,0.010542,0.309041,631,8102763,72241,0,2,0,2,0,0,0,0,0,0,5406,0,3510,1896,0
12959,16.733084,16.625578,9.688164,0.000000,8.032416,8.031985,0.000306,0.044500,0.012166,0.922917,636,8107090,70190,0,2,0,2,0,0,0,0,0,0,7208,0,4680,2528,0
12960,16.721750,16.607038,9.474595,0.000000,7.777333,7.696568,0.080640,0.040375,0.011500,0.928667,631,8107297,74725,0,2,0,2,0,0,0,0,0,0,5406,0,3510,1896,0
12961,16.781583,16.682028,9.101690,0.000000,8.094125,7.992027,0.102015,0.032250,0.014583,0.464458,631,8107281,72422,0,2,0,2,0,0,0,0,0,0,5406,0,3510,1896,0
12962,16.456958,16.340169,9.065542,0.000000,7.813333,7.721652,0.091556,0.049500,0.027792,0.776292,658,8106829,69943,0,2,0,2,0,0,0,0,0,0,9243,0,4680,4563,0
12963,16.836709,16.728289,9.584230,0.000000,7.725124,7.628443,0.096598,0.044416,0.011042,0.471084,633,8107210,76226,0,2,0,2,0,0,0,0,0,0,5406,0,3510,1896,0
12964,16.775875,16.675126,9.303296,0.000000,7.954000,7.868902,0.085015,0.042666,0.016167,0.817501,631,8107296,73103,0,2,0,2,0,0,0,0,0,0,5406,0,3510,1896,0
12965,16.592666,16.478842,9.324808,0.000000,7.771292,7.640111,0.131014,0.042667,0.012125,0.304458,635,8107100,70304,0,2,0,2,0,0,0,0,0,0,7208,0,4680,2528,0
12966,16.756750,16.643799,9.724632,0.000000,7.570792,7.502360,0.068348,0.047167,0.025167,0.820249,632,8107284,74611,0,2,0,2,0,0,0,0,0,0,5406,0,3510,1896,0
12967,16.617667,16.498952,9.391712,0.000000,7.650751,7.586361,0.064265,0.045000,0.047042,0.940000,630,8107361,72375,0,2,0,2,0,0,0,0,0,0,5406,0,3510,1896,0
12968,16.602458,16.489379,9.163172,0.000000,7.881916,7.762819,0.119014,0.041042,0.021667,0.445208,638,8107029,70355,0,2,0,2,0,0,0,0,0,0,7208,0,4680,2528,0
12969,16.672709,16.566089,9.361210,0.000000,7.831625,7.732985,0.098557,0.046041,0.016250,0.932250,629,8107284,74571,0,2,0,2,0,0,0,0,0,0,5406,0,3510,1896,0
12970,16.797166,16.686530,9.189047,0.000000,8.022583,7.949152,0.073348,0.044209,0.046125,0.312792,630,8107315,72458,0,2,0,2,0,0,0,0,0,0,5406,0,3510,1896,0
12971,16.564417,16.452887,9.027478,0.000000,7.958042,7.846528,0.111389,0.037417,0.019041,0.762917,637,8107080,70289,0,2,0,2,0,0,0,0,0,0,7208,0,4680,2528,0
12972,16.701833,16.594031,9.178373,0.000000,7.931875,7.863360,0.068390,0.036459,0.020291,0.307875,632,8107291,74578,0,2,0,2,0,0,0,0,0,0,5406,0,3510,1896,0
12973,16.601917,16.485407,9.216549,0.000000,8.007165,7.926818,0.080181,0.031542,0.010333,0.781084,631,8107290,72475,0,2,0,2,0,0,0,0,0,0,5406,0,3510,1896,0
12974,16.593917,16.495893,8.999705,0.000000,8.137167,8.128861,0.008222,0.034541,0.015125,0.727042,638,8107416,70318,0,2,0,2,0,0,0,0,0,0,7208,0,4680,2528,0
12975,16.864291,16.738841,9.256931,0.000000,8.048125,7.966943,0.081057,0.028792,0.006083,0.449666,631,8106963,74589,0,2,0,2,0,0,0,0,0,0,5406,0,3510,1896,0
12976,16.644209,16.545770,8.979249,0.000000,8.066708,7.970985,0.095640,0.037166,0.014875,1.102917,630,8107290,72437,0,2,0,2,0,0,0,0,0,0,5406,0,3510,1896,0
12977,16.681958,16.569091,9.224332,0.000000,7.909709,7.800153,0.109473,0.031000,0.007625,0.289708,639,8107078,70251,0,2,0,2,0,0,0,0,0,0,7208,0,4680,2528,0
12978,16.674208,16.573118,9.074571,0.000000,7.989375,7.909694,0.079598,0.038250,0.040250,0.907625,631,8107300,74653,0,2,0,2,0,0,0,0,0,0,5406,0,3510,1896,0
12979,16.679500,16.630894,9.305632,0.000000,8.024000,8.023527,0.000348,0.083209,0.015541,0.292709,631,8122712,73038,0,2,0,2,0,0,0,0,0,0,5406,0,3510,1896,0
12980,16.782334,16.608547,10.397661,0.000000,7.304251,7.303903,0.000223,0.052916,0.025625,0.752292,635,8091675,69699,0,2,0,2,0,0,0,0,0,0,7208,0,4680,2528,0
12981,16.732416,16.623378,9.400886,0.000000,7.733501,7.636485,0.096932,0.048334,0.047208,0.447084,632,8107216,74605,0,2,0,2,0,0,0,0,0,0,5406,0,3510,1896,0
12982,16.699792,16.589843,9.147988,0.000000,7.899208,7.818027,0.081056,0.045375,0.025917,0.680751,630,8107308,72398,0,2,0,2,0,0,0,0,0,0,5406,0,3510,1896,0
12983,16.472583,16.361118,9.524410,0.000000,7.738000,7.737486,0.000389,0.039209,0.029250,0.783083,638,8107035,70317,0,2,0,2,0,0,0,0,0,0,7208,0,4680,2528,0
12984,16.980667,16.881793,9.600448,0.000000,7.892500,7.783027,0.109348,0.042542,0.010375,0.451209,630,8107342,74630,0,2,0,2,0,0,0,0,0,0,5406,0,3510,1896,0
12985,16.478917,16.356848,9.683874,0.000000,7.755709,7.734902,0.020682,0.035500,0.010375,0.770333,631,8107248,72420,0,2,0,2,0,0,0,0,0,0,5406,0,3510,1896,0
12986,16.697791,16.643702,9.052962,0.000000,8.171500,8.025860,0.145515,0.084375,0.019917,0.299792,640,8122722,70944,0,2,0,2,0,0,0,0,0,0,7208,0,4680,2528,0
12987,16.457292,16.289808,8.852458,0.000000,7.985916,7.874943,0.110890,0.040375,0.016833,0.880500,630,8091632,71705,0,2,0,2,0,0,0,0,0,0,5406,0,3510,1896,0
12988,16.878542,16.769088,9.969532,0.000000,7.747541,7.746943,0.000515,0.044625,0.014916,0.288375,632,8107311,76741,0,2,0,2,0,0,0,0,0,0,5406,0,3510,1896,0
12989,16.671208,16.554140,9.664367,0.000000,7.855957,7.855610,0.000222,0.056125,0.020583,0.768666,638,8107054,70289,0,2,0,2,0,0,0,0,0,0,7208,0,4680,2528,0
12990,16.760667,16.656323,9.351998,0.000000,7.884542,7.800027,0.084432,0.041041,0.009584,0.905291,632,8107265,74673,0,2,0,2,0,0,0,0,0,0,5406,0,3510,1896,0
12991,16.651458,16.532733,9.176035,0.000000,8.007084,7.900111,0.106848,0.044833,0.009084,0.480875,632,8107320,71727,0,2,0,2,0,0,0,0,0,0,5406,0,3510,1896,0
12992,16.568667,16.464932,9.247493,0.000000,7.797792,7.783278,0.014431,0.037416,0.010125,0.836416,637,8107032,71949,0,2,0,2,0,0,0,0,0,0,7208,0,4680,2528,0
12993,16.790125,16.678665,9.362400,0.000000,7.902250,7.818443,0.083723,0.036708,0.015667,0.465083,631,8107302,74631,0,2,0,2,0,0,0,0,0,0,5406,0,3510,1896,0
12994,16.630791,16.524608,9.704688,0.000000,7.913209,7.904694,0.008390,0.039417,0.036500,0.744084,630,8107290,72419,0,2,0,2,0,0,0,0,0,0,5406,0,3510,1896,0
12995,16.663667,16.553670,9.135745,0.000000,7.984376,7.858611,0.125640,0.039917,0.018583,0.301750,637,8107137,70146,0,2,0,2,0,0,0,0,0,0,7208,0,4680,2528,0
12996,16.841667,16.730999,9.333456,0.000000,7.960543,7.885944,0.074515,0.038666,0.009709,0.938499,631,8107263,74764,0,2,0,2,0,0,0,0,0,0,5406,0,3510,1896,0
12997,16.594125,16.486902,9.015337,0.000000,8.017750,7.900777,0.116848,0.036500,0.013250,0.319500,637,8107267,72404,0,2,0,2,0,0,0,0,0,0,5406,0,3510,1896,0
12998,16.852000,16.742096,9.355921,0.000000,7.829501,7.761778,0.067598,0.046875,0.011166,0.904000,640,8107117,71892,0,2,0,2,0,0,0,0,0,0,7208,0,4680,2528,0
12999,16.590500,16.476623,9.126482,0.000000,7.912874,7.811568,0.101181,0.038333,0.008208,0.786792,628,8107269,72967,0,2,0,2,0,0,0,0,0,0,5406,0,3510,1896,0
13000,16.699041,16.599212,9.138212,0.000000,8.066166,7.951652,0.114431,0.055167,0.010500,0.686917,632,8107327,72513,0,2,0,2,0,0,0,0,0,0,5406,0,3510,1896,0
13001,16.607667,16.503396,9.443709,0.000000,7.763333,7.758444,0.004806,0.043708,0.010334,0.722458,638,8107043,72479,0,2,0,2,0,0,0,0,0,0,7208,0,4680,2528,0
13002,16.597708,16.483869,9.264142,0.000000,7.920166,7.905901,0.014182,0.035417,0.020000,0.649250,631,8107299,72404,0,2,0,2,0,0,0,0,0,0,5406,0,3510,1896,0
13003,16.617167,16.514368,9.869233,0.000000,7.942667,7.942194,0.000265,0.038333,0.019584,0.780458,632,8109053,72512,0,2,0,2,0,0,0,0,0,0,5887,0,3510,2377,0
13004,16.913292,16.801747,9.201244,0.000000,8.147582,8.071985,0.075472,0.036916,0.008417,0.305625,636,8105341,72416,0,2,0,2,0,0,0,0,0,0,6727,0,4680,2047,0
13005,16.549750,16.436669,9.080919,0.000000,7.892958,7.816360,0.076515,0.037791,0.039500,1.305749,632,8107285,72419,0,2,0,2,0,0,0,0,0,0,5406,0,3510,1896,0
13006,16.607708,16.503325,9.169211,0.000000,8.065416,8.060985,0.004348,0.051958,0.028042,1.124041,639,8122587,70940,0,2,0,2,0,0,0,0,0,0,7208,0,4680,2528,0
13007,16.986125,16.862617,9.498074,0.000000,7.906292,7.834778,0.071389,0.040583,0.040875,0.468750,629,8091794,73899,0,2,0,2,0,0,0,0,0,0,5406,0,3510,1896,0
13008,16.478750,16.393830,9.219280,0.000000,7.795083,7.696402,0.098598,0.042875,0.018000,0.945208,631,8113448,72761,0,2,0,2,0,0,0,0,0,0,5406,0,3510,1896,0
13009,16.655250,16.523710,9.007744,0.000000,8.078624,8.064985,0.013556,0.037958,0.008667,0.348958,637,8100959,69991,0,2,0,2,0,0,0,0,0,0,7208,0,4680,2528,0
13010,16.838875,16.731219,9.453934,0.000000,7.868707,7.780777,0.087847,0.039083,0.012500,0.784000,631,8107279,74666,0,2,0,2,0,0,0,0,0,0,5406,0,3510,1896,0
13011,16.551042,16.436833,9.017838,0.000000,7.949583,7.850693,0.098807,0.032916,0.012709,0.467834,631,8107290,72404,0,2,0,2,0,0,0,0,0,0,5406,0,3510,1896,0
13012,16.657500,16.546377,8.980806,0.000000,8.071458,7.952319,0.119098,0.037375,0.009666,0.761875,639,8107125,69926,0,2,0,2,0,0,0,0,0,0,7208,0,4680,2528,0
13013,17.031541,16.882649,9.690563,0.000000,7.707333,7.603486,0.103764,0.057459,0.013250,0.663041,630,8107264,75322,0,2,0,2,0,0,0,0,0,0,5406,0,3510,1896,0
13014,16.649959,16.539830,9.448250,0.000000,7.726916,7.645443,0.081390,0.041666,0.037834,0.313541,631,8107280,72421,0,2,0,2,0,0,0,0,0,0,5406,0,3510,1896,0
13015,16.422166,16.317127,9.157460,0.000000,7.742917,7.618569,0.124264,0.041542,0.012042,0.950541,639,8107079,70297,0,2,0,2,0,0,0,0,0,0,7208,0,4680,2528,0
13016,16.675250,16.562182,9.283414,0.000000,7.771793,7.697444,0.074265,0.034500,0.007750,0.290375,630,8107298,74598,0,2,0,2,0,0,0,0,0,0,5406,0,3510,1896,0
13017,16.712459,16.606070,9.360617,0.000000,8.065001,8.064652,0.000265,0.038166,0.008084,0.849625,630,8107328,72408,0,2,0,2,0,0,0,0,0,0,5406,0,3510,1896,0
13018,16.552208,16.434792,9.063469,0.000000,7.945417,7.908777,0.036515,0.035833,0.013000,0.302042,639,8107105,70330,0,2,0,2,0,0,0,0,0,0,7208,0,4680,2528,0
13019,16.922458,16.839472,9.324067,0.000000,8.003626,7.930236,0.073306,0.050084,0.019000,0.777333,631,8107287,74561,0,2,0,2,0,0,0,0,0,0,5406,0,3510,1896,0
13020,16.482292,16.352861,9.026680,0.000000,7.875750,7.773027,0.102598,0.039333,0.035875,0.293750,631,8107265,71777,0,2,0,2,0,0,0,0,0,0,5406,0,3510,1896,0
13021,16.626875,16.519903,9.679801,0.000000,7.864793,7.864527,0.000182,0.041417,0.017666,0.750791,638,8107082,71978,0,2,0,2,0,0,0,0,0,0,7208,0,4680,2528,0
13022,16.653375,16.547165,9.258468,0.000000,7.852376,7.814361,0.037931,0.038417,0.010166,1.075333,633,8107312,74499,0,2,0,2,0,0,0,0,0,0,5406,0,3510,1896,0
13023,16.945708,16.834864,9.098819,0.000000,8.225250,8.145652,0.079473,0.042292,0.015167,0.445709,631,8107284,72525,0,2,0,2,0,0,0,0,0,0,5406,0,3510,1896,0
13024,16.517667,16.413551,8.994776,0.000000,7.985792,7.879694,0.105973,0.042000,0.019542,1.116209,637,8107142,70310,0,2,0,2,0,0,0,0,0,0,7208,0,4680,2528,0
13025,16.777167,16.669379,9.518091,0.000000,7.768209,7.697694,0.070431,0.035958,0.014375,0.300584,631,8107227,74596,0,2,0,2,0,0,0,0,0,0,5406,0,3510,1896,0
13026,16.689500,16.578459,9.129376,0.000000,7.950333,7.869152,0.081056,0.035541,0.049500,1.125499,631,8107307,72437,0,2,0,2,0,0,0,0,0,0,5406,0,3510,1896,0
13027,16.618833,16.516378,9.140319,0.000000,7.933125,7.803485,0.129515,0.032042,0.007250,0.290292,639,8107099,70224,0,2,0,2,0,0,0,0,0,0,7208,0,4680,2528,0
13028,16.656667,16.538288,9.297955,0.000000,7.827249,7.746235,0.080931,0.045458,0.030625,0.764583,630,8107267,74681,0,2,0,2,0,0,0,0,0,0,5406,0,3510,1896,0
13029,16.707916,16.600086,9.076663,0.000000,8.058084,7.973402,0.084598,0.034375,0.029375,1.125792,631,8107350,72384,0,2,0,2,0,0,0,0,0,0,5406,0,3510,1896,0
13030,16.641417,16.531910,9.092900,0.000000,8.040000,7.927402,0.112515,0.032083,0.010375,0.674125,640,8106991,70331,0,2,0,2,0,0,0,0,0,0,7208,0,4680,2528,0
13031,16.796792,16.678395,9.240139,0.000000,8.002584,7.917069,0.085390,0.036208,0.010375,1.138333,630,8107297,74619,0,2,0,2,0,0,0,0,0,0,5406,0,3510,1896,0
13032,16.596500,16.506504,9.081526,0.000000,8.020167,7.938068,0.082015,0.035625,0.008041,0.657667,631,8110428,72526,0,2,0,2,0,0,0,0,0,0,5406,0,3510,1896,0
13033,16.641791,16.522488,8.936385,0.000000,8.136083,8.023110,0.112890,0.035167,0.008083,0.941209,638,8103921,70203,0,2,0,2,0,0,0,0,0,0,7208,0,4680,2528,0
13034,16.756834,16.645792,9.172556,0.000000,7.990083,7.879486,0.110556,0.030291,0.005875,0.299875,629,8107303,74606,0,2,0,2,0,0,0,0,0,0,5406,0,3510,1896,0
13035,16.813208,16.701311,9.081726,0.000000,8.188041,8.067027,0.120806,0.045583,0.018500,1.100250,633,8107299,72401,0,2,0,2,0,0,0,0,0,0,5406,0,3510,1896,0
13036,16.535000,16.424083,9.324720,0.000000,7.882499,7.880693,0.001723,0.040917,0.010583,0.303125,639,8107030,70323,0,2,0,2,0,0,0,0,0,0,7208,0,4680,2528,0
13037,16.681958,16.599819,9.912185,0.000000,7.746750,7.744110,0.002515,0.050167,0.014750,0.875916,630,8114867,74852,0,2,0,2,0,0,0,0,0,0,5406,0,3510,1896,0
13038,16.736417,16.603398,9.013119,0.000000,8.123126,8.004652,0.118390,0.038875,0.009042,1.236124,630,8099721,72172,0,2,0,2,0,0,0,0,0,0,5406,0,3510,1896,0
13039,17.455667,17.340654,10.230998,0.000000,7.864125,7.856360,0.007640,0.076250,0.013166,0.643833,641,8107061,70261,0,2,0,2,0,0,0,0,0,0,7208,0,4680,2528,0
13040,15.933541,15.821363,9.751876,0.000000,6.854625,6.783694,0.070806,0.044000,0.018584,0.777500,628,8107284,74651,0,2,0,2,0,0,0,0,0,0,5406,0,3510,1896,0
13041,16.633459,16.526287,9.914462,0.000000,7.877874,7.877443,0.000306,0.049125,0.014833,0.649209,631,8107294,72424,0,2,0,2,0,0,0,0,0,0,5406,0,3510,1896,0
13042,16.585166,16.478984,9.858400,0.000000,7.907083,7.903944,0.003014,0.042500,0.024167,0.920833,639,8107090,70254,0,2,0,2,0,0,0,0,0,0,7208,0,4680,2528,0
13043,16.801125,16.695154,9.273236,0.000000,7.995792,7.915944,0.079806,0.038875,0.007750,0.288084,631,8107266,74646,0,2,0,2,0,0,0,0,0,0,5406,0,3510,1896,0
13044,16.568459,16.458832,9.187314,0.000000,7.949375,7.948693,0.000599,0.039833,0.021208,0.605374,630,8107304,72439,0,2,0,2,0,0,0,0,0,0,5406,0,3510,1896,0
13045,16.709750,16.601471,9.347109,0.000000,8.106584,8.106194,0.000265,0.039250,0.010291,0.916875,639,8107026,70280,0,2,0,2,0,0,0,0,0,0,7208,0,4680,2528,0
13046,16.720750,16.617170,9.254000,0.000000,7.891001,7.810986,0.079931,0.035416,0.018917,0.290459,630,8107311,74617,0,2,0,2,0,0,0,0,0,0,5406,0,3510,1896,0
13047,16.703958,16.594418,8.946923,0.000000,8.154083,8.047610,0.106390,0.034250,0.016750,1.088833,630,8107281,72385,0,2,0,2,0,0,0,0,0,0,5406,0,3510,1896,0
13048,16.581292,16.466465,9.207698,0.000000,7.941124,7.932527,0.008514,0.040625,0.019916,0.609708,640,8107088,70170,0,2,0,2,0,0,0,0,0,0,7208,0,4680,2528,0
13049,16.681125,16.571050,9.768407,0.000000,7.743251,7.742778,0.000348,0.039208,0.008708,0.756458,628,8107295,74028,0,2,0,2,0,0,0,0,0,0,5406,0,3510,1896,0
13050,16.900333,16.794084,9.441667,0.000000,7.943792,7.838943,0.104765,0.040208,0.018125,0.289500,638,8107292,74165,0,2,0,2,0,0,0,0,0,0,5406,0,3510,1896,0
13051,16.725792,16.614479,9.243776,0.000000,7.899250,7.793777,0.105348,0.037291,0.011125,0.934167,638,8107102,71871,0,2,0,2,0,0,0,0,0,0,7208,0,4680,2528,0
13052,16.549666,16.434882,9.210719,0.000000,7.794625,7.713278,0.081264,0.029750,0.009042,0.381584,630,8107295,72986,0,2,0,2,0,0,0,0,0,0,5406,0,3510,1896,0
13053,16.767709,16.656741,9.286110,0.000000,7.956207,7.829151,0.126973,0.034333,0.017417,1.221625,633,8107279,72467,0,2,0,2,0,0,0,0,0,0,5406,0,3510,1896,0
13054,16.561083,16.450333,9.061188,0.000000,7.916583,7.801319,0.115139,0.037333,0.017042,1.069001,640,8107113,72486,0,2,0,2,0,0,0,0,0,0,7208,0,4680,2528,0
13055,16.722042,16.614424,9.142572,0.000000,8.181334,8.093819,0.087390,0.033791,0.047084,0.309042,629,8107277,72425,0,2,0,2,0,0,0,0,0,0,5406,0,3510,1896,0
13056,16.691333,16.580659,9.115585,0.000000,8.043709,7.934610,0.109057,0.041292,0.009000,1.283416,632,8107398,72431,0,2,0,2,0,0,0,0,0,0,5918,0,3510,2408,0
13057,16.644417,16.536366,9.128293,0.000000,7.980167,7.892694,0.087390,0.037916,0.008084,0.296208,638,8107067,72449,0,2,0,2,0,0,0,0,0,0,6696,0,4680,2016,0
13058,16.922583,16.821375,9.410848,0.000000,7.961417,7.904111,0.057181,0.049458,0.013167,0.757916,632,8107199,72461,0,2,0,2,0,0,0,0,0,0,5406,0,3510,1896,0
13059,16.470500,16.370683,9.247302,0.000000,7.828501,7.721027,0.107390,0.038375,0.034417,0.286916,640,8122568,70860,0,2,0,2,0,0,0,0,0,0,7208,0,4680,2528,0
13060,16.723500,16.597359,9.214794,0.000000,7.933126,7.853652,0.079390,0.031625,0.008375,0.925708,631,8091865,74060,0,2,0,2,0,0,0,0,0,0,5406,0,3510,1896,0
13061,16.664833,16.557233,9.043563,0.000000,8.090833,8.012403,0.078347,0.037417,0.015958,1.250750,630,8107259,72058,0,2,0,2,0,0,0,0,0,0,5406,0,3510,1896,0
13062,16.648334,16.540869,9.149915,0.000000,7.964333,7.857318,0.106932,0.048166,0.009917,0.622417,637,8107074,70945,0,2,0,2,0,0,0,0,0,0,7208,0,4680,2528,0
13063,16.709791,16.601038,9.155142,0.000000,7.978125,7.894902,0.083098,0.034500,0.031334,1.079875,632,8107296,74622,0,2,0,2,0,0,0,0,0,0,5406,0,3510,1896,0
13064,16.567042,16.460438,9.163861,0.000000,8.011917,8.010527,0.001265,0.038542,0.022958,0.289458,629,8107310,72426,0,2,0,2,0,0,0,0,0,0,5406,0,3510,1896,0
13065,16.666417,16.557661,9.398971,0.000000,8.093834,8.090902,0.002848,0.037041,0.008584,1.270042,640,8107068,70307,0,2,0,2,0,0,0,0,0,0,7208,0,4680,2528,0
13066,16.817958,16.710573,9.167190,0.000000,8.055625,7.974027,0.081556,0.036708,0.007375,0.287709,627,8107294,74606,0,2,0,2,0,0,0,0,0,0,5406,0,3510,1896,0
13067,16.639417,16.514643,9.128268,0.000000,7.847500,7.770111,0.077264,0.039041,0.014834,0.915833,629,8107318,72401,0,2,0,2,0,0,0,0,0,0,5406,0,3510,1896,0
13068,16.754791,16.647401,9.528313,0.000000,8.005167,8.004777,0.000306,0.049167,0.028542,0.842333,638,8107061,70331,0,2,0,2,0,0,0,0,0,0,7208,0,4680,2528,0
13069,16.657167,16.545941,9.551876,0.000000,7.616125,7.553444,0.062598,0.045833,0.012167,0.610500,652,8106975,75207,0,2,0,2,0,0,0,0,0,0,7441,0,3510,3931,0
13070,16.646542,16.539814,9.169254,0.000000,7.949708,7.861902,0.087723,0.032375,0.010791,1.157458,631,8107309,72477,0,2,0,2,0,0,0,0,0,0,5406,0,3510,1896,0
13071,16.678875,16.560084,8.949395,0.000000,8.173915,8.064776,0.109056,0.036416,0.041917,0.625291,638,8107049,70278,0,2,0,2,0,0,0,0,0,0,7208,0,4680,2528,0
13072,16.625833,16.519395,9.637587,0.000000,7.732791,7.725818,0.006890,0.034042,0.048166,1.230333,630,8107335,74580,0,2,0,2,0,0,0,0,0,0,5406,0,3510,1896,0
13073,17.003458,16.945345,9.887066,0.000000,8.024625,8.024111,0.000306,0.058167,0.038833,0.291250,632,8122737,73111,0,2,0,2,0,0,0,0,0,0,5406,0,3510,1896,0
13074,16.438292,16.269567,8.990359,0.000000,7.847791,7.749360,0.098348,0.044333,0.017625,0.593500,636,8091605,69640,0,2,0,2,0,0,0,0,0,0,7208,0,4680,2528,0
13075,16.671542,16.564693,9.245478,0.000000,7.902334,7.817819,0.084390,0.040458,0.035083,0.308708,632,8107301,74622,0,2,0,2,0,0,0,0,0,0,5406,0,3510,1896,0
13076,16.868458,16.758972,9.306486,0.000000,8.004541,7.933902,0.070556,0.044625,0.013750,0.851708,629,8107291,72426,0,2,0,2,0,0,0,0,0,0,5406,0,3510,1896,0
13077,16.493167,16.393622,9.183292,0.000000,7.827668,7.724360,0.103099,0.042375,0.020083,1.241334,639,8111626,70458,0,2,0,2,0,0,0,0,0,0,7208,0,4680,2528,0
13078,16.621375,16.499754,9.172253,0.000000,7.921501,7.817569,0.103807,0.040833,0.042458,0.444667,630,8102761,73773,0,2,0,2,0,0,0,0,0,0,5406,0,3510,1896,0
13079,16.730750,16.620904,10.154205,0.000000,7.882208,7.878652,0.000556,0.051000,0.023625,0.607209,630,8107422,74058,0,2,0,2,0,0,0,0,0,0,5406,0,3510,1896,0
13080,16.759833,16.660677,9.107037,0.000000,8.076625,7.963319,0.113223,0.043292,0.011166,0.611417,641,8106938,70337,0,2,0,2,0,0,0,0,0,0,7208,0,4680,2528,0
13081,16.681542,16.573326,9.409751,0.000000,7.757376,7.681402,0.075890,0.038291,0.014084,1.068625,628,8107288,74601,0,2,0,2,0,0,0,0,0,0,5406,0,3510,1896,0
13082,16.633291,16.524585,9.625556,0.000000,7.921168,7.920944,0.000140,0.032542,0.008208,0.300375,631,8107294,72406,0,2,0,2,0,0,0,0,0,0,5406,0,3510,1896,0
13083,16.663125,16.558954,9.124446,0.000000,8.015125,7.893193,0.121807,0.042709,0.011583,0.958250,641,8107033,70292,0,2,0,2,0,0,0,0,0,0,7208,0,4680,2528,0
13084,16.702750,16.581901,9.382580,0.000000,7.729626,7.654652,0.074932,0.033625,0.007459,1.256959,630,8107300,74638,0,2,0,2,0,0,0,0,0,0,5406,0,3510,1896,0
13085,16.730834,16.623392,9.010158,0.000000,8.153666,8.072902,0.080723,0.044291,0.010709,0.664792,631,8108807,72486,0,2,0,2,0,0,0,0,0,0,5406,0,3510,1896,0
13086,16.314208,16.199971,8.747501,0.000000,8.033667,7.923943,0.109640,0.045708,0.009834,1.250000,638,8105579,67928,0,2,0,2,0,0,0,0,0,0,7208,0,4680,2528,0
13087,17.013375,16.903157,9.737138,0.000000,7.787583,7.707318,0.080140,0.034708,0.007375,0.617375,630,8107298,78964,0,2,0,2,0,0,0,0,0,0,5406,0,3510,1896,0
13088,16.759583,16.650329,9.097693,0.000000,8.083625,7.997444,0.086056,0.042375,0.012750,0.930292,631,8107245,72454,0,2,0,2,0,0,0,0,0,0,5406,0,3510,1896,0
13089,16.682000,16.576275,9.071267,0.000000,8.091375,7.986194,0.105056,0.034500,0.007250,0.644042,640,8107064,70268,0,2,0,2,0,0,0,0,0,0,7208,0,4680,2528,0
13090,16.669625,16.564206,9.242492,0.000000,7.885125,7.804943,0.080140,0.035334,0.007458,0.768750,630,8107278,74668,0,2,0,2,0,0,0,0,0,0,5406,0,3510,1896,0
13091,16.652500,16.542814,9.124170,0.000000,8.015625,7.902402,0.113098,0.033209,0.017333,0.376625,628,8107324,72403,0,2,0,2,0,0,0,0,0,0,5406,0,3510,1896,0
13092,16.546959,16.435157,9.017674,0.000000,7.982875,7.870943,0.111848,0.037333,0.011750,1.185500,641,8107023,70277,0,2,0,2,0,0,0,0,0,0,7208,0,4680,2528,0
13093,16.751000,16.643872,9.174170,0.000000,7.979791,7.898360,0.081348,0.038666,0.016167,1.108958,631,8107301,74631,0,2,0,2,0,0,0,0,0,0,5406,0,3510,1896,0
13094,16.663666,16.557344,8.919408,0.000000,8.177458,8.075486,0.101889,0.034417,0.012292,0.313041,632,8107325,72441,0,2,0,2,0,0,0,0,0,0,5406,0,3510,1896,0
13095,16.630250,16.517404,8.888013,0.000000,8.152833,8.043610,0.109098,0.037584,0.021791,1.289917,640,8107011,70279,0,2,0,2,0,0,0,0,0,0,7208,0,4680,2528,0
13096,16.715375,16.613126,9.050005,0.000000,8.108126,8.023736,0.084307,0.036625,0.015209,0.303083,629,8107306,74632,0,2,0,2,0,0,0,0,0,0,5406,0,3510,1896,0
13097,16.801875,16.696434,9.150885,0.000000,8.177083,8.176777,0.000181,0.038625,0.009209,0.776542,632,8107283,72392,0,2,0,2,0,0,0,0,0,0,5406,0,3510,1896,0
13098,16.658375,16.538630,9.178673,0.000000,7.933791,7.825110,0.108598,0.036125,0.010334,0.310417,639,8107049,70279,0,2,0,2,0,0,0,0,0,0,7208,0,4680,2528,0
13099,17.222292,17.115533,10.473871,0.000000,7.648708,7.647944,0.000431,0.049500,0.012125,0.785333,632,8107348,74596,0,2,0,2,0,0,0,0,0,0,5406,0,3510,1896,0
13100,16.280042,16.164734,9.416333,0.000000,7.438124,7.330110,0.107889,0.049166,0.010625,0.771500,628,8107258,72475,0,2,0,2,0,0,0,0,0,0,5406,0,3510,1896,0
13101,16.460208,16.343291,9.037315,0.000000,7.933291,7.828068,0.105098,0.033417,0.007416,0.484542,640,8107065,70141,0,2,0,2,0,0,0,0,0,0,7208,0,4680,2528,0
13102,16.685917,16.527149,9.252250,0.000000,7.944500,7.939944,0.004473,0.033541,0.007334,0.942958,630,8091876,74110,0,2,0,2,0,0,0,0,0,0,5406,0,3510,1896,0
13103,16.860916,16.813421,9.277589,0.000000,8.068584,7.942361,0.126098,0.041417,0.013417,0.325083,636,8122723,73071,0,2,0,2,0,0,0,0,0,0,5406,0,3510,1896,0
13104,16.710000,16.604929,9.184531,0.000000,8.036167,7.927610,0.108473,0.034084,0.008666,1.130041,639,8107196,71891,0,2,0,2,0,0,0,0,0,0,7208,0,4680,2528,0
13105,16.614709,16.501343,9.187263,0.000000,7.837918,7.763527,0.074307,0.043500,0.010083,0.306042,629,8107189,73039,0,2,0,2,0,0,0,0,0,0,5406,0,3510,1896,0
13106,16.503958,16.397293,8.935567,0.000000,8.009500,7.900736,0.108639,0.043917,0.010750,0.766417,630,8107396,71120,0,2,0,2,0,0,0,0,0,0,5406,0,3510,1896,0
13107,16.568333,16.462500,9.512376,0.000000,7.821541,7.819276,0.002140,0.035042,0.008250,0.517084,639,8106990,74198,0,2,0,2,0,0,0,0,0,0,7208,0,4680,2528,0
13108,17.021459,16.905641,9.202712,0.000000,8.172125,8.100694,0.071306,0.060791,0.012334,1.279250,632,8107295,74114,0,2,0,2,0,0,0,0,0,0,5406,0,3510,1896,0
13109,16.515791,16.411202,10.007342,0.000000,7.784960,7.784528,0.000348,0.043875,0.009125,0.944250,629,8107359,71990,0,2,0,2,0,0,0,0,0,0,6006,0,3598,2408,0
13110,16.756667,16.649999,9.329299,0.000000,7.907959,7.848526,0.059349,0.037167,0.010083,0.662416,639,8107128,72765,0,2,0,2,0,0,0,0,0,0,6608,0,4592,2016,0
13111,16.801375,16.690881,9.316625,0.000000,7.923501,7.837319,0.086057,0.041417,0.013291,1.095208,632,8107252,72982,0,2,0,2,0,0,0,0,0,0,5406,0,3510,1896,0
13112,16.674042,16.539265,9.182855,0.000000,7.982417,7.855527,0.126765,0.040583,0.008458,0.300208,636,8107320,70695,0,2,0,2,0,0,0,0,0,0,7208,0,4680,2528,0
13113,16.501166,16.419176,9.916571,0.000000,7.762709,7.762360,0.000265,0.035667,0.008125,1.304543,634,8107192,74277,0,2,0,2,0,0,0,0,0,0,5406,0,3510,1896,0
13114,16.715667,16.620162,9.029248,0.000000,8.085626,8.002735,0.082807,0.039292,0.010666,0.350583,630,8110002,72495,0,2,0,2,0,0,0,0,0,0,5406,0,3510,1896,0
13115,16.651292,16.522917,8.976438,0.000000,8.081417,7.974027,0.107306,0.040166,0.009209,1.026542,637,8104172,70173,0,2,0,2,0,0,0,0,0,0,7208,0,4680,2528,0
13116,16.661625,16.555267,9.525884,0.000000,7.850749,7.850360,0.000223,0.039791,0.009167,0.903917,632,8107301,74512,0,2,0,2,0,0,0,0,0,0,5406,0,3510,1896,0
13117,16.792416,16.677493,9.078778,0.000000,8.125375,8.024777,0.100514,0.040750,0.015042,0.614625,631,8107285,72490,0,2,0,2,0,0,0,0,0,0,5406,0,3510,1896,0
13118,16.772167,16.604360,9.377700,0.000000,7.914668,7.822778,0.091765,0.060250,0.011625,0.962584,639,8107120,70261,0,2,0,2,0,0,0,0,0,0,7208,0,4680,2528,0
13119,16.589042,16.477132,9.478011,0.000000,7.643459,7.566027,0.077348,0.045000,0.013416,0.620292,630,8107291,74557,0,2,0,2,0,0,0,0,0,0,5406,0,3510,1896,0
13120,16.581541,16.432160,9.357501,0.000000,7.999000,7.998736,0.000139,0.051459,0.011916,0.776083,631,8107475,72456,0,2,0,2,0,0,0,0,0,0,5406,0,3510,1896,0
13121,16.883750,16.820693,9.102725,0.000000,8.217667,8.086361,0.131181,0.036209,0.008041,0.290959,639,8107059,70166,0,2,0,2,0,0,0,0,0,0,7208,0,4680,2528,0
13122,16.560375,16.449121,9.142434,0.000000,7.873334,7.766485,0.106765,0.036084,0.007833,0.969875,630,8107118,74690,0,2,0,2,0,0,0,0,0,0,5406,0,3510,1896,0
13123,16.571167,16.461882,8.886788,0.000000,8.084334,8.084069,0.000140,0.041250,0.017542,1.274334,632,8107346,72380,0,2,0,2,0,0,0,0,0,0,5406,0,3510,1896,0
13124,16.680250,16.570781,9.451207,0.000000,7.985749,7.985402,0.000222,0.040958,0.010459,0.655583,637,8107133,70307,0,2,0,2,0,0,0,0,0,0,7208,0,4680,2528,0
13125,16.794292,16.682676,9.224081,0.000000,8.002251,7.920944,0.081224,0.033833,0.008250,1.311500,632,8107195,74597,0,2,0,2,0,0,0,0,0,0,5406,0,3510,1896,0
13126,16.705166,16.599067,8.962317,0.000000,8.191459,8.110527,0.080848,0.031709,0.009041,0.311583,630,8107348,72250,0,2,0,2,0,0,0,0,0,0,5406,0,3510,1896,0
13127,16.664167,16.556362,8.875033,0.000000,8.135000,8.024194,0.110681,0.039958,0.010292,0.967959,638,8107099,70410,0,2,0,2,0,0,0,0,0,0,7208,0,4680,2528,0
13128,16.803958,16.695006,9.379657,0.000000,7.875001,7.795819,0.079098,0.036209,0.008541,0.643042,630,8107487,74617,0,2,0,2,0,0,0,0,0,0,5406,0,3510,1896,0
13129,16.654125,16.554346,9.209619,0.000000,7.910375,7.830277,0.079848,0.040625,0.007334,0.967958,629,8107045,72349,0,2,0,2,0,0,0,0,0,0,5406,0,3510,1896,0
13130,16.585625,16.469526,9.253733,0.000000,7.996501,7.890652,0.105765,0.043084,0.010541,0.287250,640,8107158,70316,0,2,0,2,0,0,0,0,0,0,7208,0,4680,2528,0
13131,16.617084,16.502327,9.282815,0.000000,7.862042,7.857277,0.004598,0.043625,0.021166,1.170582,630,8107214,74538,0,2,0,2,0,0,0,0,0,0,5406,0,3510,1896,0
13132,16.737333,16.629469,8.947599,0.000000,8.164085,8.060611,0.103432,0.042667,0.011000,1.248626,631,8107294,72462,0,2,0,2,0,0,0,0,0,0,5406,0,3510,1896,0
13133,16.715208,16.614878,9.020737,0.000000,8.141500,8.027402,0.113973,0.041834,0.009833,0.638916,639,8107077,70273,0,2,0,2,0,0,0,0,0,0,7208,0,4680,2528,0
13134,16.801959,16.686535,9.428747,0.000000,7.883292,7.796860,0.086307,0.049791,0.014709,1.063918,629,8107262,74596,0,2,0,2,0,0,0,0,0,0,5406,0,3510,1896,0
13135,16.713625,16.601363,9.256292,0.000000,7.837333,7.767694,0.069514,0.056333,0.021542,0.445333,632,8107307,72368,0,2,0,2,0,0,0,0,0,0,5406,0,3510,1896,0
13136,16.479833,16.371105,9.211910,0.000000,7.738542,7.651111,0.087389,0.039667,0.008875,0.783708,638,8107042,69578,0,2,0,2,0,0,0,0,0,0,7208,0,4680,2528,0
13137,16.682208,16.574970,10.191047,0.000000,7.710333,7.701527,0.008723,0.034000,0.016125,0.294500,631,8107290,76306,0,2,0,2,0,0,0,0,0,0,5406,0,3510,1896,0
13138,16.962334,16.851452,9.438348,0.000000,8.080000,8.014111,0.065723,0.048791,0.042167,0.614208,633,8107324,72395,0,2,0,2,0,0,0,0,0,0,5406,0,3510,1896,0
13139,16.651375,16.540626,9.479642,0.000000,7.730500,7.621819,0.108556,0.065833,0.016542,0.583708,639,8107034,70264,0,2,0,2,0,0,0,0,0,0,7208,0,4680,2528,0
13140,16.740958,16.629112,10.331951,0.000000,7.584625,7.584318,0.000182,0.028833,0.022584,0.614417,632,8107280,74611,0,2,0,2,0,0,0,0,0,0,5406,0,3510,1896,0
13141,16.606958,16.486260,10.127331,0.000000,7.182167,7.125902,0.056140,0.022084,0.014791,1.061666,629,8107380,72310,0,2,0,2,0,0,0,0,0,0,5406,0,3510,1896,0
13142,16.688875,16.568249,10.260993,0.000000,7.136666,7.082069,0.054514,0.029542,0.016000,0.445166,641,8106965,70354,0,2,0,2,0,0,0,0,0,0,7208,0,4680,2528,0
13143,16.696709,16.574755,10.164465,0.000000,7.192042,7.159944,0.032015,0.029666,0.010042,0.907709,632,8107475,74615,0,2,0,2,0,0,0,0,0,0,5406,0,3510,1896,0
13144,16.676250,16.482045,10.085589,0.000000,7.208499,7.148318,0.060098,0.022791,0.010542,0.445042,629,8091671,71724,0,2,0,2,0,0,0,0,0,0,5406,0,3510,1896,0
13145,16.588541,16.471607,9.914798,0.000000,7.339791,7.283111,0.056597,0.020625,0.007459,0.655708,641,8107062,70319,0,2,0,2,0,0,0,0,0,0,7208,0,4680,2528,0
13146,16.693875,16.641005,10.445908,0.000000,7.133333,7.133027,0.000265,0.022875,0.015667,0.895791,632,8122767,75136,0,2,0,2,0,0,0,0,0,0,5406,0,3510,1896,0
13147,16.798500,16.672292,9.994123,0.000000,7.433792,7.378444,0.055264,0.028250,0.009709,0.475417,632,8107260,72481,0,2,0,2,0,0,0,0,0,0,5406,0,3510,1896,0
13148,16.640834,16.527629,10.130784,0.000000,7.204083,7.148819,0.055181,0.029833,0.018500,0.914333,637,8107083,70257,0,2,0,2,0,0,0,0,0,0,7208,0,4680,2528,0
13149,16.671708,16.482192,10.188918,0.000000,7.097916,7.067193,0.030640,0.025458,0.007167,0.452584,628,8091809,73897,0,2,0,2,0,0,0,0,0,0,5406,0,3510,1896,0
13150,16.622667,16.496597,10.198783,0.000000,7.096792,7.067694,0.029015,0.022750,0.007791,0.657708,630,8107294,72449,0,2,0,2,0,0,0,0,0,0,5406,0,3510,1896,0
13151,16.659000,16.606763,10.288154,0.000000,7.140750,7.077694,0.062973,0.025000,0.016916,0.450916,638,8122489,70843,0,2,0,2,0,0,0,0,0,0,7208,0,4680,2528,0
13152,16.682333,16.503746,10.384783,0.000000,6.935167,6.934860,0.000223,0.024750,0.011417,0.805500,631,8095327,74197,0,2,0,2,0,0,0,0,0,0,5406,0,3510,1896,0
13153,16.740292,16.603960,9.913784,0.000000,7.445875,7.388069,0.057723,0.020583,0.014667,0.442292,629,8103844,72237,0,2,0,2,0,0,0,0,0,0,5406,0,3510,1896,0
13154,16.719333,16.669799,10.049811,0.000000,7.417791,7.365027,0.052681,0.030750,0.009667,0.913209,640,8107061,70141,0,2,0,2,0,0,0,0,0,0,7208,0,4680,2528,0
13155,16.638792,16.442327,10.274884,0.000000,7.058417,7.031902,0.026431,0.023666,0.011667,0.904751,632,8107325,74725,0,2,0,2,0,0,0,0,0,0,5406,0,3510,1896,0
13156,16.726500,16.606120,9.984216,0.000000,7.372208,7.313777,0.058348,0.026291,0.010834,0.457292,633,8107274,72332,0,2,0,2,0,0,0,0,0,0,5406,0,3510,1896,0
13157,16.645458,16.555754,10.278106,0.000000,7.109999,7.057860,0.052014,0.025125,0.007458,0.735667,641,8114973,72280,0,2,0,2,0,0,0,0,0,0,7208,0,4680,2528,0
13158,16.739708,16.654433,10.056463,0.000000,7.343499,7.310651,0.032765,0.024709,0.015083,0.446792,632,8114876,73330,0,2,0,2,0,0,0,0,0,0,5406,0,3510,1896,0
13159,16.856542,16.730836,10.377668,0.000000,7.176751,7.119569,0.056848,0.053750,0.028000,0.762084,632,8107267,71931,0,2,0,2,0,0,0,0,0,0,5406,0,3510,1896,0
13160,16.362875,16.235000,11.034553,0.000000,6.866917,6.866486,0.000306,0.035458,0.030042,0.445250,639,8107113,73260,0,2,0,2,0,0,0,0,0,0,7208,0,4680,2528,0
13161,16.679583,16.560723,9.722128,0.000000,7.531126,7.507402,0.023640,0.033167,0.009125,0.697083,631,8107272,72343,0,2,0,2,0,0,0,0,0,0,5406,0,3510,1896,0
13162,16.775875,16.646243,9.826748,0.000000,7.542041,7.484027,0.057931,0.026042,0.015792,1.054791,632,8104176,72313,0,2,0,2,0,0,0,0,0,0,5807,0,3510,2297,0
13163,16.708709,16.530331,10.114176,0.000000,7.196042,7.166777,0.029181,0.025500,0.010625,0.358084,636,8094758,71965,0,2,0,2,0,0,0,0,0,0,6807,0,4680,2127,0
13164,16.586625,16.533745,10.738337,0.000000,7.286625,7.286360,0.000182,0.024583,0.017875,0.795959,634,8122751,73075,0,2,0,2,0,0,0,0,0,0,5406,0,3510,1896,0
13165,16.641125,16.490296,9.662386,0.000000,7.561458,7.484485,0.076890,0.021083,0.007208,0.463000,638,8107226,69904,0,2,0,2,0,0,0,0,0,0,7208,0,4680,2528,0
13166,16.721500,16.631832,10.276879,0.000000,7.136084,7.104069,0.031931,0.025958,0.015250,0.650500,631,8107168,75837,0,2,0,2,0,0,0,0,0,0,5406,0,3510,1896,0
13167,16.699125,16.511660,9.731718,0.000000,7.497791,7.468360,0.029348,0.020125,0.007041,0.486041,628,8091822,71864,0,2,0,2,0,0,0,0,0,0,5406,0,3510,1896,0
13168,16.686750,16.567909,9.849274,0.000000,7.472250,7.407235,0.064931,0.024791,0.007917,0.641667,640,8107096,70321,0,2,0,2,0,0,0,0,0,0,7208,0,4680,2528,0
13169,16.763291,16.712476,10.449538,0.000000,7.061958,7.048277,0.013556,0.025834,0.016500,0.717959,630,8122727,75187,0,2,0,2,0,0,0,0,0,0,5406,0,3510,1896,0
13170,16.639917,16.520127,9.920591,0.000000,7.345876,7.319152,0.026640,0.023208,0.015000,0.451375,631,8107301,72422,0,2,0,2,0,0,0,0,0,0,5406,0,3510,1896,0
13171,16.561417,16.439872,10.564057,0.000000,7.426291,7.425943,0.000223,0.035916,0.010834,0.801125,639,8107110,70227,0,2,0,2,0,0,0,0,0,0,7208,0,4680,2528,0
13172,17.031000,16.926418,10.488087,0.000000,7.120292,7.120069,0.000098,0.043708,0.019208,0.467209,631,8113000,74938,0,2,0,2,0,0,0,0,0,0,5406,0,3510,1896,0
13173,16.639875,16.507827,10.082204,0.000000,7.073375,7.054110,0.019140,0.052666,0.012542,1.320583,629,8101597,72170,0,2,0,2,0,0,0,0,0,0,5406,0,3510,1896,0
13174,16.646541,16.518974,10.307955,0.000000,7.014542,6.958194,0.056223,0.044334,0.011125,0.343834,639,8107058,70271,0,2,0,2,0,0,0,0,0,0,7208,0,4680,2528,0
13175,16.708959,16.587368,10.618583,0.000000,6.752292,6.744903,0.007264,0.041958,0.011458,0.953417,652,8106968,75239,0,2,0,2,0,0,0,0,0,0,7441,0,3510,3931,0
13176,16.349708,16.228713,9.483139,0.000000,7.402749,7.342651,0.060015,0.035750,0.009833,0.303875,630,8107306,72346,0,2,0,2,0,0,0,0,0,0,5406,0,3510,1896,0
13177,16.611458,16.495607,9.259239,0.000000,8.001166,7.997152,0.003848,0.040375,0.010209,0.967667,640,8107068,70353,0,2,0,2,0,0,0,0,0,0,7208,0,4680,2528,0
13178,16.950917,16.834970,9.797525,0.000000,7.617916,7.548777,0.069056,0.051750,0.012375,1.026291,629,8107312,74606,0,2,0,2,0,0,0,0,0,0,5406,0,3510,1896,0
13179,16.549958,16.435782,9.135667,0.000000,7.839999,7.769526,0.070390,0.034834,0.009083,0.652125,630,8107289,72369,0,2,0,2,0,0,0,0,0,0,5406,0,3510,1896,0
13180,16.662000,16.560479,8.962122,0.000000,8.122417,8.019527,0.102807,0.047542,0.008417,1.296874,640,8107101,70315,0,2,0,2,0,0,0,0,0,0,7208,0,4680,2528,0
13181,16.696792,16.581589,9.264425,0.000000,7.898208,7.821819,0.076264,0.037792,0.012000,0.300541,631,8107253,74552,0,2,0,2,0,0,0,0,0,0,5406,0,3510,1896,0
13182,16.820208,16.716194,9.089026,0.000000,8.140042,8.062777,0.077140,0.036542,0.009917,1.250582,629,8107299,72456,0,2,0,2,0,0,0,0,0,0,5406,0,3510,1896,0
13183,16.501000,16.391803,9.056682,0.000000,7.901666,7.797068,0.104473,0.036250,0.009292,0.315250,640,8107143,70292,0,2,0,2,0,0,0,0,0,0,7208,0,4680,2528,0
13184,16.711500,16.604638,9.208488,0.000000,7.978375,7.898027,0.080223,0.044959,0.035000,0.950626,629,8107236,74553,0,2,0,2,0,0,0,0,0,0,5406,0,3510,1896,0
13185,16.455667,16.344493,8.868583,0.000000,8.032290,7.950151,0.082056,0.034500,0.009500,0.535084,630,8107304,70221,0,2,0,2,0,0,0,0,0,0,5406,0,3510,1896,0
13186,16.789333,16.680774,9.837337,0.000000,7.829833,7.829568,0.000223,0.046334,0.014541,1.198833,639,8107120,74516,0,2,0,2,0,0,0,0,0,0,7208,0,4680,2528,0
13187,16.922959,16.801478,9.327322,0.000000,8.021334,7.935986,0.085223,0.051541,0.014917,1.250917,632,8107248,74697,0,2,0,2,0,0,0,0,0,0,5406,0,3510,1896,0
13188,16.544000,16.440593,9.005670,0.000000,8.008500,7.931194,0.077223,0.041833,0.018042,0.643958,629,8107264,72408,0,2,0,2,0,0,0,0,0,0,5406,0,3510,1896,0
13189,16.611500,16.504518,8.858292,0.000000,8.217083,8.109818,0.107140,0.036708,0.038417,0.995083,642,8107046,70230,0,2,0,2,0,0,0,0,0,0,7208,0,4680,2528,0
13190,16.729750,16.622529,9.159647,0.000000,7.981125,7.896777,0.084264,0.042125,0.037541,0.315708,631,8107329,74636,0,2,0,2,0,0,0,0,0,0,5406,0,3510,1896,0
13191,16.833583,16.721645,9.679733,0.000000,8.020624,8.016318,0.004265,0.045333,0.017875,1.271250,629,8107279,72375,0,2,0,2,0,0,0,0,0,0,5406,0,3510,1896,0
13192,16.562208,16.457076,9.031230,0.000000,7.969543,7.866902,0.102557,0.035375,0.008667,0.288750,639,8107031,70330,0,2,0,2,0,0,0,0,0,0,7208,0,4680,2528,0
13193,16.890334,16.775383,9.630880,0.000000,8.005415,7.889110,0.116222,0.054583,0.011625,1.050167,630,8107297,74613,0,2,0,2,0,0,0,0,0,0,5406,0,3510,1896,0
13194,16.486666,16.384907,9.007208,0.000000,7.962126,7.836277,0.125765,0.034250,0.008709,1.253084,630,8107319,71701,0,2,0,2,0,0,0,0,0,0,5406,0,3510,1896,0
13195,16.586125,16.475151,9.544470,0.000000,7.783708,7.783318,0.000265,0.042334,0.011125,0.636250,641,8107017,71958,0,2,0,2,0,0,0,0,0,0,7208,0,4680,2528,0
13196,16.679292,16.576533,9.115344,0.000000,8.092749,7.997569,0.095097,0.032458,0.009084,0.953041,630,8107342,74536,0,2,0,2,0,0,0,0,0,0,5406,0,3510,1896,0
13197,16.906167,16.814377,9.165249,0.000000,8.162416,8.046735,0.115556,0.041708,0.023000,0.607042,632,8111925,72663,0,2,0,2,0,0,0,0,0,0,5406,0,3510,1896,0
13198,16.530208,16.397620,9.325746,0.000000,7.827458,7.826943,0.000390,0.046292,0.012166,0.902417,639,8102381,70070,0,2,0,2,0,0,0,0,0,0,7208,0,4680,2528,0
13199,16.746083,16.631732,9.733777,0.000000,7.681166,7.663986,0.017014,0.042000,0.013042,0.658125,630,8107293,74543,0,2,0,2,0,0,0,0,0,0,5406,0,3510,1896,0
13200,16.685625,16.575263,9.812537,0.000000,7.859917,7.791610,0.068223,0.046542,0.014625,1.126542,632,8107296,72496,0,2,0,2,0,0,0,0,0,0,5406,0,3510,1896,0
13201,16.670792,16.570444,9.297923,0.000000,7.996041,7.865485,0.130473,0.039542,0.036750,1.256792,637,8107039,70208,0,2,0,2,0,0,0,0,0,0,7208,0,4680,2528,0
13202,16.623292,16.491211,9.383283,0.000000,7.770874,7.758152,0.009931,0.040083,0.019250,0.455375,632,8107304,74659,0,2,0,2,0,0,0,0,0,0,5406,0,3510,1896,0
13203,16.913333,16.798536,9.349360,0.000000,8.025666,7.907402,0.118223,0.045667,0.018041,0.910250,631,8107302,72408,0,2,0,2,0,0,0,0,0,0,5406,0,3510,1896,0
13204,16.490333,16.378729,9.062852,0.000000,7.939751,7.821069,0.118598,0.039459,0.015000,0.341958,641,8107063,70272,0,2,0,2,0,0,0,0,0,0,7208,0,4680,2528,0
13205,16.641042,16.523663,9.231081,0.000000,7.901333,7.814652,0.086556,0.045667,0.033041,0.859584,631,8107271,74594,0,2,0,2,0,0,0,0,0,0,5406,0,3510,1896,0
13206,16.799042,16.690292,8.990549,0.000000,8.267001,8.142944,0.123974,0.039708,0.043667,0.616542,629,8107290,72276,0,2,0,2,0,0,0,0,0,0,5406,0,3510,1896,0
13207,16.632583,16.524111,9.016700,0.000000,8.070084,7.947735,0.122265,0.037792,0.043125,0.770083,638,8107116,70814,0,2,0,2,0,0,0,0,0,0,7208,0,4680,2528,0
13208,16.662750,16.555913,9.230552,0.000000,7.875667,7.800569,0.075015,0.037167,0.009166,0.320042,631,8107509,73852,0,2,0,2,0,0,0,0,0,0,5406,0,3510,1896,0
13209,16.741417,16.633117,9.076376,0.000000,8.140584,8.024027,0.116473,0.039666,0.009834,1.224583,633,8107056,73015,0,2,0,2,0,0,0,0,0,0,5406,0,3510,1896,0
13210,16.757666,16.653745,9.128175,0.000000,8.131666,7.992860,0.138723,0.040292,0.010000,1.252625,639,8107110,72486,0,2,0,2,0,0,0,0,0,0,7208,0,4680,2528,0
13211,16.701167,16.590771,9.083060,0.000000,8.031041,7.909027,0.121847,0.033083,0.010709,0.298833,628,8107278,72367,0,2,0,2,0,0,0,0,0,0,5406,0,3510,1896,0
13212,16.631208,16.523956,9.123438,0.000000,7.981042,7.859527,0.121432,0.034000,0.046959,1.269209,631,8107300,72503,0,2,0,2,0,0,0,0,0,0,5406,0,3510,1896,0
13213,16.547417,16.437454,8.966548,0.000000,7.970875,7.875568,0.095223,0.036583,0.020625,0.293958,638,8107096,72471,0,2,0,2,0,0,0,0,0,0,7208,0,4680,2528,0
13214,16.764958,16.665476,9.058243,0.000000,8.180500,8.085860,0.094556,0.036250,0.007334,0.925249,632,8107279,72394,0,2,0,2,0,0,0,0,0,0,5406,0,3510,1896,0
13215,16.642792,16.539314,9.281157,0.000000,8.016084,8.005860,0.007474,0.041292,0.015208,0.289584,632,8107290,72242,0,2,0,2,0,0,0,0,0,0,6423,0,4015,2408,0
13216,16.667167,16.559569,9.582973,0.000000,7.914709,7.881027,0.033640,0.035166,0.008459,0.935125,635,8107105,72523,0,2,0,2,0,0,0,0,0,0,6191,0,4175,2016,0
13217,16.776750,16.655616,9.066276,0.000000,8.143208,8.051444,0.091639,0.041125,0.008708,1.238041,632,8107279,72532,0,2,0,2,0,0,0,0,0,0,5406,0,3510,1896,0
13218,16.562500,16.479856,8.952752,0.000000,8.083542,7.973568,0.109932,0.041625,0.032208,0.634208,637,8122570,70910,0,2,0,2,0,0,0,0,0,0,7208,0,4680,2528,0
13219,17.028041,16.894582,9.507139,0.000000,7.956541,7.861110,0.095181,0.063209,0.010333,0.913459,631,8091805,73917,0,2,0,2,0,0,0,0,0,0,5406,0,3510,1896,0
13220,16.436209,16.331300,9.183821,0.000000,7.807582,7.716860,0.090597,0.048583,0.009792,0.291666,630,8107311,72422,0,2,0,2,0,0,0,0,0,0,5406,0,3510,1896,0
13221,16.667583,16.559691,9.042831,0.000000,8.123542,8.008110,0.115349,0.047875,0.009208,1.240376,638,8107095,70193,0,2,0,2,0,0,0,0,0,0,7208,0,4680,2528,0
13222,16.610833,16.500636,9.113761,0.000000,7.905707,7.808985,0.096639,0.041792,0.034750,0.307208,632,8107269,74728,0,2,0,2,0,0,0,0,0,0,5406,0,3510,1896,0
13223,16.695000,16.589881,8.997402,0.000000,8.125792,8.040944,0.084764,0.045292,0.010583,0.948667,631,8107293,71725,0,2,0,2,0,0,0,0,0,0,5406,0,3510,1896,0
13224,16.597667,16.490646,9.593047,0.000000,7.895209,7.892902,0.002265,0.036083,0.031959,0.437458,641,8107162,71943,0,2,0,2,0,0,0,0,0,0,7208,0,4680,2528,0
13225,16.802125,16.745128,9.328530,0.000000,8.012750,7.898819,0.113806,0.081750,0.010375,1.258083,633,8122666,75216,0,2,0,2,0,0,0,0,0,0,5406,0,3510,1896,0
13226,16.580083,16.412492,9.776918,0.000000,8.043583,8.042194,0.001306,0.032625,0.008375,0.966542,629,8091887,71656,0,2,0,2,0,0,0,0,0,0,5406,0,3510,1896,0
13227,16.708292,16.600673,8.826226,0.000000,8.296708,8.177902,0.118681,0.038875,0.010708,0.669250,639,8107062,70404,0,2,0,2,0,0,0,0,0,0,7208,0,4680,2528,0
13228,16.825125,16.719371,9.476459,0.000000,7.791792,7.710235,0.081473,0.045000,0.009042,1.292374,631,8107336,74612,0,2,0,2,0,0,0,0,0,0,5406,0,3510,1896,0
13229,16.643333,16.528512,9.026570,0.000000,8.066917,7.976152,0.090640,0.034584,0.009125,0.316666,630,8107254,72361,0,2,0,2,0,0,0,0,0,0,5406,0,3510,1896,0
13230,16.680959,16.567361,8.997045,0.000000,8.171792,8.049693,0.122015,0.037875,0.012125,0.952041,639,8107101,70325,0,2,0,2,0,0,0,0,0,0,7208,0,4680,2528,0
13231,16.688916,16.579946,9.231417,0.000000,7.931667,7.832402,0.099182,0.037084,0.009333,0.306042,632,8107263,74541,0,2,0,2,0,0,0,0,0,0,5406,0,3510,1896,0
13232,16.674625,16.563829,8.983572,0.000000,8.138042,8.023569,0.114306,0.045042,0.010250,0.976541,631,8107300,72472,0,2,0,2,0,0,0,0,0,0,5406,0,3510,1896,0
13233,16.483375,16.374852,9.321256,0.000000,8.033709,8.025652,0.007932,0.040417,0.015958,0.943708,638,8107116,70225,0,2,0,2,0,0,0,0,0,0,7208,0,4680,2528,0
13234,16.927959,16.823062,9.991111,0.000000,8.053959,8.047402,0.003557,0.043500,0.010541,0.660958,630,8107318,74657,0,2,0,2,0,0,0,0,0,0,5406,0,3510,1896,0
13235,16.670833,16.558750,9.098210,0.000000,8.001833,7.911735,0.090015,0.039167,0.011333,0.952250,629,8107261,72409,0,2,0,2,0,0,0,0,0,0,5406,0,3510,1896,0
13236,16.601542,16.494158,8.889418,0.000000,8.183708,8.035860,0.147723,0.042666,0.028250,0.610667,638,8107133,70213,0,2,0,2,0,0,0,0,0,0,7208,0,4680,2528,0
13237,16.681250,16.573758,9.238322,0.000000,7.931167,7.833694,0.097348,0.036750,0.015500,1.184375,630,8107226,74674,0,2,0,2,0,0,0,0,0,0,5406,0,3510,1896,0
13238,16.909500,16.790219,9.614378,0.000000,7.680584,7.612527,0.067848,0.050333,0.013500,0.293875,631,8107318,72381,0,2,0,2,0,0,0,0,0,0,5406,0,3510,1896,0
13239,16.558541,16.449944,9.282891,0.000000,7.930334,7.814944,0.115265,0.033375,0.018250,0.932541,640,8107025,70281,0,2,0,2,0,0,0,0,0,0,7208,0,4680,2528,0
13240,16.717250,16.611259,9.335993,0.000000,7.842916,7.736318,0.106473,0.044334,0.014000,1.225500,631,8107294,74607,0,2,0,2,0,0,0,0,0,0,5406,0,3510,1896,0
13241,16.538834,16.436669,9.366491,0.000000,7.973125,7.972694,0.000264,0.038125,0.008750,0.308333,630,8107322,72335,0,2,0,2,0,0,0,0,0,0,5406,0,3510,1896,0
13242,16.698125,16.591034,8.976995,0.000000,8.146500,8.027735,0.118723,0.043208,0.011125,1.242709,640,8107046,70355,0,2,0,2,0,0,0,0,0,0,7208,0,4680,2528,0
13243,16.783958,16.669917,9.222356,0.000000,8.017375,7.922027,0.095265,0.039583,0.008625,0.641375,632,8107281,74604,0,2,0,2,0,0,0,0,0,0,5406,0,3510,1896,0
13244,16.652042,16.544502,9.025673,0.000000,7.984209,7.890694,0.093431,0.039666,0.036792,0.944250,630,8107299,72411,0,2,0,2,0,0,0,0,0,0,5406,0,3510,1896,0
13245,16.651666,16.544553,8.958511,0.000000,8.095375,7.977152,0.118140,0.038542,0.008917,0.662291,640,8107067,70268,0,2,0,2,0,0,0,0,0,0,7208,0,4680,2528,0
13246,16.665334,16.561540,9.639658,0.000000,7.820917,7.820652,0.000140,0.047291,0.009875,0.951667,631,8107263,74533,0,2,0,2,0,0,0,0,0,0,5406,0,3510,1896,0
13247,16.796208,16.680743,9.109541,0.000000,8.070208,7.910819,0.159264,0.043208,0.015459,0.681332,631,8107292,72479,0,2,0,2,0,0,0,0,0,0,5406,0,3510,1896,0
13248,16.624958,16.510659,9.080169,0.000000,8.018376,7.905694,0.112598,0.050584,0.014000,0.648417,639,8107070,70263,0,2,0,2,0,0,0,0,0,0,7208,0,4680,2528,0
13249,16.646500,16.539343,9.255315,0.000000,7.877292,7.782485,0.094682,0.035792,0.008208,1.292666,633,8108364,74609,0,2,0,2,0,0,0,0,0,0,5406,0,3510,1896,0
13250,16.718584,16.607290,8.978878,0.000000,8.195291,8.079277,0.115931,0.038125,0.008291,0.300416,631,8106204,72407,0,2,0,2,0,0,0,0,0,0,5406,0,3510,1896,0
13251,16.629750,16.522793,8.931098,0.000000,8.155333,8.039110,0.116140,0.036000,0.007125,1.255667,639,8107207,70197,0,2,0,2,0,0,0,0,0,0,7208,0,4680,2528,0
13252,16.525208,16.412452,10.055341,0.000000,7.836874,7.836027,0.000764,0.050833,0.009584,0.303792,630,8107144,74017,0,2,0,2,0,0,0,0,0,0,5406,0,3510,1896,0
13253,16.876083,16.757822,9.343937,0.000000,7.871124,7.862735,0.008264,0.047125,0.011875,0.940375,631,8107296,74075,0,2,0,2,0,0,0,0,0,0,5406,0,3510,1896,0
13254,16.676542,16.576681,9.097026,0.000000,8.069125,7.952360,0.116640,0.034583,0.026875,0.305167,639,8107037,70260,0,2,0,2,0,0,0,0,0,0,7208,0,4680,2528,0
13255,16.681292,16.563404,9.274245,0.000000,7.889918,7.774694,0.115140,0.040208,0.042667,0.958708,632,8107308,74610,0,2,0,2,0,0,0,0,0,0,5406,0,3510,1896,0
13256,16.698750,16.593571,9.118886,0.000000,8.144792,8.023027,0.121681,0.037166,0.009667,1.255792,630,8107292,72335,0,2,0,2,0,0,0,0,0,0,5406,0,3510,1896,0
13257,16.598333,16.505630,8.876722,0.000000,8.174749,8.034235,0.140431,0.039542,0.012708,0.653375,639,8111575,70159,0,2,0,2,0,0,0,0,0,0,7208,0,4680,2528,0
13258,16.710958,16.585117,9.386124,0.000000,7.871042,7.850944,0.020015,0.043792,0.043833,0.952208,630,8102777,75086,0,2,0,2,0,0,0,0,0,0,5406,0,3510,1896,0
13259,16.712250,16.602363,9.029384,0.000000,8.105000,7.983444,0.121473,0.041375,0.017542,0.300167,629,8107292,72341,0,2,0,2,0,0,0,0,0,0,5406,0,3510,1896,0
13260,16.593750,16.482961,9.745735,0.000000,8.027625,8.027318,0.000223,0.043459,0.034583,1.172001,640,8107089,70762,0,2,0,2,0,0,0,0,0,0,7208,0,4680,2528,0
13261,16.612667,16.506663,9.228780,0.000000,7.935917,7.935527,0.000265,0.039583,0.022709,0.328875,630,8107283,74137,0,2,0,2,0,0,0,0,0,0,5406,0,3510,1896,0
13262,16.868833,16.762220,8.927260,0.000000,8.364666,8.244194,0.120389,0.030584,0.023583,0.937208,633,8107297,72443,0,2,0,2,0,0,0,0,0,0,5406,0,3510,1896,0
13263,16.780750,16.676336,9.186006,0.000000,8.096791,7.968110,0.128598,0.035625,0.038375,1.095834,639,8107105,72471,0,2,0,2,0,0,0,0,0,0,7208,0,4680,2528,0
13264,16.489625,16.380559,9.524070,0.000000,7.942375,7.942069,0.000223,0.037500,0.010292,0.650250,629,8107281,72425,0,2,0,2,0,0,0,0,0,0,5406,0,3510,1896,0
13265,16.716459,16.605642,9.057168,0.000000,8.144000,8.027861,0.116056,0.038541,0.015667,0.913667,630,8107285,72412,0,2,0,2,0,0,0,0,0,0,5406,0,3510,1896,0
13266,16.889125,16.778543,9.388456,0.000000,7.983000,7.906318,0.076640,0.039416,0.009042,0.642834,639,8107085,72343,0,2,0,2,0,0,0,0,0,0,7208,0,4680,2528,0
13267,16.482541,16.316566,8.843049,0.000000,7.991916,7.901902,0.089931,0.025334,0.005666,0.965458,630,8091885,71871,0,2,0,2,0,0,0,0,0,0,5406,0,3510,1896,0
13268,16.490875,16.440293,9.309274,0.000000,8.044458,8.034694,0.009681,0.035084,0.014041,0.302250,631,8122927,72840,0,2,0,2,0,0,0,0,0,0,6397,0,3988,2408,0
13269,16.811084,16.706924,9.642992,0.000000,8.198667,8.188194,0.010348,0.028666,0.007667,1.252041,637,8106867,72656,0,2,0,2,0,0,0,0,0,0,6217,0,4202,2016,0
13270,16.613125,16.505033,8.880171,0.000000,8.119999,8.037652,0.082264,0.032500,0.012125,0.290125,631,8107290,72452,0,2,0,2,0,0,0,0,0,0,5406,0,3510,1896,0
13271,16.865125,16.724370,8.836744,0.000000,8.342959,8.219277,0.123598,0.026583,0.008833,0.951208,635,8107215,70350,0,2,0,2,0,0,0,0,0,0,7208,0,4680,2528,0
13272,16.590750,16.518964,8.986444,0.000000,8.020876,7.932444,0.088349,0.025541,0.017000,1.261083,634,8107182,74540,0,2,0,2,0,0,0,0,0,0,5406,0,3510,1896,0
13273,16.538166,16.424319,9.601926,0.000000,8.079293,8.076444,0.002765,0.024209,0.007250,0.648000,630,8105373,72322,0,2,0,2,0,0,0,0,0,0,5406,0,3510,1896,0
13274,16.757959,16.659042,8.752562,0.000000,8.386958,8.272736,0.114139,0.027000,0.012666,0.936458,638,8108991,70354,0,2,0,2,0,0,0,0,0,0,7208,0,4680,2528,0
13275,16.625958,16.515827,9.279278,0.000000,8.080167,8.077777,0.002265,0.025792,0.032791,0.633125,633,8107300,74621,0,2,0,2,0,0,0,0,0,0,5406,0,3510,1896,0
13276,16.782167,16.677078,9.434650,0.000000,8.284417,8.267319,0.017056,0.029041,0.009167,0.902833,631,8107293,72322,0,2,0,2,0,0,0,0,0,0,5406,0,3510,1896,0
13277,16.885541,16.776524,8.964126,0.000000,8.337583,8.193944,0.143556,0.034042,0.044917,0.306334,638,8107115,70340,0,2,0,2,0,0,0,0,0,0,7208,0,4680,2528,0
13278,16.561792,16.470663,9.196657,0.000000,7.852041,7.760860,0.091098,0.058292,0.018583,0.584125,629,8122733,75245,0,2,0,2,0,0,0,0,0,0,5406,0,3510,1896,0
13279,16.955958,16.833586,9.133250,0.000000,8.205041,8.120693,0.084264,0.046625,0.010792,0.724000,631,8091843,71756,0,2,0,2,0,0,0,0,0,0,5406,0,3510,1896,0
13280,16.825417,16.716030,9.508725,0.000000,7.774834,7.671569,0.103098,0.038375,0.010500,0.353666,637,8107097,70294,0,2,0,2,0,0,0,0,0,0,7208,0,4680,2528,0
13281,16.147375,16.034895,9.031020,0.000000,7.606584,7.504444,0.102015,0.033667,0.007458,0.998459,630,8107328,73873,0,2,0,2,0,0,0,0,0,0,5406,0,3510,1896,0
13282,16.856792,16.760196,9.321337,0.000000,8.004083,7.919068,0.084931,0.031125,0.036083,0.305792,652,8106907,74710,0,2,0,2,0,0,0,0,0,0,7441,0,3510,3931,0
13283,16.480125,16.399082,9.229469,0.000000,7.947916,7.947527,0.000306,0.036666,0.036667,0.815750,639,8114074,70615,0,2,0,2,0,0,0,0,0,0,7208,0,4680,2528,0
13284,16.551958,16.409487,8.690198,0.000000,8.201625,8.108207,0.093418,0.032208,0.016334,0.311167,631,8100297,72102,0,2,0,2,0,0,0,0,0,0,5406,0,3510,1896,0
13285,16.998083,16.890241,9.380425,0.000000,8.039917,7.945985,0.093807,0.026042,0.015417,0.792208,630,8107295,76707,0,2,0,2,0,0,0,0,0,0,5406,0,3510,1896,0
13286,16.504292,16.394534,8.741830,0.000000,8.192999,8.071819,0.121097,0.028125,0.013833,0.343042,637,8107305,70198,0,2,0,2,0,0,0,0,0,0,7208,0,4680,2528,0
13287,16.695875,16.585640,8.880504,0.000000,8.200499,8.113652,0.086806,0.026917,0.011791,0.712958,631,8107073,74701,0,2,0,2,0,0,0,0,0,0,5406,0,3510,1896,0
13288,16.794875,16.687323,8.918453,0.000000,8.228000,8.140069,0.087848,0.036625,0.009458,1.126750,631,8107321,72401,0,2,0,2,0,0,0,0,0,0,5406,0,3510,1896,0
13289,16.656292,16.549081,8.935550,0.000000,8.192208,8.070569,0.121556,0.033000,0.015166,0.485708,638,8107058,70229,0,2,0,2,0,0,0,0,0,0,7208,0,4680,2528,0
13290,16.509750,16.402921,8.969459,0.000000,7.965875,7.965277,0.000515,0.029666,0.020542,1.309208,633,8107307,74644,0,2,0,2,0,0,0,0,0,0,5406,0,3510,1896,0
13291,16.988541,16.881433,8.982151,0.000000,8.355625,8.263152,0.092348,0.028750,0.033125,0.304958,632,8107420,72362,0,2,0,2,0,0,0,0,0,0,5406,0,3510,1896,0
13292,16.341417,16.236502,9.123619,0.000000,7.981249,7.957819,0.023347,0.027167,0.015500,1.295874,638,8106937,70337,0,2,0,2,0,0,0,0,0,0,7208,0,4680,2528,0
13293,16.927958,16.819185,9.053973,0.000000,8.254499,8.161943,0.092473,0.026084,0.007500,0.306583,629,8107293,74603,0,2,0,2,0,0,0,0,0,0,5406,0,3510,1896,0
13294,16.577084,16.470191,8.784539,0.000000,8.200750,8.106777,0.093931,0.027791,0.013334,0.740250,633,8107271,72388,0,2,0,2,0,0,0,0,0,0,5406,0,3510,1896,0
13295,16.673583,16.563307,9.365379,0.000000,8.197791,8.189694,0.007889,0.034333,0.015250,0.768000,639,8107066,70284,0,2,0,2,0,0,0,0,0,0,7208,0,4680,2528,0
13296,16.663542,16.555385,9.413719,0.000000,8.003958,8.003277,0.000556,0.034208,0.039333,0.447334,631,8107384,74550,0,2,0,2,0,0,0,0,0,0,5406,0,3510,1896,0
13297,16.914375,16.804660,8.906380,0.000000,8.345251,8.197944,0.147223,0.066041,0.020542,0.782708,631,8107194,72468,0,2,0,2,0,0,0,0,0,0,5406,0,3510,1896,0
13298,16.680041,16.555019,9.310385,0.000000,7.752833,7.634860,0.117931,0.042792,0.019750,0.294292,639,8107085,70255,0,2,0,2,0,0,0,0,0,0,7208,0,4680,2528,0
13299,16.537584,16.428495,9.036265,0.000000,7.936416,7.840318,0.096015,0.034208,0.008292,1.075709,632,8107252,74560,0,2,0,2,0,0,0,0,0,0,5406,0,3510,1896,0
13300,16.743083,16.634974,8.828971,0.000000,8.349708,8.225444,0.124181,0.033417,0.026208,0.308000,632,8107331,72468,0,2,0,2,0,0,0,0,0,0,5406,0,3510,1896,0
13301,16.497208,16.389099,9.470272,0.000000,8.070792,8.070361,0.000348,0.037667,0.008833,0.924750,638,8107032,70207,0,2,0,2,0,0,0,0,0,0,7208,0,4680,2528,0
13302,16.881500,16.776356,9.129710,0.000000,8.153001,8.063319,0.089598,0.030250,0.009917,0.923375,629,8107319,74666,0,2,0,2,0,0,0,0,0,0,5406,0,3510,1896,0
13303,16.638000,16.469340,8.821944,0.000000,8.184333,8.056818,0.127431,0.024917,0.005875,0.538209,628,8091810,71744,0,2,0,2,0,0,0,0,0,0,5406,0,3510,1896,0
13304,16.629625,16.590721,8.804035,0.000000,8.284583,8.168569,0.115889,0.027042,0.014042,0.937792,639,8122522,70943,0,2,0,2,0,0,0,0,0,0,7208,0,4680,2528,0
13305,16.702792,16.588228,9.022825,0.000000,8.097041,7.999443,0.097473,0.029417,0.008666,0.487416,631,8107272,74589,0,2,0,2,0,0,0,0,0,0,5406,0,3510,1896,0
13306,16.555750,16.444296,8.769056,0.000000,8.167875,8.163194,0.004598,0.028792,0.041166,0.652292,631,8107306,71812,0,2,0,2,0,0,0,0,0,0,5406,0,3510,1896,0
13307,16.844917,16.753040,9.020403,0.000000,8.255709,8.132819,0.122806,0.040500,0.010250,0.468875,640,8110914,71342,0,2,0,2,0,0,0,0,0,0,7208,0,4680,2528,0
13308,16.690083,16.570371,9.112627,0.000000,8.002625,7.909735,0.092848,0.030167,0.012666,0.683083,629,8103426,74451,0,2,0,2,0,0,0,0,0,0,5406,0,3510,1896,0
13309,16.683375,16.572410,8.768208,0.000000,8.286749,8.159527,0.127139,0.028375,0.009125,0.291375,633,8107295,72065,0,2,0,2,0,0,0,0,0,0,5406,0,3510,1896,0
13310,16.650792,16.545120,8.932326,0.000000,8.113418,7.984986,0.128348,0.029000,0.022166,0.684000,641,8107035,70232,0,2,0,2,0,0,0,0,0,0,7208,0,4680,2528,0
13311,16.760666,16.652579,9.354660,0.000000,7.896375,7.805860,0.090432,0.030084,0.008500,0.657458,630,8107309,76212,0,2,0,2,0,0,0,0,0,0,5406,0,3510,1896,0
13312,16.628959,16.522881,8.892589,0.000000,8.162501,8.049402,0.113015,0.030416,0.014167,0.299708,629,8107295,72460,0,2,0,2,0,0,0,0,0,0,5406,0,3510,1896,0
13313,16.682208,16.572381,8.900896,0.000000,8.049791,8.041736,0.007972,0.045667,0.010541,0.655083,638,8107065,70718,0,2,0,2,0,0,0,0,0,0,7208,0,4680,2528,0
13314,16.849292,16.742954,9.335243,0.000000,7.963541,7.881485,0.081973,0.033166,0.015542,0.289750,632,8107319,74187,0,2,0,2,0,0,0,0,0,0,5406,0,3510,1896,0
13315,16.580208,16.471056,9.308449,0.000000,7.835792,7.834985,0.000723,0.047375,0.022375,0.611000,632,8107273,72418,0,2,0,2,0,0,0,0,0,0,5406,0,3510,1896,0
13316,16.724417,16.618667,9.127116,0.000000,8.016624,7.919652,0.096889,0.030833,0.022000,0.300375,641,8107086,72440,0,2,0,2,0,0,0,0,0,0,7208,0,4680,2528,0
13317,16.502125,16.391509,9.386110,0.000000,8.033793,8.030360,0.003349,0.031958,0.007167,0.612958,630,8107334,72475,0,2,0,2,0,0,0,0,0,0,5406,0,3510,1896,0
13318,16.843833,16.737171,8.837901,0.000000,8.390166,8.275152,0.114973,0.029250,0.008667,0.660083,632,8107259,72402,0,2,0,2,0,0,0,0,0,0,5406,0,3510,1896,0
13319,16.791125,16.681780,9.109691,0.000000,8.037625,7.949610,0.087973,0.035958,0.008584,0.300583,637,8107114,72458,0,2,0,2,0,0,0,0,0,0,7208,0,4680,2528,0
13320,16.610583,16.490984,9.216679,0.000000,7.735334,7.665152,0.070098,0.040250,0.030500,0.692958,632,8107284,72445,0,2,0,2,0,0,0,0,0,0,5406,0,3510,1896,0
13321,16.598334,16.494780,8.906576,0.000000,8.159709,8.026236,0.133348,0.027708,0.014458,0.297458,629,8107282,72050,0,2,0,2,0,0,0,0,0,0,6633,0,4225,2408,0
13322,16.702125,16.593714,9.136550,0.000000,8.001374,7.914527,0.086764,0.027125,0.006333,0.668084,639,8107078,72852,0,2,0,2,0,0,0,0,0,0,5981,0,3965,2016,0
13323,16.734250,16.626130,9.138803,0.000000,8.011375,7.936360,0.074932,0.037875,0.007166,0.294167,630,8107296,72425,0,2,0,2,0,0,0,0,0,0,5406,0,3510,1896,0
13324,16.599250,16.454724,8.953902,0.000000,8.071875,7.954152,0.117640,0.032708,0.015250,0.661666,636,8107409,70393,0,2,0,2,0,0,0,0,0,0,7208,0,4680,2528,0
13325,16.689750,16.618463,9.130015,0.000000,8.012667,7.925819,0.086723,0.029458,0.008458,0.592916,634,8106980,74462,0,2,0,2,0,0,0,0,0,0,5406,0,3510,1896,0
13326,16.643791,16.535350,9.655581,0.000000,8.100625,8.086735,0.013723,0.037000,0.010584,0.324333,630,8107329,72366,0,2,0,2,0,0,0,0,0,0,5406,0,3510,1896,0
13327,16.742667,16.636067,8.920730,0.000000,8.233917,8.117652,0.116181,0.030500,0.009833,0.634626,639,8107042,70413,0,2,0,2,0,0,0,0,0,0,7208,0,4680,2528,0
13328,16.638333,16.521213,9.364156,0.000000,7.826625,7.818569,0.007973,0.062750,0.009542,0.310125,631,8107301,74600,0,2,0,2,0,0,0,0,0,0,5406,0,3510,1896,0
13329,16.684250,16.577188,8.963850,0.000000,8.144459,8.050402,0.093932,0.028125,0.008209,0.662292,631,8107346,72375,0,2,0,2,0,0,0,0,0,0,5406,0,3510,1896,0
13330,16.579625,16.471290,8.743461,0.000000,8.275708,8.154527,0.121098,0.025542,0.031250,0.305542,639,8107028,70338,0,2,0,2,0,0,0,0,0,0,7208,0,4680,2528,0
13331,16.818250,16.714749,9.064419,0.000000,8.142375,8.044986,0.097306,0.027542,0.011333,0.753375,630,8108166,74577,0,2,0,2,0,0,0,0,0,0,5406,0,3510,1896,0
13332,16.808667,16.695236,9.078503,0.000000,8.086082,7.989693,0.096306,0.038167,0.008750,0.313208,631,8106437,72451,0,2,0,2,0,0,0,0,0,0,5406,0,3510,1896,0
13333,16.645583,16.538548,8.999926,0.000000,8.095500,7.951235,0.144182,0.052792,0.034792,0.594833,638,8107109,70307,0,2,0,2,0,0,0,0,0,0,7208,0,4680,2528,0
13334,16.568584,16.447876,9.170577,0.000000,7.862458,7.773528,0.088847,0.031541,0.016125,0.669166,632,8107262,74586,0,2,0,2,0,0,0,0,0,0,5406,0,3510,1896,0
13335,16.668666,16.561613,8.768981,0.000000,8.259708,8.151485,0.108140,0.028042,0.006500,0.290333,631,8107325,72418,0,2,0,2,0,0,0,0,0,0,5406,0,3510,1896,0
13336,16.608542,16.440261,8.638847,0.000000,8.325876,8.198736,0.127057,0.027333,0.012792,0.921333,637,8091635,69598,0,2,0,2,0,0,0,0,0,0,7208,0,4680,2528,0
13337,16.758958,16.708008,9.094898,0.000000,8.114208,8.015235,0.098890,0.025542,0.012333,0.369375,632,8122714,75322,0,2,0,2,0,0,0,0,0,0,5406,0,3510,1896,0
13338,16.613750,16.511309,9.323321,0.000000,8.177125,8.176777,0.000223,0.032417,0.014667,0.713041,630,8107301,72403,0,2,0,2,0,0,0,0,0,0,5406,0,3510,1896,0
13339,16.972084,16.857251,9.141616,0.000000,8.228250,8.112486,0.115514,0.043791,0.009084,0.320875,640,8107099,69616,0,2,0,2,0,0,0,0,0,0,7208,0,4680,2528,0
13340,16.770708,16.659723,9.649385,0.000000,7.587541,7.507902,0.079597,0.052083,0.042667,0.689542,628,8107294,76285,0,2,0,2,0,0,0,0,0,0,5406,0,3510,1896,0
13341,16.564792,16.460782,9.210922,0.000000,7.815499,7.725818,0.089598,0.033708,0.009083,0.614832,629,8107279,72362,0,2,0,2,0,0,0,0,0,0,5406,0,3510,1896,0
13342,16.373333,16.263990,9.279431,0.000000,7.886917,7.871652,0.015140,0.039125,0.018625,0.301917,639,8107086,70343,0,2,0,2,0,0,0,0,0,0,7208,0,4680,2528,0
13343,16.816000,16.709590,9.261611,0.000000,7.958375,7.879610,0.078681,0.028750,0.008333,0.682416,627,8107295,74607,0,2,0,2,0,0,0,0,0,0,5406,0,3510,1896,0
13344,16.772708,16.663998,8.958252,0.000000,8.214916,8.123193,0.091598,0.035709,0.017958,0.337625,632,8107312,72407,0,2,0,2,0,0,0,0,0,0,5406,0,3510,1896,0
13345,16.507292,16.398986,8.965125,0.000000,7.951209,7.850985,0.100140,0.030375,0.006333,0.612083,639,8107036,70317,0,2,0,2,0,0,0,0,0,0,7208,0,4680,2528,0
13346,16.818417,16.706679,9.045395,0.000000,8.172918,8.054528,0.118306,0.038875,0.009875,0.321209,627,8107388,74568,0,2,0,2,0,0,0,0,0,0,5406,0,3510,1896,0
13347,16.739000,16.629162,8.962130,0.000000,8.183125,8.094360,0.088682,0.035375,0.007958,0.616916,631,8107202,72444,0,2,0,2,0,0,0,0,0,0,5406,0,3510,1896,0
13348,16.507833,16.401924,9.438582,0.000000,8.056417,8.022819,0.033515,0.036958,0.010875,0.307250,639,8107051,70280,0,2,0,2,0,0,0,0,0,0,7208,0,4680,2528,0
13349,16.906292,16.797617,9.363583,0.000000,7.854001,7.792194,0.061723,0.037916,0.010417,0.612666,629,8107313,74572,0,2,0,2,0,0,0,0,0,0,5406,0,3510,1896,0
13350,16.692916,16.587925,9.077334,0.000000,8.017002,7.888444,0.128474,0.035459,0.007791,0.681708,633,8107296,72469,0,2,0,2,0,0,0,0,0,0,5406,0,3510,1896,0
13351,16.521125,16.404159,8.825835,0.000000,8.087417,7.967861,0.119473,0.033875,0.007459,0.310208,640,8107046,70245,0,2,0,2,0,0,0,0,0,0,7208,0,4680,2528,0
13352,16.694500,16.589300,9.122990,0.000000,7.997958,7.894985,0.102889,0.052917,0.015875,0.676125,629,8107276,74655,0,2,0,2,0,0,0,0,0,0,5406,0,3510,1896,0
13353,16.714959,16.607252,8.858732,0.000000,8.239458,8.116651,0.122682,0.032000,0.008625,0.303916,630,8107340,72431,0,2,0,2,0,0,0,0,0,0,5406,0,3510,1896,0
13354,17.635750,17.525380,9.850798,0.000000,8.202209,8.069777,0.132140,0.080333,0.013750,0.607250,642,8107005,70289,0,2,0,2,0,0,0,0,0,0,7208,0,4680,2528,0
13355,15.866833,15.751625,10.319128,0.000000,6.582167,6.572694,0.009348,0.052625,0.013500,0.297375,628,8107290,74249,0,2,0,2,0,0,0,0,0,0,5406,0,3510,1896,0
13356,17.181417,17.076217,9.931309,0.000000,7.888374,7.753151,0.135098,0.049083,0.012542,0.600000,630,8107319,73056,0,2,0,2,0,0,0,0,0,0,5406,0,3510,1896,0
13357,16.343541,16.292417,10.587289,0.000000,6.649625,6.581944,0.067556,0.088584,0.042500,0.646584,643,8122494,70967,0,2,0,2,0,0,0,0,0,0,7208,0,4680,2528,0
13358,16.764667,16.569067,10.797435,0.000000,6.666499,6.634444,0.031889,0.042750,0.011958,0.306875,630,8091822,73949,0,2,0,2,0,0,0,0,0,0,5406,0,3510,1896,0
13359,16.607958,16.482735,10.387403,0.000000,6.984917,6.920026,0.064807,0.027417,0.016542,0.724584,632,8107310,72314,0,2,0,2,0,0,0,0,0,0,5406,0,3510,1896,0
13360,16.592459,16.477917,10.097325,0.000000,7.210541,7.139985,0.070431,0.034708,0.009708,0.353792,639,8107069,70422,0,2,0,2,0,0,0,0,0,0,7208,0,4680,2528,0
13361,16.690958,16.563216,10.651227,0.000000,6.771417,6.770986,0.000348,0.024917,0.016125,0.734917,631,8107267,74578,0,2,0,2,0,0,0,0,0,0,5406,0,3510,1896,0
13362,16.709292,16.514544,10.168927,0.000000,7.188250,7.118068,0.070140,0.027958,0.010708,0.348833,628,8091846,71778,0,2,0,2,0,0,0,0,0,0,5406,0,3510,1896,0
13363,16.726041,16.674697,10.288379,0.000000,7.157875,7.093319,0.064473,0.034042,0.010167,0.926209,642,8122534,70971,0,2,0,2,0,0,0,0,0,0,7208,0,4680,2528,0
13364,16.649250,16.527893,10.556236,0.000000,6.843750,6.803569,0.040098,0.030209,0.016250,0.652375,630,8107261,74595,0,2,0,2,0,0,0,0,0,0,5406,0,3510,1896,0
13365,16.625625,16.508589,10.071382,0.000000,7.196416,7.136151,0.060182,0.023750,0.015292,0.310666,629,8091839,71774,0,2,0,2,0,0,0,0,0,0,5406,0,3510,1896,0
13366,16.761334,16.623135,10.626034,0.000000,7.266375,7.265902,0.000390,0.032166,0.009334,0.935499,639,8122567,71285,0,2,0,2,0,0,0,0,0,0,7208,0,4680,2528,0
13367,16.754500,16.651370,10.566047,0.000000,6.937458,6.900194,0.037181,0.034666,0.017417,0.322750,631,8107307,74289,0,2,0,2,0,0,0,0,0,0,5406,0,3510,1896,0
13368,16.440208,16.312027,11.019882,0.000000,6.953000,6.952735,0.000181,0.039083,0.028500,1.226667,630,8107286,71736,0,2,0,2,0,0,0,0,0,0,5406,0,3510,1896,0
13369,17.064833,16.933551,10.519702,0.000000,7.172459,7.149902,0.022432,0.034667,0.009875,0.325541,640,8107089,74100,0,2,0,2,0,0,0,0,0,0,7208,0,4680,2528,0
13370,16.674834,16.551577,10.368634,0.000000,7.002542,6.976736,0.025681,0.040291,0.021334,1.064541,630,8107262,72468,0,2,0,2,0,0,0,0,0,0,5406,0,3510,1896,0
13371,16.443041,16.246673,10.151213,0.000000,6.972084,6.904652,0.067349,0.025042,0.009417,0.289292,630,8092061,71734,0,2,0,2,0,0,0,0,0,0,5406,0,3510,1896,0
13372,16.682625,16.562884,10.114167,0.000000,7.235417,7.197694,0.037640,0.026542,0.008083,0.624083,638,8107010,72536,0,2,0,2,0,0,0,0,0,0,7208,0,4680,2528,0
13373,16.739709,16.689714,10.117045,0.000000,7.176999,7.127235,0.049681,0.033791,0.017500,0.702667,630,8122620,73059,0,2,0,2,0,0,0,0,0,0,5406,0,3510,1896,0
13374,16.733458,16.606691,10.186265,0.000000,7.237584,7.173527,0.063974,0.025708,0.017250,0.365500,629,8107480,72070,0,2,0,2,0,0,0,0,0,0,6672,0,4264,2408,0
13375,16.653333,16.538453,10.427613,0.000000,6.950792,6.917610,0.033098,0.034375,0.017125,0.605500,639,8106893,72863,0,2,0,2,0,0,0,0,0,0,5942,0,3926,2016,0
13376,16.677625,16.558672,10.188574,0.000000,7.177249,7.138610,0.038514,0.032042,0.016208,0.299541,632,8107279,72328,0,2,0,2,0,0,0,0,0,0,5406,0,3510,1896,0
13377,16.535875,16.392667,10.147876,0.000000,7.106916,7.041485,0.065348,0.025542,0.014792,0.656209,639,8111776,70566,0,2,0,2,0,0,0,0,0,0,7208,0,4680,2528,0
13378,16.736125,16.563081,10.152113,0.000000,7.202000,7.165777,0.036098,0.024667,0.008792,0.352167,629,8087252,73761,0,2,0,2,0,0,0,0,0,0,5406,0,3510,1896,0
13379,16.680167,16.608719,10.422547,0.000000,6.990958,6.990527,0.000306,0.026958,0.008459,0.593791,630,8117511,72853,0,2,0,2,0,0,0,0,0,0,5406,0,3510,1896,0
13380,16.681958,16.511546,9.987871,0.000000,7.319958,7.245527,0.074348,0.027750,0.008792,0.675874,640,8096798,69888,0,2,0,2,0,0,0,0,0,0,7208,0,4680,2528,0
13381,16.737625,16.684781,10.694557,0.000000,6.790710,6.778444,0.012182,0.037334,0.017291,0.635167,631,8122723,75250,0,2,0,2,0,0,0,0,0,0,5406,0,3510,1896,0
13382,16.608792,16.415676,10.036864,0.000000,7.181791,7.146319,0.035389,0.022208,0.007667,0.666250,632,8091851,71776,0,2,0,2,0,0,0,0,0,0,5406,0,3510,1896,0
13383,16.328417,16.196559,9.627742,0.000000,7.364334,7.294277,0.069973,0.025583,0.008417,0.358458,638,8107099,68051,0,2,0,2,0,0,0,0,0,0,7208,0,4680,2528,0
13384,17.066750,16.946288,10.754538,0.000000,7.035293,6.992486,0.042723,0.023833,0.007125,0.713791,629,8107400,78965,0,2,0,2,0,0,0,0,0,0,5406,0,3510,1896,0
13385,16.630666,16.510874,9.896458,0.000000,7.358875,7.321819,0.036972,0.021125,0.015542,0.300375,630,8107225,72416,0,2,0,2,0,0,0,0,0,0,5406,0,3510,1896,0
13386,16.539250,16.417051,9.980540,0.000000,7.227416,7.193318,0.033973,0.020375,0.014250,0.651625,637,8107059,70303,0,2,0,2,0,0,0,0,0,0,7208,0,4680,2528,0
13387,16.850000,16.798466,10.435924,0.000000,7.156292,7.120736,0.035431,0.026792,0.016333,0.352041,633,8122723,75268,0,2,0,2,0,0,0,0,0,0,5406,0,3510,1896,0
13388,16.836334,16.729883,10.378271,0.000000,7.036668,7.036236,0.000265,0.057583,0.019917,0.703792,644,8112314,72839,0,2,0,2,0,0,0,0,0,0,6943,0,3510,3433,0
13389,16.615041,16.482424,10.336598,0.000000,6.930208,6.858735,0.071348,0.044042,0.018208,0.642207,646,8105575,70654,0,2,0,2,0,0,0,0,0,0,7706,0,4680,3026,0
13390,16.903417,16.766572,10.631038,0.000000,6.881750,6.847152,0.034431,0.051625,0.012125,0.350458,630,8103436,74485,0,2,0,2,0,0,0,0,0,0,5406,0,3510,1896,0
13391,16.478750,16.355824,10.152313,0.000000,6.952374,6.918444,0.033764,0.041167,0.017666,0.723750,632,8107294,72406,0,2,0,2,0,0,0,0,0,0,5406,0,3510,1896,0
13392,16.514708,16.390332,10.126050,0.000000,7.050875,7.022110,0.028598,0.050000,0.010459,0.292667,639,8107087,70324,0,2,0,2,0,0,0,0,0,0,7208,0,4680,2528,0
13393,16.653209,16.541780,9.417323,0.000000,7.732333,7.623527,0.108723,0.045833,0.017042,0.597750,631,8107310,74597,0,2,0,2,0,0,0,0,0,0,5406,0,3510,1896,0
13394,16.673541,16.568652,9.088697,0.000000,8.054917,7.962069,0.092765,0.042209,0.015625,0.289875,629,8107289,72427,0,2,0,2,0,0,0,0,0,0,5406,0,3510,1896,0
13395,16.590875,16.482373,8.945174,0.000000,8.085084,7.962819,0.122140,0.046834,0.011000,0.664375,640,8107109,70310,0,2,0,2,0,0,0,0,0,0,7208,0,4680,2528,0
13396,16.695417,16.590882,9.158341,0.000000,7.970334,7.868736,0.101515,0.029583,0.013334,0.716125,631,8107340,74577,0,2,0,2,0,0,0,0,0,0,5406,0,3510,1896,0
13397,16.533583,16.420241,8.935505,0.000000,8.155416,8.141735,0.013598,0.042042,0.021083,0.364250,632,8107226,71768,0,2,0,2,0,0,0,0,0,0,5406,0,3510,1896,0
13398,16.905000,16.798703,9.283295,0.000000,8.084375,7.964735,0.119557,0.042375,0.009709,0.750251,639,8107073,71926,0,2,0,2,0,0,0,0,0,0,7208,0,4680,2528,0
13399,16.873667,16.762347,9.580314,0.000000,7.806208,7.726318,0.079723,0.051333,0.010584,0.292750,630,8107263,74578,0,2,0,2,0,0,0,0,0,0,5406,0,3510,1896,0
13400,16.681625,16.578197,9.357264,0.000000,7.798875,7.699361,0.099431,0.047000,0.032875,0.715708,629,8107351,72494,0,2,0,2,0,0,0,0,0,0,5406,0,3510,1896,0
13401,16.357875,16.244541,9.370305,0.000000,7.778543,7.771652,0.006724,0.042333,0.010459,0.289542,641,8106999,70260,0,2,0,2,0,0,0,0,0,0,7208,0,4680,2528,0
13402,16.857875,16.746158,9.394176,0.000000,7.872166,7.743360,0.128681,0.049208,0.031334,0.606166,631,8107289,74628,0,2,0,2,0,0,0,0,0,0,5406,0,3510,1896,0
13403,16.625000,16.520118,9.203010,0.000000,7.844166,7.766944,0.077139,0.034375,0.020542,0.298125,629,8107320,72439,0,2,0,2,0,0,0,0,0,0,5406,0,3510,1896,0
13404,16.609000,16.498923,8.995862,0.000000,8.052624,7.937110,0.115431,0.052750,0.010333,0.655333,638,8107031,69938,0,2,0,2,0,0,0,0,0,0,7208,0,4680,2528,0
13405,16.744500,16.635959,9.274368,0.000000,7.855999,7.771485,0.084431,0.043583,0.010667,0.583125,630,8107305,75276,0,2,0,2,0,0,0,0,0,0,5406,0,3510,1896,0
13406,16.800833,16.689027,9.349653,0.000000,7.906292,7.804819,0.101306,0.047584,0.010416,0.300916,630,8107323,72301,0,2,0,2,0,0,0,0,0,0,5406,0,3510,1896,0
13407,16.536959,16.422188,9.103897,0.000000,7.957916,7.842443,0.115348,0.034750,0.013666,0.724125,640,8107079,70413,0,2,0,2,0,0,0,0,0,0,7208,0,4680,2528,0
13408,16.771000,16.659041,9.415379,0.000000,7.830083,7.740152,0.089848,0.038875,0.010291,0.292500,632,8107272,74610,0,2,0,2,0,0,0,0,0,0,5406,0,3510,1896,0
13409,16.660541,16.548526,9.060169,0.000000,8.065457,7.945235,0.120139,0.047250,0.013292,0.659458,630,8107280,72374,0,2,0,2,0,0,0,0,0,0,5406,0,3510,1896,0
13410,16.644375,16.536924,9.085043,0.000000,8.123833,7.968735,0.154973,0.050834,0.011416,0.351500,640,8107008,70340,0,2,0,2,0,0,0,0,0,0,7208,0,4680,2528,0
13411,16.587084,16.477644,9.367196,0.000000,7.734666,7.723652,0.010889,0.041875,0.015833,0.606000,632,8107295,74555,0,2,0,2,0,0,0,0,0,0,5406,0,3510,1896,0
13412,16.990708,16.940421,9.202581,0.000000,8.242584,8.119569,0.122765,0.095375,0.031208,0.666916,632,8122746,73109,0,2,0,2,0,0,0,0,0,0,5406,0,3510,1896,0
13413,16.742750,16.639031,9.973362,0.000000,7.394499,7.373401,0.020765,0.100583,0.013959,0.296833,641,8107113,70312,0,2,0,2,0,0,0,0,0,0,7208,0,4680,2528,0
13414,16.755333,16.571131,10.121587,0.000000,7.020584,6.936694,0.083765,0.073959,0.014041,0.605084,628,8091801,73956,0,2,0,2,0,0,0,0,0,0,5406,0,3510,1896,0
13415,16.406334,16.300155,9.170661,0.000000,7.793000,7.655194,0.137765,0.043458,0.010333,0.300500,629,8107276,72426,0,2,0,2,0,0,0,0,0,0,5406,0,3510,1896,0
13416,16.522541,16.416237,8.805176,0.000000,8.133835,8.008152,0.125599,0.039959,0.009125,0.641166,641,8107064,70267,0,2,0,2,0,0,0,0,0,0,7208,0,4680,2528,0
13417,17.087542,17.036906,9.589163,0.000000,7.941251,7.853819,0.087265,0.080000,0.032292,0.447250,632,8122733,75263,0,2,0,2,0,0,0,0,0,0,5406,0,3510,1896,0
13418,16.449458,16.302726,9.354813,0.000000,7.566625,7.566444,0.000098,0.047334,0.020041,0.610918,630,8096937,72006,0,2,0,2,0,0,0,0,0,0,5406,0,3510,1896,0
13419,16.658000,16.527442,9.141754,0.000000,7.879416,7.782276,0.097015,0.042959,0.016666,0.623750,639,8101988,70465,0,2,0,2,0,0,0,0,0,0,7208,0,4680,2528,0
13420,16.737000,16.628208,9.548956,0.000000,7.812750,7.711027,0.101598,0.042375,0.010167,0.292708,631,8107309,74241,0,2,0,2,0,0,0,0,0,0,5406,0,3510,1896,0
13421,16.577875,16.466446,9.105392,0.000000,7.971293,7.857986,0.113223,0.034917,0.008833,0.649208,632,8107314,72307,0,2,0,2,0,0,0,0,0,0,5406,0,3510,1896,0
13422,16.872250,16.767762,9.296674,0.000000,8.047208,7.945943,0.101181,0.035792,0.008667,0.289292,638,8107184,72563,0,2,0,2,0,0,0,0,0,0,7208,0,4680,2528,0
13423,16.519542,16.400840,9.033264,0.000000,7.942417,7.832194,0.110098,0.041708,0.017917,0.691792,631,8107209,72455,0,2,0,2,0,0,0,0,0,0,5406,0,3510,1896,0
13424,16.825750,16.715384,9.169495,0.000000,8.107168,7.988736,0.118348,0.047083,0.010375,0.364958,631,8107265,72421,0,2,0,2,0,0,0,0,0,0,5406,0,3510,1896,0
13425,16.474375,16.366928,9.156031,0.000000,7.772209,7.688902,0.083182,0.040792,0.022541,0.665708,638,8107074,72480,0,2,0,2,0,0,0,0,0,0,7208,0,4680,2528,0
13426,16.644875,16.537416,9.000065,0.000000,8.061875,7.974027,0.087723,0.036458,0.008334,0.289666,630,8107321,71651,0,2,0,2,0,0,0,0,0,0,5406,0,3510,1896,0
13427,16.818208,16.709706,9.427873,0.000000,7.839667,7.719319,0.120223,0.051417,0.010583,0.684501,632,8107402,73750,0,2,0,2,0,0,0,0,0,0,7004,0,4536,2468,0
13428,16.673375,16.567895,9.044964,0.000000,7.971418,7.883694,0.087640,0.039000,0.030584,0.734750,635,8106946,72913,0,2,0,2,0,0,0,0,0,0,5610,0,3654,1956,0
13429,16.700625,16.594586,9.162877,0.000000,8.017917,7.927193,0.090640,0.037084,0.008000,0.474208,631,8107310,72341,0,2,0,2,0,0,0,0,0,0,5406,0,3510,1896,0
13430,16.723667,16.591089,9.057966,0.000000,8.129375,8.012652,0.116639,0.052333,0.011042,0.728416,637,8107222,70374,0,2,0,2,0,0,0,0,0,0,7208,0,4680,2528,0
13431,16.531083,16.448628,9.099458,0.000000,7.918751,7.821152,0.097557,0.037875,0.009292,0.301208,632,8107157,74588,0,2,0,2,0,0,0,0,0,0,5406,0,3510,1896,0
13432,16.768209,16.661810,9.130653,0.000000,8.091250,7.999527,0.091640,0.031000,0.015416,0.601708,630,8107294,72447,0,2,0,2,0,0,0,0,0,0,5406,0,3510,1896,0
13433,16.753625,16.643792,9.003531,0.000000,8.059083,7.932069,0.126889,0.043708,0.026667,0.291458,638,8107080,70308,0,2,0,2,0,0,0,0,0,0,7208,0,4680,2528,0
13434,16.607875,16.502480,9.383388,0.000000,7.717542,7.624360,0.093099,0.032208,0.014458,0.605917,632,8107292,74600,0,2,0,2,0,0,0,0,0,0,5406,0,3510,1896,0
13435,16.621666,16.511728,9.001110,0.000000,8.052125,7.960110,0.091890,0.043125,0.011042,0.594166,632,8107299,72425,0,2,0,2,0,0,0,0,0,0,5406,0,3510,1896,0
13436,16.593125,16.485322,9.189143,0.000000,8.078209,8.056694,0.021431,0.041750,0.018625,0.290458,640,8107098,70256,0,2,0,2,0,0,0,0,0,0,7208,0,4680,2528,0
13437,16.775542,16.671240,9.299326,0.000000,7.958752,7.874069,0.084599,0.031125,0.020292,0.733666,630,8107277,74648,0,2,0,2,0,0,0,0,0,0,5406,0,3510,1896,0
13438,16.807042,16.696787,8.997966,0.000000,8.148582,8.056610,0.091889,0.042833,0.010250,0.293375,630,8107316,72413,0,2,0,2,0,0,0,0,0,0,5406,0,3510,1896,0
13439,16.622458,16.514834,8.928867,0.000000,8.137749,8.001360,0.136306,0.043375,0.033333,0.827251,638,8107066,70270,0,2,0,2,0,0,0,0,0,0,7208,0,4680,2528,0
13440,16.670542,16.561795,9.291420,0.000000,7.845499,7.750693,0.094723,0.040375,0.009041,0.293791,630,8107306,74649,0,2,0,2,0,0,0,0,0,0,5406,0,3510,1896,0
13441,16.614208,16.505196,8.918477,0.000000,8.059333,7.966902,0.092306,0.038583,0.017417,0.655501,630,8107302,72365,0,2,0,2,0,0,0,0,0,0,5406,0,3510,1896,0
13442,16.709167,16.611201,8.876348,0.000000,8.223958,8.098110,0.125764,0.041708,0.016500,0.745625,639,8109116,70443,0,2,0,2,0,0,0,0,0,0,7208,0,4680,2528,0
13443,16.709666,16.587895,9.184109,0.000000,7.962291,7.877610,0.084598,0.039417,0.033875,0.367041,629,8105299,74525,0,2,0,2,0,0,0,0,0,0,5406,0,3510,1896,0
13444,16.640042,16.531603,8.924895,0.000000,8.137125,8.046902,0.090140,0.036000,0.009333,0.712834,631,8107254,72407,0,2,0,2,0,0,0,0,0,0,5406,0,3510,1896,0
13445,16.677750,16.570724,9.018155,0.000000,8.113958,7.995152,0.118723,0.039583,0.018667,0.365291,639,8107098,70310,0,2,0,2,0,0,0,0,0,0,7208,0,4680,2528,0
13446,16.659958,16.560383,9.519133,0.000000,7.906083,7.905651,0.000390,0.039125,0.009334,0.649709,630,8107279,74561,0,2,0,2,0,0,0,0,0,0,5406,0,3510,1896,0
13447,16.729792,16.614080,9.014215,0.000000,8.149209,8.054319,0.094807,0.033917,0.016333,0.451000,630,8107312,72452,0,2,0,2,0,0,0,0,0,0,5406,0,3510,1896,0
13448,16.686792,16.579679,8.873386,0.000000,8.238876,8.117319,0.121473,0.042208,0.018458,0.906374,636,8107059,70288,0,2,0,2,0,0,0,0,0,0,7208,0,4680,2528,0
13449,16.690166,16.582501,9.235698,0.000000,7.986832,7.896068,0.090723,0.038792,0.016167,0.304625,629,8107297,74582,0,2,0,2,0,0,0,0,0,0,5406,0,3510,1896,0
13450,16.670417,16.558118,8.968707,0.000000,8.137125,8.020569,0.116473,0.033167,0.009416,0.756250,630,8107322,72468,0,2,0,2,0,0,0,0,0,0,5406,0,3510,1896,0
13451,16.644750,16.545209,8.943227,0.000000,8.168376,8.035986,0.132306,0.044625,0.010208,0.980042,640,8107043,70239,0,2,0,2,0,0,0,0,0,0,7208,0,4680,2528,0
13452,16.693708,16.583635,9.123744,0.000000,8.043042,7.951443,0.091515,0.040292,0.008750,0.458833,631,8107271,74674,0,2,0,2,0,0,0,0,0,0,5406,0,3510,1896,0
13453,16.673500,16.563160,8.932043,0.000000,8.188250,8.089361,0.098764,0.032167,0.013250,1.260459,630,8107316,72067,0,2,0,2,0,0,0,0,0,0,5406,0,3510,1896,0
13454,16.702875,16.600174,8.975305,0.000000,8.172375,8.051985,0.120306,0.039792,0.010583,0.631833,640,8107034,70954,0,2,0,2,0,0,0,0,0,0,7208,0,4680,2528,0
13455,16.589167,16.475284,9.678889,0.000000,7.801876,7.795444,0.006307,0.041333,0.032042,0.935958,632,8107290,73929,0,2,0,2,0,0,0,0,0,0,5406,0,3510,1896,0
13456,16.780458,16.672913,9.077926,0.000000,8.122667,8.026611,0.095973,0.035542,0.008250,0.302917,630,8107426,74056,0,2,0,2,0,0,0,0,0,0,5406,0,3510,1896,0
13457,16.576292,16.470152,9.030627,0.000000,8.005958,7.924236,0.081639,0.040333,0.009959,0.942708,639,8106924,70293,0,2,0,2,0,0,0,0,0,0,7208,0,4680,2528,0
13458,16.768792,16.660009,9.444270,0.000000,7.888791,7.881026,0.007598,0.036083,0.009625,0.430875,631,8107289,74644,0,2,0,2,0,0,0,0,0,0,5406,0,3510,1896,0
13459,16.877750,16.752701,10.044656,0.000000,7.571292,7.565777,0.005473,0.046958,0.029750,0.940167,632,8107299,72363,0,2,0,2,0,0,0,0,0,0,5406,0,3510,1896,0
13460,16.459916,16.347769,9.922108,0.000000,7.631583,7.620027,0.011431,0.050250,0.017959,0.942000,639,8107076,70358,0,2,0,2,0,0,0,0,0,0,7208,0,4680,2528,0
13461,16.822625,16.712072,9.359908,0.000000,7.901042,7.818985,0.081932,0.041250,0.033750,0.292250,631,8107296,74593,0,2,0,2,0,0,0,0,0,0,5406,0,3510,1896,0
13462,16.539125,16.428605,9.185438,0.000000,7.849125,7.844110,0.004932,0.039542,0.010083,0.911875,632,8107278,72427,0,2,0,2,0,0,0,0,0,0,5406,0,3510,1896,0
13463,16.646584,16.539063,9.253373,0.000000,8.090293,8.079861,0.010348,0.039666,0.043667,0.586750,638,8107072,70309,0,2,0,2,0,0,0,0,0,0,7208,0,4680,2528,0
13464,16.780541,16.676204,9.237482,0.000000,7.981500,7.887777,0.093640,0.038084,0.008333,0.948291,631,8107255,74604,0,2,0,2,0,0,0,0,0,0,5406,0,3510,1896,0
13465,16.658250,16.550107,9.092625,0.000000,8.018750,7.919694,0.098973,0.035667,0.017625,0.290125,629,8107306,72414,0,2,0,2,0,0,0,0,0,0,5406,0,3510,1896,0
13466,16.713209,16.601302,8.935930,0.000000,8.191959,8.071444,0.120431,0.039916,0.019584,0.647251,639,8107037,70259,0,2,0,2,0,0,0,0,0,0,7208,0,4680,2528,0
13467,16.780458,16.717067,9.515246,0.000000,7.794335,7.709944,0.084349,0.069042,0.020708,1.085749,631,8131495,75678,0,2,0,2,0,0,0,0,0,0,5406,0,3510,1896,0
13468,16.658917,16.501059,9.103381,0.000000,7.990874,7.896777,0.094014,0.046333,0.025292,0.436500,630,8083117,71401,0,2,0,2,0,0,0,0,0,0,5406,0,3510,1896,0
13469,16.579041,16.472215,9.997104,0.000000,7.882584,7.882111,0.000348,0.038042,0.011042,0.740457,639,8107051,70243,0,2,0,2,0,0,0,0,0,0,7208,0,4680,2528,0
13470,16.699625,16.590459,9.418872,0.000000,7.757209,7.684152,0.072973,0.036042,0.009125,0.298625,630,8107271,74648,0,2,0,2,0,0,0,0,0,0,5406,0,3510,1896,0
13471,16.737209,16.640813,9.058165,0.000000,8.177916,8.039068,0.138765,0.033958,0.015875,0.933500,632,8110843,72531,0,2,0,2,0,0,0,0,0,0,5406,0,3510,1896,0
13472,16.506833,16.382269,9.245248,0.000000,7.967125,7.966777,0.000223,0.039125,0.067833,0.289458,636,8103533,70612,0,2,0,2,0,0,0,0,0,0,7208,0,4680,2528,0
13473,16.904917,16.798564,9.215840,0.000000,8.093666,7.998276,0.095307,0.045958,0.011792,0.760333,629,8107321,74202,0,2,0,2,0,0,0,0,0,0,5406,0,3510,1896,0
13474,16.489958,16.379046,9.213825,0.000000,7.928875,7.927694,0.001098,0.037500,0.017500,0.738709,633,8107272,72414,0,2,0,2,0,0,0,0,0,0,5406,0,3510,1896,0
13475,16.817625,16.704374,9.134180,0.000000,8.148625,8.054861,0.093639,0.037792,0.010791,0.650125,636,8107111,72463,0,2,0,2,0,0,0,0,0,0,7208,0,4680,2528,0
13476,16.696500,16.582493,9.076923,0.000000,8.046000,7.955110,0.090806,0.045167,0.013333,1.248000,631,8107271,72421,0,2,0,2,0,0,0,0,0,0,5406,0,3510,1896,0
13477,16.828417,16.719942,9.857758,0.000000,8.042208,8.041735,0.000264,0.049750,0.014500,0.656083,631,8107301,72438,0,2,0,2,0,0,0,0,0,0,5406,0,3510,1896,0
13478,16.487583,16.379747,9.442071,0.000000,7.545710,7.539986,0.005640,0.044500,0.010125,0.910291,639,8107150,72454,0,2,0,2,0,0,0,0,0,0,7208,0,4680,2528,0
13479,16.787000,16.678475,9.090782,0.000000,8.091041,8.007151,0.083807,0.033667,0.008250,0.312750,630,8107227,72438,0,2,0,2,0,0,0,0,0,0,5406,0,3510,1896,0
13480,16.610167,16.499595,9.078580,0.000000,8.014417,7.891694,0.122598,0.035166,0.008417,0.972542,633,8107400,71967,0,2,0,2,0,0,0,0,0,0,6944,0,4536,2408,0
13481,16.638500,16.523074,9.319079,0.000000,7.920250,7.833777,0.086431,0.042541,0.017209,0.289417,636,8106977,72951,0,2,0,2,0,0,0,0,0,0,5670,0,3654,2016,0
13482,16.397833,16.283854,8.900578,0.000000,8.042251,7.955569,0.086599,0.034542,0.009083,0.929167,630,8107298,70210,0,2,0,2,0,0,0,0,0,0,5406,0,3510,1896,0
13483,16.930417,16.796027,9.285302,0.000000,8.035501,7.925444,0.109973,0.032541,0.013792,0.903417,639,8107134,74619,0,2,0,2,0,0,0,0,0,0,7208,0,4680,2528,0
13484,16.611375,16.532017,9.227206,0.000000,7.886791,7.820819,0.065889,0.032875,0.009125,0.483375,630,8107275,73927,0,2,0,2,0,0,0,0,0,0,5406,0,3510,1896,0
13485,16.921875,16.874120,9.288733,0.000000,8.098708,7.999777,0.098848,0.077083,0.023000,0.760249,632,8122743,74721,0,2,0,2,0,0,0,0,0,0,5406,0,3510,1896,0
13486,16.655208,16.490641,9.069117,0.000000,8.129625,8.006569,0.122973,0.045250,0.017042,0.445833,638,8091664,69608,0,2,0,2,0,0,0,0,0,0,7208,0,4680,2528,0
13487,16.589125,16.492046,9.585207,0.000000,7.762000,7.761694,0.000264,0.084542,0.017375,1.101375,632,8122683,75302,0,2,0,2,0,0,0,0,0,0,5406,0,3510,1896,0
13488,16.652125,16.526540,9.051580,0.000000,7.995083,7.928610,0.066390,0.035875,0.039083,0.290958,630,8091858,71779,0,2,0,2,0,0,0,0,0,0,5406,0,3510,1896,0
13489,16.682875,16.573844,9.034390,0.000000,8.106500,7.986402,0.119973,0.035375,0.008833,0.772208,640,8107102,70249,0,2,0,2,0,0,0,0,0,0,7208,0,4680,2528,0
13490,16.679417,16.574687,9.210036,0.000000,7.934708,7.854152,0.080473,0.033541,0.008375,0.917124,629,8107279,74654,0,2,0,2,0,0,0,0,0,0,5406,0,3510,1896,0
13491,16.717958,16.609716,9.000457,0.000000,8.136252,8.051819,0.084349,0.035667,0.016208,0.481291,628,8107314,72420,0,2,0,2,0,0,0,0,0,0,5406,0,3510,1896,0
13492,16.598083,16.489117,9.062303,0.000000,7.968459,7.891110,0.077307,0.033334,0.007291,0.949750,639,8107068,70317,0,2,0,2,0,0,0,0,0,0,7208,0,4680,2528,0
13493,16.908917,16.855128,9.332210,0.000000,8.054875,7.969235,0.085556,0.067000,0.044792,0.488208,631,8122742,75242,0,2,0,2,0,0,0,0,0,0,5406,0,3510,1896,0
13494,16.524417,16.361571,9.106385,0.000000,7.975166,7.887110,0.087973,0.037250,0.033416,0.977334,631,8091843,71767,0,2,0,2,0,0,0,0,0,0,5406,0,3510,1896,0
13495,16.729958,16.620970,9.217909,0.000000,7.922125,7.834319,0.087723,0.039958,0.036500,0.305666,660,8107176,70966,0,2,0,2,0,0,0,0,0,0,9243,0,4680,4563,0
13496,16.615583,16.506332,9.243711,0.000000,7.803707,7.730360,0.073264,0.031792,0.007750,0.828250,629,8106857,74577,0,2,0,2,0,0,0,0,0,0,5406,0,3510,1896,0
13497,16.727334,16.619012,8.985169,0.000000,8.145709,8.065610,0.080015,0.035666,0.008584,0.872375,631,8107305,72450,0,2,0,2,0,0,0,0,0,0,5406,0,3510,1896,0
13498,16.691625,16.579520,9.019377,0.000000,8.103583,7.995152,0.108348,0.035541,0.010542,0.481958,640,8107077,70253,0,2,0,2,0,0,0,0,0,0,7208,0,4680,2528,0
13499,16.644083,16.523008,9.325390,0.000000,7.756043,7.689319,0.066640,0.034917,0.008875,0.893125,630,8107316,74592,0,2,0,2,0,0,0,0,0,0,5406,0,3510,1896,0
13500,16.613125,16.503001,9.073091,0.000000,7.963541,7.916985,0.046473,0.030917,0.008291,0.310083,629,8107285,72481,0,2,0,2,0,0,0,0,0,0,5406,0,3510,1896,0
13501,16.724583,16.614928,8.765286,0.000000,8.369585,8.248736,0.120765,0.035917,0.008500,1.009709,638,8107083,70263,0,2,0,2,0,0,0,0,0,0,7208,0,4680,2528,0
13502,16.686542,16.578310,9.074980,0.000000,8.046208,7.958444,0.087681,0.036750,0.009583,0.401333,632,8107293,74271,0,2,0,2,0,0,0,0,0,0,5406,0,3510,1896,0
13503,16.692083,16.583705,8.956841,0.000000,8.189624,8.100568,0.088973,0.030917,0.008208,0.814625,631,8107299,73103,0,2,0,2,0,0,0,0,0,0,5406,0,3510,1896,0
13504,16.688292,16.580522,9.043146,0.000000,8.098042,8.002819,0.095140,0.036875,0.008750,0.289708,639,8107036,70288,0,2,0,2,0,0,0,0,0,0,7208,0,4680,2528,0
13505,16.701375,16.583408,9.269993,0.000000,7.858750,7.791902,0.066723,0.030958,0.013000,0.792458,630,8107297,74614,0,2,0,2,0,0,0,0,0,0,5406,0,3510,1896,0
13506,16.651375,16.536630,9.203503,0.000000,8.094501,8.026860,0.067599,0.033875,0.009125,0.891000,632,8107301,72221,0,2,0,2,0,0,0,0,0,0,5406,0,3510,1896,0
13507,16.675917,16.567623,8.980422,0.000000,8.136458,8.030860,0.105473,0.042708,0.019417,0.488833,639,8107046,70465,0,2,0,2,0,0,0,0,0,0,7208,0,4680,2528,0
13508,16.707791,16.592117,9.371377,0.000000,7.776500,7.719861,0.056514,0.032417,0.009125,0.915250,629,8107306,74641,0,2,0,2,0,0,0,0,0,0,5406,0,3510,1896,0
13509,16.745209,16.629734,8.955169,0.000000,8.185292,8.103568,0.081432,0.046416,0.025042,0.291459,630,8107313,72050,0,2,0,2,0,0,0,0,0,0,5406,0,3510,1896,0
13510,16.640666,16.532249,8.998423,0.000000,8.075376,7.965736,0.109557,0.041667,0.009667,1.103875,638,8107050,70922,0,2,0,2,0,0,0,0,0,0,7208,0,4680,2528,0
13511,16.642084,16.534458,9.276337,0.000000,7.851417,7.763694,0.087598,0.032458,0.008542,0.313042,629,8107270,74546,0,2,0,2,0,0,0,0,0,0,5406,0,3510,1896,0
13512,16.695541,16.587904,8.934388,0.000000,8.190876,8.090318,0.100474,0.032375,0.008375,0.973874,631,8107294,72469,0,2,0,2,0,0,0,0,0,0,5406,0,3510,1896,0
13513,16.569542,16.461060,8.888389,0.000000,8.102292,8.004069,0.098140,0.033292,0.011375,0.924292,640,8107058,69641,0,2,0,2,0,0,0,0,0,0,7208,0,4680,2528,0
13514,16.758000,16.652944,9.287042,0.000000,7.925000,7.853694,0.071223,0.032125,0.008417,0.485958,631,8107306,76240,0,2,0,2,0,0,0,0,0,0,5406,0,3510,1896,0
13515,16.741542,16.631581,8.938865,0.000000,8.152333,8.063443,0.088807,0.031791,0.006500,0.904041,630,8107268,72427,0,2,0,2,0,0,0,0,0,0,5406,0,3510,1896,0
13516,16.675375,16.565167,9.090873,0.000000,8.047875,7.957152,0.090640,0.040708,0.011375,0.475875,637,8107073,70248,0,2,0,2,0,0,0,0,0,0,7208,0,4680,2528,0
13517,16.738458,16.621664,9.275448,0.000000,7.910334,7.836028,0.073889,0.041250,0.008667,0.892958,631,8107295,74665,0,2,0,2,0,0,0,0,0,0,5406,0,3510,1896,0
13518,16.638958,16.532896,8.867713,0.000000,8.142124,8.033402,0.108681,0.032209,0.017708,0.291833,630,8107294,72393,0,2,0,2,0,0,0,0,0,0,5406,0,3510,1896,0
13519,16.830167,16.715856,9.392323,0.000000,7.726708,7.700235,0.026389,0.044958,0.011584,0.751166,642,8107026,70257,0,2,0,2,0,0,0,0,0,0,7208,0,4680,2528,0
13520,16.536875,16.423251,9.803465,0.000000,7.604251,7.603736,0.000390,0.049000,0.031958,0.291250,628,8107320,74671,0,2,0,2,0,0,0,0,0,0,5406,0,3510,1896,0
13521,16.777833,16.666650,9.148691,0.000000,8.061750,7.971235,0.090431,0.044167,0.018958,1.010500,631,8107287,72308,0,2,0,2,0,0,0,0,0,0,5406,0,3510,1896,0
13522,16.617084,16.510384,9.244568,0.000000,8.022876,7.917444,0.105348,0.035833,0.023208,0.962500,641,8107024,70393,0,2,0,2,0,0,0,0,0,0,7208,0,4680,2528,0
13523,16.654458,16.530920,9.349717,0.000000,7.735958,7.673861,0.061972,0.039042,0.009875,0.484917,628,8107305,74602,0,2,0,2,0,0,0,0,0,0,5406,0,3510,1896,0
13524,16.694750,16.588228,9.035457,0.000000,8.082666,7.981485,0.101056,0.036292,0.010750,0.752292,631,8109197,72500,0,2,0,2,0,0,0,0,0,0,5406,0,3510,1896,0
13525,16.688833,16.632655,9.594456,0.000000,8.165291,8.156027,0.009139,0.096667,0.013833,0.472458,641,8136071,71920,0,2,0,2,0,0,0,0,0,0,7208,0,4680,2528,0
13526,16.681917,16.513905,9.046969,0.000000,8.004209,7.920944,0.083181,0.030042,0.032875,0.942542,628,8076426,72810,0,2,0,2,0,0,0,0,0,0,5406,0,3510,1896,0
13527,16.732708,16.654376,9.137701,0.000000,8.127750,8.006943,0.120724,0.061709,0.017625,0.303959,632,8122737,73137,0,2,0,2,0,0,0,0,0,0,5406,0,3510,1896,0
13528,16.808959,16.675064,9.285889,0.000000,7.874333,7.795569,0.078681,0.056833,0.020250,0.793457,636,8091640,71836,0,2,0,2,0,0,0,0,0,0,7208,0,4680,2528,0
13529,16.526500,16.430647,9.171006,0.000000,7.865250,7.794694,0.070431,0.072708,0.013167,0.935375,632,8122849,73058,0,2,0,2,0,0,0,0,0,0,5406,0,3510,1896,0
13530,16.661166,16.532068,9.137476,0.000000,8.009083,7.924193,0.084806,0.034000,0.009834,0.660541,631,8091736,71808,0,2,0,2,0,0,0,0,0,0,5406,0,3510,1896,0
13531,16.675542,16.599017,9.228512,0.000000,7.904376,7.832777,0.071515,0.058625,0.030458,0.962168,641,8122550,73118,0,2,0,2,0,0,0,0,0,0,7208,0,4680,2528,0
13532,16.704792,16.566630,9.084261,0.000000,8.027708,7.956819,0.070806,0.037875,0.016916,0.474083,630,8091843,71805,0,2,0,2,0,0,0,0,0,0,5406,0,3510,1896,0
13533,16.956208,16.851663,9.201182,0.000000,8.195750,8.084235,0.111432,0.047708,0.026042,0.806666,632,8107242,71858,0,2,0,2,0,0,0,0,0,0,7004,0,4536,2468,0
13534,16.324500,16.214015,9.294192,0.000000,7.574417,7.574110,0.000223,0.044500,0.038417,0.310709,635,8107127,73033,0,2,0,2,0,0,0,0,0,0,5610,0,3654,1956,0
13535,16.854750,16.804690,9.336789,0.000000,8.014750,7.930777,0.083890,0.067083,0.025500,0.933292,629,8128033,73306,0,2,0,2,0,0,0,0,0,0,5406,0,3510,1896,0
13536,16.614667,16.438267,9.011840,0.000000,7.994584,7.897694,0.096807,0.059708,0.015333,0.871666,639,8101783,70048,0,2,0,2,0,0,0,0,0,0,7208,0,4680,2528,0
13537,16.917458,16.806800,9.493068,0.000000,7.915541,7.826568,0.088723,0.056708,0.039875,0.485375,629,8091847,73977,0,2,0,2,0,0,0,0,0,0,5406,0,3510,1896,0
13538,16.463750,16.378142,9.293943,0.000000,7.641166,7.591527,0.049514,0.084792,0.018875,0.941583,631,8122779,73040,0,2,0,2,0,0,0,0,0,0,5406,0,3510,1896,0
13539,16.655292,16.545540,9.112420,0.000000,7.995583,7.905777,0.089723,0.072416,0.018125,0.315667,639,8107048,70299,0,2,0,2,0,0,0,0,0,0,7208,0,4680,2528,0
13540,16.650583,16.512233,9.231934,0.000000,7.847375,7.782610,0.064723,0.036125,0.016333,0.949208,628,8091845,73988,0,2,0,2,0,0,0,0,0,0,5406,0,3510,1896,0
13541,16.803083,16.694368,9.119184,0.000000,8.078167,7.977528,0.100389,0.048292,0.016000,0.459375,632,8107312,72361,0,2,0,2,0,0,0,0,0,0,5406,0,3510,1896,0
13542,16.450792,16.343635,8.847727,0.000000,8.095333,7.982110,0.113140,0.034750,0.009375,0.784625,639,8107074,69673,0,2,0,2,0,0,0,0,0,0,7208,0,4680,2528,0
13543,16.765750,16.657542,9.477541,0.000000,7.776209,7.774402,0.001723,0.036583,0.014209,0.307375,631,8107291,76266,0,2,0,2,0,0,0,0,0,0,5406,0,3510,1896,0
13544,16.721583,16.648420,8.982881,0.000000,8.150751,8.082694,0.068015,0.060709,0.015708,0.780833,631,8122740,73058,0,2,0,2,0,0,0,0,0,0,5406,0,3510,1896,0
13545,16.666375,16.550711,8.908588,0.000000,8.167874,8.071526,0.096223,0.071917,0.014833,0.894541,640,8107131,70299,0,2,0,2,0,0,0,0,0,0,7208,0,4680,2528,0
13546,16.801000,16.662193,9.211871,0.000000,8.005335,7.932111,0.073140,0.058834,0.010916,0.483917,630,8091816,73863,0,2,0,2,0,0,0,0,0,0,5406,0,3510,1896,0
13547,16.672709,16.579264,9.381740,0.000000,7.749624,7.713360,0.036181,0.074458,0.016542,0.893709,632,8122752,73165,0,2,0,2,0,0,0,0,0,0,5406,0,3510,1896,0
13548,16.515000,16.383051,8.977410,0.000000,7.974041,7.885443,0.088515,0.033250,0.023083,0.308125,638,8091656,69642,0,2,0,2,0,0,0,0,0,0,7208,0,4680,2528,0
13549,16.981791,16.873526,9.418016,0.000000,8.000875,7.913985,0.086806,0.043167,0.008625,0.753041,632,8107260,74603,0,2,0,2,0,0,0,0,0,0,5406,0,3510,1896,0
13550,16.374459,16.260646,9.494267,0.000000,7.797875,7.797527,0.000306,0.033458,0.008833,0.310250,631,8107296,72474,0,2,0,2,0,0,0,0,0,0,5406,0,3510,1896,0
13551,16.753541,16.636044,8.875653,0.000000,8.240957,8.129776,0.111056,0.039000,0.008042,0.799250,639,8107092,69931,0,2,0,2,0,0,0,0,0,0,7208,0,4680,2528,0
13552,16.652334,16.547490,9.261939,0.000000,7.846167,7.790902,0.055223,0.048791,0.011459,0.936876,631,8107306,75305,0,2,0,2,0,0,0,0,0,0,5406,0,3510,1896,0
13553,16.879041,16.754311,9.164436,0.000000,7.987625,7.940736,0.046806,0.046417,0.011250,0.302375,632,8110520,72573,0,2,0,2,0,0,0,0,0,0,5406,0,3510,1896,0
13554,16.914084,16.811798,9.397251,0.000000,8.039000,7.916526,0.122349,0.051291,0.013209,0.769000,636,8103840,70151,0,2,0,2,0,0,0,0,0,0,7208,0,4680,2528,0
13555,16.660125,16.545337,9.868955,0.000000,7.429791,7.331402,0.098223,0.060333,0.023625,0.290000,630,8107306,74642,0,2,0,2,0,0,0,0,0,0,5406,0,3510,1896,0
13556,16.755000,16.652579,9.494617,0.000000,7.879750,7.770777,0.108889,0.039500,0.019791,0.744000,630,8107337,72408,0,2,0,2,0,0,0,0,0,0,5406,0,3510,1896,0
13557,16.387875,16.263631,10.122940,0.000000,7.021417,6.956360,0.064974,0.028750,0.010125,0.446166,639,8107016,70318,0,2,0,2,0,0,0,0,0,0,7208,0,4680,2528,0
13558,16.680083,16.487666,10.132900,0.000000,7.161958,7.130194,0.031681,0.021542,0.014875,0.911792,630,8091941,73976,0,2,0,2,0,0,0,0,0,0,5406,0,3510,1896,0
13559,16.939875,16.883962,10.359049,0.000000,7.262210,7.260153,0.001973,0.038625,0.012250,0.912834,632,8122628,72975,0,2,0,2,0,0,0,0,0,0,5406,0,3510,1896,0
13560,16.495542,16.304310,10.213297,0.000000,6.984999,6.910568,0.074348,0.026541,0.008000,0.619042,639,8091604,69796,0,2,0,2,0,0,0,0,0,0,7208,0,4680,2528,0
13561,16.724250,16.674413,10.415428,0.000000,7.087958,7.053777,0.034056,0.030333,0.012083,0.896207,631,8122769,75232,0,2,0,2,0,0,0,0,0,0,5406,0,3510,1896,0
13562,16.620833,16.490839,9.881931,0.000000,7.361791,7.320777,0.040931,0.024458,0.015875,0.463333,632,8107331,72442,0,2,0,2,0,0,0,0,0,0,5406,0,3510,1896,0
13563,16.706583,16.525265,9.948114,0.000000,7.367915,7.301026,0.066848,0.025459,0.008583,0.884209,639,8091537,69690,0,2,0,2,0,0,0,0,0,0,7208,0,4680,2528,0
13564,16.627042,16.573159,10.328888,0.000000,7.015791,6.978277,0.037431,0.022000,0.015792,0.446375,630,8107357,74601,0,2,0,2,0,0,0,0,0,0,5406,0,3510,1896,0
13565,16.754000,16.626968,10.325436,0.000000,7.166084,7.140944,0.025056,0.031167,0.015500,0.894042,631,8122682,73087,0,2,0,2,0,0,0,0,0,0,5406,0,3510,1896,0
13566,16.626667,16.438051,9.861082,0.000000,7.366666,7.306901,0.059682,0.023791,0.007750,0.449041,640,8091610,69661,0,2,0,2,0,0,0,0,0,0,7208,0,4680,2528,0
13567,16.668041,16.613619,10.153876,0.000000,7.241874,7.205318,0.036473,0.065917,0.008625,0.757333,631,8122736,75266,0,2,0,2,0,0,0,0,0,0,5406,0,3510,1896,0
13568,16.792417,16.597737,10.119665,0.000000,7.282874,7.221527,0.061264,0.024542,0.008333,0.914584,628,8091960,71787,0,2,0,2,0,0,0,0,0,0,5406,0,3510,1896,0
13569,16.580917,16.530373,9.932110,0.000000,7.387166,7.318777,0.068306,0.026250,0.015291,0.620083,642,8122401,70921,0,2,0,2,0,0,0,0,0,0,7208,0,4680,2528,0
13570,16.702333,16.512832,10.085698,0.000000,7.225459,7.185944,0.039390,0.021958,0.014792,0.889125,628,8091876,74017,0,2,0,2,0,0,0,0,0,0,5406,0,3510,1896,0
13571,16.640667,16.573828,10.011274,0.000000,7.370999,7.302194,0.068722,0.029541,0.015334,0.636167,633,8122688,72339,0,2,0,2,0,0,0,0,0,0,5406,0,3510,1896,0
13572,16.651375,16.512680,10.283559,0.000000,7.101292,7.032860,0.068349,0.019625,0.015125,0.785000,639,8102838,71870,0,2,0,2,0,0,0,0,0,0,7208,0,4680,2528,0
13573,16.870541,16.695332,10.433309,0.000000,7.060958,7.049027,0.011889,0.024209,0.007625,0.458208,630,8096060,74137,0,2,0,2,0,0,0,0,0,0,5406,0,3510,1896,0
13574,16.577084,16.525118,10.047709,0.000000,7.290543,7.224319,0.066140,0.025041,0.014875,0.744917,632,8122830,73076,0,2,0,2,0,0,0,0,0,0,5406,0,3510,1896,0
13575,16.613666,16.490334,9.982239,0.000000,7.311416,7.246735,0.064556,0.022292,0.015833,0.914876,642,8106986,70302,0,2,0,2,0,0,0,0,0,0,7208,0,4680,2528,0
13576,16.718959,16.530832,9.937709,0.000000,7.355375,7.316527,0.038765,0.023791,0.008959,0.459500,629,8091839,73916,0,2,0,2,0,0,0,0,0,0,5406,0,3510,1896,0
13577,16.868500,16.745159,10.954967,0.000000,7.302625,7.302319,0.000181,0.030583,0.008542,0.896042,628,8107289,72503,0,2,0,2,0,0,0,0,0,0,5406,0,3510,1896,0
13578,16.606500,16.486542,10.010222,0.000000,7.284167,7.217068,0.067015,0.027291,0.008084,0.457042,639,8107112,70746,0,2,0,2,0,0,0,0,0,0,7208,0,4680,2528,0
13579,17.010041,16.940008,10.774172,0.000000,6.889499,6.889193,0.000223,0.055292,0.020083,0.896000,633,8122774,74807,0,2,0,2,0,0,0,0,0,0,5406,0,3510,1896,0
13580,16.381042,16.281046,10.257701,0.000000,6.916999,6.859694,0.057222,0.032417,0.009708,0.445917,628,8107230,72463,0,2,0,2,0,0,0,0,0,0,5406,0,3510,1896,0
13581,16.532333,16.338661,10.293433,0.000000,7.062749,7.062443,0.000223,0.030334,0.007791,0.744833,637,8091682,69582,0,2,0,2,0,0,0,0,0,0,7208,0,4680,2528,0
13582,16.781459,16.740096,10.538915,0.000000,7.028915,6.999818,0.029014,0.048291,0.016834,0.445917,632,8127338,77605,0,2,0,2,0,0,0,0,0,0,5406,0,3510,1896,0
13583,16.699208,16.572496,9.986128,0.000000,7.364251,7.302569,0.061598,0.027167,0.017833,0.870000,631,8102672,72256,0,2,0,2,0,0,0,0,0,0,5406,0,3510,1896,0
13584,16.693417,16.501002,10.150951,0.000000,7.150666,7.118276,0.032306,0.026416,0.007792,0.915875,639,8091637,71841,0,2,0,2,0,0,0,0,0,0,7208,0,4680,2528,0
13585,16.587250,16.531978,10.186195,0.000000,7.110667,7.107736,0.002848,0.023666,0.016209,0.460708,632,8122748,73076,0,2,0,2,0,0,0,0,0,0,5406,0,3510,1896,0
13586,16.735166,16.613414,9.871922,0.000000,7.502168,7.435611,0.066473,0.023459,0.015041,0.891833,634,8107420,71825,0,2,0,2,0,0,0,0,0,0,7004,0,4536,2468,0
13587,16.645167,16.522412,10.324144,0.000000,6.997499,6.996901,0.000515,0.026708,0.015917,0.448292,632,8106941,73094,0,2,0,2,0,0,0,0,0,0,5610,0,3654,1956,0
13588,17.000583,16.877897,10.176211,0.000000,7.428583,7.395027,0.033473,0.049000,0.012667,0.773541,632,8107313,72431,0,2,0,2,0,0,0,0,0,0,5406,0,3510,1896,0
13589,16.676584,16.537003,10.504947,0.000000,6.849333,6.785319,0.062931,0.057000,0.019458,0.359250,638,8107130,70259,0,2,0,2,0,0,0,0,0,0,7208,0,4680,2528,0
13590,16.609250,16.506338,10.725128,0.000000,6.552999,6.552693,0.000223,0.049666,0.021292,0.777750,632,8107238,74664,0,2,0,2,0,0,0,0,0,0,5406,0,3510,1896,0
13591,16.584416,16.461925,10.366998,0.000000,6.810458,6.799861,0.010514,0.049417,0.013417,0.931458,631,8107308,72414,0,2,0,2,0,0,0,0,0,0,5406,0,3510,1896,0
13592,16.458459,16.331886,10.001533,0.000000,7.021874,6.990027,0.031764,0.039541,0.008375,0.646042,637,8107067,70309,0,2,0,2,0,0,0,0,0,0,7208,0,4680,2528,0
13593,16.647958,16.533636,9.358217,0.000000,7.771834,7.696194,0.075515,0.048500,0.037333,0.758917,631,8107315,74625,0,2,0,2,0,0,0,0,0,0,5406,0,3510,1896,0
13594,16.714333,16.599463,9.104579,0.000000,8.081708,7.980485,0.101057,0.044584,0.010166,0.476541,633,8107299,72426,0,2,0,2,0,0,0,0,0,0,5406,0,3510,1896,0
13595,16.622375,16.515880,9.081942,0.000000,8.007166,7.905152,0.101931,0.039334,0.037583,0.903958,637,8107054,70303,0,2,0,2,0,0,0,0,0,0,7208,0,4680,2528,0
13596,16.726334,16.606731,9.406774,0.000000,7.800541,7.725818,0.074640,0.042750,0.017041,0.302208,632,8107313,74605,0,2,0,2,0,0,0,0,0,0,5406,0,3510,1896,0
13597,17.201125,17.082585,9.609999,0.000000,8.071709,7.987402,0.084223,0.055291,0.018167,0.752375,629,8107317,72442,0,2,0,2,0,0,0,0,0,0,5406,0,3510,1896,0
13598,16.153750,16.042257,9.264294,0.000000,7.458000,7.341194,0.116681,0.040166,0.009250,0.289167,637,8107074,70274,0,2,0,2,0,0,0,0,0,0,7208,0,4680,2528,0
13599,16.717833,16.604409,9.283368,0.000000,7.840625,7.751485,0.089015,0.049958,0.010584,0.949625,631,8107293,74571,0,2,0,2,0,0,0,0,0,0,5406,0,3510,1896,0
13600,16.571000,16.466243,9.066166,0.000000,7.964125,7.893943,0.070098,0.049292,0.012041,0.905000,630,8107296,71476,0,2,0,2,0,0,0,0,0,0,5406,0,3510,1896,0
13601,16.755875,16.647431,9.454945,0.000000,7.832666,7.731735,0.100848,0.048708,0.017000,0.650916,641,8107080,72648,0,2,0,2,0,0,0,0,0,0,7209,0,4680,2529,0
13602,16.806042,16.694132,9.606558,0.000000,7.680958,7.612110,0.068723,0.042791,0.054417,0.834708,650,8106933,75215,0,2,0,2,0,0,0,0,0,0,7440,0,3510,3930,0
13603,16.509375,16.402255,9.253190,0.000000,7.951709,7.951277,0.000348,0.036125,0.010250,0.467000,632,8107312,72433,0,2,0,2,0,0,0,0,0,0,5406,0,3510,1896,0
13604,16.721875,16.615114,9.058535,0.000000,8.147334,8.037236,0.109973,0.034666,0.019209,0.911417,638,8107075,70294,0,2,0,2,0,0,0,0,0,0,7208,0,4680,2528,0
13605,16.868000,16.752042,9.425541,0.000000,7.925541,7.838485,0.086973,0.038875,0.008375,0.291375,629,8107313,74619,0,2,0,2,0,0,0,0,0,0,5406,0,3510,1896,0
13606,16.528666,16.424084,9.168306,0.000000,7.769917,7.704152,0.065640,0.042459,0.016250,0.820042,632,8108913,72376,0,2,0,2,0,0,0,0,0,0,5406,0,3510,1896,0
13607,16.544042,16.430237,9.059954,0.000000,7.944417,7.944111,0.000181,0.046958,0.012792,0.916584,638,8105466,70345,0,2,0,2,0,0,0,0,0,0,7208,0,4680,2528,0
13608,16.909917,16.805674,9.361963,0.000000,7.985749,7.925026,0.060681,0.041916,0.036000,0.654000,631,8107288,74624,0,2,0,2,0,0,0,0,0,0,5406,0,3510,1896,0
13609,16.610541,16.491012,9.205978,0.000000,7.882874,7.825235,0.057556,0.042334,0.010541,0.920333,633,8107285,72397,0,2,0,2,0,0,0,0,0,0,5406,0,3510,1896,0
13610,16.633500,16.516401,9.053528,0.000000,7.999459,7.878111,0.121264,0.039667,0.015542,0.646167,641,8107043,70312,0,2,0,2,0,0,0,0,0,0,7208,0,4680,2528,0
13611,16.716250,16.636717,9.243029,0.000000,7.950083,7.873985,0.076015,0.037042,0.031333,0.769375,632,8113345,74839,0,2,0,2,0,0,0,0,0,0,5406,0,3510,1896,0
13612,16.641209,16.495733,9.247876,0.000000,7.856542,7.773777,0.082682,0.034500,0.010083,0.291916,630,8101269,72224,0,2,0,2,0,0,0,0,0,0,5406,0,3510,1896,0
13613,17.317375,17.178587,9.656156,0.000000,8.055500,7.942527,0.112681,0.049166,0.029834,0.956666,640,8107023,70292,0,2,0,2,0,0,0,0,0,0,7208,0,4680,2528,0
13614,16.113750,16.005799,10.361583,0.000000,7.101042,7.100443,0.000474,0.048500,0.011333,0.392709,630,8107300,74617,0,2,0,2,0,0,0,0,0,0,5406,0,3510,1896,0
13615,16.648625,16.538409,9.035235,0.000000,8.045708,7.962568,0.083057,0.046458,0.011625,0.949583,632,8107294,72425,0,2,0,2,0,0,0,0,0,0,5406,0,3510,1896,0
13616,16.619458,16.510975,9.200256,0.000000,8.011208,8.010194,0.000931,0.043542,0.010083,0.782834,639,8107052,70270,0,2,0,2,0,0,0,0,0,0,7208,0,4680,2528,0
13617,16.750833,16.635385,9.265088,0.000000,7.898958,7.823277,0.075598,0.041417,0.009792,0.554000,631,8107298,74655,0,2,0,2,0,0,0,0,0,0,5406,0,3510,1896,0
13618,16.751084,16.642060,9.078224,0.000000,8.139416,7.999818,0.139515,0.038708,0.009458,0.741333,630,8107287,72415,0,2,0,2,0,0,0,0,0,0,5406,0,3510,1896,0
13619,16.610625,16.501830,9.134682,0.000000,8.110875,7.987152,0.123598,0.044166,0.009334,0.463167,640,8107054,70257,0,2,0,2,0,0,0,0,0,0,7208,0,4680,2528,0
13620,16.779375,16.662120,9.242966,0.000000,7.970918,7.879152,0.091682,0.040625,0.010416,0.771666,631,8107316,74656,0,2,0,2,0,0,0,0,0,0,5406,0,3510,1896,0
13621,16.648041,16.547750,9.400936,0.000000,8.018167,8.016819,0.001223,0.042084,0.008666,0.296833,628,8107269,72340,0,2,0,2,0,0,0,0,0,0,5406,0,3510,1896,0
13622,16.588542,16.477782,9.025085,0.000000,8.002958,7.903069,0.099806,0.036875,0.009958,0.913834,640,8107080,70382,0,2,0,2,0,0,0,0,0,0,7208,0,4680,2528,0
13623,16.727458,16.617323,9.277279,0.000000,7.966749,7.877276,0.089348,0.035375,0.009125,0.936542,631,8107304,74636,0,2,0,2,0,0,0,0,0,0,5406,0,3510,1896,0
13624,16.721417,16.611074,9.105622,0.000000,8.112625,7.995069,0.117514,0.037875,0.016917,0.470166,630,8107253,72423,0,2,0,2,0,0,0,0,0,0,5406,0,3510,1896,0
13625,16.596958,16.490463,8.978779,0.000000,8.036209,7.941361,0.094764,0.042667,0.022125,0.950874,639,8107089,70244,0,2,0,2,0,0,0,0,0,0,7208,0,4680,2528,0
13626,16.729000,16.618213,9.231122,0.000000,7.933916,7.851901,0.081931,0.045542,0.011708,0.301834,631,8107289,74583,0,2,0,2,0,0,0,0,0,0,5406,0,3510,1896,0
13627,16.720084,16.604373,9.213867,0.000000,7.944708,7.866152,0.078473,0.039541,0.013750,0.772583,631,8107260,72513,0,2,0,2,0,0,0,0,0,0,5406,0,3510,1896,0
13628,16.614083,16.501963,8.974699,0.000000,8.076790,7.961485,0.115222,0.038167,0.016041,0.639542,642,8107059,70282,0,2,0,2,0,0,0,0,0,0,7208,0,4680,2528,0
13629,16.689500,16.580389,9.418079,0.000000,7.967166,7.965110,0.001890,0.040458,0.017125,0.750126,632,8107282,73897,0,2,0,2,0,0,0,0,0,0,5406,0,3510,1896,0
13630,16.689167,16.574171,9.307495,0.000000,7.875001,7.778360,0.096557,0.034791,0.008500,1.178000,630,8107329,74133,0,2,0,2,0,0,0,0,0,0,5406,0,3510,1896,0
13631,16.694083,16.585347,9.856674,0.000000,8.046334,8.046111,0.000140,0.036000,0.008583,0.477792,640,8107055,70708,0,2,0,2,0,0,0,0,0,0,7208,0,4680,2528,0
13632,16.693375,16.576090,9.277381,0.000000,7.865958,7.806610,0.059265,0.042208,0.008459,0.913333,630,8107293,74214,0,2,0,2,0,0,0,0,0,0,5406,0,3510,1896,0
13633,16.710042,16.600938,9.375516,0.000000,7.956791,7.955985,0.000473,0.042000,0.017208,0.304042,632,8107311,72423,0,2,0,2,0,0,0,0,0,0,5406,0,3510,1896,0
13634,16.703208,16.591178,9.186970,0.000000,7.955291,7.865944,0.089264,0.040875,0.009250,0.903708,639,8107087,72465,0,2,0,2,0,0,0,0,0,0,7208,0,4680,2528,0
13635,16.653625,16.543840,9.710284,0.000000,7.999625,7.997443,0.002057,0.038500,0.018667,0.311667,632,8110316,72576,0,2,0,2,0,0,0,0,0,0,5406,0,3510,1896,0
13636,16.621750,16.472372,9.220385,0.000000,7.878835,7.772819,0.105932,0.031625,0.008958,0.739125,630,8104260,72291,0,2,0,2,0,0,0,0,0,0,5406,0,3510,1896,0
13637,17.094083,17.003114,9.568055,0.000000,8.023625,7.943736,0.079639,0.041959,0.035833,0.738459,639,8111696,72713,0,2,0,4,0,0,0,0,0,0,7208,0,4680,2528,0
13638,16.266584,16.130906,9.097746,0.000000,7.647916,7.587693,0.060140,0.044041,0.010084,0.449750,630,8099278,72065,0,2,0,2,0,0,0,0,0,0,5406,0,3510,1896,0
13639,16.915458,16.829660,9.259142,0.000000,7.989292,7.901610,0.087598,0.055667,0.020250,0.759874,637,8110818,71909,0,2,0,0,0,0,0,0,0,0,7004,0,4536,2468,0
13640,16.662000,16.540424,9.561611,0.000000,7.594208,7.520027,0.074056,0.043958,0.019167,0.468542,631,8106943,73160,0,4,0,4,0,0,0,0,0,0,5610,0,3654,1956,0
13641,16.594167,16.483372,9.174134,0.000000,7.879499,7.809193,0.070223,0.042291,0.009417,0.891709,630,8107263,72351,0,2,0,2,0,0,0,0,0,0,5406,0,3510,1896,0
13642,16.744458,16.594591,9.542274,0.000000,7.829958,7.821152,0.008681,0.043042,0.010625,0.300000,637,8107178,70369,0,0,0,0,0,0,0,0,0,0,7208,0,4680,2528,0
13643,16.560875,16.487333,9.424138,0.000000,7.684292,7.625944,0.058223,0.038625,0.009917,0.895875,631,8107221,74607,0,4,0,4,0,0,0,0,0,0,5406,0,3510,1896,0
13644,16.674292,16.567876,9.200195,0.000000,7.964250,7.888735,0.075432,0.041208,0.018042,0.303417,631,8107213,72419,0,2,0,2,0,0,0,0,0,0,5406,0,3510,1896,0
13645,17.230375,17.126221,9.648915,0.000000,8.031125,7.935610,0.095432,0.045750,0.010083,0.738126,636,8107163,70333,0,2,0,2,0,0,0,0,0,0,7208,0,4680,2528,0
13646,16.113250,15.997968,9.621372,0.000000,7.257584,7.257277,0.000223,0.041791,0.017459,0.586334,631,8107222,74552,0,2,0,2,0,0,0,0,0,0,5406,0,3510,1896,0
13647,16.927666,16.818266,9.219121,0.000000,8.092459,8.002360,0.090015,0.035542,0.008750,0.544166,630,8107273,72459,0,2,0,2,0,0,0,0,0,0,5406,0,3510,1896,0
13648,16.702125,16.588660,9.370737,0.000000,7.866833,7.777735,0.089015,0.044042,0.010333,0.753124,641,8107130,70312,0,2,0,2,0,0,0,0,0,0,7208,0,4680,2528,0
13649,16.636917,16.525403,10.426205,0.000000,7.645666,7.638944,0.006556,0.038000,0.008667,0.643666,630,8107415,74194,0,2,0,2,0,0,0,0,0,0,5406,0,3510,1896,0
13650,16.665625,16.547714,9.403587,0.000000,7.742376,7.732652,0.009682,0.040875,0.016625,0.746333,632,8107202,73148,0,2,0,2,0,0,0,0,0,0,5406,0,3510,1896,0
13651,16.670875,16.562393,9.597772,0.000000,7.779542,7.779069,0.000306,0.044958,0.011167,0.300791,640,8106994,70290,0,2,0,2,0,0,0,0,0,0,7208,0,4680,2528,0
13652,16.481958,16.369526,9.393424,0.000000,7.604625,7.547736,0.056806,0.036250,0.008334,0.923792,632,8107437,74634,0,2,0,2,0,0,0,0,0,0,5406,0,3510,1896,0
13653,16.651084,16.541733,9.668156,0.000000,8.060626,8.055194,0.005307,0.037333,0.016875,0.661791,631,8107155,72423,0,2,0,2,0,0,0,0,0,0,5406,0,3510,1896,0
13654,16.711041,16.607490,8.894284,0.000000,8.227499,8.113610,0.113806,0.032292,0.036458,0.609333,639,8107092,70318,0,2,0,2,0,0,0,0,0,0,7208,0,4680,2528,0
13655,16.785417,16.675358,9.423042,0.000000,7.860750,7.860444,0.000264,0.033417,0.008000,0.753293,629,8107298,74598,0,2,0,2,0,0,0,0,0,0,5406,0,3510,1896,0
13656,16.763375,16.656047,9.128482,0.000000,8.086708,8.014985,0.071640,0.038875,0.029792,0.643250,632,8107543,72372,0,2,0,2,0,0,0,0,0,0,5406,0,3510,1896,0
13657,16.884833,16.776720,9.427918,0.000000,7.944043,7.839319,0.104557,0.051209,0.029791,0.734917,639,8106837,70358,0,2,0,2,0,0,0,0,0,0,7208,0,4680,2528,0
13658,16.528334,16.418667,9.583500,0.000000,7.503874,7.428444,0.075347,0.043958,0.009708,0.480791,632,8107292,73918,0,2,0,2,0,0,0,0,0,0,5406,0,3510,1896,0
13659,16.642375,16.530695,9.524894,0.000000,7.635626,7.579819,0.055723,0.039000,0.008583,0.734083,629,8107301,74020,0,2,0,2,0,0,0,0,0,0,5406,0,3510,1896,0
13660,16.501583,16.382940,9.206683,0.000000,7.787168,7.653319,0.133765,0.043958,0.031542,0.302000,639,8107077,70381,0,2,0,2,0,0,0,0,0,0,7208,0,4680,2528,0
13661,16.906875,16.798176,9.528719,0.000000,7.852874,7.770527,0.082181,0.047083,0.010250,0.782917,633,8107413,74558,0,2,0,2,0,0,0,0,0,0,5406,0,3510,1896,0
13662,16.542458,16.447538,9.125280,0.000000,7.850417,7.764860,0.085473,0.073459,0.017083,0.938250,630,8122621,73086,0,2,0,2,0,0,0,0,0,0,5406,0,3510,1896,0
13663,16.774250,16.645057,9.155822,0.000000,8.007208,7.938569,0.068514,0.044667,0.015917,0.308916,640,8091600,69655,0,2,0,2,0,0,0,0,0,0,7208,0,4680,2528,0
13664,16.766042,16.676840,9.522538,0.000000,7.734666,7.664944,0.069639,0.034125,0.036958,0.899874,631,8111749,74778,0,2,0,2,0,0,0,0,0,0,5406,0,3510,1896,0
13665,16.697417,16.571085,9.988105,0.000000,7.751917,7.751485,0.000307,0.041166,0.008417,0.379125,629,8102853,72217,0,2,0,2,0,0,0,0,0,0,5406,0,3510,1896,0
13666,16.687666,16.571079,9.358007,0.000000,7.842916,7.743694,0.099139,0.043125,0.015584,0.736208,641,8107046,70278,0,2,0,2,0,0,0,0,0,0,7208,0,4680,2528,0
13667,16.673834,16.556541,9.627340,0.000000,7.587208,7.512694,0.074347,0.058666,0.012625,0.474750,631,8107295,74617,0,2,0,2,0,0,0,0,0,0,5406,0,3510,1896,0
13668,16.471416,16.367493,9.181622,0.000000,7.768251,7.685485,0.082682,0.032125,0.009000,0.739250,630,8107317,72414,0,2,0,2,0,0,0,0,0,0,5406,0,3510,1896,0
13669,16.938584,16.899708,9.210114,0.000000,8.199166,8.086318,0.112723,0.078916,0.026000,0.891500,642,8122483,70888,0,2,0,2,0,0,0,0,0,0,7208,0,4680,2528,0
13670,16.539708,16.362406,9.354286,0.000000,7.634749,7.551152,0.083514,0.039833,0.008375,0.445667,630,8091829,74007,0,2,0,2,0,0,0,0,0,0,5406,0,3510,1896,0
13671,16.709292,16.601909,9.235037,0.000000,7.958166,7.922735,0.035306,0.037541,0.016042,0.917792,632,8107314,72378,0,2,0,2,0,0,0,0,0,0,5406,0,3510,1896,0
13672,16.657416,16.550697,9.288859,0.000000,7.881000,7.794569,0.086348,0.039750,0.017375,0.304334,640,8107042,70360,0,2,0,2,0,0,0,0,0,0,7208,0,4680,2528,0
13673,16.632750,16.514095,9.648094,0.000000,7.417918,7.342819,0.075015,0.043250,0.019625,0.772916,631,8107282,74564,0,2,0,2,0,0,0,0,0,0,5406,0,3510,1896,0
13674,16.894584,16.786990,9.324338,0.000000,8.039958,7.925610,0.114223,0.038250,0.030791,0.294667,629,8107297,72388,0,2,0,2,0,0,0,0,0,0,5406,0,3510,1896,0
13675,16.488750,16.379522,9.243714,0.000000,7.788249,7.692568,0.095556,0.042125,0.009833,0.776500,639,8107050,70367,0,2,0,2,0,0,0,0,0,0,7208,0,4680,2528,0
13676,16.616666,16.503736,9.549836,0.000000,7.573334,7.507736,0.065473,0.036834,0.010791,0.352375,632,8107309,74548,0,2,0,2,0,0,0,0,0,0,5406,0,3510,1896,0
13677,16.799209,16.705475,9.490809,0.000000,7.951125,7.950777,0.000223,0.051958,0.018458,0.846458,631,8111841,72636,0,2,0,2,0,0,0,0,0,0,5406,0,3510,1896,0
13678,16.394750,16.271435,9.690525,0.000000,7.699709,7.698027,0.001557,0.046458,0.010250,0.769500,641,8102529,70106,0,2,0,2,0,0,0,0,0,0,7208,0,4680,2528,0
13679,17.079916,16.957604,9.547500,0.000000,7.930624,7.860569,0.069972,0.041334,0.017125,0.481167,630,8107313,74567,0,2,0,2,0,0,0,0,0,0,5406,0,3510,1896,0
13680,16.280959,16.175076,8.885289,0.000000,7.897208,7.793985,0.103140,0.040458,0.009042,0.973667,632,8107284,70210,0,2,0,2,0,0,0,0,0,0,5406,0,3510,1896,0
13681,16.880333,16.773115,9.533912,0.000000,7.904500,7.904194,0.000223,0.030917,0.017416,0.295583,639,8107023,74617,0,2,0,2,0,0,0,0,0,0,7208,0,4680,2528,0
13682,16.863500,16.744449,9.583240,0.000000,7.726166,7.669486,0.056597,0.046292,0.010708,0.891708,632,8107270,74588,0,2,0,2,0,0,0,0,0,0,5406,0,3510,1896,0
13683,16.687917,16.581010,9.309003,0.000000,7.901001,7.783277,0.117640,0.038250,0.008333,0.294000,630,8107324,72413,0,2,0,2,0,0,0,0,0,0,5406,0,3510,1896,0
13684,16.475666,16.369827,8.940851,0.000000,8.029749,7.909235,0.120431,0.033375,0.017584,0.758250,639,8107098,71306,0,2,0,2,0,0,0,0,0,0,7208,0,4680,2528,0
13685,16.832417,16.723166,9.159996,0.000000,8.057125,7.963235,0.093806,0.035917,0.025916,0.910501,632,8107277,73598,0,2,0,2,0,0,0,0,0,0,5406,0,3510,1896,0
13686,16.632875,16.525829,9.046121,0.000000,8.016082,7.894943,0.121056,0.032708,0.008250,0.448208,632,8107392,72393,0,2,0,2,0,0,0,0,0,0,5406,0,3510,1896,0
13687,16.704875,16.599614,9.145525,0.000000,7.985084,7.878111,0.106806,0.038708,0.015750,0.921542,636,8106968,71808,0,2,0,2,0,0,0,0,0,0,7208,0,4680,2528,0
13688,16.770708,16.668251,10.094958,0.000000,7.805750,7.797402,0.008181,0.050917,0.010833,0.331792,633,8108724,74160,0,2,0,2,0,0,0,0,0,0,5406,0,3510,1896,0
13689,16.547625,16.433282,9.015716,0.000000,7.966833,7.836943,0.129807,0.029625,0.006042,0.615792,628,8105955,72310,0,2,0,2,0,0,0,0,0,0,5406,0,3510,1896,0
13690,16.676125,16.568057,9.098393,0.000000,8.010500,7.917777,0.092640,0.048500,0.011417,0.289625,639,8107010,72520,0,2,0,2,0,0,0,0,0,0,7208,0,4680,2528,0
13691,16.682417,16.575555,9.150270,0.000000,7.962167,7.862777,0.099306,0.035000,0.008000,0.775375,631,8107296,72400,0,2,0,2,0,0,0,0,0,0,5406,0,3510,1896,0
13692,16.572583,16.469212,9.172628,0.000000,7.869958,7.776152,0.093723,0.033459,0.033416,0.352125,636,8107282,71718,0,2,0,2,0,0,0,0,0,0,7004,0,4536,2468,0
13693,16.721584,16.608005,9.080301,0.000000,8.054500,7.971985,0.082432,0.036416,0.008292,0.904791,632,8107084,73193,0,2,0,2,0,0,0,0,0,0,5610,0,3654,1956,0
13694,16.685291,16.654375,9.151726,0.000000,8.011958,7.964027,0.047889,0.095125,0.020500,1.076625,634,8138191,73710,0,2,0,2,0,0,0,0,0,0,5406,0,3510,1896,0
13695,16.654834,16.448490,8.898504,0.000000,8.036000,7.938944,0.096973,0.033833,0.007000,0.483666,638,8076235,69037,0,2,0,2,0,0,0,0,0,0,7208,0,4680,2528,0
13696,16.642583,16.543971,9.923716,0.000000,7.820126,7.816194,0.003848,0.031917,0.008708,0.613708,630,8107282,74549,0,2,0,2,0,0,0,0,0,0,5406,0,3510,1896,0
13697,16.761792,16.654000,8.997750,0.000000,8.142625,8.054694,0.087806,0.042916,0.017792,0.651541,630,8107305,72414,0,2,0,2,0,0,0,0,0,0,5406,0,3510,1896,0
13698,16.564458,16.459672,8.992245,0.000000,8.012709,7.922860,0.089807,0.032583,0.009042,0.814626,638,8107093,69952,0,2,0,2,0,0,0,0,0,0,7208,0,4680,2528,0
13699,17.264417,17.142132,10.105481,0.000000,7.788084,7.749819,0.037973,0.046625,0.010041,0.313375,632,8107317,75215,0,2,0,2,0,0,0,0,0,0,5406,0,3510,1896,0
13700,16.336166,16.220246,9.492378,0.000000,7.359958,7.296277,0.063472,0.046709,0.018583,0.952500,630,8107247,72459,0,2,0,2,0,0,0,0,0,0,5406,0,3510,1896,0
13701,16.692375,16.582286,9.567535,0.000000,7.628792,7.521943,0.106724,0.052375,0.030709,0.770167,641,8107082,70311,0,2,0,2,0,0,0,0,0,0,7208,0,4680,2528,0
13702,16.556417,16.444003,9.478850,0.000000,7.519333,7.468610,0.050640,0.041042,0.009541,0.315833,630,8107306,74579,0,2,0,2,0,0,0,0,0,0,5406,0,3510,1896,0
13703,16.678125,16.569489,9.082714,0.000000,8.019584,7.960236,0.059265,0.039333,0.016584,0.958667,630,8107263,72431,0,2,0,2,0,0,0,0,0,0,5406,0,3510,1896,0
13704,16.663583,16.555408,9.047324,0.000000,8.061126,7.959235,0.101807,0.030209,0.008583,0.653500,639,8107087,70317,0,2,0,2,0,0,0,0,0,0,7208,0,4680,2528,0
13705,16.674875,16.565494,9.187872,0.000000,7.951333,7.875943,0.075265,0.031292,0.006292,0.803750,631,8107295,74574,0,2,0,2,0,0,0,0,0,0,5406,0,3510,1896,0
13706,16.755209,16.651065,9.055155,0.000000,8.115083,8.045402,0.069598,0.039375,0.018833,0.307208,630,8107471,72358,0,2,0,2,0,0,0,0,0,0,5406,0,3510,1896,0
13707,16.500833,16.385887,9.737849,0.000000,7.785335,7.784902,0.000349,0.029958,0.012542,0.805999,636,8106937,70338,0,2,0,2,0,0,0,0,0,0,7208,0,4680,2528,0
13708,16.821875,16.712377,10.218833,0.000000,7.792833,7.785235,0.007473,0.046208,0.020417,0.769625,651,8106958,75264,0,2,0,2,0,0,0,0,0,0,7441,0,3510,3931,0
13709,16.683292,16.573300,9.375960,0.000000,7.796041,7.771944,0.023847,0.040208,0.010750,0.499500,631,8107308,72059,0,2,0,2,0,0,0,0,0,0,5406,0,3510,1896,0
13710,16.766125,16.647463,9.425416,0.000000,7.790291,7.699485,0.090723,0.041875,0.009833,0.806875,639,8107050,70925,0,2,0,2,0,0,0,0,0,0,7208,0,4680,2528,0
13711,16.551208,16.443121,9.475210,0.000000,7.608001,7.545735,0.062182,0.032208,0.010250,0.305750,632,8107372,74524,0,2,0,2,0,0,0,0,0,0,5406,0,3510,1896,0
13712,16.690208,16.579861,9.179956,0.000000,7.918084,7.859861,0.058140,0.042000,0.010792,0.756458,631,8107239,72467,0,2,0,2,0,0,0,0,0,0,5406,0,3510,1896,0
13713,16.750417,16.636219,9.180323,0.000000,8.030375,7.920527,0.109765,0.040792,0.016500,0.659917,639,8107053,70314,0,2,0,2,0,0,0,0,0,0,7208,0,4680,2528,0
13714,16.661708,16.531954,9.313656,0.000000,7.794792,7.718652,0.076057,0.038000,0.015167,0.796792,631,8107303,74568,0,2,0,2,0,0,0,0,0,0,5406,0,3510,1896,0
13715,16.721375,16.613962,9.175262,0.000000,8.002417,7.929986,0.072264,0.043334,0.034041,0.296125,630,8107291,72425,0,2,0,2,0,0,0,0,0,0,5406,0,3510,1896,0
13716,16.530167,16.401216,9.240758,0.000000,7.741958,7.653193,0.088682,0.037792,0.009166,0.925000,642,8107078,69590,0,2,0,2,0,0,0,0,0,0,7208,0,4680,2528,0
13717,17.063542,16.960425,9.836918,0.000000,7.705958,7.642360,0.063348,0.048250,0.011833,0.931667,632,8110090,76402,0,2,0,2,0,0,0,0,0,0,5406,0,3510,1896,0
13718,16.508750,16.387307,9.380129,0.000000,7.663499,7.588402,0.075014,0.041041,0.041959,0.486042,631,8104469,72279,0,2,0,2,0,0,0,0,0,0,5406,0,3510,1896,0
13719,16.724000,16.613395,9.578219,0.000000,7.664791,7.562277,0.102431,0.043291,0.009625,0.791543,639,8107068,70294,0,2,0,2,0,0,0,0,0,0,7208,0,4680,2528,0
13720,16.527333,16.417464,9.406684,0.000000,7.639625,7.568444,0.071139,0.039625,0.015667,0.306625,632,8107300,74608,0,2,0,2,0,0,0,0,0,0,5406,0,3510,1896,0
13721,16.960333,16.863535,9.205049,0.000000,8.181875,8.088610,0.093140,0.039584,0.016333,0.780500,632,8107272,72323,0,2,0,2,0,0,0,0,0,0,5406,0,3510,1896,0
13722,15.932084,15.819719,9.147984,0.000000,7.373709,7.359693,0.013932,0.035750,0.045958,0.590000,637,8107078,68998,0,2,0,2,0,0,0,0,0,0,7208,0,4680,2528,0
13723,17.286500,17.154705,10.468244,0.000000,7.532791,7.529943,0.002723,0.046083,0.028208,0.805917,631,8107270,81126,0,2,0,2,0,0,0,0,0,0,5406,0,3510,1896,0
13724,16.736958,16.625828,9.380613,0.000000,7.845751,7.741986,0.103681,0.039083,0.008709,1.025917,631,8107285,72402,0,2,0,2,0,0,0,0,0,0,5406,0,3510,1896,0
13725,16.633292,16.524768,10.410948,0.000000,7.650458,7.650110,0.000182,0.039250,0.009250,0.485667,641,8107053,70284,0,2,0,2,0,0,0,0,0,0,7208,0,4680,2528,0
13726,16.702708,16.596777,9.459018,0.000000,7.765708,7.687027,0.078598,0.045875,0.010042,0.977042,631,8107321,74748,0,2,0,2,0,0,0,0,0,0,5406,0,3510,1896,0
13727,16.676375,16.566261,9.706992,0.000000,7.992584,7.973861,0.018556,0.042042,0.018708,0.306708,631,8107264,72460,0,2,0,2,0,0,0,0,0,0,5406,0,3510,1896,0
13728,16.536792,16.429415,8.976475,0.000000,7.983541,7.874568,0.108890,0.042375,0.008541,0.836041,640,8107057,70242,0,2,0,2,0,0,0,0,0,0,7208,0,4680,2528,0
13729,16.676875,16.569805,9.112689,0.000000,8.026916,7.940652,0.086181,0.031750,0.006666,0.304542,631,8107296,74662,0,2,0,2,0,0,0,0,0,0,5406,0,3510,1896,0
13730,16.655416,16.543231,9.102071,0.000000,8.179709,8.173110,0.006515,0.030125,0.008500,0.777834,631,8107318,72388,0,2,0,2,0,0,0,0,0,0,5406,0,3510,1896,0
13731,16.867584,16.759608,9.276213,0.000000,8.176834,8.071235,0.105474,0.040416,0.020500,0.708542,640,8107045,70333,0,2,0,2,0,0,0,0,0,0,7208,0,4680,2528,0
13732,16.646458,16.537591,9.320115,0.000000,7.823125,7.737944,0.085098,0.038250,0.016458,0.447292,629,8107267,74613,0,2,0,2,0,0,0,0,0,0,5406,0,3510,1896,0
13733,16.942875,16.831296,9.674146,0.000000,7.681125,7.599403,0.081514,0.047708,0.014000,0.659916,632,8107327,72401,0,2,0,2,0,0,0,0,0,0,5406,0,3510,1896,0
13734,16.344708,16.232435,9.581890,0.000000,7.377750,7.374735,0.002932,0.040459,0.019250,0.447500,638,8107026,70309,0,2,0,2,0,0,0,0,0,0,7208,0,4680,2528,0
13735,16.667250,16.555755,9.279327,0.000000,7.633458,7.575360,0.058014,0.039584,0.015958,0.842333,632,8107282,74585,0,2,0,2,0,0,0,0,0,0,5406,0,3510,1896,0
13736,16.870500,16.771172,9.424336,0.000000,7.844833,7.763569,0.081139,0.043209,0.027958,0.683750,631,8107306,72449,0,2,0,2,0,0,0,0,0,0,5406,0,3510,1896,0
13737,16.724709,16.601722,9.666026,0.000000,7.458625,7.383068,0.075473,0.035875,0.009458,0.830959,638,8107086,71264,0,2,0,2,0,0,0,0,0,0,7208,0,4680,2528,0
13738,16.523791,16.417800,9.470930,0.000000,7.592084,7.533486,0.058473,0.028875,0.016000,0.292417,630,8107301,73609,0,2,0,2,0,0,0,0,0,0,5406,0,3510,1896,0
13739,16.632667,16.522664,9.314954,0.000000,7.765041,7.686194,0.078806,0.041292,0.009541,0.600542,632,8107293,72450,0,2,0,2,0,0,0,0,0,0,5406,0,3510,1896,0
13740,16.774667,16.667222,9.327292,0.000000,7.918708,7.852985,0.065640,0.056416,0.013459,0.933875,638,8107087,72429,0,2,0,2,0,0,0,0,0,0,7208,0,4680,2528,0
13741,16.693208,16.587263,9.426649,0.000000,7.754416,7.693985,0.060389,0.032167,0.007208,0.474708,629,8107297,72471,0,2,0,2,0,0,0,0,0,0,5406,0,3510,1896,0
13742,16.562333,16.454406,8.959549,0.000000,8.119500,8.000236,0.119181,0.036792,0.027833,0.775417,631,8107328,72430,0,2,0,2,0,0,0,0,0,0,5406,0,3510,1896,0
13743,16.778042,16.670880,9.401166,0.000000,7.856542,7.787944,0.068473,0.035042,0.015375,0.526542,640,8107061,72494,0,2,0,2,0,0,0,0,0,0,7208,0,4680,2528,0
13744,16.589083,16.479024,9.184953,0.000000,7.925292,7.858944,0.066265,0.035834,0.015208,0.789458,630,8107319,71729,0,2,0,2,0,0,0,0,0,0,5406,0,3510,1896,0
13745,16.725917,16.615322,9.423717,0.000000,7.818250,7.731152,0.086973,0.041250,0.011625,0.309958,637,8107426,73268,0,2,0,2,0,0,0,0,0,0,7004,0,4536,2468,0
13746,16.701708,16.594416,9.446611,0.000000,7.731499,7.683943,0.047473,0.035542,0.015333,0.818041,635,8111152,73117,0,2,0,2,0,0,0,0,0,0,5610,0,3654,1956,0
13747,16.685459,16.548237,9.245181,0.000000,7.854624,7.799943,0.054556,0.034416,0.016792,0.699833,629,8103056,72896,0,2,0,2,0,0,0,0,0,0,5406,0,3510,1896,0
13748,16.641625,16.526562,9.244132,0.000000,7.854958,7.770403,0.084472,0.038166,0.018084,0.444334,638,8107141,70248,0,2,0,2,0,0,0,0,0,0,7208,0,4680,2528,0
13749,16.658833,16.552740,9.770590,0.000000,7.661625,7.615110,0.046390,0.038167,0.008291,0.833167,628,8107268,74668,0,2,0,2,0,0,0,0,0,0,5406,0,3510,1896,0
13750,16.704792,16.588687,9.363711,0.000000,7.803459,7.754777,0.048598,0.038833,0.009583,0.292833,630,8107291,72386,0,2,0,2,0,0,0,0,0,0,5406,0,3510,1896,0
13751,16.857916,16.785454,9.792703,0.000000,7.820957,7.812527,0.008139,0.059375,0.013584,0.673959,639,8115714,70707,0,2,0,2,0,0,0,0,0,0,7208,0,4680,2528,0
13752,16.660209,16.565797,10.972618,0.000000,7.147041,7.146485,0.000431,0.059458,0.048542,0.289334,630,8114078,74884,0,2,0,2,0,0,0,0,0,0,5406,0,3510,1896,0
13753,16.741833,16.574046,9.463675,0.000000,7.759417,7.735277,0.024015,0.026792,0.015666,0.855626,630,8091874,71777,0,2,0,2,0,0,0,0,0,0,5406,0,3510,1896,0
13754,16.633083,16.512756,9.951910,0.000000,7.332041,7.280986,0.050972,0.030792,0.016542,0.611042,640,8107081,70312,0,2,0,2,0,0,0,0,0,0,7208,0,4680,2528,0
13755,16.659084,16.486312,10.254379,0.000000,7.055166,7.029610,0.025515,0.028625,0.008916,0.917208,631,8095222,74074,0,2,0,2,0,0,0,0,0,0,5406,0,3510,1896,0
13756,16.619708,16.482338,10.092888,0.000000,7.169083,7.149610,0.019390,0.023917,0.007625,0.902709,628,8104028,72299,0,2,0,2,0,0,0,0,0,0,5406,0,3510,1896,0
13757,16.716333,16.596113,10.049131,0.000000,7.333000,7.278069,0.054848,0.027625,0.009000,0.472084,636,8107062,70315,0,2,0,2,0,0,0,0,0,0,7208,0,4680,2528,0
13758,16.692250,16.636457,10.270919,0.000000,7.165624,7.138568,0.026931,0.022834,0.017416,0.832501,632,8122674,75137,0,2,0,2,0,0,0,0,0,0,5406,0,3510,1896,0
13759,17.355334,17.248332,10.939936,0.000000,7.008293,7.007611,0.000557,0.064541,0.025292,0.288834,631,8107278,72521,0,2,0,2,0,0,0,0,0,0,5406,0,3510,1896,0
13760,15.966250,15.824706,10.165915,0.000000,6.621793,6.572278,0.049431,0.033666,0.009334,0.746250,639,8107070,70284,0,2,0,2,0,0,0,0,0,0,7208,0,4680,2528,0
13761,16.798750,16.662011,10.294996,0.000000,7.155084,7.129610,0.025349,0.027791,0.017209,0.454375,631,8107327,74639,0,2,0,2,0,0,0,0,0,0,5406,0,3510,1896,0
13762,16.799125,16.676460,10.277891,0.000000,7.173626,7.149861,0.023682,0.033708,0.009167,0.751666,630,8107275,72421,0,2,0,2,0,0,0,0,0,0,5406,0,3510,1896,0
13763,16.470041,16.343787,10.075755,0.000000,7.101625,7.049735,0.051806,0.030334,0.016708,1.004751,639,8107076,70305,0,2,0,2,0,0,0,0,0,0,7208,0,4680,2528,0
13764,16.784584,16.595032,10.228431,0.000000,7.163750,7.132776,0.030890,0.025583,0.010625,0.446208,630,8091861,73950,0,2,0,2,0,0,0,0,0,0,5406,0,3510,1896,0
13765,16.601208,16.546250,10.029669,0.000000,7.277876,7.249236,0.028557,0.026500,0.008833,0.906166,631,8119507,72915,0,2,0,2,0,0,0,0,0,0,5406,0,3510,1896,0
13766,16.637667,16.448331,9.901638,0.000000,7.322416,7.267902,0.054431,0.023833,0.010625,0.444458,639,8094863,69846,0,2,0,2,0,0,0,0,0,0,7208,0,4680,2528,0
13767,16.761083,16.705125,10.240092,0.000000,7.240249,7.209693,0.030473,0.025125,0.007208,0.810000,632,8122753,75240,0,2,0,2,0,0,0,0,0,0,5406,0,3510,1896,0
13768,16.832042,16.717741,10.213916,0.000000,7.257416,7.236944,0.020389,0.039416,0.010542,0.610750,631,8107295,72387,0,2,0,2,0,0,0,0,0,0,5406,0,3510,1896,0
13769,16.485708,16.297315,9.909074,0.000000,7.205376,7.151486,0.053806,0.027458,0.008584,0.742167,639,8091602,69707,0,2,0,2,0,0,0,0,0,0,7208,0,4680,2528,0
13770,16.769042,16.721995,10.374643,0.000000,7.136749,7.110610,0.026056,0.026208,0.022375,0.848208,633,8123953,75247,0,2,0,2,0,0,0,0,0,0,5406,0,3510,1896,0
13771,16.625791,16.427713,9.868894,0.000000,7.313999,7.284860,0.029056,0.023084,0.010500,0.454666,629,8090664,71748,0,2,0,2,0,0,0,0,0,0,5406,0,3510,1896,0
13772,16.643792,16.590747,10.071634,0.000000,7.306917,7.251819,0.055015,0.025125,0.015583,0.709708,640,8122451,70984,0,2,0,2,0,0,0,0,0,0,7208,0,4680,2528,0
13773,16.615083,16.426925,9.981844,0.000000,7.218125,7.191902,0.026140,0.022375,0.009709,0.454458,628,8091950,73272,0,2,0,2,0,0,0,0,0,0,5406,0,3510,1896,0
13774,16.861209,16.812512,10.314574,0.000000,7.285043,7.243569,0.041390,0.028916,0.011667,0.730083,632,8122680,74737,0,2,0,2,0,0,0,0,0,0,5406,0,3510,1896,0
13775,16.551625,16.433377,9.930198,0.000000,7.299583,7.239777,0.059681,0.025833,0.018208,0.516875,637,8107041,70266,0,2,0,2,0,0,0,0,0,0,7208,0,4680,2528,0
13776,16.674708,16.481470,10.301883,0.000000,6.987874,6.987443,0.000306,0.023500,0.007583,0.802417,631,8091819,73997,0,2,0,2,0,0,0,0,0,0,5406,0,3510,1896,0
13777,16.934000,16.875717,10.274334,0.000000,7.369125,7.357819,0.011181,0.041042,0.012916,0.445459,631,8122742,73074,0,2,0,2,0,0,0,0,0,0,5406,0,3510,1896,0
13778,16.091667,15.975667,9.656165,0.000000,7.124000,7.077861,0.046014,0.037083,0.023250,0.799083,641,8107047,68012,0,2,0,2,0,0,0,0,0,0,7208,0,4680,2528,0
13779,17.102416,16.981663,10.755955,0.000000,7.035000,7.015194,0.019723,0.028042,0.012667,0.908541,631,8107306,78996,0,2,0,2,0,0,0,0,0,0,5406,0,3510,1896,0
13780,16.787709,16.598754,9.935590,0.000000,7.431082,7.373485,0.057514,0.028791,0.009125,0.469667,630,8091840,71757,0,2,0,2,0,0,0,0,0,0,5406,0,3510,1896,0
13781,16.537250,16.485736,10.082157,0.000000,7.214334,7.156027,0.058223,0.038666,0.017542,0.654208,643,8122491,70970,0,2,0,2,0,0,0,0,0,0,7208,0,4680,2528,0
13782,16.707208,16.587884,10.126715,0.000000,7.238417,7.210985,0.027348,0.024458,0.019209,0.443125,630,8107313,74607,0,2,0,2,0,0,0,0,0,0,5406,0,3510,1896,0
13783,16.664458,16.541670,9.922843,0.000000,7.385125,7.324444,0.060598,0.023834,0.015500,0.747500,631,8107302,72425,0,2,0,2,0,0,0,0,0,0,5406,0,3510,1896,0
13784,16.713750,16.596252,9.793664,0.000000,7.548583,7.487402,0.061098,0.044834,0.015833,0.349792,639,8107034,70306,0,2,0,2,0,0,0,0,0,0,7208,0,4680,2528,0
13785,16.909542,16.780941,11.008941,0.000000,6.609959,6.608652,0.001099,0.048167,0.011583,0.734792,631,8107312,74583,0,2,0,2,0,0,0,0,0,0,5406,0,3510,1896,0
13786,16.737167,16.615303,10.460950,0.000000,6.959416,6.918277,0.041014,0.052666,0.021584,0.838500,631,8107310,72459,0,2,0,2,0,0,0,0,0,0,5406,0,3510,1896,0
13787,16.471083,16.345423,10.079704,0.000000,6.986625,6.939402,0.047098,0.052750,0.017417,0.469916,640,8107021,70289,0,2,0,2,0,0,0,0,0,0,7208,0,4680,2528,0
13788,16.538333,16.412880,10.114992,0.000000,6.990709,6.981360,0.009265,0.037292,0.009417,0.940708,631,8107311,74571,0,2,0,2,0,0,0,0,0,0,5406,0,3510,1896,0
13789,16.623334,16.506291,9.491177,0.000000,7.627750,7.525277,0.102390,0.036625,0.015041,0.443042,630,8107293,72470,0,2,0,2,0,0,0,0,0,0,5406,0,3510,1896,0
13790,16.704458,16.587694,9.151194,0.000000,8.029334,7.914277,0.115015,0.044917,0.021416,0.751792,637,8107055,71259,0,2,0,2,0,0,0,0,0,0,7208,0,4680,2528,0
13791,16.683042,16.578852,9.294223,0.000000,7.866667,7.774152,0.092432,0.038750,0.009083,0.520083,630,8107304,73664,0,2,0,2,0,0,0,0,0,0,5406,0,3510,1896,0
13792,16.781875,16.611534,9.163706,0.000000,8.050666,7.951735,0.098848,0.039333,0.008750,0.751209,627,8091865,71765,0,2,0,2,0,0,0,0,0,0,5406,0,3510,1896,0
13793,16.741041,16.684595,9.828110,0.000000,7.392168,7.317903,0.074140,0.045292,0.018208,0.299250,642,8122518,73129,0,2,0,2,0,0,0,0,0,0,7208,0,4680,2528,0
13794,16.463084,16.359465,9.759281,0.000000,7.593166,7.592902,0.000181,0.053208,0.033000,0.880124,629,8107285,72432,0,2,0,2,0,0,0,0,0,0,5406,0,3510,1896,0
13795,16.820250,16.706508,10.078602,0.000000,7.929334,7.925069,0.004140,0.039750,0.034791,0.915166,629,8107318,72035,0,2,0,2,0,0,0,0,0,0,5406,0,3510,1896,0
13796,16.577583,16.471630,9.289396,0.000000,7.830417,7.754861,0.075473,0.035917,0.014458,0.612291,640,8107065,73196,0,2,0,2,0,0,0,0,0,0,7208,0,4680,2528,0
13797,16.615083,16.518517,9.400117,0.000000,7.970375,7.970068,0.000182,0.036584,0.009916,0.759750,632,8111830,72575,0,2,0,2,0,0,0,0,0,0,5406,0,3510,1896,0
13798,16.852875,16.747127,9.224102,0.000000,8.075791,7.958193,0.117473,0.055542,0.017500,0.301250,637,8102837,71361,0,2,0,2,0,0,0,0,0,0,7004,0,4536,2468,0
13799,16.600875,16.487563,9.295123,0.000000,7.786791,7.718485,0.068181,0.051292,0.018333,0.758292,632,8109602,73499,0,2,0,2,0,0,0,0,0,0,5610,0,3654,1956,0
13800,16.646292,16.530898,9.042766,0.000000,8.042458,7.957235,0.085140,0.040333,0.010167,0.405500,632,8104712,72310,0,2,0,2,0,0,0,0,0,0,5406,0,3510,1896,0
13801,16.655833,16.547250,9.057694,0.000000,8.057583,7.930860,0.126598,0.042917,0.010000,0.748417,637,8107124,70307,0,2,0,2,0,0,0,0,0,0,7208,0,4680,2528,0
13802,16.647042,16.533549,9.262748,0.000000,7.875082,7.809652,0.065347,0.048500,0.032958,0.983500,631,8107243,73937,0,2,0,2,0,0,0,0,0,0,5406,0,3510,1896,0
13803,16.728917,16.622714,9.252137,0.000000,7.934124,7.851360,0.082681,0.045291,0.021209,0.465166,631,8107297,74078,0,2,0,2,0,0,0,0,0,0,5406,0,3510,1896,0
13804,16.725791,16.642985,8.976127,0.000000,8.176875,8.069860,0.106890,0.053000,0.012750,0.922792,637,8114120,70593,0,2,0,2,0,0,0,0,0,0,7208,0,4680,2528,0
13805,16.706000,16.566028,9.709792,0.000000,7.633708,7.633110,0.000473,0.045792,0.009792,0.300875,631,8100262,74240,0,2,0,2,0,0,0,0,0,0,5406,0,3510,1896,0
13806,16.640917,16.470401,8.952403,0.000000,8.004876,7.934777,0.070015,0.027625,0.005750,0.783749,629,8091857,71852,0,2,0,2,0,0,0,0,0,0,5406,0,3510,1896,0
13807,16.756792,16.713178,9.178366,0.000000,8.058749,7.954610,0.104056,0.040875,0.014625,0.305792,638,8122527,70956,0,2,0,2,0,0,0,0,0,0,7208,0,4680,2528,0
13808,16.611541,16.498580,9.354958,0.000000,7.747792,7.669319,0.078306,0.039584,0.016458,0.758001,631,8107292,74565,0,2,0,2,0,0,0,0,0,0,5406,0,3510,1896,0
13809,16.618584,16.514313,9.312711,0.000000,7.874958,7.870193,0.004640,0.044125,0.014416,0.351917,629,8107319,72459,0,2,0,2,0,0,0,0,0,0,5406,0,3510,1896,0
13810,16.733250,16.622973,8.965059,0.000000,8.222125,8.120694,0.101348,0.037541,0.033625,0.844666,639,8107106,70244,0,2,0,2,0,0,0,0,0,0,7208,0,4680,2528,0
13811,16.782750,16.677812,9.342194,0.000000,7.896666,7.822860,0.073723,0.045625,0.014041,0.852499,632,8107258,74686,0,2,0,2,0,0,0,0,0,0,5406,0,3510,1896,0
13812,16.590833,16.471296,9.057586,0.000000,7.990334,7.918693,0.071599,0.044000,0.020250,0.464917,631,8107300,72410,0,2,0,2,0,0,0,0,0,0,5406,0,3510,1896,0
13813,16.660333,16.552746,9.128377,0.000000,8.027791,7.904360,0.123348,0.037625,0.022167,0.858999,638,8107086,70289,0,2,0,2,0,0,0,0,0,0,7208,0,4680,2528,0
13814,16.783625,16.666480,9.529122,0.000000,7.743626,7.678736,0.064806,0.037834,0.012875,0.291625,629,8107286,74632,0,2,0,2,0,0,0,0,0,0,5406,0,3510,1896,0
13815,16.654375,16.540586,9.335352,0.000000,7.771583,7.696568,0.074890,0.038334,0.015458,0.827667,653,8106996,73034,0,2,0,2,0,0,0,0,0,0,7441,0,3510,3931,0
13816,16.629584,16.521577,9.979946,0.000000,7.976626,7.976277,0.000265,0.036916,0.007417,0.294958,637,8107077,70338,0,2,0,2,0,0,0,0,0,0,7208,0,4680,2528,0
13817,16.786750,16.675821,9.384838,0.000000,7.902460,7.828486,0.073890,0.051166,0.017209,0.751208,632,8107262,74580,0,2,0,2,0,0,0,0,0,0,5406,0,3510,1896,0
13818,16.652541,16.549332,9.156127,0.000000,7.949000,7.865110,0.083765,0.037584,0.011041,0.834917,631,8107344,72405,0,2,0,2,0,0,0,0,0,0,5406,0,3510,1896,0
13819,16.885125,16.768303,9.966670,0.000000,7.374832,7.270360,0.104389,0.052209,0.011708,0.298167,637,8107037,70347,0,2,0,2,0,0,0,0,0,0,7208,0,4680,2528,0
13820,16.493875,16.384546,9.411382,0.000000,7.610667,7.523611,0.086931,0.050917,0.024333,0.775042,630,8107299,74474,0,2,0,2,0,0,0,0,0,0,5406,0,3510,1896,0
13821,16.648875,16.540243,9.077034,0.000000,8.045958,7.972526,0.073390,0.037750,0.007084,0.606167,632,8107286,72550,0,2,0,2,0,0,0,0,0,0,5406,0,3510,1896,0
13822,16.676500,16.565214,9.048687,0.000000,8.035875,7.910319,0.125431,0.050125,0.027750,0.751666,640,8107049,70297,0,2,0,2,0,0,0,0,0,0,7208,0,4680,2528,0
13823,16.754750,16.642848,9.354871,0.000000,7.868876,7.784069,0.084640,0.043209,0.044125,0.295084,631,8107300,74610,0,2,0,2,0,0,0,0,0,0,5406,0,3510,1896,0
13824,16.637334,16.528304,9.173782,0.000000,7.913084,7.841027,0.071973,0.037291,0.008292,0.905000,629,8107319,72437,0,2,0,2,0,0,0,0,0,0,5406,0,3510,1896,0
13825,16.644041,16.537261,8.977114,0.000000,8.114458,8.004111,0.110181,0.052584,0.014375,0.811416,641,8107029,70216,0,2,0,2,0,0,0,0,0,0,7208,0,4680,2528,0
13826,16.707000,16.594341,9.306163,0.000000,7.865666,7.787694,0.077889,0.032625,0.007500,0.442625,630,8107341,74693,0,2,0,2,0,0,0,0,0,0,5406,0,3510,1896,0
13827,16.555792,16.447072,9.871843,0.000000,7.980584,7.980360,0.000140,0.044833,0.020667,0.779334,631,8107257,72407,0,2,0,2,0,0,0,0,0,0,5406,0,3510,1896,0
13828,16.883333,16.796373,9.122308,0.000000,8.248709,8.143735,0.104890,0.056167,0.033125,0.318125,640,8111069,70436,0,2,0,2,0,0,0,0,0,0,7208,0,4680,2528,0
13829,16.753459,16.625805,9.515868,0.000000,7.708166,7.642610,0.065473,0.051750,0.024791,0.756000,628,8103297,74474,0,2,0,2,0,0,0,0,0,0,5406,0,3510,1896,0
13830,16.548708,16.442403,9.169823,0.000000,7.853000,7.759069,0.093848,0.051167,0.009750,0.444375,632,8107268,72405,0,2,0,2,0,0,0,0,0,0,5406,0,3510,1896,0
13831,16.480750,16.368376,10.003849,0.000000,7.799333,7.793319,0.005889,0.044917,0.009166,0.769541,640,8107060,69655,0,2,0,2,0,0,0,0,0,0,7208,0,4680,2528,0
13832,16.852500,16.747810,9.593920,0.000000,7.724292,7.709611,0.014598,0.035958,0.008584,0.300791,629,8107280,76270,0,2,0,2,0,0,0,0,0,0,5406,0,3510,1896,0
13833,16.661958,16.553495,9.340213,0.000000,7.965374,7.965026,0.000265,0.038584,0.007708,0.770584,630,8107286,72407,0,2,0,2,0,0,0,0,0,0,5406,0,3510,1896,0
13834,16.664750,16.555639,8.917580,0.000000,8.192125,8.082277,0.109723,0.044917,0.021333,0.835626,639,8107056,70312,0,2,0,2,0,0,0,0,0,0,7208,0,4680,2528,0
13835,16.842750,16.739365,9.286087,0.000000,8.023292,7.936610,0.086598,0.045875,0.008917,0.447166,630,8107284,74563,0,2,0,2,0,0,0,0,0,0,5406,0,3510,1896,0
13836,16.567334,16.454915,9.178498,0.000000,7.879834,7.775610,0.104140,0.043333,0.009500,0.741166,633,8107307,72455,0,2,0,2,0,0,0,0,0,0,5406,0,3510,1896,0
13837,16.962875,16.863960,9.639856,0.000000,7.742792,7.671194,0.071473,0.056000,0.023125,0.291791,640,8107034,70294,0,2,0,2,0,0,0,0,0,0,7208,0,4680,2528,0
13838,16.530916,16.413544,9.708046,0.000000,7.370416,7.299194,0.071097,0.044917,0.013458,0.667250,631,8107350,74596,0,2,0,2,0,0,0,0,0,0,5406,0,3510,1896,0
13839,16.623917,16.497304,9.240072,0.000000,7.864916,7.759443,0.105307,0.036458,0.013042,0.328709,629,8107244,72458,0,2,0,2,0,0,0,0,0,0,5406,0,3510,1896,0
13840,16.543708,16.438339,8.929741,0.000000,8.113584,8.007569,0.105890,0.049667,0.024083,0.793917,642,8107067,70242,0,2,0,2,0,0,0,0,0,0,7208,0,4680,2528,0
13841,16.849125,16.744406,9.400681,0.000000,7.901292,7.833319,0.067848,0.045917,0.010542,1.006375,629,8107276,74648,0,2,0,2,0,0,0,0,0,0,5406,0,3510,1896,0
13842,16.646167,16.532759,9.309829,0.000000,7.848417,7.746402,0.101890,0.040917,0.009750,0.468167,654,8107296,72440,0,2,0,2,0,0,0,0,0,0,5406,0,3510,1896,0
13843,16.660500,16.535994,9.076919,0.000000,8.002708,7.894193,0.108431,0.035625,0.008292,0.863126,638,8107085,71288,0,2,0,2,0,0,0,0,0,0,7208,0,4680,2528,0
13844,16.665125,16.565449,9.126667,0.000000,8.041916,7.965152,0.076681,0.038750,0.013750,0.474125,631,8107300,73238,0,2,0,2,0,0,0,0,0,0,5406,0,3510,1896,0
13845,16.693792,16.583083,9.110262,0.000000,8.041710,7.929277,0.112349,0.046291,0.016584,0.777542,632,8107355,73067,0,2,0,2,0,0,0,0,0,0,5406,0,3510,1896,0
13846,16.834041,16.724841,9.410835,0.000000,7.856167,7.775361,0.080723,0.050917,0.013792,0.288875,638,8107019,72525,0,2,0,2,0,0,0,0,0,0,7208,0,4680,2528,0
13847,16.691875,16.576316,9.218074,0.000000,7.878875,7.780486,0.098222,0.074584,0.015958,0.651792,632,8107295,72404,0,2,0,2,0,0,0,0,0,0,5406,0,3510,1896,0
13848,16.558750,16.444131,9.438458,0.000000,7.665916,7.563777,0.102056,0.035334,0.028833,0.666041,630,8107323,72396,0,2,0,2,0,0,0,0,0,0,5406,0,3510,1896,0
13849,16.673167,16.556026,9.242000,0.000000,7.947375,7.871985,0.075265,0.034833,0.038625,0.448541,638,8107059,72539,0,2,0,2,0,0,0,0,0,0,7208,0,4680,2528,0
13850,16.677292,16.571631,9.408401,0.000000,7.891542,7.816360,0.075098,0.048083,0.011042,0.665833,631,8107331,72377,0,2,0,2,0,0,0,0,0,0,5406,0,3510,1896,0
13851,16.703791,16.642105,9.203636,0.000000,8.005792,7.905735,0.099973,0.049625,0.031417,0.442542,637,8122652,71622,0,2,0,2,0,0,0,0,0,0,7004,0,4536,2468,0
13852,16.882250,16.733389,9.226575,0.000000,7.963751,7.885152,0.078515,0.046250,0.028375,0.817625,631,8092724,73390,0,2,0,2,0,0,0,0,0,0,5610,0,3654,1956,0
13853,16.486667,16.372636,9.027841,0.000000,7.826832,7.747110,0.079597,0.045000,0.010042,0.289333,632,8106265,72367,0,2,0,2,0,0,0,0,0,0,5406,0,3510,1896,0
13854,16.518333,16.418130,9.955763,0.000000,7.895167,7.891735,0.000390,0.049584,0.019208,0.955375,635,8107152,70303,0,2,0,2,0,0,0,0,0,0,7208,0,4680,2528,0
13855,16.871834,16.757111,9.387220,0.000000,7.902082,7.812693,0.089306,0.035750,0.008750,0.295291,629,8107226,74589,0,2,0,2,0,0,0,0,0,0,5406,0,3510,1896,0
13856,16.609750,16.504003,9.057208,0.000000,8.042250,7.957944,0.084265,0.034791,0.007250,0.771333,631,8107345,72419,0,2,0,2,0,0,0,0,0,0,5406,0,3510,1896,0
13857,16.608125,16.503881,8.935125,0.000000,8.184625,8.072319,0.112223,0.040833,0.007042,0.859792,637,8107034,70331,0,2,0,2,0,0,0,0,0,0,7208,0,4680,2528,0
13858,16.755416,16.645193,9.284584,0.000000,7.881875,7.784735,0.097056,0.035750,0.029709,0.471250,631,8107375,74554,0,2,0,2,0,0,0,0,0,0,5406,0,3510,1896,0
13859,16.664917,16.551901,9.077839,0.000000,8.000707,7.921985,0.078639,0.042708,0.020709,0.848833,629,8107230,72485,0,2,0,2,0,0,0,0,0,0,5406,0,3510,1896,0
13860,16.711750,16.597617,9.178553,0.000000,8.032458,7.924360,0.107973,0.041792,0.011791,0.466667,640,8107119,69601,0,2,0,2,0,0,0,0,0,0,7208,0,4680,2528,0
13861,16.636125,16.534715,9.384718,0.000000,7.724957,7.645235,0.079681,0.044167,0.007500,0.666875,630,8107263,76276,0,2,0,2,0,0,0,0,0,0,5406,0,3510,1896,0
13862,16.696917,16.584533,9.019517,0.000000,8.103708,8.009152,0.094431,0.036416,0.036834,0.289416,631,8107324,72437,0,2,0,2,0,0,0,0,0,0,5406,0,3510,1896,0
13863,16.812250,16.709596,9.108221,0.000000,8.147792,8.021318,0.126432,0.034250,0.012375,0.712291,640,8107071,70302,0,2,0,2,0,0,0,0,0,0,7208,0,4680,2528,0
13864,16.555458,16.450203,9.381196,0.000000,7.634458,7.623485,0.010848,0.042458,0.015167,0.803750,630,8107268,74598,0,2,0,2,0,0,0,0,0,0,5406,0,3510,1896,0
13865,16.696458,16.583934,8.992947,0.000000,8.078292,7.995819,0.082389,0.037334,0.020708,0.448959,632,8107430,72398,0,2,0,2,0,0,0,0,0,0,5406,0,3510,1896,0
13866,16.717125,16.612917,9.938166,0.000000,7.887417,7.861735,0.025557,0.044417,0.013417,0.764124,641,8106964,70335,0,2,0,2,0,0,0,0,0,0,7208,0,4680,2528,0
13867,16.670917,16.558209,9.418161,0.000000,7.743791,7.662068,0.081640,0.034292,0.032375,0.287875,630,8107289,74612,0,2,0,2,0,0,0,0,0,0,5406,0,3510,1896,0
13868,16.747417,16.637243,9.033035,0.000000,8.093833,8.022361,0.071389,0.044083,0.011875,0.654249,632,8107291,72373,0,2,0,2,0,0,0,0,0,0,5406,0,3510,1896,0
13869,16.584541,16.477506,9.049457,0.000000,8.015791,7.904651,0.111057,0.042625,0.011500,0.444542,638,8107114,70299,0,2,0,2,0,0,0,0,0,0,7208,0,4680,2528,0
13870,16.632167,16.522416,9.951376,0.000000,7.829042,7.828736,0.000181,0.038417,0.010291,0.692167,629,8107305,74610,0,2,0,2,0,0,0,0,0,0,5406,0,3510,1896,0
13871,16.765958,16.662925,9.040340,0.000000,8.134750,8.030653,0.103931,0.037834,0.016000,0.295917,630,8107309,72482,0,2,0,2,0,0,0,0,0,0,5406,0,3510,1896,0
13872,16.872125,16.753046,9.407547,0.000000,7.994042,7.887444,0.106515,0.043792,0.011833,0.841292,640,8107056,70302,0,2,0,2,0,0,0,0,0,0,7208,0,4680,2528,0
13873,16.707959,16.509960,10.080948,0.000000,6.938583,6.937985,0.000473,0.056250,0.015666,0.787334,631,8107271,74590,0,2,0,2,0,0,0,0,0,0,5406,0,3510,1896,0
13874,16.461875,16.355606,9.245046,0.000000,7.706000,7.627986,0.077931,0.031333,0.016000,0.293833,630,8107309,72437,0,2,0,2,0,0,0,0,0,0,5406,0,3510,1896,0
13875,16.680625,16.578253,9.097520,0.000000,8.030708,7.920151,0.110473,0.035500,0.011000,0.829208,640,8107033,70254,0,2,0,2,0,0,0,0,0,0,7208,0,4680,2528,0
13876,16.657416,16.540318,9.283063,0.000000,7.835417,7.760694,0.074640,0.038292,0.016708,0.288333,628,8107297,74649,0,2,0,2,0,0,0,0,0,0,5406,0,3510,1896,0
13877,16.396792,16.270301,8.803889,0.000000,7.959584,7.878402,0.081098,0.033292,0.017458,0.752583,630,8107306,70197,0,2,0,2,0,0,0,0,0,0,5406,0,3510,1896,0
13878,17.159708,17.063298,9.681615,0.000000,7.899249,7.798318,0.100848,0.060667,0.033458,0.289166,640,8107046,74585,0,2,0,2,0,0,0,0,0,0,7208,0,4680,2528,0
13879,16.696417,16.571418,10.400775,0.000000,6.905792,6.822569,0.083098,0.061833,0.011375,0.698625,630,8107282,74651,0,2,0,2,0,0,0,0,0,0,5406,0,3510,1896,0
13880,16.525542,16.424409,9.337991,0.000000,7.702583,7.613485,0.089015,0.044208,0.018875,0.988291,631,8107311,72393,0,2,0,2,0,0,0,0,0,0,5406,0,3510,1896,0
13881,16.761500,16.653917,9.273462,0.000000,7.966999,7.854943,0.111973,0.049375,0.014500,0.377959,641,8109411,70426,0,2,0,2,0,0,0,0,0,0,7208,0,4680,2528,0
13882,16.667291,16.557467,9.483083,0.000000,7.696125,7.609444,0.086598,0.037334,0.014375,0.753084,630,8104920,74508,0,2,0,2,0,0,0,0,0,0,5406,0,3510,1896,0
13883,16.955417,16.841396,9.384608,0.000000,7.991751,7.877611,0.114015,0.067875,0.011792,0.478166,631,8107295,72424,0,2,0,2,0,0,0,0,0,0,5406,0,3510,1896,0
13884,16.450167,16.338230,9.488353,0.000000,7.375792,7.277152,0.098515,0.049416,0.037500,0.975625,641,8107043,70273,0,2,0,2,0,0,0,0,0,0,7208,0,4680,2528,0
13885,16.599083,16.483299,9.463658,0.000000,7.528000,7.426819,0.101098,0.042333,0.049625,0.289125,630,8107305,74583,0,2,0,2,0,0,0,0,0,0,5406,0,3510,1896,0
13886,16.742458,16.634670,9.313455,0.000000,7.817666,7.720444,0.097139,0.036875,0.012250,0.798543,629,8107304,72470,0,2,0,2,0,0,0,0,0,0,5406,0,3510,1896,0
13887,16.643542,16.526611,9.163607,0.000000,7.957083,7.826943,0.130015,0.033833,0.008500,0.310250,641,8107070,70308,0,2,0,2,0,0,0,0,0,0,7208,0,4680,2528,0
13888,16.712583,16.612460,9.472661,0.000000,7.751208,7.674527,0.076598,0.037834,0.008208,0.954251,632,8107331,74564,0,2,0,2,0,0,0,0,0,0,5406,0,3510,1896,0
13889,16.517542,16.398666,9.105865,0.000000,7.890458,7.786319,0.104056,0.032000,0.045917,0.842167,630,8107255,71780,0,2,0,2,0,0,0,0,0,0,5406,0,3510,1896,0
13890,16.878875,16.780039,9.297503,0.000000,8.044666,7.936318,0.108265,0.055042,0.039541,0.447625,642,8107026,71936,0,2,0,2,0,0,0,0,0,0,7208,0,4680,2528,0
13891,16.714583,16.598657,9.581780,0.000000,7.630293,7.551361,0.078848,0.043625,0.009834,0.843708,629,8107294,74637,0,2,0,2,0,0,0,0,0,0,5406,0,3510,1896,0
13892,16.571334,16.454761,9.031977,0.000000,7.992501,7.854736,0.137681,0.040791,0.018584,0.289125,631,8107294,72423,0,2,0,2,0,0,0,0,0,0,5406,0,3510,1896,0
13893,16.507375,16.395485,9.664137,0.000000,7.920917,7.919444,0.001348,0.035875,0.032583,0.927000,640,8107079,69947,0,2,0,2,0,0,0,0,0,0,7208,0,4680,2528,0
13894,16.758166,16.634381,9.307922,0.000000,7.873916,7.791735,0.082098,0.034292,0.011875,0.301167,631,8107279,75260,0,2,0,2,0,0,0,0,0,0,5406,0,3510,1896,0
13895,16.805125,16.693418,9.021534,0.000000,8.169083,8.061402,0.107556,0.042875,0.011125,0.792625,651,8107268,72419,0,2,0,2,0,0,0,0,0,0,5406,0,3510,1896,0
13896,16.556625,16.449161,9.543192,0.000000,7.894499,7.894110,0.000306,0.038292,0.019708,0.951249,638,8107090,71307,0,2,0,2,0,0,0,0,0,0,7208,0,4680,2528,0
13897,16.982834,16.873250,9.501640,0.000000,7.872250,7.804444,0.067598,0.064833,0.013875,0.487208,629,8107309,73594,0,2,0,2,0,0,0,0,0,0,5406,0,3510,1896,0
13898,16.508833,16.401174,9.140491,0.000000,7.831460,7.691736,0.139640,0.038458,0.017417,0.677625,631,8107284,72393,0,2,0,2,0,0,0,0,0,0,5406,0,3510,1896,0
13899,16.636375,16.530556,9.218260,0.000000,7.921042,7.807818,0.113182,0.035625,0.015208,0.478500,638,8107114,72532,0,2,0,2,0,0,0,0,0,0,7208,0,4680,2528,0
13900,16.670292,16.558997,9.685707,0.000000,8.098667,8.091069,0.007473,0.038041,0.040875,0.688709,630,8107262,72419,0,2,0,2,0,0,0,0,0,0,5406,0,3510,1896,0
13901,16.827875,16.720550,9.362873,0.000000,7.993958,7.861111,0.132722,0.038875,0.011958,0.292292,631,8107304,72424,0,2,0,2,0,0,0,0,0,0,5406,0,3510,1896,0
13902,16.524166,16.413431,9.189173,0.000000,7.786750,7.704568,0.082099,0.031875,0.008917,0.882083,637,8107111,72510,0,2,0,2,0,0,0,0,0,0,7208,0,4680,2528,0
13903,16.571125,16.460140,9.008905,0.000000,8.027584,8.027277,0.000265,0.034250,0.009042,0.902292,632,8107271,72407,0,2,0,2,0,0,0,0,0,0,5406,0,3510,1896,0
13904,16.789875,16.672647,9.008445,0.000000,8.240457,8.131652,0.108722,0.039875,0.024042,0.444459,636,8107256,70179,0,2,0,2,0,0,0,0,0,0,7004,0,4536,2468,0
13905,16.716792,16.612163,9.905695,0.000000,7.619250,7.618819,0.000348,0.031458,0.012125,0.788626,632,8107130,75836,0,2,0,2,0,0,0,0,0,0,5610,0,3654,1956,0
13906,16.774458,16.650262,9.267213,0.000000,7.974874,7.893402,0.081431,0.034417,0.008583,0.294834,629,8107277,72442,0,2,0,2,0,0,0,0,0,0,5406,0,3510,1896,0
13907,16.522375,16.432613,8.958117,0.000000,8.053875,7.947986,0.105764,0.046667,0.020292,0.669125,639,8107127,70267,0,2,0,2,0,0,0,0,0,0,7208,0,4680,2528,0
13908,16.778834,16.643930,9.521014,0.000000,7.757708,7.674027,0.083598,0.065875,0.020083,0.442875,630,8107259,74223,0,2,0,2,0,0,0,0,0,0,5406,0,3510,1896,0
13909,16.739500,16.627475,9.222082,0.000000,7.981708,7.905652,0.075973,0.043375,0.008958,0.733167,631,8107296,72942,0,2,0,2,0,0,0,0,0,0,5406,0,3510,1896,0
13910,16.586625,16.482126,9.303377,0.000000,7.791749,7.682569,0.109097,0.034208,0.009500,0.289666,638,8107157,70367,0,2,0,2,0,0,0,0,0,0,7208,0,4680,2528,0
13911,16.546333,16.429443,9.626696,0.000000,7.768667,7.760152,0.008432,0.032167,0.007208,0.692834,631,8107219,74608,0,2,0,2,0,0,0,0,0,0,5406,0,3510,1896,0
13912,17.081792,17.033398,9.224850,0.000000,8.148542,8.068235,0.080223,0.058208,0.039208,0.778917,632,8122804,73043,0,2,0,2,0,0,0,0,0,0,5406,0,3510,1896,0
13913,16.491750,16.325714,9.102148,0.000000,7.845708,7.822902,0.022556,0.065625,0.010250,0.450417,640,8091590,69619,0,2,0,2,0,0,0,0,0,0,7208,0,4680,2528,0
13914,16.774125,16.662670,9.546678,0.000000,7.677916,7.579235,0.098556,0.059083,0.021417,0.641333,630,8107282,74519,0,2,0,2,0,0,0,0,0,0,5406,0,3510,1896,0
13915,16.647125,16.534889,9.672316,0.000000,7.698166,7.686777,0.011306,0.043958,0.012167,0.288667,631,8107315,72493,0,2,0,2,0,0,0,0,0,0,5406,0,3510,1896,0
13916,16.657416,16.553694,9.247570,0.000000,7.825042,7.725694,0.099306,0.035542,0.036542,0.678791,640,8107127,70260,0,2,0,2,0,0,0,0,0,0,7208,0,4680,2528,0
13917,16.637584,16.502577,9.405212,0.000000,7.668917,7.589235,0.079557,0.036916,0.009250,0.289709,631,8107233,74607,0,2,0,2,0,0,0,0,0,0,5406,0,3510,1896,0
13918,16.559958,16.452555,9.004441,0.000000,7.985208,7.880985,0.104140,0.037708,0.008750,0.691916,630,8107303,71641,0,2,0,2,0,0,0,0,0,0,5406,0,3510,1896,0
13919,16.770083,16.655552,9.314014,0.000000,7.942041,7.838777,0.103181,0.052000,0.010417,0.702500,640,8107120,71912,0,2,0,2,0,0,0,0,0,0,7208,0,4680,2528,0
13920,16.649334,16.540812,9.298817,0.000000,7.769875,7.694277,0.075557,0.031583,0.013833,0.445500,632,8107253,74693,0,2,0,2,0,0,0,0,0,0,5406,0,3510,1896,0
13921,16.694916,16.586786,9.018986,0.000000,8.051458,7.972902,0.078473,0.037250,0.036500,0.862750,629,8107314,72477,0,2,0,2,0,0,0,0,0,0,5407,0,3510,1897,0
13922,16.634875,16.522884,9.137822,0.000000,7.959958,7.956444,0.000514,0.049667,0.009542,0.492375,640,8107067,70333,0,2,0,2,0,0,0,0,0,0,7208,0,4680,2528,0
13923,16.858542,16.737329,9.332461,0.000000,7.987833,7.874277,0.113390,0.041292,0.032375,0.864375,631,8107309,74613,0,2,0,2,0,0,0,0,0,0,5406,0,3510,1896,0
13924,16.556625,16.441734,9.230466,0.000000,7.768125,7.685527,0.082514,0.036167,0.010750,0.308417,638,8107167,72493,0,2,0,2,0,0,0,0,0,0,6430,0,3510,2920,0
13925,16.787042,16.693828,9.205200,0.000000,7.990583,7.914277,0.076181,0.037708,0.011375,0.656750,649,8106991,70763,0,2,0,2,0,0,0,0,0,0,8220,0,4680,3540,0
13926,16.545708,16.426971,9.228380,0.000000,7.726709,7.634235,0.092390,0.035208,0.009417,0.355625,633,8107169,74591,0,2,0,2,0,0,0,0,0,0,5406,0,3510,1896,0
13927,16.712125,16.603498,9.205796,0.000000,8.078500,8.075944,0.002473,0.043583,0.011834,0.867542,630,8107292,72402,0,2,0,2,0,0,0,0,0,0,5406,0,3510,1896,0
13928,16.752833,16.644289,9.181192,0.000000,8.046541,7.940360,0.106139,0.035709,0.041500,0.842333,640,8107090,70205,0,2,0,2,0,0,0,0,0,0,7208,0,4680,2528,0
13929,16.757667,16.641530,9.484702,0.000000,7.778626,7.660944,0.117557,0.034000,0.011208,0.449333,631,8107255,74607,0,2,0,2,0,0,0,0,0,0,5406,0,3510,1896,0
13930,16.678208,16.575787,9.141546,0.000000,7.976583,7.894818,0.081681,0.030334,0.034666,0.764625,630,8107339,72469,0,2,0,2,0,0,0,0,0,0,5406,0,3510,1896,0
13931,16.589584,16.473854,9.147221,0.000000,7.935666,7.826569,0.109014,0.035125,0.033666,0.478834,638,8107128,70268,0,2,0,2,0,0,0,0,0,0,7208,0,4680,2528,0
13932,16.667000,16.551492,9.230750,0.000000,7.863709,7.782277,0.081307,0.041916,0.007750,0.757459,631,8107194,74586,0,2,0,2,0,0,0,0,0,0,5406,0,3510,1896,0
13933,16.746458,16.639766,9.089431,0.000000,8.099459,8.005986,0.093348,0.046042,0.008083,0.288166,630,8107267,72404,0,2,0,2,0,0,0,0,0,0,5406,0,3510,1896,0
13934,16.545000,16.436950,9.136749,0.000000,7.897625,7.892527,0.005015,0.036958,0.012417,0.819417,641,8107812,70255,0,2,0,2,0,0,0,0,0,0,7208,0,4680,2528,0
13935,16.739042,16.623957,9.340102,0.000000,7.868958,7.790276,0.078598,0.030333,0.019042,0.860084,631,8106548,74617,0,2,0,2,0,0,0,0,0,0,5406,0,3510,1896,0
13936,16.716083,16.610319,9.075501,0.000000,8.116625,8.000402,0.116140,0.026375,0.007833,0.317208,629,8107296,72393,0,2,0,2,0,0,0,0,0,0,5406,0,3510,1896,0
13937,16.621292,16.519875,8.961539,0.000000,8.160709,8.055736,0.104931,0.030250,0.009791,0.849583,641,8107080,70270,0,2,0,2,0,0,0,0,0,0,7208,0,4680,2528,0
13938,16.833000,16.723255,9.189329,0.000000,8.007791,7.928443,0.079307,0.071875,0.012750,0.449125,630,8107261,74566,0,2,0,2,0,0,0,0,0,0,5406,0,3510,1896,0
13939,16.707041,16.614920,9.790895,0.000000,7.403624,7.299485,0.104014,0.049084,0.011125,0.679874,632,8112509,72553,0,2,0,2,0,0,0,0,0,0,5406,0,3510,1896,0
13940,16.620334,16.497413,9.021443,0.000000,7.998209,7.894236,0.103848,0.037958,0.007000,0.289709,638,8101819,70145,0,2,0,2,0,0,0,0,0,0,7208,0,4680,2528,0
13941,16.828125,16.720292,9.344542,0.000000,7.925041,7.845860,0.079056,0.041166,0.039750,0.740250,628,8107307,74616,0,2,0,2,0,0,0,0,0,0,5406,0,3510,1896,0
13942,16.457458,16.349448,9.038684,0.000000,7.833084,7.727986,0.105015,0.031333,0.011167,0.750458,631,8107304,72027,0,2,0,2,0,0,0,0,0,0,5406,0,3510,1896,0
13943,16.591375,16.488504,9.375211,0.000000,7.873542,7.872236,0.001223,0.036500,0.019083,0.451500,640,8107096,70932,0,2,0,2,0,0,0,0,0,0,7208,0,4680,2528,0
13944,16.783917,16.661391,9.238455,0.000000,7.953834,7.877235,0.076515,0.034041,0.023750,0.854250,631,8107225,74533,0,2,0,2,0,0,0,0,0,0,5406,0,3510,1896,0
13945,16.748875,16.638326,9.203243,0.000000,8.022417,7.958902,0.063390,0.038250,0.010625,0.308667,632,8107337,72484,0,2,0,2,0,0,0,0,0,0,5406,0,3510,1896,0
13946,16.832791,16.725591,9.248484,0.000000,7.673791,7.661069,0.012556,0.055042,0.015583,0.584126,638,8107005,70265,0,2,0,2,0,0,0,0,0,0,7208,0,4680,2528,0
13947,16.487209,16.371536,9.665218,0.000000,7.372626,7.310069,0.062473,0.048500,0.010875,0.291500,631,8107349,73900,0,2,0,2,0,0,0,0,0,0,5406,0,3510,1896,0
13948,16.994541,16.874297,10.313883,0.000000,7.291374,7.273360,0.017889,0.031584,0.014958,0.915458,654,8107241,74011,0,2,0,2,0,0,0,0,0,0,5406,0,3510,1896,0
13949,16.561125,16.438168,10.245049,0.000000,7.047375,6.983194,0.064056,0.024542,0.016375,0.606834,638,8107135,71240,0,2,0,2,0,0,0,0,0,0,7208,0,4680,2528,0
13950,16.674584,16.551138,10.515942,0.000000,6.871083,6.870693,0.000307,0.034416,0.017917,0.896376,631,8107510,73710,0,2,0,2,0,0,0,0,0,0,5406,0,3510,1896,0
13951,16.668916,16.546427,10.041529,0.000000,7.308792,7.248111,0.060598,0.023000,0.016250,0.907168,630,8107275,72400,0,2,0,2,0,0,0,0,0,0,5406,0,3510,1896,0
13952,16.902792,16.784008,10.288507,0.000000,7.266583,7.228110,0.038389,0.025708,0.016792,0.463000,639,8106840,72452,0,2,0,2,0,0,0,0,0,0,7208,0,4680,2528,0
13953,16.421125,16.301805,10.015626,0.000000,7.106584,7.076318,0.030182,0.025458,0.016209,0.900625,631,8107348,72416,0,2,0,2,0,0,0,0,0,0,5406,0,3510,1896,0
13954,16.699708,16.504916,10.027463,0.000000,7.370417,7.370235,0.000098,0.020959,0.015166,0.448083,629,8092009,71666,0,2,0,2,0,0,0,0,0,0,5406,0,3510,1896,0
13955,16.680584,16.622147,10.441424,0.000000,7.006792,6.970861,0.035806,0.023875,0.015875,0.754916,639,8122350,73199,0,2,0,2,0,0,0,0,0,0,7208,0,4680,2528,0
13956,16.604541,16.416744,9.896091,0.000000,7.403124,7.402693,0.000306,0.021167,0.014292,0.442666,629,8091851,71739,0,2,0,2,0,0,0,0,0,0,5406,0,3510,1896,0
13957,17.131125,17.071338,10.634261,0.000000,7.209083,7.175110,0.033848,0.046709,0.016208,0.665167,638,8122890,72026,0,2,0,2,0,0,0,0,0,0,7004,0,4536,2468,0
13958,16.446125,16.330293,10.305252,0.000000,6.892833,6.865402,0.027348,0.028917,0.022667,0.813791,634,8106912,73396,0,2,0,2,0,0,0,0,0,0,5610,0,3654,1956,0
13959,16.619084,16.502139,10.068905,0.000000,7.222667,7.193319,0.029265,0.031458,0.009125,0.454708,628,8107394,72473,0,2,0,2,0,0,0,0,0,0,5406,0,3510,1896,0
13960,16.502166,16.310948,10.048596,0.000000,7.274959,7.274569,0.000306,0.023875,0.017959,0.711208,637,8091637,69717,0,2,0,2,0,0,0,0,0,0,7208,0,4680,2528,0
13961,16.839292,16.783199,10.500856,0.000000,7.098417,7.068902,0.029390,0.027625,0.015292,0.443291,634,8122662,75222,0,2,0,2,0,0,0,0,0,0,5406,0,3510,1896,0
13962,16.655083,16.535381,9.920846,0.000000,7.373041,7.336360,0.036598,0.023667,0.014417,0.734084,629,8107277,72397,0,2,0,2,0,0,0,0,0,0,5406,0,3510,1896,0
13963,16.521459,16.326127,10.227212,0.000000,7.156042,7.149777,0.006181,0.021458,0.006917,0.444083,638,8091664,69672,0,2,0,2,0,0,0,0,0,0,7208,0,4680,2528,0
13964,16.867000,16.817677,10.304938,0.000000,7.278085,7.243653,0.034348,0.032125,0.009416,0.663084,631,8122736,75092,0,2,0,2,0,0,0,0,0,0,5406,0,3510,1896,0
13965,16.649750,16.527177,9.912908,0.000000,7.345542,7.318777,0.026640,0.023291,0.017834,0.701167,632,8107271,72540,0,2,0,2,0,0,0,0,0,0,5406,0,3510,1896,0
13966,16.761625,16.576618,9.922423,0.000000,7.432958,7.365819,0.067014,0.028208,0.009542,0.371333,635,8091642,69657,0,2,0,2,0,0,0,0,0,0,7208,0,4680,2528,0
13967,16.576500,16.451036,10.436914,0.000000,6.844500,6.844111,0.000264,0.024416,0.011209,0.817458,632,8107299,74529,0,2,0,2,0,0,0,0,0,0,5406,0,3510,1896,0
13968,16.733541,16.614539,9.923839,0.000000,7.413291,7.384193,0.029015,0.023167,0.008042,0.448625,630,8107326,72395,0,2,0,2,0,0,0,0,0,0,5406,0,3510,1896,0
13969,16.550000,16.425508,10.191118,0.000000,7.377958,7.377569,0.000306,0.021209,0.015583,0.641833,640,8107055,70269,0,2,0,2,0,0,0,0,0,0,7208,0,4680,2528,0
13970,16.830375,16.702328,10.530254,0.000000,6.974875,6.972611,0.002181,0.023000,0.009042,0.448541,632,8107291,74674,0,2,0,2,0,0,0,0,0,0,5406,0,3510,1896,0
13971,16.689792,16.639786,10.041954,0.000000,7.344958,7.317110,0.027765,0.026958,0.015667,0.932958,631,8122744,73072,0,2,0,2,0,0,0,0,0,0,5406,0,3510,1896,0
13972,16.577792,16.394450,10.173545,0.000000,7.278292,7.277944,0.000265,0.030833,0.009250,0.443666,637,8093045,69701,0,2,0,2,0,0,0,0,0,0,7208,0,4680,2528,0
13973,16.832541,16.774873,10.325983,0.000000,7.220917,7.184027,0.036806,0.030709,0.015791,0.761875,632,8121355,75183,0,2,0,2,0,0,0,0,0,0,5406,0,3510,1896,0
13974,16.585500,16.462005,10.166022,0.000000,7.069834,7.069402,0.000349,0.025250,0.015417,0.901083,630,8107302,72330,0,2,0,2,0,0,0,0,0,0,5406,0,3510,1896,0
13975,16.637459,16.516817,9.885964,0.000000,7.403750,7.341944,0.061723,0.023000,0.014500,0.455167,640,8107059,70352,0,2,0,2,0,0,0,0,0,0,7208,0,4680,2528,0
13976,16.306958,16.114584,9.897464,0.000000,7.041084,7.040666,0.000418,0.027542,0.008541,0.808793,628,8091877,71016,0,2,0,2,0,0,0,0,0,0,5406,0,3510,1896,0
13977,17.142708,17.046628,10.506673,0.000000,7.297750,7.266610,0.031057,0.022667,0.015333,0.445291,630,8113024,78659,0,2,0,2,0,0,0,0,0,0,5406,0,3510,1896,0
13978,16.517042,16.434627,10.039797,0.000000,7.185918,7.152861,0.032973,0.023375,0.014375,0.692876,639,8116768,70654,0,2,0,2,0,0,0,0,0,0,7208,0,4680,2528,0
13979,16.790833,16.667207,10.248468,0.000000,7.201959,7.174611,0.027223,0.031000,0.024667,0.347625,631,8107373,74589,0,2,0,2,0,0,0,0,0,0,5406,0,3510,1896,0
13980,17.085084,16.963402,10.566963,0.000000,7.274917,7.256610,0.018182,0.037916,0.010167,0.745001,632,8107267,72463,0,2,0,2,0,0,0,0,0,0,5406,0,3510,1896,0
13981,16.453666,16.337165,11.227552,0.000000,6.460499,6.434985,0.025431,0.038209,0.019291,0.665000,637,8107021,70273,0,2,0,2,0,0,0,0,0,0,7208,0,4680,2528,0
13982,16.728250,16.613151,11.034683,0.000000,6.824125,6.801778,0.022222,0.046584,0.016250,0.457041,631,8107279,74608,0,2,0,2,0,0,0,0,0,0,5406,0,3510,1896,0
13983,16.501834,16.370493,10.569792,0.000000,7.030416,7.026693,0.003598,0.060625,0.011916,0.929750,630,8107291,72395,0,2,0,2,0,0,0,0,0,0,5406,0,3510,1896,0
13984,16.439333,16.318705,9.582349,0.000000,7.489249,7.485068,0.004098,0.042167,0.012041,0.299250,638,8107046,70212,0,2,0,2,0,0,0,0,0,0,7208,0,4680,2528,0
13985,16.823917,16.715592,9.303763,0.000000,7.961500,7.882944,0.078473,0.041750,0.015791,1.128375,631,8107333,74683,0,2,0,2,0,0,0,0,0,0,5406,0,3510,1896,0
13986,16.619791,16.516719,9.006693,0.000000,8.066541,7.968027,0.098431,0.033792,0.031583,0.298583,629,8107270,72397,0,2,0,2,0,0,0,0,0,0,5406,0,3510,1896,0
13987,16.652417,16.540080,9.051259,0.000000,8.049125,7.915652,0.133348,0.034458,0.019709,0.756251,637,8107059,70284,0,2,0,2,0,0,0,0,0,0,7208,0,4680,2528,0
13988,16.662292,16.549059,9.339920,0.000000,7.837834,7.823194,0.014515,0.034208,0.020083,0.292750,630,8107283,74558,0,2,0,2,0,0,0,0,0,0,5406,0,3510,1896,0
13989,16.723916,16.611578,9.357332,0.000000,8.011626,8.011277,0.000265,0.046334,0.012041,0.811750,630,8107370,72409,0,2,0,2,0,0,0,0,0,0,5406,0,3510,1896,0
13990,16.645000,16.539659,9.025742,0.000000,8.116416,8.002777,0.113556,0.036292,0.015625,1.078208,639,8106967,70329,0,2,0,2,0,0,0,0,0,0,7208,0,4680,2528,0
13991,16.720042,16.607222,9.220160,0.000000,7.958501,7.852361,0.105973,0.038250,0.017042,0.443750,631,8107293,74238,0,2,0,2,0,0,0,0,0,0,5406,0,3510,1896,0
13992,16.674375,16.583053,9.007184,0.000000,8.137958,8.029276,0.108598,0.036417,0.015125,0.939375,631,8110865,73223,0,2,0,2,0,0,0,0,0,0,5406,0,3510,1896,0
13993,16.652708,16.531623,8.883015,0.000000,8.151750,8.035652,0.115973,0.039250,0.015584,0.290042,637,8103477,70141,0,2,0,2,0,0,0,0,0,0,7208,0,4680,2528,0
13994,16.776959,16.667976,9.253806,0.000000,8.010500,7.930902,0.079514,0.033041,0.018625,1.106709,632,8107303,74546,0,2,0,2,0,0,0,0,0,0,5406,0,3510,1896,0
13995,16.760375,16.648496,9.039038,0.000000,8.157417,8.027443,0.129849,0.040125,0.016916,0.288500,633,8107300,72465,0,2,0,2,0,0,0,0,0,0,5406,0,3510,1896,0
13996,16.612375,16.513338,9.027856,0.000000,8.025166,7.913402,0.111723,0.041375,0.010041,0.750084,639,8107038,70269,0,2,0,2,0,0,0,0,0,0,7208,0,4680,2528,0
13997,16.663666,16.546028,9.417212,0.000000,7.718501,7.610944,0.107390,0.043959,0.016125,0.808208,630,8107311,74595,0,2,0,2,0,0,0,0,0,0,5406,0,3510,1896,0
13998,17.526625,17.414817,9.742308,0.000000,8.089917,7.952860,0.136682,0.062292,0.016750,0.448208,631,8107312,72348,0,2,0,2,0,0,0,0,0,0,5406,0,3510,1896,0
13999,15.730875,15.618204,9.832946,0.000000,7.062583,7.057443,0.005056,0.055334,0.019791,0.609000,640,8107028,70292,0,2,0,2,0,0,0,0,0,0,7208,0,4680,2528,0
14000,16.876167,16.771709,10.233225,0.000000,7.893417,7.893111,0.000223,0.045750,0.020958,0.445625,631,8107278,74653,0,2,0,2,0,0,0,0,0,0,5406,0,3510,1896,0
14001,16.649417,16.539711,9.972448,0.000000,7.877501,7.867110,0.010224,0.046625,0.021916,0.817791,652,8107297,72415,0,2,0,2,0,0,0,0,0,0,5406,0,3510,1896,0
14002,16.801375,16.688467,9.159285,0.000000,8.065374,7.942860,0.122431,0.030750,0.007166,0.289083,638,8107118,71263,0,2,0,2,0,0,0,0,0,0,7208,0,4680,2528,0
14003,16.583375,16.470629,9.303739,0.000000,7.758833,7.675152,0.083473,0.049375,0.014541,0.761291,632,8107280,73597,0,2,0,2,0,0,0,0,0,0,5406,0,3510,1896,0
14004,16.633291,16.524682,8.918670,0.000000,8.038916,7.937818,0.100973,0.034959,0.024041,0.334125,631,8107302,72280,0,2,0,2,0,0,0,0,0,0,5406,0,3510,1896,0
14005,16.642000,16.535094,9.446640,0.000000,7.936125,7.845652,0.090348,0.036750,0.013584,0.930958,638,8107062,71922,0,2,0,2,0,0,0,0,0,0,7208,0,4680,2528,0
14006,16.726167,16.613463,9.195408,0.000000,7.923542,7.843402,0.080056,0.036625,0.007958,1.103417,631,8107295,74088,0,2,0,2,0,0,0,0,0,0,5406,0,3510,1896,0
14007,16.652333,16.538600,9.722207,0.000000,7.961208,7.960943,0.000182,0.044250,0.041584,0.319125,631,8107306,72410,0,2,0,2,0,0,0,0,0,0,5406,0,3510,1896,0
14008,16.752709,16.649759,9.305563,0.000000,7.837709,7.761069,0.076557,0.043875,0.011833,1.308250,637,8107071,72399,0,2,0,2,0,0,0,0,0,0,7208,0,4680,2528,0
14009,16.589916,16.482794,9.235401,0.000000,7.832791,7.744610,0.088014,0.043667,0.034167,0.300417,629,8107303,72375,0,2,0,2,0,0,0,0,0,0,5406,0,3510,1896,0
14010,16.710959,16.631377,8.984473,0.000000,8.196333,8.083651,0.112599,0.083166,0.010667,1.307625,638,8122710,71473,0,2,0,2,0,0,0,0,0,0,7208,0,4680,2528,0
14011,16.678875,16.545179,9.070961,0.000000,7.915667,7.830527,0.085056,0.034500,0.019083,0.302208,633,8091672,73525,0,2,0,2,0,0,0,0,0,0,5406,0,3510,1896,0
14012,16.711250,16.597543,9.914048,0.000000,7.932333,7.930069,0.002139,0.038500,0.022166,0.900500,630,8107288,72387,0,2,0,2,0,0,0,0,0,0,5406,0,3510,1896,0
14013,16.751750,16.644683,9.134411,0.000000,8.071875,7.961819,0.109931,0.048333,0.017458,1.086250,639,8107113,70291,0,2,0,2,0,0,0,0,0,0,7208,0,4680,2528,0
14014,16.474708,16.360598,9.347306,0.000000,7.728333,7.728111,0.000139,0.038542,0.012500,0.440875,629,8107292,74472,0,2,0,2,0,0,0,0,0,0,5406,0,3510,1896,0
14015,16.826833,16.717443,8.914704,0.000000,8.251252,8.167278,0.083890,0.033125,0.009292,1.150500,630,8107306,72521,0,2,0,2,0,0,0,0,0,0,5406,0,3510,1896,0
14016,16.714667,16.614783,9.124467,0.000000,8.048708,7.923902,0.124723,0.036167,0.015041,0.609042,639,8107661,70282,0,2,0,2,0,0,0,0,0,0,7208,0,4680,2528,0
14017,16.768750,16.649405,9.381691,0.000000,7.783792,7.717902,0.065806,0.043083,0.018042,0.777041,629,8106708,74619,0,2,0,2,0,0,0,0,0,0,5406,0,3510,1896,0
14018,16.530958,16.421617,9.142530,0.000000,7.919708,7.837944,0.081723,0.046292,0.021500,0.448083,633,8107286,72330,0,2,0,2,0,0,0,0,0,0,5406,0,3510,1896,0
14019,16.693625,16.588377,9.018986,0.000000,8.141499,8.029818,0.111598,0.045042,0.030333,0.782291,639,8107139,70227,0,2,0,2,0,0,0,0,0,0,7208,0,4680,2528,0
14020,17.482375,17.380531,10.405341,0.000000,7.861375,7.860902,0.000306,0.085959,0.036208,0.639333,633,8107238,74713,0,2,0,2,0,0,0,0,0,0,5406,0,3510,1896,0
14021,15.935042,15.821415,10.165398,0.000000,7.092832,7.089402,0.000389,0.047667,0.010000,0.301084,632,8112275,72624,0,2,0,2,0,0,0,0,0,0,5406,0,3510,1896,0
14022,16.464042,16.331587,10.034927,0.000000,7.827626,7.827277,0.000224,0.041625,0.019916,1.234875,638,8102103,70079,0,2,0,2,0,0,0,0,0,0,7208,0,4680,2528,0
14023,16.847458,16.734736,9.249523,0.000000,8.045209,8.044735,0.000307,0.042708,0.009709,0.318167,632,8107300,74585,0,2,0,2,0,0,0,0,0,0,5406,0,3510,1896,0
14024,16.606042,16.496578,9.315643,0.000000,8.010583,8.010319,0.000181,0.038250,0.016333,1.278084,632,8107336,72289,0,2,0,2,0,0,0,0,0,0,5406,0,3510,1896,0
14025,16.632666,16.519554,9.407479,0.000000,8.131084,8.130819,0.000140,0.041250,0.009292,0.288417,638,8107044,70400,0,2,0,2,0,0,0,0,0,0,7208,0,4680,2528,0
14026,16.891375,16.785084,9.302472,0.000000,7.972126,7.915194,0.056807,0.048167,0.009708,0.956876,627,8107284,74617,0,2,0,2,0,0,0,0,0,0,5406,0,3510,1896,0
14027,16.606000,16.499663,9.020998,0.000000,8.063084,7.978986,0.083931,0.037875,0.015584,0.561125,633,8107294,72414,0,2,0,2,0,0,0,0,0,0,5406,0,3510,1896,0
14028,16.686459,16.565073,9.487907,0.000000,7.701043,7.629444,0.071515,0.041958,0.009917,1.018499,660,8106750,70862,0,2,0,2,0,0,0,0,0,0,9243,0,4680,4563,0
14029,16.654666,16.538766,9.203131,0.000000,7.922708,7.836902,0.085723,0.032292,0.007750,1.296667,632,8107293,74599,0,2,0,2,0,0,0,0,0,0,5406,0,3510,1896,0
14030,16.731250,16.627124,9.045170,0.000000,8.157375,8.075194,0.082056,0.040375,0.019000,0.645000,631,8107304,72450,0,2,0,2,0,0,0,0,0,0,5406,0,3510,1896,0
14031,16.568542,16.457001,8.893425,0.000000,8.118083,8.006651,0.111348,0.033667,0.009791,1.092292,636,8107080,70297,0,2,0,2,0,0,0,0,0,0,7208,0,4680,2528,0
14032,16.958208,16.845227,9.842344,0.000000,7.858292,7.790527,0.067682,0.050250,0.011875,0.291375,631,8107303,74593,0,2,0,2,0,0,0,0,0,0,5406,0,3510,1896,0
14033,16.541417,16.438291,9.172239,0.000000,7.840749,7.763277,0.077431,0.033708,0.010459,0.644749,632,8107287,72412,0,2,0,2,0,0,0,0,0,0,5406,0,3510,1896,0
14034,16.477542,16.363507,9.014297,0.000000,7.951417,7.845902,0.105431,0.045500,0.020500,0.302208,640,8107053,69548,0,2,0,2,0,0,0,0,0,0,7208,0,4680,2528,0
14035,16.907625,16.801039,9.482926,0.000000,7.896249,7.814652,0.081514,0.035666,0.008209,0.760332,632,8107309,76319,0,2,0,2,0,0,0,0,0,0,5406,0,3510,1896,0
14036,16.702708,16.598099,9.050008,0.000000,8.069251,7.990403,0.078764,0.042542,0.052000,1.119917,631,8107268,72389,0,2,0,2,0,0,0,0,0,0,5406,0,3510,1896,0
14037,16.501458,16.405692,8.961091,0.000000,8.066292,7.959360,0.106848,0.035334,0.046708,0.654208,641,8111754,70465,0,2,0,2,0,0,0,0,0,0,7208,0,4680,2528,0
14038,16.904459,16.768338,9.567913,0.000000,7.746333,7.668610,0.077639,0.044875,0.009791,0.760250,629,8102593,74386,0,2,0,2,0,0,0,0,0,0,5406,0,3510,1896,0
14039,16.693375,16.575826,9.353206,0.000000,7.839416,7.716860,0.122389,0.042750,0.013583,0.640666,632,8107297,72358,0,2,0,2,0,0,0,0,0,0,5406,0,3510,1896,0
14040,16.520125,16.406305,8.927621,0.000000,8.021792,7.915360,0.106348,0.038833,0.022250,1.289666,641,8107062,70002,0,2,0,2,0,0,0,0,0,0,7208,0,4680,2528,0
14041,16.660875,16.541144,9.293357,0.000000,7.801042,7.720194,0.080723,0.034916,0.009292,0.300584,627,8107292,75272,0,2,0,2,0,0,0,0,0,0,5406,0,3510,1896,0
14042,16.709208,16.601299,8.850859,0.000000,8.256001,8.150694,0.105223,0.035750,0.009333,1.298375,632,8107283,72411,0,2,0,2,0,0,0,0,0,0,5406,0,3510,1896,0
14043,16.679625,16.574623,8.807313,0.000000,8.253625,8.146152,0.107348,0.035125,0.008208,0.351250,640,8107126,70272,0,2,0,2,0,0,0,0,0,0,7208,0,4680,2528,0
14044,16.802708,16.689979,9.371127,0.000000,7.904500,7.813402,0.091015,0.044292,0.007375,1.126791,630,8107247,74520,0,2,0,2,0,0,0,0,0,0,5406,0,3510,1896,0
14045,16.728334,16.627010,9.165411,0.000000,8.079501,7.971903,0.107473,0.040208,0.019250,1.261583,631,8109211,72554,0,2,0,2,0,0,0,0,0,0,5406,0,3510,1896,0
14046,16.392541,16.278345,9.723056,0.000000,7.918210,7.915569,0.002557,0.038125,0.017917,0.611125,639,8105137,70211,0,2,0,2,0,0,0,0,0,0,7208,0,4680,2528,0
14047,16.880709,16.778546,9.290866,0.000000,8.034375,7.953318,0.080973,0.036333,0.007458,0.957542,628,8107278,74581,0,2,0,2,0,0,0,0,0,0,5406,0,3510,1896,0
14048,16.618125,16.507590,9.014056,0.000000,8.067958,7.955652,0.112223,0.033708,0.007708,0.635000,631,8107321,72356,0,2,0,2,0,0,0,0,0,0,5406,0,3510,1896,0
14049,16.744125,16.638784,8.908080,0.000000,8.300917,8.190527,0.110265,0.038125,0.007833,0.743291,640,8107149,70261,0,2,0,2,0,0,0,0,0,0,7208,0,4680,2528,0
14050,16.661791,16.546987,9.298498,0.000000,7.799584,7.730694,0.068806,0.040667,0.022083,0.303833,628,8107144,74694,0,2,0,2,0,0,0,0,0,0,5406,0,3510,1896,0
14051,16.673459,16.559991,9.073192,0.000000,8.060834,7.952986,0.107764,0.033666,0.008834,0.918667,631,8107306,72412,0,2,0,2,0,0,0,0,0,0,5406,0,3510,1896,0
14052,16.640500,16.543605,8.986094,0.000000,8.167250,8.061569,0.105515,0.032708,0.012208,1.107833,641,8107049,70265,0,2,0,2,0,0,0,0,0,0,7208,0,4680,2528,0
14053,16.762458,16.645355,9.326576,0.000000,7.884583,7.812194,0.072264,0.030875,0.008625,0.616416,631,8107291,74613,0,2,0,2,0,0,0,0,0,0,5406,0,3510,1896,0
14054,16.702208,16.594710,9.107888,0.000000,8.075209,7.958736,0.116389,0.043875,0.010000,0.908333,650,8107291,72324,0,2,0,2,0,0,0,0,0,0,5406,0,3510,1896,0
14055,16.704709,16.638300,9.138333,0.000000,8.068750,7.962485,0.106140,0.043291,0.043334,0.298541,641,8117950,71777,0,2,0,2,0,0,0,0,0,0,7208,0,4680,2528,0
14056,16.725000,16.572610,9.235411,0.000000,7.874083,7.791027,0.082973,0.036666,0.012500,0.791249,627,8096428,73148,0,2,0,2,0,0,0,0,0,0,5406,0,3510,1896,0
14057,16.618791,16.506933,9.214969,0.000000,7.909626,7.798986,0.110515,0.039500,0.011834,0.488375,630,8107315,72441,0,2,0,2,0,0,0,0,0,0,5406,0,3510,1896,0
14058,17.371125,17.317775,9.745992,0.000000,7.938708,7.829235,0.109098,0.079875,0.010959,0.938708,640,8122568,73046,0,2,0,2,0,0,0,0,0,0,7208,0,4680,2528,0
14059,16.009250,15.848279,9.372352,0.000000,7.245250,7.166610,0.078557,0.044667,0.040792,0.988917,630,8091854,71776,0,2,0,2,0,0,0,0,0,0,5406,0,3510,1896,0
14060,16.684000,16.573592,9.138245,0.000000,7.931000,7.823819,0.107056,0.041375,0.012334,0.446000,629,8107264,72463,0,2,0,2,0,0,0,0,0,0,5406,0,3510,1896,0
14061,16.562875,16.444218,9.345250,0.000000,7.790417,7.788569,0.001765,0.046792,0.012500,0.908749,640,8107068,72482,0,2,0,2,0,0,0,0,0,0,7208,0,4680,2528,0
14062,16.724167,16.618384,9.439789,0.000000,8.062583,8.054110,0.008348,0.040667,0.019416,0.609083,629,8107304,72400,0,2,0,2,0,0,0,0,0,0,5406,0,3510,1896,0
14063,16.636250,16.549998,9.038289,0.000000,8.045959,7.937736,0.108098,0.049250,0.018833,0.768875,637,8122694,70662,0,2,0,2,0,0,0,0,0,0,7184,0,4656,2528,0
14064,16.828042,16.697889,9.342211,0.000000,7.928542,7.829527,0.098890,0.040458,0.010458,0.289833,633,8091670,75067,0,2,0,2,0,0,0,0,0,0,5430,0,3534,1896,0
14065,16.515000,16.400436,9.059471,0.000000,7.916999,7.899693,0.013806,0.036625,0.009166,0.773499,631,8107339,72499,0,2,0,2,0,0,0,0,0,0,5406,0,3510,1896,0
14066,16.799541,16.698257,9.055986,0.000000,8.158000,8.050319,0.107598,0.037459,0.029500,0.288459,639,8107137,70321,0,2,0,2,0,0,0,0,0,0,7208,0,4680,2528,0
14067,16.665750,16.552700,10.027404,0.000000,7.815917,7.815610,0.000224,0.054667,0.029875,0.856500,631,8107209,74600,0,2,0,2,0,0,0,0,0,0,5406,0,3510,1896,0
14068,16.768959,16.675323,9.172012,0.000000,8.014334,7.912861,0.101390,0.041750,0.009666,1.240583,629,8107288,72350,0,2,0,2,0,0,0,0,0,0,5406,0,3510,1896,0
14069,16.533541,16.418475,9.018248,0.000000,7.941666,7.833277,0.108264,0.037209,0.007625,0.609500,637,8107200,70250,0,2,0,2,0,0,0,0,0,0,7208,0,4680,2528,0
14070,16.703459,16.589899,9.185540,0.000000,7.963584,7.882485,0.081015,0.037791,0.047250,1.080959,630,8107212,74695,0,2,0,2,0,0,0,0,0,0,5406,0,3510,1896,0
14071,16.850250,16.728650,9.251131,0.000000,8.038500,7.961986,0.076431,0.043500,0.016083,0.608375,629,8107263,72409,0,2,0,2,0,0,0,0,0,0,5406,0,3510,1896,0
14072,16.433333,16.333380,8.882082,0.000000,8.031167,7.917444,0.113598,0.033500,0.008250,0.955750,640,8107104,70271,0,2,0,2,0,0,0,0,0,0,7208,0,4680,2528,0
14073,16.741458,16.636712,8.993460,0.000000,8.126249,8.043151,0.083015,0.037625,0.008667,0.288459,630,8107299,74606,0,2,0,2,0,0,0,0,0,0,5406,0,3510,1896,0
14074,16.987250,16.896005,9.268941,0.000000,8.149667,8.064735,0.084765,0.049417,0.010375,0.770666,632,8110654,72477,0,2,0,2,0,0,0,0,0,0,5406,0,3510,1896,0
14075,16.263792,16.141678,8.823137,0.000000,7.876208,7.766944,0.109181,0.038083,0.008000,0.823834,637,8103724,67936,0,2,0,2,0,0,0,0,0,0,7208,0,4680,2528,0
14076,16.736375,16.621313,10.473941,0.000000,7.563250,7.558527,0.000431,0.035625,0.016167,0.662084,631,8107270,78957,0,2,0,2,0,0,0,0,0,0,5406,0,3510,1896,0
14077,17.112625,17.003303,9.459562,0.000000,8.043416,7.972444,0.070681,0.055250,0.009292,0.768500,630,8107303,72428,0,2,0,2,0,0,0,0,0,0,5406,0,3510,1896,0
14078,16.345458,16.230554,9.101530,0.000000,7.747834,7.638736,0.108973,0.046625,0.023750,0.648834,639,8107076,70241,0,2,0,2,0,0,0,0,0,0,7208,0,4680,2528,0
14079,16.794750,16.689079,9.288583,0.000000,7.913457,7.831026,0.082348,0.038459,0.008791,1.153791,630,8107401,74573,0,2,0,2,0,0,0,0,0,0,5406,0,3510,1896,0
14080,16.551959,16.442052,8.987801,0.000000,8.002375,7.930527,0.071764,0.038500,0.008208,0.307416,632,8107197,72462,0,2,0,2,0,0,0,0,0,0,5406,0,3510,1896,0
14081,16.734208,16.623679,9.061255,0.000000,8.051916,7.956110,0.095723,0.045708,0.011792,0.971542,640,8107155,70281,0,2,0,2,0,0,0,0,0,0,7208,0,4680,2528,0
14082,16.631875,16.523945,9.215238,0.000000,7.877874,7.802151,0.075640,0.033208,0.006875,0.390042,629,8107219,74600,0,2,0,2,0,0,0,0,0,0,5406,0,3510,1896,0
14083,16.800667,16.698772,9.081246,0.000000,8.137500,8.060277,0.077140,0.034500,0.008416,1.069916,630,8107317,72392,0,2,0,2,0,0,0,0,0,0,5406,0,3510,1896,0
14084,16.558541,16.448728,8.919414,0.000000,8.058959,7.953444,0.105473,0.036375,0.016292,1.279375,639,8107210,70201,0,2,0,2,0,0,0,0,0,0,7208,0,4680,2528,0
14085,16.644417,16.528207,9.154285,0.000000,7.942042,7.863152,0.078765,0.028208,0.007084,0.647125,629,8107169,74706,0,2,0,2,0,0,0,0,0,0,5406,0,3510,1896,0
14086,16.888333,16.786180,8.997517,0.000000,8.267125,8.190277,0.076723,0.036500,0.009542,0.946874,630,8107297,72398,0,2,0,2,0,0,0,0,0,0,5406,0,3510,1896,0
14087,16.727875,16.624076,9.296314,0.000000,7.926375,7.819444,0.106806,0.044959,0.011000,0.606333,641,8107042,70273,0,2,0,2,0,0,0,0,0,0,7208,0,4680,2528,0
14088,16.569334,16.462978,9.325960,0.000000,7.673333,7.595110,0.078140,0.036250,0.030125,0.780542,631,8107391,74551,0,2,0,2,0,0,0,0,0,0,5406,0,3510,1896,0
14089,16.681458,16.559586,9.037751,0.000000,8.042959,7.939236,0.103640,0.031833,0.027292,0.294292,631,8107196,72044,0,2,0,2,0,0,0,0,0,0,5406,0,3510,1896,0
14090,16.499083,16.396164,9.465411,0.000000,7.891250,7.891027,0.000140,0.035875,0.009917,1.271709,640,8107122,71004,0,2,0,2,0,0,0,0,0,0,7208,0,4680,2528,0
14091,16.797292,16.680422,9.146915,0.000000,8.033707,7.963401,0.070223,0.037917,0.010750,1.279625,630,8107217,74600,0,2,0,2,0,0,0,0,0,0,5406,0,3510,1896,0
14092,16.770083,16.658205,9.440853,0.000000,8.042250,8.038777,0.000473,0.059959,0.011166,0.633125,630,8107317,71719,0,2,0,2,0,0,0,0,0,0,5406,0,3510,1896,0
14093,16.551667,16.447006,9.332952,0.000000,7.739749,7.654194,0.085472,0.033708,0.007625,0.963625,639,8107106,71945,0,2,0,2,0,0,0,0,0,0,7208,0,4680,2528,0
14094,16.652417,16.542164,9.510572,0.000000,7.903792,7.902652,0.001057,0.033250,0.010791,0.452333,629,8107296,74544,0,2,0,2,0,0,0,0,0,0,5406,0,3510,1896,0
14095,16.731375,16.623140,9.670038,0.000000,8.130833,8.118444,0.012223,0.037875,0.007916,0.771042,631,8107225,72470,0,2,0,2,0,0,0,0,0,0,5406,0,3510,1896,0
14096,16.665416,16.557223,8.962029,0.000000,8.103541,8.003777,0.099639,0.033375,0.007959,0.290458,641,8107034,70263,0,2,0,2,0,0,0,0,0,0,7208,0,4680,2528,0
14097,16.738584,16.568404,9.099366,0.000000,8.024416,7.937193,0.087140,0.029166,0.007250,0.970125,630,8091852,73924,0,2,0,2,0,0,0,0,0,0,5406,0,3510,1896,0
14098,16.741916,16.697853,9.092228,0.000000,8.080124,7.973193,0.106848,0.037000,0.016084,0.439750,631,8123081,73041,0,2,0,2,0,0,0,0,0,0,5406,0,3510,1896,0
14099,16.546584,16.417461,9.788322,0.000000,7.834791,7.834444,0.000181,0.043958,0.014875,1.313916,640,8106729,70263,0,2,0,2,0,0,0,0,0,0,7208,0,4680,2528,0
14100,16.751958,16.646700,9.273624,0.000000,7.870291,7.795776,0.074432,0.034542,0.013083,1.242417,632,8107280,74655,0,2,0,2,0,0,0,0,0,0,5406,0,3510,1896,0
14101,16.669500,16.550400,8.906963,0.000000,8.160416,8.049735,0.110598,0.029542,0.011083,0.291042,628,8107295,72427,0,2,0,2,0,0,0,0,0,0,5406,0,3510,1896,0
14102,16.585500,16.483874,8.812453,0.000000,8.260835,8.154653,0.106098,0.031792,0.007791,1.271167,641,8107035,70260,0,2,0,2,0,0,0,0,0,0,7208,0,4680,2528,0
14103,16.725292,16.622299,9.808618,0.000000,7.951125,7.943318,0.007682,0.039000,0.009250,0.309250,630,8107300,74602,0,2,0,2,0,0,0,0,0,0,5406,0,3510,1896,0
14104,16.807875,16.698169,8.945585,0.000000,8.242375,8.113569,0.128723,0.036708,0.008333,0.963750,629,8107291,72172,0,2,0,2,0,0,0,0,0,0,5406,0,3510,1896,0
14105,16.672125,16.561552,8.944679,0.000000,8.114708,8.005694,0.108889,0.037041,0.008834,0.297375,641,8107044,70507,0,2,0,2,0,0,0,0,0,0,7208,0,4680,2528,0
14106,16.560166,16.447494,9.499340,0.000000,7.813668,7.803735,0.009849,0.026959,0.007875,1.024791,631,8107303,74628,0,2,0,2,0,0,0,0,0,0,5406,0,3510,1896,0
14107,16.802084,16.636631,9.534959,0.000000,8.153458,8.152277,0.001015,0.032750,0.008166,0.977417,646,8091856,71756,0,2,0,2,0,0,0,0,0,0,5406,0,3510,1896,0
14108,16.823166,16.701189,9.323784,0.000000,7.906832,7.802902,0.103847,0.030875,0.006709,0.729417,639,8107089,70961,0,2,0,2,0,0,0,0,0,0,7208,0,4680,2528,0
14109,16.547500,16.489150,9.312713,0.000000,7.725791,7.650735,0.074973,0.039792,0.011292,0.886500,632,8122735,74801,0,2,0,2,0,0,0,0,0,0,5406,0,3510,1896,0
14110,16.658334,16.549255,9.004967,0.000000,8.073083,7.969235,0.103765,0.036041,0.010292,0.313500,630,8107300,72460,0,2,0,2,0,0,0,0,0,0,5406,0,3510,1896,0
14111,16.735041,16.632530,9.053551,0.000000,8.070208,7.985735,0.084348,0.038417,0.010583,1.306625,639,8107120,72504,0,2,0,2,0,0,0,0,0,0,7208,0,4680,2528,0
14112,16.660709,16.552055,8.953325,0.000000,8.055583,7.979027,0.076473,0.032375,0.013000,0.297417,632,8107248,72394,0,2,0,2,0,0,0,0,0,0,5406,0,3510,1896,0
14113,16.669916,16.558377,8.968212,0.000000,8.138874,8.035443,0.103348,0.031334,0.019750,0.808042,630,8107312,72428,0,2,0,2,0,0,0,0,0,0,5406,0,3510,1896,0
14114,16.662250,16.565776,9.032044,0.000000,8.058708,7.970236,0.088389,0.035000,0.007459,1.099833,639,8107078,72421,0,2,0,2,0,0,0,0,0,0,7208,0,4680,2528,0
14115,16.676875,16.560743,8.978583,0.000000,8.103375,8.026652,0.076640,0.032375,0.007625,0.484959,631,8107284,72482,0,2,0,2,0,0,0,0,0,0,5406,0,3510,1896,0
14116,16.765875,16.641794,8.948811,0.000000,8.189625,8.086277,0.103265,0.033625,0.014209,1.246667,634,8107208,71202,0,2,0,2,0,0,0,0,0,0,7004,0,4536,2468,0
14117,16.703584,16.617231,10.311524,0.000000,7.832417,7.832069,0.000223,0.052125,0.013250,0.290083,634,8107217,73696,0,2,0,2,0,0,0,0,0,0,5610,0,3654,1956,0
14118,17.329458,17.215372,9.655045,0.000000,7.992708,7.872735,0.119640,0.058333,0.033250,0.755542,629,8107287,72385,0,2,0,2,0,0,0,0,0,0,5406,0,3510,1896,0
14119,15.843875,15.733533,9.766504,0.000000,7.155625,7.151027,0.004473,0.041708,0.014584,0.289958,639,8107048,70263,0,2,0,2,0,0,0,0,0,0,7208,0,4680,2528,0
14120,16.727208,16.619048,9.270187,0.000000,7.866127,7.808028,0.058015,0.034209,0.009000,0.957000,631,8107307,74677,0,2,0,2,0,0,0,0,0,0,5406,0,3510,1896,0
14121,16.699042,16.585805,8.905550,0.000000,8.157625,8.073319,0.084223,0.040125,0.009542,0.324875,632,8107339,71750,0,2,0,2,0,0,0,0,0,0,5406,0,3510,1896,0
14122,16.654333,16.548505,9.283879,0.000000,7.922583,7.921652,0.000806,0.036750,0.043834,0.923917,640,8107061,71966,0,2,0,2,0,0,0,0,0,0,7208,0,4680,2528,0
14123,16.656500,16.550577,9.596584,0.000000,7.927375,7.922944,0.004264,0.037959,0.009583,1.241749,630,8107266,74552,0,2,0,2,0,0,0,0,0,0,5406,0,3510,1896,0
14124,16.801959,16.689574,9.150503,0.000000,8.007791,7.947902,0.059806,0.046083,0.020583,0.656125,632,8107363,72355,0,2,0,2,0,0,0,0,0,0,5406,0,3510,1896,0
14125,16.603458,16.494964,8.962286,0.000000,8.020417,7.920277,0.100015,0.037000,0.044167,0.975083,638,8107040,70414,0,2,0,2,0,0,0,0,0,0,7208,0,4680,2528,0
14126,16.648292,16.542903,9.426418,0.000000,7.882583,7.881944,0.000514,0.032375,0.014083,0.612250,631,8107289,74587,0,2,0,2,0,0,0,0,0,0,5406,0,3510,1896,0
14127,16.788833,16.684780,8.889241,0.000000,8.231250,8.147027,0.084140,0.043083,0.010875,0.800917,629,8109113,72503,0,2,0,2,0,0,0,0,0,0,5406,0,3510,1896,0
14128,16.763708,16.650861,9.040856,0.000000,8.137000,8.034527,0.102348,0.036542,0.009042,0.291000,638,8105268,70175,0,2,0,2,0,0,0,0,0,0,7208,0,4680,2528,0
14129,16.676459,16.565213,9.254307,0.000000,7.891792,7.801111,0.090639,0.029583,0.012417,0.941334,630,8107283,74625,0,2,0,2,0,0,0,0,0,0,5406,0,3510,1896,0
14130,16.585500,16.477825,9.964086,0.000000,7.832459,7.831902,0.000390,0.039875,0.021208,1.261374,631,8107313,72445,0,2,0,2,0,0,0,0,0,0,5406,0,3510,1896,0
14131,16.715833,16.611336,9.053742,0.000000,8.077751,7.962652,0.115015,0.032333,0.007459,0.458500,637,8107096,70312,0,2,0,2,0,0,0,0,0,0,7208,0,4680,2528,0
14132,16.741750,16.631046,9.291580,0.000000,7.901709,7.807236,0.094431,0.031583,0.030375,1.264416,630,8107321,74586,0,2,0,2,0,0,0,0,0,0,5406,0,3510,1896,0
14133,16.707708,16.603078,9.126816,0.000000,8.018625,7.940860,0.077640,0.030167,0.007542,0.313042,630,8107267,72424,0,2,0,2,0,0,0,0,0,0,5406,0,3510,1896,0
14134,16.476667,16.365584,8.967596,0.000000,7.931875,7.931527,0.000264,0.037417,0.015750,0.979208,640,8107220,70294,0,2,0,2,0,0,0,0,0,0,7209,0,4680,2529,0
14135,16.931000,16.822370,9.549690,0.000000,7.866208,7.782069,0.084056,0.033417,0.028333,0.324417,649,8106819,75265,0,2,0,2,0,0,0,0,0,0,7440,0,3510,3930,0
14136,16.549542,16.440383,9.054832,0.000000,7.942584,7.861027,0.081474,0.048625,0.008041,1.001333,629,8107274,72394,0,2,0,2,0,0,0,0,0,0,5406,0,3510,1896,0
14137,16.840083,16.769566,9.576712,0.000000,7.664042,7.599527,0.064348,0.052917,0.038708,1.073876,638,8117673,70746,0,2,0,2,0,0,0,0,0,0,7208,0,4680,2528,0
14138,16.623833,16.468795,9.324294,0.000000,7.747999,7.665152,0.082764,0.040375,0.016917,0.673209,629,8096707,73791,0,2,0,2,0,0,0,0,0,0,5406,0,3510,1896,0
14139,16.532792,16.423596,9.069125,0.000000,7.910500,7.835526,0.074890,0.037292,0.012000,1.322334,631,8107286,73057,0,2,0,2,0,0,0,0,0,0,5406,0,3510,1896,0
14140,16.724958,16.622126,8.974165,0.000000,8.158709,8.053361,0.105306,0.031959,0.006166,0.665292,641,8107046,70346,0,2,0,2,0,0,0,0,0,0,7208,0,4680,2528,0
14141,16.673500,16.556563,9.240059,0.000000,7.879166,7.805986,0.073097,0.035750,0.043917,1.255666,632,8107331,74595,0,2,0,2,0,0,0,0,0,0,5406,0,3510,1896,0
14142,16.745584,16.635224,9.048367,0.000000,8.080959,8.012777,0.068098,0.039875,0.010333,0.297458,629,8107269,72428,0,2,0,2,0,0,0,0,0,0,5406,0,3510,1896,0
14143,16.629458,16.526793,8.935343,0.000000,8.142499,8.017027,0.125431,0.041292,0.007583,1.265499,639,8107079,70305,0,2,0,2,0,0,0,0,0,0,7208,0,4680,2528,0
14144,16.732833,16.561736,9.184536,0.000000,7.977874,7.901402,0.076389,0.032542,0.006708,0.301667,630,8091844,73921,0,2,0,2,0,0,0,0,0,0,5406,0,3510,1896,0
14145,16.560750,16.513630,9.122344,0.000000,8.064749,8.035943,0.028723,0.035792,0.048375,0.954625,632,8122707,73091,0,2,0,2,0,0,0,0,0,0,5406,0,3510,1896,0
14146,16.747417,16.642548,8.993674,0.000000,8.169917,8.068777,0.101057,0.040708,0.011250,1.305292,638,8107058,70302,0,2,0,2,0,0,0,0,0,0,7208,0,4680,2528,0
14147,16.601625,16.474830,9.317136,0.000000,7.874625,7.871069,0.000556,0.032500,0.015833,0.625916,631,8107317,74576,0,2,0,2,0,0,0,0,0,0,5406,0,3510,1896,0
14148,16.854583,16.754128,9.088378,0.000000,8.186750,8.085944,0.100723,0.035417,0.007708,0.925374,629,8107270,72378,0,2,0,2,0,0,0,0,0,0,5406,0,3510,1896,0
14149,16.551750,16.443542,8.972182,0.000000,8.028334,7.922152,0.106140,0.037417,0.019917,0.611667,641,8107100,70313,0,2,0,2,0,0,0,0,0,0,7208,0,4680,2528,0
14150,16.660250,16.557530,9.109009,0.000000,7.944874,7.867152,0.077639,0.038959,0.008291,0.944459,632,8107258,73981,0,2,0,2,0,0,0,0,0,0,5406,0,3510,1896,0
14151,16.590209,16.475625,9.118504,0.000000,7.989833,7.989485,0.000265,0.041458,0.023417,0.289459,632,8107282,74082,0,2,0,2,0,0,0,0,0,0,5406,0,3510,1896,0
14152,16.749416,16.644247,9.256111,0.000000,8.291126,8.290736,0.000265,0.064209,0.012583,1.272959,638,8107040,70289,0,2,0,2,0,0,0,0,0,0,7208,0,4680,2528,0
14153,16.871000,16.760181,10.027132,0.000000,7.694333,7.676569,0.017681,0.047917,0.014750,0.581001,632,8107297,74608,0,2,0,2,0,0,0,0,0,0,5406,0,3510,1896,0
14154,16.792417,16.683892,9.535070,0.000000,7.895167,7.793985,0.101099,0.048375,0.016250,0.298834,630,8107301,72388,0,2,0,2,0,0,0,0,0,0,5406,0,3510,1896,0
14155,16.574125,16.383746,9.837776,0.000000,7.336292,7.335944,0.000265,0.024458,0.011042,1.216750,640,8091603,69689,0,2,0,2,0,0,0,0,0,0,7208,0,4680,2528,0
14156,16.794000,16.754921,10.391585,0.000000,7.140501,7.111944,0.028473,0.035708,0.026042,0.633875,632,8125868,75359,0,2,0,2,0,0,0,0,0,0,5406,0,3510,1896,0
14157,16.702208,16.571559,9.951066,0.000000,7.404374,7.329318,0.074973,0.022250,0.015667,0.747584,629,8104158,72303,0,2,0,2,0,0,0,0,0,0,5406,0,3510,1896,0
14158,16.574542,16.450334,10.108560,0.000000,7.137333,7.108652,0.028598,0.029708,0.013167,0.444167,638,8107129,70185,0,2,0,2,0,0,0,0,0,0,7208,0,4680,2528,0
14159,16.795875,16.673300,10.267735,0.000000,7.189917,7.163111,0.026723,0.027167,0.016125,0.758375,631,8107222,74694,0,2,0,2,0,0,0,0,0,0,5406,0,3510,1896,0
14160,16.639333,16.517124,9.848463,0.000000,7.422249,7.357360,0.064848,0.027750,0.015584,0.443500,646,8107301,72421,0,2,0,2,0,0,0,0,0,0,5406,0,3510,1896,0
14161,16.683667,16.561902,9.846162,0.000000,7.480792,7.412111,0.068598,0.025083,0.016250,0.910916,635,8107079,71316,0,2,0,2,0,0,0,0,0,0,7208,0,4680,2528,0
14162,16.706417,16.587591,10.322169,0.000000,7.072125,7.051194,0.020848,0.027583,0.019583,1.054583,631,8107308,73606,0,2,0,2,0,0,0,0,0,0,5406,0,3510,1896,0
14163,16.601416,16.410448,10.060552,0.000000,7.176999,7.122943,0.053973,0.022959,0.009375,0.449333,629,8091837,71744,0,2,0,2,0,0,0,0,0,0,5406,0,3510,1896,0
14164,16.738542,16.686445,10.152864,0.000000,7.296834,7.266402,0.030348,0.024167,0.015666,0.905833,639,8122561,73072,0,2,0,2,0,0,0,0,0,0,7208,0,4680,2528,0
14165,16.653875,16.534324,10.092724,0.000000,7.227125,7.196985,0.030056,0.025292,0.017041,0.445250,632,8107261,72523,0,2,0,2,0,0,0,0,0,0,5406,0,3510,1896,0
14166,16.730250,16.609835,9.928955,0.000000,7.441250,7.384110,0.057057,0.025583,0.013042,0.746417,632,8107292,72423,0,2,0,2,0,0,0,0,0,0,5406,0,3510,1896,0
14167,16.665208,16.469081,10.278993,0.000000,6.996083,6.995777,0.000223,0.022875,0.006959,0.459750,637,8091700,71841,0,2,0,2,0,0,0,0,0,0,7208,0,4680,2528,0
14168,16.659375,16.607978,10.181836,0.000000,7.197543,7.179444,0.018015,0.021625,0.017000,0.682917,632,8122699,73033,0,2,0,2,0,0,0,0,0,0,5406,0,3510,1896,0
14169,16.653209,16.507410,10.097674,0.000000,7.190501,7.169110,0.021349,0.020583,0.006750,0.904917,637,8107189,71164,0,2,0,2,0,0,0,0,0,0,7004,0,4536,2468,0
14170,16.712333,16.574658,10.207998,0.000000,7.162250,7.132902,0.029265,0.020542,0.005208,0.358959,631,8098453,73417,0,2,0,2,0,0,0,0,0,0,5610,0,3654,1956,0
14171,16.633458,16.546014,10.184770,0.000000,7.122459,7.122111,0.000223,0.023584,0.015583,0.889166,631,8116040,72796,0,2,0,2,0,0,0,0,0,0,5406,0,3510,1896,0
14172,16.704750,16.513916,9.992320,0.000000,7.313291,7.252193,0.060973,0.024792,0.011917,0.352542,640,8091688,69670,0,2,0,2,0,0,0,0,0,0,7208,0,4680,2528,0
14173,16.969834,16.914399,11.009828,0.000000,6.762833,6.762611,0.000139,0.028416,0.015084,0.949000,630,8122680,75256,0,2,0,2,0,0,0,0,0,0,5406,0,3510,1896,0
14174,16.160708,15.971006,9.731481,0.000000,7.062292,7.039500,0.022792,0.023625,0.007250,0.445667,631,8091847,69472,0,2,0,2,0,0,0,0,0,0,5406,0,3510,1896,0
14175,16.900625,16.830582,10.368434,0.000000,7.265917,7.208568,0.057265,0.020625,0.007083,0.758708,640,8118271,75158,0,2,0,2,0,0,0,0,0,0,7208,0,4680,2528,0
14176,16.741833,16.569851,10.328331,0.000000,7.050291,7.027902,0.022264,0.018750,0.014917,1.052542,628,8096101,74127,0,2,0,2,0,0,0,0,0,0,5406,0,3510,1896,0
14177,16.706917,16.588674,9.931295,0.000000,7.390125,7.369903,0.020139,0.022792,0.006208,0.354459,631,8107332,72431,0,2,0,2,0,0,0,0,0,0,5406,0,3510,1896,0
14178,16.835000,16.779416,10.365542,0.000000,7.230251,7.174652,0.055432,0.052292,0.009083,0.761791,638,8122508,70913,0,2,0,2,0,0,0,0,0,0,7208,0,4680,2528,0
14179,16.493083,16.377249,10.206495,0.000000,6.990168,6.972402,0.017682,0.037584,0.017125,0.447542,631,8107284,73952,0,2,0,2,0,0,0,0,0,0,5406,0,3510,1896,0
14180,16.692084,16.575107,10.074912,0.000000,7.267459,7.241319,0.026015,0.025333,0.016875,0.815291,629,8107414,74098,0,2,0,2,0,0,0,0,0,0,5406,0,3510,1896,0
14181,16.633041,16.509665,9.846744,0.000000,7.430999,7.375693,0.055265,0.023209,0.014791,0.350209,638,8106975,70314,0,2,0,2,0,0,0,0,0,0,7208,0,4680,2528,0
14182,16.702792,16.511591,10.126828,0.000000,7.166584,7.150319,0.016182,0.021083,0.008000,0.804001,630,8091899,73947,0,2,0,2,0,0,0,0,0,0,5406,0,3510,1896,0
14183,16.693583,16.648824,10.361540,0.000000,7.349042,7.348569,0.000390,0.027375,0.016167,0.444417,631,8122680,73075,0,2,0,2,0,0,0,0,0,0,5406,0,3510,1896,0
14184,16.635334,16.514008,9.774396,0.000000,7.495667,7.434610,0.060973,0.029375,0.017208,0.864375,640,8107119,70256,0,2,0,2,0,0,0,0,0,0,7208,0,4680,2528,0
14185,16.738166,16.617629,10.290294,0.000000,7.263875,7.239194,0.024598,0.028334,0.009583,0.901709,629,8107282,74667,0,2,0,2,0,0,0,0,0,0,5406,0,3510,1896,0
14186,16.958584,16.838750,10.432532,0.000000,7.164584,7.164278,0.000223,0.042208,0.011208,0.289917,631,8107278,72407,0,2,0,2,0,0,0,0,0,0,5406,0,3510,1896,0
14187,16.635625,16.496897,10.293862,0.000000,6.936416,6.899651,0.036640,0.062750,0.019375,0.758626,640,8107103,69955,0,2,0,2,0,0,0,0,0,0,7208,0,4680,2528,0
14188,16.652041,16.540938,10.608247,0.000000,6.734542,6.718194,0.016265,0.046250,0.014000,0.354709,631,8107284,75228,0,2,0,2,0,0,0,0,0,0,5406,0,3510,1896,0
14189,16.740584,16.616537,10.333579,0.000000,7.034790,7.024277,0.010347,0.050458,0.018958,0.786250,632,8107314,72447,0,2,0,2,0,0,0,0,0,0,5406,0,3510,1896,0
14190,16.339208,16.219792,10.057539,0.000000,6.922875,6.897526,0.025265,0.049083,0.021875,0.295000,638,8107073,70331,0,2,0,2,0,0,0,0,0,0,7208,0,4680,2528,0
14191,16.666292,16.537411,9.811190,0.000000,7.394209,7.320527,0.073557,0.044500,0.009375,1.048999,631,8107311,74612,0,2,0,2,0,0,0,0,0,0,5406,0,3510,1896,0
14192,16.621833,16.517523,8.927388,0.000000,8.087167,7.974277,0.112806,0.035042,0.007041,1.116208,632,8107296,72400,0,2,0,2,0,0,0,0,0,0,5406,0,3510,1896,0
14193,16.667083,16.558915,8.858514,0.000000,8.229083,8.091276,0.137682,0.037250,0.042917,0.465292,640,8107031,70319,0,2,0,2,0,0,0,0,0,0,7208,0,4680,2528,0
14194,16.822584,16.720826,9.400389,0.000000,7.892958,7.807736,0.085139,0.042541,0.011625,1.250167,630,8107355,74564,0,2,0,2,0,0,0,0,0,0,5406,0,3510,1896,0
14195,16.781375,16.657755,9.177362,0.000000,8.034166,7.933235,0.100848,0.035833,0.007458,0.445125,629,8107220,72464,0,2,0,2,0,0,0,0,0,0,5406,0,3510,1896,0
14196,16.520125,16.406009,9.024986,0.000000,7.966001,7.842985,0.122807,0.034041,0.006917,0.913916,641,8107104,70301,0,2,0,2,0,0,0,0,0,0,7208,0,4680,2528,0
14197,16.781500,16.656319,10.542885,0.000000,7.473833,7.473527,0.000181,0.060583,0.016208,0.608875,631,8107249,74585,0,2,0,2,0,0,0,0,0,0,5406,0,3510,1896,0
14198,16.715833,16.610777,9.221852,0.000000,7.979750,7.880361,0.099306,0.040000,0.028208,0.754708,631,8107353,72384,0,2,0,2,0,0,0,0,0,0,5406,0,3510,1896,0
14199,16.581875,16.470027,9.123568,0.000000,7.928125,7.806818,0.121182,0.039875,0.010542,0.313083,640,8106989,70319,0,2,0,2,0,0,0,0,0,0,7208,0,4680,2528,0
14200,16.614792,16.506468,9.828133,0.000000,7.805500,7.802569,0.002765,0.035916,0.007334,0.939000,629,8107285,74638,0,2,0,2,0,0,0,0,0,0,5406,0,3510,1896,0
14201,16.810708,16.699180,9.039297,0.000000,8.179207,8.074152,0.104972,0.045500,0.015042,1.237667,631,8107297,72422,0,2,0,2,0,0,0,0,0,0,5406,0,3510,1896,0
14202,16.547792,16.440844,9.006472,0.000000,7.947207,7.850818,0.096348,0.038083,0.007875,0.618833,639,8107078,70308,0,2,0,2,0,0,0,0,0,0,7208,0,4680,2528,0
14203,16.728833,16.603451,9.284287,0.000000,7.940333,7.860194,0.080056,0.041750,0.020000,1.254917,631,8107267,74599,0,2,0,2,0,0,0,0,0,0,5406,0,3510,1896,0
14204,16.772625,16.659702,9.029329,0.000000,8.169249,8.029944,0.139222,0.042583,0.011417,0.290417,631,8107321,72308,0,2,0,2,0,0,0,0,0,0,5406,0,3510,1896,0
14205,16.525542,16.421035,8.965968,0.000000,8.067750,7.941735,0.125932,0.041333,0.017083,0.926042,638,8107027,70422,0,2,0,2,0,0,0,0,0,0,7208,0,4680,2528,0
14206,16.867833,16.758770,9.492483,0.000000,7.841542,7.751194,0.090223,0.045667,0.010291,0.290625,630,8107345,74606,0,2,0,2,0,0,0,0,0,0,5406,0,3510,1896,0
14207,16.523292,16.414434,9.179538,0.000000,7.907085,7.899528,0.007473,0.045541,0.010459,0.928542,633,8107261,72421,0,2,0,2,0,0,0,0,0,0,5406,0,3510,1896,0
14208,16.601291,16.500038,8.850411,0.000000,8.209959,8.084277,0.125598,0.036625,0.036917,1.285500,639,8107052,69559,0,2,0,2,0,0,0,0,0,0,7208,0,4680,2528,0
14209,16.777084,16.677829,9.470447,0.000000,7.845082,7.751152,0.093889,0.036833,0.008417,0.639375,632,8108794,76336,0,2,0,2,0,0,0,0,0,0,5406,0,3510,1896,0
14210,16.742958,16.622039,9.045911,0.000000,8.119250,7.978486,0.140681,0.036333,0.009334,1.276917,631,8105772,72417,0,2,0,2,0,0,0,0,0,0,5406,0,3510,1896,0
14211,16.651375,16.544182,9.034947,0.000000,8.094917,7.984110,0.110682,0.032500,0.008000,0.312250,640,8107057,70296,0,2,0,2,0,0,0,0,0,0,7208,0,4680,2528,0
14212,16.737875,16.630014,9.301871,0.000000,7.882291,7.791777,0.090431,0.049417,0.011666,1.235333,630,8107324,74564,0,2,0,2,0,0,0,0,0,0,5406,0,3510,1896,0
14213,16.670000,16.560880,9.602838,0.000000,8.003000,8.002777,0.000098,0.038167,0.009625,0.291542,647,8107275,72454,0,2,0,2,0,0,0,0,0,0,5406,0,3510,1896,0
14214,16.724750,16.615152,9.144361,0.000000,8.053041,7.930360,0.122598,0.041167,0.011166,0.921125,637,8107072,71861,0,2,0,2,0,0,0,0,0,0,7208,0,4680,2528,0
14215,16.663250,16.558784,9.127831,0.000000,8.009250,7.923027,0.086098,0.036375,0.015250,0.389875,630,8107290,73041,0,2,0,2,0,0,0,0,0,0,5406,0,3510,1896,0
14216,16.620792,16.511407,9.239059,0.000000,7.983332,7.969985,0.013264,0.049708,0.010458,1.292001,632,8107302,72424,0,2,0,2,0,0,0,0,0,0,5406,0,3510,1896,0
14217,16.692250,16.583766,9.096617,0.000000,8.030834,7.939819,0.090931,0.036083,0.010042,1.260250,639,8107078,72497,0,2,0,2,0,0,0,0,0,0,7208,0,4680,2528,0
14218,16.675333,16.566377,9.038581,0.000000,8.100334,8.014819,0.085431,0.040375,0.010708,0.622625,631,8107392,72378,0,2,0,2,0,0,0,0,0,0,5406,0,3510,1896,0
14219,16.738458,16.629021,9.010041,0.000000,8.194124,8.053985,0.140056,0.037542,0.010792,1.042625,629,8107214,72359,0,2,0,2,0,0,0,0,0,0,5406,0,3510,1896,0
14220,16.693625,16.587390,9.169189,0.000000,7.952667,7.867401,0.085182,0.038209,0.009625,0.300125,638,8107071,72594,0,2,0,2,0,0,0,0,0,0,7208,0,4680,2528,0
14221,16.560917,16.453582,8.948123,0.000000,8.062001,7.956985,0.104932,0.035875,0.016792,1.279583,630,8107296,72425,0,2,0,2,0,0,0,0,0,0,5406,0,3510,1896,0
14222,16.763875,16.663575,8.946493,0.000000,8.253375,8.129152,0.124139,0.040417,0.016666,0.293875,639,8122870,71144,0,2,0,2,0,0,0,0,0,0,7208,0,4680,2528,0
14223,16.714083,16.603347,9.080662,0.000000,8.052334,7.912569,0.139682,0.038625,0.008750,0.975708,631,8091523,73753,0,2,0,2,0,0,0,0,0,0,5406,0,3510,1896,0
14224,16.527500,16.418205,9.165392,0.000000,8.022668,8.022361,0.000182,0.035584,0.008500,1.250542,628,8107292,72343,0,2,0,2,0,0,0,0,0,0,5406,0,3510,1896,0
14225,16.830250,16.724929,9.005466,0.000000,8.265834,8.140736,0.125014,0.037167,0.009917,0.375292,640,8107070,70366,0,2,0,2,0,0,0,0,0,0,7208,0,4680,2528,0
14226,16.609875,16.499464,9.123653,0.000000,7.964917,7.871652,0.093182,0.034709,0.009083,1.281708,631,8107330,74633,0,2,0,2,0,0,0,0,0,0,5406,0,3510,1896,0
14227,16.641417,16.534756,8.909870,0.000000,8.156875,8.047194,0.109598,0.035875,0.029375,0.472584,631,8107280,72411,0,2,0,2,0,0,0,0,0,0,5406,0,3510,1896,0
14228,16.763292,16.716962,9.035770,0.000000,8.146875,8.027361,0.119431,0.043875,0.057208,0.931875,641,8122530,70888,0,2,0,2,0,0,0,0,0,0,7208,0,4680,2528,0
14229,16.611000,16.446009,9.787852,0.000000,7.848792,7.848485,0.000182,0.043000,0.020458,0.301042,629,8091860,74001,0,2,0,2,0,0,0,0,0,0,5406,0,3510,1896,0
14230,16.601750,16.490578,9.640950,0.000000,8.074291,8.068277,0.005931,0.035666,0.015334,0.939291,630,8107294,72435,0,2,0,2,0,0,0,0,0,0,5406,0,3510,1896,0
14231,16.697083,16.590682,9.731049,0.000000,8.242458,8.242194,0.000181,0.034000,0.044708,1.254042,639,8107095,70319,0,2,0,2,0,0,0,0,0,0,7208,0,4680,2528,0
14232,16.731417,16.623210,9.128047,0.000000,7.965083,7.933693,0.031307,0.041875,0.011875,0.646167,632,8107290,74591,0,2,0,2,0,0,0,0,0,0,5406,0,3510,1896,0
14233,16.672583,16.566577,8.870808,0.000000,8.297957,8.200110,0.097764,0.031833,0.007459,1.263167,629,8107276,72427,0,2,0,2,0,0,0,0,0,0,5406,0,3510,1896,0
14234,16.796792,16.689331,8.975585,0.000000,8.220375,8.119360,0.100931,0.045208,0.010750,0.310292,639,8107097,70267,0,2,0,2,0,0,0,0,0,0,7208,0,4680,2528,0
14235,16.693708,16.640327,9.363963,0.000000,7.903709,7.800277,0.103348,0.099208,0.016292,1.115583,633,8138242,75943,0,2,0,2,0,0,0,0,0,0,5406,0,3510,1896,0
14236,16.622083,16.459572,9.178128,0.000000,8.151666,8.059777,0.091806,0.041209,0.016416,0.302292,628,8076329,70748,0,2,0,2,0,0,0,0,0,0,5406,0,3510,1896,0
14237,16.653375,16.546851,8.934789,0.000000,8.188584,8.046111,0.142348,0.039459,0.025333,0.658042,640,8107101,70313,0,2,0,2,0,0,0,0,0,0,7208,0,4680,2528,0
14238,16.987792,16.891526,9.587152,0.000000,7.894124,7.770068,0.123890,0.058042,0.010750,0.612875,631,8110199,76355,0,2,0,2,0,0,0,0,0,0,5406,0,3510,1896,0
14239,16.466250,16.349686,9.861100,0.000000,7.724500,7.717193,0.007182,0.048375,0.018667,0.325167,631,8104399,72274,0,2,0,2,0,0,0,0,0,0,5406,0,3510,1896,0
14240,16.679208,16.568275,9.057002,0.000000,8.067583,7.950153,0.117347,0.049625,0.017792,0.670876,639,8107126,70352,0,2,0,2,0,0,0,0,0,0,7208,0,4680,2528,0
14241,16.588459,16.476320,9.707433,0.000000,7.633000,7.632652,0.000265,0.040500,0.015750,0.366125,652,8106895,75257,0,2,0,2,0,0,0,0,0,0,7441,0,3510,3931,0
14242,16.770375,16.664390,9.107446,0.000000,8.181334,8.081819,0.099390,0.038583,0.016917,1.005417,630,8107287,72391,0,2,0,2,0,0,0,0,0,0,5406,0,3510,1896,0
14243,16.554875,16.453381,9.698847,0.000000,8.012292,8.011944,0.000223,0.042500,0.014375,0.310084,634,8107107,70323,0,2,0,2,0,0,0,0,0,0,7208,0,4680,2528,0
14244,16.899791,16.786754,9.331508,0.000000,8.026083,7.939443,0.086556,0.042375,0.010000,0.894584,632,8107288,74569,0,2,0,2,0,0,0,0,0,0,5406,0,3510,1896,0
14245,16.585250,16.477830,8.963467,0.000000,8.062625,7.966527,0.095973,0.038625,0.009542,0.297167,629,8107281,72445,0,2,0,2,0,0,0,0,0,0,5406,0,3510,1896,0
14246,16.715750,16.607751,9.142087,0.000000,8.033207,7.910110,0.123014,0.040000,0.010292,0.753292,640,8107091,70312,0,2,0,2,0,0,0,0,0,0,7208,0,4680,2528,0
14247,16.667125,16.559909,9.367496,0.000000,7.831625,7.739152,0.092348,0.042625,0.009084,0.893416,631,8107273,74582,0,2,0,2,0,0,0,0,0,0,5406,0,3510,1896,0
14248,16.672417,16.561656,9.070064,0.000000,8.083709,7.987986,0.095598,0.045125,0.017042,0.444667,630,8107306,72391,0,2,0,2,0,0,0,0,0,0,5406,0,3510,1896,0
14249,16.673417,16.561097,9.072808,0.000000,8.115125,7.993110,0.121890,0.064625,0.016708,0.928958,639,8107043,70299,0,2,0,2,0,0,0,0,0,0,7208,0,4680,2528,0
14250,16.657250,16.547889,9.296022,0.000000,7.903166,7.782360,0.120723,0.038583,0.010542,0.303541,630,8107275,74674,0,2,0,2,0,0,0,0,0,0,5406,0,3510,1896,0
14251,16.765541,16.657267,9.037401,0.000000,8.195709,8.083111,0.112473,0.035334,0.020333,1.057209,632,8107288,72413,0,2,0,2,0,0,0,0,0,0,5406,0,3510,1896,0
14252,16.629625,16.514789,8.936362,0.000000,8.138667,7.998194,0.140390,0.052917,0.011625,0.291000,639,8107047,70287,0,2,0,2,0,0,0,0,0,0,7208,0,4680,2528,0
14253,16.677542,16.570468,9.147125,0.000000,7.946834,7.846652,0.100057,0.037042,0.009958,0.735833,629,8107313,74617,0,2,0,2,0,0,0,0,0,0,5406,0,3510,1896,0
14254,16.664625,16.558281,9.248685,0.000000,8.027207,8.020777,0.003639,0.034042,0.008791,0.874875,630,8107351,72391,0,2,0,2,0,0,0,0,0,0,5406,0,3510,1896,0
14255,16.678792,16.571337,8.956957,0.000000,8.180209,8.058778,0.121306,0.044375,0.016791,0.455000,638,8106983,70313,0,2,0,2,0,0,0,0,0,0,7208,0,4680,2528,0
14256,16.597500,16.492011,9.949290,0.000000,7.853250,7.852818,0.000348,0.035541,0.018084,0.676125,632,8107287,74600,0,2,0,2,0,0,0,0,0,0,5406,0,3510,1896,0
14257,16.942833,16.835393,9.396107,0.000000,7.987334,7.860610,0.126640,0.048333,0.031000,0.452666,631,8107304,72442,0,2,0,2,0,0,0,0,0,0,5406,0,3510,1896,0
14258,16.486875,16.377257,9.127967,0.000000,7.860126,7.744194,0.115848,0.044333,0.029542,0.645833,640,8107047,70227,0,2,0,2,0,0,0,0,0,0,7208,0,4680,2528,0
14259,16.757958,16.648368,9.364155,0.000000,7.867375,7.781526,0.085765,0.036292,0.034833,0.301458,631,8107315,74669,0,2,0,2,0,0,0,0,0,0,5406,0,3510,1896,0
14260,16.670209,16.561980,9.038167,0.000000,8.124000,8.002152,0.121806,0.045791,0.012042,0.721209,629,8107274,72427,0,2,0,2,0,0,0,0,0,0,5406,0,3510,1896,0
14261,16.558000,16.450505,9.895174,0.000000,7.970250,7.963485,0.006681,0.038958,0.015042,0.302792,640,8107096,70257,0,2,0,2,0,0,0,0,0,0,7208,0,4680,2528,0
14262,16.765875,16.660670,9.327039,0.000000,7.904916,7.808152,0.096681,0.044666,0.016167,0.639957,629,8107249,74646,0,2,0,2,0,0,0,0,0,0,5406,0,3510,1896,0
14263,16.762666,16.654338,9.054582,0.000000,8.132042,8.006985,0.124973,0.035250,0.010084,0.718999,630,8107292,72425,0,2,0,2,0,0,0,0,0,0,5406,0,3510,1896,0
14264,16.526917,16.414258,9.568664,0.000000,7.936751,7.934027,0.002640,0.043458,0.016500,0.364250,640,8107046,70257,0,2,0,2,0,0,0,0,0,0,7208,0,4680,2528,0
14265,16.861750,16.753939,9.324966,0.000000,8.025167,7.933485,0.091640,0.042333,0.016834,0.622167,629,8107290,74654,0,2,0,2,0,0,0,0,0,0,5406,0,3510,1896,0
14266,16.672833,16.559427,9.132478,0.000000,8.004876,7.870736,0.134015,0.046417,0.016833,0.363792,641,8107300,71739,0,2,0,2,0,0,0,0,0,0,5406,0,3510,1896,0
14267,16.731209,16.640478,9.358726,0.000000,7.933583,7.808819,0.124681,0.042583,0.017542,0.662875,640,8111423,73718,0,2,0,2,0,0,0,0,0,0,7208,0,4680,2528,0
14268,16.641541,16.518825,9.284125,0.000000,7.834500,7.743860,0.090557,0.043875,0.017250,0.303542,630,8103030,72808,0,2,0,2,0,0,0,0,0,0,5406,0,3510,1896,0
14269,16.752417,16.642370,9.231175,0.000000,8.014083,7.898402,0.115598,0.037083,0.008959,0.611417,632,8107229,72416,0,2,0,2,0,0,0,0,0,0,5406,0,3510,1896,0
14270,16.640125,16.530930,9.323785,0.000000,7.836083,7.745694,0.090306,0.043000,0.012583,0.591417,640,8107108,72546,0,2,0,2,0,0,0,0,0,0,7208,0,4680,2528,0
14271,16.615917,16.506300,9.596512,0.000000,7.818083,7.813027,0.004973,0.043208,0.010667,0.295375,631,8107277,72416,0,2,0,2,0,0,0,0,0,0,5406,0,3510,1896,0
14272,16.760708,16.654659,9.097891,0.000000,8.163957,8.039443,0.124431,0.044833,0.017250,0.649667,630,8107290,72415,0,2,0,2,0,0,0,0,0,0,5406,0,3510,1896,0
14273,16.509583,16.404246,9.256653,0.000000,7.769875,7.682611,0.087181,0.056542,0.020250,0.289375,641,8107086,70281,0,2,0,2,0,0,0,0,0,0,7208,0,4680,2528,0
14274,16.971334,16.852250,9.919453,0.000000,7.574418,7.471444,0.102849,0.053291,0.015417,0.607083,631,8107296,76702,0,2,0,2,0,0,0,0,0,0,5406,0,3510,1896,0
14275,16.578166,16.473042,9.262331,0.000000,7.876584,7.734361,0.142140,0.043750,0.010834,0.294375,639,8122692,71105,0,2,0,2,0,0,0,0,0,0,7208,0,4680,2528,0
14276,16.530917,16.421674,9.657738,0.000000,7.818708,7.804403,0.014222,0.045833,0.012417,0.584166,633,8091716,73814,0,2,0,2,0,0,0,0,0,0,5406,0,3510,1896,0
14277,16.675750,16.570668,9.791009,0.000000,8.044251,8.038069,0.006057,0.042250,0.022333,0.311875,631,8111830,72628,0,2,0,2,0,0,0,0,0,0,5406,0,3510,1896,0
14278,16.768208,16.646049,9.130527,0.000000,8.114874,7.997193,0.117556,0.039709,0.039291,0.588167,639,8102551,70067,0,2,0,2,0,0,0,0,0,0,7208,0,4680,2528,0
14279,16.596959,16.483670,9.576954,0.000000,7.677083,7.676735,0.000265,0.036666,0.008375,0.615541,631,8107291,74632,0,2,0,2,0,0,0,0,0,0,5406,0,3510,1896,0
14280,16.709041,16.598925,9.054716,0.000000,8.128876,8.037319,0.091473,0.038375,0.008084,0.361458,631,8107273,72427,0,2,0,2,0,0,0,0,0,0,5406,0,3510,1896,0
14281,16.655584,16.551233,8.962545,0.000000,8.136626,8.017361,0.119140,0.033416,0.008125,0.657334,639,8107082,70301,0,2,0,2,0,0,0,0,0,0,7208,0,4680,2528,0
14282,16.805250,16.696087,9.234608,0.000000,8.031249,7.918902,0.112264,0.054166,0.011750,0.312542,630,8107297,74613,0,2,0,2,0,0,0,0,0,0,5406,0,3510,1896,0
14283,16.556666,16.447624,9.407620,0.000000,7.893251,7.887902,0.005224,0.040709,0.016041,0.656167,630,8107290,72426,0,2,0,2,0,0,0,0,0,0,5406,0,3510,1896,0
14284,16.785542,16.679450,8.997458,0.000000,8.247584,8.103236,0.144265,0.059625,0.015250,0.290542,638,8107090,70238,0,2,0,2,0,0,0,0,0,0,7208,0,4680,2528,0
14285,16.545917,16.436702,10.113890,0.000000,7.676041,7.675444,0.000431,0.041541,0.010959,0.614000,630,8107293,74316,0,2,0,2,0,0,0,0,0,0,5406,0,3510,1896,0
14286,16.857125,16.753674,9.228289,0.000000,8.096541,8.003985,0.092473,0.037000,0.016583,0.639167,633,8107297,73066,0,2,0,2,0,0,0,0,0,0,5406,0,3510,1896,0
14287,16.567958,16.456236,9.035489,0.000000,7.957125,7.837652,0.119390,0.037542,0.008916,0.302833,636,8107113,70319,0,2,0,2,0,0,0,0,0,0,7208,0,4680,2528,0
14288,16.609083,16.501113,9.613259,0.000000,7.850207,7.850027,0.000139,0.037917,0.008792,0.666250,632,8107265,74559,0,2,0,2,0,0,0,0,0,0,5406,0,3510,1896,0
14289,16.714375,16.606084,9.616203,0.000000,8.107375,8.102027,0.005223,0.044959,0.018208,0.293625,631,8107306,72457,0,2,0,2,0,0,0,0,0,0,5406,0,3510,1896,0
14290,16.602792,16.496037,9.916074,0.000000,8.105833,8.105360,0.000348,0.039167,0.016125,0.808583,640,8107075,70318,0,2,0,2,0,0,0,0,0,0,7208,0,4680,2528,0
14291,16.834625,16.729761,9.219489,0.000000,8.067250,7.948444,0.118681,0.036333,0.009167,0.290041,631,8108584,74653,0,2,0,2,0,0,0,0,0,0,5406,0,3510,1896,0
14292,16.629417,16.530752,9.448250,0.000000,7.919417,7.919027,0.000307,0.051250,0.010291,0.584334,631,8106009,72359,0,2,0,2,0,0,0,0,0,0,5406,0,3510,1896,0
14293,16.707458,16.585078,9.046826,0.000000,8.127585,8.006736,0.120807,0.043958,0.011375,0.688750,639,8107079,70296,0,2,0,2,0,0,0,0,0,0,7208,0,4680,2528,0
14294,16.760750,16.656054,9.251090,0.000000,8.008292,7.893236,0.114931,0.039417,0.030541,0.352000,633,8107295,74599,0,2,0,2,0,0,0,0,0,0,5406,0,3510,1896,0
14295,16.564958,16.454322,9.063892,0.000000,7.984083,7.871527,0.112473,0.057125,0.013000,0.602750,631,8107294,71754,0,2,0,2,0,0,0,0,0,0,5406,0,3510,1896,0
14296,16.788834,16.742076,9.439929,0.000000,7.950667,7.830860,0.119723,0.063916,0.041542,0.296292,640,8122645,72612,0,2,0,2,0,0,0,0,0,0,7208,0,4680,2528,0
14297,16.827708,16.655615,9.428923,0.000000,7.732375,7.642902,0.089389,0.044917,0.010375,0.965458,629,8091699,73944,0,2,0,2,0,0,0,0,0,0,5406,0,3510,1896,0
14298,16.696708,16.585733,9.362989,0.000000,7.846750,7.754151,0.092432,0.050042,0.012250,0.290208,629,8107303,72385,0,2,0,2,0,0,0,0,0,0,5406,0,3510,1896,0
14299,16.635209,16.532005,9.533030,0.000000,7.541542,7.456402,0.085015,0.056125,0.012916,0.613917,641,8107037,70324,0,2,0,2,0,0,0,0,0,0,7208,0,4680,2528,0
14300,16.617666,16.505583,9.623812,0.000000,7.450541,7.389069,0.061389,0.042917,0.013000,0.297833,628,8107296,74620,0,2,0,2,0,0,0,0,0,0,5406,0,3510,1896,0
14301,16.669000,16.600109,9.268493,0.000000,7.840542,7.762235,0.078223,0.056500,0.034875,0.639458,632,8107298,72438,0,2,0,2,0,0,0,0,0,0,5406,0,3510,1896,0
14302,16.531750,16.381873,9.139596,0.000000,7.815125,7.707277,0.107765,0.046459,0.022333,0.674042,640,8107045,70303,0,2,0,2,0,0,0,0,0,0,7208,0,4680,2528,0
14303,16.810875,16.702005,9.289553,0.000000,7.961000,7.876611,0.084306,0.038917,0.009875,0.378084,630,8107309,74606,0,2,0,2,0,0,0,0,0,0,5406,0,3510,1896,0
14304,16.676167,16.568547,9.170075,0.000000,7.996876,7.893944,0.102848,0.033958,0.009625,0.625917,631,8107301,72223,0,2,0,2,0,0,0,0,0,0,5406,0,3510,1896,0
14305,16.605833,16.499133,9.071730,0.000000,8.041625,7.926444,0.115056,0.040834,0.028666,0.351375,641,8107045,70458,0,2,0,2,0,0,0,0,0,0,7208,0,4680,2528,0
14306,16.716000,16.606215,9.439209,0.000000,7.775000,7.687861,0.087056,0.041584,0.016666,0.714584,630,8107283,74650,0,2,0,2,0,0,0,0,0,0,5406,0,3510,1896,0
14307,16.693625,16.582544,9.126662,0.000000,8.004166,8.003735,0.000348,0.047542,0.029708,0.296958,632,8107291,72413,0,2,0,2,0,0,0,0,0,0,5406,0,3510,1896,0
14308,16.682292,16.574337,9.339123,0.000000,7.863166,7.740819,0.122264,0.045458,0.011584,0.631251,639,8107055,69954,0,2,0,2,0,0,0,0,0,0,7208,0,4680,2528,0
14309,16.838333,16.729348,9.495870,0.000000,7.815459,7.730486,0.084890,0.045000,0.017625,0.639626,631,8107298,75147,0,2,0,2,0,0,0,0,0,0,5406,0,3510,1896,0
14310,16.602625,16.497765,9.133492,0.000000,7.920374,7.805860,0.114431,0.036167,0.007708,0.316500,631,8107284,72428,0,2,0,2,0,0,0,0,0,0,5406,0,3510,1896,0
14311,16.577959,16.465960,9.001052,0.000000,8.041375,7.914235,0.127015,0.037458,0.014708,0.640125,639,8107069,70348,0,2,0,2,0,0,0,0,0,0,7208,0,4680,2528,0
14312,16.713375,16.604598,9.250598,0.000000,7.926708,7.816194,0.110431,0.034083,0.034542,0.351375,629,8107315,74607,0,2,0,2,0,0,0,0,0,0,5406,0,3510,1896,0
14313,16.808416,16.697842,9.140890,0.000000,8.102500,7.975485,0.126890,0.043459,0.009916,0.649750,632,8107270,72423,0,2,0,2,0,0,0,0,0,0,5406,0,3510,1896,0
14314,16.526834,16.421329,8.990446,0.000000,8.018500,7.899985,0.118432,0.043583,0.017292,0.380458,641,8107050,70249,0,2,0,2,0,0,0,0,0,0,7208,0,4680,2528,0
14315,16.693375,16.588835,9.221762,0.000000,7.931959,7.836194,0.095681,0.040916,0.007709,0.667250,629,8107338,74649,0,2,0,2,0,0,0,0,0,0,5406,0,3510,1896,0
14316,16.626791,16.517762,9.353695,0.000000,8.017208,8.014068,0.003015,0.064417,0.012708,0.290917,630,8107243,72417,0,2,0,2,0,0,0,0,0,0,5406,0,3510,1896,0
14317,16.913375,16.803109,9.526992,0.000000,7.817291,7.723985,0.093181,0.058667,0.035250,0.614083,637,8107049,70302,0,2,0,2,0,0,0,0,0,0,7208,0,4680,2528,0
14318,16.511375,16.406154,9.304901,0.000000,7.699166,7.616444,0.082639,0.036042,0.015667,0.718375,632,8107378,74566,0,2,0,2,0,0,0,0,0,0,5406,0,3510,1896,0
14319,16.695917,16.587189,9.234241,0.000000,8.048875,8.048360,0.000390,0.040417,0.010083,0.314959,643,8107204,72353,0,2,0,2,0,0,0,0,0,0,5406,0,3510,1896,0
14320,16.819833,16.717310,9.059044,0.000000,8.165166,8.057818,0.107265,0.048834,0.012916,0.757625,638,8109786,72208,0,2,0,2,0,0,0,0,0,0,7208,0,4680,2528,0
14321,16.579625,16.460662,9.159313,0.000000,7.890541,7.807485,0.083014,0.043875,0.026417,0.291083,631,8104627,72804,0,2,0,2,0,0,0,0,0,0,5406,0,3510,1896,0
14322,16.615917,16.508178,8.961823,0.000000,8.099501,7.981319,0.118098,0.042458,0.010042,0.600958,631,8107289,72414,0,2,0,2,0,0,0,0,0,0,5406,0,3510,1896,0
14323,16.660667,16.549981,9.004487,0.000000,8.061708,7.967944,0.093681,0.032791,0.008375,0.292792,639,8107065,72485,0,2,0,2,0,0,0,0,0,0,7208,0,4680,2528,0
14324,16.623458,16.518875,8.931337,0.000000,8.102708,7.993319,0.109306,0.035500,0.016583,0.671250,632,8107348,71639,0,2,0,2,0,0,0,0,0,0,5406,0,3510,1896,0
14325,16.784042,16.672681,9.120623,0.000000,8.114333,7.987193,0.127057,0.037583,0.011250,0.645125,628,8107244,74183,0,2,0,2,0,0,0,0,0,0,5406,0,3510,1896,0
14326,16.826583,16.723496,9.462709,0.000000,7.806125,7.727069,0.078973,0.037917,0.011458,0.317625,636,8107082,72485,0,2,0,2,0,0,0,0,0,0,7208,0,4680,2528,0
14327,16.647917,16.538555,9.219876,0.000000,7.821376,7.744236,0.076931,0.036041,0.036584,0.736167,632,8107336,72416,0,2,0,2,0,0,0,0,0,0,5406,0,3510,1896,0
14328,16.702958,16.586337,9.095880,0.000000,8.066000,7.928860,0.137056,0.034083,0.015250,0.310916,637,8122848,70973,0,2,0,2,0,0,0,0,0,0,7208,0,4680,2528,0
14329,16.610958,16.505999,9.296036,0.000000,7.783460,7.694236,0.089140,0.044667,0.031417,0.694667,631,8091487,73905,0,2,0,2,0,0,0,0,0,0,5406,0,3510,1896,0
14330,16.740959,16.625627,9.220577,0.000000,7.891458,7.816444,0.074931,0.038000,0.015916,0.307750,630,8107301,72451,0,2,0,2,0,0,0,0,0,0,5406,0,3510,1896,0
14331,16.587583,16.482020,9.123428,0.000000,7.928791,7.816943,0.111765,0.036250,0.014542,0.605917,638,8107079,70301,0,2,0,2,0,0,0,0,0,0,7208,0,4680,2528,0
14332,16.825417,16.713688,9.195502,0.000000,7.915458,7.841360,0.074015,0.064250,0.013708,0.732374,631,8107309,74598,0,2,0,2,0,0,0,0,0,0,5406,0,3510,1896,0
14333,16.775583,16.667646,9.487006,0.000000,7.670792,7.601444,0.069265,0.054375,0.011250,0.380208,633,8107289,72425,0,2,0,2,0,0,0,0,0,0,5406,0,3510,1896,0
14334,16.508542,16.391997,9.174238,0.000000,7.768458,7.648402,0.119973,0.044666,0.017084,0.711375,639,8107079,69921,0,2,0,2,0,0,0,0,0,0,7208,0,4680,2528,0
14335,16.675541,16.565961,9.406127,0.000000,7.629999,7.534360,0.095556,0.040792,0.041542,0.379708,631,8107311,75292,0,2,0,2,0,0,0,0,0,0,5406,0,3510,1896,0
14336,16.630459,16.524546,9.060879,0.000000,8.007708,7.921277,0.086347,0.042875,0.010166,0.687666,632,8107282,72401,0,2,0,2,0,0,0,0,0,0,5406,0,3510,1896,0
14337,16.662041,16.545905,9.075092,0.000000,8.044666,7.933610,0.110973,0.031250,0.008584,0.307917,639,8107088,70316,0,2,0,2,0,0,0,0,0,0,7208,0,4680,2528,0
14338,16.794375,16.695484,9.256876,0.000000,7.975082,7.892443,0.082556,0.037792,0.009208,0.742917,631,8107298,74580,0,2,0,2,0,0,0,0,0,0,5406,0,3510,1896,0
14339,16.545750,16.438415,9.044085,0.000000,7.983751,7.894278,0.089390,0.037167,0.013708,0.332792,632,8107320,72383,0,2,0,2,0,0,0,0,0,0,5406,0,3510,1896,0
14340,16.696125,16.587403,8.930880,0.000000,8.193417,8.074235,0.119140,0.033042,0.006792,0.668917,637,8107074,70357,0,2,0,2,0,0,0,0,0,0,7208,0,4680,2528,0
14341,16.692875,16.585238,9.155633,0.000000,8.034791,7.942985,0.091723,0.031542,0.017250,0.686376,628,8107288,74614,0,2,0,2,0,0,0,0,0,0,5406,0,3510,1896,0
14342,16.721625,16.613216,8.941650,0.000000,8.149250,8.058777,0.090348,0.044250,0.011459,0.315541,631,8107280,72413,0,2,0,2,0,0,0,0,0,0,5406,0,3510,1896,0
14343,16.681667,16.573668,9.027573,0.000000,8.087083,7.971068,0.115932,0.045417,0.024250,0.660833,639,8107092,70296,0,2,0,2,0,0,0,0,0,0,7208,0,4680,2528,0
14344,16.737083,16.628210,9.317041,0.000000,7.911791,7.819652,0.092056,0.043125,0.016042,0.350750,631,8107354,74507,0,2,0,2,0,0,0,0,0,0,5406,0,3510,1896,0
14345,16.778334,16.672192,9.100265,0.000000,8.083041,7.990319,0.092639,0.037500,0.011416,0.704584,629,8107239,72522,0,2,0,2,0,0,0,0,0,0,5406,0,3510,1896,0
14346,16.432583,16.318728,8.917301,0.000000,8.046166,7.930776,0.115348,0.030625,0.006542,0.291167,640,8107084,70295,0,2,0,2,0,0,0,0,0,0,7208,0,4680,2528,0
14347,16.638500,16.527383,9.164990,0.000000,7.925001,7.924569,0.000348,0.046083,0.018459,0.585542,629,8107295,74615,0,2,0,2,0,0,0,0,0,0,5406,0,3510,1896,0
14348,16.866750,16.755437,9.491608,0.000000,7.709333,7.652819,0.056431,0.036875,0.008583,0.875666,653,8106946,73025,0,2,0,2,0,0,0,0,0,0,7441,0,3510,3931,0
14349,16.567833,16.476811,8.896394,0.000000,8.128751,8.010985,0.117724,0.039417,0.011458,0.290625,639,8111214,70513,0,2,0,2,0,0,0,0,0,0,7208,0,4680,2528,0
14350,16.743334,16.620825,9.180674,0.000000,8.013624,7.923110,0.090389,0.036958,0.009167,0.658416,626,8103197,74496,0,2,0,2,0,0,0,0,0,0,5406,0,3510,1896,0
14351,16.720916,16.608794,9.100780,0.000000,8.053626,7.968694,0.084848,0.044584,0.015875,0.314916,632,8107267,72427,0,2,0,2,0,0,0,0,0,0,5406,0,3510,1896,0
14352,16.646375,16.540074,9.050475,0.000000,8.026499,7.909693,0.116681,0.063542,0.017042,0.671334,641,8107055,70289,0,2,0,2,0,0,0,0,0,0,7208,0,4680,2528,0
14353,16.619834,16.519481,9.162360,0.000000,7.915832,7.823943,0.091806,0.036250,0.007125,0.348916,631,8107297,73960,0,2,0,2,0,0,0,0,0,0,5406,0,3510,1896,0
14354,16.746625,16.631628,9.102636,0.000000,8.073791,7.979236,0.094472,0.034625,0.007875,0.642334,630,8107332,74064,0,2,0,2,0,0,0,0,0,0,5406,0,3510,1896,0
14355,16.663333,16.554109,8.970086,0.000000,8.098792,7.983818,0.114849,0.034542,0.018666,0.303292,640,8107011,70316,0,2,0,2,0,0,0,0,0,0,7208,0,4680,2528,0
14356,16.712083,16.591504,9.353005,0.000000,7.761792,7.703402,0.058306,0.036792,0.037250,0.618250,629,8107283,74621,0,2,0,2,0,0,0,0,0,0,5406,0,3510,1896,0
14357,16.797792,16.685587,9.181042,0.000000,8.128583,8.017735,0.110723,0.039792,0.009458,0.581166,631,8107323,72438,0,2,0,2,0,0,0,0,0,0,5406,0,3510,1896,0
14358,16.781250,16.680712,9.256285,0.000000,7.993541,7.875485,0.117890,0.049000,0.009917,0.296625,639,8107032,70210,0,2,0,2,0,0,0,0,0,0,7208,0,4680,2528,0
14359,16.637292,16.531765,9.521091,0.000000,7.605501,7.521986,0.083390,0.049916,0.013292,0.589166,630,8107299,74686,0,2,0,2,0,0,0,0,0,0,5406,0,3510,1896,0
14360,16.548416,16.433369,9.044716,0.000000,7.955209,7.830569,0.124556,0.037125,0.008459,0.376500,629,8107292,72469,0,2,0,2,0,0,0,0,0,0,5406,0,3510,1896,0
14361,16.680125,16.571280,9.110961,0.000000,8.035583,7.929443,0.106015,0.042334,0.020916,0.629750,641,8107035,70303,0,2,0,2,0,0,0,0,0,0,7208,0,4680,2528,0
14362,16.636709,16.529908,9.273884,0.000000,7.803584,7.718694,0.084848,0.033416,0.009625,0.297209,631,8107330,74632,0,2,0,2,0,0,0,0,0,0,5406,0,3510,1896,0
14363,16.727166,16.618901,9.043121,0.000000,8.105208,7.994319,0.110806,0.034417,0.022042,0.597041,631,8107269,72429,0,2,0,2,0,0,0,0,0,0,5406,0,3510,1896,0
14364,16.576375,16.466575,8.990084,0.000000,8.026376,7.908819,0.117473,0.030209,0.026000,0.721332,639,8107073,70285,0,2,0,2,0,0,0,0,0,0,7208,0,4680,2528,0
14365,16.816917,16.707435,9.228736,0.000000,7.991666,7.895402,0.096139,0.040750,0.039083,0.375208,631,8107285,74653,0,2,0,2,0,0,0,0,0,0,5406,0,3510,1896,0
14366,16.651542,16.543829,8.966054,0.000000,8.034500,7.928777,0.105639,0.034250,0.036833,0.667792,631,8107294,72435,0,2,0,2,0,0,0,0,0,0,5406,0,3510,1896,0
14367,16.661750,16.548854,9.093087,0.000000,8.041167,7.922985,0.118057,0.046583,0.012208,0.288916,640,8107027,70297,0,2,0,2,0,0,0,0,0,0,7208,0,4680,2528,0
14368,16.758500,16.651889,9.248058,0.000000,7.961251,7.870444,0.090723,0.036208,0.009667,0.729167,631,8107304,74584,0,2,0,2,0,0,0,0,0,0,5406,0,3510,1896,0
14369,16.737000,16.627340,9.181796,0.000000,8.062626,7.946861,0.115681,0.039250,0.043833,0.304625,629,8107292,72459,0,2,0,2,0,0,0,0,0,0,5406,0,3510,1896,0
14370,16.832291,16.725949,9.345861,0.000000,7.993667,7.869694,0.123765,0.067417,0.014333,0.596958,639,8107084,70199,0,2,0,2,0,0,0,0,0,0,7208,0,4680,2528,0
14371,16.631167,16.520262,9.899254,0.000000,7.363417,7.292652,0.070640,0.057167,0.014916,0.581583,631,8107302,74770,0,2,0,2,0,0,0,0,0,0,5406,0,3510,1896,0
14372,16.587958,16.484465,9.271327,0.000000,7.917250,7.785527,0.131598,0.042667,0.021333,0.461417,640,8107304,70208,0,2,0,2,0,0,0,0,0,0,5406,0,3510,1896,0
14373,16.928042,16.736111,10.776927,0.000000,6.860541,6.796235,0.064181,0.026833,0.009125,0.902084,636,8091628,75543,0,2,0,2,0,0,0,0,0,0,7208,0,4680,2528,0
14374,16.406208,16.285198,10.207833,0.000000,6.942167,6.903277,0.038765,0.024834,0.007708,0.630084,630,8107336,73038,0,2,0,2,0,0,0,0,0,0,5406,0,3510,1896,0
14375,16.809959,16.760047,10.078490,0.000000,7.455500,7.384986,0.070389,0.028250,0.017250,0.812833,630,8122705,73109,0,2,0,2,0,0,0,0,0,0,5406,0,3510,1896,0
14376,16.897125,16.841164,10.434501,0.000000,7.199083,7.156401,0.042557,0.083625,0.026500,0.446125,642,8122535,73142,0,2,0,2,0,0,0,0,0,0,7208,0,4680,2528,0
14377,16.609541,16.422087,10.495366,0.000000,6.837750,6.783902,0.053765,0.034709,0.009916,0.656791,630,8091835,71793,0,2,0,2,0,0,0,0,0,0,5406,0,3510,1896,0
14378,16.555042,16.406137,10.226161,0.000000,7.038042,6.972528,0.065431,0.025958,0.008000,0.349666,631,8103795,72259,0,2,0,2,0,0,0,0,0,0,5406,0,3510,1896,0
14379,16.526458,16.420703,10.667959,0.000000,6.986126,6.985777,0.000265,0.023500,0.015834,0.761166,639,8110593,72666,0,2,0,2,0,0,0,0,0,0,7208,0,4680,2528,0
14380,16.786750,16.596914,9.865662,0.000000,7.464292,7.426027,0.038182,0.024834,0.012125,0.802626,629,8091844,71789,0,2,0,2,0,0,0,0,0,0,5406,0,3510,1896,0
14381,16.608250,16.541096,9.962754,0.000000,7.372624,7.304610,0.067931,0.026084,0.007666,0.364750,640,8138230,71635,0,2,0,2,0,0,0,0,0,0,7208,0,4680,2528,0
14382,16.518500,16.414252,9.791273,0.000000,7.372960,7.338277,0.034599,0.024292,0.015667,0.805416,629,8091596,73274,0,2,0,2,0,0,0,0,0,0,5406,0,3510,1896,0
14383,16.811417,16.689546,10.043625,0.000000,7.400292,7.360485,0.039765,0.021208,0.014542,0.350375,630,8107295,73738,0,2,0,2,0,0,0,0,0,0,5406,0,3510,1896,0
14384,16.693500,16.504444,9.940598,0.000000,7.363042,7.292986,0.069972,0.022292,0.014583,0.823000,639,8091737,70330,0,2,0,2,0,0,0,0,0,0,7208,0,4680,2528,0
14385,16.822875,16.769739,10.536418,0.000000,7.063499,7.024485,0.038931,0.027500,0.016167,0.349875,631,8122660,75270,0,2,0,2,0,0,0,0,0,0,5406,0,3510,1896,0
14386,16.653375,16.522731,10.569556,0.000000,6.782084,6.779527,0.002473,0.026167,0.015041,0.600458,631,8107288,72435,0,2,0,2,0,0,0,0,0,0,5406,0,3510,1896,0
14387,16.691125,16.574657,10.045496,0.000000,7.321166,7.252777,0.068306,0.029667,0.016583,0.707125,638,8107109,70300,0,2,0,2,0,0,0,0,0,0,7208,0,4680,2528,0
14388,16.738625,16.546611,10.387869,0.000000,7.007251,6.964277,0.042849,0.023833,0.014875,0.362167,629,8091842,73956,0,2,0,2,0,0,0,0,0,0,5406,0,3510,1896,0
14389,16.534292,16.410872,10.124972,0.000000,7.103208,7.102818,0.000265,0.023041,0.007750,0.641333,632,8107310,72465,0,2,0,2,0,0,0,0,0,0,5406,0,3510,1896,0
14390,16.670041,16.616000,9.916525,0.000000,7.459541,7.393069,0.066389,0.022042,0.015208,0.359041,639,8122496,70961,0,2,0,2,0,0,0,0,0,0,7208,0,4680,2528,0
14391,16.768334,16.580440,10.297068,0.000000,7.096167,7.061485,0.034598,0.021083,0.014792,0.930917,630,8091889,73980,0,2,0,2,0,0,0,0,0,0,5406,0,3510,1896,0
14392,16.690208,16.643542,10.270495,0.000000,7.341667,7.341402,0.000140,0.031458,0.016292,0.456541,631,8122704,73073,0,2,0,2,0,0,0,0,0,0,5406,0,3510,1896,0
14393,16.617500,16.425001,9.942127,0.000000,7.293584,7.224486,0.069015,0.025250,0.008167,0.708000,636,8091717,69701,0,2,0,2,0,0,0,0,0,0,7208,0,4680,2528,0
14394,16.782208,16.731697,10.420757,0.000000,7.110750,7.076235,0.034432,0.024584,0.014916,0.797292,632,8122651,75239,0,2,0,2,0,0,0,0,0,0,5406,0,3510,1896,0
14395,16.795584,16.667039,10.581757,0.000000,6.904292,6.899069,0.005139,0.041208,0.011042,0.358875,631,8107297,72441,0,2,0,2,0,0,0,0,0,0,5406,0,3510,1896,0
14396,16.419666,16.232536,9.916167,0.000000,7.145792,7.084319,0.061348,0.025417,0.008667,0.699666,638,8091673,69684,0,2,0,2,0,0,0,0,0,0,7208,0,4680,2528,0
14397,16.742834,16.678249,10.491057,0.000000,6.983959,6.983735,0.000140,0.023916,0.007625,0.367750,629,8120791,75146,0,2,0,2,0,0,0,0,0,0,5406,0,3510,1896,0
14398,16.676000,16.560189,9.894971,0.000000,7.405541,7.367152,0.038306,0.023750,0.017083,0.708417,631,8109249,72457,0,2,0,2,0,0,0,0,0,0,5406,0,3510,1896,0
14399,16.716166,16.598075,9.876169,0.000000,7.474958,7.406569,0.068264,0.025292,0.016208,0.453667,637,8107082,70372,0,2,0,2,0,0,0,0,0,0,7208,0,4680,2528,0
14400,16.735709,16.614763,10.432924,0.000000,7.007041,6.969735,0.037223,0.028750,0.018041,0.747917,632,8107267,74639,0,2,0,2,0,0,0,0,0,0,5406,0,3510,1896,0
14401,16.510916,16.321412,10.314150,0.000000,7.315334,7.314944,0.000306,0.021417,0.011500,0.621500,628,8091941,71787,0,2,0,2,0,0,0,0,0,0,5406,0,3510,1896,0
14402,16.740459,16.618386,10.019468,0.000000,7.378000,7.309694,0.068181,0.024333,0.008250,1.001792,638,8106988,70332,0,2,0,2,0,0,0,0,0,0,7208,0,4680,2528,0
14403,16.715041,16.594505,10.117922,0.000000,7.259625,7.220235,0.039307,0.022292,0.015042,0.795167,631,8107324,74600,0,2,0,2,0,0,0,0,0,0,5406,0,3510,1896,0
14404,16.918959,16.862056,10.459418,0.000000,7.139875,7.135277,0.004473,0.046416,0.020750,0.296125,633,8122763,72967,0,2,0,2,0,0,0,0,0,0,5406,0,3510,1896,0
14405,16.622625,16.502119,10.369660,0.000000,6.945792,6.883819,0.061806,0.046791,0.014667,1.220542,641,8107002,70412,0,2,0,2,0,0,0,0,0,0,7208,0,4680,2528,0
14406,16.744000,16.623037,10.627430,0.000000,6.798333,6.758027,0.040181,0.047041,0.011500,0.290042,632,8107318,74636,0,2,0,2,0,0,0,0,0,0,5406,0,3510,1896,0
14407,16.659500,16.539375,10.219291,0.000000,7.056083,7.023652,0.032306,0.049125,0.012333,0.918458,629,8107269,72428,0,2,0,2,0,0,0,0,0,0,5406,0,3510,1896,0
14408,16.284041,16.157205,9.970694,0.000000,6.951000,6.886528,0.064389,0.042375,0.010375,0.428500,642,8107112,70233,0,2,0,2,0,0,0,0,0,0,7208,0,4680,2528,0
14409,16.747625,16.638126,9.110340,0.000000,8.049210,7.935194,0.113932,0.036750,0.009875,0.903875,631,8107250,74648,0,2,0,2,0,0,0,0,0,0,5406,0,3510,1896,0
14410,16.695667,16.595180,9.887806,0.000000,8.136626,8.127069,0.009473,0.040875,0.008625,0.917292,629,8107325,72501,0,2,0,2,0,0,0,0,0,0,5406,0,3510,1896,0
14411,16.547167,16.432889,8.758260,0.000000,8.234749,8.114235,0.120431,0.039125,0.010333,0.456958,640,8107010,69633,0,2,0,2,0,0,0,0,0,0,7208,0,4680,2528,0
14412,16.900666,16.794449,9.499953,0.000000,7.911125,7.828902,0.082140,0.046667,0.011542,1.261959,631,8107348,76261,0,2,0,2,0,0,0,0,0,0,5406,0,3510,1896,0
14413,16.541125,16.431703,9.136712,0.000000,7.910083,7.801069,0.108931,0.036667,0.008917,0.628708,629,8107232,72444,0,2,0,2,0,0,0,0,0,0,5406,0,3510,1896,0
14414,16.662625,16.554299,8.906097,0.000000,8.192499,8.042569,0.149847,0.036959,0.008541,1.264541,640,8107063,70259,0,2,0,2,0,0,0,0,0,0,7208,0,4680,2528,0
14415,16.753042,16.645488,9.216912,0.000000,7.999833,7.909193,0.090515,0.042667,0.012583,0.291916,630,8107293,74664,0,2,0,2,0,0,0,0,0,0,5406,0,3510,1896,0
14416,16.689792,16.584687,9.094015,0.000000,8.113000,7.986486,0.126431,0.042333,0.018042,0.957709,631,8107401,72427,0,2,0,2,0,0,0,0,0,0,5406,0,3510,1896,0
14417,16.610375,16.499626,8.969916,0.000000,8.139874,8.022527,0.117264,0.041166,0.009959,0.290209,639,8106934,70315,0,2,0,2,0,0,0,0,0,0,7208,0,4680,2528,0
14418,16.914916,16.803588,9.608642,0.000000,7.710249,7.660610,0.049556,0.047459,0.018333,0.600833,631,8107310,74592,0,2,0,2,0,0,0,0,0,0,5406,0,3510,1896,0
14419,16.641750,16.533835,9.425252,0.000000,7.740500,7.645527,0.094848,0.049292,0.018458,1.229833,633,8107279,72369,0,2,0,2,0,0,0,0,0,0,5406,0,3510,1896,0
14420,16.601209,16.494276,9.010617,0.000000,8.001834,7.884236,0.117514,0.043375,0.010083,0.646750,637,8107077,70391,0,2,0,2,0,0,0,0,0,0,7208,0,4680,2528,0
14421,16.629375,16.519772,9.505041,0.000000,7.611709,7.605110,0.006515,0.039583,0.027250,1.086417,633,8107260,74629,0,2,0,2,0,0,0,0,0,0,5406,0,3510,1896,0
14422,16.763208,16.654634,9.178166,0.000000,8.077707,7.953110,0.124514,0.040708,0.010584,0.290750,630,8107313,72437,0,2,0,2,0,0,0,0,0,0,5406,0,3510,1896,0
14423,16.426500,16.317270,9.178223,0.000000,7.937375,7.936986,0.000264,0.043125,0.023292,0.909625,639,8107089,70162,0,2,0,2,0,0,0,0,0,0,7208,0,4680,2528,0
14424,16.855542,16.745419,9.772612,0.000000,7.946625,7.943818,0.002723,0.043791,0.012667,0.305625,632,8107283,74685,0,2,0,2,0,0,0,0,0,0,5406,0,3510,1896,0
14425,16.608375,16.499904,9.708851,0.000000,7.925542,7.921944,0.003515,0.037750,0.010166,0.941666,638,8107303,72515,0,2,0,2,0,0,0,0,0,0,5406,0,3510,1896,0
14426,16.881166,16.774924,9.125282,0.000000,8.160667,8.039861,0.120722,0.037375,0.010917,0.935250,639,8107071,71891,0,2,0,2,0,0,0,0,0,0,7208,0,4680,2528,0
14427,16.630500,16.523265,9.195161,0.000000,7.910209,7.827819,0.082307,0.043709,0.017750,0.634708,628,8107320,73043,0,2,0,2,0,0,0,0,0,0,5406,0,3510,1896,0
14428,16.712167,16.656013,9.130463,0.000000,8.099625,7.982444,0.117098,0.073542,0.014583,0.925624,632,8122714,73043,0,2,0,2,0,0,0,0,0,0,5406,0,3510,1896,0
14429,16.629875,16.470422,9.088909,0.000000,7.916999,7.825610,0.091264,0.036667,0.010500,0.457417,638,8091713,71877,0,2,0,2,0,0,0,0,0,0,7208,0,4680,2528,0
14430,16.747625,16.641392,9.145735,0.000000,8.080459,7.967277,0.113099,0.037292,0.022916,0.758500,631,8107244,72451,0,2,0,2,0,0,0,0,0,0,5406,0,3510,1896,0
14431,16.606208,16.497582,9.246211,0.000000,7.797916,7.694902,0.102931,0.036792,0.010292,0.299625,630,8107293,72430,0,2,0,2,0,0,0,0,0,0,5406,0,3510,1896,0
14432,16.541834,16.426514,9.261422,0.000000,7.936041,7.935777,0.000181,0.039958,0.010333,1.254126,639,8107104,72136,0,2,0,2,0,0,0,0,0,0,7208,0,4680,2528,0
14433,16.851250,16.746166,9.109634,0.000000,8.195333,8.086902,0.108348,0.036625,0.008166,0.291333,630,8107284,73104,0,2,0,2,0,0,0,0,0,0,5406,0,3510,1896,0
14434,16.665500,16.562652,9.103731,0.000000,8.117250,7.991069,0.126098,0.033666,0.009292,0.936333,640,8122577,70954,0,2,0,2,0,0,0,0,0,0,7208,0,4680,2528,0
14435,16.633291,16.520224,9.239679,0.000000,7.984209,7.891944,0.092181,0.039125,0.037542,0.893667,630,8091785,73977,0,2,0,2,0,0,0,0,0,0,5406,0,3510,1896,0
14436,17.051500,17.000024,10.153486,0.000000,7.992542,7.992027,0.000223,0.077417,0.020167,0.348208,632,8122739,73074,0,2,0,2,0,0,0,0,0,0,5406,0,3510,1896,0
14437,16.286834,16.123716,9.621939,0.000000,7.452334,7.451861,0.000348,0.041916,0.011709,0.610333,635,8091630,69667,0,2,0,2,0,0,0,0,0,0,7208,0,4680,2528,0
14438,16.764666,16.711671,9.345981,0.000000,8.038792,7.947069,0.091640,0.074750,0.016417,0.629333,633,8122790,75251,0,2,0,2,0,0,0,0,0,0,5406,0,3510,1896,0
14439,16.685667,16.521666,8.996675,0.000000,8.108791,8.013443,0.095265,0.040625,0.016417,0.834666,630,8091806,71768,0,2,0,2,0,0,0,0,0,0,5406,0,3510,1896,0
14440,16.388417,16.282273,8.942454,0.000000,7.919876,7.919569,0.000223,0.035583,0.013500,0.289416,639,8107091,69676,0,2,0,2,0,0,0,0,0,0,7208,0,4680,2528,0
14441,16.955750,16.926779,9.818950,0.000000,7.947416,7.947069,0.000264,0.083375,0.067416,0.755917,634,8138284,77591,0,2,0,2,0,0,0,0,0,0,5406,0,3510,1896,0
14442,16.655250,16.467838,8.904981,0.000000,8.158585,8.069194,0.089307,0.039375,0.040291,0.890626,627,8076304,71121,0,2,0,2,0,0,0,0,0,0,5406,0,3510,1896,0
14443,16.763166,16.653043,9.359236,0.000000,8.052416,7.933818,0.118515,0.040500,0.025375,0.469834,639,8107094,70285,0,2,0,2,0,0,0,0,0,0,7208,0,4680,2528,0
14444,16.594167,16.489230,9.269415,0.000000,7.812501,7.731194,0.081223,0.034708,0.013709,0.891000,631,8107305,74617,0,2,0,2,0,0,0,0,0,0,5406,0,3510,1896,0
14445,16.673417,16.562794,9.087041,0.000000,8.041417,7.976569,0.064765,0.036500,0.010291,0.306584,631,8107272,72453,0,2,0,2,0,0,0,0,0,0,5406,0,3510,1896,0
14446,16.880833,16.836377,9.156538,0.000000,8.213708,8.074777,0.138848,0.086250,0.021250,0.765458,639,8124346,71034,0,2,0,2,0,0,0,0,0,0,7208,0,4680,2528,0
14447,16.541667,16.369389,9.401637,0.000000,7.805709,7.717861,0.087723,0.036833,0.032875,0.297875,628,8090169,73897,0,2,0,2,0,0,0,0,0,0,5406,0,3510,1896,0
14448,16.692208,16.583927,9.125900,0.000000,8.032625,7.919277,0.113223,0.034375,0.015333,0.738333,631,8107188,72369,0,2,0,2,0,0,0,0,0,0,5406,0,3510,1896,0
14449,16.600958,16.554827,10.118587,0.000000,7.996375,7.988236,0.008014,0.087584,0.046833,0.670168,642,8137948,71617,0,2,0,2,0,0,0,0,0,0,7208,0,4680,2528,0
14450,16.646875,16.498112,9.297410,0.000000,7.876584,7.876277,0.000223,0.074125,0.018250,0.628375,630,8091888,74037,0,2,0,2,0,0,0,0,0,0,5406,0,3510,1896,0
14451,16.730542,16.596478,8.985984,0.000000,8.146458,8.066527,0.079848,0.033333,0.007042,0.757376,630,8091818,71787,0,2,0,2,0,0,0,0,0,0,5406,0,3510,1896,0
14452,16.816083,16.707262,9.225092,0.000000,8.020957,7.904068,0.116806,0.043042,0.011833,0.473250,638,8107111,70299,0,2,0,2,0,0,0,0,0,0,7208,0,4680,2528,0
14453,16.558875,16.450411,9.416922,0.000000,7.663876,7.602986,0.060765,0.038250,0.011167,0.915250,632,8107265,74636,0,2,0,2,0,0,0,0,0,0,5406,0,3510,1896,0
14454,16.754750,16.690715,9.353678,0.000000,7.976459,7.972735,0.003640,0.068292,0.013083,0.297333,648,8122569,73113,0,2,0,2,0,0,0,0,0,0,7441,0,3510,3931,0
14455,16.658250,16.499585,9.214251,0.000000,7.890083,7.788277,0.101723,0.044459,0.031291,0.843708,644,8092310,70299,0,2,0,2,0,0,0,0,0,0,7208,0,4680,2528,0
14456,16.744334,16.631361,9.275264,0.000000,7.989458,7.877569,0.111806,0.058375,0.011583,0.448875,630,8106511,74555,0,2,0,2,0,0,0,0,0,0,5406,0,3510,1896,0
14457,16.585041,16.492469,8.952548,0.000000,8.072499,7.985735,0.086681,0.039875,0.010542,0.940126,632,8111749,72593,0,2,0,2,0,0,0,0,0,0,5406,0,3510,1896,0
14458,16.695209,16.571750,9.062915,0.000000,8.129376,8.012361,0.116931,0.040458,0.015167,0.926959,637,8102598,70086,0,2,0,2,0,0,0,0,0,0,7208,0,4680,2528,0
14459,16.692958,16.581257,9.266921,0.000000,7.937292,7.828736,0.108431,0.037667,0.039416,0.459166,632,8107218,74662,0,2,0,2,0,0,0,0,0,0,5406,0,3510,1896,0
14460,16.678042,16.628671,9.422314,0.000000,8.042250,8.031735,0.010390,0.071916,0.023667,0.760958,634,8138338,73737,0,2,0,2,0,0,0,0,0,0,5406,0,3510,1896,0
14461,16.661375,16.495869,8.879375,0.000000,8.134625,8.015652,0.118806,0.039166,0.010250,0.303208,634,8075987,69012,0,2,0,2,0,0,0,0,0,0,7208,0,4680,2528,0
14462,16.680250,16.564868,9.180760,0.000000,7.910959,7.823527,0.087348,0.032958,0.008542,0.929250,631,8107304,74599,0,2,0,2,0,0,0,0,0,0,5406,0,3510,1896,0
14463,16.714583,16.607340,8.984592,0.000000,8.207125,8.090235,0.116807,0.035875,0.009667,0.293459,631,8107285,72423,0,2,0,2,0,0,0,0,0,0,5406,0,3510,1896,0
14464,16.566542,16.456688,9.698454,0.000000,8.061708,8.061527,0.000140,0.044708,0.007875,0.770708,637,8107055,70253,0,2,0,2,0,0,0,0,0,0,7208,0,4680,2528,0
14465,16.783000,16.675118,9.137346,0.000000,8.072751,7.973861,0.098806,0.039458,0.008708,1.069459,632,8107292,74647,0,2,0,2,0,0,0,0,0,0,5406,0,3510,1896,0
14466,16.783875,16.676608,9.093920,0.000000,8.163582,8.043026,0.120473,0.038750,0.010375,0.476500,632,8107346,72440,0,2,0,2,0,0,0,0,0,0,5406,0,3510,1896,0
14467,16.721083,16.611278,9.102735,0.000000,8.076749,7.952068,0.124556,0.045708,0.009875,0.736876,637,8106991,70296,0,2,0,2,0,0,0,0,0,0,7208,0,4680,2528,0
14468,16.609917,16.483490,9.203310,0.000000,7.883000,7.788986,0.093972,0.055791,0.010417,0.446833,632,8107332,74565,0,2,0,2,0,0,0,0,0,0,5406,0,3510,1896,0
14469,16.490500,16.404152,9.561083,0.000000,8.069291,8.068901,0.000265,0.038750,0.010916,0.737584,631,8107259,71745,0,2,0,2,0,0,0,0,0,0,5406,0,3510,1896,0
14470,16.847125,16.767653,9.224591,0.000000,8.101875,7.961985,0.139807,0.052583,0.010125,0.291625,640,8122593,72652,0,2,0,2,0,0,0,0,0,0,7208,0,4680,2528,0
14471,16.366208,16.225590,8.809634,0.000000,8.039876,7.946569,0.093223,0.046083,0.011709,0.590583,630,8091756,71748,0,2,0,2,0,0,0,0,0,0,5406,0,3510,1896,0
14472,17.065042,16.958634,9.510832,0.000000,7.962000,7.847318,0.114598,0.048541,0.029167,0.451000,632,8107289,76721,0,2,0,2,0,0,0,0,0,0,5406,0,3510,1896,0
14473,16.718833,16.609978,9.172376,0.000000,7.961125,7.826819,0.134181,0.051333,0.018459,1.005916,639,8107108,70313,0,2,0,2,0,0,0,0,0,0,7208,0,4680,2528,0
14474,16.586792,16.545531,10.305914,0.000000,7.559042,7.558819,0.000098,0.090708,0.018375,0.799292,634,8138141,75884,0,2,0,2,0,0,0,0,0,0,5406,0,3510,1896,0
14475,16.727541,16.549597,8.898159,0.000000,8.094666,8.002068,0.092515,0.040334,0.016708,0.446625,628,8076429,71150,0,2,0,2,0,0,0,0,0,0,5406,0,3510,1896,0
14476,16.471042,16.362608,9.149494,0.000000,7.971792,7.967360,0.004307,0.039000,0.044292,0.641750,637,8107075,70130,0,2,0,2,0,0,0,0,0,0,7208,0,4680,2528,0
14477,16.836458,16.729504,9.117290,0.000000,8.130042,8.034444,0.095515,0.033167,0.007917,0.440250,629,8107269,74777,0,2,0,2,0,0,0,0,0,0,5406,0,3510,1896,0
14478,16.836667,16.723749,9.461288,0.000000,7.687625,7.633152,0.054140,0.049625,0.010917,0.581208,639,8107305,72395,0,2,0,2,0,0,0,0,0,0,5406,0,3510,1896,0
14479,16.714292,16.605307,9.387570,0.000000,7.798167,7.675944,0.122140,0.056208,0.013542,0.293667,638,8107109,71883,0,2,0,2,0,0,0,0,0,0,7208,0,4680,2528,0
14480,16.973958,16.866880,9.716441,0.000000,7.723500,7.636777,0.086639,0.047083,0.011375,0.737543,629,8107264,73045,0,2,0,2,0,0,0,0,0,0,5406,0,3510,1896,0
14481,16.242167,16.131904,9.218953,0.000000,7.602375,7.464568,0.137682,0.040083,0.012167,1.062126,632,8107309,72063,0,2,0,2,0,0,0,0,0,0,5406,0,3510,1896,0
14482,16.739500,16.657161,9.490087,0.000000,7.772459,7.684027,0.088348,0.076000,0.049500,0.457333,639,8122506,73798,0,2,0,2,0,0,0,0,0,0,7208,0,4680,2528,0
14483,16.595333,16.479939,9.125903,0.000000,7.941833,7.872819,0.068889,0.072958,0.016459,0.892708,632,8107336,72427,0,2,0,2,0,0,0,0,0,0,5406,0,3510,1896,0
14484,16.685667,16.601930,9.139651,0.000000,8.040416,7.940235,0.100140,0.068791,0.019000,0.307958,634,8107252,71923,0,2,0,2,0,0,0,0,0,0,6944,0,4536,2408,0
14485,16.625208,16.473436,9.218914,0.000000,7.846083,7.785652,0.060348,0.039833,0.009125,0.925958,635,8091654,72350,0,2,0,2,0,0,0,0,0,0,5670,0,3654,2016,0
14486,16.871125,16.780561,9.124135,0.000000,8.173082,8.093985,0.079014,0.079875,0.017500,0.300167,632,8122732,73056,0,2,0,2,0,0,0,0,0,0,5406,0,3510,1896,0
14487,16.630000,16.524096,9.095582,0.000000,7.985834,7.852569,0.133181,0.045375,0.011042,0.811792,639,8107157,70309,0,2,0,2,0,0,0,0,0,0,7208,0,4680,2528,0
14488,16.612542,16.485487,9.971345,0.000000,7.826959,7.811152,0.015723,0.050250,0.041250,0.614833,630,8091779,73921,0,2,0,2,0,0,0,0,0,0,5406,0,3510,1896,0
14489,16.669541,16.562517,8.998758,0.000000,8.144751,8.057153,0.087514,0.038542,0.011000,0.470041,630,8107311,72446,0,2,0,2,0,0,0,0,0,0,5406,0,3510,1896,0
14490,16.779959,16.661309,9.138103,0.000000,8.107583,7.974360,0.133140,0.042250,0.011083,0.921167,640,8107150,70333,0,2,0,2,0,0,0,0,0,0,7208,0,4680,2528,0
14491,16.610041,16.513957,9.371800,0.000000,7.800001,7.718486,0.081431,0.076250,0.033250,0.464417,633,8122675,75243,0,2,0,2,0,0,0,0,0,0,5406,0,3510,1896,0
14492,16.761042,16.661812,9.071343,0.000000,8.104376,8.024569,0.079765,0.073417,0.038375,0.902166,631,8107285,72417,0,2,0,2,0,0,0,0,0,0,5406,0,3510,1896,0
14493,16.474750,16.352835,9.015201,0.000000,7.918876,7.914819,0.003973,0.078208,0.019959,0.300625,641,8107243,70315,0,2,0,2,0,0,0,0,0,0,7208,0,4680,2528,0
14494,16.686167,16.563999,9.387549,0.000000,8.037541,8.037110,0.000264,0.035791,0.015834,0.937125,629,8091687,73939,0,2,0,2,0,0,0,0,0,0,5406,0,3510,1896,0
14495,16.731041,16.617621,9.011747,0.000000,8.144375,8.059194,0.085098,0.037834,0.008375,0.292417,630,8107308,72449,0,2,0,2,0,0,0,0,0,0,5406,0,3510,1896,0
14496,17.252959,17.149091,9.326977,0.000000,8.356792,8.197569,0.159098,0.054958,0.012542,0.740208,639,8107072,70295,0,2,0,2,0,0,0,0,0,0,7208,0,4680,2528,0
14497,16.199250,16.090730,9.422432,0.000000,7.381417,7.305819,0.075515,0.036208,0.034500,1.075958,629,8107302,74591,0,2,0,2,0,0,0,0,0,0,5406,0,3510,1896,0
14498,16.664916,16.557542,9.159954,0.000000,7.977125,7.893527,0.083514,0.051792,0.029875,0.468458,630,8107294,71710,0,2,0,2,0,0,0,0,0,0,5406,0,3510,1896,0
14499,16.641584,16.532392,9.774244,0.000000,7.771583,7.762776,0.008682,0.041458,0.008333,0.706042,637,8107086,71991,0,2,0,2,0,0,0,0,0,0,7208,0,4680,2528,0
14500,16.753250,16.662141,9.245743,0.000000,7.982874,7.887818,0.094973,0.048625,0.009958,0.461292,634,8122787,75269,0,2,0,2,0,0,0,0,0,0,5406,0,3510,1896,0
14501,16.652416,16.523320,9.087293,0.000000,8.025708,7.952819,0.072806,0.033042,0.008208,0.892375,631,8091804,71793,0,2,0,2,0,0,0,0,0,0,5406,0,3510,1896,0
14502,16.653542,16.526954,8.935913,0.000000,8.148457,8.037068,0.111306,0.040458,0.011750,0.295292,639,8107082,70303,0,2,0,2,0,0,0,0,0,0,7208,0,4680,2528,0
14503,16.669458,16.575384,9.250710,0.000000,7.903084,7.812736,0.090223,0.032709,0.009666,0.861124,631,8107300,74599,0,2,0,2,0,0,0,0,0,0,5406,0,3510,1896,0
14504,17.077542,16.962451,9.341928,0.000000,8.187293,8.088278,0.098640,0.049000,0.016792,0.911750,631,8107292,72333,0,2,0,2,0,0,0,0,0,0,5406,0,3510,1896,0
14505,16.415750,16.311499,9.144505,0.000000,7.784833,7.669402,0.115348,0.050708,0.026917,0.644750,639,8107126,70348,0,2,0,2,0,0,0,0,0,0,7208,0,4680,2528,0
14506,16.644458,16.522135,9.434882,0.000000,7.707166,7.623860,0.083223,0.045667,0.015625,0.737125,630,8107250,74628,0,2,0,2,0,0,0,0,0,0,5406,0,3510,1896,0
14507,16.613459,16.519741,9.463325,0.000000,7.861000,7.860444,0.000431,0.041958,0.016833,0.467750,629,8107305,72455,0,2,0,2,0,0,0,0,0,0,5406,0,3510,1896,0
14508,16.637333,16.528667,8.884710,0.000000,8.171625,8.064152,0.107390,0.043333,0.016625,0.787625,639,8107105,69953,0,2,0,2,0,0,0,0,0,0,7208,0,4680,2528,0
14509,16.678833,16.576482,9.301339,0.000000,7.804042,7.745152,0.058806,0.040500,0.010500,0.309167,630,8107281,75162,0,2,0,2,0,0,0,0,0,0,5406,0,3510,1896,0
14510,16.771459,16.653170,9.043506,0.000000,8.130749,8.047027,0.083639,0.041666,0.010459,0.767001,633,8107319,72476,0,2,0,2,0,0,0,0,0,0,5406,0,3510,1896,0
14511,16.592541,16.481449,9.158477,0.000000,7.903541,7.804401,0.099057,0.035792,0.010417,0.292667,639,8107017,70297,0,2,0,2,0,0,0,0,0,0,7208,0,4680,2528,0
14512,17.354292,17.241880,10.613084,0.000000,7.780833,7.757860,0.022931,0.046500,0.011292,0.651209,629,8107287,74593,0,2,0,2,0,0,0,0,0,0,5406,0,3510,1896,0
14513,16.067333,15.973047,9.212342,0.000000,7.431541,7.342402,0.089097,0.039209,0.027000,0.910041,633,8111034,72564,0,2,0,2,0,0,0,0,0,0,5406,0,3510,1896,0
14514,16.784667,16.665049,9.219995,0.000000,8.039416,7.925860,0.113473,0.048458,0.010792,0.485666,639,8103348,70127,0,2,0,2,0,0,0,0,0,0,7208,0,4680,2528,0
14515,16.555875,16.442659,9.257198,0.000000,7.798957,7.731860,0.067014,0.031625,0.007958,0.897083,630,8107272,74653,0,2,0,2,0,0,0,0,0,0,5406,0,3510,1896,0
14516,16.780958,16.680516,9.135662,0.000000,8.113835,8.006611,0.107140,0.055459,0.012291,0.475625,632,8107316,72404,0,2,0,2,0,0,0,0,0,0,5406,0,3510,1896,0
14517,16.586417,16.487533,9.120502,0.000000,7.942375,7.839860,0.102349,0.053792,0.043083,0.738750,638,8111565,70488,0,2,0,2,0,0,0,0,0,0,7208,0,4680,2528,0
14518,16.710792,16.570319,9.220395,0.000000,7.907875,7.842319,0.065473,0.042916,0.011334,0.307291,628,8102823,74381,0,2,0,2,0,0,0,0,0,0,5406,0,3510,1896,0
14519,16.573458,16.462386,9.377502,0.000000,7.847793,7.847403,0.000265,0.037417,0.011250,0.830041,633,8107223,72361,0,2,0,2,0,0,0,0,0,0,5406,0,3510,1896,0
14520,16.904500,16.798424,9.111372,0.000000,8.223293,8.120277,0.102932,0.042917,0.017583,0.892709,641,8107102,70409,0,2,0,2,0,0,0,0,0,0,7208,0,4680,2528,0
14521,16.508375,16.398253,9.255534,0.000000,7.731874,7.667735,0.064014,0.038167,0.009708,0.481875,630,8107236,74612,0,2,0,2,0,0,0,0,0,0,5406,0,3510,1896,0
14522,16.774042,16.668992,9.365838,0.000000,8.165833,8.052069,0.113723,0.034416,0.008375,0.968917,630,8107299,72414,0,2,0,2,0,0,0,0,0,0,5406,0,3510,1896,0
14523,16.631916,16.522973,9.035507,0.000000,8.055208,7.966818,0.088307,0.045959,0.011958,0.309542,639,8107042,70264,0,2,0,2,0,0,0,0,0,0,7208,0,4680,2528,0
14524,16.620500,16.508813,9.659172,0.000000,7.830000,7.822777,0.007098,0.039417,0.042875,0.964709,629,8107314,74543,0,2,0,2,0,0,0,0,0,0,5406,0,3510,1896,0
14525,16.715917,16.611997,9.086488,0.000000,8.097876,8.076653,0.021098,0.045125,0.010042,0.352792,631,8107276,72516,0,2,0,2,0,0,0,0,0,0,5406,0,3510,1896,0
14526,16.667750,16.559228,8.913635,0.000000,8.157208,8.054027,0.103098,0.042000,0.008458,0.790292,641,8107058,70308,0,2,0,2,0,0,0,0,0,0,7208,0,4680,2528,0
14527,16.575750,16.441501,9.265420,0.000000,7.811333,7.739652,0.071598,0.032375,0.007167,0.446542,629,8107326,73921,0,2,0,2,0,0,0,0,0,0,5406,0,3510,1896,0
14528,16.964500,16.856238,9.185500,0.000000,8.126833,8.018069,0.108681,0.032708,0.022417,0.907458,630,8107332,74040,0,2,0,2,0,0,0,0,0,0,5406,0,3510,1896,0
14529,16.515292,16.396507,9.093866,0.000000,7.882583,7.788818,0.093640,0.041541,0.042500,1.109209,639,8107012,70173,0,2,0,2,0,0,0,0,0,0,7208,0,4680,2528,0
14530,16.695833,16.587343,9.180582,0.000000,7.933416,7.842360,0.090973,0.038833,0.016584,0.484958,632,8107304,74423,0,2,0,2,0,0,0,0,0,0,5406,0,3510,1896,0
14531,16.722542,16.622079,9.149219,0.000000,8.005041,7.922819,0.082097,0.038916,0.009500,0.979084,637,8107314,73095,0,2,0,2,0,0,0,0,0,0,5406,0,3510,1896,0
14532,16.713041,16.598069,9.066623,0.000000,8.059750,7.972985,0.086682,0.038292,0.011750,0.305458,640,8107062,71856,0,2,0,2,0,0,0,0,0,0,7208,0,4680,2528,0
14533,16.589500,16.470378,9.054866,0.000000,7.971708,7.905152,0.066431,0.040834,0.008708,0.788042,629,8107286,73049,0,2,0,2,0,0,0,0,0,0,5406,0,3510,1896,0
14534,16.734709,16.628539,8.914373,0.000000,8.238000,8.140861,0.097056,0.039416,0.009709,0.296875,633,8107305,72394,0,2,0,2,0,0,0,0,0,0,5406,0,3510,1896,0
14535,16.701083,16.583639,9.223793,0.000000,7.907417,7.833694,0.073682,0.036625,0.008792,0.863624,640,8107082,72512,0,2,0,2,0,0,0,0,0,0,7208,0,4680,2528,0
14536,16.694083,16.578622,8.975277,0.000000,8.083708,8.015860,0.067765,0.044625,0.030209,0.987750,629,8107288,72402,0,2,0,2,0,0,0,0,0,0,5406,0,3510,1896,0
14537,16.653084,16.549533,8.885201,0.000000,8.195458,8.087069,0.108306,0.034541,0.015750,0.481042,632,8107969,72464,0,2,0,2,0,0,0,0,0,0,5760,0,3510,2250,0
14538,16.852166,16.729692,9.584187,0.000000,7.568833,7.558360,0.010390,0.062167,0.013292,0.738749,638,8106444,72434,0,2,0,2,0,0,0,0,0,0,6854,0,4680,2174,0
14539,16.650459,16.631662,9.363041,0.000000,7.824833,7.743402,0.081348,0.086916,0.043542,0.373708,633,8138150,73698,0,2,0,2,0,0,0,0,0,0,5406,0,3510,1896,0
14540,16.535458,16.356257,9.092173,0.000000,7.813792,7.738319,0.075431,0.034875,0.008000,0.961832,636,8091794,69679,0,2,0,2,0,0,0,0,0,0,7208,0,4680,2528,0
14541,16.680625,16.560868,9.297923,0.000000,7.941416,7.941026,0.000265,0.041875,0.016042,0.306584,630,8091699,73985,0,2,0,2,0,0,0,0,0,0,5406,0,3510,1896,0
14542,16.684792,16.576269,9.043413,0.000000,8.040916,8.015027,0.025806,0.037750,0.008250,0.789583,626,8107302,72403,0,2,0,2,0,0,0,0,0,0,5406,0,3510,1896,0
14543,16.552750,16.435736,9.464197,0.000000,7.944959,7.944611,0.000265,0.034291,0.010084,0.421666,639,8107111,70312,0,2,0,2,0,0,0,0,0,0,7208,0,4680,2528,0
14544,16.790125,16.670754,9.899549,0.000000,7.997083,7.996443,0.000557,0.037916,0.015959,0.945999,631,8107288,74556,0,2,0,2,0,0,0,0,0,0,5406,0,3510,1896,0
14545,16.687833,16.572355,9.059350,0.000000,8.072042,8.010485,0.061473,0.035500,0.010708,1.137459,630,8107297,72477,0,2,0,2,0,0,0,0,0,0,5406,0,3510,1896,0
14546,16.717042,16.613942,8.880708,0.000000,8.248959,8.128028,0.120806,0.037208,0.007542,0.482208,639,8107064,70294,0,2,0,2,0,0,0,0,0,0,7208,0,4680,2528,0
14547,16.824916,16.710960,9.373036,0.000000,7.895166,7.831360,0.063723,0.048917,0.016458,0.792500,629,8107320,74583,0,2,0,2,0,0,0,0,0,0,5406,0,3510,1896,0
14548,16.572125,16.466967,9.047474,0.000000,7.922958,7.854235,0.068640,0.033209,0.010791,0.313083,630,8107283,72392,0,2,0,2,0,0,0,0,0,0,5406,0,3510,1896,0
14549,16.578000,16.444732,9.127489,0.000000,7.902250,7.901319,0.000806,0.041584,0.009125,0.940168,638,8107067,70299,0,2,0,2,0,0,0,0,0,0,7208,0,4680,2528,0
14550,16.743750,16.637198,9.231747,0.000000,7.929625,7.869152,0.060431,0.044500,0.018167,0.296708,631,8107326,74675,0,2,0,2,0,0,0,0,0,0,5406,0,3510,1896,0
14551,16.612750,16.501559,9.074705,0.000000,7.949875,7.880402,0.069390,0.030459,0.022208,0.954834,631,8107279,72411,0,2,0,2,0,0,0,0,0,0,5406,0,3510,1896,0
14552,16.959042,16.849035,9.059879,0.000000,8.278958,8.166236,0.112639,0.041583,0.032792,1.012208,638,8107071,70278,0,2,0,2,0,0,0,0,0,0,7208,0,4680,2528,0
14553,16.463000,16.355693,9.317891,0.000000,7.677501,7.604527,0.072890,0.036167,0.016750,0.364916,631,8107321,74637,0,2,0,2,0,0,0,0,0,0,5406,0,3510,1896,0
14554,16.720708,16.611915,9.047901,0.000000,8.044292,7.969069,0.075139,0.032834,0.009375,0.966000,629,8107271,72395,0,2,0,2,0,0,0,0,0,0,5406,0,3510,1896,0
14555,16.652459,16.542743,9.025628,0.000000,8.067583,7.968486,0.098931,0.037166,0.016000,0.473834,639,8107121,70271,0,2,0,2,0,0,0,0,0,0,7208,0,4680,2528,0
14556,16.961333,16.852189,9.466888,0.000000,7.924209,7.857110,0.066932,0.044000,0.010750,0.638333,632,8107269,73966,0,2,0,2,0,0,0,0,0,0,5406,0,3510,1896,0
14557,16.458000,16.348458,9.287045,0.000000,7.633458,7.604277,0.029098,0.044958,0.010709,0.307625,629,8107314,74098,0,2,0,2,0,0,0,0,0,0,5406,0,3510,1896,0
14558,16.659125,16.544198,9.096289,0.000000,7.963125,7.881944,0.081098,0.041500,0.009833,0.745458,641,8107075,70190,0,2,0,2,0,0,0,0,0,0,7208,0,4680,2528,0
14559,16.640667,16.532998,9.370051,0.000000,7.762042,7.693944,0.067973,0.038833,0.011417,1.003084,631,8107281,74704,0,2,0,2,0,0,0,0,0,0,5406,0,3510,1896,0
14560,17.086041,16.974783,9.326593,0.000000,8.106958,8.031860,0.075057,0.040334,0.015166,0.449250,632,8107299,72426,0,2,0,2,0,0,0,0,0,0,5406,0,3510,1896,0
14561,16.259375,16.148203,9.324296,0.000000,7.427750,7.374861,0.052764,0.044125,0.011209,0.894583,659,8106738,70939,0,2,0,2,0,0,0,0,0,0,9243,0,4680,4563,0
14562,16.737417,16.631963,9.252091,0.000000,7.932041,7.863193,0.068765,0.040292,0.016541,0.308583,630,8107308,74633,0,2,0,2,0,0,0,0,0,0,5406,0,3510,1896,0
14563,16.702125,16.595195,8.950949,0.000000,8.072417,8.003610,0.068723,0.042375,0.010667,0.891999,631,8107282,72421,0,2,0,2,0,0,0,0,0,0,5406,0,3510,1896,0
14564,16.664583,16.557691,8.998497,0.000000,8.103125,7.992486,0.110556,0.032834,0.026166,0.306625,639,8107065,70255,0,2,0,2,0,0,0,0,0,0,7208,0,4680,2528,0
14565,16.754584,16.644895,9.234128,0.000000,7.890292,7.822151,0.068099,0.037916,0.009334,0.735749,630,8107305,74653,0,2,0,2,0,0,0,0,0,0,5406,0,3510,1896,0
14566,16.671708,16.571917,9.237415,0.000000,7.823959,7.781569,0.042265,0.045083,0.018625,0.306584,629,8109330,72504,0,2,0,2,0,0,0,0,0,0,5406,0,3510,1896,0
14567,16.538833,16.419429,9.120420,0.000000,7.885750,7.796361,0.089347,0.031167,0.034958,0.910916,640,8105060,70232,0,2,0,2,0,0,0,0,0,0,7208,0,4680,2528,0
14568,16.915000,16.802413,9.471270,0.000000,7.905542,7.842069,0.063390,0.035875,0.009625,0.797916,631,8107254,74565,0,2,0,2,0,0,0,0,0,0,5406,0,3510,1896,0
14569,16.582417,16.503170,9.104769,0.000000,7.935416,7.827985,0.107348,0.053750,0.010958,0.480916,632,8122713,73067,0,2,0,2,0,0,0,0,0,0,5406,0,3510,1896,0
14570,16.289208,16.149976,8.583730,0.000000,8.121709,8.031027,0.090598,0.040625,0.009750,0.898251,640,8091606,67442,0,2,0,2,0,0,0,0,0,0,7208,0,4680,2528,0
14571,17.011334,16.920020,9.667693,0.000000,7.831916,7.764485,0.067348,0.040541,0.017292,0.311583,632,8113775,79231,0,2,0,2,0,0,0,0,0,0,5406,0,3510,1896,0
14572,16.897208,16.757787,9.356075,0.000000,7.908125,7.817027,0.091014,0.045292,0.010666,0.892667,628,8100809,72145,0,2,0,2,0,0,0,0,0,0,5406,0,3510,1896,0
14573,16.410208,16.302467,9.064165,0.000000,7.847083,7.749569,0.097431,0.040750,0.035084,0.303709,642,8107045,70308,0,2,0,2,0,0,0,0,0,0,7208,0,4680,2528,0
14574,16.726375,16.620247,9.254376,0.000000,7.886333,7.822902,0.063348,0.030625,0.006917,0.752709,630,8107351,74586,0,2,0,2,0,0,0,0,0,0,5406,0,3510,1896,0
14575,16.681792,16.561950,9.086247,0.000000,8.058792,7.984819,0.073848,0.032458,0.009584,0.952083,631,8107247,72456,0,2,0,2,0,0,0,0,0,0,5406,0,3510,1896,0
14576,17.006167,16.896926,9.322927,0.000000,8.116665,8.024485,0.092139,0.044375,0.016500,0.446500,640,8107053,70261,0,2,0,2,0,0,0,0,0,0,7208,0,4680,2528,0
14577,16.419666,16.303750,9.191548,0.000000,7.742416,7.642652,0.099681,0.042792,0.017042,0.901001,631,8111851,74839,0,2,0,2,0,0,0,0,0,0,5406,0,3510,1896,0
14578,16.803459,16.705203,9.132547,0.000000,8.164501,8.054402,0.110015,0.044625,0.009958,0.480584,630,8102784,72198,0,2,0,2,0,0,0,0,0,0,5406,0,3510,1896,0
14579,16.509708,16.398899,8.905126,0.000000,8.071834,7.945278,0.126473,0.038375,0.023667,0.903209,639,8107005,69964,0,2,0,2,0,0,0,0,0,0,7208,0,4680,2528,0
14580,16.728250,16.624955,9.247897,0.000000,7.952208,7.858318,0.093807,0.034125,0.009125,0.305959,632,8107299,75263,0,2,0,2,0,0,0,0,0,0,5406,0,3510,1896,0
14581,16.689917,16.580595,8.894128,0.000000,8.179000,8.070610,0.108348,0.037708,0.008792,0.744708,628,8107283,72425,0,2,0,2,0,0,0,0,0,0,5406,0,3510,1896,0
14582,16.592583,16.486161,8.871013,0.000000,8.144083,8.040194,0.103806,0.039500,0.016125,0.849583,639,8107087,70138,0,2,0,2,0,0,0,0,0,0,7208,0,4680,2528,0
14583,16.689875,16.582315,9.333542,0.000000,7.807958,7.755652,0.052223,0.030833,0.009459,0.513584,630,8107312,74762,0,2,0,2,0,0,0,0,0,0,5406,0,3510,1896,0
14584,17.225208,17.117761,10.133619,0.000000,8.088541,8.088027,0.000306,0.045792,0.015917,0.786459,635,8107278,72397,0,2,0,2,0,0,0,0,0,0,5406,0,3510,1896,0
14585,16.187584,16.083492,9.154392,0.000000,7.573916,7.481819,0.092014,0.030833,0.061750,0.657667,639,8107087,71228,0,2,0,2,0,0,0,0,0,0,7208,0,4680,2528,0
14586,16.637125,16.527275,9.101245,0.000000,7.920791,7.846693,0.074015,0.034250,0.013791,0.771959,631,8107331,74684,0,2,0,2,0,0,0,0,0,0,5406,0,3510,1896,0
14587,17.711750,17.600390,9.650652,0.000000,8.293876,8.148277,0.145432,0.064250,0.027416,0.290625,629,8107265,72405,0,2,0,2,0,0,0,0,0,0,5406,0,3510,1896,0
14588,15.909583,15.798449,9.923364,0.000000,6.733918,6.682486,0.051348,0.041625,0.019500,0.614625,641,8107069,72447,0,2,0,2,0,0,0,0,0,0,7208,0,4680,2528,0
14589,16.478542,16.363780,9.213375,0.000000,7.714499,7.656860,0.057556,0.035833,0.009458,0.300291,630,8107310,72441,0,2,0,2,0,0,0,0,0,0,5406,0,3510,1896,0
14590,17.196958,17.095982,9.489102,0.000000,8.160208,8.011485,0.148514,0.082417,0.013875,0.769042,631,8107444,72403,0,2,0,2,0,0,0,0,0,0,6813,0,4405,2408,0
14591,16.386708,16.316559,9.265228,0.000000,7.246334,7.178236,0.067973,0.082292,0.012625,0.583875,638,8122423,73154,0,2,0,2,0,0,0,0,0,0,5801,0,3785,2016,0
14592,16.545709,16.380062,9.866541,0.000000,7.794833,7.794526,0.000182,0.041583,0.012042,0.609792,631,8091820,71769,0,2,0,2,0,0,0,0,0,0,5406,0,3510,1896,0
14593,16.824791,16.679500,10.128649,0.000000,7.322667,7.256861,0.065723,0.028667,0.009875,0.900875,637,8107153,70668,0,2,0,2,0,0,0,0,0,0,7208,0,4680,2528,0
14594,16.710875,16.619459,10.289953,0.000000,7.087209,7.051194,0.035931,0.023000,0.016125,0.612042,632,8091778,73562,0,2,0,2,0,0,0,0,0,0,5406,0,3510,1896,0
14595,16.590000,16.396579,10.104495,0.000000,7.140209,7.134402,0.005682,0.022625,0.015125,0.739751,631,8107284,72440,0,2,0,2,0,0,0,0,0,0,5406,0,3510,1896,0
14596,16.687250,16.637296,10.033693,0.000000,7.415083,7.414819,0.000181,0.036209,0.010583,0.446417,640,8122535,70935,0,2,0,2,0,0,0,0,0,0,7208,0,4680,2528,0
14597,16.707875,16.504257,10.041123,0.000000,7.251833,7.215110,0.036598,0.025000,0.008209,0.740958,631,8091845,73953,0,2,0,2,0,0,0,0,0,0,5406,0,3510,1896,0
14598,16.925542,16.857973,10.234920,0.000000,7.252083,7.249235,0.002723,0.053417,0.014250,0.906124,631,8122730,73011,0,2,0,2,0,0,0,0,0,0,5406,0,3510,1896,0
14599,16.735250,16.691165,10.354863,0.000000,7.150334,7.083194,0.067056,0.092500,0.027625,0.473500,638,8122544,71008,0,2,0,2,0,0,0,0,0,0,7208,0,4680,2528,0
14600,16.567000,16.386376,10.767925,0.000000,6.533875,6.499944,0.033806,0.036792,0.018958,0.756167,629,8091875,73952,0,2,0,2,0,0,0,0,0,0,5406,0,3510,1896,0
14601,16.606875,16.483771,10.162586,0.000000,7.127292,7.096985,0.030182,0.028125,0.018333,0.471709,632,8107260,72432,0,2,0,2,0,0,0,0,0,0,5406,0,3510,1896,0
14602,16.603500,16.470266,10.024461,0.000000,7.268084,7.198569,0.069390,0.040375,0.012000,0.763750,639,8107125,70293,0,2,0,2,0,0,0,0,0,0,7208,0,4680,2528,0
14603,16.713917,16.593726,10.214806,0.000000,7.169167,7.134194,0.034890,0.025208,0.016167,0.607041,630,8107263,74596,0,2,0,2,0,0,0,0,0,0,5406,0,3510,1896,0
14604,16.670875,16.549737,9.982462,0.000000,7.316040,7.278776,0.037181,0.029333,0.017167,0.945625,631,8107289,72298,0,2,0,2,0,0,0,0,0,0,5406,0,3510,1896,0
14605,16.557458,16.370052,9.974291,0.000000,7.314958,7.314527,0.000306,0.021917,0.007791,0.609042,637,8091716,69780,0,2,0,2,0,0,0,0,0,0,7208,0,4680,2528,0
14606,16.672500,16.549790,10.256621,0.000000,7.116834,7.079402,0.037348,0.021083,0.009959,1.193542,631,8107268,74585,0,2,0,2,0,0,0,0,0,0,5406,0,3510,1896,0
14607,16.886083,16.834890,10.039789,0.000000,7.505875,7.472777,0.033015,0.033334,0.018041,1.064583,630,8122703,73067,0,2,0,2,0,0,0,0,0,0,5406,0,3510,1896,0
14608,17.139709,17.075429,10.801702,0.000000,7.089709,7.006736,0.082639,0.082500,0.029041,0.638292,641,8122517,70877,0,2,0,2,0,0,0,0,0,0,7208,0,4680,2528,0
14609,16.214041,16.014773,10.750718,0.000000,6.174459,6.171527,0.002473,0.069459,0.056291,0.909333,630,8091896,73971,0,2,0,2,0,0,0,0,0,0,5406,0,3510,1896,0
14610,16.716542,16.666425,10.006709,0.000000,7.376709,7.318735,0.057724,0.114917,0.039041,0.291000,633,8124046,73172,0,2,0,2,0,0,0,0,0,0,5406,0,3510,1896,0
14611,16.876958,16.699008,11.120721,0.000000,6.247915,6.150568,0.097264,0.046542,0.047708,0.591291,639,8090288,69599,0,2,0,2,0,0,0,0,0,0,7208,0,4680,2528,0
14612,16.595417,16.473622,9.736923,0.000000,7.441833,7.357610,0.084140,0.057375,0.013125,0.302583,631,8107319,74588,0,2,0,2,0,0,0,0,0,0,5406,0,3510,1896,0
14613,16.751500,16.702927,10.035505,0.000000,7.397042,7.339027,0.057932,0.084625,0.034125,0.808708,631,8122742,73059,0,2,0,2,0,0,0,0,0,0,5406,0,3510,1896,0
14614,16.609875,16.522098,10.497863,0.000000,6.890958,6.826485,0.064306,0.100417,0.019125,0.608707,641,8122471,70259,0,2,0,2,0,0,0,0,0,0,7208,0,4680,2528,0
14615,16.827917,16.731151,11.422783,0.000000,6.242208,6.234777,0.007181,0.138416,0.024834,0.294083,632,8107300,76279,0,2,0,2,0,0,0,0,0,0,5406,0,3510,1896,0
14616,16.535625,16.304291,10.598210,0.000000,6.573292,6.564902,0.008307,0.042916,0.028500,0.805542,626,8076436,71104,0,2,0,2,0,0,0,0,0,0,5406,0,3510,1896,0
14617,16.707666,16.585567,10.538874,0.000000,6.884043,6.831111,0.052807,0.043709,0.010000,0.450417,639,8107063,70309,0,2,0,2,0,0,0,0,0,0,7208,0,4680,2528,0
14618,16.742459,16.625914,10.858971,0.000000,6.641458,6.613236,0.028139,0.045625,0.012291,0.857375,632,8107241,74555,0,2,0,2,0,0,0,0,0,0,5406,0,3510,1896,0
14619,16.504708,16.383406,10.316465,0.000000,6.905542,6.880485,0.024932,0.037083,0.010000,0.447917,630,8107726,72376,0,2,0,2,0,0,0,0,0,0,5406,0,3510,1896,0
14620,16.930250,16.811883,10.561623,0.000000,7.075208,7.020985,0.053973,0.066708,0.018209,0.786083,640,8106626,70356,0,2,0,2,0,0,0,0,0,0,7208,0,4680,2528,0
14621,16.496583,16.380749,10.736825,0.000000,6.577875,6.549194,0.028556,0.038750,0.018375,0.787916,632,8107297,74617,0,2,0,2,0,0,0,0,0,0,5406,0,3510,1896,0
14622,16.575834,16.387877,10.038093,0.000000,7.184958,7.121944,0.062931,0.026208,0.008208,0.349750,630,8091846,71766,0,2,0,2,0,0,0,0,0,0,5406,0,3510,1896,0
14623,16.591041,16.540274,10.090934,0.000000,7.266792,7.198277,0.068431,0.025500,0.015667,0.743082,642,8122502,70951,0,2,0,2,0,0,0,0,0,0,7208,0,4680,2528,0
14624,17.249500,17.150294,10.691235,0.000000,7.247499,7.210194,0.037139,0.055709,0.020916,0.289709,630,8112166,74710,0,2,0,2,0,0,0,0,0,0,5406,0,3510,1896,0
14625,16.386584,16.243075,10.690327,0.000000,6.458250,6.424360,0.033765,0.048083,0.012708,0.929541,630,8102415,72305,0,2,0,2,0,0,0,0,0,0,5406,0,3510,1896,0
14626,16.775208,16.655545,10.256966,0.000000,7.015250,6.953902,0.061223,0.048875,0.011583,0.307208,639,8107046,70294,0,2,0,2,0,0,0,0,0,0,7208,0,4680,2528,0
14627,16.606625,16.480755,10.831418,0.000000,6.500749,6.492902,0.007639,0.053375,0.030000,0.594001,631,8107293,74597,0,2,0,2,0,0,0,0,0,0,5406,0,3510,1896,0
14628,16.421083,16.301003,10.222083,0.000000,6.883834,6.850902,0.032849,0.046584,0.011750,0.296791,630,8107373,72001,0,2,0,2,0,0,0,0,0,0,5406,0,3510,1896,0
14629,16.552042,16.433772,9.656383,0.000000,7.488251,7.373819,0.114265,0.046333,0.011000,0.891375,639,8106980,70976,0,2,0,2,0,0,0,0,0,0,7208,0,4680,2528,0
14630,16.660875,16.552959,9.507668,0.000000,7.648500,7.590153,0.058264,0.047792,0.009500,0.963291,631,8107281,74651,0,2,0,2,0,0,0,0,0,0,5406,0,3510,1896,0
14631,16.771958,16.665905,9.269532,0.000000,7.979875,7.871027,0.108765,0.041625,0.008042,0.513208,630,8107308,72406,0,2,0,2,0,0,0,0,0,0,5406,0,3510,1896,0
14632,16.691084,16.579966,9.108111,0.000000,8.037250,7.928402,0.108765,0.047125,0.016125,0.775125,638,8107038,70278,0,2,0,2,0,0,0,0,0,0,7208,0,4680,2528,0
14633,16.614416,16.508118,9.981195,0.000000,7.685207,7.684735,0.000389,0.043042,0.020167,0.657666,631,8107294,74618,0,2,0,2,0,0,0,0,0,0,5406,0,3510,1896,0
14634,16.744167,16.630280,9.301364,0.000000,7.965541,7.845943,0.119515,0.046875,0.010833,0.763583,630,8107299,72367,0,2,0,2,0,0,0,0,0,0,5406,0,3510,1896,0
14635,16.666042,16.601733,9.323612,0.000000,7.899667,7.801610,0.097932,0.083750,0.021875,0.310250,642,8128008,71049,0,2,0,3,0,0,0,0,0,0,7208,0,4680,2528,0
14636,16.610416,16.454085,9.430163,0.000000,7.655166,7.596277,0.058764,0.045292,0.008458,0.937041,630,8086375,73882,0,2,0,1,0,0,0,0,0,0,5406,0,3510,1896,0
14637,16.754125,16.664199,9.198906,0.000000,8.089208,7.979860,0.109265,0.042125,0.016625,0.941542,637,8111920,72621,0,2,0,2,0,0,0,0,0,0,5406,0,3510,1896,0
14638,16.727584,16.582690,9.245761,0.000000,7.953750,7.852402,0.101265,0.045250,0.020541,0.475000,638,8098962,71498,0,2,0,4,0,0,0,0,0,0,7208,0,4680,2528,0
14639,16.664208,16.526287,9.291031,0.000000,7.852834,7.767403,0.085347,0.048458,0.016709,0.904875,630,8099205,72669,0,2,0,2,0,0,0,0,0,0,5406,0,3510,1896,0
14640,16.741125,16.650071,9.340912,0.000000,7.916209,7.818485,0.097640,0.044125,0.009958,0.303625,633,8118841,72943,0,4,0,2,0,0,0,0,0,0,5406,0,3510,1896,0
14641,16.640125,16.566156,9.172219,0.000000,7.990083,7.890693,0.099307,0.042125,0.010125,0.745999,637,8107053,72478,0,2,0,2,0,0,0,0,0,0,7208,0,4680,2528,0
14642,16.625500,16.512227,9.050578,0.000000,8.064041,7.972486,0.091472,0.039875,0.009458,0.638541,632,8107249,72405,0,2,0,2,0,0,0,0,0,0,5406,0,3510,1896,0
14643,16.646458,16.542150,9.235992,0.000000,7.937874,7.835318,0.102473,0.039875,0.017042,0.759542,633,8107253,71727,0,2,0,2,0,0,0,0,0,0,5918,0,3510,2408,0
14644,16.711959,16.598600,9.447010,0.000000,7.724417,7.648611,0.075723,0.042750,0.016250,0.644334,638,8107129,74114,0,2,0,2,0,0,0,0,0,0,6696,0,4680,2016,0
14645,16.732416,16.626959,9.894504,0.000000,7.962457,7.962110,0.000264,0.053584,0.018083,0.448875,633,8107286,72450,0,2,0,2,0,0,0,0,0,0,5406,0,3510,1896,0
14646,16.722500,16.634129,9.216689,0.000000,8.002500,7.886610,0.115723,0.042625,0.010250,0.904083,638,8122788,71319,0,2,0,2,0,0,0,0,0,0,7124,0,4596,2528,0
14647,16.605084,16.475962,9.316797,0.000000,7.769625,7.658235,0.111307,0.039833,0.036167,0.505250,633,8091676,73562,0,2,0,2,0,0,0,0,0,0,5490,0,3594,1896,0
14648,16.659958,16.560649,9.161201,0.000000,7.947001,7.890069,0.056848,0.039667,0.008666,0.921333,630,8109043,72435,0,2,0,2,0,0,0,0,0,0,5406,0,3510,1896,0
14649,16.687750,16.595604,9.105564,0.000000,8.008625,7.896026,0.112474,0.044958,0.016625,0.295666,635,8089932,69633,0,0,0,2,0,0,0,0,0,0,7208,0,4680,2528,0
14650,16.666333,16.518904,9.443840,0.000000,7.803750,7.736277,0.067390,0.040334,0.020416,0.745168,632,8122620,75266,0,4,0,2,0,0,0,0,0,0,5406,0,3510,1896,0
14651,16.703959,16.588586,9.130499,0.000000,8.006125,7.925194,0.080848,0.038125,0.009333,0.295875,630,8107267,72417,0,2,0,2,0,0,0,0,0,0,5406,0,3510,1896,0
14652,16.652125,16.544327,9.197488,0.000000,7.941333,7.854860,0.086390,0.044000,0.009708,0.734333,638,8107104,70311,0,2,0,2,0,0,0,0,0,0,7208,0,4680,2528,0
14653,16.733250,16.644607,9.498713,0.000000,7.736668,7.666069,0.070515,0.045208,0.016750,0.910792,631,8113531,74812,0,2,0,2,0,0,0,0,0,0,5406,0,3510,1896,0
14654,16.636458,16.499663,9.208290,0.000000,7.922125,7.918861,0.003181,0.034833,0.006834,0.444000,631,8101044,72163,0,2,0,2,0,0,0,0,0,0,5406,0,3510,1896,0
14655,16.704792,16.590347,9.084587,0.000000,8.085667,7.971610,0.113973,0.040125,0.041250,0.906542,639,8107083,70343,0,2,0,2,0,0,0,0,0,0,7208,0,4680,2528,0
14656,16.738125,16.629003,9.395989,0.000000,7.845751,7.748111,0.097598,0.041500,0.010041,0.646833,628,8107412,74558,0,2,0,2,0,0,0,0,0,0,5406,0,3510,1896,0
14657,16.628625,16.505718,9.238957,0.000000,7.836291,7.771236,0.064972,0.036458,0.009625,0.832875,632,8107212,72435,0,2,0,2,0,0,0,0,0,0,5406,0,3510,1896,0
14658,16.932833,16.811529,9.639540,0.000000,7.723833,7.622401,0.101265,0.060167,0.011541,0.298708,639,8107048,70232,0,2,0,2,0,0,0,0,0,0,7208,0,4680,2528,0
14659,16.604292,16.496179,9.743546,0.000000,7.400458,7.313777,0.086598,0.051958,0.012125,0.765875,631,8107361,74650,0,2,0,2,0,0,0,0,0,0,5406,0,3510,1896,0
14660,16.559500,16.449852,9.285371,0.000000,7.785499,7.697444,0.087972,0.041000,0.032875,0.707167,630,8107224,72423,0,2,0,2,0,0,0,0,0,0,5406,0,3510,1896,0
14661,16.757125,16.651241,9.251417,0.000000,8.033874,7.912568,0.121223,0.057041,0.018500,0.444541,640,8107089,70331,0,2,0,2,0,0,0,0,0,0,7208,0,4680,2528,0
14662,16.672125,16.554335,9.581415,0.000000,7.616124,7.529193,0.086848,0.037958,0.008750,0.673708,632,8107316,74573,0,2,0,2,0,0,0,0,0,0,5406,0,3510,1896,0
14663,16.755041,16.644919,9.327738,0.000000,7.907250,7.818819,0.088348,0.043750,0.012834,0.510459,629,8107299,72398,0,2,0,2,0,0,0,0,0,0,5406,0,3510,1896,0
14664,16.635709,16.529704,9.900246,0.000000,7.766750,7.766277,0.000348,0.047333,0.011333,0.799001,640,8107104,70309,0,2,0,2,0,0,0,0,0,0,7208,0,4680,2528,0
14665,16.628916,16.514465,9.491636,0.000000,7.677208,7.593152,0.083973,0.040792,0.029792,0.296333,631,8107250,74605,0,2,0,2,0,0,0,0,0,0,5406,0,3510,1896,0
14666,16.714542,16.609530,9.247201,0.000000,7.923792,7.852069,0.071640,0.038417,0.016666,0.833958,630,8107300,72412,0,2,0,2,0,0,0,0,0,0,5406,0,3510,1896,0
14667,16.815792,16.712243,9.615548,0.000000,7.761458,7.671652,0.089681,0.044958,0.010542,0.302458,644,8107015,70259,0,2,0,2,0,0,0,0,0,0,7721,0,4680,3041,0
14668,16.599625,16.479130,10.321701,0.000000,7.177417,7.169318,0.007932,0.044291,0.010375,0.807334,648,8106996,75235,0,2,0,2,0,0,0,0,0,0,6928,0,3510,3418,0
14669,16.303000,16.192172,9.636609,0.000000,7.704041,7.703652,0.000306,0.037458,0.008542,0.747166,630,8107342,70195,0,2,0,2,0,0,0,0,0,0,5406,0,3510,1896,0
14670,17.020416,16.912213,10.626127,0.000000,7.715333,7.714777,0.000473,0.043375,0.009084,0.445375,641,8106991,74673,0,2,0,2,0,0,0,0,0,0,7208,0,4680,2528,0
14671,16.558834,16.507908,9.320895,0.000000,7.802458,7.714693,0.087681,0.072041,0.036834,0.903458,634,8122734,75252,0,2,0,2,0,0,0,0,0,0,5406,0,3510,1896,0
14672,16.582166,16.413749,8.886957,0.000000,8.079292,8.006444,0.072764,0.040834,0.008375,0.636041,629,8091984,71066,0,2,0,2,0,0,0,0,0,0,5406,0,3510,1896,0
14673,16.857584,16.740998,9.389723,0.000000,7.964833,7.852527,0.112223,0.037041,0.008584,0.747125,641,8106936,71974,0,2,0,2,0,0,0,0,0,0,7208,0,4680,2528,0
14674,16.709250,16.597834,9.375632,0.000000,7.811709,7.741527,0.070098,0.039250,0.009166,0.310625,632,8107392,74560,0,2,0,2,0,0,0,0,0,0,5406,0,3510,1896,0
14675,16.734625,16.619330,9.217242,0.000000,7.968125,7.859694,0.108306,0.036041,0.006625,0.892375,631,8107216,72435,0,2,0,2,0,0,0,0,0,0,5406,0,3510,1896,0
14676,16.905583,16.799876,9.677126,0.000000,7.773499,7.659276,0.114140,0.057333,0.011625,0.902000,641,8107012,70308,0,2,0,2,0,0,0,0,0,0,7208,0,4680,2528,0
14677,16.352583,16.248665,10.216957,0.000000,7.284209,7.283777,0.000307,0.056875,0.019000,0.446083,632,8110530,74360,0,2,0,2,0,0,0,0,0,0,5406,0,3510,1896,0
14678,16.842709,16.722033,9.386251,0.000000,7.865625,7.750069,0.115473,0.048833,0.012208,0.894167,631,8104058,72926,0,2,0,2,0,0,0,0,0,0,5406,0,3510,1896,0
14679,16.496208,16.387202,9.256326,0.000000,7.704042,7.596610,0.107307,0.051625,0.017250,0.502542,640,8107068,70320,0,2,0,2,0,0,0,0,0,0,7208,0,4680,2528,0
14680,16.630667,16.521662,9.502748,0.000000,7.780543,7.779652,0.000432,0.044083,0.017042,0.878541,632,8107273,74588,0,2,0,2,0,0,0,0,0,0,5406,0,3510,1896,0
14681,16.847666,16.728634,9.284225,0.000000,7.984292,7.869152,0.115015,0.053000,0.011084,0.634625,632,8107302,72422,0,2,0,2,0,0,0,0,0,0,5406,0,3510,1896,0
14682,16.662834,16.583897,9.235591,0.000000,7.890125,7.802235,0.087807,0.056916,0.011834,0.898750,640,8114712,70605,0,2,0,2,0,0,0,0,0,0,7208,0,4680,2528,0
14683,16.787583,16.646344,9.535028,0.000000,7.745375,7.664444,0.080848,0.041625,0.016792,0.767958,630,8099633,74278,0,2,0,2,0,0,0,0,0,0,5406,0,3510,1896,0
14684,16.703875,16.597206,9.353368,0.000000,7.907834,7.797736,0.110015,0.035833,0.035125,0.443625,629,8107286,72382,0,2,0,2,0,0,0,0,0,0,5406,0,3510,1896,0
14685,16.666750,16.557681,9.406015,0.000000,7.784083,7.671777,0.112181,0.046208,0.010125,0.717583,639,8107049,70364,0,2,0,2,0,0,0,0,0,0,7208,0,4680,2528,0
14686,16.558083,16.450747,9.480780,0.000000,7.584458,7.505194,0.079181,0.039500,0.008917,0.294750,633,8107304,74574,0,2,0,2,0,0,0,0,0,0,5406,0,3510,1896,0
14687,16.776417,16.665572,9.349740,0.000000,7.911083,7.800194,0.110806,0.037708,0.008750,0.732417,631,8107298,72398,0,2,0,2,0,0,0,0,0,0,5406,0,3510,1896,0
14688,16.690125,16.586565,9.306049,0.000000,7.922418,7.852110,0.070224,0.050958,0.010959,0.299542,639,8107079,70687,0,2,0,2,0,0,0,0,0,0,7208,0,4680,2528,0
14689,16.607708,16.497485,9.804508,0.000000,7.660292,7.660069,0.000139,0.046334,0.016708,0.766125,631,8107332,74212,0,2,0,2,0,0,0,0,0,0,5406,0,3510,1896,0
14690,16.694750,16.587459,9.240824,0.000000,7.952125,7.845361,0.106681,0.039625,0.009834,0.646375,633,8107279,72431,0,2,0,2,0,0,0,0,0,0,5406,0,3510,1896,0
14691,16.706875,16.599501,9.480928,0.000000,7.751958,7.674110,0.077765,0.037500,0.015667,0.768208,639,8107117,72461,0,2,0,2,0,0,0,0,0,0,7208,0,4680,2528,0
14692,16.636000,16.502649,9.366552,0.000000,7.709875,7.639360,0.070390,0.046500,0.030292,1.101959,631,8107271,72419,0,2,0,2,0,0,0,0,0,0,5406,0,3510,1896,0
14693,16.751834,16.705831,9.350483,0.000000,7.963000,7.852902,0.109973,0.074500,0.036666,0.453583,634,8122708,73098,0,2,0,2,0,0,0,0,0,0,5406,0,3510,1896,0
14694,16.587208,16.411320,9.703850,0.000000,7.738042,7.737693,0.000307,0.041167,0.012000,0.801292,636,8091693,71799,0,2,0,2,0,0,0,0,0,0,7208,0,4680,2528,0
14695,16.775375,16.666747,9.363109,0.000000,7.873085,7.782611,0.090432,0.044042,0.010875,0.299708,632,8107275,72433,0,2,0,2,0,0,0,0,0,0,5406,0,3510,1896,0
14696,16.708750,16.604754,9.313767,0.000000,7.896249,7.785944,0.110222,0.039833,0.013542,0.938917,632,8107225,72264,0,2,0,2,0,0,0,0,0,0,6346,0,3938,2408,0
14697,16.733708,16.636245,9.544341,0.000000,7.732541,7.648193,0.084223,0.042000,0.010042,0.293750,640,8111780,72813,0,2,0,2,0,0,0,0,0,0,6268,0,4252,2016,0
14698,16.706750,16.584529,9.771616,0.000000,7.660626,7.659402,0.001057,0.040750,0.010375,0.758083,631,8102641,72188,0,2,0,2,0,0,0,0,0,0,5406,0,3510,1896,0
14699,16.552834,16.468211,9.375988,0.000000,7.707624,7.604485,0.103014,0.052583,0.017875,0.874959,640,8122569,70955,0,2,0,2,0,0,0,0,0,0,7208,0,4680,2528,0
14700,16.770666,16.637571,9.404692,0.000000,7.812542,7.727360,0.085099,0.040084,0.009208,0.444917,630,8091837,73978,0,2,0,2,0,0,0,0,0,0,5406,0,3510,1896,0
14701,16.605167,16.491042,9.346672,0.000000,7.777833,7.693152,0.084556,0.041667,0.015958,0.945459,631,8107487,71746,0,2,0,2,0,0,0,0,0,0,5406,0,3510,1896,0
14702,16.631375,16.515214,9.523657,0.000000,7.636124,7.533860,0.102181,0.038333,0.016917,0.472459,639,8106890,71945,0,2,0,2,0,0,0,0,0,0,7208,0,4680,2528,0
14703,16.496792,16.383435,9.251459,0.000000,7.744625,7.646402,0.098098,0.036958,0.008042,0.964208,631,8107286,73324,0,2,0,2,0,0,0,0,0,0,5406,0,3510,1896,0
14704,16.879666,16.756121,9.346153,0.000000,8.012208,7.922694,0.089473,0.032667,0.007917,0.304708,630,8107292,74796,0,2,0,2,0,0,0,0,0,0,5406,0,3510,1896,0
14705,16.682959,16.577876,9.044149,0.000000,8.098375,7.985694,0.112556,0.035166,0.034167,0.943750,641,8107070,70348,0,2,0,2,0,0,0,0,0,0,7208,0,4680,2528,0
14706,16.756750,16.649615,9.532937,0.000000,7.756708,7.686902,0.069723,0.038041,0.018292,0.310625,631,8107298,74530,0,2,0,2,0,0,0,0,0,0,5406,0,3510,1896,0
14707,16.699666,16.578659,9.328949,0.000000,7.826667,7.742443,0.084057,0.039334,0.013666,0.812875,632,8107313,72398,0,2,0,2,0,0,0,0,0,0,5406,0,3510,1896,0
14708,16.492209,16.387514,9.300117,0.000000,7.738002,7.616903,0.121015,0.044500,0.011291,0.831999,639,8107095,69857,0,2,0,2,0,0,0,0,0,0,7208,0,4680,2528,0
14709,16.791916,16.681149,9.695420,0.000000,7.664917,7.574193,0.090640,0.041000,0.008375,0.452708,630,8107286,75256,0,2,0,2,0,0,0,0,0,0,5406,0,3510,1896,0
14710,16.701292,16.587497,9.166444,0.000000,7.949000,7.863735,0.085181,0.038833,0.028459,0.674042,631,8107279,72402,0,2,0,2,0,0,0,0,0,0,5406,0,3510,1896,0
14711,16.560917,16.453408,9.276218,0.000000,7.819250,7.691236,0.127931,0.041000,0.015916,0.494333,639,8107086,70300,0,2,0,2,0,0,0,0,0,0,7208,0,4680,2528,0
14712,16.710416,16.592895,9.194881,0.000000,7.983708,7.899610,0.084015,0.039709,0.010333,0.909500,631,8107299,74546,0,2,0,2,0,0,0,0,0,0,5406,0,3510,1896,0
14713,16.790250,16.679846,9.180351,0.000000,8.044584,7.974319,0.070140,0.043792,0.009042,0.305416,630,8107290,72340,0,2,0,2,0,0,0,0,0,0,5406,0,3510,1896,0
14714,16.535750,16.419327,9.212916,0.000000,7.817501,7.722278,0.095181,0.043709,0.008500,0.750583,637,8107110,70373,0,2,0,2,0,0,0,0,0,0,7208,0,4680,2528,0
14715,16.703917,16.607980,9.530186,0.000000,7.711001,7.640569,0.070349,0.040792,0.008958,0.713041,631,8107292,74538,0,2,0,2,0,0,0,0,0,0,5406,0,3510,1896,0
14716,16.702542,16.584850,9.159291,0.000000,7.950833,7.871902,0.078848,0.045958,0.009500,0.285958,628,8107301,72393,0,2,0,2,0,0,0,0,0,0,5406,0,3510,1896,0
14717,16.625666,16.517397,9.124305,0.000000,8.017125,7.920111,0.096931,0.041167,0.012792,0.922792,639,8107286,70328,0,2,0,2,0,0,0,0,0,0,7208,0,4680,2528,0
14718,17.264584,17.146418,10.248084,0.000000,7.468332,7.400943,0.067306,0.060500,0.046291,0.289458,631,8107078,74418,0,2,0,2,0,0,0,0,0,0,5406,0,3510,1896,0
14719,16.452833,16.349908,9.756728,0.000000,7.329375,7.242819,0.086056,0.050167,0.017208,0.737375,632,8107289,72503,0,2,0,2,0,0,0,0,0,0,5406,0,3510,1896,0
14720,16.441500,16.332851,9.237089,0.000000,7.754083,7.634027,0.119931,0.047792,0.010458,0.632250,639,8107058,70276,0,2,0,2,0,0,0,0,0,0,7208,0,4680,2528,0
14721,16.618125,16.503829,9.469451,0.000000,7.663459,7.582944,0.080432,0.047250,0.016917,0.763291,630,8107303,74579,0,2,0,2,0,0,0,0,0,0,5406,0,3510,1896,0
14722,16.279292,16.178144,8.802405,0.000000,7.912583,7.839944,0.072556,0.038250,0.015958,0.388459,633,8107307,70960,0,2,0,2,0,0,0,0,0,0,5406,0,3510,1896,0
14723,17.080291,16.967803,9.876501,0.000000,7.733375,7.611361,0.121847,0.062792,0.012500,0.773583,640,8107183,76844,0,2,0,2,0,0,0,0,0,0,7208,0,4680,2528,0
14724,16.751834,16.634758,9.718094,0.000000,7.898792,7.891360,0.007348,0.036250,0.015500,0.933208,631,8107123,74565,0,2,0,2,0,0,0,0,0,0,5406,0,3510,1896,0
14725,16.696125,16.584526,9.365055,0.000000,7.837833,7.773985,0.063723,0.060916,0.018917,0.308750,632,8107341,72101,0,2,0,2,0,0,0,0,0,0,5406,0,3510,1896,0
14726,16.622000,16.515157,9.308671,0.000000,7.842666,7.722652,0.119931,0.038583,0.009042,0.937417,638,8107070,71030,0,2,0,2,0,0,0,0,0,0,7208,0,4680,2528,0
14727,16.921875,16.818642,9.794286,0.000000,7.738417,7.738068,0.000224,0.047791,0.008917,0.374708,632,8107228,74515,0,2,0,2,0,0,0,0,0,0,5406,0,3510,1896,0
14728,16.486791,16.365013,9.216073,0.000000,7.761667,7.656860,0.104723,0.047625,0.027709,0.780624,632,8107314,72508,0,2,0,2,0,0,0,0,0,0,5406,0,3510,1896,0
14729,16.535417,16.426256,9.065361,0.000000,7.992249,7.880277,0.111889,0.038250,0.022833,0.634625,641,8107063,69591,0,2,0,2,0,0,0,0,0,0,7208,0,4680,2528,0
14730,16.834250,16.726873,9.469874,0.000000,7.795250,7.720985,0.074223,0.044042,0.042458,0.771625,632,8108889,76305,0,2,0,2,0,0,0,0,0,0,5406,0,3510,1896,0
14731,16.686958,16.577921,9.296791,0.000000,7.884833,7.799235,0.085515,0.051125,0.028875,0.844874,630,8105668,72349,0,2,0,2,0,0,0,0,0,0,5406,0,3510,1896,0
14732,16.581959,16.485386,9.196911,0.000000,7.859875,7.767111,0.092681,0.041708,0.006833,0.465833,639,8107060,70202,0,2,0,2,0,0,0,0,0,0,7208,0,4680,2528,0
14733,16.683583,16.565217,9.323556,0.000000,7.860208,7.794985,0.065098,0.042958,0.010084,0.872584,629,8107305,74669,0,2,0,2,0,0,0,0,0,0,5406,0,3510,1896,0
14734,16.853792,16.737727,10.141299,0.000000,7.870750,7.866527,0.004098,0.063166,0.019000,0.295583,632,8107312,72384,0,2,0,2,0,0,0,0,0,0,5406,0,3510,1896,0
14735,16.502958,16.420953,9.179347,0.000000,7.875500,7.781694,0.093681,0.047333,0.011250,0.928667,639,8113081,70533,0,2,0,2,0,0,0,0,0,0,7208,0,4680,2528,0
14736,16.905333,16.779565,9.565347,0.000000,7.814000,7.806443,0.007432,0.044917,0.014167,0.300375,628,8101389,74352,0,2,0,2,0,0,0,0,0,0,5406,0,3510,1896,0
14737,16.508709,16.390574,9.506248,0.000000,7.679625,7.671152,0.008348,0.054541,0.010834,0.783417,630,8107136,72261,0,2,0,2,0,0,0,0,0,0,5406,0,3510,1896,0
14738,16.698625,16.594107,9.147535,0.000000,8.037957,7.926235,0.111597,0.041833,0.009792,0.608958,641,8107046,70394,0,2,0,2,0,0,0,0,0,0,7208,0,4680,2528,0
14739,16.702291,16.588067,10.164114,0.000000,7.679375,7.679068,0.000182,0.045125,0.012000,0.468833,630,8107299,74608,0,2,0,2,0,0,0,0,0,0,5406,0,3510,1896,0
14740,16.648667,16.538305,9.260823,0.000000,7.979751,7.872277,0.107390,0.044000,0.035458,0.933625,632,8107295,72402,0,2,0,2,0,0,0,0,0,0,5406,0,3510,1896,0
14741,16.657417,16.548811,9.134617,0.000000,7.993876,7.885486,0.108306,0.041208,0.009417,0.464042,640,8107080,70671,0,2,0,2,0,0,0,0,0,0,7208,0,4680,2528,0
14742,16.786375,16.676148,9.378952,0.000000,7.879375,7.801443,0.077848,0.043208,0.016708,0.980083,630,8107375,74119,0,2,0,2,0,0,0,0,0,0,5406,0,3510,1896,0
14743,16.609125,16.498398,9.055105,0.000000,8.034916,7.929027,0.105764,0.051583,0.008917,0.300375,633,8107213,72482,0,2,0,2,0,0,0,0,0,0,5406,0,3510,1896,0
14744,16.815791,16.702163,9.376802,0.000000,7.899375,7.807986,0.091264,0.048584,0.035083,0.842124,639,8107111,72434,0,2,0,2,0,0,0,0,0,0,7208,0,4680,2528,0
14745,16.581500,16.474014,9.160333,0.000000,7.882041,7.801276,0.080640,0.036334,0.009916,0.308625,629,8107268,72428,0,2,0,2,0,0,0,0,0,0,5406,0,3510,1896,0
14746,16.747084,16.638299,9.249086,0.000000,8.004750,7.902652,0.102015,0.045583,0.015125,0.788875,631,8107325,72371,0,2,0,2,0,0,0,0,0,0,5406,0,3510,1896,0
14747,16.565458,16.445360,9.389616,0.000000,7.675542,7.596486,0.078973,0.049417,0.008458,0.824832,639,8107058,72342,0,2,0,2,0,0,0,0,0,0,7208,0,4680,2528,0
14748,16.704042,16.599786,9.099229,0.000000,8.012709,7.936902,0.075723,0.035000,0.037041,0.462166,629,8107293,72570,0,2,0,2,0,0,0,0,0,0,5406,0,3510,1896,0
14749,16.723875,16.608459,9.196310,0.000000,8.023335,7.916236,0.107015,0.048083,0.010792,0.684833,632,8107508,72185,0,2,0,2,0,0,0,0,0,0,6507,0,4099,2408,0
14750,16.699166,16.643703,9.522747,0.000000,7.747418,7.681361,0.065973,0.067292,0.030458,0.480875,640,8122370,73278,0,2,0,2,0,0,0,0,0,0,6107,0,4091,2016,0
14751,16.944125,16.770691,9.324048,0.000000,7.918083,7.843235,0.074723,0.074417,0.024542,0.861834,628,8092039,71813,0,2,0,2,0,0,0,0,0,0,5406,0,3510,1896,0
14752,16.414709,16.329419,9.455434,0.000000,7.520751,7.409986,0.110681,0.041500,0.018125,0.303667,640,8122326,70830,0,2,0,2,0,0,0,0,0,0,7208,0,4680,2528,0
14753,16.594958,16.519511,9.244549,0.000000,7.872583,7.788736,0.083764,0.049375,0.039375,0.821750,631,8107341,74687,0,2,0,2,0,0,0,0,0,0,5406,0,3510,1896,0
14754,16.739083,16.588840,9.079383,0.000000,8.076125,7.997193,0.078890,0.040125,0.014000,0.843084,627,8091767,71741,0,2,0,2,0,0,0,0,0,0,5406,0,3510,1896,0
14755,16.656917,16.535359,9.181993,0.000000,7.975832,7.872568,0.103223,0.049292,0.018916,0.363625,638,8107087,70280,0,2,0,2,0,0,0,0,0,0,7208,0,4680,2528,0
14756,16.671417,16.562275,9.553632,0.000000,7.674000,7.665028,0.008764,0.042500,0.017875,0.774875,631,8107329,74619,0,2,0,2,0,0,0,0,0,0,5406,0,3510,1896,0
14757,16.711583,16.620203,9.108574,0.000000,8.037792,7.961443,0.076265,0.053708,0.011125,0.347333,633,8111797,72429,0,2,0,2,0,0,0,0,0,0,5406,0,3510,1896,0
14758,16.513500,16.389740,8.886693,0.000000,8.079833,7.980068,0.099723,0.053542,0.034208,0.756459,638,8102726,69568,0,2,0,2,0,0,0,0,0,0,7208,0,4680,2528,0
14759,16.691500,16.597224,9.468874,0.000000,7.833666,7.833319,0.000264,0.042208,0.035750,0.473250,632,8110152,76368,0,2,0,2,0,0,0,0,0,0,5406,0,3510,1896,0
14760,16.761208,16.637103,8.987556,0.000000,8.180915,8.108026,0.072806,0.038959,0.020833,0.758916,631,8104280,72306,0,2,0,2,0,0,0,0,0,0,5406,0,3510,1896,0
14761,16.762959,16.656601,8.997633,0.000000,8.208749,8.102902,0.105806,0.042125,0.009875,0.359000,637,8107098,70269,0,2,0,2,0,0,0,0,0,0,7208,0,4680,2528,0
14762,16.701166,16.591305,9.318414,0.000000,7.863084,7.791235,0.071765,0.052667,0.022667,0.769708,632,8107292,74481,0,2,0,2,0,0,0,0,0,0,5406,0,3510,1896,0
14763,16.638167,16.533197,8.952620,0.000000,8.106043,8.024027,0.081932,0.047000,0.009458,0.818791,630,8107268,72533,0,2,0,2,0,0,0,0,0,0,5406,0,3510,1896,0
14764,16.619625,16.509836,8.966732,0.000000,8.083833,7.979777,0.103973,0.041917,0.008958,0.292000,638,8107086,70280,0,2,0,2,0,0,0,0,0,0,7208,0,4680,2528,0
14765,16.776958,16.665245,9.320286,0.000000,7.929625,7.856194,0.073348,0.034750,0.007042,0.716750,632,8107294,74609,0,2,0,2,0,0,0,0,0,0,5406,0,3510,1896,0
14766,16.664917,16.560381,9.098365,0.000000,8.038834,7.969527,0.069265,0.041208,0.012625,0.288542,630,8107311,72383,0,2,0,2,0,0,0,0,0,0,5406,0,3510,1896,0
14767,16.322625,16.209199,8.914581,0.000000,8.099707,8.099290,0.000417,0.039292,0.011333,0.758750,639,8107087,67937,0,2,0,2,0,0,0,0,0,0,7208,0,4680,2528,0
14768,17.135125,17.037783,9.704802,0.000000,7.931459,7.850903,0.080514,0.044542,0.015416,0.302459,632,8107277,79062,0,2,0,2,0,0,0,0,0,0,5406,0,3510,1896,0
14769,16.603417,16.484979,9.034400,0.000000,8.000708,7.923735,0.076890,0.046958,0.010375,0.745708,627,8107301,72424,0,2,0,2,0,0,0,0,0,0,5406,0,3510,1896,0
14770,16.622083,16.521167,9.030022,0.000000,8.087959,7.981610,0.106307,0.037833,0.007750,0.995083,639,8107086,70266,0,2,0,2,0,0,0,0,0,0,7208,0,4680,2528,0
14771,16.728875,16.609813,9.393579,0.000000,7.838458,7.758027,0.080348,0.037208,0.012334,0.444250,630,8107293,74618,0,2,0,2,0,0,0,0,0,0,5406,0,3510,1896,0
14772,16.714250,16.620207,9.140623,0.000000,8.063375,7.981027,0.082265,0.042500,0.009500,0.813042,631,8107306,72329,0,2,0,2,0,0,0,0,0,0,5406,0,3510,1896,0
14773,16.562625,16.440413,9.714094,0.000000,7.990291,7.987610,0.002556,0.041083,0.012542,0.289708,640,8107040,70342,0,2,0,2,0,0,0,0,0,0,7208,0,4680,2528,0
14774,16.799583,16.685310,9.478908,0.000000,7.734583,7.703736,0.030764,0.046042,0.014583,0.723000,652,8106948,74885,0,2,0,2,0,0,0,0,0,0,7441,0,3510,3931,0
14775,16.668375,16.561999,9.059326,0.000000,8.067625,7.986110,0.081432,0.039750,0.035959,0.297667,631,8107309,73091,0,2,0,2,0,0,0,0,0,0,5406,0,3510,1896,0
14776,16.610709,16.504024,9.043802,0.000000,8.060792,7.951110,0.109640,0.043875,0.008208,0.748208,641,8107111,70270,0,2,0,2,0,0,0,0,0,0,7208,0,4680,2528,0
14777,16.674541,16.565680,9.136913,0.000000,8.003417,7.927319,0.076015,0.032167,0.008042,0.425334,631,8107230,74527,0,2,0,2,0,0,0,0,0,0,5406,0,3510,1896,0
14778,17.019334,16.964702,9.981435,0.000000,7.538418,7.476610,0.061724,0.079625,0.015083,0.764959,633,8122729,73109,0,2,0,2,0,0,0,0,0,0,5406,0,3510,1896,0
14779,16.610583,16.439590,9.348614,0.000000,7.823166,7.723360,0.099723,0.049208,0.021209,0.818333,638,8091663,69660,0,2,0,2,0,0,0,0,0,0,7208,0,4680,2528,0
14780,16.624125,16.491564,9.536781,0.000000,7.591583,7.517569,0.073931,0.055833,0.010709,0.460417,630,8107255,74600,0,2,0,2,0,0,0,0,0,0,5406,0,3510,1896,0
14781,16.682667,16.571843,9.330422,0.000000,7.858833,7.768402,0.090306,0.048291,0.013334,0.817458,630,8107276,72396,0,2,0,2,0,0,0,0,0,0,5406,0,3510,1896,0
14782,16.574583,16.454423,9.294329,0.000000,7.775374,7.686610,0.088681,0.048583,0.012459,0.289458,641,8107138,70199,0,2,0,2,0,0,0,0,0,0,7208,0,4680,2528,0
14783,16.679583,16.574328,9.481851,0.000000,7.693292,7.631861,0.061306,0.035709,0.007291,0.834958,630,8107228,74683,0,2,0,2,0,0,0,0,0,0,5406,0,3510,1896,0
14784,16.652500,16.535748,9.174579,0.000000,7.969750,7.875777,0.093890,0.039834,0.016625,0.293750,629,8107269,72423,0,2,0,2,0,0,0,0,0,0,5406,0,3510,1896,0
14785,16.695959,16.581088,9.328958,0.000000,7.842041,7.757610,0.084306,0.044375,0.020833,0.743709,641,8107079,70270,0,2,0,2,0,0,0,0,0,0,7208,0,4680,2528,0
14786,16.634500,16.520664,9.510421,0.000000,7.607917,7.606152,0.001598,0.040083,0.023917,0.729959,629,8107278,74601,0,2,0,2,0,0,0,0,0,0,5406,0,3510,1896,0
14787,16.797541,16.685426,9.179719,0.000000,8.056791,7.972318,0.084390,0.047917,0.032625,0.443625,630,8107304,71634,0,2,0,2,0,0,0,0,0,0,5406,0,3510,1896,0
14788,16.630792,16.540867,9.385543,0.000000,7.756124,7.667402,0.088639,0.049792,0.019916,0.714458,641,8111672,72225,0,2,0,2,0,0,0,0,0,0,7208,0,4680,2528,0
14789,16.754083,16.630016,9.526561,0.000000,7.693417,7.635069,0.058306,0.039500,0.013084,0.443167,631,8102692,74424,0,2,0,2,0,0,0,0,0,0,5406,0,3510,1896,0
14790,16.628042,16.505956,9.184613,0.000000,7.907000,7.809110,0.097848,0.039375,0.011875,0.680625,631,8107256,72397,0,2,0,2,0,0,0,0,0,0,5406,0,3510,1896,0
14791,16.649167,16.542667,9.122207,0.000000,8.002583,7.911527,0.090973,0.036708,0.009042,0.311833,641,8107055,70284,0,2,0,2,0,0,0,0,0,0,7208,0,4680,2528,0
14792,16.730000,16.622390,9.496544,0.000000,7.739292,7.662944,0.076265,0.038416,0.008167,0.946917,631,8107307,74537,0,2,0,2,0,0,0,0,0,0,5406,0,3510,1896,0
14793,16.772208,16.664495,9.332671,0.000000,7.914375,7.834943,0.079348,0.041583,0.009209,0.833875,629,8107274,72480,0,2,0,2,0,0,0,0,0,0,5406,0,3510,1896,0
14794,16.685542,16.564797,9.680275,0.000000,7.520625,7.470694,0.049806,0.047208,0.019208,0.474791,640,8107083,70682,0,2,0,2,0,0,0,0,0,0,7208,0,4680,2528,0
14795,16.518166,16.399351,9.920756,0.000000,7.180585,7.161028,0.019473,0.041334,0.008833,0.728125,631,8107295,74202,0,2,0,2,0,0,0,0,0,0,5406,0,3510,1896,0
14796,17.258750,17.126533,9.766697,0.000000,7.919125,7.834568,0.084474,0.062709,0.013750,0.354500,630,8107304,72389,0,2,0,2,0,0,0,0,0,0,5406,0,3510,1896,0
14797,16.452209,16.330417,10.272163,0.000000,6.810041,6.780943,0.028973,0.070541,0.021875,0.779833,639,8107103,72336,0,2,0,2,0,0,0,0,0,0,7208,0,4680,2528,0
14798,16.547916,16.426958,9.930021,0.000000,7.159250,7.147569,0.011598,0.049792,0.035750,0.489791,630,8107276,72555,0,2,0,2,0,0,0,0,0,0,5406,0,3510,1896,0
14799,16.721167,16.602494,9.933815,0.000000,7.366791,7.316610,0.050056,0.051667,0.012166,0.684541,628,8107296,72376,0,2,0,2,0,0,0,0,0,0,5406,0,3510,1896,0
14800,16.410083,16.279490,10.574345,0.000000,7.144625,7.144194,0.000223,0.037250,0.015709,0.306917,641,8107081,72525,0,2,0,2,0,0,0,0,0,0,7208,0,4680,2528,0
14801,16.889625,16.773129,9.255961,0.000000,8.055333,7.989152,0.066098,0.037875,0.009125,0.760376,629,8107312,72379,0,2,0,2,0,0,0,0,0,0,5406,0,3510,1896,0
14802,16.674084,16.564268,9.773132,0.000000,7.456041,7.402402,0.053556,0.038250,0.009791,0.934459,630,8107401,72009,0,2,0,2,0,0,0,0,0,0,6395,0,3987,2408,0
14803,16.742791,16.630098,10.807056,0.000000,7.245959,7.245652,0.000223,0.033084,0.010458,0.292416,638,8106961,72874,0,2,0,2,0,0,0,0,0,0,6219,0,4203,2016,0
14804,16.616917,16.487165,9.929920,0.000000,7.245749,7.229860,0.015806,0.044083,0.009167,0.926333,631,8107322,72426,0,2,0,2,0,0,0,0,0,0,5406,0,3510,1896,0
14805,16.824292,16.735915,10.061035,0.000000,7.377875,7.320901,0.056765,0.061291,0.021917,0.287625,638,8122639,70922,0,2,0,2,0,0,0,0,0,0,7208,0,4680,2528,0
14806,16.606958,16.447787,10.375245,0.000000,7.071541,7.054485,0.016931,0.051083,0.022375,0.765750,629,8091759,73934,0,2,0,2,0,0,0,0,0,0,5406,0,3510,1896,0
14807,16.643667,16.531122,9.834548,0.000000,7.333500,7.313027,0.020348,0.040750,0.012375,0.416459,632,8107265,72272,0,2,0,2,0,0,0,0,0,0,5406,0,3510,1896,0
14808,16.600416,16.481117,9.794124,0.000000,7.336958,7.281902,0.055015,0.037334,0.011666,0.754042,639,8107086,70444,0,2,0,2,0,0,0,0,0,0,7208,0,4680,2528,0
14809,16.742500,16.625933,9.528760,0.000000,7.723541,7.659110,0.064348,0.049917,0.026333,0.988166,632,8107317,74604,0,2,0,2,0,0,0,0,0,0,5406,0,3510,1896,0
14810,16.736167,16.618408,9.891705,0.000000,7.350166,7.333527,0.016598,0.054958,0.015084,0.449542,632,8107276,72402,0,2,0,2,0,0,0,0,0,0,5406,0,3510,1896,0
14811,17.005250,16.892582,10.117781,0.000000,7.373167,7.328276,0.044807,0.075875,0.012333,0.916084,637,8107112,70280,0,2,0,2,0,0,0,0,0,0,7208,0,4680,2528,0
14812,16.355417,16.239680,10.391379,0.000000,6.656334,6.624402,0.031807,0.041166,0.015542,0.288959,630,8108654,74537,0,2,0,2,0,0,0,0,0,0,5406,0,3510,1896,0
14813,16.706791,16.576704,9.986796,0.000000,7.234500,7.216611,0.017764,0.036917,0.007625,0.934584,630,8105900,72471,0,2,0,2,0,0,0,0,0,0,5406,0,3510,1896,0
14814,16.611542,16.495980,10.066658,0.000000,7.158291,7.104818,0.053348,0.048042,0.019875,0.290250,637,8107077,70273,0,2,0,2,0,0,0,0,0,0,7208,0,4680,2528,0
14815,16.702583,16.579692,10.284331,0.000000,7.002042,6.983235,0.018682,0.039625,0.014334,0.751958,632,8107294,74609,0,2,0,2,0,0,0,0,0,0,5406,0,3510,1896,0
14816,16.412625,16.299950,9.219929,0.000000,7.709083,7.636485,0.072514,0.040875,0.016209,0.408667,631,8107309,71688,0,2,0,2,0,0,0,0,0,0,5406,0,3510,1896,0
14817,16.895250,16.809133,9.928536,0.000000,7.989959,7.976027,0.013807,0.046834,0.034791,0.933708,640,8112908,72075,0,2,0,2,0,0,0,0,0,0,7208,0,4680,2528,0
14818,16.759167,16.613297,10.108831,0.000000,7.182582,7.166568,0.015931,0.042292,0.010000,0.835500,628,8101474,74508,0,2,0,2,0,0,0,0,0,0,5406,0,3510,1896,0
14819,16.684792,16.571300,9.903755,0.000000,7.297708,7.282444,0.015139,0.041125,0.016208,0.451291,630,8107293,72411,0,2,0,2,0,0,0,0,0,0,5406,0,3510,1896,0
14820,16.656500,16.533333,9.774489,0.000000,7.398708,7.340610,0.058015,0.036333,0.009750,0.825749,639,8107086,70269,0,2,0,2,0,0,0,0,0,0,7208,0,4680,2528,0
14821,16.664958,16.550791,10.033194,0.000000,7.202917,7.186569,0.016265,0.038292,0.009458,0.302959,628,8107314,74587,0,2,0,2,0,0,0,0,0,0,5406,0,3510,1896,0
14822,16.527833,16.402834,9.823834,0.000000,7.360168,7.359778,0.000306,0.043917,0.014208,0.950167,631,8107313,72291,0,2,0,2,0,0,0,0,0,0,5406,0,3510,1896,0
14823,16.859917,16.742157,9.590158,0.000000,7.785416,7.705276,0.080015,0.042750,0.009375,0.309750,638,8107042,70048,0,2,0,2,0,0,0,0,0,0,7208,0,4680,2528,0
14824,16.553042,16.425592,10.149447,0.000000,7.025040,6.996693,0.028264,0.040375,0.011916,0.793542,631,8107319,75280,0,2,0,2,0,0,0,0,0,0,5406,0,3510,1896,0
14825,16.919541,16.813785,9.311440,0.000000,8.031959,7.963986,0.067806,0.046959,0.019708,0.776376,632,8107275,72411,0,2,0,2,0,0,0,0,0,0,5406,0,3510,1896,0
14826,16.616000,16.506162,9.954293,0.000000,7.243124,7.192360,0.050681,0.041042,0.022375,0.462166,639,8107062,70258,0,2,0,2,0,0,0,0,0,0,7208,0,4680,2528,0
14827,16.597875,16.474082,10.158669,0.000000,7.034209,7.016111,0.017973,0.044125,0.014167,0.677209,630,8107278,74509,0,2,0,2,0,0,0,0,0,0,5406,0,3510,1896,0
14828,16.772167,16.653720,10.073650,0.000000,7.262417,7.243653,0.018681,0.049333,0.012334,0.462958,631,8107300,72501,0,2,0,2,0,0,0,0,0,0,5406,0,3510,1896,0
14829,16.508125,16.384126,9.919360,0.000000,7.195541,7.123776,0.071723,0.036917,0.012916,0.821667,640,8107041,70294,0,2,0,2,0,0,0,0,0,0,7208,0,4680,2528,0
14830,16.864375,16.751300,9.500746,0.000000,7.841250,7.765486,0.075723,0.038875,0.015958,0.314125,630,8107306,74596,0,2,0,2,0,0,0,0,0,0,5406,0,3510,1896,0
14831,16.630500,16.515385,9.785980,0.000000,7.374666,7.344861,0.029764,0.037042,0.012666,0.796958,631,8107289,72402,0,2,0,2,0,0,0,0,0,0,5406,0,3510,1896,0
14832,16.580000,16.468413,10.556585,0.000000,7.321249,7.320943,0.000223,0.039250,0.008292,0.834251,639,8107085,70217,0,2,0,2,0,0,0,0,0,0,7208,0,4680,2528,0
14833,16.731875,16.600497,10.025985,0.000000,7.276999,7.247735,0.029139,0.042833,0.016417,0.448958,630,8107274,74671,0,2,0,2,0,0,0,0,0,0,5406,0,3510,1896,0
14834,16.717917,16.597873,9.905506,0.000000,7.459375,7.459069,0.000181,0.032083,0.013333,0.849708,633,8107278,72402,0,2,0,2,0,0,0,0,0,0,5406,0,3510,1896,0
14835,16.440916,16.328868,9.536864,0.000000,7.468624,7.411568,0.056973,0.037917,0.018208,0.445792,639,8107056,70280,0,2,0,2,0,0,0,0,0,0,7208,0,4680,2528,0
14836,16.970542,16.860684,10.131732,0.000000,7.940750,7.922152,0.018515,0.039958,0.021084,0.615375,629,8107332,74577,0,2,0,2,0,0,0,0,0,0,5406,0,3510,1896,0
14837,16.622125,16.507905,9.779785,0.000000,7.433000,7.376611,0.056264,0.041375,0.008208,0.458584,631,8107260,72305,0,2,0,2,0,0,0,0,0,0,5406,0,3510,1896,0
14838,16.830667,16.705920,10.851330,0.000000,6.589541,6.545068,0.044390,0.059458,0.020750,0.617250,640,8107065,70395,0,2,0,2,0,0,0,0,0,0,7208,0,4680,2528,0
14839,16.587625,16.471389,10.225446,0.000000,6.994792,6.983569,0.011098,0.047583,0.020583,0.836333,631,8107289,74609,0,2,0,2,0,0,0,0,0,0,5406,0,3510,1896,0
14840,16.746416,16.625898,9.934601,0.000000,7.326374,7.272902,0.053389,0.048042,0.010500,0.472750,629,8107275,72409,0,2,0,2,0,0,0,0,0,0,5406,0,3510,1896,0
14841,16.629834,16.516132,9.905251,0.000000,7.314167,7.257027,0.057015,0.044583,0.024417,0.759208,639,8109880,70381,0,2,0,2,0,0,0,0,0,0,7208,0,4680,2528,0
14842,16.940833,16.806006,10.355216,0.000000,6.683917,6.609861,0.073973,0.063417,0.017083,0.319333,631,8104500,74417,0,2,0,2,0,0,0,0,0,0,5406,0,3510,1896,0
14843,16.534667,16.417794,10.033632,0.000000,7.101459,7.025361,0.075890,0.044291,0.011917,0.933416,630,8107257,72477,0,2,0,2,0,0,0,0,0,0,5406,0,3510,1896,0
14844,16.527458,16.413267,10.076835,0.000000,7.046250,6.988943,0.057223,0.041083,0.021750,0.313916,639,8107139,70282,0,2,0,2,0,0,0,0,0,0,7208,0,4680,2528,0
14845,16.577417,16.447494,10.103035,0.000000,7.055334,7.026277,0.028932,0.039958,0.018833,0.757667,632,8107224,73913,0,2,0,2,0,0,0,0,0,0,5406,0,3510,1896,0
14846,16.655166,16.570129,9.443330,0.000000,7.781000,7.682194,0.098723,0.036875,0.022875,0.410041,630,8114508,74348,0,2,0,2,0,0,0,0,0,0,5406,0,3510,1896,0
14847,17.051084,16.918072,9.538322,0.000000,7.965291,7.886277,0.078806,0.049125,0.028333,0.746792,637,8099861,70282,0,2,0,2,0,0,0,0,0,0,7208,0,4680,2528,0
14848,16.632375,16.508163,10.483638,0.000000,6.783292,6.754652,0.028557,0.062541,0.012167,0.927916,631,8107310,74291,0,2,0,2,0,0,0,0,0,0,5406,0,3510,1896,0
14849,16.545750,16.418491,10.124504,0.000000,7.053584,6.988319,0.065181,0.038666,0.018792,0.449791,631,8107287,72450,0,2,0,2,0,0,0,0,0,0,5406,0,3510,1896,0
14850,16.981458,16.859759,10.157546,0.000000,7.365376,7.292152,0.072807,0.076042,0.019375,0.759250,639,8107071,72424,0,2,0,2,0,0,0,0,0,0,7208,0,4680,2528,0
14851,16.694125,16.622041,10.981236,0.000000,6.937376,6.936944,0.000348,0.052042,0.034291,0.289500,632,8118955,72940,0,2,0,2,0,0,0,0,0,0,5406,0,3510,1896,0
14852,16.558833,16.392116,10.210040,0.000000,7.016292,6.965569,0.050640,0.045959,0.013750,0.747125,630,8095721,71850,0,2,0,2,0,0,0,0,0,0,5406,0,3510,1896,0
14853,16.627959,16.506289,10.470504,0.000000,6.895251,6.870235,0.024932,0.034875,0.013375,0.444375,639,8107041,72541,0,2,0,2,0,0,0,0,0,0,7208,0,4680,2528,0
14854,16.595750,16.475870,9.995289,0.000000,7.258043,7.227236,0.030723,0.034083,0.018333,0.658626,632,8107259,72399,0,2,0,2,0,0,0,0,0,0,5406,0,3510,1896,0
14855,16.694375,16.569210,9.993959,0.000000,7.355041,7.296860,0.058098,0.032625,0.008250,0.715084,629,8107251,72052,0,2,0,2,0,0,0,0,0,0,6451,0,4043,2408,0
14856,16.869625,16.753326,10.425408,0.000000,7.096876,7.088485,0.008224,0.044541,0.016375,0.449208,638,8107137,72837,0,2,0,2,0,0,0,0,0,0,6163,0,4147,2016,0
14857,16.504833,16.378000,10.238621,0.000000,6.976418,6.953152,0.023182,0.027500,0.017500,0.706584,632,8107277,72274,0,2,0,2,0,0,0,0,0,0,5406,0,3510,1896,0
14858,16.778167,16.599786,10.101290,0.000000,7.297792,7.238986,0.058681,0.023625,0.015625,0.449709,636,8107432,70463,0,2,0,2,0,0,0,0,0,0,7208,0,4680,2528,0
14859,16.534333,16.406079,11.181537,0.000000,6.955959,6.955485,0.000349,0.025833,0.009000,0.700332,631,8091529,73889,0,2,0,2,0,0,0,0,0,0,5406,0,3510,1896,0
14860,16.615542,16.543255,9.953310,0.000000,7.333166,7.306027,0.027056,0.027250,0.008583,0.445042,631,8118137,72863,0,2,0,2,0,0,0,0,0,0,5406,0,3510,1896,0
14861,16.693166,16.596117,9.772913,0.000000,7.557001,7.500527,0.056390,0.025125,0.015750,0.905917,638,8111670,70484,0,2,0,2,0,0,0,0,0,0,7208,0,4680,2528,0
14862,16.723542,16.534051,10.120798,0.000000,7.179750,7.150235,0.029432,0.022458,0.007292,0.442500,628,8091861,73849,0,2,0,2,0,0,0,0,0,0,5406,0,3510,1896,0
14863,16.664542,16.539687,10.126953,0.000000,7.172416,7.171902,0.000431,0.026333,0.008167,0.833375,631,8107302,72499,0,2,0,2,0,0,0,0,0,0,5406,0,3510,1896,0
14864,16.619333,16.496338,10.002964,0.000000,7.298167,7.236653,0.061431,0.026542,0.007583,0.811584,639,8107076,70323,0,2,0,2,0,0,0,0,0,0,7208,0,4680,2528,0
14865,16.830625,16.771924,10.580034,0.000000,7.001249,7.000901,0.000265,0.031333,0.011500,0.445458,631,8122751,75217,0,2,0,2,0,0,0,0,0,0,5406,0,3510,1896,0
14866,16.346250,16.222800,9.697172,0.000000,7.327333,7.300999,0.026334,0.041667,0.016708,0.648833,630,8107283,70182,0,2,0,2,0,0,0,0,0,0,5406,0,3510,1896,0
14867,16.947250,16.758531,10.550376,0.000000,7.036000,7.008653,0.027264,0.025333,0.007584,0.442500,639,8091637,73845,0,2,0,2,0,0,0,0,0,0,7208,0,4680,2528,0
14868,16.659208,16.605876,10.353709,0.000000,7.076874,7.045735,0.031056,0.026417,0.012750,0.810542,631,8122731,75365,0,2,0,2,0,0,0,0,0,0,5406,0,3510,1896,0
14869,16.642042,16.516847,10.086426,0.000000,7.188042,7.187611,0.000348,0.022750,0.014958,0.442500,631,8107300,72409,0,2,0,2,0,0,0,0,0,0,5406,0,3510,1896,0
14870,16.670167,16.548681,9.988511,0.000000,7.352708,7.291485,0.061139,0.024875,0.017083,0.762083,638,8107109,70261,0,2,0,2,0,0,0,0,0,0,7208,0,4680,2528,0
14871,16.917125,16.795579,10.174160,0.000000,7.332875,7.302694,0.030056,0.046291,0.018209,0.751916,631,8107300,74618,0,2,0,2,0,0,0,0,0,0,5406,0,3510,1896,0
14872,16.547041,16.420905,10.188169,0.000000,7.054584,7.028194,0.026265,0.023584,0.015708,0.449917,631,8107259,71969,0,2,0,2,0,0,0,0,0,0,5406,0,3510,1896,0
14873,16.675459,16.559717,10.396457,0.000000,7.294250,7.293985,0.000140,0.032625,0.009208,0.807500,638,8107126,71013,0,2,0,2,0,0,0,0,0,0,7208,0,4680,2528,0
14874,16.514875,16.325632,9.940758,0.000000,7.178958,7.149402,0.029431,0.023416,0.007584,0.445792,629,8091839,73260,0,2,0,2,0,0,0,0,0,0,5406,0,3510,1896,0
14875,17.030958,17.011584,10.505617,0.000000,7.270875,7.236611,0.034181,0.064083,0.022667,0.653042,633,8131367,75083,0,2,0,2,0,0,0,0,0,0,5406,0,3510,1896,0
14876,16.590583,16.492039,9.821537,0.000000,7.444292,7.357819,0.086264,0.087542,0.020417,0.444041,640,8113888,70577,0,2,0,2,0,0,0,0,0,0,7208,0,4680,2528,0
14877,16.651709,16.499979,9.851828,0.000000,7.416583,7.339902,0.076598,0.062291,0.023459,0.648043,631,8096414,74062,0,2,0,2,0,0,0,0,0,0,5406,0,3510,1896,0
14878,16.722291,16.594140,9.392944,0.000000,7.793166,7.750985,0.042098,0.047792,0.028167,0.889417,630,8102751,72300,0,2,0,2,0,0,0,0,0,0,5406,0,3510,1896,0
14879,16.613375,16.509896,9.345844,0.000000,7.862791,7.763069,0.099639,0.039209,0.027375,0.449125,640,8107056,70272,0,2,0,2,0,0,0,0,0,0,7208,0,4680,2528,0
14880,16.718167,16.522586,10.196626,0.000000,7.129833,7.104527,0.025181,0.024250,0.008000,0.810000,627,8091809,73946,0,2,0,2,0,0,0,0,0,0,5406,0,3510,1896,0
14881,16.682583,16.628539,10.322581,0.000000,7.115209,7.092152,0.022932,0.022875,0.018875,0.446166,651,8122424,73707,0,2,0,2,0,0,0,0,0,0,7441,0,3510,3931,0
14882,16.556125,16.434701,9.955008,0.000000,7.291751,7.223569,0.068098,0.028834,0.011250,0.802417,641,8107121,70186,0,2,0,2,0,0,0,0,0,0,7208,0,4680,2528,0
14883,16.722584,16.601623,10.149971,0.000000,7.233999,7.204818,0.029098,0.022916,0.016125,0.454250,632,8107199,74696,0,2,0,2,0,0,0,0,0,0,5406,0,3510,1896,0
14884,16.817541,16.694920,10.198460,0.000000,7.242958,7.238860,0.004015,0.041542,0.012125,0.580959,631,8107321,72403,0,2,0,2,0,0,0,0,0,0,5406,0,3510,1896,0
14885,16.910542,16.784630,10.594798,0.000000,6.942500,6.886194,0.056181,0.041500,0.011500,0.309333,640,8107068,70279,0,2,0,2,0,0,0,0,0,0,7208,0,4680,2528,0
14886,16.556958,16.430964,10.575913,0.000000,6.678667,6.650860,0.027682,0.047084,0.018750,0.833959,631,8107249,74593,0,2,0,2,0,0,0,0,0,0,5406,0,3510,1896,0
14887,16.825459,16.717864,10.263656,0.000000,7.164500,7.110527,0.053848,0.046916,0.012542,0.752833,632,8107330,72335,0,2,0,2,0,0,0,0,0,0,5406,0,3510,1896,0
14888,16.413958,16.275553,10.216531,0.000000,6.843917,6.785486,0.058348,0.042000,0.026458,0.452917,639,8107018,70362,0,2,0,2,0,0,0,0,0,0,7208,0,4680,2528,0
14889,16.594083,16.481163,9.655278,0.000000,7.492542,7.414985,0.077473,0.038584,0.008916,0.807333,631,8107306,74591,0,2,0,2,0,0,0,0,0,0,5406,0,3510,1896,0
14890,16.563292,16.455879,9.017591,0.000000,8.044374,7.938527,0.105764,0.046917,0.023541,0.293375,629,8107284,72416,0,2,0,2,0,0,0,0,0,0,5406,0,3510,1896,0
14891,16.787208,16.675786,9.209588,0.000000,8.050166,7.937069,0.112972,0.051000,0.023459,0.923167,640,8107086,70272,0,2,0,2,0,0,0,0,0,0,7208,0,4680,2528,0
14892,16.727209,16.615222,9.599701,0.000000,7.607875,7.527110,0.080640,0.038083,0.011625,0.286958,632,8107271,74554,0,2,0,2,0,0,0,0,0,0,5406,0,3510,1896,0
14893,16.578041,16.470569,9.168624,0.000000,7.934418,7.801361,0.132973,0.037334,0.016666,0.759792,631,8107307,72462,0,2,0,2,0,0,0,0,0,0,5406,0,3510,1896,0
14894,16.599500,16.494831,8.906679,0.000000,8.140749,8.009402,0.131264,0.036167,0.014042,0.393375,642,8108245,70306,0,2,0,2,0,0,0,0,0,0,7208,0,4680,2528,0
14895,16.810667,16.696174,9.299475,0.000000,7.960750,7.876610,0.084099,0.037000,0.007917,0.980709,630,8106090,74574,0,2,0,2,0,0,0,0,0,0,5406,0,3510,1896,0
14896,16.626125,16.511110,9.243987,0.000000,7.854584,7.727277,0.127223,0.040000,0.011458,0.927874,629,8107274,72378,0,2,0,2,0,0,0,0,0,0,5406,0,3510,1896,0
14897,16.705625,16.643086,9.012718,0.000000,8.133334,8.019903,0.113306,0.071250,0.031750,0.454458,642,8122499,70780,0,2,0,2,0,0,0,0,0,0,7208,0,4680,2528,0
14898,16.790042,16.632753,9.963221,0.000000,7.302709,7.218277,0.084349,0.047750,0.009958,0.618417,628,8091864,74125,0,2,0,2,0,0,0,0,0,0,5406,0,3510,1896,0
14899,16.546625,16.438870,9.150425,0.000000,7.916043,7.835861,0.080057,0.044916,0.010417,0.292584,631,8107312,72402,0,2,0,2,0,0,0,0,0,0,5406,0,3510,1896,0
14900,16.667000,16.551031,9.043243,0.000000,8.110291,7.998235,0.112014,0.035708,0.009292,0.934542,640,8107055,70684,0,2,0,2,0,0,0,0,0,0,7208,0,4680,2528,0
14901,16.609875,16.509182,9.185972,0.000000,7.938333,7.890610,0.047640,0.036583,0.017083,0.289042,630,8107309,74196,0,2,0,2,0,0,0,0,0,0,5406,0,3510,1896,0
14902,16.709208,16.604198,9.062375,0.000000,8.125292,8.094319,0.030890,0.035125,0.009208,0.752459,630,8107305,72174,0,2,0,2,0,0,0,0,0,0,5406,0,3510,1896,0
14903,17.004042,16.927300,9.553837,0.000000,7.915083,7.867194,0.047764,0.066958,0.013875,0.633667,637,8107063,71996,0,2,0,2,0,0,0,0,0,0,7208,0,4680,2528,0
14904,16.600000,16.510244,9.766975,0.000000,7.300251,7.249860,0.050182,0.098666,0.013584,0.326792,630,8122773,74744,0,2,0,2,0,0,0,0,0,0,5406,0,3510,1896,0
14905,16.875625,16.768970,10.000887,0.000000,7.410917,7.366902,0.043848,0.095750,0.014291,0.604750,630,8107293,72416,0,2,0,2,0,0,0,0,0,0,5406,0,3510,1896,0
14906,16.458791,16.275537,9.971688,0.000000,7.076000,7.054028,0.021722,0.075750,0.013125,0.291167,637,8091627,71847,0,2,0,2,0,0,0,0,0,0,7208,0,4680,2528,0
14907,18.506250,18.439448,11.441441,0.000000,7.417583,7.369443,0.047390,0.108625,0.017292,0.942416,633,8122727,72637,0,2,0,2,0,0,0,0,0,0,5406,0,3510,1896,0
14908,14.748542,14.583244,8.941744,0.000000,5.909291,5.800610,0.108598,0.038333,0.033250,0.289458,632,8091846,72065,0,2,0,2,0,0,0,0,0,0,7004,0,4536,2468,0
14909,16.589708,16.481556,9.589167,0.000000,7.797791,7.797485,0.000098,0.052875,0.036917,0.969166,635,8107135,72890,0,2,0,2,0,0,0,0,0,0,5610,0,3654,1956,0
14910,16.975209,16.875479,9.376462,0.000000,8.054416,7.957360,0.096806,0.070958,0.017417,0.625834,631,8107244,72401,0,2,0,2,0,0,0,0,0,0,5406,0,3510,1896,0
14911,16.456875,16.300089,9.484262,0.000000,7.595500,7.595236,0.000181,0.046500,0.009500,0.408167,638,8107196,70320,0,2,0,2,0,0,0,0,0,0,7208,0,4680,2528,0
14912,16.663500,16.594118,9.244049,0.000000,7.930208,7.836902,0.093181,0.044125,0.009208,1.264834,633,8107175,74562,0,2,0,2,0,0,0,0,0,0,5406,0,3510,1896,0
14913,16.826541,16.724932,9.152662,0.000000,8.139458,8.058652,0.080681,0.059084,0.013166,0.631083,630,8107298,72435,0,2,0,2,0,0,0,0,0,0,5406,0,3510,1896,0
14914,16.598875,16.483056,9.218466,0.000000,7.882125,7.823277,0.058765,0.050584,0.013625,0.801750,639,8107081,70313,0,2,0,2,0,0,0,0,0,0,7208,0,4680,2528,0
14915,16.628625,16.523900,9.634908,0.000000,7.718709,7.718361,0.000264,0.042042,0.010083,0.609542,630,8107297,74605,0,2,0,2,0,0,0,0,0,0,5406,0,3510,1896,0
14916,16.828417,16.717155,9.322276,0.000000,7.824167,7.779860,0.044223,0.060417,0.034833,0.601250,631,8107294,72412,0,2,0,2,0,0,0,0,0,0,5406,0,3510,1896,0
14917,16.502500,16.398481,9.349711,0.000000,7.867333,7.858068,0.009181,0.038750,0.009750,0.303833,639,8107087,70185,0,2,0,2,0,0,0,0,0,0,7208,0,4680,2528,0
14918,16.762000,16.653831,9.419376,0.000000,7.872292,7.783527,0.088598,0.044042,0.014833,0.950541,631,8107326,74712,0,2,0,2,0,0,0,0,0,0,5406,0,3510,1896,0
14919,16.632583,16.521898,9.067923,0.000000,7.983624,7.897818,0.085681,0.045084,0.039333,1.092709,629,8107264,72423,0,2,0,2,0,0,0,0,0,0,5406,0,3510,1896,0
14920,16.642125,16.531211,9.032599,0.000000,8.086000,7.976361,0.109556,0.036209,0.008208,0.608000,639,8107111,70314,0,2,0,2,0,0,0,0,0,0,7208,0,4680,2528,0
14921,16.679834,16.575972,9.156761,0.000000,7.972709,7.884028,0.088598,0.046791,0.011334,0.947916,631,8107274,74189,0,2,0,2,0,0,0,0,0,0,5406,0,3510,1896,0
14922,16.797541,16.689994,9.369417,0.000000,7.913624,7.841901,0.071640,0.051250,0.024584,0.306875,630,8107321,73027,0,2,0,2,0,0,0,0,0,0,5406,0,3510,1896,0
14923,16.622625,16.517615,9.189746,0.000000,7.910208,7.806860,0.103223,0.040084,0.021500,0.748666,639,8109668,70522,0,2,0,2,0,0,0,0,0,0,7208,0,4680,2528,0
14924,16.720375,16.597054,9.402752,0.000000,7.814875,7.746944,0.067848,0.039167,0.012417,0.291417,630,8104684,74481,0,2,0,2,0,0,0,0,0,0,5406,0,3510,1896,0
14925,16.838375,16.739874,9.430923,0.000000,7.874250,7.808652,0.065515,0.046292,0.011083,0.764041,630,8107310,72430,0,2,0,2,0,0,0,0,0,0,5406,0,3510,1896,0
14926,16.447917,16.327353,9.178582,0.000000,7.774626,7.673402,0.101140,0.041625,0.024875,1.078543,639,8107079,70296,0,2,0,2,0,0,0,0,0,0,7208,0,4680,2528,0
14927,16.699083,16.568079,9.268031,0.000000,7.889250,7.817069,0.072015,0.031250,0.013542,0.608167,632,8107284,74538,0,2,0,2,0,0,0,0,0,0,5406,0,3510,1896,0
14928,16.717709,16.658413,9.445522,0.000000,7.856375,7.855735,0.000432,0.051458,0.014250,0.926625,631,8114581,72786,0,2,0,2,0,0,0,0,0,0,5406,0,3510,1896,0
14929,16.549750,16.411274,9.533784,0.000000,7.894124,7.872610,0.021431,0.044416,0.021917,0.289709,638,8099818,70005,0,2,0,2,0,0,0,0,0,0,7208,0,4680,2528,0
14930,17.011625,16.900092,9.570176,0.000000,7.879125,7.832652,0.046390,0.039666,0.010375,1.252292,632,8107327,74586,0,2,0,2,0,0,0,0,0,0,5406,0,3510,1896,0
14931,16.957625,16.833215,10.103087,0.000000,7.292250,7.256777,0.035390,0.071500,0.014625,0.287083,631,8107275,72424,0,2,0,2,0,0,0,0,0,0,5406,0,3510,1896,0
14932,16.254916,16.187491,9.979041,0.000000,6.959499,6.905818,0.053598,0.082750,0.019792,0.780500,641,8122561,70201,0,2,0,2,0,0,0,0,0,0,7208,0,4680,2528,0
14933,16.741500,16.556552,10.844838,0.000000,6.920708,6.920402,0.000181,0.041250,0.012959,1.071500,629,8091787,75694,0,2,0,2,0,0,0,0,0,0,5406,0,3510,1896,0
14934,16.931792,16.813174,10.247070,0.000000,7.235583,7.205985,0.029515,0.046667,0.015958,0.447583,628,8107291,72401,0,2,0,2,0,0,0,0,0,0,5406,0,3510,1896,0
14935,16.432542,16.313879,9.890723,0.000000,7.161958,7.107027,0.054848,0.049583,0.028958,1.077167,642,8107021,70314,0,2,0,2,0,0,0,0,0,0,7208,0,4680,2528,0
14936,16.751166,16.637272,10.394380,0.000000,7.154876,7.151986,0.002765,0.040625,0.026042,0.613792,631,8107299,74601,0,2,0,2,0,0,0,0,0,0,5406,0,3510,1896,0
14937,16.668875,16.549176,10.064948,0.000000,7.198209,7.174277,0.023849,0.038709,0.026125,1.108667,632,8107307,72318,0,2,0,2,0,0,0,0,0,0,5406,0,3510,1896,0
14938,16.603167,16.473812,10.050906,0.000000,7.142082,7.082693,0.059264,0.040542,0.021041,0.287708,640,8107028,70393,0,2,0,2,0,0,0,0,0,0,7208,0,4680,2528,0
14939,16.799500,16.690001,10.126926,0.000000,7.216501,7.197111,0.019306,0.042917,0.010416,1.238084,632,8107298,74606,0,2,0,2,0,0,0,0,0,0,5406,0,3510,1896,0
14940,16.586250,16.449656,10.346316,0.000000,7.215916,7.215526,0.000348,0.044792,0.011375,0.290333,631,8107293,72415,0,2,0,2,0,0,0,0,0,0,5406,0,3510,1896,0
14941,16.579917,16.457334,9.750292,0.000000,7.379707,7.330193,0.049389,0.037000,0.018291,0.778667,638,8107056,70303,0,2,0,2,0,0,0,0,0,0,7208,0,4680,2528,0
14942,16.814166,16.696740,10.087877,0.000000,7.294167,7.272861,0.021223,0.036917,0.010875,0.913500,632,8107316,74560,0,2,0,2,0,0,0,0,0,0,5406,0,3510,1896,0
14943,16.639542,16.517583,9.821017,0.000000,7.379084,7.324027,0.054932,0.041417,0.007916,0.497792,628,8107324,72461,0,2,0,2,0,0,0,0,0,0,5406,0,3510,1896,0
14944,16.739417,16.621473,9.878155,0.000000,7.405500,7.360069,0.045306,0.052083,0.019333,0.756833,640,8106996,70298,0,2,0,2,0,0,0,0,0,0,7208,0,4680,2528,0
14945,16.617708,16.491641,10.019251,0.000000,7.137624,7.111610,0.025889,0.036625,0.019333,0.521084,632,8107336,74602,0,2,0,2,0,0,0,0,0,0,5406,0,3510,1896,0
14946,16.794792,16.669330,10.214485,0.000000,7.406959,7.406610,0.000265,0.047291,0.012334,0.774542,630,8107295,72357,0,2,0,2,0,0,0,0,0,0,5406,0,3510,1896,0
14947,19.346791,19.235995,12.618365,0.000000,5.957333,5.937985,0.019265,0.125959,0.031500,0.614833,639,8107052,70245,0,2,0,2,0,0,0,0,0,0,7208,0,4680,2528,0
14948,15.416334,15.208508,13.790348,0.000000,1.138958,1.135361,0.000139,0.113458,0.018250,0.330166,631,8107246,74717,0,2,0,2,0,0,0,0,0,0,5406,0,3510,1896,0
14949,15.703083,15.594053,10.775393,0.000000,4.775167,4.774611,0.000181,0.071083,0.035959,0.960042,633,8122746,73052,0,2,0,2,0,0,0,0,0,0,5406,0,3510,1896,0
14950,16.407917,16.212758,10.803665,0.000000,6.317417,6.303360,0.013932,0.046708,0.012125,0.626250,637,8091595,69663,0,2,0,2,0,0,0,0,0,0,7208,0,4680,2528,0
14951,16.585833,16.454648,10.995729,0.000000,6.300751,6.300278,0.000348,0.042750,0.021375,0.962583,631,8107298,74607,0,2,0,2,0,0,0,0,0,0,5406,0,3510,1896,0
14952,16.835250,16.724499,10.772459,0.000000,6.793999,6.793693,0.000223,0.060042,0.024500,0.298333,631,8111312,72543,0,2,0,2,0,0,0,0,0,0,5406,0,3510,1896,0
14953,16.557458,16.415838,10.693797,0.000000,6.622126,6.621694,0.000307,0.043084,0.017375,0.792126,638,8103086,70589,0,2,0,2,0,0,0,0,0,0,7208,0,4680,2528,0
14954,16.753792,16.627286,10.913253,0.000000,6.507625,6.507152,0.000348,0.039250,0.010833,0.489542,633,8107291,74171,0,2,0,2,0,0,0,0,0,0,5406,0,3510,1896,0
14955,16.737000,16.613629,10.887000,0.000000,6.532792,6.522694,0.009973,0.037333,0.020125,0.831043,631,8107283,72428,0,2,0,2,0,0,0,0,0,0,5406,0,3510,1896,0
14956,16.653917,16.522295,10.933085,0.000000,6.433667,6.425902,0.007681,0.044625,0.021833,0.294916,637,8107105,72462,0,2,0,2,0,0,0,0,0,0,7208,0,4680,2528,0
14957,17.328750,17.237525,11.238642,0.000000,6.691999,6.691652,0.000264,0.070083,0.008958,1.311834,632,8115695,72666,0,2,0,2,0,0,0,0,0,0,5406,0,3510,1896,0
14958,16.079083,15.910628,10.708116,0.000000,5.862708,5.854943,0.007640,0.060708,0.014417,0.762334,627,8098880,72179,0,2,0,2,0,0,0,0,0,0,5406,0,3510,1896,0
14959,16.687417,16.560659,10.943489,0.000000,6.461458,6.448111,0.013181,0.057500,0.024333,0.643083,640,8107088,72509,0,2,0,2,0,0,0,0,0,0,7208,0,4680,2528,0
14960,16.614625,16.489154,11.727238,0.000000,6.474750,6.474319,0.000306,0.049625,0.016375,0.970042,632,8107305,72411,0,2,0,2,0,0,0,0,0,0,5406,0,3510,1896,0
14961,16.590750,16.464036,10.509203,0.000000,6.714292,6.706151,0.008057,0.042708,0.010917,0.304167,633,8107366,71312,0,2,0,2,0,0,0,0,0,0,6944,0,4536,2408,0
14962,16.830625,16.700530,11.708216,0.000000,6.286000,6.285527,0.000390,0.051833,0.013167,0.774750,638,8106994,74485,0,2,0,2,0,0,0,0,0,0,5670,0,3654,2016,0
14963,16.594916,16.467052,10.731055,0.000000,6.541208,6.540694,0.000389,0.042834,0.019583,0.315167,630,8107321,72523,0,2,0,2,0,0,0,0,0,0,5406,0,3510,1896,0
14964,16.678875,16.595004,10.605578,0.000000,6.746541,6.740318,0.006140,0.072167,0.012125,0.787749,642,8122664,70954,0,2,0,2,0,0,0,0,0,0,7208,0,4680,2528,0
14965,16.419167,16.251122,10.493862,0.000000,6.483041,6.482568,0.000306,0.049333,0.012917,0.903500,629,8091698,71744,0,2,0,2,0,0,0,0,0,0,5406,0,3510,1896,0
14966,16.921625,16.795250,11.018245,0.000000,6.579625,6.579277,0.000223,0.058292,0.019125,0.561084,632,8107326,76713,0,2,0,2,0,0,0,0,0,0,5406,0,3510,1896,0
14967,16.856000,16.724423,10.722120,0.000000,6.755459,6.740943,0.014432,0.055042,0.019000,1.117082,638,8107060,70234,0,2,0,2,0,0,0,0,0,0,7208,0,4680,2528,0
14968,16.592542,16.459318,10.991937,0.000000,6.318999,6.318652,0.000264,0.044416,0.011292,0.445542,631,8107300,74703,0,2,0,2,0,0,0,0,0,0,5406,0,3510,1896,0
14969,16.577416,16.452741,10.564923,0.000000,6.665208,6.664736,0.000347,0.044000,0.010084,0.918334,631,8107296,72421,0,2,0,2,0,0,0,0,0,0,5406,0,3510,1896,0
14970,16.774250,16.650368,10.676666,0.000000,6.793501,6.777027,0.016390,0.038709,0.019875,0.289167,636,8107125,69950,0,2,0,2,0,0,0,0,0,0,7208,0,4680,2528,0
14971,16.676375,16.529872,11.049325,0.000000,6.317333,6.310110,0.007098,0.045584,0.022291,0.753209,632,8107258,75267,0,2,0,2,0,0,0,0,0,0,5406,0,3510,1896,0
14972,16.583875,16.466041,10.468175,0.000000,6.753793,6.753236,0.000390,0.048459,0.011666,0.702583,629,8107275,72340,0,2,0,2,0,0,0,0,0,0,5406,0,3510,1896,0
14973,16.767625,16.640833,10.617028,0.000000,6.777750,6.768610,0.009015,0.047417,0.010708,0.297167,637,8107120,70397,0,2,0,2,0,0,0,0,0,0,7208,0,4680,2528,0
14974,16.765292,16.638449,10.898568,0.000000,6.563083,6.540443,0.022556,0.052375,0.014583,0.600667,632,8107307,74590,0,2,0,2,0,0,0,0,0,0,5406,0,3510,1896,0
14975,16.696375,16.569624,10.862427,0.000000,6.547208,6.521402,0.025639,0.044542,0.009666,0.659625,631,8107249,72432,0,2,0,2,0,0,0,0,0,0,5406,0,3510,1896,0
14976,16.741042,16.620487,11.321510,0.000000,6.423084,6.422319,0.000681,0.059833,0.021208,0.830167,639,8108064,70335,0,2,0,2,0,0,0,0,0,0,7208,0,4680,2528,0
14977,16.577916,16.436855,11.099805,0.000000,6.218251,6.217736,0.000390,0.053584,0.022541,0.309166,631,8106405,74540,0,2,0,2,0,0,0,0,0,0,5406,0,3510,1896,0
14978,16.598584,16.478592,10.571652,0.000000,6.706250,6.693236,0.012931,0.041541,0.018167,1.271167,632,8107223,72452,0,2,0,2,0,0,0,0,0,0,5406,0,3510,1896,0
14979,16.792666,16.659233,10.941822,0.000000,6.522292,6.520235,0.001932,0.049250,0.017084,0.295917,638,8107097,70318,0,2,0,2,0,0,0,0,0,0,7208,0,4680,2528,0
14980,16.783167,16.668694,10.721410,0.000000,6.893751,6.893319,0.000307,0.051208,0.017834,1.079084,632,8107296,74611,0,2,0,2,0,0,0,0,0,0,5406,0,3510,1896,0
14981,16.451042,16.343614,10.684599,0.000000,6.509500,6.509027,0.000348,0.040625,0.021875,1.064958,632,8112677,72636,0,2,0,2,0,0,0,0,0,0,5406,0,3510,1896,0
14982,16.705708,16.552594,10.502942,0.000000,6.793124,6.786068,0.006931,0.052000,0.014250,0.446209,637,8101726,70034,0,2,0,2,0,0,0,0,0,0,7208,0,4680,2528,0
14983,16.788417,16.664506,11.073746,0.000000,6.445208,6.426610,0.018473,0.047916,0.010584,0.630292,632,8107264,74653,0,2,0,2,0,0,0,0,0,0,5406,0,3510,1896,0
14984,16.478416,16.351417,10.264546,0.000000,6.843625,6.824319,0.019223,0.042292,0.015292,0.635584,632,8107277,72419,0,2,0,2,0,0,0,0,0,0,5406,0,3510,1896,0
14985,16.990334,16.876533,10.360758,0.000000,7.219833,7.180818,0.038932,0.047875,0.014958,0.927042,639,8107072,70310,0,2,0,2,0,0,0,0,0,0,7208,0,4680,2528,0
14986,16.459250,16.341372,10.336283,0.000000,6.780584,6.753277,0.027182,0.051625,0.009291,0.307375,629,8107298,74582,0,2,0,2,0,0,0,0,0,0,5406,0,3510,1896,0
14987,16.559583,16.430655,10.177666,0.000000,6.934709,6.934444,0.000181,0.059542,0.029083,1.129626,648,8107110,72489,0,2,0,2,0,0,0,0,0,0,7441,0,3510,3931,0
14988,17.012000,16.893515,10.589422,0.000000,7.054875,7.025902,0.028765,0.070625,0.016250,0.941500,642,8106879,70909,0,2,0,2,0,0,0,0,0,0,7208,0,4680,2528,0
14989,16.797333,16.669578,11.456487,0.000000,6.115625,6.086444,0.029098,0.067042,0.024167,0.642375,630,8107295,74599,0,2,0,2,0,0,0,0,0,0,5406,0,3510,1896,0
14990,16.363750,16.231586,10.655992,0.000000,6.404459,6.372361,0.031973,0.051917,0.021958,0.921167,633,8107298,71733,0,2,0,2,0,0,0,0,0,0,5406,0,3510,1896,0
14991,16.777750,16.653455,11.171797,0.000000,6.329666,6.317485,0.012098,0.062459,0.024083,0.292875,637,8107065,71979,0,2,0,2,0,0,0,0,0,0,7208,0,4680,2528,0
14992,16.617000,16.487133,10.869458,0.000000,6.480126,6.471277,0.008765,0.047709,0.013375,0.930583,631,8107282,74568,0,2,0,2,0,0,0,0,0,0,5406,0,3510,1896,0
14993,16.740125,16.612107,10.709249,0.000000,6.681085,6.666653,0.014348,0.039000,0.018917,0.664291,630,8107274,72451,0,2,0,2,0,0,0,0,0,0,5406,0,3510,1896,0
14994,16.497625,16.371701,10.447295,0.000000,6.701917,6.677444,0.024390,0.046792,0.009958,0.952292,638,8107051,70303,0,2,0,2,0,0,0,0,0,0,7208,0,4680,2528,0
14995,16.695417,16.560797,10.633910,0.000000,6.685334,6.684944,0.000307,0.044167,0.010416,0.304166,632,8107298,74566,0,2,0,2,0,0,0,0,0,0,5406,0,3510,1896,0
14996,17.054375,16.922286,10.332584,0.000000,7.292416,7.237360,0.054973,0.064250,0.015542,1.171792,632,8107298,72451,0,2,0,2,0,0,0,0,0,0,5406,0,3510,1896,0
14997,16.433250,16.331635,10.827767,0.000000,6.361583,6.355318,0.006099,0.056167,0.014583,0.957917,639,8111572,70436,0,2,0,2,0,0,0,0,0,0,7208,0,4680,2528,0
14998,16.793708,16.637383,11.259343,0.000000,6.272751,6.272319,0.000348,0.045584,0.014666,0.609291,631,8102764,74481,0,2,0,2,0,0,0,0,0,0,5406,0,3510,1896,0
14999,16.595959,16.464469,10.708242,0.000000,6.572500,6.556319,0.016056,0.058083,0.014000,0.779833,631,8107294,72436,0,2,0,2,0,0,0,0,0,0,5406,0,3510,1896,0
15000,16.649458,16.520169,10.606292,0.000000,6.684875,6.671819,0.012973,0.042542,0.011041,0.288666,641,8107044,70288,0,2,0,2,0,0,0,0,0,0,7208,0,4680,2528,0
15001,16.579875,16.465045,10.559873,0.000000,6.857458,6.854235,0.003098,0.036833,0.010792,0.772875,629,8107301,74611,0,2,0,2,0,0,0,0,0,0,5406,0,3510,1896,0
15002,16.811792,16.685181,9.982799,0.000000,7.359375,7.310236,0.049056,0.043166,0.018667,0.287916,632,8107318,72311,0,2,0,2,0,0,0,0,0,0,5406,0,3510,1896,0
15003,16.445875,16.314510,10.293170,0.000000,6.803291,6.756026,0.047182,0.041833,0.015167,0.965750,639,8107098,70411,0,2,0,2,0,0,0,0,0,0,7208,0,4680,2528,0
15004,16.721208,16.607573,10.112491,0.000000,7.204416,7.179235,0.025098,0.043250,0.020917,1.232625,630,8107258,74610,0,2,0,2,0,0,0,0,0,0,5406,0,3510,1896,0
15005,16.809292,16.700153,9.991592,0.000000,7.394083,7.349194,0.044764,0.044208,0.017958,0.609583,631,8109642,72509,0,2,0,2,0,0,0,0,0,0,5406,0,3510,1896,0
15006,16.560083,16.415648,10.164706,0.000000,6.999208,6.982735,0.016348,0.042833,0.008959,1.239125,639,8104821,70608,0,2,0,2,0,0,0,0,0,0,7208,0,4680,2528,0
15007,16.646167,16.524787,9.899082,0.000000,7.283999,7.263610,0.020306,0.036541,0.010084,0.607750,631,8107224,74095,0,2,0,2,0,0,0,0,0,0,5406,0,3510,1896,0
15008,16.830833,16.715199,9.945570,0.000000,7.443791,7.393694,0.050014,0.041708,0.011417,1.093000,631,8107283,72542,0,2,0,2,0,0,0,0,0,0,5406,0,3510,1896,0
15009,16.584042,16.459577,9.948556,0.000000,7.220125,7.181985,0.038015,0.036958,0.034583,0.288583,640,8107070,72457,0,2,0,2,0,0,0,0,0,0,7208,0,4680,2528,0
15010,16.772625,16.651249,10.073165,0.000000,7.242916,7.218860,0.023931,0.045458,0.013500,0.917833,628,8107279,72430,0,2,0,2,0,0,0,0,0,0,5406,0,3510,1896,0
15011,16.587833,16.467454,9.904031,0.000000,7.280334,7.227819,0.052390,0.035750,0.016833,0.410958,631,8107295,72439,0,2,0,2,0,0,0,0,0,0,5406,0,3510,1896,0
15012,16.624583,16.503845,9.849461,0.000000,7.331541,7.306443,0.025015,0.036000,0.020625,1.234875,640,8107089,72458,0,2,0,2,0,0,0,0,0,0,7208,0,4680,2528,0
15013,16.771125,16.654333,9.749589,0.000000,7.521958,7.500985,0.020848,0.038625,0.010834,1.250501,629,8107304,72435,0,2,0,2,0,0,0,0,0,0,5406,0,3510,1896,0
15014,16.788959,16.691301,10.065589,0.000000,7.306584,7.249861,0.056640,0.046625,0.023958,0.609458,636,8110506,71929,0,2,0,2,0,0,0,0,0,0,7004,0,4536,2468,0
15015,16.517000,16.377906,9.957758,0.000000,7.154292,7.127485,0.026723,0.036791,0.021000,0.966833,631,8103855,72985,0,2,0,2,0,0,0,0,0,0,5610,0,3654,1956,0
15016,16.737958,16.615011,10.115675,0.000000,7.439125,7.426319,0.012723,0.038542,0.009333,0.291500,630,8107303,72429,0,2,0,2,0,0,0,0,0,0,5406,0,3510,1896,0
15017,17.481167,17.349454,11.018834,0.000000,7.409833,7.409027,0.000306,0.076416,0.012667,1.257167,639,8107199,70170,0,2,0,2,0,0,0,0,0,0,7208,0,4680,2528,0
15018,16.064125,15.958591,10.488237,0.000000,6.323625,6.311068,0.012432,0.043875,0.018333,0.301750,630,8107193,74727,0,2,0,2,0,0,0,0,0,0,5406,0,3510,1896,0
15019,16.540625,16.418087,10.498995,0.000000,6.702292,6.693861,0.008348,0.054333,0.012250,1.096000,632,8107277,71409,0,2,0,2,0,0,0,0,0,0,5406,0,3510,1896,0
15020,16.686541,16.562993,10.251417,0.000000,7.061917,7.006486,0.055306,0.056959,0.018500,1.265458,637,8107115,72615,0,2,0,2,0,0,0,0,0,0,7208,0,4680,2528,0
15021,16.759750,16.638956,10.310321,0.000000,7.025000,7.021610,0.003265,0.039709,0.021958,0.367875,630,8107273,74604,0,2,0,2,0,0,0,0,0,0,5406,0,3510,1896,0
15022,16.489542,16.364957,10.071500,0.000000,7.024666,7.008443,0.016140,0.040542,0.023916,1.280875,633,8107291,72344,0,2,0,2,0,0,0,0,0,0,5406,0,3510,1896,0
15023,16.842875,16.715801,9.899867,0.000000,7.466791,7.411652,0.055014,0.045125,0.016958,0.689375,639,8107083,70343,0,2,0,2,0,0,0,0,0,0,7208,0,4680,2528,0
15024,16.645333,16.525728,10.807905,0.000000,6.651501,6.621902,0.029515,0.040792,0.010833,0.762583,632,8107306,74628,0,2,0,2,0,0,0,0,0,0,5406,0,3510,1896,0
15025,16.665125,16.550873,9.891586,0.000000,7.304583,7.281985,0.022515,0.045292,0.029458,0.304167,630,8107287,72438,0,2,0,2,0,0,0,0,0,0,5406,0,3510,1896,0
15026,16.795584,16.667247,9.961253,0.000000,7.390459,7.331069,0.059306,0.043375,0.026708,0.967125,639,8107094,70282,0,2,0,2,0,0,0,0,0,0,7208,0,4680,2528,0
15027,16.637416,16.514868,10.959676,0.000000,6.389750,6.386360,0.003265,0.047084,0.015916,0.931125,631,8107318,74571,0,2,0,2,0,0,0,0,0,0,5406,0,3510,1896,0
15028,16.795917,16.678409,10.358200,0.000000,7.266583,7.266152,0.000348,0.043375,0.011500,0.634166,632,8107263,72466,0,2,0,2,0,0,0,0,0,0,5406,0,3510,1896,0
15029,16.591833,16.474533,10.478794,0.000000,6.778041,6.767569,0.010306,0.042625,0.012542,1.255375,637,8107100,70313,0,2,0,2,0,0,0,0,0,0,7208,0,4680,2528,0
15030,16.715209,16.575677,10.871659,0.000000,6.526875,6.526527,0.000265,0.041750,0.009666,0.291750,629,8107277,74599,0,2,0,2,0,0,0,0,0,0,5406,0,3510,1896,0
15031,16.553166,16.427619,9.963210,0.000000,7.134208,7.116694,0.017431,0.043209,0.010958,0.929124,631,8107307,72424,0,2,0,2,0,0,0,0,0,0,5406,0,3510,1896,0
15032,16.706209,16.586622,9.891873,0.000000,7.375209,7.324069,0.051056,0.041291,0.011292,0.543500,637,8107086,70266,0,2,0,2,0,0,0,0,0,0,7208,0,4680,2528,0
15033,16.679791,16.564457,10.124290,0.000000,7.143957,7.117235,0.026681,0.037084,0.009583,0.852000,629,8107286,74651,0,2,0,2,0,0,0,0,0,0,5406,0,3510,1896,0
15034,16.591834,16.487094,9.870125,0.000000,7.276708,7.259652,0.016973,0.069708,0.018042,0.290083,631,8111112,72546,0,2,0,2,0,0,0,0,0,0,5406,0,3510,1896,0
15035,16.737166,16.602674,9.729240,0.000000,7.504417,7.452361,0.051931,0.038000,0.009459,1.138875,635,8103269,70170,0,2,0,2,0,0,0,0,0,0,7208,0,4680,2528,0
15036,16.780834,16.661508,10.590192,0.000000,6.765417,6.764985,0.000265,0.044583,0.011125,0.933750,631,8107294,74613,0,2,0,2,0,0,0,0,0,0,5406,0,3510,1896,0
15037,16.779500,16.652965,11.166215,0.000000,7.078042,7.067485,0.010390,0.049250,0.012375,0.611750,631,8107295,72330,0,2,0,2,0,0,0,0,0,0,5406,0,3510,1896,0
15038,16.498375,16.364952,10.600915,0.000000,6.567166,6.561277,0.005764,0.057458,0.021167,1.270917,639,8107052,70380,0,2,0,2,0,0,0,0,0,0,7208,0,4680,2528,0
15039,16.692541,16.580582,10.625281,0.000000,7.064666,7.064276,0.000265,0.037917,0.010375,0.303125,630,8107294,74599,0,2,0,2,0,0,0,0,0,0,5406,0,3510,1896,0
15040,16.737084,16.605969,9.962232,0.000000,7.278041,7.259693,0.018264,0.045166,0.014125,0.920958,631,8107310,72427,0,2,0,2,0,0,0,0,0,0,5406,0,3510,1896,0
15041,16.530375,16.413042,9.819212,0.000000,7.289208,7.230152,0.058931,0.049416,0.011750,0.297083,641,8107033,70307,0,2,0,2,0,0,0,0,0,0,7208,0,4680,2528,0
15042,16.901208,16.783507,10.333820,0.000000,7.126209,7.115360,0.010765,0.049292,0.010041,0.937000,629,8107307,74562,0,2,0,2,0,0,0,0,0,0,5406,0,3510,1896,0
15043,16.576208,16.450405,10.512962,0.000000,6.943917,6.943402,0.000390,0.041209,0.009625,0.894582,630,8107280,72455,0,2,0,2,0,0,0,0,0,0,5406,0,3510,1896,0
15044,16.678084,16.561558,9.902851,0.000000,7.348667,7.293986,0.054639,0.040916,0.008000,0.613583,639,8107082,70252,0,2,0,2,0,0,0,0,0,0,7208,0,4680,2528,0
15045,16.896250,16.766580,10.602004,0.000000,6.818917,6.814985,0.003765,0.047333,0.014583,1.233625,630,8107274,74669,0,2,0,2,0,0,0,0,0,0,5406,0,3510,1896,0
15046,16.703958,16.579491,10.617536,0.000000,6.739250,6.730402,0.008765,0.046708,0.020209,0.610084,632,8107290,72383,0,2,0,2,0,0,0,0,0,0,5406,0,3510,1896,0
15047,16.411208,16.284268,9.980882,0.000000,7.069958,7.020111,0.049722,0.054000,0.015292,1.239667,641,8107046,70221,0,2,0,2,0,0,0,0,0,0,7208,0,4680,2528,0
15048,16.556625,16.437515,9.956205,0.000000,7.169958,7.150777,0.019098,0.046625,0.014667,0.288208,629,8107324,74041,0,2,0,2,0,0,0,0,0,0,5406,0,3510,1896,0
15049,16.903750,16.789794,10.102840,0.000000,7.360666,7.313069,0.047556,0.045959,0.033000,0.950125,631,8107267,74085,0,2,0,2,0,0,0,0,0,0,5406,0,3510,1896,0
15050,16.606625,16.485409,9.882381,0.000000,7.276083,7.210235,0.065764,0.035667,0.009958,0.377750,641,8107043,70288,0,2,0,2,0,0,0,0,0,0,7208,0,4680,2528,0
15051,17.091834,17.024490,10.587420,0.000000,7.070333,7.054193,0.016057,0.066458,0.036875,1.266375,631,8122759,75249,0,2,0,2,0,0,0,0,0,0,5406,0,3510,1896,0
15052,16.307666,16.127525,9.922662,0.000000,6.982001,6.929444,0.052473,0.042125,0.027792,0.946458,631,8091864,71753,0,2,0,2,0,0,0,0,0,0,5406,0,3510,1896,0
15053,16.621792,16.495219,9.905076,0.000000,7.296499,7.237235,0.059139,0.045875,0.017583,0.628875,640,8107020,70300,0,2,0,2,0,0,0,0,0,0,7208,0,4680,2528,0
15054,16.634833,16.519207,10.118793,0.000000,7.106542,7.081151,0.025307,0.036667,0.021542,1.306583,628,8107317,74628,0,2,0,2,0,0,0,0,0,0,5406,0,3510,1896,0
15055,16.837834,16.719086,10.045039,0.000000,7.328500,7.287235,0.041182,0.039833,0.021333,0.300333,631,8107270,72404,0,2,0,2,0,0,0,0,0,0,5406,0,3510,1896,0
15056,16.538000,16.422201,9.843240,0.000000,7.259750,7.203860,0.055848,0.042166,0.013209,1.279083,639,8107063,70329,0,2,0,2,0,0,0,0,0,0,7208,0,4680,2528,0
15057,16.818041,16.695621,10.270660,0.000000,7.099124,7.086193,0.012848,0.041834,0.010875,0.301417,629,8107282,74516,0,2,0,2,0,0,0,0,0,0,5406,0,3510,1896,0
15058,16.647084,16.526967,10.089280,0.000000,7.175583,7.170443,0.005015,0.039875,0.012666,1.039708,630,8108049,72538,0,2,0,2,0,0,0,0,0,0,5406,0,3510,1896,0
15059,16.659083,16.533661,9.898963,0.000000,7.328792,7.280111,0.048556,0.036958,0.009125,1.261750,639,8106322,70678,0,2,0,2,0,0,0,0,0,0,7208,0,4680,2528,0
15060,16.609542,16.490413,10.054455,0.000000,7.146875,7.127943,0.018849,0.051125,0.027333,0.607875,631,8107305,74203,0,2,0,2,0,0,0,0,0,0,5406,0,3510,1896,0
15061,16.772125,16.652324,9.814910,0.000000,7.490541,7.441360,0.049056,0.038250,0.011458,1.244792,630,8107291,72422,0,2,0,2,0,0,0,0,0,0,5406,0,3510,1896,0
15062,16.740375,16.620062,10.130915,0.000000,7.234625,7.234236,0.000306,0.039333,0.011167,0.612000,639,8107081,72452,0,2,0,2,0,0,0,0,0,0,7208,0,4680,2528,0
15063,16.663458,16.568077,9.985622,0.000000,7.251875,7.237735,0.014015,0.039833,0.032084,0.755750,630,8112492,72658,0,2,0,2,0,0,0,0,0,0,5406,0,3510,1896,0
15064,16.340292,16.198774,9.511673,0.000000,7.357334,7.307319,0.049932,0.041041,0.021042,0.291000,629,8102137,70004,0,2,0,2,0,0,0,0,0,0,5406,0,3510,1896,0
15065,16.985666,16.866752,10.453495,0.000000,7.126125,7.099361,0.026639,0.039375,0.011625,0.941209,639,8107061,76790,0,2,0,2,0,0,0,0,0,0,7208,0,4680,2528,0
15066,16.616334,16.497501,9.928035,0.000000,7.236542,7.223860,0.012598,0.045250,0.022083,1.141417,631,8107300,72415,0,2,0,2,0,0,0,0,0,0,5406,0,3510,1896,0
15067,16.820166,16.716280,9.961305,0.000000,7.434917,7.378694,0.056098,0.042417,0.011083,0.634083,635,8107366,71773,0,2,0,2,0,0,0,0,0,0,7004,0,4536,2468,0
15068,16.636667,16.497081,10.106919,0.000000,7.104334,7.083236,0.021014,0.043333,0.019292,0.957042,632,8107038,72778,0,2,0,2,0,0,0,0,0,0,5610,0,3654,1956,0
15069,16.686958,16.575085,9.987004,0.000000,7.253124,7.229485,0.023556,0.048500,0.010084,0.332625,629,8107255,73104,0,2,0,2,0,0,0,0,0,0,5406,0,3510,1896,0
15070,16.646375,16.499446,9.764750,0.000000,7.392209,7.344069,0.048057,0.038459,0.012083,1.241500,637,8107128,70283,0,2,0,2,0,0,0,0,0,0,7208,0,4680,2528,0
15071,16.634334,16.538204,10.011454,0.000000,7.206626,7.178736,0.027848,0.048125,0.031041,0.312500,632,8107256,74618,0,2,0,2,0,0,0,0,0,0,5406,0,3510,1896,0
15072,16.813708,16.692815,9.889639,0.000000,7.431710,7.406527,0.025099,0.039375,0.010875,0.927833,631,8107321,72396,0,2,0,2,0,0,0,0,0,0,5406,0,3510,1896,0
15073,16.613167,16.493379,9.915334,0.000000,7.281249,7.234152,0.047014,0.036125,0.009125,0.466292,637,8107055,70303,0,2,0,2,0,0,0,0,0,0,7208,0,4680,2528,0
15074,16.681708,16.561376,10.080501,0.000000,7.143082,7.126527,0.016472,0.035958,0.008959,1.102084,630,8107306,74625,0,2,0,2,0,0,0,0,0,0,5406,0,3510,1896,0
15075,16.609833,16.489841,9.878126,0.000000,7.248959,7.247735,0.001140,0.044917,0.017208,1.240624,629,8107338,72428,0,2,0,2,0,0,0,0,0,0,5406,0,3510,1896,0
15076,16.661917,16.542040,9.791385,0.000000,7.445585,7.390194,0.055307,0.047250,0.011125,0.633125,638,8107055,70301,0,2,0,2,0,0,0,0,0,0,7208,0,4680,2528,0
15077,17.516083,17.394475,11.426576,0.000000,7.232500,7.216360,0.015973,0.074459,0.011583,0.913083,632,8107287,73887,0,2,0,2,0,0,0,0,0,0,5406,0,3510,1896,0
15078,16.012125,15.888549,10.355968,0.000000,6.391958,6.387318,0.004515,0.044625,0.012834,0.296875,629,8107286,74109,0,2,0,2,0,0,0,0,0,0,5406,0,3510,1896,0
15079,16.648000,16.530335,10.355938,0.000000,7.158583,7.158194,0.000264,0.037125,0.013334,1.242417,640,8107088,70310,0,2,0,2,0,0,0,0,0,0,7208,0,4680,2528,0
15080,16.668750,16.541625,10.180326,0.000000,7.088166,7.062152,0.025931,0.038834,0.010333,0.291791,630,8107310,74612,0,2,0,2,0,0,0,0,0,0,5406,0,3510,1896,0
15081,16.694250,16.578331,10.545831,0.000000,7.281999,7.281693,0.000181,0.050000,0.011709,0.751458,631,8107277,72414,0,2,0,2,0,0,0,0,0,0,5406,0,3510,1896,0
15082,16.694667,16.577144,9.940261,0.000000,7.313459,7.260735,0.052640,0.058042,0.014166,1.405125,640,8107115,70241,0,2,0,2,0,0,0,0,0,0,7208,0,4680,2528,0
15083,16.983250,16.861299,10.713364,0.000000,6.895916,6.895610,0.000181,0.041333,0.036584,0.482375,630,8107287,74676,0,2,0,2,0,0,0,0,0,0,5406,0,3510,1896,0
15084,16.494000,16.357304,10.105649,0.000000,6.996417,6.971402,0.024973,0.059958,0.014209,0.752542,631,8107327,72416,0,2,0,2,0,0,0,0,0,0,5406,0,3510,1896,0
15085,16.534667,16.410555,10.506555,0.000000,6.663917,6.663444,0.000348,0.044041,0.018500,0.464834,638,8107047,70302,0,2,0,2,0,0,0,0,0,0,7208,0,4680,2528,0
15086,16.938041,16.796858,11.011213,0.000000,6.589582,6.578485,0.011014,0.047292,0.020292,1.078833,631,8107295,74596,0,2,0,2,0,0,0,0,0,0,5406,0,3510,1896,0
15087,16.843250,16.745368,10.576955,0.000000,7.045333,7.044985,0.000265,0.048292,0.018375,0.299708,629,8109468,72467,0,2,0,2,0,0,0,0,0,0,5406,0,3510,1896,0
15088,16.426042,16.286219,10.694594,0.000000,6.443000,6.437860,0.005056,0.042167,0.018333,0.930708,638,8104901,70268,0,2,0,2,0,0,0,0,0,0,7208,0,4680,2528,0
15089,16.510667,16.387057,10.360838,0.000000,6.777916,6.777569,0.000181,0.039458,0.011333,0.292750,630,8107302,74614,0,2,0,2,0,0,0,0,0,0,5406,0,3510,1896,0
15090,16.727625,16.605683,9.949283,0.000000,7.308749,7.283568,0.025098,0.046708,0.013250,1.256459,630,8107308,72402,0,2,0,2,0,0,0,0,0,0,5406,0,3510,1896,0
15091,16.525625,16.410918,9.886136,0.000000,7.265251,7.264861,0.000306,0.036833,0.009833,1.284541,641,8107037,70300,0,2,0,2,0,0,0,0,0,0,7208,0,4680,2528,0
15092,16.793000,16.672498,10.040960,0.000000,7.272624,7.252527,0.019972,0.038500,0.021500,0.632166,630,8107281,74583,0,2,0,2,0,0,0,0,0,0,5406,0,3510,1896,0
15093,16.805583,16.682705,10.129038,0.000000,7.258292,7.257819,0.000390,0.042083,0.010167,0.922917,631,8107305,72418,0,2,0,2,0,0,0,0,0,0,5406,0,3510,1896,0
15094,16.588958,16.457476,10.818645,0.000000,6.451501,6.451194,0.000182,0.043125,0.011209,0.679583,661,8106694,70969,0,2,0,2,0,0,0,0,0,0,9243,0,4680,4563,0
15095,16.666334,16.553604,10.253285,0.000000,7.066334,7.046736,0.019514,0.037541,0.022959,0.939833,629,8107310,74614,0,2,0,2,0,0,0,0,0,0,5406,0,3510,1896,0
15096,16.991833,16.869736,10.462718,0.000000,7.048917,7.048610,0.000224,0.051375,0.012792,0.295083,630,8107283,72403,0,2,0,2,0,0,0,0,0,0,5406,0,3510,1896,0
15097,16.191167,16.060124,11.032286,0.000000,6.503667,6.503319,0.000223,0.039833,0.020167,1.138834,640,8107099,70243,0,2,0,2,0,0,0,0,0,0,7208,0,4680,2528,0
15098,17.108291,16.992254,10.254871,0.000000,7.380042,7.353528,0.026431,0.040000,0.013834,1.282959,629,8107264,74672,0,2,0,2,0,0,0,0,0,0,5406,0,3510,1896,0
15099,16.492792,16.359401,10.457065,0.000000,6.699375,6.696610,0.002682,0.038875,0.021417,0.632583,629,8107274,72438,0,2,0,2,0,0,0,0,0,0,5406,0,3510,1896,0
15100,16.990958,16.869205,10.779629,0.000000,6.857416,6.852068,0.005098,0.081250,0.013917,0.902000,637,8107062,70294,0,2,0,2,0,0,0,0,0,0,7208,0,4680,2528,0
15101,16.544250,16.418197,11.175295,0.000000,6.208125,6.207819,0.000181,0.057959,0.015083,0.297958,632,8107292,74600,0,2,0,2,0,0,0,0,0,0,5406,0,3510,1896,0
15102,16.750584,16.620385,10.933595,0.000000,6.553668,6.552444,0.001099,0.050750,0.024916,0.921542,627,8107297,72214,0,2,0,2,0,0,0,0,0,0,5406,0,3510,1896,0
15103,16.357791,16.224089,10.598949,0.000000,6.549000,6.536402,0.012515,0.026375,0.018834,0.610167,639,8107056,70479,0,2,0,2,0,0,0,0,0,0,7208,0,4680,2528,0
15104,16.727709,16.602851,10.662622,0.000000,6.780209,6.779778,0.000306,0.029333,0.016375,0.745667,631,8107282,74636,0,2,0,2,0,0,0,0,0,0,5406,0,3510,1896,0
15105,16.808416,16.620251,9.844002,0.000000,7.456208,7.389610,0.066473,0.027834,0.009041,1.221792,627,8091864,71768,0,2,0,2,0,0,0,0,0,0,5406,0,3510,1896,0
15106,16.580959,16.531568,10.201431,0.000000,7.149375,7.097694,0.051556,0.032791,0.016500,0.651542,641,8122471,70271,0,2,0,2,0,0,0,0,0,0,7208,0,4680,2528,0
15107,16.607041,16.417204,10.237762,0.000000,7.014542,6.982111,0.032347,0.024667,0.007000,1.067042,630,8091900,75196,0,2,0,2,0,0,0,0,0,0,5406,0,3510,1896,0
15108,16.771084,16.649709,10.078798,0.000000,7.346376,7.286944,0.059348,0.025666,0.007250,0.450667,631,8107337,73089,0,2,0,2,0,0,0,0,0,0,5406,0,3510,1896,0
15109,16.596750,16.546129,9.917710,0.000000,7.394333,7.336777,0.057473,0.027250,0.016250,1.066667,642,8122426,70959,0,2,0,2,0,0,0,0,0,0,7208,0,4680,2528,0
15110,16.722375,16.597568,10.341863,0.000000,7.079625,7.046486,0.033056,0.027041,0.013250,0.478708,632,8107268,74594,0,2,0,2,0,0,0,0,0,0,5406,0,3510,1896,0
15111,16.885500,16.768298,10.048378,0.000000,7.468750,7.413360,0.055307,0.034416,0.009875,0.747751,631,8107305,72417,0,2,0,2,0,0,0,0,0,0,5406,0,3510,1896,0
15112,16.536250,16.413897,10.153029,0.000000,7.097916,7.042527,0.055306,0.028000,0.015833,0.445167,639,8107169,70688,0,2,0,2,0,0,0,0,0,0,7208,0,4680,2528,0
15113,16.617833,16.498210,10.187869,0.000000,7.109792,7.092986,0.016723,0.023833,0.015125,0.987583,632,8107204,74225,0,2,0,2,0,0,0,0,0,0,5406,0,3510,1896,0
15114,16.960583,16.839350,10.425078,0.000000,7.215250,7.175235,0.039931,0.050917,0.018125,0.901458,630,8107294,72417,0,2,0,2,0,0,0,0,0,0,5406,0,3510,1896,0
15115,16.722375,16.531263,10.422136,0.000000,6.963750,6.926027,0.037639,0.025709,0.011875,0.459083,638,8091666,71819,0,2,0,2,0,0,0,0,0,0,7208,0,4680,2528,0
15116,16.363334,16.312281,10.445987,0.000000,6.914500,6.914111,0.000306,0.026250,0.016625,1.056541,631,8122723,73081,0,2,0,2,0,0,0,0,0,0,5406,0,3510,1896,0
15117,16.737666,16.616111,9.970492,0.000000,7.412291,7.353193,0.058973,0.026000,0.019667,0.448083,628,8107291,71927,0,2,0,2,0,0,0,0,0,0,5406,0,3510,1896,0
15118,16.587792,16.466788,10.913860,0.000000,7.146583,7.146235,0.000223,0.030292,0.015000,1.070709,640,8107085,73281,0,2,0,2,0,0,0,0,0,0,7208,0,4680,2528,0
15119,16.789500,16.671301,9.844414,0.000000,7.525958,7.500402,0.025473,0.027917,0.016958,0.443250,631,8107349,72432,0,2,0,2,0,0,0,0,0,0,5406,0,3510,1896,0
15120,16.560417,16.438950,10.130094,0.000000,7.349208,7.348860,0.000223,0.028250,0.011125,0.749250,637,8107452,71809,0,2,0,2,0,0,0,0,0,0,7004,0,4536,2468,0
15121,16.773125,16.582866,10.231842,0.000000,7.147335,7.124444,0.022807,0.025000,0.008250,1.073500,629,8091433,72433,0,2,0,2,0,0,0,0,0,0,5610,0,3654,1956,0
15122,16.592333,16.539523,9.904059,0.000000,7.368876,7.349861,0.018931,0.022833,0.015917,0.451791,633,8122745,72973,0,2,0,2,0,0,0,0,0,0,5406,0,3510,1896,0
15123,16.709667,16.556962,9.871977,0.000000,7.444250,7.393027,0.051181,0.024291,0.014625,0.891208,639,8107138,70403,0,2,0,2,0,0,0,0,0,0,7208,0,4680,2528,0
15124,16.658875,16.574413,10.295539,0.000000,7.293750,7.293485,0.000140,0.030708,0.009333,0.455792,631,8107231,74612,0,2,0,2,0,0,0,0,0,0,5406,0,3510,1896,0
15125,16.740333,16.618981,10.015363,0.000000,7.346126,7.323111,0.022973,0.025000,0.016917,0.771416,633,8107297,72413,0,2,0,2,0,0,0,0,0,0,5406,0,3510,1896,0
15126,16.673542,16.483580,9.870888,0.000000,7.388459,7.331319,0.057098,0.029166,0.007917,0.480208,637,8091696,69660,0,2,0,2,0,0,0,0,0,0,7208,0,4680,2528,0
15127,16.724000,16.602754,10.283536,0.000000,7.113915,7.096068,0.017764,0.024250,0.007166,0.819209,631,8107269,74542,0,2,0,2,0,0,0,0,0,0,5406,0,3510,1896,0
15128,16.620083,16.500718,9.917195,0.000000,7.315209,7.290194,0.024931,0.023000,0.008208,0.488500,631,8107296,72474,0,2,0,2,0,0,0,0,0,0,5406,0,3510,1896,0
15129,16.634458,16.511523,10.004244,0.000000,7.271167,7.243152,0.027932,0.021625,0.007000,0.963374,640,8107066,70325,0,2,0,2,0,0,0,0,0,0,7208,0,4680,2528,0
15130,16.830250,16.737108,10.382053,0.000000,7.155167,7.127652,0.027432,0.025542,0.010917,1.054000,631,8114413,74864,0,2,0,2,0,0,0,0,0,0,5406,0,3510,1896,0
15131,16.661959,16.506670,10.013255,0.000000,7.261541,7.237694,0.023764,0.020250,0.015208,0.372750,631,8100232,72129,0,2,0,2,0,0,0,0,0,0,5406,0,3510,1896,0
15132,16.574750,16.454665,9.900208,0.000000,7.381958,7.329818,0.052056,0.022583,0.007500,0.741833,638,8107020,70318,0,2,0,2,0,0,0,0,0,0,7208,0,4680,2528,0
15133,16.653708,16.530422,10.249823,0.000000,7.066583,7.064902,0.001598,0.020333,0.007000,0.350875,631,8107358,74592,0,2,0,2,0,0,0,0,0,0,5406,0,3510,1896,0
15134,16.919042,16.864890,11.111386,0.000000,7.325750,7.306527,0.019056,0.044833,0.018333,0.588500,634,8122689,73065,0,2,0,2,0,0,0,0,0,0,5406,0,3510,1896,0
15135,16.560458,16.442365,10.112627,0.000000,7.047543,7.011402,0.036057,0.045500,0.010750,0.290250,638,8107086,69636,0,2,0,2,0,0,0,0,0,0,7208,0,4680,2528,0
15136,16.809250,16.680785,10.625350,0.000000,6.805333,6.788111,0.017139,0.053042,0.013666,0.898417,630,8107284,76263,0,2,0,2,0,0,0,0,0,0,5406,0,3510,1896,0
15137,17.308292,17.187178,11.085307,0.000000,7.066875,7.060944,0.005431,0.065333,0.017875,0.901166,631,8107295,72339,0,2,0,2,0,0,0,0,0,0,5406,0,3510,1896,0
15138,15.945458,15.812219,10.229073,0.000000,6.445582,6.422818,0.022681,0.048042,0.031666,0.294500,637,8107088,70373,0,2,0,2,0,0,0,0,0,0,7208,0,4680,2528,0
15139,16.501375,16.388077,9.318595,0.000000,7.706541,7.616527,0.089931,0.048833,0.010959,1.277625,632,8107318,74611,0,2,0,2,0,0,0,0,0,0,5406,0,3510,1896,0
15140,16.750250,16.642037,9.805046,0.000000,8.058001,8.057403,0.000514,0.045083,0.013000,0.288958,631,8107809,72433,0,2,0,2,0,0,0,0,0,0,5406,0,3510,1896,0
15141,16.566125,16.458974,9.405414,0.000000,7.969249,7.967068,0.000556,0.041875,0.018750,0.936375,637,8106547,70279,0,2,0,2,0,0,0,0,0,0,7208,0,4680,2528,0
15142,16.858208,16.745527,9.413809,0.000000,7.921333,7.858569,0.062681,0.038917,0.015458,0.293750,632,8107359,74481,0,2,0,2,0,0,0,0,0,0,5406,0,3510,1896,0
15143,16.577834,16.468099,9.999700,0.000000,7.815540,7.814735,0.000764,0.040166,0.010625,0.766792,630,8107234,72550,0,2,0,2,0,0,0,0,0,0,5406,0,3510,1896,0
15144,16.651375,16.542749,8.961881,0.000000,8.119958,7.985735,0.134140,0.042500,0.011333,0.497209,641,8107065,70304,0,2,0,2,0,0,0,0,0,0,7208,0,4680,2528,0
15145,16.750125,16.642087,9.211629,0.000000,8.001874,7.921610,0.080181,0.039875,0.009333,1.257792,629,8107291,74615,0,2,0,2,0,0,0,0,0,0,5406,0,3510,1896,0
15146,16.714166,16.610243,9.127740,0.000000,7.976375,7.916444,0.059806,0.056667,0.010667,1.245750,631,8107284,72414,0,2,0,2,0,0,0,0,0,0,5406,0,3510,1896,0
15147,16.595500,16.487086,9.131134,0.000000,7.953000,7.865360,0.087557,0.037292,0.012375,0.609250,637,8107052,70235,0,2,0,2,0,0,0,0,0,0,7208,0,4680,2528,0
15148,16.757209,16.649098,9.301285,0.000000,7.975584,7.903152,0.072348,0.037500,0.019083,1.243458,633,8107283,74726,0,2,0,2,0,0,0,0,0,0,5406,0,3510,1896,0
15149,16.854458,16.749726,9.222712,0.000000,8.078584,7.998444,0.080098,0.042708,0.031084,0.293750,632,8107316,72426,0,2,0,2,0,0,0,0,0,0,5406,0,3510,1896,0
15150,16.423542,16.308575,9.135155,0.000000,7.819876,7.711777,0.108015,0.036958,0.010333,0.918542,638,8107045,70281,0,2,0,2,0,0,0,0,0,0,7208,0,4680,2528,0
15151,16.711083,16.605918,9.193663,0.000000,7.929291,7.831902,0.097306,0.037583,0.010625,0.322417,633,8107285,74651,0,2,0,2,0,0,0,0,0,0,5406,0,3510,1896,0
15152,16.680125,16.569621,8.982813,0.000000,8.134375,8.041319,0.092973,0.039458,0.015834,1.020083,631,8107314,72405,0,2,0,2,0,0,0,0,0,0,5406,0,3510,1896,0
15153,16.734542,16.627564,8.954340,0.000000,8.200500,8.093235,0.107182,0.035041,0.008959,1.266584,640,8107023,70316,0,2,0,2,0,0,0,0,0,0,7208,0,4680,2528,0
15154,16.677375,16.570149,9.178928,0.000000,7.967625,7.871944,0.095598,0.036166,0.008292,0.650958,632,8107315,74623,0,2,0,2,0,0,0,0,0,0,5406,0,3510,1896,0
15155,16.731916,16.626753,9.298785,0.000000,8.033916,7.937402,0.096389,0.049917,0.011000,0.929542,628,8107280,72430,0,2,0,2,0,0,0,0,0,0,5406,0,3510,1896,0
15156,16.876459,16.757443,9.528298,0.000000,7.792333,7.682443,0.109807,0.053208,0.017833,0.620625,640,8107040,70317,0,2,0,2,0,0,0,0,0,0,7208,0,4680,2528,0
15157,16.434750,16.328570,9.323012,0.000000,7.653749,7.582360,0.071264,0.040166,0.010709,1.261041,631,8107430,74502,0,2,0,2,0,0,0,0,0,0,5406,0,3510,1896,0
15158,16.690625,16.585814,9.038205,0.000000,8.134542,8.025361,0.109098,0.037583,0.010917,0.300583,632,8107228,72541,0,2,0,2,0,0,0,0,0,0,5406,0,3510,1896,0
15159,16.642791,16.543026,8.933152,0.000000,8.151750,8.046068,0.105557,0.041917,0.014625,0.939583,638,8106995,70304,0,2,0,2,0,0,0,0,0,0,7208,0,4680,2528,0
15160,16.736792,16.622124,9.293747,0.000000,7.910166,7.831860,0.078223,0.036375,0.016917,1.259250,629,8107281,74631,0,2,0,2,0,0,0,0,0,0,5406,0,3510,1896,0
15161,16.813292,16.708906,9.268615,0.000000,8.012500,7.926569,0.085848,0.041666,0.010625,0.296667,632,8107312,72436,0,2,0,2,0,0,0,0,0,0,5406,0,3510,1896,0
15162,16.434250,16.323325,8.978958,0.000000,7.974207,7.842901,0.131223,0.036875,0.017166,1.277375,638,8107038,70281,0,2,0,2,0,0,0,0,0,0,7208,0,4680,2528,0
15163,16.401750,16.294905,8.796349,0.000000,8.079543,7.999611,0.079848,0.033458,0.007417,0.633125,631,8107300,72430,0,2,0,2,0,0,0,0,0,0,5406,0,3510,1896,0
15164,16.912875,16.801338,9.973169,0.000000,8.066208,8.057527,0.008597,0.035166,0.008667,0.742458,630,8107415,76080,0,2,0,2,0,0,0,0,0,0,5406,0,3510,1896,0
15165,16.851791,16.746084,9.274489,0.000000,8.024626,7.948402,0.076182,0.042959,0.011208,0.665917,636,8106963,72384,0,2,0,2,0,0,0,0,0,0,7208,0,4680,2528,0
15166,16.629834,16.520798,9.253511,0.000000,7.816126,7.757319,0.058723,0.035291,0.007667,0.937958,633,8107291,73827,0,2,0,2,0,0,0,0,0,0,5406,0,3510,1896,0
15167,16.657041,16.547669,9.103873,0.000000,8.004042,8.003736,0.000223,0.041042,0.016208,0.440416,632,8107315,73027,0,2,0,2,0,0,0,0,0,0,5406,0,3510,1896,0
15168,16.748584,16.640549,9.111657,0.000000,8.091166,8.003401,0.087682,0.037083,0.008375,1.197416,638,8107131,72580,0,2,0,2,0,0,0,0,0,0,7208,0,4680,2528,0
