frame,total_ms,cpu_wall_ms,cpu_thread_ms,cpu_idle_ms,cpu_throttle_sleep_ms,cpu_throttle_requested_ms,cpu_throttle_lateness_ms,video_build_ms,present_ms,audio_mix_ms,static_bursts,static_cycles,static_native_dispatches,static_fallback_steps,static_hook_fallbacks,fallback_mfspr,fallback_mtspr,fallback_cache,fallback_dcbst,fallback_dcbf,fallback_dcbi,fallback_icbi,fallback_other,cache_controls,cache_control_dcbst,cache_control_dcbf,cache_control_dcbi,cache_control_icbi
24837,17.004208,16.899542,15.783852,0.000000,1.755292,1.742320,0.012763,0.065542,0.014458,1.116251,632,8107353,128710,0,2,0,2,0,0,0,0,0,0,5406,0,3510,1896,0
24838,16.653500,16.537663,15.343727,0.000000,1.910667,1.910403,0.000097,0.058167,0.055916,0.610875,632,8107199,126083,0,2,0,2,0,0,0,0,0,0,5406,0,3510,1896,0
24839,16.462917,16.360273,15.225626,0.000000,1.842292,1.833404,0.008555,0.069458,0.020167,0.934791,641,8122553,123813,0,2,0,2,0,0,0,0,0,0,7208,0,4680,2528,0
24840,16.765875,16.632177,15.650632,0.000000,1.727125,1.726820,0.000097,0.060291,0.014625,0.610125,630,8091750,128463,0,2,0,2,0,0,0,0,0,0,5406,0,3510,1896,0
24841,16.790708,16.661900,15.394354,0.000000,1.979750,1.979278,0.000097,0.066500,0.021083,0.761458,632,8107262,126308,0,2,0,2,0,0,0,0,0,0,5406,0,3510,1896,0
24842,16.456708,16.362256,15.131486,0.000000,1.903625,1.903112,0.000263,0.068250,0.024500,0.911042,640,8122525,124305,0,2,0,2,0,0,0,0,0,0,7208,0,4680,2528,0
24843,16.879584,16.751924,15.540213,0.000000,1.898709,1.898237,0.000138,0.063291,0.020542,0.466542,632,8091812,128165,0,2,0,2,0,0,0,0,0,0,5406,0,3510,1896,0
24844,16.693500,16.534922,15.286890,0.000000,1.954667,1.953486,0.000889,0.068458,0.012792,0.911417,631,8107266,126525,0,2,0,2,0,0,0,0,0,0,5406,0,3510,1896,0
24845,16.461458,16.328780,15.186871,0.000000,1.850208,1.849945,0.000055,0.060667,0.014541,0.476541,640,8107050,123459,0,2,0,2,0,0,0,0,0,0,7208,0,4680,2528,0
24846,16.970000,16.866118,15.756794,0.000000,1.785874,1.785695,0.000055,0.049500,0.032625,1.100668,633,8107255,128854,0,2,0,2,0,0,0,0,0,0,5406,0,3510,1896,0
24847,16.580417,16.489439,15.368731,0.000000,1.830249,1.829736,0.000180,0.056708,0.010917,0.648208,633,8107235,126102,0,2,0,2,0,0,0,0,0,0,5406,0,3510,1896,0
24848,16.580458,16.457551,15.322804,0.000000,1.836126,1.835695,0.000180,0.059083,0.016542,0.783041,639,8107065,124188,0,2,0,2,0,0,0,0,0,0,7208,0,4680,2528,0
24849,16.849167,16.711750,15.731377,0.000000,1.720542,1.719778,0.000472,0.054833,0.019083,0.609875,633,8107235,128057,0,2,0,2,0,0,0,0,0,0,5406,0,3510,1896,0
24850,16.646708,16.524157,15.059604,0.000000,2.070958,2.065861,0.004764,0.052667,0.018375,1.105000,632,8107244,125788,0,2,0,2,0,0,0,0,0,0,5406,0,3510,1896,0
24851,16.550292,16.450148,15.016875,0.000000,2.038543,2.038237,0.000055,0.063000,0.025541,0.953707,642,8122485,124037,0,2,0,2,0,0,0,0,0,0,7208,0,4680,2528,0
24852,16.852833,16.719212,15.558047,0.000000,1.841959,1.841487,0.000097,0.059375,0.052167,0.610042,631,8091814,128644,0,2,0,2,0,0,0,0,0,0,5406,0,3510,1896,0
24853,16.736042,16.628403,15.425881,0.000000,1.873751,1.864778,0.008514,0.058958,0.020750,0.588958,631,8109897,126550,0,2,0,2,0,0,0,0,0,0,5406,0,3510,1896,0
24854,16.354500,16.170714,15.067200,0.000000,1.794833,1.794362,0.000180,0.067666,0.025375,0.612542,636,8104416,123450,0,2,0,2,0,0,0,0,0,0,7208,0,4680,2528,0
24855,17.098208,16.923257,16.445923,0.000000,1.199376,1.198570,0.000597,0.069208,0.018709,0.911041,631,8091813,128061,0,2,0,2,0,0,0,0,0,0,5406,0,3510,1896,0
24856,15.563000,15.417970,14.817338,0.000000,1.389208,1.388361,0.000472,0.057417,0.019708,0.302750,636,8107275,127364,0,2,0,2,0,0,0,0,0,0,5653,0,3510,2143,0
24857,17.543667,17.538199,16.873757,0.000000,1.404958,1.404279,0.000346,0.062041,0.015834,0.945625,640,8122437,132313,0,2,0,2,0,0,0,0,0,0,7208,0,4680,2528,0
24858,16.738833,16.629666,15.772574,0.000000,1.605043,1.601612,0.003055,0.060833,0.012792,1.255458,632,8107231,127808,0,2,0,2,0,0,0,0,0,0,5406,0,3510,1896,0
24859,16.814250,16.657283,15.359176,0.000000,1.948334,1.943403,0.004680,0.068208,0.024042,0.647334,632,8107237,124900,0,2,0,2,0,0,0,0,0,0,5406,0,3510,1896,0
24860,16.359292,16.258028,15.256019,0.000000,1.699916,1.699362,0.000180,0.061333,0.028167,0.604792,646,8168796,124312,0,2,0,2,0,0,0,0,0,0,7357,0,4680,2677,0
24861,17.215083,17.078044,16.897027,0.000000,1.034501,1.033820,0.000097,0.071833,0.030959,0.446250,626,8045439,135379,0,2,0,2,0,0,0,0,0,0,5406,0,3510,1896,0
24862,16.812417,16.695499,15.724121,0.000000,1.683791,1.683403,0.000097,0.071833,0.019708,0.614750,634,8107305,124270,0,2,0,2,0,0,0,0,0,0,5406,0,3510,1896,0
24863,16.567458,16.487222,15.430278,0.000000,1.699625,1.699237,0.000180,0.067875,0.026792,0.621625,639,8118445,121843,0,2,0,2,0,0,0,0,0,0,7208,0,4680,2528,0
24864,16.823917,16.701074,16.048002,0.000000,1.411708,1.408570,0.002638,0.099750,0.020958,0.639833,652,8095478,125111,0,2,0,2,0,0,0,0,0,0,7447,0,3510,3937,0
24865,16.781708,16.616369,16.600127,0.000000,0.304499,0.303903,0.000180,0.114667,0.015791,0.599834,633,8107254,126742,0,2,0,2,0,0,0,0,0,0,5406,0,3510,1896,0
24866,16.151333,16.063869,16.020756,0.000000,0.553000,0.552112,0.000346,0.105959,0.016750,0.314750,637,8107047,124102,0,2,0,2,0,0,0,0,0,0,7208,0,4680,2528,0
24867,17.076250,16.952429,16.880919,0.000000,0.566417,0.565820,0.000222,0.095125,0.016042,0.638125,634,8107268,128843,0,2,0,2,0,0,0,0,0,0,5406,0,3510,1896,0
24868,15.563584,15.423807,15.404534,0.000000,0.383834,0.383236,0.000139,0.065083,0.014417,0.289958,637,8123000,125102,0,2,0,2,0,0,0,0,0,0,5687,0,3510,2177,0
24869,17.317458,17.072668,16.754003,0.000000,1.224208,1.223570,0.000180,0.072625,0.014875,0.591667,634,8075761,128870,0,2,0,2,0,0,0,0,0,0,7208,0,4680,2528,0
24870,16.597000,16.588038,15.695193,0.000000,1.718291,1.717570,0.000180,0.060375,0.013667,0.616041,634,8122728,127073,0,2,0,2,0,0,0,0,0,0,5406,0,3510,1896,0
24871,16.604167,16.462541,14.772090,0.000000,2.365750,2.365528,0.000055,0.048708,0.048333,0.916125,638,8107303,124020,0,2,0,2,0,0,0,0,0,0,5406,0,3510,1896,0
24872,16.598500,16.516800,14.631749,0.000000,2.538167,2.537862,0.000096,0.058625,0.014833,0.610208,644,8168771,124436,0,2,0,2,0,0,0,0,0,0,7359,0,4680,2679,0
24873,17.111458,16.963218,16.295585,0.000000,1.547208,1.546778,0.000097,0.065833,0.013625,0.584791,627,8045428,134309,0,2,0,2,0,0,0,0,0,0,5406,0,3510,1896,0
24874,16.594042,16.541869,14.867830,0.000000,2.348375,2.348111,0.000097,0.048666,0.056959,1.218958,634,8122704,124862,0,2,0,2,0,0,0,0,0,0,5406,0,3510,1896,0
24875,16.731833,16.552258,14.708076,0.000000,2.504542,2.504154,0.000096,0.048583,0.046959,0.628958,638,8091645,123682,0,2,0,2,0,0,0,0,0,0,7208,0,4680,2528,0
24876,16.333500,16.216124,14.310325,0.000000,2.547999,2.547403,0.000138,0.039417,0.010291,1.220792,631,8107256,123262,0,2,0,2,0,0,0,0,0,0,5406,0,3510,1896,0
24877,16.813542,16.727790,14.889590,0.000000,2.491167,2.490778,0.000139,0.043916,0.032917,0.623209,634,8107415,127651,0,2,0,2,0,0,0,0,0,0,5835,0,3510,2325,0
24878,16.582416,16.463361,14.985410,0.000000,2.207042,2.206737,0.000096,0.049959,0.014333,1.063041,637,8106947,126966,0,2,0,2,0,0,0,0,0,0,6779,0,4680,2099,0
24879,16.682709,16.540921,14.697195,0.000000,2.507501,2.507278,0.000055,0.043041,0.049625,0.609083,632,8107229,126360,0,2,0,2,0,0,0,0,0,0,5406,0,3510,1896,0
24880,16.723625,16.604420,14.862880,0.000000,2.438625,2.438278,0.000139,0.048041,0.036250,0.908833,641,8122544,125778,0,2,0,2,0,0,0,0,0,0,7208,0,4680,2528,0
24881,16.683500,16.536495,14.594793,0.000000,2.579959,2.579654,0.000138,0.040666,0.027834,1.214292,629,8091814,125787,0,2,0,2,0,0,0,0,0,0,5406,0,3510,1896,0
24882,16.669666,16.576652,14.547569,0.000000,2.655125,2.654737,0.000180,0.044000,0.027084,0.610541,632,8111283,124845,0,2,0,2,0,0,0,0,0,0,5406,0,3510,1896,0
24883,16.544959,16.403344,14.434998,0.000000,2.597083,2.596820,0.000097,0.037750,0.026916,1.231334,640,8103097,121836,0,2,0,2,0,0,0,0,0,0,7208,0,4680,2528,0
24884,17.135083,17.028988,15.376192,0.000000,2.314125,2.313737,0.000138,0.069125,0.017250,0.608667,630,8107217,127190,0,2,0,2,0,0,0,0,0,0,5406,0,3510,1896,0
24885,16.387083,16.272006,14.478178,0.000000,2.433874,2.433653,0.000055,0.048750,0.050209,0.967750,632,8107269,124319,0,2,0,2,0,0,0,0,0,0,5406,0,3510,1896,0
24886,16.590500,16.490089,14.524676,0.000000,2.563792,2.563320,0.000180,0.062584,0.011833,0.289667,641,8107023,122540,0,2,0,2,0,0,0,0,0,0,7208,0,4680,2528,0
24887,16.758042,16.608848,14.766486,0.000000,2.494375,2.493987,0.000180,0.044792,0.010458,1.277417,630,8107331,126719,0,2,0,2,0,0,0,0,0,0,5406,0,3510,1896,0
24888,16.648583,16.538192,14.583574,0.000000,2.595374,2.595070,0.000138,0.043334,0.025833,0.622709,631,8107227,125306,0,2,0,2,0,0,0,0,0,0,5406,0,3510,1896,0
24889,16.677334,16.549341,14.441658,0.000000,2.688875,2.688486,0.000139,0.059166,0.029167,0.810125,640,8107113,121554,0,2,0,2,0,0,0,0,0,0,7208,0,4680,2528,0
24890,16.804041,16.700195,15.065856,0.000000,2.337582,2.337320,0.000096,0.065625,0.029000,1.233167,632,8107271,127304,0,2,0,2,0,0,0,0,0,0,5406,0,3510,1896,0
24891,16.882750,16.754497,14.606909,0.000000,2.715124,2.714778,0.000138,0.059875,0.012625,0.499500,631,8107217,124572,0,2,0,2,0,0,0,0,0,0,5406,0,3510,1896,0
24892,16.436167,16.232213,14.607090,0.000000,2.328459,2.327695,0.000139,0.062708,0.014334,0.581417,638,8091647,122007,0,2,0,2,0,0,0,0,0,0,7208,0,4680,2528,0
24893,16.765458,16.781364,15.207260,0.000000,2.269833,2.269487,0.000138,0.057000,0.043750,0.606166,632,8138152,127948,0,2,0,2,0,0,0,0,0,0,5406,0,3510,1896,0
24894,16.661000,16.487450,14.441543,0.000000,2.664208,2.663903,0.000097,0.047250,0.049584,0.919042,632,8091803,123708,0,2,0,2,0,0,0,0,0,0,5406,0,3510,1896,0
24895,16.548417,16.484988,14.605972,0.000000,2.484334,2.483945,0.000139,0.054125,0.044125,0.609708,640,8122484,121851,0,2,0,2,0,0,0,0,0,0,7208,0,4680,2528,0
24896,16.692625,16.533539,14.733744,0.000000,2.468167,2.467904,0.000055,0.047250,0.045042,0.904583,631,8091899,127231,0,2,0,2,0,0,0,0,0,0,5406,0,3510,1896,0
24897,16.808458,16.690672,14.469359,0.000000,2.802625,2.802278,0.000097,0.056500,0.027375,1.218583,631,8107178,124382,0,2,0,2,0,0,0,0,0,0,5406,0,3510,1896,0
24898,15.665667,15.542551,13.580867,0.000000,2.597791,2.597570,0.000055,0.036708,0.029125,0.627334,645,8122357,120666,0,2,0,2,0,0,0,0,0,0,7665,0,4680,2985,0
24899,17.482917,17.407892,16.195145,0.000000,2.004249,2.003904,0.000096,0.049000,0.049541,1.216334,631,8091815,134665,0,2,0,2,0,0,0,0,0,0,5406,0,3510,1896,0
24900,16.749083,16.530875,14.437413,0.000000,2.707459,2.707112,0.000180,0.042708,0.011000,0.610833,632,8091792,125844,0,2,0,2,0,0,0,0,0,0,5406,0,3510,1896,0
24901,16.594833,16.525542,14.601738,0.000000,2.562208,2.561945,0.000097,0.052625,0.019917,0.817750,641,8137929,124396,0,2,0,2,0,0,0,0,0,0,7208,0,4680,2528,0
24902,16.987292,16.792259,15.495951,0.000000,1.970542,1.970279,0.000055,0.073958,0.017625,0.290958,629,8076409,126357,0,2,0,2,0,0,0,0,0,0,5406,0,3510,1896,0
24903,16.770833,16.770839,15.815964,0.000000,1.696375,1.695987,0.000055,0.068875,0.012917,0.933541,632,8122672,127202,0,2,0,2,0,0,0,0,0,0,5406,0,3510,1896,0
24904,16.490209,16.371664,15.178496,0.000000,1.893292,1.892736,0.000139,0.087083,0.018833,0.918750,640,8107042,123457,0,2,0,2,0,0,0,0,0,0,7208,0,4680,2528,0
24905,16.155458,16.012433,14.759401,0.000000,1.904000,1.903737,0.000055,0.056625,0.017625,0.611584,637,8138029,126945,0,2,0,2,0,0,0,0,0,0,5728,0,3510,2218,0
24906,17.302250,17.105032,16.453465,0.000000,1.431334,1.430903,0.000180,0.073167,0.018625,0.909292,628,8060970,133623,0,2,0,2,0,0,0,0,0,0,5406,0,3510,1896,0
24907,16.735667,16.762724,15.728120,0.000000,1.772874,1.772486,0.000180,0.065916,0.047750,0.635333,644,8153333,126882,0,2,0,2,0,0,0,0,0,0,7208,0,4680,2528,0
24908,16.651125,16.394146,15.684580,0.000000,1.455292,1.454904,0.000138,0.071875,0.041083,0.987250,627,8060930,128059,0,2,0,2,0,0,0,0,0,0,5406,0,3510,1896,0
24909,16.810708,16.694162,15.592188,0.000000,1.773709,1.772237,0.001222,0.079333,0.016042,0.611166,632,8107259,127030,0,2,0,2,0,0,0,0,0,0,5406,0,3510,1896,0
24910,16.541833,16.519052,15.693719,0.000000,1.534959,1.534445,0.000139,0.068625,0.014292,0.591834,642,8137939,126047,0,2,0,2,0,0,0,0,0,0,7208,0,4680,2528,0
24911,16.756959,16.648373,15.727633,0.000000,1.632125,1.629112,0.002680,0.060166,0.019750,0.610000,630,8091807,128085,0,2,0,2,0,0,0,0,0,0,5406,0,3510,1896,0
24912,16.679125,16.518262,15.558244,0.000000,1.677125,1.676862,0.000055,0.055500,0.012416,1.145541,631,8107256,127314,0,2,0,2,0,0,0,0,0,0,5406,0,3510,1896,0
24913,16.529500,16.458304,15.110830,0.000000,2.027915,2.019111,0.008305,0.070166,0.011375,0.943667,640,8122576,124668,0,2,0,2,0,0,0,0,0,0,7208,0,4680,2528,0
24914,16.929875,16.775355,15.697743,0.000000,1.749167,1.742987,0.005138,0.049291,0.020625,0.662458,630,8091975,128674,0,2,0,2,0,0,0,0,0,0,5406,0,3510,1896,0
24915,16.664708,16.441329,16.130504,0.000000,0.620792,0.620112,0.000180,0.079583,0.023500,0.604125,632,8091687,125518,0,2,0,2,0,0,0,0,0,0,5406,0,3510,1896,0
24916,16.443542,16.466548,16.085089,0.000000,1.243416,1.242278,0.000722,0.082083,0.013833,0.651208,643,8132197,126261,0,2,0,2,0,0,0,0,0,0,7208,0,4680,2528,0
24917,16.987583,16.810326,15.664307,0.000000,1.823999,1.823570,0.000096,0.064250,0.019792,0.952333,630,8097525,128486,0,2,0,2,0,0,0,0,0,0,5406,0,3510,1896,0
24918,16.646792,16.568869,15.357422,0.000000,1.928917,1.928487,0.000180,0.063708,0.012708,0.641042,632,8107175,126299,0,2,0,2,0,0,0,0,0,0,5406,0,3510,1896,0
24919,16.548791,16.348924,15.427605,0.000000,1.652125,1.651528,0.000222,0.069667,0.019542,0.968667,642,8122669,124558,0,2,0,2,0,0,0,0,0,0,7208,0,4680,2528,0
24920,16.684209,16.598586,15.778518,0.000000,1.574959,1.574529,0.000138,0.064166,0.017167,1.296375,630,8080801,128324,0,2,0,2,0,0,0,0,0,0,5406,0,3510,1896,0
24921,16.768541,16.655681,15.658654,0.000000,1.704417,1.704112,0.000097,0.059709,0.018583,0.609583,632,8118080,127112,0,2,0,2,0,0,0,0,0,0,5406,0,3510,1896,0
24922,16.465500,16.403804,15.295656,0.000000,1.791541,1.791236,0.000055,0.071792,0.020292,0.630250,641,8122530,124387,0,2,0,2,0,0,0,0,0,0,7208,0,4680,2528,0
24923,16.908334,16.670227,15.471085,0.000000,1.888793,1.888362,0.000138,0.065125,0.019458,0.611875,628,8076380,127268,0,2,0,2,0,0,0,0,0,0,5406,0,3510,1896,0
24924,16.776458,16.724048,15.660268,0.000000,1.753167,1.750612,0.002138,0.080417,0.015333,0.778334,639,8122690,127195,0,2,0,2,0,0,0,0,0,0,5406,0,3510,1896,0
24925,16.513625,16.420746,15.490050,0.000000,1.677293,1.674820,0.002222,0.058917,0.029791,0.446125,639,8100676,125315,0,2,0,2,0,0,0,0,0,0,7208,0,4680,2528,0
24926,16.667375,16.520703,15.446391,0.000000,1.754458,1.754070,0.000138,0.058542,0.023875,0.764208,630,8113669,127238,0,2,0,2,0,0,0,0,0,0,5406,0,3510,1896,0
24927,16.649750,16.437908,15.292125,0.000000,1.886959,1.879445,0.007138,0.060417,0.019500,0.737292,632,8091826,124486,0,2,0,2,0,0,0,0,0,0,5406,0,3510,1896,0
24928,16.711458,16.768163,15.914148,0.000000,1.632292,1.631945,0.000139,0.101709,0.029416,0.468458,641,8137973,128380,0,2,0,2,0,0,0,0,0,0,7208,0,4680,2528,0
24929,16.769167,16.550667,15.197783,0.000000,1.969625,1.969112,0.000138,0.062625,0.020917,1.010083,631,8091803,125560,0,2,0,2,0,0,0,0,0,0,5406,0,3510,1896,0
24930,16.633333,16.529939,15.214706,0.000000,2.004458,2.004028,0.000180,0.060750,0.011375,0.630000,632,8107340,125912,0,2,0,2,0,0,0,0,0,0,6295,0,3887,2408,0
24931,16.741667,16.547967,15.469611,0.000000,1.820333,1.819945,0.000180,0.063542,0.014000,0.946417,637,8091576,125632,0,2,0,2,0,0,0,0,0,0,6319,0,4303,2016,0
24932,16.647333,16.590445,15.473539,0.000000,1.794666,1.794237,0.000221,0.073250,0.020625,0.651125,632,8122721,127424,0,2,0,2,0,0,0,0,0,0,5406,0,3510,1896,0
24933,16.628542,16.460792,15.277377,0.000000,1.877666,1.877028,0.000347,0.074417,0.012583,0.787167,636,8107126,123908,0,2,0,2,0,0,0,0,0,0,7208,0,4680,2528,0
24934,16.768333,16.680365,15.916333,0.000000,1.544249,1.535403,0.008555,0.064542,0.019792,0.530750,633,8107188,128488,0,2,0,2,0,0,0,0,0,0,5406,0,3510,1896,0
24935,16.656667,16.476653,15.172250,0.000000,1.939124,1.938695,0.000096,0.064042,0.041666,0.751458,630,8091815,125097,0,2,0,2,0,0,0,0,0,0,5406,0,3510,1896,0
24936,16.465917,16.385212,15.412783,0.000000,1.689666,1.685820,0.003680,0.060208,0.030583,0.915958,640,8122534,125113,0,2,0,2,0,0,0,0,0,0,7208,0,4680,2528,0
24937,16.949291,16.848497,16.016912,0.000000,1.592000,1.589653,0.001889,0.062459,0.022375,0.474833,632,8107275,128790,0,2,0,2,0,0,0,0,0,0,5406,0,3510,1896,0
24938,15.707875,15.620409,14.497505,0.000000,1.811750,1.811237,0.000138,0.054792,0.012375,0.914708,633,8107167,125773,0,2,0,2,0,0,0,0,0,0,5637,0,3510,2127,0
24939,17.595334,17.413173,17.039417,0.000000,1.243667,1.226487,0.016847,0.079833,0.016792,0.443791,640,8107038,131558,0,2,0,2,0,0,0,0,0,0,7208,0,4680,2528,0
24940,16.800333,16.740047,16.195545,0.000000,1.351209,1.350695,0.000139,0.061167,0.035458,0.903750,630,8107302,128117,0,2,0,2,0,0,0,0,0,0,5406,0,3510,1896,0
24941,16.656833,16.542608,15.489272,0.000000,1.776542,1.776112,0.000180,0.061000,0.031875,0.610875,633,8107335,125029,0,2,0,2,0,0,0,0,0,0,5406,0,3510,1896,0
24942,16.538125,16.395578,15.436168,0.000000,1.506916,1.506362,0.000138,0.069459,0.019708,0.975167,640,8106958,122606,0,2,0,2,0,0,0,0,0,0,7208,0,4680,2528,0
24943,16.834959,16.702845,16.015616,0.000000,1.415875,1.415486,0.000139,0.073416,0.021000,1.070542,632,8107300,127490,0,2,0,2,0,0,0,0,0,0,5406,0,3510,1896,0
24944,16.815000,16.680754,15.752833,0.000000,1.439083,1.438695,0.000138,0.072166,0.035917,0.317583,632,8107274,125077,0,2,0,2,0,0,0,0,0,0,5406,0,3510,1896,0
24945,16.381791,16.304746,15.677680,0.000000,1.380708,1.380070,0.000222,0.071959,0.019875,0.618375,639,8118445,122738,0,2,0,2,0,0,0,0,0,0,7208,0,4680,2528,0
24946,16.476334,16.349716,16.138161,0.000000,1.170500,1.162611,0.007597,0.065333,0.021000,0.610167,638,8157611,131605,0,2,0,2,0,0,0,0,0,0,5565,0,3510,2055,0
24947,17.261125,17.088772,17.003507,0.000000,0.573582,0.573070,0.000096,0.056708,0.059167,0.851416,628,8045440,135232,0,2,0,2,0,0,0,0,0,0,5406,0,3510,1896,0
24948,16.721416,16.605287,15.890749,0.000000,1.483584,1.482695,0.000472,0.065584,0.048625,0.615375,640,8107032,125046,0,2,0,2,0,0,0,0,0,0,7208,0,4680,2528,0
24949,16.740042,16.620935,16.251852,0.000000,1.169042,1.168403,0.000097,0.067458,0.030250,0.912167,633,8107235,127630,0,2,0,2,0,0,0,0,0,0,5406,0,3510,1896,0
24950,16.620125,16.490394,15.666007,0.000000,1.580666,1.580237,0.000096,0.061375,0.030917,0.641375,633,8107260,125887,0,2,0,2,0,0,0,0,0,0,5406,0,3510,1896,0
24951,16.662000,16.558156,15.702776,0.000000,1.570750,1.570237,0.000138,0.070833,0.018209,1.092250,639,8111615,123759,0,2,0,2,0,0,0,0,0,0,7208,0,4680,2528,0
24952,16.552083,16.417767,15.730672,0.000000,1.462124,1.461903,0.000055,0.068584,0.036916,0.619750,631,8102727,126063,0,2,0,2,0,0,0,0,0,0,5406,0,3510,1896,0
24953,16.550667,16.434650,16.285417,0.000000,1.031668,1.031112,0.000138,0.075292,0.030291,0.690750,632,8107221,128494,0,2,0,2,0,0,0,0,0,0,5406,0,3510,1896,0
24954,16.544833,16.426657,15.790676,0.000000,1.361125,1.360778,0.000055,0.070709,0.019500,0.619625,641,8107043,126302,0,2,0,2,0,0,0,0,0,0,7208,0,4680,2528,0
24955,16.743750,16.553332,15.861462,0.000000,1.520959,1.512653,0.007972,0.064334,0.030041,0.659875,628,8091812,127862,0,2,0,2,0,0,0,0,0,0,5406,0,3510,1896,0
24956,16.901334,16.867673,16.178542,0.000000,1.440167,1.438154,0.001638,0.077916,0.032584,1.318500,633,8122867,128250,0,2,0,2,0,0,0,0,0,0,5406,0,3510,1896,0
24957,16.367750,16.223973,15.295595,0.000000,1.647874,1.647528,0.000097,0.060833,0.046208,0.638416,639,8106885,124128,0,2,0,2,0,0,0,0,0,0,7208,0,4680,2528,0
24958,16.901583,16.814575,16.253571,0.000000,1.401791,1.401403,0.000055,0.073750,0.020625,0.609334,631,8107262,129323,0,2,0,2,0,0,0,0,0,0,5406,0,3510,1896,0
24959,16.597875,16.452560,15.437101,0.000000,1.716249,1.713820,0.002096,0.060417,0.025291,1.245833,633,8107298,125374,0,2,0,2,0,0,0,0,0,0,5406,0,3510,1896,0
24960,16.498083,16.418020,15.363653,0.000000,1.787001,1.786570,0.000138,0.065125,0.049834,0.607875,639,8106998,123765,0,2,0,2,0,0,0,0,0,0,7208,0,4680,2528,0
24961,16.965375,16.839841,15.762210,0.000000,1.729958,1.729570,0.000097,0.073500,0.017042,0.903374,631,8107257,127795,0,2,0,2,0,0,0,0,0,0,5406,0,3510,1896,0
24962,16.721792,16.603042,15.421625,0.000000,1.830625,1.830195,0.000138,0.072417,0.016750,0.639542,632,8107319,125212,0,2,0,2,0,0,0,0,0,0,5406,0,3510,1896,0
24963,16.442958,16.316928,15.189684,0.000000,1.836334,1.832945,0.003097,0.053459,0.013291,0.779250,641,8107044,122621,0,2,0,2,0,0,0,0,0,0,7208,0,4680,2528,0
24964,16.854834,16.744057,15.840214,0.000000,1.631958,1.631570,0.000097,0.059708,0.032958,0.610750,631,8107233,127311,0,2,0,2,0,0,0,0,0,0,5406,0,3510,1896,0
24965,16.703541,16.567000,15.246303,0.000000,2.024208,2.023862,0.000138,0.066875,0.045542,0.755709,632,8107255,124535,0,2,0,2,0,0,0,0,0,0,5406,0,3510,1896,0
24966,16.468792,16.360570,15.231594,0.000000,1.846457,1.846153,0.000138,0.059708,0.047417,0.608583,641,8107025,122307,0,2,0,2,0,0,0,0,0,0,7208,0,4680,2528,0
24967,16.873625,16.739418,15.969872,0.000000,1.551082,1.550611,0.000097,0.058042,0.018833,0.961084,632,8107292,126691,0,2,0,2,0,0,0,0,0,0,5406,0,3510,1896,0
24968,16.711708,16.567170,15.304366,0.000000,1.957333,1.956987,0.000096,0.069750,0.023042,1.055667,632,8107233,124784,0,2,0,2,0,0,0,0,0,0,5406,0,3510,1896,0
24969,16.580625,16.379122,14.981677,0.000000,2.024500,2.023695,0.000430,0.064542,0.024625,0.625625,640,8091722,120603,0,2,0,2,0,0,0,0,0,0,7208,0,4680,2528,0
24970,16.824459,16.771952,15.954451,0.000000,1.531124,1.530278,0.000347,0.068791,0.027625,0.766916,633,8122562,127110,0,2,0,2,0,0,0,0,0,0,5406,0,3510,1896,0
24971,16.689166,16.578512,15.845083,0.000000,1.538792,1.538487,0.000138,0.063042,0.016875,0.577875,653,8106946,125158,0,2,0,2,0,0,0,0,0,0,7447,0,3510,3937,0
24972,16.506750,16.288468,15.473771,0.000000,1.620209,1.618237,0.001680,0.072292,0.021625,0.645834,638,8091572,121492,0,2,0,2,0,0,0,0,0,0,7208,0,4680,2528,0
24973,16.929167,16.913837,16.431040,0.000000,1.176209,1.175778,0.000139,0.064792,0.014458,0.437500,631,8122732,127081,0,2,0,2,0,0,0,0,0,0,5406,0,3510,1896,0
24974,16.004625,15.925085,14.874079,0.000000,1.614292,1.613862,0.000138,0.065292,0.045250,0.814126,632,8122653,122822,0,2,0,2,0,0,0,0,0,0,5535,0,3510,2025,0
24975,17.120417,16.967419,16.730363,0.000000,0.662625,0.661945,0.000180,0.074375,0.017625,0.744541,637,8107067,128624,0,2,0,2,0,0,0,0,0,0,7208,0,4680,2528,0
24976,16.048083,15.864759,15.480953,0.000000,1.170583,1.170028,0.000264,0.055875,0.013167,0.620000,637,8107123,126469,0,2,0,2,0,0,0,0,0,0,5728,0,3510,2218,0
24977,17.401208,17.244001,16.725206,0.000000,1.285750,1.285445,0.000096,0.068250,0.021375,0.743542,631,8076370,133651,0,2,0,2,0,0,0,0,0,0,5406,0,3510,1896,0
24978,16.746334,16.685921,15.559372,0.000000,1.808251,1.780653,0.027222,0.067916,0.030667,0.626292,640,8114418,126024,0,2,0,2,0,0,0,0,0,0,7208,0,4680,2528,0
24979,16.585375,16.387712,15.730950,0.000000,1.395708,1.395320,0.000180,0.064541,0.032209,0.994374,631,8099925,126392,0,2,0,2,0,0,0,0,0,0,5406,0,3510,1896,0
24980,16.723250,16.740019,15.669406,0.000000,1.769459,1.762987,0.006180,0.060333,0.047708,0.612375,631,8122689,127301,0,2,0,2,0,0,0,0,0,0,5406,0,3510,1896,0
24981,16.716041,16.561789,15.690875,0.000000,1.591791,1.591403,0.000055,0.057417,0.012750,0.736833,639,8107084,126312,0,2,0,2,0,0,0,0,0,0,7208,0,4680,2528,0
24982,16.398750,16.301578,15.034842,0.000000,1.950375,1.935111,0.015014,0.072959,0.018666,0.610625,634,8107320,123298,0,2,0,2,0,0,0,0,0,0,5406,0,3510,1896,0
24983,16.383500,16.210510,15.119497,0.000000,1.767335,1.761154,0.005930,0.059542,0.014958,0.925458,631,8107243,125719,0,2,0,2,0,0,0,0,0,0,7226,0,4536,2690,0
24984,17.571417,17.536984,17.533276,0.000000,0.000374,0.000000,0.000000,0.105417,0.034666,0.753291,640,8106935,139963,0,2,0,2,0,0,0,0,0,0,5610,0,3654,1956,0
24985,16.212958,15.936777,15.775156,0.000000,0.914792,0.895820,0.015014,0.066834,0.040041,0.445375,631,8091813,128055,0,2,0,2,0,0,0,0,0,0,5406,0,3510,1896,0
24986,16.630292,16.560802,15.871851,0.000000,1.442875,1.441237,0.001346,0.068083,0.024250,0.907374,641,8137962,127856,0,2,0,2,0,0,0,0,0,0,7208,0,4680,2528,0
24987,16.743333,16.577591,16.101015,0.000000,1.296209,1.295737,0.000138,0.066750,0.040000,0.613000,628,8076377,130307,0,2,0,2,0,0,0,0,0,0,5406,0,3510,1896,0
24988,16.830834,16.808382,15.900780,0.000000,1.635084,1.634695,0.000180,0.059708,0.013000,0.916125,633,8123457,130031,0,2,0,2,0,0,0,0,0,0,5406,0,3510,1896,0
24989,16.474916,16.342376,16.041208,0.000000,1.180167,1.167154,0.012805,0.060250,0.020209,0.443500,639,8121851,127178,0,2,0,2,0,0,0,0,0,0,7208,0,4680,2528,0
24990,16.894292,16.680120,16.082873,0.000000,1.359459,1.358945,0.000180,0.059583,0.013417,0.841583,628,8076401,130163,0,2,0,2,0,0,0,0,0,0,5406,0,3510,1896,0
24991,16.512417,16.369325,15.523765,0.000000,1.547917,1.547528,0.000139,0.071000,0.018833,0.910209,632,8107194,128158,0,2,0,2,0,0,0,0,0,0,5406,0,3510,1896,0
24992,16.705041,16.676626,16.157196,0.000000,1.299416,1.298945,0.000138,0.071542,0.023292,0.636416,643,8138071,128440,0,2,0,2,0,0,0,0,0,0,7208,0,4680,2528,0
24993,16.780084,16.716126,16.276801,0.000000,1.194500,1.192320,0.001930,0.074041,0.013625,0.581875,631,8096808,131623,0,2,0,2,0,0,0,0,0,0,5406,0,3510,1896,0
24994,15.904375,15.763002,14.817648,0.000000,1.664749,1.664111,0.000222,0.053541,0.017042,0.628750,636,8148375,129368,0,2,0,2,0,0,0,0,0,0,5574,0,3510,2064,0
24995,17.430666,17.319803,17.218492,0.000000,0.411665,0.406820,0.004596,0.071042,0.023292,0.962041,638,8076127,133719,0,2,0,2,0,0,0,0,0,0,7208,0,4680,2528,0
24996,16.622125,16.494460,16.365708,0.000000,0.520583,0.481945,0.038263,0.069542,0.022167,0.610667,630,8091794,129244,0,2,0,2,0,0,0,0,0,0,5406,0,3510,1896,0
24997,16.760750,16.552836,15.594293,0.000000,1.687000,1.686403,0.000222,0.068292,0.014583,0.798833,632,8107366,125951,0,2,0,2,0,0,0,0,0,0,5406,0,3510,1896,0
24998,16.649834,16.594792,16.178546,0.000000,1.231125,1.230654,0.000180,0.063875,0.021791,1.254541,639,8122425,126449,0,2,0,2,0,0,0,0,0,0,7208,0,4680,2528,0
24999,16.602500,16.470776,15.730475,0.000000,1.524042,1.523487,0.000180,0.059291,0.012667,0.472000,631,8107313,128519,0,2,0,2,0,0,0,0,0,0,5406,0,3510,1896,0
25000,16.629500,16.411006,15.592011,0.000000,1.557291,1.549361,0.007555,0.072500,0.020125,0.912043,630,8076291,126564,0,2,0,2,0,0,0,0,0,0,5406,0,3510,1896,0
25001,16.779208,16.728588,15.513561,0.000000,1.852667,1.852112,0.000138,0.066708,0.035167,0.560208,643,8137928,125379,0,2,0,2,0,0,0,0,0,0,7208,0,4680,2528,0
25002,16.708167,16.627961,15.888260,0.000000,1.507333,1.506987,0.000180,0.067583,0.014125,0.654917,632,8091919,127377,0,2,0,2,0,0,0,0,0,0,5406,0,3510,1896,0
25003,16.621500,16.375046,15.237420,0.000000,1.839667,1.832611,0.006764,0.062708,0.046583,0.470459,631,8091895,124671,0,2,0,2,0,0,0,0,0,0,5406,0,3510,1896,0
25004,16.716708,16.678553,16.081258,0.000000,1.375834,1.375445,0.000138,0.067875,0.023292,0.764626,643,8137921,125236,0,2,0,2,0,0,0,0,0,0,7208,0,4680,2528,0
25005,16.622375,16.418784,15.441635,0.000000,1.706749,1.706278,0.000180,0.060875,0.039083,0.613042,630,8076189,126593,0,2,0,2,0,0,0,0,0,0,5406,0,3510,1896,0
25006,16.837542,16.724703,15.597470,0.000000,1.809874,1.809236,0.000222,0.063916,0.013084,0.780959,631,8107275,126052,0,2,0,2,0,0,0,0,0,0,5406,0,3510,1896,0
25007,16.501291,16.505835,15.658104,0.000000,1.600167,1.599570,0.000180,0.063334,0.053500,0.915791,642,8153362,124248,0,2,0,2,0,0,0,0,0,0,7208,0,4680,2528,0
25008,16.799084,16.548504,15.768248,0.000000,1.553125,1.544945,0.007847,0.061375,0.013875,0.471625,627,8060928,127492,0,2,0,2,0,0,0,0,0,0,5406,0,3510,1896,0
25009,16.712125,16.590634,15.567405,0.000000,1.552500,1.552153,0.000097,0.074833,0.027792,0.665375,633,8107260,125372,0,2,0,2,0,0,0,0,0,0,5406,0,3510,1896,0
25010,15.936458,15.906792,14.681136,0.000000,1.863667,1.860695,0.002555,0.052208,0.014500,0.291042,645,8153323,126398,0,2,0,2,0,0,0,0,0,0,7378,0,4680,2698,0
25011,17.348208,17.265379,17.149672,0.000000,0.594916,0.586528,0.007930,0.058792,0.044833,0.935333,632,8091859,143248,0,2,0,2,0,0,0,0,0,0,5406,0,3510,1896,0
25012,16.670917,16.468218,15.967676,0.000000,1.317666,1.317111,0.000180,0.084750,0.016417,0.582750,631,8091738,126657,0,2,0,2,0,0,0,0,0,0,5406,0,3510,1896,0
25013,15.730458,15.567583,14.754215,0.000000,1.562875,1.562320,0.000096,0.062084,0.017125,0.636917,643,8091488,124175,0,2,0,2,0,0,0,0,0,0,7665,0,4680,2985,0
25014,17.703917,17.661781,17.153575,0.000000,1.317500,1.312112,0.004972,0.074583,0.020084,0.908499,634,8122666,135319,0,2,0,2,0,0,0,0,0,0,5406,0,3510,1896,0
25015,16.616125,16.452447,15.668053,0.000000,1.486459,1.485945,0.000222,0.060125,0.013542,0.455334,630,8107288,127188,0,2,0,2,0,0,0,0,0,0,5406,0,3510,1896,0
25016,16.572458,16.515156,15.936315,0.000000,1.409417,1.409029,0.000138,0.072584,0.015791,0.747542,639,8122739,126566,0,2,0,2,0,0,0,0,0,0,7208,0,4680,2528,0
25017,16.781042,16.668497,15.696207,0.000000,1.682542,1.682153,0.000097,0.058792,0.054333,0.468958,630,8093693,128513,0,2,0,2,0,0,0,0,0,0,5406,0,3510,1896,0
25018,16.024458,15.870168,15.155904,0.000000,1.451624,1.447403,0.000097,0.068334,0.020083,0.949917,632,8120440,128496,0,2,0,2,0,0,0,0,0,0,5728,0,3510,2218,0
25019,17.334209,17.244289,17.201535,0.000000,0.383666,0.383362,0.000096,0.065375,0.037458,0.633500,642,8107071,133611,0,2,0,2,0,0,0,0,0,0,7208,0,4680,2528,0
25020,16.709666,16.469538,15.737671,0.000000,1.498460,1.495237,0.002930,0.059459,0.014125,0.954208,630,8076360,128478,0,2,0,2,0,0,0,0,0,0,5406,0,3510,1896,0
25021,16.628375,16.509367,15.543038,0.000000,1.685084,1.684320,0.000139,0.061834,0.014458,0.638916,633,8107409,127485,0,2,0,2,0,0,0,0,0,0,5406,0,3510,1896,0
25022,16.751084,16.738217,15.645614,0.000000,1.800125,1.799737,0.000138,0.058875,0.013958,1.277667,641,8128905,126039,0,2,0,2,0,0,0,0,0,0,7208,0,4680,2528,0
25023,16.720833,16.509400,15.441840,0.000000,1.748750,1.748278,0.000097,0.058792,0.012875,0.960375,628,8085269,128734,0,2,0,2,0,0,0,0,0,0,5406,0,3510,1896,0
25024,16.896333,16.837785,16.070956,0.000000,1.497958,1.492361,0.005264,0.065250,0.019875,0.642625,632,8122701,127635,0,2,0,2,0,0,0,0,0,0,5406,0,3510,1896,0
25025,16.400125,16.313259,16.078500,0.000000,1.060083,1.059612,0.000138,0.069292,0.028625,0.723917,640,8107071,123730,0,2,0,2,0,0,0,0,0,0,7208,0,4680,2528,0
25026,16.764875,16.579634,15.682959,0.000000,1.696251,1.693737,0.000263,0.058959,0.018541,0.662667,633,8107186,129117,0,2,0,2,0,0,0,0,0,0,5406,0,3510,1896,0
25027,16.778334,16.590947,15.154510,0.000000,2.131251,2.125278,0.005597,0.057333,0.015083,1.304459,630,8091840,125587,0,2,0,2,0,0,0,0,0,0,5406,0,3510,1896,0
25028,16.495000,16.468577,15.447662,0.000000,1.732499,1.731862,0.000221,0.052458,0.011917,0.616833,640,8122502,125773,0,2,0,2,0,0,0,0,0,0,7208,0,4680,2528,0
25029,16.807041,16.663146,15.632115,0.000000,1.725167,1.724820,0.000180,0.056084,0.011416,0.786042,633,8107268,128187,0,2,0,2,0,0,0,0,0,0,5406,0,3510,1896,0
25030,16.671167,16.599883,15.457941,0.000000,1.854084,1.853528,0.000139,0.064667,0.021000,1.025375,632,8107305,126375,0,2,0,2,0,0,0,0,0,0,5406,0,3510,1896,0
25031,16.808833,16.635241,15.688329,0.000000,1.692875,1.692404,0.000096,0.075209,0.051791,0.633917,638,8097313,126393,0,2,0,2,0,0,0,0,0,0,7208,0,4680,2528,0
25032,16.622417,16.506956,15.506540,0.000000,1.737542,1.737112,0.000180,0.056250,0.013208,0.611542,633,8116984,127539,0,2,0,2,0,0,0,0,0,0,5406,0,3510,1896,0
25033,16.597542,16.486999,15.366705,0.000000,1.863166,1.854861,0.008055,0.060125,0.013333,0.608125,633,8107268,126582,0,2,0,2,0,0,0,0,0,0,5406,0,3510,1896,0
25034,16.684041,16.609168,15.483322,0.000000,1.814458,1.814070,0.000180,0.054459,0.058083,0.927791,638,8107097,126502,0,2,0,2,0,0,0,0,0,0,7208,0,4680,2528,0
25035,16.771500,16.512128,16.080435,0.000000,0.671958,0.671362,0.000180,0.075417,0.020833,0.291208,630,8091780,126028,0,2,0,2,0,0,0,0,0,0,5406,0,3510,1896,0
25036,16.749209,16.730804,15.897632,0.000000,1.545959,1.536486,0.005014,0.057291,0.013375,0.901250,631,8122911,127710,0,2,0,2,0,0,0,0,0,0,6513,0,4105,2408,0
25037,16.598291,16.463251,15.645546,0.000000,1.678375,1.677862,0.000180,0.073375,0.017334,0.906125,636,8106893,126643,0,2,0,2,0,0,0,0,0,0,6101,0,4085,2016,0
25038,16.681084,16.566495,15.304257,0.000000,1.958167,1.957737,0.000180,0.063083,0.011208,0.630208,633,8107240,126234,0,2,0,2,0,0,0,0,0,0,5406,0,3510,1896,0
25039,16.530541,16.404274,15.106956,0.000000,1.967583,1.967028,0.000180,0.068750,0.049292,1.250417,641,8122527,124118,0,2,0,2,0,0,0,0,0,0,7208,0,4680,2528,0
25040,16.988750,16.861560,16.007792,0.000000,1.614041,1.603320,0.010596,0.063625,0.012917,0.647500,628,8091877,128823,0,2,0,2,0,0,0,0,0,0,5406,0,3510,1896,0
25041,16.543959,16.433053,15.154763,0.000000,1.941042,1.940445,0.000347,0.061500,0.021083,0.946917,631,8107220,125998,0,2,0,2,0,0,0,0,0,0,5406,0,3510,1896,0
25042,16.530916,16.382499,15.175799,0.000000,1.919917,1.912945,0.006639,0.058750,0.048917,0.304958,640,8107062,123572,0,2,0,2,0,0,0,0,0,0,7208,0,4680,2528,0
25043,16.811292,16.757044,15.796665,0.000000,1.672375,1.672195,0.000055,0.068000,0.017042,0.971208,629,8107255,128269,0,2,0,2,0,0,0,0,0,0,5406,0,3510,1896,0
25044,16.725417,16.576007,15.534118,0.000000,1.759833,1.759528,0.000138,0.059083,0.014417,0.611917,633,8107275,126515,0,2,0,2,0,0,0,0,0,0,5406,0,3510,1896,0
25045,16.508250,16.326398,15.989307,0.000000,1.166542,1.166111,0.000180,0.059750,0.012125,0.642792,640,8107298,123118,0,2,0,2,0,0,0,0,0,0,7208,0,4680,2528,0
25046,16.812291,16.741926,15.772949,0.000000,1.713834,1.713237,0.000180,0.067625,0.019917,0.881126,631,8110618,129035,0,2,0,2,0,0,0,0,0,0,5406,0,3510,1896,0
25047,16.618459,16.519354,15.159728,0.000000,2.018417,2.018112,0.000055,0.061375,0.013166,0.291542,631,8103669,125744,0,2,0,2,0,0,0,0,0,0,5406,0,3510,1896,0
25048,15.942125,15.754048,14.896763,0.000000,1.585041,1.584486,0.000180,0.047708,0.011500,0.911292,646,8137858,126003,0,2,0,2,0,0,0,0,0,0,7382,0,4680,2702,0
25049,17.478750,17.391967,16.702062,0.000000,1.480333,1.479904,0.000180,0.061458,0.012625,0.634167,628,8076407,133642,0,2,0,2,0,0,0,0,0,0,5406,0,3510,1896,0
25050,16.714708,16.582567,16.307004,0.000000,1.076957,1.076403,0.000138,0.053333,0.011625,1.266666,633,8107240,125177,0,2,0,2,0,0,0,0,0,0,5406,0,3510,1896,0
25051,15.871875,15.773461,15.604564,0.000000,1.077750,1.077153,0.000264,0.059458,0.020542,0.609709,643,8106953,123570,0,2,0,2,0,0,0,0,0,0,7427,0,4680,2747,0
25052,17.714458,17.581069,17.040346,0.000000,1.342167,1.341737,0.000180,0.076875,0.016417,0.928541,633,8107300,134093,0,2,0,2,0,0,0,0,0,0,5406,0,3510,1896,0
25053,16.518792,16.390744,15.458663,0.000000,1.653667,1.653237,0.000222,0.060750,0.014083,0.939666,633,8107239,124683,0,2,0,2,0,0,0,0,0,0,5406,0,3510,1896,0
25054,16.500583,16.362148,15.460812,0.000000,1.653291,1.652486,0.000430,0.058500,0.011959,0.642333,641,8107018,121978,0,2,0,2,0,0,0,0,0,0,7208,0,4680,2528,0
25055,16.822709,16.723696,15.905684,0.000000,1.598542,1.585904,0.012430,0.054833,0.011958,0.589875,633,8107278,127160,0,2,0,2,0,0,0,0,0,0,5406,0,3510,1896,0
25056,16.745250,16.621533,15.566799,0.000000,1.718876,1.718570,0.000097,0.074375,0.043916,0.632708,629,8107238,125607,0,2,0,2,0,0,0,0,0,0,5406,0,3510,1896,0
25057,16.494500,16.267707,15.106468,0.000000,1.843499,1.843153,0.000055,0.058833,0.015833,0.815292,641,8091626,122042,0,2,0,2,0,0,0,0,0,0,7208,0,4680,2528,0
25058,16.836666,16.836364,15.898095,0.000000,1.676791,1.676404,0.000138,0.066084,0.039666,0.629959,632,8122786,127899,0,2,0,2,0,0,0,0,0,0,5406,0,3510,1896,0
25059,16.727959,16.583133,15.182713,0.000000,2.054916,2.054403,0.000180,0.066000,0.028291,0.958334,630,8107164,124487,0,2,0,2,0,0,0,0,0,0,5406,0,3510,1896,0
25060,16.441125,16.363003,15.291455,0.000000,1.718458,1.715945,0.002055,0.067000,0.045500,0.612458,640,8107034,122965,0,2,0,2,0,0,0,0,0,0,7208,0,4680,2528,0
25061,16.812666,16.672140,15.718038,0.000000,1.710584,1.710154,0.000180,0.064250,0.023250,1.073791,631,8107304,127165,0,2,0,2,0,0,0,0,0,0,5406,0,3510,1896,0
25062,16.836292,16.629501,15.181035,0.000000,2.078167,2.077862,0.000097,0.058708,0.014292,0.908292,630,8091779,124288,0,2,0,2,0,0,0,0,0,0,5406,0,3510,1896,0
25063,16.451167,16.392049,15.221441,0.000000,1.844166,1.843486,0.000305,0.064375,0.025958,0.611500,642,8122507,123019,0,2,0,2,0,0,0,0,0,0,7208,0,4680,2528,0
25064,16.969625,16.878786,16.431784,0.000000,1.197374,1.196945,0.000096,0.067250,0.024875,0.906959,631,8107234,128325,0,2,0,2,0,0,0,0,0,0,5406,0,3510,1896,0
25065,16.696666,16.572946,15.518375,0.000000,1.780292,1.772987,0.007055,0.071334,0.016625,0.522958,631,8107301,125132,0,2,0,2,0,0,0,0,0,0,5406,0,3510,1896,0
25066,16.347917,16.197949,15.368072,0.000000,1.533125,1.532570,0.000264,0.068500,0.022375,0.777917,640,8107015,122875,0,2,0,2,0,0,0,0,0,0,7208,0,4680,2528,0
25067,16.937500,16.823820,15.930560,0.000000,1.656584,1.648154,0.008180,0.058958,0.013084,0.610167,632,8107249,127842,0,2,0,2,0,0,0,0,0,0,5406,0,3510,1896,0
25068,16.691792,16.578142,15.495511,0.000000,1.763667,1.763112,0.000180,0.066750,0.020250,0.763667,631,8107261,125498,0,2,0,2,0,0,0,0,0,0,5406,0,3510,1896,0
25069,16.482833,16.272548,15.544335,0.000000,1.452334,1.445653,0.006097,0.074333,0.020750,0.911875,640,8091768,121992,0,2,0,2,0,0,0,0,0,0,7208,0,4680,2528,0
25070,16.850125,16.827695,15.803835,0.000000,1.786751,1.781654,0.004930,0.073375,0.014708,0.460167,633,8123085,127689,0,2,0,2,0,0,0,0,0,0,5406,0,3510,1896,0
25071,16.672167,16.543232,15.913688,0.000000,1.443625,1.443237,0.000180,0.061625,0.016500,0.901917,631,8111246,124999,0,2,0,2,0,0,0,0,0,0,5406,0,3510,1896,0
25072,16.474291,16.244271,15.109779,0.000000,1.831083,1.830695,0.000139,0.066000,0.020334,0.608166,639,8087131,122563,0,2,0,2,0,0,0,0,0,0,7208,0,4680,2528,0
25073,16.725042,16.619245,15.470966,0.000000,1.797583,1.797279,0.000096,0.070250,0.016875,1.062500,633,8107188,125629,0,2,0,2,0,0,0,0,0,0,5406,0,3510,1896,0
25074,16.786708,16.663997,15.566666,0.000000,1.755417,1.754987,0.000138,0.073292,0.018708,0.612375,631,8107260,125002,0,2,0,2,0,0,0,0,0,0,5406,0,3510,1896,0
25075,16.120375,16.150951,15.384906,0.000000,1.503750,1.500528,0.002889,0.069834,0.053916,0.742875,646,8184226,122796,0,2,0,2,0,0,0,0,0,0,7399,0,4680,2719,0
25076,16.948125,16.756802,16.607527,0.000000,0.858293,0.857904,0.000138,0.054459,0.043125,0.953709,627,8045436,133211,0,2,0,2,0,0,0,0,0,0,5406,0,3510,1896,0
25077,16.712875,16.605437,15.565014,0.000000,1.784667,1.784195,0.000097,0.055292,0.011250,0.611625,632,8107259,127560,0,2,0,2,0,0,0,0,0,0,5406,0,3510,1896,0
25078,16.637792,16.532137,15.720685,0.000000,1.597292,1.590278,0.006722,0.062958,0.020334,0.850458,661,8122356,125294,0,2,0,2,0,0,0,0,0,0,9249,0,4680,4569,0
25079,16.853917,16.758424,15.823089,0.000000,1.688085,1.687529,0.000180,0.067916,0.038084,0.447209,632,8107066,127511,0,2,0,2,0,0,0,0,0,0,5406,0,3510,1896,0
25080,16.616583,16.375789,15.554628,0.000000,1.546041,1.545528,0.000097,0.060375,0.021917,1.005542,630,8076440,125653,0,2,0,2,0,0,0,0,0,0,5406,0,3510,1896,0
25081,16.652708,16.596961,15.696587,0.000000,1.638750,1.630945,0.007389,0.068292,0.031042,0.458458,641,8137885,125678,0,2,0,2,0,0,0,0,0,0,7208,0,4680,2528,0
25082,16.694459,16.623242,15.633126,0.000000,1.713957,1.713570,0.000138,0.059666,0.059125,1.255541,631,8091824,127039,0,2,0,2,0,0,0,0,0,0,5406,0,3510,1896,0
25083,16.661083,16.522871,15.561660,0.000000,1.685416,1.684945,0.000180,0.063542,0.027625,0.608083,631,8107273,125914,0,2,0,2,0,0,0,0,0,0,5406,0,3510,1896,0
25084,16.697000,16.608802,15.744891,0.000000,1.657875,1.657528,0.000097,0.070417,0.029708,1.019625,639,8107063,126570,0,2,0,2,0,0,0,0,0,0,7208,0,4680,2528,0
25085,16.929625,16.853657,16.021645,0.000000,1.540417,1.531070,0.008805,0.101292,0.037416,0.606750,630,8107280,126012,0,2,0,2,0,0,0,0,0,0,5406,0,3510,1896,0
25086,16.850250,16.537889,16.393662,0.000000,0.592582,0.589153,0.000180,0.096917,0.015041,0.319083,632,8091837,125172,0,2,0,2,0,0,0,0,0,0,5406,0,3510,1896,0
25087,16.740792,16.748472,16.627279,0.000000,0.000624,0.000000,0.000000,0.093916,0.026417,0.617792,641,8122481,126775,0,2,0,2,0,0,0,0,0,0,7208,0,4680,2528,0
25088,16.236375,15.987078,15.831879,0.000000,0.926251,0.925779,0.000138,0.071583,0.031583,0.633333,630,8091895,125615,0,2,0,2,0,0,0,0,0,0,5406,0,3510,1896,0
25089,16.803958,16.774371,15.705141,0.000000,1.720707,1.720195,0.000138,0.076000,0.023458,0.952542,632,8122810,126826,0,2,0,2,0,0,0,0,0,0,6944,0,4536,2408,0
25090,16.136667,15.984702,15.863924,0.000000,0.663709,0.663236,0.000097,0.059166,0.019750,0.633458,640,8125173,126979,0,2,0,2,0,0,0,0,0,0,5670,0,3654,2016,0
25091,17.083958,16.960081,16.321305,0.000000,1.447125,1.432695,0.014263,0.062417,0.023583,1.260000,630,8089077,131423,0,2,0,2,0,0,0,0,0,0,5406,0,3510,1896,0
25092,16.740417,16.656379,15.787120,0.000000,1.622584,1.622112,0.000097,0.061458,0.058042,1.325792,642,8137836,125700,0,2,0,2,0,0,0,0,0,0,7208,0,4680,2528,0
25093,16.654916,16.429470,15.784578,0.000000,1.474126,1.473570,0.000097,0.065667,0.027125,0.307000,630,8064767,126610,0,2,0,2,0,0,0,0,0,0,5406,0,3510,1896,0
25094,16.757292,16.639581,15.559706,0.000000,1.794332,1.791820,0.000721,0.062875,0.026625,0.914083,630,8103456,126046,0,2,0,2,0,0,0,0,0,0,5406,0,3510,1896,0
25095,16.207458,16.191335,16.016503,0.000000,0.283250,0.280028,0.002597,0.064834,0.015333,0.311458,646,8145171,127331,0,2,0,2,0,0,0,0,0,0,7419,0,4680,2739,0
25096,17.137084,16.918211,16.781322,0.000000,0.827958,0.821445,0.006139,0.065875,0.014166,0.806917,628,8069067,133636,0,2,0,2,0,0,0,0,0,0,5406,0,3510,1896,0
25097,16.826958,16.703712,15.805261,0.000000,1.577042,1.572779,0.000763,0.071958,0.015125,0.330542,632,8107266,125721,0,2,0,2,0,0,0,0,0,0,5406,0,3510,1896,0
25098,16.669000,16.621540,16.590634,0.000000,0.673709,0.672862,0.000222,0.086250,0.014875,0.581458,642,8122597,125612,0,2,0,2,0,0,0,0,0,0,7208,0,4680,2528,0
25099,16.626458,16.493768,16.511570,0.000000,0.605249,0.604736,0.000264,0.058292,0.048792,0.291125,632,8109170,128598,0,2,0,2,0,0,0,0,0,0,5406,0,3510,1896,0
25100,16.605750,16.473972,14.816078,0.000000,2.335083,2.334820,0.000096,0.063167,0.016792,1.217125,630,8105309,125825,0,2,0,2,0,0,0,0,0,0,5406,0,3510,1896,0
25101,16.447542,16.326591,14.537257,0.000000,2.441124,2.440778,0.000180,0.050000,0.045708,1.232833,640,8107051,123451,0,2,0,2,0,0,0,0,0,0,7208,0,4680,2528,0
25102,16.820458,16.694046,14.935306,0.000000,2.439251,2.438945,0.000097,0.047084,0.012166,0.611292,633,8107300,128259,0,2,0,2,0,0,0,0,0,0,5406,0,3510,1896,0
25103,16.754292,16.640839,14.504500,0.000000,2.737959,2.737737,0.000055,0.056458,0.013625,1.272208,630,8107200,126093,0,2,0,2,0,0,0,0,0,0,5406,0,3510,1896,0
25104,16.479583,16.285351,14.524373,0.000000,2.406208,2.405903,0.000138,0.047875,0.012167,0.619750,638,8091616,122948,0,2,0,2,0,0,0,0,0,0,7208,0,4680,2528,0
25105,16.903667,16.888923,15.275327,0.000000,2.320041,2.319736,0.000139,0.055542,0.013041,0.921126,633,8122723,128407,0,2,0,2,0,0,0,0,0,0,5406,0,3510,1896,0
25106,16.719167,16.600948,14.622835,0.000000,2.544043,2.543695,0.000180,0.050625,0.046916,0.673917,631,8107242,125756,0,2,0,2,0,0,0,0,0,0,5406,0,3510,1896,0
25107,16.484375,16.352852,14.423469,0.000000,2.573667,2.573362,0.000138,0.058666,0.013334,0.962750,641,8107067,122966,0,2,0,2,0,0,0,0,0,0,7208,0,4680,2528,0
25108,16.816791,16.711635,14.962713,0.000000,2.401916,2.401611,0.000097,0.054542,0.047708,1.230041,632,8107339,128374,0,2,0,2,0,0,0,0,0,0,5406,0,3510,1896,0
25109,16.655042,16.540403,14.495957,0.000000,2.665291,2.664862,0.000138,0.042542,0.010791,0.608334,630,8107139,125444,0,2,0,2,0,0,0,0,0,0,5406,0,3510,1896,0
25110,16.588833,16.465721,14.406586,0.000000,2.662042,2.661737,0.000138,0.041417,0.027875,1.246542,640,8107043,123037,0,2,0,2,0,0,0,0,0,0,7208,0,4680,2528,0
25111,16.806084,16.686899,14.870519,0.000000,2.469791,2.469486,0.000139,0.051833,0.011458,0.619916,633,8107263,128172,0,2,0,2,0,0,0,0,0,0,5406,0,3510,1896,0
25112,16.619541,16.502909,14.416332,0.000000,2.690417,2.690154,0.000096,0.044292,0.009042,1.230042,633,8107253,126118,0,2,0,2,0,0,0,0,0,0,5406,0,3510,1896,0
25113,16.499000,16.406207,14.179658,0.000000,2.800918,2.800737,0.000097,0.046834,0.032125,0.609458,640,8107082,123369,0,2,0,2,0,0,0,0,0,0,7208,0,4680,2528,0
25114,16.939417,16.785938,15.154857,0.000000,2.320375,2.320111,0.000139,0.054708,0.029334,0.900625,632,8107222,127959,0,2,0,2,0,0,0,0,0,0,5406,0,3510,1896,0
25115,16.704500,16.575745,14.541587,0.000000,2.657834,2.657529,0.000138,0.044875,0.052750,1.234625,633,8107506,125946,0,2,0,2,0,0,0,0,0,0,5406,0,3510,1896,0
25116,16.490042,16.397500,14.422343,0.000000,2.611249,2.610903,0.000138,0.053041,0.049750,0.610417,639,8106815,124538,0,2,0,2,0,0,0,0,0,0,7208,0,4680,2528,0
25117,16.893666,16.769049,14.932705,0.000000,2.491792,2.491570,0.000055,0.051209,0.011333,1.231958,631,8107258,127944,0,2,0,2,0,0,0,0,0,0,5406,0,3510,1896,0
25118,16.591250,16.521772,14.587442,0.000000,2.557459,2.557195,0.000096,0.052042,0.051708,0.614583,633,8122779,126509,0,2,0,2,0,0,0,0,0,0,5406,0,3510,1896,0
25119,16.512417,16.364781,14.227125,0.000000,2.742374,2.742070,0.000138,0.047750,0.049250,1.216292,640,8106958,122651,0,2,0,2,0,0,0,0,0,0,7208,0,4680,2528,0
25120,16.925208,16.794484,14.993657,0.000000,2.466915,2.466611,0.000222,0.060917,0.028042,0.611750,632,8091817,128299,0,2,0,2,0,0,0,0,0,0,5406,0,3510,1896,0
25121,16.594875,16.478503,14.418635,0.000000,2.675501,2.675279,0.000055,0.058625,0.012209,1.074042,633,8107300,125448,0,2,0,2,0,0,0,0,0,0,5406,0,3510,1896,0
25122,16.563125,16.357465,14.200949,0.000000,2.728209,2.727987,0.000097,0.046125,0.027792,0.607666,638,8091575,122676,0,2,0,2,0,0,0,0,0,0,7208,0,4680,2528,0
25123,16.917042,16.877405,14.891289,0.000000,2.617833,2.617403,0.000180,0.047083,0.018417,0.867667,633,8122689,127977,0,2,0,2,0,0,0,0,0,0,5406,0,3510,1896,0
25124,16.812083,16.721300,15.532993,0.000000,1.941209,1.940695,0.000263,0.074875,0.042167,0.903917,630,8107300,125738,0,2,0,2,0,0,0,0,0,0,5406,0,3510,1896,0
25125,16.403042,16.257366,14.445017,0.000000,2.476958,2.476695,0.000055,0.048875,0.049833,0.448417,638,8107050,122589,0,2,0,2,0,0,0,0,0,0,7208,0,4680,2528,0
25126,16.791458,16.694323,14.999449,0.000000,2.380874,2.380486,0.000180,0.045042,0.010375,0.896334,631,8107236,128507,0,2,0,2,0,0,0,0,0,0,5406,0,3510,1896,0
25127,16.719417,16.605285,14.626282,0.000000,2.552500,2.552154,0.000096,0.040708,0.009542,0.459167,631,8091799,124765,0,2,0,2,0,0,0,0,0,0,5406,0,3510,1896,0
25128,16.491125,16.283000,14.506152,0.000000,2.515249,2.514945,0.000180,0.044958,0.025334,0.768166,638,8107196,123491,0,2,0,2,0,0,0,0,0,0,7208,0,4680,2528,0
25129,16.924708,16.907911,15.266605,0.000000,2.311751,2.311445,0.000139,0.052459,0.012833,0.288625,634,8122537,128334,0,2,0,2,0,0,0,0,0,0,5406,0,3510,1896,0
25130,15.958334,15.852368,14.036018,0.000000,2.462375,2.462070,0.000055,0.045125,0.050875,0.739708,636,8138151,126035,0,2,0,2,0,0,0,0,0,0,5529,0,3510,2019,0
25131,16.481958,16.347300,15.084911,0.000000,1.983208,1.982820,0.000138,0.053875,0.013708,0.349250,640,8091544,132796,0,2,0,2,0,0,0,0,0,0,7331,0,4680,2651,0
25132,17.557333,17.409088,17.208782,0.000000,1.078709,1.072278,0.005972,0.071125,0.018209,1.047250,633,8107365,136740,0,2,0,2,0,0,0,0,0,0,5406,0,3510,1896,0
25133,16.769209,16.655567,15.703609,0.000000,1.611542,1.611320,0.000055,0.084791,0.034709,0.907791,631,8107280,128822,0,2,0,2,0,0,0,0,0,0,5406,0,3510,1896,0
25134,16.546041,16.480656,15.993722,0.000000,1.349333,1.348778,0.000180,0.068542,0.018917,0.303083,639,8107094,126948,0,2,0,2,0,0,0,0,0,0,7208,0,4680,2528,0
25135,16.789625,16.681529,16.283735,0.000000,1.154500,1.154028,0.000097,0.073500,0.024709,1.026959,631,8107112,130055,0,2,0,2,0,0,0,0,0,0,5406,0,3510,1896,0
25136,16.711584,16.526115,16.231713,0.000000,0.848001,0.847487,0.000180,0.054916,0.024042,0.646416,632,8107401,129242,0,2,0,2,0,0,0,0,0,0,5406,0,3510,1896,0
25137,16.684375,16.567700,16.187117,0.000000,1.104501,1.104195,0.000097,0.079000,0.030708,0.926459,638,8106923,128690,0,2,0,2,0,0,0,0,0,0,7208,0,4680,2528,0
25138,16.427291,16.318253,15.898291,0.000000,1.246374,1.233278,0.012847,0.056167,0.012000,0.842416,632,8107511,127098,0,2,0,2,0,0,0,0,0,0,5406,0,3510,1896,0
25139,16.871500,16.759153,16.003966,0.000000,1.533916,1.525945,0.007388,0.063542,0.013792,0.635500,632,8107106,130319,0,2,0,2,0,0,0,0,0,0,5406,0,3510,1896,0
25140,16.640417,16.478142,16.116425,0.000000,1.213834,1.213278,0.000180,0.060958,0.013917,0.976959,640,8107031,129194,0,2,0,2,0,0,0,0,0,0,7208,0,4680,2528,0
25141,16.743583,16.638376,15.899071,0.000000,1.463874,1.463486,0.000180,0.072500,0.036417,0.650208,632,8107285,128631,0,2,0,2,0,0,0,0,0,0,5406,0,3510,1896,0
25142,16.659209,16.579216,16.394797,0.000000,0.896791,0.894820,0.001596,0.062583,0.023375,1.017167,636,8107288,127974,0,2,0,2,0,0,0,0,0,0,7004,0,4536,2468,0
25143,16.358791,16.232679,15.343253,0.000000,1.645793,1.645487,0.000097,0.060292,0.021667,0.654167,635,8153310,131661,0,2,0,2,0,0,0,0,0,0,5801,0,3654,2147,0
25144,17.108125,16.996263,16.924761,0.000000,0.475376,0.474736,0.000139,0.073834,0.019916,0.953458,627,8045406,140544,0,2,0,2,0,0,0,0,0,0,5406,0,3510,1896,0
25145,16.599042,16.367978,15.792092,0.000000,1.352000,1.351737,0.000138,0.062000,0.044750,0.649459,638,8107212,126718,0,2,0,2,0,0,0,0,0,0,7208,0,4680,2528,0
25146,16.800542,16.754036,16.574717,0.000000,0.879125,0.878612,0.000180,0.060083,0.041500,0.933666,634,8107290,130976,0,2,0,2,0,0,0,0,0,0,5406,0,3510,1896,0
25147,16.651833,16.554587,16.082280,0.000000,1.278041,1.271236,0.006514,0.072542,0.023083,0.942834,631,8103018,128185,0,2,0,2,0,0,0,0,0,0,5406,0,3510,1896,0
25148,16.532667,16.380622,15.746136,0.000000,1.417333,1.410070,0.006930,0.067708,0.014167,0.299292,638,8111164,126963,0,2,0,2,0,0,0,0,0,0,7208,0,4680,2528,0
25149,16.880833,16.785882,16.073024,0.000000,1.503500,1.495195,0.008013,0.061042,0.015875,0.950542,632,8107259,131318,0,2,0,2,0,0,0,0,0,0,5406,0,3510,1896,0
25150,16.717625,16.573125,15.705831,0.000000,1.616874,1.603361,0.009680,0.052458,0.011875,0.643500,631,8107300,128138,0,2,0,2,0,0,0,0,0,0,5406,0,3510,1896,0
25151,16.478625,16.406393,15.755399,0.000000,1.479417,1.476362,0.002888,0.063792,0.051291,1.270958,641,8122462,126416,0,2,0,2,0,0,0,0,0,0,7208,0,4680,2528,0
25152,16.465625,16.327418,15.675405,0.000000,1.418250,1.417820,0.000138,0.054250,0.019750,0.630458,632,8107253,127964,0,2,0,2,0,0,0,0,0,0,5406,0,3510,1896,0
25153,17.116125,16.962825,16.246328,0.000000,1.497000,1.496611,0.000139,0.074542,0.015500,0.755792,632,8091824,132205,0,2,0,2,0,0,0,0,0,0,5406,0,3510,1896,0
25154,16.456917,16.326167,15.262117,0.000000,1.753168,1.752779,0.000055,0.060166,0.013709,1.113625,638,8107058,123461,0,2,0,2,0,0,0,0,0,0,7208,0,4680,2528,0
25155,17.005666,16.901574,16.696373,0.000000,0.780874,0.780320,0.000138,0.060542,0.017667,0.301625,630,8107272,128461,0,2,0,2,0,0,0,0,0,0,5406,0,3510,1896,0
25156,16.637667,16.542142,15.772081,0.000000,1.533708,1.533320,0.000139,0.067958,0.013542,0.612042,633,8107262,126350,0,2,0,2,0,0,0,0,0,0,5406,0,3510,1896,0
25157,16.450125,16.325500,15.365319,0.000000,1.694041,1.693695,0.000096,0.067542,0.023416,0.473792,638,8107031,123301,0,2,0,2,0,0,0,0,0,0,7208,0,4680,2528,0
25158,16.809333,16.682652,15.907955,0.000000,1.560667,1.560237,0.000180,0.056125,0.045167,0.648499,631,8107281,127717,0,2,0,2,0,0,0,0,0,0,5406,0,3510,1896,0
25159,16.717125,16.582663,15.479398,0.000000,1.842833,1.842195,0.000139,0.056292,0.020958,0.471041,632,8107377,125519,0,2,0,2,0,0,0,0,0,0,5406,0,3510,1896,0
25160,16.650000,16.498371,15.230457,0.000000,1.941751,1.941487,0.000055,0.074125,0.018292,1.001875,639,8106962,123800,0,2,0,2,0,0,0,0,0,0,7208,0,4680,2528,0
25161,16.729209,16.668837,16.006383,0.000000,1.468708,1.465528,0.002930,0.056500,0.013541,0.941709,632,8107255,128308,0,2,0,2,0,0,0,0,0,0,5406,0,3510,1896,0
25162,16.703416,16.573583,15.371789,0.000000,1.922375,1.921986,0.000180,0.057875,0.023292,0.466042,632,8107202,125165,0,2,0,2,0,0,0,0,0,0,5406,0,3510,1896,0
25163,16.456875,16.290512,15.337310,0.000000,1.625167,1.619445,0.005555,0.064875,0.047625,1.252250,639,8107091,122801,0,2,0,2,0,0,0,0,0,0,7208,0,4680,2528,0
25164,16.913750,16.852059,15.891373,0.000000,1.608750,1.602445,0.006013,0.064834,0.024083,0.307167,632,8107238,128339,0,2,0,2,0,0,0,0,0,0,5406,0,3510,1896,0
25165,16.579792,16.370117,15.094172,0.000000,1.980667,1.979736,0.000555,0.053208,0.018334,0.907166,631,8091812,123729,0,2,0,2,0,0,0,0,0,0,5406,0,3510,1896,0
25166,16.648167,16.615261,15.505270,0.000000,1.814832,1.769195,0.045263,0.069291,0.018000,0.616583,640,8122471,124450,0,2,0,2,0,0,0,0,0,0,7208,0,4680,2528,0
25167,16.803958,16.653682,16.040010,0.000000,1.421332,1.420903,0.000138,0.068417,0.014208,0.935708,632,8107264,127319,0,2,0,2,0,0,0,0,0,0,5406,0,3510,1896,0
25168,16.631458,16.527901,15.193185,0.000000,2.002750,2.002320,0.000180,0.067667,0.020792,0.609125,634,8107299,125310,0,2,0,2,0,0,0,0,0,0,5406,0,3510,1896,0
25169,16.614875,16.473336,15.593251,0.000000,1.600875,1.593237,0.007346,0.057292,0.017167,0.638500,636,8107056,122685,0,2,0,2,0,0,0,0,0,0,7208,0,4680,2528,0
25170,16.829625,16.719876,15.721117,0.000000,1.756043,1.755778,0.000097,0.057959,0.023000,0.924417,632,8107308,127451,0,2,0,2,0,0,0,0,0,0,5406,0,3510,1896,0
25171,16.604000,16.501447,15.355050,0.000000,1.851582,1.851153,0.000180,0.066084,0.043791,0.617917,633,8107165,125007,0,2,0,2,0,0,0,0,0,0,5406,0,3510,1896,0
25172,16.519042,16.396160,15.361153,0.000000,1.754042,1.753529,0.000305,0.060917,0.013458,0.916250,637,8103475,123525,0,2,0,2,0,0,0,0,0,0,7208,0,4680,2528,0
25173,16.105667,16.003203,15.001258,0.000000,1.685915,1.685528,0.000138,0.069833,0.029792,0.648458,637,8141602,127232,0,2,0,2,0,0,0,0,0,0,5728,0,3510,2218,0
25174,17.373333,17.121261,16.464037,0.000000,1.452833,1.452320,0.000097,0.070958,0.013334,1.192126,630,8060959,133840,0,2,0,2,0,0,0,0,0,0,5406,0,3510,1896,0
25175,16.667333,16.646002,15.550707,0.000000,1.812625,1.803529,0.008805,0.059459,0.015208,0.607833,641,8138024,125577,0,2,0,2,0,0,0,0,0,0,7208,0,4680,2528,0
25176,16.774834,16.657294,16.326119,0.000000,1.208625,1.208153,0.000222,0.050791,0.019834,0.956667,630,8091700,129731,0,2,0,2,0,0,0,0,0,0,5406,0,3510,1896,0
25177,16.658333,16.451998,15.408046,0.000000,1.736833,1.730486,0.005972,0.057125,0.017000,0.913792,632,8091812,126269,0,2,0,2,0,0,0,0,0,0,5406,0,3510,1896,0
25178,16.471208,16.443982,15.223011,0.000000,1.897541,1.889070,0.008263,0.075250,0.029084,0.610417,642,8137995,124432,0,2,0,2,0,0,0,0,0,0,7208,0,4680,2528,0
25179,16.713334,16.555452,15.599595,0.000000,1.711916,1.711153,0.000305,0.061875,0.023583,0.911583,631,8091807,127864,0,2,0,2,0,0,0,0,0,0,5406,0,3510,1896,0
25180,16.689666,16.597007,15.869893,0.000000,1.542666,1.542236,0.000139,0.063000,0.012792,0.645667,632,8107185,126777,0,2,0,2,0,0,0,0,0,0,5406,0,3510,1896,0
25181,16.603792,16.493251,15.466056,0.000000,1.712667,1.709070,0.003263,0.074542,0.017375,0.953708,642,8122755,125447,0,2,0,2,0,0,0,0,0,0,7208,0,4680,2528,0
25182,16.735417,16.518722,15.796454,0.000000,1.560958,1.560570,0.000180,0.056750,0.011666,0.649209,629,8076141,127399,0,2,0,2,0,0,0,0,0,0,5406,0,3510,1896,0
25183,16.535291,16.491157,15.335789,0.000000,1.822875,1.820695,0.001972,0.054042,0.038333,1.233043,635,8122667,124549,0,2,0,2,0,0,0,0,0,0,5406,0,3510,1896,0
25184,16.891209,16.796048,16.638679,0.000000,0.892751,0.892279,0.000096,0.061958,0.060375,0.293291,644,8137930,129115,0,2,0,2,0,0,0,0,0,0,7208,0,4680,2528,0
25185,16.671833,16.531656,16.245452,0.000000,1.146541,1.145903,0.000263,0.068625,0.022375,0.905083,650,8076026,128280,0,2,0,2,0,0,0,0,0,0,7447,0,3510,3937,0
25186,16.636333,16.507296,15.666741,0.000000,1.602166,1.601653,0.000180,0.064917,0.047333,0.912916,632,8107317,126676,0,2,0,2,0,0,0,0,0,0,5406,0,3510,1896,0
25187,16.763542,16.645972,15.601797,0.000000,1.756832,1.755945,0.000596,0.059375,0.029708,0.447791,640,8122473,126304,0,2,0,2,0,0,0,0,0,0,7208,0,4680,2528,0
25188,16.762500,16.556587,15.817972,0.000000,1.459457,1.458903,0.000263,0.067292,0.020833,0.587500,628,8076376,127537,0,2,0,2,0,0,0,0,0,0,5406,0,3510,1896,0
25189,16.651083,16.618495,16.196830,0.000000,1.156750,1.154778,0.001680,0.065500,0.011709,0.470084,633,8122763,127197,0,2,0,2,0,0,0,0,0,0,5406,0,3510,1896,0
25190,16.870709,16.733493,15.738832,0.000000,1.697085,1.696654,0.000138,0.054791,0.051125,0.933000,641,8107015,126953,0,2,0,2,0,0,0,0,0,0,7208,0,4680,2528,0
25191,16.617500,16.419044,15.453667,0.000000,1.670166,1.669695,0.000180,0.077083,0.026750,0.607833,629,8091821,125194,0,2,0,2,0,0,0,0,0,0,5406,0,3510,1896,0
25192,16.577625,16.559673,15.587123,0.000000,1.674375,1.673903,0.000180,0.066291,0.019250,1.144291,634,8122712,127529,0,2,0,2,0,0,0,0,0,0,5406,0,3510,1896,0
25193,16.612875,16.507405,15.642450,0.000000,1.631708,1.630945,0.000430,0.070833,0.039500,1.246666,638,8107116,125485,0,2,0,2,0,0,0,0,0,0,7208,0,4680,2528,0
25194,16.655041,16.416377,15.344748,0.000000,1.764000,1.760445,0.000680,0.055834,0.013583,0.607709,632,8091894,125697,0,2,0,2,0,0,0,0,0,0,5406,0,3510,1896,0
25195,16.691084,16.705456,15.645246,0.000000,1.805667,1.805195,0.000139,0.089916,0.016459,0.950750,638,8138148,126236,0,2,0,2,0,0,0,0,0,0,7004,0,4536,2468,0
25196,17.390375,17.254619,16.882719,0.000000,0.660625,0.660154,0.000180,0.115500,0.038375,0.307166,631,8091510,127433,0,2,0,2,0,0,0,0,0,0,5610,0,3654,1956,0
25197,16.983041,16.674245,16.397444,0.000000,0.000708,0.000000,0.000000,0.107042,0.031583,0.613333,632,8091856,125929,0,2,0,2,0,0,0,0,0,0,5406,0,3510,1896,0
25198,16.611500,16.550412,16.288845,0.000000,0.000583,0.000000,0.000000,0.078250,0.022125,0.326042,638,8122663,126582,0,2,0,2,0,0,0,0,0,0,7208,0,4680,2528,0
25199,16.039584,16.002027,15.687881,0.000000,0.637584,0.637112,0.000138,0.064500,0.022708,0.623041,631,8091706,127628,0,2,0,2,0,0,0,0,0,0,5406,0,3510,1896,0
25200,16.634750,16.453848,15.749793,0.000000,1.519833,1.519362,0.000097,0.066208,0.019708,0.791625,633,8122650,127586,0,2,0,2,0,0,0,0,0,0,5406,0,3510,1896,0
25201,16.437875,16.277187,15.186073,0.000000,1.808668,1.807695,0.000472,0.061625,0.018000,0.651708,639,8107028,123678,0,2,0,2,0,0,0,0,0,0,7208,0,4680,2528,0
25202,16.905666,16.830318,15.819894,0.000000,1.640334,1.639987,0.000096,0.066875,0.014417,0.948917,630,8107394,128992,0,2,0,2,0,0,0,0,0,0,5406,0,3510,1896,0
25203,16.475250,16.259873,15.404248,0.000000,1.696417,1.695737,0.000138,0.061250,0.013667,0.718333,631,8091753,124291,0,2,0,2,0,0,0,0,0,0,5406,0,3510,1896,0
25204,16.785875,16.818424,16.596957,0.000000,0.229624,0.228611,0.000722,0.105292,0.022833,0.869875,642,8138076,125408,0,2,0,2,0,0,0,0,0,0,7208,0,4680,2528,0
25205,16.767542,16.610260,16.387728,0.000000,0.000459,0.000000,0.000000,0.084042,0.033833,0.312583,630,8091678,128012,0,2,0,2,0,0,0,0,0,0,5406,0,3510,1896,0
25206,16.529542,16.250632,15.869943,0.000000,0.966333,0.965028,0.000930,0.073375,0.016791,0.997792,631,8091855,126270,0,2,0,2,0,0,0,0,0,0,5406,0,3510,1896,0
25207,16.661833,16.611307,15.996648,0.000000,1.302249,1.301861,0.000097,0.063417,0.023750,0.667667,641,8122445,124809,0,2,0,2,0,0,0,0,0,0,7208,0,4680,2528,0
25208,16.613500,16.436423,15.881689,0.000000,1.196292,1.195779,0.000096,0.063333,0.016084,0.995250,632,8091814,128583,0,2,0,2,0,0,0,0,0,0,5406,0,3510,1896,0
25209,16.719250,16.731656,15.725509,0.000000,1.704001,1.698195,0.005263,0.079750,0.024583,0.945626,634,8122705,127314,0,2,0,2,0,0,0,0,0,0,5406,0,3510,1896,0
25210,16.660708,16.474617,15.588086,0.000000,1.605292,1.604820,0.000139,0.076959,0.021791,0.658167,641,8122546,125676,0,2,0,2,0,0,0,0,0,0,7208,0,4680,2528,0
25211,16.819292,16.638711,15.759759,0.000000,1.642875,1.642529,0.000138,0.067167,0.015916,0.946834,628,8076321,128043,0,2,0,2,0,0,0,0,0,0,5406,0,3510,1896,0
25212,16.738000,16.693120,15.697908,0.000000,1.749999,1.746778,0.002888,0.065667,0.014166,0.644458,632,8122693,127692,0,2,0,2,0,0,0,0,0,0,5406,0,3510,1896,0
25213,16.577458,16.445012,15.272372,0.000000,1.817667,1.814320,0.003055,0.061167,0.013250,1.187375,641,8107044,122794,0,2,0,2,0,0,0,0,0,0,7208,0,4680,2528,0
25214,16.700334,16.615130,15.792540,0.000000,1.557875,1.554404,0.000221,0.070500,0.015958,0.611291,631,8107269,130158,0,2,0,2,0,0,0,0,0,0,5406,0,3510,1896,0
25215,16.629916,16.494097,16.256176,0.000000,0.930708,0.930112,0.000138,0.087167,0.021375,0.592958,634,8114806,125368,0,2,0,2,0,0,0,0,0,0,5406,0,3510,1896,0
25216,16.604375,16.478099,15.821567,0.000000,1.418082,1.417403,0.000305,0.062125,0.023125,0.623625,641,8099502,125177,0,2,0,2,0,0,0,0,0,0,7208,0,4680,2528,0
25217,16.789000,16.570164,15.997170,0.000000,1.365543,1.364987,0.000138,0.059334,0.017250,0.293500,630,8091821,128249,0,2,0,2,0,0,0,0,0,0,5406,0,3510,1896,0
25218,16.532459,16.425916,15.381860,0.000000,1.757751,1.757237,0.000222,0.053791,0.012084,0.916708,633,8107281,126376,0,2,0,2,0,0,0,0,0,0,5406,0,3510,1896,0
25219,16.768958,16.724248,15.966367,0.000000,1.541667,1.541278,0.000055,0.067792,0.027458,0.627792,642,8122463,125316,0,2,0,2,0,0,0,0,0,0,7208,0,4680,2528,0
25220,16.655458,16.569529,15.867412,0.000000,1.467208,1.466862,0.000096,0.063167,0.052542,0.599666,631,8107264,129086,0,2,0,2,0,0,0,0,0,0,5406,0,3510,1896,0
25221,16.676084,16.563035,15.577238,0.000000,1.665958,1.665445,0.000097,0.052541,0.012125,0.641708,632,8107260,127099,0,2,0,2,0,0,0,0,0,0,5406,0,3510,1896,0
25222,16.064791,15.903505,14.774827,0.000000,1.874250,1.871570,0.002389,0.042750,0.011667,0.916833,644,8137849,127819,0,2,0,2,0,0,0,0,0,0,7455,0,4680,2775,0
25223,17.258209,17.174042,16.860127,0.000000,1.148957,1.145237,0.003346,0.064958,0.013167,0.608291,630,8076362,133021,0,2,0,2,0,0,0,0,0,0,5406,0,3510,1896,0
25224,16.814875,16.648075,15.927706,0.000000,1.466084,1.464945,0.000847,0.062875,0.047333,0.900334,633,8098499,126263,0,2,0,2,0,0,0,0,0,0,5406,0,3510,1896,0
25225,16.484416,16.433806,15.536365,0.000000,1.643625,1.643070,0.000222,0.066209,0.027791,1.289750,641,8131248,123752,0,2,0,2,0,0,0,0,0,0,7208,0,4680,2528,0
25226,16.646584,16.497224,15.637417,0.000000,1.600916,1.600487,0.000096,0.075416,0.021875,0.637541,639,8168954,128769,0,2,0,2,0,0,0,0,0,0,5565,0,3510,2055,0
25227,17.256333,17.102035,16.938931,0.000000,1.052833,1.052445,0.000097,0.060042,0.021125,0.931625,625,8030045,133101,0,2,0,2,0,0,0,0,0,0,5406,0,3510,1896,0
25228,16.692042,16.564597,16.005002,0.000000,1.387625,1.387153,0.000180,0.067958,0.021333,0.289750,641,8107066,123309,0,2,0,2,0,0,0,0,0,0,7208,0,4680,2528,0
25229,16.681875,16.620716,15.967262,0.000000,1.357416,1.356820,0.000138,0.068875,0.036333,0.967959,630,8122695,126480,0,2,0,2,0,0,0,0,0,0,5406,0,3510,1896,0
25230,16.278666,16.002074,15.113368,0.000000,1.473959,1.459362,0.014222,0.065542,0.018833,0.611000,629,8076394,120968,0,2,0,2,0,0,0,0,0,0,5406,0,3510,1896,0
25231,16.695459,16.728263,16.518205,0.000000,1.002875,0.998278,0.004347,0.064291,0.045709,0.713125,644,8153334,126969,0,2,0,2,0,0,0,0,0,0,7208,0,4680,2528,0
25232,16.619125,16.477873,15.953176,0.000000,1.355625,1.355195,0.000221,0.054291,0.047542,0.611000,629,8076366,128831,0,2,0,2,0,0,0,0,0,0,5406,0,3510,1896,0
25233,16.696083,16.465458,15.672525,0.000000,1.544834,1.544362,0.000097,0.055292,0.012125,1.103626,630,8091907,126294,0,2,0,2,0,0,0,0,0,0,5406,0,3510,1896,0
25234,16.135250,16.093713,15.000058,0.000000,1.836250,1.835611,0.000222,0.045542,0.009625,0.918250,643,8137927,126248,0,2,0,2,0,0,0,0,0,0,7489,0,4680,2809,0
25235,17.291083,17.079260,16.505660,0.000000,1.404833,1.404320,0.000180,0.053250,0.019584,0.302417,630,8076220,130933,0,2,0,2,0,0,0,0,0,0,5406,0,3510,1896,0
25236,16.599584,16.503036,15.559613,0.000000,1.677501,1.676903,0.000180,0.054041,0.011917,0.984416,631,8107218,125385,0,2,0,2,0,0,0,0,0,0,5406,0,3510,1896,0
25237,16.670041,16.586666,15.306069,0.000000,1.899334,1.896153,0.000139,0.051084,0.011833,0.523000,643,8137932,122844,0,2,0,2,0,0,0,0,0,0,7208,0,4680,2528,0
25238,16.662334,16.601983,15.471386,0.000000,1.858249,1.855612,0.002346,0.066750,0.024083,0.771666,636,8153509,126657,0,2,0,2,0,0,0,0,0,0,5603,0,3510,2093,0
25239,17.236916,17.098722,16.934313,0.000000,0.037375,0.036820,0.000180,0.073084,0.022916,0.592833,629,8050026,133426,0,2,0,2,0,0,0,0,0,0,5406,0,3510,1896,0
25240,16.747834,16.606352,16.227017,0.000000,1.086416,1.085778,0.000180,0.066750,0.050000,0.327542,638,8102544,123241,0,2,0,2,0,0,0,0,0,0,7208,0,4680,2528,0
25241,16.585333,16.457712,15.912456,0.000000,1.175501,1.174904,0.000180,0.063792,0.040541,0.941583,634,8107355,125547,0,2,0,2,0,0,0,0,0,0,5406,0,3510,1896,0
25242,16.240958,16.121638,15.136012,0.000000,1.611500,1.610862,0.000180,0.061500,0.027875,0.608458,632,8107249,121467,0,2,0,2,0,0,0,0,0,0,5406,0,3510,1896,0
25243,16.822584,16.679750,16.439305,0.000000,0.991834,0.991236,0.000222,0.071916,0.022042,0.609458,639,8107156,127901,0,2,0,2,0,0,0,0,0,0,7208,0,4680,2528,0
25244,16.612333,16.512012,16.352983,0.000000,0.847916,0.847445,0.000055,0.073042,0.056125,0.317459,631,8107133,127168,0,2,0,2,0,0,0,0,0,0,5406,0,3510,1896,0
25245,16.703750,16.590918,15.817919,0.000000,1.536750,1.536278,0.000097,0.062708,0.016000,0.957417,633,8107216,127189,0,2,0,2,0,0,0,0,0,0,5406,0,3510,1896,0
25246,16.691625,16.465554,15.950624,0.000000,1.339417,1.338695,0.000347,0.060292,0.015041,0.656041,638,8091687,125834,0,2,0,2,0,0,0,0,0,0,7208,0,4680,2528,0
25247,16.663417,16.660293,15.525832,0.000000,1.810042,1.809737,0.000138,0.066083,0.021292,0.942750,634,8138102,124976,0,2,0,2,0,0,0,0,0,0,5406,0,3510,1896,0
25248,16.639083,16.493799,15.521421,0.000000,1.695458,1.694820,0.000305,0.051542,0.015208,0.915166,633,8091837,124547,0,2,0,2,0,0,0,0,0,0,6944,0,4536,2408,0
25249,16.723958,16.496778,16.258946,0.000000,1.041583,1.041278,0.000055,0.057084,0.012625,0.641375,636,8091651,124331,0,2,0,2,0,0,0,0,0,0,5670,0,3654,2016,0
25250,16.574917,16.467366,15.212038,0.000000,1.909750,1.909279,0.000138,0.055917,0.012958,0.950918,633,8107223,123085,0,2,0,2,0,0,0,0,0,0,5406,0,3510,1896,0
25251,16.785625,16.781673,15.577524,0.000000,1.882167,1.873612,0.008222,0.067667,0.039083,0.611833,642,8137946,123248,0,2,0,2,0,0,0,0,0,0,7208,0,4680,2528,0
25252,16.751042,16.650865,15.977323,0.000000,1.427625,1.420111,0.006139,0.078041,0.042042,0.811583,631,8091838,126964,0,2,0,2,0,0,0,0,0,0,5406,0,3510,1896,0
25253,16.624208,16.453063,15.697564,0.000000,1.496999,1.496570,0.000096,0.071500,0.022917,0.294000,630,8099952,123158,0,2,0,2,0,0,0,0,0,0,5406,0,3510,1896,0
25254,16.673625,16.553218,15.568401,0.000000,1.707959,1.707445,0.000180,0.065833,0.021459,0.898958,642,8132177,123043,0,2,0,2,0,0,0,0,0,0,7208,0,4680,2528,0
25255,16.630708,16.534783,15.713337,0.000000,1.588791,1.588361,0.000097,0.066500,0.013417,0.608125,629,8104917,125547,0,2,0,2,0,0,0,0,0,0,5406,0,3510,1896,0
25256,16.928625,16.704122,15.794801,0.000000,1.649207,1.648862,0.000096,0.063500,0.014834,1.182709,631,8076411,123192,0,2,0,2,0,0,0,0,0,0,5406,0,3510,1896,0
25257,16.487459,16.430419,16.336635,0.000000,0.802959,0.802528,0.000097,0.056375,0.011458,0.960626,642,8137914,123906,0,2,0,2,0,0,0,0,0,0,7208,0,4680,2528,0
25258,16.795583,16.602785,15.934245,0.000000,1.399416,1.398861,0.000139,0.073708,0.026542,0.298542,629,8076412,125553,0,2,0,2,0,0,0,0,0,0,5406,0,3510,1896,0
25259,16.780792,16.779197,16.122670,0.000000,1.438208,1.437737,0.000221,0.060250,0.032625,0.592626,634,8122711,124318,0,2,0,2,0,0,0,0,0,0,5406,0,3510,1896,0
25260,16.393291,16.223245,16.151629,0.000000,0.818875,0.818403,0.000180,0.056917,0.013625,0.643541,640,8122583,123064,0,2,0,2,0,0,0,0,0,0,7208,0,4680,2528,0
25261,16.788042,16.570227,15.648981,0.000000,1.677958,1.677486,0.000139,0.053250,0.012458,1.088208,631,8076239,125651,0,2,0,2,0,0,0,0,0,0,5406,0,3510,1896,0
25262,16.751208,16.631615,15.364758,0.000000,1.961374,1.961070,0.000096,0.060542,0.028667,0.619583,633,8107265,123744,0,2,0,2,0,0,0,0,0,0,5406,0,3510,1896,0
25263,16.609959,16.594788,15.427651,0.000000,1.880624,1.880153,0.000222,0.062708,0.014167,0.777459,643,8138026,122958,0,2,0,2,0,0,0,0,0,0,7208,0,4680,2528,0
25264,15.908416,15.791784,14.959327,0.000000,1.617624,1.617278,0.000139,0.057125,0.020042,1.074959,634,8091668,125487,0,2,0,2,0,0,0,0,0,0,5863,0,3510,2353,0
25265,17.399250,17.250286,16.646082,0.000000,1.393250,1.392779,0.000096,0.054834,0.013208,0.552583,634,8122609,130972,0,2,0,2,0,0,0,0,0,0,5406,0,3510,1896,0
25266,16.704750,16.576701,15.538421,0.000000,1.762874,1.762528,0.000138,0.055417,0.013958,0.919333,640,8091696,123821,0,2,0,2,0,0,0,0,0,0,7208,0,4680,2528,0
25267,16.701667,16.599452,15.856914,0.000000,1.529458,1.529111,0.000097,0.066167,0.020000,0.445709,631,8122611,127463,0,2,0,2,0,0,0,0,0,0,5406,0,3510,1896,0
25268,16.642958,16.544221,15.594760,0.000000,1.723958,1.723445,0.000180,0.055750,0.023917,0.778875,632,8107260,125371,0,2,0,2,0,0,0,0,0,0,5406,0,3510,1896,0
25269,16.585042,16.505582,15.574569,0.000000,1.618500,1.611945,0.006305,0.088125,0.034917,0.472666,642,8122693,124358,0,2,0,2,0,0,0,0,0,0,7208,0,4680,2528,0
25270,16.819375,16.615662,15.651286,0.000000,1.681792,1.680278,0.001139,0.062958,0.014750,0.753583,628,8076175,125618,0,2,0,2,0,0,0,0,0,0,5406,0,3510,1896,0
25271,16.085042,15.961138,15.088913,0.000000,1.665584,1.665154,0.000180,0.058583,0.023750,0.447791,638,8122778,126569,0,2,0,2,0,0,0,0,0,0,5728,0,3510,2218,0
25272,17.248583,17.176085,17.020426,0.000000,0.988208,0.978612,0.009263,0.060500,0.017417,0.782375,640,8106938,132436,0,2,0,2,0,0,0,0,0,0,7208,0,4680,2528,0
25273,16.730208,16.564457,16.004458,0.000000,1.379375,1.353361,0.025555,0.070250,0.047042,1.080542,631,8107435,129400,0,2,0,2,0,0,0,0,0,0,5406,0,3510,1896,0
25274,16.627625,16.584928,15.667418,0.000000,1.656001,1.652862,0.000180,0.069917,0.026125,0.439292,631,8127086,126978,0,2,0,2,0,0,0,0,0,0,5406,0,3510,1896,0
25275,16.734667,16.558866,16.254460,0.000000,0.560666,0.554112,0.006138,0.059917,0.013041,0.865125,637,8071682,124680,0,2,0,2,0,0,0,0,0,0,7208,0,4680,2528,0
25276,16.734292,16.554582,16.213677,0.000000,1.176001,1.168070,0.007347,0.065583,0.018458,0.611541,633,8107151,129216,0,2,0,2,0,0,0,0,0,0,5406,0,3510,1896,0
25277,16.642333,16.583814,15.786609,0.000000,1.519542,1.519029,0.000138,0.057292,0.017333,0.929750,631,8122665,126291,0,2,0,2,0,0,0,0,0,0,5406,0,3510,1896,0
25278,16.580792,16.513227,15.976953,0.000000,1.348333,1.347903,0.000180,0.060291,0.041959,0.608167,640,8106418,125242,0,2,0,2,0,0,0,0,0,0,7208,0,4680,2528,0
25279,16.826041,16.687836,15.979784,0.000000,1.526457,1.512236,0.013930,0.069084,0.033125,0.979625,634,8123306,129180,0,2,0,2,0,0,0,0,0,0,5406,0,3510,1896,0
25280,16.578917,16.448085,15.772087,0.000000,1.461875,1.461529,0.000096,0.069292,0.042625,0.913959,631,8107319,126283,0,2,0,2,0,0,0,0,0,0,5406,0,3510,1896,0
25281,16.629958,16.484057,15.712193,0.000000,1.461542,1.461153,0.000097,0.062750,0.048542,0.291709,639,8091567,124870,0,2,0,2,0,0,0,0,0,0,7208,0,4680,2528,0
25282,16.795334,16.694784,15.967651,0.000000,1.486875,1.486403,0.000180,0.062666,0.013875,0.991708,633,8107268,128591,0,2,0,2,0,0,0,0,0,0,5406,0,3510,1896,0
25283,16.713375,16.563309,15.468776,0.000000,1.774250,1.770779,0.000263,0.059708,0.020875,0.291458,631,8111036,125827,0,2,0,2,0,0,0,0,0,0,5406,0,3510,1896,0
25284,16.576791,16.495437,16.116476,0.000000,1.193374,1.192903,0.000180,0.070750,0.028375,0.964333,639,8103246,125387,0,2,0,2,0,0,0,0,0,0,7208,0,4680,2528,0
25285,16.728500,16.623658,15.862711,0.000000,1.562209,1.561945,0.000055,0.063209,0.055416,0.610375,634,8122664,129374,0,2,0,2,0,0,0,0,0,0,5406,0,3510,1896,0
25286,16.613500,16.457065,15.436157,0.000000,1.739667,1.737070,0.002221,0.062167,0.032708,0.967250,632,8091903,125610,0,2,0,2,0,0,0,0,0,0,5406,0,3510,1896,0
25287,16.630750,16.508482,15.419648,0.000000,1.774291,1.773862,0.000138,0.067250,0.027500,0.607458,641,8107194,124890,0,2,0,2,0,0,0,0,0,0,7208,0,4680,2528,0
25288,16.703584,16.595949,15.561943,0.000000,1.741916,1.741403,0.000097,0.062791,0.012667,0.656042,631,8107032,129466,0,2,0,2,0,0,0,0,0,0,5406,0,3510,1896,0
25289,16.683958,16.558592,15.330045,0.000000,1.892499,1.892112,0.000138,0.071208,0.022959,0.839375,630,8107353,125724,0,2,0,2,0,0,0,0,0,0,5406,0,3510,1896,0
25290,16.633875,16.453817,15.419727,0.000000,1.734583,1.734195,0.000180,0.057333,0.019417,0.477292,641,8091542,124728,0,2,0,2,0,0,0,0,0,0,7208,0,4680,2528,0
25291,16.791333,16.681885,15.929247,0.000000,1.560084,1.555986,0.003639,0.063834,0.034791,1.258584,634,8122662,129337,0,2,0,2,0,0,0,0,0,0,5406,0,3510,1896,0
25292,16.741750,16.602767,15.771483,0.000000,1.573709,1.562404,0.011138,0.060417,0.014375,0.290792,651,8094428,126275,0,2,0,2,0,0,0,0,0,0,7447,0,3510,3937,0
25293,16.738500,16.607950,15.875542,0.000000,1.515250,1.481903,0.033097,0.058334,0.013791,0.802043,637,8104232,125255,0,2,0,2,0,0,0,0,0,0,7208,0,4680,2528,0
25294,16.541375,16.436344,15.734215,0.000000,1.453541,1.453153,0.000055,0.063834,0.044041,0.612541,633,8122595,128948,0,2,0,2,0,0,0,0,0,0,5406,0,3510,1896,0
25295,16.794250,16.665556,15.464340,0.000000,1.922709,1.920487,0.002055,0.064875,0.035459,0.957917,632,8107260,125588,0,2,0,2,0,0,0,0,0,0,5406,0,3510,1896,0
25296,16.635750,16.480672,15.889482,0.000000,1.400792,1.395945,0.004472,0.064125,0.037042,0.911291,637,8091642,127023,0,2,0,2,0,0,0,0,0,0,7208,0,4680,2528,0
25297,16.588042,16.532152,15.665200,0.000000,1.567417,1.558361,0.008722,0.067292,0.014625,0.469959,630,8114743,127190,0,2,0,2,0,0,0,0,0,0,5406,0,3510,1896,0
25298,16.661417,16.560592,15.553972,0.000000,1.699001,1.691904,0.006805,0.065541,0.015584,0.597916,632,8115252,126134,0,2,0,2,0,0,0,0,0,0,5406,0,3510,1896,0
25299,16.720708,16.520371,15.577117,0.000000,1.664167,1.663737,0.000097,0.061750,0.022125,0.448916,639,8107049,126598,0,2,0,2,0,0,0,0,0,0,7208,0,4680,2528,0
25300,16.627292,16.585933,15.414948,0.000000,1.791792,1.790986,0.000472,0.064291,0.014042,0.776750,633,8107251,127469,0,2,0,2,0,0,0,0,0,0,5406,0,3510,1896,0
25301,16.755750,16.628376,15.212510,0.000000,2.044292,2.043779,0.000138,0.070750,0.013916,0.446666,638,8095597,124901,0,2,0,2,0,0,0,0,0,0,7004,0,4536,2468,0
25302,16.717083,16.599987,16.092329,0.000000,1.364250,1.363862,0.000097,0.055917,0.019250,0.669999,633,8115088,127818,0,2,0,2,0,0,0,0,0,0,5610,0,3654,1956,0
25303,16.720875,16.559033,16.151012,0.000000,1.276541,1.275903,0.000180,0.062917,0.020458,0.693666,632,8111178,126865,0,2,0,2,0,0,0,0,0,0,5406,0,3510,1896,0
25304,16.665625,16.546618,16.372691,0.000000,0.131417,0.111362,0.019721,0.062250,0.012667,0.394375,640,8106792,124399,0,2,0,2,0,0,0,0,0,0,7208,0,4680,2528,0
25305,16.747792,16.580072,16.402462,0.000000,0.914708,0.913737,0.000513,0.058958,0.014833,0.612375,632,8107319,128550,0,2,0,2,0,0,0,0,0,0,5406,0,3510,1896,0
25306,15.982208,15.911592,15.310436,0.000000,1.409667,1.409153,0.000097,0.062208,0.045667,0.354042,636,8122607,128730,0,2,0,2,0,0,0,0,0,0,5664,0,3510,2154,0
25307,17.391375,17.223657,16.809360,0.000000,1.248751,1.248237,0.000180,0.074750,0.014292,0.671791,638,8076122,129841,0,2,0,2,0,0,0,0,0,0,7208,0,4680,2528,0
25308,16.808208,16.746252,16.334014,0.000000,1.151792,1.147362,0.004180,0.069959,0.023083,0.360959,630,8107306,128098,0,2,0,2,0,0,0,0,0,0,5406,0,3510,1896,0
25309,16.544792,16.365816,15.679643,0.000000,1.437833,1.437278,0.000097,0.061792,0.014041,0.772375,633,8107260,124867,0,2,0,2,0,0,0,0,0,0,5406,0,3510,1896,0
25310,16.782375,16.706666,15.977557,0.000000,1.499209,1.497404,0.001388,0.057500,0.059958,0.929583,642,8122465,123686,0,2,0,2,0,0,0,0,0,0,7208,0,4680,2528,0
25311,16.538333,16.359843,16.364418,0.000000,0.000208,0.000000,0.000000,0.061750,0.019959,0.482250,633,8107270,134986,0,2,0,2,0,0,0,0,0,0,5406,0,3510,1896,0
25312,16.640334,16.589995,16.048533,0.000000,1.355500,1.354903,0.000222,0.070000,0.052833,1.100125,632,8112521,130029,0,2,0,2,0,0,0,0,0,0,5406,0,3510,1896,0
25313,16.722208,16.555334,16.223790,0.000000,1.156291,1.155570,0.000138,0.063000,0.019292,0.301583,638,8086340,126290,0,2,0,2,0,0,0,0,0,0,7208,0,4680,2528,0
25314,16.692875,16.565507,16.382887,0.000000,0.852876,0.852487,0.000180,0.079167,0.032666,0.684667,633,8107260,131629,0,2,0,2,0,0,0,0,0,0,5406,0,3510,1896,0
25315,16.657292,16.557918,16.174626,0.000000,1.197916,1.197486,0.000097,0.062083,0.014875,0.486209,632,8122812,129791,0,2,0,2,0,0,0,0,0,0,5406,0,3510,1896,0
25316,16.613791,16.473680,16.010883,0.000000,1.288501,1.287904,0.000180,0.065792,0.027875,0.781708,639,8091487,126818,0,2,0,2,0,0,0,0,0,0,7208,0,4680,2528,0
25317,16.721334,16.630615,16.309941,0.000000,1.179751,1.179362,0.000097,0.058333,0.029333,0.656500,630,8107250,131404,0,2,0,2,0,0,0,0,0,0,5406,0,3510,1896,0
25318,16.807750,16.687967,16.534655,0.000000,0.751791,0.751236,0.000097,0.083416,0.013417,0.595333,631,8107393,129502,0,2,0,2,0,0,0,0,0,0,5406,0,3510,1896,0
25319,16.601875,16.498958,16.425205,0.000000,0.787792,0.787195,0.000138,0.076875,0.022083,0.581917,641,8122368,126602,0,2,0,2,0,0,0,0,0,0,7208,0,4680,2528,0
25320,16.619583,16.474622,16.178173,0.000000,1.267916,1.267403,0.000180,0.056833,0.044834,0.607792,633,8107251,131371,0,2,0,2,0,0,0,0,0,0,5406,0,3510,1896,0
25321,16.579208,16.511318,15.402122,0.000000,1.914250,1.913945,0.000139,0.048584,0.053250,1.215126,633,8122756,129476,0,2,0,2,0,0,0,0,0,0,5406,0,3510,1896,0
25322,16.531709,16.305469,15.857273,0.000000,1.391542,1.391112,0.000138,0.039125,0.012166,0.612292,638,8076098,125521,0,2,0,2,0,0,0,0,0,0,7208,0,4680,2528,0
25323,16.773583,16.666825,15.385027,0.000000,2.039125,2.038695,0.000180,0.050458,0.012959,1.225375,633,8107267,130576,0,2,0,2,0,0,0,0,0,0,5406,0,3510,1896,0
25324,16.655458,16.526947,15.466829,0.000000,1.854793,1.854361,0.000139,0.047709,0.017666,0.613875,632,8122910,130390,0,2,0,2,0,0,0,0,0,0,5406,0,3510,1896,0
25325,16.656792,16.613551,15.193524,0.000000,2.164875,2.164570,0.000180,0.089625,0.036292,0.922333,640,8106961,126361,0,2,0,2,0,0,0,0,0,0,7208,0,4680,2528,0
25326,16.671708,16.505166,16.456952,0.000000,1.066293,1.066112,0.000013,0.046542,0.013000,1.063500,631,8100457,131136,0,2,0,2,0,0,0,0,0,0,5406,0,3510,1896,0
25327,16.628292,16.580129,15.077700,0.000000,2.183333,2.183070,0.000139,0.051250,0.053583,0.448416,633,8144823,128873,0,2,0,2,0,0,0,0,0,0,5406,0,3510,1896,0
25328,17.206042,16.936042,16.978610,0.000000,0.061041,0.060695,0.000096,0.059416,0.019875,1.067083,637,8045145,144098,0,2,0,2,0,0,0,0,0,0,7394,0,4680,2714,0
25329,16.511291,16.469537,16.461402,0.000000,0.798708,0.798445,0.000055,0.048292,0.016875,0.609500,634,8122731,135419,0,2,0,2,0,0,0,0,0,0,5406,0,3510,1896,0
25330,16.680584,16.560176,15.446363,0.000000,1.878584,1.878320,0.000139,0.044291,0.015500,1.281750,631,8107319,131435,0,2,0,2,0,0,0,0,0,0,5406,0,3510,1896,0
25331,16.648583,16.562701,15.361376,0.000000,1.966292,1.966029,0.000055,0.054167,0.018125,0.607750,641,8106961,128197,0,2,0,2,0,0,0,0,0,0,7208,0,4680,2528,0
25332,16.733667,16.642629,16.012291,0.000000,1.517584,1.517195,0.000180,0.051000,0.046625,0.915083,633,8122717,134526,0,2,0,2,0,0,0,0,0,0,5406,0,3510,1896,0
25333,16.614000,16.437753,15.318177,0.000000,1.930083,1.929736,0.000097,0.047375,0.012833,0.608125,632,8091800,129731,0,2,0,2,0,0,0,0,0,0,5406,0,3510,1896,0
25334,16.630500,16.523724,15.162235,0.000000,2.121958,2.121654,0.000096,0.042541,0.015875,1.058709,640,8107073,127236,0,2,0,2,0,0,0,0,0,0,7208,0,4680,2528,0
25335,16.877958,16.741085,16.532285,0.000000,0.725499,0.725028,0.000138,0.055167,0.013791,0.906958,633,8107237,131202,0,2,0,2,0,0,0,0,0,0,5406,0,3510,1896,0
25336,16.333542,16.229415,15.089219,0.000000,1.921167,1.920361,0.000139,0.055000,0.018333,0.665041,635,8124859,126446,0,2,0,2,0,0,0,0,0,0,5406,0,3510,1896,0
25337,16.636083,16.495780,15.343594,0.000000,1.909125,1.908695,0.000055,0.043750,0.016500,0.757292,636,8089525,127122,0,2,0,2,0,0,0,0,0,0,7208,0,4680,2528,0
25338,16.749042,16.640219,15.769463,0.000000,1.708499,1.708070,0.000138,0.045666,0.012375,0.444375,633,8122610,132814,0,2,0,2,0,0,0,0,0,0,5406,0,3510,1896,0
25339,16.677541,16.621532,15.544621,0.000000,1.874875,1.874570,0.000097,0.050500,0.045292,1.183625,632,8122702,131658,0,2,0,2,0,0,0,0,0,0,5406,0,3510,1896,0
25340,16.548667,16.395950,15.143056,0.000000,2.017042,2.016654,0.000096,0.045125,0.015250,0.609834,638,8091618,127414,0,2,0,2,0,0,0,0,0,0,7208,0,4680,2528,0
25341,16.785125,16.677499,15.445864,0.000000,1.996500,1.996070,0.000138,0.043833,0.048500,0.736832,632,8113832,133202,0,2,0,2,0,0,0,0,0,0,5406,0,3510,1896,0
25342,16.648625,16.529513,15.273758,0.000000,2.021333,2.020986,0.000180,0.045375,0.046042,1.217166,631,8100667,131037,0,2,0,2,0,0,0,0,0,0,5406,0,3510,1896,0
25343,16.688917,16.574525,15.660235,0.000000,1.765208,1.764904,0.000138,0.054333,0.017000,0.291875,640,8107090,131282,0,2,0,2,0,0,0,0,0,0,7208,0,4680,2528,0
25344,16.970333,16.781247,16.520330,0.000000,1.200709,1.199987,0.000097,0.063000,0.014250,1.055125,629,8091813,136186,0,2,0,2,0,0,0,0,0,0,5406,0,3510,1896,0
25345,16.472667,16.410503,16.095464,0.000000,1.264251,1.264028,0.000055,0.061250,0.048750,0.449084,633,8122697,133240,0,2,0,2,0,0,0,0,0,0,5406,0,3510,1896,0
25346,16.612916,16.456181,15.429678,0.000000,1.853125,1.852820,0.000180,0.043625,0.011917,0.765792,636,8091610,129629,0,2,0,2,0,0,0,0,0,0,7208,0,4680,2528,0
25347,16.738125,16.641658,15.674496,0.000000,1.807707,1.807403,0.000055,0.047459,0.048541,0.445916,634,8122696,134271,0,2,0,2,0,0,0,0,0,0,5406,0,3510,1896,0
25348,16.594084,16.424399,16.430546,0.000000,0.962166,0.961861,0.000180,0.045208,0.051000,0.871500,632,8091904,132291,0,2,0,2,0,0,0,0,0,0,5406,0,3510,1896,0
25349,16.738208,16.605170,16.437074,0.000000,1.168250,1.167945,0.000138,0.044958,0.012750,0.607750,637,8107036,131405,0,2,0,2,0,0,0,0,0,0,7208,0,4680,2528,0
25350,16.712000,16.649468,15.514967,0.000000,1.901667,1.901362,0.000055,0.055875,0.042792,0.896333,633,8122742,132698,0,2,0,2,0,0,0,0,0,0,5406,0,3510,1896,0
25351,16.772667,16.670981,15.864677,0.000000,1.663417,1.663070,0.000014,0.072666,0.014542,0.734250,634,8122664,132181,0,2,0,2,0,0,0,0,0,0,5406,0,3510,1896,0
25352,16.767750,16.570588,16.437584,0.000000,0.937541,0.937070,0.000096,0.062125,0.024166,0.445958,638,8076306,131018,0,2,0,2,0,0,0,0,0,0,7208,0,4680,2528,0
25353,16.610916,16.527277,16.287687,0.000000,1.119084,1.115862,0.002847,0.055834,0.013666,0.936334,631,8122547,132561,0,2,0,2,0,0,0,0,0,0,5406,0,3510,1896,0
25354,16.719167,16.634595,16.524891,0.000000,1.006793,1.001236,0.005264,0.069917,0.014916,0.611292,636,8094071,131303,0,2,0,2,0,0,0,0,0,0,7004,0,4536,2468,0
25355,16.757958,16.638476,16.498174,0.000000,0.842249,0.841820,0.000138,0.070750,0.023250,0.739250,637,8120232,132743,0,2,0,2,0,0,0,0,0,0,5610,0,3654,1956,0
25356,16.672792,16.490846,16.390908,0.000000,0.825500,0.818778,0.006305,0.073208,0.014334,0.446166,630,8107431,133314,0,2,0,2,0,0,0,0,0,0,5406,0,3510,1896,0
25357,16.695542,16.600696,16.552256,0.000000,0.581250,0.580820,0.000139,0.066958,0.033958,0.803375,640,8106847,131422,0,2,0,2,0,0,0,0,0,0,7208,0,4680,2528,0
25358,16.634125,16.505510,16.518429,0.000000,0.000334,0.000000,0.000000,0.067166,0.012709,1.088500,631,8107258,133922,0,2,0,2,0,0,0,0,0,0,5406,0,3510,1896,0
25359,16.762916,16.607269,16.489853,0.000000,0.898208,0.890987,0.006763,0.058584,0.049083,0.448750,631,8107361,132333,0,2,0,2,0,0,0,0,0,0,5406,0,3510,1896,0
25360,16.667875,16.599788,16.546347,0.000000,0.295460,0.294945,0.000139,0.059334,0.020333,0.932208,641,8106953,131087,0,2,0,2,0,0,0,0,0,0,7208,0,4680,2528,0
25361,16.697084,16.560195,16.457724,0.000000,0.827541,0.827237,0.000055,0.057625,0.014166,0.445833,629,8107297,133303,0,2,0,2,0,0,0,0,0,0,5406,0,3510,1896,0
25362,16.654041,16.469029,16.347672,0.000000,0.976166,0.975695,0.000222,0.056375,0.014042,1.133750,631,8091766,131507,0,2,0,2,0,0,0,0,0,0,5406,0,3510,1896,0
25363,16.710125,16.635488,16.546252,0.000000,0.744415,0.743736,0.000180,0.069959,0.025791,0.645792,642,8122730,130596,0,2,0,2,0,0,0,0,0,0,7208,0,4680,2528,0
25364,16.765375,16.660491,16.520709,0.000000,0.344751,0.344279,0.000180,0.064709,0.014541,0.753625,631,8085405,134022,0,2,0,2,0,0,0,0,0,0,5406,0,3510,1896,0
25365,16.717667,16.632729,16.523905,0.000000,0.763959,0.763362,0.000097,0.063792,0.049875,0.903917,632,8113424,131473,0,2,0,2,0,0,0,0,0,0,5406,0,3510,1896,0
25366,16.648208,16.438220,16.314555,0.000000,0.770917,0.770528,0.000180,0.061000,0.013209,0.656125,641,8122484,129955,0,2,0,2,0,0,0,0,0,0,7208,0,4680,2528,0
25367,16.701084,16.537079,16.384694,0.000000,1.048541,1.048029,0.000138,0.070208,0.027708,0.597042,631,8076366,130815,0,2,0,2,0,0,0,0,0,0,5406,0,3510,1896,0
25368,16.016375,15.980400,15.683784,0.000000,1.120375,1.118320,0.001888,0.050708,0.012833,0.622000,640,8168941,133546,0,2,0,2,0,0,0,0,0,0,5728,0,3510,2218,0
25369,17.277083,17.185327,17.076438,0.000000,0.099083,0.098486,0.000139,0.065292,0.019625,1.230791,637,8076144,138007,0,2,0,2,0,0,0,0,0,0,7208,0,4680,2528,0
25370,16.779167,16.596080,16.471288,0.000000,0.869542,0.863237,0.005888,0.068500,0.018875,0.646709,633,8107257,134041,0,2,0,2,0,0,0,0,0,0,5406,0,3510,1896,0
25371,16.750916,16.609743,16.482627,0.000000,0.944916,0.935570,0.006055,0.066750,0.020417,1.248708,632,8107282,133223,0,2,0,2,0,0,0,0,0,0,5406,0,3510,1896,0
25372,16.531625,16.386300,16.318046,0.000000,0.580958,0.580486,0.000097,0.061584,0.013375,0.610250,639,8091574,130752,0,2,0,2,0,0,0,0,0,0,7208,0,4680,2528,0
25373,16.686500,16.583833,16.435059,0.000000,0.553667,0.553154,0.000263,0.057334,0.012333,0.947999,631,8107308,133482,0,2,0,2,0,0,0,0,0,0,5406,0,3510,1896,0
25374,16.796000,16.713369,16.581246,0.000000,0.792667,0.784445,0.007680,0.060542,0.016750,0.915500,633,8107217,132510,0,2,0,2,0,0,0,0,0,0,5406,0,3510,1896,0
25375,16.646125,16.517116,16.430792,0.000000,0.734957,0.734486,0.000055,0.065500,0.046709,0.614209,640,8122509,130037,0,2,0,2,0,0,0,0,0,0,7208,0,4680,2528,0
25376,16.628167,16.454701,16.310423,0.000000,0.919834,0.919404,0.000096,0.061500,0.015958,0.586167,633,8091787,132695,0,2,0,2,0,0,0,0,0,0,5406,0,3510,1896,0
25377,16.600542,16.464481,16.391490,0.000000,0.343166,0.342487,0.000138,0.060541,0.013125,0.290250,633,8107285,131896,0,2,0,2,0,0,0,0,0,0,5406,0,3510,1896,0
25378,16.778125,16.744007,16.518479,0.000000,1.072167,1.071653,0.000222,0.070500,0.021166,0.921875,640,8122472,131200,0,2,0,2,0,0,0,0,0,0,7208,0,4680,2528,0
25379,16.745458,16.585322,16.431406,0.000000,1.026710,1.026279,0.000180,0.064917,0.048083,0.617542,632,8107265,132356,0,2,0,2,0,0,0,0,0,0,5406,0,3510,1896,0
25380,16.667458,16.531666,16.403626,0.000000,0.931207,0.930653,0.000138,0.063875,0.022834,0.928999,630,8091976,132109,0,2,0,2,0,0,0,0,0,0,5406,0,3510,1896,0
25381,16.604500,16.495796,16.365819,0.000000,0.880000,0.879653,0.000055,0.077292,0.015250,1.226333,639,8106875,130390,0,2,0,2,0,0,0,0,0,0,7208,0,4680,2528,0
25382,16.732000,16.600294,16.531425,0.000000,0.963167,0.958445,0.004305,0.060375,0.013375,0.472625,634,8107319,132753,0,2,0,2,0,0,0,0,0,0,5406,0,3510,1896,0
25383,16.689292,16.527286,16.370114,0.000000,0.974209,0.973445,0.000347,0.058250,0.013083,0.911208,632,8107254,131749,0,2,0,2,0,0,0,0,0,0,5406,0,3510,1896,0
25384,16.631458,16.552310,16.447526,0.000000,0.932667,0.932278,0.000139,0.064209,0.013041,0.289750,637,8107142,130460,0,2,0,2,0,0,0,0,0,0,7208,0,4680,2528,0
25385,16.163500,16.087615,15.975644,0.000000,0.938166,0.937570,0.000263,0.065584,0.035416,0.764709,635,8122516,132493,0,2,0,2,0,0,0,0,0,0,5569,0,3510,2059,0
25386,16.526917,16.367926,16.326112,0.000000,0.735501,0.733612,0.001638,0.053083,0.014084,0.462375,636,8122676,142167,0,2,0,2,0,0,0,0,0,0,5574,0,3510,2064,0
25387,17.222958,17.148968,17.161030,0.000000,0.077082,0.076611,0.000180,0.067209,0.021500,0.768125,640,8091469,139553,0,2,0,2,0,0,0,0,0,0,7208,0,4680,2528,0
25388,16.748875,16.579925,16.425366,0.000000,0.621292,0.620570,0.000305,0.053875,0.037750,0.915291,632,8091931,133182,0,2,0,2,0,0,0,0,0,0,5406,0,3510,1896,0
25389,16.689084,16.618041,16.532067,0.000000,0.784749,0.784403,0.000138,0.060333,0.037292,0.290125,632,8122740,133184,0,2,0,2,0,0,0,0,0,0,5406,0,3510,1896,0
25390,16.613708,16.465868,16.388597,0.000000,0.669625,0.669320,0.000055,0.058500,0.014000,0.906834,640,8104136,131966,0,2,0,2,0,0,0,0,0,0,7208,0,4680,2528,0
25391,16.734292,16.628951,16.546577,0.000000,0.621375,0.620862,0.000096,0.076083,0.019667,0.462417,633,8110036,133480,0,2,0,2,0,0,0,0,0,0,5406,0,3510,1896,0
25392,16.757458,16.611552,16.615076,0.000000,0.022792,0.013487,0.009055,0.082458,0.029917,0.950501,632,8107235,133595,0,2,0,2,0,0,0,0,0,0,5406,0,3510,1896,0
25393,16.564333,16.369632,16.294420,0.000000,0.957249,0.956861,0.000097,0.069584,0.014291,0.646833,640,8091622,130690,0,2,0,2,0,0,0,0,0,0,7208,0,4680,2528,0
25394,16.838750,16.761156,16.644502,0.000000,0.732750,0.732404,0.000055,0.096417,0.033375,0.780709,629,8107249,132298,0,2,0,2,0,0,0,0,0,0,5406,0,3510,1896,0
25395,16.894250,16.760537,16.618372,0.000000,0.000292,0.000000,0.000000,0.058750,0.014334,0.289625,633,8122773,132432,0,2,0,2,0,0,0,0,0,0,5406,0,3510,1896,0
25396,16.241542,16.126129,16.114093,0.000000,0.487251,0.486695,0.000139,0.055667,0.014333,1.095334,640,8091570,131654,0,2,0,2,0,0,0,0,0,0,7208,0,4680,2528,0
25397,16.778292,16.656752,16.532321,0.000000,0.978457,0.977737,0.000221,0.056166,0.013084,0.755833,634,8122789,133068,0,2,0,2,0,0,0,0,0,0,5406,0,3510,1896,0
25398,16.738791,16.601119,16.458415,0.000000,1.039042,1.035903,0.002722,0.061042,0.013750,0.638250,634,8107116,131618,0,2,0,2,0,0,0,0,0,0,5406,0,3510,1896,0
25399,16.579084,16.442131,16.273961,0.000000,0.790333,0.783070,0.006930,0.060500,0.013916,0.808250,658,8091358,131055,0,2,0,2,0,0,0,0,0,0,9249,0,4680,4569,0
25400,16.766291,16.661962,16.493422,0.000000,0.977791,0.977320,0.000096,0.061292,0.022250,0.372708,630,8122649,132607,0,2,0,2,0,0,0,0,0,0,5406,0,3510,1896,0
25401,16.665459,16.543677,16.378046,0.000000,0.907418,0.907112,0.000097,0.057250,0.014000,0.947584,631,8091895,131529,0,2,0,2,0,0,0,0,0,0,5406,0,3510,1896,0
25402,16.103708,15.955180,14.984708,0.000000,1.693958,1.693570,0.000097,0.046833,0.014584,0.304042,640,8106974,128365,0,2,0,2,0,0,0,0,0,0,7378,0,4680,2698,0
25403,17.256333,17.177138,17.069509,0.000000,0.424542,0.423987,0.000096,0.060000,0.016209,0.588542,631,8122654,139020,0,2,0,2,0,0,0,0,0,0,5406,0,3510,1896,0
25404,16.636417,16.530725,15.782011,0.000000,1.513501,1.513237,0.000055,0.057458,0.035125,1.021792,630,8107269,126431,0,2,0,2,0,0,0,0,0,0,5406,0,3510,1896,0
25405,16.583542,16.437171,15.746083,0.000000,1.432959,1.432528,0.000180,0.072500,0.012833,0.640583,638,8091643,124647,0,2,0,2,0,0,0,0,0,0,7208,0,4680,2528,0
25406,16.822000,16.693833,16.539255,0.000000,0.994042,0.993612,0.000180,0.059750,0.013625,0.584791,634,8122737,132918,0,2,0,2,0,0,0,0,0,0,5406,0,3510,1896,0
25407,16.707125,16.608582,16.531997,0.000000,0.917126,0.916820,0.000097,0.075250,0.018000,0.609292,639,8107103,131066,0,2,0,2,0,0,0,0,0,0,7049,0,4581,2468,0
25408,16.690458,16.592379,16.511259,0.000000,0.768126,0.767570,0.000139,0.066833,0.020292,0.855584,636,8122606,134119,0,2,0,2,0,0,0,0,0,0,5565,0,3609,1956,0
25409,16.631500,16.506686,16.224261,0.000000,1.088417,1.082695,0.005305,0.062792,0.016250,0.609292,629,8097106,130276,0,2,0,2,0,0,0,0,0,0,5406,0,3510,1896,0
25410,16.696417,16.578839,16.390786,0.000000,1.049833,1.049320,0.000138,0.078208,0.031458,0.994333,641,8101759,130232,0,2,0,2,0,0,0,0,0,0,7208,0,4680,2528,0
25411,16.752166,16.618618,16.572537,0.000000,0.840667,0.840278,0.000097,0.062500,0.013542,0.612875,631,8107238,133864,0,2,0,2,0,0,0,0,0,0,5406,0,3510,1896,0
25412,16.568250,16.413127,16.299691,0.000000,0.964584,0.964112,0.000055,0.075375,0.021625,1.127834,634,8107291,131209,0,2,0,2,0,0,0,0,0,0,5406,0,3510,1896,0
25413,16.714334,16.577260,16.212531,0.000000,1.177916,1.177445,0.000138,0.056791,0.015875,0.898000,638,8091592,129944,0,2,0,2,0,0,0,0,0,0,7208,0,4680,2528,0
25414,16.758541,16.684578,16.588087,0.000000,0.801000,0.794570,0.006097,0.071959,0.015208,0.345875,632,8138135,134291,0,2,0,2,0,0,0,0,0,0,5406,0,3510,1896,0
25415,16.637500,16.468197,16.118470,0.000000,1.203293,1.202904,0.000138,0.063417,0.015250,0.906124,630,8076448,129309,0,2,0,2,0,0,0,0,0,0,5406,0,3510,1896,0
25416,16.645459,16.566690,16.460766,0.000000,0.961125,0.960778,0.000138,0.059375,0.013625,0.623708,640,8122399,131905,0,2,0,2,0,0,0,0,0,0,7208,0,4680,2528,0
25417,16.661583,16.536467,16.426738,0.000000,1.030875,1.028028,0.002305,0.058083,0.013334,0.947791,634,8107257,133780,0,2,0,2,0,0,0,0,0,0,5406,0,3510,1896,0
25418,16.603667,16.453025,16.265974,0.000000,1.061459,1.060904,0.000221,0.076166,0.014125,0.608916,630,8091845,128990,0,2,0,2,0,0,0,0,0,0,5406,0,3510,1896,0
25419,16.827375,16.735905,16.615870,0.000000,0.913292,0.912820,0.000180,0.061666,0.041959,0.934625,640,8107164,132290,0,2,0,2,0,0,0,0,0,0,7208,0,4680,2528,0
25420,16.704708,16.597225,15.947370,0.000000,1.389041,1.388570,0.000180,0.075917,0.022791,0.908042,635,8138233,127693,0,2,0,2,0,0,0,0,0,0,5406,0,3510,1896,0
25421,16.647917,16.488372,15.262701,0.000000,1.886875,1.886320,0.000138,0.064666,0.014334,0.629750,632,8091742,123648,0,2,0,2,0,0,0,0,0,0,5406,0,3510,1896,0
25422,16.645666,16.545550,15.241046,0.000000,1.972125,1.971528,0.000097,0.053584,0.048208,1.002000,639,8106899,123134,0,2,0,2,0,0,0,0,0,0,7208,0,4680,2528,0
25423,16.726209,16.571134,16.428965,0.000000,0.903292,0.902903,0.000097,0.066750,0.019166,0.291000,630,8091802,125746,0,2,0,2,0,0,0,0,0,0,5406,0,3510,1896,0
25424,16.661541,16.534661,16.023032,0.000000,1.253916,1.253195,0.000221,0.066959,0.015083,0.888250,631,8122701,124600,0,2,0,2,0,0,0,0,0,0,5406,0,3510,1896,0
25425,16.514917,16.420793,15.392753,0.000000,1.713209,1.712778,0.000180,0.085958,0.025875,0.609167,641,8107209,122154,0,2,0,2,0,0,0,0,0,0,7208,0,4680,2528,0
25426,16.897875,16.746184,15.953489,0.000000,1.542542,1.538445,0.003764,0.068875,0.014958,0.941833,631,8107090,128102,0,2,0,2,0,0,0,0,0,0,5406,0,3510,1896,0
25427,16.651833,16.565072,16.167223,0.000000,1.236708,1.194445,0.041930,0.055334,0.011916,0.921792,631,8092922,129608,0,2,0,2,0,0,0,0,0,0,5406,0,3510,1896,0
25428,16.669125,16.621802,16.416404,0.000000,0.915501,0.903820,0.011305,0.111834,0.043250,0.635167,641,8136850,131521,0,2,0,2,0,0,0,0,0,0,7208,0,4680,2528,0
25429,16.178917,15.972806,15.782623,0.000000,0.578415,0.577986,0.000180,0.058667,0.054208,0.590458,632,8091720,136205,0,2,0,2,0,0,0,0,0,0,5728,0,3510,2218,0
25430,17.595833,17.434749,17.417048,0.000000,0.000332,0.000000,0.000000,0.063834,0.033833,0.648666,631,8091802,138807,0,2,0,2,0,0,0,0,0,0,5406,0,3510,1896,0
25431,16.425417,16.355057,16.336595,0.000000,0.000374,0.000000,0.000000,0.076625,0.023250,1.336375,642,8122560,129987,0,2,0,2,0,0,0,0,0,0,7208,0,4680,2528,0
25432,18.509750,18.355056,18.363917,0.000000,0.000417,0.000000,0.000000,0.059708,0.013125,0.293500,629,8091741,133293,0,2,0,2,0,0,0,0,0,0,5406,0,3510,1896,0
25433,15.691292,15.542622,15.531833,0.000000,0.000292,0.000000,0.000000,0.062916,0.017709,1.292458,632,8107250,131407,0,2,0,2,0,0,0,0,0,0,5406,0,3510,1896,0
25434,15.788166,15.650365,15.631087,0.000000,0.087624,0.087195,0.000180,0.061209,0.048958,0.304459,641,8122515,130017,0,2,0,2,0,0,0,0,0,0,7208,0,4680,2528,0
25435,16.759917,16.698012,16.560880,0.000000,1.021874,1.021445,0.000180,0.074625,0.021875,0.977167,630,8091772,131852,0,2,0,2,0,0,0,0,0,0,5406,0,3510,1896,0
25436,16.951958,16.791646,16.703387,0.000000,0.734876,0.734404,0.000180,0.065834,0.013208,0.581251,634,8107378,131335,0,2,0,2,0,0,0,0,0,0,5406,0,3510,1896,0
25437,16.378167,16.267556,15.967129,0.000000,1.133751,1.126487,0.006972,0.052458,0.015667,0.610125,641,8122409,128216,0,2,0,2,0,0,0,0,0,0,7208,0,4680,2528,0
25438,16.758375,16.561963,16.453841,0.000000,0.895000,0.894278,0.000222,0.063708,0.018209,0.617625,629,8076414,131302,0,2,0,2,0,0,0,0,0,0,5406,0,3510,1896,0
25439,16.762083,16.631423,16.319795,0.000000,1.144041,1.143320,0.000388,0.067125,0.017000,0.608584,633,8107215,130289,0,2,0,2,0,0,0,0,0,0,5406,0,3510,1896,0
25440,16.557250,16.516000,16.479707,0.000000,0.204876,0.204195,0.000180,0.068500,0.013167,1.525541,644,8137889,129493,0,2,0,2,0,0,0,0,0,0,7208,0,4680,2528,0
25441,16.810250,16.666623,16.397242,0.000000,1.170083,1.169778,0.000055,0.072667,0.025542,0.611917,630,8081043,131860,0,2,0,2,0,0,0,0,0,0,5406,0,3510,1896,0
25442,16.759042,16.679661,16.223453,0.000000,1.238583,1.238112,0.000180,0.076958,0.020084,0.758500,633,8118138,130637,0,2,0,2,0,0,0,0,0,0,5406,0,3510,1896,0
25443,16.722458,16.533297,16.510173,0.000000,0.136500,0.136112,0.000055,0.070875,0.034500,0.940875,641,8122599,128352,0,2,0,2,0,0,0,0,0,0,7208,0,4680,2528,0
25444,16.612334,16.486672,16.463858,0.000000,0.190458,0.189236,0.000847,0.065458,0.019750,0.482166,628,8091597,132570,0,2,0,2,0,0,0,0,0,0,5406,0,3510,1896,0
25445,16.399375,16.228294,16.076240,0.000000,1.054084,1.053695,0.000180,0.059375,0.018291,0.913292,631,8107265,127816,0,2,0,2,0,0,0,0,0,0,5406,0,3510,1896,0
25446,16.786083,16.728041,16.627750,0.000000,0.396918,0.396612,0.000097,0.069125,0.015208,0.446084,641,8122534,131144,0,2,0,2,0,0,0,0,0,0,7208,0,4680,2528,0
25447,16.735208,16.490403,16.445769,0.000000,0.562209,0.561778,0.000097,0.063334,0.015791,0.797459,629,8076322,130891,0,2,0,2,0,0,0,0,0,0,5406,0,3510,1896,0
25448,16.814959,16.839196,16.403806,0.000000,1.256958,1.248862,0.007846,0.093041,0.014500,0.608667,632,8122717,131530,0,2,0,2,0,0,0,0,0,0,5406,0,3510,1896,0
25449,16.574625,16.423917,16.052584,0.000000,1.194375,1.181320,0.012805,0.071791,0.014292,0.765667,642,8122513,128244,0,2,0,2,0,0,0,0,0,0,7208,0,4680,2528,0
25450,16.721583,16.482049,16.429848,0.000000,0.189124,0.188611,0.000180,0.071958,0.015042,0.293500,629,8076385,131170,0,2,0,2,0,0,0,0,0,0,5406,0,3510,1896,0
25451,16.657708,16.638613,16.411729,0.000000,1.124083,1.108654,0.015096,0.061667,0.020750,1.033666,633,8120795,130673,0,2,0,2,0,0,0,0,0,0,5406,0,3510,1896,0
25452,16.535667,16.428954,16.259585,0.000000,1.041500,1.040945,0.000138,0.071667,0.015666,1.256500,640,8109109,128942,0,4,0,4,0,0,0,0,0,0,7208,0,4680,2528,0
25453,17.239042,17.011077,16.989608,0.000000,0.000292,0.000000,0.000000,0.066250,0.013750,0.607500,633,8095499,131448,0,0,0,2,0,0,0,0,0,0,5406,0,3510,1896,0
25454,16.862250,16.871935,16.698204,0.000000,0.907624,0.907112,0.000221,0.112208,0.057458,0.585083,632,8118821,130468,0,4,0,2,0,0,0,0,0,0,5406,0,3510,1896,0
25455,17.097750,16.857871,16.791357,0.000000,0.000292,0.000000,0.000000,0.069708,0.020292,0.292209,640,8107025,129181,0,2,0,2,0,0,0,0,0,0,7208,0,4680,2528,0
25456,16.046625,15.834937,15.819145,0.000000,0.000332,0.000000,0.000000,0.063791,0.014667,0.936791,630,8091858,131005,0,2,0,2,0,0,0,0,0,0,5406,0,3510,1896,0
25457,16.453291,16.413050,16.330851,0.000000,0.446791,0.446195,0.000221,0.056542,0.012625,0.608416,634,8122640,130706,0,2,0,2,0,0,0,0,0,0,5406,0,3510,1896,0
25458,16.688542,16.485126,16.053561,0.000000,1.247417,1.247070,0.000055,0.058000,0.013042,0.925333,638,8091679,129293,0,2,0,2,0,0,0,0,0,0,7208,0,4680,2528,0
25459,15.794375,15.782370,15.578973,0.000000,1.066834,1.054361,0.012264,0.066875,0.019667,0.914833,636,8122612,131085,0,2,0,2,0,0,0,0,0,0,5580,0,3510,2070,0
25460,17.482458,17.343945,17.260806,0.000000,0.452083,0.451529,0.000221,0.080125,0.036500,0.645458,640,8122718,135667,0,2,0,2,0,0,0,0,0,0,7124,0,4596,2528,0
25461,16.691042,16.470385,15.579892,0.000000,1.582792,1.582528,0.000055,0.077375,0.020833,0.934625,629,8076102,123097,0,2,0,2,0,0,0,0,0,0,5490,0,3594,1896,0
25462,15.963583,15.912456,14.608542,0.000000,1.924749,1.917278,0.006930,0.062000,0.014084,0.292334,635,8138121,121952,0,2,0,2,0,0,0,0,0,0,5625,0,3510,2115,0
25463,17.512334,17.450450,17.107497,0.000000,1.130624,1.130195,0.000180,0.063291,0.030792,0.833084,637,8107067,127648,0,2,0,2,0,0,0,0,0,0,7208,0,4680,2528,0
25464,16.587291,16.404892,16.002609,0.000000,1.214625,1.209237,0.005138,0.060875,0.017500,0.445750,632,8091823,124421,0,2,0,2,0,0,0,0,0,0,5406,0,3510,1896,0
25465,16.421584,16.316143,14.854050,0.000000,2.060751,2.060320,0.000139,0.067166,0.043459,0.935542,632,8122665,119610,0,2,0,2,0,0,0,0,0,0,5406,0,3510,1896,0
25466,16.844208,16.734077,15.415096,0.000000,1.878375,1.877987,0.000096,0.076333,0.037834,0.587375,640,8107092,122159,0,2,0,2,0,0,0,0,0,0,7208,0,4680,2528,0
25467,16.742125,16.533454,15.441788,0.000000,1.785126,1.784612,0.000222,0.070083,0.038334,0.638333,629,8076380,122992,0,2,0,2,0,0,0,0,0,0,5406,0,3510,1896,0
25468,16.489750,16.460081,15.207482,0.000000,1.852792,1.846820,0.005472,0.066292,0.051041,0.902042,635,8122674,121104,0,2,0,2,0,0,0,0,0,0,5406,0,3510,1896,0
25469,16.686083,16.542113,15.140206,0.000000,2.053542,2.048904,0.004430,0.069584,0.016541,0.609916,637,8107050,119528,0,2,0,2,0,0,0,0,0,0,7208,0,4680,2528,0
25470,16.682750,16.573200,15.377005,0.000000,1.848334,1.846737,0.001138,0.057709,0.037041,0.928833,631,8107322,123566,0,2,0,2,0,0,0,0,0,0,5406,0,3510,1896,0
25471,16.747709,16.606519,15.071350,0.000000,2.160917,2.160361,0.000097,0.070000,0.024166,0.608583,632,8107348,121878,0,2,0,2,0,0,0,0,0,0,5406,0,3510,1896,0
25472,16.629291,16.556282,15.393807,0.000000,1.839209,1.838779,0.000180,0.064209,0.013583,0.932125,643,8122378,120759,0,2,0,2,0,0,0,0,0,0,7208,0,4680,2528,0
25473,16.321584,16.181869,15.198324,0.000000,1.724334,1.724070,0.000055,0.057208,0.014333,0.291292,634,8122673,123323,0,2,0,2,0,0,0,0,0,0,5597,0,3510,2087,0
25474,16.951666,16.789849,15.999626,0.000000,1.546166,1.545445,0.000180,0.063334,0.024041,0.929291,629,8076365,127192,0,2,0,2,0,0,0,0,0,0,5406,0,3510,1896,0
25475,16.693917,16.620482,15.547588,0.000000,1.811375,1.810820,0.000180,0.063833,0.024667,0.911125,641,8107070,122357,0,2,0,2,0,0,0,0,0,0,7208,0,4680,2528,0
25476,16.784958,16.593434,15.687163,0.000000,1.660751,1.656612,0.003847,0.062375,0.017584,0.642917,630,8107416,125038,0,2,0,2,0,0,0,0,0,0,5406,0,3510,1896,0
25477,16.615625,16.536132,15.215134,0.000000,1.939210,1.938778,0.000139,0.068459,0.034833,0.651834,634,8107083,123001,0,2,0,2,0,0,0,0,0,0,5406,0,3510,1896,0
25478,16.738042,16.617614,15.566132,0.000000,1.735249,1.734737,0.000096,0.069958,0.022209,0.608875,640,8107048,121228,0,2,0,2,0,0,0,0,0,0,7208,0,4680,2528,0
25479,16.696708,16.577736,15.429920,0.000000,1.786083,1.785695,0.000097,0.065750,0.036667,1.281209,634,8138231,126875,0,2,0,2,0,0,0,0,0,0,5406,0,3510,1896,0
25480,16.931417,16.822266,15.615277,0.000000,1.913334,1.898278,0.014722,0.062000,0.018583,0.606958,631,8076275,122174,0,2,0,2,0,0,0,0,0,0,5406,0,3510,1896,0
25481,15.974292,15.891831,13.754625,0.000000,2.613166,2.612654,0.000138,0.058583,0.019042,0.762458,646,8131544,113197,0,2,0,2,0,0,0,0,0,0,7490,0,4680,2810,0
25482,17.494125,17.374465,15.801067,0.000000,2.175542,2.175153,0.000055,0.096791,0.021167,0.945625,629,8082811,122274,0,2,0,2,0,0,0,0,0,0,5406,0,3510,1896,0
25483,16.979083,16.814260,16.070237,0.000000,1.300209,1.298695,0.000972,0.106708,0.027959,0.350666,633,8107177,113839,0,2,0,2,0,0,0,0,0,0,5406,0,3510,1896,0
25484,16.352458,16.116820,15.791509,0.000000,0.354000,0.353195,0.000180,0.102459,0.019416,0.597249,640,8091523,111690,0,2,0,2,0,0,0,0,0,0,7208,0,4680,2528,0
25485,17.029709,17.043255,16.317456,0.000000,1.376167,1.375362,0.000180,0.097333,0.014708,0.331667,632,8122754,117162,0,2,0,2,0,0,0,0,0,0,5406,0,3510,1896,0
25486,16.531333,16.410670,16.102836,0.000000,0.880166,0.877986,0.001639,0.100083,0.023000,1.083167,631,8107253,113893,0,2,0,2,0,0,0,0,0,0,5406,0,3510,1896,0
25487,16.417500,16.238171,16.076919,0.000000,0.001042,0.000000,0.000000,0.085917,0.022833,0.334834,641,8107021,111718,0,2,0,2,0,0,0,0,0,0,7208,0,4680,2528,0
25488,17.083042,16.954230,15.949355,0.000000,1.614833,1.614153,0.000138,0.094166,0.015084,0.638625,631,8107270,117086,0,2,0,2,0,0,0,0,0,0,5406,0,3510,1896,0
25489,16.709583,16.490376,16.374049,0.000000,0.891500,0.890653,0.000264,0.088458,0.024375,0.604708,628,8091868,113272,0,2,0,2,0,0,0,0,0,0,5406,0,3510,1896,0
25490,16.151958,16.110636,15.660098,0.000000,1.208583,1.207987,0.000138,0.080584,0.038666,0.735542,640,8122453,112080,0,2,0,2,0,0,0,0,0,0,7208,0,4680,2528,0
25491,17.189792,17.085052,15.629950,0.000000,2.090876,2.090278,0.000222,0.074833,0.014750,1.015042,633,8111806,116407,0,2,0,2,0,0,0,0,0,0,5406,0,3510,1896,0
25492,16.383333,16.246461,14.840496,0.000000,1.990041,1.989486,0.000305,0.062084,0.018833,0.637125,632,8102692,114125,0,2,0,2,0,0,0,0,0,0,5406,0,3510,1896,0
25493,16.738417,16.486368,15.423502,0.000000,1.682083,1.681237,0.000221,0.087292,0.022000,0.600500,639,8091729,110527,0,2,0,2,0,0,0,0,0,0,7208,0,4680,2528,0
25494,16.922750,17.077420,16.347477,0.000000,1.370917,1.366070,0.004222,0.098792,0.144125,0.303541,637,8153500,117646,0,2,0,2,0,0,0,0,0,0,5406,0,3510,1896,0
25495,16.542208,16.234907,15.953707,0.000000,1.026541,1.025778,0.000180,0.079000,0.014875,0.581958,627,8076326,111965,0,2,0,2,0,0,0,0,0,0,5406,0,3510,1896,0
25496,16.248042,16.170584,15.214742,0.000000,1.659667,1.653112,0.006221,0.076542,0.020625,0.614959,640,8107055,111828,0,2,0,2,0,0,0,0,0,0,7208,0,4680,2528,0
25497,16.992917,16.818129,15.970048,0.000000,1.562500,1.558362,0.003680,0.064541,0.036709,1.613542,632,8107251,115161,0,2,0,2,0,0,0,0,0,0,5406,0,3510,1896,0
25498,16.547875,16.439950,14.607473,0.000000,2.413459,2.402820,0.010264,0.060291,0.031875,0.797625,630,8107257,113761,0,2,0,2,0,0,0,0,0,0,5406,0,3510,1896,0
25499,16.432750,16.250746,14.773496,0.000000,2.077042,2.071404,0.005346,0.062333,0.015958,0.607500,641,8107040,110269,0,2,0,2,0,0,0,0,0,0,7208,0,4680,2528,0
25500,16.990375,16.908792,14.687034,0.000000,2.682666,2.670320,0.011763,0.075625,0.012625,0.911958,633,8107325,115413,0,2,0,2,0,0,0,0,0,0,5406,0,3510,1896,0
25501,16.551125,16.406166,13.926845,0.000000,2.932750,2.932236,0.000097,0.068416,0.032917,0.646500,630,8107213,112197,0,2,0,2,0,0,0,0,0,0,5406,0,3510,1896,0
25502,16.621208,16.414826,13.833497,0.000000,2.975542,2.974862,0.000263,0.064500,0.037917,0.957334,639,8091612,110497,0,2,0,2,0,0,0,0,0,0,7208,0,4680,2528,0
25503,16.785667,16.768910,14.423319,0.000000,2.816459,2.815945,0.000138,0.060083,0.048042,0.654250,633,8122698,114927,0,2,0,2,0,0,0,0,0,0,5406,0,3510,1896,0
25504,16.953500,16.809176,14.800392,0.000000,2.468084,2.467695,0.000097,0.079458,0.032083,0.956042,630,8107264,112530,0,2,0,2,0,0,0,0,0,0,5406,0,3510,1896,0
25505,16.440833,16.218955,13.941743,0.000000,2.747750,2.747154,0.000221,0.075167,0.036125,0.601375,643,8091610,109646,0,2,0,2,0,0,0,0,0,0,7721,0,4680,3041,0
25506,16.860833,16.831950,14.797008,0.000000,2.538583,2.537903,0.000180,0.080792,0.022417,0.662375,649,8122380,115385,0,2,0,2,0,0,0,0,0,0,6934,0,3510,3424,0
25507,16.548792,16.458067,14.107995,0.000000,2.842749,2.842195,0.000180,0.067292,0.034166,0.909334,633,8107359,111981,0,2,0,2,0,0,0,0,0,0,5406,0,3510,1896,0
25508,16.706375,16.545486,14.277373,0.000000,2.744709,2.744404,0.000055,0.057958,0.013000,0.468792,638,8106982,112623,0,2,0,2,0,0,0,0,0,0,7208,0,4680,2528,0
25509,16.702000,16.590759,13.908229,0.000000,3.067791,3.057528,0.009888,0.070000,0.012125,1.112750,632,8108107,111917,0,2,0,2,0,0,0,0,0,0,5406,0,3510,1896,0
25510,16.670500,16.538628,14.046005,0.000000,2.889417,2.888236,0.000847,0.078500,0.022250,0.654500,631,8106391,111443,0,2,0,2,0,0,0,0,0,0,5406,0,3510,1896,0
25511,16.659333,16.553000,14.089586,0.000000,2.920874,2.920570,0.000096,0.057000,0.013042,0.790583,639,8107105,111353,0,2,0,2,0,0,0,0,0,0,7208,0,4680,2528,0
25512,16.654875,16.519526,13.836531,0.000000,3.098291,3.097820,0.000055,0.061625,0.019500,0.643542,631,8107233,111904,0,2,0,2,0,0,0,0,0,0,5406,0,3510,1896,0
25513,16.682709,16.613062,13.579196,0.000000,3.361833,3.361195,0.000180,0.058083,0.050750,0.938791,640,8122825,110418,0,2,0,2,0,0,0,0,0,0,7004,0,4536,2468,0
25514,17.727666,17.584086,14.808748,0.000000,3.045208,3.023237,0.021346,0.073459,0.027125,0.739417,630,8096859,111432,0,2,0,2,0,0,0,0,0,0,5610,0,3654,1956,0
25515,15.895834,15.817222,14.225082,0.000000,2.173750,2.173237,0.000180,0.096250,0.038791,0.637750,634,8117372,110897,0,2,0,2,0,0,0,0,0,0,5406,0,3510,1896,0
25516,16.429416,16.232745,13.950166,0.000000,2.690375,2.689986,0.000139,0.055167,0.014875,0.600958,639,8091648,108462,0,2,0,2,0,0,0,0,0,0,7208,0,4680,2528,0
25517,16.608917,16.507510,13.874681,0.000000,3.057084,3.053570,0.003305,0.054667,0.011291,0.639667,629,8107299,112321,0,2,0,2,0,0,0,0,0,0,5406,0,3510,1896,0
25518,17.147875,17.033795,14.979038,0.000000,2.476166,2.475445,0.000388,0.074000,0.022792,0.727500,631,8107226,110186,0,2,0,2,0,0,0,0,0,0,5406,0,3510,1896,0
25519,16.348667,16.106840,14.347868,0.000000,2.201999,2.201236,0.000180,0.082666,0.027209,0.294000,638,8091801,106679,0,2,0,2,0,0,0,0,0,0,7208,0,4680,2528,0
25520,16.669458,16.651593,14.364958,0.000000,2.744001,2.741154,0.002638,0.070208,0.026709,0.934167,633,8122512,112956,0,2,0,2,0,0,0,0,0,0,5406,0,3510,1896,0
25521,16.969958,16.901245,14.269414,0.000000,3.012624,3.010403,0.001763,0.084875,0.014750,1.302959,632,8122717,109965,0,2,0,2,0,0,0,0,0,0,5406,0,3510,1896,0
25522,16.347375,16.175181,14.160293,0.000000,2.522375,2.521695,0.000139,0.059042,0.013708,0.640375,641,8091613,106609,0,2,0,2,0,0,0,0,0,0,7208,0,4680,2528,0
25523,16.734375,16.614000,13.653488,0.000000,3.283333,3.282945,0.000138,0.081042,0.020417,0.919959,630,8107277,110775,0,2,0,2,0,0,0,0,0,0,5406,0,3510,1896,0
25524,16.721000,16.598765,13.748000,0.000000,3.259000,3.254570,0.004055,0.060625,0.013667,0.640209,632,8107287,109399,0,2,0,2,0,0,0,0,0,0,5406,0,3510,1896,0
25525,16.520042,16.425425,13.607919,0.000000,3.179625,3.178986,0.000222,0.064167,0.022583,0.914709,641,8107018,106774,0,2,0,2,0,0,0,0,0,0,7208,0,4680,2528,0
25526,16.754000,16.607028,13.588422,0.000000,3.382874,3.382362,0.000138,0.064750,0.049458,0.647166,632,8107339,111119,0,2,0,2,0,0,0,0,0,0,5406,0,3510,1896,0
25527,16.767458,16.642656,13.431488,0.000000,3.534499,3.534028,0.000138,0.050667,0.036292,0.960624,632,8107208,108654,0,2,0,2,0,0,0,0,0,0,5406,0,3510,1896,0
25528,16.564542,16.451046,13.396588,0.000000,3.372041,3.371695,0.000055,0.063042,0.020416,0.928583,641,8107070,107808,0,2,0,2,0,0,0,0,0,0,7208,0,4680,2528,0
25529,16.780958,16.667821,13.609452,0.000000,3.357083,3.356779,0.000096,0.055084,0.014583,0.464667,628,8107296,111025,0,2,0,2,0,0,0,0,0,0,5406,0,3510,1896,0
25530,16.620042,16.502011,13.313750,0.000000,3.528459,3.524362,0.003805,0.063875,0.046667,0.883999,630,8107233,108873,0,2,0,2,0,0,0,0,0,0,5406,0,3510,1896,0
25531,16.466875,16.252875,12.995428,0.000000,3.595125,3.592111,0.002639,0.055958,0.013375,0.644916,639,8091668,104795,0,2,0,2,0,0,0,0,0,0,7208,0,4680,2528,0
25532,17.003000,16.991240,13.933334,0.000000,3.402417,3.402029,0.000221,0.073417,0.013625,1.024042,633,8122723,112707,0,2,0,2,0,0,0,0,0,0,5406,0,3510,1896,0
25533,16.578583,16.462312,13.271901,0.000000,3.477041,3.476695,0.000055,0.051667,0.013833,0.672917,632,8107217,108416,0,2,0,2,0,0,0,0,0,0,5406,0,3510,1896,0
25534,16.644834,16.541866,13.403665,0.000000,3.473166,3.472861,0.000097,0.065208,0.021417,0.780625,638,8107120,106240,0,2,0,2,0,0,0,0,0,0,7208,0,4680,2528,0
25535,16.734583,16.603219,13.685331,0.000000,3.303000,3.302570,0.000180,0.057417,0.034291,0.292333,633,8107219,110331,0,2,0,2,0,0,0,0,0,0,5406,0,3510,1896,0
25536,16.537208,16.454867,13.326149,0.000000,3.483334,3.482862,0.000180,0.086417,0.013958,0.952125,634,8153587,110346,0,2,0,2,0,0,0,0,0,0,5406,0,3510,1896,0
25537,17.024959,16.857388,15.832711,0.000000,1.635792,1.635153,0.000180,0.085416,0.044875,0.921959,638,8060714,118785,0,2,0,2,0,0,0,0,0,0,7208,0,4680,2528,0
25538,15.789750,15.702196,13.330834,0.000000,2.818626,2.818154,0.000138,0.066458,0.024500,0.671542,637,8138036,110644,0,2,0,2,0,0,0,0,0,0,5863,0,3510,2353,0
25539,17.728500,17.499944,17.451636,0.000000,0.000417,0.000000,0.000000,0.061666,0.017292,1.323416,629,8060911,165760,0,2,0,2,0,0,0,0,0,0,5406,0,3510,1896,0
25540,15.357666,15.353941,14.714318,0.000000,1.454126,1.453611,0.000139,0.060500,0.014709,0.609917,643,8122349,124101,0,2,0,2,0,0,0,0,0,0,7530,0,4680,2850,0
25541,17.594792,17.474630,17.380377,0.000000,0.747459,0.743904,0.003055,0.086042,0.017041,0.923667,636,8138217,132975,0,2,0,2,0,0,0,0,0,0,5406,0,3510,1896,0
25542,16.710375,16.589917,16.169317,0.000000,1.293792,1.292903,0.000430,0.071958,0.015459,0.291417,632,8107184,124386,0,2,0,2,0,0,0,0,0,0,5406,0,3510,1896,0
25543,16.517208,16.446760,16.269955,0.000000,1.053500,1.052820,0.000139,0.115584,0.030208,0.585542,640,8107077,123834,0,2,0,2,0,0,0,0,0,0,7208,0,4680,2528,0
25544,16.637167,16.436341,16.321762,0.000000,1.085458,1.085195,0.000055,0.046625,0.028500,0.608750,633,8108393,126292,0,2,0,2,0,0,0,0,0,0,5406,0,3510,1896,0
25545,16.427667,16.263719,16.279466,0.000000,0.354501,0.354153,0.000097,0.056000,0.018041,1.227375,628,8090654,124632,0,2,0,2,0,0,0,0,0,0,5406,0,3510,1896,0
25546,16.663666,16.557682,14.594350,0.000000,2.575460,2.575153,0.000139,0.044084,0.049708,1.231209,639,8107040,122189,0,2,0,2,0,0,0,0,0,0,7208,0,4680,2528,0
25547,16.733625,16.539353,15.651255,0.000000,1.741583,1.741195,0.000096,0.048959,0.025166,0.610208,633,8092013,125925,0,2,0,2,0,0,0,0,0,0,5406,0,3510,1896,0
25548,16.871542,16.799966,14.756593,0.000000,2.640708,2.640362,0.000138,0.072125,0.041833,1.211417,632,8122567,124204,0,2,0,2,0,0,0,0,0,0,5406,0,3510,1896,0
25549,16.484208,16.328164,14.587367,0.000000,2.421876,2.421486,0.000139,0.049792,0.013750,0.605917,638,8091554,121683,0,2,0,2,0,0,0,0,0,0,7208,0,4680,2528,0
25550,16.691959,16.588710,14.688124,0.000000,2.519542,2.519279,0.000138,0.056000,0.013500,1.079999,633,8122707,125475,0,2,0,2,0,0,0,0,0,0,5406,0,3510,1896,0
25551,16.602208,16.506827,14.288214,0.000000,2.777458,2.776987,0.000180,0.050500,0.025333,0.609292,630,8096503,123840,0,2,0,2,0,0,0,0,0,0,5406,0,3510,1896,0
25552,16.671833,16.539398,14.317620,0.000000,2.813292,2.812778,0.000097,0.041125,0.011167,0.739667,639,8102420,121241,0,2,0,2,0,0,0,0,0,0,7208,0,4680,2528,0
25553,16.820792,16.637533,15.036690,0.000000,2.292667,2.292237,0.000180,0.051958,0.012042,0.897750,630,8107190,124911,0,2,0,2,0,0,0,0,0,0,5406,0,3510,1896,0
25554,16.754083,16.667164,14.575003,0.000000,2.688001,2.687653,0.000097,0.059542,0.013208,0.447792,633,8122691,123318,0,2,0,2,0,0,0,0,0,0,5406,0,3510,1896,0
25555,16.477625,16.347223,14.489300,0.000000,2.501292,2.500945,0.000139,0.045709,0.026791,1.074291,637,8091857,122180,0,2,0,2,0,0,0,0,0,0,7208,0,4680,2528,0
25556,16.723584,16.610586,14.719620,0.000000,2.538790,2.538445,0.000096,0.045708,0.010250,0.444875,633,8107050,124989,0,2,0,2,0,0,0,0,0,0,5406,0,3510,1896,0
25557,16.727041,16.641993,14.293402,0.000000,2.902418,2.901862,0.000055,0.039417,0.027750,0.754708,633,8122771,123830,0,2,0,2,0,0,0,0,0,0,5406,0,3510,1896,0
25558,16.741709,16.637449,14.503140,0.000000,2.736543,2.736278,0.000139,0.045541,0.025917,0.608292,639,8111507,122331,0,2,0,2,0,0,0,0,0,0,7208,0,4680,2528,0
25559,16.634541,16.497081,14.613551,0.000000,2.537126,2.536820,0.000138,0.050000,0.011709,0.907666,632,8102755,124558,0,2,0,2,0,0,0,0,0,0,5406,0,3510,1896,0
25560,16.635292,16.467574,15.403925,0.000000,1.874001,1.873737,0.000055,0.041250,0.017250,0.892458,633,8091872,131327,0,2,0,2,0,0,0,0,0,0,5406,0,3510,1896,0
25561,16.799542,16.719175,15.672122,0.000000,1.835293,1.834820,0.000139,0.055041,0.049584,0.445959,639,8122432,132937,0,2,0,2,0,0,0,0,0,0,7208,0,4680,2528,0
25562,16.625541,16.511292,15.394629,0.000000,1.922917,1.922654,0.000138,0.048792,0.020500,1.056416,632,8107273,131874,0,2,0,2,0,0,0,0,0,0,5406,0,3510,1896,0
25563,16.694959,16.605645,15.902687,0.000000,1.563417,1.563112,0.000055,0.054041,0.014875,0.386500,630,8107242,132653,0,2,0,2,0,0,0,0,0,0,5406,0,3510,1896,0
25564,16.628666,16.470665,16.054257,0.000000,1.343208,1.342903,0.000180,0.051250,0.051292,0.925459,639,8107084,131507,0,2,0,2,0,0,0,0,0,0,7208,0,4680,2528,0
25565,16.735000,16.619928,16.544028,0.000000,1.091125,1.090904,0.000055,0.059500,0.012167,0.446750,632,8107272,132500,0,2,0,2,0,0,0,0,0,0,5406,0,3510,1896,0
25566,16.922625,16.858347,15.886932,0.000000,1.785333,1.785028,0.000055,0.079584,0.021708,0.735792,639,8122895,130657,0,2,0,2,0,0,0,0,0,0,7184,0,4656,2528,0
25567,16.421584,16.235181,15.769916,0.000000,0.237500,0.237278,0.000055,0.046958,0.012708,0.289500,632,8079704,133898,0,2,0,2,0,0,0,0,0,0,5430,0,3534,1896,0
25568,16.624583,16.492364,15.388040,0.000000,1.890208,1.889945,0.000096,0.050583,0.045334,1.042124,632,8103630,131644,0,2,0,2,0,0,0,0,0,0,5406,0,3510,1896,0
25569,16.684583,16.611282,15.508594,0.000000,1.890874,1.890278,0.000180,0.040459,0.020041,1.225792,642,8122365,130977,0,2,0,2,0,0,0,0,0,0,7208,0,4680,2528,0
25570,16.714292,16.615557,15.424726,0.000000,1.983458,1.983153,0.000097,0.043000,0.051708,0.611542,633,8122702,134382,0,2,0,2,0,0,0,0,0,0,5406,0,3510,1896,0
25571,16.841000,16.708415,15.682746,0.000000,1.833250,1.832945,0.000055,0.056792,0.047208,1.226625,632,8091857,132794,0,2,0,2,0,0,0,0,0,0,5406,0,3510,1896,0
25572,16.709083,16.609849,15.752706,0.000000,1.716876,1.716612,0.000138,0.046334,0.045291,0.603792,640,8107007,130488,0,2,0,2,0,0,0,0,0,0,7208,0,4680,2528,0
25573,16.446250,16.229571,15.344220,0.000000,1.734417,1.734236,0.000055,0.041375,0.010750,0.744458,631,8091854,133713,0,2,0,2,0,0,0,0,0,0,5406,0,3510,1896,0
25574,17.512042,17.440625,16.037624,0.000000,1.982501,1.933320,0.048805,0.078125,0.035500,0.301959,632,8122659,132497,0,2,0,2,0,0,0,0,0,0,5406,0,3510,1896,0
25575,16.517083,16.362856,16.324825,0.000000,0.654375,0.653945,0.000138,0.064459,0.012916,0.589001,639,8091684,131108,0,2,0,2,0,0,0,0,0,0,7208,0,4680,2528,0
25576,16.316542,16.228451,16.137092,0.000000,0.346832,0.341861,0.004680,0.056792,0.021333,0.911999,630,8107180,133848,0,2,0,2,0,0,0,0,0,0,5406,0,3510,1896,0
25577,16.634667,16.542164,16.414729,0.000000,0.784375,0.783779,0.000180,0.065458,0.020292,0.463584,634,8122697,132960,0,2,0,2,0,0,0,0,0,0,5406,0,3510,1896,0
25578,16.708500,16.589535,16.502456,0.000000,0.931999,0.931653,0.000138,0.065500,0.050750,0.607417,638,8107090,130103,0,2,0,2,0,0,0,0,0,0,7208,0,4680,2528,0
25579,16.740541,16.623761,16.448139,0.000000,0.841583,0.824820,0.016555,0.073792,0.016083,0.462292,631,8107297,134630,0,2,0,2,0,0,0,0,0,0,5406,0,3510,1896,0
25580,16.587500,16.429858,16.101233,0.000000,1.162375,1.161862,0.000096,0.065834,0.024125,1.069416,631,8091741,131600,0,2,0,2,0,0,0,0,0,0,5406,0,3510,1896,0
25581,16.803000,16.745211,16.547252,0.000000,1.108667,1.103278,0.005097,0.067834,0.020166,0.629292,640,8122620,130869,0,2,0,2,0,0,0,0,0,0,7208,0,4680,2528,0
25582,16.615709,16.484577,16.466920,0.000000,0.037001,0.036653,0.000139,0.068083,0.050542,0.753542,633,8122708,133924,0,2,0,2,0,0,0,0,0,0,5406,0,3510,1896,0
25583,16.677541,16.505135,16.292601,0.000000,1.129042,1.128612,0.000096,0.079042,0.022750,1.074042,629,8076241,131626,0,2,0,2,0,0,0,0,0,0,5406,0,3510,1896,0
25584,16.678084,16.528919,16.332942,0.000000,1.025916,1.025153,0.000555,0.060291,0.019584,0.459459,641,8107097,129534,0,2,0,2,0,0,0,0,0,0,7208,0,4680,2528,0
25585,16.618875,16.490042,16.375790,0.000000,0.879417,0.878986,0.000055,0.053125,0.021333,0.593957,632,8107190,134082,0,2,0,2,0,0,0,0,0,0,5406,0,3510,1896,0
25586,16.793375,16.684133,16.142005,0.000000,1.308792,1.305529,0.000138,0.071666,0.034834,0.462708,634,8122710,131903,0,2,0,2,0,0,0,0,0,0,5406,0,3510,1896,0
25587,16.630375,16.515500,16.400285,0.000000,0.966001,0.957112,0.008597,0.059125,0.014875,0.669959,638,8091880,130456,0,2,0,2,0,0,0,0,0,0,7208,0,4680,2528,0
25588,16.658125,16.606393,16.350118,0.000000,1.125625,1.125153,0.000055,0.065125,0.039708,0.448833,633,8122437,134023,0,2,0,2,0,0,0,0,0,0,5406,0,3510,1896,0
25589,16.773583,16.644961,16.591367,0.000000,0.191625,0.191112,0.000180,0.080500,0.022208,1.067583,631,8107285,132224,0,2,0,2,0,0,0,0,0,0,5406,0,3510,1896,0
25590,16.656625,16.472319,16.230308,0.000000,1.111209,1.104653,0.006222,0.052000,0.017542,0.610584,641,8091581,130180,0,2,0,2,0,0,0,0,0,0,7208,0,4680,2528,0
25591,16.787917,16.728787,16.619556,0.000000,0.532999,0.532611,0.000055,0.064208,0.018292,0.764667,633,8122677,135333,0,2,0,2,0,0,0,0,0,0,5406,0,3510,1896,0
25592,16.462000,16.236802,16.212920,0.000000,0.505250,0.498195,0.006721,0.055458,0.015750,0.955167,631,8091821,131469,0,2,0,2,0,0,0,0,0,0,5406,0,3510,1896,0
25593,16.780208,16.718269,16.482221,0.000000,1.111584,1.111153,0.000180,0.072250,0.014083,0.413875,641,8122485,131283,0,2,0,2,0,0,0,0,0,0,7208,0,4680,2528,0
25594,16.796167,16.634630,16.492088,0.000000,1.066918,1.066611,0.000139,0.077708,0.015292,0.931375,632,8107253,134140,0,2,0,2,0,0,0,0,0,0,5406,0,3510,1896,0
25595,16.524375,16.406977,16.223572,0.000000,0.947207,0.946695,0.000138,0.066500,0.022541,0.647792,633,8091819,132654,0,2,0,2,0,0,0,0,0,0,5406,0,3510,1896,0
25596,16.867666,16.782047,16.642669,0.000000,0.981208,0.980570,0.000138,0.080500,0.020417,0.929500,638,8112138,130392,0,2,0,2,0,0,0,0,0,0,7208,0,4680,2528,0
25597,17.606042,17.463174,17.444919,0.000000,0.000332,0.000000,0.000000,0.058583,0.014459,0.622916,630,8102191,134520,0,2,0,2,0,0,0,0,0,0,5406,0,3510,1896,0
25598,16.749458,16.634257,16.631824,0.000000,0.000541,0.000000,0.000000,0.060125,0.050375,1.184375,634,8153569,134369,0,2,0,2,0,0,0,0,0,0,5406,0,3510,1896,0
25599,16.423334,16.311324,16.268589,0.000000,0.000499,0.000000,0.000000,0.055791,0.012750,0.798750,638,8076155,136784,0,2,0,2,0,0,0,0,0,0,7208,0,4680,2528,0
25600,15.971666,15.862763,15.867965,0.000000,0.000250,0.000000,0.000000,0.060459,0.053583,0.311083,632,8107259,134118,0,2,0,2,0,0,0,0,0,0,5406,0,3510,1896,0
25601,16.468709,16.350503,16.203767,0.000000,0.778250,0.777779,0.000138,0.079875,0.021666,0.917042,634,8107311,134409,0,2,0,2,0,0,0,0,0,0,5406,0,3510,1896,0
25602,16.717916,16.586324,16.332001,0.000000,1.029708,1.029195,0.000138,0.076917,0.050625,0.657209,639,8107222,132332,0,2,0,2,0,0,0,0,0,0,7208,0,4680,2528,0
25603,16.918875,16.761848,16.561524,0.000000,1.018583,1.011153,0.007097,0.096084,0.024333,0.977000,633,8107025,135805,0,2,0,2,0,0,0,0,0,0,5406,0,3510,1896,0
25604,16.535959,16.403325,16.268914,0.000000,0.803250,0.802904,0.000096,0.062708,0.013542,0.645625,633,8107254,132829,0,2,0,2,0,0,0,0,0,0,5406,0,3510,1896,0
25605,15.981125,15.903916,15.768598,0.000000,0.838751,0.836737,0.001847,0.072666,0.048792,0.936625,644,8107150,133830,0,2,0,2,0,0,0,0,0,0,7477,0,4680,2797,0
25606,17.357166,17.185470,17.003599,0.000000,0.843792,0.840820,0.002639,0.058500,0.022250,0.305625,631,8107058,133671,0,2,0,2,0,0,0,0,0,0,5406,0,3510,1896,0
25607,16.614459,16.520524,16.468266,0.000000,0.555499,0.555070,0.000138,0.065458,0.023125,0.588125,632,8107249,128746,0,2,0,2,0,0,0,0,0,0,5406,0,3510,1896,0
25608,16.247416,16.108095,15.186263,0.000000,1.534543,1.534112,0.000097,0.055459,0.021000,0.911583,643,8122507,130435,0,2,0,2,0,0,0,0,0,0,7388,0,4680,2708,0
25609,17.228959,17.075502,16.963090,0.000000,0.670418,0.658445,0.011389,0.067166,0.029459,0.638625,629,8076438,132954,0,2,0,2,0,0,0,0,0,0,5406,0,3510,1896,0
25610,16.534750,16.511878,15.880949,0.000000,1.428667,1.428320,0.000055,0.103125,0.014916,0.977458,633,8137981,127662,0,2,0,2,0,0,0,0,0,0,5406,0,3510,1896,0
25611,17.108500,16.971965,16.896329,0.000000,0.792041,0.791487,0.000138,0.097833,0.014875,0.312166,637,8080742,125796,0,2,0,2,0,0,0,0,0,0,7208,0,4680,2528,0
25612,16.558041,16.461584,16.430165,0.000000,0.200583,0.200028,0.000222,0.113792,0.016458,0.935875,647,8133424,129096,0,2,0,2,0,0,0,0,0,0,6943,0,3510,3433,0
25613,16.797042,16.574752,16.551075,0.000000,0.119208,0.118195,0.000471,0.087917,0.014166,0.292416,637,8091677,127323,0,2,0,2,0,0,0,0,0,0,5910,0,3510,2400,0
25614,18.155875,18.083050,18.093496,0.000000,0.000793,0.000000,0.000000,0.095833,0.020000,0.597875,640,8107292,125370,0,2,0,2,0,0,0,0,0,0,7208,0,4680,2528,0
25615,15.868625,15.659418,15.658597,0.000000,0.000375,0.000000,0.000000,0.084833,0.016709,0.935542,630,8107028,126014,0,2,0,2,0,0,0,0,0,0,5406,0,3510,1896,0
25616,15.702583,15.617591,15.574882,0.000000,0.110666,0.110237,0.000096,0.068834,0.015291,0.577459,633,8122878,125550,0,2,0,2,0,0,0,0,0,0,6942,0,4534,2408,0
25617,16.729917,16.582546,16.426546,0.000000,0.767499,0.759903,0.007263,0.056583,0.037459,0.737250,636,8091561,125067,0,2,0,2,0,0,0,0,0,0,5672,0,3656,2016,0
25618,16.532042,16.379751,16.286784,0.000000,0.834499,0.833986,0.000180,0.056291,0.012084,0.608708,632,8107223,127692,0,2,0,2,0,0,0,0,0,0,5406,0,3510,1896,0
25619,16.030333,15.933174,15.072815,0.000000,1.598416,1.592362,0.005721,0.053250,0.032958,1.078916,640,8107231,129874,0,2,0,2,0,0,0,0,0,0,7326,0,4536,2790,0
25620,17.353958,17.184877,17.093218,0.000000,0.964542,0.963987,0.000180,0.059875,0.013959,0.608291,634,8093530,135488,0,2,0,2,0,0,0,0,0,0,5610,0,3654,1956,0
25621,16.284084,16.160260,16.090546,0.000000,0.695500,0.685195,0.009972,0.061708,0.034083,0.918666,633,8120599,130946,0,2,0,2,0,0,0,0,0,0,5597,0,3510,2087,0
25622,17.478541,17.360505,17.264621,0.000000,0.702625,0.692654,0.009555,0.063209,0.024416,1.312292,639,8091638,132389,0,2,0,2,0,0,0,0,0,0,7208,0,4680,2528,0
25623,16.350625,16.280085,16.253280,0.000000,0.158793,0.158445,0.000097,0.077667,0.042250,0.610917,634,8122620,135892,0,2,0,2,0,0,0,0,0,0,5406,0,3510,1896,0
25624,16.698917,16.549249,16.484246,0.000000,0.422250,0.421903,0.000055,0.065375,0.031167,0.588125,631,8107373,130180,0,2,0,2,0,0,0,0,0,0,5406,0,3510,1896,0
25625,16.281917,16.176202,15.644829,0.000000,1.349207,1.348862,0.000096,0.057125,0.052416,0.607333,651,8199634,128834,0,2,0,2,0,0,0,0,0,0,7514,0,4680,2834,0
25626,16.603250,16.422458,16.373327,0.000000,0.730666,0.730195,0.000138,0.065000,0.024166,0.626209,627,8014359,137570,0,2,0,2,0,0,0,0,0,0,5617,0,3510,2107,0
25627,17.118916,16.936333,16.865843,0.000000,0.912126,0.909653,0.000389,0.060875,0.023917,0.609583,630,8091835,133797,0,2,0,2,0,0,0,0,0,0,5406,0,3510,1896,0
25628,16.655375,16.601292,16.203706,0.000000,1.220126,1.219779,0.000138,0.072917,0.021042,0.944917,641,8122493,128391,0,2,0,2,0,0,0,0,0,0,7208,0,4680,2528,0
25629,16.815250,16.648600,16.580365,0.000000,0.243250,0.242737,0.000180,0.070417,0.068417,0.612375,632,8091790,137606,0,2,0,2,0,0,0,0,0,0,5406,0,3510,1896,0
25630,16.865334,16.779515,16.504545,0.000000,0.894792,0.894070,0.000097,0.087375,0.021458,0.657250,629,8107277,132563,0,2,0,2,0,0,0,0,0,0,5406,0,3510,1896,0
25631,16.590250,16.462384,16.297829,0.000000,0.509333,0.483612,0.025346,0.063291,0.044375,0.986917,641,8122500,130382,0,2,0,2,0,0,0,0,0,0,7208,0,4680,2528,0
25632,16.604416,16.473503,16.345328,0.000000,0.355667,0.355153,0.000180,0.087125,0.047792,0.309166,631,8091778,133552,0,2,0,2,0,0,0,0,0,0,5406,0,3510,1896,0
25633,16.811667,16.732605,16.518692,0.000000,1.013875,1.003445,0.009972,0.077333,0.039459,0.919834,633,8107260,131877,0,2,0,2,0,0,0,0,0,0,5406,0,3510,1896,0
25634,16.863792,16.728824,16.485357,0.000000,0.695458,0.694820,0.000138,0.082833,0.027000,0.632042,641,8122489,129971,0,2,0,2,0,0,0,0,0,0,7208,0,4680,2528,0
25635,16.734541,16.496203,16.431085,0.000000,0.405750,0.405195,0.000222,0.065292,0.018667,0.916250,629,8076366,132459,0,2,0,2,0,0,0,0,0,0,5406,0,3510,1896,0
25636,16.370834,16.369597,16.193429,0.000000,0.795334,0.794986,0.000055,0.072583,0.018458,0.652584,634,8122705,128339,0,2,0,2,0,0,0,0,0,0,5406,0,3510,1896,0
25637,16.550416,16.422448,16.144757,0.000000,1.096417,1.096112,0.000096,0.068292,0.019792,0.946916,645,8153299,129224,0,2,0,2,0,0,0,0,0,0,7375,0,4680,2695,0
25638,17.061917,16.960788,16.928134,0.000000,0.112041,0.111445,0.000180,0.072667,0.060625,0.958333,628,8076377,141196,0,2,0,2,0,0,0,0,0,0,5406,0,3510,1896,0
25639,16.668792,16.540015,16.431889,0.000000,0.437915,0.437111,0.000180,0.065958,0.036458,0.620500,632,8107380,128291,0,2,0,2,0,0,0,0,0,0,5406,0,3510,1896,0
25640,16.529000,16.342986,15.882666,0.000000,1.279750,1.279362,0.000138,0.062291,0.021125,1.009458,639,8091479,127138,0,2,0,2,0,0,0,0,0,0,7208,0,4680,2528,0
25641,16.851708,16.732087,16.047451,0.000000,1.425291,1.424820,0.000138,0.060583,0.043042,0.626666,631,8107345,131527,0,2,0,2,0,0,0,0,0,0,5406,0,3510,1896,0
25642,16.860958,16.783420,16.266713,0.000000,1.230667,1.230028,0.000222,0.092167,0.022083,0.716292,634,8122610,130368,0,2,0,2,0,0,0,0,0,0,5406,0,3510,1896,0
25643,16.590209,16.460501,16.285661,0.000000,1.004500,1.003570,0.000555,0.082875,0.044541,0.607625,639,8091668,127358,0,2,0,2,0,0,0,0,0,0,7208,0,4680,2528,0
25644,16.351666,16.220114,15.967173,0.000000,1.128375,1.127570,0.000430,0.069750,0.023709,0.772084,634,8107240,129751,0,2,0,2,0,0,0,0,0,0,5406,0,3510,1896,0
25645,16.690000,16.456291,16.406343,0.000000,0.398709,0.398320,0.000097,0.059750,0.013292,0.290958,630,8091813,129550,0,2,0,2,0,0,0,0,0,0,5406,0,3510,1896,0
25646,16.761875,16.728577,16.615843,0.000000,0.403959,0.403279,0.000138,0.068500,0.047000,0.836667,642,8153569,129994,0,2,0,2,0,0,0,0,0,0,7208,0,4680,2528,0
25647,16.633250,16.486366,16.353404,0.000000,1.021584,1.021112,0.000180,0.064459,0.026666,0.919375,630,8076136,131161,0,2,0,2,0,0,0,0,0,0,5406,0,3510,1896,0
25648,15.980125,15.876213,15.100687,0.000000,1.531208,1.530695,0.000055,0.066542,0.024458,0.639250,636,8122628,127542,0,2,0,2,0,0,0,0,0,0,5617,0,3510,2107,0
25649,17.307917,17.185153,17.017585,0.000000,0.910333,0.900529,0.009221,0.067417,0.052125,0.904042,639,8112334,134770,0,2,0,2,0,0,0,0,0,0,7208,0,4680,2528,0
25650,16.589417,16.364658,15.765106,0.000000,1.270666,1.270028,0.000180,0.059875,0.026000,0.609000,629,8071131,128034,0,2,0,2,0,0,0,0,0,0,5406,0,3510,1896,0
25651,16.793500,16.681639,15.811618,0.000000,1.594041,1.593695,0.000097,0.067416,0.039667,1.239166,631,8107203,129789,0,2,0,2,0,0,0,0,0,0,5406,0,3510,1896,0
25652,16.618166,16.582942,16.010755,0.000000,1.364542,1.347112,0.017138,0.067667,0.026708,0.613542,643,8122558,128830,0,2,0,2,0,0,0,0,0,0,7208,0,4680,2528,0
25653,16.732917,16.544712,15.693992,0.000000,1.564917,1.564445,0.000138,0.063167,0.014708,0.921709,631,8091745,128073,0,2,0,2,0,0,0,0,0,0,5406,0,3510,1896,0
25654,16.863583,16.722411,16.634268,0.000000,0.830542,0.830153,0.000097,0.068834,0.016416,0.942292,632,8107261,127013,0,2,0,2,0,0,0,0,0,0,5406,0,3510,1896,0
25655,16.686709,16.633968,16.477580,0.000000,0.921958,0.921362,0.000221,0.062541,0.028917,0.325458,643,8122493,125953,0,2,0,2,0,0,0,0,0,0,7208,0,4680,2528,0
25656,16.599833,16.471100,16.337177,0.000000,0.724875,0.724278,0.000138,0.060833,0.016834,0.607875,631,8107279,129222,0,2,0,2,0,0,0,0,0,0,5406,0,3510,1896,0
25657,16.660167,16.471051,15.551199,0.000000,1.657126,1.656695,0.000139,0.064750,0.032625,0.343416,631,8091840,125124,0,2,0,2,0,0,0,0,0,0,5406,0,3510,1896,0
25658,16.547625,16.506941,15.616551,0.000000,1.732167,1.731779,0.000096,0.057916,0.036125,0.970958,641,8137917,124379,0,2,0,2,0,0,0,0,0,0,7208,0,4680,2528,0
25659,17.078708,16.931410,16.497380,0.000000,0.022084,0.019570,0.000180,0.074042,0.024750,0.304750,631,8091793,127240,0,2,0,2,0,0,0,0,0,0,5406,0,3510,1896,0
25660,16.502083,16.387209,15.820083,0.000000,1.339792,1.339403,0.000097,0.062709,0.012708,0.671125,631,8107257,125048,0,2,0,2,0,0,0,0,0,0,5406,0,3510,1896,0
25661,16.470584,16.344961,15.239678,0.000000,1.835416,1.834987,0.000180,0.063208,0.021042,0.638375,639,8107092,122564,0,2,0,2,0,0,0,0,0,0,7208,0,4680,2528,0
25662,16.013125,15.898265,15.811186,0.000000,0.728792,0.728487,0.000097,0.047208,0.014458,1.288166,641,8153307,129167,0,2,0,2,0,0,0,0,0,0,6066,0,3510,2556,0
25663,19.085625,18.930280,18.917024,0.000000,0.000542,0.000000,0.000000,0.071125,0.016166,1.094625,653,8060937,141062,0,2,0,2,0,0,0,0,0,0,5406,0,3510,1896,0
25664,15.034250,14.838413,14.829620,0.000000,0.042208,0.041820,0.000096,0.058041,0.012417,0.473833,637,8091625,124585,0,2,0,2,0,0,0,0,0,0,7208,0,4680,2528,0
25665,16.804958,16.689740,15.969646,0.000000,1.520333,1.519820,0.000222,0.066250,0.013292,0.605375,632,8107286,128265,0,2,0,2,0,0,0,0,0,0,5406,0,3510,1896,0
25666,16.625208,16.616398,16.169267,0.000000,1.330709,1.330278,0.000139,0.120917,0.020958,0.459000,633,8122674,127744,0,2,0,2,0,0,0,0,0,0,5406,0,3510,1896,0
25667,16.889750,16.723018,15.967206,0.000000,1.507334,1.506654,0.000180,0.069250,0.023667,0.776209,641,8107120,125478,0,2,0,2,0,0,0,0,0,0,7208,0,4680,2528,0
25668,16.591292,16.463010,15.555002,0.000000,1.562084,1.556362,0.005305,0.058458,0.020292,0.458041,631,8107240,124647,0,2,0,2,0,0,0,0,0,0,5406,0,3510,1896,0
25669,16.597875,16.416216,15.526854,0.000000,1.619999,1.619570,0.000180,0.068625,0.023208,0.778291,629,8091811,123828,0,2,0,2,0,0,0,0,0,0,5406,0,3510,1896,0
25670,16.633833,16.602635,15.992110,0.000000,1.436166,1.435820,0.000096,0.064375,0.022959,0.893666,642,8122557,125924,0,2,0,2,0,0,0,0,0,0,7208,0,4680,2528,0
25671,16.769459,16.639715,16.158305,0.000000,1.309125,1.308737,0.000097,0.077083,0.024083,0.319834,632,8111884,127036,0,2,0,2,0,0,0,0,0,0,5406,0,3510,1896,0
25672,16.950208,16.876096,15.917517,0.000000,1.570458,1.555653,0.014472,0.089417,0.016958,0.602208,638,8118063,125855,0,2,0,2,0,0,0,0,0,0,7004,0,4536,2468,0
25673,15.645125,15.473436,15.251027,0.000000,1.124001,1.119904,0.003805,0.057708,0.013792,0.318375,638,8122620,125866,0,2,0,2,0,0,0,0,0,0,6067,0,3654,2413,0
25674,17.344958,17.177332,16.747499,0.000000,1.294957,1.287028,0.007638,0.058625,0.024042,0.948917,630,8076212,134554,0,2,0,2,0,0,0,0,0,0,5406,0,3510,1896,0
25675,16.654417,16.557664,15.768865,0.000000,1.538500,1.537986,0.000139,0.064042,0.046416,0.667041,639,8122502,127558,0,2,0,2,0,0,0,0,0,0,7208,0,4680,2528,0
25676,16.830375,16.643152,16.472356,0.000000,0.976499,0.975820,0.000388,0.061250,0.023583,0.958792,629,8076281,128928,0,2,0,2,0,0,0,0,0,0,5406,0,3510,1896,0
25677,16.505542,16.395783,15.341953,0.000000,1.765667,1.765028,0.000222,0.055083,0.013292,0.910125,632,8107270,126625,0,2,0,2,0,0,0,0,0,0,5406,0,3510,1896,0
25678,16.730375,16.668113,15.307223,0.000000,2.018833,2.012653,0.005805,0.057625,0.011666,0.609500,641,8137931,124735,0,2,0,2,0,0,0,0,0,0,7208,0,4680,2528,0
25679,16.812583,16.707676,15.872972,0.000000,1.564625,1.564320,0.000055,0.061292,0.013458,0.965416,629,8091840,128188,0,2,0,2,0,0,0,0,0,0,5406,0,3510,1896,0
25680,16.517958,16.399999,15.208205,0.000000,1.843918,1.835362,0.008305,0.055459,0.053666,0.653375,632,8107265,125715,0,2,0,2,0,0,0,0,0,0,5406,0,3510,1896,0
25681,16.585917,16.422967,15.158047,0.000000,1.891126,1.890695,0.000180,0.070917,0.013916,0.694209,639,8107113,125085,0,2,0,2,0,0,0,0,0,0,7208,0,4680,2528,0
25682,16.927542,16.879166,16.145843,0.000000,1.518750,1.518154,0.000221,0.063458,0.012708,0.313917,632,8107189,130254,0,2,0,2,0,0,0,0,0,0,5406,0,3510,1896,0
25683,15.960166,15.859802,14.890920,0.000000,1.701624,1.701278,0.000138,0.055667,0.030333,0.963417,633,8138251,128835,0,2,0,2,0,0,0,0,0,0,5531,0,3510,2021,0
25684,16.348417,16.172343,15.734733,0.000000,1.262208,1.261611,0.000180,0.052458,0.013417,0.633250,640,8091412,135079,0,2,0,2,0,0,0,0,0,0,7337,0,4680,2657,0
25685,16.912125,16.761260,16.598930,0.000000,1.097751,1.097279,0.000138,0.052583,0.013292,0.966500,636,8122608,139192,0,2,0,2,0,0,0,0,0,0,5603,0,3510,2093,0
25686,17.283208,17.212257,16.726424,0.000000,1.303541,1.303112,0.000138,0.059667,0.011833,0.609875,631,8091839,135177,0,2,0,2,0,0,0,0,0,0,5406,0,3510,1896,0
25687,16.486000,16.384700,15.674782,0.000000,1.447208,1.446611,0.000180,0.051459,0.017250,0.644625,646,8137857,129673,0,2,0,2,0,0,0,0,0,0,7399,0,4680,2719,0
25688,16.973042,16.870965,16.776176,0.000000,0.166459,0.166029,0.000096,0.065958,0.056584,1.068375,627,8060943,141899,0,2,0,2,0,0,0,0,0,0,5406,0,3510,1896,0
25689,16.601625,16.478620,15.732244,0.000000,1.489209,1.488737,0.000180,0.069792,0.021375,0.606750,634,8107272,128289,0,2,0,2,0,0,0,0,0,0,5406,0,3510,1896,0
25690,16.728375,16.584966,15.731528,0.000000,1.597500,1.597153,0.000139,0.062125,0.015667,0.991750,642,8137870,126974,0,2,0,2,0,0,0,0,0,0,7208,0,4680,2528,0
25691,16.687250,16.484512,16.165070,0.000000,1.190375,1.180070,0.009971,0.060375,0.013167,0.651250,629,8060960,131361,0,2,0,2,0,0,0,0,0,0,5406,0,3510,1896,0
25692,16.729333,16.711773,16.327191,0.000000,1.168542,1.167987,0.000180,0.066500,0.014334,0.953917,633,8122689,130912,0,2,0,2,0,0,0,0,0,0,5406,0,3510,1896,0
25693,16.531917,16.410095,15.773928,0.000000,1.402667,1.402445,0.000055,0.059750,0.016875,1.294500,641,8122642,128503,0,2,0,2,0,0,0,0,0,0,7208,0,4680,2528,0
25694,17.033875,16.786917,16.477320,0.000000,0.732084,0.731529,0.000138,0.071375,0.029167,0.657916,629,8076203,130709,0,2,0,2,0,0,0,0,0,0,5406,0,3510,1896,0
25695,16.710458,16.688540,16.470455,0.000000,0.724875,0.720695,0.003805,0.080084,0.013916,0.623875,635,8122765,131828,0,2,0,2,0,0,0,0,0,0,5406,0,3510,1896,0
25696,16.359334,16.241166,16.085928,0.000000,0.138167,0.135236,0.002514,0.059625,0.014541,0.306416,640,8122459,128191,0,2,0,2,0,0,0,0,0,0,7208,0,4680,2528,0
25697,16.758041,16.537628,16.104082,0.000000,1.271625,1.271195,0.000180,0.061167,0.010792,0.916750,628,8076427,131139,0,2,0,2,0,0,0,0,0,0,5406,0,3510,1896,0
25698,16.710000,16.715026,15.535824,0.000000,1.865875,1.864237,0.001388,0.065334,0.034333,0.648709,633,8122622,125922,0,2,0,2,0,0,0,0,0,0,5406,0,3510,1896,0
25699,16.656917,16.444526,15.546164,0.000000,1.686792,1.686403,0.000139,0.057750,0.030958,1.067125,640,8107026,124073,0,2,0,2,0,0,0,0,0,0,7208,0,4680,2528,0
25700,16.735208,16.655800,16.000975,0.000000,1.385624,1.385237,0.000096,0.052292,0.012875,0.644500,631,8107309,127694,0,2,0,2,0,0,0,0,0,0,5406,0,3510,1896,0
25701,16.706625,16.575636,15.438925,0.000000,1.838042,1.837737,0.000097,0.053750,0.011750,1.300459,631,8107206,125492,0,2,0,2,0,0,0,0,0,0,5406,0,3510,1896,0
25702,16.514625,16.399639,15.597873,0.000000,1.570626,1.570320,0.000097,0.063500,0.048334,1.109042,642,8122565,125380,0,2,0,2,0,0,0,0,0,0,7208,0,4680,2528,0
25703,16.904167,16.765232,15.925026,0.000000,1.514667,1.509445,0.004888,0.064875,0.049292,0.663000,626,8091784,129420,0,2,0,2,0,0,0,0,0,0,5406,0,3510,1896,0
25704,16.569583,16.381135,15.464834,0.000000,1.592625,1.590403,0.001763,0.059792,0.013833,0.623000,631,8091781,126510,0,2,0,2,0,0,0,0,0,0,5406,0,3510,1896,0
25705,16.619084,16.522959,15.674100,0.000000,1.564418,1.563778,0.000222,0.058375,0.012875,0.655583,642,8122493,125797,0,2,0,2,0,0,0,0,0,0,7208,0,4680,2528,0
25706,16.043458,15.994939,15.195227,0.000000,1.559625,1.550154,0.009263,0.058250,0.018417,0.958750,638,8137984,127901,0,2,0,2,0,0,0,0,0,0,5863,0,3510,2353,0
25707,17.292542,17.065382,16.439965,0.000000,1.381250,1.380237,0.000680,0.063333,0.023917,0.608583,628,8060932,134677,0,2,0,2,0,0,0,0,0,0,5406,0,3510,1896,0
25708,16.718416,16.650175,15.318820,0.000000,1.984875,1.984278,0.000305,0.058875,0.014834,0.947750,642,8137991,125802,0,2,0,2,0,0,0,0,0,0,7208,0,4680,2528,0
25709,16.612292,16.490029,15.462401,0.000000,1.699085,1.698529,0.000180,0.063208,0.053334,0.959000,630,8091764,126780,0,2,0,2,0,0,0,0,0,0,5406,0,3510,1896,0
25710,16.215875,16.167129,15.191132,0.000000,1.676834,1.676487,0.000055,0.046000,0.045458,0.662209,637,8122614,126464,0,2,0,2,0,0,0,0,0,0,5628,0,3510,2118,0
25711,17.120417,16.930697,16.706461,0.000000,1.076750,1.072611,0.003889,0.064000,0.019416,0.615750,638,8091633,132415,0,2,0,2,0,0,0,0,0,0,7208,0,4680,2528,0
25712,16.806916,16.737656,15.727044,0.000000,1.707291,1.696695,0.007346,0.052292,0.046125,0.638666,632,8103722,128876,0,2,0,2,0,0,0,0,0,0,5406,0,3510,1896,0
25713,16.072000,15.921991,14.906461,0.000000,1.748375,1.747570,0.000597,0.044000,0.011167,0.968125,632,8110722,125624,0,2,0,2,0,0,0,0,0,0,5645,0,3510,2135,0
25714,17.286209,17.191670,16.500287,0.000000,1.466083,1.464528,0.001347,0.059375,0.011041,0.639292,641,8137892,132927,0,2,0,2,0,0,0,0,0,0,7208,0,4680,2528,0
25715,16.873250,16.723699,16.616363,0.000000,0.702124,0.687820,0.013971,0.067541,0.015375,1.145375,631,8076376,129365,0,2,0,2,0,0,0,0,0,0,5406,0,3510,1896,0
25716,16.565000,16.460250,15.617709,0.000000,1.575709,1.573445,0.001930,0.052250,0.014583,0.919875,654,8107271,127026,0,2,0,2,0,0,0,0,0,0,5406,0,3510,1896,0
25717,16.058333,15.934645,15.050491,0.000000,1.617416,1.617153,0.000055,0.051875,0.014125,0.307334,648,8168660,126908,0,2,0,2,0,0,0,0,0,0,7761,0,4680,3081,0
25718,17.374125,17.167482,16.948784,0.000000,1.022417,1.021779,0.000346,0.073000,0.025000,0.916209,625,8030038,140450,0,2,0,2,0,0,0,0,0,0,5406,0,3510,1896,0
25719,16.638167,16.517002,15.588446,0.000000,1.637250,1.636695,0.000138,0.057958,0.011875,0.627375,650,8106989,125911,0,2,0,2,0,0,0,0,0,0,7447,0,3510,3937,0
25720,17.168958,17.109890,15.994698,0.000000,1.719502,1.711820,0.007389,0.090750,0.032917,0.943375,643,8122450,126551,0,2,0,2,0,0,0,0,0,0,7208,0,4680,2528,0
25721,16.396125,16.300009,16.155133,0.000000,0.541082,0.540570,0.000221,0.062792,0.020625,0.304958,634,8107255,126901,0,2,0,2,0,0,0,0,0,0,5406,0,3510,1896,0
25722,16.415833,16.198919,15.298084,0.000000,1.578626,1.578112,0.000263,0.056500,0.024292,0.934459,629,8091823,126836,0,2,0,2,0,0,0,0,0,0,5406,0,3510,1896,0
25723,17.223959,17.080000,16.645031,0.000000,0.001292,0.000000,0.000000,0.077250,0.033916,0.606292,640,8107091,127219,0,2,0,2,0,0,0,0,0,0,7208,0,4680,2528,0
25724,16.316500,16.228021,16.183706,0.000000,0.073709,0.062862,0.010305,0.072541,0.025750,0.652000,633,8123026,126628,0,2,0,2,0,0,0,0,0,0,5406,0,3510,1896,0
25725,16.480958,16.414361,16.281256,0.000000,0.681874,0.673653,0.007930,0.064083,0.023125,0.611917,640,8122440,130551,0,2,0,2,0,0,0,0,0,0,7124,0,4596,2528,0
25726,16.681750,16.559930,15.988961,0.000000,1.358583,1.358111,0.000097,0.069167,0.013916,0.654417,631,8091561,128680,0,2,0,2,0,0,0,0,0,0,5490,0,3594,1896,0
25727,16.746417,16.652293,15.788204,0.000000,1.533333,1.532737,0.000138,0.064250,0.058541,0.613500,632,8107258,127563,0,2,0,2,0,0,0,0,0,0,5406,0,3510,1896,0
25728,16.735833,16.547634,15.891626,0.000000,1.376459,1.343862,0.032180,0.061958,0.032792,0.610958,639,8122505,125455,0,2,0,2,0,0,0,0,0,0,7208,0,4680,2528,0
25729,16.625875,16.411838,16.326966,0.000000,0.586542,0.583986,0.002139,0.057000,0.018000,1.846751,631,8076440,128185,0,2,0,2,0,0,0,0,0,0,5406,0,3510,1896,0
25730,16.716917,16.577359,16.030775,0.000000,1.295709,1.295029,0.000305,0.066708,0.021500,0.636375,632,8107211,126784,0,2,0,2,0,0,0,0,0,0,5406,0,3510,1896,0
25731,16.655333,16.616473,16.447222,0.000000,0.954250,0.953653,0.000305,0.056125,0.035208,0.983583,642,8137938,126279,0,2,0,2,0,0,0,0,0,0,7208,0,4680,2528,0
25732,16.711000,16.502119,16.220590,0.000000,1.109333,1.108778,0.000139,0.056458,0.017709,1.245001,628,8076486,128421,0,2,0,2,0,0,0,0,0,0,5406,0,3510,1896,0
25733,16.578833,16.445054,15.807333,0.000000,1.423000,1.418070,0.001888,0.076500,0.021750,0.307291,632,8107353,125760,0,2,0,2,0,0,0,0,0,0,5406,0,3510,1896,0
25734,16.700917,16.687759,16.232784,0.000000,0.998043,0.997362,0.000180,0.061375,0.035625,1.032583,644,8153211,127115,0,2,0,2,0,0,0,0,0,0,7208,0,4680,2528,0
25735,16.880500,16.749671,16.340600,0.000000,0.654499,0.654111,0.000139,0.075958,0.019209,0.290583,627,8076379,128973,0,2,0,2,0,0,0,0,0,0,5406,0,3510,1896,0
25736,16.522292,16.295793,15.950246,0.000000,0.913459,0.912237,0.001055,0.065000,0.016291,0.871208,632,8091826,126028,0,2,0,2,0,0,0,0,0,0,5406,0,3510,1896,0
25737,16.643208,16.638543,16.205902,0.000000,1.153250,1.152653,0.000138,0.059625,0.033875,0.606542,642,8137906,125939,0,2,0,2,0,0,0,0,0,0,7208,0,4680,2528,0
25738,16.805417,16.540401,16.370622,0.000000,0.939667,0.939236,0.000097,0.054375,0.021708,1.287126,630,8076385,127142,0,2,0,2,0,0,0,0,0,0,5406,0,3510,1896,0
25739,16.597125,16.474321,15.321119,0.000000,1.849960,1.849362,0.000305,0.055833,0.016000,0.603209,633,8107244,125903,0,2,0,2,0,0,0,0,0,0,5406,0,3510,1896,0
25740,16.642291,16.616657,15.434964,0.000000,1.857209,1.856362,0.000513,0.055542,0.012375,0.652042,643,8138097,124369,0,2,0,2,0,0,0,0,0,0,7208,0,4680,2528,0
25741,16.796667,16.584216,15.743272,0.000000,1.573750,1.572986,0.000305,0.060667,0.026583,0.953832,627,8076203,126316,0,2,0,2,0,0,0,0,0,0,5406,0,3510,1896,0
25742,16.726625,16.603781,15.626467,0.000000,1.697541,1.697112,0.000138,0.056792,0.022333,0.652084,632,8107304,125317,0,2,0,2,0,0,0,0,0,0,5406,0,3510,1896,0
25743,16.514625,16.433597,15.475095,0.000000,1.697584,1.697028,0.000222,0.050750,0.014500,0.617416,640,8122445,123195,0,2,0,2,0,0,0,0,0,0,7208,0,4680,2528,0
25744,16.717875,16.559231,15.425019,0.000000,1.809125,1.808570,0.000139,0.062333,0.014167,0.488667,632,8091861,126533,0,2,0,2,0,0,0,0,0,0,5406,0,3510,1896,0
25745,16.699542,16.640573,15.169120,0.000000,2.132041,2.131737,0.000096,0.058416,0.011084,0.923708,633,8122670,125792,0,2,0,2,0,0,0,0,0,0,5406,0,3510,1896,0
25746,16.718500,16.609124,15.346002,0.000000,2.037708,2.034653,0.002805,0.068375,0.028333,0.439750,640,8123557,122557,0,2,0,2,0,0,0,0,0,0,7208,0,4680,2528,0
25747,16.924666,16.790459,16.417861,0.000000,0.978833,0.976111,0.002305,0.080875,0.050459,1.040791,629,8090804,127154,0,2,0,2,0,0,0,0,0,0,5406,0,3510,1896,0
25748,16.751500,16.684579,15.880127,0.000000,1.486957,1.476070,0.010513,0.084667,0.015000,0.899209,630,8107216,124565,0,2,0,2,0,0,0,0,0,0,5406,0,3510,1896,0
25749,16.323959,16.185590,16.138211,0.000000,0.744292,0.743487,0.000180,0.085208,0.014583,0.294375,642,8122463,123090,0,2,0,2,0,0,0,0,0,0,7208,0,4680,2528,0
25750,16.155083,16.061470,15.646764,0.000000,1.343875,1.343195,0.000180,0.097083,0.025125,0.896251,636,8122828,127200,0,2,0,2,0,0,0,0,0,0,5728,0,3510,2218,0
25751,16.677625,16.475419,16.452330,0.000000,0.955918,0.952529,0.000055,0.055167,0.013500,0.608666,633,8097134,135189,0,2,0,2,0,0,0,0,0,0,5586,0,3510,2076,0
25752,16.937833,16.823890,16.657424,0.000000,1.165542,1.165153,0.000097,0.052667,0.055250,1.262459,639,8101425,131614,0,2,0,2,0,0,0,0,0,0,7208,0,4680,2528,0
25753,16.696875,16.526716,14.696447,0.000000,2.492000,2.491736,0.000139,0.045000,0.015584,0.608459,631,8080139,125850,0,2,0,2,0,0,0,0,0,0,5406,0,3510,1896,0
25754,16.995375,16.938821,15.089593,0.000000,2.508960,2.508154,0.000305,0.059459,0.012916,0.934417,631,8118927,124860,0,2,0,2,0,0,0,0,0,0,5406,0,3510,1896,0
25755,16.609375,16.460096,15.197010,0.000000,2.010833,2.010653,0.000097,0.049875,0.046834,1.219625,642,8107324,124305,0,2,0,2,0,0,0,0,0,0,7208,0,4680,2528,0
25756,16.619709,16.532493,15.063988,0.000000,2.205292,2.204820,0.000139,0.047458,0.010625,0.623208,630,8106972,127071,0,2,0,2,0,0,0,0,0,0,5406,0,3510,1896,0
25757,16.711208,16.580742,14.710796,0.000000,2.456042,2.455695,0.000180,0.052708,0.017417,1.229958,633,8107270,125318,0,2,0,2,0,0,0,0,0,0,5406,0,3510,1896,0
25758,16.002583,15.904503,14.039543,0.000000,2.517415,2.517028,0.000138,0.046417,0.049583,0.606208,644,8122416,122337,0,2,0,2,0,0,0,0,0,0,7337,0,4680,2657,0
25759,16.630667,16.497144,15.041305,0.000000,2.195666,2.195403,0.000097,0.046708,0.011125,0.926333,635,8107444,131334,0,2,0,2,0,0,0,0,0,0,5534,0,3510,2024,0
25760,16.559458,16.427747,14.931261,0.000000,2.264292,2.263820,0.000096,0.047542,0.011833,0.607000,635,8122387,133904,0,2,0,2,0,0,0,0,0,0,5675,0,3510,2165,0
25761,17.324875,17.205739,16.904046,0.000000,1.237207,1.236820,0.000138,0.052125,0.011292,1.488334,638,8091595,132050,0,2,0,2,0,0,0,0,0,0,7208,0,4680,2528,0
25762,16.146542,15.995010,14.432089,0.000000,2.237208,2.236903,0.000097,0.044667,0.011583,0.609542,635,8107127,127657,0,2,0,2,0,0,0,0,0,0,5728,0,3510,2218,0
25763,17.305042,17.267165,15.853170,0.000000,2.147375,2.146904,0.000138,0.052541,0.045917,0.744666,631,8091796,134435,0,2,0,2,0,0,0,0,0,0,5406,0,3510,1896,0
25764,16.682083,16.519649,14.776264,0.000000,2.427083,2.426737,0.000055,0.046208,0.010500,1.217916,643,8122605,125309,0,2,0,2,0,0,0,0,0,0,7208,0,4680,2528,0
25765,16.683375,16.585342,15.169219,0.000000,2.157667,2.157403,0.000055,0.045542,0.047708,0.608417,628,8091706,128988,0,2,0,2,0,0,0,0,0,0,5406,0,3510,1896,0
25766,16.684333,16.466102,14.561221,0.000000,2.543458,2.543195,0.000096,0.046209,0.010333,1.240333,631,8091807,125371,0,2,0,2,0,0,0,0,0,0,5406,0,3510,1896,0
25767,16.712250,16.691140,15.300071,0.000000,2.125417,2.124903,0.000097,0.064584,0.013208,0.611833,643,8137937,126759,0,2,0,2,0,0,0,0,0,0,7208,0,4680,2528,0
25768,16.690834,16.581834,15.028779,0.000000,2.255083,2.254611,0.000139,0.048875,0.047291,0.917459,630,8091828,128126,0,2,0,2,0,0,0,0,0,0,5406,0,3510,1896,0
25769,16.620375,16.428865,14.515550,0.000000,2.557166,2.556904,0.000096,0.051250,0.014708,0.622041,650,8095593,125585,0,2,0,2,0,0,0,0,0,0,5406,0,3510,1896,0
25770,16.878458,16.774082,15.251382,0.000000,2.252042,2.251487,0.000180,0.055708,0.012084,0.922208,641,8118740,125388,0,2,0,2,0,0,0,0,0,0,7208,0,4680,2528,0
25771,16.457708,16.396959,14.996265,0.000000,2.152084,2.151778,0.000139,0.042834,0.048916,1.163208,632,8107250,128080,0,2,0,2,0,0,0,0,0,0,5406,0,3510,1896,0
25772,16.707000,16.599370,14.467542,0.000000,2.740416,2.740029,0.000096,0.041292,0.049458,0.613042,634,8107270,126141,0,2,0,2,0,0,0,0,0,0,5406,0,3510,1896,0
25773,16.804125,16.681953,14.719226,0.000000,2.597917,2.597528,0.000222,0.042792,0.027625,1.227958,638,8107075,126299,0,2,0,2,0,0,0,0,0,0,7208,0,4680,2528,0
25774,16.598209,16.454708,14.664834,0.000000,2.461376,2.460945,0.000139,0.043458,0.011792,0.610084,631,8107316,124808,0,2,0,2,0,0,0,0,0,0,5406,0,3510,1896,0
25775,16.708750,16.626876,14.805965,0.000000,2.474708,2.474404,0.000096,0.042666,0.051042,1.250124,632,8107242,128009,0,2,0,2,0,0,0,0,0,0,5406,0,3510,1896,0
25776,16.595083,16.487013,14.637591,0.000000,2.512458,2.512112,0.000180,0.043083,0.048959,0.608333,638,8107208,126036,0,2,0,2,0,0,0,0,0,0,7208,0,4680,2528,0
25777,16.807833,16.639158,14.558647,0.000000,2.696083,2.695778,0.000055,0.051042,0.013792,0.917334,633,8107205,125494,0,2,0,2,0,0,0,0,0,0,5406,0,3510,1896,0
25778,16.607209,16.554291,15.839799,0.000000,1.599125,1.598654,0.000013,0.040291,0.056375,0.608834,641,8137963,133703,0,2,0,2,0,0,0,0,0,0,7208,0,4680,2528,0
25779,16.180625,16.043080,14.769173,0.000000,2.051376,2.050987,0.000097,0.039625,0.044083,1.182625,639,8177928,131471,0,2,0,2,0,0,0,0,0,0,5712,0,3510,2202,0
25780,17.201500,17.031956,17.039495,0.000000,0.777208,0.776861,0.000055,0.050416,0.019750,1.237125,624,8005535,136741,0,2,0,2,0,0,0,0,0,0,5406,0,3510,1896,0
25781,16.600541,16.531639,15.308785,0.000000,1.991749,1.991445,0.000138,0.047667,0.052083,0.447250,642,8137878,130574,0,2,0,2,0,0,0,0,0,0,7208,0,4680,2528,0
25782,16.834000,16.716212,15.784118,0.000000,1.630042,1.629695,0.000138,0.065667,0.020875,0.601917,629,8076391,132246,0,2,0,2,0,0,0,0,0,0,5406,0,3510,1896,0
25783,16.946625,16.758962,16.693714,0.000000,0.523084,0.519611,0.003139,0.091584,0.025416,0.650333,632,8107325,136498,0,2,0,2,0,0,0,0,0,0,5406,0,3510,1896,0
25784,16.575959,16.493393,16.427444,0.000000,0.842960,0.842487,0.000180,0.058500,0.019125,1.310541,641,8122411,131848,0,2,0,2,0,0,0,0,0,0,7208,0,4680,2528,0
25785,16.661833,16.466085,16.392540,0.000000,0.653042,0.652695,0.000055,0.060500,0.017292,0.610791,631,8092062,134073,0,2,0,2,0,0,0,0,0,0,5406,0,3510,1896,0
25786,16.724250,16.632875,16.513256,0.000000,0.944083,0.943528,0.000097,0.067792,0.036208,0.897125,632,8122490,131755,0,2,0,2,0,0,0,0,0,0,5406,0,3510,1896,0
25787,16.647708,16.602694,16.500304,0.000000,0.990624,0.967320,0.023013,0.059584,0.033958,0.912917,640,8107055,131952,0,2,0,2,0,0,0,0,0,0,7208,0,4680,2528,0
25788,16.745125,16.695548,16.442039,0.000000,0.845876,0.845528,0.000097,0.143584,0.076833,0.471375,631,8091774,134619,0,2,0,2,0,0,0,0,0,0,5406,0,3510,1896,0
25789,16.607375,16.356448,16.160622,0.000000,0.006041,0.005695,0.000180,0.071459,0.014208,0.939000,632,8122741,130487,0,2,0,2,0,0,0,0,0,0,5406,0,3510,1896,0
25790,16.841875,16.715496,16.569976,0.000000,0.846208,0.845695,0.000221,0.063834,0.016125,0.325667,638,8106998,130388,0,2,0,2,0,0,0,0,0,0,7208,0,4680,2528,0
25791,16.624084,16.520456,16.367127,0.000000,0.900751,0.894112,0.006347,0.068416,0.022000,0.779999,631,8096347,133455,0,2,0,2,0,0,0,0,0,0,5406,0,3510,1896,0
25792,16.831041,16.715663,16.391704,0.000000,1.204958,1.173070,0.031430,0.077834,0.026708,0.640792,633,8118176,129715,0,2,0,2,0,0,0,0,0,0,5406,0,3510,1896,0
25793,16.547167,16.393836,16.279463,0.000000,0.665375,0.665070,0.000138,0.070083,0.020917,0.953917,638,8091707,130416,0,2,0,2,0,0,0,0,0,0,7208,0,4680,2528,0
25794,15.926292,15.794008,15.724488,0.000000,0.774416,0.770528,0.003513,0.055500,0.034666,0.666500,637,8122662,135110,0,2,0,2,0,0,0,0,0,0,5580,0,3510,2070,0
25795,17.256125,17.143777,17.046787,0.000000,0.876083,0.872236,0.000222,0.071375,0.035916,0.999749,627,8091728,135031,0,2,0,2,0,0,0,0,0,0,5406,0,3510,1896,0
25796,16.650791,16.519136,16.359248,0.000000,0.991458,0.991112,0.000096,0.072125,0.021250,1.239792,641,8122427,128581,0,2,0,2,0,0,0,0,0,0,7208,0,4680,2528,0
25797,16.245917,16.138632,16.048234,0.000000,0.406084,0.405570,0.000180,0.059250,0.013958,0.291375,635,8107216,130677,0,2,0,2,0,0,0,0,0,0,5625,0,3510,2115,0
25798,17.471250,17.303631,17.142328,0.000000,0.817041,0.810070,0.006722,0.061042,0.013500,1.039959,631,8081523,133452,0,2,0,2,0,0,0,0,0,0,5406,0,3510,1896,0
25799,16.450042,16.362587,16.276704,0.000000,0.505833,0.505362,0.000138,0.055625,0.016625,0.611667,642,8132747,126261,0,2,0,2,0,0,0,0,0,0,7208,0,4680,2528,0
25800,16.944500,16.727588,16.284590,0.000000,1.243959,1.243320,0.000097,0.082333,0.016667,0.765167,631,8076393,127758,0,2,0,2,0,0,0,0,0,0,5406,0,3510,1896,0
25801,16.591125,16.534805,16.515655,0.000000,0.000501,0.000000,0.000000,0.060291,0.058292,0.609625,632,8122679,126492,0,2,0,2,0,0,0,0,0,0,5406,0,3510,1896,0
25802,16.545541,16.425081,15.652229,0.000000,1.466207,1.465904,0.000096,0.062209,0.014375,1.138917,643,8122569,125024,0,2,0,2,0,0,0,0,0,0,7208,0,4680,2528,0
25803,16.859750,16.715532,16.624859,0.000000,0.851916,0.851403,0.000263,0.070959,0.012958,0.919208,631,8091954,129337,0,2,0,2,0,0,0,0,0,0,5406,0,3510,1896,0
25804,16.584959,16.398631,15.835370,0.000000,1.386583,1.386236,0.000055,0.083875,0.015416,0.444708,630,8091658,123804,0,2,0,2,0,0,0,0,0,0,5406,0,3510,1896,0
25805,16.528166,16.508282,15.632576,0.000000,1.573334,1.572904,0.000180,0.062250,0.040125,0.930751,643,8137873,125766,0,2,0,2,0,0,0,0,0,0,7208,0,4680,2528,0
25806,16.762792,16.516822,16.416955,0.000000,0.730167,0.719528,0.010305,0.066958,0.012667,0.609667,630,8076373,126844,0,2,0,2,0,0,0,0,0,0,5406,0,3510,1896,0
25807,16.750125,16.692398,15.899585,0.000000,1.522126,1.521820,0.000097,0.060625,0.018833,0.930708,633,8122792,126822,0,2,0,2,0,0,0,0,0,0,5406,0,3510,1896,0
25808,16.471792,16.346623,15.270874,0.000000,1.771376,1.770779,0.000180,0.064708,0.018500,0.611959,640,8106955,124044,0,2,0,2,0,0,0,0,0,0,7208,0,4680,2528,0
25809,16.936166,16.824802,15.987794,0.000000,1.591168,1.590778,0.000222,0.049334,0.043125,0.986250,631,8107275,128725,0,2,0,2,0,0,0,0,0,0,5406,0,3510,1896,0
25810,16.802459,16.735331,15.980709,0.000000,1.476333,1.475986,0.000097,0.078083,0.013708,0.959249,627,8107333,124656,0,2,0,2,0,0,0,0,0,0,5406,0,3510,1896,0
25811,16.494791,16.290255,15.511876,0.000000,1.548959,1.542779,0.005805,0.061500,0.028542,0.645125,640,8106950,124696,0,2,0,2,0,0,0,0,0,0,7208,0,4680,2528,0
25812,16.682834,16.532283,15.917633,0.000000,1.414666,1.413903,0.000305,0.058583,0.011833,0.602292,631,8091850,128178,0,2,0,2,0,0,0,0,0,0,5406,0,3510,1896,0
25813,16.769750,16.729672,16.606834,0.000000,0.945459,0.939820,0.005472,0.066500,0.049208,0.657083,635,8125793,126184,0,2,0,2,0,0,0,0,0,0,5406,0,3510,1896,0
25814,16.648041,16.532462,15.976627,0.000000,1.230041,1.229570,0.000096,0.074625,0.015875,1.029083,639,8119359,124735,0,2,0,2,0,0,0,0,0,0,7208,0,4680,2528,0
25815,16.743209,16.584385,16.464750,0.000000,0.696000,0.688945,0.006763,0.075041,0.019959,0.636541,633,8091839,129464,0,2,0,2,0,0,0,0,0,0,5406,0,3510,1896,0
25816,16.646250,16.515311,16.393183,0.000000,0.972458,0.972153,0.000097,0.104083,0.014000,0.975208,631,8107244,125280,0,2,0,2,0,0,0,0,0,0,5406,0,3510,1896,0
25817,15.627750,15.433824,15.363327,0.000000,0.754541,0.754154,0.000096,0.053083,0.013708,0.650625,644,8107008,123854,0,2,0,2,0,0,0,0,0,0,7665,0,4680,2985,0
25818,17.503000,17.470348,17.385883,0.000000,0.281876,0.281487,0.000097,0.065416,0.020625,0.698333,634,8107108,144842,0,2,0,2,0,0,0,0,0,0,5550,0,3510,2040,0
25819,16.797916,16.656865,15.590012,0.000000,1.791166,1.790778,0.000055,0.072542,0.016083,0.945124,633,8122898,125782,0,2,0,2,0,0,0,0,0,0,5406,0,3510,1896,0
25820,16.545750,16.453587,15.630162,0.000000,1.581168,1.580695,0.000180,0.066250,0.012917,0.651625,640,8107069,124507,0,2,0,2,0,0,0,0,0,0,7208,0,4680,2528,0
25821,16.364375,16.237617,15.460151,0.000000,1.534333,1.517153,0.016805,0.059292,0.023125,0.623625,634,8122419,126503,0,2,0,2,0,0,0,0,0,0,5597,0,3510,2087,0
25822,16.439292,16.344453,16.171619,0.000000,1.035708,1.029236,0.006222,0.059708,0.050084,0.636500,656,8122563,139793,0,2,0,2,0,0,0,0,0,0,5559,0,3510,2049,0
25823,17.511458,17.352884,17.301934,0.000000,0.000457,0.000000,0.000000,0.067125,0.014209,1.001166,637,8076167,133149,0,2,0,2,0,0,0,0,0,0,7208,0,4680,2528,0
25824,16.426584,16.270248,16.162915,0.000000,0.811043,0.810612,0.000138,0.065500,0.035958,0.608375,631,8091830,127267,0,2,0,2,0,0,0,0,0,0,5406,0,3510,1896,0
25825,16.561958,16.439999,15.765097,0.000000,1.492916,1.492570,0.000180,0.066250,0.018833,0.758584,631,8122688,127477,0,2,0,2,0,0,0,0,0,0,5406,0,3510,1896,0
25826,16.727292,16.625695,15.919528,0.000000,1.502791,1.502362,0.000138,0.068541,0.028750,1.258043,659,8106732,127510,0,2,0,2,0,0,0,0,0,0,9249,0,4680,4569,0
25827,16.276541,16.051218,15.886275,0.000000,0.902916,0.902320,0.000013,0.074959,0.015666,0.293083,632,8076232,127699,0,2,0,2,0,0,0,0,0,0,5863,0,3510,2353,0
25828,18.815250,18.827067,18.429833,0.000000,0.000293,0.000000,0.000000,0.083959,0.035125,0.609124,639,8153535,133895,0,2,0,2,0,0,0,0,0,0,6944,0,4536,2408,0
25829,15.872375,15.708091,15.659170,0.000000,0.000417,0.000000,0.000000,0.073167,0.015042,0.663292,634,8097118,127435,0,2,0,2,0,0,0,0,0,0,5670,0,3654,2016,0
25830,16.109334,16.025957,15.933469,0.000000,0.210833,0.202278,0.008097,0.087125,0.038375,0.960792,632,8117294,127601,0,2,0,2,0,0,0,0,0,0,5406,0,3510,1896,0
25831,16.510500,16.372351,15.964124,0.000000,0.000374,0.000000,0.000000,0.067708,0.017458,0.310500,639,8107056,125975,0,2,0,2,0,0,0,0,0,0,7208,0,4680,2528,0
25832,16.570958,16.379463,16.267875,0.000000,0.559625,0.559195,0.000180,0.061792,0.012250,1.025000,627,8076444,128036,0,2,0,2,0,0,0,0,0,0,5406,0,3510,1896,0
25833,16.657000,16.548380,15.547001,0.000000,1.736250,1.735778,0.000097,0.073542,0.037541,0.957293,629,8107186,126333,0,2,0,2,0,0,0,0,0,0,5406,0,3510,1896,0
25834,16.698750,16.608542,15.877287,0.000000,1.542291,1.541736,0.000055,0.065625,0.065000,0.312708,641,8122491,125066,0,2,0,2,0,0,0,0,0,0,7208,0,4680,2528,0
25835,16.679083,16.542488,16.448580,0.000000,0.621042,0.620487,0.000138,0.069334,0.021750,0.910959,631,8091850,128527,0,2,0,2,0,0,0,0,0,0,5406,0,3510,1896,0
25836,16.451542,16.311417,16.186926,0.000000,0.886749,0.886153,0.000055,0.055083,0.015917,0.639542,635,8138185,128269,0,2,0,2,0,0,0,0,0,0,5406,0,3510,1896,0
25837,16.890000,16.744495,16.619403,0.000000,0.939209,0.938736,0.000222,0.055542,0.012875,0.636583,637,8076221,129070,0,2,0,2,0,0,0,0,0,0,7208,0,4680,2528,0
25838,16.710083,16.627972,16.428750,0.000000,1.087584,1.084654,0.002763,0.062709,0.027750,0.610542,631,8122639,128601,0,2,0,2,0,0,0,0,0,0,5406,0,3510,1896,0
25839,16.177625,16.022361,15.163236,0.000000,1.613708,1.612987,0.000513,0.068792,0.031333,0.929083,635,8107197,126918,0,2,0,2,0,0,0,0,0,0,5603,0,3510,2093,0
25840,17.237125,17.121310,16.879466,0.000000,1.101000,1.100486,0.000097,0.065959,0.015708,0.629125,640,8107159,129843,0,2,0,2,0,0,0,0,0,0,7208,0,4680,2528,0
25841,16.220625,16.097037,15.323557,0.000000,1.534501,1.532779,0.001430,0.059375,0.017584,1.136457,634,8091633,128905,0,2,0,2,0,0,0,0,0,0,5617,0,3510,2107,0
25842,17.532875,17.466325,17.385070,0.000000,0.346292,0.345612,0.000097,0.072000,0.035625,0.613541,635,8122643,144272,0,2,0,2,0,0,0,0,0,0,5573,0,3510,2063,0
25843,16.842750,16.652333,16.031498,0.000000,1.385541,1.385236,0.000097,0.067084,0.041750,0.635041,638,8091570,124446,0,2,0,2,0,0,0,0,0,0,7208,0,4680,2528,0
25844,16.048834,15.940127,15.550000,0.000000,1.223874,1.223570,0.000138,0.061708,0.051208,0.916917,633,8107281,125140,0,2,0,2,0,0,0,0,0,0,5406,0,3510,1896,0
25845,16.773791,16.665646,16.230070,0.000000,1.309208,1.308570,0.000430,0.052917,0.013042,0.634500,632,8107315,129039,0,2,0,2,0,0,0,0,0,0,5406,0,3510,1896,0
25846,16.713875,16.640215,16.195517,0.000000,1.254875,1.254403,0.000097,0.109042,0.015792,1.256792,641,8122403,127543,0,2,0,2,0,0,0,0,0,0,7208,0,4680,2528,0
25847,16.681875,16.513278,16.373013,0.000000,0.777084,0.776654,0.000180,0.065334,0.051250,0.290041,631,8091822,130079,0,2,0,2,0,0,0,0,0,0,5406,0,3510,1896,0
25848,16.872625,16.644199,16.221167,0.000000,1.165667,1.165195,0.000097,0.063417,0.020958,0.596542,630,8091803,127524,0,2,0,2,0,0,0,0,0,0,5406,0,3510,1896,0
25849,15.979542,15.958563,15.750559,0.000000,1.097000,1.091778,0.004889,0.050208,0.012542,0.612250,646,8153534,128814,0,2,0,2,0,0,0,0,0,0,7419,0,4680,2739,0
25850,17.299917,17.179473,17.057881,0.000000,0.395292,0.394862,0.000096,0.069083,0.022917,1.295416,630,8076146,131760,0,2,0,2,0,0,0,0,0,0,5406,0,3510,1896,0
25851,16.647708,16.402810,16.287063,0.000000,0.750875,0.749195,0.001180,0.066958,0.012292,0.958626,629,8095398,125179,0,2,0,2,0,0,0,0,0,0,5406,0,3510,1896,0
25852,16.698125,16.646442,16.383899,0.000000,1.164749,1.164361,0.000180,0.073917,0.013416,0.638542,638,8118904,125003,0,2,0,2,0,0,0,0,0,0,7208,0,4680,2528,0
25853,16.936250,16.843221,16.017626,0.000000,1.550916,1.542195,0.008596,0.071167,0.020625,0.880334,633,8107252,127306,0,2,0,2,0,0,0,0,0,0,5406,0,3510,1896,0
25854,16.564292,16.329655,16.233323,0.000000,1.012667,1.012195,0.000055,0.085500,0.017541,0.649750,632,8091821,123287,0,2,0,2,0,0,0,0,0,0,5406,0,3510,1896,0
25855,16.551333,16.491726,16.342175,0.000000,0.806667,0.806111,0.000139,0.066042,0.021625,0.982208,639,8122531,124121,0,2,0,2,0,0,0,0,0,0,7208,0,4680,2528,0
25856,16.808917,16.680753,15.685664,0.000000,1.691001,1.690654,0.000221,0.059000,0.018458,0.675250,633,8107277,127013,0,2,0,2,0,0,0,0,0,0,5406,0,3510,1896,0
25857,16.711541,16.586377,15.522290,0.000000,1.779584,1.779153,0.000097,0.059834,0.013875,1.287458,631,8107217,124799,0,2,0,2,0,0,0,0,0,0,5406,0,3510,1896,0
25858,16.480000,16.401128,16.214920,0.000000,1.085582,1.085111,0.000097,0.079917,0.023583,1.256376,641,8122462,122613,0,2,0,2,0,0,0,0,0,0,7208,0,4680,2528,0
25859,17.050667,16.876917,16.447542,0.000000,1.150583,1.150029,0.000096,0.085667,0.027583,0.661667,632,8091832,126718,0,2,0,2,0,0,0,0,0,0,5406,0,3510,1896,0
25860,16.584583,16.454892,15.811089,0.000000,1.275709,1.275195,0.000097,0.074792,0.027625,0.782750,634,8107252,124477,0,2,0,2,0,0,0,0,0,0,5406,0,3510,1896,0
25861,16.394500,16.289664,15.396575,0.000000,1.645542,1.644945,0.000305,0.070000,0.047209,0.610292,639,8107108,122336,0,2,0,2,0,0,0,0,0,0,7208,0,4680,2528,0
25862,16.099917,15.986595,15.194415,0.000000,1.561874,1.561612,0.000055,0.055333,0.014875,0.936916,640,8137935,125037,0,2,0,2,0,0,0,0,0,0,5863,0,3510,2353,0
25863,17.436792,17.189398,16.654024,0.000000,1.352668,1.352237,0.000180,0.061500,0.024750,0.609625,628,8060928,133124,0,2,0,2,0,0,0,0,0,0,5406,0,3510,1896,0
25864,16.621875,16.614046,15.425239,0.000000,1.892708,1.891903,0.000472,0.053125,0.012791,0.768041,642,8137923,124862,0,2,0,2,0,0,0,0,0,0,7208,0,4680,2528,0
25865,16.104500,15.992959,15.386587,0.000000,1.325291,1.324695,0.000180,0.059416,0.052250,0.910709,635,8107177,126547,0,2,0,2,0,0,0,0,0,0,5628,0,3510,2118,0
25866,17.381333,17.245832,16.806670,0.000000,1.256793,1.256237,0.000347,0.061458,0.013584,0.300750,632,8093227,131898,0,2,0,2,0,0,0,0,0,0,5406,0,3510,1896,0
25867,16.489750,16.364737,16.219739,0.000000,0.849750,0.833195,0.016222,0.059958,0.050292,0.656209,639,8105633,122506,0,2,0,2,0,0,0,0,0,0,7208,0,4680,2528,0
25868,16.156958,16.027541,15.840876,0.000000,1.077500,1.076779,0.000180,0.057792,0.015250,0.611083,637,8122640,124653,0,2,0,2,0,0,0,0,0,0,5645,0,3510,2135,0
25869,17.634084,17.475356,17.473821,0.000000,0.000251,0.000000,0.000000,0.066875,0.016916,0.957374,633,8091815,131751,0,2,0,2,0,0,0,0,0,0,5406,0,3510,1896,0
25870,16.279875,16.160746,16.045835,0.000000,0.739917,0.736570,0.003139,0.068166,0.028750,0.637333,640,8107159,122270,0,2,0,2,0,0,0,0,0,0,7208,0,4680,2528,0
25871,16.852958,16.733661,16.323277,0.000000,1.247167,1.246737,0.000180,0.060792,0.014833,0.970333,631,8107178,127153,0,2,0,2,0,0,0,0,0,0,5406,0,3510,1896,0
25872,16.698042,16.564912,15.769630,0.000000,1.542210,1.537487,0.004305,0.067791,0.023209,0.941334,632,8107244,124614,0,2,0,2,0,0,0,0,0,0,5406,0,3510,1896,0
25873,16.388750,16.253969,15.239220,0.000000,1.734334,1.733945,0.000055,0.076041,0.026834,0.662791,639,8107060,122174,0,2,0,2,0,0,0,0,0,0,7208,0,4680,2528,0
25874,17.062041,16.871414,16.404088,0.000000,1.166626,1.165904,0.000055,0.087334,0.038083,0.869791,629,8091779,126092,0,2,0,2,0,0,0,0,0,0,5406,0,3510,1896,0
25875,16.840459,16.779807,16.665783,0.000000,0.328584,0.327945,0.000180,0.074333,0.013750,0.638959,651,8122710,126268,0,2,0,2,0,0,0,0,0,0,5406,0,3510,1896,0
25876,16.314291,16.091406,15.901293,0.000000,0.861124,0.860611,0.000180,0.070750,0.038250,0.632583,637,8091641,122836,0,2,0,2,0,0,0,0,0,0,7208,0,4680,2528,0
25877,16.852875,16.818244,16.710882,0.000000,0.792375,0.791904,0.000180,0.069875,0.021167,0.642125,634,8122764,127451,0,2,0,2,0,0,0,0,0,0,5406,0,3510,1896,0
25878,16.611917,16.409118,15.358860,0.000000,1.768833,1.759570,0.006055,0.062292,0.031375,1.284917,632,8091796,123878,0,2,0,2,0,0,0,0,0,0,5406,0,3510,1896,0
25879,16.715875,16.632578,16.575620,0.000000,0.685959,0.685570,0.000139,0.058500,0.034625,0.613791,641,8122569,126057,0,2,0,2,0,0,0,0,0,0,7208,0,4680,2528,0
25880,16.615417,16.474961,16.403380,0.000000,0.896542,0.895362,0.000805,0.063708,0.021792,0.987333,632,8107189,125141,0,2,0,2,0,0,0,0,0,0,5406,0,3510,1896,0
25881,16.735750,16.614670,15.477164,0.000000,1.816417,1.815612,0.000388,0.066541,0.019292,0.946083,630,8107452,124877,0,2,0,2,0,0,0,0,0,0,5406,0,3510,1896,0
25882,16.758041,16.625006,15.793259,0.000000,1.547749,1.541361,0.006055,0.069792,0.013500,0.479291,638,8106865,125040,0,2,0,2,0,0,0,0,0,0,7208,0,4680,2528,0
25883,16.615042,16.479905,15.447448,0.000000,1.739626,1.739279,0.000138,0.077125,0.020000,0.606750,632,8107250,125429,0,2,0,2,0,0,0,0,0,0,5406,0,3510,1896,0
25884,15.953333,15.866949,14.927823,0.000000,1.664833,1.664362,0.000138,0.066125,0.025250,0.445000,644,8137976,125625,0,2,0,2,0,0,0,0,0,0,7333,0,4680,2653,0
25885,16.819584,16.687704,16.428188,0.000000,1.113375,1.112903,0.000180,0.052708,0.022000,0.848042,631,8091763,134989,0,2,0,2,0,0,0,0,0,0,5406,0,3510,1896,0
25886,17.020041,16.862956,16.754997,0.000000,1.001835,1.001279,0.000055,0.053750,0.012459,0.476208,631,8091787,132552,0,2,0,2,0,0,0,0,0,0,5406,0,3510,1896,0
25887,16.567709,16.471001,15.630850,0.000000,1.585249,1.584528,0.000388,0.064875,0.021625,0.788791,640,8107158,127454,0,2,0,2,0,0,0,0,0,0,7208,0,4680,2528,0
25888,16.685958,16.589913,15.834813,0.000000,1.498125,1.497653,0.000139,0.055167,0.020375,1.284917,633,8122626,129323,0,2,0,2,0,0,0,0,0,0,5406,0,3510,1896,0
25889,16.752417,16.631471,15.685395,0.000000,1.685542,1.685029,0.000096,0.058416,0.014209,0.460333,631,8107256,128931,0,2,0,2,0,0,0,0,0,0,5406,0,3510,1896,0
25890,16.618375,16.497250,16.409664,0.000000,0.645708,0.645278,0.000055,0.056125,0.011250,0.952208,640,8091620,126777,0,2,0,2,0,0,0,0,0,0,7208,0,4680,2528,0
25891,16.587250,16.436450,16.338327,0.000000,1.047500,1.038611,0.008514,0.047583,0.012125,0.508125,636,8153545,132319,0,2,0,2,0,0,0,0,0,0,5597,0,3510,2087,0
25892,16.943041,16.743827,16.761513,0.000000,0.000250,0.000000,0.000000,0.057625,0.018542,0.781250,626,8045437,139894,0,2,0,2,0,0,0,0,0,0,5406,0,3510,1896,0
25893,16.627125,16.550358,16.090480,0.000000,1.268042,1.267403,0.000180,0.063917,0.013958,0.467334,640,8122483,126573,0,2,0,2,0,0,0,0,0,0,7208,0,4680,2528,0
25894,16.881334,16.810080,16.671954,0.000000,1.030958,1.027320,0.000472,0.085166,0.026209,0.777709,632,8107451,130053,0,2,0,2,0,0,0,0,0,0,5406,0,3510,1896,0
25895,16.590000,16.361414,16.239211,0.000000,0.835416,0.835070,0.000096,0.064416,0.031375,0.916626,631,8091753,128084,0,2,0,2,0,0,0,0,0,0,5406,0,3510,1896,0
25896,16.619833,16.569391,16.487517,0.000000,0.711083,0.710737,0.000055,0.070208,0.021834,0.471542,642,8137805,126589,0,2,0,2,0,0,0,0,0,0,7208,0,4680,2528,0
25897,16.813083,16.709577,16.372132,0.000000,1.185084,1.184653,0.000139,0.068292,0.014333,1.139667,630,8091822,130187,0,2,0,2,0,0,0,0,0,0,5406,0,3510,1896,0
25898,16.841542,16.618679,15.824989,0.000000,1.582834,1.581654,0.000680,0.067708,0.017917,0.627292,631,8091878,127203,0,2,0,2,0,0,0,0,0,0,5406,0,3510,1896,0
25899,16.447500,16.393953,16.251088,0.000000,0.685418,0.684987,0.000180,0.062625,0.018875,0.639542,642,8137868,127110,0,2,0,2,0,0,0,0,0,0,7208,0,4680,2528,0
25900,16.735125,16.649527,16.269268,0.000000,1.212833,1.212528,0.000097,0.078875,0.013708,0.660833,630,8091822,129822,0,2,0,2,0,0,0,0,0,0,5406,0,3510,1896,0
25901,16.822750,16.672917,16.295048,0.000000,1.215793,1.212654,0.002680,0.056667,0.010375,0.788042,633,8107271,128155,0,2,0,2,0,0,0,0,0,0,5406,0,3510,1896,0
25902,16.664042,16.586958,15.995781,0.000000,1.391000,1.373237,0.017513,0.078666,0.045084,0.582208,642,8137979,123721,0,2,0,2,0,0,0,0,0,0,7208,0,4680,2528,0
25903,16.855333,16.670112,16.323989,0.000000,1.172084,1.153695,0.018014,0.085250,0.017750,0.676333,631,8076312,127561,0,2,0,2,0,0,0,0,0,0,5406,0,3510,1896,0
25904,16.652167,16.518427,16.414349,0.000000,0.860083,0.853487,0.006221,0.058500,0.018708,0.948208,633,8107271,125004,0,2,0,2,0,0,0,0,0,0,5406,0,3510,1896,0
25905,16.461625,16.329321,16.187752,0.000000,0.763375,0.762903,0.000138,0.089083,0.019708,0.473459,640,8107017,123181,0,2,0,2,0,0,0,0,0,0,7208,0,4680,2528,0
25906,16.719291,16.515496,16.381253,0.000000,0.847625,0.846736,0.000389,0.069750,0.023084,0.654833,631,8091867,126443,0,2,0,2,0,0,0,0,0,0,5406,0,3510,1896,0
25907,16.723000,16.684082,15.771039,0.000000,1.660292,1.654529,0.005430,0.071709,0.022791,0.665500,634,8122647,126942,0,2,0,2,0,0,0,0,0,0,5406,0,3510,1896,0
25908,16.599417,16.496672,15.931926,0.000000,1.271666,1.270820,0.000263,0.061417,0.012916,0.972875,640,8122507,123445,0,2,0,2,0,0,0,0,0,0,7208,0,4680,2528,0
25909,16.604500,16.472536,15.991047,0.000000,1.353583,1.353111,0.000180,0.057292,0.017083,0.608750,631,8082737,126259,0,2,0,2,0,0,0,0,0,0,5406,0,3510,1896,0
25910,16.809542,16.719753,15.772211,0.000000,1.692709,1.692195,0.000138,0.068083,0.026792,0.765791,632,8116431,126017,0,2,0,2,0,0,0,0,0,0,5406,0,3510,1896,0
25911,16.431333,16.295002,15.296917,0.000000,1.714167,1.713737,0.000180,0.060583,0.013625,1.073292,640,8111656,123308,0,2,0,2,0,0,0,0,0,0,7208,0,4680,2528,0
25912,17.005625,16.863964,15.963306,0.000000,1.611917,1.611486,0.000139,0.057958,0.026125,0.459667,629,8102541,127282,0,2,0,2,0,0,0,0,0,0,5406,0,3510,1896,0
25913,15.866125,15.766817,14.540103,0.000000,1.862958,1.854695,0.008096,0.052250,0.013542,0.944166,634,8107237,122937,0,2,0,2,0,0,0,0,0,0,5535,0,3510,2025,0
25914,16.817375,16.723456,16.081299,0.000000,1.408292,1.407612,0.000222,0.057917,0.028791,0.345125,643,8153441,130952,0,2,0,2,0,0,0,0,0,0,7208,0,4680,2528,0
25915,16.418625,16.220345,16.064394,0.000000,1.058375,1.057820,0.000139,0.055625,0.049292,0.674583,630,8091602,134405,0,2,0,2,0,0,0,0,0,0,5675,0,3510,2165,0
25916,17.386500,17.325366,17.120594,0.000000,1.098042,1.097695,0.000138,0.072833,0.016709,0.463833,629,8076353,133622,0,2,0,2,0,0,0,0,0,0,5406,0,3510,1896,0
25917,16.725542,16.587608,15.301906,0.000000,1.954749,1.954362,0.000180,0.057416,0.038417,1.095082,638,8122517,123884,0,2,0,2,0,0,0,0,0,0,7208,0,4680,2528,0
25918,16.717958,16.514116,15.846710,0.000000,1.454041,1.453111,0.000472,0.067208,0.025125,0.613250,630,8076344,126239,0,2,0,2,0,0,0,0,0,0,5406,0,3510,1896,0
25919,16.738292,16.622357,15.739301,0.000000,1.640500,1.639945,0.000180,0.062000,0.016125,0.871251,631,8107410,125591,0,2,0,2,0,0,0,0,0,0,5406,0,3510,1896,0
25920,16.509125,16.485733,15.491504,0.000000,1.742917,1.742487,0.000180,0.066958,0.017875,0.973625,643,8137807,124256,0,2,0,2,0,0,0,0,0,0,7208,0,4680,2528,0
25921,16.149666,16.026367,15.088227,0.000000,1.658499,1.658111,0.000180,0.064334,0.011125,0.642584,634,8122633,127382,0,2,0,2,0,0,0,0,0,0,5728,0,3510,2218,0
25922,17.386292,17.252941,17.129620,0.000000,0.988833,0.988320,0.000180,0.065542,0.016291,0.961708,632,8091737,133504,0,2,0,2,0,0,0,0,0,0,5406,0,3510,1896,0
25923,16.489875,16.383244,15.694420,0.000000,1.418416,1.417820,0.000138,0.057042,0.037208,0.474375,640,8107048,125731,0,2,0,2,0,0,0,0,0,0,7208,0,4680,2528,0
25924,16.311500,16.208945,15.391617,0.000000,1.525167,1.524403,0.000389,0.058000,0.041500,0.956667,640,8168988,127455,0,2,0,2,0,0,0,0,0,0,5712,0,3510,2202,0
25925,17.333208,17.174647,17.051084,0.000000,1.022374,1.021612,0.000221,0.101292,0.035500,0.462334,625,8030002,134308,0,2,0,2,0,0,0,0,0,0,5406,0,3510,1896,0
25926,16.426917,16.305302,16.151883,0.000000,0.765000,0.764570,0.000222,0.060542,0.054083,0.954625,642,8122663,124212,0,2,0,2,0,0,0,0,0,0,7208,0,4680,2528,0
25927,16.581875,16.426080,15.888244,0.000000,1.369041,1.368528,0.000180,0.053125,0.012667,1.312292,630,8091656,128194,0,2,0,2,0,0,0,0,0,0,5406,0,3510,1896,0
25928,16.707750,16.574916,15.474881,0.000000,1.762250,1.759445,0.002513,0.050458,0.013042,0.620542,651,8107206,126256,0,2,0,2,0,0,0,0,0,0,5406,0,3510,1896,0
25929,16.285583,16.215462,15.332892,0.000000,1.592875,1.589570,0.002930,0.049000,0.015125,0.938792,642,8122456,129196,0,2,0,2,0,0,0,0,0,0,7376,0,4680,2696,0
25930,17.309625,17.213971,17.124512,0.000000,0.588959,0.584528,0.000097,0.069625,0.020709,0.634333,631,8107260,136657,0,2,0,2,0,0,0,0,0,0,5406,0,3510,1896,0
25931,16.500167,16.358580,16.215113,0.000000,0.755625,0.755237,0.000096,0.057833,0.019709,0.870291,632,8107357,128307,0,2,0,2,0,0,0,0,0,0,5406,0,3510,1896,0
25932,16.880125,16.760528,16.162062,0.000000,1.391041,1.390487,0.000138,0.060167,0.017166,0.611833,639,8107035,127338,0,2,0,2,0,0,0,0,0,0,7208,0,4680,2528,0
25933,16.513250,16.391959,16.365987,0.000000,0.218709,0.218361,0.000055,0.063000,0.030792,0.772583,652,8106867,136091,0,2,0,2,0,0,0,0,0,0,7447,0,3510,3937,0
25934,16.580750,16.451796,16.249387,0.000000,0.381917,0.381279,0.000221,0.074125,0.023083,0.608584,631,8107454,131650,0,2,0,2,0,0,0,0,0,0,6065,0,3657,2408,0
25935,16.966250,16.842512,16.840278,0.000000,0.000416,0.000000,0.000000,0.063750,0.020750,0.952667,640,8106861,138457,0,2,0,2,0,0,0,0,0,0,6549,0,4533,2016,0
25936,16.462250,16.355586,16.147293,0.000000,0.875417,0.874861,0.000264,0.063417,0.029500,0.790416,633,8107244,133055,0,2,0,2,0,0,0,0,0,0,5406,0,3510,1896,0
25937,16.745292,16.573778,16.095245,0.000000,1.267207,1.266404,0.000346,0.056375,0.016000,0.658125,639,8107256,131583,0,2,0,2,0,0,0,0,0,0,7208,0,4680,2528,0
25938,16.520041,16.381509,16.288784,0.000000,1.008583,1.008070,0.000305,0.050792,0.016792,1.014541,633,8091619,131799,0,2,0,2,0,0,0,0,0,0,5406,0,3510,1896,0
25939,16.804917,16.757891,16.280766,0.000000,1.253376,1.239820,0.013139,0.071375,0.022917,0.643959,631,8122701,133379,0,2,0,2,0,0,0,0,0,0,5406,0,3510,1896,0
25940,16.536417,16.387647,16.100226,0.000000,1.141626,1.141279,0.000096,0.066750,0.031625,0.795375,637,8091587,131505,0,2,0,2,0,0,0,0,0,0,7208,0,4680,2528,0
25941,16.845125,16.710814,16.336431,0.000000,1.168291,1.167570,0.000305,0.062125,0.034916,0.609333,633,8107265,130974,0,2,0,2,0,0,0,0,0,0,5406,0,3510,1896,0
25942,16.694666,16.574014,16.513801,0.000000,0.226875,0.226361,0.000180,0.071792,0.030333,0.756167,633,8122710,132355,0,2,0,2,0,0,0,0,0,0,5406,0,3510,1896,0
25943,16.623959,16.482687,16.296097,0.000000,1.073874,1.062695,0.010846,0.070375,0.021833,0.771416,639,8091628,130648,0,2,0,2,0,0,0,0,0,0,7208,0,4680,2528,0
25944,16.713083,16.586672,16.388164,0.000000,1.027460,1.026862,0.000222,0.053292,0.015458,0.473000,632,8107284,131064,0,2,0,2,0,0,0,0,0,0,5406,0,3510,1896,0
25945,16.085750,15.995873,15.660201,0.000000,1.171792,1.170945,0.000472,0.060625,0.024500,0.766084,635,8122601,135584,0,2,0,2,0,0,0,0,0,0,5576,0,3510,2066,0
25946,17.576292,17.456392,17.467841,0.000000,0.000333,0.000000,0.000000,0.058000,0.038708,0.474625,641,8107052,144747,0,2,0,2,0,0,0,0,0,0,7208,0,4680,2528,0
25947,16.273291,16.139378,16.020415,0.000000,0.836833,0.836445,0.000138,0.060292,0.012292,0.913792,629,8091822,131487,0,2,0,2,0,0,0,0,0,0,5406,0,3510,1896,0
25948,16.808625,16.710674,16.506956,0.000000,1.046500,1.046070,0.000055,0.059750,0.018667,0.442750,633,8122646,133884,0,2,0,2,0,0,0,0,0,0,5406,0,3510,1896,0
25949,16.642417,16.476204,16.010233,0.000000,1.189125,1.182195,0.006596,0.063625,0.016083,0.753999,635,8091605,129859,0,2,0,2,0,0,0,0,0,0,7208,0,4680,2528,0
25950,16.683958,16.554628,16.285870,0.000000,1.145958,1.145528,0.000263,0.061125,0.019000,1.069792,633,8107265,130520,0,2,0,2,0,0,0,0,0,0,5406,0,3510,1896,0
25951,16.712625,16.752814,16.713577,0.000000,0.190334,0.189778,0.000139,0.071709,0.156291,0.656875,633,8153630,133929,0,2,0,2,0,0,0,0,0,0,5406,0,3510,1896,0
25952,16.733792,16.528384,16.362047,0.000000,0.666708,0.666320,0.000138,0.110750,0.027792,0.612834,639,8076107,128971,0,2,0,2,0,0,0,0,0,0,7208,0,4680,2528,0
25953,16.665000,16.505801,16.458705,0.000000,0.345458,0.341737,0.000388,0.060750,0.048417,0.609709,633,8122885,131225,0,2,0,2,0,0,0,0,0,0,5406,0,3510,1896,0
25954,16.662000,16.462287,16.339205,0.000000,0.843791,0.843361,0.000097,0.065750,0.013250,0.654543,629,8076229,128654,0,2,0,2,0,0,0,0,0,0,5406,0,3510,1896,0
25955,16.994042,16.891660,16.870036,0.000000,0.000625,0.000000,0.000000,0.080666,0.016125,0.290709,640,8107023,129023,0,2,0,2,0,0,0,0,0,0,7208,0,4680,2528,0
25956,16.393500,16.323950,16.215123,0.000000,0.653001,0.652612,0.000097,0.066458,0.047000,0.942459,633,8138153,130528,0,2,0,2,0,0,0,0,0,0,5406,0,3510,1896,0
25957,16.660375,16.491323,15.827659,0.000000,1.413750,1.405653,0.007680,0.064375,0.015416,0.635125,630,8092083,130145,0,2,0,2,0,0,0,0,0,0,5406,0,3510,1896,0
25958,16.695125,16.622052,16.071042,0.000000,1.357626,1.357070,0.000180,0.063041,0.048209,1.070333,638,8106874,127935,0,2,0,2,0,0,0,0,0,0,7208,0,4680,2528,0
25959,16.618833,16.405005,16.362738,0.000000,0.269584,0.269320,0.000055,0.058792,0.013208,1.077792,630,8091738,128898,0,2,0,2,0,0,0,0,0,0,5406,0,3510,1896,0
25960,16.840500,16.728055,16.204497,0.000000,1.349207,1.348736,0.000097,0.059958,0.014959,0.559708,630,8107249,131092,0,2,0,2,0,0,0,0,0,0,5406,0,3510,1896,0
25961,16.702083,16.620562,16.613901,0.000000,0.000500,0.000000,0.000000,0.076917,0.032750,0.970917,642,8122579,129258,0,2,0,2,0,0,0,0,0,0,7208,0,4680,2528,0
25962,16.668167,16.500793,16.430203,0.000000,0.459376,0.459070,0.000097,0.071708,0.019292,0.479000,630,8107154,130656,0,2,0,2,0,0,0,0,0,0,5406,0,3510,1896,0
25963,16.069083,15.960536,15.686210,0.000000,0.608374,0.607861,0.000139,0.062459,0.015333,0.595333,635,8107121,132397,0,2,0,2,0,0,0,0,0,0,5728,0,3510,2218,0
25964,17.191334,17.089049,16.976368,0.000000,0.794542,0.794154,0.000055,0.067875,0.038458,0.448625,640,8107052,134190,0,2,0,2,0,0,0,0,0,0,7208,0,4680,2528,0
25965,16.951125,16.786446,16.648624,0.000000,0.764750,0.764403,0.000097,0.060333,0.021875,0.924500,632,8107420,129492,0,2,0,2,0,0,0,0,0,0,5406,0,3510,1896,0
25966,16.561750,16.455926,16.453727,0.000000,0.000375,0.000000,0.000000,0.063500,0.023958,0.966542,635,8153644,131242,0,2,0,2,0,0,0,0,0,0,5569,0,3510,2059,0
25967,17.231833,17.096989,17.064540,0.000000,0.000417,0.000000,0.000000,0.068667,0.020666,0.411583,637,8060497,131589,0,2,0,2,0,0,0,0,0,0,7208,0,4680,2528,0
25968,16.040042,15.850580,15.690985,0.000000,0.090708,0.053695,0.036638,0.064000,0.013791,0.618001,629,8091805,126559,0,2,0,2,0,0,0,0,0,0,5406,0,3510,1896,0
25969,16.641416,16.529458,16.290451,0.000000,1.114084,1.113570,0.000097,0.061875,0.036500,0.629666,634,8107209,127278,0,2,0,2,0,0,0,0,0,0,5406,0,3510,1896,0
25970,16.697875,16.618600,15.696468,0.000000,1.674875,1.674487,0.000096,0.057334,0.016375,1.093042,642,8122479,125624,0,2,0,2,0,0,0,0,0,0,7208,0,4680,2528,0
25971,16.605084,16.480130,15.949246,0.000000,1.316500,1.315903,0.000180,0.053500,0.013583,0.633375,631,8091808,127176,0,2,0,2,0,0,0,0,0,0,5406,0,3510,1896,0
25972,16.041875,15.939988,14.901408,0.000000,1.689208,1.688820,0.000097,0.055250,0.012541,0.954500,643,8184383,130236,0,2,0,2,0,0,0,0,0,0,6007,0,3510,2497,0
25973,17.559583,17.387044,17.390552,0.000000,0.000500,0.000000,0.000000,0.068958,0.021625,0.607792,636,8029704,137500,0,2,0,2,0,0,0,0,0,0,7208,0,4680,2528,0
25974,16.747375,16.662335,16.539504,0.000000,1.028333,1.027820,0.000138,0.075542,0.019166,1.265042,634,8122661,128652,0,2,0,2,0,0,0,0,0,0,5406,0,3510,1896,0
25975,16.529208,16.375866,16.345505,0.000000,0.627917,0.627361,0.000097,0.069875,0.015209,0.583417,629,8107444,127598,0,2,0,2,0,0,0,0,0,0,5406,0,3510,1896,0
25976,16.721834,16.484456,16.455501,0.000000,0.000417,0.000000,0.000000,0.059000,0.013541,0.295333,642,8076120,126729,0,2,0,2,0,0,0,0,0,0,7435,0,4680,2755,0
25977,17.030166,16.989045,16.992914,0.000000,0.000334,0.000000,0.000000,0.044667,0.011708,0.902833,635,8137852,137912,0,2,0,2,0,0,0,0,0,0,5559,0,3510,2049,0
25978,15.909625,15.749191,15.744114,0.000000,0.175416,0.175111,0.000055,0.044584,0.010666,0.608292,630,8091802,134596,0,2,0,2,0,0,0,0,0,0,5406,0,3510,1896,0
25979,16.691000,16.650552,15.134113,0.000000,2.239208,2.238987,0.000055,0.047417,0.046625,1.229624,642,8122536,126596,0,2,0,2,0,0,0,0,0,0,7208,0,4680,2528,0
25980,16.640542,16.462319,15.105921,0.000000,2.117500,2.117237,0.000055,0.046625,0.039375,0.623500,633,8107271,128884,0,2,0,2,0,0,0,0,0,0,5406,0,3510,1896,0
25981,16.754542,16.674407,15.995198,0.000000,1.556958,1.556570,0.000139,0.041333,0.051917,1.596917,647,8122814,127088,0,2,0,2,0,0,0,0,0,0,5406,0,3510,1896,0
25982,16.475000,16.298172,16.066152,0.000000,1.202000,1.201362,0.000138,0.047083,0.019333,1.218625,640,8082955,127206,0,2,0,2,0,0,0,0,0,0,7665,0,4680,2985,0
25983,16.854458,16.762874,16.181798,0.000000,1.495124,1.494820,0.000138,0.055625,0.038042,0.609542,634,8132353,135055,0,2,0,2,0,0,0,0,0,0,5406,0,3510,1896,0
25984,16.716917,16.596001,15.075281,0.000000,2.413667,2.408986,0.004514,0.058750,0.036166,1.249959,628,8090520,126707,0,2,0,2,0,0,0,0,0,0,5406,0,3510,1896,0
25985,16.954375,16.828510,15.472697,0.000000,2.119500,2.119237,0.000055,0.083416,0.022584,0.632792,639,8107148,127740,0,2,0,2,0,0,0,0,0,0,7208,0,4680,2528,0
25986,16.583083,16.457446,15.758968,0.000000,1.524208,1.523820,0.000055,0.053292,0.012500,1.240667,632,8091770,127428,0,2,0,2,0,0,0,0,0,0,5406,0,3510,1896,0
25987,16.473000,16.273365,15.025894,0.000000,2.236501,2.236236,0.000139,0.045333,0.012625,0.621458,632,8122707,128653,0,2,0,2,0,0,0,0,0,0,6944,0,4536,2408,0
25988,16.676125,16.584253,15.892046,0.000000,1.641707,1.641445,0.000096,0.054375,0.016875,0.929626,639,8107074,127335,0,2,0,2,0,0,0,0,0,0,5670,0,3654,2016,0
25989,16.712583,16.569765,14.897411,0.000000,2.353251,2.352987,0.000097,0.042542,0.010792,0.609417,634,8107473,126776,0,2,0,2,0,0,0,0,0,0,5406,0,3510,1896,0
25990,16.691542,16.573289,15.260839,0.000000,2.266166,2.265903,0.000097,0.041125,0.013042,1.211209,637,8107187,126162,0,2,0,2,0,0,0,0,0,0,7208,0,4680,2528,0
25991,16.637625,16.517030,15.971831,0.000000,1.528959,1.528695,0.000096,0.045917,0.010875,1.234124,633,8106929,129543,0,2,0,2,0,0,0,0,0,0,5406,0,3510,1896,0
25992,16.739750,16.606695,16.323514,0.000000,1.261625,1.261403,0.000055,0.041583,0.009042,0.624708,631,8107710,127429,0,2,0,2,0,0,0,0,0,0,5406,0,3510,1896,0
25993,16.192583,16.042335,15.070577,0.000000,1.798709,1.798445,0.000097,0.040000,0.010834,0.910999,642,8122025,129580,0,2,0,2,0,0,0,0,0,0,7382,0,4680,2702,0
25994,16.848417,16.816798,16.737576,0.000000,0.788624,0.788029,0.000096,0.068917,0.040750,0.290625,633,8122611,135306,0,2,0,2,0,0,0,0,0,0,5603,0,3510,2093,0
25995,17.059875,16.909004,16.114455,0.000000,1.662709,1.662487,0.000138,0.044167,0.044500,0.926333,632,8091789,133028,0,2,0,2,0,0,0,0,0,0,5406,0,3510,1896,0
25996,16.143875,16.035178,14.454618,0.000000,2.282541,2.282236,0.000139,0.044583,0.051542,0.607750,641,8091574,127661,0,2,0,2,0,0,0,0,0,0,7427,0,4680,2747,0
25997,17.129250,16.965013,15.902644,0.000000,1.881958,1.881695,0.000096,0.046875,0.015833,0.918792,630,8091778,133545,0,2,0,2,0,0,0,0,0,0,5406,0,3510,1896,0
25998,16.806458,16.702702,14.929540,0.000000,2.430958,2.430528,0.000138,0.047167,0.013125,1.214584,633,8122677,126557,0,2,0,2,0,0,0,0,0,0,5406,0,3510,1896,0
25999,16.568792,16.444542,14.942333,0.000000,2.208960,2.208653,0.000139,0.045875,0.010000,0.610125,639,8091600,125608,0,2,0,2,0,0,0,0,0,0,7208,0,4680,2528,0
26000,16.828625,16.743843,15.272899,0.000000,2.202417,2.202154,0.000096,0.065083,0.023959,1.064626,634,8138308,129937,0,2,0,2,0,0,0,0,0,0,5406,0,3510,1896,0
26001,16.849667,16.746493,15.168246,0.000000,2.244208,2.243862,0.000097,0.062208,0.046375,0.609916,630,8107147,127537,0,2,0,2,0,0,0,0,0,0,5406,0,3510,1896,0
26002,16.367416,16.243957,14.960289,0.000000,2.049499,2.049278,0.000055,0.054375,0.050042,0.750876,637,8091577,124926,0,2,0,2,0,0,0,0,0,0,7208,0,4680,2528,0
26003,16.737334,16.649468,15.276002,0.000000,2.131250,2.130987,0.000096,0.054500,0.049708,0.551459,632,8122735,129479,0,2,0,2,0,0,0,0,0,0,5406,0,3510,1896,0
26004,16.689625,16.542359,14.900385,0.000000,2.346501,2.346237,0.000138,0.059458,0.011625,0.900708,631,8091751,126763,0,2,0,2,0,0,0,0,0,0,5406,0,3510,1896,0
26005,16.757166,16.576684,15.937040,0.000000,1.544585,1.544320,0.000097,0.047875,0.013750,1.039125,639,8091618,125631,0,2,0,2,0,0,0,0,0,0,7208,0,4680,2528,0
26006,16.680209,16.602006,15.796657,0.000000,1.641667,1.641404,0.000055,0.048458,0.012083,0.634792,633,8122681,129153,0,2,0,2,0,0,0,0,0,0,5406,0,3510,1896,0
26007,16.311750,16.181266,14.780249,0.000000,2.114001,2.113528,0.000055,0.045625,0.011750,0.915667,636,8138160,128871,0,2,0,2,0,0,0,0,0,0,5597,0,3510,2087,0
26008,16.755500,16.688548,15.693099,0.000000,1.803750,1.803361,0.000139,0.079375,0.045833,0.447708,638,8091509,132546,0,2,0,2,0,0,0,0,0,0,7208,0,4680,2528,0
26009,17.087458,16.903491,16.128563,0.000000,1.473626,1.473029,0.000180,0.060917,0.024458,0.739375,629,8076398,129187,0,2,0,2,0,0,0,0,0,0,5406,0,3510,1896,0
26010,16.629750,16.551005,16.052339,0.000000,1.323168,1.322737,0.000097,0.072042,0.030250,0.611458,634,8122875,128315,0,2,0,2,0,0,0,0,0,0,5406,0,3510,1896,0
26011,16.607375,16.511695,16.088416,0.000000,1.272124,1.263528,0.008305,0.061917,0.051875,0.928958,640,8122286,127657,0,2,0,2,0,0,0,0,0,0,7208,0,4680,2528,0
26012,16.733125,16.580203,15.974634,0.000000,1.413626,1.413237,0.000180,0.049333,0.058375,0.619250,631,8091863,128555,0,2,0,2,0,0,0,0,0,0,5406,0,3510,1896,0
26013,16.670208,16.562863,15.723494,0.000000,1.559501,1.547987,0.011347,0.061209,0.012625,1.061167,632,8107219,128192,0,2,0,2,0,0,0,0,0,0,5406,0,3510,1896,0
26014,16.729750,16.582505,15.958678,0.000000,1.431417,1.430945,0.000055,0.054917,0.023042,0.980584,641,8107234,127184,0,2,0,2,0,0,0,0,0,0,7208,0,4680,2528,0
26015,16.201000,16.077952,16.001041,0.000000,0.448000,0.447237,0.000346,0.061375,0.013334,0.641625,638,8122449,131154,0,2,0,2,0,0,0,0,0,0,5863,0,3510,2353,0
26016,17.009875,16.907490,16.346369,0.000000,1.317625,1.317112,0.000180,0.054750,0.017000,0.898834,631,8091917,132398,0,2,0,2,0,0,0,0,0,0,5406,0,3510,1896,0
26017,16.698125,16.563490,15.524886,0.000000,1.681959,1.676945,0.004764,0.051792,0.012292,0.609084,640,8106872,128066,0,2,0,2,0,0,0,0,0,0,7208,0,4680,2528,0
26018,16.901167,16.782869,15.982846,0.000000,1.558542,1.558029,0.000138,0.059958,0.013500,1.058334,631,8107283,129719,0,2,0,2,0,0,0,0,0,0,5406,0,3510,1896,0
26019,16.636958,16.521879,15.918452,0.000000,1.387000,1.386570,0.000097,0.054417,0.016083,0.613250,632,8107424,128587,0,2,0,2,0,0,0,0,0,0,5406,0,3510,1896,0
26020,16.251750,16.112377,15.638295,0.000000,1.301543,1.300986,0.000139,0.067459,0.028416,0.789583,642,8106962,129477,0,2,0,2,0,0,0,0,0,0,7430,0,4680,2750,0
26021,17.054459,16.934329,16.481877,0.000000,1.310208,1.309862,0.000055,0.051875,0.024500,0.942542,631,8091674,130409,0,2,0,2,0,0,0,0,0,0,5406,0,3510,1896,0
26022,16.794125,16.682035,15.824657,0.000000,1.588708,1.586237,0.002263,0.068625,0.020875,0.646875,630,8122646,128266,0,2,0,2,0,0,0,0,0,0,5406,0,3510,1896,0
26023,16.290458,16.142332,15.806201,0.000000,1.009501,1.008778,0.000305,0.062292,0.013666,0.980125,643,8106968,127735,0,2,0,2,0,0,0,0,0,0,7447,0,4680,2767,0
26024,17.009875,16.926766,16.706747,0.000000,1.102291,1.101695,0.000138,0.063292,0.044791,0.653458,633,8107366,130790,0,2,0,2,0,0,0,0,0,0,5406,0,3510,1896,0
26025,16.699250,16.556944,15.990343,0.000000,1.377958,1.377403,0.000222,0.078542,0.017250,0.796541,631,8107147,127639,0,2,0,2,0,0,0,0,0,0,5406,0,3510,1896,0
26026,16.772417,16.616452,16.528731,0.000000,0.496000,0.492528,0.003055,0.063458,0.014000,0.610792,638,8091618,127528,0,2,0,2,0,0,0,0,0,0,7208,0,4680,2528,0
26027,16.735666,16.633408,16.096740,0.000000,1.317166,1.316654,0.000096,0.066209,0.054875,1.079833,634,8122678,128581,0,2,0,2,0,0,0,0,0,0,5406,0,3510,1896,0
26028,16.630459,16.449450,16.274212,0.000000,0.800542,0.795737,0.000430,0.057708,0.013250,0.292417,630,8091930,127410,0,2,0,2,0,0,0,0,0,0,5406,0,3510,1896,0
26029,16.591291,16.556789,16.452160,0.000000,0.589582,0.587611,0.001555,0.065792,0.050292,1.278126,642,8122440,126315,0,2,0,2,0,0,0,0,0,0,7208,0,4680,2528,0
26030,17.076209,16.883168,16.597039,0.000000,1.096041,1.093112,0.002596,0.086708,0.013708,0.909291,633,8107205,128403,0,2,0,2,0,0,0,0,0,0,5406,0,3510,1896,0
26031,16.454125,16.345007,16.259156,0.000000,0.789875,0.789320,0.000222,0.071958,0.022583,0.612208,630,8096397,127982,0,2,0,2,0,0,0,0,0,0,5406,0,3510,1896,0
26032,16.597000,16.504605,15.948192,0.000000,1.342542,1.342028,0.000097,0.071875,0.012625,0.604708,640,8118135,126127,0,2,0,2,0,0,0,0,0,0,7208,0,4680,2528,0
26033,16.792250,16.646612,15.889664,0.000000,1.535500,1.534737,0.000305,0.081875,0.016750,0.613333,632,8107118,127340,0,2,0,2,0,0,0,0,0,0,5406,0,3510,1896,0
26034,16.753416,16.592372,16.541455,0.000000,0.533958,0.533403,0.000097,0.063375,0.014417,0.929709,646,8107177,127455,0,2,0,2,0,0,0,0,0,0,5406,0,3510,1896,0
26035,16.744875,16.634997,16.522515,0.000000,0.655458,0.639986,0.015180,0.054917,0.030125,0.609792,636,8107063,127297,0,2,0,2,0,0,0,0,0,0,7208,0,4680,2528,0
26036,16.390167,16.249040,16.163566,0.000000,0.406333,0.404779,0.001263,0.057667,0.033916,0.967667,632,8091819,125336,0,2,0,2,0,0,0,0,0,0,5406,0,3510,1896,0
26037,16.215167,16.070613,15.944748,0.000000,0.826875,0.826570,0.000097,0.055250,0.011708,1.061250,635,8122588,129413,0,2,0,2,0,0,0,0,0,0,5728,0,3510,2218,0
26038,17.703250,17.596074,17.527830,0.000000,0.483917,0.483403,0.000139,0.071833,0.018250,0.302041,639,8091654,134586,0,2,0,2,0,0,0,0,0,0,7208,0,4680,2528,0
26039,16.280541,16.147438,16.070865,0.000000,0.424917,0.408154,0.016513,0.072459,0.026000,0.938916,634,8122691,127963,0,2,0,2,0,0,0,0,0,0,5406,0,3510,1896,0
26040,16.736042,16.602741,16.557248,0.000000,0.295792,0.295362,0.000222,0.060250,0.012792,0.611458,654,8107064,129023,0,2,0,2,0,0,0,0,0,0,8985,0,4536,4449,0
26041,16.567667,16.448300,16.397597,0.000000,0.331708,0.331361,0.000139,0.058916,0.015042,0.975499,638,8106893,129203,0,2,0,2,0,0,0,0,0,0,5670,0,3654,2016,0
26042,16.884291,16.736849,16.622536,0.000000,0.575501,0.574987,0.000180,0.064959,0.048333,0.591750,634,8107254,127243,0,2,0,2,0,0,0,0,0,0,5406,0,3510,1896,0
26043,16.663334,16.505599,16.405015,0.000000,0.756959,0.756278,0.000305,0.057541,0.016959,0.778459,638,8107320,126280,0,2,0,2,0,0,0,0,0,0,7208,0,4680,2528,0
26044,16.487166,16.423301,16.387315,0.000000,0.511584,0.511236,0.000055,0.063000,0.038584,0.933875,632,8107193,130735,0,2,0,2,0,0,0,0,0,0,5406,0,3510,1896,0
26045,17.002959,16.834936,16.159950,0.000000,1.446542,1.442779,0.003471,0.063333,0.012792,0.472875,632,8107089,125875,0,2,0,2,0,0,0,0,0,0,5406,0,3510,1896,0
26046,16.476583,16.362763,16.285714,0.000000,0.556167,0.555445,0.000222,0.053708,0.044792,0.950459,639,8107095,126378,0,2,0,2,0,0,0,0,0,0,7208,0,4680,2528,0
26047,16.570917,16.389791,16.347386,0.000000,0.112834,0.098278,0.014264,0.064666,0.019084,0.477583,628,8092016,129769,0,2,0,2,0,0,0,0,0,0,5406,0,3510,1896,0
26048,16.717125,16.593961,15.654084,0.000000,1.623126,1.622654,0.000180,0.066416,0.015959,1.056126,633,8107009,125879,0,2,0,2,0,0,0,0,0,0,5406,0,3510,1896,0
26049,16.833583,16.744226,16.641843,0.000000,0.840541,0.823487,0.016805,0.057583,0.048625,0.648458,642,8122529,126251,0,2,0,2,0,0,0,0,0,0,7208,0,4680,2528,0
26050,16.245125,16.163366,15.976790,0.000000,1.048917,1.048528,0.000180,0.067792,0.035625,0.633541,630,8104432,127786,0,2,0,2,0,0,0,0,0,0,5406,0,3510,1896,0
26051,16.924500,16.781859,15.901279,0.000000,1.624417,1.623945,0.000221,0.060208,0.013500,0.311625,632,8110041,128211,0,2,0,2,0,0,0,0,0,0,5406,0,3510,1896,0
26052,16.117500,15.990721,15.262992,0.000000,1.525083,1.524612,0.000138,0.050208,0.015709,1.054458,643,8122414,129449,0,2,0,2,0,0,0,0,0,0,7388,0,4680,2708,0
26053,17.336167,17.171076,17.002578,0.000000,1.054708,1.054153,0.000180,0.057875,0.041458,0.917459,630,8076460,133045,0,2,0,2,0,0,0,0,0,0,5406,0,3510,1896,0
26054,17.347958,17.258969,17.073033,0.000000,0.000293,0.000000,0.000000,0.072250,0.015125,0.297834,631,8105118,125946,0,2,0,2,0,0,0,0,0,0,5406,0,3510,1896,0
26055,16.134208,16.023408,15.895763,0.000000,0.912959,0.912612,0.000055,0.072084,0.039208,0.605876,643,8132212,126728,0,2,0,2,0,0,0,0,0,0,7208,0,4680,2528,0
26056,16.763667,16.542534,16.292395,0.000000,1.102708,1.102153,0.000180,0.077792,0.023291,0.610958,629,8068708,128074,0,2,0,2,0,0,0,0,0,0,5406,0,3510,1896,0
26057,16.662833,16.628924,15.776844,0.000000,1.562708,1.562404,0.000138,0.063917,0.018958,0.925250,633,8122737,124913,0,2,0,2,0,0,0,0,0,0,5406,0,3510,1896,0
26058,16.633959,16.543905,16.115936,0.000000,1.219584,1.218862,0.000222,0.065416,0.014917,0.609875,642,8122465,126292,0,2,0,2,0,0,0,0,0,0,7208,0,4680,2528,0
26059,16.637958,16.375590,16.301089,0.000000,0.507709,0.504695,0.000264,0.068333,0.013417,1.373416,630,8076368,128547,0,2,0,2,0,0,0,0,0,0,5406,0,3510,1896,0
26060,16.952000,16.949339,16.188126,0.000000,1.549458,1.548987,0.000096,0.088000,0.022833,0.908000,634,8138179,126084,0,2,0,2,0,0,0,0,0,0,5406,0,3510,1896,0
26061,18.171375,18.048320,17.853324,0.000000,0.000375,0.000000,0.000000,0.065792,0.024875,0.303333,640,8107121,132411,0,2,0,2,0,0,0,0,0,0,7208,0,4680,2528,0
26062,16.472583,16.307632,16.240926,0.000000,0.000458,0.000000,0.000000,0.073084,0.029416,0.956625,633,8107149,133731,0,2,0,2,0,0,0,0,0,0,5406,0,3510,1896,0
26063,15.197334,15.124997,15.050549,0.000000,0.000541,0.000000,0.000000,0.072625,0.029458,0.322750,635,8122657,130830,0,2,0,2,0,0,0,0,0,0,5728,0,3510,2218,0
26064,17.287708,17.127982,17.072499,0.000000,0.000458,0.000000,0.000000,0.068833,0.038750,0.636791,640,8091529,138289,0,2,0,2,0,0,0,0,0,0,7208,0,4680,2528,0
26065,16.118583,15.943424,15.914832,0.000000,0.140125,0.118611,0.021222,0.062917,0.015833,0.647542,632,8107255,135363,0,2,0,2,0,0,0,0,0,0,5406,0,3510,1896,0
26066,16.354292,16.161769,16.122639,0.000000,0.000417,0.000000,0.000000,0.062042,0.014000,0.758875,633,8091741,131880,0,2,0,2,0,0,0,0,0,0,5586,0,3510,2076,0
26067,17.476917,17.402534,17.395517,0.000000,0.000333,0.000000,0.000000,0.060416,0.020834,1.058834,640,8107069,137165,0,2,0,2,0,0,0,0,0,0,7208,0,4680,2528,0
26068,15.606875,15.540318,15.485111,0.000000,0.332041,0.331528,0.000264,0.055041,0.024125,0.291083,636,8122618,133321,0,2,0,2,0,0,0,0,0,0,5535,0,3510,2025,0
26069,16.624208,16.480321,16.302020,0.000000,1.046542,1.045904,0.000180,0.067583,0.020917,1.115124,629,8091820,133466,0,2,0,2,0,0,0,0,0,0,5406,0,3510,1896,0
26070,16.552083,16.430965,16.306258,0.000000,0.528124,0.527778,0.000138,0.072167,0.013333,0.639666,649,8153232,137812,0,2,0,2,0,0,0,0,0,0,7477,0,4680,2797,0
26071,17.249750,17.080895,17.017218,0.000000,0.399167,0.398820,0.000097,0.074584,0.023625,1.177708,628,8076557,138874,0,2,0,2,0,0,0,0,0,0,5406,0,3510,1896,0
26072,16.676500,16.540140,16.061399,0.000000,1.306542,1.306029,0.000138,0.062875,0.013042,0.646959,633,8107327,128405,0,2,0,2,0,0,0,0,0,0,5406,0,3510,1896,0
26073,16.702750,16.607445,16.175824,0.000000,1.291374,1.288945,0.002180,0.058750,0.011209,0.932833,640,8106819,128485,0,2,0,2,0,0,0,0,0,0,7208,0,4680,2528,0
26074,16.761750,16.638375,16.469159,0.000000,1.033166,1.032736,0.000180,0.059125,0.034084,0.637125,630,8107563,132084,0,2,0,2,0,0,0,0,0,0,5406,0,3510,1896,0
26075,16.568084,16.402771,15.809504,0.000000,1.346292,1.345904,0.000096,0.056208,0.012792,0.783500,631,8091491,127568,0,2,0,2,0,0,0,0,0,0,5406,0,3510,1896,0
26076,16.669333,16.609335,16.154850,0.000000,1.232167,1.231028,0.000847,0.076667,0.026750,0.867917,642,8122632,128746,0,2,0,2,0,0,0,0,0,0,7208,0,4680,2528,0
26077,16.122667,15.884580,15.713816,0.000000,0.988292,0.987903,0.000139,0.057916,0.022084,0.464792,634,8076145,132889,0,2,0,2,0,0,0,0,0,0,5728,0,3510,2218,0
26078,17.299666,17.254191,17.172826,0.000000,0.773458,0.772945,0.000138,0.064334,0.020625,0.899291,632,8122948,135303,0,2,0,2,0,0,0,0,0,0,5406,0,3510,1896,0
26079,16.687125,16.604607,16.484152,0.000000,1.035416,1.034945,0.000180,0.068625,0.023417,0.613542,639,8122240,130750,0,2,0,2,0,0,0,0,0,0,7208,0,4680,2528,0
26080,17.351459,17.253482,17.241106,0.000000,0.000541,0.000000,0.000000,0.096333,0.027250,0.912166,634,8122665,133396,0,2,0,2,0,0,0,0,0,0,5406,0,3510,1896,0
26081,16.046000,15.906030,15.826572,0.000000,0.183541,0.178987,0.000096,0.077083,0.020125,0.290125,632,8091949,127883,0,2,0,2,0,0,0,0,0,0,5406,0,3510,1896,0
26082,16.817125,16.654834,16.657398,0.000000,0.000416,0.000000,0.000000,0.060625,0.028500,1.371458,640,8107159,130009,0,2,0,2,0,0,0,0,0,0,7208,0,4680,2528,0
26083,16.587708,16.457058,16.397097,0.000000,0.058209,0.057653,0.000139,0.078042,0.020833,1.075000,632,8107034,132639,0,2,0,2,0,0,0,0,0,0,5406,0,3510,1896,0
26084,16.529458,16.396073,16.361326,0.000000,0.370083,0.369570,0.000055,0.064167,0.023625,0.465333,630,8107422,127281,0,2,0,2,0,0,0,0,0,0,5406,0,3510,1896,0
26085,16.802542,16.682081,16.141222,0.000000,1.358167,1.357862,0.000055,0.059458,0.013375,0.982500,639,8106916,128973,0,2,0,2,0,0,0,0,0,0,7208,0,4680,2528,0
26086,16.720250,16.599718,16.372744,0.000000,1.056958,1.056070,0.000514,0.071958,0.035709,0.334209,631,8107322,131858,0,2,0,2,0,0,0,0,0,0,5406,0,3510,1896,0
26087,16.678167,16.562864,16.224408,0.000000,1.231999,1.231570,0.000096,0.081791,0.020875,0.748042,647,8122695,129274,0,2,0,2,0,0,0,0,0,0,5406,0,3510,1896,0
26088,16.831541,16.679322,16.549080,0.000000,0.000499,0.000000,0.000000,0.064709,0.021333,0.304166,637,8091488,137310,0,2,0,2,0,0,0,0,0,0,7208,0,4680,2528,0
26089,16.539042,16.423699,16.340738,0.000000,0.786917,0.777653,0.008847,0.058708,0.022542,1.301292,632,8107255,135304,0,2,0,2,0,0,0,0,0,0,5406,0,3510,1896,0
26090,16.611792,16.423054,16.391470,0.000000,0.233126,0.232529,0.000180,0.057125,0.051500,0.607750,631,8091830,130933,0,2,0,2,0,0,0,0,0,0,5406,0,3510,1896,0
26091,16.765125,16.713669,16.703693,0.000000,0.000375,0.000000,0.000000,0.061708,0.031667,0.967584,643,8137935,136752,0,2,0,2,0,0,0,0,0,0,7208,0,4680,2528,0
26092,16.680541,16.550045,16.381439,0.000000,0.703750,0.698236,0.005222,0.066667,0.052958,0.916625,631,8107240,135591,0,2,0,2,0,0,0,0,0,0,5406,0,3510,1896,0
26093,16.670709,16.552673,16.276149,0.000000,1.125082,1.124695,0.000096,0.069916,0.038084,0.514583,632,8091831,129971,0,2,0,2,0,0,0,0,0,0,6336,0,3928,2408,0
26094,16.774750,16.591202,16.464293,0.000000,0.564917,0.555278,0.009222,0.057000,0.049833,0.918917,639,8091611,134884,0,2,0,2,0,0,0,0,0,0,6278,0,4262,2016,0
26095,15.927041,15.870255,15.774929,0.000000,0.719584,0.719236,0.000139,0.057042,0.029583,0.465875,638,8168972,141721,0,2,0,2,0,0,0,0,0,0,5574,0,3510,2064,0
26096,17.303875,17.102372,17.054736,0.000000,0.436666,0.426987,0.009346,0.068709,0.032916,0.780917,636,8061068,137516,0,2,0,2,0,0,0,0,0,0,7208,0,4680,2528,0
26097,16.852459,16.766708,16.751203,0.000000,0.000375,0.000000,0.000000,0.063625,0.019625,0.619583,635,8106934,137057,0,2,0,2,0,0,0,0,0,0,5406,0,3510,1896,0
26098,16.449375,16.341013,16.215952,0.000000,0.647374,0.646736,0.000180,0.068666,0.032834,0.906334,631,8107225,136282,0,2,0,2,0,0,0,0,0,0,5406,0,3510,1896,0
26099,16.547333,16.407264,16.231449,0.000000,0.970582,0.970195,0.000096,0.060542,0.023958,0.593501,645,8137852,133026,0,2,0,2,0,0,0,0,0,0,7371,0,4680,2691,0
26100,17.271083,17.098900,17.076874,0.000000,0.000416,0.000000,0.000000,0.058750,0.018500,0.629292,631,8076339,141893,0,2,0,2,0,0,0,0,0,0,5406,0,3510,1896,0
26101,15.629834,15.486502,15.415249,0.000000,0.269459,0.268986,0.000097,0.070250,0.020083,0.598709,632,8091822,135274,0,2,0,2,0,0,0,0,0,0,5641,0,3510,2131,0
26102,17.079500,17.010525,16.991051,0.000000,0.143376,0.142862,0.000180,0.057208,0.013625,0.611166,644,8153266,137268,0,2,0,2,0,0,0,0,0,0,7331,0,4680,2651,0
26103,16.075625,15.950016,15.880738,0.000000,0.269626,0.268987,0.000180,0.050666,0.023584,1.255708,631,8077962,145571,0,2,0,2,0,0,0,0,0,0,5529,0,3510,2019,0
26104,17.331583,17.173528,17.127569,0.000000,0.545875,0.539195,0.006264,0.052000,0.020792,0.290333,629,8090242,142891,0,2,0,2,0,0,0,0,0,0,5406,0,3510,1896,0
26105,16.751167,16.630592,16.430696,0.000000,0.948750,0.948279,0.000138,0.063291,0.049834,0.929667,643,8137902,132944,0,2,0,2,0,0,0,0,0,0,7208,0,4680,2528,0
26106,16.682625,16.549215,16.426629,0.000000,0.467707,0.456820,0.006388,0.051125,0.011416,0.917626,631,8076355,138936,0,2,0,2,0,0,0,0,0,0,5406,0,3510,1896,0
26107,16.708541,16.655723,16.553427,0.000000,0.541500,0.541111,0.000139,0.067625,0.043500,0.643750,631,8122701,138472,0,2,0,2,0,0,0,0,0,0,5406,0,3510,1896,0
26108,16.571959,16.361873,16.225118,0.000000,1.043415,1.042945,0.000096,0.050833,0.020167,0.911916,637,8091788,130395,0,2,0,2,0,0,0,0,0,0,7208,0,4680,2528,0
26109,16.698125,16.624342,16.595377,0.000000,0.000542,0.000000,0.000000,0.060416,0.013334,0.449875,632,8122512,138144,0,2,0,2,0,0,0,0,0,0,5406,0,3510,1896,0
26110,16.712583,16.550659,16.434869,0.000000,0.433334,0.432945,0.000097,0.095208,0.015292,0.916791,631,8107288,135453,0,2,0,2,0,0,0,0,0,0,5406,0,3510,1896,0
26111,17.174250,17.133477,16.693106,0.000000,0.000541,0.000000,0.000000,0.055750,0.052042,0.297208,643,8153358,133432,0,2,0,2,0,0,0,0,0,0,7208,0,4680,2528,0
26112,17.346042,17.144339,17.179548,0.000000,0.000334,0.000000,0.000000,0.071166,0.021959,0.943916,631,8060861,151769,0,2,0,2,0,0,0,0,0,0,5728,0,3510,2218,0
26113,16.171166,16.066500,16.051034,0.000000,0.000375,0.000000,0.000000,0.053750,0.019542,0.645458,630,8107246,138723,0,2,0,2,0,0,0,0,0,0,5406,0,3510,1896,0
26114,17.475000,17.320964,17.186575,0.000000,0.000291,0.000000,0.000000,0.065125,0.024375,0.938417,639,8107039,133563,0,2,0,2,0,0,0,0,0,0,7208,0,4680,2528,0
26115,17.333542,17.209977,17.179214,0.000000,0.000500,0.000000,0.000000,0.060167,0.023250,0.980249,634,8107271,139834,0,2,0,2,0,0,0,0,0,0,5406,0,3510,1896,0
26116,16.779250,16.602358,16.553560,0.000000,0.000459,0.000000,0.000000,0.068375,0.017167,0.608583,632,8107189,139102,0,2,0,2,0,0,0,0,0,0,5406,0,3510,1896,0
26117,15.717042,15.630506,15.588737,0.000000,0.000333,0.000000,0.000000,0.061041,0.018875,0.961292,639,8096953,130771,0,2,0,2,0,0,0,0,0,0,7208,0,4680,2528,0
26118,16.067916,15.901676,15.898477,0.000000,0.000290,0.000000,0.000000,0.055209,0.015083,0.642875,632,8101925,138626,0,2,0,2,0,0,0,0,0,0,5406,0,3510,1896,0
26119,17.218500,17.106216,17.092714,0.000000,0.000332,0.000000,0.000000,0.050250,0.011750,1.111958,632,8107292,138004,0,2,0,2,0,0,0,0,0,0,5406,0,3510,1896,0
26120,15.700209,15.564891,15.505107,0.000000,0.157458,0.139987,0.017180,0.051625,0.020166,0.609750,640,8107013,131815,0,2,0,2,0,0,0,0,0,0,7208,0,4680,2528,0
26121,16.680208,16.639830,16.639257,0.000000,0.125501,0.125070,0.000138,0.068375,0.042167,0.593917,635,8138241,139386,0,2,0,2,0,0,0,0,0,0,5406,0,3510,1896,0
26122,16.636125,16.469766,16.321433,0.000000,0.771833,0.768195,0.003430,0.054958,0.013667,1.250000,631,8091742,136671,0,2,0,2,0,0,0,0,0,0,5406,0,3510,1896,0
26123,16.743167,16.615437,16.455152,0.000000,0.776668,0.776112,0.000180,0.068083,0.021500,0.304667,638,8107007,131994,0,2,0,2,0,0,0,0,0,0,7208,0,4680,2528,0
26124,16.676416,16.530231,16.413126,0.000000,0.419417,0.414237,0.004888,0.062959,0.017666,0.925667,632,8091828,138084,0,2,0,2,0,0,0,0,0,0,5406,0,3510,1896,0
26125,16.697250,16.555920,16.428209,0.000000,0.899541,0.899111,0.000097,0.063625,0.014000,0.476083,633,8107255,137625,0,2,0,2,0,0,0,0,0,0,5406,0,3510,1896,0
26126,16.628084,16.576376,16.456540,0.000000,0.890750,0.890279,0.000221,0.064833,0.022542,0.704000,642,8122489,132473,0,2,0,2,0,0,0,0,0,0,7208,0,4680,2528,0
26127,16.294375,16.130721,16.061421,0.000000,0.560833,0.560445,0.000138,0.050958,0.014542,0.474334,635,8122699,139753,0,2,0,2,0,0,0,0,0,0,5535,0,3510,2025,0
26128,16.667875,16.574732,16.412224,0.000000,0.737958,0.737570,0.000097,0.058458,0.016292,0.603334,632,8091657,139688,0,2,0,2,0,0,0,0,0,0,5535,0,3510,2025,0
26129,17.008958,16.910013,16.818594,0.000000,0.552417,0.549279,0.002805,0.068542,0.014208,0.622583,640,8107061,138089,0,2,0,2,0,0,0,0,0,0,7208,0,4680,2528,0
26130,17.218542,17.041968,17.046074,0.000000,0.000541,0.000000,0.000000,0.056666,0.017584,1.017250,631,8091811,138163,0,2,0,2,0,0,0,0,0,0,5406,0,3510,1896,0
26131,16.144250,15.992673,15.954121,0.000000,0.102291,0.101903,0.000180,0.060416,0.016542,1.097376,631,8107241,137316,0,2,0,2,0,0,0,0,0,0,5406,0,3510,1896,0
26132,16.688458,16.561205,16.417250,0.000000,0.857126,0.856820,0.000055,0.060708,0.027167,0.445625,638,8107131,127253,0,2,0,2,0,0,0,0,0,0,7208,0,4680,2528,0
26133,16.864417,16.810680,16.794852,0.000000,0.048624,0.048153,0.000180,0.070791,0.032250,0.925792,632,8122671,131402,0,2,0,2,0,0,0,0,0,0,5406,0,3510,1896,0
26134,16.419750,16.243542,16.077039,0.000000,0.968833,0.967986,0.000430,0.057000,0.014041,0.446125,631,8091739,129055,0,2,0,2,0,0,0,0,0,0,5406,0,3510,1896,0
26135,16.581833,16.462161,16.001328,0.000000,1.280417,1.280112,0.000096,0.056417,0.012791,0.743084,642,8122473,127671,0,2,0,2,0,0,0,0,0,0,7208,0,4680,2528,0
26136,17.022750,16.885164,16.447692,0.000000,1.202958,1.202028,0.000597,0.066083,0.013417,0.445833,628,8091850,132461,0,2,0,2,0,0,0,0,0,0,5406,0,3510,1896,0
26137,16.830167,16.707641,16.474515,0.000000,0.919166,0.918528,0.000097,0.074625,0.015500,0.591083,631,8107227,130204,0,2,0,2,0,0,0,0,0,0,5406,0,3510,1896,0
26138,16.562458,16.473491,16.294023,0.000000,0.384374,0.379695,0.004305,0.082750,0.019208,0.597375,640,8122721,127629,0,2,0,2,0,0,0,0,0,0,7208,0,4680,2528,0
26139,16.539750,16.370434,16.107335,0.000000,0.890166,0.889653,0.000138,0.062042,0.023125,0.333750,631,8091684,131141,0,2,0,2,0,0,0,0,0,0,5406,0,3510,1896,0
26140,16.864875,16.825350,16.472751,0.000000,1.183124,1.175486,0.007097,0.094625,0.022042,0.598916,633,8122737,130499,0,2,0,2,0,0,0,0,0,0,5406,0,3510,1896,0
26141,16.899917,16.722214,16.691997,0.000000,0.000459,0.000000,0.000000,0.059291,0.013084,0.301500,640,8107032,127674,0,2,0,2,0,0,0,0,0,0,7208,0,4680,2528,0
26142,16.086208,15.960793,15.824629,0.000000,0.779667,0.779278,0.000138,0.071042,0.024541,0.816833,630,8091793,129317,0,2,0,2,0,0,0,0,0,0,5406,0,3510,1896,0
26143,16.819083,16.650874,16.467578,0.000000,0.639041,0.635861,0.002805,0.065667,0.020958,0.293042,633,8107241,130631,0,2,0,2,0,0,0,0,0,0,5406,0,3510,1896,0
26144,16.739167,16.622760,16.467147,0.000000,0.915625,0.906445,0.008805,0.054208,0.014250,0.765292,639,8107251,129191,0,2,0,2,0,0,0,0,0,0,7208,0,4680,2528,0
26145,16.736667,16.625909,16.452955,0.000000,1.065583,1.048487,0.014138,0.055583,0.011625,0.753792,632,8107085,129678,0,2,0,2,0,0,0,0,0,0,5406,0,3510,1896,0
26146,16.579708,16.491919,16.186369,0.000000,1.152209,1.147153,0.004639,0.073292,0.026291,0.358750,632,8113899,130069,0,2,0,2,0,0,0,0,0,0,5918,0,3510,2408,0
26147,16.704375,16.512133,15.870826,0.000000,1.338791,1.338445,0.000138,0.059417,0.024583,0.933958,661,8100170,128260,0,2,0,2,0,0,0,0,0,0,8737,0,4680,4057,0
26148,16.721167,16.630245,16.299381,0.000000,0.487875,0.484112,0.003305,0.073041,0.016292,0.372542,631,8107217,129462,0,2,0,2,0,0,0,0,0,0,5406,0,3510,1896,0
26149,16.758875,16.623788,16.158662,0.000000,1.160459,1.159945,0.000097,0.072083,0.050625,0.981124,637,8122556,132158,0,2,0,2,0,0,0,0,0,0,7184,0,4656,2528,0
26150,16.897250,16.822991,16.621289,0.000000,0.635084,0.630529,0.004263,0.077958,0.034250,0.478208,632,8091752,124868,0,2,0,2,0,0,0,0,0,0,5430,0,3534,1896,0
26151,16.542000,16.275980,14.386563,0.000000,2.399958,2.399528,0.000138,0.063291,0.039000,1.310167,631,8091870,117521,0,2,0,2,0,0,0,0,0,0,5406,0,3510,1896,0
26152,16.783458,16.781246,14.854557,0.000000,2.424958,2.415986,0.008597,0.062625,0.020708,0.643041,642,8137900,117709,0,2,0,2,0,0,0,0,0,0,7208,0,4680,2528,0
26153,16.434833,16.258038,14.586294,0.000000,2.177542,2.176945,0.000180,0.055250,0.018167,0.868250,631,8107315,117566,0,2,0,2,0,0,0,0,0,0,5406,0,3510,1896,0
26154,16.841042,16.721988,16.205729,0.000000,1.300459,1.300070,0.000097,0.070375,0.031083,0.908834,631,8092041,127210,0,2,0,2,0,0,0,0,0,0,5406,0,3510,1896,0
26155,16.731750,16.643823,15.268363,0.000000,2.021751,2.021278,0.000097,0.059625,0.034542,0.643667,639,8106980,120285,0,2,0,2,0,0,0,0,0,0,7208,0,4680,2528,0
26156,16.603833,16.552492,15.118185,0.000000,2.068541,2.068070,0.000221,0.062292,0.044542,0.604542,632,8107099,120955,0,2,0,2,0,0,0,0,0,0,5406,0,3510,1896,0
26157,16.717209,16.524356,15.141869,0.000000,2.041959,2.041362,0.000347,0.061375,0.065250,0.638833,632,8107265,120297,0,2,0,2,0,0,0,0,0,0,5406,0,3510,1896,0
26158,16.633958,16.548275,14.728234,0.000000,2.380500,2.380070,0.000097,0.063417,0.022041,0.764209,639,8122477,119009,0,2,0,2,0,0,0,0,0,0,7208,0,4680,2528,0
26159,16.675375,16.437805,14.744996,0.000000,2.234709,2.234237,0.000180,0.059042,0.018291,0.630666,629,8076409,119702,0,2,0,2,0,0,0,0,0,0,5406,0,3510,1896,0
26160,16.901458,16.874245,15.066866,0.000000,2.344000,2.342737,0.000847,0.086417,0.041833,0.675750,631,8117414,120605,0,2,0,2,0,0,0,0,0,0,5406,0,3510,1896,0
26161,16.520875,16.363862,15.418296,0.000000,1.628750,1.628320,0.000097,0.069709,0.032875,0.917166,639,8112335,117365,0,2,0,2,0,0,0,0,0,0,7208,0,4680,2528,0
26162,16.771167,16.682485,15.980110,0.000000,1.458917,1.451320,0.007430,0.070375,0.044833,0.301250,633,8107330,119399,0,2,0,2,0,0,0,0,0,0,5406,0,3510,1896,0
26163,16.597208,16.323955,15.655672,0.000000,1.440208,1.436445,0.003513,0.062750,0.023000,0.777584,631,8091991,118160,0,2,0,2,0,0,0,0,0,0,5406,0,3510,1896,0
26164,16.711917,16.698490,14.854491,0.000000,2.381915,2.377778,0.000180,0.050083,0.013125,0.474000,639,8122285,116926,0,2,0,2,0,0,0,0,0,0,7208,0,4680,2528,0
26165,16.639750,16.527891,14.898742,0.000000,2.225874,2.225487,0.000096,0.057083,0.021834,0.747000,631,8107312,119337,0,2,0,2,0,0,0,0,0,0,5406,0,3510,1896,0
26166,16.734625,16.638539,14.723249,0.000000,2.459375,2.448570,0.010597,0.063625,0.049792,0.476625,633,8122709,119636,0,2,0,2,0,0,0,0,0,0,5406,0,3510,1896,0
26167,16.583042,16.440196,15.108760,0.000000,1.977334,1.976820,0.000180,0.059916,0.019834,0.769208,638,8107016,119205,0,2,0,2,0,0,0,0,0,0,7208,0,4680,2528,0
26168,16.785333,16.578290,14.784723,0.000000,2.357668,2.357404,0.000055,0.069542,0.020916,0.917417,631,8076428,119443,0,2,0,2,0,0,0,0,0,0,5406,0,3510,1896,0
26169,16.612375,16.537166,15.003623,0.000000,2.023542,2.019362,0.003930,0.061292,0.013000,0.609750,631,8122711,119773,0,2,0,2,0,0,0,0,0,0,5406,0,3510,1896,0
26170,16.768708,16.680667,15.384746,0.000000,1.844083,1.840236,0.003514,0.061750,0.036792,1.270874,640,8122465,119306,0,2,0,2,0,0,0,0,0,0,7208,0,4680,2528,0
26171,16.728625,16.533681,15.101536,0.000000,2.042207,2.041862,0.000096,0.064250,0.011750,0.611542,627,8076454,118747,0,2,0,2,0,0,0,0,0,0,5406,0,3510,1896,0
26172,16.648375,16.517831,14.768524,0.000000,2.253916,2.253195,0.000472,0.069125,0.021417,0.971583,631,8107215,119303,0,2,0,2,0,0,0,0,0,0,5406,0,3510,1896,0
26173,16.649500,16.644200,14.914493,0.000000,2.295916,2.292611,0.002930,0.063709,0.049750,0.610500,643,8138190,117335,0,2,0,2,0,0,0,0,0,0,7208,0,4680,2528,0
26174,16.778667,16.654798,16.428089,0.000000,0.465541,0.465070,0.000138,0.077583,0.014167,1.242751,629,8091599,119027,0,2,0,2,0,0,0,0,0,0,5406,0,3510,1896,0
26175,16.694250,16.457423,14.449875,0.000000,2.545000,2.527362,0.017305,0.059875,0.023208,0.291000,631,8091826,117761,0,2,0,2,0,0,0,0,0,0,5406,0,3510,1896,0
26176,16.535750,16.467120,14.457883,0.000000,2.490459,2.483278,0.006764,0.051125,0.036708,1.011542,641,8137909,116694,0,2,0,2,0,0,0,0,0,0,7208,0,4680,2528,0
26177,16.831625,16.763260,14.675790,0.000000,2.579875,2.578737,0.000930,0.057083,0.014417,0.950083,631,8091797,117361,0,2,0,2,0,0,0,0,0,0,5406,0,3510,1896,0
26178,16.660792,16.524371,15.622787,0.000000,1.610625,1.610278,0.000097,0.062708,0.034042,0.624708,632,8107275,118774,0,2,0,2,0,0,0,0,0,0,5406,0,3510,1896,0
26179,16.561666,16.446721,15.148265,0.000000,1.967542,1.967070,0.000180,0.056292,0.022542,0.865292,641,8122689,115665,0,2,0,2,0,0,0,0,0,0,7208,0,4680,2528,0
26180,16.742209,16.610513,14.804257,0.000000,2.343333,2.338070,0.004888,0.058666,0.011250,0.445208,629,8091595,119673,0,2,0,2,0,0,0,0,0,0,5406,0,3510,1896,0
26181,16.654708,16.403123,14.143328,0.000000,2.753167,2.752695,0.000055,0.066292,0.016416,1.121917,631,8091847,116870,0,2,0,2,0,0,0,0,0,0,5406,0,3510,1896,0
26182,16.774292,16.744503,15.080463,0.000000,2.218791,2.210903,0.007555,0.062416,0.051209,0.606042,642,8137889,117371,0,2,0,2,0,0,0,0,0,0,7208,0,4680,2528,0
26183,16.637583,16.453254,14.590669,0.000000,2.381582,2.381070,0.000263,0.073917,0.028166,0.740542,630,8076372,116870,0,2,0,2,0,0,0,0,0,0,5406,0,3510,1896,0
26184,16.717875,16.668705,14.527149,0.000000,2.640208,2.639903,0.000180,0.074125,0.018625,1.081833,633,8114428,117653,0,2,0,2,0,0,0,0,0,0,5406,0,3510,1896,0
26185,16.812542,16.724877,14.715862,0.000000,2.500751,2.500153,0.000180,0.091541,0.018667,0.487416,643,8132248,115722,0,2,0,2,0,0,0,0,0,0,7208,0,4680,2528,0
26186,16.719333,16.570626,15.211058,0.000000,2.004292,2.003779,0.000138,0.070042,0.014166,0.601167,629,8090345,116796,0,2,0,2,0,0,0,0,0,0,5406,0,3510,1896,0
26187,16.598208,16.480745,14.153121,0.000000,2.755208,2.754362,0.000597,0.057834,0.013583,0.651958,632,8107247,114942,0,2,0,2,0,0,0,0,0,0,5406,0,3510,1896,0
26188,16.491042,16.386033,14.978401,0.000000,2.242416,2.238611,0.003514,0.073042,0.013875,0.634625,639,8107038,112016,0,2,0,2,0,0,0,0,0,0,7208,0,4680,2528,0
26189,16.807083,16.647078,13.879659,0.000000,3.155499,3.154945,0.000096,0.054167,0.018208,0.609667,630,8107274,113570,0,2,0,2,0,0,0,0,0,0,5406,0,3510,1896,0
26190,16.885125,16.799183,14.720869,0.000000,2.668041,2.659945,0.007513,0.074084,0.017166,0.582501,632,8107245,114652,0,2,0,2,0,0,0,0,0,0,5406,0,3510,1896,0
26191,16.318334,16.055416,15.922723,0.000000,1.097833,1.097236,0.000139,0.068458,0.038083,0.291417,637,8091717,110669,0,2,0,2,0,0,0,0,0,0,7208,0,4680,2528,0
26192,16.632541,16.631630,14.202034,0.000000,2.959584,2.959362,0.000055,0.050125,0.051042,0.918583,634,8122620,114590,0,2,0,2,0,0,0,0,0,0,5406,0,3510,1896,0
26193,16.719334,16.586336,13.108577,0.000000,3.810708,3.810445,0.000097,0.054083,0.026667,1.216833,641,8107262,113209,0,2,0,2,0,0,0,0,0,0,5406,0,3510,1896,0
26194,16.827166,16.719872,13.664025,0.000000,3.474083,3.473778,0.000139,0.045417,0.026667,0.612125,638,8107645,113462,0,2,0,2,0,0,0,0,0,0,7208,0,4680,2528,0
26195,16.706167,16.588836,13.460557,0.000000,3.530709,3.530445,0.000096,0.048083,0.014959,1.222126,632,8106693,111610,0,2,0,2,0,0,0,0,0,0,5406,0,3510,1896,0
26196,16.469458,16.349336,13.397377,0.000000,3.385000,3.384695,0.000138,0.045334,0.026125,0.607916,629,8107298,113156,0,2,0,2,0,0,0,0,0,0,5406,0,3510,1896,0
26197,16.901125,16.778354,13.839988,0.000000,3.379293,3.378945,0.000180,0.052000,0.011500,0.934583,638,8107163,113285,0,2,0,2,0,0,0,0,0,0,7208,0,4680,2528,0
26198,16.487167,16.373214,13.407133,0.000000,3.386042,3.385695,0.000138,0.047167,0.024875,0.609416,633,8107170,111468,0,2,0,2,0,0,0,0,0,0,5406,0,3510,1896,0
26199,16.845167,16.713216,13.551605,0.000000,3.558458,3.558153,0.000138,0.047250,0.011041,0.922500,630,8107247,113451,0,2,0,2,0,0,0,0,0,0,5406,0,3510,1896,0
26200,16.772333,16.642088,13.974300,0.000000,3.152208,3.151861,0.000139,0.042875,0.027333,1.214541,638,8107090,115753,0,2,0,2,0,0,0,0,0,0,7208,0,4680,2528,0
26201,16.712292,16.597125,13.448021,0.000000,3.547208,3.546820,0.000055,0.048125,0.027416,0.445000,633,8107266,110731,0,2,0,2,0,0,0,0,0,0,5406,0,3510,1896,0
26202,16.696583,16.577787,13.387376,0.000000,3.580917,3.580653,0.000097,0.050042,0.012833,1.216167,639,8122632,109674,0,2,0,2,0,0,0,0,0,0,7208,0,4680,2528,0
26203,16.837292,16.712910,13.978652,0.000000,3.192790,3.192236,0.000180,0.052833,0.029792,0.289625,632,8091709,111583,0,2,0,2,0,0,0,0,0,0,5406,0,3510,1896,0
26204,16.522541,16.415003,13.376256,0.000000,3.699208,3.698945,0.000055,0.047709,0.015083,1.222875,630,8107252,110309,0,2,0,2,0,0,0,0,0,0,5406,0,3510,1896,0
26205,16.613209,16.496291,12.996980,0.000000,3.819417,3.819070,0.000180,0.043625,0.026500,0.608959,640,8107019,108416,0,2,0,2,0,0,0,0,0,0,7208,0,4680,2528,0
26206,16.745000,16.627809,13.297457,0.000000,3.693543,3.693320,0.000097,0.042875,0.009250,0.915209,628,8107322,112619,0,2,0,2,0,0,0,0,0,0,5406,0,3510,1896,0
26207,17.083958,16.984856,13.498926,0.000000,3.691542,3.691154,0.000138,0.072167,0.021958,0.898249,632,8107236,110303,0,2,0,2,0,0,0,0,0,0,5406,0,3510,1896,0
26208,16.334792,16.178363,13.541577,0.000000,3.131249,3.131070,0.000055,0.045416,0.015125,0.613250,638,8107059,108258,0,2,0,2,0,0,0,0,0,0,7208,0,4680,2528,0
26209,15.876583,15.766665,12.522368,0.000000,3.617750,3.615278,0.002264,0.039333,0.009167,1.230791,636,8138048,109492,0,2,0,2,0,0,0,0,0,0,5863,0,3510,2353,0
26210,17.285792,17.175253,17.182163,0.000000,0.000333,0.000000,0.000000,0.046583,0.057958,0.607708,630,8076407,171288,0,2,0,2,0,0,0,0,0,0,5406,0,3510,1896,0
26211,16.388750,16.160251,14.830122,0.000000,2.088958,2.088695,0.000097,0.042041,0.010292,0.990666,639,8091699,120854,0,2,0,2,0,0,0,0,0,0,7208,0,4680,2528,0
26212,17.177125,17.158863,15.011958,0.000000,2.748333,2.747820,0.000180,0.076791,0.013792,0.627250,633,8122573,127278,0,2,0,2,0,0,0,0,0,0,5406,0,3510,1896,0
26213,16.445541,16.309299,14.349310,0.000000,2.581416,2.581070,0.000096,0.047917,0.027167,1.264084,634,8107286,123723,0,2,0,2,0,0,0,0,0,0,5406,0,3510,1896,0
26214,16.407417,16.307413,14.143076,0.000000,2.765126,2.764737,0.000055,0.041958,0.028000,0.608333,639,8107026,122606,0,2,0,2,0,0,0,0,0,0,7208,0,4680,2528,0
26215,16.893500,16.784913,14.701655,0.000000,2.698542,2.698195,0.000139,0.059500,0.012000,0.777250,628,8107370,126515,0,2,0,2,0,0,0,0,0,0,5406,0,3510,1896,0
26216,16.839000,16.752703,15.455450,0.000000,2.036041,2.035529,0.000138,0.055542,0.052083,0.908000,634,8122628,124979,0,2,0,2,0,0,0,0,0,0,5406,0,3510,1896,0
26217,16.376083,16.231902,14.005274,0.000000,2.813042,2.812862,0.000055,0.047917,0.025208,0.612583,639,8107040,121052,0,2,0,2,0,0,0,0,0,0,7208,0,4680,2528,0
26218,16.688125,16.548627,14.492838,0.000000,2.677875,2.677570,0.000097,0.041417,0.010583,1.240458,628,8089345,126885,0,2,0,2,0,0,0,0,0,0,5406,0,3510,1896,0
26219,16.776292,16.644950,14.172958,0.000000,3.010667,3.010362,0.000096,0.040833,0.026834,0.446209,630,8109741,123966,0,2,0,2,0,0,0,0,0,0,5406,0,3510,1896,0
26220,16.516875,16.328423,14.189731,0.000000,2.741916,2.741570,0.000138,0.042833,0.010500,0.783750,639,8091591,121166,0,2,0,2,0,0,0,0,0,0,7208,0,4680,2528,0
26221,16.899083,16.855156,14.848247,0.000000,2.631583,2.631236,0.000139,0.044209,0.032125,0.608167,632,8122700,126000,0,2,0,2,0,0,0,0,0,0,5406,0,3510,1896,0
26222,16.758875,16.578032,14.650895,0.000000,2.561083,2.560612,0.000221,0.048209,0.012708,0.756083,633,8091814,123530,0,2,0,2,0,0,0,0,0,0,5406,0,3510,1896,0
26223,16.564875,16.569582,14.324443,0.000000,2.805875,2.805528,0.000180,0.077542,0.025958,0.645666,641,8124449,121598,0,2,0,2,0,0,0,0,0,0,7208,0,4680,2528,0
26224,17.007667,16.848011,15.428038,0.000000,2.056167,2.055695,0.000139,0.071125,0.014333,0.656500,631,8105316,126262,0,2,0,2,0,0,0,0,0,0,5406,0,3510,1896,0
26225,16.625083,16.494779,15.097978,0.000000,2.078792,2.077904,0.000513,0.063417,0.023333,1.282417,632,8107251,123733,0,2,0,2,0,0,0,0,0,0,5406,0,3510,1896,0
26226,16.468542,16.250959,14.552165,0.000000,2.297750,2.297195,0.000180,0.066792,0.022250,0.661875,641,8091606,121168,0,2,0,2,0,0,0,0,0,0,7208,0,4680,2528,0
26227,16.867958,16.867800,15.219041,0.000000,2.229208,2.228778,0.000097,0.064875,0.016959,1.058959,633,8122776,126587,0,2,0,2,0,0,0,0,0,0,5406,0,3510,1896,0
26228,16.721709,16.565726,15.251700,0.000000,1.963042,1.958362,0.004388,0.067916,0.013084,0.370542,632,8107253,123748,0,2,0,2,0,0,0,0,0,0,5406,0,3510,1896,0
26229,16.610625,16.486655,15.063884,0.000000,2.062833,2.062362,0.000180,0.055791,0.013292,0.949625,642,8122424,121241,0,2,0,2,0,0,0,0,0,0,7208,0,4680,2528,0
26230,16.996666,16.861601,16.871088,0.000000,0.062083,0.061611,0.000139,0.066125,0.030417,0.611000,631,8091829,135345,0,2,0,2,0,0,0,0,0,0,5406,0,3510,1896,0
26231,16.646667,16.509592,16.460551,0.000000,0.565250,0.557570,0.007305,0.059417,0.027208,1.158041,633,8107234,132075,0,2,0,2,0,0,0,0,0,0,5406,0,3510,1896,0
26232,16.329375,16.212199,16.121345,0.000000,0.679208,0.678862,0.000097,0.068208,0.047959,1.079541,640,8107047,130308,0,2,0,2,0,0,0,0,0,0,7208,0,4680,2528,0
26233,16.841625,16.682336,16.535235,0.000000,0.851499,0.851153,0.000097,0.057875,0.012125,0.289500,632,8107268,133701,0,2,0,2,0,0,0,0,0,0,5406,0,3510,1896,0
26234,16.777042,16.668195,16.479691,0.000000,0.113875,0.103154,0.010263,0.067750,0.041583,0.670209,630,8107255,133397,0,2,0,2,0,0,0,0,0,0,5406,0,3510,1896,0
26235,16.685666,16.639629,16.430383,0.000000,0.844042,0.840487,0.003138,0.091292,0.045125,0.315875,640,8107027,129694,0,2,0,2,0,0,0,0,0,0,7208,0,4680,2528,0
26236,16.623000,16.428426,16.354906,0.000000,0.155917,0.143445,0.009264,0.062125,0.012959,0.935666,629,8107306,134357,0,2,0,2,0,0,0,0,0,0,5406,0,3510,1896,0
26237,16.680417,16.550229,16.338522,0.000000,1.097543,1.097154,0.000055,0.061708,0.023709,0.639291,630,8107257,131596,0,2,0,2,0,0,0,0,0,0,5406,0,3510,1896,0
26238,16.531375,16.303287,16.218948,0.000000,0.355667,0.348695,0.006597,0.060167,0.022791,1.613333,639,8091582,129937,0,2,0,2,0,0,0,0,0,0,7208,0,4680,2528,0
26239,16.798500,16.795392,16.572895,0.000000,1.101210,1.100820,0.000097,0.056167,0.024375,0.918042,630,8122682,134564,0,2,0,2,0,0,0,0,0,0,5406,0,3510,1896,0
26240,16.785833,16.644956,16.416004,0.000000,1.083541,1.083195,0.000096,0.065125,0.013375,0.299292,632,8107257,132357,0,2,0,2,0,0,0,0,0,0,5406,0,3510,1896,0
26241,16.379334,16.254452,15.865561,0.000000,1.235250,1.234778,0.000138,0.062708,0.044167,0.908959,639,8107055,128984,0,2,0,2,0,0,0,0,0,0,7208,0,4680,2528,0
26242,16.958125,16.833645,16.717494,0.000000,0.957624,0.953820,0.000055,0.065416,0.038542,0.458958,633,8107299,135218,0,2,0,2,0,0,0,0,0,0,5406,0,3510,1896,0
26243,16.707041,16.613534,16.345053,0.000000,0.963208,0.962695,0.000096,0.064250,0.018667,0.705750,632,8107226,131513,0,2,0,2,0,0,0,0,0,0,5406,0,3510,1896,0
26244,16.427292,16.294193,15.890575,0.000000,1.237584,1.233737,0.003597,0.060292,0.016333,0.641292,640,8107075,129690,0,2,0,2,0,0,0,0,0,0,7208,0,4680,2528,0
26245,17.138792,16.975315,16.962831,0.000000,0.000417,0.000000,0.000000,0.060416,0.012209,1.374792,632,8107260,134196,0,2,0,2,0,0,0,0,0,0,5406,0,3510,1896,0
26246,16.446125,16.348917,16.216042,0.000000,0.876625,0.867279,0.009013,0.073000,0.015083,0.644250,641,8107263,132630,0,2,0,2,0,0,0,0,0,0,5406,0,3510,1896,0
26247,16.742541,16.568248,16.505111,0.000000,0.606125,0.605653,0.000097,0.066250,0.014709,1.249584,640,8107107,130996,0,2,0,2,0,0,0,0,0,0,7208,0,4680,2528,0
26248,16.571959,16.450018,16.096356,0.000000,1.187792,1.187320,0.000139,0.058958,0.013375,0.967584,631,8107218,132479,0,2,0,2,0,0,0,0,0,0,5406,0,3510,1896,0
26249,16.682166,16.560509,15.884073,0.000000,1.435125,1.434779,0.000096,0.053542,0.009917,0.614708,630,8107279,130657,0,2,0,2,0,0,0,0,0,0,5406,0,3510,1896,0
26250,16.661125,16.535731,16.509684,0.000000,0.257125,0.253028,0.003763,0.058000,0.018959,0.779833,641,8107069,132791,0,2,0,2,0,0,0,0,0,0,7208,0,4680,2528,0
26251,16.803584,16.662084,16.581711,0.000000,0.631167,0.630695,0.000139,0.063916,0.019459,0.608458,632,8107247,131364,0,2,0,2,0,0,0,0,0,0,5406,0,3510,1896,0
26252,16.714333,16.603369,16.496589,0.000000,0.443458,0.442862,0.000221,0.073583,0.015709,0.787750,634,8110609,132054,0,2,0,2,0,0,0,0,0,0,5496,0,3510,1988,0
26253,16.564542,16.395039,16.361410,0.000000,0.585041,0.584528,0.000138,0.065750,0.019833,0.616792,637,8103910,131016,0,2,0,2,0,0,0,0,0,0,7118,0,4680,2436,0
26254,16.695333,16.605446,16.546172,0.000000,0.418375,0.417736,0.000347,0.063750,0.013458,0.616001,651,8106750,133389,0,2,0,2,0,0,0,0,0,0,7447,0,3510,3937,0
26255,16.700750,16.551391,16.182092,0.000000,1.213458,1.212820,0.000263,0.070292,0.013583,0.919584,641,8122528,130256,0,2,0,2,0,0,0,0,0,0,7208,0,4680,2528,0
26256,16.650000,16.527276,16.062852,0.000000,1.296375,1.281070,0.015055,0.064667,0.014583,0.454125,629,8091865,133238,0,2,0,2,0,0,0,0,0,0,5406,0,3510,1896,0
26257,16.697000,16.557984,16.469732,0.000000,0.504709,0.499945,0.004389,0.063875,0.024000,0.903916,631,8107283,131020,0,2,0,2,0,0,0,0,0,0,5406,0,3510,1896,0
26258,16.531292,16.326241,15.833251,0.000000,1.316334,1.315904,0.000180,0.069500,0.012791,0.449916,637,8091558,130045,0,2,0,2,0,0,0,0,0,0,7208,0,4680,2528,0
26259,16.797708,16.778546,16.612911,0.000000,0.938750,0.938278,0.000097,0.064292,0.013375,0.732958,633,8122750,133996,0,2,0,2,0,0,0,0,0,0,5406,0,3510,1896,0
26260,16.711042,16.578709,16.082320,0.000000,1.324749,1.324361,0.000180,0.067041,0.012667,0.446542,630,8107168,132569,0,2,0,2,0,0,0,0,0,0,5406,0,3510,1896,0
26261,16.520791,16.387633,15.824925,0.000000,1.371001,1.370654,0.000055,0.056292,0.013375,0.763041,640,8107055,128936,0,2,0,2,0,0,0,0,0,0,7208,0,4680,2528,0
26262,16.901584,16.848867,16.711536,0.000000,0.824250,0.823737,0.000180,0.096416,0.035834,0.639250,634,8122727,135595,0,2,0,2,0,0,0,0,0,0,5406,0,3510,1896,0
26263,16.727500,16.568344,16.353147,0.000000,0.712292,0.711861,0.000097,0.065916,0.040584,0.308959,631,8091825,130853,0,2,0,2,0,0,0,0,0,0,5406,0,3510,1896,0
26264,16.439291,16.202816,16.015927,0.000000,1.053416,1.052987,0.000180,0.063250,0.039334,1.085084,639,8091563,129177,0,2,0,2,0,0,0,0,0,0,7208,0,4680,2528,0
26265,17.193042,17.159933,16.974025,0.000000,0.913168,0.912445,0.000305,0.110375,0.027500,0.300500,633,8122719,134212,0,2,0,2,0,0,0,0,0,0,5406,0,3510,1896,0
26266,16.305000,16.189056,16.071957,0.000000,0.234583,0.234070,0.000222,0.064708,0.020167,0.901249,632,8107281,132552,0,2,0,2,0,0,0,0,0,0,5406,0,3510,1896,0
26267,16.506333,16.428730,15.928719,0.000000,1.333376,1.332737,0.000180,0.064417,0.020333,0.627875,639,8107008,129233,0,2,0,2,0,0,0,0,0,0,7208,0,4680,2528,0
26268,16.859667,16.698781,16.582565,0.000000,0.000501,0.000000,0.000000,0.058292,0.019333,1.378041,631,8107260,133925,0,2,0,2,0,0,0,0,0,0,5406,0,3510,1896,0
26269,15.885292,15.764703,15.479912,0.000000,1.082500,1.082028,0.000222,0.052000,0.014166,0.629500,641,8184542,134435,0,2,0,2,0,0,0,0,0,0,5535,0,3510,2025,0
26270,17.345833,17.125381,16.917203,0.000000,1.057041,1.056695,0.000138,0.061458,0.015000,0.932418,633,8014234,132954,0,2,0,2,0,0,0,0,0,0,7208,0,4680,2528,0
26271,16.251333,16.206957,15.543370,0.000000,1.447751,1.437820,0.009472,0.049542,0.011792,0.917750,637,8153769,129012,0,2,0,2,0,0,0,0,0,0,5534,0,3510,2024,0
26272,16.396417,16.276734,16.147104,0.000000,1.021125,1.020653,0.000139,0.050292,0.011708,0.289792,635,8122416,136519,0,2,0,2,0,0,0,0,0,0,5586,0,3510,2076,0
26273,17.255500,17.158602,17.057177,0.000000,1.009292,1.008695,0.000055,0.061667,0.021250,0.900917,638,8076158,132753,0,2,0,2,0,0,0,0,0,0,7208,0,4680,2528,0
26274,16.793792,16.617348,16.506520,0.000000,0.641500,0.631903,0.009305,0.062791,0.038334,0.614125,632,8107403,130036,0,2,0,2,0,0,0,0,0,0,5406,0,3510,1896,0
26275,16.670458,16.527418,16.424842,0.000000,0.889166,0.888820,0.000097,0.069125,0.014125,1.251874,632,8107106,128687,0,2,0,2,0,0,0,0,0,0,5406,0,3510,1896,0
26276,16.525750,16.394035,16.001677,0.000000,1.232709,1.217570,0.014930,0.067083,0.015334,0.611916,640,8091992,125712,0,2,0,2,0,0,0,0,0,0,7208,0,4680,2528,0
26277,16.902792,16.806999,16.713078,0.000000,0.813083,0.812487,0.000263,0.066208,0.014083,0.922083,631,8106912,130117,0,2,0,2,0,0,0,0,0,0,5406,0,3510,1896,0
26278,16.605833,16.447618,16.112270,0.000000,1.203126,1.202570,0.000139,0.058583,0.049250,1.324042,632,8107293,129058,0,2,0,2,0,0,0,0,0,0,5406,0,3510,1896,0
26279,16.685917,16.627138,16.321742,0.000000,1.142083,1.136195,0.005596,0.076791,0.016959,0.474750,641,8122412,124990,0,2,0,2,0,0,0,0,0,0,7208,0,4680,2528,0
26280,16.660541,16.506911,15.642950,0.000000,1.639291,1.638903,0.000180,0.056417,0.035083,0.953416,634,8107256,128277,0,2,0,2,0,0,0,0,0,0,5406,0,3510,1896,0
26281,16.686375,16.617255,15.642808,0.000000,1.728582,1.728111,0.000180,0.057709,0.046958,0.483542,631,8122949,126893,0,2,0,2,0,0,0,0,0,0,5406,0,3510,1896,0
26282,16.645375,16.496573,15.985230,0.000000,1.351625,1.351195,0.000180,0.063500,0.025292,0.900249,639,8091365,127389,0,2,0,2,0,0,0,0,0,0,7208,0,4680,2528,0
26283,15.807125,15.664288,15.063826,0.000000,1.395500,1.392820,0.002263,0.056959,0.037041,0.300083,635,8107174,131179,0,2,0,2,0,0,0,0,0,0,5728,0,3510,2218,0
26284,17.544167,17.454781,17.304669,0.000000,1.039125,1.029986,0.008847,0.067000,0.023708,1.303292,631,8107232,136869,0,2,0,2,0,0,0,0,0,0,5406,0,3510,1896,0
26285,16.551583,16.419385,16.035660,0.000000,1.225457,1.225070,0.000096,0.057125,0.014917,0.632417,639,8091588,128947,0,2,0,2,0,0,0,0,0,0,7208,0,4680,2528,0
26286,16.939292,16.810186,16.685387,0.000000,0.885542,0.884903,0.000222,0.057958,0.015084,0.979584,635,8138293,134519,0,2,0,2,0,0,0,0,0,0,5406,0,3510,1896,0
26287,16.639708,16.542681,16.104338,0.000000,1.257291,1.256903,0.000180,0.065500,0.020459,0.910250,630,8107126,130517,0,2,0,2,0,0,0,0,0,0,5406,0,3510,1896,0
26288,16.614917,16.465333,16.379772,0.000000,0.698708,0.695737,0.002638,0.068333,0.021292,0.447292,639,8091612,128297,0,2,0,2,0,0,0,0,0,0,7208,0,4680,2528,0
26289,16.473042,16.292303,15.554626,0.000000,1.465500,1.464403,0.000805,0.060958,0.014208,0.916043,636,8122610,131186,0,2,0,2,0,0,0,0,0,0,5628,0,3510,2118,0
26290,17.067833,16.915335,16.868533,0.000000,0.127209,0.122445,0.004139,0.064000,0.022625,0.446584,628,8064824,140966,0,2,0,2,0,0,0,0,0,0,5406,0,3510,1896,0
26291,16.050292,15.996328,15.888860,0.000000,0.542917,0.542320,0.000180,0.062333,0.016083,1.275166,644,8132142,129230,0,2,0,2,0,0,0,0,0,0,7399,0,4680,2719,0
26292,17.416166,17.296696,17.170068,0.000000,0.610458,0.609653,0.000263,0.085459,0.041833,0.609291,631,8093645,138235,0,2,0,2,0,0,0,0,0,0,5406,0,3510,1896,0
26293,16.643084,16.573717,16.279602,0.000000,1.146042,1.140695,0.004889,0.100583,0.031708,0.932417,633,8107239,130185,0,2,0,2,0,0,0,0,0,0,5406,0,3510,1896,0
26294,16.567833,16.378281,16.184946,0.000000,0.230666,0.230362,0.000096,0.072458,0.026500,0.915583,639,8122486,129040,0,2,0,2,0,0,0,0,0,0,7208,0,4680,2528,0
26295,17.178583,17.054672,16.905254,0.000000,0.881083,0.880445,0.000055,0.064000,0.012292,0.296041,632,8091833,132134,0,2,0,2,0,0,0,0,0,0,5406,0,3510,1896,0
26296,15.731250,15.577005,15.476583,0.000000,0.000417,0.000000,0.000000,0.066709,0.017500,0.946959,638,8169219,129778,0,2,0,2,0,0,0,0,0,0,5617,0,3510,2107,0
26297,17.063584,16.945041,16.820092,0.000000,0.842708,0.842362,0.000138,0.067916,0.032834,0.290000,634,8044998,134379,0,2,0,2,0,0,0,0,0,0,7208,0,4680,2528,0
26298,16.811416,16.688980,16.363716,0.000000,1.187251,1.186862,0.000097,0.066459,0.046500,0.874583,632,8107271,131744,0,2,0,2,0,0,0,0,0,0,5406,0,3510,1896,0
26299,16.868750,16.719427,15.845750,0.000000,1.664459,1.656903,0.004222,0.058500,0.027417,0.646584,640,8107280,129030,0,2,0,2,0,0,0,0,0,0,5406,0,3510,1896,0
26300,16.754667,16.635202,15.562656,0.000000,1.757708,1.757320,0.000138,0.060375,0.064917,0.943167,639,8107065,125076,0,2,0,2,0,0,0,0,0,0,7208,0,4680,2528,0
26301,16.728042,16.581703,16.463032,0.000000,0.817459,0.816945,0.000180,0.073291,0.018625,0.919957,631,8107337,125908,0,2,0,2,0,0,0,0,0,0,5406,0,3510,1896,0
26302,16.645208,16.507939,15.563914,0.000000,1.667458,1.666903,0.000180,0.063375,0.015583,0.651750,632,8107189,125057,0,2,0,2,0,0,0,0,0,0,5406,0,3510,1896,0
26303,16.625417,16.511349,15.901083,0.000000,1.386875,1.375904,0.010596,0.066083,0.037458,0.704792,638,8107071,126261,0,2,0,2,0,0,0,0,0,0,7208,0,4680,2528,0
26304,16.723125,16.661659,15.700847,0.000000,1.650749,1.650195,0.000180,0.063958,0.041167,0.299541,631,8122716,128512,0,2,0,2,0,0,0,0,0,0,5406,0,3510,1896,0
26305,15.844041,15.653120,15.490717,0.000000,0.940793,0.940445,0.000139,0.055959,0.013166,0.991292,634,8093494,123972,0,2,0,2,0,0,0,0,0,0,6207,0,3602,2605,0
26306,17.482334,17.349956,17.235251,0.000000,0.797750,0.797237,0.000055,0.064750,0.048125,0.611333,639,8105302,136429,0,2,0,2,0,0,0,0,0,0,6604,0,4588,2016,0
26307,16.673916,16.628920,15.521943,0.000000,1.798166,1.797778,0.000180,0.063834,0.051666,0.945583,634,8122656,128112,0,2,0,2,0,0,0,0,0,0,5406,0,3510,1896,0
26308,16.678875,16.500951,15.625969,0.000000,1.606166,1.605611,0.000222,0.057459,0.018916,0.289875,642,8107094,124650,0,2,0,2,0,0,0,0,0,0,7208,0,4680,2528,0
26309,16.849167,16.705189,15.303179,0.000000,2.072208,2.063070,0.008888,0.068875,0.020917,1.159917,627,8091811,125465,0,2,0,2,0,0,0,0,0,0,5406,0,3510,1896,0
26310,16.617792,16.515547,15.484928,0.000000,1.759499,1.756195,0.000138,0.075958,0.013917,0.958625,634,8113443,125875,0,2,0,2,0,0,0,0,0,0,5406,0,3510,1896,0
26311,16.582000,16.469444,15.238755,0.000000,1.881083,1.870361,0.010389,0.071958,0.047000,0.649958,637,8100891,122422,0,2,0,2,0,0,0,0,0,0,7208,0,4680,2528,0
26312,16.744166,16.586599,16.076733,0.000000,1.285166,1.283154,0.000138,0.065000,0.012625,0.623709,632,8107365,127085,0,2,0,2,0,0,0,0,0,0,5406,0,3510,1896,0
26313,16.773459,16.652282,15.375307,0.000000,1.918250,1.911278,0.006430,0.068083,0.019625,0.644500,632,8107173,126152,0,2,0,2,0,0,0,0,0,0,5406,0,3510,1896,0
26314,16.660625,16.542434,15.584845,0.000000,1.722833,1.722278,0.000222,0.071500,0.016791,1.305458,641,8107031,125238,0,2,0,2,0,0,0,0,0,0,7208,0,4680,2528,0
26315,17.026625,16.971235,16.462569,0.000000,1.261749,1.254362,0.006971,0.103375,0.020875,0.305458,633,8122753,129040,0,2,0,2,0,0,0,0,0,0,5406,0,3510,1896,0
26316,16.412958,16.282197,16.248501,0.000000,0.984917,0.984403,0.000222,0.071250,0.051292,0.829250,629,8107248,126507,0,2,0,2,0,0,0,0,0,0,5406,0,3510,1896,0
26317,16.545583,16.395447,15.916650,0.000000,1.285209,1.284820,0.000055,0.066792,0.013375,1.099416,640,8091654,124038,0,2,0,2,0,0,0,0,0,0,7208,0,4680,2528,0
26318,16.731125,16.566326,16.454739,0.000000,0.766124,0.764445,0.001388,0.054834,0.015708,0.486000,632,8107249,128915,0,2,0,2,0,0,0,0,0,0,5406,0,3510,1896,0
26319,17.339375,17.210344,17.222166,0.000000,0.000333,0.000000,0.000000,0.073042,0.029083,0.932041,632,8107251,126280,0,2,0,2,0,0,0,0,0,0,5406,0,3510,1896,0
26320,15.876834,15.776925,15.686737,0.000000,0.684832,0.679736,0.004805,0.063916,0.012667,0.445583,640,8107060,122389,0,2,0,2,0,0,0,0,0,0,7208,0,4680,2528,0
26321,16.814833,16.663696,16.471753,0.000000,1.049832,1.049445,0.000138,0.068375,0.037042,0.631417,631,8107313,126637,0,2,0,2,0,0,0,0,0,0,5406,0,3510,1896,0
26322,16.617167,16.499121,15.217921,0.000000,2.031083,2.030487,0.000055,0.056000,0.013125,0.609958,632,8107225,124997,0,2,0,2,0,0,0,0,0,0,5406,0,3510,1896,0
26323,16.902208,16.781157,16.140699,0.000000,1.369542,1.368945,0.000180,0.063292,0.015708,0.894959,640,8107039,122719,0,2,0,2,0,0,0,0,0,0,7208,0,4680,2528,0
26324,15.684708,15.549140,14.873115,0.000000,1.566500,1.566070,0.000055,0.063500,0.012375,0.611250,634,8101533,125770,0,2,0,2,0,0,0,0,0,0,5617,0,3510,2107,0
26325,17.527667,17.415047,16.936012,0.000000,1.275875,1.268362,0.004305,0.062042,0.036500,0.593084,630,8112911,136100,0,2,0,2,0,0,0,0,0,0,5406,0,3510,1896,0
26326,15.388750,15.202921,14.218927,0.000000,1.707459,1.707028,0.000139,0.050583,0.019750,0.649917,642,8091647,121122,0,2,0,2,0,0,0,0,0,0,7665,0,4680,2985,0
26327,17.968917,17.918214,17.290965,0.000000,1.401916,1.400070,0.001513,0.059250,0.025291,1.204542,633,8122604,138975,0,2,0,2,0,0,0,0,0,0,5406,0,3510,1896,0
26328,16.723375,16.604433,16.127880,0.000000,1.312584,1.291112,0.021138,0.062958,0.019250,0.830209,631,8107155,128287,0,2,0,2,0,0,0,0,0,0,5406,0,3510,1896,0
26329,16.551375,16.354092,15.287233,0.000000,1.816083,1.815611,0.000097,0.068375,0.017416,0.630042,639,8091609,124356,0,2,0,2,0,0,0,0,0,0,7208,0,4680,2528,0
26330,16.736041,16.696936,15.946124,0.000000,1.564708,1.564279,0.000180,0.061417,0.021792,0.954708,633,8122700,129320,0,2,0,2,0,0,0,0,0,0,5406,0,3510,1896,0
26331,15.960459,15.834798,14.584604,0.000000,1.950667,1.946903,0.003513,0.053083,0.013875,0.651500,635,8111713,123219,0,2,0,2,0,0,0,0,0,0,5628,0,3510,2118,0
26332,17.351500,17.222173,16.583880,0.000000,1.373957,1.373361,0.000180,0.059166,0.012917,0.874459,640,8102515,130469,0,2,0,2,0,0,0,0,0,0,7208,0,4680,2528,0
26333,16.808541,16.669757,15.814901,0.000000,1.527667,1.527112,0.000180,0.066292,0.019417,1.283709,634,8107259,127459,0,2,0,2,0,0,0,0,0,0,5406,0,3510,1896,0
26334,15.932959,15.835449,15.113569,0.000000,1.317375,1.316778,0.000138,0.074000,0.033250,0.316666,635,8110413,123981,0,2,0,2,0,0,0,0,0,0,5645,0,3510,2135,0
26335,17.344833,17.256044,16.820098,0.000000,1.187499,1.186986,0.000097,0.076250,0.014833,1.278084,638,8119287,133164,0,2,0,2,0,0,0,0,0,0,7208,0,4680,2528,0
26336,16.868917,16.693404,15.646164,0.000000,1.636625,1.634570,0.001846,0.062250,0.013458,0.608791,632,8091812,127457,0,2,0,2,0,0,0,0,0,0,5406,0,3510,1896,0
26337,16.718083,16.592871,15.639165,0.000000,1.661040,1.660570,0.000138,0.060833,0.021375,0.761417,633,8107256,125964,0,2,0,2,0,0,0,0,0,0,5406,0,3510,1896,0
26338,16.493167,16.373917,15.607460,0.000000,1.527458,1.527028,0.000180,0.063291,0.014834,0.320000,639,8107033,124859,0,2,0,2,0,0,0,0,0,0,7208,0,4680,2528,0
26339,16.705416,16.610915,15.510170,0.000000,1.791543,1.791154,0.000055,0.063375,0.037625,0.767376,632,8114849,126744,0,2,0,2,0,0,0,0,0,0,5406,0,3510,1896,0
26340,16.937750,16.792176,16.039045,0.000000,1.525626,1.525112,0.000222,0.068792,0.012917,0.915167,631,8099663,124364,0,2,0,2,0,0,0,0,0,0,5406,0,3510,1896,0
26341,16.574000,16.491128,16.257896,0.000000,1.074708,1.074236,0.000097,0.074125,0.024459,0.635791,640,8107077,122539,0,2,0,2,0,0,0,0,0,0,7208,0,4680,2528,0
26342,16.518375,16.361820,15.550318,0.000000,1.539750,1.539362,0.000055,0.059834,0.039458,0.910791,632,8107272,127158,0,2,0,2,0,0,0,0,0,0,5406,0,3510,1896,0
26343,16.698125,16.576771,15.549070,0.000000,1.760999,1.754778,0.005805,0.061292,0.013500,0.290167,632,8107279,126463,0,2,0,2,0,0,0,0,0,0,5406,0,3510,1896,0
26344,16.732959,16.646306,16.482264,0.000000,1.057041,1.056778,0.000055,0.070541,0.013709,0.949250,640,8119001,125047,0,2,0,2,0,0,0,0,0,0,7208,0,4680,2528,0
26345,16.545333,16.366726,16.386417,0.000000,0.000208,0.000000,0.000000,0.062625,0.015000,0.852000,631,8095262,127975,0,2,0,2,0,0,0,0,0,0,5406,0,3510,1896,0
26346,16.835750,16.704666,15.714594,0.000000,1.670959,1.670612,0.000097,0.071375,0.018208,0.925542,633,8107234,127001,0,2,0,2,0,0,0,0,0,0,5406,0,3510,1896,0
26347,16.523208,16.387350,16.277933,0.000000,0.935084,0.934820,0.000055,0.064292,0.013833,0.606958,638,8107037,124843,0,2,0,2,0,0,0,0,0,0,7208,0,4680,2528,0
26348,16.704125,16.594113,15.458861,0.000000,1.818334,1.817987,0.000138,0.066084,0.013666,1.069959,633,8107256,128201,0,2,0,2,0,0,0,0,0,0,5406,0,3510,1896,0
26349,16.750875,16.716154,15.377910,0.000000,1.982165,1.981778,0.000138,0.096459,0.031208,0.594751,634,8123688,126728,0,2,0,2,0,0,0,0,0,0,5406,0,3510,1896,0
26350,16.613834,16.418857,15.143269,0.000000,1.955417,1.955070,0.000097,0.055708,0.050708,0.639417,637,8090656,123050,0,2,0,2,0,0,0,0,0,0,7208,0,4680,2528,0
26351,16.797541,16.671089,15.483778,0.000000,1.867708,1.852279,0.015096,0.062834,0.024166,0.590042,633,8107323,126476,0,2,0,2,0,0,0,0,0,0,5406,0,3510,1896,0
26352,16.590500,16.536260,15.337451,0.000000,1.863249,1.862778,0.000180,0.060209,0.053208,0.653875,640,8122645,125011,0,2,0,2,0,0,0,0,0,0,5406,0,3510,1896,0
26353,16.926375,16.757913,15.336161,0.000000,2.075667,2.041945,0.033389,0.077167,0.014208,0.870875,638,8091722,123504,0,2,0,2,0,0,0,0,0,0,7208,0,4680,2528,0
26354,16.479584,16.344638,16.081550,0.000000,0.448458,0.448029,0.000096,0.065500,0.014416,0.289500,632,8107179,126622,0,2,0,2,0,0,0,0,0,0,5406,0,3510,1896,0
26355,16.845125,16.734694,16.592048,0.000000,0.759249,0.752320,0.006638,0.067000,0.037250,1.557333,632,8107250,127243,0,2,0,2,0,0,0,0,0,0,5406,0,3510,1896,0
26356,16.565041,16.423374,15.804244,0.000000,1.432541,1.432028,0.000097,0.073667,0.014292,1.075792,639,8107085,126594,0,2,0,2,0,0,0,0,0,0,7208,0,4680,2528,0
26357,16.601167,16.486129,15.598261,0.000000,1.645626,1.645362,0.000055,0.065917,0.025833,0.302333,632,8107250,125838,0,2,0,2,0,0,0,0,0,0,5406,0,3510,1896,0
26358,16.711125,16.592764,15.476091,0.000000,1.799084,1.798695,0.000138,0.072458,0.014334,0.900291,632,8107414,127019,0,2,0,2,0,0,0,0,0,0,6827,0,4419,2408,0
26359,15.862167,15.743573,15.601825,0.000000,1.035208,1.029986,0.004972,0.065708,0.019875,0.609750,640,8107110,125418,0,2,0,2,0,0,0,0,0,0,5912,0,3771,2141,0
26360,16.366000,16.142400,15.572951,0.000000,1.333918,1.332195,0.001555,0.052000,0.037541,0.715125,632,8091519,134850,0,2,0,2,0,0,0,0,0,0,5535,0,3510,2025,0
26361,17.492541,17.487910,17.082056,0.000000,1.233749,1.230570,0.002888,0.064584,0.014125,0.637083,663,8153049,135249,0,2,0,2,0,0,0,0,0,0,9249,0,4680,4569,0
26362,16.726959,16.614992,15.755031,0.000000,1.571001,1.570570,0.000139,0.070125,0.013833,0.932668,630,8076410,129516,0,2,0,2,0,0,0,0,0,0,5406,0,3510,1896,0
26363,16.736750,16.506381,15.602971,0.000000,1.659792,1.659237,0.000180,0.074958,0.015958,0.472417,631,8091817,127666,0,2,0,2,0,0,0,0,0,0,5406,0,3510,1896,0
26364,16.612083,16.536587,15.363386,0.000000,1.854750,1.854195,0.000180,0.061250,0.012917,1.000291,641,8137915,126717,0,2,0,2,0,0,0,0,0,0,7208,0,4680,2528,0
26365,16.726333,16.654586,16.073683,0.000000,1.329583,1.328653,0.000472,0.065917,0.015750,1.253375,631,8091864,131604,0,2,0,2,0,0,0,0,0,0,5406,0,3510,1896,0
26366,16.714667,16.607115,15.796088,0.000000,1.557418,1.557029,0.000180,0.069167,0.035458,0.296666,632,8107257,130267,0,2,0,2,0,0,0,0,0,0,5406,0,3510,1896,0
26367,16.465042,16.306870,15.486028,0.000000,1.540958,1.540320,0.000180,0.065375,0.020458,0.962708,641,8107057,126180,0,2,0,2,0,0,0,0,0,0,7208,0,4680,2528,0
26368,16.943208,16.740903,16.407673,0.000000,1.141500,1.136611,0.004222,0.062500,0.013333,0.306291,630,8091792,133104,0,2,0,2,0,0,0,0,0,0,5406,0,3510,1896,0
26369,16.607125,16.424581,16.263609,0.000000,0.558541,0.558195,0.000055,0.072875,0.022208,1.206416,631,8107275,129154,0,2,0,2,0,0,0,0,0,0,5406,0,3510,1896,0
26370,16.290167,16.330913,15.525869,0.000000,1.565708,1.565153,0.000055,0.066791,0.051625,0.607709,651,8215155,132208,0,2,0,2,0,0,0,0,0,0,7399,0,4680,2719,0
26371,18.045625,17.921841,17.721427,0.000000,0.001416,0.000000,0.000000,0.090416,0.022500,0.613042,624,8029956,143483,0,2,0,2,0,0,0,0,0,0,5406,0,3510,1896,0
26372,16.355666,16.163993,16.159420,0.000000,0.000417,0.000000,0.000000,0.056250,0.014250,0.931583,633,8091811,126852,0,2,0,2,0,0,0,0,0,0,5406,0,3510,1896,0
26373,16.277459,16.144921,15.974262,0.000000,1.019458,1.019112,0.000180,0.063583,0.019708,0.297834,638,8107058,125900,0,2,0,2,0,0,0,0,0,0,7208,0,4680,2528,0
26374,16.673208,16.565544,15.968381,0.000000,1.394668,1.390445,0.003889,0.057083,0.013959,0.909375,632,8107257,129932,0,2,0,2,0,0,0,0,0,0,5406,0,3510,1896,0
26375,15.611000,15.406222,14.558034,0.000000,1.541750,1.541237,0.000221,0.061000,0.021667,0.301750,634,8091821,125357,0,2,0,2,0,0,0,0,0,0,5586,0,3510,2076,0
26376,17.775208,17.727873,17.484303,0.000000,1.102541,1.102028,0.000180,0.065167,0.038750,0.948708,640,8122507,138804,0,2,0,2,0,0,0,0,0,0,7208,0,4680,2528,0
26377,16.697667,16.572235,16.303643,0.000000,1.133500,1.133070,0.000180,0.071042,0.029125,0.609916,633,8107164,131206,0,2,0,2,0,0,0,0,0,0,5406,0,3510,1896,0
26378,16.640708,16.524105,15.948526,0.000000,1.386874,1.386404,0.000096,0.060042,0.016917,0.956375,631,8107237,130204,0,2,0,2,0,0,0,0,0,0,5406,0,3510,1896,0
26379,15.960084,15.852237,15.099422,0.000000,1.515167,1.509362,0.005388,0.066708,0.046417,0.607750,642,8106970,125842,0,2,0,2,0,0,0,0,0,0,7337,0,4680,2657,0
26380,16.689500,16.589115,16.274112,0.000000,1.106417,1.105903,0.000264,0.056833,0.012875,0.834209,636,8122621,136240,0,2,0,2,0,0,0,0,0,0,5535,0,3510,2025,0
26381,16.411416,16.207460,16.148884,0.000000,0.409458,0.408987,0.000180,0.067667,0.017958,0.752042,637,8122663,134494,0,2,0,2,0,0,0,0,0,0,5675,0,3510,2165,0
26382,17.594334,17.519053,17.364063,0.000000,1.046043,1.045695,0.000055,0.070833,0.013208,0.458792,639,8076104,134617,0,2,0,2,0,0,0,0,0,0,7208,0,4680,2528,0
26383,16.726541,16.578600,16.138090,0.000000,1.209249,1.208736,0.000180,0.060834,0.013125,0.608251,632,8107247,126415,0,2,0,2,0,0,0,0,0,0,5406,0,3510,1896,0
26384,16.887667,16.765254,15.511971,0.000000,1.944666,1.944237,0.000096,0.054333,0.012584,0.609667,633,8107257,124592,0,2,0,2,0,0,0,0,0,0,5406,0,3510,1896,0
26385,16.541375,16.410543,15.839358,0.000000,1.388416,1.387903,0.000138,0.077667,0.032666,0.764501,640,8107038,125039,0,2,0,2,0,0,0,0,0,0,7208,0,4680,2528,0
26386,15.815083,15.719012,15.595406,0.000000,0.581499,0.581153,0.000180,0.065500,0.014000,0.610625,634,8107151,127801,0,2,0,2,0,0,0,0,0,0,5728,0,3510,2218,0
26387,17.652042,17.494225,17.155079,0.000000,1.158000,1.157487,0.000180,0.071792,0.023458,0.595084,632,8108828,138288,0,2,0,2,0,0,0,0,0,0,5406,0,3510,1896,0
26388,16.567500,16.460251,16.231081,0.000000,1.031291,1.025278,0.005555,0.066125,0.011833,0.600583,637,8105500,126474,0,2,0,2,0,0,0,0,0,0,7208,0,4680,2528,0
26389,16.794333,16.659199,15.700160,0.000000,1.670875,1.670570,0.000055,0.068459,0.026000,0.320750,634,8107320,129840,0,2,0,2,0,0,0,0,0,0,5406,0,3510,1896,0
26390,16.836209,16.700841,15.566194,0.000000,1.784292,1.783820,0.000221,0.085666,0.014709,0.897875,631,8107188,127176,0,2,0,2,0,0,0,0,0,0,5406,0,3510,1896,0
26391,16.357833,16.269577,16.106076,0.000000,0.895458,0.895070,0.000180,0.072083,0.013417,0.483250,641,8111583,124811,0,2,0,2,0,0,0,0,0,0,7208,0,4680,2528,0
26392,16.819833,16.738804,16.668997,0.000000,0.192708,0.192278,0.000097,0.074042,0.054417,0.948375,633,8118317,128056,0,2,0,2,0,0,0,0,0,0,5406,0,3510,1896,0
26393,16.791875,16.653713,15.428518,0.000000,1.912251,1.899529,0.012388,0.070209,0.036916,0.308750,631,8107131,125358,0,2,0,2,0,0,0,0,0,0,5406,0,3510,1896,0
26394,16.517292,16.343417,15.283534,0.000000,1.832583,1.830070,0.002222,0.057375,0.013542,0.930291,640,8091557,123873,0,2,0,2,0,0,0,0,0,0,7208,0,4680,2528,0
26395,16.656458,16.525279,15.544397,0.000000,1.686042,1.685153,0.000347,0.069167,0.016208,0.959500,631,8107258,126814,0,2,0,2,0,0,0,0,0,0,5406,0,3510,1896,0
26396,16.718334,16.608007,15.391325,0.000000,1.912459,1.911862,0.000180,0.056958,0.012667,0.612083,632,8107270,126331,0,2,0,2,0,0,0,0,0,0,5406,0,3510,1896,0
26397,16.576541,16.449992,15.181664,0.000000,1.898250,1.897903,0.000097,0.059709,0.036875,0.954291,640,8107053,123766,0,2,0,2,0,0,0,0,0,0,7208,0,4680,2528,0
26398,16.765917,16.693336,15.467710,0.000000,1.885583,1.877486,0.007722,0.068792,0.042208,0.612416,634,8142920,127644,0,2,0,2,0,0,0,0,0,0,5406,0,3510,1896,0
26399,16.726417,16.555057,16.506668,0.000000,0.452208,0.451820,0.000096,0.063625,0.020541,0.974375,630,8071602,138122,0,2,0,2,0,0,0,0,0,0,5406,0,3510,1896,0
26400,17.181833,16.955964,16.930877,0.000000,0.000251,0.000000,0.000000,0.070708,0.020834,0.290041,641,8091596,132466,0,2,0,2,0,0,0,0,0,0,7208,0,4680,2528,0
26401,16.204750,16.158622,16.152578,0.000000,0.000375,0.000000,0.000000,0.057292,0.019916,0.900708,633,8122687,135021,0,2,0,2,0,0,0,0,0,0,5406,0,3510,1896,0
26402,16.672458,16.544813,16.415228,0.000000,0.811500,0.810904,0.000180,0.073750,0.033084,0.601999,631,8107309,135650,0,2,0,2,0,0,0,0,0,0,5406,0,3510,1896,0
26403,16.412584,16.203780,16.069404,0.000000,0.940000,0.939445,0.000138,0.056291,0.020500,0.294292,636,8091585,131093,0,2,0,2,0,0,0,0,0,0,7208,0,4680,2528,0
26404,16.921875,16.896115,16.707416,0.000000,0.865709,0.865361,0.000139,0.074916,0.039375,0.920875,633,8122698,135192,0,2,0,2,0,0,0,0,0,0,5406,0,3510,1896,0
26405,16.695041,16.574754,16.445441,0.000000,0.866709,0.866279,0.000096,0.060709,0.019625,0.656125,631,8107265,134688,0,2,0,2,0,0,0,0,0,0,5406,0,3510,1896,0
26406,16.667750,16.545421,16.473362,0.000000,0.650750,0.650320,0.000263,0.062084,0.019375,0.669083,639,8107082,135091,0,2,0,2,0,0,0,0,0,0,7208,0,4680,2528,0
26407,16.028875,15.920740,15.925819,0.000000,0.010334,0.009820,0.000097,0.061500,0.020125,0.639000,639,8184467,129725,0,2,0,2,0,0,0,0,0,0,5712,0,3510,2202,0
26408,17.221584,17.089038,17.030661,0.000000,0.206459,0.205904,0.000138,0.060000,0.013500,0.994083,626,8029936,144605,0,2,0,2,0,0,0,0,0,0,5406,0,3510,1896,0
26409,16.692375,16.482281,15.857959,0.000000,1.413459,1.413070,0.000097,0.068458,0.019417,0.611417,639,8091650,129354,0,2,0,2,0,0,0,0,0,0,7208,0,4680,2528,0
26410,16.750625,16.727886,16.050635,0.000000,1.473749,1.473486,0.000097,0.074500,0.013750,0.930209,632,8122746,130174,0,2,0,2,0,0,0,0,0,0,5406,0,3510,1896,0
26411,16.695666,16.563289,15.877604,0.000000,1.429833,1.429404,0.000096,0.058084,0.012000,0.922542,632,8107350,130642,0,2,0,2,0,0,0,0,0,0,5918,0,3510,2408,0
26412,16.644875,16.529955,16.252958,0.000000,1.139000,1.133945,0.004680,0.072375,0.027875,0.641209,638,8106959,129582,0,2,0,2,0,0,0,0,0,0,6696,0,4680,2016,0
26413,17.007250,16.919017,16.328783,0.000000,1.354584,1.353903,0.000139,0.111875,0.022417,0.657583,633,8107235,127352,0,2,0,2,0,0,0,0,0,0,5406,0,3510,1896,0
26414,16.304875,16.144011,16.037095,0.000000,0.240457,0.239820,0.000180,0.064417,0.019208,0.303666,639,8122526,129206,0,2,0,2,0,0,0,0,0,0,7208,0,4680,2528,0
26415,15.838417,15.722662,15.597330,0.000000,0.337917,0.337570,0.000055,0.061083,0.020250,1.252458,634,8107406,131134,0,2,0,2,0,0,0,0,0,0,5580,0,3510,2070,0
26416,17.119250,16.960627,16.586459,0.000000,1.163376,1.162945,0.000139,0.074625,0.021292,0.307917,632,8107032,133447,0,2,0,2,0,0,0,0,0,0,5406,0,3510,1896,0
26417,17.403333,17.219669,17.189724,0.000000,0.000333,0.000000,0.000000,0.107167,0.033458,1.083124,637,8091763,135386,0,2,0,2,0,0,0,0,0,0,7208,0,4680,2528,0
26418,15.892959,15.806774,15.582261,0.000000,0.224499,0.106153,0.118055,0.082500,0.018583,0.372125,634,8122506,131931,0,2,0,2,0,0,0,0,0,0,5625,0,3510,2115,0
26419,18.696625,18.600736,18.012249,0.000000,0.000333,0.000000,0.000000,0.090291,0.020125,0.585001,632,8091772,135658,0,2,0,2,0,0,0,0,0,0,5406,0,3510,1896,0
26420,15.466666,15.343307,15.282585,0.000000,0.000291,0.000000,0.000000,0.065750,0.022709,0.911209,640,8107091,127786,0,2,0,2,0,0,0,0,0,0,7208,0,4680,2528,0
26421,16.556375,16.459950,16.440953,0.000000,0.000375,0.000000,0.000000,0.071875,0.038584,0.609083,631,8114571,130327,0,2,0,2,0,0,0,0,0,0,5406,0,3510,1896,0
26422,16.264000,16.137377,15.373687,0.000000,1.629291,1.628945,0.000180,0.051375,0.053250,0.912459,631,8115346,129180,0,2,0,2,0,0,0,0,0,0,5406,0,3510,1896,0
26423,16.582459,16.323794,14.712842,0.000000,2.317167,2.316737,0.000180,0.058916,0.013209,0.618334,638,8076207,124447,0,2,0,2,0,0,0,0,0,0,7208,0,4680,2528,0
26424,16.881500,16.861761,15.417304,0.000000,2.160292,2.159987,0.000097,0.061375,0.047958,0.916792,634,8122740,131388,0,2,0,2,0,0,0,0,0,0,5406,0,3510,1896,0
26425,16.634625,16.475115,16.488978,0.000000,0.132708,0.132486,0.000055,0.047166,0.010542,0.863167,633,8107213,125469,0,2,0,2,0,0,0,0,0,0,5406,0,3510,1896,0
26426,16.423416,16.315338,14.873916,0.000000,2.162625,2.162362,0.000138,0.042417,0.049250,1.198208,639,8107095,127633,0,2,0,2,0,0,0,0,0,0,7208,0,4680,2528,0
26427,16.785542,16.641261,14.903682,0.000000,2.419125,2.418820,0.000138,0.039417,0.010041,1.227166,633,8107182,129164,0,2,0,2,0,0,0,0,0,0,5406,0,3510,1896,0
26428,16.682167,16.549699,15.661699,0.000000,1.743376,1.743028,0.000139,0.044750,0.010291,0.457334,632,8107274,126533,0,2,0,2,0,0,0,0,0,0,5406,0,3510,1896,0
26429,16.797583,16.687210,16.701039,0.000000,0.213625,0.213362,0.000096,0.058208,0.014125,1.054292,639,8127808,126493,0,2,0,2,0,0,0,0,0,0,7208,0,4680,2528,0
26430,16.723708,16.566467,16.453490,0.000000,1.109875,1.109570,0.000138,0.064750,0.011834,0.611500,630,8086464,130706,0,2,0,2,0,0,0,0,0,0,5406,0,3510,1896,0
26431,16.563959,16.439745,16.383997,0.000000,0.573542,0.573320,0.000055,0.053625,0.047208,0.968042,629,8107281,126253,0,2,0,2,0,0,0,0,0,0,5406,0,3510,1896,0
26432,16.614416,16.447289,16.461646,0.000000,0.799667,0.799404,0.000180,0.042792,0.012708,0.620375,642,8122483,126466,0,2,0,2,0,0,0,0,0,0,7208,0,4680,2528,0
26433,16.720875,16.556128,16.330916,0.000000,1.212542,1.212237,0.000097,0.047834,0.012208,0.914501,629,8076362,130875,0,2,0,2,0,0,0,0,0,0,5406,0,3510,1896,0
26434,16.704792,16.641293,15.533374,0.000000,1.894458,1.894028,0.000139,0.041708,0.049667,1.218750,634,8122860,128682,0,2,0,2,0,0,0,0,0,0,5406,0,3510,1896,0
26435,16.557917,16.446653,14.647569,0.000000,2.471542,2.471237,0.000138,0.044125,0.009916,0.456625,641,8106901,126888,0,2,0,2,0,0,0,0,0,0,7208,0,4680,2528,0
26436,16.973750,16.835091,16.510208,0.000000,1.274250,1.273862,0.000180,0.057666,0.013292,1.060083,632,8107272,131731,0,2,0,2,0,0,0,0,0,0,5406,0,3510,1896,0
26437,16.588708,16.480758,15.091360,0.000000,2.128709,2.128278,0.000055,0.053083,0.047667,0.291375,632,8107253,126484,0,2,0,2,0,0,0,0,0,0,5406,0,3510,1896,0
26438,15.811208,15.638295,14.998216,0.000000,1.538083,1.537820,0.000055,0.039584,0.029333,1.076167,645,8107088,126342,0,2,0,2,0,0,0,0,0,0,7665,0,4680,2985,0
26439,17.581959,17.486861,17.450433,0.000000,1.061583,1.060903,0.000222,0.049708,0.011000,0.616000,632,8107004,142885,0,2,0,2,0,0,0,0,0,0,5609,0,3510,2099,0
26440,16.420541,16.195624,14.700596,0.000000,2.201457,2.201195,0.000055,0.041750,0.011125,0.740874,630,8091773,123854,0,2,0,2,0,0,0,0,0,0,5406,0,3510,1896,0
26441,16.655500,16.651042,16.019721,0.000000,1.520209,1.520029,0.000055,0.051834,0.018625,1.035083,643,8137943,124766,0,2,0,2,0,0,0,0,0,0,7208,0,4680,2528,0
26442,16.432709,16.312434,15.933471,0.000000,1.311832,1.311653,0.000055,0.047333,0.026500,1.200750,636,8141945,129014,0,2,0,2,0,0,0,0,0,0,5597,0,3510,2087,0
26443,17.142875,16.997246,16.984574,0.000000,0.892292,0.891945,0.000097,0.056375,0.017875,0.896750,629,8072606,132387,0,2,0,2,0,0,0,0,0,0,5406,0,3510,1896,0
26444,16.561541,16.424181,15.478344,0.000000,1.775293,1.774904,0.000138,0.048542,0.010417,0.624584,642,8107054,127119,0,2,0,2,0,0,0,0,0,0,7208,0,4680,2528,0
26445,16.739667,16.606550,15.006834,0.000000,2.299293,2.298945,0.000097,0.062958,0.018542,0.593541,632,8107125,128163,0,2,0,2,0,0,0,0,0,0,5406,0,3510,1896,0
26446,16.622125,16.430409,15.300974,0.000000,1.918502,1.918195,0.000139,0.046667,0.010833,0.610166,627,8076420,128517,0,2,0,2,0,0,0,0,0,0,5406,0,3510,1896,0
26447,16.221333,16.263494,14.403582,0.000000,2.266125,2.257904,0.007888,0.042834,0.061750,1.058917,648,8159430,130376,0,2,0,2,0,0,0,0,0,0,7378,0,4680,2698,0
26448,17.282375,17.123997,17.088785,0.000000,0.292209,0.291862,0.000097,0.082875,0.018000,0.613208,628,8085639,139527,0,2,0,2,0,0,0,0,0,0,5406,0,3510,1896,0
26449,15.801875,15.656503,15.536126,0.000000,1.122333,1.121903,0.000180,0.051000,0.022625,0.901333,637,8112462,130792,0,2,0,4,0,0,0,0,0,0,5863,0,3510,2353,0
26450,17.638959,17.503662,17.492257,0.000000,0.603459,0.602362,0.000888,0.053208,0.020750,1.219917,644,8101506,139212,0,4,0,2,0,0,0,0,0,0,7530,0,4680,2850,0
26451,16.736708,16.588094,16.601594,0.000000,0.000624,0.000000,0.000000,0.068958,0.019792,0.289583,632,8096451,138527,0,0,0,2,0,0,0,0,0,0,5406,0,3510,1896,0
26452,16.657958,16.551421,16.472159,0.000000,0.600250,0.599778,0.000222,0.079542,0.021042,0.589666,632,8102762,129909,0,4,0,2,0,0,0,0,0,0,5406,0,3510,1896,0
26453,16.825500,16.701388,16.564613,0.000000,0.960875,0.960487,0.000138,0.073834,0.016791,0.594875,638,8106921,129386,0,2,0,2,0,0,0,0,0,0,7208,0,4680,2528,0
26454,16.548334,16.443459,16.391368,0.000000,0.440376,0.436237,0.003805,0.069041,0.015125,0.998792,634,8122687,131466,0,2,0,2,0,0,0,0,0,0,5406,0,3510,1896,0
26455,16.599541,16.455620,16.358403,0.000000,0.732501,0.732070,0.000055,0.064292,0.033083,0.595792,631,8107220,130154,0,2,0,2,0,0,0,0,0,0,5406,0,3510,1896,0
26456,16.644917,16.525288,15.839869,0.000000,1.460416,1.459820,0.000180,0.053042,0.018541,0.925333,638,8107005,126711,0,2,0,2,0,0,0,0,0,0,7208,0,4680,2528,0
26457,16.731417,16.575544,15.863858,0.000000,1.519293,1.518987,0.000097,0.054708,0.012625,0.908834,633,8107261,130329,0,2,0,2,0,0,0,0,0,0,5406,0,3510,1896,0
26458,16.584000,16.485264,15.819423,0.000000,1.409958,1.397486,0.012097,0.061625,0.015291,0.288625,634,8091842,128744,0,2,0,2,0,0,0,0,0,0,5406,0,3510,1896,0
26459,16.949541,16.831095,16.207952,0.000000,1.434501,1.433737,0.000180,0.068250,0.020917,0.665126,640,8122497,128250,0,2,0,2,0,0,0,0,0,0,7208,0,4680,2528,0
26460,16.529959,16.423984,16.075253,0.000000,1.151250,1.150862,0.000138,0.087291,0.015625,0.448583,634,8109410,131661,0,2,0,2,0,0,0,0,0,0,5406,0,3510,1896,0
26461,16.379583,16.227363,16.232335,0.000000,0.000207,0.000000,0.000000,0.055208,0.020792,1.501249,634,8120563,130529,0,2,0,2,0,0,0,0,0,0,5603,0,3510,2093,0
26462,17.097208,16.957141,16.919438,0.000000,0.491458,0.491070,0.000138,0.064375,0.014959,0.608792,645,8122313,136951,0,2,0,2,0,0,0,0,0,0,7396,0,4680,2716,0
26463,17.045542,16.969358,16.923942,0.000000,0.503458,0.502945,0.000138,0.076583,0.053834,0.918584,629,8076387,139407,0,2,0,2,0,0,0,0,0,0,5406,0,3510,1896,0
26464,16.671167,16.489500,15.851940,0.000000,1.382001,1.380528,0.001139,0.062666,0.018917,0.932917,631,8092004,127045,0,2,0,2,0,0,0,0,0,0,6835,0,4427,2408,0
26465,16.374291,16.308511,16.221998,0.000000,0.394916,0.387320,0.007263,0.074709,0.032250,0.446666,637,8106881,126562,0,2,0,2,0,0,0,0,0,0,5779,0,3763,2016,0
26466,16.548250,16.398505,16.185090,0.000000,1.055042,1.054570,0.000222,0.065334,0.040458,0.637041,632,8107277,129822,0,2,0,2,0,0,0,0,0,0,5406,0,3510,1896,0
26467,16.811709,16.690966,16.396997,0.000000,1.144041,1.141361,0.002472,0.066083,0.015208,0.289125,642,8122510,129046,0,2,0,2,0,0,0,0,0,0,7209,0,4680,2529,0
26468,16.569375,16.339204,16.148539,0.000000,0.808667,0.808112,0.000180,0.077833,0.029875,0.974958,651,8075985,130796,0,2,0,2,0,0,0,0,0,0,7446,0,3510,3936,0
26469,16.787250,16.758260,16.160800,0.000000,1.252958,1.250070,0.000055,0.067083,0.028625,0.290875,633,8124047,129591,0,2,0,2,0,0,0,0,0,0,5406,0,3510,1896,0
26470,17.284166,17.217986,17.151120,0.000000,0.001542,0.000000,0.000000,0.128084,0.023708,1.258834,641,8132174,128617,0,2,0,2,0,0,0,0,0,0,7208,0,4680,2528,0
26471,16.621709,16.443887,16.232853,0.000000,0.000374,0.000000,0.000000,0.066791,0.029834,0.291750,628,8080826,127916,0,2,0,2,0,0,0,0,0,0,5406,0,3510,1896,0
26472,16.292791,16.205160,15.775248,0.000000,1.156709,1.153487,0.002722,0.099459,0.019083,0.663250,630,8107270,125241,0,2,0,2,0,0,0,0,0,0,5406,0,3510,1896,0
26473,18.350042,18.188332,17.703106,0.000000,0.000500,0.000000,0.000000,0.100542,0.029750,0.623167,642,8122651,126384,0,2,0,2,0,0,0,0,0,0,7208,0,4680,2528,0
26474,16.856167,16.555087,16.516233,0.000000,0.000375,0.000000,0.000000,0.106958,0.016500,0.663000,626,8076216,128400,0,2,0,2,0,0,0,0,0,0,5406,0,3510,1896,0
26475,14.819541,14.863644,14.828489,0.000000,0.000417,0.000000,0.000000,0.071834,0.013791,0.769918,637,8122585,129213,0,2,0,2,0,0,0,0,0,0,5728,0,3510,2218,0
26476,16.527334,16.380831,16.321615,0.000000,0.043750,0.043320,0.000222,0.062416,0.049250,0.479167,639,8122474,134415,0,2,0,2,0,0,0,0,0,0,7208,0,4680,2528,0
26477,16.683875,16.504380,16.239212,0.000000,1.124292,1.123695,0.000180,0.055291,0.012834,1.094083,632,8091851,130357,0,2,0,2,0,0,0,0,0,0,5406,0,3510,1896,0
26478,16.714041,16.680044,16.208838,0.000000,1.280584,1.280070,0.000180,0.066042,0.038042,0.465791,633,8122706,129906,0,2,0,2,0,0,0,0,0,0,5406,0,3510,1896,0
26479,16.626250,16.526960,15.981256,0.000000,1.377500,1.377153,0.000014,0.084667,0.016125,0.962875,642,8107050,125292,0,2,0,2,0,0,0,0,0,0,7208,0,4680,2528,0
26480,16.758459,16.601258,16.364917,0.000000,0.853292,0.838070,0.014805,0.061791,0.044834,0.290625,630,8107303,130179,0,2,0,2,0,0,0,0,0,0,5406,0,3510,1896,0
26481,16.743333,16.555388,16.480675,0.000000,0.107291,0.092528,0.014263,0.066792,0.020833,0.962375,631,8107269,129112,0,2,0,2,0,0,0,0,0,0,5406,0,3510,1896,0
26482,16.458167,16.392602,16.180034,0.000000,1.080209,1.079820,0.000139,0.070458,0.022208,0.642459,640,8106946,127454,0,2,0,2,0,0,0,0,0,0,7208,0,4680,2528,0
26483,16.050333,15.825488,15.743747,0.000000,0.265708,0.255445,0.009930,0.064750,0.014292,0.636791,633,8091776,131372,0,2,0,2,0,0,0,0,0,0,5653,0,3510,2143,0
26484,16.778708,16.713496,16.544748,0.000000,1.049209,1.048862,0.000097,0.057625,0.011959,0.940042,636,8107065,134469,0,2,0,2,0,0,0,0,0,0,5863,0,3510,2353,0
26485,17.210459,17.106842,17.006077,0.000000,0.938376,0.937945,0.000055,0.055166,0.045417,0.652208,641,8107048,132140,0,2,0,2,0,0,0,0,0,0,7208,0,4680,2528,0
26486,16.333333,16.205034,15.795204,0.000000,1.227291,1.224362,0.002763,0.048292,0.012875,0.912791,636,8138084,131395,0,2,0,2,0,0,0,0,0,0,5628,0,3510,2118,0
26487,17.012500,16.943626,16.889245,0.000000,0.580958,0.580528,0.000097,0.081833,0.030709,0.607667,639,8169026,133328,0,2,0,2,0,0,0,0,0,0,5555,0,3510,2045,0
26488,17.386708,17.176988,17.194748,0.000000,0.253208,0.252111,0.000847,0.061125,0.035709,0.756791,633,8014305,132675,0,2,0,2,0,0,0,0,0,0,7208,0,4680,2528,0
26489,16.455084,16.333644,16.270740,0.000000,0.866124,0.865570,0.000138,0.070875,0.019041,1.051083,630,8107486,126745,0,2,0,2,0,0,0,0,0,0,5406,0,3510,1896,0
26490,16.684208,16.562208,15.721221,0.000000,1.543001,1.542612,0.000097,0.075208,0.014084,0.648291,633,8107053,126535,0,2,0,2,0,0,0,0,0,0,5406,0,3510,1896,0
26491,16.276167,16.148946,15.560495,0.000000,1.404832,1.392986,0.011472,0.071208,0.021167,0.909959,642,8107055,121358,0,2,0,2,0,0,0,0,0,0,7208,0,4680,2528,0
26492,16.780916,16.730797,16.564478,0.000000,0.870209,0.869695,0.000180,0.081834,0.028541,0.610084,634,8107234,133381,0,2,0,2,0,0,0,0,0,0,5406,0,3510,1896,0
26493,16.643625,16.489947,16.401215,0.000000,0.252000,0.242653,0.009055,0.063875,0.030417,0.960041,632,8107249,129214,0,2,0,2,0,0,0,0,0,0,5406,0,3510,1896,0
26494,16.654250,16.482140,16.418342,0.000000,0.124792,0.124278,0.000097,0.074875,0.015959,0.612834,642,8130487,128394,0,2,0,2,0,0,0,0,0,0,7208,0,4680,2528,0
26495,16.186792,16.023001,15.463328,0.000000,1.390624,1.390195,0.000096,0.062500,0.016292,0.755958,634,8083741,131003,0,2,0,2,0,0,0,0,0,0,5687,0,3510,2177,0
26496,17.296250,17.152425,16.974134,0.000000,0.636666,0.621778,0.014472,0.084250,0.043125,0.665916,630,8091780,133002,0,2,0,2,0,0,0,0,0,0,5406,0,3510,1896,0
26497,15.994792,15.955881,15.853979,0.000000,0.642542,0.642153,0.000055,0.065875,0.015083,0.302459,646,8153422,127430,0,2,0,2,0,0,0,0,0,0,7411,0,4680,2731,0
26498,17.366875,17.116374,17.003629,0.000000,0.912875,0.912570,0.000096,0.075625,0.027458,0.903375,629,8060966,130532,0,2,0,2,0,0,0,0,0,0,5406,0,3510,1896,0
26499,16.460375,16.432034,15.777291,0.000000,1.466000,1.465695,0.000055,0.060625,0.025000,0.471208,633,8122531,123588,0,2,0,2,0,0,0,0,0,0,5406,0,3510,1896,0
26500,16.708750,16.638498,15.802758,0.000000,1.536210,1.535820,0.000097,0.061833,0.035833,0.777958,646,8153312,126326,0,2,0,2,0,0,0,0,0,0,7357,0,4680,2677,0
26501,17.346875,17.179784,17.038006,0.000000,0.988876,0.986029,0.002513,0.069791,0.014667,0.457584,630,8061001,135734,0,2,0,2,0,0,0,0,0,0,5406,0,3510,1896,0
26502,16.932041,16.865366,16.084463,0.000000,1.495791,1.495153,0.000180,0.088459,0.031208,0.705042,631,8122624,125151,0,2,0,2,0,0,0,0,0,0,5406,0,3510,1896,0
26503,16.225292,16.066423,15.707571,0.000000,1.124917,1.124236,0.000180,0.069292,0.014083,0.305084,640,8098735,121760,0,2,0,2,0,0,0,0,0,0,7208,0,4680,2528,0
26504,16.348000,16.117775,15.375774,0.000000,1.521209,1.520529,0.000263,0.061208,0.014125,0.752874,631,8084722,122703,0,2,0,2,0,0,0,0,0,0,5406,0,3510,1896,0
26505,16.916208,16.781440,16.653211,0.000000,0.490709,0.453820,0.036597,0.059917,0.015500,0.603501,632,8107213,128270,0,2,0,2,0,0,0,0,0,0,5406,0,3510,1896,0
26506,16.616917,16.559650,16.520738,0.000000,0.114500,0.111736,0.002347,0.076875,0.015792,0.469125,640,8122515,126266,0,2,0,2,0,0,0,0,0,0,7208,0,4680,2528,0
26507,16.832375,16.713787,16.392450,0.000000,1.130749,1.130237,0.000221,0.080833,0.013875,0.692000,634,8107278,129155,0,2,0,2,0,0,0,0,0,0,5406,0,3510,1896,0
26508,16.794292,16.667446,16.621072,0.000000,0.563417,0.562903,0.000180,0.057541,0.021042,0.444916,628,8107231,125622,0,2,0,2,0,0,0,0,0,0,5406,0,3510,1896,0
26509,16.196500,16.003682,15.948036,0.000000,0.691750,0.688570,0.002889,0.070291,0.021334,1.092875,640,8107353,122254,0,2,0,2,0,0,0,0,0,0,7208,0,4680,2528,0
26510,16.903125,16.839339,15.853403,0.000000,1.720500,1.719862,0.000138,0.066500,0.013708,0.289959,633,8106977,127023,0,2,0,2,0,0,0,0,0,0,5406,0,3510,1896,0
26511,16.593791,16.499127,15.225629,0.000000,1.939708,1.939153,0.000222,0.062250,0.036875,0.943541,635,8111820,124074,0,2,0,2,0,0,0,0,0,0,5406,0,3510,1896,0
26512,16.144959,15.960334,15.804078,0.000000,0.832624,0.832153,0.000055,0.053291,0.014167,0.607875,642,8133382,123177,0,2,0,2,0,0,0,0,0,0,7411,0,4680,2731,0
26513,17.004583,16.873372,16.265123,0.000000,1.461082,1.460820,0.000055,0.063250,0.014583,0.993666,630,8076374,129638,0,2,0,2,0,0,0,0,0,0,5406,0,3510,1896,0
26514,16.802750,16.754801,15.706248,0.000000,1.742624,1.742278,0.000138,0.065417,0.035000,0.590042,632,8107230,125126,0,2,0,2,0,0,0,0,0,0,5406,0,3510,1896,0
26515,16.583500,16.323336,15.386774,0.000000,1.724499,1.724070,0.000180,0.051625,0.012667,0.446250,638,8091750,123225,0,2,0,2,0,0,0,0,0,0,7208,0,4680,2528,0
26516,16.894000,16.785388,15.620077,0.000000,1.822375,1.821779,0.000138,0.074333,0.018375,0.686750,633,8107203,125248,0,2,0,2,0,0,0,0,0,0,5406,0,3510,1896,0
26517,16.629167,16.618889,15.410634,0.000000,1.898834,1.896987,0.001638,0.071583,0.030958,0.609666,635,8122675,124622,0,2,0,2,0,0,0,0,0,0,5989,0,3581,2408,0
26518,16.796916,16.606425,15.683847,0.000000,1.681584,1.674778,0.006597,0.058500,0.038042,0.983167,637,8107069,125146,0,2,0,2,0,0,0,0,0,0,6625,0,4609,2016,0
26519,16.598625,16.422657,14.974745,0.000000,2.097916,2.097487,0.000221,0.058459,0.014875,0.609750,632,8091858,122911,0,2,0,2,0,0,0,0,0,0,5406,0,3510,1896,0
26520,16.586209,16.470875,15.231538,0.000000,1.970666,1.970237,0.000138,0.059375,0.015583,0.746583,640,8122712,123147,0,2,0,2,0,0,0,0,0,0,7208,0,4680,2528,0
26521,16.583083,16.510334,15.463206,0.000000,1.760625,1.760278,0.000139,0.051208,0.012917,1.247833,634,8106988,124393,0,2,0,2,0,0,0,0,0,0,5406,0,3510,1896,0
26522,16.997375,16.791680,16.729217,0.000000,0.335500,0.335070,0.000096,0.109500,0.020833,1.156292,630,8091810,125313,0,2,0,2,0,0,0,0,0,0,5406,0,3510,1896,0
26523,15.791000,15.686677,15.564629,0.000000,0.796001,0.788487,0.007222,0.050333,0.047625,0.916125,642,8122365,122699,0,2,0,2,0,0,0,0,0,0,7665,0,4680,2985,0
26524,16.647125,16.540741,16.553369,0.000000,0.007626,0.007320,0.000055,0.058875,0.014042,0.536625,637,8107023,143754,0,2,0,2,0,0,0,0,0,0,6007,0,3510,2497,0
26525,17.385000,17.295100,16.884327,0.000000,1.243167,1.242654,0.000138,0.081500,0.022958,0.778043,633,8122689,132853,0,2,0,2,0,0,0,0,0,0,5406,0,3510,1896,0
26526,16.742833,16.649474,16.507368,0.000000,0.853208,0.852862,0.000097,0.067459,0.021208,0.323250,642,8107041,125001,0,2,0,2,0,0,0,0,0,0,7208,0,4680,2528,0
26527,16.686875,16.523416,15.716031,0.000000,1.552292,1.551736,0.000347,0.064584,0.019708,0.955833,631,8096099,127750,0,2,0,2,0,0,0,0,0,0,5406,0,3510,1896,0
26528,16.603167,16.536868,16.311856,0.000000,1.093292,1.092862,0.000096,0.057333,0.054750,0.950834,632,8118451,126510,0,2,0,2,0,0,0,0,0,0,5406,0,3510,1896,0
26529,16.679292,16.534262,15.291180,0.000000,1.948124,1.947362,0.000513,0.066750,0.020083,0.646041,641,8107012,122284,0,2,0,2,0,0,0,0,0,0,7208,0,4680,2528,0
26530,16.692916,16.448282,15.594917,0.000000,1.623834,1.620528,0.002889,0.061625,0.024417,0.604416,629,8076535,127145,0,2,0,2,0,0,0,0,0,0,5406,0,3510,1896,0
26531,16.739167,16.612996,15.549015,0.000000,1.787833,1.787487,0.000055,0.062250,0.018042,0.650459,633,8107102,125841,0,2,0,2,0,0,0,0,0,0,5406,0,3510,1896,0
26532,15.816750,15.721134,14.240274,0.000000,2.118791,2.117903,0.000513,0.045917,0.015291,1.201125,643,8106974,123550,0,2,0,2,0,0,0,0,0,0,7530,0,4680,2850,0
26533,18.134625,18.058256,17.871793,0.000000,0.434874,0.434361,0.000180,0.084792,0.020458,0.644167,635,8138106,135171,0,2,0,2,0,0,0,0,0,0,5406,0,3510,1896,0
26534,16.342833,16.331014,16.277802,0.000000,0.220667,0.205570,0.014930,0.133584,0.026541,0.938250,632,8107301,127391,0,2,0,2,0,0,0,0,0,0,5406,0,3510,1896,0
26535,16.380542,16.190791,16.045500,0.000000,1.027041,1.026570,0.000138,0.065875,0.031750,0.290167,641,8107000,123351,0,2,0,2,0,0,0,0,0,0,7208,0,4680,2528,0
26536,16.027750,15.899423,15.111602,0.000000,1.600624,1.592736,0.007597,0.071625,0.029542,1.002083,634,8107205,128939,0,2,0,2,0,0,0,0,0,0,5712,0,3510,2202,0
26537,17.817875,17.598857,17.591138,0.000000,0.000292,0.000000,0.000000,0.065458,0.016125,1.110791,628,8076315,148342,0,2,0,2,0,0,0,0,0,0,5406,0,3510,1896,0
26538,16.281833,16.203320,16.207925,0.000000,0.095459,0.082945,0.012180,0.068500,0.018334,0.464167,640,8137977,124604,0,2,0,2,0,0,0,0,0,0,7208,0,4680,2528,0
26539,16.703667,16.531247,15.839014,0.000000,1.493457,1.488986,0.000180,0.060042,0.014875,0.740084,630,8076329,126796,0,2,0,2,0,0,0,0,0,0,5406,0,3510,1896,0
26540,16.696625,16.550782,16.187178,0.000000,1.189750,1.186779,0.000138,0.067667,0.015041,0.455250,630,8107283,123107,0,2,0,2,0,0,0,0,0,0,5406,0,3510,1896,0
26541,16.670625,16.566416,16.568827,0.000000,0.000458,0.000000,0.000000,0.069500,0.014125,1.055959,640,8137985,125432,0,2,0,2,0,0,0,0,0,0,7208,0,4680,2528,0
26542,16.939917,16.785795,16.357572,0.000000,1.203209,1.202611,0.000139,0.074541,0.016000,0.292833,630,8076286,126648,0,2,0,2,0,0,0,0,0,0,5406,0,3510,1896,0
26543,16.356833,16.331673,16.230572,0.000000,0.705625,0.705070,0.000138,0.061500,0.012333,0.782666,633,8122705,124345,0,2,0,2,0,0,0,0,0,0,5406,0,3510,1896,0
26544,16.635417,16.458406,16.314277,0.000000,0.860750,0.860237,0.000138,0.062833,0.026542,0.593125,641,8122492,123745,0,2,0,2,0,0,0,0,0,0,7208,0,4680,2528,0
26545,17.072666,16.880894,16.370279,0.000000,1.264083,1.259278,0.004305,0.096917,0.021375,0.445792,630,8076378,127289,0,2,0,2,0,0,0,0,0,0,5406,0,3510,1896,0
26546,16.491209,16.350531,16.014746,0.000000,1.180000,1.179612,0.000138,0.063041,0.014917,0.594875,631,8107258,123403,0,2,0,2,0,0,0,0,0,0,5406,0,3510,1896,0
26547,16.422541,16.442213,15.860546,0.000000,1.356709,1.356237,0.000180,0.067667,0.047583,0.617042,643,8144334,125117,0,2,0,2,0,0,0,0,0,0,7208,0,4680,2528,0
26548,16.692459,16.543670,16.456207,0.000000,0.933792,0.933403,0.000139,0.055125,0.036750,0.778208,631,8085439,125783,0,2,0,2,0,0,0,0,0,0,5406,0,3510,1896,0
26549,16.651583,16.520638,16.312401,0.000000,1.064208,1.063820,0.000096,0.073292,0.023791,0.610375,632,8107232,123982,0,2,0,2,0,0,0,0,0,0,5406,0,3510,1896,0
26550,16.715042,16.597136,15.428425,0.000000,1.903167,1.863737,0.039097,0.062166,0.036250,0.809333,642,8137991,124943,0,2,0,2,0,0,0,0,0,0,7208,0,4680,2528,0
26551,16.826041,16.663223,15.704103,0.000000,1.719708,1.711778,0.007680,0.059792,0.012792,0.927542,631,8077486,127631,0,2,0,2,0,0,0,0,0,0,5406,0,3510,1896,0
26552,16.707459,16.607888,15.263968,0.000000,2.005333,2.004612,0.000471,0.077791,0.015500,0.311042,633,8121514,122388,0,2,0,2,0,0,0,0,0,0,5406,0,3510,1896,0
26553,17.450541,17.332211,17.318702,0.000000,0.000459,0.000000,0.000000,0.063042,0.030417,0.961416,639,8122579,133282,0,2,0,2,0,0,0,0,0,0,7208,0,4680,2528,0
26554,16.072792,15.926769,15.920134,0.000000,0.000542,0.000000,0.000000,0.054667,0.027125,0.593166,635,8122657,131473,0,2,0,2,0,0,0,0,0,0,5406,0,3510,1896,0
26555,16.436042,16.267015,16.217580,0.000000,0.515416,0.514987,0.000138,0.067208,0.024583,0.758499,628,8060880,133840,0,2,0,2,0,0,0,0,0,0,5406,0,3510,1896,0
26556,16.680375,16.614464,16.301344,0.000000,1.138749,1.138278,0.000138,0.068500,0.035500,0.494458,639,8122536,131203,0,2,0,2,0,0,0,0,0,0,7208,0,4680,2528,0
26557,16.607500,16.369164,16.342289,0.000000,0.245418,0.244820,0.000180,0.059416,0.032542,0.752458,629,8076326,132679,0,2,0,2,0,0,0,0,0,0,5406,0,3510,1896,0
26558,16.809541,16.689501,16.556920,0.000000,0.089499,0.089029,0.000096,0.066209,0.018583,0.305042,633,8122777,128940,0,2,0,2,0,0,0,0,0,0,5406,0,3510,1896,0
26559,16.631000,16.554705,16.459782,0.000000,0.522749,0.522195,0.000138,0.063584,0.023250,0.747500,639,8106965,130587,0,2,0,2,0,0,0,0,0,0,7208,0,4680,2528,0
26560,16.661750,16.501826,16.346592,0.000000,1.033250,1.032528,0.000222,0.066042,0.024333,0.908333,633,8107337,133907,0,2,0,2,0,0,0,0,0,0,5406,0,3510,1896,0
26561,16.715459,16.656746,15.842091,0.000000,1.568583,1.568070,0.000221,0.060125,0.031916,0.610958,630,8107184,128274,0,2,0,2,0,0,0,0,0,0,5406,0,3510,1896,0
26562,16.825791,16.761995,16.160809,0.000000,1.391584,1.383278,0.007930,0.102500,0.070459,0.664042,642,8142367,130937,0,2,0,2,0,0,0,0,0,0,7208,0,4680,2528,0
26563,16.579834,16.289097,16.165949,0.000000,0.506792,0.506486,0.000180,0.059833,0.018667,0.309917,629,8056597,130451,0,2,0,2,0,0,0,0,0,0,5406,0,3510,1896,0
26564,15.921625,15.839447,15.219244,0.000000,1.444627,1.444279,0.000055,0.055333,0.050125,0.937917,636,8122616,128675,0,2,0,2,0,0,0,0,0,0,5653,0,3510,2143,0
26565,17.490250,17.371483,17.202578,0.000000,0.751249,0.734653,0.016222,0.062583,0.021208,0.298875,638,8096201,137829,0,2,0,2,0,0,0,0,0,0,7208,0,4680,2528,0
26566,16.929666,16.876972,16.856923,0.000000,0.000541,0.000000,0.000000,0.071709,0.017833,0.768417,635,8133489,129599,0,2,0,2,0,0,0,0,0,0,5406,0,3510,1896,0
26567,16.458209,16.309058,16.158106,0.000000,0.858542,0.858154,0.000096,0.070125,0.029000,0.906209,630,8091811,126984,0,2,0,2,0,0,0,0,0,0,5406,0,3510,1896,0
26568,16.567166,16.459708,16.357909,0.000000,0.749874,0.744320,0.005180,0.078125,0.029292,0.468083,648,8199692,132372,0,2,0,2,0,0,0,0,0,0,7357,0,4680,2677,0
26569,18.069417,17.841892,17.855583,0.000000,0.000417,0.000000,0.000000,0.069833,0.027125,1.509959,625,8014581,137087,0,2,0,2,0,0,0,0,0,0,5406,0,3510,1896,0
26570,15.573042,15.457442,15.172465,0.000000,0.241500,0.241195,0.000055,0.078583,0.021167,0.291584,633,8107468,124849,0,2,0,2,0,0,0,0,0,0,6944,0,4536,2408,0
26571,16.787375,16.663495,16.506211,0.000000,1.031293,1.006778,0.024097,0.081000,0.024583,0.681250,639,8111420,127065,0,2,0,2,0,0,0,0,0,0,5670,0,3654,2016,0
26572,16.528291,16.442030,16.069825,0.000000,1.176792,1.175945,0.000222,0.078209,0.022875,0.610583,633,8118335,125099,0,2,0,2,0,0,0,0,0,0,5406,0,3510,1896,0
26573,16.457209,16.278116,16.205583,0.000000,0.426874,0.425404,0.001138,0.076458,0.019542,0.584667,640,8106912,126177,0,2,0,2,0,0,0,0,0,0,7208,0,4680,2528,0
26574,16.795666,16.593300,16.448784,0.000000,0.985375,0.981070,0.003888,0.065917,0.024042,0.580750,635,8076328,129783,0,2,0,2,0,0,0,0,0,0,5919,0,3510,2409,0
26575,16.882875,16.853164,16.219359,0.000000,1.317001,1.316528,0.000097,0.085875,0.024959,0.648833,648,8122390,130218,0,2,0,2,0,0,0,0,0,0,6934,0,3510,3424,0
26576,19.574250,19.447865,17.707146,0.000000,0.000458,0.000000,0.000000,0.093125,0.021959,0.584792,641,8122521,124460,0,2,0,2,0,0,0,0,0,0,7208,0,4680,2528,0
26577,15.757625,15.586188,15.489157,0.000000,0.000626,0.000000,0.000000,0.066459,0.036791,0.610250,629,8091884,127895,0,2,0,2,0,0,0,0,0,0,5406,0,3510,1896,0
26578,15.385417,15.291681,15.270386,0.000000,0.000417,0.000000,0.000000,0.061375,0.045125,0.989418,631,8107193,125974,0,2,0,2,0,0,0,0,0,0,5406,0,3510,1896,0
26579,15.768500,15.609105,15.471220,0.000000,0.682250,0.681654,0.000221,0.059208,0.014417,0.607666,640,8107050,121861,0,2,0,2,0,0,0,0,0,0,7208,0,4680,2528,0
26580,16.336292,16.098001,16.076863,0.000000,0.000375,0.000000,0.000000,0.058625,0.025958,1.152376,630,8092029,129237,0,2,0,2,0,0,0,0,0,0,5550,0,3510,2040,0
26581,16.907875,16.842749,16.807010,0.000000,0.266292,0.265986,0.000097,0.063291,0.037500,0.607750,632,8122657,134159,0,2,0,2,0,0,0,0,0,0,5406,0,3510,1896,0
26582,16.624791,16.529003,15.766557,0.000000,1.520292,1.519612,0.000180,0.056209,0.013375,0.997125,641,8106837,123962,0,2,0,2,0,0,0,0,0,0,7208,0,4680,2528,0
26583,16.791125,16.666543,15.980036,0.000000,1.448583,1.416528,0.031763,0.067334,0.019125,1.248916,632,8122741,130041,0,2,0,2,0,0,0,0,0,0,5406,0,3510,1896,0
26584,16.632250,16.518151,15.618928,0.000000,1.589916,1.589486,0.000139,0.061125,0.017959,0.610541,632,8107226,127971,0,2,0,2,0,0,0,0,0,0,5406,0,3510,1896,0
26585,16.229917,16.103370,15.248227,0.000000,1.622458,1.614904,0.007138,0.047792,0.012583,0.595625,643,8122436,127572,0,2,0,2,0,0,0,0,0,0,7361,0,4680,2681,0
26586,17.115708,17.028670,16.938743,0.000000,0.813583,0.813195,0.000055,0.072834,0.022166,0.618917,629,8091806,137798,0,2,0,2,0,0,0,0,0,0,5406,0,3510,1896,0
26587,16.673209,16.615381,16.031376,0.000000,1.386916,1.381028,0.005680,0.130583,0.033583,0.948251,633,8122692,128827,0,2,0,2,0,0,0,0,0,0,5406,0,3510,1896,0
26588,16.602791,16.409956,16.265045,0.000000,0.836541,0.836070,0.000180,0.058750,0.016459,0.569750,639,8076233,123602,0,2,0,2,0,0,0,0,0,0,7208,0,4680,2528,0
26589,16.838542,16.680794,16.104429,0.000000,1.366958,1.366445,0.000180,0.073000,0.014208,0.599500,633,8122630,129961,0,2,0,2,0,0,0,0,0,0,5406,0,3510,1896,0
26590,16.544417,16.466414,16.088698,0.000000,1.240709,1.240195,0.000139,0.064500,0.014875,0.965583,629,8103258,129191,0,2,0,2,0,0,0,0,0,0,5406,0,3510,1896,0
26591,15.980208,15.810099,14.800260,0.000000,1.726749,1.726445,0.000096,0.057208,0.019375,0.608833,643,8095473,127186,0,2,0,2,0,0,0,0,0,0,7530,0,4680,2850,0
26592,17.436167,17.394122,17.396202,0.000000,0.005208,0.004945,0.000013,0.059583,0.054792,0.930876,634,8138159,137902,0,2,0,2,0,0,0,0,0,0,5406,0,3510,1896,0
26593,17.364916,17.150811,16.277442,0.000000,1.458500,1.451736,0.006014,0.081792,0.019458,0.651917,631,8091807,130408,0,2,0,2,0,0,0,0,0,0,5406,0,3510,1896,0
26594,16.320584,16.212206,16.066950,0.000000,0.567917,0.567529,0.000180,0.070250,0.013458,0.809000,639,8091716,126001,0,2,0,2,0,0,0,0,0,0,7208,0,4680,2528,0
26595,16.485583,16.333869,16.289172,0.000000,0.109124,0.096028,0.012555,0.057458,0.046292,0.638833,633,8122924,132148,0,2,0,2,0,0,0,0,0,0,5406,0,3510,1896,0
26596,16.711792,16.589000,16.367731,0.000000,0.835833,0.824278,0.011180,0.079666,0.049334,0.994624,632,8106915,128798,0,2,0,2,0,0,0,0,0,0,5406,0,3510,1896,0
26597,16.623833,16.501713,16.131660,0.000000,1.050209,1.045862,0.004096,0.065292,0.014375,0.677125,639,8091637,125224,0,2,0,2,0,0,0,0,0,0,7208,0,4680,2528,0
26598,16.604292,16.437629,16.109879,0.000000,1.165127,1.159612,0.005097,0.080041,0.024500,1.140707,631,8122669,130758,0,2,0,2,0,0,0,0,0,0,5406,0,3510,1896,0
26599,16.747791,16.651500,16.555337,0.000000,0.725625,0.725195,0.000180,0.065459,0.035708,0.909751,633,8091811,129324,0,2,0,2,0,0,0,0,0,0,5406,0,3510,1896,0
26600,16.230500,16.144366,16.022408,0.000000,0.863499,0.862987,0.000096,0.055125,0.015709,0.445958,641,8122445,126187,0,2,0,2,0,0,0,0,0,0,7392,0,4680,2712,0
26601,17.179917,17.001121,16.984877,0.000000,0.000333,0.000000,0.000000,0.059583,0.016667,0.766208,631,8091804,139584,0,2,0,2,0,0,0,0,0,0,5406,0,3510,1896,0
26602,16.910667,16.894918,16.393158,0.000000,1.250291,1.249945,0.000055,0.107416,0.015459,0.297875,634,8138141,129952,0,2,0,2,0,0,0,0,0,0,5406,0,3510,1896,0
26603,15.903625,15.719511,15.706862,0.000000,0.000499,0.000000,0.000000,0.052166,0.039917,1.118501,645,8122386,128253,0,2,0,2,0,0,0,0,0,0,7665,0,4680,2985,0
26604,17.305000,17.154913,17.069153,0.000000,0.600251,0.595195,0.000347,0.058708,0.040458,0.661209,629,8076306,138269,0,2,0,2,0,0,0,0,0,0,5406,0,3510,1896,0
26605,16.551041,16.442049,16.381545,0.000000,0.288666,0.288111,0.000180,0.065375,0.013292,0.778375,631,8107299,129466,0,2,0,2,0,0,0,0,0,0,5406,0,3510,1896,0
26606,16.726625,16.628892,16.419588,0.000000,0.945624,0.945195,0.000263,0.076125,0.037459,1.080125,639,8107028,126999,0,2,0,2,0,0,0,0,0,0,7208,0,4680,2528,0
26607,16.662167,16.548992,16.180644,0.000000,1.175667,1.174903,0.000347,0.055917,0.037375,0.493125,632,8107502,131566,0,2,0,2,0,0,0,0,0,0,5406,0,3510,1896,0
26608,16.650625,16.515586,16.010705,0.000000,1.310334,1.304445,0.005514,0.067750,0.022208,0.610042,633,8106997,130387,0,2,0,2,0,0,0,0,0,0,5406,0,3510,1896,0
26609,16.606417,16.515983,15.634963,0.000000,1.591624,1.591195,0.000180,0.063666,0.046042,0.608250,640,8112335,125932,0,2,0,2,0,0,0,0,0,0,7208,0,4680,2528,0
26610,16.695166,16.457042,15.831700,0.000000,1.431125,1.430778,0.000055,0.049834,0.012625,0.763708,630,8086650,129999,0,2,0,2,0,0,0,0,0,0,5406,0,3510,1896,0
26611,16.714750,16.667733,15.795726,0.000000,1.654542,1.654153,0.000139,0.068000,0.019834,0.614292,634,8122585,128950,0,2,0,2,0,0,0,0,0,0,5406,0,3510,1896,0
26612,16.917084,16.755279,16.631272,0.000000,0.926333,0.925945,0.000221,0.062250,0.014250,0.933250,641,8091931,124716,0,2,0,2,0,0,0,0,0,0,7208,0,4680,2528,0
26613,15.833666,15.682076,15.582336,0.000000,0.866125,0.865570,0.000180,0.057334,0.012625,0.610833,631,8106840,132534,0,2,0,2,0,0,0,0,0,0,5653,0,3510,2143,0
26614,17.319792,17.202378,17.148295,0.000000,0.254793,0.241195,0.013389,0.069375,0.046083,0.904542,632,8107276,134249,0,2,0,2,0,0,0,0,0,0,5406,0,3510,1896,0
26615,16.073750,15.876045,15.300724,0.000000,1.351125,1.349570,0.001263,0.056625,0.013583,1.238333,640,8091627,124731,0,2,0,2,0,0,0,0,0,0,7405,0,4680,2725,0
26616,17.147792,17.129000,16.643954,0.000000,1.363042,1.348820,0.013930,0.059500,0.013500,0.476541,636,8168944,135371,0,2,0,2,0,0,0,0,0,0,5594,0,3510,2084,0
26617,17.292416,17.127456,17.084054,0.000000,0.071541,0.060653,0.007930,0.061209,0.031625,0.920208,630,8060889,137792,0,2,0,2,0,0,0,0,0,0,5406,0,3510,1896,0
26618,17.010834,16.890944,16.243313,0.000000,1.456751,1.456154,0.000180,0.063166,0.024667,0.615750,641,8107063,126129,0,2,0,2,0,0,0,0,0,0,7208,0,4680,2528,0
26619,15.956958,15.837915,15.793837,0.000000,0.000500,0.000000,0.000000,0.072042,0.036625,0.758750,630,8107270,131134,0,2,0,2,0,0,0,0,0,0,5406,0,3510,1896,0
26620,16.792583,16.646930,16.516667,0.000000,0.519417,0.513653,0.005514,0.068459,0.034500,0.608584,633,8122679,133969,0,2,0,2,0,0,0,0,0,0,5406,0,3510,1896,0
26621,16.663125,16.605365,16.406247,0.000000,0.328833,0.328570,0.000055,0.070209,0.021416,0.974625,640,8091677,133225,0,2,0,2,0,0,0,0,0,0,7208,0,4680,2528,0
26622,16.878959,16.721539,16.540577,0.000000,0.312583,0.311987,0.000138,0.099000,0.045791,0.906459,632,8107183,133212,0,2,0,2,0,0,0,0,0,0,5406,0,3510,1896,0
26623,16.383250,16.241163,16.110487,0.000000,0.311501,0.311070,0.000139,0.062916,0.014334,0.529500,632,8107312,133089,0,2,0,2,0,0,0,0,0,0,6944,0,4536,2408,0
26624,16.708291,16.632624,16.478635,0.000000,0.603375,0.602945,0.000138,0.070000,0.018042,1.270209,637,8107034,131200,0,2,0,2,0,0,0,0,0,0,5670,0,3654,2016,0
26625,16.151167,16.048348,15.805118,0.000000,0.788333,0.787403,0.000472,0.093583,0.057625,0.667625,632,8107272,130944,0,2,0,2,0,0,0,0,0,0,5653,0,3510,2143,0
26626,19.570042,19.394586,18.721788,0.000000,0.000624,0.000000,0.000000,0.093083,0.039750,0.648001,641,8137851,136242,0,2,0,2,0,0,0,0,0,0,7208,0,4680,2528,0
26627,16.279250,16.166325,15.984752,0.000000,0.000417,0.000000,0.000000,0.077041,0.024250,0.716999,630,8076414,128777,0,2,0,2,0,0,0,0,0,0,5406,0,3510,1896,0
26628,16.220333,16.047452,16.048012,0.000000,0.000375,0.000000,0.000000,0.066417,0.020166,0.451750,630,8122706,128263,0,2,0,2,0,0,0,0,0,0,5406,0,3510,1896,0
26629,15.927750,15.836408,15.853414,0.000000,0.000292,0.000000,0.000000,0.060292,0.031083,1.262291,646,8137839,129777,0,2,0,2,0,0,0,0,0,0,7367,0,4680,2687,0
26630,17.977083,17.774632,17.753398,0.000000,0.000334,0.000000,0.000000,0.057500,0.021167,0.618875,627,8060930,137472,0,2,0,2,0,0,0,0,0,0,5406,0,3510,1896,0
26631,16.841792,16.708932,16.722396,0.000000,0.000459,0.000000,0.000000,0.080542,0.021208,0.940208,629,8111791,129318,0,2,0,2,0,0,0,0,0,0,5406,0,3510,1896,0
26632,16.236833,16.122197,16.117905,0.000000,0.000333,0.000000,0.000000,0.073959,0.034791,0.609708,640,8102549,128458,0,2,0,2,0,0,0,0,0,0,7208,0,4680,2528,0
26633,15.401667,15.266701,15.247573,0.000000,0.000334,0.000000,0.000000,0.059875,0.021458,0.929042,634,8122669,128999,0,2,0,2,0,0,0,0,0,0,5406,0,3510,1896,0
26634,16.646125,16.620454,16.621744,0.000000,0.000374,0.000000,0.000000,0.147792,0.041458,0.610083,632,8117851,133408,0,2,0,2,0,0,0,0,0,0,5406,0,3510,1896,0
26635,16.268667,16.006592,15.943606,0.000000,0.200374,0.199736,0.000180,0.054166,0.019542,1.273292,636,8081059,129683,0,2,0,2,0,0,0,0,0,0,7208,0,4680,2528,0
26636,16.718583,16.614917,16.373463,0.000000,0.709999,0.709570,0.000138,0.070375,0.015333,0.607916,634,8122690,133026,0,2,0,2,0,0,0,0,0,0,5406,0,3510,1896,0
26637,16.750625,16.509628,16.449344,0.000000,0.091875,0.087112,0.004305,0.085292,0.019666,0.689375,630,8076510,131683,0,2,0,2,0,0,0,0,0,0,5406,0,3510,1896,0
26638,19.426292,19.364526,18.795822,0.000000,0.000501,0.000000,0.000000,0.136583,0.068958,0.579292,641,8127595,127657,0,2,0,2,0,0,0,0,0,0,7208,0,4680,2528,0
26639,22.908541,22.812709,21.788551,0.000000,0.000916,0.000000,0.000000,0.108375,0.020917,0.596708,633,8101966,129143,0,2,0,2,0,0,0,0,0,0,5406,0,3510,1896,0
26640,17.682375,17.456283,17.318746,0.000000,0.000500,0.000000,0.000000,0.076792,0.023833,0.927084,633,8107302,128695,0,2,0,2,0,0,0,0,0,0,5406,0,3510,1896,0
26641,17.289500,17.170175,17.160913,0.000000,0.000709,0.000000,0.000000,0.105042,0.020083,0.292583,639,8107125,127858,0,2,0,2,0,0,0,0,0,0,7208,0,4680,2528,0
26642,17.081167,16.941587,16.872404,0.000000,0.000250,0.000000,0.000000,0.056167,0.014916,0.900875,636,8138220,129974,0,2,0,2,0,0,0,0,0,0,5628,0,3510,2118,0
26643,15.829667,15.596594,15.601701,0.000000,0.000374,0.000000,0.000000,0.051291,0.013542,0.614125,628,8060656,134047,0,2,0,2,0,0,0,0,0,0,5406,0,3510,1896,0
26644,15.164958,15.189048,15.177508,0.000000,0.000250,0.000000,0.000000,0.057333,0.046250,0.736791,644,8157610,128831,0,2,0,2,0,0,0,0,0,0,7208,0,4680,2528,0
26645,15.458292,15.264427,15.275393,0.000000,0.000209,0.000000,0.000000,0.041916,0.022584,0.445584,629,8072064,127678,0,2,0,2,0,0,0,0,0,0,5645,0,3510,2135,0
26646,16.448875,16.325206,16.343693,0.000000,0.000208,0.000000,0.000000,0.050708,0.012292,0.747084,632,8107328,134154,0,2,0,2,0,0,0,0,0,0,5406,0,3510,1896,0
26647,14.583708,14.432121,14.444873,0.000000,0.000250,0.000000,0.000000,0.046333,0.009459,0.446000,640,8107051,126942,0,2,0,2,0,0,0,0,0,0,7208,0,4680,2528,0
26648,14.622917,14.561419,14.578579,0.000000,0.000292,0.000000,0.000000,0.051333,0.015167,0.736458,633,8107182,128809,0,2,0,2,0,0,0,0,0,0,5406,0,3510,1896,0
26649,15.368416,15.219339,15.210719,0.000000,0.000249,0.000000,0.000000,0.058167,0.046125,0.447500,632,8107266,129397,0,2,0,2,0,0,0,0,0,0,5406,0,3510,1896,0
26650,14.828292,14.651873,14.670376,0.000000,0.254958,0.254653,0.000139,0.050958,0.009834,0.445292,640,8107165,125316,0,2,0,2,0,0,0,0,0,0,7208,0,4680,2528,0
26651,17.180333,17.131889,16.669119,0.000000,1.393083,1.392612,0.000138,0.081709,0.034083,0.739249,632,8107139,128753,0,2,0,2,0,0,0,0,0,0,5406,0,3510,1896,0
26652,15.908125,15.797969,15.790111,0.000000,0.000292,0.000000,0.000000,0.045459,0.049083,0.608834,636,8122595,127744,0,2,0,2,0,0,0,0,0,0,5728,0,3510,2218,0
26653,17.299917,17.188203,16.262910,0.000000,1.583333,1.582778,0.000264,0.081750,0.039292,0.809625,641,8122482,134192,0,2,0,2,0,0,0,0,0,0,7208,0,4680,2528,0
26654,16.982833,16.710378,16.626002,0.000000,1.072458,1.072195,0.000055,0.051250,0.018709,0.897500,627,8060925,127190,0,2,0,2,0,0,0,0,0,0,5406,0,3510,1896,0
26655,16.471375,16.418758,16.385482,0.000000,0.301750,0.301403,0.000055,0.048834,0.044583,0.625875,633,8122718,128608,0,2,0,2,0,0,0,0,0,0,5406,0,3510,1896,0
26656,16.233334,16.085217,15.231302,0.000000,1.706626,1.706278,0.000180,0.047291,0.043542,0.971500,643,8122472,126025,0,2,0,2,0,0,0,0,0,0,7208,0,4680,2528,0
26657,16.841375,16.711020,16.259627,0.000000,1.391751,1.391362,0.000055,0.059250,0.043500,0.457500,631,8091860,128493,0,2,0,2,0,0,0,0,0,0,5406,0,3510,1896,0
26658,16.600250,16.495736,14.925332,0.000000,2.285167,2.284862,0.000097,0.058166,0.014250,0.758542,632,8107210,127529,0,2,0,2,0,0,0,0,0,0,5406,0,3510,1896,0
26659,16.522208,16.384615,14.581643,0.000000,2.461459,2.461236,0.000055,0.048167,0.012375,0.625833,641,8107083,125501,0,2,0,2,0,0,0,0,0,0,7208,0,4680,2528,0
26660,16.841042,16.750408,15.143793,0.000000,2.312500,2.311987,0.000180,0.047500,0.014500,0.737667,631,8107274,127848,0,2,0,2,0,0,0,0,0,0,5406,0,3510,1896,0
26661,16.701041,16.563450,14.849861,0.000000,2.397375,2.397070,0.000138,0.044042,0.010125,1.224625,631,8107199,127888,0,2,0,2,0,0,0,0,0,0,5406,0,3510,1896,0
26662,16.640834,16.528048,14.747633,0.000000,2.418041,2.417611,0.000180,0.076666,0.016000,0.612209,641,8109337,125382,0,2,0,2,0,0,0,0,0,0,7208,0,4680,2528,0
26663,16.781083,16.663458,15.163779,0.000000,2.220792,2.220570,0.000055,0.060708,0.044209,1.217375,632,8104969,127924,0,2,0,2,0,0,0,0,0,0,5406,0,3510,1896,0
26664,16.664792,16.482709,14.806993,0.000000,2.367416,2.367070,0.000055,0.046250,0.013291,0.616041,630,8091825,126981,0,2,0,2,0,0,0,0,0,0,5406,0,3510,1896,0
26665,16.422375,16.379926,14.576880,0.000000,2.449707,2.449486,0.000055,0.049208,0.048333,1.239709,644,8137963,126371,0,2,0,2,0,0,0,0,0,0,7208,0,4680,2528,0
26666,16.827416,16.680538,15.837961,0.000000,1.697792,1.697570,0.000055,0.046084,0.008500,0.608333,631,8091775,128319,0,2,0,2,0,0,0,0,0,0,5406,0,3510,1896,0
26667,16.748584,16.665914,14.816000,0.000000,2.469708,2.469528,0.000055,0.058791,0.013209,0.906084,631,8107300,127423,0,2,0,2,0,0,0,0,0,0,5406,0,3510,1896,0
26668,16.537541,16.295712,15.635989,0.000000,1.565875,1.565570,0.000097,0.045709,0.010666,0.609625,639,8107041,125168,0,2,0,2,0,0,0,0,0,0,7208,0,4680,2528,0
26669,16.841375,16.767937,15.050347,0.000000,2.386625,2.386154,0.000138,0.061417,0.012500,1.068958,631,8107284,128327,0,2,0,2,0,0,0,0,0,0,5406,0,3510,1896,0
26670,15.949250,15.809621,13.818642,0.000000,2.597125,2.596778,0.000180,0.033667,0.009500,1.066792,635,8138048,130115,0,2,0,2,0,0,0,0,0,0,5574,0,3510,2064,0
26671,17.258792,17.125253,17.144535,0.000000,0.812416,0.812111,0.000097,0.044208,0.049542,0.462500,638,8076154,137056,0,2,0,2,0,0,0,0,0,0,7208,0,4680,2528,0
26672,17.031875,16.965166,15.495622,0.000000,2.131041,2.130404,0.000221,0.069958,0.047917,0.582375,634,8122770,126704,0,2,0,2,0,0,0,0,0,0,5406,0,3510,1896,0
26673,16.592583,16.443770,16.363743,0.000000,0.516417,0.516112,0.000055,0.068875,0.048042,0.615833,630,8107322,128264,0,2,0,2,0,0,0,0,0,0,5406,0,3510,1896,0
26674,16.706292,16.546704,16.493872,0.000000,0.565750,0.565278,0.000180,0.071292,0.037166,1.115042,639,8091514,128237,0,2,0,2,0,0,0,0,0,0,7208,0,4680,2528,0
26675,16.609958,16.477105,15.783349,0.000000,1.489249,1.488737,0.000096,0.064750,0.014292,0.611500,632,8107269,126507,0,2,0,2,0,0,0,0,0,0,5406,0,3510,1896,0
26676,16.782750,16.675245,16.059459,0.000000,1.438750,1.438237,0.000180,0.067250,0.015750,1.029750,632,8107206,128103,0,2,0,2,0,0,0,0,0,0,6944,0,4536,2408,0
26677,16.680500,16.464614,16.361953,0.000000,0.479958,0.475778,0.003930,0.075125,0.025000,1.280209,638,8091682,128323,0,2,0,2,0,0,0,0,0,0,5670,0,3654,2016,0
26678,16.972042,16.819734,16.761646,0.000000,0.258875,0.258362,0.000221,0.088500,0.017875,0.403209,633,8107268,125665,0,2,0,2,0,0,0,0,0,0,5406,0,3510,1896,0
26679,16.289583,16.255342,15.958026,0.000000,1.169792,1.169320,0.000055,0.076709,0.025041,0.901208,641,8137994,126849,0,2,0,2,0,0,0,0,0,0,7208,0,4680,2528,0
26680,16.735084,16.502579,16.440450,0.000000,0.589749,0.584861,0.004555,0.067416,0.014000,0.633917,630,8076332,128051,0,2,0,2,0,0,0,0,0,0,5406,0,3510,1896,0
26681,17.031166,16.886915,16.241793,0.000000,1.440209,1.439612,0.000096,0.083875,0.013167,0.942250,645,8107074,127261,0,2,0,2,0,0,0,0,0,0,6943,0,3510,3433,0
26682,17.139084,17.133045,17.065261,0.000000,0.000791,0.000000,0.000000,0.100166,0.025334,0.616917,652,8142382,127192,0,2,0,2,0,0,0,0,0,0,7712,0,4680,3032,0
26683,15.870458,15.706152,15.576333,0.000000,0.531834,0.525945,0.005597,0.057792,0.021833,0.644125,629,8087266,127803,0,2,0,2,0,0,0,0,0,0,5406,0,3510,1896,0
26684,16.646708,16.552747,15.750502,0.000000,1.548875,1.548362,0.000096,0.061250,0.016375,0.958167,633,8107252,126389,0,2,0,2,0,0,0,0,0,0,5406,0,3510,1896,0
26685,16.546042,16.446017,15.707349,0.000000,1.507916,1.501778,0.005930,0.068375,0.018000,0.640792,640,8122563,124621,0,2,0,2,0,0,0,0,0,0,7208,0,4680,2528,0
26686,16.056167,15.879137,15.821463,0.000000,0.362291,0.359695,0.002347,0.051083,0.016083,1.252166,634,8107103,132721,0,2,0,2,0,0,0,0,0,0,5576,0,3510,2066,0
26687,17.633250,17.538472,17.355891,0.000000,0.391541,0.384945,0.006055,0.069666,0.014792,0.647708,632,8107453,140517,0,2,0,2,0,0,0,0,0,0,5406,0,3510,1896,0
26688,16.602791,16.395088,16.338618,0.000000,0.566083,0.565570,0.000138,0.054334,0.013250,1.294167,636,8091411,126201,0,2,0,2,0,0,0,0,0,0,7208,0,4680,2528,0
26689,16.728542,16.638066,16.455419,0.000000,0.932417,0.917403,0.014722,0.067417,0.016708,0.647958,632,8107319,130263,0,2,0,2,0,0,0,0,0,0,5406,0,3510,1896,0
26690,16.164333,16.083906,15.939255,0.000000,1.021334,1.008404,0.012555,0.103709,0.013708,0.941166,634,8138039,125797,0,2,0,2,0,0,0,0,0,0,5535,0,3510,2025,0
26691,16.220750,15.950182,15.704846,0.000000,1.078999,1.078445,0.000180,0.054542,0.012208,0.656792,635,8060718,130386,0,2,0,2,0,0,0,0,0,0,7336,0,4680,2656,0
26692,17.487709,17.451113,17.399010,0.000000,0.278792,0.278195,0.000139,0.103666,0.045209,0.944750,636,8122517,142565,0,2,0,2,0,0,0,0,0,0,5675,0,3510,2165,0
26693,16.687583,16.470088,15.521033,0.000000,1.670708,1.670362,0.000055,0.060042,0.020333,0.954250,633,8091879,125092,0,2,0,2,0,0,0,0,0,0,5406,0,3510,1896,0
26694,16.614583,16.577082,16.027283,0.000000,1.371666,1.363653,0.007722,0.053750,0.012917,0.608458,641,8122443,126487,0,2,0,2,0,0,0,0,0,0,7208,0,4680,2528,0
26695,16.283667,16.214125,15.441290,0.000000,1.487708,1.487195,0.000180,0.058750,0.013042,0.943750,640,8184373,129843,0,2,0,2,0,0,0,0,0,0,5712,0,3510,2202,0
26696,17.132417,16.999291,16.498000,0.000000,1.296333,1.295654,0.000263,0.073958,0.017292,0.647625,627,8038186,132301,0,2,0,2,0,0,0,0,0,0,5406,0,3510,1896,0
26697,16.618625,16.512372,15.638744,0.000000,1.618333,1.615237,0.002763,0.055541,0.037084,1.306708,640,8114316,125497,0,2,0,2,0,0,0,0,0,0,7208,0,4680,2528,0
26698,16.723000,16.552004,16.073697,0.000000,1.296208,1.295778,0.000097,0.068916,0.050167,0.291000,632,8107252,129233,0,2,0,2,0,0,0,0,0,0,5406,0,3510,1896,0
26699,16.724291,16.627249,16.575924,0.000000,0.375458,0.374862,0.000055,0.057667,0.014708,0.959376,631,8107296,126254,0,2,0,2,0,0,0,0,0,0,5406,0,3510,1896,0
26700,16.582625,16.459425,16.281413,0.000000,1.045791,1.045403,0.000097,0.061792,0.012458,0.642917,640,8091667,125415,0,2,0,2,0,0,0,0,0,0,7208,0,4680,2528,0
26701,16.964792,16.854784,16.409073,0.000000,1.234958,1.230820,0.000305,0.100083,0.015375,0.609708,631,8119672,130269,0,2,0,2,0,0,0,0,0,0,5406,0,3510,1896,0
26702,16.339917,16.222169,15.907092,0.000000,1.153917,1.153570,0.000138,0.063458,0.038167,0.621542,631,8110179,124261,0,2,0,2,0,0,0,0,0,0,5406,0,3510,1896,0
26703,16.695083,16.500205,16.467749,0.000000,0.208124,0.207528,0.000222,0.053333,0.013334,0.620584,639,8091641,127694,0,2,0,2,0,0,0,0,0,0,7208,0,4680,2528,0
26704,16.760250,16.679429,15.812137,0.000000,1.610750,1.598736,0.011722,0.056875,0.012500,1.233250,634,8122682,130378,0,2,0,2,0,0,0,0,0,0,5406,0,3510,1896,0
26705,16.754292,16.626532,16.537939,0.000000,0.935043,0.926654,0.005138,0.053666,0.015084,0.653916,632,8107249,126028,0,2,0,2,0,0,0,0,0,0,5406,0,3510,1896,0
26706,16.663916,16.541705,16.314424,0.000000,1.109458,1.091820,0.017347,0.065292,0.044708,0.960250,641,8108553,126751,0,2,0,2,0,0,0,0,0,0,7208,0,4680,2528,0
26707,16.700709,16.558937,16.127962,0.000000,1.250541,1.250070,0.000180,0.056666,0.052375,0.658500,629,8090292,130209,0,2,0,2,0,0,0,0,0,0,5406,0,3510,1896,0
26708,16.748916,16.658914,15.737504,0.000000,1.639834,1.639362,0.000180,0.059209,0.021833,1.200792,633,8122708,125991,0,2,0,2,0,0,0,0,0,0,5406,0,3510,1896,0
26709,16.606042,16.468618,16.430220,0.000000,0.190876,0.190528,0.000097,0.067792,0.027875,0.940459,640,8107068,133389,0,2,0,2,0,0,0,0,0,0,7208,0,4680,2528,0
26710,16.571000,16.459555,16.044048,0.000000,1.249000,1.248653,0.000055,0.069583,0.026000,0.464583,631,8122778,133071,0,2,0,2,0,0,0,0,0,0,5406,0,3510,1896,0
26711,16.706583,16.611319,16.513482,0.000000,0.490292,0.489904,0.000138,0.079959,0.034541,0.742542,637,8153527,138556,0,2,0,2,0,0,0,0,0,0,5593,0,3510,2083,0
26712,17.098334,16.933671,16.883800,0.000000,0.366000,0.358945,0.006763,0.068041,0.019959,0.446250,636,8029682,139613,0,2,0,2,0,0,0,0,0,0,7208,0,4680,2528,0
26713,16.919833,16.784130,16.532749,0.000000,0.598917,0.598403,0.000180,0.069875,0.022458,0.610583,633,8107259,132414,0,2,0,2,0,0,0,0,0,0,5406,0,3510,1896,0
26714,16.620542,16.489898,16.218608,0.000000,1.145000,1.144612,0.000096,0.111125,0.039000,0.939251,632,8107252,127707,0,2,0,2,0,0,0,0,0,0,5406,0,3510,1896,0
26715,16.510875,16.393881,16.349324,0.000000,0.000457,0.000000,0.000000,0.066791,0.030167,0.644375,640,8107705,128208,0,2,0,2,0,0,0,0,0,0,7208,0,4680,2528,0
26716,16.711833,16.580949,16.487820,0.000000,0.519709,0.519195,0.000139,0.072667,0.024416,1.272749,631,8106680,131657,0,2,0,2,0,0,0,0,0,0,5406,0,3510,1896,0
26717,16.572792,16.430870,15.862290,0.000000,1.354000,1.353404,0.000221,0.062416,0.039834,0.622667,631,8107194,128101,0,2,0,2,0,0,0,0,0,0,5406,0,3510,1896,0
26718,16.491875,16.316283,16.128059,0.000000,0.575499,0.575028,0.000222,0.076416,0.026375,0.949792,642,8122483,125969,0,2,0,2,0,0,0,0,0,0,7208,0,4680,2528,0
26719,16.729166,16.627387,16.551076,0.000000,0.346000,0.342695,0.002972,0.061292,0.044208,0.641083,633,8107541,131730,0,2,0,2,0,0,0,0,0,0,5406,0,3510,1896,0
26720,16.623834,16.563281,16.447737,0.000000,0.949750,0.949362,0.000138,0.068291,0.042000,0.963500,630,8091528,131277,0,2,0,2,0,0,0,0,0,0,5406,0,3510,1896,0
26721,16.660500,16.512845,16.294259,0.000000,1.076875,1.076320,0.000138,0.063041,0.020167,0.426292,639,8122557,130215,0,2,0,2,0,0,0,0,0,0,7208,0,4680,2528,0
26722,16.836583,16.606333,16.075259,0.000000,1.273791,1.273236,0.000305,0.074167,0.013625,0.948541,631,8076350,131276,0,2,0,2,0,0,0,0,0,0,5406,0,3510,1896,0
26723,16.584667,16.445943,15.652898,0.000000,1.581082,1.580487,0.000221,0.069958,0.026500,0.956250,631,8107277,127047,0,2,0,2,0,0,0,0,0,0,5406,0,3510,1896,0
26724,16.661750,16.671338,16.344172,0.000000,1.156751,1.156278,0.000180,0.073791,0.020834,0.648458,641,8122494,131295,0,2,0,2,0,0,0,0,0,0,7208,0,4680,2528,0
26725,16.801041,16.665132,16.078749,0.000000,1.389751,1.389320,0.000139,0.059375,0.023167,0.600417,632,8116771,130639,0,2,0,2,0,0,0,0,0,0,5406,0,3510,1896,0
26726,16.405209,16.282736,15.463819,0.000000,1.618958,1.618612,0.000096,0.058166,0.014250,0.611166,631,8113237,125263,0,2,0,2,0,0,0,0,0,0,5406,0,3510,1896,0
26727,16.939666,16.800977,16.446897,0.000000,1.240417,1.239987,0.000055,0.058542,0.022167,1.054084,636,8091650,131365,0,2,0,2,0,0,0,0,0,0,7208,0,4680,2528,0
26728,15.802792,15.603289,14.931199,0.000000,1.470875,1.470361,0.000180,0.061917,0.018166,0.288959,634,8091643,125905,0,2,0,2,0,0,0,0,0,0,5728,0,3510,2218,0
26729,17.471625,17.434874,17.198552,0.000000,1.122000,1.121529,0.000138,0.057458,0.017875,1.251418,635,8122664,134211,0,2,0,2,0,0,0,0,0,0,6944,0,4536,2408,0
26730,16.634167,16.508736,16.416168,0.000000,0.499959,0.499570,0.000097,0.056750,0.013583,0.608959,637,8122558,127674,0,2,0,2,0,0,0,0,0,0,5670,0,3654,2016,0
26731,17.015041,16.948580,16.847265,0.000000,0.441375,0.440903,0.000097,0.097750,0.032417,0.786041,633,8122717,128223,0,2,0,2,0,0,0,0,0,0,5406,0,3510,1896,0
26732,16.390542,16.207706,16.152375,0.000000,0.128250,0.120529,0.007513,0.064667,0.044708,0.592000,640,8091708,124645,0,2,0,2,0,0,0,0,0,0,7208,0,4680,2528,0
26733,16.630667,16.513874,16.180773,0.000000,1.184458,1.179070,0.005013,0.058458,0.013083,0.654291,631,8107185,128526,0,2,0,2,0,0,0,0,0,0,5406,0,3510,1896,0
26734,16.653000,16.502261,16.418336,0.000000,0.423791,0.418111,0.005305,0.073583,0.027083,0.698667,633,8091807,128212,0,2,0,2,0,0,0,0,0,0,5406,0,3510,1896,0
26735,16.647125,16.581598,15.706908,0.000000,1.598083,1.590904,0.006888,0.071208,0.022375,0.614334,641,8125410,123864,0,2,0,2,0,0,0,0,0,0,7208,0,4680,2528,0
26736,16.369458,16.151125,16.165300,0.000000,0.000207,0.000000,0.000000,0.052958,0.011875,1.185499,634,8135311,133713,0,2,0,2,0,0,0,0,0,0,5574,0,3510,2064,0
26737,17.091042,17.007131,17.005423,0.000000,0.000249,0.000000,0.000000,0.050583,0.028500,0.291334,630,8076250,134910,0,2,0,2,0,0,0,0,0,0,5406,0,3510,1896,0
26738,16.561958,16.418674,16.282508,0.000000,0.924958,0.924570,0.000138,0.059292,0.030750,0.936833,640,8091645,124840,0,2,0,2,0,0,0,0,0,0,7208,0,4680,2528,0
26739,17.261167,17.083325,17.098374,0.000000,0.000334,0.000000,0.000000,0.059875,0.013833,1.259584,631,8107363,129510,0,2,0,2,0,0,0,0,0,0,5406,0,3510,1896,0
26740,16.363958,16.287891,16.268173,0.000000,0.000500,0.000000,0.000000,0.054125,0.027375,0.609416,633,8122554,128555,0,2,0,2,0,0,0,0,0,0,5406,0,3510,1896,0
26741,16.752000,16.592755,16.575538,0.000000,0.332125,0.331612,0.000221,0.060917,0.016166,0.928000,640,8091627,125356,0,2,0,2,0,0,0,0,0,0,7208,0,4680,2528,0
26742,17.113458,17.001359,16.969334,0.000000,0.000833,0.000000,0.000000,0.063292,0.015125,0.609708,631,8122781,130041,0,2,0,2,0,0,0,0,0,0,5406,0,3510,1896,0
26743,15.949209,15.824086,15.705370,0.000000,0.431500,0.430653,0.000514,0.069875,0.040791,0.592708,633,8107155,127050,0,2,0,2,0,0,0,0,0,0,5406,0,3510,1896,0
26744,16.662958,16.533299,15.809654,0.000000,1.437709,1.437320,0.000055,0.065917,0.022125,0.612042,640,8093686,124488,0,2,0,2,0,0,0,0,0,0,7208,0,4680,2528,0
26745,16.606125,16.474178,16.154727,0.000000,1.119126,1.115612,0.003180,0.056750,0.012125,0.975500,631,8120650,129419,0,2,0,2,0,0,0,0,0,0,5406,0,3510,1896,0
26746,16.691875,16.535792,16.447915,0.000000,0.687333,0.686861,0.000180,0.053542,0.012708,0.921083,631,8091877,126922,0,2,0,2,0,0,0,0,0,0,5406,0,3510,1896,0
26747,16.745250,16.611205,16.247758,0.000000,1.082209,1.081237,0.000430,0.060083,0.012334,0.299875,640,8106960,124351,0,2,0,2,0,0,0,0,0,0,7208,0,4680,2528,0
26748,15.834375,15.629169,15.390412,0.000000,1.130584,1.124278,0.005847,0.052375,0.013625,1.260667,633,8091652,129475,0,2,0,2,0,0,0,0,0,0,5863,0,3510,2353,0
26749,18.073917,18.050904,18.047333,0.000000,0.000583,0.000000,0.000000,0.051916,0.012792,0.714583,636,8129176,143026,0,2,0,2,0,0,0,0,0,0,5550,0,3510,2040,0
26750,16.126791,15.941507,15.843886,0.000000,0.787624,0.787070,0.000221,0.058792,0.024083,1.019041,639,8100552,126069,0,2,0,2,0,0,0,0,0,0,7208,0,4680,2528,0
26751,16.663750,16.620385,16.527560,0.000000,0.586417,0.586112,0.000097,0.093459,0.019041,0.656917,633,8122660,128458,0,2,0,2,0,0,0,0,0,0,5406,0,3510,1896,0
26752,16.144459,15.987675,15.284805,0.000000,1.511792,1.505903,0.005555,0.047875,0.010541,0.947000,633,8107216,130810,0,2,0,2,0,0,0,0,0,0,5576,0,3510,2066,0
26753,16.824166,16.720299,16.660580,0.000000,0.489874,0.489445,0.000096,0.063334,0.021958,0.583833,643,8122362,142917,0,2,0,2,0,0,0,0,0,0,7361,0,4680,2681,0
26754,17.060375,16.917032,16.904044,0.000000,0.000250,0.000000,0.000000,0.079084,0.024666,0.768792,632,8091820,137227,0,2,0,2,0,0,0,0,0,0,5406,0,3510,1896,0
26755,16.632959,16.472419,15.823329,0.000000,1.430500,1.430195,0.000097,0.071541,0.019709,0.912333,629,8091821,127433,0,2,0,2,0,0,0,0,0,0,5406,0,3510,1896,0
26756,16.688833,16.609147,15.906691,0.000000,1.472126,1.471737,0.000096,0.052667,0.023000,0.446708,642,8122439,126140,0,2,0,2,0,0,0,0,0,0,7208,0,4680,2528,0
26757,16.610750,16.435002,15.898334,0.000000,1.376959,1.376737,0.000097,0.059583,0.014667,0.847583,632,8091865,127508,0,2,0,2,0,0,0,0,0,0,5406,0,3510,1896,0
26758,16.446208,16.373009,15.813648,0.000000,1.423542,1.422945,0.000180,0.085167,0.048875,0.291750,637,8122555,128977,0,2,0,2,0,0,0,0,0,0,5863,0,3510,2353,0
26759,19.332167,19.267486,18.931171,0.000000,0.000459,0.000000,0.000000,0.115667,0.035708,0.919208,641,8091437,141250,0,2,0,2,0,0,0,0,0,0,7530,0,4680,2850,0
26760,16.051750,15.804294,15.792188,0.000000,0.000459,0.000000,0.000000,0.067708,0.030834,0.949250,632,8107233,129935,0,2,0,2,0,0,0,0,0,0,5406,0,3510,1896,0
26761,16.114667,15.987798,15.823836,0.000000,0.000625,0.000000,0.000000,0.114625,0.027208,0.575209,632,8107319,128911,0,2,0,2,0,0,0,0,0,0,5406,0,3510,1896,0
26762,16.710250,16.608707,16.375710,0.000000,0.000499,0.000000,0.000000,0.067125,0.016291,0.932584,641,8106971,127209,0,2,0,2,0,0,0,0,0,0,7208,0,4680,2528,0
26763,16.232208,16.107798,16.077384,0.000000,0.000333,0.000000,0.000000,0.059333,0.032250,0.630209,632,8122727,130350,0,2,0,2,0,0,0,0,0,0,5406,0,3510,1896,0
26764,16.057833,15.924985,15.928908,0.000000,0.000374,0.000000,0.000000,0.051625,0.011625,0.932876,632,8107386,127747,0,2,0,2,0,0,0,0,0,0,5406,0,3510,1896,0
26765,16.619250,16.510541,16.513895,0.000000,0.307749,0.307320,0.000096,0.066792,0.022542,0.614750,639,8106926,126233,0,2,0,2,0,0,0,0,0,0,7208,0,4680,2528,0
26766,16.881500,16.741925,16.682364,0.000000,0.572708,0.567070,0.005347,0.064250,0.033584,0.881916,633,8122884,129389,0,2,0,2,0,0,0,0,0,0,5406,0,3510,1896,0
26767,16.688875,16.496238,16.450369,0.000000,0.289374,0.275028,0.014055,0.081209,0.016416,0.618834,629,8076428,125919,0,2,0,2,0,0,0,0,0,0,5406,0,3510,1896,0
26768,16.460084,16.319931,15.600811,0.000000,1.464126,1.448029,0.015805,0.052166,0.012000,1.131291,642,8106834,126412,0,2,0,2,0,0,0,0,0,0,7208,0,4680,2528,0
26769,16.929833,16.808994,16.476540,0.000000,1.160668,1.150570,0.009847,0.061542,0.015041,0.619500,631,8107196,128967,0,2,0,2,0,0,0,0,0,0,5406,0,3510,1896,0
26770,16.265333,16.159373,15.779339,0.000000,1.207625,1.207236,0.000055,0.053959,0.012750,1.228542,637,8138351,129667,0,2,0,2,0,0,0,0,0,0,5540,0,3510,2030,0
26771,17.101125,17.034160,16.887683,0.000000,1.036999,1.033154,0.003513,0.078959,0.044166,1.278207,641,8106727,132817,0,2,0,2,0,0,0,0,0,0,7208,0,4680,2528,0
26772,16.982584,16.798577,16.122992,0.000000,1.426583,1.390195,0.036013,0.070583,0.015708,0.621375,630,8076367,128791,0,2,0,2,0,0,0,0,0,0,5406,0,3510,1896,0
26773,16.731875,16.620247,16.292855,0.000000,1.081708,1.081070,0.000180,0.071916,0.014459,0.599750,632,8110759,126900,0,2,0,2,0,0,0,0,0,0,5406,0,3510,1896,0
26774,16.549541,16.297927,16.292455,0.000000,0.000376,0.000000,0.000000,0.077417,0.023958,0.605375,638,8088142,123934,0,2,0,2,0,0,0,0,0,0,7208,0,4680,2528,0
26775,16.790625,16.775429,16.714272,0.000000,0.401167,0.400778,0.000180,0.076625,0.020959,0.758083,633,8122699,128740,0,2,0,2,0,0,0,0,0,0,5406,0,3510,1896,0
26776,16.677292,16.431915,16.391777,0.000000,0.220958,0.220611,0.000097,0.061083,0.015167,0.614333,631,8091824,126045,0,2,0,2,0,0,0,0,0,0,5406,0,3510,1896,0
26777,15.733250,15.576156,15.475877,0.000000,0.639000,0.638529,0.000221,0.102708,0.017500,0.771333,642,8106943,126151,0,2,0,2,0,0,0,0,0,0,7665,0,4680,2985,0
26778,17.686667,17.646470,17.526765,0.000000,0.636626,0.636070,0.000222,0.081541,0.022834,0.603293,635,8138141,134469,0,2,0,2,0,0,0,0,0,0,5406,0,3510,1896,0
26779,16.310000,16.192984,16.078793,0.000000,0.716666,0.716236,0.000180,0.066083,0.022750,0.651334,633,8107338,128417,0,2,0,2,0,0,0,0,0,0,5406,0,3510,1896,0
26780,16.655458,16.500428,16.409075,0.000000,0.739041,0.737945,0.000721,0.077000,0.032083,1.078875,638,8107193,128238,0,2,0,2,0,0,0,0,0,0,7208,0,4680,2528,0
26781,16.841792,16.795084,16.429459,0.000000,1.177958,1.177237,0.000138,0.088291,0.017625,0.311625,633,8107107,128742,0,2,0,2,0,0,0,0,0,0,5406,0,3510,1896,0
26782,16.961083,16.817597,16.824010,0.000000,0.004166,0.000000,0.000000,0.070042,0.021208,1.286334,637,8107131,127749,0,2,0,2,0,0,0,0,0,0,7004,0,4536,2468,0
26783,16.314625,16.108558,16.111263,0.000000,0.000418,0.000000,0.000000,0.062917,0.028375,0.610375,632,8091750,127598,0,2,0,2,0,0,0,0,0,0,5610,0,3654,1956,0
26784,16.440958,16.323374,15.663009,0.000000,1.481791,1.481362,0.000138,0.056875,0.018875,0.936166,632,8107230,128052,0,2,0,2,0,0,0,0,0,0,5406,0,3510,1896,0
26785,16.779959,16.701123,15.940750,0.000000,1.534166,1.533736,0.000139,0.058833,0.013750,0.640833,643,8137929,127790,0,2,0,2,0,0,0,0,0,0,7208,0,4680,2528,0
26786,16.747208,16.523705,15.866507,0.000000,1.451917,1.447070,0.000430,0.061667,0.014791,1.236375,628,8060969,128071,0,2,0,2,0,0,0,0,0,0,5406,0,3510,1896,0
26787,16.663125,16.588539,16.452585,0.000000,0.753041,0.752320,0.000138,0.057875,0.013542,0.603167,631,8122709,127909,0,2,0,2,0,0,0,0,0,0,5406,0,3510,1896,0
26788,16.673083,16.593203,16.071583,0.000000,1.367041,1.366570,0.000222,0.062459,0.018458,0.448959,662,8123536,127369,0,2,0,2,0,0,0,0,0,0,9249,0,4680,4569,0
26789,16.646125,16.522970,16.016913,0.000000,1.345583,1.345279,0.000096,0.065334,0.058333,0.916833,630,8090408,130225,0,2,0,2,0,0,0,0,0,0,5406,0,3510,1896,0
26790,16.753542,16.628882,16.382669,0.000000,1.027292,1.026862,0.000138,0.079500,0.033458,0.296542,632,8107258,127835,0,2,0,2,0,0,0,0,0,0,5406,0,3510,1896,0
26791,16.803250,16.658588,16.081829,0.000000,1.246291,1.245861,0.000097,0.058333,0.025292,1.295833,640,8107049,125785,0,2,0,2,0,0,0,0,0,0,7208,0,4680,2528,0
26792,16.537375,16.399785,16.241268,0.000000,0.707832,0.707362,0.000096,0.065208,0.025334,0.288917,631,8107287,130068,0,2,0,2,0,0,0,0,0,0,5406,0,3510,1896,0
26793,16.672667,16.586664,16.311302,0.000000,1.118792,1.118362,0.000097,0.080333,0.040708,1.051125,629,8107227,128831,0,2,0,2,0,0,0,0,0,0,5406,0,3510,1896,0
26794,16.631458,16.513107,15.641262,0.000000,1.608541,1.608236,0.000097,0.062250,0.019583,0.908291,642,8138100,126745,0,2,0,2,0,0,0,0,0,0,7208,0,4680,2528,0
26795,16.740042,16.622561,15.912209,0.000000,1.506833,1.506445,0.000096,0.057916,0.046834,0.462167,631,8091802,128911,0,2,0,2,0,0,0,0,0,0,5406,0,3510,1896,0
26796,16.286458,16.107679,15.239380,0.000000,1.589709,1.588987,0.000263,0.051417,0.014666,0.748875,634,8122481,127939,0,2,0,2,0,0,0,0,0,0,5628,0,3510,2118,0
26797,17.002458,16.839247,16.528205,0.000000,1.204459,1.203903,0.000139,0.059667,0.018167,0.414625,638,8076614,131423,0,2,0,2,0,0,0,0,0,0,7208,0,4680,2528,0
26798,16.922500,16.793928,15.843388,0.000000,1.666208,1.665737,0.000055,0.068625,0.012875,0.943709,630,8091348,128208,0,2,0,2,0,0,0,0,0,0,5406,0,3510,1896,0
26799,16.334000,16.244264,15.906669,0.000000,1.164251,1.163612,0.000180,0.060250,0.020917,0.614417,635,8138089,126182,0,2,0,2,0,0,0,0,0,0,5645,0,3510,2135,0
26800,17.163500,17.089337,17.109417,0.000000,0.000375,0.000000,0.000000,0.061417,0.044958,0.757624,639,8091595,132581,0,2,0,2,0,0,0,0,0,0,7208,0,4680,2528,0
26801,16.675792,16.544669,16.238230,0.000000,1.175708,1.175112,0.000263,0.063458,0.022125,1.127958,633,8107255,129402,0,2,0,2,0,0,0,0,0,0,5406,0,3510,1896,0
26802,16.941167,16.843758,15.738162,0.000000,1.722542,1.722028,0.000138,0.087625,0.024791,0.469500,631,8112117,126909,0,2,0,2,0,0,0,0,0,0,5406,0,3510,1896,0
26803,16.569916,16.406701,16.413151,0.000000,0.000334,0.000000,0.000000,0.064750,0.020500,0.926042,641,8117623,124574,0,2,0,2,0,0,0,0,0,0,7208,0,4680,2528,0
26804,16.677917,16.526373,16.438531,0.000000,0.817292,0.816904,0.000138,0.064625,0.029625,0.608625,631,8091818,129315,0,2,0,2,0,0,0,0,0,0,5406,0,3510,1896,0
26805,16.485875,16.349429,16.356632,0.000000,0.000333,0.000000,0.000000,0.065375,0.013917,1.055083,631,8107283,127390,0,2,0,2,0,0,0,0,0,0,5406,0,3510,1896,0
26806,16.913125,16.849078,16.608739,0.000000,0.372958,0.364820,0.007680,0.088917,0.014583,0.292417,640,8107026,125031,0,2,0,2,0,0,0,0,0,0,7208,0,4680,2528,0
26807,16.950833,16.773538,16.692833,0.000000,0.000584,0.000000,0.000000,0.070292,0.031208,0.591833,633,8116622,129885,0,2,0,2,0,0,0,0,0,0,5406,0,3510,1896,0
26808,16.318750,16.268460,16.069850,0.000000,1.034207,1.025528,0.008263,0.090125,0.084750,0.658875,630,8113353,127925,0,2,0,2,0,0,0,0,0,0,5406,0,3510,1896,0
26809,16.468959,16.260993,15.711104,0.000000,1.342542,1.338111,0.004097,0.068750,0.021458,0.607541,639,8091584,125484,0,2,0,2,0,0,0,0,0,0,7208,0,4680,2528,0
26810,16.886708,16.750834,16.149029,0.000000,1.346375,1.339404,0.006638,0.078458,0.021959,0.908083,633,8107281,130263,0,2,0,2,0,0,0,0,0,0,5406,0,3510,1896,0
26811,16.888292,16.813973,16.331003,0.000000,1.295667,1.295153,0.000138,0.083625,0.018541,0.462459,633,8122701,129491,0,2,0,2,0,0,0,0,0,0,5406,0,3510,1896,0
26812,16.532333,16.373296,15.616715,0.000000,1.525791,1.520570,0.004930,0.072250,0.019917,0.943209,637,8091575,125636,0,2,0,2,0,0,0,0,0,0,7208,0,4680,2528,0
26813,16.719583,16.573354,15.805023,0.000000,1.548542,1.548154,0.000096,0.066875,0.021959,0.610417,632,8107259,129844,0,2,0,2,0,0,0,0,0,0,5406,0,3510,1896,0
26814,16.791250,16.726219,15.908494,0.000000,1.556251,1.544987,0.010847,0.072375,0.019334,1.158167,633,8122704,128462,0,2,0,2,0,0,0,0,0,0,5406,0,3510,1896,0
26815,16.539709,16.387088,15.595365,0.000000,1.550459,1.549945,0.000097,0.065416,0.049750,0.612833,639,8091602,124956,0,2,0,2,0,0,0,0,0,0,7208,0,4680,2528,0
26816,16.792166,16.645968,16.508744,0.000000,0.770957,0.770570,0.000096,0.079334,0.037750,0.854792,632,8107275,129620,0,2,0,2,0,0,0,0,0,0,5406,0,3510,1896,0
26817,16.638834,16.511541,16.496287,0.000000,0.000334,0.000000,0.000000,0.064791,0.027375,1.077458,629,8107244,127978,0,2,0,2,0,0,0,0,0,0,5406,0,3510,1896,0
26818,16.585875,16.470410,15.662650,0.000000,1.561458,1.560820,0.000222,0.060833,0.011917,0.472083,638,8107070,125574,0,2,0,2,0,0,0,0,0,0,7208,0,4680,2528,0
26819,16.723833,16.628321,16.579695,0.000000,0.425957,0.425570,0.000096,0.068375,0.021417,0.600667,634,8107270,128704,0,2,0,2,0,0,0,0,0,0,5406,0,3510,1896,0
26820,16.726583,16.571835,15.729278,0.000000,1.639291,1.638945,0.000138,0.057084,0.012458,0.474666,631,8107220,128305,0,2,0,2,0,0,0,0,0,0,5406,0,3510,1896,0
26821,16.629125,16.517208,15.542125,0.000000,1.640959,1.640570,0.000139,0.074542,0.020708,1.074917,640,8107055,125906,0,2,0,2,0,0,0,0,0,0,7208,0,4680,2528,0
26822,16.702792,16.574843,15.950341,0.000000,1.392417,1.392112,0.000180,0.070375,0.020208,0.663333,632,8107274,128949,0,2,0,2,0,0,0,0,0,0,5406,0,3510,1896,0
26823,16.763250,16.638921,16.514343,0.000000,0.792583,0.792153,0.000222,0.074208,0.013375,1.621584,633,8107240,127351,0,2,0,2,0,0,0,0,0,0,5406,0,3510,1896,0
26824,16.606792,16.505337,16.532003,0.000000,0.000418,0.000000,0.000000,0.058500,0.031458,1.801958,640,8107051,126237,0,2,0,2,0,0,0,0,0,0,7208,0,4680,2528,0
26825,16.673875,16.511904,16.486005,0.000000,0.353416,0.352945,0.000221,0.056666,0.023792,0.575917,632,8107280,129822,0,2,0,2,0,0,0,0,0,0,5406,0,3510,1896,0
26826,16.731625,16.599913,16.016418,0.000000,1.376875,1.361487,0.014847,0.066166,0.018709,0.912042,633,8109132,126817,0,2,0,2,0,0,0,0,0,0,5406,0,3510,1896,0
26827,16.503208,16.316154,15.240039,0.000000,1.801000,1.800528,0.000097,0.068333,0.031500,0.447209,637,8089732,124370,0,2,0,2,0,0,0,0,0,0,7208,0,4680,2528,0
26828,16.874250,16.817320,16.280031,0.000000,1.339708,1.338112,0.001263,0.066042,0.012916,0.606083,634,8122710,130549,0,2,0,2,0,0,0,0,0,0,5406,0,3510,1896,0
26829,16.639125,16.493236,16.434200,0.000000,0.637250,0.636612,0.000263,0.075375,0.025500,0.460875,632,8107259,128002,0,2,0,2,0,0,0,0,0,0,5406,0,3510,1896,0
26830,16.933292,16.807038,16.366455,0.000000,1.259874,1.259486,0.000097,0.062791,0.011500,0.930541,637,8107106,127379,0,2,0,2,0,0,0,0,0,0,7208,0,4680,2528,0
26831,16.591333,16.487028,16.362048,0.000000,0.887417,0.886779,0.000221,0.057458,0.035625,0.914666,632,8113532,127497,0,2,0,2,0,0,0,0,0,0,5406,0,3510,1896,0
26832,16.577500,16.406012,16.358890,0.000000,0.348875,0.348112,0.000305,0.071667,0.022416,0.607791,631,8100950,127344,0,2,0,2,0,0,0,0,0,0,5406,0,3510,1896,0
26833,16.824167,16.706176,16.561649,0.000000,0.000375,0.000000,0.000000,0.069500,0.042291,0.948834,640,8107109,127920,0,2,0,2,0,0,0,0,0,0,7208,0,4680,2528,0
26834,15.579750,15.446753,14.967658,0.000000,1.278749,1.278195,0.000180,0.068000,0.014500,0.655792,635,8153500,128487,0,2,0,2,0,0,0,0,0,0,5574,0,3510,2064,0
26835,17.696166,17.624600,17.441471,0.000000,0.708833,0.708153,0.000305,0.062292,0.036000,0.927459,632,8063626,137785,0,2,0,2,0,0,0,0,0,0,7004,0,4536,2468,0
26836,17.020334,16.913155,16.750078,0.000000,0.843500,0.836861,0.006305,0.088708,0.018000,0.609958,632,8115065,129061,0,2,0,2,0,0,0,0,0,0,5610,0,3654,1956,0
26837,15.336041,15.138436,15.109460,0.000000,0.000333,0.000000,0.000000,0.056417,0.033833,0.871542,634,8111896,126751,0,2,0,2,0,0,0,0,0,0,5728,0,3510,2218,0
26838,17.459250,17.316075,17.234302,0.000000,0.985916,0.985362,0.000138,0.070667,0.018625,0.504459,641,8091700,136271,0,2,0,2,0,0,0,0,0,0,7208,0,4680,2528,0
26839,17.214000,17.120997,17.091971,0.000000,0.000458,0.000000,0.000000,0.077167,0.013875,0.832167,631,8107212,130061,0,2,0,2,0,0,0,0,0,0,5406,0,3510,1896,0
26840,16.199334,16.059915,15.652783,0.000000,1.214417,1.214029,0.000138,0.062375,0.020875,0.911500,631,8107322,127455,0,2,0,2,0,0,0,0,0,0,5406,0,3510,1896,0
26841,16.849291,16.588993,16.586068,0.000000,0.000250,0.000000,0.000000,0.078625,0.016250,0.297541,638,8091544,126348,0,2,0,2,0,0,0,0,0,0,7208,0,4680,2528,0
26842,16.668084,16.634448,16.443536,0.000000,0.810376,0.801653,0.008514,0.075625,0.018125,0.914250,632,8122749,130605,0,2,0,2,0,0,0,0,0,0,5406,0,3510,1896,0
26843,16.671750,16.550424,15.510377,0.000000,1.777166,1.775320,0.001680,0.068958,0.012875,0.607584,632,8107229,126884,0,2,0,2,0,0,0,0,0,0,5406,0,3510,1896,0
26844,15.935041,15.784844,15.685243,0.000000,0.751750,0.751195,0.000180,0.056792,0.011667,1.050458,642,8106976,124047,0,2,0,2,0,0,0,0,0,0,7337,0,4680,2657,0
26845,16.346917,16.261863,16.122250,0.000000,1.045917,1.045570,0.000139,0.046958,0.010834,0.459792,639,8153574,136501,0,2,0,2,0,0,0,0,0,0,5675,0,3510,2165,0
26846,17.688667,17.564408,17.458159,0.000000,1.010375,1.004487,0.005513,0.067875,0.025625,0.938917,628,8061079,140511,0,2,0,2,0,0,0,0,0,0,5406,0,3510,1896,0
26847,16.626375,16.440458,15.308374,0.000000,1.867874,1.867487,0.000180,0.061041,0.012500,0.610292,640,8091359,123944,0,2,0,2,0,0,0,0,0,0,7208,0,4680,2528,0
26848,16.777875,16.708666,16.663199,0.000000,0.629666,0.629278,0.000180,0.066750,0.013250,1.080708,633,8122800,129467,0,2,0,2,0,0,0,0,0,0,5406,0,3510,1896,0
26849,16.696000,16.577374,15.475376,0.000000,1.775084,1.774529,0.000221,0.062208,0.020250,0.923750,632,8107188,127492,0,2,0,2,0,0,0,0,0,0,5406,0,3510,1896,0
26850,16.562875,16.441322,15.594110,0.000000,1.590167,1.589820,0.000055,0.061666,0.019334,0.445667,640,8107050,124472,0,2,0,2,0,0,0,0,0,0,7208,0,4680,2528,0
26851,16.856416,16.735335,15.740462,0.000000,1.700291,1.669903,0.030222,0.072042,0.022792,0.925250,631,8107281,128662,0,2,0,2,0,0,0,0,0,0,5406,0,3510,1896,0
26852,17.090375,16.939953,16.927666,0.000000,0.054041,0.047820,0.005763,0.072250,0.015334,0.615833,632,8107239,126343,0,2,0,2,0,0,0,0,0,0,5406,0,3510,1896,0
26853,16.222250,16.079082,15.976431,0.000000,0.691584,0.690987,0.000097,0.064917,0.023833,0.812541,640,8107103,124751,0,2,0,2,0,0,0,0,0,0,7208,0,4680,2528,0
26854,16.716584,16.592519,16.542427,0.000000,0.781583,0.781153,0.000222,0.059250,0.038083,0.643458,633,8107202,128816,0,2,0,2,0,0,0,0,0,0,5406,0,3510,1896,0
26855,16.674208,16.555863,15.396449,0.000000,1.878292,1.877529,0.000513,0.056667,0.011875,0.844083,633,8110532,126259,0,2,0,2,0,0,0,0,0,0,5406,0,3510,1896,0
26856,16.832375,16.734298,16.082018,0.000000,1.409167,1.408362,0.000138,0.083083,0.022417,1.130833,638,8103772,124580,0,2,0,2,0,0,0,0,0,0,7208,0,4680,2528,0
26857,16.689875,16.524745,16.472714,0.000000,0.412166,0.411736,0.000139,0.072958,0.021167,0.444292,630,8107247,128911,0,2,0,2,0,0,0,0,0,0,5406,0,3510,1896,0
26858,15.520625,15.424910,15.284959,0.000000,0.632125,0.595570,0.036055,0.060583,0.019500,0.586958,637,8153545,127718,0,2,0,2,0,0,0,0,0,0,5574,0,3510,2064,0
26859,17.484333,17.319291,17.266998,0.000000,0.524709,0.524362,0.000097,0.079125,0.024334,0.469041,637,8076155,135241,0,2,0,2,0,0,0,0,0,0,7208,0,4680,2528,0
26860,16.827542,16.733999,16.677581,0.000000,0.523500,0.515070,0.008097,0.064542,0.045375,0.848416,631,8099452,130312,0,2,0,2,0,0,0,0,0,0,5406,0,3510,1896,0
26861,16.881333,16.705084,16.621992,0.000000,0.631543,0.631154,0.000138,0.056125,0.015042,0.444375,630,8099629,127441,0,2,0,2,0,0,0,0,0,0,5406,0,3510,1896,0
26862,16.642000,16.564039,16.033078,0.000000,1.319375,1.318862,0.000138,0.082625,0.014625,0.762626,641,8137959,125505,0,2,0,2,0,0,0,0,0,0,7208,0,4680,2528,0
26863,16.956959,16.832033,16.804168,0.000000,0.000417,0.000000,0.000000,0.061666,0.066500,1.290666,631,8076317,136880,0,2,0,2,0,0,0,0,0,0,5406,0,3510,1896,0
26864,16.293375,16.113413,16.073710,0.000000,0.369833,0.368987,0.000388,0.073791,0.046834,0.406167,633,8107272,132919,0,2,0,2,0,0,0,0,0,0,5406,0,3510,1896,0
26865,16.324875,16.133566,15.723113,0.000000,1.239042,1.231237,0.007430,0.060125,0.021416,1.311375,637,8091651,126783,0,2,0,2,0,0,0,0,0,0,7208,0,4680,2528,0
26866,16.992750,16.973362,16.714685,0.000000,1.094584,1.094236,0.000139,0.078791,0.030042,0.650875,633,8122634,134921,0,2,0,2,0,0,0,0,0,0,5406,0,3510,1896,0
26867,16.861750,16.720920,16.534158,0.000000,0.390291,0.389695,0.000221,0.075000,0.020250,0.900875,633,8107272,131369,0,2,0,2,0,0,0,0,0,0,5406,0,3510,1896,0
26868,16.275375,16.182281,16.180272,0.000000,0.013582,0.013028,0.000138,0.080625,0.047541,0.290250,641,8122618,127606,0,2,0,2,0,0,0,0,0,0,7208,0,4680,2528,0
26869,16.609000,16.495428,16.515214,0.000000,0.628000,0.627778,0.000055,0.055291,0.051709,0.915458,633,8107281,138995,0,2,0,2,0,0,0,0,0,0,5406,0,3510,1896,0
26870,16.706708,16.534089,15.936285,0.000000,1.506833,1.506570,0.000096,0.050292,0.017583,0.608208,631,8091650,135194,0,2,0,2,0,0,0,0,0,0,5406,0,3510,1896,0
26871,17.268375,17.127208,17.138894,0.000000,0.000291,0.000000,0.000000,0.061833,0.024084,1.097334,640,8111574,130485,0,2,0,2,0,0,0,0,0,0,7208,0,4680,2528,0
26872,16.878458,16.739174,16.610132,0.000000,0.129333,0.128111,0.000889,0.051709,0.015791,0.900917,631,8102764,133743,0,2,0,2,0,0,0,0,0,0,5406,0,3510,1896,0
26873,15.928000,15.796126,15.652284,0.000000,1.111874,1.111570,0.000138,0.061917,0.017792,0.610459,633,8107236,131775,0,2,0,2,0,0,0,0,0,0,5406,0,3510,1896,0
26874,15.793917,15.679795,14.408905,0.000000,2.021708,2.021320,0.000138,0.039250,0.009125,1.218416,645,8137859,128613,0,2,0,2,0,0,0,0,0,0,7378,0,4680,2698,0
26875,17.723458,17.616257,17.635206,0.000000,0.000333,0.000000,0.000000,0.054084,0.018750,0.608625,628,8076409,154537,0,2,0,2,0,0,0,0,0,0,5406,0,3510,1896,0
26876,16.358334,16.129298,15.614715,0.000000,1.409542,1.409195,0.000138,0.054666,0.013750,1.216667,632,8091754,134821,0,2,0,2,0,0,0,0,0,0,5406,0,3510,1896,0
26877,16.614875,16.599166,16.591425,0.000000,0.455001,0.454737,0.000013,0.047458,0.052167,0.611959,639,8122491,129557,0,2,0,2,0,0,0,0,0,0,7208,0,4680,2528,0
26878,17.244541,17.070203,16.712153,0.000000,1.179917,1.179528,0.000139,0.049750,0.012167,1.280832,631,8107267,132748,0,2,0,2,0,0,0,0,0,0,5406,0,3510,1896,0
26879,15.484125,15.363497,14.992726,0.000000,1.325958,1.325695,0.000055,0.044875,0.059459,0.615583,637,8122605,131035,0,2,0,2,0,0,0,0,0,0,5728,0,3510,2218,0
26880,17.543834,17.355628,17.372192,0.000000,0.289625,0.289195,0.000138,0.052250,0.013083,1.039167,638,8091842,137167,0,2,0,2,0,0,0,0,0,0,7208,0,4680,2528,0
26881,16.635333,16.553873,15.963058,0.000000,1.493750,1.493528,0.000055,0.056750,0.013000,0.923500,631,8107170,134378,0,2,0,2,0,0,0,0,0,0,5406,0,3510,1896,0
26882,16.737542,16.627463,15.162265,0.000000,2.184833,2.184487,0.000096,0.053166,0.049667,0.610958,631,8107113,131560,0,2,0,2,0,0,0,0,0,0,5406,0,3510,1896,0
26883,16.824708,16.729549,15.514578,0.000000,1.992000,1.961987,0.029680,0.051417,0.049583,1.259874,638,8107104,128743,0,2,0,2,0,0,0,0,0,0,7208,0,4680,2528,0
26884,16.623458,16.507040,15.458511,0.000000,1.813209,1.812903,0.000097,0.055875,0.014750,0.608333,632,8111902,131660,0,2,0,2,0,0,0,0,0,0,5406,0,3510,1896,0
26885,16.583584,16.496503,15.013345,0.000000,2.172583,2.172237,0.000138,0.062875,0.042708,0.934250,632,8118015,130064,0,2,0,2,0,0,0,0,0,0,5406,0,3510,1896,0
26886,17.084250,16.970332,15.381991,0.000000,2.284793,2.284278,0.000222,0.077041,0.022084,1.237751,639,8107071,127962,0,2,0,2,0,0,0,0,0,0,7208,0,4680,2528,0
26887,16.398291,16.207262,16.064545,0.000000,0.366750,0.366403,0.000139,0.059709,0.012958,0.618542,630,8091835,128410,0,2,0,2,0,0,0,0,0,0,5406,0,3510,1896,0
26888,16.595792,16.484080,14.899357,0.000000,2.239375,2.239112,0.000055,0.051417,0.014583,1.215166,640,8108328,128854,0,2,0,2,0,0,0,0,0,0,7004,0,4536,2468,0
26889,16.672583,16.533062,14.919717,0.000000,2.291541,2.291195,0.000055,0.042292,0.009083,0.638958,631,8106002,129479,0,2,0,2,0,0,0,0,0,0,5610,0,3654,1956,0
26890,16.785084,16.716961,16.604340,0.000000,1.099541,1.098611,0.000055,0.049666,0.051417,0.899000,634,8122699,134707,0,2,0,2,0,0,0,0,0,0,5406,0,3510,1896,0
26891,16.588041,16.387883,15.388249,0.000000,1.807374,1.807029,0.000221,0.059875,0.016375,0.618375,639,8091644,131480,0,2,0,2,0,0,0,0,0,0,7208,0,4680,2528,0
26892,16.708709,16.672378,15.479194,0.000000,1.965791,1.965445,0.000138,0.058208,0.044208,0.992208,631,8122714,133997,0,2,0,2,0,0,0,0,0,0,5406,0,3510,1896,0
26893,16.893750,16.713966,16.238025,0.000000,1.302500,1.302028,0.000097,0.052083,0.012167,0.612666,631,8091826,133469,0,2,0,2,0,0,0,0,0,0,5406,0,3510,1896,0
26894,16.471083,16.414612,15.806968,0.000000,1.460333,1.450320,0.009763,0.056667,0.047041,0.971667,639,8122483,133038,0,2,0,2,0,0,0,0,0,0,7208,0,4680,2528,0
26895,16.742500,16.617550,15.909764,0.000000,1.559500,1.559237,0.000097,0.051458,0.050167,1.223750,652,8106907,134278,0,2,0,2,0,0,0,0,0,0,7447,0,3510,3937,0
26896,16.769625,16.594445,15.531878,0.000000,1.850124,1.849861,0.000139,0.058417,0.013250,0.611583,632,8091797,133439,0,2,0,2,0,0,0,0,0,0,5406,0,3510,1896,0
26897,16.387375,16.302214,15.457098,0.000000,1.668666,1.668362,0.000096,0.052875,0.043125,0.902625,640,8107062,131903,0,2,0,2,0,0,0,0,0,0,7208,0,4680,2528,0
26898,16.808292,16.717313,15.592721,0.000000,1.909875,1.909695,0.000055,0.054125,0.043375,0.612042,633,8122801,134300,0,2,0,2,0,0,0,0,0,0,5406,0,3510,1896,0
26899,16.639291,16.461610,15.454764,0.000000,1.805541,1.805153,0.000180,0.044167,0.016542,0.920083,630,8091703,133557,0,2,0,2,0,0,0,0,0,0,5406,0,3510,1896,0
26900,16.757792,16.706056,15.593336,0.000000,1.879917,1.879570,0.000138,0.076458,0.032459,0.352584,637,8107052,132999,0,2,0,2,0,0,0,0,0,0,7208,0,4680,2528,0
26901,16.991042,16.863724,16.516134,0.000000,1.204208,1.203903,0.000097,0.075583,0.022958,0.918333,633,8122691,134037,0,2,0,2,0,0,0,0,0,0,5406,0,3510,1896,0
26902,16.027875,15.874124,15.686834,0.000000,1.066208,1.065736,0.000264,0.064250,0.016750,0.609750,632,8107229,132135,0,2,0,2,0,0,0,0,0,0,5535,0,3510,2025,0
26903,16.486708,16.331868,16.336396,0.000000,0.000375,0.000000,0.000000,0.057500,0.012667,0.935417,640,8088678,134123,0,2,0,2,0,0,0,0,0,0,7337,0,4680,2657,0
26904,17.167417,17.042056,17.016840,0.000000,0.260916,0.260445,0.000180,0.057500,0.024291,0.963167,631,8110064,141355,0,2,0,2,0,0,0,0,0,0,5406,0,3510,1896,0
26905,16.666500,16.501198,16.373477,0.000000,1.009459,1.009070,0.000097,0.069916,0.015667,0.610625,633,8107263,133360,0,2,0,2,0,0,0,0,0,0,5406,0,3510,1896,0
26906,16.720416,16.640716,16.559709,0.000000,0.792166,0.781737,0.010138,0.063709,0.026791,0.941582,640,8107038,132000,0,2,0,2,0,0,0,0,0,0,7208,0,4680,2528,0
26907,16.754625,16.652794,16.542165,0.000000,0.773041,0.765695,0.007055,0.056209,0.013083,0.397000,631,8122749,135477,0,2,0,2,0,0,0,0,0,0,5406,0,3510,1896,0
26908,16.659709,16.553870,16.439165,0.000000,0.716666,0.716278,0.000097,0.063333,0.028875,0.767542,633,8107235,133934,0,2,0,2,0,0,0,0,0,0,5406,0,3510,1896,0
26909,16.228041,16.069321,16.071635,0.000000,0.000291,0.000000,0.000000,0.046875,0.014834,0.610125,644,8153334,133502,0,2,0,2,0,0,0,0,0,0,7382,0,4680,2702,0
26910,17.851875,17.755359,17.774753,0.000000,0.000458,0.000000,0.000000,0.073792,0.026750,0.747708,626,8061032,140024,0,2,0,2,0,0,0,0,0,0,5406,0,3510,1896,0
26911,15.946125,15.766061,15.734035,0.000000,0.000293,0.000000,0.000000,0.057417,0.014250,0.766292,631,8091664,134095,0,2,0,2,0,0,0,0,0,0,5406,0,3510,1896,0
26912,16.104084,15.994544,15.401229,0.000000,1.391000,1.390362,0.000221,0.096375,0.014750,0.446667,646,8168886,126020,0,2,0,2,0,0,0,0,0,0,7427,0,4680,2747,0
26913,17.220333,17.098993,16.912621,0.000000,0.749084,0.748237,0.000430,0.076833,0.025459,0.614500,627,8045340,132437,0,2,0,2,0,0,0,0,0,0,5406,0,3510,1896,0
26914,16.607750,16.525893,15.598229,0.000000,1.685375,1.684986,0.000139,0.050667,0.053291,0.454417,632,8107249,125484,0,2,0,2,0,0,0,0,0,0,5406,0,3510,1896,0
26915,16.664125,16.480839,15.592303,0.000000,1.675083,1.674570,0.000180,0.068792,0.018000,1.070791,641,8107077,123603,0,2,0,2,0,0,0,0,0,0,7208,0,4680,2528,0
26916,16.996083,16.915468,16.237675,0.000000,1.439458,1.434737,0.004263,0.096125,0.020667,0.610084,632,8107240,128374,0,2,0,2,0,0,0,0,0,0,5406,0,3510,1896,0
26917,16.299542,16.190308,16.076013,0.000000,0.595833,0.590361,0.005264,0.067625,0.029917,0.603374,633,8138323,124547,0,2,0,2,0,0,0,0,0,0,5406,0,3510,1896,0
26918,16.631750,16.476297,15.459686,0.000000,1.756418,1.746987,0.009138,0.060833,0.045750,0.613042,638,8091465,123724,0,2,0,2,0,0,0,0,0,0,7208,0,4680,2528,0
26919,16.892958,16.658268,15.977422,0.000000,1.447542,1.440903,0.002222,0.070459,0.018750,1.265625,628,8076370,128259,0,2,0,2,0,0,0,0,0,0,5406,0,3510,1896,0
26920,16.609584,16.608081,15.472625,0.000000,1.807958,1.807653,0.000097,0.065500,0.015958,0.908167,633,8122648,126042,0,2,0,2,0,0,0,0,0,0,5406,0,3510,1896,0
26921,16.548833,16.452624,15.369352,0.000000,1.749250,1.748862,0.000055,0.076958,0.014542,0.632500,642,8137938,124195,0,2,0,2,0,0,0,0,0,0,7208,0,4680,2528,0
26922,16.876625,16.770295,16.613621,0.000000,0.620833,0.620403,0.000097,0.082583,0.041125,0.605709,630,8107405,134518,0,2,0,2,0,0,0,0,0,0,5406,0,3510,1896,0
26923,16.652417,16.475437,15.792235,0.000000,1.465583,1.461945,0.003305,0.058041,0.017584,0.611791,630,8076238,126265,0,2,0,2,0,0,0,0,0,0,5406,0,3510,1896,0
26924,16.553291,16.470052,16.385795,0.000000,0.654500,0.653945,0.000180,0.068875,0.030917,0.998875,641,8122471,126571,0,2,0,2,0,0,0,0,0,0,7208,0,4680,2528,0
26925,16.218584,16.044620,15.960762,0.000000,0.558500,0.558028,0.000180,0.055083,0.019000,0.615292,634,8138079,130645,0,2,0,2,0,0,0,0,0,0,5580,0,3510,2070,0
26926,16.749500,16.674126,16.556379,0.000000,0.856416,0.856028,0.000180,0.050083,0.054292,0.608667,636,8138223,134295,0,2,0,2,0,0,0,0,0,0,5597,0,3510,2087,0
26927,17.033916,16.852627,16.625930,0.000000,0.801208,0.800737,0.000096,0.066417,0.032500,0.644625,635,8029681,128753,0,2,0,2,0,0,0,0,0,0,7208,0,4680,2528,0
26928,16.645250,16.510971,15.831415,0.000000,1.474792,1.474445,0.000097,0.064959,0.015750,0.290792,630,8107242,130307,0,2,0,2,0,0,0,0,0,0,5406,0,3510,1896,0
26929,17.331500,17.214314,15.870764,0.000000,1.944500,1.942445,0.001680,0.075417,0.020292,0.594209,632,8107311,124487,0,2,0,2,0,0,0,0,0,0,5406,0,3510,1896,0
26930,16.432250,16.362986,15.454639,0.000000,1.594917,1.594612,0.000055,0.064292,0.050750,0.537750,641,8107012,112153,0,2,0,2,0,0,0,0,0,0,7208,0,4680,2528,0
26931,17.091750,16.938292,15.835793,0.000000,1.778543,1.778112,0.000097,0.074167,0.021917,0.957167,633,8111778,117290,0,2,0,2,0,0,0,0,0,0,5406,0,3510,1896,0
26932,16.763334,16.683395,15.575213,0.000000,1.772042,1.769820,0.001597,0.086583,0.029292,0.924750,633,8118194,115402,0,2,0,2,0,0,0,0,0,0,5406,0,3510,1896,0
26933,16.396208,16.194474,14.863917,0.000000,1.858541,1.849195,0.009096,0.069500,0.027875,0.662792,637,8091625,113609,0,2,0,2,0,0,0,0,0,0,7208,0,4680,2528,0
26934,16.764292,16.713705,14.993808,0.000000,2.269749,2.267945,0.001638,0.076208,0.031250,1.280417,632,8122760,117413,0,2,0,2,0,0,0,0,0,0,5406,0,3510,1896,0
26935,16.698208,16.509208,14.756502,0.000000,2.245751,2.245403,0.000139,0.062875,0.048958,0.609583,629,8091760,116063,0,2,0,2,0,0,0,0,0,0,5406,0,3510,1896,0
26936,16.802417,16.673919,16.335043,0.000000,0.872624,0.871820,0.000221,0.061208,0.013083,0.920251,640,8107089,116478,0,2,0,2,0,0,0,0,0,0,7208,0,4680,2528,0
26937,16.455375,16.344568,14.473856,0.000000,2.436458,2.435945,0.000138,0.059083,0.022417,0.633417,633,8110263,116234,0,2,0,2,0,0,0,0,0,0,5406,0,3510,1896,0
26938,16.678500,16.551804,14.701721,0.000000,2.703583,2.703028,0.000097,0.067250,0.036208,0.783750,631,8104278,116074,0,2,0,2,0,0,0,0,0,0,5406,0,3510,1896,0
26939,16.786875,16.675123,14.725377,0.000000,2.504167,2.503612,0.000180,0.060791,0.033625,0.607833,640,8107065,115627,0,2,0,2,0,0,0,0,0,0,7208,0,4680,2528,0
26940,16.552208,16.434332,14.443995,0.000000,2.581000,2.580612,0.000138,0.054667,0.046875,0.909333,632,8107225,116490,0,2,0,2,0,0,0,0,0,0,5406,0,3510,1896,0
26941,16.740375,16.631075,15.288619,0.000000,1.998792,1.998445,0.000055,0.071583,0.013125,0.908542,639,8107169,113955,0,2,0,2,0,0,0,0,0,0,7004,0,4536,2468,0
26942,16.725042,16.586969,15.478988,0.000000,1.770750,1.770445,0.000096,0.069291,0.028000,0.632334,633,8114637,114765,0,2,0,2,0,0,0,0,0,0,5610,0,3654,1956,0
26943,16.604208,16.462093,14.067255,0.000000,2.853792,2.853403,0.000097,0.059875,0.018958,0.922416,632,8099810,113686,0,2,0,2,0,0,0,0,0,0,5406,0,3510,1896,0
26944,16.624000,16.492793,14.105708,0.000000,2.936791,2.936278,0.000180,0.059292,0.013625,0.610167,638,8107119,112603,0,2,0,2,0,0,0,0,0,0,7208,0,4680,2528,0
26945,16.838667,16.724997,14.776459,0.000000,2.601833,2.601487,0.000096,0.080583,0.029083,0.973626,631,8107270,116856,0,2,0,2,0,0,0,0,0,0,5406,0,3510,1896,0
26946,16.702500,16.566357,15.224831,0.000000,1.990792,1.984820,0.005597,0.058166,0.012250,0.635875,632,8107323,114061,0,2,0,2,0,0,0,0,0,0,5406,0,3510,1896,0
26947,16.467833,16.325548,14.068963,0.000000,2.776416,2.776028,0.000097,0.074542,0.030875,0.968958,638,8106952,111093,0,2,0,2,0,0,0,0,0,0,7208,0,4680,2528,0
26948,16.287333,16.178638,15.485221,0.000000,1.496459,1.495987,0.000180,0.059917,0.017583,0.644667,633,8122710,115040,0,2,0,2,0,0,0,0,0,0,5406,0,3510,1896,0
26949,17.105584,16.975966,14.791415,0.000000,2.689041,2.688653,0.000138,0.074250,0.031791,0.978709,630,8091817,118939,0,2,0,2,0,0,0,0,0,0,5406,0,3510,1896,0
26950,16.669375,16.555797,14.483168,0.000000,2.790833,2.790528,0.000055,0.060333,0.021958,0.959499,640,8107074,112218,0,2,0,2,0,0,0,0,0,0,7208,0,4680,2528,0
26951,16.785125,16.671056,14.277313,0.000000,2.824999,2.822320,0.002513,0.067750,0.031208,0.642208,630,8107276,116132,0,2,0,2,0,0,0,0,0,0,5406,0,3510,1896,0
26952,16.680833,16.556255,14.378923,0.000000,2.680582,2.679903,0.000097,0.070042,0.018708,0.590584,630,8107247,114391,0,2,0,2,0,0,0,0,0,0,5406,0,3510,1896,0
26953,16.667875,16.543196,15.334799,0.000000,1.724124,1.719653,0.000180,0.082083,0.015209,0.301417,639,8095425,112217,0,2,0,2,0,0,0,0,0,0,7208,0,4680,2528,0
26954,16.693417,16.580120,14.710372,0.000000,2.438709,2.419737,0.018763,0.065333,0.011917,0.928667,631,8118936,115838,0,2,0,2,0,0,0,0,0,0,5406,0,3510,1896,0
26955,16.672291,16.556911,13.897173,0.000000,3.053458,3.051112,0.002013,0.058500,0.011209,0.608625,632,8107236,112996,0,2,0,2,0,0,0,0,0,0,5406,0,3510,1896,0
26956,15.894750,15.799592,13.351906,0.000000,2.938916,2.938611,0.000055,0.057750,0.011042,0.954625,645,8122473,111785,0,2,0,2,0,0,0,0,0,0,7530,0,4680,2850,0
26957,17.436125,17.313863,15.979767,0.000000,2.015040,2.014570,0.000096,0.064709,0.028791,1.257750,629,8091742,124126,0,2,0,2,0,0,0,0,0,0,5406,0,3510,1896,0
26958,16.842500,16.706954,14.465710,0.000000,2.715333,2.714987,0.000138,0.073625,0.022209,0.309000,631,8107286,114327,0,2,0,2,0,0,0,0,0,0,5406,0,3510,1896,0
26959,16.525334,16.454830,14.070207,0.000000,2.873875,2.873320,0.000180,0.071291,0.017542,0.920166,641,8106995,112012,0,2,0,2,0,0,0,0,0,0,7208,0,4680,2528,0
26960,16.682875,16.520705,14.654568,0.000000,2.609250,2.609029,0.000096,0.067250,0.018500,0.653792,631,8107296,115524,0,2,0,2,0,0,0,0,0,0,5406,0,3510,1896,0
26961,17.121000,16.976579,15.683621,0.000000,1.907459,1.906570,0.000472,0.084416,0.023292,0.627625,629,8107262,116135,0,2,0,2,0,0,0,0,0,0,5406,0,3510,1896,0
26962,16.305625,16.229356,14.362624,0.000000,2.401750,2.396695,0.004555,0.070666,0.028375,0.658542,638,8107053,109821,0,2,0,2,0,0,0,0,0,0,7208,0,4680,2528,0
26963,16.784750,16.634832,13.847284,0.000000,3.151042,3.150362,0.000305,0.063958,0.013292,0.926792,631,8107308,112623,0,2,0,2,0,0,0,0,0,0,5406,0,3510,1896,0
26964,16.633791,16.517042,13.641051,0.000000,3.240751,3.235987,0.004430,0.062292,0.053333,1.092084,630,8107246,110626,0,2,0,2,0,0,0,0,0,0,5406,0,3510,1896,0
26965,16.593917,16.477097,13.488816,0.000000,3.354126,3.352945,0.000889,0.067375,0.038958,0.641375,641,8107104,108296,0,2,0,2,0,0,0,0,0,0,7208,0,4680,2528,0
26966,16.711292,16.606948,13.668125,0.000000,3.319041,3.318570,0.000180,0.060541,0.013834,1.287208,631,8111697,111850,0,2,0,2,0,0,0,0,0,0,5406,0,3510,1896,0
26967,16.673125,16.519046,14.328545,0.000000,2.670208,2.656945,0.012972,0.065500,0.013916,1.330083,630,8102804,109357,0,2,0,2,0,0,0,0,0,0,5406,0,3510,1896,0
26968,16.688708,16.551019,14.382851,0.000000,2.664750,2.660736,0.003639,0.067708,0.014250,0.986625,641,8107062,107582,0,2,0,2,0,0,0,0,0,0,7208,0,4680,2528,0
26969,16.758750,16.631904,14.902937,0.000000,2.354042,2.353404,0.000221,0.071750,0.016583,0.565291,630,8107291,112242,0,2,0,2,0,0,0,0,0,0,5406,0,3510,1896,0
26970,16.622000,16.499122,13.290916,0.000000,3.529208,3.527653,0.001180,0.063208,0.019209,0.954042,632,8107303,109202,0,2,0,2,0,0,0,0,0,0,5406,0,3510,1896,0
26971,16.609750,16.502222,14.312240,0.000000,2.720833,2.720486,0.000139,0.062583,0.013375,0.638875,639,8106987,107346,0,2,0,2,0,0,0,0,0,0,7208,0,4680,2528,0
26972,16.795167,16.647752,13.555038,0.000000,3.434792,3.429654,0.004888,0.057458,0.015875,0.794583,632,8107288,111202,0,2,0,2,0,0,0,0,0,0,5406,0,3510,1896,0
26973,16.633291,16.517443,13.534567,0.000000,3.346249,3.345778,0.000138,0.066084,0.023666,0.935833,631,8107267,109778,0,2,0,2,0,0,0,0,0,0,5406,0,3510,1896,0
26974,16.591042,16.459321,14.318809,0.000000,2.673376,2.673028,0.000139,0.056167,0.018000,0.461958,640,8107031,107778,0,2,0,2,0,0,0,0,0,0,7208,0,4680,2528,0
26975,16.800375,16.666654,14.525993,0.000000,2.658959,2.658529,0.000180,0.062375,0.021625,0.926292,632,8107316,110901,0,2,0,2,0,0,0,0,0,0,5406,0,3510,1896,0
26976,16.727125,16.648546,14.455590,0.000000,2.674042,2.673528,0.000097,0.115042,0.017041,0.607584,632,8122687,110364,0,2,0,2,0,0,0,0,0,0,5406,0,3510,1896,0
26977,16.543417,16.370743,13.310372,0.000000,3.418707,3.409861,0.008555,0.065958,0.017583,0.772458,639,8091595,107777,0,2,0,2,0,0,0,0,0,0,7208,0,4680,2528,0
26978,16.761041,16.617781,14.543711,0.000000,2.557834,2.556779,0.000846,0.064750,0.023792,0.608666,630,8107311,111586,0,2,0,2,0,0,0,0,0,0,5406,0,3510,1896,0
26979,16.727417,16.609178,13.760750,0.000000,3.556458,3.555862,0.000138,0.064500,0.012292,0.938417,631,8107245,109606,0,2,0,2,0,0,0,0,0,0,5406,0,3510,1896,0
26980,16.623125,16.517899,13.233485,0.000000,3.594084,3.593653,0.000180,0.062167,0.016041,0.906875,642,8107135,108004,0,2,0,2,0,0,0,0,0,0,7208,0,4680,2528,0
26981,16.750375,16.626905,13.457324,0.000000,3.487708,3.487320,0.000180,0.059375,0.014292,0.610792,631,8107237,111545,0,2,0,2,0,0,0,0,0,0,5406,0,3510,1896,0
26982,16.824875,16.710167,13.488658,0.000000,3.528958,3.528570,0.000055,0.066250,0.026208,0.751292,632,8107227,109356,0,2,0,2,0,0,0,0,0,0,5406,0,3510,1896,0
26983,16.547833,16.444103,13.319345,0.000000,3.462416,3.461903,0.000222,0.064375,0.020834,0.655875,641,8107217,107339,0,2,0,2,0,0,0,0,0,0,7208,0,4680,2528,0
26984,16.622500,16.518322,15.634201,0.000000,1.633791,1.633404,0.000096,0.104334,0.012916,0.932041,633,8122578,112110,0,2,0,2,0,0,0,0,0,0,5406,0,3510,1896,0
26985,16.886959,16.664052,15.540752,0.000000,1.831916,1.829903,0.001638,0.060916,0.021167,1.315625,630,8091827,109406,0,2,0,2,0,0,0,0,0,0,5406,0,3510,1896,0
26986,16.622583,16.507456,13.526285,0.000000,3.353125,3.352695,0.000180,0.069958,0.014334,1.073958,638,8107061,108035,0,2,0,2,0,0,0,0,0,0,7208,0,4680,2528,0
26987,16.611167,16.486168,14.168464,0.000000,2.666333,2.665820,0.000180,0.061625,0.051500,0.292500,631,8107343,110003,0,2,0,2,0,0,0,0,0,0,5406,0,3510,1896,0
26988,15.840541,15.753518,12.549642,0.000000,3.480667,3.480195,0.000180,0.068125,0.027542,1.019459,640,8153424,107579,0,2,0,2,0,0,0,0,0,0,5863,0,3510,2353,0
26989,18.537334,18.378420,18.369510,0.000000,0.000416,0.000000,0.000000,0.062875,0.029833,1.256333,635,8060681,169130,0,2,0,2,0,0,0,0,0,0,7208,0,4680,2528,0
26990,15.428666,15.328813,15.234789,0.000000,0.999792,0.991320,0.008263,0.074417,0.018708,0.461791,632,8108665,122859,0,2,0,2,0,0,0,0,0,0,5406,0,3510,1896,0
26991,16.892209,16.931872,15.812738,0.000000,1.752250,1.751695,0.000097,0.079208,0.184125,0.615667,634,8136865,123954,0,2,0,2,0,0,0,0,0,0,6944,0,4536,2408,0
26992,16.613083,16.305924,15.680602,0.000000,1.388625,1.387945,0.000222,0.078917,0.013750,0.549084,637,8076084,121793,0,2,0,2,0,0,0,0,0,0,5670,0,3654,2016,0
26993,16.556125,16.438086,15.086001,0.000000,2.033251,2.032904,0.000138,0.068292,0.018416,0.947666,632,8107452,123391,0,2,0,2,0,0,0,0,0,0,5406,0,3510,1896,0
26994,16.855333,16.756363,15.303645,0.000000,2.039833,2.037945,0.000180,0.065834,0.022666,0.650959,637,8107099,122493,0,2,0,2,0,0,0,0,0,0,7004,0,4536,2468,0
26995,16.550584,16.443334,15.173334,0.000000,1.941041,1.940778,0.000055,0.061958,0.021333,0.950333,631,8112887,123858,0,2,0,2,0,0,0,0,0,0,5610,0,3654,1956,0
26996,16.617916,16.466320,14.998649,0.000000,2.082541,2.074820,0.007513,0.062167,0.013375,1.264208,632,8101462,123141,0,2,0,2,0,0,0,0,0,0,5406,0,3510,1896,0
26997,16.478084,16.340363,14.718711,0.000000,2.236083,2.235653,0.000138,0.061500,0.036791,0.609292,640,8107110,121211,0,2,0,2,0,0,0,0,0,0,7208,0,4680,2528,0
26998,16.906750,16.787281,16.350630,0.000000,1.281543,1.281195,0.000139,0.070875,0.028458,0.915125,631,8107180,125466,0,2,0,2,0,0,0,0,0,0,5406,0,3510,1896,0
26999,16.766666,16.648708,14.969786,0.000000,2.269459,2.269029,0.000138,0.060625,0.013209,0.500541,632,8107303,123190,0,2,0,2,0,0,0,0,0,0,5406,0,3510,1896,0
27000,16.442917,16.348208,14.850918,0.000000,2.177293,2.167737,0.009180,0.060583,0.016292,0.707251,640,8117267,120672,0,2,0,2,0,0,0,0,0,0,7208,0,4680,2528,0
27001,16.792792,16.646363,15.401127,0.000000,1.909458,1.908945,0.000222,0.063333,0.015292,0.466708,629,8097114,125824,0,2,0,2,0,0,0,0,0,0,5406,0,3510,1896,0
27002,16.804416,16.659323,16.579766,0.000000,0.800333,0.792154,0.007930,0.063834,0.020666,0.965375,654,8106833,123090,0,2,0,2,0,0,0,0,0,0,7447,0,3510,3937,0
27003,16.467334,16.306775,14.687820,0.000000,2.245624,2.245278,0.000180,0.056666,0.035542,0.649292,640,8107222,120425,0,2,0,2,0,0,0,0,0,0,7208,0,4680,2528,0
27004,16.913250,16.823887,15.956962,0.000000,1.578834,1.578403,0.000139,0.054541,0.043917,0.772375,631,8107156,125307,0,2,0,2,0,0,0,0,0,0,5406,0,3510,1896,0
27005,16.593791,16.477280,16.106284,0.000000,1.238334,1.229779,0.008221,0.066875,0.013542,0.959208,632,8107219,123487,0,2,0,2,0,0,0,0,0,0,5406,0,3510,1896,0
27006,16.458084,16.329993,14.699540,0.000000,2.222251,2.221695,0.000222,0.062083,0.019083,0.446500,641,8107068,120327,0,2,0,2,0,0,0,0,0,0,7208,0,4680,2528,0
27007,16.943166,16.836193,16.437653,0.000000,1.167624,1.167236,0.000097,0.063959,0.014958,0.685958,630,8107293,125158,0,2,0,2,0,0,0,0,0,0,5406,0,3510,1896,0
27008,16.800292,16.575982,15.566826,0.000000,1.737791,1.737445,0.000055,0.072292,0.014583,0.288875,633,8091930,122477,0,2,0,2,0,0,0,0,0,0,5406,0,3510,1896,0
27009,16.370042,16.309168,16.302162,0.000000,0.103666,0.102945,0.000180,0.066666,0.023417,0.946000,640,8122408,131059,0,2,0,2,0,0,0,0,0,0,7208,0,4680,2528,0
27010,16.845125,16.708585,16.632797,0.000000,0.682083,0.681570,0.000180,0.063416,0.018000,0.612291,631,8107250,133837,0,2,0,2,0,0,0,0,0,0,5406,0,3510,1896,0
27011,17.064708,17.020338,16.801053,0.000000,1.046500,1.040404,0.005846,0.095333,0.013917,0.949250,633,8122678,132535,0,2,0,2,0,0,0,0,0,0,5406,0,3510,1896,0
27012,16.170792,15.980775,15.883278,0.000000,0.614500,0.614070,0.000180,0.059958,0.014333,0.599875,637,8091582,128889,0,2,0,2,0,0,0,0,0,0,7208,0,4680,2528,0
27013,17.237750,17.114238,16.907332,0.000000,0.000417,0.000000,0.000000,0.067666,0.016125,0.298167,633,8107397,134836,0,2,0,2,0,0,0,0,0,0,5406,0,3510,1896,0
27014,16.950291,16.808929,16.813022,0.000000,0.000708,0.000000,0.000000,0.066709,0.013875,1.576625,632,8107122,131742,0,2,0,2,0,0,0,0,0,0,5406,0,3510,1896,0
27015,15.851542,15.738166,15.711199,0.000000,0.108624,0.106153,0.002138,0.057292,0.014208,0.626083,639,8107190,129947,0,2,0,2,0,0,0,0,0,0,7208,0,4680,2528,0
27016,16.935833,16.806631,16.729014,0.000000,0.389084,0.388736,0.000139,0.061542,0.012583,1.130750,633,8107114,133814,0,2,0,2,0,0,0,0,0,0,5406,0,3510,1896,0
27017,16.603584,16.410383,15.858524,0.000000,1.333958,1.333570,0.000138,0.061041,0.010875,0.447417,631,8091809,132135,0,2,0,2,0,0,0,0,0,0,5406,0,3510,1896,0
27018,17.892666,17.846143,17.817722,0.000000,0.000293,0.000000,0.000000,0.074709,0.020208,0.597375,641,8122494,129128,0,2,0,2,0,0,0,0,0,0,7208,0,4680,2528,0
27019,16.299709,16.146338,16.144210,0.000000,0.000375,0.000000,0.000000,0.053833,0.048208,1.072000,633,8110088,134499,0,2,0,2,0,0,0,0,0,0,5406,0,3510,1896,0
27020,15.843458,15.701471,15.643529,0.000000,0.542125,0.541612,0.000180,0.060042,0.012750,0.465875,631,8104502,131221,0,2,0,2,0,0,0,0,0,0,5406,0,3510,1896,0
27021,16.486000,16.414127,15.952779,0.000000,1.252041,1.244695,0.007097,0.079375,0.017125,0.788084,639,8107008,130262,0,2,0,2,0,0,0,0,0,0,7208,0,4680,2528,0
27022,17.014542,16.869034,16.860117,0.000000,0.000292,0.000000,0.000000,0.069125,0.032333,0.447208,634,8107241,133155,0,2,0,2,0,0,0,0,0,0,5406,0,3510,1896,0
27023,16.924666,16.786127,16.611117,0.000000,1.053959,1.051529,0.002180,0.064750,0.015667,0.609708,633,8107299,131115,0,2,0,2,0,0,0,0,0,0,5406,0,3510,1896,0
27024,16.286084,16.121950,16.076927,0.000000,0.289875,0.284653,0.004847,0.055583,0.012500,0.608750,638,8106994,129643,0,2,0,2,0,0,0,0,0,0,7208,0,4680,2528,0
27025,16.798333,16.708299,16.644916,0.000000,0.263375,0.262903,0.000180,0.057583,0.011875,0.836042,633,8107369,134705,0,2,0,2,0,0,0,0,0,0,5406,0,3510,1896,0
27026,16.587292,16.465765,16.275838,0.000000,1.060750,1.060362,0.000096,0.066000,0.020291,0.606458,632,8107198,130781,0,2,0,2,0,0,0,0,0,0,5406,0,3510,1896,0
27027,16.837666,16.688204,16.615656,0.000000,0.663499,0.650320,0.012805,0.071459,0.013875,0.986625,640,8106989,128888,0,2,0,2,0,0,0,0,0,0,7208,0,4680,2528,0
27028,16.537584,16.393371,16.376373,0.000000,0.004625,0.002820,0.001472,0.053500,0.012750,1.090791,632,8107289,133385,0,2,0,2,0,0,0,0,0,0,5406,0,3510,1896,0
27029,16.601375,16.485717,16.475586,0.000000,0.142291,0.141862,0.000138,0.073833,0.016250,0.477584,629,8107273,132033,0,2,0,2,0,0,0,0,0,0,5406,0,3510,1896,0
27030,16.587458,16.468746,16.359605,0.000000,1.033710,1.033237,0.000180,0.056917,0.012791,0.749207,639,8107008,128850,0,2,0,2,0,0,0,0,0,0,7208,0,4680,2528,0
27031,16.946458,16.799717,16.718906,0.000000,0.542833,0.542236,0.000139,0.059750,0.012459,0.460833,633,8107268,133624,0,2,0,2,0,0,0,0,0,0,5406,0,3510,1896,0
27032,16.530500,16.415298,16.349117,0.000000,0.835251,0.834820,0.000180,0.079625,0.022875,0.775333,633,8107241,131059,0,2,0,2,0,0,0,0,0,0,5406,0,3510,1896,0
27033,16.568209,16.446004,16.319764,0.000000,0.585166,0.584862,0.000097,0.075708,0.037083,0.468875,639,8107051,129867,0,2,0,2,0,0,0,0,0,0,7208,0,4680,2528,0
27034,16.890916,16.783205,16.724593,0.000000,0.826459,0.826028,0.000180,0.069334,0.021541,0.767083,632,8107363,133757,0,2,0,2,0,0,0,0,0,0,5406,0,3510,1896,0
27035,16.624042,16.449322,16.422745,0.000000,0.390416,0.384070,0.006055,0.061208,0.024084,0.918958,630,8107182,131263,0,2,0,2,0,0,0,0,0,0,5406,0,3510,1896,0
27036,16.667917,16.552212,16.371717,0.000000,1.039124,1.038737,0.000138,0.073333,0.015125,0.307083,640,8107022,128963,0,2,0,2,0,0,0,0,0,0,7208,0,4680,2528,0
27037,16.746208,16.625292,16.512501,0.000000,0.938624,0.938236,0.000139,0.086208,0.023875,0.950750,633,8107299,134449,0,2,0,2,0,0,0,0,0,0,5406,0,3510,1896,0
27038,16.668333,16.538663,16.455509,0.000000,0.217458,0.217070,0.000096,0.068792,0.023667,0.305125,630,8107206,131006,0,2,0,2,0,0,0,0,0,0,5406,0,3510,1896,0
27039,17.306250,17.081406,17.067793,0.000000,0.245000,0.242778,0.001722,0.061084,0.014750,1.249500,636,8091638,129607,0,2,0,2,0,0,0,0,0,0,7208,0,4680,2528,0
27040,18.100500,18.008629,18.029233,0.000000,0.000332,0.000000,0.000000,0.052542,0.013750,1.285000,635,8122787,132507,0,2,0,2,0,0,0,0,0,0,5406,0,3510,1896,0
27041,16.302459,16.221456,16.165873,0.000000,0.000666,0.000000,0.000000,0.076583,0.015750,0.304708,632,8107169,131945,0,2,0,2,0,0,0,0,0,0,5406,0,3510,1896,0
27042,16.426125,16.293669,16.100371,0.000000,0.000334,0.000000,0.000000,0.079666,0.021750,0.699292,637,8107130,130624,0,2,0,2,0,0,0,0,0,0,7208,0,4680,2528,0
27043,17.595875,17.401538,17.411340,0.000000,0.000375,0.000000,0.000000,0.070750,0.014500,0.616833,633,8107344,130899,0,2,0,2,0,0,0,0,0,0,5406,0,3510,1896,0
27044,16.893041,16.731212,16.730961,0.000000,0.000334,0.000000,0.000000,0.065042,0.013583,1.248875,631,8107147,131131,0,2,0,2,0,0,0,0,0,0,5406,0,3510,1896,0
27045,16.506500,16.401998,16.405047,0.000000,0.000500,0.000000,0.000000,0.069334,0.019833,0.609834,637,8107079,131754,0,2,0,2,0,0,0,0,0,0,7208,0,4680,2528,0
27046,15.925875,15.783293,15.798605,0.000000,0.000291,0.000000,0.000000,0.061375,0.013000,0.956958,632,8107272,130601,0,2,0,2,0,0,0,0,0,0,5406,0,3510,1896,0
27047,17.551375,17.404557,17.083632,0.000000,0.000582,0.000000,0.000000,0.067875,0.020250,0.606041,639,8107142,130418,0,2,0,2,0,0,0,0,0,0,7004,0,4536,2468,0
27048,15.546459,15.445752,15.459462,0.000000,0.000458,0.000000,0.000000,0.052666,0.030792,0.635666,640,8184570,135441,0,2,0,2,0,0,0,0,0,0,5739,0,3654,2085,0
27049,17.458625,17.309364,17.328831,0.000000,0.000251,0.000000,0.000000,0.077416,0.023834,1.285291,624,8029795,135496,0,2,0,2,0,0,0,0,0,0,5406,0,3510,1896,0
27050,13.961458,13.746377,13.735918,0.000000,0.000293,0.000000,0.000000,0.049208,0.011917,0.649125,636,8091961,123883,0,2,0,2,0,0,0,0,0,0,7336,0,4680,2656,0
27051,17.300833,17.258174,17.230902,0.000000,0.000417,0.000000,0.000000,0.049250,0.022667,1.273374,641,8168587,137586,0,2,0,2,0,0,0,0,0,0,5586,0,3510,2076,0
27052,16.753167,16.628667,16.612754,0.000000,0.000374,0.000000,0.000000,0.070250,0.034792,0.654875,631,8076383,134469,0,2,0,2,0,0,0,0,0,0,5406,0,3510,1896,0
27053,16.550083,16.420693,16.317604,0.000000,0.625041,0.624654,0.000096,0.065292,0.014375,0.604958,637,8091566,125804,0,2,0,2,0,0,0,0,0,0,7208,0,4680,2528,0
27054,16.534125,16.396970,16.140385,0.000000,1.139458,1.139070,0.000180,0.051459,0.013000,0.467709,631,8122708,130301,0,2,0,2,0,0,0,0,0,0,5406,0,3510,1896,0
27055,16.599167,16.510980,15.751937,0.000000,1.537583,1.524570,0.012680,0.072625,0.014417,1.116125,631,8107236,126979,0,2,0,2,0,0,0,0,0,0,5406,0,3510,1896,0
27056,16.665417,16.522140,15.983410,0.000000,1.375583,1.375070,0.000180,0.059333,0.011292,0.661875,640,8107101,127988,0,2,0,2,0,0,0,0,0,0,7208,0,4680,2528,0
27057,16.829541,16.651119,16.589283,0.000000,0.663333,0.662820,0.000180,0.059834,0.015583,1.832500,633,8107313,129638,0,2,0,2,0,0,0,0,0,0,5406,0,3510,1896,0
27058,16.750959,16.638332,15.910533,0.000000,1.530375,1.515320,0.014764,0.058541,0.014542,0.638666,632,8107345,126303,0,2,0,2,0,0,0,0,0,0,5406,0,3510,1896,0
27059,16.573708,16.478739,16.405038,0.000000,0.737458,0.737070,0.000138,0.058500,0.012250,1.124751,640,8106892,125202,0,2,0,2,0,0,0,0,0,0,7208,0,4680,2528,0
27060,16.927542,16.734419,16.727588,0.000000,0.000499,0.000000,0.000000,0.072083,0.013833,1.102458,631,8091772,127414,0,2,0,2,0,0,0,0,0,0,5406,0,3510,1896,0
27061,16.520458,16.360280,16.303705,0.000000,0.609250,0.608861,0.000222,0.058042,0.014125,0.547209,634,8122703,129363,0,2,0,2,0,0,0,0,0,0,5406,0,3510,1896,0
27062,15.913042,15.834705,15.277959,0.000000,1.323625,1.323154,0.000096,0.056625,0.014041,0.789834,645,8137821,128854,0,2,0,2,0,0,0,0,0,0,7530,0,4680,2850,0
27063,17.413166,17.282562,17.254170,0.000000,0.283958,0.283612,0.000138,0.059625,0.013792,0.446833,628,8060938,136386,0,2,0,2,0,0,0,0,0,0,5406,0,3510,1896,0
27064,16.150917,16.028386,15.995817,0.000000,0.306875,0.306320,0.000222,0.060750,0.014458,0.938917,639,8168943,133404,0,2,0,2,0,0,0,0,0,0,5597,0,3510,2087,0
27065,17.177583,17.071126,17.011264,0.000000,0.672126,0.671612,0.000180,0.071625,0.013417,0.446333,637,8060769,133313,0,2,0,2,0,0,0,0,0,0,7208,0,4680,2528,0
27066,16.713250,16.536629,15.720255,0.000000,1.580750,1.580445,0.000180,0.058792,0.017292,0.910125,633,8107223,130030,0,2,0,2,0,0,0,0,0,0,5406,0,3510,1896,0
27067,16.652334,16.576214,15.770910,0.000000,1.522084,1.521778,0.000055,0.064416,0.052375,0.935208,634,8122719,128331,0,2,0,2,0,0,0,0,0,0,5406,0,3510,1896,0
27068,17.679083,17.540139,17.079224,0.000000,0.399043,0.398362,0.000305,0.076250,0.021333,0.288333,644,8122416,126609,0,2,0,2,0,0,0,0,0,0,7430,0,4680,2750,0
27069,17.793958,17.690246,17.661449,0.000000,0.000499,0.000000,0.000000,0.066459,0.040625,0.658083,635,8122791,139956,0,2,0,2,0,0,0,0,0,0,5617,0,3510,2107,0
27070,16.748334,16.567599,16.576569,0.000000,0.000292,0.000000,0.000000,0.059875,0.013666,0.607916,626,8045290,135104,0,2,0,2,0,0,0,0,0,0,5406,0,3510,1896,0
27071,15.863916,15.790999,15.745262,0.000000,0.000625,0.000000,0.000000,0.104792,0.016333,1.050667,641,8107039,126180,0,2,0,2,0,0,0,0,0,0,7208,0,4680,2528,0
27072,16.912292,16.773242,16.755793,0.000000,0.000292,0.000000,0.000000,0.065333,0.046417,0.936958,633,8122704,133172,0,2,0,2,0,0,0,0,0,0,5406,0,3510,1896,0
27073,16.129042,15.932848,15.828654,0.000000,0.000542,0.000000,0.000000,0.068083,0.026000,0.306917,630,8091813,128919,0,2,0,2,0,0,0,0,0,0,5406,0,3510,1896,0
27074,15.978125,15.845655,15.765548,0.000000,0.418332,0.404695,0.013263,0.070541,0.013667,0.947708,640,8107051,127270,0,2,0,2,0,0,0,0,0,0,7208,0,4680,2528,0
27075,16.762833,16.648667,16.284416,0.000000,1.181666,1.178112,0.003388,0.069708,0.018250,0.659125,632,8107320,130992,0,2,0,2,0,0,0,0,0,0,5406,0,3510,1896,0
27076,16.658542,16.507128,16.434874,0.000000,0.698166,0.697236,0.000472,0.067583,0.013542,0.917833,633,8107305,129074,0,2,0,2,0,0,0,0,0,0,5406,0,3510,1896,0
27077,16.527250,16.341503,16.135390,0.000000,0.961959,0.956695,0.004930,0.066333,0.021958,0.672458,638,8091517,126660,0,2,0,2,0,0,0,0,0,0,7208,0,4680,2528,0
27078,16.816166,16.765946,16.745453,0.000000,0.007208,0.006028,0.000888,0.060709,0.027208,1.159541,634,8122673,130618,0,2,0,2,0,0,0,0,0,0,5406,0,3510,1896,0
27079,16.697959,16.565677,15.765624,0.000000,1.568543,1.568111,0.000139,0.062000,0.011125,0.647291,632,8107256,124915,0,2,0,2,0,0,0,0,0,0,5406,0,3510,1896,0
27080,16.735208,16.596947,15.838334,0.000000,1.514833,1.514487,0.000096,0.074958,0.016792,0.765082,640,8107043,123714,0,2,0,2,0,0,0,0,0,0,7208,0,4680,2528,0
27081,16.043500,15.828210,15.836949,0.000000,0.000333,0.000000,0.000000,0.052250,0.012917,1.329584,632,8092166,124129,0,2,0,2,0,0,0,0,0,0,5603,0,3510,2093,0
27082,17.363833,17.306846,17.237546,0.000000,0.189500,0.169361,0.019764,0.062917,0.016167,0.672209,634,8122504,135510,0,2,0,2,0,0,0,0,0,0,5406,0,3510,1896,0
27083,16.540834,16.416241,16.117291,0.000000,1.183166,1.182695,0.000180,0.066541,0.032250,0.751333,640,8106845,125049,0,2,0,2,0,0,0,0,0,0,7208,0,4680,2528,0
27084,16.727083,16.612495,15.846602,0.000000,1.546208,1.545737,0.000138,0.067750,0.016875,0.480958,632,8107248,128764,0,2,0,2,0,0,0,0,0,0,5406,0,3510,1896,0
27085,16.679333,16.553660,15.482668,0.000000,1.808293,1.801070,0.000139,0.065792,0.041125,0.606708,634,8107247,126941,0,2,0,2,0,0,0,0,0,0,5406,0,3510,1896,0
27086,16.600959,16.517502,15.527665,0.000000,1.689542,1.689154,0.000138,0.067500,0.012291,0.445708,639,8107040,124801,0,2,0,2,0,0,0,0,0,0,7208,0,4680,2528,0
27087,16.781708,16.623507,15.461071,0.000000,1.852249,1.851862,0.000263,0.074333,0.018542,1.032000,630,8107277,127494,0,2,0,2,0,0,0,0,0,0,5406,0,3510,1896,0
27088,16.740500,16.607776,16.518782,0.000000,0.955292,0.954820,0.000139,0.068708,0.012959,0.290833,633,8107475,124838,0,2,0,2,0,0,0,0,0,0,5406,0,3510,1896,0
27089,16.605625,16.486265,16.374600,0.000000,0.830167,0.829737,0.000180,0.067208,0.013834,1.228750,640,8106834,122997,0,2,0,2,0,0,0,0,0,0,7208,0,4680,2528,0
27090,16.653375,16.497080,16.485800,0.000000,0.336499,0.336070,0.000138,0.064542,0.015083,1.250500,632,8107237,126403,0,2,0,2,0,0,0,0,0,0,5406,0,3510,1896,0
27091,17.187458,17.112888,16.887189,0.000000,1.091250,1.044778,0.046139,0.095584,0.021041,0.316834,659,8122760,124910,0,2,0,2,0,0,0,0,0,0,5406,0,3510,1896,0
27092,16.474500,16.276387,16.197223,0.000000,0.450917,0.450279,0.000221,0.075625,0.015667,0.914333,637,8091594,125265,0,2,0,2,0,0,0,0,0,0,7208,0,4680,2528,0
27093,17.206167,17.069380,17.006807,0.000000,0.000709,0.000000,0.000000,0.069167,0.013083,0.290375,631,8107238,127060,0,2,0,2,0,0,0,0,0,0,5406,0,3510,1896,0
27094,16.564167,16.433700,16.417366,0.000000,0.000375,0.000000,0.000000,0.074708,0.015500,0.583293,633,8107290,127145,0,2,0,2,0,0,0,0,0,0,5406,0,3510,1896,0
27095,15.879541,15.754713,15.767418,0.000000,0.616874,0.616320,0.000138,0.061334,0.015875,0.295417,640,8107077,126168,0,2,0,2,0,0,0,0,0,0,7208,0,4680,2528,0
27096,16.724834,16.604072,15.626217,0.000000,1.790876,1.790612,0.000097,0.048875,0.026166,0.907000,627,8107249,126476,0,2,0,2,0,0,0,0,0,0,5406,0,3510,1896,0
27097,15.859083,15.658581,15.086585,0.000000,1.488625,1.488278,0.000139,0.042375,0.025708,0.611541,633,8091762,124172,0,2,0,2,0,0,0,0,0,0,5617,0,3510,2107,0
27098,17.302458,17.306404,17.321393,0.000000,0.554292,0.553945,0.000138,0.060584,0.048416,1.058625,643,8137940,136213,0,2,0,2,0,0,0,0,0,0,7208,0,4680,2528,0
27099,16.741250,16.568188,14.493695,0.000000,2.680084,2.679695,0.000180,0.048459,0.011958,1.054125,630,8091808,123612,0,2,0,2,0,0,0,0,0,0,5406,0,3510,1896,0
27100,16.816459,16.744790,15.084257,0.000000,2.330790,2.330111,0.000055,0.063750,0.042875,0.619584,641,8122819,123590,0,2,0,2,0,0,0,0,0,0,7124,0,4596,2528,0
27101,16.512625,16.361169,14.539749,0.000000,2.485583,2.485237,0.000180,0.048791,0.010209,1.217042,633,8094290,125436,0,2,0,2,0,0,0,0,0,0,5490,0,3594,1896,0
27102,15.936583,15.830329,13.988636,0.000000,2.484083,2.483778,0.000055,0.045333,0.012959,0.539542,637,8119821,120819,0,2,0,2,0,0,0,0,0,0,5863,0,3510,2353,0
27103,17.295083,17.185282,16.763249,0.000000,1.348334,1.348028,0.000097,0.063625,0.046667,0.943167,640,8091567,133720,0,2,0,2,0,0,0,0,0,0,7208,0,4680,2528,0
27104,16.781500,16.694292,15.136364,0.000000,2.278042,2.277529,0.000055,0.049084,0.047541,0.620083,632,8122699,131083,0,2,0,2,0,0,0,0,0,0,5406,0,3510,1896,0
27105,16.727167,16.615196,14.631029,0.000000,2.615416,2.615028,0.000180,0.049375,0.049583,0.985958,632,8107282,127719,0,2,0,2,0,0,0,0,0,0,5406,0,3510,1896,0
27106,16.566333,16.411634,14.429657,0.000000,2.612582,2.612361,0.000055,0.048417,0.027917,1.226125,639,8098610,124789,0,2,0,2,0,0,0,0,0,0,7208,0,4680,2528,0
27107,16.256084,16.058118,14.588412,0.000000,2.115958,2.115612,0.000138,0.047208,0.011458,0.613417,632,8100189,126392,0,2,0,2,0,0,0,0,0,0,5628,0,3510,2118,0
27108,17.162166,17.079913,16.375013,0.000000,1.570166,1.569945,0.000055,0.051542,0.047625,1.212916,630,8107322,131729,0,2,0,2,0,0,0,0,0,0,5406,0,3510,1896,0
27109,16.592625,16.462568,15.404653,0.000000,1.878459,1.877945,0.000139,0.049042,0.011500,0.622417,662,8106678,123399,0,2,0,2,0,0,0,0,0,0,9249,0,4680,4569,0
27110,16.199667,16.036346,13.828072,0.000000,2.769875,2.769612,0.000138,0.037375,0.008750,1.248000,634,8107328,123164,0,2,0,2,0,0,0,0,0,0,5645,0,3510,2135,0
27111,17.412125,17.351873,15.737406,0.000000,2.311834,2.311362,0.000180,0.048542,0.015208,0.557625,631,8111727,134168,0,2,0,2,0,0,0,0,0,0,5406,0,3510,1896,0
27112,16.480083,16.349913,14.601668,0.000000,2.428500,2.428153,0.000097,0.047375,0.046625,0.908583,638,8102429,124172,0,2,0,2,0,0,0,0,0,0,7208,0,4680,2528,0
27113,16.949959,16.887626,15.062356,0.000000,2.490333,2.490070,0.000180,0.062166,0.045459,1.228209,633,8122785,128694,0,2,0,2,0,0,0,0,0,0,5406,0,3510,1896,0
27114,16.700833,16.561432,14.800850,0.000000,2.420250,2.419987,0.000138,0.060042,0.043625,0.290666,630,8107222,126177,0,2,0,2,0,0,0,0,0,0,5406,0,3510,1896,0
27115,16.385417,16.211733,14.350834,0.000000,2.515293,2.515111,0.000014,0.044125,0.026375,0.913958,638,8091592,123653,0,2,0,2,0,0,0,0,0,0,7208,0,4680,2528,0
27116,17.086541,17.032875,15.114824,0.000000,2.545166,2.544862,0.000138,0.087917,0.034125,0.607375,632,8123136,129138,0,2,0,2,0,0,0,0,0,0,5406,0,3510,1896,0
27117,16.613625,16.439169,15.481958,0.000000,1.767041,1.766445,0.000097,0.061250,0.038959,1.272083,631,8091389,125933,0,2,0,2,0,0,0,0,0,0,5406,0,3510,1896,0
27118,16.418209,16.316575,14.229816,0.000000,2.699792,2.699486,0.000097,0.046958,0.046000,0.607500,639,8107065,122786,0,2,0,2,0,0,0,0,0,0,7208,0,4680,2528,0
27119,16.627708,16.474859,15.479800,0.000000,1.828542,1.828320,0.000055,0.042792,0.010958,1.274667,633,8107230,125976,0,2,0,2,0,0,0,0,0,0,5406,0,3510,1896,0
27120,17.030458,16.901760,15.080488,0.000000,2.486959,2.486612,0.000180,0.049542,0.012542,0.610333,632,8107283,124825,0,2,0,2,0,0,0,0,0,0,5406,0,3510,1896,0
27121,16.365917,16.260085,14.508306,0.000000,2.409751,2.409445,0.000139,0.048083,0.025709,1.254376,640,8107078,122816,0,2,0,2,0,0,0,0,0,0,7208,0,4680,2528,0
27122,16.743875,16.617059,14.678991,0.000000,2.536042,2.535612,0.000221,0.044958,0.011042,1.217749,633,8107233,128054,0,2,0,2,0,0,0,0,0,0,5406,0,3510,1896,0
27123,16.760750,16.640960,14.643840,0.000000,2.592000,2.591653,0.000180,0.056167,0.034666,0.482750,632,8107293,126146,0,2,0,2,0,0,0,0,0,0,5406,0,3510,1896,0
27124,16.510458,16.389584,14.404924,0.000000,2.595085,2.594820,0.000097,0.043334,0.015666,1.118501,640,8106980,124932,0,2,0,2,0,0,0,0,0,0,7208,0,4680,2528,0
27125,16.772417,16.657139,14.799743,0.000000,2.510208,2.509904,0.000055,0.045875,0.026500,0.456000,633,8107262,128597,0,2,0,2,0,0,0,0,0,0,5406,0,3510,1896,0
27126,16.651125,16.535763,14.487387,0.000000,2.799208,2.798820,0.000097,0.042917,0.025666,0.767625,631,8107254,126420,0,2,0,2,0,0,0,0,0,0,5406,0,3510,1896,0
27127,17.003458,16.886210,14.999874,0.000000,2.476208,2.475695,0.000180,0.071750,0.016375,0.296459,640,8107050,124071,0,2,0,2,0,0,0,0,0,0,7208,0,4680,2528,0
27128,16.673459,16.560481,15.453557,0.000000,1.811292,1.810737,0.000263,0.059333,0.012000,0.914709,633,8107331,128353,0,2,0,2,0,0,0,0,0,0,5406,0,3510,1896,0
27129,16.757791,16.636999,15.389944,0.000000,1.947833,1.947445,0.000138,0.053959,0.016000,1.174957,632,8107247,125086,0,2,0,2,0,0,0,0,0,0,5406,0,3510,1896,0
27130,16.479125,16.367930,15.034928,0.000000,2.029375,2.028778,0.000180,0.061209,0.014500,0.448417,638,8110994,121679,0,2,0,2,0,0,0,0,0,0,7208,0,4680,2528,0
27131,16.943750,16.808167,16.020154,0.000000,1.566208,1.561029,0.004930,0.056125,0.012792,0.911209,629,8103244,126347,0,2,0,2,0,0,0,0,0,0,5406,0,3510,1896,0
27132,15.791250,15.653126,15.140647,0.000000,1.324793,1.324320,0.000180,0.052167,0.013750,0.609583,632,8107255,123922,0,2,0,2,0,0,0,0,0,0,5531,0,3510,2021,0
27133,16.340625,16.165666,15.981832,0.000000,0.643542,0.643153,0.000139,0.051834,0.013916,1.096626,641,8107044,134004,0,2,0,2,0,0,0,0,0,0,7208,0,4680,2528,0
27134,17.573334,17.440554,17.311479,0.000000,0.995584,0.995195,0.000096,0.058208,0.015042,0.608958,630,8091788,137942,0,2,0,2,0,0,0,0,0,0,5406,0,3510,1896,0
27135,16.686166,16.671032,15.789831,0.000000,1.643624,1.643153,0.000138,0.063834,0.021208,0.754208,631,8122716,129638,0,2,0,2,0,0,0,0,0,0,5406,0,3510,1896,0
27136,16.562000,16.432477,15.640782,0.000000,1.583333,1.582903,0.000097,0.066334,0.022625,0.944667,642,8137912,128723,0,2,0,2,0,0,0,0,0,0,7208,0,4680,2528,0
27137,16.750292,16.635787,15.701928,0.000000,1.694416,1.693945,0.000096,0.063625,0.022833,0.460375,630,8076585,130747,0,2,0,2,0,0,0,0,0,0,5406,0,3510,1896,0
27138,16.549375,16.433711,15.716057,0.000000,1.502251,1.501862,0.000138,0.075750,0.020000,0.752625,630,8107044,128588,0,2,0,2,0,0,0,0,0,0,5406,0,3510,1896,0
27139,16.798292,16.645882,15.769042,0.000000,1.621167,1.620611,0.000139,0.055666,0.041625,0.458875,642,8122494,128726,0,2,0,2,0,0,0,0,0,0,7208,0,4680,2528,0
27140,16.538541,16.412799,15.529964,0.000000,1.621791,1.621445,0.000138,0.057709,0.012625,0.805166,632,8107352,127886,0,2,0,2,0,0,0,0,0,0,5406,0,3510,1896,0
27141,16.866250,16.672393,15.541003,0.000000,1.854208,1.853820,0.000138,0.063792,0.017833,0.606667,628,8076287,128748,0,2,0,2,0,0,0,0,0,0,5406,0,3510,1896,0
27142,16.361167,16.337332,15.325860,0.000000,1.660792,1.646070,0.014264,0.060375,0.013625,0.930418,647,8168841,127685,0,2,0,2,0,0,0,0,0,0,7399,0,4680,2719,0
27143,17.535542,17.373641,17.360622,0.000000,0.000500,0.000000,0.000000,0.059208,0.011417,0.609916,628,8060840,141096,0,2,0,2,0,0,0,0,0,0,5406,0,3510,1896,0
27144,16.456541,16.398823,15.847670,0.000000,1.369126,1.368820,0.000097,0.067834,0.028291,1.200792,658,8122703,129974,0,2,0,2,0,0,0,0,0,0,5406,0,3510,1896,0
27145,16.634917,16.435353,16.327532,0.000000,0.696292,0.695695,0.000264,0.055583,0.047459,0.918583,639,8091737,128091,0,2,0,2,0,0,0,0,0,0,7208,0,4680,2528,0
27146,16.859792,16.720781,16.556199,0.000000,0.812583,0.812070,0.000138,0.077166,0.012084,0.611250,630,8107161,129920,0,2,0,2,0,0,0,0,0,0,5406,0,3510,1896,0
27147,15.725416,15.635338,15.342937,0.000000,0.553667,0.535737,0.017597,0.070625,0.027750,0.837500,635,8107208,127289,0,2,0,2,0,0,0,0,0,0,5586,0,3510,2076,0
27148,17.345209,17.216988,17.197308,0.000000,0.592500,0.592070,0.000139,0.073833,0.037125,0.292500,640,8107046,138678,0,2,0,2,0,0,0,0,0,0,7208,0,4680,2528,0
27149,16.764458,16.606867,15.740458,0.000000,1.518292,1.517612,0.000430,0.068250,0.029000,1.219334,632,8107212,129754,0,2,0,2,0,0,0,0,0,0,5406,0,3510,1896,0
27150,16.637542,16.512915,16.319375,0.000000,0.702499,0.702028,0.000055,0.065083,0.013667,0.292083,631,8107265,128980,0,2,0,2,0,0,0,0,0,0,5406,0,3510,1896,0
27151,16.671666,16.555186,15.523224,0.000000,1.689958,1.689528,0.000139,0.073125,0.016292,0.906834,640,8107110,126764,0,2,0,2,0,0,0,0,0,0,7208,0,4680,2528,0
27152,16.761542,16.641884,15.465007,0.000000,1.916417,1.915945,0.000180,0.061667,0.028458,1.216750,633,8107245,127461,0,2,0,2,0,0,0,0,0,0,5406,0,3510,1896,0
27153,16.621500,16.499587,16.250641,0.000000,1.070875,1.070445,0.000097,0.071417,0.024000,0.448209,638,8107229,124200,0,2,0,2,0,0,0,0,0,0,7004,0,4536,2468,0
27154,16.730833,16.583121,16.326513,0.000000,1.098708,1.097695,0.000805,0.072875,0.013917,0.900542,634,8108063,125753,0,2,0,2,0,0,0,0,0,0,5610,0,3654,1956,0
27155,16.077917,15.977787,14.684073,0.000000,1.976084,1.975695,0.000138,0.062667,0.013333,0.446041,636,8121665,124111,0,2,0,2,0,0,0,0,0,0,5535,0,3510,2025,0
27156,16.358000,16.243377,15.615963,0.000000,1.393833,1.386445,0.007097,0.049875,0.011750,0.592833,648,8153181,131656,0,2,0,2,0,0,0,0,0,0,7606,0,4680,2926,0
27157,18.369958,18.281796,17.965511,0.000000,0.000292,0.000000,0.000000,0.089292,0.014208,0.291792,627,8060977,142776,0,2,0,2,0,0,0,0,0,0,5406,0,3510,1896,0
27158,15.198875,15.023476,14.917205,0.000000,0.592250,0.591654,0.000096,0.054709,0.013583,0.771375,634,8091667,124382,0,2,0,2,0,0,0,0,0,0,5728,0,3510,2218,0
27159,17.427917,17.338324,17.222934,0.000000,0.688000,0.671195,0.016555,0.070125,0.022292,0.303459,638,8107023,135435,0,2,0,2,0,0,0,0,0,0,7208,0,4680,2528,0
27160,17.080208,16.914167,16.674879,0.000000,1.111667,1.096445,0.014847,0.069667,0.014208,0.951541,633,8107296,128431,0,2,0,2,0,0,0,0,0,0,5406,0,3510,1896,0
27161,16.295125,16.143090,16.101613,0.000000,0.439876,0.439529,0.000096,0.074209,0.016500,1.272875,630,8107255,125993,0,2,0,2,0,0,0,0,0,0,5406,0,3510,1896,0
27162,16.826625,16.637966,15.843503,0.000000,1.465250,1.463445,0.001305,0.070875,0.023667,0.346875,638,8091618,122854,0,2,0,2,0,0,0,0,0,0,7208,0,4680,2528,0
27163,16.645042,16.588175,16.380779,0.000000,0.639625,0.637986,0.001264,0.066833,0.012917,0.629667,632,8122742,127889,0,2,0,2,0,0,0,0,0,0,5406,0,3510,1896,0
27164,16.608708,16.529765,15.685252,0.000000,1.558875,1.558362,0.000180,0.064000,0.037625,0.644875,633,8117111,127721,0,2,0,2,0,0,0,0,0,0,5406,0,3510,1896,0
27165,16.580125,16.401053,16.296606,0.000000,0.958543,0.957987,0.000222,0.052459,0.018666,0.935167,638,8097248,125363,0,2,0,2,0,0,0,0,0,0,7208,0,4680,2528,0
27166,17.152375,17.095824,16.333466,0.000000,1.416083,1.413653,0.002097,0.081042,0.044583,0.582708,633,8122645,129525,0,2,0,2,0,0,0,0,0,0,5406,0,3510,1896,0
27167,16.334542,16.210346,15.986648,0.000000,0.325958,0.325487,0.000096,0.065083,0.051209,0.638625,632,8107248,126528,0,2,0,2,0,0,0,0,0,0,5406,0,3510,1896,0
27168,16.704833,16.508203,15.847002,0.000000,1.426334,1.425862,0.000222,0.074209,0.027458,0.946375,636,8080736,124129,0,2,0,2,0,0,0,0,0,0,7208,0,4680,2528,0
27169,16.717459,16.590949,16.598038,0.000000,0.000208,0.000000,0.000000,0.066666,0.013459,0.292083,633,8118124,128159,0,2,0,2,0,0,0,0,0,0,5406,0,3510,1896,0
27170,16.655666,16.511079,16.313972,0.000000,1.078417,1.070779,0.004555,0.059875,0.032334,0.929709,632,8107259,124421,0,2,0,2,0,0,0,0,0,0,5406,0,3510,1896,0
27171,16.551459,16.485347,15.514619,0.000000,1.691917,1.691528,0.000097,0.065708,0.044000,0.404834,639,8107063,123319,0,2,0,2,0,0,0,0,0,0,7208,0,4680,2528,0
27172,15.895083,15.739052,14.971467,0.000000,1.606251,1.592028,0.011014,0.061792,0.015333,0.901833,641,8168923,124545,0,2,0,2,0,0,0,0,0,0,5712,0,3510,2202,0
27173,17.553333,17.437247,17.380864,0.000000,0.436542,0.422195,0.014055,0.073167,0.015833,0.610541,629,8060903,133885,0,2,0,2,0,0,0,0,0,0,5406,0,3510,1896,0
27174,16.521250,16.282015,16.193443,0.000000,0.876875,0.876362,0.000222,0.061834,0.037041,0.758416,637,8076162,131863,0,2,0,2,0,0,0,0,0,0,7208,0,4680,2528,0
27175,16.484209,16.415872,16.422775,0.000000,0.633167,0.632653,0.000180,0.059833,0.036875,0.609250,632,8138141,132014,0,2,0,2,0,0,0,0,0,0,5406,0,3510,1896,0
27176,17.219000,17.088040,17.030704,0.000000,0.000333,0.000000,0.000000,0.066500,0.041583,0.736542,630,8091828,136082,0,2,0,2,0,0,0,0,0,0,5406,0,3510,1896,0
27177,16.256166,16.165066,16.126756,0.000000,0.339292,0.338862,0.000055,0.073834,0.021208,0.912459,639,8107068,130575,0,2,0,2,0,0,0,0,0,0,7208,0,4680,2528,0
27178,16.827125,16.676421,16.463128,0.000000,1.133000,1.132486,0.000139,0.073209,0.036750,0.447625,631,8107481,133390,0,2,0,2,0,0,0,0,0,0,5406,0,3510,1896,0
27179,16.807584,16.668823,16.056175,0.000000,1.349667,1.349320,0.000055,0.064291,0.018125,0.762708,632,8107070,129882,0,2,0,2,0,0,0,0,0,0,5406,0,3510,1896,0
27180,16.438916,16.356087,16.105716,0.000000,1.121207,1.120695,0.000055,0.066167,0.029292,0.624625,640,8106987,129973,0,2,0,2,0,0,0,0,0,0,7208,0,4680,2528,0
27181,16.865875,16.740309,16.399331,0.000000,1.197749,1.197236,0.000180,0.066417,0.020208,1.255334,630,8107266,134297,0,2,0,2,0,0,0,0,0,0,5406,0,3510,1896,0
27182,16.647375,16.506045,16.486290,0.000000,0.143208,0.142695,0.000180,0.059792,0.017667,0.609417,633,8107247,128663,0,2,0,2,0,0,0,0,0,0,5406,0,3510,1896,0
27183,16.523459,16.347838,16.267657,0.000000,0.376042,0.371445,0.004388,0.062666,0.018750,1.068959,640,8109456,128599,0,2,0,2,0,0,0,0,0,0,7208,0,4680,2528,0
27184,16.844833,16.742326,16.544885,0.000000,1.073042,1.072153,0.000639,0.058667,0.030333,0.588958,631,8104848,133641,0,2,0,2,0,0,0,0,0,0,5406,0,3510,1896,0
27185,17.042000,16.925857,16.838418,0.000000,0.361457,0.361070,0.000096,0.060333,0.028417,0.641334,633,8107369,129526,0,2,0,2,0,0,0,0,0,0,5406,0,3510,1896,0
27186,16.258542,16.140260,16.121175,0.000000,0.000291,0.000000,0.000000,0.077458,0.021292,0.935876,640,8106924,128627,0,2,0,2,0,0,0,0,0,0,7208,0,4680,2528,0
27187,16.732541,16.569475,16.061599,0.000000,1.314292,1.300778,0.013222,0.057292,0.018792,0.338208,632,8107425,131543,0,2,0,2,0,0,0,0,0,0,5406,0,3510,1896,0
27188,16.919417,16.808080,16.638436,0.000000,0.877125,0.871904,0.004971,0.062708,0.021625,1.247958,630,8113989,128344,0,2,0,2,0,0,0,0,0,0,5406,0,3510,1896,0
27189,16.261125,16.140747,16.046953,0.000000,1.021250,1.020778,0.000138,0.058833,0.016459,0.612041,641,8100188,128207,0,2,0,2,0,0,0,0,0,0,7208,0,4680,2528,0
27190,16.945125,16.849194,16.729105,0.000000,0.981042,0.977820,0.003014,0.065500,0.062667,0.594083,633,8119874,132455,0,2,0,2,0,0,0,0,0,0,5406,0,3510,1896,0
27191,15.724542,15.447687,15.340543,0.000000,0.771667,0.771154,0.000180,0.055958,0.021500,0.607667,632,8079092,125764,0,2,0,2,0,0,0,0,0,0,5580,0,3510,2070,0
27192,17.331416,17.326165,17.129917,0.000000,0.305749,0.305278,0.000180,0.071542,0.025375,0.775876,643,8122444,135603,0,2,0,2,0,0,0,0,0,0,7208,0,4680,2528,0
27193,17.491875,17.321654,17.172331,0.000000,0.000417,0.000000,0.000000,0.065334,0.037125,0.938834,632,8107276,132071,0,2,0,2,0,0,0,0,0,0,5406,0,3510,1896,0
27194,15.317500,15.130596,15.060565,0.000000,0.069376,0.047779,0.020846,0.064542,0.019667,0.611291,635,8107266,124487,0,2,0,2,0,0,0,0,0,0,5625,0,3510,2115,0
27195,17.350125,17.177578,16.932487,0.000000,1.065541,1.055195,0.010013,0.065209,0.048583,0.599166,640,8091522,134080,0,2,0,2,0,0,0,0,0,0,7208,0,4680,2528,0
27196,17.193292,17.176044,16.734424,0.000000,1.223374,1.215486,0.007430,0.087208,0.014500,0.461917,634,8122726,130176,0,2,0,2,0,0,0,0,0,0,5406,0,3510,1896,0
27197,16.863708,16.675870,16.648660,0.000000,0.000459,0.000000,0.000000,0.065334,0.021375,1.536833,653,8107247,126182,0,2,0,2,0,0,0,0,0,0,5406,0,3510,1896,0
27198,16.391834,16.269297,16.122368,0.000000,0.917833,0.909278,0.008097,0.063416,0.012542,0.948792,640,8107100,126646,0,2,0,2,0,0,0,0,0,0,7208,0,4680,2528,0
27199,16.401708,16.295012,16.223332,0.000000,0.567001,0.566653,0.000097,0.065583,0.050000,0.468708,632,8107236,129174,0,2,0,2,0,0,0,0,0,0,5406,0,3510,1896,0
27200,16.840750,16.688949,15.644076,0.000000,1.764333,1.763987,0.000055,0.061208,0.012709,1.298501,631,8107240,125017,0,2,0,2,0,0,0,0,0,0,5406,0,3510,1896,0
27201,16.833958,16.703255,16.611045,0.000000,0.536168,0.535778,0.000097,0.059500,0.013125,0.300375,639,8107095,128382,0,2,0,2,0,0,0,0,0,0,7208,0,4680,2528,0
27202,16.630584,16.495293,16.444176,0.000000,0.123124,0.122736,0.000097,0.082041,0.016875,1.051501,631,8107238,125145,0,2,0,2,0,0,0,0,0,0,5406,0,3510,1896,0
27203,16.603833,16.469901,16.209627,0.000000,1.090792,1.085112,0.005263,0.069333,0.035292,0.582792,631,8107289,124628,0,2,0,2,0,0,0,0,0,0,5406,0,3510,1896,0
27204,16.696625,16.565920,16.429505,0.000000,0.897749,0.888237,0.009263,0.067458,0.014292,0.974292,638,8107066,126039,0,2,0,2,0,0,0,0,0,0,7208,0,4680,2528,0
27205,16.574125,16.456712,15.903857,0.000000,1.361374,1.360986,0.000139,0.069458,0.038292,0.613042,633,8107292,126390,0,2,0,2,0,0,0,0,0,0,5406,0,3510,1896,0
27206,16.657500,16.545598,15.720326,0.000000,1.585124,1.584737,0.000096,0.058000,0.031208,0.768375,638,8107217,123087,0,2,0,2,0,0,0,0,0,0,7004,0,4536,2468,0
27207,16.729750,16.594569,15.929857,0.000000,1.451375,1.451070,0.000097,0.057375,0.036042,0.966959,632,8107084,126287,0,2,0,2,0,0,0,0,0,0,5610,0,3654,1956,0
27208,16.617292,16.496929,15.271433,0.000000,1.923082,1.917111,0.005555,0.061875,0.013583,0.465875,632,8107274,125074,0,2,0,2,0,0,0,0,0,0,5406,0,3510,1896,0
27209,16.642333,16.539504,15.334539,0.000000,1.865876,1.865279,0.000221,0.065083,0.013834,0.910208,638,8107127,123300,0,2,0,2,0,0,0,0,0,0,7208,0,4680,2528,0
27210,16.770542,16.623285,15.421058,0.000000,1.852957,1.852528,0.000305,0.064208,0.019000,0.610333,632,8107195,127756,0,2,0,2,0,0,0,0,0,0,5406,0,3510,1896,0
27211,16.705583,16.644167,15.569546,0.000000,1.755875,1.755528,0.000139,0.086542,0.023208,0.765500,633,8122711,125606,0,2,0,2,0,0,0,0,0,0,5406,0,3510,1896,0
27212,16.559750,16.397316,15.047827,0.000000,2.037709,2.037404,0.000055,0.065750,0.014083,0.611083,640,8095614,122369,0,2,0,2,0,0,0,0,0,0,7208,0,4680,2528,0
27213,15.919417,15.791804,15.806460,0.000000,0.000249,0.000000,0.000000,0.054833,0.019375,0.927959,640,8164848,126349,0,2,0,2,0,0,0,0,0,0,6066,0,3510,2556,0
27214,17.501916,17.345330,17.212420,0.000000,0.839583,0.839236,0.000097,0.064584,0.028416,1.221292,627,8045476,139890,0,2,0,2,0,0,0,0,0,0,5406,0,3510,1896,0
27215,16.748584,16.626441,15.367954,0.000000,1.935542,1.909529,0.025596,0.058916,0.012584,0.447583,640,8107035,121502,0,2,0,2,0,0,0,0,0,0,7208,0,4680,2528,0
27216,16.462708,16.336421,15.418013,0.000000,1.639916,1.639695,0.000055,0.063000,0.016542,0.906959,651,8106951,125132,0,2,0,2,0,0,0,0,0,0,7447,0,3510,3937,0
27217,16.720292,16.622010,16.156514,0.000000,1.279834,1.261861,0.017722,0.061708,0.012958,0.614417,632,8107278,124528,0,2,0,2,0,0,0,0,0,0,5406,0,3510,1896,0
27218,16.191041,16.040632,15.203023,0.000000,1.575583,1.571654,0.003721,0.055959,0.015125,0.581751,644,8140315,120606,0,2,0,2,0,0,0,0,0,0,7399,0,4680,2719,0
27219,16.898084,16.745166,16.389465,0.000000,1.149126,1.148612,0.000180,0.061541,0.032459,0.290208,629,8073898,132599,0,2,0,2,0,0,0,0,0,0,5406,0,3510,1896,0
27220,16.880416,16.715153,16.063036,0.000000,1.512083,1.511695,0.000097,0.077750,0.022042,0.754791,631,8091807,126118,0,2,0,2,0,0,0,0,0,0,5406,0,3510,1896,0
27221,16.598042,16.560588,15.365114,0.000000,1.870791,1.850112,0.020430,0.068417,0.020708,0.614000,641,8122483,123929,0,2,0,2,0,0,0,0,0,0,7208,0,4680,2528,0
27222,16.748875,16.613312,16.145190,0.000000,1.194501,1.189237,0.004972,0.054708,0.049584,0.597959,632,8107270,125886,0,2,0,2,0,0,0,0,0,0,5406,0,3510,1896,0
27223,16.873083,16.753545,15.866755,0.000000,1.595667,1.595028,0.000222,0.070875,0.050375,1.251125,631,8107254,124919,0,2,0,2,0,0,0,0,0,0,5406,0,3510,1896,0
27224,15.521625,15.346795,14.306117,0.000000,1.732000,1.731529,0.000180,0.051084,0.011416,0.289834,643,8106919,121624,0,2,0,2,0,0,0,0,0,0,7665,0,4680,2985,0
27225,17.807500,17.782385,17.424523,0.000000,1.185333,1.171320,0.013722,0.066834,0.021833,0.923749,632,8107225,135707,0,2,0,2,0,0,0,0,0,0,5406,0,3510,1896,0
27226,17.123875,17.081397,16.747324,0.000000,0.764458,0.763736,0.000305,0.193709,0.020791,0.516208,631,8107277,126166,0,2,0,2,0,0,0,0,0,0,5406,0,3510,1896,0
27227,16.093584,15.828868,15.694240,0.000000,0.146541,0.145945,0.000138,0.076083,0.020750,0.602959,642,8124092,124126,0,2,0,2,0,0,0,0,0,0,7208,0,4680,2528,0
27228,16.708750,16.599414,16.024012,0.000000,1.314709,1.314278,0.000097,0.063791,0.014709,0.610334,630,8090198,128034,0,2,0,2,0,0,0,0,0,0,5406,0,3510,1896,0
27229,16.683750,16.533845,16.385869,0.000000,1.000916,1.000403,0.000097,0.059916,0.022084,0.968791,633,8107261,127121,0,2,0,2,0,0,0,0,0,0,5406,0,3510,1896,0
27230,16.527041,16.377648,16.295307,0.000000,0.382999,0.379904,0.002846,0.058375,0.014042,0.914917,639,8107047,123163,0,2,0,2,0,0,0,0,0,0,7208,0,4680,2528,0
27231,16.944667,16.835213,16.424575,0.000000,1.140000,1.139612,0.000097,0.068125,0.044042,0.660334,633,8111786,127720,0,2,0,2,0,0,0,0,0,0,5406,0,3510,1896,0
27232,16.632083,16.483964,15.821163,0.000000,1.428625,1.413070,0.015222,0.059709,0.019000,0.948375,631,8102763,125613,0,2,0,2,0,0,0,0,0,0,5406,0,3510,1896,0
27233,16.164459,16.061828,15.045622,0.000000,1.737166,1.732945,0.003846,0.062250,0.035625,0.641917,642,8137899,125085,0,2,0,2,0,0,0,0,0,0,7208,0,4680,2528,0
27234,17.151458,16.999233,16.426331,0.000000,1.435707,1.435153,0.000180,0.075750,0.021083,0.630666,632,8076402,132407,0,2,0,2,0,0,0,0,0,0,5406,0,3510,1896,0
27235,16.774500,16.636583,15.275207,0.000000,2.049375,2.048903,0.000180,0.054417,0.051708,0.660666,631,8107314,125177,0,2,0,2,0,0,0,0,0,0,5406,0,3510,1896,0
27236,15.852625,15.667333,14.543290,0.000000,1.768999,1.768445,0.000346,0.048750,0.014042,0.964250,639,8091515,122911,0,2,0,2,0,0,0,0,0,0,7405,0,4680,2725,0
27237,17.490083,17.446707,16.695396,0.000000,1.454167,1.453487,0.000222,0.061500,0.032834,0.637209,632,8122683,133408,0,2,0,2,0,0,0,0,0,0,5406,0,3510,1896,0
27238,16.023375,15.921380,14.769384,0.000000,1.847041,1.846278,0.000347,0.055625,0.038084,0.964000,636,8158235,123805,0,2,0,2,0,0,0,0,0,0,5617,0,3510,2107,0
27239,17.514709,17.441650,17.314844,0.000000,0.577750,0.570154,0.007138,0.066708,0.059750,0.972209,642,8071356,142508,0,2,0,2,0,0,0,0,0,0,7375,0,4680,2695,0
27240,16.745583,16.551322,15.650949,0.000000,1.658625,1.658070,0.000180,0.069750,0.019250,0.656584,631,8091845,126070,0,2,0,2,0,0,0,0,0,0,5406,0,3510,1896,0
27241,16.422250,16.316330,14.881427,0.000000,2.059917,2.059528,0.000097,0.050000,0.018917,0.914750,632,8112345,123355,0,2,0,2,0,0,0,0,0,0,5406,0,3510,1896,0
27242,16.576667,16.456096,16.303558,0.000000,0.823958,0.818487,0.005180,0.056875,0.024375,0.289959,639,8101828,125355,0,2,0,2,0,0,0,0,0,0,7208,0,4680,2528,0
27243,16.828666,16.685042,16.049089,0.000000,1.387501,1.386945,0.000222,0.050625,0.039417,1.281667,632,8107358,129162,0,2,0,2,0,0,0,0,0,0,5406,0,3510,1896,0
27244,16.618917,16.509315,15.464612,0.000000,1.743708,1.743236,0.000180,0.051208,0.010834,0.607125,632,8107168,127086,0,2,0,2,0,0,0,0,0,0,5406,0,3510,1896,0
27245,16.566042,16.360925,15.115281,0.000000,1.965125,1.963029,0.001888,0.050958,0.009125,0.921291,636,8091614,124568,0,2,0,2,0,0,0,0,0,0,7208,0,4680,2528,0
27246,17.242666,17.244892,16.327006,0.000000,1.644832,1.637070,0.002138,0.084875,0.014750,0.900124,632,8138222,129148,0,2,0,2,0,0,0,0,0,0,5406,0,3510,1896,0
27247,15.687334,15.537539,14.931338,0.000000,1.372166,1.371611,0.000180,0.052750,0.048166,0.656167,634,8128591,121887,0,2,0,2,0,0,0,0,0,0,5617,0,3510,2107,0
27248,17.308458,17.190577,16.628344,0.000000,1.337375,1.336487,0.000596,0.074500,0.024625,0.591250,637,8070129,130346,0,2,0,2,0,0,0,0,0,0,7208,0,4680,2528,0
27249,16.680917,16.521748,15.472850,0.000000,1.717959,1.717445,0.000222,0.060375,0.051583,0.624416,633,8107234,126143,0,2,0,2,0,0,0,0,0,0,5406,0,3510,1896,0
27250,16.790708,16.663767,15.260724,0.000000,2.009458,2.002945,0.006180,0.057958,0.021792,1.137250,651,8107247,124558,0,2,0,2,0,0,0,0,0,0,5406,0,3510,1896,0
27251,16.778417,16.652578,15.116945,0.000000,2.148750,2.148404,0.000138,0.063500,0.023666,0.618333,638,8107117,122556,0,2,0,2,0,0,0,0,0,0,7208,0,4680,2528,0
27252,16.678958,16.536760,16.494669,0.000000,0.064375,0.047403,0.016680,0.049375,0.010708,0.597792,633,8107251,124689,0,2,0,2,0,0,0,0,0,0,5406,0,3510,1896,0
27253,16.696500,16.577800,16.165802,0.000000,0.909374,0.908861,0.000139,0.058583,0.020250,0.900417,633,8107245,124001,0,2,0,2,0,0,0,0,0,0,5406,0,3510,1896,0
27254,16.694000,16.577492,15.392378,0.000000,1.743708,1.743279,0.000096,0.059500,0.019292,0.303292,640,8107076,123853,0,2,0,2,0,0,0,0,0,0,7208,0,4680,2528,0
27255,16.741750,16.627251,15.445204,0.000000,1.824667,1.824320,0.000180,0.064958,0.020334,0.929542,633,8107280,123128,0,2,0,2,0,0,0,0,0,0,5406,0,3510,1896,0
27256,16.622417,16.482366,16.101125,0.000000,1.219501,1.212445,0.006639,0.067416,0.014042,0.462084,630,8107274,123178,0,2,0,2,0,0,0,0,0,0,5406,0,3510,1896,0
27257,16.578208,16.451407,15.405761,0.000000,1.697500,1.697112,0.000180,0.071667,0.037833,0.604125,639,8107053,124068,0,2,0,2,0,0,0,0,0,0,7208,0,4680,2528,0
27258,16.821833,16.708210,15.202668,0.000000,2.096918,2.096487,0.000055,0.062000,0.013500,0.296625,633,8107307,123351,0,2,0,2,0,0,0,0,0,0,5406,0,3510,1896,0
27259,15.691709,15.566047,14.233078,0.000000,1.940167,1.930195,0.009639,0.049250,0.014791,0.774708,643,8106978,119424,0,2,0,2,0,0,0,0,0,0,7461,0,4536,2925,0
27260,17.606000,17.478836,16.803584,0.000000,1.463542,1.463154,0.000096,0.059083,0.013958,0.445125,634,8107115,134749,0,2,0,2,0,0,0,0,0,0,5610,0,3654,1956,0
27261,16.691958,16.582160,15.418550,0.000000,1.855416,1.852695,0.002513,0.053375,0.022708,0.780458,631,8107386,125562,0,2,0,2,0,0,0,0,0,0,5406,0,3510,1896,0
27262,15.894792,15.802911,14.604622,0.000000,1.884791,1.878736,0.005805,0.055375,0.049041,0.967083,643,8122412,121241,0,2,0,2,0,0,0,0,0,0,7430,0,4680,2750,0
27263,17.416125,17.257727,16.637124,0.000000,1.331083,1.328945,0.000471,0.065333,0.037667,0.312042,631,8091954,133111,0,2,0,2,0,0,0,0,0,0,5406,0,3510,1896,0
27264,16.723625,16.599582,15.235044,0.000000,2.034041,2.033653,0.000138,0.070333,0.039792,0.973459,632,8107042,124485,0,2,0,2,0,0,0,0,0,0,5406,0,3510,1896,0
27265,15.895666,15.774283,14.361800,0.000000,2.001792,1.989320,0.012180,0.064792,0.013125,0.304292,644,8109085,119917,0,2,0,2,0,0,0,0,0,0,7447,0,4680,2767,0
27266,17.358250,17.245684,16.420427,0.000000,1.577083,1.576654,0.000096,0.064334,0.014916,0.795916,630,8105158,133447,0,2,0,2,0,0,0,0,0,0,5406,0,3510,1896,0
27267,16.697542,16.579246,14.992789,0.000000,2.223126,2.214487,0.008180,0.057250,0.028417,0.449958,632,8107195,123722,0,2,0,2,0,0,0,0,0,0,5406,0,3510,1896,0
27268,16.958333,16.843126,15.388190,0.000000,2.055417,2.054945,0.000222,0.082625,0.014125,0.939501,641,8107083,122340,0,2,0,2,0,0,0,0,0,0,7208,0,4680,2528,0
27269,16.420542,16.298717,15.406592,0.000000,1.657708,1.657404,0.000055,0.056333,0.018584,0.918584,630,8107260,126181,0,2,0,2,0,0,0,0,0,0,5406,0,3510,1896,0
27270,16.772083,16.681500,15.250250,0.000000,2.024709,2.020195,0.004222,0.056834,0.023333,0.671541,632,8113879,124572,0,2,0,2,0,0,0,0,0,0,5406,0,3510,1896,0
27271,16.607084,16.450843,15.220352,0.000000,1.936460,1.936070,0.000139,0.075166,0.015375,0.971457,639,8100426,121275,0,2,0,2,0,0,0,0,0,0,7208,0,4680,2528,0
27272,16.854541,16.750710,16.285539,0.000000,1.273083,1.272737,0.000096,0.075375,0.046959,0.316167,632,8107305,126139,0,2,0,2,0,0,0,0,0,0,5406,0,3510,1896,0
27273,16.592125,16.459436,15.212262,0.000000,1.925000,1.921195,0.003430,0.064709,0.013708,1.024084,632,8107245,124485,0,2,0,2,0,0,0,0,0,0,5406,0,3510,1896,0
27274,16.510125,16.399751,16.243535,0.000000,1.006999,1.006486,0.000180,0.058500,0.010875,0.296375,641,8107056,122480,0,2,0,2,0,0,0,0,0,0,7208,0,4680,2528,0
27275,16.761625,16.629406,15.386198,0.000000,1.872542,1.872112,0.000138,0.061209,0.012791,0.955999,632,8107290,125491,0,2,0,2,0,0,0,0,0,0,5406,0,3510,1896,0
27276,16.693542,16.575091,15.560636,0.000000,1.694708,1.694278,0.000138,0.050833,0.023334,0.575791,632,8107292,124123,0,2,0,2,0,0,0,0,0,0,5406,0,3510,1896,0
27277,16.677333,16.550986,16.217452,0.000000,1.093959,1.081070,0.012639,0.066959,0.024750,1.257791,642,8107011,122428,0,2,0,2,0,0,0,0,0,0,7208,0,4680,2528,0
27278,16.765125,16.625831,16.018414,0.000000,1.329958,1.324487,0.005305,0.056625,0.013334,0.906334,632,8107305,125682,0,2,0,2,0,0,0,0,0,0,5406,0,3510,1896,0
27279,16.674375,16.557952,15.192879,0.000000,2.022542,2.022195,0.000097,0.071959,0.019666,0.650375,632,8107277,124007,0,2,0,2,0,0,0,0,0,0,5406,0,3510,1896,0
27280,16.524000,16.408413,14.841522,0.000000,2.183459,2.182653,0.000472,0.074167,0.013625,0.886499,641,8106978,120739,0,2,0,2,0,0,0,0,0,0,7208,0,4680,2528,0
27281,16.848792,16.718246,15.349869,0.000000,2.004625,1.998862,0.005471,0.067625,0.014208,0.655541,631,8107278,126356,0,2,0,2,0,0,0,0,0,0,5406,0,3510,1896,0
27282,15.863250,15.714132,14.831447,0.000000,1.568084,1.567612,0.000180,0.070125,0.026125,1.268541,633,8107212,123387,0,2,0,2,0,0,0,0,0,0,5531,0,3510,2021,0
27283,16.360708,16.199020,15.268638,0.000000,1.609958,1.609570,0.000097,0.061000,0.014459,0.289750,639,8091693,129355,0,2,0,2,0,0,0,0,0,0,7208,0,4680,2528,0
27284,17.099292,17.120040,16.758630,0.000000,1.193791,1.193404,0.000096,0.131667,0.048916,1.293000,640,8199840,138422,0,2,0,2,0,0,0,0,0,0,5597,0,3510,2087,0
27285,17.183250,17.056845,16.951598,0.000000,0.662834,0.654112,0.008347,0.060583,0.065417,1.237875,627,8045405,140647,0,2,0,2,0,0,0,0,0,0,5406,0,3510,1896,0
27286,16.810208,16.630315,15.423722,0.000000,1.863791,1.863403,0.000055,0.066000,0.039875,0.654708,639,8091607,123852,0,2,0,2,0,0,0,0,0,0,7208,0,4680,2528,0
27287,16.789667,16.664618,16.392333,0.000000,1.017624,1.013862,0.003471,0.061292,0.014000,0.615333,632,8107231,129014,0,2,0,2,0,0,0,0,0,0,5406,0,3510,1896,0
27288,16.538417,16.442372,15.561687,0.000000,1.583251,1.582862,0.000138,0.071041,0.015125,0.608334,630,8107292,127262,0,2,0,2,0,0,0,0,0,0,5406,0,3510,1896,0
27289,16.884625,16.734648,15.756617,0.000000,1.636250,1.631111,0.004764,0.074958,0.020125,0.786917,639,8107032,124903,0,2,0,2,0,0,0,0,0,0,7208,0,4680,2528,0
27290,16.636708,16.513602,16.384846,0.000000,0.624875,0.616820,0.007680,0.069083,0.017584,0.609375,632,8107268,129544,0,2,0,2,0,0,0,0,0,0,5406,0,3510,1896,0
27291,18.533458,18.459188,17.894665,0.000000,0.931792,0.924945,0.006180,0.094625,0.016167,0.681166,634,8122707,127627,0,2,0,2,0,0,0,0,0,0,5406,0,3510,1896,0
27292,22.998500,22.839201,20.968279,0.000000,0.001250,0.000000,0.000000,0.119417,0.022792,0.595542,639,8091597,122991,0,2,0,2,0,0,0,0,0,0,7208,0,4680,2528,0
27293,20.122625,19.943047,18.946372,0.000000,0.000917,0.000000,0.000000,0.113584,0.014541,0.635083,633,8122696,129536,0,2,0,2,0,0,0,0,0,0,5406,0,3510,1896,0
27294,18.353334,18.201709,17.558162,0.000000,0.000750,0.000000,0.000000,0.092541,0.015000,0.617833,632,8091913,127653,0,2,0,2,0,0,0,0,0,0,5406,0,3510,1896,0
27295,18.497708,18.281159,17.736820,0.000000,0.000626,0.000000,0.000000,0.076458,0.051209,0.584249,638,8106932,120955,0,2,0,2,0,0,0,0,0,0,7208,0,4680,2528,0
27296,16.424958,16.299997,16.214842,0.000000,0.000543,0.000000,0.000000,0.061542,0.013667,0.298583,633,8107268,127368,0,2,0,2,0,0,0,0,0,0,5406,0,3510,1896,0
27297,17.077459,16.948842,16.789653,0.000000,0.000626,0.000000,0.000000,0.091000,0.017458,0.635292,632,8107271,124862,0,2,0,2,0,0,0,0,0,0,5406,0,3510,1896,0
27298,17.248958,17.168832,17.064016,0.000000,0.000708,0.000000,0.000000,0.088708,0.027417,0.322334,637,8107015,120679,0,2,0,2,0,0,0,0,0,0,7208,0,4680,2528,0
27299,17.528917,17.392004,17.250628,0.000000,0.000666,0.000000,0.000000,0.072958,0.014167,0.612751,634,8115265,126599,0,2,0,2,0,0,0,0,0,0,5406,0,3510,1896,0
27300,17.605750,17.437366,17.239966,0.000000,0.000625,0.000000,0.000000,0.083458,0.014583,0.633084,631,8099249,124324,0,2,0,2,0,0,0,0,0,0,5406,0,3510,1896,0
27301,16.976458,16.885131,16.772366,0.000000,0.000875,0.000000,0.000000,0.102792,0.015416,0.309750,640,8107076,121448,0,2,0,2,0,0,0,0,0,0,7208,0,4680,2528,0
27302,18.509625,18.327506,18.059565,0.000000,0.000874,0.000000,0.000000,0.082250,0.016125,0.623667,633,8107269,126005,0,2,0,2,0,0,0,0,0,0,5406,0,3510,1896,0
27303,17.124250,16.980578,16.844212,0.000000,0.000833,0.000000,0.000000,0.075958,0.014750,0.590292,653,8107254,123023,0,2,0,2,0,0,0,0,0,0,5406,0,3510,1896,0
27304,16.925958,16.857255,16.860846,0.000000,0.000416,0.000000,0.000000,0.069042,0.033750,0.350250,640,8122500,122414,0,2,0,2,0,0,0,0,0,0,7208,0,4680,2528,0
27305,15.882959,15.685158,15.694535,0.000000,0.000418,0.000000,0.000000,0.075375,0.015958,0.598708,630,8091811,124851,0,2,0,2,0,0,0,0,0,0,5406,0,3510,1896,0
27306,16.334208,16.268950,16.135492,0.000000,0.000418,0.000000,0.000000,0.076833,0.040709,0.296042,632,8122709,123034,0,2,0,2,0,0,0,0,0,0,5406,0,3510,1896,0
27307,16.769375,16.629124,16.442363,0.000000,0.000583,0.000000,0.000000,0.085833,0.029875,0.716416,638,8107085,123173,0,2,0,2,0,0,0,0,0,0,7208,0,4680,2528,0
27308,15.975792,15.774792,15.579633,0.000000,0.000376,0.000000,0.000000,0.067875,0.040166,0.310166,632,8091810,123745,0,2,0,2,0,0,0,0,0,0,5406,0,3510,1896,0
27309,16.563875,16.509848,15.977341,0.000000,0.000959,0.000000,0.000000,0.084791,0.021417,0.585459,633,8124106,125028,0,2,0,2,0,0,0,0,0,0,5406,0,3510,1896,0
27310,14.995708,14.833254,14.481198,0.000000,0.000374,0.000000,0.000000,0.084125,0.019458,0.290333,639,8105597,119738,0,2,0,2,0,0,0,0,0,0,7337,0,4680,2657,0
27311,15.114875,15.037943,14.875580,0.000000,0.000250,0.000000,0.000000,0.075167,0.042666,1.095083,640,8168889,131298,0,2,0,2,0,0,0,0,0,0,5803,0,3510,2293,0
27312,18.121458,17.953044,17.649831,0.000000,0.000416,0.000000,0.000000,0.064417,0.012208,0.289958,634,8045482,137093,0,2,0,2,0,0,0,0,0,0,7004,0,4536,2468,0
27313,14.927125,14.769230,14.671023,0.000000,0.000333,0.000000,0.000000,0.059084,0.042708,0.916958,633,8091704,123394,0,2,0,2,0,0,0,0,0,0,5610,0,3654,1956,0
27314,13.957959,13.819090,13.743833,0.000000,0.000249,0.000000,0.000000,0.057458,0.021958,0.290166,635,8107076,122453,0,2,0,2,0,0,0,0,0,0,5728,0,3510,2218,0
27315,16.547125,16.341326,16.353040,0.000000,0.000415,0.000000,0.000000,0.062416,0.014584,0.919500,639,8091662,131966,0,2,0,2,0,0,0,0,0,0,7208,0,4680,2528,0
27316,14.772916,14.732378,14.705094,0.000000,0.000457,0.000000,0.000000,0.065042,0.039833,0.610833,633,8122674,126812,0,2,0,2,0,0,0,0,0,0,5406,0,3510,1896,0
27317,14.337375,14.288126,14.285961,0.000000,0.000250,0.000000,0.000000,0.129459,0.020916,0.289333,633,8122741,126052,0,2,0,2,0,0,0,0,0,0,5406,0,3510,1896,0
27318,14.462084,14.279459,14.274253,0.000000,0.000332,0.000000,0.000000,0.048500,0.018583,0.735541,645,8122412,123306,0,2,0,2,0,0,0,0,0,0,7376,0,4680,2696,0
27319,15.643541,15.511265,15.524623,0.000000,0.000251,0.000000,0.000000,0.066500,0.016584,0.363667,630,8076334,137514,0,2,0,2,0,0,0,0,0,0,5406,0,3510,1896,0
27320,14.891959,14.765788,14.748287,0.000000,0.000374,0.000000,0.000000,0.046583,0.045083,0.795874,631,8107270,126071,0,2,0,2,0,0,0,0,0,0,5406,0,3510,1896,0
27321,14.380041,14.278552,14.285039,0.000000,0.000333,0.000000,0.000000,0.082667,0.023792,0.444500,640,8107050,124498,0,2,0,2,0,0,0,0,0,0,7208,0,4680,2528,0
27322,15.938167,15.809526,15.543148,0.000000,1.238583,1.238153,0.000139,0.050000,0.012083,0.292250,633,8107469,125710,0,2,0,2,0,0,0,0,0,0,5406,0,3510,1896,0
27323,16.599917,16.504701,14.893583,0.000000,2.308293,2.307529,0.000180,0.062083,0.040875,0.736374,651,8106727,126196,0,2,0,2,0,0,0,0,0,0,7447,0,3510,3937,0
27324,16.582791,16.441593,14.762605,0.000000,2.358876,2.358612,0.000055,0.049500,0.044334,1.054209,641,8107054,124692,0,2,0,2,0,0,0,0,0,0,7208,0,4680,2528,0
27325,16.158459,16.030592,13.946088,0.000000,2.697125,2.696695,0.000139,0.037250,0.026083,0.609334,640,8168960,122838,0,2,0,2,0,0,0,0,0,0,5712,0,3510,2202,0
27326,17.483416,17.343221,17.362826,0.000000,0.000333,0.000000,0.000000,0.050292,0.048958,1.215458,626,8045484,134856,0,2,0,2,0,0,0,0,0,0,5406,0,3510,1896,0
27327,16.297834,16.145409,14.822253,0.000000,2.089957,2.089570,0.000138,0.046541,0.011709,0.448042,638,8107049,122654,0,2,0,2,0,0,0,0,0,0,7208,0,4680,2528,0
27328,16.793000,16.734344,14.696044,0.000000,2.640084,2.639653,0.000264,0.061708,0.013708,0.915542,632,8116660,124670,0,2,0,2,0,0,0,0,0,0,5406,0,3510,1896,0
27329,16.709416,16.560249,16.553954,0.000000,0.828334,0.828112,0.000013,0.053209,0.059833,0.448375,629,8097901,135334,0,2,0,2,0,0,0,0,0,0,5406,0,3510,1896,0
27330,16.441584,16.311913,14.726934,0.000000,2.293041,2.292737,0.000138,0.059875,0.022833,1.304792,639,8122473,128304,0,2,0,2,0,0,0,0,0,0,7208,0,4680,2528,0
27331,17.071333,16.961471,16.933791,0.000000,1.036958,1.036570,0.000139,0.056500,0.037917,0.452209,632,8091828,135339,0,2,0,2,0,0,0,0,0,0,5406,0,3510,1896,0
27332,16.577958,16.442964,15.793670,0.000000,1.538875,1.538487,0.000096,0.064000,0.021250,0.936625,632,8107235,132728,0,2,0,2,0,0,0,0,0,0,5406,0,3510,1896,0
27333,16.580292,16.429118,15.242514,0.000000,1.968293,1.967862,0.000055,0.051292,0.018416,1.051917,640,8122462,129985,0,2,0,2,0,0,0,0,0,0,7208,0,4680,2528,0
27334,16.240083,16.158028,15.958278,0.000000,1.168209,1.167903,0.000097,0.042417,0.034208,0.607458,634,8107190,130448,0,2,0,2,0,0,0,0,0,0,5576,0,3510,2066,0
27335,17.339209,17.196750,17.216047,0.000000,0.428167,0.427654,0.000180,0.047500,0.037208,1.242957,634,8107369,148294,0,2,0,2,0,0,0,0,0,0,5406,0,3510,1896,0
27336,16.503750,16.335586,16.353916,0.000000,0.572249,0.571945,0.000138,0.042375,0.033625,0.612125,638,8091478,130952,0,2,0,2,0,0,0,0,0,0,7208,0,4680,2528,0
27337,17.085166,16.978167,16.918457,0.000000,0.557251,0.556986,0.000097,0.067209,0.019875,0.927584,633,8100379,130174,0,2,0,2,0,0,0,0,0,0,5406,0,3510,1896,0
27338,16.578917,16.355388,16.227204,0.000000,0.643750,0.643279,0.000096,0.066667,0.019833,0.639333,631,8098701,130365,0,2,0,2,0,0,0,0,0,0,5406,0,3510,1896,0
27339,16.612958,16.572055,16.093364,0.000000,1.356417,1.356112,0.000097,0.067709,0.023375,0.991626,643,8137932,129457,0,2,0,2,0,0,0,0,0,0,7208,0,4680,2528,0
27340,16.632834,16.545143,16.392233,0.000000,0.727500,0.726986,0.000305,0.062708,0.020250,0.907167,631,8091823,128426,0,2,0,2,0,0,0,0,0,0,5406,0,3510,1896,0
27341,17.337666,17.197091,17.210067,0.000000,0.000291,0.000000,0.000000,0.075209,0.034916,0.458959,633,8107263,131473,0,2,0,2,0,0,0,0,0,0,5406,0,3510,1896,0
27342,16.090042,15.914507,15.762013,0.000000,0.000417,0.000000,0.000000,0.065083,0.015334,0.746625,641,8122742,128462,0,2,0,2,0,0,0,0,0,0,7208,0,4680,2528,0
27343,16.687583,16.621765,15.894007,0.000000,1.464333,1.463486,0.000430,0.060584,0.032458,0.462209,631,8114235,127793,0,2,0,2,0,0,0,0,0,0,5406,0,3510,1896,0
27344,16.788667,16.522818,16.455035,0.000000,0.413791,0.413362,0.000138,0.064708,0.024417,0.962708,630,8069165,131024,0,2,0,2,0,0,0,0,0,0,5406,0,3510,1896,0
27345,16.822750,16.763501,16.768386,0.000000,0.000375,0.000000,0.000000,0.067833,0.054750,0.629791,642,8138035,130951,0,2,0,2,0,0,0,0,0,0,7208,0,4680,2528,0
27346,16.493792,16.280910,16.173536,0.000000,0.414125,0.413736,0.000139,0.070208,0.023833,1.060375,629,8076225,127275,0,2,0,2,0,0,0,0,0,0,5406,0,3510,1896,0
27347,15.925833,15.877198,15.692622,0.000000,0.872876,0.854529,0.018055,0.059625,0.013542,0.291500,638,8138059,132467,0,2,0,2,0,0,0,0,0,0,5728,0,3510,2218,0
27348,17.725958,17.641150,17.613085,0.000000,0.000376,0.000000,0.000000,0.076417,0.042083,0.850291,643,8122423,139452,0,2,0,2,0,0,0,0,0,0,7208,0,4680,2528,0
27349,16.367709,16.120712,15.778195,0.000000,1.172542,1.171778,0.000264,0.064583,0.019917,0.926958,627,8060932,128367,0,2,0,2,0,0,0,0,0,0,5406,0,3510,1896,0
27350,16.858541,16.717786,16.589459,0.000000,0.734208,0.728029,0.005846,0.069250,0.024167,0.611041,633,8107277,129369,0,2,0,2,0,0,0,0,0,0,5406,0,3510,1896,0
27351,16.653250,16.648554,16.621369,0.000000,0.000374,0.000000,0.000000,0.093917,0.015208,0.975917,643,8153366,129177,0,2,0,2,0,0,0,0,0,0,7208,0,4680,2528,0
27352,17.084667,16.906502,16.616494,0.000000,0.000750,0.000000,0.000000,0.089375,0.016542,0.445209,629,8082744,127621,0,2,0,2,0,0,0,0,0,0,5406,0,3510,1896,0
27353,16.370375,16.212095,16.118282,0.000000,0.635832,0.632445,0.003096,0.071833,0.014667,0.933958,631,8100880,128983,0,2,0,2,0,0,0,0,0,0,5406,0,3510,1896,0
27354,16.576333,16.374790,16.003636,0.000000,1.215793,1.215237,0.000222,0.061125,0.024084,0.610083,640,8091594,125991,0,2,0,2,0,0,0,0,0,0,7208,0,4680,2528,0
27355,16.632542,16.503663,15.987298,0.000000,1.346042,1.345403,0.000222,0.066208,0.014292,1.065959,631,8107264,126661,0,2,0,2,0,0,0,0,0,0,5406,0,3510,1896,0
27356,16.728042,16.612740,16.042252,0.000000,1.359667,1.353570,0.005930,0.076791,0.013792,0.959625,651,8108466,129233,0,2,0,2,0,0,0,0,0,0,5406,0,3510,1896,0
27357,16.548583,16.538462,16.410811,0.000000,1.010333,1.009820,0.000138,0.075583,0.020459,0.651584,640,8121368,130533,0,2,0,2,0,0,0,0,0,0,7208,0,4680,2528,0
27358,16.862458,16.741861,15.606369,0.000000,1.830333,1.827111,0.002889,0.063584,0.043875,0.955417,631,8107209,126868,0,2,0,2,0,0,0,0,0,0,5406,0,3510,1896,0
27359,16.554167,16.435911,16.043161,0.000000,1.239541,1.239029,0.000221,0.063125,0.047292,0.610042,632,8107256,129147,0,2,0,2,0,0,0,0,0,0,5406,0,3510,1896,0
27360,16.778375,16.638001,16.568706,0.000000,0.456751,0.448445,0.007847,0.054833,0.048125,0.938416,640,8107088,130789,0,2,0,2,0,0,0,0,0,0,7208,0,4680,2528,0
27361,16.625000,16.459981,15.500801,0.000000,1.646834,1.646361,0.000139,0.053000,0.038500,0.609583,633,8107426,126053,0,2,0,2,0,0,0,0,0,0,5406,0,3510,1896,0
27362,16.950750,16.814623,16.708621,0.000000,0.350708,0.350279,0.000180,0.072375,0.039625,0.782083,632,8107109,129584,0,2,0,2,0,0,0,0,0,0,5406,0,3510,1896,0
27363,16.380917,16.320193,16.024290,0.000000,1.133042,1.132570,0.000097,0.061750,0.047500,0.754709,639,8107062,127596,0,2,0,2,0,0,0,0,0,0,7208,0,4680,2528,0
27364,16.669916,16.412989,15.532487,0.000000,1.643583,1.643111,0.000097,0.065334,0.020125,0.350000,630,8091814,124820,0,2,0,2,0,0,0,0,0,0,5406,0,3510,1896,0
27365,16.862042,16.827917,16.796659,0.000000,0.000458,0.000000,0.000000,0.079292,0.020625,0.713750,639,8138089,128907,0,2,0,2,0,0,0,0,0,0,7208,0,4680,2528,0
27366,16.711792,16.563628,16.564466,0.000000,0.000334,0.000000,0.000000,0.055208,0.019208,0.310792,633,8091704,129476,0,2,0,2,0,0,0,0,0,0,5406,0,3510,1896,0
27367,16.438833,16.330294,16.258033,0.000000,0.573335,0.572820,0.000139,0.073958,0.013167,0.911291,631,8107265,124086,0,2,0,2,0,0,0,0,0,0,5406,0,3510,1896,0
27368,15.973375,15.809715,15.738078,0.000000,0.622626,0.607654,0.014680,0.047708,0.019959,0.449500,646,8122365,126979,0,2,0,2,0,0,0,0,0,0,7665,0,4680,2985,0
27369,17.948125,17.790253,17.791884,0.000000,0.000500,0.000000,0.000000,0.060500,0.012667,0.739708,634,8107160,147178,0,2,0,2,0,0,0,0,0,0,5550,0,3510,2040,0
27370,16.100125,16.032167,16.018869,0.000000,0.000750,0.000000,0.000000,0.060625,0.039375,0.609333,631,8091792,127880,0,2,0,2,0,0,0,0,0,0,5406,0,3510,1896,0
27371,16.644708,16.460475,16.040467,0.000000,1.279208,1.278862,0.000138,0.061625,0.012750,0.935834,640,8107044,127483,0,2,0,2,0,0,0,0,0,0,7208,0,4680,2528,0
27372,16.986917,17.046583,16.469747,0.000000,1.361458,1.361070,0.000097,0.180750,0.036250,0.911292,631,8107276,131819,0,2,0,2,0,0,0,0,0,0,5406,0,3510,1896,0
27373,15.678042,15.422160,15.294731,0.000000,0.489792,0.489445,0.000139,0.089375,0.028583,0.308792,637,8156412,130713,0,2,0,2,0,0,0,0,0,0,5559,0,3510,2049,0
27374,17.418791,17.320542,17.170576,0.000000,0.154541,0.144945,0.009180,0.067125,0.048209,1.055583,637,8073355,136293,0,2,0,2,0,0,0,0,0,0,7208,0,4680,2528,0
27375,16.765959,16.513601,16.450601,0.000000,0.258917,0.258278,0.000263,0.069375,0.024958,0.445958,632,8091743,130913,0,2,0,2,0,0,0,0,0,0,5406,0,3510,1896,0
27376,17.665791,17.613546,17.581003,0.000000,0.000417,0.000000,0.000000,0.071334,0.020125,1.629125,632,8107223,127275,0,2,0,2,0,0,0,0,0,0,5406,0,3510,1896,0
27377,14.927750,14.754371,14.691154,0.000000,0.406291,0.405737,0.000138,0.058750,0.022125,0.288500,645,8153365,129014,0,2,0,2,0,0,0,0,0,0,7382,0,4680,2702,0
27378,17.356834,17.146749,17.056928,0.000000,0.893875,0.893403,0.000138,0.079666,0.014167,0.925250,627,8045434,133123,0,2,0,2,0,0,0,0,0,0,5406,0,3510,1896,0
27379,16.873875,16.728801,16.384437,0.000000,0.310292,0.309903,0.000139,0.092041,0.014000,0.580958,633,8107299,125645,0,2,0,2,0,0,0,0,0,0,5406,0,3510,1896,0
27380,15.852708,15.895165,15.711504,0.000000,0.272500,0.268070,0.000180,0.066417,0.038375,0.300833,647,8153188,126287,0,2,0,2,0,0,0,0,0,0,7665,0,4680,2985,0
27381,17.419958,17.167654,17.026502,0.000000,0.450084,0.449528,0.000180,0.081584,0.016375,0.940208,629,8060832,142582,0,2,0,2,0,0,0,0,0,0,5625,0,3510,2115,0
27382,16.718542,16.648464,16.286048,0.000000,1.124333,1.117653,0.006180,0.072000,0.015250,0.661959,634,8122705,124831,0,2,0,2,0,0,0,0,0,0,5406,0,3510,1896,0
27383,16.617333,16.497776,16.136555,0.000000,1.237751,1.236820,0.000430,0.069292,0.016375,0.857333,640,8107047,126058,0,2,0,2,0,0,0,0,0,0,7208,0,4680,2528,0
27384,16.536959,16.446712,16.384616,0.000000,0.139250,0.138778,0.000097,0.067541,0.051959,0.638459,633,8107251,130752,0,2,0,2,0,0,0,0,0,0,5406,0,3510,1896,0
27385,17.090083,16.932968,16.860416,0.000000,0.304375,0.303820,0.000097,0.073375,0.020417,0.947083,633,8107258,126753,0,2,0,2,0,0,0,0,0,0,5406,0,3510,1896,0
27386,16.456375,16.315621,16.233024,0.000000,0.708209,0.707695,0.000138,0.061708,0.037000,0.913125,639,8107050,125370,0,2,0,2,0,0,0,0,0,0,7208,0,4680,2528,0
27387,16.816250,16.698115,16.678855,0.000000,0.245416,0.244987,0.000180,0.061333,0.014834,0.310000,632,8107251,128989,0,2,0,2,0,0,0,0,0,0,5406,0,3510,1896,0
27388,16.561125,16.364486,15.450835,0.000000,1.631792,1.631445,0.000055,0.066583,0.037542,1.234958,631,8091838,124593,0,2,0,2,0,0,0,0,0,0,5406,0,3510,1896,0
27389,16.563833,16.435837,15.651241,0.000000,1.553667,1.546529,0.006930,0.065875,0.013042,0.607833,640,8107049,124625,0,2,0,2,0,0,0,0,0,0,7208,0,4680,2528,0
27390,16.913250,16.852456,16.793369,0.000000,0.807417,0.806987,0.000180,0.062542,0.013583,0.939543,633,8122732,129238,0,2,0,2,0,0,0,0,0,0,5406,0,3510,1896,0
27391,16.428167,16.226321,16.189961,0.000000,0.561249,0.560778,0.000097,0.059083,0.045750,0.610583,630,8091803,121575,0,2,0,2,0,0,0,0,0,0,5406,0,3510,1896,0
27392,16.047333,15.960404,15.629041,0.000000,1.165667,1.165029,0.000180,0.060625,0.049459,0.763959,643,8122612,126870,0,2,0,2,0,0,0,0,0,0,7405,0,4680,2725,0
27393,17.350667,17.231679,16.962341,0.000000,1.120875,1.120487,0.000097,0.058208,0.012834,0.609083,632,8107046,132062,0,2,0,2,0,0,0,0,0,0,5406,0,3510,1896,0
27394,16.639125,16.567534,16.505511,0.000000,0.687334,0.682070,0.004972,0.055000,0.015667,0.851583,637,8169160,128125,0,2,0,2,0,0,0,0,0,0,5573,0,3510,2063,0
27395,17.016917,16.879251,16.832344,0.000000,0.660959,0.660404,0.000138,0.060041,0.021625,0.924251,637,8045000,135123,0,2,0,2,0,0,0,0,0,0,7208,0,4680,2528,0
27396,17.349666,17.188683,17.148857,0.000000,0.305584,0.300945,0.001680,0.070625,0.019792,0.465583,631,8107256,129283,0,2,0,2,0,0,0,0,0,0,5406,0,3510,1896,0
27397,15.681084,15.583507,15.414775,0.000000,1.031875,1.022945,0.008597,0.066041,0.052667,0.913041,634,8107279,122125,0,2,0,2,0,0,0,0,0,0,5406,0,3510,1896,0
27398,16.744666,16.605619,16.556138,0.000000,0.219417,0.218862,0.000055,0.069167,0.018958,0.290583,642,8137987,129196,0,2,0,2,0,0,0,0,0,0,7208,0,4680,2528,0
27399,16.595000,16.430785,16.402817,0.000000,0.000376,0.000000,0.000000,0.069667,0.015708,0.946291,630,8076296,127681,0,2,0,2,0,0,0,0,0,0,5406,0,3510,1896,0
27400,16.717417,16.614213,16.531843,0.000000,0.435791,0.428986,0.006555,0.064333,0.023917,0.608459,633,8107629,130732,0,2,0,2,0,0,0,0,0,0,5406,0,3510,1896,0
27401,16.934333,16.837352,16.277948,0.000000,1.311208,1.310612,0.000305,0.077875,0.013917,0.644792,640,8122155,127199,0,2,0,2,0,0,0,0,0,0,7208,0,4680,2528,0
27402,16.786959,16.634378,16.527334,0.000000,0.000333,0.000000,0.000000,0.059333,0.013333,0.948542,631,8091815,129576,0,2,0,2,0,0,0,0,0,0,5406,0,3510,1896,0
27403,16.469416,16.196112,16.183878,0.000000,0.000333,0.000000,0.000000,0.063459,0.057875,0.642375,632,8091818,121672,0,2,0,2,0,0,0,0,0,0,5406,0,3510,1896,0
27404,16.601917,16.552372,15.825864,0.000000,1.491417,1.485654,0.005471,0.052667,0.020166,0.922958,642,8137911,125520,0,2,0,2,0,0,0,0,0,0,7208,0,4680,2528,0
27405,16.713750,16.643923,16.100907,0.000000,1.234500,1.233903,0.000222,0.061167,0.015791,0.634833,628,8076445,126820,0,2,0,2,0,0,0,0,0,0,5406,0,3510,1896,0
27406,16.594875,16.448971,15.685084,0.000000,1.618126,1.617653,0.000139,0.064333,0.013334,0.797207,634,8122721,124372,0,2,0,2,0,0,0,0,0,0,5406,0,3510,1896,0
27407,16.457792,16.268659,16.129574,0.000000,0.000333,0.000000,0.000000,0.051958,0.012125,0.291666,644,8106857,123887,0,2,0,2,0,0,0,0,0,0,7530,0,4680,2850,0
27408,16.899333,16.844004,16.799381,0.000000,0.153210,0.152695,0.000097,0.083583,0.023959,1.000750,634,8138359,138397,0,2,0,2,0,0,0,0,0,0,5406,0,3510,1896,0
27409,16.621708,16.423250,15.478303,0.000000,1.699333,1.698945,0.000139,0.067375,0.013459,0.292000,647,8076121,126333,0,2,0,2,0,0,0,0,0,0,5406,0,3510,1896,0
27410,16.899959,16.863044,16.790030,0.000000,0.000458,0.000000,0.000000,0.073208,0.024208,0.869167,641,8107059,137488,0,2,0,2,0,0,0,0,0,0,7208,0,4680,2528,0
27411,17.137083,16.970372,17.010409,0.000000,0.000417,0.000000,0.000000,0.070958,0.036584,1.334125,633,8111798,134953,0,2,0,2,0,0,0,0,0,0,5406,0,3510,1896,0
27412,16.864583,16.699287,16.637461,0.000000,0.000416,0.000000,0.000000,0.072042,0.023167,0.660792,632,8102708,132659,0,2,0,2,0,0,0,0,0,0,5406,0,3510,1896,0
27413,16.481917,16.403395,16.383347,0.000000,0.000332,0.000000,0.000000,0.064167,0.022041,0.959291,641,8122545,134414,0,2,0,2,0,0,0,0,0,0,7208,0,4680,2528,0
27414,16.236917,16.114742,16.109713,0.000000,0.000418,0.000000,0.000000,0.067333,0.020667,0.612000,631,8107198,134031,0,2,0,2,0,0,0,0,0,0,5406,0,3510,1896,0
27415,16.302458,16.148889,16.160881,0.000000,0.000375,0.000000,0.000000,0.056125,0.019375,0.914292,632,8091691,133611,0,2,0,2,0,0,0,0,0,0,5863,0,3510,2353,0
27416,17.436750,17.312070,17.305331,0.000000,0.000250,0.000000,0.000000,0.063167,0.025000,0.655167,641,8122590,140961,0,2,0,2,0,0,0,0,0,0,7208,0,4680,2528,0
27417,16.081750,15.922081,15.921711,0.000000,0.000334,0.000000,0.000000,0.050375,0.020417,0.876126,634,8107065,136628,0,2,0,2,0,0,0,0,0,0,5628,0,3510,2118,0
27418,17.238083,17.169377,17.169346,0.000000,0.000332,0.000000,0.000000,0.078375,0.019750,0.944750,639,8122536,136896,0,2,0,2,0,0,0,0,0,0,7208,0,4680,2528,0
27419,16.370625,16.225445,16.228303,0.000000,0.089417,0.089029,0.000180,0.062000,0.014000,0.292125,633,8091798,134806,0,2,0,2,0,0,0,0,0,0,5406,0,3510,1896,0
27420,16.069125,15.955579,15.872791,0.000000,0.512125,0.511695,0.000097,0.056917,0.033417,1.079582,635,8138042,134655,0,2,0,2,0,0,0,0,0,0,5645,0,3510,2135,0
27421,17.268875,17.114049,17.127205,0.000000,0.000333,0.000000,0.000000,0.067709,0.020250,0.458083,637,8076403,134634,0,2,0,2,0,0,0,0,0,0,7208,0,4680,2528,0
27422,16.512542,16.385587,16.351425,0.000000,0.138542,0.134487,0.003680,0.059583,0.016625,1.058667,633,8107122,134779,0,2,0,2,0,0,0,0,0,0,5406,0,3510,1896,0
27423,16.841250,16.698617,16.591562,0.000000,1.041292,1.034695,0.006347,0.061625,0.044167,0.609500,632,8107155,133426,0,2,0,2,0,0,0,0,0,0,5406,0,3510,1896,0
27424,16.746083,16.611158,16.458924,0.000000,0.372791,0.372486,0.000097,0.061209,0.031666,0.614833,638,8091587,129234,0,2,0,2,0,0,0,0,0,0,7208,0,4680,2528,0
27425,16.498417,16.408277,16.307940,0.000000,0.656124,0.655445,0.000138,0.078000,0.012125,0.590542,631,8107359,134793,0,2,0,2,0,0,0,0,0,0,5406,0,3510,1896,0
27426,16.722458,16.542873,16.509622,0.000000,0.160584,0.160195,0.000138,0.065500,0.044000,0.609709,633,8107190,132553,0,2,0,2,0,0,0,0,0,0,5406,0,3510,1896,0
27427,17.512125,17.437986,17.415198,0.000000,0.520666,0.518611,0.001597,0.093792,0.037167,0.809167,641,8122550,129342,0,2,0,2,0,0,0,0,0,0,7208,0,4680,2528,0
27428,17.500792,17.380652,17.374325,0.000000,0.000249,0.000000,0.000000,0.063250,0.020167,0.483291,632,8091718,133827,0,2,0,2,0,0,0,0,0,0,5406,0,3510,1896,0
27429,16.245750,15.997210,16.024372,0.000000,0.000209,0.000000,0.000000,0.064417,0.019291,1.128708,631,8091831,131245,0,2,0,2,0,0,0,0,0,0,5406,0,3510,1896,0
27430,15.732375,15.664945,15.678284,0.000000,0.000335,0.000000,0.000000,0.056542,0.020416,0.329333,667,8152961,130258,0,2,0,2,0,0,0,0,0,0,9496,0,4680,4816,0
27431,17.749542,17.661299,17.669534,0.000000,0.000208,0.000000,0.000000,0.063916,0.015084,0.918168,629,8076353,138461,0,2,0,2,0,0,0,0,0,0,5406,0,3510,1896,0
27432,18.161750,17.886417,17.791868,0.000000,0.000542,0.000000,0.000000,0.094208,0.014250,1.592459,631,8091952,128801,0,2,0,2,0,0,0,0,0,0,5406,0,3510,1896,0
27433,17.040625,17.020905,17.004198,0.000000,0.000333,0.000000,0.000000,0.058666,0.011834,0.374083,641,8137847,127497,0,2,0,2,0,0,0,0,0,0,7208,0,4680,2528,0
27434,15.418791,15.188454,15.167338,0.000000,0.000249,0.000000,0.000000,0.052000,0.011625,0.768999,629,8076394,129517,0,2,0,2,0,0,0,0,0,0,5406,0,3510,1896,0
27435,16.584542,16.448094,16.448932,0.000000,0.000334,0.000000,0.000000,0.058667,0.011291,0.466917,632,8107201,129577,0,2,0,2,0,0,0,0,0,0,5406,0,3510,1896,0
27436,15.514250,15.506238,15.510081,0.000000,0.000418,0.000000,0.000000,0.051500,0.011875,0.759209,641,8137920,127223,0,2,0,2,0,0,0,0,0,0,7208,0,4680,2528,0
27437,16.037417,15.835892,15.788539,0.000000,0.376626,0.376279,0.000138,0.065375,0.021875,0.483209,629,8076409,130712,0,2,0,2,0,0,0,0,0,0,5406,0,3510,1896,0
27438,17.028750,16.974080,16.986202,0.000000,0.000291,0.000000,0.000000,0.067791,0.030459,0.737749,632,8122679,130384,0,2,0,2,0,0,0,0,0,0,5406,0,3510,1896,0
27439,16.628083,16.460121,16.353114,0.000000,0.802417,0.800570,0.001597,0.060083,0.012209,0.444333,642,8122472,125462,0,2,0,2,0,0,0,0,0,0,7208,0,4680,2528,0
27440,16.514708,16.425438,16.338652,0.000000,0.453458,0.442320,0.010805,0.059167,0.013333,0.758667,630,8091840,130638,0,2,0,2,0,0,0,0,0,0,5406,0,3510,1896,0
27441,16.718917,16.575421,16.469416,0.000000,0.713249,0.712903,0.000055,0.057708,0.017000,0.769375,632,8107263,130144,0,2,0,2,0,0,0,0,0,0,5406,0,3510,1896,0
27442,16.658750,16.499700,16.421101,0.000000,0.127083,0.106278,0.020597,0.068333,0.023834,0.484000,642,8107189,124961,0,2,0,2,0,0,0,0,0,0,7208,0,4680,2528,0
27443,16.559875,16.476991,16.329952,0.000000,0.967125,0.951487,0.015263,0.061500,0.016292,0.783291,632,8107081,130606,0,2,0,2,0,0,0,0,0,0,5406,0,3510,1896,0
27444,16.783125,16.669059,15.803837,0.000000,1.585750,1.585278,0.000222,0.072875,0.050250,0.535917,631,8107514,129603,0,2,0,2,0,0,0,0,0,0,5406,0,3510,1896,0
27445,16.599792,16.450972,15.787076,0.000000,1.424167,1.423695,0.000222,0.062375,0.046083,0.722375,642,8122314,125012,0,2,0,2,0,0,0,0,0,0,7208,0,4680,2528,0
27446,16.766500,16.647592,16.195884,0.000000,1.261708,1.256695,0.004763,0.054625,0.020333,0.444875,631,8091749,130878,0,2,0,2,0,0,0,0,0,0,5406,0,3510,1896,0
27447,16.572333,16.369273,15.481882,0.000000,1.582750,1.575362,0.007097,0.069292,0.016583,0.786625,631,8091835,126714,0,2,0,2,0,0,0,0,0,0,5406,0,3510,1896,0
27448,16.665625,16.570454,16.383835,0.000000,0.785708,0.785236,0.000180,0.058500,0.012125,0.650542,642,8122465,125452,0,2,0,2,0,0,0,0,0,0,7208,0,4680,2528,0
27449,16.813208,16.744541,16.628054,0.000000,0.642291,0.634862,0.007221,0.074750,0.023834,0.787667,630,8107264,131904,0,2,0,2,0,0,0,0,0,0,5406,0,3510,1896,0
27450,16.601209,16.458950,16.358747,0.000000,0.736418,0.735862,0.000222,0.061916,0.020625,0.953208,632,8107253,128537,0,2,0,2,0,0,0,0,0,0,5406,0,3510,1896,0
27451,16.685958,16.565546,16.056547,0.000000,1.310251,1.309695,0.000264,0.056583,0.017875,0.304041,642,8122449,124659,0,4,0,4,0,0,0,0,0,0,7208,0,4680,2528,0
27452,16.804250,16.578000,16.572286,0.000000,0.000208,0.000000,0.000000,0.055917,0.030083,1.151666,629,8076435,130173,0,0,0,0,0,0,0,0,0,0,5406,0,3510,1896,0
27453,16.723250,16.633765,15.822750,0.000000,1.501083,1.493278,0.007388,0.057542,0.035833,0.444958,633,8111073,128925,0,2,0,4,0,0,0,0,0,0,5406,0,3510,1896,0
27454,15.617500,15.457809,15.050833,0.000000,1.215833,1.214445,0.001180,0.050917,0.013791,0.754750,644,8103202,125775,0,4,0,2,0,0,0,0,0,0,7530,0,4680,2850,0
27455,17.799083,17.704752,17.617376,0.000000,0.139875,0.139529,0.000096,0.055084,0.013250,0.418166,632,8122714,139194,0,2,0,2,0,0,0,0,0,0,5406,0,3510,1896,0
27456,16.040167,15.983507,15.898672,0.000000,0.611751,0.611362,0.000097,0.053917,0.038875,0.805959,636,8153245,132333,0,2,0,2,0,0,0,0,0,0,5597,0,3510,2087,0
27457,17.473875,17.360547,17.025617,0.000000,0.000458,0.000000,0.000000,0.091750,0.020292,0.598208,640,8076268,132459,0,2,0,2,0,0,0,0,0,0,7208,0,4680,2528,0
27458,16.483083,16.216691,16.082865,0.000000,0.673583,0.669112,0.004180,0.060917,0.016750,0.484875,628,8076245,128549,0,2,0,2,0,0,0,0,0,0,5406,0,3510,1896,0
27459,16.608209,16.639206,16.039246,0.000000,1.379500,1.379153,0.000138,0.059541,0.046000,0.755792,634,8122696,129901,0,2,0,2,0,0,0,0,0,0,5406,0,3510,1896,0
27460,16.633583,16.465307,15.570978,0.000000,1.593583,1.586236,0.007055,0.055625,0.040208,0.610416,642,8122522,125529,0,2,0,2,0,0,0,0,0,0,7208,0,4680,2528,0
27461,16.073292,15.998212,15.374695,0.000000,1.387792,1.387279,0.000138,0.072375,0.038458,0.729959,636,8138227,127925,0,2,0,2,0,0,0,0,0,0,5617,0,3510,2107,0
27462,17.471291,17.317040,17.165756,0.000000,0.517834,0.517362,0.000138,0.064917,0.048417,0.297750,645,8060698,133782,0,2,0,2,0,0,0,0,0,0,5406,0,3510,1896,0
27463,16.574542,16.469376,15.564682,0.000000,1.619208,1.618820,0.000097,0.071958,0.022084,0.916333,640,8107085,124069,0,2,0,2,0,0,0,0,0,0,7208,0,4680,2528,0
27464,16.752708,16.612582,15.976102,0.000000,1.422376,1.422029,0.000096,0.056125,0.013667,0.927667,632,8107257,129119,0,2,0,2,0,0,0,0,0,0,5406,0,3510,1896,0
27465,16.070042,15.922325,15.583027,0.000000,1.167459,1.161403,0.005638,0.057000,0.011792,0.610292,633,8107192,124732,0,2,0,2,0,0,0,0,0,0,5535,0,3510,2025,0
27466,16.810292,16.712273,15.841623,0.000000,1.490417,1.483528,0.006514,0.056625,0.014416,0.597666,638,8107081,131954,0,2,0,2,0,0,0,0,0,0,7208,0,4680,2528,0
27467,16.308333,16.199885,15.765886,0.000000,1.215126,1.205279,0.009305,0.064042,0.020666,0.651833,639,8153492,133342,0,2,0,2,0,0,0,0,0,0,5675,0,3510,2165,0
27468,17.619375,17.487801,17.244078,0.000000,1.119375,1.118945,0.000138,0.076458,0.027250,0.912375,627,8060904,136547,0,2,0,2,0,0,0,0,0,0,5406,0,3510,1896,0
27469,16.812000,16.676375,15.761951,0.000000,1.665249,1.659236,0.005680,0.064167,0.036583,0.397500,640,8107086,127114,0,2,0,2,0,0,0,0,0,0,7208,0,4680,2528,0
27470,16.521167,16.393362,16.263164,0.000000,0.991625,0.989237,0.002055,0.050333,0.010833,1.224084,632,8107299,126008,0,2,0,2,0,0,0,0,0,0,5406,0,3510,1896,0
27471,16.840500,16.719862,16.243299,0.000000,1.252375,1.243695,0.008388,0.066875,0.014000,0.604124,640,8122640,124648,0,2,0,2,0,0,0,0,0,0,7184,0,4656,2528,0
27472,16.714500,16.587494,15.844538,0.000000,1.507334,1.501903,0.005139,0.061875,0.048125,0.637792,632,8091690,128270,0,2,0,2,0,0,0,0,0,0,5430,0,3534,1896,0
27473,16.788458,16.741259,15.867023,0.000000,1.475624,1.475195,0.000096,0.073292,0.041291,0.585875,631,8122763,126896,0,2,0,2,0,0,0,0,0,0,5406,0,3510,1896,0
27474,16.368583,16.166653,15.242787,0.000000,1.619125,1.618695,0.000180,0.059167,0.014167,0.615291,640,8091727,123994,0,2,0,2,0,0,0,0,0,0,7208,0,4680,2528,0
27475,16.776375,16.660738,15.601739,0.000000,1.735792,1.735361,0.000139,0.053084,0.032708,0.582792,630,8107113,127916,0,2,0,2,0,0,0,0,0,0,5406,0,3510,1896,0
27476,16.740875,16.625595,15.390316,0.000000,1.880875,1.880112,0.000430,0.078625,0.019167,0.611333,632,8107265,126180,0,2,0,2,0,0,0,0,0,0,5406,0,3510,1896,0
27477,16.967292,16.819214,16.784896,0.000000,0.047126,0.046612,0.000097,0.066750,0.037167,0.903500,640,8107017,124739,0,2,0,2,0,0,0,0,0,0,7208,0,4680,2528,0
27478,16.526292,16.392714,16.241334,0.000000,1.025958,1.025611,0.000139,0.057000,0.022333,0.609583,629,8107301,128231,0,2,0,2,0,0,0,0,0,0,5406,0,3510,1896,0
27479,16.630041,16.510460,16.073083,0.000000,1.246875,1.246404,0.000138,0.052209,0.010708,1.027791,634,8107342,126309,0,2,0,2,0,0,0,0,0,0,5406,0,3510,1896,0
27480,16.416667,16.236175,15.212594,0.000000,1.744667,1.736737,0.007597,0.066208,0.029459,1.245209,638,8091593,123796,0,2,0,2,0,0,0,0,0,0,7208,0,4680,2528,0
27481,16.969708,16.910071,16.771717,0.000000,0.775833,0.768278,0.007305,0.063042,0.015542,0.609291,630,8122611,128725,0,2,0,2,0,0,0,0,0,0,5406,0,3510,1896,0
27482,16.755542,16.626832,16.523400,0.000000,0.522876,0.522529,0.000138,0.068208,0.013959,0.598166,632,8107442,126372,0,2,0,2,0,0,0,0,0,0,5406,0,3510,1896,0
27483,16.406750,16.191575,16.087704,0.000000,0.708958,0.708487,0.000055,0.060708,0.028584,0.611917,635,8091476,123311,0,2,0,2,0,0,0,0,0,0,7208,0,4680,2528,0
27484,16.751958,16.688629,16.526348,0.000000,0.992624,0.992153,0.000180,0.054959,0.012000,0.712250,633,8122660,127873,0,2,0,2,0,0,0,0,0,0,5406,0,3510,1896,0
27485,17.025167,16.930493,16.855955,0.000000,0.477750,0.477404,0.000180,0.067083,0.056500,0.610500,634,8107243,135913,0,2,0,2,0,0,0,0,0,0,5406,0,3510,1896,0
27486,16.511250,16.291506,16.252539,0.000000,0.114751,0.113445,0.000888,0.064333,0.012084,0.736291,640,8091608,128751,0,2,0,2,0,0,0,0,0,0,7208,0,4680,2528,0
27487,16.776208,16.721525,16.606978,0.000000,0.831125,0.818153,0.012680,0.058042,0.021833,0.774833,631,8122720,131128,0,2,0,2,0,0,0,0,0,0,5406,0,3510,1896,0
27488,16.451334,16.337345,16.201423,0.000000,0.830709,0.830154,0.000138,0.067583,0.024083,0.473458,632,8107291,131538,0,2,0,2,0,0,0,0,0,0,5406,0,3510,1896,0
27489,16.644916,16.429878,16.334958,0.000000,0.524083,0.523695,0.000055,0.058167,0.043958,0.922833,641,8091595,128645,0,2,0,2,0,0,0,0,0,0,7208,0,4680,2528,0
27490,16.669584,16.651385,16.259720,0.000000,1.245625,1.245195,0.000139,0.054125,0.033333,0.444000,632,8122702,131422,0,2,0,2,0,0,0,0,0,0,5406,0,3510,1896,0
27491,16.820666,16.652455,16.078071,0.000000,1.362251,1.361820,0.000180,0.063542,0.042500,0.805959,633,8107221,130747,0,2,0,2,0,0,0,0,0,0,5406,0,3510,1896,0
27492,17.039709,16.817502,16.209598,0.000000,1.266625,1.265778,0.000263,0.089375,0.017708,0.607792,638,8091649,128267,0,2,0,2,0,0,0,0,0,0,7208,0,4680,2528,0
27493,16.743666,16.765078,16.708278,0.000000,0.371417,0.354611,0.016514,0.070417,0.040833,0.908500,635,8122753,131982,0,2,0,2,0,0,0,0,0,0,5406,0,3510,1896,0
27494,16.100584,15.963519,15.895791,0.000000,0.648500,0.643737,0.004513,0.060833,0.046958,0.291083,631,8107159,131061,0,2,0,2,0,0,0,0,0,0,5406,0,3510,1896,0
27495,16.731041,16.572411,16.478244,0.000000,0.000166,0.000000,0.000000,0.056959,0.063250,0.980833,640,8107062,128325,0,2,0,2,0,0,0,0,0,0,7208,0,4680,2528,0
27496,16.038000,15.918007,15.868259,0.000000,0.000375,0.000000,0.000000,0.056084,0.036083,0.945416,633,8107203,131936,0,2,0,2,0,0,0,0,0,0,5529,0,3510,2019,0
27497,16.433209,16.216330,16.183332,0.000000,0.256249,0.255820,0.000221,0.071791,0.018667,0.607542,631,8091764,139181,0,2,0,2,0,0,0,0,0,0,5529,0,3510,2019,0
27498,17.899833,17.860164,17.853492,0.000000,0.000207,0.000000,0.000000,0.064750,0.052708,1.030875,642,8138030,139354,0,2,0,2,0,0,0,0,0,0,7208,0,4680,2528,0
27499,16.173292,16.046288,15.986327,0.000000,0.182084,0.181570,0.000222,0.064125,0.012583,0.445417,633,8107414,133487,0,2,0,2,0,0,0,0,0,0,5406,0,3510,1896,0
27500,16.705250,16.542798,16.516085,0.000000,0.144833,0.135529,0.008971,0.056333,0.015625,1.409251,631,8107155,134177,0,2,0,2,0,0,0,0,0,0,5406,0,3510,1896,0
27501,16.633166,16.546788,16.211619,0.000000,1.116583,1.116195,0.000055,0.063250,0.016542,0.611959,640,8106896,131726,0,2,0,2,0,0,0,0,0,0,7208,0,4680,2528,0
27502,16.684834,16.592527,16.415667,0.000000,0.935375,0.929945,0.005180,0.074000,0.016375,0.899791,634,8109731,133599,0,2,0,2,0,0,0,0,0,0,5406,0,3510,1896,0
27503,16.709833,16.584860,16.307129,0.000000,1.141834,1.141529,0.000055,0.088250,0.022958,0.758542,629,8104790,132407,0,2,0,2,0,0,0,0,0,0,5406,0,3510,1896,0
27504,16.697958,16.501336,16.455509,0.000000,0.195041,0.194570,0.000097,0.055875,0.042250,0.644584,640,8091602,131153,0,2,0,2,0,0,0,0,0,0,7208,0,4680,2528,0
27505,17.168459,16.994559,16.990336,0.000000,0.000374,0.000000,0.000000,0.060708,0.015500,0.932042,633,8107323,133749,0,2,0,2,0,0,0,0,0,0,5406,0,3510,1896,0
27506,16.155666,16.051662,15.918506,0.000000,0.572082,0.571695,0.000096,0.082209,0.037291,0.651417,633,8107201,132375,0,2,0,2,0,0,0,0,0,0,5406,0,3510,1896,0
27507,16.669959,16.641137,16.563291,0.000000,0.053583,0.053028,0.000138,0.073041,0.047750,0.997750,642,8129324,130763,0,2,0,2,0,0,0,0,0,0,7208,0,4680,2528,0
27508,16.847500,16.646876,16.578664,0.000000,0.676208,0.674070,0.001889,0.060833,0.031333,0.609458,632,8100542,132760,0,2,0,2,0,0,0,0,0,0,5406,0,3510,1896,0
27509,16.525416,16.375980,16.371218,0.000000,0.030333,0.011737,0.018388,0.070750,0.034834,0.903250,629,8091690,132326,0,2,0,2,0,0,0,0,0,0,5406,0,3510,1896,0
27510,16.738917,16.623261,16.466738,0.000000,0.817459,0.814445,0.002722,0.059208,0.013209,0.651958,640,8107066,130199,0,2,0,2,0,0,0,0,0,0,7208,0,4680,2528,0
27511,16.578625,16.515144,16.464113,0.000000,0.194376,0.192528,0.001514,0.071000,0.056042,0.709458,634,8122678,136728,0,2,0,2,0,0,0,0,0,0,5406,0,3510,1896,0
27512,16.561458,16.410989,16.247585,0.000000,0.818083,0.817654,0.000221,0.060000,0.017125,1.287084,632,8107261,134970,0,2,0,2,0,0,0,0,0,0,5406,0,3510,1896,0
27513,17.132625,17.029177,16.652655,0.000000,0.842749,0.841903,0.000388,0.095292,0.016833,0.607750,641,8107001,135662,0,2,0,2,0,0,0,0,0,0,7208,0,4680,2528,0
27514,16.630375,16.466136,16.471288,0.000000,0.000291,0.000000,0.000000,0.084250,0.015334,0.591875,633,8107498,135628,0,2,0,2,0,0,0,0,0,0,5406,0,3510,1896,0
27515,15.875000,15.776066,15.785829,0.000000,0.420833,0.420487,0.000055,0.054417,0.013792,0.309459,636,8137868,134923,0,2,0,2,0,0,0,0,0,0,5597,0,3510,2087,0
27516,17.991292,17.862590,17.857089,0.000000,0.000417,0.000000,0.000000,0.064333,0.019667,0.915958,638,8076140,148687,0,2,0,2,0,0,0,0,0,0,7208,0,4680,2528,0
27517,16.178542,15.945283,15.941753,0.000000,0.000250,0.000000,0.000000,0.056333,0.011833,0.606417,630,8076351,135850,0,2,0,2,0,0,0,0,0,0,5406,0,3510,1896,0
27518,16.269916,16.261735,16.213833,0.000000,1.034208,1.033904,0.000096,0.057542,0.039333,0.921125,633,8122723,136417,0,2,0,2,0,0,0,0,0,0,5406,0,3510,1896,0
27519,16.759250,16.561015,16.554424,0.000000,0.679500,0.679195,0.000138,0.045375,0.012500,1.224083,640,8107038,135951,0,2,0,2,0,0,0,0,0,0,7208,0,4680,2528,0
27520,16.762834,16.698785,16.696780,0.000000,0.894124,0.893611,0.000180,0.049416,0.028209,0.619417,632,8107263,135088,0,2,0,2,0,0,0,0,0,0,5406,0,3510,1896,0
27521,16.969458,16.912611,16.731847,0.000000,1.042291,1.036320,0.005680,0.123500,0.046292,0.900541,631,8107245,136474,0,2,0,2,0,0,0,0,0,0,5406,0,3510,1896,0
27522,16.708708,16.524833,16.391625,0.000000,0.000418,0.000000,0.000000,0.061459,0.046708,0.290041,639,8107049,136381,0,2,0,2,0,0,0,0,0,0,7208,0,4680,2528,0
27523,16.152917,15.983635,15.845042,0.000000,1.137042,1.136653,0.000139,0.048583,0.015834,1.235458,633,8107293,133675,0,2,0,2,0,0,0,0,0,0,5406,0,3510,1896,0
27524,16.270083,16.174200,15.842200,0.000000,1.275958,1.275487,0.000180,0.047375,0.010875,0.609167,644,8137972,136477,0,2,0,2,0,0,0,0,0,0,7337,0,4680,2657,0
27525,16.758792,16.669127,16.656689,0.000000,0.732708,0.732362,0.000138,0.046083,0.049042,0.924042,635,8122493,140685,0,2,0,2,0,0,0,0,0,0,5535,0,3510,2025,0
27526,17.056750,16.932276,16.265554,0.000000,1.537125,1.536695,0.000180,0.060500,0.014500,0.608750,631,8091792,131645,0,2,0,2,0,0,0,0,0,0,5406,0,3510,1896,0
27527,16.571583,16.426257,15.522496,0.000000,1.737541,1.737237,0.000138,0.056084,0.048458,1.122833,639,8091610,124779,0,2,0,2,0,0,0,0,0,0,7208,0,4680,2528,0
27528,16.738375,16.614215,16.310308,0.000000,1.272960,1.272612,0.000097,0.050959,0.045916,1.215458,631,8107255,128408,0,2,0,2,0,0,0,0,0,0,5406,0,3510,1896,0
27529,16.604375,16.453436,16.470430,0.000000,0.949584,0.949320,0.000055,0.048334,0.015291,0.460333,633,8107264,127440,0,2,0,2,0,0,0,0,0,0,5406,0,3510,1896,0
27530,16.639875,16.504489,16.517096,0.000000,0.821584,0.821237,0.000180,0.043625,0.010375,1.052791,639,8091602,124520,0,2,0,2,0,0,0,0,0,0,7208,0,4680,2528,0
27531,16.819292,16.757191,15.401557,0.000000,2.051209,2.040653,0.010347,0.080167,0.015041,0.459792,634,8126475,127245,0,2,0,2,0,0,0,0,0,0,5406,0,3510,1896,0
27532,16.518542,16.385653,16.338409,0.000000,0.924916,0.924361,0.000180,0.053083,0.043875,1.313000,631,8103476,127201,0,2,0,2,0,0,0,0,0,0,5406,0,3510,1896,0
27533,16.704250,16.563339,16.580822,0.000000,0.902916,0.902487,0.000096,0.053625,0.050166,1.096125,641,8107084,126437,0,2,0,2,0,0,0,0,0,0,7208,0,4680,2528,0
27534,16.858583,16.700237,15.438202,0.000000,2.024833,2.024070,0.000180,0.060042,0.013916,0.738291,631,8091794,127068,0,2,0,2,0,0,0,0,0,0,5406,0,3510,1896,0
27535,16.605292,16.521199,15.971028,0.000000,1.452791,1.452445,0.000180,0.046791,0.046375,1.057501,632,8122694,126053,0,2,0,2,0,0,0,0,0,0,5406,0,3510,1896,0
27536,16.557375,16.395461,15.770636,0.000000,1.532917,1.532612,0.000096,0.045041,0.011584,0.448084,638,8091688,124572,0,2,0,2,0,0,0,0,0,0,7209,0,4680,2529,0
27537,17.949416,17.878581,17.871451,0.000000,0.000417,0.000000,0.000000,0.088000,0.021959,0.916333,654,8122271,147315,0,2,0,2,0,0,0,0,0,0,7446,0,3510,3936,0
27538,17.242792,16.998545,17.017496,0.000000,0.001333,0.000000,0.000000,0.044000,0.019458,0.611583,631,8091828,124330,0,2,0,2,0,0,0,0,0,0,5406,0,3510,1896,0
27539,15.163417,15.045044,15.062329,0.000000,0.000334,0.000000,0.000000,0.041958,0.014167,0.745792,640,8107078,125179,0,2,0,2,0,0,0,0,0,0,7208,0,4680,2528,0
27540,16.534916,16.412545,15.648782,0.000000,1.637958,1.637570,0.000097,0.047167,0.011708,0.607667,633,8110145,128871,0,2,0,2,0,0,0,0,0,0,5406,0,3510,1896,0
27541,16.627959,16.569082,15.910717,0.000000,1.546167,1.545945,0.000014,0.050958,0.050625,0.801542,632,8132621,126492,0,2,0,2,0,0,0,0,0,0,5406,0,3510,1896,0
27542,16.586208,16.426647,15.766039,0.000000,1.562334,1.561904,0.000180,0.037875,0.049167,0.896291,638,8094233,123845,0,2,0,2,0,0,0,0,0,0,7208,0,4680,2528,0
27543,16.704333,16.564881,16.086574,0.000000,1.419458,1.419195,0.000055,0.046167,0.047292,0.882333,631,8107207,127144,0,2,0,2,0,0,0,0,0,0,5406,0,3510,1896,0
27544,15.880917,15.747471,14.985183,0.000000,1.636793,1.636403,0.000139,0.040583,0.070084,1.062751,634,8107156,127978,0,2,0,2,0,0,0,0,0,0,5728,0,3510,2218,0
27545,17.412375,17.311242,17.183118,0.000000,1.121584,1.121237,0.000055,0.050750,0.050292,0.447708,640,8122636,143648,0,2,0,2,0,0,0,0,0,0,7208,0,4680,2528,0
27546,17.137542,17.059694,15.666020,0.000000,2.134792,2.134612,0.000055,0.052041,0.054917,0.897542,631,8091667,128291,0,2,0,2,0,0,0,0,0,0,5406,0,3510,1896,0
27547,16.989375,16.815024,15.287871,0.000000,2.188790,2.188361,0.000180,0.069083,0.048375,0.351000,631,8091771,117190,0,2,0,2,0,0,0,0,0,0,5406,0,3510,1896,0
27548,16.434750,16.290498,16.133131,0.000000,0.856375,0.855779,0.000138,0.064583,0.056708,1.389582,640,8107042,116826,0,2,0,2,0,0,0,0,0,0,7208,0,4680,2528,0
27549,16.887291,16.759074,15.554828,0.000000,1.842584,1.842237,0.000180,0.056334,0.029458,0.948625,632,8107333,120135,0,2,0,2,0,0,0,0,0,0,5406,0,3510,1896,0
27550,16.668750,16.522006,14.736715,0.000000,2.409834,2.409236,0.000139,0.069750,0.021792,0.446666,629,8107227,117729,0,2,0,2,0,0,0,0,0,0,5406,0,3510,1896,0
27551,16.612834,16.416152,14.768186,0.000000,2.255499,2.254945,0.000096,0.071708,0.016500,0.914209,641,8091597,114787,0,2,0,2,0,0,0,0,0,0,7208,0,4680,2528,0
27552,17.629000,17.605120,15.832577,0.000000,2.199917,2.199070,0.000180,0.073541,0.010709,0.449334,632,8122701,120358,0,2,0,2,0,0,0,0,0,0,5406,0,3510,1896,0
27553,16.398416,16.264543,15.294107,0.000000,1.681292,1.680778,0.000180,0.067250,0.030875,0.595750,634,8107259,116947,0,2,0,2,0,0,0,0,0,0,5406,0,3510,1896,0
27554,15.949834,15.860697,14.938213,0.000000,1.622168,1.621487,0.000180,0.064958,0.015458,0.611500,639,8107053,114413,0,2,0,2,0,0,0,0,0,0,7208,0,4680,2528,0
27555,16.881958,16.749844,15.251728,0.000000,2.149875,2.146570,0.002763,0.059708,0.054042,1.083916,631,8107293,119754,0,2,0,2,0,0,0,0,0,0,5406,0,3510,1896,0
27556,16.593500,16.462239,14.797344,0.000000,2.236625,2.236361,0.000055,0.058542,0.016000,0.608875,633,8107248,117424,0,2,0,2,0,0,0,0,0,0,5406,0,3510,1896,0
27557,16.695917,16.556952,15.074705,0.000000,2.099250,2.098737,0.000138,0.068500,0.040041,0.776458,639,8122457,114460,0,2,0,2,0,0,0,0,0,0,7208,0,4680,2528,0
27558,16.675166,16.589904,15.354854,0.000000,1.920916,1.920528,0.000138,0.070750,0.015375,0.979250,632,8091823,120511,0,2,0,2,0,0,0,0,0,0,5406,0,3510,1896,0
27559,16.762667,16.607420,14.972675,0.000000,2.218708,2.218028,0.000222,0.060167,0.023666,0.627958,632,8107262,117333,0,2,0,2,0,0,0,0,0,0,5406,0,3510,1896,0
27560,16.476792,16.276162,14.564197,0.000000,2.311790,2.305445,0.006096,0.075083,0.019708,0.604208,637,8091604,115312,0,2,0,2,0,0,0,0,0,0,7208,0,4680,2528,0
27561,17.364625,17.358247,15.522947,0.000000,2.323500,2.323070,0.000180,0.089500,0.013458,0.608000,633,8122719,120367,0,2,0,2,0,0,0,0,0,0,5406,0,3510,1896,0
27562,16.422916,16.265000,15.943753,0.000000,1.102834,1.102028,0.000222,0.081250,0.013000,0.588875,632,8107232,116997,0,2,0,2,0,0,0,0,0,0,5406,0,3510,1896,0
27563,16.959250,16.859664,16.623632,0.000000,0.598916,0.598195,0.000180,0.116375,0.036792,0.291667,638,8107038,116313,0,2,0,2,0,0,0,0,0,0,7208,0,4680,2528,0
27564,16.565000,16.442164,16.431317,0.000000,0.000542,0.000000,0.000000,0.074625,0.029292,0.595750,634,8107263,119281,0,2,0,2,0,0,0,0,0,0,5406,0,3510,1896,0
27565,16.527625,16.365287,15.596303,0.000000,1.570500,1.569945,0.000097,0.064792,0.014792,1.256000,630,8107340,116990,0,2,0,2,0,0,0,0,0,0,5406,0,3510,1896,0
27566,16.235042,16.019145,15.376441,0.000000,1.482208,1.481862,0.000096,0.064625,0.021708,0.583458,638,8091518,112400,0,2,0,2,0,0,0,0,0,0,7208,0,4680,2528,0
27567,16.863208,16.842545,15.480766,0.000000,1.999708,1.999278,0.000055,0.067709,0.014916,0.953001,633,8122702,119205,0,2,0,2,0,0,0,0,0,0,5406,0,3510,1896,0
27568,16.735334,16.608115,14.717672,0.000000,2.460624,2.460111,0.000180,0.068208,0.024208,0.646167,646,8107291,116228,0,2,0,2,0,0,0,0,0,0,5406,0,3510,1896,0
27569,16.721583,16.608462,14.603043,0.000000,2.563791,2.563362,0.000096,0.060542,0.020416,0.610833,635,8107056,115728,0,2,0,2,0,0,0,0,0,0,7208,0,4680,2528,0
27570,16.547083,16.334657,14.355228,0.000000,2.513708,2.510570,0.002972,0.076375,0.023084,0.611459,631,8091810,115321,0,2,0,2,0,0,0,0,0,0,5406,0,3510,1896,0
27571,16.788792,16.752192,16.044537,0.000000,1.486126,1.466111,0.019764,0.066208,0.012709,0.934792,634,8122751,118794,0,2,0,2,0,0,0,0,0,0,5406,0,3510,1896,0
27572,16.626417,16.505575,14.823990,0.000000,2.278791,2.278404,0.000138,0.062166,0.019917,0.648125,640,8107039,117309,0,2,0,2,0,0,0,0,0,0,7208,0,4680,2528,0
27573,16.642500,16.525086,14.458375,0.000000,2.607083,2.606653,0.000222,0.056708,0.016333,0.790334,631,8107271,116783,0,2,0,2,0,0,0,0,0,0,5406,0,3510,1896,0
27574,16.719916,16.604686,14.514216,0.000000,2.600667,2.600195,0.000097,0.068000,0.022167,1.166541,632,8107243,117215,0,2,0,2,0,0,0,0,0,0,5406,0,3510,1896,0
27575,16.606917,16.475039,14.644895,0.000000,2.419750,2.418529,0.000680,0.069333,0.027334,0.448500,640,8107108,116902,0,2,0,2,0,0,0,0,0,0,7208,0,4680,2528,0
27576,16.846292,16.706818,14.599422,0.000000,2.660375,2.659903,0.000180,0.058916,0.018917,0.908833,632,8107228,117580,0,2,0,2,0,0,0,0,0,0,5406,0,3510,1896,0
27577,16.661625,16.538598,14.253306,0.000000,2.782459,2.778945,0.000264,0.067208,0.012917,0.295333,640,8122794,113682,0,2,0,2,0,0,0,0,0,0,7208,0,4680,2528,0
27578,16.684458,16.592674,14.854117,0.000000,2.315959,2.315654,0.000096,0.068958,0.017209,0.743792,631,8091549,116901,0,2,0,2,0,0,0,0,0,0,5406,0,3510,1896,0
27579,16.687333,16.548576,14.714847,0.000000,2.403333,2.402737,0.000222,0.063750,0.012750,0.399042,631,8107293,115308,0,2,0,2,0,0,0,0,0,0,5406,0,3510,1896,0
27580,16.591584,16.507195,14.201439,0.000000,2.737459,2.732070,0.005055,0.074750,0.039416,0.928542,640,8107046,113139,0,2,0,2,0,0,0,0,0,0,7208,0,4680,2528,0
27581,16.993333,16.895495,14.614669,0.000000,2.786585,2.785904,0.000138,0.088667,0.014500,0.904625,633,8122726,116647,0,2,0,2,0,0,0,0,0,0,5406,0,3510,1896,0
27582,16.821917,16.686877,14.637569,0.000000,2.632500,2.628903,0.003138,0.083291,0.012542,0.450000,631,8091882,113510,0,2,0,2,0,0,0,0,0,0,5406,0,3510,1896,0
27583,16.302958,16.141632,14.614965,0.000000,2.136750,2.136278,0.000097,0.069750,0.013542,0.624167,640,8107027,111554,0,2,0,2,0,0,0,0,0,0,7208,0,4680,2528,0
27584,16.666542,16.544404,14.246245,0.000000,2.807417,2.798237,0.008805,0.072666,0.021709,0.647500,629,8107249,114521,0,2,0,2,0,0,0,0,0,0,5406,0,3510,1896,0
27585,16.668500,16.555999,13.674006,0.000000,3.300126,3.299695,0.000097,0.069375,0.016125,1.304459,630,8107281,112062,0,2,0,2,0,0,0,0,0,0,5406,0,3510,1896,0
27586,16.737083,16.598996,14.003709,0.000000,3.019208,3.018070,0.000805,0.068500,0.031125,0.617667,640,8107030,109436,0,2,0,2,0,0,0,0,0,0,7208,0,4680,2528,0
27587,16.667375,16.532926,15.199051,0.000000,2.013166,2.012945,0.000055,0.065125,0.022667,0.759583,629,8107318,114124,0,2,0,2,0,0,0,0,0,0,5406,0,3510,1896,0
27588,16.868458,16.797294,15.603741,0.000000,1.915959,1.915445,0.000097,0.090334,0.014708,1.225584,633,8122649,112699,0,2,0,2,0,0,0,0,0,0,5406,0,3510,1896,0
27589,16.578334,16.417543,14.138206,0.000000,2.697958,2.697528,0.000139,0.072625,0.030875,0.676458,639,8091761,109184,0,2,0,2,0,0,0,0,0,0,7208,0,4680,2528,0
27590,16.635166,16.481585,14.371529,0.000000,2.575999,2.575612,0.000138,0.072167,0.012708,0.598333,631,8107191,113478,0,2,0,2,0,0,0,0,0,0,5406,0,3510,1896,0
27591,16.669417,16.582402,14.057450,0.000000,2.916333,2.915653,0.000180,0.064083,0.022375,0.455208,633,8111755,111896,0,2,0,2,0,0,0,0,0,0,5406,0,3510,1896,0
27592,16.609875,16.467362,13.666959,0.000000,3.169375,3.168861,0.000222,0.058208,0.016542,0.899959,641,8102502,110049,0,2,0,2,0,0,0,0,0,0,7208,0,4680,2528,0
27593,16.870167,16.768404,14.125086,0.000000,3.019042,3.009862,0.008721,0.069750,0.014250,0.636209,631,8108601,113841,0,2,0,2,0,0,0,0,0,0,5406,0,3510,1896,0
27594,16.654208,16.509503,14.286194,0.000000,2.719709,2.719153,0.000097,0.061875,0.018708,0.597208,632,8105972,111722,0,2,0,2,0,0,0,0,0,0,5406,0,3510,1896,0
27595,16.577625,16.459903,13.884028,0.000000,3.015750,3.015445,0.000055,0.066375,0.020917,0.638792,639,8107066,111023,0,2,0,2,0,0,0,0,0,0,7208,0,4680,2528,0
27596,16.906667,16.782416,14.525557,0.000000,2.755624,2.754945,0.000221,0.066916,0.018792,0.667541,631,8107267,114619,0,2,0,2,0,0,0,0,0,0,5406,0,3510,1896,0
27597,16.469166,16.330719,14.789988,0.000000,2.189125,2.188653,0.000097,0.065459,0.016416,1.275959,632,8107263,111943,0,2,0,2,0,0,0,0,0,0,5406,0,3510,1896,0
27598,16.577667,16.455175,15.059337,0.000000,2.036165,2.027611,0.008305,0.064208,0.043292,0.614792,640,8107129,110456,0,2,0,2,0,0,0,0,0,0,7208,0,4680,2528,0
27599,16.779917,16.640431,13.955346,0.000000,3.077958,3.071070,0.006638,0.064291,0.021042,0.921209,630,8107235,113940,0,2,0,2,0,0,0,0,0,0,5406,0,3510,1896,0
27600,16.721416,16.608964,13.867045,0.000000,3.162751,3.162362,0.000055,0.069334,0.014041,0.609167,633,8107227,112474,0,2,0,2,0,0,0,0,0,0,5406,0,3510,1896,0
27601,16.646542,16.546382,13.687976,0.000000,3.260042,3.259570,0.000097,0.064750,0.019458,0.802792,640,8107055,110160,0,2,0,2,0,0,0,0,0,0,7208,0,4680,2528,0
27602,16.772667,16.637691,14.165196,0.000000,2.910499,2.910195,0.000096,0.055166,0.011750,0.610041,630,8107279,113544,0,2,0,2,0,0,0,0,0,0,5406,0,3510,1896,0
27603,16.705958,16.586415,13.819964,0.000000,3.189708,3.189403,0.000097,0.051292,0.009666,0.984334,630,8107291,112353,0,2,0,2,0,0,0,0,0,0,5406,0,3510,1896,0
27604,16.443833,16.345010,13.665833,0.000000,3.118082,3.117611,0.000222,0.059417,0.019375,0.608000,640,8107032,110272,0,2,0,2,0,0,0,0,0,0,7208,0,4680,2528,0
27605,15.875959,15.747993,12.962743,0.000000,3.195042,3.194654,0.000096,0.057166,0.035500,1.236459,638,8153459,112475,0,2,0,2,0,0,0,0,0,0,5863,0,3510,2353,0
27606,17.966333,17.754782,17.760918,0.000000,0.000293,0.000000,0.000000,0.071625,0.024667,1.261750,629,8045489,170108,0,2,0,2,0,0,0,0,0,0,5406,0,3510,1896,0
27607,16.079792,16.009532,15.376626,0.000000,1.426001,1.402945,0.022639,0.063875,0.018791,0.659417,641,8137910,124511,0,2,0,2,0,0,0,0,0,0,7208,0,4680,2528,0
27608,16.899250,16.874800,16.585098,0.000000,1.038916,1.038195,0.000096,0.107083,0.041208,0.680208,630,8107298,129175,0,2,0,2,0,0,0,0,0,0,5406,0,3510,1896,0
27609,18.818875,18.529743,17.761844,0.000000,0.005248,0.000000,0.000000,0.120666,0.016417,0.635792,629,8076483,123593,0,2,0,2,0,0,0,0,0,0,5406,0,3510,1896,0
27610,16.293541,16.228706,16.145506,0.000000,0.000292,0.000000,0.000000,0.069834,0.048333,0.494875,641,8137779,124603,0,2,0,2,0,0,0,0,0,0,7208,0,4680,2528,0
27611,15.986375,15.784791,15.785244,0.000000,0.000251,0.000000,0.000000,0.071709,0.015791,1.250499,629,8076429,126655,0,2,0,2,0,0,0,0,0,0,5406,0,3510,1896,0
27612,16.933459,16.957680,16.919001,0.000000,0.000875,0.000000,0.000000,0.136916,0.027584,0.472750,632,8122646,126571,0,2,0,2,0,0,0,0,0,0,5406,0,3510,1896,0
27613,16.053083,15.861113,15.752467,0.000000,0.000792,0.000000,0.000000,0.085083,0.021500,0.609000,641,8122485,124081,0,2,0,2,0,0,0,0,0,0,7208,0,4680,2528,0
27614,15.690917,15.561334,15.495374,0.000000,0.584375,0.583862,0.000138,0.067833,0.051708,0.616000,631,8091811,127042,0,2,0,2,0,0,0,0,0,0,5406,0,3510,1896,0
27615,16.741125,16.627924,15.474952,0.000000,1.830668,1.830195,0.000097,0.064375,0.044875,1.261292,633,8107292,125949,0,2,0,2,0,0,0,0,0,0,5406,0,3510,1896,0
27616,16.611416,16.470541,15.323768,0.000000,1.820499,1.820111,0.000097,0.052459,0.016208,0.618750,643,8122515,124348,0,2,0,2,0,0,0,0,0,0,7208,0,4680,2528,0
27617,16.810125,16.698506,16.537597,0.000000,1.041875,1.037070,0.004388,0.063917,0.018333,0.782917,627,8090049,126640,0,2,0,2,0,0,0,0,0,0,5406,0,3510,1896,0
27618,16.708834,16.414951,16.320050,0.000000,0.552750,0.550820,0.001555,0.058250,0.012083,1.304583,630,8093502,125107,0,2,0,2,0,0,0,0,0,0,5406,0,3510,1896,0
27619,16.765333,16.730917,16.567895,0.000000,0.955792,0.946778,0.008639,0.070417,0.025083,1.258959,642,8138216,124383,0,2,0,2,0,0,0,0,0,0,7208,0,4680,2528,0
27620,16.898125,16.813839,16.748268,0.000000,0.350375,0.349945,0.000138,0.085250,0.015792,0.943792,631,8091579,128164,0,2,0,2,0,0,0,0,0,0,5406,0,3510,1896,0
27621,16.318250,16.068580,15.702822,0.000000,1.191542,1.191195,0.000097,0.060125,0.019208,0.472000,642,8091827,124185,0,2,0,2,0,0,0,0,0,0,5406,0,3510,1896,0
27622,16.715292,16.649581,16.159408,0.000000,1.233124,1.232611,0.000055,0.061291,0.013584,0.917583,641,8125211,125711,0,2,0,2,0,0,0,0,0,0,7208,0,4680,2528,0
27623,16.653500,16.444912,16.234750,0.000000,1.110500,1.109862,0.000263,0.065666,0.013792,0.292416,630,8089137,125829,0,2,0,2,0,0,0,0,0,0,5406,0,3510,1896,0
27624,16.796291,16.790494,16.672383,0.000000,0.892375,0.891987,0.000055,0.065750,0.013084,0.913958,635,8122678,127260,0,2,0,2,0,0,0,0,0,0,5406,0,3510,1896,0
27625,17.226292,16.979120,16.994671,0.000000,0.000292,0.000000,0.000000,0.072750,0.015250,0.292250,639,8091634,124679,0,2,0,2,0,0,0,0,0,0,7208,0,4680,2528,0
27626,16.063875,16.092740,16.051169,0.000000,0.103917,0.103320,0.000180,0.081000,0.038167,0.591875,633,8122729,134881,0,2,0,2,0,0,0,0,0,0,5406,0,3510,1896,0
27627,17.083042,16.912154,16.880010,0.000000,0.000333,0.000000,0.000000,0.067875,0.029291,0.292541,631,8107238,134118,0,2,0,2,0,0,0,0,0,0,5406,0,3510,1896,0
27628,16.870208,16.615575,16.601586,0.000000,0.000417,0.000000,0.000000,0.092042,0.022125,1.092834,640,8091599,134610,0,2,0,2,0,0,0,0,0,0,7208,0,4680,2528,0
27629,16.290708,16.174595,16.130861,0.000000,0.000250,0.000000,0.000000,0.076500,0.015417,0.936583,630,8107276,133854,0,2,0,2,0,0,0,0,0,0,5406,0,3510,1896,0
27630,16.514292,16.403074,16.345310,0.000000,0.484876,0.481862,0.002722,0.066333,0.041959,0.668125,640,8138044,133336,0,2,0,2,0,0,0,0,0,0,7208,0,4680,2528,0
27631,16.653792,16.527443,16.445967,0.000000,0.781000,0.772986,0.007597,0.058708,0.016917,0.624666,631,8078078,135164,0,2,0,2,0,0,0,0,0,0,5406,0,3510,1896,0
27632,17.039708,17.046822,16.904286,0.000000,0.636625,0.636070,0.000138,0.103500,0.016792,0.686375,629,8117310,135303,0,2,0,2,0,0,0,0,0,0,5406,0,3510,1896,0
27633,16.224167,16.064042,15.935333,0.000000,0.517959,0.517403,0.000222,0.056291,0.015917,0.954084,642,8126043,132275,0,2,0,2,0,0,0,0,0,0,7208,0,4680,2528,0
27634,17.016625,16.774699,16.774379,0.000000,0.000292,0.000000,0.000000,0.073000,0.022166,0.334916,631,8076404,135629,0,2,0,2,0,0,0,0,0,0,5406,0,3510,1896,0
27635,16.566875,16.525627,16.487875,0.000000,0.103084,0.100237,0.002513,0.063208,0.020208,0.938375,633,8122706,134916,0,2,0,2,0,0,0,0,0,0,5406,0,3510,1896,0
27636,16.394958,16.231123,16.133957,0.000000,0.860707,0.860278,0.000097,0.065083,0.047334,1.274876,639,8107024,132172,0,2,0,2,0,0,0,0,0,0,7208,0,4680,2528,0
27637,16.897292,16.790761,16.746169,0.000000,0.130416,0.119736,0.010305,0.055375,0.013500,0.647500,632,8107268,135900,0,2,0,2,0,0,0,0,0,0,5406,0,3510,1896,0
27638,16.795791,16.605791,16.368508,0.000000,1.118958,1.118445,0.000221,0.095709,0.039583,0.908875,629,8091795,133059,0,2,0,2,0,0,0,0,0,0,5406,0,3510,1896,0
27639,16.561875,16.464268,16.465010,0.000000,0.000334,0.000000,0.000000,0.068209,0.023208,0.616458,643,8138158,132807,0,2,0,2,0,0,0,0,0,0,7208,0,4680,2528,0
27640,16.879709,16.807922,16.691045,0.000000,0.664126,0.663570,0.000097,0.061583,0.020417,1.101792,632,8091662,136341,0,2,0,2,0,0,0,0,0,0,5406,0,3510,1896,0
27641,17.187000,17.047618,16.948152,0.000000,0.486625,0.486070,0.000138,0.095708,0.033292,0.550292,633,8107201,133508,0,2,0,2,0,0,0,0,0,0,5406,0,3510,1896,0
27642,16.197166,16.046417,16.053735,0.000000,0.000416,0.000000,0.000000,0.069792,0.021292,0.948292,641,8127590,131930,0,2,0,2,0,0,0,0,0,0,7208,0,4680,2528,0
27643,16.854167,16.828197,16.808060,0.000000,0.000500,0.000000,0.000000,0.105125,0.033292,0.937917,638,8086600,135239,0,2,0,2,0,0,0,0,0,0,6431,0,3510,2921,0
27644,17.629833,17.420109,17.375428,0.000000,0.000417,0.000000,0.000000,0.078292,0.014167,0.632333,644,8107014,134741,0,2,0,2,0,0,0,0,0,0,6422,0,3510,2912,0
27645,16.946792,16.732253,16.730531,0.000000,0.000375,0.000000,0.000000,0.062500,0.012750,1.266958,640,8107062,131067,0,2,0,2,0,0,0,0,0,0,7208,0,4680,2528,0
27646,17.730333,17.574217,17.449109,0.000000,0.000417,0.000000,0.000000,0.070167,0.014792,0.610875,630,8091800,134777,0,2,0,2,0,0,0,0,0,0,5406,0,3510,1896,0
27647,15.947792,15.824295,15.796662,0.000000,0.000334,0.000000,0.000000,0.058125,0.012917,0.901124,630,8107250,134027,0,2,0,2,0,0,0,0,0,0,5406,0,3510,1896,0
27648,16.795792,16.784548,16.775112,0.000000,0.000542,0.000000,0.000000,0.066250,0.014083,0.807416,641,8137941,133977,0,2,0,2,0,0,0,0,0,0,7208,0,4680,2528,0
27649,18.242166,18.071405,18.050433,0.000000,0.000834,0.000000,0.000000,0.091375,0.014584,0.305834,631,8091813,135579,0,2,0,2,0,0,0,0,0,0,5406,0,3510,1896,0
27650,17.391792,17.190411,17.174709,0.000000,0.000666,0.000000,0.000000,0.082625,0.038375,0.604959,630,8091826,133121,0,2,0,2,0,0,0,0,0,0,5406,0,3510,1896,0
27651,16.806750,16.762454,16.763825,0.000000,0.000458,0.000000,0.000000,0.066458,0.024250,0.612792,642,8137919,132467,0,2,0,2,0,0,0,0,0,0,7208,0,4680,2528,0
27652,17.482667,17.253867,17.274777,0.000000,0.000501,0.000000,0.000000,0.068000,0.017000,0.910708,628,8076490,135243,0,2,0,2,0,0,0,0,0,0,5406,0,3510,1896,0
27653,17.644458,17.595247,17.610619,0.000000,0.000416,0.000000,0.000000,0.059167,0.025041,1.238042,633,8122652,134140,0,2,0,2,0,0,0,0,0,0,5406,0,3510,1896,0
27654,16.911208,16.763763,16.766171,0.000000,0.000292,0.000000,0.000000,0.071500,0.022125,0.612333,643,8122445,132248,0,2,0,2,0,0,0,0,0,0,7208,0,4680,2528,0
27655,17.653084,17.413334,17.398761,0.000000,0.000417,0.000000,0.000000,0.063166,0.014834,1.267916,629,8076350,134322,0,2,0,2,0,0,0,0,0,0,5406,0,3510,1896,0
27656,17.331750,17.316160,17.300536,0.000000,0.000374,0.000000,0.000000,0.070541,0.014667,0.900667,634,8131224,135502,0,2,0,2,0,0,0,0,0,0,5406,0,3510,1896,0
27657,16.708666,16.563334,16.580385,0.000000,0.000500,0.000000,0.000000,0.066334,0.013708,0.447458,640,8114001,130548,0,2,0,2,0,0,0,0,0,0,7208,0,4680,2528,0
27658,17.063667,16.959705,16.934341,0.000000,0.000459,0.000000,0.000000,0.113000,0.025417,0.590708,631,8091890,135563,0,2,0,2,0,0,0,0,0,0,5406,0,3510,1896,0
27659,16.610708,16.352288,16.350028,0.000000,0.000335,0.000000,0.000000,0.064417,0.016375,0.611083,632,8091705,132511,0,2,0,2,0,0,0,0,0,0,5406,0,3510,1896,0
27660,16.659417,16.606286,16.623755,0.000000,0.000375,0.000000,0.000000,0.063708,0.019542,0.940791,642,8122506,132492,0,2,0,2,0,0,0,0,0,0,7208,0,4680,2528,0
27661,17.992000,17.899616,17.890696,0.000000,0.000416,0.000000,0.000000,0.088125,0.015417,1.221250,632,8120275,135782,0,2,0,2,0,0,0,0,0,0,5406,0,3510,1896,0
27662,16.881042,16.605387,16.551563,0.000000,0.000374,0.000000,0.000000,0.065125,0.013083,0.302417,629,8078776,131994,0,2,0,2,0,0,0,0,0,0,5406,0,3510,1896,0
27663,15.939083,15.908403,15.891092,0.000000,0.000293,0.000000,0.000000,0.064083,0.046250,1.246125,643,8137991,133048,0,2,0,2,0,0,0,0,0,0,7208,0,4680,2528,0
27664,15.944625,15.813191,15.811176,0.000000,0.000460,0.000000,0.000000,0.055958,0.011125,0.618083,630,8091753,135875,0,2,0,2,0,0,0,0,0,0,5406,0,3510,1896,0
27665,14.862583,14.767955,14.780213,0.000000,0.000582,0.000000,0.000000,0.053667,0.013250,0.291166,636,8168963,136429,0,2,0,2,0,0,0,0,0,0,5535,0,3510,2025,0
27666,16.611792,16.487287,16.488705,0.000000,0.000334,0.000000,0.000000,0.064708,0.050542,1.135583,639,8062630,135226,0,2,0,2,0,0,0,0,0,0,7208,0,4680,2528,0
27667,14.915500,14.798489,14.789133,0.000000,0.000333,0.000000,0.000000,0.050000,0.010958,0.613750,634,8126875,130405,0,2,0,2,0,0,0,0,0,0,5534,0,3510,2024,0
27668,16.889375,16.729954,16.722091,0.000000,0.000416,0.000000,0.000000,0.053208,0.025334,0.936750,632,8101011,138384,0,2,0,2,0,0,0,0,0,0,5586,0,3510,2076,0
27669,16.769042,16.698381,16.702299,0.000000,0.000291,0.000000,0.000000,0.059500,0.062750,0.906041,643,8107030,135387,0,2,0,2,0,0,0,0,0,0,7208,0,4680,2528,0
27670,15.358666,15.204106,15.204441,0.000000,0.000332,0.000000,0.000000,0.057792,0.047208,0.607208,630,8088988,131079,0,2,0,2,0,0,0,0,0,0,5406,0,3510,1896,0
27671,15.698959,15.602461,15.543334,0.000000,0.000375,0.000000,0.000000,0.057375,0.052250,1.263333,630,8116534,130835,0,2,0,2,0,0,0,0,0,0,5406,0,3510,1896,0
27672,15.791708,15.632538,15.552919,0.000000,0.000585,0.000000,0.000000,0.085417,0.024833,0.292042,638,8100640,128370,0,2,0,2,0,0,0,0,0,0,7208,0,4680,2528,0
27673,15.784458,15.615909,15.588610,0.000000,0.000625,0.000000,0.000000,0.065042,0.013042,0.305291,631,8091817,131795,0,2,0,2,0,0,0,0,0,0,5406,0,3510,1896,0
27674,17.039000,16.955046,16.929922,0.000000,0.000459,0.000000,0.000000,0.065834,0.023625,0.967917,641,8122749,130639,0,2,0,2,0,0,0,0,0,0,5406,0,3510,1896,0
27675,15.427167,15.274739,15.284530,0.000000,0.000333,0.000000,0.000000,0.062542,0.014291,1.057542,640,8107271,128592,0,2,0,2,0,0,0,0,0,0,7208,0,4680,2528,0
27676,16.581917,16.488486,16.389471,0.000000,1.005125,1.004695,0.000055,0.059041,0.050375,0.451000,631,8107093,129614,0,2,0,2,0,0,0,0,0,0,5406,0,3510,1896,0
27677,16.623458,16.477747,16.421004,0.000000,0.280958,0.280404,0.000221,0.056208,0.019250,0.911874,631,8107177,128803,0,2,0,2,0,0,0,0,0,0,5406,0,3510,1896,0
27678,16.722875,16.561468,16.401138,0.000000,1.006751,1.006362,0.000097,0.058125,0.013750,0.475958,640,8091739,130733,0,2,0,2,0,0,0,0,0,0,7208,0,4680,2528,0
27679,16.273625,16.142460,16.141363,0.000000,0.000292,0.000000,0.000000,0.050417,0.020000,1.137417,635,8122504,133227,0,2,0,2,0,0,0,0,0,0,5728,0,3510,2218,0
27680,17.677625,17.552366,17.541027,0.000000,0.000374,0.000000,0.000000,0.065708,0.023584,0.654375,631,8097292,138965,0,2,0,2,0,0,0,0,0,0,5918,0,3510,2408,0
27681,17.297542,17.132774,17.147753,0.000000,0.000333,0.000000,0.000000,0.069333,0.025792,0.975333,638,8101675,132776,0,2,0,2,0,0,0,0,0,0,6696,0,4680,2016,0
27682,17.153583,17.045796,17.022073,0.000000,0.000418,0.000000,0.000000,0.074583,0.026292,0.948958,633,8122704,133996,0,2,0,2,0,0,0,0,0,0,5406,0,3510,1896,0
27683,17.434667,17.255374,17.265765,0.000000,0.000293,0.000000,0.000000,0.067875,0.023791,0.639625,638,8106997,132234,0,2,0,2,0,0,0,0,0,0,7208,0,4680,2528,0
27684,16.807166,16.666284,16.683292,0.000000,0.000250,0.000000,0.000000,0.068084,0.015625,0.957708,634,8091722,133082,0,2,0,2,0,0,0,0,0,0,5406,0,3510,1896,0
27685,16.702542,16.547672,16.560488,0.000000,0.000458,0.000000,0.000000,0.065750,0.026417,0.613416,635,8122861,132187,0,2,0,2,0,0,0,0,0,0,5628,0,3510,2118,0
27686,18.412375,18.347609,18.364237,0.000000,0.000333,0.000000,0.000000,0.061167,0.042041,1.241208,638,8106840,140628,0,2,0,2,0,0,0,0,0,0,7208,0,4680,2528,0
27687,15.400167,15.262907,15.267254,0.000000,0.000334,0.000000,0.000000,0.060500,0.046500,1.262333,638,8153650,134513,0,2,0,2,0,0,0,0,0,0,5597,0,3510,2087,0
27688,16.562625,16.427797,16.416797,0.000000,0.000250,0.000000,0.000000,0.055666,0.043000,0.607542,626,8045342,139125,0,2,0,2,0,0,0,0,0,0,5406,0,3510,1896,0
27689,16.349666,16.280959,16.179712,0.000000,0.000499,0.000000,0.000000,0.099417,0.024542,0.621375,640,8138196,131481,0,2,0,2,0,0,0,0,0,0,7208,0,4680,2528,0
27690,18.134209,17.959955,17.624590,0.000000,0.000750,0.000000,0.000000,0.089833,0.024125,0.306334,632,8091562,133085,0,2,0,2,0,0,0,0,0,0,5406,0,3510,1896,0
27691,16.244000,16.076999,16.033950,0.000000,0.000418,0.000000,0.000000,0.079250,0.016458,0.775291,631,8091895,131933,0,2,0,2,0,0,0,0,0,0,5406,0,3510,1896,0
27692,16.670875,16.577911,16.455575,0.000000,0.000375,0.000000,0.000000,0.092416,0.015667,0.387291,642,8122340,132845,0,2,0,2,0,0,0,0,0,0,7419,0,4680,2739,0
27693,18.551000,18.394619,18.341793,0.000000,0.000583,0.000000,0.000000,0.071833,0.015042,0.929416,630,8091777,139205,0,2,0,2,0,0,0,0,0,0,5406,0,3510,1896,0
27694,16.116375,15.981255,15.983445,0.000000,0.000334,0.000000,0.000000,0.059625,0.021250,1.244666,631,8100888,129584,0,2,0,2,0,0,0,0,0,0,5406,0,3510,1896,0
27695,16.708291,16.489252,16.511711,0.000000,0.000335,0.000000,0.000000,0.063750,0.020250,0.629292,639,8097965,129395,0,2,0,2,0,0,0,0,0,0,7208,0,4680,2528,0
27696,16.895792,16.848327,16.853919,0.000000,0.000376,0.000000,0.000000,0.063958,0.039542,0.650917,633,8122811,130359,0,2,0,2,0,0,0,0,0,0,5406,0,3510,1896,0
27697,15.375708,15.243254,15.230748,0.000000,0.000375,0.000000,0.000000,0.057959,0.023958,0.295666,633,8107177,126906,0,2,0,2,0,0,0,0,0,0,5406,0,3510,1896,0
27698,14.852542,14.634906,14.628245,0.000000,0.000332,0.000000,0.000000,0.060000,0.012042,1.260166,638,8091579,123972,0,2,0,2,0,0,0,0,0,0,7208,0,4680,2528,0
27699,15.344333,15.346374,15.356254,0.000000,0.000208,0.000000,0.000000,0.052667,0.018542,0.612250,633,8122701,131230,0,2,0,2,0,0,0,0,0,0,5406,0,3510,1896,0
27700,16.431000,16.294343,16.160083,0.000000,0.954959,0.954528,0.000097,0.060667,0.031167,0.830958,632,8107257,130010,0,2,0,2,0,0,0,0,0,0,5406,0,3510,1896,0
27701,15.903959,15.700217,15.103143,0.000000,1.358584,1.346987,0.011180,0.080500,0.014791,0.360625,641,8091523,124812,0,2,0,2,0,0,0,0,0,0,7405,0,4680,2725,0
27702,18.076333,18.001284,17.962810,0.000000,0.000335,0.000000,0.000000,0.069458,0.015334,0.621500,632,8122732,138949,0,2,0,2,0,0,0,0,0,0,5406,0,3510,1896,0
27703,16.096042,15.965792,15.885093,0.000000,0.289292,0.288736,0.000139,0.069916,0.016459,0.305417,633,8107247,129902,0,2,0,2,0,0,0,0,0,0,5406,0,3510,1896,0
27704,16.562916,16.462370,15.915033,0.000000,1.372584,1.372154,0.000180,0.062334,0.011833,0.668458,639,8109549,127204,0,2,0,2,0,0,0,0,0,0,7208,0,4680,2528,0
27705,16.733709,16.591876,16.358453,0.000000,1.129167,1.128570,0.000180,0.067125,0.014000,0.349041,631,8104767,128505,0,2,0,2,0,0,0,0,0,0,5406,0,3510,1896,0
27706,16.851916,16.723515,16.544971,0.000000,0.635042,0.629028,0.005514,0.074709,0.016250,0.617458,631,8107230,126448,0,2,0,2,0,0,0,0,0,0,5406,0,3510,1896,0
27707,16.524250,16.324884,16.153676,0.000000,0.930500,0.929945,0.000180,0.075792,0.024500,0.872750,639,8091652,124126,0,2,0,2,0,0,0,0,0,0,7208,0,4680,2528,0
27708,17.509875,17.431131,17.429007,0.000000,0.000668,0.000000,0.000000,0.081459,0.019750,0.302625,632,8122651,130059,0,2,0,2,0,0,0,0,0,0,5406,0,3510,1896,0
27709,16.026125,15.921584,15.921348,0.000000,0.000333,0.000000,0.000000,0.063667,0.023250,0.909541,632,8114172,128896,0,2,0,2,0,0,0,0,0,0,5406,0,3510,1896,0
27710,16.510584,16.381274,15.795495,0.000000,1.434292,1.433779,0.000221,0.096083,0.016042,0.446375,640,8100144,125846,0,2,0,2,0,0,0,0,0,0,7208,0,4680,2528,0
27711,16.756041,16.634172,16.504417,0.000000,1.037834,1.037445,0.000180,0.077042,0.016500,0.679750,633,8111798,130426,0,2,0,2,0,0,0,0,0,0,5406,0,3510,1896,0
27712,16.814667,16.731236,16.527098,0.000000,0.651582,0.650861,0.000180,0.085000,0.019583,0.446875,633,8118155,128877,0,2,0,2,0,0,0,0,0,0,5406,0,3510,1896,0
27713,16.395125,16.223210,15.739631,0.000000,1.296626,1.296279,0.000138,0.067250,0.020667,0.943959,639,8091634,125839,0,2,0,2,0,0,0,0,0,0,7208,0,4680,2528,0
27714,17.023542,17.017157,16.424847,0.000000,1.402668,1.402237,0.000097,0.220083,0.017667,0.923500,635,8138148,131116,0,2,0,2,0,0,0,0,0,0,5406,0,3510,1896,0
27715,16.493750,16.218206,16.070802,0.000000,0.348293,0.346903,0.001139,0.063041,0.024834,0.941083,628,8076333,127799,0,2,0,2,0,0,0,0,0,0,5406,0,3510,1896,0
27716,16.517500,16.311296,15.812124,0.000000,1.232291,1.231695,0.000096,0.076875,0.029750,0.927750,640,8091600,123557,0,2,0,2,0,0,0,0,0,0,7208,0,4680,2528,0
27717,16.795833,16.729867,16.654738,0.000000,0.307209,0.306820,0.000138,0.067167,0.021333,0.447208,631,8122701,129149,0,2,0,2,0,0,0,0,0,0,5406,0,3510,1896,0
27718,16.804875,16.668119,16.516124,0.000000,0.868083,0.867320,0.000305,0.061417,0.025083,0.710209,632,8107278,126274,0,2,0,2,0,0,0,0,0,0,5406,0,3510,1896,0
27719,16.431750,16.379287,16.284039,0.000000,0.511375,0.502487,0.008513,0.087750,0.019583,0.613792,638,8107028,124543,0,2,0,2,0,0,0,0,0,0,7208,0,4680,2528,0
27720,16.034458,15.778848,15.228219,0.000000,1.384958,1.380487,0.004055,0.068209,0.016625,0.771751,634,8091776,128640,0,2,0,2,0,0,0,0,0,0,5617,0,3510,2107,0
27721,18.094167,17.999473,18.006812,0.000000,0.000291,0.000000,0.000000,0.070417,0.019375,0.841292,634,8122686,137367,0,2,0,2,0,0,0,0,0,0,5406,0,3510,1896,0
27722,14.839125,14.627335,14.549084,0.000000,0.229834,0.229362,0.000055,0.072750,0.038458,0.315708,641,8091664,123118,0,2,0,2,0,0,0,0,0,0,7665,0,4680,2985,0
27723,17.896125,17.851116,17.651071,0.000000,0.654917,0.654487,0.000097,0.064542,0.024875,1.133250,632,8122465,140566,0,2,0,2,0,0,0,0,0,0,5406,0,3510,1896,0
27724,16.785083,16.665870,16.576421,0.000000,0.334958,0.323736,0.010930,0.069459,0.027083,0.467125,631,8107260,130731,0,2,0,2,0,0,0,0,0,0,5406,0,3510,1896,0
27725,16.548375,16.297673,16.305999,0.000000,0.000375,0.000000,0.000000,0.061292,0.023333,1.129708,638,8091644,126572,0,2,0,2,0,0,0,0,0,0,7208,0,4680,2528,0
27726,17.432417,17.372964,17.369629,0.000000,0.000375,0.000000,0.000000,0.060917,0.019833,0.464959,634,8122714,130956,0,2,0,2,0,0,0,0,0,0,5406,0,3510,1896,0
27727,15.437875,15.313251,15.329456,0.000000,0.000292,0.000000,0.000000,0.059417,0.013500,0.768375,644,8122627,126580,0,2,0,2,0,0,0,0,0,0,5628,0,3510,2118,0
27728,17.452458,17.296400,17.301087,0.000000,0.000249,0.000000,0.000000,0.052167,0.012250,0.653459,639,8091592,134033,0,2,0,2,0,0,0,0,0,0,7208,0,4680,2528,0
27729,16.399750,16.274989,16.154836,0.000000,0.998875,0.992820,0.005805,0.057500,0.010459,0.927250,631,8107253,128694,0,2,0,2,0,0,0,0,0,0,5406,0,3510,1896,0
27730,15.990167,15.884271,15.084595,0.000000,1.537749,1.537486,0.000055,0.063667,0.026500,0.660584,635,8122798,126403,0,2,0,2,0,0,0,0,0,0,5645,0,3510,2135,0
27731,17.688292,17.584240,17.556035,0.000000,0.000460,0.000000,0.000000,0.073833,0.026417,1.282625,641,8106902,136858,0,2,0,2,0,0,0,0,0,0,7208,0,4680,2528,0
27732,16.664750,16.561090,16.269724,0.000000,0.863208,0.862653,0.000180,0.077916,0.033250,0.598084,631,8107248,128606,0,2,0,2,0,0,0,0,0,0,5406,0,3510,1896,0
27733,16.571458,16.386074,16.222368,0.000000,0.634376,0.633445,0.000139,0.062875,0.028083,0.290125,631,8095723,127791,0,2,0,2,0,0,0,0,0,0,6117,0,3709,2408,0
27734,16.901667,16.746538,16.697538,0.000000,0.000293,0.000000,0.000000,0.067458,0.011958,0.902292,636,8103176,128291,0,2,0,2,0,0,0,0,0,0,6497,0,4481,2016,0
27735,16.820458,16.695075,16.580399,0.000000,0.866708,0.866195,0.000180,0.060625,0.012792,0.610417,631,8107343,126946,0,2,0,2,0,0,0,0,0,0,5406,0,3510,1896,0
27736,16.279750,16.127240,15.987794,0.000000,0.565335,0.564945,0.000139,0.077958,0.017584,0.947042,639,8122474,125826,0,2,0,2,0,0,0,0,0,0,7208,0,4680,2528,0
27737,16.875500,16.762587,16.686607,0.000000,0.430376,0.429695,0.000180,0.084583,0.020834,0.937416,630,8091858,127932,0,2,0,2,0,0,0,0,0,0,5406,0,3510,1896,0
27738,16.761583,16.651219,16.442993,0.000000,0.000708,0.000000,0.000000,0.072375,0.015000,0.290917,634,8115512,126907,0,2,0,2,0,0,0,0,0,0,5406,0,3510,1896,0
27739,17.263042,17.129293,16.745623,0.000000,0.000666,0.000000,0.000000,0.070292,0.014833,0.582583,638,8098746,126772,0,2,0,2,0,0,0,0,0,0,7208,0,4680,2528,0
27740,16.496458,16.343746,16.364252,0.000000,0.000249,0.000000,0.000000,0.061209,0.013291,0.614875,630,8107242,130889,0,2,0,2,0,0,0,0,0,0,5406,0,3510,1896,0
27741,15.722667,15.651949,15.665307,0.000000,0.333458,0.333195,0.000097,0.056042,0.052833,0.917959,633,8122711,129050,0,2,0,2,0,0,0,0,0,0,5406,0,3510,1896,0
27742,16.423792,16.187336,14.503917,0.000000,2.378708,2.378361,0.000097,0.046375,0.011166,0.623333,640,8079203,124624,0,2,0,2,0,0,0,0,0,0,7208,0,4680,2528,0
27743,16.933500,16.873240,15.490371,0.000000,2.131042,2.130779,0.000138,0.048541,0.025667,0.930958,631,8119675,131929,0,2,0,2,0,0,0,0,0,0,5406,0,3510,1896,0
27744,16.551625,16.497027,14.907468,0.000000,2.300583,2.300070,0.000138,0.045541,0.048000,0.639917,634,8122720,129197,0,2,0,2,0,0,0,0,0,0,5406,0,3510,1896,0
27745,16.557416,16.382727,14.551029,0.000000,2.493124,2.492861,0.000097,0.044959,0.011666,0.946750,640,8091557,126047,0,2,0,2,0,0,0,0,0,0,7208,0,4680,2528,0
27746,16.804334,16.687288,14.739363,0.000000,2.589833,2.589612,0.000055,0.040083,0.024083,1.219667,630,8107384,127879,0,2,0,2,0,0,0,0,0,0,5406,0,3510,1896,0
27747,16.814500,16.697436,14.969876,0.000000,2.415332,2.415028,0.000013,0.056833,0.027250,0.606792,633,8107179,126695,0,2,0,2,0,0,0,0,0,0,5406,0,3510,1896,0
27748,16.538208,16.422051,14.802151,0.000000,2.323500,2.323111,0.000222,0.056250,0.013083,1.233667,640,8107084,125096,0,2,0,2,0,0,0,0,0,0,7208,0,4680,2528,0
27749,16.781875,16.664575,15.914853,0.000000,1.592750,1.592487,0.000096,0.060708,0.012500,1.146083,629,8107214,128030,0,2,0,2,0,0,0,0,0,0,5406,0,3510,1896,0
27750,16.573875,16.467682,14.872509,0.000000,2.286667,2.286362,0.000097,0.053875,0.046708,0.929542,648,8107078,127670,0,2,0,2,0,0,0,0,0,0,6943,0,3510,3433,0
27751,16.585250,16.501056,14.919171,0.000000,2.292207,2.291986,0.000055,0.045583,0.045459,0.625792,648,8106911,127368,0,2,0,2,0,0,0,0,0,0,7712,0,4680,3032,0
27752,16.771625,16.611841,15.018501,0.000000,2.305457,2.305070,0.000138,0.050417,0.015583,0.906874,630,8107244,130835,0,2,0,2,0,0,0,0,0,0,5406,0,3510,1896,0
27753,16.684708,16.566218,14.590341,0.000000,2.613668,2.613362,0.000138,0.039125,0.024292,1.228041,630,8107254,127877,0,2,0,2,0,0,0,0,0,0,5406,0,3510,1896,0
27754,16.580834,16.407355,14.561731,0.000000,2.511499,2.511236,0.000055,0.041833,0.017667,0.612917,640,8091609,125641,0,2,0,2,0,0,0,0,0,0,7208,0,4680,2528,0
27755,16.169083,16.090510,14.556493,0.000000,2.259083,2.258945,0.000055,0.039083,0.009792,1.228750,634,8122681,131307,0,2,0,2,0,0,0,0,0,0,5531,0,3510,2021,0
27756,16.396250,16.231350,14.951985,0.000000,2.055000,2.054695,0.000097,0.036958,0.008625,0.614416,632,8091825,136519,0,2,0,2,0,0,0,0,0,0,5535,0,3510,2025,0
27757,17.363500,17.308919,15.958924,0.000000,2.103082,2.102736,0.000180,0.051292,0.010750,1.217583,642,8123233,134987,0,2,0,2,0,0,0,0,0,0,7208,0,4680,2528,0
27758,16.718333,16.639832,15.242424,0.000000,2.125708,2.125404,0.000096,0.049167,0.049458,0.608667,630,8121913,131919,0,2,0,2,0,0,0,0,0,0,5406,0,3510,1896,0
27759,16.637084,16.451098,14.737678,0.000000,2.400750,2.400487,0.000055,0.047958,0.049417,1.254042,631,8091941,129707,0,2,0,2,0,0,0,0,0,0,5406,0,3510,1896,0
27760,16.662791,16.604278,14.913006,0.000000,2.381875,2.381611,0.000097,0.042959,0.024250,0.635209,640,8122299,129191,0,2,0,2,0,0,0,0,0,0,7208,0,4680,2528,0
27761,16.972167,16.871836,15.274178,0.000000,2.239000,2.226612,0.012180,0.062875,0.013833,0.940709,630,8091836,132774,0,2,0,2,0,0,0,0,0,0,5406,0,3510,1896,0
27762,16.512625,16.407640,15.446458,0.000000,1.774542,1.774237,0.000097,0.068250,0.013125,0.901875,632,8122721,132114,0,2,0,2,0,0,0,0,0,0,5406,0,3510,1896,0
27763,16.515458,16.400493,15.053760,0.000000,2.087999,2.087486,0.000097,0.054625,0.045209,0.618959,641,8107038,129347,0,2,0,2,0,0,0,0,0,0,7208,0,4680,2528,0
27764,16.874000,16.735081,15.691038,0.000000,1.862791,1.862445,0.000096,0.054584,0.016500,0.901458,630,8091781,134666,0,2,0,2,0,0,0,0,0,0,5406,0,3510,1896,0
27765,16.567542,16.415313,15.098745,0.000000,2.077333,2.077112,0.000055,0.051250,0.012208,0.620417,633,8107296,131698,0,2,0,2,0,0,0,0,0,0,5406,0,3510,1896,0
27766,16.571833,16.465548,15.137075,0.000000,2.024293,2.023861,0.000139,0.052875,0.012084,0.980458,644,8153269,131925,0,2,0,2,0,0,0,0,0,0,7399,0,4680,2719,0
27767,17.445334,17.382080,17.373754,0.000000,0.575875,0.575487,0.000055,0.078291,0.030792,0.613208,629,8070645,145585,0,2,0,2,0,0,0,0,0,0,5406,0,3510,1896,0
27768,16.503750,16.311754,16.288040,0.000000,0.195166,0.194903,0.000055,0.056833,0.045375,0.949334,631,8097540,129633,0,2,0,2,0,0,0,0,0,0,5406,0,3510,1896,0
27769,16.504458,16.302211,15.502946,0.000000,1.670166,1.669945,0.000055,0.046458,0.026667,1.220250,638,8091596,127185,0,2,0,2,0,0,0,0,0,0,7208,0,4680,2528,0
27770,16.910792,16.877799,16.505956,0.000000,1.331667,1.331279,0.000180,0.057083,0.027042,0.606958,633,8122694,131690,0,2,0,2,0,0,0,0,0,0,5406,0,3510,1896,0
27771,15.822166,15.591285,15.604005,0.000000,0.293667,0.293362,0.000097,0.056500,0.014792,0.797626,633,8096229,128293,0,2,0,2,0,0,0,0,0,0,5586,0,3510,2076,0
27772,17.985250,18.014938,17.940095,0.000000,0.140375,0.139820,0.000097,0.127625,0.026125,0.321917,642,8117962,139382,0,2,0,2,0,0,0,0,0,0,7208,0,4680,2528,0
27773,17.421667,17.234371,17.222360,0.000000,0.000499,0.000000,0.000000,0.088167,0.015583,0.607667,632,8107252,133441,0,2,0,2,0,0,0,0,0,0,5406,0,3510,1896,0
27774,16.997667,16.823206,16.822086,0.000000,0.000542,0.000000,0.000000,0.093125,0.018916,0.611792,634,8107258,131303,0,2,0,2,0,0,0,0,0,0,5406,0,3510,1896,0
27775,16.002333,15.856366,15.854154,0.000000,0.000708,0.000000,0.000000,0.085458,0.014209,0.372292,641,8106972,128932,0,2,0,2,0,0,0,0,0,0,7337,0,4680,2657,0
27776,15.371708,15.281486,15.299002,0.000000,0.000374,0.000000,0.000000,0.045042,0.011167,0.671458,639,8138040,138705,0,2,0,2,0,0,0,0,0,0,5804,0,3510,2294,0
27777,18.308917,18.163376,18.155416,0.000000,0.000416,0.000000,0.000000,0.055542,0.018166,1.122876,629,8076288,142260,0,2,0,2,0,0,0,0,0,0,5406,0,3510,1896,0
27778,15.374250,15.254790,15.195925,0.000000,0.233875,0.233445,0.000139,0.064542,0.017250,0.960750,639,8107087,124869,0,2,0,2,0,0,0,0,0,0,7208,0,4680,2528,0
27779,16.907875,16.773506,16.589599,0.000000,1.079124,1.057195,0.021596,0.059792,0.026125,0.625167,632,8107253,129724,0,2,0,2,0,0,0,0,0,0,5406,0,3510,1896,0
27780,16.827750,16.673782,16.520657,0.000000,1.019833,1.019403,0.000055,0.062125,0.029292,0.586375,640,8107256,127412,0,2,0,2,0,0,0,0,0,0,5406,0,3510,1896,0
27781,16.491458,16.353067,16.282049,0.000000,0.350750,0.350278,0.000180,0.056417,0.012542,0.610708,636,8107155,128456,0,2,0,2,0,0,0,0,0,0,7208,0,4680,2528,0
27782,16.025084,15.897000,15.673199,0.000000,1.052041,1.051612,0.000221,0.053875,0.015166,0.761791,632,8107088,127971,0,2,0,2,0,0,0,0,0,0,5728,0,3510,2218,0
27783,17.577375,17.488282,17.454037,0.000000,0.185666,0.185195,0.000097,0.085958,0.036833,0.588000,632,8107261,139817,0,2,0,2,0,0,0,0,0,0,5406,0,3510,1896,0
27784,16.566625,16.440294,16.138703,0.000000,1.180334,1.179778,0.000139,0.062708,0.013417,0.634750,638,8107077,131057,0,2,0,2,0,0,0,0,0,0,7208,0,4680,2528,0
27785,16.581166,16.455925,16.391703,0.000000,0.406666,0.406112,0.000221,0.082042,0.013750,0.911042,633,8107271,129978,0,2,0,2,0,0,0,0,0,0,5406,0,3510,1896,0
27786,16.718000,16.615502,15.801121,0.000000,1.551332,1.550778,0.000180,0.067584,0.022666,0.610500,634,8122686,127842,0,2,0,2,0,0,0,0,0,0,6791,0,4383,2408,0
27787,17.412875,17.260412,16.511208,0.000000,0.937793,0.931903,0.005389,0.073917,0.017875,0.913834,635,8091668,128384,0,2,0,2,0,0,0,0,0,0,5823,0,3807,2016,0
27788,15.994834,15.845714,15.738302,0.000000,0.637500,0.637195,0.000138,0.067375,0.040333,0.626042,633,8107225,127837,0,2,0,2,0,0,0,0,0,0,5406,0,3510,1896,0
27789,16.638166,16.533916,15.482331,0.000000,1.802000,1.801653,0.000180,0.055459,0.045541,1.249416,643,8122532,125945,0,2,0,2,0,0,0,0,0,0,7208,0,4680,2528,0
27790,16.753750,16.579749,16.566958,0.000000,0.000417,0.000000,0.000000,0.063542,0.013542,0.613041,629,8091817,128077,0,2,0,2,0,0,0,0,0,0,5406,0,3510,1896,0
27791,16.595167,16.496690,16.449753,0.000000,0.306875,0.306487,0.000180,0.066000,0.014917,0.759458,630,8107271,127942,0,2,0,2,0,0,0,0,0,0,5406,0,3510,1896,0
27792,16.161375,16.042540,15.919500,0.000000,0.053416,0.052903,0.000222,0.065458,0.035625,0.749124,648,8184155,124855,0,2,0,2,0,0,0,0,0,0,7514,0,4680,2834,0
27793,17.153417,17.030745,16.905375,0.000000,0.725375,0.705236,0.019889,0.067958,0.020208,0.647292,629,8045463,136725,0,2,0,2,0,0,0,0,0,0,5406,0,3510,1896,0
27794,16.948958,16.764674,16.645425,0.000000,0.389958,0.389445,0.000096,0.063917,0.032291,0.693001,629,8091813,136796,0,2,0,2,0,0,0,0,0,0,5406,0,3510,1896,0
27795,16.187292,16.072080,15.941298,0.000000,0.651125,0.650695,0.000138,0.072750,0.018458,0.448500,642,8107115,131107,0,2,0,2,0,0,0,0,0,0,7208,0,4680,2528,0
27796,16.886166,16.783302,16.732128,0.000000,0.095249,0.094986,0.000055,0.058292,0.043875,0.746542,631,8107239,139745,0,2,0,2,0,0,0,0,0,0,5406,0,3510,1896,0
27797,17.002042,16.882250,16.870138,0.000000,0.000417,0.000000,0.000000,0.074125,0.019667,0.444542,630,8107204,134464,0,2,0,2,0,0,0,0,0,0,5406,0,3510,1896,0
27798,17.541958,17.359701,17.296255,0.000000,0.000334,0.000000,0.000000,0.071667,0.046917,0.659917,642,8122721,132220,0,2,0,2,0,0,0,0,0,0,7208,0,4680,2528,0
27799,16.332750,16.165425,16.160373,0.000000,0.000249,0.000000,0.000000,0.076042,0.041542,0.933125,629,8076146,133940,0,2,0,2,0,0,0,0,0,0,5406,0,3510,1896,0
27800,15.870625,15.812672,15.777509,0.000000,0.076918,0.076404,0.000138,0.063000,0.026209,0.517292,632,8122706,135531,0,2,0,2,0,0,0,0,0,0,5406,0,3510,1896,0
27801,16.590917,16.414868,16.217478,0.000000,0.810166,0.809528,0.000222,0.084833,0.022000,0.749124,638,8107034,131610,0,2,0,2,0,0,0,0,0,0,7208,0,4680,2528,0
27802,17.009792,16.867009,16.768504,0.000000,0.849958,0.832236,0.017430,0.065333,0.040208,0.462667,633,8091857,132263,0,2,0,2,0,0,0,0,0,0,5406,0,3510,1896,0
27803,16.492208,16.364456,16.338590,0.000000,0.041999,0.017570,0.024096,0.066292,0.032250,0.747583,629,8107221,134191,0,2,0,2,0,0,0,0,0,0,5406,0,3510,1896,0
27804,16.580208,16.497073,16.456761,0.000000,0.116585,0.112362,0.003930,0.057209,0.018500,0.456125,643,8122548,131892,0,2,0,2,0,0,0,0,0,0,7208,0,4680,2528,0
27805,16.783875,16.675878,16.630099,0.000000,0.000208,0.000000,0.000000,0.050167,0.011083,0.786000,633,8107195,133318,0,2,0,2,0,0,0,0,0,0,5406,0,3510,1896,0
27806,16.641167,16.549903,16.485831,0.000000,0.524001,0.523404,0.000180,0.063417,0.050916,0.609333,632,8107327,132559,0,2,0,2,0,0,0,0,0,0,5406,0,3510,1896,0
27807,16.696208,16.499524,16.370002,0.000000,0.851041,0.826070,0.024680,0.066417,0.017083,0.785541,641,8122508,130562,0,2,0,2,0,0,0,0,0,0,7208,0,4680,2528,0
27808,17.061667,16.949881,16.954262,0.000000,0.000292,0.000000,0.000000,0.059500,0.022500,1.106959,633,8091744,132431,0,2,0,2,0,0,0,0,0,0,5406,0,3510,1896,0
27809,16.294542,16.183458,16.068001,0.000000,0.846542,0.845987,0.000138,0.065125,0.016750,0.608208,630,8107239,132388,0,2,0,2,0,0,0,0,0,0,5406,0,3510,1896,0
27810,16.613875,16.505639,16.416546,0.000000,0.491625,0.491320,0.000055,0.079708,0.044333,0.742667,642,8122545,130396,0,2,0,2,0,0,0,0,0,0,7208,0,4680,2528,0
27811,16.695166,16.480800,16.104383,0.000000,1.232625,1.232195,0.000139,0.075292,0.030750,0.292333,630,8076347,131280,0,2,0,2,0,0,0,0,0,0,5406,0,3510,1896,0
27812,16.714417,16.700766,16.401628,0.000000,1.181292,1.181029,0.000096,0.073417,0.017416,0.722334,634,8122697,132897,0,2,0,2,0,0,0,0,0,0,5406,0,3510,1896,0
27813,16.531083,16.339088,16.013963,0.000000,1.197252,1.188737,0.008222,0.065584,0.031750,0.463333,640,8107105,130295,0,2,0,2,0,0,0,0,0,0,7208,0,4680,2528,0
27814,15.934542,15.787781,15.391299,0.000000,1.207000,1.197653,0.008972,0.065250,0.057083,0.906666,633,8107281,130630,0,2,0,2,0,0,0,0,0,0,5653,0,3510,2143,0
27815,17.637625,17.582086,17.416670,0.000000,1.002707,1.002070,0.000096,0.057583,0.015292,0.918334,633,8110774,140145,0,2,0,2,0,0,0,0,0,0,5406,0,3510,1896,0
27816,16.417917,16.285284,16.249816,0.000000,0.378460,0.378112,0.000097,0.066416,0.019459,0.831917,639,8103372,127700,0,2,0,2,0,0,0,0,0,0,7208,0,4680,2528,0
27817,17.279166,17.145075,16.852529,0.000000,1.071500,1.070903,0.000097,0.080042,0.015583,1.186000,633,8107241,130394,0,2,0,2,0,0,0,0,0,0,5406,0,3510,1896,0
27818,17.659959,17.432342,17.402258,0.000000,0.000460,0.000000,0.000000,0.070333,0.030708,1.108167,631,8091826,128306,0,2,0,2,0,0,0,0,0,0,5406,0,3510,1896,0
27819,15.565500,15.465309,15.437086,0.000000,0.000376,0.000000,0.000000,0.060375,0.017125,0.922875,640,8122504,129700,0,2,0,2,0,0,0,0,0,0,7208,0,4680,2528,0
27820,17.437208,17.371040,17.384585,0.000000,0.000292,0.000000,0.000000,0.075333,0.020334,0.618208,630,8107227,129633,0,2,0,2,0,0,0,0,0,0,5406,0,3510,1896,0
27821,16.181125,16.028505,15.972829,0.000000,0.000291,0.000000,0.000000,0.066792,0.036083,0.616083,631,8107285,129610,0,2,0,2,0,0,0,0,0,0,5406,0,3510,1896,0
27822,16.011292,15.853225,15.778782,0.000000,0.705333,0.704945,0.000180,0.059250,0.013291,0.607584,640,8107032,125593,0,2,0,2,0,0,0,0,0,0,7208,0,4680,2528,0
27823,16.118750,16.031887,15.463310,0.000000,1.372167,1.371778,0.000139,0.063875,0.035666,0.739875,635,8107161,128744,0,2,0,2,0,0,0,0,0,0,5687,0,3510,2177,0
27824,17.563041,17.422951,17.130301,0.000000,1.147792,1.140404,0.007096,0.058709,0.012458,0.930000,630,8107248,137365,0,2,0,2,0,0,0,0,0,0,5406,0,3510,1896,0
27825,16.448500,16.354279,16.301276,0.000000,0.616458,0.615903,0.000180,0.059125,0.012000,0.481209,640,8107052,126231,0,2,0,2,0,0,0,0,0,0,7208,0,4680,2528,0
27826,16.894959,16.780141,15.983001,0.000000,1.534625,1.532778,0.001514,0.062166,0.021625,0.910501,632,8107246,127920,0,2,0,2,0,0,0,0,0,0,5406,0,3510,1896,0
27827,16.612666,16.454133,15.612383,0.000000,1.562999,1.562445,0.000180,0.052792,0.013333,0.620042,632,8107276,128257,0,2,0,2,0,0,0,0,0,0,5406,0,3510,1896,0
27828,16.490000,16.401222,15.689134,0.000000,1.484249,1.483903,0.000055,0.066042,0.046083,0.964875,640,8107009,126195,0,2,0,2,0,0,0,0,0,0,7208,0,4680,2528,0
27829,16.975834,16.820992,16.581698,0.000000,1.110917,1.102028,0.005889,0.069000,0.015875,0.618708,632,8107302,129578,0,2,0,2,0,0,0,0,0,0,5406,0,3510,1896,0
27830,16.652791,16.574607,16.481743,0.000000,0.655376,0.653820,0.001305,0.067084,0.014000,0.930084,632,8107225,128255,0,2,0,2,0,0,0,0,0,0,5406,0,3510,1896,0
27831,16.449584,16.312819,15.676175,0.000000,1.449709,1.440403,0.009055,0.054083,0.015167,1.081751,640,8111625,126205,0,2,0,2,0,0,0,0,0,0,7208,0,4680,2528,0
27832,16.994500,16.848046,16.709094,0.000000,0.563417,0.562528,0.000472,0.060458,0.038083,0.468125,633,8102753,129492,0,2,0,2,0,0,0,0,0,0,5406,0,3510,1896,0
27833,15.553541,15.426291,14.690301,0.000000,1.490334,1.489987,0.000138,0.059042,0.012208,0.592791,648,8168762,127104,0,2,0,2,0,0,0,0,0,0,6066,0,3510,2556,0
27834,17.721167,17.583962,17.346994,0.000000,1.109292,1.105987,0.002930,0.062167,0.023250,0.623416,637,8045483,140822,0,2,0,2,0,0,0,0,0,0,7208,0,4680,2528,0
27835,16.663750,16.571458,15.825825,0.000000,1.472625,1.472111,0.000180,0.085958,0.016334,0.834541,630,8107047,126970,0,2,0,2,0,0,0,0,0,0,5406,0,3510,1896,0
27836,16.681000,16.546057,16.505821,0.000000,0.271834,0.271570,0.000096,0.064583,0.013042,0.621083,633,8107253,126290,0,2,0,2,0,0,0,0,0,0,5406,0,3510,1896,0
27837,16.682167,16.538460,15.607506,0.000000,1.669666,1.669195,0.000097,0.070125,0.021333,1.081125,639,8107087,126633,0,2,0,2,0,0,0,0,0,0,7208,0,4680,2528,0
27838,16.848083,16.735026,15.993192,0.000000,1.487333,1.486945,0.000222,0.056375,0.066458,0.610167,632,8107326,125798,0,2,0,2,0,0,0,0,0,0,5406,0,3510,1896,0
27839,16.752542,16.615707,16.584942,0.000000,0.244958,0.242570,0.002180,0.073916,0.020542,1.093750,632,8107840,126821,0,2,0,2,0,0,0,0,0,0,6446,0,4038,2408,0
27840,16.422000,16.285396,16.175806,0.000000,0.839749,0.839445,0.000180,0.054958,0.025292,1.084292,640,8106498,126139,0,2,0,2,0,0,0,0,0,0,6168,0,4152,2016,0
27841,17.090791,16.973579,16.893175,0.000000,0.476709,0.476195,0.000222,0.069084,0.013625,0.500708,632,8107208,125626,0,2,0,2,0,0,0,0,0,0,5406,0,3510,1896,0
27842,16.335042,16.155583,15.893149,0.000000,1.133292,1.132820,0.000138,0.057917,0.012041,0.607792,636,8107149,124809,0,2,0,2,0,0,0,0,0,0,7208,0,4680,2528,0
27843,16.878375,16.704165,16.384595,0.000000,1.155582,1.155278,0.000138,0.053833,0.011000,0.475583,631,8091737,127959,0,2,0,2,0,0,0,0,0,0,5406,0,3510,1896,0
27844,15.612458,15.559070,15.385987,0.000000,0.932917,0.932486,0.000180,0.058167,0.014667,0.781625,635,8127773,124686,0,2,0,2,0,0,0,0,0,0,5863,0,3510,2353,0
27845,17.553375,17.342328,17.148369,0.000000,1.073792,1.071487,0.002055,0.067584,0.012666,0.461125,637,8086529,133459,0,2,0,2,0,0,0,0,0,0,7208,0,4680,2528,0
27846,17.341375,17.309093,17.302961,0.000000,0.000374,0.000000,0.000000,0.055875,0.046375,1.518084,635,8153696,128478,0,2,0,2,0,0,0,0,0,0,5406,0,3510,1896,0
27847,16.610417,16.437591,16.376282,0.000000,0.000542,0.000000,0.000000,0.092333,0.013834,0.970417,631,8076243,130498,0,2,0,2,0,0,0,0,0,0,5406,0,3510,1896,0
27848,16.085125,16.016905,15.843411,0.000000,0.655000,0.649029,0.005513,0.070292,0.055958,0.370084,640,8107006,126277,0,2,0,2,0,0,0,0,0,0,7208,0,4680,2528,0
27849,16.715250,16.584421,16.301247,0.000000,1.149625,1.146612,0.002680,0.071208,0.021542,0.955084,632,8116769,129808,0,2,0,2,0,0,0,0,0,0,5406,0,3510,1896,0
27850,16.713958,16.566886,16.409850,0.000000,0.999792,0.999320,0.000139,0.058959,0.013166,0.634125,630,8097733,125990,0,2,0,2,0,0,0,0,0,0,5406,0,3510,1896,0
27851,16.432000,16.332829,15.446038,0.000000,1.615500,1.615112,0.000138,0.064709,0.039333,0.841916,641,8107073,125008,0,2,0,2,0,0,0,0,0,0,7208,0,4680,2528,0
27852,18.879167,18.748237,18.617331,0.000000,0.000499,0.000000,0.000000,0.079083,0.018917,0.773250,632,8122679,129835,0,2,0,2,0,0,0,0,0,0,5406,0,3510,1896,0
27853,15.665125,15.477406,15.443794,0.000000,0.000459,0.000000,0.000000,0.064667,0.017958,0.642416,631,8091806,126195,0,2,0,2,0,0,0,0,0,0,5406,0,3510,1896,0
27854,15.482458,15.282449,15.218542,0.000000,0.655376,0.650737,0.004305,0.067250,0.019042,0.947291,636,8091605,123637,0,2,0,2,0,0,0,0,0,0,7208,0,4680,2528,0
27855,16.883709,16.835952,16.440209,0.000000,1.225042,1.219403,0.005305,0.064000,0.025416,0.610417,634,8122699,130262,0,2,0,2,0,0,0,0,0,0,5406,0,3510,1896,0
27856,15.933708,15.769368,15.111913,0.000000,1.428958,1.428486,0.000097,0.064750,0.013750,0.918375,635,8107188,124816,0,2,0,2,0,0,0,0,0,0,5603,0,3510,2093,0
27857,16.326083,16.205340,15.993705,0.000000,1.076792,1.076237,0.000180,0.057500,0.020584,0.466125,663,8106604,132530,0,2,0,2,0,0,0,0,0,0,9571,0,4680,4891,0
27858,17.884542,17.799344,17.645785,0.000000,0.915624,0.914778,0.000513,0.057583,0.019500,0.945375,634,8107295,138687,0,2,0,2,0,0,0,0,0,0,5406,0,3510,1896,0
27859,16.827708,16.674430,16.565974,0.000000,0.304583,0.303903,0.000180,0.098667,0.020958,0.448709,632,8107205,128045,0,2,0,2,0,0,0,0,0,0,5406,0,3510,1896,0
27860,16.454500,16.404134,16.062158,0.000000,0.727458,0.721237,0.005971,0.088334,0.026291,0.817750,641,8107045,125977,0,2,0,2,0,0,0,0,0,0,7208,0,4680,2528,0
27861,17.515875,17.347464,17.325285,0.000000,0.000333,0.000000,0.000000,0.091625,0.012625,0.937125,632,8107279,129525,0,2,0,2,0,0,0,0,0,0,5406,0,3510,1896,0
27862,15.999375,15.841666,15.812000,0.000000,0.000249,0.000000,0.000000,0.060042,0.012667,0.474167,633,8107257,127008,0,2,0,2,0,0,0,0,0,0,5406,0,3510,1896,0
27863,16.649375,16.585750,15.867289,0.000000,1.480959,1.480445,0.000305,0.084000,0.024667,0.748417,637,8104698,125753,0,2,0,2,0,0,0,0,0,0,7208,0,4680,2528,0
27864,16.696000,16.504343,16.429347,0.000000,0.434417,0.415320,0.018930,0.067167,0.017083,0.469250,633,8109607,130033,0,2,0,2,0,0,0,0,0,0,5406,0,3510,1896,0
27865,16.493667,16.375511,15.297790,0.000000,1.750250,1.749403,0.000639,0.060208,0.011792,0.962500,633,8107292,127013,0,2,0,2,0,0,0,0,0,0,5406,0,3510,1896,0
27866,16.630417,16.393417,16.396962,0.000000,0.046126,0.045612,0.000263,0.059625,0.014916,0.478625,639,8091559,124575,0,2,0,2,0,0,0,0,0,0,7208,0,4680,2528,0
27867,17.027416,17.022684,16.786274,0.000000,0.920500,0.919945,0.000138,0.063959,0.014375,0.662791,633,8122704,130176,0,2,0,2,0,0,0,0,0,0,5406,0,3510,1896,0
27868,16.451667,16.300370,15.544606,0.000000,1.503417,1.490820,0.009305,0.055542,0.041375,0.658667,633,8109360,127809,0,2,0,2,0,0,0,0,0,0,5406,0,3510,1896,0
27869,16.483958,16.298909,15.265842,0.000000,1.718834,1.709904,0.008555,0.064167,0.020083,0.764417,637,8089554,124704,0,2,0,2,0,0,0,0,0,0,7208,0,4680,2528,0
27870,16.830792,16.806547,16.672732,0.000000,0.593376,0.591070,0.002180,0.066042,0.013333,1.297583,634,8122655,130181,0,2,0,2,0,0,0,0,0,0,5406,0,3510,1896,0
27871,17.030500,16.906564,16.281689,0.000000,1.408251,1.407695,0.000139,0.056250,0.035583,0.472917,633,8107268,127910,0,2,0,2,0,0,0,0,0,0,5406,0,3510,1896,0
27872,16.271125,16.125347,15.649430,0.000000,1.255124,1.240279,0.014596,0.061375,0.013292,0.992917,639,8103585,125662,0,2,0,2,0,0,0,0,0,0,7208,0,4680,2528,0
27873,16.750417,16.632303,16.037203,0.000000,1.313125,1.312737,0.000222,0.059083,0.029000,0.473417,633,8117207,130186,0,2,0,2,0,0,0,0,0,0,5406,0,3510,1896,0
27874,16.757916,16.590353,16.582019,0.000000,0.187250,0.180986,0.005972,0.051709,0.016083,0.787459,632,8100738,126981,0,2,0,2,0,0,0,0,0,0,5406,0,3510,1896,0
27875,16.501500,16.385847,16.271495,0.000000,0.650916,0.642445,0.008263,0.070542,0.014250,0.614041,640,8107206,125891,0,2,0,2,0,0,0,0,0,0,7208,0,4680,2528,0
27876,16.774500,16.613960,15.767319,0.000000,1.610666,1.610237,0.000180,0.065042,0.012958,0.607500,630,8107133,129953,0,2,0,2,0,0,0,0,0,0,5406,0,3510,1896,0
27877,16.696625,16.565578,16.572661,0.000000,0.000250,0.000000,0.000000,0.044750,0.045167,1.304208,639,8122540,125193,0,2,0,2,0,0,0,0,0,0,5863,0,3510,2353,0
27878,16.588417,16.411630,16.340005,0.000000,0.336500,0.336029,0.000138,0.055917,0.012583,0.739999,637,8091583,134592,0,2,0,2,0,0,0,0,0,0,7208,0,4680,2528,0
27879,16.777333,16.694908,16.116379,0.000000,1.335293,1.326612,0.008305,0.056625,0.020250,0.915958,633,8107253,131702,0,2,0,2,0,0,0,0,0,0,5406,0,3510,1896,0
27880,16.621167,16.496058,15.643725,0.000000,1.649999,1.649778,0.000055,0.058208,0.025917,0.467500,632,8107257,129261,0,2,0,2,0,0,0,0,0,0,5406,0,3510,1896,0
27881,16.767625,16.719872,15.715285,0.000000,1.688042,1.684320,0.003388,0.070875,0.051292,0.764292,641,8107050,126620,0,2,0,2,0,0,0,0,0,0,7208,0,4680,2528,0
27882,16.514542,16.310178,16.303160,0.000000,0.000708,0.000000,0.000000,0.062166,0.020209,0.448042,635,8122691,129426,0,2,0,2,0,0,0,0,0,0,5628,0,3510,2118,0
27883,16.868791,16.755025,16.682964,0.000000,0.559168,0.558653,0.000139,0.058875,0.043625,0.756543,631,8091769,134630,0,2,0,2,0,0,0,0,0,0,5406,0,3510,1896,0
27884,16.564584,16.430282,16.288651,0.000000,0.633167,0.632737,0.000180,0.069041,0.024792,0.449791,639,8107140,125628,0,2,0,2,0,0,0,0,0,0,7208,0,4680,2528,0
27885,16.161708,16.014446,14.941592,0.000000,1.775834,1.775570,0.000097,0.049750,0.011083,0.750166,633,8107115,127485,0,2,0,2,0,0,0,0,0,0,5645,0,3510,2135,0
27886,17.466750,17.342308,17.079676,0.000000,0.875040,0.874361,0.000180,0.060375,0.020583,0.910042,637,8107262,134912,0,2,0,2,0,0,0,0,0,0,5406,0,3510,1896,0
27887,16.662833,16.534835,15.810393,0.000000,1.509500,1.508987,0.000221,0.053042,0.034958,0.460958,639,8107313,127236,0,2,0,2,0,0,0,0,0,0,7208,0,4680,2528,0
27888,15.704292,15.568092,14.813012,0.000000,1.540084,1.527528,0.008805,0.048000,0.015458,0.932375,633,8106969,127812,0,2,0,2,0,0,0,0,0,0,5580,0,3510,2070,0
27889,17.569250,17.460660,17.173447,0.000000,1.105249,1.104903,0.000097,0.064667,0.019500,0.289750,633,8107227,135840,0,2,0,2,0,0,0,0,0,0,5406,0,3510,1896,0
27890,16.860167,16.732632,15.982585,0.000000,1.495833,1.495445,0.000138,0.062125,0.024208,0.789458,640,8107092,126920,0,2,0,2,0,0,0,0,0,0,7208,0,4680,2528,0
27891,15.808333,15.704714,15.541175,0.000000,0.722666,0.722112,0.000347,0.063458,0.018250,0.607459,635,8111712,125248,0,2,0,2,0,0,0,0,0,0,5625,0,3510,2115,0
27892,17.818458,17.660832,17.628713,0.000000,0.000501,0.000000,0.000000,0.092625,0.021250,0.951333,631,8102863,135562,0,2,0,2,0,0,0,0,0,0,6944,0,4536,2408,0
27893,16.277917,16.152679,16.017141,0.000000,0.522709,0.513779,0.008555,0.055208,0.052000,0.953791,636,8106942,126815,0,2,0,2,0,0,0,0,0,0,5670,0,3654,2016,0
27894,16.657750,16.531336,15.438966,0.000000,1.804500,1.804153,0.000097,0.060208,0.020042,0.610542,633,8107272,126019,0,2,0,2,0,0,0,0,0,0,5406,0,3510,1896,0
27895,16.566333,16.482693,15.413123,0.000000,1.736335,1.735945,0.000139,0.053917,0.012333,0.918626,640,8122557,125215,0,2,0,2,0,0,0,0,0,0,7208,0,4680,2528,0
27896,16.895792,16.742243,15.763161,0.000000,1.672959,1.671529,0.001263,0.056500,0.011375,0.608375,631,8091773,128716,0,2,0,2,0,0,0,0,0,0,5406,0,3510,1896,0
27897,16.616958,16.504086,16.346553,0.000000,0.917958,0.906237,0.011347,0.053167,0.011667,0.613458,633,8110839,126423,0,2,0,2,0,0,0,0,0,0,5406,0,3510,1896,0
27898,16.524167,16.318582,15.736986,0.000000,1.373916,1.368361,0.005389,0.061875,0.013625,0.609459,638,8088042,123899,0,2,0,2,0,0,0,0,0,0,7208,0,4680,2528,0
27899,17.026625,16.980624,16.006223,0.000000,1.686209,1.682070,0.003763,0.062042,0.023500,1.207041,633,8122718,129263,0,2,0,2,0,0,0,0,0,0,5406,0,3510,1896,0
27900,16.448750,16.318684,16.138950,0.000000,0.937583,0.937112,0.000305,0.053417,0.019250,0.612291,632,8107275,126810,0,2,0,2,0,0,0,0,0,0,5406,0,3510,1896,0
27901,16.618583,16.510003,15.428593,0.000000,1.800167,1.799778,0.000139,0.047834,0.011916,0.772333,640,8107025,124515,0,2,0,2,0,0,0,0,0,0,7208,0,4680,2528,0
27902,16.759167,16.643462,16.525348,0.000000,0.791958,0.790612,0.001096,0.062625,0.013417,1.078166,630,8107308,127911,0,2,0,2,0,0,0,0,0,0,5406,0,3510,1896,0
27903,16.824625,16.688203,15.896712,0.000000,1.544792,1.542778,0.001638,0.062083,0.032542,0.468000,633,8107263,127494,0,2,0,2,0,0,0,0,0,0,5406,0,3510,1896,0
27904,16.481042,16.359082,15.235298,0.000000,1.809376,1.809028,0.000222,0.061250,0.022041,0.913958,637,8107131,125229,0,2,0,2,0,0,0,0,0,0,7208,0,4680,2528,0
27905,16.624083,16.500674,15.507873,0.000000,1.720000,1.719612,0.000221,0.060250,0.036625,0.480084,630,8107270,127449,0,2,0,2,0,0,0,0,0,0,5406,0,3510,1896,0
27906,16.796917,16.680160,15.512918,0.000000,1.843376,1.842737,0.000430,0.056916,0.044042,0.932250,631,8107156,127008,0,2,0,2,0,0,0,0,0,0,5406,0,3510,1896,0
27907,16.492666,16.306072,15.316097,0.000000,1.704749,1.704236,0.000222,0.064584,0.018666,0.451542,639,8091611,124359,0,2,0,2,0,0,0,0,0,0,7208,0,4680,2528,0
27908,16.985834,16.918207,16.807617,0.000000,0.844208,0.841445,0.002513,0.062833,0.020875,0.877542,632,8122736,129669,0,2,0,2,0,0,0,0,0,0,5406,0,3510,1896,0
27909,16.604958,16.472592,16.309799,0.000000,0.804583,0.803945,0.000138,0.064250,0.022125,0.591083,633,8107202,126357,0,2,0,2,0,0,0,0,0,0,5406,0,3510,1896,0
27910,16.606500,16.527416,15.393660,0.000000,1.829790,1.826736,0.002680,0.065625,0.035917,0.640958,639,8107046,124170,0,2,0,2,0,0,0,0,0,0,7208,0,4680,2528,0
27911,17.028625,16.939015,16.096216,0.000000,1.525083,1.524320,0.000305,0.086375,0.033833,0.903917,634,8122708,128861,0,2,0,2,0,0,0,0,0,0,5406,0,3510,1896,0
27912,17.306167,17.087206,16.956893,0.000000,0.000375,0.000000,0.000000,0.061583,0.033417,0.291667,630,8091812,125555,0,2,0,2,0,0,0,0,0,0,5406,0,3510,1896,0
27913,15.369125,15.216617,15.199924,0.000000,0.283626,0.283278,0.000097,0.054625,0.012791,0.920916,641,8095562,121884,0,2,0,2,0,0,0,0,0,0,7208,0,4680,2528,0
27914,17.053916,16.953713,16.795168,0.000000,0.697916,0.697487,0.000263,0.061917,0.033083,0.797959,632,8118749,128885,0,2,0,2,0,0,0,0,0,0,5406,0,3510,1896,0
27915,16.005459,15.902408,15.267784,0.000000,1.357291,1.356820,0.000138,0.055458,0.013583,0.747459,639,8168976,125078,0,2,0,2,0,0,0,0,0,0,5597,0,3510,2087,0
27916,17.612208,17.438268,17.434927,0.000000,0.000291,0.000000,0.000000,0.069042,0.020416,0.562208,636,8045359,130747,0,2,0,2,0,0,0,0,0,0,7208,0,4680,2528,0
27917,16.929625,16.847091,16.854170,0.000000,0.000333,0.000000,0.000000,0.069417,0.012500,1.118667,632,8107151,130866,0,2,0,2,0,0,0,0,0,0,5406,0,3510,1896,0
27918,16.041750,15.820415,15.685783,0.000000,0.741333,0.741070,0.000097,0.064292,0.033875,0.718792,633,8091805,126547,0,2,0,2,0,0,0,0,0,0,5406,0,3510,1896,0
27919,16.744792,16.642612,16.461508,0.000000,0.941666,0.933986,0.000139,0.069041,0.019584,0.618625,642,8137931,125917,0,2,0,2,0,0,0,0,0,0,7208,0,4680,2528,0
27920,15.911833,15.839624,15.697879,0.000000,0.919834,0.911862,0.007721,0.051750,0.022958,0.607875,633,8107194,132007,0,2,0,2,0,0,0,0,0,0,5576,0,3510,2066,0
27921,17.327167,17.178629,16.995235,0.000000,0.615250,0.614653,0.000222,0.076625,0.028083,0.291709,630,8107344,138500,0,2,0,2,0,0,0,0,0,0,5406,0,3510,1896,0
27922,16.804833,16.732093,15.949709,0.000000,1.521375,1.519445,0.001639,0.073417,0.032083,1.253458,641,8117199,127707,0,2,0,2,0,0,0,0,0,0,7208,0,4680,2528,0
27923,16.666000,16.500930,16.385246,0.000000,0.428752,0.419779,0.008680,0.065833,0.017667,0.310583,629,8081564,130038,0,2,0,2,0,0,0,0,0,0,5406,0,3510,1896,0
27924,16.623792,16.411958,16.015964,0.000000,1.189250,1.188737,0.000180,0.065041,0.018917,0.921000,632,8091844,129571,0,2,0,2,0,0,0,0,0,0,5406,0,3510,1896,0
27925,16.640333,16.667995,15.842543,0.000000,1.503042,1.490320,0.012347,0.066833,0.050250,0.906583,644,8153352,127994,0,2,0,2,0,0,0,0,0,0,7208,0,4680,2528,0
27926,16.591083,16.434308,15.679059,0.000000,1.527875,1.527487,0.000138,0.060542,0.020750,0.640000,629,8081239,128593,0,2,0,2,0,0,0,0,0,0,5406,0,3510,1896,0
27927,16.804125,16.619602,15.838819,0.000000,1.545917,1.545612,0.000055,0.062667,0.020792,0.983541,632,8102389,128670,0,2,0,2,0,0,0,0,0,0,5406,0,3510,1896,0
27928,16.533709,16.402820,16.320444,0.000000,0.633043,0.630195,0.002639,0.056041,0.020000,0.610416,641,8122496,127824,0,2,0,2,0,0,0,0,0,0,7208,0,4680,2528,0
27929,16.758125,16.517357,16.532317,0.000000,0.000376,0.000000,0.000000,0.055875,0.015125,1.188917,628,8076366,129047,0,2,0,2,0,0,0,0,0,0,5406,0,3510,1896,0
27930,16.173708,16.125749,15.275769,0.000000,1.591917,1.589612,0.002180,0.054292,0.014791,0.609459,636,8138085,128804,0,2,0,2,0,0,0,0,0,0,5535,0,3510,2025,0
27931,16.370750,16.180956,15.592384,0.000000,1.335041,1.326445,0.008222,0.052333,0.014500,1.074374,638,8076105,131642,0,2,0,2,0,0,0,0,0,0,7336,0,4680,2656,0
27932,16.768833,16.720923,16.709297,0.000000,0.115208,0.114820,0.000180,0.052709,0.020041,0.649625,639,8138160,138222,0,2,0,2,0,0,0,0,0,0,5675,0,3510,2165,0
27933,17.354334,17.136341,17.052834,0.000000,0.565166,0.564778,0.000138,0.072958,0.014542,0.757958,630,8076317,136179,0,2,0,2,0,0,0,0,0,0,5406,0,3510,1896,0
27934,16.742583,16.736551,15.793847,0.000000,1.640875,1.639611,0.001014,0.055583,0.012584,0.963417,642,8137860,127040,0,2,0,2,0,0,0,0,0,0,7208,0,4680,2528,0
27935,16.679708,16.462676,16.346462,0.000000,0.664500,0.656195,0.008013,0.061042,0.022333,0.554500,631,8091858,129580,0,2,0,2,0,0,0,0,0,0,5406,0,3510,1896,0
27936,16.643042,16.591191,15.979938,0.000000,1.352083,1.351570,0.000180,0.061417,0.019916,0.644332,631,8107229,129161,0,2,0,2,0,0,0,0,0,0,5406,0,3510,1896,0
27937,16.597833,16.461002,15.579459,0.000000,1.608126,1.604570,0.003389,0.053709,0.041750,0.473208,641,8107065,125979,0,2,0,2,0,0,0,0,0,0,7208,0,4680,2528,0
27938,16.831834,16.692439,16.549247,0.000000,0.659709,0.654654,0.004721,0.071166,0.021500,1.546000,631,8107259,130098,0,2,0,2,0,0,0,0,0,0,5406,0,3510,1896,0
27939,16.695208,16.567406,16.176459,0.000000,1.203708,1.203403,0.000055,0.072208,0.026625,0.662083,636,8107360,128336,0,2,0,2,0,0,0,0,0,0,5406,0,3510,1896,0
27940,16.692125,16.603170,15.817040,0.000000,1.531208,1.530820,0.000180,0.063542,0.047458,0.954750,640,8107000,128164,0,2,0,2,0,0,0,0,0,0,7208,0,4680,2528,0
27941,16.682458,16.555514,16.428199,0.000000,0.411917,0.411279,0.000096,0.076084,0.022500,0.908001,632,8107261,128172,0,2,0,2,0,0,0,0,0,0,5406,0,3510,1896,0
27942,17.033584,16.902702,16.546419,0.000000,0.445708,0.423570,0.001263,0.106250,0.020583,0.289792,633,8122894,127841,0,2,0,2,0,0,0,0,0,0,5406,0,3510,1896,0
27943,17.870500,17.744871,17.556508,0.000000,0.000459,0.000000,0.000000,0.075250,0.043625,1.043750,638,8106882,127994,0,2,0,2,0,0,0,0,0,0,7208,0,4680,2528,0
27944,17.611541,17.404041,17.400236,0.000000,0.000248,0.000000,0.000000,0.060334,0.022333,0.610458,631,8091801,126025,0,2,0,2,0,0,0,0,0,0,5406,0,3510,1896,0
27945,16.035459,15.878637,15.880998,0.000000,0.000374,0.000000,0.000000,0.052541,0.013667,1.061417,636,8107213,128617,0,2,0,2,0,0,0,0,0,0,7310,0,4536,2774,0
27946,18.003041,17.937035,17.768215,0.000000,0.000291,0.000000,0.000000,0.053959,0.013291,0.955583,641,8129557,135528,0,2,0,2,0,0,0,0,0,0,5610,0,3654,1956,0
27947,16.517084,16.389713,16.380805,0.000000,0.000333,0.000000,0.000000,0.064875,0.013875,0.532000,631,8100337,127436,0,2,0,2,0,0,0,0,0,0,5406,0,3510,1896,0
27948,15.944750,15.803029,15.798581,0.000000,0.000668,0.000000,0.000000,0.085333,0.021042,0.929709,640,8106883,127075,0,2,0,2,0,0,0,0,0,0,7208,0,4680,2528,0
27949,17.176666,17.087236,17.072116,0.000000,0.000293,0.000000,0.000000,0.085500,0.015250,0.290000,632,8122687,129522,0,2,0,2,0,0,0,0,0,0,5406,0,3510,1896,0
27950,17.730292,17.549872,17.562103,0.000000,0.000418,0.000000,0.000000,0.061125,0.022792,0.872458,630,8091814,135831,0,2,0,2,0,0,0,0,0,0,5406,0,3510,1896,0
27951,15.862792,15.730377,15.738296,0.000000,0.000333,0.000000,0.000000,0.051458,0.018500,0.610833,637,8107054,132460,0,2,0,2,0,0,0,0,0,0,7208,0,4680,2528,0
27952,17.828625,17.734343,17.747174,0.000000,0.000500,0.000000,0.000000,0.057791,0.040709,1.241875,639,8168966,141873,0,2,0,2,0,0,0,0,0,0,5593,0,3510,2083,0
27953,17.923041,17.727926,17.745512,0.000000,0.000250,0.000000,0.000000,0.058167,0.025125,1.221084,626,8030070,143910,0,2,0,2,0,0,0,0,0,0,5406,0,3510,1896,0
27954,15.345959,15.278538,15.283945,0.000000,0.000417,0.000000,0.000000,0.055333,0.050792,0.610041,641,8107007,129847,0,2,0,2,0,0,0,0,0,0,7208,0,4680,2528,0
27955,15.026000,14.909858,14.923691,0.000000,0.000418,0.000000,0.000000,0.053291,0.041500,0.921666,631,8122698,132611,0,2,0,2,0,0,0,0,0,0,5406,0,3510,1896,0
27956,15.966333,15.775068,15.777689,0.000000,0.000291,0.000000,0.000000,0.053708,0.020250,0.609291,629,8091828,131798,0,2,0,2,0,0,0,0,0,0,5406,0,3510,1896,0
27957,14.886083,14.811948,14.802077,0.000000,0.261834,0.261528,0.000097,0.059459,0.046416,0.971958,640,8107053,129832,0,2,0,2,0,0,0,0,0,0,7208,0,4680,2528,0
27958,16.878375,16.720577,15.583209,0.000000,1.937500,1.936945,0.000139,0.050292,0.037958,0.621833,632,8107232,132155,0,2,0,2,0,0,0,0,0,0,5406,0,3510,1896,0
27959,16.360250,16.223170,16.227261,0.000000,0.835750,0.835529,0.000013,0.052750,0.017250,1.242208,632,8107257,130605,0,2,0,2,0,0,0,0,0,0,5406,0,3510,1896,0
27960,16.766000,16.681045,16.670544,0.000000,0.619833,0.619570,0.000138,0.050334,0.036875,0.605458,640,8117789,131340,0,2,0,2,0,0,0,0,0,0,7208,0,4680,2528,0
27961,16.658000,16.523296,16.543585,0.000000,0.551583,0.551278,0.000097,0.051000,0.026000,1.218041,630,8096514,134793,0,2,0,2,0,0,0,0,0,0,5406,0,3510,1896,0
27962,16.866584,16.661788,16.608198,0.000000,1.067875,1.067612,0.000055,0.048000,0.026500,0.606666,632,8107274,133350,0,2,0,2,0,0,0,0,0,0,5406,0,3510,1896,0
27963,16.629875,16.539916,16.577037,0.000000,0.000250,0.000000,0.000000,0.062791,0.040792,0.899417,641,8122587,131900,0,2,0,2,0,0,0,0,0,0,7208,0,4680,2528,0
27964,16.527458,16.409026,15.890386,0.000000,1.446292,1.445945,0.000097,0.050792,0.046958,1.216999,652,8091377,132751,0,2,0,2,0,0,0,0,0,0,7447,0,3510,3937,0
27965,16.660000,16.549209,15.516333,0.000000,1.856250,1.856070,0.000055,0.050583,0.049250,0.446166,632,8107264,133008,0,2,0,2,0,0,0,0,0,0,5406,0,3510,1896,0
27966,16.650167,16.526556,14.983793,0.000000,2.259168,2.258820,0.000180,0.057458,0.033375,1.216000,642,8122474,128878,0,2,0,2,0,0,0,0,0,0,7208,0,4680,2528,0
27967,16.568250,16.403423,15.123283,0.000000,2.051875,2.051611,0.000097,0.042041,0.010542,0.445917,631,8091832,129052,0,2,0,2,0,0,0,0,0,0,5406,0,3510,1896,0
27968,16.818791,16.729686,15.537897,0.000000,1.984460,1.984029,0.000055,0.054917,0.050750,0.942250,632,8107443,134565,0,2,0,2,0,0,0,0,0,0,5406,0,3510,1896,0
27969,16.013917,15.890254,14.702534,0.000000,1.955167,1.954487,0.000180,0.053083,0.051417,0.333834,644,8122211,128815,0,2,0,2,0,0,0,0,0,0,7530,0,4680,2850,0
27970,17.482792,17.378111,16.781362,0.000000,1.503917,1.503445,0.000097,0.051500,0.012958,1.235750,633,8111458,137346,0,2,0,2,0,0,0,0,0,0,5406,0,3510,1896,0
27971,16.637208,16.500669,15.286329,0.000000,1.989376,1.988945,0.000138,0.047250,0.047083,0.450791,629,8103119,130807,0,2,0,2,0,0,0,0,0,0,5406,0,3510,1896,0
27972,16.982458,16.857033,16.677854,0.000000,0.956083,0.955487,0.000180,0.079000,0.024750,0.780292,640,8106963,127877,0,2,0,2,0,0,0,0,0,0,7208,0,4680,2528,0
27973,16.460959,16.389700,16.309658,0.000000,1.088833,1.088361,0.000055,0.052791,0.047375,1.215916,634,8107320,130504,0,2,0,2,0,0,0,0,0,0,5406,0,3510,1896,0
27974,16.540916,16.397414,15.147238,0.000000,2.031750,2.031487,0.000096,0.048667,0.049792,0.622667,628,8091767,129530,0,2,0,2,0,0,0,0,0,0,5406,0,3510,1896,0
27975,16.687750,16.578167,15.079250,0.000000,2.224168,2.223862,0.000055,0.052584,0.049708,1.245458,643,8137916,128623,0,2,0,2,0,0,0,0,0,0,7208,0,4680,2528,0
27976,16.693250,16.558706,16.186299,0.000000,1.328666,1.328236,0.000097,0.058042,0.012917,0.446541,629,8076397,128216,0,2,0,2,0,0,0,0,0,0,5406,0,3510,1896,0
27977,16.177417,16.022376,16.000084,0.000000,1.001625,1.001237,0.000180,0.039625,0.013333,0.751500,636,8153488,133684,0,2,0,2,0,0,0,0,0,0,5574,0,3510,2064,0
27978,17.106458,17.013006,16.650546,0.000000,1.291874,1.291528,0.000138,0.053584,0.012916,0.445458,640,8076286,136422,0,2,0,2,0,0,0,0,0,0,7208,0,4680,2528,0
27979,16.918875,16.753539,15.506832,0.000000,2.003875,2.003570,0.000097,0.047292,0.013708,0.736750,633,8094876,128936,0,2,0,2,0,0,0,0,0,0,5406,0,3510,1896,0
27980,16.471042,16.346151,16.335010,0.000000,0.951043,0.950779,0.000013,0.048417,0.012083,1.053834,630,8104011,130526,0,2,0,2,0,0,0,0,0,0,5406,0,3510,1896,0
27981,16.659542,16.510844,16.499623,0.000000,0.442499,0.442237,0.000138,0.042875,0.011916,0.631291,639,8107044,129017,0,2,0,2,0,0,0,0,0,0,7208,0,4680,2528,0
27982,17.152291,17.079471,16.314742,0.000000,1.488042,1.487528,0.000222,0.066250,0.014875,0.650292,634,8122714,129765,0,2,0,2,0,0,0,0,0,0,5406,0,3510,1896,0
27983,16.692459,16.561345,16.415451,0.000000,0.973000,0.972487,0.000180,0.057125,0.016208,0.448417,631,8107293,131054,0,2,0,2,0,0,0,0,0,0,5406,0,3510,1896,0
27984,16.421666,16.282869,16.166373,0.000000,1.022208,1.019820,0.002180,0.049084,0.011250,1.116583,642,8099272,127381,0,2,0,2,0,0,0,0,0,0,7208,0,4680,2528,0
27985,16.714000,16.532454,16.460914,0.000000,0.440625,0.440361,0.000055,0.062125,0.055584,0.607291,633,8115144,129907,0,2,0,2,0,0,0,0,0,0,5406,0,3510,1896,0
27986,16.660417,16.576046,16.531199,0.000000,0.432624,0.432070,0.000221,0.055417,0.012541,0.776834,632,8107110,129199,0,2,0,2,0,0,0,0,0,0,5406,0,3510,1896,0
27987,16.651958,16.501046,16.420102,0.000000,0.543541,0.543028,0.000138,0.047875,0.014542,0.741499,640,8091598,127735,0,2,0,2,0,0,0,0,0,0,7208,0,4680,2528,0
27988,16.899500,16.803677,16.733413,0.000000,0.607625,0.607153,0.000139,0.082750,0.016375,0.608209,634,8122886,130156,0,2,0,2,0,0,0,0,0,0,5406,0,3510,1896,0
27989,15.743417,15.494795,15.417121,0.000000,0.674958,0.674487,0.000138,0.046583,0.011459,0.910001,631,8076246,128908,0,2,0,2,0,0,0,0,0,0,5863,0,3510,2353,0
27990,17.978667,17.873124,17.891624,0.000000,0.000460,0.000000,0.000000,0.049208,0.012375,0.407459,642,8106772,143250,0,2,0,2,0,0,0,0,0,0,7352,0,4680,2672,0
27991,17.278000,17.234155,17.208195,0.000000,0.000832,0.000000,0.000000,0.070458,0.024333,1.243750,634,8138349,130986,0,2,0,2,0,0,0,0,0,0,5406,0,3510,1896,0
27992,15.544458,15.393372,15.347893,0.000000,0.160459,0.150487,0.009638,0.070250,0.016458,0.612125,635,8107051,129380,0,2,0,2,0,0,0,0,0,0,5406,0,3510,1896,0
27993,16.142042,16.012001,15.383282,0.000000,1.416126,1.415612,0.000305,0.060291,0.018542,1.247000,638,8107039,132011,0,2,0,2,0,0,0,0,0,0,7378,0,4680,2698,0
27994,17.284041,17.149885,17.163370,0.000000,0.000292,0.000000,0.000000,0.058459,0.011416,0.609958,636,8122583,146615,0,2,0,2,0,0,0,0,0,0,5559,0,3510,2049,0
27995,16.876834,16.769779,16.783299,0.000000,0.000332,0.000000,0.000000,0.062041,0.019167,0.944542,635,8122705,141757,0,2,0,2,0,0,0,0,0,0,6627,0,3897,2730,0
27996,17.375458,17.193286,17.206173,0.000000,0.000333,0.000000,0.000000,0.062125,0.018917,0.957501,634,8060640,135762,0,2,0,2,0,0,0,0,0,0,6309,0,4293,2016,0
27997,16.007417,15.884200,15.890776,0.000000,0.000292,0.000000,0.000000,0.065541,0.014667,0.646500,633,8107265,129202,0,2,0,2,0,0,0,0,0,0,5406,0,3510,1896,0
27998,16.528416,16.447145,16.394027,0.000000,0.288084,0.278904,0.008930,0.061375,0.016584,0.752499,637,8122627,129275,0,2,0,2,0,0,0,0,0,0,7004,0,4536,2468,0
27999,16.293875,16.151630,16.040475,0.000000,0.157250,0.153778,0.000180,0.084125,0.016417,0.392542,637,8112524,131136,0,2,0,2,0,0,0,0,0,0,6067,0,3654,2413,0
28000,17.717292,17.613630,17.562410,0.000000,0.000541,0.000000,0.000000,0.114292,0.038083,0.635750,633,8117194,136648,0,2,0,2,0,0,0,0,0,0,5406,0,3510,1896,0
28001,16.380333,16.252334,16.209303,0.000000,0.000335,0.000000,0.000000,0.064667,0.043792,0.658125,641,8107004,127068,0,2,0,2,0,0,0,0,0,0,7208,0,4680,2528,0
28002,16.517167,16.402077,16.360647,0.000000,0.000667,0.000000,0.000000,0.097000,0.022125,0.611749,630,8091840,129911,0,2,0,2,0,0,0,0,0,0,5406,0,3510,1896,0
28003,16.711500,16.532656,16.462193,0.000000,0.284292,0.280903,0.000097,0.062250,0.021625,0.620416,632,8092020,128886,0,2,0,2,0,0,0,0,0,0,5406,0,3510,1896,0
28004,17.524833,17.328944,17.315176,0.000000,0.000292,0.000000,0.000000,0.062542,0.013583,0.655792,639,8106832,127596,0,2,0,2,0,0,0,0,0,0,7208,0,4680,2528,0
28005,15.481667,15.397116,15.335706,0.000000,0.286416,0.286070,0.000138,0.071042,0.024583,0.951750,632,8107265,129905,0,2,0,2,0,0,0,0,0,0,5406,0,3510,1896,0
28006,16.899458,16.788634,16.587762,0.000000,0.711501,0.709028,0.001889,0.058625,0.021042,0.310916,632,8122696,128274,0,2,0,2,0,0,0,0,0,0,5406,0,3510,1896,0
28007,16.538584,16.410327,16.190316,0.000000,1.120210,1.116154,0.003805,0.063541,0.014542,0.653750,640,8107161,126598,0,2,0,2,0,0,0,0,0,0,7208,0,4680,2528,0
28008,16.597583,16.500577,16.406781,0.000000,0.967751,0.967362,0.000222,0.066958,0.039709,0.492250,630,8096397,130482,0,2,0,2,0,0,0,0,0,0,5406,0,3510,1896,0
28009,16.786875,16.631027,16.225710,0.000000,1.236251,1.235445,0.000472,0.058333,0.012084,0.757709,632,8102570,127797,0,2,0,2,0,0,0,0,0,0,5406,0,3510,1896,0
28010,17.062167,16.930786,16.797658,0.000000,0.549499,0.539070,0.010013,0.076833,0.021375,0.951792,641,8122606,127402,0,2,0,2,0,0,0,0,0,0,7208,0,4680,2528,0
28011,16.828708,16.695047,16.696209,0.000000,0.000332,0.000000,0.000000,0.061417,0.020250,0.462959,632,8107249,134676,0,2,0,2,0,0,0,0,0,0,5406,0,3510,1896,0
28012,15.915167,15.811632,15.799582,0.000000,0.000334,0.000000,0.000000,0.063125,0.034041,1.116083,635,8122563,132334,0,2,0,2,0,0,0,0,0,0,5603,0,3510,2093,0
28013,17.149125,17.032552,17.008447,0.000000,0.402832,0.402195,0.000096,0.072541,0.027584,0.305292,644,8137825,138145,0,2,0,2,0,0,0,0,0,0,7396,0,4680,2716,0
28014,17.747041,17.574593,17.560339,0.000000,0.000291,0.000000,0.000000,0.066500,0.042125,1.431667,625,8045460,141408,0,2,0,2,0,0,0,0,0,0,5406,0,3510,1896,0
28015,16.518917,16.390105,16.377268,0.000000,0.000250,0.000000,0.000000,0.053917,0.035583,0.612208,630,8107258,129934,0,2,0,2,0,0,0,0,0,0,5406,0,3510,1896,0
28016,15.564042,15.414134,15.369886,0.000000,0.333624,0.333195,0.000138,0.062666,0.016625,0.938000,642,8122496,125403,0,2,0,2,0,0,0,0,0,0,7208,0,4680,2528,0
28017,16.722083,16.634068,16.475137,0.000000,0.774833,0.774528,0.000097,0.056958,0.030167,0.560333,631,8091821,132768,0,2,0,2,0,0,0,0,0,0,5406,0,3510,1896,0
28018,16.716250,16.594487,16.467157,0.000000,0.698875,0.693736,0.004889,0.059375,0.011917,0.758958,633,8122784,133068,0,2,0,2,0,0,0,0,0,0,5406,0,3510,1896,0
28019,16.712833,16.587826,16.476325,0.000000,0.258459,0.249029,0.009013,0.059709,0.012666,0.856166,639,8106956,130726,0,2,0,2,0,0,0,0,0,0,7208,0,4680,2528,0
28020,16.801292,16.656008,16.560558,0.000000,0.673333,0.673028,0.000097,0.063500,0.024625,0.624917,633,8091818,133685,0,2,0,2,0,0,0,0,0,0,5406,0,3510,1896,0
28021,16.669542,16.526992,16.533754,0.000000,0.000374,0.000000,0.000000,0.056041,0.019250,1.246000,631,8107248,131698,0,2,0,2,0,0,0,0,0,0,5406,0,3510,1896,0
28022,17.395208,17.297290,17.240177,0.000000,0.005166,0.000000,0.000000,0.113833,0.043084,0.664166,640,8122500,127495,0,2,0,2,0,0,0,0,0,0,7208,0,4680,2528,0
28023,17.226500,16.981432,16.931590,0.000000,0.000291,0.000000,0.000000,0.058083,0.013292,0.985333,630,8091969,131051,0,2,0,2,0,0,0,0,0,0,5406,0,3510,1896,0
28024,16.462875,16.326125,16.308485,0.000000,0.000251,0.000000,0.000000,0.051458,0.036875,0.638917,631,8091825,129088,0,2,0,2,0,0,0,0,0,0,5406,0,3510,1896,0
28025,16.317292,16.254498,16.268466,0.000000,0.000208,0.000000,0.000000,0.073541,0.016709,1.220751,641,8122313,127392,0,2,0,2,0,0,0,0,0,0,7208,0,4680,2528,0
28026,15.604500,15.410826,15.369206,0.000000,0.000500,0.000000,0.000000,0.055041,0.014334,0.659875,635,8091897,132093,0,2,0,2,0,0,0,0,0,0,5728,0,3510,2218,0
28027,17.627291,17.562322,17.549862,0.000000,0.000332,0.000000,0.000000,0.058375,0.015792,1.225833,633,8122504,137545,0,2,0,2,0,0,0,0,0,0,5406,0,3510,1896,0
28028,16.986625,16.810088,16.797868,0.000000,0.000416,0.000000,0.000000,0.059750,0.015292,0.937083,639,8107185,129885,0,2,0,2,0,0,0,0,0,0,7208,0,4680,2528,0
28029,17.625250,17.504809,17.515792,0.000000,0.000416,0.000000,0.000000,0.059625,0.031500,0.454791,635,8122563,132752,0,2,0,2,0,0,0,0,0,0,5406,0,3510,1896,0
28030,15.814084,15.752362,15.744783,0.000000,0.000333,0.000000,0.000000,0.076875,0.019708,0.826792,632,8107358,129546,0,2,0,2,0,0,0,0,0,0,5406,0,3510,1896,0
28031,15.979166,15.799888,15.796927,0.000000,0.000458,0.000000,0.000000,0.082042,0.024208,0.289375,639,8106988,129346,0,2,0,2,0,0,0,0,0,0,7208,0,4680,2528,0
28032,17.162750,17.085242,16.812393,0.000000,0.000583,0.000000,0.000000,0.093459,0.024041,0.918292,633,8122795,132721,0,2,0,2,0,0,0,0,0,0,5406,0,3510,1896,0
28033,16.048125,15.842554,15.838495,0.000000,0.000333,0.000000,0.000000,0.060167,0.013500,0.325667,630,8091679,129813,0,2,0,2,0,0,0,0,0,0,5406,0,3510,1896,0
28034,16.669542,16.571480,16.484984,0.000000,0.939916,0.924862,0.014721,0.060542,0.015958,1.068874,637,8107094,127801,0,2,0,2,0,0,0,0,0,0,7208,0,4680,2528,0
28035,16.000000,15.867539,15.797831,0.000000,0.525834,0.517987,0.007513,0.051500,0.025458,1.254333,639,8122784,131839,0,2,0,2,0,0,0,0,0,0,5863,0,3510,2353,0
28036,17.135333,16.971407,16.914045,0.000000,0.436250,0.435945,0.000055,0.060167,0.020083,0.610416,632,8091542,135480,0,2,0,2,0,0,0,0,0,0,5406,0,3510,1896,0
28037,16.829084,16.709821,16.204454,0.000000,1.315875,1.310487,0.005138,0.073375,0.023166,0.953667,641,8107036,128730,0,2,0,2,0,0,0,0,0,0,7208,0,4680,2528,0
28038,16.126416,16.012854,15.849282,0.000000,0.974959,0.971612,0.000097,0.057125,0.011625,0.454750,635,8123018,132354,0,2,0,2,0,0,0,0,0,0,5628,0,3510,2118,0
28039,17.298292,17.141454,16.940957,0.000000,1.074833,1.067153,0.007305,0.069208,0.023959,0.762958,628,8075981,134419,0,2,0,2,0,0,0,0,0,0,5406,0,3510,1896,0
28040,16.436208,16.375920,16.191649,0.000000,0.953834,0.953279,0.000180,0.066375,0.047584,0.609250,640,8122677,128309,0,2,0,2,0,0,0,0,0,0,7208,0,4680,2528,0
28041,16.343250,16.163357,15.708995,0.000000,1.205334,1.204987,0.000097,0.058750,0.016625,0.592167,635,8122458,129692,0,2,0,2,0,0,0,0,0,0,5645,0,3510,2135,0
28042,17.070625,16.964907,16.877453,0.000000,0.886624,0.886111,0.000222,0.060500,0.043917,1.159125,633,8091943,134143,0,2,0,2,0,0,0,0,0,0,5406,0,3510,1896,0
28043,16.755375,16.635970,16.548381,0.000000,0.419875,0.419445,0.000180,0.104042,0.036458,0.475500,637,8106954,127760,0,2,0,2,0,0,0,0,0,0,7208,0,4680,2528,0
28044,17.434250,17.196868,17.183498,0.000000,0.000750,0.000000,0.000000,0.068875,0.038750,0.967625,632,8076375,131606,0,2,0,2,0,0,0,0,0,0,5406,0,3510,1896,0
28045,16.199584,16.075417,16.048300,0.000000,0.000333,0.000000,0.000000,0.074541,0.023042,0.609000,645,8107273,128719,0,2,0,2,0,0,0,0,0,0,5406,0,3510,1896,0
28046,16.730541,16.685141,16.604665,0.000000,0.437292,0.431612,0.005221,0.072084,0.021666,1.278958,638,8122520,129857,0,2,0,2,0,0,0,0,0,0,7208,0,4680,2528,0
28047,17.361542,17.228370,17.247665,0.000000,0.163958,0.163153,0.000388,0.083292,0.015458,0.634709,632,8107230,129177,0,2,0,2,0,0,0,0,0,0,5406,0,3510,1896,0
28048,17.355458,17.102208,17.068327,0.000000,0.000374,0.000000,0.000000,0.072750,0.020917,0.622583,632,8091816,129609,0,2,0,2,0,0,0,0,0,0,5406,0,3510,1896,0
28049,16.646709,16.505919,16.502290,0.000000,0.000332,0.000000,0.000000,0.068083,0.014750,0.757999,638,8107079,129136,0,2,0,2,0,0,0,0,0,0,7208,0,4680,2528,0
28050,15.535041,15.391598,15.390364,0.000000,0.000458,0.000000,0.000000,0.062459,0.012791,0.445458,632,8107288,129354,0,2,0,2,0,0,0,0,0,0,5406,0,3510,1896,0
28051,16.290792,16.274780,16.227558,0.000000,0.408125,0.406820,0.001055,0.056167,0.012458,0.768875,632,8116863,130355,0,2,0,2,0,0,0,0,0,0,5684,0,3510,2174,0
28052,16.672500,16.573555,16.396414,0.000000,1.062208,1.061779,0.000055,0.081708,0.014584,0.301750,638,8112893,130012,0,2,0,2,0,0,0,0,0,0,6930,0,4680,2250,0
28053,16.846250,16.608571,16.591504,0.000000,0.000249,0.000000,0.000000,0.069125,0.024500,1.072958,631,8091813,129343,0,2,0,2,0,0,0,0,0,0,5406,0,3510,1896,0
28054,16.619917,16.608668,16.066682,0.000000,1.193542,1.192695,0.000389,0.065916,0.014209,0.454125,644,8153507,128695,0,2,0,2,0,0,0,0,0,0,7208,0,4680,2528,0
28055,16.589166,16.334587,15.895708,0.000000,1.281083,1.280570,0.000180,0.067375,0.018542,1.068083,628,8060888,129994,0,2,0,2,0,0,0,0,0,0,5406,0,3510,1896,0
28056,16.664084,16.727879,16.258581,0.000000,1.297584,1.297112,0.000138,0.097625,0.023208,0.290500,628,8121207,130631,0,2,0,2,0,0,0,0,0,0,5406,0,3510,1896,0
28057,16.707416,16.577669,16.247779,0.000000,1.194168,1.193195,0.000639,0.065334,0.051791,0.927166,644,8139395,127958,0,2,0,2,0,0,0,0,0,0,7208,0,4680,2528,0
28058,16.639042,16.341940,16.262530,0.000000,0.379500,0.378737,0.000388,0.063042,0.020125,1.260083,624,8060871,129621,0,2,0,2,0,0,0,0,0,0,5406,0,3510,1896,0
28059,17.360375,17.235824,17.200340,0.000000,0.000416,0.000000,0.000000,0.055208,0.013250,0.619834,632,8107412,129447,0,2,0,2,0,0,0,0,0,0,5406,0,3510,1896,0
28060,15.915125,15.863159,15.863317,0.000000,0.000291,0.000000,0.000000,0.051958,0.010959,0.938083,643,8137793,128777,0,2,0,2,0,0,0,0,0,0,7208,0,4680,2528,0
28061,17.315917,17.251204,17.198825,0.000000,0.000458,0.000000,0.000000,0.091208,0.023208,0.517792,630,8091808,130638,0,2,0,2,0,0,0,0,0,0,5406,0,3510,1896,0
28062,16.213791,15.939370,15.954244,0.000000,0.000251,0.000000,0.000000,0.066500,0.012917,0.598458,631,8091835,128373,0,2,0,2,0,0,0,0,0,0,5406,0,3510,1896,0
28063,16.556209,16.515953,16.429826,0.000000,0.719833,0.719320,0.000222,0.063833,0.026708,0.607542,644,8138064,129035,0,2,0,2,0,0,0,0,0,0,7208,0,4680,2528,0
28064,16.967750,16.722959,16.653413,0.000000,0.426833,0.411945,0.014430,0.064833,0.021042,0.936459,631,8076260,130719,0,2,0,2,0,0,0,0,0,0,5406,0,3510,1896,0
28065,16.417083,16.291676,16.129798,0.000000,1.059459,1.059153,0.000055,0.060042,0.020166,0.608083,633,8107219,129129,0,2,0,2,0,0,0,0,0,0,5406,0,3510,1896,0
28066,16.709792,16.691175,16.487326,0.000000,0.904208,0.903903,0.000055,0.075333,0.027167,1.104208,642,8138088,128514,0,2,0,2,0,0,0,0,0,0,7208,0,4680,2528,0
28067,16.613958,16.499093,16.209531,0.000000,1.158667,1.158237,0.000180,0.070375,0.021750,1.231457,631,8091663,130787,0,2,0,2,0,0,0,0,0,0,5406,0,3510,1896,0
28068,17.032917,16.790351,16.688193,0.000000,0.279125,0.276028,0.002722,0.071125,0.018625,0.366125,631,8091807,129458,0,2,0,2,0,0,0,0,0,0,5406,0,3510,1896,0
28069,16.634500,16.570099,16.584333,0.000000,0.000374,0.000000,0.000000,0.067375,0.013750,0.957958,643,8137962,127335,0,2,0,2,0,0,0,0,0,0,7208,0,4680,2528,0
28070,16.654500,16.567080,16.524799,0.000000,0.397293,0.381904,0.015138,0.073375,0.047291,0.630125,632,8091821,130686,0,2,0,2,0,0,0,0,0,0,5406,0,3510,1896,0
28071,16.507750,16.378415,16.246972,0.000000,0.890958,0.888320,0.000430,0.071583,0.052792,0.612126,651,8111426,129478,0,2,0,2,0,0,0,0,0,0,7447,0,3510,3937,0
28072,16.647708,16.454337,16.343750,0.000000,0.921667,0.921403,0.000055,0.081000,0.020625,0.659000,640,8117946,128127,0,2,0,2,0,0,0,0,0,0,7208,0,4680,2528,0
28073,16.817375,16.759934,16.257320,0.000000,1.296708,1.280779,0.015596,0.064875,0.022792,0.591000,629,8091903,130737,0,2,0,2,0,0,0,0,0,0,5406,0,3510,1896,0
28074,16.091458,15.930421,15.862157,0.000000,0.495792,0.495528,0.000055,0.065584,0.013583,0.957458,636,8137987,129353,0,2,0,2,0,0,0,0,0,0,5597,0,3510,2087,0
28075,17.036875,16.893050,16.723784,0.000000,0.896208,0.895695,0.000139,0.061209,0.013416,0.343125,637,8091605,133180,0,2,0,2,0,0,0,0,0,0,7208,0,4680,2528,0
28076,16.843500,16.718778,16.680092,0.000000,0.168667,0.168320,0.000180,0.059334,0.023041,1.245000,630,8091814,130071,0,2,0,2,0,0,0,0,0,0,5406,0,3510,1896,0
28077,16.734834,16.643910,15.813996,0.000000,1.557292,1.556528,0.000472,0.067291,0.013292,0.605708,631,8107251,127903,0,2,0,2,0,0,0,0,0,0,5406,0,3510,1896,0
28078,16.884125,16.769241,16.513430,0.000000,1.001292,1.000445,0.000347,0.082500,0.022125,1.128126,642,8122507,126388,0,2,0,2,0,0,0,0,0,0,7208,0,4680,2528,0
28079,15.831166,15.686050,15.554988,0.000000,0.802793,0.802362,0.000180,0.060000,0.013125,0.612333,637,8153759,129763,0,2,0,2,0,0,0,0,0,0,5617,0,3510,2107,0
28080,17.356084,17.219966,16.915302,0.000000,1.124500,1.124070,0.000180,0.059083,0.023167,0.927833,628,8045212,135984,0,2,0,2,0,0,0,0,0,0,5406,0,3510,1896,0
28081,16.459000,16.344256,15.534093,0.000000,1.566416,1.565861,0.000222,0.050875,0.012166,0.916250,638,8107047,125154,0,2,0,2,0,0,0,0,0,0,7208,0,4680,2528,0
28082,16.908291,16.772079,15.946579,0.000000,1.591082,1.590904,0.000096,0.065167,0.047750,0.608291,632,8107256,130794,0,2,0,2,0,0,0,0,0,0,5406,0,3510,1896,0
28083,16.834334,16.716289,15.939001,0.000000,1.535417,1.518362,0.016680,0.061625,0.012458,0.592875,632,8107365,129165,0,2,0,2,0,0,0,0,0,0,5406,0,3510,1896,0
28084,16.533958,16.444153,15.604550,0.000000,1.588333,1.587861,0.000139,0.050875,0.011208,0.449541,641,8106985,126156,0,2,0,2,0,0,0,0,0,0,7208,0,4680,2528,0
28085,16.715125,16.629993,15.742203,0.000000,1.590959,1.590529,0.000221,0.058958,0.045292,1.029874,633,8122711,130466,0,2,0,2,0,0,0,0,0,0,5406,0,3510,1896,0
28086,16.094167,15.934674,14.909844,0.000000,1.756291,1.755653,0.000222,0.061291,0.014959,0.608459,634,8107132,125438,0,2,0,2,0,0,0,0,0,0,5535,0,3510,2025,0
28087,16.674750,16.564600,16.320352,0.000000,1.074126,1.073695,0.000222,0.055208,0.014208,0.597250,639,8107059,133085,0,2,0,2,0,0,0,0,0,0,7208,0,4680,2528,0
28088,16.620208,16.444448,16.460212,0.000000,0.000250,0.000000,0.000000,0.045458,0.010459,1.299167,636,8122680,136483,0,2,0,2,0,0,0,0,0,0,5675,0,3510,2165,0
28089,18.040833,17.959959,17.974324,0.000000,0.000291,0.000000,0.000000,0.060250,0.050125,0.621584,632,8091712,139076,0,2,0,2,0,0,0,0,0,0,5406,0,3510,1896,0
28090,15.945625,15.701031,15.489810,0.000000,0.999125,0.998570,0.000180,0.054250,0.045834,0.915750,636,8076217,125042,0,2,0,2,0,0,0,0,0,0,7208,0,4680,2528,0
28091,16.820500,16.764748,16.444251,0.000000,1.150791,1.145904,0.004596,0.053875,0.025084,0.463917,634,8122643,130749,0,2,0,2,0,0,0,0,0,0,5406,0,3510,1896,0
28092,16.779834,16.663781,16.140626,0.000000,0.536000,0.535612,0.000055,0.062875,0.036666,0.615541,632,8107270,128303,0,2,0,2,0,0,0,0,0,0,5406,0,3510,1896,0
28093,16.829958,16.705791,16.668203,0.000000,0.000416,0.000000,0.000000,0.065333,0.022250,0.651291,641,8107036,126446,0,2,0,2,0,0,0,0,0,0,7208,0,4680,2528,0
28094,16.560125,16.487706,16.386333,0.000000,0.531625,0.521945,0.009305,0.073708,0.041917,0.786375,631,8122813,130422,0,2,0,2,0,0,0,0,0,0,5406,0,3510,1896,0
28095,16.607125,16.437096,15.713261,0.000000,1.440708,1.439237,0.001055,0.057000,0.021792,0.608041,632,8091694,127642,0,2,0,2,0,0,0,0,0,0,5406,0,3510,1896,0
28096,16.616875,16.481550,16.319999,0.000000,0.922334,0.921861,0.000097,0.063500,0.012833,0.613375,639,8107097,127326,0,2,0,2,0,0,0,0,0,0,7208,0,4680,2528,0
28097,16.860958,16.718297,16.615882,0.000000,0.481459,0.481112,0.000180,0.078500,0.013709,1.068917,632,8107264,129678,0,2,0,2,0,0,0,0,0,0,5406,0,3510,1896,0
28098,16.706167,16.645731,16.591741,0.000000,0.000458,0.000000,0.000000,0.069167,0.038958,0.317875,633,8122699,128824,0,2,0,2,0,0,0,0,0,0,5406,0,3510,1896,0
28099,16.672000,16.493619,16.101106,0.000000,1.211624,1.211195,0.000180,0.055583,0.012667,0.743793,637,8091646,127923,0,2,0,2,0,0,0,0,0,0,7208,0,4680,2528,0
28100,16.537792,16.417057,15.773164,0.000000,1.368583,1.364570,0.003596,0.056000,0.035541,0.646833,628,8107241,128485,0,2,0,2,0,0,0,0,0,0,5406,0,3510,1896,0
28101,16.727416,16.607956,15.877592,0.000000,1.517500,1.516987,0.000180,0.054042,0.036500,0.857250,631,8107316,128253,0,2,0,2,0,0,0,0,0,0,5406,0,3510,1896,0
28102,16.622167,16.514786,16.438413,0.000000,0.212958,0.212611,0.000097,0.054583,0.051084,0.654875,640,8107023,127197,0,2,0,2,0,0,0,0,0,0,7208,0,4680,2528,0
28103,16.773542,16.618308,16.593526,0.000000,0.000251,0.000000,0.000000,0.044583,0.011417,0.612125,630,8107316,128051,0,2,0,2,0,0,0,0,0,0,5406,0,3510,1896,0
28104,16.488625,16.349785,16.235671,0.000000,0.738750,0.738445,0.000097,0.067791,0.025084,0.782334,634,8107269,128611,0,2,0,2,0,0,0,0,0,0,7004,0,4536,2468,0
28105,16.755625,16.694788,16.074626,0.000000,1.416751,1.414570,0.001764,0.074416,0.024000,0.476750,641,8124827,126835,0,2,0,2,0,0,0,0,0,0,5610,0,3654,1956,0
28106,17.124875,16.939755,16.919427,0.000000,0.000334,0.000000,0.000000,0.057958,0.038375,0.962667,627,8089452,136479,0,2,0,2,0,0,0,0,0,0,5406,0,3510,1896,0
28107,16.102291,16.022046,15.954649,0.000000,0.244874,0.244403,0.000180,0.069125,0.037750,0.446584,641,8122537,130450,0,2,0,2,0,0,0,0,0,0,7208,0,4680,2528,0
28108,17.004542,16.866754,16.814508,0.000000,0.203875,0.185320,0.018347,0.070000,0.018917,0.988542,632,8091790,133210,0,2,0,2,0,0,0,0,0,0,5406,0,3510,1896,0
28109,16.511792,16.360200,16.137026,0.000000,1.073375,1.073029,0.000138,0.060208,0.063333,0.308084,629,8107274,132471,0,2,0,2,0,0,0,0,0,0,5406,0,3510,1896,0
28110,16.484250,16.366996,16.339825,0.000000,0.087416,0.068028,0.018930,0.061750,0.020875,0.938958,641,8107057,130887,0,2,0,2,0,0,0,0,0,0,7208,0,4680,2528,0
28111,16.955875,16.809251,16.558518,0.000000,1.063041,1.062695,0.000055,0.051666,0.016292,0.913583,633,8107210,133043,0,2,0,2,0,0,0,0,0,0,5406,0,3510,1896,0
28112,16.572208,16.472798,16.380793,0.000000,0.831500,0.831112,0.000138,0.066583,0.031125,0.655958,632,8107372,133012,0,2,0,2,0,0,0,0,0,0,5406,0,3510,1896,0
28113,16.538542,16.324534,15.963294,0.000000,1.161958,1.161528,0.000180,0.063916,0.021125,0.598001,639,8091587,129882,0,2,0,2,0,0,0,0,0,0,7208,0,4680,2528,0
28114,16.100250,16.033268,15.702277,0.000000,1.164166,1.163903,0.000055,0.049250,0.030000,0.620000,635,8123991,134016,0,2,0,2,0,0,0,0,0,0,5529,0,3510,2019,0
28115,16.620250,16.523292,16.509091,0.000000,0.000375,0.000000,0.000000,0.057750,0.026666,1.248668,633,8105787,141904,0,2,0,2,0,0,0,0,0,0,5529,0,3510,2019,0
28116,17.149791,17.016325,16.985122,0.000000,0.194333,0.194028,0.000097,0.070334,0.018833,0.610458,641,8122507,142046,0,2,0,2,0,0,0,0,0,0,7208,0,4680,2528,0
28117,16.891584,16.744785,16.404060,0.000000,1.102709,1.101528,0.000889,0.062750,0.020208,1.249750,631,8107334,136404,0,2,0,2,0,0,0,0,0,0,5406,0,3510,1896,0
28118,16.931375,16.801496,16.812864,0.000000,0.000292,0.000000,0.000000,0.067666,0.019917,0.613791,629,8091718,135533,0,2,0,2,0,0,0,0,0,0,5406,0,3510,1896,0
28119,16.225083,16.138659,16.036938,0.000000,0.572083,0.565153,0.006555,0.058083,0.016834,0.687500,640,8112917,134951,0,2,0,2,0,0,0,0,0,0,7208,0,4680,2528,0
28120,16.671792,16.510662,16.328533,0.000000,1.027209,1.026736,0.000180,0.055666,0.013625,1.300000,632,8117044,136047,0,2,0,2,0,0,0,0,0,0,5406,0,3510,1896,0
28121,17.215250,17.081281,17.013573,0.000000,0.000375,0.000000,0.000000,0.062250,0.015916,0.301375,631,8107249,135461,0,2,0,2,0,0,0,0,0,0,5406,0,3510,1896,0
28122,16.211875,16.095501,16.097554,0.000000,0.000375,0.000000,0.000000,0.075458,0.019708,0.969374,640,8106859,132793,0,2,0,2,0,0,0,0,0,0,7208,0,4680,2528,0
28123,16.784583,16.695250,16.604788,0.000000,0.384167,0.383695,0.000139,0.075833,0.020542,0.300750,631,8122684,137102,0,2,0,2,0,0,0,0,0,0,5406,0,3510,1896,0
28124,16.767792,16.609579,16.486875,0.000000,0.804249,0.803862,0.000138,0.064000,0.021250,0.618708,630,8091825,135081,0,2,0,2,0,0,0,0,0,0,5406,0,3510,1896,0
28125,16.506666,16.385257,16.328996,0.000000,0.000374,0.000000,0.000000,0.059500,0.013542,0.649167,638,8091690,133055,0,2,0,2,0,0,0,0,0,0,7208,0,4680,2528,0
28126,18.320584,18.122466,18.081849,0.000000,0.000335,0.000000,0.000000,0.061708,0.031583,0.984791,633,8122603,134633,0,2,0,2,0,0,0,0,0,0,5406,0,3510,1896,0
28127,17.388583,17.285347,17.308444,0.000000,0.000500,0.000000,0.000000,0.082333,0.016209,1.320291,632,8107257,134457,0,2,0,2,0,0,0,0,0,0,5406,0,3510,1896,0
28128,16.882375,16.753343,16.750586,0.000000,0.000374,0.000000,0.000000,0.058042,0.068791,0.314750,640,8107056,132894,0,2,0,2,0,0,0,0,0,0,7208,0,4680,2528,0
28129,16.083750,15.920400,15.880229,0.000000,0.000416,0.000000,0.000000,0.059083,0.028959,1.293916,632,8091865,134305,0,2,0,2,0,0,0,0,0,0,5406,0,3510,1896,0
28130,16.957708,16.868035,16.803453,0.000000,0.000290,0.000000,0.000000,0.074917,0.030875,0.294500,633,8122649,136769,0,2,0,2,0,0,0,0,0,0,5406,0,3510,1896,0
28131,16.202334,16.079174,16.070883,0.000000,0.000459,0.000000,0.000000,0.073375,0.016083,0.753541,641,8107089,136982,0,2,0,2,0,0,0,0,0,0,7208,0,4680,2528,0
28132,16.452791,16.306496,16.249691,0.000000,0.000333,0.000000,0.000000,0.059875,0.032542,0.446792,633,8107221,137430,0,2,0,2,0,0,0,0,0,0,5406,0,3510,1896,0
28133,16.403250,16.266421,16.249955,0.000000,0.000292,0.000000,0.000000,0.065292,0.017917,0.796208,634,8122644,136667,0,2,0,2,0,0,0,0,0,0,5597,0,3510,2087,0
28134,18.323334,18.225371,18.163535,0.000000,0.000332,0.000000,0.000000,0.072208,0.020000,1.066916,642,8095273,149557,0,2,0,2,0,0,0,0,0,0,7208,0,4680,2528,0
28135,17.628875,17.427634,17.438883,0.000000,0.000208,0.000000,0.000000,0.078958,0.030792,0.611417,629,8088148,139081,0,2,0,2,0,0,0,0,0,0,5406,0,3510,1896,0
28136,17.155458,16.917998,16.909681,0.000000,0.000376,0.000000,0.000000,0.062750,0.030792,0.913083,631,8091779,138383,0,2,0,2,0,0,0,0,0,0,5406,0,3510,1896,0
28137,17.485875,17.430423,17.451992,0.000000,0.000291,0.000000,0.000000,0.061500,0.025667,1.260291,641,8122532,136697,0,2,0,2,0,0,0,0,0,0,7208,0,4680,2528,0
28138,17.321667,17.218513,17.221472,0.000000,0.000500,0.000000,0.000000,0.057000,0.018833,0.606500,633,8107175,138013,0,2,0,2,0,0,0,0,0,0,5406,0,3510,1896,0
28139,16.987875,16.752041,16.734790,0.000000,0.000458,0.000000,0.000000,0.059041,0.014667,0.961708,631,8092048,137254,0,2,0,2,0,0,0,0,0,0,5406,0,3510,1896,0
28140,17.903375,17.831174,17.834417,0.000000,0.000333,0.000000,0.000000,0.050916,0.020875,0.504334,640,8122279,136796,0,2,0,2,0,0,0,0,0,0,7208,0,4680,2528,0
28141,16.351375,16.273855,16.286614,0.000000,0.000332,0.000000,0.000000,0.073041,0.047459,1.137292,631,8107241,138518,0,2,0,2,0,0,0,0,0,0,5406,0,3510,1896,0
28142,16.140583,15.927880,15.916894,0.000000,0.000292,0.000000,0.000000,0.047333,0.011792,1.133624,633,8107262,136904,0,2,0,2,0,0,0,0,0,0,5406,0,3510,1896,0
28143,17.933458,17.871697,17.886171,0.000000,0.000293,0.000000,0.000000,0.059625,0.014500,0.465625,640,8122447,137692,0,2,0,2,0,0,0,0,0,0,7208,0,4680,2528,0
28144,15.838584,15.661577,15.665697,0.000000,0.000375,0.000000,0.000000,0.065458,0.015917,0.963208,630,8107341,134068,0,2,0,2,0,0,0,0,0,0,5406,0,3510,1896,0
28145,15.428541,15.309260,15.316193,0.000000,0.000416,0.000000,0.000000,0.061959,0.049041,0.651667,636,8122703,135969,0,2,0,2,0,0,0,0,0,0,5535,0,3510,2025,0
28146,15.892084,15.706709,15.676429,0.000000,0.000334,0.000000,0.000000,0.046916,0.011584,1.151875,640,8060439,137024,0,2,0,2,0,0,0,0,0,0,7337,0,4680,2657,0
28147,16.842625,16.793180,16.784821,0.000000,0.000375,0.000000,0.000000,0.066000,0.013791,0.466250,633,8122789,140103,0,2,0,2,0,0,0,0,0,0,5406,0,3510,1896,0
28148,15.139875,15.038750,15.045026,0.000000,0.000333,0.000000,0.000000,0.054750,0.014583,1.363916,631,8114426,128424,0,2,0,2,0,0,0,0,0,0,5406,0,3510,1896,0
28149,16.003125,15.882756,15.876197,0.000000,0.000250,0.000000,0.000000,0.055708,0.013000,0.609666,641,8115310,127434,0,2,0,2,0,0,0,0,0,0,7208,0,4680,2528,0
28150,17.234833,17.067759,17.061679,0.000000,0.000334,0.000000,0.000000,0.048875,0.013875,1.057209,630,8091788,126565,0,2,0,2,0,0,0,0,0,0,5406,0,3510,1896,0
28151,17.481708,17.433259,17.436717,0.000000,0.000292,0.000000,0.000000,0.130667,0.018583,0.607625,633,8122689,131094,0,2,0,2,0,0,0,0,0,0,5406,0,3510,1896,0
28152,17.480125,17.287235,17.157292,0.000000,0.000290,0.000000,0.000000,0.102250,0.019625,0.738875,638,8107115,127263,0,2,0,2,0,0,0,0,0,0,7208,0,4680,2528,0
28153,16.513667,16.320878,16.330292,0.000000,0.000416,0.000000,0.000000,0.054542,0.029333,0.817043,632,8091830,127486,0,2,0,2,0,0,0,0,0,0,5406,0,3510,1896,0
28154,16.455792,16.285039,16.250504,0.000000,0.000667,0.000000,0.000000,0.068083,0.015083,0.500292,631,8107213,128822,0,2,0,2,0,0,0,0,0,0,5406,0,3510,1896,0
28155,15.292125,15.213974,15.189458,0.000000,0.000416,0.000000,0.000000,0.056083,0.013208,0.958750,637,8107119,127620,0,2,0,2,0,0,0,0,0,0,7208,0,4680,2528,0
28156,15.637166,15.505737,15.452340,0.000000,0.000292,0.000000,0.000000,0.059209,0.011750,0.474916,633,8107456,127919,0,2,0,2,0,0,0,0,0,0,5406,0,3510,1896,0
28157,15.311792,15.256530,15.237908,0.000000,0.000291,0.000000,0.000000,0.063083,0.048625,0.657125,638,8115180,127574,0,2,0,2,0,0,0,0,0,0,7004,0,4536,2468,0
28158,16.161500,15.991504,15.945255,0.000000,0.000459,0.000000,0.000000,0.067292,0.021875,0.629541,633,8098943,127831,0,2,0,2,0,0,0,0,0,0,5610,0,3654,1956,0
28159,16.568042,16.450881,16.432174,0.000000,0.091125,0.090320,0.000180,0.069875,0.015375,0.582792,634,8107504,128094,0,2,0,2,0,0,0,0,0,0,5406,0,3510,1896,0
28160,17.178416,17.036180,16.999335,0.000000,0.000418,0.000000,0.000000,0.078459,0.015375,0.289875,641,8122270,125897,0,2,0,2,0,0,0,0,0,0,7208,0,4680,2528,0
28161,15.807667,15.642698,15.640823,0.000000,0.238208,0.237737,0.000097,0.059792,0.015041,0.908292,631,8091817,129194,0,2,0,2,0,0,0,0,0,0,5406,0,3510,1896,0
28162,16.749750,16.705964,16.269308,0.000000,1.364083,1.363570,0.000180,0.049625,0.046875,0.289750,635,8122680,129245,0,2,0,2,0,0,0,0,0,0,5406,0,3510,1896,0
28163,16.115000,15.921873,15.935162,0.000000,0.717083,0.716695,0.000180,0.040083,0.015042,1.251875,644,8137795,130289,0,2,0,2,0,0,0,0,0,0,7530,0,4680,2850,0
28164,17.193625,17.090623,17.110923,0.000000,0.368750,0.368403,0.000097,0.042792,0.010541,0.511459,628,8076380,136031,0,2,0,2,0,0,0,0,0,0,5406,0,3510,1896,0
28165,16.806125,16.688624,15.839624,0.000000,1.688916,1.688445,0.000097,0.052917,0.014291,0.776418,632,8107364,129873,0,2,0,2,0,0,0,0,0,0,5406,0,3510,1896,0
28166,16.575750,16.465769,16.455642,0.000000,0.717709,0.717404,0.000138,0.052458,0.029042,0.612250,638,8091486,127677,0,2,0,2,0,0,0,0,0,0,7208,0,4680,2528,0
28167,16.356500,16.195407,16.212416,0.000000,0.863583,0.863320,0.000097,0.041250,0.011042,0.780666,637,8153572,135077,0,2,0,2,0,0,0,0,0,0,5580,0,3510,2070,0
28168,17.003750,16.831422,16.845505,0.000000,0.386707,0.386361,0.000055,0.047583,0.019000,1.055666,629,8060875,132477,0,2,0,2,0,0,0,0,0,0,5406,0,3510,1896,0
28169,16.867958,16.834625,15.399090,0.000000,2.162999,2.162487,0.000013,0.051584,0.048666,0.454417,642,8138084,125584,0,2,0,2,0,0,0,0,0,0,7208,0,4680,2528,0
28170,16.786709,16.631020,14.607650,0.000000,2.643541,2.643195,0.000138,0.046625,0.016375,1.071125,630,8076252,120981,0,2,0,2,0,0,0,0,0,0,5406,0,3510,1896,0
28171,16.630291,16.493418,15.371579,0.000000,1.907793,1.907570,0.000055,0.042459,0.056250,0.609750,632,8107350,120192,0,2,0,2,0,0,0,0,0,0,5406,0,3510,1896,0
28172,16.692667,16.542954,15.390158,0.000000,1.934792,1.934445,0.000180,0.060250,0.019792,1.892750,641,8111180,119205,0,2,0,2,0,0,0,0,0,0,7208,0,4680,2528,0
28173,16.637875,16.574127,14.551632,0.000000,2.630167,2.629862,0.000138,0.050792,0.042583,0.607625,630,8103080,123102,0,2,0,2,0,0,0,0,0,0,5406,0,3510,1896,0
28174,16.788542,16.641154,14.460256,0.000000,2.761792,2.761361,0.000097,0.055541,0.019084,0.742583,632,8107373,119710,0,2,0,2,0,0,0,0,0,0,5406,0,3510,1896,0
28175,16.630583,16.483337,14.405076,0.000000,2.684042,2.683695,0.000180,0.045958,0.027334,1.220250,640,8106938,117349,0,2,0,2,0,0,0,0,0,0,7208,0,4680,2528,0
28176,16.669500,16.610692,14.498085,0.000000,2.720708,2.720362,0.000138,0.051375,0.027417,0.613458,631,8107246,122170,0,2,0,2,0,0,0,0,0,0,5406,0,3510,1896,0
28177,16.873125,16.724210,15.478448,0.000000,2.031790,2.031236,0.000180,0.089375,0.035333,1.228042,631,8107268,118782,0,2,0,2,0,0,0,0,0,0,5406,0,3510,1896,0
28178,16.513333,16.420658,15.357997,0.000000,1.855208,1.854987,0.000055,0.060875,0.020084,0.446209,660,8122135,118780,0,2,0,2,0,0,0,0,0,0,9249,0,4680,4569,0
28179,16.638042,16.483002,14.448996,0.000000,2.659708,2.659362,0.000138,0.044000,0.011333,1.247375,631,8091815,120654,0,2,0,2,0,0,0,0,0,0,5406,0,3510,1896,0
28180,16.627833,16.531687,14.856008,0.000000,2.345916,2.345653,0.000055,0.040709,0.050583,0.609125,632,8107259,119471,0,2,0,2,0,0,0,0,0,0,5406,0,3510,1896,0
28181,16.835459,16.673602,15.606361,0.000000,1.853291,1.852820,0.000138,0.046708,0.049500,1.598750,640,8122511,116486,0,2,0,2,0,0,0,0,0,0,7208,0,4680,2528,0
28182,16.581083,16.392814,14.601505,0.000000,2.454834,2.454362,0.000097,0.046542,0.012041,0.607792,629,8091920,121742,0,2,0,2,0,0,0,0,0,0,5406,0,3510,1896,0
28183,16.666583,16.576012,15.346160,0.000000,2.017375,2.017070,0.000055,0.041750,0.010792,1.201875,633,8107213,120641,0,2,0,2,0,0,0,0,0,0,5406,0,3510,1896,0
28184,16.611875,16.505418,15.129336,0.000000,2.131917,2.131612,0.000096,0.038500,0.050834,1.060542,640,8122404,118958,0,2,0,2,0,0,0,0,0,0,7208,0,4680,2528,0
28185,16.757542,16.530944,14.780087,0.000000,2.429083,2.428653,0.000097,0.043833,0.011584,0.610208,630,8076394,121215,0,2,0,2,0,0,0,0,0,0,5406,0,3510,1896,0
28186,16.850917,16.808287,15.678972,0.000000,1.825293,1.824820,0.000222,0.050375,0.018500,0.924459,633,8122734,120705,0,2,0,2,0,0,0,0,0,0,5406,0,3510,1896,0
28187,16.522166,16.374866,14.425875,0.000000,2.566125,2.565862,0.000096,0.040250,0.010042,0.626875,641,8107005,118129,0,2,0,2,0,0,0,0,0,0,7208,0,4680,2528,0
28188,16.675417,16.625398,14.374357,0.000000,2.829293,2.828862,0.000180,0.044208,0.036584,0.926625,631,8107245,121296,0,2,0,2,0,0,0,0,0,0,5406,0,3510,1896,0
28189,16.694000,16.458541,13.766393,0.000000,3.180833,3.180528,0.000139,0.043208,0.025709,0.609833,632,8091878,117730,0,2,0,2,0,0,0,0,0,0,5406,0,3510,1896,0
28190,16.800792,16.742898,14.288548,0.000000,2.991042,2.990654,0.000138,0.046916,0.043792,0.914625,639,8122435,116559,0,2,0,2,0,0,0,0,0,0,7208,0,4680,2528,0
28191,16.625750,16.538665,14.864525,0.000000,2.368625,2.368278,0.000013,0.043666,0.011709,1.063792,633,8107268,120743,0,2,0,2,0,0,0,0,0,0,5406,0,3510,1896,0
28192,16.712541,16.632592,14.055660,0.000000,3.084583,3.084070,0.000180,0.072375,0.016334,0.360750,633,8107246,118706,0,2,0,2,0,0,0,0,0,0,5406,0,3510,1896,0
28193,16.770709,16.634548,14.948703,0.000000,2.323501,2.322904,0.000180,0.077000,0.013583,0.598000,641,8122711,116604,0,2,0,2,0,0,0,0,0,0,7208,0,4680,2528,0
28194,16.776708,16.592343,14.805914,0.000000,2.429084,2.428695,0.000097,0.071042,0.019791,0.642584,633,8107028,119557,0,2,0,2,0,0,0,0,0,0,5406,0,3510,1896,0
28195,16.563708,16.488142,15.345745,0.000000,1.904751,1.899695,0.004680,0.058209,0.053125,0.957833,629,8091921,119730,0,2,0,2,0,0,0,0,0,0,5406,0,3510,1896,0
28196,16.711167,16.583371,14.867153,0.000000,2.322792,2.322362,0.000055,0.062625,0.015792,0.612667,643,8122608,117818,0,2,0,2,0,0,0,0,0,0,7208,0,4680,2528,0
28197,16.790875,16.660752,16.502175,0.000000,0.997042,0.996612,0.000055,0.075708,0.026917,0.960334,631,8091613,120712,0,2,0,2,0,0,0,0,0,0,5406,0,3510,1896,0
28198,16.609333,16.355971,14.612724,0.000000,2.359709,2.358945,0.000222,0.064625,0.021750,0.944499,630,8091863,118265,0,2,0,2,0,0,0,0,0,0,5406,0,3510,1896,0
28199,16.666167,16.721582,14.613457,0.000000,2.633375,2.633029,0.000138,0.077417,0.042500,0.660208,644,8153561,117911,0,2,0,2,0,0,0,0,0,0,7208,0,4680,2528,0
28200,16.739333,16.585666,15.393338,0.000000,1.869124,1.868653,0.000138,0.065500,0.016542,0.607291,631,8076273,119950,0,2,0,2,0,0,0,0,0,0,5406,0,3510,1896,0
28201,16.704834,16.598386,14.432713,0.000000,2.648541,2.643361,0.004847,0.069875,0.040833,0.660750,631,8107129,116764,0,2,0,2,0,0,0,0,0,0,5406,0,3510,1896,0
28202,16.593833,16.444095,15.452848,0.000000,1.674625,1.674029,0.000221,0.074583,0.022292,0.847542,640,8122566,114955,0,2,0,2,0,0,0,0,0,0,7208,0,4680,2528,0
28203,17.016917,16.888246,16.818384,0.000000,0.225291,0.224278,0.000597,0.098541,0.024042,0.298125,631,8091769,118415,0,2,0,2,0,0,0,0,0,0,5406,0,3510,1896,0
28204,16.444875,16.158280,15.804882,0.000000,1.231500,1.231070,0.000139,0.054625,0.024500,0.903292,631,8091790,116125,0,2,0,2,0,0,0,0,0,0,5406,0,3510,1896,0
28205,16.801333,16.770863,14.395455,0.000000,2.847291,2.846945,0.000096,0.058708,0.019000,0.652042,639,8122597,115961,0,2,0,2,0,0,0,0,0,0,7208,0,4680,2528,0
28206,16.621750,16.442080,13.948379,0.000000,2.946833,2.946403,0.000180,0.064667,0.013041,1.255833,632,8091747,113153,0,2,0,2,0,0,0,0,0,0,5406,0,3510,1896,0
28207,16.648125,16.527662,14.076773,0.000000,2.881750,2.881278,0.000222,0.066542,0.013500,0.912626,629,8107286,114326,0,2,0,2,0,0,0,0,0,0,5406,0,3510,1896,0
28208,16.819000,16.743874,15.401741,0.000000,1.932084,1.923987,0.007805,0.066833,0.020500,0.639875,640,8122498,115536,0,2,0,2,0,0,0,0,0,0,7208,0,4680,2528,0
28209,16.742958,16.612017,15.504315,0.000000,1.820792,1.819112,0.001263,0.064125,0.015500,0.617750,631,8107261,113796,0,2,0,2,0,0,0,0,0,0,5406,0,3510,1896,0
28210,16.529375,16.410113,13.996923,0.000000,2.946500,2.945986,0.000180,0.064542,0.011833,0.615208,632,8107348,113004,0,2,0,2,0,0,0,0,0,0,6944,0,4536,2408,0
28211,16.684834,16.566983,14.026104,0.000000,2.987834,2.983987,0.003555,0.060958,0.019542,0.819167,637,8107018,114183,0,2,0,2,0,0,0,0,0,0,5670,0,3654,2016,0
28212,16.806125,16.681215,15.055035,0.000000,2.127458,2.126862,0.000055,0.071500,0.014916,0.292583,632,8107440,114023,0,2,0,2,0,0,0,0,0,0,5406,0,3510,1896,0
28213,16.556041,16.390282,14.286313,0.000000,2.522874,2.522486,0.000180,0.068000,0.019500,0.582333,640,8106936,112144,0,2,0,2,0,0,0,0,0,0,7208,0,4680,2528,0
28214,16.773542,16.620067,15.655155,0.000000,1.652041,1.651695,0.000096,0.055667,0.013833,0.758708,631,8091765,115283,0,2,0,2,0,0,0,0,0,0,5406,0,3510,1896,0
28215,16.621125,16.619322,14.340477,0.000000,2.767875,2.767445,0.000097,0.068958,0.018209,0.364708,634,8122699,115024,0,2,0,2,0,0,0,0,0,0,5406,0,3510,1896,0
28216,16.484500,16.342861,13.884022,0.000000,2.934043,2.933070,0.000472,0.066042,0.025000,0.900208,639,8107070,112089,0,2,0,2,0,0,0,0,0,0,7208,0,4680,2528,0
28217,16.963458,16.819859,15.566390,0.000000,1.938000,1.937195,0.000388,0.067875,0.024709,0.546084,629,8107320,116449,0,2,0,2,0,0,0,0,0,0,5406,0,3510,1896,0
28218,16.645000,16.525249,14.293322,0.000000,2.752125,2.751487,0.000180,0.063959,0.013541,0.774042,633,8107369,114268,0,2,0,2,0,0,0,0,0,0,5406,0,3510,1896,0
28219,16.495542,16.390010,13.889981,0.000000,2.940791,2.940236,0.000222,0.067667,0.037833,0.638000,641,8106903,111579,0,2,0,2,0,0,0,0,0,0,7208,0,4680,2528,0
28220,16.787000,16.693615,14.543625,0.000000,2.680750,2.680154,0.000180,0.057417,0.019208,1.597500,630,8107298,116958,0,2,0,2,0,0,0,0,0,0,5406,0,3510,1896,0
28221,18.432875,18.327637,17.086002,0.000000,0.003668,0.000000,0.000000,0.116792,0.020000,0.607793,630,8107236,113725,0,2,0,2,0,0,0,0,0,0,5406,0,3510,1896,0
28222,17.233292,17.024168,16.544310,0.000000,0.000541,0.000000,0.000000,0.103125,0.022625,0.310709,641,8107093,111255,0,2,0,2,0,0,0,0,0,0,7208,0,4680,2528,0
28223,16.996416,16.951521,16.563948,0.000000,0.000792,0.000000,0.000000,0.102084,0.047791,0.648626,630,8122712,117323,0,2,0,2,0,0,0,0,0,0,5406,0,3510,1896,0
28224,18.402834,18.021700,17.064511,0.000000,0.000875,0.000000,0.000000,0.106958,0.016333,0.646625,630,8076352,113136,0,2,0,2,0,0,0,0,0,0,5406,0,3510,1896,0
28225,152.054833,149.564901,27.151537,0.000000,0.000875,0.000000,0.000000,1.154250,0.043083,4.198624,639,8107099,111603,0,2,0,2,0,0,0,0,0,0,7208,0,4680,2528,0
28226,36.090333,38.102821,26.579915,0.000000,0.001875,0.000000,0.000000,0.098792,0.016542,0.877583,632,8122682,116783,0,2,0,2,0,0,0,0,0,0,5406,0,3510,1896,0
28227,13.639125,13.520332,13.485246,0.000000,0.000374,0.000000,0.000000,0.044375,0.011250,0.981208,640,8160075,114971,0,2,0,2,0,0,0,0,0,0,5863,0,3510,2353,0
28228,19.192459,19.106834,19.122179,0.000000,0.000416,0.000000,0.000000,0.069208,0.026125,0.336708,638,8069487,170464,0,2,0,2,0,0,0,0,0,0,7208,0,4680,2528,0
28229,16.267791,16.115082,16.124545,0.000000,0.000459,0.000000,0.000000,0.064750,0.013834,1.269833,631,8112551,129411,0,2,0,2,0,0,0,0,0,0,5406,0,3510,1896,0
28230,15.475334,15.289674,15.305622,0.000000,0.000418,0.000000,0.000000,0.071375,0.014625,0.614125,632,8102104,127955,0,2,0,2,0,0,0,0,0,0,5406,0,3510,1896,0
28231,15.835583,15.795059,15.734431,0.000000,0.000333,0.000000,0.000000,0.119083,0.018292,1.296916,638,8106979,126169,0,2,0,2,0,0,0,0,0,0,7208,0,4680,2528,0
28232,18.086083,17.896047,16.890780,0.000000,0.000624,0.000000,0.000000,0.072625,0.015625,0.291375,632,8107183,130021,0,2,0,2,0,0,0,0,0,0,5406,0,3510,1896,0
28233,15.549125,15.439700,15.420205,0.000000,0.000292,0.000000,0.000000,0.058667,0.016375,1.161750,632,8107256,127617,0,2,0,2,0,0,0,0,0,0,5406,0,3510,1896,0
28234,15.248500,15.137852,15.094300,0.000000,0.000459,0.000000,0.000000,0.057292,0.039208,0.607083,642,8107083,126010,0,2,0,2,0,0,0,0,0,0,7208,0,4680,2528,0
28235,15.170209,15.060423,15.025454,0.000000,0.000374,0.000000,0.000000,0.069958,0.021542,0.776125,634,8122719,130107,0,2,0,2,0,0,0,0,0,0,5406,0,3510,1896,0
28236,14.858291,14.709189,14.719997,0.000000,0.000291,0.000000,0.000000,0.055917,0.047000,0.588042,629,8091898,127817,0,2,0,2,0,0,0,0,0,0,5406,0,3510,1896,0
28237,15.669792,15.584076,15.434702,0.000000,0.000375,0.000000,0.000000,0.066000,0.017625,0.917000,641,8106952,125940,0,2,0,2,0,0,0,0,0,0,7208,0,4680,2528,0
28238,15.342625,15.198691,15.212185,0.000000,0.000500,0.000000,0.000000,0.065167,0.016916,0.636792,633,8122703,129745,0,2,0,2,0,0,0,0,0,0,5406,0,3510,1896,0
28239,16.392750,16.229163,16.248854,0.000000,0.000292,0.000000,0.000000,0.058833,0.013834,1.306583,632,8091772,127159,0,2,0,2,0,0,0,0,0,0,5406,0,3510,1896,0
28240,15.225708,15.098848,15.089583,0.000000,0.000417,0.000000,0.000000,0.073709,0.013041,0.460625,639,8091609,126201,0,2,0,2,0,0,0,0,0,0,7208,0,4680,2528,0
28241,17.504959,17.406735,17.386217,0.000000,0.000416,0.000000,0.000000,0.063791,0.013750,0.951834,631,8122769,129484,0,2,0,2,0,0,0,0,0,0,5406,0,3510,1896,0
28242,16.483458,16.314928,16.317174,0.000000,0.000292,0.000000,0.000000,0.063708,0.026667,0.477083,632,8107197,127393,0,2,0,2,0,0,0,0,0,0,5406,0,3510,1896,0
28243,15.751792,15.639373,15.626367,0.000000,0.000417,0.000000,0.000000,0.060833,0.019208,0.815001,639,8107144,126080,0,2,0,2,0,0,0,0,0,0,7208,0,4680,2528,0
28244,16.172541,16.095759,16.075446,0.000000,0.000583,0.000000,0.000000,0.097875,0.015584,0.485333,633,8107153,130084,0,2,0,2,0,0,0,0,0,0,5406,0,3510,1896,0
28245,15.004334,14.853777,14.870022,0.000000,0.000251,0.000000,0.000000,0.066875,0.023708,0.958125,633,8112111,127073,0,2,0,2,0,0,0,0,0,0,5406,0,3510,1896,0
28246,16.219750,16.066339,16.064532,0.000000,0.000374,0.000000,0.000000,0.053708,0.012833,0.470084,639,8102294,125278,0,2,0,2,0,0,0,0,0,0,7208,0,4680,2528,0
28247,16.642916,16.502090,16.520634,0.000000,0.000541,0.000000,0.000000,0.054000,0.052625,0.955333,633,8107157,137153,0,2,0,2,0,0,0,0,0,0,5406,0,3510,1896,0
28248,16.570084,16.473427,16.478775,0.000000,0.000374,0.000000,0.000000,0.060625,0.025500,0.448375,632,8107269,136547,0,2,0,2,0,0,0,0,0,0,5406,0,3510,1896,0
28249,16.564458,16.439006,16.420132,0.000000,0.000291,0.000000,0.000000,0.057792,0.062958,1.065416,640,8107037,133456,0,2,0,2,0,0,0,0,0,0,7208,0,4680,2528,0
28250,16.855292,16.695463,16.691134,0.000000,0.000334,0.000000,0.000000,0.055625,0.012958,0.609583,632,8107302,137460,0,2,0,2,0,0,0,0,0,0,5406,0,3510,1896,0
28251,16.784708,16.648583,16.634419,0.000000,0.000249,0.000000,0.000000,0.052333,0.011375,0.777834,634,8107431,135284,0,2,0,2,0,0,0,0,0,0,5406,0,3510,1896,0
28252,16.970792,16.816228,16.839508,0.000000,0.000293,0.000000,0.000000,0.052541,0.019417,1.082333,636,8091437,133795,0,2,0,2,0,0,0,0,0,0,7208,0,4680,2528,0
28253,17.473416,17.394853,17.392403,0.000000,0.000625,0.000000,0.000000,0.077792,0.015333,0.298625,634,8122798,137673,0,2,0,2,0,0,0,0,0,0,5406,0,3510,1896,0
28254,17.617542,17.449155,17.460709,0.000000,0.000333,0.000000,0.000000,0.061417,0.013750,0.778375,634,8107162,135761,0,2,0,2,0,0,0,0,0,0,5406,0,3510,1896,0
28255,17.295583,17.150010,17.131463,0.000000,0.000332,0.000000,0.000000,0.057209,0.014458,0.609417,637,8091540,133670,0,2,0,2,0,0,0,0,0,0,7208,0,4680,2528,0
28256,17.418375,17.286074,17.296702,0.000000,0.000542,0.000000,0.000000,0.066417,0.023458,1.072584,634,8107261,137530,0,2,0,2,0,0,0,0,0,0,5406,0,3510,1896,0
28257,16.618875,16.473725,16.490692,0.000000,0.000375,0.000000,0.000000,0.067584,0.050083,1.089500,634,8122874,135461,0,2,0,2,0,0,0,0,0,0,5406,0,3510,1896,0
28258,16.090625,15.940074,15.927379,0.000000,0.000333,0.000000,0.000000,0.060750,0.013959,0.475583,639,8106927,136002,0,2,0,2,0,0,0,0,0,0,7208,0,4680,2528,0
28259,15.819417,15.753341,15.755256,0.000000,0.000375,0.000000,0.000000,0.058292,0.014541,1.302708,633,8107257,135819,0,2,0,2,0,0,0,0,0,0,5406,0,3510,1896,0
28260,15.742667,15.539785,15.549048,0.000000,0.000375,0.000000,0.000000,0.072125,0.020333,0.660916,630,8091940,135544,0,2,0,2,0,0,0,0,0,0,5406,0,3510,1896,0
28261,15.871666,15.791839,15.802918,0.000000,0.000292,0.000000,0.000000,0.058459,0.016083,1.101709,640,8106864,135341,0,2,0,2,0,0,0,0,0,0,7208,0,4680,2528,0
28262,15.991334,15.867236,15.859576,0.000000,0.000290,0.000000,0.000000,0.055166,0.024292,0.591708,635,8122717,135929,0,2,0,2,0,0,0,0,0,0,5406,0,3510,1896,0
28263,16.988125,16.915775,16.731921,0.000000,0.000376,0.000000,0.000000,0.064458,0.015458,0.750834,636,8096683,134955,0,2,0,2,0,0,0,0,0,0,7004,0,4536,2468,0
28264,15.931708,15.776473,15.768709,0.000000,0.000251,0.000000,0.000000,0.071042,0.019000,0.594041,634,8102162,137009,0,2,0,2,0,0,0,0,0,0,5610,0,3654,1956,0
28265,16.521042,16.426007,16.395412,0.000000,0.000416,0.000000,0.000000,0.066625,0.014458,0.807875,633,8122747,135475,0,2,0,2,0,0,0,0,0,0,5406,0,3510,1896,0
28266,17.706500,17.543254,17.556101,0.000000,0.000499,0.000000,0.000000,0.069666,0.049875,1.022583,642,8107152,133879,0,2,0,2,0,0,0,0,0,0,7208,0,4680,2528,0
28267,16.076125,15.929292,15.923649,0.000000,0.000207,0.000000,0.000000,0.065250,0.016666,0.775708,631,8107150,137147,0,2,0,2,0,0,0,0,0,0,5406,0,3510,1896,0
28268,15.833666,15.789638,15.766410,0.000000,0.000166,0.000000,0.000000,0.081667,0.020458,0.634625,633,8107243,136392,0,2,0,2,0,0,0,0,0,0,5406,0,3510,1896,0
28269,15.735709,15.528654,15.544775,0.000000,0.000293,0.000000,0.000000,0.057750,0.023791,0.758834,638,8091618,132743,0,2,0,2,0,0,0,0,0,0,7208,0,4680,2528,0
28270,17.018625,16.904014,16.882089,0.000000,0.000291,0.000000,0.000000,0.050916,0.021375,0.612083,631,8122860,138013,0,2,0,2,0,0,0,0,0,0,5406,0,3510,1896,0
28271,16.324916,16.207652,16.149046,0.000000,0.000541,0.000000,0.000000,0.067459,0.038125,0.925999,632,8107174,135393,0,2,0,2,0,0,0,0,0,0,5406,0,3510,1896,0
28272,17.847417,17.690093,17.697569,0.000000,0.000500,0.000000,0.000000,0.059792,0.016375,1.083041,638,8091507,133934,0,2,0,2,0,0,0,0,0,0,7208,0,4680,2528,0
28273,16.127208,16.049528,16.062407,0.000000,0.000332,0.000000,0.000000,0.066375,0.024167,0.607792,635,8122701,137855,0,2,0,2,0,0,0,0,0,0,5406,0,3510,1896,0
28274,16.413042,16.305883,16.265563,0.000000,0.000459,0.000000,0.000000,0.087250,0.013958,0.790708,629,8113520,135985,0,2,0,2,0,0,0,0,0,0,5406,0,3510,1896,0
28275,16.421167,16.278121,16.173703,0.000000,0.000458,0.000000,0.000000,0.065916,0.022250,0.292542,638,8100762,133134,0,2,0,2,0,0,0,0,0,0,7208,0,4680,2528,0
28276,18.164000,17.928250,17.946045,0.000000,0.001125,0.000000,0.000000,0.058041,0.021459,1.065917,632,8091817,137315,0,2,0,2,0,0,0,0,0,0,5406,0,3510,1896,0
28277,16.888916,16.765879,16.735068,0.000000,0.000374,0.000000,0.000000,0.062209,0.013375,1.284584,633,8122904,135426,0,2,0,2,0,0,0,0,0,0,5406,0,3510,1896,0
28278,16.038709,15.981303,15.948421,0.000000,0.004250,0.000000,0.000000,0.066083,0.024417,0.620542,641,8106873,134257,0,2,0,2,0,0,0,0,0,0,7208,0,4680,2528,0
28279,15.761250,15.653659,15.661024,0.000000,0.000376,0.000000,0.000000,0.060333,0.019625,1.297084,633,8117920,137447,0,2,0,2,0,0,0,0,0,0,5406,0,3510,1896,0
28280,16.660333,16.425858,16.427157,0.000000,0.000417,0.000000,0.000000,0.055833,0.009834,0.474209,628,8081126,135270,0,2,0,2,0,0,0,0,0,0,5406,0,3510,1896,0
28281,17.411583,17.306303,17.231151,0.000000,0.000417,0.000000,0.000000,0.069459,0.016791,0.693125,640,8107135,133297,0,2,0,2,0,0,0,0,0,0,7208,0,4680,2528,0
28282,17.790667,17.814559,17.783623,0.000000,0.000459,0.000000,0.000000,0.148750,0.019708,0.303417,635,8138052,138682,0,2,0,2,0,0,0,0,0,0,5406,0,3510,1896,0
28283,17.998542,17.737815,17.529817,0.000000,0.000666,0.000000,0.000000,0.107833,0.029833,0.604000,631,8091866,134958,0,2,0,2,0,0,0,0,0,0,5406,0,3510,1896,0
28284,17.503916,17.441137,17.331961,0.000000,0.000501,0.000000,0.000000,0.104334,0.033333,0.611918,640,8107010,134410,0,2,0,2,0,0,0,0,0,0,7208,0,4680,2528,0
28285,18.282042,18.053587,17.447632,0.000000,0.000541,0.000000,0.000000,0.121417,0.300416,0.730166,651,8091569,137204,0,2,0,2,0,0,0,0,0,0,7447,0,3510,3937,0
28286,19.732167,19.642752,18.599678,0.000000,0.000499,0.000000,0.000000,0.087500,0.016791,0.295459,633,8122590,136115,0,2,0,2,0,0,0,0,0,0,5406,0,3510,1896,0
28287,16.157666,16.051972,16.037803,0.000000,0.000750,0.000000,0.000000,0.057334,0.021458,1.236876,646,8168895,140026,0,2,0,2,0,0,0,0,0,0,7337,0,4680,2657,0
28288,16.983125,16.864753,16.844851,0.000000,0.000332,0.000000,0.000000,0.080042,0.027875,0.654042,630,8045386,138708,0,2,0,2,0,0,0,0,0,0,5406,0,3510,1896,0
28289,15.565125,15.418983,15.378919,0.000000,0.000375,0.000000,0.000000,0.064042,0.015458,0.776917,630,8107257,131437,0,2,0,2,0,0,0,0,0,0,5534,0,3510,2024,0
28290,17.097625,16.963049,16.923968,0.000000,0.000542,0.000000,0.000000,0.054667,0.030583,0.415250,648,8153229,139768,0,2,0,2,0,0,0,0,0,0,7388,0,4680,2708,0
28291,18.282417,18.118179,18.113496,0.000000,0.000458,0.000000,0.000000,0.061875,0.026292,0.940292,626,8045484,137448,0,2,0,2,0,0,0,0,0,0,5406,0,3510,1896,0
28292,16.942250,16.843666,16.753916,0.000000,0.000499,0.000000,0.000000,0.063833,0.036875,0.953375,635,8122730,132542,0,2,0,2,0,0,0,0,0,0,5406,0,3510,1896,0
28293,15.790208,15.668443,15.634656,0.000000,0.000418,0.000000,0.000000,0.069500,0.029042,0.467083,640,8107124,131252,0,2,0,2,0,0,0,0,0,0,7208,0,4680,2528,0
28294,17.511125,17.308313,17.293784,0.000000,0.000375,0.000000,0.000000,0.050000,0.011834,0.761916,629,8091695,132327,0,2,0,2,0,0,0,0,0,0,5406,0,3510,1896,0
28295,16.276250,16.197477,16.179239,0.000000,0.000416,0.000000,0.000000,0.061209,0.030875,0.610334,632,8107267,132474,0,2,0,2,0,0,0,0,0,0,5406,0,3510,1896,0
28296,17.723667,17.535674,17.465623,0.000000,0.000458,0.000000,0.000000,0.077250,0.025750,0.764208,640,8107070,131562,0,2,0,2,0,0,0,0,0,0,7208,0,4680,2528,0
28297,17.905250,17.803208,17.359308,0.000000,0.000500,0.000000,0.000000,0.063917,0.014625,0.642916,633,8107526,132190,0,2,0,2,0,0,0,0,0,0,5406,0,3510,1896,0
28298,16.518042,16.352128,16.342876,0.000000,0.000333,0.000000,0.000000,0.057500,0.020708,0.607750,632,8106965,129965,0,2,0,2,0,0,0,0,0,0,5406,0,3510,1896,0
28299,17.875541,17.750113,17.719654,0.000000,0.000333,0.000000,0.000000,0.082584,0.025291,0.606583,640,8107096,130763,0,2,0,2,0,0,0,0,0,0,7208,0,4680,2528,0
28300,17.084500,17.002508,16.953633,0.000000,0.000332,0.000000,0.000000,0.088500,0.015459,0.913042,633,8122744,134438,0,2,0,2,0,0,0,0,0,0,5406,0,3510,1896,0
28301,17.398292,17.237617,17.017329,0.000000,0.004625,0.000000,0.000000,0.119042,0.021708,0.295375,637,8107073,135065,0,2,0,2,0,0,0,0,0,0,5728,0,3510,2218,0
28302,18.857542,18.696258,18.596260,0.000000,0.000418,0.000000,0.000000,0.073750,0.026750,1.044917,641,8106976,137965,0,2,0,2,0,0,0,0,0,0,7208,0,4680,2528,0
28303,17.206791,17.219287,17.092281,0.000000,0.000500,0.000000,0.000000,0.101250,0.136209,0.927457,634,8122701,136966,0,2,0,2,0,0,0,0,0,0,5406,0,3510,1896,0
28304,19.600709,19.277259,18.838885,0.000000,0.003501,0.000000,0.000000,0.080166,0.014709,0.506625,630,8076369,134941,0,2,0,2,0,0,0,0,0,0,5406,0,3510,1896,0
28305,17.617958,17.477200,17.483502,0.000000,0.000376,0.000000,0.000000,0.063833,0.015209,0.940167,640,8107043,133093,0,2,0,2,0,0,0,0,0,0,7208,0,4680,2528,0
28306,17.111417,17.003649,17.016287,0.000000,0.000417,0.000000,0.000000,0.050625,0.027666,1.216167,632,8107408,135305,0,2,0,2,0,0,0,0,0,0,5406,0,3510,1896,0
28307,16.310291,16.225003,16.218117,0.000000,0.000416,0.000000,0.000000,0.051459,0.029916,0.611500,639,8168843,135229,0,2,0,2,0,0,0,0,0,0,5628,0,3510,2118,0
28308,19.286459,19.123664,19.126333,0.000000,0.000582,0.000000,0.000000,0.067833,0.020792,1.078959,634,8045268,141671,0,2,0,2,0,0,0,0,0,0,7208,0,4680,2528,0
28309,16.465125,16.360595,16.365519,0.000000,0.000291,0.000000,0.000000,0.065958,0.029292,1.106458,637,8138047,136413,0,2,0,2,0,0,0,0,0,0,5597,0,3510,2087,0
28310,18.191666,18.054145,18.041710,0.000000,0.000583,0.000000,0.000000,0.070459,0.023416,0.529875,630,8091808,139399,0,2,0,2,0,0,0,0,0,0,5406,0,3510,1896,0
28311,16.826459,16.696528,16.681165,0.000000,0.000417,0.000000,0.000000,0.062291,0.029292,0.797500,642,8107172,134564,0,2,0,2,0,0,0,0,0,0,7208,0,4680,2528,0
28312,17.016375,16.872542,16.886690,0.000000,0.000292,0.000000,0.000000,0.060958,0.021167,0.471750,631,8107137,134335,0,2,0,2,0,0,0,0,0,0,5406,0,3510,1896,0
28313,16.462500,16.292384,16.297964,0.000000,0.000208,0.000000,0.000000,0.049375,0.021000,0.825792,631,8091750,134353,0,2,0,2,0,0,0,0,0,0,5603,0,3510,2093,0
28314,16.908416,16.826290,16.823058,0.000000,0.000416,0.000000,0.000000,0.062000,0.025542,1.294583,644,8122412,141324,0,2,0,2,0,0,0,0,0,0,7419,0,4680,2739,0
28315,17.986667,17.836244,17.829748,0.000000,0.000416,0.000000,0.000000,0.080625,0.047542,0.304459,627,8107295,139655,0,2,0,2,0,0,0,0,0,0,5406,0,3510,1896,0
28316,16.683333,16.579878,16.549425,0.000000,0.000416,0.000000,0.000000,0.073209,0.020458,1.137250,640,8107310,130467,0,2,0,2,0,0,0,0,0,0,7004,0,4536,2468,0
28317,16.589084,16.453670,16.450252,0.000000,0.000457,0.000000,0.000000,0.065291,0.023292,0.646625,630,8091638,133193,0,2,0,2,0,0,0,0,0,0,5610,0,3654,1956,0
28318,16.675875,16.553019,16.500427,0.000000,0.000458,0.000000,0.000000,0.071291,0.035875,0.784625,632,8107118,128926,0,2,0,2,0,0,0,0,0,0,5406,0,3510,1896,0
28319,15.937125,15.753487,15.730446,0.000000,0.000458,0.000000,0.000000,0.090041,0.026917,0.656792,641,8122486,127583,0,2,0,2,0,0,0,0,0,0,7208,0,4680,2528,0
28320,16.684291,16.556458,16.542336,0.000000,0.000585,0.000000,0.000000,0.065959,0.023791,0.770084,632,8091815,132833,0,2,0,2,0,0,0,0,0,0,5406,0,3510,1896,0
28321,16.567709,16.446051,16.456499,0.000000,0.000376,0.000000,0.000000,0.058833,0.012375,0.827125,632,8107270,131850,0,2,0,2,0,0,0,0,0,0,5406,0,3510,1896,0
28322,17.249833,17.013761,16.813259,0.000000,0.000667,0.000000,0.000000,0.084417,0.014708,0.642584,639,8091601,128048,0,2,0,2,0,0,0,0,0,0,7208,0,4680,2528,0
28323,18.303500,18.263674,18.221031,0.000000,0.000625,0.000000,0.000000,0.078000,0.020583,0.593792,632,8122694,134065,0,2,0,2,0,0,0,0,0,0,5406,0,3510,1896,0
28324,15.697083,15.582173,15.594546,0.000000,0.000416,0.000000,0.000000,0.065584,0.014791,0.608500,632,8107306,130934,0,2,0,2,0,0,0,0,0,0,5406,0,3510,1896,0
28325,16.456042,16.209174,16.210878,0.000000,0.000416,0.000000,0.000000,0.059333,0.012542,0.748999,636,8091608,128154,0,2,0,2,0,0,0,0,0,0,7208,0,4680,2528,0
28326,15.544458,15.522294,15.514372,0.000000,0.000292,0.000000,0.000000,0.063250,0.033625,0.289000,633,8122670,132729,0,2,0,2,0,0,0,0,0,0,5406,0,3510,1896,0
28327,15.916709,15.784960,15.748993,0.000000,0.000374,0.000000,0.000000,0.069000,0.019083,0.779125,631,8107249,128877,0,2,0,2,0,0,0,0,0,0,5406,0,3510,1896,0
28328,15.879208,15.748868,15.762603,0.000000,0.000624,0.000000,0.000000,0.071417,0.016916,0.608416,641,8107042,127581,0,2,0,2,0,0,0,0,0,0,7208,0,4680,2528,0
28329,16.297583,16.153087,16.134585,0.000000,0.000292,0.000000,0.000000,0.067167,0.023750,0.760875,633,8107253,130047,0,2,0,2,0,0,0,0,0,0,5406,0,3510,1896,0
28330,16.306709,16.193800,16.199288,0.000000,0.000542,0.000000,0.000000,0.071708,0.018542,0.447541,630,8107308,128557,0,2,0,2,0,0,0,0,0,0,5406,0,3510,1896,0
28331,15.725083,15.525916,15.501591,0.000000,0.000417,0.000000,0.000000,0.066250,0.019208,0.744667,640,8091560,127697,0,2,0,2,0,0,0,0,0,0,7208,0,4680,2528,0
28332,16.528125,16.464920,16.414547,0.000000,0.000457,0.000000,0.000000,0.071958,0.014875,0.289583,633,8122725,132974,0,2,0,2,0,0,0,0,0,0,5406,0,3510,1896,0
28333,16.745292,16.595861,16.592462,0.000000,0.000291,0.000000,0.000000,0.072583,0.025875,0.955833,633,8107229,130309,0,2,0,2,0,0,0,0,0,0,5406,0,3510,1896,0
28334,16.281208,16.058422,16.007888,0.000000,0.000416,0.000000,0.000000,0.050958,0.020959,1.254583,642,8091460,124790,0,2,0,2,0,0,0,0,0,0,7665,0,4680,2985,0
28335,17.931542,17.890580,17.905164,0.000000,0.003041,0.000000,0.000000,0.069500,0.014500,0.311250,633,8122729,142246,0,2,0,2,0,0,0,0,0,0,5406,0,3510,1896,0
28336,15.637791,15.529677,15.532995,0.000000,0.000418,0.000000,0.000000,0.055875,0.011375,1.273083,631,8107214,132299,0,2,0,2,0,0,0,0,0,0,5406,0,3510,1896,0
28337,16.119042,15.985831,15.998075,0.000000,0.000208,0.000000,0.000000,0.055708,0.013375,0.616958,637,8107045,127415,0,2,0,2,0,0,0,0,0,0,7208,0,4680,2528,0
28338,16.828458,16.609586,16.607577,0.000000,0.000416,0.000000,0.000000,0.057750,0.015834,1.110584,632,8091824,130277,0,2,0,2,0,0,0,0,0,0,5406,0,3510,1896,0
28339,16.052000,15.907317,15.911638,0.000000,0.000584,0.000000,0.000000,0.046875,0.012500,0.610500,635,8107176,129109,0,2,0,2,0,0,0,0,0,0,5628,0,3510,2118,0
28340,16.592750,16.571666,16.570747,0.000000,0.000250,0.000000,0.000000,0.063917,0.044417,1.118000,641,8122746,136138,0,2,0,2,0,0,0,0,0,0,7208,0,4680,2528,0
28341,16.690875,16.642494,16.609915,0.000000,0.000334,0.000000,0.000000,0.156167,0.032083,0.609583,635,8137887,132800,0,2,0,2,0,0,0,0,0,0,5406,0,3510,1896,0
28342,14.840584,14.611054,14.625745,0.000000,0.000625,0.000000,0.000000,0.060458,0.015708,0.762083,637,8122580,128971,0,2,0,2,0,0,0,0,0,0,5856,0,3510,2346,0
28343,18.663875,18.562614,18.531995,0.000000,0.000458,0.000000,0.000000,0.071541,0.029042,0.941251,637,8060666,140654,0,2,0,2,0,0,0,0,0,0,7208,0,4680,2528,0
28344,16.155625,15.966203,15.972888,0.000000,0.000333,0.000000,0.000000,0.068208,0.019250,0.446250,634,8107237,132823,0,2,0,2,0,0,0,0,0,0,5406,0,3510,1896,0
28345,15.410291,15.315141,15.310818,0.000000,0.000500,0.000000,0.000000,0.069250,0.023959,0.293416,632,8107267,129215,0,2,0,2,0,0,0,0,0,0,5406,0,3510,1896,0
28346,15.536042,15.471736,15.429507,0.000000,0.000458,0.000000,0.000000,0.085583,0.040167,0.906750,640,8107107,126348,0,2,0,2,0,0,0,0,0,0,7208,0,4680,2528,0
28347,16.704167,16.526322,16.533794,0.000000,0.000375,0.000000,0.000000,0.073375,0.022250,0.853251,633,8107202,130217,0,2,0,2,0,0,0,0,0,0,5406,0,3510,1896,0
28348,16.134125,15.966033,15.960180,0.000000,0.000417,0.000000,0.000000,0.068375,0.011000,0.453083,633,8107266,128887,0,2,0,2,0,0,0,0,0,0,5406,0,3510,1896,0
28349,16.305125,16.117353,16.002033,0.000000,0.000751,0.000000,0.000000,0.076791,0.030834,0.590958,638,8091586,125736,0,2,0,2,0,0,0,0,0,0,7208,0,4680,2528,0
28350,17.615208,17.541584,17.549456,0.000000,0.000292,0.000000,0.000000,0.061292,0.026791,0.300875,633,8122694,132840,0,2,0,2,0,0,0,0,0,0,5406,0,3510,1896,0
28351,16.305208,16.144192,16.126050,0.000000,0.000542,0.000000,0.000000,0.077959,0.015333,1.310542,630,8107286,130162,0,2,0,2,0,0,0,0,0,0,5406,0,3510,1896,0
28352,16.968834,16.863925,16.837640,0.000000,0.000542,0.000000,0.000000,0.069875,0.020958,0.610917,640,8107254,128483,0,2,0,2,0,0,0,0,0,0,7208,0,4680,2528,0
28353,17.170041,16.990806,17.005813,0.000000,0.000291,0.000000,0.000000,0.067792,0.014875,0.938917,631,8107059,132224,0,2,0,2,0,0,0,0,0,0,5406,0,3510,1896,0
28354,17.416334,17.274901,17.090732,0.000000,0.000416,0.000000,0.000000,0.069208,0.015542,0.926791,632,8107308,129991,0,2,0,2,0,0,0,0,0,0,5406,0,3510,1896,0
28355,16.817541,16.602165,16.584617,0.000000,0.000500,0.000000,0.000000,0.057584,0.011375,0.455875,638,8091635,128228,0,2,0,2,0,0,0,0,0,0,7208,0,4680,2528,0
28356,16.971959,16.904821,16.722786,0.000000,0.000501,0.000000,0.000000,0.062041,0.016500,0.785416,633,8122598,132749,0,2,0,2,0,0,0,0,0,0,5406,0,3510,1896,0
28357,16.355958,16.224533,16.241998,0.000000,0.000542,0.000000,0.000000,0.058000,0.013917,0.612500,633,8107252,128313,0,2,0,2,0,0,0,0,0,0,5406,0,3510,1896,0
28358,16.466708,16.261725,16.259661,0.000000,0.000416,0.000000,0.000000,0.075209,0.017041,0.905833,638,8091633,125668,0,2,0,2,0,0,0,0,0,0,7208,0,4680,2528,0
28359,16.704375,16.644714,16.510455,0.000000,0.000334,0.000000,0.000000,0.060542,0.048042,0.290833,633,8122761,131007,0,2,0,2,0,0,0,0,0,0,5406,0,3510,1896,0
28360,16.545417,16.408500,16.401634,0.000000,0.000417,0.000000,0.000000,0.068458,0.014667,1.001833,632,8107927,128866,0,2,0,2,0,0,0,0,0,0,5406,0,3510,1896,0
28361,16.415500,16.282374,16.262085,0.000000,0.000500,0.000000,0.000000,0.055417,0.011458,0.644833,639,8106328,128202,0,2,0,2,0,0,0,0,0,0,7208,0,4680,2528,0
28362,15.856375,15.735527,15.745531,0.000000,0.000333,0.000000,0.000000,0.064958,0.048250,1.040458,631,8107247,130401,0,2,0,2,0,0,0,0,0,0,5406,0,3510,1896,0
28363,15.525542,15.399755,15.393578,0.000000,0.000541,0.000000,0.000000,0.071250,0.012958,0.659042,634,8107259,131383,0,2,0,2,0,0,0,0,0,0,5406,0,3510,1896,0
28364,16.028041,15.896464,15.897154,0.000000,0.000459,0.000000,0.000000,0.066042,0.021542,0.767666,639,8107195,130148,0,2,0,2,0,0,0,0,0,0,7208,0,4680,2528,0
28365,16.830209,16.718722,16.729265,0.000000,0.000376,0.000000,0.000000,0.060541,0.014000,1.285083,632,8112349,129909,0,2,0,2,0,0,0,0,0,0,5406,0,3510,1896,0
28366,16.273125,16.139627,16.064507,0.000000,0.000292,0.000000,0.000000,0.086291,0.037709,0.743500,630,8102082,129717,0,2,0,2,0,0,0,0,0,0,5406,0,3510,1896,0
28367,16.885500,16.761512,16.737058,0.000000,0.000333,0.000000,0.000000,0.063625,0.021000,1.224334,639,8107060,130334,0,2,0,2,0,0,0,0,0,0,7208,0,4680,2528,0
28368,15.584791,15.484510,15.486017,0.000000,0.000249,0.000000,0.000000,0.077000,0.054834,0.609083,632,8122806,129145,0,2,0,2,0,0,0,0,0,0,5406,0,3510,1896,0
28369,16.744292,16.595963,16.599631,0.000000,0.003459,0.000000,0.000000,0.066500,0.037583,0.581875,637,8093433,126756,0,2,0,2,0,0,0,0,0,0,7004,0,4536,2468,0
28370,16.419667,16.310425,16.302004,0.000000,0.000500,0.000000,0.000000,0.088416,0.021500,0.298917,633,8115009,128659,0,2,0,2,0,0,0,0,0,0,5610,0,3654,1956,0
28371,15.103208,14.964201,14.968699,0.000000,0.000249,0.000000,0.000000,0.052375,0.042583,1.054958,632,8113085,129036,0,2,0,2,0,0,0,0,0,0,5406,0,3510,1896,0
28372,16.054833,15.860204,15.854317,0.000000,0.000625,0.000000,0.000000,0.059334,0.028208,0.291042,639,8091627,127755,0,2,0,2,0,0,0,0,0,0,7208,0,4680,2528,0
28373,16.326375,16.202273,16.216590,0.000000,0.000208,0.000000,0.000000,0.057167,0.013917,1.056959,633,8107252,132444,0,2,0,2,0,0,0,0,0,0,5406,0,3510,1896,0
28374,14.569125,14.435302,14.438122,0.000000,0.000249,0.000000,0.000000,0.048209,0.009541,0.446875,634,8107267,129591,0,2,0,2,0,0,0,0,0,0,5406,0,3510,1896,0
28375,14.865875,14.790781,14.804068,0.000000,0.000250,0.000000,0.000000,0.051417,0.045500,0.608583,637,8107049,127924,0,2,0,2,0,0,0,0,0,0,7208,0,4680,2528,0
28376,16.972875,16.803008,16.816386,0.000000,0.000292,0.000000,0.000000,0.068084,0.017750,0.735000,631,8107236,132422,0,2,0,2,0,0,0,0,0,0,5406,0,3510,1896,0
28377,14.829125,14.746878,14.735304,0.000000,0.000250,0.000000,0.000000,0.046292,0.050000,0.447208,633,8122689,129957,0,2,0,2,0,0,0,0,0,0,5531,0,3510,2021,0
28378,15.686417,15.512128,15.526298,0.000000,0.000334,0.000000,0.000000,0.044500,0.013667,0.896334,641,8106948,136864,0,2,0,2,0,0,0,0,0,0,7337,0,4680,2657,0
28379,16.381792,16.339491,16.355072,0.000000,0.000292,0.000000,0.000000,0.074125,0.033458,0.445750,633,8107253,140497,0,2,0,2,0,0,0,0,0,0,5406,0,3510,1896,0
28380,15.961916,15.798248,15.795457,0.000000,0.000293,0.000000,0.000000,0.058459,0.013166,0.741791,632,8110281,131094,0,2,0,2,0,0,0,0,0,0,5406,0,3510,1896,0
28381,15.024292,14.935919,14.929007,0.000000,0.000166,0.000000,0.000000,0.057708,0.048334,0.456042,640,8119660,130316,0,2,0,2,0,0,0,0,0,0,7208,0,4680,2528,0
28382,16.633750,16.445505,16.476004,0.000000,0.000209,0.000000,0.000000,0.048833,0.011834,0.798125,632,8091617,132484,0,2,0,2,0,0,0,0,0,0,5406,0,3510,1896,0
28383,17.274708,17.117789,16.989092,0.000000,0.003125,0.000000,0.000000,0.059792,0.020583,0.445958,632,8107371,133047,0,2,0,2,0,0,0,0,0,0,5406,0,3510,1896,0
28384,17.090667,16.920954,16.916380,0.000000,0.000332,0.000000,0.000000,0.044833,0.012000,0.718084,640,8091493,131820,0,2,0,2,0,0,0,0,0,0,7208,0,4680,2528,0
28385,14.856792,14.810539,14.797575,0.000000,0.000292,0.000000,0.000000,0.073000,0.013625,0.448292,633,8130416,134505,0,2,0,2,0,0,0,0,0,0,5406,0,3510,1896,0
28386,14.683458,14.591421,14.583875,0.000000,0.000208,0.000000,0.000000,0.051917,0.051416,0.770167,632,8115022,134784,0,2,0,2,0,0,0,0,0,0,5406,0,3510,1896,0
28387,13.949708,13.722087,13.731915,0.000000,0.000291,0.000000,0.000000,0.042334,0.049375,0.408375,639,8076048,130221,0,2,0,2,0,0,0,0,0,0,7337,0,4680,2657,0
28388,15.113834,15.074924,15.090874,0.000000,0.000333,0.000000,0.000000,0.041416,0.044375,0.894916,636,8122650,140496,0,2,0,2,0,0,0,0,0,0,5535,0,3510,2025,0
28389,16.818250,16.614423,16.621917,0.000000,0.000333,0.000000,0.000000,0.047291,0.018709,0.458458,635,8093926,151788,0,2,0,2,0,0,0,0,0,0,5597,0,3510,2087,0
28390,14.151000,14.058458,14.026507,0.000000,0.000542,0.000000,0.000000,0.033833,0.009292,0.631542,644,8135897,132451,0,2,0,2,0,0,0,0,0,0,7477,0,4680,2797,0
28391,15.893750,15.804388,15.824226,0.000000,0.000250,0.000000,0.000000,0.046458,0.010333,0.799666,629,8076180,142996,0,2,0,2,0,0,0,0,0,0,5406,0,3510,1896,0
28392,15.075833,14.959894,14.946790,0.000000,0.000168,0.000000,0.000000,0.046000,0.011000,0.297833,652,8106816,134218,0,2,0,2,0,0,0,0,0,0,7447,0,3510,3937,0
28393,14.897042,14.786819,14.760926,0.000000,0.000417,0.000000,0.000000,0.054125,0.044375,0.756917,640,8107044,131461,0,2,0,2,0,0,0,0,0,0,7208,0,4680,2528,0
28394,14.768791,14.658911,14.678209,0.000000,0.000207,0.000000,0.000000,0.048625,0.010750,0.459917,631,8107285,135008,0,2,0,2,0,0,0,0,0,0,5406,0,3510,1896,0
28395,14.553959,14.416284,14.401548,0.000000,0.000165,0.000000,0.000000,0.037750,0.009083,1.073208,632,8107241,132962,0,2,0,2,0,0,0,0,0,0,5406,0,3510,1896,0
28396,16.518625,16.288039,16.306469,0.000000,0.000167,0.000000,0.000000,0.048041,0.009500,0.694167,639,8091617,130567,0,2,0,2,0,0,0,0,0,0,7208,0,4680,2528,0
28397,16.217291,16.532886,16.554391,0.000000,0.000166,0.000000,0.000000,0.421625,0.015500,1.231916,638,8204762,139113,0,2,0,2,0,0,0,0,0,0,5406,0,3510,1896,0
28398,15.769667,15.278805,15.282503,0.000000,0.000250,0.000000,0.000000,0.055125,0.011500,0.610458,627,8025190,130265,0,2,0,2,0,0,0,0,0,0,5406,0,3510,1896,0
28399,14.302917,14.191954,14.207931,0.000000,0.000376,0.000000,0.000000,0.043666,0.048625,0.610375,639,8107044,126771,0,2,0,2,0,0,0,0,0,0,7208,0,4680,2528,0
28400,14.612166,14.482902,14.500244,0.000000,0.000208,0.000000,0.000000,0.038834,0.055333,0.897625,632,8107258,131983,0,2,0,2,0,0,0,0,0,0,5406,0,3510,1896,0
28401,15.441125,15.381115,15.398424,0.000000,0.000417,0.000000,0.000000,0.069875,0.039792,0.616042,631,8122693,132862,0,2,0,2,0,0,0,0,0,0,5406,0,3510,1896,0
28402,14.550667,14.367463,14.384959,0.000000,0.000209,0.000000,0.000000,0.046125,0.009708,0.908001,638,8091594,129645,0,2,0,2,0,0,0,0,0,0,7208,0,4680,2528,0
28403,15.059833,14.941740,14.959918,0.000000,0.000293,0.000000,0.000000,0.040167,0.009500,0.447333,632,8107275,137213,0,2,0,2,0,0,0,0,0,0,5406,0,3510,1896,0
28404,15.550792,15.425208,15.409349,0.000000,0.000251,0.000000,0.000000,0.056917,0.013208,0.607792,633,8107277,134398,0,2,0,2,0,0,0,0,0,0,5406,0,3510,1896,0
28405,15.674708,15.607159,15.602510,0.000000,0.000459,0.000000,0.000000,0.080375,0.026500,0.638292,639,8107020,133236,0,2,0,2,0,0,0,0,0,0,7208,0,4680,2528,0
28406,17.324459,17.137448,17.127666,0.000000,0.000292,0.000000,0.000000,0.067375,0.023541,0.583042,632,8107258,136265,0,2,0,2,0,0,0,0,0,0,5406,0,3510,1896,0
28407,16.741750,16.638206,16.607211,0.000000,0.000459,0.000000,0.000000,0.067666,0.014584,0.464667,640,8199882,134679,0,2,0,2,0,0,0,0,0,0,5712,0,3510,2202,0
28408,18.460416,18.323626,18.330124,0.000000,0.000457,0.000000,0.000000,0.065042,0.023375,0.899084,636,8029717,147370,0,2,0,2,0,0,0,0,0,0,7208,0,4680,2528,0
28409,17.119084,16.964664,16.966822,0.000000,0.000500,0.000000,0.000000,0.058750,0.032750,0.608333,628,8091808,145519,0,2,0,2,0,0,0,0,0,0,5406,0,3510,1896,0
28410,16.301416,16.170884,16.111754,0.000000,0.000293,0.000000,0.000000,0.067500,0.046709,0.620042,633,8107283,132029,0,2,0,2,0,0,0,0,0,0,5406,0,3510,1896,0
28411,16.102125,15.962505,15.871118,0.000000,0.000376,0.000000,0.000000,0.059417,0.021000,0.290250,641,8122514,134206,0,2,0,2,0,0,0,0,0,0,7208,0,4680,2528,0
28412,16.063084,15.956906,15.943124,0.000000,0.000417,0.000000,0.000000,0.064708,0.028417,0.866375,632,8091763,137513,0,2,0,2,0,0,0,0,0,0,5406,0,3510,1896,0
28413,15.410000,15.333756,15.341567,0.000000,0.000333,0.000000,0.000000,0.066208,0.036500,0.610125,631,8107269,132457,0,2,0,2,0,0,0,0,0,0,5406,0,3510,1896,0
28414,16.185250,16.040212,15.978307,0.000000,0.000375,0.000000,0.000000,0.075958,0.033000,0.757709,640,8122513,134184,0,2,0,2,0,0,0,0,0,0,7208,0,4680,2528,0
28415,16.102625,16.019828,15.992989,0.000000,0.000541,0.000000,0.000000,0.075208,0.049875,0.610709,632,8091828,135143,0,2,0,2,0,0,0,0,0,0,5406,0,3510,1896,0
28416,15.648958,15.378545,15.357802,0.000000,0.000250,0.000000,0.000000,0.068667,0.019333,0.965416,631,8091800,131532,0,2,0,2,0,0,0,0,0,0,5406,0,3510,1896,0
28417,15.805375,15.811072,15.802505,0.000000,0.000375,0.000000,0.000000,0.055583,0.059000,0.609625,642,8122543,135162,0,2,0,2,0,0,0,0,0,0,7208,0,4680,2528,0
28418,15.391083,15.247472,15.215649,0.000000,0.000334,0.000000,0.000000,0.057167,0.021083,0.931041,635,8110725,134011,0,2,0,2,0,0,0,0,0,0,5728,0,3510,2218,0
28419,18.900250,18.774923,17.956868,0.000000,0.001167,0.000000,0.000000,0.190792,0.052917,0.742624,634,8119214,141833,0,2,0,2,0,0,0,0,0,0,5580,0,3510,2070,0
28420,29.951292,29.664659,26.356162,0.000000,0.000875,0.000000,0.000000,0.116417,0.035000,1.244958,640,8091392,143549,0,2,0,2,0,0,0,0,0,0,7208,0,4680,2528,0
28421,23.867292,23.702155,21.940005,0.000000,0.000584,0.000000,0.000000,0.077458,0.065917,1.192833,635,8122699,133858,0,2,0,2,0,0,0,0,0,0,5406,0,3510,1896,0
28422,30.070875,29.791214,25.631123,0.000000,0.000459,0.000000,0.000000,0.169583,0.037958,0.871583,639,8107159,129352,0,2,0,2,0,0,0,0,0,0,7223,0,4536,2687,0
28423,30.775625,30.493964,26.406407,0.000000,0.001250,0.000000,0.000000,0.113041,0.017125,0.589458,632,8091615,141416,0,2,0,2,0,0,0,0,0,0,5610,0,3654,1956,0
28424,19.607916,19.478591,19.102745,0.000000,0.000792,0.000000,0.000000,0.107709,0.038708,0.580375,634,8122704,133831,0,2,0,2,0,0,0,0,0,0,5406,0,3510,1896,0
28425,19.808584,19.738262,19.073450,0.000000,0.002458,0.000000,0.000000,0.107083,0.172708,0.646791,640,8122549,128870,0,2,0,2,0,0,0,0,0,0,7208,0,4680,2528,0
28426,20.441875,20.033418,19.612412,0.000000,0.000791,0.000000,0.000000,0.137708,0.043875,0.966542,628,8060934,133700,0,2,0,2,0,0,0,0,0,0,5406,0,3510,1896,0
28427,19.733583,19.600636,19.225200,0.000000,0.000666,0.000000,0.000000,0.085083,0.018542,0.971583,633,8109889,132714,0,2,0,2,0,0,0,0,0,0,5406,0,3510,1896,0
28428,22.381917,22.259515,21.037052,0.000000,0.000667,0.000000,0.000000,0.098208,0.016458,0.606542,640,8119809,129189,0,2,0,2,0,0,0,0,0,0,7208,0,4680,2528,0
28429,18.441375,18.368447,18.305685,0.000000,0.000583,0.000000,0.000000,0.100708,0.022458,0.618709,633,8107260,134630,0,2,0,2,0,0,0,0,0,0,5406,0,3510,1896,0
28430,17.410541,17.157332,17.115223,0.000000,0.000708,0.000000,0.000000,0.081500,0.020834,0.402625,632,8091989,130595,0,2,0,2,0,0,0,0,0,0,5406,0,3510,1896,0
28431,19.726584,19.690883,18.705805,0.000000,0.000876,0.000000,0.000000,0.125583,0.044958,0.929416,643,8126975,129085,0,2,0,2,0,0,0,0,0,0,7208,0,4680,2528,0
28432,19.521541,19.361618,19.211074,0.000000,0.000543,0.000000,0.000000,0.079917,0.030542,0.588251,632,8102623,133022,0,2,0,2,0,0,0,0,0,0,5406,0,3510,1896,0
28433,17.937584,17.808495,17.751375,0.000000,0.000500,0.000000,0.000000,0.089916,0.033000,0.606583,631,8107227,129114,0,2,0,2,0,0,0,0,0,0,5406,0,3510,1896,0
28434,17.831416,17.679459,17.607300,0.000000,0.000916,0.000000,0.000000,0.148334,0.035625,0.306875,641,8107035,123878,0,2,0,2,0,0,0,0,0,0,7208,0,4680,2528,0
28435,18.849042,18.658328,18.587841,0.000000,0.000499,0.000000,0.000000,0.076917,0.020750,0.927000,632,8107320,131180,0,2,0,2,0,0,0,0,0,0,5406,0,3510,1896,0
28436,18.600167,18.447879,18.374972,0.000000,0.000749,0.000000,0.000000,0.085625,0.023875,0.950292,634,8107237,127637,0,2,0,2,0,0,0,0,0,0,5406,0,3510,1896,0
28437,17.762541,17.684996,17.560964,0.000000,0.000459,0.000000,0.000000,0.082000,0.015542,0.290292,639,8103198,124238,0,2,0,2,0,0,0,0,0,0,7208,0,4680,2528,0
28438,18.182667,18.042900,17.979590,0.000000,0.000667,0.000000,0.000000,0.109167,0.017208,0.855375,632,8126575,130447,0,2,0,2,0,0,0,0,0,0,5406,0,3510,1896,0
28439,17.964500,17.761736,17.742137,0.000000,0.000667,0.000000,0.000000,0.095458,0.017334,0.948584,632,8091795,127606,0,2,0,2,0,0,0,0,0,0,5406,0,3510,1896,0
28440,19.876542,19.735811,19.301960,0.000000,0.000375,0.000000,0.000000,0.077791,0.022334,0.581792,642,8107024,124533,0,2,0,2,0,0,0,0,0,0,7208,0,4680,2528,0
28441,18.076083,17.938449,17.890579,0.000000,0.000416,0.000000,0.000000,0.086458,0.023084,0.290000,632,8107365,129663,0,2,0,2,0,0,0,0,0,0,5406,0,3510,1896,0
28442,18.591833,18.484992,18.395423,0.000000,0.000792,0.000000,0.000000,0.086625,0.023875,0.592334,632,8107665,127392,0,2,0,2,0,0,0,0,0,0,5406,0,3510,1896,0
28443,17.587167,17.316855,17.156786,0.000000,0.000459,0.000000,0.000000,0.095333,0.042167,0.628584,637,8091102,124008,0,2,0,2,0,0,0,0,0,0,7208,0,4680,2528,0
28444,18.011333,17.952451,17.875459,0.000000,0.000375,0.000000,0.000000,0.085625,0.030709,0.928041,634,8122678,129630,0,2,0,2,0,0,0,0,0,0,5406,0,3510,1896,0
28445,17.222084,17.081263,17.069588,0.000000,0.003291,0.000000,0.000000,0.086958,0.015625,0.479333,630,8107253,127748,0,2,0,2,0,0,0,0,0,0,5406,0,3510,1896,0
28446,17.252750,17.169058,17.082575,0.000000,0.000542,0.000000,0.000000,0.081958,0.036792,0.686791,646,8153246,124282,0,4,0,4,0,0,0,0,0,0,7399,0,4680,2719,0
28447,19.259500,19.105308,19.018174,0.000000,0.000374,0.000000,0.000000,0.077958,0.034000,0.951167,639,8107048,137558,0,2,0,2,0,0,0,0,0,0,6066,0,3510,2556,0
28448,20.284583,20.128089,20.020172,0.000000,0.000792,0.000000,0.000000,0.128542,0.018208,0.290250,628,8060975,141605,0,0,0,0,0,0,0,0,0,0,5406,0,3510,1896,0
28449,18.224333,18.017961,17.901570,0.000000,0.000418,0.000000,0.000000,0.105709,0.028125,0.585291,643,8127958,125699,0,2,0,4,0,0,0,0,0,0,7208,0,4680,2528,0
28450,19.321667,19.180615,19.089253,0.000000,0.000540,0.000000,0.000000,0.102417,0.017791,0.591458,631,8086321,127990,0,2,0,0,0,0,0,0,0,0,5406,0,3510,1896,0
28451,17.416583,17.128701,17.064541,0.000000,0.000875,0.000000,0.000000,0.081292,0.023000,0.694792,633,8091764,128367,0,2,0,2,0,0,0,0,0,0,5586,0,3510,2076,0
28452,33.899834,33.882249,24.619372,0.000000,0.000667,0.000000,0.000000,0.137083,0.093708,0.903625,642,8137831,133837,0,4,0,4,0,0,0,0,0,0,7208,0,4680,2528,0
28453,21.967833,21.684203,20.672709,0.000000,0.000792,0.000000,0.000000,0.157875,0.028542,0.584333,631,8080347,128841,0,0,0,2,0,0,0,0,0,0,5406,0,3510,1896,0
28454,23.322458,23.227306,21.494923,0.000000,0.001041,0.000000,0.000000,0.177584,0.087875,0.596417,632,8118760,127081,0,4,0,2,0,0,0,0,0,0,5406,0,3510,1896,0
28455,23.602334,23.375415,20.593184,0.000000,0.000709,0.000000,0.000000,0.124083,0.031125,0.584000,642,8137852,126457,0,2,0,2,0,0,0,0,0,0,7208,0,4680,2528,0
28456,19.585125,19.352324,18.996843,0.000000,0.000291,0.000000,0.000000,0.206125,0.020708,0.931000,630,8065116,127664,0,2,0,2,0,0,0,0,0,0,5406,0,3510,1896,0
28457,23.212041,22.929048,20.776877,0.000000,0.000250,0.000000,0.000000,0.108875,0.017250,0.584791,629,8103130,126874,0,2,0,2,0,0,0,0,0,0,5406,0,3510,1896,0
28458,18.416334,18.392832,17.595246,0.000000,0.000625,0.000000,0.000000,0.090958,0.054292,0.581333,647,8137715,125558,0,2,0,2,0,0,0,0,0,0,7665,0,4680,2985,0
28459,27.132666,27.134315,25.886547,0.000000,0.000791,0.000000,0.000000,0.203417,0.102208,1.225999,635,8122678,137508,0,2,0,2,0,0,0,0,0,0,5406,0,3510,1896,0
28460,25.500584,25.139552,22.932862,0.000000,0.000542,0.000000,0.000000,0.211916,0.079167,0.585208,629,8076431,127226,0,2,0,2,0,0,0,0,0,0,5406,0,3510,1896,0
28461,28.986458,28.715676,26.621457,0.000000,0.000626,0.000000,0.000000,0.103125,0.018958,0.882500,642,8107030,128281,0,2,0,2,0,0,0,0,0,0,7399,0,4680,2719,0
28462,21.102333,21.008361,20.765294,0.000000,0.000875,0.000000,0.000000,0.141667,0.021625,0.582584,632,8107112,135104,0,2,0,2,0,0,0,0,0,0,5603,0,3510,2093,0
28463,26.139209,25.924665,24.222121,0.000000,0.000874,0.000000,0.000000,0.116333,0.076292,0.599917,630,8107222,133913,0,2,0,2,0,0,0,0,0,0,5406,0,3510,1896,0
28464,28.902666,28.747252,26.723669,0.000000,0.000750,0.000000,0.000000,0.105667,0.038167,0.903041,643,8137996,126741,0,2,0,2,0,0,0,0,0,0,7208,0,4680,2528,0
28465,17.474459,17.277969,17.174496,0.000000,0.000291,0.000000,0.000000,0.076000,0.014458,0.290042,630,8076407,128125,0,2,0,2,0,0,0,0,0,0,5406,0,3510,1896,0
28466,16.275875,16.164043,16.056967,0.000000,0.000499,0.000000,0.000000,0.075875,0.031083,0.601500,639,8169034,126556,0,2,0,2,0,0,0,0,0,0,5617,0,3510,2107,0
28467,17.285250,17.061507,17.065442,0.000000,0.000417,0.000000,0.000000,0.057750,0.015041,1.224208,633,8045130,131745,0,2,0,2,0,0,0,0,0,0,7208,0,4680,2528,0
28468,16.944958,16.777664,16.795478,0.000000,0.000374,0.000000,0.000000,0.060250,0.013917,0.609083,632,8091831,128061,0,2,0,2,0,0,0,0,0,0,5406,0,3510,1896,0
28469,17.579042,17.588505,17.545010,0.000000,0.000750,0.000000,0.000000,0.105291,0.017709,1.235917,633,8138084,129400,0,2,0,2,0,0,0,0,0,0,5406,0,3510,1896,0
28470,16.931125,16.777950,16.792003,0.000000,0.000375,0.000000,0.000000,0.075541,0.035084,0.291042,640,8107145,126487,0,2,0,2,0,0,0,0,0,0,7208,0,4680,2528,0
28471,16.867375,16.750570,16.680960,0.000000,0.000499,0.000000,0.000000,0.086416,0.021667,0.941166,631,8107231,126400,0,2,0,2,0,0,0,0,0,0,5406,0,3510,1896,0
28472,17.217166,17.075174,16.947305,0.000000,0.000499,0.000000,0.000000,0.089875,0.017792,0.599208,632,8107217,126819,0,2,0,2,0,0,0,0,0,0,5406,0,3510,1896,0
28473,18.800167,18.670599,18.440208,0.000000,0.000791,0.000000,0.000000,0.094292,0.015291,0.296208,639,8107108,126634,0,2,0,2,0,0,0,0,0,0,7208,0,4680,2528,0
28474,17.159208,16.975377,16.825048,0.000000,0.000459,0.000000,0.000000,0.074209,0.023958,0.588875,631,8091818,125883,0,2,0,2,0,0,0,0,0,0,5406,0,3510,1896,0
28475,17.069375,16.979935,16.909433,0.000000,0.000500,0.000000,0.000000,0.085709,0.021250,1.222958,640,8122711,126055,0,2,0,2,0,0,0,0,0,0,7004,0,4536,2468,0
28476,17.436084,17.287431,17.220725,0.000000,0.000583,0.000000,0.000000,0.083875,0.018083,0.293833,631,8098081,127591,0,2,0,2,0,0,0,0,0,0,5610,0,3654,1956,0
28477,19.406750,19.206500,18.749546,0.000000,0.000751,0.000000,0.000000,0.079375,0.020791,0.584500,630,8100782,125880,0,2,0,2,0,0,0,0,0,0,5406,0,3510,1896,0
28478,16.831166,16.730711,16.705962,0.000000,0.000418,0.000000,0.000000,0.073250,0.015459,0.981625,640,8107105,123869,0,2,0,2,0,0,0,0,0,0,7208,0,4680,2528,0
28479,16.670709,16.497667,16.509295,0.000000,0.000291,0.000000,0.000000,0.067125,0.013875,0.620208,630,8107352,128727,0,2,0,2,0,0,0,0,0,0,5406,0,3510,1896,0
28480,17.195791,17.057817,17.068118,0.000000,0.000250,0.000000,0.000000,0.076625,0.025542,1.254584,632,8107166,126488,0,2,0,2,0,0,0,0,0,0,5406,0,3510,1896,0
28481,16.630000,16.485205,16.485639,0.000000,0.000292,0.000000,0.000000,0.067834,0.013833,0.614959,641,8107060,124193,0,2,0,2,0,0,0,0,0,0,7208,0,4680,2528,0
28482,16.017750,15.893878,15.906551,0.000000,0.000332,0.000000,0.000000,0.052417,0.011292,1.227709,630,8107267,128141,0,2,0,2,0,0,0,0,0,0,5406,0,3510,1896,0
28483,14.424125,14.275912,14.285035,0.000000,0.000126,0.000000,0.000000,0.055334,0.012708,0.639000,636,8107199,124138,0,2,0,2,0,0,0,0,0,0,5863,0,3510,2353,0
28484,17.135292,17.086707,17.095051,0.000000,0.000292,0.000000,0.000000,0.078458,0.019167,0.969292,640,8106950,134751,0,2,0,2,0,0,0,0,0,0,7208,0,4680,2528,0
28485,15.979917,15.752390,15.776043,0.000000,0.000291,0.000000,0.000000,0.060416,0.015500,0.650875,632,8107204,128083,0,2,0,2,0,0,0,0,0,0,5628,0,3510,2118,0
28486,17.332541,17.225556,17.220387,0.000000,0.000291,0.000000,0.000000,0.068167,0.013500,0.968416,630,8107247,134411,0,2,0,2,0,0,0,0,0,0,5406,0,3510,1896,0
28487,16.243000,16.030035,16.032617,0.000000,0.000250,0.000000,0.000000,0.073042,0.031083,0.296625,639,8091631,124076,0,2,0,2,0,0,0,0,0,0,7208,0,4680,2528,0
28488,16.603292,16.569134,16.558828,0.000000,0.000333,0.000000,0.000000,0.076333,0.055042,0.950625,633,8138075,128167,0,2,0,2,0,0,0,0,0,0,5645,0,3510,2135,0
28489,16.660792,16.508474,16.499878,0.000000,0.000416,0.000000,0.000000,0.059833,0.021750,1.293749,632,8091880,134402,0,2,0,2,0,0,0,0,0,0,5406,0,3510,1896,0
28490,15.310000,15.231794,15.240845,0.000000,0.000333,0.000000,0.000000,0.056458,0.038833,0.657625,641,8106967,124032,0,2,0,2,0,0,0,0,0,0,7208,0,4680,2528,0
28491,15.773041,15.619116,15.555788,0.000000,0.000458,0.000000,0.000000,0.064792,0.024458,0.660208,632,8111774,129243,0,2,0,2,0,0,0,0,0,0,5406,0,3510,1896,0
28492,16.231750,16.089208,15.856505,0.000000,0.000333,0.000000,0.000000,0.064167,0.057167,0.659709,632,8102703,126264,0,2,0,2,0,0,0,0,0,0,5406,0,3510,1896,0
28493,15.035459,14.920658,14.891365,0.000000,0.000375,0.000000,0.000000,0.059541,0.033625,0.660667,638,8107055,125069,0,2,0,2,0,0,0,0,0,0,7208,0,4680,2528,0
28494,16.752625,16.675839,16.675323,0.000000,0.000208,0.000000,0.000000,0.083958,0.015500,0.935707,633,8122812,128174,0,2,0,2,0,0,0,0,0,0,5406,0,3510,1896,0
28495,15.577875,15.398602,15.374145,0.000000,0.000500,0.000000,0.000000,0.065291,0.032542,0.297166,631,8091729,125963,0,2,0,2,0,0,0,0,0,0,5406,0,3510,1896,0
28496,14.734041,14.617879,14.604551,0.000000,0.000416,0.000000,0.000000,0.057584,0.033333,0.977916,641,8107053,124947,0,2,0,2,0,0,0,0,0,0,7208,0,4680,2528,0
28497,16.100667,15.956759,15.953232,0.000000,0.000208,0.000000,0.000000,0.063833,0.033667,0.644250,632,8107216,128084,0,2,0,2,0,0,0,0,0,0,5406,0,3510,1896,0
28498,16.856625,16.734075,16.733130,0.000000,0.000334,0.000000,0.000000,0.058917,0.013625,1.299749,632,8107277,126275,0,2,0,2,0,0,0,0,0,0,5406,0,3510,1896,0
28499,17.099333,16.888795,16.899706,0.000000,0.000293,0.000000,0.000000,0.056959,0.012416,0.624292,660,8091258,124543,0,2,0,2,0,0,0,0,0,0,9249,0,4680,4569,0
28500,15.905375,15.863300,15.879835,0.000000,0.000334,0.000000,0.000000,0.063625,0.012542,0.915958,634,8126065,129398,0,2,0,2,0,0,0,0,0,0,5406,0,3510,1896,0
28501,15.714667,15.523328,15.512640,0.000000,0.000583,0.000000,0.000000,0.067542,0.021291,0.444125,631,8103861,126134,0,2,0,2,0,0,0,0,0,0,5529,0,3510,2019,0
28502,15.830167,15.739612,15.748872,0.000000,0.000292,0.000000,0.000000,0.063291,0.014709,0.770708,642,8122462,133342,0,2,0,2,0,0,0,0,0,0,7331,0,4680,2651,0
28503,18.701333,18.511922,18.488572,0.000000,0.000626,0.000000,0.000000,0.061417,0.016791,0.807458,631,8091791,138503,0,2,0,2,0,0,0,0,0,0,5406,0,3510,1896,0
28504,17.066375,16.982053,16.976905,0.000000,0.000417,0.000000,0.000000,0.054792,0.011416,0.411667,630,8107284,130703,0,2,0,2,0,0,0,0,0,0,5406,0,3510,1896,0
28505,16.837708,16.694004,16.689539,0.000000,0.000249,0.000000,0.000000,0.053875,0.016250,0.774208,637,8107116,128452,0,2,0,2,0,0,0,0,0,0,7208,0,4680,2528,0
28506,17.107334,16.945591,16.927934,0.000000,0.000333,0.000000,0.000000,0.062041,0.020125,0.447333,633,8107180,131532,0,2,0,2,0,0,0,0,0,0,5406,0,3510,1896,0
28507,16.258833,16.159531,16.176254,0.000000,0.000375,0.000000,0.000000,0.057917,0.013416,0.923249,632,8122710,130668,0,2,0,2,0,0,0,0,0,0,5406,0,3510,1896,0
28508,15.444500,15.284164,15.293829,0.000000,0.000333,0.000000,0.000000,0.050458,0.027000,0.609375,640,8091614,127830,0,2,0,2,0,0,0,0,0,0,7208,0,4680,2528,0
28509,15.850917,15.729500,15.730036,0.000000,0.000333,0.000000,0.000000,0.055041,0.021917,0.780626,633,8107212,130862,0,2,0,2,0,0,0,0,0,0,5406,0,3510,1896,0
28510,16.721625,16.649161,16.664460,0.000000,0.000376,0.000000,0.000000,0.070541,0.041084,1.083459,631,8119895,132408,0,2,0,2,0,0,0,0,0,0,5406,0,3510,1896,0
28511,15.885333,15.683426,15.674495,0.000000,0.000250,0.000000,0.000000,0.062625,0.017333,0.469166,639,8094506,127647,0,2,0,2,0,0,0,0,0,0,7208,0,4680,2528,0
28512,15.366375,15.259835,15.274664,0.000000,0.000291,0.000000,0.000000,0.050750,0.020625,0.446334,632,8107162,132141,0,2,0,2,0,0,0,0,0,0,5406,0,3510,1896,0
28513,16.333208,16.243962,16.254351,0.000000,0.000416,0.000000,0.000000,0.073125,0.016459,0.775875,632,8107293,130262,0,2,0,2,0,0,0,0,0,0,5406,0,3510,1896,0
28514,16.022500,15.856825,15.847831,0.000000,0.000376,0.000000,0.000000,0.053834,0.014500,0.471750,643,8137871,129370,0,2,0,2,0,0,0,0,0,0,7399,0,4680,2719,0
28515,19.601042,19.435043,19.437746,0.000000,0.000332,0.000000,0.000000,0.059500,0.048750,0.935959,631,8076333,144058,0,2,0,2,0,0,0,0,0,0,5406,0,3510,1896,0
28516,15.447250,15.348281,15.328056,0.000000,0.000334,0.000000,0.000000,0.054667,0.016875,0.942750,632,8107257,129786,0,2,0,2,0,0,0,0,0,0,5406,0,3510,1896,0
28517,15.837208,15.616157,15.598148,0.000000,0.000415,0.000000,0.000000,0.070292,0.015208,0.469334,638,8091611,127016,0,2,0,2,0,0,0,0,0,0,7208,0,4680,2528,0
28518,16.504084,16.473414,16.442420,0.000000,0.000667,0.000000,0.000000,0.058958,0.013042,0.978291,634,8122685,131928,0,2,0,2,0,0,0,0,0,0,5406,0,3510,1896,0
28519,15.608416,15.482195,15.480770,0.000000,0.000333,0.000000,0.000000,0.060334,0.042041,0.445041,633,8107350,129475,0,2,0,2,0,0,0,0,0,0,5406,0,3510,1896,0
28520,16.417792,16.260503,16.263247,0.000000,0.000458,0.000000,0.000000,0.050000,0.016708,0.804458,638,8107002,128495,0,2,0,2,0,0,0,0,0,0,7208,0,4680,2528,0
28521,16.370458,16.254046,16.244889,0.000000,0.000292,0.000000,0.000000,0.053875,0.011459,0.457375,632,8107258,130325,0,2,0,2,0,0,0,0,0,0,5406,0,3510,1896,0
28522,16.960667,16.822561,16.726495,0.000000,0.000333,0.000000,0.000000,0.062500,0.014458,0.604750,633,8107341,128931,0,2,0,2,0,0,0,0,0,0,5406,0,3510,1896,0
28523,16.600917,16.494789,16.479224,0.000000,0.000375,0.000000,0.000000,0.059208,0.019333,0.613416,640,8107002,129599,0,2,0,2,0,0,0,0,0,0,7208,0,4680,2528,0
28524,16.346875,16.200459,16.194503,0.000000,0.000292,0.000000,0.000000,0.068916,0.013959,0.799958,633,8107595,129817,0,2,0,2,0,0,0,0,0,0,5406,0,3510,1896,0
28525,16.818041,16.679157,16.663552,0.000000,0.000665,0.000000,0.000000,0.075875,0.021084,1.284083,632,8106936,126783,0,2,0,2,0,0,0,0,0,0,5406,0,3510,1896,0
28526,16.355250,16.262211,16.151800,0.000000,0.000250,0.000000,0.000000,0.072875,0.035792,0.309667,638,8107108,126573,0,2,0,2,0,0,0,0,0,0,7208,0,4680,2528,0
28527,16.283042,16.124295,16.126748,0.000000,0.000417,0.000000,0.000000,0.063208,0.014250,1.251416,631,8107225,127175,0,2,0,2,0,0,0,0,0,0,5406,0,3510,1896,0
28528,16.297792,16.166814,16.162362,0.000000,0.000249,0.000000,0.000000,0.068666,0.024084,0.339792,640,8107197,126377,0,2,0,2,0,0,0,0,0,0,7004,0,4536,2468,0
28529,15.908916,15.789657,15.781574,0.000000,0.000207,0.000000,0.000000,0.056209,0.013958,1.171958,631,8111888,127057,0,2,0,2,0,0,0,0,0,0,5610,0,3654,1956,0
28530,15.768334,15.618005,15.623332,0.000000,0.000249,0.000000,0.000000,0.055541,0.029125,0.619042,632,8102507,126825,0,2,0,2,0,0,0,0,0,0,5406,0,3510,1896,0
28531,15.273041,15.094824,15.083724,0.000000,0.000417,0.000000,0.000000,0.069667,0.016375,1.249042,634,8091689,124447,0,2,0,2,0,0,0,0,0,0,7208,0,4680,2528,0
28532,15.454417,15.394162,15.369822,0.000000,0.000250,0.000000,0.000000,0.056208,0.021209,0.462500,634,8122655,128965,0,2,0,2,0,0,0,0,0,0,5406,0,3510,1896,0
28533,14.876500,14.766932,14.730843,0.000000,0.000500,0.000000,0.000000,0.051583,0.044375,0.609125,635,8122640,124566,0,2,0,2,0,0,0,0,0,0,5535,0,3510,2025,0
28534,15.734708,15.526596,15.513474,0.000000,0.000248,0.000000,0.000000,0.049209,0.011541,0.768625,640,8076210,128489,0,2,0,2,0,0,0,0,0,0,7336,0,4680,2656,0
28535,17.252209,17.113536,17.097800,0.000000,0.000332,0.000000,0.000000,0.067416,0.018000,0.770292,633,8107227,135265,0,2,0,2,0,0,0,0,0,0,5406,0,3510,1896,0
28536,14.739291,14.708258,14.703673,0.000000,0.000376,0.000000,0.000000,0.052417,0.020542,0.469250,637,8153400,128108,0,2,0,2,0,0,0,0,0,0,5675,0,3510,2165,0
28537,19.398834,19.275138,19.283243,0.000000,0.000792,0.000000,0.000000,0.067083,0.028417,1.104959,639,8076148,151548,0,2,0,2,0,0,0,0,0,0,7208,0,4680,2528,0
28538,16.014708,15.866223,15.843509,0.000000,0.000209,0.000000,0.000000,0.054375,0.020542,0.624791,632,8107263,127452,0,2,0,2,0,0,0,0,0,0,5406,0,3510,1896,0
28539,15.582083,15.440749,15.451164,0.000000,0.000292,0.000000,0.000000,0.056709,0.027458,1.084249,631,8107369,126658,0,2,0,2,0,0,0,0,0,0,5406,0,3510,1896,0
28540,15.799500,15.675484,15.672812,0.000000,0.000417,0.000000,0.000000,0.054667,0.032792,0.608667,642,8106968,123763,0,2,0,2,0,0,0,0,0,0,7208,0,4680,2528,0
28541,16.933834,16.773261,16.787043,0.000000,0.000210,0.000000,0.000000,0.061750,0.020541,1.254625,631,8107326,127368,0,2,0,2,0,0,0,0,0,0,5406,0,3510,1896,0
28542,15.603166,15.520838,15.468654,0.000000,0.003001,0.000000,0.000000,0.078792,0.020792,0.289750,630,8107194,125392,0,2,0,2,0,0,0,0,0,0,5406,0,3510,1896,0
28543,15.035042,14.780218,14.798746,0.000000,0.000333,0.000000,0.000000,0.050792,0.019291,1.250749,642,8091671,123634,0,2,0,2,0,0,0,0,0,0,7530,0,4680,2850,0
28544,18.223125,18.163017,18.176003,0.000000,0.000249,0.000000,0.000000,0.049333,0.050917,0.614500,632,8122523,137734,0,2,0,2,0,0,0,0,0,0,5406,0,3510,1896,0
28545,14.586083,14.519199,14.519500,0.000000,0.000292,0.000000,0.000000,0.076542,0.017292,0.927125,643,8199801,126039,0,2,0,2,0,0,0,0,0,0,5712,0,3510,2202,0
28546,16.678709,16.536626,16.456551,0.000000,0.003416,0.000000,0.000000,0.077916,0.015125,0.607458,636,8082694,135621,0,2,0,2,0,0,0,0,0,0,7458,0,4680,2778,0
28547,16.657041,16.522122,16.497986,0.000000,0.000418,0.000000,0.000000,0.062417,0.019958,0.957167,627,8038900,135590,0,2,0,2,0,0,0,0,0,0,5406,0,3510,1896,0
28548,14.841625,14.727137,14.724333,0.000000,0.000291,0.000000,0.000000,0.062417,0.020458,0.609375,631,8107228,125832,0,2,0,2,0,0,0,0,0,0,5406,0,3510,1896,0
28549,16.414667,16.257960,16.272326,0.000000,0.000457,0.000000,0.000000,0.055250,0.020833,1.420250,641,8122551,122848,0,2,0,2,0,0,0,0,0,0,7208,0,4680,2528,0
28550,15.878917,15.661917,15.678837,0.000000,0.000249,0.000000,0.000000,0.062875,0.032125,0.639750,630,8076311,127031,0,2,0,2,0,0,0,0,0,0,5406,0,3510,1896,0
28551,15.923541,15.880323,15.866547,0.000000,0.000375,0.000000,0.000000,0.059625,0.015917,0.946041,634,8127244,127888,0,2,0,2,0,0,0,0,0,0,5406,0,3510,1896,0
28552,15.297959,15.154726,15.130941,0.000000,0.000292,0.000000,0.000000,0.067166,0.021250,0.610625,639,8117990,124027,0,2,0,2,0,0,0,0,0,0,7208,0,4680,2528,0
28553,16.954500,16.714884,16.723091,0.000000,0.000543,0.000000,0.000000,0.156041,0.085584,0.930292,630,8076375,135825,0,2,0,2,0,0,0,0,0,0,5406,0,3510,1896,0
28554,16.859416,16.826821,16.705254,0.000000,0.000332,0.000000,0.000000,0.065625,0.020334,0.303542,634,8122679,130328,0,2,0,2,0,0,0,0,0,0,5406,0,3510,1896,0
28555,17.351917,17.235609,17.188630,0.000000,0.000501,0.000000,0.000000,0.062708,0.028917,1.222874,639,8107080,136133,0,2,0,2,0,0,0,0,0,0,7208,0,4680,2528,0
28556,16.472250,16.362077,16.329409,0.000000,0.000209,0.000000,0.000000,0.053708,0.017250,0.608542,634,8107222,134861,0,2,0,2,0,0,0,0,0,0,5406,0,3510,1896,0
28557,16.066292,15.846472,15.839207,0.000000,0.000250,0.000000,0.000000,0.061333,0.027958,0.917376,630,8091798,131636,0,2,0,2,0,0,0,0,0,0,5406,0,3510,1896,0
28558,16.743625,16.705027,16.667590,0.000000,0.000292,0.000000,0.000000,0.064416,0.029667,0.929875,641,8137945,130041,0,2,0,2,0,0,0,0,0,0,7208,0,4680,2528,0
28559,16.956041,16.801092,16.789318,0.000000,0.000375,0.000000,0.000000,0.062459,0.032041,0.646417,630,8091798,134687,0,2,0,2,0,0,0,0,0,0,5406,0,3510,1896,0
28560,16.370459,16.252706,16.195058,0.000000,0.000375,0.000000,0.000000,0.056125,0.041166,0.976375,637,8138082,132594,0,2,0,2,0,0,0,0,0,0,5594,0,3510,2084,0
28561,17.502500,17.374848,17.370844,0.000000,0.000417,0.000000,0.000000,0.061208,0.036958,0.304750,638,8076109,138979,0,2,0,2,0,0,0,0,0,0,7208,0,4680,2528,0
28562,15.850125,15.695749,15.677623,0.000000,0.000416,0.000000,0.000000,0.056750,0.044625,0.955333,632,8107263,135252,0,2,0,2,0,0,0,0,0,0,5406,0,3510,1896,0
28563,15.507333,15.383525,15.369071,0.000000,0.000291,0.000000,0.000000,0.057875,0.016333,0.645792,631,8107311,131592,0,2,0,2,0,0,0,0,0,0,5406,0,3510,1896,0
28564,15.495875,15.375061,15.355227,0.000000,0.000375,0.000000,0.000000,0.063417,0.012375,0.961041,639,8106996,127850,0,2,0,2,0,0,0,0,0,0,7208,0,4680,2528,0
28565,15.660125,15.534384,15.544610,0.000000,0.000417,0.000000,0.000000,0.061833,0.017959,0.610208,632,8107251,133497,0,2,0,2,0,0,0,0,0,0,5406,0,3510,1896,0
28566,16.220333,16.146450,16.140744,0.000000,0.000458,0.000000,0.000000,0.079084,0.018458,1.057375,634,8122732,131022,0,2,0,2,0,0,0,0,0,0,5406,0,3510,1896,0
28567,16.123334,15.880373,15.896917,0.000000,0.000376,0.000000,0.000000,0.063291,0.026084,0.647417,636,8081469,125222,0,2,0,2,0,0,0,0,0,0,7208,0,4680,2528,0
28568,15.938041,15.895829,15.874610,0.000000,0.000333,0.000000,0.000000,0.067292,0.014583,0.948083,634,8117359,134750,0,2,0,2,0,0,0,0,0,0,5406,0,3510,1896,0
28569,17.491167,17.248233,17.251820,0.000000,0.000333,0.000000,0.000000,0.068417,0.025500,0.610667,632,8091962,132406,0,2,0,2,0,0,0,0,0,0,5406,0,3510,1896,0
28570,15.763167,15.700963,15.687555,0.000000,0.000500,0.000000,0.000000,0.069208,0.014708,0.925541,642,8137786,129709,0,2,0,2,0,0,0,0,0,0,7208,0,4680,2528,0
28571,16.345250,16.227198,16.233326,0.000000,0.000333,0.000000,0.000000,0.070500,0.013916,0.652000,630,8091809,134426,0,2,0,2,0,0,0,0,0,0,5406,0,3510,1896,0
28572,16.342916,16.212492,16.220501,0.000000,0.000333,0.000000,0.000000,0.062459,0.012541,0.876999,631,8107336,132480,0,2,0,2,0,0,0,0,0,0,5406,0,3510,1896,0
28573,15.648250,15.474426,15.424960,0.000000,0.000708,0.000000,0.000000,0.101459,0.018583,0.614125,638,8095353,127112,0,2,0,2,0,0,0,0,0,0,7208,0,4680,2528,0
28574,23.837167,23.760667,22.405546,0.000000,0.001209,0.000000,0.000000,0.103833,0.015917,0.882916,632,8118931,133793,0,2,0,2,0,0,0,0,0,0,5406,0,3510,1896,0
28575,21.663417,21.450957,20.351552,0.000000,0.000667,0.000000,0.000000,0.084041,0.034834,0.603542,632,8107357,131050,0,2,0,2,0,0,0,0,0,0,5406,0,3510,1896,0
28576,24.595958,24.347247,22.020536,0.000000,0.000999,0.000000,0.000000,0.137792,0.017416,0.628958,639,8091558,128845,0,2,0,2,0,0,0,0,0,0,7208,0,4680,2528,0
28577,21.960000,21.787585,19.945593,0.000000,0.000583,0.000000,0.000000,0.075833,0.021375,0.621291,635,8107198,128838,0,2,0,2,0,0,0,0,0,0,5728,0,3510,2218,0
28578,20.738375,20.574505,19.984233,0.000000,0.000875,0.000000,0.000000,0.090792,0.020958,0.581334,632,8107191,138108,0,2,0,2,0,0,0,0,0,0,5406,0,3510,1896,0
28579,21.470875,21.335784,19.622494,0.000000,0.001083,0.000000,0.000000,0.117250,0.018583,0.599167,639,8107064,128995,0,2,0,2,0,0,0,0,0,0,7208,0,4680,2528,0
28580,19.019333,18.884792,18.660392,0.000000,0.000750,0.000000,0.000000,0.094834,0.017333,0.593209,632,8107269,130837,0,2,0,2,0,0,0,0,0,0,5406,0,3510,1896,0
28581,17.840959,17.834150,17.800468,0.000000,0.000542,0.000000,0.000000,0.073250,0.023208,0.293500,640,8138166,129643,0,2,0,2,0,0,0,0,0,0,7004,0,4536,2468,0
28582,18.386875,18.312080,18.239265,0.000000,0.001001,0.000000,0.000000,0.191208,0.029583,0.599166,632,8091607,129403,0,2,0,2,0,0,0,0,0,0,5610,0,3654,1956,0
28583,18.928958,18.726377,18.704423,0.000000,0.000875,0.000000,0.000000,0.120875,0.017042,0.661291,633,8107288,130401,0,2,0,2,0,0,0,0,0,0,5406,0,3510,1896,0
28584,18.125792,17.899447,17.766259,0.000000,0.000624,0.000000,0.000000,0.069916,0.020500,0.614958,641,8107110,127476,0,2,0,2,0,0,0,0,0,0,7208,0,4680,2528,0
28585,15.440833,15.352319,15.263899,0.000000,0.000374,0.000000,0.000000,0.054417,0.013041,0.291000,637,8153520,132949,0,2,0,2,0,0,0,0,0,0,5574,0,3510,2064,0
28586,16.318292,16.186498,16.189625,0.000000,0.000415,0.000000,0.000000,0.051208,0.046958,0.701959,630,8076312,139222,0,2,0,2,0,0,0,0,0,0,5406,0,3510,1896,0
28587,14.829000,14.731587,14.728751,0.000000,0.000291,0.000000,0.000000,0.063500,0.016208,0.351125,640,8107049,128515,0,2,0,2,0,0,0,0,0,0,7208,0,4680,2528,0
28588,15.018458,14.873549,14.858589,0.000000,0.000333,0.000000,0.000000,0.095500,0.015625,0.290375,630,8091856,129976,0,2,0,2,0,0,0,0,0,0,5406,0,3510,1896,0
28589,17.090333,16.939406,16.870103,0.000000,0.000416,0.000000,0.000000,0.077584,0.022125,0.649999,630,8107477,129972,0,2,0,2,0,0,0,0,0,0,5406,0,3510,1896,0
28590,16.294042,16.210795,16.036744,0.000000,0.000376,0.000000,0.000000,0.075167,0.034500,1.031583,643,8122356,128852,0,2,0,2,0,0,0,0,0,0,7208,0,4680,2528,0
28591,16.529375,16.324800,16.124434,0.000000,0.000417,0.000000,0.000000,0.078625,0.014083,0.309750,630,8078503,129975,0,2,0,2,0,0,0,0,0,0,5406,0,3510,1896,0
28592,14.877042,14.842572,14.626525,0.000000,0.000166,0.000000,0.000000,0.065916,0.038459,0.302875,637,8116771,129019,0,2,0,2,0,0,0,0,0,0,5863,0,3510,2353,0
28593,16.952958,16.845837,16.691382,0.000000,0.000417,0.000000,0.000000,0.077958,0.041750,0.921292,640,8126001,134659,0,2,0,2,0,0,0,0,0,0,7208,0,4680,2528,0
28594,16.256333,16.084424,15.822327,0.000000,0.000500,0.000000,0.000000,0.073875,0.042917,0.756000,631,8107407,130891,0,2,0,2,0,0,0,0,0,0,5406,0,3510,1896,0
28595,15.619084,15.473940,15.373045,0.000000,0.000584,0.000000,0.000000,0.069458,0.040833,0.303958,631,8091703,129012,0,2,0,2,0,0,0,0,0,0,5406,0,3510,1896,0
28596,14.940250,14.795422,14.785784,0.000000,0.000291,0.000000,0.000000,0.065583,0.028792,0.621084,639,8107233,126786,0,2,0,2,0,0,0,0,0,0,7208,0,4680,2528,0
28597,14.852833,14.792903,14.769240,0.000000,0.000209,0.000000,0.000000,0.062750,0.016708,1.005583,631,8107035,131334,0,2,0,2,0,0,0,0,0,0,5406,0,3510,1896,0
28598,14.595292,14.492292,14.479907,0.000000,0.000249,0.000000,0.000000,0.066916,0.017792,0.623292,632,8107257,128534,0,2,0,2,0,0,0,0,0,0,5406,0,3510,1896,0
28599,14.854458,14.679842,14.638563,0.000000,0.000334,0.000000,0.000000,0.062583,0.015000,0.897667,641,8122525,127699,0,2,0,2,0,0,0,0,0,0,7208,0,4680,2528,0
28600,14.845333,14.768760,14.748326,0.000000,0.000333,0.000000,0.000000,0.054417,0.012000,0.633167,631,8091785,129756,0,2,0,2,0,0,0,0,0,0,5406,0,3510,1896,0
28601,13.910875,13.784042,13.760214,0.000000,0.000542,0.000000,0.000000,0.040125,0.013167,0.288584,636,8122705,129556,0,2,0,2,0,0,0,0,0,0,5576,0,3510,2066,0
28602,16.228334,16.146679,16.157723,0.000000,0.000416,0.000000,0.000000,0.062250,0.049958,0.592208,641,8112387,143502,0,2,0,2,0,0,0,0,0,0,7208,0,4680,2528,0
28603,14.521916,14.302877,14.318997,0.000000,0.000165,0.000000,0.000000,0.050834,0.010208,0.351250,631,8086348,130641,0,2,0,2,0,0,0,0,0,0,5406,0,3510,1896,0
28604,16.538625,16.465535,16.485869,0.000000,0.000208,0.000000,0.000000,0.044000,0.012542,0.761917,631,8107321,129663,0,2,0,2,0,0,0,0,0,0,5406,0,3510,1896,0
28605,15.835167,15.695694,15.671745,0.000000,0.000251,0.000000,0.000000,0.066042,0.020083,0.357083,644,8106964,126056,0,2,0,2,0,0,0,0,0,0,7721,0,4680,3041,0
28606,16.566667,16.403454,16.414006,0.000000,0.000250,0.000000,0.000000,0.054625,0.012375,0.807833,646,8107072,130610,0,2,0,2,0,0,0,0,0,0,6934,0,3510,3424,0
28607,14.608125,14.434626,14.430632,0.000000,0.000251,0.000000,0.000000,0.052750,0.012875,0.443750,631,8091681,128195,0,2,0,2,0,0,0,0,0,0,5406,0,3510,1896,0
28608,14.728541,14.694654,14.699424,0.000000,0.000207,0.000000,0.000000,0.052209,0.012000,1.225374,642,8137931,127507,0,2,0,2,0,0,0,0,0,0,7208,0,4680,2528,0
28609,14.665000,14.540490,14.547127,0.000000,0.000168,0.000000,0.000000,0.048250,0.053750,0.452667,630,8091832,129847,0,2,0,2,0,0,0,0,0,0,5406,0,3510,1896,0
28610,14.892667,14.797828,14.808890,0.000000,0.000250,0.000000,0.000000,0.054667,0.054958,0.610083,633,8107271,128569,0,2,0,2,0,0,0,0,0,0,5406,0,3510,1896,0
28611,14.164375,14.047683,14.059924,0.000000,0.000167,0.000000,0.000000,0.046583,0.045834,1.069458,643,8137910,127346,0,2,0,2,0,0,0,0,0,0,7208,0,4680,2528,0
28612,14.265417,14.126880,14.142344,0.000000,0.000292,0.000000,0.000000,0.044666,0.011917,0.446583,628,8076380,129810,0,2,0,2,0,0,0,0,0,0,5406,0,3510,1896,0
28613,14.173583,14.081256,14.062988,0.000000,0.000208,0.000000,0.000000,0.041667,0.056958,0.445666,632,8107267,127765,0,2,0,2,0,0,0,0,0,0,5406,0,3510,1896,0
28614,16.236042,16.148882,16.089618,0.000000,0.000541,0.000000,0.000000,0.060625,0.062250,0.762916,642,8137907,127120,0,2,0,2,0,0,0,0,0,0,7208,0,4680,2528,0
28615,16.352541,16.046435,16.046735,0.000000,0.000791,0.000000,0.000000,0.069875,0.020667,0.617625,626,8060989,129224,0,2,0,2,0,0,0,0,0,0,5406,0,3510,1896,0
28616,15.309625,15.328456,15.285190,0.000000,0.000291,0.000000,0.000000,0.070750,0.019000,0.872625,632,8122641,128776,0,2,0,2,0,0,0,0,0,0,5406,0,3510,1896,0
28617,16.692750,16.527579,16.520436,0.000000,0.000457,0.000000,0.000000,0.059250,0.049292,0.458625,641,8122526,124857,0,2,0,2,0,0,0,0,0,0,7208,0,4680,2528,0
28618,15.814000,15.544412,15.520629,0.000000,0.000292,0.000000,0.000000,0.060959,0.028208,0.824042,629,8076358,130860,0,2,0,2,0,0,0,0,0,0,5406,0,3510,1896,0
28619,14.704459,14.681292,14.628213,0.000000,0.000291,0.000000,0.000000,0.045000,0.012291,0.452459,638,8138022,130674,0,2,0,2,0,0,0,0,0,0,5728,0,3510,2218,0
28620,17.023041,16.919211,16.870228,0.000000,0.000333,0.000000,0.000000,0.067250,0.016209,0.743125,642,8107252,134993,0,2,0,2,0,0,0,0,0,0,7208,0,4680,2528,0
28621,16.263125,16.105425,16.108877,0.000000,0.000333,0.000000,0.000000,0.071500,0.023625,0.446375,628,8091576,129950,0,2,0,2,0,0,0,0,0,0,5406,0,3510,1896,0
28622,15.717125,15.595572,15.588382,0.000000,0.000293,0.000000,0.000000,0.061917,0.018042,0.775625,633,8107277,129259,0,2,0,2,0,0,0,0,0,0,5406,0,3510,1896,0
28623,15.828792,15.700301,15.687997,0.000000,0.000585,0.000000,0.000000,0.063542,0.014625,0.305500,640,8122502,128054,0,2,0,2,0,0,0,0,0,0,7208,0,4680,2528,0
28624,15.512333,15.370748,15.358286,0.000000,0.000375,0.000000,0.000000,0.064334,0.012208,0.786166,630,8091772,130970,0,2,0,2,0,0,0,0,0,0,5406,0,3510,1896,0
28625,14.976709,14.894795,14.879229,0.000000,0.000250,0.000000,0.000000,0.067208,0.023708,0.584084,656,8107269,127794,0,2,0,2,0,0,0,0,0,0,5406,0,3510,1896,0
28626,16.245333,16.052505,16.052306,0.000000,0.000333,0.000000,0.000000,0.054042,0.013083,1.095667,640,8107065,126865,0,2,0,2,0,0,0,0,0,0,7208,0,4680,2528,0
28627,15.949125,15.839569,15.844413,0.000000,0.000334,0.000000,0.000000,0.063083,0.028834,0.448750,631,8107309,126485,0,2,0,2,0,0,0,0,0,0,5406,0,3510,1896,0
28628,15.733542,15.600182,15.603869,0.000000,0.000375,0.000000,0.000000,0.063666,0.023875,0.935874,632,8107210,128295,0,2,0,2,0,0,0,0,0,0,5406,0,3510,1896,0
28629,17.721875,17.511926,17.493373,0.000000,0.000418,0.000000,0.000000,0.065916,0.015084,0.469167,639,8091663,127348,0,2,0,2,0,0,0,0,0,0,7208,0,4680,2528,0
28630,16.096333,15.967911,15.979789,0.000000,0.000416,0.000000,0.000000,0.057917,0.020541,0.778000,630,8107242,124310,0,2,0,2,0,0,0,0,0,0,5406,0,3510,1896,0
28631,15.968458,15.900836,15.906485,0.000000,0.000333,0.000000,0.000000,0.060625,0.021459,0.444958,633,8122696,129356,0,2,0,2,0,0,0,0,0,0,5406,0,3510,1896,0
28632,15.595459,15.486931,15.469629,0.000000,0.000418,0.000000,0.000000,0.055291,0.016584,0.782292,639,8107095,127773,0,2,0,2,0,0,0,0,0,0,7208,0,4680,2528,0
28633,15.153458,14.972411,14.989831,0.000000,0.000376,0.000000,0.000000,0.051500,0.012625,0.447375,631,8095669,123576,0,2,0,2,0,0,0,0,0,0,5406,0,3510,1896,0
28634,15.933292,15.848802,15.849967,0.000000,0.000251,0.000000,0.000000,0.053416,0.011500,1.047500,635,8118767,128038,0,2,0,2,0,0,0,0,0,0,7004,0,4536,2468,0
28635,15.949250,15.837798,15.806436,0.000000,0.000293,0.000000,0.000000,0.054000,0.024791,0.452208,633,8108709,128895,0,2,0,2,0,0,0,0,0,0,5610,0,3654,1956,0
28636,14.529750,14.406790,14.393157,0.000000,0.000374,0.000000,0.000000,0.050916,0.030375,0.904709,631,8105720,124084,0,2,0,2,0,0,0,0,0,0,5406,0,3510,1896,0
28637,14.865333,14.686327,14.681542,0.000000,0.000334,0.000000,0.000000,0.051625,0.018625,0.475166,638,8107287,125743,0,2,0,2,0,0,0,0,0,0,7208,0,4680,2528,0
28638,15.839875,15.686366,15.673463,0.000000,0.000250,0.000000,0.000000,0.063708,0.031292,0.448416,631,8091601,129608,0,2,0,2,0,0,0,0,0,0,5406,0,3510,1896,0
28639,16.480167,16.399532,16.407404,0.000000,0.000499,0.000000,0.000000,0.074833,0.029833,1.256250,631,8122904,125430,0,2,0,2,0,0,0,0,0,0,5406,0,3510,1896,0
28640,15.579250,15.468272,15.452714,0.000000,0.000376,0.000000,0.000000,0.072625,0.014083,0.444625,641,8122280,125672,0,2,0,2,0,0,0,0,0,0,7208,0,4680,2528,0
28641,15.758583,15.522320,15.520101,0.000000,0.000375,0.000000,0.000000,0.067208,0.026667,0.763875,627,8076448,128949,0,2,0,2,0,0,0,0,0,0,5406,0,3510,1896,0
28642,15.196833,15.202870,15.192851,0.000000,0.000666,0.000000,0.000000,0.071084,0.032250,0.444708,634,8122690,125536,0,2,0,2,0,0,0,0,0,0,5406,0,3510,1896,0
28643,15.432042,15.242177,15.234541,0.000000,0.000250,0.000000,0.000000,0.056125,0.021958,0.757708,639,8107036,126286,0,2,0,2,0,0,0,0,0,0,7208,0,4680,2528,0
28644,16.703000,16.590465,16.544425,0.000000,0.000709,0.000000,0.000000,0.081125,0.021167,0.607125,633,8107256,130437,0,2,0,2,0,0,0,0,0,0,5406,0,3510,1896,0
28645,16.790958,16.686081,16.682185,0.000000,0.000460,0.000000,0.000000,0.061709,0.022041,0.776917,633,8117605,123301,0,2,0,2,0,0,0,0,0,0,5406,0,3510,1896,0
28646,17.888334,17.754167,17.752335,0.000000,0.000334,0.000000,0.000000,0.072458,0.026958,0.922667,640,8112133,134940,0,2,0,2,0,0,0,0,0,0,7208,0,4680,2528,0
28647,16.790791,16.506241,16.523635,0.000000,0.000500,0.000000,0.000000,0.073709,0.020750,0.479000,630,8076422,133886,0,2,0,2,0,0,0,0,0,0,5406,0,3510,1896,0
28648,16.902625,16.785911,16.789946,0.000000,0.000332,0.000000,0.000000,0.067042,0.022000,0.786708,633,8107199,129695,0,2,0,2,0,0,0,0,0,0,5406,0,3510,1896,0
28649,15.910375,15.832852,15.693393,0.000000,0.000458,0.000000,0.000000,0.065584,0.027791,0.445875,645,8153415,133462,0,2,0,2,0,0,0,0,0,0,7382,0,4680,2702,0
28650,17.131875,17.024009,17.019456,0.000000,0.000459,0.000000,0.000000,0.062959,0.020583,1.082041,629,8076422,139595,0,2,0,2,0,0,0,0,0,0,5406,0,3510,1896,0
28651,15.609917,15.418046,15.400791,0.000000,0.000418,0.000000,0.000000,0.064917,0.024333,0.610834,629,8091644,128309,0,2,0,2,0,0,0,0,0,0,5406,0,3510,1896,0
28652,15.158500,15.110965,15.088665,0.000000,0.000376,0.000000,0.000000,0.048583,0.029792,0.936000,644,8118923,130624,0,2,0,2,0,0,0,0,0,0,7427,0,4680,2747,0
28653,16.854667,16.643992,16.630958,0.000000,0.000292,0.000000,0.000000,0.069583,0.011917,0.291750,632,8095305,139161,0,2,0,2,0,0,0,0,0,0,5406,0,3510,1896,0
28654,15.215708,15.177318,15.161572,0.000000,0.000333,0.000000,0.000000,0.064917,0.012083,1.297208,632,8116768,127456,0,2,0,2,0,0,0,0,0,0,5406,0,3510,1896,0
28655,15.199333,15.082349,15.096382,0.000000,0.000249,0.000000,0.000000,0.048167,0.014292,0.607459,643,8132297,129282,0,2,0,2,0,0,0,0,0,0,7208,0,4680,2528,0
28656,15.612709,15.500451,15.500656,0.000000,0.000500,0.000000,0.000000,0.054541,0.017500,1.248750,630,8087941,132247,0,2,0,2,0,0,0,0,0,0,5406,0,3510,1896,0
28657,15.144000,15.018669,15.008329,0.000000,0.000251,0.000000,0.000000,0.066750,0.049000,0.610667,632,8107275,127120,0,2,0,2,0,0,0,0,0,0,5406,0,3510,1896,0
28658,15.440833,15.282594,15.283949,0.000000,0.000333,0.000000,0.000000,0.062958,0.014334,0.651042,641,8122477,129799,0,2,0,2,0,0,0,0,0,0,7208,0,4680,2528,0
28659,15.489000,15.397052,15.408120,0.000000,0.000499,0.000000,0.000000,0.053458,0.021042,1.104667,629,8091863,133159,0,2,0,2,0,0,0,0,0,0,5406,0,3510,1896,0
28660,16.799292,16.650778,16.647217,0.000000,0.000666,0.000000,0.000000,0.079708,0.027792,0.631958,631,8107252,124874,0,2,0,2,0,0,0,0,0,0,5406,0,3510,1896,0
28661,16.931375,16.755505,16.760991,0.000000,0.000334,0.000000,0.000000,0.055458,0.022083,1.290833,641,8107131,128567,0,2,0,2,0,0,0,0,0,0,7208,0,4680,2528,0
28662,16.446166,16.364369,16.376953,0.000000,0.000542,0.000000,0.000000,0.071042,0.029958,1.262958,633,8122592,133117,0,2,0,2,0,0,0,0,0,0,5406,0,3510,1896,0
28663,16.534625,16.288401,16.273979,0.000000,0.000292,0.000000,0.000000,0.059209,0.013291,0.449791,629,8076550,126358,0,2,0,2,0,0,0,0,0,0,5406,0,3510,1896,0
28664,17.101459,17.029664,17.033412,0.000000,0.000333,0.000000,0.000000,0.052500,0.022541,0.782126,644,8137655,127259,0,2,0,2,0,0,0,0,0,0,7399,0,4680,2719,0
28665,17.473416,17.355934,17.369697,0.000000,0.000251,0.000000,0.000000,0.071125,0.022500,0.445916,630,8107375,140250,0,2,0,2,0,0,0,0,0,0,5406,0,3510,1896,0
28666,16.377750,16.230709,16.230155,0.000000,0.000416,0.000000,0.000000,0.066542,0.019958,0.774333,630,8091712,128702,0,2,0,2,0,0,0,0,0,0,5406,0,3510,1896,0
28667,15.872000,15.774230,15.777380,0.000000,0.000583,0.000000,0.000000,0.052667,0.038500,0.611958,643,8122475,130720,0,2,0,2,0,0,0,0,0,0,7208,0,4680,2528,0
28668,15.654834,15.525290,15.519824,0.000000,0.000250,0.000000,0.000000,0.062166,0.035167,0.772291,631,8107399,133085,0,2,0,2,0,0,0,0,0,0,5406,0,3510,1896,0
28669,15.700458,15.581637,15.583253,0.000000,0.000333,0.000000,0.000000,0.060958,0.070334,0.451667,632,8107169,127287,0,2,0,2,0,0,0,0,0,0,5406,0,3510,1896,0
28670,16.154667,16.007582,16.012509,0.000000,0.000334,0.000000,0.000000,0.057291,0.012375,0.911625,640,8106996,129094,0,2,0,2,0,0,0,0,0,0,7208,0,4680,2528,0
28671,16.777875,16.645017,16.643919,0.000000,0.000333,0.000000,0.000000,0.061666,0.037500,0.447167,631,8096478,132546,0,2,0,2,0,0,0,0,0,0,5406,0,3510,1896,0
28672,15.826791,15.716586,15.722075,0.000000,0.000374,0.000000,0.000000,0.067667,0.027417,0.936500,631,8102600,127029,0,2,0,2,0,0,0,0,0,0,5406,0,3510,1896,0
28673,16.562209,16.372205,16.380316,0.000000,0.000251,0.000000,0.000000,0.064500,0.020291,1.079084,641,8107078,128008,0,2,0,2,0,0,0,0,0,0,7208,0,4680,2528,0
28674,16.603083,16.512925,16.524182,0.000000,0.000417,0.000000,0.000000,0.076042,0.021750,0.313292,633,8118994,133165,0,2,0,2,0,0,0,0,0,0,5406,0,3510,1896,0
28675,15.824000,15.680449,15.681305,0.000000,0.000375,0.000000,0.000000,0.067000,0.017458,0.915041,630,8095491,126514,0,2,0,2,0,0,0,0,0,0,5406,0,3510,1896,0
28676,17.501333,17.329366,17.113616,0.000000,0.000416,0.000000,0.000000,0.074084,0.022375,0.304334,641,8107042,128421,0,2,0,2,0,0,0,0,0,0,7208,0,4680,2528,0
28677,16.524959,16.454915,16.428965,0.000000,0.000459,0.000000,0.000000,0.079916,0.023917,0.937124,632,8122872,132420,0,2,0,2,0,0,0,0,0,0,5406,0,3510,1896,0
28678,15.878541,15.690875,15.670875,0.000000,0.000374,0.000000,0.000000,0.061292,0.013000,0.609625,652,8091722,126179,0,2,0,2,0,0,0,0,0,0,5406,0,3510,1896,0
28679,15.907709,15.828674,15.821789,0.000000,0.000458,0.000000,0.000000,0.054916,0.013834,0.954167,639,8123336,130398,0,2,0,2,0,0,0,0,0,0,7208,0,4680,2528,0
28680,15.663375,15.508597,15.522418,0.000000,0.000332,0.000000,0.000000,0.057500,0.013666,0.612875,631,8090968,130360,0,2,0,2,0,0,0,0,0,0,5406,0,3510,1896,0
28681,15.395291,15.332265,15.329742,0.000000,0.000250,0.000000,0.000000,0.056292,0.036542,1.252791,630,8122661,126936,0,2,0,2,0,0,0,0,0,0,5406,0,3510,1896,0
28682,16.073375,15.948988,15.952972,0.000000,0.000335,0.000000,0.000000,0.090042,0.012750,0.609792,638,8107088,130939,0,2,0,2,0,0,0,0,0,0,7208,0,4680,2528,0
28683,16.854375,16.683267,16.677656,0.000000,0.000584,0.000000,0.000000,0.062209,0.024500,1.245707,631,8092033,130285,0,2,0,2,0,0,0,0,0,0,5406,0,3510,1896,0
28684,16.163667,16.001918,15.998624,0.000000,0.000293,0.000000,0.000000,0.054875,0.044708,0.609958,632,8107034,126638,0,2,0,2,0,0,0,0,0,0,5406,0,3510,1896,0
28685,16.652083,16.570278,16.532533,0.000000,0.000333,0.000000,0.000000,0.098250,0.027125,1.281750,640,8122529,130851,0,2,0,2,0,0,0,0,0,0,7208,0,4680,2528,0
28686,16.641459,16.500085,16.510706,0.000000,0.000458,0.000000,0.000000,0.064041,0.015792,0.609917,633,8107506,129803,0,2,0,2,0,0,0,0,0,0,5406,0,3510,1896,0
28687,15.269458,15.159837,15.175302,0.000000,0.000416,0.000000,0.000000,0.062208,0.020542,0.762917,638,8122351,126583,0,2,0,2,0,0,0,0,0,0,7184,0,4656,2528,0
28688,15.412500,15.247700,15.263495,0.000000,0.000376,0.000000,0.000000,0.057042,0.012541,0.645500,632,8076431,131379,0,2,0,2,0,0,0,0,0,0,5430,0,3534,1896,0
28689,15.654792,15.545662,15.534516,0.000000,0.000334,0.000000,0.000000,0.059416,0.012084,1.131792,634,8132144,130682,0,2,0,2,0,0,0,0,0,0,5406,0,3510,1896,0
28690,14.996541,14.868672,14.864095,0.000000,0.000375,0.000000,0.000000,0.049334,0.018458,0.306459,637,8082053,124560,0,2,0,2,0,0,0,0,0,0,7208,0,4680,2528,0
28691,15.547875,15.385779,15.385440,0.000000,0.000250,0.000000,0.000000,0.054709,0.015333,1.125708,633,8107212,132087,0,2,0,2,0,0,0,0,0,0,5406,0,3510,1896,0
28692,15.325959,15.279455,15.289743,0.000000,0.000291,0.000000,0.000000,0.055916,0.019792,0.649458,633,8122742,130755,0,2,0,2,0,0,0,0,0,0,5406,0,3510,1896,0
28693,15.487416,15.345006,15.343790,0.000000,0.000208,0.000000,0.000000,0.051792,0.019000,0.608375,640,8095896,124027,0,2,0,2,0,0,0,0,0,0,7208,0,4680,2528,0
28694,15.628292,15.503794,15.498172,0.000000,0.000459,0.000000,0.000000,0.052000,0.024042,0.890250,633,8102797,134551,0,2,0,2,0,0,0,0,0,0,5728,0,3510,2218,0
28695,16.536583,16.407499,16.406531,0.000000,0.000541,0.000000,0.000000,0.057417,0.024250,0.668750,634,8107313,137121,0,2,0,2,0,0,0,0,0,0,5406,0,3510,1896,0
28696,16.580542,16.462450,16.457833,0.000000,0.000458,0.000000,0.000000,0.078125,0.022750,0.696708,639,8122428,126869,0,2,0,2,0,0,0,0,0,0,7208,0,4680,2528,0
28697,19.942542,19.806587,19.195518,0.000000,0.000499,0.000000,0.000000,0.075666,0.030875,0.623999,631,8107500,133161,0,2,0,2,0,0,0,0,0,0,5406,0,3510,1896,0
28698,16.424416,16.257092,16.265157,0.000000,0.000293,0.000000,0.000000,0.057084,0.012875,0.645833,631,8091578,131075,0,2,0,2,0,0,0,0,0,0,5406,0,3510,1896,0
28699,15.393417,15.282037,15.253859,0.000000,0.000332,0.000000,0.000000,0.057417,0.013333,0.971333,640,8122488,126765,0,2,0,2,0,0,0,0,0,0,7208,0,4680,2528,0
28700,15.501708,15.369926,15.345454,0.000000,0.000374,0.000000,0.000000,0.057375,0.042334,0.301792,631,8107280,132729,0,2,0,2,0,0,0,0,0,0,5406,0,3510,1896,0
28701,15.231334,15.097621,15.093829,0.000000,0.000333,0.000000,0.000000,0.062541,0.013792,1.241999,633,8107267,131149,0,2,0,2,0,0,0,0,0,0,5406,0,3510,1896,0
28702,15.635166,15.546997,15.415850,0.000000,0.840208,0.832236,0.007680,0.067334,0.023916,0.660458,639,8107073,125918,0,2,0,2,0,0,0,0,0,0,7208,0,4680,2528,0
28703,16.634334,16.514860,16.247860,0.000000,1.124626,1.124154,0.000138,0.058666,0.012959,0.735125,633,8107303,133363,0,2,0,2,0,0,0,0,0,0,5406,0,3510,1896,0
28704,16.665375,16.569951,15.923074,0.000000,1.397000,1.396487,0.000180,0.067208,0.020000,0.647791,632,8107184,130929,0,2,0,2,0,0,0,0,0,0,5406,0,3510,1896,0
28705,16.762958,16.617732,15.695880,0.000000,1.583583,1.582986,0.000180,0.072042,0.015208,0.796999,640,8107025,125351,0,2,0,2,0,0,0,0,0,0,7208,0,4680,2528,0
28706,16.751875,16.672058,16.539411,0.000000,0.481417,0.480862,0.000180,0.076333,0.020542,0.910251,633,8122842,133496,0,2,0,2,0,0,0,0,0,0,5406,0,3510,1896,0
28707,16.697375,16.537581,16.337672,0.000000,1.089916,1.089195,0.000263,0.067792,0.014583,0.642083,632,8091705,131204,0,2,0,2,0,0,0,0,0,0,5406,0,3510,1896,0
28708,16.675417,16.529827,15.591487,0.000000,1.574833,1.574195,0.000180,0.054958,0.020000,0.932000,639,8091582,124893,0,2,0,2,0,0,0,0,0,0,7208,0,4680,2528,0
28709,16.590083,16.503429,16.471326,0.000000,0.457583,0.455487,0.001721,0.057875,0.015458,0.650333,633,8128029,133207,0,2,0,2,0,0,0,0,0,0,5406,0,3510,1896,0
28710,16.885500,16.734202,16.586965,0.000000,0.736376,0.736028,0.000097,0.078333,0.037209,1.049584,632,8101913,130886,0,2,0,2,0,0,0,0,0,0,5406,0,3510,1896,0
28711,16.516750,16.404461,16.247991,0.000000,0.057500,0.049486,0.007639,0.068958,0.044250,0.299792,637,8107042,125923,0,2,0,2,0,0,0,0,0,0,7208,0,4680,2528,0
28712,17.556333,17.407864,17.365246,0.000000,0.000418,0.000000,0.000000,0.071209,0.021166,1.184334,643,8107185,133167,0,2,0,2,0,0,0,0,0,0,6431,0,3510,2921,0
28713,16.034209,15.896358,15.906455,0.000000,0.000251,0.000000,0.000000,0.067166,0.016500,0.607625,643,8113575,131295,0,2,0,2,0,0,0,0,0,0,6422,0,3510,2912,0
28714,16.843875,16.684701,16.690749,0.000000,0.000292,0.000000,0.000000,0.058125,0.014166,1.013042,638,8085037,125093,0,2,0,2,0,0,0,0,0,0,7208,0,4680,2528,0
28715,16.820416,16.754721,16.674270,0.000000,0.000501,0.000000,0.000000,0.083209,0.021500,1.245208,634,8122720,133322,0,2,0,2,0,0,0,0,0,0,5406,0,3510,1896,0
28716,16.652834,16.492907,16.483037,0.000000,0.000457,0.000000,0.000000,0.074666,0.021250,0.691625,632,8107256,130598,0,2,0,2,0,0,0,0,0,0,5406,0,3510,1896,0
28717,16.187833,16.074221,16.008857,0.000000,0.090791,0.085153,0.005222,0.072875,0.014167,0.584333,640,8107014,125219,0,2,0,2,0,0,0,0,0,0,7208,0,4680,2528,0
28718,16.980167,16.807739,16.816527,0.000000,0.000375,0.000000,0.000000,0.061416,0.017042,0.610125,630,8107251,132804,0,2,0,2,0,0,0,0,0,0,5406,0,3510,1896,0
28719,16.444791,16.363413,16.205089,0.000000,0.366583,0.352987,0.013263,0.077709,0.041708,0.981834,632,8107313,131399,0,2,0,2,0,0,0,0,0,0,5406,0,3510,1896,0
28720,16.587000,16.471256,16.207999,0.000000,1.052627,1.047445,0.004889,0.065250,0.043334,0.636583,641,8107005,124872,0,2,0,2,0,0,0,0,0,0,7208,0,4680,2528,0
28721,16.726625,16.544976,16.482946,0.000000,0.506000,0.505654,0.000055,0.065959,0.014458,1.252083,633,8107246,132164,0,2,0,2,0,0,0,0,0,0,5406,0,3510,1896,0
28722,16.657167,16.487445,16.017560,0.000000,1.252417,1.250237,0.001847,0.061667,0.020750,0.614709,632,8107507,131415,0,2,0,2,0,0,0,0,0,0,5406,0,3510,1896,0
28723,16.938208,16.842795,16.720297,0.000000,0.789124,0.770361,0.018389,0.059292,0.014375,0.927001,638,8091364,125208,0,2,0,2,0,0,0,0,0,0,7208,0,4680,2528,0
28724,16.698875,16.597922,16.610586,0.000000,0.000542,0.000000,0.000000,0.058542,0.017125,0.936917,633,8122694,133209,0,2,0,2,0,0,0,0,0,0,5406,0,3510,1896,0
28725,17.202084,17.049375,17.066752,0.000000,0.000333,0.000000,0.000000,0.059666,0.021750,0.645625,632,8107257,130850,0,2,0,2,0,0,0,0,0,0,5406,0,3510,1896,0
28726,16.553333,16.387156,16.394962,0.000000,0.000334,0.000000,0.000000,0.054750,0.017292,0.949541,638,8091809,125286,0,2,0,2,0,0,0,0,0,0,7208,0,4680,2528,0
28727,16.492208,16.374913,16.385043,0.000000,0.000250,0.000000,0.000000,0.060917,0.014000,0.663667,632,8117365,133220,0,2,0,2,0,0,0,0,0,0,5406,0,3510,1896,0
28728,16.389542,16.270176,16.182236,0.000000,0.518500,0.508903,0.009263,0.059083,0.017417,0.947126,631,8112384,131209,0,2,0,2,0,0,0,0,0,0,5406,0,3510,1896,0
28729,16.562250,16.432287,15.557630,0.000000,1.656167,1.655820,0.000097,0.064875,0.030833,0.609250,639,8107051,125655,0,2,0,2,0,0,0,0,0,0,7208,0,4680,2528,0
28730,16.885708,16.766883,16.682514,0.000000,0.490708,0.477862,0.012180,0.064334,0.016708,0.605250,632,8107253,132917,0,2,0,2,0,0,0,0,0,0,5406,0,3510,1896,0
28731,16.606042,16.503206,16.398433,0.000000,0.722583,0.722070,0.000138,0.076542,0.014125,0.985709,654,8107261,131376,0,2,0,2,0,0,0,0,0,0,5406,0,3510,1896,0
28732,16.486250,16.379289,16.185046,0.000000,0.889416,0.888861,0.000222,0.068083,0.059375,0.292625,638,8107087,125940,0,2,0,2,0,0,0,0,0,0,7208,0,4680,2528,0
28733,17.160500,16.971130,16.757836,0.000000,1.074918,1.074529,0.000180,0.062083,0.015167,0.923501,632,8107486,131525,0,2,0,2,0,0,0,0,0,0,5406,0,3510,1896,0
28734,16.502167,16.359624,16.347833,0.000000,0.000500,0.000000,0.000000,0.059375,0.027208,0.643917,633,8107035,130843,0,2,0,2,0,0,0,0,0,0,5406,0,3510,1896,0
28735,16.504958,16.412246,16.329581,0.000000,0.337250,0.336820,0.000097,0.077792,0.031708,1.244042,636,8107084,127525,0,2,0,2,0,0,0,0,0,0,7208,0,4680,2528,0
28736,16.622125,16.439139,16.331384,0.000000,0.672417,0.672029,0.000138,0.069875,0.013750,0.607500,633,8107342,130244,0,2,0,2,0,0,0,0,0,0,5406,0,3510,1896,0
28737,18.500500,18.390990,18.242989,0.000000,0.000417,0.000000,0.000000,0.071292,0.015291,0.593707,633,8110761,130709,0,2,0,2,0,0,0,0,0,0,5866,0,3510,2356,0
28738,16.554625,16.611458,16.587910,0.000000,0.000333,0.000000,0.000000,0.238917,0.038916,0.907000,640,8134375,128797,0,2,0,2,0,0,0,0,0,0,6748,0,4680,2068,0
28739,16.046625,15.674585,15.655406,0.000000,0.000251,0.000000,0.000000,0.075500,0.017000,0.610583,629,8060936,129234,0,2,0,2,0,0,0,0,0,0,5406,0,3510,1896,0
28740,17.116125,17.055588,16.998328,0.000000,0.000375,0.000000,0.000000,0.080625,0.025375,1.294667,639,8122684,129849,0,2,0,2,0,0,0,0,0,0,7184,0,4656,2528,0
28741,16.778167,16.631834,16.618407,0.000000,0.000334,0.000000,0.000000,0.082833,0.014708,0.585125,630,8107097,127804,0,2,0,2,0,0,0,0,0,0,5430,0,3534,1896,0
28742,16.274583,16.119883,16.130330,0.000000,0.000335,0.000000,0.000000,0.063000,0.017208,0.966833,630,8091835,130733,0,2,0,2,0,0,0,0,0,0,5406,0,3510,1896,0
28743,17.062208,16.894419,16.871939,0.000000,0.000334,0.000000,0.000000,0.057875,0.014250,0.610917,639,8107093,129996,0,2,0,2,0,0,0,0,0,0,7208,0,4680,2528,0
28744,15.984959,15.857131,15.835472,0.000000,0.000250,0.000000,0.000000,0.053958,0.018792,1.279167,631,8107289,127388,0,2,0,2,0,0,0,0,0,0,5406,0,3510,1896,0
28745,16.264916,16.146202,16.115949,0.000000,0.000250,0.000000,0.000000,0.057625,0.023750,1.260709,632,8122641,134030,0,2,0,2,0,0,0,0,0,0,5406,0,3510,1896,0
28746,16.401917,16.276886,16.135180,0.000000,0.316083,0.315487,0.000180,0.052667,0.014041,0.649084,640,8094365,129606,0,2,0,2,0,0,0,0,0,0,7208,0,4680,2528,0
28747,16.489375,16.329255,16.204123,0.000000,0.943458,0.942653,0.000389,0.046917,0.011125,0.965332,630,8104491,129407,0,2,0,2,0,0,0,0,0,0,5406,0,3510,1896,0
28748,16.696958,16.588169,16.469638,0.000000,0.785959,0.785570,0.000055,0.054167,0.013000,0.309708,633,8107360,131365,0,2,0,2,0,0,0,0,0,0,5406,0,3510,1896,0
28749,16.734084,16.671450,16.525070,0.000000,0.897083,0.896778,0.000055,0.054583,0.033667,0.805918,640,8122458,129977,0,2,0,2,0,0,0,0,0,0,7208,0,4680,2528,0
28750,16.719333,16.528530,16.516429,0.000000,0.057500,0.039486,0.017722,0.066250,0.015083,0.612750,630,8107320,129630,0,2,0,2,0,0,0,0,0,0,5406,0,3510,1896,0
28751,16.767875,16.650513,16.644052,0.000000,0.041791,0.041445,0.000180,0.061167,0.013958,1.264375,632,8107159,131459,0,2,0,2,0,0,0,0,0,0,5406,0,3510,1896,0
28752,16.750042,16.614721,16.556175,0.000000,0.388167,0.387653,0.000222,0.062208,0.016000,0.618083,639,8091614,129435,0,2,0,2,0,0,0,0,0,0,7208,0,4680,2528,0
28753,16.802000,16.717242,16.687540,0.000000,0.218541,0.211778,0.006430,0.061333,0.020875,0.960542,632,8122846,129989,0,2,0,2,0,0,0,0,0,0,5406,0,3510,1896,0
28754,16.757000,16.586879,16.588163,0.000000,0.000500,0.000000,0.000000,0.057541,0.012625,1.247416,632,8107102,131398,0,2,0,2,0,0,0,0,0,0,5406,0,3510,1896,0
28755,16.279083,16.142620,16.056457,0.000000,0.578041,0.572862,0.004888,0.052958,0.011417,0.507500,641,8091606,129035,0,2,0,2,0,0,0,0,0,0,7208,0,4680,2528,0
28756,16.961833,16.828994,16.808886,0.000000,0.216333,0.215861,0.000139,0.055709,0.012375,0.600583,633,8122778,129605,0,2,0,2,0,0,0,0,0,0,5406,0,3510,1896,0
28757,16.892375,16.779561,16.779544,0.000000,0.003208,0.000000,0.000000,0.065084,0.015666,0.316791,632,8107182,131673,0,2,0,2,0,0,0,0,0,0,5406,0,3510,1896,0
28758,17.215959,17.086046,17.100842,0.000000,0.000291,0.000000,0.000000,0.055583,0.013917,0.762251,641,8107061,129606,0,2,0,2,0,0,0,0,0,0,7208,0,4680,2528,0
28759,15.839375,15.651727,15.611532,0.000000,0.443500,0.439070,0.004097,0.057250,0.022541,0.608666,632,8091859,129315,0,2,0,2,0,0,0,0,0,0,5406,0,3510,1896,0
28760,16.516625,16.462510,16.423986,0.000000,0.495375,0.494945,0.000096,0.066416,0.032834,0.918167,633,8122608,131562,0,2,0,2,0,0,0,0,0,0,5406,0,3510,1896,0
28761,16.727750,16.596455,16.520712,0.000000,0.874834,0.874362,0.000222,0.052916,0.013250,1.021000,639,8107647,129163,0,2,0,2,0,0,0,0,0,0,7208,0,4680,2528,0
28762,16.651500,16.474589,16.418539,0.000000,0.233208,0.232736,0.000139,0.053666,0.012084,0.468667,630,8106682,129634,0,2,0,2,0,0,0,0,0,0,5406,0,3510,1896,0
28763,16.589583,16.522668,16.515083,0.000000,0.067250,0.065612,0.001305,0.064000,0.021167,1.238124,632,8107235,131613,0,2,0,2,0,0,0,0,0,0,5406,0,3510,1896,0
28764,16.893208,16.705239,16.671796,0.000000,0.287084,0.283737,0.002930,0.065375,0.016209,0.652584,639,8091602,128996,0,2,0,2,0,0,0,0,0,0,7208,0,4680,2528,0
28765,16.897500,16.789410,16.778670,0.000000,0.000458,0.000000,0.000000,0.060834,0.020000,0.834333,632,8122761,129598,0,2,0,2,0,0,0,0,0,0,5406,0,3510,1896,0
28766,16.692417,16.608032,16.480345,0.000000,0.000499,0.000000,0.000000,0.064833,0.022167,0.300084,631,8112264,131453,0,2,0,2,0,0,0,0,0,0,5406,0,3510,1896,0
28767,16.661917,16.533250,16.532072,0.000000,0.000333,0.000000,0.000000,0.072708,0.015375,0.758333,639,8101995,130119,0,2,0,2,0,0,0,0,0,0,7208,0,4680,2528,0
28768,16.491333,16.351992,16.236000,0.000000,0.600833,0.583028,0.017389,0.063583,0.021417,0.633500,632,8107237,129474,0,2,0,2,0,0,0,0,0,0,5406,0,3510,1896,0
28769,16.815250,16.644215,16.621584,0.000000,0.321291,0.320820,0.000180,0.059833,0.013167,0.756582,631,8112845,131257,0,2,0,2,0,0,0,0,0,0,5406,0,3510,1896,0
28770,17.089833,16.985826,16.956367,0.000000,0.000333,0.000000,0.000000,0.065625,0.024709,0.911708,640,8101487,129572,0,2,0,2,0,0,0,0,0,0,7208,0,4680,2528,0
28771,16.704750,16.545326,16.489790,0.000000,0.000333,0.000000,0.000000,0.072834,0.016958,0.664250,631,8107309,129815,0,2,0,2,0,0,0,0,0,0,5406,0,3510,1896,0
28772,16.217625,16.031805,15.984788,0.000000,0.165459,0.153529,0.011638,0.058125,0.024625,1.120584,632,8091779,130762,0,2,0,2,0,0,0,0,0,0,5406,0,3510,1896,0
28773,16.683417,16.640266,16.621179,0.000000,0.005625,0.005320,0.000055,0.065667,0.013625,0.361042,641,8122481,129628,0,2,0,2,0,0,0,0,0,0,7208,0,4680,2528,0
28774,16.805417,16.619056,16.623981,0.000000,0.164917,0.164320,0.000222,0.063750,0.025916,0.965542,634,8107235,129508,0,2,0,2,0,0,0,0,0,0,5406,0,3510,1896,0
28775,16.623833,16.494509,16.451452,0.000000,0.000375,0.000000,0.000000,0.060417,0.014541,0.629500,632,8095909,131329,0,2,0,2,0,0,0,0,0,0,5406,0,3510,1896,0
28776,16.567708,16.423321,16.384697,0.000000,0.026416,0.025903,0.000055,0.073375,0.018334,0.780084,637,8102961,128969,0,2,0,2,0,0,0,0,0,0,7208,0,4680,2528,0
28777,16.477417,16.356604,16.349345,0.000000,0.072709,0.072361,0.000097,0.068083,0.015250,0.926500,633,8122716,129628,0,2,0,2,0,0,0,0,0,0,5406,0,3510,1896,0
28778,16.856125,16.726459,16.725079,0.000000,0.212418,0.196570,0.015430,0.059125,0.015292,0.641000,633,8107398,131467,0,2,0,2,0,0,0,0,0,0,5406,0,3510,1896,0
28779,16.430042,16.273385,16.048460,0.000000,1.066918,1.066612,0.000097,0.062166,0.013459,0.613666,639,8091669,129280,0,2,0,2,0,0,0,0,0,0,7208,0,4680,2528,0
28780,16.747041,16.671543,16.288621,0.000000,1.234125,1.233736,0.000139,0.067209,0.043750,0.478625,633,8122468,129575,0,2,0,2,0,0,0,0,0,0,5406,0,3510,1896,0
28781,16.709834,16.565613,16.037626,0.000000,1.306833,1.306529,0.000096,0.069375,0.022291,1.052959,632,8107300,130852,0,2,0,2,0,0,0,0,0,0,5406,0,3510,1896,0
28782,17.015416,16.865908,16.861568,0.000000,0.000334,0.000000,0.000000,0.053709,0.013166,0.607916,640,8091637,129628,0,2,0,2,0,0,0,0,0,0,7208,0,4680,2528,0
28783,16.305542,16.169098,16.039706,0.000000,0.875250,0.836153,0.038972,0.060958,0.012792,0.755917,631,8107172,129548,0,2,0,2,0,0,0,0,0,0,5406,0,3510,1896,0
28784,16.926958,16.872722,16.735580,0.000000,0.920333,0.907612,0.012305,0.070125,0.013959,0.640417,654,8122736,131757,0,2,0,2,0,0,0,0,0,0,5406,0,3510,1896,0
28785,16.523792,16.392173,16.259789,0.000000,0.740208,0.739737,0.000180,0.058583,0.015000,1.108542,637,8107164,130085,0,2,0,2,0,0,0,0,0,0,7208,0,4680,2528,0
28786,16.809125,16.649033,16.535047,0.000000,0.603625,0.589695,0.013472,0.070500,0.024583,0.911334,628,8107379,128668,0,2,0,2,0,0,0,0,0,0,5406,0,3510,1896,0
28787,16.962917,16.855179,16.858571,0.000000,0.000333,0.000000,0.000000,0.069416,0.017375,0.461542,634,8107061,131643,0,2,0,2,0,0,0,0,0,0,5406,0,3510,1896,0
28788,16.618333,16.416172,16.402849,0.000000,0.000209,0.000000,0.000000,0.057917,0.044375,0.795958,636,8091603,130670,0,2,0,2,0,0,0,0,0,0,7208,0,4680,2528,0
28789,16.635625,16.545819,16.496155,0.000000,0.315374,0.305903,0.009097,0.059750,0.023042,0.328667,634,8122706,127890,0,2,0,2,0,0,0,0,0,0,5406,0,3510,1896,0
28790,17.033000,16.901158,16.911615,0.000000,0.000375,0.000000,0.000000,0.066917,0.013083,0.956833,633,8109254,131553,0,2,0,2,0,0,0,0,0,0,5918,0,3510,2408,0
28791,16.982542,16.877665,16.820359,0.000000,0.000293,0.000000,0.000000,0.065250,0.016583,1.247501,639,8094368,131271,0,2,0,2,0,0,0,0,0,0,6696,0,4680,2016,0
28792,15.658375,15.512077,15.545731,0.000000,0.584750,0.584486,0.000097,0.097166,0.022584,0.468042,632,8117939,128000,0,2,0,2,0,0,0,0,0,0,5406,0,3510,1896,0
28793,16.679333,16.581267,16.186520,0.000000,1.240000,1.236112,0.003680,0.056042,0.051291,1.233541,641,8122607,129622,0,2,0,2,0,0,0,0,0,0,7208,0,4680,2528,0
28794,16.781458,16.617366,16.378455,0.000000,1.103666,1.096112,0.007263,0.062500,0.019875,0.308875,631,8091935,133025,0,2,0,2,0,0,0,0,0,0,5406,0,3510,1896,0
28795,16.663250,16.582087,15.742200,0.000000,1.538417,1.538028,0.000139,0.060625,0.044459,0.914292,630,8113408,128232,0,2,0,2,0,0,0,0,0,0,5406,0,3510,1896,0
28796,16.626584,16.462778,16.009991,0.000000,1.303917,1.297737,0.005888,0.054041,0.011792,0.631625,639,8085219,128809,0,2,0,2,0,0,0,0,0,0,7208,0,4680,2528,0
28797,16.772083,16.658974,16.497244,0.000000,0.213625,0.212903,0.000097,0.066625,0.023917,0.635666,634,8122752,133364,0,2,0,2,0,0,0,0,0,0,5406,0,3510,1896,0
28798,16.690833,16.560998,16.483794,0.000000,0.000335,0.000000,0.000000,0.067792,0.015208,0.437041,632,8107293,128172,0,2,0,2,0,0,0,0,0,0,5406,0,3510,1896,0
28799,16.825542,16.685561,16.603984,0.000000,0.495250,0.494862,0.000138,0.064125,0.016375,0.773876,640,8092596,129529,0,2,0,2,0,0,0,0,0,0,7208,0,4680,2528,0
28800,16.506208,16.421756,16.327740,0.000000,0.366708,0.366028,0.000430,0.073334,0.022750,0.902416,634,8121642,133748,0,2,0,2,0,0,0,0,0,0,5406,0,3510,1896,0
28801,16.788542,16.633035,16.537868,0.000000,0.661334,0.652861,0.008014,0.069083,0.032250,0.448500,630,8107257,127378,0,2,0,2,0,0,0,0,0,0,5406,0,3510,1896,0
28802,16.632083,16.521971,16.520410,0.000000,0.159917,0.159612,0.000096,0.067500,0.036417,0.986375,641,8107025,129960,0,2,0,2,0,0,0,0,0,0,7208,0,4680,2528,0
28803,17.158084,16.956745,16.944948,0.000000,0.000500,0.000000,0.000000,0.064083,0.026917,0.291250,630,8091961,133037,0,2,0,2,0,0,0,0,0,0,5406,0,3510,1896,0
28804,16.354458,16.313486,16.307512,0.000000,0.430875,0.430278,0.000097,0.073625,0.017250,0.581292,630,8122557,127959,0,2,0,2,0,0,0,0,0,0,5406,0,3510,1896,0
28805,17.192083,17.036580,17.027622,0.000000,0.000417,0.000000,0.000000,0.087209,0.018375,0.289625,638,8107084,129375,0,2,0,2,0,0,0,0,0,0,7208,0,4680,2528,0
28806,16.906042,16.803032,16.808215,0.000000,0.000416,0.000000,0.000000,0.067417,0.032958,0.901667,632,8122660,134160,0,2,0,2,0,0,0,0,0,0,5406,0,3510,1896,0
28807,16.008750,15.860047,15.875338,0.000000,0.000583,0.000000,0.000000,0.057583,0.041042,0.607208,629,8076392,127916,0,2,0,2,0,0,0,0,0,0,5406,0,3510,1896,0
28808,16.148583,15.975133,15.992656,0.000000,0.523417,0.523195,0.000055,0.044667,0.011750,1.231958,640,8122472,124832,0,2,0,2,0,0,0,0,0,0,7208,0,4680,2528,0
28809,16.933709,16.842659,16.193543,0.000000,1.540250,1.539862,0.000138,0.056333,0.029708,1.218542,631,8091818,128005,0,2,0,2,0,0,0,0,0,0,5406,0,3510,1896,0
28810,16.594833,16.464039,16.133165,0.000000,1.270041,1.269695,0.000180,0.046333,0.028917,0.626792,630,8107265,127181,0,2,0,2,0,0,0,0,0,0,5406,0,3510,1896,0
28811,16.483500,16.371592,14.887632,0.000000,2.210709,2.210445,0.000096,0.046583,0.051459,1.215875,643,8137930,125953,0,2,0,2,0,0,0,0,0,0,7208,0,4680,2528,0
28812,16.798250,16.572236,14.956461,0.000000,2.320833,2.320570,0.000055,0.049083,0.019209,0.626709,628,8060916,127626,0,2,0,2,0,0,0,0,0,0,5406,0,3510,1896,0
28813,16.625875,16.594830,15.627832,0.000000,1.782250,1.781945,0.000139,0.045458,0.035667,1.221418,633,8122729,126896,0,2,0,2,0,0,0,0,0,0,5406,0,3510,1896,0
28814,16.646625,16.514080,16.055921,0.000000,1.391625,1.391320,0.000138,0.050083,0.012709,0.612458,640,8122692,126001,0,2,0,2,0,0,0,0,0,0,7208,0,4680,2528,0
28815,16.745750,16.533327,14.716571,0.000000,2.465292,2.464820,0.000263,0.055542,0.014000,0.899082,630,8076142,127907,0,2,0,2,0,0,0,0,0,0,5406,0,3510,1896,0
28816,16.675708,16.632406,16.353214,0.000000,1.233791,1.233403,0.000180,0.050875,0.052250,1.232708,630,8122716,127607,0,2,0,2,0,0,0,0,0,0,5406,0,3510,1896,0
28817,16.606750,16.513127,16.532036,0.000000,0.899666,0.899404,0.000096,0.055209,0.043416,0.656625,641,8122489,124750,0,2,0,2,0,0,0,0,0,0,7208,0,4680,2528,0
28818,16.679125,16.549255,16.417166,0.000000,1.137708,1.137528,0.000055,0.043750,0.047125,0.734791,631,8091798,128591,0,2,0,2,0,0,0,0,0,0,5406,0,3510,1896,0
28819,16.907209,16.737007,16.738035,0.000000,0.565916,0.565695,0.000055,0.055666,0.044209,0.447209,647,8107057,127525,0,2,0,2,0,0,0,0,0,0,7447,0,3510,3937,0
28820,16.553541,16.407900,15.094613,0.000000,2.081168,2.080862,0.000138,0.050459,0.020875,0.759709,644,8122353,125389,0,2,0,2,0,0,0,0,0,0,7208,0,4680,2528,0
28821,16.896250,16.794035,15.572167,0.000000,1.985792,1.985320,0.000097,0.054500,0.016750,0.447667,631,8091820,127928,0,2,0,2,0,0,0,0,0,0,5406,0,3510,1896,0
28822,16.409959,16.269710,14.853716,0.000000,2.153209,2.152903,0.000180,0.045041,0.012250,1.069209,633,8107264,126946,0,2,0,2,0,0,0,0,0,0,5406,0,3510,1896,0
28823,16.670333,16.578909,14.751270,0.000000,2.471208,2.470904,0.000096,0.042583,0.011167,0.616750,642,8122477,126007,0,2,0,2,0,0,0,0,0,0,7208,0,4680,2528,0
28824,16.706458,16.616890,14.745460,0.000000,2.522750,2.522403,0.000097,0.046250,0.027292,0.835750,630,8091814,127879,0,2,0,2,0,0,0,0,0,0,5406,0,3510,1896,0
28825,16.745125,16.610213,14.652144,0.000000,2.587668,2.587403,0.000097,0.060542,0.020583,0.892166,633,8107304,125697,0,2,0,2,0,0,0,0,0,0,5406,0,3510,1896,0
28826,16.757917,16.631662,15.490970,0.000000,1.906333,1.905862,0.000013,0.061917,0.019791,0.366875,639,8107015,125199,0,2,0,2,0,0,0,0,0,0,7208,0,4680,2528,0
28827,16.611875,16.548528,15.073285,0.000000,2.193626,2.193237,0.000055,0.063958,0.040709,1.273166,632,8107287,129015,0,2,0,2,0,0,0,0,0,0,5406,0,3510,1896,0
28828,16.656667,16.410751,14.744541,0.000000,2.350667,2.350320,0.000055,0.048625,0.014083,0.290500,630,8091798,125394,0,2,0,2,0,0,0,0,0,0,5406,0,3510,1896,0
28829,16.663833,16.678104,14.755763,0.000000,2.542625,2.542362,0.000055,0.044000,0.050417,0.759584,640,8137922,125876,0,2,0,2,0,0,0,0,0,0,7208,0,4680,2528,0
28830,16.644083,16.498534,14.812780,0.000000,2.378543,2.378237,0.000097,0.043000,0.027209,0.446208,631,8091797,128338,0,2,0,2,0,0,0,0,0,0,5406,0,3510,1896,0
28831,16.774250,16.673899,14.908690,0.000000,2.401001,2.400653,0.000139,0.049000,0.049375,0.916333,629,8107262,127401,0,2,0,2,0,0,0,0,0,0,5406,0,3510,1896,0
28832,16.714125,16.556498,14.862555,0.000000,2.359042,2.358654,0.000138,0.048959,0.045250,1.017958,643,8122485,124926,0,2,0,2,0,0,0,0,0,0,7208,0,4680,2528,0
28833,16.582834,16.458553,15.826991,0.000000,1.519875,1.519528,0.000138,0.064458,0.014292,0.608250,630,8091822,128091,0,2,0,2,0,0,0,0,0,0,5406,0,3510,1896,0
28834,16.765625,16.563930,14.757927,0.000000,2.470166,2.469945,0.000139,0.049541,0.015209,1.053042,631,8091867,126575,0,2,0,2,0,0,0,0,0,0,5406,0,3510,1896,0
28835,16.683708,16.648071,14.686617,0.000000,2.573710,2.573404,0.000055,0.050000,0.014167,0.290666,643,8137894,126323,0,2,0,2,0,0,0,0,0,0,7208,0,4680,2528,0
28836,16.615667,16.419439,14.674389,0.000000,2.404542,2.404195,0.000055,0.048125,0.012833,0.911874,630,8076350,127226,0,2,0,2,0,0,0,0,0,0,5406,0,3510,1896,0
28837,16.690791,16.591468,14.545613,0.000000,2.631167,2.630861,0.000097,0.057917,0.014167,0.302167,651,8108874,126540,0,2,0,2,0,0,0,0,0,0,5406,0,3510,1896,0
28838,16.897250,16.844872,15.418212,0.000000,2.123833,2.123445,0.000180,0.062000,0.028667,0.591000,640,8132247,126815,0,2,0,2,0,0,0,0,0,0,7208,0,4680,2528,0
28839,16.710834,16.489794,16.337377,0.000000,0.902709,0.889195,0.013055,0.071333,0.017417,0.912875,630,8080502,127281,0,2,0,2,0,0,0,0,0,0,5406,0,3510,1896,0
28840,16.643416,16.622326,15.428386,0.000000,1.977416,1.977028,0.000097,0.065667,0.048833,0.458291,634,8122703,126455,0,2,0,2,0,0,0,0,0,0,5406,0,3510,1896,0
28841,16.656584,16.413846,15.241721,0.000000,1.863333,1.862820,0.000138,0.053541,0.015459,0.914041,638,8091615,125313,0,2,0,2,0,0,0,0,0,0,7208,0,4680,2528,0
28842,16.701125,16.702847,15.663780,0.000000,1.763625,1.763153,0.000138,0.054708,0.014000,0.449208,632,8122698,127327,0,2,0,2,0,0,0,0,0,0,5406,0,3510,1896,0
28843,17.052375,16.902741,16.822803,0.000000,0.694749,0.693486,0.000972,0.083166,0.050875,0.943084,632,8107266,126842,0,2,0,2,0,0,0,0,0,0,5406,0,3510,1896,0
28844,16.360041,16.241706,16.226692,0.000000,0.000416,0.000000,0.000000,0.059084,0.018333,0.295959,640,8107084,126617,0,2,0,2,0,0,0,0,0,0,7208,0,4680,2528,0
28845,16.687042,16.443309,15.079429,0.000000,2.043791,2.035487,0.008013,0.058083,0.014792,1.147458,632,8091993,125418,0,2,0,2,0,0,0,0,0,0,5406,0,3510,1896,0
28846,16.087958,16.076199,16.024588,0.000000,0.453208,0.452903,0.000097,0.063500,0.015292,0.609375,644,8153169,128267,0,2,0,2,0,0,0,0,0,0,7455,0,4680,2775,0
28847,17.408334,17.295264,17.170805,0.000000,0.845417,0.844987,0.000221,0.073958,0.013917,0.754958,631,8076319,133130,0,2,0,2,0,0,0,0,0,0,5406,0,3510,1896,0
28848,16.537625,16.288470,16.287334,0.000000,0.000542,0.000000,0.000000,0.055333,0.012542,1.130251,629,8091813,123944,0,2,0,2,0,0,0,0,0,0,5406,0,3510,1896,0
28849,16.635916,16.583971,15.791157,0.000000,1.597875,1.597403,0.000180,0.053375,0.014542,0.482583,643,8137935,123907,0,2,0,2,0,0,0,0,0,0,7208,0,4680,2528,0
28850,16.613042,16.499442,15.805728,0.000000,1.458416,1.455195,0.000096,0.058917,0.030541,0.967459,634,8138133,126911,0,2,0,2,0,0,0,0,0,0,5555,0,3510,2045,0
28851,17.256958,17.173032,17.010908,0.000000,0.900333,0.894653,0.005138,0.083250,0.024959,0.308750,628,8076367,133800,0,2,0,2,0,0,0,0,0,0,5406,0,3510,1896,0
28852,16.592875,16.472558,16.352544,0.000000,0.880500,0.879903,0.000097,0.063917,0.037542,1.143458,639,8107031,122204,0,2,0,2,0,0,0,0,0,0,7208,0,4680,2528,0
28853,16.242584,15.988095,15.031712,0.000000,1.735292,1.733904,0.001096,0.056916,0.022334,0.607959,628,8076401,121327,0,2,0,2,0,0,0,0,0,0,5406,0,3510,1896,0
28854,16.876291,16.865048,16.209118,0.000000,1.409874,1.408945,0.000513,0.072209,0.029916,0.798792,634,8122739,129009,0,2,0,2,0,0,0,0,0,0,5406,0,3510,1896,0
28855,16.430125,16.284536,15.559289,0.000000,1.508625,1.508195,0.000139,0.056000,0.017834,1.222958,639,8107026,124877,0,2,0,2,0,0,0,0,0,0,7208,0,4680,2528,0
28856,16.978917,16.838862,15.840017,0.000000,1.746208,1.745779,0.000221,0.058208,0.016875,0.609541,633,8107240,128774,0,2,0,2,0,0,0,0,0,0,5406,0,3510,1896,0
28857,16.032708,15.956832,15.716174,0.000000,0.835291,0.834862,0.000138,0.058667,0.035125,0.593458,638,8153524,125636,0,2,0,2,0,0,0,0,0,0,5687,0,3510,2177,0
28858,17.204209,17.051888,16.883109,0.000000,0.986334,0.985820,0.000097,0.060416,0.022542,0.317542,636,8060799,130914,0,2,0,2,0,0,0,0,0,0,7208,0,4680,2528,0
28859,16.826583,16.701479,15.921061,0.000000,1.497417,1.496862,0.000180,0.060042,0.019833,0.735333,632,8107208,126375,0,2,0,2,0,0,0,0,0,0,5406,0,3510,1896,0
28860,16.609625,16.486831,15.359162,0.000000,1.811959,1.811445,0.000180,0.051208,0.012250,0.298542,634,8107193,123392,0,2,0,2,0,0,0,0,0,0,5406,0,3510,1896,0
28861,16.788833,16.699362,15.450626,0.000000,1.919541,1.914945,0.004347,0.059959,0.012625,0.768083,643,8168964,123713,0,2,0,2,0,0,0,0,0,0,7208,0,4680,2528,0
28862,16.783792,16.662460,16.611668,0.000000,0.628000,0.627654,0.000055,0.052125,0.026083,0.610000,630,8053652,134414,0,2,0,2,0,0,0,0,0,0,5406,0,3510,1896,0
28863,16.795542,16.644159,15.563212,0.000000,1.804124,1.803320,0.000513,0.055333,0.016833,1.252125,629,8098931,124942,0,2,0,2,0,0,0,0,0,0,5406,0,3510,1896,0
28864,16.630458,16.501549,15.787876,0.000000,1.519958,1.516195,0.003305,0.059792,0.020958,0.899750,638,8107042,121955,0,2,0,2,0,0,0,0,0,0,7208,0,4680,2528,0
28865,16.267833,16.091739,16.008029,0.000000,0.756624,0.756320,0.000096,0.065542,0.014917,0.292334,632,8107265,123361,0,2,0,2,0,0,0,0,0,0,5406,0,3510,1896,0
28866,16.802834,16.671014,16.249804,0.000000,1.266916,1.266278,0.000180,0.058291,0.023084,0.931500,632,8094910,128966,0,2,0,2,0,0,0,0,0,0,5406,0,3510,1896,0
28867,16.706291,16.666134,16.176455,0.000000,1.295417,1.294903,0.000264,0.070209,0.022333,0.290791,641,8134886,127790,0,2,0,2,0,0,0,0,0,0,7208,0,4680,2528,0
28868,16.807959,16.650860,16.225064,0.000000,1.257167,1.255445,0.001430,0.062458,0.019708,0.989999,631,8091789,129151,0,2,0,2,0,0,0,0,0,0,5406,0,3510,1896,0
28869,16.696958,16.486951,16.351177,0.000000,0.819500,0.810487,0.008763,0.068750,0.021167,0.646084,632,8091800,126073,0,2,0,2,0,0,0,0,0,0,5406,0,3510,1896,0
28870,16.577250,16.540635,16.530890,0.000000,0.181375,0.180986,0.000055,0.059042,0.025583,0.780583,641,8137958,123547,0,2,0,2,0,0,0,0,0,0,7208,0,4680,2528,0
28871,17.064458,16.908513,16.805176,0.000000,1.020918,0.990862,0.029638,0.054042,0.022542,1.086708,629,8083784,127425,0,2,0,2,0,0,0,0,0,0,5406,0,3510,1896,0
28872,17.162917,16.995332,17.004872,0.000000,0.002958,0.000000,0.000000,0.053917,0.016875,0.461000,632,8115275,125417,0,2,0,2,0,0,0,0,0,0,5406,0,3510,1896,0
28873,15.982458,15.837487,15.847326,0.000000,0.000333,0.000000,0.000000,0.055709,0.018833,1.098250,639,8107021,121545,0,2,0,2,0,0,0,0,0,0,7208,0,4680,2528,0
28874,16.601959,16.398508,16.396193,0.000000,0.000334,0.000000,0.000000,0.069875,0.015791,0.390250,630,8092001,126614,0,2,0,2,0,0,0,0,0,0,5406,0,3510,1896,0
28875,16.117750,15.986713,15.913331,0.000000,0.653583,0.653195,0.000180,0.059416,0.013542,1.168417,637,8106938,125104,0,2,0,2,0,0,0,0,0,0,5863,0,3510,2353,0
28876,17.123166,17.071253,17.042369,0.000000,0.243876,0.241111,0.002514,0.063750,0.020209,0.641750,641,8122492,130725,0,2,0,2,0,0,0,0,0,0,7208,0,4680,2528,0
28877,16.697042,16.579748,16.464212,0.000000,1.023334,1.022654,0.000388,0.062958,0.020750,0.765709,634,8128840,128506,0,2,0,2,0,0,0,0,0,0,5406,0,3510,1896,0
28878,16.628167,16.519165,16.144389,0.000000,1.252125,1.248487,0.003388,0.058916,0.028875,0.926000,631,8101101,125310,0,2,0,2,0,0,0,0,0,0,5406,0,3510,1896,0
28879,16.802375,16.691589,16.321427,0.000000,1.199000,1.198528,0.000139,0.081208,0.029875,0.469042,640,8107087,124904,0,2,0,2,0,0,0,0,0,0,7208,0,4680,2528,0
28880,16.610208,16.490351,16.321181,0.000000,0.949542,0.947195,0.001888,0.063792,0.047625,0.761791,631,8091768,126920,0,2,0,2,0,0,0,0,0,0,5406,0,3510,1896,0
28881,16.618375,16.462861,16.343884,0.000000,0.889833,0.889403,0.000222,0.060542,0.022416,0.461333,631,8108139,124826,0,2,0,2,0,0,0,0,0,0,5406,0,3510,1896,0
28882,16.750458,16.593919,16.469698,0.000000,0.319584,0.319070,0.000097,0.055500,0.012250,0.931375,639,8106208,123523,0,2,0,2,0,0,0,0,0,0,7208,0,4680,2528,0
28883,16.664167,16.458168,16.351707,0.000000,0.740541,0.740070,0.000138,0.053750,0.011958,0.299875,630,8091808,126560,0,2,0,2,0,0,0,0,0,0,5406,0,3510,1896,0
28884,16.852958,16.845332,16.160498,0.000000,1.444875,1.444487,0.000138,0.061584,0.022000,0.850459,634,8122690,125593,0,2,0,2,0,0,0,0,0,0,5406,0,3510,1896,0
28885,16.637792,16.510955,16.122712,0.000000,1.196332,1.194486,0.001555,0.064792,0.023666,0.316916,641,8122626,123100,0,2,0,2,0,0,0,0,0,0,7208,0,4680,2528,0
28886,17.067167,16.934683,16.810813,0.000000,0.000499,0.000000,0.000000,0.075375,0.018458,0.644459,631,8097109,126194,0,2,0,2,0,0,0,0,0,0,5406,0,3510,1896,0
28887,16.624416,16.389479,16.284750,0.000000,0.000374,0.000000,0.000000,0.071875,0.015417,0.783875,631,8086384,124248,0,2,0,2,0,0,0,0,0,0,5406,0,3510,1896,0
28888,16.297209,16.231409,16.198043,0.000000,0.119917,0.119445,0.000222,0.057750,0.014250,0.362708,641,8122576,123333,0,2,0,2,0,0,0,0,0,0,7208,0,4680,2528,0
28889,16.595583,16.437373,16.312052,0.000000,0.853875,0.853320,0.000055,0.057125,0.014958,0.616293,630,8107236,126161,0,2,0,2,0,0,0,0,0,0,5406,0,3510,1896,0
28890,16.754833,16.697708,16.698714,0.000000,0.051999,0.041903,0.009722,0.068667,0.014917,0.358541,651,8107174,125383,0,2,0,2,0,0,0,0,0,0,5406,0,3510,1896,0
28891,16.662125,16.502623,16.384952,0.000000,0.603667,0.603195,0.000139,0.079917,0.018833,0.898667,638,8122582,124191,0,2,0,2,0,0,0,0,0,0,7208,0,4680,2528,0
28892,16.601459,16.467282,15.938744,0.000000,1.395750,1.395362,0.000096,0.059708,0.022500,0.648083,630,8088261,125861,0,2,0,2,0,0,0,0,0,0,5406,0,3510,1896,0
28893,16.655958,16.558372,15.249571,0.000000,1.971416,1.970987,0.000138,0.076958,0.025334,0.785750,631,8110756,124397,0,2,0,2,0,0,0,0,0,0,5406,0,3510,1896,0
28894,16.359958,16.255737,15.361379,0.000000,1.602000,1.601611,0.000097,0.061167,0.013917,0.782750,642,8153497,127595,0,2,0,2,0,0,0,0,0,0,7530,0,4680,2850,0
28895,17.005459,16.828535,16.793102,0.000000,0.093333,0.092654,0.000138,0.062375,0.046416,0.296667,630,8060739,132134,0,2,0,2,0,0,0,0,0,0,5406,0,3510,1896,0
28896,16.766500,16.630375,15.611447,0.000000,1.754042,1.750070,0.003597,0.059208,0.013625,0.975375,629,8107260,126674,0,2,0,2,0,0,0,0,0,0,5406,0,3510,1896,0
28897,16.653208,16.635940,15.951357,0.000000,1.455917,1.455570,0.000055,0.102417,0.040416,0.467833,640,8122518,127214,0,2,0,2,0,0,0,0,0,0,7208,0,4680,2528,0
28898,16.630000,16.412826,16.289957,0.000000,0.542667,0.542154,0.000055,0.070458,0.043292,0.828166,631,8091815,125799,0,2,0,2,0,0,0,0,0,0,5406,0,3510,1896,0
28899,16.746292,16.663171,16.528666,0.000000,0.890500,0.889987,0.000222,0.057791,0.044917,0.475041,642,8137976,126073,0,2,0,2,0,0,0,0,0,0,7208,0,4680,2528,0
28900,16.647333,16.507670,15.591525,0.000000,1.676500,1.676195,0.000097,0.054500,0.034292,0.767333,627,8069786,126166,0,2,0,2,0,0,0,0,0,0,5406,0,3510,1896,0
28901,16.657417,16.510333,15.763054,0.000000,1.484916,1.484612,0.000096,0.047208,0.018333,0.611750,633,8113840,125453,0,2,0,2,0,0,0,0,0,0,5406,0,3510,1896,0
28902,16.708958,16.612978,15.804168,0.000000,1.473083,1.472278,0.000305,0.065792,0.013083,0.789292,641,8122483,124891,0,2,0,2,0,0,0,0,0,0,7208,0,4680,2528,0
28903,16.722625,16.610838,16.243331,0.000000,1.201999,1.201528,0.000180,0.062875,0.024750,1.222667,630,8091864,127841,0,2,0,2,0,0,0,0,0,0,5406,0,3510,1896,0
28904,16.843458,16.612009,15.847586,0.000000,1.534333,1.533695,0.000138,0.065875,0.026959,0.610416,632,8091803,125193,0,2,0,2,0,0,0,0,0,0,5406,0,3510,1896,0
28905,16.475042,16.455839,15.305153,0.000000,1.853334,1.852862,0.000180,0.056708,0.012417,0.923417,642,8137934,124179,0,2,0,2,0,0,0,0,0,0,7208,0,4680,2528,0
28906,16.687500,16.523962,16.410270,0.000000,0.544708,0.544278,0.000055,0.066333,0.020334,0.456834,629,8091937,127409,0,2,0,2,0,0,0,0,0,0,5406,0,3510,1896,0
28907,16.692833,16.476581,15.934020,0.000000,1.372168,1.371654,0.000221,0.067625,0.012417,0.773625,633,8091784,126094,0,2,0,2,0,0,0,0,0,0,5406,0,3510,1896,0
28908,16.650667,16.604736,15.571419,0.000000,1.773583,1.773195,0.000055,0.060083,0.014042,0.308917,642,8137878,124612,0,2,0,2,0,0,0,0,0,0,7208,0,4680,2528,0
28909,16.771500,16.646630,16.485476,0.000000,0.834458,0.824320,0.009805,0.061708,0.013750,0.764249,632,8091813,127243,0,2,0,2,0,0,0,0,0,0,5406,0,3510,1896,0
28910,16.577583,16.357285,16.093212,0.000000,1.108959,1.108529,0.000180,0.060709,0.017208,0.962999,630,8091815,124992,0,2,0,2,0,0,0,0,0,0,5406,0,3510,1896,0
28911,16.962917,16.914821,16.895517,0.000000,0.000459,0.000000,0.000000,0.053208,0.012292,0.464833,642,8138132,125300,0,2,0,2,0,0,0,0,0,0,7208,0,4680,2528,0
28912,16.510958,16.284714,16.190001,0.000000,0.809959,0.805070,0.004680,0.071417,0.028333,1.180125,629,8076178,126713,0,2,0,2,0,0,0,0,0,0,5406,0,3510,1896,0
28913,16.045250,15.917528,15.636366,0.000000,1.073416,1.072904,0.000138,0.069000,0.021625,0.472958,634,8107257,127468,0,2,0,2,0,0,0,0,0,0,5653,0,3510,2143,0
28914,17.261500,17.243254,17.045788,0.000000,0.697042,0.696612,0.000097,0.065000,0.026792,1.160583,644,8153303,131192,0,2,0,2,0,0,0,0,0,0,7208,0,4680,2528,0
28915,16.741959,16.519923,15.680468,0.000000,1.581209,1.580528,0.000347,0.063541,0.014875,0.304375,625,8060935,125408,0,2,0,2,0,0,0,0,0,0,5406,0,3510,1896,0
28916,16.641583,16.512738,16.122294,0.000000,1.199959,1.199445,0.000180,0.056833,0.012667,0.771666,632,8107247,124282,0,2,0,2,0,0,0,0,0,0,5406,0,3510,1896,0
28917,16.657708,16.636574,16.423331,0.000000,0.168083,0.151278,0.016513,0.061834,0.015125,0.808916,646,8168779,125507,0,2,0,2,0,0,0,0,0,0,7357,0,4680,2677,0
28918,17.156375,17.006467,16.922800,0.000000,0.411874,0.399361,0.012180,0.061417,0.037958,0.473833,629,8060907,134875,0,2,0,2,0,0,0,0,0,0,5406,0,3510,1896,0
28919,16.705584,16.584003,15.759614,0.000000,1.528709,1.528154,0.000180,0.066375,0.037375,0.831459,633,8107242,125011,0,2,0,2,0,0,0,0,0,0,5406,0,3510,1896,0
28920,16.144458,16.016514,15.274673,0.000000,1.476084,1.475737,0.000055,0.059375,0.033667,0.370459,642,8122497,120420,0,2,0,2,0,0,0,0,0,0,7208,0,4680,2528,0
28921,16.334167,16.230625,15.837035,0.000000,1.215750,1.215111,0.000222,0.058541,0.019917,0.722334,634,8122637,129418,0,2,0,2,0,0,0,0,0,0,5626,0,3510,2116,0
28922,17.541458,17.316081,17.303302,0.000000,0.307583,0.305862,0.001471,0.060750,0.014083,0.471333,629,8060911,133651,0,2,0,2,0,0,0,0,0,0,5406,0,3510,1896,0
28923,16.152750,16.139834,16.065212,0.000000,0.399917,0.399403,0.000097,0.058000,0.046792,0.943501,643,8153639,126006,0,2,0,2,0,0,0,0,0,0,7208,0,4680,2528,0
28924,17.077542,16.911832,16.607762,0.000000,1.165375,1.164820,0.000222,0.060958,0.013542,0.305625,628,8076136,129856,0,2,0,2,0,0,0,0,0,0,5406,0,3510,1896,0
28925,16.628458,16.498592,15.621592,0.000000,1.615792,1.615320,0.000055,0.075667,0.030250,0.802083,631,8107230,124173,0,2,0,2,0,0,0,0,0,0,5406,0,3510,1896,0
28926,16.291583,16.138118,15.483868,0.000000,1.409542,1.409028,0.000138,0.058792,0.014042,0.775166,662,8106703,121767,0,2,0,2,0,0,0,0,0,0,9249,0,4680,4569,0
