frame,emulated_frame,total_ms,cpu_wall_ms,cpu_thread_ms,cpu_idle_ms,cpu_throttle_sleep_ms,cpu_throttle_requested_ms,cpu_throttle_lateness_ms,video_build_ms,present_ms,audio_mix_ms,static_bursts,static_cycles,static_native_dispatches,static_fallback_steps,static_hook_fallbacks,fallback_mfspr,fallback_mtspr,fallback_cache,fallback_dcbst,fallback_dcbf,fallback_dcbi,fallback_icbi,fallback_other,cache_controls,cache_control_dcbst,cache_control_dcbf,cache_control_dcbi,cache_control_icbi
0,0,0.000000,0.000000,0.000000,0.000000,0.000000,0.000000,0.000000,1.306375,0.118917,0.000000,0,0,0,0,0,0,0,0,0,0,0,0,0,0,0,0,0,0
1,0,35.851875,0.000000,0.000000,0.000000,0.000000,0.000000,0.000000,1.079542,0.100791,0.000000,0,0,0,0,0,0,0,0,0,0,0,0,0,0,0,0,0,0
2,0,38.006458,0.000000,0.000000,0.000000,0.000000,0.000000,0.000000,0.398000,0.028959,0.000000,0,0,0,0,0,0,0,0,0,0,0,0,0,0,0,0,0,0
3,0,37.577250,0.000000,0.000000,0.000000,0.000000,0.000000,0.000000,0.398459,0.031666,0.000000,0,0,0,0,0,0,0,0,0,0,0,0,0,0,0,0,0,0
4,0,43.474959,0.000000,0.000000,0.000000,0.000000,0.000000,0.000000,0.210125,0.037291,0.000000,0,0,0,0,0,0,0,0,0,0,0,0,0,0,0,0,0,0
5,0,42.985166,0.000000,0.000000,0.000000,0.000000,0.000000,0.000000,0.109167,0.047750,0.000000,0,0,0,0,0,0,0,0,0,0,0,0,0,0,0,0,0,0
6,0,43.263917,0.000000,0.000000,0.000000,0.000000,0.000000,0.000000,0.113083,0.043959,0.000000,0,0,0,0,0,0,0,0,0,0,0,0,0,0,0,0,0,0
7,0,34.758542,0.000000,0.000000,0.000000,0.000000,0.000000,0.000000,0.406625,0.033666,0.000000,0,0,0,0,0,0,0,0,0,0,0,0,0,0,0,0,0,0
8,0,38.424416,0.000000,0.000000,0.000000,0.000000,0.000000,0.000000,0.203959,0.044333,0.000000,0,0,0,0,0,0,0,0,0,0,0,0,0,0,0,0,0,0
9,0,42.893000,0.000000,0.000000,0.000000,0.000000,0.000000,0.000000,0.344459,0.029333,0.000000,0,0,0,0,0,0,0,0,0,0,0,0,0,0,0,0,0,0
10,0,36.808292,0.000000,0.000000,0.000000,0.000000,0.000000,0.000000,0.364458,0.026625,0.000000,0,0,0,0,0,0,0,0,0,0,0,0,0,0,0,0,0,0
11,0,35.395792,0.000000,0.000000,0.000000,0.000000,0.000000,0.000000,0.221833,0.059333,0.000000,0,0,0,0,0,0,0,0,0,0,0,0,0,0,0,0,0,0
12,0,35.052416,0.000000,0.000000,0.000000,0.000000,0.000000,0.000000,0.169959,0.034833,0.000000,0,0,0,0,0,0,0,0,0,0,0,0,0,0,0,0,0,0
13,0,36.982917,0.000000,0.000000,0.000000,0.000000,0.000000,0.000000,0.232292,0.034625,0.000000,0,0,0,0,0,0,0,0,0,0,0,0,0,0,0,0,0,0
14,0,36.365167,0.000000,0.000000,0.000000,0.000000,0.000000,0.000000,0.103250,0.039708,0.000000,0,0,0,0,0,0,0,0,0,0,0,0,0,0,0,0,0,0
15,0,42.256500,0.000000,0.000000,0.000000,0.000000,0.000000,0.000000,0.216125,0.027875,0.000000,0,0,0,0,0,0,0,0,0,0,0,0,0,0,0,0,0,0
16,0,41.618333,0.000000,0.000000,0.000000,0.000000,0.000000,0.000000,0.286375,0.036750,0.000000,0,0,0,0,0,0,0,0,0,0,0,0,0,0,0,0,0,0
17,0,34.152125,0.000000,0.000000,0.000000,0.000000,0.000000,0.000000,0.176292,0.036208,0.000000,0,0,0,0,0,0,0,0,0,0,0,0,0,0,0,0,0,0
18,0,42.077458,0.000000,0.000000,0.000000,0.000000,0.000000,0.000000,0.164209,0.034750,0.000000,0,0,0,0,0,0,0,0,0,0,0,0,0,0,0,0,0,0
19,0,43.302417,0.000000,0.000000,0.000000,0.000000,0.000000,0.000000,0.169542,0.035416,0.000000,0,0,0,0,0,0,0,0,0,0,0,0,0,0,0,0,0,0
20,0,35.289417,0.000000,0.000000,0.000000,0.000000,0.000000,0.000000,0.175291,0.035667,0.000000,0,0,0,0,0,0,0,0,0,0,0,0,0,0,0,0,0,0
21,0,34.713958,0.000000,0.000000,0.000000,0.000000,0.000000,0.000000,0.207958,0.028917,0.000000,0,0,0,0,0,0,0,0,0,0,0,0,0,0,0,0,0,0
22,0,35.448667,0.000000,0.000000,0.000000,0.000000,0.000000,0.000000,0.106875,0.188166,0.000000,0,0,0,0,0,0,0,0,0,0,0,0,0,0,0,0,0,0
23,0,41.673083,0.000000,0.000000,0.000000,0.000000,0.000000,0.000000,0.130167,0.029541,0.000000,0,0,0,0,0,0,0,0,0,0,0,0,0,0,0,0,0,0
24,0,41.674250,0.000000,0.000000,0.000000,0.000000,0.000000,0.000000,0.175000,0.036125,0.000000,0,0,0,0,0,0,0,0,0,0,0,0,0,0,0,0,0,0
25,0,43.331583,0.000000,0.000000,0.000000,0.000000,0.000000,0.000000,0.104500,0.022917,0.000000,0,0,0,0,0,0,0,0,0,0,0,0,0,0,0,0,0,0
26,0,39.992584,0.000000,0.000000,0.000000,0.000000,0.000000,0.000000,0.113750,0.142041,0.000000,0,0,0,0,0,0,0,0,0,0,0,0,0,0,0,0,0,0
27,0,35.008458,0.000000,0.000000,0.000000,0.000000,0.000000,0.000000,0.114250,0.047875,0.000000,0,0,0,0,0,0,0,0,0,0,0,0,0,0,0,0,0,0
28,0,36.045708,0.000000,0.000000,0.000000,0.000000,0.000000,0.000000,0.184167,0.039833,0.000000,0,0,0,0,0,0,0,0,0,0,0,0,0,0,0,0,0,0
29,0,43.325084,0.000000,0.000000,0.000000,0.000000,0.000000,0.000000,0.108500,0.181541,0.000000,0,0,0,0,0,0,0,0,0,0,0,0,0,0,0,0,0,0
30,0,43.354916,0.000000,0.000000,0.000000,0.000000,0.000000,0.000000,0.177834,0.034916,0.000000,0,0,0,0,0,0,0,0,0,0,0,0,0,0,0,0,0,0
31,0,34.149584,0.000000,0.000000,0.000000,0.000000,0.000000,0.000000,0.169791,0.050667,0.000000,0,0,0,0,0,0,0,0,0,0,0,0,0,0,0,0,0,0
32,0,42.975125,0.000000,0.000000,0.000000,0.000000,0.000000,0.000000,0.163375,0.033625,0.000000,0,0,0,0,0,0,0,0,0,0,0,0,0,0,0,0,0,0
33,0,40.916000,0.000000,0.000000,0.000000,0.000000,0.000000,0.000000,0.165291,0.040167,0.000000,0,0,0,0,0,0,0,0,0,0,0,0,0,0,0,0,0,0
34,0,43.274125,0.000000,0.000000,0.000000,0.000000,0.000000,0.000000,0.105958,0.022042,0.000000,0,0,0,0,0,0,0,0,0,0,0,0,0,0,0,0,0,0
35,0,38.035583,0.000000,0.000000,0.000000,0.000000,0.000000,0.000000,0.108750,0.020875,0.000000,0,0,0,0,0,0,0,0,0,0,0,0,0,0,0,0,0,0
36,0,36.677333,0.000000,0.000000,0.000000,0.000000,0.000000,0.000000,0.239792,0.021583,0.000000,0,0,0,0,0,0,0,0,0,0,0,0,0,0,0,0,0,0
37,0,33.906875,0.000000,0.000000,0.000000,0.000000,0.000000,0.000000,0.211125,0.043834,0.000000,0,0,0,0,0,0,0,0,0,0,0,0,0,0,0,0,0,0
38,0,43.470209,0.000000,0.000000,0.000000,0.000000,0.000000,0.000000,0.114875,0.030333,0.000000,0,0,0,0,0,0,0,0,0,0,0,0,0,0,0,0,0,0
39,0,43.242458,0.000000,0.000000,0.000000,0.000000,0.000000,0.000000,0.188292,0.038750,0.000000,0,0,0,0,0,0,0,0,0,0,0,0,0,0,0,0,0,0
40,0,35.319125,0.000000,0.000000,0.000000,0.000000,0.000000,0.000000,0.177625,0.037833,0.000000,0,0,0,0,0,0,0,0,0,0,0,0,0,0,0,0,0,0
41,0,38.152958,0.000000,0.000000,0.000000,0.000000,0.000000,0.000000,0.101292,0.177208,0.000000,0,0,0,0,0,0,0,0,0,0,0,0,0,0,0,0,0,0
42,0,39.284042,0.000000,0.000000,0.000000,0.000000,0.000000,0.000000,0.183708,0.042167,0.000000,0,0,0,0,0,0,0,0,0,0,0,0,0,0,0,0,0,0
43,0,36.171792,0.000000,0.000000,0.000000,0.000000,0.000000,0.000000,0.180333,0.035125,0.000000,0,0,0,0,0,0,0,0,0,0,0,0,0,0,0,0,0,0
44,0,43.337333,0.000000,0.000000,0.000000,0.000000,0.000000,0.000000,0.109167,0.019375,0.000000,0,0,0,0,0,0,0,0,0,0,0,0,0,0,0,0,0,0
45,0,34.997375,0.000000,0.000000,0.000000,0.000000,0.000000,0.000000,0.104042,0.018958,0.000000,0,0,0,0,0,0,0,0,0,0,0,0,0,0,0,0,0,0
46,0,43.168417,0.000000,0.000000,0.000000,0.000000,0.000000,0.000000,0.105541,0.020375,0.000000,0,0,0,0,0,0,0,0,0,0,0,0,0,0,0,0,0,0
47,0,42.383416,0.000000,0.000000,0.000000,0.000000,0.000000,0.000000,0.107834,0.020916,0.000000,0,0,0,0,0,0,0,0,0,0,0,0,0,0,0,0,0,0
48,0,39.228417,0.000000,0.000000,0.000000,0.000000,0.000000,0.000000,0.170500,0.040542,0.000000,0,0,0,0,0,0,0,0,0,0,0,0,0,0,0,0,0,0
49,0,41.841583,0.000000,0.000000,0.000000,0.000000,0.000000,0.000000,0.107084,0.020875,0.000000,0,0,0,0,0,0,0,0,0,0,0,0,0,0,0,0,0,0
50,0,39.324500,0.000000,0.000000,0.000000,0.000000,0.000000,0.000000,0.101709,0.018333,0.000000,0,0,0,0,0,0,0,0,0,0,0,0,0,0,0,0,0,0
51,0,34.744292,0.000000,0.000000,0.000000,0.000000,0.000000,0.000000,0.156417,0.032750,0.000000,0,0,0,0,0,0,0,0,0,0,0,0,0,0,0,0,0,0
52,0,37.365708,0.000000,0.000000,0.000000,0.000000,0.000000,0.000000,0.170625,0.035625,0.000000,0,0,0,0,0,0,0,0,0,0,0,0,0,0,0,0,0,0
53,0,36.169959,0.000000,0.000000,0.000000,0.000000,0.000000,0.000000,0.152833,0.030875,0.000000,0,0,0,0,0,0,0,0,0,0,0,0,0,0,0,0,0,0
54,0,33.967125,0.000000,0.000000,0.000000,0.000000,0.000000,0.000000,0.163166,0.033959,0.000000,0,0,0,0,0,0,0,0,0,0,0,0,0,0,0,0,0,0
55,0,35.151291,0.000000,0.000000,0.000000,0.000000,0.000000,0.000000,0.159250,0.035000,0.000000,0,0,0,0,0,0,0,0,0,0,0,0,0,0,0,0,0,0
56,0,34.829500,0.000000,0.000000,0.000000,0.000000,0.000000,0.000000,0.170792,0.033625,0.000000,0,0,0,0,0,0,0,0,0,0,0,0,0,0,0,0,0,0
57,0,40.288500,0.000000,0.000000,0.000000,0.000000,0.000000,0.000000,0.173459,0.052375,0.000000,0,0,0,0,0,0,0,0,0,0,0,0,0,0,0,0,0,0
58,0,38.224459,0.000000,0.000000,0.000000,0.000000,0.000000,0.000000,0.170208,0.035625,0.000000,0,0,0,0,0,0,0,0,0,0,0,0,0,0,0,0,0,0
59,0,34.917875,0.000000,0.000000,0.000000,0.000000,0.000000,0.000000,0.171375,0.033416,0.000000,0,0,0,0,0,0,0,0,0,0,0,0,0,0,0,0,0,0
60,0,36.820333,0.000000,0.000000,0.000000,0.000000,0.000000,0.000000,0.194458,0.034917,0.000000,0,0,0,0,0,0,0,0,0,0,0,0,0,0,0,0,0,0
61,0,39.925833,0.000000,0.000000,0.000000,0.000000,0.000000,0.000000,0.174584,0.033416,0.000000,0,0,0,0,0,0,0,0,0,0,0,0,0,0,0,0,0,0
62,0,41.526750,0.000000,0.000000,0.000000,0.000000,0.000000,0.000000,0.173334,0.033416,0.000000,0,0,0,0,0,0,0,0,0,0,0,0,0,0,0,0,0,0
63,0,42.253417,0.000000,0.000000,0.000000,0.000000,0.000000,0.000000,0.166333,0.033667,0.000000,0,0,0,0,0,0,0,0,0,0,0,0,0,0,0,0,0,0
64,0,41.248333,0.000000,0.000000,0.000000,0.000000,0.000000,0.000000,0.162667,0.036208,0.000000,0,0,0,0,0,0,0,0,0,0,0,0,0,0,0,0,0,0
65,0,42.301542,0.000000,0.000000,0.000000,0.000000,0.000000,0.000000,0.172417,0.035166,0.000000,0,0,0,0,0,0,0,0,0,0,0,0,0,0,0,0,0,0
66,0,41.465792,0.000000,0.000000,0.000000,0.000000,0.000000,0.000000,0.160416,0.037667,0.000000,0,0,0,0,0,0,0,0,0,0,0,0,0,0,0,0,0,0
67,0,42.161833,0.000000,0.000000,0.000000,0.000000,0.000000,0.000000,0.112250,0.020500,0.000000,0,0,0,0,0,0,0,0,0,0,0,0,0,0,0,0,0,0
68,0,43.177250,0.000000,0.000000,0.000000,0.000000,0.000000,0.000000,0.115917,0.021916,0.000000,0,0,0,0,0,0,0,0,0,0,0,0,0,0,0,0,0,0
69,0,36.855792,0.000000,0.000000,0.000000,0.000000,0.000000,0.000000,0.166666,0.043292,0.000000,0,0,0,0,0,0,0,0,0,0,0,0,0,0,0,0,0,0
70,0,37.689208,0.000000,0.000000,0.000000,0.000000,0.000000,0.000000,0.111500,0.035083,0.000000,0,0,0,0,0,0,0,0,0,0,0,0,0,0,0,0,0,0
71,0,37.393333,0.000000,0.000000,0.000000,0.000000,0.000000,0.000000,0.127167,0.047333,0.000000,0,0,0,0,0,0,0,0,0,0,0,0,0,0,0,0,0,0
72,0,33.455125,0.000000,0.000000,0.000000,0.000000,0.000000,0.000000,0.176042,0.036417,0.000000,0,0,0,0,0,0,0,0,0,0,0,0,0,0,0,0,0,0
73,0,38.045459,0.000000,0.000000,0.000000,0.000000,0.000000,0.000000,0.223875,0.021833,0.000000,0,0,0,0,0,0,0,0,0,0,0,0,0,0,0,0,0,0
74,0,39.056750,0.000000,0.000000,0.000000,0.000000,0.000000,0.000000,0.092250,0.076083,0.000000,0,0,0,0,0,0,0,0,0,0,0,0,0,0,0,0,0,0
75,0,37.263083,0.000000,0.000000,0.000000,0.000000,0.000000,0.000000,0.101208,0.031667,0.000000,0,0,0,0,0,0,0,0,0,0,0,0,0,0,0,0,0,0
76,0,40.848458,0.000000,0.000000,0.000000,0.000000,0.000000,0.000000,0.194167,0.051000,0.000000,0,0,0,0,0,0,0,0,0,0,0,0,0,0,0,0,0,0
77,0,37.908084,0.000000,0.000000,0.000000,0.000000,0.000000,0.000000,0.183625,0.039166,0.000000,0,0,0,0,0,0,0,0,0,0,0,0,0,0,0,0,0,0
78,0,37.439250,0.000000,0.000000,0.000000,0.000000,0.000000,0.000000,0.272208,0.041000,0.000000,0,0,0,0,0,0,0,0,0,0,0,0,0,0,0,0,0,0
79,0,34.210416,0.000000,0.000000,0.000000,0.000000,0.000000,0.000000,0.164292,0.036500,0.000000,0,0,0,0,0,0,0,0,0,0,0,0,0,0,0,0,0,0
80,0,36.482625,0.000000,0.000000,0.000000,0.000000,0.000000,0.000000,0.195750,0.047709,0.000000,0,0,0,0,0,0,0,0,0,0,0,0,0,0,0,0,0,0
81,0,36.593292,0.000000,0.000000,0.000000,0.000000,0.000000,0.000000,0.096833,0.018750,0.000000,0,0,0,0,0,0,0,0,0,0,0,0,0,0,0,0,0,0
82,0,34.302583,0.000000,0.000000,0.000000,0.000000,0.000000,0.000000,0.111750,0.076917,0.000000,0,0,0,0,0,0,0,0,0,0,0,0,0,0,0,0,0,0
83,0,34.248084,0.000000,0.000000,0.000000,0.000000,0.000000,0.000000,0.113500,0.020833,0.000000,0,0,0,0,0,0,0,0,0,0,0,0,0,0,0,0,0,0
84,0,41.762750,0.000000,0.000000,0.000000,0.000000,0.000000,0.000000,0.184250,0.044875,0.000000,0,0,0,0,0,0,0,0,0,0,0,0,0,0,0,0,0,0
85,0,33.556125,0.000000,0.000000,0.000000,0.000000,0.000000,0.000000,0.115250,0.020583,0.000000,0,0,0,0,0,0,0,0,0,0,0,0,0,0,0,0,0,0
86,0,33.422208,0.000000,0.000000,0.000000,0.000000,0.000000,0.000000,0.134625,0.021625,0.000000,0,0,0,0,0,0,0,0,0,0,0,0,0,0,0,0,0,0
87,0,43.288875,0.000000,0.000000,0.000000,0.000000,0.000000,0.000000,0.113250,0.020417,0.000000,0,0,0,0,0,0,0,0,0,0,0,0,0,0,0,0,0,0
88,0,35.342292,0.000000,0.000000,0.000000,0.000000,0.000000,0.000000,0.103541,0.021500,0.000000,0,0,0,0,0,0,0,0,0,0,0,0,0,0,0,0,0,0
89,0,35.656375,0.000000,0.000000,0.000000,0.000000,0.000000,0.000000,0.178375,0.038416,0.000000,0,0,0,0,0,0,0,0,0,0,0,0,0,0,0,0,0,0
90,0,34.119375,0.000000,0.000000,0.000000,0.000000,0.000000,0.000000,0.113541,0.066167,0.000000,0,0,0,0,0,0,0,0,0,0,0,0,0,0,0,0,0,0
91,0,39.108791,0.000000,0.000000,0.000000,0.000000,0.000000,0.000000,0.103834,0.042625,0.000000,0,0,0,0,0,0,0,0,0,0,0,0,0,0,0,0,0,0
92,0,37.079875,0.000000,0.000000,0.000000,0.000000,0.000000,0.000000,0.101417,0.022292,0.000000,0,0,0,0,0,0,0,0,0,0,0,0,0,0,0,0,0,0
93,0,43.189084,0.000000,0.000000,0.000000,0.000000,0.000000,0.000000,0.179916,0.039375,0.000000,0,0,0,0,0,0,0,0,0,0,0,0,0,0,0,0,0,0
94,0,39.329916,0.000000,0.000000,0.000000,0.000000,0.000000,0.000000,0.166250,0.035625,0.000000,0,0,0,0,0,0,0,0,0,0,0,0,0,0,0,0,0,0
95,0,38.813542,0.000000,0.000000,0.000000,0.000000,0.000000,0.000000,0.129625,0.022417,0.000000,0,0,0,0,0,0,0,0,0,0,0,0,0,0,0,0,0,0
96,0,43.153708,0.000000,0.000000,0.000000,0.000000,0.000000,0.000000,0.208125,0.049167,0.000000,0,0,0,0,0,0,0,0,0,0,0,0,0,0,0,0,0,0
97,0,39.596625,0.000000,0.000000,0.000000,0.000000,0.000000,0.000000,0.190209,0.042791,0.000000,0,0,0,0,0,0,0,0,0,0,0,0,0,0,0,0,0,0
98,0,43.015625,0.000000,0.000000,0.000000,0.000000,0.000000,0.000000,0.171500,0.037917,0.000000,0,0,0,0,0,0,0,0,0,0,0,0,0,0,0,0,0,0
99,0,36.368250,0.000000,0.000000,0.000000,0.000000,0.000000,0.000000,0.188625,0.038542,0.000000,0,0,0,0,0,0,0,0,0,0,0,0,0,0,0,0,0,0
100,0,43.355292,0.000000,0.000000,0.000000,0.000000,0.000000,0.000000,0.101667,0.017875,0.000000,0,0,0,0,0,0,0,0,0,0,0,0,0,0,0,0,0,0
101,0,34.574167,0.000000,0.000000,0.000000,0.000000,0.000000,0.000000,0.117541,0.021584,0.000000,0,0,0,0,0,0,0,0,0,0,0,0,0,0,0,0,0,0
102,0,33.694583,0.000000,0.000000,0.000000,0.000000,0.000000,0.000000,0.185292,0.039291,0.000000,0,0,0,0,0,0,0,0,0,0,0,0,0,0,0,0,0,0
103,0,39.032500,0.000000,0.000000,0.000000,0.000000,0.000000,0.000000,0.174000,0.038292,0.000000,0,0,0,0,0,0,0,0,0,0,0,0,0,0,0,0,0,0
104,0,43.342542,0.000000,0.000000,0.000000,0.000000,0.000000,0.000000,0.105833,0.055125,0.000000,0,0,0,0,0,0,0,0,0,0,0,0,0,0,0,0,0,0
105,0,36.982541,0.000000,0.000000,0.000000,0.000000,0.000000,0.000000,0.093875,0.018459,0.000000,0,0,0,0,0,0,0,0,0,0,0,0,0,0,0,0,0,0
106,0,34.464500,0.000000,0.000000,0.000000,0.000000,0.000000,0.000000,0.172375,0.038959,0.000000,0,0,0,0,0,0,0,0,0,0,0,0,0,0,0,0,0,0
107,0,34.960917,0.000000,0.000000,0.000000,0.000000,0.000000,0.000000,0.099125,0.073583,0.000000,0,0,0,0,0,0,0,0,0,0,0,0,0,0,0,0,0,0
108,0,38.577833,0.000000,0.000000,0.000000,0.000000,0.000000,0.000000,0.182750,0.039084,0.000000,0,0,0,0,0,0,0,0,0,0,0,0,0,0,0,0,0,0
109,0,40.361959,0.000000,0.000000,0.000000,0.000000,0.000000,0.000000,0.110500,0.019541,0.000000,0,0,0,0,0,0,0,0,0,0,0,0,0,0,0,0,0,0
110,0,34.789208,0.000000,0.000000,0.000000,0.000000,0.000000,0.000000,0.189750,0.177583,0.000000,0,0,0,0,0,0,0,0,0,0,0,0,0,0,0,0,0,0
111,0,35.528125,0.000000,0.000000,0.000000,0.000000,0.000000,0.000000,0.107333,0.153334,0.000000,0,0,0,0,0,0,0,0,0,0,0,0,0,0,0,0,0,0
112,0,34.195125,0.000000,0.000000,0.000000,0.000000,0.000000,0.000000,0.119875,0.020458,0.000000,0,0,0,0,0,0,0,0,0,0,0,0,0,0,0,0,0,0
113,0,43.183417,0.000000,0.000000,0.000000,0.000000,0.000000,0.000000,0.109625,0.139125,0.000000,0,0,0,0,0,0,0,0,0,0,0,0,0,0,0,0,0,0
114,0,37.334416,0.000000,0.000000,0.000000,0.000000,0.000000,0.000000,0.164500,0.019875,0.000000,0,0,0,0,0,0,0,0,0,0,0,0,0,0,0,0,0,0
115,0,33.614625,0.000000,0.000000,0.000000,0.000000,0.000000,0.000000,0.178959,0.040666,0.000000,0,0,0,0,0,0,0,0,0,0,0,0,0,0,0,0,0,0
116,0,36.256042,0.000000,0.000000,0.000000,0.000000,0.000000,0.000000,0.104042,0.018958,0.000000,0,0,0,0,0,0,0,0,0,0,0,0,0,0,0,0,0,0
117,0,43.187625,0.000000,0.000000,0.000000,0.000000,0.000000,0.000000,0.303792,0.022166,0.000000,0,0,0,0,0,0,0,0,0,0,0,0,0,0,0,0,0,0
118,0,37.262292,0.000000,0.000000,0.000000,0.000000,0.000000,0.000000,0.097750,0.017541,0.000000,0,0,0,0,0,0,0,0,0,0,0,0,0,0,0,0,0,0
119,0,41.435833,0.000000,0.000000,0.000000,0.000000,0.000000,0.000000,0.181542,0.034916,0.000000,0,0,0,0,0,0,0,0,0,0,0,0,0,0,0,0,0,0
120,0,36.141333,0.000000,0.000000,0.000000,0.000000,0.000000,0.000000,0.158250,0.032042,0.000000,0,0,0,0,0,0,0,0,0,0,0,0,0,0,0,0,0,0
121,0,33.625000,0.000000,0.000000,0.000000,0.000000,0.000000,0.000000,0.167125,0.033500,0.000000,0,0,0,0,0,0,0,0,0,0,0,0,0,0,0,0,0,0
122,0,42.009417,0.000000,0.000000,0.000000,0.000000,0.000000,0.000000,0.222083,0.037959,0.000000,0,0,0,0,0,0,0,0,0,0,0,0,0,0,0,0,0,0
123,0,38.224750,0.000000,0.000000,0.000000,0.000000,0.000000,0.000000,0.173708,0.033959,0.000000,0,0,0,0,0,0,0,0,0,0,0,0,0,0,0,0,0,0
124,0,35.888250,0.000000,0.000000,0.000000,0.000000,0.000000,0.000000,0.178125,0.034958,0.000000,0,0,0,0,0,0,0,0,0,0,0,0,0,0,0,0,0,0
125,0,41.658875,0.000000,0.000000,0.000000,0.000000,0.000000,0.000000,0.172667,0.036250,0.000000,0,0,0,0,0,0,0,0,0,0,0,0,0,0,0,0,0,0
126,0,38.130917,0.000000,0.000000,0.000000,0.000000,0.000000,0.000000,0.164000,0.032541,0.000000,0,0,0,0,0,0,0,0,0,0,0,0,0,0,0,0,0,0
127,0,37.790666,0.000000,0.000000,0.000000,0.000000,0.000000,0.000000,0.169084,0.032500,0.000000,0,0,0,0,0,0,0,0,0,0,0,0,0,0,0,0,0,0
128,0,43.297875,0.000000,0.000000,0.000000,0.000000,0.000000,0.000000,0.173375,0.033417,0.000000,0,0,0,0,0,0,0,0,0,0,0,0,0,0,0,0,0,0
129,0,43.301875,0.000000,0.000000,0.000000,0.000000,0.000000,0.000000,0.159167,0.032667,0.000000,0,0,0,0,0,0,0,0,0,0,0,0,0,0,0,0,0,0
130,0,42.375209,0.000000,0.000000,0.000000,0.000000,0.000000,0.000000,0.153125,0.034041,0.000000,0,0,0,0,0,0,0,0,0,0,0,0,0,0,0,0,0,0
131,0,36.931583,0.000000,0.000000,0.000000,0.000000,0.000000,0.000000,0.105875,0.018500,0.000000,0,0,0,0,0,0,0,0,0,0,0,0,0,0,0,0,0,0
132,0,33.923125,0.000000,0.000000,0.000000,0.000000,0.000000,0.000000,0.323708,0.033334,0.000000,0,0,0,0,0,0,0,0,0,0,0,0,0,0,0,0,0,0
133,0,42.552917,0.000000,0.000000,0.000000,0.000000,0.000000,0.000000,0.113833,0.082625,0.000000,0,0,0,0,0,0,0,0,0,0,0,0,0,0,0,0,0,0
134,0,39.462875,0.000000,0.000000,0.000000,0.000000,0.000000,0.000000,0.101958,0.020417,0.000000,0,0,0,0,0,0,0,0,0,0,0,0,0,0,0,0,0,0
135,0,33.390500,0.000000,0.000000,0.000000,0.000000,0.000000,0.000000,0.115250,0.124208,0.000000,0,0,0,0,0,0,0,0,0,0,0,0,0,0,0,0,0,0
136,0,43.334375,0.000000,0.000000,0.000000,0.000000,0.000000,0.000000,0.174750,0.045958,0.000000,0,0,0,0,0,0,0,0,0,0,0,0,0,0,0,0,0,0
137,0,35.692000,0.000000,0.000000,0.000000,0.000000,0.000000,0.000000,0.110666,0.183292,0.000000,0,0,0,0,0,0,0,0,0,0,0,0,0,0,0,0,0,0
138,0,43.335958,0.000000,0.000000,0.000000,0.000000,0.000000,0.000000,0.113417,0.038458,0.000000,0,0,0,0,0,0,0,0,0,0,0,0,0,0,0,0,0,0
139,0,34.272458,0.000000,0.000000,0.000000,0.000000,0.000000,0.000000,0.206417,0.024167,0.000000,0,0,0,0,0,0,0,0,0,0,0,0,0,0,0,0,0,0
140,0,43.290417,0.000000,0.000000,0.000000,0.000000,0.000000,0.000000,0.098333,0.021334,0.000000,0,0,0,0,0,0,0,0,0,0,0,0,0,0,0,0,0,0
141,0,43.167750,0.000000,0.000000,0.000000,0.000000,0.000000,0.000000,0.113667,0.061041,0.000000,0,0,0,0,0,0,0,0,0,0,0,0,0,0,0,0,0,0
142,0,34.344875,0.000000,0.000000,0.000000,0.000000,0.000000,0.000000,0.104375,0.070875,0.000000,0,0,0,0,0,0,0,0,0,0,0,0,0,0,0,0,0,0
143,0,43.234208,0.000000,0.000000,0.000000,0.000000,0.000000,0.000000,0.099042,0.109708,0.000000,0,0,0,0,0,0,0,0,0,0,0,0,0,0,0,0,0,0
144,0,37.547250,0.000000,0.000000,0.000000,0.000000,0.000000,0.000000,0.141584,0.021166,0.000000,0,0,0,0,0,0,0,0,0,0,0,0,0,0,0,0,0,0
145,0,43.245000,0.000000,0.000000,0.000000,0.000000,0.000000,0.000000,0.137417,0.020458,0.000000,0,0,0,0,0,0,0,0,0,0,0,0,0,0,0,0,0,0
146,0,40.146125,0.000000,0.000000,0.000000,0.000000,0.000000,0.000000,0.101125,0.025667,0.000000,0,0,0,0,0,0,0,0,0,0,0,0,0,0,0,0,0,0
147,0,35.331042,0.000000,0.000000,0.000000,0.000000,0.000000,0.000000,0.189583,0.038792,0.000000,0,0,0,0,0,0,0,0,0,0,0,0,0,0,0,0,0,0
148,0,35.536167,0.000000,0.000000,0.000000,0.000000,0.000000,0.000000,0.212833,0.049958,0.000000,0,0,0,0,0,0,0,0,0,0,0,0,0,0,0,0,0,0
149,0,40.837041,0.000000,0.000000,0.000000,0.000000,0.000000,0.000000,0.124375,0.032584,0.000000,0,0,0,0,0,0,0,0,0,0,0,0,0,0,0,0,0,0
150,0,35.584625,0.000000,0.000000,0.000000,0.000000,0.000000,0.000000,0.185417,0.036833,0.000000,0,0,0,0,0,0,0,0,0,0,0,0,0,0,0,0,0,0
151,0,43.302042,0.000000,0.000000,0.000000,0.000000,0.000000,0.000000,0.188458,0.040625,0.000000,0,0,0,0,0,0,0,0,0,0,0,0,0,0,0,0,0,0
152,0,40.581333,0.000000,0.000000,0.000000,0.000000,0.000000,0.000000,0.111084,0.039750,0.000000,0,0,0,0,0,0,0,0,0,0,0,0,0,0,0,0,0,0
153,0,34.829875,0.000000,0.000000,0.000000,0.000000,0.000000,0.000000,0.118084,0.048583,0.000000,0,0,0,0,0,0,0,0,0,0,0,0,0,0,0,0,0,0
154,0,34.152917,0.000000,0.000000,0.000000,0.000000,0.000000,0.000000,0.180875,0.037500,0.000000,0,0,0,0,0,0,0,0,0,0,0,0,0,0,0,0,0,0
155,0,35.752875,0.000000,0.000000,0.000000,0.000000,0.000000,0.000000,0.160458,0.033292,0.000000,0,0,0,0,0,0,0,0,0,0,0,0,0,0,0,0,0,0
156,0,43.316625,0.000000,0.000000,0.000000,0.000000,0.000000,0.000000,0.109000,0.035542,0.000000,0,0,0,0,0,0,0,0,0,0,0,0,0,0,0,0,0,0
157,0,34.029417,0.000000,0.000000,0.000000,0.000000,0.000000,0.000000,0.111833,0.020083,0.000000,0,0,0,0,0,0,0,0,0,0,0,0,0,0,0,0,0,0
158,0,34.667083,0.000000,0.000000,0.000000,0.000000,0.000000,0.000000,0.121875,0.174417,0.000000,0,0,0,0,0,0,0,0,0,0,0,0,0,0,0,0,0,0
159,0,39.525625,0.000000,0.000000,0.000000,0.000000,0.000000,0.000000,0.186333,0.106334,0.000000,0,0,0,0,0,0,0,0,0,0,0,0,0,0,0,0,0,0
160,0,39.851958,0.000000,0.000000,0.000000,0.000000,0.000000,0.000000,0.093709,0.018208,0.000000,0,0,0,0,0,0,0,0,0,0,0,0,0,0,0,0,0,0
161,0,37.252417,0.000000,0.000000,0.000000,0.000000,0.000000,0.000000,0.124583,0.019834,0.000000,0,0,0,0,0,0,0,0,0,0,0,0,0,0,0,0,0,0
162,0,39.613125,0.000000,0.000000,0.000000,0.000000,0.000000,0.000000,0.176708,0.042417,0.000000,0,0,0,0,0,0,0,0,0,0,0,0,0,0,0,0,0,0
163,0,41.676292,0.000000,0.000000,0.000000,0.000000,0.000000,0.000000,0.177416,0.039125,0.000000,0,0,0,0,0,0,0,0,0,0,0,0,0,0,0,0,0,0
164,0,33.977083,0.000000,0.000000,0.000000,0.000000,0.000000,0.000000,0.178292,0.039625,0.000000,0,0,0,0,0,0,0,0,0,0,0,0,0,0,0,0,0,0
165,0,41.275833,0.000000,0.000000,0.000000,0.000000,0.000000,0.000000,0.106750,0.046709,0.000000,0,0,0,0,0,0,0,0,0,0,0,0,0,0,0,0,0,0
166,0,34.181584,0.000000,0.000000,0.000000,0.000000,0.000000,0.000000,0.111791,0.022042,0.000000,0,0,0,0,0,0,0,0,0,0,0,0,0,0,0,0,0,0
167,0,42.160750,0.000000,0.000000,0.000000,0.000000,0.000000,0.000000,0.188875,0.038125,0.000000,0,0,0,0,0,0,0,0,0,0,0,0,0,0,0,0,0,0
168,0,33.953916,0.000000,0.000000,0.000000,0.000000,0.000000,0.000000,0.171459,0.037291,0.000000,0,0,0,0,0,0,0,0,0,0,0,0,0,0,0,0,0,0
169,0,33.732042,0.000000,0.000000,0.000000,0.000000,0.000000,0.000000,0.166792,0.036416,0.000000,0,0,0,0,0,0,0,0,0,0,0,0,0,0,0,0,0,0
170,0,38.953542,0.000000,0.000000,0.000000,0.000000,0.000000,0.000000,0.107333,0.022250,0.000000,0,0,0,0,0,0,0,0,0,0,0,0,0,0,0,0,0,0
171,0,43.171666,0.000000,0.000000,0.000000,0.000000,0.000000,0.000000,0.106792,0.021458,0.000000,0,0,0,0,0,0,0,0,0,0,0,0,0,0,0,0,0,0
172,0,38.631417,0.000000,0.000000,0.000000,0.000000,0.000000,0.000000,0.105708,0.121542,0.000000,0,0,0,0,0,0,0,0,0,0,0,0,0,0,0,0,0,0
173,0,43.190333,0.000000,0.000000,0.000000,0.000000,0.000000,0.000000,0.091959,0.020375,0.000000,0,0,0,0,0,0,0,0,0,0,0,0,0,0,0,0,0,0
174,0,41.795209,0.000000,0.000000,0.000000,0.000000,0.000000,0.000000,0.110166,0.019084,0.000000,0,0,0,0,0,0,0,0,0,0,0,0,0,0,0,0,0,0
175,0,34.769875,0.000000,0.000000,0.000000,0.000000,0.000000,0.000000,0.180416,0.025625,0.000000,0,0,0,0,0,0,0,0,0,0,0,0,0,0,0,0,0,0
176,0,35.612375,0.000000,0.000000,0.000000,0.000000,0.000000,0.000000,0.175125,0.031875,0.000000,0,0,0,0,0,0,0,0,0,0,0,0,0,0,0,0,0,0
177,0,41.200416,0.000000,0.000000,0.000000,0.000000,0.000000,0.000000,0.172209,0.040666,0.000000,0,0,0,0,0,0,0,0,0,0,0,0,0,0,0,0,0,0
178,0,41.426334,0.000000,0.000000,0.000000,0.000000,0.000000,0.000000,0.205166,0.035000,0.000000,0,0,0,0,0,0,0,0,0,0,0,0,0,0,0,0,0,0
179,0,36.483166,0.000000,0.000000,0.000000,0.000000,0.000000,0.000000,0.139500,0.055459,0.000000,0,0,0,0,0,0,0,0,0,0,0,0,0,0,0,0,0,0
180,0,36.626667,0.000000,0.000000,0.000000,0.000000,0.000000,0.000000,0.105667,0.021125,0.000000,0,0,0,0,0,0,0,0,0,0,0,0,0,0,0,0,0,0
181,0,43.188458,0.000000,0.000000,0.000000,0.000000,0.000000,0.000000,0.165250,0.033167,0.000000,0,0,0,0,0,0,0,0,0,0,0,0,0,0,0,0,0,0
182,0,42.500042,0.000000,0.000000,0.000000,0.000000,0.000000,0.000000,0.178542,0.039833,0.000000,0,0,0,0,0,0,0,0,0,0,0,0,0,0,0,0,0,0
183,0,43.327083,0.000000,0.000000,0.000000,0.000000,0.000000,0.000000,0.174250,0.035292,0.000000,0,0,0,0,0,0,0,0,0,0,0,0,0,0,0,0,0,0
184,0,38.193000,0.000000,0.000000,0.000000,0.000000,0.000000,0.000000,0.164375,0.033709,0.000000,0,0,0,0,0,0,0,0,0,0,0,0,0,0,0,0,0,0
185,0,36.174167,0.000000,0.000000,0.000000,0.000000,0.000000,0.000000,0.178583,0.032959,0.000000,0,0,0,0,0,0,0,0,0,0,0,0,0,0,0,0,0,0
186,0,39.263708,0.000000,0.000000,0.000000,0.000000,0.000000,0.000000,0.156334,0.033083,0.000000,0,0,0,0,0,0,0,0,0,0,0,0,0,0,0,0,0,0
187,0,39.486584,0.000000,0.000000,0.000000,0.000000,0.000000,0.000000,0.170291,0.033667,0.000000,0,0,0,0,0,0,0,0,0,0,0,0,0,0,0,0,0,0
188,0,33.705416,0.000000,0.000000,0.000000,0.000000,0.000000,0.000000,0.206459,0.038041,0.000000,0,0,0,0,0,0,0,0,0,0,0,0,0,0,0,0,0,0
189,0,43.328584,0.000000,0.000000,0.000000,0.000000,0.000000,0.000000,0.159500,0.032583,0.000000,0,0,0,0,0,0,0,0,0,0,0,0,0,0,0,0,0,0
190,0,43.270958,0.000000,0.000000,0.000000,0.000000,0.000000,0.000000,0.175333,0.033084,0.000000,0,0,0,0,0,0,0,0,0,0,0,0,0,0,0,0,0,0
191,0,37.911375,0.000000,0.000000,0.000000,0.000000,0.000000,0.000000,0.169000,0.033208,0.000000,0,0,0,0,0,0,0,0,0,0,0,0,0,0,0,0,0,0
192,0,41.300000,0.000000,0.000000,0.000000,0.000000,0.000000,0.000000,0.167333,0.035000,0.000000,0,0,0,0,0,0,0,0,0,0,0,0,0,0,0,0,0,0
193,0,35.571167,0.000000,0.000000,0.000000,0.000000,0.000000,0.000000,0.150333,0.030208,0.000000,0,0,0,0,0,0,0,0,0,0,0,0,0,0,0,0,0,0
194,0,40.448916,0.000000,0.000000,0.000000,0.000000,0.000000,0.000000,0.162500,0.035417,0.000000,0,0,0,0,0,0,0,0,0,0,0,0,0,0,0,0,0,0
195,0,42.297584,0.000000,0.000000,0.000000,0.000000,0.000000,0.000000,0.196750,0.031833,0.000000,0,0,0,0,0,0,0,0,0,0,0,0,0,0,0,0,0,0
196,0,34.639208,0.000000,0.000000,0.000000,0.000000,0.000000,0.000000,0.203542,0.044500,0.000000,0,0,0,0,0,0,0,0,0,0,0,0,0,0,0,0,0,0
197,0,35.118000,0.000000,0.000000,0.000000,0.000000,0.000000,0.000000,0.172000,0.036708,0.000000,0,0,0,0,0,0,0,0,0,0,0,0,0,0,0,0,0,0
198,0,34.935708,0.000000,0.000000,0.000000,0.000000,0.000000,0.000000,0.104917,0.071458,0.000000,0,0,0,0,0,0,0,0,0,0,0,0,0,0,0,0,0,0
199,0,39.539834,0.000000,0.000000,0.000000,0.000000,0.000000,0.000000,0.178416,0.043000,0.000000,0,0,0,0,0,0,0,0,0,0,0,0,0,0,0,0,0,0
200,0,38.229791,0.000000,0.000000,0.000000,0.000000,0.000000,0.000000,0.109792,0.076417,0.000000,0,0,0,0,0,0,0,0,0,0,0,0,0,0,0,0,0,0
201,0,41.306875,0.000000,0.000000,0.000000,0.000000,0.000000,0.000000,0.095959,0.072791,0.000000,0,0,0,0,0,0,0,0,0,0,0,0,0,0,0,0,0,0
202,0,43.298542,0.000000,0.000000,0.000000,0.000000,0.000000,0.000000,0.172875,0.034375,0.000000,0,0,0,0,0,0,0,0,0,0,0,0,0,0,0,0,0,0
203,0,33.821917,0.000000,0.000000,0.000000,0.000000,0.000000,0.000000,0.171166,0.034584,0.000000,0,0,0,0,0,0,0,0,0,0,0,0,0,0,0,0,0,0
204,0,39.565791,0.000000,0.000000,0.000000,0.000000,0.000000,0.000000,0.187750,0.054375,0.000000,0,0,0,0,0,0,0,0,0,0,0,0,0,0,0,0,0,0
205,0,37.157375,0.000000,0.000000,0.000000,0.000000,0.000000,0.000000,0.183625,0.037500,0.000000,0,0,0,0,0,0,0,0,0,0,0,0,0,0,0,0,0,0
206,0,36.087709,0.000000,0.000000,0.000000,0.000000,0.000000,0.000000,0.112666,0.025125,0.000000,0,0,0,0,0,0,0,0,0,0,0,0,0,0,0,0,0,0
207,0,39.389541,0.000000,0.000000,0.000000,0.000000,0.000000,0.000000,0.178625,0.037959,0.000000,0,0,0,0,0,0,0,0,0,0,0,0,0,0,0,0,0,0
208,0,37.339125,0.000000,0.000000,0.000000,0.000000,0.000000,0.000000,0.107917,0.071875,0.000000,0,0,0,0,0,0,0,0,0,0,0,0,0,0,0,0,0,0
209,0,35.163625,0.000000,0.000000,0.000000,0.000000,0.000000,0.000000,0.096250,0.019917,0.000000,0,0,0,0,0,0,0,0,0,0,0,0,0,0,0,0,0,0
210,0,40.048000,0.000000,0.000000,0.000000,0.000000,0.000000,0.000000,0.178209,0.043416,0.000000,0,0,0,0,0,0,0,0,0,0,0,0,0,0,0,0,0,0
211,0,39.777667,0.000000,0.000000,0.000000,0.000000,0.000000,0.000000,0.110500,0.046292,0.000000,0,0,0,0,0,0,0,0,0,0,0,0,0,0,0,0,0,0
212,0,38.030292,0.000000,0.000000,0.000000,0.000000,0.000000,0.000000,0.169416,0.308834,0.000000,0,0,0,0,0,0,0,0,0,0,0,0,0,0,0,0,0,0
213,0,40.731000,0.000000,0.000000,0.000000,0.000000,0.000000,0.000000,0.245750,0.036083,0.000000,0,0,0,0,0,0,0,0,0,0,0,0,0,0,0,0,0,0
214,0,33.537125,0.000000,0.000000,0.000000,0.000000,0.000000,0.000000,0.158000,0.023583,0.000000,0,0,0,0,0,0,0,0,0,0,0,0,0,0,0,0,0,0
215,0,38.612833,0.000000,0.000000,0.000000,0.000000,0.000000,0.000000,0.189750,0.039333,0.000000,0,0,0,0,0,0,0,0,0,0,0,0,0,0,0,0,0,0
216,0,37.223000,0.000000,0.000000,0.000000,0.000000,0.000000,0.000000,0.165333,0.036834,0.000000,0,0,0,0,0,0,0,0,0,0,0,0,0,0,0,0,0,0
217,0,41.390875,0.000000,0.000000,0.000000,0.000000,0.000000,0.000000,0.215875,0.087917,0.000000,0,0,0,0,0,0,0,0,0,0,0,0,0,0,0,0,0,0
218,0,35.263250,0.000000,0.000000,0.000000,0.000000,0.000000,0.000000,0.189125,0.042958,0.000000,0,0,0,0,0,0,0,0,0,0,0,0,0,0,0,0,0,0
219,0,43.329167,0.000000,0.000000,0.000000,0.000000,0.000000,0.000000,0.172333,0.037250,0.000000,0,0,0,0,0,0,0,0,0,0,0,0,0,0,0,0,0,0
220,0,33.764833,0.000000,0.000000,0.000000,0.000000,0.000000,0.000000,0.105417,0.118583,0.000000,0,0,0,0,0,0,0,0,0,0,0,0,0,0,0,0,0,0
221,0,36.454958,0.000000,0.000000,0.000000,0.000000,0.000000,0.000000,0.162584,0.034083,0.000000,0,0,0,0,0,0,0,0,0,0,0,0,0,0,0,0,0,0
222,0,43.310459,0.000000,0.000000,0.000000,0.000000,0.000000,0.000000,0.108000,0.019875,0.000000,0,0,0,0,0,0,0,0,0,0,0,0,0,0,0,0,0,0
223,0,33.906083,0.000000,0.000000,0.000000,0.000000,0.000000,0.000000,0.163000,0.021500,0.000000,0,0,0,0,0,0,0,0,0,0,0,0,0,0,0,0,0,0
224,0,39.651042,0.000000,0.000000,0.000000,0.000000,0.000000,0.000000,0.174875,0.036666,0.000000,0,0,0,0,0,0,0,0,0,0,0,0,0,0,0,0,0,0
225,0,41.508000,0.000000,0.000000,0.000000,0.000000,0.000000,0.000000,0.170416,0.037875,0.000000,0,0,0,0,0,0,0,0,0,0,0,0,0,0,0,0,0,0
226,0,42.355291,0.000000,0.000000,0.000000,0.000000,0.000000,0.000000,0.178834,0.039041,0.000000,0,0,0,0,0,0,0,0,0,0,0,0,0,0,0,0,0,0
227,0,37.953500,0.000000,0.000000,0.000000,0.000000,0.000000,0.000000,0.177375,0.037000,0.000000,0,0,0,0,0,0,0,0,0,0,0,0,0,0,0,0,0,0
228,0,33.880459,0.000000,0.000000,0.000000,0.000000,0.000000,0.000000,0.119708,0.021708,0.000000,0,0,0,0,0,0,0,0,0,0,0,0,0,0,0,0,0,0
229,0,41.955208,0.000000,0.000000,0.000000,0.000000,0.000000,0.000000,0.185917,0.038500,0.000000,0,0,0,0,0,0,0,0,0,0,0,0,0,0,0,0,0,0
230,0,42.739333,0.000000,0.000000,0.000000,0.000000,0.000000,0.000000,0.182292,0.039875,0.000000,0,0,0,0,0,0,0,0,0,0,0,0,0,0,0,0,0,0
231,0,43.319917,0.000000,0.000000,0.000000,0.000000,0.000000,0.000000,0.169667,0.035791,0.000000,0,0,0,0,0,0,0,0,0,0,0,0,0,0,0,0,0,0
232,0,34.697542,0.000000,0.000000,0.000000,0.000000,0.000000,0.000000,0.171125,0.036625,0.000000,0,0,0,0,0,0,0,0,0,0,0,0,0,0,0,0,0,0
233,0,42.414833,0.000000,0.000000,0.000000,0.000000,0.000000,0.000000,0.114708,0.023750,0.000000,0,0,0,0,0,0,0,0,0,0,0,0,0,0,0,0,0,0
234,0,43.440625,0.000000,0.000000,0.000000,0.000000,0.000000,0.000000,0.164417,0.033208,0.000000,0,0,0,0,0,0,0,0,0,0,0,0,0,0,0,0,0,0
235,0,43.280958,0.000000,0.000000,0.000000,0.000000,0.000000,0.000000,0.118209,1.418625,0.000000,0,0,0,0,0,0,0,0,0,0,0,0,0,0,0,0,0,0
236,0,36.015459,0.000000,0.000000,0.000000,0.000000,0.000000,0.000000,0.108916,0.034000,0.000000,0,0,0,0,0,0,0,0,0,0,0,0,0,0,0,0,0,0
237,0,43.214916,0.000000,0.000000,0.000000,0.000000,0.000000,0.000000,0.183834,0.033916,0.000000,0,0,0,0,0,0,0,0,0,0,0,0,0,0,0,0,0,0
238,0,37.359334,0.000000,0.000000,0.000000,0.000000,0.000000,0.000000,0.128500,0.022625,0.000000,0,0,0,0,0,0,0,0,0,0,0,0,0,0,0,0,0,0
239,0,35.389458,0.000000,0.000000,0.000000,0.000000,0.000000,0.000000,0.112250,0.046583,0.000000,0,0,0,0,0,0,0,0,0,0,0,0,0,0,0,0,0,0
240,0,40.273958,0.000000,0.000000,0.000000,0.000000,0.000000,0.000000,0.099834,0.021291,0.000000,0,0,0,0,0,0,0,0,0,0,0,0,0,0,0,0,0,0
241,0,43.233584,0.000000,0.000000,0.000000,0.000000,0.000000,0.000000,0.164208,0.034667,0.000000,0,0,0,0,0,0,0,0,0,0,0,0,0,0,0,0,0,0
242,0,43.274750,0.000000,0.000000,0.000000,0.000000,0.000000,0.000000,0.107708,0.050000,0.000000,0,0,0,0,0,0,0,0,0,0,0,0,0,0,0,0,0,0
243,0,34.563791,0.000000,0.000000,0.000000,0.000000,0.000000,0.000000,0.205209,0.075333,0.000000,0,0,0,0,0,0,0,0,0,0,0,0,0,0,0,0,0,0
244,0,37.774709,0.000000,0.000000,0.000000,0.000000,0.000000,0.000000,0.182000,0.019500,0.000000,0,0,0,0,0,0,0,0,0,0,0,0,0,0,0,0,0,0
245,0,34.892250,0.000000,0.000000,0.000000,0.000000,0.000000,0.000000,0.111625,0.020041,0.000000,0,0,0,0,0,0,0,0,0,0,0,0,0,0,0,0,0,0
246,0,41.667750,0.000000,0.000000,0.000000,0.000000,0.000000,0.000000,0.205916,0.048459,0.000000,0,0,0,0,0,0,0,0,0,0,0,0,0,0,0,0,0,0
247,0,37.349875,0.000000,0.000000,0.000000,0.000000,0.000000,0.000000,0.181375,0.037666,0.000000,0,0,0,0,0,0,0,0,0,0,0,0,0,0,0,0,0,0
248,0,37.159750,0.000000,0.000000,0.000000,0.000000,0.000000,0.000000,0.098500,0.018916,0.000000,0,0,0,0,0,0,0,0,0,0,0,0,0,0,0,0,0,0
249,0,43.192416,0.000000,0.000000,0.000000,0.000000,0.000000,0.000000,0.172292,0.033042,0.000000,0,0,0,0,0,0,0,0,0,0,0,0,0,0,0,0,0,0
250,0,36.155667,0.000000,0.000000,0.000000,0.000000,0.000000,0.000000,0.125750,0.022250,0.000000,0,0,0,0,0,0,0,0,0,0,0,0,0,0,0,0,0,0
251,0,43.200792,0.000000,0.000000,0.000000,0.000000,0.000000,0.000000,0.121666,0.066709,0.000000,0,0,0,0,0,0,0,0,0,0,0,0,0,0,0,0,0,0
252,0,42.869041,0.000000,0.000000,0.000000,0.000000,0.000000,0.000000,0.195709,0.041666,0.000000,0,0,0,0,0,0,0,0,0,0,0,0,0,0,0,0,0,0
253,0,35.046209,0.000000,0.000000,0.000000,0.000000,0.000000,0.000000,0.171791,0.047500,0.000000,0,0,0,0,0,0,0,0,0,0,0,0,0,0,0,0,0,0
254,0,41.157166,0.000000,0.000000,0.000000,0.000000,0.000000,0.000000,0.144042,0.032708,0.000000,0,0,0,0,0,0,0,0,0,0,0,0,0,0,0,0,0,0
255,0,38.579875,0.000000,0.000000,0.000000,0.000000,0.000000,0.000000,0.101542,0.039167,0.000000,0,0,0,0,0,0,0,0,0,0,0,0,0,0,0,0,0,0
256,0,43.204875,0.000000,0.000000,0.000000,0.000000,0.000000,0.000000,0.071334,0.014625,0.000000,0,0,0,0,0,0,0,0,0,0,0,0,0,0,0,0,0,0
257,0,128.795792,0.000000,0.000000,0.000000,0.000000,0.000000,0.000000,0.116625,0.020833,0.000000,0,0,0,0,0,0,0,0,0,0,0,0,0,0,0,0,0,0
258,200,3261.755375,3015.594140,1987.589128,0.531734,971.047671,934.812519,36.227486,0.099833,0.705792,158.471542,124735,1319960018,101345344,0,346,14,332,0,0,0,0,0,0,1085181,512,634705,449879,85
259,201,18.630292,18.550173,2.683805,0.010125,15.576083,12.444000,3.131958,0.052708,0.034750,0.998458,632,972058,61074,0,2,0,2,0,0,0,0,0,0,6686,0,3510,3176,0
260,300,1650.576416,1640.151656,1029.151516,0.008787,636.953372,624.426380,12.526617,0.065792,0.015542,89.652413,62914,796561834,50949228,0,500,0,500,0,0,0,0,0,0,679424,15424,387270,276730,0
261,301,16.672542,16.565142,3.971144,0.009130,12.553249,11.343999,1.209084,0.044000,0.042083,0.502667,652,2140017,155844,0,2,0,2,0,0,0,0,0,0,5406,0,3510,1896,0
262,302,16.448125,16.330535,16.236528,0.001873,0.312210,0.311722,0.000404,0.052083,0.101250,0.794084,661,6994317,176783,0,302,0,302,0,0,0,0,0,0,21046,14400,3510,3136,0
263,303,18.619125,18.517362,3.684329,0.008876,14.823916,12.447875,2.375875,0.030000,0.007917,1.007166,657,2030608,141849,0,2,0,2,0,0,0,0,0,0,7208,0,4680,2528,0
264,304,16.263458,16.151958,16.138160,0.001335,0.000292,0.000000,0.000000,0.030084,0.040458,0.490125,659,7270886,181093,0,302,0,302,0,0,0,0,0,0,21046,14400,3510,3136,0
265,305,17.025584,16.918462,3.521265,0.008504,13.383416,10.948541,2.434709,0.029500,0.008875,0.964834,653,2014548,145086,0,2,0,2,0,0,0,0,0,0,5406,0,3510,1896,0
266,306,15.728125,15.615612,15.617636,0.001207,0.000251,0.000000,0.000000,0.024041,0.011250,0.444458,669,7332175,170435,0,302,0,302,0,0,0,0,0,0,22848,14400,4680,3768,0
267,307,16.820750,16.700239,4.093858,0.009794,12.655041,11.547208,1.107667,0.040125,0.011666,0.958500,651,2055276,148604,0,2,0,2,0,0,0,0,0,0,5406,0,3510,1896,0
268,308,15.902708,15.790784,15.797337,0.001251,0.000332,0.000000,0.000000,0.024542,0.011958,0.632667,666,7417350,175336,0,302,0,302,0,0,0,0,0,0,21046,14400,3510,3136,0
269,309,18.011417,17.907327,3.533133,0.008377,14.370999,11.610750,2.760125,0.032500,0.038500,0.978958,659,2008620,140026,0,2,0,2,0,0,0,0,0,0,7208,0,4680,2528,0
270,310,16.054875,15.944371,15.881123,0.000920,0.000293,0.000000,0.000000,0.027791,0.013959,0.640000,660,7570098,180500,0,302,0,302,0,0,0,0,0,0,21046,14400,3510,3136,0
271,311,17.255500,17.151668,3.886625,0.008590,13.705083,12.015416,1.689500,0.022000,0.007083,0.979208,651,1966702,140975,0,2,0,2,0,0,0,0,0,0,5406,0,3510,1896,0
272,312,15.942083,15.827121,15.786636,0.001043,0.000543,0.000000,0.000000,0.040417,0.048333,1.259292,669,7551957,173840,0,302,0,302,0,0,0,0,0,0,22848,14400,4680,3768,0
273,313,17.494500,17.391547,3.472131,0.008827,13.883291,11.287624,2.595542,0.025125,0.015000,0.610208,649,2007230,144500,0,2,0,2,0,0,0,0,0,0,5406,0,3510,1896,0
274,314,15.356083,15.247185,15.227707,0.000707,0.000292,0.000000,0.000000,0.025459,0.008125,0.919792,659,7479802,172026,0,302,0,302,0,0,0,0,0,0,21046,14400,3510,3136,0
275,315,17.809709,17.704258,3.375576,0.008718,14.325626,11.581500,2.744042,0.020541,0.015209,0.446625,659,1991379,138529,0,2,0,2,0,0,0,0,0,0,7208,0,4680,2528,0
276,316,15.962625,15.851711,15.732377,0.001208,0.000334,0.000000,0.000000,0.046583,0.016458,1.191417,659,7532593,176963,0,302,0,302,0,0,0,0,0,0,21046,14400,3510,3136,0
277,317,17.617375,17.511487,3.405835,0.008249,14.113001,11.441333,2.671542,0.021208,0.006833,0.615833,659,1919816,134597,0,2,0,2,0,0,0,0,0,0,7004,0,4536,2468,0
278,318,15.578916,15.465765,15.461788,0.001086,0.000416,0.000000,0.000000,0.026667,0.008042,0.940543,662,7503806,171787,0,302,0,302,0,0,0,0,0,0,21250,14400,3654,3196,0
279,319,17.629167,17.521409,3.288370,0.008741,14.240917,11.508000,2.732834,0.018458,0.018334,1.269583,649,1960250,140401,0,2,0,2,0,0,0,0,0,0,5406,0,3510,1896,0
280,320,15.427083,15.315199,15.301179,0.001002,0.000333,0.000000,0.000000,0.021209,0.023958,0.639959,665,7437704,163479,0,302,0,302,0,0,0,0,0,0,22848,14400,4680,3768,0
281,321,16.411584,16.307593,3.463127,0.009374,13.099709,12.935001,0.164708,0.020333,0.198458,0.912417,654,1979983,142096,0,2,0,2,0,0,0,0,0,0,5406,0,3510,1896,0
282,322,16.696583,16.587086,16.391367,0.001127,0.889333,0.864541,0.024792,0.025750,0.194208,0.308042,660,7472666,171382,0,302,0,302,0,0,0,0,0,0,21046,14400,3510,3136,0
283,323,18.003042,17.902044,3.384185,0.008957,14.477876,11.791583,2.686167,0.021958,0.014250,1.253750,657,1871460,128174,0,2,0,2,0,0,0,0,0,0,7208,0,4680,2528,0
284,324,15.506625,15.390353,15.392510,0.001335,0.026250,0.026000,0.000041,0.027125,0.037708,0.609375,661,7463711,170088,0,302,0,302,0,0,0,0,0,0,21046,14400,3510,3136,0
285,325,17.784333,17.680121,3.387035,0.009129,14.260041,12.356541,1.903334,0.027667,0.012125,1.251084,651,1912860,136290,0,2,0,2,0,0,0,0,0,0,5406,0,3510,1896,0
286,326,15.465708,15.357971,15.342986,0.001126,0.190458,0.185930,0.004362,0.022167,0.178000,0.610000,667,7387988,158825,0,302,0,302,0,0,0,0,0,0,22848,14400,4680,3768,0
287,327,16.652917,16.546369,3.860949,0.008843,13.282834,13.260834,0.022000,0.024208,0.219000,0.942000,654,1896531,134922,0,2,0,2,0,0,0,0,0,0,5406,0,3510,1896,0
288,328,16.690667,16.581254,16.404632,0.000877,1.005084,0.991750,0.013334,0.033375,0.174958,0.961917,658,7425360,167159,0,302,0,302,0,0,0,0,0,0,21046,14400,3510,3136,0
289,329,18.159458,18.055578,3.337831,0.009876,14.643167,12.332042,2.311000,0.021667,0.014458,0.607166,658,1824351,124066,0,2,0,2,0,0,0,0,0,0,7208,0,4680,2528,0
290,330,15.269833,15.159945,15.148569,0.001249,0.109624,0.107042,0.002166,0.023167,0.127167,1.008334,663,7409282,165141,0,302,0,302,0,0,0,0,0,0,21046,14400,3510,3136,0
291,331,18.020709,17.915918,3.288551,0.009329,14.624374,11.780249,2.843959,0.019416,0.011959,0.637083,651,1864837,132186,0,2,0,2,0,0,0,0,0,0,5406,0,3510,1896,0
292,332,15.269666,15.161739,15.163160,0.000962,0.248416,0.228583,0.019667,0.021709,0.214708,0.923083,667,7336647,154049,0,302,0,302,0,0,0,0,0,0,22848,14400,4680,3768,0
293,333,18.069209,17.965091,3.303702,0.009254,14.603875,11.754916,2.848792,0.018500,0.032583,0.609333,652,1848869,130809,0,2,0,2,0,0,0,0,0,0,5406,0,3510,1896,0
294,334,15.283375,15.174542,15.148795,0.001250,0.194168,0.191917,0.002083,0.028708,0.235958,0.864458,661,7377518,162467,0,302,0,302,0,0,0,0,0,0,21046,14400,3510,3136,0
295,335,17.379625,17.270576,3.728677,0.009626,13.950125,13.209208,0.740792,0.020625,0.014916,0.971666,658,1776213,119955,0,2,0,2,0,0,0,0,0,0,7208,0,4680,2528,0
296,336,16.051250,15.940962,15.840179,0.001293,0.772917,0.751139,0.021694,0.026000,0.141791,0.326333,662,7361343,160550,0,302,0,302,0,0,0,0,0,0,21046,14400,3510,3136,0
297,337,18.739208,18.629452,3.785995,0.008787,15.354417,13.189999,2.164250,0.019625,0.012125,1.111667,650,1816422,128069,0,2,0,2,0,0,0,0,0,0,5406,0,3510,1896,0
298,338,15.273875,15.169330,15.162547,0.001293,0.000250,0.000000,0.000000,0.027792,0.008125,0.639209,667,7305528,153358,0,302,0,302,0,0,0,0,0,0,23497,14400,4680,4417,0
299,339,16.383167,16.275240,3.744222,0.009208,13.184126,12.719583,0.464459,0.023958,0.006958,1.325834,653,1801155,126710,0,2,0,2,0,0,0,0,0,0,5406,0,3510,1896,0
300,340,16.285833,16.177798,15.983063,0.001123,1.136542,1.104083,0.032459,0.019708,0.234750,0.653292,659,7388757,165237,0,302,0,302,0,0,0,0,0,0,21666,14400,3510,3756,0
301,341,18.248750,18.135609,3.350385,0.008791,14.776917,11.881208,2.895542,0.033583,0.007834,0.939541,660,1728532,115860,0,2,0,2,0,0,0,0,0,0,7208,0,4680,2528,0
302,342,15.873792,15.763218,15.723836,0.003248,0.000332,0.000000,0.000000,0.038625,0.049583,0.360333,662,7317771,158098,0,302,0,302,0,0,0,0,0,0,21629,14400,3510,3719,0
303,343,17.501458,17.391664,3.200084,0.009538,14.147502,11.447500,2.699834,0.025125,0.007208,1.232126,652,1775494,124488,0,2,0,2,0,0,0,0,0,0,5406,0,3510,1896,0
304,344,15.923167,15.809506,15.630006,0.001630,0.000333,0.000000,0.000000,0.043166,0.012417,1.033375,666,7245466,147108,0,302,0,302,0,0,0,0,0,0,23431,14400,4680,4351,0
305,345,17.518375,17.408383,3.263093,0.009506,14.131917,11.436334,2.695417,0.028750,0.008041,0.708875,650,1764176,123526,0,2,0,2,0,0,0,0,0,0,5406,0,3510,1896,0
306,346,15.607791,15.492614,15.488198,0.001501,0.000290,0.000000,0.000000,0.036542,0.009792,1.186542,662,7301496,156906,0,302,0,302,0,0,0,0,0,0,21615,14400,3510,3705,0
307,347,16.056459,15.959796,3.893709,0.009206,13.210250,13.209791,0.000459,0.022916,0.245792,0.473584,661,1689198,112412,0,2,0,2,0,0,0,0,0,0,7208,0,4680,2528,0
308,348,16.714500,16.602359,16.495490,0.001497,1.212833,1.203584,0.009249,0.024583,0.214167,0.658792,660,7283562,154739,0,302,0,302,0,0,0,0,0,0,21592,14400,3510,3682,0
309,349,16.728500,16.616881,3.536569,0.009588,13.477168,12.573625,0.903543,0.037583,0.157042,0.676000,652,1721917,119871,0,2,0,2,0,0,0,0,0,0,5406,0,3510,1896,0
310,350,16.721416,16.606604,16.269842,0.001540,1.055084,1.054625,0.000375,0.042667,0.116542,0.976209,667,7203202,143012,0,302,0,302,0,0,0,0,0,0,23329,14400,4680,4249,0
311,351,18.012500,17.905570,3.167515,0.020586,14.716917,11.839917,2.876875,0.029834,0.013041,1.361292,651,1706030,118500,0,2,0,2,0,0,0,0,0,0,5406,0,3510,1896,0
312,352,15.821459,15.704420,15.632635,0.001750,0.000291,0.000000,0.000000,0.052208,0.017417,0.290875,657,7237708,150515,0,302,0,302,0,0,0,0,0,0,21458,14400,3510,3548,0
313,353,18.556750,18.443761,4.216627,0.010756,14.614792,12.434708,2.179667,0.071625,0.016083,0.934167,658,1663594,110199,0,2,0,2,0,0,0,0,0,0,7208,0,4680,2528,0
314,354,16.294291,16.182818,16.070348,0.001414,0.000749,0.000000,0.000000,0.066417,0.016958,0.607875,660,7222033,148571,0,302,0,302,0,0,0,0,0,0,21451,14400,3510,3541,0
315,355,16.843334,16.728547,3.443925,0.010716,13.268374,10.875374,2.392750,0.071083,0.022792,0.610209,653,1686620,116832,0,2,0,2,0,0,0,0,0,0,5406,0,3510,1896,0
316,356,16.209083,16.093793,16.014244,0.001666,0.000750,0.000000,0.000000,0.065750,0.034875,0.286709,667,7151746,138376,0,302,0,302,0,0,0,0,0,0,23191,14400,4680,4111,0
317,357,15.497167,15.389670,4.345509,0.010490,11.772085,11.340834,0.431042,0.060541,0.022459,0.936958,650,1657843,114388,0,2,0,2,0,0,0,0,0,0,5406,0,3510,1896,0
318,358,16.213458,16.102358,15.981827,0.001668,0.270999,0.270472,0.000236,0.062292,0.125458,0.361000,663,7193513,145920,0,302,0,302,0,0,0,0,0,0,21307,14400,3510,3397,0
319,359,16.888792,16.774544,5.517378,0.009793,12.928625,12.927958,0.000251,0.083333,0.022333,1.039999,660,1565828,101899,0,2,0,2,0,0,0,0,0,0,7208,0,4680,2528,0
320,360,16.517625,16.398902,16.291800,0.001792,0.708834,0.703181,0.005444,0.091708,0.077917,0.943918,661,7173206,143996,0,302,0,302,0,0,0,0,0,0,21298,14400,3510,3388,0
321,361,18.458625,18.349821,3.587591,0.009799,14.657793,11.798500,2.858918,0.059000,0.028166,0.352375,658,1625650,111650,0,2,0,2,0,0,0,0,0,0,5406,0,3510,1896,0
322,362,17.709500,17.592574,17.492784,0.002294,0.001124,0.000000,0.000000,0.055916,0.013334,0.941416,668,7111929,134130,0,302,0,302,0,0,0,0,0,0,23098,14400,4680,4018,0
323,363,13.881041,13.772843,3.442669,0.010290,10.537958,10.463958,0.073792,0.062000,0.083959,0.294208,651,1609656,110275,0,2,0,2,0,0,0,0,0,0,5406,0,3510,1896,0
324,364,16.600000,16.483969,16.402899,0.001671,0.599250,0.598472,0.000153,0.072792,0.160250,0.583375,660,7162754,143246,0,302,0,302,0,0,0,0,0,0,21298,14400,3510,3388,0
325,365,17.939709,17.827672,4.355955,0.011045,13.859292,12.985000,0.874083,0.055666,0.015250,0.292208,659,1608798,105545,0,2,0,2,0,0,0,0,0,0,7208,0,4680,2528,0
326,366,17.209208,17.090106,17.022834,0.001707,0.000459,0.000000,0.000000,0.066542,0.020750,1.167709,661,7126225,139890,0,302,0,302,0,0,0,0,0,0,21312,14400,3510,3402,0
327,367,15.500333,15.383488,3.312412,0.009796,12.076335,11.065666,1.010501,0.033709,0.015250,0.939709,650,1593220,108847,0,2,0,2,0,0,0,0,0,0,5406,0,3510,1896,0
328,368,16.960042,16.843595,16.849975,0.001916,0.000291,0.000000,0.000000,0.041125,0.011417,0.642666,668,7110282,133930,0,302,0,302,0,0,0,0,0,0,23125,14400,4680,4045,0
329,369,17.452875,17.337782,3.120795,0.010119,14.225166,11.568083,2.656875,0.027542,0.009291,1.076958,650,1576764,107356,0,2,0,2,0,0,0,0,0,0,5406,0,3510,1896,0
330,370,17.079833,16.957750,16.956245,0.001793,0.000250,0.000000,0.000000,0.028750,0.011792,0.610416,667,7094855,134745,0,302,0,302,0,0,0,0,0,0,22924,14400,4536,3988,0
331,371,16.612459,16.498049,3.031797,0.010044,13.479750,11.018250,2.461334,0.022875,0.012416,0.924458,653,1546390,102630,0,2,0,2,0,0,0,0,0,0,5610,0,3654,1956,0
332,372,16.978125,16.856544,16.853921,0.001959,0.000335,0.000000,0.000000,0.033958,0.011417,0.781249,659,7087994,136582,0,302,0,302,0,0,0,0,0,0,21374,14400,3510,3464,0
333,373,16.526666,16.412669,3.011789,0.009758,13.415750,10.972957,2.442668,0.022209,0.005791,0.300125,657,1530706,98872,0,2,0,2,0,0,0,0,0,0,7208,0,4680,2528,0
334,374,16.654709,16.535882,16.541622,0.001666,0.000251,0.000000,0.000000,0.022250,0.007083,0.637958,661,7066899,135169,0,302,0,302,0,0,0,0,0,0,20602,14400,3510,2692,0
335,375,16.513208,16.396095,2.908243,0.010756,13.496084,11.026875,2.469084,0.020000,0.006667,0.453083,652,1515164,102078,0,2,0,2,0,0,0,0,0,0,5406,0,3510,1896,0
336,376,16.675083,16.553986,16.557936,0.002001,0.000209,0.000000,0.000000,0.028500,0.009709,0.916751,666,7051797,129374,0,302,0,302,0,0,0,0,0,0,22262,14400,4680,3182,0
337,377,16.668375,16.554333,2.958208,0.010334,13.609583,11.100792,2.508667,0.019250,0.008667,0.615709,652,1518156,102325,0,2,0,2,0,0,0,0,0,0,5406,0,3510,1896,0
338,378,16.776459,16.657463,16.658738,0.002041,0.000376,0.000000,0.000000,0.044750,0.016750,0.660999,659,7024363,131661,0,302,0,302,0,0,0,0,0,0,20422,14400,3510,2512,0
339,379,16.868500,16.751646,3.194678,0.010658,13.572292,11.078874,2.493126,0.038500,0.012458,0.613875,660,1487983,95159,0,2,0,2,0,0,0,0,0,0,7208,0,4680,2528,0
340,380,16.663166,16.548003,16.549921,0.002290,0.000168,0.000000,0.000000,0.029709,0.010166,1.161291,660,7007598,130287,0,302,0,302,0,0,0,0,0,0,20251,14400,3510,2341,0
341,381,15.822125,15.705779,2.890539,0.010419,12.829292,11.012917,1.816250,0.023292,0.009000,0.620000,652,1488063,99705,0,2,0,2,0,0,0,0,0,0,5406,0,3510,1896,0
342,382,16.481584,16.363118,16.370509,0.001875,0.000251,0.000000,0.000000,0.018875,0.007500,1.073917,665,6996378,124353,0,302,0,302,0,0,0,0,0,0,22707,14400,4680,3627,0
343,383,15.676000,15.559564,3.279000,0.010922,12.945832,11.721790,1.224042,0.018375,0.124083,1.069375,651,1451713,96603,0,2,0,2,0,0,0,0,0,0,5406,0,3510,1896,0
344,384,16.634208,16.515481,16.521437,0.001667,0.346499,0.346015,0.000401,0.018917,0.171750,0.515834,658,6982495,127625,0,302,0,302,0,0,0,0,0,0,21090,14400,3510,3180,0
345,385,18.142167,18.026254,2.915496,0.010130,15.124250,12.114166,3.009917,0.019333,0.007000,1.248416,659,1435229,90633,0,2,0,2,0,0,0,0,0,0,7208,0,4680,2528,0
346,386,16.603958,16.484255,16.490243,0.001915,0.000291,0.000000,0.000000,0.019792,0.006875,0.610292,660,6965709,126201,0,302,0,302,0,0,0,0,0,0,21093,14400,3510,3183,0
347,387,16.937625,16.819149,2.723053,0.010927,14.108709,11.437833,2.670709,0.021292,0.006541,0.939500,652,1420266,93868,0,2,0,2,0,0,0,0,0,0,5406,0,3510,1896,0
348,388,16.417417,16.301114,16.305964,0.001832,0.000249,0.000000,0.000000,0.014583,0.006458,0.611167,666,6949812,120244,0,302,0,302,0,0,0,0,0,0,22857,14400,4680,3777,0
349,389,17.355750,17.238715,2.660339,0.010350,14.591458,12.277666,2.313667,0.021958,0.005958,1.157125,652,1403516,92488,0,2,0,2,0,0,0,0,0,0,5406,0,3510,1896,0
350,390,16.611541,16.491486,16.493604,0.002041,0.000292,0.000000,0.000000,0.025625,0.010042,0.894291,661,6950079,124845,0,302,0,302,0,0,0,0,0,0,21081,14400,3510,3171,0
351,391,16.644292,16.528471,2.767754,0.010710,13.773291,11.214457,2.558668,0.021833,0.005875,0.624708,659,1387872,86520,0,2,0,2,0,0,0,0,0,0,7208,0,4680,2528,0
352,392,16.339667,16.219197,16.219576,0.002086,0.000250,0.000000,0.000000,0.031166,0.008459,1.086708,659,6920919,122231,0,302,0,302,0,0,0,0,0,0,21280,14400,3510,3370,0
353,393,16.783541,16.666159,2.684710,0.011141,13.994417,11.362250,2.632042,0.018042,0.007000,0.625958,653,1372593,89755,0,2,0,2,0,0,0,0,0,0,5406,0,3510,1896,0
354,394,16.369209,16.247810,16.255529,0.001876,0.000250,0.000000,0.000000,0.017250,0.006500,0.751083,669,6906193,116344,0,302,0,302,0,0,0,0,0,0,23087,14400,4680,4007,0
355,395,15.396333,15.281929,2.774120,0.010668,12.681875,11.570083,1.111709,0.028708,0.080167,0.293791,651,1381490,90581,0,2,0,2,0,0,0,0,0,0,5406,0,3510,1896,0
356,396,16.598167,16.478937,16.484704,0.002372,0.268791,0.268306,0.000402,0.022375,0.189708,0.639583,659,6888157,119382,0,302,0,302,0,0,0,0,0,0,21287,14400,3510,3377,0
357,397,18.085250,17.962385,3.026307,0.011420,14.928208,12.052832,2.875251,0.027625,0.008583,0.940374,658,1340585,82428,0,2,0,2,0,0,0,0,0,0,7208,0,4680,2528,0
358,398,16.852666,16.731717,16.737071,0.002209,0.000334,0.000000,0.000000,0.028000,0.007417,0.607084,660,6884203,119057,0,302,0,302,0,0,0,0,0,0,21292,14400,3510,3382,0
359,399,16.947542,16.824250,2.734198,0.010966,14.104625,11.433666,2.670834,0.023708,0.007542,1.222541,650,1324527,85644,0,2,0,2,0,0,0,0,0,0,5406,0,3510,1896,0
360,400,17.748250,17.625010,17.634708,0.000000,0.000249,0.000000,0.000000,0.024833,0.021792,0.607625,647,8102858,65895,0,282,0,282,0,0,0,0,0,0,7208,0,4680,2528,0
361,401,15.910625,15.801171,4.035031,0.010082,12.017001,9.840374,2.176459,0.030375,0.014667,0.929709,673,1309633,63703,0,22,0,22,0,0,0,0,0,0,21276,14400,3510,3366,0
362,402,16.066625,15.952046,15.926466,0.000000,0.000335,0.000000,0.000000,0.031750,0.011833,0.628542,637,8102757,64968,0,302,0,302,0,0,0,0,0,0,8069,2663,3510,1896,0
363,403,17.089708,16.983197,3.413177,0.009956,13.576250,11.083374,2.492751,0.037542,0.015708,0.930666,683,1319207,73663,0,2,0,2,0,0,0,0,0,0,20430,11737,4680,4013,0
364,404,16.755250,16.643882,16.637542,0.000000,0.000165,0.000000,0.000000,0.025334,0.023083,1.246000,660,8102594,65577,0,302,0,302,0,0,0,0,0,0,21405,14400,3510,3495,0
365,405,16.616709,16.503226,2.683380,0.010033,13.817167,11.235500,2.581542,0.033791,0.016000,0.316542,653,1278434,83636,0,2,0,2,0,0,0,0,0,0,5406,0,3510,1896,0
366,406,16.662041,16.553983,16.520374,0.000000,0.000209,0.000000,0.000000,0.027625,0.006917,1.291958,650,8102645,62023,0,302,0,302,0,0,0,0,0,0,22384,14400,4680,3304,0
367,407,16.629542,16.519709,3.175501,0.010253,13.350292,10.932499,2.417625,0.022083,0.010750,0.668125,672,1293089,88280,0,2,0,2,0,0,0,0,0,0,6200,0,3510,2690,0
368,408,16.765833,16.648421,16.614835,0.000000,0.000375,0.000000,0.000000,0.029584,0.010958,0.939375,656,8102597,70193,0,302,0,302,0,0,0,0,0,0,19806,14400,3510,1896,0
369,409,15.109209,15.008259,2.541371,0.010340,12.475166,11.295541,1.179500,0.030083,0.011833,0.647916,661,1265122,82116,0,2,0,2,0,0,0,0,0,0,7208,0,4680,2528,0
370,410,17.323333,17.212713,17.132838,0.000000,0.550375,0.549916,0.000334,0.029458,0.012084,0.980041,655,8102593,73604,0,302,0,302,0,0,0,0,0,0,19806,14400,3510,1896,0
371,411,17.212375,17.106140,2.449089,0.010367,14.643750,11.795125,2.848542,0.020208,0.013834,0.609083,652,1229630,83856,0,2,0,2,0,0,0,0,0,0,5406,0,3510,1896,0
372,412,16.620417,16.501352,16.497524,0.000000,0.000208,0.000000,0.000000,0.020416,0.019167,0.944167,664,8102398,79511,0,302,0,302,0,0,0,0,0,0,21608,14400,4680,2528,0
373,413,15.255583,15.152297,2.496047,0.010455,12.842082,11.664915,1.177167,0.021417,0.174750,0.614708,653,1230334,83938,0,2,0,2,0,0,0,0,0,0,5406,0,3510,1896,0
374,414,17.428083,17.315372,17.155670,0.000000,0.604499,0.593958,0.010417,0.024167,0.011667,0.611418,667,8102484,97240,0,302,0,302,0,0,0,0,0,0,20830,14400,3510,2920,0
375,415,17.324459,17.212365,2.441955,0.010958,14.727958,11.834666,2.893126,0.027125,0.007375,1.239418,666,1179449,73298,0,2,0,2,0,0,0,0,0,0,8232,0,4680,3552,0
376,416,16.800875,16.693842,16.689812,0.000000,0.000291,0.000000,0.000000,0.030750,0.012375,0.610917,658,8102562,94862,0,302,0,302,0,0,0,0,0,0,21372,14400,3510,3462,0
377,417,16.807416,16.702509,2.364002,0.010128,14.352208,11.599541,2.752542,0.025959,0.008166,0.934458,652,1181964,79379,0,2,0,2,0,0,0,0,0,0,5406,0,3510,1896,0
378,418,16.721292,16.595224,16.591862,0.000000,0.000207,0.000000,0.000000,0.023042,0.024916,0.608625,665,8102410,100091,0,302,0,302,0,0,0,0,0,0,21608,14400,4680,2528,0
379,419,16.987958,16.885256,2.246126,0.010756,14.646457,12.420499,2.225834,0.018875,0.006500,1.140000,652,1169107,78219,0,2,0,2,0,0,0,0,0,0,5406,0,3510,1896,0
380,420,16.931250,16.818783,16.822031,0.000250,0.000292,0.000000,0.000000,0.021875,0.009334,0.812500,654,8021541,114291,0,302,0,302,0,0,0,0,0,0,19806,14400,3510,1896,0
381,421,16.114875,16.008765,2.240297,0.011208,13.776084,11.215416,2.560542,0.022584,0.013750,0.616042,658,1149933,71376,0,2,0,2,0,0,0,0,0,0,7208,0,4680,2528,0
382,422,16.642709,16.532529,16.535069,0.000415,0.000292,0.000000,0.000000,0.023000,0.011708,1.299791,657,7960516,110251,0,302,0,302,0,0,0,0,0,0,19806,14400,3510,1896,0
383,423,16.668750,16.563121,2.215137,0.010085,14.356959,11.603334,2.753417,0.019125,0.006166,0.622583,660,1139363,72639,0,2,0,2,0,0,0,0,0,0,7004,0,4536,2468,0
384,424,16.444125,16.333557,16.332989,0.000460,0.000208,0.000000,0.000000,0.026000,0.022625,0.679667,662,7954805,106612,0,302,0,302,0,0,0,0,0,0,21565,14400,3654,3511,0
385,425,17.265041,17.154670,2.422371,0.010499,14.896208,12.840458,2.055583,0.019167,0.026375,0.300000,654,1129813,73571,0,2,0,2,0,0,0,0,0,0,6959,0,3510,3449,0
386,426,16.824375,16.712999,16.629461,0.000749,0.000418,0.000000,0.000000,0.035375,0.012209,1.145458,669,7942120,102430,0,302,0,302,0,0,0,0,0,0,23154,14400,4680,4074,0
387,427,14.577334,14.468989,2.485909,0.010417,12.257667,11.402499,0.855001,0.041416,0.196459,0.416834,653,1119638,73578,0,2,0,2,0,0,0,0,0,0,5406,0,3510,1896,0
388,428,17.131583,17.016565,16.896459,0.000627,0.000334,0.000000,0.000000,0.026083,0.021417,0.960750,666,7974427,106196,0,302,0,302,0,0,0,0,0,0,22917,14400,3510,5007,0
389,429,16.231917,16.129840,2.389994,0.010003,13.984541,12.333459,1.651082,0.024291,0.166917,0.651000,660,1092818,66140,0,2,0,2,0,0,0,0,0,0,7208,0,4680,2528,0
390,430,16.896916,16.783703,16.726932,0.000417,0.000249,0.000000,0.000000,0.025459,0.010250,1.143876,666,7980280,104786,0,302,0,302,0,0,0,0,0,0,22982,14400,3510,5072,0
391,431,16.476417,16.370907,2.879217,0.010170,14.380417,13.512791,0.867626,0.023958,0.165459,0.990375,652,1078541,69762,0,2,0,2,0,0,0,0,0,0,5406,0,3510,1896,0
392,432,17.332167,17.214164,17.166504,0.000458,0.000582,0.000000,0.000000,0.046208,0.019958,0.627875,672,7983854,100469,0,302,0,302,0,0,0,0,0,0,24644,14400,4680,5564,0
393,433,16.076291,15.970915,2.963752,0.010279,13.825040,12.181999,1.643041,0.022417,0.121208,1.249791,655,1054456,66430,0,2,0,2,0,0,0,0,0,0,7018,0,3510,3508,0
394,434,17.119084,17.004266,16.990209,0.000167,0.070251,0.069930,0.000070,0.029166,0.012709,0.609375,662,8082873,102209,0,302,0,302,0,0,0,0,0,0,21397,14400,3510,3487,0
395,435,16.271791,16.166134,3.104128,0.010077,14.046208,13.324167,0.722041,0.021000,0.095542,0.925958,663,1038142,59925,0,2,0,2,0,0,0,0,0,0,8801,0,4680,4121,0
396,436,16.598125,16.485909,15.021800,0.002874,2.090250,2.089555,0.000403,0.035500,0.204917,0.445417,661,6162355,93886,0,302,0,302,0,0,0,0,0,0,21423,14400,3510,3513,0
397,437,17.992250,17.887114,2.455631,0.010868,15.383583,12.286374,3.097042,0.025709,0.011458,0.904542,655,1035930,64674,0,2,0,2,0,0,0,0,0,0,6969,0,3510,3459,0
398,438,15.393250,15.282646,14.635496,0.003667,1.543834,1.533098,0.010652,0.027959,0.168833,0.927084,668,5819081,86278,0,302,0,302,0,0,0,0,0,0,23197,14400,4680,4117,0
399,439,16.847917,16.742320,2.098720,0.010671,14.583333,13.832541,0.750625,0.024708,0.007209,0.639375,657,1008447,58379,0,2,0,2,0,0,0,0,0,0,5406,0,3510,1896,0
400,440,16.523042,16.401830,13.925469,0.004083,2.794416,2.789054,0.005196,0.029958,0.167458,1.256459,656,5665655,89357,0,302,0,302,0,0,0,0,0,0,21429,14400,3510,3519,0
401,441,17.905500,17.799032,2.235181,0.010661,15.550293,12.384542,3.165584,0.021500,0.005750,0.611375,661,1018935,54836,0,2,0,2,0,0,0,0,0,0,7208,0,4680,2528,0
402,442,15.494833,15.384124,13.599500,0.003957,2.268249,2.267514,0.000694,0.023292,0.129625,0.924375,671,5270845,84969,0,304,0,304,0,0,0,0,0,0,21432,14400,3510,3522,0
403,443,16.679292,16.580049,1.970336,0.009749,14.726416,13.198874,1.527458,0.020083,0.206417,0.610041,647,975105,55135,0,2,0,2,0,0,0,0,0,0,5406,0,3510,1896,0
404,444,16.644166,16.528652,15.686091,0.002416,1.647208,1.635181,0.011860,0.022584,0.175833,0.941334,662,6638976,82906,0,300,0,300,0,0,0,0,0,0,23231,14400,4680,4151,0
405,445,16.780334,16.673414,2.725711,0.010578,14.421334,12.759833,1.661501,0.033166,0.093500,0.617749,659,1002781,54434,0,4,0,4,0,0,0,0,0,0,5406,0,3510,1896,0
406,446,16.630291,16.521751,16.403868,0.001873,0.994958,0.994471,0.000404,0.035542,0.115792,0.637333,668,7022975,85392,0,302,0,302,0,0,0,0,0,0,21425,14400,3510,3515,0
407,447,16.745792,16.642095,2.229794,0.010169,14.648292,14.547376,0.100916,0.024542,0.108708,1.261332,648,962299,46930,0,2,0,2,0,0,0,0,0,0,7208,0,4680,2528,0
408,448,16.640958,16.524256,16.256802,0.001541,1.188417,1.185472,0.002820,0.023834,0.105625,0.636625,672,7028363,85245,0,302,0,302,0,0,0,0,0,0,21405,14400,3510,3495,0
409,449,18.635834,18.529571,2.006211,0.009864,16.522250,14.215625,2.306458,0.019791,0.013667,0.964291,639,962734,52080,0,2,0,2,0,0,0,0,0,0,5406,0,3510,1896,0
410,450,15.333541,15.218240,15.213070,0.005831,0.000292,0.000000,0.000000,0.023292,0.009208,0.614541,681,6933595,78858,0,302,0,302,0,0,0,0,0,0,23229,14400,4680,4149,0
411,451,16.198459,16.094629,2.521173,0.010164,14.041583,12.229041,1.812417,0.025041,0.015959,0.940666,641,962249,48995,0,2,0,2,0,0,0,0,0,0,5406,0,3510,1896,0
412,452,16.488375,16.369952,16.003421,0.002173,1.377251,1.376513,0.000654,0.030750,0.196458,0.609958,672,6926142,80901,0,302,0,302,0,0,0,0,0,0,21406,14400,3510,3496,0
413,453,18.049875,17.943288,2.209040,0.010751,15.707209,12.500458,3.206584,0.021458,0.013875,0.922791,647,962773,43140,0,2,0,2,0,0,0,0,0,0,7208,0,4680,2528,0
414,454,15.662500,15.539494,15.543794,0.001332,0.000291,0.000000,0.000000,0.029250,0.014375,1.264791,673,7330374,82722,0,302,0,302,0,0,0,0,0,0,21375,14400,3510,3465,0
415,455,17.714166,17.611462,2.007618,0.010838,15.603708,12.433625,3.169959,0.018875,0.005834,0.611375,639,962850,46480,0,2,0,2,0,0,0,0,0,0,5406,0,3510,1896,0
416,456,15.611667,15.490088,15.497909,0.000959,0.000249,0.000000,0.000000,0.029500,0.025667,0.924292,680,7321892,77702,0,302,0,302,0,0,0,0,0,0,23208,14400,4680,4128,0
417,457,18.691000,18.592117,2.742257,0.011114,16.531084,14.353791,2.177126,0.019792,0.006500,0.291083,639,961798,46067,0,2,0,2,0,0,0,0,0,0,5406,0,3510,1896,0
418,458,15.408042,15.293067,15.300215,0.001502,0.000250,0.000000,0.000000,0.023916,0.051167,1.218458,671,7314144,81728,0,302,0,302,0,0,0,0,0,0,21323,14400,3510,3413,0
419,459,18.239583,18.132968,2.971700,0.011790,15.679874,13.481750,2.197958,0.041000,0.011750,0.581667,647,962298,40284,0,2,0,2,0,0,0,0,0,0,7208,0,4680,2528,0
420,460,16.118000,16.001739,15.997011,0.001458,0.000375,0.000000,0.000000,0.024333,0.012625,0.613666,671,7313806,81183,0,302,0,302,0,0,0,0,0,0,21343,14400,3510,3433,0
421,461,17.144500,17.030751,2.911681,0.010924,14.866250,12.649624,2.216458,0.022458,0.008042,0.671250,640,967755,44115,0,12,0,12,0,0,0,0,0,0,5406,0,3510,1896,0
422,462,15.527542,15.417756,15.413161,0.001497,0.000292,0.000000,0.000000,0.027250,0.010000,0.640000,678,7224205,72449,0,292,0,292,0,0,0,0,0,0,23193,14400,4680,4113,0
423,463,16.992750,16.885958,2.095913,0.010211,14.803834,11.901583,2.902126,0.027500,0.035500,1.054458,639,962326,41376,0,12,0,12,0,0,0,0,0,0,5406,0,3510,1896,0
424,464,16.928625,16.806488,16.507816,0.001711,0.000334,0.000000,0.000000,0.039625,0.016750,0.291167,670,7210705,75447,0,292,0,292,0,0,0,0,0,0,21313,14400,3510,3403,0
425,465,16.726750,16.621128,2.223078,0.010666,14.412499,11.626291,2.786083,0.028791,0.018709,0.651999,646,942538,34963,0,12,0,12,0,0,0,0,0,0,7208,0,4680,2528,0
426,466,15.857041,15.741246,15.737173,0.001292,0.000294,0.000000,0.000000,0.030542,0.013750,0.363666,674,7450141,76629,0,292,0,292,0,0,0,0,0,0,21387,14400,3510,3477,0
427,467,15.970250,15.858037,2.121666,0.009497,13.750999,13.210749,0.540084,0.019667,0.017125,0.842667,643,962237,38794,0,12,0,12,0,0,0,0,0,0,5406,0,3510,1896,0
428,468,16.171875,16.060408,16.003050,0.001251,0.569459,0.569181,0.000110,0.031250,0.301250,0.791125,678,7357644,72083,0,292,0,292,0,0,0,0,0,0,23200,14400,4680,4120,0
429,469,17.074584,16.957544,2.379082,0.010042,14.547625,12.461582,2.086001,0.028500,0.007625,0.637459,641,962813,37495,0,12,0,12,0,0,0,0,0,0,5406,0,3510,1896,0
430,470,16.282791,16.170384,15.990791,0.001375,1.134458,1.133957,0.000501,0.030584,0.307750,0.779500,674,7336324,76443,0,292,0,292,0,0,0,0,0,0,21380,14400,3510,3470,0
431,471,19.247625,19.141958,2.631675,0.010506,16.486209,14.259125,2.226958,0.031667,0.009042,0.467166,647,1018519,36500,0,12,0,12,0,0,0,0,0,0,7208,0,4680,2528,0
432,472,16.522209,16.404158,15.858944,0.001372,0.000752,0.000000,0.000000,0.046708,0.015792,0.604041,672,7242637,71328,0,292,0,292,0,0,0,0,0,0,21412,14400,3510,3502,0
433,473,16.428208,16.324235,2.217257,0.010212,14.111001,11.432125,2.678709,0.022417,0.007625,0.611417,640,962420,34913,0,12,0,12,0,0,0,0,0,0,5406,0,3510,1896,0
434,474,15.430917,15.318064,15.318449,0.001542,0.000335,0.000000,0.000000,0.034791,0.020500,1.207917,679,7293959,71987,0,292,0,292,0,0,0,0,0,0,23163,14400,4680,4083,0
435,475,17.407625,17.300336,2.106459,0.010669,15.202459,12.163291,3.039042,0.020500,0.018750,1.293125,640,962683,35036,0,12,0,12,0,0,0,0,0,0,5406,0,3510,1896,0
436,476,15.347666,15.236844,15.238557,0.001543,0.009792,0.009583,0.000042,0.027750,0.023917,0.637875,677,7210538,68005,0,292,0,292,0,0,0,0,0,0,22927,14400,4536,3991,0
437,477,17.972792,17.868552,2.220578,0.010703,15.652708,12.462166,3.190417,0.026417,0.006375,1.105667,641,985984,32471,0,12,0,12,0,0,0,0,0,0,5610,0,3654,1956,0
438,478,15.263542,15.147455,15.155215,0.001703,0.140584,0.140292,0.000167,0.027375,0.162208,0.458166,671,7159446,67597,0,292,0,292,0,0,0,0,0,0,21415,14400,3510,3505,0
439,479,17.048541,16.938625,2.817373,0.010745,14.488501,12.468708,2.019625,0.022125,0.008500,1.008168,649,966085,31365,0,12,0,12,0,0,0,0,0,0,7208,0,4680,2528,0
440,480,16.049084,15.932368,15.782217,0.003795,0.771833,0.766931,0.004735,0.026583,0.426292,0.662916,670,7184749,66485,0,292,0,292,0,0,0,0,0,0,21413,14400,3510,3503,0
441,481,18.354791,18.255555,2.508372,0.010657,15.635875,12.457708,3.177959,0.026667,0.007167,1.002834,637,962482,29746,0,12,0,12,0,0,0,0,0,0,5406,0,3510,1896,0
442,482,15.367000,15.253613,15.242085,0.001667,0.059626,0.059333,0.000084,0.022375,0.070750,0.647584,678,7204491,64200,0,292,0,292,0,0,0,0,0,0,23220,14400,4680,4140,0
443,483,16.961042,16.852203,2.953077,0.010750,14.586208,12.499542,2.086624,0.027625,0.007500,0.950917,639,962441,28454,0,12,0,12,0,0,0,0,0,0,5406,0,3510,1896,0
444,484,15.934958,15.815316,15.683708,0.001418,0.965167,0.964472,0.000612,0.029250,0.542834,0.933958,673,7138670,62401,0,292,0,292,0,0,0,0,0,0,21405,14400,3510,3495,0
445,485,19.549625,19.446286,3.242335,0.010946,16.716957,14.506166,2.210625,0.025250,0.008209,0.647625,646,970276,27882,0,12,0,12,0,0,0,0,0,0,7208,0,4680,2528,0
446,486,15.872084,15.752060,15.596756,0.002336,0.000417,0.000000,0.000000,0.058000,0.021541,1.036917,673,7000495,60844,0,292,0,292,0,0,0,0,0,0,21414,14400,3510,3504,0
447,487,15.792208,15.686452,2.599795,0.010972,13.065041,11.573582,1.491251,0.032042,0.010416,0.695958,637,962165,25862,0,12,0,12,0,0,0,0,0,0,5406,0,3510,1896,0
448,488,15.581042,15.462979,15.424008,0.001748,0.544458,0.544180,0.000112,0.026458,0.484167,0.666375,682,6980579,58355,0,292,0,292,0,0,0,0,0,0,23223,14400,4680,4143,0
449,489,17.580833,17.469374,2.674177,0.010749,14.698208,14.172583,0.525459,0.040542,0.019458,0.678042,640,962282,24588,0,12,0,12,0,0,0,0,0,0,5406,0,3510,1896,0
450,490,15.760958,15.632462,15.588610,0.001790,0.497875,0.495472,0.002236,0.046292,0.488583,0.916084,668,7101278,58216,0,292,0,292,0,0,0,0,0,0,21400,14400,3510,3490,0
451,491,17.461834,17.362626,2.825384,0.011338,14.537752,12.497792,2.039792,0.029166,0.014084,0.814917,646,961764,23304,0,12,0,12,0,0,0,0,0,0,7208,0,4680,2528,0
452,492,15.800000,15.682052,15.625820,0.001834,0.580083,0.579598,0.000277,0.043041,0.599042,1.066208,671,7074553,56468,0,292,0,292,0,0,0,0,0,0,21361,14400,3510,3451,0
453,493,19.505500,19.399458,2.672465,0.010958,16.528418,14.255916,2.272376,0.028333,0.008500,1.144375,639,961635,23963,0,12,0,12,0,0,0,0,0,0,5406,0,3510,1896,0
454,494,15.457791,15.338674,15.323203,0.001870,0.000292,0.000000,0.000000,0.031084,0.011958,0.607583,680,7069098,55030,0,292,0,292,0,0,0,0,0,0,23215,14400,4680,4135,0
455,495,18.019959,17.915354,2.286159,0.011051,15.608374,13.322583,2.285666,0.033083,0.008333,0.945125,639,961102,20732,0,22,0,22,0,0,0,0,0,0,5406,0,3510,1896,0
456,496,15.173208,15.057088,15.063142,0.002001,0.000209,0.000000,0.000000,0.028292,0.011791,0.640375,671,7012338,53256,0,282,0,282,0,0,0,0,0,0,21395,14400,3510,3485,0
457,497,17.408667,17.308212,2.230043,0.010958,15.093043,12.063874,3.029001,0.020083,0.010000,1.230167,648,961210,21521,0,12,0,12,0,0,0,0,0,0,7208,0,4680,2528,0
458,498,14.955666,14.834267,14.819951,0.001752,0.184209,0.173209,0.010750,0.026375,0.207709,0.608416,672,6941185,51884,0,292,0,292,0,0,0,0,0,0,21340,14400,3510,3430,0
459,499,18.180042,18.071981,2.410630,0.009629,15.645793,12.458208,3.187418,0.019667,0.016041,0.934208,640,962101,19061,0,22,0,22,0,0,0,0,0,0,5406,0,3510,1896,0
460,500,14.842792,14.733288,14.719998,0.001922,0.519751,0.519125,0.000500,0.024291,0.573334,1.160917,679,6955736,50582,0,282,0,282,0,0,0,0,0,0,23181,14400,4680,4101,0
461,501,17.431750,17.321955,3.005252,0.011137,14.483459,12.453042,2.030292,0.024500,0.006583,0.458209,641,962418,16869,0,22,0,22,0,0,0,0,0,0,5406,0,3510,1896,0
462,502,15.699000,15.582632,15.449706,0.001755,1.625250,1.624805,0.000278,0.031750,0.793083,1.021000,668,6925427,48344,0,282,0,282,0,0,0,0,0,0,21036,14400,3510,3126,0
463,503,17.708291,17.605246,3.374316,0.010174,14.482167,12.471625,2.010417,0.028709,0.006125,0.609959,647,962066,15581,0,22,0,22,0,0,0,0,0,0,7208,0,4680,2528,0
464,504,15.698417,15.580863,15.443144,0.001708,1.606292,1.603765,0.002444,0.025042,0.740375,1.218541,673,6978666,48989,0,282,0,282,0,0,0,0,0,0,21049,14400,3510,3139,0
465,505,19.851542,19.750211,3.173323,0.010044,16.727041,14.506957,2.219959,0.025625,0.007791,1.019375,640,962503,14287,0,22,0,22,0,0,0,0,0,0,5406,0,3510,1896,0
466,506,14.744583,14.632659,14.631708,0.001501,0.000165,0.000000,0.000000,0.029833,0.011792,0.613417,681,6952209,48962,0,282,0,282,0,0,0,0,0,0,22862,14400,4680,3782,0
467,507,17.951375,17.847208,2.200164,0.010211,15.649208,12.959459,2.689583,0.020000,0.006208,1.217958,639,962292,14163,0,22,0,22,0,0,0,0,0,0,5406,0,3510,1896,0
468,508,14.711500,14.593824,14.590909,0.002002,0.199833,0.190833,0.008750,0.022875,0.273792,0.646000,671,6857892,45757,0,282,0,282,0,0,0,0,0,0,21066,14400,3510,3156,0
469,509,18.784292,18.672080,2.593160,0.010454,16.005958,13.190916,2.814917,0.024583,0.006625,1.245000,648,973154,15105,0,22,0,22,0,0,0,0,0,0,7208,0,4680,2528,0
470,510,14.582375,14.465452,14.469790,0.002291,0.193000,0.192625,0.000166,0.021000,0.229666,0.637125,669,6824103,42140,0,282,0,282,0,0,0,0,0,0,21078,14400,3510,3168,0
471,511,17.136208,17.028323,3.835285,0.010037,14.502044,14.493750,0.008168,0.019417,0.015375,1.250292,641,962282,10470,0,22,0,22,0,0,0,0,0,0,5406,0,3510,1896,0
472,512,15.638333,15.528108,15.404317,0.002000,1.731376,1.714221,0.017113,0.021917,0.829625,0.659333,676,6828911,41027,0,282,0,282,0,0,0,0,0,0,22881,14400,4680,3801,0
473,513,18.843084,18.738546,3.037836,0.010076,15.609000,12.417750,3.191084,0.018375,0.015333,0.935916,641,962595,9125,0,22,0,22,0,0,0,0,0,0,5406,0,3510,1896,0
474,514,14.552125,14.436586,14.374175,0.001996,1.004957,0.992846,0.011945,0.024708,0.792250,0.613625,669,6695940,39616,0,282,0,282,0,0,0,0,0,0,19807,14400,3510,1897,0
475,515,18.878000,18.773167,3.100743,0.010587,15.598209,12.467833,3.130209,0.024166,0.008250,0.899083,649,961807,12609,0,22,0,22,0,0,0,0,0,0,7208,0,4680,2528,0
476,516,14.473666,14.360139,14.337745,0.002666,0.890874,0.875001,0.015707,0.023750,0.783334,1.092125,668,6719755,39695,0,282,0,282,0,0,0,0,0,0,19806,14400,3510,1896,0
477,517,19.099375,18.996986,2.968416,0.010465,15.910334,12.882041,3.028126,0.023250,0.006167,0.644166,639,962293,9583,0,22,0,22,0,0,0,0,0,0,5406,0,3510,1896,0
478,518,15.206375,15.094910,15.089503,0.001373,0.000249,0.000000,0.000000,0.022959,0.009041,1.218708,664,7172143,37736,0,302,0,302,0,0,0,0,0,0,21608,14400,4680,2528,0
479,519,15.735750,15.610286,15.040201,0.002580,2.303832,2.301806,0.001943,0.026542,0.803542,0.622666,667,6553001,35429,0,282,0,282,0,0,0,0,0,0,19806,14400,3510,1896,0
480,520,18.601709,18.494574,1.772861,0.011662,16.592501,14.234083,2.358251,0.020250,0.023916,0.738375,654,394350,5665,0,2,0,2,0,0,0,0,0,0,5406,0,3510,1896,0
481,521,15.899875,15.787278,2.812225,0.010911,13.112627,11.678208,1.434251,0.040625,0.024208,0.610584,654,948966,5927,0,22,0,22,0,0,0,0,0,0,8232,0,4680,3552,0
482,522,16.709958,16.590758,16.470899,0.002043,0.472916,0.472222,0.000319,0.080417,0.063375,0.641500,666,7089355,37701,0,302,0,302,0,0,0,0,0,0,20830,14400,3510,2920,0
483,523,15.917000,15.802717,15.489130,0.003044,0.361541,0.360458,0.000500,0.045042,0.416375,0.596834,672,6652630,35861,0,282,0,282,0,0,0,0,0,0,21073,14400,3510,3163,0
484,524,17.546833,17.440411,3.398248,0.011084,14.262417,12.317374,1.944709,0.051959,0.015500,0.613459,646,983487,5877,0,22,0,22,0,0,0,0,0,0,7208,0,4680,2528,0
485,525,15.426792,15.304749,15.102556,0.003248,0.972249,0.971681,0.000318,0.043500,0.774583,0.589417,665,6428055,34810,0,282,0,282,0,0,0,0,0,0,19806,14400,3510,1896,0
486,526,19.985458,19.882046,3.336496,0.011055,16.683626,14.461083,2.222418,0.027959,0.008083,0.682042,639,926995,5568,0,22,0,22,0,0,0,0,0,0,5406,0,3510,1896,0
487,527,14.721250,14.597052,14.584302,0.002284,0.000291,0.000000,0.000000,0.034834,0.043625,0.987042,673,6667621,35789,0,282,0,282,0,0,0,0,0,0,21608,14400,4680,2528,0
488,528,16.485584,16.379406,2.830779,0.010748,13.877584,12.671292,1.206125,0.033125,0.022791,0.688750,640,957084,5740,0,32,0,32,0,0,0,0,0,0,5406,0,3510,1896,0
489,529,15.626791,15.494965,15.228299,0.002583,1.727334,1.726889,0.000362,0.030459,0.697000,0.956708,672,6643030,35585,0,272,0,272,0,0,0,0,0,0,21404,14400,4536,2468,0
490,530,18.864209,18.759079,3.031357,0.010921,15.547958,12.391708,3.156083,0.028083,0.010125,1.319333,642,978173,5871,0,32,0,32,0,0,0,0,0,0,5610,0,3654,1956,0
491,531,14.408375,14.291558,14.274619,0.002460,0.850334,0.850001,0.000166,0.021833,0.805833,0.689166,668,6562908,35276,0,272,0,272,0,0,0,0,0,0,19806,14400,3510,1896,0
492,532,18.918250,18.813919,3.040121,0.010079,15.646958,12.446041,3.200709,0.018958,0.007333,0.932375,649,972419,5801,0,22,0,22,0,0,0,0,0,0,7208,0,4680,2528,0
493,533,14.451041,14.338824,14.307618,0.002250,0.987667,0.986888,0.000738,0.033000,0.787375,0.640417,672,6687627,35995,0,282,0,282,0,0,0,0,0,0,21008,14400,3510,3098,0
494,534,18.878000,18.770255,3.152583,0.010205,15.476832,12.365916,3.110792,0.020125,0.014625,1.270125,641,981422,5964,0,32,0,32,0,0,0,0,0,0,6577,0,3510,3067,0
495,535,14.611209,14.498240,14.424288,0.002585,1.040417,1.032430,0.007903,0.024166,0.699167,0.646708,681,6568968,35496,0,272,0,272,0,0,0,0,0,0,22806,14400,4680,3726,0
496,536,18.250416,18.143459,3.137201,0.010951,14.853042,12.721874,2.131042,0.019125,0.017000,0.686125,647,992599,6128,0,32,0,32,0,0,0,0,0,0,7818,0,3510,4308,0
497,537,14.990417,14.881658,14.712925,0.002585,1.785833,1.785556,0.000235,0.029708,0.795084,0.652791,672,6433629,34844,0,272,0,272,0,0,0,0,0,0,21039,14400,3510,3129,0
498,538,19.430958,19.325951,3.182703,0.009662,16.051960,14.154083,1.897709,0.026792,0.009917,0.949250,652,991681,5999,0,22,0,22,0,0,0,0,0,0,8373,0,4680,3693,0
499,539,14.203084,14.090085,14.093740,0.001915,0.522041,0.521750,0.000167,0.018458,0.534042,1.171250,674,6685489,36025,0,282,0,282,0,0,0,0,0,0,22037,14400,3510,4127,0
500,540,19.582750,19.473153,2.989802,0.011256,16.396791,14.240083,2.156584,0.024125,0.015125,0.612167,644,981885,5967,0,32,0,32,0,0,0,0,0,0,6537,0,3510,3027,0
501,541,14.305750,14.197953,14.196840,0.002452,0.000207,0.000000,0.000000,0.022916,0.011084,1.290041,675,6679768,35860,0,272,0,272,0,0,0,0,0,0,22762,14400,4680,3682,0
502,542,18.065625,17.955300,2.517837,0.011713,15.384500,12.269250,3.115084,0.019916,0.014917,0.642041,645,992666,6131,0,32,0,32,0,0,0,0,0,0,7767,0,3510,4257,0
503,543,14.513375,14.404039,14.352092,0.002122,1.010960,1.010584,0.000250,0.022916,0.835209,0.585499,669,6622419,35599,0,272,0,272,0,0,0,0,0,0,20933,14400,3510,3023,0
504,544,18.888583,18.767663,3.083253,0.009740,15.533959,12.389625,3.144251,0.019083,0.006875,0.621375,650,981755,5962,0,22,0,22,0,0,0,0,0,0,8290,0,4680,3610,0
505,545,14.497667,14.376677,14.327524,0.002335,1.029875,1.008221,0.021571,0.022625,0.778416,1.256166,670,6650768,35790,0,282,0,282,0,0,0,0,0,0,20936,14400,3510,3026,0
506,546,18.309166,18.176707,3.742752,0.010461,14.488292,12.426250,2.052625,0.069459,0.021583,0.947125,642,973459,5885,0,32,0,32,0,0,0,0,0,0,5406,0,3510,1896,0
507,547,15.176500,15.089164,15.007175,0.002418,1.127000,1.126138,0.000695,0.040334,0.664458,0.651792,676,6678970,35899,0,272,0,272,0,0,0,0,0,0,22766,14400,4680,3686,0
508,548,19.751167,19.640844,3.231825,0.009963,16.553958,14.412291,2.141542,0.022125,0.013583,0.947542,640,973536,5823,0,32,0,32,0,0,0,0,0,0,5406,0,3510,1896,0
509,549,14.407458,14.297956,14.275721,0.003174,0.000292,0.000000,0.000000,0.030334,0.018666,0.640167,673,6639465,35667,0,272,0,272,0,0,0,0,0,0,20947,14400,3510,3037,0
510,550,18.053375,17.946662,2.390544,0.010538,15.566999,12.382624,3.184251,0.026250,0.007292,1.339333,646,972027,5802,0,22,0,22,0,0,0,0,0,0,7208,0,4680,2528,0
511,551,14.387292,14.271425,14.252605,0.002465,1.000417,0.993416,0.006834,0.028250,0.807375,0.638000,671,6647302,35788,0,282,0,282,0,0,0,0,0,0,20939,14400,3510,3029,0
512,552,19.714417,19.607289,3.308448,0.011164,16.203375,13.795708,2.407500,0.041250,0.043833,0.933250,641,972371,5829,0,32,0,32,0,0,0,0,0,0,5406,0,3510,1896,0
513,553,14.317916,14.207928,14.177425,0.002379,0.111209,0.107167,0.003833,0.028584,0.162583,0.636250,676,6552614,35431,0,272,0,272,0,0,0,0,0,0,22709,14400,4680,3629,0
514,554,18.640375,18.522692,3.167244,0.010160,16.002751,14.441500,1.561125,0.019584,0.015625,0.766084,641,972518,5800,0,32,0,32,0,0,0,0,0,0,5406,0,3510,1896,0
515,555,14.259292,14.147324,14.142333,0.002454,0.582083,0.580084,0.001791,0.022708,0.648625,0.917125,671,6620089,35638,0,272,0,272,0,0,0,0,0,0,20912,14400,3510,3002,0
516,556,18.774083,18.667611,2.900376,0.010499,15.616166,12.441791,3.174292,0.030000,0.009292,0.612750,648,972101,5806,0,22,0,22,0,0,0,0,0,0,7208,0,4680,2528,0
517,557,14.599459,14.482961,14.484009,0.002460,0.567750,0.565333,0.000084,0.030625,0.581083,1.074291,671,6635190,35735,0,282,0,282,0,0,0,0,0,0,20901,14400,3510,2991,0
518,558,18.033750,17.926571,2.966037,0.010708,14.745292,12.451333,2.293792,0.028083,0.006500,0.445833,641,972334,5817,0,32,0,32,0,0,0,0,0,0,5406,0,3510,1896,0
519,559,15.141333,15.022541,14.814423,0.002625,1.511000,1.480097,0.030861,0.023208,0.777375,0.734583,678,6499663,35211,0,272,0,272,0,0,0,0,0,0,22692,14400,4680,3612,0
520,560,18.009958,17.904908,2.951960,0.010916,14.759042,12.427291,2.331667,0.019917,0.016000,0.448916,638,971196,5821,0,32,0,32,0,0,0,0,0,0,5406,0,3510,1896,0
521,561,15.352167,15.236333,15.068289,0.002751,1.514458,1.513598,0.000610,0.033083,0.779500,0.769541,672,6537080,35269,0,272,0,272,0,0,0,0,0,0,20878,14400,3510,2968,0
522,562,18.000333,17.894079,3.142878,0.009911,14.655834,14.011124,0.644584,0.018792,0.013458,0.943000,648,983495,5972,0,32,0,32,0,0,0,0,0,0,7208,0,4680,2528,0
523,563,15.397167,15.277489,13.589111,0.003458,3.061499,3.045887,0.015529,0.025958,0.754625,0.607917,671,5757545,32404,0,272,0,272,0,0,0,0,0,0,20848,14400,3510,2938,0
524,564,19.502708,19.404303,3.031894,0.010335,16.243500,13.586083,2.657250,0.026625,0.006500,1.241584,639,971812,5920,0,32,0,32,0,0,0,0,0,0,5406,0,3510,1896,0
525,565,13.822792,13.708174,13.582940,0.003663,1.351084,1.350597,0.000404,0.032167,0.785916,0.610125,680,5793259,32547,0,272,0,272,0,0,0,0,0,0,22644,14400,4680,3564,0
526,566,18.927458,18.822129,3.114040,0.011132,15.602750,12.420792,3.181792,0.020084,0.008125,0.959084,639,971456,5900,0,32,0,32,0,0,0,0,0,0,5406,0,3510,1896,0
527,567,14.466625,14.334451,13.958428,0.003753,2.148500,2.125306,0.023152,0.024459,0.775250,0.645042,673,5755981,32331,0,272,0,272,0,0,0,0,0,0,20815,14400,3510,2905,0
528,568,17.950500,17.842093,3.305550,0.010965,14.450707,12.487957,1.962542,0.043459,0.072333,0.957332,645,971589,5876,0,22,0,22,0,0,0,0,0,0,7208,0,4680,2528,0
529,569,15.392667,15.278210,14.679322,0.004260,2.148832,2.147721,0.000778,0.048583,0.779417,0.304041,669,5827407,32715,0,282,0,282,0,0,0,0,0,0,20751,14400,3510,2841,0
530,570,18.065042,17.955711,3.547450,0.011504,14.312333,12.311958,2.000125,0.059500,0.050208,0.954708,638,972514,5886,0,32,0,32,0,0,0,0,0,0,5406,0,3510,1896,0
531,571,15.360000,15.245429,14.853229,0.003832,1.772916,1.771889,0.000569,0.046666,0.739875,0.965541,679,5857085,32817,0,272,0,272,0,0,0,0,0,0,22607,14400,4680,3527,0
532,572,19.975875,19.835383,3.334102,0.012331,16.356625,14.160792,2.195667,0.034583,0.010375,0.638917,637,975457,5940,0,32,0,32,0,0,0,0,0,0,5406,0,3510,1896,0
533,573,13.340958,13.232101,13.209153,0.003835,0.855251,0.839626,0.015333,0.033125,0.770583,0.964542,673,5799607,32526,0,272,0,272,0,0,0,0,0,0,20848,14400,3510,2938,0
534,574,19.001000,18.893965,3.200208,0.009413,15.623875,12.419041,3.201375,0.027750,0.008625,0.610667,645,1012853,6127,0,32,0,32,0,0,0,0,0,0,7208,0,4680,2528,0
535,575,14.346042,14.234536,14.059493,0.003377,1.986499,1.986096,0.000362,0.027291,0.796792,0.966751,666,5814943,32576,0,272,0,272,0,0,0,0,0,0,20822,14400,3510,2912,0
536,576,17.792625,17.689869,3.406238,0.014515,14.495000,12.478208,2.016666,0.019583,0.014167,0.309667,637,972281,5941,0,32,0,32,0,0,0,0,0,0,5406,0,3510,1896,0
537,577,15.578416,15.462156,13.690857,0.003918,3.103791,3.103388,0.000319,0.036625,0.817500,0.964375,679,5712826,32298,0,272,0,272,0,0,0,0,0,0,22647,14400,4680,3567,0
538,578,18.548375,18.443157,3.123784,0.015212,15.203918,12.877958,2.325876,0.024834,0.007500,1.144874,640,971841,5966,0,32,0,32,0,0,0,0,0,0,5406,0,3510,1896,0
539,579,14.821209,14.706844,13.498650,0.004411,2.757790,2.755889,0.001818,0.030000,0.797250,0.660834,670,5588419,31788,0,272,0,272,0,0,0,0,0,0,20838,14400,3510,2928,0
540,580,17.853000,17.740424,4.053316,0.013913,14.360918,12.352375,2.008376,0.018833,0.005542,0.611292,647,1040157,6297,0,32,0,32,0,0,0,0,0,0,7208,0,4680,2528,0
541,581,15.509666,15.399604,13.357481,0.003874,3.346333,3.345929,0.000321,0.029000,0.791792,0.645209,671,5644916,31975,0,272,0,272,0,0,0,0,0,0,20827,14400,3510,2917,0
542,582,19.859792,19.757421,3.103341,0.010038,16.561999,14.224916,2.336958,0.019292,0.007083,0.958583,645,972236,5907,0,32,0,32,0,0,0,0,0,0,7004,0,4536,2468,0
543,583,13.518125,13.403093,13.349977,0.003460,0.976625,0.975916,0.000542,0.025625,0.789042,0.660875,674,5727255,32381,0,272,0,272,0,0,0,0,0,0,21071,14400,3654,3017,0
544,584,18.976292,18.872294,3.244601,0.010379,15.557541,12.399000,3.158375,0.029750,0.008500,1.021667,640,971871,5937,0,32,0,32,0,0,0,0,0,0,5406,0,3510,1896,0
545,585,14.490625,14.373628,14.055659,0.003586,2.019001,2.013682,0.005277,0.028541,0.682667,1.019041,678,5761337,32444,0,272,0,272,0,0,0,0,0,0,22684,14400,4680,3604,0
546,586,18.829833,18.724590,3.010004,0.010915,15.583501,12.413416,3.169959,0.042250,0.008833,0.636500,639,972757,5929,0,32,0,32,0,0,0,0,0,0,5406,0,3510,1896,0
547,587,14.431875,14.316880,14.302584,0.003669,1.437834,1.437305,0.000362,0.040375,0.777250,0.608916,672,5747096,32308,0,272,0,272,0,0,0,0,0,0,20900,14400,3510,2990,0
548,588,20.282792,20.164215,3.858825,0.011087,16.314085,13.836167,2.477750,0.040666,0.012542,0.611542,647,972262,5932,0,32,0,32,0,0,0,0,0,0,7208,0,4680,2528,0
549,589,14.793833,14.674085,14.680525,0.004334,0.000293,0.000000,0.000000,0.025917,0.012708,0.984792,670,5660418,32058,0,272,0,272,0,0,0,0,0,0,20909,14400,3510,2999,0
550,590,17.667083,17.551177,2.695010,0.011258,14.871166,11.943458,2.927542,0.019584,0.007291,0.624917,641,972345,5984,0,32,0,32,0,0,0,0,0,0,5406,0,3510,1896,0
551,591,14.484750,14.360794,14.368258,0.004248,0.285042,0.284750,0.000083,0.019875,0.295375,1.179042,676,5580463,31832,0,272,0,272,0,0,0,0,0,0,22669,14400,4680,3589,0
552,592,18.739792,18.615946,3.103377,0.011797,15.528501,12.383625,3.144709,0.019667,0.008458,1.224792,639,972044,6000,0,32,0,32,0,0,0,0,0,0,5406,0,3510,1896,0
553,593,14.195917,14.075669,14.081996,0.004627,0.719500,0.719083,0.000167,0.016500,0.728541,0.611000,670,5498972,31448,0,272,0,272,0,0,0,0,0,0,20901,14400,3510,2991,0
554,594,19.116458,18.989448,3.373331,0.011743,15.634416,12.452583,3.181708,0.022000,0.007083,1.245250,644,971545,5978,0,32,0,32,0,0,0,0,0,0,7208,0,4680,2528,0
555,595,14.596875,14.471698,14.478993,0.004250,0.366915,0.366708,0.000000,0.022167,0.379166,0.626500,673,5619252,31984,0,272,0,272,0,0,0,0,0,0,20912,14400,3510,3002,0
556,596,19.436458,19.315919,3.182422,0.012076,16.140834,13.641375,2.499292,0.026750,0.011209,1.251583,640,978832,6009,0,32,0,32,0,0,0,0,0,0,5406,0,3510,1896,0
557,597,14.658834,14.535295,14.542117,0.004041,0.000208,0.000000,0.000000,0.021541,0.010750,0.608209,678,5685590,32162,0,272,0,272,0,0,0,0,0,0,22750,14400,4680,3670,0
558,598,18.194208,18.069871,2.834156,0.011467,15.253750,12.195832,3.057751,0.019833,0.008417,0.921125,639,972020,5977,0,32,0,32,0,0,0,0,0,0,5406,0,3510,1896,0
559,599,14.612583,14.491800,14.497757,0.003748,0.202540,0.202333,0.000042,0.017792,0.212375,0.613833,674,5742605,32291,0,272,0,272,0,0,0,0,0,0,20919,14400,3510,3009,0
560,600,18.602334,18.477073,2.860326,0.011630,15.630792,12.449833,3.180750,0.019208,0.010125,1.230832,648,972105,5955,0,32,0,32,0,0,0,0,0,0,7208,0,4680,2528,0
561,601,14.840125,14.717944,14.725225,0.004082,0.128166,0.127792,0.000167,0.016583,0.136917,0.911375,671,5721586,32316,0,272,0,272,0,0,0,0,0,0,20919,14400,3510,3009,0
562,602,18.522208,18.406124,2.847837,0.012374,15.570374,12.411791,3.158459,0.019333,0.006917,0.624083,640,972198,5978,0,32,0,32,0,0,0,0,0,0,5406,0,3510,1896,0
563,603,14.565500,14.442128,14.449048,0.004333,0.404709,0.404500,0.000041,0.018833,0.428459,1.229458,678,5643803,31995,0,272,0,272,0,0,0,0,0,0,22712,14400,4680,3632,0
564,604,18.906375,18.782706,3.295219,0.011671,15.492834,12.360000,3.132626,0.041917,0.011125,0.640209,638,972425,5992,0,32,0,32,0,0,0,0,0,0,5406,0,3510,1896,0
565,605,15.192833,15.064665,15.025919,0.004623,0.000584,0.000000,0.000000,0.054750,0.036250,0.896167,670,5505930,31375,0,272,0,272,0,0,0,0,0,0,20920,14400,3510,3010,0
566,606,16.951000,16.840004,3.107224,0.012090,13.976459,13.976000,0.000292,0.086875,0.037417,0.618667,648,971969,5949,0,32,0,32,0,0,0,0,0,0,7208,0,4680,2528,0
567,607,15.298042,15.180907,13.901762,0.003957,2.806499,2.806055,0.000278,0.030917,0.790500,0.946957,668,5669511,32109,0,272,0,272,0,0,0,0,0,0,20940,14400,3510,3030,0
568,608,20.226125,20.111371,3.861660,0.010584,16.460957,14.370666,2.090083,0.030042,0.009458,1.250542,639,972471,5957,0,32,0,32,0,0,0,0,0,0,5406,0,3510,1896,0
569,609,14.488583,14.371013,14.371050,0.003453,0.000334,0.000000,0.000000,0.022959,0.010833,0.607250,679,5745899,32386,0,272,0,272,0,0,0,0,0,0,22744,14400,4680,3664,0
570,610,17.903500,17.774206,2.690493,0.011668,15.097958,12.096833,3.000959,0.019084,0.009791,1.245957,639,972604,5957,0,32,0,32,0,0,0,0,0,0,5406,0,3510,1896,0
571,611,14.636250,14.520821,14.529231,0.015125,0.268959,0.268666,0.000125,0.018625,0.303625,0.622458,671,5660688,31968,0,272,0,272,0,0,0,0,0,0,20919,14400,3510,3009,0
572,612,17.672125,17.551510,4.565943,0.011535,14.321459,14.321042,0.000292,0.040500,0.010875,1.149541,648,971866,5940,0,32,0,32,0,0,0,0,0,0,7208,0,4680,2528,0
573,613,15.174834,15.056005,15.044046,0.003959,1.263875,1.263430,0.000404,0.020958,0.798417,0.606167,668,5702486,32214,0,272,0,272,0,0,0,0,0,0,20911,14400,3510,3001,0
574,614,19.256750,19.136413,3.530324,0.012165,15.619960,12.443000,3.176751,0.022250,0.007500,0.913125,641,972743,5977,0,32,0,32,0,0,0,0,0,0,5406,0,3510,1896,0
575,615,14.518916,14.395960,14.402822,0.004539,0.378041,0.377709,0.000083,0.020292,0.390292,0.606709,679,5652929,31934,0,272,0,272,0,0,0,0,0,0,22694,14400,4680,3614,0
576,616,18.829875,18.708717,3.223877,0.011081,15.498583,12.361249,3.137168,0.023542,0.007583,0.760000,640,971993,5931,0,32,0,32,0,0,0,0,0,0,5406,0,3510,1896,0
577,617,14.621042,14.497173,14.504204,0.004202,0.293500,0.293375,0.000000,0.020375,0.305458,1.059583,671,5607870,31759,0,272,0,272,0,0,0,0,0,0,20863,14400,3510,2953,0
578,618,18.691083,18.570671,2.958290,0.011454,15.626417,12.447542,3.178750,0.017167,0.006667,0.534000,648,971283,5954,0,32,0,32,0,0,0,0,0,0,7208,0,4680,2528,0
579,619,14.543042,14.419836,14.425996,0.004209,0.430000,0.429750,0.000083,0.016542,0.437791,0.892874,669,5641601,31969,0,272,0,272,0,0,0,0,0,0,20880,14400,3510,2970,0
580,620,18.885208,18.764752,3.145417,0.011414,15.632625,12.452958,3.179500,0.026084,0.008333,0.360750,639,981763,6002,0,32,0,32,0,0,0,0,0,0,5406,0,3510,1896,0
581,621,14.779667,14.655099,14.658863,0.004251,0.120625,0.116125,0.004375,0.031917,0.140416,0.939958,681,5623352,31952,0,272,0,272,0,0,0,0,0,0,22695,14400,4680,3615,0
582,622,19.722250,19.592291,3.143498,0.011913,16.443916,14.283541,2.160167,0.028542,0.010916,1.192334,640,972167,5941,0,32,0,32,0,0,0,0,0,0,5406,0,3510,1896,0
583,623,14.719333,14.595778,14.603033,0.004296,0.000209,0.000000,0.000000,0.031917,0.012625,0.627750,666,5550940,31488,0,272,0,272,0,0,0,0,0,0,19806,14400,3510,1896,0
584,624,17.658000,17.545633,2.645348,0.010660,14.913583,11.974042,2.939375,0.021625,0.008000,1.077501,646,967983,5954,0,32,0,32,0,0,0,0,0,0,7208,0,4680,2528,0
585,625,14.533834,14.393467,14.319997,0.006458,0.197958,0.197458,0.000167,0.050416,0.218250,0.352458,668,5545107,31478,0,272,0,272,0,0,0,0,0,0,19806,14400,3510,1896,0
586,626,18.594208,18.485710,2.832712,0.010583,15.649876,12.449542,3.200209,0.043333,0.009959,1.360916,638,972166,5993,0,32,0,32,0,0,0,0,0,0,5406,0,3510,1896,0
587,627,14.218167,14.108257,13.766791,0.003876,1.903123,1.894222,0.008818,0.028875,0.805750,0.676750,676,5515883,31418,0,272,0,272,0,0,0,0,0,0,21608,14400,4680,2528,0
588,628,20.139583,20.037953,3.357006,0.015488,16.585416,14.438041,2.147167,0.025583,0.025709,0.812584,638,971152,6025,0,32,0,32,0,0,0,0,0,0,5406,0,3510,1896,0
589,629,13.224708,13.110603,13.033856,0.004125,0.941416,0.941013,0.000320,0.042875,0.813917,0.613042,676,5394570,31101,0,272,0,272,0,0,0,0,0,0,20830,14400,3510,2920,0
590,630,18.084834,17.975749,4.298045,0.010502,14.155792,12.249334,1.906291,0.050416,0.010084,1.234709,653,1040309,6624,0,32,0,32,0,0,0,0,0,0,8232,0,4680,3552,0
591,631,15.282125,15.168675,13.590546,0.004462,2.996334,2.995847,0.000403,0.034958,0.817917,0.626000,674,5275547,30547,0,272,0,272,0,0,0,0,0,0,20896,14400,3510,2986,0
592,632,19.714541,19.610873,3.312082,0.010235,16.206710,13.593583,2.612959,0.026459,0.013041,0.928833,638,971405,6026,0,32,0,32,0,0,0,0,0,0,5406,0,3510,1896,0
593,633,13.650167,13.535544,13.366037,0.004496,1.599374,1.598931,0.000318,0.029542,0.820333,0.944709,675,5426572,31027,0,272,0,272,0,0,0,0,0,0,21608,14400,4680,2528,0
594,634,19.755083,19.648375,3.202545,0.010329,16.357582,13.968916,2.388500,0.020209,0.015500,0.461041,640,971176,6020,0,32,0,32,0,0,0,0,0,0,5406,0,3510,1896,0
595,635,13.695667,13.588501,13.403223,0.004041,1.650708,1.650054,0.000571,0.028542,0.723208,0.801874,673,5510579,31288,0,272,0,272,0,0,0,0,0,0,21404,14400,4536,2468,0
596,636,19.392583,19.281797,3.822369,0.010296,16.060833,14.449500,1.611125,0.021875,0.013834,0.290292,641,990871,6155,0,32,0,32,0,0,0,0,0,0,5610,0,3654,1956,0
597,637,13.891292,13.781586,13.573037,0.003869,2.039708,2.025347,0.014277,0.028375,0.815917,0.934041,664,5425765,31003,0,272,0,272,0,0,0,0,0,0,19806,14400,3510,1896,0
598,638,18.281458,18.177875,3.180119,0.010129,14.922958,14.100749,0.822084,0.020042,0.009792,0.636417,647,972524,6007,0,32,0,32,0,0,0,0,0,0,7208,0,4680,2528,0
599,639,15.083625,14.969350,13.612536,0.004002,2.838250,2.837515,0.000651,0.034917,0.815208,1.088417,670,5535618,31598,0,272,0,272,0,0,0,0,0,0,20886,14400,3510,2976,0
600,640,19.943709,19.835668,3.315614,0.010252,16.356875,14.104874,2.251876,0.023708,0.017042,1.290750,647,993123,6309,0,32,0,32,0,0,0,0,0,0,7538,0,3510,4028,0
601,641,13.529500,13.419589,13.291390,0.004257,1.371624,1.370887,0.000696,0.027125,0.690208,0.635666,681,5511129,31496,0,272,0,272,0,0,0,0,0,0,22687,14400,4680,3607,0
602,642,17.761958,17.656258,3.177044,0.011340,14.391082,14.272042,0.118916,0.024833,0.006834,0.944000,646,981623,6248,0,32,0,32,0,0,0,0,0,0,7552,0,3510,4042,0
603,643,15.528208,15.412835,12.986757,0.004752,3.269082,3.249305,0.019694,0.030209,0.803791,0.610250,672,5451026,31175,0,272,0,272,0,0,0,0,0,0,20859,14400,3510,2949,0
604,644,17.957500,17.840121,3.738741,0.010041,14.343292,12.376249,1.966875,0.024917,0.015625,0.968542,654,994159,6294,0,32,0,32,0,0,0,0,0,0,10053,0,4680,5373,0
605,645,15.380125,15.266720,13.554784,0.003751,3.052875,3.051848,0.000944,0.031792,0.808917,0.653625,669,5585064,31632,0,272,0,272,0,0,0,0,0,0,19806,14400,3510,1896,0
606,646,17.912667,17.808253,3.699666,0.010878,14.327542,12.336541,1.990834,0.024500,0.006042,0.937626,645,985809,6147,0,32,0,32,0,0,0,0,0,0,7170,0,3510,3660,0
607,647,15.562000,15.450674,13.355547,0.003628,3.269875,3.269513,0.000279,0.031667,0.679083,0.646041,678,5644131,32005,0,272,0,272,0,0,0,0,0,0,23316,14400,4680,4236,0
608,648,18.911125,18.801380,3.140037,0.010743,15.567168,12.459500,3.107584,0.021917,0.016666,0.935125,645,986115,6170,0,32,0,32,0,0,0,0,0,0,7054,0,3510,3544,0
609,649,14.348833,14.237833,13.922971,0.004086,2.183210,2.179222,0.003904,0.033417,0.790250,0.588042,671,5614227,31811,0,272,0,272,0,0,0,0,0,0,21362,14400,3510,3452,0
610,650,18.458709,18.354668,3.674166,0.009588,15.079251,14.433541,0.645501,0.021208,0.015542,0.302708,651,973244,6036,0,32,0,32,0,0,0,0,0,0,7208,0,4680,2528,0
611,651,14.916500,14.793277,13.617552,0.003959,2.634248,2.616347,0.017735,0.028541,0.809375,0.994333,671,5689710,32160,0,272,0,272,0,0,0,0,0,0,21277,14400,3510,3367,0
612,652,19.137125,19.045472,3.225781,0.010122,15.738874,12.731541,3.007167,0.021625,0.027375,0.301417,639,972475,6009,0,32,0,32,0,0,0,0,0,0,5406,0,3510,1896,0
613,653,14.334000,14.221646,13.781957,0.003756,2.090083,2.081346,0.008654,0.034083,0.733375,0.950458,677,5596533,31735,0,272,0,272,0,0,0,0,0,0,22969,14400,4680,3889,0
614,654,19.059833,18.954076,3.236736,0.010453,15.579542,12.412667,3.166750,0.045833,0.011792,0.992083,637,975533,6009,0,32,0,32,0,0,0,0,0,0,5406,0,3510,1896,0
615,655,14.196583,14.075622,13.863525,0.003919,1.734750,1.725639,0.009070,0.030667,0.805208,0.608250,671,5614581,31797,0,272,0,272,0,0,0,0,0,0,21055,14400,3510,3145,0
616,656,18.033375,17.903878,3.060690,0.010601,14.565292,12.800791,1.764375,0.027542,0.006292,1.268791,646,971516,5979,0,32,0,32,0,0,0,0,0,0,7208,0,4680,2528,0
617,657,15.328917,15.205666,14.064754,0.003794,2.600916,2.600431,0.000401,0.027625,0.793250,0.637416,670,5703802,32181,0,272,0,272,0,0,0,0,0,0,20687,14400,3510,2777,0
618,658,19.359500,19.256304,3.173720,0.011411,15.898418,14.159874,1.738418,0.036625,0.009375,1.300750,640,971886,5982,0,32,0,32,0,0,0,0,0,0,5406,0,3510,1896,0
619,659,14.124458,14.011924,13.858304,0.003833,1.588916,1.585638,0.003237,0.031959,0.671958,0.447708,678,5780274,32462,0,272,0,272,0,0,0,0,0,0,22454,14400,4680,3374,0
620,660,18.115375,18.005679,3.768636,0.010535,14.407166,14.213000,0.194000,0.047959,0.014041,0.593875,639,971460,5971,0,32,0,32,0,0,0,0,0,0,5406,0,3510,1896,0
621,661,15.142709,15.025088,14.653831,0.004042,1.822584,1.822223,0.000278,0.047666,0.773792,0.609833,669,5669654,31956,0,272,0,272,0,0,0,0,0,0,20598,14400,3510,2688,0
622,662,17.944375,17.841085,3.690333,0.010752,14.416583,12.438333,1.978084,0.051708,0.043167,0.870418,647,972075,5982,0,32,0,32,0,0,0,0,0,0,7208,0,4680,2528,0
623,663,15.423291,15.298471,14.080514,0.003707,2.559708,2.559306,0.000277,0.030750,0.781834,0.941501,673,5715715,32254,0,272,0,272,0,0,0,0,0,0,20557,14400,3510,2647,0
624,664,17.991125,17.886158,3.491135,0.011077,14.438374,14.159208,0.279042,0.031542,0.019250,0.610292,639,971417,5985,0,32,0,32,0,0,0,0,0,0,5406,0,3510,1896,0
625,665,15.406584,15.295167,13.701739,0.003709,2.852708,2.824762,0.027904,0.037375,0.744250,1.319250,679,5693383,32084,0,272,0,272,0,0,0,0,0,0,22587,14400,4680,3507,0
626,666,19.288208,19.185033,3.433654,0.010796,15.650291,14.460416,1.189625,0.043542,0.011458,0.610375,639,971964,5997,0,32,0,32,0,0,0,0,0,0,5406,0,3510,1896,0
627,667,14.037500,13.922387,13.699250,0.003585,1.461333,1.460889,0.000361,0.035167,0.829416,0.901374,671,5637156,31813,0,272,0,272,0,0,0,0,0,0,20616,14400,3510,2706,0
628,668,20.032958,19.929549,3.301325,0.010131,16.646834,14.449458,2.197167,0.027667,0.006500,1.070208,648,972517,5979,0,32,0,32,0,0,0,0,0,0,7208,0,4680,2528,0
629,669,13.336667,13.220372,13.184595,0.003250,0.902083,0.899667,0.002291,0.028125,0.790958,0.300917,671,5753124,32355,0,272,0,272,0,0,0,0,0,0,20650,14400,3510,2740,0
630,670,19.457417,19.348718,3.188133,0.010039,16.068791,13.234041,2.834584,0.027000,0.012125,1.091791,639,972296,5988,0,32,0,32,0,0,0,0,0,0,5406,0,3510,1896,0
631,671,13.913583,13.795470,13.699218,0.003910,1.464333,1.463929,0.000362,0.033750,0.820542,0.446417,675,5783903,32442,0,272,0,272,0,0,0,0,0,0,22630,14400,4680,3550,0
632,672,18.012750,17.910092,3.787837,0.016366,14.358250,13.651750,0.706333,0.039750,0.010167,0.611625,639,972723,5992,0,32,0,32,0,0,0,0,0,0,5406,0,3510,1896,0
633,673,15.367500,15.253711,13.769165,0.003668,2.840917,2.840181,0.000653,0.032542,0.768375,0.626750,672,5673265,31986,0,272,0,272,0,0,0,0,0,0,21481,14400,3510,3571,0
634,674,19.248333,19.140575,3.200498,0.010757,15.869375,12.918208,2.951042,0.025042,0.009083,0.932917,647,972356,6000,0,32,0,32,0,0,0,0,0,0,7208,0,4680,2528,0
635,675,14.096750,13.982418,13.773738,0.003876,1.607834,1.586848,0.020902,0.041500,0.830375,0.622500,671,5700218,32142,0,272,0,272,0,0,0,0,0,0,21420,14400,3510,3510,0
636,676,19.327250,19.207543,3.320419,0.011455,15.627792,12.426458,3.201167,0.033625,0.011042,1.347458,638,972024,5989,0,32,0,32,0,0,0,0,0,0,5406,0,3510,1896,0
637,677,14.043125,13.926216,13.769807,0.003796,1.250043,1.249513,0.000446,0.032709,0.799541,0.686083,679,5649354,31943,0,272,0,272,0,0,0,0,0,0,23365,14400,4680,4285,0
638,678,19.159042,19.050048,3.108829,0.009999,15.783208,12.808042,2.975000,0.022042,0.006541,0.931918,642,979372,6048,0,32,0,32,0,0,0,0,0,0,5406,0,3510,1896,0
639,679,14.203458,14.084160,13.551334,0.004217,2.244375,2.243889,0.000445,0.032375,0.796459,0.927417,672,5523759,31376,0,272,0,272,0,0,0,0,0,0,21384,14400,3510,3474,0
640,680,19.063042,18.959571,3.263202,0.010005,15.587834,12.466458,3.121167,0.023375,0.006208,0.480500,645,1012666,6205,0,32,0,32,0,0,0,0,0,0,7208,0,4680,2528,0
641,681,14.306500,14.186708,13.937218,0.003956,2.077833,2.077348,0.000402,0.022833,0.821167,0.615250,671,5586548,31700,0,272,0,272,0,0,0,0,0,0,21549,14400,3510,3639,0
642,682,19.148750,19.048638,3.195712,0.010504,15.767541,12.629041,3.138417,0.022000,0.016625,0.582125,641,972514,5996,0,32,0,32,0,0,0,0,0,0,5406,0,3510,1896,0
643,683,14.227042,14.109991,13.921759,0.003214,1.873667,1.872513,0.001112,0.030041,0.792584,0.905333,680,5667835,32052,0,272,0,272,0,0,0,0,0,0,23171,14400,4680,4091,0
644,684,18.022125,17.917121,3.238000,0.010212,14.585000,13.907667,0.677167,0.027541,0.040292,0.607625,640,972013,6004,0,32,0,32,0,0,0,0,0,0,5406,0,3510,1896,0
645,685,15.333208,15.218072,13.702341,0.003955,2.897167,2.896514,0.000487,0.034500,0.809500,0.586125,671,5621753,31740,0,272,0,272,0,0,0,0,0,0,21565,14400,3510,3655,0
646,686,19.954458,19.849457,3.256465,0.009869,16.469292,14.273750,2.195375,0.021500,0.007750,1.248792,646,1027968,6297,0,32,0,32,0,0,0,0,0,0,7208,0,4680,2528,0
647,687,13.410167,13.301847,13.225013,0.003670,1.306501,1.306098,0.000319,0.027000,0.817083,0.611250,671,5594371,31693,0,272,0,272,0,0,0,0,0,0,21463,14400,3510,3553,0
648,688,19.072542,18.955670,3.212915,0.010923,15.645334,12.463666,3.181501,0.019000,0.016291,0.938791,645,972092,5977,0,32,0,32,0,0,0,0,0,0,7004,0,4536,2468,0
649,689,14.307875,14.197516,13.942345,0.003832,1.985125,1.974304,0.010654,0.034041,0.803084,0.610583,675,5613779,31883,0,272,0,272,0,0,0,0,0,0,21637,14400,3654,3583,0
650,690,19.826000,19.724076,3.232273,0.011509,16.391125,14.059792,2.331167,0.026958,0.006417,0.933916,639,972344,6008,0,32,0,32,0,0,0,0,0,0,5406,0,3510,1896,0
651,691,13.653958,13.542052,13.424453,0.004503,1.382416,1.380597,0.001778,0.023458,0.681250,0.627625,679,5586632,31694,0,272,0,272,0,0,0,0,0,0,21778,14400,4680,2698,0
652,692,19.074500,18.966574,3.454634,0.010341,15.541208,14.467291,1.073792,0.033958,0.009625,1.042458,639,972097,6000,0,32,0,32,0,0,0,0,0,0,5406,0,3510,1896,0
653,693,14.166625,14.054255,13.768123,0.003627,1.664750,1.664306,0.000360,0.026417,0.795000,0.612625,673,5571750,31550,0,272,0,272,0,0,0,0,0,0,19976,14400,3510,2066,0
654,694,19.761833,19.641925,3.182540,0.010501,16.208541,13.628708,2.579709,0.022542,0.007333,0.761916,647,970910,6004,0,32,0,32,0,0,0,0,0,0,7208,0,4680,2528,0
655,695,13.606459,13.492442,13.425048,0.003825,1.252334,1.250929,0.001280,0.027500,0.797083,0.614251,669,5634255,31936,0,272,0,272,0,0,0,0,0,0,19976,14400,3510,2066,0
656,696,17.864458,17.757836,3.953954,0.010121,14.484832,14.475083,0.009583,0.023458,0.010917,0.320167,639,971425,5996,0,32,0,32,0,0,0,0,0,0,5406,0,3510,1896,0
657,697,15.616417,15.503828,13.298341,0.004002,3.340041,3.339638,0.000278,0.028708,0.675750,1.190917,677,5599751,31777,0,272,0,272,0,0,0,0,0,0,21778,14400,4680,2698,0
658,698,18.901750,18.802203,2.998959,0.010367,15.658208,12.521583,3.136458,0.022875,0.005750,0.648875,640,971001,5998,0,32,0,32,0,0,0,0,0,0,5406,0,3510,1896,0
659,699,14.349875,14.237954,13.435836,0.003212,2.462416,2.461931,0.000444,0.028125,0.824125,0.899000,669,5511047,31365,0,272,0,272,0,0,0,0,0,0,19976,14400,3510,2066,0
660,700,17.799750,17.696181,3.809814,0.010879,14.462958,13.574374,0.888417,0.020916,0.006125,0.616250,646,982709,6044,0,32,0,32,0,0,0,0,0,0,7208,0,4680,2528,0
661,701,15.570416,15.456855,13.374378,0.003670,3.287876,3.275721,0.012071,0.041000,0.781875,1.227583,670,5528476,31536,0,272,0,272,0,0,0,0,0,0,19976,14400,3510,2066,0
662,702,18.426000,18.323126,3.805213,0.011213,15.113874,14.454208,0.659458,0.021667,0.009250,0.955416,639,981611,5898,0,32,0,32,0,0,0,0,0,0,5406,0,3510,1896,0
663,703,15.139334,15.023404,14.868731,0.001501,0.572957,0.572583,0.000125,0.031583,0.590208,0.548791,673,7094946,37509,0,272,0,272,0,0,0,0,0,0,21778,14400,4680,2698,0
664,704,18.731125,18.610163,2.984133,0.010698,15.560084,12.407250,3.152667,0.026000,0.007125,1.292417,640,971820,5836,0,32,0,32,0,0,0,0,0,0,5406,0,3510,1896,0
665,705,14.710625,14.590328,14.589938,0.001793,0.541292,0.506500,0.034583,0.022625,0.561416,0.635041,669,6968506,36991,0,272,0,272,0,0,0,0,0,0,19976,14400,3510,2066,0
666,706,19.665833,19.567177,3.475329,0.010667,16.625959,14.444249,2.181584,0.021583,0.006667,1.291167,648,972370,5821,0,22,0,22,0,0,0,0,0,0,7208,0,4680,2528,0
667,707,14.701292,14.585125,14.590909,0.001501,0.000251,0.000000,0.000000,0.029291,0.057500,0.638750,670,6925469,36881,0,282,0,282,0,0,0,0,0,0,19976,14400,3510,2066,0
668,708,16.868208,16.765471,3.252716,0.010506,14.306250,13.944458,0.361625,0.023500,0.008708,0.911750,639,972144,5861,0,32,0,32,0,0,0,0,0,0,5406,0,3510,1896,0
669,709,15.358917,15.244123,15.141380,0.002129,1.470000,1.463264,0.006653,0.026666,0.676000,0.633250,677,6819857,36565,0,272,0,272,0,0,0,0,0,0,21778,14400,4680,2698,0
670,710,18.958708,18.850548,3.012007,0.010705,15.732249,13.746833,1.985292,0.021208,0.006834,0.953917,639,972731,5881,0,32,0,32,0,0,0,0,0,0,5406,0,3510,1896,0
671,711,14.266250,14.153471,14.155667,0.002334,0.824958,0.824042,0.000749,0.023750,0.827292,1.178042,669,6598240,35589,0,272,0,272,0,0,0,0,0,0,19976,14400,3510,2066,0
672,712,18.937708,18.832482,3.019300,0.010748,15.658666,12.471374,3.187167,0.022917,0.011208,0.641125,649,973957,5835,0,22,0,22,0,0,0,0,0,0,7208,0,4680,2528,0
673,713,14.453834,14.338994,14.282333,0.002673,1.109375,1.106346,0.002987,0.025333,0.785583,0.952459,671,6497706,35338,0,282,0,282,0,0,0,0,0,0,19976,14400,3510,2066,0
674,714,18.921541,18.809851,3.083164,0.010376,15.553166,12.398375,3.154666,0.025500,0.006834,0.638708,637,971203,5875,0,32,0,32,0,0,0,0,0,0,5406,0,3510,1896,0
675,715,14.448584,14.334837,14.229799,0.003044,1.380333,1.379556,0.000736,0.034291,0.785334,1.163416,676,6275417,34455,0,272,0,272,0,0,0,0,0,0,21778,14400,4680,2698,0
676,716,18.858708,18.745993,3.062301,0.015261,15.579873,12.403999,3.175708,0.020292,0.006291,0.292875,638,972294,5866,0,32,0,32,0,0,0,0,0,0,5406,0,3510,1896,0
677,717,14.499958,14.386130,14.194118,0.003080,1.835291,1.832931,0.002319,0.023125,0.787167,1.261333,670,5964582,33266,0,272,0,272,0,0,0,0,0,0,19976,14400,3510,2066,0
678,718,18.973125,18.865585,3.061843,0.010630,15.684125,12.489999,3.194042,0.019292,0.016667,1.298749,648,972373,5961,0,32,0,32,0,0,0,0,0,0,7208,0,4680,2528,0
679,719,14.379084,14.264166,12.997581,0.004835,2.811667,2.804429,0.007196,0.024500,0.793666,0.611625,669,5082589,30051,0,272,0,272,0,0,0,0,0,0,19976,14400,3510,2066,0
680,720,20.167125,20.067762,3.309712,0.011048,16.706208,14.486500,2.219541,0.028416,0.015750,0.770708,640,971706,5941,0,32,0,32,0,0,0,0,0,0,5406,0,3510,1896,0
681,721,13.222666,13.107379,12.899735,0.004332,1.668710,1.660056,0.008570,0.023000,0.775292,0.611875,675,4996227,29581,0,272,0,272,0,0,0,0,0,0,21778,14400,4680,2698,0
682,722,20.042750,19.943119,3.306705,0.010710,16.650708,14.499375,2.151167,0.019875,0.016375,0.951708,640,972266,5952,0,32,0,32,0,0,0,0,0,0,5406,0,3510,1896,0
683,723,13.296209,13.182292,12.804997,0.005460,2.215500,2.215098,0.000318,0.025916,0.833167,0.630125,670,4780832,28564,0,272,0,272,0,0,0,0,0,0,19976,14400,3510,2066,0
684,724,19.980208,19.873291,3.230120,0.010348,16.667250,14.470708,2.196417,0.018708,0.017500,0.928416,646,971818,5905,0,32,0,32,0,0,0,0,0,0,7208,0,4680,2528,0
685,725,13.397667,13.280380,12.817807,0.005086,2.183666,2.170679,0.012946,0.023125,0.819500,0.612209,671,4757036,28527,0,272,0,272,0,0,0,0,0,0,19976,14400,3510,2066,0
686,726,18.533916,18.432370,3.289368,0.011157,14.972624,13.651500,1.320958,0.036709,0.010125,0.931334,640,985130,5948,0,32,0,32,0,0,0,0,0,0,5406,0,3510,1896,0
687,727,14.824709,14.712281,13.267222,0.004009,2.784206,2.783721,0.000402,0.034250,0.789916,0.901249,679,5280835,30603,0,272,0,272,0,0,0,0,0,0,21778,14400,4680,2698,0
688,728,19.103541,18.996335,3.174122,0.011492,15.715749,12.643416,3.072208,0.025584,0.009583,0.448458,641,972568,5921,0,32,0,32,0,0,0,0,0,0,5406,0,3510,1896,0
689,729,14.260917,14.150515,12.546134,0.004921,3.033207,3.030514,0.002652,0.027250,0.828500,0.925583,668,4818718,28706,0,272,0,272,0,0,0,0,0,0,19807,14400,3510,1897,0
690,730,18.123958,18.019383,3.933837,0.010337,14.780708,14.445374,0.335209,0.022667,0.006917,0.291750,647,967909,5941,0,32,0,32,0,0,0,0,0,0,7208,0,4680,2528,0
691,731,15.254792,15.141533,12.388011,0.005004,3.724375,3.723596,0.000737,0.046250,0.793875,1.246667,667,4979823,29327,0,272,0,272,0,0,0,0,0,0,19806,14400,3510,1896,0
692,732,19.168125,19.060567,3.356129,0.010752,15.596041,12.428291,3.167625,0.030750,0.008292,1.249000,640,972090,5933,0,32,0,32,0,0,0,0,0,0,5406,0,3510,1896,0
693,733,14.188417,14.081451,13.691925,0.004160,2.017291,2.012805,0.004403,0.024166,0.807792,0.620667,673,5421585,31100,0,272,0,272,0,0,0,0,0,0,21608,14400,4680,2528,0
694,734,17.954750,17.851592,2.964467,0.010338,14.731792,14.122000,0.609625,0.027875,0.006166,0.923167,639,973016,5757,0,22,0,22,0,0,0,0,0,0,5406,0,3510,1896,0
695,735,15.428958,15.313440,15.096883,0.002501,1.644583,1.626639,0.017860,0.033083,0.806042,0.608917,666,6719605,35844,0,282,0,282,0,0,0,0,0,0,19806,14400,3510,1896,0
696,736,18.959625,18.850762,3.252710,0.009878,15.472666,12.347708,3.124792,0.021708,0.013875,0.936124,646,1032513,6161,0,32,0,32,0,0,0,0,0,0,7208,0,4680,2528,0
697,737,14.415083,14.302796,14.266001,0.002244,0.825082,0.819666,0.005250,0.027167,0.769708,0.634458,677,6538908,35336,0,272,0,272,0,0,0,0,0,0,20830,14400,3510,2920,0
698,738,17.864917,17.755916,3.147002,0.010953,14.389125,12.469084,1.919875,0.025583,0.008417,1.312416,648,983358,6103,0,32,0,32,0,0,0,0,0,0,6430,0,3510,2920,0
699,739,15.482458,15.367249,15.216570,0.002173,1.518624,1.510971,0.007611,0.027084,0.811916,0.664167,678,6876118,36601,0,272,0,272,0,0,0,0,0,0,21778,14400,4680,2698,0
700,740,19.071334,18.966421,3.155032,0.011376,15.707915,12.718624,2.989125,0.018500,0.014041,0.603959,638,972177,5888,0,32,0,32,0,0,0,0,0,0,5406,0,3510,1896,0
701,741,14.381333,14.264509,14.214326,0.002587,1.043541,1.038264,0.005235,0.029250,0.714792,0.907833,672,6426999,34794,0,272,0,272,0,0,0,0,0,0,21404,14400,4536,2468,0
702,742,19.301750,19.197871,3.068787,0.010367,16.052500,13.373833,2.678500,0.020125,0.011917,0.637958,642,987040,6017,0,32,0,32,0,0,0,0,0,0,5610,0,3654,1956,0
703,743,14.314375,14.192652,14.178509,0.002126,0.443250,0.442833,0.000167,0.021625,0.455458,0.942333,665,6728482,35903,0,272,0,272,0,0,0,0,0,0,19806,14400,3510,1896,0
704,744,18.707625,18.607032,2.862246,0.010137,15.674250,12.480375,3.193667,0.034083,0.008459,0.613084,647,971609,5979,0,32,0,32,0,0,0,0,0,0,7208,0,4680,2528,0
705,745,14.315292,14.203276,14.145671,0.002626,0.987957,0.987291,0.000583,0.030083,0.810000,0.925125,667,6388540,34787,0,272,0,272,0,0,0,0,0,0,19806,14400,3510,1896,0
706,746,17.872583,17.757331,3.363202,0.010508,14.468918,14.468458,0.000292,0.019792,0.015166,0.613458,639,971938,5908,0,32,0,32,0,0,0,0,0,0,5406,0,3510,1896,0
707,747,15.615208,15.502617,15.338623,0.002086,1.621042,1.620390,0.000610,0.026209,0.704875,0.927084,681,6802435,36441,0,272,0,272,0,0,0,0,0,0,21948,14400,4680,2868,0
708,748,19.060667,18.938624,3.114596,0.010753,15.624208,12.844166,2.779917,0.021375,0.020208,1.287500,659,992518,6787,0,32,0,32,0,0,0,0,0,0,6596,0,3510,3086,0
709,749,14.195417,14.080258,14.062187,0.002290,0.774709,0.774416,0.000084,0.023250,0.788541,0.611166,672,6538816,35362,0,272,0,272,0,0,0,0,0,0,19976,14400,3510,2066,0
710,750,17.785666,17.677412,3.615261,0.010661,14.474792,14.471375,0.003250,0.024667,0.005542,0.940291,648,971948,5943,0,32,0,32,0,0,0,0,0,0,7208,0,4680,2528,0
711,751,15.572875,15.460738,15.283054,0.002539,1.950876,1.928806,0.021986,0.028792,0.801292,0.609458,673,6540560,35490,0,272,0,272,0,0,0,0,0,0,21555,14400,3510,3645,0
712,752,20.255542,20.149453,3.718257,0.009919,16.615501,14.471625,2.143792,0.019000,0.015667,0.939959,639,971782,6864,0,52,0,52,0,0,0,0,0,0,5406,0,3510,1896,0
713,753,13.225500,13.118760,10.086710,0.007377,3.867668,3.861557,0.006069,0.026625,0.683375,0.607750,695,3411424,25828,0,252,0,252,0,0,0,0,0,0,23329,14400,4680,4249,0
714,754,19.135667,19.031661,3.357460,0.011042,15.598541,12.429041,3.169334,0.020000,0.005708,1.042875,640,971884,6831,0,52,0,52,0,0,0,0,0,0,5406,0,3510,1896,0
715,755,14.581041,14.466876,9.370232,0.006828,5.427583,4.737638,0.689820,0.019792,0.332333,0.644625,686,3354174,25537,0,252,0,252,0,0,0,0,0,0,21546,14400,3510,3636,0
716,756,17.869417,17.765844,2.998968,0.010507,14.725583,12.491541,2.233875,0.019042,0.014916,0.778125,648,972105,6710,0,42,0,42,0,0,0,0,0,0,7208,0,4680,2528,0
717,757,15.880417,15.772576,9.644383,0.007125,6.124751,5.094222,1.030320,0.025791,0.013750,1.113666,686,3410262,25946,0,262,0,262,0,0,0,0,0,0,21508,14400,3510,3598,0
718,758,18.412625,18.310253,2.747247,0.009337,15.561625,12.407958,3.153459,0.023333,0.007125,0.639333,639,971916,6831,0,52,0,52,0,0,0,0,0,0,5406,0,3510,1896,0
719,759,14.231375,14.117081,10.145158,0.007250,5.222583,5.184598,0.037943,0.021291,0.670917,1.069374,694,3410783,25826,0,252,0,252,0,0,0,0,0,0,23314,14400,4680,4234,0
720,760,19.077625,18.976291,3.262625,0.010404,15.633208,12.451707,3.181334,0.020458,0.005917,0.446666,639,983549,6911,0,52,0,52,0,0,0,0,0,0,5406,0,3510,1896,0
721,761,14.684666,14.570743,9.354255,0.007008,5.475667,4.735388,0.740154,0.021084,0.290666,0.932625,687,3342364,25456,0,252,0,252,0,0,0,0,0,0,21526,14400,3510,3616,0
722,762,18.711625,18.612242,2.907782,0.010994,15.655542,12.469416,3.186000,0.019542,0.013542,0.655875,646,971097,6706,0,42,0,42,0,0,0,0,0,0,7208,0,4680,2528,0
723,763,14.181167,14.063877,10.161725,0.007496,5.024084,5.008264,0.015778,0.046500,0.726458,0.912334,688,3410924,25948,0,262,0,262,0,0,0,0,0,0,21567,14400,3510,3657,0
724,764,19.575833,19.472714,3.400386,0.010376,15.944126,13.162458,2.781501,0.019917,0.013958,1.293291,640,971131,6828,0,52,0,52,0,0,0,0,0,0,5406,0,3510,1896,0
725,765,13.855709,13.747370,10.036942,0.006788,4.918458,4.904806,0.013569,0.026458,0.698292,0.610916,694,3409069,25819,0,252,0,252,0,0,0,0,0,0,23294,14400,4680,4214,0
726,766,20.133250,20.021966,3.615623,0.010453,16.583124,14.450166,2.132834,0.018166,0.016125,1.247667,639,971111,6828,0,52,0,52,0,0,0,0,0,0,5406,0,3510,1896,0
727,767,13.163458,13.053854,9.463362,0.006868,4.409083,4.183887,0.225154,0.022875,0.784708,0.611959,687,3353742,25535,0,252,0,252,0,0,0,0,0,0,21528,14400,3510,3618,0
728,768,19.332958,19.227286,3.362245,0.010753,15.775416,12.663583,3.111666,0.017875,0.016417,1.249083,647,971066,6706,0,42,0,42,0,0,0,0,0,0,7208,0,4680,2528,0
729,769,14.061750,13.952369,9.530381,0.006921,5.141375,4.847014,0.294194,0.020459,0.732958,0.631125,688,3411144,25949,0,262,0,262,0,0,0,0,0,0,21521,14400,3510,3611,0
730,770,19.393125,19.288922,3.442359,0.010003,15.740165,12.643291,3.096750,0.028584,0.007500,0.911458,641,971679,6830,0,52,0,52,0,0,0,0,0,0,5406,0,3510,1896,0
731,771,14.327875,14.213775,9.520994,0.007000,5.081417,4.505639,0.575653,0.025000,0.398625,0.610292,692,3410596,25825,0,252,0,252,0,0,0,0,0,0,23360,14400,4680,4280,0
732,772,17.653459,17.541545,4.352072,0.010545,14.460001,14.459125,0.000750,0.021000,0.027083,1.252917,640,972142,6832,0,52,0,52,0,0,0,0,0,0,5406,0,3510,1896,0
733,773,16.291583,16.165844,9.402331,0.006963,6.754918,5.519805,1.234987,0.021083,0.015292,0.915750,687,3354850,25539,0,252,0,252,0,0,0,0,0,0,21571,14400,3510,3661,0
734,774,19.264083,19.164575,2.750983,0.011287,16.480167,14.260625,2.219416,0.018667,0.006833,0.292833,646,971850,6709,0,42,0,42,0,0,0,0,0,0,7208,0,4680,2528,0
735,775,13.126750,13.010314,9.727121,0.007289,4.208707,4.116180,0.092486,0.021875,0.768125,0.928584,689,3411612,25951,0,262,0,262,0,0,0,0,0,0,21598,14400,3510,3688,0
736,776,20.293625,20.196791,3.644092,0.010882,16.686333,14.492916,2.193333,0.023625,0.010209,0.289500,638,971164,6828,0,52,0,52,0,0,0,0,0,0,5406,0,3510,1896,0
737,777,13.045125,12.933726,10.082603,0.011049,4.214166,4.208640,0.005485,0.020542,0.797208,1.245084,694,3411154,25827,0,252,0,252,0,0,0,0,0,0,23375,14400,4680,4295,0
738,778,18.116584,18.010996,3.972619,0.010292,14.469708,12.417082,2.052501,0.020541,0.016584,0.608375,638,971897,6831,0,52,0,52,0,0,0,0,0,0,5406,0,3510,1896,0
739,779,16.273583,16.156854,9.384086,0.007085,6.776416,5.516763,1.259487,0.019917,0.016125,0.759250,689,3354423,25538,0,252,0,252,0,0,0,0,0,0,21660,14400,3510,3750,0
740,780,18.237292,18.138223,2.611990,0.010661,15.523417,12.377500,3.145792,0.017875,0.014750,1.285792,648,971319,6707,0,42,0,42,0,0,0,0,0,0,7208,0,4680,2528,0
741,781,14.453833,14.342154,9.550023,0.006634,5.229791,4.648764,0.580944,0.023375,0.459833,0.469292,686,3411942,25952,0,262,0,262,0,0,0,0,0,0,21641,14400,3510,3731,0
742,782,18.059333,17.949332,4.054615,0.011921,14.389874,12.381249,2.008459,0.069750,0.017209,0.611124,637,971446,6829,0,52,0,52,0,0,0,0,0,0,5406,0,3510,1896,0
743,783,15.930542,15.797244,10.471622,0.007877,5.338749,4.574972,0.763361,0.051292,0.013500,0.608792,694,3412000,25830,0,252,0,252,0,0,0,0,0,0,23487,14400,4680,4407,0
744,784,18.543917,18.443608,3.145986,0.011155,15.315668,12.231999,3.083376,0.074291,0.019625,0.991583,637,981792,6899,0,52,0,52,0,0,0,0,0,0,5406,0,3510,1896,0
745,785,14.025541,13.912906,10.416879,0.008080,4.096625,3.931763,0.164154,0.052625,0.625917,0.612958,690,3345220,25472,0,252,0,252,0,0,0,0,0,0,21666,14400,3510,3756,0
746,786,19.287125,19.181086,3.516246,0.011802,15.445249,12.313125,3.131958,0.046334,0.011125,0.934625,646,1012407,7017,0,52,0,52,0,0,0,0,0,0,7208,0,4680,2528,0
747,787,13.935917,13.823508,9.824572,0.006549,4.741167,4.522930,0.218070,0.030833,0.759625,0.424958,684,3368494,25635,0,252,0,252,0,0,0,0,0,0,21384,14400,3510,3474,0
748,788,19.881208,19.769294,3.698408,0.010836,15.855792,13.001708,2.853959,0.043459,0.015958,0.989750,641,972143,6832,0,52,0,52,0,0,0,0,0,0,5406,0,3510,1896,0
749,789,13.479667,13.358955,10.017636,0.007382,4.145000,4.051848,0.093069,0.031250,0.791750,1.305209,695,3409586,25822,0,252,0,252,0,0,0,0,0,0,23169,14400,4680,4089,0
750,790,18.614500,18.496860,3.332818,0.015462,14.952582,13.112207,1.840250,0.027583,0.007709,0.613292,639,971923,6831,0,52,0,52,0,0,0,0,0,0,5406,0,3510,1896,0
751,791,15.674625,15.562376,9.668790,0.007996,5.894168,4.945305,0.948487,0.050542,0.012458,0.941542,685,3352757,25531,0,252,0,252,0,0,0,0,0,0,21391,14400,3510,3481,0
752,792,18.676042,18.573282,2.946584,0.010919,15.635416,12.846834,2.788416,0.021500,0.015958,0.620417,647,1028285,7122,0,52,0,52,0,0,0,0,0,0,7208,0,4680,2528,0
753,793,13.995750,13.882583,9.437667,0.007201,4.956000,4.483097,0.472736,0.023416,0.543709,0.982083,687,3353970,25536,0,252,0,252,0,0,0,0,0,0,21443,14400,3510,3533,0
754,794,17.962541,17.858591,3.208166,0.010958,14.578374,13.001624,1.576542,0.024584,0.007500,0.611458,647,973560,6717,0,42,0,42,0,0,0,0,0,0,7004,0,4536,2468,0
755,795,16.104125,15.988657,9.604530,0.007041,6.392501,5.277931,1.114278,0.026000,0.019750,0.790709,690,3407986,25936,0,262,0,262,0,0,0,0,0,0,21683,14400,3654,3629,0
756,796,18.683917,18.584269,2.796218,0.011120,15.781083,13.028041,2.752834,0.022208,0.014667,0.937791,638,972195,6832,0,52,0,52,0,0,0,0,0,0,5406,0,3510,1896,0
757,797,14.107208,13.995162,9.569500,0.006796,4.827877,4.369305,0.458404,0.022834,0.419166,0.467708,694,3409948,25825,0,252,0,252,0,0,0,0,0,0,23290,14400,4680,4210,0
758,798,19.248000,19.131038,3.071413,0.010412,16.007042,13.270375,2.736583,0.020667,0.006417,1.030875,640,971858,6831,0,52,0,52,0,0,0,0,0,0,5406,0,3510,1896,0
759,799,14.044417,13.931798,9.420807,0.006250,4.999958,4.493347,0.506445,0.022000,0.511292,0.635833,688,3353786,25535,0,252,0,252,0,0,0,0,0,0,21497,14400,3510,3587,0
760,800,19.353875,19.238475,3.080751,0.009964,16.076793,13.294833,2.781792,0.023875,0.008542,0.801291,646,971314,6707,0,42,0,42,0,0,0,0,0,0,7208,0,4680,2528,0
761,801,13.902458,13.784665,9.633203,0.007000,4.743209,4.370681,0.372403,0.023917,0.614000,0.610084,688,3409917,25944,0,262,0,262,0,0,0,0,0,0,21463,14400,3510,3553,0
762,802,18.755334,18.652293,3.573250,0.010451,15.377083,14.493166,0.883792,0.026166,0.009375,1.246458,640,972490,6833,0,52,0,52,0,0,0,0,0,0,5406,0,3510,1896,0
763,803,14.536750,14.418197,10.235085,0.006748,5.579918,5.579471,0.000363,0.020666,0.686584,0.637458,692,3411042,25827,0,252,0,252,0,0,0,0,0,0,23321,14400,4680,4241,0
764,804,18.022333,17.927172,4.343049,0.010626,14.504084,14.503750,0.000167,0.025167,0.008250,0.600292,640,971568,6830,0,52,0,52,0,0,0,0,0,0,5406,0,3510,1896,0
765,805,16.228917,16.114180,9.460182,0.007078,6.652040,5.446597,1.205278,0.022791,0.008334,1.277583,688,3354278,25537,0,252,0,252,0,0,0,0,0,0,21532,14400,3510,3622,0
766,806,18.283708,18.181122,2.654166,0.009626,15.537167,12.391750,3.145292,0.021750,0.005875,0.613541,645,971610,6708,0,42,0,42,0,0,0,0,0,0,7208,0,4680,2528,0
767,807,14.392375,14.276479,9.767235,0.006421,4.949250,4.451556,0.497486,0.035917,0.470791,0.931251,689,3410844,25948,0,262,0,262,0,0,0,0,0,0,21528,14400,3510,3618,0
768,808,19.072792,18.962432,3.480699,0.011292,15.470416,12.341208,3.128959,0.042583,0.012375,0.294583,638,985090,6924,0,52,0,52,0,0,0,0,0,0,5406,0,3510,1896,0
769,809,14.128958,14.012916,10.898425,0.006972,4.814917,4.814179,0.000571,0.048083,0.624292,0.921792,694,3397190,25731,0,252,0,252,0,0,0,0,0,0,23297,14400,4680,4217,0
770,810,19.575500,19.450827,3.976506,0.011697,15.490958,12.358083,3.132666,0.025708,0.010375,1.225041,640,971609,6830,0,52,0,52,0,0,0,0,0,0,5406,0,3510,1896,0
771,811,13.644917,13.523209,11.814870,0.007920,3.154167,3.153847,0.000237,0.021750,0.795875,0.624708,688,3354258,25537,0,252,0,252,0,0,0,0,0,0,21529,14400,3510,3619,0
772,812,19.334375,19.205698,3.639001,0.012221,15.575083,12.415625,3.159250,0.025625,0.009916,1.241042,646,971961,5845,0,22,0,22,0,0,0,0,0,0,7208,0,4680,2528,0
773,813,16.952333,16.824801,16.833286,0.002250,0.000292,0.000000,0.000000,0.026000,0.012583,0.632542,672,6825725,36478,0,282,0,282,0,0,0,0,0,0,21546,14400,3510,3636,0
774,814,17.072125,16.955628,2.661288,0.010929,14.300083,12.040041,2.259917,0.022583,0.007500,0.927333,640,971992,5886,0,32,0,32,0,0,0,0,0,0,5406,0,3510,1896,0
775,815,16.222500,16.096416,16.104532,0.002581,0.000294,0.000000,0.000000,0.020250,0.009625,0.619625,678,6756071,36141,0,272,0,272,0,0,0,0,0,0,23344,14400,4680,4264,0
776,816,16.920542,16.800864,2.829535,0.012379,13.978291,11.348542,2.629625,0.022000,0.007083,0.792791,639,971856,5899,0,32,0,32,0,0,0,0,0,0,5406,0,3510,1896,0
777,817,16.160625,16.033957,16.042115,0.002210,0.000291,0.000000,0.000000,0.021416,0.009042,1.069458,671,6747522,35979,0,272,0,272,0,0,0,0,0,0,21517,14400,3510,3607,0
778,818,17.021625,16.899591,2.570941,0.011707,14.341833,11.592249,2.749417,0.016708,0.007125,0.460792,647,976932,5869,0,22,0,22,0,0,0,0,0,0,7208,0,4680,2528,0
779,819,16.225625,16.103700,16.112240,0.002584,0.000249,0.000000,0.000000,0.020625,0.009791,1.234416,672,6724800,36090,0,282,0,282,0,0,0,0,0,0,21540,14400,3510,3630,0
780,820,17.111708,16.998317,2.652544,0.011912,14.357832,11.602832,2.754834,0.019375,0.006625,0.458750,640,983700,5946,0,32,0,32,0,0,0,0,0,0,5406,0,3510,1896,0
781,821,16.030458,15.906706,15.914245,0.002251,0.000209,0.000000,0.000000,0.017542,0.008500,1.062167,679,6713057,36000,0,272,0,272,0,0,0,0,0,0,23355,14400,4680,4275,0
782,822,17.189375,17.070580,2.609782,0.011925,14.473916,11.679250,2.794500,0.016750,0.006292,0.614583,640,972048,5885,0,32,0,32,0,0,0,0,0,0,5406,0,3510,1896,0
783,823,16.455250,16.324363,16.290763,0.002456,0.000248,0.000000,0.000000,0.024750,0.013875,0.898334,673,6698152,35918,0,272,0,272,0,0,0,0,0,0,21601,14400,3510,3691,0
784,824,17.063167,16.947092,2.604579,0.011509,14.349835,11.595250,2.754417,0.019375,0.007250,0.615208,648,972096,5802,0,22,0,22,0,0,0,0,0,0,7208,0,4680,2528,0
785,825,16.455833,16.328049,16.336966,0.002584,0.000209,0.000000,0.000000,0.022625,0.009792,1.217251,671,6829531,36482,0,282,0,282,0,0,0,0,0,0,21638,14400,3510,3728,0
786,826,15.324417,15.207459,3.592002,0.011704,12.585334,11.513625,1.071542,0.018250,0.007083,0.640584,640,972211,5889,0,32,0,32,0,0,0,0,0,0,5406,0,3510,1896,0
787,827,15.732917,15.610501,15.619669,0.002503,0.451833,0.451583,0.000125,0.015875,0.460458,1.085792,680,6670200,35854,0,272,0,272,0,0,0,0,0,0,23385,14400,4680,4305,0
788,828,18.023458,17.904833,4.019952,0.011421,14.823625,14.461000,0.362500,0.024292,0.012041,1.237083,638,971957,5896,0,32,0,32,0,0,0,0,0,0,5406,0,3510,1896,0
789,829,15.997292,15.873506,15.882541,0.002415,0.000250,0.000000,0.000000,0.020291,0.012709,0.609333,671,6707730,35929,0,272,0,272,0,0,0,0,0,0,21526,14400,3510,3616,0
790,830,16.943166,16.823881,3.376000,0.011094,14.260250,12.354333,1.905792,0.020834,0.009750,0.940958,647,971438,5857,0,22,0,22,0,0,0,0,0,0,7208,0,4680,2528,0
791,831,16.012042,15.890453,15.898718,0.002167,0.207292,0.207042,0.000041,0.017792,0.215541,0.610083,672,6754222,36235,0,282,0,282,0,0,0,0,0,0,21622,14400,3510,3712,0
792,832,17.387500,17.271793,3.618639,0.010872,14.483749,12.470749,2.012834,0.020167,0.007375,1.270000,640,971630,5866,0,32,0,32,0,0,0,0,0,0,5406,0,3510,1896,0
793,833,15.962042,15.838971,15.850257,0.001833,0.225584,0.225333,0.000042,0.016625,0.236916,0.609625,678,6815932,36452,0,272,0,272,0,0,0,0,0,0,23433,14400,4680,4353,0
794,834,18.455958,18.335086,2.804455,0.011043,15.544959,12.393083,3.151750,0.021792,0.007416,0.949459,638,971197,5866,0,32,0,32,0,0,0,0,0,0,5406,0,3510,1896,0
795,835,16.193125,16.066151,16.074858,0.002247,0.000292,0.000000,0.000000,0.018875,0.008833,1.239334,669,6791728,36256,0,272,0,272,0,0,0,0,0,0,21609,14400,3510,3699,0
796,836,17.537833,17.415371,2.593669,0.011874,14.834624,11.919999,2.914500,0.019625,0.007042,0.639792,647,984088,5985,0,22,0,22,0,0,0,0,0,0,7209,0,4680,2529,0
797,837,16.373209,16.246617,16.255591,0.002086,0.000251,0.000000,0.000000,0.017208,0.008583,0.915625,669,6878452,36558,0,282,0,282,0,0,0,0,0,0,19806,14400,3510,1896,0
798,838,17.866375,17.749023,3.361199,0.010833,15.042374,12.855249,2.186959,0.021250,0.009500,0.621833,640,971955,5902,0,32,0,32,0,0,0,0,0,0,5406,0,3510,1896,0
799,839,16.269250,16.142255,16.152243,0.002162,0.000251,0.000000,0.000000,0.017875,0.009250,1.016375,675,6844698,36416,0,272,0,272,0,0,0,0,0,0,21608,14400,4680,2528,0
800,840,16.473291,16.355289,2.581288,0.012047,13.787249,11.223333,2.563750,0.019125,0.007334,0.890292,638,972175,5885,0,32,0,32,0,0,0,0,0,0,5406,0,3510,1896,0
801,841,16.759292,16.631457,16.640501,0.001921,0.000250,0.000000,0.000000,0.038042,0.012541,0.293084,668,6973563,36738,0,272,0,272,0,0,0,0,0,0,19806,14400,3510,1896,0
802,842,16.733375,16.615955,2.853667,0.010992,13.777042,11.216375,2.560542,0.020708,0.007625,1.258042,647,1036275,6248,0,32,0,32,0,0,0,0,0,0,7208,0,4680,2528,0
803,843,16.396667,16.275054,16.279738,0.001921,0.000292,0.000000,0.000000,0.019541,0.009834,0.632916,668,6933966,36584,0,272,0,272,0,0,0,0,0,0,19806,14400,3510,1896,0
804,844,17.411708,17.295878,3.612916,0.011551,14.418709,12.307124,2.111417,0.025917,0.008666,0.954959,646,982389,6096,0,22,0,22,0,0,0,0,0,0,6430,0,3510,2920,0
805,845,16.909417,16.784863,16.786545,0.001457,0.000291,0.000000,0.000000,0.024750,0.011208,0.640708,683,7081366,37587,0,282,0,282,0,0,0,0,0,0,22632,14400,4680,3552,0
806,846,16.010250,15.866662,2.621412,0.010429,13.253833,10.867000,2.386500,0.056125,0.014125,0.923833,644,986820,6074,0,32,0,32,0,0,0,0,0,0,7126,0,3510,3616,0
807,847,14.930250,14.850074,14.848454,0.001832,0.000248,0.000000,0.000000,0.026750,0.013583,0.643250,672,7037954,36968,0,272,0,272,0,0,0,0,0,0,21404,14400,4536,2468,0
808,848,17.796375,17.696584,2.581676,0.011375,15.110293,12.105250,3.004875,0.026291,0.008542,0.653583,641,985024,6047,0,32,0,32,0,0,0,0,0,0,5610,0,3654,1956,0
809,849,14.313458,14.183333,14.175798,0.002629,0.722791,0.722500,0.000125,0.022917,0.740250,0.471667,666,6420544,34874,0,272,0,272,0,0,0,0,0,0,19806,14400,3510,1896,0
810,850,19.959250,19.853879,3.229329,0.010545,16.664458,14.474416,2.189834,0.029042,0.006666,0.773083,648,972039,5905,0,32,0,32,0,0,0,0,0,0,7208,0,4680,2528,0
811,851,14.257458,14.141465,14.147242,0.002547,0.000417,0.000000,0.000000,0.033250,0.022000,0.801167,667,6443760,35019,0,272,0,272,0,0,0,0,0,0,19806,14400,3510,1896,0
812,852,18.055542,17.952034,2.485219,0.011155,15.476874,12.349083,3.127708,0.019667,0.007083,0.611000,640,972138,5940,0,32,0,32,0,0,0,0,0,0,5406,0,3510,1896,0
813,853,14.522208,14.393217,14.307098,0.002452,0.962541,0.961806,0.000652,0.032125,0.681917,1.319250,674,6507122,35275,0,272,0,272,0,0,0,0,0,0,21608,14400,4680,2528,0
814,854,18.862334,18.754404,3.073418,0.010214,15.598750,12.435250,3.163375,0.021666,0.006667,0.613167,640,971854,5911,0,32,0,32,0,0,0,0,0,0,5406,0,3510,1896,0
815,855,14.383416,14.267732,14.238290,0.002795,0.795833,0.795542,0.000124,0.034417,0.790417,0.924625,670,6535163,35282,0,272,0,272,0,0,0,0,0,0,19806,14400,3510,1896,0
816,856,18.909500,18.805408,3.223164,0.010966,15.363291,12.273208,3.089959,0.028792,0.007625,0.614541,652,985943,6016,0,22,0,22,0,0,0,0,0,0,8919,0,4680,4239,0
817,857,14.487375,14.371905,14.371492,0.002331,0.754042,0.745666,0.008125,0.029334,0.796208,1.214125,674,6690785,36060,0,282,0,282,0,0,0,0,0,0,21507,14400,3510,3597,0
818,858,18.845834,18.738175,3.062199,0.010129,15.575708,12.416208,3.159291,0.020791,0.009000,1.240459,642,972348,5909,0,32,0,32,0,0,0,0,0,0,5406,0,3510,1896,0
819,859,14.624416,14.511122,14.483200,0.001919,0.757542,0.748667,0.008750,0.042292,0.644167,0.614625,681,6719718,36278,0,272,0,272,0,0,0,0,0,0,25061,14400,4680,5981,0
820,860,19.764500,19.659212,3.058336,0.010367,16.574750,14.366625,2.207917,0.020417,0.016417,1.244125,643,972077,5992,0,32,0,32,0,0,0,0,0,0,7133,0,3510,3623,0
821,861,14.414334,14.296659,14.295490,0.001832,0.000249,0.000000,0.000000,0.021708,0.011458,0.609667,668,6681314,35826,0,272,0,272,0,0,0,0,0,0,19806,14400,3510,1896,0
822,862,16.862875,16.758467,2.651826,0.010703,14.206041,14.202041,0.003876,0.019166,0.010667,1.317292,655,985142,6146,0,22,0,22,0,0,0,0,0,0,10576,0,4680,5896,0
823,863,15.578500,15.453835,15.261249,0.002254,1.773209,1.766221,0.006946,0.031291,0.775459,0.647250,669,6662135,35804,0,282,0,282,0,0,0,0,0,0,19806,14400,3510,1896,0
824,864,17.833125,17.732049,3.464284,0.011449,14.287958,12.846042,1.441708,0.027958,0.015292,0.920749,644,986298,6100,0,32,0,32,0,0,0,0,0,0,7075,0,3510,3565,0
825,865,15.632291,15.511819,15.385192,0.002168,1.592208,1.574971,0.017153,0.030542,0.704833,0.647417,679,6788574,36344,0,272,0,272,0,0,0,0,0,0,23269,14400,4680,4189,0
826,866,18.811209,18.711551,3.317684,0.011091,15.295168,14.267292,1.027792,0.026041,0.006875,0.949916,642,995376,6113,0,32,0,32,0,0,0,0,0,0,7045,0,3510,3535,0
827,867,14.435583,14.322287,14.329132,0.002086,0.784623,0.784000,0.000500,0.021667,0.824666,1.005293,667,6727400,36070,0,272,0,272,0,0,0,0,0,0,21454,14400,3510,3544,0
828,868,17.806625,17.698081,3.593995,0.010991,14.343001,12.352416,1.990418,0.020833,0.018667,0.643416,649,985179,6071,0,32,0,32,0,0,0,0,0,0,8881,0,4680,4201,0
829,869,15.559792,15.448097,15.285326,0.002043,1.647917,1.635221,0.012654,0.044875,0.806250,1.164001,670,6800013,36439,0,272,0,272,0,0,0,0,0,0,21474,14400,3510,3564,0
830,870,19.955875,19.852460,3.654014,0.011588,16.459417,14.340042,2.119209,0.020375,0.006708,0.303333,644,985954,6093,0,32,0,32,0,0,0,0,0,0,7040,0,3510,3530,0
831,871,14.445541,14.323753,14.312622,0.002251,0.000252,0.000000,0.000000,0.019292,0.020750,1.153667,678,6717143,36140,0,272,0,272,0,0,0,0,0,0,23247,14400,4680,4167,0
832,872,18.343292,18.232718,2.473453,0.010158,15.682168,13.153000,2.529042,0.021375,0.008500,1.230083,643,984678,6068,0,32,0,32,0,0,0,0,0,0,7016,0,3510,3506,0
833,873,14.571708,14.454964,14.432464,0.001960,0.197250,0.197042,0.000041,0.025792,0.218208,0.610625,673,6737478,36080,0,272,0,272,0,0,0,0,0,0,21427,14400,3510,3517,0
834,874,18.303000,18.197801,2.632881,0.010667,15.511834,12.370833,3.140834,0.020584,0.007291,1.073875,652,985339,6033,0,22,0,22,0,0,0,0,0,0,8738,0,4680,4058,0
835,875,14.838167,14.722832,14.706082,0.001877,0.420125,0.416291,0.003542,0.032042,0.478666,0.454625,671,6823911,36583,0,282,0,282,0,0,0,0,0,0,21389,14400,3510,3479,0
836,876,18.660000,18.553425,2.849365,0.010372,15.618625,12.443584,3.174875,0.022667,0.005958,1.038542,642,975215,6026,0,32,0,32,0,0,0,0,0,0,5406,0,3510,1896,0
837,877,14.523792,14.404908,14.406614,0.002039,0.606500,0.605875,0.000500,0.025333,0.645875,0.638250,676,6823438,36425,0,272,0,272,0,0,0,0,0,0,23178,14400,4680,4098,0
838,878,18.314125,18.208747,3.035038,0.010626,15.072792,12.409458,2.663167,0.020291,0.013125,0.795709,640,973031,6000,0,32,0,32,0,0,0,0,0,0,5406,0,3510,1896,0
839,879,14.878000,14.763127,14.687920,0.002709,1.190541,1.189473,0.000985,0.033875,0.784583,0.610875,671,6717704,36042,0,272,0,272,0,0,0,0,0,0,21386,14400,3510,3476,0
840,880,17.886791,17.780542,4.155823,0.010495,14.482375,14.463166,0.019084,0.030000,0.007417,0.758042,649,983969,6014,0,32,0,32,0,0,0,0,0,0,7208,0,4680,2528,0
841,881,15.492167,15.374247,15.210560,0.002624,1.479667,1.473971,0.005654,0.032917,0.841250,0.608791,671,6822316,36499,0,272,0,272,0,0,0,0,0,0,21400,14400,3510,3490,0
842,882,18.246083,18.142949,3.362719,0.010001,14.827627,14.407709,0.419792,0.025292,0.007625,0.944667,640,972296,5935,0,32,0,32,0,0,0,0,0,0,5406,0,3510,1896,0
843,883,15.134750,15.013339,14.897910,0.001921,0.973958,0.929847,0.044027,0.033375,0.803500,0.926125,677,6844077,36568,0,272,0,272,0,0,0,0,0,0,23179,14400,4680,4099,0
844,884,19.004500,18.893129,3.147042,0.010468,15.624750,12.579250,3.045376,0.021750,0.011000,0.646000,641,972071,5951,0,32,0,32,0,0,0,0,0,0,5406,0,3510,1896,0
845,885,14.621542,14.505045,14.501381,0.001999,0.501541,0.496625,0.004625,0.023292,0.542666,0.930167,671,6894269,36611,0,272,0,272,0,0,0,0,0,0,21336,14400,3510,3426,0
846,886,19.475750,19.371086,2.838164,0.009868,16.438876,14.037291,2.401459,0.021375,0.013000,0.670542,647,972368,5889,0,22,0,22,0,0,0,0,0,0,7208,0,4680,2528,0
847,887,14.790708,14.674254,14.679718,0.001796,0.000293,0.000000,0.000000,0.029042,0.053917,1.199624,672,7028356,37222,0,282,0,282,0,0,0,0,0,0,21362,14400,3510,3452,0
848,888,17.942250,17.837901,2.494907,0.010459,15.310374,12.239084,3.071166,0.023875,0.010209,1.278500,639,972393,5942,0,32,0,32,0,0,0,0,0,0,5406,0,3510,1896,0
849,889,14.646750,14.533579,14.531586,0.001957,0.373667,0.369875,0.003500,0.027959,0.387208,0.647500,680,6907019,36788,0,272,0,272,0,0,0,0,0,0,23134,14400,4680,4054,0
850,890,17.436167,17.329338,3.083453,0.010337,14.494916,14.494333,0.000417,0.021958,0.007125,0.915874,641,985879,6014,0,32,0,32,0,0,0,0,0,0,5406,0,3510,1896,0
851,891,15.522875,15.410216,15.296069,0.001791,1.925168,1.924765,0.000361,0.024125,0.814333,0.447250,671,6702880,35961,0,272,0,272,0,0,0,0,0,0,21304,14400,3510,3394,0
852,892,17.810792,17.707703,3.939765,0.010166,14.398250,14.356541,0.041543,0.020416,0.015667,0.829416,647,1013546,6146,0,32,0,32,0,0,0,0,0,0,7208,0,4680,2528,0
853,893,15.575458,15.449599,15.349703,0.001877,1.502583,1.500054,0.002445,0.036542,0.782208,0.607375,671,6952333,36843,0,272,0,272,0,0,0,0,0,0,21262,14400,3510,3352,0
854,894,19.045417,18.932674,3.207986,0.010123,15.625959,12.447708,3.178083,0.023708,0.017083,0.990542,639,971874,5960,0,32,0,32,0,0,0,0,0,0,5406,0,3510,1896,0
855,895,14.710083,14.588000,14.592460,0.001836,0.375584,0.375042,0.000292,0.022000,0.398125,0.611792,678,6994969,37094,0,272,0,272,0,0,0,0,0,0,23073,14400,4680,3993,0
856,896,17.393583,17.290420,3.928376,0.010669,14.481792,14.481250,0.000375,0.020667,0.006375,0.591625,638,971220,5854,0,32,0,32,0,0,0,0,0,0,5406,0,3510,1896,0
857,897,15.576834,15.462295,15.355347,0.002288,1.633793,1.631432,0.002319,0.024458,0.826208,0.611791,670,6918518,36744,0,272,0,272,0,0,0,0,0,0,21354,14400,3510,3444,0
858,898,19.969375,19.864551,3.721869,0.010536,16.499583,14.343458,2.156000,0.020541,0.015292,0.943458,643,1026609,6227,0,32,0,32,0,0,0,0,0,0,7135,0,4680,2455,0
859,899,14.392625,14.279515,14.280866,0.002292,0.000293,0.000000,0.000000,0.022041,0.010375,0.929959,670,6728392,36073,0,272,0,272,0,0,0,0,0,0,21288,14400,3510,3378,0
860,900,16.839291,16.728957,3.698199,0.010758,14.245042,14.241666,0.003167,0.024042,0.018958,0.291584,645,975379,5928,0,32,0,32,0,0,0,0,0,0,7124,0,4596,2528,0
861,901,15.537459,15.423509,15.280462,0.002083,1.743668,1.737556,0.006028,0.023458,0.784125,0.972541,674,6776958,36329,0,272,0,272,0,0,0,0,0,0,21697,14400,3594,3703,0
862,902,18.219583,18.117175,3.066323,0.010371,14.890957,12.633208,2.257583,0.019625,0.006792,0.613583,639,971434,5912,0,32,0,32,0,0,0,0,0,0,5406,0,3510,1896,0
863,903,15.250875,15.132876,14.970295,0.002166,1.473626,1.464932,0.008611,0.026458,0.672000,0.926374,680,6748981,36225,0,272,0,272,0,0,0,0,0,0,23482,14400,4680,4402,0
864,904,19.793042,19.684447,3.623970,0.010421,16.626542,14.482291,2.144084,0.020875,0.006333,1.254542,638,971872,5870,0,32,0,32,0,0,0,0,0,0,5406,0,3510,1896,0
865,905,14.606208,14.493453,14.488583,0.002002,0.000291,0.000000,0.000000,0.027542,0.010000,0.612458,673,6790485,36323,0,272,0,272,0,0,0,0,0,0,21697,14400,3510,3787,0
866,906,18.235625,18.129949,2.806049,0.010883,15.340499,12.240416,3.099583,0.040667,0.013333,0.900834,648,971138,5880,0,22,0,22,0,0,0,0,0,0,7208,0,4680,2528,0
867,907,14.732792,14.619793,14.574411,0.002209,0.021125,0.020792,0.000167,0.028916,0.034792,0.609416,669,6767455,36323,0,282,0,282,0,0,0,0,0,0,21657,14400,3510,3747,0
868,908,18.502416,18.398970,2.428244,0.010751,15.973625,13.179917,2.793542,0.020792,0.006708,0.936292,640,972590,5857,0,32,0,32,0,0,0,0,0,0,5406,0,3510,1896,0
869,909,14.868334,14.750033,14.724572,0.002001,0.014541,0.014250,0.000125,0.031333,0.032250,0.294917,678,6819538,36505,0,272,0,272,0,0,0,0,0,0,23439,14400,4680,4359,0
870,910,17.077541,16.952174,2.567463,0.010617,14.465001,14.375500,0.089334,0.042875,0.010667,0.952625,640,972314,5912,0,32,0,32,0,0,0,0,0,0,5406,0,3510,1896,0
871,911,15.534792,15.441700,15.291081,0.002626,1.601293,1.596555,0.004655,0.050417,0.794750,0.441958,669,6639978,35695,0,272,0,272,0,0,0,0,0,0,21587,14400,3510,3677,0
872,912,19.032083,18.924419,3.258796,0.010788,15.562292,12.399875,3.162292,0.033000,0.008834,0.662458,648,971863,5832,0,22,0,22,0,0,0,0,0,0,7208,0,4680,2528,0
873,913,14.861709,14.745281,14.715274,0.002329,0.243709,0.243167,0.000125,0.029666,0.261209,0.883500,671,6781344,36394,0,282,0,282,0,0,0,0,0,0,21574,14400,3510,3664,0
874,914,17.382541,17.272049,3.403331,0.010458,14.442750,14.442125,0.000459,0.024334,0.007583,0.479417,640,972736,5887,0,32,0,32,0,0,0,0,0,0,5406,0,3510,1896,0
875,915,15.594750,15.479275,15.313262,0.002703,1.475250,1.464556,0.010611,0.043167,0.646958,0.799041,679,6716304,36131,0,272,0,272,0,0,0,0,0,0,23374,14400,4680,4294,0
876,916,18.831834,18.719576,3.056043,0.017923,15.576624,12.413207,3.163209,0.029125,0.006666,0.639209,640,972097,5889,0,32,0,32,0,0,0,0,0,0,5406,0,3510,1896,0
877,917,14.390625,14.276624,14.269118,0.002248,0.849541,0.849166,0.000250,0.023541,0.801542,1.278459,671,6632475,35671,0,272,0,272,0,0,0,0,0,0,21588,14400,3510,3678,0
878,918,19.789333,19.684630,3.456043,0.010656,16.445709,14.468084,1.977500,0.028625,0.070583,0.938833,649,972182,5838,0,22,0,22,0,0,0,0,0,0,7208,0,4680,2528,0
879,919,14.623000,14.510038,14.463536,0.002461,0.000251,0.000000,0.000000,0.022625,0.020875,0.611208,674,6623407,35797,0,282,0,282,0,0,0,0,0,0,21539,14400,3510,3629,0
880,920,17.155208,17.051177,2.395162,0.009875,14.663040,13.584916,1.078000,0.019750,0.017042,1.237207,639,971947,5877,0,32,0,32,0,0,0,0,0,0,5406,0,3510,1896,0
881,921,15.276042,15.161159,15.021040,0.002786,1.575542,1.570932,0.004527,0.028917,0.710791,0.445500,677,6641648,35802,0,272,0,272,0,0,0,0,0,0,23318,14400,4680,4238,0
882,922,17.961792,17.854138,2.987203,0.010747,14.769666,14.043541,0.726001,0.018666,0.014959,1.098250,640,971920,5872,0,32,0,32,0,0,0,0,0,0,5406,0,3510,1896,0
883,923,15.292500,15.183370,15.049953,0.002708,1.736459,1.733846,0.002529,0.026333,0.805875,0.631750,672,6650317,35736,0,272,0,272,0,0,0,0,0,0,21579,14400,3510,3669,0
884,924,19.824333,19.716043,3.100994,0.010757,16.483460,14.104834,2.378459,0.021542,0.007125,0.937125,647,980204,5871,0,22,0,22,0,0,0,0,0,0,7208,0,4680,2528,0
885,925,14.632167,14.516924,14.519401,0.002585,0.000291,0.000000,0.000000,0.035875,0.023208,0.609375,671,6691560,36042,0,282,0,282,0,0,0,0,0,0,21617,14400,3510,3707,0
886,926,16.990041,16.886960,3.282045,0.010281,14.418125,14.139541,0.278375,0.025167,0.006500,1.242458,638,972469,5876,0,32,0,32,0,0,0,0,0,0,5406,0,3510,1896,0
887,927,15.317417,15.200170,15.071532,0.001958,1.719459,1.719015,0.000402,0.022833,0.771042,0.634583,680,6641908,35800,0,272,0,272,0,0,0,0,0,0,23310,14400,4680,4230,0
888,928,18.870292,18.762617,3.042589,0.011379,15.615333,12.441166,3.174001,0.019666,0.016250,0.926042,638,971630,5856,0,32,0,32,0,0,0,0,0,0,5406,0,3510,1896,0
889,929,14.467333,14.354579,14.334300,0.002335,0.911416,0.909916,0.001376,0.021875,0.825000,0.908583,669,6588145,35555,0,272,0,272,0,0,0,0,0,0,21464,14400,3510,3554,0
890,930,17.848208,17.745858,3.085921,0.009999,14.569208,12.478834,2.090208,0.018834,0.005958,0.620667,646,972186,5826,0,22,0,22,0,0,0,0,0,0,7208,0,4680,2528,0
891,931,15.533750,15.413652,15.263784,0.002462,1.949416,1.948930,0.000403,0.030917,0.805792,0.949083,669,6579063,35625,0,282,0,282,0,0,0,0,0,0,21449,14400,3510,3539,0
892,932,19.861500,19.763339,3.077380,0.010343,16.595501,14.322167,2.273167,0.022334,0.006000,0.637292,638,972387,5850,0,32,0,32,0,0,0,0,0,0,5406,0,3510,1896,0
893,933,14.207084,14.091438,14.098393,0.002870,0.066748,0.066584,0.000041,0.023208,0.079917,0.938375,679,6608894,35639,0,272,0,272,0,0,0,0,0,0,23228,14400,4680,4148,0
894,934,18.294666,18.184657,2.741963,0.010241,15.394542,12.274624,3.119751,0.035042,0.010833,0.308333,640,971528,5897,0,32,0,32,0,0,0,0,0,0,5406,0,3510,1896,0
895,935,14.378334,14.257627,14.161543,0.002790,1.032500,1.029929,0.002488,0.030125,0.773041,1.264333,671,6335113,34573,0,272,0,272,0,0,0,0,0,0,21271,14400,3510,3361,0
896,936,18.894875,18.793663,3.067875,0.010539,15.644334,12.456459,3.187667,0.022416,0.013292,0.987041,646,972132,5813,0,22,0,22,0,0,0,0,0,0,7208,0,4680,2528,0
897,937,14.455416,14.339516,14.320659,0.002701,0.927083,0.926708,0.000166,0.038959,0.775125,0.610584,671,6512409,35400,0,282,0,282,0,0,0,0,0,0,21323,14400,3510,3413,0
898,938,17.761209,17.657582,3.237503,0.010748,14.451209,13.049791,1.401334,0.021250,0.006000,0.989501,639,972218,5875,0,32,0,32,0,0,0,0,0,0,5406,0,3510,1896,0
899,939,15.605416,15.486712,15.010300,0.002332,2.156584,2.154348,0.002152,0.022542,0.791250,0.642625,682,6499888,35354,0,272,0,272,0,0,0,0,0,0,23087,14400,4680,4007,0
900,940,17.793209,17.693928,3.792258,0.010630,14.454625,12.405374,2.049084,0.020375,0.015916,0.968083,641,983510,5921,0,32,0,32,0,0,0,0,0,0,5406,0,3510,1896,0
901,941,15.575083,15.461259,14.932627,0.002458,2.277249,2.276720,0.000487,0.026417,0.829000,0.645833,668,6439114,34924,0,272,0,272,0,0,0,0,0,0,21274,14400,3510,3364,0
902,942,18.971125,18.867979,3.124954,0.009082,15.650917,12.466375,3.184334,0.022500,0.006000,0.953125,647,967675,5830,0,22,0,22,0,0,0,0,0,0,7208,0,4680,2528,0
903,943,14.621000,14.497549,14.464954,0.002339,0.546667,0.539625,0.006875,0.033083,0.603625,0.608791,672,6557434,35624,0,282,0,282,0,0,0,0,0,0,21201,14400,3510,3291,0
904,944,18.872917,18.771380,3.075297,0.010626,15.617917,12.427917,3.189834,0.035458,0.018667,0.923041,641,972166,5896,0,32,0,32,0,0,0,0,0,0,5406,0,3510,1896,0
905,945,14.257500,14.144584,14.138282,0.002834,0.849084,0.848668,0.000249,0.024625,0.798833,1.113166,674,6487282,35216,0,272,0,272,0,0,0,0,0,0,21608,14400,4680,2528,0
906,946,17.881375,17.776407,4.281796,0.010370,14.493167,14.492833,0.000209,0.028583,0.014500,0.614250,638,971817,5914,0,32,0,32,0,0,0,0,0,0,5406,0,3510,1896,0
907,947,15.488333,15.371135,14.727714,0.002463,2.464041,2.463513,0.000487,0.021958,0.796667,0.902292,668,6342131,34516,0,272,0,272,0,0,0,0,0,0,19806,14400,3510,1896,0
908,948,19.002958,18.894530,3.428285,0.011203,15.479418,12.353042,3.126250,0.026500,0.008667,0.503708,646,1039430,6241,0,32,0,32,0,0,0,0,0,0,7208,0,4680,2528,0
909,949,14.379667,14.259665,14.196584,0.002711,0.981874,0.951458,0.030292,0.028667,0.802500,1.210875,667,6386244,34684,0,272,0,272,0,0,0,0,0,0,19806,14400,3510,1896,0
910,950,18.242042,18.137448,3.211949,0.010253,14.682376,12.407833,2.274376,0.027958,0.007042,0.692875,641,972070,5952,0,32,0,32,0,0,0,0,0,0,5701,0,3510,2191,0
911,951,15.108791,14.990178,14.803696,0.013834,1.502667,1.501306,0.001236,0.029917,0.803750,0.999083,673,6399789,34830,0,272,0,272,0,0,0,0,0,0,21313,14400,4680,2233,0
912,952,19.569459,19.463539,3.228299,0.010794,16.052500,13.933332,2.119084,0.025250,0.007750,1.287750,647,984015,6188,0,32,0,32,0,0,0,0,0,0,6430,0,3510,2920,0
913,953,14.059958,13.944203,13.919872,0.002793,0.529875,0.519666,0.010042,0.023458,0.571959,0.610125,683,6323614,34709,0,272,0,272,0,0,0,0,0,0,22548,14400,4596,3552,0
914,954,17.890833,17.785196,2.991522,0.010824,14.722250,12.675334,2.046791,0.019500,0.005959,1.283250,644,993345,6196,0,32,0,32,0,0,0,0,0,0,6920,0,3594,3326,0
915,955,15.225875,15.111545,14.411912,0.003373,2.391750,2.377514,0.014153,0.022750,0.788209,0.617458,667,6169339,33935,0,272,0,272,0,0,0,0,0,0,19806,14400,3510,1896,0
916,956,19.219334,19.114122,3.324998,0.011000,15.649999,12.465791,3.184042,0.025583,0.008625,0.907749,647,971849,5852,0,22,0,22,0,0,0,0,0,0,7208,0,4680,2528,0
917,957,14.141250,14.020956,13.972872,0.003085,1.170833,1.150306,0.020485,0.023958,0.826625,0.610375,667,6249380,34389,0,282,0,282,0,0,0,0,0,0,19806,14400,3510,1896,0
918,958,18.951375,18.849048,3.161919,0.015466,15.566625,12.409791,3.156709,0.019166,0.016334,0.762584,640,974272,5904,0,32,0,32,0,0,0,0,0,0,5406,0,3510,1896,0
919,959,14.517000,14.399106,14.239968,0.003129,1.277834,1.277263,0.000446,0.025250,0.685083,0.643500,674,6269098,34383,0,272,0,272,0,0,0,0,0,0,21608,14400,4680,2528,0
920,960,18.809041,18.701510,2.999075,0.010253,15.576459,12.412834,3.163541,0.021209,0.009083,0.756458,638,971838,5910,0,32,0,32,0,0,0,0,0,0,5406,0,3510,1896,0
921,961,14.448917,14.334252,14.162735,0.002834,1.530125,1.529514,0.000570,0.024875,0.803500,1.066292,666,6245912,34125,0,272,0,272,0,0,0,0,0,0,19806,14400,3510,1896,0
922,962,19.903458,19.799038,3.337542,0.010792,16.463251,14.335000,2.128084,0.026459,0.007958,0.304250,651,985292,5991,0,22,0,22,0,0,0,0,0,0,8802,0,4680,4122,0
923,963,14.678667,14.564121,14.572366,0.002251,0.000251,0.000000,0.000000,0.022667,0.009500,0.924375,668,6861128,36838,0,282,0,282,0,0,0,0,0,0,21318,14400,3510,3408,0
924,964,16.543583,16.439341,3.051997,0.010040,13.968042,13.924291,0.043626,0.020209,0.015666,0.366208,643,983136,5977,0,32,0,32,0,0,0,0,0,0,6900,0,3510,3390,0
925,965,15.714250,15.597003,15.415782,0.001792,1.447626,1.443180,0.004404,0.025334,0.688625,0.929917,679,6996458,37226,0,272,0,272,0,0,0,0,0,0,23302,14400,4680,4222,0
926,966,19.833042,19.725828,3.507374,0.011825,16.431460,14.354917,2.076334,0.036375,0.010875,0.922750,645,984646,5955,0,32,0,32,0,0,0,0,0,0,7008,0,3510,3498,0
927,967,15.161750,15.044027,15.016720,0.001871,0.000333,0.000000,0.000000,0.035083,0.013000,0.447125,671,6970229,37109,0,272,0,272,0,0,0,0,0,0,21393,14400,3510,3483,0
928,968,16.779583,16.672288,3.092820,0.010751,14.205457,13.434249,0.771042,0.024625,0.060417,1.086750,652,983694,5964,0,22,0,22,0,0,0,0,0,0,8707,0,4680,4027,0
929,969,15.229459,15.114960,15.044991,0.002212,0.403374,0.402250,0.000916,0.026791,0.418584,0.626250,674,6954352,37120,0,282,0,282,0,0,0,0,0,0,21364,14400,3510,3454,0
930,970,18.474958,18.371043,2.820653,0.010786,15.417290,12.310582,3.106542,0.027458,0.006750,1.066083,642,984626,5988,0,32,0,32,0,0,0,0,0,0,6981,0,3510,3471,0
931,971,15.351292,15.229214,15.175576,0.001751,0.000292,0.000000,0.000000,0.048250,0.017750,0.289625,678,6917557,37015,0,272,0,272,0,0,0,0,0,0,23163,14400,4680,4083,0
932,972,18.823500,18.714435,2.573081,0.010915,16.090667,13.791375,2.299125,0.028583,0.016708,1.257250,645,998869,6049,0,32,0,32,0,0,0,0,0,0,6954,0,3510,3444,0
933,973,15.245541,15.129106,15.097919,0.002663,0.000251,0.000000,0.000000,0.030000,0.011584,0.290916,671,6756865,36357,0,272,0,272,0,0,0,0,0,0,21422,14400,3510,3512,0
934,974,17.590459,17.482330,2.525337,0.010239,14.923875,11.980458,2.943292,0.021750,0.014166,0.777376,652,984958,5950,0,22,0,22,0,0,0,0,0,0,8757,0,4680,4077,0
935,975,15.112083,14.994756,14.944071,0.002166,0.000375,0.000000,0.000000,0.033500,0.020792,0.635125,672,6788315,36647,0,282,0,282,0,0,0,0,0,0,21414,14400,3510,3504,0
936,976,17.260667,17.152740,2.612832,0.010454,14.459583,12.181416,2.278042,0.035041,0.009292,0.785208,643,985487,5988,0,32,0,32,0,0,0,0,0,0,7006,0,3510,3496,0
937,977,15.348041,15.229594,15.125929,0.001921,1.229375,1.226513,0.002821,0.032875,0.677584,0.751208,680,6769707,36553,0,272,0,272,0,0,0,0,0,0,23256,14400,4680,4176,0
938,978,19.109792,19.004776,3.014111,0.009829,15.923168,14.075750,1.847292,0.025375,0.006750,0.466458,640,972241,5835,0,32,0,32,0,0,0,0,0,0,5406,0,3510,1896,0
939,979,14.515417,14.401168,14.408285,0.002247,0.408666,0.408375,0.000125,0.022250,0.423458,1.246250,673,6753453,36479,0,272,0,272,0,0,0,0,0,0,21432,14400,3510,3522,0
940,980,19.503875,19.399545,2.800256,0.010924,16.685876,14.491208,2.194542,0.019500,0.010125,1.116625,645,971201,5769,0,22,0,22,0,0,0,0,0,0,7208,0,4680,2528,0
941,981,14.715666,14.600528,14.597602,0.002172,0.000250,0.000000,0.000000,0.030500,0.026334,0.608875,673,6700620,36401,0,282,0,282,0,0,0,0,0,0,21456,14400,3510,3546,0
942,982,18.742084,18.637873,3.022832,0.010539,16.240208,14.027666,2.212376,0.019875,0.011000,1.139000,641,977021,5836,0,32,0,32,0,0,0,0,0,0,5406,0,3510,1896,0
943,983,14.509458,14.391441,14.389590,0.002122,0.000249,0.000000,0.000000,0.023500,0.019083,0.649500,677,6656061,36271,0,272,0,272,0,0,0,0,0,0,23242,14400,4680,4162,0
944,984,17.838458,17.731204,2.375124,0.010913,15.356709,12.268542,3.088042,0.021417,0.006042,1.288124,640,972049,5784,0,22,0,22,0,0,0,0,0,0,5406,0,3510,1896,0
945,985,14.622250,14.504819,14.493593,0.002004,0.574583,0.574333,0.000083,0.024459,0.615625,0.607459,673,6752712,36466,0,282,0,282,0,0,0,0,0,0,21463,14400,3510,3553,0
946,986,19.103959,18.999961,3.639336,0.009921,16.098083,14.468749,1.629208,0.020666,0.012167,0.951708,648,972083,5760,0,22,0,22,0,0,0,0,0,0,7208,0,4680,2528,0
947,987,15.064333,14.950325,14.914635,0.002125,0.000251,0.000000,0.000000,0.033250,0.012292,0.304417,674,6896645,37094,0,282,0,282,0,0,0,0,0,0,21208,14400,3510,3298,0
948,988,17.987875,17.884755,2.403786,0.009964,15.455665,12.332749,3.122750,0.023375,0.007042,1.249542,639,972230,5766,0,22,0,22,0,0,0,0,0,0,5406,0,3510,1896,0
949,989,14.628583,14.511283,14.469418,0.002418,0.529709,0.519250,0.010250,0.028125,0.571459,0.631416,678,6654088,36239,0,282,0,282,0,0,0,0,0,0,23017,14400,4680,3937,0
950,990,18.571125,18.467052,2.808452,0.009793,15.592625,12.428500,3.164000,0.021417,0.005458,0.949084,640,972203,5765,0,22,0,22,0,0,0,0,0,0,5406,0,3510,1896,0
951,991,14.552709,14.437316,14.373914,0.002788,1.000792,0.993584,0.007083,0.028583,0.779833,0.937918,671,6519888,35689,0,282,0,282,0,0,0,0,0,0,21209,14400,3510,3299,0
952,992,19.140000,19.027812,2.953549,0.010572,15.932583,12.975333,2.957084,0.018083,0.014917,0.648125,646,972032,5787,0,22,0,22,0,0,0,0,0,0,7208,0,4680,2528,0
953,993,14.394416,14.286915,14.267289,0.002542,0.600083,0.598375,0.001541,0.024084,0.662958,0.985750,670,6562460,35881,0,282,0,282,0,0,0,0,0,0,21202,14400,3510,3292,0
954,994,18.849750,18.744088,2.891090,0.010583,15.648375,12.462749,3.185542,0.026917,0.015250,0.648625,638,972241,5774,0,22,0,22,0,0,0,0,0,0,5406,0,3510,1896,0
955,995,14.330834,14.215213,14.179589,0.002751,0.856334,0.856124,0.000126,0.027458,0.794417,1.278375,679,6501428,35718,0,282,0,282,0,0,0,0,0,0,23012,14400,4680,3932,0
956,996,17.739625,17.631251,3.178884,0.010499,14.501250,12.436542,2.064541,0.022500,0.006333,0.568709,638,972549,5782,0,22,0,22,0,0,0,0,0,0,5406,0,3510,1896,0
957,997,15.632125,15.512041,14.661792,0.003198,2.514625,2.513972,0.000570,0.023166,0.815375,0.801583,668,6110695,34302,0,282,0,282,0,0,0,0,0,0,21217,14400,3510,3307,0
958,998,17.737833,17.633707,3.482872,0.010958,14.393791,12.422083,1.971542,0.019833,0.007292,0.639584,645,1013025,5993,0,22,0,22,0,0,0,0,0,0,7208,0,4680,2528,0
959,999,15.627875,15.508915,14.800873,0.002916,2.434960,2.429224,0.005694,0.023250,0.794375,0.767917,673,6250246,34755,0,282,0,282,0,0,0,0,0,0,21225,14400,3510,3315,0
960,1000,17.761625,17.661862,3.721159,0.010340,14.468666,12.481957,1.986543,0.028417,0.006875,0.661208,638,984576,5812,0,22,0,22,0,0,0,0,0,0,5406,0,3510,1896,0
961,1001,15.607292,15.485191,14.671249,0.002795,2.398833,2.395179,0.003529,0.023916,0.815209,0.645083,680,6193639,34584,0,282,0,282,0,0,0,0,0,0,23015,14400,4680,3935,0
962,1002,18.917458,18.817047,3.089991,0.010852,15.630124,12.428708,3.201250,0.031625,0.011458,0.972166,640,972094,5754,0,22,0,22,0,0,0,0,0,0,5406,0,3510,1896,0
963,1003,15.162208,15.037734,14.780086,0.003827,0.046499,0.042208,0.003667,0.046834,0.067583,0.319166,671,6132859,34409,0,282,0,282,0,0,0,0,0,0,21726,14400,3510,3816,0
964,1004,18.587625,18.472419,3.102417,0.011500,15.335957,12.252083,3.083750,0.053417,0.015250,1.364041,646,1024632,6085,0,32,0,32,0,0,0,0,0,0,6696,0,4680,2016,0
965,1005,14.158250,14.048263,14.036340,0.003886,0.675667,0.672875,0.002500,0.037084,0.699416,0.664334,672,5965013,33796,0,272,0,272,0,0,0,0,0,0,21216,14400,3510,3306,0
966,1006,19.210792,19.099043,3.324892,0.011456,15.586667,12.415832,3.170668,0.063958,0.019042,1.039625,646,979999,5857,0,22,0,22,0,0,0,0,0,0,7124,0,4596,2528,0
967,1007,14.971083,14.852238,14.774712,0.003370,0.000707,0.000000,0.000000,0.035167,0.019125,1.043333,673,6112834,34269,0,282,0,282,0,0,0,0,0,0,21304,14400,3594,3310,0
968,1008,18.133209,18.031084,2.530136,0.010208,15.497666,12.364000,3.133500,0.019500,0.016375,0.624083,639,971755,6002,0,32,0,32,0,0,0,0,0,0,5406,0,3510,1896,0
969,1009,14.441833,14.326793,14.280576,0.002540,0.847791,0.847458,0.000209,0.029750,0.677333,0.949001,677,6493775,35280,0,272,0,272,0,0,0,0,0,0,23041,14400,4680,3961,0
970,1010,18.830917,18.725749,3.069965,0.010623,15.597251,12.415583,3.181501,0.020833,0.014750,0.639542,639,972683,6022,0,32,0,32,0,0,0,0,0,0,5406,0,3510,1896,0
971,1011,14.418541,14.307420,14.206391,0.003043,1.357750,1.357181,0.000486,0.027584,0.789125,1.308374,672,6271855,34407,0,272,0,272,0,0,0,0,0,0,21244,14400,3510,3334,0
972,1012,18.986375,18.876112,3.099906,0.010210,15.692708,12.486124,3.206459,0.024125,0.015125,0.555459,649,972142,5867,0,22,0,22,0,0,0,0,0,0,7208,0,4680,2528,0
973,1013,14.388750,14.275076,14.189418,0.003005,1.130209,1.116721,0.013446,0.028542,0.817083,1.178167,670,6267823,34624,0,282,0,282,0,0,0,0,0,0,21251,14400,3510,3341,0
974,1014,17.784125,17.672858,2.959781,0.009642,14.604000,14.038791,0.565084,0.018834,0.006500,0.641500,637,972275,5699,0,22,0,22,0,0,0,0,0,0,5406,0,3510,1896,0
975,1015,15.688792,15.571195,15.245497,0.002540,2.019916,2.018013,0.001819,0.026250,0.687542,1.063376,679,6728908,36359,0,282,0,282,0,0,0,0,0,0,23071,14400,4680,3991,0
976,1016,17.640042,17.533456,2.875075,0.010669,14.549958,14.220166,0.329625,0.019375,0.014125,0.941583,640,972574,5751,0,22,0,22,0,0,0,0,0,0,5406,0,3510,1896,0
977,1017,15.612833,15.498021,15.119379,0.002457,2.190500,2.189056,0.001402,0.022500,0.794958,0.630459,670,6441254,35284,0,282,0,282,0,0,0,0,0,0,21276,14400,3510,3366,0
978,1018,18.908458,18.808917,3.001014,0.010044,15.709626,12.506333,3.203167,0.024542,0.008958,0.940500,646,972215,5720,0,22,0,22,0,0,0,0,0,0,7208,0,4680,2528,0
979,1019,14.453875,14.338750,14.317499,0.002707,1.036459,1.032166,0.004126,0.025500,0.810917,0.612875,673,6490658,35486,0,282,0,282,0,0,0,0,0,0,21280,14400,3510,3370,0
980,1020,19.842459,19.738550,3.015132,0.010712,16.666916,14.483958,2.182834,0.019791,0.013709,1.276792,639,972285,5739,0,22,0,22,0,0,0,0,0,0,5406,0,3510,1896,0
981,1021,13.923333,13.808164,13.810371,0.002621,0.386499,0.386167,0.000083,0.021708,0.399250,0.610041,677,6284154,34797,0,282,0,282,0,0,0,0,0,0,23063,14400,4680,3983,0
982,1022,18.413333,18.309922,2.606038,0.010290,15.662584,12.466458,3.196001,0.018625,0.019334,0.914000,640,972016,5735,0,22,0,22,0,0,0,0,0,0,5406,0,3510,1896,0
983,1023,14.553375,14.437846,14.361722,0.003122,1.318290,1.312597,0.005610,0.024292,0.796292,0.900957,671,6369703,34947,0,282,0,282,0,0,0,0,0,0,21264,14400,3510,3354,0
984,1024,17.796500,17.691831,3.809289,0.010798,14.490583,14.484083,0.006376,0.023625,0.015250,0.610958,646,971522,5707,0,22,0,22,0,0,0,0,0,0,7208,0,4680,2528,0
985,1025,15.590042,15.469458,15.284003,0.002746,1.905957,1.903763,0.002153,0.028167,0.775083,0.955250,672,6466746,35463,0,282,0,282,0,0,0,0,0,0,21266,14400,3510,3356,0
986,1026,19.946708,19.844527,3.533668,0.011085,16.588124,14.440041,2.147958,0.035125,0.008500,0.309666,639,971985,5727,0,22,0,22,0,0,0,0,0,0,5406,0,3510,1896,0
987,1027,14.417667,14.301643,14.304873,0.002592,0.000251,0.000000,0.000000,0.035292,0.015625,1.090417,671,6437434,35247,0,282,0,282,0,0,0,0,0,0,23077,14400,4680,3997,0
988,1028,18.894500,18.787668,2.974749,0.010076,16.412166,14.247042,2.165000,0.023458,0.018000,0.940042,638,971987,5769,0,22,0,22,0,0,0,0,0,0,5406,0,3510,1896,0
989,1029,14.208250,14.097071,14.081852,0.002379,0.030084,0.029792,0.000041,0.024375,0.041708,0.607667,673,6390708,34986,0,282,0,282,0,0,0,0,0,0,21275,14400,3510,3365,0
990,1030,17.431000,17.324003,3.139720,0.010747,14.896624,14.485750,0.410792,0.019458,0.016625,1.265958,647,982476,5824,0,22,0,22,0,0,0,0,0,0,7208,0,4680,2528,0
991,1031,15.191875,15.072614,15.014981,0.002168,1.143583,1.132596,0.010946,0.041042,0.802708,0.624959,670,6588860,35746,0,282,0,282,0,0,0,0,0,0,21280,14400,3510,3370,0
992,1032,18.022458,17.915332,3.130918,0.010593,14.688834,12.446250,2.242458,0.023792,0.006375,1.073166,640,971872,5816,0,32,0,32,0,0,0,0,0,0,5406,0,3510,1896,0
993,1032,46.222542,2.161876,2.160502,0.000000,0.000083,0.000000,0.000000,0.157917,0.028041,2.597250,83,1024743,5181,0,40,0,40,0,0,0,0,0,0,1802,0,1170,632,0
994,48063,96.216917,55.412744,15.174914,0.007207,0.000666,0.000000,0.000000,0.289208,0.023375,5.146376,588,907754,22894,0,2,0,2,0,0,0,0,0,0,5406,0,3510,1896,0
995,48064,141.692083,141.312513,21.208474,0.006799,0.000457,0.000000,0.000000,0.124583,0.027459,6.838082,2080,3476210,118050,0,2,0,2,0,0,0,0,0,0,5406,0,3510,1896,0
996,48065,13.495083,13.122150,12.693466,0.006670,0.000334,0.000000,0.000000,0.056209,0.022125,1.217501,2143,3524099,122808,0,2,0,2,0,0,0,0,0,0,5406,0,3510,1896,0
997,48066,11.887542,11.528852,11.473526,0.006711,0.000291,0.000000,0.000000,0.047625,0.016208,0.618792,2081,3433534,117551,0,2,0,2,0,0,0,0,0,0,7208,0,4680,2528,0
998,48067,12.262333,11.895984,11.447837,0.007961,0.000293,0.000000,0.000000,0.046875,0.014917,0.607333,2126,3477762,121103,0,2,0,2,0,0,0,0,0,0,7447,0,3510,3937,0
999,48068,11.788792,11.420989,11.387757,0.007210,0.000333,0.000000,0.000000,0.047667,0.016125,0.608250,2139,3420309,118898,0,2,0,2,0,0,0,0,0,0,5406,0,3510,1896,0
1000,48069,11.102292,10.745608,10.771742,0.007038,0.000291,0.000000,0.000000,0.041333,0.012708,0.617208,2076,3410490,115905,0,2,0,2,0,0,0,0,0,0,7208,0,4680,2528,0
1001,48070,11.571458,11.208502,11.223730,0.006917,0.000417,0.000000,0.000000,0.056708,0.011584,0.610708,2126,3484863,122390,0,2,0,2,0,0,0,0,0,0,5406,0,3510,1896,0
1002,48071,10.974833,10.606515,10.632325,0.007293,0.000292,0.000000,0.000000,0.037625,0.010542,0.444125,2120,3370643,117534,0,2,0,2,0,0,0,0,0,0,5406,0,3510,1896,0
1003,48072,10.696375,10.354743,10.381829,0.007093,0.000250,0.000000,0.000000,0.040542,0.012208,0.449459,2035,3385561,116361,0,2,0,2,0,0,0,0,0,0,7208,0,4680,2528,0
1004,48073,10.951000,10.595405,10.620329,0.021461,0.000209,0.000000,0.000000,0.049792,0.012458,0.446000,2054,3392868,118076,0,2,0,2,0,0,0,0,0,0,5406,0,3510,1896,0
1005,48074,10.952500,10.590352,10.618019,0.006998,0.000166,0.000000,0.000000,0.037167,0.008417,0.461458,2134,3408158,119155,0,2,0,2,0,0,0,0,0,0,5406,0,3510,1896,0
1006,48075,10.581209,10.229679,10.257852,0.006961,0.000209,0.000000,0.000000,0.034458,0.008333,0.455583,2053,3401675,117031,0,2,0,2,0,0,0,0,0,0,7208,0,4680,2528,0
1007,48076,10.419583,10.069947,10.078397,0.007241,0.000206,0.000000,0.000000,0.034792,0.012833,0.463291,2053,3356785,117238,0,2,0,2,0,0,0,0,0,0,5406,0,3510,1896,0
1008,48077,10.537083,10.182643,10.207961,0.007300,0.000168,0.000000,0.000000,0.034750,0.007834,0.289834,2074,3363283,116731,0,2,0,2,0,0,0,0,0,0,5406,0,3510,1896,0
1009,48078,10.754500,10.387553,10.412839,0.006589,0.000249,0.000000,0.000000,0.035500,0.008417,0.464792,2085,3459933,119002,0,2,0,2,0,0,0,0,0,0,7208,0,4680,2528,0
1010,48079,10.664834,10.310163,10.336505,0.007083,0.000207,0.000000,0.000000,0.033666,0.015334,0.290708,2070,3384648,118135,0,2,0,2,0,0,0,0,0,0,5406,0,3510,1896,0
1011,48080,10.597041,10.239251,10.264482,0.006542,0.000251,0.000000,0.000000,0.035250,0.008625,0.349333,2090,3356436,116408,0,2,0,2,0,0,0,0,0,0,7004,0,4536,2468,0
1012,48081,10.516959,10.166139,10.191096,0.006961,0.000294,0.000000,0.000000,0.035333,0.008083,0.481791,2059,3422619,118147,0,2,0,2,0,0,0,0,0,0,5610,0,3654,1956,0
1013,48082,15.303250,14.940214,10.656748,0.006802,4.318584,3.885235,0.433098,0.043291,0.033084,0.698501,2077,3384627,118295,0,2,0,2,0,0,0,0,0,0,5406,0,3510,1896,0
1014,48083,16.912125,16.542846,11.293186,0.007205,5.219250,4.828736,0.390264,0.066208,0.012875,0.366709,2066,3349245,114590,0,2,0,2,0,0,0,0,0,0,7208,0,4680,2528,0
1015,48084,16.465583,16.075698,11.686282,0.007375,4.424959,4.063652,0.361098,0.042750,0.011000,0.935541,2102,3427488,120136,0,2,0,2,0,0,0,0,0,0,5406,0,3510,1896,0
1016,48085,16.988917,16.603734,11.423926,0.007415,5.217750,4.491777,0.725807,0.039416,0.011584,0.460916,2031,3354514,116667,0,2,0,2,0,0,0,0,0,0,5406,0,3510,1896,0
1017,48086,16.334958,15.943499,11.530894,0.007325,4.448333,3.977277,0.470889,0.038250,0.010375,1.070083,2041,3385317,115910,0,2,0,2,0,0,0,0,0,0,7208,0,4680,2528,0
1018,48087,16.916333,16.520169,11.584911,0.007456,4.970874,4.329444,0.641181,0.036709,0.010166,0.626083,2077,3409503,119106,0,2,0,2,0,0,0,0,0,0,5406,0,3510,1896,0
1019,48088,16.699584,16.306369,11.423955,0.007248,4.914460,4.290110,0.624140,0.034916,0.010459,0.905500,2054,3359527,117399,0,2,0,2,0,0,0,0,0,0,5406,0,3510,1896,0
1020,48089,16.607375,16.223191,11.528354,0.007908,4.726458,4.165736,0.560514,0.040875,0.011375,0.623375,2010,3345787,114094,0,2,0,2,0,0,0,0,0,0,7208,0,4680,2528,0
1021,48090,16.703625,16.305082,11.703854,0.007330,4.642542,4.107444,0.534890,0.040333,0.010125,1.228917,2090,3433636,120695,0,2,0,2,0,0,0,0,0,0,5406,0,3510,1896,0
1022,48091,16.744208,16.350825,11.300612,0.007623,5.083834,4.404360,0.679223,0.033250,0.010208,1.223417,2041,3347374,116878,0,2,0,2,0,0,0,0,0,0,5406,0,3510,1896,0
1023,48092,16.665833,16.277889,11.467085,0.007748,4.843207,4.242277,0.600723,0.038542,0.012125,0.611458,2007,3346578,114925,0,2,0,2,0,0,0,0,0,0,7208,0,4680,2528,0
1024,48093,16.482875,16.076959,11.750882,0.008171,4.364541,3.922902,0.441390,0.039709,0.010291,1.271541,2062,3401057,118579,0,2,0,2,0,0,0,0,0,0,5406,0,3510,1896,0
1025,48094,16.913750,16.513447,11.659885,0.007796,4.891333,4.275818,0.615265,0.037000,0.009959,0.606375,2068,3379564,118289,0,2,0,2,0,0,0,0,0,0,5406,0,3510,1896,0
1026,48095,16.662625,16.272548,11.489144,0.008209,4.818708,4.224861,0.593514,0.041667,0.012292,0.911626,2017,3345103,114744,0,2,0,2,0,0,0,0,0,0,7208,0,4680,2528,0
1027,48096,16.653917,16.259703,11.588843,0.007457,4.707375,4.152777,0.554390,0.039125,0.010125,0.627208,2087,3408452,119463,0,2,0,2,0,0,0,0,0,0,5406,0,3510,1896,0
1028,48097,16.709167,16.320351,11.206300,0.007954,5.147459,4.446110,0.701223,0.035958,0.010042,0.856458,2023,3344563,116428,0,2,0,2,0,0,0,0,0,0,5406,0,3510,1896,0
1029,48098,17.045250,16.648367,11.990389,0.008002,4.697210,4.138611,0.558348,0.078625,0.025041,0.996667,2046,3398886,117038,0,2,0,2,0,0,0,0,0,0,7208,0,4680,2528,0
1030,48099,15.943416,15.535195,13.384770,0.008293,2.981874,2.981402,0.000223,0.064125,0.019917,0.612292,2078,3396356,118819,0,2,0,2,0,0,0,0,0,0,5406,0,3510,1896,0
1031,48100,17.502459,17.118705,11.755802,0.007549,5.391917,4.607110,0.784473,0.053250,0.013791,1.281750,2071,3370308,117662,0,2,0,2,0,0,0,0,0,0,5406,0,3510,1896,0
1032,48101,16.039625,15.654464,11.770667,0.007199,3.910502,3.621944,0.288348,0.055375,0.013125,0.610041,2009,3351574,114412,0,2,0,2,0,0,0,0,0,0,7208,0,4680,2528,0
1033,48102,17.015666,16.623923,12.468187,0.007371,4.188542,3.803069,0.385223,0.050250,0.020917,0.944167,2084,3430672,120542,0,2,0,2,0,0,0,0,0,0,5406,0,3510,1896,0
1034,48103,17.950667,17.602800,10.846573,0.006669,5.496959,4.666485,0.830307,0.044708,0.011250,1.254500,2034,3357513,118255,0,2,0,2,0,0,0,0,0,0,5406,0,3510,1896,0
1035,48104,14.833875,14.465010,12.019353,0.006707,2.492958,2.492652,0.000056,0.056292,0.013500,0.612083,2052,3587348,122903,0,2,0,2,0,0,0,0,0,0,7208,0,4680,2528,0
1036,48105,16.660208,16.285475,11.669245,0.007703,4.637916,4.538694,0.099015,0.047292,0.051917,0.786250,2066,3436846,120362,0,2,0,2,0,0,0,0,0,0,5406,0,3510,1896,0
1037,48106,16.870709,16.493591,11.562116,0.007202,4.890459,4.866985,0.023182,0.085125,0.025083,1.301541,2115,3392934,118775,0,2,0,2,0,0,0,0,0,0,5406,0,3510,1896,0
1038,48107,16.798750,16.426226,12.286649,0.007711,3.952708,3.647402,0.304931,0.071791,0.017000,0.963000,2019,3361509,115288,0,2,0,2,0,0,0,0,0,0,7208,0,4680,2528,0
1039,48108,17.139666,16.767036,11.661638,0.007212,5.111541,4.423569,0.687765,0.065292,0.013250,0.610000,2091,3415402,119898,0,2,0,2,0,0,0,0,0,0,5406,0,3510,1896,0
1040,48109,16.749667,16.391257,10.929808,0.007749,5.492709,4.658943,0.833432,0.054583,0.048875,1.272292,2073,3339369,116265,0,2,0,2,0,0,0,0,0,0,5406,0,3510,1896,0
1041,48110,15.679333,15.322223,10.870266,0.007712,4.513000,4.511902,0.000848,0.049750,0.012667,0.663583,2028,3369481,115753,0,2,0,2,0,0,0,0,0,0,7208,0,4680,2528,0
1042,48111,17.998875,17.636304,11.216246,0.006831,6.446376,5.313694,1.132390,0.058292,0.067625,0.945792,2088,3404918,119094,0,2,0,2,0,0,0,0,0,0,5406,0,3510,1896,0
1043,48112,15.719042,15.350906,11.568644,0.006667,3.653917,3.650027,0.003682,0.061250,0.014292,0.611125,2092,3347885,116826,0,2,0,2,0,0,0,0,0,0,5406,0,3510,1896,0
1044,48113,16.447708,16.083239,11.231019,0.007538,4.917917,4.860527,0.057139,0.059167,0.017333,0.918667,2001,3335503,113884,0,2,0,2,0,0,0,0,0,0,7208,0,4680,2528,0
1045,48114,16.873917,16.505654,11.882021,0.007797,4.734667,4.734194,0.000181,0.079375,0.027042,0.913542,2081,3429699,120608,0,2,0,2,0,0,0,0,0,0,5406,0,3510,1896,0
1046,48115,17.526875,17.152357,11.160568,0.007508,6.011083,5.023610,0.987182,0.047500,0.013708,0.634042,2078,3333340,116487,0,2,0,2,0,0,0,0,0,0,5406,0,3510,1896,0
1047,48116,16.146542,15.791350,11.138346,0.007997,4.656793,4.118986,0.537348,0.056875,0.015375,1.161875,2001,3341504,114644,0,2,0,2,0,0,0,0,0,0,7208,0,4680,2528,0
1048,48117,16.170666,15.799059,11.441563,0.007253,4.565292,4.565027,0.000098,0.053875,0.015750,0.614792,2062,3410815,119201,0,2,0,2,0,0,0,0,0,0,5406,0,3510,1896,0
1049,48118,16.739167,16.375119,11.292580,0.007627,5.315084,5.314818,0.000057,0.048792,0.013250,0.951625,2114,3379330,118180,0,2,0,2,0,0,0,0,0,0,5406,0,3510,1896,0
1050,48119,16.698208,16.339606,11.250378,0.007085,5.283291,5.274152,0.008848,0.062750,0.041959,0.608125,2026,3357496,115312,0,2,0,2,0,0,0,0,0,0,7208,0,4680,2528,0
1051,48120,16.726167,16.362790,12.221238,0.007838,4.943874,4.936235,0.007223,0.072500,0.016542,0.932792,2077,3405664,119230,0,2,0,2,0,0,0,0,0,0,5406,0,3510,1896,0
1052,48121,17.600042,17.234212,11.195097,0.006827,6.051707,5.050235,1.001265,0.056666,0.016667,1.275333,2087,3364347,117187,0,2,0,2,0,0,0,0,0,0,5406,0,3510,1896,0
1053,48122,16.162416,15.806213,10.934953,0.007708,4.891417,4.275986,0.615264,0.060709,0.019666,0.626750,2035,3357046,115059,0,2,0,2,0,0,0,0,0,0,7208,0,4680,2528,0
1054,48123,17.552459,17.188700,11.796904,0.007668,4.655999,4.142444,0.513306,0.053500,0.014708,0.997959,2074,3426816,120274,0,2,0,2,0,0,0,0,0,0,5406,0,3510,1896,0
1055,48124,15.828000,15.447696,11.525089,0.007337,3.953125,3.649402,0.303473,0.065000,0.050166,0.611709,2108,3376482,117934,0,2,0,2,0,0,0,0,0,0,5406,0,3510,1896,0
1056,48125,16.673041,16.308528,11.332482,0.007372,4.954000,4.520361,0.433348,0.064542,0.013708,1.290416,2023,3392258,116090,0,2,0,2,0,0,0,0,0,0,7208,0,4680,2528,0
1057,48126,16.420000,16.031986,12.000809,0.006823,4.222126,4.212902,0.008890,0.063000,0.013375,0.609834,2098,3418863,119765,0,2,0,2,0,0,0,0,0,0,5406,0,3510,1896,0
1058,48127,17.455167,17.082667,11.251659,0.007506,5.841709,4.910943,0.930557,0.054583,0.049292,0.974583,2095,3361171,117394,0,2,0,2,0,0,0,0,0,0,5406,0,3510,1896,0
1059,48128,16.253208,15.900080,11.111313,0.006919,4.782000,4.203902,0.577848,0.057417,0.013958,0.643084,2032,3410536,117264,0,2,0,2,0,0,0,0,0,0,7208,0,4680,2528,0
1060,48129,16.534209,16.176657,10.973203,0.007378,5.224500,4.756944,0.467431,0.051125,0.015500,1.285833,2049,3374450,117494,0,2,0,2,0,0,0,0,0,0,5406,0,3510,1896,0
1061,48130,17.119875,16.753821,11.026765,0.006503,5.752750,4.850860,0.901682,0.053291,0.014667,1.119792,2131,3390620,118508,0,2,0,2,0,0,0,0,0,0,5406,0,3510,1896,0
1062,48131,15.873583,15.516819,11.389135,0.006328,4.489458,4.475111,0.014181,0.051708,0.032834,0.648583,2062,3414417,117492,0,2,0,2,0,0,0,0,0,0,7208,0,4680,2528,0
1063,48132,16.758542,16.394659,11.326146,0.007501,5.452666,5.452277,0.000181,0.058000,0.013833,1.222709,2061,3362454,117302,0,2,0,2,0,0,0,0,0,0,5406,0,3510,1896,0
1064,48133,17.500583,17.145225,10.934727,0.007378,6.230043,5.169110,1.060682,0.057167,0.012625,0.643291,2056,3351972,115283,0,2,0,2,0,0,0,0,0,0,7004,0,4536,2468,0
1065,48134,16.241458,15.874081,11.454683,0.007128,4.423374,3.963652,0.459389,0.052792,0.013417,0.919834,2086,3463602,120626,0,2,0,2,0,0,0,0,0,0,5610,0,3654,1956,0
1066,48135,17.138292,16.783892,11.088127,0.007544,5.578209,4.719610,0.858390,0.053792,0.013125,0.617375,2052,3363110,117392,0,2,0,2,0,0,0,0,0,0,5406,0,3510,1896,0
1067,48136,16.202833,15.830341,11.170135,0.007082,4.644959,4.110277,0.534432,0.058125,0.013125,1.265042,2062,3357518,115095,0,2,0,2,0,0,0,0,0,0,7208,0,4680,2528,0
1068,48137,16.161417,15.802447,11.666476,0.007004,4.489542,4.485486,0.003764,0.048042,0.012708,1.282625,2069,3417712,119046,0,2,0,2,0,0,0,0,0,0,5406,0,3510,1896,0
1069,48138,16.712542,16.342535,11.651759,0.012584,5.126833,5.122652,0.004015,0.056458,0.020500,0.611916,2062,3398899,118631,0,2,0,2,0,0,0,0,0,0,5406,0,3510,1896,0
1070,48139,18.072750,17.710045,12.021446,0.007211,5.124833,5.124568,0.000140,0.056666,0.012042,0.893042,2036,3376159,115443,0,2,0,2,0,0,0,0,0,0,7208,0,4680,2528,0
1071,48140,15.690416,15.321657,11.403507,0.006659,3.950750,3.635777,0.314806,0.051375,0.013584,0.736583,2084,3418768,119707,0,2,0,2,0,0,0,0,0,0,5406,0,3510,1896,0
1072,48141,17.270250,16.913642,11.150285,0.007168,5.782916,4.865735,0.916931,0.060292,0.012500,0.980333,2013,3351292,116398,0,2,0,2,0,0,0,0,0,0,5406,0,3510,1896,0
1073,48142,15.657417,15.289486,11.702332,0.006959,4.128334,4.110902,0.017223,0.052125,0.016125,0.488042,2038,3386765,116366,0,2,0,2,0,0,0,0,0,0,7208,0,4680,2528,0
1074,48143,17.188250,16.805865,12.203004,0.007332,5.002750,5.002236,0.000181,0.088125,0.027083,0.794792,2079,3405623,118817,0,2,0,2,0,0,0,0,0,0,5406,0,3510,1896,0
1075,48144,16.331792,15.968762,11.999081,0.006842,4.518167,4.507902,0.010015,0.049333,0.012583,0.668584,2059,3368108,117533,0,2,0,2,0,0,0,0,0,0,5406,0,3510,1896,0
1076,48145,17.553625,17.199304,10.948967,0.006876,6.202666,5.133527,1.068890,0.055291,0.014125,1.283250,2017,3354233,114321,0,2,0,2,0,0,0,0,0,0,7208,0,4680,2528,0
1077,48146,16.185541,15.814613,11.265309,0.007463,4.581626,4.067569,0.513764,0.050625,0.011542,1.253875,2109,3447904,121025,0,2,0,2,0,0,0,0,0,0,5406,0,3510,1896,0
1078,48147,17.204750,16.848028,10.850550,0.007293,6.015084,5.010277,1.004640,0.050792,0.019000,0.610292,2051,3353491,117041,0,2,0,2,0,0,0,0,0,0,5406,0,3510,1896,0
1079,48148,16.287959,15.934156,10.668459,0.006880,5.292124,4.542443,0.749432,0.045333,0.011750,1.243000,2004,3347636,114201,0,2,0,2,0,0,0,0,0,0,7208,0,4680,2528,0
1080,48149,16.740875,16.374250,11.268554,0.036210,5.108750,4.421277,0.687139,0.057250,0.013500,0.612250,2080,3438469,120328,0,2,0,2,0,0,0,0,0,0,5406,0,3510,1896,0
1081,48150,16.849750,16.486939,11.193451,0.006627,5.322168,4.562319,0.759515,0.066291,0.013459,0.922167,2077,3383188,118144,0,2,0,2,0,0,0,0,0,0,5406,0,3510,1896,0
1082,48151,16.493291,16.135280,10.939406,0.007457,5.233083,4.504568,0.728223,0.050375,0.040834,0.609958,2020,3351708,114832,0,2,0,2,0,0,0,0,0,0,7208,0,4680,2528,0
1083,48152,16.805959,16.440846,11.210159,0.007206,5.234166,4.505152,0.728848,0.048500,0.014541,1.276833,2095,3420503,119660,0,2,0,2,0,0,0,0,0,0,5406,0,3510,1896,0
1084,48153,16.684041,16.327864,10.918748,0.006834,5.441501,4.642610,0.798681,0.049375,0.011917,1.258750,2044,3358576,116682,0,2,0,2,0,0,0,0,0,0,5406,0,3510,1896,0
1085,48154,16.642084,16.290245,10.870578,0.007506,5.453584,4.651152,0.802182,0.050833,0.010750,0.643833,2028,3383261,116158,0,2,0,2,0,0,0,0,0,0,7208,0,4680,2528,0
1086,48155,15.986458,15.618816,11.202211,0.007419,4.446249,4.445902,0.000098,0.061625,0.017333,1.307000,2088,3406521,119047,0,2,0,2,0,0,0,0,0,0,5406,0,3510,1896,0
1087,48156,17.887292,17.526515,11.012097,0.007550,6.543040,5.376860,1.165931,0.052625,0.015916,0.477833,2096,3370530,117525,0,2,0,2,0,0,0,0,0,0,5406,0,3510,1896,0
1088,48157,15.671250,15.322221,10.898200,0.007043,4.439666,4.136318,0.303182,0.058833,0.014583,0.623250,2004,3342201,113938,0,2,0,2,0,0,0,0,0,0,7208,0,4680,2528,0
1089,48158,16.796375,16.423996,11.286304,0.006656,5.171459,4.864736,0.306473,0.046000,0.012250,0.642333,2100,3451109,121016,0,2,0,2,0,0,0,0,0,0,5406,0,3510,1896,0
1090,48159,17.374250,16.972353,11.005992,0.007212,5.998707,5.016277,0.982181,0.047875,0.012375,0.928417,2112,3369437,117488,0,2,0,2,0,0,0,0,0,0,5406,0,3510,1896,0
1091,48160,16.302166,15.954168,10.695734,0.006800,5.288125,4.541318,0.746598,0.048209,0.011791,1.277208,2023,3371136,115740,0,2,0,2,0,0,0,0,0,0,7208,0,4680,2528,0
1092,48161,16.802250,16.432242,11.047384,0.007284,5.397624,4.614694,0.782723,0.053292,0.010417,0.617208,2059,3402580,118293,0,2,0,2,0,0,0,0,0,0,5406,0,3510,1896,0
1093,48162,16.659792,16.291943,11.190487,0.007501,5.124626,4.432277,0.692015,0.058000,0.042917,1.247458,2133,3390428,118427,0,2,0,2,0,0,0,0,0,0,5406,0,3510,1896,0
1094,48163,16.702917,16.348804,10.809782,0.006957,5.537625,4.707693,0.829807,0.054000,0.016458,0.608000,2012,3349159,114505,0,2,0,2,0,0,0,0,0,0,7208,0,4680,2528,0
1095,48164,16.623791,16.245376,11.330947,0.007617,4.939624,4.307777,0.631681,0.052917,0.016500,0.910583,2092,3425539,119962,0,2,0,2,0,0,0,0,0,0,5406,0,3510,1896,0
1096,48165,16.803042,16.442571,10.870430,0.006412,5.598417,4.734569,0.863640,0.044417,0.012166,0.612917,2082,3366991,116861,0,2,0,2,0,0,0,0,0,0,5406,0,3510,1896,0
1097,48166,17.191000,16.821505,11.211709,0.007287,5.569291,4.726527,0.842307,0.088958,0.019167,0.913917,2048,3388910,116593,0,2,0,2,0,0,0,0,0,0,7208,0,4680,2528,0
1098,48167,15.828458,15.465687,11.252061,0.007203,4.235916,3.836402,0.399264,0.061500,0.045625,0.301917,2082,3393826,118653,0,2,0,2,0,0,0,0,0,0,5406,0,3510,1896,0
1099,48168,17.165209,16.803512,11.091137,0.007752,5.714084,4.824694,0.889140,0.056208,0.013875,1.236751,2093,3355573,117132,0,2,0,2,0,0,0,0,0,0,5406,0,3510,1896,0
1100,48169,16.241416,15.890217,10.894324,0.007039,5.014751,4.358193,0.656307,0.057334,0.014291,1.240750,2023,3356206,114435,0,2,0,2,0,0,0,0,0,0,7208,0,4680,2528,0
1101,48170,16.309959,15.931035,11.548217,0.006117,4.580041,4.538861,0.040889,0.060291,0.013334,0.633334,2108,3448835,121058,0,2,0,2,0,0,0,0,0,0,5406,0,3510,1896,0
1102,48171,16.588583,16.234991,11.054121,0.006836,5.392543,5.392194,0.000140,0.047875,0.012833,1.238750,2090,3350497,116911,0,2,0,2,0,0,0,0,0,0,5406,0,3510,1896,0
1103,48172,17.645333,17.292330,11.407837,0.006866,5.903292,4.948402,0.954598,0.074959,0.014291,0.634417,2021,3358937,115255,0,2,0,2,0,0,0,0,0,0,7208,0,4680,2528,0
1104,48173,15.753209,15.389068,11.335575,0.006955,4.277000,4.276027,0.000723,0.059458,0.016667,0.759500,2062,3406078,118557,0,2,0,2,0,0,0,0,0,0,5406,0,3510,1896,0
1105,48174,17.651833,17.277384,11.355722,0.007280,5.827666,4.893360,0.934181,0.052833,0.013875,0.613041,2141,3417744,119197,0,2,0,2,0,0,0,0,0,0,7447,0,3510,3937,0
1106,48175,17.645083,17.290803,10.686159,0.007045,5.125459,4.416277,0.708932,0.055459,0.012375,1.264584,2029,3348764,115647,0,2,0,2,0,0,0,0,0,0,7465,0,4680,2785,0
1107,48176,18.611584,18.231585,14.112150,0.006375,1.278584,1.278111,0.000181,0.065708,0.018042,0.926376,2099,3873821,129567,0,2,0,2,0,0,0,0,0,0,5565,0,3510,2055,0
1108,48177,14.724833,14.337251,12.969833,0.006787,0.000332,0.000000,0.000000,0.060000,0.019625,0.665833,2180,3715244,126517,0,2,0,2,0,0,0,0,0,0,5406,0,3510,1896,0
1109,48178,15.154250,14.767841,12.054401,0.007540,3.249167,3.248652,0.000182,0.051417,0.020291,0.805249,2135,3369114,114755,0,2,0,2,0,0,0,0,0,0,7208,0,4680,2528,0
1110,48179,17.637417,17.249678,11.529921,0.007169,5.727333,4.834861,0.892181,0.053833,0.012167,0.664041,2139,3324418,114639,0,2,0,2,0,0,0,0,0,0,5406,0,3510,1896,0
1111,48180,15.963875,15.599905,11.156214,0.007624,4.308750,3.888569,0.419848,0.061375,0.022625,0.995334,2046,3302944,111964,0,2,0,2,0,0,0,0,0,0,5406,0,3510,1896,0
1112,48181,16.497166,16.114731,11.944555,0.006957,4.191291,3.807610,0.383473,0.047792,0.025542,0.684583,2115,3529233,119093,0,2,0,2,0,0,0,0,0,0,7208,0,4680,2528,0
1113,48182,16.716167,16.316210,12.098150,0.007426,4.056541,3.703944,0.352306,0.049458,0.045625,0.914999,2137,3481713,119615,0,2,0,2,0,0,0,0,0,0,5406,0,3510,1896,0
1114,48183,16.184917,15.803415,12.035834,0.007285,4.264209,4.262944,0.000973,0.036375,0.011458,0.446375,2132,3431244,117812,0,2,0,2,0,0,0,0,0,0,5406,0,3510,1896,0
1115,48184,17.734291,17.362896,11.213691,0.006701,6.171499,5.131110,1.040140,0.046959,0.019958,0.916375,2092,3487011,117991,0,2,0,2,0,0,0,0,0,0,7208,0,4680,2528,0
1116,48185,16.228667,15.863933,11.200628,0.006667,4.627919,4.100944,0.526723,0.041667,0.013416,1.340417,2047,3397377,116334,0,2,0,2,0,0,0,0,0,0,5406,0,3510,1896,0
1117,48186,16.561833,16.196358,11.133971,0.006283,5.086168,4.624277,0.461556,0.047875,0.018334,0.666459,2089,3378304,115196,0,2,0,2,0,0,0,0,0,0,7004,0,4536,2468,0
1118,48187,16.560709,16.202040,10.990209,0.007294,5.232167,4.838152,0.393765,0.034250,0.018458,1.263875,2054,3418025,116147,0,2,0,2,0,0,0,0,0,0,5610,0,3654,1956,0
1119,48188,17.499458,17.141439,10.878201,0.007750,6.276499,5.200319,1.075931,0.046667,0.011875,0.648959,2054,3368881,115831,0,2,0,2,0,0,0,0,0,0,5406,0,3510,1896,0
1120,48189,16.001958,15.646448,10.522448,0.006418,5.153625,4.451652,0.701765,0.034792,0.011125,0.781833,2015,3360830,112464,0,2,0,2,0,0,0,0,0,0,7208,0,4680,2528,0
1121,48190,16.969667,16.593267,11.081531,0.006999,5.555582,4.718985,0.836348,0.035875,0.011792,0.608917,2083,3453188,119423,0,2,0,2,0,0,0,0,0,0,5406,0,3510,1896,0
1122,48191,18.886250,18.532058,11.158818,0.006339,5.591124,4.739194,0.851723,0.035167,0.010166,1.317333,2029,3354105,114688,0,2,0,2,0,0,0,0,0,0,5406,0,3510,1896,0
1123,48192,13.482958,13.121189,11.013131,0.007361,2.359124,2.352123,0.006876,0.034750,0.022167,1.510876,2020,3368391,113125,0,2,0,2,0,0,0,0,0,0,7208,0,4680,2528,0
1124,48193,18.038959,17.666367,11.361462,0.007251,6.319040,5.228610,1.090223,0.047625,0.047208,0.457916,2055,3421529,117717,0,2,0,2,0,0,0,0,0,0,5406,0,3510,1896,0
1125,48194,15.986166,15.603597,11.358592,0.007863,4.220291,3.829527,0.390556,0.055375,0.033959,1.119750,2046,3386998,116385,0,2,0,2,0,0,0,0,0,0,5406,0,3510,1896,0
1126,48195,16.627250,16.269578,10.726147,0.007713,5.522834,4.695360,0.827265,0.031625,0.022917,0.702000,2009,3358909,115237,0,2,0,2,0,0,0,0,0,0,7367,0,4680,2687,0
1127,48196,16.654584,16.288239,12.029405,0.006628,4.271584,3.856652,0.414557,0.045208,0.051333,0.809708,2049,3682737,126891,0,2,0,2,0,0,0,0,0,0,5406,0,3510,1896,0
1128,48197,17.288916,16.933783,10.840081,0.006834,6.081376,5.069986,1.011223,0.035625,0.037625,0.481708,2017,3345049,115895,0,2,0,2,0,0,0,0,0,0,5406,0,3510,1896,0
1129,48198,16.350584,16.001297,10.750692,0.007677,5.246998,4.512985,0.733806,0.034541,0.014042,0.946459,2026,3362757,115040,0,2,0,2,0,0,0,0,0,0,7208,0,4680,2528,0
1130,48199,16.872375,16.506511,10.848532,0.006840,5.669251,4.795277,0.873723,0.038041,0.014167,0.956375,2072,3383269,118035,0,2,0,2,0,0,0,0,0,0,5406,0,3510,1896,0
1131,48200,16.790750,16.435904,10.696568,0.007163,5.765209,4.854986,0.910014,0.037416,0.012292,0.373209,2043,3329382,115810,0,2,0,2,0,0,0,0,0,0,5406,0,3510,1896,0
1132,48201,16.601083,16.250392,10.672174,0.007460,5.605291,4.749485,0.855598,0.040167,0.012083,0.854125,1982,3317722,112606,0,2,0,2,0,0,0,0,0,0,7208,0,4680,2528,0
1133,48202,16.048292,15.693200,10.533399,0.007291,5.188459,4.470943,0.717390,0.031750,0.022250,0.492959,2043,3407936,116932,0,2,0,2,0,0,0,0,0,0,5863,0,3510,2353,0
1134,48203,17.051833,16.687533,11.558124,0.007048,5.158291,4.454736,0.703306,0.044958,0.017125,1.004500,2095,3660003,126173,0,2,0,2,0,0,0,0,0,0,5406,0,3510,1896,0
1135,48204,16.628167,16.256872,11.595190,0.007466,4.599000,4.082444,0.516265,0.048458,0.039875,0.786667,2032,3364279,115039,0,2,0,2,0,0,0,0,0,0,7208,0,4680,2528,0
1136,48205,16.322041,15.950171,11.466645,0.007039,4.474958,4.338485,0.136223,0.053834,0.011333,0.849166,2039,3412603,119503,0,2,0,2,0,0,0,0,0,0,5406,0,3510,1896,0
1137,48206,17.419875,17.034556,11.251070,0.007757,5.761918,4.853111,0.908598,0.036250,0.020125,1.188333,2093,3377644,118160,0,2,0,2,0,0,0,0,0,0,5406,0,3510,1896,0
1138,48207,16.463959,16.108667,10.730927,0.007046,5.409001,4.621194,0.787640,0.040291,0.013709,0.567083,2026,3355377,115056,0,2,0,2,0,0,0,0,0,0,7208,0,4680,2528,0
1139,48208,16.706000,16.342288,10.949739,0.011246,5.409584,4.622402,0.786973,0.042791,0.012500,1.269708,2077,3400007,119082,0,2,0,2,0,0,0,0,0,0,5406,0,3510,1896,0
1140,48209,16.943750,16.580080,10.708365,0.007255,5.905043,4.949527,0.955306,0.039375,0.045791,0.645917,2064,3349023,116560,0,2,0,2,0,0,0,0,0,0,5406,0,3510,1896,0
1141,48210,16.215500,15.861474,10.673877,0.006631,5.188500,4.471985,0.716265,0.037583,0.051083,0.915250,2018,3344820,114901,0,2,0,2,0,0,0,0,0,0,7208,0,4680,2528,0
1142,48211,17.040458,16.679887,10.865677,0.006867,5.803084,4.881235,0.921682,0.033625,0.043958,0.610083,2068,3382802,118214,0,2,0,2,0,0,0,0,0,0,5406,0,3510,1896,0
1143,48212,16.524500,16.162979,10.664128,0.007679,5.499290,4.681902,0.817139,0.037958,0.012209,0.935958,2083,3335782,116316,0,2,0,2,0,0,0,0,0,0,5406,0,3510,1896,0
1144,48213,16.745375,16.397138,10.384878,0.006831,6.025959,5.033360,0.992390,0.040208,0.012375,0.613375,1995,3333748,113562,0,2,0,2,0,0,0,0,0,0,7208,0,4680,2528,0
1145,48214,16.152917,15.800397,10.638315,0.006878,5.179917,4.470193,0.709515,0.031666,0.010459,1.179792,2040,3443448,120573,0,2,0,2,0,0,0,0,0,0,5663,0,3510,2153,0
1146,48215,16.818541,16.460299,11.452043,0.006875,5.035251,4.372444,0.662556,0.037334,0.014500,1.321500,2040,3768446,126451,0,2,0,2,0,0,0,0,0,0,5565,0,3510,2055,0
1147,48216,16.870917,16.475325,12.351162,0.006624,4.152125,3.783777,0.368098,0.041167,0.020833,0.447500,2179,3737177,125590,0,2,0,2,0,0,0,0,0,0,7208,0,4680,2528,0
1148,48217,17.210417,16.838358,11.299166,0.007331,5.570334,4.729235,0.840890,0.044250,0.028000,0.783083,2158,3395692,116530,0,2,0,2,0,0,0,0,0,0,5406,0,3510,1896,0
1149,48218,16.126875,15.759515,10.973744,0.006588,4.789125,4.208819,0.580098,0.034666,0.039875,0.611917,2080,3357840,113553,0,2,0,2,0,0,0,0,0,0,5406,0,3510,1896,0
1150,48219,16.605083,16.224616,11.598172,0.006504,4.632334,4.103319,0.528806,0.045167,0.017833,1.164458,2132,3523070,118119,0,2,0,2,0,0,0,0,0,0,7208,0,4680,2528,0
1151,48220,16.277917,15.901423,12.415564,0.007045,4.276416,4.276152,0.000098,0.039083,0.017333,0.655291,2175,3551289,122444,0,2,0,2,0,0,0,0,0,0,5406,0,3510,1896,0
1152,48221,17.753000,17.368119,11.243772,0.007203,6.130458,5.099611,1.030556,0.047250,0.011250,0.646666,2131,3442296,117560,0,2,0,2,0,0,0,0,0,0,5406,0,3510,1896,0
1153,48222,15.766458,15.394896,11.155975,0.006927,4.264125,3.858235,0.405723,0.034833,0.011500,0.372542,2098,3460495,116276,0,2,0,2,0,0,0,0,0,0,7208,0,4680,2528,0
1154,48223,17.377042,17.005992,11.295404,0.006992,5.728834,4.829902,0.898640,0.043750,0.009291,1.159542,2110,3485131,120664,0,2,0,2,0,0,0,0,0,0,5406,0,3510,1896,0
1155,48224,16.409708,16.034519,10.994123,0.007242,5.073625,4.398736,0.674639,0.040583,0.016042,0.967167,2120,3380850,116057,0,2,0,2,0,0,0,0,0,0,5406,0,3510,1896,0
1156,48225,15.976833,15.625074,10.755028,0.006956,4.875917,4.809485,0.066265,0.038917,0.011625,0.613125,2011,3364005,112183,0,2,0,2,0,0,0,0,0,0,7208,0,4680,2528,0
1157,48226,18.180334,17.808111,11.801812,0.007506,6.023916,5.030610,0.992890,0.060041,0.012625,1.113417,2090,3465301,119990,0,2,0,2,0,0,0,0,0,0,5406,0,3510,1896,0
1158,48227,15.852125,15.487779,11.240937,0.007666,4.264501,3.850486,0.413764,0.053833,0.012292,0.653834,2088,3355091,114944,0,2,0,2,0,0,0,0,0,0,5406,0,3510,1896,0
1159,48228,16.710958,16.355111,10.884761,0.006791,5.485710,4.673444,0.812098,0.035042,0.009875,0.979500,2022,3348295,112324,0,2,0,2,0,0,0,0,0,0,7208,0,4680,2528,0
1160,48229,16.615917,16.257652,11.187568,0.007424,5.087874,4.404443,0.683140,0.037083,0.011083,0.646042,2060,3447632,118325,0,2,0,2,0,0,0,0,0,0,5406,0,3510,1896,0
1161,48230,16.929083,16.556515,11.103142,0.007089,5.471457,4.661486,0.809764,0.035000,0.012542,1.035458,2122,3408604,117026,0,2,0,2,0,0,0,0,0,0,5406,0,3510,1896,0
1162,48231,16.562542,16.211276,10.787310,0.006708,5.457500,4.651902,0.805431,0.037875,0.010250,0.785792,2027,3399523,114755,0,2,0,2,0,0,0,0,0,0,7208,0,4680,2528,0
1163,48232,16.712583,16.347068,11.511184,0.007294,4.844208,4.244068,0.599932,0.045875,0.019583,0.609000,2077,3397494,116798,0,2,0,2,0,0,0,0,0,0,5406,0,3510,1896,0
1164,48233,16.406375,16.042337,10.651380,0.006888,5.423708,4.629027,0.794473,0.038417,0.015666,1.309500,2053,3360398,116801,0,2,0,2,0,0,0,0,0,0,5565,0,3510,2055,0
1165,48234,16.859250,16.478778,11.819647,0.006167,4.690500,4.137777,0.552140,0.038583,0.019667,0.651958,2093,3733148,126894,0,2,0,2,0,0,0,0,0,0,7208,0,4680,2528,0
1166,48235,17.120667,16.769522,10.629699,0.006919,6.164958,5.122693,1.042057,0.034291,0.019625,0.955542,2022,3327969,115723,0,2,0,2,0,0,0,0,0,0,5406,0,3510,1896,0
1167,48236,16.352791,15.985434,11.255027,0.006703,4.727209,4.165527,0.561473,0.051084,0.010916,0.610250,2085,3333610,116031,0,2,0,2,0,0,0,0,0,0,5406,0,3510,1896,0
1168,48237,16.853917,16.498937,10.721327,0.006751,5.800792,4.882694,0.917806,0.037958,0.011459,1.116208,2018,3382225,115609,0,2,0,2,0,0,0,0,0,0,7208,0,4680,2528,0
1169,48238,16.778750,16.403741,10.980548,0.006996,5.443625,4.645110,0.798307,0.043583,0.038125,1.254750,2077,3364839,117258,0,2,0,2,0,0,0,0,0,0,5406,0,3510,1896,0
1170,48239,15.681875,15.322462,11.470612,0.007213,4.691000,4.690652,0.000139,0.036958,0.010834,0.626667,2054,3305450,114000,0,2,0,2,0,0,0,0,0,0,7004,0,4536,2468,0
1171,48240,17.547667,17.204515,10.245244,0.006543,6.983292,5.669152,1.314015,0.030833,0.009500,1.317250,1999,3374280,114279,0,2,0,2,0,0,0,0,0,0,6067,0,3654,2413,0
1172,48241,15.948166,15.581966,11.448637,0.007458,4.161666,3.955485,0.205848,0.037459,0.017416,0.652417,2072,3656400,125744,0,2,0,2,0,0,0,0,0,0,5406,0,3510,1896,0
1173,48242,17.559000,17.207042,10.764756,0.006913,6.468165,5.329069,1.138889,0.034834,0.009625,0.999000,2027,3370425,115672,0,2,0,2,0,0,0,0,0,0,7208,0,4680,2528,0
1174,48243,16.303125,15.932390,10.894350,0.007376,5.077374,4.395527,0.681640,0.039375,0.015959,0.656208,2051,3406483,119584,0,2,0,2,0,0,0,0,0,0,5406,0,3510,1896,0
1175,48244,17.203834,16.845894,11.070365,0.006870,5.774415,4.860568,0.913598,0.050416,0.022792,1.271958,2044,3350841,116992,0,2,0,2,0,0,0,0,0,0,5406,0,3510,1896,0
1176,48245,16.296875,15.942507,11.039460,0.007336,4.805083,4.219486,0.585389,0.041166,0.012584,0.919001,2017,3352529,114472,0,2,0,2,0,0,0,0,0,0,7208,0,4680,2528,0
1177,48246,16.607458,16.216323,11.362666,0.007499,4.874499,4.265860,0.608431,0.051792,0.043833,0.720375,2083,3421130,120213,0,2,0,2,0,0,0,0,0,0,5406,0,3510,1896,0
1178,48247,16.149792,15.788154,11.093646,0.007049,4.699582,4.688402,0.010973,0.039708,0.047750,1.192750,2029,3334123,116352,0,2,0,2,0,0,0,0,0,0,5406,0,3510,1896,0
1179,48248,16.896250,16.537002,11.286966,0.007169,5.065416,5.065152,0.000056,0.045750,0.015958,0.449375,1990,3331816,114248,0,2,0,2,0,0,0,0,0,0,7208,0,4680,2528,0
1180,48249,17.466125,17.097117,11.584653,0.007918,5.549665,4.686402,0.862556,0.058208,0.018917,0.902958,2061,3399538,118582,0,2,0,2,0,0,0,0,0,0,5406,0,3510,1896,0
1181,48250,16.095416,15.723082,11.779871,0.007547,3.975666,3.664902,0.310390,0.064250,0.025292,0.296500,2058,3369580,117663,0,2,0,2,0,0,0,0,0,0,5406,0,3510,1896,0
1182,48251,16.974417,16.609767,11.462117,0.007118,5.175791,4.462944,0.712639,0.047250,0.012583,0.922583,2005,3338268,114527,0,2,0,2,0,0,0,0,0,0,7208,0,4680,2528,0
1183,48252,16.204208,15.802790,11.779045,0.007460,4.062167,3.721194,0.340765,0.035209,0.010000,0.608541,2076,3393552,118630,0,2,0,2,0,0,0,0,0,0,5406,0,3510,1896,0
1184,48253,16.968000,16.584970,11.365823,0.006957,5.266958,4.515277,0.751515,0.033000,0.010500,0.924833,2002,3348558,116180,0,2,0,2,0,0,0,0,0,0,5406,0,3510,1896,0
1185,48254,16.340750,15.952192,11.573103,0.006631,4.415624,3.956819,0.458556,0.037167,0.010250,1.232166,2044,3399752,116442,0,2,0,2,0,0,0,0,0,0,7208,0,4680,2528,0
1186,48255,17.055500,16.656041,11.644379,0.007421,5.055918,4.380444,0.675223,0.033709,0.011291,0.609791,2085,3409703,119493,0,2,0,2,0,0,0,0,0,0,5406,0,3510,1896,0
1187,48256,16.660542,16.265074,11.274881,0.007380,5.030708,4.365777,0.664723,0.032583,0.009834,1.246375,2049,3339138,116442,0,2,0,2,0,0,0,0,0,0,5406,0,3510,1896,0
1188,48257,16.625292,16.243892,11.248326,0.007829,5.028167,4.365111,0.662848,0.039250,0.011000,0.623000,1997,3330300,113289,0,2,0,2,0,0,0,0,0,0,7208,0,4680,2528,0
1189,48258,16.467708,16.055107,11.730049,0.007419,4.365501,3.922944,0.442306,0.030833,0.010375,1.243291,2067,3436547,120478,0,2,0,2,0,0,0,0,0,0,5406,0,3510,1896,0
1190,48259,17.124583,16.720782,11.273992,0.007077,5.496541,4.677235,0.819140,0.034042,0.009792,0.289417,2063,3355392,117025,0,2,0,2,0,0,0,0,0,0,5406,0,3510,1896,0
1191,48260,16.247709,15.864264,11.261537,0.007295,4.636458,4.106027,0.530264,0.028791,0.010209,0.914041,2008,3341830,114334,0,2,0,2,0,0,0,0,0,0,7208,0,4680,2528,0
1192,48261,16.300416,15.919181,13.688396,0.009039,2.527209,2.526777,0.000056,0.036834,0.015833,0.610708,2041,3389097,117907,0,2,0,2,0,0,0,0,0,0,5406,0,3510,1896,0
1193,48262,17.166959,16.773627,11.323358,0.006869,5.486625,5.166027,0.320390,0.036416,0.016917,1.191667,2119,3371137,117747,0,2,0,2,0,0,0,0,0,0,5406,0,3510,1896,0
1194,48263,17.151583,16.776632,11.648827,0.007586,5.129791,4.429652,0.699681,0.086833,0.037375,0.999626,1993,3325540,113417,0,2,0,2,0,0,0,0,0,0,7208,0,4680,2528,0
1195,48264,15.966708,15.549270,14.551194,0.007627,1.168333,1.167527,0.000098,0.066000,0.025875,0.294625,2052,3411092,119580,0,2,0,2,0,0,0,0,0,0,5406,0,3510,1896,0
1196,48265,17.204084,16.816480,12.311977,0.007828,4.309918,3.888985,0.420390,0.062541,0.017750,0.614416,2074,3358663,116694,0,2,0,2,0,0,0,0,0,0,5406,0,3510,1896,0
1197,48266,16.547833,16.176448,11.700725,0.007660,4.506708,4.019277,0.487223,0.057583,0.015375,0.302458,2033,3373026,115645,0,2,0,2,0,0,0,0,0,0,7208,0,4680,2528,0
1198,48267,16.643917,16.256825,11.981536,0.007880,4.310959,3.888527,0.422098,0.042708,0.015042,0.586750,2075,3407418,119112,0,2,0,2,0,0,0,0,0,0,5406,0,3510,1896,0
1199,48268,16.806083,16.423796,11.313989,0.007378,5.144875,4.442360,0.702307,0.030625,0.010875,0.613125,2070,3337629,116280,0,2,0,2,0,0,0,0,0,0,5406,0,3510,1896,0
1200,48269,16.576875,16.189752,11.536915,0.006954,4.685875,4.133027,0.552598,0.044833,0.012584,1.212709,2023,3365059,114542,0,2,0,2,0,0,0,0,0,0,7208,0,4680,2528,0
1201,48270,16.524792,16.132649,11.964227,0.007715,4.208834,3.815402,0.393140,0.036041,0.011167,1.212041,2089,3422859,119992,0,2,0,2,0,0,0,0,0,0,5406,0,3510,1896,0
1202,48271,16.568708,16.188372,10.900135,0.007288,5.321249,4.552777,0.768265,0.031542,0.010458,0.614458,2055,3344672,116401,0,2,0,2,0,0,0,0,0,0,5663,0,3510,2153,0
1203,48272,16.380542,15.984230,12.480184,0.006539,3.539875,3.374486,0.165181,0.039875,0.012250,0.900708,2065,3801456,125355,0,2,0,2,0,0,0,0,0,0,7208,0,4680,2528,0
1204,48273,17.383291,16.999756,11.408605,0.007123,5.630292,4.767277,0.862806,0.033625,0.010417,0.609042,2051,3451393,118472,0,2,0,2,0,0,0,0,0,0,5565,0,3510,2055,0
1205,48274,16.289875,15.863486,12.971505,0.006749,2.965001,2.964652,0.000140,0.034500,0.010834,0.919250,2200,3759117,128278,0,2,0,2,0,0,0,0,0,0,5406,0,3510,1896,0
1206,48275,17.589500,17.199170,11.670389,0.007173,5.565958,4.721444,0.844306,0.042625,0.015875,0.622625,2105,3329561,112469,0,2,0,2,0,0,0,0,0,0,7208,0,4680,2528,0
1207,48276,15.826292,15.445435,11.454598,0.007202,4.026750,3.697527,0.328973,0.036917,0.011500,1.230459,2047,3374580,114935,0,2,0,2,0,0,0,0,0,0,5406,0,3510,1896,0
1208,48277,16.821750,16.418088,11.804798,0.006795,4.648332,4.108568,0.539557,0.042167,0.013541,1.214584,2173,3497172,119109,0,2,0,2,0,0,0,0,0,0,5406,0,3510,1896,0
1209,48278,16.164125,15.770569,11.543774,0.006538,4.263127,3.854486,0.408473,0.028583,0.009917,0.609667,2126,3504534,119077,0,2,0,2,0,0,0,0,0,0,7456,0,4680,2776,0
1210,48279,16.858458,16.444789,12.634790,0.006124,3.843292,3.578569,0.264515,0.037917,0.010958,1.220333,2130,3827151,128285,0,2,0,2,0,0,0,0,0,0,5406,0,3510,1896,0
1211,48280,18.008875,17.602428,11.764118,0.007841,5.079209,4.399277,0.679765,0.036375,0.014000,0.607958,2127,3457399,117270,0,2,0,2,0,0,0,0,0,0,5593,0,3510,2083,0
1212,48281,15.224625,14.822716,13.075154,0.007034,2.125290,2.124944,0.000139,0.037709,0.010875,0.908209,2145,3706383,124247,0,2,0,2,0,0,0,0,0,0,9249,0,4680,4569,0
1213,48282,17.027292,16.622502,12.169628,0.007461,4.857375,4.856902,0.000140,0.040917,0.016625,0.445959,2234,3451314,118960,0,2,0,2,0,0,0,0,0,0,5406,0,3510,1896,0
1214,48283,17.713917,17.314044,11.772368,0.007626,5.569668,4.726735,0.842515,0.051583,0.014625,0.585541,2180,3319251,113857,0,2,0,2,0,0,0,0,0,0,5406,0,3510,1896,0
1215,48284,15.511000,15.121742,11.829373,0.007288,3.319875,3.228777,0.090889,0.045541,0.013250,0.353541,2018,3360334,112425,0,2,0,2,0,0,0,0,0,0,7208,0,4680,2528,0
1216,48285,16.896625,16.493285,12.468962,0.007421,4.037585,3.706319,0.330890,0.051250,0.015750,1.141083,2133,3501514,119311,0,2,0,2,0,0,0,0,0,0,5406,0,3510,1896,0
1217,48286,17.492333,17.071993,12.753808,0.007994,4.246416,3.842860,0.403348,0.064375,0.012417,0.975958,2188,3480783,119713,0,2,0,2,0,0,0,0,0,0,5406,0,3510,1896,0
1218,48287,16.230583,15.863036,11.968369,0.007370,3.786001,3.533361,0.252223,0.047417,0.015500,0.670583,2102,3476566,117633,0,2,0,2,0,0,0,0,0,0,7208,0,4680,2528,0
1219,48288,16.526167,16.141040,11.848393,0.007001,4.315959,3.893319,0.422265,0.060125,0.013458,1.503500,2089,3414787,117694,0,2,0,2,0,0,0,0,0,0,5406,0,3510,1896,0
1220,48289,16.700250,16.330022,11.409292,0.007585,4.922000,4.334693,0.586973,0.063708,0.047042,0.689292,2069,3368346,114627,0,2,0,2,0,0,0,0,0,0,5406,0,3510,1896,0
1221,48290,16.648208,16.282251,11.651191,0.007591,4.620793,4.086277,0.534306,0.044250,0.049875,0.969500,2090,3466992,117343,0,2,0,2,0,0,0,0,0,0,7208,0,4680,2528,0
1222,48291,17.159667,16.800732,11.544256,0.007001,5.217750,4.486777,0.730515,0.074667,0.015041,0.977917,2048,3378800,115610,0,2,0,2,0,0,0,0,0,0,5406,0,3510,1896,0
1223,48292,16.217958,15.860743,11.251198,0.007456,4.641541,4.094318,0.546848,0.056250,0.014334,0.502292,2065,3358577,114115,0,2,0,2,0,0,0,0,0,0,7004,0,4536,2468,0
1224,48293,16.833125,16.471132,11.122769,0.006837,5.366958,4.591402,0.775348,0.042959,0.015791,1.315292,2052,3423532,116491,0,2,0,2,0,0,0,0,0,0,5610,0,3654,1956,0
1225,48294,16.120500,15.753496,11.965974,0.007623,4.542874,4.539152,0.003431,0.056000,0.021250,0.656375,2072,3389223,116213,0,2,0,2,0,0,0,0,0,0,5406,0,3510,1896,0
1226,48295,17.411625,17.059254,11.229138,0.006873,5.834834,4.903318,0.931182,0.064417,0.015083,1.278708,2026,3363693,112989,0,2,0,2,0,0,0,0,0,0,7208,0,4680,2528,0
1227,48296,15.926667,15.557834,12.108055,0.008290,4.236749,4.226069,0.010473,0.485417,0.014250,0.397375,2079,3436736,118758,0,2,0,2,0,0,0,0,0,0,5406,0,3510,1896,0
1228,48297,17.408375,17.058413,11.468410,0.007581,5.472293,4.659569,0.812473,0.046708,0.017500,0.950626,2005,3342458,114144,0,2,0,2,0,0,0,0,0,0,5406,0,3510,1896,0
1229,48298,16.350458,15.998286,10.935622,0.006661,5.089500,4.405652,0.683640,0.052875,0.013250,0.620125,2038,3384120,113618,0,2,0,2,0,0,0,0,0,0,7208,0,4680,2528,0
1230,48299,16.481334,16.115093,11.216953,0.006963,4.930875,4.625569,0.305098,0.049750,0.015083,0.918082,2074,3427346,118250,0,2,0,2,0,0,0,0,0,0,5406,0,3510,1896,0
1231,48300,17.394166,17.040502,11.183528,0.007258,5.875209,4.930527,0.944515,0.049542,0.013667,1.254624,2046,3367681,115377,0,2,0,2,0,0,0,0,0,0,5406,0,3510,1896,0
1232,48301,15.640292,15.287620,10.611613,0.007087,4.704042,4.151818,0.552015,0.034167,0.011041,0.610292,2035,3378177,115902,0,2,0,2,0,0,0,0,0,0,7367,0,4680,2687,0
1233,48302,17.251417,16.891968,12.016783,0.005873,4.909334,4.286319,0.622723,0.051291,0.015209,1.096750,2073,3718635,127644,0,2,0,2,0,0,0,0,0,0,5406,0,3510,1896,0
1234,48303,17.066000,16.708427,11.072355,0.007377,5.656251,4.786277,0.869681,0.052666,0.011250,0.615209,2053,3345994,116177,0,2,0,2,0,0,0,0,0,0,5406,0,3510,1896,0
1235,48304,15.794500,15.444329,10.801800,0.007627,4.673415,4.514818,0.158348,0.040666,0.011625,1.258083,2015,3335249,113837,0,2,0,2,0,0,0,0,0,0,7208,0,4680,2528,0
1236,48305,17.550125,17.191061,11.351555,0.007170,5.838624,4.892486,0.945889,0.043125,0.017333,0.609500,2044,3392046,117162,0,2,0,2,0,0,0,0,0,0,5406,0,3510,1896,0
1237,48306,16.568250,16.204271,10.913856,0.007381,4.799000,4.214985,0.583848,0.057708,0.037917,0.929250,2033,3379575,115288,0,2,0,2,0,0,0,0,0,0,5535,0,3510,2025,0
1238,48307,15.985833,15.624534,11.970557,0.006822,3.654666,3.587527,0.066848,0.060250,0.011792,0.615584,2043,3566868,121464,0,2,0,2,0,0,0,0,0,0,7208,0,4680,2528,0
1239,48308,17.318083,16.960143,11.102731,0.006956,5.607418,4.752902,0.854306,0.046959,0.012458,0.907375,2030,3384531,114705,0,2,0,2,0,0,0,0,0,0,5628,0,3510,2118,0
1240,48309,15.952000,15.575640,12.106110,0.006877,3.240583,3.175569,0.064806,0.063167,0.021750,1.327749,2072,3641071,124428,0,2,0,2,0,0,0,0,0,0,5406,0,3510,1896,0
1241,48310,16.627250,16.255051,11.426379,0.007373,4.830417,4.829985,0.000098,0.058834,0.014333,0.783458,2047,3389536,114642,0,2,0,2,0,0,0,0,0,0,7208,0,4680,2528,0
1242,48311,17.139750,16.745150,11.479008,0.007153,5.272125,4.530486,0.741389,0.045500,0.049709,1.357791,2049,3420512,115207,0,2,0,2,0,0,0,0,0,0,5406,0,3510,1896,0
1243,48312,16.689500,16.312680,11.925523,0.006960,4.124916,4.105944,0.018640,0.046709,0.014916,0.691542,2134,3485240,121045,0,2,0,2,0,0,0,0,0,0,5406,0,3510,1896,0
1244,48313,16.526542,16.158294,11.256805,0.007705,4.922709,4.292943,0.629557,0.051792,0.046791,1.061208,2042,3379545,115623,0,2,0,2,0,0,0,0,0,0,7465,0,4680,2785,0
1245,48314,16.447375,16.058078,12.765424,0.012164,3.276333,3.196111,0.079848,0.057292,0.045625,0.612250,2070,3927326,129465,0,2,0,2,0,0,0,0,0,0,5406,0,3510,1896,0
1246,48315,17.348917,16.974642,11.473030,0.007344,5.484084,4.671944,0.811931,0.048541,0.015792,0.974333,2124,3433216,115908,0,2,0,2,0,0,0,0,0,0,5406,0,3510,1896,0
1247,48316,16.388708,16.020829,11.363362,0.007454,4.662459,4.122152,0.540057,0.047625,0.049208,1.303167,2075,3443769,115472,0,2,0,2,0,0,0,0,0,0,7208,0,4680,2528,0
1248,48317,16.664167,16.290601,11.578399,0.006869,4.728375,4.162069,0.566056,0.042791,0.016000,0.649667,2070,3475191,117835,0,2,0,2,0,0,0,0,0,0,5406,0,3510,1896,0
1249,48318,16.889250,16.518722,11.350907,0.007036,5.183584,4.471652,0.711765,0.050333,0.017625,1.246958,2119,3450897,118088,0,2,0,2,0,0,0,0,0,0,5406,0,3510,1896,0
1250,48319,16.650375,16.274378,11.425581,0.011042,4.882334,4.266985,0.615057,0.049750,0.011250,0.514416,2067,3423552,114036,0,2,0,2,0,0,0,0,0,0,7208,0,4680,2528,0
1251,48320,16.110458,15.727919,11.940591,0.007040,4.359458,4.359069,0.000139,0.048250,0.010667,1.272333,2091,3495548,119929,0,2,0,2,0,0,0,0,0,0,5406,0,3510,1896,0
1252,48321,17.573958,17.211625,11.174122,0.006622,6.076750,5.061194,1.015348,0.041625,0.024292,0.618416,2096,3404052,115027,0,2,0,2,0,0,0,0,0,0,5406,0,3510,1896,0
1253,48322,16.080750,15.713036,11.296709,0.006755,4.437876,3.972985,0.464682,0.045084,0.013666,0.951375,2076,3446155,114631,0,2,0,2,0,0,0,0,0,0,7208,0,4680,2528,0
1254,48323,16.978750,16.612228,11.675131,0.007131,4.901000,4.282027,0.618723,0.047375,0.013542,0.610292,2076,3509240,120014,0,2,0,2,0,0,0,0,0,0,5406,0,3510,1896,0
1255,48324,16.650375,16.281223,11.146174,0.006118,5.168083,4.460694,0.707181,0.043250,0.011584,1.240667,2115,3429016,116598,0,2,0,2,0,0,0,0,0,0,5406,0,3510,1896,0
1256,48325,16.683500,16.323237,11.273276,0.007170,5.080417,4.401985,0.678140,0.044250,0.020209,0.645500,2071,3435475,114260,0,2,0,2,0,0,0,0,0,0,7208,0,4680,2528,0
1257,48326,16.529500,16.154421,11.599648,0.011377,4.582542,4.070777,0.511389,0.045667,0.014250,0.639167,2082,3514372,119892,0,2,0,2,0,0,0,0,0,0,5406,0,3510,1896,0
1258,48327,16.984875,16.618144,11.266274,0.007529,5.385918,4.602777,0.782848,0.046625,0.010792,1.266416,2116,3427429,116452,0,2,0,2,0,0,0,0,0,0,5406,0,3510,1896,0
1259,48328,16.549375,16.189125,11.052104,0.006831,5.154250,4.450610,0.703390,0.039250,0.011500,0.623917,2073,3426122,113900,0,2,0,2,0,0,0,0,0,0,7208,0,4680,2528,0
1260,48329,16.613500,16.249856,11.250208,0.006755,5.026208,4.362569,0.663389,0.047042,0.016958,0.941292,2067,3487754,118664,0,2,0,2,0,0,0,0,0,0,5406,0,3510,1896,0
1261,48330,16.521334,16.155508,11.060449,0.006668,5.099584,4.414110,0.685265,0.040375,0.015333,0.635375,2114,3443567,120041,0,2,0,2,0,0,0,0,0,0,5565,0,3510,2055,0
1262,48331,17.264875,16.904470,11.828264,0.006500,4.738543,4.170110,0.568140,0.044291,0.011709,0.961334,2065,3705303,121644,0,2,0,2,0,0,0,0,0,0,7208,0,4680,2528,0
1263,48332,16.054208,15.680160,11.416520,0.007288,4.284499,3.872652,0.411639,0.041583,0.011584,1.295750,2049,3480979,118800,0,2,0,2,0,0,0,0,0,0,5406,0,3510,1896,0
1264,48333,17.077542,16.711717,11.383460,0.006747,5.347709,4.579319,0.768181,0.044333,0.013958,0.686625,2109,3436648,117201,0,2,0,2,0,0,0,0,0,0,5406,0,3510,1896,0
1265,48334,16.006500,15.629917,11.349403,0.006805,4.291332,4.150277,0.140723,0.047416,0.014792,1.270583,2051,3446563,116409,0,2,0,2,0,0,0,0,0,0,7208,0,4680,2528,0
1266,48335,16.706583,16.345487,11.372846,0.006543,4.980333,4.866652,0.113431,0.046333,0.011459,0.610625,2050,3459883,119196,0,2,0,2,0,0,0,0,0,0,5406,0,3510,1896,0
1267,48336,16.663500,16.293093,10.963265,0.007369,5.362417,5.231485,0.130723,0.051000,0.031458,0.971083,2100,3389346,116099,0,2,0,2,0,0,0,0,0,0,5406,0,3510,1896,0
1268,48337,17.697458,17.340043,10.936263,0.006668,6.417294,5.282152,1.134932,0.037584,0.012250,0.638125,2036,3425678,114959,0,2,0,2,0,0,0,0,0,0,7208,0,4680,2528,0
1269,48338,15.240834,14.885782,10.924046,0.007422,3.982208,3.890027,0.091848,0.045083,0.012708,1.018543,2045,3424216,117285,0,2,0,2,0,0,0,0,0,0,5863,0,3510,2353,0
1270,48339,16.915333,16.558649,11.656337,0.006291,4.924001,4.853777,0.070015,0.037000,0.018375,0.610292,2040,3714998,124377,0,2,0,2,0,0,0,0,0,0,5406,0,3510,1896,0
1271,48340,17.842417,17.476217,11.188568,0.006588,6.314460,5.221902,1.092265,0.037583,0.016958,1.096376,2050,3485665,118876,0,2,0,2,0,0,0,0,0,0,7208,0,4680,2528,0
1272,48341,16.194375,15.827138,10.759430,0.006751,5.097791,4.414111,0.683431,0.044958,0.014958,1.288250,2045,3395350,116264,0,2,0,2,0,0,0,0,0,0,5406,0,3510,1896,0
1273,48342,16.822750,16.467914,11.100418,0.006253,5.384000,4.604735,0.779015,0.040666,0.010500,0.641333,2041,3434589,118506,0,2,0,2,0,0,0,0,0,0,5406,0,3510,1896,0
1274,48343,16.539250,16.171736,11.293887,0.007045,4.897291,4.279485,0.617640,0.042166,0.012209,0.972167,2044,3459361,117963,0,2,0,2,0,0,0,0,0,0,7208,0,4680,2528,0
1275,48344,16.980083,16.617054,11.206572,0.007666,5.441374,4.637777,0.803389,0.039167,0.015041,0.646708,2054,3400216,117197,0,2,0,2,0,0,0,0,0,0,5406,0,3510,1896,0
1276,48345,15.759000,15.404875,11.472265,0.007787,4.536002,4.535652,0.000140,0.042125,0.023833,1.286667,2026,3379928,114580,0,2,0,2,0,0,0,0,0,0,7004,0,4536,2468,0
1277,48346,18.010750,17.651742,11.593284,0.007591,6.080416,5.067985,1.012182,0.052042,0.013208,0.941542,2052,3469530,119484,0,2,0,2,0,0,0,0,0,0,5610,0,3654,1956,0
1278,48347,15.477542,15.115134,11.885184,0.006953,3.976127,3.970861,0.004973,0.048833,0.014333,0.647833,2028,3372926,116047,0,2,0,2,0,0,0,0,0,0,5406,0,3510,1896,0
1279,48348,16.886291,16.536392,11.044752,0.006587,5.502040,5.127569,0.374181,0.043667,0.051042,1.281583,2031,3382072,114146,0,2,0,2,0,0,0,0,0,0,7208,0,4680,2528,0
1280,48349,16.715917,16.360161,11.254186,0.007041,5.099417,4.733985,0.365140,0.044708,0.012875,0.638500,2039,3453825,119044,0,2,0,2,0,0,0,0,0,0,5406,0,3510,1896,0
1281,48350,16.779667,16.422008,11.179901,0.006922,5.272167,4.931819,0.339973,0.044125,0.013541,1.319833,2038,3394114,117077,0,2,0,2,0,0,0,0,0,0,5406,0,3510,1896,0
1282,48351,17.310916,16.953583,10.918645,0.007044,6.031584,5.035277,0.996015,0.071917,0.045417,0.659542,2030,3383080,114226,0,2,0,2,0,0,0,0,0,0,7208,0,4680,2528,0
1283,48352,16.118834,15.766438,11.335190,0.007170,4.431791,3.970568,0.460890,0.051375,0.011791,1.301000,2023,3449132,119204,0,2,0,2,0,0,0,0,0,0,5406,0,3510,1896,0
1284,48353,17.017750,16.660473,10.913206,0.006758,5.777959,4.862736,0.915056,0.039666,0.012375,0.634667,2022,3381731,115544,0,2,0,2,0,0,0,0,0,0,5406,0,3510,1896,0
1285,48354,16.526458,16.172516,11.105510,0.007087,5.104541,4.416735,0.687598,0.046708,0.014792,0.994667,2029,3423038,115868,0,2,0,2,0,0,0,0,0,0,7208,0,4680,2528,0
1286,48355,16.654958,16.300296,11.239509,0.006749,5.073126,4.397485,0.675182,0.055709,0.020083,0.938584,2032,3452982,118896,0,2,0,2,0,0,0,0,0,0,5406,0,3510,1896,0
1287,48356,16.859000,16.503795,11.313397,0.007915,5.211957,4.487819,0.723889,0.056292,0.017125,0.626709,2030,3408558,117534,0,2,0,2,0,0,0,0,0,0,5406,0,3510,1896,0
1288,48357,16.445584,16.083262,11.156470,0.006415,4.945000,4.312444,0.632265,0.049666,0.016375,0.941084,2042,3396781,114332,0,2,0,2,0,0,0,0,0,0,7208,0,4680,2528,0
1289,48358,16.880416,16.524987,11.089985,0.007091,5.466583,4.658277,0.808098,0.041959,0.011958,0.614917,2040,3471315,120071,0,2,0,2,0,0,0,0,0,0,5406,0,3510,1896,0
1290,48359,15.931167,15.572400,10.973420,0.006576,4.625960,4.602986,0.022723,0.044667,0.017750,0.894375,2063,3406635,117264,0,2,0,2,0,0,0,0,0,0,5406,0,3510,1896,0
1291,48360,17.662375,17.304575,10.933976,0.006662,6.390542,5.275527,1.114681,0.038875,0.018750,0.611042,2048,3386109,114033,0,2,0,2,0,0,0,0,0,0,7208,0,4680,2528,0
1292,48361,15.969958,15.614261,10.807719,0.007079,4.707332,4.150818,0.556348,0.037292,0.011875,0.910000,2037,3464653,122215,0,2,0,2,0,0,0,0,0,0,5551,0,3510,2041,0
1293,48362,16.443167,16.063087,12.074150,0.007290,4.094460,4.091611,0.002598,0.055458,0.048334,0.614458,2098,3764484,125654,0,2,0,2,0,0,0,0,0,0,5406,0,3510,1896,0
1294,48363,17.622417,17.259057,11.100443,0.006831,6.138083,5.108319,1.029556,0.044083,0.012750,0.979250,2041,3384246,113436,0,2,0,2,0,0,0,0,0,0,7208,0,4680,2528,0
1295,48364,15.717625,15.360518,11.178523,0.006962,4.074042,4.073652,0.000140,0.037041,0.011250,0.916125,2034,3434618,118588,0,2,0,2,0,0,0,0,0,0,5602,0,3510,2092,0
1296,48365,16.831291,16.458265,12.187954,0.006546,4.409502,4.408986,0.000181,0.041625,0.010667,0.611875,2083,3666478,122814,0,2,0,2,0,0,0,0,0,0,5406,0,3510,1896,0
1297,48366,17.498542,17.131810,11.474821,0.006827,5.676042,4.798694,0.877140,0.054333,0.012875,1.095583,2044,3419557,115169,0,2,0,2,0,0,0,0,0,0,7208,0,4680,2528,0
1298,48367,15.744750,15.381723,11.867841,0.007631,3.795041,3.786985,0.007807,0.043833,0.012250,0.686500,2037,3432581,117785,0,2,0,2,0,0,0,0,0,0,5406,0,3510,1896,0
1299,48368,17.056125,16.684353,12.211643,0.007502,4.896167,4.892611,0.003264,0.046417,0.014291,1.258250,2088,3399237,116117,0,2,0,2,0,0,0,0,0,0,5406,0,3510,1896,0
1300,48369,16.329333,15.957295,11.357125,0.007045,4.736374,4.735819,0.000056,0.055292,0.028958,0.610458,2037,3390089,113309,0,2,0,2,0,0,0,0,0,0,7208,0,4680,2528,0
1301,48370,17.651042,17.278436,11.671737,0.007746,5.622457,4.746068,0.876098,0.054083,0.014250,0.799083,2033,3457768,118361,0,2,0,2,0,0,0,0,0,0,5406,0,3510,1896,0
1302,48371,16.261583,15.890459,11.461604,0.007330,4.408124,3.950944,0.456931,0.051292,0.014583,1.138126,2062,3387092,115382,0,2,0,2,0,0,0,0,0,0,5406,0,3510,1896,0
1303,48372,16.630292,16.276027,11.183644,0.007117,5.099875,4.414610,0.685056,0.044333,0.015125,0.648000,2026,3390284,112225,0,2,0,2,0,0,0,0,0,0,7208,0,4680,2528,0
1304,48373,16.815125,16.451613,11.316202,0.006623,5.146793,4.444652,0.701890,0.060458,0.014417,0.964083,2032,3510364,117980,0,2,0,2,0,0,0,0,0,0,5406,0,3510,1896,0
1305,48374,16.452875,16.088675,10.938771,0.007084,5.180125,4.468319,0.711473,0.039500,0.013083,0.627833,2077,3447737,117295,0,2,0,2,0,0,0,0,0,0,5586,0,3510,2076,0
1306,48375,16.519542,16.152908,12.179595,0.006743,3.980834,3.669360,0.311223,0.054333,0.014417,1.101125,2045,3749129,123564,0,2,0,2,0,0,0,0,0,0,7208,0,4680,2528,0
1307,48376,17.102166,16.744607,11.248951,0.006665,5.515166,4.691068,0.823557,0.041959,0.013291,0.614209,2035,3510029,117770,0,2,0,2,0,0,0,0,0,0,5406,0,3510,1896,0
1308,48377,16.439250,16.068122,11.214579,0.007088,4.882332,4.253444,0.628556,0.048042,0.012083,0.942166,2103,3481383,116946,0,2,0,2,0,0,0,0,0,0,5406,0,3510,1896,0
1309,48378,16.782584,16.419865,11.342505,0.006952,5.096501,4.408944,0.687098,0.042666,0.012667,0.607917,2075,3537582,117491,0,2,0,2,0,0,0,0,0,0,7208,0,4680,2528,0
1310,48379,16.597583,16.230119,11.471131,0.006494,4.788874,4.206443,0.582140,0.041167,0.014291,1.258166,2072,3551883,118726,0,2,0,2,0,0,0,0,0,0,5406,0,3510,1896,0
1311,48380,16.720833,16.355142,11.226877,0.007171,5.161917,4.456527,0.705056,0.041500,0.012209,1.304041,2117,3527453,118491,0,2,0,2,0,0,0,0,0,0,5406,0,3510,1896,0
1312,48381,16.126459,15.761070,12.089576,0.007279,4.549083,4.548527,0.000140,0.044250,0.014250,0.636084,2074,3490217,116085,0,2,0,2,0,0,0,0,0,0,7208,0,4680,2528,0
1313,48382,17.858083,17.494414,11.378722,0.006792,5.689333,4.808193,0.880890,0.047958,0.011459,1.255667,2070,3571906,124097,0,2,0,2,0,0,0,0,0,0,5555,0,3510,2045,0
1314,48383,16.900583,16.528751,12.482837,0.006468,3.113041,3.073652,0.039139,0.055375,0.013084,0.626834,2066,3787741,123904,0,2,0,2,0,0,0,0,0,0,5406,0,3510,1896,0
1315,48384,15.251750,14.882461,11.942611,0.007084,2.940459,2.939402,0.000848,0.041917,0.024917,1.017375,2080,3497853,117433,0,2,0,2,0,0,0,0,0,0,7208,0,4680,2528,0
1316,48385,17.611625,17.231283,11.626481,0.006913,5.628166,4.766610,0.861348,0.042500,0.011417,0.715417,2066,3489828,118455,0,2,0,2,0,0,0,0,0,0,5406,0,3510,1896,0
1317,48386,16.259875,15.873539,11.698548,0.007207,4.186416,3.804194,0.382056,0.045834,0.012458,1.269458,2137,3476021,118981,0,2,0,2,0,0,0,0,0,0,5406,0,3510,1896,0
1318,48387,16.338375,15.964144,11.320425,0.006997,4.661500,4.499485,0.161848,0.056625,0.016584,1.279834,2066,3413483,113682,0,2,0,2,0,0,0,0,0,0,7208,0,4680,2528,0
1319,48388,17.090167,16.712940,12.068439,0.007300,4.508668,4.022818,0.485515,0.043708,0.022667,0.610875,2102,3563865,121723,0,2,0,2,0,0,0,0,0,0,7447,0,3510,3937,0
1320,48389,16.608417,16.238104,10.972310,0.007120,5.159168,4.452736,0.706223,0.036541,0.014209,1.272417,2133,3461834,122784,0,2,0,2,0,0,0,0,0,0,5565,0,3510,2055,0
1321,48390,16.538291,16.160416,12.584282,0.006503,3.570583,3.394610,0.175515,0.049667,0.012583,0.648917,2091,3947452,130186,0,2,0,2,0,0,0,0,0,0,7208,0,4680,2528,0
1322,48391,17.381834,17.004456,11.546705,0.006969,5.461583,4.653693,0.807682,0.049541,0.012625,1.348041,2099,3432046,117642,0,2,0,2,0,0,0,0,0,0,5406,0,3510,1896,0
1323,48392,15.809541,15.419083,11.619260,0.007001,4.005252,4.004861,0.000181,0.045667,0.011875,0.685417,2125,3403577,116542,0,2,0,2,0,0,0,0,0,0,5406,0,3510,1896,0
1324,48393,17.692667,17.334808,11.055865,0.006746,6.306499,5.219902,1.086306,0.049458,0.060042,0.939750,2050,3455328,116165,0,2,0,2,0,0,0,0,0,0,7208,0,4680,2528,0
1325,48394,16.075417,15.705118,11.400468,0.007459,4.311334,3.887943,0.423057,0.046125,0.015916,1.288082,2097,3435171,118072,0,2,0,2,0,0,0,0,0,0,5406,0,3510,1896,0
1326,48395,16.278625,15.910467,11.661136,0.007458,4.791208,4.783944,0.007014,0.038500,0.010416,0.638000,2108,3392023,116181,0,2,0,2,0,0,0,0,0,0,5406,0,3510,1896,0
1327,48396,17.868541,17.508256,11.042993,0.007085,6.481876,5.316944,1.164765,0.048125,0.020792,1.320626,2072,3445883,116543,0,2,0,2,0,0,0,0,0,0,7208,0,4680,2528,0
1328,48397,15.986250,15.631712,10.892137,0.007416,4.757918,4.187902,0.569890,0.049292,0.011458,0.658000,2032,3383109,115587,0,2,0,2,0,0,0,0,0,0,5406,0,3510,1896,0
1329,48398,17.562167,17.206255,10.689266,0.006543,5.848835,4.911736,0.936848,0.052250,0.015458,1.290750,2042,3410434,118212,0,2,0,2,0,0,0,0,0,0,7223,0,4536,2687,0
1330,48399,15.243667,14.867913,12.499668,0.006453,2.425835,2.417069,0.008473,0.041458,0.010667,0.740125,2064,3827303,125934,0,2,0,2,0,0,0,0,0,0,5610,0,3654,1956,0
1331,48400,17.863041,17.481934,11.563913,0.007425,5.951457,4.983318,0.967765,0.049417,0.052333,0.845792,2081,3444892,117756,0,2,0,2,0,0,0,0,0,0,5406,0,3510,1896,0
1332,48401,15.833959,15.471754,11.280119,0.006668,4.161834,3.790402,0.371181,0.040208,0.050542,0.679000,2049,3401026,113191,0,2,0,2,0,0,0,0,0,0,7208,0,4680,2528,0
1333,48402,17.121083,16.752703,11.639137,0.007375,5.077209,4.395444,0.681348,0.046417,0.044375,0.923250,2068,3519198,120395,0,2,0,2,0,0,0,0,0,0,5406,0,3510,1896,0
1334,48403,16.504417,16.141986,11.100488,0.011910,5.032666,4.368110,0.664307,0.049083,0.019708,0.792958,2034,3392926,114719,0,2,0,2,0,0,0,0,0,0,5406,0,3510,1896,0
1335,48404,17.330750,16.964655,11.203366,0.006872,5.314332,4.559194,0.754848,0.081458,0.027625,0.466959,2055,3428698,116025,0,2,0,2,0,0,0,0,0,0,7208,0,4680,2528,0
1336,48405,18.479791,18.085765,15.004260,0.006204,0.000583,0.000000,0.000000,0.047334,0.018291,1.040208,2170,4418784,142695,0,2,0,2,0,0,0,0,0,0,5592,0,3510,2082,0
1337,48406,14.054875,13.635908,13.405820,0.007161,0.000499,0.000000,0.000000,0.053459,0.030250,0.676250,2290,3642519,124672,0,2,0,2,0,0,0,0,0,0,5406,0,3510,1896,0
1338,48407,16.706875,16.313062,12.712853,0.007090,3.570834,3.390361,0.180056,0.043000,0.019084,0.789917,2191,3574757,120288,0,2,0,2,0,0,0,0,0,0,7208,0,4680,2528,0
1339,48408,16.676667,16.267967,12.643478,0.007215,3.607999,3.495110,0.112556,0.065333,0.027000,0.447709,2240,3590030,122989,0,2,0,2,0,0,0,0,0,0,5406,0,3510,1896,0
1340,48409,16.612542,16.215608,12.117171,0.007832,4.083248,3.987818,0.095098,0.051708,0.040792,0.798249,2188,3534165,120539,0,2,0,2,0,0,0,0,0,0,5406,0,3510,1896,0
1341,48410,16.883500,16.487878,12.044977,0.006797,4.423416,3.963777,0.459306,0.043000,0.013833,1.107917,2165,3544697,119727,0,2,0,2,0,0,0,0,0,0,7208,0,4680,2528,0
1342,48411,17.126166,16.732539,12.292471,0.008082,4.460208,3.986402,0.473223,0.081459,0.058875,0.315208,2207,3538834,121625,0,2,0,2,0,0,0,0,0,0,5406,0,3510,1896,0
1343,48412,15.874625,15.473038,12.386260,0.007414,3.548334,3.533568,0.014265,0.058125,0.024834,0.953417,2112,3463377,118121,0,2,0,2,0,0,0,0,0,0,5406,0,3510,1896,0
1344,48413,17.009709,16.576886,11.983626,0.007581,4.571917,4.063944,0.507598,0.050500,0.021416,0.617084,2088,3458611,114992,0,2,0,2,0,0,0,0,0,0,7208,0,4680,2528,0
1345,48414,16.103750,15.735563,12.185751,0.006372,4.101251,4.097194,0.003723,0.055541,0.014792,1.252125,2087,3576164,121416,0,2,0,2,0,0,0,0,0,0,5406,0,3510,1896,0
1346,48415,17.967000,17.593791,11.602841,0.007509,6.014332,5.025110,0.988973,0.050333,0.013750,0.611125,2145,3461540,119078,0,2,0,2,0,0,0,0,0,0,5406,0,3510,1896,0
1347,48416,15.706625,15.347733,10.624697,0.006377,4.753669,4.170736,0.582598,0.041541,0.012042,0.913583,2064,3418920,117938,0,2,0,2,0,0,0,0,0,0,7367,0,4680,2687,0
1348,48417,17.140333,16.777119,11.945661,0.007081,4.591042,4.056027,0.534473,0.039292,0.015958,1.226750,2085,3732054,128550,0,2,0,2,0,0,0,0,0,0,5406,0,3510,1896,0
1349,48418,16.031625,15.633299,12.739175,0.007549,2.633916,2.633360,0.000057,0.048917,0.020541,0.795792,2140,3811988,128045,0,2,0,2,0,0,0,0,0,0,5711,0,3510,2201,0
1350,48419,16.854958,16.476881,12.853621,0.006923,3.522750,3.364611,0.157681,0.054917,0.035708,1.116833,2071,4047949,134735,0,2,0,2,0,0,0,0,0,0,7208,0,4680,2528,0
1351,48420,17.568500,17.184877,11.687889,0.007416,5.508543,4.672444,0.835848,0.065750,0.051667,0.610000,2086,3432275,118206,0,2,0,2,0,0,0,0,0,0,5406,0,3510,1896,0
1352,48421,16.115750,15.734777,11.417432,0.006795,4.306291,3.884068,0.421932,0.039500,0.016209,1.293375,2068,3380887,114880,0,2,0,2,0,0,0,0,0,0,5406,0,3510,1896,0
1353,48422,16.377792,15.986190,12.469295,0.007121,3.506626,3.351736,0.154598,0.047917,0.023791,0.613416,2205,3708983,126500,0,2,0,2,0,0,0,0,0,0,7208,0,4680,2528,0
1354,48423,16.813667,16.428023,11.830642,0.007123,4.612418,4.344944,0.267181,0.044708,0.014750,0.740708,2218,3635643,126277,0,2,0,2,0,0,0,0,0,0,5406,0,3510,1896,0
1355,48424,17.026750,16.633954,11.908237,0.006914,4.745041,4.175235,0.569557,0.054000,0.019375,0.607500,2259,3589692,123710,0,2,0,2,0,0,0,0,0,0,5406,0,3510,1896,0
1356,48425,16.055833,15.665587,12.191030,0.007293,3.640666,3.631361,0.008973,0.060958,0.060625,0.910749,2211,3592699,121130,0,2,0,2,0,0,0,0,0,0,7208,0,4680,2528,0
1357,48426,17.430167,17.062457,11.847918,0.006911,5.211624,4.489694,0.721598,0.053458,0.027167,0.896709,2112,3552339,121965,0,2,0,2,0,0,0,0,0,0,5406,0,3510,1896,0
1358,48427,16.373583,15.995290,11.629132,0.007342,4.213583,4.073568,0.139557,0.044125,0.018167,0.450208,2137,3452248,117980,0,2,0,2,0,0,0,0,0,0,5406,0,3510,1896,0
1359,48428,16.849292,16.459807,11.900459,0.007037,4.494624,3.996069,0.498306,0.045625,0.017666,1.307958,2204,3590798,121553,0,2,0,2,0,0,0,0,0,0,7208,0,4680,2528,0
1360,48429,16.350375,15.958524,12.206910,0.007367,3.775626,3.529110,0.246223,0.048291,0.018667,0.802708,2206,3649131,126363,0,2,0,2,0,0,0,0,0,0,5406,0,3510,1896,0
1361,48430,16.913750,16.483897,12.383614,0.007082,4.109625,3.755152,0.354098,0.050583,0.034375,0.816791,2278,3607926,124991,0,2,0,2,0,0,0,0,0,0,5406,0,3510,1896,0
1362,48431,16.624041,16.229446,11.977077,0.006837,4.259042,3.855986,0.402764,0.058042,0.044833,0.506959,2204,3583565,121382,0,2,0,2,0,0,0,0,0,0,7208,0,4680,2528,0
1363,48432,16.869667,16.499614,11.755134,0.006788,4.746751,4.162652,0.583848,0.054417,0.017750,0.777542,2117,3500864,120520,0,2,0,2,0,0,0,0,0,0,5406,0,3510,1896,0
1364,48433,16.688542,16.317724,11.045103,0.010038,5.269167,4.514735,0.754223,0.043083,0.012250,1.299042,2122,3450634,117582,0,2,0,2,0,0,0,0,0,0,5406,0,3510,1896,0
1365,48434,16.627208,16.226452,12.057229,0.006921,3.989501,3.660652,0.328431,0.046625,0.012458,0.332458,2225,3617584,122930,0,2,0,2,0,0,0,0,0,0,7208,0,4680,2528,0
1366,48435,16.588417,16.191565,12.200616,0.007165,4.017583,3.689277,0.328098,0.043458,0.015042,1.235000,2231,3627476,126092,0,2,0,2,0,0,0,0,0,0,5406,0,3510,1896,0
1367,48436,129.267458,128.848475,13.940726,0.006214,0.000458,0.000000,0.000000,0.138333,0.015959,6.978876,2325,3678553,127447,0,2,0,2,0,0,0,0,0,0,5406,0,3510,1896,0
1368,48437,12.970583,12.562947,12.469157,0.006698,0.000625,0.000000,0.000000,0.053084,0.015958,0.780417,2247,3669412,124330,0,2,0,2,0,0,0,0,0,0,7208,0,4680,2528,0
1369,48438,12.391125,12.000803,12.027689,0.007120,0.000333,0.000000,0.000000,0.046417,0.013000,0.610292,2170,3627732,125513,0,2,0,2,0,0,0,0,0,0,5406,0,3510,1896,0
1370,48439,12.570167,12.178842,12.197504,0.007628,0.000334,0.000000,0.000000,0.053917,0.014041,0.620291,2189,3525740,121185,0,4,0,4,0,0,0,0,0,0,5406,0,3510,1896,0
1371,48440,12.301875,11.916752,11.903398,0.006870,0.000332,0.000000,0.000000,0.041958,0.013167,0.292292,2140,3516355,120068,0,2,0,2,0,0,0,0,0,0,7208,0,4680,2528,0
1372,48441,12.747958,12.353510,12.351373,0.007335,0.000458,0.000000,0.000000,0.064375,0.021584,0.805458,2159,3535811,122771,0,2,0,2,0,0,0,0,0,0,5406,0,3510,1896,0
1373,48442,12.773917,12.371485,12.386116,0.007246,0.000375,0.000000,0.000000,0.065083,0.014334,0.298250,2215,3498314,121454,0,2,0,2,0,0,0,0,0,0,5406,0,3510,1896,0
1374,48443,11.786625,11.422809,11.449656,0.006958,0.000416,0.000000,0.000000,0.046292,0.016333,0.291458,2120,3481787,118919,0,2,0,2,0,0,0,0,0,0,7208,0,4680,2528,0
1375,48444,11.256375,10.884622,10.912804,0.007124,0.000167,0.000000,0.000000,0.039500,0.013250,0.606000,2161,3497976,121334,0,2,0,2,0,0,0,0,0,0,5406,0,3510,1896,0
1376,48445,11.271583,10.901304,10.928911,0.007288,0.000252,0.000000,0.000000,0.037042,0.010667,0.447208,2159,3453262,119365,0,2,0,2,0,0,0,0,0,0,5406,0,3510,1896,0
1377,48446,11.270292,10.904224,10.931367,0.006209,0.000251,0.000000,0.000000,0.037875,0.008958,0.459917,2139,3538873,120690,0,2,0,2,0,0,0,0,0,0,7208,0,4680,2528,0
1378,48447,11.071333,10.703083,10.731360,0.006427,0.000293,0.000000,0.000000,0.032167,0.007833,0.458375,2145,3477169,120411,0,2,0,2,0,0,0,0,0,0,5406,0,3510,1896,0
1379,48448,11.020875,10.658325,10.686193,0.006790,0.000251,0.000000,0.000000,0.031500,0.008792,0.471417,2108,3467301,119848,0,2,0,2,0,0,0,0,0,0,5406,0,3510,1896,0
1380,48449,10.811000,10.452614,10.478811,0.007041,0.000250,0.000000,0.000000,0.029709,0.007916,0.469959,2113,3534997,122385,0,2,0,2,0,0,0,0,0,0,7367,0,4680,2687,0
1381,48450,11.495584,11.123405,11.150689,0.006795,0.000166,0.000000,0.000000,0.031958,0.008458,0.446458,2172,3742476,127874,0,2,0,2,0,0,0,0,0,0,5569,0,3510,2059,0
1382,48451,11.229291,10.863975,10.883273,0.006497,0.000249,0.000000,0.000000,0.027750,0.007875,0.447416,2126,3664109,128370,0,2,0,2,0,0,0,0,0,0,7138,0,4536,2602,0
1383,48452,11.974125,11.608502,11.638377,0.007288,0.000249,0.000000,0.000000,0.032750,0.015834,0.292291,2149,3852027,130026,0,2,0,2,0,0,0,0,0,0,5610,0,3654,1956,0
1384,48453,10.620292,10.272278,10.297493,0.006752,0.000250,0.000000,0.000000,0.029333,0.008209,0.508333,2033,3380418,115189,0,2,0,2,0,0,0,0,0,0,5406,0,3510,1896,0
1385,48454,10.801750,10.449594,10.476030,0.006794,0.000250,0.000000,0.000000,0.036542,0.011625,0.896875,2052,3423964,115183,0,2,0,2,0,0,0,0,0,0,7208,0,4680,2528,0
1386,48455,13.849333,13.491070,10.804268,0.006737,2.820876,2.820611,0.000056,0.032167,0.009333,0.452750,2087,3454558,118951,0,2,0,2,0,0,0,0,0,0,5406,0,3510,1896,0
1387,48456,19.379042,19.024586,10.785910,0.006457,7.164459,5.789777,1.374431,0.037458,0.010667,0.909084,2026,3379756,113944,0,2,0,2,0,0,0,0,0,0,5406,0,3510,1896,0
1388,48457,13.921250,13.531800,12.914390,0.007089,1.449542,1.449207,0.000126,0.043708,0.012500,0.446583,2076,3448803,116189,0,2,0,2,0,0,0,0,0,0,7208,0,4680,2528,0
1389,48458,17.941750,17.572689,11.460227,0.007459,6.155834,5.110986,1.044639,0.038292,0.011166,1.050875,2079,3470102,119552,0,2,0,2,0,0,0,0,0,0,5406,0,3510,1896,0
1390,48459,15.826958,15.432762,11.698349,0.007159,3.771082,3.527986,0.242889,0.034834,0.010750,0.449125,2071,3399347,116367,0,2,0,2,0,0,0,0,0,0,5406,0,3510,1896,0
1391,48460,17.092667,16.706237,11.513879,0.007164,5.229125,4.498652,0.730223,0.032708,0.010667,1.073709,2054,3409974,114010,0,2,0,2,0,0,0,0,0,0,7208,0,4680,2528,0
1392,48461,16.383667,15.986096,12.033005,0.007576,3.987751,3.674028,0.313389,0.046416,0.011375,0.632542,2075,3454627,118630,0,2,0,2,0,0,0,0,0,0,5406,0,3510,1896,0
1393,48462,16.675041,16.291058,11.357925,0.006831,4.967957,4.324444,0.643264,0.033375,0.010167,0.941250,2053,3415339,118783,0,2,0,2,0,0,0,0,0,0,5565,0,3510,2055,0
1394,48463,16.450375,16.051723,12.432947,0.006630,3.649001,3.447694,0.201015,0.037000,0.011417,0.314375,2061,3670100,122909,0,2,0,2,0,0,0,0,0,0,7208,0,4680,2528,0
1395,48464,17.244542,16.854550,11.568978,0.007203,5.322501,4.563653,0.758681,0.038125,0.013208,1.076876,2062,3471971,120572,0,2,0,2,0,0,0,0,0,0,5406,0,3510,1896,0
1396,48465,16.787333,16.395348,12.694271,0.007456,3.668292,3.460236,0.207806,0.044709,0.011625,1.067166,2067,3403950,116751,0,2,0,2,0,0,0,0,0,0,5406,0,3510,1896,0
1397,48466,16.250209,15.856650,12.043266,0.007363,3.859333,3.583194,0.275931,0.039625,0.016375,0.375000,2071,3432261,116754,0,2,0,2,0,0,0,0,0,0,7208,0,4680,2528,0
1398,48467,17.011333,16.623056,12.015370,0.007038,4.637168,4.106528,0.530472,0.049583,0.013667,0.892167,2078,3455152,120153,0,2,0,2,0,0,0,0,0,0,5406,0,3510,1896,0
1399,48468,16.478333,16.087532,11.812474,0.007128,4.309958,3.885236,0.424514,0.042084,0.013583,0.447000,2066,3382544,116709,0,2,0,2,0,0,0,0,0,0,5406,0,3510,1896,0
1400,48469,16.701167,16.315475,11.839217,0.007174,4.496666,4.009610,0.486806,0.040083,0.012334,0.787375,2048,3393294,114452,0,2,0,2,0,0,0,0,0,0,7208,0,4680,2528,0
1401,48470,16.665375,16.273022,12.180849,0.007463,4.120667,3.761153,0.359264,0.060292,0.020708,0.289167,2062,3467253,118515,0,2,0,2,0,0,0,0,0,0,5406,0,3510,1896,0
1402,48471,16.781458,16.389467,11.786976,0.007671,4.632960,4.104194,0.528473,0.046709,0.015750,1.244833,2123,3444300,119649,0,2,0,2,0,0,0,0,0,0,5406,0,3510,1896,0
1403,48472,16.666375,16.281840,11.495154,0.007376,4.821209,4.229694,0.591306,0.034209,0.010625,0.611041,2043,3382049,114580,0,2,0,2,0,0,0,0,0,0,7208,0,4680,2528,0
1404,48473,16.633084,16.239106,11.863983,0.007579,4.411041,3.955653,0.455222,0.042583,0.014917,1.039208,2061,3441013,118591,0,2,0,2,0,0,0,0,0,0,5406,0,3510,1896,0
1405,48474,16.900958,16.513395,11.719195,0.007037,4.827249,4.232861,0.594181,0.050708,0.013542,1.221834,2124,3420560,118751,0,2,0,2,0,0,0,0,0,0,5406,0,3510,1896,0
1406,48475,16.487750,16.106282,11.636577,0.007084,4.503625,4.017569,0.485765,0.034833,0.010959,0.607625,2037,3372533,114090,0,2,0,2,0,0,0,0,0,0,7208,0,4680,2528,0
1407,48476,16.131250,15.737568,11.851817,0.007168,3.981208,3.980903,0.000097,0.040167,0.013916,0.940876,2080,3441066,119639,0,2,0,2,0,0,0,0,0,0,5406,0,3510,1896,0
1408,48477,17.595917,17.191777,11.302024,0.007712,5.939334,4.974736,0.964431,0.034375,0.010375,0.611458,2073,3375476,116120,0,2,0,2,0,0,0,0,0,0,5406,0,3510,1896,0
1409,48478,16.032916,15.636600,11.480586,0.007419,4.197000,3.812944,0.383848,0.029709,0.010500,1.061167,2063,3403587,115302,0,2,0,2,0,0,0,0,0,0,7208,0,4680,2528,0
1410,48479,16.816250,16.408575,12.691786,0.008043,4.205542,4.204111,0.000931,0.063084,0.025500,0.290833,2081,3443025,119538,0,2,0,2,0,0,0,0,0,0,5406,0,3510,1896,0
1411,48480,17.069250,16.678838,12.241686,0.007665,4.463168,3.990986,0.471973,0.053500,0.014084,0.940292,2095,3377034,116370,0,2,0,2,0,0,0,0,0,0,5406,0,3510,1896,0
1412,48481,16.400209,16.011314,11.928814,0.007255,4.115251,3.756319,0.358640,0.044583,0.013708,1.248459,2040,3383945,114235,0,2,0,2,0,0,0,0,0,0,7208,0,4680,2528,0
1413,48482,16.857041,16.465916,12.141044,0.007166,4.361250,3.921986,0.439014,0.052084,0.013291,0.623208,2073,3460622,121166,0,2,0,2,0,0,0,0,0,0,5406,0,3510,1896,0
1414,48483,16.219459,15.820019,12.077719,0.007083,4.134001,4.113236,0.020348,0.055250,0.021916,0.973792,2081,3361801,116574,0,2,0,2,0,0,0,0,0,0,5406,0,3510,1896,0
1415,48484,17.521791,17.174742,11.247230,0.007337,5.945791,4.978944,0.966556,0.056834,0.013791,0.614250,2046,3391070,115838,0,2,0,2,0,0,0,0,0,0,7208,0,4680,2528,0
1416,48485,15.798084,15.426689,11.933419,0.006745,4.095419,4.094903,0.000181,0.046125,0.013958,1.225417,2063,3408084,118144,0,2,0,2,0,0,0,0,0,0,5406,0,3510,1896,0
1417,48486,16.672375,16.302778,11.666482,0.007499,5.039583,5.039027,0.000056,0.056791,0.011709,0.636375,2118,3394866,117905,0,2,0,2,0,0,0,0,0,0,5406,0,3510,1896,0
1418,48487,17.589416,17.227570,11.314911,0.007126,5.918917,4.960860,0.957765,0.043875,0.011500,0.931708,2034,3374797,114793,0,2,0,2,0,0,0,0,0,0,7208,0,4680,2528,0
1419,48488,16.241917,15.879261,11.399043,0.007169,4.510792,4.022861,0.487597,0.044125,0.034833,0.613500,2089,3437053,120008,0,2,0,2,0,0,0,0,0,0,5406,0,3510,1896,0
1420,48489,17.196750,16.821047,11.187875,0.007339,5.645333,4.760569,0.884514,0.040917,0.010750,0.929208,2104,3382465,117097,0,2,0,2,0,0,0,0,0,0,5406,0,3510,1896,0
1421,48490,16.064167,15.711105,10.846710,0.007714,4.888960,4.275444,0.613306,0.052541,0.014584,1.006084,2049,3382028,113470,0,2,0,2,0,0,0,0,0,0,7208,0,4680,2528,0
1422,48491,16.852291,16.469243,11.828507,0.007331,4.662333,4.238236,0.423764,0.045209,0.018916,0.660458,2099,3476711,121612,0,2,0,2,0,0,0,0,0,0,5406,0,3510,1896,0
1423,48492,16.920459,16.542380,11.590216,0.007662,4.933750,4.292652,0.640848,0.062000,0.016041,1.300500,2096,3361810,116592,0,2,0,2,0,0,0,0,0,0,5406,0,3510,1896,0
1424,48493,16.272625,15.909603,11.271969,0.007337,4.631250,4.103777,0.527223,0.041458,0.014083,0.632000,2047,3384963,114788,0,2,0,2,0,0,0,0,0,0,7208,0,4680,2528,0
1425,48494,16.859416,16.480599,12.031333,0.006873,4.483458,4.001986,0.481014,0.053042,0.013875,0.920916,2177,3582301,125578,0,2,0,2,0,0,0,0,0,0,5406,0,3510,1896,0
1426,48495,16.616625,16.228072,12.035875,0.007205,4.059168,3.763361,0.295473,0.052167,0.013458,0.308333,2195,3487926,121270,0,2,0,2,0,0,0,0,0,0,7447,0,3510,3937,0
1427,48496,17.047500,16.673694,11.958624,0.007409,4.731500,4.169985,0.561181,0.044292,0.011375,0.960625,2116,3510407,120753,0,2,0,2,0,0,0,0,0,0,7208,0,4680,2528,0
1428,48497,16.179500,15.808594,11.567020,0.006627,4.267499,3.859569,0.407597,0.049459,0.016375,1.290999,2119,3490394,121153,0,2,0,2,0,0,0,0,0,0,5406,0,3510,1896,0
1429,48498,16.759875,16.379250,11.861184,0.007253,4.546499,4.305111,0.241139,0.048167,0.012000,0.611917,2155,3512348,122489,0,2,0,2,0,0,0,0,0,0,5406,0,3510,1896,0
1430,48499,16.839959,16.452796,11.647768,0.007375,4.843583,4.244694,0.598681,0.043125,0.052875,1.017292,2150,3527394,121095,0,2,0,2,0,0,0,0,0,0,7208,0,4680,2528,0
1431,48500,16.709416,16.327254,11.562583,0.007165,4.754333,4.185278,0.568722,0.047417,0.017792,0.625958,2122,3472036,120654,0,2,0,2,0,0,0,0,0,0,5406,0,3510,1896,0
1432,48501,16.982167,16.604387,11.573586,0.007122,4.976417,4.333861,0.642223,0.063208,0.047209,1.272333,2107,3469671,120625,0,2,0,2,0,0,0,0,0,0,5406,0,3510,1896,0
1433,48502,16.156792,15.788416,11.740617,0.007044,4.049167,3.715360,0.333598,0.047541,0.011625,0.609167,2151,3547980,121823,0,2,0,2,0,0,0,0,0,0,7208,0,4680,2528,0
1434,48503,16.369625,15.991579,11.483209,0.007249,4.567916,4.567611,0.000097,0.037416,0.018625,0.941250,2131,3465889,120714,0,2,0,2,0,0,0,0,0,0,5406,0,3510,1896,0
1435,48504,17.533166,17.170120,11.608054,0.007041,5.582167,4.719736,0.862139,0.053667,0.012542,1.238875,2097,3461134,119448,0,2,0,2,0,0,0,0,0,0,7004,0,4536,2468,0
1436,48505,15.812750,15.434799,11.737059,0.007919,3.773750,3.741694,0.031806,0.044292,0.016542,0.611750,2128,3514790,121455,0,2,0,2,0,0,0,0,0,0,5610,0,3654,1956,0
1437,48506,17.546584,17.174123,11.344083,0.007210,5.850124,4.905444,0.944472,0.036791,0.011709,1.250083,2154,3491019,121681,0,2,0,2,0,0,0,0,0,0,5406,0,3510,1896,0
1438,48507,16.230333,15.868611,11.119415,0.007208,4.759207,4.188652,0.570306,0.048458,0.013792,0.638166,2088,3445688,117985,0,2,0,2,0,0,0,0,0,0,7208,0,4680,2528,0
1439,48508,16.930750,16.548371,11.620870,0.007207,4.953667,4.314610,0.638723,0.046375,0.013708,1.323625,2157,3502450,122553,0,2,0,2,0,0,0,0,0,0,5406,0,3510,1896,0
1440,48509,16.602042,16.229949,11.321908,0.007663,4.936667,4.305111,0.631347,0.040958,0.011833,0.636875,2102,3454691,120127,0,2,0,2,0,0,0,0,0,0,5406,0,3510,1896,0
1441,48510,16.702291,16.351397,10.896004,0.007256,5.342667,4.552361,0.790098,0.051084,0.021291,1.011417,1973,3274969,109809,0,2,0,2,0,0,0,0,0,0,7208,0,4680,2528,0
1442,48511,16.098125,15.743721,12.156191,0.007043,4.241333,4.240985,0.000098,0.046334,0.017541,0.672583,2015,3360836,117642,0,2,0,2,0,0,0,0,0,0,5406,0,3510,1896,0
1443,48512,17.810334,17.451776,11.169554,0.007706,6.302082,5.213819,1.087847,0.050958,0.026167,1.033833,1999,3260064,113458,0,2,0,2,0,0,0,0,0,0,5406,0,3510,1896,0
1444,48513,16.125875,15.788721,10.516770,0.007545,5.292208,4.541111,0.750806,0.047833,0.012333,1.305042,1949,3253446,110452,0,2,0,2,0,0,0,0,0,0,7208,0,4680,2528,0
1445,48514,16.845125,16.488709,11.175189,0.006998,5.336417,4.572735,0.763431,0.050416,0.015375,0.652084,2030,3339795,116722,0,2,0,2,0,0,0,0,0,0,5406,0,3510,1896,0
1446,48515,16.844416,16.499654,10.857954,0.007553,5.669582,4.793861,0.875472,0.043209,0.015166,1.307625,1993,3260556,113237,0,2,0,2,0,0,0,0,0,0,5406,0,3510,1896,0
1447,48516,16.380625,16.036317,10.731239,0.007045,5.340583,4.566861,0.773473,0.041084,0.010458,0.611167,1963,3266171,111444,0,2,0,2,0,0,0,0,0,0,7208,0,4680,2528,0
1448,48517,16.834917,16.476283,11.209628,0.006888,5.298876,4.546777,0.751640,0.046583,0.017542,0.932959,2017,3315071,115288,0,2,0,2,0,0,0,0,0,0,5406,0,3510,1896,0
1449,48518,16.703042,16.344059,10.927061,0.006952,5.435292,4.637028,0.798056,0.046583,0.012208,0.638042,2062,3288714,114358,0,2,0,2,0,0,0,0,0,0,5406,0,3510,1896,0
1450,48519,16.443583,16.102047,10.616630,0.007541,5.341376,4.823277,0.517848,0.040208,0.009625,0.947834,1949,3199070,108652,0,2,0,2,0,0,0,0,0,0,7208,0,4680,2528,0
1451,48520,16.385958,16.018487,12.133300,0.007339,3.911250,3.621110,0.289890,0.054584,0.048541,0.787000,2016,3943814,137021,0,2,0,2,0,0,0,0,0,0,5406,0,3510,1896,0
1452,48521,17.181459,16.807346,11.057972,0.007290,5.731543,4.834861,0.896306,0.054625,0.037208,1.342708,2018,3224336,111799,0,2,0,2,0,0,0,0,0,0,5406,0,3510,1896,0
1453,48522,16.544166,16.186012,11.071384,0.008084,4.962707,4.322152,0.640223,0.048125,0.011625,1.085000,1996,3265240,111250,0,2,0,2,0,0,0,0,0,0,7208,0,4680,2528,0
1454,48523,16.690834,16.320248,11.612455,0.007827,4.730501,4.167777,0.562390,0.058250,0.013708,0.654750,1988,3310344,115327,0,2,0,2,0,0,0,0,0,0,5406,0,3510,1896,0
1455,48524,16.920416,16.568176,10.742282,0.007042,5.843501,4.911528,0.931597,0.048875,0.011584,1.299209,1988,3201881,110520,0,2,0,2,0,0,0,0,0,0,5406,0,3510,1896,0
1456,48525,15.894459,15.529204,12.272047,0.007455,3.603709,3.598402,0.004848,0.041583,0.011875,0.291209,1947,3221779,109325,0,2,0,2,0,0,0,0,0,0,7208,0,4680,2528,0
1457,48526,20.696958,20.356478,11.578255,0.006959,6.499710,5.347027,1.152473,0.047792,0.012083,0.941376,1965,3248789,112921,0,2,0,2,0,0,0,0,0,0,5406,0,3510,1896,0
1458,48527,12.702417,12.352859,12.305074,0.007207,0.862209,0.861611,0.000097,0.039875,0.019250,0.289500,1938,3285279,112973,0,2,0,2,0,0,0,0,0,0,5406,0,3510,1896,0
1459,48528,17.862166,17.555246,9.585024,0.008131,7.961459,6.323069,1.638056,0.041584,0.012750,1.043834,1729,2956603,98438,0,2,0,2,0,0,0,0,0,0,7471,0,4680,2791,0
1460,48529,15.965167,15.613899,11.657987,0.007217,3.954583,3.641652,0.312556,0.058042,0.022083,0.940083,1913,3347119,112524,0,2,0,2,0,0,0,0,0,0,5406,0,3510,1896,0
1461,48530,16.499667,16.169972,10.746044,0.008501,5.626458,5.625944,0.000097,0.052125,0.062708,0.700958,1803,2943405,99286,0,2,0,2,0,0,0,0,0,0,5406,0,3510,1896,0
1462,48531,16.338291,16.019324,10.272984,0.007877,5.912999,5.912652,0.000139,0.052625,0.017084,1.447458,1787,2967566,97925,0,2,0,2,0,0,0,0,0,0,7208,0,4680,2528,0
1463,48532,18.330000,18.002282,10.099661,0.007000,7.910001,6.288652,1.621140,0.042709,0.010875,0.655416,1864,3052365,102538,0,2,0,2,0,0,0,0,0,0,5406,0,3510,1896,0
1464,48533,15.735250,15.398286,9.940735,0.007672,5.459334,4.796736,0.662306,0.041459,0.014458,0.937333,1876,3020242,101439,0,2,0,2,0,0,0,0,0,0,5406,0,3510,1896,0
1465,48534,17.363959,17.043793,9.756357,0.008199,7.285625,5.873194,1.412181,0.040083,0.012000,1.279958,1802,2991064,97938,0,2,0,2,0,0,0,0,0,0,7208,0,4680,2528,0
1466,48535,16.398375,16.066443,10.169393,0.007088,5.901168,4.932652,0.968348,0.054291,0.014875,0.615083,1886,3057223,102575,0,2,0,2,0,0,0,0,0,0,5406,0,3510,1896,0
1467,48536,16.152166,15.826057,10.119150,0.007380,5.736917,5.154528,0.582056,0.045750,0.016000,1.251042,1819,2998987,100264,0,2,0,2,0,0,0,0,0,0,5406,0,3510,1896,0
1468,48537,17.598875,17.276721,10.133477,0.011035,7.160125,5.788319,1.371431,0.051209,0.016083,0.627625,1838,3040535,100361,0,2,0,2,0,0,0,0,0,0,7208,0,4680,2528,0
1469,48538,16.124750,15.791999,9.976151,0.007790,5.824708,4.898902,0.925515,0.049834,0.011625,1.318208,1877,3033883,102102,0,2,0,2,0,0,0,0,0,0,5406,0,3510,1896,0
1470,48539,16.320375,15.990945,9.821587,0.007543,6.199375,5.666653,0.532514,0.039834,0.011833,0.643834,1835,2966863,99607,0,2,0,2,0,0,0,0,0,0,5406,0,3510,1896,0
1471,48540,17.568750,17.255554,9.689262,0.008337,7.594626,6.079111,1.515348,0.039500,0.012667,0.938833,1758,2959656,97113,0,2,0,2,0,0,0,0,0,0,7208,0,4680,2528,0
1472,48541,16.123250,15.792115,10.125053,0.007418,5.683415,4.804527,0.878723,0.045917,0.018208,0.611375,1884,3056152,103180,0,2,0,2,0,0,0,0,0,0,5406,0,3510,1896,0
1473,48542,17.113000,16.785335,10.043412,0.007541,6.764208,5.523444,1.240597,0.038709,0.018541,0.927750,1850,2980025,100107,0,2,0,2,0,0,0,0,0,0,5406,0,3510,1896,0
1474,48543,16.303584,15.992067,9.847314,0.007955,6.163791,5.120486,1.043056,0.049125,0.017333,1.238958,1787,2975660,97682,0,2,0,2,0,0,0,0,0,0,7208,0,4680,2528,0
1475,48544,16.881083,16.552019,10.129670,0.008293,6.453208,5.312569,1.140390,0.044375,0.013500,0.610958,1868,3049525,102416,0,2,0,2,0,0,0,0,0,0,5406,0,3510,1896,0
1476,48545,15.659958,15.323371,10.921779,0.007761,5.160084,5.159444,0.000264,0.051834,0.043625,0.651042,1897,3007548,101381,0,2,0,2,0,0,0,0,0,0,5406,0,3510,1896,0
1477,48546,18.244917,17.930425,9.786761,0.007757,8.151668,6.450444,1.701014,0.043667,0.009333,0.603583,1797,2965837,97828,0,2,0,2,0,0,0,0,0,0,7208,0,4680,2528,0
1478,48547,15.565292,15.234268,9.949677,0.007454,5.314793,4.803902,0.510681,0.039416,0.018750,0.939916,1871,3026148,102027,0,2,0,2,0,0,0,0,0,0,5406,0,3510,1896,0
1479,48548,17.618541,17.291422,9.994133,0.007666,7.322585,5.897653,1.424597,0.049250,0.013375,0.641583,1858,2963824,99521,0,2,0,2,0,0,0,0,0,0,5406,0,3510,1896,0
1480,48549,16.205042,15.863132,10.040840,0.007952,5.844207,4.911152,0.932764,0.042292,0.018208,0.906958,1854,3033521,100646,0,2,0,2,0,0,0,0,0,0,7208,0,4680,2528,0
1481,48550,16.976833,16.657432,9.744205,0.007711,6.926167,5.633319,1.292681,0.037875,0.010500,1.313625,1844,2970992,100169,0,2,0,2,0,0,0,0,0,0,5406,0,3510,1896,0
1482,48551,16.554417,16.226764,9.627402,0.007921,6.616166,5.426903,1.188847,0.041458,0.011750,0.627750,1874,2945332,99322,0,2,0,2,0,0,0,0,0,0,5406,0,3510,1896,0
1483,48552,16.687708,16.368856,9.702310,0.008379,6.684457,5.469694,1.214473,0.039500,0.011417,0.924584,1798,2994839,98860,0,2,0,2,0,0,0,0,0,0,7208,0,4680,2528,0
1484,48553,16.718500,16.396897,9.764457,0.008041,6.639251,5.438569,1.200473,0.042375,0.011709,0.635500,1838,2972035,100312,0,2,0,2,0,0,0,0,0,0,5406,0,3510,1896,0
1485,48554,15.888292,15.559761,9.894042,0.008917,5.670166,5.333111,0.336806,0.047125,0.050625,1.273834,1860,2940325,99141,0,2,0,2,0,0,0,0,0,0,5406,0,3510,1896,0
1486,48555,17.906875,17.584050,9.883497,0.006790,7.686375,6.135819,1.550348,0.044000,0.015125,0.611042,1844,3014343,100040,0,2,0,2,0,0,0,0,0,0,7208,0,4680,2528,0
1487,48556,16.109458,15.792546,9.622095,0.007291,6.199125,5.146819,1.052140,0.041542,0.010250,0.934041,1797,2940322,98670,0,2,0,2,0,0,0,0,0,0,5406,0,3510,1896,0
1488,48557,16.834042,16.512831,9.763930,0.007623,6.759625,5.521903,1.237556,0.041417,0.013750,0.639666,1844,2947295,98214,0,2,0,2,0,0,0,0,0,0,7004,0,4536,2468,0
1489,48558,15.534292,15.210516,10.025816,0.008253,5.395917,5.395402,0.000223,0.041666,0.009917,1.215833,1821,2980281,100371,0,2,0,2,0,0,0,0,0,0,5610,0,3654,1956,0
1490,48559,18.401083,18.057260,9.892739,0.008086,8.153751,6.435069,1.718223,0.047250,0.012792,0.918334,1802,2916556,98485,0,2,0,2,0,0,0,0,0,0,5406,0,3510,1896,0
1491,48560,15.887000,15.574769,9.695901,0.008580,5.908416,4.952861,0.955347,0.047667,0.014583,0.609458,1795,2905883,95868,0,2,0,2,0,0,0,0,0,0,7208,0,4680,2528,0
1492,48561,17.400542,17.066780,10.095640,0.008092,6.916417,5.626486,1.289264,0.070791,0.014167,1.233250,1853,2971615,101285,0,2,0,2,0,0,0,0,0,0,5406,0,3510,1896,0
1493,48562,16.191583,15.861158,9.626924,0.008212,6.257208,5.185819,1.071140,0.044375,0.012458,0.616958,1762,2855666,96837,0,2,0,2,0,0,0,0,0,0,5406,0,3510,1896,0
1494,48563,16.772250,16.448242,9.717231,0.007818,6.759666,5.505528,1.253889,0.040083,0.015459,0.914958,1787,2868446,95503,0,2,0,2,0,0,0,0,0,0,7208,0,4680,2528,0
1495,48564,16.701958,16.388257,9.527599,0.007792,6.884583,5.602111,1.282264,0.045292,0.036042,0.611875,1779,2907882,98776,0,2,0,2,0,0,0,0,0,0,5406,0,3510,1896,0
1496,48565,16.643542,16.293469,9.563964,0.007327,6.746916,5.508610,1.238098,0.049333,0.012459,0.962208,1778,2873954,97928,0,2,0,2,0,0,0,0,0,0,5406,0,3510,1896,0
1497,48566,15.991167,15.682251,9.368115,0.008123,6.333458,5.816819,0.516431,0.051208,0.012500,0.612708,1775,2846450,95109,0,2,0,2,0,0,0,0,0,0,7208,0,4680,2528,0
1498,48567,17.924625,17.607614,9.525309,0.008293,8.097168,6.410444,1.686473,0.045916,0.016500,1.228583,1766,2865624,97770,0,2,0,2,0,0,0,0,0,0,5406,0,3510,1896,0
1499,48568,15.951166,15.630005,9.444836,0.008337,6.182625,5.138402,1.044098,0.045750,0.011042,1.381917,1725,2821113,95632,0,2,0,2,0,0,0,0,0,0,5406,0,3510,1896,0
1500,48569,17.015834,16.685229,9.625280,0.008502,7.082709,5.737861,1.344597,0.055708,0.020042,0.716667,1769,2837645,94778,0,2,0,2,0,0,0,0,0,0,7208,0,4680,2528,0
1501,48570,16.834000,16.513910,9.821598,0.008791,6.688459,5.474152,1.213931,0.051458,0.014708,1.307541,1770,2867625,97722,0,2,0,2,0,0,0,0,0,0,5406,0,3510,1896,0
1502,48571,16.440625,16.133406,9.244983,0.007166,6.911458,5.622777,1.288390,0.032041,0.010209,0.608667,1752,2824449,96212,0,2,0,2,0,0,0,0,0,0,5406,0,3510,1896,0
1503,48572,16.667583,16.353624,8.927090,0.007997,7.461375,5.989986,1.471222,0.030500,0.011417,0.788541,1721,2804045,93111,0,2,0,2,0,0,0,0,0,0,7208,0,4680,2528,0
1504,48573,16.722708,16.408221,9.450481,0.008583,6.978543,5.667986,1.310264,0.039250,0.012084,0.610834,1817,2901817,99300,0,2,0,2,0,0,0,0,0,0,5406,0,3510,1896,0
1505,48574,16.726042,16.425788,9.027680,0.008035,7.416543,5.960194,1.456140,0.040458,0.009167,1.298834,1728,2798624,95278,0,2,0,2,0,0,0,0,0,0,5406,0,3510,1896,0
1506,48575,16.555833,16.250515,8.834155,0.007156,7.436207,5.973736,1.462222,0.031709,0.012125,1.312708,1742,2805386,93481,0,2,0,2,0,0,0,0,0,0,7208,0,4680,2528,0
1507,48576,16.849792,16.540930,9.259774,0.007786,7.288210,5.863069,1.424848,0.041750,0.011000,0.656500,1759,2864109,97727,0,2,0,2,0,0,0,0,0,0,5406,0,3510,1896,0
1508,48577,16.585208,16.273346,9.121831,0.007460,7.141167,5.776444,1.364473,0.030375,0.008625,1.308958,1761,2823235,96419,0,2,0,2,0,0,0,0,0,0,5406,0,3510,1896,0
1509,48578,16.763584,16.463437,9.171202,0.007334,7.309042,5.888028,1.420806,0.033541,0.036167,0.668916,1739,2796032,93423,0,2,0,2,0,0,0,0,0,0,7208,0,4680,2528,0
1510,48579,15.837333,15.521666,9.391384,0.008131,6.132126,5.700902,0.430973,0.044542,0.011666,0.987208,1778,2850200,97402,0,2,0,2,0,0,0,0,0,0,5406,0,3510,1896,0
1511,48580,17.932750,17.632673,8.970002,0.008627,8.682249,6.803610,1.878306,0.032208,0.014750,0.655334,1723,2803330,95280,0,2,0,2,0,0,0,0,0,0,5406,0,3510,1896,0
1512,48581,16.059833,15.762337,8.989422,0.008039,6.800500,5.549903,1.250472,0.035042,0.011917,1.338750,1698,2800347,93697,0,2,0,2,0,0,0,0,0,0,7208,0,4680,2528,0
1513,48582,16.910125,16.601853,9.209558,0.008042,7.407958,5.953111,1.454639,0.041917,0.008292,1.305125,1774,2847359,97341,0,2,0,2,0,0,0,0,0,0,5406,0,3510,1896,0
1514,48583,16.699417,16.393209,9.037233,0.007547,7.368917,5.924485,1.444140,0.031000,0.008292,0.670166,1736,2798932,95525,0,2,0,2,0,0,0,0,0,0,5406,0,3510,1896,0
1515,48584,16.541833,16.251914,8.906566,0.008421,7.374584,5.927528,1.446889,0.035209,0.014291,1.306000,1670,2788692,92673,0,2,0,2,0,0,0,0,0,0,7208,0,4680,2528,0
1516,48585,15.537917,15.214692,10.364932,0.007583,5.007124,5.005861,0.000931,0.046292,0.012083,0.291333,1812,2881959,98768,0,2,0,2,0,0,0,0,0,0,5406,0,3510,1896,0
1517,48586,20.352583,20.069864,9.147402,0.008289,9.034541,7.039360,1.994931,0.047667,0.014583,1.339501,1603,2779918,90790,0,2,0,2,0,0,0,0,0,0,5863,0,3510,2353,0
1518,48587,14.360209,13.988681,13.737460,0.004667,0.000418,0.000000,0.000000,0.042875,0.059958,0.789292,2038,4852712,162663,0,2,0,2,0,0,0,0,0,0,7208,0,4680,2528,0
1519,48588,15.362041,14.997255,10.977575,0.007295,3.987417,3.671819,0.315139,0.050500,0.048834,0.745833,1981,3260489,112011,0,2,0,2,0,0,0,0,0,0,5406,0,3510,1896,0
1520,48589,17.359625,16.977859,10.955621,0.007760,5.974874,4.998777,0.975848,0.035750,0.020334,0.609250,2052,3245221,112164,0,2,0,2,0,0,0,0,0,0,5406,0,3510,1896,0
1521,48590,16.524375,16.157401,10.989161,0.008256,5.142251,4.444403,0.697431,0.049959,0.016666,0.943791,1916,3183956,107865,0,2,0,2,0,0,0,0,0,0,7208,0,4680,2528,0
1522,48591,16.532459,16.166112,11.161020,0.007661,5.010458,4.352986,0.657223,0.044916,0.036750,0.919501,2018,3266661,113085,0,2,0,2,0,0,0,0,0,0,5406,0,3510,1896,0
1523,48592,17.012708,16.667730,10.568362,0.006421,6.086957,5.071235,1.015473,0.040292,0.009416,0.485625,1978,3192568,109790,0,2,0,2,0,0,0,0,0,0,5406,0,3510,1896,0
1524,48593,16.481208,16.139469,10.382795,0.007328,5.767710,4.856653,0.910931,0.038834,0.043000,0.961459,1948,3230333,109793,0,2,0,2,0,0,0,0,0,0,7208,0,4680,2528,0
1525,48594,16.821875,16.452252,10.644022,0.006917,5.791126,4.877236,0.913598,0.048042,0.010917,0.307583,2005,3249685,112287,0,2,0,2,0,0,0,0,0,0,5406,0,3510,1896,0
1526,48595,16.479167,16.112714,10.889406,0.007496,5.090875,4.593069,0.497556,0.055125,0.036375,1.033208,2038,3228265,111407,0,2,0,2,0,0,0,0,0,0,5406,0,3510,1896,0
1527,48596,16.768083,16.422145,10.576552,0.007456,5.817085,4.888153,0.928764,0.047417,0.014458,0.716375,1911,3198514,107681,0,2,0,2,0,0,0,0,0,0,7208,0,4680,2528,0
1528,48597,16.370042,16.007609,11.304258,0.007464,4.657877,4.299444,0.358223,0.039250,0.011208,1.063751,2026,3291577,114319,0,2,0,2,0,0,0,0,0,0,5406,0,3510,1896,0
1529,48598,16.532333,16.173116,10.785358,0.008043,5.366458,5.082735,0.283431,0.038084,0.011583,0.526083,2020,3200470,110223,0,2,0,2,0,0,0,0,0,0,5406,0,3510,1896,0
1530,48599,17.444000,17.109174,10.039623,0.007467,7.098458,5.745069,1.353014,0.032375,0.010667,1.288625,1921,3198678,108467,0,2,0,2,0,0,0,0,0,0,7208,0,4680,2528,0
1531,48600,16.324209,15.974723,10.313037,0.007160,5.682584,4.804736,0.877681,0.043166,0.012042,1.289874,1997,3262204,112493,0,2,0,2,0,0,0,0,0,0,5406,0,3510,1896,0
1532,48601,16.917625,16.554850,10.287380,0.007172,6.271668,5.194319,1.077140,0.031958,0.008500,0.654584,2021,3214294,110929,0,2,0,2,0,0,0,0,0,0,5406,0,3510,1896,0
1533,48602,16.440750,16.092226,10.599729,0.007750,5.398001,4.613861,0.783931,0.035916,0.021959,0.955833,1962,3247966,110167,0,2,0,2,0,0,0,0,0,0,9249,0,4680,4569,0
1534,48603,17.043041,16.684577,10.405618,0.008169,6.308334,5.219402,1.088723,0.038334,0.016083,0.650166,2004,3218851,111292,0,2,0,2,0,0,0,0,0,0,5406,0,3510,1896,0
1535,48604,16.485792,16.130979,10.433393,0.008131,5.717624,4.827652,0.889681,0.052000,0.045792,1.095041,1981,3169015,109053,0,2,0,2,0,0,0,0,0,0,5406,0,3510,1896,0
1536,48605,16.636458,16.293604,10.446143,0.006918,5.843540,4.912319,0.930972,0.059959,0.014791,0.306458,1994,3266855,111113,0,2,0,2,0,0,0,0,0,0,7208,0,4680,2528,0
1537,48606,16.868167,16.525265,10.049600,0.007710,6.490124,5.342527,1.147389,0.034917,0.016458,1.226875,1946,3165129,109146,0,2,0,2,0,0,0,0,0,0,5406,0,3510,1896,0
1538,48607,16.036750,15.662802,11.263884,0.007001,4.424542,3.962319,0.462056,0.037583,0.018125,1.308583,2179,3450794,119852,0,2,0,2,0,0,0,0,0,0,5406,0,3510,1896,0
1539,48608,17.034625,16.660015,11.140734,0.006921,5.536292,4.707444,0.828681,0.040583,0.017167,0.649334,2114,3483131,118919,0,2,0,2,0,0,0,0,0,0,7208,0,4680,2528,0
1540,48609,16.518000,16.154158,11.115319,0.006956,5.060082,4.389694,0.670139,0.037708,0.011750,1.271208,2155,3478519,120596,0,2,0,2,0,0,0,0,0,0,5406,0,3510,1896,0
1541,48610,16.046583,15.668829,11.424111,0.006835,4.756375,4.756027,0.000181,0.041667,0.012458,0.642166,2121,3444738,118270,0,2,0,2,0,0,0,0,0,0,7004,0,4536,2468,0
1542,48611,17.637542,17.264222,11.147351,0.006502,6.133999,5.101444,1.032347,0.041250,0.018458,0.956834,2149,3498383,121026,0,2,0,2,0,0,0,0,0,0,5610,0,3654,1956,0
1543,48612,15.736333,15.362193,11.711510,0.007546,4.308208,4.300069,0.007848,0.043250,0.010125,0.650000,2109,3443561,119245,0,2,0,2,0,0,0,0,0,0,5406,0,3510,1896,0
1544,48613,17.463375,17.077996,11.445222,0.007178,5.636209,4.773694,0.862348,0.036959,0.011708,0.958500,2144,3484611,119242,0,2,0,2,0,0,0,0,0,0,7208,0,4680,2528,0
1545,48614,16.534084,16.151999,11.283359,0.007038,4.893376,4.275528,0.617681,0.042541,0.019084,1.272417,2175,3488632,121247,0,2,0,2,0,0,0,0,0,0,5406,0,3510,1896,0
1546,48615,16.768291,16.391797,11.100991,0.007832,5.310875,4.556277,0.754348,0.033959,0.010291,0.628833,2141,3444837,119508,0,2,0,2,0,0,0,0,0,0,5406,0,3510,1896,0
1547,48616,16.380417,16.016038,10.771170,0.007668,5.270167,4.761902,0.508015,0.048250,0.010375,1.253666,2078,3431386,116489,0,2,0,2,0,0,0,0,0,0,7208,0,4680,2528,0
1548,48617,16.865125,16.472482,11.633754,0.007289,4.866251,4.259694,0.606389,0.035625,0.009583,0.610750,2198,3531967,123194,0,2,0,2,0,0,0,0,0,0,5406,0,3510,1896,0
1549,48618,16.864417,16.494532,11.031329,0.006373,5.480916,4.669819,0.810931,0.034416,0.011292,0.951791,2123,3432638,119084,0,2,0,2,0,0,0,0,0,0,5406,0,3510,1896,0
1550,48619,16.535458,16.168492,11.098907,0.007294,5.080291,4.403235,0.676806,0.044083,0.010959,0.652958,2106,3463878,118449,0,2,0,2,0,0,0,0,0,0,7208,0,4680,2528,0
1551,48620,16.677125,16.299334,11.119637,0.006464,5.198417,4.479778,0.718431,0.036042,0.010708,1.286251,2137,3475616,120415,0,2,0,2,0,0,0,0,0,0,5406,0,3510,1896,0
1552,48621,16.919000,16.537455,11.154033,0.006798,5.374793,4.598236,0.776223,0.071625,0.019125,0.915667,2179,3484316,121055,0,2,0,2,0,0,0,0,0,0,5406,0,3510,1896,0
1553,48622,16.338875,15.979302,11.200066,0.006785,4.738958,4.173110,0.565640,0.039333,0.012375,0.653208,2086,3426644,116948,0,2,0,2,0,0,0,0,0,0,7208,0,4680,2528,0
1554,48623,16.944625,16.558809,11.756935,0.007591,4.813749,4.219736,0.593847,0.059792,0.016166,1.042291,2198,3519279,122475,0,2,0,2,0,0,0,0,0,0,5406,0,3510,1896,0
1555,48624,16.665333,16.277958,12.231763,0.007412,4.058333,3.721777,0.336139,0.065959,0.012583,0.758125,2130,3440512,118940,0,2,0,2,0,0,0,0,0,0,5406,0,3510,1896,0
1556,48625,16.112459,15.712598,12.813296,0.007715,2.806624,2.806110,0.000098,0.059875,0.047500,1.132083,2137,3475439,118723,0,2,0,2,0,0,0,0,0,0,7208,0,4680,2528,0
1557,48626,17.364083,16.964127,11.791515,0.007579,5.162792,4.443236,0.719306,0.057542,0.026750,0.720834,2181,3489860,121260,0,2,0,2,0,0,0,0,0,0,5406,0,3510,1896,0
1558,48627,16.534125,16.137662,12.191505,0.008078,3.941749,3.641486,0.299514,0.077208,0.048792,0.720375,2158,3447646,119591,0,2,0,2,0,0,0,0,0,0,5406,0,3510,1896,0
1559,48628,16.200000,15.822403,12.484913,0.007330,3.213874,3.157569,0.055848,0.076667,0.042750,0.680583,2100,3452706,117451,0,2,0,2,0,0,0,0,0,0,7208,0,4680,2528,0
1560,48629,17.189042,16.795620,11.940886,0.006990,4.862709,4.254819,0.607639,0.046208,0.012000,0.969583,2202,3535284,123048,0,2,0,2,0,0,0,0,0,0,5406,0,3510,1896,0
1561,48630,16.549416,16.159091,11.092780,0.006999,5.105793,4.420611,0.685056,0.041959,0.035791,1.308667,2183,3433614,119042,0,2,0,2,0,0,0,0,0,0,5406,0,3510,1896,0
1562,48631,16.789959,16.421800,11.025972,0.007246,5.402790,4.617610,0.784931,0.039208,0.012375,0.659750,2111,3448764,117912,0,2,0,2,0,0,0,0,0,0,7208,0,4680,2528,0
1563,48632,16.605125,16.236254,10.933377,0.006916,5.328126,4.564653,0.763306,0.033291,0.010709,1.353958,2138,3477289,120402,0,2,0,2,0,0,0,0,0,0,5406,0,3510,1896,0
1564,48633,16.762916,16.376153,11.179407,0.006878,5.215625,4.492277,0.723139,0.041750,0.011959,0.662042,2234,3485496,121163,0,2,0,2,0,0,0,0,0,0,5406,0,3510,1896,0
1565,48634,16.587834,16.216815,10.885157,0.007042,5.319750,4.563402,0.756181,0.036916,0.010750,0.786542,2088,3420675,116618,0,2,0,2,0,0,0,0,0,0,7208,0,4680,2528,0
1566,48635,16.843250,16.464344,11.111898,0.007298,5.383416,4.604861,0.778347,0.039500,0.012750,0.655042,2178,3506185,121958,0,2,0,2,0,0,0,0,0,0,5406,0,3510,1896,0
1567,48636,16.481041,16.102149,11.018772,0.006582,5.109750,4.422111,0.687473,0.037542,0.010708,0.773541,2158,3428437,118595,0,2,0,2,0,0,0,0,0,0,5406,0,3510,1896,0
1568,48637,16.765750,16.396195,11.047887,0.006788,5.355333,4.586277,0.768890,0.041834,0.009791,1.133709,2136,3471719,118720,0,2,0,2,0,0,0,0,0,0,7208,0,4680,2528,0
1569,48638,16.376000,16.007420,10.747840,0.006960,5.282792,4.529153,0.753431,0.031917,0.011000,0.478292,2125,3486706,122492,0,2,0,2,0,0,0,0,0,0,5565,0,3510,2055,0
1570,48639,16.722709,16.343069,11.791470,0.006173,4.582791,4.070402,0.512181,0.037000,0.023458,1.086043,2187,3765446,130243,0,2,0,2,0,0,0,0,0,0,5406,0,3510,1896,0
1571,48640,17.039666,16.671505,10.980954,0.007079,5.702833,4.803610,0.898931,0.034834,0.008666,0.636666,2116,3477596,118817,0,2,0,2,0,0,0,0,0,0,7208,0,4680,2528,0
1572,48641,16.720750,16.333611,11.901596,0.006423,4.454958,3.985361,0.469347,0.069334,0.014416,0.772667,2185,3545237,124998,0,2,0,2,0,0,0,0,0,0,5406,0,3510,1896,0
1573,48642,16.426792,16.042572,12.107677,0.007832,3.968041,3.659361,0.308389,0.061250,0.014958,0.298042,2173,3446459,120544,0,2,0,2,0,0,0,0,0,0,5406,0,3510,1896,0
1574,48643,16.586875,16.208334,11.920183,0.007994,4.314166,3.889360,0.424431,0.051000,0.014375,0.581250,2132,3470685,119513,0,2,0,2,0,0,0,0,0,0,7208,0,4680,2528,0
1575,48644,16.734750,16.338757,11.823375,0.007333,4.552499,4.049069,0.503222,0.030750,0.010375,0.611583,2151,3493381,122003,0,2,0,2,0,0,0,0,0,0,5406,0,3510,1896,0
1576,48645,16.520458,16.105501,12.629825,0.007746,3.434126,3.304486,0.129181,0.045417,0.012250,1.090209,2216,3475959,121813,0,2,0,2,0,0,0,0,0,0,5406,0,3510,1896,0
1577,48646,17.648792,17.263729,11.880352,0.007515,4.652666,4.115777,0.536598,0.040708,0.013125,1.225875,2062,3417944,118680,0,2,0,2,0,0,0,0,0,0,7208,0,4680,2528,0
1578,48647,15.253625,14.857613,12.616119,0.006536,2.534082,2.533694,0.000139,0.037625,0.011167,0.614875,2157,3726059,129948,0,2,0,2,0,0,0,0,0,0,5406,0,3510,1896,0
1579,48648,16.864625,16.466378,12.550811,0.007466,4.867709,4.867152,0.000098,0.036792,0.013666,1.254542,2154,3472346,121501,0,2,0,2,0,0,0,0,0,0,5406,0,3510,1896,0
1580,48649,17.249417,16.857709,11.639781,0.007378,5.247917,4.512694,0.734973,0.032166,0.009959,0.607666,2139,3498758,120861,0,2,0,2,0,0,0,0,0,0,7208,0,4680,2528,0
1581,48650,16.531500,16.127740,12.568112,0.006998,3.589584,3.408194,0.180806,0.052166,0.014584,1.233291,2155,3507799,123831,0,2,0,2,0,0,0,0,0,0,5406,0,3510,1896,0
1582,48651,16.799916,16.394554,11.849496,0.007539,4.560625,4.055486,0.504889,0.039709,0.011375,0.610875,2204,3475071,122311,0,2,0,2,0,0,0,0,0,0,5406,0,3510,1896,0
1583,48652,16.430459,16.037209,11.721298,0.007278,4.321999,3.890902,0.430848,0.033958,0.010250,0.925500,2089,3435526,117743,0,2,0,2,0,0,0,0,0,0,7208,0,4680,2528,0
1584,48653,16.804833,16.391025,12.173768,0.007169,4.248458,3.846278,0.401972,0.039458,0.010792,1.217167,2205,3574079,126340,0,2,0,2,0,0,0,0,0,0,5406,0,3510,1896,0
1585,48654,16.825667,16.418422,12.074585,0.007870,4.353708,3.918069,0.435181,0.048916,0.013584,0.621667,2168,3445207,120836,0,2,0,2,0,0,0,0,0,0,5406,0,3510,1896,0
1586,48655,16.683208,16.282713,12.037759,0.007126,4.279584,3.868860,0.410473,0.057292,0.014375,1.152250,2161,3524103,121842,0,2,0,2,0,0,0,0,0,0,7208,0,4680,2528,0
1587,48656,16.815250,16.436377,11.367253,0.007714,5.103917,4.417278,0.686347,0.040333,0.013375,0.610916,2129,3470906,121292,0,2,0,2,0,0,0,0,0,0,5406,0,3510,1896,0
1588,48657,16.335875,15.933178,11.778642,0.007338,4.191333,3.806944,0.384139,0.035458,0.013584,1.068292,2169,3505872,123331,0,2,0,2,0,0,0,0,0,0,5406,0,3510,1896,0
1589,48658,16.795708,16.400054,11.732425,0.006993,4.705417,4.150819,0.554390,0.031209,0.010458,0.547500,2126,3520461,121662,0,2,0,2,0,0,0,0,0,0,7208,0,4680,2528,0
1590,48659,16.563584,16.162490,11.747630,0.007789,4.450335,3.980778,0.469347,0.029916,0.021875,0.756250,2129,3494564,122133,0,2,0,2,0,0,0,0,0,0,5406,0,3510,1896,0
1591,48660,16.893791,16.492717,11.756131,0.007256,4.772334,4.195611,0.576431,0.035917,0.010917,1.063709,2156,3498191,122236,0,2,0,2,0,0,0,0,0,0,5406,0,3510,1896,0
1592,48661,16.555125,16.151799,11.837264,0.008005,4.351582,3.914902,0.436515,0.034459,0.009916,0.451167,2185,3559552,123300,0,2,0,2,0,0,0,0,0,0,7208,0,4680,2528,0
1593,48662,16.751792,16.360810,11.495038,0.007032,4.898625,4.280444,0.617931,0.030292,0.010458,1.223042,2112,3455790,120913,0,2,0,2,0,0,0,0,0,0,5406,0,3510,1896,0
1594,48663,16.517417,16.113151,11.875547,0.007294,4.270459,3.860319,0.409931,0.035208,0.013500,0.618000,2132,3493350,121099,0,2,0,2,0,0,0,0,0,0,7004,0,4536,2468,0
1595,48664,16.774291,16.371988,11.810315,0.007422,4.599001,4.078069,0.520515,0.032875,0.010500,0.924542,2158,3536665,123288,0,2,0,2,0,0,0,0,0,0,5610,0,3654,1956,0
1596,48665,16.766834,16.359995,11.930701,0.006667,4.466751,3.990028,0.476389,0.031833,0.009958,0.612250,2181,3506189,123218,0,2,0,2,0,0,0,0,0,0,5406,0,3510,1896,0
1597,48666,16.095750,15.694200,12.401168,0.007089,3.927167,3.926736,0.000056,0.047458,0.013292,0.926792,2103,3446703,118700,0,2,0,2,0,0,0,0,0,0,7208,0,4680,2528,0
1598,48667,17.421166,17.013829,12.077454,0.007579,4.978709,4.328319,0.650098,0.034667,0.010708,0.445083,2174,3527880,123908,0,2,0,2,0,0,0,0,0,0,5406,0,3510,1896,0
1599,48668,16.273792,15.848740,11.756754,0.007631,4.140335,3.775236,0.364889,0.031208,0.012125,1.009293,2103,3467837,121056,0,2,0,2,0,0,0,0,0,0,5406,0,3510,1896,0
1600,48669,16.800333,16.397046,11.694804,0.007286,4.750000,4.179819,0.570014,0.034834,0.014250,1.230417,2142,3524246,121367,0,2,0,2,0,0,0,0,0,0,7208,0,4680,2528,0
1601,48670,16.682667,16.271177,11.986456,0.007129,4.322584,3.893735,0.428723,0.035792,0.009875,0.607875,2170,3534378,124550,0,2,0,2,0,0,0,0,0,0,5406,0,3510,1896,0
1602,48671,16.767750,16.361886,11.900470,0.007247,4.493791,4.010111,0.483389,0.035958,0.011084,0.942416,2161,3485858,122234,0,2,0,2,0,0,0,0,0,0,5406,0,3510,1896,0
1603,48672,16.617458,16.185358,11.892833,0.007378,4.334875,3.902819,0.431931,0.050417,0.011208,0.626708,2116,3460215,118424,0,2,0,2,0,0,0,0,0,0,7208,0,4680,2528,0
1604,48673,16.519500,16.097925,12.556677,0.007174,3.590292,3.403819,0.186265,0.040792,0.013500,0.893667,2178,3586192,126629,0,2,0,2,0,0,0,0,0,0,5406,0,3510,1896,0
1605,48674,17.161709,16.756338,12.074397,0.006957,4.706541,4.153444,0.552847,0.047833,0.014000,0.319833,2151,3477940,121859,0,2,0,2,0,0,0,0,0,0,5406,0,3510,1896,0
1606,48675,16.423916,16.021327,12.090234,0.007589,3.931291,3.636652,0.294389,0.058750,0.015167,0.598542,2138,3493882,120403,0,2,0,2,0,0,0,0,0,0,7208,0,4680,2528,0
1607,48676,16.589167,16.188515,12.403517,0.007161,3.771751,3.527360,0.244181,0.056250,0.016875,0.656083,2154,3521737,123159,0,2,0,2,0,0,0,0,0,0,5406,0,3510,1896,0
1608,48677,16.882042,16.466207,12.197319,0.007173,4.295708,3.878278,0.417056,0.046833,0.012083,0.376917,2215,3511222,123258,0,2,0,2,0,0,0,0,0,0,5406,0,3510,1896,0
1609,48678,16.453750,16.059916,12.001804,0.007786,4.084958,3.738277,0.346431,0.045500,0.013083,0.837792,2107,3447536,118265,0,2,0,2,0,0,0,0,0,0,7208,0,4680,2528,0
1610,48679,16.760625,16.354859,12.449094,0.007290,3.934625,3.638319,0.296098,0.051166,0.013667,0.448209,2182,3531452,124571,0,2,0,2,0,0,0,0,0,0,5406,0,3510,1896,0
1611,48680,17.101041,16.726354,11.150173,0.007329,5.589251,4.741194,0.847722,0.046125,0.012500,0.931209,2144,3449314,120350,0,2,0,2,0,0,0,0,0,0,5406,0,3510,1896,0
1612,48681,16.551167,16.144849,11.448610,0.007372,4.646042,4.111444,0.534431,0.053125,0.014167,0.446917,2140,3499892,120866,0,2,0,2,0,0,0,0,0,0,7208,0,4680,2528,0
1613,48682,16.578958,16.228553,11.614606,0.006874,4.634916,4.105235,0.529431,0.046667,0.017250,0.931708,2171,3515835,123503,0,2,0,2,0,0,0,0,0,0,5406,0,3510,1896,0
1614,48683,16.185334,15.807762,11.831829,0.007206,4.481709,4.481361,0.000139,0.046041,0.011042,0.609083,2183,3467252,121414,0,2,0,2,0,0,0,0,0,0,5406,0,3510,1896,0
1615,48684,17.448083,17.070946,11.123844,0.007418,5.980874,4.990527,0.990098,0.044000,0.010208,0.932250,2114,3466038,118640,0,2,0,2,0,0,0,0,0,0,7208,0,4680,2528,0
1616,48685,16.274458,15.888107,11.873064,0.007333,4.012792,3.675027,0.337515,0.052792,0.015542,0.941167,2201,3568790,125940,0,2,0,2,0,0,0,0,0,0,5406,0,3510,1896,0
1617,48686,17.198750,16.818530,11.172937,0.006615,5.673666,4.789236,0.884222,0.046917,0.016375,0.617459,2187,3456683,121020,0,2,0,2,0,0,0,0,0,0,5406,0,3510,1896,0
1618,48687,15.708709,15.333163,11.902915,0.007418,4.101875,4.095194,0.006306,0.048458,0.014042,0.921084,2132,3479875,119582,0,2,0,2,0,0,0,0,0,0,7208,0,4680,2528,0
1619,48688,17.531916,17.145227,11.757968,0.007463,5.418167,4.628277,0.789765,0.042625,0.017667,0.610958,2167,3543037,124386,0,2,0,2,0,0,0,0,0,0,5406,0,3510,1896,0
1620,48689,16.457125,16.071479,11.476315,0.007125,4.624125,4.081028,0.542889,0.043292,0.011583,0.921041,2218,3512290,123268,0,2,0,2,0,0,0,0,0,0,5406,0,3510,1896,0
1621,48690,16.652459,16.276382,11.194496,0.006919,5.104208,4.419111,0.684848,0.049916,0.015042,0.609667,2119,3463215,118871,0,2,0,2,0,0,0,0,0,0,7208,0,4680,2528,0
1622,48691,16.270458,15.888516,11.874459,0.006756,4.320501,4.311777,0.008556,0.049750,0.012792,0.896667,2201,3548195,125087,0,2,0,2,0,0,0,0,0,0,5406,0,3510,1896,0
1623,48692,17.446458,17.068837,11.151558,0.007837,5.944833,4.960778,0.983847,0.048167,0.011500,1.248084,2176,3468455,121215,0,2,0,2,0,0,0,0,0,0,5406,0,3510,1896,0
1624,48693,16.143000,15.774114,11.302390,0.006829,4.494793,4.009611,0.484848,0.050709,0.020125,0.607042,2138,3495881,120797,0,2,0,2,0,0,0,0,0,0,7208,0,4680,2528,0
1625,48694,17.028500,16.647768,11.487445,0.006961,5.171834,4.446735,0.724848,0.036959,0.017416,1.128541,2169,3515206,123493,0,2,0,2,0,0,0,0,0,0,5406,0,3510,1896,0
1626,48695,16.652875,16.264303,11.344873,0.006627,4.944666,4.308611,0.635806,0.037209,0.010958,0.611834,2202,3479853,122148,0,2,0,2,0,0,0,0,0,0,5406,0,3510,1896,0
1627,48696,16.598709,16.240533,11.096502,0.007298,5.165292,4.456777,0.708223,0.043541,0.011459,1.089041,2103,3452128,118333,0,2,0,2,0,0,0,0,0,0,7208,0,4680,2528,0
1628,48697,16.637791,16.258048,11.746884,0.007119,4.543708,4.029777,0.513723,0.055875,0.014000,0.611875,2186,3558210,125593,0,2,0,2,0,0,0,0,0,0,5406,0,3510,1896,0
1629,48698,16.818167,16.437595,11.367757,0.007285,5.090543,4.409903,0.680431,0.046458,0.010042,0.910501,2175,3466955,121498,0,2,0,2,0,0,0,0,0,0,5406,0,3510,1896,0
1630,48699,16.536583,16.161637,11.158469,0.007419,5.040083,4.373111,0.666806,0.038792,0.010917,0.608291,2120,3475384,119996,0,2,0,2,0,0,0,0,0,0,7208,0,4680,2528,0
1631,48700,16.789375,16.411653,11.452552,0.007081,4.989542,4.341819,0.647348,0.045667,0.012125,1.301042,2158,3527510,123721,0,2,0,2,0,0,0,0,0,0,5406,0,3510,1896,0
1632,48701,16.676125,16.271306,11.463872,0.006842,4.819541,4.225319,0.593972,0.042667,0.013458,0.952958,2234,3510571,123361,0,2,0,2,0,0,0,0,0,0,5406,0,3510,1896,0
1633,48702,16.703709,16.344625,10.953771,0.007546,5.420251,4.628986,0.791098,0.036250,0.011458,0.613000,2106,3445033,118794,0,2,0,2,0,0,0,0,0,0,7208,0,4680,2528,0
1634,48703,16.648333,16.258912,11.399958,0.006834,4.886042,4.262610,0.623223,0.052625,0.013333,1.309750,2208,3535693,124623,0,2,0,2,0,0,0,0,0,0,5406,0,3510,1896,0
1635,48704,16.712542,16.335549,11.383506,0.007253,4.973001,4.331194,0.641597,0.045541,0.013167,0.611375,2155,3456999,120786,0,2,0,2,0,0,0,0,0,0,5406,0,3510,1896,0
1636,48705,16.053875,15.665661,12.226875,0.007510,3.364876,3.257986,0.106639,0.061916,0.012125,0.682959,2139,3514379,121510,0,2,0,2,0,0,0,0,0,0,7208,0,4680,2528,0
1637,48706,17.348750,16.966528,11.743987,0.011545,5.242249,4.669110,0.572806,0.049416,0.013500,0.643959,2195,3537052,124352,0,2,0,2,0,0,0,0,0,0,5406,0,3510,1896,0
1638,48707,16.392208,15.990225,11.565460,0.007131,4.422126,4.096694,0.325139,0.040958,0.015250,0.874541,2193,3480011,122104,0,2,0,2,0,0,0,0,0,0,5406,0,3510,1896,0
1639,48708,16.909833,16.541436,11.502381,0.006374,5.053792,4.385194,0.668264,0.047625,0.011834,1.066750,2132,3517408,121124,0,2,0,2,0,0,0,0,0,0,7208,0,4680,2528,0
1640,48709,16.518500,16.129183,11.872419,0.007591,4.227418,3.832944,0.394181,0.042209,0.015125,0.610375,2213,3551679,124612,0,2,0,2,0,0,0,0,0,0,7447,0,3510,3937,0
1641,48710,16.831959,16.442903,11.930609,0.007621,4.505250,4.017444,0.487306,0.057000,0.013666,1.233792,2198,3468903,121625,0,2,0,2,0,0,0,0,0,0,5406,0,3510,1896,0
1642,48711,16.222458,15.837633,12.020286,0.006839,4.193667,4.193319,0.000056,0.044708,0.015667,0.653208,2166,3548022,122940,0,2,0,2,0,0,0,0,0,0,7208,0,4680,2528,0
1643,48712,16.577375,16.215195,11.759732,0.006916,4.814581,4.814110,0.000181,0.052750,0.013000,0.943041,2105,3462570,120828,0,2,0,2,0,0,0,0,0,0,5406,0,3510,1896,0
1644,48713,17.588167,17.203601,11.561688,0.007041,5.649667,4.775653,0.873764,0.048958,0.011292,0.640583,2193,3522892,123873,0,2,0,2,0,0,0,0,0,0,5406,0,3510,1896,0
1645,48714,15.905083,15.517742,11.930920,0.006826,3.860582,3.859694,0.000514,0.048417,0.012875,0.960000,2144,3514748,121583,0,2,0,2,0,0,0,0,0,0,7208,0,4680,2528,0
1646,48715,17.469375,17.089700,11.310416,0.007129,5.812374,4.876777,0.935348,0.042208,0.013125,1.269792,2136,3470160,121878,0,2,0,2,0,0,0,0,0,0,5406,0,3510,1896,0
1647,48716,16.275458,15.910381,11.105451,0.007539,4.824333,4.213569,0.610556,0.044000,0.011459,0.609250,2095,3452303,118922,0,2,0,2,0,0,0,0,0,0,7004,0,4536,2468,0
1648,48717,16.752125,16.372438,11.564201,0.006581,4.839124,4.226986,0.611973,0.046834,0.012541,0.948583,2181,3558226,125264,0,2,0,2,0,0,0,0,0,0,5610,0,3654,1956,0
1649,48718,16.108167,15.729795,11.827435,0.007419,4.592958,4.590777,0.002015,0.037125,0.015792,0.632416,2117,3451427,120976,0,2,0,2,0,0,0,0,0,0,5406,0,3510,1896,0
1650,48719,17.518333,17.160107,11.231979,0.006533,5.954710,4.969986,0.984556,0.041750,0.011000,1.302000,2117,3493380,120401,0,2,0,2,0,0,0,0,0,0,7208,0,4680,2528,0
1651,48720,15.810042,15.434226,12.091899,0.006672,4.006958,4.006194,0.000514,0.042917,0.018875,0.657542,2145,3518093,123629,0,2,0,2,0,0,0,0,0,0,5406,0,3510,1896,0
1652,48721,17.616042,17.226449,11.539115,0.006704,5.717084,4.827569,0.889348,0.043750,0.014500,0.851375,2180,3502638,122985,0,2,0,2,0,0,0,0,0,0,5406,0,3510,1896,0
1653,48722,15.632166,15.270332,11.829458,0.007332,4.116624,4.116153,0.000139,0.053917,0.016542,0.637041,2106,3453890,118606,0,2,0,2,0,0,0,0,0,0,7208,0,4680,2528,0
1654,48723,17.730125,17.346255,11.945858,0.007290,5.421999,4.608777,0.813014,0.047917,0.015750,0.926042,2182,3559969,125693,0,2,0,2,0,0,0,0,0,0,5406,0,3510,1896,0
1655,48724,16.214167,15.849267,11.085687,0.007091,4.765126,4.192027,0.572890,0.046958,0.012750,1.233918,2120,3469915,121262,0,2,0,2,0,0,0,0,0,0,5406,0,3510,1896,0
1656,48725,16.496875,16.110287,11.540223,0.006918,4.588209,4.373069,0.214931,0.049875,0.017125,0.617125,2146,3506559,121261,0,2,0,2,0,0,0,0,0,0,7208,0,4680,2528,0
1657,48726,17.135417,16.759878,11.442254,0.007120,5.350750,4.583611,0.766931,0.045583,0.012167,1.126708,2165,3513122,123425,0,2,0,2,0,0,0,0,0,0,5406,0,3510,1896,0
1658,48727,16.653000,16.276472,11.312758,0.007205,4.983667,4.322402,0.661056,0.040416,0.011584,0.611875,2149,3480947,122351,0,2,0,2,0,0,0,0,0,0,5406,0,3510,1896,0
1659,48728,16.571666,16.209958,11.068480,0.006624,5.171459,4.463319,0.707931,0.043042,0.012333,1.227833,2117,3467551,118872,0,2,0,2,0,0,0,0,0,0,7208,0,4680,2528,0
1660,48729,16.223334,15.837870,11.690234,0.007211,4.171750,4.097444,0.074056,0.044833,0.040750,0.609209,2195,3562125,125849,0,2,0,2,0,0,0,0,0,0,5406,0,3510,1896,0
1661,48730,17.557583,17.162108,11.350042,0.006712,5.831040,4.902485,0.928390,0.049292,0.012000,0.930416,2163,3473428,121819,0,2,0,2,0,0,0,0,0,0,5406,0,3510,1896,0
1662,48731,15.720917,15.353372,11.329935,0.007128,4.028334,3.882028,0.146056,0.042791,0.011750,0.610625,2115,3475605,119919,0,2,0,2,0,0,0,0,0,0,7208,0,4680,2528,0
1663,48732,16.737291,16.360703,11.497064,0.006867,4.898209,4.765069,0.132973,0.056917,0.040250,1.259876,2165,3531761,123752,0,2,0,2,0,0,0,0,0,0,5406,0,3510,1896,0
1664,48733,17.538417,17.151128,11.336209,0.006922,5.822584,4.897110,0.925265,0.040667,0.010375,1.251792,2217,3512746,123433,0,2,0,2,0,0,0,0,0,0,5406,0,3510,1896,0
1665,48734,16.287750,15.925181,11.018430,0.007660,4.937543,4.307486,0.629639,0.045833,0.013667,0.610375,2117,3464869,119362,0,2,0,2,0,0,0,0,0,0,7208,0,4680,2528,0
1666,48735,16.315875,15.927619,11.802608,0.006543,4.155250,4.077861,0.077181,0.051125,0.012583,1.271458,2201,3541948,124863,0,2,0,2,0,0,0,0,0,0,5406,0,3510,1896,0
1667,48736,17.635333,17.263931,11.158341,0.006550,5.769584,4.847902,0.921473,0.047709,0.012166,0.608708,2141,3445007,120455,0,2,0,2,0,0,0,0,0,0,5406,0,3510,1896,0
1668,48737,15.442125,15.035313,13.798770,0.006290,1.734292,1.733736,0.000222,0.045459,0.018916,0.901749,2272,3935903,135750,0,2,0,2,0,0,0,0,0,0,7208,0,4680,2528,0
1669,48738,16.874750,16.462472,12.672387,0.006621,3.931834,3.931527,0.000098,0.059334,0.013416,0.613000,2277,3721871,131394,0,2,0,2,0,0,0,0,0,0,5406,0,3510,1896,0
1670,48739,16.855875,16.435983,12.823549,0.006711,3.588206,3.408360,0.179556,0.043542,0.033000,1.009917,2339,3703324,130179,0,2,0,2,0,0,0,0,0,0,5406,0,3510,1896,0
1671,48740,16.593417,16.189559,12.358665,0.007090,3.826708,3.565028,0.261389,0.044542,0.046166,1.221833,2267,3687073,126884,0,2,0,2,0,0,0,0,0,0,7208,0,4680,2528,0
1672,48741,16.843417,16.435147,12.554366,0.006791,3.889457,3.602027,0.287264,0.052541,0.015125,0.643208,2314,3768075,133182,0,2,0,2,0,0,0,0,0,0,5406,0,3510,1896,0
1673,48742,16.802791,16.402716,12.391001,0.007206,3.974209,3.649819,0.324140,0.058417,0.015292,0.978666,2293,3650822,128052,0,2,0,2,0,0,0,0,0,0,5406,0,3510,1896,0
