render_ms throttle_clock_ms throttle_work_ms throttle_sleep_ms markers frame_timestamp_ns
17.41725000 18.15841700 18.15820900 0.00020800 3 274529469007583
15.95712500 15.17320800 4.98937400 10.18383400 3 274529484964708
17.42312500 18.15575000 18.15562400 0.00012600 3 274529502387791
15.84566600 15.18625000 5.00125000 10.18500000 3 274529518233500
17.12937500 17.87666700 17.87646000 0.00020700 3 274529535362833
16.02154200 15.31216700 4.87483500 10.43733200 3 274529551384416
17.09512500 17.78675000 17.78658400 0.00016600 3 274529568479666
16.44041700 15.68133300 4.85133300 10.83000000 3 274529584920041
17.19541600 17.88345800 17.88325000 0.00020800 3 274529602115375
16.29100000 15.58020900 5.03866700 10.54154200 3 274529618406333
17.39966700 18.13108300 18.13095800 0.00012500 3 274529635806000
15.95695800 15.23233300 4.95304200 10.27929100 3 274529651763000
17.37191700 18.15966700 18.15950000 0.00016700 3 274529669134916
15.90300000 15.05400000 4.92454300 10.12945700 3 274529685038000
17.36329200 18.18525000 18.18504200 0.00020800 3 274529702401166
16.06433300 15.31475000 5.00216700 10.31258300 3 274529718465541
17.29825000 18.09045800 18.09024900 0.00020900 3 274529735763791
16.26425000 15.31112500 4.95220700 10.35891800 3 274529752028000
17.28375000 18.19454200 18.19437600 0.00016600 3 274529769311750
16.09987500 15.16275000 4.90758400 10.25516600 3 274529785411666
17.31029200 18.26850000 18.26833400 0.00016600 3 274529802721916
16.08158300 15.14229200 4.94045700 10.20183500 3 274529818803458
17.26137500 18.21941600 18.21920700 0.00020900 3 274529836064875
16.04529200 15.08920900 4.88925000 10.19995900 3 274529852110208
17.43666600 18.35133300 18.35112500 0.00020800 3 274529869546875
15.93037500 15.03179200 4.91750000 10.11429200 3 274529885477333
17.29583400 18.20470800 18.20454300 0.00016500 3 274529902773083
15.95329100 14.99541700 4.92454200 10.07087500 3 274529918726375
17.25512500 18.20725000 18.20712500 0.00012500 3 274529935981458
16.08766700 15.22000000 5.02720800 10.19279200 3 274529952069250
17.57725000 18.36920800 18.36887500 0.00033300 3 274529969646750
15.88741700 15.01620800 5.16904200 9.84716600 3 274529985534000
17.73350000 18.67737500 18.67712600 0.00024900 3 274530003267375
15.86262500 14.80475000 5.07549900 9.72925100 3 274530019130083
18.44400000 19.52137500 19.52112500 0.00025000 3 274530037573958
14.84737500 13.84879200 5.07283400 8.77595800 3 274530052421333
18.10037500 19.12766700 19.12741700 0.00025000 3 274530070521666
15.29087500 14.25787500 5.00583400 9.25204100 3 274530085812666
18.42704100 19.44462500 19.44441700 0.00020800 3 274530104239625
14.91170900 13.88479100 4.98708200 8.89770900 3 274530119151458
17.97275000 18.95679200 18.95658400 0.00020800 3 274530137124041
15.43041600 14.42970800 5.04400000 9.38570800 3 274530152554625
18.22000000 19.26991700 19.26966700 0.00025000 3 274530170774500
15.33483400 14.07645800 5.13949900 8.93695900 3 274530186109416
18.20766600 19.43745900 19.43725000 0.00020900 3 274530204317000
14.98641700 13.99645800 5.12229200 8.87416600 3 274530219303416
18.25833300 19.16245800 19.16224900 0.00020900 3 274530237561750
15.17933400 14.24012500 5.21666600 9.02345900 3 274530252741083
17.90950000 18.95541700 18.95529300 0.00012400 3 274530270650583
15.29150000 14.35554200 5.06400100 9.29154100 3 274530285942083
19.39237500 19.92012500 19.91962500 0.00050000 3 274530305334708
14.23820800 13.62912500 5.68275000 7.94637500 3 274530319572791
17.01058300 17.87958300 17.87933300 0.00025000 3 274530336583208
16.30741700 15.48120800 5.36262400 10.11858400 3 274530352890708
17.31458300 18.25829200 18.25758400 0.00070800 3 274530370205250
16.14762500 15.02745800 5.31991600 9.70754200 3 274530386352875
18.26445900 19.36870900 19.36820900 0.00050000 3 274530404617333
15.27754100 14.19004100 5.47962300 8.71041800 3 274530419894958
18.79216700 19.62708400 19.62633300 0.00075100 3 274530438687000
14.38487500 13.61666600 5.59470900 8.02195700 3 274530453072000
18.41345800 19.38854200 19.38837500 0.00016700 3 274530471485500
14.79225000 13.90300000 5.15625100 8.74674900 3 274530486277625
18.63604200 19.49875000 19.49845900 0.00029100 3 274530504913750
15.26916700 14.10654200 5.57283300 8.53370900 3 274530520183000
20.34975000 21.50262500 21.50200000 0.00062500 3 274530540532666
12.82729100 11.72345800 5.67804200 6.04541600 3 274530553359875
18.18279200 18.33300000 18.33279200 0.00020800 3 274530571542750
18.05258300 18.05533300 18.05495600 0.00037700 3 274530589595208
17.47195900 17.49858400 17.49812600 0.00045800 3 274530607067375
17.22508300 17.24291600 17.24274800 0.00016800 3 274530624292291
17.45979200 17.44500000 17.44479300 0.00020700 3 274530641752000
17.27454100 17.21591700 17.21570800 0.00020900 3 274530659026583
17.34554200 17.33604200 17.33583300 0.00020900 3 274530676372208
16.97533300 17.07287500 17.07266600 0.00020900 3 274530693347500
17.12620900 17.08400000 17.08387400 0.00012600 3 274530710473708
16.75529100 16.81420800 16.81404100 0.00016700 3 274530727228958
16.88408400 16.88070800 16.88050100 0.00020700 3 274530744113083
17.18495800 17.13612500 17.13600000 0.00012500 3 274530761298041
17.06250000 17.07783400 17.07770800 0.00012600 3 274530778360541
16.75262500 16.79370800 16.79350000 0.00020800 3 274530795113125
17.28712500 17.24854200 17.24837400 0.00016800 3 274530812400250
17.07716700 17.13775000 17.13758200 0.00016800 3 274530829477375
17.23958300 17.12220800 17.12204200 0.00016600 3 274530846717000
17.22275000 17.31137500 17.31125100 0.00012400 3 274530863939791
17.18195800 17.15329200 17.15316800 0.00012400 3 274530881121958
16.78654200 16.85162500 16.85145800 0.00016700 3 274530897908250
17.06220800 17.02241600 17.02224900 0.00016700 3 274530914970458
16.78929200 16.81587500 16.81566700 0.00020800 3 274530931759750
17.14533300 17.13987500 17.13975000 0.00012500 3 274530948905083
16.90400000 16.86512500 16.86495700 0.00016800 3 274530965809125
17.17287500 17.18700000 17.18679300 0.00020700 3 274530982981958
17.10070900 17.07900000 17.07879200 0.00020800 3 274531000082666
17.74008300 17.67933400 17.67912500 0.00020900 3 274531017822791
16.96483300 17.11495800 17.11479100 0.00016700 3 274531034787625
17.24437500 17.12533300 17.12512500 0.00020800 3 274531052032041
17.06233400 17.12545900 17.12529300 0.00016600 3 274531069094291
17.01666600 17.01129100 17.01116600 0.00012500 3 274531086111041
17.20637500 17.17604200 17.17587600 0.00016600 3 274531103317375
17.29425000 17.27516700 17.27500000 0.00016700 3 274531120611625
16.93729200 16.99829100 16.99812500 0.00016600 3 274531137548916
17.46633300 17.36616700 17.36600100 0.00016600 3 274531155015250
17.20954200 17.24058300 17.24045800 0.00012500 3 274531172224791
17.67400000 17.72983400 17.72966700 0.00016700 3 274531189898708
17.09245800 17.14875000 17.14854100 0.00020900 3 274531206991250
17.14379200 17.08604100 17.08587400 0.00016700 3 274531224135000
17.10779200 17.21275000 17.21245700 0.00029300 3 274531241242833
17.30958300 17.23741700 17.23725100 0.00016600 3 274531258552375
16.99825000 16.96779200 16.96762500 0.00016700 3 274531275550666
16.80604200 16.89654100 16.89637300 0.00016800 3 274531292356708
17.08741600 16.93258400 16.93241600 0.00016800 3 274531309444083
17.16320900 17.14854100 17.14837400 0.00016700 3 274531326607333
17.14466600 17.17895900 17.17875100 0.00020800 3 274531343752041
17.30062500 17.28550000 17.28533400 0.00016600 3 274531361052625
16.98145900 16.95991600 16.95975000 0.00016600 3 274531378034041
17.19554100 17.28691700 17.28675100 0.00016600 3 274531395229625
17.43637500 17.32937500 17.32916700 0.00020800 3 274531412665958
17.55908400 17.46387500 17.46370800 0.00016700 3 274531430225041
17.00133300 17.20279200 17.20258400 0.00020800 3 274531447226416
17.90766700 17.80941600 17.80916600 0.00025000 3 274531465134041
17.32595800 17.25916700 17.25900100 0.00016600 3 274531482460083
17.57058300 17.55141700 17.55120900 0.00020800 3 274531500030625
17.60700000 17.65841600 17.65829000 0.00012600 3 274531517637583
17.32008400 17.30791700 17.30775200 0.00016500 3 274531534957708
17.21204100 17.26441700 17.26425100 0.00016600 3 274531552169750
17.45250000 17.42387500 17.42375000 0.00012500 3 274531569622208
17.39679200 17.35737500 17.35720900 0.00016600 3 274531587019041
17.18600000 17.26516600 17.26499900 0.00016700 3 274531604204958
17.67537500 17.64554200 17.64537500 0.00016700 3 274531621880375
17.39262500 17.33504200 17.33487600 0.00016600 3 274531639273166
17.06491700 17.17950000 17.17929200 0.00020800 3 274531656338333
17.51604100 17.46120800 17.46100000 0.00020800 3 274531673853958
17.23883400 17.26070800 17.26049900 0.00020900 3 274531691092791
17.27645800 17.28704200 17.28683400 0.00020800 3 274531708369250
17.75091700 17.70333300 17.70316700 0.00016600 3 274531726120208
17.53916600 17.49825000 17.49804100 0.00020900 3 274531743659291
17.34308400 17.37875000 17.37854200 0.00020800 3 274531761002458
17.46325000 17.46120900 17.46100000 0.00020900 3 274531778465750
17.50608300 17.50687500 17.50662500 0.00025000 3 274531795971750
17.70554200 17.60520800 17.60504100 0.00016700 3 274531813677375
17.78387500 17.86200000 17.86175100 0.00024900 3 274531831461250
17.85270800 17.83383300 17.83362500 0.00020800 3 274531849313916
17.31795800 17.35237500 17.35216700 0.00020800 3 274531866631875
17.37479200 17.39933400 17.39912500 0.00020900 3 274531884006625
17.27979200 17.38095800 17.38074900 0.00020900 3 274531901286416
17.23875000 17.20587500 17.20570800 0.00016700 3 274531918525125
17.28800000 17.19783300 17.19770700 0.00012600 3 274531935813291
17.27283300 17.39895900 17.39875100 0.00020800 3 274531953086000
17.21508300 17.16579100 17.16558300 0.00020800 3 274531970301083
17.16233400 17.10754200 17.10737500 0.00016700 3 274531987463458
16.90808300 17.02762500 17.02750100 0.00012400 3 274532004371541
17.47804200 17.32508300 17.32487400 0.00020900 3 274532021849541
17.00141600 17.01729200 17.01712500 0.00016700 3 274532038851000
17.15370900 17.23829200 17.23812400 0.00016800 3 274532056004708
17.30858300 17.26208300 17.26195800 0.00012500 3 274532073313291
17.06320800 17.00537500 17.00521000 0.00016500 3 274532090376458
16.95029200 17.09250000 17.09233400 0.00016600 3 274532107326791
17.33879200 17.26816700 17.26799900 0.00016800 3 274532124665666
16.92445800 16.90604100 16.90587400 0.00016700 3 274532141589958
17.13745800 17.18583400 17.18566800 0.00016600 3 274532158727458
17.09658400 17.03908300 17.03895700 0.00012600 3 274532175824000
18.01412500 17.99420800 17.99379100 0.00041700 3 274532193838166
16.89520800 17.07720900 17.07700000 0.00020900 3 274532210733416
17.62250000 17.51120800 17.51079100 0.00041700 3 274532228356083
17.41570800 17.47570800 17.47550000 0.00020800 3 274532245771625
17.21320900 17.30662500 17.30641700 0.00020800 3 274532262984833
17.47070800 17.36304200 17.36283500 0.00020700 3 274532280455500
16.97137500 17.07108300 17.07095900 0.00012400 3 274532297426875
17.21520800 17.23495900 17.23475100 0.00020800 3 274532314642125
17.04566700 17.01287500 17.01270800 0.00016700 3 274532331687708
17.64583300 17.58933300 17.58920700 0.00012600 3 274532349333583
17.37391700 17.40166700 17.40149900 0.00016800 3 274532366707500
17.56975000 17.52620800 17.52604200 0.00016600 3 274532384277250
17.22045800 17.24583300 17.24566600 0.00016700 3 274532401497750
17.44533400 17.43025000 17.43012500 0.00012500 3 274532418943083
17.42258300 17.40212500 17.40195900 0.00016600 3 274532436365666
17.56220800 17.57258400 17.57241700 0.00016700 3 274532453927833
17.18241700 17.15387500 17.15366700 0.00020800 3 274532471110291
17.70129200 17.61079100 17.61062400 0.00016700 3 274532488811583
17.51920800 17.69812500 17.69791800 0.00020700 3 274532506330875
17.13708300 17.03500000 17.03483200 0.00016800 3 274532523469250
17.64245900 17.72475000 17.72458400 0.00016600 3 274532541110250
17.42562500 17.34633400 17.34616800 0.00016600 3 274532558535958
17.15979100 17.20016600 17.20004000 0.00012600 3 274532575695750
17.54112500 17.51270900 17.51254200 0.00016700 3 274532593236833
17.10000000 17.13629100 17.13608400 0.00020700 3 274532610336875
17.07087500 17.03729200 17.03716900 0.00012300 3 274532627407750
17.23520900 17.28529200 17.28516600 0.00012600 3 274532644643000
17.20850000 17.16129100 17.16104200 0.00024900 3 274532661851416
17.23133300 17.25758400 17.25737500 0.00020900 3 274532679082833
17.48362500 17.43854100 17.43833300 0.00020800 3 274532696566416
17.08537500 17.12416700 17.12400000 0.00016700 3 274532713651791
17.19966700 17.21729200 17.21708300 0.00020900 3 274532730851416
17.14475000 17.13191600 17.13179000 0.00012600 3 274532747996250
17.41095800 17.45250000 17.45233300 0.00016700 3 274532765407125
17.26537500 17.22812500 17.22795700 0.00016800 3 274532782672541
17.47008300 17.47308400 17.47287500 0.00020900 3 274532800142625
17.26633400 17.28579100 17.28562300 0.00016800 3 274532817408958
17.44783300 17.39725000 17.39708300 0.00016700 3 274532834856791
17.12358300 17.15670900 17.15654200 0.00016700 3 274532851980458
17.42258400 17.44045800 17.44029200 0.00016600 3 274532869402916
17.40054100 17.31916700 17.31899900 0.00016800 3 274532886803541
17.52833400 17.52916600 17.52895800 0.00020800 3 274532904331791
16.99754100 17.04841700 17.04825100 0.00016600 3 274532921329416
17.32154200 17.33283300 17.33266700 0.00016600 3 274532938650875
17.41195800 17.37379200 17.37362500 0.00016700 3 274532956062833
17.37795900 17.44770800 17.44754100 0.00016700 3 274532973440791
17.39608300 17.31741700 17.31721000 0.00020700 3 274532990836916
17.73008300 17.73725000 17.73708400 0.00016600 3 274533008567000
16.95804200 17.05191700 17.05175000 0.00016700 3 274533025525083
17.67070800 17.44787500 17.44775000 0.00012500 3 274533043195791
16.96666700 17.08525000 17.08504100 0.00020900 3 274533060162416
16.76325000 16.83329100 16.83304100 0.00025000 3 274533076925625
17.76637500 17.55179200 17.55150000 0.00029200 3 274533094692083
17.37995800 17.44975000 17.44925100 0.00049900 3 274533112072000
17.35966700 17.47054200 17.47025000 0.00029200 3 274533129431708
16.77966700 16.75033300 16.75016600 0.00016700 3 274533146211291
16.44050000 16.43591700 16.43570800 0.00020900 3 274533162651833
16.31933300 16.42104100 16.42083400 0.00020700 3 274533178971125
17.24212500 17.05012500 17.04995800 0.00016700 3 274533196213291
16.52516700 16.59625000 16.59604200 0.00020800 3 274533212738500
16.81737500 16.87850000 16.87829200 0.00020800 3 274533229555958
16.76250000 16.70070900 16.70058300 0.00012600 3 274533246318333
16.59987500 16.62337500 16.62324900 0.00012600 3 274533262918166
16.45487500 16.52041600 16.52025000 0.00016600 3 274533279373083
16.69220800 16.61875000 16.61854300 0.00020700 3 274533296065250
16.62995800 16.62100000 16.62083400 0.00016600 3 274533312695250
16.46608400 16.49962500 16.49937400 0.00025100 3 274533329161333
16.77029100 16.73262500 16.73245900 0.00016600 3 274533345931625
16.56312500 16.57570900 16.57558300 0.00012600 3 274533362494666
16.45795900 16.45412500 16.45400100 0.00012400 3 274533378952708
16.62216600 16.60729100 16.60716700 0.00012400 3 274533395574875
16.47554200 16.46495900 16.46483300 0.00012600 3 274533412050375
16.43950000 16.46379100 16.46362400 0.00016700 3 274533428489875
16.61391700 16.58695900 16.58670700 0.00025200 3 274533445103833
16.50383300 16.51525000 16.51512400 0.00012600 3 274533461607625
16.45008300 16.44837500 16.44816600 0.00020900 3 274533478057708
16.73079200 16.71116600 16.71075000 0.00041600 3 274533494788541
16.59245800 16.59983400 16.59962600 0.00020800 3 274533511380958
16.62516700 16.63220800 16.63204300 0.00016500 3 274533528006125
16.68666700 16.67254200 16.67237500 0.00016700 3 274533544692833
16.46550000 16.46908300 16.46887500 0.00020800 3 274533561158291
16.55725000 16.54516700 16.54500200 0.00016500 3 274533577715541
16.47220800 16.49620800 16.49600000 0.00020800 3 274533594187750
16.49075000 16.47600000 16.47583300 0.00016700 3 274533610678500
16.52391700 16.52316700 16.52304200 0.00012500 3 274533627202416
16.48258300 16.48850000 16.48833400 0.00016600 3 274533643685000
16.49466700 16.42854100 16.42833400 0.00020700 3 274533660179666
17.26341600 17.19950000 17.19933300 0.00016700 3 274533677443083
17.20608400 17.22691700 17.22679200 0.00012500 3 274533694649208
17.22950000 17.27158300 17.27145800 0.00012500 3 274533711878666
17.24208300 17.24158400 17.24141800 0.00016600 3 274533729120791
17.26795800 17.26841600 17.26820800 0.00020800 3 274533746388750
17.26625000 17.34283400 17.34266700 0.00016700 3 274533763654958
17.46833400 17.39616600 17.39591600 0.00025000 3 274533781123291
17.21641600 17.20641700 17.20629300 0.00012400 3 274533798339708
17.07229200 17.17675000 17.17662500 0.00012500 3 274533815412041
17.43258300 17.30770800 17.30749900 0.00020900 3 274533832844625
17.04166700 17.18112500 17.18100000 0.00012500 3 274533849886250
17.18962500 17.28025000 17.28004200 0.00020800 3 274533867075916
17.59829200 17.53854200 17.53841800 0.00012400 3 274533884674208
17.34500000 17.33966700 17.33954300 0.00012400 3 274533902019375
17.30370800 17.40725000 17.40708300 0.00016700 3 274533919322833
17.33845800 17.24900000 17.24879200 0.00020800 3 274533936661333
17.29400000 17.25200000 17.25187500 0.00012500 3 274533953955416
17.18233400 17.30120800 17.30091600 0.00029200 3 274533971137750
17.38583300 17.33041700 17.33025000 0.00016700 3 274533988523541
17.44904200 17.44070800 17.44050100 0.00020700 3 274534005972583
17.59425000 17.68358300 17.68341500 0.00016800 3 274534023566916
17.32012500 17.23525000 17.23508300 0.00016700 3 274534040886916
17.48670800 17.47333400 17.47316600 0.00016800 3 274534058373625
17.24291700 17.33708300 17.33695800 0.00012500 3 274534075616541
17.69816600 17.62604200 17.62591700 0.00012500 3 274534093314708
17.41154200 17.36795800 17.36783300 0.00012500 3 274534110726333
17.47325000 17.53954200 17.53937500 0.00016700 3 274534128199541
17.52133300 17.42158300 17.42145800 0.00012500 3 274534145720875
17.15641700 17.25383300 17.25358300 0.00025000 3 274534162877250
17.49879200 17.49550000 17.49533200 0.00016800 3 274534180376041
18.37962500 18.34362500 18.34337400 0.00025100 3 274534198755708
17.57570800 17.54116700 17.54104400 0.00012300 3 274534216331375
17.87591700 17.85950000 17.85900000 0.00050000 3 274534234207333
17.59250000 17.60970800 17.60950100 0.00020700 3 274534251799833
17.44091600 17.40175000 17.40158300 0.00016700 3 274534269240833
16.83504200 16.81900000 16.81883400 0.00016600 3 274534286075750
17.32245800 17.34833400 17.34812500 0.00020900 3 274534303398333
17.11741700 17.10529100 17.10508200 0.00020900 3 274534320515583
17.02679200 17.00450000 17.00433200 0.00016800 3 274534337542416
17.04012500 17.08679200 17.08658400 0.00020800 3 274534354582541
17.28325000 17.23045800 17.23033300 0.00012500 3 274534371865791
16.88012500 16.96862500 16.96837600 0.00024900 3 274534388745958
17.02012500 17.00937500 17.00916500 0.00021000 3 274534405766083
17.06091600 17.00870900 17.00854200 0.00016700 3 274534422827041
17.01883400 17.07075000 17.07058400 0.00016600 3 274534439845750
17.11783300 17.03787500 17.03775000 0.00012500 3 274534456963750
16.99966700 17.04129100 17.04108300 0.00020800 3 274534473963291
17.11862500 17.07687500 17.07666700 0.00020800 3 274534491081916
17.24250000 17.24904200 17.24891700 0.00012500 3 274534508324666
17.12841600 17.15041700 17.15020800 0.00020900 3 274534525452833
17.33704200 17.30850000 17.30837500 0.00012500 3 274534542789916
17.04570800 17.05370800 17.05345900 0.00024900 3 274534559835625
17.49691700 17.47058300 17.47041700 0.00016600 3 274534577332583
16.99350000 16.99862500 16.99841600 0.00020900 3 274534594326000
17.18041700 17.15120900 17.15108300 0.00012600 3 274534611506500
17.17891600 17.22795800 17.22775000 0.00020800 3 274534628685333
16.97145900 17.00508300 17.00487400 0.00020900 3 274534645656833
17.51754100 17.49345900 17.49325100 0.00020800 3 274534663174375
17.56158400 17.61216600 17.61204200 0.00012400 3 274534680735958
17.55995800 17.52395900 17.52379200 0.00016700 3 274534698295875
16.87266700 16.98004100 16.97987500 0.00016600 3 274534715168583
17.10954100 17.15720900 17.15695700 0.00025200 3 274534732278083
17.59337500 17.50479100 17.50458300 0.00020800 3 274534749871458
17.29183400 17.29745900 17.29733300 0.00012600 3 274534767163291
17.00350000 17.11029100 17.11004000 0.00025100 3 274534784166833
17.24545800 17.16416700 17.16400100 0.00016600 3 274534801412375
17.19354200 17.14562500 17.14541700 0.00020800 3 274534818605833
16.93941600 17.01666700 17.01650000 0.00016700 3 274534835545208
17.35175000 17.27158300 17.27137500 0.00020800 3 274534852896958
17.04941700 17.10504200 17.10479200 0.00025000 3 274534869946375
17.43229200 17.47433300 17.47416700 0.00016600 3 274534887378666
17.35654100 17.28204200 17.28183200 0.00021000 3 274534904735208
17.38379200 17.33837500 17.33820900 0.00016600 3 274534922119000
17.05104200 17.18475000 17.18458200 0.00016800 3 274534939170125
17.46258300 17.36095800 17.36070900 0.00024900 3 274534956632625
17.67058300 17.65708300 17.65687500 0.00020800 3 274534974303375
17.27362500 17.36095900 17.36070800 0.00025100 3 274534991576875
17.51920900 17.46166600 17.46141600 0.00025000 3 274535009096083
17.26600000 17.32250000 17.32233300 0.00016700 3 274535026362083
16.98729100 17.01366700 17.01350000 0.00016700 3 274535043349375
17.56820900 17.46195800 17.46179200 0.00016600 3 274535060917583
17.13904100 17.20945900 17.20933400 0.00012500 3 274535078056666
17.60087500 17.49891600 17.49870600 0.00021000 3 274535095657500
18.01091700 18.03950000 18.03929100 0.00020900 3 274535113668375
18.27687500 18.20850000 18.20837400 0.00012600 3 274535131945250
18.07545800 18.05333400 18.05316700 0.00016700 3 274535150020666
17.87591700 17.98016600 17.98000000 0.00016600 3 274535167896625
17.80175000 17.38845900 17.38804300 0.00041600 3 274535185698458
17.37970800 17.81887500 17.81870700 0.00016800 3 274535203078125
17.84266700 17.71683300 17.71645900 0.00037400 3 274535220920750
17.69633300 17.76370800 17.76329200 0.00041600 3 274535238617083
17.12658400 17.13787500 17.13766600 0.00020900 3 274535255743666
17.48029100 17.48075000 17.48058200 0.00016800 3 274535273224000
17.37554200 17.33933400 17.33916600 0.00016800 3 274535290599541
17.08833300 17.12608300 17.12587400 0.00020900 3 274535307687833
17.88041700 17.78983300 17.78941600 0.00041700 3 274535325568583
21.25379200 21.23354200 21.23291600 0.00062600 3 274535346822458
18.57691600 18.61404200 18.61366800 0.00037400 3 274535365399166
17.90708400 17.90575000 17.90558300 0.00016700 3 274535383306041
17.53137500 17.55795800 17.55779100 0.00016700 3 274535400837458
17.77170800 17.78091700 17.78070800 0.00020900 3 274535418609125
17.93983300 17.91083300 17.91062400 0.00020900 3 274535436549000
17.51979200 17.58387500 17.58366700 0.00020800 3 274535454068791
17.01920800 17.02687500 17.02670900 0.00016600 3 274535471088041
17.24779200 17.27591700 17.27570900 0.00020800 3 274535488335875
17.14862500 17.14033300 17.14004200 0.00029100 3 274535505484375
17.71466700 17.61270800 17.61249800 0.00021000 3 274535523199041
17.18129100 17.27766700 17.27754200 0.00012500 3 274535540380333
17.29308400 17.29608300 17.29587600 0.00020700 3 274535557673458
17.43604100 17.37108400 17.37087600 0.00020800 3 274535575109458
17.22075000 17.26541600 17.26524900 0.00016700 3 274535592330208
17.53266700 17.60191700 17.60170900 0.00020800 3 274535609862875
17.25337500 17.22212500 17.22191700 0.00020800 3 274535627116291
17.29391700 17.28408300 17.28387500 0.00020800 3 274535644410166
17.26541600 17.29854200 17.29841700 0.00012500 3 274535661675583
17.12991700 17.11000000 17.10979100 0.00020900 3 274535678805625
17.25208300 17.21150000 17.21133400 0.00016600 3 274535696057583
17.15733400 17.22379200 17.22366600 0.00012600 3 274535713214958
17.38683300 17.39829100 17.39816600 0.00012500 3 274535730601750
17.37591700 17.29020900 17.29004200 0.00016700 3 274535747977708
17.79825000 17.81037500 17.81025000 0.00012500 3 274535765776041
18.05733300 18.07800000 18.07779200 0.00020800 3 274535783833333
17.71641700 17.69491600 17.69466600 0.00025000 3 274535801549666
17.14291600 17.21133400 17.21108300 0.00025100 3 274535818692583
17.34975000 17.29425000 17.29408200 0.00016800 3 274535836042333
17.24100000 17.26687500 17.26670800 0.00016700 3 274535853283333
17.11895900 17.13412500 17.13395700 0.00016800 3 274535870402333
17.29241600 17.26229100 17.26216700 0.00012400 3 274535887694791
17.29970900 17.31583400 17.31566800 0.00016600 3 274535904994416
17.49450000 17.48804100 17.48783300 0.00020800 3 274535922488916
18.85125000 18.59095900 18.59050200 0.00045700 3 274535941340958
20.16666600 20.24404100 20.24337500 0.00066600 3 274535961507250
21.83712500 21.57912500 21.57812400 0.00100100 3 274535983343958
20.75920900 20.53350000 20.53300100 0.00049900 3 274536004103250
20.12687500 20.69495900 20.69462500 0.00033400 3 274536024230000
18.49700000 18.46629100 18.46570800 0.00058300 3 274536042727291
19.84441600 19.78075000 19.78008400 0.00066600 3 274536062571791
17.37854200 17.55070900 17.55025000 0.00045900 3 274536079950083
17.47500000 17.48166600 17.48133300 0.00033300 3 274536097425000
17.52458300 17.50687500 17.50650000 0.00037500 3 274536114949625
17.17175000 17.15937500 17.15912500 0.00025000 3 274536132121333
16.85191700 16.86708400 16.86687500 0.00020900 3 274536148973250
17.28795800 17.27704100 17.27653900 0.00050200 3 274536166261208
17.80320900 17.76695900 17.76662500 0.00033400 3 274536184064458
17.58362500 17.61270800 17.61254200 0.00016600 3 274536201648041
17.66175000 17.67637500 17.67595900 0.00041600 3 274536219309791
17.73000000 17.71641700 17.71604200 0.00037500 3 274536237039791
17.36904100 17.30008300 17.29941700 0.00066600 3 274536254408833
17.28870900 17.38916700 17.38870800 0.00045900 3 274536271697541
17.17487500 17.18379100 17.18362400 0.00016700 3 274536288872416
16.72833300 16.77387500 16.77366500 0.00021000 3 274536305600833
17.49475000 17.37487500 17.37470800 0.00016700 3 274536323095583
17.09129200 17.10058400 17.10021000 0.00037400 3 274536340186791
16.76441600 16.85633300 16.85612500 0.00020800 3 274536356951250
16.67691700 16.66079200 16.66066600 0.00012600 3 274536373628166
16.59754200 16.55862500 16.55841700 0.00020800 3 274536390225666
16.94320800 16.94900000 16.94883300 0.00016700 3 274536407168958
16.70362500 16.71279100 16.71266500 0.00012600 3 274536423872541
17.35920800 17.30812500 17.30766700 0.00045800 3 274536441231708
17.82404200 17.82687500 17.82345900 0.00341600 3 274536459055875
16.97250000 17.00387500 17.00341700 0.00045800 3 274536476028333
16.76795800 16.79833400 16.79804100 0.00029300 3 274536492796250
17.34600000 17.29933300 17.29874900 0.00058400 3 274536510142208
16.83329200 16.88929200 16.88900000 0.00029200 3 274536526975500
16.51845800 16.62883300 16.62866600 0.00016700 3 274536543493958
16.97608400 16.88379200 16.88349900 0.00029300 3 274536560470000
16.84670800 16.80995800 16.80975000 0.00020800 3 274536577316791
17.57275000 17.52787500 17.52754000 0.00033500 3 274536594889500
18.33354200 18.31787500 18.31750000 0.00037500 3 274536613223041
19.11804100 19.08204200 19.07895700 0.00308500 3 274536632341083
18.38300000 18.45491600 18.45445900 0.00045700 3 274536650724333
17.81895900 17.79595900 17.79554200 0.00041700 3 274536668543041
17.40766600 17.36404100 17.36387400 0.00016700 3 274536685950750
17.62475000 17.60333400 17.60291800 0.00041600 3 274536703575500
17.35770900 17.44316600 17.44295800 0.00020800 3 274536720933208
18.14637500 17.97929200 17.97895900 0.00033300 3 274536739079666
18.88775000 18.90120800 18.90070700 0.00050100 3 274536757967250
18.46116600 18.51391700 18.51366700 0.00025000 3 274536776428541
18.01470900 18.03808300 18.03766600 0.00041700 3 274536794443125
17.47358300 17.59208400 17.59179300 0.00029100 3 274536811916791
17.78641700 17.69091600 17.69041600 0.00050000 3 274536829703208
18.04558300 17.94266700 17.94225200 0.00041500 3 274536847749291
18.04712500 18.25562500 18.25495900 0.00066600 3 274536865796166
17.93679200 17.88175000 17.88141800 0.00033200 3 274536883732708
17.23012500 17.25879200 17.25866700 0.00012500 3 274536900962791
17.30404100 17.40395800 17.40379200 0.00016600 3 274536918266833
17.31633400 17.23691700 17.23670800 0.00020900 3 274536935583166
17.03616600 17.01904100 17.01887500 0.00016600 3 274536952619375
16.98600000 17.06200000 17.06183400 0.00016600 3 274536969605375
17.25070900 17.18195900 17.18179200 0.00016700 3 274536986856083
17.33654100 17.31383300 17.31370900 0.00012400 3 274537004192666
17.57700000 17.63266700 17.63245900 0.00020800 3 274537021769583
17.75162500 17.61466600 17.61437500 0.00029100 3 274537039521250
17.37562500 17.43129200 17.43108400 0.00020800 3 274537056896833
17.07600000 17.15579200 17.15562600 0.00016600 3 274537073972875
17.48787500 17.44650000 17.44633300 0.00016700 3 274537091460750
17.53575000 17.43841600 17.43820700 0.00020900 3 274537108996458
17.16020900 17.26679200 17.26666700 0.00012500 3 274537126156666
17.52054100 17.47858300 17.47837500 0.00020800 3 274537143677208
17.87800000 17.62479200 17.62458500 0.00020700 3 274537161555416
17.77950000 17.93783300 17.93766600 0.00016700 3 274537179334791
18.70370900 18.83687500 18.83654100 0.00033400 3 274537198038541
17.45104100 17.43341700 17.43304400 0.00037300 3 274537215489458
17.57979200 17.58075000 17.58033300 0.00041700 3 274537233069291
17.40045800 17.29291700 17.29245700 0.00046000 3 274537250469833
17.81970900 17.77200000 17.77174900 0.00025100 3 274537268289458
17.49216600 17.55541600 17.55524900 0.00016700 3 274537285781583
17.72045900 17.81525000 17.81479200 0.00045800 3 274537303502041
17.94608300 17.92487500 17.92462600 0.00024900 3 274537321448125
17.97916700 17.77237500 17.77212500 0.00025000 3 274537339427833
18.05625000 18.06437500 18.06420900 0.00016600 3 274537357483750
17.65812500 17.68700000 17.68674900 0.00025100 3 274537375142416
18.02125000 18.23583400 18.23537700 0.00045700 3 274537393163125
18.10308300 18.96195800 18.96150100 0.00045700 3 274537411266041
6.32950000 5.48941700 5.48916800 0.00024900 3 274537417595458
18.14187500 19.05208300 19.05154200 0.00054100 3 274537435737416
6.00179200 5.13475000 5.13450100 0.00024900 3 274537441739250
18.53150000 19.30737500 19.30658400 0.00079100 3 274537460270708
5.92312500 5.15845800 5.15829000 0.00016800 3 274537466193875
17.38412500 18.19508400 18.19441800 0.00066600 3 274537483578000
6.14020800 5.22037500 5.22016600 0.00020900 3 274537489718166
16.93045800 17.74812500 17.74758400 0.00054100 3 274537506648833
6.17925000 5.54295800 5.54270900 0.00024900 3 274537512827916
18.86620900 19.51308300 19.51249900 0.00058400 3 274537531694083
6.46112500 5.36879200 5.36858500 0.00020700 3 274537538156166
18.25387500 19.44204200 19.44170900 0.00033300 3 274537556409083
5.98129100 5.25241600 5.25220700 0.00020900 3 274537562390458
18.13875000 18.88004200 18.87970900 0.00033300 3 274537580529083
5.84191700 5.13579200 5.13558400 0.00020800 3 274537586371041
17.11058300 17.78875000 17.78858400 0.00016600 3 274537603481625
5.59562500 4.92550000 4.92533300 0.00016700 3 274537609077375
16.81237500 17.57420800 17.57404200 0.00016600 3 274537625889666
5.60420900 4.88587500 4.88575100 0.00012400 3 274537631493875
17.03837500 17.73750000 17.73720800 0.00029200 3 274537648532208
15.51962500 14.65991700 5.00566700 9.65425000 3 274537664051791
17.26554100 18.06300000 18.06283400 0.00016600 3 274537681317333
16.13683400 15.35712500 5.24437500 10.11275000 3 274537697454375
17.64966600 18.42425000 18.42404100 0.00020900 3 274537715103833
15.68162500 15.00633300 5.15279200 9.85354100 3 274537730785541
17.34962500 18.07700000 18.07679100 0.00020900 3 274537748135125
15.75741700 14.93258300 4.92537500 10.00720800 3 274537763893291
17.59500000 18.39150000 18.39129100 0.00020900 3 274537781487500
15.99479200 15.23712500 5.08783300 10.14929200 3 274537797482416
17.25345800 18.05254200 18.05233300 0.00020900 3 274537814735791
15.93116700 15.11216700 5.00033400 10.11183300 3 274537830667041
17.22495800 18.05470800 18.05454200 0.00016600 3 274537847891833
16.33608300 15.46429200 5.16391700 10.30037500 3 274537864227958
17.41441700 18.27062500 18.27037500 0.00025000 3 274537881642416
15.97116700 15.12429100 5.03516500 10.08912600 3 274537897613625
17.30962500 18.16041700 18.16025100 0.00016600 3 274537914923250
15.95887500 15.13529200 4.99599900 10.13929300 3 274537930882041
17.35312500 18.20304100 18.20283400 0.00020700 3 274537948235166
16.19504100 15.27454200 5.08091700 10.19362500 3 274537964430250
17.82491700 18.69529200 18.69504100 0.00025100 3 274537982255208
15.54854200 14.70900000 5.23691600 9.47208400 3 274537997803791
17.77904100 18.61708300 18.61683300 0.00025000 3 274538015582750
15.43850000 14.64845800 4.98454100 9.66391700 3 274538031021166
17.60420900 18.40229200 18.40191700 0.00037500 3 274538048625416
15.96633300 15.07708300 5.12491600 9.95216700 3 274538064591791
18.32704200 19.21850000 19.21829200 0.00020800 3 274538082918791
14.89975000 14.06616700 5.11162600 8.95454100 3 274538097818791
17.71491600 18.52833300 18.52791800 0.00041500 3 274538115533416
15.71379200 14.90758400 5.40725100 9.50033300 3 274538131247291
17.69354200 18.53008300 18.52979200 0.00029100 3 274538148940833
15.64870800 14.74825000 5.22875000 9.51950000 3 274538164589625
17.68691700 18.58016700 18.57983400 0.00033300 3 274538182276416
15.67208300 14.80966600 5.35879100 9.45087500 3 274538197948541
18.38895800 19.17208400 19.17162500 0.00045900 3 274538216337541
14.92366700 14.13341600 5.31720700 8.81620900 3 274538231261166
18.21158300 19.05654200 19.05616700 0.00037500 3 274538249472708
15.05287500 14.27504200 5.22987400 9.04516800 3 274538264525625
18.43575000 19.22937500 19.22883300 0.00054200 3 274538282961333
15.11258400 14.30241600 5.30774900 8.99466700 3 274538298073958
17.90875000 18.60300000 18.60279200 0.00020800 3 274538315992791
15.37150000 14.59370900 5.49208300 9.10162600 3 274538331354333
17.89650000 18.80091600 18.80075100 0.00016500 3 274538349250708
15.44491600 14.69937500 5.04183400 9.65754100 3 274538364695708
17.94962500 18.67254200 18.67229300 0.00024900 3 274538382645291
15.36341700 14.58087500 4.95362500 9.62725000 3 274538398008708
17.38029200 18.14000000 18.13979300 0.00020700 3 274538415389000
16.32170800 15.44387500 5.28920800 10.15466700 3 274538431710708
17.97579200 18.87854200 18.87825000 0.00029200 3 274538449686375
15.15091600 14.43708300 5.15079200 9.28629100 3 274538464837375
17.37458400 18.10558300 18.10537400 0.00020900 3 274538482212000
16.06766600 15.22245900 5.07183400 10.15062500 3 274538498279750
17.60712500 18.39645800 18.39620800 0.00025000 3 274538515886750
15.64954200 14.93195800 5.05033200 9.88162600 3 274538531536250
17.43445800 18.19666700 18.19645900 0.00020800 3 274538548970750
15.83495900 15.10050000 4.90187400 10.19862600 3 274538564805708
17.65700000 18.40616700 18.40600000 0.00016700 3 274538582462708
15.76929100 14.94070800 4.89041700 10.05029100 3 274538598232041
17.60670900 18.40312500 18.40300100 0.00012400 3 274538615838708
15.72058300 14.96070800 4.94279200 10.01791600 3 274538631559375
17.44070800 18.23654200 18.23633400 0.00020800 3 274538649000000
15.81141700 15.12233300 4.86312500 10.25920800 3 274538664811416
17.40170800 18.09641700 18.09620900 0.00020800 3 274538682213083
16.13691700 15.35208300 5.04725000 10.30483300 3 274538698350000
17.28687500 18.05983400 18.05966700 0.00016700 3 274538715636875
16.04508300 15.24233300 4.98508200 10.25725100 3 274538731682125
17.39720900 18.21112500 18.21087500 0.00025000 3 274538749079291
15.90629100 15.14937500 4.89371000 10.25566500 3 274538764985583
17.50050000 18.23920800 18.23899900 0.00020900 3 274538782486000
15.91654200 15.15562500 4.97879100 10.17683400 3 274538798402541
17.85787500 18.62720900 18.62704100 0.00016800 3 274538816260541
15.47954200 14.71245800 4.91283300 9.79962500 3 274538831740083
17.63520800 18.39320800 18.39299900 0.00020900 3 274538849375125
15.78775000 15.00000000 4.96179100 10.03820900 3 274538865162916
17.79150000 18.57483400 18.57470900 0.00012500 3 274538882954375
15.62887500 14.83079100 4.99887400 9.83191700 3 274538898583375
17.70079200 18.52104200 18.52087600 0.00016600 3 274538916284125
15.41404100 14.56904200 4.91808400 9.65095800 3 274538931698125
17.68237500 18.55366600 18.55350000 0.00016600 3 274538949380458
15.95020900 15.08129200 4.97333400 10.10795800 3 274538965330791
17.68962500 18.54958300 18.54941700 0.00016600 3 274538983020291
15.55091600 14.75800000 4.89245800 9.86554200 3 274538998571291
18.16720900 18.94008400 18.93983300 0.00025100 3 274539016738500
15.24504100 14.45350000 4.92808300 9.52541700 3 274539031983500
17.56908400 18.35337500 18.35320800 0.00016700 3 274539049552541
15.75320800 14.97608300 4.96183400 10.01424900 3 274539065305833
17.53583300 18.25800000 18.25770900 0.00029100 3 274539082841750
15.81537500 15.10016700 4.89508400 10.20508300 3 274539098657000
17.71083400 18.49233300 18.49212500 0.00020800 3 274539116367791
15.86120800 15.02279200 5.99037500 9.03241700 3 274539132229166
17.48625000 18.20658300 18.20625100 0.00033200 3 274539149715250
15.82508300 15.02258300 5.03216600 9.99041700 3 274539165540500
18.61620900 19.47554200 19.47533400 0.00020800 3 274539184156541
14.87145800 14.03691700 5.55346000 8.48345700 3 274539199028083
18.25787500 19.19245800 19.19229200 0.00016600 3 274539217285916
15.15512500 14.16987500 5.17341700 8.99645800 3 274539232441125
18.24666700 19.14070800 19.14050000 0.00020800 3 274539250687708
14.90941600 14.06812500 5.11445900 8.95366600 3 274539265597166
18.09750000 19.00533400 19.00516700 0.00016700 3 274539283694625
15.27879200 14.39816600 5.00691500 9.39125100 3 274539298973458
18.37616700 19.28779200 19.28758400 0.00020800 3 274539317349541
15.08095800 14.06125000 5.11016700 8.95108300 3 274539332430541
18.10220800 19.02212500 19.02195800 0.00016700 3 274539350532750
15.23075000 14.33983300 5.04191700 9.29791600 3 274539365763500
17.88329200 18.87787500 18.87766700 0.00020800 3 274539383646750
15.53154200 14.53225000 5.12795800 9.40429200 3 274539399178458
17.97625000 18.97112500 18.97095800 0.00016700 3 274539417154583
15.32108300 14.34479200 4.94079300 9.40399900 3 274539432475708
17.81179200 18.73354200 18.73333200 0.00021000 3 274539450287416
15.62529100 14.62475000 5.08941700 9.53533300 3 274539465912875
17.96220900 19.00791600 19.00774900 0.00016700 3 274539483874875
15.45500000 14.50104200 5.05683400 9.44420800 3 274539499330125
18.13737500 19.04729200 19.04716600 0.00012600 3 274539517467333
15.11058300 14.17983300 5.07133300 9.10850000 3 274539532577958
18.25416700 19.22079200 19.22062500 0.00016700 3 274539550832125
15.04187500 14.12675000 5.12991700 8.99683300 3 274539565873958
17.89070800 18.82554100 18.82533400 0.00020700 3 274539583764625
15.51816700 14.56400000 4.97999900 9.58400100 3 274539599282958
18.07275000 19.02895900 19.02879200 0.00016700 3 274539617355583
15.39029100 14.39904100 5.18404100 9.21500000 3 274539632745791
17.81800000 18.81266700 18.81254300 0.00012400 3 274539650563833
15.45287500 14.50808300 4.98087500 9.52720800 3 274539666016750
18.10016700 18.98804200 18.98766700 0.00037500 3 274539684116916
15.41266700 14.41791700 5.11866700 9.29925000 3 274539699529583
18.25225000 19.24487500 19.24475000 0.00012500 3 274539717781833
15.09600000 14.14583300 5.24195700 8.90387600 3 274539732877833
18.02429100 18.97479200 18.97466700 0.00012500 3 274539750902208
15.29362500 14.34437500 4.97133200 9.37304300 3 274539766195833
17.06454200 18.03679100 18.03658300 0.00020800 3 274539783260250
16.26166700 15.33112500 4.96641700 10.36470800 3 274539799522083
16.98700000 17.90895900 17.90879300 0.00016600 3 274539816508916
16.32945800 15.42720800 5.07233300 10.35487500 3 274539832838458
17.17812500 18.10091700 18.10066800 0.00024900 3 274539850016541
16.25237500 15.31962500 4.99612500 10.32350000 3 274539866269000
17.14712500 18.04575000 18.04562500 0.00012500 3 274539883416000
16.12137500 15.29233300 5.09683300 10.19550000 3 274539899537458
17.32066700 18.11329200 18.11308300 0.00020900 3 274539916858083
15.91729100 15.14091600 5.02354000 10.11737600 3 274539932775375
17.23183400 18.04925000 18.04900000 0.00025000 3 274539950007291
16.24450000 15.44387500 4.95341700 10.49045800 3 274539966251708
17.36741600 18.12187500 18.12170900 0.00016600 3 274539983619125
15.96979200 15.22595900 5.01508300 10.21087600 3 274539999588958
17.61279200 18.41333300 18.41312500 0.00020800 3 274540017201666
15.71495800 14.98487500 4.93829200 10.04658300 3 274540032916666
17.34620800 18.06108300 18.06087500 0.00020800 3 274540050262833
15.94437500 15.11920900 4.93433400 10.18487500 3 274540066207250
17.11195900 17.91312500 17.91300000 0.00012500 3 274540083319166
16.36437500 15.61429100 4.96404000 10.65025100 3 274540099683625
17.40545800 18.14950000 18.14929100 0.00020900 3 274540117089041
15.81995800 15.06633400 4.95320800 10.11312600 3 274540132909041
17.49183400 18.26333300 18.26312600 0.00020700 3 274540150400833
16.05504100 15.24058300 4.94454100 10.29604200 3 274540166455833
17.39775000 18.18720900 18.18708300 0.00012600 3 274540183853583
15.99520900 15.25504100 5.52924900 9.72579200 3 274540199848791
17.41633300 18.15162500 18.15141700 0.00020800 3 274540217265125
16.04979200 15.27870900 5.12237500 10.15633400 3 274540233315000
17.75345800 18.56975000 18.56958300 0.00016700 3 274540251068375
15.52079200 14.72883300 5.00095800 9.72787500 3 274540266589208
17.78979100 18.52754200 18.52737500 0.00016700 3 274540284379000
15.55475000 14.79150000 4.98495800 9.80654200 3 274540299933875
17.51933400 18.34758300 18.34741700 0.00016600 3 274540317453166
15.80841600 15.06625000 4.96041700 10.10583300 3 274540333261541
17.91766700 18.65420800 18.65391700 0.00029100 3 274540351179166
15.62975000 14.76225000 5.02999900 9.73225100 3 274540366808916
17.38000000 18.17662500 18.17641700 0.00020800 3 274540384190666
15.88020800 15.12091700 5.07766600 10.04325100 3 274540400069250
17.37270900 18.23208300 18.23191500 0.00016800 3 274540417441833
16.00225000 15.17666700 5.03800100 10.13866600 3 274540433444083
17.40520800 18.22466700 18.22449900 0.00016800 3 274540450849250
16.14654200 15.21612500 5.06954200 10.14658300 3 274540466996000
18.62658300 19.49962500 19.49937500 0.00025000 3 274540485622416
14.79595800 13.86704100 5.35400000 8.51304100 3 274540500418541
18.08004200 19.02441700 19.02416700 0.00025000 3 274540518498333
15.14200000 14.31133300 5.38029100 8.93104200 3 274540533640375
17.73408300 18.56066700 18.56037600 0.00029100 3 274540551374541
15.75483400 14.85529200 5.17308300 9.68220900 3 274540567129291
18.08616600 18.97816600 18.97799900 0.00016700 3 274540585215500
15.08212500 14.28500000 5.09766500 9.18733500 3 274540600297666
17.74154200 18.53845900 18.53825000 0.00020900 3 274540618039125
15.38729200 14.60158300 4.89862500 9.70295800 3 274540633426500
17.61262500 18.45041700 18.45025000 0.00016700 3 274540651039083
15.87620800 15.07108300 4.90887500 10.16220800 3 274540666915416
17.46900000 18.27695800 18.27675000 0.00020800 3 274540684384250
15.90916700 15.09733400 4.96437600 10.13295800 3 274540700293583
17.66845800 18.42183300 18.42166700 0.00016600 3 274540717962041
15.74891700 14.97145800 4.98512400 9.98633400 3 274540733710916
17.49483300 18.34825000 18.34812500 0.00012500 3 274540751205708
15.81237500 14.99591700 4.93691700 10.05900000 3 274540767018000
17.71220800 18.49562500 18.49545900 0.00016600 3 274540784730208
15.63470900 14.86012500 4.89691700 9.96320800 3 274540800365041
17.49125000 18.24762500 18.24745900 0.00016600 3 274540817856166
15.92108300 15.13233300 5.00179200 10.13054100 3 274540833777291
17.44212500 18.26275000 18.26262400 0.00012600 3 274540851219458
15.95241700 15.14979200 4.96496000 10.18483200 3 274540867171916
17.62633300 18.43062500 18.43037600 0.00024900 3 274540884798166
15.79029200 14.97237500 5.00433400 9.96804100 3 274540900588500
17.62287500 18.35945800 18.35929200 0.00016600 3 274540918211375
15.71004100 14.98183400 5.03137600 9.95045800 3 274540933921375
17.61150000 18.40775000 18.40754000 0.00021000 3 274540951532791
15.67187500 14.91550000 4.92112500 9.99437500 3 274540967204750
17.72141700 18.43475000 18.43458300 0.00016700 3 274540984939625
15.85058300 15.00125000 5.23750000 9.76375000 3 274541000776791
18.42100000 19.23758300 19.23733400 0.00024900 3 274541019197750
14.73083400 14.01991700 4.94133300 9.07858400 3 274541033928583
17.86475000 18.64458300 18.64441800 0.00016500 3 274541051793375
15.55125000 14.77779200 4.96904200 9.80875000 3 274541067344583
17.50312500 18.27254100 18.27233200 0.00020900 3 274541084847666
15.84666600 15.04016700 4.95162600 10.08854100 3 274541100694375
17.59608400 18.33241700 18.33212500 0.00029200 3 274541118290458
15.80962500 15.05612500 5.06183300 9.99429200 3 274541134100166
17.53279100 18.36333300 18.36316800 0.00016500 3 274541151632916
15.81741700 15.05708300 5.01395800 10.04312500 3 274541167450375
17.99820800 18.66050000 18.66033300 0.00016700 3 274541185448541
15.46720900 14.72766700 5.22408400 9.50358300 3 274541200915833
17.86750000 18.62133300 18.62112500 0.00020800 3 274541218783166
15.46837500 14.76983400 5.05750000 9.71233400 3 274541234251583
17.73683300 18.50925000 18.50887500 0.00037500 3 274541251988416
15.52558300 14.77250000 4.95366600 9.81883400 3 274541267514083
17.56450000 18.34787500 18.34770900 0.00016600 3 274541285078458
15.94879200 15.09308300 5.01062500 10.08245800 3 274541301027375
17.62750000 18.43675000 18.43658400 0.00016600 3 274541318654791
15.71879200 14.87458300 5.06904200 9.80554100 3 274541334373583
17.72683300 18.59041700 18.59025100 0.00016600 3 274541352100458
15.59858300 14.76775000 4.93408400 9.83366600 3 274541367699000
17.72750000 18.50987500 18.50971000 0.00016500 3 274541385426458
15.63279200 14.85833300 4.95341600 9.90491700 3 274541401059291
17.41058300 18.25412500 18.25387400 0.00025100 3 274541418469833
15.97625000 15.10500000 5.04562400 10.05937600 3 274541434446125
17.53708400 18.37400000 18.37383400 0.00016600 3 274541451983208
15.62654100 14.80558400 4.98845800 9.81712600 3 274541467609833
17.59095900 18.42970800 18.42945900 0.00024900 3 274541485200666
16.02445800 15.20391700 5.20591600 9.99800100 3 274541501225208
18.26212500 19.05258300 19.05233400 0.00024900 3 274541519487250
15.00370800 14.20241700 5.09879100 9.10362600 3 274541534491000
17.56570900 18.36208300 18.36187500 0.00020800 3 274541552056791
15.80600000 15.01000000 4.95541800 10.05458200 3 274541567862750
17.57508300 18.41808300 18.41791800 0.00016500 3 274541585437750
15.84008300 15.00287500 5.03487400 9.96800100 3 274541601277916
17.65570900 18.48008400 18.47991700 0.00016700 3 274541618933583
15.72941600 14.87500000 4.93012500 9.94487500 3 274541634663083
17.39416700 18.24008300 18.23991600 0.00016700 3 274541652057166
15.91600000 15.05516700 5.09037600 9.96479100 3 274541667973250
17.37895800 18.26054100 18.26041700 0.00012400 3 274541685352125
15.98487500 15.14745900 4.88216700 10.26529200 3 274541701337000
17.52170900 18.33062500 18.33045700 0.00016800 3 274541718858666
15.66937500 14.89825000 4.94383300 9.95441700 3 274541734528083
17.57779100 18.24233300 18.24221000 0.00012300 3 274541752105833
16.03612500 15.29012500 5.06054200 10.22958300 3 274541768142083
17.53325000 18.39983300 18.39970800 0.00012500 3 274541785675208
15.73695900 14.95112500 4.90633300 10.04479200 3 274541801412166
17.32395800 18.11300000 18.11287500 0.00012500 3 274541818736166
16.29141700 15.37387500 5.29758300 10.07629200 3 274541835027791
18.04620800 18.80587500 18.80566600 0.00020900 3 274541853073791
15.06400000 14.41233400 5.11445900 9.29787500 3 274541868137791
17.62179200 18.45112500 18.45099900 0.00012600 3 274541885759583
15.72050000 14.89220800 4.87550000 10.01670800 3 274541901480125
17.31058300 18.10754200 18.10737500 0.00016700 3 274541918790625
16.06691700 15.27170800 4.88125000 10.39045800 3 274541934857666
17.16570800 17.92537500 17.92520800 0.00016700 3 274541952023291
16.13891700 15.31041700 4.98512500 10.32529200 3 274541968162125
17.34058300 18.18537500 18.18525100 0.00012400 3 274541985502750
16.12079200 15.35770800 4.96070800 10.39700000 3 274542001623583
17.79175000 18.59208300 18.59187500 0.00020800 3 274542019415291
15.47020800 14.58104200 4.94775100 9.63329100 3 274542034885541
17.30608300 18.12475000 18.12454200 0.00020800 3 274542052191583
16.21900000 15.40970800 4.97820800 10.43150000 3 274542068410583
17.42050000 18.14562500 18.14537500 0.00025000 3 274542085831250
15.85662500 15.15712500 5.49625000 9.66087500 3 274542101687750
17.42675000 18.26895900 18.26862600 0.00033300 3 274542119114500
16.27725000 15.26666600 5.30441600 9.96225000 3 274542135391875
18.43804200 19.41800000 19.41779200 0.00020800 3 274542153829750
14.79020800 13.85475000 5.09108300 8.76366700 3 274542168620166
18.54216700 19.48770900 19.48745800 0.00025100 3 274542187162125
14.67262500 13.86583300 5.06633200 8.79950100 3 274542201834791
18.29033300 19.14295800 19.14274900 0.00020900 3 274542220125125
15.38604200 14.44316700 5.23775100 9.20541600 3 274542235511291
18.08845800 19.03087500 19.03066600 0.00020900 3 274542253599625
15.00029200 14.12991700 4.96995900 9.15995800 3 274542268599916
18.27100000 19.15116600 19.15095600 0.00021000 3 274542286870916
15.06150000 14.18833400 4.93808300 9.25025100 3 274542301932458
18.12012500 18.99462500 18.99445800 0.00016700 3 274542320052500
15.26008300 14.36533300 5.11308400 9.25224900 3 274542335312625
18.20116700 19.05287500 19.05254200 0.00033300 3 274542353513791
15.26366700 14.38808300 5.02241700 9.36566600 3 274542368777458
18.03258300 18.95320900 18.95304200 0.00016700 3 274542386810041
15.32600000 14.34937500 4.93604100 9.41333400 3 274542402136166
18.22312500 19.20495800 19.20475100 0.00020700 3 274542420359166
15.10450000 14.18916700 4.94929300 9.23987400 3 274542435463791
18.20575000 19.10691600 19.10675000 0.00016600 3 274542453669416
15.18695800 14.23766700 5.06854300 9.16912400 3 274542468856375
18.38625000 19.34725000 19.34704300 0.00020700 3 274542487242583
15.07691700 14.11629200 5.28112400 8.83516800 3 274542502319625
18.21179200 19.17166600 19.17145800 0.00020800 3 274542520531291
15.05025000 14.13058400 5.41604200 8.71454200 3 274542535581666
18.26441600 19.17754100 19.17733300 0.00020800 3 274542553845958
15.14904200 14.16687500 5.08945900 9.07741600 3 274542568995041
18.29312500 19.28450000 19.28425000 0.00025000 3 274542587288166
15.02591700 14.08087500 5.01141600 9.06945900 3 274542602314250
18.25162500 19.20170900 19.20158300 0.00012600 3 274542620565708
14.95470800 14.11154100 5.05845800 9.05308300 3 274542635520416
18.61425000 19.39508400 19.39483300 0.00025100 3 274542654134666
14.91179200 13.95195800 5.10754300 8.84441500 3 274542669046458
18.30466600 19.22129200 19.22108400 0.00020800 3 274542687351083
15.24041700 14.32083300 5.20137400 9.11945900 3 274542702591583
18.47716700 19.46912500 19.46900200 0.00012300 3 274542721068666
14.48054100 13.66645800 4.96125000 8.70520800 3 274542735549291
17.46066700 18.23775000 18.23762500 0.00012500 3 274542753009875
16.03816700 15.29262500 4.99399900 10.29862600 3 274542769048083
17.48733300 18.17875000 18.17858400 0.00016600 3 274542786535416
15.84908300 15.17037500 4.97745900 10.19291600 3 274542802384458
17.27087500 18.04154200 18.04137500 0.00016700 3 274542819655333
15.83800000 15.12837500 4.88179200 10.24658300 3 274542835493375
17.63383400 18.30741700 18.30724900 0.00016800 3 274542853127166
16.02804100 15.24362500 4.97233300 10.27129200 3 274542869155250
17.42725000 18.15050000 18.15033200 0.00016800 3 274542886582458
15.78666700 15.09462500 5.00300000 10.09162500 3 274542902369208
17.47529200 18.21904100 18.21883300 0.00020800 3 274542919844500
15.95366600 15.26241700 4.99058400 10.27183300 3 274542935798125
17.17979200 17.91670800 17.91654200 0.00016600 3 274542952977916
16.22766700 15.44687500 4.89520900 10.55166600 3 274542969205583
17.15762500 17.82829200 17.82816800 0.00012400 3 274542986363208
16.40312500 15.49166700 4.92520800 10.56645900 3 274543002766416
17.34200000 18.31758300 18.31745800 0.00012500 3 274543020108333
15.86533300 15.13166700 4.94700000 10.18466700 3 274543035973791
17.48141700 18.24779100 18.24758300 0.00020800 3 274543053455041
15.70254100 14.90066700 4.88591700 10.01475000 3 274543069157708
17.34883400 18.08970800 18.08949900 0.00020900 3 274543086506458
16.22545800 15.47604200 4.94741800 10.52862400 3 274543102732000
17.50137500 18.27904200 18.27887500 0.00016700 3 274543120233208
15.86983300 15.06158300 4.94720800 10.11437500 3 274543136103125
17.37837500 18.19591700 18.19579200 0.00012500 3 274543153481458
16.05991700 15.20800000 4.90416600 10.30383400 3 274543169541375
17.78758300 18.59100000 18.59045800 0.00054200 3 274543187329083
15.47600000 14.69983300 5.20216600 9.49766700 3 274543202805125
17.56770900 18.37850000 18.37833400 0.00016600 3 274543220372625
15.94112500 15.11845800 5.22874900 9.88970900 3 274543236313875
17.56604100 18.40212500 18.40187500 0.00025000 3 274543253879833
15.80150000 15.01020900 5.13720900 9.87300000 3 274543269681416
17.49995900 18.29512500 18.29495900 0.00016600 3 274543287181250
15.78270800 15.02129100 5.03708200 9.98420900 3 274543302964041
17.52037500 18.30083400 18.30062400 0.00021000 3 274543320484333
15.80979200 15.00987500 4.94045800 10.06941700 3 274543336294375
17.85091600 18.59050000 18.59029100 0.00020900 3 274543354145083
15.64254200 14.83150000 5.01612400 9.81537600 3 274543369787708
17.59654200 18.44870800 18.44849900 0.00020900 3 274543387384208
15.50812500 14.71162500 4.98833400 9.72329100 3 274543402892333
17.56075000 18.35541700 18.35525000 0.00016700 3 274543420453083
15.94966600 15.15666600 5.02345800 10.13320800 3 274543436402791
17.34654200 18.12900000 18.12879200 0.00020800 3 274543453749250
15.97766700 15.21583400 4.88633500 10.32949900 3 274543469728500
17.47983300 18.25875000 18.25850000 0.00025000 3 274543487206916
15.98900000 15.21383300 5.02804300 10.18579000 3 274543503195791
17.44137500 18.11470800 18.11454000 0.00016800 3 274543520637166
15.88808300 15.22275000 5.04170900 10.18104100 3 274543536525291
17.46850000 18.22375000 18.22358400 0.00016600 3 274543553993750
15.74845900 15.08150000 4.88391600 10.19758400 3 274543569742208
17.53837500 18.20541700 18.20525100 0.00016600 3 274543587280500
15.84237500 15.12183300 4.91979100 10.20204200 3 274543603122958
17.47112500 18.07608400 18.07591700 0.00016700 3 274543620594041
16.11679100 15.45991600 5.18087600 10.27904000 3 274543636710958
17.44387500 18.23087500 18.23062400 0.00025100 3 274543654154708
15.76404200 15.02558400 4.92408400 10.10150000 3 274543669918833
17.45283300 18.15045800 18.15029200 0.00016600 3 274543687371875
15.98604200 15.23016700 4.98320800 10.24695900 3 274543703357750
17.36683300 18.10562500 18.10541700 0.00020800 3 274543720724458
15.89479200 15.20758300 5.00945800 10.19812500 3 274543736619291
17.16354200 17.92558300 17.92533300 0.00025000 3 274543753782791
16.22504100 15.49054200 4.96445900 10.52608300 3 274543770007875
17.46270900 18.19125000 18.19108500 0.00016500 3 274543787470541
16.16354100 15.31670800 5.05062400 10.26608400 3 274543803634041
17.08225000 17.86191700 17.86166800 0.00024900 3 274543820716375
16.09800000 15.38116700 5.04733400 10.33383300 3 274543836814458
17.27270900 18.01450000 18.01429200 0.00020800 3 274543854087041
15.99812500 15.29912500 5.05187500 10.24725000 3 274543870085250
16.97275000 17.73529100 17.73504100 0.00025000 3 274543887057916
16.60225000 15.71783400 4.99429200 10.72354200 3 274543903660291
16.91937500 17.74404100 17.74375000 0.00029100 3 274543920579583
16.19679100 15.38804200 4.96691700 10.42112500 3 274543936776333
16.81245900 17.68337500 17.68320900 0.00016600 3 274543953588875
16.72029100 15.85029200 4.87474900 10.97554300 3 274543970309166
16.75816700 17.61341600 17.61324900 0.00016700 3 274543987067291
16.48387500 15.74029200 4.88812500 10.85216700 3 274544003551166
17.23312500 17.98816700 17.98795900 0.00020800 3 274544020784291
16.27204200 15.40862500 4.92095700 10.48766800 3 274544037056291
16.53800000 17.41087500 17.41066600 0.00020900 3 274544053594291
16.86162500 16.00045800 4.96079100 11.03966700 3 274544070455916
16.73758300 17.56333300 17.56316500 0.00016800 3 274544087193500
16.51854200 15.69733400 4.97404300 10.72329100 3 274544103712083
16.58941600 17.40483300 17.40466600 0.00016700 3 274544120301458
16.84087500 15.99662500 4.86620800 11.13041700 3 274544137142416
16.32979200 17.23562500 17.23546000 0.00016500 3 274544153472125
16.95025000 16.07900000 4.82083400 11.25816600 3 274544170422500
17.24212500 18.01233300 18.01195800 0.00037500 3 274544187664458
16.23941700 15.42804200 5.17200100 10.25604100 3 274544203904041
16.65037500 17.51662500 17.51645800 0.00016700 3 274544220554333
16.88337500 15.93208300 5.15133200 10.78075100 3 274544237437750
16.46750000 17.42683400 17.42670800 0.00012600 3 274544253905125
16.79466600 15.84633300 5.06495800 10.78137500 3 274544270699916
16.35262500 17.29187500 17.29166800 0.00020700 3 274544287052458
16.94400000 15.93787500 4.94929200 10.98858300 3 274544303996458
17.48395900 17.55620800 17.55604100 0.00016700 3 274544321480416
16.03608300 16.84908400 16.84895800 0.00012600 3 274544337516583
16.70175000 15.89875000 5.23666700 10.66208300 3 274544354218333
16.11945800 17.03079100 17.03062500 0.00016600 3 274544370337708
17.05012500 16.05095900 4.97450000 11.07645900 3 274544387387875
15.99137500 16.84720800 16.84704200 0.00016600 3 274544403379208
17.45062500 16.59287500 4.95633400 11.63654100 3 274544420829958
15.91500000 16.61337500 16.61316700 0.00020800 3 274544436744833
17.36600000 16.80195800 4.95233400 11.84962400 3 274544454110875
16.00354200 16.80945900 16.80920900 0.00025000 3 274544470114375
17.41895800 16.58787500 4.92983400 11.65804100 3 274544487533333
16.04170900 16.87983300 16.87962400 0.00020900 3 274544503575041
17.15370800 16.36758300 5.04841600 11.31916700 3 274544520728875
16.79483300 17.64220900 17.64208300 0.00012600 3 274544537523583
16.65179200 15.83483300 4.92354200 10.91129100 3 274544554175416
16.60037500 17.37941700 17.37924900 0.00016800 3 274544570775791
16.89579200 16.05712500 5.00462600 11.05249900 3 274544587671666
16.36608300 17.18712500 17.18700000 0.00012500 3 274544604037625
16.92408300 16.11279100 5.04604200 11.06674900 3 274544620961791
16.02104200 16.89520900 16.89504300 0.00016600 3 274544636982916
17.28487500 16.46554100 4.94574800 11.51979300 3 274544654267625
16.11862500 16.97704200 16.97687600 0.00016600 3 274544670386250
17.30487500 16.35850000 4.92958300 11.42891700 3 274544687691125
15.99008300 16.65387500 16.65370900 0.00016600 3 274544703681208
17.38150000 16.74054200 5.09479200 11.64575000 3 274544721062791
16.28775000 17.19695800 17.19675100 0.00020700 3 274544737350500
17.04483400 16.24541700 5.00325000 11.24216700 3 274544754395458
16.58166600 17.34233300 17.34216600 0.00016700 3 274544770976958
16.65370900 15.79545800 4.92662300 10.86883500 3 274544787630708
16.59208300 17.37395900 17.37383300 0.00012600 3 274544804223000
16.79837500 16.02887500 5.00137400 11.02750100 3 274544821021250
16.82850000 17.68045800 17.68020900 0.00024900 3 274544837849750
16.62850000 15.81454200 4.88999900 10.92454300 3 274544854478166
16.88762500 17.70412500 17.70391500 0.00021000 3 274544871365791
16.40920800 15.62170800 4.83675000 10.78495800 3 274544887775000
16.92587500 17.74433300 17.74412400 0.00020900 3 274544904700833
16.39350000 15.50037500 5.00237500 10.49800000 3 274544921094416
16.89170900 17.75237500 17.75220800 0.00016700 3 274544937986083
16.59312500 15.75316700 4.92141800 10.83174900 3 274544954579250
17.34475000 18.16845800 18.16820900 0.00024900 3 274544971923916
15.90708300 15.05687500 5.06020900 9.99666600 3 274544987831083
17.21916700 18.09616700 18.09591700 0.00025000 3 274545005050208
16.39237500 15.42912500 6.11800000 9.31112500 3 274545021442583
17.60066600 18.51008300 18.50974900 0.00033400 3 274545039043208
16.89200000 15.39141700 6.39616600 8.99525100 3 274545055935583
19.95183400 21.43254200 21.43216700 0.00037500 3 274545075887166
13.49970800 11.55412500 5.70183300 5.85229200 3 274545089386916
19.48645800 21.45033300 21.44979200 0.00054100 3 274545108873333
12.48395900 11.68804200 5.14670800 6.54133400 3 274545121357250
17.20933300 18.04108300 18.04087600 0.00020700 3 274545138566458
16.55091700 15.38929200 6.21750000 9.17179200 3 274545155117541
17.58275000 18.72525000 18.72479100 0.00045900 3 274545172700291
15.81654100 14.88433300 5.27558400 9.60874900 3 274545188516833
17.72387500 18.72770800 18.72745800 0.00025000 3 274545206240625
15.34995900 14.44583400 4.93633300 9.50950100 3 274545221590625
18.39845800 19.24712500 19.24687500 0.00025000 3 274545239989000
15.07170800 14.14650000 5.13145900 9.01504100 3 274545255060875
18.27516700 19.24445800 19.24425000 0.00020800 3 274545273335916
15.09554200 14.17129200 5.23058300 8.94070900 3 274545288431583
18.21370800 19.14291600 19.14270700 0.00020900 3 274545306645125
15.02933300 14.12295900 4.96733300 9.15562600 3 274545321674500
18.35879200 19.15562500 19.15541700 0.00020800 3 274545340033333
15.02208300 14.24637500 5.23237400 9.01400100 3 274545355055375
18.16562500 19.02083300 19.02070700 0.00012600 3 274545373220958
15.21033400 14.37150000 5.06941700 9.30208300 3 274545388431500
18.35875000 19.22791700 19.22770900 0.00020800 3 274545406790083
15.00045800 14.05704100 5.12395800 8.93308300 3 274545421790500
17.97533300 18.85858400 18.85841700 0.00016700 3 274545439765833
15.36025000 14.54595800 5.07820900 9.46774900 3 274545455126083
18.01445900 18.90012500 18.89987600 0.00024900 3 274545473140583
15.25345800 14.44016700 5.13379200 9.30637500 3 274545488394041
18.27533300 19.04662500 19.04641600 0.00020900 3 274545506669375
15.13462500 14.33433300 4.97070800 9.36362500 3 274545521804000
18.38966700 19.14720800 19.14704100 0.00016700 3 274545540193666
15.02829200 14.19912500 5.18712400 9.01200100 3 274545555222083
18.12700000 19.04108400 19.04096000 0.00012400 3 274545573348958
15.16783300 14.38320800 4.99516700 9.38804100 3 274545588516791
18.23154200 19.01625000 19.01612500 0.00012500 3 274545606748291
15.21850000 14.27387500 5.04500000 9.22887500 3 274545621966916
18.14254100 19.00245800 19.00224900 0.00020900 3 274545640109375
15.29241700 14.42041700 5.24029300 9.18012400 3 274545655401916
17.93537500 18.89362500 18.89341600 0.00020900 3 274545673337125
15.31100000 14.42370800 4.99483100 9.42887700 3 274545688648250
18.73395800 19.56800000 19.56783400 0.00016600 3 274545707382208
14.87612500 13.93058400 5.24287600 8.68770800 3 274545722258250
18.54250000 19.50612500 19.50591500 0.00021000 3 274545740800708
14.87070900 13.85920800 5.14512500 8.71408300 3 274545755671583
18.23933300 19.22445800 19.22425000 0.00020800 3 274545773910750
14.77783300 13.97250000 4.94325100 9.02924900 3 274545788688625
17.06075000 17.90008400 17.89987400 0.00021000 3 274545805749375
16.48212500 15.52312500 4.89875100 10.62437400 3 274545822231458
16.89716700 17.83562500 17.83537500 0.00025000 3 274545839128708
16.45583300 15.54050000 4.92470800 10.61579200 3 274545855584541
16.88312500 17.79641600 17.79624900 0.00016700 3 274545872467583
16.45891700 15.56525000 4.91329100 10.65195900 3 274545888926625
17.03862500 17.93308400 17.93295900 0.00012500 3 274545905965166
16.37354200 15.48929100 5.05770800 10.43158300 3 274545922338708
16.80229100 17.71920900 17.71900000 0.00020900 3 274545939140958
16.42600000 15.55433300 4.87229200 10.68204100 3 274545955567000
16.68350000 17.51987500 17.51970800 0.00016700 3 274545972250458
16.74933400 15.92112500 4.91900000 11.00212500 3 274545988999875
16.81825000 17.56220800 17.56208300 0.00012500 3 274546005818083
16.54541600 15.78279200 5.22983300 10.55295900 3 274546022363625
16.75995900 17.64404200 17.64387400 0.00016800 3 274546039123416
16.44879100 15.66195800 4.92020800 10.74175000 3 274546055572250
17.05916700 17.80033300 17.80012400 0.00020900 3 274546072631375
16.28141700 15.45441700 4.98758500 10.46683200 3 274546088912833
16.76212500 17.58125000 17.58108400 0.00016600 3 274546105674958
16.63254100 15.80558300 4.94129100 10.86429200 3 274546122307541
16.56329200 17.41404200 17.41383400 0.00020800 3 274546138870791
16.79979200 16.02945800 4.93712400 11.09233400 3 274546155670583
16.73620800 17.42741700 17.42729300 0.00012400 3 274546172406750
17.16933300 16.30479200 5.38158300 10.92320900 3 274546189576125
17.06245900 17.99770800 17.99745900 0.00024900 3 274546206638541
16.04420800 15.14991700 4.96237600 10.18754100 3 274546222682833
16.89179200 17.76350000 17.76329200 0.00020800 3 274546239574625
16.37862500 15.51475000 4.95295800 10.56179200 3 274546255953208
16.59166600 17.42129100 17.42104200 0.00024900 3 274546272544833
16.53666700 15.76408400 4.97429300 10.78979100 3 274546289081500
16.70862500 17.54395800 17.54375000 0.00020800 3 274546305790208
16.85537500 16.01437500 4.90808400 11.10629100 3 274546322645541
17.02700000 17.84316700 17.84295900 0.00020800 3 274546339672500
16.38154200 15.51495800 4.96870800 10.54625000 3 274546356054125
16.61687500 17.43762500 17.43746000 0.00016500 3 274546372670916
16.75862500 15.97875000 5.00570800 10.97304200 3 274546389429666
16.90233300 17.77541700 17.77520800 0.00020900 3 274546406331833
16.42166700 15.61312500 5.00174900 10.61137600 3 274546422753750
17.05883300 17.84391600 17.84370800 0.00020800 3 274546439812458
16.11679200 15.28220900 4.92550100 10.35670800 3 274546455929291
16.76037500 17.53916600 17.53895800 0.00020800 3 274546472689583
16.72879100 15.96712500 4.93891600 11.02820900 3 274546489418333
16.95437500 17.78391700 17.78375100 0.00016600 3 274546506372708
16.33700000 15.56304200 4.93858400 10.62445800 3 274546522709750
20.86683400 21.54637500 21.54574900 0.00062600 3 274546543576583
12.81254100 12.01391600 5.33599900 6.67791700 3 274546556389875
18.02937500 18.67866700 18.67800100 0.00066600 3 274546574418583
16.07016700 15.19870800 5.90262400 9.29608400 3 274546590489333
29.21162500 30.25933400 30.25879200 0.00054200 3 274546619700208
5.97783300 5.20058300 5.20033300 0.00025000 3 274546625678291
19.49200000 20.22229200 20.22175100 0.00054100 3 274546645170166
11.31895900 10.53141600 5.40520800 5.12620800 3 274546656489166
16.86879100 17.73566700 17.73541600 0.00025100 3 274546673357833
16.32070900 15.50266700 4.92199900 10.58066800 3 274546689678708
16.97054100 17.79929100 17.79904000 0.00025100 3 274546706649083
16.34500000 15.57504200 4.96820900 10.60683300 3 274546722994250
16.90979200 17.71937500 17.71529100 0.00408400 3 274546739903875
16.38570800 15.48708300 5.00724900 10.47983400 3 274546756289708
16.78220900 17.66700000 17.66679100 0.00020900 3 274546773071833
16.69079100 15.84220900 4.95362600 10.88858300 3 274546789762750
16.96658400 17.81070800 17.81049900 0.00020900 3 274546806729166
16.20550000 15.38445800 4.95291600 10.43154200 3 274546822934750
17.17454100 17.93116700 17.93100100 0.00016600 3 274546840109208
16.47275000 15.65358300 5.20766600 10.44591700 3 274546856582166
16.90095900 17.74837500 17.74816700 0.00020800 3 274546873482958
16.37550000 15.59045900 5.02416800 10.56629100 3 274546889858458
16.87600000 17.68295800 17.68279200 0.00016600 3 274546906734500
16.56437500 15.71962500 5.05779100 10.66183400 3 274546923298791
16.76916600 17.64425000 17.64408300 0.00016700 3 274546940068000
16.42416700 15.54691700 4.94762500 10.59929200 3 274546956492166
16.81183300 17.63466600 17.63450000 0.00016600 3 274546973303958
16.73404200 15.89787500 4.96837400 10.92950100 3 274546990038125
17.09075000 17.91637500 17.91608300 0.00029200 3 274547007128791
16.36250000 15.48066700 5.04787500 10.43279200 3 274547023491250
16.70512500 17.59591700 17.59575100 0.00016600 3 274547040196500
16.51512500 15.73508300 4.92704200 10.80804100 3 274547056711625
16.68879200 17.54300000 17.54283400 0.00016600 3 274547073400291
16.63308300 15.78704200 4.91979200 10.86725000 3 274547090033333
16.83758300 17.56975000 17.56954000 0.00021000 3 274547106870958
16.58141700 15.77500000 4.97962400 10.79537600 3 274547123452583
16.43483300 17.33287500 17.33266700 0.00020800 3 274547139887250
16.86137500 16.05458300 4.90466700 11.14991600 3 274547156748583
16.75166700 17.54804200 17.54779200 0.00025000 3 274547173500333
16.71966700 15.76604100 5.09358100 10.67246000 3 274547190219916
16.81116600 17.65958400 17.65929100 0.00029300 3 274547207031291
16.53283400 15.75095800 4.95458300 10.79637500 3 274547223563875
16.61304100 17.47895800 17.47879100 0.00016700 3 274547240177000
16.83041700 15.93191700 4.97133400 10.96058300 3 274547257007458
16.16154200 17.06900000 17.06883400 0.00016600 3 274547273168958
17.17587500 16.26512500 4.90758300 11.35754200 3 274547290344833
16.42612500 17.26462500 17.26445900 0.00016600 3 274547306770916
17.00491600 16.14570800 5.07462400 11.07108400 3 274547323776000
16.46391700 17.38862500 17.38845900 0.00016600 3 274547340243583
16.81566700 16.01487500 4.99100000 11.02387500 3 274547357055458
16.32137500 17.12000000 17.11979100 0.00020900 3 274547373376791
17.05625000 16.12854200 4.91491800 11.21362400 3 274547390433083
16.18141600 17.06283300 17.06266600 0.00016700 3 274547406614458
17.30637500 16.40629200 5.07066800 11.33562400 3 274547423921041
16.19920900 17.19337500 17.19320900 0.00016600 3 274547440120083
16.99991600 16.12108300 4.94625000 11.17483300 3 274547457120000
16.46783400 17.34500000 17.34483300 0.00016700 3 274547473587791
16.99191600 15.98170900 4.85658300 11.12512600 3 274547490579791
16.23600000 17.21495800 17.21483200 0.00012600 3 274547506815708
17.21108400 16.27391700 5.01604200 11.25787500 3 274547524026958
16.30904100 17.27091600 17.27070700 0.00020900 3 274547540335875
16.92841700 15.98837500 4.85375100 11.13462400 3 274547557264291
16.52962500 17.43833400 17.43812500 0.00020900 3 274547573793875
16.95545800 16.00704100 4.93583200 11.07120900 3 274547590749458
16.37050000 17.32670900 17.32650000 0.00020900 3 274547607119833
16.76329200 15.81129100 4.93945700 10.87183400 3 274547623883208
16.05670800 17.04379200 17.04362600 0.00016600 3 274547639939875
17.43245900 16.51866700 5.04945900 11.46920800 3 274547657372291
17.09979100 17.89904100 17.89875000 0.00029100 3 274547674472083
16.54795900 15.62000000 5.43187600 10.18812400 3 274547691020041
17.20804100 18.20400000 18.20387400 0.00012600 3 274547708228041
16.23104200 15.10925000 5.35316700 9.75608300 3 274547724459333
16.55779200 17.70037500 17.70020700 0.00016800 3 274547741016958
16.40600000 15.55241700 4.96304200 10.58937500 3 274547757423000
16.60400000 17.38570800 17.38208200 0.00362600 3 274547774026958
16.75066600 15.96445900 4.94425100 11.02020800 3 274547790777666
16.96525000 17.80529100 17.80512500 0.00016600 3 274547807743041
16.17812500 15.36812500 4.93529000 10.43283500 3 274547823921083
17.19929200 17.99250000 17.99225000 0.00025000 3 274547841120250
16.32291700 15.50320900 4.93850000 10.56470900 3 274547857443291
16.97525000 17.82845800 17.82820900 0.00024900 3 274547874418458
16.46979100 15.57975000 4.92025100 10.65949900 3 274547890888208
16.58987500 17.46625000 17.46600000 0.00025000 3 274547907478125
16.82770900 15.93779200 4.94299900 10.99479300 3 274547924305833
17.27383300 18.10691600 18.10670800 0.00020800 3 274547941579666
15.97841700 15.20504200 5.13162600 10.07341600 3 274547957558041
17.21425000 18.08483300 18.08466500 0.00016800 3 274547974772250
16.24004100 15.36970900 5.01137500 10.35833400 3 274547991012416
17.49629200 18.30341600 18.30312600 0.00029000 3 274548008508666
15.95270800 15.09412500 5.05874900 10.03537600 3 274548024461375
17.48037500 18.31912500 18.31895800 0.00016700 3 274548041941708
15.73345900 14.99925000 5.14633200 9.85291800 3 274548057675208
17.54045800 18.30045900 18.30033400 0.00012500 3 274548075215625
15.87820800 15.10716600 5.05145700 10.05570900 3 274548091093958
17.69095900 18.48325000 18.48308400 0.00016600 3 274548108784833
15.62470800 14.83420900 5.02883300 9.80537600 3 274548124409541
17.36279200 18.10920800 18.10900100 0.00020700 3 274548141772333
15.96833300 15.19283300 5.12562500 10.06720800 3 274548157740625
17.50220800 18.24362500 18.24337500 0.00025000 3 274548175242833
16.11408400 15.31595900 5.32908400 9.98687500 3 274548191356958
18.13412500 19.01104100 19.01091600 0.00012500 3 274548209491041
15.13820800 14.24266700 4.99166700 9.25100000 3 274548224629375
18.20862500 19.03470800 19.03449900 0.00020900 3 274548242837916
15.04150000 14.28008400 5.02337700 9.25670700 3 274548257879416
17.93091700 18.80800000 18.80779000 0.00021000 3 274548275810250
15.23179100 14.40737500 5.06554200 9.34183300 3 274548291042125
18.24312500 19.06300000 19.06279100 0.00020900 3 274548309285208
15.40387500 14.43333300 5.13841600 9.29491700 3 274548324689250
18.12625000 18.99058300 18.99037500 0.00020800 3 274548342815333
15.05062500 14.25841700 5.23625000 9.02216700 3 274548357866000
17.82629200 18.72258300 18.72237400 0.00020900 3 274548375692208
15.70283300 14.72079200 4.98541700 9.73537500 3 274548391395291
17.89095900 18.87500000 18.87483300 0.00016700 3 274548409286083
15.44870800 14.47137500 5.19204100 9.27933400 3 274548424734791
17.51570800 18.44183300 18.44162400 0.00020900 3 274548442250458
15.78962500 14.85754200 5.10658400 9.75095800 3 274548458040250
17.93670900 18.90904200 18.90887500 0.00016700 3 274548475976750
15.38454100 14.40933300 5.12024900 9.28908400 3 274548491361500
17.28912500 18.27375000 18.27362700 0.00012300 3 274548508650458
16.34133400 15.32475000 5.05791700 10.26683300 3 274548524991875
17.83504100 18.85291700 18.85279100 0.00012600 3 274548542826875
15.60887500 14.52208300 5.21883300 9.30325000 3 274548558435875
17.42783400 18.51512500 18.51491700 0.00020800 3 274548575863541
15.78412500 14.75912500 4.94058300 9.81854200 3 274548591647791
17.71979100 18.73737500 18.73725100 0.00012400 3 274548609367458
15.73316700 14.70520800 5.19433300 9.51087500 3 274548625100791
17.25920800 18.29641700 18.29620900 0.00020800 3 274548642359833
15.97216700 15.05008300 4.96870700 10.08137600 3 274548658332041
17.31345800 18.23500000 18.23487600 0.00012400 3 274548675645500
16.12683400 15.11579200 5.14354200 9.97225000 3 274548691772500
17.53195800 18.50450000 18.50416800 0.00033200 3 274548709304250
15.96200000 14.95679200 5.24945900 9.70733300 3 274548725266208
17.97275000 18.98141600 18.98116700 0.00024900 3 274548743239041
15.45416700 14.36695900 5.18566700 9.18129200 3 274548758693375
18.07416600 19.15483300 19.15462500 0.00020800 3 274548776767291
14.82041700 13.95329200 5.08345800 8.86983400 3 274548791587750
17.05666700 17.88966600 17.88949800 0.00016800 3 274548808644500
16.47320800 15.68470900 4.89558400 10.78912500 3 274548825117750
17.07862500 17.89962500 17.89950000 0.00012500 3 274548842196291
16.19604200 15.29654100 4.93183200 10.36470900 3 274548858392333
16.75287500 17.61987500 17.61970800 0.00016700 3 274548875145166
16.73566600 15.87733400 4.95437500 10.92295900 3 274548891880833
16.81875000 17.72962500 17.72945900 0.00016600 3 274548908699666
16.48037500 15.64141600 4.86087500 10.78054100 3 274548925180041
17.02395900 17.85387500 17.85366700 0.00020800 3 274548942203958
16.41483300 15.54816700 4.92050100 10.62766600 3 274548958618791
17.06333300 17.83558300 17.83541600 0.00016700 3 274548975682083
16.36187500 15.53233400 4.99937500 10.53295900 3 274548992044000
16.91270900 17.82716600 17.82691600 0.00025000 3 274549008956708
16.58870800 15.63916700 5.06591700 10.57325000 3 274549025545416
17.02650000 17.95937500 17.95920900 0.00016600 3 274549042571916
16.19537500 15.29225000 4.91895900 10.37329100 3 274549058767416
16.89066700 17.74758300 17.74745900 0.00012400 3 274549075657916
16.46745800 15.64137500 5.03237600 10.60899900 3 274549092125416
17.08083300 17.95345900 17.95329300 0.00016600 3 274549109206250
16.23887500 15.45083300 5.00237500 10.44845800 3 274549125445166
17.28041700 18.08700000 18.08683500 0.00016500 3 274549142725458
15.86254200 15.05616700 4.92737500 10.12879200 3 274549158588166
16.77150000 17.53483300 17.53458400 0.00024900 3 274549175359583
16.98687500 16.12933300 5.19108300 10.93825000 3 274549192346458
16.77445800 17.67683400 17.67662600 0.00020800 3 274549209120916
16.63050000 15.68020800 5.02191700 10.65829100 3 274549225751416
17.19070800 18.11441700 18.11424900 0.00016800 3 274549242942083
16.08095900 15.24887500 5.05629200 10.19258300 3 274549259023125
17.00637500 17.86116600 17.86099900 0.00016700 3 274549276029416
16.28775000 15.35866700 4.91591700 10.44275000 3 274549292317208
16.99470800 17.86016700 17.86000000 0.00016700 3 274549309312000
16.33091700 15.54004100 4.92033200 10.61970900 3 274549325642875
17.09862500 17.91283400 17.91262500 0.00020900 3 274549342741500
16.36212500 15.48250000 5.09941600 10.38308400 3 274549359103708
17.05233300 17.97000000 17.96983200 0.00016800 3 274549376155875
16.16208300 15.20720800 4.93929100 10.26791700 3 274549392317958
16.97554200 17.94000000 17.93979300 0.00020700 3 274549409293500
16.48945800 15.64370800 4.99683300 10.64687500 3 274549425783000
17.19316700 18.05508400 18.05483200 0.00025200 3 274549442976166
16.22933300 15.29141600 4.91020700 10.38120900 3 274549459205500
16.91287500 17.82450000 17.82424900 0.00025100 3 274549476118333
16.47687500 15.54133400 5.02220900 10.51912500 3 274549492595250
16.88537500 17.84266600 17.84249900 0.00016700 3 274549509480666
16.44387500 15.53675000 4.95525000 10.58150000 3 274549525924541
16.79133400 17.70395900 17.70375000 0.00020900 3 274549542715833
16.47437500 15.62687500 4.91641600 10.71045900 3 274549559190208
16.96745800 17.78629100 17.78608300 0.00020800 3 274549576157708
16.50633300 15.64950000 5.05683300 10.59266700 3 274549592665541
16.75933400 17.60566700 17.60550100 0.00016600 3 274549609423291
16.34137500 15.54045800 5.02395900 10.51649900 3 274549625764625
17.02825000 17.82737500 17.82720900 0.00016600 3 274549642792916
16.51791600 15.71145900 5.00033400 10.71112500 3 274549659310833
16.98375000 17.75895800 17.75875000 0.00020800 3 274549676294625
16.36645900 15.58720800 4.96462500 10.62258300 3 274549692661083
17.35845800 18.13079200 18.13062600 0.00016600 3 274549710019500
15.97408300 15.18550000 4.97045900 10.21504100 3 274549725993583
17.41491700 18.12654200 18.12637400 0.00016800 3 274549743408541
15.98300000 15.33429100 5.05899800 10.27529300 3 274549759391583
17.38583300 18.17729200 18.17712600 0.00016600 3 274549776777333
16.09875000 15.22658300 5.06954200 10.15704100 3 274549792876125
17.03991700 17.85887500 17.85875100 0.00012400 3 274549809916041
16.34720800 15.50212500 5.08395900 10.41816600 3 274549826263333
16.97783400 17.84020900 17.84004200 0.00016700 3 274549843241041
16.04341600 15.29175000 4.99870800 10.29304200 3 274549859284541
17.04058400 17.80133300 17.80116600 0.00016700 3 274549876325000
16.50462500 15.59416700 4.99441700 10.59975000 3 274549892829666
16.70687500 17.57704100 17.57687400 0.00016700 3 274549909536500
16.58450000 15.84466700 4.96008300 10.88458400 3 274549926121125
16.75341600 17.56683300 17.56666600 0.00016700 3 274549942874458
16.58737500 15.83258400 4.83441700 10.99816700 3 274549959462000
16.93995900 17.65758300 17.65745700 0.00012600 3 274549976402000
16.40000000 15.59533300 4.97712300 10.61821000 3 274549992801791
17.19970800 17.94350000 17.94333200 0.00016800 3 274550010001541
16.16600000 15.40362500 4.96441700 10.43920800 3 274550026167541
16.90012500 17.73237500 17.73221000 0.00016500 3 274550043067666
16.61904200 15.73691700 5.11816800 10.61874900 3 274550059686833
17.10404100 18.01000000 18.00979300 0.00020700 3 274550076790750
16.26254200 15.39820800 4.99050100 10.40770700 3 274550093053291
17.12112500 17.90237500 17.90220800 0.00016700 3 274550110174375
16.15016700 15.34154200 5.01433500 10.32720700 3 274550126324583
17.24325000 18.13420800 18.13404100 0.00016700 3 274550143567833
16.28675000 15.43183400 5.04208500 10.38974900 3 274550159854583
17.40508300 18.27462500 18.27445700 0.00016800 3 274550177259666
16.21675000 15.19045800 5.12829200 10.06216600 3 274550193476416
16.91266700 17.90420800 17.90399900 0.00020900 3 274550210389083
16.39512500 15.42195900 5.08712600 10.33483300 3 274550226784166
16.81387500 17.79641600 17.79624900 0.00016700 3 274550243598083
16.18929100 15.29716700 4.95933400 10.33783300 3 274550259787416
16.99508400 17.86066700 17.86049900 0.00016800 3 274550276782416
16.43604100 15.57225000 5.07624900 10.49600100 3 274550293218500
17.05550000 17.91391600 17.91375000 0.00016600 3 274550310273958
16.50212500 15.62016700 5.11333500 10.50683200 3 274550326776166
16.87854200 17.77704200 17.77687400 0.00016800 3 274550343654625
16.42316700 15.54495800 5.04420800 10.50075000 3 274550360077875
17.14462500 18.03300000 18.03283500 0.00016500 3 274550377222458
16.16779100 15.19854200 5.06850000 10.13004200 3 274550393390291
16.72170900 17.67933300 17.67916800 0.00016500 3 274550410111916
16.59095800 15.65900000 5.04783400 10.61116600 3 274550426702958
16.86395800 17.80754200 17.80741600 0.00012600 3 274550443566875
16.63991700 15.75287500 5.14120700 10.61166800 3 274550460206958
16.88575000 17.76070800 17.76054100 0.00016700 3 274550477092500
16.55600000 15.66925000 5.13729200 10.53195800 3 274550493648458
16.94966700 17.84070800 17.84045900 0.00024900 3 274550510598208
16.32475000 15.43137500 5.01300000 10.41837500 3 274550526923000
16.89154100 17.76820900 17.76804200 0.00016700 3 274550543814458
16.57041700 15.66695800 5.15195800 10.51500000 3 274550560385000
16.86458300 17.78570800 17.78554100 0.00016700 3 274550577249500
16.26629200 15.47425000 4.95920700 10.51504300 3 274550593515791
17.13812500 17.94308400 17.94295800 0.00012600 3 274550610653916
16.29533300 15.28512500 4.95070900 10.33441600 3 274550626949375
16.84925000 17.75691600 17.75666700 0.00024900 3 274550643798500
16.57358400 15.77375000 5.00395700 10.76979300 3 274550660372083
16.78883300 17.68337500 17.68320900 0.00016600 3 274550677160916
16.54008300 15.72737500 5.01975000 10.70762500 3 274550693701000
16.89383400 17.69304200 17.69283400 0.00020800 3 274550710594791
16.56625000 15.68804200 5.02370900 10.66433300 3 274550727161166
16.85512500 17.67770800 17.67750000 0.00020800 3 274550744016166
16.18441600 15.43208300 4.99849900 10.43358400 3 274550760200583
17.62045900 18.46904200 18.46887600 0.00016600 3 274550777821083
15.78962500 15.04350000 4.91191700 10.13158300 3 274550793610791
17.74129100 18.45495800 18.45479100 0.00016700 3 274550811351958
15.78795900 14.97750000 4.97487500 10.00262500 3 274550827140000
17.60691600 18.39237500 18.39208300 0.00029200 3 274550844746875
15.68441700 14.94566700 5.00771000 9.93795700 3 274550860431291
17.65408300 18.39825000 18.39804100 0.00020900 3 274550878085416
15.82000000 15.10508300 5.05254100 10.05254200 3 274550893905500
17.71895900 18.46145900 18.46125100 0.00020800 3 274550911624333
15.65191600 14.83341600 4.99641600 9.83700000 3 274550927276291
17.59366700 18.34466700 18.34450000 0.00016700 3 274550944869833
15.69254200 14.95145800 4.96229100 9.98916700 3 274550960562458
17.81395800 18.51529200 18.51516800 0.00012400 3 274550978376416
15.45229200 14.86637500 4.98154200 9.88483300 3 274550993828666
18.18737500 18.86866700 18.86845700 0.00021000 3 274551012016208
15.27500000 14.46841600 4.92829100 9.54012500 3 274551027291083
17.87750000 18.70429200 18.70408500 0.00020700 3 274551045168541
15.63000000 14.77404200 5.03695800 9.73708400 3 274551060798666
17.69741600 18.52479100 18.52458200 0.00020900 3 274551078496000
15.56366700 14.77437500 4.99708300 9.77729200 3 274551094059791
17.90654200 18.68604200 18.68587600 0.00016600 3 274551111966208
15.46645800 14.68604200 4.97475000 9.71129200 3 274551127432666
17.62445800 18.45666600 18.45645800 0.00020800 3 274551145057083
15.71558400 14.86816700 4.98712600 9.88104100 3 274551160772708
17.71541600 18.53337500 18.53320900 0.00016600 3 274551178488083
15.72645900 14.90704200 5.43925100 9.46779100 3 274551194214583
17.90358300 18.69945800 18.69916700 0.00029100 3 274551212118166
15.53891700 14.64050000 5.19883300 9.44166700 3 274551227657291
17.78933300 18.75075000 18.75054100 0.00020900 3 274551245446416
15.49741700 14.63254200 4.98229100 9.65025100 3 274551260943833
18.25133300 19.07441600 19.07416600 0.00025000 3 274551279195208
15.19970800 14.26583400 4.99966800 9.26616600 3 274551294394875
17.81670900 18.80187500 18.80162400 0.00025100 3 274551312211583
15.73670800 14.58387500 5.13454100 9.44933400 3 274551327948291
17.64637500 18.79075000 18.79058300 0.00016700 3 274551345594666
15.72687500 14.58025000 5.21683400 9.36341600 3 274551361321666
17.81666700 18.92341600 18.92324900 0.00016700 3 274551379138208
15.49533300 14.41070900 5.19370800 9.21700100 3 274551394633666
17.65754200 18.79525000 18.79512400 0.00012600 3 274551412291041
15.53650000 14.46045800 5.19691700 9.26354100 3 274551427827583
17.41912500 18.49004200 18.48987500 0.00016700 3 274551445246708
16.10470800 14.98404100 5.06683100 9.91721000 3 274551461351583
17.96154200 19.00108400 19.00087500 0.00020900 3 274551479312958
15.36604100 14.40116600 5.20479000 9.19637600 3 274551494679041
17.52925000 18.57325000 18.57308200 0.00016800 3 274551512208250
15.77891700 14.75350000 5.00737400 9.74612600 3 274551527987166
17.77204200 18.79933400 18.79916600 0.00016800 3 274551545759208
15.56112500 14.52262500 5.09262400 9.43000100 3 274551561320291
17.50466600 18.48091600 18.48074800 0.00016800 3 274551578824916
16.07816700 15.04579200 5.21812600 9.82766600 3 274551594903333
17.51987500 18.61100000 18.61079300 0.00020700 3 274551612423041
15.57750000 14.62200000 5.12570800 9.49629200 3 274551628000541
17.61537500 18.57433300 18.57416700 0.00016600 3 274551645615916
15.81408300 14.78654200 4.98616800 9.80037400 3 274551661430000
17.74525000 18.70733300 18.70712500 0.00020800 3 274551679175208
15.65604200 14.61291700 5.29187500 9.32104200 3 274551694831291
17.60212500 18.70612500 18.70595800 0.00016700 3 274551712433333
15.69987500 14.71808300 4.96816500 9.74991800 3 274551728133416
17.81287500 18.80654200 18.80637500 0.00016700 3 274551745946166
15.86804200 14.68170800 5.29008400 9.39162400 3 274551761814208
17.99004100 19.03758400 19.03745800 0.00012600 3 274551779804208
15.21587500 14.26375000 5.18716600 9.07658400 3 274551795020125
18.02841700 19.08433300 19.08412400 0.00020900 3 274551813048583
15.21241700 14.27908300 5.21645900 9.06262400 3 274551828260916
17.06200000 17.97291700 17.97270700 0.00021000 3 274551845322958
16.14362500 15.18462500 5.03433300 10.15029200 3 274551861466625
16.98620800 17.89433300 17.89420800 0.00012500 3 274551878452750
16.55787500 15.64650000 5.09145800 10.55504200 3 274551895010791
16.83391700 17.80020900 17.80000100 0.00020800 3 274551911844541
16.41608300 15.52266600 4.98979100 10.53287500 3 274551928260750
16.96516700 17.85583400 17.85558400 0.00025000 3 274551945225875
16.56275000 15.59541600 4.98895700 10.60645900 3 274551961788625
16.88504100 17.85725000 17.85708400 0.00016600 3 274551978673666
16.43962500 15.49216700 4.96733400 10.52483300 3 274551995113291
17.18558400 18.10483300 18.10462400 0.00020900 3 274552012298833
16.02420800 15.16750000 4.91320800 10.25429200 3 274552028323041
17.20504200 18.03520900 18.03500000 0.00020900 3 274552045528208
16.24141600 15.38625000 4.96833300 10.41791700 3 274552061769500
16.93758400 17.87850000 17.87837500 0.00012500 3 274552078707083
16.54066600 15.53245800 5.06875000 10.46370800 3 274552095247750
16.98095900 17.93629200 17.93604200 0.00025000 3 274552112228666
16.17354100 15.31950000 5.01345900 10.30604100 3 274552128402250
17.20725000 18.07808300 18.07791800 0.00016500 3 274552145609541
16.14566700 15.18279200 4.98337500 10.19941700 3 274552161755166
16.86554200 17.82212500 17.82191700 0.00020800 3 274552178620708
16.70554100 15.71675000 5.54533300 10.17141700 3 274552195326250
17.02562500 18.00158300 18.00133300 0.00025000 3 274552212351875
16.41058400 15.43358300 5.20566600 10.22791700 3 274552228762458
16.94700000 17.94850000 17.94824900 0.00025100 3 274552245709416
16.35033300 15.45175000 5.06800000 10.38375000 3 274552262059791
17.12754200 18.01862500 18.01833200 0.00029300 3 274552279187333
16.16504100 15.26387500 5.11337400 10.15050100 3 274552295352458
17.16308400 18.02904200 18.02887600 0.00016600 3 274552312515416
16.21720800 15.34783300 5.02324800 10.32458500 3 274552328732666
17.34358300 18.23833400 18.23820900 0.00012500 3 274552346076250
15.79158400 14.95295800 4.98650000 9.96645800 3 274552361867833
17.06383300 17.91941700 17.91916600 0.00025100 3 274552378931625
16.47750000 15.46541600 5.05716500 10.40825100 3 274552395409208
16.86320800 17.85195900 17.85179100 0.00016800 3 274552412272333
16.56037500 15.66325000 4.95566600 10.70758400 3 274552428832750
16.88312500 17.82725000 17.82704100 0.00020900 3 274552445715833
16.34012500 15.37204100 4.92645600 10.44558500 3 274552462056000
16.54295900 17.52787500 17.52770800 0.00016700 3 274552478598916
16.93287500 16.00458400 5.05858400 10.94600000 3 274552495531791
17.10891600 17.90208300 17.90191700 0.00016600 3 274552512640833
16.31091700 15.48500000 5.08208300 10.40291700 3 274552528951708
16.62962500 17.55879200 17.55862500 0.00016700 3 274552545581250
16.50525000 15.63741600 4.98483200 10.65258400 3 274552562086458
17.53516700 18.33841700 18.33821000 0.00020700 3 274552579621791
16.01583300 15.16912500 4.97075000 10.19837500 3 274552595637750
16.55679200 17.42129200 17.42104300 0.00024900 3 274552612194291
16.65612500 15.76662500 4.95595800 10.81066700 3 274552628850416
16.51795800 17.42879100 17.42854200 0.00024900 3 274552645368375
16.75491700 15.92458400 4.91854200 11.00604200 3 274552662123375
16.79208300 17.65579100 17.65558300 0.00020800 3 274552678915375
16.72012500 15.86816700 4.87400100 10.99416600 3 274552695635541
16.85800000 17.62812500 17.62796000 0.00016500 3 274552712493500
16.60700000 15.81325000 5.04762500 10.76562500 3 274552729100541
16.77154200 17.63200000 17.63183300 0.00016700 3 274552745872041
16.52825000 15.69600000 4.89787600 10.79812400 3 274552762400416
17.00983300 17.81208300 17.81187400 0.00020900 3 274552779410083
16.45512500 15.56720900 4.93237600 10.63483300 3 274552795865333
16.86100000 17.77145800 17.77129300 0.00016500 3 274552812726333
16.41487500 15.57879200 5.00150100 10.57729100 3 274552829141166
16.83416700 17.67508300 17.67491600 0.00016700 3 274552845975250
16.46470800 15.62145800 4.86979300 10.75166500 3 274552862440041
17.05195800 17.90395900 17.90379200 0.00016700 3 274552879492000
16.24858400 15.39487500 5.00645700 10.38841800 3 274552895740666
17.09316600 17.96458300 17.96441600 0.00016700 3 274552912833750
16.48195900 15.59266700 4.93308300 10.65958400 3 274552929315666
17.05312500 17.93329100 17.93316700 0.00012400 3 274552946368875
16.19195800 15.37279200 4.93950000 10.43329200 3 274552962560791
17.01004200 17.77850000 17.77833400 0.00016600 3 274552979570791
16.42216600 15.59458300 4.98708200 10.60750100 3 274552995993125
17.26533400 18.11458400 18.11441600 0.00016800 3 274553013258250
15.94891600 15.07800000 4.94975000 10.12825000 3 274553029207208
16.90545900 17.78116600 17.78091600 0.00025000 3 274553046112666
16.47466600 15.62104200 4.99537500 10.62566700 3 274553062587416
17.00383400 17.85833300 17.85812500 0.00020800 3 274553079591208
16.48720800 15.64712500 4.95545900 10.69166600 3 274553096078416
17.07979200 17.92666700 17.92645800 0.00020900 3 274553113158166
16.24025000 15.41454200 4.94033300 10.47420900 3 274553129398416
17.02075000 17.86366600 17.86350000 0.00016600 3 274553146419166
16.40300000 15.56650000 5.03920900 10.52729100 3 274553162822208
17.10687500 17.94004200 17.93983400 0.00020800 3 274553179929083
16.39583300 15.51775000 5.13041600 10.38733400 3 274553196324958
17.33191700 18.19758300 18.19729200 0.00029100 3 274553213656791
15.91979100 14.97275000 5.02129200 9.95145800 3 274553229576708
17.41404200 18.30541700 18.30516700 0.00025000 3 274553246990625
15.86750000 15.08679200 4.93912600 10.14766600 3 274553262858125
17.44587500 18.29083300 18.29058300 0.00025000 3 274553280304041
15.85545800 15.10395800 4.89629100 10.20766700 3 274553296159500
17.92120900 18.64070900 18.64041600 0.00029300 3 274553314080666
15.57125000 14.76829100 4.97383200 9.79445900 3 274553329652000
17.89579100 18.64025000 18.64008300 0.00016700 3 274553347547708
15.49925000 14.72162500 5.07087400 9.65075100 3 274553363047041
17.62491700 18.48166700 18.48145800 0.00020900 3 274553380671916
15.63400000 14.84575000 4.92908300 9.91666700 3 274553396305958
17.70620800 18.49654200 18.49633400 0.00020800 3 274553414012125
15.52233400 14.70050000 4.92158300 9.77891700 3 274553429534458
17.69800000 18.49341600 18.49329000 0.00012600 3 274553447232458
15.82300000 15.05045900 4.96683400 10.08362500 3 274553463055416
17.46541600 18.30037500 18.30020700 0.00016800 3 274553480520875
15.92062500 15.12079100 5.01862600 10.10216500 3 274553496441541
17.67145900 18.43908400 18.43883500 0.00024900 3 274553514112916
15.69312500 14.87108300 4.94862600 9.92245700 3 274553529806083
17.54637500 18.28270800 18.28249900 0.00020900 3 274553547352541
15.79166600 15.04770900 4.96712600 10.08058300 3 274553563144166
17.65066700 18.44079100 18.44054100 0.00025000 3 274553580794791
15.41816700 14.74895900 4.86195900 9.88700000 3 274553596212958
17.54229100 18.25308300 18.25287500 0.00020800 3 274553613755208
16.05995900 15.29262500 4.87162500 10.42100000 3 274553629815208
17.44766600 18.18808300 18.18779000 0.00029300 3 274553647262833
15.91400000 15.17883400 4.96404200 10.21479200 3 274553663176833
17.53620900 18.30304100 18.30287300 0.00016800 3 274553680713083
15.89675000 15.12504200 4.99833400 10.12670800 3 274553696609916
17.92416600 18.67287500 18.67270900 0.00016600 3 274553714533958
15.45279200 14.65883300 4.91620800 9.74262500 3 274553729986833
17.74929200 18.54504200 18.54479200 0.00025000 3 274553747736083
15.60966600 14.83387500 4.94512500 9.88875000 3 274553763345750
17.39383400 18.22366700 18.22345800 0.00020900 3 274553780739583
15.90062500 15.07337500 4.85937500 10.21400000 3 274553796640250
17.74283300 18.52879100 18.52853900 0.00025200 3 274553814383000
15.69875000 14.91029200 4.99745900 9.91283300 3 274553830081791
17.33733300 18.13708300 18.13687500 0.00020800 3 274553847419083
15.91537500 15.06366700 5.01287500 10.05079200 3 274553863334458
17.07066700 17.90383300 17.90358300 0.00025000 3 274553880405083
16.39670800 15.56191700 4.88516700 10.67675000 3 274553896801958
17.04600000 17.87741700 17.87729300 0.00012400 3 274553913847833
16.44404200 15.61904100 5.04174800 10.57729300 3 274553930292000
16.94466700 17.77941700 17.77920900 0.00020800 3 274553947236625
16.20066600 15.34700000 5.06466700 10.28233300 3 274553963437333
16.72583400 17.59104200 17.59083400 0.00020800 3 274553980163041
16.85729100 15.98854100 5.02666500 10.96187600 3 274553997020541
17.33433400 18.18579200 18.18554200 0.00025000 3 274554014354708
15.92345800 15.14300000 4.97050000 10.17250000 3 274554030278166
17.55375000 18.34145800 18.34129200 0.00016600 3 274554047831916
15.81733300 15.01820900 4.93133400 10.08687500 3 274554063649333
17.51795900 18.26462500 18.26450000 0.00012500 3 274554081167166
15.81466600 15.08766600 4.94670800 10.14095800 3 274554096981958
17.68116700 18.43716700 18.43687600 0.00029100 3 274554114663083
15.67216700 14.98333300 5.01316600 9.97016700 3 274554130335250
17.58208300 18.27895900 18.27875000 0.00020900 3 274554147917250
15.79391700 15.01679100 4.90491500 10.11187600 3 274554163711125
17.71162500 18.46700000 18.46683400 0.00016600 3 274554181422791
15.73870800 15.02054200 5.18775200 9.83279000 3 274554197161500
17.57862500 18.32262500 18.32241800 0.00020700 3 274554214740125
15.83720800 15.05287500 5.10454200 9.94833300 3 274554230577375
18.31991700 19.08900000 19.08862500 0.00037500 3 274554248897291
15.03683300 14.22454200 5.15075100 9.07379100 3 274554263934125
17.96054200 18.73266600 18.73245800 0.00020800 3 274554281894666
15.45929200 14.62879200 5.11854200 9.51025000 3 274554297353958
18.86341600 19.76587500 19.76562500 0.00025000 3 274554316217375
14.42775000 13.61345800 5.09283200 8.52062600 3 274554330645125
18.78241700 19.57995900 19.57974900 0.00021000 3 274554349427500
14.60562500 13.76866600 4.99991600 8.76875000 3 274554364033166
18.51850000 19.33908400 19.33895800 0.00012600 3 274554382551625
14.91429200 13.99541600 5.01699800 8.97841800 3 274554397466083
18.43237500 19.41729200 19.41712600 0.00016600 3 274554415898333
14.84041600 14.00412500 5.00816700 8.99595800 3 274554430738708
18.61358400 19.45308300 19.45287500 0.00020800 3 274554449352333
14.87545800 13.89729200 5.01987600 8.87741600 3 274554464227916
18.66737500 19.58012500 19.57995900 0.00016600 3 274554482895125
14.61745800 13.78829200 5.05275000 8.73554200 3 274554497512583
18.57062500 19.45708300 19.45687400 0.00020900 3 274554516083250
14.75129200 13.93083300 5.00812400 8.92270900 3 274554530834541
18.65841700 19.47958400 19.47937500 0.00020900 3 274554549492916
14.86791600 13.89162500 5.01229200 8.87933300 3 274554564360875
17.17545900 18.16495800 18.16475000 0.00020800 3 274554581536333
16.15737500 15.11366700 5.02358300 10.09008400 3 274554597693833
17.53470800 18.55525000 18.55508200 0.00016800 3 274554615228416
15.87975000 14.84741600 5.15612500 9.69129100 3 274554631108166
17.26591700 18.31966700 18.31945900 0.00020800 3 274554648374041
16.10800000 15.05416700 5.00412500 10.05004200 3 274554664482166
17.19079100 18.24937500 18.24916700 0.00020800 3 274554681672791
16.17237500 15.10429100 5.17499900 9.92929200 3 274554697845250
17.06133400 18.12845900 18.12825000 0.00020900 3 274554714906583
16.14266600 15.18966600 5.10212400 10.08754200 3 274554731049250
17.59554200 18.53141700 18.53121000 0.00020700 3 274554748644791
16.03420800 14.94800000 5.20212500 9.74587500 3 274554764679041
17.15691700 18.25125000 18.25108300 0.00016700 3 274554781835875
16.11508300 15.05883300 5.15949900 9.89933400 3 274554797951125
17.66633400 18.69445900 18.69420800 0.00025100 3 274554815617291
15.94858300 14.82720800 5.29825000 9.52895800 3 274554831565958
17.44258300 18.57516700 18.57504100 0.00012600 3 274554849008500
15.74316700 14.69600000 5.24770800 9.44829200 3 274554864751666
17.02816700 18.04795800 18.04783400 0.00012400 3 274554881779791
15.91962500 15.05358300 4.92183200 10.13175100 3 274554897699458
16.75258300 17.62958400 17.62937600 0.00020800 3 274554914452083
16.81891700 15.91191600 5.02029000 10.89162600 3 274554931271000
16.62600000 17.54516700 17.54495900 0.00020800 3 274554947896958
16.69620800 15.82858300 4.91083300 10.91775000 3 274554964593166
16.77112500 17.58737500 17.58720900 0.00016600 3 274554981364250
16.63991700 15.83145900 5.04325100 10.78820800 3 274554998004208
17.14245800 17.90612500 17.90591700 0.00020800 3 274555015146625
16.23854200 15.44191600 5.01145700 10.43045900 3 274555031385250
16.72695800 17.58116700 17.58095900 0.00020800 3 274555048112166
16.59229200 15.82429200 4.98445900 10.83983300 3 274555064704458
16.61204100 17.39470800 17.39454200 0.00016600 3 274555081316458
16.95304200 15.97662500 4.98662500 10.99000000 3 274555098269583
16.64850000 17.57650000 17.57633500 0.00016500 3 274555114918041
16.70658300 15.82087500 5.08895800 10.73191700 3 274555131624666
16.13600000 17.09908300 17.09883400 0.00024900 3 274555147760583
17.10795900 16.19800000 4.99741700 11.20058300 3 274555164868583
16.63658300 17.51970900 17.51945800 0.00025100 3 274555181505250
16.79695800 15.90995800 5.13620800 10.77375000 3 274555198302125
16.35529200 17.18441700 17.18420800 0.00020900 3 274555214657375
17.21875000 16.27570800 5.23887500 11.03683300 3 274555231876166
16.71450000 17.70633300 17.70620700 0.00012600 3 274555248590666
16.35812500 15.50900000 4.94987400 10.55912600 3 274555264948833
16.93241700 17.81220900 17.81204200 0.00016700 3 274555281881208
16.44166600 15.52516600 4.95066500 10.57450100 3 274555298323041
16.84875000 17.66433400 17.66416600 0.00016800 3 274555315171583
16.50062500 15.67195800 5.01975000 10.65220800 3 274555331672375
16.77216700 17.68391700 17.68370800 0.00020900 3 274555348444416
16.50400000 15.70570800 4.95154200 10.75416600 3 274555364948416
16.65966700 17.43987500 17.43970900 0.00016600 3 274555381608041
16.83187500 15.91929200 4.96033500 10.95895700 3 274555398439916
16.70000000 17.59566600 17.59545800 0.00020800 3 274555415139916
16.61283300 15.76462500 5.00870800 10.75591700 3 274555431752875
16.57458300 17.47308400 17.47295900 0.00012500 3 274555448327291
16.81895900 15.89512500 4.92837600 10.96674900 3 274555465146416
16.74787500 17.64079100 17.64062400 0.00016700 3 274555481894166
16.64145800 15.75750000 4.99770900 10.75979100 3 274555498535666
16.60708300 17.48529200 17.48508400 0.00020800 3 274555515142750
16.67912500 15.72933300 4.98629100 10.74304200 3 274555531821833
16.68233400 17.65612500 17.65595800 0.00016700 3 274555548504166
16.69700000 15.81462500 4.85770800 10.95691700 3 274555565201208
16.80879100 17.69212500 17.69191700 0.00020800 3 274555582009958
16.60237500 15.70875000 4.92320900 10.78554100 3 274555598612458
16.44937500 17.33816700 17.33795900 0.00020800 3 274555615061708
16.89591700 15.97229200 4.83650000 11.13579200 3 274555631957708
16.64812500 17.58691600 17.58679100 0.00012500 3 274555648605833
16.66950000 15.75812500 4.90633300 10.85179200 3 274555665275250
16.67012500 17.56700000 17.56683400 0.00016600 3 274555681945375
16.70916700 15.86187500 5.01066600 10.85120900 3 274555698654541
16.75620800 17.61229200 17.61216800 0.00012400 3 274555715410791
16.62225000 15.75733300 4.96058300 10.79675000 3 274555732033083
16.53787500 17.38370900 17.38358300 0.00012600 3 274555748570875
16.95625000 16.01187500 5.10683300 10.90504200 3 274555765527125
16.63112500 17.57212500 17.57191600 0.00020900 3 274555782158291
16.70966700 15.82175000 5.05129100 10.77045900 3 274555798867958
16.62579100 17.53333300 17.53320800 0.00012500 3 274555815493708
16.68570900 15.78008300 5.04125000 10.73883300 3 274555832179458
16.81833300 17.65125000 17.65108200 0.00016800 3 274555848997750
16.60550000 15.72029200 5.14958400 10.57070800 3 274555865603291
16.43712500 17.41854200 17.41837500 0.00016700 3 274555882040458
16.83570800 15.93745800 4.84770800 11.08975000 3 274555898876125
16.62362500 17.51129200 17.51104200 0.00025000 3 274555915499750
16.79608400 15.89620800 4.98329100 10.91291700 3 274555932295833
16.79712500 17.59045800 17.59025100 0.00020700 3 274555949092916
16.36708300 15.55370900 5.01362500 10.54008400 3 274555965460000
16.33154200 17.22879100 17.22862400 0.00016700 3 274555981791583
17.23733300 16.39379200 4.99025100 11.40354100 3 274555999028958
17.23445800 18.05933300 18.05916700 0.00016600 3 274556016263333
16.12620900 15.26683400 4.97350000 10.29333400 3 274556032389541
16.62145800 17.43220800 17.43204100 0.00016700 3 274556049011083
16.71379200 15.91629200 5.03216700 10.88412500 3 274556065724958
17.17825000 18.05587500 18.05570800 0.00016700 3 274556082903083
16.19529100 15.34554100 5.04745800 10.29808300 3 274556099098333
17.19125000 18.05166700 18.05145900 0.00020800 3 274556116289583
16.16012500 15.28458300 4.95437500 10.33020800 3 274556132449791
17.13670900 17.93150000 17.93133300 0.00016700 3 274556149586416
16.24333300 15.43450000 4.98633500 10.44816500 3 274556165829833
17.07808300 17.92141700 17.92120900 0.00020800 3 274556182907833
16.28458400 15.51720800 5.27554000 10.24166800 3 274556199192416
17.18854100 17.98262500 17.98245800 0.00016700 3 274556216380958
16.35454200 15.42775000 5.13620800 10.29154200 3 274556232735666
17.17745800 18.05725000 18.05691700 0.00033300 3 274556249913000
16.00983400 15.18787500 4.97083200 10.21704300 3 274556265922916
17.39329100 18.25475000 18.25454100 0.00020900 3 274556283316125
16.01708400 15.20270900 4.99720900 10.20550000 3 274556299333250
17.62654100 18.44970800 18.44950100 0.00020700 3 274556316959750
15.77679200 14.87904200 4.95600000 9.92304200 3 274556332736583
17.62300000 18.49750000 18.49729100 0.00020900 3 274556350359500
15.66162500 14.81016600 4.89566500 9.91450100 3 274556366021166
17.41458300 18.26720900 18.26704200 0.00016700 3 274556383435791
15.95170900 15.12291600 4.93041500 10.19250100 3 274556399387458
17.53466600 18.35183400 18.35166700 0.00016700 3 274556416922125
15.86183400 15.07995800 5.00912500 10.07083300 3 274556432784083
17.62658300 18.40662500 18.40637500 0.00025000 3 274556450410500
15.74254200 14.93237500 4.97837600 9.95399900 3 274556466153083
17.36458300 18.21500000 18.21483400 0.00016600 3 274556483517708
15.94933300 15.08362500 4.94454200 10.13908300 3 274556499467000
17.65358400 18.48391700 18.48374900 0.00016800 3 274556517120541
15.66483300 14.75275000 4.99766600 9.75508400 3 274556532785541
17.50425000 18.37129100 18.37108400 0.00020700 3 274556550290250
15.86733300 15.04204200 5.12604300 9.91599900 3 274556566157000
17.52304200 18.40512500 18.40495800 0.00016700 3 274556583679958
16.00283300 15.15895800 5.07166500 10.08729300 3 274556599682875
17.53770900 18.38212500 18.38195900 0.00016600 3 274556617220625
15.82108300 14.93158400 4.99900100 9.93258300 3 274556633041750
17.55679200 18.39008300 18.38987500 0.00020800 3 274556650598541
15.84120800 14.99495800 5.02170800 9.97325000 3 274556666439750
17.46004200 18.37150000 18.37133400 0.00016600 3 274556683899708
15.92254100 15.04175000 5.07904100 9.96270900 3 274556699822333
17.37025000 18.25295900 18.25279200 0.00016700 3 274556717192416
15.95975000 15.08458300 5.02337500 10.06120800 3 274556733152250
17.53475000 18.41466700 18.41445700 0.00021000 3 274556750687000
15.86200000 14.92950000 4.97645900 9.95304100 3 274556766549000
17.54395900 18.42308300 18.42283300 0.00025000 3 274556784092958
15.70354100 14.86858300 4.97975000 9.88883300 3 274556799796500
17.53541700 18.41204200 18.41183400 0.00020800 3 274556817331875
15.88845800 15.02875000 5.01704200 10.01170800 3 274556833220458
17.45095900 18.30662500 18.30637500 0.00025000 3 274556850671333
15.98858300 15.07329200 5.02574900 10.04754300 3 274556866660000
17.58150000 18.45325000 18.45308200 0.00016800 3 274556884241458
15.78275000 14.89662500 5.01141800 9.88520700 3 274556900024125
17.12887500 18.06445800 18.06429200 0.00016600 3 274556917153000
16.09204200 15.27412500 4.98837600 10.28574900 3 274556933245041
17.15904100 17.98695800 17.98674900 0.00020900 3 274556950404291
16.29183400 15.35737500 4.98979200 10.36758300 3 274556966695958
16.59270800 17.46891700 17.46875200 0.00016500 3 274556983288625
16.76041700 15.91525000 4.98400000 10.93125000 3 274557000049166
16.97845800 17.83595800 17.83574900 0.00020900 3 274557017027750
16.38287500 15.54633400 4.96266700 10.58366700 3 274557033410416
16.55279200 17.42145800 17.42129100 0.00016700 3 274557049963166
16.75862500 15.75608300 4.90991600 10.84616700 3 274557066721916
16.38933300 17.35120900 17.35095900 0.00025000 3 274557083111125
17.10591700 16.18054100 4.98633200 11.19420900 3 274557100217166
16.35537500 17.34804200 17.34779100 0.00025100 3 274557116572375
16.99975000 16.04087500 4.89679200 11.14408300 3 274557133572250
16.14350000 17.11562500 17.11550000 0.00012500 3 274557149715666
17.28916600 16.27254200 4.96787600 11.30466600 3 274557167004875
16.23995900 17.20920800 17.20900100 0.00020700 3 274557183244791
17.10116600 16.17491700 5.41000100 10.76491600 3 274557200346083
16.08437500 16.99212500 16.99199900 0.00012600 3 274557216430333
17.14037500 16.20562500 5.11112500 11.09450000 3 274557233570708
16.65275000 17.56220800 17.56158400 0.00062400 3 274557250223458
16.81412500 15.87695800 5.27191600 10.60504200 3 274557267037625
16.22866700 17.21087500 17.21066700 0.00020800 3 274557283266291
17.39041700 16.26558400 5.28654300 10.97904100 3 274557300656791
17.45720800 18.63991600 18.63966600 0.00025000 3 274557318113875
15.79691700 14.64895900 5.14295900 9.50600000 3 274557333911000
17.56966600 18.67116600 18.67095700 0.00020900 3 274557351480500
15.74995900 14.71666700 5.02625000 9.69041700 3 274557367230458
17.08425000 18.12866700 18.12845900 0.00020800 3 274557384314625
16.38454100 15.25441600 5.24379200 10.01062400 3 274557400699416
17.14004200 18.31245900 18.31233400 0.00012500 3 274557417839250
16.03116700 14.95104100 4.96095900 9.99008200 3 274557433870541
17.62691600 18.70766700 18.70745900 0.00020800 3 274557451497375
15.93708400 14.75304200 5.21037600 9.54266600 3 274557467434541
17.33854100 18.50645800 18.50633300 0.00012500 3 274557484772958
15.93475000 14.86791700 5.27445800 9.59345900 3 274557500707708
17.06395900 18.14679100 18.14658400 0.00020700 3 274557517771666
16.37170800 15.18404200 5.24933400 9.93470800 3 274557534143541
17.22808300 18.41416700 18.41400100 0.00016600 3 274557551371416
16.17191700 14.99575000 5.21970800 9.77604200 3 274557567543541
17.55062500 18.72208300 18.72191700 0.00016600 3 274557585094083
15.53191700 14.57045800 5.13604100 9.43441700 3 274557600626125
17.73750000 18.64975000 18.64954200 0.00020800 3 274557618363458
15.54679100 14.71245900 5.24904200 9.46341700 3 274557633910250
17.52195900 18.40650000 18.40629200 0.00020800 3 274557651432125
15.88700000 14.99600000 5.09933400 9.89666600 3 274557667319375
17.92708300 18.81625000 18.81604200 0.00020800 3 274557685246291
15.51762500 14.55654100 5.18666500 9.36987600 3 274557700764000
17.66783300 18.57687500 18.57670800 0.00016700 3 274557718431708
15.63287500 14.74058400 5.08658300 9.65400100 3 274557734064625
17.80566700 18.75908300 18.75895800 0.00012500 3 274557751870208
15.56366700 14.66366700 5.14962600 9.51404100 3 274557767434041
17.90529100 18.77950000 18.77929200 0.00020800 3 274557785339208
15.44120900 14.52650000 5.02645800 9.50004200 3 274557800780458
18.74475000 19.52541600 19.52524900 0.00016700 3 274557819525166
14.89687500 14.01608400 5.22587500 8.79020900 3 274557834422083
17.65833300 18.64012500 18.63987300 0.00025200 3 274557852080375
15.39391700 14.61387500 5.05529100 9.55858400 3 274557867474333
17.98895800 18.78495800 18.78483300 0.00012500 3 274557885463250
15.31575000 14.56820800 4.95945800 9.60875000 3 274557900779041
16.98058300 17.68745900 17.68729200 0.00016700 3 274557917759583
16.44550000 15.65191600 4.91995700 10.73195900 3 274557934205125
16.92237500 17.75954200 17.75937500 0.00016700 3 274557951127416
16.41320900 15.62491700 4.89108400 10.73383300 3 274557967540708
17.02733300 17.81295800 17.81275100 0.00020700 3 274557984568000
16.44137500 15.62379200 5.06295800 10.56083400 3 274558001009500
17.29775000 18.05858300 18.05841600 0.00016700 3 274558018307166
15.97625000 15.21445800 5.02220800 10.19225000 3 274558034283541
16.77666700 17.59262500 17.59245900 0.00016600 3 274558051060083
16.57233300 15.79720900 4.94279200 10.85441700 3 274558067632375
16.63366700 17.40695800 17.40674900 0.00020900 3 274558084266083
16.85866600 16.00645800 5.01491700 10.99154100 3 274558101124875
16.73220900 17.61662500 17.61641600 0.00020900 3 274558117856916
16.58995800 15.71054200 4.93212500 10.77841700 3 274558134447000
16.85841700 17.69875000 17.69862600 0.00012400 3 274558151305416
16.41491600 15.62491700 4.87524900 10.74966800 3 274558167720375
17.80845900 18.21829100 18.21775000 0.00054100 3 274558185529083
15.73304100 15.24504200 5.51862600 9.72641600 3 274558201261666
16.89362500 17.78300000 17.78287500 0.00012500 3 274558218155291
16.58370900 15.68525000 5.16541800 10.51983200 3 274558234739000
17.40375000 18.28654200 18.28641600 0.00012600 3 274558252142833
15.82458300 14.94825000 4.95662500 9.99162500 3 274558267967541
17.18266700 18.06904100 18.06883300 0.00020800 3 274558285150041
16.10441600 15.28645900 4.93283300 10.35362600 3 274558301254416
17.02058400 17.80862500 17.80849900 0.00012600 3 274558318275166
16.41520800 15.56212500 4.94496000 10.61716500 3 274558334690291
17.21837500 18.09625000 18.09608300 0.00016700 3 274558351908625
16.25491700 15.39850000 5.09858400 10.29991600 3 274558368163625
17.11012500 17.94833300 17.94812500 0.00020800 3 274558385273666
16.13712500 15.31070800 4.96112300 10.34958500 3 274558401410833
16.95841600 17.83958400 17.83941700 0.00016700 3 274558418369250
16.29525000 15.31820800 4.93133300 10.38687500 3 274558434664500
16.12750000 17.06454200 17.06441700 0.00012500 3 274558450792041
17.39745900 16.53237500 5.04329200 11.48908300 3 274558468189416
16.70704100 17.54425000 17.54408400 0.00016600 3 274558484896708
16.72154200 15.83212500 5.02008200 10.81204300 3 274558501618041
16.68641700 17.59470800 17.59458300 0.00012500 3 274558518304416
16.68591600 15.77141700 5.01391600 10.75750100 3 274558534990375
16.44637500 17.35241600 17.35225000 0.00016600 3 274558551436708
16.85066700 15.94979200 4.91683400 11.03295800 3 274558568287500
16.47433300 17.35212500 17.35187500 0.00025000 3 274558584761708
16.98483400 16.10062500 5.07241700 11.02820800 3 274558601746583
16.77845800 17.67433300 17.67416600 0.00016700 3 274558618525166
16.50570800 15.56241700 4.92150000 10.64091700 3 274558635030833
16.76666700 17.70287500 17.70270900 0.00016600 3 274558651797375
16.65462500 15.75983300 5.07699900 10.68283400 3 274558668452166
16.65037500 17.55591700 17.55579300 0.00012400 3 274558685102416
16.63641700 15.79479200 4.94220800 10.85258400 3 274558701738916
16.90150000 17.76287500 17.76266600 0.00020900 3 274558718640333
16.48737500 15.56229100 4.94191500 10.62037600 3 274558735127791
16.57170800 17.43125000 17.43112700 0.00012300 3 274558751699375
16.86395800 15.98745900 5.01425100 10.97320800 3 274558768563375
16.78720900 17.72891600 17.72870700 0.00020900 3 274558785350541
16.51358300 15.66529200 5.01608500 10.64920700 3 274558801864166
16.82333300 17.67891700 17.67879200 0.00012500 3 274558818687500
16.57845900 15.61433300 4.91495900 10.69937400 3 274558835265958
16.86600000 17.76479200 17.76458200 0.00021000 3 274558852131916
16.31262500 15.42741600 5.03216500 10.39525100 3 274558868444500
16.60991600 17.56337500 17.56316800 0.00020700 3 274558885054458
17.01825000 16.11429200 5.05271000 11.06158200 3 274558902072708
16.70579200 17.63820800 17.63795700 0.00025100 3 274558918778500
16.38050000 15.39050000 4.88724900 10.50325100 3 274558935159083
16.42491700 17.35233400 17.35208400 0.00025000 3 274558951583958
17.13304100 16.17904100 4.93275000 11.24629100 3 274558968717166
16.41020900 17.35470900 17.35458300 0.00012600 3 274558985127250
16.73604100 15.82583300 4.91179200 10.91404100 3 274559001863333
16.98691700 17.93104200 17.93079100 0.00025100 3 274559018850166
16.71829200 15.72829100 5.18120800 10.54708300 3 274559035568416
16.82845800 17.81041700 17.81025100 0.00016600 3 274559052396875
16.49670800 15.55075000 5.07687500 10.47387500 3 274559068893708
16.46675000 17.47295800 17.47283200 0.00012600 3 274559085360291
16.77679200 15.77941700 4.93825100 10.84116600 3 274559102137166
16.84316700 17.78604200 17.78579300 0.00024900 3 274559118980333
16.69758300 15.71016600 4.97324800 10.73691800 3 274559135678041
16.69870800 17.69054200 17.69033400 0.00020800 3 274559152376583
16.31616700 15.56716700 4.93529100 10.63187600 3 274559168692875
17.44370800 18.04941600 18.04895700 0.00045900 3 274559186136583
16.04820900 15.36900000 5.15745700 10.21154300 3 274559202184666
16.99733300 17.76975000 17.76958400 0.00016600 3 274559219181958
16.54958300 15.74466700 5.22350000 10.52116700 3 274559235731625
17.00733400 17.85220800 17.85204000 0.00016800 3 274559252738958
16.23275000 15.34370900 5.00100100 10.34270800 3 274559268971791
16.43966600 17.37425000 17.37404100 0.00020900 3 274559285411375
16.71283400 15.84729100 5.06579100 10.78150000 3 274559302124208
16.74616600 17.58479200 17.58458500 0.00020700 3 274559318870333
16.80179200 15.98962500 4.99054200 10.99908300 3 274559335672125
17.20370800 17.98700000 17.98679100 0.00020900 3 274559352875875
16.16470900 15.30787500 4.95983400 10.34804100 3 274559369040583
17.25408300 18.03291700 18.03275000 0.00016700 3 274559386294708
16.14058300 15.36979100 5.28370800 10.08608300 3 274559402435291
17.04945900 17.91808400 17.91787600 0.00020800 3 274559419484666
16.17583300 15.40795800 5.03329100 10.37466700 3 274559435660625
17.24866700 18.04662500 18.04645700 0.00016800 3 274559452909166
16.19095800 15.35016700 4.95766600 10.39250100 3 274559469101916
17.08587500 17.87083300 17.87062600 0.00020700 3 274559486186041
16.34941700 15.54954200 5.09341700 10.45612500 3 274559502535458
17.06279100 17.91212500 17.91191700 0.00020800 3 274559519598291
16.25958400 15.42741600 4.96937400 10.45804200 3 274559535857958
17.05337500 17.84704200 17.84687700 0.00016500 3 274559552911166
16.38479100 15.57508300 5.05654100 10.51854200 3 274559569296041
17.18058400 17.91541700 17.91521000 0.00020700 3 274559586476541
16.07600000 15.35520800 4.98254200 10.37266600 3 274559602552583
17.17325000 17.94025000 17.94008400 0.00016600 3 274559619725833
16.03587500 15.27666700 5.01333500 10.26333200 3 274559635761750
17.13595800 17.92591700 17.92579100 0.00012600 3 274559652897666
16.27041700 15.41300000 4.95354100 10.45945900 3 274559669168208
17.06087500 17.82845800 17.82820800 0.00025000 3 274559686228916
16.33204100 15.55041700 4.99900100 10.55141600 3 274559702561000
16.96620900 17.85812500 17.85791500 0.00021000 3 274559719527208
16.42166600 15.66995800 4.92633400 10.74362400 3 274559735948875
17.12095900 17.85787500 17.85766700 0.00020800 3 274559753069833
16.30254100 15.45566700 4.96562500 10.49004200 3 274559769372458
16.91737500 17.66891600 17.66875000 0.00016600 3 274559786289708
16.51716700 15.75108400 5.01933300 10.73175100 3 274559802806958
16.78179200 17.63595800 17.63575100 0.00020700 3 274559819588666
16.51458300 15.69491700 4.91087500 10.78404200 3 274559836103291
16.86516700 17.68654100 17.68641600 0.00012500 3 274559852968416
16.57058300 15.72008400 4.91800000 10.80208400 3 274559869539166
16.91337500 17.75366600 17.75350000 0.00016600 3 274559886452375
16.47083300 15.63770900 4.98333400 10.65437500 3 274559902923208
16.74937500 17.61120800 17.61104100 0.00016700 3 274559919672625
16.56300000 15.69479200 4.88629200 10.80850000 3 274559936235666
16.68904200 17.55145800 17.55133200 0.00012600 3 274559952924666
16.75162500 15.85641700 4.90991800 10.94649900 3 274559969676291
16.65658300 17.54370800 17.54358300 0.00012500 3 274559986332875
16.61583400 15.75975000 4.82804200 10.93170800 3 274560002948916
21.68983300 22.44008300 22.43950000 0.00058300 3 274560024638583
11.95554200 11.05675000 5.32833300 5.72841700 3 274560036594041
25.26266600 25.74775000 25.74724900 0.00050100 3 274560061856833
9.28183400 8.62175000 8.62091600 0.00083400 3 274560071138708
17.66508300 18.69658400 18.69604100 0.00054300 3 274560088804166
14.37675000 13.55412500 5.28837600 8.26574900 3 274560103180416
18.66016700 19.44116600 19.44079200 0.00037400 3 274560121840833
15.02000000 14.23079200 5.53508400 8.69570800 3 274560136860666
18.43487500 19.33262500 19.33229100 0.00033400 3 274560155295541
14.62870800 13.70620800 5.28699900 8.41920900 3 274560169924333
18.78200000 19.63075000 19.63045700 0.00029300 3 274560188706250
14.76100000 13.86558400 5.55462500 8.31095900 3 274560203467250
17.43041700 18.37179100 18.37125000 0.00054100 3 274560220897625
15.98362500 14.94629200 5.64558400 9.30070800 3 274560236881291
17.38604100 18.44654200 18.44625000 0.00029200 3 274560254267250
16.01970900 15.03287500 5.33962500 9.69325000 3 274560270287083
16.97970800 17.92133300 17.92083300 0.00050000 3 274560287266875
16.51704200 15.54987500 5.42379100 10.12608400 3 274560303783791
18.11979100 18.99504200 18.99441600 0.00062600 3 274560321903416
14.99408400 14.23862500 5.47604200 8.76258300 3 274560336897583
16.18987500 17.08737500 17.08704100 0.00033400 3 274560353088916
17.03520800 16.24033300 5.00529200 11.23504100 3 274560370122708
15.98062500 16.79616700 16.79591700 0.00025000 3 274560386103250
17.46858300 16.59266600 5.08987600 11.50279000 3 274560403571958
15.91433400 16.76395900 16.76383300 0.00012600 3 274560419486166
17.33725000 16.54375000 5.00754100 11.53620900 3 274560436823458
15.92425000 16.73316600 16.73299900 0.00016700 3 274560452747666
17.44662500 16.66566700 4.97029200 11.69537500 3 274560470194333
16.09170800 16.92120800 16.92091600 0.00029200 3 274560486286000
17.23254200 16.30508400 5.03437700 11.27070700 3 274560503518666
16.52350000 17.35983300 17.35950000 0.00033300 3 274560520042041
17.06462500 16.21137500 5.12008400 11.09129100 3 274560537106791
25.37208300 26.32075000 26.32008300 0.00066700 3 274560562478750
8.27370800 7.01525000 5.27562500 1.73962500 3 274560570753208
17.07204200 18.29450000 18.29404200 0.00045800 3 274560587824583
16.19162500 15.13250000 5.10895900 10.02354100 3 274560604016375
17.67062500 18.71520800 18.71487300 0.00033500 3 274560621686750
15.32187500 14.35558400 5.20875000 9.14683400 3 274560637008666
16.75829200 17.83770800 17.83754100 0.00016700 3 274560653767083
16.75775000 15.68450000 5.14850100 10.53599900 3 274560670524875
16.98220800 18.06562500 18.06537500 0.00025000 3 274560687506916
16.61958300 15.32800000 5.15333400 10.17466600 3 274560704126583
16.76037500 18.02679200 18.02666700 0.00012500 3 274560720886875
16.47204200 15.32337500 5.17279100 10.15058400 3 274560737358916
16.82779200 17.99087500 17.99070700 0.00016800 3 274560754186708
16.53820800 15.35504100 5.04991500 10.30512600 3 274560770725083
16.96770800 18.16154200 18.16137600 0.00016600 3 274560787692625
16.48150000 15.23141700 5.16737500 10.06404200 3 274560804174250
16.82879200 18.06812500 18.06795700 0.00016800 3 274560821002958
16.57029200 15.32729100 5.29820700 10.02908400 3 274560837573291
16.76129100 18.01716700 18.01691800 0.00024900 3 274560854334458
16.44454200 15.25104200 5.11991700 10.13112500 3 274560870779041
17.15491700 18.30408300 18.30395800 0.00012500 3 274560887933875
16.28120800 15.13158300 5.25208100 9.87950200 3 274560904215291
16.89654200 18.05491700 18.05475000 0.00016700 3 274560921111666
16.68812500 15.39487500 5.26396000 10.13091500 3 274560937799875
16.62887500 17.89120800 17.89099900 0.00020900 3 274560954428875
16.40654100 15.45045900 4.98404300 10.46641600 3 274560970835333
15.77387500 16.44529100 16.44516600 0.00012500 3 274560986609125
17.73070900 17.05495900 5.20241600 11.85254300 3 274561004339875
15.68508300 16.46062500 16.46041700 0.00020800 3 274561020024875
17.33125000 16.60900000 4.98679200 11.62220800 3 274561037356125
16.87458300 16.87958300 16.87941600 0.00016700 3 274561054230708
15.80083400 16.24000000 16.23983300 0.00016700 3 274561070031583
17.33266600 16.93854200 5.02854200 11.91000000 3 274561087364250
16.04816700 16.52520800 16.52500100 0.00020700 3 274561103412458
17.47066700 16.95775000 5.13466800 11.82308200 3 274561120883083
15.87883300 16.40612500 16.40600200 0.00012300 3 274561136761916
17.43825000 16.84175000 4.92154100 11.92020900 3 274561154200250
15.91883300 16.35133300 16.22470800 0.12662500 3 274561170118958
17.76429200 17.21620900 5.21741800 11.99879100 3 274561187883250
15.65062500 16.61925000 16.61908200 0.00016800 3 274561203533875
17.63804200 16.70266600 5.16508200 11.53758400 3 274561221171958
15.70216600 16.30041700 16.30020900 0.00020800 3 274561236874083
17.43762500 16.94041700 4.98245900 11.95795800 3 274561254311708
15.91525000 16.33370800 16.10687500 0.22683300 3 274561270227041
17.63341700 17.13941700 5.07666600 12.06275100 3 274561287860500
15.72454200 16.21129100 16.09629100 0.11500000 3 274561303584916
17.50912500 17.02100000 5.02995800 11.99104200 3 274561321094208
15.91383300 16.35104200 16.12371000 0.22733200 3 274561337007916
17.56575000 17.15887500 5.32820900 11.83066600 3 274561354573666
15.76283300 16.32295800 16.32270700 0.00025100 3 274561370336583
17.51204200 16.87845900 4.93033300 11.94812600 3 274561387848666
15.84795800 16.36841600 16.02920700 0.33920900 3 274561403696416
17.60070900 17.03941700 5.03954300 11.99987400 3 274561421297291
15.83020800 16.32645800 16.18154100 0.14491700 3 274561437127375
17.40829200 17.10304200 4.96495800 12.13808400 3 274561454535666
15.91533300 16.41983300 16.41958300 0.00025000 3 274561470451000
17.49325000 16.88983400 4.94820900 11.94162500 3 274561487944208
15.85666700 16.47645800 16.47624900 0.00020900 3 274561503800916
17.51875000 16.85320800 5.07341600 11.77979200 3 274561521319708
15.83525000 16.68620900 16.68604200 0.00016700 3 274561537154958
17.47945800 16.79429100 5.10691700 11.68737400 3 274561554634458
16.26729200 17.17600000 17.17583200 0.00016800 3 274561570901666
17.06066600 16.15245900 4.98425000 11.16820900 3 274561587962416
16.81162500 17.68787500 17.68770900 0.00016600 3 274561604774125
16.53854200 15.70216600 4.99004000 10.71212600 3 274561621312500
16.87175000 17.73558400 17.73537600 0.00020800 3 274561638184250
16.56920800 15.61479100 4.97691600 10.63787500 3 274561654753625
16.69279200 17.66191700 17.66175000 0.00016700 3 274561671446291
16.68658300 15.75041700 4.94941700 10.80100000 3 274561688132916
16.42800000 17.37504100 17.37483200 0.00020900 3 274561704560833
17.03533400 15.97954200 4.96900000 11.01054200 3 274561721596250
15.77350000 16.59483300 16.59462600 0.00020700 3 274561737369666
17.46250000 16.69116700 4.90175100 11.78941600 3 274561754832208
16.09683300 17.12083300 17.12070800 0.00012500 3 274561770929041
17.18512500 16.24970900 4.86633400 11.38337500 3 274561788114250
15.99229200 16.93041600 16.93029100 0.00012500 3 274561804106375
17.38645800 16.45620900 5.00600100 11.45020800 3 274561821492916
16.18454200 17.08095800 17.08070900 0.00024900 3 274561837677500
17.11525000 16.25158300 5.03295800 11.21862500 3 274561854792750
16.05550000 16.56133400 16.56112600 0.00020800 3 274561870848291
17.34395800 16.84133300 4.94962500 11.89170800 3 274561888192291
16.00295800 16.74800000 16.74779200 0.00020800 3 274561904195125
17.39491700 16.60129200 4.91787500 11.68341700 3 274561921590125
15.96704200 16.44329100 16.44312400 0.00016700 3 274561937557083
17.36262500 16.90766700 5.03083400 11.87683300 3 274561954919791
16.01520800 16.41058300 16.41037400 0.00020900 3 274561970934916
17.63579200 17.15887500 5.10274900 12.05612600 3 274561988570708
15.75091600 16.57145900 16.57124900 0.00021000 3 274562004321583
17.43408400 16.63275000 4.96537400 11.66737600 3 274562021755666
15.89616600 16.28916600 15.87820800 0.41095800 3 274562037651875
17.54941700 17.12566700 5.20291700 11.92275000 3 274562055201333
15.84583300 16.24416700 15.26520900 0.97895800 3 274562071047166
17.37116700 17.03295800 4.96033400 12.07262400 3 274562088418250
15.97437500 16.34808300 15.26437500 1.08370800 3 274562104392708
17.51579200 16.94087500 4.99616700 11.94470800 3 274562121908541
15.85129100 16.43504200 15.08425000 1.35079200 3 274562137759750
17.48158400 16.99629200 5.08570900 11.91058300 3 274562155241333
15.88950000 16.34420800 14.70712400 1.63708400 3 274562171130833
17.76325000 17.14587500 5.07900000 12.06687500 3 274562188894166
15.60150000 16.22020800 15.00470800 1.21550000 3 274562204495666
17.71312500 17.06558400 5.14816800 11.91741600 3 274562222208625
15.66695800 16.30166600 14.86624900 1.43541700 3 274562237875750
17.60133300 17.03087500 5.04541600 11.98545900 3 274562255477125
15.74358400 16.33991700 15.66066700 0.67925000 3 274562271220583
17.43541600 17.03366700 5.01612500 12.01754200 3 274562288656083
15.92779200 16.51958300 16.51937500 0.00020800 3 274562304583833
17.38170800 16.80070800 4.89937400 11.90133400 3 274562321965458
16.37291700 17.17554200 17.17375000 0.00179200 3 274562338338708
17.10295800 16.28937500 5.06854100 11.22083400 3 274562355441416
16.59833400 17.55800000 17.55783300 0.00016700 3 274562372039708
16.70012500 15.85850000 4.97012600 10.88837400 3 274562388739833
16.80670800 17.65400000 17.65383500 0.00016500 3 274562405546500
16.62604200 15.67995800 4.95225000 10.72770800 3 274562422172625
16.85070800 17.72337500 17.72320700 0.00016800 3 274562439023250
16.53679200 15.70908400 5.07566700 10.63341700 3 274562455560083
17.05225000 17.92854100 17.92833200 0.00020900 3 274562472612291
16.25837500 15.37712500 4.94779000 10.42933500 3 274562488870791
17.03345800 17.93225000 17.93204200 0.00020800 3 274562505904125
16.27841700 15.39462500 4.87374900 10.52087600 3 274562522182583
17.26566600 18.15129200 18.15108400 0.00020800 3 274562539448208
16.17904200 15.23037500 4.98841800 10.24195700 3 274562555627333
16.82812500 17.78725000 17.78708400 0.00016600 3 274562572455500
16.44533300 15.54254200 4.91591600 10.62662600 3 274562588900791
16.81525000 17.70158300 17.70137500 0.00020800 3 274562605716000
16.53637500 15.66829200 4.87220800 10.79608400 3 274562622252375
16.87808400 17.70912500 17.70895800 0.00016700 3 274562639130416
16.54783300 15.68354100 5.02891600 10.65462500 3 274562655678375
16.96183300 17.89558400 17.89533400 0.00025000 3 274562672640125
16.37608400 15.44704100 4.89424900 10.55279200 3 274562689016250
17.12920800 18.02641700 18.02625100 0.00016600 3 274562706145416
16.26591700 15.40387500 4.98750000 10.41637500 3 274562722411333
17.52150000 18.37658300 18.37637300 0.00021000 3 274562739932750
15.72666600 14.81612500 4.96783300 9.84829200 3 274562755659500
17.04212500 17.99541700 17.99520800 0.00020900 3 274562772701625
16.50141700 15.57279200 5.00125000 10.57154200 3 274562789203125
16.75458300 17.63108300 17.63083400 0.00024900 3 274562805957583
16.55550000 15.72600000 5.05162600 10.67437400 3 274562822513166
16.73916700 17.59212500 17.59191600 0.00020900 3 274562839252291
16.56829200 15.71970800 4.96179200 10.75791600 3 274562855820625
16.83579100 17.70637500 17.70620800 0.00016700 3 274562872656416
16.64625000 15.68704200 5.03875100 10.64829100 3 274562889302750
16.97070900 17.87512500 17.87487400 0.00025100 3 274562906273333
16.33370800 15.49091700 4.98804200 10.50287500 3 274562922607083
16.83450000 17.68995800 17.68983400 0.00012400 3 274562939441541
16.55945800 15.64462500 5.08170900 10.56291600 3 274562956001083
16.89887500 17.76033300 17.76012600 0.00020700 3 274562972899833
16.38729200 15.56475000 5.02529200 10.53945800 3 274562989287291
17.08725000 17.87837500 17.87820800 0.00016700 3 274563006374416
16.14966700 15.40925000 5.19945800 10.20979200 3 274563022524125
16.91125000 17.74266700 17.74245800 0.00020900 3 274563039435333
16.61733300 15.72183300 4.91645800 10.80537500 3 274563056052666
16.99587500 17.86604200 17.86583300 0.00020900 3 274563073048583
16.20445800 15.36783300 4.97045900 10.39737400 3 274563089253083
17.00237500 17.86379200 17.86358400 0.00020800 3 274563106255333
16.42370900 15.65379200 4.89350000 10.76029200 3 274563122679125
17.21708300 17.96695800 17.96675000 0.00020800 3 274563139896166
16.05908300 15.23295800 4.95420700 10.27875100 3 274563155955250
16.77220900 17.59308400 17.59283400 0.00025000 3 274563172727500
17.02150000 16.09095800 5.07166700 11.01929100 3 274563189749916
17.11187500 18.07833300 18.07816600 0.00016700 3 274563206860916
15.97887500 15.19137500 4.94170800 10.24966700 3 274563222839625
17.39287500 18.17775000 18.17745900 0.00029100 3 274563240232500
16.08779100 15.20037500 4.97241700 10.22795800 3 274563256320416
16.92495900 17.76358400 17.76337600 0.00020800 3 274563273245333
16.39483300 15.58533300 5.04312500 10.54220800 3 274563289640208
16.89616700 17.73683300 17.73654300 0.00029000 3 274563306536291
16.53366600 15.68737500 5.22025000 10.46712500 3 274563323070041
16.76979200 17.60562500 17.60541700 0.00020800 3 274563339839875
16.75875000 15.73162500 5.20037400 10.53125100 3 274563356598666
17.94479200 19.00675000 19.00654300 0.00020700 3 274563374543333
15.44575000 14.37704200 5.28075100 9.09629100 3 274563389989208
17.63233300 18.70379200 18.70366700 0.00012500 3 274563407621416
15.54675000 14.53375000 5.02229100 9.51145900 3 274563423168208
17.91695800 18.95125000 18.95108300 0.00016700 3 274563441085083
15.53020900 14.48133300 5.16620800 9.31512500 3 274563456615458
17.77812500 18.83258300 18.83237500 0.00020800 3 274563474393458
15.51800000 14.48104200 5.00033500 9.48070700 3 274563489911625
17.92654100 18.96508300 18.96495800 0.00012500 3 274563507837958
15.48087500 14.41970900 5.12571000 9.29399900 3 274563523318916
17.69716700 18.75595800 18.75579200 0.00016600 3 274563541016000
15.62829200 14.63641700 4.98512500 9.65129200 3 274563556644333
17.97266600 18.96712500 18.96687500 0.00025000 3 274563574616958
15.49787500 14.44470800 5.21504200 9.22966600 3 274563590114833
17.64162500 18.69633300 18.69616500 0.00016800 3 274563607756500
15.29933400 14.40570900 4.93329200 9.47241700 3 274563623055833
16.51395800 17.41295800 17.41275000 0.00020800 3 274563639569791
17.18716700 16.14833300 5.12724900 11.02108400 3 274563656757083
16.74912500 17.78345900 17.78329100 0.00016800 3 274563673506041
16.66254100 15.62333300 5.18779100 10.43554200 3 274563690168791
16.66566700 17.70695800 17.70683300 0.00012500 3 274563706834250
16.65679200 15.61508400 5.15633500 10.45874900 3 274563723491166
16.76341600 17.80862500 17.80841700 0.00020800 3 274563740254458
16.65470900 15.59929100 5.16429000 10.43500100 3 274563756909291
16.88287500 17.92966700 17.92941800 0.00024900 3 274563773792041
16.50700000 15.46254200 5.14616800 10.31637400 3 274563790299208
17.19929100 18.20008300 18.19991600 0.00016700 3 274563807498375
16.12866700 15.11975000 5.21987600 9.89987400 3 274563823627125
17.18004200 18.24416700 18.24399900 0.00016800 3 274563840807041
16.08937500 15.14079100 5.01987400 10.12091700 3 274563856896541
17.84000000 18.72433400 18.72412400 0.00021000 3 274563874736416
15.64316600 14.62804100 5.35679000 9.27125100 3 274563890379625
17.89983400 18.87629200 18.87616800 0.00012400 3 274563908279416
15.42312500 14.49029200 5.10441700 9.38587500 3 274563923702708
17.70545800 18.68608300 18.68591800 0.00016500 3 274563941408000
15.48387500 14.68912500 4.98204300 9.70708200 3 274563956891916
16.58820800 17.36075000 17.36058400 0.00016600 3 274563973480083
16.89650000 16.01062500 4.95108300 11.05954200 3 274563990376625
16.68483400 17.53854200 17.53837500 0.00016700 3 274564007061416
16.62108300 15.81420800 4.97075000 10.84345800 3 274564023682541
16.12404200 16.98137500 16.98112500 0.00025000 3 274564039806666
17.18516600 16.36308300 4.92058200 11.44250100 3 274564056991750
16.49120900 17.33454200 17.33429300 0.00024900 3 274564073482958
16.90491600 16.04408300 4.89679200 11.14729100 3 274564090387916
16.72633400 17.54087500 17.54075100 0.00012400 3 274564107114166
16.71850000 15.84808400 4.94991700 10.89816700 3 274564123832791
16.73904100 17.62454100 17.62437300 0.00016800 3 274564140571875
16.45762500 15.69008400 4.89170900 10.79837500 3 274564157029458
16.41216700 17.20337500 17.20320900 0.00016600 3 274564173441541
17.41208300 16.39800000 5.12995900 11.26804100 3 274564190853583
16.24808400 17.18591600 17.18570800 0.00020800 3 274564207101791
16.77187500 15.81754200 4.98621000 10.83133200 3 274564223875833
16.33004100 17.32766700 17.32745800 0.00020900 3 274564240203583
17.01858400 16.19041600 4.93308200 11.25733400 3 274564257222250
16.76370800 17.61358400 17.61337500 0.00020900 3 274564273985875
16.65604200 15.77800000 4.93200100 10.84599900 3 274564290641958
15.96970800 16.48566600 16.48545800 0.00020800 3 274564306611625
17.31766700 16.81608400 4.88266700 11.93341700 3 274564323929333
16.15475000 16.96400000 16.96379200 0.00020800 3 274564340084041
17.07050000 16.25004100 4.92099900 11.32904200 3 274564357154541
17.18804100 18.08337500 18.08320800 0.00016700 3 274564374342625
16.26400000 15.34912500 4.98654200 10.36258300 3 274564390606666
17.37316700 18.27745900 18.27725000 0.00020900 3 274564407979750
16.14908300 15.25208300 5.08404200 10.16804100 3 274564424128916
16.99425000 17.87429200 17.87412400 0.00016800 3 274564441123083
16.40800000 15.52608300 5.10683300 10.41925000 3 274564457531125
17.54691700 18.45920800 18.45908200 0.00012600 3 274564475078000
15.64570800 14.72370900 4.96287600 9.76083300 3 274564490723750
17.18625000 18.11291600 18.11275100 0.00016500 3 274564507909958
16.04745900 15.19350000 4.90558300 10.28791700 3 274564523957416
17.62608300 18.45850000 18.45829200 0.00020800 3 274564541583541
15.90179200 14.96004200 4.97162600 9.98841600 3 274564557485416
16.99433300 17.94633300 17.94620700 0.00012600 3 274564574479625
16.41362500 15.46108400 5.10841700 10.35266700 3 274564590893375
16.79987500 17.74770800 17.74754100 0.00016700 3 274564607693166
16.36895800 15.54637500 4.95541700 10.59095800 3 274564624062208
16.97470900 17.79354200 17.79333400 0.00020800 3 274564641036791
16.75375000 15.82687500 5.25374900 10.57312600 3 274564657790541
18.46016600 19.33804100 19.33766600 0.00037500 3 274564676250708
14.71966700 13.95004200 5.07354200 8.87650000 3 274564690970375
16.94762500 17.77637500 17.77620900 0.00016600 3 274564707918000
16.34387500 15.43004200 5.06095900 10.36908300 3 274564724261958
16.25087500 17.10195800 17.10179300 0.00016500 3 274564740512791
17.13870800 16.33600000 4.95408400 11.38191600 3 274564757651500
16.68550000 17.55054200 17.55041700 0.00012500 3 274564774337000
16.77075000 15.95512500 4.99712500 10.95800000 3 274564791107833
17.09212500 17.93937500 17.93920800 0.00016700 3 274564808199833
16.32387500 15.40583300 5.00550100 10.40033200 3 274564824523833
17.64166700 18.42783300 18.42766700 0.00016600 3 274564842165333
15.57654200 14.75425000 5.13058200 9.62366800 3 274564857742041
17.51520800 18.41804200 18.41791700 0.00012500 3 274564875257125
15.72862500 14.93654200 4.99983200 9.93671000 3 274564890985916
17.73233300 18.51425000 18.51412600 0.00012400 3 274564908718083
15.84633400 14.99958300 5.09508300 9.90450000 3 274564924564500
17.13083300 17.95145800 17.95125000 0.00020800 3 274564941695291
16.25562500 15.37308400 5.01762500 10.35545900 3 274564957951000
16.88791700 17.84808300 17.84791700 0.00016600 3 274564974838875
16.53308300 15.66250000 5.00587500 10.65662500 3 274564991371958
17.93520800 18.75650000 18.75337500 0.00312500 3 274565009307125
15.56087500 14.67729200 5.13825000 9.53904200 3 274565024867916
17.62845900 18.46883300 18.46862400 0.00020900 3 274565042496458
15.55441600 14.73525000 4.99770800 9.73754200 3 274565058050916
17.23991700 18.13279200 18.13262400 0.00016800 3 274565075290833
15.91987500 15.09645800 4.98529200 10.11116600 3 274565091210625
18.20958300 18.99704200 18.99687400 0.00016800 3 274565109420250
15.69437500 14.56933300 5.14870800 9.42062500 3 274565125114708
17.74333400 18.86070800 18.86045800 0.00025000 3 274565142857958
15.51883300 14.49295900 5.10287600 9.39008300 3 274565158376791
17.02687500 18.05412500 18.05399900 0.00012600 3 274565175403708
16.41595800 15.36716600 5.10345700 10.26370900 3 274565191819625
17.36662500 18.42820900 18.42804100 0.00016800 3 274565209186333
16.09775000 14.91954100 5.00116700 9.91837400 3 274565225284000
17.55683400 18.75229200 18.75212600 0.00016600 3 274565242840750
15.68341600 14.60816700 5.07058300 9.53758400 3 274565258524416
17.12275000 18.20208300 18.20195800 0.00012500 3 274565275646958
16.13037500 15.05387500 4.88933400 10.16454100 3 274565291777416
17.30095900 18.37600000 18.37583300 0.00016700 3 274565309078333
16.16258300 15.07100000 4.99712500 10.07387500 3 274565325240916
17.27341700 18.34295800 18.34266700 0.00029100 3 274565342514291
16.05991600 14.99537500 5.03987400 9.95550100 3 274565358574208
17.09533400 18.18125000 18.18108300 0.00016700 3 274565375669541
16.19741600 15.19012500 4.93783300 10.25229200 3 274565391867000
17.77300000 18.74358400 18.74320900 0.00037500 3 274565409639958
15.62950000 14.55216600 5.10545700 9.44670900 3 274565425269625
17.92941700 18.95354200 18.95337500 0.00016700 3 274565443198875
15.32158300 14.34033300 5.11749900 9.22283400 3 274565458520541
17.82754200 18.87712500 18.87687500 0.00025000 3 274565476348083
15.77312500 14.73566700 5.18183400 9.55383300 3 274565492121166
17.42833300 18.44983300 18.44962500 0.00020800 3 274565509549500
15.87183400 14.82641700 5.10358400 9.72283300 3 274565525421500
17.29579100 18.35941700 18.35916700 0.00025000 3 274565542717125
16.08312500 15.02420800 5.06033300 9.96387500 3 274565558800291
17.28875000 18.29079200 18.29062600 0.00016600 3 274565576088958
15.96262500 14.92075000 5.05441600 9.86633400 3 274565592051666
17.07133400 18.19887500 18.19875000 0.00012500 3 274565609122916
16.42587500 15.43200000 5.09583200 10.33616800 3 274565625548916
17.43787500 18.39916600 18.39899900 0.00016700 3 274565642986750
15.88458300 14.82641700 4.96229300 9.86412400 3 274565658871333
17.22383300 18.20537500 18.20521000 0.00016500 3 274565676095083
16.06437500 15.12404200 5.00575100 10.11829100 3 274565692159500
17.52516700 18.55654100 18.55637500 0.00016600 3 274565709684666
15.80820800 14.85375000 4.93729100 9.91645900 3 274565725492916
17.26895900 18.21250000 18.21220800 0.00029200 3 274565742761791
16.15920800 15.10883400 4.94591700 10.16291700 3 274565758921041
17.23458300 18.25720800 18.25699900 0.00020900 3 274565776155583
16.19695900 15.14279200 4.98437400 10.15841800 3 274565792352625
17.18945800 18.28770800 18.28750000 0.00020800 3 274565809542041
16.10650000 15.15695800 5.01358300 10.14337500 3 274565825648541
17.40216700 18.33100000 18.33087400 0.00012600 3 274565843050625
16.04962500 14.98937500 4.98387500 10.00550000 3 274565859100333
17.32391600 18.35825000 18.35804200 0.00020800 3 274565876424208
16.03091700 15.02054200 5.05954300 9.96099900 3 274565892455208
17.26916700 18.28383300 18.28362500 0.00020800 3 274565909724333
16.07391600 15.11950000 5.06295800 10.05654200 3 274565925798208
17.41087500 18.39025000 18.39004200 0.00020800 3 274565943209083
15.86887500 14.86629200 5.00808400 9.85820800 3 274565959078041
17.17225000 18.14404200 18.14387400 0.00016800 3 274565976250250
16.15887500 15.28541600 4.99862400 10.28679200 3 274565992409208
16.97658400 17.89120900 17.89108500 0.00012400 3 274566009385708
16.38950000 15.45937500 4.97004100 10.48933400 3 274566025775291
16.52829100 17.44462500 17.44441600 0.00020900 3 274566042303458
16.84870900 15.89287500 4.96745800 10.92541700 3 274566059152333
16.44812500 17.46133300 17.46112600 0.00020700 3 274566075600250
16.80695800 15.86587500 4.85716700 11.00870800 3 274566092407291
16.37479200 17.28595800 17.28579200 0.00016600 3 274566108782083
17.18483300 16.21970900 5.01420900 11.20550000 3 274566125966875
16.43708300 17.38987500 17.38966600 0.00020900 3 274566142403958
16.85612500 15.86141600 4.92974900 10.93166700 3 274566159260166
16.43908400 17.43558400 17.43537400 0.00021000 3 274566175699208
17.03187500 16.01325000 5.47112500 10.54212500 3 274566192731041
16.58491600 17.58695800 17.58670900 0.00024900 3 274566209316000
16.84454200 15.80412500 5.11729100 10.68683400 3 274566226160541
16.54908300 17.58558300 17.58529100 0.00029200 3 274566242709666
16.61191700 15.67112500 4.91354100 10.75758400 3 274566259321583
16.59579200 17.51766700 17.51750000 0.00016700 3 274566275917458
16.96720800 15.99862500 5.07291600 10.92570900 3 274566292884583
16.78029200 17.73445800 17.73416600 0.00029200 3 274566309664916
16.58854100 15.49583400 5.07812500 10.41770900 3 274566326253416
17.57712500 18.71083300 18.71066600 0.00016700 3 274566343830458
15.73766700 14.69591700 5.08550100 9.61041600 3 274566359568250
17.84420800 18.93425000 18.93408300 0.00016700 3 274566377412291
15.43104200 14.29970800 5.26187600 9.03783200 3 274566392843583
17.58241700 18.71625000 18.71599900 0.00025100 3 274566410425833
15.79820800 14.74500000 5.19583400 9.54916600 3 274566426224208
17.55279200 18.61754200 18.61729300 0.00024900 3 274566443776833
15.84587500 14.79212500 5.22262500 9.56950000 3 274566459622708
17.53075000 18.57970800 18.57949900 0.00020900 3 274566477153416
15.61037500 14.63837500 5.06745900 9.57091600 3 274566492763875
17.70137500 18.57704200 18.57683300 0.00020900 3 274566510465250
15.88566600 14.90400000 5.24495800 9.65904200 3 274566526350875
17.41816700 18.49616600 18.49591600 0.00025000 3 274566543769041
15.99866700 14.94604200 5.02695800 9.91908400 3 274566559767833
17.75291600 18.81004200 18.80987500 0.00016700 3 274566577520541
15.64391700 14.52479100 5.22474900 9.30004200 3 274566593164666
17.84712500 18.87350000 18.87320700 0.00029300 3 274566611011625
15.52350000 14.52408400 5.35812500 9.16595900 3 274566626535166
17.65408300 18.72858300 18.72837400 0.00020900 3 274566644189208
15.57033400 14.54883300 5.08533200 9.46350100 3 274566659759625
17.89070800 18.92533400 18.92520900 0.00012500 3 274566677650291
15.66333300 14.44983300 5.19000000 9.25983300 3 274566693313666
17.57937500 18.72312500 18.72291800 0.00020700 3 274566710893000
15.68729200 14.66337500 5.12616600 9.53720900 3 274566726580416
17.71512500 18.81133300 18.81120700 0.00012600 3 274566744295375
15.42891700 14.39900000 5.14087400 9.25812600 3 274566759724250
17.56495800 18.59454200 18.59437700 0.00016500 3 274566777289250
15.74991700 14.86762500 4.96483300 9.90279200 3 274566793039250
18.31475000 19.12437500 19.12420800 0.00016700 3 274566811353916
14.89187500 14.10508300 5.01799900 9.08708400 3 274566826245833
18.21341600 19.02758400 19.02741700 0.00016700 3 274566844459208
15.34304200 14.53491600 5.06654000 9.46837600 3 274566859802291
19.06483300 19.89279200 19.89262600 0.00016600 3 274566878867083
14.51920900 13.56462500 5.14462600 8.41999900 3 274566893386416
18.64241600 19.56425000 19.56408400 0.00016600 3 274566912028708
14.51625000 13.68462500 5.07166700 8.61295800 3 274566926545000
17.55600000 18.39275000 18.39250100 0.00024900 3 274566944101000
15.75791700 14.98854200 4.99104100 9.99750100 3 274566959859000
17.77412500 18.55720800 18.55704100 0.00016700 3 274566977633041
15.69125000 14.83579200 4.95195700 9.88383500 3 274566993324333
17.93475000 18.76020800 18.76008300 0.00012500 3 274567011259000
15.37229200 14.58941700 4.98787600 9.60154100 3 274567026631333
17.53145800 18.33383300 18.33358400 0.00024900 3 274567044162750
15.79516700 14.99408300 4.88200000 10.11208300 3 274567059958083
17.58537500 18.35712500 18.35695900 0.00016600 3 274567077543375
15.76983300 15.04454200 4.96100100 10.08354100 3 274567093313125
17.49945800 18.25587500 18.25570900 0.00016600 3 274567110812625
15.83737500 15.03225000 4.99741700 10.03483300 3 274567126650041
17.38008400 18.17025000 18.17012600 0.00012400 3 274567144030000
16.03804100 15.26383300 4.92774900 10.33608400 3 274567160068208
17.66037500 18.46487500 18.46470800 0.00016700 3 274567177728458
15.83504200 14.99179200 5.36129200 9.63050000 3 274567193563541
17.71445800 18.49458300 18.49437500 0.00020800 3 274567211278041
15.54358400 14.76187500 5.10137500 9.66050000 3 274567226821541
17.90858300 18.71112500 18.71079200 0.00033300 3 274567244730166
15.42125000 14.68741700 4.99916800 9.68824900 3 274567260151458
17.65175000 18.40720800 18.40699900 0.00020900 3 274567277803125
15.54833300 14.77670900 4.93362600 9.84308300 3 274567293351458
17.63333400 18.41183300 18.41166600 0.00016700 3 274567310984791
15.91237500 15.11454200 4.96745800 10.14708400 3 274567326897291
17.91508300 18.61429100 18.61387400 0.00041700 3 274567344812250
15.41725000 14.76616700 5.02304300 9.74312400 3 274567360229500
17.66654200 18.41762500 18.41741800 0.00020700 3 274567377896083
15.71837500 14.98758300 4.98608200 10.00150100 3 274567393614541
17.73629100 18.46516700 18.46500100 0.00016600 3 274567411350750
15.65775000 14.86091700 4.93004200 9.93087500 3 274567427008458
17.66466700 18.42287500 18.42270800 0.00016700 3 274567444673083
15.65975000 14.93083300 4.99387500 9.93695800 3 274567460333000
17.63591700 18.43279200 18.43266600 0.00012600 3 274567477968791
15.70825000 14.95091600 4.94745800 10.00345800 3 274567493677041
17.78808300 18.49412500 18.49395700 0.00016800 3 274567511465125
15.43895800 14.68787500 4.96954200 9.71833300 3 274567526904125
17.83108400 18.53204200 18.53183500 0.00020700 3 274567544735208
15.85200000 14.97641700 4.96791800 10.00849900 3 274567560587291
16.10425000 17.03108300 17.03091800 0.00016500 3 274567576691416
17.27362500 16.39870800 4.95191700 11.44679100 3 274567593965083
16.14500000 17.08262500 17.08250000 0.00012500 3 274567610110125
17.23700000 16.26104200 4.94912500 11.31191700 3 274567627347041
16.16916600 17.03229200 17.03208400 0.00020800 3 274567643516166
17.17225000 16.31995800 5.04104200 11.27891600 3 274567660688416
16.05416700 16.98133300 16.98112500 0.00020800 3 274567676742625
17.25600000 16.38729200 4.93787500 11.44941700 3 274567693998666
16.06929200 16.97712500 16.97691700 0.00020800 3 274567710067916
17.28929100 16.35916700 4.89670900 11.46245800 3 274567727357250
16.17716700 16.98320800 16.98304100 0.00016700 3 274567743534416
17.22108300 16.40812500 5.01479200 11.39333300 3 274567760755583
16.18029200 17.05558300 17.05541700 0.00016600 3 274567776935791
17.14450000 16.35225000 4.97841700 11.37383300 3 274567794080333
16.24150000 17.02933400 17.02912500 0.00020900 3 274567810321791
17.15208300 16.27575000 4.89020800 11.38554200 3 274567827473958
16.27191700 17.15591600 17.15570800 0.00020800 3 274567843745791
17.23129200 16.32579200 5.06545900 11.26033300 3 274567860977125
16.31179100 17.24662500 17.24650000 0.00012500 3 274567877288875
16.75575000 15.83358300 4.94875000 10.88483300 3 274567894044666
16.37087500 17.30683400 17.30666800 0.00016600 3 274567910415458
17.20675000 16.20108300 4.93775000 11.26333300 3 274567927622375
16.52779200 17.50929200 17.50908300 0.00020900 3 274567944150000
16.85450000 15.89216600 4.97541600 10.91675000 3 274567961004541
16.46858300 17.41704200 17.41683400 0.00020800 3 274567977473125
16.89029200 15.99575000 5.03500000 10.96075000 3 274567994363416
16.66941700 17.56908300 17.56887500 0.00020800 3 274568011032791
16.53937500 15.63325000 4.96050000 10.67275000 3 274568027572291
16.17387500 17.07037500 17.07008400 0.00029100 3 274568043746041
17.24987500 16.40879200 4.93383500 11.47495700 3 274568060996000
16.13633300 17.04383300 17.04362600 0.00020700 3 274568077132250
17.35308300 16.38466700 5.01858400 11.36608300 3 274568094485500
16.01800000 16.92479200 16.92462500 0.00016700 3 274568110503333
17.29287500 16.40558300 4.92100000 11.48458300 3 274568127796291
16.14112500 17.04116700 17.04104200 0.00012500 3 274568143937333
17.14958400 16.27250000 4.89949900 11.37300100 3 274568161086958
16.15175000 17.02300000 17.02279200 0.00020800 3 274568177238666
17.33525000 16.38916600 5.52400000 10.86516600 3 274568194574041
16.20012500 17.12525000 17.12475000 0.00050000 3 274568210774083
17.16679100 16.31720900 4.98683300 11.33037600 3 274568227940791
16.45358400 17.30029100 17.30004200 0.00024900 3 274568244394416
16.94483300 16.06962500 5.06212500 11.00750000 3 274568261339291
16.36675000 17.18462500 17.18445900 0.00016600 3 274568277706000
16.86554200 16.12658400 5.01308300 11.11350100 3 274568294571583
17.17350000 18.02270800 18.02249900 0.00020900 3 274568311745041
16.13245800 15.32095800 5.01629100 10.30466700 3 274568327877541
20.54570800 20.88558400 20.88462700 0.00095700 3 274568348423166
13.17329200 12.63925000 6.16724900 6.47200100 3 274568361596750
19.29183300 20.11495800 20.11441700 0.00054100 3 274568380889208
13.91820900 13.19666700 5.48158300 7.71508400 3 274568394806708
18.48000000 19.30512500 19.30466600 0.00045900 3 274568413286541
14.92441600 14.07237500 5.35879200 8.71358300 3 274568428211041
19.24812500 20.06820800 20.06795800 0.00025000 3 274568447459166
14.03691700 13.22075000 5.32862500 7.89212500 3 274568461496083
19.01925000 19.78016700 19.77958200 0.00058500 3 274568480515416
14.31504200 13.59441600 5.06366500 8.53075100 3 274568494830375
17.77425000 18.59700000 18.59679300 0.00020700 3 274568512604541
15.38412500 14.62787500 5.06262500 9.56525000 3 274568527988708
19.09541600 19.81179200 19.81154300 0.00024900 3 274568547084208
14.75804200 13.84700000 5.64591700 8.20108300 3 274568561842958
19.37491700 20.25187500 20.25162600 0.00024900 3 274568581217166
13.84091600 12.95412500 5.35833400 7.59579100 3 274568595058125
18.20508400 19.17783300 19.17758300 0.00025000 3 274568613263000
15.00029100 14.23666700 5.00420900 9.23245800 3 274568628263416
18.18375000 18.96629200 18.96612500 0.00016700 3 274568646447041
15.10175000 14.31662500 4.91349900 9.40312600 3 274568661549000
17.58933400 18.34204100 18.34191600 0.00012500 3 274568679138291
15.86829100 15.09245900 5.01295900 10.07950000 3 274568695006666
17.28025000 18.10258300 18.10241600 0.00016700 3 274568712286708
15.99545900 15.20754200 4.90241800 10.30512400 3 274568728282333
17.39991600 18.21162500 18.21145800 0.00016700 3 274568745682083
15.97212500 15.16837500 4.90891600 10.25945900 3 274568761654208
17.28404200 18.06316600 18.06291700 0.00024900 3 274568778938250
16.07029200 15.25683400 4.92854200 10.32829200 3 274568795008500
17.19404100 18.00408300 18.00391600 0.00016700 3 274568812202583
16.02904200 15.23145800 4.90866600 10.32279200 3 274568828231583
17.45091700 18.26154200 18.26133400 0.00020800 3 274568845682583
16.15741600 15.30420800 4.92487400 10.37933400 3 274568861840041
17.18337500 18.02220900 18.02187400 0.00033500 3 274568879023375
16.22179200 15.38312500 4.99012500 10.39300000 3 274568895245125
17.52937500 18.38304100 18.38279200 0.00024900 3 274568912774500
15.80279200 14.94787500 4.96104200 9.98683300 3 274568928577416
17.76995800 18.62004200 18.61983300 0.00020900 3 274568946347291
15.62512500 14.77516700 5.00420800 9.77095900 3 274568961972375
17.77070800 18.61679100 18.61658100 0.00021000 3 274568979743125
15.41625000 14.58154200 4.99029300 9.59124900 3 274568995159333
18.16645900 18.98020800 18.97987500 0.00033300 3 274569013325875
15.32295800 14.50462500 5.05204200 9.45258300 3 274569028648875
17.54341700 18.35216700 18.35200000 0.00016700 3 274569046192208
15.91483300 15.08379200 5.20945900 9.87433300 3 274569062107083
17.97791700 18.87520800 18.87504200 0.00016600 3 274569080084916
15.44437500 14.51779200 5.00579100 9.51200100 3 274569095529375
17.75041600 18.59433300 18.59412600 0.00020700 3 274569113279708
15.44362500 14.65466700 4.99233400 9.66233300 3 274569128723291
17.70675000 18.57304100 18.57287400 0.00016700 3 274569146430125
15.59829200 14.81550000 4.88958400 9.92591600 3 274569162028500
17.73120800 18.49033400 18.49016700 0.00016700 3 274569179759583
15.87195900 14.98429100 5.33112400 9.65316700 3 274569195631625
17.73979100 18.51612500 18.51595900 0.00016600 3 274569213371333
15.71645900 14.92745900 5.16900100 9.75845800 3 274569229087833
17.78204100 18.63279100 18.63266600 0.00012500 3 274569246869875
15.16520900 14.39583400 5.00041800 9.39541600 3 274569262035083
17.80225000 18.58216600 18.58191600 0.00025000 3 274569279837416
15.87804100 15.04183400 5.21424900 9.82758500 3 274569295715333
17.78012500 18.55237500 18.55204200 0.00033300 3 274569313495541
15.43462500 14.60433300 5.14391800 9.46041500 3 274569328930166
18.53670900 19.48408300 19.48391600 0.00016700 3 274569347466791
14.80587500 13.89783400 5.05804100 8.83979300 3 274569362272750
18.26291600 19.16375000 19.16354100 0.00020900 3 274569380535583
15.22587500 14.30720800 5.00054200 9.30666600 3 274569395761500
18.42925000 19.30037500 19.30020900 0.00016600 3 274569414190750
14.72441700 13.85854200 4.99891800 8.85962400 3 274569428915166
18.10025000 19.03441600 19.03420700 0.00020900 3 274569447015375
15.21137500 14.35558400 5.11500100 9.24058300 3 274569462226750
18.04087500 18.89870800 18.89845900 0.00024900 3 274569480267583
15.55666700 14.60350000 4.98850100 9.61499900 3 274569495824500
18.62012500 19.50704200 19.50687600 0.00016600 3 274569514444416
14.64933300 13.79266600 5.19983300 8.59283300 3 274569529093833
18.12929200 19.04766700 19.04750100 0.00016600 3 274569547223041
15.08491600 14.21050000 4.93029200 9.28020800 3 274569562307958
18.13904200 19.00916700 19.00900000 0.00016700 3 274569580446958
15.55183300 14.59620800 5.14304200 9.45316600 3 274569595999000
17.98837500 18.95858300 18.95837500 0.00020800 3 274569613987250
15.24000000 14.34754200 4.93962600 9.40791600 3 274569629227250
18.21204200 19.09970800 19.09945700 0.00025100 3 274569647439208
15.42341700 14.21804200 5.05687500 9.16116700 3 274569662862708
15.76704100 16.36462500 15.79441700 0.57020800 3 274569678629708
17.83379200 17.05304200 5.18271000 11.87033200 3 274569696463666
15.52370800 16.31362500 16.27654200 0.03708300 3 274569711987291
17.80562500 17.00920800 5.29733400 11.71187400 3 274569729793000
15.56783400 16.50329200 16.50312500 0.00016700 3 274569745360666
17.74745800 16.86916600 5.12729000 11.74187600 3 274569763108250
15.61375000 16.71500000 16.71487400 0.00012600 3 274569778721958
17.95570800 16.80404200 5.31787600 11.48616600 3 274569796677708
15.39816700 16.57637500 16.57625000 0.00012500 3 274569812075750
17.85245800 16.67762500 5.17916700 11.49845800 3 274569829928333
15.61358400 16.94737500 16.94712500 0.00025000 3 274569845542000
17.91008300 16.53525000 5.34287500 11.19237500 3 274569863451916
15.58425000 16.97608300 16.97591700 0.00016600 3 274569879036166
17.77437500 16.42133400 5.31366700 11.10766700 3 274569896810541
15.36108300 16.71975000 16.71962400 0.00012600 3 274569912171583
17.64562500 16.50983300 4.93991600 11.56991700 3 274569929817333
15.74545900 16.30250000 15.06841600 1.23408400 3 274569945562750
17.49637500 16.92133300 5.20241700 11.71891600 3 274569963059041
15.85562500 16.44533400 15.05516600 1.39016800 3 274569978914750
17.53441600 17.05679100 5.05554100 12.00125000 3 274569996449208
15.86895900 16.31050000 15.42512400 0.88537600 3 274570012318083
17.56216600 16.95495900 5.08941800 11.86554100 3 274570029880291
15.78954200 16.41216600 14.99383300 1.41833300 3 274570045669833
17.69508300 17.12995900 5.19362500 11.93633400 3 274570063364875
15.65929200 16.23562500 15.07941700 1.15620800 3 274570079024166
17.51741700 17.02916600 5.06549900 11.96366700 3 274570096541625
15.86766600 16.34600000 15.06750000 1.27850000 3 274570112409375
17.66150000 17.07245900 5.13733500 11.93512400 3 274570130070875
15.67766700 16.28904100 14.99941500 1.28962600 3 274570145748458
17.59812500 17.00412500 5.01004200 11.99408300 3 274570163346583
15.78137500 16.36404200 15.06416800 1.29987400 3 274570179127916
17.60658300 17.11666700 5.30958400 11.80708300 3 274570196734500
15.78570900 16.24933300 15.15687500 1.09245800 3 274570212520416
17.79441600 17.19116700 5.23158300 11.95958400 3 274570230314583
15.54375000 16.17766600 15.12033200 1.05733400 3 274570245858416
17.66108400 17.07212500 5.20708200 11.86504300 3 274570263519541
15.70870800 16.28887500 15.21129300 1.07758200 3 274570279228083
17.58762500 17.09770900 5.12241800 11.97529100 3 274570296815958
15.77395800 16.27329100 15.18575100 1.08754000 3 274570312589750
17.57450000 17.00033400 5.00387400 11.99646000 3 274570330164333
15.80720900 16.37295800 15.14916700 1.22379100 3 274570345971416
17.61275000 17.05495800 5.09529100 11.95966700 3 274570363584250
15.74112500 16.30025000 15.13666700 1.16358300 3 274570379325375
17.57266600 17.12145900 5.04445800 12.07700100 3 274570396897916
15.78545900 16.25075000 15.12337400 1.12737600 3 274570412683500
17.55579100 17.00225000 4.96983400 12.03241600 3 274570430239250
15.81366700 16.35858300 15.11287400 1.24570900 3 274570446052958
17.60291700 17.03245800 4.96508300 12.06737500 3 274570463655791
15.76295800 16.34083400 15.03525000 1.30558400 3 274570479418750
17.60175000 17.04629100 5.08183200 11.96445900 3 274570497020666
15.76741700 16.31379200 15.19733400 1.11645800 3 274570512788083
17.56533300 17.01591700 5.04537500 11.97054200 3 274570530353333
15.82391700 16.35083300 15.01487600 1.33595700 3 274570546177208
17.60637500 17.05445800 5.03879200 12.01566600 3 274570563783583
15.78075000 16.32295900 15.02166800 1.30129100 3 274570579565208
17.28883300 17.01087500 4.97004200 12.04083300 3 274570596853166
16.08870800 16.97079100 16.97062400 0.00016700 3 274570612941875
17.41633400 16.45654200 4.98712600 11.46941600 3 274570630358333
16.95704100 17.92554200 17.92533300 0.00020900 3 274570647315250
16.32620900 15.42375000 4.93554100 10.48820900 3 274570663641458
16.99120800 17.86383300 17.86366700 0.00016600 3 274570680632625
16.23437500 15.34820800 4.91695900 10.43124900 3 274570696867125
17.23216700 18.13283400 18.13266700 0.00016700 3 274570714099250
16.32737500 15.43933300 4.98679200 10.45254100 3 274570730426666
17.63362500 18.52966700 18.52945800 0.00020900 3 274570748060208
15.71766600 14.83441600 4.95279000 9.88162600 3 274570763777958
17.22745900 18.08729200 18.08708400 0.00020800 3 274570781005291
16.10845800 15.23762500 4.95933300 10.27829200 3 274570797113833
17.41716700 18.28420800 18.28400000 0.00020800 3 274570814530916
15.77995800 14.91700000 4.91212600 10.00487400 3 274570830311041
17.73712500 18.58695900 18.58679200 0.00016700 3 274570848048000
15.82866700 14.98287500 5.01883400 9.96404100 3 274570863876708
17.82487500 18.59529100 18.59508300 0.00020800 3 274570881701583
15.52833300 14.76483400 4.99133400 9.77350000 3 274570897229916
17.76841700 18.63087500 18.63075000 0.00012500 3 274570915000041
15.35300000 14.55166600 4.93416600 9.61750000 3 274570930351375
17.77066600 18.57308400 18.57291700 0.00016700 3 274570948122000
15.57700000 14.76204100 4.94537300 9.81666800 3 274570963699000
17.78041700 18.51504200 18.51483400 0.00020800 3 274570981479333
15.85129200 15.12625000 5.06175000 10.06450000 3 274570997330750
16.88462500 17.68841700 17.68820900 0.00020800 3 274571014215375
16.21041600 15.43966600 4.92845700 10.51120900 3 274571030425750
17.80054200 18.53812500 18.53791800 0.00020700 3 274571048226250
15.79691700 15.03137500 4.96762400 10.06375100 3 274571064023291
17.48083300 18.21712500 18.21700000 0.00012500 3 274571081504000
15.90137500 15.11029200 4.98691700 10.12337500 3 274571097405458
17.73587500 18.61162500 18.61150000 0.00012500 3 274571115141208
15.57912500 14.74695800 4.91141700 9.83554100 3 274571130722250
17.73270800 18.54200000 18.54175100 0.00024900 3 274571148453083
15.65458400 14.81920900 4.98850000 9.83070900 3 274571164107708
17.80079100 18.56387500 18.56375000 0.00012500 3 274571181908458
15.52529200 14.71875000 5.16904100 9.54970900 3 274571197433750
17.44625000 18.32041600 18.32025000 0.00016600 3 274571214879958
16.26304200 15.30729200 5.14345900 10.16383300 3 274571231143041
17.90362500 18.86225000 18.86208400 0.00016600 3 274571249046708
15.37579100 14.38975000 4.99895900 9.39079100 3 274571264422708
17.64645900 18.60037500 18.60020900 0.00016600 3 274571282068916
15.62154100 14.74712500 5.01500000 9.73212500 3 274571297690500
17.32358400 18.23104200 18.23083200 0.00021000 3 274571315014083
16.00391600 15.05070800 4.92129200 10.12941600 3 274571331018125
17.48708400 18.43700000 18.43679200 0.00020800 3 274571348505041
15.97158300 14.98758300 4.89220800 10.09537500 3 274571364476666
17.14762500 18.11762500 18.11737500 0.00025000 3 274571381624291
16.12816700 15.09895900 5.03041700 10.06854200 3 274571397752541
16.84475000 17.91216600 17.91199900 0.00016700 3 274571414597250
16.45791600 15.50920900 4.83854200 10.67066700 3 274571431055083
16.61279200 17.53208300 17.53187400 0.00020900 3 274571447667916
16.90820800 15.93479200 4.98383400 10.95095800 3 274571464576125
16.39541700 17.39570800 17.39554200 0.00016600 3 274571480971500
17.00504200 15.97662500 5.07458300 10.90204200 3 274571497976583
15.99400000 17.03491700 17.03479100 0.00012600 3 274571513970625
17.18933300 16.25004100 4.84970800 11.40033300 3 274571531159916
16.10983300 17.04733400 17.04704200 0.00029200 3 274571547269750
17.26141700 16.19820800 4.95970800 11.23850000 3 274571564531166
16.02100000 16.92500000 16.92479300 0.00020700 3 274571580552333
17.39995800 16.56900000 4.96716700 11.60183300 3 274571597952166
15.95079200 16.72150000 16.72137500 0.00012500 3 274571613902875
17.37579200 16.62329200 4.93154100 11.69175100 3 274571631278750
15.98350000 16.60158300 16.60129100 0.00029200 3 274571647262208
17.38308300 16.78970800 4.93158400 11.85812400 3 274571664645333
15.96658300 16.45070900 16.45058300 0.00012600 3 274571680611833
17.36604200 16.88929100 4.95470700 11.93458400 3 274571697978000
16.00754200 16.65241700 16.65229200 0.00012500 3 274571713985416
17.34312500 16.72020800 4.96524900 11.75495900 3 274571731328500
16.01966600 16.38612500 16.38591600 0.00020900 3 274571747348208
17.31945900 16.95558400 4.92133400 12.03425000 3 274571764667666
16.05612500 16.60520800 16.60504200 0.00016600 3 274571780723791
17.44170800 16.78504200 4.96312500 11.82191700 3 274571798165541
15.93858300 16.36450000 16.29970900 0.06479100 3 274571814104125
17.41037500 16.99183300 5.13487500 11.85695800 3 274571831514583
15.94995900 16.38408300 16.32329100 0.06079200 3 274571847464458
17.39854100 17.05341700 5.03612500 12.01729200 3 274571864863083
15.98541700 16.30300000 16.30283500 0.00016500 3 274571880848416
17.40866700 17.00291700 4.93791700 12.06500000 3 274571898257125
15.92645800 16.36187500 16.25649900 0.10537600 3 274571914183583
17.42500000 16.98620800 5.01891700 11.96729100 3 274571931608500
15.97683300 16.38062500 16.06920800 0.31141700 3 274571947585458
17.28937500 17.01362500 4.95312400 12.06050100 3 274571964874750
16.05475000 16.35300000 16.09125100 0.26174900 3 274571980929500
17.50312500 17.01466700 4.99112500 12.02354200 3 274571998432625
15.88929200 16.38850000 16.38829100 0.00020900 3 274572014321916
17.55633300 17.04508300 5.06829300 11.97679000 3 274572031878250
15.85183400 16.29250000 15.95004200 0.34245800 3 274572047730291
17.34941600 16.99379200 4.88666600 12.10712600 3 274572065079583
15.95158400 16.37162500 16.01912600 0.35249900 3 274572081031083
17.60145800 17.06479100 5.00258100 12.06221000 3 274572098632541
15.75450000 16.29566700 15.96870800 0.32695900 3 274572114387000
17.57729200 17.04841700 5.03708300 12.01133400 3 274572131964333
15.78691600 16.31912500 15.99133400 0.32779100 3 274572147751208
17.42579200 17.04183300 5.00345800 12.03837500 3 274572165177041
15.94000000 16.33191700 15.90079200 0.43112500 3 274572181117000
17.52537500 17.02466600 5.26737400 11.75729200 3 274572198642500
15.85820800 16.33408400 15.94987500 0.38420900 3 274572214500625
17.55412500 17.07254100 5.18479100 11.88775000 3 274572232054791
15.80237500 16.29404200 16.19704200 0.09700000 3 274572247857083
17.51195900 17.13854200 5.37833300 11.76020900 3 274572265369083
15.88633300 16.22812500 16.15962500 0.06850000 3 274572281255458
17.62729200 17.15370800 5.18941700 11.96429100 3 274572298882708
16.31575000 17.41966700 17.41941600 0.00025100 3 274572315198458
16.78804100 15.82904100 5.10837500 10.72066600 3 274572331986666
16.25600000 17.18025000 17.18008300 0.00016700 3 274572348242458
17.11483400 16.07337500 5.12800000 10.94537500 3 274572365357500
16.37633300 17.44433400 17.44412600 0.00020800 3 274572381733708
17.19066700 16.11783300 5.19354200 10.92429100 3 274572398924416
16.35279100 17.43483300 17.43462500 0.00020800 3 274572415277083
16.98800000 15.92066700 5.13979200 10.78087500 3 274572432265250
16.88229200 17.87575000 17.87554200 0.00020800 3 274572449147375
16.75425000 15.65400000 5.42304200 10.23095800 3 274572465901666
16.51887500 17.68729200 17.68712400 0.00016800 3 274572482420541
16.64662500 15.52429100 5.11349900 10.41079200 3 274572499067291
16.71670800 17.83820900 17.83795900 0.00025000 3 274572515783833
16.60745900 15.53275000 5.20204200 10.33070800 3 274572532391500
16.68387500 17.77129100 17.77112400 0.00016700 3 274572549075166
16.59600000 15.49583400 5.14633400 10.34950000 3 274572565671375
16.87954100 17.98154100 17.98137300 0.00016800 3 274572582550666
16.59704200 15.50441700 5.18979200 10.31462500 3 274572599147916
17.20962500 18.28304200 18.28287500 0.00016700 3 274572616357416
16.15087500 15.03400000 5.05341700 9.98058300 3 274572632508416
17.07095800 18.14933300 18.14916600 0.00016700 3 274572649579208
16.36208400 15.23629200 5.23066600 10.00562600 3 274572665941458
16.90745800 18.09129100 18.09108400 0.00020700 3 274572682848791
16.36158300 15.26591700 5.16195900 10.10395800 3 274572699210500
17.10091700 18.18637500 18.18620900 0.00016600 3 274572716311291
16.34916700 15.22033300 5.22000000 10.00033300 3 274572732660458
17.12416600 18.19483400 18.19462500 0.00020900 3 274572749784625
16.14195900 15.13029100 5.08354000 10.04675100 3 274572765926708
16.80208300 17.88062500 17.88041800 0.00020700 3 274572782728666
16.53112500 15.48658400 5.15233400 10.33425000 3 274572799259916
17.14383300 18.12091600 18.12074900 0.00016700 3 274572816403625
16.53125000 15.33295900 5.37566800 9.95729100 3 274572832935041
17.08370900 18.26020800 18.26000000 0.00020800 3 274572850018541
16.08612500 14.92891700 5.28416600 9.64475100 3 274572866104750
16.67154100 17.89362500 17.89345800 0.00016700 3 274572882776208
16.38304200 15.51212500 4.94958400 10.56254100 3 274572899159250
16.05137500 16.53554100 16.53529100 0.00025000 3 274572915211333
17.59454200 16.92475000 5.04654200 11.87820800 3 274572932805333
15.78070800 16.52275000 16.52258300 0.00016700 3 274572948585833
17.49508300 16.74604200 5.01575000 11.73029200 3 274572966081083
15.83595900 16.36929200 16.36912400 0.00016800 3 274572981916916
17.50133300 17.05891600 5.04649900 12.01241700 3 274572999418291
15.90804200 16.59054200 16.59033400 0.00020800 3 274573015326416
17.43833300 16.69341700 4.96491700 11.72850000 3 274573032764708
15.88579200 16.34533300 16.29454300 0.05079000 3 274573048650416
17.45616600 17.04904200 5.04383400 12.00520800 3 274573066106750
15.91858400 16.31766600 16.29199900 0.02566700 3 274573082025208
17.41941600 17.04612500 5.01962500 12.02650000 3 274573099444666
15.94570900 16.45925000 16.45908300 0.00016700 3 274573115390291
17.35450000 16.78283400 4.98554300 11.79729100 3 274573132744833
16.02837500 16.45304100 16.41245700 0.04058400 3 274573148773166
17.46195800 17.06633400 5.04208400 12.02425000 3 274573166235250
15.88008300 16.30895800 16.30883200 0.00012600 3 274573182115250
17.50337500 17.12095800 5.16266600 11.95829200 3 274573199618625
15.88612500 16.54258400 16.54241700 0.00016700 3 274573215504708
17.65000000 16.80800000 5.13308300 11.67491700 3 274573233154708
15.69883400 16.42845800 16.42829300 0.00016500 3 274573248853666
17.50041600 16.85966700 4.94508400 11.91458300 3 274573266354000
15.86541700 16.32375000 16.14612600 0.17762400 3 274573282219375
17.44925000 17.05650000 4.97633300 12.08016700 3 274573299668708
15.91350000 16.31016600 16.09083300 0.21933300 3 274573315582125
17.55845800 17.13183400 5.16158500 11.97024900 3 274573333140708
15.85595900 16.25466600 16.20991600 0.04475000 3 274573348996708
17.45345800 17.01200000 5.03225000 11.97975000 3 274573366450083
15.91100000 16.59237500 16.59200000 0.00037500 3 274573382361000
17.48175000 16.87404200 5.17929300 11.69474900 3 274573399842833
15.85050000 16.23504200 16.22783500 0.00720700 3 274573415693250
17.68258300 17.25454100 5.23212400 12.02241700 3 274573433375875
15.69041700 16.52750000 16.52733400 0.00016600 3 274573449066291
17.48533300 16.66170900 5.01833400 11.64337500 3 274573466551583
15.88025000 16.30612500 16.30591600 0.00020900 3 274573482431875
17.48495900 17.01479100 5.02879000 11.98600100 3 274573499916833
15.89537500 16.51704200 16.51691700 0.00012500 3 274573515812208
17.46933300 16.94504200 5.04362500 11.90141700 3 274573533281500
15.88637500 16.34870800 16.34850100 0.00020700 3 274573549167958
17.46791700 16.92637500 5.01366700 11.91270800 3 274573566635875
15.89708300 16.56825000 16.56812500 0.00012500 3 274573582532875
17.33062500 16.67833300 5.07770800 11.60062500 3 274573599863500
16.03179200 16.47833400 16.38966800 0.08866600 3 274573615895291
17.45195800 17.02291600 5.03124900 11.99166700 3 274573633347333
15.92779200 16.44775000 16.44758300 0.00016700 3 274573649275166
17.49983300 16.91150000 5.03333300 11.87816700 3 274573666775041
15.88620800 16.36008400 16.11658300 0.24350100 3 274573682661125
17.39195900 17.00179100 5.05304100 11.94875000 3 274573700053083
15.93212500 16.35616700 16.35600100 0.00016600 3 274573715985166
17.30383300 16.90883300 5.00795700 11.90087600 3 274573733289041
16.05729200 16.43083400 16.31895900 0.11187500 3 274573749346291
17.43433300 17.04575000 5.09779000 11.94796000 3 274573766780750
15.94966700 16.35991600 16.17312400 0.18679200 3 274573782730291
17.57787500 17.10741700 5.13962600 11.96779100 3 274573800308291
15.81204100 16.38041700 16.38025000 0.00016700 3 274573816120208
17.39479200 16.93641600 5.07045800 11.86595800 3 274573833515041
15.96079200 16.27004200 16.23545900 0.03458300 3 274573849475791
17.34129100 16.99054200 4.96016700 12.03037500 3 274573866817125
16.04304200 16.37616600 16.36124900 0.01491700 3 274573882860291
17.47150000 17.11487500 5.14362400 11.97125100 3 274573900331708
15.86104200 16.40654200 16.40641800 0.00012400 3 274573916192708
17.53854100 16.90879200 5.12329200 11.78550000 3 274573933731208
16.04712500 17.08337500 17.08325000 0.00012500 3 274573949778416
17.27425000 16.31712500 5.06891700 11.24820800 3 274573967052541
15.89204200 16.37733300 16.37708300 0.00025000 3 274573982944666
17.38029200 16.90041700 4.94083300 11.95958400 3 274574000324958
15.97391600 16.60229100 16.60208400 0.00020700 3 274574016298875
17.41883400 16.85320900 5.09337500 11.75983400 3 274574033717666
15.96866600 16.56225000 16.56208400 0.00016600 3 274574049686375
17.39670900 16.74604100 4.89904100 11.84700000 3 274574067083166
15.94466600 16.43425000 16.43404200 0.00020800 3 274574083027750
17.41429200 16.91958400 4.97158400 11.94800000 3 274574100442000
15.97625000 16.61291600 16.61266600 0.00025000 3 274574116418375
17.37450000 16.76825000 4.95791600 11.81033400 3 274574133792833
15.95337500 16.61816700 16.61800200 0.00016500 3 274574149746291
17.38037500 16.72112500 4.86966700 11.85145800 3 274574167126666
16.00120800 16.51362500 16.51345900 0.00016600 3 274574183127708
17.53662500 16.92637500 5.72087500 11.20550000 3 274574200664416
15.84275000 16.28029200 15.81975000 0.46054200 3 274574216507083
17.54208400 17.14608300 5.15470800 11.99137500 3 274574234049208
15.86941600 16.82133300 16.82116700 0.00016600 3 274574249918583
17.46633400 16.49720900 4.94550000 11.55170900 3 274574267384916
15.84345800 16.26866600 16.09379100 0.17487500 3 274574283228416
17.48604200 17.08004200 5.02425100 12.05579100 3 274574300714416
15.87025000 16.64808300 16.64795900 0.00012400 3 274574316584666
17.43395800 16.64662500 4.96062500 11.68600000 3 274574334018666
15.99837500 16.96079200 16.96058300 0.00020900 3 274574350017041
17.43325000 16.46520800 4.95008200 11.51512600 3 274574367450333
16.08891700 17.03491700 17.03475200 0.00016500 3 274574383539416
17.19679100 16.31200000 4.91312600 11.39887400 3 274574400736083
16.30337500 17.16262500 17.16245900 0.00016600 3 274574417039333
16.86329200 16.04350000 4.93825000 11.10525000 3 274574433902708
16.36337500 17.23725000 17.23708400 0.00016600 3 274574450266041
17.20733300 16.31829200 4.95370800 11.36458400 3 274574467473458
16.25300000 17.18275000 17.18254100 0.00020900 3 274574483726375
17.21070900 16.22125000 4.92633200 11.29491800 3 274574500937125
16.22475000 17.11983300 17.11966700 0.00016600 3 274574517161791
17.14141600 16.25708300 5.08175100 11.17533200 3 274574534303375
16.00270900 16.97070900 16.97054300 0.00016600 3 274574550305916
16.51825000 16.03200000 4.60579100 11.42620900 3 274574566824166
18.40670800 18.79787500 18.79770800 0.00016700 3 274574585230875
15.60395800 14.71754100 4.86345700 9.85408400 3 274574600834833
16.92937500 17.75975000 17.75954200 0.00020800 3 274574617764291
16.45204200 15.63570900 4.97125000 10.66445900 3 274574634216291
17.10016700 17.96566600 17.96545800 0.00020800 3 274574651316458
15.99062500 15.18620900 4.83054300 10.35566600 3 274574667307166
16.99241600 17.80462500 17.80437500 0.00025000 3 274574684299458
16.46241700 15.52458300 4.75200000 10.77258300 3 274574700762125
16.79500000 17.67783300 17.67762400 0.00020900 3 274574717556833
16.53287500 15.68708400 4.88104300 10.80604100 3 274574734089833
17.06900000 17.87429100 17.87408200 0.00020900 3 274574751158750
16.43729200 15.72100000 4.92812300 10.79287700 3 274574767596125
16.79562500 17.54712500 17.54691500 0.00021000 3 274574784391708
16.51370800 15.68816700 5.01416700 10.67400000 3 274574800905500
16.89991700 17.68945800 17.68920700 0.00025100 3 274574817805333
16.42775000 15.69058400 4.85929200 10.83129200 3 274574834233125
16.99787500 17.72750000 17.72729200 0.00020800 3 274574851230916
16.39979100 15.54716600 4.65112400 10.89604200 3 274574867630750
17.01887500 17.89545900 17.89520900 0.00025000 3 274574884649625
16.35454200 15.53370800 4.79579200 10.73791600 3 274574901004291
16.77583300 17.44195800 17.44166500 0.00029300 3 274574917780000
16.53000000 15.88516700 4.84595900 11.03920800 3 274574934310125
16.68391700 17.45008300 17.44991600 0.00016700 3 274574950993916
16.65804200 15.87504200 4.63350100 11.24154100 3 274574967651916
16.86425000 17.67658300 17.67633300 0.00025000 3 274574984516208
16.49012500 15.69016700 4.74741700 10.94275000 3 274575001006416
17.07104100 17.69245800 17.69233300 0.00012500 3 274575018077375
16.26858400 15.67429200 4.84070800 10.83358400 3 274575034346041
16.97695800 17.67045800 17.67020600 0.00025200 3 274575051322958
16.42791700 15.69600000 4.66604200 11.02995800 3 274575067750875
17.14062500 17.89041700 17.89025100 0.00016600 3 274575084891375
16.21787500 15.47637500 4.93841800 10.53795700 3 274575101109416
17.66820800 18.25604200 18.25583400 0.00020800 3 274575118777583
15.80191700 15.11070800 4.99370700 10.11700100 3 274575134579541
17.69670800 18.43929200 18.43916600 0.00012600 3 274575152276125
15.69166700 14.98479100 5.14237300 9.84241800 3 274575167967958
17.84320800 18.20362500 18.20316700 0.00045800 3 274575185811291
15.72050000 15.22262500 5.44975000 9.77287500 3 274575201531666
18.22358300 19.11195900 19.11175100 0.00020800 3 274575219755250
14.97645900 14.18833300 5.06146000 9.12687300 3 274575234731708
17.93008300 18.67958300 18.67941600 0.00016700 3 274575252661625
15.38154200 14.63641700 5.02916800 9.60724900 3 274575268043333
18.36679100 19.14220800 19.14195700 0.00025100 3 274575286410000
14.88133400 14.22441700 4.80025100 9.42416600 3 274575301291333
18.43091600 19.11000000 19.10979300 0.00020700 3 274575319722208
14.99525000 14.25666700 4.85845800 9.39820900 3 274575334717625
18.59100000 19.23758300 19.23737500 0.00020800 3 274575353308500
14.72320900 14.12900000 4.92145900 9.20754100 3 274575368031708
18.25391600 18.93300000 18.93279200 0.00020800 3 274575386285625
15.03400000 14.43370800 4.96708400 9.46662400 3 274575401319583
18.25350000 18.86983400 18.86962600 0.00020800 3 274575419573083
15.13616700 14.49683300 4.76708400 9.72974900 3 274575434709291
18.19041700 18.76275000 18.76258200 0.00016800 3 274575452899666
15.23525000 14.60391700 4.93604100 9.66787600 3 274575468135125
18.31091600 19.00570800 19.00549900 0.00020900 3 274575486445875
14.94287500 14.36095800 4.82799900 9.53295900 3 274575501388750
18.44437500 18.99895900 18.99875000 0.00020900 3 274575519833083
15.01545900 14.36775000 4.88558400 9.48216600 3 274575534848583
18.47483300 19.06466600 19.06441700 0.00024900 3 274575553323333
14.88358300 14.30200000 4.97458300 9.32741700 3 274575568207000
18.34187500 18.98891700 18.98870900 0.00020800 3 274575586548791
14.92570900 14.37770800 4.81829100 9.55941700 3 274575601474708
18.60945800 19.17729200 19.17708400 0.00020800 3 274575620084041
14.83820800 14.18941700 4.88087500 9.30854200 3 274575634922333
18.64283400 19.21162500 19.21141700 0.00020800 3 274575653565083
14.60654100 14.15495800 4.80929100 9.34566700 3 274575668171625
18.51758400 19.02637500 19.02612500 0.00025000 3 274575686689208
14.86054100 14.34041700 4.89787600 9.44254100 3 274575701549791
18.60262500 19.11112500 19.11091600 0.00020900 3 274575720152333
14.83737500 14.25554100 4.91729100 9.33825000 3 274575734989750
18.93850000 19.44725000 19.44700000 0.00025000 3 274575753928208
14.34862500 13.91933400 4.91600100 9.00333300 3 274575768276916
18.47700000 18.96370800 18.96350100 0.00020700 3 274575786753833
14.72387500 14.40304200 4.90887500 9.49416700 3 274575801477875
17.58804200 17.91087500 17.91070800 0.00016700 3 274575819065750
15.89312500 15.49150000 4.79487500 10.69662500 3 274575834958916
17.72641700 18.11387500 18.11366500 0.00021000 3 274575852685291
15.57091600 15.21704100 4.85495800 10.36208300 3 274575868256250
17.69625000 18.04183400 18.04166700 0.00016700 3 274575885952458
15.56520900 15.32470800 4.83024900 10.49445900 3 274575901517833
17.84237500 18.07033300 18.07020800 0.00012500 3 274575919360125
15.62466600 15.29641700 4.67200000 10.62441700 3 274575934984750
17.71145900 18.02575000 18.02562500 0.00012500 3 274575952696208
15.64441600 15.34108300 4.79720900 10.54387400 3 274575968340583
17.68491700 18.03166700 18.03145800 0.00020900 3 274575986025583
15.59775000 15.33500000 4.82233400 10.51266600 3 274576001623291
18.21629200 18.43129200 18.43108300 0.00020900 3 274576019839541
15.20820800 14.94100000 4.76358400 10.17741600 3 274576035047791
17.78820800 18.10537500 18.10516600 0.00020900 3 274576052835958
15.59079200 15.25558300 4.78462400 10.47095900 3 274576068426875
17.59245800 17.93716700 17.93699900 0.00016800 3 274576086019250
15.76804200 15.43029100 4.74287400 10.68741700 3 274576101787375
17.77687500 18.10608400 18.10583400 0.00025000 3 274576119564083
15.55520800 15.26483300 4.70608300 10.55875000 3 274576135119458
17.85433400 18.14904200 18.14891600 0.00012600 3 274576152973708
15.55458300 15.22645800 4.74033200 10.48612600 3 274576168528291
18.57512500 18.74354200 18.74337500 0.00016700 3 274576187103500
14.72237500 14.60920800 5.14333200 9.46587600 3 274576201825833
18.21758300 18.40641700 18.40620800 0.00020900 3 274576220043375
15.14729200 14.96020800 4.94954200 10.01066600 3 274576235190583
18.05345800 18.30079200 18.30058300 0.00020900 3 274576253244041
15.28383400 15.06741600 4.83250000 10.23491600 3 274576268527916
17.93125000 18.11645900 18.11612500 0.00033400 3 274576286459208
15.44166600 15.25183300 4.83333300 10.41850000 3 274576301900958
17.64083400 17.79904200 17.79883300 0.00020900 3 274576319541750
15.81095800 15.57487500 4.75045800 10.82441700 3 274576335352791
17.88612500 18.11475000 18.11450100 0.00024900 3 274576353238750
15.42704200 15.27716600 4.82066500 10.45650100 3 274576368665791
17.61412500 17.85616700 17.85600100 0.00016600 3 274576386279875
15.78337500 15.48612500 4.90000000 10.58612500 3 274576402063458
19.24900000 19.38416700 19.38358200 0.00058500 3 274576421312375
14.07045800 13.97120800 5.16933300 8.80187500 3 274576435382833
18.86562500 19.01983300 19.01949900 0.00033400 3 274576454248458
14.51883300 14.35537500 5.13399900 9.22137600 3 274576468767458
18.03458400 18.29116700 18.29095900 0.00020800 3 274576486801875
15.33150000 15.06700000 5.07337500 9.99362500 3 274576502133291
18.04512500 18.29508300 18.29483400 0.00024900 3 274576520178458
15.28762500 15.07404200 4.81950000 10.25454200 3 274576535466041
17.94916600 18.15687500 18.15670900 0.00016600 3 274576553415291
15.43695900 15.20741700 4.88421000 10.32320700 3 274576568852208
17.72583300 18.06741600 18.06720700 0.00020900 3 274576586578083
15.65804200 15.30000000 4.89749900 10.40250100 3 274576602236166
17.75808300 18.07004200 18.06979200 0.00025000 3 274576619994166
15.57495800 15.29575000 4.83475000 10.46100000 3 274576635569291
17.75566700 18.04404200 18.04383300 0.00020900 3 274576653324750
15.63120800 15.32433300 4.79241700 10.53191600 3 274576668956083
17.73925000 18.15900000 18.15883500 0.00016500 3 274576686695250
15.60583400 15.20741700 4.80658400 10.40083300 3 274576702301083
17.80012500 18.12950000 18.12929200 0.00020800 3 274576720101166
15.57266600 15.23575000 4.77558300 10.46016700 3 274576735673958
17.69650000 18.02512500 18.02487400 0.00025100 3 274576753370333
15.72104200 15.34266600 4.83466600 10.50800000 3 274576769091500
17.55745800 18.06737500 18.06725000 0.00012500 3 274576786648833
15.80337500 15.29816700 4.83354200 10.46462500 3 274576802452208
17.63145900 18.04716700 18.04695700 0.00021000 3 274576820083666
15.70125000 15.31941600 4.85224900 10.46716700 3 274576835785083
17.50383300 17.88400000 17.88383300 0.00016700 3 274576853288750
15.86358300 15.49900000 4.78283400 10.71616600 3 274576869152458
17.54470900 17.98637500 17.98616800 0.00020700 3 274576886697083
15.82720800 15.36395900 4.88000100 10.48395800 3 274576902524416
17.62220800 18.02654100 18.02633200 0.00020900 3 274576920146500
15.71341700 15.34025000 4.80537400 10.53487600 3 274576935859916
17.62937500 18.02475000 18.02462500 0.00012500 3 274576953489250
15.74504200 15.34191700 4.83916700 10.50275000 3 274576969234375
18.00087500 18.36116700 18.36099900 0.00016800 3 274576987235166
15.38991600 15.00541600 4.88679100 10.11862500 3 274577002625208
19.15137500 19.50550000 19.50491700 0.00058300 3 274577021776500
14.19512500 13.86112500 4.99945800 8.86166700 3 274577035971708
17.53637500 17.95170900 17.95141700 0.00029200 3 274577053508000
15.83091700 15.41508300 4.80187600 10.61320700 3 274577069338958
17.69120800 18.17612500 18.17595900 0.00016600 3 274577087030208
15.67220900 15.19062500 4.73349900 10.45712600 3 274577102702416
17.42033300 17.89766700 17.89745900 0.00020800 3 274577120122666
15.94366700 15.46895800 4.79541700 10.67354100 3 274577136066333
17.48445800 17.97429200 17.97412500 0.00016700 3 274577153550791
15.87833300 15.39895800 4.90066600 10.49829200 3 274577169429208
18.28075000 18.70883300 18.70845800 0.00037500 3 274577187709916
15.13720900 14.65120900 5.08029200 9.57091700 3 274577202847125
17.70037500 18.18891600 18.18866600 0.00025000 3 274577220547458
15.67954100 15.17762500 5.02516600 10.15245900 3 274577236227208
17.69237500 18.26087500 18.26070800 0.00016700 3 274577253919333
15.62250000 15.12700000 5.02733300 10.09966700 3 274577269541916
17.73412500 18.23279200 18.23262600 0.00016600 3 274577287276000
15.64850000 15.11266700 4.86241700 10.25025000 3 274577302924583
17.54995900 18.05745800 18.05733400 0.00012400 3 274577320474416
15.79550000 15.31366700 4.91479200 10.39887500 3 274577336270083
17.60479100 18.05350000 18.05333400 0.00016600 3 274577353874708
15.77075000 15.34179100 6.09895800 9.24283300 3 274577369645458
17.71758400 18.21475000 18.21449900 0.00025100 3 274577387363041
15.63920800 15.12958400 4.87166800 10.25791600 3 274577403002333
17.57204200 18.02908300 18.02887600 0.00020700 3 274577420574333
15.79666600 15.34991700 4.90254200 10.44737500 3 274577436371000
17.49608400 17.98091600 17.98066700 0.00024900 3 274577453867041
15.88558300 15.36262500 4.88029100 10.48233400 3 274577469752708
17.58354200 18.10900000 18.10875100 0.00024900 3 274577487336166
15.77287500 15.25779200 4.84075000 10.41704200 3 274577503109208
17.57616600 18.03362500 18.03341800 0.00020700 3 274577520685250
15.81904200 15.33308300 5.05241600 10.28066700 3 274577536504791
17.70525000 18.25116700 18.25083300 0.00033400 3 274577554209500
15.65825000 15.11550000 4.83199900 10.28350100 3 274577569867791
17.55412500 18.12541700 18.12520800 0.00020900 3 274577587421916
18.00458300 17.96679100 17.96662500 0.00016600 3 274577605426458
14.45345900 13.96308400 4.92275100 9.04033300 3 274577619880041
16.68479100 16.67808300 4.78487400 11.89320900 3 274577636564750
17.62170900 18.14437500 18.14420700 0.00016800 3 274577654186458
15.74375000 15.24037500 4.85033300 10.39004200 3 274577669930208
17.58237500 18.10054200 18.10033300 0.00020900 3 274577687512583
15.79108300 15.25391600 4.81033200 10.44358400 3 274577703303708
17.37791700 17.89812500 17.89787500 0.00025000 3 274577720681583
19.11175000 19.08387500 19.08366700 0.00020800 3 274577739793291
13.58091600 13.06204200 4.80787500 8.25416700 3 274577753374333
17.50225000 18.06779200 18.06754100 0.00025100 3 274577770876500
15.88408400 15.30395800 4.85033300 10.45362500 3 274577786760625
17.66637500 18.20016700 18.19995900 0.00020800 3 274577804426958
15.66087500 15.16150000 4.86708400 10.29441600 3 274577820087833
16.68554100 16.68329100 4.83220800 11.85108300 3 274577836773458
17.38104200 17.92604200 17.92587600 0.00016600 3 274577854154416
18.07579200 18.03320800 18.03300000 0.00020800 3 274577872230333
14.59525000 14.09837500 4.74879200 9.34958300 3 274577886825458
17.53766600 18.03745900 18.03733500 0.00012400 3 274577904363083
15.84120900 15.35287500 4.82066700 10.53220800 3 274577920204416
17.50541600 18.04366600 18.04345700 0.00020900 3 274577937709791
15.83604200 15.29162500 4.75675000 10.53487500 3 274577953545791
17.57662500 18.10995900 18.10983300 0.00012600 3 274577971122375
15.81845800 15.25675000 4.75412600 10.50262400 3 274577986940958
17.49183400 17.95387500 17.95366600 0.00020900 3 274578004432666
15.98379100 15.41300000 5.56620900 9.84679100 3 274578020416625
20.64087500 21.24916600 21.24862400 0.00054200 3 274578041057375
12.60566700 12.11741700 5.26008400 6.85733300 3 274578053663125
18.32533300 18.82666700 18.82637500 0.00029200 3 274578071988333
15.06208400 14.55195800 4.89683300 9.65512500 3 274578087050541
17.72304100 18.17145800 18.17133200 0.00012600 3 274578104773458
15.61195900 15.18708400 4.91058500 10.27649900 3 274578120385500
17.40695800 17.85050000 17.85033200 0.00016800 3 274578137793583
15.99104200 15.54208300 4.91166600 10.63041700 3 274578153783541
17.66208300 18.16975000 18.16950000 0.00025000 3 274578171445541
15.68412500 15.16691700 4.97399900 10.19291800 3 274578187129708
18.79541700 19.22816600 19.22766700 0.00049900 3 274578205925083
14.56720800 14.13858400 5.31387500 8.82470900 3 274578220492416
18.29995800 18.80304100 18.80262500 0.00041600 3 274578238792208
15.05675000 14.56354200 4.96466700 9.59887500 3 274578253849125
18.58012500 19.12595800 19.12575000 0.00020800 3 274578272429125
14.79091700 14.24075000 4.89579100 9.34495900 3 274578287220166
18.45708300 18.95695900 18.95679200 0.00016700 3 274578305677125
14.90833400 14.40979100 4.98195800 9.42783300 3 274578320585583
18.41241600 18.97666700 18.97650200 0.00016500 3 274578338997833
14.94720900 14.39000000 4.89979100 9.49020900 3 274578353945083
18.67300000 19.16216700 19.16187500 0.00029200 3 274578372618041
14.71108300 14.20441600 5.10516500 9.09925100 3 274578387329208
19.75150000 20.15483400 20.15425000 0.00058400 3 274578407081125
13.62133300 13.21179100 5.41245600 7.79933500 3 274578420702083
18.70300000 19.21700000 19.21674900 0.00025100 3 274578439405000
14.68562500 14.14991700 5.20183300 8.94808400 3 274578454090708
18.45087500 18.99220800 18.99204100 0.00016700 3 274578472541458
14.88270900 14.37429200 4.80312500 9.57116700 3 274578487424291
18.53962500 19.06662500 19.06645900 0.00016600 3 274578505963875
14.81450000 14.30008300 4.95758300 9.34250000 3 274578520778375
18.69141600 19.24320900 19.24295900 0.00025000 3 274578539469750
14.70054200 14.12333300 5.40383300 8.71950000 3 274578554170375
18.21858300 18.79191700 18.79166800 0.00024900 3 274578572388833
15.12954200 14.57483300 4.93012400 9.64470900 3 274578587518541
18.49150000 19.04970800 19.04958400 0.00012400 3 274578606009958
14.86458300 14.31712500 4.79149900 9.52562600 3 274578620874500
18.32037500 18.84537500 18.84520900 0.00016600 3 274578639194875
15.05733400 14.52112500 4.93520800 9.58591700 3 274578654252208
18.53920800 19.09916700 19.09904300 0.00012400 3 274578672791458
14.81604200 14.26754200 4.91325100 9.35429100 3 274578687607458
18.60195800 19.15195800 19.15174900 0.00020900 3 274578706209375
14.78633300 14.21462500 5.13704200 9.07758300 3 274578720995666
18.29291700 18.83300000 18.83279200 0.00020800 3 274578739288666
15.05600000 14.53379200 5.12858400 9.40520800 3 274578754344666
19.18316700 19.70812500 19.70791600 0.00020900 3 274578773527833
14.21479100 13.65841600 4.93499800 8.72341800 3 274578787742666
19.24487500 19.66070900 19.66016700 0.00054200 3 274578806987500
14.13300000 13.70616600 5.29579100 8.41037500 3 274578821120625
18.82579200 19.32225000 19.32200000 0.00025000 3 274578839946208
14.53925000 14.04420900 4.96325100 9.08095800 3 274578854485958
17.42425000 17.96841600 17.96824900 0.00016700 3 274578871909875
15.93300000 15.41658400 4.80116700 10.61541700 3 274578887842833
17.56495800 18.09170800 18.09154100 0.00016700 3 274578905407708
15.79295900 15.25675000 4.85945800 10.39729200 3 274578921200791
17.62604100 18.08370800 18.08354000 0.00016800 3 274578938826708
15.73900000 15.28716700 4.97900000 10.30816700 3 274578954565916
17.49729200 18.05862500 18.05841600 0.00020900 3 274578972063000
15.86233300 15.30379200 4.84241700 10.46137500 3 274578987925500
18.04645900 18.54725000 18.54704200 0.00020800 3 274579005971833
15.33745800 14.82350000 4.84670800 9.97679200 3 274579021309375
17.67770800 18.14191600 18.14174900 0.00016700 3 274579038987041
15.67829200 15.22075000 4.89425000 10.32650000 3 274579054665291
17.85408300 18.41120900 18.41104100 0.00016800 3 274579072519375
16.33545900 15.41370800 5.04200000 10.37170800 3 274579088855000
17.90475000 18.82116700 18.82095800 0.00020900 3 274579106759583
15.22387500 14.31141600 5.02383300 9.28758300 3 274579121983458
17.26683300 18.14841700 18.14820900 0.00020800 3 274579139250250
16.04733300 15.27487500 4.92420900 10.35066600 3 274579155297625
16.68616700 17.51283300 17.51266600 0.00016700 3 274579171983791
16.70520800 15.88558400 5.00129300 10.88429100 3 274579188689041
17.66729200 18.40029100 18.40004100 0.00025000 3 274579206367208
15.87400000 15.03962500 5.08095900 9.95866600 3 274579222231000
17.71520800 18.53225000 18.53204100 0.00020900 3 274579239945708
15.60670900 14.82408400 5.12520900 9.69887500 3 274579255552291
17.07683300 17.95725000 17.95700000 0.00025000 3 274579272629041
16.29525000 15.38516600 4.85620800 10.52895800 3 274579288924375
17.15062500 18.06929200 18.06908400 0.00020800 3 274579306074875
16.23404200 15.37920800 5.00958200 10.36962600 3 274579322308958
17.48975000 18.17712500 18.17687500 0.00025000 3 274579339798708
15.83366600 15.12145900 5.05908400 10.06237500 3 274579355632416
17.00433400 17.82945800 17.82920800 0.00025000 3 274579372636708
16.29875000 15.48383300 4.84137500 10.64245800 3 274579388935666
17.15425000 18.02229200 18.02208500 0.00020700 3 274579406089666
16.29008300 15.39770800 4.91441700 10.48329100 3 274579422379833
16.95787500 17.72437500 17.72420900 0.00016600 3 274579439337666
16.34316700 15.60229200 5.02800100 10.57429100 3 274579455680958
16.95845800 17.84816700 17.84795800 0.00020900 3 274579472639208
16.22012500 15.34175000 4.77245700 10.56929300 3 274579488859416
17.09970800 17.98441600 17.98420800 0.00020800 3 274579505959125
16.51491700 15.62504200 4.89820900 10.72683300 3 274579522474125
16.93733300 17.76700000 17.76683300 0.00016700 3 274579539411458
16.21137500 15.37954200 4.89695700 10.48258500 3 274579555622750
17.02200000 17.87779100 17.87758300 0.00020800 3 274579572644791
16.54400000 15.66070900 5.00312600 10.65758300 3 274579589188708
17.09745900 17.97983300 17.97966600 0.00016700 3 274579606286166
16.24566600 15.41775000 4.89254200 10.52520800 3 274579622531875
16.97816700 17.80541700 17.80520900 0.00020800 3 274579639510125
16.33925000 15.51112500 4.91000000 10.60112500 3 274579655849250
16.86512500 17.65400000 17.65383300 0.00016700 3 274579672714375
16.49750000 15.69004100 4.90641500 10.78362600 3 274579689211875
17.11554200 17.93087500 17.93074900 0.00012600 3 274579706327500
16.14904100 15.33720900 4.96112500 10.37608400 3 274579722476541
16.88029200 17.73095800 17.73079200 0.00016600 3 274579739356791
16.67929200 15.79541700 4.91525000 10.88016700 3 274579756036125
17.04262500 17.87625000 17.87604200 0.00020800 3 274579773078750
16.28995800 15.44250000 4.92566700 10.51683300 3 274579789368666
16.93487500 17.80845800 17.80829200 0.00016600 3 274579806303500
16.46429200 15.66637500 4.94941700 10.71695800 3 274579822769500
17.12212500 17.93387500 17.93371000 0.00016500 3 274579839889958
16.29395800 15.45450000 4.98416700 10.47033300 3 274579856183916
16.96691700 17.75904200 17.75887500 0.00016700 3 274579873150791
16.26620800 15.42383300 5.10537600 10.31845700 3 274579889417125
16.96762500 17.78700000 17.78683300 0.00016700 3 274579906384750
16.38637500 15.67662500 4.98695800 10.68966700 3 274579922771083
17.16541700 17.91712500 17.91691600 0.00020900 3 274579939936500
16.21558300 15.44883300 4.98104100 10.46779200 3 274579956152125
17.07387500 17.78750000 17.78725000 0.00025000 3 274579973225916
16.32491700 15.53220900 4.94729200 10.58491700 3 274579989550833
17.33987500 18.16754100 18.16733100 0.00021000 3 274580006890666
15.94941600 15.26066700 4.93616800 10.32449900 3 274580022840125
17.14233400 17.85545800 17.85525000 0.00020800 3 274580039982583
16.32283300 15.47520900 4.90121000 10.57399900 3 274580056305458
16.98795800 17.77566600 17.77549900 0.00016700 3 274580073293250
16.36312500 15.56483400 4.92329400 10.64154000 3 274580089656541
16.87291700 17.74766600 17.74741700 0.00024900 3 274580106529291
16.50129200 15.68395900 4.95325200 10.73070700 3 274580123030666
17.04237500 17.85670800 17.85658200 0.00012600 3 274580140073041
16.24104100 15.44150000 4.84108300 10.60041700 3 274580156314000
16.89725000 17.59820800 17.59799800 0.00021000 3 274580173211333
16.87666700 16.01916700 5.21954200 10.79962500 3 274580190088083
17.03566700 17.96933300 17.96912500 0.00020800 3 274580207123750
15.90495800 14.99866700 4.85337600 10.14529100 3 274580223028541
17.32620800 18.21470800 18.21454000 0.00016800 3 274580240354750
16.04587500 15.19412500 4.92566600 10.26845900 3 274580256400625
16.84545900 17.63300000 17.63279100 0.00020900 3 274580273246208
16.37362500 15.68583400 4.97162600 10.71420800 3 274580289619750
16.74308300 17.52779100 17.52762400 0.00016700 3 274580306362875
16.59141700 15.78116700 4.82191600 10.95925100 3 274580322954291
17.00337500 17.80604200 17.80583200 0.00021000 3 274580339957583
16.51245800 15.67229100 4.91350000 10.75879100 3 274580356470041
17.07883300 17.80570900 17.80545800 0.00025100 3 274580373548875
16.42633400 15.68333300 5.01395900 10.66937400 3 274580389975333
16.91154100 17.81966700 17.81945900 0.00020800 3 274580406886666
16.26475000 15.41595800 4.97516600 10.44079200 3 274580423151500
17.14825000 17.94304200 17.94283300 0.00020900 3 274580440299875
16.39150000 15.56320800 4.89058400 10.67262400 3 274580456691250
17.04516700 17.88745800 17.88729100 0.00016700 3 274580473736416
16.18533300 15.28470900 4.86050200 10.42420700 3 274580489921750
17.14525000 18.07654100 18.07629100 0.00025000 3 274580507067083
16.19545900 15.30116700 4.94312600 10.35804100 3 274580523262500
16.97050000 17.84637500 17.84612600 0.00024900 3 274580540232958
16.47970800 15.61045800 4.88424900 10.72620900 3 274580556712791
17.04641700 17.88725000 17.88704300 0.00020700 3 274580573759041
16.28825000 15.41187500 4.91908300 10.49279200 3 274580590047458
16.91445800 17.73362500 17.73350100 0.00012400 3 274580606961833
16.49458300 15.75091700 4.90837600 10.84254100 3 274580623456375
16.94479200 17.74129200 17.74104100 0.00025100 3 274580640401333
16.36191700 15.58037500 4.91362600 10.66674900 3 274580656763083
16.94591600 17.74250000 17.74237500 0.00012500 3 274580673709000
16.35875000 15.55045800 4.88650100 10.66395700 3 274580690067708
17.00166700 17.75658300 17.75645900 0.00012400 3 274580707069416
16.51516700 15.73429200 4.95245900 10.78183300 3 274580723584583
17.05312500 17.87479200 17.87458300 0.00020900 3 274580740637708
16.34416600 15.57516600 4.97487500 10.60029100 3 274580756981875
16.91683400 17.73354200 17.73333500 0.00020700 3 274580773898708
16.45487500 15.58291700 4.90654200 10.67637500 3 274580790353583
16.95212500 17.74066600 17.74045900 0.00020700 3 274580807305708
16.35370800 15.61170900 4.91037700 10.70133200 3 274580823659500
16.91108300 17.67529100 17.67508200 0.00020900 3 274580840570583
16.71991700 15.84020900 5.23337600 10.60683300 3 274580857291625
17.64783300 18.48841600 18.48783300 0.00058300 3 274580874938500
15.93429200 14.98770900 5.43808400 9.54962500 3 274580890872708
18.03812500 18.89416600 18.89379200 0.00037400 3 274580908910666
14.95620800 14.30283400 5.24595900 9.05687500 3 274580923866916
16.69170900 17.52370800 17.52358400 0.00012400 3 274580940558583
16.63162500 15.84987500 5.04120800 10.80866700 3 274580957190125
17.12695800 17.86570800 17.86554100 0.00016700 3 274580974317125
16.36262500 15.49533400 4.96362500 10.53170900 3 274580990679916
17.30608300 18.09483300 18.09462500 0.00020800 3 274581007985875
15.73845900 15.01200000 5.00412700 10.00787300 3 274581023724333
16.60658300 17.46320800 17.46295800 0.00025000 3 274581040330916
16.95204200 16.07370900 4.85233400 11.22137500 3 274581057283041
17.21433300 18.03062500 18.03037500 0.00025000 3 274581074497416
16.20375000 15.39025000 4.95458300 10.43566700 3 274581090701083
17.02012500 17.73983300 17.73958300 0.00025000 3 274581107721166
16.24320800 15.52358300 4.94445800 10.57912500 3 274581123964375
16.71225000 17.58791700 17.58775100 0.00016600 3 274581140676625
16.72829200 15.83687500 4.83183400 11.00504100 3 274581157404916
17.00158300 17.85575000 17.85554200 0.00020800 3 274581174406458
16.61141700 15.71737500 5.12066700 10.59670800 3 274581191017916
17.56195800 18.30279200 18.30220800 0.00058400 3 274581208579833
15.55262500 14.80070800 5.19741600 9.60329200 3 274581224132583
17.14804200 18.03566700 18.03541600 0.00025100 3 274581241280625
16.29091700 15.31295800 5.05933300 10.25362500 3 274581257571500
18.19045800 19.23162500 19.23141800 0.00020700 3 274581275761916
15.21475000 14.21666700 4.99891700 9.21775000 3 274581290976666
17.87412500 18.84941600 18.84920700 0.00020900 3 274581308850750
15.48433300 14.48983400 5.14516700 9.34466700 3 274581324335125
18.01841700 18.98075000 18.98054300 0.00020700 3 274581342353666
15.34700000 14.40433300 5.18283300 9.22150000 3 274581357700625
17.73037500 18.72437500 18.72416700 0.00020800 3 274581375430916
15.74258300 14.67720800 5.16333200 9.51387600 3 274581391173541
17.74683400 18.83675000 18.83654300 0.00020700 3 274581408920291
15.24883300 14.30412500 4.92520800 9.37891700 3 274581424169166
17.93558300 18.74304200 18.73979200 0.00325000 3 274581442104833
15.76775000 14.88500000 5.22845900 9.65654100 3 274581457872666
17.13929200 18.13645800 18.13629200 0.00016600 3 274581475011791
16.17320800 15.18412500 4.88779200 10.29633300 3 274581491185125
17.71187500 18.71200000 18.71183400 0.00016600 3 274581508896875
15.56212500 14.59937500 5.06641600 9.53295900 3 274581524459041
17.64966700 18.54300000 18.54287500 0.00012500 3 274581542108625
15.73054200 14.86058400 5.00191700 9.85866700 3 274581557839208
17.55462500 18.49137500 18.49116600 0.00020900 3 274581575393833
15.83916600 14.86000000 5.02370900 9.83629100 3 274581591233125
17.85787500 18.84095800 18.84075000 0.00020800 3 274581609090833
15.43404200 14.48358300 5.06849900 9.41508400 3 274581624524875
17.73804200 18.58866700 18.58841700 0.00025000 3 274581642262916
15.86175000 14.92220800 5.20320700 9.71900100 3 274581658124708
18.01262500 19.03087500 19.03070800 0.00016700 3 274581676137291
15.14600000 14.25729200 5.08275100 9.17454100 3 274581691283333
17.77575000 18.66920800 18.66899900 0.00020900 3 274581709059083
15.64525000 14.68862500 4.98979100 9.69883400 3 274581724704333
17.77812500 18.68733400 18.68712500 0.00020900 3 274581742482375
15.64275000 14.67387500 5.17808300 9.49579200 3 274581758125208
17.83104100 18.83079100 18.83062400 0.00016700 3 274581775956250
15.66283400 14.66845900 5.12033500 9.54812400 3 274581791619083
18.14062500 19.14950000 19.14933200 0.00016800 3 274581809759708
15.15470800 14.13620800 5.01158300 9.12462500 3 274581824914375
18.78487500 19.67758300 19.67733300 0.00025000 3 274581843699291
14.41962500 13.64925000 5.08295800 8.56629200 3 274581858118916
16.68916700 17.54770900 17.54745900 0.00025000 3 274581874808083
16.68445800 15.85783300 4.96991700 10.88791600 3 274581891492625
16.82266700 17.67795800 17.67766600 0.00029200 3 274581908315208
16.51112500 15.64320900 4.85575000 10.78745900 3 274581924826333
16.85270800 17.63175000 17.63154100 0.00020900 3 274581941679000
16.60120800 15.79262500 5.06991600 10.72270900 3 274581958280250
16.74395900 17.61566600 17.61554100 0.00012500 3 274581975024291
16.47625000 15.64400000 4.82462400 10.81937600 3 274581991500541
17.40329100 18.22204200 18.22183400 0.00020800 3 274582008903750
16.00912500 15.16454200 4.85683300 10.30770900 3 274582024913000
17.34008400 17.90691600 17.90666500 0.00025100 3 274582042253041
16.24987500 15.63995900 5.43637600 10.20358300 3 274582058502833
17.33870800 18.23308300 18.23283400 0.00024900 3 274582075841541
15.84520800 14.95070800 4.96916500 9.98154300 3 274582091686750
16.98850000 17.86812500 17.86787600 0.00024900 3 274582108675375
16.38383400 15.55662500 4.90116600 10.65545900 3 274582125059166
16.76400000 17.52491700 17.52470900 0.00020800 3 274582141823125
16.62025000 15.82204200 5.03962600 10.78241600 3 274582158443291
16.62808300 17.49958300 17.49941700 0.00016600 3 274582175071375
17.09158300 16.13266700 5.28966700 10.84300000 3 274582192163083
16.73458400 17.73716600 17.73691600 0.00025000 3 274582208897583
16.34020800 15.31366700 5.00829100 10.30537600 3 274582225237750
16.81150000 17.79887500 17.79862500 0.00025000 3 274582242049250
16.48158300 15.65241700 4.90800000 10.74441700 3 274582258530875
16.82633400 17.65208300 17.65191700 0.00016600 3 274582275357291
16.48525000 15.63162500 4.99629100 10.63533400 3 274582291842416
16.64225000 17.51616700 17.51600000 0.00016700 3 274582308484708
16.56825000 15.72366600 4.90033300 10.82333300 3 274582325053125
17.17025000 17.97720900 17.97695700 0.00025200 3 274582342223250
16.38850000 15.44637500 4.91662400 10.52975100 3 274582358611791
16.64804100 17.59425000 17.59404000 0.00021000 3 274582375259750
16.76883400 15.90191600 4.96591500 10.93600100 3 274582392028666
16.73891600 17.65883400 17.65862600 0.00020800 3 274582408767500
16.58116700 15.74900000 5.09129200 10.65770800 3 274582425348625
16.85570800 17.69308300 17.69291600 0.00016700 3 274582442204375
16.60720900 15.66033300 4.96212400 10.69820900 3 274582458811583
16.85266600 17.74008400 17.73987600 0.00020800 3 274582475664250
16.44295900 15.57495800 4.98387500 10.59108300 3 274582492107416
16.64554100 17.57291700 17.57270900 0.00020800 3 274582508752791
16.62487500 15.80512500 4.84141700 10.96370800 3 274582525377625
16.84754200 17.67370800 17.67350000 0.00020800 3 274582542225166
16.65166700 15.72075000 5.08479200 10.63595800 3 274582558876791
16.99283300 17.83341700 17.83329100 0.00012600 3 274582575869625
16.51437500 15.60795800 5.46754100 10.14041700 3 274582592384166
16.69887500 17.68212500 17.68200000 0.00012500 3 274582609082833
16.27750000 15.42150000 4.88041800 10.54108200 3 274582625360500
16.76054200 17.62995800 17.62979100 0.00016700 3 274582642121000
16.96816600 16.00720900 5.09162500 10.91558400 3 274582659089125
17.09587500 17.96666600 17.96645800 0.00020800 3 274582676184958
16.21758400 15.36495900 5.08787500 10.27708400 3 274582692402708
16.59837500 17.51429100 17.51408300 0.00020800 3 274582709001041
16.66420800 15.80483400 4.95258400 10.85225000 3 274582725665125
16.61075000 17.47375000 17.47358200 0.00016800 3 274582742275958
16.74508300 15.87000000 4.91637400 10.95362600 3 274582759021083
16.63033400 17.46987500 17.46974900 0.00012600 3 274582775651375
16.82854100 15.94491600 5.19637300 10.74854300 3 274582792479791
16.61354200 17.54670900 17.54658300 0.00012600 3 274582809093375
16.45616700 15.53683300 4.82504200 10.71179100 3 274582825549625
16.93012500 17.80254200 17.80237500 0.00016700 3 274582842479750
16.70045800 15.81679100 4.95766500 10.85912600 3 274582859180166
16.74675000 17.59250000 17.59229200 0.00020800 3 274582875926916
16.67829200 15.81037500 5.02812500 10.78225000 3 274582892605291
16.82162500 17.73412500 17.73391700 0.00020800 3 274582909426958
16.40991600 15.55520900 4.90262500 10.65258400 3 274582925836708
16.79650000 17.65954100 17.65929000 0.00025100 3 274582942633208
16.56604200 15.68483400 4.86091700 10.82391700 3 274582959199291
16.58133300 17.36150000 17.36129000 0.00021000 3 274582975780625
16.90779200 16.02937500 4.97416600 11.05520900 3 274582992688500
16.85404200 17.83808300 17.83787500 0.00020800 3 274583009542500
16.47041600 15.57562500 4.93537600 10.64024900 3 274583026012875
16.84304200 17.76758300 17.76737500 0.00020800 3 274583042856041
16.42029200 15.52841700 4.89941800 10.62899900 3 274583059276208
17.47154100 18.28920800 18.28883300 0.00037500 3 274583076747791
15.90020900 14.98087500 5.02737500 9.95350000 3 274583092648000
17.26012500 18.23254200 18.23229300 0.00024900 3 274583109908083
16.20695800 15.31379200 5.08870800 10.22508400 3 274583126115000
16.70775000 17.63470800 17.63454200 0.00016600 3 274583142822833
16.61491700 15.68558300 4.87008300 10.81550000 3 274583159437750
16.79704100 17.65270900 17.65250100 0.00020800 3 274583176234833
16.73287500 15.80329100 5.51133200 10.29195900 3 274583192967583
16.80637500 17.73562500 17.73541600 0.00020900 3 274583209774000
16.43716700 15.47237500 5.00841600 10.46395900 3 274583226211166
16.61654200 17.62854200 17.62829200 0.00025000 3 274583242827708
16.66945800 15.80066700 4.87041700 10.93025000 3 274583259497208
16.86991700 17.71808300 17.71791700 0.00016600 3 274583276367125
16.53233300 15.66625000 4.92129200 10.74495800 3 274583292899458
16.90270800 17.72958300 17.72941600 0.00016700 3 274583309802125
16.45991700 15.61133400 4.95462600 10.65670800 3 274583326262000
16.83933300 17.70508300 17.70487400 0.00020900 3 274583343101333
16.27045900 15.48975000 4.87112500 10.61862500 3 274583359371833
17.06591600 17.89179200 17.89158500 0.00020700 3 274583376437791
16.56004200 15.63220800 4.84300000 10.78920800 3 274583392997833
16.64070800 17.55083300 17.55058300 0.00025000 3 274583409638500
16.67629200 15.80429200 4.85008500 10.95420700 3 274583426314791
16.63766700 17.49241700 17.49225000 0.00016700 3 274583442952416
16.71637500 15.91654100 4.92154100 10.99500000 3 274583459668833
16.69845800 17.51516700 17.51500100 0.00016600 3 274583476367333
16.88787500 16.00600000 5.07712600 10.92887400 3 274583493255083
16.68250000 17.55454200 17.55437400 0.00016800 3 274583509937583
16.55512500 15.65891600 4.90316600 10.75575000 3 274583526492750
16.52958300 17.47512500 17.47491700 0.00020800 3 274583543022375
16.75770900 15.95500000 4.90300000 11.05200000 3 274583559780166
17.41095800 18.16904200 18.16891800 0.00012400 3 274583577190958
16.09633300 15.13933300 4.99637400 10.14295900 3 274583593287375
17.06575000 17.96270900 17.96254200 0.00016700 3 274583610353208
16.31554200 15.46483300 5.03212500 10.43270800 3 274583626668666
16.75100000 17.66450000 17.66433300 0.00016700 3 274583643419666
16.29983300 15.43104200 4.83304200 10.59800000 3 274583659719666
16.99904200 17.88033300 17.88016600 0.00016700 3 274583676718625
15.91566700 15.35758300 4.59970800 10.75787500 3 274583692634291
16.66800000 16.69079200 7.46791700 9.22287500 3 274583709302291
33.37012500 33.52229200 12.80079300 20.72149900 6 274583742672416
16.67725000 16.66025000 4.84679200 11.81345800 3 274583759349583
16.69708300 16.60200000 4.87037500 11.73162500 3 274583776047583
16.67908300 16.64016600 4.75191600 11.88825000 3 274583792725791
16.67783400 16.76004200 4.80491800 11.95512400 3 274583809403666
16.67458300 16.69333300 4.78970800 11.90362500 3 274583826078166
16.70079200 16.76870900 4.77158500 11.99712400 3 274583842779041
16.66570800 16.49533300 4.69820900 11.79712400 3 274583859444666
16.68445800 16.87758300 4.92116700 11.95641600 3 274583876129083
16.70441700 16.68395900 4.80358400 11.88037500 3 274583892833625
16.66633300 16.59116600 4.72433100 11.86683500 3 274583909499833
16.68204200 16.68537500 4.79508300 11.89029200 3 274583926181958
16.70629200 16.67779200 4.68362500 11.99416700 3 274583942888291
16.66091600 16.74479200 4.80283400 11.94195800 3 274583959549125
16.71225000 16.61350000 4.83558400 11.77791600 3 274583976261416
16.67087500 16.72445800 4.71095800 12.01350000 3 274583992932333
16.69845900 16.69433300 4.80854200 11.88579100 3 274584009630750
16.64770800 16.65879200 4.83395900 11.82483300 3 274584026278458
16.69775000 16.75337500 4.91312600 11.84024900 3 274584042976166
16.74275000 16.78079200 5.07483300 11.70595900 3 274584059719208
16.66975000 16.66662500 5.08858300 11.57804200 3 274584076389041
17.15125000 16.94854100 5.25870800 11.68983300 3 274584093540041
16.75500000 16.90208400 11.28108400 5.62100000 3 274584110295000
16.37512500 16.49037500 9.97720900 6.51316600 3 274584126670125
16.85237500 16.73787500 9.36221000 7.37566500 3 274584143522750
16.43062500 16.56775000 8.55054200 8.01720800 3 274584159953125
16.57875000 16.61000000 8.36400000 8.24600000 3 274584176531875
17.09625000 16.89420800 8.79329100 8.10091700 3 274584193628083
16.17733300 16.39579200 8.19033400 8.20545800 3 274584209805416
16.78679200 16.75562500 7.39987400 9.35575100 3 274584226592375
16.56916700 16.56604100 7.34383200 9.22220900 3 274584243161375
16.69933300 16.68525000 7.38887500 9.29637500 3 274584259860875
16.67012500 16.69233400 7.30129300 9.39104100 3 274584276530833
16.69737500 16.69058300 7.29854200 9.39204100 3 274584293228333
16.68025000 16.53720800 7.21858300 9.31862500 3 274584309908583
16.66754200 16.72304200 6.93375000 9.78929200 3 274584326576041
16.68316600 16.76575000 7.08233400 9.68341600 3 274584343259166
16.70083400 16.66412500 7.33441600 9.32970900 3 274584359960083
16.66658300 16.65362500 7.08562500 9.56800000 3 274584376626625
16.68195800 16.73008300 7.25858300 9.47150000 3 274584393308500
16.69083400 16.64579200 7.35666700 9.28912500 3 274584409999333
16.68100000 16.70733300 7.16966600 9.53766700 3 274584426680375
16.67779100 16.70475000 6.91579100 9.78895900 3 274584443358166
16.69145900 16.57920900 7.11554300 9.46366600 3 274584460049625
16.68741600 16.74541600 7.06333300 9.68208300 3 274584476737166
16.67483400 16.65558400 6.87891800 9.77666600 3 274584493411875
16.67912500 16.64275000 6.58495800 10.05779200 3 274584510091000
16.69800000 16.66466600 6.46062400 10.20404200 3 274584526789083
16.67029100 16.67491700 6.45770900 10.21720800 3 274584543459291
16.69158400 16.69037500 6.58429100 10.10608400 3 274584560150958
16.68141600 16.68950000 7.06620800 9.62329200 3 274584576832375
16.67687500 16.63870800 6.49608300 10.14262500 3 274584593509208
16.68295900 16.77366700 7.11333400 9.66033300 3 274584610192125
16.69279100 16.78954200 7.16795900 9.62158300 3 274584626884875
16.68745900 16.60945800 6.69662500 9.91283300 3 274584643572500
16.68912500 16.79883300 7.00962500 9.78920800 3 274584660261666
16.69033300 16.54900000 7.34112500 9.20787500 3 274584676951916
16.66954200 16.56625000 6.31995700 10.24629300 3 274584693626166
16.67395800 16.83733400 5.70816800 11.12916600 3 274584710295375
16.72187500 16.46833300 4.99933400 11.46899900 3 274584727017166
16.67187500 16.73754200 4.80146000 11.93608200 3 274584743689083
16.67662500 16.61483300 4.97029100 11.64454200 3 274584760365625
16.66725000 16.81391700 5.00395800 11.80995900 3 274584777033000
16.71608300 16.60612500 4.65437500 11.95175000 3 274584793749083
16.66791700 16.74787500 4.87995900 11.86791600 3 274584810417000
16.66266700 16.65854100 4.75395700 11.90458400 3 274584827079625
16.68062500 16.81654200 4.89721000 11.91933200 3 274584843760291
16.70941600 16.51766700 4.83683400 11.68083300 3 274584860470500
16.66833400 16.67916600 4.74920700 11.92995900 3 274584877137958
16.67475000 16.70579200 4.78529100 11.92050100 3 274584893812708
16.72537500 16.61366700 4.79437600 11.81929100 3 274584910538166
16.66312500 16.79079100 4.79158200 11.99920900 3 274584927201875
16.66600000 16.66383400 4.84608400 11.81775000 3 274584943867291
16.67562500 16.66875000 4.73295800 11.93579200 3 274584960542875
16.69537500 16.77804100 4.89866600 11.87937500 3 274584977238208
16.69050000 16.54408400 4.92787600 11.61620800 3 274584993928791
16.67154100 16.67833300 4.96783300 11.71050000 3 274585010600208
16.68633400 16.80675000 4.82741700 11.97933300 3 274585027286708
16.68095800 16.63708300 4.93087500 11.70620800 3 274585043967583
18.13466700 17.97891700 6.13295800 11.84595900 3 274585062102166
15.22441600 15.47275000 5.43925000 10.03350000 3 274585077326625
16.69658400 16.56045800 5.06220700 11.49825100 3 274585094023250
16.67783300 16.89891700 5.11620800 11.78270900 3 274585110701083
16.69266700 16.71750000 5.30029200 11.41720800 3 274585127393666
16.67850000 16.40883300 5.06695800 11.34187500 3 274585144072333
18.53925000 18.23854200 6.37095800 11.86758400 3 274585162611666
14.84020800 15.34675000 5.98954300 9.35720700 3 274585177451666
16.69900000 16.67541700 5.43829300 11.23712400 3 274585194150666
16.65837500 16.61545800 5.01916700 11.59629100 3 274585210809125
16.71279200 16.72512500 4.93550100 11.78962400 3 274585227521875
16.64004100 16.53083300 4.89129100 11.63954200 3 274585244161791
16.72541700 16.72020900 4.82454200 11.89566700 3 274585260887416
16.65520800 16.67775000 4.99920800 11.67854200 3 274585277542583
16.67079200 16.61954100 6.74220700 9.87733400 3 274585294213333
18.47279200 18.25837500 6.61837500 11.64000000 3 274585312686208
14.90083300 15.34887500 5.85870900 9.49016600 3 274585327586916
16.69987500 16.50545900 5.11316700 11.39229200 3 274585344286916
16.66829200 16.60370800 6.73579200 9.86791600 3 274585360955166
16.69212500 16.80316700 4.86008300 11.94308400 3 274585377647250
16.69179100 16.68733300 4.87979100 11.80754200 3 274585394339041
16.66325000 16.63658300 4.84799900 11.78858400 3 274585411002291
18.54541700 18.23400000 6.28766700 11.94633300 3 274585429550500
14.82537500 15.01208400 5.54866700 9.46341700 3 274585444373166
16.68700000 16.76537500 4.79137500 11.97400000 3 274585461060125
17.93570800 18.28987500 6.31654300 11.97333200 3 274585478995750
15.42625000 15.18087500 4.94162600 10.23924900 3 274585494421958
16.67225000 16.50937500 6.26266800 10.24670700 3 274585511094291
16.74841700 16.84758300 4.90954000 11.93804300 3 274585527843041
16.63291700 16.71045800 6.52500000 10.18545800 3 274585544475625
16.67279100 16.61904200 4.82266800 11.79637400 3 274585561148375
16.69004200 16.51070800 6.35729100 10.15341700 3 274585577838416
19.06383300 18.66191700 6.72658300 11.93533400 3 274585596902541
14.31083400 14.95791700 5.71354300 9.24437400 3 274585611213208
16.66379100 16.43845800 4.72720900 11.71124900 3 274585627876916
16.70891700 16.79991700 4.85304200 11.94687500 3 274585644585875
16.69650000 16.78641600 4.83333400 11.95308200 3 274585661282375
16.72225000 16.62500000 4.91441700 11.71058300 3 274585678004833
17.92312500 18.15066700 7.86916700 10.28150000 3 274585695927583
15.38500000 15.16275000 5.14441600 10.01833400 3 274585711312750
16.66433300 16.83733300 5.05079100 11.78654200 3 274585727977000
16.69175000 16.60720900 4.93325100 11.67395800 3 274585744668750
16.69858400 16.55658300 6.90670800 9.64987500 3 274585761367541
18.33062500 18.16641700 6.21066600 11.95575100 3 274585779698125
15.31154100 15.97141600 6.82579100 9.14562500 3 274585795009500
16.39512500 16.10037500 4.99287400 11.10750100 3 274585811404625
16.74520900 16.63808400 4.97575000 11.66233400 3 274585828149916
16.63916600 16.54250000 4.90679200 11.63570800 3 274585844789041
16.68616700 16.67362500 4.98470900 11.68891600 3 274585861475208
16.67708300 16.80575000 4.89879100 11.90695900 3 274585878152291
16.70812500 16.63470800 4.79154300 11.84316500 3 274585894860458
16.64141700 16.62408300 6.31166700 10.31241600 3 274585911501916
18.50975000 18.29020900 6.45770900 11.83250000 3 274585930011791
14.84891700 15.19529100 5.62500000 9.57029100 3 274585944860458
16.71333300 16.49762500 4.72091700 11.77670800 3 274585961574625
18.24845800 18.20825000 6.40658300 11.80166700 3 274585979822208
15.08708400 15.20587500 5.49304100 9.71283400 3 274585994909291
16.68908300 16.89420900 4.98183400 11.91237500 3 274586011598416
16.70850000 16.52575000 4.98641600 11.53933400 3 274586028307000
16.66116700 16.74258300 4.81420800 11.92837500 3 274586044968125
16.68066600 16.54704200 4.72087500 11.82616700 3 274586061648791
16.68054200 16.88500000 4.89700100 11.98799900 3 274586078329250
16.68191700 16.46520800 6.50904200 9.95616600 3 274586095012750
16.70812500 16.70141700 4.83854300 11.86287400 3 274586111719333
16.66541600 16.69666600 4.84570800 11.85095800 3 274586128384875
16.72537500 17.04370900 5.19045900 11.85325000 3 274586145110208
18.49670900 18.02854100 6.48533300 11.54320800 3 274586163606916
14.82604100 15.15691700 5.53487600 9.62204100 3 274586178432916
16.69175000 16.63650000 5.11541700 11.52108300 3 274586195124625
16.67975000 16.70816700 4.85212500 11.85604200 3 274586211804541
16.70558400 16.86733300 5.07758400 11.78974900 3 274586228510041
16.68004100 16.50408300 4.86379100 11.64029200 3 274586245190000
16.65362500 16.68479200 4.86854200 11.81625000 3 274586261843666
18.21266700 18.48129200 6.65104200 11.83025000 3 274586280056375
15.16191700 14.95862500 4.94362600 10.01499900 3 274586295218291
16.67458300 16.41050000 6.36491800 10.04558200 3 274586311892833
18.62033300 18.50291600 6.55400000 11.94891600 3 274586330513291
15.16491700 15.10279200 5.96616700 9.13662500 3 274586345678291
17.18966700 17.75970800 7.45545900 10.30424900 3 274586362867791
15.79312500 15.66212500 5.03604100 10.62608400 3 274586378660958
16.65287500 16.41212500 4.89737400 11.51475100 3 274586395313666
17.08833300 17.52495900 5.60412600 11.92083300 3 274586412402041
16.28320800 16.03287500 4.94600000 11.08687500 3 274586428685250
16.70250000 16.49866600 4.73337300 11.76529300 3 274586445387750
16.67245900 16.65920900 6.25600000 10.40320900 3 274586462060291
16.70158300 16.80370800 4.87433300 11.92937500 3 274586478761791
16.65616700 16.60516700 6.61041700 9.99475000 3 274586495418000
18.77845800 18.37725000 6.44083300 11.93641700 3 274586514196583
14.58425000 15.23716600 6.14033200 9.09683400 3 274586528780625
16.71304200 16.62495900 4.86987400 11.75508500 3 274586545493833
16.67887500 16.70929100 4.92045800 11.78883300 3 274586562172625
16.69670800 16.57016700 4.99145900 11.57870800 3 274586578869875
16.65650000 16.84054200 4.95433300 11.88620900 3 274586595525750
16.68658300 16.79658300 5.12366600 11.67291700 3 274586612212541
17.86441700 17.44116700 9.99054200 7.45062500 3 274586630077083
16.01120800 16.20204100 12.04825000 4.15379100 3 274586646088125
16.46291700 16.54991700 10.39966600 6.15025100 3 274586662550916
16.62833300 16.63475000 9.27641600 7.35833400 3 274586679179500
16.43441700 16.52629200 8.62466700 7.90162500 3 274586695613708
16.67950000 16.63133300 8.59808300 8.03325000 3 274586712293250
16.68237500 16.65075000 7.77562500 8.87512500 3 274586728975583
16.69562500 16.72766700 7.36641700 9.36125000 3 274586745671333
16.67158300 16.67279100 7.38112400 9.29166700 3 274586762342791
16.68112500 16.67112500 7.30016500 9.37096000 3 274586779023916
16.68366700 16.65508400 7.27171000 9.38337400 3 274586795707583
16.68695800 16.67466600 7.37099900 9.30366700 3 274586812394583
16.68066700 16.69395900 7.11987700 9.57408200 3 274586829075208
16.69191700 16.66608300 6.89250000 9.77358300 3 274586845767250
16.67508300 16.59350000 7.35970900 9.23379100 3 274586862442208
16.69295800 16.78579200 6.57662600 10.20916600 3 274586879135291
16.68833400 16.56458300 6.54620700 10.01837600 3 274586895823583
16.66775000 16.80325000 6.63579300 10.16745700 3 274586912491250
16.69483300 16.61770800 6.62300000 9.99470800 3 274586929186250
16.67387500 16.77562500 6.58841600 10.18720900 3 274586945859958
16.68037500 16.53350000 6.65108300 9.88241700 3 274586962540333
16.69183300 16.70458400 6.47008500 10.23449900 3 274586979232333
16.67675000 16.79108300 6.57350000 10.21758300 3 274586995908916
16.68516700 16.75150000 7.19062500 9.56087500 3 274587012594083
16.69154200 16.55937500 7.35916700 9.20020800 3 274587029285791
16.67266600 16.63379200 6.46966700 10.16412500 3 274587045958250
16.68183400 16.70708300 6.57962500 10.12745800 3 274587062640125
16.68775000 16.67887500 6.89916700 9.77970800 3 274587079327916
16.67916600 16.76116700 7.09245800 9.66870900 3 274587096007041
16.69429200 16.57970800 6.87312500 9.70658300 3 274587112701416
16.68554200 16.76837500 6.52370900 10.24466600 3 274587129387041
16.68787500 16.73725000 6.70716600 10.03008400 3 274587146074791
16.67404100 16.77133300 7.31858300 9.45275000 3 274587162748708
16.68862500 16.63791700 6.91733400 9.72058300 3 274587179437583
16.74416700 16.71804200 6.89495900 9.82308300 3 274587196181500
16.62837500 16.49541600 6.12225100 10.37316500 3 274587212810208
16.70475000 16.84191700 5.13779200 11.70412500 3 274587229514666
16.66137500 16.47695800 4.82087400 11.65608400 3 274587246176041
16.68100000 16.73904200 4.91775100 11.82129100 3 274587262857000
16.67479200 16.63525000 4.78675000 11.84850000 3 274587279531791
16.80045800 16.71108300 4.73862500 11.97245800 3 274587296332291
16.58108300 16.66133400 5.01241600 11.64891800 3 274587312913375
16.69941700 16.53179100 4.77116700 11.76062400 3 274587329613666
16.69645800 16.92629200 5.00883400 11.91745800 3 274587346309708
16.69195900 16.61812500 4.93666700 11.68145800 3 274587363001291
16.66029100 16.66962500 4.93970900 11.72991600 3 274587379661583
16.66100000 16.66112500 5.09416700 11.56695800 3 274587396322625
16.68408400 16.73225000 5.09050000 11.64175000 3 274587413006541
16.67212500 16.82566700 5.00625100 11.81941600 3 274587429678750
16.69783300 16.55779100 4.88858300 11.66920800 3 274587446376625
16.69829200 16.58187500 4.79879100 11.78308400 3 274587463074833
16.69379100 16.60812500 4.77379100 11.83433400 3 274587479769083
16.65333400 16.84675000 4.87512500 11.97162500 3 274587496421958
16.70787500 16.71200000 4.88162600 11.83037400 3 274587513129833
16.65016600 16.65754200 4.85271000 11.80483200 3 274587529780000
16.68729200 16.69175000 5.02400100 11.66774900 3 274587546467250
16.68320800 16.69604200 5.01587600 11.68016600 3 274587563150458
16.68275000 16.62787500 4.85458400 11.77329100 3 274587579833208
16.69004200 16.61287500 4.88275000 11.73012500 3 274587596523291
16.70516700 16.68162500 4.78283300 11.89879200 3 274587613228541
16.64841600 16.78554100 4.95666600 11.82887500 3 274587629876833
16.68654200 16.69133400 4.85379300 11.83754100 3 274587646563375
16.69420800 16.57004100 4.95375000 11.61629100 3 274587663257666
16.67316700 16.63491700 4.93520900 11.69970800 3 274587679930833
16.68845800 16.85433300 4.92487500 11.92945800 3 274587696619333
16.67470900 16.63650000 4.89829100 11.73820900 3 274587713293958
16.71512500 16.53729200 6.71129200 9.82600000 3 274587730009416
17.66166600 18.19720800 6.34287300 11.85433500 3 274587747670791
15.68450000 15.34775000 4.84079200 10.50695800 3 274587763356166
16.68429200 16.60754200 4.71170900 11.89583300 3 274587780039583
16.68083300 16.66654200 4.82579100 11.84075100 3 274587796720375
17.89220900 18.24650000 6.27425000 11.97225000 3 274587814612583
15.47279100 15.21729100 4.89624900 10.32104200 3 274587830085416
16.71312500 16.51091700 6.46537600 10.04554100 3 274587846798583
16.64587500 16.77087500 4.77916700 11.99170800 3 274587863444333
18.12491700 18.19983300 6.55729200 11.64254100 3 274587881569375
15.26145800 15.15770900 5.24891800 9.90879100 3 274587896830791
16.66387500 16.69325000 5.01962500 11.67362500 3 274587913494583
16.71241700 16.72504100 4.90883400 11.81620700 3 274587930207000
16.65295800 16.56908400 6.84900000 9.72008400 3 274587946860041
16.71595900 16.81704100 4.94991500 11.86712600 3 274587963576041
16.66458300 16.62379200 4.90395900 11.71983300 3 274587980240541
16.67850000 16.61012500 4.97808300 11.63204200 3 274587996919083
18.53095800 18.12633300 6.38520800 11.74112500 3 274588015450041
14.87670900 15.32312500 5.72820900 9.59491600 3 274588030326875
16.68420800 16.71587500 4.99533300 11.72054200 3 274588047010958
17.79245800 18.14116700 6.34091700 11.80025000 3 274588064803333
15.53062500 15.25229200 4.85558400 10.39670800 3 274588080334083
16.67737500 16.52995800 6.37004100 10.15991700 3 274588097011416
16.75000000 16.97295800 4.98312400 11.98983400 3 274588113761458
16.63283400 16.51516700 4.79858400 11.71658300 3 274588130394291
18.44391600 18.23029200 6.42054200 11.80975000 3 274588148838291
14.90633400 15.21995800 5.59520900 9.62474900 3 274588163744458
16.69225000 16.44479200 4.84204200 11.60275000 3 274588180436791
16.69654100 16.96729100 5.24966500 11.71762600 3 274588197133333
16.67687500 16.53350000 4.95962500 11.57387500 3 274588213810208
16.69604200 16.89487500 5.11537500 11.77950000 3 274588230506291
16.66608300 16.43937500 5.22695800 11.21241700 3 274588247172375
16.67458400 16.84845900 4.97508400 11.87337500 3 274588263846791
16.68995800 16.61812500 4.97020800 11.64791700 3 274588280536833
16.68666700 16.66579100 5.04145700 11.62433400 3 274588297223500
18.39204100 18.10395900 6.45345900 11.65050000 3 274588315615625
16.70325000 16.76191600 7.52737500 9.23454100 3 274588332318708
14.95279200 15.30345900 5.52108400 9.78237500 3 274588347271541
16.68716700 16.54283300 4.82091700 11.72191600 3 274588363958750
16.67000000 16.68991700 4.94862500 11.74129200 3 274588380628708
16.71900000 16.59637500 5.00804100 11.58833400 3 274588397347750
16.66237500 16.80279100 4.99708300 11.80570800 3 274588414010166
16.67229100 16.64587500 4.93895900 11.70691600 3 274588430682375
16.69870900 16.56400000 6.28949900 10.27450100 3 274588447381083
16.70108300 16.68112500 5.00770700 11.67341800 3 274588464082291
16.66958300 16.79820900 4.98366700 11.81454200 3 274588480752666
16.67429200 16.71795800 4.90133300 11.81662500 3 274588497426125
16.67929200 16.51741700 6.70145800 9.81595900 3 274588514105416
17.76525000 18.24304100 6.37249800 11.87054300 3 274588531870541
15.60975000 15.15691700 4.91920800 10.23770900 3 274588547480416
16.66425000 16.88258300 5.08754200 11.79504100 3 274588564144583
16.71233300 16.58437500 4.99154200 11.59283300 3 274588580857000
16.69487500 16.64441700 4.79600100 11.84841600 3 274588597552250
16.67929200 16.71062500 4.83270900 11.87791600 3 274588614231791
16.68741600 16.62258300 6.58883200 10.03375100 3 274588630918625
18.14575000 18.02258400 6.24762600 11.77495800 3 274588649064541
16.69908400 16.83400000 7.25700000 9.57700000 3 274588665763458
15.17679100 15.28945800 5.29633400 9.99312400 3 274588680940166
16.70912500 16.61625000 4.78245800 11.83379200 3 274588697649416
16.64633400 16.74004200 6.33637500 10.40366700 3 274588714295666
16.74416600 16.67825000 4.86670900 11.81154100 3 274588731039875
16.62779200 16.55975000 6.32812400 10.23162600 3 274588747667625
18.57887500 18.29654100 6.40279000 11.89375100 3 274588766246500
14.81316700 15.14583400 5.65495800 9.49087600 3 274588781059958
16.66287500 16.64808300 4.74495900 11.90312400 3 274588797722458
18.16070800 18.36454200 6.38941700 11.97512500 3 274588815883208
15.19341700 14.98679100 5.13299900 9.85379200 3 274588831076583
16.69733300 16.72445900 4.86562500 11.85883400 3 274588847774000
16.70879200 16.74408300 4.85254100 11.89154200 3 274588864482708
17.39183300 17.02087500 5.17270800 11.84816700 3 274588881874791
15.96000000 16.16633300 6.00529100 10.16104200 3 274588897834583
16.65837500 16.83466700 4.81725100 12.01741600 3 274588914492916
18.41858300 18.17604200 6.37825100 11.79779100 3 274588932911666
16.36995900 16.77016600 7.34287500 9.42729100 3 274588949281458
15.27091600 15.19125000 5.09354200 10.09770800 3 274588964552416
17.41383400 17.10270900 5.47829300 11.62441600 3 274588981966416
17.68633300 17.66837500 7.40191600 10.26645900 3 274588999652750
16.63658300 16.75425000 7.35945700 9.39479300 3 274589016289208
15.00679200 15.23295800 5.43395800 9.79900000 3 274589031296000
17.41304200 17.03212500 5.35212500 11.68000000 3 274589048709125
15.97025000 16.08150000 6.08679200 9.99470800 3 274589064679250
16.65670800 16.82570800 5.03008200 11.79562600 3 274589081336000
16.71291700 16.75075000 5.06070800 11.69004200 3 274589098048958
16.80125000 16.69000000 5.02050000 11.66950000 3 274589114850208
16.53475000 16.52850000 6.51912400 10.00937600 3 274589131384833
16.75350000 16.93120900 5.06558300 11.86562600 3 274589148138750
17.84862500 17.31325000 5.78799900 11.52525100 3 274589165987041
17.62145800 17.64016600 7.45591700 10.18424900 3 274589183608666
15.83091700 16.05800000 14.18770900 1.87029100 3 274589199439375
16.15333300 16.14725000 11.51487500 4.63237500 3 274589215593041
16.40075000 16.65383400 10.23446000 6.41937400 3 274589231993416
16.57716700 16.61266600 9.91158300 6.70108300 3 274589248570875
16.47145800 16.56254200 8.60029300 7.96224900 3 274589265042166
16.58345800 16.54754200 8.31758400 8.22995800 3 274589281625750
16.59304200 16.65712500 8.28233400 8.37479100 3 274589298218625
16.80945800 16.73720800 8.44758400 8.28962400 3 274589315028250
16.65379200 16.70641700 8.00916700 8.69725000 3 274589331682000
16.58470800 16.61741600 7.77408200 8.84333400 3 274589348266541
16.69408400 16.61725000 7.49891600 9.11833400 3 274589364960750
16.68312500 16.66070900 7.30745800 9.35325100 3 274589381643875
16.67583300 16.67795800 7.42758200 9.25037600 3 274589398319750
16.67054200 16.59087500 7.34479200 9.24608300 3 274589414990083
16.69516600 16.66887500 6.57950000 10.08937500 3 274589431685416
16.67737500 16.67070800 6.73091700 9.93979100 3 274589448362666
16.68754200 16.78070900 6.92020800 9.86050100 3 274589465050333
16.69016700 16.72316600 6.72208300 10.00108300 3 274589481740500
16.67654100 16.69208400 7.19020900 9.50187500 3 274589498416916
16.68404200 16.68083300 7.35870800 9.32212500 3 274589515100916
16.69179200 16.65833300 7.37845800 9.27987500 3 274589531792875
16.67479100 16.69150000 7.40670800 9.28479200 3 274589548467708
16.68358400 16.64987500 7.32033400 9.32954100 3 274589565151166
16.68166600 16.64720900 6.59000100 10.05720800 3 274589581832916
16.67466700 16.63862500 6.51658400 10.12204100 3 274589598507458
16.68445800 16.70295800 6.59091700 10.11204100 3 274589615191916
16.69412500 16.76679200 6.56462500 10.20216700 3 274589631886166
16.67845900 16.59279100 6.75870800 9.83408300 3 274589648564625
16.68654100 16.71491700 7.16375000 9.55116700 3 274589665251166
16.67441700 16.63400000 6.56991700 10.06408300 3 274589681925458
16.69070800 16.66820800 6.49687500 10.17133300 3 274589698616250
16.69358400 16.86820900 6.78287600 10.08533300 3 274589715309666
16.67170800 16.67700000 6.81295800 9.86404200 3 274589731981416
16.72333300 16.67595800 6.81183100 9.86412700 3 274589748704958
16.66183400 16.63979200 6.83112600 9.80866600 3 274589765366750
16.67129100 16.56704100 6.26958200 10.29745900 3 274589782037875
16.68070900 16.69350000 5.17995700 11.51354300 3 274589798718583
16.71787500 16.69566700 5.00241700 11.69325000 3 274589815436500
16.64391600 16.65875000 5.08641700 11.57233300 3 274589832080375
16.73383400 16.56962500 4.95895800 11.61066700 3 274589848814166
16.63991600 16.80608300 4.97862400 11.82745900 3 274589865455250
16.68095900 16.69066700 4.86362500 11.82704200 3 274589882135083
16.68104100 16.63133300 4.78924900 11.84208400 3 274589898816166
16.67562500 16.81491700 4.99000100 11.82491600 3 274589915491750
16.69133400 16.47625000 4.87433400 11.60191600 3 274589932183083
16.69383300 16.79129200 4.83816700 11.95312500 3 274589948876916
16.68812500 16.59941600 4.94370700 11.65570900 3 274589965565166
16.67070800 16.97875000 5.03499900 11.94375100 3 274589982235875
16.68516700 16.59837500 5.04587400 11.55250100 3 274589998920958
16.70337500 16.65345900 5.26246000 11.39099900 3 274590015624250
16.66329200 16.59154100 4.81762400 11.77391700 3 274590032287625
16.67158300 16.64129200 4.82016700 11.82112500 3 274590048959125
16.68341700 16.67979200 4.86041700 11.81937500 3 274590065642500
16.69995800 16.76091600 4.90787400 11.85304200 3 274590082342666
16.69225000 16.65400000 4.80266700 11.85133300 3 274590099034833
16.66829200 16.58908400 5.01096000 11.57812400 3 274590115703125
16.67545800 16.64329100 4.78658200 11.85670900 3 274590132378500
16.70333300 16.95891700 5.09270800 11.86620900 3 274590149082000
16.67629200 16.45000000 4.92016800 11.52983200 3 274590165758166
16.67925000 16.78125000 4.94587500 11.83537500 3 274590182437500
16.68804200 16.80833300 5.21795700 11.59037600 3 274590199125500
16.67658300 16.63583400 5.09262600 11.54320800 3 274590215802041
16.74187500 16.69008300 5.18883300 11.50125000 3 274590232544125
16.62191700 16.62987500 5.14862600 11.48124900 3 274590249165916
18.18333300 18.12900000 6.39895900 11.73004100 3 274590267349291
15.20879200 15.35708300 5.40175000 9.95533300 3 274590282558041
16.66712500 16.59733400 5.06470900 11.53262500 3 274590299225083
16.67641600 16.63975000 4.90133400 11.73841600 3 274590315901583
16.68300000 16.68470800 4.79745900 11.88724900 3 274590332584583
16.69379200 16.69966700 6.59579100 10.10387600 3 274590349278291
16.67037500 16.67054100 5.15595700 11.51458400 3 274590365948625
16.69483300 16.73104200 4.89754200 11.83350000 3 274590382643625
16.67933400 16.62470800 5.00516600 11.61954200 3 274590399322958
16.71066600 16.54237500 6.22266600 10.31970900 3 274590416033583
18.47054200 18.40366700 6.61204200 11.79162500 3 274590434504083
14.87925000 15.18458300 5.47050000 9.71408300 3 274590449383291
16.68120800 16.57775000 4.85708300 11.72066700 3 274590466064583
16.68016700 16.67020900 4.68579200 11.98441700 3 274590482744708
16.70845800 16.79200000 5.08429200 11.70770800 3 274590499453125
17.70800000 18.01379100 6.36162400 11.65216700 3 274590517161083
15.62533400 15.39816700 5.10187600 10.29629100 3 274590532786625
16.68545800 16.41779200 4.90479100 11.51300100 3 274590549472041
16.68545800 16.78441600 4.85862500 11.92579100 3 274590566157500
16.67008400 16.56704200 6.29245900 10.27458300 3 274590582827416
16.70266600 16.79812500 4.94758400 11.85054100 3 274590599530250
17.24162500 16.96991700 6.60191700 10.36800000 3 274590616772000
16.13941700 16.44633300 6.19325000 10.25308300 3 274590632911208
18.05016700 17.88220800 6.12829100 11.75391700 3 274590650961583
15.30212500 15.59337500 5.63695900 9.95641600 3 274590666263416
16.66604100 16.47029200 4.90100100 11.56929100 3 274590682929541
16.69050000 16.67141700 6.35449900 10.31691800 3 274590699620166
16.67304200 16.72300000 4.90029000 11.82271000 3 274590716293041
16.72304200 16.62075000 6.31612500 10.30462500 3 274590733016125
17.37700000 17.89329100 6.09145800 11.80183300 3 274590750393166
15.99508300 15.67266700 4.87095900 10.80170800 3 274590766388291
17.48666700 17.72216700 5.93229200 11.78987500 3 274590783874916
15.84800000 15.66383300 5.01174900 10.65208400 3 274590799722875
16.68045800 16.57158300 4.84808300 11.72350000 3 274590816403375
18.42066700 18.13620900 6.35800000 11.77820900 3 274590834824083
14.94333300 15.28595800 5.54470800 9.74125000 3 274590849767375
16.68570800 16.64529200 4.80462500 11.84066700 3 274590866453083
16.68908400 16.70779100 4.92483300 11.78295800 3 274590883142208
16.70366600 16.79762500 5.11524900 11.68237600 3 274590899845750
16.65241700 16.69225000 4.97200000 11.72025000 3 274590916498125
18.50187500 17.80029200 6.05333400 11.74695800 3 274590935000250
14.86183300 15.33475000 5.95820800 9.37654200 3 274590949861958
16.68266700 16.76737500 4.86083300 11.90654200 3 274590966544500
16.68320800 16.54250000 6.52837600 10.01412400 3 274590983227708
17.58958400 18.10983300 6.30158200 11.80825100 3 274591000817333
15.79125000 15.53287500 5.00745900 10.52541600 3 274591016608708
16.70050000 16.49504200 4.98733400 11.50770800 3 274591033309166
16.68600000 16.68395800 4.85570700 11.82825100 3 274591049995208
16.66583300 16.59245900 6.31125000 10.28120900 3 274591066660916
18.47804200 18.41729100 6.56866600 11.84862500 3 274591085139083
14.89808300 15.15370900 5.70970900 9.44400000 3 274591100037083
16.66908300 16.73283300 4.92262600 11.81020700 3 274591116706208
16.71879200 16.42354200 5.91812400 10.50541800 3 274591133424916
16.66845800 16.78787500 4.79429200 11.99358300 3 274591150093375
16.69858400 16.81487500 4.98958400 11.82529100 3 274591166792208
16.64150000 16.58120800 6.45291700 10.12829100 3 274591183433416
16.72333300 16.78112500 5.12954100 11.65158400 3 274591200156750
16.67600000 16.79879200 5.05300100 11.74579100 3 274591216833416
16.66229200 16.56675000 5.12820800 11.43854200 3 274591233495041
16.67441600 16.42750000 4.45954200 11.96795800 3 274591250169500
18.89250000 17.73600000 5.81199900 11.92400100 3 274591269062000
1569.55979200 1570.73983300 933.96408200 636.77575100 282 274592838621833
15.50958300 15.57675000 15.57608400 0.00066600 3 274592854131500
15.01795900 15.02162500 15.02129200 0.00033300 3 274592869149291
15.99504100 15.89779200 15.05000100 0.84779100 3 274592885144416
16.70608400 16.67804100 14.73312500 1.94491600 3 274592901850541
16.68983300 16.68333400 14.44804200 2.23529200 3 274592918540291
16.66258300 16.68337500 14.48600000 2.19737500 3 274592935202833
16.70537500 16.68333300 14.44362500 2.23970800 3 274592951908291
16.68962500 16.69050000 15.45783300 1.23266700 3 274592968597833
16.65537500 16.67616700 15.00325100 1.67291600 3 274592985253208
16.74962500 16.71387500 14.42783300 2.28604200 3 274593002002958
16.64875000 16.65537500 14.62541700 2.02995800 3 274593018651666
16.71179200 16.68075000 14.73012500 1.95062500 3 274593035363375
16.61825000 16.68316600 13.79283200 2.89033400 3 274593051981916
16.71312500 16.68783400 14.03808400 2.64975000 3 274593068694916
16.71462500 16.68233300 13.82645800 2.85587500 3 274593085409583
16.61629200 16.68904200 14.31995900 2.36908300 3 274593102025708
16.72004100 16.67420800 14.31412600 2.36008200 3 274593118745708
16.64737500 16.68345800 14.27929200 2.40416600 3 274593135393125
16.70212500 16.68691700 14.17637500 2.51054200 3 274593152095250
16.69587500 16.70433300 13.97725000 2.72708300 3 274593168791166
16.81745900 16.65870900 14.44508500 2.21362400 3 274593185609000
16.53254100 16.68329100 14.77708300 1.90620800 3 274593202141208
16.67158400 16.68333400 14.27279300 2.41054100 3 274593218812666
16.74195800 16.68712500 14.16108400 2.52604100 3 274593235554750
16.64283300 16.67962500 14.18333300 2.49629200 3 274593252197458
16.66837500 16.68325000 13.78483300 2.89841700 3 274593268865916
16.68520900 16.68654100 13.68591600 3.00062500 3 274593285551041
16.67600000 16.68079200 14.09129200 2.58950000 3 274593302227125
16.69454100 16.68512500 13.74329200 2.94183300 3 274593318921708
16.70070900 16.68095800 13.68366700 2.99729100 3 274593335622416
16.65433300 16.68325000 13.83658400 2.84666600 3 274593352276625
16.68879200 16.68837500 13.97804200 2.71033300 3 274593368965541
16.69420800 16.68637500 13.70683400 2.97954100 3 274593385659875
16.67908300 16.67529200 13.62695800 3.04833400 3 274593402338875
16.77866700 16.89104200 15.16079100 1.73025100 3 274593419117416
16.58350000 16.49354100 14.00658400 2.48695700 3 274593435700916
16.70150000 16.66545900 13.55091800 3.11454100 3 274593452402375
16.65966700 16.68329100 14.18849900 2.49479200 3 274593469062041
16.70758300 16.68329200 13.92916700 2.75412500 3 274593485769750
16.65570800 16.68591700 14.37854100 2.30737600 3 274593502425333
16.72862500 16.68070800 13.85466700 2.82604100 3 274593519153958
16.65175000 16.68341700 13.31204200 3.37137500 3 274593535805708
16.67441700 16.68329100 14.48866700 2.19462400 3 274593552480125
16.69487500 16.68329200 13.87162700 2.81166500 3 274593569175083
16.67241700 16.69112500 13.75075000 2.94037500 3 274593585847416
16.67791600 16.67558300 13.64016700 3.03541600 3 274593602525375
16.68583400 16.68333400 13.67004200 3.01329200 3 274593619211208
16.68033300 16.69095800 13.73804100 2.95291700 3 274593635891583
16.70366700 16.67566700 13.61570900 3.05995800 3 274593652595333
16.66200000 16.68333300 13.40504100 3.27829200 3 274593669257416
16.70020800 16.69083300 13.70287600 2.98795700 3 274593685957375
16.66908300 16.67587500 13.22816800 3.44770700 3 274593702626541
16.71641700 16.69000000 13.73795900 2.95204100 3 274593719343083
16.71270800 16.68575000 13.23154200 3.45420800 3 274593736055791
16.62825000 16.67420900 14.24600100 2.42820800 3 274593752683958
16.67862500 16.68345800 13.46087500 3.22258300 3 274593769362625
16.68358400 16.68400000 13.22558300 3.45841700 3 274593786046041
16.70970800 16.68745800 13.28404200 3.40341600 3 274593802755875
16.66633300 16.67920900 13.40087600 3.27833300 3 274593819422250
16.69991700 16.68254100 14.47133300 2.21120800 3 274593836122208
16.70925000 16.68762500 13.77620900 2.91141600 3 274593852831416
16.63820800 16.67900000 13.88087500 2.79812500 3 274593869469625
16.68679200 16.68433400 13.32958400 3.35475000 3 274593886156375
16.66837500 16.69454100 13.90604100 2.78850000 3 274593902824625
16.69775000 16.67170900 13.80287500 2.86883400 3 274593919522375
16.68162500 16.68295800 13.46041600 3.22254200 3 274593936204125
16.67316700 16.69162500 13.38033300 3.31129200 3 274593952877250
16.68300000 16.67566700 13.93175000 2.74391700 3 274593969560250
16.72775000 16.68566600 13.36033300 3.32533300 3 274593986288041
16.63808300 16.81825000 13.37249900 3.44575100 3 274594002926000
16.69341700 16.54595900 13.34387600 3.20208300 3 274594019619458
16.69458300 16.68254100 13.37291700 3.30962400 3 274594036314166
16.70070800 16.68337500 13.29091700 3.39245800 3 274594053014875
16.64745900 16.69245900 13.17429200 3.51816700 3 274594069662250
16.70125000 16.67429100 13.28454000 3.38975100 3 274594086363458
16.71291600 16.68808400 13.18121000 3.50687400 3 274594103076416
16.63895900 16.67866600 13.65583400 3.02283200 3 274594119715250
16.67666600 16.68325000 13.01724900 3.66600100 3 274594136391958
16.72975000 16.68329200 13.55808300 3.12520900 3 274594153121875
16.64095900 16.68575000 12.95616600 3.72958400 3 274594169762791
16.77945800 16.69400000 13.67891600 3.01508400 3 274594186542250
16.60900000 16.67029200 14.21879200 2.45150000 3 274594203151166
16.66425000 16.68766600 14.22412400 2.46354200 3 274594219815375
16.69720800 16.68033400 13.62304300 3.05729100 3 274594236513416
16.67595900 16.68866600 13.40445700 3.28420900 3 274594253188625
16.67187500 16.67679200 13.53449900 3.14229300 3 274594269860458
16.73316600 16.68320800 13.49345800 3.18975000 3 274594286593666
16.65695900 16.68337500 13.42387500 3.25950000 3 274594303250708
16.68787500 16.69116700 14.35354200 2.33762500 3 274594319938458
16.69137500 16.67550000 13.48641600 3.18908400 3 274594336629916
16.78754100 16.68341700 13.45012600 3.23329100 3 274594353417416
16.59091700 16.68320800 13.32174900 3.36145900 3 274594370008250
16.65037500 16.69275000 13.25133300 3.44141700 3 274594386658625
16.71308300 16.67450000 14.02420800 2.65029200 3 274594403371750
16.67500000 16.88520800 14.74095800 2.14425000 3 274594420046791
16.66079200 16.48450000 12.93158300 3.55291700 3 274594436707541
16.75641700 16.68004200 13.98612500 2.69391700 3 274594453464000
16.61054100 16.68458300 13.18012500 3.50445800 3 274594470074583
16.71437500 16.68179200 13.20050000 3.48129200 3 274594486788833
16.64637500 16.68350000 13.25529100 3.42820900 3 274594503435375
16.68366700 16.68320800 13.26841600 3.41479200 3 274594520118958
16.67791700 16.68320900 13.17500100 3.50820800 3 274594536796875
16.68133300 16.68333300 13.31562400 3.36770900 3 274594553478250
16.71133300 16.68337500 13.22004100 3.46333400 3 274594570189625
16.68233400 16.68337500 13.03116600 3.65220900 3 274594586871833
16.70233300 16.68337500 13.22095800 3.46241700 3 274594603574208
16.65654200 16.68916700 13.08966600 3.59950100 3 274594620231416
16.69133300 16.67741600 13.17424800 3.50316800 3 274594636922041
16.70745800 16.68595900 13.09333400 3.59262500 3 274594653629541
16.64062500 16.68079100 13.12016700 3.56062400 3 274594670270166
16.68204200 16.68412500 13.29254200 3.39158300 3 274594686952333
16.69262500 16.68262500 13.96091700 2.72170800 3 274594703644875
16.70816700 16.68941700 13.15829100 3.53112600 3 274594720353041
16.63912500 16.67712500 13.35308300 3.32404200 3 274594736992083
16.73883300 16.68333300 14.50966600 2.17366700 3 274594753731041
16.63062500 16.68729200 13.49454100 3.19275100 3 274594770361500
16.71070800 16.69233300 12.80966600 3.88266700 3 274594787072208
16.66937500 16.67408400 12.87637500 3.79770900 3 274594803741750
16.69416700 16.67958300 14.28354200 2.39604100 3 274594820436000
16.70183300 16.68458300 13.51399900 3.17058400 3 274594837137666
16.69933400 16.68220900 13.49845900 3.18375000 3 274594853837000
16.63716600 16.68325000 14.18129100 2.50195900 3 274594870474250
16.72270900 16.68329100 14.31024900 2.37304200 3 274594887196875
16.63912500 16.69420900 13.42416800 3.27004100 3 274594903836000
16.68829100 16.68058300 13.24766700 3.43291600 3 274594920524333
16.68225000 16.68279200 13.65125000 3.03154200 3 274594937206583
16.74516700 16.67575000 13.99554200 2.68020800 3 274594953951666
16.62220800 16.68941600 13.30866600 3.38075000 3 274594970573833
16.73550000 16.67733400 13.53825000 3.13908400 3 274594987309291
16.66850000 16.68850000 13.19070800 3.49779200 3 274595003977916
16.64133400 16.67825000 13.54724900 3.13100100 3 274595020619208
16.67370800 16.68425000 13.36875000 3.31550000 3 274595037292916
16.68879200 16.68220800 13.21812500 3.46408300 3 274595053981708
16.69237500 16.68700000 13.25970800 3.42729200 3 274595070674125
16.66825000 16.67966700 13.01500000 3.66466700 3 274595087342416
17.10816600 17.22091600 14.68741600 2.53350000 3 274595104450625
16.26395900 16.14570900 14.00350100 2.14220800 3 274595120714708
16.67591600 16.68337500 13.01120900 3.67216600 3 274595137390375
16.69650000 16.68337500 13.06816700 3.61520800 3 274595154087000
16.66766700 16.68325000 12.87241700 3.81083300 3 274595170754541
16.70329200 16.68341600 13.10487400 3.57854200 3 274595187457875
16.70470800 16.68329200 13.09566800 3.58762400 3 274595204162666
16.64266700 16.68329200 13.37879300 3.30449900 3 274595220805208
16.68220800 16.68337500 13.47483300 3.20854200 3 274595237487416
16.69825000 16.68333300 12.54716600 4.13616700 3 274595254185791
16.66800000 16.68329200 12.52216700 4.16112500 3 274595270853666
16.69937500 16.68337500 13.27162400 3.41175100 3 274595287553125
16.67550000 16.68337500 13.20495800 3.47841700 3 274595304228541
16.69008300 16.68329100 13.26699800 3.41629300 3 274595320918750
16.67387500 16.68341700 13.02725000 3.65616700 3 274595337592541
16.67833400 16.68325000 13.15145800 3.53179200 3 274595354270833
16.67887500 16.68333300 12.76941700 3.91391600 3 274595370949708
16.68237500 16.68329200 13.62954400 3.05374800 3 274595387632041
16.68570800 16.68333300 13.20808300 3.47525000 3 274595404317833
16.76891700 16.68354200 13.87216700 2.81137500 3 274595421086833
16.60500000 16.68312500 12.58954200 4.09358300 3 274595437691666
16.74187500 16.68333300 12.90020800 3.78312500 3 274595454433583
16.64220800 16.68341700 12.77720900 3.90620800 3 274595471075791
16.67137500 16.68320800 13.31116600 3.37204200 3 274595487747166
16.69025000 16.68333400 12.95683400 3.72650000 3 274595504437500
16.66700000 16.68341600 13.55129000 3.13212600 3 274595521104416
16.67991700 16.68333400 12.90629300 3.77704100 3 274595537784291
16.68262500 16.68337500 12.85929100 3.82408400 3 274595554466916
16.68479100 16.68333300 12.55879200 4.12454100 3 274595571151833
16.69979200 16.68325000 12.76375000 3.91950000 3 274595587851625
16.68537500 16.68337500 13.44329100 3.24008400 3 274595604537000
16.66387500 16.68333300 13.14924800 3.53408500 3 274595621200833
16.68341700 16.68333400 13.51929100 3.16404300 3 274595637884208
16.72875000 16.68329100 12.30924900 4.37404200 3 274595654613000
16.65800000 16.68345900 12.70154300 3.98191600 3 274595671271083
16.70583300 16.70725000 13.33104200 3.37620800 3 274595687976791
16.65245800 16.65941600 13.16304200 3.49637400 3 274595704629250
16.71645900 16.68333400 13.59175100 3.09158300 3 274595721345708
16.67833300 16.68329100 13.55600000 3.12729100 3 274595738024083
16.68479200 16.68945900 13.70900100 2.98045800 3 274595754708833
16.66450000 16.67783300 13.01650000 3.66133300 3 274595771373375
16.68512500 16.68275000 13.05000000 3.63275000 3 274595788058375
16.69412500 16.68341700 12.97800100 3.70541600 3 274595804752541
16.67654100 16.68858300 13.39270900 3.29587400 3 274595821429250
16.68275000 16.67800000 13.19808300 3.47991700 3 274595838111916
16.68933400 16.68329200 13.07521000 3.60808200 3 274595854801166
16.67533300 16.69112500 13.75216700 2.93895800 3 274595871476541
16.75166700 16.67558300 13.19450000 3.48108300 3 274595888228208
16.60341600 16.68354200 12.93641800 3.74712400 3 274595904831625
16.78737500 16.68458300 12.95895900 3.72562400 3 274595921618958
16.58479200 16.68954200 12.61404300 4.07549900 3 274595938203791
16.77995800 16.67608300 12.98320900 3.69287400 3 274595954983750
16.61529200 16.68287500 12.82783200 3.85504300 3 274595971599166
16.67250000 16.68329200 13.03787500 3.64541700 3 274595988271583
16.67341700 16.79604100 13.33604100 3.46000000 3 274596004944958
16.67275000 16.57062500 13.87550000 2.69512500 3 274596021617666
16.69054100 16.68345900 13.45091800 3.23254100 3 274596038308416
16.67570900 16.68333300 14.23541500 2.44791800 3 274596054984083
16.70200000 16.69270800 13.74304200 2.94966600 3 274596071686083
16.66383300 16.67395900 13.59520800 3.07875100 3 274596088349875
16.72483300 16.68325000 13.10758400 3.57566600 3 274596105074666
16.67137500 16.68808300 13.18245900 3.50562400 3 274596121745958
16.68200000 16.68575000 13.06220800 3.62354200 3 274596138428125
16.68008400 16.67616700 13.32808400 3.34808300 3 274596155108250
16.67912500 16.68591600 13.23399900 3.45191700 3 274596171787333
16.67458300 16.68708400 14.60762600 2.07945800 3 274596188461916
16.67216700 16.68279100 13.35679200 3.32599900 3 274596205133958
16.70604100 16.67762500 13.39504200 3.28258300 3 274596221840166
16.66116700 16.68925000 13.37345900 3.31579100 3 274596238501250
16.71533300 16.68520900 13.25562600 3.42958300 3 274596255216458
16.64958400 16.67554100 13.49375000 3.18179100 3 274596271866208
16.67950000 16.68329200 13.41129300 3.27199900 3 274596288545625
16.68054100 16.69904200 12.62112600 4.07791600 3 274596305226083
16.74500000 16.66762500 13.42712600 3.24049900 3 274596321971083
16.64679200 16.68575000 12.98375100 3.70199900 3 274596338618000
16.69025000 16.68200000 12.92970800 3.75229200 3 274596355308125
16.65045800 16.68658300 12.88441700 3.80216600 3 274596371958708
16.71454200 16.67908300 12.80495800 3.87412500 3 274596388673208
16.66412500 16.68329200 12.64950000 4.03379200 3 274596405337375
16.67895800 16.68333300 12.93095800 3.75237500 3 274596422016291
16.70708400 16.68333400 12.97108400 3.71225000 3 274596438723458
16.67304100 16.68329100 12.87054100 3.81275000 3 274596455396375
16.67650000 16.68329200 13.08425100 3.59904100 3 274596472072958
16.68162500 16.68408300 13.22595800 3.45812500 3 274596488754666
16.69654200 16.68337500 13.65871000 3.02466500 3 274596505451125
16.66754200 16.68258400 13.03404100 3.64854300 3 274596522118583
16.70204100 16.68508300 13.26545800 3.41962500 3 274596538820583
16.68791700 16.68541700 13.38199900 3.30341800 3 274596555508625
16.65104200 16.67945800 12.73058300 3.94887500 3 274596572159583
16.71370800 16.69116700 13.21070900 3.48045800 3 274596588873375
16.67016700 16.67816600 12.91495800 3.76320800 3 274596605544250
16.66579100 16.68075000 13.62925000 3.05150000 3 274596622209291
16.68454200 16.69091700 12.98041800 3.71049900 3 274596638893750
16.77683300 16.67591700 12.95329200 3.72262500 3 274596655670625
16.59516700 16.68562500 12.94541800 3.74020700 3 274596672265791
16.71537500 16.68079100 13.21416600 3.46662500 3 274596688981291
16.65275000 16.68337500 12.86145900 3.82191600 3 274596705633916
16.68895800 16.68404200 12.89391700 3.79012500 3 274596722322958
16.70170900 16.69041700 13.02933300 3.66108400 3 274596739024666
16.65737500 16.68195800 13.80412500 2.87783300 3 274596755681958
16.67804100 16.67700000 12.96062500 3.71637500 3 274596772359958
16.70404200 16.68391700 12.88270800 3.80120900 3 274596789064083
16.66675000 16.68262500 12.91433400 3.76829100 3 274596805730791
16.69795800 16.68333300 13.06387500 3.61945800 3 274596822428833
16.67408400 16.68341700 12.88704100 3.79637600 3 274596839102958
16.68941600 16.68329100 12.91345800 3.76983300 3 274596855792333
16.69975000 16.68329200 13.26179200 3.42150000 3 274596872492083
16.68795900 16.68345800 13.05612600 3.62733200 3 274596889179958
16.70262500 16.68316700 12.97283400 3.71033300 3 274596905882583
16.64537500 16.68350000 12.90320800 3.78029200 3 274596922528041
16.69062500 16.68333300 13.18862500 3.49470800 3 274596939218625
16.66241600 16.68333400 13.12887500 3.55445900 3 274596955881083
16.71020900 16.68604100 13.15366700 3.53237400 3 274596972591250
16.66075000 16.68058400 13.16245800 3.51812600 3 274596989252000
16.77670800 16.68604100 13.00462500 3.68141600 3 274597006029458
16.64029200 16.68129200 14.20187600 2.47941600 3 274597022668958
16.64012500 16.68258300 13.17537500 3.50720800 3 274597039309083
16.68379100 16.68345900 13.02246000 3.66099900 3 274597055992958
16.66604200 16.68320800 12.90891600 3.77429200 3 274597072658916
16.69145800 16.68812500 14.17679200 2.51133300 3 274597089350375
16.69004200 16.67862500 13.14662500 3.53200000 3 274597106040416
16.67270800 16.68408300 13.16075000 3.52333300 3 274597122713166
16.72579200 16.68254200 12.99112500 3.69141700 3 274597139439125
16.65770800 16.68641700 14.32487600 2.36154100 3 274597156096625
16.66175000 16.68020800 13.87229200 2.80791600 3 274597172758375
16.86712500 16.68666700 13.02779100 3.65887600 3 274597189625625
16.52641700 16.68525000 13.38012400 3.30512600 3 274597206152000
16.67216700 16.67812500 13.63762600 3.04049900 3 274597222824125
16.69912500 16.68337500 14.01345800 2.66991700 3 274597239523416
16.68454100 16.68333300 13.43049900 3.25283400 3 274597256207791
16.67158400 16.68333300 13.30279200 3.38054100 3 274597272879291
16.67279100 16.68325000 13.31416700 3.36908300 3 274597289552291
16.73087500 16.68341700 13.36537600 3.31804100 3 274597306283083
16.67587500 16.68404200 13.47996000 3.20408200 3 274597322958916
16.67162500 16.68262500 13.88162400 2.80100100 3 274597339630541
16.64858400 16.68404100 13.37670700 3.30733400 3 274597356279041
16.68416600 16.68987500 13.70866700 2.98120800 3 274597372963208
16.69333400 16.68333400 13.35670900 3.32662500 3 274597389656708
16.68470800 16.68079100 13.43329200 3.24749900 3 274597406341291
16.67616700 16.68725000 13.55550000 3.13175000 3 274597423017583
16.70345800 16.67966700 13.47429200 3.20537500 3 274597439720958
16.70579200 16.67833300 14.22416700 2.45416600 3 274597456426708
16.67829100 16.68333400 13.59258300 3.09075100 3 274597473105125
16.68150000 16.68329100 13.36474900 3.31854200 3 274597489786541
16.64450000 16.71333400 13.79029200 2.92304200 3 274597506431083
16.72083400 16.65983300 13.37570900 3.28412400 3 274597523151875
16.64158300 16.67716700 13.77816700 2.89900000 3 274597539793375
16.68987500 16.68300000 13.00091600 3.68208400 3 274597556483291
16.69612500 16.68333300 13.08674900 3.59658400 3 274597573179500
16.67000000 16.68333300 14.14995800 2.53337500 3 274597589849375
16.68100000 16.68345900 13.86766800 2.81579100 3 274597606530375
16.68895800 16.69345800 13.86170800 2.83175000 3 274597623219416
16.68308400 16.67308300 13.85829200 2.81479100 3 274597639902541
16.68529100 16.68995900 13.50037400 3.18958500 3 274597656587791
16.67195900 16.68320800 13.35733300 3.32587500 3 274597673259708
16.71300000 16.67679200 13.30708400 3.36970800 3 274597689972750
16.68245800 16.68341600 13.20233400 3.48108200 3 274597706655250
16.67829200 16.68333400 13.38245900 3.30087500 3 274597723333416
16.66991600 16.68341600 13.15579200 3.52762400 3 274597740003500
16.68804200 16.68333400 13.83304200 2.85029200 3 274597756691500
16.67462500 16.68383300 13.37941700 3.30441600 3 274597773366125
16.68875000 16.68400000 13.39637500 3.28762500 3 274597790054791
16.69558300 16.68208300 13.38362400 3.29845900 3 274597806750458
16.66445900 16.68408400 13.00362600 3.68045800 3 274597823414833
16.68358300 16.69008300 13.56083400 3.12924900 3 274597840098375
16.70208300 16.67645800 12.95695900 3.71949900 3 274597856800541
16.67612500 16.68262500 12.79141700 3.89120800 3 274597873476666
16.66533400 16.68608400 13.03233400 3.65375000 3 274597890141916
16.70195800 16.68066600 13.49175000 3.18891600 3 274597906844000
16.66670800 16.68904200 12.94095900 3.74808300 3 274597923510583
16.69400000 16.68466700 12.81600000 3.86866700 3 274597940204625
16.69466700 16.67625000 13.73558400 2.94066600 3 274597956899250
16.66954200 16.68433300 13.42100000 3.26333300 3 274597973568791
16.71791600 16.68258300 12.90341600 3.77916700 3 274597990286750
16.67854200 16.83220900 13.28112600 3.55108300 3 274598006965375
16.65591700 16.53420800 13.28112300 3.25308500 3 274598023621291
16.69375000 16.68333300 12.91362500 3.76970800 3 274598040315000
16.66500000 16.68337500 12.92816600 3.75520900 3 274598056979958
16.71670800 16.69104200 12.95333400 3.73770800 3 274598073696666
16.69837500 16.67637500 13.22720800 3.44916700 3 274598090395083
16.64404200 16.68691700 12.74362500 3.94329200 3 274598107039166
16.71533300 16.67970800 13.42166600 3.25804200 3 274598123754500
16.64316700 16.68258300 12.93266600 3.74991700 3 274598140397708
16.69458300 16.68683400 12.85950100 3.82733300 3 274598157092375
16.71195800 16.67987500 12.63516600 4.04470900 3 274598173804250
16.68433400 16.68520800 14.08825000 2.59695800 3 274598190488583
16.67783300 16.68141700 14.32541700 2.35600000 3 274598207166625
16.81070800 16.68841600 13.30654100 3.38187500 3 274598223977083
16.52791700 16.67825000 13.28283400 3.39541600 3 274598240505041
16.76220800 16.68337500 13.01683300 3.66654200 3 274598257267208
16.61895900 16.68329200 12.91825000 3.76504200 3 274598273886041
16.71854100 16.68879200 13.87470800 2.81408400 3 274598290604625
16.65504200 16.68712500 13.05995900 3.62716600 3 274598307259750
16.66687500 16.67400000 13.94920800 2.72479200 3 274598323926583
16.66716700 16.69204100 13.29579100 3.39625000 3 274598340593666
16.70441600 16.68058400 13.88666700 2.79391700 3 274598357298250
16.67895900 16.67750000 13.27958300 3.39791700 3 274598373977000
16.66529100 16.68395800 13.67566800 3.00829000 3 274598390642375
16.69295900 16.68279200 13.15820900 3.52458300 3 274598407335375
16.87687500 16.68470800 14.07100000 2.61370800 3 274598424212125
16.48600000 16.68187500 12.83812500 3.84375000 3 274598440698250
16.72162500 16.68333300 12.76887500 3.91445800 3 274598457419875
16.66725000 16.68883400 13.00508400 3.68375000 3 274598474087250
16.69108300 16.67791600 13.74641600 2.93150000 3 274598490778291
16.65225000 16.68379200 13.17725000 3.50654200 3 274598507430458
16.72712500 16.68270800 13.42745900 3.25524900 3 274598524157833
16.63254200 16.68329200 13.92845900 2.75483300 3 274598540790166
16.69641600 16.68337500 12.77445800 3.90891700 3 274598557486625
16.67925000 16.68325000 12.73079300 3.95245700 3 274598574165750
16.68237500 16.68350000 12.62950200 4.05399800 3 274598590848208
16.67191700 16.68316700 12.71883400 3.96433300 3 274598607520041
16.68162500 16.68350000 13.09149900 3.59200100 3 274598624201625
16.69066700 16.68316600 13.61633300 3.06683300 3 274598640892375
16.77012500 16.68341700 12.60629300 4.07712400 3 274598657662625
16.60554100 16.68325000 12.56783400 4.11541600 3 274598674268208
16.68516700 16.68333300 12.71812400 3.96520900 3 274598690953125
16.68179200 16.68341700 13.03333400 3.65008300 3 274598707634958
16.67191600 16.68337500 12.94745900 3.73591600 3 274598724306875
16.69483400 16.68329200 13.00020900 3.68308300 3 274598741001750
16.68612500 16.68329100 12.85162500 3.83166600 3 274598757687875
16.67875000 16.68341700 12.54450100 4.13891600 3 274598774366708
16.69504100 16.68337500 12.69112600 3.99224900 3 274598791061791
16.66887500 16.68325000 12.75258400 3.93066600 3 274598807730625
16.67266700 16.68333300 12.74116500 3.94216800 3 274598824403208
16.69862500 16.68333400 12.94754300 3.73579100 3 274598841101916
16.68450000 16.68329100 13.06074800 3.62254300 3 274598857786416
16.68487500 16.68337500 12.56987500 4.11350000 3 274598874471250
16.67187500 16.68995900 13.33250100 3.35745800 3 274598891143125
16.69983300 16.67670800 13.03175000 3.64495800 3 274598907842875
16.72837500 16.68341700 13.53279100 3.15062600 3 274598924571208
16.62104200 16.68325000 12.62245900 4.06079100 3 274598941192250
16.69158300 16.68333300 12.67687400 4.00645900 3 274598957883916
16.66691700 16.68333300 12.51312500 4.17020800 3 274598974550791
16.72766700 16.68337500 12.85645700 3.82691800 3 274598991278583
16.65858300 16.68329200 12.47691800 4.20637400 3 274599007937208
16.69220800 16.68341700 12.71191700 3.97150000 3 274599024629291
16.67395900 16.68320800 13.07770800 3.60550000 3 274599041303291
16.68158300 16.68341700 12.62279200 4.06062500 3 274599057984875
16.68800000 16.68320800 12.92091600 3.76229200 3 274599074672750
16.69137500 16.69725000 13.16650100 3.53074900 3 274599091364125
16.67925000 16.66958300 12.80325000 3.86633300 3 274599108043541
16.68658300 16.68337500 13.05120800 3.63216700 3 274599124730000
16.68720900 16.68412500 13.14983400 3.53429100 3 274599141417291
16.72208300 16.68237500 13.09970700 3.58266800 3 274599158139291
16.63029200 16.68337500 13.42525000 3.25812500 3 274599174769708
16.69233300 16.68462500 14.09429300 2.59033200 3 274599191462000
16.71216700 16.71341700 13.21862500 3.49479200 3 274599208174125
16.68466600 16.65750000 13.16091600 3.49658400 3 274599224858833
16.65895900 16.67787500 13.39670700 3.28116800 3 274599241517791
16.66508300 16.68341700 13.19925000 3.48416700 3 274599258182750
16.69008300 16.68329100 13.09725000 3.58604100 3 274599274872833
16.68925000 16.68370900 13.27491800 3.40879100 3 274599291562208
16.68779200 16.68291600 12.97416700 3.70874900 3 274599308250041
16.65866700 16.68325000 13.06379100 3.61945900 3 274599324908625
16.68858300 16.68591700 13.69537500 2.99054200 3 274599341597166
16.68525000 16.68391700 13.33275200 3.35116500 3 274599358282541
16.68462500 16.68029100 13.10608300 3.57420800 3 274599374967000
16.70170800 16.68329200 13.18979200 3.49350000 3 274599391668750
16.66025000 16.69100000 13.18208400 3.50891600 3 274599408329000
16.70404200 16.67558300 13.14687400 3.52870900 3 274599425033166
16.68604200 16.68458400 12.91541800 3.76916600 3 274599441719083
16.67795800 16.69179100 14.23754100 2.45425000 3 274599458397041
16.69825000 16.67429200 14.22562600 2.44866600 3 274599475095416
16.71433300 16.68275000 13.11425000 3.56850000 3 274599491809625
16.66716700 16.68654200 11.64470900 5.04183300 3 274599508476875
16.64212500 16.68000000 12.34824900 4.33175100 3 274599525119166
16.69716700 16.68350000 12.23266700 4.45083300 3 274599541816041
16.69458300 16.68737500 12.29687500 4.39050000 3 274599558510750
16.65750000 16.67962500 12.06495900 4.61466600 3 274599575168250
16.68158300 16.68366600 12.25908200 4.42458400 3 274599591849833
16.67408400 16.68791700 12.00683300 4.68108400 3 274599608523791
16.73604100 16.67804200 12.14204100 4.53600100 3 274599625260000
16.66770900 16.68358300 11.95120800 4.73237500 3 274599641927666
16.70283300 16.68312500 12.04891700 4.63420800 3 274599658630458
16.63654200 16.68833300 11.89637400 4.79195900 3 274599675267125
16.71225000 16.67820900 12.13075100 4.54745800 3 274599691979250
16.65162500 16.68337500 11.93383400 4.74954100 3 274599708630833
16.68154100 16.68333300 11.85908300 4.82425000 3 274599725312416
16.69691700 16.68333300 12.53825000 4.14508300 3 274599742009375
16.67108300 16.68783400 12.70287600 3.98495800 3 274599758680416
16.69641700 16.67970800 12.24295800 4.43675000 3 274599775377583
16.68412500 16.68245800 12.04712400 4.63533400 3 274599792061000
16.66445800 16.68837500 12.24670900 4.44166600 3 274599808725375
16.74595900 16.67833400 12.06337600 4.61495800 3 274599825471416
16.62887500 16.68337500 12.10029100 4.58308400 3 274599842100291
16.67541600 16.68333300 12.11104200 4.57229100 3 274599858775625
16.70729200 16.68495800 12.60279100 4.08216700 3 274599875483000
16.66095800 16.68158400 12.89929300 3.78229100 3 274599892143875
16.70658400 16.68391600 12.46233300 4.22158300 3 274599908850583
16.67079100 16.68279200 12.82695900 3.85583300 3 274599925521291
16.71208400 16.68716700 12.99991700 3.68725000 3 274599942233375
16.71345800 16.67954100 12.35637500 4.32316600 3 274599958946916
16.61075000 16.68333400 12.22545900 4.45787500 3 274599975557500
16.68675000 16.68375000 12.63070800 4.05304200 3 274599992244291
16.68879200 16.69200000 12.02779200 4.66420800 3 274600008933166
16.67875000 16.67429100 12.12866600 4.54562500 3 274600025611875
16.73383300 16.68345900 12.05550100 4.62795800 3 274600042345708
16.64550000 16.68316600 11.89937400 4.78379200 3 274600058991166
16.66900000 16.68329200 11.80920900 4.87408300 3 274600075660208
16.68545800 16.68341700 12.06104300 4.62237400 3 274600092345666
16.72404200 16.68391600 12.18375000 4.50016600 3 274600109069750
16.64562500 16.68983400 12.19033400 4.49950000 3 274600125715250
16.69862500 16.67666600 12.58770700 4.08895900 3 274600142414708
16.66583300 16.68637500 12.01608300 4.67029200 3 274600159079791
16.68425000 16.68041700 11.95712500 4.72329200 3 274600175763958
16.69400000 16.68329200 12.27349900 4.40979300 3 274600192458000
16.67625000 16.68775000 11.90345800 4.78429200 3 274600209134250
16.70308400 16.68100000 12.12220700 4.55879300 3 274600225837541
16.67400000 16.68079100 12.01366700 4.66712400 3 274600242511416
16.67129100 16.68320900 11.76050000 4.92270900 3 274600259182666
16.69887500 16.68979100 11.97495900 4.71483200 3 274600275881583
16.70708400 16.67700000 11.92758400 4.74941600 3 274600292588625
16.63575000 16.68329200 12.17287500 4.51041700 3 274600309224333
16.69191600 16.68337500 12.50470800 4.17866700 3 274600325916250
16.70733400 16.68333300 12.56308300 4.12025000 3 274600342623666
16.67237500 16.68325000 13.55875000 3.12450000 3 274600359295916
16.67262500 16.68333400 13.46179200 3.22154200 3 274600375968666
16.72750000 16.68325000 12.89491700 3.78833300 3 274600392696125
16.64979100 16.68333300 12.75612400 3.92720900 3 274600409345916
16.68183400 16.69008300 13.02700100 3.66308200 3 274600426027750
16.67654100 16.67662500 13.15620800 3.52041700 3 274600442704333
16.67808400 16.68337500 13.19754200 3.48583300 3 274600459382291
16.67745800 16.68350000 12.75170900 3.93179100 3 274600476059833
16.70158300 16.68383400 13.01325000 3.67058400 3 274600492761375
16.69591700 16.68270800 13.05629100 3.62641700 3 274600509457375
16.68604200 16.68362500 13.02041700 3.66320800 3 274600526143375
16.65758300 16.68295800 12.38362500 4.29933300 3 274600542801041
16.67604200 16.68341700 12.46941600 4.21400100 3 274600559477000
16.68662500 16.68333300 12.61770800 4.06562500 3 274600576163625
16.72366600 16.69458400 12.71558300 3.97900100 3 274600592887250
16.66270900 16.67204100 12.46374900 4.20829200 3 274600609550083
16.68866600 16.68700000 12.43812500 4.24887500 3 274600626238666
16.70354200 16.68262500 12.63791700 4.04470800 3 274600642942250
16.64229200 16.68095900 12.51300000 4.16795900 3 274600659584500
16.70629100 16.68270800 12.34558300 4.33712500 3 274600676290833
16.65820900 16.68329200 12.44704100 4.23625100 3 274600692949875
16.67512500 16.69129100 13.04658300 3.64470800 3 274600709624125
16.68537500 16.67545900 12.48000000 4.19545900 3 274600726309416
16.68987500 16.68333300 13.29091600 3.39241700 3 274600742999583
16.67962500 16.68341700 12.68612500 3.99729200 3 274600759678958
16.69025000 16.68325000 12.42275000 4.26050000 3 274600776369291
16.72312500 16.68341600 13.01925100 3.66416500 3 274600793092416
16.63145800 16.68404200 12.43708500 4.24695700 3 274600809723875
16.70683300 16.68358300 12.56374900 4.11983400 3 274600826430625
16.66325000 16.68237500 12.42837600 4.25399900 3 274600843093875
16.68933400 16.68329200 13.09108300 3.59220900 3 274600859783333
16.67595800 16.68316700 12.37520900 4.30795800 3 274600876459125
16.72337500 16.68350000 12.53487500 4.14862500 3 274600893182583
16.64741700 16.68325000 12.27412500 4.40912500 3 274600909829916
16.72866600 16.68337500 12.90283300 3.78054200 3 274600926558708
16.63550000 16.68341600 12.37308300 4.31033300 3 274600943194166
16.68866700 16.68325000 12.61679200 4.06645800 3 274600959882750
16.67833300 16.68341700 12.29587500 4.38754200 3 274600976561250
16.74120900 16.68595800 12.82120800 3.86475000 3 274600993302291
16.64112500 16.68058400 12.63462600 4.04595800 3 274601009943458
16.74066600 16.68987500 12.33979100 4.35008400 3 274601026684166
16.61562500 16.67683300 12.07487400 4.60195900 3 274601043299750
16.68375000 16.68400000 12.60337500 4.08062500 3 274601059983708
16.67854200 16.68391700 12.37870800 4.30520900 3 274601076662083
16.70316700 16.68362500 12.57454100 4.10908400 3 274601093365250
16.71466600 16.68816600 12.43245800 4.25570800 3 274601110079958
16.63091700 16.68479200 12.68066600 4.00412600 3 274601126710750
16.70758300 16.67558300 12.20845900 4.46712400 3 274601143418541
16.70783400 16.68316700 12.64491700 4.03825000 3 274601160126291
16.63458300 16.68425000 12.33558200 4.34866800 3 274601176760833
16.74683300 16.68566700 14.22470800 2.46095900 3 274601193507666
16.62545900 16.68000000 13.60079200 3.07920800 3 274601210133125
16.88791600 16.68350000 13.25012600 3.43337400 3 274601227021000
16.48412500 16.68333300 13.33120700 3.35212600 3 274601243505083
16.70325000 16.68329200 13.60450000 3.07879200 3 274601260208458
16.69312500 16.68379100 13.12112500 3.56266600 3 274601276901583
16.66575000 16.68304200 13.10912500 3.57391700 3 274601293567208
16.67533400 16.68950000 13.60800100 3.08149900 3 274601310242625
16.67620800 16.71575000 12.50970800 4.20604200 3 274601326918833
16.70225000 16.64462500 12.75708400 3.88754100 3 274601343621125
16.66562500 16.68329200 12.85220800 3.83108400 3 274601360286791
16.70041700 16.68345800 11.64016600 5.04329200 3 274601376987125
16.67683300 16.69416700 11.87050000 4.82366700 3 274601393663958
16.67575000 16.67245800 11.69166600 4.98079200 3 274601410339916
16.70941700 16.68808300 11.90879100 4.77929200 3 274601427049083
16.66683300 16.67845900 11.83466800 4.84379100 3 274601443715958
16.68237500 16.68337500 11.74333200 4.94004300 3 274601460398291
16.70045800 16.68337500 11.63574900 5.04762600 3 274601477098833
16.67137500 16.70300000 12.03704100 4.66595900 3 274601493770166
16.68545900 16.66362500 11.80270900 4.86091600 3 274601510455666
16.65308300 16.69054100 11.75937500 4.93116600 3 274601527108708
16.71825000 16.67612500 11.68320800 4.99291700 3 274601543826916
16.67433300 16.68329200 11.89937600 4.78391600 3 274601560501375
16.68612500 16.68345800 11.66225000 5.02120800 3 274601577187500
16.65158400 16.68408400 11.72320900 4.96087500 3 274601593838916
16.74191600 16.68254100 11.66316700 5.01937400 3 274601610580958
16.66875000 16.68816700 11.83691700 4.85125000 3 274601627250875
16.66591700 16.68183300 12.15679100 4.52504200 3 274601643915625
16.70604200 16.67995900 13.18383400 3.49612500 3 274601660621541
16.65775000 16.68350000 12.21058400 4.47291600 3 274601677279291
16.67141600 16.68329100 11.76791500 4.91537600 3 274601693950833
16.67862500 16.68325000 11.58595800 5.09729200 3 274601710629500
16.69237500 16.68337500 11.64583400 5.03754100 3 274601727321791
16.67829200 16.68325000 12.08424900 4.59900100 3 274601744000083
16.69287500 16.69833400 11.87087500 4.82745900 3 274601760692875
16.66554200 16.66837500 12.08987500 4.57850000 3 274601777358500
16.71362500 16.68341600 11.88866600 4.79475000 3 274601794072166
16.68700000 16.68320900 12.31737500 4.36583400 3 274601810759125
16.70337500 16.68341600 11.83129100 4.85212500 3 274601827462416
16.63475000 16.68320900 11.64408500 5.03912400 3 274601844097416
16.69829100 16.77429100 12.18333200 4.59095900 3 274601860795583
16.71116700 16.59237500 12.13929100 4.45308400 3 274601877507083
16.65154200 16.68329200 13.12904400 3.55424800 3 274601894158333
16.67783300 16.68345800 13.11499900 3.56845900 3 274601910836125
16.68620800 16.68333400 11.74412600 4.93920800 3 274601927522333
16.67666700 16.68320800 12.03591600 4.64729200 3 274601944198916
16.69004200 16.68333300 12.18916600 4.49416700 3 274601960888958
16.67645800 16.68341700 12.66512600 4.01829100 3 274601977565416
16.68729200 16.68329200 12.86266700 3.82062500 3 274601994252791
16.68562500 16.68329100 12.26891600 4.41437500 3 274602010938416
16.67554100 16.68345900 12.12458400 4.55887500 3 274602027613958
16.67100000 16.68316600 12.20145700 4.48170900 3 274602044284875
16.68879200 16.68345900 13.16604200 3.51741700 3 274602060973708
16.69775000 16.68325000 12.47262500 4.21062500 3 274602077671541
16.68433300 16.68345800 12.70462400 3.97883400 3 274602094355875
16.68233400 16.68329200 12.49929300 4.18399900 3 274602111038166
16.69220800 16.68325000 12.47050000 4.21275000 3 274602127730250
16.65758300 16.68345800 12.61841700 4.06504100 3 274602144387875
16.70741700 16.68325000 12.73812500 3.94512500 3 274602161095375
16.67441700 16.68337500 12.55929300 4.12408200 3 274602177769750
16.67237500 16.68329200 13.80487500 2.87841700 3 274602194442041
16.67858300 16.68329100 12.40804200 4.27524900 3 274602211120708
16.69741700 16.68341700 12.62204200 4.06137500 3 274602227818125
16.68575000 16.68333300 12.37820800 4.30512500 3 274602244503958
16.68241600 16.68325000 13.04170700 3.64154300 3 274602261186375
16.68241700 16.68329200 13.19725000 3.48604200 3 274602277868708
16.70195800 16.68337500 12.67396000 4.00941500 3 274602294570833
16.66354200 16.68337500 12.73375100 3.94962400 3 274602311234291
16.67166700 16.68333300 12.60466600 4.07866700 3 274602327905833
16.68358300 16.68329200 12.90679200 3.77650000 3 274602344589375
16.68108300 16.68341700 12.52258300 4.16083400 3 274602361270458
16.68833400 16.68333300 13.56208400 3.12124900 3 274602377958833
16.67220800 16.68325000 12.71104200 3.97220800 3 274602394631083
16.69775000 16.68337500 12.52204200 4.16133300 3 274602411328833
16.69325000 16.68845800 13.36583400 3.32262400 3 274602428022166
16.69120800 16.67833400 13.18700200 3.49133200 3 274602444713333
16.66658400 16.68333300 13.14654100 3.53679200 3 274602461379791
16.71087500 16.68333300 12.44929200 4.23404100 3 274602478090708
16.70116600 16.68329200 12.94808300 3.73520900 3 274602494792041
16.63654200 16.68333300 12.24116700 4.44216600 3 274602511428375
16.69337500 16.68337500 12.53070900 4.15266600 3 274602528121916
16.68225000 16.68325000 12.41158300 4.27166700 3 274602544804083
16.68120800 16.68395900 12.50950100 4.17445800 3 274602561485375
16.67795900 16.68270800 12.44687500 4.23583300 3 274602578163291
16.70516600 16.69179200 12.18579100 4.50600100 3 274602594868416
16.68241700 16.67495800 12.17579200 4.49916600 3 274602611550791
16.66525000 16.69345800 12.32587500 4.36758300 3 274602628216166
16.69895800 16.67308400 12.37133500 4.30174900 3 274602644915041
16.65862500 16.68345800 12.78362400 3.89983400 3 274602661573625
16.68725000 16.68341700 12.39325100 4.29016600 3 274602678260833
16.72679200 16.68329100 13.29475000 3.38854100 3 274602694987708
16.64166700 16.68320900 13.48796000 3.19524900 3 274602711629375
16.70191600 16.68366600 12.98716600 3.69650000 3 274602728331333
16.71766700 16.68308400 13.30116800 3.38191600 3 274602745049083
16.62808300 16.68337500 12.89516700 3.78820800 3 274602761677000
16.74325000 16.68320800 12.74754100 3.93566700 3 274602778420375
16.66279200 16.68666700 12.82816700 3.85850000 3 274602795083083
16.68033300 16.68400000 12.78408300 3.89991700 3 274602811763458
16.65066700 16.67937500 12.86587500 3.81350000 3 274602828414000
16.68375000 16.68333300 12.62520800 4.05812500 3 274602845098000
16.68483300 16.68320800 13.07799900 3.60520900 3 274602861782750
16.68579200 16.69254200 12.79437500 3.89816700 3 274602878468541
16.69712500 16.67425000 13.17900100 3.49524900 3 274602895165541
16.66979200 16.68333300 12.54908400 4.13424900 3 274602911835375
16.67808300 16.68337500 12.77320900 3.91016600 3 274602928513333
16.73829200 16.68925000 13.69262500 2.99662500 3 274602945251708
16.62954100 16.67729200 13.18433300 3.49295900 3 274602961881208
16.68000000 16.68754200 12.80333200 3.88421000 3 274602978561291
16.70229200 16.67925000 12.70883300 3.97041700 3 274602995263583
16.71537500 16.68658300 13.93687600 2.74970700 3 274603011978875
16.63604200 16.68295800 12.97320900 3.70974900 3 274603028614958
16.68112500 16.68045900 11.88141700 4.79904200 3 274603045296083
16.69191600 16.69270800 11.96058300 4.73212500 3 274603061988000
16.67837500 16.67887500 12.75308400 3.92579100 3 274603078666333
16.68304200 16.68350000 13.17900100 3.50449900 3 274603095349375
16.70733300 16.68612500 11.93016700 4.75595800 3 274603112056791
16.66958400 16.67550000 13.45220800 3.22329200 3 274603128726291
16.66962500 16.68325000 13.39837400 3.28487600 3 274603145395916
16.69308300 16.69104200 13.46258300 3.22845900 3 274603162089000
16.70554200 16.69150000 13.09537500 3.59612500 3 274603178794541
16.65912500 16.67587500 14.75587400 1.92000100 3 274603195453791
16.72950000 16.68045800 13.59804100 3.08241700 3 274603212183291
16.72862500 16.68037500 13.45033300 3.23004200 3 274603228911791
16.59420800 16.68454200 13.44620700 3.23833500 3 274603245506000
16.67783300 16.68204100 13.42791500 3.25412600 3 274603262183833
16.69262500 16.68145900 13.48304200 3.19841700 3 274603278876500
16.67450000 16.68266600 13.49699900 3.18566700 3 274603295551000
16.70937500 16.68341700 13.31816700 3.36525000 3 274603312260458
16.67133400 16.68337500 13.08324900 3.60012600 3 274603328931833
16.67625000 16.68329200 13.26245900 3.42083300 3 274603345608083
16.67791600 16.68325000 13.47233300 3.21091700 3 274603362286000
16.67387500 16.70133300 13.05033300 3.65100000 3 274603378959791
16.68350000 16.66541700 13.11175000 3.55366700 3 274603395643208
16.71766700 16.68333300 12.32237500 4.36095800 3 274603412361041
16.67175000 16.69162500 12.75258300 3.93904200 3 274603429032750
16.66912500 16.67491700 12.66083400 4.01408300 3 274603445701916
16.68687500 16.68333300 12.55191600 4.13141700 3 274603462388708
16.67287500 16.68679200 12.46037600 4.22641600 3 274603479061541
16.70529200 16.67995800 12.83962500 3.84033300 3 274603495766833
16.71345800 16.68337500 12.25395800 4.42941700 3 274603512480333
16.63166700 16.68362500 12.48816700 4.19545800 3 274603529111916
16.68429100 16.68300000 12.21054100 4.47245900 3 274603545796208
16.70045900 16.69000000 13.01600000 3.67400000 3 274603562496708
16.71987500 16.67658300 12.35283200 4.32375100 3 274603579216625
16.63008300 16.68337500 12.28225100 4.40112400 3 274603595846750
16.72250000 16.68345900 13.21212700 3.47133200 3 274603612569250
16.64483300 16.68320800 12.60570800 4.07750000 3 274603629213958
16.68858400 16.68908300 13.54733300 3.14175000 3 274603645902666
16.68541600 16.68208400 13.16729200 3.51479200 3 274603662588083
16.70779200 16.67883300 13.01324900 3.66558400 3 274603679295875
16.70975000 16.68370800 13.18200000 3.50170800 3 274603696005500
16.66595800 16.68295900 12.41658500 4.26637400 3 274603712671541
16.64491700 16.68341600 12.89941600 3.78400000 3 274603729316458
16.69125000 16.69245900 12.76004200 3.93241700 3 274603746007750
16.71562500 16.67416600 12.88495700 3.78920900 3 274603762723291
16.69266700 16.68333400 12.70633400 3.97700000 3 274603779416041
16.64691600 16.69179100 13.17383300 3.51795800 3 274603796062916
16.68562500 16.67820900 13.21520800 3.46300100 3 274603812748625
16.67704200 16.68075000 12.82745800 3.85329200 3 274603829425625
16.67433300 16.68254100 12.51408200 4.16845900 3 274603846100000
16.68687500 16.69679200 12.56320900 4.13358300 3 274603862786750
16.73766700 16.68741700 12.44429100 4.24312600 3 274603879524500
16.67345800 16.66579100 12.54979100 4.11600000 3 274603896197833
16.64408400 16.68350000 13.08395900 3.59954100 3 274603912842000
16.66750000 16.68316700 12.65808400 4.02508300 3 274603929509416
16.70045800 16.68333300 12.36454200 4.31879100 3 274603946210000
16.71291700 16.69525000 12.50008400 4.19516600 3 274603962922833
16.65745800 16.67145900 12.52766800 4.14379100 3 274603979580416
16.67470800 16.68329100 12.45262400 4.23066700 3 274603996255125
16.67975000 16.68337500 12.76875100 3.91462400 3 274604012934791
16.68225000 16.68625000 13.47762600 3.20862400 3 274604029617000
16.69545900 16.68612500 12.63316700 4.05295800 3 274604046312583
16.81850000 16.67779200 13.57741800 3.10037400 3 274604063130958
16.58262500 16.68937500 12.36779200 4.32158300 3 274604079713625
16.63883300 16.68241700 12.47095900 4.21145800 3 274604096352375
16.68466700 16.67800000 13.39458400 3.28341600 3 274604113037083
16.69625000 16.68333300 13.53199900 3.15133400 3 274604129733291
16.68083300 16.68345800 13.23725000 3.44620800 3 274604146414250
16.68995800 16.68325000 13.22879200 3.45445800 3 274604163104333
16.65816700 16.68329200 13.17929200 3.50400000 3 274604179762291
16.69279200 16.68325000 13.82187600 2.86137400 3 274604196455125
16.68870800 16.73554200 13.30054200 3.43500000 3 274604213143791
16.70425000 16.64100000 13.48579200 3.15520800 3 274604229848000
16.66104200 16.67362500 13.40158300 3.27204200 3 274604246509166
16.68741600 16.68316600 13.21399900 3.46916700 3 274604263196541
16.68908400 16.68841700 13.12687400 3.56154300 3 274604279885666
16.66400000 16.68958300 13.32395900 3.36562400 3 274604296549541
16.68129100 16.67212500 13.56970800 3.10241700 3 274604313230833
16.68445900 16.68337500 13.21337500 3.47000000 3 274604329915291
16.69391600 16.68920900 13.38545900 3.30375000 3 274604346609375
16.69579200 16.67750000 13.28262400 3.39487600 3 274604363305041
16.66170800 16.68333300 12.96358300 3.71975000 3 274604379966833
16.68137500 16.68329200 13.27045800 3.41283400 3 274604396648125
16.68454200 16.68329100 12.91149800 3.77179300 3 274604413332625
16.70945800 16.68508400 13.04966800 3.63541600 3 274604430042166
16.69691700 16.68800000 13.61670900 3.07129100 3 274604446739041
16.64537500 16.67695800 13.01904100 3.65791700 3 274604463384416
16.70066700 16.71904200 14.39270900 2.32633300 3 274604480085291
16.69950000 16.65495800 13.68049900 2.97445900 3 274604496784666
16.64950000 16.72054200 13.23112600 3.48941600 3 274604513434208
16.69437500 16.65425000 13.55437600 3.09987400 3 274604530128666
16.67487500 16.66779100 13.35020800 3.31758300 3 274604546803416
16.67666600 16.68337500 13.29345800 3.38991700 3 274604563480000
16.69958400 16.68333400 14.14200100 2.54133300 3 274604580179625
16.66758300 16.68504100 13.30029200 3.38474900 3 274604596847250
16.70754200 16.68166700 13.31974900 3.36191800 3 274604613554791
16.69362500 16.68333300 13.36637500 3.31695800 3 274604630248583
16.65291600 16.68337500 13.01787500 3.66550000 3 274604646901416
16.68608400 16.68320900 13.60620900 3.07700000 3 274604663587416
16.72870800 16.71337500 13.42004200 3.29333300 3 274604680316083
16.63187500 16.65341600 13.26966600 3.38375000 3 274604696947875
16.68575000 16.68316700 13.40245800 3.28070900 3 274604713633625
16.70687500 16.68337500 13.60729200 3.07608300 3 274604730340833
16.66000000 16.68337500 13.19691600 3.48645900 3 274604747000750
16.68241700 16.68416700 13.50025100 3.18391600 3 274604763682916
16.68654100 16.68258300 12.95495800 3.72762500 3 274604780369458
16.69337500 16.68320800 13.42208400 3.26112400 3 274604797062875
16.73137500 16.69545900 13.20208500 3.49337400 3 274604813794208
16.64166700 16.67137500 13.71187500 2.95950000 3 274604830435916
16.66129200 16.68325000 13.72258300 2.96066700 3 274604847097166
16.82891600 16.68337500 13.10029200 3.58308300 3 274604863926083
16.53745900 16.68337500 13.15883300 3.52454200 3 274604880463625
16.73662500 16.68320800 12.94766600 3.73554200 3 274604897200166
16.65225000 16.68333300 12.96629100 3.71704200 3 274604913852583
16.70287500 16.68333400 12.81954300 3.86379100 3 274604930555375
16.66250000 16.68337500 13.10741700 3.57595800 3 274604947217916
16.74841600 16.69175000 13.83029100 2.86145900 3 274604963966208
16.60387500 16.68450000 13.02154200 3.66295800 3 274604980570208
16.72395900 16.67370800 12.92141500 3.75229300 3 274604997294083
16.66341600 16.68620800 13.31820900 3.36799900 3 274605013957708
16.67241700 16.68100000 12.93045800 3.75054200 3 274605030629916
16.69029200 16.68266700 12.78691800 3.89574900 3 274605047320333
16.65758300 16.68912500 13.14375100 3.54537400 3 274605063977750
16.72241700 16.67758300 13.44408200 3.23350100 3 274605080700291
16.77254100 16.68345900 12.81945800 3.86400100 3 274605097472791
16.55133400 16.68395800 12.73624900 3.94770900 3 274605114024041
16.69579100 16.68283300 12.79299900 3.88983400 3 274605130719833
16.69845900 16.68395900 12.56325000 4.12070900 3 274605147418416
16.65887500 16.68250000 13.13912600 3.54337400 3 274605164077250
16.69712500 16.68345800 13.04979000 3.63366800 3 274605180774333
16.67833300 16.68329200 13.68741600 2.99587600 3 274605197452708
16.70116700 16.68316600 13.72766600 2.95550000 3 274605214153791
16.65866600 16.68333400 14.12304200 2.56029200 3 274605230812500
16.69970900 16.68337500 12.67945900 4.00391600 3 274605247512333
16.67212500 16.68333300 12.33441700 4.34891600 3 274605264184458
16.68341600 16.68337500 12.32954200 4.35383300 3 274605280867875
16.67020900 16.68325000 12.58608400 4.09716600 3 274605297537958
16.68395800 16.78237500 13.08287500 3.69950000 3 274605314221958
16.69158300 16.58437500 13.07129200 3.51308300 3 274605330913416
16.67558400 16.69141700 12.47925100 4.21216600 3 274605347589083
16.71020800 16.67512500 12.59562500 4.07950000 3 274605364299333
16.65845800 16.68333300 12.63066700 4.05266600 3 274605380957666
16.69562500 16.68341700 12.26129100 4.42212600 3 274605397653500
16.66687500 16.68337500 12.03816700 4.64520800 3 274605414320250
16.68579200 16.68329100 12.37862400 4.30466700 3 274605431006000
16.69545800 16.68329200 12.44545900 4.23783300 3 274605447701625
16.69520900 16.68341700 12.18641800 4.49699900 3 274605464396708
16.66125000 16.68337500 12.49237400 4.19100100 3 274605481057958
16.68566600 16.68329100 12.33249900 4.35079200 3 274605497743666
16.69258400 16.68329200 12.34004200 4.34325000 3 274605514436333
16.66975000 16.68337500 12.95112400 3.73225100 3 274605531105958
16.68562500 16.68337500 12.20404200 4.47933300 3 274605547791708
16.67937500 16.68325000 12.27945900 4.40379100 3 274605564470958
16.69575000 16.68333300 12.45533300 4.22800000 3 274605581166791
16.68475000 16.68350000 12.23566600 4.44783400 3 274605597851583
16.66945800 16.68325000 13.17400000 3.50925000 3 274605614521000
16.77308300 16.68316700 12.20041800 4.48274900 3 274605631294000
16.60779200 16.68333300 11.64250000 5.04083300 3 274605647901875
16.69575000 16.68350000 12.46541600 4.21808400 3 274605664597625
16.67179200 16.68333400 13.22966700 3.45366700 3 274605681269375
16.66870800 16.68975000 12.56400000 4.12575000 3 274605697938041
16.69550000 16.67687500 12.40566700 4.27120800 3 274605714633666
16.68350000 16.68320800 12.27979200 4.40341600 3 274605731317166
16.68525000 16.68337500 12.33516600 4.34820900 3 274605748002375
16.67037500 16.68333300 12.43558200 4.24775100 3 274605764672625
16.70491700 16.68350000 12.59358400 4.08991600 3 274605781377666
16.66745800 16.68325000 12.55437500 4.12887500 3 274605798045083
16.69604200 16.69395900 12.72479300 3.96916600 3 274605814741125
16.67000000 16.67283300 12.82737500 3.84545800 3 274605831411041
16.72145800 16.68333300 12.59291600 4.09041700 3 274605848132625
16.69670800 16.68366700 12.50587600 4.17779100 3 274605864829291
16.64008400 16.69200000 12.08062400 4.61137600 3 274605881469333
16.68704100 16.67420800 12.26495800 4.40925000 3 274605898156458
16.68341700 16.68929200 12.00995700 4.67933500 3 274605914839750
16.69470800 16.67745800 12.15208300 4.52537500 3 274605931534583
16.68975000 16.68420900 12.07112500 4.61308400 3 274605948224291
16.68145900 16.68320800 12.88616600 3.79704200 3 274605964905791
16.65441600 16.68250000 12.16141700 4.52108300 3 274605981560125
16.72862500 16.68333300 12.34562400 4.33770900 3 274605998288750
16.63779200 16.68341700 12.27500000 4.40841700 3 274606014926541
16.68541700 16.68316700 11.98995900 4.69320800 3 274606031612000
16.72795800 16.68412500 12.43833300 4.24579200 3 274606048339916
16.64591700 16.68275000 12.54058300 4.14216700 3 274606064985833
16.68354100 16.68320800 12.23074900 4.45245900 3 274606081669458
16.67950000 16.68337500 12.92275000 3.76062500 3 274606098348916
16.68833400 16.68329200 12.54854200 4.13475000 3 274606115037250
16.70608300 16.68416600 12.61029200 4.07387400 3 274606131743333
16.65816700 16.68237500 12.01566700 4.66670800 3 274606148401500
16.69787500 16.68345900 12.30179300 4.38166600 3 274606165099416
16.66883300 16.68345800 12.09199900 4.59145900 3 274606181768250
16.68816700 16.68316700 12.86587600 3.81729100 3 274606198456416
16.68495800 16.68350000 12.62912400 4.05437600 3 274606215141375
16.72575000 16.69091600 12.68349900 4.00741700 3 274606231867208
16.66000000 16.70191700 12.34391700 4.35800000 3 274606248527083
16.65387500 16.66066700 12.30941600 4.35125100 3 274606265180916
16.70291700 16.67983300 12.22012500 4.45970800 3 274606281883958
16.67195800 16.68325000 12.22695800 4.45629200 3 274606298555791
16.68733300 16.68583300 12.91033400 3.77549900 3 274606315243125
16.72220900 16.71987500 12.60816700 4.11170800 3 274606331965375
16.65416600 16.64425000 12.52237400 4.12187600 3 274606348619625
16.68429200 16.68333400 12.35266800 4.33066600 3 274606365303875
16.66129200 16.68333300 13.25183400 3.43149900 3 274606381965125
16.69354100 16.68337500 12.97629200 3.70708300 3 274606398658625
16.68020900 16.68375000 12.37516600 4.30858400 3 274606415338875
16.67729100 16.68291700 12.79991700 3.88300000 3 274606432016375
16.71708400 16.68633300 12.86037500 3.82595800 3 274606448733291
16.64787500 16.68029200 12.60191700 4.07837500 3 274606465381000
16.72466600 16.68366600 12.21183300 4.47183300 3 274606482105791
16.64770900 16.68304200 12.48370800 4.19933400 3 274606498753458
16.67729100 16.68337500 12.13483300 4.54854200 3 274606515430875
17.74841700 17.16933300 13.01558400 4.15374900 3 274606533179375
16.05595800 16.92691700 16.92633400 0.00058300 3 274606549235166
16.24983400 15.95554200 13.07133400 2.88420800 3 274606565485000
16.73237500 16.68654100 13.84699900 2.83954200 3 274606582217458
21.56866600 21.59400000 21.59349900 0.00050100 3 274606603786000
16.96020900 17.33333400 17.33287500 0.00045900 3 274606620746208
18.09308300 17.79654100 17.79558200 0.00095900 3 274606638839333
13.91258300 14.06087500 14.06049900 0.00037600 3 274606652751833
15.47295900 15.46975000 15.46941700 0.00033300 3 274606668224791
14.05933300 13.84904200 12.18979200 1.65925000 3 274606682284208
16.68604200 16.67483300 12.66587500 4.00895800 3 274606698970208
16.71458300 16.68333400 12.40212500 4.28120900 3 274606715684833
16.62866700 16.68391600 12.71349800 3.97041800 3 274606732313583
16.68875000 16.68266700 12.51679200 4.16587500 3 274606749002291
16.68862500 16.70054200 12.50220800 4.19833400 3 274606765691000
16.74095800 16.66691600 12.27274900 4.39416700 3 274606782431875
16.63262500 16.68245900 12.20154200 4.48091700 3 274606799064375
16.66108300 16.68995800 12.12441500 4.56554300 3 274606815725541
16.72033400 16.68245800 12.84729200 3.83516600 3 274606832445916
16.65850000 16.67762500 13.06975000 3.60787500 3 274606849104500
16.69395800 16.68375000 13.07762500 3.60612500 3 274606865798291
16.69945800 16.68733400 12.26983300 4.41750100 3 274606882497791
16.64608400 16.68562500 12.47579100 4.20983400 3 274606899143791
16.69250000 16.67666600 12.16279200 4.51387400 3 274606915836416
16.67720800 16.68337500 12.20279100 4.48058400 3 274606932513500
16.68562500 16.68320900 12.87512600 3.80808300 3 274606949199208
16.70500000 16.68337500 12.69375000 3.98962500 3 274606965904125
16.65804200 16.68337500 12.36125000 4.32212500 3 274606982562291
16.68050000 16.69179100 12.54916600 4.14262500 3 274606999242833
16.72125000 16.67500000 13.28029100 3.39470900 3 274607015964083
16.68650000 16.68329200 12.49950000 4.18379200 3 274607032650625
16.64966600 16.68837500 13.05454100 3.63383400 3 274607049300291
16.68566700 16.67820800 12.55370800 4.12450000 3 274607065985833
16.71712500 16.68341700 12.95804300 3.72537400 3 274607082703083
16.64916700 16.68845800 12.40841700 4.28004100 3 274607099352125
16.68875000 16.68550000 12.27991800 4.40558200 3 274607116041041
16.66933300 16.68450000 12.19646000 4.48804000 3 274607132710291
16.68312500 16.67475000 12.15833400 4.51641600 3 274607149393333
16.71887500 16.69208400 12.73579300 3.95629100 3 274607166112250
16.65004200 16.67458300 12.03745800 4.63712500 3 274607182762166
16.70308300 16.68358300 14.14045900 2.54312400 3 274607199465416
16.69566700 16.68304200 12.76087400 3.92216800 3 274607216161041
16.65054100 16.68341700 13.15179200 3.53162500 3 274607232811458
16.70900000 16.68458300 12.68658200 3.99800100 3 274607249520500
16.65500000 16.68208300 12.17208300 4.51000000 3 274607266175458
16.73466700 16.69000000 12.38458300 4.30541700 3 274607282910250
16.66241700 16.67662500 12.28954300 4.38708200 3 274607299572666
16.70737500 16.68891700 12.31387500 4.37504200 3 274607316280000
16.62891600 16.67829200 12.79666800 3.88162400 3 274607332908833
16.69550000 16.68479100 12.49587400 4.18891700 3 274607349604458
16.68583400 16.68133400 13.43883400 3.24250000 3 274607366290250
16.67387500 16.68741600 12.72383300 3.96358300 3 274607382964083
16.68091600 16.67933400 12.90604300 3.77329100 3 274607399645000
16.70591700 16.69120800 13.24529100 3.44591700 3 274607416350916
16.67237500 16.67916700 12.52483300 4.15433400 3 274607433023250
16.67895800 16.68666600 12.31845700 4.36820900 3 274607449702208
16.70745900 16.67637500 12.38208400 4.29429100 3 274607466409708
16.67716600 16.69791700 12.33829100 4.35962600 3 274607483086958
16.69329200 16.66858300 13.37141700 3.29716600 3 274607499780166
16.67920800 16.68350000 13.75204200 2.93145800 3 274607516459333
16.69583400 16.68362500 13.65250100 3.03112400 3 274607533155333
16.65487500 16.69229200 13.34670800 3.34558400 3 274607549810125
16.67308300 16.67683300 13.59579200 3.08104100 3 274607566483125
16.69645800 16.68045900 13.52737600 3.15308300 3 274607583179708
16.70329200 16.69204100 13.58066600 3.11137500 3 274607599882916
16.67008300 16.67945900 13.03054200 3.64891700 3 274607616553041
16.66441700 16.68025000 13.28266500 3.39758500 3 274607633217500
16.67408300 16.68158300 12.96129100 3.72029200 3 274607649891625
16.69775000 16.68404200 13.98916800 2.69487400 3 274607666589166
16.68450000 16.71370800 14.10400000 2.60970800 3 274607683273833
16.71408400 16.65233300 14.58637500 2.06595800 3 274607699987791
16.68266600 16.68966700 14.44654300 2.24312400 3 274607716670708
16.66687500 16.67829200 16.65212500 0.02616700 3 274607733337333
16.66183400 16.68925000 13.01966600 3.66958400 3 274607749999208
16.69295800 16.67604100 13.28670800 3.38933300 3 274607766692125
16.71645800 16.68337500 12.94833400 3.73504100 3 274607783408541
16.65016700 16.68866700 12.79158300 3.89708400 3 274607800058750
16.72625000 16.68675000 13.59441700 3.09233300 3 274607816785000
16.64262500 16.67450000 13.25883400 3.41566600 3 274607833427708
16.68979200 16.68979200 12.73775100 3.95204100 3 274607850117416
16.68533300 16.67683300 13.64645800 3.03037500 3 274607866802833
16.67079200 16.68341700 12.92816700 3.75525000 3 274607883473541
16.72258300 16.69150000 13.70358500 2.98791500 3 274607900196125
16.63604200 16.68033300 13.28941700 3.39091600 3 274607916832208
16.69516600 16.68125000 13.73095900 2.95029100 3 274607933527416
16.67904200 16.68029200 12.83600000 3.84429200 3 274607950206458
16.68729200 16.68408300 12.76491700 3.91916600 3 274607966894083
16.67679100 16.68258300 13.14441800 3.53816500 3 274607983570500
16.68416700 16.69116700 13.08045900 3.61070800 3 274608000254666
16.73291700 16.67566700 14.02845900 2.64720800 3 274608016987583
16.62754100 16.68733300 13.66620800 3.02112500 3 274608033615125
16.71129200 16.67904200 13.36145800 3.31758400 3 274608050326458
16.68020800 16.68937500 12.84520800 3.84416700 3 274608067006708
16.65745900 16.67741600 13.45512500 3.22229100 3 274608083664083
16.68362500 16.69079200 13.41954200 3.27125000 3 274608100347666
16.69591600 16.67579200 13.93912600 2.73666600 3 274608117043625
16.72237500 16.68329100 13.21449900 3.46879200 3 274608133766000
16.62641700 16.68337500 13.33112500 3.35225000 3 274608150392375
16.71933300 16.68345900 12.59108400 4.09237500 3 274608167111833
16.65629200 16.68333300 13.86083300 2.82250000 3 274608183768125
17.01466700 16.68645800 13.66137600 3.02508200 3 274608200782625
16.37712500 16.68916700 13.65808500 3.03108200 3 274608217159916
16.71691600 16.67491700 13.22070900 3.45420800 3 274608233876791
16.64541700 16.68625000 13.85787500 2.82837500 3 274608250522208
16.65370800 16.68058300 12.99500000 3.68558300 3 274608267175916
16.74629200 16.68245800 14.47145800 2.21100000 3 274608283922125
16.67600000 16.68333400 13.67012500 3.01320900 3 274608300598166
16.64000000 16.68333300 14.85762600 1.82570700 3 274608317238208
16.71433300 16.68350000 14.24774900 2.43575100 3 274608333952500
16.65333400 16.68316700 14.06379200 2.61937500 3 274608350605916
16.66862500 16.68333300 13.51145900 3.17187400 3 274608367274458
16.68433300 16.68337500 13.06195900 3.62141600 3 274608383958833
16.69708300 16.68329200 13.34933300 3.33395900 3 274608400655916
16.66287500 16.68325000 13.26029200 3.42295800 3 274608417318791
16.70362500 16.68337500 13.56154100 3.12183400 3 274608434022500
16.67145900 16.68329100 13.85962400 2.82366700 3 274608450694000
16.69362500 16.68337500 13.20383300 3.47954200 3 274608467387583
16.68629100 16.68333400 13.26091700 3.42241700 3 274608484073875
16.68062500 16.68333300 13.61162600 3.07170700 3 274608500754458
16.68158400 16.68337500 13.73291600 2.95045900 3 274608517435958
16.68575000 16.68337500 13.26995900 3.41341600 3 274608534121791
16.67862500 16.68325000 13.87416600 2.80908400 3 274608550800500
16.67083300 16.68341700 13.18158400 3.50183300 3 274608567471166
16.68341700 16.68333300 13.22750100 3.45583200 3 274608584154625
16.67970800 16.68329200 13.23804100 3.44525100 3 274608600834291
16.68100000 16.68337500 13.13175000 3.55162500 3 274608617515208
16.71012500 16.68333300 13.77862500 2.90470800 3 274608634225500
16.67525000 16.68329200 12.97808300 3.70520900 3 274608650900625
16.66616700 16.68329100 13.19962400 3.48366700 3 274608667566875
16.70220800 16.68341700 13.33041700 3.35300000 3 274608684269208
16.67862500 16.68333300 13.33591700 3.34741600 3 274608700947625
16.67408300 16.78008400 13.54545900 3.23462500 3 274608717621791
17.66333400 17.41175000 16.48591700 0.92583300 3 274608735285291
15.70412500 15.85804100 15.20000000 0.65804100 3 274608750989333
16.68629100 16.68333400 14.41791700 2.26541700 3 274608767675500
16.71108400 16.68345800 15.18979300 1.49366500 3 274608784386750
16.68758300 16.68329200 13.88995800 2.79333400 3 274608801074291
16.65279200 16.79204100 14.88754100 1.90450000 3 274608817727083
16.69837500 16.57458400 15.07820900 1.49637500 3 274608834425416
16.67045800 16.68341600 14.30341700 2.37999900 3 274608851095875
16.72120800 16.68325000 14.67866700 2.00458300 3 274608867817083
16.66362500 16.68354200 15.17137500 1.51216700 3 274608884480750
16.66633400 16.68325000 13.97916700 2.70408300 3 274608901147041
16.68562500 16.68891700 13.89325000 2.79566700 3 274608917832708
16.68300000 16.67854100 13.83458100 2.84396000 3 274608934515750
16.73329100 16.68312500 15.19691700 1.48620800 3 274608951248916
16.65720900 16.68279200 14.28058400 2.40220800 3 274608967906166
16.67220800 16.68333300 14.65854100 2.02479200 3 274608984578333
16.76233300 16.68404200 14.07391700 2.61012500 3 274609001340666
16.61583400 16.68258300 16.35908200 0.32350100 3 274609017956625
16.69179100 16.71808400 14.32300000 2.39508400 3 274609034648333
16.68216700 16.64870800 13.97554200 2.67316600 3 274609051330416
16.68695800 16.68966700 14.58379200 2.10587500 3 274609068017416
16.63945900 16.67675000 14.07437600 2.60237400 3 274609084657041
16.71975000 16.68641600 14.07404000 2.61237600 3 274609101376666
16.65841600 16.68041700 14.04329100 2.63712600 3 274609118035041
16.69787500 16.68595800 14.37270800 2.31325000 3 274609134732875
16.65858400 16.68079200 13.66612500 3.01466700 3 274609151391541
16.69762500 16.68762500 13.79849900 2.88912600 3 274609168089083
16.75937500 16.67904200 14.02966700 2.64937500 3 274609184848750
16.61970800 16.68316600 14.46320700 2.21995900 3 274609201468208
16.65766700 16.68420900 13.86566700 2.81854200 3 274609218125833
16.70758300 16.68708300 14.50816600 2.17891700 3 274609234833333
16.71504200 16.68508300 15.50999900 1.17508400 3 274609251548416
16.70850000 16.67700000 13.99925000 2.67775000 3 274609268257000
16.61820800 16.68333400 13.80445800 2.87887600 3 274609284875458
16.69837500 16.68908300 14.27162500 2.41745800 3 274609301573500
16.69170800 16.67854200 13.91925000 2.75929200 3 274609318265208
16.75491700 16.69058300 13.87458200 2.81600100 3 274609335020125
16.58554200 16.68200000 14.17029200 2.51170800 3 274609351605750
16.68933300 16.68083300 13.99120800 2.68962500 3 274609368295041
16.69537500 16.67891700 13.91070900 2.76820800 3 274609384990375
16.66779200 16.68320800 14.18695900 2.49624900 3 274609401658166
16.70345800 16.69266700 13.96108300 2.73158400 3 274609418361708
16.66820800 16.67445800 13.97016700 2.70429100 3 274609435029833
16.67075000 16.68554200 14.12212500 2.56341700 3 274609451700708
16.70266700 16.68091700 13.96129100 2.71962600 3 274609468403291
16.69500000 16.68320800 13.82487400 2.85833400 3 274609485098333
16.65075000 16.68350000 14.27750000 2.40600000 3 274609501749000
16.71333300 16.68562500 13.80200000 2.88362500 3 274609518462500
16.68391700 16.68083300 14.47545800 2.20537500 3 274609535146541
16.67837500 16.68337500 13.86316600 2.82020900 3 274609551825041
16.67033300 16.68345900 13.85229200 2.83116700 3 274609568495083
16.66683400 16.68329100 13.93129100 2.75200000 3 274609585161833
16.68245800 16.68333400 13.93125100 2.75208300 3 274609601844333
16.68200000 16.69125000 13.68699900 3.00425100 3 274609618526291
16.68350000 16.67525000 13.80083400 2.87441600 3 274609635209750
16.70333300 16.68866600 13.95154200 2.73712400 3 274609651913125
16.71254200 16.67808400 13.93183500 2.74624900 3 274609668625750
16.67250000 16.68337500 13.62254100 3.06083400 3 274609685302125
16.67966700 16.68329100 14.57545800 2.10783300 3 274609701977791
16.68716600 16.68420900 14.24145900 2.44275000 3 274609718664958
16.65620900 16.68254100 14.01891600 2.66362500 3 274609735321291
16.70379100 16.68383400 14.01608300 2.66775100 3 274609752025125
16.65854200 16.68333300 14.29112500 2.39220800 3 274609768683666
16.68420800 16.68687500 14.28654100 2.40033400 3 274609785367750
16.67491700 16.67925000 13.97587500 2.70337500 3 274609802042666
16.68991700 16.68570800 13.60983200 3.07587600 3 274609818732583
16.68375000 16.68100000 13.75908300 2.92191700 3 274609835416500
16.69429100 16.68404200 13.59999900 3.08404300 3 274609852110625
16.68345900 16.68266700 14.20137500 2.48129200 3 274609868794083
16.67562500 16.68325000 13.53420800 3.14904200 3 274609885469750
16.70862500 16.69233300 13.88025000 2.81208300 3 274609902178416
16.67133300 16.67429200 13.46441700 3.20987500 3 274609918849708
16.66754200 16.68341600 14.35908300 2.32433300 3 274609935517291
16.69054100 16.68700000 13.71433400 2.97266600 3 274609952207708
16.70200000 16.67962500 14.59433400 2.08529100 3 274609968909791
16.64604200 16.68337500 13.58554200 3.09783300 3 274609985555750
16.68758300 16.68329200 13.95187400 2.73141800 3 274610002243375
16.69325000 16.68329200 14.14341800 2.53987400 3 274610018936625
16.68962500 16.68345800 13.64116600 3.04229200 3 274610035626375
16.66995900 16.68429200 13.73287600 2.95141600 3 274610052296208
16.68283300 16.68233300 14.40570700 2.27662600 3 274610068979083
16.68120800 16.68312500 13.46716600 3.21595900 3 274610085660250
16.68208400 16.68350000 13.76887500 2.91462500 3 274610102342333
16.70041600 16.68662500 13.74629200 2.94033300 3 274610119042791
16.69195900 16.68045800 13.80000000 2.88045800 3 274610135734666
16.66625000 16.69091700 13.34579200 3.34512500 3 274610152401000
16.71091600 16.67541700 13.98795900 2.68745800 3 274610169111916
16.90712500 16.97437500 13.92562500 3.04875000 3 274610186019083
16.50808400 16.39533300 13.89545700 2.49987600 3 274610202527083
16.61966600 16.68070800 13.54670700 3.13400100 3 274610219146666
16.68091700 16.68854200 14.24254200 2.44600000 3 274610235827625
16.67916700 16.67762500 13.51745800 3.16016700 3 274610252507000
16.69266600 16.68337500 13.52262500 3.16075000 3 274610269199458
16.72425000 16.68362500 13.67787600 3.00574900 3 274610285923791
16.63079200 16.68295800 13.55950000 3.12345800 3 274610302554541
16.70954200 16.68341700 13.33983300 3.34358400 3 274610319264125
16.65816600 16.69204200 13.57708500 3.11495700 3 274610335922416
16.69316700 16.67820800 13.55437500 3.12383300 3 274610352615541
16.69283300 16.68170800 13.95795900 2.72374900 3 274610369308375
16.70233400 16.68129200 14.12295900 2.55833300 3 274610386010541
16.64037500 16.68733300 13.84858200 2.83875100 3 274610402650958
16.69870800 16.67933400 13.66904200 3.01029200 3 274610419349750
16.68570800 16.68333300 13.94412500 2.73920800 3 274610436035458
16.67141700 16.68333300 14.61337400 2.06995900 3 274610452706833
16.67808300 16.68337500 13.57575000 3.10762500 3 274610469384916
16.69600000 16.68325000 13.91312500 2.77012500 3 274610486080875
16.67054200 16.68345900 13.95966700 2.72379200 3 274610502751500
16.68641700 16.68554100 13.71379200 2.97174900 3 274610519437833
16.69470800 16.68112500 13.74258400 2.93854100 3 274610536132625
16.68445800 16.69920900 13.88908300 2.81012600 3 274610552817083
16.66608400 16.66750000 14.61600000 2.05150000 3 274610569483083
16.71558300 16.68854100 13.77841600 2.91012500 3 274610586198750
16.69325000 16.67800000 13.24820800 3.42979200 3 274610602892041
16.66391700 16.68729200 13.24575000 3.44154200 3 274610619555958
16.65662500 16.67941700 13.29191800 3.38749900 3 274610636212416
16.69154100 16.68341600 13.24162500 3.44179100 3 274610652904000
16.66983400 16.68404200 13.34354200 3.34050000 3 274610669573958
16.69187500 16.68250000 13.36512500 3.31737500 3 274610686265708
16.67616600 16.68337500 13.24400000 3.43937500 3 274610702941958
16.68583400 16.68329200 13.20070900 3.48258300 3 274610719627750
16.69770800 16.68341600 13.45429200 3.22912400 3 274610736325458
16.69783300 16.68958400 13.13108500 3.55849900 3 274610753023333
16.70033400 16.67716600 13.58225100 3.09491500 3 274610769723791
16.66650000 16.70258400 13.38037500 3.32220900 3 274610786390166
16.67133300 16.66404100 13.66608200 2.99795900 3 274610803061500
16.70520800 16.68362500 13.68012400 3.00350100 3 274610819766583
16.67983400 16.68287500 14.46020900 2.22266600 3 274610836446666
16.65195800 16.68341700 14.64808400 2.03533300 3 274610853098500
16.70508300 16.68329200 13.86470800 2.81858400 3 274610869803500
16.66900000 16.68345800 14.22674900 2.45670900 3 274610886472541
16.67183400 16.69295800 14.06562500 2.62733300 3 274610903144291
16.71250000 16.67358400 13.92070800 2.75287600 3 274610919856875
16.69616600 16.68333300 13.51404100 3.16929200 3 274610936552916
16.66866700 16.68779200 13.76508400 2.92270800 3 274610953221708
16.67445800 16.67970800 15.00733300 1.67237500 3 274610969896166
16.68229200 16.70808300 13.95675000 2.75133300 3 274610986578541
16.67429200 16.65783400 13.64079300 3.01704100 3 274611003252708
16.71858300 16.68325000 14.70116700 1.98208300 3 274611019971458
16.66766700 16.68391600 13.51158200 3.17233400 3 274611036639041
16.68454100 16.69733400 13.65837600 3.03895800 3 274611053323500
16.69020900 16.67033300 13.56674900 3.10358400 3 274611070013791
16.67745800 16.68175000 14.32645900 2.35529100 3 274611086691250
16.66662500 16.68345800 14.28633400 2.39712400 3 274611103357958
16.69904200 16.68325000 14.77345800 1.90979200 3 274611120056875
16.69045800 16.68333400 14.66691800 2.01641600 3 274611136747250
16.65620800 16.68341600 13.30383400 3.37958200 3 274611153403583
16.67787500 16.68325000 13.94170900 2.74154100 3 274611170081375
17.02016700 16.68329200 13.74891600 2.93437600 3 274611187101500
16.35891700 16.68341700 13.88754200 2.79587500 3 274611203460458
16.70795800 16.68825000 13.49750000 3.19075000 3 274611220168458
16.66558300 16.67883300 13.30966700 3.36916600 3 274611236834041
16.67287500 16.68362500 13.67441600 3.00920900 3 274611253507000
16.67983400 16.68462500 13.80866700 2.87595800 3 274611270186791
16.68487500 16.68208300 13.84670800 2.83537500 3 274611286871625
16.67129100 16.68462500 14.28329000 2.40133500 3 274611303542958
16.69225000 16.68125000 14.13445900 2.54679100 3 274611320235166
16.68854200 16.68320900 14.27795900 2.40525000 3 274611336923750
16.66654200 16.68354100 14.09883200 2.58470900 3 274611353590166
16.69312500 16.69308400 14.11512600 2.57795800 3 274611370283416
16.68270800 16.67837500 14.20937500 2.46900000 3 274611386966000
16.71579200 16.68487500 14.28491600 2.39995900 3 274611403681916
16.65475000 16.67687500 14.03774900 2.63912600 3 274611420336708
16.67604100 16.68345800 14.19270800 2.49075000 3 274611437012708
16.70170900 16.68791700 14.34095900 2.34695800 3 274611453714291
16.66279100 16.68445800 14.21920800 2.46525000 3 274611470377125
16.71495900 16.68100000 14.15025000 2.53075000 3 274611487092166
16.65512500 16.68470800 14.19062500 2.49408300 3 274611503747208
16.68537500 16.67845900 14.18966800 2.48879100 3 274611520432708
16.68491600 16.69087500 14.08291700 2.60795800 3 274611537117541
16.67608400 16.67583300 13.74933400 2.92649900 3 274611553793583
16.72391600 16.68333300 13.47525000 3.20808300 3 274611570517541
16.73325000 16.68416700 14.09375100 2.59041600 3 274611587251541
16.60816700 16.68258300 14.28125000 2.40133300 3 274611603859000
16.67545800 16.68329200 13.99645900 2.68683300 3 274611620534333
16.68516700 16.68320800 14.10487500 2.57833300 3 274611637219625
16.67379200 16.68341700 14.15187500 2.53154200 3 274611653893291
16.70608300 16.68362500 13.66695700 3.01666800 3 274611670599541
16.66191700 16.68316700 14.24037500 2.44279200 3 274611687261333
16.68195800 16.68341600 14.00199900 2.68141700 3 274611703943333
16.69120800 16.68516700 14.30550000 2.37966700 3 274611720634625
16.67291700 16.68125000 14.34208300 2.33916700 3 274611737307458
16.68320800 16.68329200 13.40370900 3.27958300 3 274611753990666
16.67995900 16.68337500 13.19020800 3.49316700 3 274611770670583
16.68950000 16.68333300 13.59870800 3.08462500 3 274611787360125
16.69504100 16.68345800 13.43279100 3.25066700 3 274611804055208
16.66916700 16.68320900 13.40895900 3.27425000 3 274611820724291
16.69608300 16.68329100 13.39899900 3.28429200 3 274611837420500
16.68041700 16.68608400 13.23579300 3.45029100 3 274611854100916
16.66995800 16.68062500 13.31466700 3.36595800 3 274611870770750
16.70375000 16.68337500 13.59270900 3.09066600 3 274611887474625
16.67883400 16.68325000 13.24387400 3.43937600 3 274611904153416
16.67641600 16.68337500 13.67095800 3.01241700 3 274611920829750
16.69283400 16.68329100 13.41324900 3.27004200 3 274611937522666
16.66666600 16.68341700 13.33270800 3.35070900 3 274611954189250
16.69579200 16.68337500 13.17475000 3.50862500 3 274611970885208
16.66562500 16.68316700 13.64620800 3.03695900 3 274611987550625
16.70341700 16.68341600 13.58975000 3.09366600 3 274612004254166
16.67704100 16.68333400 13.13308400 3.55025000 3 274612020931208
16.69254200 16.68325000 13.50374900 3.17950100 3 274612037623666
16.68158300 16.68333300 13.33324900 3.35008400 3 274612054305333
16.67908400 16.68333300 13.12899900 3.55433400 3 274612070984416
16.67312500 16.68337500 13.98408300 2.69929200 3 274612087657458
16.69754100 16.68337500 13.51541700 3.16795800 3 274612104355166
16.69175000 16.68329200 13.30612500 3.37716700 3 274612121046791
16.67125000 16.68341700 13.33854200 3.34487500 3 274612137718208
16.68312500 16.68325000 13.42604100 3.25720900 3 274612154401083
16.66691700 16.68329100 13.06458200 3.61870900 3 274612171068000
16.71175000 16.68337500 13.65612400 3.02725100 3 274612187780000
16.65725000 16.68337500 13.24604200 3.43733300 3 274612204437083
16.70500000 16.68333400 13.39604200 3.28729200 3 274612221142083
16.66329200 16.68333300 13.73595900 2.94737400 3 274612237805333
16.68350000 16.68329200 13.63079200 3.05250000 3 274612254488833
16.72195800 16.68341600 13.19045800 3.49295800 3 274612271210791
16.66154200 16.68333400 14.45904100 2.22429300 3 274612287872333
16.67075000 16.69870800 14.09450000 2.60420800 3 274612304543041
16.69841600 16.66795800 14.08775100 2.58020700 3 274612321241583
16.71408400 16.68341700 14.08895700 2.59446000 3 274612337955625
16.63762500 16.68320800 14.13845800 2.54475000 3 274612354593208
16.69683300 16.68337500 14.00491700 2.67845800 3 274612371290166
16.69141700 16.68400000 14.39500100 2.28899900 3 274612387981458
16.66904100 16.69091700 13.64450100 3.04641600 3 274612404650541
16.67854200 16.67641700 13.45654200 3.21987500 3 274612421329083
16.72191700 16.68233300 14.08779200 2.59454100 3 274612438051000
16.71050000 16.68308300 13.49579200 3.18729100 3 274612454761541
16.61625000 16.68316700 13.29874900 3.38441800 3 274612471377708
16.69300000 16.68337500 13.41545800 3.26791700 3 274612488070708
16.67091600 16.69375000 13.91041700 2.78333300 3 274612504741666
16.68445900 16.67283300 13.49095800 3.18187500 3 274612521426125
16.74125000 16.68354200 13.83908300 2.84445900 3 274612538167375
16.64391600 16.68320800 13.56429100 3.11891700 3 274612554811208
16.71820900 16.68333400 13.54875100 3.13458300 3 274612571529541
16.64241600 16.68337500 14.34975000 2.33362500 3 274612588172041
16.68683400 16.68754100 13.29449900 3.39304200 3 274612604858750
16.68862500 16.67904200 13.35150100 3.32754100 3 274612621547458
16.70012500 16.68366700 13.09516700 3.58850000 3 274612638247541
16.65941600 16.68941600 13.36199900 3.32741700 3 274612654906916
16.68133400 16.68208400 13.14187700 3.54020700 3 274612671588208
16.67016600 16.67837500 13.54195800 3.13641700 3 274612688258375
16.72316700 16.69325000 13.22550000 3.46775000 3 274612704981541
16.64587500 16.68825000 13.63020800 3.05804200 3 274612721627375
16.70833300 16.66841600 13.06637400 3.60204200 3 274612738335791
16.65829200 16.68391700 13.27441800 3.40949900 3 274612754994166
16.70812500 16.68270800 13.04945900 3.63324900 3 274612771702166
16.67250000 16.68345900 13.27283400 3.41062500 3 274612788374750
16.67295800 16.68329100 13.26899900 3.41429200 3 274612805047875
16.68416700 16.68837500 13.29383400 3.39454100 3 274612821731833
16.67416700 16.68729200 4.58437600 12.10291600 3 274612838406000
283.66387500 283.60754200 164.75595900 118.85158300 51 274613122069833
16.67108300 16.68904100 12.26687500 4.42216600 3 274613138740916
16.65516700 16.67829200 11.99487500 4.68341700 3 274613155396041
16.69062500 16.68275000 12.02241700 4.66033300 3 274613172086625
16.71937500 16.68791700 12.66045900 4.02745800 3 274613188806291
16.62950000 16.67891600 12.19612300 4.48279300 3 274613205435583
16.73808300 16.68304200 12.00825100 4.67479100 3 274613222173750
16.68333300 16.68350000 12.20775000 4.47575000 3 274613238857125
16.64475000 16.68329200 12.03745800 4.64583400 3 274613255501875
16.67066700 16.68729100 11.87758300 4.80970800 3 274613272172458
16.69958300 16.67933400 12.01079200 4.66854200 3 274613288872791
16.67820900 16.68320800 11.80524900 4.87795900 3 274613305550208
16.67333300 16.68337500 11.91374900 4.76962600 3 274613322223625
16.68329200 16.68333300 11.90100000 4.78233300 3 274613338906958
16.69925000 16.68341700 12.11108400 4.57233300 3 274613355606041
16.66775000 16.68425000 11.97354200 4.71070800 3 274613372274000
16.68916600 16.69266700 12.00929100 4.68337600 3 274613388963041
16.66312500 16.67304100 11.93675000 4.73629100 3 274613405626125
16.71795900 16.68333400 11.75687500 4.92645900 3 274613422345083
16.66354100 16.68337500 12.06854200 4.61483300 3 274613439007708
16.68895900 16.68991600 12.22062400 4.46929200 3 274613455696666
16.67820800 16.67675000 12.12487600 4.55187400 3 274613472374916
16.67233300 16.68337500 12.14200100 4.54137400 3 274613489047125
16.71550000 16.68562500 11.91679200 4.76883300 3 274613505762583
16.65795900 16.68100000 11.81579300 4.86520700 3 274613522420583
16.70675000 16.68329200 11.90412600 4.77916600 3 274613539127416
16.65558300 16.68370800 11.80429200 4.87941600 3 274613555782916
16.70670800 16.69516700 11.67246000 5.02270700 3 274613572491125
16.67350000 16.67620800 12.14529100 4.53091700 3 274613589163333
16.71900000 16.67825000 12.51966600 4.15858400 3 274613605882208
16.64895900 16.68345900 12.63750100 4.04595800 3 274613622531250
16.67741600 16.68962500 12.65350100 4.03612400 3 274613639208583
16.69579200 16.67691600 12.29562300 4.38129300 3 274613655904250
16.67758300 16.70266700 11.91237600 4.79029100 3 274613672581958
16.66200000 16.67108300 12.15474900 4.51633400 3 274613689243875
16.68995900 16.67633400 11.81029200 4.86604200 3 274613705933916
16.71795800 16.68329100 11.59904200 5.08424900 3 274613722652333
16.66554200 16.68333400 11.87046000 4.81287400 3 274613739318041
16.67104100 16.68704100 11.71233300 4.97470800 3 274613755988375
16.68229200 16.67962500 11.81462500 4.86500000 3 274613772670666
16.69612500 16.68766700 11.56112500 5.12654200 3 274613789366791
16.71533300 16.67908300 11.79266700 4.88641600 3 274613806082541
16.64875000 16.68329200 12.09004100 4.59325100 3 274613822730833
16.69633400 16.68333300 11.74274900 4.94058400 3 274613839427708
16.67900000 16.68337500 11.45433400 5.22904100 3 274613856106166
16.66116600 16.68887500 11.39100000 5.29787500 3 274613872767458
16.71154200 16.69325000 11.73895900 4.95429100 3 274613889478875
16.67466700 16.66812500 11.72641700 4.94170800 3 274613906153541
16.70666600 16.68304200 11.57875000 5.10429200 3 274613922860291
16.63962500 16.68625000 11.57837400 5.10787600 3 274613939499875
16.69575000 16.68041700 12.01991800 4.66049900 3 274613956195625
16.68945900 16.68325000 11.97991700 4.70333300 3 274613972886125
16.66029100 16.68333300 11.48091600 5.20241700 3 274613989545375
16.76158400 16.68333300 11.55979200 5.12354100 3 274614006306958
16.60337500 16.68420900 11.79841600 4.88579300 3 274614022910333
16.68212500 16.68241600 11.75945700 4.92295900 3 274614039592458
16.69058300 16.68337500 11.65950000 5.02387500 3 274614056283000
16.68900000 16.68333400 11.93912600 4.74420800 3 274614072972166
16.68341700 16.68337500 11.72354200 4.95983300 3 274614089655500
16.69975000 16.68408300 11.53945700 5.14462600 3 274614106355291
16.66975000 16.68262500 11.64666700 5.03595800 3 274614123024958
16.67825000 16.68845800 11.56858400 5.11987400 3 274614139703291
16.69183300 16.67820900 11.60858400 5.06962500 3 274614156395125
16.67854200 16.69891600 11.45679200 5.24212400 3 274614173073583
16.71591600 16.66770900 11.75425000 4.91345900 3 274614189789541
16.64141700 16.68341600 11.72666700 4.95674900 3 274614206430875
16.69583300 16.68325000 11.44912600 5.23412400 3 274614223126708
16.69145900 16.68320900 11.70520900 4.97800000 3 274614239818166
16.66770800 16.68591600 11.36812400 5.31779200 3 274614256485833
16.67250000 16.68754200 11.46662500 5.22091700 3 274614273158375
16.70358300 16.67737500 11.41279200 5.26458300 3 274614289862041
16.69720900 16.69091700 11.34500000 5.34591700 3 274614306559291
16.67066600 16.67512500 11.70966600 4.96545900 3 274614323229875
16.69116700 16.68320800 11.76808300 4.91512500 3 274614339921208
16.68716700 16.68629200 11.74325100 4.94304100 3 274614356608250
16.68716600 16.68529100 11.46941600 5.21587500 3 274614373295375
16.66283400 16.67970900 11.41137500 5.26833400 3 274614389958166
16.69387500 16.68237500 11.32537500 5.35700000 3 274614406652125
16.66483300 16.68312500 11.42329300 5.25983200 3 274614423317041
16.70262500 16.68408300 11.33495800 5.34912500 3 274614440020208
16.67800000 16.68250000 11.30958400 5.37291600 3 274614456697625
16.66337500 16.68337500 11.52600100 5.15737400 3 274614473360875
16.71712500 16.68483300 11.47279100 5.21204200 3 274614490078041
16.66666700 16.68179200 11.55062600 5.13116600 3 274614506744708
16.73645800 16.68345800 11.37850000 5.30495800 3 274614523481416
16.68254200 16.68325000 11.81366600 4.86958400 3 274614540164000
16.63279100 16.68312500 11.91037500 4.77275000 3 274614556796583
21.85529200 17.98629200 12.93875200 5.04754000 3 274614578652000
75.01341700 78.94854200 78.94800000 0.00054200 3 274614653665375
16.72729100 16.36845800 16.36716600 0.00129200 3 274614670392541
18.90475000 19.31800000 19.31787500 0.00012500 3 274614689297416
10.69645900 10.77325000 10.77308400 0.00016600 3 274614699993750
10.65100000 10.62745800 10.62733200 0.00012600 3 274614710644833
10.83712500 10.85025000 10.85012600 0.00012400 3 274614721481916
10.67341600 10.66812500 10.66799900 0.00012600 3 274614732155333
10.74408400 10.75104200 10.75083400 0.00020800 3 274614742899291
10.60995800 10.60400000 10.60383400 0.00016600 3 274614753509333
10.70633300 10.66004200 10.65991600 0.00012600 3 274614764215666
10.63370900 10.67708300 10.67687600 0.00020700 3 274614774849416
10.64712500 10.64062500 10.64046000 0.00016500 3 274614785496541
10.92866600 10.90520800 10.90504100 0.00016700 3 274614796425166
10.85083400 10.88625000 10.88608400 0.00016600 3 274614807276041
16.45141600 16.26883400 10.62366800 5.64516600 3 274614823727416
16.68091700 16.68329100 11.15008300 5.53320800 3 274614840408375
16.68458300 16.68341700 11.27295900 5.41045800 3 274614857092958
16.68058400 16.68325000 11.49712600 5.18612400 3 274614873773416
16.66858300 16.68333300 11.27299900 5.41033400 3 274614890442000
16.68279200 16.68333400 11.08808400 5.59525000 3 274614907124833
16.68254100 16.68337500 11.49887600 5.18449900 3 274614923807416
16.70354200 16.68320800 11.44020800 5.24300000 3 274614940511000
16.68191700 16.68341700 11.49712500 5.18629200 3 274614957192958
16.68245800 16.68333300 11.64150000 5.04183300 3 274614973875333
16.69583300 16.68333300 11.24262400 5.44070900 3 274614990571083
16.67029200 16.68341700 11.49058300 5.19283400 3 274615007241500
16.68233300 16.68329200 11.73095900 4.95233300 3 274615023923875
16.66991700 16.68329100 11.19850100 5.48479000 3 274615040593666
16.68041700 16.68341700 11.47766700 5.20575000 3 274615057274083
16.69812500 16.68316700 11.58058400 5.10258300 3 274615073972208
16.68025000 16.68350000 11.67337500 5.01012500 3 274615090652583
16.68625000 16.69212500 11.24970800 5.44241700 3 274615107338833
16.68158300 16.68508300 11.51170800 5.17337500 3 274615124020250
16.67595800 16.67475000 11.19495800 5.47979200 3 274615140696250
16.68416700 16.68158300 11.67595800 5.00562500 3 274615157380458
16.68062500 16.69050000 11.58079200 5.10970800 3 274615174061000
16.71520800 16.68362500 12.33241700 4.35120800 3 274615190776333
16.65416700 16.67566700 11.19154200 5.48412500 3 274615207430375
16.73308300 16.68345800 11.04512400 5.63833400 3 274615224163625
16.65837500 16.68316700 11.11733300 5.56583400 3 274615240821916
16.67187500 16.68337500 11.01958400 5.66379100 3 274615257493875
16.66566700 16.68358300 11.11416600 5.56941700 3 274615274159416
16.72508300 16.68300000 11.25525000 5.42775000 3 274615290884625
16.64908400 16.68387500 11.17229200 5.51158300 3 274615307533541
16.67620800 16.68662500 11.06529200 5.62133300 3 274615324209791
16.70820800 16.67958400 10.85646000 5.82312400 3 274615340918041
16.67408400 16.69012500 10.90112600 5.78899900 3 274615357592125
16.66775000 16.67962500 11.00058400 5.67904100 3 274615374259791
16.69629100 16.68020800 10.88524900 5.79495900 3 274615390956250
16.68629200 16.68345800 10.77329200 5.91016600 3 274615407642458
16.66616700 16.68320900 10.87670900 5.80650000 3 274615424308583
16.73895800 16.68350000 10.83600000 5.84750000 3 274615441047625
16.63016700 16.69204100 10.83654100 5.85550000 3 274615457677666
16.73237500 16.67883400 10.84946000 5.82937400 3 274615474410583
16.64620800 16.67891600 10.78699900 5.89191700 3 274615491056333
16.68862500 16.68954200 11.06587500 5.62366700 3 274615507744916
16.66708300 16.68666700 10.97595900 5.71070800 3 274615524412041
16.70983400 16.67383300 10.80512400 5.86870900 3 274615541121958
16.66020800 16.68504200 10.69200100 5.99304100 3 274615557782041
16.67904200 16.68166600 10.79495800 5.88670800 3 274615574461041
16.69000000 16.68337500 10.65966700 6.02370800 3 274615591151083
16.71366600 16.68745900 10.56854300 6.11891600 3 274615607864791
16.64183400 16.68141600 10.69358300 5.98783300 3 274615624506541
16.70379100 16.68158400 10.72296000 5.95862400 3 274615641210375
16.68875000 16.68287500 10.83366700 5.84920800 3 274615657899208
16.66962500 16.68329100 10.90649900 5.77679200 3 274615674568791
16.68170900 16.68612500 10.95670800 5.72941700 3 274615691250458
16.70779100 16.68050000 10.91154200 5.76895800 3 274615707958250
16.65833400 16.68350000 10.66850100 6.01499900 3 274615724616708
16.69691600 16.68504200 10.61104300 6.07399900 3 274615741313500
16.74716700 16.68150000 10.98683400 5.69466600 3 274615758060791
16.77645800 16.68333300 11.85120800 4.83212500 3 274615774837333
16.52941700 16.68337500 12.37575000 4.30762500 3 274615791366583
16.67912500 16.68925000 11.04029100 5.64895900 3 274615808045708
16.68462500 16.67733400 11.07116700 5.60616700 3 274615824730416
16.67783300 16.68333300 10.79020700 5.89312600 3 274615841408166
16.67733400 16.68333300 10.72683300 5.95650000 3 274615858085458
16.67425000 16.68379200 10.70841600 5.97537600 3 274615874759708
16.69150000 16.68295800 10.86225000 5.82070800 3 274615891451250
16.68287500 16.69095900 10.75216800 5.93879100 3 274615908134083
16.68354100 16.67575000 10.88945800 5.78629200 3 274615924817625
16.72062500 16.68320800 10.61537500 6.06783300 3 274615941538291
16.66508400 16.68341700 10.63166600 6.05175100 3 274615958203333
16.67179100 16.68325000 10.56408400 6.11916600 3 274615974875166
16.79070900 16.68437500 10.44279200 6.24158300 3 274615991665875
16.60804100 16.69108300 10.97029100 5.72079200 3 274616008274000
16.68625000 16.67845800 10.69333300 5.98512500 3 274616024960583
16.67066700 16.67954200 10.62704200 6.05250000 3 274616041630750
16.69000000 16.68312500 10.81112400 5.87200100 3 274616058320875
16.66062500 16.68341700 10.78745800 5.89595900 3 274616074981666
16.66662500 16.68341600 10.75233300 5.93108300 3 274616091648041
16.67962500 16.69216700 10.52912600 6.16304100 3 274616108327625
16.69950000 16.68466700 10.42129200 6.26337500 3 274616125027208
16.70362500 16.67379100 10.49195800 6.18183300 3 274616141730791
16.66820800 16.68266700 10.46254200 6.22012500 3 274616158398958
16.67100000 16.68491700 10.42254300 6.26237400 3 274616175070083
16.71066700 16.68175000 11.15908400 5.52266600 3 274616191780625
16.66662500 16.68762500 10.66829200 6.01933300 3 274616208447250
16.66783300 16.68512500 10.50562500 6.17950000 3 274616225115125
16.70083400 16.67716600 10.60174900 6.07541700 3 274616241816166
16.67287500 16.69141700 10.69570900 5.99570800 3 274616258488875
16.68641600 16.68112500 10.53304000 6.14808500 3 274616275175250
16.67658400 16.67891700 10.67375000 6.00516700 3 274616291851833
16.68425000 16.68200000 10.57854200 6.10345800 3 274616308536166
16.68537500 16.68337500 10.79920800 5.88416700 3 274616325221500
16.72833300 16.68325000 10.33654200 6.34670800 3 274616341949958
16.64454200 16.68337500 10.56525000 6.11812500 3 274616358594375
16.69579100 16.68325000 10.45054200 6.23270800 3 274616375290416
16.66462500 16.69112500 10.33525100 6.35587400 3 274616391954875
16.71858400 16.67562500 10.51470700 6.16091800 3 274616408673375
16.66179100 16.68333300 10.50354200 6.17979100 3 274616425335208
16.72337500 16.68491700 10.54254200 6.14237500 3 274616442058458
16.63508400 16.68570800 10.53441700 6.15129100 3 274616458693541
16.68991600 16.68004200 10.29579300 6.38424900 3 274616475383416
16.68362500 16.69212500 10.26295800 6.42916700 3 274616492067166
16.72895900 16.67375000 10.37258300 6.30116700 3 274616508796166
16.62675000 16.68337500 10.29341700 6.38995800 3 274616525422916
16.70783300 16.68341600 10.31975000 6.36366600 3 274616542130750
16.66825000 16.68320900 10.21271000 6.47049900 3 274616558798958
16.67316700 16.68345800 10.21654100 6.46691700 3 274616575472166
16.70408300 16.68545800 10.35104100 6.33441700 3 274616592176166
16.67962500 16.68112500 10.27120900 6.40991600 3 274616608855916
16.66270800 16.68345900 10.33008400 6.35337500 3 274616625518500
16.68495900 16.68316600 10.23287400 6.45029200 3 274616642203541
16.67979100 16.68345900 10.19908300 6.48437600 3 274616658883250
16.68829200 16.68333300 10.29545800 6.38787500 3 274616675571625
16.68020800 16.68333300 10.36075000 6.32258300 3 274616692251875
16.68833400 16.68320900 10.45087500 6.23233400 3 274616708940125
16.66987500 16.72345800 10.50916700 6.21429100 3 274616725609958
16.69029100 16.64333300 10.12324900 6.52008400 3 274616742300208
16.67729200 16.68750000 10.13250000 6.55500000 3 274616758977541
16.69104200 16.67975000 10.22387500 6.45587500 3 274616775668708
16.68583300 16.68275000 10.09499900 6.58775100 3 274616792354416
16.67525000 16.68333400 10.18104200 6.50229200 3 274616809029666
16.68841700 16.68333300 10.19379100 6.48954200 3 274616825718041
16.70154100 16.69929200 10.12275100 6.57654100 3 274616842419708
16.66258400 16.66733300 10.26854200 6.39879100 3 274616859082166
16.67987500 16.68329200 10.39520900 6.28808300 3 274616875762083
16.69245800 16.69225000 10.24087500 6.45137500 3 274616892454625
16.69354200 16.67445800 10.15416600 6.52029200 3 274616909148125
16.68129100 16.68337500 10.16220900 6.52116600 3 274616925829375
16.70479200 16.69500000 10.08766700 6.60733300 3 274616942534208
16.67862500 16.69712500 10.09862400 6.59850100 3 274616959212833
16.64812500 16.65770800 10.05141700 6.60629100 3 274616975860875
16.69212500 16.68354200 10.01600000 6.66754200 3 274616992553000
16.70395800 16.69504200 10.23591700 6.45912500 3 274617009257041
16.66866700 16.67154100 10.38979000 6.28175100 3 274617025925625
16.68012500 16.68404200 10.24087500 6.44316700 3 274617042605916
16.69712500 16.68887500 10.13666700 6.55220800 3 274617059303000
16.67295800 16.67704200 10.13837600 6.53866600 3 274617075975875
16.67645900 16.68345800 10.01674900 6.66670900 3 274617092652291
16.70095800 16.68325000 10.00537500 6.67787500 3 274617109354083
16.65970800 16.68329200 10.24300000 6.44029200 3 274617126012958
16.69262500 16.68337500 9.93666600 6.74670900 3 274617142705625
16.71087500 16.68329100 9.98250000 6.70079100 3 274617159417000
16.66987500 16.68845900 10.02520900 6.66325000 3 274617176086416
16.67062500 16.68841600 10.54808300 6.14033300 3 274617192756916
16.68208400 16.67312500 10.06962600 6.60349900 3 274617209439041
16.68420800 16.68337500 10.09166700 6.59170800 3 274617226123375
16.70412500 16.68320900 10.29470900 6.38850000 3 274617242827458
16.67341700 16.68337500 10.22770900 6.45566600 3 274617259500791
16.67433300 16.68329100 10.17449900 6.50879200 3 274617276175250
16.68058300 16.68350000 10.66116600 6.02233400 3 274617292855833
16.67345900 16.68325000 10.70254300 5.98070700 3 274617309529166
16.69570800 16.68329200 10.91233400 5.77095800 3 274617326225000
16.68654200 16.68333300 10.64462500 6.03870800 3 274617342911583
16.66829100 16.68341700 10.78645900 5.89695800 3 274617359579750
16.69262500 16.68325000 10.71904300 5.96420700 3 274617376272500
16.66895900 16.68341700 10.70266700 5.98075000 3 274617392941333
16.68404100 16.68325000 10.65762500 6.02562500 3 274617409625375
16.69708400 16.68337500 10.73366800 5.94970700 3 274617426322583
16.69525000 16.68329100 10.59699800 6.08629300 3 274617443017833
16.66250000 16.68329200 10.55366700 6.12962500 3 274617459680291
16.69050000 16.68329200 10.75287400 5.93041800 3 274617476370791
16.68516600 16.68341600 10.53120700 6.15220900 3 274617493055916
16.66758400 16.68337500 10.74483200 5.93854300 3 274617509723458
16.69079100 16.68337500 10.61104200 6.07233300 3 274617526414416
16.67558400 16.68329200 10.72512400 5.95816800 3 274617543089875
16.69762500 16.68325000 10.75479200 5.92845800 3 274617559787541
16.68895800 16.68341700 10.52362600 6.15979100 3 274617576476500
16.67933300 16.68345800 10.46174900 6.22170900 3 274617593155875
16.68625000 16.68316700 10.53212500 6.15104200 3 274617609842041
16.68020900 16.68341600 10.51716600 6.16625000 3 274617626522291
16.66633300 16.68316700 10.41129200 6.27187500 3 274617643188541
16.70375000 16.68345800 10.62658200 6.05687600 3 274617659892291
16.66383300 16.68333400 10.48621000 6.19712400 3 274617676556125
16.68300000 16.68325000 10.63200000 6.05125000 3 274617693239166
16.70195900 16.68333300 10.59979200 6.08354100 3 274617709941125
16.68070800 16.68337500 10.48637500 6.19700000 3 274617726621875
16.66950000 16.68337500 10.36370900 6.31966600 3 274617743291291
16.68112500 16.68325000 10.63316700 6.05008300 3 274617759972416
16.68225000 16.68354200 10.39062500 6.29291700 3 274617776654666
16.70258300 16.68312500 10.37808300 6.30504200 3 274617793357333
16.68679200 16.68350000 10.70941600 5.97408400 3 274617810044083
16.70358300 16.68616600 10.64020900 6.04595700 3 274617826747666
16.69891700 16.68191700 10.85745800 5.82445900 3 274617843446541
16.63858300 16.70054200 10.63979100 6.06075100 3 274617860085083
16.67604200 16.66470800 10.52354100 6.14116700 3 274617876761166
16.71325000 16.69041700 9.82437500 6.86604200 3 274617893474416
16.66891700 16.67616600 9.82733300 6.84883300 3 274617910143375
16.67729100 16.68345900 9.73766700 6.94579200 3 274617926820583
16.68116700 16.68883300 9.59666600 7.09216700 3 274617943501750
16.68625000 16.67775000 9.66454100 7.01320900 3 274617960188125
16.67458300 16.68333300 9.67270800 7.01062500 3 274617976862625
16.68566700 16.68333400 9.78054300 6.90279100 3 274617993548250
16.69987500 16.68333300 10.12949900 6.55383400 3 274618010248125
16.67491700 16.68337500 9.87379100 6.80958400 3 274618026923125
16.72995800 16.68325000 9.74250000 6.94075000 3 274618043653291
16.65820800 16.69062500 10.17637600 6.51424900 3 274618060311333
16.66520900 16.67675000 9.68750000 6.98925000 3 274618076976416
16.68058300 16.68933300 9.57837600 7.11095700 3 274618093657125
16.68062500 16.67662500 9.63533400 7.04129100 3 274618110337625
16.70329200 16.68341700 9.80470900 6.87870800 3 274618127040916
16.65970800 16.68329200 9.80954300 6.87374900 3 274618143700625
16.68175000 16.68333300 9.82712400 6.85620900 3 274618160382375
16.68975000 16.68325000 9.57208400 7.11116600 3 274618177072250
16.71300000 16.68404200 10.17487600 6.50916600 3 274618193785166
16.67433300 16.68320800 9.76899900 6.91420900 3 274618210459625
16.67933400 16.68279200 9.60695900 7.07583300 3 274618227138833
16.70241600 16.69458300 9.72645800 6.96812500 3 274618243841166
16.69245900 16.67304200 9.55695800 7.11608400 3 274618260534333
16.63516600 16.68245800 9.55233300 7.13012500 3 274618277168833
16.68254200 16.68937500 9.70979100 6.97958400 3 274618293851500
16.68237500 16.67729200 9.76954200 6.90775000 3 274618310533791
16.70029200 16.68329100 9.51704100 7.16625000 3 274618327234166
16.66962500 16.68341700 9.57004300 7.11337400 3 274618343903666
16.72787500 16.68320800 9.54795800 7.13525000 3 274618360631666
16.65095800 16.68500000 9.52562500 7.15937500 3 274618377283375
16.66962500 16.68175000 9.48312500 7.19862500 3 274618393952166
16.67591700 16.68425000 9.45429200 7.22995800 3 274618410628000
16.68629100 16.69008400 9.32662700 7.36345700 3 274618427314375
16.71175000 16.68404100 9.61487400 7.06916700 3 274618444026125
16.64950000 16.67491700 9.48362500 7.19129200 3 274618460675625
16.69266700 16.68333300 9.37037500 7.31295800 3 274618477368333
16.68191700 16.68554200 9.52033400 7.16520800 3 274618494050250
16.67687500 16.68108300 9.57495800 7.10612500 3 274618510727083
16.68712500 16.68412500 9.32000000 7.36412500 3 274618527414166
16.68012500 16.68241700 9.50371000 7.17870700 3 274618544094375
16.70187500 16.68350000 9.65820800 7.02529200 3 274618560796208
16.67291600 16.68362500 9.37925000 7.30437500 3 274618577469250
16.68337500 16.68300000 9.54241700 7.14058300 3 274618594152458
16.69108400 16.68333300 9.39812500 7.28520800 3 274618610843708
16.73258300 16.69354200 9.54325100 7.15029100 3 274618627576166
16.64479200 16.67300000 9.64466600 7.02833400 3 274618644221041
16.67537500 16.68358300 10.46041600 6.22316700 3 274618660896416
17.13829100 17.00983400 10.90141600 6.10841800 3 274618678034833
18.40758400 17.15112500 15.27125000 1.87987500 3 274618696442416
14.68991600 15.90795800 14.96900100 0.93895700 3 274618711132333
17.27345900 17.19633300 11.88304200 5.31329100 3 274618728405666
17.84533300 16.15125000 14.82629300 1.32495700 3 274618746251083
15.99387500 17.75350000 17.75262500 0.00087500 3 274618762245458
16.40345800 16.37337500 14.95737600 1.41599900 3 274618778649166
16.10775000 15.97675000 14.42575100 1.55099900 3 274618794756583
16.32066700 16.63175000 10.61620800 6.01554200 3 274618811077833
17.08179200 16.84716700 9.86633400 6.98083300 3 274618828158625
16.30362500 16.51750000 10.15254200 6.36495800 3 274618844462291
16.62837500 16.68333300 9.97262500 6.71070800 3 274618861090416
16.70854100 16.68337500 9.61379200 7.06958300 3 274618877800083
16.65866700 16.69008400 9.38491800 7.30516600 3 274618894457666
16.73108300 16.68108300 9.40958300 7.27150000 3 274618911188708
16.63675000 16.69262500 9.52237500 7.17025000 3 274618927825708
16.68075000 16.66950000 9.32591600 7.34358400 3 274618944506208
16.68754200 16.68858300 9.54208300 7.14650000 3 274618961193833
16.72779200 16.67812500 9.44016700 7.23795800 3 274618977921666
16.64662500 16.68337500 9.48941700 7.19395800 3 274618994568333
16.69166600 16.70083400 9.33883500 7.36199900 3 274619011260041
16.67154200 16.66579100 9.62225000 7.04354100 3 274619027931583
16.68500000 16.69562500 9.32729200 7.36833300 3 274619044616583
16.68241700 16.70395900 9.84991700 6.85404200 3 274619061298958
16.69795800 16.65033300 9.57037400 7.07995900 3 274619077996833
16.67520800 16.68329200 9.20212600 7.48116600 3 274619094671958
16.69595900 16.68341600 9.44824900 7.23516700 3 274619111368125
16.65625000 16.68337500 9.46308300 7.22029200 3 274619128024291
16.69241600 16.68350000 9.67941700 7.00408300 3 274619144716791
16.69000000 16.68750000 9.45512500 7.23237500 3 274619161406666
16.67445900 16.69062500 9.31129100 7.37933400 3 274619178081083
16.72141600 16.67166700 9.79487500 6.87679200 3 274619194802708
16.66466700 16.68341700 9.49879200 7.18462500 3 274619211467208
16.68016700 16.68454100 9.45587500 7.22866600 3 274619228147375
16.69508300 16.70487500 9.65012600 7.05474900 3 274619244842500
16.64858300 16.66050000 9.10599900 7.55450100 3 274619261490916
16.68879200 16.68333400 9.11429200 7.56904200 3 274619278179958
16.68308300 16.68333300 9.64895700 7.03437600 3 274619294862958
16.67916700 16.68341700 9.75095800 6.93245900 3 274619311542166
16.68641700 16.68720800 9.68591700 7.00129100 3 274619328228541
16.68683300 16.68454200 9.46762600 7.21691600 3 274619344915291
16.69645800 16.76379100 9.38666500 7.37712600 3 274619361611916
16.67100000 16.68725000 9.40770900 7.27954100 3 274619378282916
16.70275000 16.68766700 9.36075100 7.32691600 3 274619394985500
16.66141700 16.60629200 9.34550000 7.26079200 3 274619411646916
16.70695800 16.68175000 9.74941800 6.93233200 3 274619428353916
16.69962500 16.66804100 9.44787400 7.22016700 3 274619445054041
16.66958400 16.75720900 10.22145900 6.53575000 3 274619461723125
