5.96691600
1573.54566700
11.77366700
34.22862500
9.39170800
36.04179200
14.52295800
40.11770800
9.52612500
35.92875000
9.67241700
34.27358300
8.81991700
37.01479200
10.47304100
34.29733400
9.25991600
31.34804200
9.52866700
35.13379100
8.53362500
29.90175000
8.49466700
29.91987500
8.52595800
29.44520900
8.45579100
29.75108400
8.48179100
29.40433400
8.17787500
28.73987500
8.20970800
29.27508300
8.11195900
29.09775000
8.24708300
29.14070800
8.31650000
29.12841700
8.07633300
28.39779200
7.36641700
26.46787500
7.34216600
26.50133400
7.32295800
27.91175000
7.97754200
28.15300000
8.02012500
28.50737500
7.41762500
27.41458300
7.23950000
26.48025000
7.25850000
27.54762500
7.24483300
27.62837500
7.13362500
27.48354200
7.16120800
27.30008400
7.20837500
26.08387500
7.62562500
28.10895800
7.11908300
27.28729200
7.40370800
28.72462500
7.68608400
27.06129100
7.00762500
27.03162500
6.94825000
27.60995900
7.43983300
28.15316700
7.12954100
27.40208400
7.52679100
27.82825000
7.06758400
27.14545800
7.14433300
27.39408400
6.98687500
27.28341600
6.90570900
27.10691600
6.90125000
27.00108400
6.79016600
26.27129200
6.84487500
27.06129200
6.83675000
25.99500000
6.79637500
27.91020800
7.57675000
27.16370800
7.14616700
27.74150000
6.81412500
28.42366700
7.03254100
27.69041700
6.79708300
28.76875000
6.57887500
28.60187500
6.90995900
27.92654100
6.89483400
30.10037500
6.66370800
28.08754200
6.65820800
28.59645800
6.70116700
28.17804200
7.02375000
27.91725000
6.73945800
29.20695800
6.91150000
29.11395900
7.13520800
29.30212500
6.68533300
29.06533400
7.35404100
30.63570900
7.16433300
27.82270800
6.93875000
26.72887500
7.00950000
25.08087500
6.45679200
24.49187500
6.27920800
26.06254200
6.25316700
26.21579100
5.94375000
24.36066700
5.98433300
24.18495900
6.00133300
24.24879200
6.05600000
24.54016600
6.10191700
24.71850000
6.13112500
23.67541700
5.76400000
22.68020800
5.74575000
22.76787500
5.69504200
23.74450000
5.81033300
22.71145800
5.78745900
24.91141600
6.51037500
25.07050000
6.62412500
25.21979200
6.55000000
24.87929200
6.51562500
25.36266600
6.97533400
26.57908300
6.90162500
26.33295800
6.94491700
26.15020800
6.95070900
26.21929100
6.93570900
26.58370800
6.99383300
26.06629200
7.06870800
26.08725000
6.97212500
26.12833400
6.99762500
25.57754100
7.12208400
26.51520800
7.18379200
26.09516600
7.33166700
28.22458300
7.27050000
27.79641700
7.18250000
26.82120800
7.45300000
27.76879200
7.37308300
26.39350000
7.28008400
26.39050000
7.28625000
26.24779100
7.53633400
27.29579100
7.42420900
27.11175000
7.48612500
26.26558300
7.57929200
24.74366600
7.66833400
26.04925000
7.61708300
26.76491700
7.60829100
24.51495900
7.64100000
28.01054100
24.77308400
7.71712500
24.72791600
7.56212500
25.98366700
7.78333300
24.90912500
7.69141700
24.64079200
7.50391600
25.98333400
7.59070800
24.44654200
8.18225000
26.03904100
7.92325000
26.94266700
7.59808300
24.88916700
7.48266700
25.81329100
8.09570900
27.19470800
7.81450000
25.73308300
7.48141700
26.37491700
8.07395800
24.71991700
8.35725000
26.55329100
7.97945900
26.20020800
7.64362500
23.84300000
7.85008300
24.82912500
7.69525000
24.23912500
7.63729200
24.05150000
7.58704200
24.66279100
7.56833400
23.83179100
7.71600000
24.14750000
7.64458400
24.69025000
7.68475000
23.37270800
7.74320800
23.59766700
7.65195800
24.26608400
8.09370800
23.53116700
7.58479100
23.62962500
7.51600000
23.46708400
7.79666600
23.68783400
7.69345800
24.03970800
7.62845900
23.98020800
7.79720800
23.74341700
7.60858300
23.78329200
7.72100000
23.85462500
7.64145800
23.74304200
7.68041700
23.64983300
7.62087500
24.37929200
7.73745800
23.82200000
7.67554200
23.85804100
7.57562500
23.91429200
7.67725000
23.56379200
7.72170800
24.62000000
7.96737500
23.87045800
7.81950000
23.75004200
7.65375000
23.77891700
7.61420800
23.41225000
7.79058300
24.67770900
7.82391600
23.35687500
8.66412500
23.06787500
10.38858400
23.10733300
10.17458300
23.52904200
9.84645800
23.54412500
9.71558400
23.63429100
9.86650000
23.44912500
9.98075000
23.20866700
9.91883300
23.72583400
9.66862500
23.93945800
9.42925000
23.64579200
9.75325000
23.66591600
9.75329200
23.58100000
9.76212500
23.63225000
9.68454200
23.65425000
9.75054100
23.81545900
9.52862500
23.56037500
9.78858300
23.87470800
9.74225000
24.25162500
8.83441700
23.49145800
9.78154200
23.34379200
10.04112500
23.25391600
10.01787500
21.75970900
11.54679100
21.97366700
11.41429200
21.78570800
11.91141700
22.05241600
10.88400000
20.29108400
13.49741600
20.32600000
12.83779200
20.26675000
13.08475000
20.50279200
12.95283300
20.32441700
12.87508300
20.14920800
13.22204200
19.62862500
13.67987500
20.20129200
13.29795800
20.90991700
12.61300000
20.38758300
12.90095800
20.29683400
12.81079100
21.70741700
11.75816700
23.14295800
10.13000000
23.23337500
10.28179200
23.13329100
10.19008400
24.47087500
8.93587500
24.48433300
8.98870800
24.02045900
9.32883300
24.01837500
9.52775000
22.91029200
10.66758300
24.67162500
8.80904200
24.59412500
8.84425000
24.69758300
8.55683300
25.76658400
8.67187500
24.59262500
8.65075000
24.61791600
8.45620900
25.17558300
8.16454200
26.88287500
8.49116600
26.62391700
8.90845800
26.96458400
8.40666600
26.52575000
9.25408400
28.00854100
8.38175000
28.31600000
8.37745900
28.40825000
8.54991600
26.86387500
8.23037500
26.99641700
9.62320800
22.28000000
9.51004200
22.50283300
9.33500000
23.42154200
9.33708300
22.19566700
9.25837500
21.99479200
9.08541600
22.29850000
9.30516700
22.14412500
9.21020800
22.12491700
9.02908300
22.23008400
9.23504100
22.11470900
9.20687500
22.48854100
10.48400000
23.55091700
9.63308300
22.70295900
10.15462500
23.19504100
9.95275000
24.19975000
11.03025000
26.66220900
11.29683300
25.23662500
12.62320800
26.29854200
11.04841700
24.92108300
10.58966700
36.54454100
15.98150000
33.15258400
15.00604100
34.04012500
14.76150000
32.81754200
14.15079200
32.53162500
11.71229100
44.75400000
17.36958400
36.41391600
11.99550000
31.08891700
102.32975000
48.89608300
13.78262500
32.45641700
11.27025000
32.32929200
10.43720800
38.27745800
10.39533400
52.57345800
11.60912500
36.12262500
10.14470800
40.89187500
10.52391700
45.13962500
12.58491700
43.53854100
10.06762500
38.20850000
9.69504200
34.29350000
9.14100000
41.01875000
10.31529200
43.57116600
13.58995900
41.45937500
10.12950000
36.58950000
10.22362500
35.30704100
9.13183400
43.77654100
10.16170900
35.65995800
9.30175000
46.86220800
10.34754200
43.51241700
10.33808300
42.11620800
13.11400000
39.56545900
10.14308300
40.79258300
10.29212500
41.03366700
10.32570800
41.83854200
10.31325000
41.85141700
10.28775000
41.27737500
10.29541600
43.48950000
12.54033400
43.79645800
13.62350000
46.67254200
13.08733300
44.35483300
13.43916700
50.72345800
13.65254200
46.20854200
10.47587500
42.70637500
10.37091600
44.64195900
14.01862500
48.55758300
13.26808300
54.18195900
15.16016600
49.47683400
13.04604100
43.29587500
10.51312500
48.40041700
13.04658300
44.20612500
13.41308400
48.41641600
13.00675000
42.63466700
10.38312500
43.90620800
10.28508400
45.25550000
13.41404100
44.15712500
13.97650000
48.00229200
12.84925000
57.37945800
19.28900000
51.05958400
12.64604100
50.06983400
16.47479100
56.31254200
11.35304200
47.36779100
16.20670900
53.10008300
12.23816700
71.13583300
31.82633300
49.92770900
12.72825000
90.53741600
22.86233400
75.20033300
12.34975000
52.10841700
11.91379100
54.46487500
15.67179200
52.86225000
12.82479200
50.05695800
11.50454200
54.45612500
17.60183300
51.93891700
12.56583300
53.69512500
15.97195800
46.24770900
11.39683300
44.76029200
14.91225000
49.86479100
15.29233400
45.52804100
11.86591700
43.56812500
11.19187500
43.63054200
11.28825000
42.27845800
11.00916700
41.25425000
10.30125000
41.13533300
14.22758300
44.49750000
15.94320900
38.93495800
10.71054200
58.61620800
10.61191700
51.51645800
11.79462500
38.32775000
10.38912500
43.72091700
10.49275000
48.65420800
13.99520800
44.43575000
10.86154200
69.57770800
12.11045900
54.73462500
19.57350000
54.87995800
14.75512500
59.62412500
11.86679200
58.97437500
15.89920800
55.26220800
16.48966700
58.04670800
13.18937500
52.42866700
11.95825000
47.16337500
11.37766700
59.04862500
15.47091600
58.68516700
14.91350000
52.83987500
18.48841700
51.28145800
19.96858300
61.73087500
16.10637500
54.41712500
16.29020900
49.77112500
11.64241600
56.61391700
16.15745800
54.08416700
12.24562500
46.84216700
16.23133300
53.05962500
16.65637500
50.47804200
11.74237500
53.74916600
16.18354200
50.45541700
11.43345800
53.47141700
16.01429100
49.81266700
11.31095800
54.50458400
15.38816600
53.25091700
15.25016700
55.39279100
11.65070900
54.16804100
16.34400000
51.93325000
11.88233400
54.63204100
14.57654200
53.64300000
11.64170800
58.44125000
12.24495900
53.82320800
11.40537500
53.09320800
12.35445900
57.29308300
12.01541700
42.75966600
11.28891700
54.19970800
14.89591700
51.84420800
15.69579200
49.93558300
12.14225000
46.83566700
15.66020800
54.78354200
12.74808300
46.36254200
14.44870800
47.53150000
12.11641700
42.97137500
12.43529200
48.21383300
12.50308300
43.83833400
12.27012500
47.48854100
12.19629200
43.67933300
13.01637500
47.46695900
11.88841600
43.26529200
11.17770800
44.41300000
10.62070900
42.68225000
10.46208300
37.49591700
10.53750000
40.14612500
10.61508300
40.50979200
10.52575000
44.16837500
10.58687500
48.46758300
11.26608300
43.61700000
10.46337500
40.12041700
10.73641700
32.68908300
19.44979200
42.60962500
89.16262500
78.59200000
11.78283300
46.13283300
11.81258400
47.91525000
11.82379100
44.78591700
11.70654200
38.99070800
11.62950000
45.15958300
11.38241700
38.14087500
14.78066700
43.47991600
24.00983400
44.32533300
12.09825000
43.79254200
10.23520800
38.97370800
10.14916700
41.42108300
14.29545900
41.24020800
10.15429200
40.21812500
11.09050000
34.01533300
9.33408300
44.99520900
10.41633300
32.78033300
9.75220900
40.35216600
9.53941700
44.20675000
11.21166700
42.10804100
10.55445900
42.98587500
10.65170800
36.18075000
10.38775000
45.97250000
10.47645800
41.33266700
10.67045800
42.49033400
10.56704100
32.85708400
19.53733300
41.45837500
12.11879200
48.06600000
15.56675000
43.69233300
17.41137500
45.47070800
12.79008400
40.80987500
12.81420800
41.38154200
12.58225000
37.48725000
13.27312500
32.89345800
25.24166700
41.59612500
12.57366600
46.84762500
14.83591700
46.94679200
12.40704100
41.42912500
12.39775000
43.17529200
12.44745800
45.73604200
12.92525000
41.22358300
11.56979200
41.48941700
12.00487500
42.63666600
12.12670900
38.06187500
10.54237500
40.39037500
10.75879100
43.00112500
10.61520900
46.30350000
16.00308300
50.39754200
11.94441600
52.59045900
12.21379100
53.35587500
15.95116700
55.81058300
16.08637500
57.59404200
12.21491700
54.96495800
11.62645800
45.42704200
11.73404200
53.48270800
16.15241700
47.72858300
11.42833300
46.91425000
15.22870900
55.83320800
11.60312500
48.47816700
11.88137500
50.52483300
16.40041700
47.19633300
11.61083300
43.77391700
11.77350000
53.68141700
15.96520800
48.02220800
15.49475000
47.61045900
11.59970800
44.08208300
17.42666700
50.98937500
12.90708300
48.69783400
11.47295800
45.11462500
15.19716700
58.29970800
11.74412500
50.23154200
11.65591600
53.57329200
15.51087500
51.04725000
11.62862500
53.76554200
15.44375000
47.84416600
11.63112500
48.84254200
11.59475000
46.73116700
15.85004100
45.79737500
9.86504200
47.80358300
14.25062500
55.04550000
16.78025000
39.98216700
13.40970800
39.46312500
14.71483400
34.41408300
17.67416700
38.29245800
12.73612500
38.05266700
13.40679100
38.41379200
13.43000000
35.95033300
13.46129200
34.24812500
15.81312500
35.09600000
11.88891700
34.44262500
10.02479100
41.22891700
10.37320800
60.23558400
16.07795800
50.98520800
11.45383400
50.22262500
10.37312500
45.85229100
10.95862500
40.85000000
10.55825000
46.98375000
16.20466700
64.04912500
17.44829200
50.47100000
23.28795800
54.23179200
14.27512500
55.56187500
12.63829100
41.03558400
12.12754100
45.00241700
11.90050000
46.49541700
12.05337500
47.04500000
15.88595800
46.70500000
12.12908300
51.65583400
11.60654100
49.32279200
11.19741700
42.36504100
15.34258400
52.34791600
15.27287500
50.82937500
13.81383400
48.91495800
11.56733300
48.23383400
14.71483300
57.44691700
11.78945800
39.39833300
10.32558400
40.80679100
9.82712500
34.27604200
23.64862500
56.60337500
18.51004200
64.51937500
16.30412500
50.80095800
11.82308300
51.77287500
11.38800000
40.94520900
14.94262500
59.77116600
11.77645900
46.51333300
15.26729200
51.80604100
15.45358400
48.43725000
12.03425000
47.00825000
11.53166600
43.33550000
11.49008400
47.56625000
11.52479100
45.03733400
10.53995800
36.68658300
10.12075000
39.69308400
10.18412500
40.56700000
10.33254100
43.55325000
13.38808400
43.62270800
11.51808300
39.47229200
10.17054200
39.31191600
10.66333400
46.48883300
15.11004200
52.43633300
14.64558300
49.72983400
15.60937500
49.83562500
15.14379100
51.40345900
15.18587500
53.22000000
14.74883300
49.10904200
12.03237500
46.66475000
11.73383300
56.22337500
15.94912500
50.84829200
11.51312500
53.92908300
15.73625000
51.28420800
11.72233400
49.19683300
11.65287500
45.59658300
15.72450000
52.57362500
12.46420900
49.18520800
11.90808300
51.66895900
15.80166600
49.62370900
11.92295800
45.63362500
12.03266700
48.88508300
12.12745800
49.30954200
12.49258300
43.65225000
11.54395900
47.38033300
11.75312500
55.10658300
12.42625000
38.79412500
11.92200000
43.39645900
11.65258300
52.77304200
15.44475000
45.68383300
12.44020800
43.10350000
16.29475000
46.57091700
12.23104200
39.92841600
12.27933400
42.25833300
12.07183300
40.60400000
12.07529200
49.48216700
11.75104100
44.60229200
11.75779200
45.22804100
11.57745900
50.14433300
11.31154200
44.32304100
11.56237500
40.37420900
11.63808300
43.32479200
13.91020800
45.49837500
11.74116700
45.00125000
11.61604100
46.08995900
11.86437500
44.55600000
11.49375000
45.61587500
15.89908300
38.80087500
10.28725000
38.95666700
10.27270800
40.25420800
10.43408400
42.42920800
10.82104200
48.04816600
15.48470900
48.37729100
11.74208400
38.07745800
10.79475000
51.28108300
16.02995900
45.98054100
11.87066700
45.96354200
13.32983300
45.65366700
12.37491600
42.34654200
10.47070800
41.35983400
13.17379100
44.73954200
11.71225000
37.82004200
10.30587500
38.93691600
10.69670900
43.31445800
11.10512500
42.79833300
10.43637500
49.33466700
11.74558300
58.31137500
11.89162500
43.41404200
11.75808300
44.74595900
12.26895800
51.59887500
16.45945800
48.90079200
15.82262500
52.13495800
11.83375000
45.17404200
11.98433300
41.25062500
11.33150000
31.82412500
15.68937500
43.01454200
10.53604200
36.74812500
10.04658300
39.36870800
10.39287500
43.55116700
13.33025000
39.46570800
26.58716700
50.21920800
11.78575000
38.52429200
10.75129200
42.82037500
42.40283300
11.15129200
51.93850000
12.75004100
15.24266700
53.51583300
41.46100000
12.09716700
41.51350000
11.89287500
41.01358300
11.39104200
41.24229200
10.41783300
70.61554200
57.92512500
107.70804100
71.62854200
63.63400000
13.98120800
53.73908400
13.25779100
63.51562500
14.84650000
58.56391700
14.28287500
57.19279200
19.38991600
50.35900000
14.07537500
48.32816700
12.38916700
47.77366600
14.40145900
58.84045800
17.12000000
66.61770800
22.00129200
87.75312500
17.22495800
88.75550000
19.89212500
56.07491700
15.81908300
53.65075000
14.35633400
65.36062500
13.91662500
43.74029100
15.70670900
43.20008300
14.11279200
45.49220800
18.22600000
43.88362500
14.50400000
44.02441700
14.76737500
42.16554100
13.96000000
38.87762500
11.93108400
35.86437500
12.09420800
36.46891700
12.01833300
36.89912500
12.62266700
36.61137500
12.14458300
35.86600000
11.75508300
34.94904200
11.54275000
34.88225000
11.88166700
34.88675000
11.86737500
34.52016600
12.03075000
34.99400000
11.94233400
32.86016600
10.63395900
30.93687500
10.95195800
31.20637500
10.52520800
30.86245900
10.65037500
28.05958300
9.43258300
27.51787500
9.50195900
28.20091600
9.72145900
27.52670800
9.58825000
27.92795800
9.92341700
27.99608300
9.69016700
27.29741700
9.96404100
27.47391700
9.73170800
27.45691700
9.41379200
25.58491600
8.60091700
26.15716700
8.43841600
26.62100000
8.57008400
26.69191600
8.54650000
27.30125000
9.18945900
27.84550000
9.04770800
28.00608300
8.75200000
27.81216700
8.57179200
27.17166600
8.77687500
28.08175000
8.56412500
26.68662500
8.65112500
28.46887500
10.00566700
28.89683300
10.17295900
28.24275000
9.09083300
28.79554200
9.20383300
28.94333300
9.43120900
29.03950000
8.37825000
26.97162500
8.21637500
26.81883300
8.21320800
26.33812500
8.13158400
26.67770800
8.32895800
26.93562500
8.34308400
26.65375000
7.94550000
26.52183300
8.06612500
26.57716700
8.15079100
26.71120900
8.09979100
26.88700000
7.99945900
27.02337500
7.94104100
27.99704200
8.25079200
27.76304100
8.42679200
28.05545800
8.33525000
29.15650000
8.39962500
30.34891700
8.97416700
31.06141600
9.42504200
30.70350000
9.09516700
30.38150000
9.02695800
31.04229200
9.07845800
30.89425000
9.11975000
30.59212500
9.24454200
30.77487500
9.10329100
30.60108400
9.50600000
30.42220800
9.32733300
26.66041700
10.11266700
27.22241600
9.46120900
27.51687500
9.32558300
27.38079200
9.47470800
28.04125000
9.35741700
28.77691600
9.73141700
27.55508300
9.89095900
28.20795800
9.21125000
28.41162500
9.17345800
28.27683400
9.84770800
27.80929200
9.40508300
28.13104200
9.54462500
26.93595800
9.45175000
27.86679200
9.62129100
27.43795900
9.50216600
26.82283400
9.47366600
28.15433400
9.34408300
27.66433300
9.58270900
27.20050000
9.45333300
28.31645800
9.25670900
28.20929100
9.69433400
30.32775000
10.55766600
32.52995900
10.80091600
29.66887500
9.69554200
34.35625000
12.45691700
36.09429100
12.26216700
41.54512500
13.40862500
38.74258300
13.47704200
39.87575000
13.84904200
40.13529100
13.36808400
43.09325000
15.04254100
38.80237500
15.40462500
44.60904200
13.28737500
40.58625000
16.90745800
44.23945900
16.18541600
48.63050000
21.71033400
54.47216600
17.72862500
56.79391700
17.36250000
51.15754200
15.19625000
50.35854100
16.75212500
45.00395900
16.59887500
45.47429100
15.43266700
46.33166700
25.75754100
54.01054200
20.67379200
59.27079100
20.54920900
54.99737500
20.23916600
53.69920900
35.67245800
66.68620800
21.47316700
53.40716700
32.14229100
48.92687500
18.50854200
53.12791700
16.52879100
47.62037500
13.50050000
40.32187500
13.45429200
40.46370800
13.57908400
40.22583300
11.78700000
34.98266700
11.67158300
35.60695800
11.82991700
35.90529200
11.80541600
35.25679200
11.87729200
36.66737500
12.56095800
35.63770800
12.16637500
35.78500000
11.66508400
34.45441600
11.55412500
35.02679200
11.40575000
34.60420800
11.88916700
34.74845800
11.57862500
34.54962500
11.29525000
33.04658400
10.77000000
29.33970800
10.15175000
29.32445800
10.14462500
27.30000000
9.69745900
26.79979100
9.37075000
28.36904200
9.36087500
28.14545800
9.16954200
28.21533300
9.41304200
28.55254200
9.17945800
28.21441700
9.30495800
29.33950000
9.46570800
30.21891700
9.87425000
31.03125000
9.22504200
31.46683300
10.18516700
33.40879100
14.38025000
31.80641700
10.90387500
31.77012500
10.44845800
32.40845900
12.24133300
39.40516700
11.19641600
33.62750000
10.62783400
32.48495800
10.46620800
32.39458400
10.62983300
31.88487500
10.29845800
32.75266700
11.23904200
34.35220800
10.27737500
35.32495800
10.48437500
35.20370900
10.22854100
34.70191700
11.54470800
36.35450000
10.28991700
34.64879200
11.18112500
39.94891600
11.75150000
37.36441700
11.67083300
33.40650000
10.33516700
33.06995800
10.11745900
34.27004100
10.20475000
34.70050000
10.02091700
33.46695800
10.53120900
33.04250000
10.43191600
32.99962500
10.64325000
33.21000000
10.34879200
34.03520800
10.66854200
32.95345800
10.40462500
34.77208400
10.66729100
32.75779200
10.74716700
34.12008300
10.50825000
32.81958300
10.57008400
32.30166600
10.36712500
32.15270900
10.46654100
32.37862500
10.49870900
32.43629100
10.56004200
32.54083300
10.76670900
32.17979100
10.49929200
32.34700000
10.54804200
32.81287500
10.27958300
32.68450000
10.33337500
33.50450000
10.25179200
33.84100000
10.35854100
33.15412500
10.34575000
33.34866700
10.33175000
33.44329200
10.25987500
33.79625000
10.44150000
34.15883300
10.22537500
33.61462500
10.18733300
34.18754200
10.39550000
33.63825000
10.90054200
33.80454100
10.24350000
33.13608400
10.21104100
33.56695900
10.05275000
33.05191600
10.36729200
33.26733300
10.07345900
33.73912500
10.32483300
33.35187500
10.39916700
34.13520800
10.34100000
33.37908300
10.41141700
33.63616700
12.00308300
48.42733300
14.91145900
45.84170800
12.89750000
41.76866700
12.12820800
40.03845800
12.57650000
38.25183400
12.82062500
42.01391600
13.08787500
41.60575000
12.85650000
42.63170900
12.43550000
40.05220800
12.14837500
42.13912500
12.42770800
38.79554200
13.20804200
40.60695800
13.06570800
44.87883400
13.86254100
40.96304200
12.02800000
43.43562500
12.41445800
36.85366700
12.09725000
44.80887500
13.77958300
43.63612500
13.79404200
44.78279200
13.49833300
42.35741700
14.39187500
45.45950000
14.27483300
43.72100000
14.62920800
43.27091700
13.89737500
39.70758300
13.66479200
43.16175000
14.08445800
42.91912500
14.25729200
43.36858300
12.12295900
37.60087500
11.84737500
36.03133300
11.96862500
35.38433300
12.25908400
35.53275000
12.23083300
34.36925000
12.28825000
35.13175000
11.31804200
36.61191600
11.62329200
36.87945800
11.59308400
36.40570800
11.56200000
36.79045800
12.60912500
36.34912500
12.02604200
38.15154200
11.55066600
38.54270900
11.20845800
37.77004200
11.09066600
37.67529200
11.24920800
38.21862500
11.15412500
37.30541700
10.53075000
34.55512500
10.12816700
34.97591600
11.52887500
35.09266700
10.85766700
37.74920800
11.60025000
37.60883300
9.96050000
36.63679200
9.94625000
35.31604200
10.49479100
36.18691700
9.89200000
36.46808300
9.95041700
33.77258300
10.81554200
36.81912500
10.65437500
35.60850000
9.97020800
34.93962500
9.92208400
35.06837500
9.87929100
36.88091700
10.03091700
34.82291600
10.11029200
37.73808300
9.91916700
36.25358300
10.14650000
35.15766700
10.84195800
35.35504200
10.13100000
34.01987500
10.02316700
37.18554100
10.11979200
36.51670800
9.88516700
35.28633300
10.10550000
33.59620900
10.02375000
36.57925000
9.85250000
36.71350000
10.23933300
35.98354200
10.69400000
35.18466600
10.03062500
36.71187500
10.14700000
35.10000000
10.13629200
34.71050000
10.08941700
35.77954100
10.30745900
34.78570800
10.00962500
34.78537500
10.24333300
36.26120900
10.12600000
35.08095800
9.95983300
34.53900000
10.26925000
34.83391700
10.30208300
35.53133400
10.02562500
33.62945800
10.27833300
35.51654200
11.31850000
33.75954200
9.80737500
36.33708300
10.67941700
33.94441600
9.83395900
34.32054100
10.24979200
34.01241700
9.99229100
34.10070900
10.29212500
33.76579100
10.10200000
34.22104200
10.06879200
34.45229100
9.92325000
34.36733400
10.01712500
33.87958300
9.98587500
33.95687500
10.12633300
33.66737500
9.14408400
30.56287500
8.92208300
30.14341700
8.99208300
30.20066700
8.84108300
30.01841700
9.46720800
33.00979200
9.40912500
30.47245800
9.21262500
33.71595800
9.83537500
34.94112500
10.40345900
34.21087500
9.97887500
33.55220800
10.26850000
34.73425000
10.04445800
31.54866700
9.50075000
31.93766700
9.01400000
30.60341600
9.13783400
33.27329100
9.28587500
33.49691700
9.49862500
33.86920800
10.40775000
34.03187500
9.18291700
33.39258300
10.64725000
33.93995900
10.03395800
32.95945800
9.60537500
33.33650000
9.68479200
30.07375000
8.64258300
29.38258400
8.63329100
29.47283400
8.69316600
29.76995900
8.78083300
29.32904200
8.63604100
27.25429200
8.02412500
26.87083300
8.14558400
27.89983300
8.17962500
26.87895800
8.77395900
27.46883300
7.98966700
27.13804100
8.20270900
26.76854100
8.03620900
27.67262500
8.38041600
29.96725000
9.40020900
29.94587500
9.10383300
30.69862500
9.31216700
30.02416600
9.06050000
30.38995900
9.05008300
32.66795800
9.99579200
34.32387500
9.93233300
33.58816700
10.46004200
33.95504100
9.98437500
33.74208400
10.32004100
34.09808400
9.88212500
33.80525000
10.03425000
34.15033300
10.03712500
33.32137500
9.76041700
33.92466600
10.39987500
34.33120900
10.16862500
34.98758300
11.33045800
38.82954200
11.51791700
38.80595800
11.31141700
39.10887500
11.45266600
38.54691700
11.26554200
38.71883300
11.21975000
37.91170800
11.29854200
37.19908300
10.55575000
36.13908400
10.58141600
34.51520900
11.67875000
37.72754100
10.10137500
34.95391700
10.07062500
35.59758300
10.98654200
34.82150000
10.10216700
34.41741600
10.02550000
32.88679200
10.13804200
34.25600000
10.22200000
33.82416600
10.27404200
32.46591700
10.19129100
34.26579200
9.92495800
34.62729200
9.91166700
35.02941600
10.35150000
33.40070900
10.10954100
33.38195900
10.03220800
34.99533300
9.98595900
34.57325000
10.03025000
33.20262500
10.34829100
33.74087500
10.30300000
32.91883400
10.45433300
33.00808300
10.02091700
34.38441700
10.06870800
34.52475000
10.97958300
34.67112500
10.25191700
34.75600000
10.12400000
32.88670800
10.73633400
34.56904100
10.34075000
33.74370900
10.40733300
33.00683300
10.09787500
32.94966700
10.33425000
32.85533300
10.18695900
32.39883300
10.89591700
31.84137500
10.60708300
30.76529200
10.74950000
30.55279100
10.34316700
29.85100000
10.61654200
29.98762500
9.63066600
27.20441700
9.58762500
26.88966700
9.68529100
28.15245900
11.74379100
31.01716700
11.22887500
30.41641700
10.45691600
29.89554200
10.46666700
29.79320800
10.61116700
29.61416600
10.40075000
30.54975000
10.90587500
30.61287500
10.75854200
30.42529200
10.42587500
30.68595800
10.81125000
29.82908300
10.99920900
30.72408300
10.50675000
29.84291700
9.57350000
26.88941600
9.69787500
27.32958400
9.79612500
27.16429100
9.85829200
27.41625000
9.75770800
28.23800000
9.71395900
28.05912500
10.58962500
30.12900000
10.52129100
29.11508400
9.72816600
32.91737500
9.08337500
29.30204200
8.79750000
29.06566700
8.82504100
28.55229200
8.59737500
29.17720800
8.74633400
29.37504100
8.18562500
26.55504200
8.01408300
26.68150000
8.00400000
26.75500000
7.90875000
26.79987500
7.85766700
27.17279200
8.03687500
26.99083300
8.47925000
26.56400000
7.98241700
29.88754100
6.19983400
27.75837500
8.54070800
29.59825000
9.26845800
29.97616700
9.99304200
29.17945800
9.20279200
30.24079100
9.23004200
29.95975000
9.37737500
30.27591700
9.60966600
33.17012500
10.41595900
32.92700000
10.11550000
33.12954100
9.91991700
33.35670800
10.09883400
33.47158300
9.96558300
33.78904200
10.06954200
33.79079100
11.89454200
37.50012500
11.29308300
36.54137500
10.21854200
35.39495800
11.48204200
35.90579200
10.67350000
36.24770800
10.43425000
36.31366700
10.05241600
35.63508400
10.51295800
34.43070800
10.70233400
34.16150000
11.22795800
36.44004200
9.96583300
35.53662500
11.50529200
37.68450000
11.94625000
37.79854100
10.20362500
36.03075000
10.06454200
34.82066700
10.64512500
37.54945800
32.71975000
10.64395800
34.35570900
7.87116600
11.26775000
37.78712500
39.53508400
13.72520800
40.60291700
13.78462500
41.51883300
12.26337500
130.77887500
18.74966700
36.90600000
11.50158300
36.49279200
11.32716600
36.52700000
11.75079200
37.68645800
11.47875000
37.71258400
11.26845800
37.55941700
11.25775000
36.71333300
11.72333300
37.84679200
11.83237500
37.05904200
11.42900000
37.20595800
11.55033300
37.23095900
11.32600000
37.05479100
11.26258400
37.59212500
11.29275000
36.79158300
11.79070800
37.22545900
11.64037500
37.41400000
11.42416600
37.92854200
12.19450000
36.96754200
11.76416600
36.91979200
12.11675000
36.73370800
11.74183400
37.57258300
11.58058300
36.81125000
11.78570900
37.36545800
11.92370800
37.53654200
11.87862500
36.88679200
10.49958300
32.97308300
10.34816700
32.24833300
10.00891700
31.98887500
11.11270800
32.33495900
10.42537500
32.25358300
10.24133300
32.66233400
10.37608300
29.94850000
9.39720800
29.50570900
8.96129100
30.03937500
9.06220900
29.96308300
8.95700000
30.14454200
9.37708300
30.25533300
9.31791700
29.85941700
9.03525000
29.61183300
9.45850000
30.25779200
9.41870800
29.32875000
9.36720800
29.13504200
9.57366700
29.17054100
9.47291700
28.99416700
9.67104100
28.73500000
9.32912500
28.67237500
9.58620900
28.32358300
9.54829200
27.87304100
9.05458400
27.48558300
9.22991700
27.95187500
8.83579100
27.82020900
8.79070800
28.33575000
8.57991700
27.62258300
7.99354200
26.32629100
8.53312500
25.90845900
8.52970800
25.94141700
8.21008300
25.55366700
8.24758300
25.63504200
8.31520800
25.75370800
8.34333400
25.42287500
8.25112500
25.26962500
8.18325000
25.45466600
8.28295900
25.20512500
8.89141600
25.66112500
8.50100000
26.37700000
8.58033400
26.27116600
8.63304200
27.51341700
9.59125000
29.57050000
9.21291600
29.29329200
9.01591700
28.86708300
9.28141700
28.81791600
9.51600000
28.67629200
9.32537500
30.67404200
10.38179100
32.00945900
10.42691600
32.39787500
10.28737500
32.60658400
10.24458300
33.15691700
10.28241600
32.90737500
10.47162500
32.66250000
10.20745900
33.33075000
10.24395800
34.28250000
10.44729200
33.51641600
10.38508400
32.41645800
10.13362500
32.92616700
10.38804100
32.64875000
10.16987500
32.80783400
10.35637500
34.10066600
10.15737500
35.39762500
10.34275000
34.41283400
10.06350000
35.73004100
10.45137500
36.33475000
10.28545900
37.21966600
10.14275000
34.69379200
10.05566700
34.54412500
10.47666600
35.80708400
10.20725000
34.73679100
10.24854200
34.62120800
10.75675000
34.37625000
10.04545900
33.60475000
10.00612500
34.72662500
9.95683300
34.36145800
10.64983400
34.76795800
9.97312500
38.70487500
12.20400000
37.50625000
12.36775000
37.52712500
10.22479200
34.78737500
10.54700000
34.50833300
10.37616700
35.01225000
12.14000000
38.75308300
12.50112500
38.57566700
12.46541600
39.15675000
11.61062500
37.88441700
13.01795800
38.20025000
11.79254200
37.48762500
11.56045800
37.49858400
12.21637500
37.10625000
11.55358300
36.69829200
10.84366600
33.20145900
10.48795800
33.27941700
10.45158300
33.24254200
10.63633300
33.36320800
10.57987500
33.36387500
10.39900000
33.05416700
10.27358300
33.63891700
9.77841700
32.59187500
11.25625000
31.49158300
9.53470800
30.07466700
9.73087500
30.49645800
29.84562500
29.89175000
30.17508400
30.36625000
29.69462500
30.22225000
30.00250000
30.05220800
30.08291700
30.88129100
30.26708400
30.25295800
30.47137500
30.78166700
30.44070800
30.67362500
30.31162500
30.50516700
30.14670800
30.29325000
30.37212500
31.21295800
29.99095900
30.86387500
29.99583300
30.52637500
30.63129200
31.20254100
30.31695900
30.67866600
29.55262500
29.90108400
29.94291600
30.04458400
29.26462500
27.87083300
26.88966700
27.18787500
26.88475000
26.77091600
26.47566700
26.97537500
26.94791700
27.32366600
27.43708400
25.38237500
24.87666600
26.39850000
24.84666700
25.80287500
28.43083300
27.82670900
27.90837500
27.56966600
27.61100000
28.85150000
30.58691700
30.43854200
30.36887500
30.59666600
30.29770900
30.57150000
31.18800000
30.37241600
30.82191700
30.28937500
30.79150000
30.97291700
33.08304100
34.19329200
33.53387500
32.92045800
32.93575000
33.23112500
33.84054200
33.54804200
33.24891600
31.60758400
33.03975000
34.03241600
32.35191700
32.84525000
31.89750000
32.42229200
32.39875000
33.50800000
31.43079100
31.22675000
33.56233400
31.57470800
31.84887500
34.22800000
31.98791700
31.26908300
31.67241700
31.53975000
31.86683300
30.71058300
32.34566700
31.48491700
32.50012500
30.13437500
31.82716600
31.74912500
33.36787500
31.69045900
31.87295800
33.82783300
33.98954200
33.70337500
31.84795800
32.18075000
31.91154200
31.80270800
30.59512500
31.63366700
31.89229200
30.47679100
31.54766700
32.08787500
32.09670800
30.22887500
31.17725000
31.11895900
30.89150000
31.36462500
30.94583300
30.27154200
30.95833300
31.02712500
30.98600000
30.65287500
30.93283300
30.04650000
27.82825000
28.27966700
28.01841700
27.82920800
29.42916700
27.86066600
28.50175000
31.32766700
30.04616700
28.07508300
28.48600000
29.36887500
29.29758300
29.48383400
29.27404100
27.98083400
28.44633300
29.00329200
28.06608300
29.64987500
28.10270800
27.75408400
29.59279100
29.25687500
28.07633400
29.81270800
30.89620800
28.52266700
27.79675000
28.10537500
29.98712500
29.68158300
29.94416700
30.27450000
29.79333300
28.04395900
27.70100000
27.42795800
27.24433300
27.41458400
27.61141600
27.22533400
26.45454100
25.19441700
24.99700000
25.35716700
24.88316600
24.69654200
25.32820800
25.16737500
25.12404200
25.17237500
25.48412500
25.28100000
26.75641700
27.94679100
27.11841700
28.09487500
27.92208300
27.83479200
28.17033300
30.68416700
30.23008300
30.62983400
30.32008300
30.53591700
30.60941600
30.67383400
30.39700000
30.47712500
30.54670800
30.57775000
30.63429200
30.48508300
30.73166700
30.63912500
30.81612500
30.87245800
30.72929200
30.76633300
30.91862500
30.02150000
30.06454200
30.07537500
30.19545800
30.02729200
31.46041600
30.67675000
31.66341700
31.37333300
32.69495900
31.44520800
30.11650000
30.98254200
32.12358300
32.67454200
29.93237500
29.58262500
30.62195800
30.11795800
30.12362500
31.52000000
31.27579200
29.44925000
32.41316700
30.73708300
29.68154200
33.70350000
32.04350000
31.39404100
30.67575000
30.00920900
31.72920800
30.61758300
31.55416700
30.27520800
31.48608400
31.25929100
33.96237500
31.60654200
30.67612500
31.82016700
30.55745800
30.19083300
30.73491700
31.01150000
31.60958300
29.77683400
30.37750000
29.84583300
30.38912500
31.00450000
30.61137500
30.96520800
31.14591700
30.40650000
30.53050000
30.87900000
30.30425000
29.18341700
27.84733300
28.49741700
28.77604100
28.26887500
28.25829200
28.46166700
28.03566600
28.16566700
28.01120800
28.05008400
28.90108300
30.56366700
31.00291600
29.68045900
31.10525000
29.78408300
29.85204200
29.81600000
28.15575000
27.52983300
30.37933300
29.08800000
28.17454200
28.62183300
27.95933400
28.27900000
29.60612500
28.21033300
30.36662500
30.44604200
29.80920800
29.43437500
28.61850000
27.35104200
27.03479100
27.76858400
27.21416600
27.43312500
27.58366700
26.12162500
25.26816700
25.19187500
25.11587500
25.14375000
25.20208300
25.07804200
25.27308300
25.18070800
25.20312500
25.42033400
25.52337500
26.38554100
27.42779200
27.57425000
27.44779200
28.13137500
28.44679100
28.28833400
30.36708300
30.37258300
30.32133400
30.69954100
30.41095900
30.18125000
30.73820800
30.22770800
30.46158400
30.76083300
30.16366700
30.19691600
30.51958400
30.52854100
30.51150000
30.69837500
30.40408400
30.53020800
30.59845800
30.17245900
30.36695800
30.56370800
30.11062500
30.31350000
30.26712500
30.30416700
31.71333300
32.82029200
32.51133300
30.41425000
31.97983400
31.55304100
31.89166700
32.92004200
31.52420800
30.32679200
31.39704100
31.79754200
30.39987500
31.41858300
31.71966700
30.17700000
31.61458300
30.43970900
30.26695800
30.34316700
33.06454100
30.38229200
29.68929200
31.44862500
30.43941600
30.32354200
29.79058300
31.35204200
30.14558300
30.45787500
31.75862500
30.36604200
31.30466700
32.51525000
30.40108300
28.79870800
9.58812500
30.17929200
9.12358300
31.08608400
9.31225000
29.25933300
9.46112500
28.15412500
9.09758300
29.01991700
9.32062500
29.15170800
9.27825000
29.19958400
9.19758300
29.50270800
9.18133400
29.81595800
9.12108300
29.39229200
9.20687500
29.80725000
9.23725000
29.64200000
9.39258300
30.18900000
11.08545900
30.57770800
9.42483300
29.63454200
9.69483300
33.76966700
10.99016700
33.82908300
10.45350000
33.51004200
11.11470800
37.47391700
11.73758300
37.60341700
12.87554100
41.70454200
12.77979200
43.97491600
14.18283400
39.82475000
12.16170800
41.19933300
12.00762500
40.92304200
12.45562500
39.15087500
12.93733300
38.28937500
11.99375000
37.82154200
11.91412500
39.64450000
12.18687500
38.07887500
11.90025000
38.24233300
11.74525000
37.51383400
11.44170800
38.67700000
11.84000000
41.18366700
12.23370800
40.87416700
12.97875000
40.06450000
11.50458300
38.14908300
11.24295900
37.96270800
11.15566700
37.89850000
11.33425000
37.76779100
11.16295900
37.62187500
11.31250000
35.50708300
9.86729200
33.18750000
9.93329100
32.80670900
8.96587500
29.97704100
8.71933400
29.48329100
8.88137500
29.61716700
8.18266700
26.86279100
8.47616700
28.50616700
9.21870800
30.25579200
9.15633300
29.85625000
9.15658300
29.70204200
9.28387500
29.96887500
9.08837500
30.12575000
9.27479200
29.69725000
9.10533300
30.06200000
9.25379200
29.80466600
9.12287500
29.61883400
9.26795800
29.52491700
9.10558300
29.25470800
9.09120900
29.62929100
9.45454200
31.89645800
10.20387500
32.48387500
9.21300000
32.48445900
10.27700000
32.15575000
9.15512500
33.03758300
10.23054200
32.76995800
10.33608300
33.18941700
10.51204200
32.71916600
10.58325000
33.30062500
10.19708400
32.97150000
10.53541600
32.78529200
10.46795800
32.81808400
10.42762500
32.94891600
10.52095900
32.94712500
10.38712500
32.79104100
10.11075000
33.18354200
10.52129200
33.16262500
10.24295800
33.19108300
10.15850000
33.33116700
10.54658300
33.63995900
10.31508300
33.08812500
10.28683300
33.23929200
10.20933300
33.34254200
10.13220800
33.14720900
9.99320800
33.70004200
10.17337500
33.70275000
10.27783300
33.44483300
10.12583400
34.01408300
10.21295800
33.45120900
10.14604100
33.12795900
10.11841600
33.71204200
10.19712500
34.17829200
10.37379100
33.34558400
10.37250000
33.26104100
10.49783400
33.65416600
10.32962500
33.48879200
10.36904200
33.33795800
10.15658300
33.24433400
10.26129100
33.71854200
10.11883300
33.63983400
10.18933300
33.93683300
10.24800000
33.58345900
9.64779100
30.40887500
9.04900000
30.27841700
9.05937500
30.41320800
9.14595900
30.13695800
9.25550000
30.56945800
9.29870900
30.50983300
9.06904200
30.10983300
9.25333300
30.35050000
9.42920900
30.32470800
9.50304200
30.34412500
9.04287500
30.12483300
9.26420800
30.15433400
9.25887500
30.02466600
8.99170900
30.65800000
9.47887500
30.32904100
9.12000000
30.23783400
9.53241600
31.97600000
9.21716700
30.46879200
9.19766600
30.15291700
9.42545800
30.02787500
9.27695900
30.32683300
9.22970800
30.11825000
9.40816700
30.65416700
9.11175000
30.49362500
9.31458300
30.66595800
9.76441700
34.56525000
10.40100000
33.91858300
10.18537500
33.58383400
10.21616600
33.30295900
10.33420800
33.15808300
9.84870900
32.97137500
9.89162500
30.93745800
8.65762500
29.42033300
8.83233400
29.45616600
8.88075000
29.05216700
8.80183300
29.09225000
8.88287500
27.01700000
8.21862500
26.50612500
8.09670900
27.27316600
8.13433400
26.64620800
8.36954200
26.88495800
8.02270800
26.66545900
8.07766600
27.42512500
8.64354200
26.91137500
8.41725000
28.20854200
9.23345800
29.68845800
9.20050000
29.54304200
9.15850000
29.37683300
9.28066700
29.86933300
9.24533400
29.56508300
8.99216700
33.40833300
10.00725000
33.09212500
10.11020800
32.95420900
10.04170800
32.77950000
9.96420800
33.41608400
10.47612500
33.37350000
9.97687500
33.05958300
9.97608300
33.55683400
10.19329100
33.44633400
10.19220800
33.53945800
9.92612500
34.78750000
10.45754200
35.75662500
10.17283300
35.45091700
11.35350000
36.73170800
10.22629200
40.53462500
34.63925000
11.85558300
36.10570900
10.16775000
34.50262500
10.98500000
35.41725000
10.32308300
34.68925000
10.23262500
35.38058300
10.56858400
34.44591600
11.07583400
35.50991600
11.59462500
37.13029200
10.90520800
35.54262500
10.07120900
34.74454100
10.15379200
35.01216700
9.98383300
36.30829200
10.09966600
33.28770900
10.18133300
34.67266700
10.11179100
34.91725000
9.95695900
35.41875000
9.98437500
34.80387500
9.93320800
36.28583300
9.91429200
33.21404200
10.21929100
37.58241700
10.23883300
35.08841700
10.17016700
33.45512500
10.74529100
35.66525000
10.84745900
35.44737500
10.05658300
33.05920800
10.27891700
34.29929200
10.42112500
34.86275000
10.17587500
34.28250000
10.50525000
32.71945800
10.18291700
32.89541600
10.61145900
32.16545800
10.07720800
32.49233400
10.20237500
32.31316600
10.64141700
33.19241700
12.10537500
33.25483300
10.51654200
32.10845800
10.37620800
32.50862500
10.54729200
32.30570800
10.64291700
31.94333300
10.52845900
31.21979100
10.63312500
31.59829200
10.37775000
31.00395800
10.55158400
31.49433300
10.75537500
30.98420800
10.68562500
30.56691700
10.67541700
30.70958300
10.19062500
31.82454200
10.30412500
32.48341600
10.48300000
31.73237500
10.25091700
31.50300000
10.30308300
31.02795900
10.43516600
28.39433400
9.44500000
31.08320800
10.84316700
31.85079100
10.39841700
29.55000000
8.99383300
29.99866700
9.10604200
28.99591600
9.32583400
31.15691600
10.56800000
35.47233400
11.61295800
35.78495800
10.86650000
38.41983400
13.31454100
38.00370900
11.97091600
38.40462500
12.20525000
37.64779200
11.64404200
37.27770800
12.07345800
36.59379200
12.02791700
37.73745800
11.24533300
37.17045900
11.09012500
37.59416600
11.79316700
37.86908300
11.49600000
37.86812500
11.40833400
37.79454100
11.03620900
37.78812500
11.53604100
35.04154200
11.01583300
35.59683400
11.01975000
34.12341600
10.38625000
35.49154200
10.08329200
36.63320800
10.19987500
35.79475000
9.98904200
36.15516600
10.81220900
35.01491600
10.36908400
35.05625000
10.10270800
36.14841700
11.43704100
34.51500000
10.27975000
35.71450000
11.10170900
36.26616600
11.02229200
35.52745800
11.48429200
35.46137500
11.76383300
33.90812500
10.30212500
33.90254200
11.02870800
37.28854200
11.56141700
36.52225000
11.39633300
36.44283300
11.38941700
35.19429200
10.50725000
33.35225000
11.26491600
32.52991700
10.89470800
36.17745900
10.78979100
35.32583400
11.52341600
35.77287500
10.29883400
34.98629100
11.07729200
33.41229200
10.93041600
35.10933400
11.46233300
36.77979200
10.28987500
40.38962500
13.62529100
39.22729200
12.19091700
77.15670800
42.09900000
41.57558300
11.58883400
36.97954100
11.45941700
36.76883300
11.67479200
38.48520800
11.42666700
36.13537500
11.58429200
36.60233300
11.41075000
36.70258300
11.54866700
36.67558300
11.43237500
36.60608400
11.39375000
37.37075000
11.63195800
36.76333300
11.47775000
36.45579200
11.43625000
36.80662500
11.45466700
36.72966600
11.50775000
36.54445900
11.35295800
36.33854200
11.79795800
36.12516700
11.90841600
36.07008400
11.51808300
36.86666700
11.61362500
36.37562500
11.53979100
37.32150000
11.87941700
37.64079200
12.69991600
37.84925000
14.21637500
42.22229200
12.39466700
35.78175000
11.58641600
35.92833400
11.75820800
35.37287500
11.77704200
36.33300000
12.08512500
36.28079100
11.57445900
35.72583300
12.56129200
35.54133300
11.67725000
35.97891700
11.86979100
35.92266700
11.93100000
35.60804200
11.88645800
35.75058300
11.90037500
36.35483400
11.49645800
36.41058300
11.63512500
36.58154200
12.43466700
39.10400000
15.67320800
41.83416700
11.85754100
38.37462500
13.66004200
39.35741700
12.22183300
37.46270800
11.55670900
37.51083300
12.30783300
43.02725000
13.90787500
44.20570900
13.68454100
44.31187500
13.96258400
52.66841600
13.91775000
47.49545900
16.04825000
47.20637500
14.61150000
49.55925000
14.79137500
47.06150000
14.59175000
49.35670800
13.94858300
47.27395900
15.50204100
47.82575000
13.75412500
62.43187500
17.21500000
55.72533400
14.69987500
49.51970800
14.03820800
42.43375000
13.35795900
42.14433300
13.64470800
41.66258400
12.03645800
35.84883300
11.68225000
36.37675000
11.70062500
36.26920900
11.62358300
36.48987500
11.42641700
36.45833300
11.81458300
35.98475000
11.78195900
36.09112500
11.24304100
36.21062500
11.35858400
36.84137500
11.28745800
36.43687500
11.43962500
37.07025000
11.62408300
32.61220900
10.01170800
31.62458300
10.41725000
30.00233400
9.06754100
28.24325000
9.05229200
28.21104200
8.91137500
26.82970800
8.19116700
26.94100000
8.33016600
26.29916700
8.12775000
26.81345800
8.51433400
26.15745800
8.50887500
26.61591700
8.65241600
28.58854200
9.21545800
28.87704200
9.43995800
28.78966700
9.19879200
29.02787500
9.08025000
29.22295800
9.26600000
28.97225000
9.12979200
28.80437500
9.36687500
29.29820800
10.01854200
29.36233300
9.20362500
28.77916700
9.14691600
29.57454200
10.16912500
32.64441700
10.30316600
30.41570900
9.24620800
32.85266700
10.06795800
32.88729200
10.23337500
32.64791600
10.13804200
32.97337500
12.26391700
34.78670800
10.35583300
32.43745900
10.34220800
32.68804200
10.15420800
32.36962500
10.58829200
33.25620800
10.69783300
32.35591700
10.32387500
32.55933300
10.71650000
36.01141700
10.35191700
32.79150000
10.23316600
34.21620900
10.36375000
34.58004100
11.07587500
33.24816700
10.48195800
36.10187500
11.49458400
34.13454100
10.56266700
34.26054200
10.80637500
33.74004100
11.80050000
33.89866700
11.63691700
32.93216600
10.39200000
34.13579200
10.56737500
32.29191700
10.28041600
33.92004200
10.43329200
34.19129100
10.66808400
32.82550000
10.43366600
34.14158400
10.44295800
34.15145800
10.53404200
32.37079200
10.56329100
35.83670900
10.42783300
32.52341700
11.16095800
34.08370800
10.28675000
35.98758400
10.47370800
35.00729200
10.29670800
35.16058300
10.19512500
34.03391700
10.07129200
34.01454100
10.11012500
33.71204200
10.16962500
33.86020800
10.42770900
34.26270800
10.22833300
33.78916700
10.14604200
34.20362500
10.32795800
33.80158300
9.88558400
33.25179100
9.02766700
30.16791700
9.12616600
30.26000000
8.85420900
30.72408300
9.58187500
29.86166700
9.44683300
29.19758300
9.35650000
28.96804200
9.22533300
29.01441700
9.54062500
29.94916700
11.62495800
35.30220800
10.93133400
33.70291600
11.36354200
35.14037500
12.63075000
36.65587500
12.01654200
37.29637500
12.15133300
36.40437500
11.58587500
37.02095800
11.91608400
37.01200000
11.79829100
32.74087500
10.31979200
32.26612500
10.43875000
32.57483300
10.48508400
33.01591600
10.64979200
32.47391700
10.48379100
32.62800000
10.63437500
32.59266700
10.93504200
33.34066600
10.29108400
31.85879100
10.30879200
32.10683300
10.17566700
32.17841700
10.33891600
30.53391700
9.23495800
28.36933400
9.17045800
28.31250000
9.10933300
28.43008400
9.22983300
28.39479200
9.63733300
25.97025000
8.72325000
26.66187500
8.40070800
26.09358400
8.55483300
25.94883300
8.32000000
26.16550000
8.33154200
26.36683300
8.65895900
25.99975000
8.59137500
27.55270800
9.33991700
28.78116600
9.23829200
28.72754200
9.28079100
28.92883400
9.35595800
28.62745800
9.31579200
28.85612500
9.56420800
32.24200000
10.26233400
32.19050000
10.35979100
32.12254200
10.32870800
32.34979200
10.44279200
32.49291600
10.19333400
32.50200000
10.16850000
32.48025000
10.08829100
32.56016700
10.81375000
32.36283300
10.09791700
32.37137500
10.10695800
32.91479200
10.30120800
32.54295900
10.51920800
36.02895800
11.72558400
35.26508300
10.30154200
35.05254100
10.63875000
37.54379200
11.79225000
38.71075000
11.88291700
38.53420800
11.60791700
37.95566600
11.63179200
38.14941700
11.64775000
37.86133300
11.38100000
38.01404200
11.41537500
38.01958300
11.62279200
37.85050000
11.44325000
37.52658300
11.37287500
37.78941700
11.50745800
37.67975000
11.66608300
35.55745900
10.19495800
33.78345800
10.57791700
35.77354200
10.09850000
36.61325000
10.16662500
33.29195800
10.69845800
34.18441700
10.11162500
36.84579200
10.52912500
34.79058300
10.17566700
34.31816600
11.06204200
35.30204200
10.57208300
32.42716700
10.41920800
35.06925000
10.21279200
32.85879100
10.21625000
34.91800000
11.19408400
36.70616600
11.10150000
35.39475000
10.81987500
34.83470900
10.45983300
34.70241700
10.15725000
34.16333300
10.27420800
33.45237500
10.19041700
34.23937500
10.09462500
33.73425000
10.35404200
33.53033300
10.04916700
34.01091600
10.19166700
34.09266700
10.04066600
33.85900000
10.22341700
34.69629200
10.34108300
34.37066700
10.08545800
34.53566700
10.48175000
31.63129100
10.44816700
31.76716700
10.57162500
31.18262500
9.65087500
28.14541600
9.28341700
28.39070800
9.54120900
28.72712500
9.66379100
28.30283400
9.17741600
28.42645900
9.40333300
28.50308300
9.50804200
31.17466700
9.00616600
28.59237500
10.77375000
32.05225000
10.56495900
32.44179100
9.36600000
30.61766700
9.14170800
29.48416700
10.52212500
30.79650000
10.37437500
31.24204200
9.47766600
28.94058400
9.36570800
28.74166700
9.56766600
30.47095900
10.92262500
32.18495800
10.12420800
31.27883400
9.90958300
31.62904200
9.08391600
27.98516700
8.95070800
28.71125000
9.02904200
28.09520800
9.07670900
28.14387500
9.16904100
27.93508400
8.87358300
25.52200000
8.27300000
25.53970800
8.13183400
25.54795800
8.17829200
25.45012500
8.21566600
25.87495900
8.34854100
25.71279200
8.32304200
25.64587500
8.18679100
26.03833400
8.81554100
26.82416700
8.57620800
26.41720900
9.14404100
29.10750000
9.47945900
28.38141600
9.49037500
28.36512500
9.33216700
28.66520800
9.49945900
28.72895800
9.63516700
31.42787500
10.47700000
32.10312500
10.22108300
32.72145800
10.29666700
32.98829200
10.28341600
33.16116700
10.33995800
32.73308400
10.58850000
32.60287500
10.53037500
33.55350000
10.36945800
32.98275000
10.61587500
34.93954200
11.53425000
36.16529100
11.44766700
35.09895800
11.06495900
35.12225000
10.80545800
35.64020800
10.62762500
35.86737500
10.32079200
37.78916700
10.28770800
36.00820800
11.51170900
35.32912500
11.72775000
36.45737500
10.49191600
34.43162500
10.66950000
36.01070900
11.48841600
36.39966700
10.61208300
36.11512500
10.49537500
36.54870900
11.78183300
34.93875000
10.47508300
34.40066700
11.01404200
36.34712500
10.56175000
34.42025000
10.45341600
33.47654200
10.41437500
35.43054200
11.08408300
34.16058300
10.62662500
34.24183400
10.49354100
33.13445900
10.59095800
34.70979200
10.75004100
32.47800000
11.63779200
32.92320800
10.71854200
32.51333300
10.61200000
34.03083400
10.83637500
32.67520800
10.59554200
31.55229100
11.60729200
34.86495800
10.57720900
32.35929100
10.49566700
31.28520800
11.16120900
33.91725000
11.19937500
33.50929100
10.62975000
33.16579200
10.50508300
31.16629200
10.81800000
31.41366700
10.74179100
32.32050000
10.19354200
32.81537500
10.13437500
33.05845800
10.27550000
32.20783400
10.05695800
32.90045800
10.23758400
32.55000000
10.08170800
33.04825000
10.16500000
32.92908300
10.03516700
32.71958300
10.02954200
33.34650000
9.36825000
29.57841700
9.33183300
30.62345800
8.90441700
29.31562500
9.18754200
29.26025000
9.27208300
30.40425000
9.34654200
30.90158300
9.28212500
29.42991700
9.12400000
29.35437500
9.42650000
29.53404100
9.12162500
32.31958400
9.27108300
30.75966700
9.27541600
29.23941700
8.91495800
30.96108400
9.32691600
30.87179200
9.15887500
33.50666700
11.90116600
31.81962500
10.34179200
31.76175000
12.05895800
32.66308400
10.25854100
32.74670900
10.26750000
31.71220800
10.08083300
31.68391700
10.07366700
31.99066600
10.23029200
29.39429200
9.04329100
27.99350000
8.96825000
28.20191700
9.10879200
28.03929100
9.06375000
27.99520900
8.98879100
26.52816700
8.46116700
25.98337500
8.87620800
28.08308300
9.52883400
28.63025000
9.09275000
28.46645800
8.96787500
28.46070800
9.23787500
29.52054200
10.91920800
33.23058400
10.47312500
32.99233300
12.27737500
38.36504200
11.93495800
37.03875000
11.91662500
51.16062500
15.13108300
37.21562500
12.33179200
38.86083300
12.79679200
39.14854200
12.54191600
40.82308400
14.58045800
43.39629200
13.47483300
43.12645800
14.58670900
51.64641600
15.81275000
52.84766700
15.68904200
51.01991600
15.72387500
50.33212500
15.12062500
47.71320900
13.22616600
53.26208400
16.13254100
51.01950000
46.01837500
13.89875000
47.39379200
13.67566700
44.43941600
13.58537500
44.54404200
14.01704200
43.86500000
13.70725000
38.91120800
11.81283300
38.35604200
11.85712500
37.17416700
12.00195800
36.54475000
11.56166700
36.50425000
11.82016600
35.83458400
11.72575000
35.89595800
11.65854200
36.00808300
11.70279200
36.64258300
11.80570800
37.94137500
11.48383400
37.23283300
11.90512500
36.33783300
11.89362500
35.59383400
11.78745800
35.72058300
11.47337500
35.71887500
11.67650000
35.57416700
11.59091700
35.46591600
11.81695900
35.05025000
11.90408300
35.78162500
11.76341700
36.05179100
11.94783400
35.64462500
12.19887500
35.12979100
11.75870900
36.33279100
12.06695900
35.51458300
11.97358300
35.28016700
11.72295800
35.53595900
12.28875000
34.84529100
12.20045900
34.37641600
12.42933400
34.52758300
12.18462500
34.31641700
12.22695800
31.48441700
10.84262500
30.13291600
10.59466700
30.83308300
10.55904200
30.50845800
10.61500000
30.17891700
10.36712500
30.35420800
10.68941700
30.56787500
10.70254200
30.64541600
10.40912500
30.71066700
9.27462500
31.13258300
9.57745900
26.60133300
9.28166700
27.39850000
9.91954100
26.35495900
9.76841600
26.88183400
9.53229100
28.04808400
9.71458300
26.27820800
9.47662500
28.89333400
10.27850000
29.54450000
10.82354100
28.31020900
9.73516600
26.54679200
9.60691700
28.17820800
9.97350000
28.58000000
9.56304200
29.26950000
9.64929100
28.34120900
9.19387500
28.82954100
9.51945900
29.58583300
9.69266700
28.58687500
9.70750000
27.43216600
9.63291700
28.86020800
9.89670900
28.24450000
9.30037500
27.98129100
9.40166700
27.85441700
9.39429100
27.73666700
9.32679200
29.18750000
10.52304100
30.53245900
10.06408300
29.40512500
9.93004200
29.21483300
10.33458300
25.69604200
9.47595800
25.01079200
9.11500000
25.09420800
9.52954200
24.86850000
9.57695800
23.96416700
9.54870800
24.15725000
9.59450000
25.78350000
8.35600000
24.74283400
8.27470800
25.21691700
8.34550000
25.63045800
8.23433300
25.89758400
8.30800000
26.09195800
8.33450000
25.91791700
8.35137500
26.69483300
9.00275000
26.24225000
8.75404200
28.70358300
9.32479200
28.75979100
9.34533400
28.88716600
9.30729200
29.00237500
9.59929200
29.34716600
9.26779200
32.29525000
10.25262500
32.32379200
10.22941600
32.51087500
10.45808400
32.18808300
10.30320800
32.64737500
10.47854200
32.66279200
10.33633300
32.25250000
10.32037500
32.79191700
10.41316600
32.78616700
10.46758300
32.33025000
10.44270900
32.60341600
10.06658400
35.67841600
12.12495900
37.27141600
11.26783400
35.50925000
10.88479100
36.90250000
11.68170900
36.24425000
10.31579100
33.45958400
11.48945800
35.29479200
10.42020800
33.57208300
11.29325000
33.96979200
10.94516700
34.60166600
10.31404200
33.71887500
11.63537500
34.32258300
10.54100000
33.48445900
10.40641600
36.28066700
10.57750000
34.74341700
10.33866600
33.49962500
10.22241700
31.83604200
10.50800000
31.99270800
10.50450000
32.10895800
10.66491700
32.35291700
10.69391600
33.35904200
10.42325000
34.54183300
10.58975000
32.84216700
10.16179200
34.80308300
11.75520800
33.26475000
10.83158400
34.25425000
10.57416600
32.82150000
11.43391700
32.84308300
10.35208400
34.01545800
10.58637500
34.29733300
10.20629200
33.56991700
10.32629100
33.58262500
10.35654200
33.04950000
10.20375000
34.65441700
11.20179100
32.20854200
10.66533300
33.82900000
10.62420900
31.98195800
10.60420800
32.69966700
10.43866700
32.08112500
10.42466600
35.81279200
10.24970800
34.16158400
10.13108300
34.10891700
10.57283300
35.34091700
10.06887500
33.46870800
10.37204200
35.57208300
10.21604200
32.99912500
11.48137500
34.65395800
10.61416700
35.60891600
11.36137500
34.59158400
10.55825000
33.69087500
10.41816600
33.84841700
10.43316700
33.89116600
10.09112500
33.87241700
10.32879200
34.85883300
10.14900000
34.64695800
10.04329200
35.02975000
10.54425000
34.97141700
11.06233300
34.64491700
10.08762500
34.94491600
10.95895900
34.59200000
10.15370800
37.25633300
14.09970900
36.72504100
12.32941700
37.07816700
12.17487500
35.57991600
10.96958400
33.73150000
10.75462500
33.19716600
11.31841700
34.57312500
10.62795800
34.49500000
12.34983400
34.77925000
10.86333300
34.37154200
10.81416600
32.67804200
10.77212500
32.94416700
10.70954100
34.37045900
10.70025000
32.84495800
10.34691700
34.48108300
11.74237500
34.26279200
10.88845800
32.43345800
10.60987500
33.54350000
11.59437500
33.38254200
10.88645800
32.52495900
10.48966600
35.96437500
10.93254200
33.13212500
10.72250000
32.82262500
10.44858300
34.50595900
10.59425000
33.01666600
10.96329200
36.31679200
12.40541600
37.15212500
10.81612500
31.88575000
10.21333400
31.07550000
10.35258300
31.02120800
10.81445900
28.61312500
9.18720800
27.58270800
9.29025000
27.86508400
9.11616600
27.98258400
9.29341600
27.73895900
8.28729100
25.33308400
8.18762500
25.31870800
8.35979200
25.20441600
8.36708400
25.73416600
8.20383400
25.88779100
8.34995900
26.44450000
8.87000000
26.68062500
8.45183300
26.78112500
9.46154200
28.70429100
9.50850000
28.83783400
9.17654100
29.13529200
9.65645800
28.73670900
9.58454100
28.68479200
9.25708300
28.45258400
9.84037500
32.00941600
10.47345900
32.05691600
10.20258400
33.51475000
10.55679100
34.90216700
10.67733300
34.14670900
10.36375000
33.46958300
10.08200000
33.67704200
10.35887500
33.66712500
10.36570800
33.42870800
10.15362500
34.53108400
10.42487500
36.31650000
10.30870800
34.74833300
10.04300000
36.03908400
10.00800000
35.07262500
10.81450000
35.20266600
10.65008400
35.97041600
10.30704200
34.13404200
11.26875000
37.78583300
11.26325000
36.23083300
11.25604200
34.68200000
10.41412500
35.05495800
9.91729200
35.14904200
9.95250000
36.67325000
10.08333300
34.88395800
9.88258400
35.42441600
10.83616700
32.78158300
10.35050000
32.23195900
11.11641600
31.58829200
10.45250000
34.06458300
10.33191700
33.18308300
10.40375000
32.47187500
10.46187500
33.92791700
11.09854200
33.13129100
10.55000000
32.32262500
10.53541700
32.49875000
10.71833300
33.85879200
10.41875000
32.71112500
10.71733300
32.45312500
10.59779200
34.22712500
10.33983300
33.42770900
11.00366600
32.93262500
10.57083400
34.13766600
10.23170900
30.83004100
10.46091700
34.66208300
10.59008400
31.76012500
10.47612500
31.53300000
10.41679100
31.51487500
10.35237500
33.63775000
10.70166700
33.82075000
10.10170800
34.08912500
10.65304200
34.11670800
10.54075000
33.83304200
10.32875000
34.19366700
10.38941600
33.94333400
10.24491600
33.88812500
10.18383400
32.02354100
9.86025000
35.08791700
10.25929200
33.69854100
10.38650000
33.49925000
9.37662500
31.32312500
9.15925000
30.19800000
9.33220900
29.96183300
9.08262500
30.34925000
9.73179200
32.75675000
9.21941600
29.93016700
9.16100000
29.61870800
9.16600000
32.96983400
9.41341600
30.23308400
9.21558300
30.19808300
10.10470900
34.24366600
9.89187500
30.04200000
9.21375000
29.97612500
9.55941700
35.79925000
10.35670800
34.03483400
10.19820800
34.14475000
10.19045800
33.17475000
10.76562500
33.19316700
10.21250000
33.33304200
9.93850000
31.28637500
8.86625000
29.70804100
8.90050000
29.63979200
8.85575000
29.82733300
8.90925000
28.78725000
8.24045900
26.85091600
8.08800000
26.68166700
8.29137500
26.52425000
8.22270800
26.34691700
8.00808300
27.27979200
9.23758300
22.44995900
8.96066600
22.68983400
9.04554100
22.94987500
9.16279200
23.71033300
10.08966700
25.03691700
9.98641600
25.13545900
9.94216600
24.66895900
10.03054100
24.75208400
9.74858300
25.20362500
10.05550000
27.88833300
11.44141700
28.22816700
10.95337500
28.39425000
11.23737500
28.36320800
11.39962500
27.91991700
11.14616600
28.33537500
12.05108400
28.38779100
11.42520900
29.60070800
11.27266700
32.39887500
12.56541600
31.37829200
11.71666700
31.56991600
11.11279200
31.04862500
11.71595800
30.20125000
12.31754200
30.30058300
12.04608400
29.73583300
12.26725000
33.14933300
13.17462500
34.86879200
12.87491700
31.81620800
12.22908300
32.05025000
11.85550000
35.53612500
11.92387500
33.69650000
10.98029200
36.48941700
10.66795800
33.98945800
10.38870900
36.23562500
10.37591600
37.55320900
10.44812500
35.98687500
10.95583300
34.47841700
10.69066600
35.05945900
10.40945800
37.36104200
10.54533300
37.30108300
10.41250000
36.24108400
11.06458300
35.29375000
10.76054200
37.75770800
11.28983300
37.32200000
10.36958400
35.60612500
10.87370800
36.74625000
11.01375000
34.85912500
10.29308300
36.64312500
10.79787500
36.36291700
10.41625000
33.51487500
11.28300000
35.62091700
10.39625000
34.08137500
10.85741600
33.95404200
10.75887500
34.30533300
11.24454200
31.95379200
10.68387500
33.69866600
11.99712500
36.02154200
11.91720800
33.98816700
11.47850000
34.68445800
11.68725000
33.36675000
10.65558400
33.60237500
10.44820800
31.87770800
10.32304200
31.91975000
11.36920800
33.71033400
12.55516600
34.45850000
11.81020900
34.09462500
11.99812500
30.18608300
11.54966700
32.11775000
10.38620800
31.57950000
10.48566700
31.37166600
10.75475000
31.91400000
11.44183400
30.93925000
11.01362500
30.70554100
11.32825000
30.64087500
10.53695900
31.06104100
10.82591700
30.65612500
11.78029200
32.49220800
12.76741700
34.14275000
12.15145800
37.44300000
13.13787500
37.43387500
12.18350000
34.46650000
12.37291700
34.92195800
12.64029200
35.16937500
12.05150000
35.64779100
12.04320900
35.52370800
12.84783300
39.61875000
12.84525000
37.48908400
12.23066600
37.47529200
12.54400000
40.34279200
13.37041600
41.63054200
13.84004200
41.41195800
13.83837500
41.47945800
16.09795900
47.19416600
15.52558400
43.95395800
15.60966700
43.36720800
13.51720800
41.05462500
13.76037500
42.84750000
15.10929200
43.44783300
13.94283400
39.88745800
13.58775000
41.28908300
13.71204200
39.21233300
14.72283400
36.97687500
12.06629100
34.16729200
11.77716700
34.24754100
12.02458400
34.18612500
11.95591600
33.84312500
11.68933400
34.01337500
12.12012500
34.74354100
13.92945900
34.60462500
13.93404100
40.30437500
14.32170900
39.18941600
12.16170900
33.53054100
11.68191700
34.53225000
12.72362500
39.37441700
12.27975000
33.48533300
11.45950000
33.75245800
11.67862500
33.51666700
11.80579200
33.44954100
11.47545900
34.44820800
11.57858300
33.62708400
11.80262500
32.93258300
11.64712500
31.28483300
10.19112500
29.77145900
10.47295800
29.62558300
10.07666700
28.02208300
9.21091700
26.57487500
10.05933300
27.95020900
10.96441600
30.97641700
11.16062500
30.62754200
10.42183300
30.19862500
10.53900000
30.11962500
10.50016700
30.81658300
10.38558300
30.55795900
10.80200000
30.40437500
10.59358300
30.65366700
10.54029100
30.17175000
10.42829200
30.07908300
10.61379200
29.49441700
10.59025000
30.77887500
11.35616600
30.24508400
10.27329100
33.76266700
10.47995800
32.26429200
10.95670800
32.44441700
10.06854200
34.30925000
10.30879100
32.75045900
10.59287500
32.37508300
10.43454200
35.25516600
11.37900000
32.99941700
9.79870800
40.63091700
11.71654200
38.76637500
11.99387500
37.99637500
11.42695800
37.67387500
11.35533300
37.91620900
11.33275000
36.85912500
10.18758300
34.63833300
9.91816700
36.46329200
12.01770800
35.08145800
11.11125000
35.26950000
10.74075000
36.45662500
9.88445900
36.31745800
10.31187500
37.71979200
9.97750000
34.71016600
10.78129200
35.60462500
11.11020800
40.72562500
11.23962500
40.20854200
11.80870800
83.43950000
11.79708400
52.87100000
12.37062500
61.30608300
15.72750000
59.84608300
15.60325000
68.24183400
17.49112500
62.41737500
14.48929100
67.63537500
19.33495900
68.53604100
14.86279200
66.63887500
20.39837500
66.51991700
14.89150000
63.95870800
19.55041700
65.47445800
14.71520800
63.71312500
14.94395900
66.07020800
27.23558300
79.89808400
16.46533300
65.18100000
21.61658300
68.39508400
18.76891600
84.68037500
26.71504200
91.59629200
26.96025000
88.87008300
21.39083300
101.55954200
22.75262500
97.33987500
19.25529200
92.66733300
17.14550000
98.55737500
16.94833300
81.58391700
17.05041700
95.33537500
23.26170800
128.59645800
22.30691700
141.55916700
30.65025000
175.07191600
29.26612500
150.23583400
28.19537500
122.42029100
22.20904200
127.91241700
116.15387500
22.07229100
35.45750000
121.27762500
21.80479200
99.40795800
21.04920900
118.03541600
88.52870900
20.62933300
116.37108300
25.82075000
99.10441700
15.93787500
97.59200000
16.44566700
100.13054100
19.67733400
91.63429100
16.42970900
104.51070800
26.46208300
90.86654200
16.87491700
115.03941600
20.72662500
97.84962500
29.17783400
98.27708300
16.62554200
103.69300000
34.88125000
132.13400000
29.60808300
302.00175000
24.07512500
142.94712500
32.53341700
144.67279100
25.73479200
126.85666700
25.57962500
122.95520800
31.92554200
121.65841600
29.26570900
136.45550000
29.89308300
116.54383300
40.12162500
131.45841700
27.52741700
97.36158300
16.31137500
89.54991700
21.50429100
96.35487500
20.61429200
93.49929200
21.65912500
117.74262500
36.98933300
145.76683300
28.39558400
124.16875000
31.32304100
126.77187500
25.86833400
119.95816600
21.17387500
120.64920900
27.94870800
113.36962500
22.33845800
106.22491700
25.54187500
100.96350000
19.95566700
110.18037500
22.33325000
115.01233300
19.61516700
92.40291600
17.13529200
104.24637500
23.40329200
111.13412500
20.50429100
110.67016700
23.09708300
115.16437500
28.97725000
117.88183400
21.78812500
113.06675000
26.02962500
109.19629100
29.12312500
114.30404200
19.56016700
117.50862500
28.75595800
123.40187500
27.32841700
116.77595800
23.88245800
131.21916700
27.71750000
93.81270800
16.82141700
95.90562500
26.82766700
102.65041600
17.02991700
83.77433300
16.62295900
95.64291600
21.58195900
83.13329100
17.64650000
95.28175000
21.35670900
103.00058300
25.92437500
99.20008300
16.86466700
103.44662500
22.19404200
89.28329100
17.14800000
83.45529200
22.24670800
90.64341700
16.82250000
94.10804200
16.67816600
84.36608400
17.34375000
93.39758300
22.34350000
100.94379200
17.01933300
100.10995800
17.31191700
98.62091700
17.26054100
83.75291700
16.62612500
96.57191700
26.98666600
88.77258400
30.28370800
105.70312500
17.88341700
106.00029100
16.43312500
85.57241700
16.83120800
120.81458400
16.63037500
104.96695800
17.83820800
131.55762500
31.26675000
127.09720900
18.02175000
78.84966600
17.20070900
92.35537500
23.83208300
88.07941700
17.31687500
91.63883300
16.50654200
78.37000000
29.35395800
86.84225000
18.85133300
71.32741700
20.79912500
62.10087500
16.27550000
65.47012500
15.88666700
72.91645800
21.86654200
75.14937500
16.69929100
67.84229200
16.30550000
77.52250000
18.89208300
70.82858400
16.25475000
74.72345800
22.49233300
74.92250000
16.77966700
62.35770800
19.43600000
97.76000000
19.23783400
79.36612500
18.45354100
86.37954200
20.47754200
95.84570800
19.75383300
82.57229200
19.88008300
109.04191700
19.36933300
77.17933400
18.88258300
85.10904200
24.21375000
78.20858300
15.83900000
88.74641700
26.92275000
89.07675000
17.16695800
80.62895800
23.68929200
78.64175000
19.67683300
88.58500000
23.06291700
88.15079200
19.30870800
88.11079200
22.06204100
80.59170900
19.61075000
59.60233300
15.81845800
71.73275000
19.89300000
78.70712500
20.53941700
85.63054200
19.63637500
79.51820800
23.94983300
87.55383400
23.21958300
79.04558300
19.47941700
81.20133300
28.43533400
92.26062500
24.80820800
90.23312500
19.68845800
88.53983400
24.25070800
81.49650000
19.32112500
81.90150000
34.28895800
79.75750000
29.18316700
93.37787500
19.30162500
89.49962500
23.01645800
82.36712500
28.07283400
88.00004100
28.74050000
89.08512500
27.77041700
102.20075000
19.96054200
96.04862500
31.06945800
125.31404200
35.95995800
136.76200000
24.28929200
142.62687500
18.98025000
90.71566600
27.89545900
96.97508300
24.09945800
174.35266700
23.75783300
110.96033400
22.92345800
119.07187500
26.42775000
123.61725000
29.36891700
132.13562500
19.40320800
89.46516700
19.22133300
99.63425000
24.07204200
127.12295800
38.00862500
147.04116700
38.02066600
114.09833400
28.73550000
102.01887500
23.89158300
106.68241700
24.47708300
108.28425000
24.24383300
102.23275000
29.78125000
103.97241700
33.26329200
124.73770800
24.20462500
129.75400000
28.08266700
108.07737500
32.57937500
119.42429100
31.47545900
103.18808300
28.34508300
101.66254200
27.53550000
95.72995800
24.87425000
103.30850000
29.52195900
109.89075000
23.57720800
102.92050000
27.94154200
99.35679100
24.49020900
100.50904100
28.80262500
101.70304200
27.67062500
94.70341700
27.36745800
112.23054200
23.74637500
109.31304100
23.87012500
107.66341700
23.35545800
100.96341700
28.76637500
104.23625000
29.27375000
102.55845800
27.94541700
105.15641700
29.01220800
106.33983300
29.51783400
104.35683300
27.87254200
100.90120800
30.13150000
107.66620800
31.15691700
118.19195800
28.68045900
100.19087500
29.30654100
105.69658400
29.76495800
123.20470800
28.91970900
108.18983300
31.93358300
114.53725000
29.38720900
103.31087500
29.05208300
107.44145800
29.32654200
112.55295800
23.87833400
109.92883300
29.30720800
121.14154200
29.89287500
107.69825000
29.26366700
118.03304100
28.28395900
104.12279100
28.90150000
115.12058400
25.83916600
115.20962500
26.94495900
106.75491600
30.10287500
98.98937500
26.04395900
124.72595800
28.69404200
117.68595800
23.56375000
104.09104200
19.45841600
89.27933400
30.64308300
91.07354200
31.07916600
111.60808400
24.34762500
112.64270800
28.60750000
102.09858300
25.42975000
115.00829200
30.76516700
117.92216600
31.03562500
103.73595900
27.30650000
107.00150000
31.98387500
114.97462500
27.52750000
104.20945800
27.77679200
107.83891600
29.43625000
116.32241700
24.57475000
125.36883300
23.70820900
128.59279100
34.02350000
101.07133400
30.10741600
97.96700000
24.00287500
95.42808400
28.39237500
90.08629100
24.96104200
62.08866700
16.60254100
51.15500000
17.88979200
15.85604200
13.89550000
14.15212500
14.98237500
14.57645800
13.79137500
13.55875000
13.81475000
13.23750000
12.99129200
11.54716600
11.26995900
11.37341600
11.30270900
11.19762500
11.21091600
11.26191700
11.38145800
11.59966700
11.88729200
11.62983300
11.49879200
12.18233300
11.65779200
16.33758300
16.98833300
16.33112500
16.66933400
16.85787500
16.46962500
16.72575000
16.83462500
16.53545800
16.66058300
17.43208400
16.18670800
16.59270800
16.75720900
16.36150000
16.66250000
16.88800000
16.57700000
16.65804100
16.94208400
16.55166600
16.52616700
16.54091700
16.63420800
16.74975000
16.62070800
16.70695900
16.60575000
16.65654100
16.70866700
16.66362500
16.66329200
16.70383300
16.81895800
16.58479200
16.68745800
16.77937500
16.51637500
16.96487500
17.00033400
16.23687500
16.54900000
16.84812500
16.39766600
16.76779200
17.03212500
16.51083300
16.61029200
17.15383300
16.26008400
16.57491600
16.89979200
16.54700000
16.66141700
16.84995800
16.47312500
16.69200000
16.86312500
16.50095800
16.61795900
16.95800000
16.44916600
16.75537500
17.07637500
16.45125000
17.59325000
16.71458400
15.80829100
16.67895900
16.72037500
17.39050000
16.07854100
17.21383400
16.17066600
16.92658400
16.95950000
16.60104100
16.36733400
16.90354100
16.65166700
16.48837500
17.04037500
16.97166700
16.45408300
16.72150000
17.21950000
24.06179200
19.72350000
15.18312500
18.48645800
16.92145800
19.04170900
18.27220800
56.12366700
42.94379100
42.41804200
36.40087500
51.79791700
54.06508300
42.29162500
46.70225000
49.77037500
71.12854200
85.64362500
64.38475000
42.21620800
61.12595800
45.89650000
56.88270900
62.41029100
51.71908400
63.63758300
43.89066700
117.44237500
54.90491600
22.51404200
20.96470800
21.64283400
22.12483300
22.98262500
23.04783300
21.73679200
23.38725000
21.38308300
21.48645900
21.97854100
20.57191700
21.53662500
22.29666700
21.82129100
21.47116700
22.36412500
21.19237500
21.86429200
21.36470800
21.11512500
20.53087500
22.00554200
21.31191600
21.30295900
21.20662500
20.79095800
18.47283300
18.82887500
20.02120900
16.66720800
17.46141700
16.23162500
18.75270800
16.03433300
16.29491700
16.34487500
18.91025000
18.96854200
18.42025000
18.06904100
17.80387500
20.49037500
18.88741700
24.24329200
22.39466600
21.27545900
20.40229100
17.65575000
18.27491700
19.78575000
17.67729200
19.84687500
18.65616600
18.64700000
16.95404200
19.89637500
20.14854200
18.82258300
18.67604200
19.97991600
16.43037500
17.85875000
16.96991700
16.54062500
16.55012500
16.77137500
16.68062500
16.53970800
17.44612500
15.99233400
13.19854100
14.10854200
14.05975000
13.44129200
13.61508300
13.47937500
13.72408300
13.59545900
13.47062500
13.78400000
13.88541600
13.66016700
13.77729200
13.61983300
13.98754200
13.80175000
14.44770800
14.53075000
14.16600000
13.87179200
13.91062500
14.51600000
13.84833300
14.04387500
14.48920800
14.63154200
14.30929200
13.72595800
13.61708300
14.10591700
14.20437500
13.34320800
13.98183400
16.23441600
13.24487500
14.69854200
16.67291700
16.59666600
17.77412500
15.57020900
16.89441600
16.26570900
17.05312500
16.40425000
16.59929100
16.75650000
16.74291700
16.55737500
16.76070800
16.92320900
16.60291600
16.44925000
16.38166700
16.65629200
16.66795800
16.64566700
16.71183300
16.81075000
16.71500000
16.75375000
16.62687500
16.56008300
16.93629200
16.58729200
17.09620800
17.04616700
15.89229100
16.78845900
17.05895800
16.80591700
16.28541600
16.71812500
16.62845900
16.48775000
16.89754100
16.37012500
16.76916700
16.87383300
16.45533400
16.64791600
16.95850000
16.69354200
16.61041700
17.28025000
15.99175000
16.52929100
16.98670900
16.28529100
20.15804200
17.32133300
13.72304200
16.16266700
17.05054100
16.29150000
16.96320900
16.72345800
16.29920800
16.61329200
17.26383300
15.92379200
16.78391700
16.92129100
16.38816700
16.39220800
17.46154200
16.21641700
16.61795800
16.55320800
16.27516700
16.59725000
16.73670800
17.30716700
16.46987500
16.69429200
16.16500000
16.94716600
16.49929200
16.65958300
17.10800000
16.35704200
16.55550000
16.93350000
16.62145800
17.00041700
16.47575000
17.05075000
16.65591700
16.30200000
16.47308300
16.69662500
17.02983300
16.44583400
16.69829100
17.04037500
16.65358400
16.40041600
16.74862500
16.43787500
17.46737500
16.28462500
16.47670900
16.51308300
17.06908300
16.52095900
16.63170800
16.91762500
16.61387500
17.01791700
16.68808300
16.04545800
16.68050000
16.81541700
16.76616700
16.88908300
16.73587500
16.08016700
16.61537500
16.82437500
16.85150000
16.53629100
17.23758400
17.42112500
15.52737500
17.21666600
16.53170900
16.85537500
16.55637500
16.42366600
16.82875000
15.97795900
16.65820800
16.76975000
16.46204200
16.77145800
16.92908300
16.49825000
16.74937500
16.78391700
16.49116700
16.26091600
16.95050000
16.53162500
16.65287500
16.96758400
16.73033300
16.74158300
16.80912500
16.31379200
16.58095800
16.78154200
16.64770800
16.52891700
16.95137500
16.62133300
16.64050000
16.79708400
16.45533300
16.65616700
17.36487500
16.40812500
16.70425000
16.82408300
16.68920800
16.55145900
16.88966600
16.70395900
16.53912500
17.61479100
15.75604200
16.78812500
16.59462500
16.60754200
16.62354100
16.82308400
16.48337500
16.88083300
16.46312500
16.64437500
17.06495800
17.61820900
15.86083300
16.57333300
16.41987500
16.63333400
16.80820800
16.53400000
16.69900000
16.85995800
16.73679200
16.44583300
17.15175000
16.25033400
16.93704100
16.72370900
16.31116600
16.75520900
16.78016600
16.52375000
16.66879200
16.82100000
16.51079200
16.81054100
15.64837500
18.75637500
3175.12741700
28.39754200
23.08191600
25.15120900
25.77354100
25.32437500
25.61162500
27.16379200
27.71400000
28.05245800
34.43325000
34.23970900
34.01341600
34.82170900
38.91870800
39.43829200
37.61912500
38.34875000
37.49500000
37.06679100
36.77325000
36.88550000
36.32508400
36.56608300
35.98241700
36.02645800
39.06895800
36.38283400
45.86545800
36.57470800
40.82875000
41.85791700
41.93700000
41.99066700
40.87695800
41.97404200
41.90150000
42.15537500
43.00629100
44.24312500
45.02350000
40.93658400
42.29800000
41.48804100
40.37395900
39.44683300
34.66754200
34.05895800
33.58195800
34.06100000
35.21333400
34.84116600
33.93737500
34.13662500
33.92466700
34.82766700
34.36820800
33.88266700
34.68591600
35.36166700
35.06745800
35.36283400
35.29016600
34.81875000
34.92550000
34.30429200
34.34025000
37.01933300
34.47137500
33.51666700
34.18058300
35.40429200
33.09354200
33.86229100
30.35008400
30.60887500
30.39470800
29.97133300
30.27095900
31.25191600
30.20525000
30.16333400
30.05050000
30.54558300
30.24158300
34.67287500
32.38041700
32.53212500
35.77962500
35.27687500
30.52079200
32.92537500
30.44587500
32.19941600
32.85979200
31.70191700
31.32566600
31.01154200
32.63333300
33.97016700
32.13500000
32.05341700
31.40050000
30.98558300
32.35229200
31.96616600
30.59270900
31.74633300
31.11225000
32.16850000
30.15258300
31.73654200
31.99150000
30.45766700
31.63495800
31.45870800
31.49937500
33.53312500
31.11204200
31.71412500
35.06754200
32.26300000
30.69787500
31.85533300
31.40050000
32.68670800
31.48883400
30.23712500
32.55645800
31.73754200
32.92962500
34.84462500
31.03091600
32.56858400
32.10812500
31.90887500
31.88187500
31.01075000
31.26354100
30.19095900
31.59362500
31.69570800
31.92441700
32.69445800
31.64025000
31.09166700
34.48941600
33.74066700
36.40200000
33.73066700
31.56304100
32.21887500
31.13054200
33.16104200
31.93304100
33.49729200
31.90575000
32.36316700
35.67800000
37.95845800
36.52591700
35.80070800
33.33808300
32.27683400
32.54562500
33.39929100
34.17420900
34.06800000
32.40179100
30.76887500
29.83008400
29.85958300
29.70379200
28.84266600
27.13604200
26.52408300
26.77745900
26.76812500
25.98783300
26.58466700
28.62891600
27.14387500
25.41579200
23.80704200
25.05816600
27.55841700
24.70300000
24.59579200
29.45662500
26.84558300
27.67933300
27.00750000
26.70166700
28.51945800
26.80233400
28.19887500
28.84275000
32.56300000
32.20554100
32.93958400
30.66687500
30.65616600
31.27758400
30.09929100
30.51825000
29.09987500
31.75020900
30.68400000
32.51375000
33.45954100
32.60533400
31.84266600
32.04912500
32.71333400
32.98966600
31.80275000
31.62516700
31.76183300
31.94975000
31.29354200
32.77729200
31.92804100
31.87587500
29.88100000
33.15866700
31.43895800
30.99625000
34.62225000
33.99654200
41.74325000
37.88004200
36.21866600
34.35595900
34.50800000
38.19116600
33.69704200
37.66450000
35.27295800
33.82387500
35.82912500
33.66925000
33.59262500
36.38404200
32.35704200
38.12470800
33.36033300
33.00400000
34.69587500
33.14075000
30.50387500
31.49387500
31.88075000
31.15166700
27.78670800
31.32579200
30.29862500
36.18345800
35.96437500
32.40125000
35.74554200
37.77450000
33.89183300
31.93820900
30.40983300
31.33291700
31.36037500
30.43941600
29.86554200
36.27012500
32.95320800
30.44020900
32.00541600
31.76708400
29.21062500
31.57579100
28.91162500
33.46795900
33.33566600
30.26316700
30.29812500
28.38504200
30.53704100
33.16825000
30.77883400
33.51395800
32.59120800
33.77858400
32.49533300
31.69954200
31.68020800
28.73195800
34.34429200
32.07258300
33.03375000
30.20800000
32.33383400
34.06920800
33.66158300
35.07125000
37.40837500
34.96754200
34.76966700
32.96829100
36.12554200
34.13016700
35.20600000
31.93233300
30.45745800
33.41816700
30.20625000
27.97379200
32.84920800
32.09212500
30.80304200
30.19075000
31.75820800
31.44004200
31.77620800
31.93091700
32.39354100
31.13525000
32.20412500
31.45791700
29.88616700
32.90412500
31.41770800
31.12758300
29.97183400
28.37425000
38.83595800
33.08700000
34.84241700
33.28891600
31.78075000
30.08629200
31.87679200
31.73325000
33.35362500
33.88954100
31.86425000
29.91279200
29.33795800
29.23458400
29.47483300
29.37308300
25.50895900
27.28137500
26.56416600
26.34841700
26.08112500
27.07600000
26.41812500
26.29762500
26.23483300
26.44904200
23.63145800
25.20737500
24.28216700
27.67558300
27.66066700
27.18583300
27.76437500
27.32500000
26.04754200
28.73879200
28.45691600
30.74691700
30.16770800
29.40945900
28.78937500
32.01150000
30.37129100
30.12520900
30.40879100
28.42916700
30.69554200
31.54591600
31.58366700
30.35145800
30.78320900
29.97970800
34.04658300
35.15654200
32.73000000
38.44075000
32.92762500
35.25912500
33.68020800
33.53312500
33.99525000
32.70425000
34.63283400
33.54804100
34.40250000
41.72166700
37.64183300
35.64895900
36.77604100
41.30041700
37.06008300
36.74279200
31.49237500
35.14645800
31.49979200
32.58166700
33.85758300
33.06108300
37.58887500
51.70400000
37.17708400
36.65095800
40.14304200
43.20412500
38.66579100
40.19395900
38.31304100
37.02154200
41.90100000
39.19875000
35.61458300
42.57354200
45.74941700
49.08095800
55.29170800
53.29766700
42.16737500
41.55445800
41.83725000
42.24133400
37.87987500
39.63954100
32.99250000
41.56237500
39.40316700
36.63920800
33.95833400
34.74562500
36.57904100
33.95462500
34.66679200
34.57095800
32.93737500
36.19333400
33.50058300
34.47779200
33.62204100
33.68579200
32.03829200
31.99841600
29.20704200
35.05791700
33.89991600
32.55591700
30.87883300
34.59541700
32.49504200
32.61854100
31.46070900
32.41120800
33.50120800
32.45350000
31.87450000
34.29000000
31.47995900
33.96695800
33.78416700
33.82295800
33.17025000
29.28812500
29.99608300
33.57879200
30.70162500
30.08625000
30.64750000
30.42500000
30.34191700
28.89766600
31.19666700
31.72091700
30.01820800
31.52941700
32.12937500
33.44704100
33.38162500
30.33383400
30.22983300
31.56404200
30.07975000
31.33137500
31.25245800
30.89675000
30.90262500
30.30045800
30.36658400
32.36170800
31.66962500
30.24245800
32.18379200
31.94062500
34.53237500
31.65208300
30.99258400
30.64616600
32.69875000
30.96816700
31.93254200
30.37370800
30.91650000
31.21991700
30.80491600
30.39075000
31.85087500
32.58095900
30.09579100
31.32358400
31.00550000
29.57858300
31.24687500
33.26483300
33.07079200
31.12495800
32.69225000
29.94633400
30.05137500
29.94641600
29.64379200
29.22391700
28.84708300
27.63975000
27.73620800
26.62200000
28.21062500
26.48083400
27.55350000
26.63458300
26.64095800
26.98608400
25.98283300
26.71441700
27.58541600
28.12975000
27.81095900
27.60454100
26.72070900
27.64154100
26.50229200
26.20512500
29.11350000
28.84462500
28.94254200
29.58779100
29.39720900
29.42154100
29.27658400
29.31091600
29.35291700
29.97050000
30.42820800
30.26179200
30.51087500
31.34629200
30.28004100
30.52029200
30.43779200
30.67287500
30.13762500
32.75583300
35.29937500
32.89266700
32.32512500
33.22100000
33.18958300
32.75462500
31.98462500
31.63191700
31.38220800
31.92079200
32.52087500
31.23512500
31.69545800
33.07516700
31.61445800
31.28762500
31.02100000
32.26700000
31.60000000
31.94841700
31.85945800
30.63745800
31.73987500
31.07587500
30.74483400
32.06291600
32.99641700
32.26729200
34.01141600
33.75245900
32.83866600
34.35145900
32.63400000
31.28229100
31.70195900
30.62154100
32.07941700
31.98150000
31.08995800
31.63641700
29.65708300
31.20608400
36.44204100
37.99191700
34.04933300
33.64612500
34.78425000
32.65245900
31.06062500
30.89291600
32.00450000
30.43850000
30.60762500
29.60245900
29.89179100
29.49283400
31.27908300
30.59550000
30.81925000
30.97358300
29.83037500
29.50687500
31.69875000
29.50570900
29.64579100
29.36725000
29.21750000
29.36900000
29.24458400
29.69095800
29.75275000
29.55033300
29.40587500
30.08525000
29.50387500
30.77804200
30.41762500
31.40158300
30.45387500
30.00362500
30.75491700
29.56704200
30.23004100
30.06179200
30.60991700
29.91350000
29.19383300
29.57183300
29.03729200
30.06175000
30.52104200
30.12312500
31.27954100
30.35991700
29.90658300
31.53820900
31.14595800
29.64375000
28.83495800
30.34879200
29.86387500
29.92570800
29.83512500
30.86741700
29.75458300
29.75891700
30.99300000
29.25362500
28.62483300
29.52275000
26.87625000
25.94704200
27.31504200
26.02275000
25.76483300
26.23820800
25.93450000
25.53920900
24.92316600
27.72008400
25.88795800
24.96666700
24.36504100
23.84570900
24.28866600
24.08762500
24.08870900
24.46075000
26.51170800
25.97820800
26.11458400
26.48829100
26.59216700
25.30616700
25.52241600
27.91141700
28.46212500
29.01708300
29.01037500
28.40345900
30.25604100
29.17087500
28.96870900
29.06116600
29.56970900
28.63041600
28.81708400
29.89283300
29.35120800
28.75791700
30.66829200
30.94483300
31.50950000
31.70658300
32.70016700
30.59645800
29.28566700
33.34408300
32.25187500
32.12962500
29.60020900
30.07237500
30.22429100
30.32670900
30.58825000
32.97995800
31.49537500
31.57487500
30.32945800
29.19745900
31.87066600
29.74175000
29.53250000
29.71641700
29.98870800
29.07904200
29.92441700
29.90483300
31.49812500
29.60870800
31.82779200
30.65650000
29.78204200
29.50362500
30.70208300
30.23250000
31.41570800
29.89820900
30.44929100
29.80300000
27.85337500
29.98829200
30.18683300
29.68879200
30.35900000
28.83754200
32.14920800
29.93145800
31.18004200
30.09845800
30.64929200
30.04141700
29.46225000
30.43537500
29.59562500
29.94366600
31.64429200
30.72029200
29.34129100
32.34204200
28.86066700
30.51275000
31.17525000
28.98400000
30.48850000
28.60395800
28.20020800
27.75179200
29.39250000
28.53241700
29.20487500
31.07554100
28.82245900
28.29675000
28.99020800
27.74637500
28.87075000
28.19820800
28.07579200
31.33629200
27.93729100
28.29454200
29.29908300
30.01641700
28.42529200
27.26845800
28.65020800
28.57979200
29.03475000
27.05650000
27.25087500
28.36362500
28.79666700
30.31500000
27.36950000
28.15170800
27.87333300
28.09283400
26.94679100
27.39058400
26.69091600
26.39558400
28.87987500
28.87270800
27.69804200
28.05895800
29.19495800
27.85175000
28.26170900
28.63812500
28.50258300
28.00762500
27.87679200
28.02133300
26.98687500
26.84912500
27.55366700
27.27025000
30.11266600
28.63104200
29.07104200
26.45087500
27.37295800
29.51408300
31.86450000
30.32858400
29.72795800
29.45500000
26.21741700
26.69704100
25.91983400
25.41762500
25.79608300
26.50216700
26.40979100
26.00604200
23.33812500
23.70737500
23.90816700
23.56766600
23.49416700
23.33070800
23.58008400
24.02587500
23.42933300
23.51558300
24.34933400
22.38316600
22.07829200
22.73841700
23.56375000
25.42654100
26.46991700
25.92041700
25.87404100
25.98441700
25.16325000
24.89537500
25.15429200
24.02229100
24.73879200
24.75533300
27.93729200
29.47791700
32.28941600
37.10108400
34.02004100
34.59112500
31.57125000
30.00695900
30.86904100
31.40400000
29.22708400
28.38375000
29.52483300
29.59887500
29.50466700
30.24412500
30.09545800
29.85795800
29.42725000
29.88725000
29.81920900
29.67995800
29.60733300
29.77316700
27.32025000
27.50300000
29.17025000
27.19212500
28.89016700
30.25029100
30.60787500
28.77012500
27.81170900
28.03150000
28.12629100
28.88370900
29.13408300
28.03054200
27.85295800
29.28250000
26.04962500
28.53170800
28.44091700
28.52933300
28.45875000
29.25145900
27.57079100
27.51070900
27.75891600
29.14050000
28.66800000
28.36029200
29.45320800
54.27745900
84.00937500
64.95716600
55.94954200
58.58354200
45.12779100
53.98716700
48.54295800
60.63570900
60.01633300
69.14175000
77.87058300
82.53654200
84.88720800
77.50512500
93.23362500
77.67595900
86.61887500
99.99691600
84.90962500
80.88604200
93.40050000
82.93166700
90.50329100
82.71133400
91.64266600
90.19358400
93.35262500
97.44337500
63.26204100
66.77875000
81.75562500
77.08179200
87.25337500
76.91945800
95.05466700
75.05554200
97.06716600
101.45812500
73.24737500
72.54029200
73.70258300
106.63708400
44.08479100
61.44833400
120.73158300
162.03979200
130.00958300
99.84945800
110.90179200
163.46162500
142.18204200
110.28920800
98.39295800
138.40562500
297.78550000
100.30908400
81.72087500
102.01779100
149.46995900
87.43654100
85.81404200
79.32916700
105.25316600
105.68570900
88.17445800
94.69200000
107.26079200
74.41641600
68.08112500
52.76183400
49.60350000
47.15687500
42.00316600
38.80695900
40.07691600
38.53675000
38.09745900
38.28291600
35.56825000
33.52487500
33.05929200
33.62483300
32.69637500
33.83783400
32.66420800
32.85437500
34.28829200
34.78187500
34.52891600
36.96429200
41.06491700
48.07545800
48.13862500
44.56283300
43.70691700
42.34200000
52.46620800
43.54000000
39.33645900
39.57975000
38.59287500
39.18833300
38.23033300
39.16004200
37.12295800
33.71954200
34.40225000
33.09808300
33.31708400
37.05058300
35.26608300
35.82050000
32.71941700
32.91679200
33.24270800
32.69379200
30.86358300
29.81966700
28.80750000
28.79729100
30.42820900
29.25629100
29.22579200
31.07912500
28.72095800
29.66912500
30.03104200
30.08200000
29.34633300
30.06375000
31.64237500
29.40633400
29.86595800
29.32583300
32.46316700
31.70687500
29.64695800
31.21725000
29.73316700
29.00487500
29.14154200
29.44770800
29.33300000
28.90462500
30.66487500
28.72758300
29.93058400
36.47562500
33.72875000
32.66354100
50.88258400
31.82950000
41.03150000
32.67654100
30.86762500
29.67512500
31.75145900
30.89137500
38.68629100
36.21125000
34.73808400
34.57058300
33.50525000
33.53891700
33.07895800
33.17925000
33.44870800
33.36908400
30.90158300
29.07891700
30.78587500
29.66208300
30.14766700
30.54129100
29.81183400
30.17570800
30.49616700
30.62695800
32.27733300
30.11954200
32.96670800
32.50783400
31.42462500
34.05966600
37.06587500
40.93112500
36.40545900
40.13362500
34.50245800
35.45208300
34.16333400
33.81125000
32.16704100
29.19712500
29.29950000
28.85075000
29.20891700
29.11487500
28.95041700
29.01129100
28.81533400
29.02358300
28.64000000
28.69470800
29.54745900
28.80095800
29.23458300
30.81791700
29.71387500
31.05304200
29.84783300
29.22520800
30.19487500
28.85941700
29.02191700
30.80583300
28.82991700
29.42679100
30.91654200
28.66529200
28.79870800
29.07283300
30.09212500
30.28641700
31.45745800
28.73100000
28.28075000
29.54762500
28.87437500
30.46191700
28.92391700
28.77729100
28.40720900
28.55370800
29.05875000
28.84258300
28.57925000
28.83545900
28.60650000
28.92062500
30.15025000
26.11279100
26.72187500
26.14479200
27.10620800
35.60250000
39.39491700
39.00700000
36.50329200
44.43695800
50.26579200
37.59191600
40.81795900
41.95062500
40.52454100
41.83216700
41.57483300
40.61404200
42.14745800
50.22208400
57.96616600
47.87733400
57.47012500
52.10375000
45.83370800
49.01350000
53.01491700
12.85137500
404.68295800
47.18408300
39.13037500
37.51291700
36.84854200
56.89520800
41.77437500
38.14275000
35.47420800
34.52366700
34.58712500
37.74454200
39.99250000
36.21145800
33.15754200
30.56108300
29.48337500
29.52804200
27.70008300
25.97808300
26.25691700
25.90800000
26.48337500
25.95941700
26.55583300
25.78254200
26.19345800
25.68133300
25.66104200
22.81750000
22.51462500
23.61175000
22.50050000
20.01050000
19.99770800
20.41350000
21.03233400
20.51975000
20.70962500
20.49787500
20.34408300
20.19900000
20.23225000
20.24712500
20.59420800
20.57591700
20.37550000
20.44766700
20.71729100
20.62208400
20.47341600
20.38879200
20.47766700
20.40312500
20.49279100
20.81308400
20.57458300
20.81300000
20.51066700
22.66741600
22.82062500
23.06362500
23.06129200
23.01637500
23.47183300
23.17158400
23.10116600
22.33770900
22.68350000
23.13941600
22.90041700
22.66816700
22.90000000
22.86316600
23.01541700
22.92166700
22.68687500
21.51166600
22.97833400
22.73175000
22.91604100
22.79575000
22.78841700
21.52183300
23.45558400
22.80825000
22.80616600
22.51208400
22.49775000
22.33470800
22.33308300
22.47150000
22.85508400
22.92333300
22.83229200
22.85733300
23.12383300
22.92179200
23.16812500
22.91350000
23.00795800
23.13800000
22.98600000
23.30445900
22.82050000
22.96620800
22.98708300
23.12979200
23.07916700
22.93962500
22.80670800
24.26862500
22.99837500
22.61466700
22.91395800
22.73441700
22.48208300
22.88045800
22.74991700
22.84250000
23.11133300
23.02275000
23.16008400
23.16662500
22.78087500
22.83741600
22.76720900
23.13145800
23.22183300
23.17645900
22.78220800
22.98150000
22.59941700
22.82620800
23.48683300
26.57450000
22.64512500
22.77737500
23.14408400
23.27612500
23.03270800
22.99262500
22.74241700
22.99295800
22.80125000
22.97612500
23.13550000
22.89683300
23.21141700
23.26512500
23.16775000
23.80208300
23.52941700
23.49666700
23.44925000
23.49370800
22.74891700
22.70725000
22.48291600
22.44470900
23.97729100
27.66562500
22.93625000
22.65766700
23.09820800
23.07983400
22.73266600
22.77266700
23.13066700
22.86254100
23.08495900
22.81100000
23.20241600
23.22879200
22.74958300
22.48020900
22.83395800
23.39012500
23.24112500
22.96979200
22.86300000
22.52262500
23.03362500
22.94791600
23.06775000
23.23108400
23.34050000
23.51237500
23.51658300
23.02383300
21.10233400
20.37400000
20.43241600
20.71870900
21.00300000
22.05458300
22.01441700
22.09725000
23.71125000
23.36683300
23.42591700
22.10512500
20.29208300
20.30662500
20.50433300
20.58358400
20.78920800
22.51520800
22.64650000
22.39083400
22.58879100
22.38504200
20.14750000
20.19254200
20.07904100
19.75545900
19.75858300
19.80695800
20.28491700
20.09245800
20.33195900
20.04358300
20.12200000
20.00533300
18.38554200
18.23262500
18.31895800
18.41150000
18.32533400
18.35258300
18.55254200
18.25754100
17.98587500
17.94762500
17.87362500
17.99062500
18.39420900
18.81895800
19.40658300
20.89141700
20.55229200
20.52379100
20.57987500
20.67604200
21.05787500
20.39362500
20.58954200
20.88504100
22.99412500
22.85537500
22.70229200
23.01591700
22.77287500
22.99108300
22.73608300
22.88783400
22.95495800
22.89808300
22.92041700
22.72183300
22.91529200
22.79945800
22.97879200
22.74691700
22.78787500
22.89583300
22.61479200
23.56800000
23.85987500
24.19979100
25.07970900
24.66945800
23.27808300
24.40562500
23.05950000
25.05512500
24.97120900
24.14345800
24.76950000
25.45666700
23.05191600
24.95633400
24.30091600
24.05866700
24.27870800
23.24600000
25.42087500
26.20600000
25.85008400
24.23595800
25.76712500
25.52925000
23.68829200
24.31633300
24.28225000
24.31512500
24.38691700
24.29325000
24.35241600
24.51591700
24.32241700
25.28637500
23.12233300
25.70762500
23.53895800
24.11487500
22.99383400
24.38941600
24.63487500
23.12804200
22.85304200
24.43400000
24.90429100
24.17662500
24.21429200
24.19975000
24.30945800
23.10804200
24.45829200
24.33512500
23.27512500
23.02704100
24.76816700
24.40833300
24.48037500
23.51237500
23.21004200
24.34612500
24.21145800
23.73358400
24.45045800
26.11120800
23.34137500
23.94820900
24.34012500
24.08966600
24.71800000
24.51054200
24.60900000
23.56500000
24.33370800
23.08358400
23.02091600
24.67379200
24.70875000
23.30154200
23.78325000
23.96150000
24.40991600
23.18504200
22.98095800
23.17025000
23.38429200
23.17666700
23.23295800
23.19604200
23.36162500
22.91416600
22.94720900
23.29091600
23.00129200
23.26083300
22.84495900
22.82725000
22.84616600
23.23458400
23.07008300
23.02262500
23.43345800
23.18850000
23.25975000
23.42862500
23.18741700
23.58745800
23.25975000
23.04462500
23.24341700
23.33950000
21.07795800
20.61687500
20.51333400
20.93320800
20.83479200
20.58550000
21.04850000
20.84675000
22.62570800
22.99712500
20.74137500
20.67854200
22.23320800
20.79275000
20.33954200
20.67975000
22.03433300
20.50312500
20.92812500
20.96308300
20.77270900
20.82787500
21.36858300
23.27054200
21.91454100
21.41104200
20.71258300
20.76150000
22.06316700
22.12125000
23.23204200
23.32616600
23.05041700
23.61708300
22.51933400
22.57895800
22.66954200
20.88820800
20.48937500
20.64783300
19.86012500
19.79212500
20.82195900
20.39004100
19.94645900
19.89700000
20.29225000
20.39445800
20.32987500
18.95837500
18.51583300
18.64391700
18.61937500
18.70766700
18.57516600
18.66208400
18.58804100
18.69287500
17.99862500
17.94466700
17.87562500
18.18900000
18.24012500
18.70745800
19.68016700
19.71820800
19.86512500
19.90941700
19.80650000
19.92962500
19.78266700
19.67054100
19.80429200
19.81741700
19.96775000
19.75737500
22.17891600
21.44516700
21.53520800
21.71645900
22.06612500
21.90712500
22.06033300
22.58629200
24.33400000
22.65625000
30.37191600
26.66158400
28.46141600
25.43250000
30.43820900
24.80433300
24.54808300
24.87195900
24.41616600
24.73437500
25.14091700
24.85462500
24.95266700
26.13729100
26.43758400
26.87691600
26.15029200
26.23670800
26.94962500
67.25254200
25.13258300
25.07025000
25.18904200
26.82941700
25.00462500
25.11291600
25.00179200
25.05058300
25.16695900
25.36658300
24.83354200
25.02500000
25.15191600
25.07229200
24.86395800
28.54045900
26.34529100
25.07520900
25.39320800
25.42025000
25.70970800
25.26295900
25.93566600
24.39391700
24.52816700
24.54966600
24.36737500
24.93979200
26.13775000
25.12991700
25.02341600
25.95100000
25.44208400
24.96425000
24.99241600
25.25583400
25.38658300
26.49850000
25.73445800
25.64091700
26.19187500
26.29829200
26.50612500
25.00175000
25.15066600
24.94366700
24.79458300
24.98104200
24.72800000
24.69862500
25.26458300
24.79904200
24.65220800
24.32708400
25.23579100
24.74420900
24.84516600
24.63287500
24.86325000
24.98816700
24.87041700
25.02683300
24.78841700
24.84570800
25.17316700
24.98233300
25.23858300
24.85908400
24.39233300
24.17929200
24.95704100
24.85254200
24.76291700
24.88650000
24.69012500
24.91895800
24.92704200
24.88195800
23.94770800
22.31125000
22.09441700
22.08045800
21.88237500
21.95729200
22.13820800
22.06000000
22.18095900
21.89545800
22.27116700
22.18166600
22.27025000
21.86554200
21.98987500
22.40320800
23.33833400
22.06062500
22.27529100
23.63950000
21.91175000
22.09025000
21.88000000
22.60445900
22.19583300
23.45512500
22.62791700
22.05441600
23.53795900
21.84025000
22.86783300
22.19883300
22.03975000
23.39304200
21.85620800
24.62295900
23.03395800
23.37166700
22.68320800
21.76737500
23.44183300
22.01183400
23.32691600
22.03412500
21.90054200
23.02904200
22.05450000
21.79975000
23.21758300
23.22095800
23.47454200
23.75070800
23.85075000
23.88258400
23.86287500
24.35900000
22.00070800
23.27708300
10.36320900
1069.82816600
32.54379200
32.45175000
32.26895800
31.92958400
31.31987500
31.66333300
34.27287500
36.08383300
37.77737500
36.61300000
36.00270900
37.71383300
37.03225000
36.69916700
35.13316600
36.32858400
34.53766600
34.99062500
34.61000000
34.93458400
34.41216600
34.32737500
34.16516700
34.50804200
35.38770800
34.73091700
35.07479100
35.12104200
34.02254200
35.67058300
38.20141700
37.98295800
39.55833300
36.95795900
39.04658300
37.88845800
37.73075000
36.76370900
37.67162500
36.92262500
36.62104100
38.73937500
36.79833400
39.56487500
40.82920800
41.31979200
36.59237500
36.99908300
34.99437500
35.15379200
34.31562500
35.59558300
36.23041700
34.01220800
34.97783300
35.42787500
37.60775000
36.43883400
38.83691600
36.01058400
36.58720800
35.62416700
36.06858300
35.07625000
35.05095800
35.31562500
33.94187500
35.84345900
35.49379100
35.42287500
34.62416700
34.86016700
35.25837500
34.37204100
34.85604200
34.73279200
33.30079100
36.15875000
35.25808400
35.34145800
37.98466700
34.53208300
37.52075000
33.81612500
35.63391700
34.64700000
35.43379100
39.15450000
35.18804200
36.67033300
34.91183400
30.84637500
30.58725000
30.63370800
31.32445800
31.96516700
30.86354200
29.70691600
32.29995900
34.55695800
34.21970800
31.80008400
32.22275000
31.45400000
32.16083300
32.68162500
30.66879200
32.27491600
32.44033400
30.82791600
31.36350000
31.19520900
31.00970800
32.68091700
31.55883300
32.66225000
29.84766700
33.91137500
30.34679100
33.39583400
31.31129100
28.52158400
34.52325000
31.51341600
31.20262500
32.28050000
31.09658400
30.89470800
30.99466700
29.90437500
32.62795800
29.11704200
32.68612500
31.22204100
31.10545900
31.19212500
30.78087500
29.39062500
35.67600000
33.30070800
32.98025000
32.59058300
30.68816700
32.84845800
31.07920900
30.62191600
32.73308400
31.04183300
31.09445800
31.71004200
31.36008300
32.31604200
34.91912500
32.96654200
31.17737500
31.53575000
29.17816600
32.60341700
30.79983300
30.77862500
28.72487500
30.96545900
31.04962500
38.42704100
42.28645900
35.66750000
34.17750000
32.24887500
32.77929100
33.79325000
34.38750000
35.11504200
32.08170800
32.94800000
31.78666700
34.16462500
33.59091700
33.93445800
33.02675000
33.76500000
37.48545800
35.09562500
36.91854200
34.00141700
32.27625000
30.71554100
30.00041700
31.62500000
30.12125000
35.40116700
32.12283300
29.33850000
29.17654200
29.63441600
28.22570900
28.78383300
25.49820800
27.55112500
25.46983400
26.73041600
26.59070900
25.96758300
25.05841700
23.68962500
23.55175000
23.71254100
24.12470900
25.88816600
26.26720900
27.93012500
29.55162500
30.37425000
34.61941600
33.31062500
44.56183400
42.70391600
38.62645900
37.70666600
37.19975000
36.05983400
42.45079100
40.12641700
41.00520800
36.82533400
35.94058300
36.60000000
35.21050000
36.85612500
42.98258300
40.53637500
41.43104200
40.19554200
42.80337500
41.91079100
43.08708400
38.52412500
44.84891600
42.60966700
42.83608300
45.50541700
45.23991700
42.22208300
36.29900000
37.10600000
37.35545800
36.63000000
37.54108400
35.44833300
38.78341700
36.72233300
35.21729200
34.91841600
35.14320900
32.68433300
36.04066700
33.75037500
34.94837500
34.93800000
33.90179100
33.72016700
35.52445800
31.88008400
34.80925000
34.22220800
32.85033300
34.31191700
33.29491700
34.07837500
34.19720800
37.95858300
35.37295900
34.09775000
38.80975000
37.94095800
34.28545800
36.91783400
36.92950000
35.31745800
34.53608300
32.95912500
36.57387500
33.51350000
33.84325000
34.05970900
33.61995800
34.13200000
32.87250000
33.96541700
34.11375000
37.57816600
34.58637500
33.89483400
34.62900000
34.17354100
33.92795900
35.85445800
35.99033300
36.91954200
37.42058300
35.06441700
36.98662500
39.13620800
36.77366700
32.90366700
32.22679100
31.74170900
31.52637500
31.46179100
32.88708400
32.87079100
32.13858400
31.08650000
34.99391600
31.29962500
31.15566700
31.71741700
30.53379100
30.13420900
28.73262500
28.87770800
31.51483300
29.64133400
28.98875000
35.05462500
36.09600000
36.98083300
72.78520800
39.90854200
36.36095800
36.38037500
36.17466700
36.28608300
37.57908400
34.27162500
34.39791600
31.47191700
31.43562500
31.10208300
30.66550000
31.10754200
32.79387500
31.05750000
30.38379200
33.00041600
32.37804200
31.72479200
30.76291600
30.31350000
28.87183400
27.75475000
27.36325000
27.63612500
28.41562500
27.62583300
27.67658300
26.56233400
28.39070800
29.87500000
28.76762500
29.73791700
27.04925000
31.06208300
27.62125000
27.60295800
28.21300000
28.54583400
29.43537500
29.21529100
30.39408400
31.52750000
31.27300000
31.05816600
30.53145900
31.48237500
31.53862500
31.38579100
31.21804200
31.06945800
31.32208400
30.99254100
30.94133400
30.56266600
31.49712500
33.01837500
32.26608400
32.29950000
31.94579100
31.95891700
32.51704200
32.12587500
31.47787500
33.45279100
33.22633400
33.18979100
33.07795900
35.51529100
33.80612500
32.88441700
33.53275000
32.64412500
31.11400000
33.73366700
37.21720800
35.30516700
32.23387500
33.35820800
32.88758300
31.37858400
32.79895800
31.79537500
32.84562500
31.62200000
32.22529200
32.84654100
32.26179200
33.62804200
32.08991600
36.72658400
33.49395800
33.52800000
32.26737500
33.11220800
33.05025000
33.39591700
32.83387500
31.17945800
32.52095900
32.13816600
32.47237500
32.02808400
31.84504100
33.37987500
32.67279200
32.64020800
31.41387500
32.82429200
33.13029200
35.35195800
34.30220800
32.82512500
32.59695900
31.38337500
32.39925000
32.96766600
32.03870900
32.16033300
30.92454200
32.43570800
32.61179200
31.70087500
30.66729100
31.24037500
31.69066700
30.63141700
31.39204100
29.06783400
31.25108300
31.20779200
30.78925000
31.37600000
30.34854100
28.20766700
28.79900000
28.23870800
30.08779200
30.87712500
31.88083300
35.16529200
33.61245800
31.40633400
31.33345800
31.04416700
27.19941600
26.90770900
27.54333300
26.90058300
27.43050000
26.57791700
27.95970800
28.09941700
27.24779200
26.84266600
27.34179200
28.08487500
27.49062500
26.35583300
26.02437500
25.95270900
24.71208300
24.48658300
24.51570900
26.05354100
24.61395900
25.40125000
24.30191600
25.09029200
25.46816700
25.11400000
25.70545800
26.55425000
25.50291700
24.76254100
23.72616700
25.00604200
25.40833300
25.38716700
27.70854100
28.37408400
26.87875000
25.12712500
24.04150000
24.00537500
24.02491600
23.93670900
23.77783300
23.85758300
23.59941700
23.53920800
22.43979200
21.59470800
21.37170900
21.36929100
21.81537500
21.86954200
21.58237500
21.75441700
22.37866600
22.51537500
21.28004200
20.94741700
21.98025000
23.77050000
24.21745800
25.51062500
24.24079200
24.02220800
24.33904200
25.12029100
24.92537500
25.34141700
24.71508300
24.65425000
28.36075000
26.77433400
26.83316600
29.61075000
27.38445900
28.82675000
27.51337500
27.17008300
26.54420800
28.30375000
31.66900000
30.20533400
28.36787500
27.32004100
27.53583400
27.99204100
28.09741700
26.55537500
27.36204200
27.26258300
28.00250000
27.22275000
29.65916700
27.43033300
27.67562500
27.46108300
27.05491700
26.74500000
25.49287500
26.82816700
27.05366600
26.26304200
26.73483300
25.96850000
27.08354200
27.07920800
28.46987500
29.30758400
30.07645800
29.29191700
26.06770800
26.72166700
27.06654100
26.86012500
26.60812500
30.47679200
28.34933300
29.57787500
29.02704200
32.41262500
35.99866700
32.17512500
28.31516600
31.06241700
35.23554200
31.90520800
31.86625000
33.65325000
35.88925000
34.61100000
39.77754200
36.34279100
35.48387500
34.06312500
31.94800000
34.80670900
36.77920800
35.11537500
33.32133300
30.58283400
31.37704100
33.42679200
37.24483300
37.45766700
34.20425000
35.44991700
35.48154100
30.74433400
29.90879100
30.70350000
31.13066700
28.97687500
29.10179200
29.95491600
28.33070900
31.59012500
30.73987500
35.73137500
33.97483300
33.76500000
34.00000000
33.17341700
33.49087500
33.10058300
32.58058300
34.16279200
34.28850000
30.22500000
30.74341700
29.16283300
29.31491700
28.96666600
29.71341700
29.21033300
29.01362500
29.04200000
30.32000000
28.96695900
29.49370800
30.02583300
29.27800000
30.75841700
29.46233300
29.78804200
30.80687500
29.55625000
30.55512500
29.37070800
29.09887500
29.42120900
31.39837500
28.80854100
28.70466700
29.20025000
29.18345800
28.76254200
28.80383300
28.81062500
28.55675000
28.57100000
28.41745900
29.08825000
28.33695800
28.49529200
28.60391600
28.56508400
28.52483300
28.24300000
29.52462500
28.10533300
28.21537500
29.08445900
29.05675000
34.03966600
34.52333400
42.10479100
31.58208400
31.48458300
31.47866700
29.40416600
29.07412500
31.29241700
28.75291700
29.53837500
29.40754100
28.34075000
28.10733400
28.33862500
28.45879100
28.20766700
27.33208300
27.68500000
27.47912500
27.32216700
29.11508300
27.84933400
33.73016600
27.38904200
28.75608300
27.59625000
27.56183400
27.51441600
28.03525000
27.92458400
28.25312500
27.39575000
28.97312500
24.48745800
26.63645800
29.61529200
26.29550000
26.31116700
27.09083300
26.29133300
27.38933400
26.48133300
29.06370800
27.59012500
27.71783400
31.98858300
34.85512500
33.27266700
30.29925000
30.83437500
40.72845800
43.73591700
37.93662500
29.73179100
28.85441700
29.11937500
29.58545800
29.03391700
27.45912500
26.99512500
26.66566700
26.62570800
26.77166700
26.59408300
26.12270800
25.40054200
25.66525000
25.45187500
25.55266700
23.68987500
24.22408300
8.58708300
261.58333400
20.32458300
20.79000000
20.60087500
20.51079200
19.96929100
19.84120900
19.84858300
19.27329200
17.98758300
18.04491700
18.08758300
18.12450000
18.12400000
17.90450000
18.03641700
18.17375000
17.97412500
18.32920800
18.41666700
18.52050000
18.77741600
18.73187500
18.58191700
18.73116700
18.66937500
19.58987500
20.21004100
20.02404200
20.40358300
20.38808400
20.09133300
19.92270800
20.21350000
20.28066700
20.15416700
20.07487500
20.40383300
20.41554200
20.18450000
20.20229100
20.33441700
20.20291700
20.13366600
20.31091700
20.31304200
20.41433300
20.22095800
20.21650000
19.99162500
20.69712500
20.19500000
22.35362500
22.31516700
21.79658300
21.71720900
22.77087500
20.58150000
22.16216600
21.33141700
21.63237500
20.52400000
21.46908300
21.44562500
21.32837500
20.38937500
20.28991700
21.48687500
21.40895800
21.01208400
21.19216600
22.75670900
21.22316600
22.31412500
20.62766700
21.38662500
20.07970800
20.84170900
21.01766600
20.76358400
20.27458300
20.18804200
20.22954100
21.36145900
21.11916600
22.45975000
20.32829200
20.23183300
21.68825000
20.47475000
20.05575000
19.96850000
20.00925000
19.90375000
20.02537500
21.24920900
20.02383300
19.98104200
21.82395800
20.43754200
21.88637500
20.27420800
20.13754200
20.12941600
20.22379200
20.14575000
20.10620800
20.14612500
20.10287500
20.34183400
20.12737500
20.45787500
20.50283300
20.22950000
20.08608300
20.09983400
19.97329100
20.11804200
20.06858300
19.95987500
19.96400000
20.35762500
19.99633400
20.08612500
20.05437500
19.97454100
19.98716700
20.12337500
20.12658300
20.20016700
20.25541700
20.36683300
20.05308300
20.33012500
20.66558400
20.76591600
20.36091700
20.30029200
20.22316600
19.66441700
18.47320800
18.55670900
18.39875000
19.17358300
18.68987500
18.54095800
18.18279200
18.29354200
18.81729100
18.69995900
18.72350000
18.70162500
18.73741600
18.76775000
18.58870900
18.48195800
18.95525000
18.70187500
18.67041700
18.67975000
18.73141600
18.65145900
18.54550000
18.51679100
18.67966700
18.54225000
18.84950000
18.65654200
18.74504100
18.66158400
18.63358300
18.54500000
18.86762500
18.63833300
18.62412500
18.89425000
18.79633400
18.73604100
18.73341700
18.87304200
18.89641600
19.07566700
18.68858300
18.55275000
17.29904200
17.03925000
18.39391700
18.63791600
18.19112500
18.23995900
17.97475000
18.12462500
18.41720800
16.98570800
16.72075000
16.61291700
16.93170800
16.72216700
16.68250000
16.68779200
16.47008300
16.89904200
16.54866600
17.06308400
16.69800000
15.64929100
15.37033400
15.55375000
15.55887500
15.69891600
15.66591700
15.46183300
15.78129200
15.40283300
15.52304200
15.53395800
15.67266700
15.57500000
15.49300000
15.44570800
15.86920900
15.99966600
16.24920900
17.07195800
17.15312500
17.07429200
16.97000000
17.07258300
16.91245800
18.17979200
18.58983300
18.22295900
18.29491600
18.52466700
18.45083300
18.68725000
18.59133400
18.35050000
18.34754100
19.79166700
19.02487500
20.84041700
22.01883300
20.92075000
20.23441700
20.68995800
21.33058300
20.79566700
23.11141700
23.26483300
23.00387500
22.59050000
22.49620800
23.64704200
23.78937500
25.90558300
28.10283400
27.19145800
27.75387500
28.67770800
118.46304200
43.00404200
28.39308300
26.67033300
27.00879200
26.64154200
26.94929100
28.80641700
26.12812500
25.80754200
26.06320800
25.69516700
25.93554100
25.60262500
26.12154200
25.41804200
25.51941600
26.15795900
26.50429100
26.56175000
26.91129200
25.97429200
26.69841600
26.23437500
25.61658400
25.57695800
26.00000000
25.96541700
26.01704100
25.67600000
26.75858400
25.83379100
25.66875000
25.57325000
25.50445900
25.39900000
23.00137500
24.18062500
22.87854100
23.49087500
24.11854200
22.86045800
23.15383400
22.98462500
20.33933300
20.36500000
20.44037500
20.36862500
20.68675000
20.34054200
20.80604100
20.12383400
20.86750000
20.90441600
19.84008400
20.59983300
20.74116700
19.93700000
20.20541600
20.48291700
20.23870800
19.99333400
19.95808300
20.42116700
20.50816600
20.01416700
19.64375000
19.75370800
20.08366700
19.74025000
19.87337500
18.84795800
19.80537500
18.37620900
17.95558300
18.11308300
18.07483400
20.58395800
19.28962500
18.99204200
19.14870800
18.27075000
18.85675000
18.09120800
18.18945900
18.25383300
17.96575000
18.27620800
18.50450000
17.96854200
17.82158300
17.70375000
17.75266700
17.58420800
18.42158400
17.83083300
18.18937500
18.10087500
17.87620800
17.79750000
17.75404200
17.78500000
17.79354200
17.65304100
17.72754200
17.84366700
17.62370800
17.76375000
17.27004200
17.92400000
17.88804100
17.71537500
17.61304200
17.61750000
17.63466700
16.57337500
16.79029100
17.39883400
16.62291600
16.57816700
16.84945800
17.74133400
17.53716600
18.00308400
17.62195800
17.70150000
17.66683300
17.47329200
16.38966700
17.47629100
17.57666700
17.57895800
16.05995900
16.67400000
17.98800000
16.47370800
17.37087500
17.12004200
16.14729100
16.88866700
17.25300000
17.20687500
17.22841700
17.24170800
16.73966700
16.81745800
16.57800000
16.91133300
16.66829200
16.37104200
16.18616600
15.22833400
15.13745800
15.27700000
15.11887500
15.15837500
15.15008300
15.25445900
15.02820800
15.24354200
15.10016600
15.04700000
15.17733400
15.15129100
15.25733400
15.08170800
15.22370800
14.80604200
14.36445800
14.42887500
14.58633400
15.07729100
14.18933400
14.08725000
14.09750000
14.01987500
14.10033300
14.12979200
14.31800000
14.74704100
15.28837500
15.60020900
15.29012500
15.25187500
15.15062500
16.25270800
16.40829200
15.89083300
15.60170800
15.75775000
15.70250000
15.79245900
15.98875000
15.71408300
15.97920800
16.19033400
17.38887500
17.46916600
17.89208400
17.36045800
17.41000000
17.13408300
16.82429200
17.19654200
17.16195800
16.01450000
17.26266700
16.21087500
16.22320800
16.43716700
16.69783300
16.19658300
15.98887500
16.67183400
16.06358300
15.97825000
16.78508300
16.90662500
15.76066700
16.85900000
15.98758300
16.66741700
15.93845800
16.77958400
15.75975000
16.28787500
16.18891600
16.73050000
16.59929200
16.08716700
16.42512500
15.35087500
16.20795800
16.53358300
15.21920900
16.13591600
16.72695900
15.95491600
15.88925000
15.71187500
16.36225000
15.89354200
16.69595800
15.59654200
15.85158300
15.97625000
16.65158400
15.70895800
16.65462500
15.45229200
15.78316600
16.01175000
16.31508400
15.73137500
16.82104100
16.19916700
15.80725000
16.56737500
15.42979200
16.90933300
16.25554200
16.47195800
15.61241700
15.95808300
15.93929200
15.33050000
16.45216600
16.10320900
15.71233300
15.52200000
15.92683300
15.85283400
16.50762500
16.85100000
16.54237500
16.67204100
16.76641700
16.77216700
16.55962500
16.82958300
16.49775000
16.88654200
16.50870800
16.66387500
16.87766700
16.65883300
16.54420800
16.76283400
16.71004100
16.50008400
16.86912500
16.54283300
16.65812500
16.81345800
16.60787500
29.73266700
3.58004200
16.72995800
16.65641700
16.70800000
16.73787500
16.60816600
16.71879200
16.82808300
16.48825000
16.79204200
16.73175000
16.50320800
16.84895900
16.70779100
16.54212500
16.67487500
16.80954200
16.53770800
16.96445900
16.44395800
16.70391700
16.67804100
16.59154200
16.89991700
16.60454100
16.61191700
16.67670800
16.73387500
16.63337500
16.66608400
16.82400000
16.60758300
16.63383300
16.76633400
16.56529100
16.72366700
16.66391700
16.56541600
16.78258400
16.64104100
16.69070900
16.64633300
16.68529200
16.66520800
16.66712500
16.71450000
16.67537500
16.73541700
16.63950000
16.71508300
16.64129200
16.72454100
16.71454200
16.62129200
16.74212500
16.65479100
16.65100000
16.70841700
16.68687500
16.69016700
16.67708300
16.65854200
16.71116600
16.60254200
16.82883300
1060.17516700
28.64729200
29.91933300
29.26525000
27.33158300
31.18533400
31.89225000
30.71520800
35.06108300
35.16237500
37.62866700
33.19720800
41.19816700
37.11483300
42.75662500
39.27700000
37.44683400
41.42862500
38.75275000
39.11041600
38.76887500
39.52479200
37.24183300
37.89454200
37.32837500
34.30150000
30.45075000
35.00854200
33.07995800
32.45170800
32.42495900
33.07737500
32.31862500
30.34637500
27.41637500
31.49633300
28.24466700
33.26183300
30.34250000
31.18779200
30.73391600
31.57779200
28.90354200
30.13737500
29.52112500
28.91137500
29.08037500
29.46516600
30.05466700
29.22400000
29.34804200
30.87233300
31.52845800
38.03808400
33.44395800
32.12804200
33.78258300
31.78125000
32.31979200
27.70329100
35.93966700
34.27237500
29.39166700
38.08812500
32.46825000
33.47137500
33.17050000
29.48925000
29.12470800
29.67304200
29.38237500
29.45954100
28.98837500
30.04479200
29.46341700
29.11025000
30.08179100
30.06204200
29.42370800
29.74016700
29.23212500
30.16466700
29.50191600
29.40200000
27.58991700
28.32375000
28.33529200
29.56762500
26.93904100
28.51345900
27.39687500
27.98137500
27.22245800
27.21750000
28.30679200
26.10883300
29.37700000
35.22491700
32.24583300
34.78654200
36.37508300
34.14370800
38.93687500
33.40037500
30.15308400
29.63362500
29.76525000
31.05995800
29.57050000
28.86733300
29.71358400
29.84654100
29.46825000
29.25737500
27.71866700
26.76237500
27.83637500
29.79162500
28.64350000
27.65829200
27.94270800
27.60129200
27.14645800
26.72908300
26.54600000
29.47820900
29.27379100
29.33325000
27.59558400
26.18870800
25.85354200
26.14029100
26.08158400
26.51525000
26.55300000
26.20487500
26.56970800
27.75970800
29.24033400
26.92283300
26.92441700
26.34433300
26.05683300
26.30787500
25.81229200
27.43179200
26.75545800
27.15645800
26.78895900
25.75408300
26.05541700
26.96875000
26.29066600
26.74904200
28.48533300
28.46879200
28.70387500
28.82675000
29.12379200
28.52658300
28.99437500
28.15558300
28.53650000
29.01754200
29.04770800
28.32091700
28.36750000
29.04112500
28.28204200
28.65779100
29.44629200
29.56975000
29.08616700
31.52708300
32.20041700
6.74258300
263.46108300
12.95895900
14.58187500
14.06375000
13.81145800
13.21162500
12.57116700
12.46862500
12.55587500
12.54141600
12.27950000
12.28770900
12.26950000
12.33625000
12.94633300
16.72016700
16.73970800
16.60766700
16.66087500
16.71983300
16.67904200
16.65445800
16.72420800
16.62595900
16.71270800
16.71279200
16.67487500
16.47166600
16.82566700
16.71687500
16.57787500
16.72870800
16.64733400
16.64941600
16.75704200
16.60245800
16.73691700
16.65133300
16.69066700
16.67220800
16.67070900
16.71291600
16.69700000
16.67666700
16.59345800
16.81495900
16.65525000
16.58550000
16.69441600
16.59629200
16.75675000
16.81458300
16.62004200
16.81650000
16.60020800
16.49945900
16.76962500
16.70245800
16.73470800
16.68554200
16.57387500
16.67050000
16.68625000
16.74329200
16.71591600
16.67691700
16.67975000
16.65791700
16.61825000
16.68754100
16.71158400
16.63454100
16.72854200
16.61766700
16.65408300
16.83400000
16.54166700
16.73129100
16.65654200
16.64950000
16.66004200
16.73850000
16.70087500
16.70366600
16.82825000
16.52925000
16.67054200
16.74758300
16.62191700
16.73208300
16.73737500
16.62312500
16.70737500
16.71270900
18.22858300
14.97133300
16.79850000
16.61483400
16.87041600
16.58225000
16.61195900
16.64091600
16.72250000
16.66637500
16.70812500
16.68533400
16.62004100
16.72295900
16.69383300
16.64329200
16.64562500
16.75445800
16.62820800
16.71404200
16.73620800
16.62737500
16.74245900
16.60883300
16.67079200
16.76808300
16.68141700
16.58850000
16.75912500
16.58616600
16.63937500
16.84845900
16.69025000
16.93441600
16.38375000
16.65300000
16.73995900
16.72362500
16.60454100
16.65312500
16.73600000
16.58991700
16.73954200
16.76475000
16.66379100
16.58804200
16.77208300
16.54783400
16.76370800
16.73570800
16.55016700
16.86979200
16.65670800
16.67891700
16.67437500
16.85333300
16.45712500
16.67187500
16.69266700
16.62100000
16.75495800
16.69050000
16.59779200
16.76825000
16.78470800
16.57000000
16.70262500
16.65587500
16.64104200
16.68062500
16.66300000
16.75500000
16.71045800
16.59250000
16.70470800
16.76137500
16.58629200
16.69695800
16.71175000
16.63695900
16.70966600
16.71816700
16.65995800
16.64387500
16.71183400
16.78779100
16.74275000
16.62650000
16.69312500
16.52562500
16.77895900
16.74625000
16.60395800
16.71775000
16.71208300
16.57345900
16.71391600
16.61725000
16.71345900
16.65904100
16.68050000
16.66995900
16.80433300
16.55762500
16.74233300
16.78129200
16.69012500
16.61641700
16.66837500
16.69379100
16.70012500
16.69958400
16.63025000
16.64837500
16.67020800
16.69033300
16.76833400
16.70537500
16.54654100
16.67966700
16.70066700
16.75600000
16.62708300
16.73166700
16.60366600
16.76275000
16.60141700
16.71733300
16.68154200
16.67541700
16.67591600
16.75270900
16.69620800
16.62150000
16.70987500
16.64704200
16.68625000
16.85575000
16.57037500
16.74370800
16.65450000
16.69429200
16.72783300
16.69854200
16.64145800
16.59033300
16.76429200
16.65558300
16.72766700
16.64929200
16.65587500
16.69075000
16.74483300
16.64241700
16.73358300
16.66895800
16.58941700
16.74950000
16.68850000
16.67125000
16.70491700
16.71683300
16.55441700
16.87695800
16.65545800
16.53975000
16.74550000
16.60179200
16.99895800
16.45383400
17.01279100
16.36187500
16.70350000
16.85491700
16.68645800
16.65091700
16.71754200
16.64795800
16.74258300
16.64908400
16.77979100
17.03845900
16.39237500
16.68333300
16.77812500
17.01587500
16.44591700
16.49987500
17.57675000
17.46679100
20.04112500
14.97729200
14.17016700
16.13229100
16.69937500
16.76300000
16.73875000
16.75116700
16.48820800
16.85266700
16.70370800
16.51295900
16.78850000
16.75254100
16.82220900
16.73700000
16.45829100
16.97900000
16.59166700
16.67687500
16.73233300
16.76445900
16.44404100
17.30150000
16.63195900
16.62358300
16.42895800
16.81270900
16.64270800
16.76679200
16.72700000
16.97741600
16.75637500
16.57008400
16.49133300
16.65795800
16.70979200
16.97266700
16.58600000
16.66375000
16.71962500
16.95054100
16.33233400
16.85941600
16.61829200
16.77662500
16.54812500
16.66754200
16.83820800
16.45612500
16.61441700
16.17254100
16.87054200
16.78183300
16.73212500
16.39025000
16.82345900
16.47837500
16.95516600
16.48991700
16.35462500
16.74429200
16.88491600
16.67175000
16.38566700
16.79229200
16.63337500
16.57987500
16.80041600
16.47258400
16.68620800
16.77991700
16.44666600
16.92416700
16.67316700
16.48875000
16.66550000
16.79875000
16.54337500
16.62333300
17.03770800
16.33279200
16.76333300
16.65908400
16.71237500
16.47287500
17.08641600
16.42258400
16.55912500
16.69583300
16.65295800
16.73383400
16.58545800
16.62745800
16.84758400
16.56875000
16.67108300
16.71700000
16.61129200
16.57558300
16.83987500
16.58208300
16.68929200
16.88220800
16.62116700
16.63375000
16.74566700
16.48150000
16.75054100
16.78216700
16.60591700
16.65900000
16.73858300
16.67083300
16.67929200
16.81279200
16.60495800
16.57891700
16.86433300
16.53800000
16.70754200
16.83962500
16.62466600
16.61037500
16.81358400
16.51225000
16.75208300
16.73229200
16.55912500
16.72345800
16.73445800
16.61791700
16.66995800
16.80016700
16.48620800
16.70500000
16.84295900
16.55987500
16.66479100
16.82000000
16.53720900
16.64862500
16.72295800
16.69758300
16.65695900
16.77170800
16.60187500
16.82445800
16.64012500
16.69225000
16.74441700
16.50366700
16.67079100
16.78533400
16.47679100
16.87637500
16.83004200
16.40862500
16.90612500
16.64662500
16.63400000
16.51204200
16.80487500
16.65316600
16.70291700
16.77291700
16.63283300
16.60950000
16.76808300
16.63445900
16.64191600
16.99237500
16.38462500
16.78804200
16.75062500
16.52695800
16.62979200
16.88075000
16.54266700
16.76675000
16.85558300
17.75445800
15.59975000
17.03250000
16.91666700
16.18420800
17.13762500
16.47104200
16.39858300
16.70566700
16.75083300
16.48916700
16.90212500
16.47708300
16.67337500
16.56550000
16.66795900
16.75437500
16.61433300
16.75900000
16.52191700
16.68658300
16.64925000
16.81037500
16.56254200
16.62791600
16.84362500
16.56104200
16.73912500
16.67566700
16.98483300
16.38858300
16.88091700
16.75929200
16.53266600
16.93412500
16.34387500
16.65175000
16.69420900
16.54933300
16.79020800
16.79666700
16.58604200
16.58400000
17.04687500
16.51004100
16.74429200
16.65987500
16.54841700
16.63262500
16.98541600
16.48933400
16.74941600
16.77300000
16.56050000
16.63237500
16.84220900
16.62045800
16.59754200
16.78091600
16.61116700
17.00216700
16.43295800
16.63229200
16.67183300
16.69320800
16.47720900
16.90795800
16.66812500
16.57558300
16.72329200
16.65270800
16.69187500
16.88270900
16.43979100
16.63283400
16.91420800
16.63408300
16.62920900
16.76991600
16.50658400
16.75579100
16.72491700
16.73820800
16.51425000
16.93866700
16.46800000
16.68412500
16.84029200
16.56245800
16.62966700
16.84187500
16.68466600
16.50983400
16.76991600
16.50437500
16.83625000
16.78004200
16.53816700
18.32391600
15.18962500
16.45483400
19.04212500
14.45254100
16.85025000
16.44016700
16.96908300
16.33287500
16.71825000
16.87300000
17.03379200
17.25450000
16.52962500
16.69695800
15.96829200
16.70637500
16.77441700
16.64466600
16.77891700
16.49004200
16.78391600
16.80104200
16.33466700
16.77150000
16.69666600
16.67170900
16.76408300
16.52104200
16.73275000
16.92662500
16.40541600
16.64345900
16.68229100
16.64604200
16.73279200
16.68275000
17.31033300
16.17500000
16.74050000
16.44475000
16.76216700
16.74879100
16.59462500
16.58212500
16.97504200
16.42866700
16.73695800
16.74312500
16.68983300
16.61533400
16.79866600
16.54900000
16.62425000
16.89395900
17.83845800
15.27562500
16.80391700
1088.38658300
25.49887500
25.05191700
23.56483300
24.44800000
23.99816700
25.67916600
26.24904200
29.30683300
26.89137500
26.60800000
27.60433400
27.28412500
29.40475000
24.78487500
24.81675000
25.24225000
24.47108300
24.73462500
26.70091700
24.91391600
24.59787500
24.61320900
24.39475000
25.08745800
24.49600000
24.24383300
24.70541700
24.55487500
24.39233300
24.32287500
22.07525000
23.15358400
21.91362500
21.55266600
25.06650000
23.58275000
22.05620900
27.96570800
25.84966700
26.77162500
27.55500000
25.54279100
25.33375000
24.48516700
24.74716700
24.24670800
24.85720800
22.67108400
22.54616600
22.96375000
22.42691700
22.27612500
23.21233300
25.03529200
22.28900000
22.32833300
23.08033400
22.17654100
22.01237500
22.36991700
21.98495800
23.95650000
24.18683400
22.60295800
22.34950000
23.21620800
23.21762500
23.47483400
25.58275000
26.94854100
24.72570900
22.67183300
22.36887500
22.27029200
22.31025000
22.05766600
21.08033400
20.35045800
20.29175000
21.14108300
20.09729200
19.68670800
21.88395900
20.34308300
20.32604200
20.46783300
19.62666700
19.39379100
18.69783400
20.21391600
27.85012500
26.99295900
29.56029100
28.90995900
24.73170800
25.66954200
30.05425000
28.43470800
27.79762500
27.26587500
27.31066700
29.23683300
34.32887500
31.66891700
32.75150000
30.83691600
31.04354200
30.92237500
29.71937500
30.61825000
30.78404200
30.44708300
31.34041700
31.69504100
31.42545900
30.56391600
30.75879200
38.09312500
32.44229200
54.23441600
33.16470900
32.21812500
39.82025000
37.61195800
40.63445800
49.48212500
42.93545900
34.45925000
30.20008300
31.68708300
29.71170900
29.27862500
28.21320800
26.21370800
26.98950000
26.28183400
27.61783300
25.84900000
25.86691700
24.98687500
27.67300000
24.40937500
23.19800000
27.61875000
24.57379100
24.15887500
23.65516700
24.38141700
24.37362500
23.86891600
23.68954200
23.87716700
23.40195800
24.17070800
25.13083400
23.58425000
23.55662500
24.42404100
23.45850000
24.60550000
23.86041700
25.30179200
25.44616600
25.64479200
27.77545800
24.79975000
25.15058400
25.08316600
23.65270900
25.98458300
27.89633300
27.68000000
25.39862500
27.07641700
25.51495800
25.77025000
26.48337500
25.97333400
24.49970800
25.48687500
24.48841700
24.38554100
24.31987500
24.51833400
26.31358300
25.83912500
26.08916700
27.31500000
28.16162500
22.99195800
23.59537500
24.80766700
22.37225000
22.97466600
23.52845900
24.27962500
22.89987500
22.77425000
22.41812500
27.23870800
25.11379200
23.95408300
24.75783300
24.40166700
25.29904200
24.99500000
26.19895800
26.47054200
24.82475000
25.05304100
26.42179200
24.04570800
24.42195900
23.75462500
24.87495800
23.20700000
24.87545800
24.62608400
23.99854100
22.52291700
23.12437500
25.10816700
22.59500000
22.96716600
22.57608400
23.82212500
24.20800000
23.06825000
23.06262500
22.82775000
22.49579100
23.84020900
22.47300000
23.42525000
23.63812500
24.09175000
22.99366600
25.77875000
24.02637500
27.51145900
24.91820800
24.71166700
24.94941600
23.36900000
23.76412500
22.36245900
25.21575000
24.40087500
22.62845800
25.69025000
23.26825000
22.82429200
23.93558300
22.51837500
24.38316700
23.03787500
21.94729100
26.94062500
25.05725000
23.85304200
22.89179200
21.16204100
22.16237500
20.89845900
22.13900000
21.37920800
21.08829200
21.61908300
20.66887500
22.11733300
22.78058400
21.68883300
20.11975000
20.11095800
20.07729200
20.15795800
19.48100000
21.37829200
21.31404200
21.89000000
21.26983300
21.31820800
20.42704200
21.72250000
21.76570800
22.40208400
23.49087500
24.46150000
26.34966600
25.29925000
26.09841700
24.70754200
27.21325000
28.56970800
27.53495800
25.97725000
25.91883400
26.67041600
28.58570900
25.34345800
26.92308300
27.17112500
25.86075000
28.57887500
26.50320900
26.44820800
23.90062500
25.85995800
23.94675000
23.98175000
24.84879200
24.50637500
24.69375000
26.03762500
24.70854200
26.53291600
24.81633400
25.21200000
25.59979100
25.10366700
25.37116700
25.42120800
24.51900000
25.71650000
23.67012500
25.28020800
23.69487500
24.33358400
23.89783300
25.56125000
25.31216700
26.17316600
23.05887500
25.43225000
25.20516700
26.28620800
26.78279200
23.13875000
24.44641700
25.14612500
26.48979100
24.55583400
23.75525000
24.72750000
23.63483300
22.98487500
25.76529200
24.86016600
21.90845900
23.34533300
22.01745800
23.48145900
21.88187500
23.21583300
21.95829200
23.20970800
21.86308300
22.02162500
21.68916700
22.21670800
22.25337500
21.93562500
22.14937500
22.34170900
21.99225000
21.84700000
21.89645800
23.49304200
23.70825000
21.65525000
25.72316600
30.16920900
25.78470800
28.04870800
27.10270900
25.52133300
24.84291700
25.26975000
25.11712500
27.72525000
28.04437500
30.06670800
25.00354200
24.89891600
24.26308400
28.59362500
28.37300000
27.71333300
27.25595800
27.29887500
26.06208400
25.38162500
24.67125000
23.60666600
25.83212500
24.37570900
23.92329100
25.62529200
25.47641700
24.25766600
22.38366700
24.02979200
22.97325000
23.37920800
20.97191700
21.40062500
21.56829100
21.53008400
22.63950000
22.46970800
21.52237500
21.33354200
21.84870800
23.48354200
21.35650000
20.67900000
22.40329100
22.46583400
21.24950000
21.94375000
21.84895800
20.92316700
21.36491600
22.95545900
22.00158300
22.59729200
23.05033300
23.27404200
24.17745800
23.04741700
26.49045800
24.43450000
24.43429200
24.52745800
26.17945800
27.29025000
24.26962500
7.02929200
193.64316700
20.27308300
21.20020800
20.72595900
20.29254100
20.30854200
20.17295800
19.98179200
20.14470800
20.10654200
19.63175000
19.41691700
18.23133300
18.12979200
18.25504100
18.12358400
17.92054100
16.71629200
16.78816700
16.90100000
16.67341600
16.92858400
16.75554100
16.59195900
15.79241600
15.51662500
15.55783400
15.52333300
15.47816700
15.45295800
15.44945800
15.38108400
15.48250000
15.68362500
15.47170800
15.51650000
15.62695800
14.80829200
14.36979200
15.34504100
14.90975000
16.22891700
15.86583300
16.15925000
15.92745900
16.88229100
17.11133400
17.04083300
16.99337500
17.04445800
16.97116700
17.03504200
17.95195800
18.60641700
18.47879100
18.53054200
18.81112500
18.54962500
18.59945800
18.48583400
18.69812500
18.52895800
18.69050000
18.53504200
18.51616600
18.46470900
18.80670800
20.04954200
19.12129100
19.96000000
19.61170900
19.93008300
19.61058300
20.24550000
19.05066700
19.12683300
18.92675000
20.06858400
19.32579100
19.76333400
19.41862500
20.20162500
18.74308300
19.37283300
20.17204200
19.63320800
19.47112500
19.39870900
19.45845800
18.62033300
19.36400000
20.09929200
18.84320800
18.95170900
18.70358300
18.46320800
20.02620900
20.34512500
19.18087500
19.10666600
19.14750000
19.47229200
19.53216700
18.51658300
19.39508300
19.07679200
18.73937500
19.18366700
19.68870800
20.20487500
20.92458300
20.37725000
21.02929200
20.28683300
20.03320900
20.20900000
20.42712500
20.13745800
19.81412500
19.18441700
18.76141600
23.57412500
16.74679200
18.53520800
19.29537500
18.71712500
18.46520900
19.30670800
19.40158300
18.92570900
18.99079100
19.32650000
19.74112500
19.41745900
18.53704100
18.42600000
19.51891700
18.34341700
19.27016600
19.37629200
18.45904200
19.62916600
19.43816700
19.01683300
18.71145900
19.01700000
18.53287500
19.25687500
18.52395800
19.28262500
18.34591700
19.27850000
18.97866600
19.06333400
19.14812500
18.52575000
19.10295800
18.51008300
19.48987500
19.30645900
18.82204100
19.05333400
18.88954100
19.34300000
19.12329200
20.15420800
18.34812500
19.44262500
18.31704200
19.57862500
18.29679200
18.92387500
19.06820800
20.65700000
18.69387500
19.50087500
18.63304200
19.11754100
19.11700000
18.96808400
18.59404100
19.52837500
19.59208400
19.67841600
18.53762500
18.90691700
19.00795800
19.17287500
18.75437500
19.68195900
18.41308300
19.39654200
19.31050000
19.32354100
18.50562500
19.34645900
18.30975000
19.34541600
18.42250000
19.37729200
19.71891700
19.13420800
19.68400000
19.96900000
19.27000000
19.54208300
19.04000000
18.61991700
19.28720800
19.04337500
20.02250000
19.22379200
19.95325000
19.28720800
18.94158400
19.17670800
19.24704200
18.59408300
19.18095800
18.38029200
19.60658300
19.73395900
18.48679100
20.10112500
19.74375000
19.98500000
19.17725000
18.93566700
19.18695800
19.26237500
20.22320900
19.60770800
19.74633300
18.54487500
19.34612500
19.54620900
18.57591600
19.47779200
19.42279200
19.63100000
20.78775000
22.11429100
20.79283400
20.21954100
19.97720900
20.55225000
20.59220800
20.42429200
21.24120800
22.35508300
22.86754200
23.06279200
22.90433300
22.98620800
22.78916700
26.28595800
23.45837500
23.89229200
29.14475000
27.32675000
26.52870800
26.14416700
28.47579200
27.37658300
26.52779200
25.83862500
24.22100000
27.81404100
25.98475000
26.22650000
26.99387500
26.33000000
26.00808400
25.45895800
25.76358300
25.37250000
22.88045900
22.36083300
22.20295800
23.15508400
22.98937500
23.10141600
22.07420900
20.47616600
20.00683400
21.21366600
20.00370900
19.79750000
20.28566600
20.10233400
19.97333300
20.13233300
21.08383400
20.61975000
19.82641600
20.37133400
20.79245800
18.32425000
19.08066700
18.89591600
19.17700000
21.17075000
19.76454200
18.95050000
21.28950000
19.75391700
18.87700000
19.81345800
20.16062500
20.04995800
19.79833400
19.51329100
19.40416700
19.68795800
20.62916700
19.80016700
18.50162500
20.59350000
20.93983300
19.84854200
19.81829100
20.46141700
20.61325000
19.07425000
19.54475000
20.38687500
19.11562500
19.28591700
19.25266600
19.90766700
19.25533300
18.66983400
18.72725000
18.75683300
18.73845800
18.64300000
17.81637500
18.53845900
19.30604100
19.42229200
18.16162500
19.29745800
17.88700000
19.32825000
18.42191700
19.22908300
18.26658400
18.87458300
18.39033300
17.91116700
18.22050000
18.87579200
18.33187500
19.28691600
18.27104200
19.20820800
19.29512500
18.22620900
18.17458300
19.47695800
18.40633400
19.12037500
18.62416600
18.53979200
18.78004200
18.21795800
17.49916700
18.30620800
18.71025000
18.26745800
19.50175000
18.86800000
18.08179200
17.79475000
18.31270800
18.22991700
18.18829200
17.29875000
18.17733300
17.52166700
18.13675000
17.33870800
17.31937500
17.35312500
18.08162500
16.65929200
17.83366600
17.22570900
16.73937500
17.75645800
17.74762500
16.76554200
17.15920800
17.23470800
16.56725000
17.10191700
16.23170800
17.17787500
16.97250000
16.51850000
16.99529200
17.26916700
16.54937500
16.78875000
17.19200000
16.65029100
16.34500000
17.19104200
17.18300000
17.53266700
16.85870800
16.67629200
17.40845800
16.77850000
17.24304200
16.53945800
16.84920800
16.37887500
16.58362500
16.00550000
16.41816700
16.10920800
16.08241700
16.37558300
16.33595900
16.44704100
16.18266700
15.76387500
16.17850000
16.65475000
15.74425000
16.20254200
16.21975000
16.71266600
16.12391700
16.09879200
15.94708300
16.14200000
15.92929200
15.77166600
15.61608400
15.80154100
15.87858400
15.03858300
15.90379200
15.18333300
16.32662500
15.02762500
14.69404200
15.13987500
15.76862500
15.00816600
15.58279200
14.52266700
15.02858300
15.22379200
15.78533300
16.03895800
15.75379200
14.97433300
14.78758400
16.00354100
15.76133400
14.77045800
14.68229200
15.31912500
14.62933300
15.15800000
14.60416700
15.28775000
15.25670800
15.63491700
14.68858300
15.31179200
15.03004100
15.57100000
15.72283400
15.08658300
14.25766700
15.12275000
14.50604100
14.98050000
15.12029200
17.18341700
11.88762500
15.49987500
15.31083300
15.35450000
15.63908300
15.33125000
15.71320900
15.40350000
15.11875000
15.12054100
16.99266700
15.01295800
15.17466700
14.96091700
14.91662500
14.96300000
14.86583300
16.00466700
16.60125000
16.69704100
16.71383400
16.65287500
16.66820800
16.69362500
16.67020800
16.68295900
16.69537500
16.65920800
16.68237500
16.70041700
16.68004100
16.68633400
16.68166600
16.66641700
16.68245800
16.70220900
16.68487500
16.67950000
16.68370800
16.68083300
16.67212500
16.70041700
16.67991700
16.68241600
16.71091700
16.72062500
16.68075000
16.61633300
16.69275000
16.76600000
16.63995900
16.68295800
16.73204200
16.61645800
16.70833300
16.71170900
16.74116600
16.65133400
16.65083300
16.78179200
16.62316600
16.65237500
16.67450000
16.71029200
16.72983300
16.60037500
16.80520900
16.81858300
16.51437500
16.71879200
16.87179100
16.48808400
16.72033300
16.72379200
16.59741600
16.69670900
16.70204100
16.65879200
16.66108300
16.73379200
16.65154200
16.68229100
16.69166700
16.66733300
16.68875000
16.71058400
16.66225000
16.70000000
16.82016600
16.71795900
16.72645800
16.62366700
16.64254100
16.72816700
16.64495800
16.50441700
16.95137500
16.64791700
16.80470800
16.86508300
16.47550000
16.66133400
16.77770800
17.36416700
17.13670800
15.42812500
16.73554200
16.52362500
16.72266600
16.62062500
16.70137500
16.76162500
16.55704200
16.71450000
16.76829200
16.70158300
16.62691700
16.74158300
16.59720800
16.95445900
16.45958300
16.67679200
16.63020800
16.76262500
16.63083300
16.67275000
16.74054200
16.50366700
16.67991600
16.72491700
16.69900000
16.61487500
16.70116700
16.63179100
16.81445900
16.42079100
16.96237500
997.08595900
31.49254100
30.26791700
29.85220800
29.25662500
27.88375000
27.89641700
28.08587500
27.88900000
27.75066700
27.16629100
23.36004200
30.87787500
26.95229200
25.74704100
25.33866700
26.86425000
26.47279200
27.24658300
25.88820800
25.36358400
25.88200000
25.27945800
24.86354200
25.40608300
25.40408300
24.56929200
24.67733300
24.92008400
24.05520800
24.76379200
25.01441600
25.74545900
26.88858300
27.41550000
25.19104200
23.84729100
26.68883400
24.05991600
24.46187500
24.27095900
24.29250000
23.93416600
23.75600000
21.70850000
21.73704200
21.87854200
23.21554100
23.16095900
22.25537500
22.18625000
22.40416600
21.93383400
22.35337500
21.67191600
21.82416700
21.99950000
22.40545800
22.07770900
22.13058300
21.74708300
23.59550000
23.97633400
23.74587500
24.13925000
23.49179100
23.69200000
23.73408400
24.12050000
24.72029100
26.32970900
27.11058300
31.21458300
26.42954200
25.90333300
27.48129200
26.80470800
26.80933400
26.72058300
25.92300000
26.12975000
25.81195800
26.07091700
26.40833300
25.68375000
25.61487500
26.33212500
25.40379200
25.40904200
25.72254100
25.38858400
25.44408300
25.54470800
25.29766700
24.69475000
24.89700000
24.29925000
25.09937500
25.54466700
25.58058300
25.47245800
24.91954200
25.63095800
26.38941700
26.33145800
25.12762500
25.01366700
25.83200000
25.90062500
24.48616700
26.85862500
25.63479100
25.20045900
24.57516600
25.81675000
31.58025000
27.73337500
27.57704200
26.26487500
26.11116700
29.76433300
26.61616700
26.38170800
26.94741700
26.55520800
25.36475000
26.74533300
26.37925000
24.85275000
24.71520900
27.53579100
27.22450000
27.84000000
27.91375000
26.27783400
26.91250000
29.19608300
29.03745800
32.14250000
30.67012500
29.58541700
29.81845800
29.28479200
30.07983300
29.37766700
29.14475000
26.54829200
25.97104100
26.56162500
26.33175000
25.72620900
26.87312500
26.08416600
26.09416700
28.32004200
27.27316600
25.46016700
24.44700000
24.44170800
24.65087500
24.42633400
24.58204100
24.02595900
23.78233300
23.71845800
26.63820900
24.66045800
23.87045800
24.97708400
23.98191600
24.45720900
25.08004100
24.44908400
23.69454100
24.20583400
23.69770800
23.46112500
23.36695800
23.45404200
23.67445800
23.22191700
24.12045800
23.90529200
24.52345800
24.63179200
24.57570800
23.09187500
24.22687500
23.59262500
23.72391700
23.64225000
23.24204200
25.00966600
24.35862500
24.51216700
22.87195800
23.05879200
22.65462500
24.10116700
25.51691600
24.47054200
23.85675000
29.27091700
25.57241600
24.70287500
23.17562500
23.10475000
22.60395900
22.99179100
22.82054200
22.74604200
21.92079100
20.88283400
21.51970800
21.39400000
21.25829200
21.38425000
20.69875000
20.46495800
20.92516700
20.78633300
21.21541700
21.17766600
20.70304200
21.40312500
20.90445800
20.14570900
20.72254100
21.98216700
21.39500000
21.95429200
22.06191600
21.96891700
22.92100000
22.74379200
24.20079100
23.52200000
23.34970900
22.66683300
23.02508300
23.28154200
24.80408300
24.86366700
24.96866700
25.38350000
26.47354100
23.50550000
24.77191700
24.82637500
25.46200000
24.65162500
23.65712500
25.05841700
23.73254100
24.71604200
24.19829200
24.63016600
24.93725000
23.51712500
24.33841700
25.04504200
25.08541600
24.91945900
24.49587500
24.45716600
24.24270900
23.73250000
25.51204100
24.31416700
24.48933300
23.70991700
25.26466700
24.58279100
23.71104200
24.03508300
25.26025000
24.24700000
25.91191700
24.05529200
26.47445800
23.54437500
24.37075000
23.85458300
25.33925000
24.33166700
24.25920800
23.28904200
24.91929200
23.90912500
23.94312500
24.08579100
24.68966700
23.91287500
24.24075000
25.95112500
24.30654200
23.22033300
24.26341700
23.01158300
24.38337500
24.08812500
23.59862500
24.05216700
24.89425000
22.67391600
23.35766700
23.45208300
23.29837500
24.55462500
22.65454200
23.47070800
24.62133400
22.14100000
23.91058300
23.31808300
23.31129200
22.26037500
22.96037500
23.16495800
25.35520900
24.91141600
22.90316700
23.99266700
25.52225000
24.72808300
23.53675000
23.70891700
22.29216600
21.59104200
22.60950000
21.97300000
21.72241700
21.81262500
22.31883300
21.99091700
22.10000000
21.59870800
21.07104200
21.37058300
21.12783300
21.91662500
22.21091700
21.88400000
21.02316700
21.09087500
22.31908300
21.38654200
21.45291600
22.11491700
21.88533300
21.33579200
22.15150000
22.06925000
21.66712500
21.37429200
21.96437500
21.48370800
21.03675000
21.47629200
21.42712500
21.77195800
21.04945800
21.52991700
21.11033300
22.68379200
21.40925000
21.30525000
21.41579200
20.45287500
21.92525000
23.20812500
24.17133300
23.50379200
22.02508300
21.84091700
22.65429100
22.27533400
23.14650000
22.32370800
22.11033300
22.31175000
22.28595900
22.81554100
22.11987500
21.67679200
21.66137500
21.01633300
22.01787500
21.31595900
22.19454100
21.62254200
23.58345800
23.46650000
22.92266700
23.72683300
21.11537500
20.74300000
22.28620900
21.22441600
20.59091700
17.79291700
18.14279100
17.89766700
17.37741700
16.81004100
16.94308400
17.32500000
16.85820800
16.91658300
16.72037500
16.53675000
16.81058400
17.90558300
16.73566700
16.81633300
16.66512500
17.13012500
16.55245800
16.57491700
16.50204200
16.36829100
16.34908400
17.06983300
17.57758300
18.01233400
17.43525000
16.81487500
17.84266600
18.30266700
17.73912500
17.98116700
17.85566600
18.00254200
17.62175000
17.73595800
17.67833400
17.57995800
17.57508300
17.71504200
17.58400000
18.79641700
19.54791600
18.24450000
19.23083400
19.48520800
20.86825000
21.58762500
20.56037500
20.55495800
20.90687500
20.65462500
19.91258400
19.95779100
19.99500000
19.91295900
20.71191600
19.91862500
19.16825000
20.53450000
20.94425000
20.01150000
19.83787500
20.53225000
19.27775000
20.14475000
20.13987500
20.99237500
21.56212500
20.78958400
21.58083300
19.55729200
20.65900000
20.93025000
19.44579100
20.61204200
21.05641700
19.78000000
20.25920800
21.69583300
18.76020900
19.97679100
20.30612500
20.17045900
20.10508300
19.70387500
19.56412500
19.50400000
18.85004200
19.49604100
19.60125000
19.42587500
19.42175000
19.67729200
19.65116700
19.86595800
19.64429200
19.42491600
19.08808400
19.49991600
19.36720900
19.41345800
19.18170800
19.45945900
19.59666600
19.49345900
18.27558300
19.06287500
19.39375000
19.06712500
18.95654200
19.21712500
20.01920800
20.07708300
19.69841700
20.01420800
19.36566700
21.28116700
20.57341600
20.24479200
21.30879200
19.32120800
20.39020800
20.01529200
20.19679200
19.93133300
19.19912500
20.85170800
19.69683400
20.71629100
20.62387500
20.43541700
20.58395800
20.37008400
20.77966600
20.31791700
20.17575000
20.01200000
20.52945800
21.00420900
19.11354100
21.96570900
21.17537500
20.69283300
22.42458300
20.98591700
20.32687500
20.50954200
21.56758300
20.40375000
20.73308300
20.70000000
20.60991700
21.26866700
20.13770800
19.52750000
20.18912500
20.92770800
19.55533400
20.12766600
19.96154200
19.35358300
24.06266700
21.76770800
27.29962500
23.01570900
28.71108300
25.59129200
24.59108300
28.13695800
22.43887500
22.29245900
21.05629100
20.96400000
20.35450000
21.47670900
20.36004100
19.91491700
21.44954200
21.02925000
20.90162500
19.17933300
20.97841700
20.95187500
20.69300000
21.97583300
20.33725000
22.37937500
22.07166700
20.49645800
19.84720800
21.29095900
20.77175000
21.86129100
20.20679200
20.35170800
20.35020900
19.29708300
18.38820800
19.99325000
19.93291700
20.94733300
20.41033400
24.62170800
22.34750000
19.85204200
19.13066600
20.46654200
22.74387500
21.28954200
20.89879100
21.82891700
23.69829200
21.23754100
20.35045900
22.01133300
19.97679200
20.62254100
20.79395900
20.92962500
21.42429100
19.97129200
20.67241700
20.11916600
21.05225000
19.78212500
19.76041700
20.31354200
19.88912500
20.01129100
19.95500000
19.77725000
19.86020900
19.68566600
18.47758400
19.75854100
18.65770900
18.57529100
18.72483400
18.73808300
18.81741700
19.30170800
18.47358300
19.42812500
19.15616700
19.11304200
19.82687500
19.59729100
20.61779200
19.20191700
20.13383300
20.24379200
19.79608300
20.12545800
20.81220900
19.94912500
19.70916600
22.20950000
19.46991700
18.85070800
18.75525000
18.35900000
19.30766700
18.82854200
18.47695800
18.39550000
17.47054200
17.12587500
17.22079100
17.29662500
17.11558400
18.29404100
17.19133400
16.91925000
16.36037500
16.92704100
15.59008400
16.19987500
16.03387500
15.80920800
16.46950000
15.53887500
17.35941700
16.47583300
15.68720800
15.38858400
16.63958300
15.66341700
16.68845800
16.49691700
17.68191600
17.54258400
17.42408300
18.78450000
17.51516700
17.92608300
17.47425000
18.47737500
17.88895800
17.95354200
18.72829200
18.99454100
18.87200000
19.21016700
18.76525000
18.51908300
18.68712500
19.36695900
18.88304100
19.61166700
18.88566700
19.10179100
19.47470900
19.61641600
19.89670900
20.27879100
19.77229200
21.21525000
20.57883300
21.40366700
20.35800000
20.44608300
19.84391700
19.86558300
19.89041700
19.96575000
20.29816700
20.27645800
21.41045800
20.16375000
20.40858400
20.16425000
19.85775000
20.25637500
20.02500000
20.12762500
21.68433300
23.12183300
30.77575000
26.54766700
24.18383300
23.70870900
23.65745800
23.87833300
23.10829200
24.24700000
22.70208300
22.85054200
21.00504200
20.71920800
21.00091700
20.66804100
23.41716700
22.54408300
22.81383400
21.05525000
22.65683300
25.66866700
23.36433300
23.24979200
24.29512500
24.04412500
22.35312500
24.43875000
23.81554100
22.58358400
21.45904100
18.73050000
20.72266700
19.67408300
19.51987500
19.28566700
19.21866700
20.21033300
19.65937500
19.37712500
19.08433300
20.14554200
19.12275000
17.24404200
16.47283300
17.81245800
18.00116700
16.75945800
16.04504200
17.59375000
17.09862500
17.01929200
17.07729100
16.23245900
16.14575000
16.26045800
16.05245800
15.93737500
16.38612500
17.74604200
14.49633300
16.90008400
16.22070800
16.48787500
16.40066700
16.29045800
16.12204200
16.52608300
16.09666700
16.00250000
16.05420800
16.12537500
16.09491700
16.10700000
16.58158300
17.47262500
16.20108300
16.75162500
16.71845900
15.73404100
17.14720900
17.18162500
18.82962500
17.21108300
20.35341700
18.20954100
18.43270900
18.10879100
17.88433400
17.42804100
19.01133400
17.87570800
18.04783300
17.76683400
17.49408300
17.23175000
18.18587500
17.87500000
17.45350000
18.28195800
17.43795900
18.17954100
17.68450000
17.94612500
17.77141700
17.94200000
18.32462500
17.98875000
17.88745800
17.57620900
16.96520800
18.53987500
19.24912500
18.13150000
16.42541700
16.75370800
17.20683300
17.93666700
16.88491700
17.18020800
16.73925000
18.61212500
20.33458300
18.12541700
20.32454200
19.66258300
18.67491700
17.86195800
17.87237500
17.92083300
18.55225000
17.61658400
17.70683300
17.70833300
17.77300000
19.79120900
20.25858300
20.28708300
19.46854200
21.16554200
19.62445800
20.90487500
20.66479200
19.48745800
21.38891700
22.83720800
22.76725000
20.46604200
22.57100000
22.52479100
21.45762500
20.88316700
22.44133300
21.31150000
21.71450000
22.68283400
22.20458300
22.19437500
22.78583300
21.25700000
20.38566700
22.85087500
21.12441700
22.81079100
21.21500000
22.24800000
21.18029200
21.82833300
21.33258400
21.52633300
21.10295800
22.55729200
20.74058300
21.80783400
21.25408300
20.24279200
20.85558300
21.55500000
20.53304200
21.58058300
20.89570800
21.30420900
20.76812500
20.38641600
21.41179200
20.47795800
21.60320900
21.54070800
20.04537500
20.01754200
20.58787500
21.29658300
20.43308300
21.61045900
20.35191600
20.35033400
19.78400000
20.84754100
21.23216700
20.68975000
20.24958300
21.28920900
20.60975000
20.59345800
20.78495800
20.65658400
21.53762500
23.32037500
23.25679100
20.75070900
20.17870800
20.53670800
20.20333400
19.71708300
19.98083300
19.10129200
19.19600000
18.66866700
18.26483300
18.45375000
18.36941700
18.11212500
18.07783300
18.32633300
18.15475000
19.12412500
17.28787500
17.21762500
17.12233400
17.14050000
18.03387500
18.90104100
19.17825000
17.72654200
17.74366700
18.26245800
18.32804200
19.30558300
19.64795800
20.02241700
19.83541700
19.64608300
19.93579200
19.93562500
19.75525000
19.46104100
21.09429200
21.16862500
21.95275000
20.87104200
22.48837500
21.79391600
21.81345900
21.25733300
21.42312500
21.52025000
21.43954200
22.72108300
21.07745800
21.15775000
21.68645900
21.44812500
21.25154100
21.98487500
21.30412500
20.70979200
22.00800000
20.58216700
21.21616600
21.21933400
20.52562500
20.51391600
22.09925000
20.84441700
20.74841700
21.55837500
20.78000000
20.59895800
20.32916700
20.53387500
21.03012500
20.34179100
20.36983400
21.73912500
21.38491600
22.40229200
21.08070800
20.77995900
21.29195800
20.60829200
20.50233300
20.75750000
20.66145800
22.26158400
20.46158300
20.66791700
20.04866600
19.95120900
20.90262500
20.30725000
20.13575000
20.80654100
20.16666700
22.36516700
21.46200000
20.54141600
22.02091700
20.81062500
21.01416700
22.73195800
21.13937500
21.94341700
21.96583300
20.67387500
20.37337500
22.07225000
20.47000000
20.50891700
21.73737500
21.10904100
20.81795900
21.29833300
20.87033300
23.70508400
26.92770800
25.06858300
28.93366700
40.15733300
7.60562500
247.21562500
20.22016700
20.21700000
20.37254200
20.16079100
19.96729200
20.08616700
20.15716600
20.13958400
20.09070800
20.10341700
20.24216600
18.54504200
18.43933300
18.83241700
18.55929200
18.69950000
18.19358300
18.29387500
18.46762500
18.70979200
18.72116600
18.63687500
18.91883400
18.65400000
18.65075000
18.59483300
19.06712500
18.68095800
18.61000000
18.63404200
18.73758300
18.61891700
19.32950000
18.67754200
18.85770800
17.93541700
17.56175000
18.53908300
18.73683300
18.55900000
18.39933400
19.64541600
19.38762500
21.31029200
18.88425000
20.52083300
20.82804200
20.61058300
18.82591700
19.00187500
18.64937500
18.63300000
18.27583300
19.69191700
18.50950000
18.77075000
18.73670800
18.85166700
18.97379200
18.41925000
18.88137500
18.73166600
18.69616700
18.62333300
18.72354200
18.56570800
18.62633400
18.67562500
18.55562500
18.54112500
18.35845800
18.43979200
18.15262500
17.98633300
18.11837500
18.00883300
16.93312500
16.62191700
16.61716700
16.51941600
16.63741700
16.52879200
16.56358300
16.52529200
16.47383300
15.57537500
15.77254200
15.54308300
15.46016700
15.45862500
15.48379100
15.53145900
15.53800000
15.55616600
15.49925000
15.45437500
15.41770900
15.49775000
16.32895800
15.61745800
15.74829200
15.67241700
15.47412500
14.67008300
14.91837500
15.46183300
16.17104200
15.93612500
16.11008300
15.93495900
17.09445800
17.05966700
17.00950000
17.05041600
16.96762500
17.12487500
16.83725000
18.26270900
18.35458300
18.25704200
18.33804100
18.40754200
18.74345800
18.47650000
18.53895900
18.33016600
18.30825000
18.25758400
18.43183300
18.29833300
18.36416700
18.61750000
18.40370800
18.29933400
19.40395800
19.03779200
20.16608300
19.02675000
19.36037500
19.31137500
19.19495800
18.46508400
19.22850000
18.87875000
19.19737500
20.13337500
19.96554100
19.10487500
18.74408400
20.01470800
19.03670800
18.59854200
18.89387500
19.22341700
20.31829100
18.54429200
19.77737500
19.20508300
20.14729200
19.07195800
18.32670900
19.35116600
19.16612500
19.72354200
19.14554200
18.78470800
19.38337500
18.97266700
19.96858300
19.02050000
18.48137500
19.23425000
18.86433300
18.80520900
19.00770800
18.96875000
18.94762500
19.21483300
19.09287500
19.97954200
19.04500000
18.86620800
18.66345900
19.00762500
18.51787500
18.32820800
18.26041700
18.20850000
18.74512500
18.88191600
19.40562500
18.24587500
19.48329200
19.37979200
18.50962500
19.97037500
19.11012500
19.59145800
18.25212500
19.37733300
18.56883400
19.27766600
18.68637500
19.04025000
18.78729200
19.24333300
19.82066700
19.27066700
20.25929100
18.68854200
19.34658300
18.46891700
19.25104200
18.37670800
18.21550000
18.46533300
19.01554200
19.07666700
19.82816600
19.93354200
18.51229200
18.50504100
19.52050000
18.85295900
18.49341600
18.40062500
18.43641700
18.52858300
19.26650000
18.62625000
18.79725000
18.40316700
18.58037500
18.74283300
18.44229200
18.30362500
18.82654200
18.62825000
18.58529100
18.71195900
18.82950000
18.94766600
18.89458400
18.64041600
19.10683400
18.70695800
17.20720800
17.43866700
17.60483300
18.83175000
17.79458400
17.31566600
17.04045900
17.44825000
17.03358300
18.00933300
17.73537500
17.43462500
18.62716700
18.89970800
19.39437500
18.94370900
18.86212500
17.37708300
17.17845800
17.31395900
17.38679100
17.06454200
17.63233300
17.33991700
17.41295800
18.64691700
17.33508300
17.07329200
18.72254200
17.89683300
18.25766700
18.00220800
17.33458300
18.27029200
17.25937500
17.24904200
17.30308300
18.77170800
18.71012500
18.45833400
18.02425000
18.02754100
17.78308400
16.56545800
16.61475000
16.56650000
16.71433300
16.54654200
16.77666700
16.68441600
16.53054200
16.15291700
15.47950000
15.49116600
15.54970900
15.59862500
15.48212500
15.72583300
15.58500000
15.63604200
15.52241600
15.61412500
15.72329200
15.53604200
15.60829100
15.49212500
15.68783400
15.52308300
15.64554200
15.54208300
15.41812500
15.86250000
16.23191700
18.70041600
16.90358400
17.48750000
17.02129100
17.29908400
18.56100000
18.85575000
18.82387500
20.04529100
20.42629200
20.62908300
20.35295900
20.30483300
22.37666700
25.75350000
23.38187500
23.93533300
26.36341700
24.66162500
25.95658300
26.42354200
26.87645800
27.59720800
26.90283400
24.60158300
23.70337500
28.65304200
28.70604100
25.99541700
26.42012500
26.06837500
26.03312500
25.88354200
25.70750000
25.78679100
25.49091700
23.62858300
23.57416700
24.05470800
23.87133400
25.80258300
23.72229200
26.28466600
25.55800000
23.46266700
24.21308300
23.11704200
23.12079200
23.49450000
23.66291600
23.29787500
22.79554200
22.88254200
23.09412500
22.85670800
23.41941700
24.44270800
24.54170800
25.38954200
22.74154200
22.72479100
23.40479200
24.24020800
23.86058400
23.36529100
23.38054200
23.43837500
24.62375000
26.62429200
23.46383300
21.16270800
20.69179200
21.05600000
21.09675000
20.92362500
20.92662500
20.79141700
20.99020800
21.19679200
20.62170800
21.14654200
20.66833300
20.53966700
20.52487500
20.52770800
20.29487500
20.10029200
21.66270800
19.57570800
19.44675000
20.66741700
19.53145800
18.98083400
18.81841600
20.19233400
18.64000000
18.54887500
19.44341600
19.57645900
18.92379100
19.52616700
18.61170800
19.49329200
19.30200000
19.30220800
19.74500000
18.91666700
19.44766700
20.18858300
20.46441700
20.11600000
19.87866600
19.73204200
18.77129200
19.49054100
17.98237500
18.39316700
18.67650000
19.21058300
17.86895900
17.67704100
18.02195900
17.72050000
17.72145800
17.74929200
17.92929100
18.07825000
17.95908400
17.97641600
17.77870900
18.27262500
17.94183300
17.89845800
17.86262500
17.60258400
18.18675000
17.79983300
16.56233300
16.62579200
17.82604200
18.88804100
17.88987500
17.50100000
17.48850000
17.07129200
17.85987500
16.57900000
16.55779200
17.46087500
17.26333300
16.64654200
16.96595800
17.23400000
17.76350000
17.17937500
17.49912500
16.66316700
17.19187500
16.76579100
17.62937500
16.81008400
17.89437500
17.85070800
16.97287500
18.13291700
16.64804100
18.07095900
18.03754100
17.25841700
16.47962500
18.16295800
17.05845900
17.36204100
17.46045900
17.28879100
18.08912500
17.61208400
16.98091600
16.79941700
17.59383300
16.66366700
16.58316700
18.01670800
18.40675000
17.85812500
17.51058300
17.33275000
18.15695900
17.33350000
17.60237500
16.40800000
16.06162500
16.07700000
16.03200000
15.98008300
15.90862500
15.86808300
15.83616700
16.54337500
15.90641700
15.55479100
14.79020900
14.87258300
14.85704200
14.89391600
14.78187500
14.70616700
14.76187500
14.87475000
14.84304200
14.80383300
14.69066700
14.63079100
14.73583400
14.64645800
14.70287500
14.80816700
14.64966600
14.82091700
14.98879200
15.10670800
14.98795800
14.91208400
15.64900000
16.02912500
16.40425000
16.44416600
15.95970900
15.95975000
16.03541600
15.81895900
17.11825000
17.48683300
17.12937500
17.52845800
17.34108400
17.02075000
17.06900000
17.46825000
17.32745800
17.04679200
17.02766600
17.05841700
17.15512500
17.07966700
17.06600000
17.10187500
17.03812500
17.10820800
16.85204200
17.43116600
17.85250000
17.10933400
17.90700000
18.46237500
18.70558300
18.57212500
18.66500000
18.24816700
17.65300000
19.11008300
17.66991700
17.91466600
17.57625000
17.39562500
17.24687500
17.63675000
17.93670900
16.83762500
17.58654100
17.15354200
18.23941700
17.40741600
17.68495900
18.21504100
17.17145900
17.60825000
17.68537500
16.94154100
17.24720900
17.06941600
17.65475000
16.93462500
18.55195900
17.25095800
17.79529200
17.30033300
16.84858300
17.60091700
16.67870800
17.72000000
16.81279200
17.61645800
16.65912500
16.96387500
17.81462500
16.62062500
17.43812500
17.18141700
15.91879200
6.82329100
969.54525000
24.10512500
23.64366700
22.94912500
23.49416700
24.17875000
24.95937500
27.47858300
26.69916700
25.73762500
27.90616600
26.84750000
25.20529200
25.68133300
26.16137500
27.03408400
24.72195800
24.35645800
25.41937500
24.14108400
24.35908300
26.43783300
26.95675000
25.76800000
25.34670900
25.40883300
23.40333300
23.63529200
23.32675000
23.42245800
23.85933400
23.46745800
22.38979200
21.69554100
21.73958400
21.48945800
21.69095800
21.64962500
21.75854200
21.88104200
22.71841600
22.05120900
21.87645800
21.88975000
21.87950000
22.82837500
22.94187500
22.85162500
24.96066700
24.37587500
24.87566600
24.22591700
24.36445800
24.53141700
26.37250000
26.82145800
26.72854200
26.66400000
26.20958300
26.53712500
26.66237500
26.24783400
25.59566600
25.37112500
25.64400000
25.47279200
25.43712500
24.42591700
25.16233300
24.17166700
25.22033300
25.43591700
25.67762500
25.55558300
24.93320800
26.43570900
25.57679100
26.38316700
25.16725000
26.10262500
24.12891700
26.01041600
24.98854200
25.97908300
24.95700000
26.21587500
24.27858400
26.41145800
25.07033300
25.32729200
24.87383300
26.73866700
26.13362500
25.62620800
26.97300000
26.60320900
26.14750000
26.09525000
26.19962500
26.38287500
26.39495800
26.98612500
24.65658300
26.16937500
25.81208400
25.74454100
26.21004200
26.07625000
26.08120800
25.33208400
26.61866600
26.35512500
25.19475000
26.41962500
26.45895900
26.41291600
27.59541700
26.05216700
25.81000000
26.49004100
25.24620900
24.82833300
25.70491700
25.56962500
24.71791600
25.93262500
27.72729200
30.33858300
26.77858400
26.63366600
26.32025000
26.59666700
26.53895800
27.56145900
26.70387500
26.48300000
26.50641600
26.55045900
26.98837500
26.89833300
27.22295800
26.40791700
26.14908300
24.47250000
24.16045900
24.12212500
24.11550000
25.08975000
25.59704100
24.63433400
25.45641600
24.88000000
23.97816700
25.32654200
25.10354100
25.44979200
25.70608300
25.14470900
24.26425000
23.41883300
24.50150000
25.91000000
30.42495800
26.59679200
26.74516700
26.84183300
24.42491700
24.88516600
25.88091700
25.24866700
25.17720800
25.30725000
26.17854200
24.06929100
24.93779200
25.39795800
25.38912500
23.89175000
25.07108400
23.73508300
25.06104200
23.51741600
24.31541700
24.84816700
24.72475000
24.86012500
25.17512500
25.19962500
25.34333300
24.49616700
24.50079100
25.17979200
23.09625000
24.46741700
25.52200000
26.60187500
25.78783300
26.54775000
25.10041700
23.51062500
22.40016600
24.79004200
24.88900000
23.94029200
23.68883300
25.27529200
24.22729100
20.97733400
23.94970800
22.67033300
21.98133400
20.95887500
22.59487500
22.93754100
22.05604200
22.32841700
22.82912500
23.27745800
22.22083300
22.42654200
24.51637500
24.77308300
24.82700000
24.29745900
24.81200000
22.92304100
25.23250000
25.02954200
24.51662500
26.35487500
26.87416700
26.38045800
26.36995800
24.85145900
26.48025000
28.02833300
26.52833300
26.42470900
24.91808300
26.67320800
26.56741700
26.12545800
26.52608400
26.97466600
27.59937500
27.14579200
26.06545800
26.66812500
26.58483400
26.26408300
26.15658300
26.11179200
24.57879200
27.77145800
27.87304200
26.24741600
26.63162500
26.58825000
27.02550000
27.70650000
26.97633400
26.68875000
26.64129100
26.35908400
26.57416600
26.54625000
25.44987500
26.42079200
29.45454200
27.32633300
27.00470800
28.86333400
27.72366600
27.46958400
26.68662500
27.16695800
27.17191700
26.90912500
26.57337500
27.15258300
25.45404200
28.21304100
27.00750000
30.00187500
25.30841700
27.00245800
26.57941700
26.31629200
25.91291600
28.37479200
27.32091700
27.28770800
27.41266700
27.39091600
27.07137500
27.27312500
27.08962500
26.73008400
26.11470800
26.18295800
27.96212500
26.38825000
26.08175000
26.25566700
26.73554200
26.79125000
26.46629100
26.77137500
27.46583400
26.29533300
26.49150000
25.86033300
25.72858400
26.39125000
25.42058300
23.37595800
27.54987500
26.96462500
26.75970900
25.90020800
27.30141700
26.59125000
24.97641600
28.93333400
27.55387500
27.28654100
26.60808400
28.42558300
27.58816700
26.89937500
25.80762500
28.19658300
27.08637500
27.48116700
28.17858300
27.12537500
28.48987500
25.58041700
28.14829100
26.41700000
26.42258400
26.97800000
27.41345800
27.19375000
26.72595800
25.89500000
26.38720900
26.92362500
26.32529100
27.30154200
26.62312500
24.36420800
27.17562500
27.37029200
26.35925000
26.21175000
26.72745800
26.98529200
21.68204200
26.55404100
32.46341700
29.55408300
28.71825000
26.92312500
33.20345900
30.86812500
29.55479100
33.40362500
30.58416700
31.65395800
30.95991700
30.65941700
30.30416600
30.51637500
30.17137500
28.39437500
27.05025000
27.36458400
24.06216600
29.26675000
26.76679200
25.86458300
25.58883400
26.63258300
26.71870800
26.42916700
26.35850000
26.32879200
26.20116600
26.33100000
26.48383400
24.77883300
28.29354200
26.95770800
25.62937500
25.72341700
25.75904100
24.49433400
23.05741600
23.47433400
24.14420800
21.08504200
21.05887500
20.39579100
21.30516700
19.56237500
19.54454200
19.70020800
19.40866700
19.51291600
19.48487500
19.48062500
19.26595900
19.50825000
19.61945800
19.57316700
19.47158300
19.11800000
17.27645800
21.29000000
20.98408400
20.27491600
20.30337500
20.29962500
19.81404200
22.46558300
21.46516700
21.23016700
22.02154100
21.14241700
21.50758300
21.19325000
21.48958400
20.81608300
24.17762500
21.12083300
26.64283400
24.15379100
24.34408400
25.25725000
24.87104100
24.23783400
24.02516600
23.88758400
23.38091600
23.40925000
24.49412500
22.87391700
25.39554200
24.15937500
23.75220800
22.93420800
22.72570900
22.92620800
24.07591700
23.63183300
22.69754200
23.37766600
22.87845900
23.32625000
22.78291600
22.11841700
24.07029200
23.29254100
23.78008400
23.47291600
23.54466700
22.28312500
23.30116700
23.46133300
23.10858300
23.54754200
22.55658300
22.46062500
22.67529200
22.22175000
21.55275000
22.30579200
22.55125000
22.49462500
22.25625000
21.81025000
23.13650000
22.38141600
22.46245900
21.91033300
21.70662500
22.22712500
21.12133300
21.70950000
22.95612500
22.22779200
20.94383300
22.33895900
22.07091600
21.34154200
21.34445800
21.99016700
20.99037500
20.58583300
25.38479200
22.70320800
21.86400000
22.89604200
21.86841700
22.91804100
22.70541700
22.35237500
19.86566700
26.44800000
23.46083300
22.02925000
23.18304200
23.57729100
22.20245900
23.25308300
23.12166700
22.71908300
23.03229200
22.89058300
23.23991700
22.30941600
23.22441700
23.63225000
23.09395800
23.33370900
24.01045800
22.93937500
23.41320800
22.65862500
22.70037500
22.02058400
23.22979100
22.95358400
23.04370800
22.75608300
23.32104200
22.86800000
22.32725000
23.42737500
21.62625000
22.95287500
22.76720800
22.76779200
22.74595800
22.98070900
22.90891600
22.92808400
22.10183300
22.59104200
22.58579100
22.39579200
22.59500000
22.77929200
21.51566600
21.73133400
22.91129100
22.27645900
22.00604100
22.80837500
22.95991700
22.88225000
22.17666700
23.04479100
26.57975000
29.12475000
27.74487500
26.64337500
25.91166700
29.01512500
25.15704200
26.66854100
26.59741700
26.89300000
26.34862500
26.12616700
27.15575000
26.32483300
26.42662500
26.05270800
27.85441700
27.38195800
28.82108400
28.60887500
28.60725000
27.63466600
28.72941700
29.30233300
28.10791700
27.83937500
27.19054200
26.35150000
26.14479100
26.37841700
26.26016700
25.88362500
25.77191600
25.64770900
24.70616600
27.56437500
25.60433400
25.77312500
25.79591600
26.01912500
25.84087500
25.78379200
25.75895800
25.38987500
26.34475000
24.54300000
27.10416700
28.23129200
27.24279100
25.72083400
27.85266600
26.04625000
29.43095900
28.90858300
28.17879200
24.97166600
25.06604200
24.99387500
24.87937500
23.45783300
22.41916700
24.11475000
23.07533300
23.38850000
23.25095900
21.88420800
21.84733300
21.66816700
21.58858300
21.78166700
21.38458300
21.52233400
21.12379100
21.64991700
21.07933300
20.96333400
18.13737500
18.76020800
18.66204200
18.80041600
18.71012500
19.62791700
19.67191700
19.83379100
19.63804200
19.53875000
20.06170800
19.56625000
19.76087500
19.59766700
19.93566700
21.03495800
21.34012500
21.65566700
21.17025000
22.05483300
21.33354200
21.39104100
21.03466700
20.37029200
20.29258300
19.11287500
19.81429200
19.74754100
19.89979200
20.44529200
20.18758300
20.03733300
21.39400000
21.83354200
21.68462500
22.09854200
21.82625000
21.77658300
21.86700000
23.47300000
23.59329200
23.34895800
22.88529200
26.40087500
25.48595800
25.15800000
24.80087500
24.84858300
26.69150000
28.00691700
26.29345800
35.06204200
27.36487500
132.84600000
51.04845800
34.79958400
35.44591600
37.63766700
37.98504200
35.20962500
33.72862500
30.74112500
29.75891600
29.77754200
29.48920800
30.05812500
31.26587500
29.56833400
31.28250000
29.16570800
28.93266700
31.37425000
29.05608300
29.04741700
29.53037500
31.13412500
29.66133300
28.71854200
24.85012500
24.38045800
25.28637500
24.68633300
24.24295900
24.99929100
23.88908400
23.71412500
24.99208300
26.39958300
23.53316700
23.38120800
23.54912500
23.30833400
23.02729100
23.38412500
21.84329200
21.98833300
22.22066700
23.06779200
22.07345800
23.23070800
22.43662500
22.05200000
21.94400000
22.24958400
22.65520800
22.87350000
22.18825000
22.19758300
24.41162500
24.26508400
26.18537500
27.37491600
26.55750000
27.14800000
26.71066700
26.17633300
26.41825000
26.15766700
26.77862500
25.98120800
26.94554200
25.90954200
26.88233300
27.49725000
28.19320800
26.21516700
26.50733300
25.60033400
26.34950000
25.36612500
23.84120800
24.95279200
25.80629100
24.70220900
24.90725000
25.26787500
23.74595800
24.00887500
22.35912500
22.99412500
22.30912500
19.77787500
20.81400000
18.47054200
19.17275000
18.51879100
18.91608400
19.64762500
20.00020800
18.63766700
18.51216600
18.75058400
19.07895800
18.44754200
18.23291600
19.01325000
19.13033400
19.18750000
19.98045800
19.12254200
19.63979100
19.64450000
19.20154200
18.97462500
19.79404200
19.19225000
18.90258300
20.39120800
20.17658400
20.50175000
20.28304100
20.25616700
20.04870800
19.90433400
21.33054100
21.51345900
21.96366600
23.29779200
22.91604200
23.67379100
22.53804200
21.53362500
21.23066700
21.56129100
21.02237500
22.10104200
22.60250000
22.19516700
21.90816600
21.20029200
21.00029200
21.24829100
20.98683400
20.70616600
21.75987500
22.98450000
22.77737500
23.46929200
21.98908300
21.47208400
22.69195800
22.88579200
22.98516600
24.93720900
24.88512500
25.31841600
25.04937500
24.55362500
24.60733400
24.47233300
25.35283300
25.29979200
25.62470800
25.10533400
25.00800000
25.54083300
24.85479200
24.63345800
26.16591700
26.89287500
27.82200000
28.07987500
28.60875000
26.29983300
25.78237500
27.03020800
27.13316700
26.93158300
28.10408400
24.55166600
25.74204200
26.08287500
25.77595800
25.76937500
25.03750000
24.60258400
25.21779100
26.24912500
24.82133400
27.04262500
27.52512500
26.32783300
25.16191700
25.68854100
24.37700000
25.38645900
25.75025000
25.75291600
24.97625000
27.25545900
29.91554100
27.73120900
27.47470800
30.36095800
26.31862500
25.14770900
26.06845800
26.17112500
25.60579200
25.09412500
27.49900000
25.66020800
26.16754200
26.49291600
26.01370900
26.47200000
26.82950000
27.83291600
25.63454200
26.49800000
26.14370800
25.54612500
30.28729200
35.67587500
39.09641700
31.51637500
31.91883300
33.44575000
36.97370800
39.48533400
39.52154100
36.02725000
38.91837500
35.58000000
36.14737500
28.21025000
30.58704200
27.96529200
28.65783300
29.37483300
28.41591700
30.20420800
30.21466700
28.64229200
27.05970800
26.50870800
26.53533400
27.21754100
26.11575000
26.00479200
26.82525000
26.59850000
26.70495800
26.57383400
26.47633300
25.89937500
26.65662500
27.02179200
26.86870800
26.41716700
26.42329100
26.32025000
26.50625000
26.60241700
26.32466700
26.24812500
26.01270800
26.71858300
26.30337500
26.71045900
26.64512500
26.44354100
26.74641700
27.27962500
26.26891700
25.75562500
25.64495800
25.21854200
25.35362500
25.03220800
26.05645800
26.95695900
25.40029100
26.07129200
25.11150000
24.02291700
25.09462500
24.44850000
24.45891600
23.74162500
26.40425000
26.52862500
24.82045900
24.62266600
24.67833400
25.43466600
25.41575000
24.28091700
24.80987500
24.43783300
24.70362500
25.02512500
25.78708400
25.23791600
24.98208400
24.60725000
23.74075000
24.64495800
24.79812500
26.83862500
25.44545800
27.50566700
28.95429200
25.15275000
25.07683300
27.40433300
25.22637500
25.65616700
26.32200000
26.82129200
23.75779100
24.12462500
23.81304200
23.01637500
22.68641700
21.63354100
20.90662500
21.77920900
20.44037500
21.02037500
21.48233300
21.59012500
22.10558300
21.97216700
21.13800000
20.98625000
21.25870800
20.11037500
21.16754200
21.26808300
19.74279200
21.72554200
21.24620800
21.17825000
21.59887500
20.64300000
6.08950000
204.70200000
15.85320800
15.84995900
16.09270800
15.77329200
15.60200000
15.75050000
15.84150000
15.59575000
15.84583300
15.65845800
15.69520900
15.66195800
16.51258300
16.22062500
17.60566700
16.50650000
16.35062500
16.88754200
16.58100000
16.28795800
17.27545800
16.59041700
16.71966700
16.94091600
16.18675000
17.12516700
17.02125000
16.05383300
16.75629200
15.99016700
16.07841600
16.88158400
16.17687500
16.04408300
16.70337500
16.52387500
16.53712500
15.66858300
16.02216700
16.34170800
15.67787500
16.11929200
15.89908300
16.66445900
15.39958300
16.12912500
15.70245800
16.39720900
16.07558300
16.59883300
15.91629200
16.00950000
16.13020800
15.64408400
15.83820800
16.40883300
16.29920900
15.84208300
15.63425000
16.32870800
15.71325000
16.48345900
15.31491600
15.75391700
16.44458300
15.47225000
15.20225000
16.01612500
15.15312500
15.98941700
14.98245800
15.67137500
15.01195900
16.11312500
16.55462500
16.89329100
16.85379200
16.41741700
16.72616600
16.51950000
16.74100000
16.63437500
16.67183400
16.68045800
16.86412500
16.54525000
16.71925000
16.59845800
16.80508400
16.75425000
16.66308300
16.54033300
16.78758400
16.57104100
16.73766700
16.82179200
16.46879100
16.86450000
16.65412500
16.69991700
16.72041700
16.61445800
16.65291700
16.74833300
16.57041700
16.58254100
16.77491700
16.84266700
16.45383300
16.73929200
16.61441600
16.73154200
16.74675000
16.58425000
16.75950000
16.71750000
16.66754200
16.56345800
16.83866700
16.58070800
16.80079200
16.90025000
16.75029100
16.46208400
16.65025000
16.68166600
16.93675000
16.57500000
16.65450000
16.89387500
16.52141700
16.52987500
16.73770800
16.98054200
17.80025000
18.38616700
17.61266600
18.00775000
18.58937500
20.93062500
17.96212500
18.01029200
27.64308300
29.43637500
20.01583400
19.94120800
19.53791700
21.52800000
20.80754100
20.57612500
20.28166700
20.41125000
18.31145800
19.47308400
19.22170800
20.26112500
19.48554200
18.06470800
19.77075000
19.71708300
18.33454200
19.51687500
19.53254200
18.42470800
19.57625000
19.86383300
19.63600000
17.98283400
17.37666600
17.40512500
17.07279200
17.22529200
18.36950000
17.05716600
17.36770900
18.07791600
17.52512500
17.56070900
18.02025000
17.45083300
17.22604200
17.08216600
17.75470900
17.15870800
17.42112500
17.07208300
16.63395900
17.31287500
17.16025000
17.95220800
16.88545800
18.21816700
17.39395800
18.46833400
18.80895800
21.54779200
19.50091600
23.00295900
20.86212500
18.11625000
17.91629100
15.73495900
16.98404100
16.67541700
16.79879200
15.03354100
14.76987500
14.58379200
14.50233300
15.00150000
15.12408400
14.42470800
13.09837500
13.18062500
13.20533300
13.25329200
13.58104200
13.58737500
13.10862500
13.07079100
12.95920900
12.66845800
12.12320800
12.08566700
12.02270800
12.06666700
12.18879200
12.06295800
12.10670800
11.98075000
11.81787500
12.14895900
13.49820800
16.68962500
16.59941700
16.66408300
16.70283300
16.73358400
16.73195800
16.66541700
16.66520800
16.68941700
16.66925000
16.68475000
16.84670800
16.58095800
16.77750000
16.61137500
16.64300000
16.72637500
16.69970900
16.68395800
16.77383300
16.77120900
16.48391600
16.66125000
16.75558400
16.60758300
16.71345800
16.71750000
16.69091700
16.64679200
16.71733300
16.68912500
16.67241700
16.72245800
16.74366700
16.70179100
16.67958400
16.62925000
16.69741600
16.72433400
16.65250000
16.64554100
16.71670900
16.71229100
16.61691700
16.71866700
16.64008300
16.73541700
16.68762500
16.61904100
16.72804200
16.71904200
16.67858300
16.67375000
16.65875000
16.69929200
16.64962500
16.72075000
16.68275000
16.65504100
16.76204200
16.59995800
16.66391700
16.76062500
16.66262500
16.70845800
16.75754200
16.58475000
16.69295800
16.65795900
16.69487500
16.67162500
16.63320800
16.73329200
16.76837500
16.59412500
16.80845800
16.71370800
16.52445900
16.77758300
16.69720800
16.69075000
16.58620900
16.72570800
16.63108300
16.68125000
16.73891700
16.63950000
16.69750000
16.71654200
16.67958300
16.67850000
16.69391700
16.66633300
16.69629200
16.64345800
16.58341700
16.81591600
16.65954200
16.56504200
16.78020800
16.72175000
16.59900000
16.79970800
16.48204200
16.85345800
16.62995900
16.84612500
16.52558300
16.68495800
16.77233400
16.61808300
16.61379200
16.94358300
16.48233300
16.74383400
16.63066600
16.68791700
16.66887500
16.69675000
16.67170800
16.74791700
16.60183300
16.55925000
16.90687500
16.47129200
16.70583300
16.70250000
16.73187500
16.61458400
16.78754100
16.57812500
16.67733400
16.70358300
16.77654200
16.57100000
16.76370800
16.60833300
16.63462500
16.83304200
16.74995800
16.61712500
16.48025000
16.82087500
16.60225000
16.64700000
16.64345900
16.72145800
16.73066700
16.59704100
16.68070900
16.72483300
16.69883300
16.66125000
16.75004200
16.58983300
16.67179200
16.70970800
16.62558400
16.72812500
16.70991600
16.64795900
16.64533300
16.80375000
16.65329200
16.63708300
16.64125000
16.78733300
16.58591700
16.73308300
16.64637500
16.66920900
16.69387500
16.69212500
16.69487500
16.64875000
16.67858300
16.69991700
16.68612500
16.66908300
16.84870800
16.56225000
16.68741700
16.64737500
16.66770800
16.68266700
16.84629200
16.54120800
16.66541700
16.69854100
16.67750000
16.69891700
16.73429200
16.61787500
16.81245800
16.66320800
16.67812500
16.62754200
16.66350000
16.66850000
16.84716700
16.60987500
16.60470800
16.74854200
16.66945800
16.63220800
16.71079200
16.69316700
16.63466600
16.68566700
16.74570800
16.59987500
16.71308400
16.71933300
16.62370800
16.67575000
16.72541700
16.64054200
16.69983300
16.82487500
16.52800000
16.82650000
16.55091700
16.81520800
16.68875000
16.55633300
16.65766700
16.68191700
16.85087500
16.60908300
16.86037500
16.60104200
16.52783300
16.70350000
16.67220800
16.67791700
16.75416700
16.61075000
16.67920800
16.68087500
16.68970800
16.64875000
16.74491700
16.66729200
16.65666600
16.72470900
16.61633300
16.71204200
16.74887500
16.60137500
16.68450000
16.72262500
16.64716600
16.69420900
16.77670800
16.57504200
16.67783300
16.73658300
16.63087500
16.71445900
16.77558300
16.56604200
16.76979100
16.63654200
16.65212500
16.69120800
16.71554200
16.69733300
16.63433400
16.70970800
16.63541700
16.75904100
16.63004200
16.66250000
16.70670800
16.66437500
16.69154200
16.69929200
16.66300000
16.79666600
16.64191700
16.65166700
16.68229100
16.73541700
16.60208300
16.71545900
16.71900000
16.63675000
16.71454100
16.66200000
16.66304200
16.69433300
16.74350000
16.71375000
16.62633400
16.74266600
16.65525000
16.70833400
16.71062500
16.61183300
16.68995800
16.78995900
16.58687500
16.66100000
16.75083300
16.66087500
16.71575000
16.64266700
16.63083300
16.78400000
16.69375000
16.57650000
16.73495800
16.64695900
16.71387500
16.61683300
16.72250000
16.66545800
16.71629200
16.66350000
16.74104200
16.60625000
16.77866600
16.54541700
16.73483300
16.75750000
16.59083400
16.68733300
16.66925000
16.73720800
16.64620900
16.72712500
16.58912500
16.80541600
16.60820900
16.63204100
16.88191700
16.52691700
16.67625000
16.78175000
16.64145800
16.60320800
16.84275000
16.58141700
16.62579200
16.79620800
16.57754200
16.74841600
16.71395900
16.65854100
16.59937500
16.72845900
16.66750000
16.65729100
16.81012500
16.56991700
16.66050000
16.74079200
16.62520800
16.70458300
16.67537500
16.66312500
16.69270900
16.70850000
16.65129100
16.68033400
16.73762500
16.62295800
16.69266700
16.74025000
16.62637500
16.69437500
16.77975000
16.57425000
16.72395800
16.68862500
16.63929200
16.73887500
16.68925000
16.65625000
16.73970800
16.62175000
16.67770800
16.74779200
16.60016700
16.68345800
16.67733300
16.82170900
1023.79820800
22.67483300
23.30654200
23.66670800
24.83241700
26.84791700
27.06404100
28.61191700
28.43120800
32.04500000
32.58683400
29.90345800
30.20208300
29.61662500
31.11058400
31.60816600
29.92529200
31.02137500
30.21658300
30.05166700
29.31916700
30.62104100
29.44383400
29.14812500
29.58729100
29.15295900
29.05145800
29.25154200
30.69262500
29.31312500
30.31404100
29.35775000
29.20800000
29.16704200
29.04345800
29.42416700
29.50695800
29.08520900
28.96845800
29.00491700
29.10412500
28.75370800
29.12770800
29.73650000
29.37050000
30.17887500
28.96579200
29.22041700
29.24162500
29.17633300
29.71937500
30.11429200
30.16379100
29.77175000
30.79341700
34.95675000
29.61475000
30.42962500
29.67870800
29.18641700
29.85720800
29.09616700
28.84858300
29.51420900
30.63770800
28.22887500
29.21683300
28.53333400
28.50066600
29.60850000
28.28600000
28.98316700
27.62558300
28.01470900
28.28204100
29.71679200
28.25529200
29.62987500
28.20779100
29.66829200
29.89645800
28.86162500
30.35941700
28.50912500
29.12141700
28.46908300
28.34162500
28.79566700
29.73083300
28.61141700
29.02258300
29.12816700
28.05620800
29.32800000
28.32770800
29.46412500
28.18883400
29.25150000
29.73029100
29.37820900
30.02512500
28.83362500
28.08487500
29.46087500
28.28054100
28.04933400
29.14491600
29.01358400
29.33075000
27.95550000
29.20570800
29.31054200
31.70241600
29.84066700
32.01154200
30.45779100
29.81025000
30.41166700
31.24187500
29.47495800
29.06562500
29.01345900
29.42954100
29.12241700
28.91695800
29.97262500
30.06125000
29.15737500
29.07654200
29.01145800
28.82695900
28.62954100
29.95312500
29.07375000
29.16725000
28.22250000
30.23770900
29.17891600
28.85895900
29.39908300
28.69337500
28.88837500
29.67208300
29.80675000
28.91237500
28.71562500
29.91829200
29.22045800
29.02850000
28.51041700
27.89416700
27.93391600
27.59341700
32.14233300
23.50108400
26.86700000
27.79950000
27.03279100
26.75316700
28.04516700
28.12483300
28.70283300
27.72054200
25.67420800
24.80233400
25.14654100
24.70895900
24.67954100
25.99712500
25.44779200
23.17900000
23.31945800
22.88829200
22.54645800
23.91433400
23.57045800
23.28833300
23.05875000
22.82312500
23.05341700
22.27741700
22.92845800
21.79400000
22.54404200
23.22720800
23.72129200
26.25545800
24.56695800
27.08166700
27.58133300
27.86070900
27.47537500
27.28995800
26.40395800
28.13012500
26.53445900
29.13212500
28.95966600
30.02175000
29.86845900
32.41425000
29.33641600
29.61870900
28.42820800
28.59187500
29.15491700
29.88308300
29.95866700
29.54212500
29.16337500
31.41500000
29.95537500
30.09779100
26.90183400
31.65662500
29.36683300
29.32150000
28.11670800
31.08912500
29.60266700
29.14154200
29.73329100
29.55383400
29.10745800
29.32025000
29.71083300
29.23691700
29.65587500
29.13212500
29.43895800
31.39795900
32.36833300
34.23425000
37.56650000
32.52137500
34.31445800
32.76741700
28.48916700
31.89425000
30.40162500
28.27420800
29.28320800
31.25329200
29.11795800
30.42516700
28.43370800
29.70470900
31.20204100
29.64562500
29.31566700
30.23745800
29.26166700
29.21275000
29.79541700
28.15558300
30.28470800
27.02908400
31.76600000
29.39875000
28.72475000
29.45966600
30.15970900
27.93995800
28.64712500
27.43091700
27.69437500
27.67483300
27.58862500
27.70291700
28.01225000
27.30320800
28.96654200
26.55812500
29.05025000
28.57375000
25.88525000
31.04820800
29.36862500
30.18529200
29.26633300
28.25420800
24.86045900
29.30183300
26.87479200
26.28150000
25.41487500
29.98370800
27.40004200
27.08691600
28.27670900
27.55362500
26.96691600
26.96404200
27.41720800
28.11187500
26.87983400
26.93183300
26.69704200
27.98158300
26.86462500
26.67100000
26.93495800
25.72716700
28.30358300
27.95375000
28.72158400
29.32912500
29.65033300
26.76791700
26.94037500
30.36429100
27.91862500
30.45658400
27.89654100
25.80800000
26.12762500
25.53125000
27.38366700
26.36679200
25.76150000
23.12945800
25.18087500
23.48908300
25.25445900
24.60125000
24.59445800
23.80070800
23.58137500
24.96233400
21.86841600
26.77766700
25.94812500
24.76754200
23.51845800
25.93183300
24.85820900
25.07329100
27.72500000
26.61170900
27.80862500
25.19491600
27.52837500
35.98425000
31.92595900
69.02029100
52.90795900
33.70245800
34.64891700
31.99916600
31.89004200
33.77570800
34.15750000
34.72341700
32.48504200
29.65720800
27.42891700
33.59929100
29.76083400
30.82912500
29.70579100
29.59650000
28.33741700
29.71545800
29.98462500
29.25954200
29.61983300
29.47779200
29.46650000
29.39533300
29.60987500
29.36887500
29.18154200
29.93237500
29.60179200
29.77504100
29.55229200
29.56070800
30.89808400
31.05183300
35.99937500
33.41133300
35.30325000
32.26858400
28.44729100
29.81850000
32.09308400
29.57095800
29.55254200
28.83375000
29.60241600
32.04679200
27.20629200
31.70966600
30.96670900
30.21712500
29.20229100
28.55133400
32.35391600
29.33120900
28.44916600
32.75891700
26.28954200
26.30958300
26.55833300
24.88029200
26.41562500
24.64866700
29.22150000
26.34795800
28.53704200
29.37512500
30.80212500
27.71541600
29.23525000
27.51266700
29.00795800
24.76175000
27.14854200
28.37045800
25.68637500
27.98162500
25.05395900
27.23562500
28.37054100
26.34283400
27.84175000
27.09837500
26.93283300
24.47879200
28.75550000
25.90191600
29.27312500
26.55745900
26.94837500
24.02004100
28.19658400
26.23025000
27.16354100
27.05533400
26.53670800
26.85137500
26.17979200
26.49229100
26.46212500
27.08137500
26.43058400
27.22879100
26.42133400
27.26770800
28.44920800
26.80425000
26.60633400
24.65641600
28.16875000
26.57658400
25.58570800
26.07237500
25.95700000
27.86908300
26.98825000
25.98937500
23.74058400
29.74400000
26.17925000
27.55470800
26.38966700
26.51500000
26.04316600
25.41654200
26.71533300
27.51958400
25.24645800
28.52587500
26.84108300
26.05812500
26.13783400
26.45637500
27.09100000
26.61008300
27.09595800
26.77720900
26.99554100
27.38262500
26.44091700
26.63850000
27.34641700
26.84341600
26.00500000
28.04395900
29.15441600
27.50154200
26.83566700
28.13737500
27.33491600
27.16537500
26.30987500
24.77845900
24.84400000
24.77595800
24.70887500
24.15133300
23.90937500
22.76987500
22.79379200
23.06583300
22.77966700
22.59491700
22.71108300
22.60479200
22.81470800
22.67362500
22.49425000
22.99400000
23.09533300
22.81687500
22.03304200
22.97900000
24.26483300
23.55112500
23.80283400
24.71741600
25.29070900
24.63675000
25.88808300
25.42283300
25.17887500
25.04629200
26.31662500
26.43541700
28.50604100
27.67783400
27.63508300
29.56620800
28.17204200
27.53220800
27.84041700
27.46525000
26.37141700
27.54125000
27.35804100
26.38270900
27.41300000
27.18716600
26.65187500
26.98629200
27.18916700
26.83062500
27.27341600
27.18108400
27.13720800
27.61525000
27.34708300
26.78912500
26.20816700
27.84454200
26.78537500
26.51908300
26.51616700
26.80695800
27.06545800
26.92687500
26.32433400
26.51391600
28.02208400
27.09508300
27.04229200
26.64416600
25.95304200
27.33908300
27.40804200
26.67679200
26.49629100
26.65054200
27.54762500
26.46916700
26.47929100
26.61937500
25.82037500
29.83087500
28.34337500
27.04283400
27.34070800
27.77083300
27.46183400
28.96266600
30.51958400
29.53837500
35.18825000
33.04995800
30.26633300
29.02116700
30.43683300
29.74145900
28.92358300
29.43487500
26.60895800
25.52404200
25.70533300
29.51870900
29.79020800
30.14691700
30.69716600
32.42691700
33.14462500
33.25458300
38.25341700
31.80291700
31.32812500
32.88083300
34.78179200
31.50000000
29.90637500
30.36862500
29.80266600
31.45675000
29.68904200
29.58087500
28.72550000
29.96470800
29.54650000
28.47087500
28.81637500
28.68845900
29.16270800
26.22337500
25.11770800
26.15004200
25.10804200
24.72283300
24.91312500
24.95958300
25.41850000
24.96750000
25.84470900
26.11525000
25.03533300
25.30154200
24.82983300
25.06416700
25.03275000
26.71708300
26.71962500
26.04145800
25.90754200
26.58525000
25.64441700
25.46112500
26.24945800
26.21641700
24.82941600
25.01112500
25.28083400
25.43404100
26.24379200
25.47208300
24.29420900
25.53495800
25.28775000
26.10287500
24.59283300
24.74850000
25.05608400
24.23241600
24.67250000
25.15687500
25.82341700
25.64879200
25.05233300
25.28704200
25.05616600
25.73904200
26.02616700
25.88845800
25.49054200
26.12916600
27.51475000
25.28091700
24.84391700
26.81112500
28.57858300
26.69633300
29.33745900
28.39933300
26.16354200
25.91362500
25.69945800
25.67529200
25.61541600
