14.33270900
1651.95645800
16.32237500
22.49345800
10.87641700
23.44391700
15.26350000
16.90150000
11.11470800
22.31541700
11.05854100
22.43000000
10.95204200
22.31362500
11.06154200
22.33037500
11.00295800
22.25541700
11.12204100
22.23725000
11.14104200
22.00125000
11.34408300
22.22304200
11.17012500
22.18275000
11.16975000
22.14262500
11.22208300
22.65129200
10.71808300
21.83800000
11.52841700
22.31320800
11.05408400
21.80208300
11.54970800
21.87904200
11.50075000
21.87133300
11.48870900
21.88166600
11.48629200
22.04666700
11.30558300
21.61545800
11.76600000
21.99604200
11.36125000
21.98837500
11.38575000
21.91200000
11.45754200
21.69691600
11.67462500
22.08116700
11.26629200
21.81695800
11.56354200
21.74533300
11.62025000
21.99750000
11.37454200
21.78712500
11.60791600
23.47925000
9.85625000
21.93308400
11.49870800
21.74241700
11.60004100
21.71191700
11.65216700
23.02170800
10.32779200
21.87679100
11.47000000
21.66875000
11.76654200
21.32216700
12.01329100
21.59116700
11.75350000
21.50320800
11.87295900
23.11658300
10.27487500
21.63787500
11.68545800
21.64225000
11.74416700
21.55216700
12.05170800
21.69975000
11.42316700
21.60291600
11.78004200
21.44450000
11.88283300
21.66708400
11.76304100
21.98004200
11.35604200
22.46704100
10.87170900
23.06487500
10.35591600
22.62941700
10.67616700
22.94637500
10.45733300
23.14308300
10.19091700
23.13466700
10.38858300
23.41000000
9.79441700
22.88912500
10.48054100
22.96120900
10.39916600
22.79212500
10.61154200
22.80804200
10.51525000
23.93333300
9.50387500
23.25550000
10.07525000
23.26700000
10.07575000
23.30904200
10.10791600
23.08600000
10.22662500
23.31854200
10.10670800
21.89858400
11.41316600
21.43316700
11.96587500
21.06270800
12.30079200
20.81725000
12.51425000
21.99329200
11.69854100
23.09216700
10.60808300
24.27650000
8.83108400
23.33487500
10.03720800
22.27237500
10.90458300
22.42108400
11.09854100
22.32933400
11.04233300
22.25008300
11.02375000
22.35345900
11.15991600
22.07537500
11.23850000
22.02233400
11.39212500
22.44270800
11.07629200
22.06637500
11.19304100
22.46675000
10.93729200
22.55362500
10.96470800
22.14729200
11.14816700
22.10933300
11.44375000
22.30895800
10.88766700
21.76095800
11.63854200
22.09029200
11.21229100
22.90445900
10.60141600
21.71420900
11.61166600
21.64004200
11.72350000
21.64750000
11.68075000
21.52354200
11.94854100
21.70395900
11.65562500
21.47270800
11.78491700
21.34591600
12.20175000
21.38116700
11.89358300
21.09925000
12.34479200
21.37029200
12.09800000
21.05241600
12.37691700
21.08929200
12.21179100
21.24887500
12.50400000
21.38675000
11.57279200
21.07179200
12.31500000
20.82316600
12.66916700
20.71866700
12.79229100
20.58566700
12.69220800
20.47791700
12.76920800
20.45675000
13.12200000
20.40737500
12.80666700
22.09991700
20.38229100
7.48533400
20.69554100
12.69000000
20.95487500
12.39012500
20.78225000
12.81216700
20.54675000
12.64370800
21.24400000
12.26912500
20.62762500
12.71487500
20.51850000
13.02916700
20.72133300
12.43658400
20.64512500
12.70229100
20.88729200
12.36687500
20.58512500
12.87033300
20.92941700
12.39470800
20.83187500
12.56887500
20.63758400
12.75879100
20.66541700
12.74450000
20.51287500
12.94070800
19.83591700
13.57025000
19.91812500
13.41133300
19.78904200
13.47787500
19.79641700
13.61795800
20.46091700
12.97195800
20.26966700
13.48116600
22.29383400
10.51275000
19.35254100
14.35937500
19.89391700
13.51012500
19.82408300
13.42504200
20.02587500
13.22258300
20.07820900
13.51300000
20.13558300
12.94741700
19.76087500
13.62833300
19.65512500
13.81158300
20.09383400
13.29462500
19.98554100
13.48300000
19.72004200
13.73912500
20.15291700
13.05295800
20.39916700
12.95866600
19.63987500
13.95054200
19.58254200
13.47354100
19.88208400
13.85591600
20.15508400
12.98883300
20.18412500
13.09129200
20.09141600
13.39358400
19.74975000
13.46620800
19.61650000
13.77316700
19.81837500
13.72937500
19.67062500
13.58991600
19.43587500
13.86133400
19.57054100
13.70175000
19.19029200
14.44537500
19.68391700
13.70095800
19.80941700
13.56520800
19.28450000
14.03512500
19.34629200
14.03054100
19.40612500
13.69100000
19.50904200
14.08383300
19.70854200
13.66583300
19.45566700
13.74216700
19.63712500
13.89583300
19.63620800
13.71395900
19.50183300
13.82529200
19.82733300
13.57416700
20.06508300
13.31766700
19.53458300
13.73970800
19.76016700
13.77050000
19.87879200
13.50758300
19.84133300
13.32541700
19.51029200
14.02833300
19.77470800
13.61433400
19.71533300
13.50658300
19.78070900
13.55875000
20.93391600
12.99845900
20.24112500
12.66129100
20.25845900
13.09879100
19.71575000
13.79275000
19.39079200
13.93862500
19.41504200
13.98300000
19.64320800
13.46375000
19.47858300
13.96191700
19.43033300
14.03887500
19.71037500
13.60025000
19.82866700
13.47320800
19.47008400
13.89441600
19.56475000
13.79337500
19.37816700
14.05095800
19.26279200
14.18787500
19.58570800
13.33558400
21.42720800
12.16066700
21.09979100
12.05258400
21.15737500
12.30654100
20.77350000
12.55008400
20.63195800
13.08766700
21.08200000
11.97887500
20.33187500
12.99291600
20.05025000
13.45600000
19.37683400
14.21366600
19.15575000
14.03783400
18.59845800
14.80691700
19.13379100
14.34058400
19.50554100
13.67329200
19.06095800
14.36016700
19.00095800
14.33970900
19.38925000
13.74445800
20.47554200
12.89820800
22.16387500
11.48175000
22.02708300
11.53950000
20.79500000
12.43295900
20.61462500
12.71891600
20.60837500
12.61283400
20.85141600
12.62079200
20.70066700
12.74454100
20.86041700
13.06316700
17.20937500
16.18195800
17.14866700
16.15337500
17.15283300
16.18145800
16.87845900
16.60041600
16.77758400
16.28295800
16.93195800
16.55800000
16.84675000
16.68950000
16.67287500
16.59166700
17.05750000
16.37283300
16.79595900
16.54704100
17.19795900
16.10975000
17.08291600
16.24458400
17.00858300
17.18670800
17.65500000
15.96766700
18.80870800
14.11804200
21.24916700
13.46195800
20.23270800
12.61550000
20.06750000
13.79662500
20.55995900
11.40029100
19.79737500
13.34204200
18.05295800
15.34012500
17.63154200
15.77591700
17.39708300
16.05258300
17.79416700
15.30379200
17.70254100
15.77512500
17.03245900
16.36300000
16.82962500
16.36145800
17.26758300
16.30250000
17.22979200
16.05612500
17.21387500
15.38091700
20.92537500
12.48175000
24.12141600
9.55100000
22.36962500
10.93612500
25.40637500
8.92750000
22.39208400
9.89341600
22.05041700
12.04020800
22.61112500
9.55083400
21.17583300
12.65754200
21.66545800
11.38429200
21.77679100
11.63562500
21.51729200
11.66145800
20.84675000
12.49295900
20.83004100
12.89770900
21.02437500
12.15141600
21.04595900
12.58195800
21.62441700
11.39262500
21.13983300
12.44262500
20.82408300
12.39575000
20.54254200
12.93745800
20.76475000
12.72250000
21.13383400
12.41141600
21.08666700
11.95450000
21.14129200
12.33337500
20.89850000
12.30195800
20.70412500
12.85795800
20.81458400
12.57787500
20.91800000
12.32237500
20.83145800
12.59683300
20.87400000
12.51966700
21.09083300
12.32600000
20.80425000
12.45554200
20.95495800
12.43229200
20.76008300
12.56158400
20.74116600
12.61083400
20.78950000
12.65466600
20.88041700
12.49729200
20.74283300
12.64066700
21.21670800
12.02025000
21.07483300
12.22020900
20.75341600
12.59466700
21.29841700
11.97958300
20.84929200
12.76458300
21.18812500
12.16566700
20.97037500
12.50679100
21.01516700
12.12095800
21.50216700
11.99975000
20.79237500
13.05979200
22.15537500
10.79812500
22.09520800
11.21812500
20.57679200
12.75495800
21.04016700
12.65683300
20.22787500
12.78087500
20.69216700
12.55070800
21.01041700
12.59250000
20.77600000
12.48104100
20.66629200
12.41645800
20.82458400
12.80870800
20.79837500
12.44520800
20.58750000
12.81312500
21.07387500
12.27687500
20.69108400
12.70516600
20.35650000
12.89129200
20.81333300
12.86450000
20.71141700
12.62254200
20.60041600
12.44766700
20.51245800
13.09637500
20.77545900
12.69025000
20.24762500
12.95362500
20.45941600
12.96516700
20.44162500
13.06850000
20.76758300
12.30641700
20.02270800
13.48183400
20.07225000
13.33666600
20.32820900
12.99866600
20.24783400
13.00750000
21.54266600
11.73987500
21.36862500
12.39558400
21.27337500
11.71116600
21.26383400
12.26695800
21.33375000
11.91154200
21.11062500
12.40437500
20.98854100
12.38204200
21.06483300
12.16858400
21.17958300
12.22500000
21.14666700
12.21979100
21.31708400
12.11900000
21.22637500
11.94691600
21.13554200
12.17337500
21.20575000
12.35591700
21.37491600
11.95200000
20.62662500
12.81533400
20.82316600
12.49350000
20.25841700
13.20733300
20.83195900
12.49862500
20.83229100
12.32266700
20.85875000
12.74566700
20.77295800
12.56900000
20.56091700
12.98116600
20.73104200
12.41858300
20.42054200
13.00683300
20.90058400
12.26104100
21.02175000
12.49366700
21.03400000
12.03891700
21.59358300
11.87254200
20.60108300
12.71995800
21.19429200
12.15875000
20.85350000
12.55333300
20.58354200
12.76466700
20.54000000
12.86962500
20.73987500
12.77708300
20.71870800
12.63141700
20.55629200
12.58004100
20.57283400
13.11487500
20.69770800
12.66025000
20.46329200
12.71750000
20.76479100
12.71229200
20.49745800
12.86458400
20.64912500
12.79766600
19.84891700
13.64004200
20.34179100
13.24825000
20.44808400
12.77004100
20.10562500
13.24208400
20.27825000
13.07666600
20.49020900
12.96600000
20.26012500
12.96041600
20.87591700
13.09933300
19.70758400
13.11158300
20.20575000
13.08433300
20.71116700
12.70150000
20.38529200
13.00950000
20.68954100
12.63679200
20.44125000
12.95541700
20.53220800
12.84254200
20.47883300
12.85150000
20.54745800
12.82816700
21.11900000
12.23275000
20.60250000
12.85675000
21.12733300
12.21941700
20.80245800
12.37420900
20.26295800
13.18012500
20.35033300
13.24970900
21.23454100
11.83137500
20.96016700
12.37158300
20.34370900
13.12929100
21.11216700
12.61533300
22.82108400
10.23433300
20.22537500
13.13904200
20.15004100
13.19262500
20.13700000
13.21412500
20.48445900
12.87125000
20.56950000
12.82891600
20.27541700
13.03400000
20.04704200
13.25008300
20.26679200
13.02216600
20.40195900
13.13462500
20.14266600
13.08970900
20.24691600
13.24325000
20.30754200
13.02758300
20.03741700
13.27525000
20.34712500
13.06841700
20.48295800
12.90241700
20.11345800
13.03445800
20.12695900
13.45700000
20.37658300
12.94791700
20.20637500
13.01554100
20.83845900
12.78970800
20.24491700
13.41808300
22.12308300
10.97583400
18.73795800
14.89725000
18.47787500
14.89929200
18.10575000
15.22737500
18.18841600
15.05650000
18.15704200
15.32741700
18.09179100
15.27541700
18.04595800
15.23508400
18.37825000
14.76166600
19.06775000
14.55687500
19.71562500
13.43941700
19.63820800
13.84066700
19.76508300
13.55991700
19.30658300
13.87616700
19.46550000
14.11375000
19.38750000
14.02920800
20.01391700
13.22795800
19.67312500
13.66983400
19.69954100
13.69466700
19.79950000
13.23229200
21.10791600
12.44570900
20.93100000
12.45833300
21.09550000
11.99795800
21.17770900
12.31908300
20.74912500
12.63754200
20.30445800
12.99733300
20.60383400
12.83283300
20.31200000
13.02166700
20.87829100
12.36320900
20.61166600
12.98754200
20.33795800
12.92404200
20.29870800
13.06637500
20.24816700
13.25254200
20.21812500
13.05541600
20.07366700
13.20120800
20.18600000
13.22025000
20.14270900
13.36037500
19.92525000
13.42575000
19.88425000
13.50112500
20.69675000
12.48404100
20.34233400
13.10620800
20.29562500
13.39629200
20.69125000
12.36316600
20.75345900
12.58750000
20.37170800
12.91308300
20.78400000
12.68054200
20.74883300
12.46687500
20.67516700
12.81225000
21.18241700
12.13625000
20.84220800
12.52229200
20.81658300
11.70237500
21.27733300
13.98095900
17.94129100
15.40087500
18.10554200
15.03154200
18.27487500
15.17179100
17.81991700
15.50750000
17.59662500
15.59512500
17.94020800
15.54500000
18.69825000
14.72954200
17.73162500
15.61691700
17.60345800
15.65191700
17.74533300
15.69850000
17.61387500
15.06479200
21.35962500
12.02691600
21.83537500
11.25600000
20.99312500
12.50804200
21.26466700
12.15920800
21.44825000
11.79754200
21.27066600
12.50512500
19.83512500
13.42358400
19.46766600
14.09804200
19.24400000
14.13370800
19.39270900
13.89683300
19.33075000
14.08495800
19.21737500
14.12741700
19.17820800
13.98837500
19.66691700
13.87658300
19.44183400
13.86200000
19.70308300
13.31587500
21.24679200
12.19637500
21.13816600
12.54604200
21.73970800
11.05441700
22.06412500
11.49754200
21.89845800
11.62800000
21.58954200
11.84962500
21.64120800
11.34150000
21.38212500
12.11608300
21.21929200
12.15412500
21.92791700
11.32875000
21.46966600
12.33004200
21.20679200
12.08800000
21.18533300
12.03433300
20.89800000
12.47879200
20.98687500
12.47033300
20.85745900
12.36008300
20.96900000
12.45995800
21.02750000
12.42650000
20.86562500
12.37266700
20.90391700
12.44345800
20.95658300
12.32579200
21.05170800
12.41641700
21.18883300
12.41750000
21.09337500
11.97575000
20.90016700
12.54037500
20.94954200
12.44070800
21.18816700
12.19833300
21.53520800
11.59333400
21.17754100
12.36195900
21.09620800
12.23400000
21.12145800
12.32791700
21.11487500
12.19941700
20.89770800
12.45062500
20.59587500
12.98379200
20.54720800
12.79125000
20.87662500
12.38966700
21.13354100
12.28541700
21.46508300
11.72150000
21.56895900
11.79241600
21.48170900
11.88058300
21.10925000
12.32412500
21.14262500
12.30012500
20.98533300
12.38550000
21.05216700
12.31587500
21.06466700
12.25745800
21.15341700
12.24750000
20.80212500
12.48416600
20.88670900
12.58608300
20.86412500
12.36208300
20.66625000
12.84066700
19.72054200
13.74395800
19.85133300
13.39216700
19.94075000
13.72033300
20.13625000
13.05420900
20.00312500
13.30062500
20.01537500
13.24283300
19.84225000
13.66220800
20.15845900
13.20141600
19.73379200
13.61491700
19.91804100
13.37550000
20.00420900
13.64695800
19.89204200
13.15033300
19.84354200
13.65670800
20.03241700
13.69041600
19.94991700
11.91058300
517.87804200
16.72641700
16.55837500
16.84591600
16.49875000
16.84200000
16.57383400
16.73262500
16.67125000
16.82137500
16.55100000
16.70825000
16.68820800
16.61591700
16.67841600
16.97391700
16.51075000
16.49704200
16.66241600
16.74520900
16.65616600
17.00345900
16.36745800
16.83583300
16.68137500
16.37133400
16.66300000
16.90225000
16.40108300
16.66212500
16.67504200
16.68454100
16.69737500
16.81083400
16.56962500
16.59716600
16.70825000
16.69616700
17.07708300
16.37304200
16.66029200
16.68866600
16.59729200
16.71045800
16.68354200
16.73679200
16.62966600
16.93104200
16.52987500
16.59108300
16.65625000
16.79991700
16.60191700
16.69345800
16.67337500
16.64191700
16.62429100
17.10758400
16.76154100
16.55012500
16.73433400
16.71687500
16.53075000
16.76412500
16.70016600
16.63141700
16.72216700
16.53091600
16.69795900
16.63233300
16.63604200
16.65991600
16.69741700
16.57725000
16.73775000
16.61483300
16.64900000
16.72658400
16.61804100
16.63758400
16.81091600
16.53225000
16.78520900
16.61954100
16.58233400
16.68387500
16.76766600
16.63170900
16.62941600
16.73083400
16.82641600
16.45979200
16.67420800
16.73129200
16.64462500
16.67825000
16.68529200
16.69570800
16.69700000
16.68225000
16.70841700
16.63158300
16.70341700
16.66816600
16.73579200
16.65441700
16.76187500
16.59962500
16.67116600
16.67950000
16.67650000
16.67562500
16.70145900
16.71629100
16.63283400
16.69970800
16.66554200
16.72079100
16.65154200
16.67920800
16.68887500
16.70783400
16.70429100
16.65887500
16.68804200
16.70470800
16.64004200
16.70283300
16.66425000
16.69108400
16.67491600
16.68950000
16.66966700
16.69137500
16.67508300
16.69000000
16.71945900
16.64275000
16.67783300
16.69479200
16.67375000
16.69020800
16.67370800
16.68529200
16.73166700
16.66325000
16.68245800
16.68612500
21.60758300
17.42362500
39.25700000
24.11183400
15.57754100
15.00350000
22.75158400
24.49595800
19.71004200
15.27858300
14.65883300
13.90983400
13.95379100
14.06704200
13.94766700
14.10120800
13.90837500
13.81533300
13.68312500
13.51570900
13.65983300
13.63737500
13.52641700
13.41958300
13.51304200
13.53766600
14.38220900
16.66383300
16.71729200
16.63845800
16.68279200
16.69145800
16.67866700
16.69604100
16.66650000
16.79837500
16.59041700
16.67695800
16.68929200
16.69470800
16.68566700
16.74620800
16.57937500
16.69170900
16.70570800
16.67258300
16.66704200
16.69562500
16.67941700
16.68787500
16.71929100
16.63262500
16.68750000
16.68370900
16.68937500
16.67100000
16.68933300
16.68641700
16.68954100
16.68270900
16.69845800
16.68016700
16.69116600
16.69400000
16.64566700
16.68387500
16.69408300
16.66320900
16.69212500
16.71775000
16.71291600
16.64687500
16.67745900
16.65429100
16.72100000
16.66420900
16.67158300
16.67737500
16.69870800
16.69591700
16.66575000
16.67462500
16.75600000
16.61808300
16.67475000
2638.90325000
18.01454200
17.13791700
17.83775000
18.96962500
16.75879100
17.25558400
18.91254100
17.03516700
16.85350000
16.65350000
16.40616700
16.35533300
16.26425000
16.06441700
16.07287500
15.87287500
17.18633300
16.81391700
15.28062500
16.93587500
16.96525000
16.62916600
16.70704200
16.88625000
16.93550000
16.93304200
17.11800000
16.98737500
17.59562500
16.44129100
16.88504200
16.78000000
16.87762500
17.19904200
17.08266600
16.73958400
16.74304100
16.76508400
16.94741600
16.75337500
16.03795900
16.03987500
16.00229100
16.12050000
15.91958400
16.06300000
15.36145800
15.37633300
15.42875000
15.77816700
15.85604200
15.76537500
15.62133300
16.68620800
16.66020900
16.71220800
16.75758300
16.56275000
16.67445900
16.47875000
16.63366600
17.09704200
16.66729200
16.47358300
16.72845800
16.42300000
16.99554200
17.07820800
16.72483400
16.44495800
16.68362500
16.57075000
16.49587500
16.88250000
16.81612500
16.39708300
16.94583400
16.21208300
16.90062500
16.87870800
16.58066700
16.59062500
16.63337500
16.68929200
16.78654100
16.60066700
16.74533300
16.67400000
17.03300000
16.28316700
16.20616700
16.51708300
16.67500000
16.67291700
17.60912500
15.92291600
16.66254200
16.56058300
16.68654200
16.67279200
16.66233300
16.96175000
16.42945800
17.58479200
16.99770800
15.90233400
16.63850000
16.70812500
16.60820800
16.44358300
16.56191700
16.93979200
16.68966600
16.44150000
16.79950000
16.69900000
16.87337500
16.41262500
16.72929200
19.20400000
15.48400000
16.90575000
33.02145800
16.81833400
20.70716600
16.57891700
15.59300000
15.70379200
15.93312500
15.68616600
15.85091700
15.69570800
15.60337500
15.61041700
16.01966700
15.86079100
15.71375000
15.59712500
15.26704200
15.32129200
15.56200000
15.46375000
15.61587500
15.47195800
15.34866700
16.44887500
15.65179100
16.74691700
16.48579200
16.56741600
16.86958400
16.48191600
16.84820900
16.95212500
16.36654100
16.86016700
16.49487500
16.57220800
16.77183400
16.49845800
16.79245800
16.62108400
16.73754100
16.67341700
16.51241700
16.87320800
16.48304200
16.84862500
16.73783300
32.93208300
16.68237500
16.67133400
16.69487500
16.66575000
16.67087500
16.67516600
16.68325000
16.70716700
16.66837500
16.67200000
16.67950000
16.70866700
16.68470800
16.70179200
16.64366600
16.69450000
16.70450000
16.81308400
16.98291600
16.36641700
16.57320800
16.67045900
16.67454100
16.67604200
16.68529200
16.67887500
16.67820800
16.68083300
16.69695900
16.67191600
16.68425000
16.69895900
16.67375000
16.67408300
16.68983300
16.68087500
16.72491700
16.64287500
16.69179200
16.69900000
16.70787500
16.63129100
16.68412500
16.69579200
16.72591700
16.64308300
16.69500000
16.68975000
16.65995800
16.67633400
16.71562500
16.66079100
16.68362500
16.68833400
16.67816600
16.68033400
16.67450000
16.69866600
16.69787500
16.70212500
16.64250000
16.69283400
16.66583300
16.69279200
16.71816600
16.64587500
16.68225000
16.71850000
16.64816700
16.68870800
16.69016700
16.71116700
16.64462500
16.69195800
16.70095800
16.68762500
16.64791700
16.67895800
16.71837500
16.70687500
16.67079200
16.64783300
16.69204200
16.66395800
16.70229200
16.71179200
16.65058300
16.70179200
16.69050000
16.64891600
16.69741700
16.67112500
16.68741700
16.70287500
16.65441600
16.69350000
16.69375000
16.70570900
16.64495800
16.70825000
16.71008300
16.64945900
16.67570800
16.67166700
16.69629100
16.67500000
16.72512500
16.66000000
16.68850000
16.65570900
16.74029100
16.67908400
16.62879100
16.70408400
16.69041600
16.67550000
16.68145900
16.68495800
16.68100000
16.67887500
16.69766700
16.68704100
16.68458400
16.66670800
16.67404200
16.76920800
16.59941700
16.74137500
16.63904100
16.66662500
16.70212500
16.66254200
16.70250000
16.70870800
16.65737500
16.75287500
16.60100000
16.67991700
16.70675000
16.69458300
16.64737500
16.71975000
16.63745900
16.69937500
16.70187500
16.66683300
16.69220800
16.70737500
16.63125000
16.68379200
16.71154200
16.82887500
16.51758300
16.69712500
16.66129200
16.69800000
16.67966600
16.68266700
16.68095800
16.67366700
16.71533300
16.66333400
16.68362500
16.70745800
16.66495800
16.68487500
16.67545900
16.67037500
16.70208300
16.66279200
16.70154100
16.68158400
16.68891600
16.66591700
16.69345800
16.68370900
16.68395800
16.68645800
16.68016700
16.68420800
16.68041700
16.68400000
16.68283300
16.68545900
16.67404100
16.72175000
16.66037500
16.90550000
16.45729200
16.70887500
16.67629200
16.66758300
16.70204200
16.66095800
16.69145800
17.36350000
15.99904200
17.15145800
2969.76637500
16.08250000
16.67925000
16.67529200
16.68083300
16.71320900
16.67962500
16.68370800
16.67375000
16.66600000
16.72912500
16.65658300
16.68200000
16.66008400
16.71320800
16.67358300
16.68550000
16.67004200
16.70133300
16.68383400
16.67829100
16.68591700
16.69729200
16.67187500
16.67762500
16.69104100
16.67608400
16.68420800
16.68829200
16.68379100
16.67808400
16.68145800
16.68908300
16.70412500
16.64654200
16.72937500
16.68683300
16.64429200
16.70925000
16.69645800
16.70345900
16.72337500
16.58291600
16.73820900
16.74945800
16.65320800
16.67229200
16.74483300
16.72404200
16.81487500
18.36858300
14.78387500
16.94554200
16.69258300
16.61475000
16.62029200
16.74204200
16.66366600
16.67987500
16.84241700
16.64887500
16.67737500
16.75420800
16.60054200
16.63062500
16.80020800
16.75000000
16.52841700
16.66433300
16.89529200
16.52604200
16.87329100
16.64362500
16.55254200
16.70875000
16.75579200
16.68195800
16.63179200
16.67550000
16.79712500
16.57416600
16.77962500
16.88816700
16.56570800
16.64425000
16.60645900
16.76058300
16.92129200
16.49112500
16.64625000
16.73516600
16.62179200
16.75345800
16.74425000
16.50162500
16.80220900
16.95637500
16.50050000
16.79666600
16.57966700
16.65737500
16.81179200
16.69250000
16.60033300
16.71904200
16.77300000
16.58087500
16.98291600
16.57087500
16.77387500
16.68504200
16.68108300
16.46712500
16.94225000
16.63770900
16.53279100
16.79825000
16.76104200
16.52604200
16.81395800
16.78550000
16.72112500
16.79125000
16.62862500
16.56666700
16.69158300
16.56729200
16.70291600
16.76825000
16.72029200
16.56600000
16.75104200
16.71654100
16.66679200
16.64150000
16.75287500
16.82154200
16.68358300
16.59391700
16.61566600
16.73087500
16.66425000
16.66525000
16.66862500
16.70500000
16.65091700
16.82675000
16.74370800
16.62275000
16.65208400
16.58591600
16.68687500
16.90445900
16.43400000
16.97150000
16.54816600
16.67954200
16.75433300
16.61433400
16.61262500
16.68345800
16.68625000
16.86362500
16.44716700
16.58625000
16.91179100
16.52283400
16.57887500
16.91062500
16.56066600
16.60983400
16.60833300
17.05654200
16.50829100
16.68533400
16.54379100
16.65420900
16.93362500
16.57933300
16.58570800
16.61229200
16.80620800
16.49016700
16.85220800
16.63154200
16.48225000
16.80941700
16.45420800
16.71454200
16.88891600
16.49033400
16.63908300
16.92341700
16.51958300
16.57162500
16.75041700
16.58775000
16.62254100
16.74725000
16.55608400
16.67729100
16.73841700
16.70237500
16.61795800
16.65858400
16.58625000
16.71854100
16.85950000
16.46562500
16.68783400
16.69579100
16.70500000
16.59783400
16.69537500
16.63212500
16.62200000
16.91395800
16.47912500
16.60866700
16.80395800
16.53254200
16.70933300
16.75820800
16.50483400
16.69345800
16.80395800
16.51595900
17.47566600
16.05175000
16.62308400
16.46650000
16.70758300
16.65887500
16.68404200
16.79929100
16.54545900
16.68141600
16.71350000
16.67554200
16.69225000
16.82425000
16.51612500
16.68025000
16.68362500
16.70500000
16.66450000
16.70233300
16.68279200
16.66208300
16.69062500
16.67395900
16.70979100
16.65754200
16.70654200
16.65862500
16.68466600
16.68262500
16.70604200
16.68412500
16.66029200
16.69666600
16.69295900
16.66816600
16.69304200
16.74295800
16.69654200
16.61200000
16.84625000
16.53133300
16.69208400
16.67425000
16.68091600
16.67087500
16.71937500
16.69245900
16.67637500
16.68083300
16.67420800
16.67883400
16.69512500
16.65741600
16.67008400
16.69441600
16.71245900
16.64062500
16.72779100
16.66891700
16.67158300
16.67645900
16.73729100
16.63562500
16.66995900
16.68054100
16.68325000
16.72162500
16.67508400
16.86679100
16.67187500
16.50145900
16.67458300
16.91791700
16.46779100
16.67691700
16.66425000
16.67762500
16.69816700
16.68329100
16.69291700
16.66804200
16.72316600
16.66158400
16.65633300
16.71408300
16.68583400
16.65195800
16.68766700
16.67695800
16.73316700
16.68083300
16.64591700
16.71350000
16.64329100
16.71862500
16.69625000
16.65825000
16.69637500
16.65150000
16.71479200
16.69454200
16.68962500
16.63550000
16.71041600
16.66804200
16.69329200
16.66616600
16.68470900
16.70725000
16.66712500
16.67837500
16.67912500
16.69020800
16.69012500
16.68570800
16.65979200
16.68929200
16.67587500
16.70791600
16.69654200
16.66145800
16.71920900
16.64379100
16.70908400
16.65775000
16.70345800
16.69000000
16.69908300
16.64341700
16.70512500
16.68329200
16.65516600
16.69608400
16.70454100
16.64641700
16.70670800
16.68283400
16.70912500
16.63937500
16.71054100
16.65704200
16.69833300
16.69962500
16.66137500
16.67312500
16.70525000
16.67779200
16.67566700
16.68908300
16.68037500
16.66970800
16.68487500
16.70545900
16.69037500
16.68387500
16.64500000
16.69095800
16.69245800
16.67058400
16.69600000
16.68045800
16.71000000
16.64691700
16.70420800
16.66695800
16.70745900
16.69708300
16.67191700
16.64854100
16.71175000
16.66216700
16.67945800
16.68550000
16.68812500
16.68400000
16.68933400
16.66908300
16.67791700
16.71466600
16.65295900
16.70650000
16.67625000
16.68420800
16.69216700
16.69816600
16.64045900
16.69129100
16.68754200
16.68204200
16.68620800
16.68408300
16.69220900
16.69829100
16.66070900
16.70775000
16.66800000
16.74358300
16.61179200
16.70179100
16.70170900
16.66266600
16.69545900
16.68683300
16.66254200
16.68258300
16.69408300
16.67133400
16.69862500
16.70158300
16.64279200
16.67875000
16.67783300
16.68616700
16.67754100
16.69220900
16.70566600
16.66312500
16.71308400
16.64466600
16.71858400
16.68037500
16.68987500
16.64558300
16.73725000
16.64487500
16.70879200
16.68833300
16.66645800
16.66362500
16.67633400
16.70979100
16.67437500
16.71608400
16.62508300
16.69466700
16.68262500
16.68704100
16.68325000
16.69362500
16.67695900
16.68816600
17.92104200
15.50716700
16.67545800
16.64120800
16.68075000
16.72612500
16.67154200
16.65820800
16.67387500
16.67029200
16.72337500
16.67758300
16.65116700
16.74095800
16.62783400
16.66862500
16.67487500
16.68104100
16.70787500
16.67366700
16.68975000
16.67941700
16.69008300
16.67433300
16.66720900
16.70412500
16.67866600
16.66837500
16.68158400
16.70245800
16.67987500
16.67154200
16.68233300
16.71137500
16.67095800
16.68120900
16.67179100
16.69779200
16.68112500
16.68420800
16.66979200
16.68137500
16.68054200
16.70037500
16.68754100
16.68033400
16.68245800
16.68437500
16.70012500
16.69541700
16.67541600
16.69304200
16.66420800
16.71000000
16.66770900
16.66108300
16.68825000
16.69987500
16.65675000
16.69362500
16.71729200
16.66658300
16.65425000
16.70858300
16.66020900
16.71112500
16.67525000
16.69933300
16.67545800
16.64995900
16.70458300
16.67541700
16.70166600
16.69033400
16.65716600
16.73445900
16.63275000
16.69995800
16.67629200
16.66795800
16.70750000
16.65579200
16.69075000
16.68083300
16.73091700
16.66333300
16.65991700
16.70679100
16.69600000
16.67704200
16.66920800
16.70175000
16.64620900
16.69441600
16.66637500
16.73175000
16.66054200
16.70208300
16.67920900
16.67216600
16.65954200
16.67745800
16.71708400
16.65933300
16.69404200
16.67554100
16.69454200
16.73587500
16.60875000
16.69266700
16.70375000
16.68745800
16.64845800
16.69087500
16.66975000
16.68708400
16.70983300
16.65725000
16.71204200
16.65262500
16.71050000
16.66537500
16.68387500
16.67712500
16.67979100
16.71483400
16.67545800
16.68879200
16.65995800
16.71779200
16.66733300
16.69600000
16.66270800
16.68400000
16.67562500
16.71254200
16.67508300
16.68366700
16.67437500
16.66591700
16.72120800
16.67345800
16.66191700
16.67829200
16.71391600
16.67391700
16.66850000
16.71166700
16.68066600
16.64945900
16.69975000
16.70162500
16.65762500
16.68154100
16.69079200
16.71525000
16.66275000
16.66191700
16.69170800
16.71433300
16.68295900
16.65891600
16.66879200
16.70950000
16.68500000
16.65291700
16.69141600
16.70612500
16.66133400
16.67712500
16.69254100
16.66900000
16.73833400
16.63841600
16.72662500
16.64054200
16.67970800
16.68566700
16.69637500
16.66254200
16.73162500
16.63545800
16.68483300
16.68620900
16.71204100
16.64908400
16.69737500
16.69262500
16.67300000
16.67241600
16.82141700
16.57095800
16.67450000
16.67129200
16.68450000
16.69883300
16.68358400
16.65975000
16.69983300
16.68154200
16.67766600
16.72991700
16.63583300
16.67608400
16.68170800
16.68254200
16.70295800
16.66270800
16.68683400
16.69458300
16.69916700
16.66187500
16.68237500
16.68066600
16.72950000
16.67512500
16.66308400
16.66287500
16.71454100
16.66087500
16.70170900
16.66137500
16.70312500
16.66125000
16.70804100
16.65458400
16.71854100
16.65712500
16.70695900
16.65270800
17.06229200
16.31262500
16.67758300
16.68891700
16.67045800
16.69279200
16.68370800
16.68145800
16.69304200
16.67379200
16.67787500
16.69054100
16.66891700
16.69958300
16.68062500
16.69095900
16.67883300
16.68241700
16.71308300
16.65866700
16.71354100
16.66470900
16.76325000
16.65854100
16.71200000
16.70804200
16.63625000
16.62391700
16.72433300
16.63004200
16.70233300
16.65183300
16.68250000
16.68383400
16.74491600
16.63837500
16.68812500
16.69045900
16.66562500
16.68883300
16.68962500
16.66133300
16.69287500
16.73866700
16.62141700
16.68179100
16.70783400
16.65862500
16.69316600
16.67412500
16.71108400
16.72658300
16.61529200
16.68141600
16.72216700
16.65616700
16.66725000
16.70237500
16.68745800
16.66295800
16.72175000
16.65804200
16.70487500
16.68145800
16.67625000
16.69991700
16.65883300
16.67179200
16.69041700
16.70912500
16.70820800
16.63241700
16.69058300
16.65854200
16.68904100
16.67887500
16.71733400
16.65608300
16.67866700
16.69904100
17.16825000
16.26520900
16.65100000
16.67137500
16.64583300
16.68591700
16.71104100
16.65787500
16.69808400
16.66808300
16.73533300
16.63562500
16.67375000
16.70708400
16.65600000
16.68695800
16.68754200
16.71079100
16.65054200
16.70291700
16.66295800
16.68225000
16.72304200
16.66545800
16.69108300
16.71020900
16.62995800
16.72775000
16.64775000
16.71958300
16.65445900
16.68970800
16.66691700
16.67550000
16.68225000
16.68429100
16.68087500
16.70850000
16.69212500
16.67104200
16.66562500
16.70354200
16.69720800
16.67766700
16.70900000
16.62470800
16.69445800
16.67729200
16.71166700
16.67495800
16.66733300
16.68216700
16.67883300
16.68087500
16.68308400
16.68887500
16.69412500
16.69570800
16.69525000
16.65787500
17.16666700
16.20854100
16.68816700
16.69383300
16.64579200
16.70866700
16.65916600
16.68387500
16.73108400
16.68983300
16.63216700
16.75870800
16.62141700
16.67679100
16.68437500
16.68787500
16.69766700
16.66129200
16.69441600
16.66195900
16.72720800
16.65712500
16.66345800
16.70133400
16.66804100
16.72191700
16.66875000
16.82991700
16.58116600
16.70195900
16.66841600
16.61654200
16.68725000
16.74770800
16.62325000
16.67275000
16.71870900
16.70491600
16.67733400
16.71304100
16.63245900
16.65716600
16.67662500
16.71316700
16.66187500
16.71229200
16.68291600
16.69166700
16.68670800
16.63462500
16.69841700
16.67900000
16.67595800
16.72025000
16.67070900
16.65708300
16.68591700
16.71354100
16.65016700
16.68170800
16.94462500
16.42604200
16.69762500
16.70729200
16.67379100
16.67391700
16.66737500
16.69133300
16.66645900
16.84970800
16.55195800
16.66216700
16.73879200
16.61841600
16.70537500
16.67216700
16.72329200
16.90441600
16.44712500
16.81916700
16.53700000
16.67462500
16.68100000
16.76104200
16.59804100
16.69533400
16.65512500
16.94291600
16.44462500
16.66150000
16.69437500
16.73683400
16.63716600
16.68808400
16.65941600
16.69237500
16.70979200
16.74066700
16.62741600
16.93091700
16.57058300
16.52958400
16.68629100
16.71229200
16.64966700
16.76816600
16.61945900
16.65891600
16.71533400
16.78375000
16.54441600
16.70695900
16.74654100
16.84433400
16.44983300
16.72516700
16.66012500
16.68333300
16.75804200
16.65108300
16.61945800
16.71645900
16.64533300
16.71891700
16.65687500
16.71550000
16.64670800
16.68641700
16.68879100
16.68416700
16.69850000
16.72758300
16.60716700
16.68429200
16.71670800
16.65720800
16.70633400
16.67225000
16.68516600
16.69650000
16.67800000
16.67354200
16.71841700
16.65379100
16.65475000
16.69883400
16.67541600
16.75420900
16.66787500
16.67900000
16.63491600
16.68445900
16.74312500
16.69083300
16.61700000
16.75908300
16.60895900
16.69437500
16.70000000
16.64420800
16.69166700
16.70658300
16.69504200
16.65958300
16.69675000
16.69695800
16.63829200
16.71891700
16.66745800
16.69220800
16.66062500
16.68958400
16.70629100
16.67354200
16.65570800
16.71175000
16.69245900
16.69154100
16.64925000
16.95000000
16.71616700
16.56575000
16.69045800
16.57441700
16.63183300
16.66700000
16.71254200
16.63066700
16.71904100
16.76362500
16.62187500
16.63779200
16.67366700
16.72187500
16.65325000
16.70775000
16.65858300
16.72183300
16.66841700
16.68291700
16.65800000
16.75925000
16.65620800
16.71875000
16.62320800
16.71112500
16.73141700
16.73862500
16.61341700
16.79775000
16.81329100
16.47125000
16.78745900
16.54204100
16.65150000
16.82479200
16.76162500
16.66912500
16.66987500
16.65483300
16.72350000
16.76691700
16.49550000
16.81904200
16.66400000
16.71716600
16.66345900
16.73658300
16.68108300
16.82683400
16.69350000
16.56312500
16.76979100
16.62316700
16.69408300
16.80450000
16.73375000
16.67970900
16.57954100
16.70062500
16.95075000
16.55191700
16.91166700
16.42712500
16.67541600
16.86554200
17.10862500
16.40233300
16.58866700
16.67504200
16.68329100
16.58629200
16.90141700
16.46337500
16.79320800
16.68725000
16.57787500
16.80695800
16.72795900
16.78504100
16.62033400
16.62000000
16.89458300
16.53808300
16.67675000
16.75633400
16.75833300
16.87654200
16.41845800
16.73062500
16.76233300
16.65233400
16.82058300
16.45529200
16.86875000
16.64270800
16.64387500
16.70487500
16.95712500
16.58895800
16.54645900
16.72483300
16.82100000
16.48025000
16.81795800
16.63966700
16.57354200
16.94295800
16.73933300
16.79991700
16.41912500
16.69620800
16.56675000
16.86225000
16.62683400
16.69983300
16.54179200
16.79633300
16.63550000
16.66433300
17.10183400
16.40791600
16.61420900
16.67666600
16.67537500
16.67362500
16.58066700
16.72200000
16.67450000
16.75975000
16.70275000
16.63312500
16.49670800
16.89250000
16.63712500
16.55833400
16.80908300
16.67000000
16.60320800
16.89091700
16.54087500
16.92087500
16.69854200
16.61491600
16.71204200
16.41975000
16.80495800
16.63112500
16.78241700
16.66800000
16.52200000
16.63654200
16.78575000
16.47916600
16.70916700
16.88287500
16.65141700
16.78820800
16.47341700
16.52070800
17.03758300
16.61037500
16.60416700
16.76820800
16.62145900
16.61729100
16.68254200
16.68112500
16.85462500
16.67708300
16.84970900
16.45229100
16.60916700
16.76795800
16.70795900
16.73620800
16.54612500
16.64687500
16.97979200
18.54908300
16.48900000
17.28570800
15.09533400
16.25016600
18.08304200
15.02070800
16.66183400
16.53912500
16.72966600
16.70729200
16.69854200
16.54250000
16.69770800
16.70791700
16.36079100
16.94229200
16.80150000
16.53262500
16.53133300
16.68458400
16.75466600
16.84141700
16.55862500
16.77533300
17.11254200
16.27950000
16.84633300
17.05845900
16.44162500
16.70570800
16.53450000
16.87854200
17.35712500
17.15241600
15.94545900
16.74770800
16.47320800
16.96750000
16.88491700
16.27175000
16.80150000
16.93683300
15.83312500
16.76825000
16.55550000
16.74937500
16.57545900
16.84625000
16.46745800
16.70129200
16.79033300
16.52079200
16.55491600
16.91845900
16.51191600
16.64125000
16.81837500
16.83287500
16.43745900
16.63941600
16.95241700
16.55975000
16.72079200
16.66737500
16.70233300
16.58233300
16.72350000
16.76466700
16.77612500
16.61170800
16.64733400
16.69350000
16.68504100
16.63041700
16.96320800
16.37612500
16.50612500
16.70150000
16.76991700
16.81516700
16.39000000
16.97316600
16.60233400
16.70333300
16.59787500
16.70366700
16.69887500
16.94366600
16.19400000
16.88933400
16.73720800
16.57858300
16.69158400
16.54179100
16.88720900
16.66791600
16.74625000
16.62516700
16.75950000
16.66300000
16.55587500
16.85966700
16.41045800
16.86862500
16.58495800
16.66025000
16.58325000
16.93966700
16.48675000
16.94662500
16.44670800
16.89437500
16.66183400
16.70870800
16.51637500
16.66700000
16.89920800
16.67750000
16.46708400
16.69525000
17.01941600
16.46529200
16.73275000
16.57816700
16.85779100
16.34729200
17.04795800
16.86691700
16.72362500
16.64179200
16.61600000
16.53554100
16.54254200
16.67950000
16.54183300
16.93654200
16.58120800
16.64016700
16.57445800
17.02079200
16.44462500
16.54508300
16.84016700
16.93704200
16.57470800
16.87825000
16.42579200
17.20220800
16.25175000
16.66229200
16.66720800
16.76579200
16.66183300
16.57595800
16.67241700
16.64133300
16.80320900
16.64220800
16.49004200
16.87900000
16.63787500
16.56808300
16.74754200
16.74383300
16.65862500
16.68116700
16.60945800
16.54425000
16.94345800
16.95133400
16.33504100
16.75016700
16.75875000
16.57066700
16.60416600
16.84900000
16.73754200
16.98120800
16.59762500
16.55066700
16.71695800
16.45245900
16.49066600
16.72983400
16.77441600
16.69037500
16.85312500
16.56833400
16.58379100
16.89125000
16.46445900
16.62333300
16.73862500
16.77750000
16.67462500
16.65237500
16.78537500
16.45750000
16.85387500
16.76495800
16.66841700
16.47262500
16.85733300
16.70758400
16.53737500
16.67787500
16.79550000
16.82308300
16.42937500
16.70166700
16.70970800
16.65291700
16.72958300
16.60525000
16.69012500
16.67516700
16.79025000
16.63241600
16.81625000
16.77987500
16.58316700
16.67212500
16.68675000
16.57166700
16.65616600
16.77558400
16.61454100
16.73750000
16.54983400
16.77666600
16.52937500
16.84370900
16.50054100
16.99308400
16.72241600
16.44562500
16.78770900
16.66662500
16.65204100
16.56433400
16.79220800
16.75645800
16.56266700
16.82516700
16.54737500
16.63791600
16.94087500
16.50012500
16.79808400
16.77495800
16.58962500
16.65483300
16.62041700
16.69287500
16.63850000
16.56312500
16.97187500
16.60816700
16.83212500
16.51312500
16.69704100
16.70595900
16.55941600
16.74225000
16.42820900
16.97770800
16.40095800
16.94454200
16.58066700
16.63045800
16.77679200
16.76437500
16.53579100
16.68554200
16.71979200
16.81616600
16.67308400
16.60941600
16.59679200
16.63804200
16.73095800
16.78720800
16.68475000
16.66870900
16.73812500
16.71762500
16.53404100
16.82345900
16.63537500
16.83979100
16.64912500
16.73854200
16.53079200
16.51641600
16.55379200
16.92333300
16.73912500
16.62400000
16.67216700
16.84187500
16.60275000
16.62741700
16.59991600
16.81820900
16.57841600
16.75716700
16.57300000
16.78887500
16.74500000
16.67358300
16.68141700
16.79312500
16.55983300
16.59004200
16.78837500
16.57087500
16.78075000
16.57800000
16.73275000
16.74512500
16.51120800
16.85187500
16.69770900
16.41408300
16.94604200
16.58858300
16.88975000
16.65008300
16.46904200
16.82470800
16.69683400
16.62050000
16.67908300
16.51716700
16.86495800
16.65129200
16.70325000
16.68341600
16.67620900
16.48845800
16.92425000
16.58883300
16.75795900
16.65991600
16.68675000
16.44754200
16.96633300
16.61375000
16.65462500
16.68545900
16.75833300
16.77454200
16.88204100
16.54095900
16.94654100
16.52604200
16.41650000
16.65129200
16.97462500
16.66650000
16.80675000
16.59908300
16.67500000
16.46554200
16.75608300
16.64087500
16.77704200
16.55712500
17.08954100
16.51345900
16.47533300
16.69741700
16.80233300
16.42204200
16.72820800
16.72291700
16.68895800
16.76095800
16.62225000
16.58587500
16.68795900
16.98183300
16.83791700
16.33258300
16.72612500
16.51337500
17.22512500
16.61062500
16.60170800
16.53591700
16.45404200
16.63441600
16.84445900
16.44150000
16.65345800
16.96016700
16.60466600
16.62045900
16.78504100
16.70604200
16.60833300
16.66691700
16.83066700
16.58495800
16.79658300
16.47079200
16.74370800
16.79166700
16.72429200
16.68420800
16.63670800
16.61554200
16.83375000
16.51291700
16.81950000
16.57504100
16.79087500
16.57195900
16.73933300
16.94600000
16.42908300
16.72079200
16.67229200
16.65779100
16.65966700
16.50945800
16.70808400
16.89616600
16.55062500
16.62358400
16.76304100
16.72245900
16.70312500
16.67004100
16.71325000
16.40000000
17.05304200
16.68700000
16.34037500
16.89962500
16.71112500
16.58633300
16.71004200
16.83087500
16.90566700
16.52358300
16.58237500
17.08679200
16.37629100
16.42325000
16.65616700
16.82400000
16.61650000
16.68875000
16.62283300
16.80041700
16.45150000
16.85500000
16.71883300
16.49237500
16.82441700
16.67325000
16.59825000
16.75200000
16.75266700
16.77012500
16.45733300
16.70370800
16.78183400
16.69904100
16.46420900
16.84125000
16.59445800
16.70120800
16.73404200
16.75879200
16.47179100
16.71816700
16.74595800
17.05179200
16.57462500
16.59945800
16.52491700
16.70475000
16.73916700
16.45195800
17.00045800
16.49600000
16.72062500
16.80183400
16.56083300
16.64825000
16.77420800
16.61570900
16.58879100
16.83491700
16.62266700
16.65750000
16.72537500
16.67133300
16.65154200
16.70429100
17.07458400
16.85150000
16.50808300
78.96266700
20.90712500
11.39945800
24.84845800
7.55666700
7.46837500
7.38929200
7.61479100
7.66758400
7.61975000
7.84841600
10.45158400
16.90016600
16.57745900
16.72800000
16.61875000
16.64033300
16.67941700
16.89950000
16.48187500
16.79808300
16.55475000
16.78612500
16.62220800
16.72516700
16.64425000
16.71195800
16.61533400
16.68770800
16.94987500
16.45191700
16.76179100
16.64712500
16.59141700
17.47883300
16.05379200
16.57175000
16.70891700
16.67662500
16.58433300
16.74220800
16.61325000
16.68812500
16.78254200
16.73275000
16.54454200
16.72362500
16.72312500
16.54758300
16.75604200
16.78629100
16.55800000
16.80675000
16.62408400
16.59912500
16.76091600
16.72329200
16.52795800
16.80333400
16.67158300
16.60708300
16.81295900
17.00895800
16.90879200
16.29041600
16.65262500
16.99945900
16.66254100
16.74941700
16.38262500
16.58579200
16.85416600
16.73545900
16.53900000
16.69904100
16.60929200
16.73283300
16.49737500
16.81758400
16.70295800
16.57754200
16.73525000
16.65887500
16.97175000
16.49900000
16.58850000
16.61545800
16.74700000
16.67679200
16.56804100
16.85300000
16.72366700
16.53350000
16.74137500
17.51312500
15.92525000
16.71970800
16.64245900
16.70829100
16.72520900
16.92650000
16.57279100
16.80250000
16.67737500
16.23400000
16.96029200
16.51833300
16.74033400
16.70295800
16.65370800
16.70337500
16.72041700
16.62883300
16.59429200
16.74150000
16.72191700
16.51841600
16.86683400
16.62212500
16.65175000
16.70200000
16.93620800
16.49000000
16.73166700
16.59970800
16.55191700
16.90345800
16.54537500
16.76425000
16.54675000
16.59062500
16.86691700
16.62487500
16.64558300
16.84595800
16.65587500
16.51525000
16.82962500
16.66429200
16.42516700
16.94779100
16.72816700
16.58387500
16.91333300
16.37700000
16.60770900
17.01150000
16.49583300
16.64425000
16.68095800
16.64875000
16.88345900
16.62308300
16.67358300
17.33533400
16.20645800
16.58983300
16.37320900
16.90633300
16.55304200
16.75283300
16.70216700
16.69791600
16.67458400
16.66445800
16.74916700
16.49650000
16.77725000
17.02500000
16.23462500
16.78791600
16.80725000
16.55083400
16.70979100
16.68720900
16.75625000
16.62625000
16.58383300
16.81908300
16.61820900
16.69566600
17.04500000
16.39070900
16.60012500
16.68695800
16.65750000
16.52254200
16.86133300
16.67562500
16.64416700
16.77312500
16.74966600
16.57391700
16.76879200
16.59825000
16.67175000
16.83337500
16.62604100
16.67704200
16.60087500
16.64720800
16.66570900
16.82333300
16.86537500
16.48487500
16.61766700
16.77945800
16.37104200
16.99704100
16.44325000
16.71104200
16.79254200
16.65954100
16.62937500
17.02991700
16.46091700
16.75100000
16.70362500
16.66854100
16.45916700
16.99712500
16.73608300
16.52133400
17.02733300
16.28412500
17.56708300
16.20762500
16.09625000
16.83912500
16.64566700
16.74691700
16.62254100
16.76329200
16.57766700
16.65333300
16.76500000
16.72329200
16.77325000
16.57066600
16.50425000
16.96804200
17.17462500
16.08850000
16.91962500
16.69695800
16.33287500
16.78645900
16.91841600
16.54704200
16.49158300
16.84262500
16.75691700
16.78620800
16.59179200
16.71612500
16.67195800
16.61925000
16.91141700
16.26620800
16.75525000
16.80929200
16.62975000
16.60141700
17.10191600
16.29741700
16.92887500
16.24504200
16.72408300
17.03341700
16.57895800
16.65237500
16.57641700
16.81054100
16.73462500
16.87054200
16.50533300
16.41220900
17.22937500
16.38791600
16.90029200
16.31995800
16.70595900
16.66720800
16.68841700
16.65550000
16.61737500
16.62516600
16.80883400
16.58816600
16.62437500
16.73779200
16.80683300
16.47704200
16.86512500
16.63812500
16.74179200
16.64583300
16.60641700
16.80641600
16.70633400
16.59662500
17.09541600
16.32379200
16.67366700
16.50529100
16.75708400
16.65895800
16.63670800
16.75404200
16.73029200
16.59675000
17.11512500
16.54250000
16.63016600
16.68787500
16.42150000
16.75320900
16.72412500
16.73958300
16.48441700
16.88720800
16.70458300
16.57054200
17.46229200
15.89800000
16.52629100
17.06166700
16.55816700
16.70550000
16.62216600
16.73841700
16.59645800
16.66625000
16.67504200
17.07145800
16.53900000
16.92870900
16.59483300
16.20104200
16.85058300
16.65583300
16.58066700
16.68770800
16.89933400
16.65979100
16.57820900
16.69920800
16.82533300
16.87650000
16.81400000
16.54712500
16.48004200
16.45129200
16.78450000
16.56400000
16.88870800
16.71512500
16.52029200
16.80712500
16.41591600
16.81037500
17.00354200
16.55220800
16.78670900
16.47254100
16.69350000
16.67908400
16.92716600
16.46383400
16.57641600
16.83016700
16.62158300
16.68391700
16.62095800
16.75770900
16.66079100
16.65575000
16.73191700
16.49608300
16.65954200
16.94220800
16.53762500
16.71175000
16.90775000
16.52050000
16.56937500
16.61129200
16.85808300
16.56791700
16.75979200
16.64766600
16.71966700
16.58645800
16.84554200
16.87458300
16.26158400
16.93658300
16.78712500
16.39729200
16.79208300
16.67625000
16.63112500
16.73700000
16.76233300
16.58637500
16.63166700
18.43516700
16.29033300
17.16125000
16.39945800
15.88354200
17.05458300
16.32620900
16.81808300
16.78462500
15.93037500
16.79220800
16.70820900
16.61908300
16.55670800
17.23875000
16.34420900
16.30462500
16.77179100
16.65375000
16.50820900
16.80883300
16.76216700
16.48620800
16.72879200
16.95825000
16.48433300
16.53391700
16.82520800
16.54383300
16.79904200
16.85166700
16.66416600
16.48075000
16.66579200
16.86945800
16.60054200
16.73008300
16.70041700
16.61975000
16.71500000
16.58145800
16.79620900
16.53254100
16.73095900
16.58075000
16.78241600
16.72587500
16.75029200
16.76283300
16.60212500
16.49670900
16.71154100
16.75220900
16.61895800
16.61608300
16.83900000
16.64650000
16.59741700
16.77237500
16.57345800
16.74745900
16.72312500
16.63737500
16.70425000
16.66191600
16.86208400
16.46191600
16.75925000
16.53929200
16.60195800
16.95629200
16.67270800
16.46400000
17.03070900
16.61945800
16.73100000
16.76037500
16.43470800
16.61437500
16.67920900
16.90608300
16.50920800
16.77600000
16.62975000
16.80333400
16.52408300
16.73783300
16.57216700
16.77333300
16.60320900
16.81437500
16.66179100
16.52858400
16.76641600
16.63966700
16.68795800
16.87875000
16.58691700
16.68200000
16.83625000
16.74408300
16.37962500
16.89120900
16.67404100
16.62458400
16.70279100
16.68495900
16.61550000
16.84108300
16.83975000
16.37300000
16.89429200
16.43908300
16.52116700
16.88512500
16.63954100
16.97979200
16.69250000
17.04700000
15.99237500
16.85279200
16.80504100
16.32929200
16.75462500
16.98570800
16.41766700
16.81762500
16.57129200
16.53895800
16.94750000
16.65779200
16.56954100
16.75887500
16.56716700
16.90387500
17.06558300
16.38470900
16.62545800
16.59175000
16.68658300
16.65620900
16.64650000
16.77141600
16.65262500
16.75458400
16.54345800
16.80500000
16.63991700
16.40429100
16.83929200
16.97670800
16.57000000
16.90291700
16.55637500
16.36904200
16.91670800
16.55112500
16.83037500
16.47879200
20.10170800
13.26975000
16.85583300
16.58612500
16.65504200
16.62662500
16.68587500
16.73025000
16.76766700
16.75066600
16.61112500
16.74687500
16.63254200
16.50345800
16.93645900
16.64758300
16.47416700
16.73154100
16.88525000
16.40008400
16.72733300
16.83091700
16.51179100
16.72370900
16.80133300
16.50516700
16.99170800
16.57108300
16.48341700
16.72695800
16.68845900
16.88045800
16.51112500
16.69333300
16.74287500
16.67712500
16.87970900
16.41383300
16.60758300
16.77870900
16.73250000
16.60200000
16.69416600
16.89795900
16.53945800
16.52616700
16.77645800
16.79733300
16.62475000
16.70508400
16.59358300
16.74137500
16.54783300
16.68033400
16.81875000
16.59829100
16.73708400
16.73625000
16.64350000
16.66900000
16.51375000
16.81895800
16.79875000
16.44570800
16.89033400
16.54604100
16.67154200
16.75800000
16.80104200
16.69170800
16.59104200
16.78383300
16.68120800
16.53891700
16.65962500
16.78258300
16.81250000
16.56629200
16.67891700
16.76366600
16.50941700
16.85470800
16.42850000
16.92020900
16.44712500
16.81020800
16.67350000
16.57012500
16.79441700
16.66325000
16.81116600
16.57537500
16.95333400
16.40795800
16.70112500
16.66112500
17.01512500
16.30933300
16.84604200
16.46450000
16.71108300
16.58866700
16.76204200
16.76375000
16.52683300
16.92575000
16.55833300
16.73187500
16.81929200
16.60716700
16.40133300
16.84333300
16.67066700
16.74366700
16.80525000
16.57195800
16.44250000
17.03258300
16.72854200
16.50125000
16.71512500
16.74979200
16.58920800
16.65516700
16.93729100
16.50783400
16.71508300
16.65487500
16.58212500
17.15025000
16.42887500
16.33412500
16.95816700
16.70200000
16.63350000
16.64737500
16.72091600
16.53379200
16.97804200
16.58937500
16.60104100
16.76345900
16.46170800
17.03300000
16.59270800
16.35925000
17.11645900
16.50816600
16.48283400
16.83737500
16.58675000
16.72137500
16.59895800
16.79962500
16.65004200
16.80816600
16.66720900
16.61033300
16.73595800
16.63412500
16.81454200
16.61620800
16.58845900
16.79275000
16.60479100
16.78204200
16.42887500
16.92891700
16.64845800
16.54191700
16.85766600
16.81275000
16.73783400
16.59341600
16.76008400
16.53804100
16.85387500
16.61675000
16.80008400
16.69520800
16.53745800
16.54537500
16.68158400
16.73020800
16.62637500
16.81325000
16.53445800
16.79345900
16.63891600
17.15937500
16.32225000
16.65695900
16.73079100
16.52508400
16.85358300
16.46258300
16.74495900
16.67220800
16.74300000
16.69491700
16.61320800
16.63154200
16.73729100
16.76104200
16.82208300
16.77600000
16.60337500
16.55470900
16.62045800
16.53600000
16.92137500
16.67404200
16.47829100
16.58766700
16.83550000
16.84466700
16.62133300
16.65629200
16.67891600
16.62491700
16.89683300
16.51441700
16.71487500
16.64295800
16.74775000
16.82895900
16.75150000
16.56379100
16.55266700
16.89833300
16.36337500
16.71829200
16.76295800
16.69241700
16.41041700
17.07262500
16.60562500
16.63191600
16.79625000
16.63741700
16.63937500
16.79025000
16.57466700
16.71762500
16.61929100
16.74933400
16.57570800
16.73570800
16.63566700
16.84237500
16.56795800
16.55075000
16.92266700
16.47129200
16.76733300
16.75133300
16.54966700
16.84795800
16.72029200
16.57966700
16.56529100
16.84237500
19.11983400
14.42000000
16.60983300
16.52887500
16.77087500
16.48612500
16.88308300
16.53220900
16.71400000
16.74416600
16.65304200
16.55612500
16.88900000
16.56816700
16.79729100
16.61237500
16.44745900
16.89775000
16.70866600
16.57354200
16.79525000
16.73854200
16.62883300
16.65087500
16.74004200
16.67087500
16.57175000
16.82883300
16.61833300
16.61150000
16.84766700
16.78629200
16.60316600
16.52962500
16.75916700
16.58550000
16.84408300
16.45470900
16.99720800
16.48254200
16.83820800
16.50887500
16.77175000
16.70200000
16.73854200
16.42275000
16.86100000
16.79033300
16.59370800
16.41175000
16.90929200
16.55537500
16.90329200
16.67570800
16.70437500
16.44533300
16.97595900
16.26754100
17.06841700
16.53175000
16.56495800
16.83200000
16.83454200
16.32720800
16.89366700
16.68241700
16.60933300
16.75929200
16.55137500
16.67775000
16.81666600
16.65191700
16.70095800
16.75754200
16.77508300
16.40683400
16.70675000
16.78366600
16.63129200
16.59437500
16.73383300
16.66283400
16.69704100
16.95091700
16.64483300
16.56133400
16.65229100
16.63725000
16.62662500
16.61937500
16.78633400
16.71312500
16.61304100
16.61362500
16.80675000
16.60041700
16.89150000
16.52104200
16.60470800
16.78645800
16.62137500
16.62183400
16.79162500
16.63541600
16.56008400
16.95862500
16.67133300
16.66645800
16.68820900
16.58195800
16.71379200
16.73937500
16.59066600
16.81254200
16.48212500
16.76462500
16.70487500
17.00450000
16.61083300
16.75075000
16.42025000
16.85504200
16.52400000
16.69650000
16.71229200
16.50600000
16.80137500
16.71595800
16.60004200
16.71854100
16.86587500
16.46379200
16.82937500
16.59612500
16.88954200
16.54195800
16.72366700
16.65404100
16.51016700
16.90320800
16.54566700
16.63275000
16.71316700
16.72954100
16.66237500
16.61620900
16.65970800
16.68254200
16.81050000
16.61733300
16.69975000
16.83612500
16.73675000
16.64745800
16.59329200
16.49241700
16.82170800
16.61987500
16.63508300
16.74708400
16.48866600
16.87145900
16.67312500
18.27854100
15.64858400
16.85358300
16.18883300
16.68058400
16.63279100
16.87320900
16.55958300
16.43179200
16.53087500
16.85295800
16.70325000
16.84458300
16.61587500
16.61500000
16.67400000
16.53958400
16.78866600
16.64104200
16.72229200
16.89008300
16.47075000
17.02995800
17.55787500
15.67037500
16.70050000
17.47120900
17.86445800
16.38550000
15.03866700
17.88266600
15.72716700
16.57975000
17.61395800
15.69900000
17.13925000
16.22929200
16.63108300
16.65754200
16.69008300
16.70212500
16.68708400
16.76325000
16.37833300
16.68595800
16.75454200
16.66341700
16.60025000
16.65020800
16.77254200
16.62987500
16.79408300
17.39516700
16.06954100
16.51962500
16.60137500
16.72516700
16.73425000
16.56425000
16.58695800
16.80333400
16.80933300
16.63162500
17.73983300
15.88700000
16.42141700
16.65891700
16.77412500
16.61229100
16.88666700
16.62137500
16.49575000
16.83958300
16.56533400
16.60541600
16.78066700
16.67016700
16.55187500
16.75429100
16.65270900
16.68854100
16.73058400
16.73012500
16.66320800
16.62087500
16.78458300
16.72262500
16.70379200
16.59912500
16.65983300
16.99266700
16.39537500
16.60104200
16.79520800
16.47154200
16.90883300
16.80050000
16.45341700
16.60862500
16.80395800
16.78545800
16.52041700
16.83333300
16.58983400
16.54579100
16.87745900
16.69841600
16.69483400
16.63816600
16.48720900
16.86845800
16.76220800
17.04950000
16.38091700
16.55954200
16.56045800
16.73275000
16.56208300
16.74595900
16.82383300
16.68287500
16.52437500
16.79966700
17.38775000
15.82304100
16.94337500
16.45283400
16.65191600
17.20837500
16.77441700
16.62675000
16.68975000
16.48037500
16.57179200
16.73050000
16.70712500
16.52329100
16.84512500
16.40808400
16.73087500
16.85887500
16.73458300
16.47020800
16.69241700
16.61508300
16.74862500
16.62575000
16.70254200
16.72466700
16.75587500
16.69729100
16.61245900
16.69979100
16.68495900
16.68045800
16.78045800
16.59212500
16.69691700
16.74629200
16.57170800
16.78700000
16.61487500
16.68441700
16.82483300
16.57733300
16.50295900
16.78654100
16.73162500
16.53320900
16.75533300
16.90350000
16.53162500
16.93116700
16.57987500
16.53837500
16.66250000
16.67791600
16.56375000
16.80012500
16.77608400
16.56404100
16.73525000
16.61066700
17.13691700
16.41445800
16.76608300
16.60720900
16.70195800
16.61812500
16.43245800
16.73079200
16.96241700
16.87908300
16.42975000
16.52308300
16.79187500
16.59566700
16.75879200
16.59920800
17.14583300
16.53983400
16.62250000
16.61212500
16.54620800
16.66066700
16.67254100
16.64033400
16.69862500
16.71954100
16.73691700
17.12237500
16.43425000
16.41283300
16.74366700
16.72966700
16.55541600
16.82179200
16.59750000
17.01441700
16.50812500
16.95304100
16.63483400
16.74804100
16.52062500
16.51295900
16.71854100
16.60412500
16.53054200
16.80758300
16.65608400
16.79233300
16.55800000
17.19104200
16.55579100
16.88266700
16.53954200
16.78658300
16.82370800
16.80600000
15.98725000
16.89283400
16.63800000
16.63725000
16.97858300
16.55616700
16.56820800
16.56558300
16.61700000
17.06008400
16.35229100
16.54954200
16.76220800
16.83679200
16.73929200
16.38104100
16.79187500
16.57433400
16.84508300
16.60266700
16.63675000
16.80987500
16.44904100
16.66166700
16.77679200
16.65691600
16.72362500
16.73741700
16.66575000
16.49875000
16.90645800
17.02154200
16.27041700
16.73787500
16.68829100
16.62562500
16.70591700
16.73750000
16.52695800
16.79883400
16.86854100
16.45404200
16.76358300
16.81233400
16.31883300
16.91150000
16.68195800
16.54425000
16.69508400
16.77625000
16.53112500
16.78408300
16.73641700
16.84708300
16.46162500
16.57737500
16.79112500
16.71337500
16.53100000
16.87870800
16.64050000
16.63295900
16.77550000
16.60887500
17.02750000
16.65391600
16.84741700
16.59170800
16.32670900
16.83716600
16.55170900
16.67733300
16.84100000
16.61895800
16.73225000
16.62216700
16.50866700
16.75566600
16.68445900
16.67591600
16.85270900
16.72512500
16.35300000
16.83691600
16.71287500
16.48279200
16.90887500
16.58725000
16.45379200
17.02770800
16.63179200
16.93333300
16.56183300
16.80983400
16.29958300
16.79516700
16.71741600
16.58604200
16.85745800
16.48141700
16.73104200
16.72216600
16.77066700
16.65875000
16.69641700
16.72395800
16.60295800
16.74279200
16.61625000
16.69237500
16.71970800
16.63220900
16.50908300
17.10158300
16.35445900
16.80179100
16.75083400
16.64900000
16.64112500
16.54983300
16.74545800
16.69925000
16.76570900
16.59650000
17.08633300
16.40970800
16.62745900
16.85795800
16.56275000
16.50470800
16.76670900
16.73445800
16.49058300
16.99641700
16.69750000
16.56758300
16.70829200
16.49045800
16.69812500
16.74508400
16.72500000
16.70895800
16.59975000
16.78891700
16.53991600
16.57166700
17.02162500
16.62625000
16.80037500
16.50887500
16.50000000
17.20183300
16.40691700
16.63575000
16.63475000
16.76275000
16.52995800
16.70825000
16.82595900
16.65629100
16.68787500
16.69233400
16.59808300
16.72283300
16.67183400
16.60308300
16.75895800
16.57662500
16.77991700
16.67141700
16.65158300
17.10170800
16.54904200
16.78850000
16.75166700
16.30020800
16.68866700
16.68037500
16.69500000
16.57416600
16.78950000
16.57962500
16.59837500
16.87945900
17.00470800
16.45429200
16.16241600
17.09212500
16.56512500
16.72462500
16.75975000
16.54562500
16.77595900
16.72450000
16.47412500
16.82595800
16.80904200
16.41629100
16.82037500
16.61858400
16.66320800
16.78250000
16.78262500
16.41091700
16.81845800
17.08054200
16.42083300
16.89666700
16.71550000
16.26412500
16.81833300
16.80520800
16.58033400
16.63812500
16.57812500
16.70262500
16.81683300
16.51050000
16.86970800
16.48808400
16.87350000
16.51379100
16.83295900
16.53716600
16.77033400
16.53287500
16.77425000
16.61908300
16.76095800
16.44937500
16.85925000
16.57658400
16.94804100
16.82608400
16.39200000
16.65708300
18.63954200
15.36450000
16.39900000
17.06033300
16.64666700
16.60591600
16.43091700
16.54716700
16.86483300
16.57179200
16.63637500
16.70208300
16.70733300
16.68062500
16.55362500
16.62191700
16.60775000
16.78800000
16.60841700
16.72220800
16.64045800
16.75475000
16.81904200
16.36787500
16.86325000
16.72479200
16.66066600
16.77800000
16.62583400
16.70045800
16.56325000
16.69662500
16.74979200
16.55654100
16.83441700
16.84812500
16.70512500
16.30887500
16.75675000
16.80141700
16.65229100
16.87741700
16.65895800
17.25241700
16.18395800
16.55333400
16.59862500
16.69808300
16.58204200
16.71204100
16.63841700
16.76920800
16.57483400
16.70991600
16.80316700
16.56241700
16.63616600
16.91187500
16.51991700
16.56208300
16.95491700
16.51237500
16.76891700
16.73395800
16.50870800
16.63045900
16.76629100
17.11191700
17.55083300
15.82862500
16.53733400
16.70516600
16.77979200
16.27833300
16.80200000
16.66458400
16.60004100
16.90845900
16.61087500
16.33291600
16.89725000
16.71145900
16.68012500
16.62345800
16.78420800
16.42279200
16.81958300
16.77516700
16.71041700
16.41308300
16.77512500
16.75320800
16.67833400
16.66841600
16.65587500
17.01133400
16.34600000
16.79395800
16.54316700
16.68258300
16.81075000
16.70225000
16.37670800
16.86658400
16.61291600
16.77337500
16.84908400
16.62741600
16.54833400
16.81600000
16.73558300
16.40625000
16.76770800
16.67837500
16.63212500
16.78366700
16.81112500
16.53537500
16.95958300
16.44558400
16.56220800
16.79554200
16.82516600
16.58016700
16.67395800
16.80679200
16.35941700
16.94258300
16.74679200
16.65241600
16.69133400
16.70791600
16.63704200
16.62579200
16.90033300
16.54387500
16.52937500
16.78995800
16.55729200
16.70287500
16.89479200
16.51862500
16.81550000
16.51241600
16.83925000
16.54141700
16.97733300
16.47366700
16.84429200
16.39212500
16.90016600
16.70629200
16.62954200
16.75145800
16.64312500
16.98291700
16.40525000
16.65045800
16.43554200
16.90287500
16.71350000
16.60654100
16.70987500
16.65166700
16.66800000
16.71837500
16.75258300
16.48345900
16.93775000
16.80245800
16.22737500
16.88691700
16.74125000
16.67362500
16.61570800
16.68654200
16.70641600
16.93016700
16.42354200
16.83175000
16.75466600
16.68445900
16.74345800
16.46950000
16.69279200
16.48950000
16.83170800
16.56383300
16.90187500
16.63150000
16.74504200
16.58775000
16.60333300
16.68033400
16.59066600
16.91304200
16.49975000
16.86491700
16.65841600
16.41812500
16.87629200
16.78950000
16.60191700
16.58054100
16.75245900
16.58787500
16.73600000
16.70775000
16.62758300
16.81654200
16.58054100
16.74816700
16.69329200
16.58537500
16.63254100
17.01558400
16.53162500
16.68591600
16.66591700
16.57987500
16.65287500
16.96650000
16.39487500
16.54062500
16.96725000
16.56141700
16.84970800
16.61600000
16.47858300
16.73058400
16.84987500
16.71633300
16.40845800
16.88750000
16.84520900
16.44812500
16.70316600
16.88862500
16.47733400
16.76575000
16.55904100
16.82891700
16.71250000
16.61987500
16.68704200
16.71054100
16.49454200
16.73666700
16.91362500
16.43237500
16.79829100
16.88366700
16.43541700
16.97720800
21.93029200
11.40408300
16.86183300
16.65670900
16.57875000
16.76479100
16.54104200
16.57870800
16.87991700
16.64066700
16.70466600
16.57745900
16.78058300
16.63191700
16.61104100
16.86283400
16.43716600
16.93341700
16.56983300
16.57512500
16.80650000
16.70837500
16.55704200
16.76558300
16.67408400
16.73070800
16.57979200
16.85987500
16.54175000
16.60237500
16.81016600
16.60545900
16.79579100
16.60295900
16.64095800
16.78708300
16.71012500
16.61945900
16.51791600
16.73745900
16.71195800
16.77258300
16.67700000
16.84883400
16.57800000
16.72666600
16.69712500
16.65600000
16.57129200
16.91375000
16.73262500
16.36287500
16.84037500
16.58033300
16.77954200
16.73975000
16.45095800
16.68070900
16.73133300
16.76745800
16.59812500
16.57870900
16.92720800
16.56858300
16.82495900
16.66083300
16.51054200
16.87500000
16.62100000
16.64808300
16.66987500
16.64250000
16.61200000
16.83879200
16.67908300
16.62066700
16.58483300
16.82629200
16.52670800
16.89075000
16.49804200
16.82362500
16.72550000
16.59966600
16.61720900
16.64712500
16.86029100
16.71083400
16.56450000
16.99720800
16.38741700
16.73816600
16.67862500
16.83120900
16.57483300
16.69666700
16.43750000
16.95491600
16.57362500
16.70450000
16.56791700
16.77633300
16.68900000
16.80925000
16.82900000
16.62408400
16.54141600
16.92658400
16.46950000
16.70379100
16.49529200
16.79820800
16.71062500
16.57966700
17.08925000
16.43254200
16.48416600
16.90358400
16.50829100
16.66337500
16.70425000
16.71241700
16.69104200
16.87995800
16.43491700
16.77166600
17.02545900
16.95633300
16.50608300
16.57958400
16.53400000
16.34587500
16.74487500
16.72904100
16.67075000
16.80625000
16.66529200
16.82204200
16.85954100
16.37766700
16.74754200
16.76150000
16.43020800
16.64704200
16.56445800
16.72479200
16.70833300
16.74275000
16.65716700
16.71304100
16.70604200
16.67691700
16.62004100
16.66050000
16.83216700
16.62112500
16.64654200
16.60741600
16.74133400
16.65166600
16.63583400
16.68512500
16.80583300
16.60354200
16.67862500
16.68529100
16.60262500
16.69058400
16.78841600
16.54766700
16.78133300
16.60550000
16.67087500
16.91933400
16.68566600
16.60183400
16.68187500
16.62133300
16.67716700
16.68575000
16.71154100
16.59725000
16.76245900
16.83900000
16.48200000
16.66683300
16.99670800
16.34912500
16.71416700
16.68154200
16.64387500
16.73866600
16.75725000
16.53766700
17.05395800
16.47604200
16.67345800
16.67079200
16.69850000
16.67266700
16.51133300
16.96587500
16.67708300
16.47183400
16.78254100
16.79191700
16.51637500
16.68275000
16.70225000
16.58579200
16.88516600
16.69670900
16.62400000
16.57695800
16.69525000
16.76120800
16.59550000
16.56154200
16.96683300
16.48395900
16.75479100
16.66066700
16.99129200
16.39508300
16.74279200
16.54475000
17.09795800
16.40920800
16.69441700
16.65291700
16.64100000
16.61775000
16.73179100
16.73379200
17.12008300
16.26387500
16.68808400
16.57375000
16.94891600
16.55291700
16.52925000
16.71629200
16.80470800
16.57595800
16.74100000
16.62729200
16.59266700
16.79429100
16.63866700
16.75416700
16.90087500
16.35304100
16.81250000
16.68345900
16.59833300
16.67425000
16.67287500
16.71079200
16.82100000
16.57000000
16.66362500
17.04970800
16.33870800
16.62983400
16.87300000
16.51191600
16.90937500
16.50229200
16.75133300
16.74050000
16.52429200
16.89245800
16.52804200
16.54683300
16.88116700
16.49350000
16.83895800
16.72875000
16.59866700
16.65312500
16.85241700
16.48916600
16.69745900
16.85587500
16.51808300
16.67445800
16.74908400
16.54129100
16.78470900
16.66283300
16.70279200
17.29729100
16.14841700
17.68904200
15.67283300
16.59112500
16.69241700
16.72404100
17.07941700
16.12204200
16.78145800
16.70933300
16.64508400
16.74729100
16.70675000
19.00975000
14.89395900
16.82887500
16.48866600
16.40300000
16.84012500
16.57070900
16.78395800
16.76308300
16.65329200
16.56941700
16.74079100
16.55620900
17.05283300
16.52937500
16.65575000
16.70750000
16.60279200
16.43208300
16.82850000
16.49050000
16.71566700
16.68604100
16.53558400
16.74050000
16.82233300
16.47875000
16.94062500
16.49541700
16.73920800
16.70187500
16.63429200
16.57295800
16.75000000
16.70537500
16.66412500
16.67200000
16.78475000
16.76720800
16.68425000
16.61995900
16.55920800
16.88383300
16.69775000
16.63670900
16.93320800
16.57708300
16.61487500
17.55850000
15.63891700
16.72154200
16.85316600
16.52016700
16.62045800
16.68154200
16.66950000
16.65079200
16.72745800
16.67125000
16.74912500
16.42754200
16.84754100
16.69075000
16.74262500
16.58800000
16.65191700
16.75370800
16.61458400
16.76358300
16.65658300
16.65291700
16.83400000
16.52179200
16.70925000
16.68162500
16.87533300
16.60904200
16.51816600
16.80054200
16.52979200
16.84608300
16.62245800
16.53233400
17.05766600
16.52166700
16.64437500
16.67616700
16.81900000
16.52570800
16.72737500
16.70312500
16.58212500
16.73620800
16.68083400
16.63425000
16.65733300
16.78025000
16.47920800
16.85479200
16.72383300
16.50762500
16.75716700
16.81533300
16.67783400
16.69000000
16.49175000
16.85458300
16.75808300
17.28737500
16.04704200
16.99066700
16.38054100
16.67741700
16.54729200
16.71775000
16.67904100
16.69516700
16.86520800
16.61958400
16.83800000
16.26175000
16.82087500
16.75187500
16.67179100
16.74262500
16.70016700
16.52095800
16.74229200
16.80537500
16.59866700
16.86225000
16.56383300
16.73291700
16.77091600
16.63504200
16.95045800
16.43320900
16.70329100
16.47220900
16.72137500
16.67175000
16.94162500
16.60116600
16.87216700
16.30391700
16.97487500
16.43062500
16.74462500
16.94287500
16.48950000
16.57875000
16.61858300
16.68566700
16.64579100
16.88050000
16.57637500
16.88104200
16.54212500
16.78954200
16.50275000
16.51720800
16.78854200
16.63350000
16.73291600
16.76391700
16.50441700
16.76666600
16.67904200
17.17887500
16.31537500
16.59579200
16.73441600
16.66937500
16.57466700
16.78362500
16.64170800
16.58562500
16.89316700
16.46520800
16.62845900
16.84425000
16.60787500
16.67137500
16.75233300
16.72954200
16.61291600
17.33504200
16.43787500
16.32141700
16.90783300
16.56133300
16.71466700
16.53654200
16.87054100
16.42970900
17.13087500
16.42241600
16.46887500
16.74879200
16.87354200
16.53191600
16.69691700
16.68491700
16.65070800
16.75033300
16.66616700
16.66387500
16.73025000
16.63720800
16.74795900
16.50266600
16.74266700
16.77645800
16.61337500
16.74687500
16.63337500
16.52954200
16.92975000
16.68616700
16.75087500
16.40845800
16.79004200
16.64516600
16.61995900
16.78404100
16.73012500
16.63979200
16.63008300
17.03645900
16.73470800
16.74895800
16.37433400
16.49658300
16.85733300
16.48837500
16.74187500
16.57970900
17.00004100
16.47083400
16.79154100
16.64862500
16.60658400
16.79958300
16.61737500
16.63487500
16.64950000
16.82266700
16.95458300
16.55308300
16.77475000
16.39887500
16.92262500
16.63291700
16.54091700
16.69970800
17.17912500
16.29183300
16.66979200
16.68354200
16.58370800
16.70816700
16.67900000
16.67941600
16.70233400
16.75162500
16.71037500
16.59908300
16.74387500
16.56137500
16.68266700
16.74066600
16.61537500
16.64279200
16.65233300
16.81100000
16.63958400
16.67137500
16.84750000
16.69179100
16.55841700
16.64141700
16.84362500
16.69670800
16.82470800
16.57083400
16.42833300
16.68204200
16.68675000
17.07141600
16.47712500
16.69333400
16.58879100
16.70104200
16.60300000
16.74958300
16.64587500
16.68858400
16.77129100
16.67058400
16.57495800
16.39558300
16.90716700
17.02091700
16.29066600
16.93979200
16.80291700
16.45008300
16.78779200
16.48233300
16.82729200
16.67491600
16.81587500
16.41520900
16.87987500
16.62958300
17.01525000
16.40370800
16.61625000
16.66087500
16.80137500
16.53183400
16.77487500
16.47566600
16.82920900
16.87383300
16.54054200
16.72004100
16.58779200
16.74045800
16.63075000
16.72566700
16.68083300
16.57516700
16.98229200
16.84033300
16.50766700
16.56545800
17.64562500
15.83275000
18.41329200
47.85616600
16.86504200
13.89470800
8.95845900
9.59820800
8.98150000
9.67754200
16.33870800
17.20758300
16.13845900
16.42162500
16.65445800
16.86037500
16.17670800
16.75570900
16.58270800
16.49770800
16.88650000
16.66345900
16.73250000
16.61883300
16.65350000
17.10704200
16.33116600
16.74254200
16.59658300
16.51666700
17.16562500
16.70583300
16.48100000
16.67254200
16.52333300
16.83433400
16.93008300
16.47416700
17.42175000
16.01879100
16.57875000
16.86341700
16.43775000
16.54816700
16.85820800
16.73108300
16.41037500
16.74541700
16.50208300
17.05641700
16.43645800
16.76379200
16.87845800
16.66450000
16.07870900
17.34729100
16.65062500
16.71475000
16.62870900
16.44645800
16.86933300
16.78445900
16.35120800
16.71858300
16.84183400
16.60062500
16.59675000
16.82304100
16.45954200
16.89783300
16.75987500
16.89575000
16.29691700
16.95762500
16.70345800
17.82537500
15.53716700
16.79133300
16.86345900
16.88554100
16.23829200
16.42970800
16.67583400
16.70695800
16.88304200
16.37583300
16.92175000
16.47066700
16.85220800
16.56562500
16.56187500
16.63937500
16.85825000
16.80041700
16.45208300
16.64800000
16.86962500
16.69037500
16.81700000
16.45387500
16.72725000
16.69387500
16.56870800
16.69058400
16.82162500
16.68575000
16.67491600
16.71545900
16.59916600
16.82904200
16.62158300
16.45737500
16.80970900
16.62200000
16.77470800
16.78300000
16.63650000
16.86629200
16.40608300
16.65395800
17.06745900
16.40820800
16.66087500
16.56454200
16.87629100
16.61691700
16.76329200
16.69641600
16.68212500
16.58516700
16.65420800
17.00550000
16.25450000
16.94400000
16.53495900
16.68420800
16.75266700
16.65662500
16.67000000
16.71104100
16.80745900
16.59741600
16.90379200
16.59733300
17.00641700
16.30220800
16.90079200
16.51958300
16.57154200
16.76733300
16.59550000
16.67475000
16.76525000
16.62837500
16.46404200
16.94033300
16.73304200
16.55158300
17.18125000
16.35991700
16.47379200
16.79645800
16.61345800
16.65454200
16.74883300
16.66933400
16.63483300
16.84291700
16.59275000
16.47804100
16.91683400
16.63216600
16.66012500
16.67820900
16.63283300
16.63366700
17.17079100
16.48833400
16.90391600
16.43908400
16.69983300
16.35854200
16.85083300
16.67475000
16.56262500
16.80854200
16.67362500
16.63045800
16.66954200
16.72625000
16.73783300
16.75295800
16.58895900
16.73908300
17.78304200
16.34725000
16.25637500
16.33337500
16.85600000
16.67400000
16.60995800
16.42745800
16.74375000
16.74237500
16.36779200
16.81954200
16.78708300
16.48758300
16.90858400
16.77562500
16.59991600
16.63358400
16.93404100
16.72520900
16.30050000
17.16316600
16.52320900
17.50175000
15.96029100
16.63420900
17.49579100
17.70933400
14.83587500
17.00754100
16.68358400
16.31762500
16.97525000
16.44033300
16.78812500
16.75404200
16.55004100
16.55537500
16.84008400
16.65008300
16.67916700
16.60925000
16.67841600
16.60650000
16.62304200
16.69045800
16.84512500
16.54904200
16.65395800
16.70187500
16.68512500
16.61833400
16.77254100
16.49533400
16.84795800
16.68470800
16.66541700
16.79220800
16.53079200
16.57758300
16.85987500
16.67350000
16.61937500
16.88375000
16.71991700
16.54154200
16.62033300
16.75750000
16.56270800
16.73262500
16.71512500
16.61345900
16.62466600
16.72412500
16.54295900
16.71612500
16.75487500
16.69204100
16.70691700
16.63675000
16.79933300
16.65245900
16.66933300
16.65775000
16.93333300
16.47587500
16.73408400
16.35979100
16.81604200
16.82320800
16.43154200
16.81120800
16.86287500
16.59633400
16.71041600
16.67620900
16.47225000
16.89662500
16.69495800
16.62737500
16.58383300
16.65366700
16.97754200
16.57095800
16.63008300
16.54395900
16.91758300
16.82216700
16.64837500
16.50633300
16.80358300
16.83766700
16.43541700
16.82620800
16.56087500
16.68329200
16.60937500
16.85600000
16.51562500
16.80225000
16.71008300
16.62329200
16.69666600
16.52450000
16.85179200
16.49458300
17.27462500
16.60641700
16.36158300
16.91491700
16.52783300
16.46941700
16.84416700
16.66841600
16.72004200
16.58508300
16.65095900
16.55300000
16.80475000
16.74970800
16.53037500
16.87620800
16.64679200
16.50341700
16.94816600
16.36595900
16.95954100
16.75729200
16.41754200
16.62825000
16.93983300
16.49795800
16.76437500
16.65979200
16.85275000
16.42112500
16.99266700
16.55358300
16.64350000
16.77425000
16.89033300
16.92637500
16.48266700
16.35637500
16.98850000
16.61129200
16.65183300
16.69725000
16.59200000
16.82695800
16.50858400
16.70212500
16.66050000
16.58937500
16.64666600
16.63620900
16.93008300
16.84695800
16.39925000
16.78675000
16.59425000
16.58354200
16.80291700
16.66458300
16.53075000
16.71258300
16.85004200
16.53262500
16.70787500
16.79762500
16.56233300
16.74979200
16.76745800
16.72437500
16.72491700
16.66675000
16.70716700
16.46062500
16.67816600
16.85537500
16.64570900
16.53754100
16.59829200
16.78762500
16.84137500
16.28720800
16.98945900
16.62154100
16.66154200
16.77825000
16.61666700
16.63075000
16.58683300
16.89804200
16.54141600
16.71641700
16.68750000
16.53729200
16.79166600
16.63766700
16.78116700
16.57804100
16.74341700
16.80691700
16.67662500
16.58000000
16.82183300
16.68162500
16.54208300
16.79412500
16.38691700
16.75658300
16.85179200
16.49220800
16.74645900
16.76062500
16.58412500
16.87162500
16.65120800
16.64058300
16.59033400
16.69345800
16.68354200
16.67962500
16.77237500
16.66929100
16.69183400
16.58000000
16.76908300
16.45329200
17.17037500
16.40079100
16.60633400
16.72966600
16.75345900
16.72458300
16.61525000
16.62829200
16.69841600
16.76162500
16.68845900
16.77795800
16.66129200
16.56958300
16.91970800
16.61850000
16.60741700
16.62258300
16.58479200
16.67233300
16.85704200
16.58925000
16.57470800
16.82866700
16.61570800
16.51683400
16.94962500
16.58987500
16.65237500
16.71370800
16.65937500
16.66491700
16.70345800
16.60100000
16.74579200
16.78220800
16.73441700
16.48054100
16.67795900
16.69029100
16.69529200
16.62125000
17.00658300
16.38816700
16.80612500
16.59341700
16.66141600
16.86491700
16.62683300
16.64466700
16.69345800
16.66420900
16.58337500
16.69958300
16.78212500
16.61125000
16.82195800
16.58241700
16.59275000
16.62158300
16.83333400
16.61591600
16.73370900
16.67387500
16.67150000
16.59808300
16.73229200
16.76875000
16.58316600
16.79829200
16.65033300
16.67179200
16.63587500
16.95808300
16.55554200
16.60254200
16.73716600
16.59654200
16.66604200
16.78237500
16.64195800
16.69595800
17.08075000
17.48375000
15.49366700
16.69750000
16.68733300
16.44266700
16.80554200
16.72733300
16.55450000
16.82341700
16.65541600
16.58912500
16.82104200
16.68370800
16.68787500
16.76208400
16.60795800
16.74379200
16.60108300
16.63333300
16.78679200
16.65425000
16.68387500
16.44754200
17.26125000
16.40300000
16.71370800
16.68841700
16.68125000
16.58383300
16.71112500
16.56591700
16.90304100
16.51412500
16.83037500
16.65000000
16.61487500
16.71350000
16.65279200
16.93329200
16.79204100
16.38337500
16.88045900
16.49354100
16.73954200
16.62575000
16.56283300
16.85537500
16.70120900
16.57929100
16.87370900
16.51916600
16.92900000
16.50170900
16.77212500
16.50383300
16.80354200
16.90704100
16.66262500
16.60562500
16.45437500
16.69404200
17.31679200
16.20495800
16.57741700
16.72833300
16.63175000
16.67637500
16.68545800
16.69579200
16.58737500
16.85429200
16.64483300
16.97812500
16.70833300
16.59229200
16.50304200
16.45162500
16.72891600
16.61650000
16.87916700
16.70191700
16.43208300
16.80320800
17.47420900
16.06675000
16.64229100
16.52475000
16.73762500
16.64500000
16.99583400
16.47745800
16.62429200
16.76029100
16.69212500
16.61629200
16.61433300
16.73133400
16.70575000
16.74429100
16.63954200
16.63862500
16.65958300
16.67212500
16.70445900
16.71566600
16.61608400
16.73525000
16.61554100
16.71275000
16.74300000
16.57395900
18.03575000
15.62850000
16.52041600
16.67470900
16.59962500
16.59895800
16.73500000
16.89450000
16.40654200
16.97000000
16.54108300
16.69379200
16.67145800
16.65229200
16.82970800
16.61570800
16.70554200
16.60779200
16.69341600
16.64466700
16.68687500
16.74708300
17.32887500
15.83800000
16.79770900
16.69241600
16.70250000
16.76875000
16.67954200
16.67887500
16.59700000
16.94929200
17.94816600
15.30683400
16.95083300
16.28191700
16.63337500
16.77016600
16.72675000
16.61933400
16.64933300
16.86683300
16.60783400
16.68954100
16.61887500
16.65633400
16.68429100
16.70587500
16.64695900
16.73654100
16.99537500
16.38304200
16.74404200
16.67454100
16.57254200
16.72616700
16.89733300
16.37208300
16.69304200
17.27170800
16.24883400
17.18695800
16.47425000
16.45758300
16.46762500
16.71150000
16.62620900
16.63162500
16.97320800
16.66316700
16.52679100
16.65195900
16.82066600
16.60625000
16.95333400
16.33741600
16.72108400
17.44633300
15.93520800
16.79179200
16.81429200
17.07283300
16.32758300
16.54600000
16.35995900
16.85012500
16.74100000
16.61954100
16.68695900
16.67091600
16.65750000
16.78575000
17.56666700
15.81879200
16.77804100
16.64962500
16.48850000
16.71795900
16.71562500
16.67387500
16.66862500
16.65608300
16.67066700
16.78937500
17.05770800
16.21191700
16.77195800
16.68358300
16.50708400
16.88137500
16.62495800
16.67504200
16.63033300
16.63000000
16.88370800
16.64658400
16.76608300
16.45720800
16.82741700
16.91229200
16.72179100
16.33325000
17.11483400
16.11870800
17.09379200
16.48866600
16.90175000
16.45879200
16.55200000
16.90075000
16.55941700
16.80325000
16.71612500
16.59520800
16.89783300
16.58837500
16.83245900
16.64308300
16.62304200
16.51400000
16.62175000
16.87787500
16.71116600
16.46254200
16.68941700
16.69350000
16.64191600
16.85362500
16.78820900
16.46358300
16.69808300
16.83012500
17.44779200
15.99783300
16.63995900
16.53716600
16.85095900
16.45683300
16.61062500
16.93275000
16.60583300
16.80770900
16.73637500
16.64225000
16.52325000
16.92258300
16.60062500
16.44162500
16.80645800
16.85920900
16.65812500
16.67741600
16.76950000
16.45512500
16.43666700
16.76200000
16.65291700
16.93041600
16.63200000
16.83183400
16.53108300
16.63366700
16.58500000
16.79350000
17.03541600
16.69320900
16.89112500
16.38333300
16.48783300
16.70279200
16.55787500
16.69262500
16.72725000
16.46104200
16.75675000
16.77400000
16.63733300
16.69383300
16.71208400
16.57125000
16.75341600
17.29233400
16.07858300
16.70054200
16.64837500
16.63191600
16.73670900
16.85125000
16.51012500
16.57762500
16.79012500
16.57854100
18.60779200
17.80283300
14.78454200
16.66016700
16.81616600
16.24100000
17.14195900
16.72162500
16.66420800
16.94595800
15.87920900
16.50633300
16.57075000
16.83887500
16.41370800
16.79770900
16.43933300
16.54941700
16.66562500
17.12375000
16.42408300
16.63383300
16.57087500
16.65083400
16.91375000
16.48075000
16.86383300
17.00450000
16.41533300
16.69020900
16.47870800
16.71433300
16.77375000
16.72416700
16.52708300
16.53600000
16.79241700
16.79841700
16.63387500
16.80900000
16.39825000
16.84120800
16.52091700
16.80583300
16.70145800
16.74429200
16.60970800
16.61658400
16.86029100
16.94858400
16.23975000
16.72066600
16.75275000
16.74091700
16.56958300
16.75725000
16.84087500
16.62612500
16.56241700
16.70770800
16.99879200
16.43283300
16.78350000
16.62316700
16.69258300
16.57712500
16.58095900
16.85729100
16.58737500
16.70325000
16.72745900
16.55737500
16.65670800
16.73837500
16.75304200
16.70679100
16.66508400
16.58920800
16.73129200
16.67195800
16.68212500
16.83816700
16.56204100
16.63554200
16.69350000
16.63275000
16.62016700
17.16466600
16.42262500
16.86091700
16.51225000
16.72325000
16.61512500
16.83125000
16.56637500
16.60908300
16.57095900
16.85554100
16.60304200
16.65050000
16.66612500
16.81545800
16.51112500
16.79420900
16.61012500
16.74054100
16.71275000
16.59370900
16.75366600
16.73304200
16.59404200
16.61308300
16.81566700
16.58904100
16.69166700
16.76883300
16.63441700
16.44516700
16.89112500
16.71904100
17.09862500
16.19712500
16.92554200
16.68166700
16.67216600
16.60954200
16.54245800
16.57541700
16.82566700
16.87591600
16.51708400
16.70587500
16.72187500
16.43141600
17.10187500
16.49437500
16.87479200
16.46154200
16.69504100
16.66816700
16.79166700
16.56187500
16.70166600
16.68704200
16.73800000
16.63366700
16.64420800
17.05933300
16.49291700
16.48912500
16.75054200
16.61733300
16.69895800
16.70112500
16.70875000
16.66612500
16.81750000
16.69925000
16.53495900
16.76933300
16.70412500
16.46458300
16.82258400
16.67912500
16.51887500
16.72745800
16.79637500
16.90908300
16.72816700
16.84550000
16.40370800
16.78900000
16.31862500
16.67858400
16.70445800
16.80554200
16.49895800
16.76020800
16.82050000
16.59954200
16.86283300
16.46162500
16.48625000
16.88983400
16.70837500
16.72787500
16.51383300
17.00408300
16.55829200
16.61487500
16.95575000
16.48158300
16.63225000
16.66570900
16.73808300
16.60179200
16.60350000
16.70212500
16.75275000
16.56091600
16.82454200
16.67500000
16.65766700
16.77925000
16.35950000
16.87004100
16.66262500
17.13079200
16.34145800
16.77983400
16.56550000
16.43650000
16.87091600
16.80033400
16.63816600
16.62720900
16.70679100
16.58450000
16.95929200
16.51283300
16.66933400
16.70395800
16.61312500
16.61158300
16.80829200
16.76770800
16.58716700
16.69929200
16.75245800
16.68200000
16.61762500
16.69312500
16.72275000
16.51129200
16.75370800
16.70862500
16.66020800
16.68650000
16.86104200
16.44137500
17.03458300
16.49695900
16.85437500
16.54395800
16.72525000
16.62716700
16.60158300
16.56370800
16.80670900
16.92204100
16.42795900
16.59145800
16.79379200
16.71141600
16.72033400
16.62108300
16.70504200
16.51733300
16.78591700
16.78795800
16.73304200
16.47733300
16.83991700
16.63841600
16.64779200
16.64512500
16.73491700
17.08941600
16.32995900
16.84045800
16.39554200
16.77845800
16.69891700
16.53187500
16.93633300
16.60995800
16.60654200
16.68804200
16.64541600
16.53141700
16.89095800
16.64700000
16.59600000
16.80379200
16.65929200
16.59662500
16.80283300
16.62916700
16.71083300
16.69316700
16.62920800
16.66379200
16.71337500
16.85008300
16.55229200
16.70550000
16.49808300
16.70600000
16.76450000
16.56558300
17.06495900
16.67733300
16.49095800
16.63829200
16.65775000
16.76145800
16.75416700
16.57329200
16.64595800
16.77150000
16.77662500
16.50083300
16.76983400
16.50658300
16.85079200
16.65129100
16.58170900
16.77525000
16.80125000
16.70350000
16.42791600
17.09245900
16.56295800
16.46579200
16.85608300
16.46170800
16.66704200
16.96958300
17.07179200
16.61937500
16.39670800
17.83450000
15.41575000
16.67433400
16.70091600
16.31658400
17.05470800
16.69545800
16.65008400
16.59916600
16.90700000
16.39262500
16.70712500
16.78012500
16.69200000
16.94591700
16.58495800
16.85704200
16.45908300
16.83162500
16.53733400
16.64983300
16.64816700
16.66208300
16.64062500
16.82633300
16.77312500
16.54787500
16.65779200
16.77066700
16.99620800
16.40491700
16.55295800
16.65712500
16.62195800
16.82962500
16.67454200
16.57362500
16.78608300
17.60750000
15.87233400
16.66004100
16.65675000
16.63483400
16.65070800
16.70579200
16.47166600
16.83816700
16.65220800
17.01616700
16.78929200
16.58829100
16.55250000
16.50112500
16.83483400
16.47720800
16.74795800
16.78766700
16.46600000
16.88820800
16.59562500
16.57087500
16.58262500
16.90945900
16.46012500
16.87008300
16.84275000
16.44029200
16.84704100
16.49508400
16.92912500
16.62266600
16.64591700
16.65616700
16.66620800
16.55433300
16.79137500
16.73004200
16.52600000
16.94245800
16.51637500
16.69295900
16.80037500
16.59037500
16.56754100
16.76095900
16.69804100
16.58125000
16.82737500
16.55420900
16.75962500
16.71595800
16.73287500
16.72375000
16.65250000
16.74841700
16.53858300
16.72604200
16.75862500
16.43341600
16.84866700
16.61558300
16.61054200
16.77479200
16.83475000
16.52029100
16.74325000
16.66404200
16.59100000
16.77958300
16.68500000
16.61958400
16.68816600
16.79162500
16.55862500
16.74275000
16.72654200
16.79433300
16.52929200
16.53891700
16.95158300
16.50762500
16.91041700
16.51712500
16.79708300
16.57787500
16.79383300
16.67083400
16.82600000
16.46375000
16.74112500
16.69100000
16.52729100
16.79366700
16.58937500
16.74425000
16.65375000
16.58587500
16.95441700
16.69904100
16.57970900
16.74354100
16.61275000
16.53675000
16.85654200
16.62120800
16.58087500
16.83100000
16.72187500
16.54570900
16.86616600
16.65158400
16.58312500
16.87025000
16.55391600
16.65037500
16.65804200
16.67816700
16.85495800
16.63691700
16.59695800
16.58208300
16.71295900
16.81083300
16.34329200
16.75462500
16.91433300
16.52879200
16.69345800
16.97320800
16.23820900
16.99137500
16.46904100
16.88254200
16.54629200
16.92304100
16.56833400
16.72162500
16.48320800
16.90879200
16.58808300
16.60154200
16.90520800
17.01100000
16.85325000
16.60995800
16.44316700
16.56337500
16.45395800
16.86716700
16.40929200
16.77258300
16.72658300
16.70012500
16.67270900
16.58779100
16.68579200
16.88820800
16.56741700
16.74229200
16.44895800
16.94650000
16.46200000
16.87391700
17.26466600
16.13570900
18.17087500
15.31995800
17.52237500
16.50216700
16.12225000
16.61129100
18.74683400
14.70179100
17.22150000
16.26033400
16.44645800
16.90158300
16.45145900
16.83233300
16.72816700
16.71458300
16.60845800
16.53570900
16.61491600
16.83433400
16.61541600
17.19983400
16.91808300
16.44475000
16.53150000
16.69633300
16.45700000
16.66466700
16.51612500
16.69362500
16.69570800
16.92245900
16.37087500
16.55670800
16.55937500
16.78104200
16.73416600
16.72904200
16.65008300
16.60920900
16.73258300
16.71779200
16.71745800
16.55445800
16.70762500
16.65570900
16.64945800
16.79533300
16.61729200
16.64062500
16.79025000
16.61295800
16.61166700
16.95487500
16.44933300
16.85258400
16.71508300
16.70566700
16.54229100
16.83979200
16.38245800
16.60062500
16.83175000
16.61487500
16.78512500
16.73787500
16.55583400
16.71441600
16.63237500
16.78250000
16.55733400
16.99245800
16.47525000
16.67029200
16.61500000
16.60820800
16.79766700
16.72741600
16.53925000
16.78270900
16.72591600
16.62875000
16.71195900
16.64175000
16.73429100
16.62862500
16.77441700
16.62704200
16.60533300
16.77062500
16.77441700
16.75258300
16.63037500
16.51808300
16.71608400
16.92333300
16.42520800
16.69079200
16.73516700
16.50612500
16.92054100
16.62450000
16.59625000
16.82979200
16.71587500
16.48604200
16.71470800
16.69900000
16.67262500
16.68212500
16.79029200
16.60941600
16.69158400
16.81312500
16.43870800
16.79129200
16.72820800
16.60645800
16.82062500
16.68870900
16.60062500
16.73087500
16.74983300
16.53308300
16.89516700
16.59954200
16.70758300
16.92866700
16.76379100
16.77041700
16.44233300
16.57766700
16.53141700
16.68966600
16.59245900
16.56762500
17.03812500
16.46912500
16.77383300
16.62479200
16.66483300
16.69433300
16.53941700
16.72812500
16.77470800
16.65329200
16.70841700
16.56991600
16.80675000
16.72150000
16.75520900
16.69179100
16.45179200
16.87741700
16.72962500
16.52362500
16.74904100
16.64662500
16.45295900
16.91800000
16.68841600
16.46987500
16.74300000
16.80833400
16.61758300
16.75916700
16.83054100
16.37337500
16.86083400
16.65645800
16.61254200
16.76775000
16.49504100
16.89437500
16.66470900
16.67391600
16.61120900
16.79787500
16.62595800
16.60250000
16.64629200
16.78158300
16.69150000
16.87370800
16.72762500
16.56162500
16.63208400
16.85641600
16.57625000
16.76225000
16.57412500
16.73104200
16.66129200
16.69670800
16.77604200
16.58150000
16.67687500
16.72033300
16.67750000
16.56120800
16.68125000
16.68037500
16.60945900
16.85587500
16.66162500
16.57666600
16.71995900
16.70208300
16.57770800
16.70045900
16.74683300
16.81354200
16.45816600
16.78254200
16.62808300
16.58095900
16.84287500
16.62237500
16.78083300
16.71162500
16.67487500
16.74087500
16.58454200
16.57620800
16.73033300
16.82058400
16.50666600
16.71408400
16.76395800
16.73233300
16.67012500
16.75391700
16.71616700
16.65837500
16.63933300
16.56845800
16.80787500
16.51695900
16.92445800
16.57891700
16.50887500
16.80904100
16.71966700
16.84004200
16.59487500
16.55245800
16.54766700
16.85091600
16.65025000
16.51441700
16.78612500
16.72158300
16.66058400
16.82345800
16.59270800
16.84750000
16.62004200
16.58958300
16.51958400
17.04220800
16.69291700
16.54175000
16.84587500
16.67795800
16.53087500
16.70991700
16.69337500
16.56700000
16.83008300
16.67766700
16.54704100
17.07845900
16.51633300
16.51262500
16.75383300
16.66670900
16.56104100
16.77679200
16.67229200
16.61045800
16.90275000
16.58275000
16.59562500
16.72054200
16.66429100
16.73470900
16.60004100
16.72483400
16.66570800
16.64287500
16.75450000
16.64212500
17.23800000
16.52800000
16.94416700
16.39916600
16.43379200
16.82416700
16.78570800
16.55287500
16.69745800
16.44591700
16.60562500
17.35512500
16.14520800
17.30158400
16.34933300
16.42454200
16.57525000
16.74966600
16.60054200
16.70245800
16.71216700
16.77170800
16.77833400
16.51575000
16.72033300
16.58704200
16.72275000
16.68850000
16.66037500
16.60337500
16.75054100
16.73566700
16.95345800
16.52279200
16.45675000
16.67733300
16.92125000
16.60529200
16.73308300
16.86220900
16.47429100
16.45175000
16.97179200
16.77675000
16.59545800
16.50104200
16.77925000
16.60741700
16.91829100
16.72633400
16.58583300
16.64716700
16.79020800
16.60070800
16.50637500
16.84245900
16.70337500
16.66104100
16.75166700
16.64879200
16.86116600
16.66670900
16.57962500
16.50875000
16.76112500
16.70758300
16.60629200
16.68212500
16.78533300
16.53829200
16.71520800
17.65887500
15.85016700
16.71995800
16.43058300
16.77183400
16.60887500
16.71316600
16.61920900
16.71570800
16.83958300
16.64420900
16.65116600
16.47645900
16.77787500
16.57933300
16.86445800
16.57137500
16.92141700
16.60683300
16.48816700
16.85437500
16.62775000
16.50450000
16.85366700
16.72854100
16.58266700
16.71304200
16.94075000
16.43641600
16.70429200
16.69004200
16.80291600
16.45475000
16.88408400
16.59795800
16.64662500
16.51241700
16.90854100
16.58979200
16.53520800
16.80175000
16.71320900
16.70533300
16.69216700
16.69883300
16.73633300
16.69708400
16.59654100
16.56583400
17.01558300
16.60241700
16.72887500
16.39320800
17.25616700
16.75212500
16.45620800
16.31295800
16.61950000
16.85312500
16.68550000
17.51554200
15.98637500
17.01208300
16.18387500
16.75579200
16.59341700
16.71262500
16.66954100
16.89695900
16.26512500
16.87812500
16.89420800
16.45129200
16.73216600
16.67383400
16.52875000
17.00125000
16.68637500
16.37983300
16.92691700
16.57933300
16.76670800
16.82912500
16.62950000
16.45816700
16.65404200
16.81525000
16.91025000
16.60720800
16.59308300
16.58391700
16.69000000
16.70570800
16.53983400
16.70695800
16.66225000
16.78358300
16.79533400
16.54941600
16.74891700
16.55162500
16.74283300
16.83041700
16.62433300
16.59212500
16.59441700
16.81762500
16.57541700
16.77512500
17.11608300
16.31654200
16.68041600
16.72795900
16.55245800
16.70375000
16.64800000
16.71195800
16.69758400
16.76900000
16.58687500
17.05020800
16.35625000
16.72425000
16.71175000
16.65929200
16.62900000
16.73912500
16.58454100
16.67791700
16.86375000
16.48420800
16.80720900
16.71191600
16.48441700
16.80925000
16.61741700
16.81841600
16.59041700
16.63987500
16.84412500
16.53295800
16.80258400
16.88741600
16.68058400
16.72854100
16.46941700
16.62745800
17.18241700
16.27787500
16.82295800
16.52525000
16.53708400
16.68837500
16.71283300
16.64583300
16.79366700
16.67712500
16.64829200
16.66345800
16.73308300
16.53791700
16.84641700
16.62404100
16.61366700
16.74583300
16.64775000
16.59962500
16.78633400
16.72412500
16.71520800
16.78512500
16.63700000
16.46191700
16.85012500
16.60241600
16.59820900
17.12575000
16.65875000
16.62983300
16.64383300
16.58616700
16.58695800
16.60879200
16.76445800
16.61450000
16.81737500
16.58312500
16.57441700
16.78666700
16.78229100
16.53454200
16.63562500
16.76212500
16.70383300
16.49012500
16.58562500
17.08995900
16.51804100
16.64558400
16.58729100
16.93370900
16.68383300
16.52354200
16.85658300
16.36300000
16.72583300
16.87225000
16.82895900
16.61758300
16.60108300
16.45495900
16.78812500
16.75383300
16.69308300
16.67466700
17.15533300
16.40000000
16.75345900
16.60950000
16.39133300
16.88266700
16.60637500
16.64170800
16.65654200
16.86583300
16.62641700
16.66975000
16.77833300
16.58445800
17.09145900
16.53500000
16.48895800
16.59479200
16.80429100
16.57875000
16.69704200
16.69575000
16.67962500
16.57450000
16.92191700
16.75245800
16.62395800
16.74687500
16.38545900
16.86145800
16.72387500
16.60120800
16.68637500
16.56850000
16.96075000
16.51987500
16.52883400
16.68375000
16.78962500
16.65800000
16.63804100
16.79225000
16.59620900
16.76145800
16.73375000
16.60179200
16.69554100
16.67575000
16.62991700
16.73179200
16.70766600
16.59841700
17.10083300
16.55045900
16.48987500
16.68816600
16.53091700
16.90612500
16.65220800
16.61058400
16.92666600
16.60491700
16.63683300
16.62291700
16.80550000
16.59591700
16.55641600
16.60020900
16.81950000
16.64129100
16.57008400
16.55483300
16.85295800
16.87408400
16.89233300
16.44704200
16.59254100
16.71991700
16.84212500
16.61183300
16.80820900
16.55812500
16.63470800
16.57787500
16.61304200
17.05133300
16.24745800
17.01404200
16.66608300
16.57583400
16.66200000
16.55666600
16.90404200
16.81245800
16.67337500
16.53479200
16.61170800
16.72908400
16.64354100
16.70691700
16.59554200
16.65816600
16.73358400
16.84195800
16.48862500
16.81516700
16.62579100
16.42933400
16.95316600
16.58508400
16.60745800
16.86108300
17.01916700
16.20079200
16.90029100
16.53437500
16.68804200
16.71337500
16.62825000
16.71600000
16.69316700
16.70920800
16.62654200
16.63225000
16.79570800
16.52100000
16.83958300
16.51670900
16.93220800
16.35966700
16.92916600
16.71495900
16.61137500
16.77225000
16.55320800
16.80637500
16.94991700
16.40733300
17.14670800
16.20541700
16.77920800
16.69125000
16.47266700
16.89962500
16.64879200
16.94366600
16.51033400
16.58704100
16.61658400
16.76775000
16.89858300
16.40195800
16.76479200
16.74662500
16.47512500
16.80279200
16.57687500
16.66179100
16.80450000
16.70354200
16.59770800
16.69104200
16.72362500
16.47887500
16.87650000
16.69437500
16.64804200
16.72195800
16.59404200
16.59058300
17.06804200
16.75804100
16.75475000
16.52987500
16.60091700
16.36191700
16.85387500
16.73204100
16.51970900
16.73945800
16.55695800
16.84775000
16.83491700
16.80754200
16.77045800
16.44670800
16.54808400
16.74662500
16.73241600
16.76225000
16.45108400
16.72129100
16.57066700
16.80545800
16.74962500
16.51816700
16.74045800
16.67145900
16.72416600
16.80979200
16.59250000
16.64025000
16.64112500
16.65341700
16.71870800
16.80745800
16.70591700
16.62291700
16.63516600
16.73358400
16.54491600
16.89779200
16.70325000
16.42083300
16.86233400
16.60616600
16.41508400
17.03083300
16.63000000
16.60183300
16.68495900
16.70691600
16.73683400
16.51812500
16.77858300
16.62058300
16.83879200
16.69750000
16.55104200
16.70525000
16.73520800
16.71766700
16.89108300
16.51891700
16.60558300
16.62412500
16.81887500
16.65687500
16.72279200
16.46745800
18.55766700
16.40029100
15.86912500
16.39825000
16.51183400
16.92937500
16.59562500
16.69541600
16.60816700
16.72808300
16.86437500
16.64129200
16.49891700
16.77995800
16.62858300
16.70387500
16.57900000
16.60987500
16.71158400
16.62095800
16.67437500
16.74116700
16.48108300
16.58716700
16.84104100
16.74633400
16.59900000
16.67529100
16.63270900
16.53187500
16.70920800
16.85579200
16.72745800
16.52316700
16.96145800
16.62837500
16.58541700
16.65095800
16.48066700
16.74729100
16.96179200
16.53395800
16.73725000
16.62304200
16.62866700
16.66858300
16.88037500
16.50212500
16.66054200
16.65395800
16.74254200
16.57183300
16.98645800
16.65308400
16.61987500
16.57779100
16.86745900
16.78741600
16.47729200
16.71687500
16.86191700
16.54262500
16.78804100
16.66145900
16.64729100
16.77366700
16.52858300
16.60445900
16.72729100
16.72570900
16.54908300
16.78837500
16.68800000
16.54070800
16.88108400
16.67745800
16.64079200
16.59466600
16.82325000
16.60554200
16.81950000
16.39166700
16.93658300
16.53020800
16.69854200
16.70062500
16.85279200
16.56479100
16.54445900
16.74954100
16.85358400
16.49620800
16.83100000
16.67366700
16.64508300
16.64370800
16.77300000
16.54229200
16.89400000
16.54716700
16.70087500
16.75866600
16.67712500
16.47262500
16.94837500
16.53412500
16.79629200
16.83791700
16.59220800
16.63387500
16.59600000
16.74337500
17.01616700
16.43216600
16.70054200
16.49433300
16.64875000
16.58900000
16.90441700
16.68729200
16.62004100
16.80175000
16.68791700
16.50495800
16.74175000
16.66508400
16.73041600
16.76225000
16.78937500
16.45216700
16.72208300
16.84133400
16.57137500
16.65141600
16.75512500
16.50458400
16.82679100
16.61879200
16.65616700
16.60833300
16.84595800
16.78012500
16.75016700
16.68725000
16.61954200
16.57475000
16.67975000
16.55754100
16.75933400
16.69500000
16.60729100
16.69029200
16.83045800
16.42808400
16.79700000
16.76900000
16.70475000
16.48579100
16.68850000
16.72175000
16.81641700
16.62154200
16.78466600
16.45733400
16.86545800
16.65658300
16.72641700
16.52483300
16.81945900
16.44170800
16.74354200
16.72475000
16.90916600
16.46737500
16.87912500
16.59195900
16.59795800
16.56791700
16.79554100
16.51083400
16.92200000
16.49966600
16.86233400
16.47075000
16.80433300
16.63829200
16.78966600
16.59050000
16.97812500
16.63216700
16.51620800
16.58445900
16.92887500
16.55829100
16.70879200
16.65141700
16.69779100
16.57079200
16.61212500
16.67850000
16.64741700
16.81379100
16.85125000
16.31754200
17.03637500
16.61233300
16.76345900
16.54958300
16.74004200
16.55837500
16.82562500
16.45141600
16.88804200
16.54870800
16.91379200
16.47404200
16.71887500
16.64112500
16.72562500
16.71541600
16.63279200
16.68000000
17.07154200
16.36291600
16.65554200
16.68379200
16.64616600
16.74454200
16.66550000
16.60845800
16.73000000
16.67266700
16.80720800
16.58079200
16.71962500
16.61454200
16.73150000
16.62908300
16.63729200
16.75216600
16.94295900
16.50687500
16.59375000
16.74854100
16.54775000
16.70345900
16.86579100
16.53600000
16.71925000
16.63041700
16.61333300
17.08512500
16.86595900
16.26441600
16.73929200
17.13550000
16.35762500
18.14575000
15.73833300
17.14858400
15.61954100
16.71541700
18.80216700
14.77129100
16.52225000
16.72429200
16.60166700
16.66720800
16.52750000
16.52837500
16.96541700
16.50379100
16.73379200
16.66750000
16.75387500
16.63779200
16.49170800
16.85058300
16.74425000
16.54954200
16.76800000
16.66958300
16.44320900
16.89962500
16.67212500
16.54379100
16.92291700
16.62858300
16.58958400
16.70779100
16.70516700
16.50208300
17.13450000
16.42716700
16.95245800
16.36520900
16.75320800
16.58645800
16.79062500
16.68900000
16.62920900
17.03125000
16.87904100
16.19837500
16.67275000
16.82525000
16.60654200
16.68862500
16.58883300
16.56904200
17.04100000
16.58816700
16.75750000
16.68179100
16.71983400
16.47204100
16.63395900
16.70554100
16.78887500
16.55991700
16.77320800
16.68454200
16.63933300
16.68116700
16.62929200
16.88020800
16.64304200
16.66925000
16.58150000
16.63512500
16.60787500
16.95100000
16.63504100
16.69333400
16.85804100
16.65962500
16.77116700
16.40775000
16.85925000
16.54837500
16.60554200
16.71383300
16.67254200
16.65708300
16.85500000
16.56658300
16.63541700
16.62804200
16.73504100
16.73837500
16.54858400
16.87725000
17.13750000
16.28425000
16.56970800
16.71145800
16.61600000
16.82366700
16.63425000
16.59770800
16.66354200
16.74500000
16.63262500
16.84116700
16.60016600
16.72870900
16.59366600
16.72620900
16.96270800
16.64650000
16.63383300
16.71275000
16.35645900
16.89650000
16.63404100
16.64833400
16.38512500
16.79491600
16.67566700
16.62916700
16.87550000
16.80420800
16.46625000
16.78058300
16.81391700
16.69758300
16.52850000
16.85504200
16.38929200
16.81912500
16.85895800
16.46850000
16.72033300
16.96350000
16.50579200
16.59841700
16.69200000
16.53433300
17.03983300
16.43458400
16.51195800
16.84287500
16.68391700
16.59829100
16.79029200
16.52066700
16.60345800
16.83441700
16.73050000
16.63512500
16.66900000
16.84816600
16.65462500
16.61808400
16.69366600
16.58062500
16.76762500
16.67254200
16.70529200
16.66712500
16.71229100
16.69854200
16.68191700
16.58754100
16.71583400
16.53204100
16.87000000
16.64758400
16.57408300
16.77941700
16.69845800
16.66700000
16.62041700
16.76137500
16.71983300
16.52937500
16.87191700
16.59987500
16.65204100
16.70350000
16.73670900
16.66558300
16.60904200
16.79341600
16.87933400
16.53041600
16.72045900
16.44162500
17.13829100
16.43454200
16.41895800
16.79816700
16.81875000
16.54329200
16.90270800
16.60587500
16.54666700
16.70908300
16.76733300
16.59004200
16.76833300
16.70662500
16.54233400
16.75620800
16.74320800
16.58125000
16.79941700
17.79691700
16.65208300
16.54195800
16.29958400
16.33462500
16.66750000
16.60766600
16.57120900
16.58737500
16.74845800
16.73408300
16.64258400
16.97450000
16.37475000
16.58437500
16.70175000
16.86366600
16.62016700
16.56516700
17.00237500
16.65270800
16.87595800
17.48516700
16.68379200
16.61533300
17.11275000
17.16933300
17.63437500
15.31375000
19.99104200
15.06950000
14.62712500
17.98520800
18.18233400
19.61520800
11.58945800
15.47429200
16.66016700
16.87966600
16.60404200
16.18908300
16.82516700
16.76804200
16.71241600
16.46304200
17.22200000
15.90541700
16.78412500
16.84608300
16.80820800
16.33866700
16.69958300
16.91254200
16.63216700
16.72808300
16.53662500
16.55541700
16.84950000
16.54487500
16.83412500
16.56391600
16.57129200
16.56695800
16.86154200
16.96591700
16.33941600
16.72504200
16.63900000
16.64225000
16.71200000
16.69062500
16.70591700
16.56379100
16.72354200
16.54095800
16.86550000
16.64625000
16.64966700
16.81304200
16.48345800
16.59695800
16.66508400
16.86304100
16.69516700
16.72770800
16.66700000
16.73833400
16.66962500
16.53787500
16.53837500
16.94808300
16.70404200
16.55025000
16.64750000
16.87404100
16.59212500
17.08812500
19.12291700
16.20558300
14.94916700
17.08837500
16.32858300
16.37537500
16.50879200
16.55095800
16.73645900
16.72075000
16.57850000
16.76537500
16.67783300
16.67604200
16.62062500
16.79058300
16.66700000
16.62808300
16.72475000
16.59637500
16.69325000
16.70054200
16.65333300
16.71225000
16.64108400
16.73229100
16.71887500
17.26104200
16.56525000
16.73725000
16.55666700
16.69104100
16.27858400
16.71275000
16.70854100
16.86716700
16.65537500
16.90795800
16.42350000
16.32808400
16.76620800
16.72295800
16.71866700
16.77804200
16.58487500
16.54804100
16.85625000
16.74650000
16.54404200
17.19937500
16.13437500
16.51075000
17.09841700
16.53641600
16.57770900
16.81008300
16.73875000
16.45379200
16.82670800
16.46037500
17.49470800
16.16166700
16.66137500
16.40241700
16.83166600
16.74254200
16.77275000
16.57783300
16.58995900
17.07545800
16.42920800
17.84212500
15.49350000
16.58208400
16.73791600
16.71804200
16.53354200
16.78258300
16.64841700
16.79791600
16.45737500
16.82845900
16.91904100
16.48883400
16.55258300
16.86595800
16.56933400
17.13870800
16.21504200
16.63054100
16.73395900
16.61216600
16.79700000
16.66987500
16.74975000
16.46416700
16.88741700
16.84458300
16.48262500
16.79175000
16.45579200
16.87862500
16.59700000
16.74062500
16.73150000
16.66566600
16.53941700
16.47695800
16.89962500
17.27204200
16.30300000
16.56450000
16.86450000
16.71041700
16.51483300
16.72637500
16.50904200
16.78750000
16.78783300
16.62870800
16.88487500
16.63716700
16.55745800
16.85175000
16.49391700
16.60129200
16.80295800
16.70687500
16.72966700
17.38033300
15.93612500
16.58958300
16.73812500
16.62925000
16.83295900
16.43470800
16.68370800
16.62150000
16.65341700
16.78383300
16.65891700
16.75962500
16.70029200
16.78383300
16.61050000
16.81562500
16.58725000
17.08937500
16.03729200
16.95091600
16.45791700
16.73841700
16.65887500
16.68312500
16.69012500
16.75837500
16.81858300
16.51379200
16.71425000
16.52741600
16.58850000
16.94341700
16.60150000
16.87641700
16.58537500
16.72941600
16.59116700
16.55208300
16.82195900
16.53008300
16.86045800
16.65775000
16.62187500
16.59875000
17.01250000
16.33758400
16.91416600
16.39012500
16.79200000
16.78350000
16.88204200
16.61212500
16.66212500
16.42762500
16.72391700
17.03216600
16.42625000
16.55779200
16.76687500
16.73904200
16.79308300
16.43333300
16.56633400
16.95866600
16.68275000
16.70329200
16.87454200
16.29650000
16.73504100
16.66341700
16.86487500
16.67966700
16.59537500
16.70679100
16.52983400
16.96520800
16.60212500
17.02875000
16.41808300
16.68429200
16.52537500
17.13033300
16.49362500
16.74725000
16.92191700
16.47025000
16.72350000
16.71920800
16.68954200
16.44983300
16.72145900
16.52000000
16.61841600
16.78608400
16.73150000
16.89787500
16.55029100
16.65120900
16.67854100
17.05300000
16.46679200
16.47070800
16.72137500
16.63245900
16.62704100
16.73958400
16.65316600
16.78654200
16.69479200
16.53462500
16.99608300
16.60595800
16.59295900
16.59645800
16.89670800
16.76604200
16.73583300
16.60358400
16.51041600
16.69479200
16.65358300
16.59045900
16.70808300
16.77829200
16.42154100
16.81383400
16.77808300
16.53383300
16.80166700
16.57104200
16.77625000
16.50304100
16.82595900
16.68429100
16.76812500
16.66108400
16.38637500
17.21862500
16.35370800
16.74850000
16.69412500
16.54029200
16.68550000
16.75804100
16.80479200
16.62666700
16.75929100
16.47166700
16.90062500
16.64941700
16.69104100
16.60195900
16.71075000
16.65433300
16.68816700
16.60595800
16.51958300
16.78629200
16.91204200
16.69341600
16.60400000
16.64337500
16.68295900
16.70725000
16.59408300
16.64637500
16.84854200
16.59495800
16.64104200
16.68625000
16.86945800
16.70158300
16.62825000
16.55912500
16.63583400
16.75566600
16.77125000
16.39958400
16.82429100
16.84400000
16.49745900
16.73579100
16.78916700
16.55191700
16.68325000
16.85108300
16.42825000
16.90025000
16.55520800
16.71016700
16.71591700
16.67016600
16.49800000
16.87108400
16.53141600
16.81783400
16.79841600
16.83554200
16.44362500
16.70291700
16.67912500
16.83545800
16.48641700
16.74358300
16.68520800
16.59250000
16.71991700
16.54645800
16.77483400
16.65062500
16.86287500
16.42429100
16.81283400
16.69454100
16.68116700
16.87795800
16.50566700
16.65087500
16.50445800
17.05133400
16.44579100
16.68158400
16.77816600
16.76641700
16.54995800
16.75629200
16.61900000
16.71900000
16.71325000
16.62958300
16.84970900
16.55875000
16.77216600
16.56341700
16.78375000
16.54158300
16.70808400
16.58687500
16.92658300
16.51404200
16.76008300
16.63983300
16.74891700
16.61191700
16.75895800
16.47329200
16.98279100
16.51441700
16.47775000
16.95200000
16.72054200
16.55070800
16.70983300
16.48970900
16.94954100
16.55908400
16.69770800
17.01750000
16.36916700
16.76466600
16.53891700
16.59945800
16.88850000
16.57358400
16.70633300
16.74995800
16.68137500
16.70950000
16.56525000
16.86591700
16.62645800
16.70008400
16.58095800
16.64079200
16.58383300
16.84491700
16.76004100
16.46300000
16.95316700
16.68383300
16.57941700
16.77416700
16.60266600
16.62850000
16.70916700
16.75487500
16.54275000
16.70912500
16.78075000
16.63995800
16.81879200
16.64900000
16.64062500
16.86095800
16.80333400
16.59287500
16.64450000
16.60250000
16.50791600
16.75216700
16.76025000
16.54504200
16.84766600
16.60733400
16.69512500
16.63654100
16.95345900
16.72175000
16.40616600
16.65279200
16.85350000
16.72900000
16.61637500
16.68029200
16.50233300
16.62962500
16.76400000
17.10008300
16.36825000
16.77666700
16.58341700
16.72516600
16.66095900
16.75758300
16.51333300
16.81170900
16.62833300
16.80700000
16.76275000
16.68858300
16.67575000
16.40666700
16.64725000
16.55712500
16.95366700
16.53308300
16.67341700
16.79487500
16.62204100
16.68191700
16.60570800
16.69737500
16.74916700
16.79637500
16.66183300
16.54670900
16.68620800
16.80733300
16.72166700
16.62300000
16.61758300
16.66291700
16.54729200
16.93412500
16.35754100
16.83745900
16.92908300
16.55070800
16.63675000
16.82975000
16.66354200
16.57875000
16.74500000
16.82100000
16.49495800
16.77141700
16.61787500
16.59420800
16.77504200
16.82587500
16.49225000
16.58837500
16.88679200
16.72362500
16.58329100
16.77158400
16.59858300
16.80483300
16.64558400
16.80004100
16.62716700
16.46620800
16.68916700
16.72220800
16.76345900
16.61150000
16.46308300
17.12041700
16.43591600
16.71716700
16.67095800
16.83404200
16.53958300
16.74470900
16.67762500
16.59787500
16.75108300
16.58983300
16.70900000
16.88362500
16.56666700
16.64408300
16.93808400
16.69254100
16.42045900
16.85666600
16.54508400
16.86312500
16.34908300
16.99216700
16.71637500
16.49333300
16.68020800
16.79587500
16.52058400
16.76275000
16.56604100
16.78075000
16.65008400
16.79754100
16.52166700
16.61445800
16.56445900
16.96454100
16.59166700
16.70645800
16.75612500
16.67504200
16.47125000
16.83970800
16.59104200
17.25162500
16.30516700
16.56104100
16.71054200
16.66383300
16.66320900
16.84533300
16.64516700
16.72062500
16.59020800
16.63637500
16.60870800
16.90262500
16.68287500
16.42066700
16.93758300
16.49445900
16.79520800
16.44916700
16.94237500
16.51312500
16.97141600
16.69637500
16.46445900
16.70237500
16.60245800
16.44087500
16.91216700
16.86062500
16.32004100
16.96162500
16.84116700
16.97995800
16.40445900
17.55512500
15.90450000
17.03279100
77.34587500
24.43608400
13.77829100
16.53558400
8.11683300
7.70120800
7.59625000
7.65191700
8.08029200
7.57262500
7.81316600
12.74725000
16.69112500
16.71470900
16.77175000
16.60387500
16.78591600
16.60520900
16.88791600
16.53033400
16.59237500
16.76825000
16.62466600
16.73691700
16.62070800
16.73166700
16.66920800
16.67958400
16.67491600
16.89533400
16.69820800
16.62600000
16.68716700
16.65091600
16.76633400
16.66375000
16.64737500
16.85808300
16.60691700
16.92016600
16.63966700
16.75500000
16.31716700
16.86295800
16.80870800
16.69333400
16.46333300
16.72504200
16.56962500
16.64129100
16.72816700
16.86275000
16.77483300
16.67216700
16.52229200
16.60762500
16.86579100
16.59779200
16.80108300
16.73454200
16.59829200
16.69775000
16.68420800
16.78550000
16.45500000
16.62616700
16.57079100
16.72395900
16.72775000
16.85400000
16.50829100
16.91204200
16.59875000
16.80658300
16.48108400
16.42179100
16.70983400
16.97879100
17.29333400
16.10612500
16.70150000
16.60462500
16.60466600
17.14695900
16.22879100
16.51020900
16.93304100
16.60850000
16.63458400
16.58875000
17.10041600
16.59620900
16.51862500
16.86170800
16.48529200
16.70333300
16.76825000
16.47741700
16.63279100
16.68083400
16.83691600
16.59987500
16.80854200
16.37266700
16.95370800
16.81420800
16.64137500
16.68995900
16.66633300
16.60591700
16.73525000
16.70895800
16.38400000
16.72033300
16.69345900
16.56004100
16.78600000
17.15283400
16.45995800
17.08183300
17.01925000
18.82083400
13.73412500
16.76266600
16.55295900
17.10629100
17.11275000
16.48541700
16.64941700
16.19325000
16.96033300
17.19137500
16.52908300
16.63516700
16.09166700
16.55791600
16.69633400
16.64250000
16.70387500
16.80879100
16.48937500
16.74604200
16.85287500
16.47845800
16.69754200
16.67933300
16.70766700
16.60658300
16.70008400
16.59375000
16.83766600
16.53637500
16.87829200
16.58070800
16.74162500
16.59850000
16.66591700
16.73191700
16.66400000
16.70208300
16.71245800
16.61100000
16.78716700
16.65337500
16.85416700
16.85929100
16.64512500
16.43712500
16.58554200
16.84133300
16.69775000
16.63504200
16.76312500
16.70083300
16.88483400
16.41950000
16.62087500
16.77750000
16.79991600
16.56300000
16.61366700
16.52054200
16.91279100
16.46925000
16.62975000
16.86104200
16.65620800
16.63737500
16.74283400
16.61000000
16.65129100
16.76366700
16.61795800
16.69366700
16.77233300
16.56470900
16.83912500
16.64266600
16.65350000
16.99529200
16.47950000
16.61466700
16.83500000
16.72266600
16.35537500
16.67504200
16.93333300
16.52383400
16.58520800
16.79504200
16.62420800
16.68391700
16.66966600
16.64208400
16.75316600
16.66020900
16.75900000
16.54145800
16.68429200
16.71004100
16.85725000
16.21095900
16.60075000
17.30991600
16.38104200
16.64883300
16.73891700
16.66954200
16.75350000
16.74462500
16.45845800
19.59191700
14.10962500
16.46304100
16.71220900
16.80625000
16.38137500
17.13112500
16.60233300
16.77637500
16.53929200
17.15454100
16.21920900
16.57233300
16.63279200
16.67029100
16.81220900
16.72320800
16.47158300
16.78620900
16.65820800
16.71795800
16.64483400
16.79912500
16.43612500
16.99366600
16.41295900
16.75125000
16.70975000
16.56287500
16.83537500
16.58004100
16.77825000
16.86004200
16.49050000
17.16825000
16.63229200
16.46758300
16.63950000
16.60933300
17.07745900
16.56758300
16.50225000
16.59712500
16.63929200
16.78845800
16.61008300
16.69779200
16.72475000
16.62187500
16.65908300
16.65883400
16.67970800
16.74991700
16.65287500
16.72908300
16.58650000
16.71562500
16.68037500
16.73391700
16.82483300
16.80325000
16.38345800
16.68716700
16.73362500
16.61941700
16.94125000
16.91054100
16.47937500
16.73941700
16.61408300
16.48200000
17.07025000
16.74900000
16.62320900
16.68000000
16.76470800
16.31879200
16.68137500
16.71795800
16.42595800
16.74900000
16.67162500
16.67579200
16.76166700
16.67741600
16.62175000
16.66570900
16.78204100
16.53275000
16.73508400
16.63345800
16.74137500
16.93520800
16.63445900
17.10666600
16.59091700
16.81150000
16.24041700
16.53300000
16.61354100
16.56475000
16.78908400
16.66054100
16.68266700
16.65537500
16.62916700
16.75383300
16.72666700
16.63600000
16.59391600
16.60170900
16.81812500
16.56562500
16.82829100
16.59245900
16.69791600
16.77412500
16.67125000
16.68920900
16.75875000
16.52091600
16.80304200
16.75908300
16.53595900
16.61333300
16.86933300
16.89341700
16.40954200
16.74300000
16.59708300
17.37970800
16.18670900
16.55983300
16.71616700
16.65008300
16.81433300
16.63979200
16.49029200
16.91037500
16.43741600
16.74962500
16.73295900
16.66670800
16.61745800
16.82475000
16.55841700
16.69195800
16.70295900
16.68283300
16.64400000
16.67187500
16.69754200
16.49037500
16.95358300
16.61729200
19.04904100
14.83158400
17.83241600
16.18083400
16.38554100
17.04037500
16.52070900
16.20250000
16.96104100
16.63766700
16.30854200
16.58612500
16.35783300
16.93875000
16.62220800
16.79137500
16.52975000
16.85775000
16.46408400
16.63091600
16.68525000
16.46279200
16.93650000
16.65283300
16.66450000
16.90712500
16.34887500
16.80291700
16.63679200
16.76966600
16.37354200
17.29325000
16.48295800
16.61133400
16.64600000
17.11816600
16.40854200
16.55758300
16.54908400
16.78408300
16.80875000
16.61837500
16.71070800
16.66158400
16.55079100
16.62291700
16.69087500
16.66175000
16.67016700
16.95908300
16.40275000
16.77329200
16.70262500
16.61987500
16.69054100
16.86904200
16.58345800
16.66004200
16.67850000
16.55925000
16.82383300
16.50925000
16.79795900
16.71400000
16.69829100
16.63770900
16.51087500
16.88037500
16.70120800
16.67162500
16.68941700
16.59629100
16.72891700
16.70179200
16.80212500
16.33795800
16.92345800
16.57979200
16.80187500
16.78637500
16.67866700
16.57900000
16.73879100
16.49816700
16.95066700
16.51891600
16.77258400
16.40620800
16.85983300
16.73004200
16.69520800
16.94341700
16.54195800
16.57420900
16.72045800
16.85933300
16.44400000
16.73933400
16.81304100
16.38512500
16.93216700
16.49783300
16.58470900
16.61129100
16.96458400
16.47758300
16.80529200
16.60629100
16.72154200
16.71275000
16.87783300
16.58883400
16.51954100
16.78508400
16.69595800
16.27866700
17.28866600
17.01866700
16.14966700
16.75245800
16.82958300
16.46854200
16.70945800
16.69375000
16.62020900
16.68670800
16.69262500
16.50379200
16.93954100
16.72825000
16.52650000
16.76458400
16.78270800
16.52937500
16.72612500
16.79887500
16.51558300
16.73125000
16.69937500
16.61754200
16.75412500
16.75212500
16.61787500
16.61058300
16.71470900
16.93700000
16.58716600
16.56116700
16.67220800
17.00587500
16.61887500
16.89700000
16.37291700
16.73308300
16.41275000
16.87916700
16.47425000
16.86558300
16.57275000
16.49900000
16.98562500
16.54170900
16.56654100
16.73125000
16.64700000
16.57375000
16.89991700
16.64970800
16.62875000
16.90175000
16.49791700
16.50754200
16.86925000
16.55770800
16.54725000
16.93091700
16.59104100
16.74141700
16.76683300
16.74254200
16.60966700
16.87270800
16.43666700
16.65358300
16.82612500
16.63104200
16.75508300
16.68462500
16.54337500
16.75695800
16.67258400
16.82979100
16.48975000
16.77008400
16.60854100
16.47420900
17.01733300
16.55575000
16.78166700
16.54625000
16.87120800
16.63475000
16.72345800
16.56254200
16.83683300
16.58104200
16.60037500
16.85625000
16.63608300
16.46400000
17.01450000
16.70883400
16.40216600
16.74708400
16.86995800
16.61812500
16.67754200
16.44295800
16.79233300
16.84529200
16.72400000
16.43220800
16.65895900
16.83487500
16.44666600
16.85500000
16.95162500
16.31420900
16.90216600
16.57395900
16.67712500
16.63179100
16.64391700
16.82412500
16.73512500
16.55854200
16.71554100
16.78087500
16.65120900
16.59875000
16.70550000
16.85312500
16.29270800
16.84616700
16.90779100
16.53633400
16.72979100
16.70529200
16.82604200
16.57125000
16.63820800
16.76404200
16.59633300
16.68516700
16.51208300
16.83866700
16.63612500
16.76758300
16.63550000
16.60608300
16.61750000
16.78145900
16.62833300
16.79991700
16.65770800
16.53241700
16.85600000
16.69166600
16.57550000
16.66683400
17.09775000
16.39475000
16.61016600
16.54025000
16.84645900
16.89679100
16.41541700
16.74179200
16.64316600
16.74529200
16.81637500
16.66812500
16.71725000
16.53612500
16.59475000
16.80916700
16.46425000
16.80179100
16.52945900
16.96866600
16.59820900
16.78120800
16.52229200
16.67662500
16.79070800
16.55954200
16.74425000
16.74933300
16.48508300
16.86608400
16.63745800
16.63862500
16.51883300
16.90316700
17.09762500
16.40112500
16.62812500
16.41483300
16.73900000
16.55429200
16.83491700
16.73391600
16.47870900
17.14283300
16.30525000
16.78475000
16.94037500
16.58179200
16.65904100
16.58025000
16.67287500
16.56241700
16.77579200
16.69379100
16.80445900
16.65437500
16.72145800
16.53304200
16.76233300
16.52800000
17.01383300
17.08541700
17.55754200
15.97845800
16.01175000
16.97795800
16.37691700
16.58675000
16.70670800
16.53012500
17.00087500
16.66187500
16.51670900
16.67012500
17.03245800
16.57758300
16.79508400
16.52920800
16.65929200
16.75337500
16.61879100
16.71383400
16.63595800
16.66987500
16.71650000
16.85500000
16.61212500
16.64854200
16.67058300
16.59866700
16.74887500
16.65041600
16.66575000
16.61825000
16.64316700
16.71304200
16.67716600
16.65170900
16.66445800
16.68637500
16.76704200
16.82833300
16.52183300
16.62066700
16.71712500
16.77350000
16.53354200
16.72516600
16.90475000
16.78404200
16.49400000
16.73654200
16.49537500
16.64041600
16.84875000
16.58958400
16.61491600
16.85191700
16.65666700
16.50941600
16.97437500
16.65300000
16.67041700
16.47679200
16.63037500
16.89829100
16.65695900
16.59487500
16.63270800
16.79137500
16.75987500
16.48979200
16.81225000
16.68358300
16.62825000
16.62825000
16.78233300
16.56329200
16.68816700
16.69912500
16.81241600
16.56245900
16.80195800
16.75633300
16.50508400
16.79741600
16.59358400
16.81825000
16.49887500
16.73862500
16.46625000
16.88725000
16.69275000
16.62612500
16.72458300
16.63279200
16.79758300
16.53112500
16.70329200
16.81262500
16.55000000
16.81250000
16.64016600
16.77158400
16.40504100
16.99670900
16.62345800
16.58500000
16.76341700
16.54041600
16.73562500
16.79120900
16.55283300
16.73258300
16.88266700
16.32370800
16.92741700
16.79075000
16.31454200
16.90804100
16.95933400
16.42366600
16.66270900
16.55125000
16.70854100
16.88541700
16.60712500
16.81262500
16.62129200
16.67495800
16.68216700
16.83712500
16.58004100
16.46137500
16.82320900
16.63595800
16.69825000
16.65920800
16.59658400
16.78937500
16.74420800
16.40737500
16.90054200
16.66433300
16.64416700
16.70979100
16.81629200
16.68991700
16.52608300
16.82658300
16.39900000
16.84287500
16.81591700
16.50687500
16.80758300
16.41700000
16.93650000
16.56116700
16.87850000
16.44587500
16.67570800
16.77020900
16.72125000
16.77350000
16.68679100
16.51058400
16.65620800
16.81675000
16.62254200
16.73800000
16.88187500
16.42562500
16.73408300
16.63854200
20.02783300
15.92512500
14.10216700
16.56012500
17.86608300
16.19766700
19.57070800
13.91575000
16.69679200
16.95766600
15.82966700
16.77766700
16.58150000
16.83579100
16.60633400
16.50004100
16.81929200
16.48112500
16.78800000
16.61325000
16.79787500
16.67641700
16.71150000
16.52545800
16.96800000
16.51729200
17.13429100
16.69545900
16.29820800
17.20366700
17.43054100
16.11408400
16.03900000
16.95404100
16.43991700
16.68875000
16.78645800
16.61208400
16.66795800
16.83304200
16.50883300
16.68029200
16.68645800
16.69729200
16.78037500
16.49775000
16.71229100
16.63325000
16.75929200
16.72945800
16.57695900
16.73345800
16.63941700
16.63470800
16.72758300
16.79029200
17.09237500
16.64025000
16.58304200
16.54304100
16.56191700
16.76558300
16.56970900
16.57962500
16.65983300
16.82566700
16.79216600
16.73145900
16.43470800
16.68870800
16.90083400
17.08920800
16.44412500
16.29037500
16.80391700
16.59641600
16.52895900
16.75733300
16.67383300
16.51329200
16.84770800
16.61616700
16.57383300
16.72862500
16.64041700
16.86037500
16.71320800
16.63020900
16.80937500
16.81291600
16.44929200
16.73287500
16.37125000
16.93754200
16.47804100
16.65275000
16.74491700
16.68933300
16.81870900
16.66658300
16.53383300
16.64645900
16.78558300
16.69608300
16.67933400
16.66812500
16.68341600
16.70270900
16.72420800
16.37233300
16.91200000
16.76616700
16.74925000
16.64016700
16.60254100
16.63866700
16.86100000
16.56362500
16.72233300
16.68670900
16.67237500
16.62187500
16.66387500
16.65004100
16.81066700
16.56466700
16.59166600
16.94708400
16.53716600
16.65916700
16.73412500
16.85200000
16.53341700
17.05737500
16.62095800
16.73191700
16.73137500
16.42991600
16.43587500
16.85033400
16.58779100
16.61000000
16.93187500
16.48979200
16.61837500
16.73675000
16.73608300
16.59829200
16.72450000
16.59733300
16.91262500
16.55537500
16.70737500
16.64012500
16.81970900
16.81445800
16.25775000
16.83750000
16.73083300
16.66262500
16.63445900
16.73929100
16.44395900
16.79754100
16.89891700
16.50133300
16.75120900
16.65412500
16.76333300
16.61195800
16.49483400
16.97862500
16.60029100
16.72395900
16.62441600
16.63408400
16.62370800
16.84262500
16.78862500
16.57225000
16.67287500
16.77000000
16.52245800
16.68341700
16.71216700
16.76566600
16.63462500
16.83745900
16.44800000
16.87037500
16.51554100
16.89195900
16.60116600
16.65370900
16.52400000
16.65133300
16.99679200
16.58150000
16.50033300
16.85233300
16.49670900
16.78612500
16.71908300
16.59504200
16.76995800
16.71283300
16.67358400
16.74491600
16.56775000
16.54270900
16.74729100
16.92725000
16.57120900
16.77854100
16.65166700
16.67462500
16.73191700
16.68166600
16.67154200
16.58720800
16.70483400
16.67391600
16.75266700
16.58612500
16.70604200
16.77725000
16.65837500
16.66370800
16.63695800
17.15783400
16.64237500
16.67641600
16.34408400
16.76912500
16.50741600
16.59570900
16.70529100
17.02787500
16.45854200
16.66370800
16.69179200
16.87166700
16.51875000
16.60408300
16.82537500
16.87945800
16.52691700
16.92408300
16.61695900
16.53804100
16.33529200
16.99350000
16.70362500
16.57441700
16.81762500
16.55770800
16.84950000
16.56766700
16.77025000
16.58383300
16.70100000
16.50783300
16.70220900
16.76500000
16.67916600
16.90595900
16.67058300
16.88104200
16.43933300
16.57675000
16.85591700
16.56400000
16.64229100
16.67475000
16.59816700
16.70866700
16.72825000
16.60166600
16.81425000
16.64062500
16.65533400
16.76916600
16.51195900
16.83033300
16.58008300
16.66383400
16.73783300
16.73520800
16.57583400
16.74958300
16.50337500
16.73200000
16.75700000
16.81670800
16.54683400
16.75483300
16.66766700
16.56070800
16.79441700
16.96612500
16.63825000
16.69579100
16.65829200
16.41766700
16.69500000
16.56037500
16.78716600
16.98737500
16.53437500
16.54862500
16.66204200
17.01762500
16.32391700
16.77975000
16.71004100
16.56720900
16.89287500
16.63662500
16.55583300
16.71683300
16.68300000
16.59829200
16.71683300
16.75616700
16.59583300
16.84712500
16.62162500
16.66233400
16.67816600
16.75495900
16.47591600
16.84120900
16.41775000
16.87866600
16.70787500
16.46008400
16.90779100
16.70245900
16.58662500
16.63362500
16.77737500
16.55429100
16.86787500
16.66975000
16.45458400
16.92587500
16.92033300
16.57120800
16.48329200
16.77812500
16.71958300
16.51575000
16.87633400
16.50862500
16.84395800
16.72716700
16.56741600
16.83650000
16.41058400
16.76004100
16.95950000
16.67308400
16.44704100
17.02791700
16.41375000
16.69316700
16.75337500
16.87604100
16.49950000
16.63841700
16.74408300
16.59479200
16.80820800
16.81195900
16.54395800
16.65708300
16.88291700
16.45183300
16.82741700
16.59008300
16.60637500
16.66708400
16.61666600
16.64133400
16.85470800
16.65437500
16.56879200
16.81766600
16.49195900
16.78416600
16.60145900
16.47158300
16.91566700
16.69875000
16.65137500
16.67491600
16.64745900
16.69991600
16.73466700
16.69320800
16.39116700
17.13679200
16.69620800
16.39512500
16.86295800
16.57687500
16.67691700
16.67420800
16.63212500
16.71333400
16.58254100
16.79279200
16.60875000
16.82175000
16.51383300
16.80008400
16.76975000
16.63570800
16.63795800
16.68558400
16.70987500
16.63879100
16.82566700
16.56979200
16.58970800
16.77191700
16.83966600
16.72666700
16.60595800
16.60525000
16.90012500
16.84454200
16.41062500
16.81575000
16.48162500
16.66325000
16.81533300
16.56558400
16.70308300
16.45387500
17.04608300
16.43783400
16.73216600
16.66512500
16.74995900
16.69979100
16.71541700
16.63112500
16.83070800
16.59112500
16.26258400
16.82258300
16.80591700
16.77937500
16.73983300
16.62183300
16.57262500
16.75620900
16.74566600
16.83233400
16.55633300
16.64675000
16.73579200
16.65029100
16.68275000
16.62862500
16.70262500
16.65466700
16.76250000
16.50816700
16.74233300
16.54075000
16.89095800
16.72591700
16.36804200
16.86258300
16.80441700
16.63616600
16.91354200
17.11125000
16.19708300
16.57625000
16.95100000
16.45879200
16.69691700
16.62095800
16.69933300
16.98016700
16.39520800
16.76358400
16.68379100
16.81391700
16.63216700
16.49579100
16.75916700
16.71354200
16.75400000
16.48070800
16.74233300
16.62508400
16.63608300
16.68237500
16.70170800
16.61987500
16.77445900
16.88904100
16.45633400
16.79733300
16.63383300
16.59879200
16.78920800
16.60012500
16.55062500
16.80700000
17.04800000
16.53012500
16.78754200
16.62133300
16.24054200
16.97191700
16.83162500
16.65787500
16.88966600
16.53700000
16.76179200
16.45270800
16.70400000
16.53745900
16.62558300
16.86541700
16.23791600
17.07562500
16.65291700
16.68600000
16.45983300
16.92841700
16.58366700
16.78837500
16.66370800
17.10508300
16.25429200
16.59429200
16.71816600
16.70808400
16.61712500
16.78929100
16.65650000
16.80341700
16.58729200
16.73995800
17.12345800
16.21262500
16.76508400
16.41129100
16.81283400
16.61616600
16.81645900
16.65445800
16.47933300
16.75125000
16.70591700
16.61862500
16.69225000
16.77025000
16.74987500
16.80966700
16.57737500
16.63195800
16.62804200
16.58479100
16.77791700
16.76620800
16.73954200
16.61587500
16.42379200
16.99691600
16.59779200
16.61466700
16.80150000
16.77137500
16.58937500
16.45612500
16.97483300
16.52041700
16.66441600
16.73258400
16.82295800
16.53500000
16.81508300
16.84445900
16.49291600
16.69879200
16.66354200
16.72425000
16.63470800
16.57762500
16.82787500
16.72891700
16.65162500
16.58970800
16.74400000
16.58079200
16.49404100
16.74483400
16.85387500
16.71658300
16.55800000
16.90808300
16.36466700
16.94987500
17.02916700
16.30950000
16.52612500
16.71191600
16.70979200
16.68779200
17.10254100
16.35775000
16.55958400
16.65916600
16.75075000
16.48866700
16.91945800
16.80220900
16.52241600
16.59270900
16.73733300
16.89716700
16.38583300
16.71345800
16.69483400
16.88762500
16.67995800
16.37912500
16.86037500
16.85737500
16.34320800
17.06308400
16.62916600
16.53804200
16.56691700
16.86908300
16.67704200
16.67266600
16.79945900
16.55254100
16.70137500
16.82358400
16.47691600
16.75541700
16.38866700
17.03079100
16.42120900
16.69550000
16.87054100
16.72166700
16.57162500
16.71783300
16.67450000
17.13379200
16.36366700
16.54754100
16.68854200
16.65845800
16.61662500
16.55500000
16.92233400
16.84404100
16.59445900
16.72225000
16.83462500
16.28812500
17.05804100
16.28350000
16.55329200
17.01050000
16.64162500
16.44295800
17.03179200
16.46333300
16.82829200
16.53491700
16.73179100
16.65766700
17.03620800
16.48950000
16.38041700
17.02620800
16.68962500
16.58112500
16.63170900
16.77408300
16.56654200
16.77095800
16.75216700
16.76454100
16.76462500
16.91054200
16.28616700
16.73729100
16.67670900
16.63129100
16.66604200
16.64304200
16.85762500
16.59108300
16.68779200
16.60041600
16.74016700
16.55600000
16.77162500
16.72241700
16.44083300
16.95658300
16.55537500
16.69870900
16.71058300
16.78950000
16.52420800
17.13412500
16.38112500
16.55183400
16.73387500
16.74145800
16.57550000
16.77012500
16.99479200
16.50458300
16.51433300
16.96508400
16.56116600
16.92629200
16.71316700
16.17058300
16.76275000
16.60220800
16.87004200
16.65250000
16.54166700
16.74479100
16.69600000
16.66933400
16.51666600
16.81616700
16.78308300
16.59462500
16.72645900
16.76712500
16.73408300
16.55658300
16.53837500
16.79916700
16.68537500
16.73533300
16.69320900
16.62362500
16.48879100
16.90770900
16.73587500
16.36933300
16.73175000
16.94137500
16.61254200
16.53483300
16.80208300
16.52025000
16.85154200
16.64579200
16.73008300
16.77295800
16.43125000
16.71283400
16.77750000
16.77966600
16.56020900
16.67587500
16.81975000
16.52616600
16.72841700
16.89170800
16.52916700
16.67108300
16.63345900
16.67562500
16.76504100
16.72270900
16.74733300
16.67341700
16.54908300
16.69000000
16.98141700
16.55262500
16.57616600
16.72208400
16.66375000
16.69629100
16.78862500
16.53216700
16.71000000
16.40783300
16.92258400
16.58633300
16.61025000
16.94212500
16.50637500
16.80308300
16.62129200
16.65425000
16.53333300
16.57287500
17.02566700
16.50425000
16.77316700
16.68025000
16.49870800
16.83654200
16.70125000
16.67966600
16.68054200
16.64408300
16.68516700
16.44808300
16.89979200
16.70429200
16.64570800
16.56095800
17.05325000
16.53954200
16.61887500
16.73316700
16.66779100
16.76937500
16.87679200
16.45891700
16.61883300
16.64391700
16.81404100
16.50495900
16.89125000
16.68079100
16.59470900
16.70008300
16.56550000
16.87870800
16.63670900
16.68154100
16.90141700
16.47833300
16.63437500
16.66125000
16.95887500
16.47483400
16.77104100
16.54170900
16.77979100
16.63304200
16.69700000
16.65079200
16.67987500
16.60041600
16.68770900
16.71004100
16.68095900
16.62612500
16.76366600
16.71841700
16.61191700
16.73312500
16.66875000
16.70387500
16.62570800
16.69987500
16.71045800
16.74795900
16.36433300
16.92358300
16.77987500
16.59825000
16.74604200
16.58520800
16.68175000
16.69254200
16.73004200
16.44362500
17.00758300
16.41745800
16.78125000
16.76583400
16.71970800
16.51808300
17.35541700
16.42379200
16.54520800
16.58816700
16.81887500
16.39975000
16.83712500
16.72512500
16.59083300
16.70120800
16.52212500
16.69204200
16.65312500
16.88062500
16.70016700
16.81866600
16.89950000
16.50850000
16.47320900
16.73808300
16.81350000
16.50491700
16.75091600
16.75570900
16.67433300
16.81870800
16.72162500
16.71237500
16.41429200
16.83216700
16.51433300
16.92033300
16.62716700
16.57254200
16.59383300
16.74312500
16.67537500
16.55266700
16.82345800
16.49654200
16.78366600
16.63266700
16.71445800
16.74779200
16.70683300
16.61745900
16.65320800
16.90708300
16.47750000
16.63541700
16.89454200
16.54050000
16.67087500
16.92337500
16.55820800
16.63037500
16.60220800
16.96387500
16.62895900
16.76866600
16.60241700
16.44412500
16.77600000
16.62175000
16.64833300
16.67712500
16.73629200
16.81666700
16.49737500
16.74950000
16.67458300
16.54725000
16.76050000
16.66029200
16.67700000
16.87241600
16.74433400
16.54608300
16.58408300
16.71841700
16.82495800
16.61858400
16.59391600
16.82783400
16.53333300
17.02495800
16.44991700
16.51862500
16.78104200
16.70520800
16.61075000
16.62604200
16.74395800
16.71216700
16.62304100
16.79437500
16.63154200
16.88575000
16.55475000
16.38995800
16.72204200
16.90595800
16.52570900
16.87925000
16.68575000
16.52875000
16.66858300
16.96341700
16.25537500
16.92400000
16.59929100
19.98208400
13.42062500
16.69362500
16.67304100
16.68425000
16.77750000
16.85475000
16.71200000
16.56070900
16.66916600
16.76987500
16.61850000
16.81654200
16.46920800
16.54870900
16.85945800
16.41629200
17.01287500
16.69212500
16.61312500
16.56950000
16.65766600
16.55562500
16.85845900
16.81625000
16.64070800
16.58325000
16.62400000
16.78041700
16.73908300
16.65945800
16.68950000
16.52820900
16.74975000
16.87433300
16.49558300
16.70058400
16.94283300
16.27954200
16.92970800
16.75620800
16.69195900
16.68879100
16.57341700
16.92337500
16.47783300
16.39483400
17.20166600
16.43545900
16.59875000
16.51754100
16.85941700
16.58550000
16.63100000
16.73954200
16.69733300
16.61487500
16.76866700
16.64858300
16.65104200
16.73825000
16.67591600
16.71233400
16.65929100
16.63304200
16.78625000
16.56662500
16.66283300
16.80216700
16.65362500
16.68108300
16.67950000
16.69337500
16.70812500
16.58116700
16.66595800
16.70279200
16.76087500
16.73879200
16.52545800
16.59866700
16.77641600
16.58929200
16.80720800
16.72445900
16.87450000
16.55345800
16.50433300
16.59816700
17.05216700
16.42483300
16.66700000
16.74329200
16.72383300
16.72358300
16.72291700
16.63350000
16.59745800
16.63804200
16.96545800
16.33829200
16.78579200
16.81233300
16.54470800
16.74816700
16.65716700
16.60437500
16.73604100
16.78645900
16.56233300
16.61637500
16.79983300
16.62200000
16.73850000
16.72750000
16.84670900
16.52533300
16.71250000
16.61716700
16.66250000
16.78150000
16.64329100
16.65058400
16.82404100
16.45716700
16.83495800
16.55687500
16.65341700
16.53304200
17.33733300
16.40325000
17.15404200
16.10433300
16.80729200
16.62962500
16.64375000
16.80991600
16.71508400
16.57662500
16.72129100
16.67400000
16.54741700
16.74812500
16.68554200
16.65729100
16.99850000
16.47062500
16.58587500
16.69175000
17.19804200
16.31729200
16.71962500
16.56095800
16.54537500
16.98275000
16.60008300
16.49237500
16.83616700
16.68720800
16.64183400
16.69525000
16.69745800
16.62720800
17.38320900
16.96158300
16.37200000
16.69950000
16.36637500
16.23558300
16.70279200
16.87316700
16.53679100
16.71895900
16.64937500
16.60716600
16.75875000
16.70904200
16.65145800
16.65804200
16.50266700
16.88279100
16.60883400
16.52216600
16.90000000
16.69045900
16.51479100
16.82941700
16.81845800
16.53979200
16.69858300
16.68179200
16.61858300
16.90825000
16.51245900
16.69091600
16.66516700
16.74870800
16.60883400
16.82154100
16.61191700
16.67029200
16.61970800
16.70420800
16.74066700
16.78933300
16.82083400
16.38641600
16.66104200
16.56100000
17.01629200
16.56533300
16.68091700
16.78033300
16.46791700
16.94291600
16.49112500
16.63958400
16.64791600
16.68183400
16.71566600
18.01162500
15.91541700
16.60733300
16.89041700
16.42920800
16.95087500
16.60204200
16.40187500
16.68841700
17.13175000
16.18883300
16.64625000
16.54679200
16.76916600
16.89500000
16.38008400
16.92100000
16.71958300
16.34900000
16.84579200
16.53516600
16.46825000
16.88858400
16.81233300
16.49541700
16.75079100
16.71029200
16.58966700
16.59550000
16.85991600
16.61395900
16.59154100
16.78675000
16.63183400
16.74479100
16.75845900
16.51366600
16.73429200
16.81879200
16.42845800
16.85345800
16.71037500
16.66300000
16.66708400
16.63020800
16.89100000
16.53445800
16.82066700
16.55462500
16.86750000
16.55708300
16.60875000
16.73345900
16.74883300
16.66483300
16.63375000
16.73308400
16.61195800
16.64808300
16.73525000
16.57083400
16.67450000
16.60241600
16.79079200
16.74920800
16.65745900
16.64200000
16.81583300
16.41312500
17.04491700
16.54254100
16.47658400
16.95637500
16.59383300
16.58579200
16.77179100
16.70625000
16.65866700
16.76145800
16.60458400
16.84366600
16.55945900
16.63833300
16.85350000
16.57262500
16.66254200
16.62458300
16.62841700
16.61870800
17.00291700
16.49479100
16.73683400
16.68200000
16.66658300
16.72925000
16.54266700
16.69579100
17.00683400
16.40820800
16.66900000
16.83237500
16.54400000
16.64066700
16.69758300
16.61420800
16.95762500
16.59887500
16.97670900
16.45866600
17.08783400
16.51779100
16.57395900
16.61970800
16.68025000
16.84333300
16.47875000
16.74900000
41.97166700
12.78670800
8.13991700
8.00479200
12.22475000
16.96133300
16.47245800
16.65629200
16.73087500
16.63820800
16.67079200
16.72970800
16.81858400
16.77779100
16.62708400
16.72525000
16.45254100
16.83033400
16.56529100
16.66491700
16.68745800
16.71725000
16.52816700
16.75812500
16.66179200
16.68316600
16.78075000
16.81337500
16.45308400
16.76283300
16.68741700
16.41204100
16.91179200
17.06887500
16.51675000
17.05479200
16.24520800
16.59850000
16.83687500
16.71241700
16.44837500
16.98537500
16.49141600
16.68058400
16.60704100
16.76695900
16.72691600
16.59212500
17.20295900
16.34100000
16.58904100
16.85412500
16.89683400
16.25700000
16.89791600
16.63900000
16.55100000
16.83691700
16.63720800
16.60187500
16.53037500
16.75595900
16.71558300
16.63637500
16.68395800
16.60741700
16.76829200
16.96350000
16.66491600
16.58475000
16.74483400
16.12695800
16.92633300
16.67320900
16.77300000
16.67650000
16.68375000
16.50975000
16.93900000
16.54975000
16.77883300
16.45687500
16.88325000
16.71020800
16.59791700
16.69591700
16.79416600
16.54570900
16.83300000
16.52591600
16.56837500
16.93662500
16.55075000
16.41604200
17.02787500
16.71920800
16.62337500
16.62850000
16.80520900
16.58583300
17.15570800
16.17395900
16.78525000
16.60070800
16.76725000
16.77683300
16.74695900
16.36995800
17.18854200
16.44533300
16.46937500
17.23045800
16.40333400
16.42595800
16.94983300
16.41308400
16.75175000
16.84420800
16.65941700
16.63866600
16.66100000
16.65091700
16.53770800
16.73341700
16.85962500
16.51483300
16.85262500
16.52829200
16.64741700
16.79279100
16.68383400
16.54779100
16.75508400
16.76437500
16.57266600
16.72845900
16.83175000
16.52583300
16.66475000
16.90579200
16.43712500
16.70683300
16.72875000
16.66679200
16.65483300
16.65795800
16.58550000
16.87879200
16.60312500
16.57625000
16.80229200
16.70716600
16.67987500
16.52854200
16.83237500
16.65495800
16.67241700
16.74895800
16.64983400
16.80858300
16.36720800
17.14045900
16.37466600
16.58408400
16.78141600
16.75054200
16.53837500
16.84366700
16.92941600
16.45125000
16.72745900
17.22379100
16.05808400
16.89750000
16.54741600
16.55879200
16.76725000
16.76358300
16.41350000
16.77750000
16.79429200
16.38791700
16.95979100
16.76279200
16.55762500
16.67650000
16.64308300
16.73016700
16.72000000
16.71979200
16.68191600
16.54487500
16.89500000
16.27783400
16.91316600
16.59737500
16.70404200
16.85291700
16.76483300
16.41954200
16.75679100
16.73675000
16.64200000
16.66116700
16.71779200
16.80550000
16.59612500
16.61916600
16.51545900
16.91262500
16.68500000
16.54791600
16.77554200
16.68595800
16.53466700
16.93208300
16.60075000
16.74070900
16.44670800
16.84554200
16.67179100
16.77479200
16.52712500
16.56216700
16.87333300
16.63004200
16.93295800
16.55541700
16.77150000
16.49470800
16.71862500
17.20879200
16.22708300
16.70487500
16.64962500
16.72900000
16.72633300
16.59808400
16.70487500
16.87166600
16.51783400
16.47583300
16.99187500
16.22016700
17.06654100
16.54904200
16.69662500
16.69950000
16.48891700
16.73866600
16.92675000
16.79408400
16.33450000
16.79750000
16.72945800
16.66587500
16.81191700
16.44516600
16.68404200
16.62912500
16.82600000
16.71900000
16.48983300
16.89687500
16.50950000
16.76425000
16.80383400
16.70366600
16.46837500
16.79995900
16.64345800
16.69012500
16.85358300
16.95845900
16.48695800
16.92108300
16.45533400
16.47200000
16.76308300
16.72529200
17.12920800
16.22850000
16.65054200
16.63987500
16.67254100
16.62666700
16.78437500
16.60087500
17.01391700
16.38037500
16.67566600
17.26275000
16.24445900
16.44937500
16.97358300
16.54237500
16.59766700
16.97008300
16.52404200
16.52533300
16.76083300
16.79200000
16.50975000
16.78066700
16.75258300
16.42645900
16.98150000
16.92658300
16.64150000
16.55187500
16.81512500
16.11691700
16.86862500
16.77066600
16.63987500
16.49045900
16.74704100
16.84462500
16.77762500
16.42629200
16.75241700
16.67733300
16.62500000
16.66891700
16.78212500
16.65320800
16.67200000
16.78154200
16.69295800
16.74512500
16.60370800
16.57008400
16.89087500
16.65354100
16.49112500
16.73166700
16.72687500
16.55720800
16.73441700
16.82237500
17.07404200
16.11212500
16.79004100
16.64966700
16.75966700
16.75016600
16.66287500
16.67633400
16.78120800
16.49795800
16.69979200
16.76158300
16.63366700
16.72987500
16.65820800
16.66883400
16.59691600
16.92612500
16.45445900
16.67200000
16.84804100
16.67058400
16.57787500
16.81429100
16.58820900
16.71416600
16.52320900
16.74979100
16.58191700
16.71945800
16.83262500
16.67604200
16.66887500
16.46629200
16.69500000
16.94937500
16.64350000
16.55037500
16.74808300
16.54641700
16.98166600
16.60391700
16.60187500
16.54625000
16.68716700
16.77904100
16.86075000
16.55754200
16.62875000
16.81816700
16.47458300
16.78491700
16.79075000
16.60395800
16.70025000
16.71350000
16.60858300
16.83304200
16.53970800
16.64250000
17.23558400
16.33733300
16.55833300
16.63425000
16.60941700
16.78154200
16.54979100
17.00437500
16.58287500
16.85425000
16.65816700
16.81404200
16.43616600
16.81879200
16.60529200
16.53091600
16.79470900
16.82225000
16.49141600
16.58262500
16.68729200
16.84904200
16.53737500
16.78454100
16.57904200
16.59462500
16.94745800
16.46287500
16.55916700
16.84825000
16.64062500
16.41870800
17.11791700
16.62075000
16.63883300
16.71462500
16.70054200
16.60983300
16.72858400
16.72637500
16.45312500
16.86066600
16.69208400
16.67125000
16.71829100
16.69300000
16.56454200
16.63337500
16.75500000
16.60462500
16.77225000
16.74325000
16.66566700
16.52312500
16.92404100
16.48679200
16.79658300
16.74775000
16.62245900
16.85079100
16.32279200
17.11395800
16.52650000
16.56087500
16.77612500
16.55529200
16.55783300
16.79645900
16.83508300
16.62016700
16.45416600
17.17129200
16.66166700
16.55991600
16.64100000
16.55958400
16.76466600
16.87162500
16.39454200
16.76733300
16.58075000
16.49595900
16.92454100
16.71558400
16.61670800
16.72370800
16.75470900
16.55337500
16.64775000
16.70029100
16.56820900
16.80025000
16.69787500
16.71150000
16.79037500
16.63200000
16.73833300
16.61416700
16.62541600
16.71470900
16.71291600
16.81220900
16.45937500
16.69783300
16.76775000
16.46525000
16.89758300
16.73441700
16.76350000
16.70841700
16.47445800
16.83741700
16.67004100
16.52116700
16.63258300
16.79645900
16.88195800
16.52783300
16.75908400
16.76466600
16.82354200
16.47662500
16.65887500
16.73950000
16.68362500
16.69562500
16.82145800
16.90266700
16.54145800
16.53429200
16.62495800
16.66162500
16.84050000
16.50212500
16.57429200
16.73354200
16.69141600
16.87783400
16.58395800
16.69004200
16.70550000
16.57641600
16.60087500
16.65362500
16.80800000
16.56354200
16.78908300
16.67312500
16.66250000
16.85683400
16.64200000
16.80641600
16.46983400
16.75779100
16.40754200
16.76425000
16.82254200
16.56766600
16.50495900
16.93729100
16.74275000
16.51975000
16.73383400
16.71829100
16.66945900
16.68462500
16.77600000
16.36770800
17.11170800
16.54962500
16.50441700
16.90770800
16.78495900
16.48566600
16.67650000
16.55954200
16.69779200
16.80887500
16.61066600
16.56016700
16.95550000
16.35470800
16.86362500
16.72133400
16.61133300
16.57170800
16.93504200
16.94475000
16.26329200
16.93225000
16.41008300
16.94879200
16.53479100
16.62279200
16.68237500
16.70487500
16.62562500
16.85837500
16.73941700
16.55562500
16.73283300
16.56529200
16.67891600
16.61887500
16.80100000
16.66833400
16.74700000
16.70237500
16.71579100
16.37958400
16.99633300
16.37816700
16.96729100
16.63279200
16.66666700
16.75825000
16.77225000
16.43958300
16.81675000
16.52220800
16.71479200
16.72691700
16.62420800
16.66483300
16.85795900
16.65316600
16.76333400
16.54812500
16.74112500
16.45537500
16.94208300
16.59100000
16.76537500
16.64716700
16.59233300
16.67612500
16.74400000
16.52954200
16.80000000
16.69616600
16.81241700
16.69412500
16.56695800
16.64375000
16.67600000
16.83654200
16.41812500
17.02795800
16.51650000
16.61875000
16.83491700
16.69100000
16.65404200
16.61229100
16.64408400
16.64412500
16.76508300
16.63616700
16.55183300
16.80820800
16.54366700
16.73620800
16.73600000
16.72204200
16.41895800
16.94358400
16.58987500
16.67012500
16.76841600
16.70954200
16.44595800
16.79283400
16.76570800
16.63512500
16.64575000
16.77762500
17.04212500
16.49808300
17.00770900
20.45191600
13.23862500
16.19783400
16.38916600
16.73308400
16.65995800
16.57091700
16.72762500
16.62925000
16.79283300
16.61641700
16.62270800
16.71670800
16.71604200
16.59716700
16.73795800
16.62020800
16.56412500
16.71087500
16.80650000
17.07858400
16.71125000
16.78537500
16.52725000
21.43325000
15.17866600
13.49000000
19.16962500
18.23554200
16.94541700
17.02645800
11.80325000
17.02429200
16.68229100
16.60875000
16.93083400
16.57079100
18.58529200
15.09625000
16.77204200
16.44150000
17.06695800
16.24995800
16.80425000
16.14658400
17.13212500
16.33120800
17.43375000
15.64337500
16.86891700
16.26495800
16.91079200
16.66616600
16.78087500
16.54133400
16.73691600
16.50516700
16.90362500
16.63804200
16.67258300
16.70662500
16.60337500
16.74558300
16.65533400
16.58066600
16.88308400
16.64800000
16.69525000
16.57258300
16.74050000
16.59795800
16.64920900
16.87650000
16.58545800
16.72112500
16.51695800
16.72850000
17.17537500
16.36783400
16.97466600
16.39979200
16.85937500
16.37641700
16.85912500
16.62158300
16.63970800
16.78079200
16.67554200
16.97600000
16.53950000
16.60066600
16.81150000
16.83141700
16.76179200
16.51929100
16.61037500
16.69804200
16.40691700
16.82720800
16.57520800
16.55016700
16.73895800
16.80595900
16.57058300
16.66808300
16.81266700
16.79245800
16.59645900
16.64516600
16.67412500
16.62654200
16.96454200
16.69108300
16.67279200
16.66266600
16.35100000
16.75058400
16.56437500
16.77291600
16.75454200
16.84037500
16.75358300
16.68583400
16.72783300
16.48195800
16.67562500
16.59466700
16.66558300
16.72137500
16.65179200
16.71991700
16.54837500
16.73700000
16.83566600
16.50750000
16.59266700
16.71470800
16.77875000
16.57616700
16.83966700
16.64783300
16.58775000
16.67854200
16.75762500
16.68495800
16.67829200
16.76783300
16.56470800
16.88658400
16.64625000
16.69400000
16.51712500
16.85783300
16.51633300
16.77312500
16.82150000
16.54716700
16.86279200
16.63412500
16.44966600
16.90112500
16.63150000
16.68816700
16.64391700
16.76170800
16.57529200
16.72104100
16.68512500
16.66291700
16.67391700
16.46300000
17.01437500
16.51004100
16.60162500
16.80875000
16.56637500
16.65200000
16.79245900
16.70254100
16.59895900
16.75925000
16.71637500
16.57812500
16.73050000
16.68920800
16.81204200
16.53837500
16.75191600
16.56487500
16.63216700
16.82495800
16.47041700
16.89854200
16.73504100
16.44804200
16.92625000
16.74220800
16.53037500
16.67629200
16.81208300
16.55195900
16.82150000
16.63095800
16.74400000
16.59595800
16.65241700
16.73320800
16.72170900
16.88716600
16.46933400
16.64120800
16.87358300
16.81483400
16.71783300
16.36050000
16.92100000
16.47970800
16.82487500
16.55995900
16.61720800
16.80291700
16.74275000
16.67183300
16.41808300
16.75604200
16.64416700
16.76050000
16.50975000
16.81558300
16.61783300
16.65658400
16.83666600
16.55841700
17.60500000
15.81650000
16.63275000
16.72466700
16.61662500
16.55491600
16.98516700
16.63383300
16.55554200
16.76916700
16.65191600
16.62358400
16.72375000
16.69629100
16.58458400
16.82816600
16.60612500
16.56537500
16.87979200
16.77008300
16.48379200
16.83858300
16.85662500
16.35154200
16.61037500
16.83287500
16.61475000
16.72450000
16.80500000
16.57408300
16.69437500
16.69408400
16.91150000
16.37958300
17.22833300
16.66275000
16.34745900
16.66212500
16.81412500
16.84220800
16.37287500
16.82075000
16.51487500
16.78570800
16.83337500
16.59083400
16.49529100
16.54725000
16.85204200
16.65675000
16.76358300
16.73445900
16.61325000
16.78354100
16.59891700
16.65316700
16.88066600
16.41237500
16.80312500
16.60308400
16.89487500
16.50004100
17.06991700
16.62900000
16.73612500
16.50062500
16.64908300
16.57579200
16.69129200
16.66012500
16.57416600
16.81591700
16.65479200
16.50429100
16.89550000
16.64837500
16.66145900
16.78683300
16.44441700
16.77800000
16.73325000
16.70116600
16.74145900
16.71275000
16.65654100
16.68650000
16.63716700
16.68562500
16.76175000
16.59766700
16.59787500
16.75029100
16.61758400
16.68029100
16.80387500
16.89870900
16.67725000
16.72341600
16.48995900
17.14808300
16.07400000
16.79420800
16.52679200
16.77704200
16.74320800
16.35512500
16.93087500
16.63529200
16.51629100
16.85095900
16.61250000
16.68187500
16.67754100
16.79825000
16.46075000
16.74183400
16.73616600
17.02137500
16.65795900
16.56737500
16.58645800
16.66087500
16.67912500
16.65787500
16.56679200
16.66466600
16.63966700
16.72241700
17.10429100
16.35391700
16.72687500
16.66791700
16.49645800
16.88012500
16.57716700
16.81266600
16.52791700
16.83858300
16.73537500
16.48708400
16.95720800
16.40633300
16.88145900
16.53916600
16.88258400
16.53700000
16.76720800
17.00816700
16.37970800
16.61408300
16.67595900
16.73712500
16.49762500
16.75245800
16.87608300
16.78208400
16.47787500
16.83391600
16.63537500
16.75741700
16.75054200
16.57370800
16.59379200
16.73479100
16.80370900
16.49170800
16.84520800
16.43487500
16.76870900
16.49941600
16.79325000
16.83016700
16.69137500
16.76450000
16.54608300
16.73483400
16.56116600
16.74216700
16.52750000
16.82979200
16.71400000
16.48116600
16.66937500
16.79241700
16.71554200
16.69533300
16.75404200
16.69716600
16.61000000
16.60891700
16.79683300
16.69629200
16.64345800
16.78479200
16.62720800
16.58633400
16.67925000
16.73487500
16.67291600
16.67070900
16.70712500
16.64091600
16.59408400
16.85787500
16.45958300
16.86066700
16.65358300
16.99975000
16.26516700
16.90300000
16.48554100
16.56987500
16.79379200
16.87887500
16.44079200
16.94795800
16.68375000
16.55033300
17.43479200
16.12054200
16.57587500
16.71350000
16.65300000
16.59854100
16.95150000
16.51358400
16.63333300
16.65845800
16.60487500
16.62658400
16.85120800
16.74816700
16.54358300
16.84120800
16.65033400
16.54175000
16.76516600
16.70500000
16.49595900
16.84983300
16.71954200
16.63712500
16.69383300
17.12383300
16.98316700
16.19858300
16.45650000
16.73545900
16.78375000
16.49679100
16.76970900
16.69483300
16.55666700
16.74537500
16.69929100
16.49758400
16.81662500
16.68025000
16.67708300
16.70504200
16.67070800
16.62675000
16.66645800
16.61608400
16.75883300
16.77050000
16.54695800
17.10333400
16.37008300
16.57375000
16.84079200
16.60808300
16.73041700
16.68404100
16.74883400
16.81320800
16.59579200
16.85279100
16.82025000
16.60454200
16.56254200
16.47325000
16.58629100
16.83254200
16.85200000
16.48412500
16.67637500
16.76154200
16.52445800
16.87795800
16.56937500
16.57012500
16.76020900
16.68645800
16.74829200
16.59829100
16.78087500
16.66200000
16.68591700
17.06575000
16.20608300
16.78704200
16.77641700
16.89316600
16.44550000
16.41725000
17.21112500
16.58945900
16.38141600
16.65729200
16.63591700
17.10345800
16.60454200
16.72425000
16.53295800
16.48983300
16.82741700
16.29225000
16.95254200
16.63195800
16.68375000
16.82091700
16.69570800
16.57075000
16.49675000
17.01254200
16.64320800
17.25641700
16.14387500
16.54050000
16.60483300
16.97070800
16.45833400
16.72987500
16.53925000
16.86933300
16.64466700
16.85200000
16.80162500
16.42966600
16.68491700
16.52570800
16.95137500
16.40208400
16.75941600
16.71125000
16.62416700
16.74450000
16.75658300
16.76325000
16.53316700
16.70925000
16.69691700
16.77200000
16.54095800
16.59383300
16.88862500
16.65629200
16.41237500
17.12125000
16.77979200
16.40191600
16.68087500
16.54508400
16.69504100
16.77391700
16.79925000
16.78704200
16.58962500
16.55970800
16.65745800
16.73825000
16.72991700
16.38029200
16.86675000
16.73312500
16.57308300
16.87200000
16.75800000
16.56045800
16.76033400
16.61875000
16.50950000
16.79770800
16.69766700
16.55400000
16.84829100
16.58858400
16.59200000
16.74975000
16.76820800
16.44529200
16.87062500
16.83520800
16.70608300
16.65766700
16.73100000
16.55320800
16.58312500
17.18662500
16.25775000
16.58775000
16.83358400
16.63587500
16.90141600
16.58262500
16.63658400
16.60029100
16.86908400
16.44391600
16.81087500
16.50433400
16.73895800
16.80304200
16.65991600
16.72670900
16.68208300
16.30166700
17.01020800
16.72483300
16.49491700
16.84604200
16.74054100
16.47654200
16.95591700
16.60229100
16.49379200
16.57550000
17.21100000
16.56829200
16.88729100
16.66533400
16.36904100
16.56741700
16.83854200
16.54141600
16.78716700
16.68987500
16.54241700
16.76158300
16.71075000
16.53716700
16.74954100
16.70779200
16.70054200
16.58529100
16.90475000
16.87687500
16.38150000
16.78462500
16.37000000
16.89554200
16.54920800
16.76520900
16.99654100
17.69312500
16.62033400
16.07870800
16.60895800
16.40100000
16.84291700
16.46758300
16.76841700
16.84620800
16.52075000
16.50983400
16.73520800
16.38258300
17.05070900
16.73337500
16.57495800
16.49525000
16.96804200
16.56312500
16.53687500
16.67083300
16.56654200
16.78266600
16.71987500
16.65745900
16.54683300
16.74954200
16.88779100
16.69558400
16.59520800
16.73162500
16.77216700
16.57987500
16.63875000
16.78437500
16.39854100
16.77675000
16.76095900
16.66570800
16.63083300
16.82600000
16.65087500
16.79608400
16.73333300
16.65670800
16.59875000
16.75275000
16.66395900
16.56750000
16.72483300
16.63608300
16.70458400
16.75470800
16.73370800
16.54750000
16.72583400
16.68054100
16.67650000
16.58337500
17.00095900
16.54395800
16.60508300
16.71262500
16.47145900
17.24962500
16.75754100
16.45362500
16.63462500
16.34133400
17.09512500
16.30883300
16.82716700
16.63595800
16.59991700
16.63175000
16.74762500
17.01345800
16.64475000
16.83145800
16.46279200
16.50904200
16.64887500
16.70787500
16.78766600
16.59029200
16.73541700
16.61212500
16.72508300
16.77537500
16.45629200
16.78741600
16.89425000
16.38162500
16.35041700
17.03400000
16.71158300
16.74662500
16.50195900
16.78804100
16.69970900
16.81779100
16.66720900
16.43604100
16.87495900
16.76133300
16.54858300
16.65987500
16.81662500
16.63891700
16.78412500
16.61983300
16.42862500
16.98037500
16.59150000
16.51812500
16.71962500
16.72145900
16.78154100
16.63070900
17.12950000
16.37487500
16.87529100
16.42254200
16.73537500
16.75762500
16.63720800
16.49508400
16.59433300
16.81508300
16.76270900
16.60708300
16.73945800
16.69454200
16.40183300
16.91150000
16.77087500
16.52912500
16.83541700
16.73729200
16.52383300
16.76220800
16.83520900
16.29962500
16.78891600
16.80125000
16.66616700
16.52725000
16.83958300
16.57945900
16.67975000
16.83429100
16.65725000
16.72975000
16.63050000
16.36662500
17.03179200
16.63487500
16.74887500
16.47358300
16.79300000
16.62808400
16.83262500
16.60733300
16.74608300
16.54000000
16.83700000
16.67145900
16.69170800
16.60645800
16.77279200
16.72533300
16.70712500
16.63091700
16.71229200
16.53554100
16.58129200
16.60654200
16.72066600
16.72445900
17.21750000
16.38041600
16.60525000
16.59383400
16.88170800
16.55958300
16.71983400
16.78850000
16.49829100
16.70808400
16.66891600
16.85891700
16.59766700
16.66229100
16.55804200
16.93137500
16.59362500
16.73487500
16.67583300
16.53262500
16.79250000
16.62750000
16.53783400
16.84712500
16.44379100
16.78895900
16.68862500
16.65383300
16.76533300
16.68750000
16.72887500
16.75450000
16.43883400
17.05625000
16.45441600
16.75837500
16.46700000
16.90845900
16.60358300
16.63566700
16.68291600
16.83212500
16.38779200
16.81595800
16.74025000
16.80779200
16.67462500
16.74066700
16.41704100
16.87308400
16.58758300
16.73608300
16.58654200
16.78891700
16.73812500
16.73941600
16.60287500
16.45662500
16.82070900
16.75325000
16.76229100
16.55979200
16.48358300
16.82912500
16.83441700
16.59329200
16.64300000
16.77137500
16.46204100
17.15133400
16.47583300
16.49537500
16.71208300
16.65812500
16.71937500
16.68687500
16.56695900
16.75112500
16.72337500
16.79233300
16.68937500
16.50458300
16.97366700
16.49341700
16.75929100
16.56329200
16.88995800
16.50708400
16.75766600
16.62895900
16.64300000
16.80216600
16.59008400
16.66475000
16.63525000
16.65750000
16.87650000
16.59950000
16.55629100
16.76091700
16.73541700
16.55637500
16.73291600
16.65825000
16.60416700
16.94725000
16.59108300
16.51608400
16.76562500
16.71658300
16.62308300
16.80650000
16.63641700
16.72125000
16.96225000
16.63704200
16.53458300
16.84079200
16.37420800
16.65275000
16.81900000
16.54704200
16.62675000
16.79929100
16.86837500
16.45391700
16.69870800
16.80675000
16.50475000
17.16583400
16.26904100
16.64116700
16.73812500
16.67729200
16.42279100
16.97820900
16.67608300
16.66608300
16.82187500
16.47025000
16.74995900
16.74841600
16.64791700
16.50441700
16.84679100
16.70429200
16.62308300
16.67100000
16.62212500
16.70650000
16.80141700
16.63408300
16.63737500
16.80620900
16.58725000
16.57691600
16.77358400
16.50008300
16.81858300
16.79633400
16.61995800
16.67208300
16.76745900
16.47062500
16.78525000
16.80275000
16.49062500
16.78133300
16.72475000
16.47300000
16.91408300
16.72754200
16.51087500
16.87066700
16.61979100
16.57483400
16.70483300
16.75995800
16.56412500
16.87991700
16.93233300
16.31637500
16.70675000
16.88179200
16.50287500
16.70683300
16.70100000
16.66062500
16.66662500
16.92341700
16.66775000
16.59845800
16.61729200
16.48237500
16.72725000
16.82054200
16.62995800
16.64279200
16.89283300
16.64308300
16.63700000
16.64312500
16.60204200
16.55416700
16.77429100
16.76062500
16.54279200
16.79808300
16.74820900
16.63954100
16.75370900
16.61483300
16.61033300
16.67966700
16.79608300
16.62729200
16.67408300
16.74925000
16.63391700
16.59941700
16.89820800
16.42275000
16.72650000
16.99908300
16.32254200
16.66395800
16.76600000
16.76287500
16.57345900
16.71366600
16.67912500
16.46800000
16.98316700
16.78545800
16.50104200
17.19429200
16.86100000
16.44754100
16.53595900
16.54145800
16.89408300
16.70295900
16.49366600
16.61633400
16.80404100
16.56391700
16.64979200
16.77962500
16.54395800
16.71479200
16.75820800
16.49908300
16.81154200
16.66975000
16.52550000
17.02095800
16.57625000
16.86275000
16.70654200
16.70645800
16.57995900
17.51791600
18.29483400
17.35391600
13.83237500
17.56287500
16.44400000
15.90716700
16.80475000
16.82133300
16.56450000
16.51204200
17.17104200
16.04054100
17.25500000
16.28554200
16.96033300
16.45150000
16.62537500
16.58200000
16.53420900
16.96900000
16.59095800
16.49579200
16.55912500
16.75479100
16.67054200
16.71308300
16.76458400
16.66162500
16.66666600
16.56241700
16.65800000
16.93604200
16.50466600
16.57375000
17.07554200
16.62008300
16.63616700
16.53900000
16.91366700
16.59812500
16.62491600
16.67441700
16.99687500
16.38937500
16.85250000
16.78554200
16.51600000
16.86487500
16.41741600
16.74808400
16.60445800
16.49970800
16.78779200
16.58916700
16.64366600
16.80183400
16.74833300
16.57975000
16.73525000
16.68075000
16.61775000
16.56191700
16.86541600
16.56316700
16.78454200
16.60629100
16.63058400
16.79683300
16.65337500
16.65950000
16.72154200
16.73233300
16.53908300
16.76545900
16.96329100
16.56808400
16.78054100
16.73754200
16.30500000
16.72204200
16.72675000
16.41012500
16.78012500
16.88808300
16.54283300
16.71854200
17.01383300
16.49391700
16.43308300
16.80883400
16.68987500
16.86437500
16.60412500
16.62095800
16.72783300
16.75087500
16.75233400
16.60912500
16.80075000
16.56512500
16.67704100
17.05370900
79.13166600
22.22920900
23.22183300
10.74841700
8.27729100
8.20191700
8.08816700
8.03941600
7.65079200
8.06562500
8.10145800
8.43591700
16.46579200
16.77925000
16.53554100
16.86566700
16.43375000
16.53508300
16.65708400
16.70154100
16.92375000
16.65795900
16.58995800
16.55345800
16.71087500
16.66312500
16.81195900
16.82604100
16.48470900
16.73133300
16.49383300
16.90179200
16.52537500
16.76187500
16.61750000
16.55525000
16.80950000
16.76483300
16.63775000
16.51920900
16.84270800
16.71212500
16.63700000
16.70975000
16.68858300
16.71358400
16.63954100
16.70587500
16.66291700
16.78495800
16.67137500
16.69491700
16.41520800
16.84250000
16.62520900
16.70516600
16.91954200
16.56975000
16.40700000
16.96391700
16.88662500
16.92837500
16.43766600
16.60495900
16.45479100
16.68966700
16.72250000
16.66841700
16.73650000
16.58283300
16.59600000
16.84608300
16.64741700
16.46579200
17.10200000
16.64575000
16.41879100
17.02725000
16.53216700
16.65654200
16.75687500
16.75012500
16.68520800
16.63416700
16.64400000
16.55566600
16.65579200
16.86341700
16.44150000
16.88308300
16.60454200
16.98158300
16.43937500
16.91720800
16.51808400
16.52804100
16.80708400
16.57954100
16.66116700
16.69970800
16.94187500
16.36475000
16.81720900
16.60629100
16.50562500
16.95283400
16.63937500
16.94195800
16.60562500
16.62770800
16.74608400
16.46070800
16.59175000
16.76054200
16.59362500
17.10487500
16.56125000
16.47166600
16.77608400
16.74441600
16.61970900
16.99579100
16.77100000
16.47083400
16.64829100
16.78295900
16.28087500
16.89666600
16.62220900
16.55637500
16.92075000
16.59320800
16.68529200
16.54520800
16.90016700
16.74458300
16.64904200
16.54404100
16.56579200
16.71579200
16.70275000
16.62695800
16.87620800
16.68495900
16.69570800
16.57341700
16.76329100
16.50208400
16.76233300
16.71975000
16.59137500
16.60441700
16.73354100
16.59583400
16.80012500
16.78187500
16.77558300
16.63166700
16.66479100
16.68508400
16.63987500
16.57395800
16.69129200
16.74441600
16.89854200
16.54345800
16.68020900
16.66608300
16.66525000
16.84454200
16.50404100
16.66675000
16.71658400
16.55412500
16.83262500
16.70429100
17.03533400
16.36058300
16.70295800
16.66229200
16.95100000
16.58916700
16.49750000
16.81266600
16.49225000
16.80600000
16.61562500
16.64737500
16.61904200
16.78958300
16.92833400
16.56362500
16.77933300
16.76750000
16.34712500
16.71587500
16.51320800
17.00029200
16.64300000
16.26087500
16.84975000
16.86025000
16.55941700
16.74395800
16.48666700
16.92041600
16.46095900
16.87158300
16.61050000
16.73429200
16.66512500
16.49591600
16.88966700
16.58537500
16.69816700
16.79770800
16.73195800
16.60104200
16.71545800
16.65395900
16.65016600
16.71525000
16.57608400
16.85120800
16.46891700
16.66683300
16.75554200
16.78858300
16.65291700
16.83141600
16.61441700
16.59179200
16.78100000
16.47937500
16.99283300
16.36412500
16.98412500
16.54762500
16.58479200
17.29791600
16.11212500
16.54108400
16.81304100
16.84487500
16.56270900
16.76729100
16.56929200
16.51066700
16.96358300
16.48837500
16.61341700
16.93454100
16.40404200
17.03133300
16.48420900
16.79212500
16.61275000
16.80237500
16.69554100
16.47558400
16.83116600
16.40033400
16.90908300
16.56608300
16.69587500
16.65179200
16.77604200
16.55470800
16.93245800
16.66616700
16.66362500
16.65195800
16.63687500
16.61433400
16.64150000
16.84395800
16.73179200
16.66237500
16.70908300
16.38362500
16.86704200
16.68795800
16.69870800
16.63608400
16.92237500
16.52450000
16.71370800
16.52145800
16.87454200
16.60787500
16.76237500
16.58508300
16.72316700
16.86750000
16.47983300
16.71091700
16.97358300
16.31216700
16.81775000
16.98820800
16.40408400
16.66620800
16.68145800
16.62066700
16.54704200
16.95987500
16.52729100
16.63616700
16.80741700
16.55116600
16.52745900
16.85550000
16.72975000
16.53575000
17.03583300
16.55779200
16.66779100
16.55708400
16.76262500
16.53875000
16.75537500
16.56508300
16.79266700
16.73529100
16.48312500
16.95283400
16.54087500
16.74062500
16.68175000
16.68366600
16.82500000
16.49525000
16.67212500
16.65616700
16.87400000
16.56250000
16.63737500
16.56266700
16.86837500
16.68029100
16.73183400
16.58479100
16.76920900
16.69304100
16.49237500
16.84562500
16.71825000
16.64329200
16.78841700
19.53287500
13.65004100
16.60833400
16.88095800
16.54954200
16.53879100
16.95016700
16.77625000
16.45641700
16.76825000
17.05991600
16.46812500
16.62608400
16.50887500
16.61833300
16.76704200
16.80233300
16.64295800
16.61962500
16.82254200
16.50762500
16.75670800
16.70045900
16.77050000
16.63141600
16.58379200
16.69337500
16.67208300
16.80954200
16.68291700
16.50312500
16.66191600
16.78500000
16.68862500
16.62887500
16.58004200
16.71070800
16.78179200
16.70866700
16.61591600
16.85795900
16.63591600
16.66708400
16.62020800
16.79437500
16.60850000
16.79533300
16.63037500
16.84004200
16.71354200
16.81083300
16.32804200
16.73425000
16.66216600
16.69208400
16.77679100
16.74108400
16.52579100
17.03816700
16.88300000
16.33475000
16.79025000
16.49970800
16.66841700
16.58225000
16.74737500
16.75020800
16.92254200
16.29908300
16.82212500
16.93254200
16.34416700
16.75445800
16.64491700
16.59858300
16.69770800
16.98483400
16.20425000
16.93091600
16.68516700
16.44375000
16.78241700
16.93000000
16.50666600
16.85704200
16.73916700
16.42108300
16.68291700
16.67062500
16.60850000
16.73570800
16.80579200
16.67250000
16.62333300
16.66129200
16.47683300
16.88995800
16.81366700
16.47250000
16.72262500
16.73366700
16.35108300
16.94683300
16.93304200
16.48529200
16.78462500
16.59012500
16.69733300
16.68591700
16.88420800
16.42716700
16.73441600
16.63979200
16.74391700
16.68862500
16.77179100
16.59570900
16.49020800
16.86741700
17.58687500
16.13850000
16.34187500
16.68333300
16.69958300
16.61879200
16.74087500
16.77395800
16.60550000
16.61312500
16.81770900
16.69479100
16.74816700
16.55604200
16.46725000
16.89741600
16.73616700
16.64920800
16.58658400
16.71354100
16.69204200
16.64658300
16.53250000
16.83791700
16.78933300
16.58375000
16.75654200
16.65720800
16.56700000
16.77162500
16.70775000
16.57958400
16.73850000
16.73337500
16.65508300
16.61195800
16.81904200
16.54900000
16.66533300
16.78008400
16.67258300
16.48333300
16.71433400
16.93166600
17.11491700
16.50787500
16.73941700
16.44766600
16.77812500
16.50191700
16.59300000
16.77137500
16.77266700
16.56337500
16.74475000
16.55512500
16.81650000
16.81854100
16.45229200
16.69479200
17.01404100
16.39087500
16.66379200
16.76037500
16.65687500
16.72266700
16.53429100
16.88154200
16.67079200
16.50841600
16.74475000
16.64616700
16.94820800
16.41758400
16.76591600
16.64575000
16.58800000
16.86225000
16.56841700
16.69137500
16.59908300
16.64258400
16.31745800
17.26320800
16.75962500
16.58508400
16.63454100
16.77875000
16.68020900
16.54450000
16.57254100
16.59933400
16.85820800
16.73866700
16.47945800
16.84108300
16.73483400
16.59183300
16.62945800
16.79645900
16.68108300
16.57045800
16.66725000
16.82895900
16.68133300
16.59645800
16.66254200
16.94304200
16.47358300
16.69925000
16.71470800
16.62008400
16.76333300
16.67441700
16.64666600
16.67129200
16.56458300
16.66620900
16.86158300
16.63725000
16.60112500
16.69379200
16.75883300
16.63037500
16.84845800
16.76520900
16.31075000
17.39525000
16.09112500
16.56216600
16.82300000
16.90129200
16.60016700
16.59354100
16.70333400
16.63516600
16.78612500
16.70237500
16.58387500
16.70470900
16.65929100
16.61558400
16.77966600
16.62604200
16.60620800
17.22941700
16.52145800
16.41466700
16.82216700
16.59708300
16.68108300
16.93516700
16.82970800
16.75679200
16.55983300
16.59650000
16.58191700
16.52883300
16.71858400
16.61954100
16.70054200
16.58550000
16.71070800
16.64212500
16.72229200
16.65704200
16.87066600
16.40841700
16.92608300
16.72325000
16.40566700
16.81158300
16.91179200
16.47245800
16.69475000
16.69291700
16.54941700
16.76695800
16.96470800
16.62737500
16.85637500
16.56220900
16.42908300
16.65345800
16.69158400
16.54841600
16.74587500
17.18837500
16.12012500
16.89454200
16.71508300
16.69212500
16.66866700
16.69237500
16.53591700
16.66029100
16.81200000
16.74762500
16.64458400
16.72008300
16.54320800
16.67250000
16.81408400
16.69187500
16.56237500
16.69395800
16.82500000
16.59100000
16.64591700
16.71004100
16.56000000
16.53900000
16.84583400
16.73900000
16.53395800
16.83804200
16.61254100
16.66545900
16.79275000
16.75675000
16.33083300
16.88416700
16.67508300
16.69929200
16.68700000
16.64133300
16.50962500
17.05850000
16.50566700
16.66075000
16.71004100
16.68791700
16.60025000
16.79545800
16.67345900
16.74916600
16.65204200
16.62016700
16.53987500
16.76416600
16.84358400
16.41983300
16.86733300
16.76045900
16.54791600
16.79712500
16.66008400
16.82637500
16.60554100
16.74925000
16.31883400
17.09737500
16.44962500
16.50033300
16.89520800
16.69791700
16.80179200
16.57370800
16.73512500
16.69675000
16.55179200
16.60825000
16.79483300
16.58475000
16.82941700
16.51029100
16.84508400
16.59708300
16.79104200
16.63275000
16.63641600
16.75541700
16.62587500
16.63237500
16.70050000
16.57875000
16.68575000
16.78400000
16.68429200
16.67145800
16.62629200
16.66420800
16.87900000
16.58550000
16.78487500
16.54491700
16.77895800
16.61133300
16.67616700
16.68508300
16.56225000
16.90150000
16.75550000
16.56050000
16.69179200
16.60391700
16.70712500
16.58070800
16.75795800
16.88750000
16.47091700
16.73791700
16.71554100
16.61025000
16.79629200
16.72837500
16.49345800
17.04020900
16.52708300
16.56995800
16.81620900
16.66229100
16.91312500
16.37754200
16.66650000
16.84166700
16.72833300
16.61454200
16.73604100
16.61316700
16.46320800
16.81712500
16.58308400
16.87329100
16.52583400
16.85137500
16.56941600
16.65279200
16.69191700
16.76479100
16.48033400
16.92954100
16.36941700
17.00762500
16.57595800
16.69400000
16.71866700
16.59233300
16.59087500
16.89312500
16.54675000
16.73016700
17.55325000
15.84250000
16.59729200
16.74683300
16.66241700
16.76445800
16.57358300
16.78733400
16.49208300
16.81333300
16.66275000
16.60745900
16.68133300
17.51987500
15.78925000
16.86212500
16.68141700
16.57970800
16.92133300
16.71720900
16.65487500
17.00112500
16.43137500
16.53545800
16.68083300
16.92654200
16.58920800
16.65616700
16.45470800
17.52254200
16.06979200
16.53037500
16.76200000
16.61929100
16.70529200
16.74483300
16.64779200
16.75466700
16.53050000
16.75845800
16.51012500
16.79508300
16.75233400
16.64658300
16.71091700
16.66791600
16.61387500
16.73329200
16.67275000
16.67791700
16.74658300
16.87479200
16.46308300
17.07841700
16.48829100
16.60137500
16.75008400
16.40237500
16.73954100
16.56241700
16.70937500
17.02187500
16.60866700
18.26766600
15.18420900
16.70341600
16.97425000
16.85725000
15.88770900
16.98745800
16.42775000
16.73687500
16.63570800
16.61279200
16.77937500
16.60308300
16.74429200
17.04262500
16.46412500
16.56575000
16.82908300
16.66679200
16.84633300
16.30004200
16.68233300
16.99941700
16.42591700
16.88266600
16.58358400
16.71666600
16.74700000
16.71133400
16.52775000
16.57654100
16.78195900
16.68679100
16.44633400
16.90516600
16.63625000
16.68200000
16.69245900
16.63650000
16.73116600
16.80400000
16.61712500
16.48150000
16.89558400
16.47066600
16.63866700
16.86170800
16.57329200
16.72187500
16.73958300
16.74470900
16.56583300
16.66262500
16.80304200
16.60825000
16.63654100
16.83091700
16.54770800
16.64583400
16.87829100
16.44887500
16.82887500
16.73016700
16.52916700
16.89495800
16.57050000
16.71408300
16.62945900
16.60454100
16.81383400
16.71879100
16.63033400
16.66616600
16.69458400
16.64775000
17.03687500
16.36879100
16.59695900
16.79945800
17.04733300
16.28400000
16.79708400
16.91387500
16.29333300
16.96191700
16.35333300
16.96470800
16.68712500
16.54683400
16.86850000
16.70800000
16.73379100
16.51783400
16.80170800
16.89579200
16.36695800
16.73791700
16.62433300
16.48445800
16.93108400
16.74745800
16.35175000
16.94687500
16.71700000
16.39900000
16.79479200
16.84362500
16.51600000
16.81087500
16.61537500
16.49566600
16.93154200
16.59600000
16.55379200
16.85495800
16.72525000
16.58033300
16.66400000
16.64016700
16.72737500
16.71629200
16.64204100
16.61737500
16.66987500
16.76054200
16.52858300
16.83195900
16.57237500
16.63258300
16.80962500
16.65837500
16.72237500
16.62804200
16.68237500
16.69820800
16.77850000
16.56387500
16.77204200
16.58441600
16.66845900
16.88429100
16.56270900
16.76666600
16.77637500
16.48758400
16.73579100
17.21820900
16.11766600
16.68029200
16.72837500
16.66725000
16.80958300
16.59812500
16.73625000
16.59091700
16.72525000
16.68941700
16.53479100
16.61658400
16.99379100
16.59300000
16.50841700
16.88329200
16.52529100
16.76825000
16.62179200
16.64883300
16.71895900
16.68620800
16.91320800
16.39412500
16.82900000
16.74645900
16.59637500
16.68725000
16.62025000
16.65608300
16.84275000
16.75075000
16.61095800
16.48020900
16.68508300
16.79383300
16.57487500
16.80675000
16.46383400
16.90108300
16.70000000
16.64370800
16.59791700
16.75958300
16.81025000
16.51979200
16.63654200
16.78683300
17.88904200
15.58916600
16.43370900
16.78354100
16.96050000
16.72545900
16.84704100
16.74283400
16.42150000
16.44687500
16.78808300
17.13820800
16.32558400
16.56283300
16.80637500
16.51145800
16.97833400
16.57220800
16.50245800
16.66587500
16.79979200
16.54554200
16.68629100
16.79541700
16.51975000
16.92229200
16.62862500
16.64395800
16.59600000
16.78845800
16.74233400
16.57225000
16.77362500
16.54170800
16.79029200
16.63037500
16.70062500
16.71437500
16.71958300
16.93695800
16.67258400
16.59608300
16.19125000
16.94083300
17.05483400
16.41408300
15.92816700
17.27791600
16.77766700
16.47016700
16.52766600
16.85237500
16.72870900
16.65462500
16.72779100
16.60925000
16.72708400
16.73145800
16.72670800
16.63562500
16.82370900
16.55675000
16.64291600
16.79525000
16.52033400
16.79266600
16.69787500
16.74904200
16.34050000
16.88295800
16.99525000
16.43879200
16.78245800
16.51100000
16.44541700
16.89570800
17.10004200
16.42016700
16.67991600
16.44308400
16.81037500
16.58429100
16.65900000
16.93033400
16.70337500
16.74862500
16.57983300
16.78908300
16.51016700
16.65437500
16.53175000
16.60883300
17.00062500
16.34454200
16.82033300
16.76812500
16.76125000
16.64416700
16.62345800
16.63429200
16.52679200
16.92400000
16.65666600
16.56462500
16.79370900
16.73708300
16.39316700
17.04629100
16.61683400
16.69337500
16.59062500
16.71295800
16.58141700
16.92045800
16.65916700
16.49695800
16.76000000
16.63170800
16.56529200
16.81225000
17.08733300
16.40895900
16.69212500
16.63987500
16.69779100
16.65395900
16.61379100
16.91516700
16.56854200
16.71500000
16.46775000
17.75533300
15.72679200
16.77204100
16.50154200
16.83625000
16.60404200
16.53687500
16.67408300
16.83770800
16.64875000
16.78495900
16.45450000
16.89012500
16.68150000
16.64220800
16.59508300
16.78020900
16.59104100
16.86183400
16.28766600
16.98637500
16.58620900
16.46000000
16.91108300
16.79133300
16.32366700
16.98729200
16.84604100
16.30104200
16.83929200
16.65404100
16.65766700
16.88358300
16.41083400
16.81791600
16.72470900
16.79941600
16.58125000
16.79308400
16.61833300
16.60137500
16.76429200
16.56545800
16.53933300
17.01175000
16.46733400
16.78762500
16.73045800
16.47945800
17.02225000
16.56066700
16.61350000
16.46587500
17.01962500
16.59562500
16.71883300
16.88800000
16.51775000
16.61408400
16.69291600
17.14162500
16.18787500
16.77400000
16.59000000
16.51537500
16.97837500
16.60166700
16.61183300
16.64787500
16.75941700
16.66733300
16.74850000
16.29183400
16.75337500
16.98050000
16.54320800
16.62891700
16.71954100
16.63695900
16.67283300
16.82133300
16.56887500
16.63025000
16.65775000
16.79933400
16.63004100
16.69987500
16.65370900
16.85162500
16.65495800
16.72108300
16.75104200
16.85370800
16.52045900
16.63325000
16.83991600
16.47358400
16.81300000
16.68283300
16.54537500
16.72958300
16.65316700
16.68595800
16.76700000
16.68512500
16.53550000
16.96270900
16.47329100
16.86450000
16.62775000
16.47804200
16.70225000
16.79837500
16.64266700
16.66000000
16.77333300
17.10850000
16.40454200
16.63579100
16.75737500
16.77237500
16.47716700
16.61225000
16.61250000
16.63716700
16.92312500
16.88037500
16.57233300
16.66975000
17.40704200
16.78175000
16.08870800
16.74775000
16.57279200
16.47237500
16.83054100
16.67070900
16.63029100
16.83595900
16.57933300
16.53129200
16.75962500
16.62858300
16.59120800
16.77020900
16.58058300
16.46695800
16.99933400
16.64200000
16.69945800
16.54954200
16.85950000
16.33854100
16.87429200
16.68654200
16.56300000
16.81129100
16.62116700
16.65920800
16.52758400
16.92020800
16.67779200
16.75866600
16.59200000
16.71566700
16.61116700
16.72891600
16.78337500
16.94462500
16.24162500
16.85845900
16.60433300
16.57000000
16.75133300
16.51675000
16.79983400
16.96833300
16.50625000
16.57637500
16.79875000
16.81629200
16.55958300
16.54687500
16.67820800
16.62162500
16.91812500
16.62304200
16.56350000
16.74341700
16.66633300
16.57379200
16.89125000
16.62670800
16.45425000
16.96750000
16.59191700
16.66550000
16.82125000
16.63204100
16.47508400
16.87479100
16.66879200
16.64320800
16.78745900
16.70154100
16.53595900
16.72358300
16.60637500
16.70100000
16.70704200
16.72054100
16.65345900
16.75795800
16.74204200
16.57962500
16.62654100
16.76216700
16.68037500
16.68716700
16.65150000
16.76537500
16.65608300
16.62833300
16.59533400
16.77566600
16.57054200
16.66533300
16.79620900
17.05620800
16.18633300
16.85412500
16.63612500
16.58779200
16.80533300
16.66254200
16.88287500
16.71941700
16.33495800
16.80775000
16.83695800
16.51308400
16.65475000
16.68004100
16.76920900
16.67062500
16.56516600
16.75704200
16.67295800
16.76145900
16.53591600
16.77041700
16.47966700
16.86175000
16.66225000
16.89912500
16.48462500
16.71150000
16.71379100
16.38012500
16.89525000
16.78045900
16.59279100
16.83937500
16.55937500
16.62850000
16.81666700
16.67925000
16.64837500
16.59866700
16.81225000
16.72641600
16.67045900
16.61404100
16.52433400
16.86333300
16.79620800
16.75166700
16.66425000
16.78170800
16.48825000
16.73308400
16.69766600
16.53379200
16.78083300
16.62875000
16.72241700
16.62429200
16.65754100
17.19529200
16.06591700
16.67337500
16.73604100
16.73254200
16.65704200
16.79912500
16.83391600
16.46941700
16.82237500
16.66741700
16.76216600
16.55350000
16.77841700
16.51595800
16.72683400
16.81012500
16.64179100
16.64179200
16.52895800
16.80883400
16.98808300
16.47787500
16.63504200
16.71850000
16.61758300
16.62100000
16.75679200
16.44404100
16.96345900
17.09229100
16.23470900
16.75637500
16.62825000
16.72504100
16.56195900
16.68045800
16.67220800
16.70216700
16.65762500
16.66195800
16.83579200
16.73429200
16.67904100
16.50491700
16.87975000
16.44741700
16.79533300
16.83175000
16.60600000
16.61433300
16.63679200
16.62395800
16.65054200
16.90079200
16.61350000
16.61920800
16.65762500
16.65670800
16.74604200
16.93141700
16.35216600
17.00087500
16.12866700
17.17900000
16.69929200
16.55950000
16.93479100
16.37345900
16.78358300
16.37137500
17.01283300
16.75558400
16.38783300
16.83920800
16.69233400
16.49791600
16.81816700
16.53154200
16.76870800
16.71354200
16.76708300
16.51037500
16.81495800
16.61566700
16.64054200
16.94758300
16.52241700
16.57029100
16.72450000
16.70537500
16.78254200
16.60645800
16.62254200
16.75600000
16.43304200
16.87720800
16.74950000
16.62587500
16.83475000
16.52058300
16.68129200
16.64725000
16.86808300
16.51366700
16.74708300
16.54495900
16.92091600
16.44754200
16.86258300
16.40445900
16.94750000
16.60833300
16.77433300
16.54220900
16.80395800
16.61270800
16.59112500
16.74045900
16.84145800
16.55679200
16.64650000
16.75250000
16.55058300
16.75304200
16.78566600
16.62608400
17.05941600
16.37433400
16.74883300
16.69291700
16.77725000
16.63645800
16.75745800
16.51395900
16.56033300
16.73204200
16.81458300
16.69583300
16.62604200
16.55275000
16.65812500
16.73662500
16.85383300
16.60491700
16.69608300
16.65658400
16.89058300
16.42654200
16.62041600
16.51633400
16.87804100
16.66125000
16.65900000
16.69845900
16.62737500
16.72262500
17.17133300
16.32641700
16.74520800
16.60058300
16.62495900
16.63516600
16.73650000
16.48616700
16.85137500
16.88333300
16.36350000
16.84087500
16.74341700
16.38429200
16.85533300
16.68579200
16.59379100
16.71204200
16.70700000
16.70266700
16.67741600
16.86837500
16.40145900
16.94325000
16.52729100
16.65795900
16.74433300
16.64654200
16.63354100
16.75208400
17.03508300
16.20120800
16.80758400
16.60004100
16.88012500
16.65479200
16.70216700
16.64291600
16.60754200
16.57700000
16.86875000
16.55437500
16.80645800
16.63225000
16.67545900
16.60095800
16.72329200
16.98520800
16.37937500
16.78912500
16.53308300
16.69154200
16.75533300
16.75100000
16.57179200
16.86520800
16.52179200
16.76504200
16.61091600
16.76500000
16.44541700
16.81741700
16.65704100
16.69650000
16.72620900
16.64679100
16.62050000
16.79279200
16.68079200
16.57329100
16.80150000
16.95125000
16.32166700
16.53704200
16.85929100
16.67208400
16.72208300
16.67837500
16.56583300
16.84954200
16.61708300
16.65020900
16.77245800
16.73283300
16.53445900
16.75866600
16.58475000
16.97945900
16.36925000
16.82491600
16.80908400
16.86279100
16.78554200
16.42700000
16.80695800
17.03841700
16.14391700
16.77425000
16.57183300
16.81254200
16.70904100
16.39570900
16.75637500
16.67995800
16.75608300
16.60883400
16.64862500
16.75425000
16.85679100
16.72866700
16.37437500
16.86608300
16.61887500
16.46400000
16.87129200
16.62416700
16.71066600
16.82620900
16.57475000
16.67437500
16.68783300
16.63512500
16.75800000
16.66012500
16.80520800
16.67462500
16.78158400
16.75058300
16.61829200
16.39395800
16.90633300
16.41016700
16.85108300
16.63508400
16.59262500
16.62250000
16.88441600
16.55837500
16.72066700
16.59116700
16.87458300
16.61333300
16.69133400
16.93045800
16.40870800
16.72933400
16.53229100
16.76437500
16.72179200
16.86058300
16.66920900
16.30633300
17.09300000
16.35279200
16.84416600
16.77070900
16.62845800
16.67245800
16.70479200
16.77758300
16.60937500
16.67850000
16.54662500
17.28333400
16.71566600
16.74262500
16.31008400
16.50341600
16.64870900
17.12629100
16.34958400
16.59787500
16.60666600
16.64983400
16.86137500
16.50012500
16.71291600
16.74504200
16.67075000
16.65037500
16.82854200
16.45012500
16.80125000
16.65487500
16.49158300
16.91000000
17.03529200
16.63475000
17.78204100
15.45295900
16.83216600
18.70087500
15.74066700
15.41370800
17.25125000
16.96825000
15.96183400
16.73950000
16.65837500
16.88604100
16.51245900
16.97595800
16.21562500
18.06266700
16.13862500
16.48525000
16.47204100
16.61520900
16.43245800
16.64066700
16.67054100
16.62300000
16.56562500
16.75420900
16.75133300
16.62579200
16.77350000
16.43762500
16.78287500
16.69429100
16.81662500
16.76250000
16.27758400
16.95754100
16.54770900
16.63133300
16.79808300
16.55700000
16.83291700
16.55237500
16.90233300
16.46337500
16.79845900
16.71675000
16.49845800
16.62241700
16.82416600
16.47870900
16.84262500
16.74566600
16.54787500
16.77112500
16.67941700
16.66470800
16.73745900
16.67795800
16.71629200
16.59579100
16.67666700
16.77816700
16.61550000
16.82845800
16.57108300
16.60175000
16.67587500
16.63850000
16.92058400
16.37033300
16.81637500
16.65891700
16.66816600
16.71120900
16.67820800
16.74645800
16.65387500
16.69650000
16.61000000
16.80879200
16.61270800
16.95525000
16.86420900
16.24708300
16.76329200
16.51579100
16.82225000
16.91029200
16.82833300
16.45504200
16.43525000
17.15808300
16.51079200
16.69541700
16.44570800
16.93225000
16.40345800
16.71666700
16.81283300
16.47750000
17.17404200
16.27108300
16.84362500
16.64379200
17.21150000
16.58341700
16.49954100
17.10237500
16.12670900
16.56391600
16.73462500
16.80087500
16.72275000
16.32716700
16.83354200
16.74779100
16.59245900
16.60120800
16.78833300
16.63416700
16.73020800
16.73975000
16.67733400
16.80433300
16.54695800
16.42229200
17.11100000
16.46166700
16.95058300
16.48425000
16.59883300
16.53758400
16.93429100
16.80416700
16.52620800
16.71008400
16.50895800
16.70058300
16.74408400
16.58958300
16.73875000
16.90337500
16.80295800
16.21150000
16.84270900
16.99529100
16.49491700
17.03641700
16.44504100
16.43700000
16.75658400
16.78645800
16.52575000
16.86158300
16.84704200
16.40550000
16.62212500
16.86645800
16.46545900
16.86987500
16.95879100
16.43133400
16.65766600
16.74862500
16.36529200
16.58150000
16.89416700
16.63987500
16.78775000
16.61441600
16.69270900
16.61512500
16.56787500
16.79641600
16.60341700
16.68929200
16.65704100
16.70362500
16.72179200
16.73454200
16.66854100
17.25245900
16.14362500
16.78812500
16.48150000
16.69404100
16.77566700
16.63050000
16.76279200
16.63029100
16.49400000
16.89654200
16.86262500
16.28925000
16.90433300
16.89762500
16.56475000
16.58000000
16.68600000
16.61970900
16.76016600
16.56570900
16.80912500
16.86066600
16.54341700
16.73366700
16.73100000
16.83966600
16.57870900
16.51675000
16.72750000
16.66808300
16.55275000
16.92458300
16.57512500
16.58616700
16.74020800
16.70433400
16.60241600
16.68929200
16.83054200
16.55425000
16.73820800
16.59879200
16.68895800
16.62970800
16.73287500
16.73879200
16.42262500
16.95245800
16.63683400
16.53487500
16.89054100
16.57587500
16.70225000
16.71591700
16.64212500
16.41508300
17.04545900
16.73008300
16.56558300
16.78033400
16.61008300
16.61275000
16.81525000
16.50725000
16.62504200
16.99241600
16.56758400
16.59629100
16.76854200
16.66795800
16.43108400
16.99754100
16.63470900
16.53491600
16.88829200
16.58995800
16.71291700
16.68041700
16.58958300
16.72525000
16.92166700
16.57670800
16.85662500
16.52720800
17.27254200
16.10175000
16.70929200
16.69729100
16.62033400
16.82658300
16.47254200
16.71304100
16.50491700
16.76204200
16.70458300
16.75800000
16.54537500
16.77575000
16.89925000
16.42054200
16.60050000
16.78762500
16.72133300
16.61525000
16.71275000
16.73583300
16.49887500
16.85595900
16.63195800
16.68850000
16.74104200
16.53100000
16.83608300
16.72345800
16.40887500
16.72720900
16.90075000
16.64337500
16.62879100
16.60458400
16.74362500
16.75425000
16.51212500
16.77208300
16.74716700
16.80337500
16.52062500
16.65879100
16.58262500
16.83729200
16.63845800
16.74479200
16.61983300
16.70587500
16.77658400
16.53950000
16.78745800
16.66975000
16.64495800
16.71666700
16.82012500
16.52025000
16.74841700
16.66829100
17.23908400
16.04075000
16.73141600
16.70845900
16.54941600
16.66662500
16.69983400
16.59666600
16.92375000
16.70362500
16.67137500
16.57354200
16.67183300
16.85829200
16.68150000
16.63479200
16.52116600
16.62325000
16.91954200
16.62570800
16.67916700
16.81341700
16.54691600
16.59575000
16.67145900
16.77279100
16.50579200
16.66675000
16.95879200
16.42341600
16.76266700
16.72645800
16.48800000
16.90800000
16.64933400
16.54912500
16.88545800
16.73000000
16.54808300
16.55537500
16.94570900
16.71175000
16.60308300
16.90983300
16.52779200
16.74979200
16.67850000
16.66679100
16.66504200
16.87366700
16.55829100
16.57675000
16.76687500
16.82512500
16.43154200
16.78179200
17.10850000
16.23258300
16.53054200
16.82633300
17.06850000
16.31704200
16.69658300
16.46987500
16.80575000
16.89787500
16.50012500
16.45675000
16.88987500
16.64750000
16.58037500
16.86962500
16.60066700
16.63491600
16.92216700
16.42912500
17.10212500
16.64433300
16.65895900
16.48504100
16.73816700
16.52562500
16.44820800
17.06579200
16.59454200
16.66129100
16.67225000
16.74250000
16.59758400
16.72075000
16.79479100
16.49062500
16.67820900
16.70400000
16.78575000
16.66541600
16.75908400
16.37895800
16.71829200
16.94279100
16.64370900
16.71000000
16.50108300
16.89550000
16.46979200
16.78404100
16.66762500
16.66500000
16.74087500
16.70479200
16.42770800
16.68100000
16.96712500
16.65004200
16.62045800
16.63583400
16.92554100
16.53754200
16.70029200
16.45370800
16.93408300
16.65816700
16.62745800
16.76770900
16.70079100
16.77266700
16.53116700
16.55941600
16.90437500
16.56708400
16.51329100
16.85004200
16.75345800
16.44754200
16.84875000
16.53887500
16.81570800
16.72075000
16.79750000
16.46612500
16.77620900
16.61129100
16.77300000
16.56229200
16.73170800
16.58245900
16.91091600
16.57000000
16.77737500
16.54929200
16.68483300
16.72808400
16.62812500
16.74537500
16.77808300
16.69516700
16.69225000
16.53825000
16.74058300
16.36129200
16.94737500
16.62541600
16.63387500
16.79762500
16.57770900
16.79037500
16.57895800
16.74625000
16.81304200
16.76854100
16.32583400
16.76641600
16.76895900
16.69495800
16.88354200
16.59225000
16.72062500
16.64187500
16.76862500
16.47891600
16.90575000
16.72345900
16.56791600
16.43733400
16.89700000
16.58583300
16.81220800
16.57062500
16.73733400
16.76154100
16.44383400
16.70341600
16.87833400
16.61995800
16.81012500
16.53362500
16.68104200
16.69083300
16.71720800
16.61958400
17.98404100
15.54187500
16.65941700
16.47983300
16.95912500
16.48333400
16.65358300
16.81345800
16.43904200
16.80683300
16.84866700
16.40345800
16.86120900
16.76316600
16.57904200
16.82604200
16.44654100
16.67529200
16.81041700
16.74983300
16.56375000
16.53487500
16.88804200
16.65350000
16.41716600
16.86237500
16.73379200
16.60075000
17.18787500
16.64508300
16.26812500
16.77062500
17.49008400
16.21620800
16.86737500
19.28900000
19.37537500
12.07254200
15.76083300
16.29154200
17.07095800
16.49137500
16.73350000
16.51975000
16.71908300
16.87687500
16.27129200
16.89308300
16.70170900
16.69070800
16.65016700
16.65879100
16.70925000
16.48758400
16.94233300
16.63379200
16.45629100
16.88829200
16.68004200
16.58858300
16.74658300
16.72700000
16.56450000
16.62816700
16.78816700
16.95479100
16.58925000
16.64704200
16.60975000
16.63954200
16.61141600
16.83754200
16.67975000
16.52491700
16.80395800
16.70458300
16.58175000
16.66025000
16.67533400
16.55620800
16.99266700
16.66325000
16.59395800
16.76137500
16.70970800
16.53129200
16.72766700
16.71687500
16.81604100
16.60012500
16.68370900
16.79325000
16.53025000
16.62637500
16.61612500
16.77904100
16.92079200
16.65875000
16.95870800
16.70229200
17.79162500
15.53037500
16.69887500
16.52050000
16.41208300
16.73691700
16.66416700
16.73837500
16.76850000
16.52041600
16.82779200
16.59266700
16.67620800
16.75200000
16.67170800
16.75887500
16.49737500
16.86333400
16.56237500
16.75370800
16.66420800
16.56416700
16.76400000
16.56166700
16.61458300
16.73708300
16.77725000
16.84887500
16.47587500
16.69408400
16.93308300
16.45829200
16.81537500
16.47462500
16.80654100
16.68941700
16.71866700
16.79641600
16.66833400
16.65662500
16.53550000
16.73950000
16.66800000
16.80712500
16.46516600
16.85104200
16.37645800
16.85950000
16.71433400
16.71304100
16.53650000
16.72725000
16.64845900
16.63995800
16.77995800
17.06525000
16.32929200
16.84666700
16.51866600
16.69054200
16.89904200
16.50112500
16.68758300
16.69037500
16.65641700
16.94895800
16.39029200
16.81545800
16.61825000
16.73929200
16.76766600
16.60050000
16.53708400
16.83858300
16.70179200
16.69408300
16.43441700
16.84704100
16.64237500
16.49379200
16.88625000
16.70050000
16.55850000
16.64683300
16.77216700
16.62237500
16.59912500
16.98629200
16.46804100
16.80629200
16.74950000
16.51687500
16.24516700
17.14554100
16.74637500
16.72433400
16.61212500
16.71400000
16.47245800
16.92879200
16.35612500
17.04229100
16.55529200
16.77679200
16.63462500
16.64587500
16.40858300
16.88041700
16.79037500
16.63295800
16.53366700
16.93266600
16.47116700
16.74329200
16.73816600
16.92612500
16.43579200
16.59958300
16.85604200
16.72262500
16.69858300
16.45558400
16.84787500
16.62800000
16.64229100
16.82533400
16.62629100
16.67179200
16.59958300
16.80087500
16.56408400
16.71070800
16.63337500
16.87858300
16.59250000
16.70245900
16.54295800
16.77745800
16.47354200
16.93662500
16.57191700
16.77612500
16.59562500
16.51558300
16.87304200
16.77604100
16.51183400
16.67516600
16.67995900
16.70445800
16.57212500
16.75116700
16.82533300
16.57566700
16.66416600
16.77895900
16.52075000
16.69687500
16.77475000
17.08445800
16.51412500
16.76675000
16.54554200
16.63766600
16.42620900
16.88425000
16.56662500
16.80604100
16.63062500
16.67491700
16.65229200
16.74925000
16.70275000
16.54679100
16.64641700
17.46450000
15.98558300
16.73658400
16.56512500
16.84554100
16.70070900
16.58229100
16.60650000
16.58687500
16.86341700
16.83691700
16.77716600
16.58983400
16.62733300
16.62379200
16.73625000
16.54662500
16.75650000
16.66075000
16.65500000
16.78750000
16.59537500
16.59212500
16.76979100
16.73929200
16.54350000
16.73454200
16.71683300
16.61025000
16.88195800
16.54008400
16.59445800
16.81787500
16.67945800
16.58645900
16.75112500
16.73145800
16.58716700
16.69487500
16.72929100
16.58670900
16.79900000
16.65158300
16.45912500
17.25379200
16.60258300
16.62545800
16.65029200
16.47754200
16.77112500
16.65933300
16.58470800
16.83229200
16.61366700
16.72083300
16.66508300
16.67812500
16.70212500
16.57700000
16.75883400
16.83541600
16.46737500
16.87191700
16.59695800
16.72329200
16.77700000
16.46545800
16.77729200
16.67225000
16.92920800
16.44470900
16.60916600
16.53308400
16.85470800
16.61554200
16.66541600
16.83345900
16.58237500
16.78637500
16.66808300
16.65491700
16.59383300
16.66070800
16.50304200
16.90108300
16.74441700
16.64312500
16.77737500
16.63425000
16.67908300
16.60379200
16.73087500
16.87062500
16.60391700
16.64829100
16.83495900
16.49104100
16.61379200
16.76191700
16.54179100
16.75479200
16.70220800
16.77700000
16.52791700
16.80912500
16.66400000
16.67508300
16.69066700
16.54100000
16.84720800
16.63933400
16.73420800
16.64604200
16.88825000
16.53604100
16.58804200
16.63950000
16.77029200
16.87708300
16.49075000
16.85383300
16.47437500
16.98558400
16.31600000
16.86083300
16.67925000
16.70445800
16.83395900
16.40787500
16.95654100
16.51512500
16.68108400
16.57133300
16.73020800
16.50158400
16.82337500
16.78712500
16.59066600
16.78329200
16.68650000
16.53470800
16.75641700
16.72141700
16.56604100
16.81379200
16.70079200
16.51725000
16.78541600
16.67795900
16.72725000
16.81820800
16.47112500
16.55641700
16.74020800
16.79845800
16.82029200
16.48500000
16.78033300
16.59220900
16.63279100
16.76583400
16.67850000
16.59612500
16.74579100
16.76341700
16.51912500
16.73300000
16.65204200
16.68575000
16.56600000
16.81662500
16.72620800
16.64825000
16.78012500
16.62541700
16.66604100
16.82095900
16.51883300
16.68862500
16.72804200
16.77479100
16.64329200
16.69745800
16.86891700
16.50112500
16.81979200
16.78462500
16.42704100
16.59075000
16.88308400
16.49329100
16.79895900
16.77145800
16.62700000
16.66975000
16.69808300
16.56341700
16.52216700
17.06962500
16.47037500
16.60750000
16.90829100
16.43529200
16.68300000
16.95454200
16.63495800
16.52695800
16.74379200
16.73437500
16.67179200
16.93825000
16.59808300
16.45770800
16.78308400
16.75691600
16.41412500
16.76758400
16.72270800
18.90025000
14.74691700
17.05175000
16.48879100
16.51250000
16.86758400
16.49429100
16.81820900
16.84875000
17.02320800
16.27429200
16.29850000
17.31945800
17.34629200
16.41375000
15.90470800
16.91812500
16.52137500
16.36000000
17.34612500
16.14812500
16.79208300
16.77229200
16.32900000
16.64141700
16.59429100
17.15637500
16.43245900
16.50037500
16.72841600
16.63800000
16.84008400
16.57700000
16.63854100
16.60995900
16.80558300
16.63883300
16.56250000
16.78137500
16.67475000
16.64237500
16.82000000
16.65562500
16.59562500
16.66429200
16.72845800
16.66050000
16.89775000
16.94537500
16.49125000
16.61670900
16.80045800
16.50858300
16.76454200
16.67937500
16.65895800
16.75904200
16.40062500
16.89862500
16.71741700
16.48387500
16.76958300
16.59458300
16.96795900
16.49300000
16.57995800
16.61283300
16.75170900
16.73229100
16.63420900
16.54195800
16.91725000
16.52675000
16.76270800
16.71308400
16.56891600
16.76641700
16.61070800
16.67733400
16.74091600
16.69437500
16.56433400
17.02125000
16.36550000
16.61570800
17.02908300
16.46958400
17.25887500
16.19033300
16.73745800
16.63687500
16.82212500
16.57925000
16.47600000
16.80879200
16.66666700
16.75741600
16.65191700
16.68087500
16.59433300
16.69208400
17.01783300
16.39829200
16.63033300
16.79241700
16.40887500
16.90033300
16.61866700
16.83158300
16.56575000
16.62229200
16.75341600
16.71804200
16.47225000
16.86258300
16.72775000
16.39879200
17.00495800
16.61837500
16.51400000
16.88245900
16.67708300
16.46966700
16.87375000
16.70737500
16.72012500
16.59612500
16.77737500
16.95779100
16.43708400
16.56595800
16.68566700
16.80891600
16.59187500
16.49637500
16.94675000
16.43258400
16.72525000
16.84658300
16.68195800
16.52758400
16.87279100
16.84895900
16.49137500
16.78783300
16.57825000
17.00725000
16.71458300
16.51629200
16.62275000
16.67295800
16.77387500
16.43404200
16.71200000
16.67016700
16.63625000
16.66575000
16.65416600
16.77725000
16.63725000
16.81125000
16.61570900
16.72683300
16.51016700
16.75800000
16.70200000
16.67537500
16.66595800
16.65370800
16.71625000
16.68975000
16.61441700
16.69150000
16.78483300
16.66087500
16.75837500
16.71570900
16.64025000
16.45945800
16.92225000
16.59066700
16.72112500
16.63270800
16.81158300
16.53954200
16.63662500
16.77550000
16.56291700
16.83295800
16.57783300
16.75570900
16.50900000
16.89250000
16.61075000
16.76616600
16.79137500
16.56829200
16.71550000
16.55704200
16.85437500
16.57887500
16.75250000
16.90350000
16.55295800
16.61962500
16.77391700
16.97070800
16.36658300
16.54708400
16.77870800
16.57550000
16.93400000
16.32912500
16.72141700
16.77475000
16.65283300
16.71300000
16.55895800
16.87045900
16.60625000
16.80062500
16.60141600
16.61150000
16.72295900
16.63495800
16.55554200
16.94741600
16.62545900
16.60162500
16.62229100
16.77262500
16.70500000
16.63420900
16.74020800
16.65420800
16.59875000
16.71625000
16.67833400
16.73375000
16.76350000
16.41500000
16.90716600
16.69066700
16.62962500
16.78229200
16.57854100
16.67000000
16.70200000
16.75883400
16.51537500
16.92991600
16.58962500
16.48945900
16.72133300
16.87916700
16.78558300
16.57108300
16.52887500
16.73445900
16.66175000
16.79854100
16.54445900
16.94741600
16.66337500
16.78537500
16.50375000
17.18158400
16.30341600
16.55545900
16.53579100
16.76291700
16.94687500
16.45970800
16.70920900
16.62662500
16.58800000
16.72629100
16.84658400
16.55545800
16.68037500
16.82800000
16.56120800
16.60679200
16.72662500
16.62445800
16.75758400
16.58466600
16.66441700
16.67266700
16.80295800
16.75062500
16.63091700
16.69045800
16.60395800
16.67237500
16.70929200
16.54979200
17.07516600
16.60650000
16.75529200
16.43808300
16.83145900
16.75020800
16.51675000
16.80154200
16.38041600
17.15083400
16.46304100
16.55666700
16.72995800
16.77695900
16.68825000
16.59729100
16.80633400
16.85800000
16.28575000
16.72658300
16.76758300
16.58016700
16.66975000
16.74258300
16.80595900
16.70562500
16.74908300
16.64229200
16.68458300
16.84637500
16.47529200
16.52562500
16.72729100
16.52591700
17.07000000
16.60658300
16.52991700
16.78662500
16.65841700
16.81112500
16.34008300
16.89500000
16.83258300
16.61020900
16.62645800
16.61862500
16.68950000
16.71158300
16.70383400
16.59529100
16.50529200
16.79908300
16.77675000
16.65266700
16.74012500
16.82258300
16.59641700
16.75137500
16.60237500
16.69208300
16.70516700
16.45058300
16.66870900
16.78533300
16.62641700
16.61462500
16.91095800
16.44079200
16.85708300
16.81945800
16.68016700
16.48845800
16.74183400
16.68900000
16.62887500
16.64483300
16.85612500
17.04033300
16.33000000
16.73866700
16.54608300
16.42741700
16.90437500
16.65125000
16.80229200
16.83283300
16.69666700
16.48679100
16.55362500
16.96079200
16.55408300
16.51120900
16.82720800
16.69637500
16.77404200
16.64141600
16.71975000
16.76004200
16.68270800
16.40087500
16.82987500
16.68154200
16.64658300
16.82166700
16.41775000
16.60150000
16.84504200
16.61850000
16.63145800
16.98070800
16.35645900
16.67058300
16.89691700
16.67000000
16.42391600
16.98825000
16.70929200
16.59008300
16.62029200
16.75033300
16.60833400
16.78620800
16.60675000
16.64075000
16.56529200
16.81283300
16.84591700
16.64425000
16.40891600
16.84662500
16.63845900
16.82741600
16.64725000
16.64066700
16.64270800
16.88241700
16.63758300
16.97787500
18.63458400
14.43787500
16.70166600
16.61170900
16.64320800
16.60475000
16.96300000
16.80745800
16.16445900
16.78995800
16.93975000
16.93962500
16.69583300
16.68954200
16.38787500
16.67550000
16.89008300
16.19925000
16.68741700
16.83829200
16.76837500
16.56212500
16.71316600
16.51725000
16.88783400
16.82304100
16.32287500
16.95995900
16.63991600
16.66595900
16.46416600
16.88316700
16.76970800
16.45308400
16.71716600
16.81745900
16.62254100
16.69241700
17.41712500
16.21450000
16.36216700
16.68012500
16.81533300
16.66129200
16.73862500
16.82250000
16.64454100
16.60975000
16.73675000
16.48358400
16.84104100
16.69012500
16.59754200
16.72112500
16.57354200
16.70320800
16.84137500
16.63250000
16.57112500
17.02550000
16.58412500
16.29887500
16.90004200
16.61962500
16.67208300
16.71312500
16.71670800
16.88470900
16.60887500
16.61112500
16.53754100
17.11208400
16.54404100
16.43987500
16.71625000
16.64850000
16.85204200
16.49641700
17.04108300
16.53475000
16.82541700
16.58137500
16.44208300
16.69475000
16.70866700
16.80250000
16.57250000
16.71687500
16.43420800
16.92875000
16.56004200
16.73016600
16.72587500
16.73125000
16.61404200
16.81470800
16.60433400
16.66145800
16.81429200
16.52966600
16.51745900
16.88950000
16.61970800
16.72462500
16.75616700
16.57158300
16.70700000
16.70766700
16.69175000
16.64450000
16.49854100
16.86875000
16.69283400
16.68791600
16.68150000
16.72450000
16.64662500
16.59762500
16.83162500
16.96316700
16.40616700
16.63716600
16.74295900
16.59329100
16.56266700
16.83766700
16.62933300
16.79362500
16.65029200
16.59404100
16.75300000
16.98258400
16.43270800
16.82662500
16.57404200
16.59270800
16.86666700
16.59916600
16.72883400
16.47962500
16.76141600
16.63066700
16.63945800
16.76370900
16.72425000
16.79945800
16.59345800
16.64491700
16.63879200
16.72250000
16.48462500
16.87858300
16.68170800
16.76950000
16.56629200
16.72695800
16.65737500
16.67995900
16.72937500
16.67704100
16.62604200
16.60579200
16.87441600
16.69483400
16.61733300
16.74404200
16.56725000
16.64279100
16.69745900
16.80554100
16.43900000
16.87929200
16.74375000
16.56679200
16.72087500
16.49762500
16.81583300
16.51637500
16.89404200
16.74062500
16.63495800
16.66983300
16.61337500
16.94104200
16.47525000
16.73479200
17.00954100
16.38920900
16.59541600
16.64862500
16.83875000
17.27316700
16.46687500
16.40420800
16.84916700
16.57125000
16.80345800
16.58987500
16.29687500
16.89900000
16.58958400
16.70091600
16.56845900
16.78520800
16.61204200
16.73950000
16.86554100
16.50033400
16.77575000
16.69391600
16.70383400
16.57754100
16.77883400
17.07387500
18.10058300
15.01375000
17.34925000
17.72466700
15.95520800
15.67491700
16.76641600
16.63216700
16.76204200
16.58216600
16.70445900
16.70712500
16.79245800
16.61266700
16.57845800
16.58225000
16.63975000
16.81225000
16.58645800
16.85433400
16.65529100
16.68983400
16.52937500
16.74466600
16.61033400
16.83233300
16.43975000
16.74679200
16.72058300
16.64104200
16.71416600
16.74387500
16.60983400
16.68816600
16.45541700
16.93412500
16.84604200
16.45304100
16.64666700
16.67058300
16.87579200
16.38762500
16.81537500
16.70787500
16.53170800
16.95908400
16.39362500
16.60662500
16.93000000
16.64358300
16.13675000
17.31600000
16.64712500
16.55395800
16.75020900
16.66779100
16.56587500
16.81225000
16.84079200
16.39662500
16.78516700
16.86500000
16.47212500
16.77145800
16.78250000
16.43795800
16.81225000
16.74533400
16.39270800
16.84362500
16.71620800
16.63925000
16.60537500
16.90766700
16.36658300
16.84091700
17.04275000
16.43350000
17.04258300
16.38458400
16.59483300
16.60204200
16.78529100
16.66020900
16.64095800
16.88545800
16.51875000
16.64225000
16.66354200
16.77575000
16.72520800
16.86829200
16.80658300
16.43729200
16.55666700
16.68075000
16.76479100
16.83612500
16.49437500
16.62475000
16.55787500
16.77091700
16.81920800
16.54941700
16.76225000
17.06170800
16.71604200
16.70733300
16.65470900
16.18554100
17.06545900
16.61608300
16.50887500
16.73345800
16.42791700
16.79033300
16.78770900
16.54466600
16.61620900
16.78795800
16.66020800
16.63066700
16.65725000
16.78104200
16.82150000
16.45216600
16.74520900
16.74287500
16.60570800
16.74604200
16.41883300
16.86554200
16.71900000
16.69758300
16.69016700
16.55791600
16.82783400
16.63920800
16.76687500
16.64583300
16.56720900
16.72875000
16.71537500
16.67700000
16.59750000
16.93079100
16.52670900
16.64370800
16.73087500
16.68975000
16.56091700
16.81087500
16.97383300
16.55145800
16.56004200
16.71483300
16.57670900
16.85162500
16.64054100
16.56133400
16.69075000
16.72750000
16.76441600
16.64337500
16.53383400
16.71341600
16.80512500
16.67025000
16.52325000
16.61166700
16.86804200
16.66800000
16.77900000
16.59641600
16.63583400
16.63379100
16.74295900
16.61908300
16.79700000
16.49862500
16.74750000
16.71908300
16.72362500
16.57833400
16.67625000
16.82795800
16.62866700
16.70208300
16.71437500
16.68504200
16.74366600
16.47308400
16.90212500
16.57554100
16.60225000
16.77245900
16.70066600
16.57650000
16.67725000
16.77591700
16.60229200
16.69150000
16.74962500
16.64929100
16.75770900
16.72433300
16.71045800
16.45908400
16.77604100
16.67941700
16.68670800
16.72229200
16.82558300
16.53991700
16.85429200
16.50391600
16.71170900
16.88325000
16.58662500
16.62408300
16.62575000
16.76037500
16.62595800
16.78395900
16.61791600
16.68491700
16.64054200
17.21429100
16.29645900
16.72854100
16.57200000
16.68870900
16.59645800
16.59095800
16.75529200
16.68458300
16.69325000
16.68933400
16.76287500
16.71583300
16.69070800
16.72650000
16.58741700
16.78550000
16.63012500
16.66012500
16.58654200
16.84887500
16.61658300
16.72954200
16.57020800
16.70279200
16.81104100
16.54366700
16.88462500
16.34112500
16.64675000
16.73000000
16.73879200
16.75025000
16.75662500
16.62829100
16.66254200
16.59737500
16.77633300
16.78708400
16.65654100
16.49016700
16.72466700
16.71741600
16.67979200
16.68425000
16.82341700
16.60825000
16.68166600
16.50687500
16.87666700
16.77237500
16.65875000
16.62858300
16.72266700
16.72600000
16.59291700
16.51670800
16.85433300
16.68204200
16.47400000
16.84312500
16.72879200
16.43983300
16.95745800
16.50200000
16.82262500
16.63650000
16.68175000
16.56962500
16.73233400
16.78975000
16.65070800
16.65137500
16.68350000
16.64791700
16.75950000
16.62583300
16.75875000
16.69495800
16.42254200
16.91337500
16.67004200
16.68158300
16.70854200
17.23933300
16.08954200
16.65212500
16.64912500
16.64237500
16.76145800
16.68762500
16.67912500
16.71070800
16.65125000
16.67550000
16.70745900
16.72245800
16.54100000
16.86858300
16.65729200
16.58729200
16.71237500
17.22083300
16.55137500
16.60420800
16.82404200
16.24537500
16.98695800
16.28650000
16.89366700
17.10112500
16.34508300
16.70025000
16.51041700
16.79591700
16.54287500
16.70141600
16.74529200
16.72295800
16.55995900
16.76604100
16.63266700
16.68816700
16.73408300
16.70170800
16.66091700
16.61612500
16.65887500
16.68166700
16.60370800
16.74666700
16.69779100
16.64283400
16.75533300
16.66904200
16.81879100
17.08854200
16.63895800
16.59408400
16.61137500
16.53087500
16.56762500
16.96787500
16.42850000
16.71145800
16.72462500
16.63662500
16.59691700
16.64620800
16.74816700
16.71158300
16.70995800
16.72708400
16.52004100
16.89616700
16.51504200
16.69925000
16.56533300
16.85404200
16.58366600
16.67520900
16.80529100
16.57545900
16.82062500
16.44045800
16.93616700
16.59820800
16.67216700
16.50458300
16.90387500
16.98433300
16.35087500
16.80170900
16.55391600
16.80216700
16.44387500
16.81825000
16.67704200
16.62716600
16.76791700
16.67837500
16.62183300
16.63683400
16.83595800
16.57341700
16.62187500
16.77237500
16.63183300
16.52004200
16.85587500
16.70725000
16.57179100
16.77562500
16.69945900
16.46679100
16.85612500
16.55391700
16.76737500
16.71695800
16.71570900
16.71741600
16.56541700
16.77645800
16.50850000
16.85850000
16.68937500
16.67225000
16.69512500
16.71587500
16.54895900
16.61391600
16.86429200
16.57762500
16.69495800
16.74008400
16.46233300
16.90358300
16.69991700
16.65020800
16.64291700
16.84308300
16.52962500
16.81283400
16.74329100
16.58745900
16.85600000
16.63895800
16.71316700
16.49804100
17.04162500
16.52970900
16.64454100
16.88820900
16.37941600
16.85154200
16.51962500
16.64933300
16.85291700
16.41762500
16.70875000
16.79354200
16.70091600
16.60333400
16.77362500
16.71179100
16.66283400
16.62783300
16.73929200
16.59395800
16.63841700
16.59687500
16.82720800
16.71470800
16.62025000
16.80375000
16.50362500
16.83150000
16.68270900
16.59233300
16.65195800
16.67645900
16.69333300
16.65387500
16.68133300
16.83795900
16.54025000
16.64870800
16.57012500
16.67583300
16.85500000
16.77266700
16.46204200
16.95158300
16.65075000
16.51570800
16.85516700
16.61425000
16.79395800
16.60550000
16.62233400
16.55691600
16.88900000
16.65825000
16.71933400
16.65804100
16.88912500
16.55312500
16.48687500
16.79108400
17.32675000
16.20629100
16.55512500
16.80333400
16.52295800
16.79112500
16.57304200
16.75962500
16.41425000
16.77845800
16.84629200
16.65054100
16.63558400
16.81658300
16.37387500
16.74987500
16.78687500
16.63633300
16.87133400
16.35066600
16.79879200
16.75812500
16.72687500
16.59950000
16.73891700
16.86166600
16.47058400
16.65441600
16.73825000
16.57100000
16.78112500
16.90620900
16.51375000
16.77454100
16.64529200
16.58741700
16.69758300
16.62358300
16.70095900
16.71433300
16.73237500
16.73479200
16.58158300
16.77633300
16.67850000
16.65295900
16.62450000
16.66875000
16.66808300
16.92575000
16.53691700
16.59270800
16.53308300
16.86350000
16.67150000
16.74108400
16.79279100
16.79229200
16.66295800
16.56504200
16.90062500
16.33487500
16.64995800
16.67491700
16.49670800
17.00033400
16.83325000
16.75533300
16.84566700
16.39062500
16.28995800
17.00975000
16.47783300
16.84150000
16.80979200
16.54141700
16.70150000
16.72912500
16.50479100
16.55029200
16.97975000
16.55366700
16.71466600
16.78325000
16.43075000
16.77708400
16.81504100
16.64116700
16.48129200
16.79758300
16.72591700
16.71929100
16.71995900
16.69837500
16.74058300
16.61187500
16.55216700
16.81862500
16.69662500
16.40145800
17.06762500
16.31725000
16.84708300
16.73566700
16.53375000
16.59920800
16.83729200
16.83254200
16.46779100
16.82750000
16.68287500
16.47445900
16.89304100
16.57566700
16.56570800
16.98545900
16.76633300
16.57120800
16.64370900
16.81241600
16.91391700
16.45904200
16.48554100
16.66083400
16.76254100
16.77162500
16.55841700
16.62141700
16.69216600
16.55779200
16.97466700
16.59204100
16.43004200
16.87141700
16.69175000
16.72787500
16.67016600
16.49475000
16.85466700
16.69329200
16.81616600
16.67783400
16.53958300
16.64841700
16.64550000
16.78083300
16.80254200
16.47116600
16.82383400
16.75741600
16.52695900
16.69216600
16.69229200
16.83770800
16.63875000
16.68091700
16.66570800
16.65879200
16.61008300
16.82916700
16.55641700
16.66341600
16.71475000
16.77000000
16.62687500
16.72333400
16.47487500
16.80000000
16.76525000
16.83716600
16.48104200
16.78716700
16.63104100
16.62608400
17.96775000
15.66904100
16.77345900
16.26487500
16.72987500
17.19754100
16.23537500
16.71100000
16.68916700
16.88025000
16.65337500
16.42558300
16.85941700
16.70979200
16.31150000
16.88975000
16.77933300
16.47025000
16.78441700
16.77741600
16.51991700
16.79816700
16.75037500
16.66420800
16.53375000
16.75108300
16.95500000
16.45304200
16.95912500
16.61391700
16.50845800
16.51229200
16.96433300
16.57591700
16.58441600
16.56700000
16.91825000
16.51829200
16.65954200
16.61887500
16.80100000
16.65133300
16.64895800
16.67866700
16.87758300
16.40900000
16.70470900
16.67745800
16.79266700
16.41791600
16.78233400
16.94712500
16.60245800
16.65016700
17.03733300
16.36279200
16.77454100
16.51929200
16.64079200
16.82983300
16.65987500
16.59170800
17.13212500
16.22937500
16.82004200
16.72220800
16.78925000
16.45670900
16.60820800
16.82008300
16.79733400
16.74766600
16.63112500
16.56395900
16.71295800
16.81045800
16.55166700
17.15787500
16.33070800
16.61975000
16.70933400
16.70575000
16.65175000
16.74462500
16.61533300
16.47804200
17.05562500
16.45079100
16.60287500
16.75233400
16.65500000
16.67354100
16.64700000
16.69158400
16.84375000
16.55200000
16.65366600
16.69404200
16.73475000
16.62216700
16.79320800
16.64345800
16.63454200
16.75091700
16.57358300
16.65679200
16.79795800
16.60216700
16.60045800
17.14170800
16.62104200
16.67204200
16.63437500
16.42879100
16.81404200
16.64116700
16.51687500
16.69075000
16.82333300
16.64533300
16.80300000
16.65812500
16.95266700
16.38195800
16.80654200
16.49491700
16.85829100
16.54783400
16.75504100
16.54087500
16.75200000
16.80012500
16.67045900
16.71179100
16.67337500
16.60866700
16.70754200
16.68166600
16.52020900
16.79004100
16.65083400
16.83383300
16.53041700
16.65804100
16.79866700
16.76958300
16.48012500
16.55704200
16.96908300
16.55820900
16.64875000
17.03645800
16.66329200
16.73375000
16.62125000
16.30041600
16.58412500
16.89829200
16.66045800
16.75495900
16.65912500
16.39937500
16.90212500
16.78912500
16.58216600
16.63220900
16.80691600
16.58837500
16.75804200
16.69116700
16.59154100
16.68441700
16.81158300
16.38629200
16.82425000
16.88454200
16.53754100
16.59770900
16.83350000
16.69920800
16.65025000
16.66033300
16.84741700
16.71975000
16.36604200
16.94616600
16.76195900
16.62162500
16.61962500
16.73025000
16.50341600
16.91341700
16.56695800
16.72195900
16.59033300
16.73625000
16.63329200
16.79029100
16.75095900
16.48837500
16.79420800
16.77750000
16.36783300
16.81229200
16.80020800
16.48541700
16.73008300
16.71708400
16.69462500
16.78641600
16.61220900
16.74383300
16.67191700
16.64520800
16.69729200
16.73829100
16.50758400
16.46341600
16.95616700
16.76125000
16.50800000
16.87441700
16.61583300
16.58445800
16.72187500
16.73375000
16.54291700
16.85812500
16.66429200
16.61266600
16.79370900
16.61287500
16.48975000
16.86633300
17.15404200
16.03466600
16.98029200
16.65037500
16.68016700
16.70525000
16.60687500
16.76941600
16.60958400
16.58829100
16.81766700
16.56020800
16.94804200
16.61795800
16.59737500
16.38091700
16.93683300
16.75395900
16.62625000
16.61566600
16.79104200
16.57941700
16.77766600
16.70995900
16.62683300
16.64987500
16.79270800
16.73045900
16.55004100
16.68470900
16.49316600
17.00987500
18.38529200
14.76637500
16.75304200
16.70387500
16.73045800
16.59741700
16.81116600
16.47662500
16.79666700
16.66000000
16.73020800
16.67154200
16.58325000
16.88662500
16.80229200
17.92900000
15.43754100
16.68825000
16.55750000
16.47645900
16.80579100
16.76120900
16.44933300
16.95412500
16.54558300
16.72954200
16.47062500
16.77337500
17.02716700
16.52908300
16.78204200
16.69412500
16.60354100
16.45983400
16.73762500
16.95679100
16.62620900
16.61516600
16.55112500
16.73425000
17.01587500
16.47662500
16.51512500
17.00858400
16.37550000
16.91729100
16.73166700
16.50350000
16.55616700
16.87441600
16.52141700
16.78008300
16.61975000
16.71279200
16.69929200
16.64129100
16.48204200
16.73725000
16.70104200
16.62683300
16.54950000
16.95283300
16.50645900
16.76075000
17.04729100
16.68804200
16.55616700
16.75458300
16.35287500
16.64683300
16.71612500
16.79637500
16.63529200
16.73958300
16.62220900
16.65408300
16.92675000
16.62129200
16.70241600
16.56608400
16.64575000
16.72179100
16.50245900
16.83858300
16.75345800
16.58008400
16.65450000
16.69337500
16.78412500
16.47833300
16.81216700
16.74025000
16.45404100
16.88866700
16.22729200
17.21733300
16.60479200
16.77129100
16.49704200
16.80379200
16.71491600
16.39708400
16.91387500
16.65729100
16.58650000
16.86891700
16.57550000
16.54858300
16.83533400
16.57475000
16.69391600
16.70904200
16.59550000
16.72266700
16.72929100
16.77229200
16.54000000
16.77300000
16.69650000
16.43470800
16.93554200
16.66841700
16.60762500
17.65800000
15.93808300
16.79416700
16.60720800
16.68166700
16.94366600
16.51066700
16.66904200
16.84145800
16.67862500
16.49287500
16.64354200
16.59716600
16.71625000
16.70837500
16.55775000
16.72837500
16.79012500
16.70637500
16.60745900
16.56762500
16.92654100
16.26116700
16.88108300
16.52162500
16.81525000
16.65454200
16.60870800
16.74283400
16.96595800
16.46525000
16.63637500
17.08791700
16.39295800
16.58329200
16.72879100
16.68625000
16.89616700
16.35354200
16.80920800
16.55075000
16.73695800
16.77283400
16.59695800
16.75375000
16.77029200
16.50295800
16.95341700
16.59283300
16.49304200
16.90437500
16.65233300
16.50525000
16.85012500
16.55520800
16.37775000
16.91850000
16.72112500
16.63804200
16.72120800
16.65150000
16.99479200
16.41604200
16.67891600
16.76537500
16.62258400
16.68433300
16.53808300
16.79025000
16.72679200
16.69929200
16.75929100
16.64450000
16.67462500
16.75050000
16.63070900
16.56087500
17.07687500
16.20683300
16.80070800
16.76387500
16.65216700
16.78391700
16.60191600
16.40912500
17.25154200
16.20020800
16.72141700
16.80870800
16.69108400
16.65687500
16.71358300
17.03904200
16.36845800
16.69204200
16.56995800
16.64220800
16.90295900
16.55491600
16.50325000
16.79408400
17.28945800
16.11866700
16.72591600
16.66633400
16.54854100
16.77616700
16.67154200
16.62520800
16.85775000
16.52112500
16.81570800
16.57633400
16.74183300
16.75704200
16.62491600
16.60745900
16.77591600
16.60120900
16.71862500
16.74829100
16.57795900
16.70437500
16.68833300
16.72541700
17.04504100
16.23645900
17.19279100
16.41500000
16.59062500
16.75783400
16.50458300
16.66158300
16.78412500
16.54941700
16.63283300
16.86004200
16.72733300
16.62991700
16.63962500
16.55666700
16.85041600
16.73383400
16.65141600
16.65862500
16.79562500
16.56304200
16.67025000
16.68941700
16.81137500
16.56866600
16.76633400
17.13879100
16.24700000
16.82408400
16.40862500
16.77750000
16.99166600
16.45250000
16.65641700
17.12266700
16.45145800
16.90716700
16.51795800
16.34700000
16.58233300
16.85666700
16.58329200
16.74825000
16.52283300
16.73537500
16.81541700
16.75254100
16.57591700
16.47858300
16.62900000
16.90633400
16.55237500
16.83195800
16.61425000
16.63070800
16.74795900
16.68462500
16.62220800
16.70550000
17.24483300
16.18725000
16.91112500
16.62083400
16.47866600
16.82895900
16.60025000
16.64333300
16.63900000
16.75520800
16.66229200
16.68825000
16.80666700
16.67937500
16.56808300
16.68458300
16.62833400
16.72037500
16.68229100
16.57966700
16.93808300
16.56970900
16.69120800
16.64579200
16.80337500
16.77316600
16.55166700
17.01029200
16.42570800
16.61537500
16.86612500
16.76208300
16.50220900
16.60870800
16.54337500
16.80600000
17.02808300
16.60162500
16.34800000
16.77729200
16.60854200
16.72141600
16.54520900
16.68004100
16.77470900
16.99258300
16.31975000
16.77425000
16.64191700
16.68695800
16.67879200
16.63845800
16.56483300
17.09629200
16.55320800
16.75475000
16.38500000
16.85187500
16.42125000
16.83462500
16.60945900
16.68820800
16.71808300
16.79095900
16.66641600
16.77558400
16.57295800
16.70066700
16.76587500
16.79300000
16.33945800
16.97691700
16.78500000
16.41016600
16.82629200
16.67600000
16.51508300
16.74408400
16.63554100
16.88970900
16.59495800
16.62770800
16.61362500
16.71475000
16.75695900
16.53858300
16.75404200
17.16633300
16.34175000
16.58029200
16.71279100
16.72475000
16.86750000
16.46591700
16.53687500
16.95483300
16.52966700
16.68900000
16.66183300
16.58166700
16.75262500
16.83745800
16.50254200
16.69495800
16.73366700
16.67154200
16.67158300
16.71025000
16.53295800
16.70804200
16.71370800
16.70470900
16.68895800
16.68879200
16.67625000
16.75629100
16.70870900
16.71779100
16.60995900
16.77520800
16.55200000
16.63775000
16.72970800
16.47875000
16.78429200
16.81354200
16.52441600
16.87745900
16.60745800
16.48716700
16.90079100
16.70237500
16.79879200
16.48883300
16.78516700
16.59716700
16.72408300
16.54400000
16.79575000
16.62683300
16.89879200
16.68441700
16.53641600
16.59362500
16.77508400
16.69741600
16.76545900
16.89216600
16.45291700
16.89870800
16.61254200
16.65220800
16.60862500
16.89229200
16.48329200
16.46020800
17.08125000
16.44491700
16.61850000
16.75804100
16.50679200
16.71083300
16.67937500
16.88787500
16.52441700
17.03629200
16.38750000
16.63845800
16.81308300
16.59291700
16.65083300
16.76566700
16.77516700
16.35387500
16.92587500
16.72375000
16.47950000
16.90575000
16.60320800
16.58254200
16.84166600
16.57950000
16.92087500
17.67758400
15.84100000
16.41291600
16.69925000
16.81370900
16.71370800
16.52420800
16.58375000
16.85895900
16.66016600
16.86666700
16.61012500
16.79791700
16.40337500
16.70912500
16.70366600
16.52958400
16.85108300
16.56329200
16.62591600
16.71816700
16.68441700
16.64454100
16.75958400
17.16833300
16.23612500
16.64225000
16.66537500
16.93929200
16.50750000
16.63766600
16.63366700
16.78641700
16.83691600
16.41470900
16.71479100
16.65075000
16.56545900
19.18900000
14.65708300
16.33612500
16.94212500
16.70654200
16.42950000
16.67200000
16.81745800
16.57650000
16.68254200
16.76120800
16.67904200
16.53483300
16.91529200
16.40095800
16.90408300
16.58841700
16.60129200
16.77483300
16.78204200
16.45929100
16.69908400
16.88450000
16.67775000
16.64466600
16.60508400
16.66729100
16.75750000
16.49062500
16.93225000
16.60316700
16.74429200
16.70462500
16.73800000
16.54291600
16.75150000
16.65320900
16.59458300
16.78183300
16.71854200
16.60995800
16.66637500
16.73145900
16.55391600
16.79354200
16.72441700
16.76066600
16.48441700
16.62733300
16.60445900
17.83395800
15.70608300
16.76233400
16.66079100
16.56491700
16.88416700
16.41804100
16.82712500
16.58716700
16.66200000
16.85570800
16.40037500
16.92166700
16.57258300
16.73650000
16.72058400
16.92004100
16.24104200
16.99816700
16.48666600
16.73433400
16.62570800
16.86458300
16.41504200
16.75525000
16.71083300
16.68137500
16.70804200
16.80716700
16.70700000
16.66625000
16.64316600
16.70508400
16.60958300
16.83208300
16.37895900
16.81600000
16.53554100
16.76545900
16.59529100
16.78250000
16.73037500
16.84416700
16.52837500
16.74687500
16.78354200
16.50783300
16.64208300
16.75254200
16.67954200
17.72754100
15.60891700
16.77162500
16.52258300
16.87020900
16.71666600
16.67225000
16.57491700
16.65970800
16.83983400
17.08654100
16.22970900
16.66200000
16.67637500
16.65904100
16.69366700
16.73304200
16.35062500
17.14108300
16.54720800
16.64779200
16.69045800
16.72191700
16.34620800
16.88383400
16.74225000
16.50333300
16.89745800
16.70687500
16.49341700
16.92650000
16.46358300
16.72637500
16.79762500
16.52270900
16.64679100
16.85429200
16.68158300
16.52466700
16.68366700
16.76516600
16.62958400
16.84487500
16.62504100
16.66316700
16.83429200
16.70050000
16.36958300
16.71683300
16.74437500
16.87787500
16.61504200
16.40066700
16.91016600
16.73262500
17.35029200
16.74470800
16.30166700
16.61637500
16.43650000
16.58908300
16.72725000
16.59850000
16.78191700
16.59183300
16.80741700
16.92691700
16.22066600
16.80220900
16.70791600
16.97566700
16.42375000
16.58962500
16.64475000
17.11266700
16.54658300
16.44887500
16.66979200
16.90579100
16.90262500
16.66445900
16.66350000
17.35012500
17.36616600
15.41154200
16.62245800
16.63737500
16.72141700
16.76654200
16.49120800
16.70408300
16.91591700
16.63441700
16.79700000
16.59587500
16.36462500
16.83220800
16.67133300
16.73250000
16.82841700
16.55216700
16.92654100
16.52562500
16.81358400
16.44737500
16.49175000
16.61508300
16.78391700
16.57400000
16.46458300
16.77758300
16.68866700
16.68754200
16.71575000
16.56141600
16.85225000
16.76862500
16.43950000
16.93320900
16.81679100
16.56537500
16.69591700
17.00079200
16.18100000
16.74604100
16.76937500
16.79866700
16.68450000
16.50158300
16.58383400
17.04429100
16.51450000
16.45595900
16.78341600
16.73066700
16.84091700
16.50466600
16.47937500
16.92150000
16.54000000
16.89758400
16.43283300
16.86158300
16.64037500
16.79645900
16.53016600
16.59983400
16.92745800
16.60625000
16.42341700
16.89208300
16.64566700
16.60245800
16.77958300
16.65733400
16.50820800
16.91329200
16.74537500
16.52783300
16.81279200
16.62804100
16.48804200
16.82783300
16.66079200
16.74150000
16.52437500
16.91616700
16.43704100
16.83391700
16.78004200
16.59816600
16.83358400
16.67120800
16.63795800
16.62079200
16.68283300
16.46125000
16.91775000
17.05120900
16.19750000
16.77045800
16.73291700
16.53987500
16.82358300
16.64408300
16.66950000
16.86104200
16.61870800
16.45045900
16.79037500
16.92208300
16.42408300
16.56050000
16.83862500
16.68733400
16.70783300
16.60550000
16.67066700
16.82933300
16.56325000
16.77145800
16.65837500
16.68225000
16.70020900
16.79958300
16.47862500
16.77233300
16.95141700
16.71020800
16.76970900
16.79454100
16.10012500
16.71250000
16.87483400
16.55441600
16.90420900
16.45858300
16.55058300
16.71504200
16.76316700
16.60779100
16.77508400
16.61604100
16.56762500
16.96279200
16.90600000
16.24250000
16.85729200
16.68087500
16.45304100
16.80670900
16.93204100
16.47108400
16.54058300
16.94895800
16.43912500
16.83983400
16.71566600
16.72083400
16.61583300
16.62029200
16.59804100
16.71120900
16.78250000
16.70575000
16.73875000
16.69779100
16.65375000
16.70616700
16.67437500
16.91541700
16.37320800
16.70683300
16.73850000
16.70979200
16.59987500
16.60229200
16.70004100
16.63541700
16.64658300
16.94304200
16.57220800
16.74208400
16.48712500
16.89245800
16.62883300
16.64862500
16.58854200
16.87362500
16.41904200
16.82283300
16.67262500
16.74475000
16.78183300
16.57008400
16.76379100
16.67325000
16.75666700
16.62970800
16.54916700
16.71416700
16.78166600
16.57708400
16.73495800
16.73058300
16.56850000
16.64687500
16.58145900
16.83504100
16.72200000
16.58616700
16.69791700
16.80400000
16.63841600
16.75383400
16.73620800
16.66191700
16.62179100
16.82133400
16.60900000
16.62383300
16.66829200
16.77287500
16.58712500
16.56125000
16.73375000
16.87266600
16.62829200
16.53583300
16.79779200
17.17862500
16.32758300
16.63366700
16.76841700
16.43041600
16.94850000
16.46879200
16.80550000
16.57929200
16.81066600
16.40945900
16.75391600
16.70887500
16.68729200
16.77304200
16.65141600
16.56350000
16.73675000
16.65954200
16.59420800
16.83062500
16.83245900
16.44208300
16.87000000
16.70479200
16.57237500
16.70279100
16.77237500
16.46645900
16.74029100
16.90358400
16.68645800
16.64587500
16.69850000
16.43912500
16.89750000
16.54016700
16.61858300
16.67191700
16.62220800
16.74487500
16.80508300
16.62387500
16.70500000
16.65425000
16.54262500
16.84812500
16.77008400
16.73279100
16.72570900
16.31287500
16.85595800
16.71408300
16.67983400
16.61787500
17.02700000
16.38362500
16.77662500
16.51579100
16.91900000
16.63891700
16.68358300
16.63429200
16.63170800
16.76691700
16.76716700
16.43079100
16.89258400
16.50933300
16.52325000
17.00225000
16.73008300
16.49691700
16.94387500
16.36462500
16.78575000
16.64270800
16.91645900
16.45283300
16.79862500
16.57866700
16.67145800
16.68433300
16.86350000
16.46233400
16.76050000
16.68179100
16.46912500
16.83554200
16.60312500
16.81804200
16.69808300
16.73766700
16.48725000
16.75787500
16.79120800
16.69808300
16.61225000
16.64579200
16.66079200
16.73108300
16.66687500
16.67162500
16.53162500
16.81000000
16.73241700
16.69820800
16.42895800
16.95062500
16.62879200
16.50375000
16.82420800
16.84233400
16.46345800
16.85754200
16.72141600
16.41270900
16.97391600
16.67329200
16.48816700
16.88658300
16.59220800
16.61458400
16.70612500
16.71145800
16.75608300
16.62437500
16.67533400
16.42591600
16.88575000
16.72329200
16.43845800
16.92658400
16.68308300
16.66491700
16.76158300
16.54704200
16.69166600
16.69983400
16.70550000
16.59025000
16.71029100
16.76845900
16.64625000
16.60016600
16.73441700
16.59691700
16.75520800
16.72945800
16.64041700
16.66054200
16.73220800
16.53287500
16.80516700
16.67154100
16.13512500
17.25337500
16.62000000
16.71291700
16.74925000
16.60933300
16.66058400
16.77745800
16.55345800
16.76395900
16.66816600
16.64850000
16.74975000
16.77595900
16.50991600
16.68945900
16.60262500
16.74808300
16.76037500
16.71795800
16.79541700
16.60816700
16.69079100
16.55695900
16.76979100
16.82195900
16.51445800
16.70337500
16.68079200
16.57762500
16.85395800
16.63479200
16.61883300
16.70345800
16.61070900
16.69133300
16.76870800
16.68545900
16.54654100
16.85891700
16.72495800
16.62283400
16.69175000
16.47712500
16.82579100
16.86012500
16.58425000
16.61875000
16.71145900
16.67141600
16.63104200
16.82250000
16.52054200
16.79904100
16.66704200
16.48841700
16.76229100
16.80700000
16.60475000
16.85516700
16.67287500
16.51108300
16.96133400
16.45916600
16.64620900
16.79883300
16.73941700
16.48479100
16.74970900
16.72354100
16.58841700
17.02954200
16.48933300
16.70041700
16.64829100
16.67704200
16.53100000
16.81070800
16.66779200
16.63091700
17.12212500
16.39258300
16.62833300
16.58920900
16.97925000
16.69225000
16.54900000
16.70679100
16.45141700
16.86954200
16.91450000
16.32166600
16.80604200
16.62266700
16.70654100
16.81975000
16.79379200
16.55495800
16.84225000
16.75641700
16.24095800
16.77337500
16.56383400
16.83150000
16.51570800
16.76287500
16.61150000
16.74595800
16.59608400
16.79295800
16.70183300
16.55716700
16.83670800
16.69333400
16.52683300
16.77575000
16.65737500
16.67529200
16.74687500
16.72116600
16.52233400
16.71120800
16.78620800
16.48308400
16.79695800
16.70387500
16.64320800
16.91904200
16.51725000
16.59654200
16.75370800
16.70766700
16.54491600
16.89254200
16.59279200
16.71595800
16.84558300
16.50850000
16.61729200
16.79437500
17.17312500
16.07958300
16.72983400
16.68950000
16.76558300
16.69158300
16.97541700
16.53191700
16.58437500
16.54512500
16.80416600
16.53429200
16.93420800
16.56495900
16.61500000
16.80420800
16.69112500
16.46870800
16.80220900
16.83104100
16.46237500
16.66629200
16.84504200
16.45983300
16.87433300
16.77554200
16.65333300
16.51541700
16.67333300
16.65366700
16.77058300
16.72279200
16.53766700
16.95520800
16.58666700
16.70575000
16.76158300
16.59683300
16.49804200
16.80241700
16.68995800
16.62137500
16.84220800
16.69295900
16.61637500
16.55766600
16.85854200
16.49925000
16.72933300
16.78616700
16.59062500
16.70187500
16.71112500
16.85766700
16.47395800
16.63487500
16.63537500
16.90254200
16.92825000
16.39837500
16.85962500
16.53929100
17.05387500
16.38158400
16.76537500
16.67391600
16.45650000
16.72637500
16.45591700
16.92587500
17.05779200
16.18541600
16.71695900
16.86095800
16.44341700
16.77412500
16.54441600
16.76054200
16.79358300
16.73616700
16.42904200
16.75191600
16.83962500
16.75425000
16.60525000
16.69579200
16.38470800
17.30000000
16.43445900
16.55083300
16.76470800
16.65150000
16.56466700
16.70300000
16.84125000
16.68304200
16.67616600
16.67362500
16.48595900
16.74308300
16.66045800
16.74875000
16.66000000
16.57520900
16.75891600
16.70062500
16.77008400
16.56800000
16.80037500
16.63108300
16.64404200
16.73333300
16.75108300
18.14812500
15.25420900
17.34995800
16.45983300
16.36716700
16.63079200
16.84987500
16.55520800
16.62545800
16.80262500
16.40837500
16.59270900
17.09820800
16.53125000
16.54562500
16.80150000
16.67325000
16.44279200
16.72295800
16.60500000
16.69870800
16.87387500
16.53391700
16.61687500
16.78608300
16.75837500
16.60575000
16.73695900
16.60750000
16.67716600
16.53612500
16.89612500
16.59170900
16.72825000
16.64516600
16.64645900
16.78500000
16.57729100
16.58500000
16.91316700
16.69745800
16.49512500
16.77637500
16.59045900
16.70108300
16.73562500
16.88208300
16.52966700
16.67891700
16.60741600
16.68562500
16.79525000
16.49854200
16.87150000
16.80025000
16.67758300
16.61308400
16.67779100
16.72883400
16.71333300
16.74158300
16.51662500
16.64179200
16.73687500
16.59616700
16.86712500
16.57925000
16.88645800
16.53037500
16.72058300
16.39108400
17.09358300
17.08058300
16.16929200
16.70554200
16.65854100
16.69020900
16.70445800
16.70462500
17.50329200
15.86225000
16.58050000
16.64766600
16.71695900
16.64504100
16.67195900
16.75995800
16.99412500
16.59595800
16.72904200
16.50841700
16.52433300
16.67804200
16.74929100
16.56579200
16.74395800
16.71350000
16.54866700
16.71316700
16.66741600
16.72041700
16.81187500
16.64125000
16.40145800
16.96879200
16.58595800
16.83662500
16.56770900
16.66125000
16.69070800
16.62237500
16.76708300
16.68066700
16.59579200
16.81412500
16.60862500
16.74641600
16.70658400
16.68654100
16.65241700
16.69741700
16.68737500
16.70125000
16.64087500
16.69716600
16.57600000
16.72529200
17.00054200
16.40429100
16.71058400
16.58412500
17.21587500
18.38283300
15.85854200
18.12825000
14.28316600
16.92250000
17.50808400
15.51341600
17.52875000
16.27429200
16.25566700
16.62220800
16.44241700
16.80387500
16.63483300
16.73404200
16.49920800
17.21583300
16.66895900
16.35387500
16.68283300
16.63183300
16.85812500
16.77020900
16.80166600
16.39025000
17.36304200
16.17200000
16.71725000
17.00958300
16.21279200
16.44662500
17.25533300
18.47275000
14.46225000
16.75333400
16.57795800
16.65350000
17.41066700
16.24095800
17.29879200
16.13879100
16.52004200
16.77866700
16.50620800
16.55375000
16.64537500
17.06770800
16.82533400
16.23875000
16.67316600
16.78033400
21.37375000
14.44695800
14.93562500
17.79837500
20.38791700
12.58033300
16.90045800
16.28233400
17.00200000
15.64429100
16.11075000
16.67337500
16.87491700
16.91500000
16.62854200
16.18237500
16.70395800
16.57379200
17.00350000
17.11966600
16.47154200
17.09116700
16.02108300
16.73920800
17.01654200
16.34583300
16.32625000
16.84683400
16.83479100
16.68645900
16.63333300
16.48329200
16.88337500
16.48358300
16.88500000
16.98825000
16.25937500
17.09312500
17.22120800
16.06483400
16.40891600
70.86529200
21.72704200
6.83041600
28.27762500
8.80095900
7.77804100
8.02379200
7.89050000
8.28366700
8.21233300
7.97991700
15.50279100
17.73525000
16.10450000
16.61683400
16.49833300
16.48991700
16.53304100
16.64129200
17.01891700
16.60137500
17.05762500
16.42895800
16.44004200
16.54970800
16.72629200
17.13120800
17.89312500
15.88879200
16.69912500
16.12975000
17.49300000
15.80508300
16.78258300
16.54287500
16.61116700
16.72216700
16.72066600
16.55329200
16.67712500
16.70162500
16.83362500
16.72404200
16.54620800
16.62341700
16.75066600
16.76716700
16.83516700
16.60754100
16.74050000
16.62245900
16.80050000
16.81362500
16.72250000
16.61137500
16.74495800
16.39312500
16.88050000
16.62570800
16.99850000
16.50995900
16.40720800
16.99391700
16.15950000
16.69095800
16.77100000
16.73037500
16.50775000
16.78795800
16.71720900
16.56520800
16.75458300
16.72966700
16.57191700
16.71116600
16.76833400
16.77729100
16.50370900
16.68750000
16.65000000
16.67816600
16.72083400
16.51479100
16.88120900
16.61095800
16.68387500
16.67729200
17.09087500
16.17500000
16.77612500
17.07554100
16.36404200
16.65479200
16.96820800
16.92429200
16.42683300
16.79950000
16.58583300
16.29970900
17.02991600
16.48429200
16.68041700
16.73787500
16.59145800
16.97766700
16.57333300
16.59929200
16.66041600
16.66275000
16.70691700
16.63908300
16.59658400
16.76525000
16.53391600
16.53533400
16.79745800
16.72841700
16.68162500
16.74645800
16.76000000
16.40050000
16.90858300
16.64170900
16.87220800
16.51300000
16.83762500
16.36787500
16.89737500
16.60316700
16.59366600
16.87037500
16.70212500
16.50304200
16.83395800
16.70487500
16.57012500
16.89104200
16.53020800
16.58245900
16.95387500
16.52191600
16.55341700
16.75641700
16.86654100
16.46758400
16.80708300
17.26133300
16.40012500
16.23704200
16.88491700
16.54895800
16.73341700
16.83508300
16.78466700
16.50004100
16.73529200
16.78729200
16.44204100
16.68804200
16.77491700
16.72612500
16.50137500
16.97483300
16.50929200
16.54258300
16.99791700
16.36833300
16.80570800
16.62983400
16.50341600
16.81516700
16.79279200
16.67458300
16.57300000
16.80862500
16.42254200
16.81058300
16.57312500
16.91675000
16.29908300
16.90241700
16.78579200
16.51929100
16.88470900
16.68100000
16.50275000
16.87212500
16.50112500
16.50858300
17.01950000
16.69962500
16.51866700
16.77100000
16.77875000
16.37195800
17.36266700
16.40737500
16.46016600
16.75120900
16.60612500
16.72325000
16.59870800
16.82366700
16.54754100
16.90837500
16.43483400
17.35633300
16.05220800
16.53979200
16.85104200
16.73604100
16.71270900
16.79454100
16.82491700
16.49379200
16.60687500
17.06416600
16.30437500
16.73562500
16.76958400
16.42950000
16.91916600
16.43666700
16.71550000
16.73750000
16.71283300
17.00429200
16.84345800
16.80266700
16.43608300
16.59362500
16.54833400
16.84083300
16.37804200
16.64920800
16.78550000
16.57579200
16.76795800
16.37966700
17.06245800
16.63670800
16.56587500
17.04608400
16.57383300
16.70812500
16.58479200
16.61191600
16.68450000
16.78970900
16.53550000
16.65237500
16.73145800
16.79337500
16.77133300
16.49287500
16.68075000
16.99054200
16.47300000
16.69258300
16.83570900
16.61566600
16.64508400
16.59962500
16.72375000
16.46041600
16.82125000
17.27150000
16.43900000
16.37125000
16.79095900
16.56941600
16.70416700
16.56770800
16.95404200
16.53850000
16.99287500
16.52004200
16.74791600
16.72737500
16.52587500
16.45983400
16.79383300
16.48762500
16.82708300
16.53216700
16.86666700
16.61804100
16.71279200
16.50120800
16.94675000
16.65295900
16.40595800
16.79154200
16.85970800
16.76116700
16.56691600
16.70829200
16.62595800
16.69550000
16.76800000
16.54712500
16.51850000
16.94795900
16.66045800
16.56566700
16.63883300
16.94420800
16.55404200
16.72670800
16.75504200
16.60587500
16.63708300
16.67012500
16.72883400
16.66775000
16.77375000
16.67762500
16.60408300
16.68462500
16.66312500
16.76500000
16.63620800
16.72116700
16.63225000
16.71820800
16.71954200
16.62533300
16.77891700
16.64254200
16.62712500
16.64700000
16.66479100
16.57141700
16.96320800
16.60920900
16.75250000
16.56875000
16.68704100
16.56125000
16.88583400
16.71133300
16.46604200
16.85745800
16.79841700
16.46658300
16.85520800
16.47937500
16.64987500
16.80716700
16.87704200
16.28120800
16.92204200
16.66262500
16.74233300
16.57050000
16.71020800
16.46520900
16.76500000
16.85491600
16.67441700
16.63300000
16.68654200
16.64475000
16.84125000
16.59075000
16.81600000
16.30729100
17.00437500
16.69566700
16.62600000
16.53020800
16.83920900
16.63758300
16.77737500
16.60537500
17.08195800
16.11633400
16.92929100
16.55425000
16.62425000
16.65941700
16.89591700
16.35154100
16.87825000
16.70466700
16.40283300
17.06391700
16.72825000
16.36700000
16.79704200
16.82429100
16.43991700
16.83204200
16.89583300
16.46825000
16.85275000
16.60595800
16.49154200
16.81333300
16.68020900
16.56358300
16.89987500
16.56775000
16.54083300
16.98620900
16.59787500
16.45987500
16.90245800
16.61720800
16.63025000
16.69600000
16.89670900
16.55220800
16.71462500
16.63045800
16.69037500
16.50629200
16.70687500
16.82050000
16.64291700
16.50266600
16.81387500
16.73625000
16.86670900
16.61920800
16.60000000
16.67991700
16.66666600
16.65325000
16.65887500
16.76387500
16.62429200
16.56250000
16.82100000
16.64795800
16.68704200
16.75700000
16.55333300
16.69112500
16.82550000
16.66050000
16.46204200
16.89441700
16.67629100
16.71391700
16.54858300
16.91766700
16.59033300
16.70091700
16.67895800
16.61941700
16.67920800
16.68704200
17.02025000
16.44179200
16.74650000
16.60995800
16.66820800
16.64041700
16.63112500
16.72150000
16.69729200
16.63625000
16.79754100
16.68116700
16.71458300
16.61308400
16.65995800
16.65766700
16.57450000
16.80358300
16.82662500
16.41479200
16.73687500
16.86795800
16.66258300
16.49183400
16.94825000
16.64504100
16.73466700
16.93150000
16.30591700
16.65804100
16.65783400
16.67416600
16.54158400
16.74004100
16.76308400
16.60679100
16.78454200
16.63116700
16.67175000
16.68416600
16.68500000
16.55441700
16.90950000
16.63233300
16.60704200
16.67658300
16.75208400
16.53850000
16.98537500
16.51087500
16.59083300
16.76133300
16.70916700
16.93004200
16.57054100
16.65633400
16.68195800
16.64766700
16.72037500
16.75829100
17.04575000
16.61783400
16.59175000
16.28858300
16.82270800
16.63833400
16.59712500
16.80408300
16.61029200
16.71316600
16.23475000
17.18266700
16.53216700
16.72233300
16.63166700
16.93466600
16.40550000
16.77579200
16.61441700
16.63304100
16.76241700
16.67058300
16.61766700
16.85020800
16.56508400
16.61479100
16.94370900
16.45020800
16.72612500
16.68433300
16.67791700
16.83808300
16.69075000
16.64104200
16.44779200
16.83537500
17.23029100
16.00366700
16.79954200
16.76737500
16.59291600
16.87920900
16.60220800
16.48450000
16.75491700
16.71062500
16.58029100
16.81954200
16.78475000
16.56425000
16.74279200
16.55900000
17.00500000
16.64495800
16.45691700
16.76741600
16.64062500
16.60595900
16.68795800
16.75016700
17.43379100
15.75429200
16.94429200
16.59633300
16.63466700
16.63208300
16.67541700
16.73250000
16.82216600
16.41016700
16.78362500
16.83241700
18.05433300
15.44212500
17.17800000
16.07541700
16.87029100
16.85479200
16.55141700
16.70504100
16.82866700
16.67437500
16.34366700
16.62375000
16.67400000
16.75633300
17.05837500
16.18212500
16.79508300
16.73325000
16.35245900
17.22304100
16.69429200
16.38587500
16.75229200
16.64612500
16.44654100
16.75054200
16.65912500
16.84508300
16.65683400
16.52025000
16.96733300
16.37433300
16.74845900
16.73004100
16.64433400
16.66304100
16.76987500
16.68250000
16.79366700
16.68304200
16.54883300
16.83816700
16.56245800
16.69541700
16.74575000
16.69254100
16.57112500
16.83691700
16.54075000
16.72250000
16.72670800
16.62770900
16.57754100
16.73300000
16.69375000
16.68854200
16.56908300
16.76166700
16.68008300
16.68337500
16.52491700
16.79462500
16.51629200
16.85508300
16.59345800
16.92700000
16.58129200
16.72762500
16.57241700
16.80858300
16.66445800
16.47583400
16.82587500
16.61045800
16.69020800
16.73166700
16.74216700
16.54070800
16.88541700
16.51154100
16.66104200
16.77241700
16.80658300
16.54745800
16.67512500
16.71279200
16.61770800
16.69470900
16.69491600
16.69058400
17.05475000
16.39050000
16.65537500
16.71975000
16.67416600
16.75675000
16.60537500
16.64404200
16.61662500
16.76291700
16.53179100
17.01937500
16.55175000
16.52470900
16.65870800
16.82337500
16.59850000
17.02287500
16.68850000
16.38375000
16.82429200
16.58079100
17.02987500
16.77170900
16.77766600
16.15095900
16.81775000
16.61008300
16.59662500
16.89591700
16.54170800
16.58720800
16.78783400
16.57620800
16.70954200
16.65329100
16.83141700
16.45741700
16.84358300
16.72641700
16.54341600
16.77116700
16.68537500
16.60837500
16.77183300
16.66683400
16.70012500
16.77550000
16.62654100
16.56887500
16.69516700
16.81604200
16.73516600
16.62245900
16.73616600
16.64062500
17.09166700
16.56737500
16.64920800
16.77966700
16.38466700
16.60633300
16.85866700
16.44216600
16.74450000
16.87504200
16.52687500
16.68179200
16.87737500
16.38283300
16.79429200
17.16808300
16.13100000
16.75687500
16.57866700
16.61779100
16.78204200
16.93983300
16.42008400
16.73929100
16.73712500
16.63329200
16.69562500
16.70070800
16.59870900
16.59283300
16.73254200
16.71929100
16.71737500
16.75308400
16.30541600
16.93233400
16.74554100
16.57054200
16.74920800
16.70920900
16.56658300
16.77762500
16.69933300
16.61037500
16.67550000
16.79404200
16.54162500
16.75291700
16.71341600
16.59520900
16.77529100
16.75358400
16.54716600
16.68654200
16.89808300
16.50008400
16.76275000
16.65195800
16.63479200
16.73020800
16.57520800
16.80204200
16.61804200
16.60483300
16.88454200
16.44979100
16.70712500
16.76966700
16.70854200
16.51345800
16.96454200
16.57150000
16.63825000
16.60745800
16.71916700
17.04087500
16.82812500
16.64620800
16.32583300
16.72991700
16.68983300
16.87704200
16.53887500
16.71441700
16.57687500
16.67087500
16.63908300
16.57212500
16.85237500
16.61883300
16.67412500
16.59045900
16.85858300
16.65779200
16.67716600
16.98354200
16.86512500
16.55904200
16.65050000
16.29662500
16.73520800
16.61679200
16.77658300
16.69095800
16.65083400
16.84870800
16.53900000
16.63337500
16.90950000
16.61637500
16.62283300
16.65462500
16.65404200
16.54737500
16.71212500
16.80754200
16.53158300
16.74958300
16.74895900
16.55200000
16.74120800
16.66450000
16.77883300
16.67033400
17.35187500
16.03850000
16.84562500
16.76516600
16.32962500
16.74833400
16.81450000
16.39875000
16.91625000
16.60466600
16.70808400
16.85825000
16.69558300
16.61237500
16.64629200
16.66870800
16.47258300
17.13237500
16.50037500
16.52150000
16.87050000
16.57270900
16.73870800
16.46733300
16.91729200
16.53466700
16.78591600
16.54075000
16.67416700
16.89033300
16.48216700
16.81620800
16.80866700
16.69283300
16.51779200
16.63375000
16.92787500
16.50833300
16.67591700
16.75287500
16.76304200
16.55091600
16.61141700
17.03525000
16.51070800
16.42600000
16.86475000
16.70991700
16.56700000
16.82954200
16.49633300
16.62787500
16.84125000
16.57895800
16.77429200
16.73995800
16.46733400
16.79604100
16.75387500
16.68020900
16.62229100
16.89087500
16.56925000
16.69737500
16.61695900
16.63716600
16.75604200
16.77441700
16.59758300
16.52462500
16.68320800
17.19450000
16.31870900
16.79820800
16.60725000
16.47445800
16.78141700
16.99770800
16.31679200
16.76020800
16.74425000
16.43108400
16.81108300
16.75320800
16.69908400
16.65741600
16.63575000
16.69362500
16.64379200
16.97504200
16.49970800
16.67537500
16.69091700
16.63629100
16.65762500
16.79991700
16.87754200
16.68779100
16.59908400
16.64983300
16.44687500
16.76591700
16.55287500
16.84800000
16.50458300
16.78295800
16.82166700
16.55937500
16.70558300
16.75550000
16.33279200
16.93641700
16.69120800
16.63929200
16.81150000
16.76866600
16.51558400
16.72783300
16.64679200
16.62420800
16.85958300
16.60708400
16.65908300
16.72941700
16.49391600
16.72120900
16.87695800
16.65445800
16.62095900
16.60866600
16.80645900
16.71308300
16.56995800
16.75666700
16.74158300
16.54500000
16.76895900
17.01625000
16.43908300
16.67066700
16.77691600
16.50637500
16.75779200
16.60608300
16.70237500
16.67916700
16.65316700
16.75175000
16.61320800
16.73941700
16.43883300
16.80770800
16.82258400
16.62062500
16.43041600
16.97166700
16.58845800
16.68158400
16.80600000
16.75258300
16.92379200
16.80279100
18.24325000
15.68991700
15.99391700
17.04962500
16.24037500
16.54120800
16.62291700
16.64175000
16.68825000
16.76020800
16.49462500
16.67162500
16.82516700
16.60470800
16.62787500
16.65625000
16.77075000
16.78054200
16.63479100
16.93237500
16.27991700
17.24270800
16.49958400
17.29920800
16.13066700
16.64395800
17.33991700
16.77070800
16.37004200
16.87770800
16.24583300
16.51633400
16.83912500
16.92008300
16.55879200
16.58966600
16.49225000
16.97908400
16.37554100
16.69762500
17.02612500
17.15100000
16.36037500
17.34550000
16.20037500
16.27008400
16.70466600
16.58425000
16.66654200
16.54795800
16.59825000
16.60362500
16.73612500
16.49070900
16.60754100
16.78858400
16.70187500
16.42670800
16.98387500
16.69683300
16.43458400
17.10425000
16.26779100
16.85279200
16.78241700
16.52895800
16.65645800
16.75583400
16.37629100
16.86054200
16.91458300
16.50291700
16.85095800
16.64633400
16.60962500
16.67341600
16.54575000
16.72866700
16.82712500
16.56087500
16.75345800
16.91054200
16.61604200
16.44587500
16.89495800
16.57800000
16.69345800
16.50200000
17.40075000
16.22837500
16.50916700
16.78350000
16.56445800
16.81487500
16.72783400
16.47937500
16.74779100
16.68987500
16.68654200
16.66391700
16.72233300
16.55629200
16.88354100
16.58512500
16.70462500
16.66579200
16.77112500
16.50745800
16.66850000
16.62862500
16.72958400
16.78670800
16.64883300
16.63370900
16.86995800
16.58700000
16.68270800
16.70500000
16.72579200
16.54470800
16.75083400
16.94133300
16.25829200
16.88862500
16.76366600
16.39445900
17.21733300
16.75537500
16.59416700
16.57495800
16.64341700
16.20983300
17.06658300
16.60337500
16.78900000
16.60570900
16.65941600
16.71720900
16.77545800
16.60645800
16.71208400
16.55216600
16.79170900
16.60516600
16.73258400
16.62562500
16.73508300
16.58658300
17.46808400
16.10420800
16.71833300
16.46912500
16.75020900
16.64162500
16.71325000
16.70925000
16.79345800
16.53350000
16.93345800
16.43691700
16.68158300
16.64329200
16.81845800
16.53304200
16.66837500
16.78666700
16.52304100
16.86316700
16.61033300
16.67050000
16.72195900
16.74720800
16.52883300
16.93833400
16.59108300
16.44037500
16.75950000
16.69854200
16.60295800
16.83583300
16.75037500
16.88841700
16.63745800
16.75800000
16.26775000
16.99312500
16.55200000
16.63225000
16.85829200
16.73816700
16.73675000
16.67404100
16.47333400
16.48262500
16.62537500
16.84925000
16.66087500
17.15037500
16.04000000
16.79795800
16.79816700
16.60220800
16.83016700
16.67066600
16.36591700
16.88387500
16.84991700
16.38754100
17.47850000
16.22737500
16.68054200
16.50612500
16.64329200
16.85195800
16.67925000
16.67258300
16.72500000
16.68191700
16.67795800
16.61791700
16.53483300
16.91462500
16.58466700
16.59133300
16.92912500
16.44333400
16.94545800
16.55558300
16.46750000
16.97025000
16.50870900
16.69258300
16.59291700
16.65491600
16.72475000
16.58050000
16.79762500
16.63991700
16.84062500
16.68095800
16.70370900
16.74187500
16.70104100
16.61879200
16.62558300
16.50925000
16.90437500
16.47400000
16.79683400
16.63808300
16.79600000
16.67320800
16.79745900
16.47304100
16.68245900
16.79720800
16.78591700
16.77508300
16.52258300
16.64137500
16.59441700
16.80820800
16.69800000
16.65200000
16.68508400
16.72375000
16.62954100
16.75337500
16.67541700
16.61041700
16.70979100
16.59533400
16.45295800
16.75608300
16.96362500
16.60883400
16.61804100
16.82966700
16.52775000
16.73437500
16.69550000
16.61108300
16.75891700
16.70820800
16.63062500
16.77441700
16.80645800
16.36379200
16.81750000
16.71004200
16.55312500
16.87704100
16.59087500
16.75758400
16.67158300
16.67320800
16.67841700
16.71500000
16.61900000
16.72895800
16.59125000
16.82750000
16.68700000
16.63437500
16.63825000
16.88158400
16.48895800
16.70045800
16.52975000
16.75379200
16.84020800
16.57591700
16.74600000
16.63454200
16.74145800
16.77337500
16.41270800
17.17308400
16.41737500
16.62337500
16.41070800
16.86100000
16.43466700
16.98500000
16.43379100
16.81412500
16.59870900
16.87095800
16.74441700
16.74929100
16.59608400
16.65954100
16.60108400
16.82145800
16.54120800
16.89475000
16.64379200
16.64791700
16.52041600
16.94641700
16.48262500
16.77945800
16.68350000
16.53895900
16.64337500
16.85654100
16.63729200
16.73929200
16.47241600
16.88070900
16.54908300
16.74587500
16.78425000
16.55437500
16.68829200
16.78304100
16.47591700
16.72612500
16.81212500
16.72050000
16.47491700
16.97387500
16.64491600
17.44233400
15.86758300
16.69933300
16.55091700
16.86225000
16.53791700
16.61183300
16.88500000
16.59870800
16.54233400
16.79408300
16.87958300
16.54012500
16.62133400
17.10308300
16.42604200
16.56537500
16.61741600
16.54275000
16.78433400
16.73625000
16.57137500
16.79612500
16.78379100
16.43120900
16.92170800
16.73587500
16.43870800
16.77395900
16.81054100
16.45475000
16.74370900
16.69254100
16.56675000
16.82041700
16.70729200
16.71320800
16.58204200
16.67629100
16.81545900
16.52650000
16.75029100
16.76962500
16.61962500
16.87683400
16.68708300
16.63904200
16.66000000
16.45791600
16.78583400
16.59120800
16.77325000
16.66595800
16.65195900
16.73075000
16.68412500
16.61079100
16.73412500
16.86020900
16.33970800
16.95166700
16.67858300
16.39162500
16.94975000
16.58166700
16.65758300
16.79241700
16.75654100
16.63062500
16.76366700
16.66662500
16.54191700
16.66758300
16.79041700
16.95108300
16.39695800
16.64195900
16.61787500
16.65350000
16.82275000
16.51395800
16.69129200
16.82079100
16.50925000
16.85041700
17.02541700
16.18241600
16.95025000
16.65312500
16.72000000
16.56266700
16.68795800
16.70983400
16.63204100
16.80520900
16.59775000
16.57875000
16.78366600
16.68800000
16.61766700
16.60400000
16.89058300
16.63629200
16.58904200
16.56979100
16.79070900
16.72975000
16.56508300
16.81741700
16.57245800
16.81916700
16.64654100
16.64216700
16.69437500
16.75804200
16.60154100
16.61495900
16.80583300
16.83425000
16.59016700
16.64704100
16.53970900
16.77233300
16.72504200
16.73070800
16.63466700
16.75566600
16.90087500
16.54079200
16.62150000
16.53833300
16.77158400
16.69729100
16.63879200
17.08504200
16.24008300
16.67229200
16.78683300
16.78016700
16.47070800
16.69062500
16.70845800
16.82037500
16.15825000
17.07041700
16.93629200
16.60483300
16.62854200
16.59337500
16.79466600
16.56387500
16.72108400
16.57041600
16.79787500
16.64325000
16.64216700
16.70670800
16.61720900
16.66333300
16.70137500
16.65741700
16.74533300
16.69079200
16.63904100
16.71300000
16.56937500
16.79683400
16.59195800
16.63954200
16.75625000
16.58800000
16.76333300
16.71829200
16.63175000
16.71008300
16.78270800
16.55916700
16.68679200
17.13766600
16.39420900
16.55925000
16.79079100
16.63100000
16.67662500
16.64237500
16.70691700
16.62966700
16.99616600
16.59837500
16.45283400
16.71995800
16.56270800
16.76270900
16.88929100
16.59766700
20.28233300
13.10741700
16.74904200
16.64745800
16.65245800
16.65950000
16.64637500
16.58095900
16.73541600
16.59866700
17.12333300
16.44720900
16.66450000
16.65229100
16.55254200
16.83850000
16.62154200
16.59570800
16.78812500
16.93879200
16.39487500
16.65220800
16.89158300
16.46754200
16.76004200
16.70179100
16.58437500
16.78216700
16.87100000
16.48341700
16.58925000
16.78845800
16.58833300
16.89579200
17.01933300
16.50487500
16.58995900
16.67595800
16.46366700
16.82995800
16.60904200
16.73962500
16.63083300
17.19958300
16.15483400
16.68520800
16.84441700
16.52650000
16.71366600
16.84283400
16.42587500
16.69166600
16.94654200
16.58216700
16.57929100
16.76141700
16.61891700
16.64266600
16.70129200
16.84179200
16.49891600
16.70154200
16.66604200
16.70145800
16.57408300
16.91012500
16.64108400
16.93391600
16.83491700
16.48254200
17.00729100
16.04745900
16.88833300
16.74962500
16.53745800
16.67533400
16.55329100
16.73333400
16.60587500
16.82962500
16.55633300
16.74812500
16.70283300
16.59450000
16.83879200
16.58804200
16.93354100
16.35779200
16.70566700
16.81225000
16.70550000
16.65341600
16.64404200
16.80554200
16.71770800
16.78429200
16.45483300
16.66983300
16.77237500
16.68291700
16.53200000
17.11887500
16.47391700
16.71900000
16.61920800
16.61829200
16.77095800
16.73512500
16.66616700
16.52375000
16.61508300
16.90512500
16.73254200
16.63479100
16.57187500
16.78279200
16.59741700
16.53883300
16.80112500
16.83770800
16.56304200
16.72891700
16.61183300
16.46054200
16.88570800
16.74670800
16.50020900
16.69750000
16.75387500
16.64404100
16.84991700
16.57837500
16.69095800
16.71412500
16.69925000
16.47991700
16.92279200
16.57633300
16.63858300
16.72320900
16.70083300
16.55379200
16.70183300
16.73529200
16.62650000
16.73616600
16.60712500
16.70562500
16.69637500
16.58333400
16.71995800
16.80300000
16.71954200
16.60529100
16.67283400
16.73112500
16.67595800
16.66137500
16.83512500
16.65600000
16.46400000
16.68158300
16.93079200
16.58487500
16.68220800
16.67770900
16.68812500
16.57587500
16.84204100
16.45875000
16.77087500
16.71825000
16.91708400
16.44995800
16.70533300
16.72650000
16.49925000
16.67950000
16.91158400
16.72070800
16.69408300
16.48450000
16.70037500
16.55770900
16.88629100
16.66550000
16.67237500
16.58187500
16.69829200
16.52816700
17.41237500
16.29600000
16.90658300
16.32608300
16.62891700
16.86212500
16.65800000
16.57916700
16.73470800
16.74275000
16.64883300
16.60391700
16.68704200
16.77375000
16.68937500
16.70058300
16.56041700
16.86845800
16.62187500
16.53266700
16.80204100
16.79545900
16.56120800
16.76695800
16.46975000
16.90037500
16.53550000
16.69020900
16.76241600
16.57662500
16.71741700
16.68795800
16.94962500
16.55400000
16.57958400
16.71300000
16.76891600
16.57558400
16.70933300
16.46708300
16.91083400
16.64016600
16.75595900
16.60991600
16.67050000
16.64166700
16.71316700
16.66612500
16.53350000
16.92691600
16.51308400
16.83950000
17.05175000
16.63145800
16.46695800
16.55025000
16.87158400
16.38812500
16.73650000
16.78108300
16.72595800
16.73350000
16.95354200
16.48012500
16.79737500
16.63137500
16.42866700
16.63416600
16.87287500
16.43141700
16.76408300
16.67254200
16.84262500
16.60612500
16.64775000
16.72220800
16.58879200
16.67095800
16.70629200
16.52641700
16.91716600
16.54545900
16.84120800
16.46591700
16.86175000
16.65691600
16.58983400
16.68575000
16.76670800
16.55541700
16.72591600
16.74287500
17.03204200
16.47520800
16.56970900
16.74112500
16.91845800
16.67008300
16.62070900
16.74129100
16.34779200
16.75166700
16.80508300
16.59245800
16.49191700
16.92820800
16.55408400
16.63000000
16.70420800
16.94258300
16.32987500
16.88637500
16.58820900
16.70350000
16.69970800
16.78287500
16.57391700
16.76666600
16.68858400
16.44141600
16.87887500
16.80950000
16.53870900
16.75608300
16.57500000
16.69704200
16.62662500
16.79750000
16.70512500
16.53041600
16.79279200
16.66262500
16.57416700
16.62141600
16.75195900
16.65041600
16.72066700
16.74687500
16.66600000
16.49212500
17.05625000
16.59787500
16.65354200
16.54962500
16.78991600
16.64050000
16.67150000
16.83787500
16.60820900
16.59912500
16.70341600
16.57391700
17.17575000
16.45258300
16.44741700
16.91212500
16.69720800
16.35187500
17.01291700
16.45158300
16.86025000
16.58104200
16.76533300
16.60095900
16.59041600
16.65879200
16.82808300
16.74975000
16.58870900
16.87891600
16.53237500
16.56945900
16.80120800
16.67129200
16.75591600
16.49625000
16.83654200
16.76508300
16.56879200
16.82641700
16.67908300
16.53404200
16.71425000
16.51929100
16.89754200
16.73804200
16.62283300
16.62233300
16.77070900
17.01104100
16.39866700
16.46970800
16.80079200
16.67079200
16.62641600
16.58300000
16.69358400
16.89583300
16.38137500
16.71808300
16.90987500
16.58095900
16.71166600
16.79079200
16.69475000
16.54516700
16.67229100
16.63637500
16.86466700
16.58554200
16.75829100
16.43525000
17.15945900
16.36725000
16.67729100
16.75712500
16.61470900
16.80112500
16.49104100
16.65887500
16.84216700
16.92125000
16.36808300
16.76837500
16.71979200
16.49745800
16.73608400
16.71170800
16.73470800
16.74087500
16.65416700
16.67266700
16.73529100
16.40866700
16.96608300
16.60154200
16.63166700
16.75337500
16.65700000
16.75320800
16.79537500
16.52304200
16.41420800
16.83300000
16.73470800
16.62687500
16.79020900
16.94600000
16.41808300
16.77687500
16.49470800
16.69212500
16.77387500
16.72066700
16.71050000
16.52470800
16.77975000
16.65104200
16.70250000
16.71466700
16.53320800
16.81008300
16.69275000
16.64425000
16.74379200
16.43283300
16.76166700
16.81945800
16.66612500
16.62562500
16.81900000
16.59366700
16.83862500
16.63279200
16.63016600
16.61683400
16.59841600
17.11204200
16.56029200
16.69495800
16.57616700
17.23820800
16.19504200
16.56987500
16.65520800
16.71250000
16.73825000
16.56475000
16.81970800
16.81729200
16.48970800
16.71820900
16.63700000
17.00308300
16.30404200
16.50095800
16.91366700
16.72295800
16.55854200
16.68400000
16.89745800
16.57158300
16.76529200
16.43583300
16.79983400
16.79800000
16.56891600
16.63516700
16.57995800
17.09300000
16.50862500
17.05770900
16.34754100
16.88854200
16.47645800
16.57450000
16.74225000
16.69241700
16.70833300
16.39600000
16.85620900
16.65879100
16.70329200
16.65412500
16.87550000
16.56154200
16.64720800
16.72533300
16.65750000
16.69420900
16.72412500
16.57725000
17.23379100
16.24787500
16.61841700
16.68650000
16.74933300
16.59220900
16.81754100
16.60887500
16.66912500
16.65233400
16.72729100
16.89395900
16.81954100
16.66762500
16.66037500
16.18958400
16.76541600
16.87245900
16.60275000
16.65245800
16.64770800
16.74470900
16.59658300
16.82779200
16.65366600
16.61670900
16.79025000
17.12550000
16.15962500
16.70270800
16.67862500
16.66762500
16.78533300
16.63937500
16.50816700
16.90645800
16.58154200
16.74775000
16.77866700
16.55637500
16.55354100
16.81058400
16.71491600
16.56733400
16.77516600
16.64304200
16.46733300
16.86458400
16.84941600
16.35091700
16.87662500
16.68679200
16.41025000
16.91641600
16.75083400
16.53679100
16.60987500
16.80004200
16.75266700
16.49429100
16.94541700
16.65504200
16.68683300
16.63675000
16.70075000
16.75562500
16.49454200
16.75291600
16.70287500
16.60850000
16.66670900
16.79325000
16.67508300
16.63391700
16.77879100
16.50229200
17.03775000
16.52416700
16.57300000
16.71200000
16.71983300
16.62025000
16.74545800
16.68170900
16.75854100
16.61704200
16.62129200
17.32045800
16.11204200
16.83512500
16.45550000
16.70787500
16.80816600
16.57720900
16.80483300
16.68116700
16.58395800
16.76087500
16.48383300
16.87537500
16.58891700
16.84516700
16.30708300
16.91691700
16.65037500
16.77716600
16.55829200
16.61562500
16.72941700
16.88695800
16.53279200
16.70966600
16.62508400
16.76575000
16.67329100
16.57183400
16.83762500
16.72158300
16.75608300
16.51954200
16.83150000
16.70770800
16.39016700
16.99258300
16.32012500
16.82412500
16.70691700
16.77958300
16.30562500
17.21891700
16.50279200
16.65691600
16.66812500
16.62354200
16.83887500
16.60350000
17.18637500
16.07391700
16.87233300
16.57591700
16.61120800
16.81566700
16.66554100
16.60566700
16.74637500
16.75437500
16.52575000
17.32804200
16.15058300
16.62733300
16.64150000
16.73691700
16.42675000
16.76658300
16.66250000
16.61262500
17.05391700
16.45904200
16.81670800
16.69820800
16.67804200
16.77283300
16.54500000
16.67833400
16.80283300
16.68037500
16.64200000
16.72779200
16.53925000
16.80495800
16.70500000
16.66829200
16.62216600
16.75091700
16.59887500
16.68229200
16.77808300
16.62958300
16.56350000
16.89820900
16.61395800
16.69395800
16.42862500
16.86879200
16.76520800
16.53962500
16.61229200
16.60516700
17.00837500
16.62254100
16.64066700
16.89312500
16.45712500
16.68054200
16.80795800
16.60820800
16.79575000
16.47383400
16.69166600
16.46145900
17.01091600
16.60720900
16.63075000
16.69520800
16.79316700
16.36512500
16.80362500
17.15366600
16.28408400
16.74800000
16.66408300
16.54341700
16.83008300
16.72095800
16.61358400
16.81212500
16.68558300
16.75679200
16.37020800
16.93812500
16.71583300
17.08233400
16.38366600
16.75591700
16.57691700
16.54170800
16.70633300
16.59216700
16.71208300
16.94333400
16.42295800
16.68225000
16.63312500
16.74312500
16.71987500
16.71604200
16.89629100
16.42945900
16.67129100
16.58941700
17.07379200
16.43375000
16.73962500
16.49495800
16.63079200
16.88433300
16.47341700
16.82158300
16.68558300
16.74429200
16.64625000
16.63183300
16.53112500
16.71762500
17.04716700
16.47475000
16.83566700
16.73925000
16.58325000
16.71600000
16.60241600
16.58395900
16.66483300
16.77650000
16.54812500
16.74454200
16.76045800
16.67875000
16.71604200
16.63258300
16.61333300
16.62879200
16.72370800
16.76979200
16.51762500
16.73608300
16.63979200
16.76045800
16.55412500
16.76570900
16.70966600
16.61204200
16.74675000
16.68750000
16.61429200
16.83216600
16.46650000
16.74679200
16.62883300
16.81679200
16.57600000
16.76008300
16.61704200
16.66704200
16.73529100
16.72941700
16.60837500
16.79308300
16.65991700
16.51658300
16.98383400
16.47350000
16.66929100
16.75200000
16.58104200
16.58900000
16.90062500
16.56954200
16.65595800
16.96608300
16.60725000
16.42758400
16.72633300
16.83075000
16.43383300
16.88937500
16.64212500
16.49616700
16.82650000
16.82533300
16.59583400
16.63875000
16.84712500
16.63479100
16.64741700
16.71700000
16.61687500
17.14841700
16.38150000
16.63179100
16.71116700
16.59358300
16.67725000
16.66166700
16.71029200
16.67970800
16.80041700
16.51800000
16.79770800
16.66625000
16.64008300
16.69475000
16.69458400
16.72200000
16.67512500
16.69550000
16.67229100
16.53162500
16.85045900
16.56008300
16.74020800
16.88587500
16.48004200
16.70570800
16.68820900
16.63741600
16.78333400
16.63595800
16.68133300
16.92854200
16.48783300
16.65325000
16.61429200
17.00575000
16.40433300
16.78583400
16.57454100
16.72729200
16.58425000
16.85587500
16.55100000
16.56650000
16.90254200
16.96958300
16.62641700
17.20187500
16.25137500
16.43441600
16.68312500
16.95375000
16.37625000
16.78425000
16.55212500
16.87050000
16.30083400
16.81712500
16.60262500
16.84829100
16.79162500
16.54350000
16.55925000
16.91808400
16.62962500
16.63562500
16.70245800
16.59725000
16.56516700
16.79191600
16.66704200
16.79816700
16.61320800
16.78966700
16.54316600
16.71345900
16.64800000
16.75300000
16.46625000
17.03454100
16.39933400
16.84695800
16.60858300
16.63341700
16.67612500
16.78620800
16.53016700
17.10545800
16.40741700
16.61833300
16.55666700
16.88795800
16.67654200
16.72316700
16.62400000
16.97166600
16.33487500
16.79979200
15.97895800
17.26087500
16.74420900
16.62700000
16.60441600
17.48554200
16.12183300
16.55916700
16.71725000
16.79758300
16.57583400
16.66616600
16.80266700
17.75612500
15.82362500
16.57920800
16.64079200
16.68695800
16.51391700
16.13833300
17.34020900
16.75083300
16.49295800
17.07370900
16.38750000
16.73125000
16.52495800
16.72087500
16.61929200
17.12087500
16.49275000
16.56195800
16.57620800
16.81791700
16.64483300
16.84658400
16.43837500
16.93337500
16.41412500
16.77120800
16.61945800
16.68145900
16.78187500
16.57066600
16.60491700
16.72945800
17.06354200
16.62450000
16.78229200
16.56695800
16.84591700
16.51412500
16.54604100
16.77462500
16.94216700
16.51095800
16.68366700
16.55758300
16.67229200
16.64866700
16.76279100
16.62670900
16.63975000
16.82650000
16.57291600
16.73470900
16.64312500
16.56650000
16.75358300
16.71433300
16.72795900
16.67183300
16.76283300
16.53270900
16.68295800
16.68120800
16.65975000
16.74033400
16.73679100
16.60333400
16.81866600
16.95404200
16.53533300
16.62600000
16.51037500
16.80512500
16.61262500
16.64466700
16.54445800
16.79412500
16.81579200
16.56525000
16.65175000
16.76108300
16.91700000
16.41545900
16.79650000
16.44529100
16.85904200
16.53183300
16.79816700
16.75370800
16.50337500
16.71966700
16.68029200
16.84083300
16.53033300
16.75120900
16.81312500
16.61616600
16.68991700
16.67650000
16.58550000
16.84029200
16.82570800
16.59804200
16.52954100
16.85504200
16.63654200
16.66750000
16.44925000
16.83325000
16.81287500
16.62787500
16.82954100
16.48195900
16.72854100
16.68629200
16.69595800
16.46779200
17.11966700
16.36516600
16.56950000
16.92291700
16.58204200
16.83920800
16.86670800
16.71045900
16.66245800
16.71162500
16.37400000
16.86887500
16.50233300
16.70183400
16.37225000
16.92075000
16.62941600
16.80933400
16.51616600
16.76516700
16.65929200
16.73025000
16.61754100
16.59333400
16.63283300
16.75404200
16.53683300
16.76987500
16.77112500
16.54875000
16.67379200
16.83137500
16.71012500
16.67691600
16.68320900
16.58762500
17.02545800
16.76004200
16.37787500
17.03370800
16.43200000
16.55195800
16.58158400
16.79837500
16.74883300
16.70162500
16.56100000
16.70325000
16.72062500
16.61337500
16.67275000
16.58425000
16.88537500
16.70779200
16.62600000
16.57208300
16.77391700
16.69612500
16.67437500
16.63912500
16.66320800
16.61345800
16.77058400
16.67979100
16.77983400
18.03416600
15.44408400
18.12904100
16.07991700
16.29216700
17.14141600
16.81845900
15.71987500
17.40837500
16.66875000
16.31520800
16.21370800
16.99395900
16.91316600
16.61345900
16.40529100
16.67170900
16.47345800
16.61379200
16.69450000
16.54608300
16.67233300
16.83866700
16.77879200
16.62208300
16.66016700
16.75083300
16.56933300
16.65729200
16.82566700
16.53116600
16.70529200
16.66545800
16.63554200
16.64366700
16.77341600
16.65787500
16.61979200
16.93433300
16.69637500
16.57200000
16.67491700
16.61658300
16.64833400
16.86566600
16.39308400
16.77675000
16.82000000
16.75829100
16.41200000
16.86837500
16.64687500
16.61412500
16.70654200
16.79658300
16.64995900
16.66733300
16.78341700
16.54016600
16.72525000
16.91687500
16.31383400
16.71450000
16.80970800
16.61316700
16.61333300
17.08200000
16.40091700
16.80358300
16.56875000
16.60379200
16.69770800
16.78641700
16.63654100
16.66620900
16.74320800
16.67920800
16.67279200
16.64787500
16.59395800
16.76791700
16.60716700
16.82754100
16.72395900
16.47816600
16.69708400
16.81633300
16.62470800
16.79562500
16.57283400
16.60712500
16.75070800
16.73766700
16.67625000
16.69708300
16.75825000
16.72175000
16.70841700
16.89062500
16.55929100
16.62445900
16.56333300
16.58937500
16.75304200
16.64908300
16.62537500
16.73683300
16.65712500
16.70308400
16.71995800
16.69104200
16.50483300
16.90079200
16.61037500
16.61745800
16.90375000
16.59700000
16.49408300
16.76029200
16.79470800
16.60633400
16.70291600
16.65754200
16.60283300
16.86204200
16.49108300
17.27983400
16.29350000
16.86133300
16.68658300
16.56987500
16.73416700
16.52808300
16.54020900
16.75158300
16.71320800
16.64412500
16.53812500
16.79941700
16.64758300
16.50383400
16.95620800
16.73008300
16.59529200
16.69483300
16.73175000
16.41862500
16.91962500
16.55670900
16.83758300
16.65962500
16.67737500
16.59300000
16.57770800
16.90258400
16.58525000
16.81087500
16.56258300
16.94070800
16.47004200
16.68920800
16.50537500
16.93787500
16.57266700
16.67995800
16.59287500
16.86000000
16.58508400
16.81666600
16.72983400
16.32470800
16.81908300
16.70058400
16.70479100
16.76066700
16.81112500
16.49770800
16.58795900
16.68170800
16.75966700
16.78250000
16.66083300
16.61733300
16.66712500
16.62579200
16.69025000
16.94500000
16.65945800
16.60825000
16.53045900
16.59820800
16.78733300
16.71104200
16.51333300
16.99475000
16.51870900
16.81079100
16.66691700
16.68825000
16.49633300
16.94512500
16.54516700
16.65862500
16.81254200
16.44262500
16.72662500
16.87658300
16.63570800
16.43912500
16.97491700
16.58783300
16.69466700
16.74583300
16.56166700
16.63916700
16.76341600
16.78304200
16.56462500
17.03000000
16.31720800
16.72895900
16.74425000
16.69837500
16.36658300
16.84916700
16.74841600
16.78033400
16.75545800
16.51379200
16.67920800
16.86216700
16.51100000
16.57787500
16.79979100
16.96833400
16.43087500
16.72420800
16.59050000
16.66137500
16.64558300
17.04375000
16.49900000
16.74983400
16.33725000
16.70775000
16.84958300
16.82308300
16.52625000
16.69162500
16.75679200
16.75779200
16.68862500
16.41912500
16.76554100
16.73687500
16.50437500
16.93083400
16.51950000
16.60875000
16.86545800
16.62141700
16.66062500
16.95837500
16.53575000
16.48320800
16.77358300
16.77150000
16.65350000
16.61187500
16.72320900
16.60112500
16.80687500
16.65945800
16.67475000
16.70158300
16.58050000
16.78612500
16.65725000
17.04729200
16.49837500
16.48629200
16.67666600
16.68091700
16.74579200
16.54095800
16.71879200
16.78641600
16.59225000
16.71945900
16.71966600
16.65495900
16.78075000
16.64341600
16.59787500
16.75600000
16.85212500
16.40837500
16.84570900
16.64062500
16.74429100
16.58741700
16.74079200
16.47154100
16.85325000
16.73991700
16.55691700
16.87587500
16.38633300
16.71433300
16.90225000
16.55437500
16.71879200
16.99962500
16.44604200
16.71554100
16.67779200
16.77420800
16.55800000
16.72216700
16.68762500
16.64750000
16.66308300
16.71987500
16.71662500
16.63383400
16.44879100
16.69141700
16.89991700
16.58233300
16.72941700
16.70791600
16.55450000
16.67591700
16.83079200
16.76725000
16.44808300
16.87575000
16.59125000
17.20733300
16.39125000
16.49700000
16.70379200
16.64654200
16.77954100
16.58754200
16.69366700
16.60404100
17.08970900
16.64954100
16.64145900
16.63183300
16.53870800
16.47654200
16.79820800
16.52950000
16.98362500
16.58450000
16.62587500
16.73725000
16.75650000
16.43350000
16.87791700
16.66054200
16.67945800
16.67091700
17.35341600
16.04262500
16.49291700
16.86908300
16.68333400
16.61000000
16.73037500
16.65991600
16.78587500
16.48995900
16.69325000
16.72308300
16.65687500
16.90441700
16.43545800
16.86891700
16.63208300
16.42887500
16.69079200
16.98566600
16.51220900
16.75800000
16.60841600
16.75437500
16.75579200
16.71491700
16.64762500
16.62308300
16.69158300
16.58845900
16.81116600
16.72808400
16.62308300
16.94808300
16.50600000
16.68312500
16.59945900
16.67250000
16.84937500
16.55279100
16.52525000
16.76558400
16.62954100
16.66079200
16.89016700
16.57908300
16.58245800
16.86016700
16.75670800
16.47320900
16.85058300
16.59733300
16.61629200
16.86808300
16.55675000
16.61379200
16.78983300
16.69637500
16.54066700
16.78537500
17.56116700
16.63400000
16.00912500
16.76995800
16.43712500
16.73429200
16.49370800
16.78212500
16.70625000
16.78529200
16.63058300
16.66316700
16.57316600
16.77575000
16.73229200
16.67420800
16.75120900
16.51762500
16.61154100
16.95604200
16.42312500
16.83483300
16.76508400
16.72820800
16.48970800
16.82183400
16.68750000
16.61095800
16.69204200
16.77420800
16.62925000
16.48650000
16.85279200
16.89304100
16.55625000
16.62354200
16.69195800
16.86495900
16.60604100
16.39970900
16.82129100
16.70120900
16.78325000
16.54891600
16.72583400
16.50858300
16.89500000
16.55087500
16.71383300
16.74162500
16.76662500
16.47116700
16.74583300
16.81920900
16.59295800
16.63845800
16.82737500
16.45316700
16.96158300
16.49633400
17.11137500
16.37566600
16.60029200
16.59037500
16.78733300
16.66050000
16.71100000
16.67995900
16.82350000
16.51962500
16.56770800
16.83704200
16.81400000
16.56779100
16.61016700
16.71458300
16.68183400
16.68754100
16.68595900
16.63375000
16.67716600
16.77775000
16.71833400
16.51054100
16.69083400
16.74600000
16.87679100
16.54070900
16.67025000
16.61533300
16.76808300
16.56312500
16.73825000
16.82875000
16.66775000
16.62891700
16.70108300
16.69091700
16.64679200
16.56791600
16.56279200
16.76333300
16.86950000
16.64270900
16.67754100
16.70458400
16.56216600
16.59733400
16.97375000
16.57545800
16.83041700
16.55537500
16.86270800
16.41295800
16.88812500
16.64608400
16.65791600
16.63812500
16.80529200
16.55925000
17.22550000
16.18645800
16.61683400
16.74279100
16.90345900
16.45600000
16.67279100
16.72670900
16.72512500
16.69641600
16.84800000
16.50812500
16.69950000
16.48695900
16.72775000
16.68029100
16.56841700
16.75170800
16.69087500
16.78870900
16.55962500
16.91537500
16.67162500
16.73441600
16.84358400
16.38812500
16.66041600
16.68775000
16.61291700
16.74350000
16.75750000
16.58004200
16.75308300
16.68791700
16.65220800
16.60383300
16.68879200
16.52716700
16.96129100
16.72508400
16.31316600
16.91266700
16.68266700
16.58320800
16.72045800
16.75250000
16.56375000
16.75454200
16.68008300
16.52691700
16.94170800
16.67966700
17.96579200
15.62195800
16.60550000
16.47079200
16.78962500
16.48808300
16.70641700
16.70054100
16.82120900
16.57570800
16.55554200
16.91366600
16.54808400
16.59225000
16.78325000
16.58145800
16.84083300
16.59045900
16.57220800
16.80258300
16.67912500
16.67566700
16.90725000
16.43254200
16.76950000
16.57720800
16.71245800
16.74950000
16.59141700
16.75716700
16.68291600
16.71025000
16.67391700
16.86258300
16.54008400
16.61820800
16.54916700
16.72204100
16.79341700
16.65579200
16.73458300
16.83291700
16.62762500
16.62137500
16.57650000
16.69850000
16.74762500
16.58391600
16.46566700
16.89545800
16.76337500
16.78625000
16.64166700
16.57937500
16.69925000
16.74662500
16.52941700
16.98066600
16.51758400
16.78108300
16.53008300
16.86558400
16.57495800
16.65041700
16.50341600
17.03333400
16.41641600
16.63012500
17.06479200
16.55437500
16.51787500
16.82050000
16.55658300
16.89870900
16.54520800
16.56175000
16.67783300
16.81033400
16.68045800
16.55237500
16.80383300
16.73333400
16.49637500
16.77604100
16.77412500
16.46550000
16.90725000
16.64212500
16.31975000
17.14395900
16.42266600
16.72333400
16.86058300
16.49358300
16.70558400
16.74291600
16.62583400
16.71791600
16.69854200
16.79229200
16.46283300
16.98075000
16.58475000
16.57625000
16.75754200
16.74404100
16.46045900
16.82770800
16.81129200
16.42712500
16.95283300
16.63925000
16.54700000
16.84516700
16.55533300
16.83283300
16.48270900
17.03954100
16.29337500
16.74058400
16.66654100
16.79175000
16.53579200
16.69641700
16.72025000
16.73875000
16.62404100
16.80554200
16.72983300
16.54054200
16.71425000
17.38175000
16.76212500
17.32879200
15.62058300
16.16941700
17.35533300
18.43895800
14.58895900
16.53283300
16.67529200
16.41295800
16.96350000
16.62279200
16.66391600
16.72687500
16.60300000
16.69545900
16.72420800
16.79862500
16.36716700
16.75779100
16.79925000
16.83416700
16.74166700
17.11916600
16.63595900
16.39745800
16.90666700
16.84312500
17.94583300
15.77345800
16.14975000
16.96983400
16.38095800
16.55641700
17.10216600
16.68595900
16.51116600
16.89837500
16.55250000
16.35020900
16.83850000
16.60466600
16.62500000
16.86425000
16.52054200
16.99308300
16.31333400
16.77875000
16.57850000
16.57258300
16.54754200
16.72300000
16.62341600
16.64633400
16.75925000
16.77712500
16.91179100
16.56695900
16.65083300
16.54125000
16.70470800
16.91766700
16.64108300
16.69112500
16.86362500
16.34233400
16.81858300
16.53858300
16.39687500
17.01929200
16.55883300
16.71725000
16.69379200
16.70004200
16.28520800
17.03045800
16.28375000
16.95883400
16.65495800
16.82020800
16.55666700
16.64708300
16.78354200
16.52533300
16.80854200
16.74050000
16.69975000
16.53100000
16.77320800
16.78916700
16.61808300
16.64950000
16.60479200
16.72408300
16.71850000
16.67529200
16.60562500
16.82958300
16.86979200
16.38670800
16.81745900
16.62137500
16.69929100
16.53037500
16.83100000
16.72837500
16.50425000
16.77954200
16.66320800
17.60591700
16.51387500
16.51416700
53.91775000
24.03320800
11.48616700
7.74758300
8.37804200
7.96216600
8.02033400
11.27158300
16.80587500
16.63279200
16.76579100
16.71791700
16.49666700
16.77541600
16.75937500
16.91658400
17.47162500
16.08158300
16.43970800
16.49712500
16.64200000
16.58550000
16.78558400
16.87729100
16.48037500
16.70054200
16.71745800
16.57350000
16.75550000
16.69066700
16.84308300
16.60325000
16.64420900
16.55875000
16.74179100
16.64266700
16.83779200
16.85079100
16.50395900
16.55108300
16.88541700
16.64362500
16.57708300
16.62400000
16.79441700
16.69645800
16.92200000
16.69408300
16.67033400
16.57812500
16.58508300
16.74141700
16.67458300
16.72933300
18.11504200
15.12891700
16.71529100
16.78008400
16.64033300
16.70766700
16.83312500
16.99679100
16.32891700
16.58962500
17.12929200
16.24133300
18.26991700
15.29679100
16.59100000
16.75183400
16.31941600
16.73066700
16.70600000
16.85495800
16.29595900
16.80291600
16.84816700
16.55750000
16.60550000
16.71229200
16.74154100
16.64833400
16.65170800
16.51087500
16.91562500
16.79954200
16.59554100
16.54791700
16.81716700
16.73487500
16.53945800
16.68025000
16.65045800
16.81433400
16.65733300
16.78570800
16.85525000
16.44212500
16.69758400
16.96175000
16.36983300
17.03441700
16.47362500
16.63554100
16.58820900
16.57641600
16.87720900
16.47583300
17.04229200
16.48158300
16.61920800
16.69087500
16.70550000
16.82383400
16.51008300
16.71316700
16.69295800
16.82987500
16.56720800
16.60745900
16.55679100
16.72204200
16.76245800
16.64925000
17.34237500
16.19050000
16.90375000
16.33158400
16.82575000
16.56304100
16.68329200
16.63583300
16.79337500
16.92262500
16.36008400
16.75262500
16.59066600
16.51191700
16.89000000
16.65145800
16.62683400
16.91183300
16.62687500
16.82145800
16.51625000
16.67629200
16.60700000
16.60554200
16.75258300
16.74550000
16.63250000
16.71850000
16.68862500
16.50725000
16.79945800
16.63862500
16.86887500
16.81683400
16.50037500
16.61150000
16.67900000
16.65987500
16.66320800
16.60625000
16.82154200
16.73100000
16.68591600
16.72520900
16.71091600
17.04475000
16.29079200
16.65858300
16.64275000
16.85316700
16.49866700
16.82687500
16.86945800
16.50120800
16.93808400
16.40170800
16.61045800
16.56483400
16.68608300
16.76125000
16.87225000
16.62395800
16.68783400
16.50091600
16.64895900
16.77745800
16.55150000
16.72483300
16.80691700
16.67116700
16.62745800
16.80250000
16.41662500
16.78133300
16.90250000
16.39204200
16.66816700
16.85545800
16.67970800
16.55166700
16.76400000
16.76212500
17.06350000
16.11262500
16.76579200
16.51891600
16.88054200
16.63262500
16.56670800
16.96641700
16.55729200
16.63591600
16.99429200
16.53541700
16.54545800
16.69875000
16.63883300
16.70354200
16.56404200
16.83170800
16.72933300
16.66358400
16.68262500
16.59158300
16.70725000
16.77608300
16.55979200
16.77787500
16.64145800
16.76533400
16.50000000
16.92700000
16.54987500
16.69800000
16.73341600
16.67054200
16.47075000
16.97341700
16.49133300
16.79970800
16.91208400
16.35208300
16.88558300
16.56304200
16.71316700
16.76262500
16.39516600
16.90525000
16.64687500
16.68745900
16.58579100
16.72091700
16.57845800
16.89883400
16.64220800
16.60187500
16.87029200
16.59629100
16.53937500
16.89350000
16.54241700
16.67579200
16.70504100
16.57458400
16.69120800
16.57925000
16.84420800
16.66654200
16.64600000
16.77704200
16.89816600
16.50500000
16.92433400
16.53483300
16.67495800
16.61829200
16.36637500
16.90716700
16.71245800
16.45575000
17.11433300
16.61254200
16.56829200
16.71841600
16.76833400
16.46283300
16.81179200
16.62362500
16.62895800
16.77895800
16.75166700
16.52133300
16.64729200
16.88295800
16.42116700
16.80412500
16.56550000
16.77441700
16.80595800
16.33008300
17.14433400
16.63695800
16.53616700
16.70604100
16.82325000
16.33812500
16.84450000
16.66508400
16.69312500
16.82420800
16.49091700
16.73733300
16.67391700
16.80583300
16.46545800
16.73337500
16.89687500
16.55795900
16.65545800
16.42533300
16.88816700
16.99779200
16.65937500
16.41425000
16.76941600
16.74683400
16.44462500
16.84966600
16.86741700
16.53479200
16.62241600
16.73883400
16.94295800
16.48283300
16.54800000
16.77579200
16.64712500
16.61587500
16.76625000
16.71720800
16.48954200
16.98762500
16.48008300
16.67154200
16.70308300
16.61337500
16.84158400
16.75375000
16.65595800
16.70595800
16.79645900
16.99066600
16.19525000
16.79083400
16.57700000
16.66395800
16.76095800
16.51837500
16.87191700
16.55562500
17.11712500
16.24120800
16.74991700
16.73558300
16.60329200
16.64075000
16.81054200
16.43995800
16.90420800
16.97812500
16.14487500
16.96175000
16.60837500
16.60933400
16.75291600
16.69483400
16.58120800
16.93629200
16.52441600
16.61950000
16.74400000
16.65850000
16.58395900
17.24925000
16.45570800
16.70220800
16.80504200
16.38870800
16.82316700
16.63166700
16.61329100
16.53291700
16.99337500
16.55570800
16.57762500
16.68312500
16.70175000
16.57112500
16.69633400
16.57679100
16.80337500
16.98395900
16.32191600
16.78266700
16.70208300
16.57029200
16.70945800
16.88037500
16.32508400
17.02704100
16.55608400
16.64791600
16.59070900
16.82166600
16.64812500
16.59445900
16.86791600
16.60504200
16.72379200
16.67916600
16.82129200
16.50412500
16.63683300
16.68091700
16.72666700
16.76504100
16.60508400
16.74883300
16.69400000
16.61670800
16.83704200
16.55691700
16.45975000
16.87500000
16.76741600
16.55341700
16.85129200
16.45016600
16.60083400
16.62200000
17.09250000
16.50004100
16.80566700
16.41266700
17.01375000
16.58054100
16.68766700
16.58879200
16.71462500
16.67687500
16.74791600
16.58550000
16.99358400
16.52083300
16.73845800
16.31558400
16.85875000
16.60233300
16.71775000
16.92708300
16.44225000
16.66208400
16.82395800
16.79808300
16.46337500
16.79262500
16.67095900
16.67775000
16.65125000
16.80779100
16.44500000
16.84320900
16.69925000
16.52466600
16.90120900
16.49829100
16.71395900
16.83766600
16.62408400
16.29037500
17.24866600
16.53470900
16.61120800
16.63716700
16.61087500
16.76037500
16.70570800
16.66404200
16.45187500
17.04304100
16.58862500
16.61145900
16.91116600
16.35854200
16.90295800
16.67829200
16.71529200
16.69566600
16.73675000
16.57387500
16.74029200
16.58775000
16.67633300
16.72620900
16.65633300
16.51712500
16.73216700
17.28458300
16.33054200
16.62879100
16.64762500
16.73525000
16.93358400
16.41483300
16.63458300
16.66745900
16.67108300
16.68391700
16.90400000
16.36725000
16.64758300
16.95066700
16.56362500
16.66895800
16.75150000
16.58466700
16.59770800
16.77808300
17.24179200
16.79975000
16.05362500
16.81004200
16.51370800
16.69666700
16.88233300
16.49916700
16.53037500
16.76333300
16.57341700
17.23662500
16.51583300
16.65341700
16.49933300
16.68025000
16.51241700
16.94925000
16.54625000
16.62270800
16.85337500
16.69241700
16.58579100
16.66229200
16.80716700
16.59079100
16.71479200
16.66000000
16.70925000
16.50645800
17.04212500
16.27766700
16.96791700
16.71937500
16.55858300
16.60579200
16.89195800
16.58058300
16.71120900
16.84395800
16.65779200
16.92762500
16.30487500
16.70066600
16.97562500
16.43191700
16.80737500
16.48900000
16.54045800
16.85925000
16.75633400
16.53875000
16.72270800
16.77591700
16.58758300
16.89050000
16.67991700
16.66708300
16.57920800
16.60950000
16.54245900
17.01100000
16.62375000
16.48575000
16.76041600
16.71091700
16.45066700
16.86200000
16.82575000
16.48566600
16.78675000
17.27637500
16.20250000
16.82958400
16.73879100
16.80508400
16.21291600
16.77029200
16.79833300
16.57029200
16.71233300
16.66879200
16.58525000
16.56204200
16.88187500
16.54095800
16.69825000
16.61712500
16.78708300
16.59575000
16.80950000
16.67366700
16.58933300
16.73766700
16.70312500
16.70887500
16.62004200
16.82083300
16.60416700
16.71454100
16.67362500
16.54333400
16.76716600
16.81708400
16.74445800
16.71141700
16.54545800
16.66275000
16.68529200
16.60804100
16.69637500
16.58404200
16.69845800
16.86945900
16.45362500
16.96033300
16.35379200
16.90700000
16.52779100
16.78100000
16.61562500
17.07087500
16.30279200
16.91754200
16.56220800
16.70508300
16.76900000
16.50454200
16.86029200
16.68583300
16.58750000
17.25400000
16.15400000
16.64804200
16.65425000
16.70875000
16.62033300
16.74650000
16.61287500
16.59954200
16.90833300
16.57500000
16.59850000
16.79179200
16.50241600
16.81612500
16.70650000
16.74041700
16.53629200
16.87695800
16.57245800
16.53662500
16.74050000
16.67433400
16.67216600
16.84916700
16.54487500
16.79966700
16.69320800
16.70354200
16.48700000
16.84470800
16.63283300
16.79950000
16.79700000
16.78975000
16.33825000
16.70529200
16.73158300
16.70225000
16.76595900
16.73862500
16.36737500
16.85537500
16.53500000
16.73320800
16.75604200
16.74987500
16.44950000
16.75800000
17.18050000
16.19270800
16.66620800
16.65479200
16.80679200
16.56916600
16.72633400
16.66087500
16.64920800
16.76554200
16.70858300
16.70254200
16.56691600
16.71162500
16.66408400
16.73062500
16.62962500
16.70550000
16.64316600
16.67879200
16.73745800
16.63333400
16.70691600
16.55412500
16.73887500
16.64970900
16.81000000
16.57916600
16.79129200
16.62654200
16.62420800
16.77016700
16.63170800
16.61483300
17.04350000
16.41404200
16.44750000
16.91137500
16.64345800
16.67537500
16.78662500
16.64850000
16.66841700
16.71779200
16.89687500
16.45600000
16.74108300
16.72075000
16.54479200
16.68875000
16.81745800
16.41870800
16.87800000
16.71804200
16.72337500
16.62204200
16.68708300
16.64054200
16.73833300
16.67220800
16.75587500
16.62054200
16.64108300
16.58004200
16.80350000
16.56766700
16.88970800
16.57966700
16.57808300
16.80983300
16.62558400
16.88750000
16.57808300
17.35125000
16.57495800
16.20812500
16.57583400
16.62258300
16.84591700
16.63408300
16.91529200
16.46541600
16.64945900
16.67745800
16.63475000
16.70695800
16.61345900
16.74866600
16.68725000
16.63741700
16.74741700
16.59908300
16.67425000
16.74579200
16.71079100
16.61350000
16.76891700
16.66337500
16.62208300
16.72183400
16.74866600
16.58525000
16.74754200
16.66641700
17.04508300
16.39600000
16.94579200
16.73120800
16.48883300
16.78416700
16.50462500
16.58362500
16.65304200
16.88175000
16.47075000
16.70604100
16.77279200
16.59283300
16.46662500
16.97354200
17.08350000
16.12945800
16.85754200
16.59254200
16.57904100
16.85975000
16.64158400
16.60958300
16.70325000
16.71012500
16.71675000
16.76170800
16.64983400
16.42558300
16.72691700
16.82045800
16.57512500
16.85625000
16.63100000
16.53075000
16.88041700
16.60245800
16.49466700
16.74412500
16.82737500
16.59025000
16.69308300
16.83591700
16.56408300
16.72179200
16.73195800
16.58795800
16.76841700
16.81954200
16.40362500
16.88479100
16.65479200
16.50012500
16.77679200
16.72020800
16.66720800
16.63641700
16.88579200
16.51387500
16.89787500
16.55983300
16.49466700
16.86779100
16.63458400
16.60100000
16.77937500
16.70229100
16.77491700
16.59500000
16.64666700
16.76933300
16.54720800
16.70079200
16.67408300
16.75441700
17.02150000
21.76545800
11.74704200
17.37504200
17.26258300
15.38712500
17.30987500
40.00804200
9.83175000
8.77791600
15.03933400
15.36070800
10.45458300
17.12525000
15.97362500
16.51841700
16.79395800
16.82008400
16.38362500
16.74354100
16.71600000
16.84666700
16.54512500
16.75075000
16.46779200
16.76075000
16.63679100
16.67787500
16.74216700
16.87050000
16.41691700
16.63570800
17.06812500
16.53600000
16.59704200
16.65704100
16.69645900
16.62908300
16.70962500
16.62608300
16.69329200
16.70825000
16.68575000
16.62195800
16.89383400
16.60008300
16.65508300
16.51820900
16.82000000
16.71029100
16.61591700
16.70162500
16.72783300
16.63783400
16.64287500
16.77487500
16.51891600
16.77791700
16.69754200
16.63733300
16.84370800
16.62391700
16.64904200
16.72070800
16.57787500
16.63183300
16.70175000
16.80354200
16.62233300
16.60529200
16.84366700
16.99220800
16.45058300
17.28362500
16.57750000
16.25737500
17.32704200
16.26650000
16.38625000
16.63891700
16.63541600
16.62579200
16.75891700
16.50554100
16.63591700
16.89575000
16.69720800
16.58733400
16.53495800
16.81870800
16.65783400
16.78754100
16.58512500
16.69804200
16.64916700
16.63641600
16.77454200
16.56154200
16.77495800
16.67304200
16.69779100
16.69050000
16.76925000
16.56125000
17.06191700
16.29287500
16.73329200
16.68641600
16.61908400
16.75491600
16.57412500
17.04416700
16.56795800
16.98358400
16.48879100
16.62912500
16.66366700
16.61179200
16.64479100
16.74262500
16.86200000
16.42333400
16.78362500
16.69254100
16.64516700
16.74437500
16.90737500
16.41862500
16.77816700
16.58241600
16.66087500
17.04583400
16.55175000
16.68383300
16.66379200
16.72687500
16.49450000
16.71000000
16.70237500
16.71033300
16.96733300
16.58920900
16.59537500
16.72329100
16.60162500
16.73954200
16.75191700
16.57958300
16.70425000
16.33575000
16.46962500
17.22725000
16.50645800
16.62095900
16.69266600
16.65204200
16.64566700
16.64420800
16.81295800
16.48175000
16.91408400
16.63745800
16.47279200
16.88687500
16.78441600
16.49137500
16.73920900
16.62041600
16.70766700
16.81704200
16.68612500
16.52375000
16.79120800
16.72470800
16.54912500
16.78095900
16.52729100
16.78370900
16.69079100
16.75608400
16.62645800
16.65870800
16.69270900
16.64041600
16.69904200
16.75412500
16.47783300
16.87108400
16.69012500
16.54258300
16.53216700
17.52000000
16.41387500
16.76808300
16.31962500
16.71120800
16.62020900
16.62225000
16.76862500
16.83129100
16.51629200
16.74325000
16.60116700
16.57358300
16.86212500
16.57379200
16.79333300
16.72604200
16.51458300
16.73754200
16.65679100
16.68050000
16.60166700
16.85562500
16.68762500
16.66854200
16.61083300
17.29304200
16.76212500
16.17583300
16.64512500
16.59291700
16.63750000
16.83245800
16.62391700
16.75862500
16.61258300
16.73637500
16.66945800
16.48987500
16.71225000
16.65500000
16.83558400
16.61991600
16.61879200
16.64654200
16.74104100
16.80225000
16.60125000
16.71529200
16.90358300
16.35933400
16.71920800
16.78350000
16.93870800
16.45816700
16.62616700
16.54900000
16.73062500
16.96516600
16.59766700
16.88308300
16.45470900
16.50641600
16.75595900
16.53600000
16.85762500
16.67783300
16.64483300
16.60808400
16.86162500
16.68604100
16.64291700
16.51825000
16.89295800
16.48045900
16.62287500
16.75845800
17.00458300
16.46254200
16.61333300
16.65779200
16.73745800
16.67337500
16.61183400
16.84408300
16.51050000
16.70587500
16.81300000
16.68425000
16.57904200
16.72604100
16.65266700
16.75712500
16.87395800
16.51325000
16.63412500
16.79870900
16.72216600
16.46141700
16.70029200
16.70491600
16.75912500
16.70854200
16.70866700
16.50779100
16.76954200
16.80258300
16.63516700
16.60925000
16.78420800
16.41641700
16.88833300
16.69391700
16.64400000
16.73625000
16.80141700
16.67362500
16.58187500
16.60895800
16.67858300
16.84125000
16.56187500
16.55291700
16.79983300
16.55512500
16.89050000
16.57816700
16.71045800
16.63883400
16.93520800
16.39916700
16.71545800
16.68687500
16.63004200
16.62508300
16.85591700
16.54658300
16.62416700
16.88945800
16.47120800
16.72616700
16.79200000
16.54425000
16.74541700
16.61995800
16.75275000
16.71170800
16.77687500
16.39125000
16.88875000
16.99175000
16.34416700
17.08283300
16.67687500
16.37616700
16.73520800
16.89175000
16.39575000
16.74716700
16.70350000
16.69237500
16.72037500
16.80262500
16.61483300
16.56770900
16.70087500
16.64054100
16.75616700
16.53620800
16.98245900
16.54570800
16.44766700
16.78841600
16.78691700
16.70525000
16.61250000
16.62495800
16.65862500
16.77520900
16.68691600
16.74733400
16.64637500
16.63954100
16.89616700
16.75050000
16.76141700
16.61929100
16.44462500
16.73137500
16.63812500
16.60208400
16.73262500
16.59512500
16.66404100
16.81887500
16.61458400
16.83250000
16.49862500
16.76641600
16.56970900
16.87529100
16.61295900
16.64950000
16.75229100
16.39816700
16.90791700
16.54966600
16.80575000
16.76583400
16.67583300
16.51337500
16.79362500
16.92020800
16.55879200
16.54075000
16.56420800
16.81579200
16.73808300
16.66370900
16.63733300
16.70995800
16.59716700
16.66429200
16.89220800
16.59683300
16.62937500
16.75970900
16.63025000
16.55570800
16.92800000
16.58858300
16.69941700
16.69825000
16.64883300
16.64275000
16.79137500
16.54341700
16.79979200
16.59245800
16.60012500
16.87870800
16.68216700
16.66479200
16.66516600
16.56308400
16.57691600
16.86983400
16.78387500
16.36195800
17.02320800
16.62770900
16.46700000
16.80066600
16.71112500
16.69641700
16.68629200
16.59629100
16.55925000
16.94045900
16.55904100
16.63758400
16.81979100
16.74683400
16.36841600
16.90254200
16.79662500
16.57416700
16.64900000
16.69312500
16.57416600
16.89166700
16.63862500
16.93637500
16.72383300
16.42366700
16.75308300
18.23829200
15.78158300
16.20633400
16.34595800
16.74933300
16.61466700
16.85562500
16.69875000
16.50566700
16.91375000
16.41887500
16.70687500
16.83283300
16.57150000
16.67366700
16.81162500
16.51170800
16.80987500
16.72116700
17.48241600
16.06737500
16.89783400
16.50733300
17.61233300
15.62879200
17.25700000
16.12270800
16.59304200
16.89887500
16.43450000
16.81808300
16.64395900
16.46729100
17.01158400
16.94708300
16.36862500
16.52254200
17.10491600
16.34929200
17.11529200
16.35025000
16.71795800
16.45562500
16.54062500
17.28975000
18.02425000
15.09066700
16.61266600
16.74616700
16.89954200
17.36091600
15.67595900
16.85316600
16.54158400
16.61175000
16.76508300
17.25020800
17.84862500
14.81504200
16.58862500
16.66458300
16.88441700
16.63791700
17.43158300
16.22495800
16.76758400
16.20941600
16.69195900
16.65308300
16.83425000
16.85325000
79.35295800
21.37241700
20.71225000
17.63454200
9.64833300
8.64425000
8.92933300
7.91816700
9.87187500
8.76637500
8.20204200
8.87737500
7.95929100
15.38937500
17.15933400
16.55900000
16.47254100
17.01583400
16.30287500
16.75725000
16.54950000
16.95508300
16.65320800
17.27666700
16.20741700
16.77775000
16.62308300
16.38000000
16.37208300
16.85558400
16.76533300
16.57058300
16.83562500
16.68841700
16.56708300
16.81666700
16.29279200
16.75550000
16.99100000
16.77187500
16.46904100
16.65229200
16.51962500
17.09500000
16.89804200
16.19258300
16.87666700
16.57687500
16.71200000
16.85079100
16.72000000
16.44116700
16.57475000
16.80008300
17.04479200
16.40020800
16.94670900
16.61320800
16.75229200
16.73337500
16.46595800
16.72420800
16.72270900
16.71879100
16.52762500
16.76850000
16.61991700
16.87654200
16.42791600
16.96570900
16.54370800
16.71629200
16.89270800
16.48920800
16.78912500
16.53712500
16.74891700
16.51658300
16.91062500
16.34408400
16.94820800
16.88466700
16.66162500
16.59733300
16.77837500
16.91729200
16.23116600
16.76350000
16.37829200
16.83479200
16.93270800
16.47270800
16.57716700
16.46566700
16.80583300
16.76295800
16.78291700
16.44670800
16.79820900
16.54812500
16.82995800
16.51404200
16.64375000
16.74191600
17.28562500
16.35358400
18.33387500
14.77420800
16.74458300
16.64433400
16.41037500
16.98337500
16.80091600
16.51462500
17.01545900
16.53212500
16.61641600
16.71225000
16.77066700
16.44245800
16.71566700
16.59312500
16.77900000
16.78120800
16.61604200
16.56729200
16.87933300
16.52658300
16.80250000
16.51812500
16.92729200
16.45425000
16.73883300
16.79562500
16.63462500
16.64187500
16.81562500
16.85666700
16.73208300
16.77591700
16.79162500
16.40658300
16.55225000
16.56683400
16.73945800
16.74708300
16.76283400
16.67704100
16.64162500
16.61750000
16.79954200
16.62912500
16.72075000
16.61237500
16.69645800
16.65425000
16.76129200
16.60866700
16.63575000
16.61350000
16.66325000
16.81075000
16.45595800
16.54204200
16.95591600
16.77479200
16.54500000
16.58054200
16.73954100
16.70204200
16.65645800
16.76220900
16.55958300
16.76804200
16.59412500
16.69900000
16.86245800
16.72420800
16.40175000
16.91066700
16.81654200
16.92591600
16.14604200
16.92100000
16.62516700
16.64475000
16.80529100
16.52037500
16.87745900
16.48991600
16.89412500
16.54691700
16.76358300
16.81083400
16.55145800
16.46183300
16.99145900
16.63633300
16.50908300
16.47304200
16.94595800
16.71925000
16.82870900
16.44725000
16.67979100
16.63125000
16.86783400
16.45087500
16.68183300
16.81100000
16.87637500
16.55800000
16.60129200
16.59058300
16.88329200
16.60608300
16.57762500
16.65687500
16.88466700
16.45504100
16.79675000
16.52154200
16.66337500
16.81041700
16.72133300
17.13387500
16.28245800
16.63012500
16.75087500
16.72250000
16.61300000
16.71087500
16.79150000
16.60395900
16.64725000
16.43108300
16.81575000
16.75600000
16.70491700
16.64750000
16.74637500
17.02312500
16.16395800
16.62741700
16.80066600
16.57529200
16.81804200
16.66395800
16.71395800
16.69200000
16.58179200
16.51145800
17.18291700
16.57508300
16.62116700
16.59141700
16.54620800
16.56416700
16.78425000
17.05125000
16.24804100
17.35758400
16.27304100
16.44900000
16.99075000
16.36866700
16.76950000
16.87883300
16.46566700
16.69683300
16.84233400
16.56354100
16.68941700
16.72808300
16.51750000
17.05883400
16.52179100
16.67570900
16.57558300
16.67566700
16.62012500
16.72070800
16.59816700
16.91095800
16.54970800
16.89187500
16.91504200
16.64412500
16.95891700
16.24550000
16.60362500
16.64316600
16.66945900
16.77991600
16.69545900
16.64133300
16.69758300
16.66941700
16.65991700
16.69000000
16.70737500
16.63062500
16.89254100
16.46433400
16.55608300
16.82970800
16.72112500
16.59854200
16.75641700
16.64625000
16.57987500
16.77004100
17.01004200
16.68708300
16.45166700
16.68712500
16.51858300
16.89158400
17.11254100
16.80808400
16.56041600
16.64775000
16.64675000
16.61762500
16.25025000
16.75483400
16.69200000
16.74716600
16.37704200
16.80525000
17.13120800
16.10258400
16.77950000
16.68387500
16.67270800
16.73337500
16.61945800
16.68845900
16.95212500
16.44245800
16.71670800
16.72508400
16.85166600
16.63533400
16.54041600
16.72816700
16.91045800
16.43833400
16.69883300
16.67783300
16.68579200
16.67541700
16.67229100
16.65204200
16.92570800
16.52808400
16.65066600
16.51816700
16.95420800
16.55587500
16.50850000
16.95750000
17.05975000
16.12429200
16.79479200
16.81162500
16.49125000
16.80825000
16.56100000
16.50904100
17.02970900
16.58212500
16.74212500
16.76200000
16.46870800
16.82762500
17.66995800
16.38270900
16.17404100
16.57295900
16.77575000
16.50725000
16.97300000
16.63387500
16.62737500
16.75995800
16.77170800
16.31570900
16.81520800
16.65341700
17.22820800
16.14862500
16.62991700
16.76904100
16.67325000
16.60987500
16.68833400
16.58950000
16.76512500
16.56441600
16.71433400
16.67512500
16.51695800
16.85029200
16.58679100
16.81216700
16.86970800
16.39537500
16.78591700
16.77195800
16.33658400
16.92070800
16.52870800
16.78304200
16.74262500
16.63487500
16.61225000
16.75879200
16.67158300
16.56633300
16.76295900
17.06687500
16.40629100
16.59504200
16.70941700
16.56229100
16.82670900
16.78604100
16.64241700
16.68520800
16.67612500
16.45066700
17.02783300
16.65066700
16.45925000
16.79400000
16.68725000
16.63175000
16.71737500
16.70675000
16.62154200
16.83704100
16.66812500
16.49970900
16.79233300
16.66745800
16.64554200
16.69379200
16.60945800
16.75770800
16.72912500
16.65537500
16.57537500
16.79804200
16.64083300
16.53579200
16.86104200
16.64708300
16.69033300
16.74200000
16.55045900
16.85066600
16.56616700
16.71454200
16.63958300
16.69145800
16.63916700
16.67141700
16.88450000
16.57658300
16.74966700
16.63554100
16.68033400
16.70670800
16.65979200
16.50604100
16.86375000
16.71970900
16.59033300
16.67841700
16.69508300
17.18645800
16.21795900
16.77616600
16.64095900
16.66975000
16.66854100
16.54375000
16.83325000
16.63729200
16.62858300
16.75504200
16.87716700
16.58045800
16.64720800
16.75679200
16.54029200
16.73687500
16.61208300
16.77979200
16.62308300
16.87879200
16.62629100
17.07120900
16.67387500
16.68770800
16.33929200
16.59825000
16.64979100
16.62508400
16.73304100
16.68341700
16.69354200
16.57595800
16.78562500
16.68070800
16.84179200
16.58087500
16.59966700
16.54775000
16.85695800
16.66241700
16.54258300
16.74683300
16.67820900
16.65129100
16.78333400
16.82904100
16.42250000
16.79058400
16.63962500
16.69541600
16.73120900
16.72604100
16.20375000
17.09745900
16.72170800
17.15866700
16.66316600
16.54716700
16.63533300
16.65845900
16.60412500
16.49783300
16.79370800
16.72845900
16.61887500
16.72095800
16.61450000
16.64279200
16.96679100
16.49845900
16.76658300
16.73608300
16.66958400
16.51966600
16.69650000
16.75275000
16.66220900
16.65908300
16.75237500
16.69045800
17.72929200
15.55012500
16.56733300
16.66620900
16.60745800
16.77029200
16.61779100
16.73037500
16.80687500
16.45070900
16.74770800
16.73720800
16.67575000
16.67387500
16.56575000
16.83845900
16.54708300
16.76362500
16.61650000
16.77279200
16.66475000
16.67716600
16.63462500
16.62929200
16.83750000
16.61337500
16.84162500
16.56745800
16.62770900
16.70870800
16.76041700
16.42000000
16.95795800
16.64083300
16.57687500
16.76145900
16.75687500
16.58600000
16.68516600
16.81133400
16.47829100
16.78462500
16.74704200
16.65916700
16.65500000
16.76879100
16.52008400
16.80833300
16.69470800
16.57679200
16.85904200
17.06733300
16.16545800
16.82237500
16.57366700
16.63358300
16.67933400
16.57375000
16.87404100
16.77262500
16.46112500
16.95670900
16.47941600
16.70720900
16.61050000
16.57975000
16.76058300
16.75291700
16.82600000
16.59975000
16.69295800
16.62466700
16.57387500
16.76450000
16.65737500
16.93783300
16.45312500
16.73550000
16.57141700
16.78608300
16.78320800
16.49175000
16.84016700
16.46883300
16.83625000
16.67487500
16.56229200
16.70287500
16.84879200
16.59658300
16.43070800
17.04470900
16.92825000
16.67287500
16.57250000
17.86262500
15.36600000
16.50850000
16.81058300
16.77920800
16.53337500
16.72125000
16.73820900
16.60212500
16.88462500
16.79716600
16.83095900
16.55858300
16.77495800
16.34991700
16.86633300
16.77250000
16.57354200
16.56916700
16.54229100
16.77937500
16.79854200
16.51625000
16.81266700
16.72783300
16.58895800
16.56716700
16.58916700
16.80462500
16.58554100
16.67841700
16.81383300
16.72641700
16.36800000
16.89529200
16.67087500
16.72391600
16.68912500
16.70937500
16.65595900
16.71279100
16.61466700
16.61420800
16.71470900
16.71662500
16.62420800
16.83566700
16.66979100
16.63262500
16.63641700
16.97450000
16.69400000
16.64458300
16.62362500
16.60195900
16.68241600
16.71966700
16.61920800
16.73275000
16.64087500
16.70258400
16.60666600
16.80312500
16.71129200
16.70620800
16.57008400
16.64258300
16.78166700
16.61916600
16.55837500
16.83112500
16.43533400
16.88058300
16.54833300
16.62641700
17.48729200
16.28283300
16.67079200
16.71195800
17.03945800
16.27708400
16.64508300
16.73404200
16.52500000
16.99350000
16.40616600
16.59050000
16.78741700
16.70045800
16.53004200
16.74120800
16.67612500
16.65820900
16.88312500
16.59391600
16.57891700
16.74495800
16.75066700
16.50420800
16.79337500
16.64525000
16.68108400
16.65479100
16.73612500
16.59712500
16.76462500
16.83412500
16.50608400
16.74200000
16.62316600
16.77991700
17.03633300
16.59570900
16.67404100
16.50833400
16.47000000
16.85179100
16.65058400
16.63291600
16.62312500
16.88975000
16.29829200
16.79812500
16.74920800
16.82375000
16.56983400
16.52520800
16.77379200
16.84541600
16.68537500
16.60825000
16.62466700
16.61300000
16.79912500
16.82770800
17.26904200
15.97166700
16.85445800
16.43837500
16.58925000
16.71170800
16.82950000
16.53783400
16.78629100
16.84958400
16.53595800
16.66795800
16.70345900
16.58816600
16.92175000
16.48187500
16.63620900
16.73916600
16.83816700
16.25166700
16.98904100
16.79637500
16.50191700
16.78941700
16.63845800
16.71829200
16.75520800
16.57512500
16.76762500
16.56175000
16.77629200
16.52308300
16.88075000
16.55837500
16.72775000
16.72775000
16.63262500
16.65500000
16.81145800
16.52641700
16.65775000
16.76195800
16.58054200
16.66391700
16.94795800
16.54204200
16.71537500
16.74400000
16.65366600
16.69341700
16.72008300
16.54308400
16.68933300
16.50604200
16.92929100
16.76716700
16.49308300
16.60475000
16.87454200
16.59662500
17.03295800
16.46362500
16.64883400
16.59908300
16.76945800
16.85387500
16.45566700
16.71083300
16.66333400
16.68441600
16.74325000
16.58237500
16.54450000
17.74866700
16.28104200
21.04829100
12.78625000
16.09112500
17.91933400
15.63400000
16.29970800
16.60625000
16.59854200
16.67841600
16.57766700
16.83225000
16.61304200
16.86887500
16.52541600
16.58258400
16.76062500
16.68429100
16.74233400
16.54604100
16.61554200
16.86233300
16.74091700
16.82154200
17.19070800
17.13608300
15.71400000
19.15183400
15.53420800
15.60845800
16.94762500
16.31470900
16.56016600
16.68116700
17.04262500
16.71812500
16.42962500
16.92691700
16.50587500
16.40200000
17.31979100
16.67533400
16.37162500
16.77995800
16.88833300
16.23787500
16.78254200
16.74554200
16.47941600
17.01145900
16.44608300
16.42283300
16.72587500
16.60062500
16.92345900
16.56987500
16.72175000
16.71795800
16.62325000
16.69591700
16.58475000
16.67037500
16.69000000
16.55662500
16.56516600
16.68929200
16.65300000
16.88000000
16.78120800
16.48504200
16.75333300
16.55862500
16.70408400
16.78412500
16.52379100
16.75095900
16.70762500
16.83416600
16.59441700
16.68558300
16.78158400
16.60495800
16.72866700
16.58683300
16.76212500
16.65850000
16.59658300
16.75741700
16.60579200
16.72670800
16.64358300
16.66750000
16.62479200
17.39445800
16.08150000
16.86512500
16.52125000
16.71016700
16.55683300
16.63520900
16.82554100
16.83179200
16.60562500
16.75104200
16.35737500
17.04112500
16.64862500
16.95483300
16.44525000
16.75004200
16.53758300
16.77166700
16.63312500
16.66766600
16.75504200
16.81379200
16.48120800
16.57929200
16.68675000
16.65675000
16.77687500
16.54683300
17.19629200
16.52025000
16.40162500
16.69887500
16.64750000
17.15541600
16.78675000
16.57225000
16.58208400
16.61733300
16.42304200
16.54462500
16.75987500
16.91437500
16.72954100
16.46708400
16.84945800
16.76095800
16.73645900
16.74895800
16.62875000
16.34791700
17.16933300
16.09912500
16.81450000
16.77975000
16.62520800
16.61450000
16.77208400
16.54291600
16.77570900
16.48133300
16.68712500
16.95833300
16.81241700
16.26133300
17.00541700
16.67629200
16.64570800
16.65620800
16.66537500
16.72070900
16.70129100
16.66016700
16.76904200
16.46270800
16.90583300
16.56845900
16.68320800
16.78491700
17.23766600
16.21412500
16.57566700
16.78916700
16.63254100
16.66587500
16.67529200
16.67300000
16.56904200
16.76641600
16.68595900
16.72637500
16.48425000
16.75454100
16.78183400
16.58033300
16.72908300
16.45662500
16.92575000
16.78779200
16.48958300
16.57916700
16.76241700
16.47937500
16.92579100
16.56037500
16.75529200
16.77525000
16.71012500
16.59916700
16.73958300
16.80708300
16.42829200
16.76308300
16.53200000
16.76045900
16.81479100
16.50625000
16.65529200
16.90658300
16.59850000
16.52895900
16.84908300
16.84058300
16.72720900
16.64354100
16.64966700
16.67183300
16.75441700
16.64425000
16.52937500
16.75525000
16.72070800
16.61000000
16.73462500
16.65687500
16.77079200
16.69062500
16.54966700
16.77033300
16.68970800
16.61104200
16.66283300
16.81029200
16.52466700
16.61958300
16.90600000
16.63491700
16.64233300
16.63562500
16.72995800
16.68116700
16.68758300
16.44900000
16.87770900
16.67829100
16.64754200
16.74725000
16.75608300
16.61225000
16.70400000
16.60375000
16.61241700
16.69800000
16.81766700
16.54912500
16.76620800
16.71641700
16.64666600
16.74916700
16.67200000
16.54395800
16.88458400
16.57333300
16.60787500
16.79479200
16.71595800
16.82350000
16.55587500
16.70204200
16.70250000
16.69495800
16.55279200
16.88362500
16.52695800
16.69629200
16.60475000
16.65300000
16.62525000
16.97783300
16.47816700
16.58775000
16.76829100
17.49579200
15.74795800
16.88691700
16.82920800
16.51729200
16.74575000
16.70100000
16.48316700
16.86379100
16.58629200
16.76375000
16.65866700
16.80395800
16.34083300
16.96400000
16.53795900
16.74037500
16.71795800
16.74850000
16.49454200
16.67029100
16.61825000
16.87579200
16.66679200
16.78225000
16.50233300
16.90041700
16.37745800
16.82529200
16.68108300
16.73529200
16.46250000
17.03575000
16.53829100
16.94425000
16.59495900
16.80458300
16.62970800
16.43020900
16.76795800
16.73179200
16.47937500
16.93525000
16.58016600
16.64400000
16.66462500
16.68575000
16.64437500
16.57979200
17.12270800
16.38062500
16.62320900
16.73358300
16.70379200
16.57458300
16.74483300
16.76158400
16.57908300
16.69395800
16.91595900
16.90333300
16.44850000
16.63229200
16.52433300
16.73275000
16.68354200
16.54100000
16.79245800
17.04154200
16.68416600
16.60854200
16.63700000
16.27495800
16.86200000
16.58358400
16.72404100
16.72458400
16.88629100
16.42441700
16.76891700
16.62370800
16.90641700
16.44383300
16.75062500
16.55379200
16.64816600
16.86212500
16.62833400
16.56170800
16.84933300
16.53787500
16.79025000
16.62300000
16.60420900
16.78737500
16.67487500
16.66162500
16.76045800
16.64675000
16.72158300
16.56962500
16.50083400
16.83179100
16.80191700
16.54312500
16.94425000
16.57379200
16.62541600
16.69245900
16.80891600
16.58300000
16.58295900
16.71625000
16.71595800
16.78500000
16.59154200
16.64479100
16.71075000
16.76320900
16.54483300
17.34420800
16.12379200
16.76375000
16.63525000
16.61275000
16.71408300
16.70237500
16.68075000
16.64545900
16.80537500
16.67637500
16.43495800
16.68212500
16.83112500
16.44037500
16.81608300
16.78391700
16.94441700
16.52591600
16.45741700
16.75250000
16.67887500
16.78400000
16.71166700
16.60100000
16.73908300
16.72950000
16.58012500
16.78716700
16.52808300
16.76920800
16.51429200
16.82912500
16.70183300
16.56954200
16.82304200
16.74350000
16.31137500
16.91966600
16.70345900
16.66575000
16.77200000
16.65062500
16.64037500
16.85333300
16.54741700
16.44616600
16.94225000
16.66479200
16.70975000
16.91687500
16.38070800
16.66533400
16.73000000
16.61200000
16.64733300
16.76891700
16.66512500
16.69675000
16.85712500
16.76662500
16.39891600
16.89187500
16.40029200
16.71295800
16.80533400
16.89204100
16.35129200
16.73579200
17.03891600
16.37329200
16.76108300
16.59850000
16.44337500
16.89404200
16.76229200
16.67162500
16.89441600
16.65308400
16.51504100
16.62966700
16.67333300
16.68287500
16.70079200
16.87920800
16.49237500
16.71145900
16.65295800
16.68241700
16.68704100
16.62029200
16.60541700
16.81375000
16.82437500
16.56529100
16.65987500
16.51650000
16.81995900
16.65587500
16.86583300
16.41425000
16.71491700
16.89391600
16.70841700
16.58283300
16.61004200
16.61191700
16.97041600
16.37429200
17.10975000
16.33737500
16.58933300
16.84741700
16.74462500
16.52437500
16.72558300
16.75812500
16.54270900
16.77045800
16.75616700
16.77975000
16.55825000
16.80858300
16.51925000
16.76812500
16.59866700
16.66650000
16.69916600
16.67345900
17.08550000
16.47770800
16.98204200
16.47550000
16.49879100
16.65445900
16.81387500
16.55304100
17.02991700
16.43758300
16.57920900
16.57879100
16.97012500
16.46387500
16.71758400
16.77691600
16.60679200
16.79670800
16.58679200
16.72783300
16.54583400
16.90550000
16.51091600
16.57750000
16.80125000
16.62158400
16.66200000
16.84879100
16.60862500
16.57387500
16.79037500
16.71312500
16.59145900
16.74854100
16.66541700
16.73091700
16.96020800
16.58537500
16.73733300
16.81687500
16.38904200
16.44725000
16.86216700
16.60408300
16.71345800
16.73358400
16.69866600
16.50366700
16.76787500
16.64750000
16.76645800
16.79029200
16.60700000
16.77162500
16.71741700
16.48995800
16.79704200
16.72129100
16.62895900
16.50775000
16.92075000
16.61287500
16.52787500
16.76745800
16.69916700
16.56783300
16.80025000
16.64837500
16.95862500
16.71775000
16.46554200
16.66741600
16.56420900
16.64508300
16.84945800
16.57437500
16.97808400
16.75954100
16.34670900
16.76000000
16.64087500
16.70600000
16.43637500
16.75258300
16.80770800
16.66679200
16.56841700
16.85550000
16.53425000
17.01850000
16.51466600
16.57275000
16.80479200
16.71620800
16.66925000
16.76770900
16.68058300
16.55383300
16.90191700
16.58191700
17.13491600
16.29795900
16.68520800
16.65770800
16.71391700
16.56620800
16.87879200
16.68420800
16.66666700
16.45904200
16.96062500
16.87237500
16.24616600
16.77125000
16.76400000
16.68575000
16.53625000
16.68845900
16.84233300
16.63183300
16.62875000
16.54654200
16.83112500
16.60612500
16.81500000
16.49708300
16.54862500
16.88987500
16.77241700
16.47241700
16.72125000
16.80275000
16.76212500
16.49175000
16.35316600
16.79695900
17.13904100
16.51341700
16.54766700
16.81183300
16.48720800
16.63400000
16.83133400
16.79662500
16.50837500
16.75525000
16.67633300
16.67141700
16.69737500
16.69808300
17.03395800
16.59537500
16.53591700
16.45704200
16.67812500
16.77508300
16.92100000
16.27825000
16.92537500
16.56062500
16.78975000
16.68133300
16.64741700
16.65812500
16.72133300
16.85366700
16.46733300
16.74241700
16.59154200
16.68283300
16.58712500
17.09362500
16.83658300
16.53420900
16.48591600
16.62395900
16.61500000
16.77533300
16.60025000
16.77616700
16.79158300
16.47058300
16.71850000
16.70258400
16.77683300
16.44479200
16.77187500
16.81112500
16.74204100
16.55316700
16.64512500
16.76150000
16.61737500
16.64104200
16.68191600
16.69162500
16.78383400
16.69087500
16.68479100
16.64645900
16.70575000
16.85395800
16.44687500
16.62720800
16.70325000
16.81258400
16.49512500
16.71795800
16.70516700
16.76891600
16.47050000
16.90375000
16.63220900
16.82675000
16.52279100
16.69133400
17.09620800
16.54241700
16.82870800
16.34195800
16.74654200
16.68887500
17.20754200
16.80616600
16.18433400
16.64983300
16.70804200
16.65691600
16.71133400
16.43129100
16.75666700
17.19779200
16.36029100
16.82700000
16.53425000
16.51008400
16.67933300
16.65654200
16.76370800
16.67508300
16.78929200
16.54429200
16.69233300
16.64095800
16.64379200
16.71879200
16.76370800
16.52958300
17.05133400
16.56875000
16.55241600
16.88829200
16.81204200
16.44129100
16.73100000
16.53716700
16.49983300
16.88879200
16.73237500
16.58104200
16.67216600
16.59550000
16.83162500
16.62783400
16.66120800
16.61450000
16.82441700
16.64787500
16.73462500
16.58545800
16.75600000
16.58087500
16.74070800
16.60600000
16.64712500
16.75066700
16.60291700
16.91295800
16.60320800
16.62404200
16.74862500
16.68891700
16.60241600
16.71833400
16.68166600
16.63837500
16.77416700
16.68720800
16.58554200
16.72225000
16.54825000
16.92516700
16.59733300
16.72637500
16.65395800
16.60850000
16.76683400
16.47516600
16.78550000
16.67054200
16.74341700
16.68970800
16.77070800
16.53154200
16.78841700
16.68212500
16.45050000
16.97137500
16.81325000
16.41529100
16.63004200
16.84420800
16.57616700
16.77841700
16.77487500
16.70583300
15.91691700
17.30295800
16.80791700
16.49016600
16.64137500
16.55495900
16.81862500
16.50641600
17.25866700
16.46437500
16.35104200
16.82941600
16.84987500
16.54166700
16.52020800
16.73662500
16.69095900
16.88808300
16.74504200
16.28912500
17.09933300
16.61295800
16.39070900
16.87937500
16.69112500
16.63408300
16.68925000
16.70045800
16.55837500
16.74420900
16.78508300
16.42800000
16.67466700
16.95525000
16.54508300
16.83795800
16.64250000
16.45662500
16.74312500
16.72616700
16.70654200
16.74733300
16.63233300
16.61287500
16.83416700
16.54600000
16.47379200
16.99633300
16.90433300
16.40550000
16.51225000
17.02720900
16.47337500
16.64029100
16.45412500
17.06183400
16.61891600
16.75000000
16.47729200
16.85466700
16.67354100
16.66512500
16.55641700
16.48487500
16.96941700
16.69375000
16.58295800
16.75058300
16.57420900
16.75287500
16.73562500
16.70579100
17.05195900
16.24562500
16.87370800
16.32895800
16.99341700
16.65912500
16.35091700
17.01766600
16.74691700
16.47587500
16.77158300
16.77558400
16.56354100
16.76262500
16.66620900
16.59150000
16.67895800
16.67741700
16.55470800
16.94595800
16.68804200
16.47325000
16.77416700
16.91295800
16.30829200
16.89400000
16.79641600
16.38920900
16.85333300
16.75987500
16.43670800
16.96862500
16.64704200
16.51045800
16.79362500
16.50616700
16.99900000
16.36454200
16.79212500
16.65320800
16.94462500
16.62866700
16.83404100
16.93345900
16.12116600
16.99241700
16.44708300
16.64850000
16.83087500
16.79883400
16.44550000
16.70983300
16.64441700
16.63737500
16.71208300
16.76750000
16.57754200
16.72958300
16.62329200
17.21466600
16.70245900
16.89820800
16.36691700
16.43387500
16.56366600
16.80312500
16.61341700
16.61975000
16.85066700
16.54295800
16.72300000
16.60566700
16.93354100
16.37141700
16.63929200
16.74416600
17.03100000
16.49562500
16.81850000
16.50279200
16.39670800
16.85812500
16.81795900
16.71541600
16.68191700
16.68512500
16.67716700
16.54487500
16.63012500
16.90116600
16.56208400
16.77904100
16.70520900
16.44816600
16.79770900
16.62766600
16.78429200
16.59183300
16.71954200
16.89641700
16.46629100
16.74341700
16.36158300
16.77020900
16.81775000
16.70579100
16.59458400
16.84745800
16.63087500
16.49383300
16.85495900
16.65741600
16.61737500
16.79804200
16.64220800
16.69891700
16.75762500
16.58579200
16.61225000
16.93066600
16.51329200
16.54541700
16.75250000
16.75566600
16.60145900
16.85708300
16.59579200
16.61458300
16.77945800
16.68900000
16.50779200
16.78862500
16.75266700
16.43908300
16.90654200
16.75483300
16.56854200
16.80683300
16.86266700
16.43370800
16.57637500
16.80937500
16.66937500
16.88633300
16.58120900
16.60483300
16.54575000
16.77575000
16.75962500
16.62687500
16.66691700
16.79337500
16.55283300
16.68120800
16.68525000
16.78975000
16.42775000
16.85400000
16.70275000
16.94379200
16.54816700
16.43937500
16.71054100
16.74250000
16.70020900
16.65020800
16.52729200
16.74212500
16.95450000
16.54945800
16.72233300
16.52308400
16.67833300
17.82779200
15.90325000
16.61916600
16.74554200
16.46087500
17.15654200
16.53854100
16.67700000
16.61466700
16.78979200
16.40400000
16.65387500
17.22833300
16.09587500
17.43641700
16.07983300
16.94654200
16.30629100
16.71183400
16.74312500
16.59433300
16.50366700
16.79512500
16.63200000
16.77429100
16.68379200
16.69662500
16.63441700
16.46337500
16.85141600
16.76770900
16.65687500
16.66079100
16.60633400
16.71037500
16.78783300
16.54791700
16.75395800
16.68150000
16.89066700
16.46550000
16.52558300
16.69620800
16.84675000
16.79420900
16.51095800
17.27533300
16.25345900
16.46891600
16.83112500
16.83166700
16.43587500
16.80554200
16.69420800
16.36695800
17.05266700
16.74700000
16.48154200
16.86387500
16.76212500
16.39825000
16.97387500
16.34783300
16.82375000
16.64600000
16.75116700
16.77104100
16.50241700
16.84595800
16.62545900
16.66725000
16.60470800
16.95970800
16.44004200
16.70033300
16.61033400
16.82520800
16.59100000
16.72887500
16.80391700
16.55270800
16.64170800
16.60695900
16.68170800
16.67775000
16.80554200
16.59129100
16.57950000
16.90500000
16.45812500
16.79383400
16.78420800
16.72716700
16.54258300
16.62545800
16.77754200
16.78170800
16.44250000
16.85733400
16.77691600
16.61000000
16.60458400
16.83025000
16.62312500
16.55954100
16.79691700
16.86658300
16.54725000
17.02450000
16.58108400
16.38916600
16.80637500
16.82258400
16.36520800
16.74412500
16.73600000
16.65729200
16.71495800
16.73062500
16.50462500
16.86254200
16.59250000
16.46637500
16.94916600
16.57350000
16.74045900
16.59941600
16.64704200
16.81591700
16.52512500
16.98775000
16.50695800
16.89333300
16.48854200
16.67479200
16.67266600
16.67225000
16.65504200
16.60920800
16.85016700
16.95066700
16.54887500
16.67270800
16.70287500
16.35570800
16.77241700
16.68462500
16.64470800
16.79900000
17.18333400
16.24687500
16.62595800
16.73200000
16.52766700
16.76462500
16.71195800
16.61970800
16.60475000
16.86487500
16.72425000
16.55308400
16.69545800
16.61604200
16.63591600
16.91291700
16.59929200
16.64162500
16.70245800
16.88320800
16.29762500
16.83200000
16.70291700
16.54787500
16.78804200
16.55191600
16.70933400
16.98783300
16.59225000
16.71233300
16.46579200
16.85608300
16.46212500
16.80466700
16.73066700
16.71675000
16.50095800
16.81862500
16.72891700
16.77029100
16.50729200
16.79850000
16.50845800
16.80729200
16.63762500
16.76733300
16.53104200
16.70304200
16.76154100
17.05354200
16.17920800
16.74775000
16.69562500
18.94320900
15.15720800
16.30041700
16.94104100
18.97470900
13.98679100
19.16975000
14.51666700
16.13275000
17.01425000
16.49654200
16.44225000
16.90791600
16.66437500
16.55304200
16.58800000
16.97762500
16.55858300
16.60891700
16.88183300
16.55558400
16.66070800
16.54066700
16.77637500
16.95766600
16.56420900
16.47175000
16.79104100
16.67458400
16.76283300
16.48375000
16.85325000
16.53487500
16.87004200
16.58375000
16.75820800
16.74462500
16.56641700
16.59654100
16.94312500
16.41400000
16.86637500
16.46929200
16.75475000
16.75133300
16.67354200
16.58400000
16.62758300
16.80400000
16.64570900
16.75825000
16.67529100
16.61337500
16.69433400
16.76641600
16.57575000
16.81829200
16.73412500
16.53970800
16.96341700
16.49541700
16.58591600
16.67125000
16.78870900
16.46737500
16.87187500
16.75754100
18.30400000
15.19587500
16.87133400
16.39258300
16.86120800
16.52862500
16.60066700
16.68600000
16.63333300
16.68025000
16.67220900
16.68895800
16.61012500
16.70725000
16.78604200
16.60016600
16.69529200
16.77704200
16.63250000
16.68287500
16.52033300
16.73837500
16.78104200
16.45787500
16.88679100
16.68741700
16.72058300
16.59525000
16.72633400
16.56870800
17.04283300
16.41041700
16.61829200
16.73104100
16.68633400
16.57316600
16.97504200
16.47391700
16.90658300
16.50575000
16.67570800
16.59891700
16.77533300
16.67533400
16.54375000
16.79900000
16.76654100
16.42041700
16.94641700
17.17154100
16.31920900
16.56304100
16.80991700
16.81425000
17.17554200
16.31333300
16.30008300
16.75491700
16.63183300
16.57287500
17.61754200
16.05062500
16.57437500
16.87358300
16.50550000
16.45229200
17.02391700
16.60779100
16.58891700
16.71770800
16.64950000
16.70495900
16.56470800
16.74562500
16.62970800
16.74491700
16.62995800
17.04000000
16.42220900
16.60783300
16.72533300
16.61341700
16.56812500
16.98679200
16.48925000
16.64262500
16.82895800
16.97525000
16.48079200
16.70062500
16.79875000
16.24920800
16.72854200
16.67416600
16.89270900
16.43866600
17.00587500
16.50504200
16.74966700
16.66070800
16.70612500
16.62433300
16.70908400
16.72200000
16.78575000
16.66112500
16.40241600
16.65233400
16.92000000
16.67125000
16.67583300
16.71791700
16.52075000
16.79037500
16.66954100
16.43141700
16.95154200
16.59970800
16.59695800
16.68808400
17.08158300
16.51075000
16.70041700
16.58529100
16.69916700
16.69325000
16.57720800
16.86037500
16.45883400
16.86350000
16.59108300
16.91037500
16.40162500
16.81608300
16.66383400
16.62362500
16.84504100
16.74262500
16.39512500
16.82600000
16.52258400
16.69354100
16.73779200
16.86383300
16.48958400
16.73237500
16.74241600
16.47958400
16.82125000
16.79583300
16.47829200
16.71450000
16.83758300
16.51233300
16.76150000
16.84991700
16.62862500
16.69391700
16.79095800
16.45766700
16.65245800
16.84108300
16.56933400
16.53483300
17.08079200
16.46770800
16.75375000
16.70366700
16.55895800
17.01508300
16.42375000
16.60966700
16.67012500
16.90733300
16.70283400
16.50100000
16.84066600
16.59100000
16.54454200
16.63145800
17.10066700
16.46587500
16.80016700
16.69154100
16.68025000
16.49816700
16.71883300
16.38145900
16.96954100
16.55370900
16.91562500
16.48391600
16.63779200
16.76554200
16.61291600
16.70462500
16.71408400
16.71804100
16.68162500
16.64570900
16.50295800
16.80770800
16.73620900
16.54304100
16.73941700
16.74691700
16.76470800
16.56608300
16.65270900
16.63620800
16.77900000
16.68816700
16.57083300
16.82000000
16.54291700
16.67983300
16.71566700
16.63454100
16.78412500
16.77829200
16.53887500
16.69816700
16.67529100
16.80566700
16.51070800
16.99175000
16.62108400
16.89433300
16.40791700
16.97845800
16.45054200
16.78020800
16.56333300
16.76066700
16.64558300
16.66141700
16.78625000
16.60825000
16.69175000
16.65483300
17.12791700
16.34041700
17.06020800
16.47808300
16.35333400
16.74641600
16.75562500
16.74225000
16.63858400
16.85587500
16.77812500
16.64700000
16.46158300
16.52025000
16.80679200
16.75695800
16.65950000
16.83558300
16.40020900
16.73737500
16.59037500
16.75283300
16.45200000
16.98608300
16.70554200
16.46004200
16.76937500
16.72387500
16.89541600
16.67087500
16.85604200
16.39416700
16.59737500
16.66275000
16.48466600
16.94925000
16.71516700
16.73612500
16.52495800
16.64600000
16.90762500
16.45720900
16.80700000
16.55179100
16.66920900
16.80683300
16.60383300
16.64741700
16.68629200
16.91187500
16.59962500
16.47512500
16.77370800
16.59029200
16.61691600
16.73033400
16.77800000
16.59062500
16.72379100
16.66316700
16.99383300
16.53108400
17.16495800
16.86254200
15.85179100
17.13954200
16.24104200
16.91404100
16.55891700
16.86987500
16.58633300
16.58637500
16.51720900
16.77983300
16.69575000
16.59800000
16.78079200
16.91516600
16.39983400
16.74520800
16.78329200
16.32858300
16.96666700
16.62545800
16.57420800
16.83558400
16.58854100
16.76879200
16.75366700
16.67045800
16.46079200
16.88866600
16.49762500
16.89595900
17.00270800
16.60633300
16.63825000
16.55895900
16.47770800
16.70537500
16.83954200
16.50991600
16.77491700
16.69308300
16.63050000
16.85937500
16.69233400
16.48220800
16.71195800
16.81100000
16.49475000
16.75354200
16.73979200
16.64962500
16.65991600
16.81400000
16.40683400
16.81925000
16.72029100
16.50420900
17.08191600
16.58129200
16.64070800
16.74579200
16.61208300
16.55820900
16.80433300
16.62162500
16.61333300
16.84408400
16.67566600
16.56433400
16.71245800
16.63854200
16.58725000
16.77604100
16.77570900
16.83754100
16.54929200
16.52666700
16.49729100
17.00929200
16.62737500
16.72529200
16.61891600
16.67187500
16.75566700
16.69354200
16.76245800
16.45983300
16.71833400
16.71829100
16.89075000
16.38712500
16.61491700
16.81691700
16.76229100
16.61795900
16.64654100
16.82183400
16.52166600
16.84362500
16.77066700
16.54216700
16.65083300
16.62766700
16.67529100
16.90495900
16.55875000
16.63779100
16.72441700
16.66108300
16.61495900
19.66300000
13.86154100
16.55437500
16.76862500
16.58837500
16.47179200
16.82295800
16.91158400
16.50362500
16.88670800
16.48050000
16.77812500
16.62125000
16.77054200
16.55216600
16.65762500
16.82054200
16.36662500
16.95808300
16.78025000
16.54445900
16.71837500
16.60987500
16.76179100
16.93404200
16.58604200
16.57966600
16.48750000
16.92141700
16.57304200
16.60516600
16.78312500
16.57600000
16.72679200
16.71045800
16.62095900
16.82954100
16.77375000
16.41133400
16.75479100
16.62533400
16.78250000
16.62725000
16.66829100
16.71470900
16.75704100
16.53750000
16.99262500
16.37808400
16.73779100
16.78420900
16.61604100
16.64195900
16.72983300
16.77220800
16.55866700
16.87425000
16.54695800
16.62766700
16.80237500
16.73758300
16.60979200
16.79350000
16.57950000
16.59837500
16.57883300
16.88837500
16.74712500
16.72041700
16.60291700
17.36250000
16.05850000
16.87216600
16.39375000
16.65012500
16.80775000
16.81750000
16.58091700
16.47770800
16.75437500
16.56745900
16.85712500
16.66654100
16.68325000
16.95175000
16.42954200
16.47425000
16.68358300
16.93475000
16.67412500
16.51650000
16.64570900
16.83429100
16.56579200
16.81045800
16.62112500
16.64845900
16.66583300
16.80316700
16.56850000
16.76887500
16.67045800
16.48912500
16.84804200
16.95533300
16.76550000
16.64233300
16.66116700
16.49633300
16.58187500
16.82675000
16.43525000
16.83079200
16.69970800
16.60645900
16.71437500
16.81404100
16.59020900
16.85004100
16.58062500
16.50333400
16.87779100
16.73516700
16.57316700
16.72558300
16.70204200
16.51691600
16.88375000
16.68712500
16.48650000
16.72941700
16.70083300
16.63533400
16.65083300
16.75375000
16.49629200
16.80033300
16.73220800
16.65787500
16.74050000
16.64529200
16.72850000
16.71866700
16.61358300
16.77925000
16.44154200
16.63079100
17.05537500
16.34912500
16.70166700
16.78579200
17.04954100
16.88825000
19.26379200
13.77229200
16.63766600
16.96216700
16.39850000
16.67075000
16.63220800
16.65354200
16.70337500
16.63104200
16.82908300
16.45800000
16.63591700
16.71554100
16.68358400
16.72212500
16.57012500
16.74787500
16.96104100
16.59691700
16.59662500
16.77616700
16.67191600
17.11529200
16.76825000
16.15000000
16.91850000
17.95375000
17.01154200
15.58483300
16.16112500
16.79879200
16.69304100
16.53850000
16.97445900
16.49100000
16.71845800
16.60137500
16.52695800
16.70762500
16.75483400
16.60175000
16.93779100
16.39983400
16.75137500
16.73733300
16.61425000
16.66037500
16.72220800
16.64029200
17.11975000
16.37195800
16.36204200
16.79333300
16.57287500
16.75920900
16.76137500
16.67525000
16.63025000
16.76429100
16.73366700
16.61820800
16.65079200
16.75337500
16.38908300
16.96250000
16.60666700
16.61645800
16.74312500
16.76704200
16.46500000
16.86679200
16.86041600
16.40395900
16.60254100
16.95125000
16.48075000
16.79783400
16.62941600
16.53012500
16.74300000
16.76970900
16.59191600
16.78737500
16.69612500
16.61825000
16.73920900
16.53716600
16.76291700
16.66137500
16.72233300
16.68812500
16.63733400
16.60154100
16.93504200
16.55775000
16.58970800
16.84458400
16.65037500
16.55825000
16.78516600
16.51587500
16.81375000
16.74816700
16.70862500
16.25300000
17.06566700
16.55354100
16.75062500
16.73945900
16.87379100
16.46220900
16.78391600
16.57508400
16.55579100
16.81395900
16.63579100
16.67516700
16.72650000
16.75687500
16.51554200
16.72270800
16.70962500
16.56741700
16.79237500
16.49037500
17.09520800
16.92900000
16.62825000
16.57216700
16.50570800
16.53004200
16.86062500
16.51979100
16.75645900
16.68283300
16.80562500
16.51045800
16.78591700
16.67920800
16.60966700
16.87229200
16.61441600
16.80187500
16.46170900
16.84695800
16.47808300
17.06258400
16.40279100
16.56095900
17.06204100
16.37566700
16.63995800
16.70079200
17.14908300
16.25537500
16.78275000
16.67850000
16.60758400
16.63150000
16.59470800
16.73804200
16.70120800
16.83145800
16.52308400
16.79266600
16.64750000
16.56745900
16.67933300
17.03487500
16.96083300
16.47162500
16.54712500
16.31229200
16.85883300
16.53120900
16.81300000
16.56491600
16.93979200
16.41237500
16.88925000
16.64770800
16.69933400
16.65458300
16.64466700
16.70150000
16.65687500
16.90829100
16.51637500
16.65350000
16.72750000
16.71254200
16.49020800
16.90795900
16.74612500
16.73341600
16.58150000
16.67695900
16.59020800
16.68062500
16.76087500
16.48420800
16.76070900
16.74341600
16.71670900
16.58216600
16.75533400
16.71070800
16.40066700
16.97320800
16.49458300
16.76216700
16.76925000
16.46704200
17.00479100
16.72575000
16.70329200
16.50670800
16.76337500
16.62908400
16.62037500
16.72745800
16.68716700
16.50679100
16.77212500
16.81800000
16.52600000
16.87629200
16.77025000
16.28741700
17.23100000
16.40129100
16.52362500
16.74429200
16.70354200
16.56833300
16.66550000
16.62441700
16.80754100
16.55554200
16.93737500
16.65516700
16.62841600
16.72516700
16.65816700
16.59745800
16.80945800
16.68820900
16.51470800
16.77620800
16.69666700
16.74183300
16.62858400
16.55495800
16.82012500
16.47787500
16.88533300
16.67466700
16.74387500
16.67908300
16.67245900
16.69070800
16.73408300
17.22250000
16.16641700
16.83075000
16.61620800
16.68750000
16.58437500
16.73525000
16.67695900
16.64629100
16.51041700
16.70312500
16.91316700
16.65179100
16.36095900
16.87991600
16.78775000
16.59808400
16.57025000
16.93304100
16.41875000
16.85358400
16.58379100
16.73254200
16.80287500
16.78575000
16.41383300
16.75045900
16.90929100
16.54783400
16.73166600
16.54200000
16.72854200
16.67037500
16.57962500
16.87787500
16.36050000
17.02641700
16.55366600
16.80175000
16.81445900
16.60291600
16.69816700
16.58404200
16.61354100
16.80783400
16.50412500
16.62300000
16.69508300
16.81075000
16.56600000
16.75591700
16.63600000
16.77233300
16.65283300
16.63375000
16.66212500
16.65716700
16.71570800
16.81250000
16.87920900
16.30704100
16.76633400
16.80237500
16.27712500
17.06433300
16.56525000
16.70825000
16.62170800
16.81320900
16.51241600
17.29308400
16.14641600
16.49379200
16.90337500
16.58583300
16.62329200
16.82108300
16.76245900
16.49191600
16.80004200
16.75645800
16.47637500
16.60016700
16.93954200
16.63083300
16.65862500
16.68541700
16.98041600
16.68983400
16.60204100
16.95308400
16.23429100
16.67766700
16.69600000
16.68754200
16.67254100
16.74612500
16.62983400
16.53741600
16.75704200
16.61895800
16.82416700
16.56633300
16.77733400
16.52116600
16.82708400
16.59416600
16.68670900
16.76875000
16.69704100
16.44645900
16.84729100
16.66995900
16.64104100
16.76941700
16.67775000
16.65750000
16.68237500
16.71070800
16.66762500
16.85033400
16.50033300
16.89529200
16.78262500
16.63316600
16.61687500
16.52491700
16.72687500
16.58325000
16.55487500
18.02537500
15.52287500
16.71954200
16.63100000
16.59887500
16.92179100
16.58475000
16.74925000
16.53800000
16.59250000
16.90766700
16.59545800
16.55633400
16.88183300
16.64654200
16.70650000
16.58641600
16.82195900
16.61937500
16.70500000
16.52483300
17.16158300
16.23316700
16.74591700
16.50258300
16.91416700
16.71187500
16.58287500
16.55420800
16.86833300
16.63433400
16.76329100
16.61866700
16.47550000
16.90354200
16.69116600
16.51266700
16.93087500
16.60879200
16.60670800
16.61129200
16.81979100
16.62487500
16.70912500
16.71650000
16.94045900
16.43320800
16.64800000
16.66941700
16.84795800
16.78150000
16.43033300
16.69933400
16.68079100
16.53316700
16.90529200
16.79487500
16.50975000
16.68666600
16.85920900
16.98141600
16.23008400
16.78883300
16.55850000
16.72841700
16.59004100
16.62516700
16.79937500
16.57354200
16.92137500
16.55400000
16.62312500
16.57983300
16.72179200
16.58558300
16.89404200
16.51729100
17.00925000
16.61050000
16.61683400
16.60475000
16.78491600
16.60283400
16.61200000
16.79062500
16.67145800
16.56700000
16.87962500
16.65000000
16.57191700
16.74170800
16.73670800
16.61091700
16.79470800
16.60887500
16.59670900
16.73737500
16.72583300
16.48187500
16.87341700
16.55508300
16.69766700
16.77595800
16.70691700
16.54275000
16.79995800
16.69079200
16.55470800
16.85320800
17.25950000
15.98441700
16.86937500
16.50883300
16.65566700
16.68537500
16.75045800
16.81154200
16.59129200
17.25183300
16.47391700
16.74304100
16.33083400
16.81370800
16.45054200
17.51429100
16.53604200
16.37887500
16.17083300
16.92733400
16.85354100
16.52187500
16.69866700
16.51008300
16.79812500
16.80058400
16.70020800
16.49712500
16.82516700
16.73433300
16.56366700
16.51270800
16.93687500
16.45675000
16.75104200
16.59779100
16.87037500
16.64441700
16.70979200
16.55062500
16.73387500
16.80466600
16.66604200
16.62933300
16.74954200
16.57829200
16.64408300
16.76041700
16.62195800
16.70116700
16.71783300
16.60575000
16.64037500
16.73350000
16.66641700
16.70308300
16.93258300
16.51829200
16.64570800
16.70812500
16.83662500
16.37787500
16.73120900
16.78287500
17.06066600
16.42675000
16.57816700
16.88275000
16.58320800
17.19962500
16.58266700
16.74558300
16.50054200
16.78916700
16.22950000
16.65995800
16.60508300
16.62337500
16.82216700
16.63033300
16.70466700
16.77587500
16.57475000
16.61541700
16.72900000
16.79100000
16.47104100
16.86695900
16.96625000
16.37416600
16.64100000
16.73512500
16.53725000
16.80191700
16.81720800
16.47887500
16.71450000
16.88987500
16.59045900
16.62658300
16.82879200
16.67141600
16.83575000
16.56387500
16.57920900
16.51916600
16.88791700
16.62358300
16.81525000
16.52254200
16.81641700
16.53545800
16.63129200
16.76158300
16.75541700
16.64900000
16.83037500
16.59137500
16.64562500
16.75150000
16.99708300
16.19462500
16.71683300
16.72883400
16.52062500
16.87537500
16.59433300
16.62100000
16.71320800
16.67787500
16.86416700
16.98670800
16.42408400
16.77933300
16.75795800
16.47791700
16.63841700
16.88483300
16.59408300
16.78950000
16.74525000
16.56141700
16.54537500
16.90204200
16.69433300
16.53666700
16.65845800
16.73183300
16.80929200
16.63137500
16.54745800
16.47770900
16.94304100
16.68870900
16.66650000
16.67775000
16.68775000
16.76104100
16.56579200
16.69287500
16.66954200
16.66412500
16.73425000
16.64591600
16.74479200
16.66408300
16.64262500
16.70225000
16.67150000
16.70458400
16.71129100
16.58866700
16.64616700
16.83670800
16.58391700
16.74145800
16.61529200
16.68283300
16.69933300
16.89991700
16.91237500
16.19504200
16.98004100
16.39283400
16.72254100
16.73258400
16.56825000
16.73775000
16.65808300
16.63208300
16.80145900
16.88608300
16.84712500
16.70866700
16.77816600
16.61170900
16.88987500
16.37662500
16.37008300
16.92775000
16.47566700
16.63529100
16.91387500
16.42800000
16.61829200
16.79625000
16.76970800
16.42233400
16.90558300
16.82916700
16.47154100
16.69254200
16.69066700
16.58895800
16.72662500
16.90525000
16.52537500
16.85829200
16.48229100
16.67658400
16.65687500
16.77133300
16.66275000
16.57404200
16.90454100
16.45354200
16.80075000
16.66104200
16.91029100
16.34445900
16.83745800
16.42391700
16.92216600
16.66904200
16.73687500
16.63945800
16.47250000
16.86754200
16.78666700
16.41487500
16.91950000
16.66883300
16.37254200
16.96050000
16.62729100
16.57812500
16.79687500
16.75637500
16.53475000
16.74541700
16.77316700
16.68295800
16.66137500
16.80350000
16.63995800
16.54975000
16.60616700
16.52595800
16.94562500
16.67637500
16.63325000
16.82458400
16.69570800
16.42383300
16.82479200
16.75891700
16.48583300
16.79229200
16.87412500
16.64341600
16.55016700
16.68904200
16.66016600
16.66545900
16.73929100
16.51337500
16.93045900
16.59229100
16.76195900
16.58862500
16.68329100
16.74595900
16.66141600
16.79608400
16.78662500
16.50958300
16.94533300
16.43941700
16.75458300
16.48150000
16.69166700
16.69716700
16.70162500
16.70345800
16.68420800
16.57554200
16.72458300
16.67287500
16.70870900
16.74845800
16.87179200
16.37137500
16.80204100
16.64320900
16.60437500
16.74508300
16.73304200
16.55454100
16.72104200
16.74808300
16.78304200
16.69754200
17.90120800
15.76358300
16.88850000
16.56108400
16.80275000
17.26045800
16.68850000
16.09016700
16.61583300
16.31541700
16.74187500
16.68395800
16.70058300
16.67362500
16.79320900
16.46045800
16.85329200
16.35879100
16.95854200
16.54429200
16.68754100
16.48433400
16.68304100
16.86762500
16.58016700
16.93341700
16.47091600
16.66420900
16.53225000
16.83412500
16.61245800
16.67729200
16.62375000
16.78566600
16.60762500
16.87766700
16.69570800
16.72479200
16.54883300
16.50958400
16.74012500
16.80895800
16.53508300
16.86433400
16.56558300
16.76033300
16.67087500
16.70583400
16.67466600
16.64395900
16.56829100
16.74966700
16.61941700
16.82450000
16.58712500
16.89458300
16.66454200
16.59854100
16.55087500
16.95058400
16.37400000
16.75712500
16.93225000
16.60600000
16.59454100
16.82329200
16.65129200
16.66304100
16.52629200
16.65983300
16.87179200
16.52850000
16.84766700
16.66554100
16.37170900
16.92016600
16.76854200
16.42200000
16.59212500
16.89175000
16.63333300
16.84804200
16.80458300
16.40045900
16.69754100
16.81208400
16.49066600
16.80891700
16.67645800
16.49670900
16.97962500
16.53754100
16.75266700
16.70912500
16.65483300
16.66254200
16.79558300
16.58204200
16.61837500
16.82775000
16.51691700
16.52962500
16.89237500
16.84120800
16.60329200
16.59958300
16.94845800
16.24716700
16.85691700
18.94004100
14.36366700
16.62837500
16.96779200
16.51558300
16.85183300
16.51225000
16.78612500
16.64929200
16.59320800
16.94800000
16.42975000
16.85183400
16.56391600
16.74695900
16.43554100
16.82408400
16.69745800
16.63175000
16.70245800
16.83800000
16.63700000
16.63145900
16.68812500
16.59320800
16.89345800
16.55987500
16.81329200
16.69250000
16.56875000
16.40058300
16.78100000
16.97670900
16.52966600
16.71512500
16.66529200
16.54258300
16.79000000
16.81316700
16.38929200
16.88370800
16.67920800
16.75912500
16.69341700
16.70862500
16.31512500
16.73112500
16.89754200
16.51412500
16.61008300
16.86875000
16.57045800
16.78287500
16.79087500
16.50129200
16.60066700
16.84845800
16.42533300
16.88537500
16.91233400
16.59854100
16.74179200
16.62241700
16.67904100
16.66462500
16.83700000
16.50941700
16.63620800
16.80258400
16.64620800
16.88758300
16.59350000
16.65445900
16.53541600
16.78212500
16.60495900
16.68291600
16.99075000
16.54854200
16.62395800
16.75520900
16.72904100
16.56800000
16.59695900
16.81250000
16.62491600
16.68687500
16.95558400
16.45612500
16.44283300
16.81279200
16.70816600
16.65316700
16.75216700
16.70629100
16.54291700
16.81612500
16.54854200
16.73941600
16.74450000
16.64712500
16.57825000
16.84341700
16.91675000
16.26604200
16.85858300
16.78825000
16.51533300
16.72908400
16.74433300
16.40995800
17.25745900
16.63279100
16.68637500
16.64825000
16.33650000
16.67708400
16.62200000
16.68966600
16.98716700
16.45237500
16.59141700
16.65416600
16.82437500
16.56391700
16.82179200
16.61495800
16.67170800
16.76479200
16.48541700
16.95116600
16.69920900
16.68216600
16.47558400
16.82779100
16.71358400
16.51533300
16.74079200
16.69300000
16.80745800
16.55975000
16.76204200
16.62187500
16.67920800
16.73650000
16.62312500
16.78920800
16.72312500
16.52375000
16.71758400
16.74412500
16.37404100
16.82270900
16.81791600
16.44870900
16.88316600
16.56108400
16.63333300
16.80595800
16.54637500
16.65462500
16.83916700
16.64070800
16.66704200
16.76725000
16.81975000
16.61458300
16.58200000
16.72066700
16.66641700
16.54812500
16.93350000
16.55575000
16.79062500
16.86325000
16.52208300
16.80583300
16.26712500
16.93362500
16.88925000
16.44600000
16.55320900
16.74608300
16.74266700
16.57300000
16.94408300
16.55500000
16.78129200
16.38941600
16.67195900
17.07208300
16.34266700
16.73195800
16.68025000
16.72916700
16.55712500
16.83808300
16.82629200
16.35041600
16.94825000
16.59650000
16.70025000
16.79612500
16.54675000
16.60162500
16.83070900
17.01787500
16.87504100
16.28854200
16.67716700
16.46683300
18.34708300
15.40575000
16.45112500
16.72329200
16.66845800
16.72950000
16.59600000
16.59862500
16.77891700
16.58770800
16.75591700
16.62429200
16.76695800
16.74920800
16.78141700
16.55475000
16.60708300
16.74179200
16.69350000
16.57641700
16.64270800
16.87587500
16.65958300
16.73416700
16.59020800
16.63237500
16.81220900
16.44945800
16.84708300
16.55766700
16.78620800
16.50933400
17.02008300
16.43383300
16.74516700
16.73554200
16.55133300
16.79229200
16.59641600
16.85354200
16.58158300
16.84108400
16.61454100
16.55020900
16.74687500
16.75095800
16.44275000
16.91312500
16.75775000
16.49779200
16.70237500
16.77670800
16.50916700
16.79833300
16.71175000
16.89487500
16.43316700
16.77008300
16.60154200
16.79183300
16.58770800
16.71895900
16.66454100
16.83658400
16.64216600
16.60058400
16.74575000
16.45929100
16.79758400
16.58087500
16.74362500
16.65004100
16.67966700
16.79108300
16.56825000
16.61845900
16.69916600
16.75879200
16.47120800
16.90762500
16.57720900
16.75754100
16.53662500
16.87379200
16.84683300
16.67625000
17.11512500
16.24995900
16.92800000
16.62370800
16.38029200
16.69120800
16.76041700
16.58558300
16.77479200
16.56079100
16.62745900
16.83120800
16.82600000
16.51195800
16.83237500
16.76666700
16.41162500
16.88466700
16.53229100
16.66412500
16.75395900
16.73991600
16.59533400
16.67537500
16.60954100
16.79208400
16.72025000
16.76604100
16.55991700
17.11929200
16.29875000
16.53795800
16.85695800
16.68666700
16.84945800
16.55079200
16.33583300
16.88154200
16.70804200
16.84425000
16.72054100
16.60554200
16.30800000
16.87658300
16.67191700
16.80570800
16.58712500
16.68762500
16.69500000
16.71850000
16.59395900
16.78583300
16.55550000
16.67733300
16.68325000
16.60933400
16.66983300
16.85416700
16.61937500
16.78241600
16.59550000
16.79308400
16.64641600
16.55262500
16.79083400
16.56679100
16.76241700
16.60045800
16.87525000
16.36716700
16.81875000
16.70087500
16.56670800
16.74525000
17.96750000
15.80712500
16.70433400
16.35929100
16.66895900
16.89229100
16.61520900
16.80283300
16.48354200
16.70254100
16.55762500
16.60125000
16.82016700
16.73033300
16.50741700
16.92700000
16.48062500
16.80245800
16.55058400
16.84400000
16.59754100
16.83137500
16.78191700
17.18750000
16.04300000
16.82008300
17.32987500
18.09283400
14.79083300
16.51429200
16.60020800
16.74991700
16.60333300
16.84508300
16.67241700
16.74054200
16.76225000
16.57995800
16.72095800
16.77837500
16.87458400
16.42004100
16.76250000
16.47895900
16.85787500
16.84429100
16.52029200
16.56975000
16.52683300
16.59154200
16.57962500
16.52312500
16.78550000
16.74316700
16.58995800
16.72108300
16.71458400
16.54420800
17.69154200
15.89791600
16.68820900
16.73812500
16.65712500
16.60375000
16.75475000
16.63729100
16.63308400
16.71408300
16.65079200
16.81591600
16.57991700
16.71183300
16.57079200
16.69700000
16.69879200
16.89066600
16.57612500
16.49845900
16.66312500
16.83729100
16.51979200
17.48116700
15.98441600
16.64008400
16.71600000
16.65645800
16.65491700
16.76900000
16.70062500
16.59133300
16.74045800
16.63720900
16.69958300
16.63495800
16.74354200
16.66241700
16.70566600
16.54375000
16.78754200
16.71012500
16.63920800
16.77433400
16.52537500
16.78195800
16.56200000
16.75183300
16.79158400
16.54662500
16.74979100
16.65437500
16.63104200
16.82470800
16.68429200
16.68170800
16.70441700
16.64558300
16.71045900
16.74083300
17.46429200
15.84762500
16.76354100
16.41595900
16.84433300
16.70329200
16.57466600
16.70216700
16.73462500
16.61854200
17.31258300
16.33170800
16.81554200
16.55916700
16.50441600
16.42841700
17.02616700
16.72283300
16.66616700
16.46491600
16.71441700
16.67858300
16.73216700
16.76654200
16.55358300
16.93970800
16.96354200
16.61016700
16.88425000
16.18283300
16.54412500
16.71041700
16.79183300
16.47837500
16.80950000
16.79770800
16.44075000
16.75233400
16.76325000
16.56016600
16.78741700
16.76979200
16.48666600
16.83541700
17.01479200
16.67862500
16.74291600
16.80670900
16.47554100
16.84191700
16.35450000
16.85041700
16.34300000
16.84604100
16.45950000
16.87091700
16.62954200
16.54287500
16.65433300
16.70120800
17.65900000
16.09241700
16.61550000
16.78912500
16.38129200
16.78829100
16.59841700
16.79137500
16.47825000
16.92258300
16.57945900
16.75720800
16.59612500
16.69054200
16.68870800
16.62687500
16.70470800
16.81695900
16.57333300
16.50245800
16.64450000
16.88612500
16.68391700
16.61595800
16.75975000
16.64108400
16.72358300
16.83833300
16.67575000
16.32758400
16.97883300
16.62562500
16.50862500
16.78129200
16.75079100
16.41283400
16.86500000
16.86604100
16.49970900
16.93462500
16.74891600
16.65237500
16.50362500
16.76808400
16.59829100
16.62629200
16.67320800
16.69470900
16.63400000
17.11308300
16.30116700
16.66158300
16.60958300
16.69908400
16.59487500
16.64300000
16.89495800
16.69783300
16.57979200
16.92358300
16.51791700
16.80450000
16.56075000
16.74433300
16.56379200
17.04920800
16.27916700
16.71895800
16.69541700
16.82516700
16.47695800
16.70612500
16.56283300
16.84733400
16.65950000
16.74666600
16.57612500
16.91325000
16.65912500
16.53520900
16.77483300
16.70179200
16.51725000
16.75591600
16.60795900
16.72350000
16.78179100
16.65883400
16.58258300
16.68454200
16.54075000
16.84237500
16.74695800
16.57370800
16.85308400
16.47229100
16.71408400
16.79708300
16.61804200
16.77083300
16.51825000
16.88358300
16.73187500
16.65033400
16.57183300
16.74841700
16.63908300
16.82079200
16.54237500
16.82962500
16.47354100
16.71104200
16.67208300
16.57708400
16.61379100
17.10091700
16.46837500
16.70979200
16.75137500
16.64066600
16.87470900
16.59391600
16.75725000
16.66083400
16.49012500
16.75862500
16.64016600
16.94220900
16.35808300
17.02891700
16.54708300
16.64445800
16.62541700
16.73687500
16.68220800
16.63533400
16.66612500
16.98729100
16.60416700
16.61583300
16.67216700
16.95000000
18.45308300
69.47325000
20.25475000
22.35358400
13.07312500
8.83233300
8.49658300
8.46262500
8.69650000
8.71262500
8.87229200
8.78883300
12.01645900
16.67633300
16.67354200
16.57341600
16.76783400
16.77033300
16.83533300
16.46941700
16.75541700
16.64162500
16.73616600
16.71537500
16.49616700
16.55508300
16.75975000
17.01308400
16.35679100
16.91137500
16.53266700
16.65158300
16.63729200
16.70566700
16.67733300
16.67283300
16.76629200
16.70125000
16.73516700
16.75158300
16.47483300
16.89062500
16.58716700
16.52458300
17.14108400
16.65987500
16.57125000
16.74141600
16.50062500
16.59254200
16.70050000
16.65754200
16.66645800
16.75579200
16.66125000
17.14254100
16.29320900
16.68233300
16.67316700
16.56508300
16.75508300
16.67075000
16.78591700
16.64879200
16.74725000
16.56983300
16.62229200
16.74375000
16.65300000
16.65254100
16.66987500
16.83529200
16.56504200
16.66716600
16.65700000
16.61637500
16.85662500
17.00645900
16.59345800
16.75470800
16.60404200
16.39025000
16.69033300
16.86708400
16.50741600
16.72579200
16.63929200
16.87779100
16.59583400
16.76608300
16.32020800
16.86129200
16.66570800
16.71537500
16.82633400
16.59779100
16.49687500
16.83762500
16.76925000
16.54291700
16.90400000
16.69666700
16.48687500
16.75675000
16.61262500
16.81187500
16.69166600
16.61875000
16.58237500
16.60854200
16.77745800
16.80270900
16.59004100
16.69408400
16.70804100
16.82337500
16.61395900
16.80358300
16.40058300
16.66141700
16.67175000
16.94150000
16.50895800
16.79504200
16.48304200
16.82291600
16.60858400
16.81954100
16.56941700
16.64470800
16.69941700
16.69291700
16.63779100
16.70125000
16.57783400
16.84604100
16.64841700
16.69545800
16.52329200
16.84675000
16.67329200
16.64112500
16.75600000
16.60491600
16.60508400
16.79466600
16.59275000
16.73483400
16.87354100
16.53454200
16.77191700
16.61041600
16.78095900
16.60295800
16.76404200
16.49516600
16.93054200
16.37650000
16.80129200
16.92308300
16.46745800
16.76904200
16.61804200
16.60837500
16.69741600
16.60025000
16.81425000
16.78066700
16.59079200
16.74154100
16.63933400
16.70200000
16.53037500
16.76983300
16.67408300
16.90279200
16.57445800
16.59833400
16.66191600
16.66137500
16.72154200
16.58970800
16.65145900
17.01333300
16.58304200
16.66258300
16.58295800
16.70291700
16.77666700
16.64262500
16.51920800
16.75558300
16.82008400
16.55087500
16.57783300
16.79775000
16.55529200
16.77641600
16.78100000
16.55370900
16.79470800
16.64920800
16.47570900
16.90908300
16.68575000
16.63754200
16.72908300
16.77675000
16.58820800
16.57179200
16.84104200
16.54433300
16.67133300
16.78458400
16.49675000
16.97716600
16.58687500
16.90333400
16.62720800
16.51883300
16.65275000
16.68629200
16.65916700
16.79400000
16.60500000
16.54850000
16.77945800
16.88283300
16.37783400
16.66654100
16.74545900
16.54666600
16.68366700
16.94804200
16.44183300
16.84566700
16.81512500
16.44562500
16.78362500
16.56787500
16.70387500
16.87504100
16.53866700
16.84983300
16.45662500
16.69608400
16.87708300
16.57629200
16.68062500
16.61029100
16.87950000
16.54150000
16.77379200
16.75641700
16.69341600
16.44141700
16.83479200
16.97208300
16.55120800
16.98391700
16.41829200
16.36795800
16.89050000
16.69845800
16.58187500
16.82883400
16.58070800
16.82887500
16.41754200
16.89016600
16.65237500
16.58808400
16.74741600
16.57808400
16.74641600
16.66291700
16.67533300
16.63979200
17.00408300
16.50254200
16.64975000
16.45083300
16.76337500
16.70725000
16.78070900
16.57608300
16.68504200
16.81862500
16.69837500
16.73858300
16.44929200
17.11679100
16.65520900
16.62100000
16.70133300
16.68712500
16.24608300
16.74404200
16.82408300
16.54975000
16.88637500
16.54245900
16.54041600
16.95854200
16.72787500
16.60512500
16.76512500
16.44554200
16.64075000
16.86154100
16.77520900
16.40150000
17.24558300
16.65466700
17.38920800
16.31087500
16.61383300
16.24675000
18.13008400
15.45150000
16.48012500
17.40212500
16.09804100
18.12454200
15.78833300
16.28491700
16.40875000
17.12325000
16.44312500
16.75591700
16.78391600
17.07787500
16.45891700
16.64920800
17.13350000
16.20108400
16.96750000
16.62383300
16.65670800
16.44395900
16.40287500
16.98645800
16.55466700
16.62966600
16.73195900
16.92970800
16.47645800
16.58895900
16.58504100
16.53175000
16.72904200
16.71112500
16.52683300
16.69941700
16.83425000
16.67912500
16.63304200
16.57433300
16.73654200
16.73291600
16.64420900
16.58262500
16.76900000
16.69166600
16.54325000
16.69437500
16.74666700
16.71304200
16.83933300
16.72800000
16.60566700
16.57133300
16.94845800
16.58520900
16.79416600
16.61912500
16.67062500
16.68329200
16.78595800
16.51066700
16.72187500
16.71741700
16.65166600
16.64866700
16.54350000
16.77562500
16.50045800
16.87354200
16.50141700
16.53291600
16.85995900
16.66787500
17.30329100
16.02762500
16.84025000
16.59350000
16.52512500
16.94595900
16.73566600
16.61583400
16.41275000
16.70712500
16.47629100
16.87325000
16.65454200
16.73000000
16.64383300
16.67862500
16.65804200
16.69445800
16.76429200
16.37616700
16.85883300
16.80154200
16.51062500
16.81475000
16.66091600
16.53254200
17.00187500
16.65058300
16.34991700
16.72791700
16.85150000
16.72733300
16.61833300
16.55170900
16.86879100
16.62145900
16.74408300
16.77600000
16.66104200
16.61125000
16.64783300
16.87062500
16.59733300
16.77020900
16.51291600
16.46170900
17.17562500
16.51120800
16.51604200
16.74445800
16.74775000
16.58700000
16.71508300
16.83262500
16.53283400
16.80829100
16.66679200
16.56870800
16.64508400
16.73500000
16.63370800
16.70045800
16.80812500
16.56725000
16.71366700
16.68916700
16.73229100
16.69458400
16.62012500
16.81566600
16.62775000
16.67562500
16.58433400
16.79308300
16.65058300
16.73929200
16.57383300
16.63716700
16.67500000
16.55787500
16.98270800
16.60941700
16.70083300
16.89262500
16.87695900
16.36129100
17.09925000
16.35308400
16.53008300
16.78991700
16.51995800
16.74537500
16.71595800
16.68766700
16.67766700
16.70033300
16.58333300
16.73900000
16.58566700
17.00504200
16.59358300
16.48387500
16.92829200
16.71775000
16.48500000
16.75187500
16.95712500
16.53558300
16.74441700
16.65754100
16.84158400
16.31466600
16.65712500
17.08083400
16.97583300
16.36391700
16.30391600
16.92133400
16.64425000
16.76712500
16.70375000
16.29729100
16.87645900
16.61950000
16.44079100
16.67345900
17.01987500
16.70862500
16.37754100
16.97504200
16.52129200
16.69841600
16.72320900
16.68745800
16.61175000
16.72870800
16.71762500
16.45787500
16.96395900
16.57837500
16.48666600
17.00833400
16.63129100
16.53591700
16.81220800
16.59470900
16.66741600
16.74683400
16.62758300
16.66408300
16.81116700
16.55866700
16.64241600
16.91195900
16.44050000
16.75025000
16.63466600
16.63508400
16.76225000
16.75112500
16.36925000
16.99450000
16.66220800
16.60575000
16.76383300
16.56204200
16.86858300
16.68895900
16.69529100
16.43262500
16.88395900
16.80679100
16.49154200
16.82158300
16.53745900
16.70520800
16.65454200
16.79687500
16.50537500
16.77575000
16.77533300
16.61187500
16.67162500
16.83495800
16.44362500
16.80337500
16.71170900
16.74600000
16.54287500
16.73000000
16.62408300
16.78887500
16.46220800
16.87341700
16.69500000
16.71079200
16.64429100
16.64275000
16.57925000
16.89720900
16.62850000
16.63162500
16.76629100
16.68495900
16.53008300
16.69958300
16.95150000
16.67116700
16.62891700
16.75366600
16.53808400
16.82545800
16.60233300
16.63387500
16.68245900
16.64183300
16.79570800
16.59633400
16.59883300
16.85966700
16.53720800
16.78729200
16.46550000
17.24495800
16.42625000
16.29879200
16.97329100
16.75537500
16.82183400
16.55620800
16.59900000
16.48875000
16.81491700
16.78483300
16.41758300
17.12112500
16.83858400
16.56995800
16.80241700
16.58800000
16.36079100
16.67675000
16.86508400
16.51641600
16.86675000
16.56937500
16.84108400
16.61670800
16.59020800
16.59541700
16.71504200
16.71983300
16.54891700
16.81908300
16.79133300
16.47645900
16.81516600
16.38791700
16.68716700
16.67745800
16.51425000
16.92875000
16.83379200
16.42462500
16.84158300
16.51358300
16.84291700
16.62716700
16.78845800
16.45741700
16.74833300
16.69958300
16.62954200
16.73720800
16.73820900
16.40933300
16.78379200
16.78425000
16.59829100
16.81087500
16.52262500
16.84904200
16.57975000
16.76570800
16.63062500
16.65466700
17.08175000
16.35904200
16.66379100
17.16704200
16.26375000
16.71316700
17.14133300
16.51762500
16.83904200
16.56750000
16.41441600
16.70754200
16.87320800
16.58183400
16.50329100
16.70933400
16.74562500
16.60883300
16.65987500
16.90295800
16.82720900
16.62712500
16.49550000
16.64637500
16.55816600
16.82391700
16.63700000
16.59233300
16.78166700
16.71791700
16.61575000
16.77125000
16.57479100
16.61604200
16.76875000
16.67070800
16.59612500
16.81937500
16.66804200
16.43137500
17.14125000
16.74504200
16.53008300
16.76195800
16.54729200
16.50387500
16.83041700
16.53566600
16.75350000
16.72183400
16.62058300
16.65612500
16.72208300
16.55720900
16.86620800
16.62979200
16.75445800
16.65070800
16.69404200
16.65387500
16.77220800
16.67341700
16.67983300
16.54495900
16.72554100
16.72275000
16.70941700
16.56100000
16.82208300
16.99429200
18.06075000
15.16104200
16.78704100
17.63050000
15.82204200
16.50395800
16.75187500
16.70170900
16.71666600
16.50745900
17.17062500
16.41100000
16.58187500
16.58375000
16.69320800
17.02412500
16.29075000
16.88541700
16.66495800
16.55162500
16.82075000
16.76016700
16.85345800
16.52025000
16.52962500
16.54983300
16.75312500
16.67845900
16.57908300
16.56329200
16.76133300
16.71879200
16.72954100
16.64366700
16.67279200
16.66637500
16.68420800
16.64066700
16.85629100
16.58187500
16.62037500
16.69612500
16.66158400
16.60704100
16.79158400
16.72058300
16.49550000
16.85437500
16.67225000
16.58354200
17.00054100
16.57470900
16.58650000
16.68487500
16.65629100
16.70933400
16.66170800
16.66970800
16.72091700
16.92095800
16.39225000
16.72479200
16.70875000
16.64716700
16.89679100
16.62108400
16.44841600
16.94804200
16.65683300
17.26933400
16.20079100
16.67995900
16.59420800
16.59775000
16.76691700
16.61091600
16.89887500
16.39283400
16.53533300
16.74300000
16.60637500
16.67333300
16.94187500
16.42775000
16.71775000
16.81645900
16.69450000
16.54937500
16.74758300
16.52425000
16.63391700
16.82716600
16.73316700
16.61045800
16.78525000
16.51425000
16.71895900
16.63620800
16.79458300
16.48837500
16.86720900
16.72608300
16.75287500
16.65608300
16.62537500
16.55925000
16.75191700
16.80333300
16.64925000
16.61516700
16.89258300
16.54462500
16.74141700
16.46037500
16.81725000
16.66895800
16.67766700
16.59554200
16.78837500
16.65650000
16.76404100
16.67175000
16.41604200
16.90670800
16.58912500
16.59879200
16.85366700
16.55104100
16.78404200
16.98800000
16.57362500
16.58191700
16.65254100
16.67720900
16.64716600
16.82208400
16.64250000
16.45979100
16.84666700
16.71016700
16.63279100
16.65266700
16.77408300
16.60462500
16.86425000
16.57345900
16.53337500
16.88983300
16.65558300
16.61141700
16.69466700
16.80166600
16.97087500
16.68875000
16.42779200
16.64500000
16.67500000
16.62937500
16.67283300
16.64850000
16.70108400
16.62787500
16.76508300
16.62504200
16.69179100
16.65587500
16.60687500
16.86791700
16.72679200
16.42145800
17.18754200
16.40962500
16.74433300
16.50579200
16.79933300
16.52295800
16.70354200
16.75483300
16.69220900
16.90983300
16.62525000
16.54458300
16.67295900
16.66725000
16.61095800
17.28591700
16.54408300
16.52958300
16.77300000
17.14883400
15.77754100
17.04725000
16.74633400
16.48904100
16.78391700
16.73858300
16.59850000
16.42095900
17.09208300
16.42933300
16.74441700
16.47391700
16.88137500
16.56970800
16.77404200
16.43020800
17.04050000
16.60800000
16.63437500
16.54987500
16.99908300
16.35429200
16.81770800
16.65150000
16.65770900
16.79808300
16.65450000
16.70725000
16.68008300
16.42283400
16.98337500
16.65845800
16.60916700
16.65550000
18.24141600
15.04945900
16.78100000
16.59566600
16.64212500
16.97591700
16.58745800
16.76175000
16.69787500
16.56795900
16.53266600
16.78441700
16.68587500
16.58975000
17.31620800
16.30266700
16.43170800
16.62795900
16.78287500
16.59979100
16.78941700
16.50033300
16.60662500
16.88837500
16.77700000
16.63679200
17.14037500
16.25962500
16.80037500
16.41250000
16.82500000
16.62404200
16.71537500
16.70791600
16.58979200
16.81562500
16.56687500
16.94150000
16.63845800
16.63520900
16.60920800
16.74495800
16.59758400
16.60929100
16.86216700
16.49112500
16.56625000
16.79554200
16.65329100
16.78320900
16.74483300
16.43700000
16.80245800
16.78162500
16.64600000
16.80487500
16.47383400
16.68058300
16.69387500
16.84137500
16.45533300
16.77037500
16.75295900
16.55625000
16.78216600
16.96916700
16.48304200
16.43766600
16.66800000
16.82633400
16.74566600
16.61341700
16.57187500
16.88562500
17.22862500
16.14716700
16.65208300
16.71745800
16.76562500
16.70504200
16.69533300
16.61041700
16.65795800
16.64600000
16.72112500
16.91254200
16.57779200
16.62625000
16.69304100
16.48650000
16.86650000
16.57733400
16.69404100
16.68520900
16.70287500
16.84445800
16.65183300
16.60954200
16.60191700
16.82537500
16.57491600
16.64854200
16.65729200
16.74200000
16.42008300
16.78866700
16.75562500
16.61833300
16.77329200
16.77325000
16.69920800
16.72979200
16.67262500
16.55883300
16.57208300
16.82679200
16.74195800
16.53233400
16.75858300
16.58075000
16.81537500
16.56025000
16.78416700
16.68966600
16.66395900
16.96945800
16.66958300
16.51520900
16.59612500
16.80520800
16.59929200
16.47191600
17.09604200
16.60887500
16.86787500
16.58050000
16.48533300
16.59333400
16.71616600
16.74883400
16.54550000
16.75483300
16.64612500
16.74541700
16.58887500
17.09491600
16.55862500
16.50795900
16.59991600
16.76616700
16.62391700
16.73991600
16.32104200
17.07287500
16.68004200
16.69975000
16.55425000
16.75629100
16.64283400
16.74825000
16.61308300
16.65454200
16.67262500
16.71787500
16.61691600
16.68879200
16.97816700
16.79683300
16.69158300
16.70620900
16.27275000
16.77520800
16.59733300
16.84062500
16.49087500
16.78850000
16.60987500
16.65191700
16.63695800
16.73125000
16.68329200
16.61066700
16.77125000
16.85079100
16.45137500
16.88345900
16.94258300
16.39295800
16.68712500
16.78145900
16.47833300
16.71879200
16.74150000
16.69525000
16.66679100
16.57612500
16.71937500
16.76404200
16.72970800
16.58525000
16.84083400
16.48262500
16.63820800
16.76154200
16.71008300
16.82787500
16.47941700
16.60275000
16.65525000
16.86354100
16.45712500
16.72537500
16.91462500
16.41354200
17.10762500
16.47000000
16.66337500
16.50750000
16.99308300
16.38287500
16.94208400
16.48975000
16.80341600
16.61883400
16.68700000
16.75575000
16.72408300
16.69491700
16.40704100
16.88366700
16.71058300
16.63950000
16.70691700
16.60554200
16.75862500
16.65541600
16.78833400
16.51395800
16.74500000
16.82379200
16.55091600
16.71316700
16.79483300
16.43120900
16.66058300
17.31775000
16.26533300
16.65416700
16.67275000
16.77195800
16.48237500
16.85629200
16.56666700
16.80441600
16.68458400
16.80016600
16.89004200
18.26816700
15.07245800
18.36404200
14.92950000
16.66491600
16.92445900
16.58241600
16.63020900
16.93954100
16.43241700
16.72937500
16.63283300
16.46941700
16.73895800
16.68066700
16.68875000
17.37466700
16.07279100
16.56508400
17.11862500
16.14637500
16.43745800
16.88391700
16.76337500
16.53816600
16.87550000
16.58487500
16.61562500
16.74391700
16.74320800
16.67570900
16.61608300
16.79637500
16.49712500
16.71962500
16.61537500
16.76220800
16.70316700
16.74891700
16.64016600
16.73970900
16.64741600
16.60125000
16.53016700
16.92379200
16.39466600
16.98125000
16.49170900
16.97283300
16.63783300
16.38750000
16.84075000
16.76691700
16.44983300
16.90908400
16.57808300
16.62954200
17.11637500
16.45929100
16.54491700
16.67645800
16.59837500
16.71675000
16.86616700
16.39512500
16.87729200
16.44591600
16.89687500
16.97820900
16.42733300
16.78945800
16.72525000
16.36858400
16.85925000
16.57641600
16.73279200
16.79633300
16.55679200
16.83150000
16.42437500
16.65254200
16.94987500
16.60666600
16.47208400
16.82412500
16.69787500
16.61587500
16.76975000
16.55641600
16.86512500
16.61033400
16.51425000
16.95958300
16.36937500
16.79325000
16.79266700
16.64020800
16.92758300
16.51525000
16.46312500
17.14091700
16.77062500
16.69166700
16.51954100
16.59350000
16.64058400
16.63654100
16.79283400
17.04462500
16.30412500
16.62050000
16.60595800
16.53545800
16.95033400
16.71404100
16.57350000
16.76537500
16.73591700
16.54441700
16.76470800
16.60158300
17.59437500
16.26420900
16.61566600
17.33354200
23.84100000
8.58091700
16.87633300
16.55770800
16.71754200
16.54466700
16.69125000
16.58229100
16.66020900
17.37837500
16.49337500
17.33462500
16.08550000
16.29604100
16.86283400
17.17229100
17.86875000
15.99791700
16.92062500
15.39462500
17.83400000
17.44587500
16.48350000
15.34441700
16.38858300
16.81020800
16.65250000
16.58795900
16.71783300
16.65620800
16.73720900
16.65079100
16.72604200
16.48808300
16.65758400
16.77520800
16.63333300
16.61725000
16.78566700
16.63483300
16.64158400
16.68337500
16.52362500
17.12354100
16.49695900
16.59358300
16.61020800
16.87970900
16.58037500
16.68029100
16.74791700
16.63908300
16.78791700
16.62120800
16.63670900
16.63725000
16.74362500
16.65945800
16.56125000
16.80008300
16.67933400
16.66858300
16.41112500
18.02454200
17.14808300
15.48725000
16.75854200
16.66287500
17.79683300
15.54900000
16.54295800
16.81937500
16.68708400
16.53395800
16.79883300
16.51762500
16.79412500
16.55595900
16.51175000
16.83425000
16.60745800
16.72562500
16.54791700
16.82591600
16.58187500
16.84987500
16.58441700
16.48058300
16.88650000
16.59441700
16.51662500
17.03412500
16.46787500
16.74791700
16.63616600
16.74091700
16.63645800
16.63420900
16.81545800
16.33554200
16.80529100
16.66900000
16.68200000
16.97004200
16.59770800
16.63000000
16.64708400
16.74633300
16.52291700
16.76133300
16.70641700
16.46825000
17.02575000
16.57020800
16.56758300
16.87437500
16.73070900
16.45741600
16.86783400
16.55241600
16.69287500
16.65220900
16.65962500
16.88366600
16.66904200
16.64658300
16.64204200
16.70083300
16.63616700
16.46195800
16.74504200
16.90979200
16.67041600
16.42491700
16.79312500
16.59479200
16.75416600
16.65083400
17.03254100
16.47533400
16.63620800
16.63170800
16.75720900
16.61254100
16.70845900
16.59266600
16.77883400
16.56416600
16.81304200
16.51783300
16.76225000
16.63995900
16.58445800
16.79858300
16.78991700
16.59241700
16.68833300
16.91737500
16.46800000
16.50341700
16.86575000
16.47237500
16.71116600
17.07845900
16.42395800
16.91583300
16.85362500
16.22150000
17.05491700
16.33866700
16.92970800
16.71250000
16.58000000
16.79383300
16.72004200
16.45500000
16.83170800
16.40545900
16.77975000
16.65500000
16.87445800
16.51112500
16.54950000
17.13050000
16.66733300
16.50937500
16.62416700
17.07395800
16.60641700
16.62854200
16.47604100
16.97058400
16.55658300
16.77366700
16.56179100
16.61783400
16.72658300
16.61383300
16.61145900
16.60416600
16.73895900
16.82975000
16.42750000
16.94091600
16.52683400
16.63254100
17.00241700
16.56812500
16.48129200
16.81516600
16.72050000
16.61787500
16.92741700
16.57595800
16.43075000
16.73529200
16.68812500
16.60066700
16.75633300
16.66166700
16.59437500
17.00379100
16.74295900
16.71595800
16.73550000
16.40191700
16.70083300
16.56670800
16.86237500
16.28025000
16.99854200
16.50687500
16.84783300
16.71408400
16.54450000
16.77804100
16.73004200
16.99262500
18.99316700
14.14162500
16.64008300
16.64858300
16.47866700
16.97791700
16.66341600
16.56250000
16.67650000
16.58754200
16.86600000
16.65200000
16.84462500
16.51454200
16.59054100
16.95758400
17.57225000
18.96962500
13.46154100
19.54429200
14.06133300
16.97433400
16.30195800
16.77245800
16.58766700
16.59404200
17.02637500
16.47604100
16.53229200
16.74520800
16.87050000
16.57737500
16.82433400
16.46487500
16.94662500
16.39870800
16.58025000
16.60762500
16.66750000
16.73237500
16.68162500
16.72712500
16.68616700
16.60579100
16.51829200
17.13445800
16.52579200
16.79666700
16.59091600
16.58325000
16.86591700
16.57391700
16.62304100
16.75962500
16.71579200
16.60183300
16.65629200
16.69608300
16.67654200
16.73279200
16.80704100
16.47945900
16.67045800
16.75575000
16.71850000
16.73712500
16.56187500
16.58470800
16.85975000
16.65204200
16.64691700
16.57908300
16.68404200
16.55908300
16.89154200
16.54058300
16.48762500
17.03916700
16.59445800
16.57595800
16.70975000
16.72108400
16.61404100
16.74091700
16.72462500
16.63137500
16.74458300
16.61258400
16.56195800
16.78500000
16.69162500
16.62475000
16.79316700
16.63216600
16.49195900
16.73991600
16.72737500
16.49804200
16.71654200
16.80379100
16.53241700
16.82275000
16.70154200
16.67316600
16.84129200
16.78579200
16.53404100
16.66800000
16.54787500
16.78495900
16.69412500
16.63275000
16.69250000
16.70058300
16.84287500
16.56733300
16.60366700
16.65287500
16.72091700
16.65841600
16.63245900
16.64683300
16.74183300
16.72208400
17.00145800
16.54183300
16.70029200
16.56637500
16.71441700
16.55983300
16.57650000
16.81950000
16.60758300
16.81604200
16.78579200
16.61000000
16.52604100
16.99929200
16.35733300
16.80770900
16.59804100
16.87750000
16.54954200
16.67608300
16.72345900
16.65850000
16.71545800
16.55795800
16.65362500
16.74512500
16.89925000
16.57183400
16.65679100
16.54683400
16.87379100
16.58300000
16.68920900
16.62495800
16.62829200
17.22954100
16.87900000
16.28829200
16.66454200
16.60779100
16.60604200
16.89270800
16.66204200
16.70545800
16.64258400
16.60545800
16.65991700
16.67754100
16.62666700
16.92454200
16.61887500
16.52754100
16.70595900
16.65720800
16.66654200
16.63145800
16.76100000
16.75775000
16.54058300
16.71525000
17.28229200
16.35262500
16.44662500
16.72158300
16.57600000
16.77587500
16.66075000
16.59783400
16.90679100
16.89545900
16.62258300
16.73458300
16.62979200
16.34954200
16.74087500
16.74808300
16.46312500
16.69304200
16.90829100
16.63120900
16.60162500
16.80608300
16.62620800
16.65029200
16.70420800
16.66945900
16.65416600
16.73966700
16.72704200
16.58633300
16.81600000
16.39666700
16.69108300
16.81370800
16.72879200
16.63454200
16.50462500
16.83387500
16.73679100
16.66916700
16.70883300
16.79087500
16.59716700
16.74991700
16.60537500
16.56066600
16.80166700
16.74920800
16.48050000
17.01150000
16.51295900
16.54954100
16.73895900
16.75637500
16.52808300
16.78995800
16.82683400
16.47012500
16.82195800
16.66187500
16.93012500
16.57458300
16.58250000
16.48858400
16.82866600
16.82058400
16.49320800
16.60658300
16.93879200
16.54345800
16.96612500
16.91941700
16.09120800
16.90808400
16.56216600
16.56300000
16.68250000
16.64254200
16.84970800
16.79962500
16.46758400
16.70666600
16.75291700
16.69404200
16.47550000
16.81475000
16.54133300
16.86337500
16.65529200
16.79908300
16.67166700
16.71104100
16.56229200
16.82037500
16.66829200
16.63154100
16.67454200
16.61237500
16.70787500
16.84033300
16.47233400
16.91270800
16.71625000
16.60262500
16.62791700
16.70145800
16.74650000
16.60237500
17.27887500
16.56204200
16.26679100
16.45270900
16.94200000
16.40920800
16.73412500
16.67520800
16.71925000
16.78487500
16.61683400
16.61683300
17.23308300
16.52395900
16.42062500
16.86333300
16.68545800
16.93804200
16.20820800
16.63195900
16.62558300
17.00487500
16.49033300
16.65858400
16.72887500
16.58641600
16.88991700
16.67008300
16.58245900
16.64800000
16.64087500
16.81645800
16.48750000
16.70645800
16.83116700
16.60362500
16.75850000
16.68779200
16.73133300
16.61637500
16.55175000
16.89504200
16.68929100
16.74195900
16.62708300
16.63725000
16.80987500
16.78220800
16.49675000
16.68279200
16.51787500
16.72808300
16.60154200
16.96058300
16.58362500
16.65400000
16.56729200
16.50225000
16.77500000
16.89583300
16.64383400
16.97691600
16.49404200
16.49675000
16.61208300
16.69229200
17.01866700
16.58787500
16.71662500
16.53658300
16.87816700
16.72837500
16.79845800
16.40525000
16.84450000
16.48308300
16.79166700
16.73600000
16.76404200
16.57995800
16.98279200
16.49795800
17.67475000
15.56391700
17.87029100
17.79370900
75.70262500
21.29775000
13.13100000
21.05691600
10.26304200
10.29266700
10.29220800
9.97162500
10.92308300
10.24891700
9.95387500
9.68150000
9.11575000
9.22970800
16.85491700
16.76266700
16.58216600
16.73500000
17.28245900
16.48075000
17.91279100
15.77333400
16.15087500
17.54850000
18.02233300
16.44012500
15.38220800
18.05633400
17.13150000
17.02187500
15.97191600
16.03629200
17.20245800
16.20150000
16.51220900
16.87220800
16.69029200
16.67916600
16.07104200
16.74841700
17.10779100
17.62187500
15.63958400
17.12654100
15.78375000
16.55495900
17.29483300
18.50379200
14.14754100
16.65325000
16.58137500
16.65104200
16.69141700
16.55025000
16.45525000
16.60341600
16.77975000
16.72925000
16.58379200
16.75325000
16.52812500
16.63700000
16.71237500
16.72683300
16.92045900
16.48462500
16.75158300
16.56737500
16.46100000
16.73458300
16.79058400
16.71925000
16.55025000
16.62633300
16.86570800
16.49912500
16.63816700
16.82804200
16.63729100
16.72200000
16.80320900
16.52275000
16.67212500
16.76100000
16.55800000
16.76675000
16.71825000
16.72120800
16.52875000
16.87025000
16.45625000
16.62358300
16.69208400
16.65125000
16.77087500
17.11858300
16.40975000
16.56462500
16.52475000
16.73541700
16.64650000
16.76379100
16.72795900
16.72504100
16.52987500
16.82387500
16.73191700
16.60762500
16.77533300
16.62266700
16.52637500
16.73216700
16.77545800
16.49725000
16.90908300
16.72175000
16.66645900
17.00404100
16.50629200
16.57850000
16.83854200
16.45770800
16.73737500
16.49645800
16.67583400
18.42737500
16.58891600
15.67437500
16.77133400
16.65508300
17.01133300
16.15700000
16.80754200
16.66433300
16.60345900
16.76020800
16.68983300
16.24270900
16.88333300
16.59983300
16.57379200
16.57412500
16.69345800
16.87320900
16.76700000
16.69662500
16.25891600
16.91358400
16.76750000
16.49029100
16.55879200
16.91841700
16.55737500
16.70775000
16.45841600
16.95595900
16.62233300
16.63529200
16.68175000
16.65841600
16.62100000
16.72191700
16.72916700
17.84566600
15.83700000
16.77754200
16.47787500
16.73220800
16.54708400
16.38916600
16.83441700
16.69800000
16.67025000
16.62075000
16.72720800
16.76629200
16.75404200
16.94450000
16.35666600
16.59791700
16.67645800
16.62108400
16.77187500
16.54087500
16.67437500
16.47437500
17.04158300
16.56887500
16.53620800
16.76300000
16.67287500
16.80062500
16.72895900
16.38091600
16.72558400
16.91754100
16.44283400
16.83333300
16.53087500
16.61916700
16.84958300
16.67825000
17.29162500
16.51429200
16.41695800
16.95600000
16.40954200
16.55558300
16.75908300
16.82629200
16.50229200
16.92783300
16.58520800
16.52204200
17.01416700
16.68954100
16.56879200
16.65554200
16.84691600
16.29641700
16.75266700
16.84133300
16.64679200
16.95900000
16.42204100
16.49687500
17.10350000
16.65900000
16.41625000
16.91020900
16.42662500
16.63508300
16.71395800
16.68762500
16.59020900
17.06329100
16.56358400
17.01475000
16.43841600
16.62954200
16.28320800
16.69283400
16.93541600
16.60291700
16.71570800
16.81808400
16.75604100
16.52791700
16.58725000
16.65379200
16.94416600
16.45200000
16.58795900
16.76054100
16.87466700
16.63979200
16.35325000
16.96266600
16.51058400
16.67958300
16.88283300
16.52912500
16.73387500
16.71566700
16.72279200
16.52304100
16.63529200
16.75208300
16.84312500
16.51283400
16.69420800
16.60470800
16.86062500
16.67616700
16.58083300
17.04083400
16.50208300
17.17295800
16.77112500
16.61229200
16.21150000
16.50683300
16.75575000
16.57120900
16.77500000
16.83450000
16.83470800
16.52012500
16.67491700
16.76237500
16.60475000
16.75758300
16.57908300
16.66729200
16.69595800
16.72729200
16.73595800
16.74450000
16.61479200
16.71862500
16.67087500
16.63533300
16.58579200
16.70329200
16.73341600
16.36920900
16.90525000
16.85112500
16.66045800
16.72812500
16.54166700
16.69325000
16.73833300
16.57520800
16.86737500
16.76450000
16.37929200
16.74725000
16.66033300
16.62025000
16.69279200
16.86583300
16.56054200
16.77408300
16.76545900
16.33783300
16.91650000
16.73816700
16.61791600
16.69462500
16.90954200
16.49466700
16.70737500
16.75800000
16.57766600
16.71525000
16.43162500
16.60370900
16.95575000
16.64991600
16.43500000
17.03616700
16.53179200
16.68966600
16.71429200
16.51179200
17.07679100
16.52420900
16.68316600
16.39125000
16.88237500
16.64316700
16.57612500
16.78225000
16.66800000
16.73904200
16.80841600
16.64020900
16.52900000
16.67341600
16.52745900
16.79033300
16.84920800
16.61541700
16.47458300
16.60379200
16.87033300
16.79370900
16.46695800
16.83337500
16.70541700
16.79279100
16.28525000
16.84033400
16.76225000
16.55020800
16.84904200
16.70595800
16.54875000
16.80550000
16.51879200
16.68062500
16.79404100
16.71125000
16.55200000
16.71141700
16.75895800
16.57754200
16.73179200
16.78083300
16.45291700
16.80208300
16.67529200
16.75312500
16.81795800
16.74262500
16.52500000
16.69895800
16.74712500
16.50895900
16.76962500
16.72950000
16.51833300
16.84683300
16.67037500
16.69700000
16.87729200
16.58037500
16.50808300
16.96708400
16.69266600
16.59420900
16.90062500
16.55525000
16.72041600
16.70383400
16.67612500
17.07345800
16.34887500
16.60929200
16.78308300
16.32245800
16.82070900
16.66650000
16.73320800
16.42954200
16.89395800
16.68362500
16.60108300
16.77254200
16.66033300
16.60070900
16.74704100
16.73558400
16.55570800
16.64320800
16.79704200
16.60858300
16.79825000
16.56041700
16.65779200
16.84091600
16.80287500
16.81987500
16.75708400
16.46329100
16.67775000
16.52350000
16.70470900
16.57612500
16.87033300
16.66579200
16.48433300
16.82662500
16.50954200
16.81083300
16.57562500
16.85908300
16.35654200
17.06304200
16.50887500
16.92775000
16.33400000
16.80600000
16.67091600
16.65587500
16.87225000
16.69775000
16.65133400
16.62412500
16.72558300
16.66937500
16.69554200
16.62745800
16.68345800
16.86058400
16.44720800
16.92145800
16.57637500
16.70516700
16.58437500
16.59841700
16.83375000
16.67904100
16.53200000
16.79800000
16.84212500
16.49250000
16.70954200
16.68654200
16.46929100
16.93629200
16.64925000
16.50075000
16.75183300
16.76075000
16.51554200
16.85995800
16.66100000
16.59875000
16.73704200
16.66570800
16.54570900
16.76716600
16.85433400
16.47500000
16.90108300
16.88904200
16.50770800
16.74987500
16.60991700
16.81025000
16.65679100
16.57183400
16.62916600
16.91687500
16.57395900
16.51187500
16.70804100
16.74062500
16.69100000
16.90750000
16.52641700
16.74595800
16.53595900
16.86687500
16.68295800
16.66487500
16.55879200
16.83595800
16.58737500
16.71229200
16.62720800
16.68379200
16.76237500
16.84900000
16.69050000
16.68783300
16.60329200
16.76875000
16.63233300
16.67566700
16.43987500
16.87100000
16.47225000
16.71091600
16.80254200
16.83195800
16.40733400
16.74933300
16.61529200
16.97758300
16.46116700
16.66062500
17.01829100
16.44791700
16.76416700
16.60437500
16.48404100
16.85145900
16.53758300
17.10029200
16.40208300
16.76237500
16.59291700
16.88475000
16.47608300
16.52491700
16.79562500
16.80904100
16.42366700
16.94729200
16.48637500
16.93845800
16.39187500
16.85833300
16.53616700
16.86241700
16.58504100
16.57187500
16.78000000
16.78129200
16.66654200
16.55945800
16.61129200
16.59683300
16.99475000
16.74704200
16.69608300
16.60458300
16.32216700
16.87945800
16.58504200
16.63912500
16.61383300
16.85704200
16.75483300
16.76912500
16.37950000
16.74654200
16.73366700
16.71175000
16.32354100
16.88275000
16.82650000
16.59045900
16.75429100
16.69670900
16.52458300
16.66204200
16.85595800
16.60541700
17.08066600
16.68716700
16.66237500
16.44516700
16.64075000
16.52179100
16.95645900
16.63695800
16.73791700
16.58804100
16.99412500
16.17550000
16.66116700
16.81233300
16.70812500
17.00820900
17.04700000
16.05520800
16.73375000
16.47145800
16.69000000
16.59837500
16.63875000
16.87595900
16.51583300
16.61950000
16.84683300
16.59308400
16.68279100
16.72258400
16.95625000
16.53104100
16.58095900
16.61512500
17.38445800
16.46587500
16.53087500
16.63633300
16.43283400
16.63554100
16.74650000
16.54337500
16.89254200
16.51479200
16.87587500
16.68625000
16.58462500
16.70425000
16.64416600
16.62820900
16.75775000
16.68008300
16.61170800
16.62625000
16.86066700
16.47583300
16.88383400
16.59062500
16.56154100
16.83183400
16.72625000
16.59716600
16.60766700
16.78654200
16.55229100
16.82341700
16.66858300
16.77920900
16.58183300
16.72983300
16.65508400
16.72566600
16.66454200
16.75083300
16.64112500
16.65904200
16.75720800
16.62441700
16.47579200
16.85383300
16.61100000
16.64650000
17.03545800
16.63862500
16.36433400
16.83404100
16.68600000
16.57641700
16.75479200
16.70625000
16.53208300
16.70616700
17.01033300
16.78591700
16.48333300
16.74670800
16.45687500
16.74941700
16.73154200
16.47750000
16.79000000
16.74554100
16.71358400
16.96954100
16.68700000
16.53629200
16.80200000
16.46691700
16.53195800
16.76637500
16.81429200
16.44987500
16.89770800
16.61616700
16.83737500
16.59287500
16.68204100
16.49420900
16.82387500
16.60004100
16.87812500
16.55379200
16.70183300
16.76504200
16.68416700
16.59162500
16.64083300
16.72362500
16.68133300
16.66945900
16.71566600
16.97533400
16.39654100
16.51575000
16.86420900
16.68662500
16.64608300
16.64583300
17.05637500
16.76754200
16.54270800
17.06404200
16.46466700
16.39300000
16.64895800
16.62166700
16.46295800
16.92808300
16.55625000
16.73366700
16.66420800
16.60158400
16.80345800
17.44529200
15.96187500
16.60162500
16.71729100
16.67845900
16.61991600
16.73687500
16.69200000
16.73933400
16.50904100
16.69141700
16.91637500
16.62125000
16.53833300
16.62770900
16.98300000
16.41008300
16.59716700
16.74462500
16.70866600
16.59883400
16.78733300
16.64195800
16.62716700
16.87308300
16.57087500
16.73166700
16.70650000
16.53954200
16.77300000
16.68525000
16.62016600
16.84450000
16.59100000
16.56200000
16.80795900
16.70445800
16.49166700
16.69341600
16.86658400
16.41325000
16.96545800
16.61270800
18.02375000
15.69829200
17.13283300
16.52616700
16.62658300
16.59145900
17.61412500
16.06412500
16.84208300
16.75220800
16.72875000
16.72979200
16.28816700
16.78879100
16.79191700
16.31841700
16.85100000
16.77908300
16.60237500
16.99879200
16.39162500
16.23508300
16.71445800
16.61620900
16.51858300
16.65333300
16.58650000
16.78554200
16.72883300
16.86620900
16.65837500
16.46612500
16.64575000
16.65762500
16.72312500
16.67375000
16.68391600
16.60329200
16.65862500
16.81187500
16.61991700
16.61241600
16.78208400
16.65050000
16.61291600
16.87458400
16.54141600
16.64479200
16.79279200
16.60887500
16.61341600
16.74262500
17.13783400
16.46541600
16.93062500
16.64700000
16.18729200
16.73195800
16.72429200
16.52979200
16.72033300
16.84358300
16.69570900
16.63679100
16.56562500
16.88241700
16.98391700
16.31550000
16.71587500
16.60908300
16.94041700
16.61466600
16.49654200
16.92058300
16.55037500
16.79929200
16.63575000
16.99229200
16.44958300
16.97195800
16.28312500
16.77758400
16.58275000
16.93095800
16.34695800
16.93070900
16.81062500
16.48462500
16.66291600
16.83866700
16.46741700
16.74100000
16.82816600
16.53562500
16.69633400
16.75829100
16.67033400
16.49554100
16.92304200
16.52112500
16.50700000
16.85829200
16.76533300
16.55091700
16.70633300
16.73545800
16.57700000
16.78408400
16.69166600
16.54862500
16.65162500
16.80958400
16.62720800
16.76170800
16.54987500
16.68370900
16.87341600
16.65929200
16.70895800
16.55250000
16.75104200
16.57212500
16.82245800
16.63625000
16.63579200
16.77862500
17.25254200
18.81045800
13.96525000
16.72500000
16.51920800
16.72658400
16.69700000
16.67779100
16.71220900
16.59270800
16.77729200
16.92475000
16.84241600
16.34562500
16.66137500
16.60387500
16.84691700
16.55900000
16.57600000
16.88708300
16.76979200
16.46912500
16.87541700
16.61695800
16.65358300
16.65087500
16.78412500
16.50404200
16.72479200
16.65358300
16.59312500
16.78554200
16.84737500
16.51816600
16.68387500
16.73120900
16.61558300
16.79545800
16.71095900
16.52316600
16.74512500
16.71412500
16.56420900
16.80725000
16.66029100
16.54891700
16.78379200
16.70437500
16.69375000
16.67408300
16.79712500
16.40950000
16.81112500
16.74745800
16.57962500
16.65208400
16.81650000
16.61545800
16.77491700
16.56825000
16.96616600
16.58608400
16.65862500
16.62004100
16.68220900
16.70320800
16.58395800
16.79391700
16.63450000
16.69245800
16.68679200
17.04258300
16.50766700
16.75087500
16.45620800
16.67908400
16.70216600
16.48150000
16.90279200
16.55716700
16.74412500
16.66783300
16.85466700
16.50475000
16.68537500
16.76862500
16.44179100
16.82941700
16.68695800
16.70891700
16.79004200
16.44954100
17.06087500
16.70658400
16.38620800
16.52025000
16.96016700
16.55787500
16.63712500
16.91395800
16.67225000
16.54129200
16.64520800
16.68033300
16.73775000
16.77383400
16.63466600
16.53491700
16.85012500
16.70979200
16.47195800
16.87345800
16.68904200
16.52258300
16.82225000
16.59395900
16.74400000
16.69537500
16.74158300
16.53062500
17.16762500
16.27495800
16.78391700
16.56383300
17.13050000
16.58954200
16.64462500
16.30825000
16.71962500
16.65254200
16.56279100
16.92195900
16.70633300
16.59312500
16.60895800
16.81120900
16.51004100
16.69937500
16.67129200
16.67045800
16.80975000
16.58875000
17.06745900
16.53925000
16.45112500
16.69345800
16.71966700
16.71012500
16.55308300
16.69954200
16.72054100
16.57950000
16.87804200
16.69391700
16.54262500
16.68250000
16.69858300
16.55425000
17.15162500
16.60845800
16.76595900
16.62833300
16.54183300
16.47295900
16.74900000
16.79370800
16.63400000
16.66354200
16.79516600
16.63537500
16.59662500
16.68858400
16.74466600
16.63475000
16.72883400
16.51458300
16.75887500
16.86387500
16.57700000
17.02325000
16.37991700
16.67508300
16.88841700
16.26066600
16.86087500
16.69220900
16.67041600
16.77816700
16.64191700
16.44816600
17.10383400
16.72437500
16.29775000
16.70229100
16.90133400
16.85529100
16.64745900
16.38466600
16.83079200
16.62883300
16.90687500
16.36275000
16.83062500
16.43504200
16.50375000
16.93595800
16.93166700
16.31691700
16.92925000
16.72079100
16.62404200
16.41320800
16.92479200
17.49933300
16.14379200
16.57737500
16.68495800
16.65204200
16.69679200
16.85383300
16.08950000
17.18716700
16.56279100
16.65283400
16.71720800
16.75462500
16.70262500
16.72033300
16.70641700
16.79420800
16.46116700
16.72070800
16.79541700
16.42408300
16.77533400
16.73108300
16.50991700
16.96420800
16.48245800
16.58975000
17.03366700
16.43658300
16.66375000
16.75625000
16.59962500
16.86791700
16.60495800
16.84804200
16.60237500
16.50945800
16.69650000
17.11179200
16.29537500
16.90525000
16.43054200
16.90670800
16.34212500
16.64587500
16.79416700
16.69704100
16.72808400
16.81420800
16.79520800
16.47820900
16.76516600
16.47750000
16.58725000
16.90787500
16.56295900
16.61270800
16.86654200
16.62333300
16.41491700
17.02091600
16.51070900
16.62191600
16.73425000
16.76175000
16.47095900
16.58883300
16.67558300
16.81670900
16.74975000
16.42866600
16.92470900
16.62408300
16.80491700
16.68579100
16.63325000
16.57345900
16.68883300
16.77600000
16.46304200
16.91554100
16.58291700
16.63962500
16.72866700
16.57241600
16.69429200
16.77104200
16.73920800
16.62404200
16.56858300
16.88200000
16.61558300
16.70850000
16.80920900
16.69225000
16.83583300
16.56366700
16.47662500
16.85645800
16.65383300
16.78041700
16.63616700
16.64975000
16.70350000
16.44783300
17.08612500
16.48312500
16.86004200
16.57725000
16.74391600
16.50604200
16.73800000
16.65975000
16.47570800
17.24270900
16.60420800
16.54554200
16.55595800
16.77108300
16.72800000
16.51433400
16.71908300
16.60358300
16.76012500
16.68200000
16.71904200
16.63075000
16.61675000
16.72262500
16.54879200
16.88250000
16.62645800
16.59595800
16.86962500
16.60041700
16.72370800
16.71733400
16.66566600
16.57245900
16.75762500
16.66333300
16.71416700
16.64058300
16.71729200
16.58312500
16.77412500
16.63954100
17.00845900
16.61954100
16.80212500
16.53325000
16.66483400
16.67037500
16.54637500
16.64716600
16.85850000
16.51062500
16.51066700
16.97229200
16.62933300
16.58912500
16.81066700
16.62541600
16.68387500
16.55091700
16.82108300
16.67670900
16.81475000
16.48870800
16.81333300
16.62679200
16.65750000
16.71854200
16.48320800
16.88975000
16.60395800
16.65683400
16.60745800
16.95404200
16.65766600
16.57516700
16.64462500
16.67104200
16.84158300
16.52854200
16.62016600
16.77016700
16.62062500
16.72254200
16.70895800
16.70233300
16.67595900
16.64033300
16.82075000
16.54162500
16.69837500
16.74658300
16.64612500
16.61295900
16.84583300
16.40862500
16.94325000
16.55954200
16.68362500
16.71245800
16.69475000
16.68983300
16.87300000
16.66108400
16.50025000
16.74345800
16.55200000
16.65329200
16.64216600
16.79562500
16.61333400
16.77245800
16.75812500
16.79241700
16.54979100
16.85987500
16.68654200
16.52212500
16.82908300
16.54175000
16.85591700
16.66487500
16.68275000
16.69787500
16.73704200
16.60604100
16.68395900
16.52375000
16.70733300
16.78979200
16.53475000
16.74187500
16.61608300
16.83050000
16.69550000
16.58437500
16.64433300
16.79841700
16.71633300
16.52016700
16.69729200
16.79695800
16.50745800
16.88612500
16.67116700
16.56550000
16.78795800
16.59379200
16.72429200
16.70912500
16.69437500
16.65279100
16.76929200
16.68562500
16.60370800
16.71245900
16.79950000
16.45629100
16.89754200
16.63133300
16.70204200
16.69291700
16.80858300
16.53362500
16.62400000
16.69366700
16.69354100
16.56666700
16.81287500
16.73362500
16.64175000
16.83337500
17.01804200
16.90275000
16.66212500
16.31200000
16.65362500
16.98795800
16.36183300
16.64170900
16.64183300
16.79750000
16.49120800
16.92591700
16.55983300
16.63845900
16.61791600
16.60579200
16.78608300
16.56366700
16.64929200
16.83500000
16.64216600
16.98133400
17.03612500
18.27337500
15.77958300
15.79829200
16.59950000
17.94029100
16.86462500
15.96241700
16.36729200
16.65362500
16.62312500
16.62954100
16.79291700
16.63945800
16.75704200
16.75375000
16.57358300
16.76833400
16.75354100
16.32875000
16.80691700
16.54375000
16.74716700
16.65754100
16.70554200
16.99975000
17.33404200
16.37858300
16.46925000
16.94533300
16.84866700
16.75004200
15.72012500
16.56804100
16.79762500
16.73633400
16.49458300
16.86991700
16.89262500
16.38845800
16.54766700
16.56754100
16.48262500
16.71100000
16.67487500
16.63754200
16.74520800
16.78933400
16.64062500
16.97525000
16.67058300
16.51120800
16.61000000
16.37720900
16.65116600
16.67670900
16.81887500
16.41395800
16.83866700
16.82504100
16.55795900
16.66379100
16.65320900
16.44212500
16.96350000
16.63354100
16.70550000
16.61275000
16.66533400
16.56600000
16.91166600
16.62591700
16.49941700
16.80941600
16.74375000
16.56112500
16.76187500
16.81770900
16.44825000
16.75933300
16.70887500
16.80100000
16.65816700
16.67633300
16.94987500
16.48804200
16.78295800
16.33937500
16.85412500
16.50875000
16.86645800
16.65233400
16.68912500
16.59979100
16.83704200
16.33637500
16.95395800
16.71241700
16.45325000
16.92854200
16.62350000
16.76337500
16.51454100
16.90704200
16.49241700
16.67487500
17.03175000
16.90433300
16.32729200
16.54179100
16.66845900
16.73400000
16.55762500
16.64479100
16.96350000
16.62616700
16.47620800
16.74816700
16.75979200
16.52808300
16.75275000
16.68908300
16.58333400
16.78775000
16.72841600
16.52333400
16.94833300
16.64475000
16.54779200
16.70520800
16.80145800
16.51100000
16.70604200
16.79679200
16.79583300
16.43083300
16.85237500
16.50995900
16.67666600
16.83616700
16.51091700
16.82470800
16.54716700
16.72666600
16.81283400
16.45450000
16.89225000
16.57658300
16.75620800
16.66508400
16.71270800
16.57291700
16.73425000
16.80900000
16.95637500
16.33675000
16.86333300
16.35812500
16.77800000
17.00141700
16.42012500
16.93466600
16.51045900
16.42891600
17.12600000
16.49108400
16.64995800
16.73766700
16.63779100
16.77250000
16.62387500
16.68308400
16.78900000
16.71929100
16.49508400
16.69666600
16.63462500
16.62116700
16.55254200
16.89020800
17.03391700
16.24695800
16.75054200
16.84937500
16.46775000
16.86254100
16.57641700
16.64720800
16.68333400
16.61733300
16.74825000
16.66058300
16.70370900
16.80425000
16.59912500
16.64325000
16.76491600
16.67341700
16.61679200
16.71275000
16.70079100
16.63012500
16.71420900
16.57245800
16.80191700
16.66750000
16.41137500
16.91516600
16.74475000
16.64979200
16.58145800
16.48995900
16.82670800
16.69645800
16.77675000
16.58012500
16.67104200
16.96091700
16.35662500
16.81408300
16.92083300
16.59716700
16.37458300
16.88200000
16.42487500
16.72400000
16.67391700
16.76520800
16.56600000
16.98595900
16.55954100
16.83937500
16.51454200
16.67745800
16.66479200
16.66987500
16.72875000
16.69483300
16.73541700
16.57050000
16.75920800
16.63066700
16.70433300
16.65820900
16.64654100
16.67104200
16.73362500
16.59308300
16.57525000
16.94350000
16.59341700
16.63029200
16.74625000
16.61054100
16.74962500
16.63879200
16.72820800
16.46025000
16.79162500
16.69600000
17.33450000
16.67900000
16.50650000
16.30487500
16.73729200
16.64754200
16.61954100
16.89729200
16.88279200
16.37108300
16.72308300
16.68304200
16.58183300
16.73904200
16.80095800
16.50370900
16.79012500
16.69887500
16.72795800
16.93654200
16.54770800
16.67741700
16.57150000
16.83333300
16.43266700
16.77375000
16.76808300
16.44379200
16.92687500
16.91887500
16.44966600
16.59633400
16.77516600
16.60400000
16.96495900
16.55570800
16.71879200
16.64725000
16.39916600
16.83533400
16.60641600
16.58629200
16.89104200
16.72995800
16.64350000
16.69408300
16.65662500
16.69316700
16.81391700
16.54304100
16.55595900
16.62770800
17.04700000
16.49604200
16.66370800
16.67183300
16.49045900
16.82504100
16.67858400
16.44500000
16.84175000
16.81587500
16.58804100
16.70395900
16.71166600
16.53058400
16.88262500
16.91366600
16.35883400
16.74500000
16.57712500
16.66945800
16.75029200
16.75250000
16.53270800
16.85991700
16.64537500
16.58316600
17.48829200
16.13975000
16.47204200
16.82604100
16.80254200
16.60533300
16.52783400
16.71362500
16.61775000
16.77012500
16.81675000
16.62266600
16.72250000
16.56266700
16.61866700
16.65591600
16.68375000
16.68775000
16.64379200
16.73716700
16.60529100
17.04970900
16.49350000
16.70700000
16.61333300
16.58337500
16.83391700
16.71716600
16.60687500
16.72229200
16.61137500
16.69304200
16.71850000
16.70508300
16.68162500
16.65254200
16.70404100
16.71275000
16.67004200
16.69279200
16.44062500
16.89741600
16.66308400
16.66758300
16.68945800
16.74212500
16.59175000
16.81004200
16.66295800
16.93295900
16.42079100
16.63716700
16.83045800
16.60712500
16.59375000
16.98183400
16.50770800
16.67712500
16.70220800
16.53291700
17.38466700
16.15754100
16.73083400
16.41808300
16.86791700
16.59987500
16.70766600
16.55833400
16.74650000
16.77845800
16.46483300
16.83420900
16.84645800
16.66558300
16.52254200
16.77087500
16.71754200
16.46320800
16.80079200
16.70079100
16.52029200
16.95858300
16.71637500
16.41400000
16.64612500
16.89037500
16.48375000
16.64666700
16.96370800
16.55829200
16.47729200
16.95112500
16.54275000
16.61141600
17.17633400
16.87716600
16.40575000
16.63216700
16.74704200
16.51083300
16.72391700
16.69512500
16.72987500
16.61870800
16.71795800
16.53995900
16.75512500
16.80475000
16.33441600
17.54400000
16.03062500
16.58679200
16.61066700
16.67966600
16.67404200
16.78675000
16.65541700
16.60945800
16.73341700
16.79312500
17.35262500
16.20837500
16.35195800
16.77820800
16.54016700
16.70004200
16.76358300
16.62983300
16.64837500
16.86745900
16.59704100
16.93108400
17.13816600
16.31291700
16.41433300
16.72500000
16.64925000
16.69787500
16.67608400
16.70404100
16.55391700
16.83166700
16.59845800
16.62912500
16.68550000
16.70891700
16.65150000
16.87579100
16.56854200
16.59416700
16.77412500
16.69387500
16.49875000
16.76829100
16.75841700
16.56829200
16.76445800
16.82704200
16.46950000
16.81425000
16.50737500
16.74054100
17.13579200
16.37558300
16.74675000
16.82529200
16.56925000
16.88350000
16.58929200
16.47262500
16.61300000
16.71941600
16.65200000
16.69691700
16.73766700
16.64150000
16.62608300
16.62995800
16.70841700
16.76841700
16.86741600
16.57212500
16.84316700
16.60254200
16.54883300
16.78691700
16.57820800
16.60787500
16.59845800
17.00075000
16.50616700
16.82620800
16.62020900
16.56254100
16.58975000
16.80508400
16.79220800
16.62629200
16.69383300
16.59308300
16.69941700
16.83708300
16.48104200
16.78045800
16.63758400
16.65412500
16.64158300
16.74741700
16.59520800
16.79508300
16.68358400
16.61241600
16.74041700
16.68120800
16.53520900
16.90858300
16.62083300
16.66987500
16.75087500
16.64679200
16.80454200
16.42520800
16.87179200
16.42470800
16.90412500
16.77875000
16.57466700
16.67758300
16.56966700
17.21116600
16.29420900
16.55975000
16.78529100
16.58650000
16.78066700
16.73079200
16.65320800
16.48308300
16.80791700
16.86841700
16.66425000
16.69537500
16.72533300
16.69995800
16.63529200
16.66958300
16.68004200
16.71679200
16.71937500
16.49133300
16.81608300
17.04712500
16.64241700
17.13483300
16.40512500
16.22270900
16.81266600
16.68833400
16.45458300
16.89908300
16.64062500
16.43304200
16.92058300
16.61929200
16.56891700
17.06145800
16.34641700
16.61454100
16.82337500
16.62866700
16.91887500
16.54533300
16.61791700
16.70054200
16.65795800
16.60416700
16.67075000
16.73141600
16.65008400
16.83825000
16.34258300
16.73608300
16.72504200
16.54983300
16.84750000
16.72229200
16.89570800
16.42345900
16.59058300
17.17995800
16.17858400
16.81516600
16.59116700
16.53600000
16.83283300
16.90291700
16.41204200
16.80266600
16.87662500
16.46037500
15.91666700
17.98850000
16.83537500
16.75866700
16.44895800
16.44962500
16.66791700
16.62004100
16.51441700
16.96941700
16.66150000
17.06183300
16.43195800
16.74445900
16.37475000
16.84137500
16.86916600
16.51925000
16.48075000
17.08250000
16.22000000
16.98475000
16.48795900
16.91754100
16.66433400
16.40304100
16.77029200
16.75954200
16.34058300
16.92820800
16.49379200
16.90762500
16.83283300
16.72333400
16.66654100
16.75783400
16.65766600
16.49254200
16.70266700
16.73600000
16.51208300
16.77879200
16.62975000
16.63200000
16.80779100
16.69462500
16.51154200
16.89079200
16.56612500
16.71987500
16.77004100
16.55504200
16.59433300
16.75600000
16.70883400
16.62279100
16.79391700
16.55550000
16.67175000
16.78833300
16.88358400
16.41541600
16.89287500
16.64050000
16.46150000
16.77975000
16.55150000
16.67270900
16.75125000
17.16904100
16.24987500
17.42958400
16.54862500
17.48562500
15.35716600
16.70012500
16.70233400
16.54450000
16.65729100
16.87929200
16.73300000
16.57933300
16.68175000
16.59887500
16.58808400
16.56820800
16.92295800
16.49070900
16.83170800
16.47850000
16.68987500
16.84375000
16.78408300
16.58391700
16.72987500
16.80975000
16.36004200
16.90604100
16.67720900
16.29050000
17.10791600
16.50054200
16.58270800
16.82725000
16.60870900
16.71258300
16.69950000
16.60004200
16.62433300
16.73387500
16.86375000
16.55541700
16.74933300
16.69545800
16.60279200
16.85208300
16.66125000
16.54016700
16.81429200
16.73679100
16.64658400
16.70158300
16.61937500
16.73170800
16.62558400
16.95633300
16.62925000
16.74745800
16.91337500
16.55533400
16.40641600
16.91679200
16.43054200
16.77595800
16.76633300
16.48258400
16.75220800
16.59795800
16.71795900
16.58745800
16.86770800
16.81062500
16.55191700
16.51425000
16.94770800
16.48145900
16.55195800
17.17470800
16.42854200
16.68870800
16.78745900
16.47866600
16.83541700
16.69966700
16.57991600
16.68887500
16.66625000
16.59162500
16.57245900
16.97129100
16.44741700
16.79612500
16.68870800
16.69633400
16.63762500
16.75441600
16.63779200
16.67291700
16.88550000
16.74258300
16.24708300
16.82020900
16.81112500
16.61504100
16.62645900
16.76529100
16.69700000
16.67270900
16.75529100
16.44300000
16.83033400
16.55475000
16.77287500
16.50329100
17.73020900
16.12183300
16.85429200
16.59458300
16.85579200
16.50550000
16.93679100
16.55029200
16.68504200
16.90841600
16.92137500
16.45679200
16.47520800
16.81795900
16.64645800
16.49008300
17.35375000
16.39995900
16.51250000
16.61325000
16.56900000
16.65283300
16.59979200
16.75029100
16.72166700
16.45133300
16.52395900
16.75220800
16.79675000
16.56012500
16.71587500
16.79445800
16.71783400
16.44420800
16.57704200
16.55325000
16.79616600
16.74079200
16.89733300
16.33708400
16.84475000
16.60708300
16.78200000
16.68095800
16.64004200
16.62537500
16.72225000
16.57508300
16.77145900
16.70012500
16.61975000
16.67362500
16.71583300
16.56887500
16.72358300
16.52820900
16.96954100
16.53220900
16.73879100
16.66658400
16.76266600
16.64558400
16.61500000
16.76350000
16.94450000
16.66050000
16.86870800
16.71941700
16.23233300
16.77962500
17.03912500
16.26225000
16.86212500
16.57879200
16.52054100
16.68258400
16.82975000
16.82000000
16.54633300
16.64158300
16.61358400
16.81512500
16.63945800
16.57187500
16.77400000
16.67454200
16.56354100
16.70841700
16.80783300
16.53754200
16.77804200
16.65912500
16.64020800
16.67808300
16.80354200
16.57179200
16.66275000
16.72254100
16.93916700
17.09308300
16.43804200
16.56266700
16.67145800
16.61258300
16.60529200
16.56687500
16.76079200
16.74983300
16.70833300
16.70375000
16.67729200
16.75008300
16.41025000
16.72529200
16.65591700
16.57379100
16.90312500
16.63112500
16.67820900
16.72100000
16.53691600
16.73429200
16.65495800
16.73837500
16.61441700
16.76700000
16.91687500
16.46520800
16.63845900
16.70008300
16.63575000
16.74266700
16.58720800
16.84329200
16.55670800
16.73683300
16.73704200
16.60558300
16.91945900
16.48916600
16.59037500
16.93695900
16.44012500
16.65241600
16.70595900
16.49470800
16.87845800
16.70916700
16.54275000
16.88916700
16.49991600
17.00720900
16.51158300
16.62791700
16.65170800
16.83225000
16.79341700
16.63041600
16.57504200
16.78304200
16.56658300
16.62675000
16.84866700
16.61704100
16.90025000
16.56287500
16.68770900
16.69358300
16.62595800
16.78500000
16.62637500
16.65275000
16.61491700
16.74041700
16.63270800
16.75579200
16.72291600
16.64825000
16.78170900
16.62041600
16.58758400
16.63279100
17.01729200
16.59958300
16.73733400
16.69720800
16.69329200
16.65866600
16.53179200
16.80070800
16.55766700
16.84833300
16.35029200
16.99712500
16.60266700
16.55145800
16.96291700
16.54237500
16.59075000
16.71400000
16.57750000
16.71512500
16.72579100
16.67775000
16.64041700
16.81741700
16.82279100
16.55833400
16.55725000
16.91812500
16.61675000
16.75425000
16.55279100
16.58887500
16.73300000
16.50145900
16.79041600
16.83925000
16.44208400
16.75966600
16.69350000
16.56800000
16.66708400
16.78812500
16.61408300
16.99791700
16.51629100
16.65866700
16.67879200
16.74162500
16.69291600
16.92854200
16.37350000
16.66975000
16.61925000
16.54512500
17.04766700
16.77658300
16.65220800
16.54870900
16.55458300
16.87066700
16.50108300
16.86266700
16.67825000
16.48979100
16.88025000
16.67479200
16.39133300
16.92862500
16.60583400
16.58870800
16.91379200
16.56454100
16.43691700
16.91504200
16.70229100
16.68283400
16.71175000
16.60170800
16.60729200
16.76033300
16.89212500
16.45375000
16.68850000
16.65091700
16.64787500
16.69358300
16.73741700
16.64758300
16.60220800
16.68658400
16.67566600
16.87075000
16.51462500
16.65858400
16.88741600
16.43879200
16.83083300
16.57558400
16.63245800
16.76154200
16.61229100
16.71587500
16.75275000
16.83225000
16.48462500
16.76054200
16.67979200
16.61733300
16.76900000
16.70729200
16.60570800
16.68070800
16.72562500
16.58729200
16.94933300
16.68687500
16.40616700
16.76562500
16.73766700
16.53904100
16.77583400
16.69408300
16.61970800
17.55295900
16.25904100
16.68766700
16.51804200
16.47154100
16.60237500
16.72054200
16.67416700
16.70054100
16.76108400
16.51195800
16.97737500
16.48116700
16.75354100
16.57716700
16.67562500
16.67450000
16.66820800
16.74504200
16.58112500
16.78545800
16.62783400
16.71266600
16.75729200
16.62220800
16.59708400
16.74637500
16.60870800
16.68870800
16.76658400
16.66933300
16.63195800
16.72433400
16.73475000
16.84812500
16.69195800
16.71979200
16.63883300
16.35537500
16.70466700
16.80595800
16.69133300
16.63575000
16.46875000
16.87629200
16.58025000
16.80383300
16.68245900
16.78466600
16.48825000
16.65150000
16.96316700
16.56362500
16.69758300
16.70879200
16.84062500
16.52770800
16.67037500
16.60116700
16.78075000
16.94416700
16.62137500
16.54204100
16.71479200
16.50270800
16.72037500
16.83550000
16.68379200
16.46266700
16.99041600
16.54725000
16.74570900
16.50125000
16.72483300
16.61629200
16.79954100
16.57450000
16.66512500
16.85695900
16.60762500
16.51095800
16.73437500
16.75633300
16.69758400
16.72983300
16.61129200
16.56770800
16.63183300
16.87262500
16.79500000
16.57670900
16.61979100
16.72595900
16.62475000
16.69658300
16.71170800
16.67466700
16.73391700
16.62137500
16.65441600
16.86104200
16.56012500
16.73854200
16.69187500
16.81300000
16.51229100
16.84008400
16.56633300
16.67795800
16.70620900
16.82662500
16.58650000
16.79287500
16.68720800
16.65100000
16.71854200
16.47916600
16.89395900
16.60445800
16.61887500
16.84208300
16.68491700
16.65629200
16.63341600
16.65420900
16.45841600
16.86275000
16.89920900
16.44312500
16.75845800
16.54270800
16.78987500
16.66833400
16.90058300
16.28158300
16.84604200
16.78362500
16.58158300
16.68620900
16.71870800
16.68629200
16.45250000
16.80116600
16.47975000
16.77195900
16.81975000
16.56541600
16.68970900
16.68058300
16.73120800
16.63154200
16.72675000
16.52150000
16.78862500
16.71745800
16.81141700
16.65787500
16.68379200
16.48912500
16.74704100
16.88675000
16.27750000
16.76000000
17.09370900
16.50387500
16.82433300
16.90116700
16.70266600
16.78458400
16.40487500
17.03583300
16.24020800
16.85245900
16.58104100
16.67100000
16.70066700
16.48266700
16.98354100
16.47508400
16.60508300
16.73541700
16.92037500
16.39258300
16.62650000
16.63787500
16.81595800
16.94037500
16.52687500
16.52529200
16.69750000
16.81212500
16.71070800
16.47304200
16.76175000
16.76833300
16.74512500
16.77220900
16.36504100
16.82183400
16.56641600
16.70212500
16.83620900
16.56029100
16.79500000
16.52316700
16.80679200
16.46904100
16.81662500
17.24187500
16.43583400
16.42120800
16.69100000
17.47095800
16.47833400
16.15291600
16.67758400
16.71850000
16.78487500
16.61383300
16.87179200
16.66379100
16.40250000
16.74537500
16.71991700
16.56870800
16.78783400
16.72345800
16.53304200
16.75325000
16.63037500
17.26412500
16.29825000
16.64554100
16.64712500
16.65120900
16.63033300
16.74712500
16.49762500
16.72608300
16.76279200
16.75262500
17.02837500
16.64133300
16.63187500
16.63583400
16.49791600
16.66762500
16.56370900
16.87091600
16.38020900
16.82100000
16.80745800
16.57091700
16.71716600
16.74512500
16.67612500
16.76170900
16.72020800
16.57412500
16.93958300
16.42454200
16.56370800
16.84779200
16.65233300
16.65133400
16.75604100
16.72179200
16.58541700
16.69054100
16.82370900
16.44145800
16.81616700
16.70604100
16.56075000
16.73329200
16.62595800
16.83733400
16.56312500
16.61479100
16.93245900
16.40475000
16.72441600
16.62150000
16.72525000
16.51904200
16.88554200
16.64550000
16.71075000
16.63766600
16.55362500
17.59537500
16.14075000
16.39704200
16.62145800
16.99333400
16.62416600
16.54287500
16.71754200
16.64012500
17.10308300
16.26670900
16.92208300
16.40754200
16.81745800
16.64750000
16.55375000
16.75500000
16.75304200
16.64287500
16.77458300
16.76012500
16.71462500
16.58604200
16.70250000
16.59745800
16.73754200
16.67529100
16.60733400
16.70250000
16.87320800
16.50466700
16.74104100
16.58120900
16.69795800
16.69687500
16.82533300
16.68741700
16.65300000
16.69558300
16.68950000
16.53212500
16.78316700
16.62070800
16.72287500
16.65020900
16.67416600
16.65525000
16.63675000
16.75320900
16.94700000
16.45595800
16.73054200
16.72216600
16.52550000
16.69875000
16.70162500
16.58812500
16.80329200
16.74650000
16.58733300
17.45920900
16.21895800
16.72320800
16.64162500
16.55779200
16.44925000
16.72958300
16.72700000
16.69641700
17.21587500
16.18479200
16.85441600
16.89925000
17.16200000
18.68412500
14.61154200
16.15475000
16.50600000
17.14870800
16.61983400
16.52925000
16.55900000
16.74033300
16.63662500
16.49954200
16.80904100
16.63454200
16.66870800
16.78591700
16.67808300
16.50929200
16.75908300
17.02266700
16.36508300
16.87779200
16.95787500
17.19416700
16.47637500
16.59070800
18.16179200
16.55791600
15.82845900
17.00945800
17.33641700
16.07795800
16.48579200
16.79091600
17.14904200
16.47020800
16.77508400
15.91183300
16.68187500
17.07445800
16.08766700
19.31716700
17.03654100
14.09508400
19.38745800
14.52745800
61.24766700
41.51175000
15.66641700
17.23233300
13.69287500
13.36154200
12.39241600
11.94504200
11.88837500
12.52608300
12.46145900
11.89041600
12.38300000
11.75583400
12.49462500
12.31579100
12.03075000
13.39454200
12.21091700
11.79404100
15.02462500
16.65037500
16.65875000
16.86470900
16.51400000
16.52070800
16.77916700
16.73495800
16.24408300
16.74829200
17.08170800
16.27766700
16.57045800
16.82991700
16.91116700
16.64479100
16.69354200
16.20754200
16.77658300
16.46179200
16.84675000
16.45254100
16.79100000
16.52441700
16.95275000
16.49266700
16.58141600
16.72320900
16.82616600
16.50550000
16.92375000
16.55125000
16.59537500
16.71979200
16.68650000
16.61033300
16.73316700
16.78279200
16.52941600
16.79666700
16.64600000
16.83212500
16.86391700
16.54337500
16.41162500
16.83629100
16.99112500
16.63604200
17.01016700
16.65950000
16.45679100
16.66995900
16.57754100
16.49666700
16.59270800
16.77462500
16.59266700
16.78045800
16.51133400
16.75308300
16.53075000
16.81666700
17.15195800
16.52550000
16.61979200
16.82237500
16.32362500
16.50579100
16.91445900
16.76612500
16.63416600
16.49908400
16.83412500
16.38983300
16.97170800
16.70550000
16.43400000
16.95804200
16.63116700
16.72516600
16.54712500
16.64195900
16.89483300
16.80337500
16.50708300
16.47583400
16.97845800
16.50541700
16.78758300
16.77879200
16.75787500
16.38912500
16.80641600
16.61587500
16.67629200
16.72933300
16.94058400
16.33891600
17.32245900
16.36933300
16.51070800
17.08966700
16.51291700
16.49133300
16.87558300
16.58000000
16.60525000
16.72666700
16.70483300
16.95495900
16.55454100
16.68545900
16.76337500
16.50650000
16.62237500
16.67441600
16.89608400
16.79445800
16.43291700
16.75125000
16.64366600
16.65854200
16.81154200
16.45150000
16.86158300
16.66454200
16.48637500
16.82675000
16.65825000
16.43645800
16.93700000
16.70891700
16.28137500
17.22320800
16.36875000
16.63333300
17.00100000
16.38879200
16.82762500
16.75491700
16.47987500
16.75841600
17.00170900
16.50362500
16.74700000
16.55341600
17.05458400
16.60725000
16.58354100
16.88895900
16.30804100
16.75720900
16.12008300
17.08675000
16.72616700
16.87329100
16.41020900
16.97220800
16.33791700
16.81962500
16.83637500
16.71983300
16.79379200
16.55279100
16.67250000
16.68791700
16.51708300
16.74416700
16.48266700
16.70170800
16.93191700
16.48787500
16.67691600
16.72104200
16.70741700
16.57312500
16.65112500
16.70816600
16.62966700
16.57691700
16.59416600
16.74787500
16.66791700
16.76450000
16.63345800
17.05991700
16.37812500
16.89854200
16.40666600
17.01129200
16.25770800
16.69591700
16.69112500
16.86375000
16.47795800
16.93466700
16.52920800
16.57941700
16.82045800
16.73141700
16.58804200
16.84012500
16.68716600
16.54316700
16.51662500
17.08700000
16.31412500
17.00395800
16.84712500
16.43329200
16.72695800
16.54904200
16.59966700
16.82645800
16.65212500
16.69558300
16.47870900
16.78595800
16.83175000
16.73450000
16.59262500
16.90091700
16.50795800
16.55945800
17.09854200
16.70058300
16.53633400
16.77145800
16.48950000
16.56287500
16.98408300
16.48837500
16.90245900
16.46566600
16.62408400
16.63904100
16.78204200
16.62800000
16.50866700
16.92979100
16.73850000
16.59245900
16.64475000
16.78775000
16.53700000
16.76029100
16.70116700
16.50100000
16.69858300
16.74837500
16.52533400
16.95987500
16.61987500
16.62950000
16.76770800
16.73795800
16.48550000
16.77687500
17.02312500
16.43016700
16.74079200
16.69462500
16.24454100
16.94358400
16.56291600
16.72470900
16.81766600
16.77775000
16.48475000
16.86387500
16.66504200
16.79487500
16.44170800
16.72958400
16.61804100
16.73858400
16.74095800
16.55283300
16.86741700
16.53387500
16.51225000
16.97458300
16.83416700
16.50533300
16.47808400
16.84712500
16.45475000
16.82062500
16.65133300
16.87483300
16.61291700
16.66654200
16.82000000
16.57929100
16.48383400
16.84137500
16.62908300
16.80812500
16.57095800
16.73075000
16.58079200
16.84041700
16.69104100
16.36112500
16.94925000
16.54325000
16.84625000
16.44954200
16.95983300
16.52491700
16.77879200
16.65333300
16.50670800
16.78575000
16.79858400
16.48491600
16.75833400
16.73562500
16.62637500
16.70241600
16.76170900
16.60500000
16.64091600
16.73470900
16.73454100
16.70204200
16.68133300
16.58195900
16.85129100
16.62387500
16.93104200
16.41654200
16.84033300
16.71104200
16.69858300
16.70983300
16.64529200
16.69316700
16.45600000
16.94308300
16.44929200
16.91800000
16.70354100
16.55154200
16.71787500
16.57366700
16.81866600
16.62620900
16.62066600
16.71033400
16.68120800
17.00937500
16.51525000
16.60512500
16.69729200
16.72595800
16.63854200
16.86808300
16.63137500
16.39670800
16.80750000
16.69616700
16.67150000
16.77979200
16.56862500
16.67441600
16.67666700
16.73895800
16.65158400
16.66600000
16.74300000
16.46820800
16.84929200
16.74233300
16.68075000
16.66175000
16.63945800
16.75933400
16.59333300
16.92245800
16.38629200
16.69075000
16.85104200
16.51958300
16.98795800
16.26095900
16.69491600
16.75208400
16.71675000
16.70058300
16.81500000
16.38662500
16.68533300
16.76975000
16.67629200
16.59445800
16.87062500
16.52162500
16.64737500
16.74370900
16.61662500
16.98420800
16.50866700
16.75270800
16.76991700
16.51704100
16.92287500
16.48362500
16.61895900
16.87562500
16.61545800
17.00941700
16.57870800
16.32070800
16.95670900
16.54937500
16.60304100
16.60450000
16.74008400
16.93179100
16.62325000
16.44858400
17.01120800
16.52420800
16.54062500
16.83975000
16.59133400
16.63612500
16.49937500
16.82954100
16.81137500
16.51295900
16.66045800
16.80741700
17.14629100
16.45054200
16.99270800
16.26975000
16.59254200
16.78725000
16.70633300
16.58091700
16.61841700
16.68504100
16.63808400
16.68512500
16.91345800
16.53345800
16.92954200
16.42033300
16.80416700
16.59966700
16.78050000
16.51054100
16.82354200
16.70870800
16.67754200
16.56358300
16.79925000
16.53570900
16.66612500
17.09137500
16.42358300
16.64791700
16.76833300
16.51158300
16.65470900
16.67020800
16.99700000
16.72200000
16.73895800
16.78216700
16.30579200
16.48325000
16.80358300
16.54883300
16.91700000
16.47237500
16.84587500
16.63554200
16.90983300
16.48070900
16.62291600
16.75175000
16.64995900
16.84287500
16.54612500
16.70170800
16.70279200
16.64220800
16.50695800
16.64608400
16.83170800
16.65912500
16.68295800
16.74487500
16.67558400
16.61312500
16.69400000
16.63687500
16.50462500
17.04541600
16.57708400
16.65387500
16.73708300
16.63595800
16.66741700
16.84004200
16.40425000
16.76970800
16.80650000
16.54737500
16.71516700
16.72179100
16.62458400
16.59537500
16.86854100
16.62862500
16.62450000
16.82479200
16.60929200
16.74287500
16.70612500
16.58137500
16.56762500
16.90708300
16.49237500
16.77433300
16.75904200
16.52383300
16.73562500
16.86137500
16.63325000
16.60154200
16.59645800
16.79858400
16.56979100
16.87862500
16.67229200
16.66137500
16.84591700
16.57816600
16.66387500
16.76987500
16.61154200
16.70795800
16.60400000
16.63562500
16.76891700
16.71012500
16.58558300
16.69412500
16.76516700
16.56504200
16.77975000
16.74266600
16.66683400
16.76520800
16.54929200
16.68525000
16.68500000
16.62820800
16.69191700
16.68795800
16.65729200
16.72054100
16.74708400
16.88837500
16.36341600
16.74995900
16.81416600
16.40362500
16.79833400
16.68337500
16.71195800
16.83187500
16.58887500
16.54458300
16.67920900
16.79987500
16.48066600
17.01050000
16.60179200
16.57400000
16.79633300
16.58291700
16.73012500
16.69570800
16.70208400
16.67283300
16.72145800
16.79150000
16.63666700
16.60050000
16.57404200
16.75650000
16.61829100
16.74220900
16.84495800
16.54537500
16.69204200
16.60750000
16.70191600
16.59408400
16.78916600
16.54033400
16.89220800
16.59408300
16.69645900
16.51645800
16.83750000
16.44004200
16.87895800
16.83262500
16.51616700
16.74720800
16.59812500
16.84945800
16.35841700
16.66341700
16.89312500
16.68062500
16.53687500
16.83491600
16.63754200
16.81591700
16.64429100
16.33991700
17.06454200
16.68579100
16.89937500
16.47083400
16.64383300
16.60150000
16.91554200
16.66929100
16.73400000
16.50279200
16.80083300
16.69600000
16.49700000
16.94095900
16.58441600
16.57658400
16.71733300
16.74391700
16.45112500
17.20441600
16.34008400
16.69950000
16.85154100
16.70612500
16.50995900
16.69733300
16.59929200
16.69379100
16.88325000
16.88050000
16.61191700
16.66870800
16.37562500
16.75991700
16.49720800
16.76104200
16.79983300
16.56720900
16.78687500
16.60350000
16.55329100
16.74025000
16.76704200
16.63729200
16.66120800
16.86237500
16.51925000
16.69658300
16.77991700
16.53950000
16.76337500
16.63620800
16.75708400
16.59737500
16.79604100
16.90587500
16.77450000
16.83958400
16.26837500
16.64220800
16.64333300
16.67650000
16.72079200
17.39400000
16.28691700
16.58983300
16.73562500
16.40583300
16.64666700
16.52470800
16.75979200
16.67420800
17.35737500
16.24420900
16.52833300
16.64604200
16.70345800
16.70129200
16.67508300
16.62450000
16.70695800
16.67370900
16.71979100
16.73270900
16.61125000
16.66687500
16.74954100
16.59162500
16.58091700
16.79466700
16.79483300
16.66216700
16.55866600
16.94616700
16.50329200
16.71308300
16.68129200
16.62112500
16.72104100
16.66370900
16.71629100
16.69566700
16.72620800
16.63116700
16.86145800
16.42737500
16.70237500
16.67658400
16.69441600
16.68691700
16.75575000
16.77429200
16.56170800
16.80258300
16.55100000
16.49741700
16.80691700
16.77529100
16.61716700
16.78433300
16.67695900
16.66862500
16.91470800
16.53687500
16.54133300
16.60562500
16.74733400
16.88691600
16.34762500
16.93708400
16.56175000
16.67008300
17.60716700
16.11475000
16.37083300
16.90987500
16.50941700
16.97929100
16.45375000
16.63504200
16.66591700
16.67516600
16.68208400
16.89475000
16.50645800
16.66941700
16.85000000
16.63245800
16.55720800
16.64050000
16.75116700
16.69670800
16.64033400
16.85133300
16.63654200
16.89616600
16.46904200
16.87708300
16.34591700
16.81937500
16.77125000
16.54508300
17.01987500
16.33400000
16.64829200
16.70545800
16.63070900
16.78154100
16.78804200
16.58283300
16.54500000
16.74716700
17.03666700
16.82783300
16.50779200
16.67325000
16.46529100
16.75879200
16.55475000
16.72550000
16.70770800
16.77120900
16.78254100
16.56720900
16.45745800
16.88420800
16.53266700
16.64941700
16.77720800
16.73241700
16.53204100
16.84387500
17.28141700
16.03150000
16.89258300
16.45808400
16.51466600
16.80391700
16.44854200
16.69112500
16.80254100
16.74520900
16.57545800
16.99754200
16.51475000
16.82733300
16.93366700
16.55945800
16.22108300
16.76950000
16.85879200
16.55950000
16.72833300
16.65000000
16.56712500
16.72812500
16.70950000
16.58383400
16.81379100
16.67104200
16.50283300
16.83583400
16.63766600
16.82429200
16.53945800
16.77245900
16.63016600
16.68833400
16.71245800
16.77825000
16.54425000
16.62158300
16.64225000
16.82191700
16.60570800
16.77829200
16.92354200
16.72933300
16.86754200
16.37895800
16.50162500
17.02212500
17.14945800
16.13895900
16.77829100
16.44854200
16.53695800
16.86037500
16.75133400
16.43637500
17.14920800
16.56187500
17.13641700
16.42291600
16.64191700
16.68691700
16.63145800
16.55754200
16.51083300
16.72604200
16.85516600
16.61887500
17.32379200
20.10045800
12.67812500
16.52587500
16.42283400
16.75962500
17.90254100
16.14258400
16.62750000
16.61983300
16.62120800
16.91262500
16.31475000
16.90008400
16.53070800
16.77050000
16.60191700
16.85325000
17.00179100
16.55941700
16.58387500
16.52791700
16.94458300
16.51441700
16.63487500
16.48083300
16.64154200
16.50841600
16.68404200
16.75575000
16.63866700
16.69525000
16.77783300
16.59108300
16.57108400
16.91095800
16.67162500
16.53937500
17.02187500
16.69212500
16.34195800
16.88966700
16.51683300
16.69050000
16.80545900
16.70354100
16.61120900
16.80645800
16.49900000
16.68520800
17.07091700
16.61295800
16.39475000
16.76054200
16.71595800
16.61562500
16.76350000
16.61841700
16.72912500
16.79062500
16.50995800
16.78804200
16.56837500
16.73833300
16.57454200
16.64704200
16.73458300
16.94700000
16.61229200
16.47816600
16.88470900
16.50720800
16.60608300
17.01387500
16.25758400
16.75929100
16.75200000
16.52870900
16.63741600
16.83245900
16.76404100
16.66854200
16.64320800
16.45833400
16.71658300
16.86441700
16.69616600
16.53425000
16.72787500
16.94325000
16.46112500
16.65912500
16.61425000
16.71541700
16.57250000
16.83870800
16.76558400
17.05333300
16.44387500
16.96258300
14.94595900
16.67150000
484.52495800
17.60008300
17.32095900
17.49891600
17.88062500
17.80858400
17.43541600
18.74579200
18.81308300
19.13145900
18.86579100
18.78508400
18.82529100
18.61883400
18.82379100
18.84587500
18.57750000
17.73654200
17.44054200
17.94441600
15.63629200
18.12150000
17.30450000
17.36895800
17.26408400
18.63391600
18.17675000
18.61895900
19.37925000
19.00320800
18.94712500
18.87395800
18.64908400
17.50970800
18.59920800
18.75833400
17.18279100
18.28816700
19.29758300
18.58820900
18.43562500
18.94645800
19.09945800
17.55604200
18.74062500
17.30091700
18.88612500
17.92037500
18.96700000
18.27112500
18.50170800
17.11341700
18.59112500
18.70537500
18.34300000
18.37620800
18.13912500
16.93404200
17.08358300
16.83583300
16.20891700
16.48337500
16.27387500
16.15125000
16.28612500
15.17512500
15.27087500
15.07245800
15.26020900
15.15212500
14.98641600
15.39941700
15.18504200
15.26345800
15.17266700
15.13933300
15.24291700
15.45287500
15.13670800
15.61937500
15.12625000
14.09000000
14.11583300
14.02570900
14.12616600
15.01416700
14.80879200
15.49975000
15.59370800
15.65812500
15.47337500
15.53900000
15.78587500
17.04704200
17.33987500
17.28354100
18.41512500
18.54612500
18.10729200
18.07775000
18.02700000
17.94229200
18.19945800
18.42595800
18.16333400
18.37829100
18.19504200
18.18095800
18.42995900
18.22479100
17.92112500
17.96279200
18.35758300
17.49462500
18.79179200
18.12000000
17.91479200
18.14579100
18.04312500
18.20537500
18.39441700
18.29579200
18.03737500
17.75145800
18.56791700
18.79562500
18.12987500
17.96462500
18.16950000
17.90783300
18.00462500
18.03370800
18.86966700
17.80945800
17.81420900
17.71841600
18.15954200
18.28483300
18.08437500
17.95225000
18.01508400
17.87279100
17.94345900
18.46383300
17.74970800
18.07854200
18.04533300
19.05120900
19.88770800
19.28895800
18.01937500
18.05579200
18.54025000
19.11204200
18.22083300
18.01154200
17.98758300
18.62904200
18.01320800
18.56300000
18.13633300
18.04716700
18.35587500
19.02808300
17.90916700
18.10391700
17.95495800
18.00595800
18.27400000
18.12000000
18.27125000
18.13304200
17.99545800
17.94541700
18.09545800
17.99941700
17.84545800
17.74162500
17.87691700
18.80079200
18.38483300
17.95233300
18.20520900
17.90095800
18.04270800
17.94566700
18.21295800
17.90516700
18.24800000
17.85558300
17.98633400
18.59150000
18.15658300
18.10583300
18.00625000
17.89975000
17.90412500
18.20083400
18.32975000
18.05562500
18.19416600
18.48579200
16.72583300
17.47262500
17.92533400
16.60683300
16.32566700
16.44454100
17.44100000
16.58425000
16.66420900
16.68979100
16.62783400
17.86095800
18.19879200
16.51041600
17.29908400
17.76975000
16.96266600
16.78937500
16.58012500
16.31654200
16.69195800
16.91012500
16.55141700
17.72579200
17.16937500
16.49987500
17.10150000
16.87008300
16.31504200
16.40187500
16.48912500
16.33462500
16.50795800
16.77350000
16.50637500
16.53645800
16.46516700
16.42487500
16.27116700
17.71166600
17.79554200
16.66600000
17.59625000
17.68129200
16.03816600
16.33387500
16.12541700
16.07387500
16.14250000
16.29504200
16.44437500
16.99900000
17.76825000
17.53879100
17.60054200
17.05875000
17.23395800
16.94704200
16.85716700
15.84916600
15.55941700
15.50454200
15.54233300
15.61704200
15.89333300
15.95279200
15.80983300
14.57795800
14.43512500
14.49920900
14.60095800
14.59554200
14.48104100
14.37450000
14.48212500
14.40554200
14.60208300
14.51050000
14.72533400
16.08779100
12.61000000
14.26400000
14.08312500
13.89862500
14.01412500
13.72145900
13.69933300
13.46058300
14.38545900
14.76691600
14.62729200
14.58062500
14.57229200
14.51191600
14.50695900
14.57000000
15.09533300
15.51037500
15.53695800
15.50925000
15.51637500
15.54329200
15.64225000
15.57283300
15.51245900
15.31587500
15.39862500
16.14887500
16.65816600
16.67050000
16.78995900
16.68791600
16.98120900
16.75316600
17.02187500
16.88670900
16.72625000
16.72633300
16.85283300
16.79700000
16.83666700
16.56000000
16.77954200
16.61629100
16.63445900
16.48695800
16.45366700
16.76045800
16.65054200
16.57604100
17.77258400
16.73045800
16.48104200
16.55716600
16.52129200
16.48879200
16.53983300
16.58166700
16.49083300
16.43425000
16.47700000
16.94020800
16.52920900
16.44716600
16.31566700
16.65270800
16.58370900
16.73566600
18.90383400
20.81266600
19.55370900
17.84129100
17.43187500
17.32195900
16.35725000
16.33579100
16.27179200
16.37358300
15.93575000
17.35933400
16.23466600
16.63216700
16.27445800
15.92304200
16.01454200
17.00491600
15.90166700
16.81545800
17.07687500
16.54891700
16.88262500
17.04166700
16.84216600
16.36945900
16.72100000
16.94187500
17.16075000
16.06404100
15.91191700
16.60283300
16.49454200
15.77600000
15.99650000
20.84416700
18.39420800
23.23858300
25.89050000
18.34270900
19.98891600
21.37345900
20.21562500
20.08900000
19.84033300
19.90466700
20.02129100
19.61000000
19.65195900
19.63962500
18.16750000
17.52145800
17.27400000
17.94666700
17.60737500
17.61983300
18.52508300
18.80529200
18.71808300
17.58570900
17.12495800
16.92141700
16.79475000
16.66487500
16.39133300
15.24633300
15.29050000
15.48279200
15.53612500
15.38550000
15.28179200
15.37695800
15.23575000
15.56612500
15.41216700
15.51995800
15.83420800
15.86091700
15.49912500
15.40258300
15.78387500
15.02612500
15.30704200
14.11304200
14.29450000
14.44891600
15.00933400
15.36875000
15.34675000
15.78920800
15.60612500
14.93075000
13.89504200
14.22604100
14.04762500
14.16395900
14.21850000
14.07741600
14.31583400
15.15179100
15.10041700
16.09633300
15.14008400
14.77058300
15.10516700
15.04175000
13.90587500
14.03770800
14.74504200
15.03800000
15.33512500
14.14508300
14.00720800
14.82775000
15.26025000
14.16258400
16.72916600
16.64537500
16.68020900
16.67083300
16.68329200
16.80262500
16.59312500
16.68825000
16.71183300
16.67454200
16.73225000
16.69612500
16.74216600
16.59966700
16.66250000
16.68995800
16.68845900
16.58458300
16.70929200
16.65091600
16.67400000
16.70345900
16.68741600
16.66600000
16.67412500
16.68145900
16.68375000
16.68350000
16.70004100
16.66504200
16.70033300
16.68375000
16.68270900
16.66704100
16.70037500
16.68216700
16.67904200
16.69341600
16.66970900
16.68004100
16.69662500
16.66716700
16.68591700
16.68120800
16.69837500
16.71695800
16.64887500
16.69137500
16.69904200
16.65741700
16.71341600
16.65033400
16.68750000
16.71733300
16.73637500
16.60720800
16.69645900
16.87075000
16.48245800
16.67966700
16.73375000
16.65016600
16.78345900
16.63783300
16.64270800
16.74400000
16.67075000
16.62704200
16.81875000
16.54620800
16.71925000
16.73595900
16.65375000
16.68658300
16.69433300
16.73558400
16.68808300
16.74983300
16.49233400
16.82458300
16.62470800
16.67875000
16.58975000
16.83433400
16.61725000
16.67291600
16.65741700
16.67879200
16.72879100
16.69420900
16.60300000
16.79175000
16.65654100
16.65562500
16.67929200
16.73675000
16.69079200
16.64408300
16.59687500
16.87341700
16.56604100
16.71500000
16.58579200
16.75179200
16.73329100
16.56129200
16.68383300
17.02516700
16.43962500
16.66858300
16.71708400
16.64616600
16.69679200
16.60408300
16.65362500
16.84387500
16.63812500
16.70029200
16.73108300
16.57762500
16.71508400
16.69720800
16.58283300
16.85733400
16.55754100
16.62241700
16.75695800
16.78604200
16.60537500
16.68200000
16.71641700
16.64704100
16.61833400
16.73812500
16.70270800
16.61604200
16.76800000
16.56625000
16.68658300
16.79375000
16.59083300
16.69379200
16.74987500
16.60112500
16.68400000
16.70520800
16.68054200
16.73287500
16.60870800
16.68425000
16.75566700
16.59591700
16.68200000
16.75533300
16.60808300
16.76075000
16.66458400
16.66616600
16.64258400
16.68779100
16.70216700
16.68025000
16.68041700
16.69312500
16.66720800
16.69616700
16.65483300
16.73425000
16.69475000
16.70366700
16.61783300
16.71620800
16.64466700
16.68029200
16.71158300
16.64800000
16.71408300
16.80575000
16.56775000
16.67875000
16.71170900
16.62362500
16.72245800
16.70166700
16.64554100
16.66583400
16.72787500
16.64033300
16.70825000
16.67570800
16.67883400
16.66141600
16.74100000
16.65075000
16.69633400
16.71720800
16.61966700
16.70395800
16.67700000
16.68179200
16.68150000
16.67600000
16.68045800
16.70620800
16.74675000
16.63004200
16.68350000
16.65512500
16.69329200
16.66137500
16.69470800
16.67629200
16.69829100
16.68479200
16.67004200
16.69766600
16.69483400
16.65475000
16.70920800
16.68575000
16.64208300
16.72437500
16.69591700
16.74979200
16.99866600
16.28375000
16.68525000
16.74825000
16.62750000
16.71775000
16.78200000
16.56129200
16.71395800
16.75050000
16.64845900
16.65008300
16.82870800
16.73204200
17.15945800
16.08462500
16.65329200
16.67975000
16.82341700
16.45904100
16.66862500
16.68454200
16.67875000
16.69370800
16.71212500
16.65337500
16.66066700
16.68587500
16.71216700
16.65800000
16.67412500
16.72416600
16.85904200
16.73420800
16.48712500
16.59862500
16.69791700
16.67233300
16.68362500
16.73312500
16.63612500
16.67554200
16.69962500
16.68220800
16.67795900
16.68237500
16.68350000
16.68266600
16.67879200
16.69487500
16.72737500
16.62295800
16.68633400
16.69216600
16.67720900
16.67775000
16.74370800
16.64079200
16.66362500
16.68075000
16.68220800
16.69904200
16.79075000
16.59054100
16.68816700
16.74295800
16.71687500
16.66875000
16.63066700
16.64679200
16.68954100
16.69570900
16.66095800
16.68066700
16.69950000
16.69787500
16.71395800
16.63758300
16.66458400
16.70941600
16.65354200
16.72000000
16.72654200
16.60820800
16.68495800
16.70391700
16.69800000
16.66183300
16.68829200
16.69141700
16.69725000
16.66545800
16.80675000
16.52658300
16.74333400
16.66079100
16.70770900
16.66612500
16.66700000
16.66945800
16.75845800
16.60445900
16.70450000
16.76179100
16.59062500
16.67750000
16.67441700
16.69525000
16.67312500
16.70487500
16.68408300
16.66670900
17.73000000
15.62691600
16.69529200
16.70841700
16.66845800
16.71320800
16.69133400
16.64216600
16.66895900
16.72416600
16.69162500
16.76525000
16.67325000
16.59612500
16.67025000
16.76391700
16.62875000
16.76254200
16.59275000
16.68879100
16.69675000
16.83470900
16.55645800
16.65479200
16.78116600
16.59345900
16.68895800
16.72208300
16.64741700
16.67616700
16.76245800
16.59595800
16.72216700
16.72308300
16.62216700
16.65454200
16.67570800
16.69050000
16.70216700
16.67554100
16.68637500
16.71716700
16.66058300
16.65858400
16.72445800
16.64295800
16.68583400
16.77412500
16.55383300
16.75208300
16.79175000
16.53441700
16.66087500
16.78920800
16.56825000
16.69545900
16.87320800
16.48941700
16.68833300
16.70962500
16.76712500
16.59291700
16.70362500
16.68133300
16.63825000
16.69187500
16.67625000
16.72720800
16.70508400
16.62354100
17.42391700
16.05958300
16.65370900
16.62204100
16.76112500
16.57495900
16.67016600
16.69466700
16.70537500
16.64775000
16.70575000
16.67345800
16.75245900
16.61725000
16.67779100
16.67833400
16.72316600
16.64479200
16.67879200
16.72762500
16.65362500
16.69533300
16.68558300
16.75862500
18.26237500
16.25070900
15.63066600
16.77516700
16.54316700
16.62866600
16.80787500
16.55066700
16.69325000
16.75325000
16.54887500
16.69758300
16.71500000
16.64358400
16.73804100
16.77591700
16.49900000
16.68991700
16.75187500
16.63541600
16.71608400
16.72650000
16.69166600
16.63983400
17.11133300
16.65216700
16.76650000
17.21637500
17.32037500
15.24079100
17.26445900
17.58420800
16.33341700
15.88566600
16.56683400
16.82116600
16.72383400
16.48016600
16.49525000
16.81775000
16.68675000
16.49341700
16.69616700
16.53729100
16.75362500
16.95000000
16.44520900
16.74216600
16.75025000
16.42337500
16.71095900
16.67820800
16.67187500
16.77912500
16.59795800
16.64683400
16.86429100
16.54366700
16.59679200
16.74316600
16.66212500
16.68245900
16.69279100
16.67112500
16.67825000
16.81770900
16.76512500
16.51408300
16.79579200
16.51212500
16.67891600
16.73066700
16.64633300
16.71716700
16.66687500
16.67583300
16.66075000
16.69437500
16.70591700
16.66250000
16.69729200
16.65495800
16.68508300
16.68487500
16.68479200
16.76004200
16.68112500
16.61166600
16.69904200
16.70095800
16.66287500
16.66350000
16.70325000
16.66275000
16.67662500
16.72400000
16.75475000
16.61362500
16.66762500
16.67712500
16.68295900
16.69695800
16.65125000
16.69241700
16.70312500
16.67008300
16.69508300
16.71033400
16.63754100
16.68675000
16.74333400
16.61529100
16.80770900
16.67258300
16.58050000
16.76983300
16.63041700
16.71558300
16.69804200
16.63762500
16.66691700
16.75466600
16.61395900
16.70104100
16.70120900
16.62750000
16.87075000
16.79487500
16.45216600
16.79991700
16.72395800
16.47070900
16.73645800
16.70958300
16.60212500
16.68395900
16.69966600
16.67587500
16.66712500
16.77012500
16.63379200
16.73116700
16.67783300
16.59008300
16.79358400
16.61875000
16.86454100
16.63366700
16.80345800
16.51637500
16.70591700
16.95570800
16.39041700
16.76312500
16.59975000
16.71312500
16.88129200
16.52266600
16.71212500
16.74345900
16.62866600
16.64695900
16.59891600
16.76216700
16.80275000
16.69175000
16.78745800
16.79191700
16.51179200
16.63495800
16.85654200
16.63337500
16.66045800
16.65062500
16.72650000
16.65425000
16.78604200
16.71537500
16.63812500
16.71625000
16.65345800
16.65312500
16.65850000
16.73145800
16.78008400
16.50395800
16.76337500
16.68670800
16.73870900
16.68245800
16.74966700
16.70483300
16.57775000
16.71062500
16.76820800
16.65587500
16.74412500
16.68666700
16.58966700
16.73579100
16.75191700
16.69383300
16.79750000
16.68083400
16.72320800
16.83770800
16.47404200
17.02533300
16.42245900
16.95095800
16.50275000
16.84787500
16.55479200
17.00595800
16.41716700
16.76725000
16.80241600
16.70583400
16.65945800
16.56929200
16.55091600
16.85325000
16.45629200
16.80800000
16.67841700
16.61545800
16.63208300
17.02616700
16.54891700
16.64054100
16.79041700
16.37558300
16.59770900
16.86283300
16.48537500
16.60725000
16.93733300
16.69366700
16.44858300
16.82833400
16.59008300
16.67866700
16.56345800
16.83037500
16.49345800
17.06645900
16.48404100
16.60900000
16.72616700
16.59100000
16.89662500
16.65583300
16.53579200
16.59354200
16.77533300
16.58887500
17.10933300
16.77254200
16.58866700
16.61712500
16.59479100
16.63137500
16.74062500
16.59204200
16.73379200
16.84695800
16.62495800
16.60695900
16.88629100
16.38345900
16.71491600
16.88220900
16.58320800
16.67275000
16.58041700
16.66191600
16.99079200
16.65775000
16.41616700
16.66975000
16.92900000
16.44475000
16.53062500
17.02470800
16.57454200
16.77616600
16.60395900
17.02358300
16.14379200
17.10512500
16.72841600
16.54100000
16.90012500
16.32333400
16.57320800
16.77191700
16.68754100
16.60370900
16.84658300
16.57525000
16.52600000
16.88270800
16.52575000
16.52037500
16.99729200
16.61241700
16.60604100
16.91325000
16.53858400
16.75829100
16.73045900
16.78729100
16.66141700
16.69833300
16.47462500
16.80554200
16.56275000
16.65154200
16.77362500
16.54916600
16.66737500
16.97370900
16.47262500
16.74666600
16.69770900
16.65962500
16.76604100
16.72600000
16.56991700
16.64308300
16.87395900
16.57683300
16.55470800
16.90537500
16.41895900
16.74425000
16.97562500
16.59029100
16.49229200
16.72691700
16.59012500
16.57333300
16.98800000
16.49370800
16.76016700
16.80470800
16.71341700
16.44879200
16.81787500
16.59641600
16.64466700
16.82712500
16.58441700
16.71091600
16.68245900
16.66520800
16.78700000
16.64079200
16.70575000
16.50595800
16.98479200
16.46412500
16.47654100
16.80287500
16.78195900
16.55345800
16.71925000
16.83962500
16.66483300
16.58245900
16.70554100
16.78512500
16.46991700
16.61179200
16.99900000
16.56629100
16.58795900
16.83900000
16.62970800
16.59825000
16.67854200
16.76708300
16.71395800
16.81212500
16.51604200
16.61037500
16.78941700
16.82300000
16.44416600
16.85175000
16.51850000
16.87850000
17.27175000
15.93520900
16.78745800
16.81841700
16.66858300
16.90620800
16.50812500
16.48379200
16.75637500
16.67295800
16.65316700
16.69016700
16.85187500
16.45620800
16.72441700
16.91529100
16.38683400
16.77450000
16.74679100
16.59616700
16.65520800
16.77208400
16.61408300
16.68954200
16.75608300
16.54104200
16.75554100
16.65975000
16.54612500
16.87112500
16.49062500
16.70354200
16.77179200
16.64945800
16.78304200
16.87070800
16.22983300
16.77016700
16.90416700
16.56283300
16.65887500
16.86029200
16.63295800
16.53229200
16.81741600
16.58983400
16.72775000
16.92516600
16.13487500
16.92450000
16.78675000
16.47045900
16.80750000
16.98929100
16.24266700
16.92145800
16.83050000
16.41370900
16.71029100
16.99504200
16.30725000
16.72962500
16.83666700
16.65808300
16.80458300
16.76120900
16.14195800
16.84129200
16.91125000
16.61733300
16.51958300
17.04362500
16.52270900
17.95670800
16.49525000
16.41225000
16.32791700
16.60491600
16.59200000
16.70312500
16.53866700
16.54120800
16.59354200
16.74208300
17.03337500
16.45287500
16.48429200
16.62183300
16.78100000
16.68237500
16.68720900
16.73670800
16.52950000
16.65812500
16.93354200
16.48887500
16.86725000
16.61600000
16.60900000
16.95220800
16.65666700
16.59429100
16.55883400
16.81875000
16.67804100
16.84987500
16.53425000
16.64770900
16.51258300
16.91112500
16.40245800
16.77833400
16.79337500
16.60237500
16.72137500
16.81991600
16.36845900
16.80779100
16.60720900
16.70420800
16.67433300
16.81845900
16.59300000
16.67445800
16.95087500
16.47795800
16.48770900
16.99716600
16.44450000
16.79608400
16.60762500
17.36012500
16.97041600
15.82925000
17.15462500
16.55000000
16.48395900
18.45645800
16.46812500
15.69504200
16.08583300
16.99129200
16.57891600
16.45525000
17.16987500
16.25000000
16.63037500
16.98212500
16.73187500
16.56891700
16.93520800
16.25050000
17.46516700
16.12508300
16.42016700
17.17629200
16.73091600
16.35100000
17.12550000
17.22245900
15.80945800
16.37479200
16.83937500
16.64870800
16.55629200
16.80633300
16.50237500
16.72291700
17.49312500
16.04483300
16.52158300
16.76762500
16.53633400
16.69229100
16.72566700
16.60091700
16.68762500
16.67183300
16.65262500
16.67654200
16.76241600
16.48916700
16.73729200
16.61408300
16.83070800
16.65241700
16.52604200
16.82108300
16.44845800
16.77354200
16.79679200
16.85691600
16.50912500
16.77833400
16.66975000
16.66616600
16.68633400
16.78995800
16.52170800
16.73779200
16.80637500
16.57741700
16.71387500
16.76429100
16.62312500
16.64170900
16.84458300
16.77966700
16.32445800
16.81054200
16.48995800
16.61033300
16.88945900
16.56641600
16.57308400
16.85575000
16.50583300
16.80079200
16.84666600
16.49512500
16.66275000
16.75891700
16.63400000
16.67437500
16.81170800
16.51241700
16.75670800
16.79912500
16.44100000
16.81133400
16.77166600
16.55008400
16.63350000
16.95150000
16.60116600
16.66495900
16.67650000
16.62558300
16.69187500
16.66095800
16.60379200
16.72387500
16.83900000
16.42158300
16.96733400
16.65583300
16.53904200
16.88308300
16.58966700
16.71245800
16.62420800
16.66291700
16.83545800
16.78429200
16.99354200
16.45275000
16.60175000
16.46316600
16.60137500
16.80516700
16.78283300
16.44500000
16.92025000
16.66187500
16.55370900
16.80320800
16.58345800
16.87358400
16.39454100
16.69504200
15.91470800
17.61145900
16.59495800
16.53683300
15.98862500
17.40679200
16.78800000
16.71254200
16.65770800
16.86958300
16.57891700
16.51158300
16.70579200
16.88770800
16.69470900
16.70408300
16.75541700
16.76158300
16.47479200
16.71958300
16.70370800
16.90612500
16.31700000
16.73387500
16.96216700
15.51350000
17.68212500
16.56429200
16.73733300
16.80725000
16.64550000
16.52262500
16.91545800
16.40616700
17.06333300
16.56170900
16.76458300
16.40720800
16.84945900
16.45045800
16.77641700
16.75379100
16.56620900
16.89162500
16.61129100
16.83870900
16.90091600
16.54937500
16.52579200
16.72900000
16.74654200
16.71979100
16.35362500
16.85766700
16.82158300
16.82883400
16.38604100
16.58212500
16.74320900
16.70204100
16.42308400
16.87420800
16.72187500
16.87000000
16.69362500
16.43170800
16.71225000
16.70029200
16.71637500
16.62033300
16.55562500
16.90929200
17.28650000
16.03141700
16.52741600
16.60504200
16.71437500
16.81054200
16.64745800
16.44604200
16.84562500
16.78437500
16.69458300
16.87712500
16.28529200
16.83950000
16.73054100
16.49845900
16.75487500
16.79862500
16.50112500
16.85754100
16.71495900
16.56891600
16.84195900
16.97270800
16.30979200
16.55675000
16.77758300
17.09520800
16.29458400
16.81779100
16.48583400
17.18750000
16.78145800
16.36187500
16.77916700
16.75583300
16.67533300
16.61537500
17.09645900
16.01329100
16.61262500
16.97629200
16.35133300
16.85733400
16.58400000
16.59166600
16.74662500
16.65808400
16.73441600
16.64737500
16.67137500
16.68966700
16.69954200
16.67691600
16.61654200
16.70583300
16.65337500
16.71712500
16.68875000
16.61770900
16.79245800
16.68037500
16.57216700
16.57679100
16.83491700
16.69725000
16.52575000
16.94529200
16.61804100
16.67850000
16.67529200
16.73025000
16.48045800
16.98220900
16.56158300
16.82791700
16.57116600
16.66054200
16.56404200
16.80229100
16.58325000
16.88691700
16.86433300
16.59091700
16.47595800
17.00612500
16.29858400
16.69045800
16.80637500
16.99970800
16.25879200
17.17166700
16.34370800
17.97958300
15.68900000
17.60245900
15.67070800
16.75720800
16.49583400
16.92225000
16.74487500
16.78425000
16.56479100
17.29366700
16.15366700
16.50087500
16.59258300
16.71308300
16.72166700
16.44708300
16.98900000
16.78712500
16.45158400
16.66104100
16.85316700
16.28491700
16.78816600
16.82829200
16.47875000
16.57258300
16.97941700
16.27970800
17.09129200
16.90575000
16.41304200
16.48841600
16.70266700
16.54391700
16.73341600
16.90154200
16.45179200
16.73637500
16.73104100
16.52441700
16.58237500
16.90450000
16.55570800
16.71925000
16.80383400
16.60554100
16.71566700
17.84791700
15.82200000
16.55062500
16.59670800
16.52158300
16.71837500
16.78766700
16.32283300
16.85958400
16.86933300
16.49470800
16.78425000
16.81350000
16.66712500
16.63537500
16.70012500
16.59112500
16.62387500
16.76895900
16.44462500
16.79241600
16.80454200
16.74908300
16.61566700
16.66733300
16.64304200
16.75504200
16.60050000
16.55633300
16.95312500
16.50350000
16.72995800
16.70141700
16.69345800
16.52979200
17.14991700
16.55908300
16.62662500
16.94479200
16.61525000
16.44962500
16.76750000
16.68212500
16.60254100
16.77504200
16.58554200
16.67654100
16.64133400
16.64062500
16.76120800
16.77745800
16.50554200
16.71900000
16.89416700
16.57020800
16.86129200
16.61004100
16.62345900
16.44812500
17.00908300
17.11170800
16.26991700
16.87962500
16.43645800
16.44254200
16.89166700
16.43316600
16.88604200
16.61808300
17.07191700
16.57020800
16.59408400
16.71487500
16.64929100
16.46470900
16.83325000
16.50004100
16.70237500
16.64537500
16.85037500
16.40316700
16.81800000
16.94641700
16.54112500
16.65412500
16.64658300
16.53945800
16.67716700
16.94158300
16.53870900
16.56633300
16.94300000
16.52175000
16.76329200
16.83445800
16.44766700
16.81262500
16.63491600
16.56491700
16.67950000
16.90129200
16.48895800
16.79087500
16.83220800
16.34825000
16.80762500
16.73233400
16.59708300
16.69283300
16.76658400
16.66175000
16.65050000
16.75108300
16.64558300
16.73412500
16.69591700
16.56379200
16.51458300
16.94304200
16.51862500
17.18829100
16.37770900
16.65633300
16.72770800
16.70220900
16.65437500
16.66675000
16.58229100
16.83600000
16.78987500
16.44387500
16.57162500
17.14008400
16.50337500
16.52525000
16.63733300
16.88775000
16.44770800
16.79250000
16.58795900
16.74466600
16.86479200
16.48516700
16.75108300
16.81200000
16.44641700
16.67566600
16.88362500
16.56312500
16.55995900
16.93175000
16.43979100
16.69316700
16.84820800
16.41095900
16.93391600
16.70637500
16.46300000
16.78237500
16.84116700
16.45833300
16.70320900
16.86741600
16.63145900
16.52833300
16.95125000
16.47812500
17.00620800
16.56004200
16.50245800
16.64304200
16.78054200
16.58575000
16.81000000
16.86208300
16.47987500
16.68904200
16.52500000
16.89179100
16.63229200
16.93791700
16.40991600
16.56600000
16.66583400
16.72529100
16.85462500
16.41850000
16.79550000
16.69645900
16.76620800
16.53583300
16.70929200
16.89300000
16.55745800
16.71650000
16.68550000
16.62912500
16.69858400
16.57125000
16.81441600
16.58833400
16.61962500
16.87383300
16.68229200
16.71458300
16.58600000
16.67083300
16.51825000
16.66758400
16.97054100
16.50787500
16.75537500
16.72829200
16.71658300
16.47100000
16.80458400
16.79150000
16.40066600
17.00770900
16.41850000
16.56841600
17.23662500
16.19570900
16.66454100
16.94862500
16.53037500
16.79304200
16.51329200
16.79345800
16.66687500
16.92945800
16.55120900
16.69766600
16.60508400
16.73708300
16.63737500
16.63725000
16.67808300
16.83941700
16.47600000
17.02404200
16.66750000
16.70495800
16.88362500
18.22929200
15.78112500
16.36420800
16.81191700
16.18150000
16.69254100
16.79470900
16.28475000
17.16116600
16.51995900
16.48004100
16.34504200
17.26662500
16.28941700
16.51579100
16.91245900
16.48037500
16.92862500
16.65583300
16.57283300
16.77854200
16.79687500
16.37266700
16.84200000
16.78283300
16.61208300
16.52541700
16.76241700
16.58637500
16.72337500
16.88466600
16.38050000
16.96670900
16.84975000
16.57845800
16.54191700
16.63087500
16.67466600
16.61266700
17.02545800
16.79795900
18.79575000
76.87483300
17.59904200
7.76012500
14.93283300
10.39683300
6.15379200
6.33125000
6.32604200
7.30787500
10.68525000
16.68645800
16.85366700
16.42175000
16.78912500
16.99879100
16.27208400
16.81241600
16.71987500
16.55658400
16.65937500
16.96904100
16.43691700
16.54954200
16.94154100
16.56704200
16.67745800
17.09204200
16.30408300
16.61954200
16.64158300
16.89079200
16.70300000
16.47133300
16.54358400
16.78812500
16.91387500
16.66812500
16.64637500
16.49612500
16.78454100
16.61229200
16.90587500
16.45525000
17.65204200
17.44079100
15.37158400
16.44970800
16.70695800
16.58012500
16.74508400
16.71241600
16.57512500
16.86287500
16.75954200
16.38154200
16.61037500
16.76312500
16.88641600
16.55845900
16.71545800
16.69504200
16.72183300
16.46945800
16.95033400
16.52445800
16.88116700
16.52729100
16.83854200
16.46237500
16.65583300
16.84062500
16.60816700
16.47066700
16.98004100
16.61695900
17.00641600
16.58500000
16.50679200
16.62658300
16.84087500
16.49558400
16.65058300
16.69600000
16.69412500
16.72479200
16.68433300
16.80470800
16.53495900
16.61512500
16.75000000
16.59562500
16.70970800
16.65891700
16.95137500
16.54150000
16.53716600
16.77583400
16.77483300
16.58120800
16.64287500
16.65125000
16.64366700
16.55429200
16.76466600
16.76254200
16.68820800
16.61233400
16.73125000
16.78954100
16.75650000
16.62362500
16.72758400
16.46475000
16.81320800
16.90200000
16.24216700
16.80587500
16.84708300
16.38325000
16.84733300
16.82095900
16.47787500
16.69916600
17.11233400
16.15341600
16.89725000
16.79958400
16.54679100
16.64220900
16.73604100
16.65966700
16.57316700
16.91345800
16.39633300
16.97783400
16.52062500
16.75054100
16.73170900
16.75241600
16.74945900
16.51237500
16.66220800
16.50379200
16.87879100
16.65041700
16.68083300
16.80091700
16.67945800
16.69891700
16.72941700
16.72520800
16.37700000
16.70958300
16.77416700
16.65554200
16.74970800
16.71445800
16.57100000
16.81754200
16.90141700
16.47695800
16.66620800
16.58491700
16.70395800
16.74295900
16.48133300
16.83270800
16.77245900
16.55541600
16.78062500
16.82820900
17.15270800
16.24137500
16.98204200
16.32704100
16.57562500
16.77195900
16.61133300
16.51462500
16.92437500
16.55962500
16.84837500
16.46520800
16.95883400
17.77137500
16.24720800
28.61533300
27.94445900
11.49391600
8.24254200
6.58012500
16.70604200
16.61870800
19.34708300
17.85425000
12.93608400
17.38979100
15.77379200
16.82250000
16.73887500
16.60354200
16.58470800
16.95212500
16.57941700
16.53500000
16.67754100
16.56604200
16.56733300
17.02733400
16.56583300
16.51154200
16.50179100
16.90204200
16.56650000
16.79337500
16.52612500
16.77012500
16.73854200
16.61375000
16.83658300
16.67837500
16.38445800
16.91441700
16.67579200
16.61870800
16.73554200
16.98454100
16.33675000
16.72362500
16.97700000
17.66862500
15.55983400
16.81250000
17.96745800
18.21366700
13.82941600
16.64475000
16.71125000
16.89275000
16.33025000
16.76062500
16.83525000
16.57245900
16.71062500
16.82266600
16.49308400
16.66083300
16.65341700
17.19733300
16.25829200
17.39158300
16.00179200
16.62708300
16.88466700
16.53366600
16.42237500
16.83608400
16.64920800
16.55845800
16.83258400
16.75000000
16.76325000
16.53437500
16.55158300
16.95716700
16.31183300
16.67045800
16.62933400
16.72008300
16.75087500
16.88745800
16.55533400
16.60029100
16.71645900
16.67920800
16.62137500
16.87550000
16.38254200
16.87333300
16.79712500
16.59533300
16.59195900
16.83904100
16.56200000
16.79229200
16.64037500
16.71179200
16.62900000
16.79916600
16.54612500
16.57208400
16.88283300
16.53954200
16.73041600
16.83587500
16.44825000
16.82591700
16.80683300
16.35187500
16.76441700
16.92195800
16.31816700
16.76708300
17.00154200
16.61404200
16.52254100
16.69229200
16.66508300
16.78866700
16.80958300
16.46908400
16.56095800
16.91304200
16.55441600
16.80754200
16.60133300
16.91775000
16.51608400
16.62241600
16.59100000
16.80229200
16.43558300
17.16650000
16.73020900
16.69712500
16.53912500
16.64687500
16.49450000
16.70887500
16.62929100
16.64316700
16.90020800
16.72875000
16.61966700
16.59208300
16.87237500
16.37350000
16.77795900
16.58691600
16.69020900
16.79016600
16.64012500
16.70083400
16.52866600
17.19262500
16.23020900
16.73604100
16.84375000
16.52095900
16.72579100
16.78437500
16.42154200
16.80662500
16.81937500
16.53520800
16.62187500
16.95916700
16.44937500
16.68908300
16.86991700
16.51554200
16.67650000
16.65037500
16.75062500
16.70070800
16.67354200
16.54150000
16.74075000
16.71195800
16.76000000
16.60958300
16.51812500
16.82587500
16.81500000
16.68120900
16.68283300
16.75329200
16.59704100
16.50179200
17.06804200
16.55216600
17.56895900
16.86708300
16.01562500
16.62291700
16.70929100
16.28658400
16.75662500
16.79120800
16.46812500
16.70800000
16.61150000
16.60816700
16.67787500
16.78662500
16.76850000
16.65704100
16.57350000
16.74625000
16.72870900
16.88762500
16.47600000
16.52437500
16.84520800
16.47516700
16.86025000
16.64120800
16.70412500
16.65954200
16.88333300
16.48033300
16.73825000
16.76750000
16.91108400
16.65116600
16.73479200
16.40079200
16.62133300
16.74133300
16.59075000
16.74425000
16.54008400
16.68912500
16.72712500
16.75979100
16.47916700
16.99608300
16.60591700
16.54870800
16.95379200
16.46204200
16.70270800
16.57995800
16.77575000
16.75079200
16.76662500
16.68841700
16.59095800
16.70975000
16.70208300
16.56470900
16.81166600
16.46750000
16.70412500
16.90429200
16.47820800
16.69187500
16.66858400
16.73270800
16.59387500
16.85200000
16.56266700
16.69000000
16.78887500
16.51191600
16.74441700
16.75058300
16.51616700
16.74204200
16.86291600
16.50879200
16.74441700
16.76270800
16.57108300
16.70308400
16.75045800
16.61250000
16.69195800
16.66845900
16.64845800
16.77054200
16.77625000
16.60270800
16.64070800
16.66612500
16.67816700
16.76454200
16.60562500
16.66987500
16.88216600
16.59408400
16.55458300
16.67600000
16.80666700
16.52912500
16.94716600
16.49641700
17.70983300
16.42808400
16.43733300
16.67004200
19.05995800
18.18062500
13.49725000
16.01300000
16.27241700
16.74733300
16.71025000
16.56129200
16.68887500
16.72891600
16.48766700
16.73858300
16.90716700
16.53475000
16.52700000
17.22450000
16.17087500
16.83012500
16.70141700
16.50062500
16.75533300
16.96329200
16.41120800
16.90645800
16.58454200
16.64100000
16.54741700
16.89100000
16.46775000
16.67341600
16.91262500
16.50308400
16.63483300
17.01350000
16.46429200
16.59100000
16.65479100
16.64041700
16.83958300
16.55658400
16.95212500
16.71733300
16.27925000
17.04829200
16.55808300
16.54787500
16.75866700
16.87308300
16.52616700
16.66604100
16.88591700
16.76437500
19.40950000
14.11020800
16.47741700
16.41970800
16.78962500
16.71312500
16.71725000
16.53404200
16.75795800
16.81508400
16.80970800
16.74908300
16.49241700
18.88041700
14.82170800
16.58154200
16.97808300
16.22387500
16.50200000
16.66391700
16.67895800
16.64016700
16.81200000
16.56558300
16.62062500
16.80791700
16.61195800
16.58104200
17.01370800
16.45891700
16.81041600
16.70358400
16.45975000
16.71266600
16.79141700
16.51908300
16.72245900
16.65350000
16.68129100
16.70675000
16.71979200
16.64083300
16.64337500
16.63370900
16.82316600
16.70029200
16.59604200
16.67841600
16.80054200
16.56166700
16.68983300
17.16825000
16.94275000
16.50745800
16.70162500
16.17633400
16.70479100
16.73012500
16.76054200
16.74800000
16.72429200
16.43520800
16.68383300
16.99837500
16.45387500
16.51870900
16.82133300
16.68383300
16.63183400
16.88183300
16.38525000
17.14587500
16.68500000
16.67929200
16.43887500
16.69512500
16.69033300
16.65050000
16.80991700
16.37041600
17.00166700
16.68729200
16.41587500
16.65733300
17.39370800
16.53200000
16.46662500
16.67562500
16.53687500
16.89779200
16.26595800
16.70579200
16.94279200
16.65645800
16.69591700
16.70904100
16.61837500
16.56212500
16.77958400
16.65204100
16.74775000
16.74037500
16.60458400
16.66491600
16.71929200
16.45495800
16.92133400
16.68358300
16.51587500
16.79045800
16.77562500
16.72875000
16.51800000
16.93733400
16.37812500
16.64412500
16.94795800
16.67016700
16.61404100
17.30987500
16.10566700
16.90491700
16.66787500
16.67208300
16.89525000
16.84395800
16.13475000
16.51808400
16.60358300
16.71462500
17.65879200
16.12466600
16.35866700
16.72387500
16.71875000
16.54208300
16.79366700
16.76633300
16.66787500
16.65941700
16.58229200
16.79854100
16.55387500
16.77362500
16.54995900
16.87108300
16.50383300
16.66700000
16.78975000
16.60825000
16.76000000
16.63895900
16.62770800
15.79750000
16.71516700
1941.84225000
17.40562500
17.67041600
18.33466700
18.75987500
20.62162500
20.13395800
19.96683400
19.79387500
19.58825000
22.80904100
24.33425000
23.91495900
24.49362500
25.68283300
24.98720800
24.92566700
24.39925000
23.97229200
23.14254100
23.54479200
24.94004200
25.39675000
25.30479100
25.08975000
25.26479200
25.21225000
25.16295800
24.90925000
26.80254200
28.14350000
28.12979200
27.58004100
27.94633400
27.82587500
27.04837500
27.35237500
26.59087500
26.59550000
27.35275000
27.65437500
26.89320800
27.52500000
26.38962500
27.08020800
27.21187500
27.24000000
25.83287500
27.15020900
27.17433300
27.19720800
27.38170900
27.09454100
27.01079200
27.06800000
26.14462500
27.40800000
27.53179200
27.09616600
26.40437500
27.29562500
26.72183400
26.11737500
27.12608300
28.87862500
27.03520800
27.66754200
27.21737500
27.07983300
26.91966700
25.96787500
26.28758300
26.20370900
26.04025000
25.78229100
25.72483400
27.65704100
26.60466700
26.56554200
26.01516600
26.68962500
26.69895900
25.46633300
26.40466700
27.58850000
25.47845800
26.60625000
25.18562500
26.81608300
26.73541700
26.10612500
25.19216700
24.31866600
23.80462500
25.66991700
24.42004200
25.72004100
25.91433400
24.59729100
24.43183400
26.55145800
25.79187500
25.46283300
25.47070900
25.03545800
26.85433300
25.30275000
25.86791700
26.43950000
25.13012500
26.89316700
26.24900000
26.14075000
25.83779100
25.91783400
26.35741600
26.67325000
25.48491700
26.06566700
24.52670800
24.99275000
24.67987500
25.68525000
24.46262500
26.32791700
25.58620800
25.60754200
25.97520800
26.73512500
25.59466700
25.42937500
25.88404100
26.63387500
24.90029200
24.75745800
24.74500000
26.56054200
26.19262500
25.53995800
26.21279200
25.99637500
26.10375000
24.71679200
26.88816600
26.51954200
26.26062500
26.55133300
25.80525000
25.68225000
25.69166700
23.66783300
23.26904200
23.52295800
23.47645900
23.41587500
23.91037500
23.58029100
23.20895900
22.23608300
22.08050000
22.26929200
22.32266600
22.17583400
22.82354100
22.59762500
22.32829200
22.31487500
22.10520800
22.15983400
22.07933300
22.98208300
23.07716700
24.70437500
24.13875000
24.39133300
24.51745900
24.32900000
24.57362500
27.55616600
26.23650000
26.32000000
30.00920900
35.38183300
30.22333300
31.84766700
30.46958300
31.02083400
29.79775000
32.52362500
33.14970800
32.60050000
29.30420800
31.91691700
30.49929200
30.55412500
29.24204100
28.33433400
29.19641600
28.74779200
29.07191700
28.78958300
28.66408300
29.02083400
28.84087500
28.69600000
26.71133300
26.12441700
26.76037500
28.01083300
27.77679200
27.06012500
26.92200000
27.63016600
25.94804200
26.77850000
25.77491700
26.04845800
26.46358300
26.48487500
29.46358400
27.33091600
27.09020900
27.81145800
27.95450000
27.35687500
28.48304200
26.24475000
27.21362500
27.34891600
25.81204200
26.51975000
27.72295800
27.10304200
25.51025000
28.95641700
28.18400000
27.64533300
27.74954200
26.48050000
25.90370800
26.12212500
26.61166700
26.52450000
26.48220800
25.95262500
26.26700000
25.98395800
26.12212500
27.14770900
26.26012500
26.09591600
25.95320900
25.83129100
25.85041700
26.68283300
28.63450000
27.05712500
26.96662500
27.59233400
25.88504100
26.13600000
25.75275000
26.39450000
24.58908400
26.90275000
26.42866600
25.70987500
26.62212500
25.49304200
28.09800000
26.16045800
26.20050000
26.28120900
26.22887500
26.58791600
26.47204200
26.06408300
27.46537500
26.11862500
25.88358400
26.36483300
25.12420800
26.78241700
25.83487500
26.68545800
26.03841700
26.16495800
26.39900000
26.98133400
26.09400000
24.77775000
28.05191600
27.83408400
27.89812500
28.29645800
26.43400000
24.92791700
26.29712500
24.81533300
26.50816700
24.46820800
23.70645800
22.41504200
23.96083300
23.79000000
23.27533400
23.63395800
23.38004200
21.69670800
22.44200000
21.86950000
21.85854200
21.80970800
22.14816700
21.77766600
21.32950000
23.09975000
23.06050000
23.92829200
23.81025000
24.22116700
23.17904100
25.90479200
25.28741700
26.01262500
26.09308300
26.15358300
25.65975000
26.35662500
25.74395900
26.44875000
26.31916600
25.62845900
25.93191600
26.47616700
28.96283300
29.19920900
27.47891600
27.18016700
27.27733300
27.14570900
27.85712500
27.63604100
26.79750000
27.42570900
26.75245800
28.92995800
27.19354200
28.00320800
27.20470900
27.13975000
26.18250000
27.86779100
26.38587500
26.23412500
27.13437500
27.23850000
27.08550000
26.66395900
26.63491600
27.11754200
26.13237500
27.57908300
26.97241700
26.75233300
31.79454200
28.75033300
27.42125000
27.61350000
27.64966700
26.68187500
27.28845800
28.52329200
28.24612500
27.40754200
28.20762500
26.89887500
27.64133300
27.30945800
25.64837500
26.63091700
26.73650000
26.26275000
27.26612500
27.58129200
26.87258300
25.77691700
26.45329100
26.57445900
26.99083300
26.14070800
27.11808400
26.35562500
26.69933300
26.95645800
25.70237500
25.53820900
27.52762500
26.12687500
26.19858300
26.28583300
25.71554200
26.25812500
26.92300000
26.74604200
27.31229100
25.86300000
25.87100000
25.17629200
29.01025000
26.47183300
27.45150000
27.19737500
25.85716700
25.68245800
26.96933400
27.33583300
28.11133300
27.61250000
25.93066700
25.51112500
26.93108300
25.82479200
25.86495800
25.82629200
26.34000000
25.29220800
28.30504200
26.51508300
27.08379200
26.65350000
25.94033300
27.05862500
25.64700000
25.84316700
25.97862500
25.57854200
26.29225000
27.19675000
26.15620800
26.40891700
25.72866600
26.49341700
27.75291700
28.63179100
26.83529200
26.27220800
25.65329200
25.43475000
25.74466700
24.81162500
27.15587500
30.16387500
24.93908300
24.76579200
23.40683300
22.83433300
24.89929200
23.69366700
23.06358300
24.38929200
23.60679100
23.37795900
23.14425000
22.32150000
22.61995800
23.59383300
23.08483400
24.88120800
24.13637500
24.47441700
25.59445800
25.79462500
26.81141700
26.22145800
26.64795800
26.67545900
26.33537500
26.03833300
26.43616700
26.33683300
27.04679200
27.30391600
28.12483400
27.54325000
26.92604100
28.34079200
28.24687500
28.22112500
27.11591700
27.72945800
27.50929200
27.66208300
27.60445800
27.31833400
27.46041600
27.82387500
26.31129200
28.77708300
28.40687500
27.16350000
27.53266700
26.40091700
27.99162500
26.97066600
26.98004200
27.18104200
26.81291600
27.24300000
27.06629200
27.06762500
26.03945800
28.15208400
27.46279100
26.90850000
26.83820900
27.83104100
27.90050000
27.02162500
26.58408400
28.14870800
28.47050000
27.65358300
28.86650000
27.43516700
27.41970800
27.09500000
27.80475000
28.17787500
27.81316700
27.30208300
27.07987500
26.74887500
26.99512500
25.78079200
26.15687500
25.97295800
25.61987500
25.94087500
26.73379200
25.95750000
25.83350000
25.67200000
26.26229200
26.24058300
26.44729200
27.07145800
27.21650000
27.77062500
27.61512500
26.70070800
27.65254200
26.24979200
26.67579100
26.75954200
27.24550000
27.67987500
27.20816700
26.42083300
27.54550000
28.73158300
27.21279200
26.47279200
26.01116600
27.38575000
26.56550000
26.11616700
25.79204200
27.12279100
26.77408400
26.75029100
26.53529200
26.42166700
26.03829100
26.28779200
26.68816700
25.96458300
26.09529200
26.18895800
26.05608300
27.33800000
27.28179200
26.81391700
26.45945800
26.42695800
26.09962500
27.35283400
25.70187500
26.16087500
26.45412500
26.42420800
28.04445800
28.23050000
26.78954200
30.24533300
29.20270900
26.81912500
30.61512500
29.12104100
26.38983400
26.40958300
26.41883300
24.22775000
27.42354200
24.41945800
23.11708400
23.41116600
24.25029200
23.08220800
23.92179200
23.58766700
24.13845800
23.07300000
29.35145800
33.26816700
35.89650000
31.99991700
32.82141600
30.30208400
34.00462500
32.42387500
33.62445800
32.17441700
31.98458300
32.23708300
32.15387500
31.24383400
31.80120800
29.04741700
29.60275000
29.33433300
29.82091700
29.06308300
29.60591700
28.51800000
29.03337500
28.59629100
28.77750000
28.81979200
29.62366700
28.60558300
28.07191700
29.18404100
28.27516700
26.91258300
29.96454200
26.94287500
27.34195800
27.74516700
26.84962500
27.40970800
26.39470900
28.66095800
27.98570800
27.27408400
27.63762500
27.46858300
27.64491700
26.84266600
27.95470900
26.73020800
27.24608300
27.10375000
27.37029200
27.11233300
26.79041700
27.56512500
28.94620800
27.99941700
28.16533300
29.63912500
29.33808400
31.03854100
28.30391700
28.65454200
30.94695800
29.52675000
29.28216700
29.31512500
29.12900000
27.02912500
26.49041600
27.81066700
27.70170800
27.37241700
27.45395800
28.06179200
27.64587500
27.46725000
26.34745800
27.22437500
26.34145900
25.74683300
26.21087500
26.47854200
27.57675000
28.03008300
27.64587500
26.25495800
26.46266700
27.54300000
26.44754200
26.99762500
28.95950000
27.17966600
29.45625000
27.26787500
27.81450000
27.48404200
27.06195800
26.58925000
27.21608400
27.22379100
26.00833400
26.92162500
27.74395800
26.77845800
27.65537500
27.55966700
26.57100000
27.41770800
27.86925000
28.02820900
28.17045800
28.07758300
27.01283400
28.43491600
28.80587500
27.75345900
28.01791600
27.46337500
26.89033400
27.35116600
28.31812500
28.27083400
27.40787500
28.14808300
29.02895800
28.93587500
31.01404200
30.75270800
28.48400000
25.68975000
25.72416700
25.43708300
25.96675000
25.87262500
24.91954200
23.46208300
23.62466700
23.49308300
23.40787500
23.13200000
23.07166700
23.56033300
23.50662500
23.29666700
23.22625000
23.71275000
23.82216700
24.93604100
24.01862500
24.24979200
24.13945800
25.68350000
26.12416700
26.43462500
25.98583300
28.82204200
31.79658300
28.85720900
29.38104100
28.80587500
28.21316700
27.43420800
29.67100000
27.47320900
27.85633300
29.51029200
28.32100000
27.25954100
27.61541700
27.29591700
26.36312500
28.12987500
27.46408300
26.83387500
26.97629200
27.81066600
27.43850000
27.10125000
27.37529200
27.22733300
27.38875000
26.97208400
26.47320800
26.18937500
26.76145800
26.88312500
27.65454200
27.72591700
26.90483300
26.81491700
27.20433300
26.16508300
25.51387500
26.24875000
27.75616700
27.03308300
26.74308400
26.46745800
26.87066700
26.67141600
26.62879200
26.96416700
27.74766600
27.28662500
27.30779200
26.58975000
28.07441700
27.05212500
26.63708300
26.27229200
26.44245800
26.70420800
26.54675000
26.73220900
28.10987500
26.96079100
26.07329200
25.28504200
26.69729100
27.31204200
26.60945800
26.32720900
26.46191600
26.56608400
25.83237500
25.67558300
25.18641700
25.41791600
25.71041700
26.20858300
25.60454200
26.40220800
25.98075000
25.24654200
27.12516700
25.86458300
25.11879200
25.68850000
26.40466600
26.33545900
26.61608300
25.66291700
26.65579100
26.28245900
25.49762500
26.41170800
25.29237500
25.13245800
24.68658400
26.44345800
26.23145800
26.53204200
26.27579200
26.30295800
26.31787500
26.14141700
24.94683300
25.91920800
25.80970900
32.39654100
32.30387500
29.44354200
31.40325000
34.94000000
32.34658300
33.48450000
34.73450000
31.81691700
33.63483300
30.89879200
30.88108300
29.92958400
30.58445800
32.05416700
31.38245800
34.47141700
32.37845800
31.30412500
30.54641700
29.84616600
28.07050000
27.47841700
27.73291700
28.93712500
27.34979100
26.51183400
26.34445800
27.99608300
27.33633400
26.93854100
27.33941700
27.68883300
27.61870900
28.43670800
29.35862500
28.24633300
28.29745900
28.29108300
27.58000000
26.78395800
29.39437500
29.17325000
27.93429200
30.40995800
27.18116700
28.32462500
94.14820800
76.93700000
32.74933400
30.97937500
30.90612500
32.04612500
31.52991600
31.17450000
31.01670900
30.75287500
27.01487500
27.52537500
26.91991600
26.76133400
26.74050000
26.62250000
26.60883300
26.69637500
26.73820800
26.34929200
26.81433300
26.39754200
26.60204200
26.26895800
26.22683300
26.56766700
26.59433300
26.22241700
24.96066700
26.12954100
25.15304200
25.00004200
25.17116600
25.63062500
24.60854200
26.57179200
26.52616600
27.01133400
25.97158300
25.10995800
26.69854200
24.97429200
24.93091600
25.74195900
25.00691600
25.56458400
25.25695800
25.25079200
25.06779100
26.05504200
25.99866700
25.16262500
27.15658300
26.18625000
25.10662500
26.30500000
25.27791700
25.96695800
24.71516700
26.51691600
25.59170900
26.79804100
25.04758400
25.85870800
24.18120800
26.41858400
24.91600000
25.47862500
25.51612500
27.15258300
26.22858300
33.58200000
30.34587500
34.29416700
39.25008300
34.34504200
30.89041700
31.74479100
31.54158400
30.62962500
31.65666600
30.52116700
29.10400000
28.45158300
29.32616700
32.27820800
32.81483400
30.92079100
29.89933400
28.56420800
28.84033300
27.31416700
26.12670800
27.24983400
26.65370800
27.26958300
26.88400000
26.43483400
26.61487500
26.63275000
25.89495800
26.86687500
25.56820800
25.62791700
25.31129200
25.37000000
25.80379100
25.02937500
23.37587500
24.08583400
24.30416600
23.17012500
24.20641700
25.04450000
24.81170800
26.61358400
24.55058300
25.08345800
24.60750000
24.84700000
25.13679200
24.49425000
24.47487500
24.97975000
25.41150000
27.15200000
26.06283300
25.23766700
25.59050000
23.78429200
23.15433300
23.13483300
23.97662500
23.31858400
23.10545800
23.19125000
21.49600000
21.02758300
21.37525000
21.08608400
20.99216600
20.97245900
21.31766600
21.79929200
21.20900000
21.41283300
21.20612500
20.92962500
20.99712500
21.18583400
21.91495800
20.99433300
22.25166700
22.85983300
22.97520900
22.30208300
22.68995800
24.36008400
23.97354100
22.78112500
23.96054200
23.07470800
23.64641700
23.48225000
22.54804200
23.14904100
23.41408400
22.47633300
22.66566700
22.08504100
21.17629200
21.13070800
22.00220900
21.24070800
22.45204200
22.23770800
20.84533300
21.93016700
20.72037500
21.04333300
20.43704200
21.82425000
21.76520800
21.01212500
21.67025000
20.08591700
20.84825000
21.32862500
20.58929200
21.85995800
20.53491700
22.33837500
23.91770800
26.09108300
22.20870900
23.35462500
24.73970800
22.97983300
21.73325000
21.35500000
21.25654200
21.00054200
21.16570800
20.73733300
20.95520900
20.68337500
20.60275000
20.85412500
20.74375000
20.88462500
21.08691600
20.64225000
20.72233400
20.96662500
20.53850000
20.46812500
20.47854100
20.79820900
20.33841600
20.51316700
21.02379200
20.37812500
21.10379100
20.55887500
20.53262500
19.70266700
25.13500000
22.83258300
23.67437500
22.63112500
21.90270900
21.80350000
21.49133300
21.29862500
22.21158300
23.32595900
22.80850000
21.81433300
21.92950000
21.61412500
20.76400000
22.35883300
22.65016700
22.44487500
22.80362500
21.35545800
23.18400000
23.44283400
24.78825000
23.54341600
23.35066700
23.16420800
23.35170900
23.96416600
23.85741700
23.10191700
23.42862500
23.35704100
23.18962500
23.02466700
24.14125000
23.18000000
23.45616700
24.50045800
23.51929200
24.14845800
23.08625000
23.77166700
23.61687500
23.03212500
24.55366600
22.65766700
22.45979200
22.09212500
22.63166600
23.10358400
24.71362500
23.97845800
24.48487500
22.88720800
21.56891700
22.69791700
24.00162500
22.77862500
24.29337500
24.02512500
25.76129100
23.87870900
24.11966600
23.94183400
24.68670800
24.47475000
24.21654200
22.70712500
23.96566600
22.51695900
23.72895800
22.58708300
24.10666700
22.63454200
22.97220800
22.45329200
24.29200000
22.62966600
22.79308400
24.32775000
22.58770800
23.55175000
23.83845800
23.35525000
22.82295900
23.23037500
23.73812500
21.47020800
23.46979200
22.08195800
24.20820800
23.27650000
23.08245900
22.13420800
21.38566700
21.34750000
21.04133300
20.94133300
20.84091700
21.02170800
20.99145900
20.99091600
20.04879200
19.35641700
20.40300000
19.39979100
19.57462500
19.44875000
19.45479200
19.58341700
19.47883300
19.30154200
19.47129100
18.98608400
19.27016600
19.23508400
19.23204100
19.73112500
20.09458400
20.23195800
21.44304200
21.31837500
21.32291600
21.10045900
21.50158300
21.38133300
21.11162500
21.33345900
20.87866600
20.77204200
21.42533300
20.95641700
21.07833300
21.75766700
21.29012500
21.73725000
21.67000000
22.88833300
23.02458400
23.09545800
22.71216700
21.68729100
22.07558400
23.64912500
21.80862500
22.79300000
22.26354100
22.81641700
22.28883300
22.20966700
23.59600000
24.40245800
23.05450000
22.15229200
23.12508300
21.44983400
22.40566600
22.19754200
22.47341700
21.82983300
21.97816700
24.25870800
25.20508300
24.52754200
24.21187500
22.50795800
23.76437500
22.19162500
21.68716700
22.17275000
22.24987500
23.30150000
21.97562500
23.35591700
22.92987500
22.34170800
22.14325000
21.91595800
23.15825000
21.91554200
22.91991700
21.66350000
22.00966600
23.19987500
21.64808400
21.94041600
23.37958400
21.85595800
21.43929200
21.86875000
21.36950000
22.81416600
23.81379200
23.65712500
22.54954200
23.35316600
21.82725000
21.26550000
21.71895900
22.22562500
23.08550000
23.01241600
22.19583400
21.74487500
22.30725000
21.68458300
22.70608300
21.84341700
22.33137500
25.02050000
26.40208300
23.62816700
23.65854200
23.15287500
23.05950000
21.48783300
21.48208300
23.09879200
23.66054200
22.01091600
23.37583400
21.61150000
21.39300000
22.09375000
22.17545800
22.74600000
22.22354200
23.02191600
22.32125000
21.05900000
22.62216700
22.11629200
21.73133300
22.48187500
21.74462500
21.23479200
22.54937500
21.44741600
23.06483400
24.87316600
23.16387500
23.91925000
23.45295900
20.93279100
21.11075000
21.43308400
20.96687500
20.39275000
21.26504100
20.90900000
20.73866700
20.38937500
19.41208300
19.21858400
19.65712500
19.18662500
19.33779100
19.50379200
19.20358300
19.31187500
19.16466700
18.88829200
20.09154100
19.16175000
19.37900000
19.35475000
19.68408400
19.45883300
20.90433300
20.88504200
21.43145800
21.15016700
21.46108300
21.40370900
22.00891600
21.27825000
21.40008400
21.66062500
21.86641600
22.22650000
24.03775000
23.08425000
23.58379200
23.54454200
23.69433300
23.82512500
23.82716700
24.27925000
23.47929100
23.77404200
22.04375000
23.60437500
23.94433300
23.24704200
21.92666700
23.44512500
23.19612500
22.98120800
23.84479200
21.84225000
23.51158300
22.50329200
22.37200000
22.28516600
21.56479200
22.73020800
21.21750000
20.79300000
23.10366700
22.28687500
21.68491700
22.36079100
22.56050000
21.32329200
22.82833300
23.23808400
21.65637500
22.08854100
23.25937500
21.66183400
23.83308300
23.55154200
23.08000000
22.87200000
23.58575000
21.66679100
23.03654200
22.90829200
21.72570800
23.17808300
22.85837500
22.96950000
22.62508400
22.69150000
21.73845800
22.12612500
22.18170800
23.33870900
22.32866600
22.43516700
21.36216700
21.82262500
23.88112500
27.15408300
22.96412500
24.39279200
22.89658300
22.33683300
22.60170900
22.23183300
21.64716700
24.24045800
22.64783300
21.19070900
23.28066600
23.17604200
22.43054200
22.91733300
22.48316700
21.16587500
21.38920800
21.89770800
20.12679200
22.66075000
21.61804200
22.56737500
21.85025000
22.71408300
22.92979200
22.37195800
23.20404200
22.08595800
21.69516700
22.81829100
22.61954200
23.34075000
22.26500000
22.46370800
22.06454200
22.99595800
21.80870900
23.08512500
21.88587500
22.93483300
22.40795800
21.69358400
23.13450000
22.86358300
22.85616700
21.49966600
21.38850000
22.42333400
21.58795800
22.54658300
21.60204200
23.78016700
21.62966600
22.39458400
22.68812500
23.22945800
23.06008300
24.97512500
22.38125000
22.21458400
23.37616600
23.03995900
21.96862500
23.56791600
23.12554200
22.89970800
22.36258400
22.97162500
21.10562500
21.85770800
21.25683300
22.17404200
22.51295800
22.78145900
22.26241600
22.49404200
22.92620800
21.88279200
21.17754200
21.25675000
19.53075000
23.15800000
22.35545800
22.24562500
22.32050000
22.58904200
21.15566600
22.20366700
22.06412500
21.68295800
21.58441700
22.55112500
21.70954200
21.36987500
22.92254100
24.05308400
21.88712500
22.05133300
21.25337500
19.78445800
20.27812500
20.13033400
19.87658300
19.96812500
20.08033300
19.98879200
20.12745800
19.34020900
18.32287500
18.26637500
18.48583300
18.33741700
18.13791600
18.81987500
18.76375000
18.94912500
18.76166700
18.34816700
18.58870800
18.55416700
18.29320800
18.60350000
19.40650000
18.97995800
20.35904200
21.42775000
21.08737500
20.64862500
20.63112500
20.52533300
21.26337500
20.59420900
20.70083300
21.82995800
22.95895900
22.20733300
22.58120800
22.55895900
22.60979100
22.45337500
22.32037500
22.32770900
22.75887500
20.85166600
22.88104200
22.25775000
21.23091700
23.75745800
23.75020800
21.70537500
24.08825000
22.68595900
23.37829100
23.82725000
24.38662500
22.34604200
21.46795800
23.04229200
22.33291700
23.14300000
22.38387500
22.32958300
22.03829200
22.78029100
23.65208400
23.24275000
22.81237500
21.77283300
22.87691700
23.61954100
23.15808400
24.13091600
23.64862500
22.51312500
22.41108400
23.07466600
22.75991700
22.31770800
22.78958400
22.21908300
22.64495800
22.61695900
22.25645800
22.13450000
22.03325000
20.90700000
21.96666700
20.64262500
21.70904100
21.92045900
22.81850000
21.38866600
23.79250000
22.46725000
22.94345900
22.31158300
22.49929200
21.04162500
22.55616600
22.74162500
21.29387500
22.09145900
22.17066600
20.86245900
21.29787500
23.43950000
23.56975000
22.27279100
22.68304200
21.19479200
22.23858300
23.45220800
23.38733400
24.43137500
22.32004100
22.47250000
22.23704200
21.06200000
21.32412500
22.12545800
21.77108400
18.62187500
21.89541600
21.85354200
21.62183300
18.20566700
18.53625000
21.11775000
22.00716700
20.15908300
18.45820800
19.00395900
22.84287500
20.26095800
19.40908300
18.38308400
17.51445800
20.19054200
18.28100000
20.87320800
20.32545800
19.31195900
19.05466600
21.44925000
19.35683400
18.59187500
18.44845800
19.45262500
20.68370800
20.55845900
20.27870800
19.55220800
19.57070900
19.25066600
20.17700000
19.53708400
20.36141600
20.82087500
20.66679200
20.28308300
19.86175000
20.44300000
19.04641700
21.14012500
19.38820800
20.50629200
20.04729200
18.86095800
19.08487500
18.30041700
18.73879100
19.60287500
18.70787500
18.31929200
18.90808300
18.50308400
18.66670800
18.49050000
18.99454200
19.01666600
20.03783400
18.65625000
20.31454100
20.28316700
19.29550000
19.15466700
21.14058300
18.30445800
21.41183400
19.90337500
20.86329100
18.82300000
20.59354200
18.13991700
21.28554100
20.47725000
19.22362500
18.80987500
19.98854200
19.76016700
18.91775000
20.12604100
19.41504200
17.43475000
18.75725000
17.75041700
17.62970800
18.12970800
17.79716700
16.70533300
19.39320900
17.46200000
17.21841600
18.05687500
18.69816700
15.69308300
19.78975000
16.98970900
16.62583300
16.69766700
17.00633300
16.30533300
17.14025000
16.76054200
16.49475000
16.78587500
16.03004200
17.47754100
16.68758400
16.43908300
16.74600000
17.57579200
16.88170800
18.33470800
19.25295900
18.40904100
18.30150000
18.38241700
18.94025000
18.98712500
17.44508300
19.79766700
18.82391700
18.36245800
19.48475000
19.75416700
19.45141600
20.94283400
20.00525000
18.45487500
19.34491600
19.70700000
19.55820900
19.22862500
18.58525000
19.11237500
18.28487500
19.55620800
19.48554200
18.89304100
19.54966700
19.65970800
18.99587500
22.30800000
20.03808400
18.95829100
19.32470900
20.04125000
19.52366600
18.88241700
21.22316700
18.94520800
18.88791700
18.16883300
18.69225000
18.22129200
25.50220800
21.01991700
21.87033300
21.01920800
21.32487500
21.22208400
21.57712500
22.03616600
21.56104200
20.13554200
21.36012500
20.90925000
21.37187500
20.70808300
21.48920800
20.28625000
21.54562500
21.05687500
20.23587500
21.31729200
23.44566700
22.17716600
23.57995900
22.36966600
22.80037500
23.73775000
23.69083400
22.05504100
23.77633400
22.73941600
23.32837500
24.91704200
23.53170800
23.68833400
23.98516600
23.31216700
22.13216700
25.25133300
24.57829200
24.59350000
24.58141600
24.34375000
23.70283400
24.09600000
23.81829100
23.75287500
23.62758400
22.96716600
23.49116700
23.09366700
23.12141600
22.05916700
23.29287500
21.89595800
22.10350000
23.01779200
21.60229200
22.14370800
21.99266700
20.54633300
21.32291700
21.60108300
20.52529200
23.79054100
21.15816700
23.68716700
21.39470800
23.44491700
23.46487500
22.29229100
20.92708400
21.91787500
22.73470800
20.65808300
23.01683400
22.99100000
22.92120800
19.54166700
17.87687500
21.65091600
21.19558400
18.75358300
19.72000000
18.18637500
23.50508300
19.74558400
18.39208300
19.32495800
19.06516700
18.28454200
19.28375000
19.33625000
18.58495800
18.84066700
19.68245800
22.61766700
20.96620800
21.01462500
21.56320800
20.23483400
22.43258300
20.68708300
21.02545900
20.73254100
20.40475000
21.16950000
19.44095900
19.85004100
20.24575000
19.07029200
19.51666700
18.89370800
19.96370800
23.65491700
24.86912500
18.39441700
20.74995800
20.70775000
20.82204200
21.76754100
20.00504200
20.03404200
19.81358300
20.73866700
19.68845800
20.16241700
19.75887500
20.83716600
19.70533400
20.42195800
19.80200000
19.50895800
22.24945900
22.08958300
23.57625000
21.42075000
20.83258300
21.25287500
22.95512500
19.77304200
19.17162500
18.84237500
20.02820800
18.72570900
20.63191600
20.08920900
19.47566600
19.02783400
19.78175000
17.72054100
17.77995900
17.84054100
17.07462500
19.10029200
17.85070800
17.37100000
17.63220900
17.62387500
16.91316600
18.04670900
17.41454100
17.43312500
17.46575000
17.13295900
17.68220800
17.80950000
17.82683300
19.68350000
19.34312500
19.36545900
20.94600000
19.80179100
19.72429200
19.48291700
19.42629100
19.31658400
19.03133300
20.09091700
23.10633300
21.13237500
21.31870800
21.61737500
20.55541700
22.12808300
21.90270900
23.33633300
24.46408300
19.81879200
21.65733300
21.25416700
22.05266700
21.64991600
21.73837500
20.75750000
20.80216700
21.84620800
21.37595900
19.94766600
21.15220900
21.80191600
20.79000000
19.92112500
21.55912500
20.92062500
21.35137500
21.47491700
21.03545800
20.25179200
21.69100000
20.90583300
19.56525000
23.65750000
20.96137500
20.11104200
22.31200000
21.59912500
21.28316700
21.59483300
20.96016700
21.90841600
19.96545900
21.91279100
21.49720900
21.56662500
22.30454100
19.93233400
21.07883300
21.69883300
21.11412500
20.23954200
22.07254200
21.80383300
21.55945800
21.25958400
20.15304100
21.33325000
20.73620900
20.44037500
20.92650000
21.01312500
21.20533300
20.94266700
19.78212500
21.84025000
19.88412500
21.51350000
21.10820800
19.81858300
20.99983400
21.47287500
21.27037500
20.40700000
20.98433300
20.29087500
20.79829200
21.32733300
20.44750000
19.98458300
19.61533400
22.23133300
19.52891700
22.58279100
20.04650000
21.35712500
22.04587500
21.24566700
20.39491700
21.94316600
20.27825000
20.18345900
21.48795800
21.46370800
22.65387500
20.06616700
20.26058300
19.99550000
20.37075000
19.37979200
20.35337500
20.87433300
22.24433400
22.44412500
20.92212500
20.57787500
21.37025000
21.10604100
20.27375000
20.63575000
20.00812500
20.89600000
20.01458400
20.25345800
20.08870800
20.13908400
20.59379100
19.02658400
19.24516600
21.81695900
19.77612500
18.36620800
19.00745800
22.24462500
23.10804200
21.94083300
22.09195900
22.39808300
22.05695800
21.68333400
22.64216600
21.55558400
21.70470800
21.73487500
21.02020800
21.60079200
22.49466700
21.56391600
21.43041700
22.30341700
22.18395800
22.61379200
22.45279100
21.46358400
21.56466600
21.46758400
20.46458300
21.94983300
22.64100000
22.97754200
21.12179200
23.00479100
24.64108400
22.97004100
22.86879200
23.94183300
24.09266700
22.81541700
22.56195800
21.77854200
23.90091600
22.07287500
23.08029200
22.03250000
22.40504200
24.32883300
23.30862500
23.54516700
23.93537500
22.88000000
22.57291600
21.15195900
20.97891600
20.52241700
19.91775000
20.74775000
20.38166700
20.27316600
19.84420900
19.97262500
19.70462500
17.55695800
19.62491700
18.63925000
18.95912500
18.39904100
18.32654200
20.46879200
21.25675000
24.74370800
21.34620800
23.02150000
20.90533400
25.25037500
20.92287500
22.77091600
22.85595900
23.28075000
21.79954100
23.67495900
24.93483300
22.26266700
21.90087500
22.82670800
23.43145800
21.50895900
21.48416600
23.09133400
23.69420800
21.75116700
21.99987500
22.07295800
23.79104200
23.16958300
22.13645800
21.54220900
25.08991600
23.11779200
22.26608300
21.88208400
25.41645800
22.29383300
21.30470900
19.08558300
21.72162500
21.51675000
21.71287500
18.89491700
18.56795800
23.10133300
21.96162500
19.39112500
19.40350000
18.59925000
21.33683400
18.69250000
26.46500000
20.11083300
22.99854200
24.04354100
26.07320900
26.71683300
21.87937500
20.92270800
20.34095900
19.56195800
19.15083300
19.13487500
19.83208400
19.97370800
18.81154200
18.96679100
19.06237500
19.44279200
19.36545800
21.64820900
20.70908300
19.97212500
19.26000000
20.35150000
21.48541700
19.13408300
19.61420800
21.73183400
20.72820800
19.74412500
20.18166700
19.99350000
19.67375000
19.33950000
19.43100000
20.28020800
19.61425000
20.31725000
19.88858300
19.80266700
19.44045800
19.89591700
18.34745800
20.16420900
19.26508300
20.28316700
19.11054100
19.58962500
20.61591700
20.03350000
19.91929200
19.20408300
20.11400000
25.62150000
24.02083300
24.27904200
24.44862500
27.32325000
24.74104200
27.24829100
23.47962500
23.61775000
23.57958400
24.45495800
24.93145800
24.73054200
23.94104200
25.70362500
23.25308300
23.18866700
23.43470800
22.82033300
22.65533400
22.54175000
22.79083300
22.19820800
22.48662500
22.00283400
22.36720800
22.06862500
23.61041700
22.28200000
22.76358300
22.03645800
23.85991700
23.56466700
23.31841600
22.13908400
23.09033300
22.36920800
22.17383400
23.28425000
22.54962500
22.21745800
20.65600000
23.00150000
22.93216700
22.72566600
19.26550000
20.91504200
21.27570800
22.42241700
18.05416700
17.94087500
18.07687500
21.83904100
18.94704200
17.53720800
18.61154200
19.15770800
18.66558400
17.79166600
18.75137500
17.49379200
17.50670800
19.07983400
19.05120800
17.89212500
18.83462500
20.48837500
17.75920800
19.09104200
17.85633300
18.70400000
20.50037500
18.53129200
19.56358300
19.50620900
20.08395800
19.81133300
19.72333400
20.30295800
18.37933300
19.43533400
18.49241600
18.68175000
18.24858400
19.12929100
19.78012500
18.41741700
20.46841700
17.76916600
19.18116700
18.50808300
19.43341700
18.62316700
20.21008300
19.91008300
19.37512500
19.02900000
19.30545900
17.80104100
17.05712500
17.45716700
17.09650000
17.48004200
17.21904100
17.49233400
17.88366600
18.16162500
16.49766700
17.73212500
16.64137500
16.31958300
15.94829200
16.49541700
15.90179100
16.61125000
16.69245900
16.14358300
16.29533300
16.38541700
16.17545800
16.74466700
15.84970800
17.58516700
16.95491700
16.34929100
17.09087500
17.73891700
17.57879200
17.26962500
18.51150000
18.41770800
19.17450000
19.74412500
18.97595800
18.29504200
18.01479200
19.57825000
19.69683300
19.71808300
19.61904200
19.82312500
20.05816700
20.83200000
19.55945800
19.89133300
19.59358400
19.30258300
19.23762500
19.27841700
19.82608300
20.40737500
22.16654200
20.20475000
20.92037500
21.49229100
20.07658400
19.91554100
19.98554200
19.85187500
20.38950000
20.26891700
19.57970800
19.98362500
19.56504200
21.26679100
18.57770900
22.61850000
23.00820800
22.83279200
21.23500000
22.41504100
22.94116700
23.04541700
22.65629100
23.46066700
21.86616700
24.11820800
22.75941700
22.43154100
23.99775000
22.75779200
22.75008300
22.68462500
22.30875000
22.51187500
22.68825000
21.50179200
22.30150000
23.48504200
22.73095800
21.60483300
21.58708400
22.54691600
22.04633400
23.85362500
24.13966600
23.48566700
22.75737500
23.41500000
22.77375000
24.25229200
21.75300000
23.31920800
23.28304200
22.71583300
22.54487500
22.92954200
22.38358300
23.87737500
23.20745800
21.94558400
22.91445800
22.68512500
22.44483300
21.53933400
22.64200000
22.01070800
22.15800000
22.67337500
21.97604200
22.14004100
21.87545900
22.54604100
21.96187500
22.61341700
22.04141700
25.14200000
25.57266600
22.88941700
22.35612500
23.02108300
21.76120900
21.56987500
24.07216600
22.38620900
22.59141600
22.43120900
22.54908300
21.31083300
22.45075000
22.63904200
22.34908300
22.25975000
21.49200000
23.53083400
21.07700000
23.35933300
21.08395800
22.20233400
21.05991600
23.00229200
20.83979200
22.68495800
22.25579200
21.86870800
22.74245800
22.65108400
22.89508300
22.76420800
22.57908400
22.24191600
22.15991700
23.05087500
22.54562500
19.91025000
22.84129200
21.65108300
22.82479200
19.14937500
18.63675000
21.77325000
21.16516600
18.57025000
19.69300000
18.88750000
22.44429200
19.42445800
18.22450000
19.15095900
19.15679100
17.91554200
18.80820800
18.45400000
19.41525000
19.13441700
18.23445800
19.69987500
19.37191700
20.11470800
19.73887500
18.45825000
19.13037500
18.73145900
19.01245800
19.76812500
19.23254200
19.18254100
18.25120900
19.38425000
19.29650000
19.43737500
19.36104100
19.04283400
19.40375000
17.78270800
19.10408300
19.13575000
18.08979200
19.26729200
17.92279100
19.03387500
19.10866700
17.82204200
19.26933300
19.35225000
18.82183300
19.10325000
19.33920900
19.17125000
19.33083300
19.58450000
19.71487500
18.44712500
19.31904200
18.47783300
20.53791700
19.73775000
19.60575000
19.63204100
19.87787500
18.14787500
18.47900000
17.74195900
18.21962500
17.44220800
18.32054200
18.14370800
17.57300000
17.67475000
18.28645800
17.08091700
17.84645800
17.40158400
16.29741600
16.41183400
16.32729100
16.39933400
16.19066600
16.80320900
16.48087500
16.49054100
16.23804200
16.41237500
16.36570800
16.48825000
15.88366700
15.90770800
16.41541700
16.89608300
16.61029200
17.68920800
18.21120900
19.18079100
17.98883400
18.75129100
17.95087500
19.83583400
19.29745800
20.04679200
20.47662500
20.38745800
19.86104200
19.96637500
20.13050000
19.61358300
19.91983300
19.43754200
20.77116700
19.48187500
19.63816600
19.31900000
19.40112500
19.14566700
19.22320800
18.41195900
19.06175000
19.24779100
18.76916700
19.03995800
22.39954200
23.28020800
22.23600000
22.50912500
23.01720900
23.22245800
24.01387500
23.16741700
22.70579100
22.59662500
22.97145900
23.05491600
22.56745900
24.24916600
24.98675000
24.41666700
23.46200000
24.16750000
24.03508300
23.32304200
23.78912500
23.61200000
23.59229200
23.74687500
23.02529100
24.29654200
23.96158300
23.56412500
26.83133400
25.19304100
23.62125000
24.83887500
25.21650000
24.77141700
24.17100000
24.94850000
24.27612500
24.74787500
24.17012500
23.95208300
25.11287500
24.45579200
24.95795800
24.56329200
24.71045800
24.95720900
24.32195800
25.20908300
24.32491700
24.13525000
24.73987500
23.71700000
24.25120800
23.15262500
25.26862500
23.65708400
24.05683300
24.08216700
24.14595800
23.88050000
23.71608300
23.00470900
23.86929100
23.45208400
24.24708300
22.57491700
23.28191600
22.93770900
22.58175000
23.78045800
22.75229200
23.99775000
23.64016600
23.38916700
22.13195800
21.78762500
21.99325000
22.70904200
21.83329200
21.74320800
23.13979200
22.38058300
23.94654200
21.46825000
24.90354100
22.38029200
23.49600000
23.57450000
24.35641700
22.37612500
24.27354100
23.39625000
24.50716700
23.50237500
23.86162500
21.85445800
23.37187500
22.72975000
21.83887500
23.47608400
22.63020800
22.37620800
23.33650000
22.41933400
23.24991600
22.44012500
22.07695900
22.37770800
23.92120800
23.58645900
24.14937500
23.91120800
22.40987500
23.60566700
23.39841600
22.17937500
22.35233400
23.10508300
23.65308300
23.90491700
21.92283300
23.46375000
22.53054200
23.85575000
22.67933300
22.53704200
22.82216700
23.12495800
21.87883300
22.36091700
22.25650000
23.13904200
23.95712500
23.77687500
23.18804100
21.39758400
21.16062500
20.92020800
21.40283300
21.20370900
21.32266600
21.03416700
20.67275000
20.53008300
20.82587500
20.69245900
20.18370800
20.18883300
19.72458400
19.58270800
20.63470800
20.48312500
20.03679200
19.81112500
19.84941700
19.75870800
19.89925000
19.70950000
20.17400000
21.26737500
20.08866700
20.05466600
21.58166700
20.48012500
20.85658300
20.52450000
20.33970900
20.67012500
21.70616600
21.77187500
22.91270900
22.38675000
23.04841600
22.63350000
22.24237500
22.54625000
22.61337500
22.38075000
21.03587500
21.63800000
20.74912500
22.01725000
21.21341700
21.03458300
20.40204200
20.29479200
21.23816600
20.67987500
20.21754200
20.65958300
19.14316700
20.66679200
20.91516600
20.69512500
20.12162500
20.95012500
20.80208400
20.90141600
20.86466700
20.60270800
19.85045900
20.70320800
20.92200000
20.79550000
19.47816700
20.62262500
20.43970800
20.59229200
20.40333300
19.55170800
20.16466700
19.18987500
20.15787500
19.42266700
20.38291600
20.06758400
19.58650000
20.41758300
19.78316700
19.93391600
20.62633400
19.46633300
20.32000000
20.30133300
19.94916700
19.37545800
19.79191700
19.23808300
20.54283400
20.88620800
20.74658300
19.02450000
20.45466700
19.24004200
20.10000000
18.97700000
20.26662500
24.95454100
22.08316700
22.07845800
20.97695900
22.02800000
21.03650000
22.80108300
21.12700000
22.03383300
22.27383400
21.20408300
21.94016700
22.30479100
20.73737500
21.91329200
22.18883300
21.25025000
22.10695900
21.86195800
21.01058300
20.97612500
22.45825000
23.20354200
24.24766700
24.90341600
24.57337500
24.29387500
24.19920900
24.86683300
24.18220800
34.15679200
28.62479200
27.03704100
28.78012500
29.85904200
86.46708300
32.29825000
32.43812500
34.26016700
30.04041700
28.80854100
27.18004200
26.92525000
27.26370800
28.93008400
26.80691600
27.15558400
27.28916600
24.69466700
24.13466700
24.21916600
24.18195900
24.22833300
24.19379200
24.01262500
24.07620800
24.21441700
24.21079100
24.14633400
23.27541600
23.87945900
23.12358300
22.85158300
23.90020900
21.94491600
23.94620900
22.88333300
23.34233300
22.37395900
23.68483300
22.36279200
21.74591600
24.09387500
23.25191700
22.89062500
23.67658300
22.90287500
22.17062500
25.11591700
29.37800000
23.69354200
26.85429100
26.81925000
27.10416700
24.52412500
24.79016700
23.88408300
23.84962500
23.71200000
26.74925000
25.25195800
24.84937500
24.38700000
22.40766700
22.87083300
23.32362500
21.30891700
20.84787500
21.98570800
22.80970900
22.92083300
23.60941700
25.02641600
24.24479200
26.73100000
25.20775000
25.13779200
25.50158300
23.19687500
23.06720800
21.04045900
20.97895800
26.11979200
25.22141600
30.17375000
25.49287500
24.60437500
26.19408400
24.21258300
26.08108300
23.88704200
23.15675000
23.37845800
22.72625000
23.18254200
24.26804200
23.02979100
22.95262500
23.71408400
22.56016600
23.59312500
25.10295900
23.59929100
23.63391700
24.19412500
23.16479200
23.76875000
23.73375000
22.92345800
22.11816700
23.66525000
23.56658300
21.92329200
23.53054100
23.81033400
23.92204100
23.39120900
23.47737500
23.35862500
23.99670800
23.51279200
25.58366600
23.86483400
24.12841600
24.05241700
23.80625000
25.88066700
23.72154100
23.55704200
20.54270800
25.40437500
24.50145900
27.17650000
21.67516600
21.27825000
24.29887500
25.37908400
21.58983300
21.27433300
20.72295900
24.96987500
20.73800000
20.47516600
20.06187500
20.90100000
20.79008400
20.09587500
20.60275000
20.47037500
19.80000000
20.82212500
19.99137500
19.68208300
19.51112500
20.33816700
19.02879100
19.80445900
18.79883300
20.61879200
19.94550000
19.17583300
20.70037500
20.53195800
19.96958400
20.07925000
20.04791600
20.75512500
19.26725000
20.10754200
18.91458300
20.56795900
19.44137500
21.28675000
20.75979100
20.79895900
20.53350000
20.31100000
20.49433300
19.42070800
20.36508400
19.84641600
20.64266700
19.68320800
20.67308400
20.58337500
19.88583300
20.92270800
20.88933400
19.76775000
20.64237500
20.19579100
20.27729200
20.85766700
18.72925000
21.60925000
20.60008300
19.10895800
20.94733400
20.72466600
18.68529200
21.09712500
19.51429200
20.65137500
19.73358300
20.11162500
20.62320800
20.84908400
20.77191600
20.48258400
21.35166600
21.69166700
21.28516700
22.37741600
20.83275000
21.48470900
20.97437500
20.59937500
20.70420800
21.26825000
19.88491700
20.01183300
24.00925000
21.85075000
21.37437500
21.37233300
20.75137500
20.59779200
21.65875000
21.39412500
20.67420800
20.88050000
20.90191700
19.82729200
20.43291600
19.76383400
21.11600000
21.10479100
20.45654200
20.32520800
20.56912500
21.46383400
20.03245800
20.69741700
20.13466600
18.60895900
20.64795800
20.83570800
18.78070900
20.30975000
19.17183300
18.94908300
20.48520900
19.17350000
21.25516600
21.11262500
21.39133400
20.66491600
20.47375000
22.74654200
20.81429200
21.24458300
20.15137500
21.47308300
20.79150000
21.47933400
21.29091600
20.08379200
21.22345800
21.00862500
22.21762500
21.41454200
21.47379200
27.93820800
24.98758300
24.73712500
24.92958400
22.61191600
21.64150000
22.33041700
22.85433300
23.21062500
22.61179200
22.75008300
24.11325000
22.21716700
22.03683300
21.81945900
21.66758300
21.37841700
22.02029100
21.36375000
21.64625000
21.48258400
21.04725000
20.59912500
20.88695800
20.14166700
20.07741600
20.07095900
20.13445800
20.42020800
21.18283400
20.57833300
20.92979200
20.77170800
20.48212500
19.90904200
21.05179100
22.63758400
21.78033300
22.13620800
22.06637500
21.55362500
22.74979200
23.67987500
23.15604200
25.86983300
25.08116700
24.27320800
24.45708300
25.89804200
25.00004200
24.29787500
24.07470800
24.42904200
24.95891600
24.96454200
24.60745800
23.61070900
24.64912500
25.26925000
25.31850000
24.16383300
25.38854200
23.11812500
24.43825000
24.60320800
23.40650000
23.55729200
23.76437500
22.54566600
22.05737500
23.62379200
25.91229200
23.68766600
21.50554200
21.05145800
23.78379200
25.89416700
21.49720800
21.71095800
20.94458400
24.95395800
20.62895800
21.16645900
19.79758300
20.99212500
20.77091700
21.72220800
22.19575000
20.28412500
21.45779200
20.05416600
19.03812500
21.93904200
22.41100000
21.45841700
21.37829100
20.65254200
20.56916700
19.80495800
20.72145800
20.88912500
21.05520900
20.73766600
20.38145900
20.32145800
20.84754200
19.88504100
21.29508400
21.38304100
20.35612500
20.34558400
21.76691600
20.65187500
21.41779200
20.58437500
20.53029200
21.67475000
20.97491600
20.51570900
20.84341600
20.78108400
20.77579100
21.12091700
20.95366700
20.83420800
21.09554200
21.81375000
20.96862500
21.00045800
20.89712500
19.27533300
20.70112500
21.21000000
21.51937500
23.75358400
20.60416600
21.77608400
21.16908300
20.86812500
21.58212500
20.17062500
21.62912500
19.88533300
21.27050000
20.26570900
20.46645800
21.13754200
20.36591600
20.50358400
20.21770800
19.66116700
20.69962500
19.54391600
20.36383400
19.21308300
19.63466700
20.76875000
19.88279100
19.31558400
19.06600000
18.99925000
20.05695800
20.57262500
19.30337500
21.20454200
19.59325000
20.09766600
20.90891700
20.64875000
20.99508300
20.19779200
20.72291700
21.44012500
19.92579100
20.81420900
19.60804100
21.96625000
21.26550000
20.62733400
20.83195800
21.04675000
24.21112500
25.44379200
23.97804100
24.06820900
23.42758300
24.37575000
23.86300000
24.61108300
23.41533400
24.23866600
22.54341700
22.81062500
24.15558300
22.87750000
23.40633400
24.71625000
23.86545800
23.89900000
23.90383300
24.41400000
23.60054200
23.78783300
24.05708400
23.46283300
24.85425000
24.97087500
23.59266700
25.82929100
23.20562500
21.84870900
21.90204100
21.28979200
21.35941700
21.68112500
21.38554100
21.69575000
21.59491700
20.68970800
19.44591700
21.50170800
20.27191700
20.02245800
19.64587500
20.80312500
20.89704200
19.74345800
21.63308400
20.01383300
20.08541700
20.00466600
19.33583400
21.82745800
21.98729200
22.11600000
21.69212500
22.09045800
23.27841700
21.12658300
22.18412500
23.35483300
23.68820900
23.45800000
23.55341600
23.56154200
23.33266700
23.12979100
24.50120900
23.84616600
23.50420900
24.11012500
23.58433300
23.74325000
24.23312500
23.58945800
23.39308400
23.08591600
23.46662500
22.17541700
23.05633300
22.67662500
25.20054200
23.44770800
23.94895900
23.14833300
24.40700000
23.09950000
23.46820800
23.43008400
24.16625000
25.57016600
23.85537500
23.82670900
24.04441600
23.23891700
23.94158300
22.60670900
24.01170800
21.14620800
23.98725000
23.56533400
22.32341600
21.99841700
19.99708300
23.87541700
23.62708300
21.11837500
20.23433400
21.33283300
24.62658300
20.30450000
20.44683400
19.78887500
20.31075000
20.35837500
20.47016600
19.26916700
21.05108300
19.87558400
19.82483300
20.70429200
19.00375000
20.00458300
21.33341700
19.62641600
21.17029200
20.82845800
19.60745900
21.14187500
20.98087500
19.77666600
21.47604200
21.43245800
20.90991700
19.90904200
21.48154100
21.92437500
21.39575000
21.02870900
21.55691600
20.77879200
21.26420800
20.35629200
21.72137500
20.25983300
20.06458400
21.31512500
21.76395800
22.15845800
21.44791700
20.61625000
22.02416700
21.53104100
22.68891700
22.41804200
22.01329100
21.32270900
21.45633300
21.53229200
20.75962500
21.68741600
22.25479200
20.50245800
20.64137500
21.45408400
20.32579100
20.15750000
20.57350000
21.63862500
20.43520900
21.48345800
19.76095800
21.25712500
20.86212500
20.36195900
21.75162500
22.33495800
18.46595800
21.41600000
20.63633400
20.67179100
21.79450000
20.46075000
20.06866700
22.89395800
22.05341700
21.32970800
21.94737500
20.53620900
20.79966600
21.89808400
21.21162500
20.21554100
21.11145900
19.64616600
20.03183400
19.86287500
21.50062500
20.09762500
21.43879100
20.75312500
20.15704200
20.11208300
20.32270900
19.82479100
21.72720900
19.47758300
20.68087500
19.80008300
21.17166700
19.95129200
21.04245800
19.30895800
19.09670900
20.57487500
19.91191600
19.94866700
20.75391700
19.41325000
20.78733300
19.83891700
19.03095800
19.20929200
21.25120800
21.30633300
21.00800000
20.17866700
19.98120800
19.73979200
19.99745800
19.04908400
18.08225000
19.17650000
18.83383300
18.30358300
18.45541700
18.91725000
18.22658300
18.57262500
16.75258400
17.60575000
19.26245800
18.04579200
17.20483300
17.53587500
16.78620800
17.60458400
16.89433300
16.84879200
17.22429100
16.69779200
21.56379200
19.59641600
18.57566700
18.57358300
19.06016700
19.56408300
20.73966700
20.64704200
20.49804100
20.65662500
20.76783400
20.70204100
20.94679200
20.54395800
20.63091700
20.40470800
22.09866700
22.69895800
23.94195900
22.27670800
22.86254200
24.63904100
24.59795900
24.79579100
24.80083400
24.05204100
24.53016700
24.22887500
24.39429200
24.42250000
24.75362500
25.09016600
23.80483400
24.48008300
24.51154200
24.24866600
25.08675000
24.46216700
24.97470800
24.10275000
24.10575000
23.87454200
25.37079200
24.64016600
23.73733400
24.41008300
24.59216700
24.39975000
24.07420800
24.32775000
24.35858300
24.33329200
24.51191700
24.31291600
24.74300000
25.47462500
26.86475000
24.86691700
24.27208300
24.57795900
24.39066600
24.94154200
24.23929200
25.68320800
24.55254200
24.60220800
24.10029200
23.93995800
22.55158300
23.06666700
22.32166700
22.94808300
24.74545800
24.13329200
24.10412500
24.43150000
22.63775000
25.41104200
24.98516600
24.12633400
23.72545800
25.43050000
22.88287500
24.25808300
25.37600000
24.03575000
22.75191700
24.67645800
24.37458400
21.95087500
23.58366600
23.05100000
23.20120900
24.55116600
23.39745900
21.84670800
23.63833300
22.79570900
22.42412500
21.43591600
23.39533400
21.42883300
22.79500000
24.03666700
21.52245800
24.06945800
23.45845900
22.92120800
21.60779200
24.71366600
21.42500000
22.67400000
22.53204200
23.49775000
23.45466700
24.27483300
22.76087500
23.18808300
22.14879200
21.84283300
23.09979200
23.54962500
23.65150000
22.45704200
22.83895800
22.39554200
22.18362500
23.72520800
21.88337500
23.40179200
24.60983300
22.78962500
22.88825000
23.89333300
22.79979200
23.42525000
23.50854200
23.05633300
23.82462500
22.46145800
21.42691700
22.79850000
23.50179200
21.29683300
23.92295800
22.46941700
21.47587500
22.44062500
22.55300000
22.42741700
22.24741600
22.31558400
24.86954100
23.03775000
23.85416700
23.08162500
23.64075000
23.35650000
21.78712500
24.03708300
23.29141700
21.14079200
21.89895800
24.17875000
22.46929200
23.36837500
20.18275000
18.14408300
21.46320800
21.75012500
18.57541700
19.09166700
18.38441600
21.71320900
18.51970800
18.36675000
16.45966700
17.60975000
17.68033300
16.70816700
17.29479100
17.51687500
16.56554200
17.21970800
17.46991700
16.38795800
17.21170900
18.07320800
16.40091700
17.38500000
18.45966600
16.31375000
18.72104200
18.49154200
18.46858300
19.86979200
20.20458300
18.77145800
19.98758400
19.56183300
20.60600000
20.41345800
20.17087500
19.97604200
21.19691700
22.75133300
19.56412500
22.45966700
25.13304100
24.60008400
28.73375000
28.14891600
23.05533400
24.38629100
24.37366700
20.68654200
21.44558300
22.18887500
20.22225000
21.87095800
21.41341700
21.04587500
23.65545800
25.16091700
20.50383300
22.15879200
21.48975000
21.21275000
21.26079200
22.21912500
21.39066600
21.89200000
21.72912500
20.17495900
22.04883300
21.34358300
20.12175000
23.76008400
22.52050000
21.55829100
22.18179200
22.49975000
21.50716700
21.88866600
22.16270900
20.39941600
24.02687500
21.45216700
20.14804200
21.62954100
21.80662500
20.33358400
21.40666600
22.16004200
21.20220800
21.29354200
21.45775000
20.17287500
21.93450000
21.20929200
20.54466600
21.56454200
21.98775000
20.01233300
22.29675000
21.82975000
20.31608400
20.29316600
19.64683400
19.61912500
20.16041600
19.69870900
20.11550000
19.84045800
19.63154200
19.38262500
23.61850000
24.01145800
23.59337500
22.19795800
24.10300000
23.17245900
22.23133300
23.36495800
23.23845900
22.98212500
22.14050000
23.16345800
23.45487500
21.77908300
22.28179200
22.17516700
24.72679100
22.05925000
22.38141700
22.35083300
23.54416700
23.40887500
22.10770800
23.65616700
23.99287500
24.11179200
24.31229100
24.23366700
25.17345800
25.20150000
23.57125000
23.43800000
24.03525000
24.44383400
23.98129100
23.95100000
23.31791700
23.48241700
23.27600000
23.46591600
23.57629200
22.91750000
23.88012500
23.37550000
24.12433300
23.40895900
22.70808300
22.44904200
22.62729100
24.04025000
20.59116700
25.25641700
22.99812500
21.61741600
21.58133400
22.38037500
21.96908300
21.83412500
22.56620800
22.11608400
22.45445800
22.33279200
21.91825000
21.48212500
20.68712500
23.28604100
23.67091700
22.98800000
22.94950000
23.17108300
23.65591700
22.94316700
22.46779100
23.29191700
22.51870800
21.62937500
21.59579200
22.60583300
21.16008400
22.83395800
21.13975000
22.74408300
21.05116700
21.04341700
21.77625000
21.37175000
22.84329100
23.50950000
22.72545900
22.30133300
21.34925000
20.77720800
20.59550000
21.06550000
20.49708400
20.15870800
21.70475000
20.60225000
20.60750000
20.33716700
19.40004100
18.55070900
19.17029100
18.39995900
17.85429100
19.82750000
18.94941700
18.62883300
18.48204200
18.42241700
18.18862500
19.54954100
19.53720900
19.12825000
19.27941600
19.91000000
21.46087500
20.39158400
22.22912500
21.18575000
20.49504100
21.34020900
20.43079100
22.17258400
23.68587500
21.40258300
22.47887500
23.66558300
22.27170900
22.67654100
23.63037500
22.15141700
23.56966700
23.49700000
22.61733300
21.61645800
23.02145900
23.07950000
23.01558300
22.76708300
23.92091700
22.94529200
22.22483300
24.08329200
21.84020800
22.32395800
24.10170900
23.60733300
22.81841700
22.85729100
22.90395900
21.43608300
23.35029200
23.12629100
22.42208400
23.09691600
24.07758400
22.96379100
23.48120900
25.02908300
23.01912500
23.76112500
23.04183300
24.20737500
23.61716700
23.96008300
24.33270900
23.47487500
23.27487500
22.80791600
23.47520900
23.03387500
24.52100000
23.13979100
24.02095900
24.85679100
23.36725000
22.59683400
23.13112500
23.59733300
23.53579200
23.06541600
23.67079200
22.94079200
23.35058300
23.12775000
23.17345800
22.97116700
22.97437500
22.76570800
22.87666700
22.51120800
22.76350000
22.88175000
23.15804200
22.46241700
22.24454100
23.81795900
23.61145800
23.07916700
22.79329100
23.20079200
23.15145800
24.50125000
22.87158400
21.76075000
24.36525000
21.80183300
22.04100000
22.17345800
21.64387500
23.00175000
21.58887500
21.86629200
22.30737500
22.90375000
23.01754200
21.64037500
22.69537500
22.51195800
22.90370800
23.13054200
21.66366700
22.61804100
20.71400000
23.51037500
22.01591700
22.55258300
21.91716700
23.10875000
21.91541700
22.50587500
23.95800000
24.19525000
23.34445800
21.96445800
22.39637500
21.39570900
22.77220800
22.04366700
22.54691600
22.71916700
21.26916700
24.68475000
23.03145800
22.50704200
23.32154100
23.26845900
21.66041600
22.44741700
22.90200000
22.87720800
21.93783400
22.64712500
23.48329100
21.06554200
22.28483300
23.86391700
21.85354200
22.78916600
22.41191700
21.18416700
21.79950000
23.41625000
21.38058300
21.25516700
22.18554100
21.07520900
21.16062500
21.30458300
21.08875000
21.56416700
22.45500000
21.42983300
22.71487500
21.73408300
22.85679200
21.25487500
21.69158300
22.84008400
23.12350000
22.94520800
22.76687500
22.69500000
21.60129200
23.65808300
20.43770800
20.42433400
20.07995800
21.20175000
20.71720800
20.27316700
21.19516700
20.54025000
20.51691600
18.33195900
21.19604100
19.17220900
19.01712500
18.83387500
18.50233300
18.67408300
18.67216700
16.06816700
18.90866600
19.06666700
18.92891700
16.31441600
16.69454200
18.65987500
18.63375000
16.62108300
17.79329200
17.75408300
21.78079200
18.10033300
18.32566700
18.66495800
18.12095900
17.90183300
18.50491700
18.24150000
17.80866600
18.10616700
19.56650000
21.30370800
20.07837500
20.66091700
20.81450000
20.00766700
19.21095800
20.60462500
19.68212500
18.84879200
22.81137500
19.99475000
20.63862500
20.54429100
20.66400000
20.79483400
22.76279100
21.67029200
21.78379200
21.14308300
22.87808300
21.71729200
20.95716700
20.53162500
20.97729100
21.64254200
21.59595800
20.73579200
19.68070800
21.08766700
19.25845800
21.14925000
25.00270900
24.41125000
23.60929100
23.19220900
23.72662500
24.41220800
24.66625000
23.96420800
23.76120900
23.45420800
23.48066700
23.52237500
23.54254100
23.66562500
23.09433400
23.10983300
24.89891700
22.97812500
23.39725000
23.03245800
24.07983300
23.01983400
22.36720800
23.70037500
24.08650000
23.64641700
23.08529100
22.93454200
22.98008300
23.66629200
24.28091700
23.28662500
78.49995800
31.13591700
25.13145800
23.89366700
24.32387500
23.29962500
23.22854100
23.27366700
23.23616700
22.89700000
23.01758300
23.08937500
23.56283300
24.70750000
23.36833400
22.55516600
24.36983400
22.86150000
24.80995800
25.78287500
21.25958300
22.38533400
22.00008300
22.25554200
19.86991600
19.64670900
22.10241600
21.90583400
19.02208300
31.17495800
33.45141700
31.25775000
22.25579200
22.08991600
21.96675000
22.63045900
21.64712500
21.11975000
19.91887500
20.08095800
19.58625000
21.47404200
19.42275000
19.75083300
19.37991700
21.87504100
20.10241700
19.87416700
19.88658300
20.16916700
20.28416600
20.88679200
20.30900000
20.05816700
20.66620800
19.77912500
19.96887500
18.95704200
19.24879100
19.92487500
19.51437500
19.71104200
19.55583300
20.05837500
18.92466700
19.37575000
19.01520800
20.05450000
19.18100000
19.19058400
18.43629100
19.59075000
18.87841700
18.95350000
18.77900000
18.36858300
18.88979200
19.17758300
19.93233400
18.72216600
20.07166700
20.69383300
19.32291700
18.70245800
19.51975000
20.36287500
18.72958400
19.15237500
18.96858300
19.85391700
19.13620800
20.54304200
19.78341600
19.69783400
19.13650000
20.41900000
19.04908300
21.01200000
18.72562500
18.32137500
19.48191700
20.18312500
20.98645800
19.35400000
23.64491700
22.37758300
21.41091700
20.57000000
20.04250000
19.46458300
18.76808300
18.53850000
18.68012500
18.09683400
18.51195800
18.11029200
17.90958300
18.13291700
18.53066600
18.03104200
18.03395800
18.54266700
18.49133300
18.08841700
17.42095800
16.54016700
16.66304200
16.97033300
16.28350000
16.35950000
16.56450000
16.57387500
16.63204200
16.52683300
16.62537500
18.10200000
21.08441700
22.25675000
22.20320800
22.50337500
22.24929200
22.45637500
22.06658300
23.95083300
23.19016700
24.37208300
23.23758400
23.53570800
23.32120800
24.19225000
23.31733400
23.31758300
23.27116700
23.34958300
23.19470800
23.27845900
23.04520800
22.86870800
22.68029200
23.13529200
22.03375000
24.80925000
23.28629100
21.33791700
24.56029200
24.17654100
23.96200000
23.55341700
23.68762500
23.51750000
23.43587500
23.33537500
23.19091700
23.51220800
22.80858300
24.15575000
23.58058400
23.53504100
23.19262500
24.75029200
24.18220800
23.81691700
23.70170800
25.42112500
23.64533400
24.56495800
23.13633300
23.20670900
23.34400000
23.96016600
24.02183400
23.36220800
23.17754200
24.82295800
23.10491700
24.10945800
23.24191700
24.29908300
23.34408300
24.86066700
23.23795800
24.72516700
22.82745800
24.30012500
24.19204200
22.97641700
24.07370800
23.16337500
23.57062500
24.31045800
23.53783400
22.78945800
22.81675000
22.79095800
22.63316700
22.66012500
21.86212500
23.77850000
22.49658300
22.34841700
22.66479200
22.50666600
23.39825000
22.71845900
22.84487500
23.20012500
24.18329100
24.52637500
23.67412500
23.15175000
21.15687500
23.82616700
22.97125000
23.31758300
19.34904200
22.81437500
22.58837500
21.75295800
19.83208400
19.50070800
22.95770800
22.80087500
19.93679200
19.06675000
17.71933300
22.62654200
19.77604200
18.49429100
19.47220900
19.51875000
18.51262500
19.78795800
19.65858300
19.12187500
20.03337500
19.70558400
18.62891600
19.83800000
19.66220900
18.61254100
19.86825000
19.04004200
20.25716700
18.51270800
18.41241700
19.00125000
19.42620800
19.74358300
21.09962500
20.36987500
20.26041700
20.51487500
20.61595800
20.97304200
19.99666700
21.47420800
21.37325000
21.83129200
19.64208300
21.40858300
19.58345900
19.70204100
21.17154200
19.76625000
20.78075000
19.52329200
19.01700000
19.98370800
20.91300000
19.35870800
20.11483400
20.27691600
20.03745900
19.63245800
19.62995800
20.60679200
20.78466700
20.92529100
18.94037500
20.28004200
18.84850000
20.32666700
18.85175000
21.26545800
20.30837500
19.68866700
19.70608300
19.44075000
21.07504200
19.59429100
19.46487500
19.91108400
20.85045800
21.17125000
20.65516700
20.61620800
21.61683300
20.94983400
19.33220800
18.78933300
18.94925000
18.63345900
19.26245800
19.26475000
19.50841700
19.33808300
18.69775000
19.24270800
18.45679200
17.82937500
16.95804200
17.11795800
17.57479200
17.37541600
16.91941700
16.99100000
17.42741700
17.09654100
16.82995900
16.67095800
16.65454200
17.10245800
17.90425000
17.10058300
17.35508400
17.42737500
17.53283300
18.17241700
17.94200000
18.00858300
18.71233300
18.36979200
18.51325000
18.58045800
21.54958400
22.28045800
22.05404200
22.08912500
23.12029100
24.03100000
23.31891700
23.41762500
23.13254200
23.24312500
23.21950000
23.49491600
25.56416700
24.02270800
26.33287500
24.08950000
24.39654200
23.91791700
23.70370800
23.92333300
24.07725000
23.86333400
24.49820800
24.35254200
24.41150000
22.88062500
24.73900000
25.11870800
24.16262500
23.63087500
23.11154200
23.42262500
24.67095800
23.53166700
23.56658300
23.14583300
23.31875000
23.39775000
23.42458400
22.74087500
24.95133300
23.06441700
23.47729100
24.17570900
23.32100000
26.01245800
23.71962500
23.98033300
23.54516700
25.16116700
24.07658300
24.43900000
23.00850000
22.96225000
21.86616700
23.26025000
22.99604100
22.44579200
22.38358300
22.84816700
21.93500000
21.92933300
23.59891700
24.03316700
22.74762500
22.80829100
22.58075000
22.80075000
22.36645900
21.56283300
23.14275000
22.98858300
22.35133400
22.64283300
21.38316700
23.36495800
22.89008300
22.36033400
22.09129100
20.72762500
23.18391700
20.39591700
22.16012500
21.31283300
23.10354200
20.65495800
22.56454200
21.08720800
23.54983300
21.82541700
21.23483300
22.74429200
22.46883300
22.69137500
21.21029200
21.48466700
22.62762500
22.49570800
20.89954200
21.01304100
20.70195900
21.17654100
23.36920900
18.23187500
17.88241600
21.97483400
21.46620800
18.57620800
19.56700000
18.10420900
22.05850000
20.00375000
18.10179100
19.94391700
18.97216700
18.81116600
19.62979200
19.75075000
17.89058300
21.22100000
18.44375000
19.46875000
17.52825000
18.81100000
18.12812500
19.35116700
18.82220800
19.90779200
18.68037500
19.62787500
18.28087500
19.63012500
19.40841700
20.00662500
18.90754100
19.54945900
17.89862500
18.03300000
19.87050000
18.07125000
18.47887500
19.68512500
18.45691600
18.30245900
18.94758300
17.99337500
19.34787500
18.44800000
19.85620800
18.52004200
19.34408300
17.88145900
18.40745800
19.69437500
18.40279200
18.99025000
18.89320800
19.65766700
19.18125000
18.72925000
20.55775000
24.18954100
20.40108400
21.51291600
20.07033400
19.09720800
18.75270800
18.57916700
18.73054200
17.74770800
19.05108300
18.41475000
17.72495900
18.10945800
17.84912500
17.62370800
16.31041700
16.74937500
16.42087500
17.48612500
16.37900000
17.10462500
16.59687500
16.60466700
17.39312500
16.53550000
16.43616600
17.42075000
16.16854200
17.18950000
17.53100000
17.20300000
16.74183300
17.24333400
16.85558300
19.51733300
19.78279200
18.45183300
18.72708400
19.31516600
18.73804200
18.04129200
18.47162500
21.38970800
19.78008300
19.67545900
20.38029100
21.20283400
22.14258300
20.95254200
20.51037500
21.59575000
20.55229100
23.18966700
29.81170800
28.13583400
22.53370800
24.91945800
23.43075000
26.11779200
23.84404200
22.76929100
23.55125000
27.00562500
27.93512500
30.59804200
29.52041700
32.77004100
30.56225000
31.58083400
32.14816600
35.32908400
40.85879100
31.34100000
33.63004200
33.01883300
30.96533400
31.19529100
31.89291700
31.75508300
32.47404200
32.69004200
33.79562500
44.54054100
32.53741700
32.66012500
37.74045800
32.97820900
40.56029100
41.85716700
33.18012500
36.71983300
28.39841700
26.39704200
25.89237500
26.03104100
25.35466700
27.39150000
25.50941700
25.04920800
27.23795800
25.30795900
25.13429100
23.81679200
23.84533300
23.37979200
22.89412500
23.95025000
22.81008300
23.61695900
23.38100000
23.46470800
22.71716700
22.95645800
22.24429200
22.56045800
22.69358300
22.51112500
22.18625000
22.76508400
22.31054100
21.97900000
22.38604200
22.36475000
21.99095800
22.06895900
22.73904100
22.70570900
21.67850000
20.32929100
23.66804200
20.96441700
24.01404100
22.58658400
22.41720800
21.71808300
22.46383400
22.17850000
22.37495800
21.95212500
21.34362500
21.57145800
21.35829200
21.39891700
19.20862500
22.34729100
20.85691700
22.23958300
18.40458400
18.68041600
20.11566700
20.70745800
19.12825000
18.01958400
19.22975000
22.02554100
18.20358400
18.59620800
18.22133300
18.62029200
18.06854200
19.67729100
18.34104200
18.86579200
18.44483300
19.17025000
19.69712500
18.20375000
19.50237500
20.36820800
18.54308400
20.23504100
26.23375000
22.46512500
23.55404200
40.61758300
27.25704200
22.65408300
22.22016700
20.04120800
19.81837500
19.89920900
19.71162500
19.82470800
19.62937500
19.58620800
19.67516700
20.01154200
18.67462500
21.26037500
20.32125000
19.59091600
19.24595900
19.69975000
19.09620800
20.58287500
19.48308300
19.15720900
18.77804100
19.21904200
19.23229200
20.24100000
18.95900000
19.88083300
20.80154200
20.29541600
19.34708400
20.15816600
19.06941700
18.06437500
23.61300000
21.85879200
21.32445800
21.16616700
21.21550000
21.53641600
20.67875000
19.20829200
19.17783300
19.32091700
18.83808300
18.78212500
18.92487500
20.37275000
19.30487500
19.83737500
19.27283400
20.14929100
22.64466700
22.21425000
21.41533300
23.06137500
23.77720900
22.72412500
23.46820800
22.86241700
22.90975000
23.08466600
23.29745900
23.17941600
22.52958400
23.21591600
23.71645900
22.22150000
24.15783300
22.18708300
25.06925000
24.07754200
23.40175000
23.11062500
23.15529200
24.32679100
23.27137500
23.11904200
20.31408300
23.03304200
22.78629200
23.08262500
20.22437500
19.31091600
23.52425000
22.52729200
19.35083300
19.68245900
19.20929100
21.82350000
20.23075000
19.27808400
18.64870800
20.07116700
25.36154100
19.42887500
19.80358400
18.51125000
20.95533300
19.68041700
18.95312500
19.00350000
19.53716600
18.68512500
20.26850000
20.25908400
19.11812500
19.95637500
19.59350000
19.90725000
19.92879100
19.97175000
20.01408400
19.61495800
20.30562500
19.52883300
19.99162500
19.89866700
20.05550000
20.08158300
18.64054200
19.75145800
19.15954200
20.02345800
19.02545900
19.69995800
20.59350000
18.70825000
19.05954200
19.97170800
19.94912500
19.11866700
19.28645800
19.48170800
20.53895900
19.52820800
20.16258300
19.70766700
20.08112500
19.52495800
21.59620900
21.78475000
20.23137500
21.44591600
22.60637500
20.81183400
21.15762500
20.92437500
20.27183300
20.57362500
20.06375000
20.30800000
19.86620800
20.26037500
19.97470900
19.52587500
20.09687500
18.88570800
20.58570800
19.85487500
18.28887500
19.21216700
18.81883300
18.51766700
19.95870800
19.72141700
19.98862500
18.83454200
18.58562500
18.53162500
18.84662500
18.87787500
18.12908300
18.36625000
18.44054200
18.21475000
19.50350000
19.08104100
18.40708400
19.28370800
18.26612500
18.75000000
21.53491700
18.35325000
19.90479100
18.00512500
20.96225000
19.85437500
17.31495900
19.21004100
18.59820900
18.63308300
19.37575000
18.55754200
18.76987500
19.83904100
22.85445900
22.56633300
22.65825000
22.70237500
22.35304200
23.82754100
22.14729200
22.99566700
22.56487500
21.63958300
21.74479200
22.98975000
21.92354100
22.83425000
23.07387500
21.85795900
22.49220800
21.80379200
22.45891600
23.05916700
22.45975000
24.64137500
27.71354200
24.87495800
24.50833300
25.69875000
23.74862500
27.02487500
26.25529200
24.37833300
24.45954200
25.70675000
23.82787500
23.36270800
25.75900000
25.59520900
26.55212500
29.83400000
24.27550000
27.26525000
25.94695800
24.77516700
27.36816600
23.45037500
25.20950000
23.03337500
23.02333400
22.66100000
23.03816600
23.97479200
25.08370800
24.47379200
22.72933300
21.94750000
20.13266700
20.30229200
19.93245800
19.89733300
19.90491700
19.82837500
19.79770800
19.75125000
20.08554200
18.40391700
18.25520800
18.44875000
18.67733300
18.48937500
18.46262500
18.79716700
18.66837500
18.76908300
18.35995900
19.24850000
21.56237500
20.40908300
19.52645800
21.10733400
19.89729100
19.86220900
19.48533300
21.35033300
20.21195900
18.41375000
19.43229100
19.34216700
19.78566700
18.40120800
20.39391700
19.90216600
20.91420900
20.16475000
19.46979100
20.28758400
20.17529100
19.55375000
18.47150000
19.82075000
19.45991700
19.00716700
19.96283300
19.24745800
19.13287500
20.36787500
19.46179200
19.26387500
19.32620800
19.05137500
18.53520900
20.03500000
19.75562500
19.23304100
19.49554200
19.42116700
18.15787500
19.10033300
17.64287500
19.47079200
19.56170800
19.12558300
18.23620900
18.74395800
23.34608300
22.34454200
21.43750000
20.86883300
21.43604200
21.22945800
20.93062500
20.46954200
21.59287500
21.75187500
21.53395800
20.20058400
21.48950000
20.41883300
21.25483300
21.17400000
21.95029200
21.10466700
21.14720800
23.30304200
23.39845800
23.01500000
23.15450000
23.74970800
21.60837500
23.49179200
23.20295800
22.81704200
22.12445800
22.79812500
23.15125000
21.88945900
23.31908300
22.74000000
23.21262500
22.76020800
22.24566700
23.39300000
22.82854200
23.55329100
23.10425000
22.87145900
23.21537500
22.04250000
22.37250000
23.83679100
22.74733400
22.53916600
21.95858400
21.74037500
22.44875000
22.62562500
23.61350000
23.00741600
23.03116700
22.38779200
22.73733300
22.61204200
23.57520800
21.09591700
24.21650000
23.19612500
21.98304100
23.72445900
21.89858300
22.52487500
22.73816700
21.61858300
22.52220800
21.78187500
21.05912500
22.35754200
22.59866700
21.11520800
21.56287500
21.59975000
21.57479200
23.60633300
21.34383300
23.21337500
22.04816700
21.14133300
22.01858400
22.71966600
22.86233400
18.66725000
22.38054100
22.56300000
22.98570900
19.05970800
19.26466700
21.05312500
22.27012500
18.27212500
19.06837500
17.54950000
22.31287500
18.30145800
19.10379200
18.33825000
19.92537500
18.27125000
19.41129100
18.55300000
19.54737500
17.74037500
20.59670900
19.71104100
19.77945900
19.73937500
18.79000000
18.54708300
20.48241700
17.96683300
18.68366700
19.41083300
18.84854200
18.21595800
20.24920800
19.57345900
17.54475000
19.99866600
20.78812500
19.00991700
20.90662500
18.87275000
19.94895800
18.63520900
19.51791600
19.07308400
19.96954100
20.56775000
19.38975000
18.62350000
19.05458400
18.10079100
17.97850000
17.82866700
17.29400000
17.19162500
17.58475000
17.30975000
17.15354200
17.40220800
16.28904200
15.75412500
16.21325000
15.83333300
15.89687500
15.94945800
16.86975000
15.60283400
17.04783300
16.55141700
16.70883300
16.50237500
16.20941700
16.43433300
16.28908300
16.33037500
16.98358400
16.76533300
16.00437500
16.76454200
17.92150000
17.94808300
17.80095800
18.09737500
18.53687500
18.64500000
18.16404200
18.45516700
19.08391600
18.27883400
18.35175000
17.84629100
17.90108400
20.55279100
19.93920900
20.13225000
19.29154100
19.96741700
19.53629200
19.59008300
19.74545800
19.48716700
21.75200000
19.79025000
21.46875000
19.32579200
20.16595800
19.84900000
20.59712500
20.48245800
19.78937500
19.83437500
20.08895900
18.53500000
20.42591600
19.88800000
19.02954200
19.43583300
19.90825000
19.67608400
19.71604100
20.28225000
19.22204200
19.16408300
19.99429200
19.15808300
20.35420900
24.01691600
23.05591700
22.51708300
23.53245900
22.88295800
24.55729200
22.72395800
22.54191700
22.21520800
24.42445800
22.72670900
22.99945800
23.02220800
23.14983400
24.61579100
23.22083400
23.40645800
23.68687500
22.28991700
23.83845800
23.24404200
22.02000000
22.80154100
23.03100000
22.89629200
23.10200000
24.02012500
22.83054200
23.77275000
22.87758300
21.91000000
23.95395800
24.93450000
26.02300000
23.14058400
23.13008300
22.40929200
22.64675000
22.06641600
25.72400000
22.39541700
24.00087500
23.80312500
23.55983300
23.20095900
22.97658300
23.37150000
25.19445800
23.62329200
22.96404200
22.64462500
23.76700000
22.44616600
22.71912500
21.54304200
22.58862500
21.41333300
22.61404200
21.64958300
20.98870900
21.34495800
22.65237500
21.48450000
21.30062500
22.59283300
22.40037500
21.49520900
22.38612500
21.15133300
22.03125000
20.80758300
23.13812500
21.92229200
21.65216700
22.48787500
20.68791600
22.31641700
22.26475000
19.86412500
23.38666700
22.45925000
22.29133300
20.90537500
22.36229200
21.15287500
21.58779100
20.83483400
20.50120800
21.02112500
22.43308300
23.28941700
21.93266700
21.35775000
22.77812500
22.05029100
21.62191700
22.10804200
20.80804100
19.46008400
20.75820800
22.87975000
21.25683300
18.84554200
18.88437500
20.93320800
21.24316700
18.63570800
23.85933400
21.41233300
22.33070800
22.55754200
22.06195800
20.95712500
21.51325000
21.92520900
20.86691600
21.40262500
22.40716700
23.31637500
21.51154200
23.24291600
21.84983400
21.89062500
21.72187500
23.93420800
23.53070800
22.65420900
22.25245800
20.55708300
21.05525000
20.18987500
20.50391700
20.29045800
19.88750000
19.68095900
19.96454100
20.35400000
19.70258400
19.36341600
18.44087500
18.40991700
19.31345800
17.88437500
18.89566700
19.50841700
20.37287500
18.48975000
19.79854100
19.10400000
19.39050000
18.79345900
18.95320800
18.59416700
19.61291600
19.99320900
20.63550000
20.05954100
21.59404200
21.60883300
20.89450000
20.07058400
22.54470800
20.87170800
22.22487500
22.47712500
23.79579200
22.54050000
22.58008300
22.11245900
21.69487500
22.55720800
22.04850000
21.44458300
23.63245900
22.42333300
22.09000000
22.18295800
21.04670900
22.23858300
25.13612500
26.16125000
22.63404200
22.35345800
22.14575000
21.99920800
22.76437500
22.15079200
22.60541700
22.46779100
22.26991700
22.20512500
22.13116700
21.78725000
25.02200000
22.69675000
22.44437500
21.92325000
23.16679100
21.47583400
24.25329100
22.22679200
22.09816700
20.39112500
22.33020800
22.55575000
22.20537500
21.85129200
20.82695800
21.37662500
22.60016700
22.58762500
19.02258300
19.15512500
21.34900000
21.63016700
18.55570800
19.60229200
17.34637500
24.53458300
20.70050000
19.60800000
19.56900000
19.18420800
19.74508400
19.74429100
19.94887500
19.29116700
18.90891700
19.88675000
19.16912500
19.32533300
19.01370800
19.59600000
19.61679200
19.42962500
19.71300000
19.31904200
18.83712500
19.40066600
19.85420900
18.35216600
19.90050000
18.85170900
20.29170800
19.78079200
18.37512500
19.43758300
20.05062500
18.89191700
19.81012500
19.13445800
19.24158300
19.57700000
18.78487500
20.83395900
18.06266600
19.75575000
20.56270900
20.98079100
20.03725000
19.92433400
18.77754100
18.99162500
18.70741700
18.63904200
18.73195800
19.61525000
19.76345800
20.85962500
19.76066700
19.96454200
20.73641600
19.78933400
20.33016600
18.14750000
21.31887500
19.86954200
19.96341700
19.04012500
19.05162500
18.90391600
19.26983400
17.97316600
21.10950000
20.57937500
20.79829200
19.90462500
19.70062500
19.10937500
18.90716700
20.57395800
21.67166700
19.69850000
19.39570800
19.67716700
20.19550000
21.01133300
20.55370800
21.63041700
21.26479200
21.55508300
20.85954200
21.16650000
20.67316600
27.98133400
24.25620800
24.99604200
24.60029100
25.10504200
23.39750000
23.40487500
24.10341700
22.00295800
25.02970800
24.06437500
21.67495900
24.09341600
23.03850000
23.30616700
23.39500000
22.32791700
23.75266600
22.47804200
21.77566700
23.24316600
23.08491700
23.00745800
22.89325000
22.00912500
23.75345900
24.76462500
23.75250000
24.41879100
24.31045900
23.58312500
23.18279100
23.48237500
21.50125000
20.99341700
20.90258300
21.09000000
21.41429200
21.07737500
20.62141700
20.80304100
21.58383400
22.01054100
21.64266700
21.83379200
20.45662500
20.38000000
19.41229100
18.69725000
20.34916700
19.98904200
19.09220800
19.36929200
18.21133300
19.60816700
19.17433300
19.28075000
21.43091700
21.38508300
20.94766700
20.83220800
20.34512500
22.00483300
20.32037500
20.65425000
24.19841700
21.64912500
22.87095800
21.69666700
24.10858300
22.95583400
23.45445800
22.22025000
25.05383300
22.73916700
22.48408300
22.55766700
22.57991700
23.07070800
22.62866700
22.50483300
22.65445800
22.66537500
22.81725000
23.15945900
23.02250000
21.24325000
23.10820800
22.58762500
22.83270800
22.85741700
22.21333300
22.66454200
21.09662500
22.98170800
22.51250000
22.35812500
22.05950000
22.38879200
22.42195800
21.15254200
22.24183300
23.64170900
22.84433300
22.36779200
22.90512500
22.59800000
22.96391600
23.40254200
23.06016700
22.69870800
22.61020800
24.29695900
22.62845800
25.40820800
23.51300000
23.47000000
23.83708400
22.56833300
22.70754200
20.11812500
22.75908300
23.37562500
23.61187500
19.67091700
19.06745800
23.01662500
22.90008300
19.47108400
19.62537500
19.38050000
22.39095800
19.37033300
18.42083400
19.86266600
20.12366700
20.24333300
20.96350000
20.30983400
20.81275000
19.95087500
19.88950000
19.42770800
20.32266700
19.87720800
19.87370800
19.62550000
21.68337500
19.95766700
20.17516700
20.16541600
20.22720900
20.05304100
21.35504200
20.02358300
20.89337500
21.27829200
20.91320800
18.47833400
19.96491600
20.91500000
20.38137500
21.29466700
18.78516700
21.13079100
20.13375000
19.78241700
20.41095800
19.69800000
20.48212500
19.13662500
19.69462500
19.91666700
19.31108300
19.22654200
19.35591700
19.36483300
18.82891700
20.47829100
19.32237500
19.51587500
20.66500000
20.34154200
18.61487500
18.94016700
18.77095800
19.18000000
20.23812500
20.57308300
19.89470900
19.49429100
20.18125000
19.28141700
20.47479200
19.60533300
19.49983300
19.94962500
19.50579200
19.11279200
20.65079100
20.05170900
18.95791600
23.30070900
22.34900000
21.16362500
21.28537500
21.89829100
20.63375000
21.90100000
21.26991700
19.46675000
20.92862500
18.72595800
19.55100000
21.07791700
21.06829200
20.87620800
20.74825000
19.93579200
19.40945800
19.53308300
21.03666700
18.60075000
20.43275000
19.61595800
20.28558400
20.05783300
19.22791700
19.90387500
19.75987500
19.02233300
19.33570800
19.05950000
19.98912500
20.47520900
22.97983300
24.02666700
22.69320800
20.91583300
20.97166700
21.01687500
20.75162500
20.94758300
20.85358400
20.42587500
20.48583300
20.15433300
19.38145900
19.23166600
19.73987500
19.56975000
19.57120900
19.55454100
19.16745900
18.93745800
19.26283300
19.64379200
19.18133300
19.09137500
20.37700000
19.40254200
19.26645800
20.13287500
22.73379200
22.35254200
21.99179100
22.56141700
22.54283300
21.28029200
21.42954200
22.59975000
23.37025000
23.48716600
23.80900000
23.05716700
22.19079200
22.81308300
23.31408300
24.12233400
23.13504100
24.35512500
23.30050000
23.22450000
23.55616700
23.55625000
22.28483300
22.80391700
23.38837500
24.57062500
23.22283300
24.55483400
22.88400000
22.80783300
23.56179200
22.99495800
21.67525000
23.09287500
22.99575000
22.45891700
23.45645800
23.61825000
21.41329200
22.65941600
22.45750000
21.87075000
23.29675000
22.59012500
23.46712500
23.89270900
23.27029100
22.65220900
24.32733300
22.64391700
23.50470800
24.30054200
22.94875000
22.54100000
21.97787500
23.72908300
23.38845800
22.97950000
21.58558400
23.27804100
22.91991700
21.47229200
22.31212500
22.51583300
21.61254200
22.48712500
23.02866600
21.59891700
22.08266700
23.45495800
23.01525000
22.45183300
23.71129200
22.65358300
22.88804200
21.29866700
21.91695800
23.08279200
22.98854100
22.44370900
21.57354100
23.05737500
24.04366700
21.80929200
22.64612500
21.45241600
22.85945900
22.35587500
23.84850000
24.49320800
23.20395800
23.04029200
23.28650000
21.52716700
22.71325000
21.62745800
23.54295800
22.51191700
21.17312500
22.50837500
21.41429200
23.09079100
21.66191700
21.43483300
22.63075000
23.78833400
22.00558300
23.12408300
21.48429200
22.94025000
22.87791700
22.21154100
23.00545900
22.78575000
22.86129100
22.84250000
21.94720900
22.42737500
21.33691600
22.40933400
22.73966600
22.13379200
25.31116700
23.89066600
21.78762500
23.03750000
23.22225000
24.02087500
22.94570900
22.82575000
21.91433300
22.28112500
23.31787500
23.89612500
22.89387500
23.13166700
22.01800000
21.58900000
23.22295800
22.09695800
22.64600000
21.75162500
24.79304200
22.09500000
22.07841700
23.86079100
22.93887500
22.85075000
20.34600000
20.27575000
21.38704200
21.61770800
20.43470900
20.51066600
20.64929200
20.30125000
20.16879200
21.49400000
20.23183300
20.29933300
20.68283400
19.98437500
19.94141600
20.09916700
21.15154200
21.84804100
22.04370900
19.49970800
18.82841700
18.72904100
17.66462500
18.45879200
18.47775000
18.01150000
18.34016700
18.61808300
18.03029200
18.61212500
18.37970800
17.81787500
17.60275000
16.95204200
17.24891600
16.91937500
16.82500000
16.57625000
16.86116700
16.52154200
16.72158300
16.73808300
16.48870900
16.44191600
16.52575000
16.56920900
16.23775000
16.35350000
16.40566600
17.35045900
18.76237500
18.27212500
18.29304100
18.51833400
17.62862500
18.09341600
19.22354200
18.25295800
19.19408400
19.42825000
19.31904100
19.17891700
19.11820800
18.22912500
20.11183400
19.34516600
19.41241700
19.31383300
19.77258400
19.55979100
19.47120900
18.58083300
19.08683300
19.05537500
18.15770900
18.95316600
18.77462500
18.55887500
23.86979200
21.57337500
21.28125000
21.27270800
21.16741700
20.14737500
21.40862500
21.36762500
21.17091700
21.44233300
21.76575000
21.46525000
21.65529200
21.52712500
21.48854100
21.90658400
21.29700000
21.28537500
21.22404100
20.19404200
22.90775000
23.38041700
23.84333300
23.86429200
21.84166600
23.44529200
22.80787500
23.09029200
23.45037500
23.13762500
23.05670800
22.15729200
22.89566600
21.70395900
23.43712500
23.49533300
23.04020800
22.07670900
23.07337500
22.77291600
21.97791700
23.14091700
22.92800000
23.35150000
21.84445800
22.88308300
23.89779200
21.95012500
22.74504200
21.72916600
23.19266700
22.56545800
22.24416700
23.10983300
24.02970900
23.29279100
22.96883400
22.21125000
24.11658300
23.19533300
23.11312500
23.28912500
22.03545900
23.26033300
23.40904200
21.97129100
23.00875000
21.86237500
22.61879200
23.40345800
21.87987500
23.06745900
23.52333300
23.03562500
22.97250000
22.21987500
23.12962500
22.91700000
23.34329200
21.86400000
23.00370800
23.05420800
21.95637500
22.96337500
23.15916700
21.91316700
23.00341600
23.16654200
21.87579200
23.23083300
23.99662500
22.95733300
21.93083400
23.39908300
23.39841700
23.12687500
24.00787500
23.47629100
23.39229200
23.54991700
23.24491600
23.00562500
23.80895900
22.47091600
22.81516700
23.21108300
23.26154200
21.85929200
23.39108300
23.16129200
22.05366600
23.34262500
22.51008400
22.92304100
21.96258400
22.65370800
22.03750000
23.12591700
22.72937500
23.62220800
23.03241700
22.68070800
21.86375000
23.19187500
22.54891700
23.37845800
21.80733300
22.90158400
23.22366600
22.92433400
21.48300000
23.16329100
23.21741700
21.90141700
23.48412500
21.91937500
22.61016600
23.05954200
21.92020800
23.08658400
23.44416600
23.57850000
22.78679200
22.27641700
23.30591600
22.59700000
22.52866700
23.27675000
22.88312500
22.11570800
22.86958400
21.42837500
23.42004100
23.28958400
21.86650000
23.31404100
22.70879200
22.56616700
22.13075000
23.01987500
22.94175000
23.75550000
22.46329100
21.89987500
22.16845900
20.81933300
20.59858300
20.80400000
21.04966700
20.30366700
20.55287500
21.12312500
21.15641600
19.43129200
19.68420800
19.46141700
19.88558300
19.49075000
19.42500000
20.28483400
19.59845800
19.48741700
19.91887500
19.55150000
19.31800000
19.55033300
20.06400000
19.75095800
21.66679200
21.67437500
21.63604200
21.74820800
21.88187500
21.64841700
21.83529100
21.68395900
21.81704100
21.65329200
22.20620800
24.15741700
23.87850000
23.44929200
23.44533300
23.40466700
23.02483300
23.83883300
23.23958400
23.57950000
22.93387500
23.23766600
23.17920900
23.20337500
22.40670800
23.56125000
23.27620800
23.41387500
23.33166700
21.90462500
23.46616700
23.54845800
23.83825000
23.35333300
23.45362500
23.41400000
23.97062500
23.52900000
23.30233400
23.20750000
23.27325000
22.36308300
24.04816700
24.13533300
23.34091700
23.10341600
22.82812500
23.16729200
22.30616700
23.72895800
23.10866700
23.38179100
23.85983400
23.76358300
23.45050000
24.12108300
23.14229200
23.29012500
23.58470800
23.23275000
22.26379200
23.38062500
22.25675000
23.48937500
23.52033300
22.78966700
22.16058300
23.65275000
22.26800000
23.38616700
23.67641700
21.91458300
23.17725000
22.55558300
23.42266700
23.28283300
23.42350000
21.70891700
23.13283300
23.03154200
22.74962500
23.36125000
22.47095800
22.84587500
22.87470900
24.92175000
23.65225000
24.96641600
23.66520900
23.00537500
22.73666600
22.53000000
22.42429200
23.75995800
22.43958400
23.37991600
23.59429200
22.74362500
22.43033300
23.73641700
22.14737500
23.13237500
22.38575000
22.36904200
21.30641600
22.27608400
22.92537500
21.91862500
22.13416600
23.12737500
23.00579200
22.00666700
22.20058300
20.66945800
22.28258400
22.15783300
21.26866700
21.03770800
21.20687500
22.15591700
21.76433300
20.80258300
22.02241700
22.00766700
22.29454100
20.78879200
22.87683300
22.31258400
22.39020800
22.13900000
21.57308300
21.49841700
24.69916700
27.61008300
23.45154200
26.83554100
24.56812500
22.74070900
22.97979100
22.44250000
22.38591700
22.67441700
22.64225000
22.77616600
22.18995900
22.72370800
22.11475000
22.06854200
22.58462500
22.91504100
22.45545900
22.36116600
21.80204200
21.92441700
22.23620800
23.14079200
20.94887500
23.93883300
21.03641700
21.12954100
21.12645900
21.34795800
20.34870800
24.34520900
21.93166600
21.51225000
21.46633400
20.56670800
20.32937500
19.62241700
20.23566600
19.45891700
19.73991700
19.74704100
19.54200000
19.49066700
19.64633300
19.18645900
18.43979100
18.67329200
18.52079200
18.51029100
19.68425000
19.00183400
18.55208300
18.70629200
18.45437500
18.36450000
18.47287500
18.57645800
18.58379200
19.75037500
19.14954100
19.05816700
20.31125000
21.13337500
20.70037500
20.51608300
20.71300000
20.76383400
20.68687500
21.26033300
21.14075000
22.50875000
22.16208300
22.70991700
22.61304200
23.75820800
22.92112500
22.47066700
22.65329100
23.40329200
22.47925000
24.24962500
23.15691700
22.96133300
21.69941700
22.77583300
22.37258300
22.48354200
22.04633300
22.54725000
22.27037500
23.21808400
22.41658300
22.73566700
22.73412500
22.53029100
21.99754200
21.14516700
22.80283300
22.32366700
21.22008300
22.02362500
21.86845800
22.25700000
21.34733400
23.45475000
22.12395800
22.43187500
21.41154200
22.09495800
21.67287500
22.12129200
21.88995800
21.78979200
22.41704100
21.33712500
21.90225000
21.97216700
21.43008300
21.95587500
22.32020900
22.35304100
21.69183400
21.07450000
21.97929100
20.64679200
22.13775000
22.04820800
21.98979200
22.29000000
22.41925000
22.29083300
22.38158400
20.95679100
22.16712500
21.18287500
22.39466700
22.22958300
22.97654200
22.27904200
20.91741600
22.01554200
21.37941700
22.37120800
22.40200000
21.18858300
21.71116700
22.55262500
20.96808300
21.95454200
21.53820800
21.82129200
22.69633300
21.08391700
20.89095800
23.05954200
21.64604200
20.45254100
23.33208400
21.60762500
20.86000000
22.64145800
21.26525000
20.84779200
22.03716600
21.72237500
22.05975000
22.91725000
20.39829200
21.13612500
21.57787500
22.75100000
21.62200000
23.97429200
21.21033300
22.17866700
21.57429100
23.73712500
21.98616700
21.54995800
21.60329200
20.76066700
21.98591600
22.39204200
23.02308300
22.22012500
21.98295900
20.73941600
20.70187500
22.34929200
20.55975000
20.38112500
20.79591700
20.95895800
22.30325000
23.04329200
23.33612500
23.40891600
21.96358400
21.06316600
23.51841700
22.25033300
21.68129200
24.07141700
22.19125000
21.01720800
23.37754200
22.23137500
21.92729100
21.23858400
20.66516600
21.87570900
20.94287500
21.71820800
20.27600000
20.94204200
21.84933300
21.20225000
21.60575000
21.84820800
21.24658400
22.51375000
21.44991600
22.49341700
20.89125000
20.69325000
22.09154200
22.58883300
22.21758300
22.56620900
22.21604100
22.56604200
22.06908300
19.59337500
20.62800000
20.44866700
19.25658300
20.62729200
20.13983300
19.57829200
20.14662500
19.95204200
18.49554100
18.12966700
18.36295800
18.63133400
18.25129100
18.62062500
17.85345900
18.87733300
18.39420800
18.39579200
18.02616700
18.43229100
18.43095900
18.58625000
18.37591600
18.23554200
18.47537500
19.12441700
20.18091600
20.00420900
20.69966600
20.46979200
20.64916700
21.42250000
20.64154100
20.37545900
20.35954100
20.68058400
23.51645800
22.58025000
22.29337500
22.39191700
22.44420800
22.09079200
22.25766600
21.40175000
22.33400000
23.45891700
22.13816700
22.04529100
22.07983400
22.19329100
20.97433400
22.54387500
21.81362500
22.43350000
21.41995800
21.96450000
22.08845800
21.36637500
21.98279200
22.10645800
21.47887500
22.16379200
22.05945800
22.14158400
22.52408300
21.39708300
22.93908400
22.23612500
22.57220800
23.13533300
21.47900000
23.50729200
24.01016700
23.07829100
22.07650000
23.44483400
21.46600000
23.93445800
23.95529200
21.15283300
22.39425000
22.69312500
23.86462500
23.42458300
23.25433400
22.78612500
22.58716600
21.97766700
23.50804200
23.43633300
24.45154200
22.56829100
21.80079200
22.78083300
22.46304200
22.20779200
22.99050000
22.53429100
21.31879200
22.35295800
22.56679200
22.41150000
22.14045800
23.33395900
23.07720800
21.37162500
22.41841700
22.40916600
21.73554200
23.39237500
23.11433300
21.05170900
21.96987500
22.40562500
21.37616600
22.91687500
22.92275000
23.40125000
21.64587500
22.25670900
21.95366600
22.33358400
22.48825000
22.96083300
22.23254200
22.46658300
22.69062500
22.17587500
21.03125000
22.28766700
22.21441600
22.33245900
22.46916600
22.46662500
21.78658400
22.40525000
22.08754100
22.26358400
21.94404100
22.25825000
22.54787500
22.44979200
22.30191700
21.97450000
21.78075000
22.56300000
21.58466600
23.18429200
22.56025000
21.16454200
21.98825000
22.44966600
22.01950000
21.41008400
22.24404100
22.18025000
22.42433400
22.32312500
22.20741600
21.32837500
22.18150000
21.97558400
21.01887500
22.08537500
21.82133300
21.50587500
21.86241700
22.13333300
21.89075000
21.06208300
22.12120900
22.17133300
22.47450000
22.35566700
22.04787500
22.20762500
21.05541600
22.12708400
22.34212500
22.91250000
22.26120800
22.37512500
21.96854200
21.30870800
22.18979200
22.51429100
22.40425000
22.55970900
21.09791600
22.19733400
22.43566600
20.93458400
22.13908300
22.40733300
21.29870900
22.15562500
22.17366600
21.39666700
22.62654200
22.18112500
21.27775000
22.71129100
22.29479200
22.14654200
23.39783300
22.62566700
21.92162500
22.11037500
22.13275000
22.08308300
21.86954200
22.14808300
22.43695800
21.41654200
22.87937500
22.30175000
21.58795800
22.81666700
20.16775000
19.32087500
19.64850000
19.69004200
19.84037500
19.76316600
20.59183400
20.12341600
20.60062500
19.97325000
19.15120900
18.43762500
18.21004100
18.37716700
18.73175000
18.67266700
18.37262500
18.63579100
18.92683400
18.56370800
18.22920800
18.17962500
18.53441700
18.30466700
18.35970800
18.84275000
19.13437500
20.85912500
20.27895800
20.14191700
20.30241700
20.34933300
20.35520800
20.40941700
20.25487500
22.43029200
22.55041600
22.16716700
22.30275000
21.41162500
22.19241700
22.43062500
22.36091600
22.55500000
22.05420900
22.45433300
22.64345800
22.81837500
22.87820900
21.94229100
22.60279200
22.11825000
21.99566700
22.28933300
21.08670800
22.65608400
23.08954100
22.27220900
22.30295800
22.49470800
21.12437500
22.65670900
23.06875000
21.19570800
22.27720800
22.62433400
22.86187500
21.58704100
22.87558400
22.47583300
22.41562500
21.27400000
22.57345800
22.77070900
22.71012500
21.61737500
22.02941600
21.49662500
22.48291700
22.26795800
22.52675000
21.41500000
22.61766700
21.72875000
22.57225000
22.52245800
22.59370900
21.22800000
22.36137500
21.37512500
22.36075000
22.49754100
21.26395900
22.96870800
22.25083300
21.24350000
22.23220900
21.36316600
22.39408400
21.52216600
23.03516700
22.90187500
22.85287500
21.71791700
22.82441600
22.80470900
22.73375000
23.05104100
21.39325000
22.43700000
22.60020900
22.25762500
21.10112500
22.52104100
22.15537500
21.33912500
22.49341700
22.08545800
21.33845900
21.38704100
21.31912500
22.93916700
21.41412500
22.32933300
24.32283400
23.23620800
23.67175000
22.58600000
23.00666700
23.01050000
22.38695800
22.36970800
23.91495900
22.59533300
21.55275000
21.68062500
22.38541700
22.17141600
23.75850000
21.99266700
22.05729200
21.55854100
22.22408400
21.45033300
23.15945800
21.58591700
22.33637500
22.38604200
21.58354100
21.55916700
21.18312500
22.15987500
22.36629200
21.32016600
21.49475000
21.43791700
21.01045800
22.36604200
32.20733300
25.90408400
25.12604100
25.55908400
25.16791600
27.50183400
27.62533300
26.30779200
27.27537500
27.46670800
25.95362500
26.78491700
26.64562500
25.67195800
25.99566700
26.46733300
26.41308300
25.72304200
23.96087500
24.04670800
20.72100000
20.43162500
19.70816700
19.85116700
19.84095800
19.39762500
19.83129200
19.55487500
19.82579100
20.29362500
19.61383400
20.62316600
19.79354200
19.82950000
19.71262500
19.79962500
20.21562500
20.55379200
19.57891600
19.45308400
19.67000000
18.95895800
19.15241700
18.69462500
17.70625000
17.52508300
17.83145800
17.49116700
17.28850000
17.86583300
17.43641700
17.73616700
17.75041600
17.38116700
15.89620800
16.49191700
16.14037500
15.86512500
16.43041700
16.25529100
16.06554200
16.44520800
15.98895900
16.22770800
16.30408300
16.11970900
15.99591600
16.24870900
16.46687500
16.48704100
17.76108400
18.30537500
18.06125000
18.38462500
18.09816600
18.14104200
18.32933300
18.79204200
19.20125000
19.34879200
19.96154100
19.81408400
20.25716600
19.76395900
20.10691600
19.74662500
20.33204200
19.70929200
19.57812500
19.48883300
19.67112500
19.63800000
19.78441700
20.00804100
19.58650000
19.53720900
19.71766600
19.74800000
19.48091700
19.86200000
19.47612500
19.44350000
19.80887500
19.33791700
19.37745800
19.89683300
19.63937500
19.28987500
19.85687500
19.56662500
19.16379200
19.58829200
19.72616600
19.62525000
19.78216700
19.66000000
19.44025000
19.60145800
19.66075000
19.42112500
19.70341700
19.72770800
19.46362500
19.73725000
19.98395900
19.38658300
19.66737500
20.16450000
19.51279200
19.67191600
19.45470900
19.20550000
19.90620800
16.46366700
6.89620800
1240.27591700
19.64500000
19.58887500
20.08383300
19.71941700
19.80058300
21.18195800
20.58258400
20.58683300
20.64187500
20.78387500
20.15737500
20.49837500
20.58116700
20.83670800
20.21170800
20.12491700
20.21641700
20.09416600
20.50104200
20.39270800
20.05887500
20.26008400
20.31420800
20.25841700
20.01562500
20.29487500
20.13654100
20.35366700
20.71429200
20.12358300
20.08604200
20.48645800
20.10616700
19.83700000
20.02800000
20.11408300
19.95979200
20.24295800
20.88550000
22.00729200
22.48395800
21.47033300
19.77925000
19.75704200
19.53095800
19.92708400
19.95837500
18.79579100
17.93783400
18.19383300
18.00333300
17.92504200
17.94441700
18.02170800
18.25179200
18.12191600
18.08175000
16.84304200
17.11170800
17.29895900
17.04283300
16.79845800
16.79425000
16.68004200
16.78437500
16.66750000
16.62466700
16.74516600
16.45037500
17.83500000
18.05070900
18.08604100
18.05154200
17.95616700
18.01541600
17.94916700
18.20554200
18.31654100
18.43850000
18.10225000
18.72487500
19.34725000
19.31545900
19.42062500
19.72166600
20.04475000
19.63804200
19.94362500
19.94795800
19.37033400
19.94454100
19.43375000
20.02891700
19.39712500
20.23429200
19.91595800
19.50637500
19.76316700
19.69591600
19.19754200
20.11025000
19.60350000
19.28075000
19.19879200
19.45441600
19.35216700
19.30812500
19.48495800
19.35354200
19.25816700
19.46875000
19.14166600
19.27683400
19.41379100
19.21195900
18.96154100
19.35112500
19.11712500
18.91375000
19.11791700
19.38629200
18.81091600
18.69720900
18.55416600
18.97212500
18.47520900
18.71370800
17.71716700
19.25650000
19.20462500
19.22129100
19.17412500
19.20233400
18.85141600
17.28745900
17.89641600
18.56816700
18.98987500
18.81170800
19.25162500
18.52637500
18.56920900
18.52812500
18.66758300
18.10200000
19.39575000
18.58483300
19.07195900
18.82583300
17.42670800
17.49054200
18.47800000
17.78583300
18.82629200
18.40225000
19.18975000
17.52154200
18.94175000
19.90925000
26.77470800
21.09220800
20.85441700
20.88545800
20.45950000
20.01929200
20.28195800
19.91145900
20.29862500
20.00716600
20.03833400
20.70029100
20.48337500
20.65616700
20.07650000
20.30675000
20.31404200
19.14537500
18.66837500
19.79641600
19.16975000
20.04054200
18.46891700
19.50700000
18.80050000
19.57225000
18.59304100
19.55504200
20.31529200
21.23441600
20.87520900
20.15012500
19.76358300
20.88304200
20.72437500
19.63854100
20.41958400
19.77337500
19.99483300
18.47404200
18.17475000
18.13429100
18.20891700
18.21629200
18.31350000
18.31825000
18.13120800
17.98820800
18.03816700
17.87133300
17.71262500
16.92783400
16.83912500
17.04354100
16.66291700
16.65825000
16.72558300
16.83945900
16.58179100
16.51487500
17.48375000
18.46029200
18.58437500
18.86808300
18.57987500
18.23695900
18.33295800
18.38837500
18.55275000
18.91916700
19.69162500
19.89691600
19.77033400
20.19525000
21.05225000
19.72295800
19.62558300
19.75558400
19.69454100
19.89270900
19.75241600
19.49154200
20.24354200
19.72958300
19.68325000
19.85541700
19.58650000
19.52029100
20.17545900
19.87391600
20.07258400
20.13504100
19.55758400
19.62658300
19.60937500
19.59445800
19.49504200
19.60662500
19.88525000
19.26245800
19.50137500
19.36829200
19.42362500
19.08425000
19.12304200
19.71450000
19.38070800
19.37333300
19.49512500
19.18604200
19.56404200
19.61029100
19.35720900
19.68841600
19.21387500
19.10166700
19.18620800
19.40533400
19.44762500
19.66179100
19.28908400
19.27400000
19.09504100
19.38750000
19.24991700
18.99162500
19.21716700
18.95283300
19.15629200
19.21200000
19.32750000
20.04604100
19.23595900
19.58650000
19.11129100
19.25308400
19.83879100
19.00979200
19.29887500
19.37029200
18.90462500
19.94420800
18.67795800
19.81841700
20.74166700
19.86600000
19.62450000
20.26283300
18.83175000
19.51175000
20.55575000
19.36670800
18.88775000
18.90245900
18.69745800
18.83270800
18.88041700
19.04850000
18.93579200
18.60979100
18.69958400
19.36462500
18.66320800
18.95604200
19.06612500
18.73220800
18.54887500
18.45895800
18.62700000
19.05791700
19.30083300
19.27258400
19.48362500
18.66337500
18.67770800
18.49083300
18.51945900
18.42820800
18.58220800
18.49279200
18.86516700
19.50862500
19.23962500
19.46441600
19.27829200
18.70129200
19.58783300
18.95616700
20.37595800
20.32654200
26.84641600
116.64258400
55.49458300
28.30366700
24.23150000
22.35462500
22.68516600
22.26837500
22.52558400
22.58579100
22.49687500
22.43925000
22.63216700
20.93304200
19.78387500
19.79970800
19.95341700
20.39895800
20.99508300
24.90358400
24.12295800
20.96416700
20.58612500
20.73370800
20.44795800
21.20516700
21.18395800
20.85312500
20.25008400
21.47637500
20.11887500
20.04662500
20.13108300
18.42970800
18.07470900
17.73029100
18.45275000
18.01941700
17.94262500
18.08945800
18.36520900
18.67741600
24.37500000
20.29545900
22.07037500
27.63170800
23.62925000
27.13145800
19.91720900
20.93066600
20.02170900
20.06875000
19.80854100
19.59341700
19.54875000
19.44704200
19.51650000
21.51645800
19.48487500
20.21900000
19.66945800
19.89916700
19.56095800
19.56741700
19.28408300
19.43179200
19.35450000
19.25745800
19.30979200
19.16233300
18.94470900
19.49575000
19.30166600
19.02958400
19.13533300
19.15758300
19.41429200
19.27404200
19.18270800
19.05125000
19.21337500
18.52700000
17.65475000
19.21558300
17.93866700
18.28345800
18.46854200
18.80920800
18.61820900
18.38150000
17.83700000
18.85225000
17.79800000
18.22091600
18.79720900
19.34708300
19.28137500
18.76741700
19.12012500
18.09641600
20.64529200
19.78404200
78.73858300
23.88504200
21.92700000
21.69812500
21.72233300
21.53291700
21.15837500
20.99358300
21.17779200
21.24141600
20.93650000
20.98175000
19.16766700
18.84420800
18.73783400
18.79204100
18.91483400
18.63275000
18.80175000
19.56304100
18.91479200
18.67633300
18.60020900
18.36016600
18.51979200
18.85079200
18.43587500
18.47704100
18.66587500
18.64570900
18.55116600
18.71750000
18.75145900
18.58729100
18.74658400
18.78029100
18.50125000
18.63962500
18.60541700
17.63579200
17.32612500
18.68754100
17.54250000
18.39762500
18.79279200
17.39750000
17.75162500
18.01825000
17.42091700
18.50804100
17.55445900
17.70670800
17.89725000
17.37791700
16.73625000
16.83570800
18.05066700
17.17741600
18.54433400
18.62241600
17.47416700
17.09266700
18.66712500
17.09508300
16.84504200
17.11500000
17.31020800
16.93283300
17.10525000
17.94658400
17.62295800
16.38083300
17.07200000
16.18433400
16.24495800
17.04241700
17.72891600
17.77316700
17.44054200
18.14845800
17.30141700
16.73745800
18.38408300
18.60066700
17.85983300
18.28270900
18.09795800
16.85491700
16.96554100
17.18170900
16.85258300
18.17954200
16.44995800
17.87500000
17.63683300
17.23258400
16.72862500
16.38804100
17.69041700
16.86487500
17.90970800
17.72079200
17.67500000
17.39754200
16.70704100
17.76733400
16.89987500
18.01575000
17.04637500
17.96104100
17.95991700
16.99916700
17.87083300
17.62041700
18.07820800
16.25100000
17.15729200
16.96633300
16.78120800
16.62795900
16.81779100
16.80729200
17.55800000
16.65133300
16.59808400
16.35191600
16.25604200
17.32229200
16.25200000
16.35470800
16.75000000
17.04683300
17.00845900
16.95025000
17.78375000
17.24075000
16.92395800
16.89045800
15.81845900
15.35795800
15.23966700
15.30475000
15.60083300
15.46787500
15.34845800
15.67425000
15.98337500
15.34050000
14.81916700
14.08604200
14.47000000
14.07520800
14.04183300
13.94991700
14.03495800
13.97016700
14.12233300
13.98491700
13.89070800
14.00879200
14.34729200
14.07516600
14.12387500
14.62700000
14.26316700
13.86175000
15.51450000
15.19966700
14.75129100
15.52145900
15.10162500
15.65008300
15.72183300
15.50454200
15.99791700
15.69650000
15.65987500
15.70241600
15.61845900
15.69470800
15.63470800
15.39508400
15.60545800
15.64066700
15.47075000
16.27920800
16.80287500
16.81387500
16.68820800
16.65445900
16.67291600
16.53200000
16.53950000
16.67345900
16.80979100
16.57858400
16.66262500
15.85091600
17.00400000
16.77012500
16.66620900
15.69900000
16.03950000
16.37083300
16.60662500
15.52975000
16.48795800
16.46879200
15.30858300
16.18845900
16.22766600
16.39616700
16.49020800
16.17283400
15.87979100
16.44316700
16.09395800
16.19054200
15.61050000
16.51937500
16.34637500
15.57616700
16.50750000
16.89683300
16.27908300
16.89154200
16.65175000
16.26200000
16.58720800
15.29870900
16.26550000
16.61562500
16.61937500
16.55541600
16.38358400
16.62204100
16.72016700
16.70475000
16.65720800
16.63366700
16.85045800
16.62704200
16.70850000
16.64237500
16.82762500
16.59629200
16.70629100
16.69479200
16.67458300
16.86916700
16.62662500
16.53308300
16.92941700
16.49175000
16.86004200
16.74487500
16.70941600
16.63650000
16.64937500
16.84033400
16.74991600
16.44187500
16.93516700
16.51170800
16.85900000
16.43108400
16.88037500
16.75625000
16.80508300
16.51633300
16.89787500
16.61270900
16.57725000
16.84475000
16.83016600
16.51354200
16.94329200
16.44195800
16.70462500
16.65504200
16.67208300
16.88308300
16.74170900
16.82891600
16.58637500
16.98108400
16.39754100
16.71266700
16.74937500
16.38962500
16.86987500
16.86887500
16.59687500
16.59420800
16.63837500
17.02933400
16.10400000
17.19358300
16.54316700
16.58683300
16.91104200
16.63929100
16.56179200
16.68241700
19.31304100
21.39141700
18.20212500
17.47800000
18.04725000
18.56533300
18.91279200
22.20608300
19.90808400
19.79395800
21.03825000
17.87816700
17.24679100
17.23516700
18.51125000
20.65820800
17.68054200
17.91975000
18.46283300
20.20666700
19.19750000
18.24133300
19.64087500
21.08095900
20.20262500
20.99350000
21.56379100
20.91520900
20.90608300
17.80595800
17.51420900
18.10604100
17.36087500
17.23945900
17.67887500
17.13808300
18.99825000
18.90091700
20.11150000
17.68379100
20.18412500
18.25166700
19.17570800
18.44287500
18.68787500
18.11833400
21.21058300
21.66929200
20.03029100
21.60087500
20.70733400
20.33120800
21.58595800
20.85312500
18.51575000
20.68691700
20.43491700
21.06545800
17.52920800
18.12466700
17.82212500
17.51383300
17.08533400
17.96508300
18.40287500
18.31775000
20.74791700
20.68450000
19.76612500
17.19733300
16.92687500
16.92870800
17.16979200
19.46341700
20.38829100
19.59783400
17.99220800
18.23487500
18.30275000
17.69666700
17.03304100
17.04866700
17.94987500
18.30783300
18.73504200
17.56700000
17.18445800
17.98908400
17.92170800
18.89887500
18.46445800
17.55520900
102.66700000
33.59737500
40.56520800
22.17333300
20.25662500
19.89166700
18.78550000
17.49587500
17.17341700
17.27341600
17.45633400
17.02070800
18.38770800
18.14825000
17.48079200
16.72437500
16.97233300
16.59695900
15.75058300
15.06895800
15.15787500
14.82437500
15.18783400
14.89883300
15.00870800
14.52066700
13.72466700
13.61254100
13.72491700
13.31729200
14.09775000
13.58645800
13.65266700
13.57929100
13.66679200
13.46079200
13.22891600
13.07770900
12.99825000
12.96962500
13.11129100
13.26225000
13.08837500
13.09775000
12.97308400
13.31566600
12.79462500
12.67166700
13.04641700
13.19295800
15.21929200
16.45525000
16.95875000
16.82791600
16.87895900
16.36762500
16.54887500
16.72825000
16.70158300
16.39691700
16.88554100
16.68041700
16.54170800
16.92829200
16.57650000
16.63470800
16.83312500
16.65575000
16.53070900
16.61191600
16.78808400
16.56287500
16.82083300
16.77841700
16.39704100
16.89679200
17.17316700
16.28454100
17.09370900
16.44516600
16.78562500
16.54808400
16.73320800
16.42879200
16.58762500
16.92412500
16.55616600
16.89650000
16.59429200
16.68816700
16.73433300
16.33158300
17.09837500
16.59833400
16.51204100
16.91829200
16.68120800
16.50004200
16.71337500
16.80679200
16.48429100
16.79970900
16.76025000
16.52441600
16.88083400
16.32629100
16.98062500
16.85379200
16.64625000
16.12925000
17.15137500
16.66687500
16.64850000
17.18625000
16.25562500
16.55025000
16.88545800
16.54695900
16.56837500
16.75654100
16.68183400
16.62612500
16.89000000
16.60420800
16.54262500
16.63966700
16.75141600
16.66912500
17.26866700
16.60312500
16.14904200
17.84108300
19.46204200
22.01183300
18.57737500
20.92295800
24.81783400
26.05287500
27.76275000
20.03050000
18.32266600
19.60266700
23.12579200
21.70604100
20.55550000
20.67287500
20.10512500
20.73175000
19.84525000
16.76175000
17.27641700
17.76004200
17.07954100
17.32020900
20.86933300
17.99987500
18.31870800
19.90008400
17.46804100
17.37954200
18.14104200
17.61425000
17.67658300
19.25845800
18.50758400
18.08975000
18.20479100
15.84541700
16.91675000
16.83579200
15.76212500
15.68395800
16.46758300
16.29270900
16.21129100
16.13445900
16.36433300
15.55883300
16.82704200
15.78804200
15.56479100
15.46725000
15.71766700
15.12329200
15.52962500
15.20358300
15.28420800
15.55929200
15.46670800
14.92891700
16.12979200
15.64537500
15.83104100
15.51450000
15.14258400
16.00716600
15.47245900
15.65262500
15.65308300
15.42383300
15.62775000
15.42954200
15.30558300
15.01412500
15.70337500
15.51604200
15.38925000
14.59679200
15.51525000
15.20579100
14.78375000
14.79600000
13.99429200
15.42250000
14.36154200
14.28495800
14.43229200
14.24770800
15.10925000
15.20929200
16.32225000
14.94708300
15.20141700
14.44395800
15.31550000
14.92266700
14.66670800
15.52870800
15.41183400
15.28270800
15.73633300
15.54483400
16.37320800
14.50483300
16.27162500
15.46841700
14.26308300
16.00833400
15.49429100
15.60591700
15.35212500
14.19025000
15.55962500
15.38812500
16.63975000
16.93383300
16.37579200
16.51000000
16.88716700
16.77529100
16.43300000
16.80050000
16.70045900
16.47933300
17.21958300
16.48345900
17.13895800
16.89991700
16.39183300
16.75870800
16.56937500
16.64329200
16.30162500
16.89583300
16.86112500
16.41883400
16.86600000
16.74450000
16.44258300
16.55308300
16.87270900
16.53891600
17.19400000
16.33941700
16.56745800
16.54820900
16.67783300
16.46520800
16.61212500
16.68770900
16.58041600
16.82079200
16.73258300
16.47991700
16.71695800
16.53791700
16.55970800
16.80387500
16.68654200
16.71400000
16.71245800
16.59595900
16.59962500
16.85808300
16.50233300
16.73379200
16.65137500
16.61425000
16.71662500
16.66891700
16.62304100
16.75975000
16.77487500
16.42516700
16.81787500
16.68379200
16.93112500
16.65954100
16.82462500
16.33212500
16.89125000
16.74841700
16.59162500
16.83887500
16.84404200
16.47975000
16.69608300
16.89829200
16.45845800
16.78737500
16.76679200
16.70379100
16.64429200
16.73395800
16.46320900
16.88337500
16.88108300
16.47912500
16.83866700
16.64941600
16.68462500
16.69733400
16.67904100
16.69254200
16.71162500
16.58758300
16.64383400
16.79800000
16.75354100
16.44883400
16.81004100
16.75391700
16.65258300
16.68520900
16.84575000
16.52758300
17.37875000
16.44104200
16.58179100
16.34966700
16.89354200
16.76520800
16.79437500
16.54537500
16.78287500
16.60583300
16.56575000
16.73604200
16.63950000
16.48029200
17.00225000
16.61308300
16.57225000
16.78308300
16.71850000
16.49295900
16.84966600
16.72012500
16.50133400
16.88108300
16.61783300
16.50083400
16.83662500
16.71850000
16.72762500
16.57333300
16.84637500
16.49712500
16.58270800
16.89412500
16.46579200
16.92120800
16.69912500
16.40970900
16.85516600
16.79516700
16.46545800
16.79662500
16.71387500
16.26041700
16.88658300
16.71829200
16.79729200
16.56241600
16.56583400
16.87116600
16.78583400
16.41162500
16.98662500
16.47070800
16.88995800
16.64320900
20.45408300
18.09391700
16.16570800
16.24954200
15.52233300
16.11325000
15.89012500
15.45683300
16.36220900
16.66104100
17.44000000
16.13537500
16.39041700
16.69487500
16.59495800
16.76925000
16.52920900
16.77762500
16.75804100
16.59637500
16.81179200
16.57750000
16.47350000
17.02545800
16.51937500
16.61183400
16.76754100
16.36366700
16.97812500
16.45995800
17.02933400
16.49200000
16.83870800
16.80512500
16.63595800
16.68333400
16.51904100
16.63883400
16.78987500
16.71354100
16.54570900
17.07445800
16.51125000
16.30745800
16.93145900
16.56279100
16.65525000
16.77458400
16.39716600
17.13129200
16.67095800
16.62995900
16.67312500
16.60620800
16.74654200
16.86295800
16.40925000
16.39562500
17.04016700
16.42666600
16.88037500
16.68100000
16.88470900
16.43287500
16.52741600
16.94345900
16.61175000
16.30225000
17.14720800
16.57900000
17.29200000
16.35175000
16.41020800
16.89937500
16.72350000
16.18645900
17.20379100
16.41654200
16.61787500
16.77462500
16.88891700
16.43683300
16.70841700
16.83391600
16.30033400
17.03687500
16.67200000
16.33879100
16.91308400
16.83787500
16.45608300
16.54695800
17.24025000
16.42295900
16.83416600
16.58704200
16.41829200
16.96491600
16.69275000
16.34075000
17.07691700
16.33245800
16.80483400
16.80741600
16.54679200
16.90358300
16.76362500
16.15375000
17.18345900
16.30058300
16.52762500
17.09579200
16.32154100
16.89645900
16.58562500
16.68737500
16.77541600
16.74666700
16.50091700
16.83958300
16.79770800
16.63787500
16.62625000
16.50662500
17.15191700
16.30075000
16.85783300
16.65062500
16.57700000
17.11912500
17.35104200
15.68541700
16.55070800
16.61370800
16.57204200
16.64941700
16.71533300
16.42595800
16.77041700
16.88675000
16.43870800
16.73970900
16.55633300
16.44537500
16.82370800
16.66866700
16.56283300
16.68412500
16.93929200
16.52441700
16.77512500
16.47483300
17.01425000
16.45270800
16.64383400
16.72504100
16.70058400
16.61720800
16.66920800
16.66891700
16.75516700
16.63400000
16.61466600
17.02266700
16.69675000
16.62825000
16.78020800
16.59683400
16.82020800
16.59083300
16.63512500
16.81966700
16.57554200
16.87983300
16.58462500
16.70658300
16.61920900
16.91066600
16.35770900
16.99479100
16.70158400
16.57658300
16.77504200
16.76429100
16.60179200
16.66850000
16.78300000
16.30483300
17.03412500
16.65458400
17.01945800
16.42450000
16.63545800
16.82229200
16.81416700
16.56133300
16.70108300
16.68129200
16.76200000
16.66725000
16.65845800
16.44733400
16.79225000
16.63875000
16.82991600
16.57379200
16.63058300
16.92775000
16.43575000
16.62858400
17.03375000
16.68541600
16.75925000
16.52575000
16.53300000
16.84283400
16.53616600
16.51220900
16.87366600
16.63816700
16.83945800
16.71620900
16.45716600
16.93579200
16.59025000
16.37470800
17.00366700
16.42795800
16.87866700
16.85658300
16.58525000
16.54179200
16.86916700
16.42766600
16.81454200
16.73779200
16.62833300
16.60050000
16.66537500
16.92870800
16.44262500
16.57975000
16.93958400
16.46995800
17.01537500
16.46337500
16.65970800
16.98020900
16.57904100
16.61429200
17.09995800
16.35516700
16.56133300
16.73158400
16.70375000
16.53683300
16.49975000
16.76408300
16.78500000
16.57895900
17.03637500
16.58741600
16.37437500
16.96020900
16.53020800
16.55387500
16.95783300
16.39645900
16.72125000
16.84208300
16.69795800
16.76237500
16.65450000
16.49775000
16.88170900
16.58004100
16.61387500
16.98316700
16.49254200
16.93629100
16.24304200
16.75229200
16.84720800
16.52091700
16.46487500
17.19450000
16.49354100
16.36737500
17.21687500
16.39429200
16.64195800
16.63091700
16.66037500
16.82345800
16.69358400
16.66395800
16.76391700
16.61441600
16.78279200
16.42387500
16.75804200
16.85779100
16.31145900
16.92837500
16.87879100
16.62704200
16.80533300
16.41087500
16.40616700
16.82179200
16.98145800
16.69545800
16.44133400
16.73345800
16.92508300
16.47900000
16.60745900
16.95295800
16.37525000
16.75558300
16.84741700
16.50554200
17.31695800
16.90925000
16.18987500
16.58500000
16.65087500
16.71262500
16.49445800
16.82962500
16.75579200
16.43829200
16.89870800
16.61837500
16.64679200
16.70116600
16.84887500
16.53791700
16.73650000
16.62387500
16.60525000
16.53083300
16.87958400
16.39116600
17.00554200
16.50800000
16.68458300
16.66108400
16.65362500
16.84883300
16.78075000
16.68683300
16.25241700
16.81062500
16.82487500
16.72429200
16.52250000
16.92333300
16.31279200
17.52850000
16.27600000
16.61766600
16.69408400
16.83054100
16.48775000
16.50037500
17.02112500
16.39079200
16.73141700
16.85237500
17.02208300
16.39279200
16.47095800
16.64704200
17.01254100
16.27050000
16.94675000
16.47050000
16.54304200
17.12929200
16.37816600
16.57683400
17.14437500
16.24304100
16.94787500
16.50766700
16.89708300
16.12620900
16.95270800
16.67758300
17.09770900
16.80745800
16.68425000
16.29037500
16.77058300
16.65120900
16.23741600
16.83220900
16.58795800
16.61033300
16.84041700
16.77816700
16.21283300
16.82395800
16.66500000
16.53533400
16.81741600
16.66395900
16.59033300
16.88754200
16.41975000
16.59179100
16.80529200
16.73720800
16.50154200
17.02383300
16.47687500
16.60058400
16.97075000
16.73925000
16.60762500
16.60737500
16.62666600
16.68025000
16.59375000
17.03841700
16.87112500
16.26458300
16.86754200
16.72554200
16.93108300
16.63787500
16.52562500
16.77025000
16.43420800
16.91291700
16.68425000
16.62758300
16.94420900
16.52954100
16.55604200
16.74766700
16.71554100
16.76479200
16.90400000
16.76508300
16.42612500
16.92416700
16.61600000
16.57745800
16.87737500
16.67912500
16.34704200
17.00837500
16.60079200
16.47675000
16.88691600
16.80108400
16.54050000
16.71845800
16.73179200
16.40054100
17.09670900
16.66925000
16.54245800
16.99487500
16.38466700
16.59320800
17.00604200
16.44537500
16.76245800
16.70258300
16.66966700
16.77775000
16.55825000
16.95983300
16.59133400
16.71845800
16.53595800
16.70075000
16.65150000
16.59283400
16.56625000
16.87904100
16.53983400
16.82250000
16.64812500
16.34029100
17.10966700
16.40291700
17.20129100
16.47750000
16.49570900
16.46029100
17.00416700
16.62991700
16.80625000
16.59962500
16.65225000
16.72720800
16.76995800
16.39925000
16.09912500
17.21995900
16.94225000
16.41312500
16.85262500
16.83850000
16.50437500
16.55620800
17.00800000
16.78650000
18.14941700
20.57525000
24.98275000
19.99000000
18.23354100
21.03041700
19.47333300
18.63212500
17.93475000
18.14200000
18.33991700
17.82266700
17.66862500
17.43025000
17.81787500
15.96433300
17.17841700
15.95900000
15.92937500
17.03020800
16.02416700
15.67645800
16.04633300
17.01308400
16.36133300
17.14166700
18.13529100
16.52441700
16.62816700
16.43125000
16.04104100
15.55304200
15.74308300
15.54920900
15.15820800
16.35854200
16.27658300
16.23850000
16.14770800
16.07850000
15.74129200
16.16141700
15.42291600
15.34837500
19.75816700
27.17295800
