15.78995800
1652.03308300
500.16862500
16.64312500
16.72500000
16.62029200
16.65466700
16.70670800
16.66816700
16.67320800
16.68154200
16.65537500
16.69316600
16.67745900
16.68237500
16.71716600
16.66783400
16.66400000
16.68962500
16.71400000
16.65808300
16.72133300
16.65675000
16.68091700
16.72145800
16.66804200
16.63612500
16.68808300
16.68441700
16.68716700
16.70233300
16.69475000
16.64995800
16.70841700
16.70062500
16.64487500
16.68008300
16.70112500
16.68275000
16.69145900
16.65570800
16.68058300
16.69254200
16.68775000
16.66762500
16.69516700
16.73316600
16.86037500
16.45875000
16.67608400
16.73754100
16.63020900
16.70670800
16.67383300
16.67766700
16.68062500
16.69245800
16.68170900
16.71245800
16.66350000
16.67366700
16.75295800
16.63916700
16.64183300
16.70375000
16.68745800
16.65816700
16.67841700
16.70245800
16.69341700
16.67762500
16.65466600
16.70579200
16.68229200
16.66312500
16.68220800
16.70908300
16.65670900
16.71087500
16.72020800
16.67570800
16.69054200
16.70395800
16.65495900
16.67141600
16.69916700
17.32729200
16.67104100
16.08216700
16.69037500
16.67191700
16.62579100
16.65950000
16.70704200
16.67050000
16.68912500
16.67920800
16.69616700
16.71366700
16.64941600
16.67112500
16.73725000
16.64054200
16.67345800
16.68687500
16.67829200
16.81141700
16.77200000
16.47270800
16.70241700
16.68250000
16.68712500
16.70275000
16.64158300
16.70841700
16.71404100
16.74008400
16.55604100
16.72412500
16.70904200
16.72004200
16.73608300
16.67741700
16.69312500
16.77308300
16.64029200
16.71016600
16.69270900
16.68666600
16.92662500
16.53508400
16.65116600
16.66275000
16.70833400
16.69504100
16.72850000
16.75262500
16.65808400
16.73941600
16.62350000
16.71325000
16.63904200
16.73808300
16.90320900
16.60841600
16.91383400
16.50775000
16.61966600
16.73000000
16.85329200
16.77816700
17.21566600
16.16754200
16.61416700
16.93587500
16.41820800
16.39666700
16.80141600
16.54833400
16.87016600
16.63975000
16.62287500
16.66962500
16.66979200
16.50720800
16.70658400
16.98045800
16.82416700
16.27737500
16.69808300
16.60920800
16.70575000
16.65679200
16.71695800
16.65233400
16.66850000
16.84929100
16.55133400
16.67195800
16.68066700
16.66779100
16.74620900
16.62241600
16.69387500
16.68100000
16.73600000
16.60779200
16.72591700
16.92120800
16.62495800
16.48054200
16.71879200
16.63054100
16.76129200
16.61883300
16.69337500
16.64083400
16.85820800
16.58237500
16.62975000
16.71745800
16.74570900
16.76550000
16.60754100
16.67604200
16.67437500
16.56716700
16.82466600
16.58733400
16.51212500
16.83583300
16.51554200
16.92666600
16.44658400
18.12379100
15.70362500
16.49612500
16.37391700
16.64458300
16.68283400
16.65741600
16.77916700
16.60912500
16.55241700
16.68379100
16.68595900
16.70900000
16.74329100
16.60079200
16.66491700
16.68083300
16.69887500
16.66766700
16.68262500
16.68358300
16.71070800
16.67966700
16.65970800
16.70650000
16.68266700
16.68291700
16.68683300
16.68220800
16.66733400
16.67570800
16.68187500
16.68391700
16.68233300
16.70087500
16.73770800
16.64266700
16.70075000
16.68558300
16.66879200
16.66900000
16.71166700
16.68083300
16.68562500
16.67300000
16.65612500
16.68925000
16.71325000
16.64675000
16.68833300
16.67987500
16.69241700
16.68983300
16.67558400
16.69679100
16.67008400
16.67445800
16.68766700
16.71895800
16.64558300
16.69516700
16.74237500
16.64570800
16.64208400
16.68320800
16.68420800
16.69545900
16.67033300
16.69387500
16.69541700
16.65995800
16.72950000
16.66829200
16.72025000
16.61854100
16.68104200
16.69829200
16.68737500
16.66858300
16.69579200
16.68558300
16.67554200
16.67220800
16.75550000
16.65612500
16.67879200
16.67066600
16.66533400
16.71337500
16.68316600
16.64750000
16.69133400
16.68495800
16.69570800
16.74845900
16.61695800
16.67083300
16.68600000
16.68433400
16.67408300
16.71670800
16.65916700
16.68337500
16.70104200
16.67012500
16.70804100
16.65600000
16.66645900
16.68016600
16.68354200
16.68229200
16.72162500
16.64966600
16.70979200
16.68579200
16.66850000
16.67850000
16.68545800
16.67316700
16.72287500
16.65495800
16.68437500
16.67533300
16.72904200
16.63329200
16.68041600
16.70837500
16.66866700
16.76833300
16.61670900
16.65641600
16.70266700
16.72275000
16.68925000
16.63995800
16.66595900
16.69441600
16.66912500
16.69987500
16.70308400
16.66929100
16.70208400
16.64658300
16.70254200
24.88175000
14.39312500
13.93591600
14.08804200
16.09058300
16.67937500
16.68295900
16.70254100
16.66379200
16.68275000
16.69700000
16.68845800
16.74275000
16.64675000
2653.07158400
16.30912500
16.98725000
16.48945800
16.56445800
16.64808400
16.65575000
16.71016600
16.65041700
16.70370800
16.65791700
16.68554200
16.69516600
16.67483400
16.68429100
16.70504200
16.70075000
16.66420800
16.69045900
16.67654100
16.68108400
16.69608300
16.68704200
16.67208300
16.66841700
16.69958300
16.68583300
16.70704200
16.63816700
16.69950000
16.68762500
16.67970800
16.66129200
16.68216600
16.69766700
16.68041700
16.69858300
16.66616700
16.70195800
16.68437500
16.67062500
16.68670800
16.72112500
16.65879200
16.65283300
16.72745900
16.64195800
16.70033300
16.67450000
16.70641700
16.65995800
16.68025000
16.69266700
16.69408300
16.66958400
16.68233300
16.71154200
16.65025000
16.67316600
16.69375000
16.71216700
16.65595800
16.68070900
16.67937500
16.67650000
16.70354100
16.66854200
16.70995800
16.65000000
16.69154200
16.70133300
16.65891700
16.69645800
16.66762500
16.68745900
16.68895800
16.72912500
16.65245800
16.72141700
16.68170800
16.63400000
16.67979200
16.68445800
16.68658400
16.67300000
16.68108300
16.71266700
16.66395800
16.68404200
16.71616600
16.65054200
16.71458300
16.68983400
16.64416600
16.96925000
16.41254200
16.67491700
16.66558300
16.71654200
16.65241600
16.73516700
16.64687500
16.67520800
16.68579200
16.67483300
16.68637500
16.69341700
16.68491700
16.81908300
16.65991700
16.68400000
16.59979100
16.68345900
16.68804100
16.63770900
16.67800000
16.76633300
16.61154200
16.68045800
16.70533300
16.69129200
16.66200000
16.68379200
16.71245800
16.65737500
16.69683300
16.68295900
16.66712500
16.67141600
16.69291700
16.67054200
16.69266600
16.69325000
16.66237500
16.69837500
16.68362500
16.71495900
16.63650000
16.71929100
16.68458400
16.65712500
16.71570800
16.64270800
16.68000000
16.70083400
16.66629100
16.68145900
16.68541600
16.72841700
16.65395800
16.69337500
16.68775000
16.69525000
16.65012500
16.91608400
16.48179100
16.66512500
16.67425000
16.66391700
16.69283300
16.69108400
16.66645800
16.68141700
16.70095800
16.68195800
16.67475000
16.69529200
16.69137500
16.65879200
16.68333300
16.68654200
16.70233300
16.67108300
16.68825000
16.68100000
16.67275000
16.70350000
16.68245900
16.68320800
16.67825000
16.68033300
16.68562500
16.66541700
16.83687500
16.53104200
16.70237500
16.66345800
16.68237500
16.73129200
16.64512500
16.69170800
16.68066700
16.68929100
16.70862500
16.64729200
16.70116700
16.66662500
16.68308300
16.68558300
16.68462500
16.69950000
16.71150000
16.63508400
16.68833300
16.68420800
16.67416700
16.70362500
16.66783300
16.68341700
16.68800000
16.69116700
16.69787500
16.65845800
16.69287500
16.67620800
16.67775000
16.68279200
16.69454200
16.66908300
16.69870800
16.71079200
16.65391700
16.67604100
16.69004200
16.67541700
16.73862500
16.64458300
16.71208300
16.62995900
16.69666600
16.67529200
16.68945800
16.68479200
16.68558300
16.67279200
16.69275000
16.77387500
16.61320800
16.67187500
16.76675000
16.57775000
16.68645900
16.69708300
16.69633300
16.69825000
16.68520900
16.66183300
16.66625000
16.70229200
16.70120800
16.64550000
16.67879200
16.69858300
16.67208300
16.69937500
16.68141700
16.67537500
16.69945800
16.67387500
16.69579200
18.51908300
14.83079200
16.69500000
16.76762500
16.61604200
16.64108300
16.71195800
16.67525000
16.72408400
16.73025000
16.59937500
16.65704100
16.75450000
16.62645900
16.71195800
16.69366700
16.63687500
16.68387500
16.73091600
18.92737500
14.44758400
16.89791600
16.59900000
16.57250000
17.10629200
16.71704200
16.50970800
16.82704200
16.46175000
16.94258300
16.38937500
16.61654200
16.71775000
16.70608300
17.06012500
16.23037500
16.77908300
16.75862500
16.59212500
16.82312500
16.53633400
16.58058300
16.70712500
16.64662500
16.67637500
16.69433300
16.66762500
16.73520900
16.66516600
16.62191700
16.66570800
16.66420900
16.67100000
17.26537500
16.13437500
16.66808300
16.71433300
16.69050000
16.66754200
16.66004200
16.64504100
16.68187500
16.68129200
16.68366700
16.71770800
16.64841700
16.68637500
16.67045800
16.69566700
16.67116600
16.72816700
16.64941700
16.67070800
16.69900000
16.67962500
16.68704200
16.68083300
16.66866700
16.69941600
16.66504200
16.70045800
16.66900000
16.69904200
16.66525000
16.68387500
16.70545800
16.67675000
16.68325000
16.68575000
16.68350000
16.73837500
16.66541700
16.66083300
16.69112500
16.66466700
16.70687500
16.67395800
16.66895900
16.69229100
16.66345900
16.68454100
16.68233400
16.69454100
16.68904200
16.66937500
16.68225000
16.67666700
16.70658300
16.67337500
16.67683300
16.70800000
16.68316700
16.66116700
16.72075000
16.67483300
16.68450000
16.68616700
16.64187500
16.70937500
16.67229100
16.69995900
16.67933300
16.66625000
16.70716700
16.65841600
16.69375000
16.70070900
16.68366600
16.68808400
16.66541600
16.66279200
16.68112500
16.68137500
16.71620800
16.67258400
16.68433300
16.66229200
16.68741600
16.68758400
16.70791600
16.68741700
16.67691700
16.67591600
16.67012500
16.69537500
16.66520900
16.68491600
16.70308400
16.67975000
16.68379100
16.68525000
16.66329200
16.68037500
16.67983300
16.71595900
16.66529100
16.69429200
16.68729200
16.67029100
16.73195900
16.62554100
16.68616700
16.68512500
16.67387500
16.70550000
16.71466700
16.65837500
16.67241600
16.67500000
16.67758400
16.69850000
16.70183300
16.65316700
16.68004100
16.73275000
16.63091700
16.68208300
16.71845900
16.69754100
16.65929200
16.66991700
16.72391600
16.67591700
16.66695800
16.68712500
16.65375000
16.71166700
16.67000000
16.70816700
16.67879100
16.65404200
16.71887500
16.66604200
16.69054100
16.65083400
16.70991600
16.68229200
16.68645800
16.66704200
16.66704200
16.70670800
16.68504200
16.66454100
16.68616700
16.71704200
17.48054100
16.00150000
17.26166700
15.96058300
16.77570900
16.74029100
16.52975000
16.77845900
17.44629100
16.23025000
16.47216700
16.58745800
16.63570900
16.95570800
16.51408300
17.12845900
18.01350000
15.07454100
17.29704200
15.97191700
16.61412500
16.64487500
16.80262500
16.75616600
16.73087500
16.84087500
16.38829200
16.74495800
16.82362500
16.60737500
16.75154200
16.75483300
16.63454200
16.71666700
16.74583300
16.66783300
16.58275000
16.68808400
16.56137500
16.78025000
16.79862500
17.30633300
17.07366700
16.99516600
16.03570900
15.97729100
16.72404200
16.98087500
25.20887500
13.53587500
13.94466700
13.61400000
17.12500000
16.15941600
16.60766700
16.56045800
16.65483400
16.84370800
16.68679200
16.62862500
16.82720800
16.67562500
16.74904200
16.69966600
16.57070900
16.80941600
16.58779200
16.61679200
16.72620800
16.72462500
16.71845800
16.44270900
16.69108300
16.62479200
16.59366600
16.72875000
16.71629200
16.69508300
16.73616700
16.55500000
16.67308300
16.73783400
16.63816600
16.69008400
16.67058300
16.68633300
16.71125000
16.65558400
16.67441600
16.68020900
16.68200000
16.72895800
16.63733300
16.69441700
16.70345800
16.66554200
16.75691700
2987.87554100
16.16287500
16.30200000
16.64266700
16.68841700
16.62695800
16.72583300
16.69650000
16.47737500
16.72379200
16.77658300
16.50404200
16.64445800
16.73466700
16.59466700
16.69891600
16.71054200
16.58250000
16.71133300
16.74975000
17.17083400
18.63300000
15.77675000
15.58616600
16.45987500
16.42695900
16.45991600
16.78229200
16.67479200
16.64870800
16.74237500
16.73416700
16.49500000
16.75670800
16.64450000
17.05704200
16.69183300
16.30629200
16.52858300
16.70900000
16.88970800
16.66587500
16.80345900
16.61150000
16.41187500
16.90604100
16.61250000
16.56845900
16.99829100
16.33345900
16.71995800
16.68866700
16.67766600
16.64225000
16.70325000
16.67929200
16.69445800
16.98700000
16.53600000
16.52504200
16.68020800
16.66491700
16.68758300
16.70412500
16.65637500
16.68862500
16.68362500
16.71262500
16.68783400
16.70420800
16.64437500
16.68170800
16.66812500
16.69895900
16.68462500
16.66354100
16.68833400
16.69670800
16.69233300
16.65575000
16.72687500
16.64420900
16.70400000
16.67116600
16.68475000
16.70504200
16.66629200
16.66508300
16.69450000
16.67441700
16.72108300
16.64916700
16.69725000
16.66200000
16.73325000
16.77654100
16.70920900
16.53533300
16.71429200
16.66258300
16.68358300
16.66516700
16.68658300
16.67129200
16.69604200
16.69408300
16.68241700
16.67812500
16.66562500
16.68466600
16.67979200
16.68816700
16.68466600
16.68020900
16.69029100
16.68375000
16.71325000
16.67216700
16.75016700
16.59670800
16.66975000
16.70583300
16.67020900
16.70229100
16.65087500
16.70850000
42.68500000
20.92812500
15.41979200
14.91654200
14.11008300
13.98850000
14.09554200
13.90287500
14.12958300
14.02970800
14.05200000
13.97245900
13.95483300
14.02787500
16.00841700
16.70850000
16.68066600
16.66362500
16.69337500
16.67158400
16.70945800
16.68345800
16.68220900
16.68066600
16.66241700
16.70804200
16.65762500
16.70362500
16.66162500
16.84929100
16.58591700
16.66675000
16.66012500
16.71966700
16.64933300
16.69158300
16.69400000
16.77958400
16.55887500
16.70470800
16.66312500
16.70870800
16.65241700
16.70141700
16.70658300
16.72508300
16.62220900
16.67662500
16.66991600
16.67962500
16.69837500
16.70695900
16.67154100
16.65712500
16.68458400
16.68100000
16.67895800
16.69429200
16.69554100
16.66229200
16.70487500
16.68004200
16.68712500
16.69429100
16.65162500
16.68158400
16.70387500
16.69225000
16.67525000
16.69229100
16.67995900
16.70450000
16.62929100
16.71554200
16.68187500
16.68954200
16.67612500
16.65254100
16.69783400
16.69145800
16.68887500
16.65820800
16.68629200
16.67933300
16.70091700
16.67012500
16.68695800
16.68700000
16.68004200
16.76637500
16.64400000
16.63779200
16.71412500
16.67520800
16.65770800
16.70020900
16.73591600
16.65054200
16.67112500
16.66729200
16.71729100
16.64820900
16.73279100
16.63975000
16.68362500
16.70050000
16.67654200
16.65883300
16.68958400
16.70133300
16.65900000
16.70050000
16.69862500
16.68033300
16.65829200
16.71170800
16.69954200
16.66091700
16.66666600
16.67391700
16.69162500
16.72716700
16.64745800
16.70504200
16.67537500
16.68187500
16.65966600
16.71187500
16.65787500
16.67820900
16.70804100
16.67125000
16.67050000
16.68662500
16.72600000
16.64737500
16.69545900
16.69816600
16.66275000
16.69958400
16.64820800
16.69183300
16.67420900
16.68695800
16.68270800
16.69958400
16.67750000
16.70212500
16.70125000
16.64312500
16.70995800
16.65745800
16.68120900
16.68312500
16.71070800
16.64775000
16.69558300
16.66854200
16.69337500
16.71554200
16.64566600
16.71245900
16.68729100
16.65579200
16.68066700
16.69250000
16.66900000
16.72562500
16.67279100
16.66158400
16.68812500
16.67954100
16.70150000
16.68491700
16.69479200
16.64441600
16.93204200
16.47887500
16.66804200
16.65954100
16.67079200
16.69725000
16.66541700
16.69775000
16.66891600
16.69704200
16.68537500
16.68316700
16.66841600
16.68308400
16.69633300
16.68258300
16.67150000
16.69729200
16.68208300
16.67004200
16.68212500
16.69912500
16.69133300
16.66187500
16.68050000
16.68508400
16.68141600
16.68470900
16.69925000
16.66675000
16.69933300
16.66633300
16.69829200
16.68300000
16.69475000
16.68766700
16.70841600
16.63958400
16.68300000
16.71650000
16.65083300
16.68229200
16.71900000
16.69287500
16.64400000
16.69383300
16.69895800
16.66429200
16.67625000
16.71012500
16.67850000
16.65904200
16.68570800
16.67408300
16.69104200
16.70687500
16.66416700
16.73683300
16.64370800
16.68166700
16.68054200
16.71137500
16.67270800
16.65908300
16.67883400
16.73091600
16.65579200
16.68475000
16.67066700
16.71441600
16.63791700
16.69283300
16.71829200
16.66325000
16.65320800
16.70179200
16.72112500
16.64545800
16.72795900
16.65183300
16.66150000
16.68112500
16.68770800
16.69862500
16.68058400
16.66145800
16.72691700
16.66333300
16.68487500
19.89358300
13.46545900
16.71654100
16.64508400
16.71841600
16.67125000
16.68145900
16.68029100
16.66425000
16.73200000
16.62837500
16.68679200
16.68762500
16.69241700
16.68429100
16.66958400
16.70279100
16.69150000
16.68583400
16.66600000
16.66733300
16.67900000
16.72037500
16.67487500
16.68595800
16.65787500
16.70050000
16.68729200
16.67191700
16.69483300
16.66675000
16.70900000
16.69650000
16.63625000
16.70104200
16.66695800
16.70641700
16.69395800
16.67675000
16.64958300
16.73333400
16.64116600
16.69495900
16.72650000
16.66245800
16.65191700
16.68437500
16.70466600
16.67354200
16.69441700
16.65183300
16.71479200
16.69075000
16.66683300
16.69487500
16.70145800
16.68237500
16.65379200
16.70579200
16.66400000
16.68991600
16.68816700
16.66808300
16.66941700
16.70875000
16.65845800
16.69025000
16.72112500
16.67287500
16.64333400
16.69216600
16.70766700
16.66770800
16.68295900
16.69033300
16.68366700
16.66800000
16.69400000
16.68237500
16.68658300
16.66945800
16.68325000
16.69925000
16.66066700
16.71137500
16.69245800
16.69879200
16.65675000
16.66887500
16.77550000
16.58779200
16.72408300
16.67216700
16.63833300
16.72895800
16.66212500
16.72233400
16.63162500
16.68725000
16.67962500
16.66750000
16.70100000
16.68079100
16.66854200
16.69812500
16.68491700
16.66629100
16.68187500
16.69970900
16.68287500
16.68395800
16.68508300
16.68058400
16.69237500
16.67891600
16.68062500
16.67075000
16.69612500
16.67708400
16.67916600
16.67945900
16.69370800
16.68750000
16.67754200
16.68900000
16.69879100
16.65550000
16.69900000
16.67929200
16.71662500
16.75704200
16.63012500
16.63579100
16.75666700
16.63370800
16.67933400
16.69716600
16.65366700
16.71787500
16.65933300
16.69237500
16.66654200
16.69916700
16.66770800
16.67262500
16.67150000
16.69887500
16.68691700
16.68383300
16.69258300
16.67850000
16.66020900
16.69220800
16.72187500
16.67158300
16.65458400
16.69287500
16.69583300
16.65612500
16.71875000
16.71225000
16.63950000
16.68045800
16.68941700
16.66887500
16.67416700
16.69712500
16.68254100
16.67708400
16.67212500
16.70591600
16.67020900
16.71000000
16.67400000
16.70345800
16.65979200
16.66645800
16.70395800
16.68250000
16.69291700
16.70362500
16.63158300
16.68208400
16.71129100
16.66312500
16.71150000
16.68233400
16.65716600
16.68429200
16.70225000
16.66416700
16.67875000
16.69804100
16.68125000
16.81900000
16.61187500
16.61004200
16.69333300
16.68162500
16.74437500
16.63008400
16.75375000
16.60387500
16.67704100
16.68316700
16.72108300
16.70266700
16.65616700
16.67987500
16.67512500
16.66287500
16.72466600
16.68333400
16.67362500
16.71258300
16.66900000
16.67208300
16.66362500
16.70841700
16.66558300
16.65545900
16.69520800
16.66904200
16.72608300
16.65154200
16.68129100
16.71804200
16.64754200
16.73095800
16.63787500
16.68595800
16.68862500
16.67325000
16.72575000
16.65450000
16.69441700
16.67512500
16.71341700
16.64729100
16.68475000
16.67712500
16.68375000
16.72604200
16.64816700
16.70170800
16.77295800
16.55866700
16.69941700
16.71958300
16.62770800
16.72725000
16.66654200
16.65295800
16.69708400
16.68116600
16.68933400
16.66875000
16.69962500
16.67291600
16.73158400
16.69141600
16.71004200
16.59429200
16.78320800
16.65291700
16.61254100
16.76879200
16.60116700
16.70887500
16.69429100
16.67691700
16.64812500
16.68808300
16.68020900
16.73512500
16.63850000
16.70112500
16.72508300
16.69237500
16.71800000
16.58491700
16.68150000
16.68129100
16.69183400
16.68425000
16.66008300
16.72012500
16.72687500
16.65020800
16.65191700
16.67066700
16.69279100
16.76833400
16.60750000
16.68370800
16.73666700
16.65154100
16.64741700
16.69200000
16.67312500
16.68766700
16.68650000
16.70066600
16.65100000
16.77350000
16.61504200
16.69566700
16.67058300
16.66862500
16.68570800
16.69504200
16.69033300
16.67133400
16.73579100
16.69841700
16.61658300
16.72866700
16.63370800
16.68541700
16.67366700
16.73383300
16.66208300
16.83975000
16.57162500
16.76883400
16.65887500
16.60641600
16.64666700
16.71250000
16.63625000
16.69745800
16.67133400
16.68150000
16.70412500
16.68445800
16.68300000
16.70916700
16.63412500
16.72641600
16.67541700
16.66837500
16.67733300
16.72741700
16.89858300
16.42816700
16.66908300
16.69462500
16.72475000
16.64883400
16.68358300
16.67795800
16.67400000
16.74625000
16.67379200
16.66470800
16.64362500
16.69220900
16.67920800
16.69491700
16.80275000
16.56300000
16.69291600
16.69829200
16.81729200
16.96879100
16.24066700
16.75629200
16.63870800
16.64100000
16.80512500
16.56741700
16.72750000
16.88925000
16.49837500
16.64900000
16.65554100
16.67679200
16.71237500
16.67925000
16.68295800
16.64966700
16.68354200
16.73825000
16.67395800
16.67762500
16.69412500
16.68754200
16.67654100
16.65462500
16.68241700
16.66762500
16.73012500
16.64483300
16.70633400
16.65008300
16.75237500
16.62716700
16.73616600
16.66937500
16.63595900
16.68191600
16.77550000
16.58804200
16.72258300
16.64037500
16.68875000
16.70333400
16.68487500
16.68558300
16.66587500
16.69687500
16.69875000
16.66845800
16.70858400
16.66175000
16.69008300
16.65995800
16.74579200
16.63062500
16.72887500
16.65945800
16.65704200
17.03662500
17.78591700
15.30237500
16.85804100
16.47929200
16.62862500
16.68816700
16.71679100
16.66754200
16.70445800
16.64212500
16.70608400
16.71825000
16.68104100
16.62666700
16.68041700
16.70120800
16.72358300
16.64041700
16.66862500
16.69058300
16.72679200
16.62916700
16.69820800
16.70000000
16.66991700
16.70325000
16.65900000
16.68862500
16.68233300
16.70954200
16.77008300
16.63554200
16.67533300
16.66987500
16.74416700
16.61812500
16.70170800
16.92583300
16.49662500
16.73929200
16.60195800
16.68445900
16.67716600
16.75808400
16.61750000
16.72100000
16.72162500
16.64762500
16.68287500
17.03158300
16.42241700
16.69200000
16.68391600
16.71300000
16.73583400
16.58954100
16.75508400
16.71995800
16.64837500
16.73004200
17.22779100
16.47945900
16.33191600
16.74104200
16.72595800
16.68679200
16.72058300
16.73562500
16.58875000
16.70054200
16.95520800
16.68245900
16.78204100
16.66933400
16.51779100
16.55954200
16.71912500
16.84404200
16.53041600
16.69054200
16.74916700
16.62479100
16.77650000
16.86033400
16.52970800
16.67291700
16.60804100
16.68337500
16.72754200
16.89100000
16.55704200
16.77054100
16.79216700
16.48020800
16.77983400
16.86575000
16.61670800
16.61466700
16.67745800
16.54866700
16.86812500
16.81833300
16.52270800
16.86016700
16.53450000
16.75579200
16.58408300
16.99091700
16.52225000
17.15012500
16.28454100
16.45237500
16.88208400
16.75254100
16.54583400
16.69450000
16.83325000
16.50225000
16.86095800
16.63287500
17.29566700
16.19250000
16.54683300
16.85083300
16.50045900
16.74904100
16.75345900
16.72316600
16.53637500
16.66554200
16.79516700
16.36450000
16.91987500
16.52495800
16.70512500
16.69720800
16.76120900
16.65804100
16.71575000
16.67245900
16.57050000
16.80150000
17.17504100
16.39012500
16.62845900
16.49650000
16.68429100
16.67350000
16.76975000
16.50683400
16.90345800
16.55129200
16.77154100
16.51637500
16.78495900
16.47629100
16.87058400
16.69041600
16.85500000
16.61429200
16.67904200
16.57241600
16.77058400
16.75529100
16.56191700
16.64783300
16.84712500
16.52870900
16.83575000
16.69954100
16.63291700
16.62266700
16.66325000
16.73691600
16.71404200
16.58291700
16.75370800
16.69879200
16.70695800
16.58708300
17.12204200
16.30587500
16.59604200
16.71300000
16.61387500
16.82616600
16.63025000
16.48725000
16.69150000
16.87491700
16.61245800
16.58341700
16.65537500
16.78312500
16.71054200
16.64475000
16.82487500
16.56987500
16.67916600
16.74100000
16.53700000
16.82591700
17.17012500
16.42704200
16.45541600
16.62237500
16.72066700
16.54404200
16.73229100
16.84104200
16.74450000
16.60770800
16.75025000
16.68279200
16.49912500
16.80787500
16.54591700
16.58883300
16.79429200
16.66408300
16.76341700
16.65091600
16.82087500
17.08579200
16.47570800
16.92362500
16.29800000
16.65129200
16.70016700
16.88983300
16.48858300
16.76783400
16.58112500
16.75150000
16.59900000
16.75154100
16.69000000
16.65054200
16.62125000
16.80150000
17.04695800
16.37279200
16.53987500
16.60650000
16.74641700
16.72500000
16.61958300
16.70108300
16.73679200
16.63475000
16.69050000
16.67829200
16.70062500
16.72137500
16.67220800
16.53216700
16.72675000
17.10450000
16.44116600
16.89083400
16.60841600
16.17808400
17.12462500
16.35445800
16.88633300
16.68366700
16.53229200
16.81845800
16.63445800
16.65900000
16.55166700
16.90604200
16.75491600
16.43766700
16.57029200
16.67483300
16.91116700
16.49237500
16.86225000
16.56629100
16.63754200
16.84070800
16.67937500
16.62583400
16.77937500
16.52625000
16.59229100
16.86487500
16.63108400
17.16800000
16.23616600
16.47387500
16.90458400
16.67687500
16.82120800
16.52262500
16.63133300
17.11066700
16.15716700
16.83212500
16.92258300
16.55541700
16.61287500
16.64150000
16.75025000
16.48662500
16.85395800
16.62516700
16.65062500
16.75566600
16.55179200
16.80970800
16.63262500
16.78320900
16.43104100
16.92204200
16.62429200
16.64058300
16.71725000
16.64420800
16.64329200
16.80787500
16.94175000
16.31275000
16.79200000
16.63783300
16.63895900
16.62420800
16.79254200
16.59087500
16.97020800
16.54025000
16.57358300
16.66608400
16.92595800
16.41545800
16.74650000
16.67087500
16.73550000
16.67966700
16.66466700
16.73175000
16.57545800
16.64670800
16.77050000
16.75008400
16.58333300
16.66979200
16.68858300
16.84725000
16.62883300
16.61979200
16.66395800
16.72204200
16.63720800
16.77833400
16.66191600
16.66362500
16.62470900
16.71204100
16.95829200
16.46583300
16.75279200
16.62558300
16.56891700
16.77291700
16.61737500
16.61808300
16.78454200
16.74941600
16.47304200
16.84320800
16.72066700
16.54075000
16.61695800
16.90254200
16.60479200
16.66962500
16.79325000
16.55383300
16.71520800
16.73608400
17.00533300
16.32083300
16.70075000
16.71075000
16.60183400
16.79429100
16.74462500
16.55941700
16.65616700
16.77212500
16.67241600
16.65208400
16.71879100
16.60675000
16.45425000
16.90545900
16.69120800
16.49041700
16.86916600
16.65300000
16.63800000
16.75804200
16.58308300
16.83066700
16.52362500
16.84066700
16.61691600
16.87754200
16.93337500
16.84262500
16.64245800
16.30520900
16.77687500
16.58637500
16.83225000
16.52750000
16.81662500
16.55958300
17.11933300
16.36195900
16.55512500
16.84900000
16.50483300
16.69295800
16.64020900
16.76945800
16.71754200
16.57291600
16.76987500
16.62041700
16.55125000
16.87445800
16.62370900
16.71687500
16.71212500
16.69533300
16.62741700
16.69562500
16.70966600
16.63712500
17.01737500
16.38879200
16.93625000
16.64104200
16.57675000
16.68408300
16.44804200
16.67162500
16.65941600
16.80912500
16.63229200
16.63466700
16.62266600
16.60808400
16.77133300
16.62020800
16.63329200
16.78216700
16.67083300
16.55225000
16.81537500
16.72366700
16.57133300
16.75275000
16.74187500
16.49283300
16.84650000
16.78804200
16.51870800
16.84491700
16.63600000
16.54200000
16.80300000
16.76633300
16.50879200
16.75533300
16.81587500
16.49495900
16.89183300
16.74254200
16.54454100
16.74587500
16.63854200
16.45412500
16.74975000
16.76216700
16.63554100
16.81025000
16.60558400
16.76333300
16.61658300
16.68212500
16.63366700
16.69675000
16.73179200
16.74870800
16.57400000
16.64029200
16.68133300
16.79541700
16.89262500
16.37075000
16.78787500
16.67470800
16.62800000
16.74504200
16.52125000
16.94475000
16.48025000
16.71395800
16.66645800
16.73250000
16.64575000
16.84295900
16.63291600
16.51358400
16.80820800
16.68695800
16.46720900
16.88345800
16.84133300
16.33629200
16.73795800
16.76604200
16.62004200
16.85208300
16.62808300
16.79075000
16.45900000
16.87362500
16.52354200
16.78125000
16.69316700
16.53558300
16.84650000
16.60929200
16.78945800
16.56441700
16.95175000
16.65012500
16.51983300
16.77483300
16.68308400
16.56433300
16.69295800
16.62487500
16.77929200
16.71033300
16.62970900
16.66962500
16.57945800
16.81258300
16.58916700
16.64083300
16.75700000
16.61275000
16.65100000
16.81875000
16.64333400
16.64691600
16.97200000
16.57158400
16.57491600
16.61704200
16.74541700
16.58362500
16.69116600
16.66900000
16.70825000
16.94045900
16.62291600
16.59754200
16.66329200
16.56733300
16.74991700
16.74866600
16.64587500
16.58466700
16.76233300
16.80641700
16.73862500
16.58091700
16.64720800
16.57779200
16.73187500
16.92787500
16.47083300
16.89716700
16.36487500
16.87583300
16.63866700
16.54412500
16.87754100
16.97900000
16.67475000
16.73204200
16.38400000
16.90804200
16.89041600
16.45079200
16.56858300
16.65379200
16.60095800
16.77625000
16.71154200
16.68816700
16.53825000
16.92895800
16.52700000
16.66916700
16.77016600
16.63829200
16.60104200
16.70658300
16.65766700
16.54991600
16.89637500
16.68258400
16.60279100
16.74391700
17.10470800
16.29125000
16.70912500
16.64004200
16.57187500
16.67266700
16.69170800
17.05195800
16.67012500
16.67350000
16.58516700
16.46483300
16.73679200
16.61733300
16.71091700
16.65829200
16.46912500
16.89062500
16.63929100
16.61241700
16.82741700
16.72570800
16.47887500
16.79716700
16.47608300
16.97912500
16.56712500
16.81137500
16.72675000
16.55220800
16.93362500
16.43350000
16.69100000
16.66633400
16.64395800
16.66516700
16.47033300
16.87229200
17.19820800
16.25829200
16.79129100
16.59945900
16.61437500
16.77191600
16.56295900
16.85637500
16.72179100
16.62545900
16.45862500
16.81400000
16.77195800
16.55304200
16.63495800
16.79150000
16.75770800
16.59375000
16.62891700
16.67345800
16.66458400
16.71091600
16.98283400
16.83545800
16.81729200
16.33441600
16.57895900
16.81433300
16.45566700
16.73900000
16.67529100
16.68354200
16.77025000
16.64066700
16.51408300
16.77808300
16.59450000
16.79008400
16.73795800
16.66987500
16.84266700
16.61216600
16.62945900
16.75362500
16.40266600
16.80708400
16.70329100
16.50595900
16.93416600
16.63675000
16.59270900
16.69770800
16.77158300
16.83870900
16.58012500
16.82133300
16.49537500
16.79583300
16.51754200
16.63245800
17.10479200
16.43450000
16.66462500
16.52250000
16.78904200
16.61350000
16.61091600
16.79775000
16.53887500
16.76791700
16.73354200
16.61591600
16.50608400
16.90808300
16.67720800
16.80879200
16.53725000
16.70925000
16.65783300
16.70645900
16.68037500
16.61633300
16.93275000
16.53500000
16.60354200
16.67820800
16.54975000
16.80362500
16.72333300
16.57362500
16.60304200
16.97662500
16.69020800
16.66716700
16.57279200
16.62729100
16.81566700
16.63504200
16.73766600
16.71437500
16.61220900
16.74700000
16.53195800
16.77762500
16.66983300
16.75729200
16.54816700
16.69445800
16.72154200
16.82945800
16.67304200
16.55937500
16.65195800
16.63629200
16.84708300
16.52791700
16.53433300
16.82475000
16.99254200
16.72762500
16.55358300
16.88591700
16.41829100
16.78450000
16.68558400
16.63333300
16.70187500
16.70612500
16.61783300
16.75016700
16.74408300
16.51037500
17.23791700
16.88987500
16.07700000
16.98583300
16.63420900
16.47633300
16.88954200
16.89345800
16.60354200
16.99175000
16.32058300
16.52050000
16.77129200
16.82070800
16.48575000
17.00816700
16.51283300
16.58570800
16.50966700
16.66837500
16.74666700
16.79679100
16.68237500
16.43133400
16.86150000
16.08970800
17.24629200
16.37495800
16.69791700
16.67283300
16.67608300
16.69145900
16.58045800
16.69966700
16.53154100
16.93520900
16.59195800
16.80925000
16.70929200
16.64566600
16.64258400
16.52837500
16.79362500
16.63704100
16.67000000
16.65741700
16.80120800
16.63433400
16.91241600
16.66079200
16.44654200
16.84650000
16.54616600
16.68308400
16.77741600
16.45983400
16.86979100
16.77525000
16.55575000
16.73675000
16.72812500
16.57587500
16.66108400
16.85304100
16.26858400
17.04312500
16.67545800
16.67162500
16.60537500
16.80812500
16.86975000
16.49412500
16.71604200
16.58287500
16.70662500
16.72395800
16.97991700
16.40304100
16.56029200
16.93162500
16.50854200
16.57725000
16.63679100
16.83400000
16.56270900
16.79070800
16.65929200
16.73362500
16.83537500
16.54504100
16.72225000
16.55979200
16.65945800
16.51633400
16.81808300
16.88804200
16.56066600
16.79904200
16.39037500
16.88029200
16.80362500
16.56254100
16.59529200
16.76087500
16.68037500
16.57054200
16.83187500
16.99133300
16.20787500
16.88150000
16.71904200
16.52220800
16.60525000
16.86579200
16.54612500
16.79208300
16.67612500
16.59633300
16.92366700
16.57725000
16.76962500
16.36583300
16.87891700
16.74220800
16.61408400
16.78716600
16.60704200
16.73662500
16.53900000
16.74200000
16.99058300
16.35887500
16.84279200
16.69120800
16.29075000
16.88554200
16.89970800
16.86020900
16.42483300
16.75216700
16.55908300
16.56504200
16.74287500
16.61466600
16.56054200
16.70295800
16.90650000
16.60433400
16.81700000
16.59970800
16.80162500
16.49466700
16.80795800
16.61408300
16.69712500
16.72062500
16.64979200
16.58545800
16.67687500
17.03695900
16.50562500
16.68154100
16.85366700
16.60170800
16.56566700
16.67008300
16.66620900
17.26725000
16.38462500
16.54254100
16.56545900
16.79479100
16.60237500
16.71616700
16.66454200
16.75191600
16.58345900
16.89616600
16.50775000
16.71429200
16.58937500
16.74175000
16.61429200
16.68050000
16.57258300
16.77766700
16.65008300
16.56966700
16.84487500
16.80183300
16.74758300
16.58045900
16.88241600
16.77333400
16.73433300
16.66208300
16.42508400
16.46858300
16.87837500
16.59562500
16.69108300
16.69600000
16.45679200
16.74583300
16.81704200
16.32650000
16.97854200
16.58279100
16.54725000
16.93283400
16.80912500
16.43312500
16.74525000
16.62112500
16.72583300
16.72758300
16.53854200
16.89204200
16.57325000
16.70591600
16.44937500
17.10995900
16.54066600
16.68583400
16.69245800
16.80916700
16.53220800
17.29100000
16.20308300
16.41962500
16.85158400
16.67937500
16.71308300
16.54470800
16.59845900
16.81883300
16.56879200
16.82125000
16.71258300
16.55150000
16.69495800
16.86220900
16.59712500
16.68391600
16.58112500
16.93429200
16.54612500
16.63654200
16.77058300
16.75704200
16.87683300
16.40654200
16.47845800
16.83216700
16.69887500
16.81145800
16.66504200
16.54412500
16.71670800
16.77933300
16.68558400
16.72925000
16.69725000
16.60983300
16.67504200
16.39920800
16.94912500
16.64379200
16.69150000
16.65850000
16.64412500
16.82000000
16.57345800
16.61479200
16.61562500
16.84504100
16.96687500
16.50245900
16.64525000
16.57175000
16.76500000
16.69333300
16.75991700
16.41250000
16.80258300
16.72362500
16.80570800
16.68612500
16.89275000
16.24733400
16.55466600
17.02279200
16.60220800
16.54237500
16.92087500
16.71920900
16.74691600
16.55808400
16.51750000
16.49612500
16.88883300
16.86312500
16.49287500
16.67941700
16.77745800
16.66600000
16.88533300
16.42841700
16.62804200
16.91570800
16.72275000
16.47141700
16.63333300
16.67862500
16.63600000
16.85358300
16.40483400
16.63862500
17.07079100
16.63250000
16.63662500
16.53962500
16.77612500
16.62333400
16.74437500
16.67025000
16.62325000
16.86833300
16.65495800
16.46583400
16.82329100
16.81633400
16.55095800
16.66708300
16.69316700
16.56283300
16.98095900
16.52125000
16.83083300
16.57162500
16.93945800
16.62508400
16.70320800
16.55025000
16.67104200
16.77379100
16.54729200
17.46145800
16.08554200
16.52116700
16.80220800
16.53583300
16.66741700
16.67900000
16.74970800
16.66041700
16.73279200
16.72737500
16.47650000
16.79950000
16.66062500
16.69337500
16.69516600
16.67470900
16.55950000
16.85020800
16.70662500
16.56050000
16.72195800
17.07170900
16.49454100
16.53437500
16.63291700
16.93625000
16.63679200
16.65558300
16.70012500
16.74187500
16.27691700
16.77958300
16.66075000
16.76679200
16.43733300
16.87625000
16.49341700
17.02262500
16.39987500
16.83275000
16.68537500
16.71312500
16.41395800
16.88875000
16.70400000
16.43666700
16.95308300
16.56729200
16.79500000
16.57795800
16.76766700
16.43300000
16.97183300
16.65187500
16.64187500
16.70966700
16.76141600
16.55916700
16.75962500
17.11125000
16.06125000
16.94212500
16.57541700
16.59091600
16.78545900
16.69245800
16.61325000
16.76745800
16.82962500
16.28283400
16.88870800
16.53466700
16.76075000
16.73791600
16.59079200
16.76212500
16.74450000
16.69725000
16.44487500
16.92979200
16.78466600
16.74008400
16.57787500
16.62483300
16.59358300
16.67129200
16.76262500
16.63166700
16.67179100
16.80800000
16.69120900
16.60400000
16.77412500
16.55000000
16.71750000
16.60808300
16.94416700
16.45991600
16.77216700
16.74783300
16.67191700
16.55891700
16.78391600
16.71279200
16.58900000
17.00062500
17.52016700
15.63087500
17.01641600
16.41420900
16.54791600
16.71137500
16.57137500
16.68329200
16.77829200
16.73054100
16.64987500
16.58075000
16.71483400
16.89904100
16.64004200
16.63654200
16.54950000
16.67279100
16.64304200
16.69858300
16.75437500
16.73312500
16.60633400
16.75941600
16.69900000
16.49545900
16.88562500
16.59737500
16.40920800
17.03433300
16.65837500
16.56270900
16.71854100
16.67462500
16.48833400
17.35162500
16.41520800
16.52645800
16.62687500
16.69033400
16.73304100
16.71362500
16.69670900
16.67854100
16.80008400
16.54087500
16.72341600
16.61487500
16.58420900
16.73687500
16.74400000
16.40575000
16.97591600
16.63670900
16.69266600
16.63450000
16.70845900
16.68079100
16.64254200
16.73216700
16.67487500
16.74641600
16.71433400
16.53900000
16.63291600
16.83695900
16.54675000
16.82770800
16.92983300
16.44470900
17.37695800
16.22562500
16.43704200
17.20870800
16.40470800
16.84262500
16.47800000
16.67470900
16.55637500
16.70720800
16.68712500
16.67712500
16.73991700
16.68862500
16.54333300
16.77975000
16.71191700
16.55533300
16.76479200
16.68562500
16.76545800
16.57554200
16.69508300
16.64254200
16.69879100
17.12425000
16.35162500
16.61379200
16.58641700
16.75779100
16.62345900
16.62800000
17.11816600
16.62862500
16.69995900
16.62341600
16.47612500
16.47195900
16.89795800
16.54366700
16.68037500
16.80529100
16.56679200
16.62341700
16.73783300
16.71854200
16.57187500
16.79112500
16.69025000
16.47354100
16.89187500
16.62012500
16.83550000
16.71141700
16.56962500
16.70054200
16.69800000
16.73679100
16.51375000
16.63600000
16.74041700
16.62383300
16.88466700
16.75133300
16.51500000
16.57237500
17.14500000
16.58329200
17.01558300
16.46291700
16.66941700
16.71191600
16.89337500
16.44316700
16.98629200
16.19354100
16.54625000
16.72983400
16.69354100
17.30016700
16.60654200
16.50591600
16.91558400
16.02058300
16.71279200
17.06487500
16.44616600
16.70558400
16.60229100
16.63591700
16.56275000
16.79141700
16.63666600
16.92954200
17.24437500
16.05570800
17.05329200
16.73125000
16.20183300
16.87050000
16.83145900
16.47154100
16.51608400
16.57991600
16.77437500
17.07720900
16.53804100
16.42675000
16.84091700
16.42433300
16.74766700
16.71229200
16.79287500
16.56350000
17.54654100
15.98125000
17.40979200
16.47637500
16.35466700
16.37300000
16.74700000
16.59850000
16.93083300
16.54504200
16.79312500
16.43025000
16.78262500
16.92637500
16.65662500
17.12295800
16.55620800
16.56083400
16.41995800
16.79050000
16.59241700
16.67912500
16.36616600
16.62512500
17.00654200
16.94541700
16.69420800
16.75812500
16.60262500
16.45250000
16.64875000
16.74858300
16.61008400
16.82591600
16.61412500
16.78300000
16.77170900
16.19600000
16.59891600
16.95266700
16.52795800
16.62791700
16.75575000
16.63858300
16.84879200
16.54004200
16.72720800
16.59058300
16.77279200
16.60470800
16.57479200
16.82308300
16.65020900
16.61020800
16.74770800
16.65920900
16.61487500
16.74000000
16.94770800
16.37562500
16.78537500
16.67516700
16.64087500
16.76725000
16.74791600
16.62579200
16.59387500
16.70266700
16.68162500
16.84900000
16.65066600
16.71170900
16.63150000
16.95900000
16.59562500
16.89395800
16.30529200
16.81841600
16.77650000
16.42775000
16.87616700
16.49854200
16.75658300
16.80179200
16.53333300
16.53170800
17.18670900
16.40225000
16.56600000
16.82658300
16.52658300
17.09250000
16.48916700
16.53891700
16.72633300
16.71895800
16.54000000
16.59620900
16.82116600
16.61875000
16.77091700
16.59795800
16.85045900
16.48625000
16.75775000
16.72941600
16.55112500
17.13683400
16.76675000
16.29066600
16.82216700
16.50687500
16.58091700
16.91645800
16.99258300
17.60808400
15.55966600
17.00983400
16.48704100
16.77187500
18.88879200
15.07758300
15.80829200
17.63808300
17.53175000
19.70979200
16.36125000
13.43320800
16.04512500
17.60179200
15.40325000
16.69741700
16.59462500
16.58920800
16.64800000
16.86591700
16.61329100
16.54179200
16.48587500
16.72066700
16.70520800
16.78191700
16.83495800
16.48325000
16.63537500
16.84575000
16.48816700
16.54858300
16.82141700
16.53862500
16.62958300
17.04495800
16.40654200
16.61679200
16.71829100
16.86562500
16.85216700
16.60045800
16.46620900
16.49062500
17.00504100
17.06954200
16.68516700
16.84662500
16.83070800
18.22366700
22.93404100
11.04508400
14.45554100
16.06537500
17.00625000
16.26162500
16.49683400
16.91645800
16.60941700
16.66604100
16.83345900
16.51858300
16.76954200
16.64425000
16.82170800
16.36729200
16.71170800
16.98458300
16.79579200
16.38962500
16.73462500
16.71016700
16.67412500
17.04137500
16.30708300
16.69141700
16.66470800
16.63254200
16.51308300
16.70166700
16.98145800
16.54804200
16.65458300
16.76066700
16.56891600
16.69141700
16.72683300
16.58083400
16.88475000
16.60762500
16.68462500
16.85037500
16.49066600
16.75683400
16.59608300
16.90295800
16.53250000
16.66333400
16.71400000
16.42308300
17.02887500
16.60841700
16.66987500
16.65050000
16.60437500
16.85329100
16.63025000
16.68320900
16.53358300
16.78587500
16.63995800
16.64162500
16.80812500
17.18795900
16.46516600
16.55804200
17.18816700
16.22675000
16.73416600
16.27462500
16.79437500
16.73783400
16.68937500
17.02212500
16.52750000
16.84700000
16.62625000
16.43991600
16.56091700
16.87858300
16.48004200
16.59245800
16.94312500
16.91833400
16.36658300
16.58804200
16.56020800
16.74787500
16.81033300
16.57720900
16.70066600
16.55254200
17.02837500
16.42929200
16.75541600
16.72741700
16.50020800
17.05741700
16.53370800
16.87970900
16.57737500
16.72041600
16.58525000
16.78658400
16.66950000
16.91629100
16.43762500
16.63991700
16.69950000
16.67400000
16.64887500
16.69333300
16.69045900
16.63904100
16.86795900
16.55958300
16.67762500
16.71841700
16.58437500
18.24879100
15.07470900
16.67979100
16.57266700
16.82483300
16.75008400
16.52208300
16.84704200
16.61650000
16.59591600
16.77412500
16.94566700
16.75941700
16.70158300
16.51425000
16.44829200
16.66383300
16.72454200
16.55300000
16.84512500
16.46129100
16.74916700
16.76733300
16.67483400
17.11183300
16.34866700
16.59729100
16.72654200
16.85579200
16.59716600
16.43587500
16.81320900
17.08900000
16.36187500
16.69012500
16.72108300
16.46550000
16.98870800
16.40229200
16.47104200
17.05425000
16.75362500
16.51637500
16.64770800
16.65758300
16.82662500
16.82154200
16.45066700
16.68545800
16.64975000
16.55045800
16.76158400
16.72925000
16.57858300
16.96204200
16.53800000
16.49150000
16.71316600
16.98204200
16.54333300
16.62975000
16.57483400
16.70116600
17.05225000
16.39350000
16.66279200
16.63808300
16.84162500
16.49262500
16.97304200
16.48045800
16.67287500
16.77500000
16.80779200
16.40250000
16.81629200
16.67470800
16.75204200
16.78254100
16.60641700
16.52812500
16.74420800
16.60866700
16.84820800
16.79583400
16.74579100
16.41279200
16.77362500
16.60445800
16.86966700
16.52204200
16.70645800
16.45954200
16.95083300
16.68245800
16.52016700
16.86562500
16.60400000
16.61412500
16.67583300
16.75620900
16.76095800
16.58300000
16.79345800
16.44816700
16.94741700
16.81341600
16.53604200
16.67312500
16.51891700
16.68175000
16.75091600
16.61350000
16.94654200
16.56725000
16.49087500
16.88754200
16.66379100
16.59087500
16.82245900
16.58904100
16.58916700
16.71454200
16.57204100
16.86370900
16.58912500
16.79500000
16.58820800
16.84995800
16.48170900
16.50750000
17.11120800
16.48850000
16.82416700
16.60120800
16.64783300
16.60887500
16.73950000
16.63345900
16.65308300
16.67387500
16.71262500
16.71887500
16.94270800
17.36558400
16.33779100
49.51154200
39.27341700
11.35595800
19.33991700
11.01850000
7.76845800
7.44137500
7.71100000
7.60916700
7.51145800
14.45754200
16.66616600
16.70950000
16.58712500
16.75687500
17.21295900
18.79550000
16.43266600
15.93966700
17.61833300
15.65362500
15.37862500
16.89066700
16.46095800
16.72925000
16.47679200
16.82920800
16.77091700
16.45704200
16.61508300
16.84025000
16.61700000
16.68175000
16.66700000
16.58837500
16.85075000
16.61058300
16.61112500
16.75775000
16.65066700
16.51533300
16.90345900
16.65391600
16.58025000
16.83908400
16.71079100
16.60445900
16.87033300
16.47400000
16.53966700
16.79929100
16.69500000
16.81208400
17.03325000
16.84358300
16.26304200
16.48262500
17.30508300
16.34408300
16.38054200
16.67525000
16.66387500
16.78479200
16.42187500
16.74966600
16.88000000
16.33041700
17.12037500
16.39275000
16.72508300
16.84370900
16.67066600
16.50391700
16.72966700
16.67425000
16.61825000
16.67479100
16.90725000
16.48750000
16.60358400
17.12162500
16.18870800
16.91175000
16.83120800
16.75691700
16.52108300
16.81812500
16.52483400
16.66229100
16.73654200
16.46600000
16.84500000
16.64433300
16.69666700
16.56904200
16.83829100
16.55316700
16.74887500
16.58966700
16.56641600
16.94287500
16.53754200
16.73204200
16.66783300
16.79208300
16.44645900
16.88904100
16.75320900
16.49387500
16.75412500
16.55962500
16.69504100
16.91479200
16.51383300
16.76879200
16.67704200
16.83679100
17.20395900
16.11266600
16.51229200
16.64991700
16.74429100
16.77754200
16.56791700
16.64341600
16.92812500
16.61787500
16.58462500
16.65525000
16.73125000
16.58325000
16.52270900
16.77266600
16.91333400
16.48687500
16.79937500
16.79800000
16.43341600
16.78954200
16.80566700
16.68000000
16.65354100
16.58191700
16.58608300
16.78295900
16.95687500
16.31429100
16.66258400
16.78154100
16.65179200
16.82333300
16.68504200
16.50737500
16.72512500
16.76237500
16.52433300
16.81800000
16.70954200
16.60083300
16.68166700
16.74766700
16.69879100
16.60529200
16.68416700
16.74545800
16.70854200
17.17058300
16.24066700
16.76333300
16.63845800
16.51354200
16.72729200
16.71012500
16.56908300
16.88204200
16.46912500
16.81529100
17.46625000
16.20037500
16.43250000
16.74800000
16.46912500
16.87795900
16.62841600
16.64862500
16.67358400
16.61525000
16.84983300
16.61458300
16.66808400
16.62475000
16.59012500
16.72629100
16.51433400
16.96587500
16.71875000
16.67891600
16.46387500
17.16337500
16.51691700
17.14350000
16.38645800
16.56666700
16.84116700
16.56470800
16.52891700
16.75283300
17.14587500
16.40487500
16.72412500
16.56237500
16.69858300
16.60937500
16.73008400
16.61654100
16.60329200
16.73258300
16.67462500
16.80350000
16.65837500
16.67408400
16.65304100
16.67933400
16.73129100
16.63658400
16.74604100
16.85420900
16.58720800
16.41775000
16.80487500
16.67758300
16.77462500
16.84108400
16.53637500
16.63637500
16.66154100
16.49620900
17.42004100
16.15879200
16.65158300
16.50370900
16.89629100
16.52783400
16.69658300
16.52512500
16.70537500
16.76820800
16.85500000
16.27120900
16.90933300
16.83845800
16.58979200
16.70058300
16.62704200
16.68291700
16.53766600
17.35770900
16.53829100
16.55804200
17.06900000
16.24462500
16.46008300
16.71483400
16.62762500
16.63208300
16.77945800
16.73458400
16.76004100
16.60816700
16.65600000
16.64500000
16.79891700
16.71308300
16.53270800
16.81004200
16.64125000
16.74604200
16.51700000
16.69425000
16.78166600
16.57483400
16.63579100
16.59304200
16.87125000
16.50233300
16.89141700
16.56808300
16.72975000
16.74691700
16.66658300
16.67420900
16.55229100
16.81208400
16.65795800
16.78600000
16.51879200
16.66970800
17.08241700
16.58804100
16.58570900
16.76537500
16.56433300
16.60141700
16.65291600
16.80929200
16.65408300
16.70591700
16.73154200
16.54170800
16.79516700
16.61933300
16.56887500
16.76308300
16.55083400
16.71333300
16.79308300
16.69933400
16.56400000
16.67825000
17.12379100
16.40300000
16.72425000
16.64079200
16.60704200
16.69133300
16.65879200
16.73387500
16.59450000
16.61204100
17.01195900
16.56320800
16.69562500
16.77025000
16.58354200
16.60979100
16.69804200
16.68291700
16.42104100
16.94216700
16.57283300
16.70816700
16.79154200
16.65158300
16.61566700
16.82629100
16.54545900
17.18308300
16.18237500
16.72875000
16.45425000
16.94154200
16.83525000
16.56733300
16.72566700
16.63491600
16.55362500
16.93400000
16.81279200
16.43675000
17.29070800
16.73291700
16.36079200
16.41579100
16.67708400
16.99783300
16.37100000
16.97475000
16.33212500
16.82179200
16.61283300
16.61779200
16.67037500
16.72262500
16.71341600
16.44954200
16.85437500
16.64333300
16.64787500
17.07816700
16.57154200
16.62608300
16.85545800
16.66587500
17.03304200
16.40941700
16.65008300
16.68920800
16.34758400
16.94437500
16.60220800
16.51308300
16.87841700
16.54470800
16.89737500
16.42608400
16.75670800
16.60845800
16.75320900
16.63858300
16.59029200
16.84666600
16.62283400
16.57100000
16.77200000
16.67191600
16.60858400
17.11600000
16.42591600
16.65679200
16.72804200
16.54541600
16.71758400
16.89162500
16.76370800
16.57845800
16.60191700
16.81179200
16.93116600
16.18933400
16.66537500
16.65941600
16.53870900
16.64787500
16.57137500
16.86870800
16.75070800
16.78950000
16.67066700
16.60804200
16.62383300
16.75912500
16.72695800
16.58345900
16.77083300
16.66179200
16.57025000
16.72795800
16.61058300
16.72712500
16.98170900
16.38320800
16.67137500
16.75208300
16.59079200
16.87358300
16.58154200
16.55233300
16.75650000
16.96516700
16.42441700
16.69375000
16.71870800
16.61041700
16.61212500
16.87729100
16.85104200
16.49408300
16.56845900
16.73362500
16.71108300
16.73720800
16.53520900
16.71191600
16.79466700
16.40829200
16.87712500
17.03066600
16.32412500
16.73900000
16.65579200
16.50045800
16.83979200
16.83170800
16.59037500
18.07179200
19.74483300
12.21662500
17.23354200
16.66412500
16.50279200
16.67191600
16.68250000
16.72475000
16.73041700
16.84641700
16.33891600
16.69375000
16.68725000
17.07841700
16.50341700
16.61854100
16.58391700
16.50629200
16.64220800
16.82150000
16.65762500
16.52687500
16.60450000
16.74233300
16.93200000
16.47450000
16.60095900
16.59458300
17.71779200
17.62904100
14.96991700
16.85750000
16.78895800
16.66254200
16.61704200
16.52437500
16.56408300
16.73462500
16.61595800
16.68412500
16.65395900
16.64291600
16.79808400
16.61145800
16.61891700
16.68037500
16.74300000
16.74487500
16.51758300
16.84700000
16.59837500
16.65325000
16.72029200
16.71800000
16.55616600
16.78304200
16.75066700
16.66604100
16.65608400
16.68595800
16.60404200
16.61354100
17.12229200
16.44879200
16.67270800
16.64354200
18.94850000
14.91179100
16.03616700
16.81441700
16.60966600
16.73729200
16.67445800
16.59966700
16.68925000
16.73791700
16.75787500
16.54333300
16.70837500
16.76708300
16.56458400
16.75608300
16.74220800
16.54329200
17.09670800
16.40966700
16.58829200
16.73516600
16.67075000
16.50683400
16.87487500
16.78575000
16.85541600
16.65445900
16.72929100
16.41879200
16.83687500
16.71766700
16.51066600
16.74666700
16.73820800
16.50741700
16.86925000
16.59491700
16.58575000
16.76616600
16.76516700
16.53108300
16.74008400
16.74408300
16.74962500
16.70420800
16.64958400
16.62662500
16.72500000
16.67891600
16.61737500
16.71766700
16.58137500
16.78525000
16.71650000
16.56358300
17.17429200
16.36979200
16.49620800
17.17970800
16.54529200
16.61875000
16.65350000
16.54904200
16.39020800
16.90458300
16.58975000
16.64429200
16.62895800
16.73412500
16.78887500
16.63000000
16.61145900
16.69195800
16.84537500
16.66270800
16.48883400
16.83583300
16.82145800
16.58087500
16.68737500
16.69833400
16.56004100
16.62141700
16.80520800
16.58058400
16.82458300
16.70379200
16.59266600
16.76320900
16.57308300
16.66050000
16.75220800
16.67125000
16.63454200
16.77229200
16.61558300
16.74666700
16.59650000
16.79112500
16.67441600
16.52600000
16.90275000
16.60875000
16.56412500
18.21704200
15.40720800
16.80154200
16.48841700
20.03150000
13.52479100
16.47445900
16.69050000
16.66716600
16.67966700
16.62595800
17.04100000
16.43400000
16.66254200
16.82616700
16.43620800
16.75029200
16.83745800
19.88262500
13.40804200
16.65891600
16.55804200
17.00325000
16.39683300
16.80991700
16.55395800
16.67762500
16.68654200
16.75737500
16.62125000
16.57608300
16.72287500
16.61604200
16.92258300
16.62700000
16.59091700
16.74970800
16.61208400
16.71962500
16.60645800
16.73662500
16.70045800
16.77895900
16.63250000
16.67141600
16.77087500
16.46608400
16.80858300
16.62920800
16.77316700
16.61012500
16.72170800
16.75258400
16.68966600
16.47645900
16.67054100
16.73387500
16.73741700
16.71787500
16.64541700
16.69770800
16.67229200
16.69791600
16.87279200
16.54787500
16.47991700
16.65541600
16.74708400
16.79933300
16.66325000
16.52158300
17.05695900
16.54945800
16.68537500
16.37416700
16.77133300
16.84020800
16.56900000
16.73358400
16.64766600
16.72387500
16.73887500
16.75316700
16.62045800
16.68675000
16.62450000
16.44308400
16.99166600
16.91150000
16.46904200
16.67116700
16.48900000
16.72762500
17.00625000
16.68479100
16.62591700
17.21362500
16.31266700
16.65220800
16.49112500
16.80937500
16.57162500
16.79975000
16.69633300
16.65366700
16.82675000
16.49433300
16.75775000
16.60837500
16.66141700
16.68783300
16.68637500
16.73629200
16.67883300
16.67166700
16.66054200
16.70654100
16.64666700
16.81570800
16.62500000
16.81862500
16.44504200
16.72891700
16.74041600
16.60562500
16.70458400
16.62650000
16.83941600
17.12170900
16.34020800
16.71254200
16.89479100
16.35212500
16.35333400
16.95754100
16.51858400
16.58208300
16.79987500
16.67716700
16.42591600
16.96416700
16.61320800
16.74387500
16.64337500
16.66904200
16.66641700
16.63616600
16.76295900
16.60416600
16.78095900
16.64887500
16.76145800
16.57866700
16.97883300
16.47204200
16.62579100
16.93379200
16.42987500
16.53737500
16.82595800
16.90516700
16.60495800
16.56995900
16.69741600
16.85183400
16.40700000
16.87783300
16.64441700
16.58566600
16.82054200
16.53341700
16.76975000
16.84287500
16.48383300
16.66262500
16.83641700
16.61200000
17.38804100
16.31033400
16.38900000
16.73479100
16.51670900
16.66954100
16.71754200
16.59350000
16.80933300
16.77037500
16.59491700
16.60395800
16.73750000
16.65945900
16.94666600
16.56350000
16.61045900
16.64462500
16.55920800
16.85966700
16.60600000
16.63983300
16.73866700
16.78216600
16.51887500
16.72762500
16.75875000
16.59612500
16.60341700
16.78545800
16.61054200
16.74608300
16.70666700
16.60779200
16.68100000
16.76179100
16.84008400
16.59845800
16.49729200
16.89604100
16.50600000
16.70679200
16.57691700
17.05691600
16.26116700
16.94483300
16.57266700
16.68304200
16.63954100
16.91641700
16.39675000
16.75591700
16.72450000
16.48754100
16.88479200
16.65029200
16.71695800
16.50995800
16.84791700
16.52670800
16.89379200
16.57495800
16.70045900
16.81725000
16.63025000
16.64900000
16.79358300
16.65204200
16.43245800
16.89620800
16.71245900
16.44837500
16.63233300
16.89329200
16.90933300
16.56762500
16.56137500
16.75883300
16.69437500
16.78066700
16.58108300
16.62600000
16.89145900
16.89316600
16.56691700
16.70912500
16.57504200
16.67979100
16.60625000
16.75958400
16.77704100
16.53254200
16.75716700
16.64529100
16.58829200
16.84220800
16.90316700
16.73825000
16.36637500
16.64112500
16.53720800
16.77625000
16.71758400
16.88616600
16.93300000
16.66825000
16.33991700
16.79320800
16.49004200
16.65441700
16.71616600
16.74258400
16.56516600
16.71487500
16.73308400
16.49741600
17.30583400
16.34445800
16.70333300
16.61716700
16.67887500
16.49529200
16.64908300
17.01354200
16.33687500
16.55829100
16.81866700
16.62816700
16.94079100
16.83108400
16.43358300
16.73525000
16.54895800
16.79016700
16.88408300
16.68408400
16.48320800
16.61483300
16.66770900
16.67712500
16.67620800
16.70262500
16.61550000
16.96137500
16.39416700
16.66554100
16.77483400
16.69537500
16.51412500
16.76725000
16.61983300
16.74779200
16.79145800
16.60941700
16.67395800
16.66741700
16.90762500
16.55233300
16.68183300
16.56729200
16.68212500
16.68579200
16.55445800
16.85433300
16.73779200
16.57629200
16.89212500
16.62845800
16.56470800
16.72437500
16.66000000
16.65183400
16.71395800
16.70533300
16.64741700
16.73208300
16.54191700
16.70820800
16.72800000
16.73675000
16.61962500
16.78675000
16.65158400
16.62954100
16.74416700
16.65504200
16.80679100
16.68833400
16.60187500
16.69870800
16.59875000
16.89516700
16.47020800
16.81187500
16.71041700
16.66704100
16.63070900
16.64500000
16.65020800
16.69812500
16.61491700
16.85433300
16.73158300
16.62033400
16.63408300
16.67779200
16.65304100
16.63608400
16.71516600
16.56087500
16.77041700
16.69854200
16.56125000
16.88875000
16.53579100
16.69079200
16.98387500
16.50395800
16.58820900
16.69912500
16.62833300
16.67737500
16.70145800
16.78566700
16.43591700
16.97795800
17.07154200
16.52479100
17.05812500
16.41266700
16.44554200
16.51750000
16.94754100
16.31708400
16.77250000
16.69779100
16.59800000
16.80320900
16.50987500
16.86125000
16.59254100
16.57537500
17.04320900
16.62666600
16.55370900
16.81508300
16.45941700
16.69350000
16.74270800
16.92237500
16.33262500
16.69820800
16.79387500
17.36516700
15.99458300
16.73758400
16.49316600
16.73570900
17.06866600
16.61358400
16.85354100
16.50775000
16.41033400
17.19070800
16.37587500
16.51312500
16.88116700
16.64612500
16.51708300
16.81241700
16.64495800
16.60312500
16.80387500
16.69600000
16.53375000
16.83308300
17.12962500
16.15550000
16.80220900
16.75879100
16.42770900
16.87866600
16.58025000
16.56237500
16.78566700
16.93270800
16.46750000
16.74275000
16.73625000
16.55354200
16.71191700
16.66779100
17.01300000
16.47170900
16.69320800
16.89662500
16.36300000
16.55366700
16.77683300
16.68837500
16.92566700
16.46141600
16.58637500
16.74391700
16.96404200
16.40679100
16.55445900
16.72020800
16.62908300
16.67316700
16.68966700
16.75958300
16.53225000
17.51250000
16.26112500
16.38175000
16.62350000
16.83158300
16.67720900
16.61779100
16.66879200
16.51375000
16.76970800
16.92962500
16.48320900
16.90250000
16.56408300
16.56604200
16.85616600
16.62508400
16.64533300
16.72266700
16.50141600
16.63466700
17.19725000
16.59125000
16.67620800
16.45879200
16.76554200
16.52079100
16.76975000
16.66108400
16.57916600
16.82945900
16.63995800
16.76579200
16.63820800
16.74212500
16.72466700
16.56566600
16.68100000
16.96241700
16.57062500
16.59370800
16.67091700
16.74020800
16.98450000
16.43170900
16.56558300
16.56483300
16.86258400
16.78208300
16.97729200
16.38945800
16.37012500
16.81650000
16.80337500
16.53187500
16.69975000
16.70000000
16.77566700
16.58529100
16.52104200
17.49291700
15.98575000
16.74604100
16.76145900
16.60108300
16.82150000
16.58325000
16.66487500
16.71316700
16.56508300
16.68254200
16.86050000
16.56712500
16.65529100
16.87445900
16.57995800
16.66637500
16.59808300
16.58087500
16.69945900
16.76370800
16.83612500
16.77895800
16.69866700
18.92216700
15.27262500
16.60300000
16.61900000
16.17945800
17.19762500
16.58170800
16.44620900
16.72370800
16.63475000
16.41883300
16.55391700
16.74962500
16.82020800
16.82604200
16.62912500
16.64733300
16.50675000
16.56337500
16.63579200
16.72345800
16.53679200
16.81650000
16.57220800
16.83870900
16.82395800
16.49116700
16.67283300
16.40616700
17.00858300
16.58541700
16.76341600
16.63879200
17.02729200
16.61675000
17.15537500
16.60779100
16.40725000
16.39320900
16.59100000
16.77679100
16.67250000
16.67358400
16.65254100
16.71429200
16.64737500
16.81595800
16.57770900
16.65337500
16.71125000
16.63054100
16.80045900
16.52566600
16.80833400
16.71512500
16.63283300
16.72933300
16.56291700
16.95016700
16.69991600
16.51408400
16.67383300
16.56595800
16.74716700
16.66225000
16.65462500
16.68966700
17.00858300
16.50554200
16.78020800
16.72208300
16.07837500
16.83920900
16.61620800
16.73495800
16.56583400
16.84070800
16.55887500
16.74329200
16.61529100
16.83062500
16.60925000
16.69945900
16.77200000
16.51854100
17.24095900
16.25879100
16.79766700
16.66916700
16.48004100
16.88266700
16.55729200
16.77220800
16.67962500
16.58887500
16.70066700
17.09158300
16.43000000
16.85520800
16.42945900
16.64287500
16.64675000
16.74345800
16.60254200
16.79704100
16.52912500
16.89904200
16.60779200
16.69604100
16.64291700
16.65187500
16.80212500
16.65491700
16.57829100
16.66537500
16.73383400
16.83508300
16.47387500
17.05491700
16.50325000
16.62362500
16.44783300
16.82737500
16.78408300
16.49995900
16.69962500
16.74308300
16.81516700
16.67950000
16.44862500
16.66933300
16.74554200
16.69354100
16.65779200
16.77891700
16.68208300
16.70695800
16.79087500
16.55662500
16.58725000
16.87587500
16.75395900
16.50712500
16.80633300
16.45583300
17.07229200
16.56325000
16.54633300
16.59808400
16.78791600
16.64758400
16.61483300
16.72916700
16.74291600
16.38054200
17.01416700
16.98062500
16.26337500
16.82987500
16.90575000
16.44875000
16.62779100
16.75875000
16.62562500
16.50729200
16.96441700
16.51075000
16.73479100
16.59716700
16.82233300
16.70141700
16.49237500
16.67295800
16.80091700
16.53895800
16.72416700
16.76966700
16.68987500
16.93912500
16.29850000
16.72466600
16.82179200
16.70029200
16.48908300
16.84175000
16.80275000
16.49104200
17.03608300
16.63129200
16.51970800
16.51979200
16.69375000
16.74683300
16.66795800
16.88187500
16.51675000
16.67670900
16.62991600
16.56491700
16.77254200
16.70087500
16.67266600
16.74604200
16.70550000
16.60445800
17.08895900
16.40804100
16.53645900
17.09458300
16.65350000
16.73583300
16.59300000
16.68383400
16.53925000
16.69262500
16.68250000
17.00679100
16.60479200
16.60483300
16.63887500
16.57666700
16.61287500
16.75458300
16.77995900
16.50841600
16.89650000
16.53933400
16.65583300
16.79504200
16.58829100
16.57716700
16.82745800
16.63958400
16.58004100
16.83983400
16.68625000
16.54550000
16.81800000
17.07675000
16.25608300
16.60683300
16.97420900
16.52712500
16.79483300
16.55925000
16.50370800
16.82270900
16.78037500
16.41637500
16.80575000
16.62041600
16.46904200
16.79504200
16.68787500
16.65462500
16.70891600
16.80612500
16.47133400
16.79112500
16.69775000
16.63029100
16.77895900
16.63729100
16.68908400
16.71029100
16.77450000
16.66500000
16.65170900
16.63504100
16.74375000
16.67450000
16.63358400
16.67966600
16.70683400
16.54687500
16.78416600
16.93583400
16.52091600
16.59187500
16.76708400
16.39279100
16.87954200
16.69925000
16.44045800
16.88929200
16.76600000
16.55687500
16.75783300
16.50445900
16.74683300
16.73891700
16.71970800
16.53437500
16.83958300
16.66812500
16.58554200
16.73475000
16.59450000
17.11145800
16.42829200
16.52175000
16.77025000
16.96783300
16.45700000
16.83962500
16.56695900
16.69675000
16.62479100
17.03800000
16.46637500
16.43891700
16.70729200
16.72837500
16.64270800
16.74700000
16.67558300
16.73212500
16.70683400
16.59750000
16.71950000
16.66183300
16.70200000
16.67850000
16.62837500
16.86045800
17.11900000
16.46975000
16.75341700
16.72133300
16.63137500
17.26700000
15.95050000
16.69429200
16.65016700
16.95891600
16.70429200
16.54020800
16.63329200
16.55720800
16.58554200
16.76970800
16.58170900
16.64254100
16.60512500
16.79000000
16.65379200
16.59995800
16.71716700
16.68850000
16.77175000
16.60379200
16.68491600
16.64329200
16.61362500
16.74308300
16.75987500
16.71091700
16.53358300
17.07300000
16.58241700
16.49383300
16.75854200
16.57020800
16.59000000
16.81866700
16.65820800
16.59066700
16.75200000
16.59720800
16.80100000
16.58537500
16.90279200
16.53695800
16.66545900
16.70700000
16.68016600
16.70662500
16.79650000
16.64866700
16.60195800
16.65754200
16.74845800
16.64466700
16.52445800
16.71995900
17.14137500
16.47004100
16.53858400
17.02462500
16.48620800
16.85445800
16.61204200
16.54345800
16.84466700
16.62125000
16.63804200
17.19833300
16.35020800
16.58920900
16.74983300
16.56720800
16.65625000
16.76133400
16.73383300
16.60658300
16.83741700
16.58187500
16.62145800
16.62316700
16.84341700
16.50279100
16.80066700
16.68454200
16.62233300
16.66950000
16.77725000
16.56279200
16.68241600
17.48041700
16.46654200
16.53129100
16.69075000
16.25041700
16.55266700
16.69241600
16.75895900
16.74554100
16.65312500
16.58933400
16.71804100
16.61808400
16.80062500
16.57250000
17.02875000
16.55975000
16.56408300
16.46887500
16.98220800
16.55320900
16.45195800
16.87691700
16.72533300
16.63733300
16.59775000
16.86700000
16.74620900
16.62629100
16.59845900
16.65820800
16.72141700
16.64829100
16.62854200
16.76608300
16.67220900
16.63950000
16.91116600
16.77579200
16.58633300
16.63970900
16.65637500
16.60729100
16.68145900
16.73945800
16.54095800
16.78170900
16.78300000
16.51437500
16.71579100
17.02241700
16.28479200
16.79716600
16.67787500
16.72579200
16.68212500
16.60070800
16.63691700
16.71758300
16.67591700
17.05441700
16.42754100
16.61137500
16.83850000
16.58866700
16.87954200
16.48945800
16.57995800
16.52141700
16.90370800
16.67320900
16.60333300
16.83658300
16.65691700
17.08825000
16.52141700
16.42708300
16.59783300
16.72133400
16.80908300
16.54204200
16.84770800
16.61075000
16.47337500
16.81525000
16.55558300
16.96050000
16.62583400
16.56950000
16.62720800
16.71950000
16.73070800
16.64766700
16.63791700
16.72554100
16.48204200
16.86158300
16.72320900
17.25929100
16.66800000
16.75758400
16.45691600
17.73920900
15.60320800
16.32820800
16.72562500
16.74433400
16.53279100
16.76379200
16.73691700
16.69154100
16.59020900
16.70762500
16.66258300
16.47287500
17.01691700
16.59100000
16.77304100
16.52891700
16.70016700
17.06245800
16.32300000
16.68562500
16.69729200
16.55225000
16.73416600
16.75604200
16.86154200
16.54791600
16.77516700
16.48783300
16.68691700
16.77133300
16.57145900
16.77445800
16.56516700
16.67070800
16.80720800
16.55575000
17.08837500
16.77075000
16.63070900
16.49116600
16.83866700
16.58191700
16.59983300
16.75929200
16.89054100
16.45900000
16.61575000
16.76570900
16.58066600
16.73487500
16.75954200
16.49708300
16.77312500
16.63950000
16.68895900
17.26554100
16.41887500
16.37570900
16.73745800
16.71987500
16.72708300
16.59541700
16.63487500
16.82179200
16.71087500
16.57537500
16.67962500
16.61962500
16.72270800
16.68537500
16.93787500
16.68925000
16.67091700
16.62445800
16.25887500
16.88075000
16.61379200
16.84741600
16.64666700
16.55583300
16.76983400
16.60250000
16.49750000
16.81683300
16.65325000
16.63491700
17.03800000
16.42570800
16.63025000
16.58833300
16.92275000
16.59883400
16.63062500
16.71654100
16.79375000
16.53962500
16.69425000
16.65912500
16.66091700
16.88370800
16.57412500
16.58370900
16.73779100
16.62633400
16.97395800
16.47520800
16.64470900
16.61725000
16.83158300
16.73208300
16.54337500
16.60300000
16.84900000
16.61579200
16.71254200
16.95879100
16.65500000
16.51250000
16.74716700
16.51479200
16.86175000
16.62304100
16.60529200
16.82741700
16.31379100
17.09479200
16.60579200
16.49658300
16.73862500
16.75112500
16.57279200
16.74954100
16.67104200
16.60300000
16.91337500
16.56250000
16.66316700
17.02020800
16.74400000
16.23433300
16.77187500
16.67075000
16.63295900
16.74237500
16.65308300
16.64354200
16.78479100
16.81012500
16.54041700
16.72216700
16.57216600
16.47725000
16.84541700
16.78912500
16.61258300
16.76208400
16.46820800
16.73825000
16.82333300
16.71550000
16.45475000
16.84429200
16.76154200
16.54779100
16.87633400
16.62729100
16.68662500
16.63379200
16.78787500
16.53512500
16.72804200
16.79779100
16.36291700
16.71883300
16.57895900
17.25358300
16.32866700
16.76454100
16.70287500
16.64487500
16.70529200
16.64195800
16.70254200
16.46658300
17.05058400
16.58245800
16.49058300
16.88266700
16.63100000
16.61500000
16.78670800
16.72929200
16.46541700
16.72075000
16.65583300
16.70141700
16.84045800
16.92195800
16.47554200
16.55879200
16.82450000
16.47466600
16.82175000
16.64391700
16.56395800
16.80470900
16.75554100
16.62020900
16.72754100
16.65370900
16.57291600
16.68041700
16.84508300
16.49241700
16.85766700
17.05329100
16.43312500
17.21387500
16.17470900
16.80908300
16.62895800
16.63541700
16.62058300
16.67704200
16.78612500
16.59445800
16.90554200
16.42470800
16.79675000
16.58741700
16.61870800
16.70833400
16.71054100
16.57850000
16.77887500
17.00400000
16.50750000
16.69379200
16.57891700
16.55300000
17.20520800
16.90512500
16.49270800
16.59545900
16.71204100
16.14195900
16.86170800
16.56250000
16.75954200
16.92620800
16.56275000
16.59562500
16.69308300
16.52670900
16.85320800
16.48775000
16.82429200
16.79287500
16.48050000
16.63900000
16.75708300
16.69670800
16.50758400
16.79641600
16.44500000
17.01229200
16.59850000
16.66083300
16.75320900
16.53487500
16.67916600
16.73437500
16.68654200
16.66204200
16.75875000
16.63800000
16.66204100
16.74966700
16.68537500
16.62958300
16.78558400
16.59587500
16.76441600
16.51570900
16.84975000
16.62462500
16.38979100
16.91175000
16.77262500
16.36104200
16.85920800
16.80041700
16.63712500
16.68408300
16.68487500
16.91704200
16.34237500
16.74312500
16.70291700
16.71812500
16.50133300
16.86266700
16.55950000
16.75562500
16.73166600
16.61804200
16.66754200
16.75000000
16.67862500
16.53337500
16.83650000
16.73070800
16.51708300
16.77920900
16.50470800
17.32533300
16.36579200
16.74916700
16.63462500
16.59225000
16.52104100
16.89066700
16.46954200
16.72579100
16.65362500
16.69345900
16.74841600
16.55833400
16.83620800
16.84437500
16.44883300
16.61166700
16.86104200
16.58295800
16.59737500
16.83120800
16.72066700
16.66962500
16.53008300
16.67312500
16.84016700
16.69366700
16.63420800
17.17604200
16.34216600
16.45237500
16.62575000
16.91525000
16.60712500
16.62825000
16.82858400
16.50366600
16.77866700
16.67791700
17.38866600
16.16337500
16.60720900
16.54916600
16.73066700
16.76295800
16.67170900
16.78208300
16.52533300
16.49716700
16.89137500
16.77145800
16.56508400
16.61583300
16.77754200
16.65733300
16.80283300
16.54604200
16.72879200
16.72075000
16.60020800
16.62354200
16.77612500
17.08475000
16.37845800
16.59433300
16.83512500
16.65737500
16.47541700
16.85954200
16.66312500
16.43716600
16.98370900
16.46362500
16.73112500
16.62400000
16.77029100
16.51941700
16.66608300
17.20008400
16.62345800
16.82850000
16.55308300
16.59591700
16.68875000
16.64908300
16.71554200
16.58479200
16.74620800
16.67137500
16.82200000
16.60416700
16.65700000
16.61941600
16.83012500
16.78491700
16.40412500
16.76933300
16.65766700
16.64725000
17.28429200
16.33162500
16.48520800
16.68987500
16.71604200
16.53829100
16.72395900
16.84387500
16.51679100
16.72833400
16.79641600
16.55308400
16.92983300
16.80979200
16.35495800
16.71554200
16.69016600
16.35308400
16.81212500
16.71200000
16.59725000
16.57950000
16.96995800
16.81620800
16.65416700
16.52304200
16.50312500
16.95716600
16.48979200
16.71829200
16.58666600
16.93129200
16.66170800
16.68262500
16.47825000
16.72804200
16.82179200
16.37850000
16.96195800
16.72670800
16.49025000
16.59050000
16.77937500
16.77529200
16.66670800
16.81837500
16.29395900
16.96125000
16.81233300
16.30758300
16.96295900
16.65679100
16.61775000
16.59908400
16.82300000
16.71241600
16.65670900
16.83525000
16.49066600
16.71508400
17.55104100
15.99629200
16.46062500
16.75037500
16.65470800
16.66445900
16.71525000
16.62420800
16.78383300
16.57729200
16.85225000
16.65062500
16.46075000
16.80608300
16.73400000
16.63508400
16.61712500
16.59687500
16.85137500
16.63637500
17.06500000
16.10191600
17.15091700
16.48612500
16.73100000
16.61591700
16.72204100
16.63441700
16.49125000
16.85737500
16.71691700
16.64333300
16.79458300
16.41366700
16.86804200
16.68904100
16.68275000
16.67800000
16.67458400
16.58241600
16.71987500
16.75516700
16.54687500
16.73916700
16.67333300
16.62500000
16.71187500
16.77791700
16.47275000
16.88329100
16.77920900
16.50316600
16.79329200
16.52491700
16.56475000
16.92920800
16.75558300
16.56245900
16.71245800
16.70591700
17.02366600
16.50666700
16.56612500
16.68391700
16.72087500
16.57087500
16.91500000
16.42554100
16.87054200
16.54050000
16.65737500
16.67787500
16.62150000
16.69166700
16.72500000
16.74908300
16.62079200
16.56629100
16.84320900
16.43975000
16.87345800
16.55829200
17.33929100
16.34545900
16.51550000
16.75104100
16.58791700
16.69220800
16.72383400
16.49533300
16.92766700
16.75250000
16.63791600
16.49458400
16.82495800
16.55220800
17.13075000
16.45416700
16.75058300
16.79737500
16.72804200
16.59000000
16.65470800
16.63220900
16.62533300
16.79154200
16.63108300
16.55991700
16.72345800
17.00729200
16.53225000
16.77650000
16.65237500
16.50379100
16.71804200
16.62683300
16.90604200
16.51825000
16.65454200
16.79979100
17.01804200
16.54725000
16.48358300
16.66795900
16.60354100
16.68783400
16.66745800
16.72125000
16.58554200
16.84620800
16.67941700
16.63679100
16.67179200
16.61308300
16.40416700
17.00083300
16.44812500
16.85033400
16.59904100
16.62533400
16.73300000
16.78966600
17.03650000
16.29812500
16.64379200
16.62420800
16.76720900
16.64791600
16.58925000
16.63229200
16.80633300
16.74050000
16.64825000
16.74925000
16.50733400
16.75487500
16.63616600
16.79491700
16.59329200
16.89470800
16.50675000
16.66075000
16.55600000
16.76745800
16.63529200
16.65466700
16.78312500
16.78945800
16.73325000
16.85483300
16.45800000
16.73566700
16.56020800
16.72970900
16.67420800
16.67704200
16.64329100
16.67420900
16.70191600
16.68045900
17.10279100
16.50695900
16.58104100
16.37500000
16.93020900
16.59062500
16.64908300
16.66012500
16.77795800
16.70262500
16.75787500
16.70687500
16.48475000
16.73366700
16.69533300
16.61266700
16.86929200
16.72587500
16.62000000
16.67066600
16.67100000
16.58504200
17.01691700
16.46050000
16.59216600
16.58362500
16.84112500
16.55983400
16.80091600
16.64016700
16.64654200
16.93845800
16.48887500
16.62920800
16.74254200
16.70320800
16.61987500
16.73320900
16.69945800
16.59612500
16.75558300
16.63670900
16.74808300
16.63891700
16.69570800
16.60870800
16.75400000
16.67329200
16.58841700
16.85675000
16.58095800
16.70612500
16.78708300
16.51929200
16.73754200
16.54150000
16.75858300
16.79862500
16.73095800
16.53783400
16.95475000
16.58458300
16.60695800
16.69279200
16.73600000
16.49500000
16.77158300
16.73191700
16.52929200
16.87879100
16.61491700
16.45354200
16.87858300
16.63929200
16.63745800
16.78229200
16.67354100
16.52545900
16.89241600
16.53641700
16.70570800
16.64404200
17.13129200
16.23304100
16.78137500
16.74175000
16.59712500
16.71066700
16.69412500
16.65283300
16.68208400
16.69112500
16.69466600
16.71733400
17.03587500
16.66783300
16.67150000
16.63279200
16.73333300
16.55700000
16.71550000
16.66383300
16.58816700
16.69612500
16.71362500
16.65108300
16.61029200
16.77058300
16.68537500
16.67350000
16.78304200
16.57216700
16.67383300
16.74825000
16.62204200
16.66979100
16.68633400
16.65754100
16.68658400
16.75104100
16.98241700
16.42579200
16.74500000
16.57983300
16.56925000
16.81075000
16.60525000
16.65233300
17.10683400
16.57670800
16.51495800
16.85141700
16.35270800
16.56679200
16.72375000
16.68837500
16.69716700
16.65645800
16.84308300
16.43854200
16.77345800
16.72595900
17.06383300
16.38579200
16.63320800
16.62295800
16.66854200
16.56358300
16.98587500
16.55512500
16.80729200
16.47550000
16.78725000
16.68650000
16.62250000
16.79379200
16.59858300
16.65183300
16.69708400
16.58933300
16.70079200
16.72841600
16.73370900
16.73904100
16.59854200
16.60641700
16.75104100
16.77025000
16.56470900
16.92416600
16.53154200
16.49825000
17.56204200
16.32458300
17.80437500
15.94941700
18.76095800
14.14187500
16.54858300
16.67133400
17.46833300
16.06879200
16.66850000
16.43695800
16.71350000
16.66295800
16.67887500
16.63025000
16.74254200
16.70945800
16.83837500
16.77470900
16.31591600
16.93225000
16.51995900
16.61454100
16.59379200
16.82554200
16.58225000
16.79775000
16.59783300
16.75379200
16.99575000
16.48225000
16.58037500
16.66800000
16.80137500
16.53837500
16.76908300
16.65525000
16.61937500
16.70941700
16.81104100
16.58883400
16.62612500
16.64108300
16.76112500
16.63966700
16.73037500
16.62850000
16.75950000
16.75666600
16.77158400
16.61270800
16.47516700
16.85083300
16.61666700
16.59029100
16.79883400
16.72025000
16.93591600
16.60387500
16.52587500
16.57383400
16.67395800
16.77241700
16.57237500
16.70441600
16.70466700
16.45033300
17.22237500
16.56866700
16.58941700
16.67329100
16.61600000
16.53812500
16.82383400
16.71758300
16.56966700
16.89829100
16.54616700
16.59291700
16.71112500
16.79158300
16.67612500
16.67891700
16.62600000
16.74487500
16.99745800
16.64191700
16.99175000
16.40587500
16.79725000
16.56191600
16.63654200
16.60100000
16.60650000
16.75362500
16.54433300
16.78279200
16.68000000
16.73195800
16.59133400
16.86320800
16.47508300
16.74862500
16.72808400
16.68112500
16.63279100
16.76954200
16.60658300
16.67754200
16.77304200
16.67287500
16.67062500
16.74804100
16.62745900
16.69270800
16.62108300
16.78616700
16.77387500
16.79204200
16.36937500
16.76350000
16.58170800
16.91675000
16.54491700
16.91287500
16.44000000
16.86162500
17.29587500
16.08758300
16.75791700
16.73691600
16.56162500
16.44762500
16.61575000
17.10875000
16.83654200
16.62045800
16.35020900
16.63262500
16.80212500
16.47862500
16.77454100
16.49216700
16.80879200
16.77808300
17.18879200
16.40825000
16.28133300
16.57000000
17.11220800
16.50445900
16.25470800
16.90179200
16.64558300
16.61775000
16.73350000
16.72358300
16.65958400
16.87829100
16.57454200
16.59154200
16.66116600
16.76491700
16.55529200
16.76254100
16.82387500
16.54166700
16.73391700
16.61183300
16.70883300
16.53695900
16.66291600
16.71816700
16.84741700
16.71891600
16.60333400
16.85375000
16.62229100
16.55991700
16.69208300
16.71266700
16.56241700
16.84429100
16.54437500
16.78604200
16.89054200
16.61312500
17.13829100
16.17562500
16.72083400
16.58133300
16.65654200
16.72225000
16.68237500
16.72858300
16.58412500
16.71116700
16.76720800
16.38220800
16.95458400
16.65145800
16.65858300
16.77462500
16.57462500
16.62700000
16.78004200
16.66020800
16.57850000
16.80950000
16.87941700
16.46287500
16.69500000
16.72404200
16.49962500
16.87016600
16.60712500
16.72733400
16.63108300
16.74983300
16.53112500
16.79425000
16.68829200
16.69491700
16.64183300
16.65695800
16.62500000
16.99162500
16.49016700
16.59770800
16.75216700
16.49766700
16.79791600
16.85320900
16.59537500
16.64100000
16.85504100
16.53991700
16.76312500
16.62308300
16.64258400
16.79141600
16.53458400
16.85820800
16.43279200
16.71066600
16.78433400
16.68954100
16.90725000
16.50141700
16.79645800
16.68591700
16.33408300
16.91554200
16.63758300
16.55933400
16.96308300
16.69854200
16.45450000
16.77212500
16.62204100
16.77650000
16.96254200
16.68008300
16.93587500
16.35825000
16.65295900
16.61675000
16.70133300
16.75866700
16.91487500
16.58145800
16.48725000
16.58120800
16.73270900
16.62916600
16.75950000
16.71195900
16.64991600
16.77379200
16.66416700
16.65845800
16.49112500
16.89541700
16.60725000
16.62775000
16.79979100
16.66891700
16.56150000
16.82362500
16.67300000
16.65637500
16.65033300
16.69054200
16.67541700
16.65262500
17.17420800
16.67675000
16.34466700
16.69320800
16.55166700
16.54595800
16.57583300
16.76462500
16.74441700
16.56233300
16.77125000
16.91037500
16.72216700
16.50508300
16.72695900
16.59737500
16.72783300
16.69508300
16.53800000
16.78366700
16.70600000
16.59241700
16.83129100
16.51966700
16.69829200
16.84650000
16.50154100
16.66937500
16.76966700
16.53220800
17.03141700
16.73175000
16.44466700
16.62870800
17.05608300
16.50387500
16.47329200
16.68195800
16.75125000
16.60612500
16.80516700
16.62912500
16.57725000
16.84858300
16.70287500
16.49104200
16.77554200
16.82387500
16.53937500
16.74600000
16.73254100
16.68716700
16.65445800
16.72458400
16.57220800
16.69950000
16.46241700
16.85137500
16.87791600
16.58400000
16.63770900
16.87329100
16.80141700
16.48283300
16.83229200
16.59383300
16.51995900
16.81600000
16.41333300
16.73416700
16.73700000
16.56541600
17.07275000
18.30354200
15.09408300
16.42004200
16.85912500
16.36704200
17.18566600
16.60675000
17.14200000
16.43125000
16.39912500
16.58808400
16.68804100
16.74250000
16.47829200
16.62775000
16.70308300
16.67212500
16.72679200
16.64741700
16.65512500
16.86583300
16.99620800
16.46429200
16.54316700
16.72820800
16.37920800
16.84366700
16.71304200
17.41291600
17.88891700
15.71479200
16.24129100
16.96270900
18.92804100
14.01887500
16.45058400
16.70237500
16.59020800
16.64166700
17.25745800
16.67866700
16.27529100
16.54995900
16.66762500
16.50116600
16.70333400
17.04237500
16.45691600
16.77670900
16.55591600
16.73041700
16.69304200
16.75070800
17.28070800
16.76737500
17.94450000
15.94945900
15.55158300
16.87337500
17.04850000
16.26308300
17.00420900
16.50850000
16.62720800
17.10583300
16.61054200
16.50012500
16.89012500
16.50583300
16.56316700
16.84537500
16.68262500
16.47479200
16.76629100
16.98058400
16.26283300
16.47295800
16.85004200
16.31270800
16.92437500
16.53054200
16.86308300
16.61587500
16.94875000
16.44558400
16.68666600
16.58445900
16.74708300
16.55337500
17.21533300
16.49787500
16.60375000
16.81029200
16.35266700
16.55879100
16.62229200
16.76158300
16.69304200
16.45445800
16.90650000
16.67591700
16.74445800
16.69041700
16.60487500
16.57354200
16.72466600
16.74737500
16.60445900
16.90854100
16.55775000
16.48366700
16.73141700
16.77416600
17.03466700
17.17500000
16.03891700
16.61291600
16.63554200
16.69737500
16.78029200
16.46587500
16.59837500
16.64091600
16.80945900
16.72666600
16.87541700
16.80420800
16.34208400
16.55045800
17.67412500
16.54904200
16.23870800
16.64208300
16.84858400
16.56862500
16.52779100
16.99879200
16.73487500
16.30650000
18.54704200
14.94608300
16.59275000
16.65350000
16.82179200
16.67762500
16.49016600
16.52920900
16.65854100
16.90350000
16.83887500
16.51300000
16.68333400
17.38870800
16.37612500
16.31475000
16.67950000
17.01341700
16.40370800
16.58791700
16.75337500
16.56891600
16.74670900
16.97829100
16.41479200
16.63070800
16.75229200
16.65745800
17.29262500
16.29291700
17.26887500
16.18470800
16.93712500
16.88258400
16.37175000
16.66933300
16.62191700
16.76208300
16.75666700
16.45145800
16.73300000
16.62279200
16.71904100
17.11058400
16.60312500
16.30129100
17.16054200
16.29279200
16.30058300
16.63425000
16.69633300
16.81645900
16.63445800
16.70625000
16.76683300
16.58237500
16.65170900
17.15266600
17.64525000
16.27900000
16.04916700
16.38350000
17.21308300
16.45420900
16.93208300
16.90675000
16.39512500
25.14395800
54.04441700
22.09120800
14.85100000
16.69137500
9.74895900
10.81837500
10.52733300
9.26491700
9.28266600
8.59000000
10.45225000
17.16070900
15.86662500
16.24250000
16.89508300
16.54466700
17.05454100
16.47112500
16.78666700
16.35216700
15.82762500
17.01058300
16.86337500
17.05791700
16.52858300
16.55166700
16.35645800
16.63012500
17.03595800
16.58750000
16.55304200
16.77337500
16.45629200
16.85079100
16.59162500
16.79429200
16.57379200
16.68870800
16.49608300
16.76879200
16.80770800
16.61287500
16.61037500
16.88704200
16.63562500
16.48537500
16.71041700
16.93983300
16.59845800
16.48362500
16.69533400
16.82775000
16.68562500
16.46962500
16.89066600
16.86645900
16.63720800
16.75000000
16.29033300
16.82583400
16.56729100
16.42445900
16.82850000
17.01050000
16.54366600
16.95729200
16.32329200
16.85487500
16.37354100
17.14541700
16.43400000
16.20233300
17.65641700
16.13454200
17.02975000
16.36670800
16.99612500
15.97604200
16.99625000
16.43741600
17.29341700
16.32712500
16.77570800
16.81670900
16.47087500
16.73887500
16.76520800
16.53670800
16.72266700
16.57441700
17.24100000
16.14875000
17.09379100
16.35850000
17.23725000
16.48187500
16.38020900
16.79020800
17.26362500
17.02608300
16.23245900
16.16120800
16.85095800
16.56275000
16.76208400
16.35345800
16.51758300
16.94808400
17.58883300
15.96579200
16.62587500
16.60400000
17.34175000
16.06891600
16.46216700
16.75804200
16.32029100
16.77745900
16.41545800
16.91291700
16.49087500
16.95100000
16.94725000
16.63379100
16.37587500
16.68325000
16.65187500
16.51029200
17.03687500
16.77270800
16.73591700
16.75179200
16.65983300
16.53954200
17.00745800
16.56320800
16.46458400
16.80450000
16.81391600
17.03637500
16.10679200
16.77816700
16.78825000
16.51683300
16.67741700
16.71808300
16.40683300
16.86991700
16.41125000
16.66566700
16.69825000
17.26583300
16.36512500
16.45670800
16.62912500
16.84575000
16.52612500
16.55262500
16.99745900
16.70287500
16.91545800
16.40812500
16.55387500
16.84958300
16.52229200
16.65070800
16.93025000
16.49812500
16.65133400
16.63250000
16.77745800
16.61833300
16.66658400
16.79675000
16.58779100
16.81091700
16.56333300
16.94850000
16.60804200
17.01250000
16.25712500
16.79029200
17.04350000
16.22637500
18.62650000
15.35029100
16.61270900
17.17908300
16.46650000
16.10675000
16.91608300
16.67737500
16.50925000
16.80241700
16.49479200
16.58166600
16.69787500
16.68104200
16.68729200
16.72358300
16.87062500
16.47629200
16.59304100
16.59454200
16.87341700
16.59250000
16.36950000
17.00816600
16.70204200
16.60683300
16.69320900
17.29612500
16.20858300
16.95979200
16.57479100
16.28033400
16.87629100
16.60704200
16.55983300
16.67858400
16.80333300
16.59208300
16.73925000
16.58979200
16.72375000
16.62645800
16.74025000
16.64175000
16.86383400
16.54991600
16.62695900
16.72283300
16.59187500
16.84541700
16.67516600
16.68908400
16.39429100
16.94720900
16.66929100
16.60741700
16.69537500
16.54675000
16.99550000
16.57395800
16.74587500
16.71100000
16.62300000
16.66858400
16.63825000
16.67666600
16.78245900
16.79533300
16.75070800
16.80333400
16.76779100
16.80258400
16.34154100
16.49575000
16.79979200
16.43416700
17.04400000
16.33329100
16.60091700
16.79141700
16.67604100
16.63808400
16.76150000
16.73537500
16.52975000
16.78629100
16.73508400
16.99383300
16.57816700
16.55529100
16.71579200
16.66058300
16.95395900
16.67125000
16.50608300
16.73225000
16.60854200
16.56604100
16.84829200
16.50933300
16.67037500
16.67329200
16.58154200
16.68850000
16.79670800
16.56970800
16.80287500
16.56829200
16.65083300
16.72475000
16.76637500
16.46470900
16.84554100
16.56550000
16.88441700
16.65304200
16.64029100
16.71045900
16.90566600
16.51008400
16.56608300
16.70829200
16.59729100
16.78354200
16.92875000
16.28637500
16.72633300
17.00420900
16.29200000
16.81054100
16.74766700
16.66183300
16.67483400
16.49250000
16.66408300
16.80008300
17.23404200
16.18879200
16.72745800
16.81808300
16.51487500
16.58379200
17.01475000
16.43733300
16.79370900
16.58691600
16.72062500
16.86050000
16.58083400
16.53154100
16.81908400
16.60620800
16.54520800
16.71783400
16.77691600
16.65629200
16.82362500
16.62070800
16.60866700
16.70525000
16.71000000
16.55887500
16.76125000
16.67141700
16.57970800
16.71254200
16.83979100
16.58625000
16.71583400
16.71704100
16.73575000
16.64912500
16.77662500
16.52616700
17.07925000
16.57404200
16.77595800
16.57825000
16.81429200
16.53987500
16.60375000
16.54700000
16.75312500
16.71508300
16.63908300
16.69095900
16.74108300
16.63729200
16.90670800
16.46954200
16.76729100
16.60554200
16.64566700
16.58229100
16.81825000
16.66345900
16.71245800
16.69762500
16.63241700
16.59950000
16.78204100
16.67100000
16.66654200
16.69866700
16.68725000
16.60283300
16.82354200
17.16866600
16.47304200
16.65166700
16.54325000
16.52808300
16.81354200
17.68400000
17.37462500
15.44166600
16.80962500
16.71062500
16.46991700
16.65541700
16.95925000
16.40216600
16.52737500
16.71858400
16.72779100
16.69783400
16.66929100
16.61000000
16.76641700
16.79225000
16.56816700
16.30216600
16.99620900
16.45145800
16.62066700
16.79291600
16.70283400
16.52108300
16.69337500
16.69237500
16.80995800
16.46475000
16.68266700
16.71200000
16.59695800
16.88666700
16.76366700
16.71450000
16.50383300
16.58754200
16.74966600
16.69066700
16.59416700
16.63062500
16.83883300
16.63904200
16.83141600
16.57166700
16.72333300
16.86625000
16.47333400
16.54945800
17.17529200
16.34408300
16.55654200
16.80629100
16.63129200
16.87475000
16.61454200
16.65208300
16.52987500
16.69758300
16.77491700
16.66350000
16.60208300
16.75166700
16.57733300
16.77145900
16.66337500
16.64095800
16.99712500
16.48308300
16.60300000
16.69125000
16.65683400
16.69341600
16.73000000
16.55191700
16.84154200
16.65337500
16.62675000
16.68395800
16.74970800
16.74462500
16.77083400
16.51083300
16.74166700
16.62525000
16.84995800
16.33141700
16.91604100
16.61029200
16.72154200
16.61645800
16.72012500
16.62712500
16.82716700
16.70612500
16.44254100
16.73158400
16.79900000
16.66191600
16.76012500
16.53237500
16.67704200
16.76241700
16.75150000
16.54283300
16.86075000
16.58491700
16.58312500
16.71691600
16.83204200
16.51241700
16.86304100
16.52458400
16.80079100
17.08779200
16.45004200
16.54025000
16.64237500
16.61970800
16.73166700
16.63875000
16.64708300
16.67241700
16.88358300
16.51408300
16.62837500
16.70125000
16.66029200
16.73654200
16.80320800
16.53800000
16.71779200
16.72362500
16.53012500
16.77504100
16.72670900
16.59554100
16.80575000
16.59645900
16.58554100
16.75500000
16.80779200
16.57908300
16.66845900
16.65450000
16.99529100
16.69570900
16.83808300
16.38783300
16.81933400
16.62904100
16.60354200
16.76341700
16.64925000
16.72683300
16.63458300
16.67550000
16.53420900
16.79333300
16.75420800
16.54775000
16.76304200
16.69183300
16.73483400
16.62291600
16.70862500
16.72512500
16.58325000
16.75158400
16.66333300
16.65195800
16.77683400
16.70183300
16.52275000
17.02941700
16.50591600
16.55820900
16.69820800
16.71641700
16.85008300
16.72950000
16.64666700
16.55116600
16.67479200
16.56629200
16.71112500
16.51179100
16.83300000
16.68291700
16.56412500
17.00479200
16.36466600
16.79045900
16.65708300
16.72841700
16.60479100
16.71787500
16.67250000
16.70208400
16.56658300
16.73770800
16.63083400
16.82970800
16.75254200
16.54875000
16.97966600
16.36150000
16.67766700
16.88191700
16.56162500
16.52800000
16.98654100
16.54312500
16.42391700
17.15191700
16.40120800
16.54591700
16.90412500
16.62908300
16.78700000
16.57529200
16.76908300
16.66258300
16.92245900
16.52070800
16.64300000
16.54854200
16.92566600
16.48683400
16.69745800
16.60475000
16.81729200
16.69137500
16.48500000
16.97558300
16.87233300
16.54795900
16.58808300
16.61104200
16.64670800
16.59550000
16.71845800
16.65383400
16.96883300
16.51004200
16.60025000
16.71062500
16.66420800
16.69091700
16.65825000
16.93829100
16.52687500
16.71425000
16.61070900
16.64483300
16.71270800
16.54550000
16.68254200
16.67950000
16.80241700
16.61691600
16.85891700
16.59145800
16.66233400
17.29433300
16.27054200
16.29708300
16.90908300
16.73150000
16.58537500
16.73695900
16.74966600
16.68166700
16.63025000
16.75333300
16.65091700
16.69425000
16.69175000
16.65170800
16.64670900
16.72191600
16.59745900
16.72195800
16.77662500
16.73491700
16.75541600
16.34000000
17.05258400
16.49833300
16.60516700
16.65637500
16.68233300
16.69200000
16.75870800
16.72745900
16.62729100
16.74141700
16.58670800
16.71225000
16.71583400
16.61787500
16.80883300
16.65300000
16.84020800
16.42945900
16.80420800
16.67275000
16.52562500
16.74333300
16.75916700
16.67170800
16.71391700
16.66091700
16.49870800
16.76050000
16.76120800
16.60983400
16.75458300
16.60483300
16.75512500
16.59612500
16.76437500
16.40675000
17.01287500
17.21504200
16.17666700
16.49100000
16.94870800
16.63391700
16.84870800
16.73654200
16.95470800
16.34054200
16.67412500
16.87262500
16.49975000
16.56487500
16.74425000
16.61512500
16.64704100
16.77775000
16.53637500
16.69783400
16.90412500
16.54783300
16.69287500
16.67741700
16.64483300
16.67679200
16.74854100
16.61000000
16.58083400
16.71754100
16.72833400
17.05379100
16.45237500
16.57075000
16.67350000
16.76391700
16.66204200
16.61254100
16.67370900
16.73995800
16.93991700
16.63954100
16.59037500
16.67425000
16.43816700
16.69004200
16.56816600
16.79266700
16.51162500
16.77404200
16.79741600
16.67654200
16.68087500
16.69616700
16.70137500
16.76420800
16.50762500
16.71062500
16.68383300
16.67433400
16.78445800
16.95391700
16.49745800
16.58229200
16.61195800
16.67087500
16.60466700
16.78404100
16.52604200
16.85545800
16.86125000
16.48533400
16.66337500
16.77004100
16.68800000
16.55350000
16.61150000
16.68429200
16.78758300
16.67700000
17.35662500
16.42604200
16.80170800
16.13212500
16.75825000
16.90216700
16.56529200
16.51879100
16.96008400
16.43937500
16.73550000
17.02575000
16.65908300
16.21491700
16.98766600
16.60741700
16.47975000
16.85654200
16.52191600
16.74129200
16.84866700
16.61404100
16.59804200
16.65920800
16.91791700
16.35891700
16.86083300
16.61129200
16.71883300
16.84591700
16.72404100
16.50216700
16.62654200
16.63666600
16.71525000
16.80379200
16.58529200
16.68620800
16.69787500
16.67216700
16.73004100
16.77275000
16.54491700
17.81987500
16.24183300
15.99708400
16.82266600
16.47937500
16.64795900
16.76891600
16.86979200
16.65458300
16.54125000
16.55566700
16.61079200
16.71708300
16.85541700
16.41350000
16.79591600
16.81045900
16.85008300
16.59791700
16.72695800
16.66854200
16.64791600
16.64750000
16.60433400
16.80333300
16.64079200
16.64475000
16.71695800
16.79704200
16.46875000
16.83320800
16.52262500
16.88991700
16.58354100
16.76970900
16.58937500
16.71183300
16.62925000
16.75650000
16.61091700
16.56675000
16.75491600
16.69341700
16.57908300
16.81245900
16.69783300
16.67395800
16.74487500
16.64000000
16.46533400
16.77133300
16.65066700
16.77820800
16.57179200
16.86308300
16.64304200
16.64179100
16.82116700
16.89433300
16.37708400
16.81441600
16.58137500
16.69675000
16.67008400
16.50620800
16.98487500
16.74670800
16.76137500
16.57595900
16.57983300
16.64316700
16.95033300
16.54520800
16.55387500
16.69566700
16.92708300
16.76183400
16.60575000
16.58425000
16.52425000
16.75091600
16.72091700
16.62154200
16.87533300
16.60166700
16.50683300
16.75912500
17.34583300
16.29300000
16.41350000
16.83279200
16.68658300
16.65450000
16.71925000
16.53208400
16.68787500
16.83329100
16.53579200
16.85116700
16.69604100
16.64616700
16.64579200
16.47566600
16.80412500
16.52870900
16.68591600
16.69541700
16.75595800
16.66154200
16.60675000
16.82112500
16.65212500
16.63183300
16.73258400
16.70762500
16.72045800
16.65233300
16.58558400
17.06029100
16.33516700
16.79558300
16.62875000
16.63416700
16.53716700
16.71450000
16.82508300
16.58570800
16.92383400
16.59950000
16.63504100
16.63287500
16.71700000
16.57950000
16.83241700
16.55612500
16.49770800
16.90741700
16.90220800
16.47312500
16.74995900
16.71533300
16.60187500
16.78845800
16.74041700
16.47366700
16.80616600
16.46295900
17.82300000
15.67200000
16.59275000
16.69416600
16.84804200
16.50366700
16.78816600
16.77483400
16.59879100
16.73366700
16.77583300
16.56895900
16.74141600
16.60104200
16.66783300
16.80916700
16.65970800
16.62075000
16.67608400
16.52616600
16.59862500
16.97404200
16.60204200
16.80612500
16.39875000
16.83279100
16.64179200
16.78020800
16.44700000
16.75500000
16.74954200
16.87395800
16.38008400
16.91658300
16.47250000
16.74170800
16.68620900
16.79908300
16.61120800
16.70116700
16.77212500
16.52995800
16.74412500
16.68841700
16.65633300
17.87258400
16.68454100
20.75133400
12.24979100
16.68491700
16.63866700
17.09125000
16.50341600
16.50454200
16.43383300
17.08116700
16.48637500
16.58387500
16.42487500
17.02125000
16.45945800
16.60058400
16.77145800
16.29845800
16.77433400
16.78691600
16.65212500
16.94550000
16.33816700
16.59700000
16.73320800
16.77237500
16.52529200
16.73858300
16.48695900
16.79020800
16.60570800
17.16100000
16.37883400
16.77758300
16.92683300
16.56966700
16.59754200
16.68583300
16.63033300
16.83658400
16.63950000
16.67479100
16.67616700
16.77916700
16.61941600
16.78266700
16.67225000
16.54270800
16.86166700
16.66137500
16.62233300
16.70304200
16.69241700
16.56545800
16.57150000
16.65925000
16.75920800
16.62970900
16.70425000
16.61179100
16.62641700
17.09354200
16.45004100
16.64966700
17.13900000
16.21529200
16.71341600
16.63712500
16.61441700
18.61891700
15.01954100
17.01341700
17.19183300
16.30345900
16.76716600
15.94708400
16.51112500
16.84425000
16.58945800
17.63708300
16.06604200
16.49125000
16.52720800
17.14970900
16.50141600
16.52775000
16.69812500
16.30104200
16.80120800
16.47550000
16.90429200
16.84837500
16.54854200
16.74241600
16.52870900
16.70862500
16.74775000
16.73279100
16.54654200
16.85395800
16.52808400
16.66262500
16.94983300
16.47795800
16.51675000
16.78875000
16.97250000
16.67087500
16.56683400
16.62637500
17.06312500
16.36704100
16.65720900
16.69679100
16.61750000
16.66970900
16.78487500
16.57266600
16.58483400
16.65912500
16.74391600
16.76916700
16.99483300
16.50258400
16.47295800
16.55854200
16.84258300
16.70912500
17.03737500
16.67654200
16.82520800
16.75800000
16.23683300
16.48804200
17.12283300
16.37683400
16.71112500
16.60029100
16.69470900
16.62445800
16.84337500
16.74025000
16.49654200
16.85483300
16.49766700
16.71825000
16.72354100
16.63404200
16.69408300
16.57341700
16.93379200
16.63308300
16.58262500
16.67179200
16.65654100
16.71533400
16.66791600
16.59441700
16.75916700
16.81641600
16.48641700
16.65416700
16.81429100
16.71408400
16.56841600
16.78004200
16.74412500
16.57541700
16.65662500
16.69254100
16.64291700
16.56991700
16.78587500
16.73304100
16.58979200
16.80425000
16.58783300
16.71537500
16.71729200
16.70829200
16.82687500
16.60283300
16.67975000
17.00254200
16.40820800
16.62787500
16.55208300
16.83725000
16.74920900
16.56266600
16.77379200
16.60558300
16.44504200
16.97037500
16.90308300
16.55662500
16.56929200
16.77812500
16.78187500
16.57533300
16.57716700
16.68008300
16.69575000
16.71837500
16.50229200
16.79591700
16.74779100
16.52683400
16.79791600
16.67700000
16.64358400
16.65858300
16.58412500
16.79758300
16.77033400
16.65587500
16.58212500
16.74758300
16.71570800
16.73929200
16.54745800
16.77475000
16.67175000
16.65087500
16.66916700
16.67666700
16.78391600
16.61612500
16.94937500
16.56704200
16.74725000
16.63450000
16.74200000
16.53508300
16.70491700
16.74095800
16.55883400
16.86650000
16.70283300
16.58208300
16.96700000
16.51187500
16.64458400
16.89137500
16.52833300
16.49670800
16.77979200
16.67745800
16.52379200
16.80920800
16.84120900
16.49858300
16.72970800
16.65400000
16.94379200
16.49079200
16.78554100
16.52833400
16.71350000
16.65862500
16.51808300
17.26816700
16.48154100
16.62612500
16.73150000
16.26429200
16.74025000
16.69195800
16.71737500
16.70420900
16.64925000
16.73858300
16.63362500
16.68554200
16.73333300
16.66762500
16.70675000
16.56925000
16.74479200
16.65479100
16.59854200
16.87237500
16.56762500
16.78091700
16.70820800
16.50708300
16.69891700
16.73666700
16.64983300
16.61312500
16.73183300
16.72554200
16.58283300
16.80895900
16.76262500
16.47000000
16.81970800
16.65533300
16.58716700
16.77820800
16.98170900
16.40037500
16.70500000
17.10879100
16.25808400
16.74612500
16.62191600
16.67937500
16.65583400
16.81354100
16.58666700
16.68845800
16.67754200
16.54500000
17.02575000
16.68512500
16.43066700
16.82387500
16.58216600
16.64708400
16.64441600
16.75762500
16.76012500
16.72866700
16.66312500
16.55145800
16.67600000
16.65370900
16.64862500
16.80866600
16.59137500
16.62808400
16.94333300
16.48575000
16.80808300
16.63683400
16.62795800
16.75516700
16.57370800
16.70025000
16.73987500
16.76770800
16.49425000
16.90637500
16.46483400
16.77520800
16.93166700
16.38320800
16.70666700
16.65754100
16.68533400
16.65533300
16.80120800
16.56250000
16.82000000
16.66408400
16.74737500
16.57616600
16.70245900
16.64170800
17.08829200
16.44279100
16.64116700
16.74533300
16.57329200
16.62116700
16.71179100
16.70262500
16.93816700
16.46416700
16.62154100
16.76625000
16.53316700
16.72312500
16.96420800
16.72058400
17.07737500
16.28920800
16.52808300
16.66350000
16.72366700
16.62583300
16.75062500
16.75691700
16.50645800
16.79941700
16.42462500
16.72650000
16.60612500
16.70358300
16.81587500
16.64812500
16.57370900
16.82533300
16.64300000
16.74500000
16.78991700
16.49054100
16.63954200
16.74858300
16.62745900
16.74912500
16.70004100
16.62954200
16.62679200
16.79679100
16.53445900
16.80104100
16.71350000
16.63795900
16.61879100
16.97487500
16.74812500
16.98800000
16.40266700
16.56958300
16.55604200
16.69200000
16.73166700
16.65783300
17.10066700
16.26937500
16.71037500
16.85375000
16.58395800
16.63570800
16.68650000
16.75033400
16.66029100
16.71237500
16.68837500
16.54920900
16.62941600
16.88320900
17.02262500
16.34933300
16.53879200
16.77545800
16.62425000
16.65237500
16.93391700
16.61004100
16.89350000
16.38962500
16.94225000
16.56250000
16.82687500
16.53216700
16.47620800
16.81183400
16.82995800
16.36208300
16.77741700
16.72458300
16.49725000
16.85987500
16.62295900
16.73700000
16.61083300
16.64533300
16.61583400
16.71225000
16.63629100
16.69891700
16.78012500
16.68691700
16.61070800
16.75095800
16.61095900
16.59120800
16.76462500
16.65666700
16.84558300
16.69100000
16.72520800
16.37033400
16.99241600
16.56191700
16.54708300
16.75829200
16.92320800
16.51133400
16.78250000
16.63941600
16.56691700
16.65612500
16.73270800
16.67787500
16.68179200
16.70250000
16.60091700
16.64862500
16.76966600
16.76425000
16.95266700
16.32566700
16.70470800
16.71416700
16.54400000
16.84729100
16.67941700
16.62658300
16.69066700
16.79491700
16.49545800
16.82575000
16.72687500
16.42575000
16.66945800
16.82370900
16.70462500
16.59675000
16.74770800
16.68087500
16.66954200
16.59750000
16.57862500
16.78095800
16.85045800
16.50187500
16.78912500
16.69541700
16.37504200
16.93425000
17.01304100
16.34725000
16.73829200
16.68704200
16.60158300
16.70050000
16.65995800
16.63370900
16.79700000
16.70870800
16.71229200
16.62750000
16.87066600
16.44520900
16.79354100
16.72437500
16.69945900
16.58287500
16.79570800
16.85070800
16.36350000
16.81745900
16.50250000
16.88387500
16.28979100
16.99775000
16.76416700
16.62804200
16.51858300
16.85058300
16.71929200
16.60716700
16.64166600
16.72616700
16.70337500
18.28858300
15.67270900
15.99587500
16.78187500
16.71687500
16.68508300
16.65095800
16.55775000
16.76912500
16.80191700
16.48791700
16.83195800
16.58237500
16.72950000
16.65575000
16.81416700
16.45000000
16.72258300
17.16208300
16.30258400
16.84016600
16.73225000
16.67891700
17.23200000
16.49445800
16.42912500
16.64033400
16.54150000
16.75762500
16.56020800
16.72954200
18.00675000
15.30095800
16.82658300
16.64954200
16.56837500
16.56783300
18.21508400
15.59737500
16.64970800
16.49070800
17.01687500
16.29983400
16.85054100
16.71854200
16.56029200
16.61062500
16.65750000
16.96820800
16.44283300
16.76158400
16.78791600
16.61666700
16.47829200
16.68483300
17.12862500
16.70679200
16.46529100
16.52833400
16.51945800
16.56754200
16.83933300
16.82662500
16.46812500
16.66770800
16.90025000
16.45087500
16.74387500
16.79604200
16.52045800
16.87800000
16.62691700
16.63358300
16.49870900
16.80437500
16.68216600
16.70037500
16.66037500
16.72104200
16.51425000
16.80250000
16.69250000
16.69179200
16.71383300
16.61233300
16.58662500
16.82104200
16.72379200
16.68591600
16.75929200
16.67612500
16.53441700
16.76941600
16.67879200
16.73120800
16.51679200
16.77158300
16.73891700
16.67445800
16.61266700
16.64745800
16.94091700
16.63241700
16.67154100
16.81129200
16.46500000
16.73562500
16.57962500
16.66275000
16.72175000
16.55254200
16.79708300
16.69512500
16.61212500
17.98120800
16.95670900
16.84837500
15.85220800
16.46725000
16.66608300
16.85537500
16.62900000
16.66804200
16.74841700
16.36987500
16.31887500
16.76508300
16.74216700
16.53725000
16.91929100
16.96179200
16.71470800
16.22766700
16.72612500
16.72320800
16.68112500
16.48245900
16.75508300
16.68425000
16.53412500
16.74162500
16.74458300
16.64329200
16.76766700
16.57229100
16.62470900
17.15412500
16.66154100
16.61870900
16.66162500
16.49466600
16.40841700
16.87295800
16.75383400
16.55041600
16.65083400
16.64991600
16.95754200
16.29479200
16.77154100
16.89362500
16.83716700
16.65466700
16.53241600
16.72533400
16.61812500
16.58950000
16.93141600
16.55312500
16.52883400
16.92420800
16.65291700
16.51404100
16.73958400
16.73862500
16.72566600
16.66941700
16.68945800
16.41620900
16.95079100
16.65654200
16.64708300
16.55370900
16.89583300
16.71116700
16.53720800
16.71991700
16.59829100
16.79475000
16.57391700
16.80500000
16.82587500
16.53512500
17.00679200
16.27466600
16.67895900
16.81179100
16.69104200
16.54854200
16.66450000
16.73137500
16.58625000
16.81512500
16.65604100
16.55900000
16.98800000
16.68875000
16.53900000
16.91375000
16.52787500
16.57337500
16.91041700
16.60808300
16.59800000
16.74745900
16.68000000
16.60712500
16.70112500
16.72933300
16.55616700
16.82000000
16.97162500
16.40700000
16.66808300
16.70420800
16.49083400
16.80437500
16.77004100
16.61979200
16.66145800
16.80366700
16.62279200
16.59366600
16.62704200
16.63800000
17.14862500
16.31387500
16.69466700
17.12120800
16.72937500
16.30391700
16.67170800
16.66258300
16.62362500
16.57645900
16.68725000
16.72579100
16.67175000
16.46583400
17.00662500
16.65333300
16.44662500
16.79850000
16.56020800
16.74929200
16.75816700
16.67954100
16.49358400
16.80670800
16.60229200
16.58679100
16.73341700
16.91116700
16.64666600
16.66595900
16.63508300
16.74191700
16.67670800
16.71670800
16.42087500
16.94308400
16.72991600
16.40570900
16.96354100
16.64058400
16.59895800
16.80566700
16.72979100
16.52537500
16.84108400
16.65029100
16.72370900
16.68495800
16.41670800
16.99591700
16.52516700
16.69983300
16.47158300
16.94533400
16.67370800
16.76362500
16.53408300
16.59691700
16.67058300
16.81695900
16.83966600
16.56083400
16.63670800
16.67741700
16.62158300
16.59691700
16.57062500
17.01087500
16.64745800
16.61220800
16.89829200
16.70800000
16.53041700
16.92320800
16.58095800
16.46429200
16.64508300
16.67450000
16.71975000
16.85004200
16.43662500
16.70133300
16.86129200
16.65200000
16.58437500
16.81329200
16.40720800
16.78795800
16.70129200
16.75404200
16.35125000
17.06337500
16.68383300
16.58637500
16.58362500
16.80037500
16.56208300
16.77995900
16.66650000
16.63316600
16.86975000
16.67695900
16.50087500
16.71620800
16.76833300
16.38891700
17.18470800
16.40954200
16.83825000
16.81000000
16.39658300
16.73912500
16.73658400
16.50091600
16.71291700
16.83833300
16.60570900
16.70212500
16.62112500
16.99695800
16.55320800
16.50787500
16.64616700
16.78920800
16.87120900
16.63875000
16.48745800
16.67475000
16.57079200
16.92070800
16.63166700
16.61175000
16.81000000
16.68562500
16.53283300
16.82595800
16.53591700
16.64716700
16.71037500
16.87254100
16.37750000
16.81575000
16.82195900
16.52404100
16.69625000
16.82075000
16.52075000
16.71466700
17.14895800
16.55379200
16.96095800
16.39479200
16.56175000
16.72995800
16.66454200
16.59533300
16.71212500
16.89433400
16.46045800
16.72258300
16.66825000
16.79279200
16.61654200
16.73116600
16.54841700
16.76020800
17.12345900
16.35179100
16.66383400
16.67183300
16.64158300
16.69616700
16.56141700
16.78233300
16.82283300
16.64500000
16.67270900
16.58962500
16.60641600
17.21458400
16.40816600
16.37400000
16.98866700
16.63658300
16.70091700
16.73641700
16.23437500
16.79137500
16.67191600
16.81045900
16.58691600
16.75270900
16.53800000
16.84050000
16.41929100
16.94000000
16.45420900
16.86970800
16.78337500
16.35929200
16.73170800
16.82208300
16.67654200
16.59366700
16.93520800
16.39570800
16.66337500
16.95366700
16.51475000
16.78250000
16.81616700
16.41254100
16.92179200
16.59108300
16.67962500
16.61858400
16.70966600
16.67854200
16.72166700
16.72745800
16.59329200
16.70179100
16.65937500
16.76058400
16.67170800
16.63966700
16.94329100
16.47608400
16.55141600
16.98283400
16.49550000
16.67950000
16.62141600
16.76487500
16.63341700
16.73679200
16.61900000
16.80279100
16.51358400
17.44983300
16.01816700
16.72170800
16.60683300
16.48520900
16.90720800
16.64500000
16.69450000
16.65162500
16.77125000
16.65400000
16.67616700
16.70879100
16.63458400
16.88245800
16.61262500
16.50054200
16.83179100
16.66945900
16.59550000
16.65375000
16.53079100
16.65916700
16.83450000
16.77020800
16.56745900
16.84904100
16.41783400
16.95112500
16.50812500
16.79787500
16.81420800
16.52654200
16.74237500
16.59562500
16.79870800
16.32900000
16.86183300
16.98475000
16.58287500
16.68029200
16.65541700
16.56304100
16.69854200
16.56066700
16.74441600
16.82437500
16.85675000
16.29245900
16.93045800
16.67995800
16.38566700
16.80012500
16.77529200
16.63879100
16.71083400
16.95166600
16.38983400
16.71137500
16.73370800
16.97470800
16.41679200
16.83316700
16.42270800
16.68266700
16.76187500
16.62150000
16.74337500
16.52233300
16.77554200
16.78745800
16.62037500
16.58025000
16.75812500
16.72741700
16.70766600
16.77370900
16.56175000
16.49320800
16.82104200
16.72116600
16.78208400
16.52737500
16.71962500
16.51116600
16.84537500
16.77137500
16.59675000
16.64708400
16.75712500
16.52279100
16.84370900
16.49008300
16.75875000
16.77600000
17.03120800
16.65583400
16.72516600
16.41329200
16.78350000
16.55595800
16.68208400
16.72966600
16.62512500
16.64979200
16.79295800
16.67595900
16.92100000
16.43337500
17.07541600
16.31512500
16.75529200
16.61358300
16.62266700
16.71116700
16.68450000
16.64570800
16.77179200
16.69087500
16.53595800
17.16720800
16.41566700
16.62266700
16.93250000
16.69645800
16.92954200
16.54591600
16.56012500
17.01183400
16.60754100
16.54216700
16.38187500
16.62341700
16.53800000
16.80641600
16.64658400
16.63037500
16.81745800
16.53445800
16.60987500
16.84170900
16.59458300
16.81041700
16.61370800
16.66716700
16.52937500
16.78583300
16.58670800
16.73216700
16.98308300
16.28850000
16.80620900
16.68483300
16.62325000
16.74337500
16.60312500
16.69533300
16.71587500
16.61616700
16.79754200
16.63612500
16.60887500
16.76020800
16.65195800
16.71895900
16.57620800
16.87020800
16.72050000
16.68554200
16.67187500
16.52762500
16.77012500
16.64066700
16.72750000
16.65600000
16.69025000
16.70958300
16.66783300
16.63691700
16.76670800
18.61170900
16.95379100
14.66854200
16.55179200
16.63162500
16.62691600
16.61450000
17.00525000
16.43254200
16.71716700
16.63337500
16.70441600
16.66529200
16.79775000
16.59791700
16.73520800
16.67266700
16.77666600
16.49812500
16.71291700
16.81404200
16.57479100
16.65954200
16.66958300
16.61033400
16.81170800
16.65600000
16.65516700
16.71412500
16.63004100
16.63329200
17.08054200
16.57225000
16.52125000
16.68995800
16.71954200
16.54633300
16.82708300
16.56425000
16.58487500
17.25816700
16.41745800
16.42704200
16.67933300
16.75120900
16.67133300
17.06191700
16.47320800
16.51850000
17.11929200
16.33637500
17.01320800
16.51191700
16.42208300
16.65979200
16.86775000
16.68970800
16.55166700
16.65933300
16.78162500
17.12883300
16.26504200
16.71562500
16.68812500
16.61475000
16.67545800
16.69991700
16.58983300
16.70062500
16.76733400
16.63083300
16.52566700
16.79916600
16.99720900
16.46204100
16.67250000
16.61725000
16.75604200
16.54383300
16.74208400
16.56141600
16.80183400
16.76958300
16.59900000
16.64625000
16.72412500
16.62058300
16.83170900
16.71500000
16.56104100
16.71079200
16.53908300
16.70595900
16.86170800
16.60816700
16.66058300
16.76591700
16.57633300
17.02237500
16.63395800
16.75808400
16.48779100
16.71100000
16.72916700
16.48858300
16.86183400
17.09783300
16.44575000
16.49800000
16.91554200
16.43445800
16.74516700
16.70804100
16.62570900
16.66304100
16.80270900
16.56745800
16.60608300
16.75591700
16.79541700
16.95575000
16.46283300
16.47362500
16.72575000
16.61737500
16.83366700
16.65029100
16.52179200
16.83400000
16.74979200
16.46529100
16.79466700
16.80700000
16.76308300
16.67620900
16.59037500
16.41216600
16.70545900
16.69625000
16.66400000
16.70683300
16.70895800
16.58937500
16.63816700
16.89866700
16.47637500
16.74300000
16.64025000
16.83558300
16.70120800
16.73379200
16.44308300
16.69450000
16.75900000
16.53712500
16.84516700
16.86529200
16.49262500
16.74995800
16.66316700
16.55879100
16.72562500
16.83054200
16.48958300
16.89558400
16.41491600
17.41850000
16.16645900
16.70979100
16.74312500
16.52462500
16.79454200
16.63716700
16.66737500
16.82004100
16.55633400
16.76429100
16.49029200
16.65354200
16.97829100
16.80854200
16.43883300
16.64166700
16.64658300
16.67500000
17.17875000
16.62029200
16.65658300
16.69987500
16.42112500
16.54520900
16.66091600
16.65416700
16.69516700
16.90550000
16.50562500
16.52145800
16.87445800
16.68479200
16.54437500
16.81900000
16.60495800
16.73391700
16.89833300
16.31550000
16.79366700
16.73212500
16.50770800
16.75404200
16.70916700
16.73516600
16.74437500
16.51933400
16.54975000
16.93200000
16.56679100
16.51087500
16.83962500
16.86758400
16.58600000
16.64879100
16.75704200
16.44579200
16.85604100
16.81208400
16.62070800
16.88241700
16.39095800
16.77166700
16.73650000
16.45841600
16.99116700
16.38104200
16.74962500
16.68454100
16.99329200
16.37733300
16.76920900
16.76825000
16.48833300
17.24987500
16.38062500
16.41862500
16.75454200
16.78062500
16.47316600
16.71904200
16.78629200
16.51354100
16.79358400
16.77533300
16.49154200
16.77479100
16.79645900
16.42750000
16.85575000
16.60104100
16.62945900
16.87983300
16.68437500
16.48533300
16.80504200
16.62320800
16.67829200
16.74425000
16.71295800
16.68775000
16.79020900
16.54200000
16.61850000
16.69716600
16.83587500
16.71250000
16.77283400
16.46775000
16.69337500
16.69925000
16.70937500
16.92966600
17.20525000
16.09083400
16.79304100
16.52858400
16.64800000
16.80637500
16.60487500
17.03162500
16.27420800
16.85458300
16.55670900
16.83920800
16.53937500
16.68504200
16.70987500
16.64808300
16.64750000
16.85291700
16.61554100
16.47358400
16.87150000
17.08616600
16.33954200
16.70691700
16.58191600
16.64800000
16.71883400
16.59066600
16.57491700
16.90045800
16.65808400
16.56029100
17.11304200
16.60558300
16.51666700
16.71687500
16.62700000
16.46320800
16.85320900
16.54779100
16.71420900
16.68829100
16.75920900
16.60637500
16.66045800
16.63395800
16.82033400
16.54541600
16.89229200
16.55829200
16.62854100
16.75854200
16.80887500
16.50870800
16.67008400
16.90575000
16.54187500
16.56545800
16.84679200
16.70041600
16.51350000
16.72558400
16.68241600
16.70487500
16.69787500
16.49016700
16.82575000
17.02987500
16.35887500
16.79637500
16.64337500
16.60958300
16.67316700
16.76920800
16.52204200
16.87141700
16.72020800
16.80408300
16.48812500
16.50608400
16.79729100
16.76891700
16.76116700
16.66658300
16.46766700
16.96629100
16.57429200
16.63354200
16.67287500
16.77858300
16.46533300
16.78400000
16.61962500
16.66625000
16.73450000
16.81162500
16.62258400
16.60933300
16.70804200
16.84566600
16.60045900
16.62316600
16.73204200
16.67312500
16.81795800
16.40275000
16.65175000
16.75537500
16.61666700
16.75208300
16.62079200
16.82241700
16.60454100
16.66662500
16.87391700
16.52379200
16.59337500
16.82058300
16.64454200
16.65354100
16.69429200
16.73029200
16.68154100
16.56720900
16.68100000
16.68837500
16.83379100
16.79275000
16.50191700
16.75529200
16.75491600
16.68204200
16.58141700
16.56616600
16.70912500
16.80675000
16.54087500
16.75820900
16.71150000
16.70341600
16.56112500
17.03804200
16.57137500
16.59312500
16.72187500
16.51470800
16.77979200
16.76608300
16.59295900
16.55887500
16.98654100
16.55633400
16.76129100
16.54404200
16.73158300
16.62516700
16.58058300
16.61475000
16.86408400
16.62562500
16.74191600
16.82162500
16.54900000
16.64150000
16.70075000
16.57950000
16.74491700
16.57345800
16.84383400
16.50466600
16.92516700
16.71145800
16.60166700
16.51995800
16.78987500
16.64029200
16.74208300
16.69354200
16.61550000
17.00895800
16.64904200
16.65633300
16.64225000
16.70191700
16.50550000
16.86687500
16.63629200
17.00191600
16.43845900
16.61966600
16.79691700
16.58379200
16.66758300
16.61962500
16.70016700
16.75545800
16.69004200
16.72066600
16.71683400
16.55700000
16.66037500
17.09283300
16.48216700
16.54908300
16.70604200
16.76041600
16.48883400
16.76954100
16.66262500
16.65066700
16.73483300
16.68983400
16.54275000
16.88662500
16.73016600
16.63270900
16.65804100
16.73450000
16.33816700
16.52020800
16.94287500
16.77454200
16.54608300
18.75229200
15.69620800
16.24816700
16.96954200
16.90366600
16.67120900
16.81266600
16.33145900
17.06000000
16.50566600
17.14225000
16.62879200
16.70445800
16.19179200
16.37645800
16.87895900
16.40295800
16.58337500
16.62858300
16.47533400
17.12179100
16.62729200
16.37220800
16.38512500
17.31283400
16.31487500
16.63987500
16.72133300
16.72037500
16.47383300
16.82008400
16.43791600
16.94354200
16.55250000
16.58579200
16.73183300
16.70191700
16.70629100
16.84895900
16.34812500
16.79887500
16.57558300
16.65670800
16.59400000
16.75337500
16.67479200
16.56383300
16.98429200
16.62270800
16.59787500
16.74295900
16.67258300
16.57787500
16.92145800
16.73158400
16.39458300
16.68987500
16.64587500
16.75733300
17.01441700
16.31929200
16.63450000
16.82345800
16.61845800
16.81120900
16.65091600
16.59504200
16.89954200
16.64941600
16.71583400
16.48008300
16.74287500
16.74358300
16.59491700
16.78187500
16.63550000
16.66004200
16.81916600
16.65341700
16.51208300
16.79050000
16.73658400
16.56866600
16.65837500
17.06725000
16.54820900
16.57312500
16.78775000
16.61845800
16.51183300
16.60562500
16.99529200
16.46770800
16.79475000
16.52433400
16.79912500
16.48320800
16.92158300
16.96170900
16.24354100
16.83787500
16.67729200
16.65620800
16.69154200
16.68045800
16.52900000
16.89158400
16.71895800
16.56645800
16.65808400
16.69041600
16.63125000
16.71400000
16.73416700
16.62350000
16.69950000
16.58570800
16.67616700
16.80470800
16.69875000
16.62720900
16.72500000
16.69325000
16.56954100
16.86679200
16.56475000
16.48770800
16.88691700
16.81979200
17.06204100
16.77304200
16.63891700
16.60337500
16.40000000
16.59704100
16.72633400
16.55191600
16.86895900
18.10462500
15.64287500
16.25900000
16.94504100
16.43150000
16.76337500
16.94725000
16.44070900
16.72912500
16.93500000
16.16070800
16.77829200
16.71975000
16.79216600
16.43537500
17.06337500
16.45237500
16.51533400
16.87670800
16.91658300
16.67370900
16.38866600
16.62837500
16.70587500
16.82187500
16.60025000
16.60020900
16.75220800
16.65200000
16.86058300
16.49729200
16.72225000
16.63983300
16.66591700
16.68133300
16.99804200
16.63591700
16.68620800
16.60279200
16.51208300
16.52083300
16.76112500
16.69141700
16.76704200
16.46612500
16.78741600
16.88129200
16.49050000
16.71037500
16.69787500
16.71520800
16.63187500
16.74225000
16.57866700
16.71066700
16.75991600
16.74391700
16.61425000
16.72875000
16.68908300
16.57808400
16.95066600
16.56391700
16.61075000
16.46929200
16.79995800
16.87783300
16.57791700
16.62837500
16.84062500
16.57308300
16.66433400
16.49225000
16.87025000
16.68591600
16.96358400
16.32454100
16.72620900
16.81033300
17.09362500
16.39495800
16.57570900
16.65325000
16.57587500
16.66112500
16.74525000
16.82375000
16.62529100
16.52487500
16.69304200
16.74195800
16.42054200
16.96041700
16.68212500
16.63833300
16.53025000
16.64475000
16.78775000
16.93525000
16.75625000
16.50658300
16.71833400
16.71345800
16.62445800
16.65391700
16.69408300
16.44279200
16.90862500
16.69337500
16.71650000
16.44587500
16.86962500
16.69262500
16.67204200
16.51437500
16.75045800
16.70762500
16.45533300
16.98320900
16.66629100
16.69616700
16.65391700
16.73145800
16.70037500
16.46375000
16.94708300
16.76179200
16.68887500
16.77508300
16.47037500
16.70350000
16.60704200
16.70566700
16.68720800
16.71220800
16.66391700
16.59304200
16.80391600
16.38366700
17.79141700
15.79837500
16.65104100
16.82475000
16.70341700
16.55629200
16.56866600
16.92175000
16.50170900
16.88125000
16.64079100
16.39379200
17.05883300
16.42475000
16.56112500
16.95120900
16.68979100
16.53766700
16.69479200
16.63437500
16.81325000
16.69733300
16.55729200
16.81104100
16.71775000
16.65291700
16.63129200
16.79291600
16.65987500
16.60895900
16.78566600
16.45966700
17.11779200
16.49754100
16.46804200
16.63470800
16.95495900
16.57366600
17.88066700
15.88216700
16.41033300
16.75516700
16.59816600
16.50354200
16.71179200
17.11775000
16.43758300
17.02408300
16.49445900
16.86825000
16.65279100
17.09850000
16.14929200
16.57825000
16.59420800
16.63258400
16.81204100
16.60900000
16.66762500
16.65975000
16.75062500
17.13016700
16.22237500
16.72550000
16.91145800
16.42037500
16.78154200
16.41325000
16.70200000
17.15925000
16.28091700
16.72745800
16.65691700
16.71095800
16.73266700
16.63554100
16.86208400
16.20737500
17.13229100
16.67862500
16.80579200
16.56541700
16.77920800
16.40033300
16.51375000
16.76758400
16.57425000
16.69045800
16.72987500
16.79487500
16.54570800
16.77250000
16.66700000
16.59858400
16.83866600
16.47125000
16.75416700
16.77458300
16.64862500
16.59775000
16.79475000
16.69400000
16.61195900
16.71475000
16.66687500
16.61366600
16.93200000
16.70004200
16.52008300
16.70737500
16.78591700
16.47733300
16.77954200
16.67025000
16.61787500
16.80166700
16.70395800
16.55316700
16.72041600
16.65462500
17.08995900
16.37804100
16.58916700
16.64666700
16.70870800
16.70945800
16.71116700
16.59887500
16.83258300
16.73500000
16.55045900
16.75175000
16.57095800
16.54875000
16.83037500
16.69737500
16.75204200
16.55545800
16.84812500
16.67883300
16.53954200
16.81733300
16.55033400
16.64804100
16.77029200
16.57937500
16.72816700
16.64329100
16.70950000
16.89683400
16.60733300
16.69112500
16.58895800
16.73475000
16.69020900
16.45433300
16.90637500
16.56787500
16.64779200
16.70241600
16.78683400
16.63887500
16.76716600
16.49087500
16.68720900
16.73512500
17.03983300
16.63145800
16.50225000
17.04991700
16.31833300
16.60787500
16.68354200
16.66487500
16.79004200
16.73808300
16.65704200
16.67687500
16.70220800
16.73487500
16.88491700
16.50654100
16.59258400
16.60275000
16.79716600
16.58545900
16.62470800
16.70733300
16.73887500
16.51858400
16.78316600
16.82358400
16.52070800
16.67491700
16.66933300
16.72795800
16.74375000
16.61954200
16.67120800
16.64262500
16.72375000
16.80608400
16.64925000
16.63858300
16.70804200
16.53862500
16.75841600
16.85820900
16.52670800
16.71612500
16.65341700
16.59770800
16.74908300
16.73300000
16.45758400
16.84762500
16.69233300
16.60700000
16.78862500
16.52191700
16.74258300
16.78225000
16.64395800
16.67833400
16.70408300
16.74970800
16.89083400
16.63920800
17.04425000
16.24362500
16.73408300
16.65091700
16.74429200
16.56408300
16.83545800
16.62891700
16.75495800
16.62404200
16.63541700
16.60387500
16.98212500
16.49025000
16.70737500
16.54420800
16.74133300
16.70033400
16.68333300
16.61629200
16.72654100
16.65745900
16.74700000
16.65720800
16.58875000
16.73941700
16.68712500
16.65170800
16.72387500
16.68204200
16.62062500
16.71070800
17.06679200
16.55670800
16.66250000
16.62529200
16.57637500
16.57725000
16.70241600
16.54662500
16.81941700
16.74475000
16.40125000
16.88700000
16.67350000
16.49504200
16.78445800
16.76970800
16.67954200
16.63158300
16.67941700
16.63025000
16.83216700
16.62575000
16.67870800
16.69966700
16.69454100
16.67800000
16.96895900
16.47141600
16.82195900
16.63470800
16.59258300
16.66575000
16.63758400
16.68587500
16.68479100
16.55429200
16.80812500
16.58950000
16.73183300
16.74845900
16.95087500
16.41883300
16.63312500
16.75629200
16.76170800
16.58429200
16.65141600
16.73850000
16.55516700
16.88537500
16.57025000
16.59395800
16.93020900
16.65579100
16.47504200
16.71729200
16.70120800
16.57779200
16.88300000
16.72058300
16.40541700
16.83920800
16.66383300
16.49441700
16.84170800
16.63041700
16.67804200
16.88637500
16.68991600
16.49850000
16.88995900
16.62008300
16.59079200
16.71800000
16.66766600
16.52570900
16.85129100
16.62141700
16.82691700
16.68116600
16.67583400
16.61654100
16.62125000
16.74500000
16.86358400
16.47470800
17.13275000
16.35529200
16.68383300
16.88916700
16.54650000
16.57591600
16.62820900
16.82312500
16.52483300
16.83045800
16.62920900
16.53362500
16.55412500
16.84716600
17.14595900
16.33775000
16.53033300
16.76783300
16.67287500
16.82737500
16.50450000
16.82566700
16.52241700
16.87170800
16.49595800
16.75920900
16.59870800
16.66479200
16.80929100
16.66062500
16.59237500
16.72783400
16.72566600
16.65308400
16.70979100
16.77937500
16.50187500
16.77604200
16.60133300
16.64820900
16.76470800
16.65529200
16.61283300
16.78337500
16.62158300
16.95058400
16.54245800
16.61400000
16.68445800
16.69583400
16.66070800
19.33325000
14.09029200
16.57391600
16.84366700
16.58566700
17.05487500
16.62379100
16.86958400
16.26558300
17.10504200
16.38854100
16.62704200
16.78670800
16.61662500
16.68870900
16.72108300
16.74416700
16.51066600
16.80079200
16.74641700
16.51700000
16.66945800
16.68275000
17.29195800
16.20804200
16.57933300
16.70366700
16.69050000
16.66304200
16.56100000
16.82154100
16.73558400
16.63083300
16.67475000
16.63504200
16.62325000
16.72841600
16.71066700
16.58662500
17.17829200
16.47408300
16.62737500
16.69175000
16.77395800
16.28391700
16.84412500
16.66345800
16.64391700
16.64850000
16.74741700
16.62991600
16.75779200
16.66250000
16.50100000
16.92433300
16.61183400
16.63237500
16.62700000
16.60770800
16.81650000
16.70075000
16.63587500
16.71462500
16.54300000
16.71675000
16.85750000
16.56100000
16.61337500
16.79395800
17.04387500
16.24204200
17.16825000
16.43720800
16.52354200
16.74591700
16.66137500
16.63687500
16.70775000
16.72370800
16.53795800
16.84662500
16.58583400
16.75720800
16.79029200
16.68816600
16.37008400
16.78637500
16.91245800
16.32225000
16.84983300
16.73041700
16.58704200
16.79870800
16.54825000
16.85550000
16.56766700
16.70858300
16.68575000
16.85595800
16.51475000
16.65791700
16.67187500
16.80108300
16.61337500
16.80750000
16.60304200
16.71325000
16.59491700
16.72333300
16.70116700
16.78225000
16.60404100
16.47929200
16.88908300
16.59283400
16.71041600
16.72758400
16.48091600
16.80529200
16.79487500
16.56983300
16.67495900
16.73950000
16.46400000
16.95125000
16.63162500
16.63700000
16.74391600
16.69612500
16.81779200
16.49129200
16.78533300
16.79858300
16.53587500
16.49754200
16.81291700
16.65254100
16.78941700
16.65354200
16.69000000
16.70133300
16.53425000
16.69016700
16.84504100
16.56216700
16.69050000
16.74358300
16.65087500
16.64187500
16.81112500
16.54229200
16.70087500
16.91295800
16.63866700
16.54162500
16.71558300
16.61404200
16.56554200
16.84433300
16.73191700
16.73225000
16.63208300
16.49083300
16.82808400
16.60837500
16.79141600
16.57125000
16.77891700
16.68929200
16.61554100
16.58829200
16.84950000
16.56829200
16.65625000
16.80662500
16.66579100
16.55320900
16.90958300
16.64216700
16.58870800
16.50187500
16.86987500
16.67954200
16.89083300
16.54033300
16.65995900
16.53820800
16.81183300
16.64233400
16.86241600
16.98700000
16.46141700
16.95270800
16.46829200
16.55541700
16.71112500
16.68891600
16.58170900
16.90470800
16.70716700
16.49729100
16.65595900
16.84937500
16.82291600
16.63433400
16.56766600
16.75804200
16.55837500
16.68037500
16.64966700
16.76604100
16.75562500
16.53104200
16.79958300
16.64029200
16.58745800
16.66216700
16.56408300
16.80658400
16.68629100
16.58712500
16.73520900
16.64966600
17.10995900
16.50125000
16.80266600
16.52791700
16.54608300
16.58491700
16.62208300
16.77191700
16.69537500
16.70633300
16.70337500
16.61691700
16.61700000
16.71820800
16.71400000
16.65620900
16.58345800
16.85533300
16.62654200
16.65954200
16.72429100
16.71379200
16.45316700
16.82245800
16.78579200
16.60204100
16.96554200
16.34425000
16.85116700
16.95383300
16.38516700
16.51975000
16.66216600
17.02941700
16.56600000
16.60370800
16.67733400
16.66133300
16.75183300
17.80775000
17.79004200
14.59500000
16.60541700
16.57820800
16.75437500
16.67045800
16.59587500
16.50541700
17.80237500
16.56045800
15.98075000
16.56175000
16.69341700
16.47804200
16.93304100
16.67445900
16.45483300
17.11920800
16.69950000
16.48616700
16.70437500
16.71975000
16.56220800
16.70154200
16.71791700
16.45620800
17.02066700
16.57391600
16.62795900
16.77304100
16.98475000
16.31812500
16.81791700
16.66304200
16.48337500
16.90279100
16.57037500
16.56308400
16.78916600
16.76495900
16.44333300
16.78720800
16.75208400
16.61450000
16.77329100
16.75404200
16.78062500
16.49350000
16.69100000
17.18820800
16.66133400
16.73058300
16.63725000
16.71212500
16.40566700
16.60375000
16.72241600
16.57354200
16.52504200
16.72229100
17.15483400
16.31070800
16.82566700
16.51391600
16.55362500
16.88420900
16.48091600
16.53587500
16.85679200
16.79554200
16.44629100
17.13066700
16.42883300
16.63587500
16.66879200
16.47037500
16.99070800
16.69558400
16.52250000
16.66662500
16.80116600
16.63920900
16.61579100
16.81466700
16.43533300
16.96250000
16.44512500
16.79800000
16.79766700
16.42470800
16.79837500
16.81004200
16.66941700
17.63787500
16.30429100
16.70612500
18.71679200
17.77304200
15.90958300
13.74070800
16.69004200
16.52625000
16.88279200
16.60275000
16.76416600
16.55858400
17.02762500
16.51404100
16.66891700
16.72991700
16.47804100
16.90425000
16.73316700
16.72279200
16.73425000
16.69066600
16.44104200
16.79016700
16.64966600
16.77883400
16.71545800
16.77212500
16.82520800
16.43804200
16.94195800
16.64104200
16.58116700
16.25687500
16.80500000
16.99050000
16.42970800
16.48350000
16.90770800
16.67533400
16.61445800
16.58954200
16.90537500
16.54958300
16.85895800
16.67095900
16.52720800
16.71141700
16.66504100
16.68033400
16.67116600
17.04779200
16.61950000
16.50216700
16.75725000
16.57808300
16.70854200
16.42558300
16.73158300
16.72258400
16.73737500
16.59870800
16.81566700
16.39937500
16.78937500
16.97454100
16.99037500
17.46745900
15.90958300
16.66541700
16.92812500
16.08412500
16.70658300
16.52420800
16.76875000
16.72916700
16.51425000
16.72566700
16.55170800
16.90875000
16.49445800
16.88316700
16.64283300
16.58675000
16.60675000
17.08625000
16.54854200
16.47545800
16.68929200
16.66091700
16.44729100
17.00658400
16.64170800
16.47379200
16.96325000
16.49962500
16.70612500
16.56075000
16.72587500
16.57875000
16.74791600
16.81187500
16.57720900
16.57025000
16.76912500
16.88950000
16.44312500
16.76212500
16.78179100
16.72916700
16.53512500
16.73645800
16.75325000
16.82350000
16.60229200
16.69254200
16.73070800
16.43304200
16.84841600
16.63929200
16.73929200
16.70462500
16.85183300
16.80250000
16.39954200
16.57812500
16.97450000
16.56187500
16.48012500
16.77712500
16.72037500
16.55270800
16.97587500
16.54675000
16.68929200
16.71762500
16.63545800
16.65775000
16.62620800
16.66562500
16.47462500
17.02162500
16.61141700
16.59750000
16.78362500
16.69325000
16.70258300
16.62933400
16.70558300
16.49466700
16.84566600
16.66350000
16.59654200
16.90816700
16.65954100
16.62145900
16.64566600
16.49212500
16.71400000
16.63579200
17.03812500
16.43079200
16.67416600
16.75779200
16.73029200
16.67920800
16.71612500
16.71916700
16.42204100
16.87708400
16.77891600
16.53950000
16.71870900
16.70862500
16.55420800
16.64779200
16.85495800
16.61091700
16.61637500
16.75537500
16.57445800
16.68329200
16.67775000
16.73820800
16.75433300
16.59220900
16.91333300
16.64000000
16.58895800
16.78587500
16.44566700
16.91758300
16.95429200
16.28054200
16.75037500
16.89454100
16.53379200
16.60995800
16.73950000
16.56050000
16.79075000
16.73400000
16.91129200
16.64891700
17.04075000
16.68691600
16.39570900
16.46320800
16.65666700
16.79020800
16.72170800
16.49083400
16.68070800
16.73279200
16.65741600
16.88116700
16.56937500
16.60083300
16.72616700
16.69354200
16.75583300
16.61570800
16.67279200
16.70304200
16.68112500
16.65675000
16.66508300
16.72612500
16.47233300
16.78475000
16.75008400
16.62666600
16.69179200
16.76158300
16.51808400
16.79179100
17.13291700
16.34908300
16.75245900
16.70758300
16.33270800
16.77283400
16.67545800
16.41233300
16.91816700
16.69808300
16.67183400
16.83170800
16.55900000
16.75275000
16.65612500
16.73008300
16.83420900
16.60687500
16.94779100
16.19445900
16.79433300
16.66366700
16.64079100
16.71941700
16.72787500
16.66212500
16.68150000
16.63550000
16.44116700
17.73008300
16.06854200
16.35691600
16.78337500
16.65687500
16.67700000
16.71675000
16.75741700
16.72925000
16.65608300
16.62587500
16.87483400
16.61516600
16.62479200
16.65241700
16.64008300
16.71312500
16.67212500
16.59333300
16.77250000
16.73841700
16.43541700
16.85233300
16.87004200
16.50070800
16.69254200
16.73395800
16.73116700
16.59595800
16.71383300
16.57362500
16.75570900
16.63329100
16.67737500
16.73775000
16.73000000
16.69379200
16.46970800
16.81725000
16.83516700
16.52495800
16.71529200
16.71262500
16.94733300
16.52766700
16.73670800
16.50716700
16.88062500
16.54645800
16.53441700
16.85579200
16.48887500
16.74562500
16.74675000
16.65604100
16.59070900
16.91329100
16.61695900
16.53454100
16.52545900
17.52041600
16.07512500
16.94341700
16.36775000
16.79666700
16.66237500
16.86779100
16.54420900
16.65475000
16.68304100
16.61270900
16.67183300
16.59300000
16.73283300
16.69783400
16.58800000
16.72050000
16.79604100
16.58704200
16.74229200
16.77183300
16.37704200
16.82608300
16.78779200
16.52437500
16.69483300
16.77529200
16.63129100
16.76991700
16.56395800
16.73125000
16.78241700
16.73000000
16.55604200
16.61354100
16.65204200
16.81712500
16.74191700
16.71204100
16.54845900
16.74983300
16.68741700
16.63162500
16.78395800
16.57491700
16.67112500
16.71279100
16.99800000
16.44904200
16.70916700
16.67529100
16.55520900
16.66037500
16.75375000
16.75720800
16.60470800
16.83033400
16.57854100
16.63583400
16.72583300
16.94595800
16.49866700
16.62662500
16.81470800
17.18125000
16.18716700
16.80604200
16.60504100
16.55162500
16.82137500
16.67804200
16.56537500
16.72983300
16.68504200
16.61450000
16.77512500
16.60237500
16.64779200
16.73537500
16.68612500
16.65479100
16.68437500
16.74629200
16.54733300
16.81129200
16.66487500
16.56791700
16.83591600
16.66533400
16.57025000
16.75475000
17.44616600
16.01325000
16.86508400
16.53529100
16.46562500
17.08425000
16.58720900
16.68450000
16.65170800
16.52229200
16.97933300
16.52125000
16.69341700
17.02987500
16.24012500
16.82516600
16.54291700
16.90741700
17.64704100
15.65912500
16.74879200
16.61016700
16.66325000
16.70187500
17.37425000
55.55262500
10.16329100
19.94745900
26.92412500
7.65487500
7.84754100
7.77837500
7.77108400
7.58695800
14.71925000
16.62575000
16.63620800
16.95225000
16.59737500
16.65325000
16.68108400
16.86162500
16.59454100
16.61033400
16.82575000
16.49225000
16.85425000
16.39233300
16.69379200
16.61037500
17.01387500
16.71479100
16.60941700
16.66045800
16.71137500
16.84479200
16.52262500
16.57395800
16.90875000
16.61408400
16.65412500
16.69783300
16.65854200
16.52583300
16.85858300
16.60620900
16.55458300
16.58650000
16.74425000
16.78016700
16.56391600
16.60170900
17.16420800
16.82345800
16.21787500
16.93433400
16.62875000
16.46841600
17.20379200
16.33775000
16.65487500
16.56095800
16.67183400
16.91750000
16.67358300
16.70045800
16.47879200
17.58262500
16.36275000
16.55720800
17.24008400
15.95337500
16.89616600
17.24066700
16.39829200
16.88858300
16.38458300
16.54658400
16.70475000
16.23137500
16.65970800
16.75437500
16.45608300
17.00170900
16.56895800
16.68987500
16.88537500
16.53916700
16.49754100
16.76029200
16.40933300
16.93587500
16.48341700
16.48187500
17.06404200
16.53370800
16.59212500
16.71320800
16.71883400
16.63391600
16.75091700
16.76679200
16.49212500
16.62383300
16.76516700
16.82770800
16.63341700
16.87266600
16.73370900
16.75787500
16.57216600
16.76912500
16.55758400
16.67308300
16.70891700
16.76987500
16.73008300
16.55183300
17.02675000
16.50487500
16.56337500
16.77466700
16.51054200
16.64741600
16.72795900
16.33745800
16.95141700
16.64683300
16.50166700
16.70441600
17.06004200
16.39637500
16.74400000
16.88141700
16.63187500
16.85058300
16.48537500
16.48937500
16.78387500
16.72000000
16.61695800
16.69729200
16.64150000
16.70900000
16.74120800
16.53075000
16.69079200
16.76229200
16.66829100
16.59987500
17.21400000
16.30991700
17.00358300
16.51737500
16.71779200
17.00041700
16.73954100
16.49016700
16.82304200
16.90712500
16.28320800
16.38283300
16.87554200
16.68183300
16.84241700
16.53029200
16.36779100
17.89179200
15.85291700
16.63683300
16.87779200
16.41537500
16.43512500
16.78125000
16.68395800
16.51754200
16.71537500
16.67550000
16.85683300
16.58233300
16.83541700
16.42320800
16.46533400
17.14137500
16.56754100
16.66662500
16.63875000
16.65658400
16.63066600
16.96879200
16.65691700
16.59312500
16.69466600
16.42637500
16.87045900
16.72079100
16.45604200
16.77229200
16.61066600
16.82483400
16.55154100
16.76933400
16.69175000
16.57691600
16.74562500
16.66729200
16.63179200
16.70720800
16.85179200
16.94741600
16.90020900
16.58287500
16.65379100
16.51966700
16.45850000
16.55912500
16.74579200
16.81841600
16.48450000
16.72154200
16.55020800
16.85495900
16.59354100
16.81025000
16.55487500
16.63754200
16.94945800
16.54670900
16.64716600
16.79125000
16.54654200
16.62904200
16.78933300
16.58591700
16.61929100
16.90516700
16.58937500
16.90150000
16.60525000
16.61625000
16.66562500
16.69700000
16.58708300
16.72600000
16.78466700
16.62595800
16.53120900
16.92795800
16.63845800
16.64854200
17.06191700
16.49033300
16.40254200
16.86337500
16.52408300
16.59987500
16.79975000
16.84745800
16.59358400
16.87870800
16.56308300
16.55395900
16.64062500
16.63441600
16.75750000
16.70666700
16.72029200
16.55833300
16.69479200
16.58854100
16.79620900
16.63904100
16.74716700
16.49133300
16.80208400
16.71662500
16.66979100
16.59891700
16.78100000
16.69200000
16.76766700
16.66304100
16.65479200
16.61204200
16.63720800
16.73416700
16.66966600
16.63362500
16.76600000
16.68370900
16.68904100
16.64837500
16.71104200
16.91466700
16.53191600
16.72262500
16.44541700
17.35612500
16.31433300
16.84262500
16.45491700
16.76225000
16.53391700
16.74362500
16.78370800
16.47525000
16.79854200
16.83116600
16.44516700
16.96325000
16.71037500
16.43062500
16.61645800
16.75233400
16.63983300
16.62641700
16.91083300
16.96075000
16.51612500
16.90491700
16.31320800
16.69229200
16.53720800
16.93841700
16.62845800
16.64079200
16.65579100
16.84795900
16.41175000
16.73941600
16.68662500
16.57800000
16.86829200
16.62454200
16.56191600
16.72054200
16.79450000
16.62016700
16.79191600
16.60066700
16.60654200
16.79170800
16.62245800
16.56600000
16.94391700
16.54437500
16.71079200
16.74454100
16.58962500
16.55020900
16.81512500
16.94087500
16.47483300
16.83033300
16.66779200
16.36162500
16.78454200
17.06820800
16.40904200
16.61591600
16.68566700
16.58920800
16.75933400
16.79170800
16.72633300
16.51916700
16.85391700
16.57550000
16.74645800
16.72879200
16.75725000
16.51287500
16.58250000
16.77750000
16.65366600
16.68129200
16.64987500
16.59375000
16.55962500
16.90383300
16.66875000
16.76883400
16.61958300
16.62500000
16.61316700
16.71400000
16.73383300
16.54100000
16.91745800
16.56425000
16.68437500
16.69170900
16.72575000
16.72445800
16.55429200
16.73675000
16.72733300
16.67662500
16.69729200
16.47725000
16.96895800
16.57162500
16.64779200
16.55016600
16.89670900
16.55345800
16.60316700
16.92100000
16.56554100
16.68404200
16.70954200
16.56929100
16.92283400
16.67358300
16.59412500
16.65212500
16.77800000
17.14404200
16.31041600
16.65675000
16.58875000
16.72866700
16.60745800
16.82245900
16.43329100
16.74175000
16.76908400
16.55466600
16.61170900
17.07508300
16.65962500
16.53420800
16.67333400
16.77579100
16.48091700
16.65387500
16.83720800
16.64666700
16.60395800
16.66295900
16.70808300
16.68800000
16.75325000
16.58908300
16.73387500
16.58570900
16.72654100
16.56170900
16.91395800
16.57191700
16.86808300
16.56837500
16.64041700
16.62445800
16.78900000
16.59729200
16.70775000
16.72279100
16.59662500
16.76450000
16.81745900
16.43750000
16.79529100
16.51629200
16.83437500
16.60108300
16.89095900
16.46441600
16.76879200
16.72800000
16.75854200
16.62058300
16.71900000
16.58304200
16.65762500
16.70958300
16.73150000
17.08487500
17.21087500
16.01145800
16.72733400
16.45854100
16.78525000
16.74116700
16.30095800
16.92900000
16.57216700
16.55804200
16.80750000
17.46858300
15.91566700
16.78304100
16.65345900
16.32954100
16.88875000
16.72670900
16.79045800
16.62345800
16.74387500
16.67812500
16.72520900
16.93045800
16.57512500
16.59745800
16.66454200
16.62275000
16.71783300
16.66325000
16.65300000
16.72554200
16.66033300
16.62300000
16.66679200
16.88541700
16.56962500
16.72412500
16.69662500
16.51266600
16.75100000
16.69875000
16.67016700
17.03233300
16.73741700
16.58666700
16.38495800
16.77558300
16.77437500
16.56658400
16.55312500
16.65141600
16.79120900
16.62675000
16.79225000
16.70154100
16.68058400
16.94050000
16.65458300
16.69383300
16.57325000
16.62775000
16.40037500
16.60862500
16.67150000
16.76570900
16.68187500
16.66025000
16.97383300
16.52862500
16.65416700
17.48608300
15.88104200
16.75125000
16.59366600
16.56412500
16.86350000
16.57533400
16.57291600
16.90566700
16.66487500
16.98862500
16.82900000
16.27150000
17.44233300
15.99079200
16.53416700
16.76925000
16.69516600
16.49233400
16.70470800
16.95608300
16.40350000
16.98362500
16.52508400
16.57195800
16.63362500
16.89416700
16.67658300
16.67579200
16.64200000
16.76729100
16.69287500
16.53420900
16.72233300
16.69462500
16.79441700
16.62575000
16.52129100
16.80700000
16.65037500
16.68125000
16.60904200
16.84029200
16.67662500
16.56833300
16.81729200
16.64345800
16.62287500
16.94591700
17.09837500
15.81462500
17.00091600
16.75054200
16.50320800
16.70283400
16.82954100
16.42695900
17.04483300
16.59491700
16.49570800
17.07529200
16.35375000
16.38475000
16.95341600
16.83579200
16.35633300
16.82470900
16.74445800
16.52350000
16.97787500
16.70095800
16.40700000
16.80312500
16.70795900
16.48958300
16.84108300
16.65250000
16.62720900
16.69125000
16.74550000
16.71412500
16.65887500
16.68041600
16.74808400
16.56016600
16.79962500
16.45041700
16.80279200
16.68008300
16.74770800
16.62333400
16.60583300
16.83841700
16.65670800
16.52629200
16.78183300
16.76908300
16.49395900
16.90362500
16.68520800
16.42579200
16.88341600
16.59970900
16.77745800
16.59654200
16.57462500
16.75941600
16.79437500
16.90654200
16.46695800
16.70562500
16.67987500
16.40120900
17.01704100
16.62050000
16.57116700
16.71116700
16.76358300
16.55462500
16.82408300
16.90850000
16.36883400
16.68570800
16.76600000
16.41120800
16.89100000
16.77783400
16.59012500
17.06308300
16.37862500
16.68920800
16.63900000
16.81770900
16.57254100
16.61491700
16.97079200
16.59712500
17.06495800
16.23204200
16.79500000
16.67283300
16.51987500
16.80275000
16.65125000
16.60295800
16.76300000
16.62766700
16.58608300
16.82320900
16.70016600
16.46366700
16.87958300
16.65633400
16.55691600
16.75775000
16.71991700
16.52466700
16.78295800
16.69929200
16.66375000
16.72579100
16.65104200
16.67550000
16.70412500
16.77183300
16.53670900
16.78150000
16.60304100
16.92516700
17.00712500
16.46637500
16.49966700
16.86970800
16.45029200
16.51841600
16.64308400
16.81758300
16.71308300
16.62329200
16.86887500
16.84337500
16.36187500
16.69854200
16.59954100
16.69725000
16.64591700
16.73720800
16.67875000
16.68041700
16.74679200
16.67108300
16.54241700
16.95645800
16.47937500
16.69783300
16.48158400
16.85029100
16.74641700
16.56279200
16.79983300
16.69254200
16.66916600
16.70108400
16.63962500
16.58962500
16.77525000
16.66754100
16.71383400
16.48004100
16.92125000
16.63750000
16.54666700
17.39250000
16.87375000
20.68345800
12.38566700
16.65354200
17.55654100
16.66841700
16.27058300
18.53608400
15.00745800
16.45204200
16.56066600
16.41154200
16.72608300
16.46275000
16.77625000
17.18304200
16.18508300
16.53170900
17.19108300
16.73708300
16.28220900
16.97604100
16.45962500
16.23812500
16.86979200
16.75937500
17.36575000
15.99145800
16.85012500
16.52966700
16.45241700
16.80554100
16.75254200
16.82954200
16.68200000
16.64575000
16.72066600
16.65850000
16.56091700
16.89175000
16.37750000
16.98350000
16.61933300
16.70537500
16.71933400
16.50912500
16.75287500
16.72975000
16.73620800
16.52316700
16.69308300
16.56933300
16.44520900
16.84900000
16.71008300
16.58820800
16.83250000
16.70737500
16.58604200
16.64737500
16.80483300
16.77295900
16.52258300
16.71341700
16.51595800
16.72958300
16.78833400
16.53287500
16.60904100
16.70129200
16.81816700
16.72158300
16.68562500
16.59208300
16.77570900
16.81220800
16.55295800
16.59645900
16.67054100
16.73612500
16.74287500
16.67925000
16.57437500
16.80862500
16.62962500
16.55258400
17.67695800
15.90187500
16.65845800
16.50395900
16.81687500
16.70412500
16.69112500
16.70637500
16.63758300
16.79141700
16.61279100
16.56920900
16.90533300
16.44733300
16.87441700
16.51237500
16.72708300
16.83579200
16.35379200
16.83658300
17.00225000
16.67008300
16.52954200
16.67158300
16.66341700
16.62604200
16.68870800
16.66108300
16.64462500
16.74920900
16.69987500
16.72195800
16.69620800
16.64820900
16.56475000
17.17470800
16.41675000
16.59125000
16.75404200
16.18000000
17.05741600
16.68358400
16.76066600
17.19366700
16.61387500
16.72616700
16.47554100
16.74387500
16.28020900
17.32345800
16.17104200
16.66654100
16.59766700
16.79525000
16.70891700
16.78720800
16.77283300
16.21533400
16.67562500
16.64604100
17.25275000
16.23633400
16.76308300
16.52012500
16.78912500
16.61529200
16.61329100
16.77995900
16.71708300
16.59308300
16.71583400
16.63670800
16.74595800
16.53087500
17.07916700
16.41629200
16.67887500
16.90808300
16.55654200
16.67812500
16.65370800
16.63141700
16.60066600
16.60833400
16.70079100
16.84054200
16.85375000
16.41308300
16.72991700
16.73808300
16.43770900
16.91158300
16.68266700
16.57637500
16.91904100
16.68795900
16.57666600
16.73116700
16.72295800
16.52854200
16.71295800
16.63841700
16.71987500
16.69733300
16.84595900
16.44154100
16.74754200
16.62504200
16.71058300
16.79745800
16.50041700
16.65716700
16.72720800
16.70037500
16.77479200
16.65500000
16.54979100
16.85487500
16.60133400
16.63433300
17.08070800
16.48466700
16.70504200
16.63520800
16.49783300
16.71229200
16.63008300
16.84912500
16.65650000
16.75933400
16.65975000
16.54141600
16.78054200
16.61487500
16.58470800
16.82875000
16.71391700
16.56525000
16.77208300
16.65854200
16.62975000
16.70295800
16.84750000
16.51358400
16.73904100
16.68679200
16.50991700
16.81841600
16.71791700
16.64900000
16.69629200
16.74025000
16.71395800
16.62775000
17.21995800
16.23166700
16.70720800
16.56100000
16.73262500
16.70729200
16.50325000
16.80445800
16.70337500
16.61933400
16.92233300
16.55279200
16.60825000
16.62125000
16.74829100
17.23425000
16.22133400
16.62250000
16.53904100
16.86837500
16.64354200
16.52262500
16.80533300
16.72166700
16.58212500
16.77083300
17.10408400
16.19362500
16.78950000
16.70183300
16.53991700
16.84620800
16.65087500
16.56908300
16.68129200
16.81929200
16.54562500
16.75379100
16.66866700
16.49791700
16.75745800
16.89320800
16.56800000
16.77137500
16.59895900
16.66583300
16.72854200
17.07866600
16.50591700
16.88366700
16.43012500
16.75925000
16.53641600
16.71187500
16.65716700
16.68016700
16.64350000
16.94054100
16.81383400
16.47541600
16.95937500
16.48162500
16.45137500
16.81725000
16.55058400
16.63245800
16.85225000
16.66900000
16.66720800
16.66779200
16.70254200
16.54595800
16.85304200
16.54629100
16.67937500
16.92066700
16.60087500
16.55012500
16.78950000
16.57679200
16.64754100
16.95591700
16.68175000
16.65791700
16.70700000
16.47895800
17.01354200
16.31962500
16.76975000
16.45812500
16.85904100
16.59208400
16.63891600
16.74275000
16.65679200
16.88325000
16.52554200
16.74608300
16.54741700
16.75166600
19.00229200
14.79954200
16.45191600
16.70145900
16.58591600
16.63837500
16.65683400
16.55029100
16.80033400
16.84687500
16.54387500
16.68441600
16.60816700
16.69000000
16.76566700
16.49925000
16.79641600
16.66629200
16.64229200
16.83775000
17.00691600
16.27462500
16.65650000
16.85179200
16.43520800
16.80958400
16.60495800
16.72104200
16.71445800
16.87141700
16.46925000
16.69600000
16.70066600
16.64020900
16.64991600
16.86908400
16.52233300
16.69562500
16.71087500
16.66770800
16.66375000
16.79266700
16.47908300
16.77375000
16.65162500
16.63616700
16.90370800
16.78316700
16.38604200
16.99454100
16.45300000
16.64020900
16.63779100
16.69191700
16.51408300
17.52016700
16.23637500
16.26016700
17.30850000
16.67812500
16.85550000
16.67166600
16.45595900
16.68141600
16.76212500
16.47037500
16.67354200
16.75954200
16.58120800
16.66825000
16.67783300
16.71591700
16.72766700
16.71120800
16.72779200
16.68366600
16.60595900
16.83666600
16.62441700
16.51837500
16.93891700
16.48183300
16.84650000
16.37400000
16.86600000
16.70491700
16.47058300
16.83637500
16.77716700
16.71391600
16.74050000
16.58845900
16.64033300
16.69054200
16.66612500
16.70375000
16.63500000
16.62200000
16.69329100
16.73870900
16.72850000
16.60662500
16.85845800
16.64037500
16.48966700
16.83320800
16.94245800
16.50920900
16.54462500
16.70262500
16.66891600
16.67837500
16.72608400
16.79008300
16.46662500
16.84733300
16.77412500
16.44270900
16.78775000
16.68858300
16.62608300
16.90408400
16.62350000
17.07454100
16.36795900
16.63441600
16.64087500
16.59850000
16.78958400
16.68900000
16.62650000
16.72858300
16.59566700
16.73266600
17.16137500
16.31804200
16.69479200
16.93195800
16.66112500
16.79066700
16.66120800
16.52387500
17.11933300
15.91675000
16.88329200
16.60983300
16.69904200
16.77854200
16.66137500
17.02716600
16.73133400
16.43512500
16.48279100
16.70283400
16.61512500
16.95975000
16.70091600
16.56437500
16.49641700
16.61787500
16.64016700
16.75729100
16.52083400
16.94716600
16.44879200
16.64825000
16.83758300
16.82587500
16.49541700
16.55054200
16.76104100
16.59187500
16.71204200
16.66812500
16.75320800
16.70041700
16.57462500
16.51604200
16.94862500
16.73083300
16.60604200
16.65262500
16.72258300
17.00979200
16.66075000
16.69204100
16.78050000
16.60016700
16.52712500
16.39800000
16.75566700
16.85937500
16.68770800
16.61458300
16.62266700
16.49658300
16.76929200
16.87004200
16.56095800
16.65575000
16.87820800
16.41625000
16.79329200
16.75370800
16.58920900
16.69595800
16.74379200
16.49620800
16.74000000
16.83908300
16.50420900
16.66183300
16.91204200
16.48554100
16.69737500
16.87487500
16.63625000
16.61983400
16.74787500
16.65916600
16.71375000
16.60041700
16.72329200
16.73904100
16.77587500
16.62700000
16.74858400
16.45983300
16.75912500
16.56587500
16.74820800
16.80800000
16.58050000
16.65325000
16.71962500
16.74787500
16.47004200
16.79137500
16.77316700
16.54695800
16.76020800
16.59204200
16.68087500
16.72325000
16.65066700
16.74279100
16.66404200
16.83595800
16.54987500
16.69787500
16.72308400
16.40137500
16.99712500
16.66050000
16.68183300
16.60550000
16.74370800
16.48737500
16.88975000
16.81920900
16.74441600
16.47279200
16.64883300
16.73725000
16.61400000
16.77904200
16.62970800
16.52875000
16.93895900
16.77079100
16.68262500
16.54420900
16.43487500
16.86833300
16.65504200
16.71008300
16.71566700
16.71966600
16.65179200
16.75062500
16.67150000
16.84091700
16.71212500
16.47462500
16.65308300
16.62491700
16.87645800
16.64250000
16.74137500
16.56700000
16.61862500
16.68616700
16.75775000
16.65054100
16.72991700
16.58608300
16.53662500
16.80487500
16.46679200
16.89145800
16.93758400
16.37575000
17.13150000
16.64595800
16.96095800
16.23983400
16.78537500
16.61650000
16.70283300
16.69745800
16.52762500
16.73445900
16.63233300
16.68075000
16.81795800
16.63583400
16.57250000
16.67041600
16.77816700
16.68020800
17.12754200
16.28466700
16.76320800
16.52287500
16.83612500
16.57266700
16.68075000
16.68195800
16.60508300
16.80925000
16.53533400
16.88537500
16.50837500
16.63820800
16.84841700
16.69608300
16.84216700
16.75633300
16.53620800
16.51220900
16.63287500
16.67612500
16.51783300
16.85641700
16.71745800
16.56225000
16.97691700
16.50612500
16.66083300
16.75237500
16.57154200
16.79629100
16.56200000
16.85204200
16.44550000
16.87433300
16.62020900
16.54312500
16.83637500
16.57937500
16.71341600
16.64062500
16.71625000
16.72708400
16.59458300
16.72404200
16.72241600
16.45691700
16.91062500
16.51020800
16.77679200
16.84066700
16.54308300
16.85395800
16.65412500
16.57637500
16.69391700
16.61675000
16.73754200
16.63445800
16.95133300
16.50641700
16.67258300
16.61750000
16.90012500
16.63875000
16.44383400
16.72616600
16.64012500
16.67670900
16.75441600
16.70808400
16.56087500
16.64970800
16.88845800
16.67754200
16.86954200
16.35879100
16.79983400
16.65045800
16.73754200
16.60266600
16.75075000
16.60900000
16.59800000
16.64316700
17.05645800
16.51562500
16.64404200
16.74558300
16.72650000
16.68270900
16.55554100
16.51187500
16.71395900
16.78891600
16.53970900
16.98662500
16.45770800
16.55795800
16.99712500
16.45029200
16.89145800
16.70770900
16.70037500
16.63150000
16.61558300
16.78254200
16.75525000
16.62929100
16.44629200
16.97658300
16.68150000
16.46854200
16.75129200
16.53070800
16.87954200
16.63579100
16.64504200
16.68445800
16.95045900
16.48758300
16.66995800
16.54400000
16.79358400
16.65112500
16.67933300
16.55841700
16.78683300
16.74783300
16.75829200
16.59387500
16.77362500
16.50187500
16.71329200
16.80020800
16.59033300
16.72591700
16.74066700
16.70820800
16.41350000
17.03058300
16.53750000
16.69812500
16.66112500
16.77883400
16.89391600
16.36337500
16.63016700
16.68158300
16.72433400
17.11441600
16.85975000
17.09691700
16.30979200
16.60437500
16.97508300
16.18058300
16.57670900
16.36733300
16.87333300
16.57645900
16.84070800
16.69770800
16.57100000
16.63145900
16.54879100
17.19416700
16.62491700
16.71466600
16.45258400
16.75579100
16.65500000
16.67604200
16.68108300
16.66787500
16.76162500
16.56245900
17.14666600
16.44675000
16.89000000
16.41833400
16.65933300
16.74166700
16.44033300
16.81758300
16.68091700
16.67387500
16.80541700
16.60008300
16.54825000
16.71858300
16.70345900
16.70795800
16.65937500
16.83195800
16.50708400
16.78904100
16.82508400
16.37545800
16.96962500
16.90529200
16.51329100
16.81075000
16.42312500
16.45062500
17.08212500
16.45612500
16.45225000
16.66870900
16.94941600
16.49516700
16.79379200
16.71100000
16.55929100
16.79116700
16.51866700
16.82141600
16.56412500
16.66316700
16.76062500
16.62908300
16.67887500
16.64441700
16.86933300
16.52966700
16.87575000
16.55995800
16.67116700
16.70933300
16.72679200
16.71787500
16.61137500
16.70025000
16.55770800
16.72041700
16.76987500
16.62787500
16.71000000
16.77933300
16.71970900
16.64600000
16.53183300
16.58662500
16.86641700
16.57708300
16.40783300
17.07633400
16.51750000
16.63470800
17.03262500
16.59670800
16.40904200
16.71495800
17.14004200
16.25987500
39.14083300
8.26691700
8.13266700
18.69895800
9.85900000
17.23170800
16.19629200
16.85666700
16.47450000
18.07020800
15.11420800
16.82633400
16.40520800
16.57533300
16.70579200
16.68800000
16.36979200
16.82850000
16.70779100
16.73879200
16.62541700
16.62979100
16.91920900
16.47083300
16.69508300
16.62641700
16.76379200
16.71820800
16.53933300
16.71812500
16.67033400
16.82404100
16.79325000
16.32175000
16.83245900
16.58591600
16.86970900
16.31645800
16.94879200
16.56483300
16.75070800
16.89800000
16.49937500
16.69266700
17.03112500
16.44162500
16.56908300
16.79904200
16.64958300
16.41166700
16.95941700
16.65741600
16.60037500
16.88920900
16.56387500
16.56283300
16.55600000
16.93250000
16.58100000
16.98666700
16.51283300
16.62804200
16.70362500
16.60391600
16.71925000
16.62337500
16.70725000
16.69095900
16.76779100
17.46725000
16.05487500
16.98466700
17.34804200
15.85058300
18.97241700
14.22183300
18.14716700
15.24991600
16.45200000
16.81387500
16.61654200
16.54729200
16.85441600
16.65000000
16.57895900
16.74179100
16.69583400
16.48358300
16.83520800
16.71425000
16.59016700
16.86162500
16.57558300
16.61020900
16.79325000
16.80625000
16.76187500
17.10437500
16.35916600
16.53341700
16.68537500
16.72270800
16.60025000
16.70816700
17.12400000
16.19987500
16.64962500
16.93720800
16.45920900
16.78691600
16.65879200
16.53654200
16.72670800
16.80241700
16.61166600
16.62520900
16.73916600
16.80291700
16.82516700
16.48279100
16.59895900
16.67758300
16.75900000
16.67612500
16.70516700
16.61062500
16.75254100
16.56704200
16.60141700
17.88091600
16.03387500
16.57770900
16.65362500
16.35050000
16.68570800
17.10283300
16.62708400
16.71816600
16.70687500
16.36633400
16.47025000
16.81045800
16.63570800
16.74187500
16.69633400
16.64775000
16.62937500
16.70058300
16.68458300
16.46816700
16.81495800
16.86408400
16.47154100
16.81570900
16.64641600
16.51233400
16.92583300
16.69058300
16.48650000
16.77016700
16.74025000
16.61350000
16.76200000
16.72762500
16.70525000
16.74900000
16.69125000
16.51920800
16.55120900
16.69170800
17.03850000
16.47958300
16.71941700
16.71354200
16.58575000
17.89116600
16.57900000
16.93325000
15.79154200
17.46137500
17.61283300
16.26954200
15.45600000
16.85554200
16.45658300
16.57812500
16.72941700
17.12941600
16.17812500
16.69291700
16.85383300
16.36529200
17.28612500
16.08370800
16.57695900
16.93004100
16.51350000
17.00620900
17.09216600
15.98283400
17.06800000
16.28191600
16.67562500
16.59991700
16.61612500
16.75429200
16.61612500
16.84583300
16.42245800
16.53441700
16.90420800
16.73125000
16.67412500
16.72145900
16.38091600
16.83437500
16.82025000
16.50150000
16.74512500
16.62616700
16.73966700
16.56950000
16.78029100
16.86220900
16.62804100
16.63970900
16.64429100
16.63929200
16.66225000
16.74800000
16.61625000
16.67245800
16.70837500
16.73620900
16.57754100
16.71833400
16.65245800
16.70637500
16.75708300
16.74404200
16.57641700
16.71333300
16.61575000
16.70891700
16.75933300
16.63083300
16.53087500
17.02804200
16.46270800
17.16000000
16.20045900
16.80120800
16.55537500
16.75725000
16.65341700
16.64970800
16.67479200
16.66795800
16.81700000
16.67820800
16.63779200
16.59629200
16.67195800
16.78133300
16.59366700
16.73241700
16.68191600
16.63104200
16.68762500
16.72470800
16.58408400
16.74720800
16.65854200
16.86262500
16.55000000
16.66750000
16.59483300
16.77454200
16.70033300
16.74741700
16.98008300
16.60054200
17.00795800
16.55358300
16.47300000
16.74275000
16.53520900
16.64450000
16.74566600
16.62012500
16.56954200
16.77075000
16.70562500
16.72037500
16.63900000
16.72945800
17.58525000
15.74512500
16.79183400
16.51637500
16.82966600
17.17516700
16.63558300
16.49420900
16.90654100
16.37304200
16.62504200
16.54145800
16.60454200
17.12170800
16.52537500
16.44975000
16.97195800
16.45883400
16.94550000
16.54700000
16.68716600
16.63554200
16.60679200
16.52575000
16.67212500
16.65700000
16.69608300
16.56008300
16.74833400
16.72216600
16.89266700
16.48612500
16.65500000
16.70500000
16.69229200
16.63645800
16.74433300
16.72900000
16.58604200
16.74216700
16.65508300
16.66058300
16.74804200
16.72045800
16.50229200
16.76966700
16.63283300
17.18341700
16.24604100
16.83991700
16.49895800
16.83637500
16.63654200
16.42775000
16.87487500
16.68004200
16.63100000
16.86079100
16.55391700
17.71425000
15.86991700
16.46683300
17.03258300
16.34066700
16.59570800
16.69504200
16.80687500
16.58354200
16.65841600
16.75887500
16.69375000
16.57404200
16.81520800
16.80104200
16.54325000
16.67341700
16.68862500
16.65391600
16.65450000
16.78525000
16.48204200
16.78937500
16.77091700
16.63075000
16.76725000
16.47454100
16.80816700
16.58025000
16.83083300
16.62262500
17.07783400
16.38700000
16.56170800
16.77016700
16.91533300
16.35241700
16.74033300
16.62679200
16.74833300
16.60141700
16.68675000
16.69300000
16.68279100
16.70716700
16.71504200
16.63204100
16.64437500
17.14875000
16.32658400
16.68720800
16.66366700
16.69800000
16.59029100
16.73670900
16.71933300
16.62200000
16.72833300
16.86300000
16.52704200
16.70658300
16.70504200
16.89566700
16.58479100
16.60325000
16.56545900
16.76316600
16.69308400
16.58495800
16.81154200
16.56091600
16.61104200
16.96075000
16.50337500
17.05295800
16.44300000
16.56654200
16.71670800
16.69316700
16.76275000
16.56654200
16.66179100
16.74820900
16.90854100
16.51037500
16.57787500
16.67162500
16.68058400
16.54533300
16.91408300
16.58658400
16.42912500
17.02795800
16.68295800
16.56870900
16.71754100
16.62316700
16.71325000
16.61454200
16.93966600
16.38654200
16.90370800
16.57004200
16.66654200
16.92829100
16.54137500
16.56725000
16.70358400
17.33587500
16.24841600
16.74658400
16.64533300
16.68941700
16.60462500
16.63950000
16.93954100
16.55383400
16.83658300
16.47291700
16.68650000
16.64620800
16.61629200
16.72141600
16.84316700
16.64470800
16.56629200
16.80425000
16.49970800
16.79600000
16.79654200
16.55337500
16.73370800
16.65591700
16.71775000
17.26345800
16.28820900
16.52350000
16.71566600
16.57820900
16.64145800
16.67779200
16.91620800
16.62529200
16.87304100
16.54029200
16.44137500
16.62154200
16.74450000
16.60654100
16.66454200
16.68075000
16.56891700
16.85675000
16.66675000
16.77791600
16.60025000
16.69308400
16.61162500
16.67487500
16.58329100
16.89379200
16.60637500
16.62362500
16.98787500
16.76525000
16.59954200
16.49016600
16.73954200
16.65441700
16.83654100
16.65675000
16.50250000
16.84112500
16.69529200
16.45041700
16.83945800
16.61395800
16.79516700
16.54462500
16.71054200
16.54562500
16.81595800
16.70558300
16.88891700
16.81545800
16.37362500
16.65633400
16.61570800
16.60416700
16.85883300
16.63975000
16.67195800
16.64533400
16.58454100
17.03329200
16.57054200
16.69800000
16.52954100
16.70687500
16.73666700
16.62645800
16.73283400
16.58325000
16.69850000
16.71920800
16.77987500
16.51962500
16.84537500
16.60275000
16.59279200
16.75625000
17.07600000
16.27154100
16.75416700
16.64925000
16.54962500
16.93279200
16.55716600
16.67287500
16.64370900
16.86383300
16.59312500
16.59145800
16.61612500
16.75708400
16.53395800
16.98133300
16.44062500
17.17991700
16.34058300
16.66441700
16.66683300
16.70095900
16.63854100
16.82329200
16.56025000
16.83345800
16.73525000
16.53350000
16.64662500
16.60045900
16.91370800
16.50737500
16.80429200
16.61625000
16.71625000
16.57345800
16.69966700
16.61404100
16.80895900
16.71004100
16.65912500
16.65529200
16.61675000
16.92516700
16.69287500
16.35400000
17.07229100
16.47704200
16.65404200
16.69283300
16.85462500
16.54454200
16.76233300
16.57487500
16.59008300
16.88270900
16.59383300
16.58575000
16.74433300
16.65437500
16.55287500
16.81412500
16.79083400
16.55958300
16.74154200
16.76204100
16.49916700
16.93662500
16.49579200
16.59487500
16.94970800
16.59358300
16.58529200
16.82058300
16.50433400
16.69379100
16.81141700
16.74287500
16.54345800
16.78412500
17.00804200
16.53916700
16.72912500
16.62779100
16.57720900
16.88087500
16.59941600
16.68854200
16.63875000
16.80762500
16.55050000
16.74204200
16.82791600
16.62437500
17.38062500
16.30729200
17.41591700
15.85316600
16.46720900
16.84404100
16.57475000
16.85512500
16.70237500
16.46633400
17.16516600
16.15137500
16.98237500
55.24400000
20.82666700
9.51470800
23.17504200
7.61908300
7.30320900
7.32383300
8.00779200
10.46916600
17.00879200
16.81141700
16.79070800
16.39287500
16.86066700
16.75562500
17.55770800
16.25683300
15.94245900
16.66483300
16.96700000
16.84558300
16.20166700
16.71958300
16.71158400
16.72808300
16.91445800
16.62241700
16.36900000
16.87491700
16.58383300
16.58820800
16.76579200
16.89795800
16.53766700
16.54875000
16.66729200
16.81504100
16.51620900
16.65704100
16.82229200
16.59670800
16.56833400
16.76062500
16.81483300
16.59729200
16.98095800
16.51862500
16.80970800
17.36375000
16.22200000
16.20166700
16.85804200
16.78987500
16.69733300
16.76308300
16.82679200
16.65504200
16.64512500
16.85912500
16.39675000
16.77937500
16.43887500
16.45620800
16.78275000
16.60950000
16.72012500
16.65416700
16.81891600
16.46241700
16.72212500
16.72020800
16.70320900
16.66141600
16.77395900
16.60750000
16.54595800
16.77600000
16.95387500
16.35970800
16.78862500
16.72545900
16.62754100
16.65012500
16.69195900
16.82445800
16.51729200
16.57704100
16.84800000
16.45887500
16.86433400
16.73800000
16.55033300
16.72695800
16.73087500
16.43704200
16.94883300
16.63308400
16.63129100
16.83700000
16.59383400
16.64966600
16.77512500
16.64729200
16.60912500
16.64633300
16.92383400
16.37220800
16.74487500
17.15316700
16.35587500
16.58962500
16.72641600
16.54008400
16.85858300
16.86991700
16.43062500
16.84316600
16.63687500
16.71545900
16.84320800
16.55775000
16.62612500
16.56995800
16.64591700
16.58420800
19.41937500
14.36254200
16.38962500
16.77733300
16.62008400
16.70491600
16.47629200
16.84966700
16.75145800
16.73241700
16.74791600
16.60312500
16.76641700
16.45700000
16.74154200
16.73079100
16.40033400
16.74450000
16.82425000
16.49550000
16.97195800
16.55137500
16.76595800
16.48629200
16.76050000
16.70812500
16.70220800
16.70808400
16.61116600
16.83691700
17.27291700
16.36975000
16.73783300
16.82345800
16.46279200
16.48958300
16.76637500
16.97129200
16.88966700
16.26062500
16.68695800
16.67595800
16.58712500
16.94829200
16.56733300
16.62850000
16.52120900
16.79200000
16.90287500
16.28158300
17.03495800
16.85945900
16.22516600
17.08800000
16.53770900
16.39370800
16.83425000
16.88137500
16.48783300
16.70687500
16.55858400
16.70120800
16.68808300
16.71620900
16.55554100
17.05512500
16.46891700
16.83500000
16.62758300
16.33683400
16.59245800
16.81287500
16.58162500
16.90095800
16.64129200
16.52491700
16.84029100
16.62833400
16.43037500
16.86208300
16.74400000
16.53537500
16.99704200
16.55779100
16.74854200
16.70495800
16.61883400
16.57254100
16.77362500
16.63675000
16.63750000
16.83033400
16.43841600
16.65466700
16.94133300
16.54304200
16.64875000
16.61208300
16.89783400
16.61758300
16.89662500
16.51516700
16.65333300
17.06483300
16.39470900
16.73950000
16.69458300
16.62087500
16.64700000
16.61966700
16.84012500
16.84312500
16.43008300
16.64779200
16.57100000
16.84562500
16.60712500
16.67383300
16.59079200
16.87004100
16.64958400
16.66929100
16.63483400
16.64650000
16.91687500
16.48262500
16.86720800
17.96762500
15.84920800
16.79175000
16.66670900
16.32558300
16.82195800
16.76220900
16.59075000
17.11050000
16.07250000
16.52883300
16.68266700
16.69333300
16.70700000
16.73425000
16.78129200
16.85491600
16.72041700
16.36508300
16.57950000
16.65070900
16.82141600
16.40495900
16.76858300
16.63783300
16.67891700
16.73183300
16.90158400
16.45754100
16.63479200
16.63508300
16.72845900
16.96954100
16.91066700
16.62191700
16.59066600
17.00083400
16.44812500
16.33487500
16.91575000
16.32112500
17.00283300
16.58095800
16.75441700
16.71408300
16.47429200
16.58754200
16.87800000
16.50729100
16.71779200
16.73912500
16.69062500
16.74725000
16.44566700
16.69025000
16.67987500
16.84133300
16.74187500
16.48195800
16.69762500
16.77754200
16.63125000
16.73133300
16.67925000
16.75237500
16.47533400
16.87091600
16.80962500
16.46129200
16.65908300
16.78441700
16.70333300
16.51833400
16.79508300
16.84225000
16.57841700
16.74000000
16.61379100
16.53095900
16.91216600
16.51579200
16.66429200
16.83470800
16.60258300
16.58929200
16.62670800
17.26733400
16.51254100
17.02945900
16.39845800
16.66079200
16.55729100
16.67604200
16.81233300
16.53729200
16.61712500
17.06416700
16.49291600
16.59708400
16.70029100
16.75612500
16.41241700
16.77966700
16.78104100
16.82033400
16.47445800
16.76383300
16.68425000
16.65087500
16.63858400
16.52254100
16.88279200
16.62175000
16.62475000
16.71420800
16.67070900
16.62933300
16.83066700
16.58291600
16.65091700
16.95179200
16.75700000
16.71316600
16.64887500
16.28254200
16.67466700
16.59800000
16.88104100
16.57879200
16.76070800
16.81433400
16.56037500
16.73337500
16.56229100
16.52512500
16.79225000
16.78783400
16.65641600
16.79787500
16.60233400
16.63312500
16.69000000
16.80154100
16.70104200
16.63325000
16.64129200
16.61291600
16.72950000
16.68429200
16.71370800
16.56820900
16.78683300
16.60579200
16.87316600
16.56862500
16.79587500
16.81095900
16.57458300
16.53300000
16.67391700
16.55091600
16.95379200
16.54575000
16.68154200
16.80545800
16.56154200
16.70683300
16.66908300
16.66708400
16.56429100
16.78087500
16.86670900
16.60254100
16.62491700
16.69295800
16.63829200
16.56141700
16.80033300
16.70862500
16.74329200
16.57991600
16.62679200
16.61208300
16.97308400
16.53600000
16.68200000
16.70566600
16.67945900
16.65041600
16.90125000
16.52454200
16.70583300
16.67662500
16.52304200
16.79104200
16.67775000
16.73116600
16.64887500
16.70745900
16.62275000
17.89133300
15.63941700
16.60450000
16.70133300
16.72954200
16.57708300
16.69750000
16.58500000
16.92416700
16.54420800
16.64012500
16.81695800
17.01516700
16.31058300
16.53162500
16.74012500
17.00425000
16.54583400
16.56691600
16.62645900
16.71758300
16.70141700
16.61650000
17.22700000
16.24341600
16.64058400
16.88195800
16.50941700
16.67583300
16.63020800
16.58462500
16.58991700
16.89179200
16.76354100
16.38870900
17.04029100
16.58000000
16.54425000
16.91054200
16.44841700
16.79912500
16.64412500
16.76158300
16.53275000
16.85712500
16.65695800
16.65941700
16.63525000
16.76733300
16.68533400
16.58812500
16.68958300
17.34900000
18.11254200
14.78866600
16.56804200
16.66812500
16.62079200
16.75079100
16.71470900
16.57316600
16.61216700
16.63695800
16.73725000
16.86925000
16.60020900
16.56904100
16.81375000
16.66212500
16.94833400
16.72791600
16.74241700
16.70866700
16.49958300
16.66729200
16.59883300
17.22695800
16.36537500
16.52287500
16.72254200
16.65920800
16.57420900
16.72695800
17.08266700
15.98425000
17.05525000
16.91479100
16.42470900
17.13141600
16.52333400
16.37300000
16.73833300
16.65187500
16.69387500
16.71145800
16.82445900
16.51254100
16.63583400
16.73954100
16.60937500
16.69941700
16.70070800
16.63700000
16.87537500
16.80633400
16.52562500
16.79129100
16.32741700
16.78966700
16.52325000
16.60379100
16.79095900
16.62700000
16.76950000
16.69958300
16.64216700
16.55541600
16.81550000
16.53483400
16.95191600
16.69300000
16.60704200
16.60825000
16.72100000
16.65320800
16.63329200
16.76254200
16.64450000
16.62495800
16.78291700
16.63741600
16.65700000
17.30279200
16.11962500
16.60187500
16.82358300
16.72841700
16.62966700
16.63725000
16.71354100
16.49866700
16.80929200
16.72912500
16.94087500
16.41212500
16.79200000
16.53266600
16.74733400
16.65445800
16.66087500
16.81645800
16.55812500
16.79991700
16.54241700
16.77595800
16.74008300
16.83208400
16.55258300
16.58841700
16.72287500
16.65391600
16.67395900
16.70387500
16.53129100
16.74287500
16.71725000
16.66033400
16.72300000
16.72383300
16.38641700
16.95829100
16.66983400
16.68558300
16.80220800
16.58958400
16.64295800
16.68579200
16.59637500
16.59525000
16.83654100
16.59883400
16.70150000
16.84712500
16.52929100
16.70550000
17.21945900
16.50195800
16.25912500
16.89737500
16.58341700
16.67191600
16.68850000
17.28583400
16.08862500
16.65641600
16.82287500
16.72433400
16.61333300
16.72745800
16.58841700
16.57387500
16.63866700
16.72520800
17.23837500
16.21241700
16.78620800
16.73591700
16.64158300
16.71854200
16.59533300
16.71316700
16.57004100
16.76637500
16.63204200
16.69762500
16.68925000
16.69562500
16.86683300
16.55579200
16.70195800
16.60454200
16.84962500
16.47200000
16.69445800
16.76037500
16.61416700
16.69045800
16.70129200
16.60266700
16.70000000
16.69320800
16.66666700
16.78216600
16.68070900
16.56745800
16.72166700
16.69512500
16.81100000
16.56729100
16.64316700
16.62612500
16.84050000
16.58870800
16.59825000
16.80766700
16.61750000
16.71466700
16.89237500
16.45933300
16.76079200
16.63404100
16.70791700
17.14416700
16.41079100
17.05762500
16.15445900
17.23000000
16.34437500
16.79200000
16.64504100
16.54666700
16.69504200
16.72000000
16.96616600
16.27225000
16.85533400
16.74095800
16.65408300
16.45025000
16.65237500
16.81820900
16.65341600
16.61237500
16.70008400
16.72179100
16.67200000
16.74841700
17.12025000
16.51795800
17.26354200
17.34833300
15.56766700
17.19745800
16.33408400
16.58629100
16.33754200
17.00458300
16.56333400
16.38854100
17.00808400
16.45270800
16.73904200
16.96225000
16.36591600
16.57862500
16.54687500
16.95662500
16.59141700
16.66212500
16.47891700
16.78525000
16.80950000
16.33587500
16.80158300
16.77258300
16.58162500
16.68704200
16.58525000
16.73325000
16.63195800
17.02570900
16.91354100
16.94470900
16.25087500
16.85900000
16.64712500
16.31350000
16.76766600
16.63300000
16.61091700
16.73704200
16.63620800
16.74875000
16.83637500
16.59754200
16.68508300
16.77825000
16.69483300
16.55125000
16.51458400
16.66166600
16.48641700
16.97204200
16.58483300
16.75558300
16.56429200
16.83700000
16.54083300
16.91045900
16.95662500
16.25916600
16.81366700
16.49108300
16.73183400
16.71541600
16.67991700
16.48987500
16.86483300
16.71600000
16.59550000
16.80875000
16.85137500
16.50925000
16.66108400
16.87829100
16.39187500
18.67929200
15.43687500
16.74133300
16.89195900
18.76616600
14.37883400
17.12295800
15.58812500
16.74058300
16.75058400
16.53183300
16.68558300
16.61725000
16.59137500
16.75604200
16.67800000
16.81316700
16.62225000
16.78204100
16.59141700
16.74000000
16.66908300
16.45725000
16.86362500
16.80975000
16.59950000
16.69562500
16.92925000
16.41733400
16.65404100
16.68454200
16.55987500
16.96945800
16.56858400
16.62104100
16.87941700
16.53795800
16.51845900
16.80229100
16.64408400
16.70854100
16.61045900
16.61279100
17.17595900
16.31283300
16.69825000
16.65091700
16.72016600
16.61545900
16.61004100
17.04458400
17.05750000
16.42745800
16.69750000
16.48108300
16.43475000
16.78916700
16.64900000
16.57900000
16.91400000
16.69725000
16.44258300
16.77362500
16.69383400
16.79245800
16.75766700
16.56091600
17.24325000
16.37629200
16.81112500
16.48958300
16.76954200
16.50616700
16.71629100
16.86012500
16.51641700
16.77937500
16.56912500
16.47487500
16.79679200
16.69479100
16.62504200
16.67250000
16.88329200
16.52700000
16.73250000
16.75283300
16.89629200
16.52558300
16.56787500
16.59737500
16.72387500
16.68008300
16.67225000
16.74862500
16.60866700
16.85637500
16.55445800
16.71375000
16.62970900
16.67020800
16.61804200
16.61945800
17.14145800
16.45466700
17.22937500
16.40191700
16.61945800
16.51845800
16.50100000
16.67050000
16.69487500
16.66254200
16.51625000
16.81533300
16.71820900
16.58550000
16.81537500
16.58625000
16.66350000
16.72912500
16.57170800
16.81004200
16.63454100
16.69533400
16.83520800
16.52675000
16.59391700
16.73012500
16.64837500
16.70725000
16.68395800
16.75279200
16.65516600
16.68379200
16.65958300
17.19804200
16.38912500
16.52891700
16.62916600
16.77062500
16.61716700
16.76837500
16.59379200
16.67395800
16.67529200
16.59120800
17.00979200
16.50695800
16.67591700
16.72858300
16.85008300
16.44500000
16.61070900
16.81045800
16.74454200
16.62716600
16.85987500
16.40295900
16.81816600
16.78908400
16.47895800
16.66716700
16.99329100
16.58854200
16.49670800
16.69341700
16.73450000
16.74533300
16.63958400
16.76175000
16.56287500
17.12204100
16.40420900
16.60225000
16.62408300
16.72558300
16.76216700
16.44079200
16.60645800
16.78070800
16.75266700
16.66620800
16.72766700
16.55666700
16.80745800
16.74112500
16.54150000
16.69566700
16.59912500
16.75745800
16.71645800
16.71554200
16.70075000
16.73250000
16.62854200
16.69320800
16.70279200
16.70570800
16.57691700
16.71016600
16.70087500
16.74812500
16.68208400
16.64695800
16.66745800
16.66933400
16.97845800
16.20087500
16.97658300
16.65479200
16.50612500
16.79770800
16.78195900
16.55866600
16.77291700
16.65600000
16.60704200
16.74162500
16.57675000
16.90775000
16.57200000
16.66904100
17.02270900
16.51358300
16.66091700
16.53779100
16.52933400
16.87745800
16.70650000
16.46916700
16.74195800
17.08854200
18.88154100
14.17966700
16.83020800
16.61120900
16.45491600
16.85958400
16.62416600
16.68841700
16.79208300
16.63145900
16.73804100
16.70362500
16.59470900
16.64470800
16.67391700
16.66112500
16.56233300
17.15816700
16.41262500
16.86483300
16.70037500
16.70237500
16.53766700
16.73162500
16.73495800
16.52433300
16.72587500
16.82287500
16.48200000
16.87762500
16.70904200
16.54666700
16.64075000
16.79350000
16.80691600
16.61829200
16.75762500
16.47333300
16.69245900
16.64979100
16.81304200
16.64600000
16.65716700
16.87466600
16.47991700
16.72108300
16.53466700
16.71104200
16.75225000
16.59495800
17.17666700
16.08058300
17.01425000
16.74691700
16.67491600
16.67133400
16.56154100
16.56450000
16.60616700
16.77550000
16.72487500
16.58912500
16.48216700
16.57300000
17.02266600
16.65462500
16.47145900
16.77954100
16.78945900
16.57770800
16.55337500
16.89883300
16.52983400
16.76750000
16.65520800
16.63808300
16.69933400
16.69962500
16.85579100
16.43187500
16.85750000
16.76337500
16.96712500
17.07729200
16.05933300
17.06062500
16.14495900
16.53891600
17.23337500
16.69858400
16.49770800
16.71783300
16.40025000
16.88491700
16.79366700
16.37275000
16.84429100
16.65487500
16.57291700
16.72704200
16.74412500
16.70200000
16.84433300
16.70433300
16.46075000
16.66608400
16.60258300
16.65320800
16.69162500
16.74150000
16.88366700
16.61308300
16.73562500
16.50600000
16.97125000
16.48275000
16.58829200
16.74879200
16.63245800
16.73291700
16.51341600
16.95233400
16.42133300
16.74400000
16.62566700
16.69941600
16.85920900
16.66904100
16.60675000
16.76533400
16.71725000
16.52029100
16.69479200
16.82941700
16.59183300
16.71583300
16.58941700
16.66262500
16.67162500
16.81050000
16.35500000
17.02987500
16.70387500
16.54900000
16.79562500
16.66220800
16.74108400
16.62058300
16.70675000
16.67866700
16.74225000
16.62362500
16.63437500
16.63075000
16.98125000
16.36466600
16.97387500
16.34158400
16.85050000
16.63716600
17.33245900
17.13670800
16.35525000
16.52666700
16.58879100
16.50208400
16.89420800
16.59316700
16.60400000
16.80450000
16.67425000
16.40491600
16.58558400
16.57429100
16.86858400
16.67454100
17.16833400
16.34670800
16.44241700
16.63758300
16.99370800
16.44316700
16.71475000
16.62620800
16.50791700
16.77254200
16.54370800
16.86445800
16.62850000
16.68016700
16.45475000
16.87391700
16.87004100
16.54620900
16.61829100
16.56987500
16.57041700
16.94500000
16.88091700
16.46325000
16.71445800
16.63983300
17.07333400
16.46570800
17.01666700
16.43212500
16.72270800
16.69225000
16.49079200
16.75970800
17.02250000
16.86808300
16.66816700
16.83800000
16.48075000
16.60958300
16.29129200
16.71462500
16.64491700
16.82729100
16.45008400
16.85658300
16.55433300
16.90441700
16.64104200
16.50000000
16.70850000
16.67820800
16.58029200
16.78379100
17.13412500
16.20033400
16.77625000
16.58600000
16.63366600
17.08070900
16.63362500
16.59483300
16.71670800
16.69066700
16.23479200
16.86095800
16.79354200
16.46300000
16.69333300
16.91266700
16.30545800
16.78020800
16.90066700
16.48712500
16.84004200
16.77820800
16.55854200
16.65125000
16.81733300
16.50220800
16.65737500
16.77875000
16.52758400
16.84695800
16.71791700
16.69016600
16.54845900
16.70658300
16.75875000
16.75595800
16.38216700
16.75341700
16.79612500
16.75687500
16.68125000
16.61587500
16.67504100
16.85916700
16.67262500
16.39112500
16.88345800
16.70266700
16.59016700
16.75325000
16.69700000
16.41562500
16.71950000
17.02900000
16.54958300
16.67295800
16.69208400
16.55291600
16.86729200
16.67250000
16.86466700
16.42725000
16.68358300
16.79108300
16.60900000
16.78020900
16.54129100
16.75741700
16.73358300
16.60966700
16.56862500
16.79625000
16.62370800
16.73558400
16.63762500
16.73191600
16.86595900
16.39020800
16.75420800
16.66054200
16.51687500
16.80529200
16.85495800
16.58925000
16.54229200
16.80420800
16.70783300
16.67850000
16.75316700
16.58808300
16.51737500
16.90937500
17.06991700
16.34733300
16.38870900
16.75633300
16.85475000
16.62662500
16.58387500
16.74629200
16.71420800
16.52187500
16.86850000
17.48558300
15.83658400
16.70833300
16.61979200
16.59595800
16.76662500
16.82529200
16.54495800
16.71512500
16.70691700
16.64691600
16.67262500
16.84416700
16.58475000
16.64737500
16.67729200
16.77516600
16.87837500
16.47850000
16.57337500
16.68554200
16.71941700
16.51379100
16.78650000
16.90116700
16.61366700
16.71204100
16.59191700
16.59687500
16.77141700
16.78137500
16.55545800
16.61925000
16.73275000
16.65791700
16.66379100
16.72229200
16.63637500
16.57562500
16.76533300
16.57800000
16.82891700
16.71616700
16.69170800
16.68954200
16.54066600
16.75341700
16.77091700
17.01475000
17.03912500
16.63329100
16.29883400
16.65958300
16.61162500
16.73200000
16.86091700
16.54395800
16.50629200
16.78379100
16.82287500
17.05800000
16.42137500
16.44779200
16.63091700
16.64637500
16.72758300
16.68795800
16.63520900
16.61662500
16.78070800
16.76058300
16.65954200
16.55529200
16.79208300
16.66900000
16.57129200
16.93941600
16.80937500
16.55608400
16.59741600
16.61212500
16.72475000
16.96000000
16.61075000
16.76379200
16.60708300
16.40595900
16.62237500
16.67550000
16.63745800
16.76266700
16.60308300
16.75433300
16.64795900
16.62445800
16.65979200
16.82054100
16.71008400
16.61400000
16.73225000
16.65475000
16.59204100
16.62416700
16.80079200
16.67404100
16.73912500
16.58650000
16.62933400
16.80516600
16.74158400
16.73075000
16.67037500
16.62458300
16.48808300
16.93862500
16.72420900
16.52866600
16.76037500
16.62208400
16.59245800
17.51183300
16.00287500
16.57558400
16.71625000
16.78587500
16.60045800
16.62454200
16.91679100
16.58500000
16.65745900
16.71775000
16.63912500
16.65129100
16.64375000
16.59279200
16.80337500
17.10900000
16.36729200
16.73483300
16.59812500
16.63641700
16.63145800
16.59670800
16.78545900
16.68416600
16.67641700
16.79320800
16.64337500
16.60383400
16.74400000
16.64475000
16.66508300
16.73875000
16.62029200
16.78195800
16.62083300
16.59933400
16.72058300
16.76679200
16.61491600
16.64491700
16.71612500
16.46170800
16.91200000
16.78045900
16.48587500
16.77062500
16.74312500
16.64754100
16.72920900
16.50833300
16.74312500
16.72933300
16.70612500
16.53412500
16.76329200
16.69087500
16.67387500
16.55508300
16.79162500
17.28225000
16.16683400
16.82016600
16.55508400
16.81416600
16.50216700
16.73675000
16.63704200
16.73062500
16.82491600
16.61779200
16.55025000
16.64987500
16.74033300
16.61445900
16.50725000
17.13629100
16.49754200
16.65929200
16.69441600
16.74358400
16.54145800
16.73400000
16.74529200
16.54062500
16.72458300
16.78808300
16.68104200
16.71950000
16.59854200
16.66800000
16.75212500
16.67941600
16.59116700
16.69841700
16.77712500
16.54045800
16.70754200
16.81175000
16.54437500
16.73562500
16.68937500
16.63404100
16.67770900
16.83229100
16.51766700
16.61562500
16.79016700
16.56716600
17.31491700
16.20300000
16.69687500
16.60916700
16.74295800
17.05066700
16.47600000
16.70475000
16.76675000
16.51229100
16.85000000
17.03020900
16.30191600
16.78545900
16.74145800
16.43087500
16.60787500
16.72470800
16.76050000
16.46841700
16.96037500
16.56316700
16.58379100
16.76625000
16.73770900
16.59979100
16.69541700
17.28958300
16.20458400
16.73229100
16.59291700
16.60595800
16.78895900
16.66058300
16.62683300
16.69383400
16.70104100
16.65470900
16.89254100
16.89929200
16.42829200
16.79208300
16.37070800
16.61516700
16.60095800
16.83079200
16.59366700
16.72175000
16.71770800
16.63679200
16.80633300
16.63758300
16.53191700
16.80812500
16.73762500
16.51358300
16.83000000
16.47812500
16.81920900
16.73558300
16.81066700
16.55862500
16.63258300
16.74516700
16.68137500
16.66220800
16.72550000
16.63045800
16.70183400
16.53779100
16.71462500
17.05058400
16.36450000
16.62112500
16.91625000
16.41762500
16.77362500
16.79679100
16.55604200
16.65916700
16.94729100
16.49866700
16.64241700
16.72429100
16.56975000
16.63062500
16.73779200
17.02333300
16.48666700
16.65566700
16.62004100
16.79425000
16.67800000
16.46462500
16.86470900
16.65175000
16.81258300
16.66691700
16.62733300
16.63900000
16.65000000
16.67075000
16.60429200
16.93675000
16.51041600
16.72208400
16.60120800
16.84079200
16.53154100
16.86350000
16.69875000
16.56104200
16.69845800
16.58683400
16.90637500
16.53933300
16.61633300
16.83641700
16.67533300
16.71525000
16.79941700
16.74045800
16.47387500
16.79983400
16.44191600
16.55550000
16.87429200
16.70016700
16.69187500
16.60254100
16.75370900
17.00245800
16.48991700
16.62175000
16.45720800
16.87966700
16.61904100
16.61091700
16.81908300
16.59258400
16.69112500
16.64212500
16.77658300
16.66908300
16.72066700
16.45258300
16.82362500
17.07870900
16.38625000
16.67175000
16.64629100
16.68820900
16.66920800
16.71354200
16.77704100
16.58162500
16.67012500
16.76545900
16.59920800
16.75925000
16.64366700
16.50891600
16.77975000
16.72516700
16.64845800
16.67062500
16.79133400
16.62791600
16.61512500
16.77195900
16.50637500
16.80670800
16.82537500
16.55170800
16.65866700
16.72158300
16.65945900
16.68512500
16.69587500
16.67720800
16.89312500
16.44612500
16.83925000
16.70062500
16.57525000
17.01295800
16.50729200
17.10079200
16.26629100
16.75812500
16.56891700
17.17358300
16.26995900
16.49804100
16.76466700
16.67550000
16.78295800
16.65654200
16.59741700
16.65916600
16.80404200
16.58350000
16.72100000
16.63087500
16.76312500
16.56541700
16.78966600
17.02625000
16.38395900
16.66729100
16.81562500
16.39316700
16.77320800
16.72291700
16.61033300
16.73987500
16.67925000
16.57358400
16.73262500
17.01558300
16.62087500
16.64783300
16.66954200
16.34016700
16.77908300
16.69425000
16.54766700
16.82116600
16.58525000
16.79354200
16.72008300
16.55279200
16.76933300
16.72262500
16.52854200
16.72383300
16.66233400
16.56487500
16.89141600
16.71916700
16.70508300
16.63295900
16.60233300
16.74804200
16.67154100
16.70554200
16.62587500
16.86816700
16.38045800
16.84783300
16.68562500
16.84291700
16.73266700
16.52254100
16.61712500
16.57316700
16.76183300
16.73062500
16.61233400
16.69762500
16.64583300
16.58025000
16.95341700
16.66829100
16.50870900
16.61345800
16.84687500
16.92529200
16.52750000
16.71570800
16.56954200
16.64779100
16.77016700
16.61250000
16.74333300
16.78675000
16.47508400
16.74000000
16.53766600
16.91391700
16.58712500
16.53662500
16.94616700
16.57320800
16.71212500
16.61583300
16.69866700
16.69483300
16.73933400
16.60125000
16.85970800
16.56300000
16.59025000
16.69612500
16.75108300
16.74466700
16.46808300
16.82320900
16.66016600
16.66950000
16.89504200
16.58591700
16.53804100
16.65262500
16.84695900
16.58641600
16.75858400
16.61525000
16.62683300
16.75095800
16.72116700
16.93733300
16.46691700
16.75216700
16.50133300
16.74862500
16.69200000
16.57587500
16.87204200
16.60145800
16.46941700
16.92029100
16.48479200
16.77400000
16.92608300
16.47400000
16.72775000
16.97062500
16.40429200
16.69729200
16.63016600
16.57037500
16.86833400
16.64787500
16.72650000
16.57108300
16.93133300
16.48766700
16.70433300
16.63600000
16.78629200
16.63887500
16.59029200
16.70566600
16.64679200
16.71145800
16.66600000
16.77537500
16.55145900
16.68266600
16.72229200
16.73212500
16.64895800
16.69583400
16.81500000
16.55641600
16.69675000
16.70783400
16.53154100
16.81812500
16.82750000
16.49508400
16.80395800
16.59787500
16.71304200
16.48129100
16.99183400
16.49391600
16.72704200
17.01120800
16.72958400
16.73829100
17.20887500
16.34070900
16.38770800
16.60295800
16.57045900
16.69745800
16.67370800
16.73062500
16.69429200
16.95895800
16.48258400
16.59779100
16.65175000
16.76362500
16.72266700
16.82400000
16.45891700
16.72541600
16.65466700
16.76587500
16.54591700
16.60775000
16.71737500
16.72800000
16.55612500
16.79087500
16.73341600
16.63883400
16.79350000
16.53050000
17.03462500
18.20837500
15.62433300
16.04837500
16.73670800
16.38445900
16.60187500
16.88445800
16.65462500
16.63104200
16.66775000
16.89458300
16.39762500
16.80154200
16.75629100
16.48483400
16.86929100
16.70041700
16.69675000
16.72008300
16.52870900
16.66337500
16.67691600
16.90475000
16.51433400
16.64166600
16.78529200
16.68995800
16.75770900
16.76208300
16.61112500
16.58904200
16.72812500
16.74466600
16.60420900
16.55004100
16.83975000
16.65029200
16.66000000
16.64954200
16.59916600
16.66483400
16.79329100
16.48275000
16.88533400
16.90229100
16.45058400
16.61233300
16.71379200
16.69270800
16.58962500
16.75858300
16.62041700
16.55862500
16.81366700
16.77191600
16.43970900
16.86637500
16.57645800
16.91437500
16.41716700
16.86733300
16.67733300
16.62754200
16.81379200
16.37533300
16.92387500
16.76737500
16.76025000
16.50291700
16.64958300
16.58525000
16.82195800
16.72491700
16.69725000
16.45554200
16.80470800
16.69700000
16.93375000
16.55262500
16.68116700
16.66287500
16.56295800
16.84591700
16.72004100
16.56954200
16.72300000
16.60991700
16.69845800
16.92766700
16.45987500
16.64929100
16.66650000
16.61125000
16.47841700
16.92512500
16.71029200
16.57708300
16.88466700
16.49541600
16.56816700
16.82125000
16.94562500
16.29025000
16.97545800
16.89379200
16.25641700
16.89508300
16.76362500
16.37937500
16.95595800
16.45325000
16.72633400
16.71500000
16.82129100
16.53050000
16.58895900
16.92075000
16.55141600
16.71083400
16.62254100
16.79887500
16.65358400
16.84783300
16.45925000
16.75454200
16.62650000
16.71200000
16.64316600
16.82558400
16.56687500
16.66641600
16.83320900
16.57433300
16.60970800
16.75533400
16.68950000
16.74512500
16.59637500
16.91337500
16.44000000
16.87112500
16.53720800
16.80220800
16.43487500
16.89629200
16.52495800
16.68504200
16.87100000
16.85308300
16.50379200
17.00941700
16.50308300
16.65666700
16.61845800
16.70620800
16.61291700
16.74366700
16.83679100
16.53758400
16.65112500
16.67250000
16.64766600
16.61862500
16.80566700
17.00783300
16.48025000
16.49733400
16.58212500
16.81812500
16.72629100
16.71591700
16.64204200
16.69379100
16.67966700
16.57625000
16.81491700
16.55150000
16.75395800
16.70679200
16.60858300
16.68358300
16.70316700
16.86541700
16.66658300
16.67670800
16.55195900
16.64758300
16.63312500
16.66583300
16.75008400
16.70662500
16.67454100
16.65783400
16.62891600
16.71387500
16.60391700
16.70358300
16.79770900
16.42566600
16.71645900
16.98979100
16.54704200
16.57037500
16.72458300
16.78995900
16.49454100
16.85100000
16.74754200
16.71537500
16.39229200
16.80566600
16.70329200
16.74408300
16.71270900
16.55679100
16.77112500
16.75050000
16.64387500
16.69179200
16.49387500
16.58366700
16.95170800
16.69520800
16.53275000
16.99837500
16.61579200
16.50091700
16.74666600
16.65554200
16.62425000
16.68154200
16.79308300
16.54562500
16.78941700
16.66666600
16.54654200
16.57629200
16.84754100
16.69858400
16.68516600
16.72745900
16.63304100
16.59133400
16.78191600
16.67175000
16.49604200
16.93637500
16.48341700
16.84887500
16.45800000
16.87195800
16.59804200
16.87845800
16.61975000
16.52066700
16.66812500
16.89025000
16.89145800
16.44116700
16.71554100
16.68837500
16.60575000
16.77958400
16.58770800
16.52737500
16.90125000
16.45404200
16.72637500
17.05258300
16.51129200
16.59295800
16.75150000
16.65658300
16.43804200
16.89362500
16.72604200
16.66970800
16.69087500
16.76354200
16.58316600
16.82908400
16.62629100
16.54950000
16.58029200
17.29570800
16.25100000
16.76083400
16.64300000
16.57141600
16.69462500
16.82841700
16.66237500
16.63579200
16.63504100
16.83837500
16.40437500
16.79783400
16.76504100
16.74008400
16.59429100
16.76570900
16.72887500
16.56354100
16.96841700
16.43000000
16.65729200
16.67437500
16.56387500
16.64970800
16.82933300
16.74208400
16.55854100
16.81812500
16.60008400
16.68250000
16.66162500
16.96141600
16.76491700
16.56945800
16.40862500
16.83895900
16.57716600
16.74541700
16.47129200
16.84054100
16.69033400
16.61845800
17.39562500
16.24400000
16.93045800
16.31100000
16.83108400
16.43675000
16.73633300
17.04637500
16.49245800
16.58066700
16.71200000
16.73412500
16.60358300
16.74625000
16.63900000
16.71170900
16.69729100
16.94504200
16.43329200
16.62658300
16.66633300
16.69883400
16.63916600
16.80779200
16.64029200
16.68645800
16.81637500
16.50516700
16.61212500
16.78545800
16.64516700
16.51091600
16.96233400
16.66925000
16.46812500
16.78079100
16.83804200
16.39666700
16.90479100
16.53162500
17.09854200
16.45716700
16.89016600
16.48404200
16.74487500
16.40387500
16.68712500
16.75520800
16.45145900
16.84508300
17.77895800
15.52975000
16.79558400
16.77087500
16.57941600
16.64208400
16.81262500
16.53958300
16.60470800
16.86254200
17.39054200
15.95762500
16.76920800
16.62558300
16.60875000
16.76491700
16.47445800
16.65804200
16.87212500
16.55016700
16.82995800
16.63758300
16.82608400
16.52620800
16.72020800
16.67312500
16.71875000
16.74758400
16.37925000
16.81425000
16.68029100
16.69837500
16.56554200
16.69125000
16.74812500
16.68333300
16.69300000
16.69258400
16.67662500
16.73470800
16.67358300
16.67358400
16.66204100
16.67683400
16.79700000
16.58191600
16.59929200
16.84137500
17.43979200
18.54258300
16.53545800
14.83370900
17.24620800
17.91520800
15.15875000
17.00458400
16.02958300
16.76866700
16.56858300
16.86341700
16.27941600
16.69391700
16.77629200
16.76500000
16.80687500
16.51137500
16.51412500
16.27704100
16.90712500
16.61308400
16.77695800
16.82975000
16.56404200
16.60387500
16.98237500
16.40587500
16.91791600
16.38700000
16.67850000
16.67250000
16.88812500
16.69554200
16.44820800
16.62333400
16.66583300
16.79266700
17.10633300
16.31820800
16.52820900
16.72812500
16.55683300
16.84554200
16.62929100
16.59762500
16.67470900
16.80062500
16.51641600
16.88783400
16.74916600
16.62266700
16.66204200
16.58287500
16.72245800
16.74429200
16.70566600
16.54275000
16.85783400
16.64166600
16.54595900
16.91862500
16.46050000
16.74712500
16.66408300
16.81204200
16.51254100
16.79116700
16.62304200
16.55904100
16.80404200
17.21279200
16.07041600
16.74737500
16.71795900
16.61966600
16.60637500
16.79329200
16.73316700
16.60883300
16.80162500
16.87587500
17.35070800
16.23454200
16.49570800
16.66470900
16.65579100
16.64829200
16.98066700
16.30987500
16.62637500
16.85150000
16.64279100
16.62633400
16.77379100
16.50841700
16.79383300
16.62054200
16.95904200
16.64733300
16.47262500
16.58441700
16.73112500
16.68962500
16.63433300
16.47875000
16.95937500
16.61487500
16.90958300
16.59195900
16.61016600
16.72100000
16.62587500
16.60387500
16.88258400
16.96120800
16.41241700
16.69616600
16.49683400
16.50166600
16.81100000
16.80395900
16.56845800
16.64837500
16.77187500
16.57662500
16.73037500
16.69487500
16.83879200
16.90687500
16.72562500
16.96025000
16.49291600
16.31137500
16.61783400
16.82679100
16.52345900
16.83304100
16.50562500
16.63037500
16.67700000
16.68633400
17.15208300
16.27412500
16.62433300
16.70820900
16.87287500
16.50383300
16.55483300
17.05191700
16.41908300
16.84112500
16.65312500
16.63687500
16.72675000
16.68962500
16.58841700
16.60487500
16.99054200
16.46079100
16.63229200
16.77108300
16.51237500
16.69158400
16.80725000
16.70745800
16.64650000
16.84762500
16.55425000
16.59254200
16.73450000
16.86604100
16.43654200
16.65108300
16.74270900
16.62216600
16.73712500
16.86975000
16.44812500
16.82454200
16.79366700
16.50008300
16.74625000
16.71533300
16.69195900
16.54329100
16.73804200
16.72604200
16.61208300
16.72120800
16.65287500
16.64520900
16.77833300
16.57633300
16.66162500
16.73345900
16.78400000
16.57070800
16.71416700
16.71508300
16.76516700
16.49512500
17.06741600
16.48408400
16.53900000
16.75079100
16.62704200
16.73550000
16.66662500
16.66391700
16.63933300
17.02833300
16.42141700
16.62041700
16.69016600
16.66933400
16.68337500
16.73691600
16.92904200
16.36383300
16.78554200
16.64587500
16.56429200
16.85558300
16.57216700
16.59341600
16.79641700
16.87541700
16.66904100
16.70700000
16.60762500
16.48691700
16.83520800
16.73500000
16.50616700
16.97058300
16.42487500
16.76454200
16.75316700
16.56658300
16.73725000
16.82858300
16.48704200
16.83387500
16.62204200
16.65945800
16.66625000
16.61683300
16.65512500
16.76662500
16.71475000
16.62795900
16.84537500
16.51316600
16.70350000
16.70237500
16.66195900
16.59383300
16.75625000
16.62770800
16.74237500
16.91825000
16.78166700
16.66158300
16.64266700
16.69562500
16.46716700
16.78654100
16.70883400
16.56925000
16.79304100
16.67479200
16.66850000
16.79270800
16.62245900
16.54975000
16.77229100
16.66554200
17.02741700
16.46429100
16.57787500
16.67650000
16.69687500
16.69691700
16.59312500
16.78345800
16.70175000
16.52979200
16.74070800
16.76120900
16.70429100
16.56675000
16.65195900
16.74791600
16.82054200
16.86370800
16.70333400
16.39783300
16.67620800
16.46195900
16.77779100
16.75833400
16.54745800
16.74558300
16.50712500
16.94370900
16.57750000
16.68408300
16.67537500
16.91116700
16.38700000
17.13975000
16.46937500
16.73262500
16.58645800
16.57616700
16.76120800
16.63287500
16.65191700
16.45500000
16.83470800
16.69045800
17.12637500
16.41729200
16.85137500
16.63191700
16.50979100
16.67162500
16.65554200
16.80808300
16.74608400
16.69795800
16.63200000
16.55937500
16.76487500
16.56233300
16.77345900
16.53595800
17.23404200
16.22208300
16.66150000
16.78933300
16.80229200
16.60075000
16.67562500
16.64620800
16.63741700
16.75862500
16.53554200
16.76295800
16.68391700
16.85495800
16.45783300
16.63312500
16.59029200
16.81729200
16.68170800
16.74533300
16.54312500
16.68487500
16.67170900
16.90612500
16.63304100
16.77604200
16.47087500
16.70466700
16.59908300
16.89429200
16.53537500
16.56675000
16.80350000
16.70366600
16.69058400
16.66200000
16.76433300
16.53316700
16.79150000
16.80825000
16.53912500
16.66529100
16.80058400
16.54720800
17.09312500
16.54012500
16.48816700
16.79812500
16.59412500
16.50925000
16.78029100
16.74275000
16.65158400
16.99320800
16.69662500
16.66479200
17.11183300
16.50283300
16.42895900
16.41612500
16.80225000
16.51720800
16.72095800
16.75400000
16.75416700
16.52850000
16.69166700
16.71487500
16.67570800
16.61187500
16.88362500
16.55541700
16.55858300
17.02833300
16.39883400
16.65329100
16.75666700
16.59837500
16.61012500
16.71725000
16.79612500
16.38704200
16.91966600
16.91475000
16.42879200
16.72620800
16.74812500
16.56525000
16.71016700
16.69195800
16.67312500
16.77104200
16.73241700
16.66420800
16.67700000
16.67391700
16.46791600
16.87862500
16.61100000
16.72095900
16.68737500
16.67895800
16.55629200
16.83987500
17.08429100
16.46787500
16.86941700
16.59354200
16.45391600
16.76825000
16.66158400
16.82804100
16.67866700
16.65600000
16.53654200
16.71425000
16.72225000
16.64908300
16.73441700
16.59791600
17.16062500
16.25504200
16.51400000
16.73833300
16.74320900
16.68212500
16.67545800
16.72058300
16.59320900
16.85308300
16.59866700
16.69662500
16.69862500
16.68916600
16.54741700
16.76575000
16.60237500
16.96391700
16.69958300
16.54191700
16.80950000
16.36179100
16.66979200
16.92025000
16.45429200
16.66908300
16.66587500
16.69412500
16.88258300
16.35287500
16.88962500
16.68808400
16.52387500
16.75241600
16.67962500
16.99733400
16.56208300
16.66362500
16.54416700
16.70950000
16.73920800
16.63358300
16.67491700
16.65679200
17.13204100
16.22395900
16.89150000
16.58004100
16.69866700
16.72433300
16.54912500
16.73316700
16.80108300
16.72312500
16.53004200
16.68420800
16.64466700
16.69416700
16.56470800
16.77750000
16.95204200
16.44212500
16.78000000
16.63558300
16.37316700
16.92979100
16.50650000
17.00425000
16.60129200
16.64304200
16.62708300
16.90395800
16.67337500
16.34466700
16.86995800
16.67020900
16.62537500
16.71162500
16.73025000
16.51433300
16.72245800
16.80475000
16.52137500
16.91470900
16.62250000
16.62112500
16.65358300
16.80508300
16.68104200
16.59470800
16.92558400
16.52250000
16.68883300
16.81420800
16.42108400
16.77366600
16.87004200
16.59612500
16.54558300
16.71333400
16.67608300
16.57725000
16.71687500
16.86537500
16.90395800
16.36708400
16.70350000
16.75354100
16.57437500
16.70033400
16.70575000
16.63570800
16.88058300
16.60087500
16.59033400
16.62145800
16.59291700
16.74054100
16.73808400
16.69975000
16.93275000
16.54516600
16.72879200
16.27720800
17.04120900
16.61412500
16.55004100
16.79175000
16.70487500
16.57337500
16.77504200
16.73204200
16.59287500
16.72483300
16.71075000
16.65483300
16.71133400
16.61050000
16.50762500
16.96445800
16.57620800
16.54745900
16.75083300
16.62262500
16.63083300
16.71125000
16.72233400
16.76933300
16.73837500
16.58550000
16.93491700
16.51783300
16.74666700
16.82000000
16.56341600
16.67108400
16.64937500
16.66262500
16.62241600
16.82137500
16.50141700
16.77758300
16.73150000
16.84175000
16.65558400
16.59412500
16.71150000
16.54204100
16.71458400
16.96962500
16.79191600
16.68629200
16.56491700
16.60966600
16.76591700
16.92962500
16.56158300
16.83512500
16.47941700
16.41454200
17.06316600
16.35591700
17.25225000
16.21595800
16.61579200
16.51420800
16.95554200
16.65354200
16.51237500
16.68279100
16.80766700
16.53316700
16.75950000
16.66120800
16.71020800
16.60341700
16.76216700
16.61625000
16.71879100
16.69195900
16.59479100
16.69487500
16.97958400
16.93745800
16.28037500
16.91962500
16.61541700
16.26883300
16.86900000
16.44591700
16.74829100
16.82141700
16.62904200
16.90195800
16.47675000
16.61716700
16.69433300
16.71616700
16.61825000
16.67929100
16.77441700
16.65220800
16.70604200
16.47012500
17.12933300
16.50716700
16.43095800
16.80416700
16.74908300
16.70316700
16.79137500
16.58150000
16.55508300
16.78720900
16.71450000
16.54662500
16.68095800
16.89150000
16.52991700
16.78779100
16.94054200
16.40083300
16.67416700
16.76716700
16.58204100
16.75904200
16.53650000
16.70108300
16.91683400
16.64595800
16.43504200
16.82141600
16.77091700
16.54820800
16.56725000
16.92937500
16.56195900
16.68416600
16.58108400
16.71745800
16.70595800
16.71629200
16.81175000
16.53962500
16.48137500
17.17016700
16.68179100
16.56687500
16.74908400
16.60354100
16.98887500
16.61858400
16.59220800
16.60950000
16.51745800
16.60316700
16.77737500
16.61566700
16.65387500
16.68141600
16.84595900
16.52441600
16.57545900
16.97633300
16.80729200
16.41758300
16.67179200
16.56175000
16.69020800
16.80850000
16.90337500
16.31712500
16.84641700
16.68983300
16.78520800
16.49670900
16.59079100
16.72308400
16.71087500
16.68737500
17.05954100
16.52704200
16.56058300
16.70562500
16.60379200
16.73133300
16.58883400
16.84083300
16.56079200
16.86770800
16.59970800
16.70704200
16.58208300
16.78841700
16.54741700
16.77466600
16.60091700
16.71375000
16.54504200
16.89420800
16.52504200
16.75458300
16.75587500
16.61466700
16.67316600
16.66116700
16.70008300
16.60100000
16.70179200
16.62258300
16.80929200
16.68745800
16.67050000
16.93408400
16.41600000
16.72350000
16.71416600
16.61833400
17.06691600
16.57133400
16.63270800
16.54145800
16.55108400
16.73133300
16.81966700
16.67104100
16.92325000
16.67929200
16.85612500
16.42308300
16.53670900
16.80462500
16.68045800
16.51291700
16.84370800
16.70512500
16.44262500
16.88558300
16.66233400
16.59575000
17.28995800
16.66754200
16.35016600
16.69637500
16.73079200
16.69795800
16.82054200
16.83216700
16.42645800
16.87208300
16.68741700
16.28720800
16.71541700
16.55470800
16.86404200
16.73779200
16.83508300
17.09033300
16.15000000
16.94908400
17.12329100
16.08333400
16.64020800
16.72766700
16.77758300
16.18475000
16.84912500
16.37383300
16.85354200
16.62504200
16.61625000
16.70991600
16.92512500
17.05320900
16.60958300
16.59825000
16.65000000
16.40075000
16.57179200
16.94941600
16.22166700
17.09820800
16.48520900
16.80100000
16.56950000
16.68279100
16.57179200
16.55975000
16.74295800
16.83129200
16.72208300
16.61250000
16.57220900
17.00695800
16.50300000
16.74679200
16.64191600
16.68508400
16.71270800
16.74583300
16.82145900
16.35166600
16.62291700
16.77566700
16.75295800
16.61845800
16.76075000
16.62950000
16.84516700
16.68333300
16.54537500
16.65075000
16.70587500
16.89304200
16.59891700
16.48320800
16.74283300
16.84266700
16.56641700
16.55570800
16.75591700
16.65966600
16.71941700
16.71170800
16.56720900
16.83533300
16.56016700
16.79183300
16.57004200
16.79475000
16.73516600
16.63145900
16.82362500
16.39958300
16.75570800
16.58258400
16.55208300
16.93587500
16.73029200
16.56812500
16.59354100
16.86462500
16.48666700
17.09295800
16.61304200
16.52325000
16.72408300
16.71400000
16.73325000
16.45804200
16.77287500
16.67687500
16.67070800
16.83445900
16.52904100
16.91550000
16.42825000
16.73287500
16.89675000
16.46504200
16.90508300
16.29904200
16.78758300
16.75500000
16.61466700
16.59770800
16.75945900
16.70383300
16.64083300
16.91675000
16.60729200
16.56979200
16.69379100
16.76791700
16.48512500
17.03475000
16.52145800
16.63208400
16.76050000
16.68754100
16.32108400
16.94916600
16.78508400
16.55900000
16.69320800
16.74200000
16.52675000
16.89208300
16.76850000
16.55258400
16.90020800
16.46204200
16.58616600
16.86850000
16.57987500
16.51691700
16.99729200
16.38300000
16.73662500
16.79475000
16.61529100
16.81387500
16.64008400
17.41866600
15.86629200
16.79412500
16.59795800
17.16391700
16.32900000
17.35079200
16.17737500
16.62975000
16.64479100
16.81433400
16.51600000
16.65950000
16.78354100
16.65041700
16.53187500
16.91700000
16.72995800
16.53875000
16.68375000
16.66145900
16.61408300
16.71250000
16.76595800
16.54141700
16.77100000
16.84483300
16.46075000
16.67900000
16.77462500
16.58516700
16.72933300
16.75370900
16.53645800
16.75979200
16.65504100
16.61425000
16.72141700
16.87629200
16.73295800
16.73595800
16.65237500
16.38804200
16.68125000
16.73250000
16.61183300
16.72491700
16.70554200
16.60350000
17.20675000
16.28541600
16.67729200
16.63083300
16.70529200
16.66629200
16.59479100
16.79604200
16.61137500
16.65945800
16.69745900
17.08812500
16.42033300
16.59066700
16.86141600
16.41612500
16.69316700
16.78320800
16.61237500
16.67045900
16.74391600
16.79687500
16.58445900
16.68283300
16.59058300
16.72520900
16.68725000
17.01683300
16.45054200
16.62654100
16.63945900
16.59804100
16.77241700
16.62145800
16.63100000
16.84362500
16.69625000
16.48529200
16.77945800
16.76195900
16.59658300
16.77079200
16.69950000
16.37616600
16.96637500
16.74925000
16.50825000
16.82225000
16.63345900
16.52816600
16.79195900
16.66283300
16.71379200
16.62091600
16.76545900
16.67929100
16.63475000
16.84112500
16.62466700
16.63554200
17.26466600
16.18858400
16.85933300
16.35279200
16.69312500
16.72120800
16.54870800
16.75566700
16.76912500
16.55554200
16.75270800
17.18129200
16.13537500
16.80045800
16.65729200
16.49054100
16.83858400
16.68333300
16.52687500
16.88591700
16.78020800
16.54770800
16.70187500
16.67362500
16.64162500
16.69245900
16.63079100
17.09475000
16.38704200
17.05745800
16.48070900
16.46225000
16.64170800
16.76375000
16.60737500
16.76500000
16.64216700
16.63945800
16.64487500
16.66750000
16.73991700
16.76458300
16.61741700
16.66704100
16.69704200
16.77770800
16.59600000
16.71087500
16.79525000
16.54729200
16.72508300
16.73300000
16.54670900
16.77516600
16.67750000
16.64937500
17.12112500
16.72145900
16.25862500
16.59158300
16.85754200
16.73162500
16.51929100
16.78550000
16.61416700
16.56054200
16.89291600
16.51995900
16.64525000
17.05912500
16.62233300
16.81004200
16.70695800
16.42741700
16.46191600
17.10550000
17.10112500
16.09920900
16.71845800
16.69141700
16.82550000
16.59704100
16.66445900
16.62095800
16.76050000
16.63137500
16.57229200
17.11787500
16.52125000
16.59108300
16.74979200
16.60662500
16.60416600
16.70029200
16.66095800
16.88162500
16.62829200
16.61491700
16.61658300
16.92170800
16.52216700
16.63954200
16.68370800
16.58737500
16.75925000
16.57420800
16.76216700
16.66116700
17.07108300
16.65604200
16.48625000
16.74116600
16.28820900
16.74862500
16.70629100
16.59200000
16.89166700
16.53220800
16.64887500
16.75129200
16.77808300
16.48741700
16.81754200
16.61141600
16.66750000
16.76983400
16.74004100
16.61529200
16.62345800
16.76687500
16.54870900
17.06970800
16.61562500
16.53737500
16.65533300
16.73087500
16.64491700
16.64075000
16.64829200
16.57945800
16.78979200
16.63333300
16.56466700
16.98883300
16.62012500
16.60991700
16.66091600
17.02529200
16.29341700
16.76108300
16.73433300
16.75366700
16.55950000
16.58262500
16.88175000
16.57712500
16.76854200
16.65729100
16.51983400
16.93475000
16.50141600
16.70787500
16.71454200
16.74612500
16.58450000
16.71070800
16.71154200
16.60491700
16.73579100
16.60025000
16.60912500
16.89391700
16.75012500
16.70675000
16.53904200
16.89070800
16.52191700
16.51362500
16.95845800
16.51950000
16.74133300
17.23037500
16.55616700
18.16616700
15.41008300
17.32833300
15.66012500
16.58441700
19.39216700
13.88858300
16.75300000
16.81883300
16.39558400
16.98112500
16.51895800
16.38629200
16.98895800
16.59345800
16.60520900
16.62645800
16.68229200
16.67875000
16.78341600
16.62112500
16.68808400
16.69650000
16.73087500
16.94420800
16.38275000
16.76062500
17.45437500
15.99295800
16.58162500
16.72779200
16.63779200
16.46175000
16.94950000
16.61212500
16.60662500
16.68641600
16.80362500
16.52687500
17.10004200
16.41958300
16.78933400
16.54262500
16.68537500
16.55358300
16.82587500
16.62966700
16.64545800
16.79354200
16.56862500
16.76683300
16.76525000
16.54125000
16.69716700
16.73933300
16.50679200
16.80220800
16.95479200
16.57604100
16.56741700
16.65604200
16.71179100
16.39629200
16.93704200
16.70383300
16.55437500
16.61804200
16.92616600
16.81537500
16.91837500
16.56791700
16.60466700
17.05733300
16.38191700
16.56004100
16.68366700
16.64237500
16.73770800
16.77370900
16.52375000
16.72229100
16.66908400
16.60945800
16.70566700
16.95812500
16.44891600
16.63179200
16.74629200
16.59470800
16.73533300
16.61320900
16.65012500
16.71300000
16.75254100
16.63854200
16.75270800
16.63633400
16.66612500
17.13733300
16.30779200
16.55462500
16.77833300
16.57491700
16.68195800
17.04008300
16.58116700
16.64325000
16.61666700
16.54495800
16.65462500
16.66925000
16.74195800
16.60866700
16.73812500
16.69420800
17.39654200
16.48558300
17.11883400
16.06408300
17.53429200
15.88916600
17.31191700
15.92450000
17.00258300
16.62595900
16.74700000
16.79508300
16.79137500
16.75487500
16.40300000
17.07854200
16.38387500
16.75975000
16.59325000
16.22075000
16.63562500
16.60520800
16.89595800
16.76491700
16.42487500
16.55429200
16.61604100
16.65470900
16.79820800
16.91062500
16.42554200
16.72591600
16.53570900
16.74795800
16.78179200
16.59695800
16.86541700
16.52333300
16.71566700
16.74337500
16.71137500
16.69158300
16.45458300
16.72687500
16.62641700
16.75337500
16.68175000
16.62679200
16.72150000
16.64729100
16.81583400
16.59720800
16.71783300
16.63333400
16.80162500
16.53325000
16.67854100
16.74225000
17.01008400
16.40245800
16.72541700
16.61212500
16.73833300
16.63470800
16.72770900
16.66083300
16.66608300
16.55308400
16.76279100
16.66041700
16.70000000
16.57900000
16.78016700
17.02220800
16.37158300
16.93137500
16.54320900
16.76370800
16.62933300
16.45137500
16.86770900
16.67770800
16.73383300
16.61191700
16.70100000
16.60629200
16.60300000
16.88387500
16.44183300
17.17295800
16.42450000
16.61312500
16.70825000
16.73337500
16.51458400
16.68429100
16.80120900
16.64075000
16.82862500
16.61262500
16.62145800
16.88775000
16.42216700
16.53075000
17.01225000
16.57329100
16.59337500
16.80429200
16.67737500
16.56808300
16.83095900
16.64183300
16.57204200
16.83862500
16.67454100
16.51720900
16.72525000
16.70491600
16.71645900
16.76408300
16.66520800
16.55712500
16.85079200
16.63795800
16.51916700
16.79895800
16.73891700
16.61729200
16.59516600
16.73462500
17.07412500
16.75391700
16.85050000
16.49329200
16.59700000
16.56783300
16.58770800
16.64508400
16.97937500
16.32583300
16.92083300
16.49575000
16.90908400
16.62791600
16.48687500
16.73541700
16.68766700
16.54804100
16.83729200
16.98350000
16.28445800
17.05587500
16.44566700
16.59566700
16.67475000
16.73229100
16.56454200
16.79700000
16.76933300
16.60691700
16.63250000
16.77312500
16.51550000
16.94270800
16.79008400
16.27150000
16.80575000
16.75541600
16.55008400
16.79554100
16.62695900
16.99495800
16.50716700
16.71008300
16.93570800
16.53804200
16.29941700
16.72754100
16.61100000
16.65337500
16.83895900
16.80945800
16.61291700
16.68716600
16.48016700
16.70845800
16.76229200
16.67404200
16.61808300
16.71800000
16.69725000
16.61308300
16.84675000
16.76187500
16.43704200
16.70320800
16.75029200
16.51191700
16.80383300
16.65445800
16.65766700
16.95329200
16.70366600
16.48408400
16.81200000
16.60395800
16.60608300
16.64462500
16.92766700
16.70441700
16.64495800
16.64612500
16.57579200
16.69133300
16.82579200
16.44808300
16.78345800
16.57520900
16.77916600
16.63275000
16.85450000
16.57229200
16.59812500
16.65070800
16.90100000
16.65141700
16.51575000
16.61045800
16.70662500
16.94125000
16.63533400
17.76454100
15.55354200
16.81904200
16.48145800
16.84875000
16.67029200
16.61283300
16.61533300
16.97412500
16.55683400
16.57637500
16.91983300
16.44583300
16.72641700
16.66183300
16.65287500
16.67495900
16.77854100
16.75166700
16.50150000
16.70754200
16.66175000
16.89112500
16.57791600
16.62500000
16.78554200
16.59216700
16.67954100
16.41816700
17.02720800
16.63475000
16.66370900
16.75816600
16.71662500
16.32958400
16.77816600
16.96154200
16.57554200
16.88162500
16.38133300
16.63491700
16.86250000
16.65070800
16.64495800
16.72400000
16.58825000
16.80854200
16.62083300
16.76920900
16.55233300
16.82904200
16.65608300
16.68104200
16.49520800
16.88216700
16.66854100
16.69479200
16.57354200
16.81350000
16.78533300
16.33566700
16.99666600
16.61016700
16.47754200
16.79041600
16.51637500
16.82612500
16.84829200
16.49262500
16.71637500
16.70920800
16.84987500
16.51954200
16.62625000
16.57625000
16.70304200
16.78279100
16.58237500
16.82516700
16.65900000
16.71404200
16.60791600
16.98991700
16.52362500
16.79354200
16.33950000
17.21179100
16.52487500
16.84337500
16.50516700
16.55016700
16.91670800
16.61408300
16.43462500
16.78770900
16.72333300
16.64537500
16.62287500
17.10558300
16.49300000
16.53445900
16.76012500
16.61079100
16.71025000
17.10450000
16.56733400
16.45333300
16.62825000
16.77962500
16.64116700
16.57345800
16.58691700
16.80004100
16.56112500
16.70783400
16.83379100
16.57416700
16.79629200
16.66475000
16.56470800
17.01275000
16.82916700
16.52954100
16.42112500
16.55658400
16.57166600
16.86554200
16.75904200
16.52920800
16.59758300
16.85020900
16.68395800
16.69079200
16.66391600
16.70925000
16.63312500
16.75429200
16.41695800
16.82991700
16.81545800
16.62704200
16.68937500
17.00008300
16.31745900
16.77812500
16.54258300
16.76037500
16.60233300
16.72700000
16.43279200
17.02908300
16.79508400
16.62104100
16.59233400
16.96950000
16.54625000
16.70316600
16.53604200
16.85900000
16.35858300
16.80087500
16.87237500
16.45945900
16.47741600
16.91445900
16.75879100
16.54866700
16.78583300
16.58237500
16.71416700
16.78825000
16.60520800
16.58162500
16.67937500
16.69820900
16.58004100
16.68950000
16.89716700
16.50212500
16.81758300
16.74487500
16.48108400
16.89291600
16.62312500
16.65558400
16.54091600
16.75608400
16.72408300
16.71150000
16.58195800
16.73333400
16.80720800
16.63629200
16.68283300
16.65908300
16.72779200
16.62333300
16.75370900
16.62945800
16.59895800
16.82404200
16.66041700
16.87166600
16.44262500
16.81712500
16.67862500
16.62370900
16.54516600
16.74912500
16.73258400
16.70450000
16.76800000
16.65475000
16.39616600
16.83300000
16.75595900
16.56291600
16.82670900
16.90175000
16.26625000
16.80529100
16.76470900
16.61841600
16.66291700
16.77741700
16.63175000
16.71712500
16.72525000
16.53191600
16.81600000
16.64445900
16.55791600
16.80100000
16.67370900
16.59516600
16.82379200
16.66529200
16.53475000
16.75045800
16.70329200
16.60950000
16.66475000
16.96083300
16.45262500
16.71650000
16.80962500
16.50533300
16.73279200
16.69412500
16.66775000
16.71641700
16.78450000
16.42033300
16.85229200
16.71070800
16.62395800
16.53683400
16.88033300
16.78000000
16.42783300
16.95933400
16.58966600
16.82529200
16.65141700
16.48987500
16.71575000
16.63262500
16.76537500
16.61675000
16.65704100
16.81270900
16.79833300
16.41441700
16.78241600
16.84425000
16.86950000
16.47479200
16.67383300
17.11737500
16.41537500
16.44383400
16.74441600
16.67895900
16.65029100
16.74600000
16.68020900
16.66545800
16.67258300
16.70691700
16.64620800
16.62645900
16.89262500
16.49575000
16.62179100
16.76408400
16.75420800
16.58966700
16.76754100
16.68508400
16.58495800
16.72591700
16.77683300
16.48091700
16.80537500
16.69970800
16.57008300
16.69595900
17.13737500
16.32354100
16.98950000
16.62883400
16.46716600
16.55466700
16.74537500
16.62216700
16.73404100
16.74525000
16.57508400
16.74058300
16.57254200
16.64920800
17.41550000
16.07770800
16.72412500
16.59775000
16.65508400
17.05016600
17.28120900
16.12337500
16.41550000
16.68291600
16.72987500
16.49433400
16.71008300
16.68504200
16.70129100
16.75050000
16.61116700
16.82783300
16.59662500
16.59729200
16.75766700
16.68579100
16.61170900
16.87337500
16.58750000
16.56312500
16.68966600
16.72487500
16.62133400
16.70991600
16.77462500
16.55262500
16.84045900
16.58612500
18.77900000
15.28220800
16.93304200
18.39354100
19.64287500
11.27583400
39.73637500
12.47654100
7.56916700
7.55312500
15.94312500
16.67966700
16.61762500
16.76666600
16.66725000
16.62891700
16.70704200
16.51883300
17.07691700
16.44820800
16.61025000
16.93183300
16.56883400
16.55437500
16.86141600
16.55475000
17.32712500
16.25641700
16.63220800
16.41104200
16.96483300
16.51362500
16.44333400
16.96566600
16.60425000
16.51012500
16.99287500
16.58983400
16.48991600
16.89941700
16.60970800
16.45450000
17.13587500
16.60470900
16.64916600
16.93345900
16.41654100
16.57741700
16.76670800
16.89883400
16.49829100
16.10512500
17.49345900
16.60083300
16.47795800
16.58745900
16.63845800
16.80020800
16.67041700
16.41829200
16.93954100
16.76216700
16.67704200
16.52400000
16.98775000
16.35683300
17.05725000
16.86554200
17.45250000
15.98283300
16.57458300
16.63608400
16.33220800
16.47354200
16.91841600
16.72095900
16.75250000
16.55591600
16.79600000
16.53645900
16.75633300
16.63012500
16.67662500
16.72320800
16.72820900
16.62962500
17.64583300
15.81737500
16.80125000
17.41766700
16.26129100
20.83270900
12.89100000
16.43350000
17.02675000
16.66766600
16.56125000
16.38283400
16.55037500
16.90137500
16.58183300
16.54412500
17.28633300
16.05129200
16.94466700
16.46970800
16.57895800
16.90187500
16.58375000
16.55404200
16.80358300
16.65300000
16.66670900
16.75541600
16.65879200
16.68883300
16.47383400
16.94812500
16.67237500
16.78766600
16.64837500
16.56808400
16.75354100
25.57354200
11.23066700
13.31695800
16.69891700
16.66712500
16.76975000
16.45350000
16.97837500
16.29020800
17.07608300
16.73820900
16.83287500
17.02737500
16.30700000
16.46670800
16.39083300
16.84595900
16.44037500
17.40100000
16.15191600
17.20354200
16.49245800
16.73020900
16.36812500
16.88195800
16.99837500
16.64183300
16.75125000
16.45883400
16.80691600
16.72045900
16.45420800
16.49954200
16.93500000
16.70450000
16.88229100
16.05641700
16.80620800
16.64025000
16.75020900
16.59375000
16.36633300
16.66133300
16.56700000
16.81412500
16.74070900
16.20016600
16.81500000
16.77300000
16.71741700
17.10675000
16.53845800
16.72291700
16.58495800
16.43441700
16.72445800
16.58404200
16.93195800
16.65970900
16.39558300
16.81658300
16.85254200
16.47820800
16.67450000
16.68337500
16.79954200
16.52758300
16.90887500
16.33820900
16.93470800
16.70495800
16.43166700
17.01083300
16.75054200
16.50266700
16.65166600
16.46204200
16.79550000
16.86954200
16.82291600
16.40537500
16.81741700
16.64258300
17.04400000
16.22600000
16.80670900
16.49029100
16.86829200
16.73933300
16.78054200
16.56525000
16.70795800
16.61616700
16.65083300
16.63475000
16.58133400
16.80412500
16.84783300
16.62195800
16.80412500
16.52862500
16.48758400
16.83575000
16.72875000
16.55008300
16.61666700
16.84712500
16.78033300
16.69900000
16.42908300
16.85016700
16.52912500
17.05091700
16.41008300
16.71658300
16.64204200
16.57958300
16.76995900
16.68779100
16.75041700
16.64133300
16.54745900
16.74625000
16.79033300
16.55141700
16.74512500
16.53529100
16.90625000
16.66666700
16.64350000
16.58883300
16.85508400
16.97891600
16.25170900
16.75058300
16.67520800
16.64358400
16.73725000
16.67104100
16.63100000
16.68725000
16.70225000
16.55462500
17.03312500
16.50120900
16.64441600
16.68275000
16.86595900
16.54320800
17.00658300
16.54583400
16.61691600
16.81970900
16.61520800
16.50375000
16.66683300
16.63391700
16.72808300
16.76504200
16.78391700
16.67991600
16.75062500
16.46558400
16.82137500
16.59987500
16.61675000
16.74591600
16.71075000
16.70895900
16.71537500
16.72158300
16.47720800
16.76166700
16.85279200
16.51570800
16.77783300
16.58375000
16.66433400
16.77458300
16.64358300
16.62675000
16.68141700
17.00683300
16.40604200
16.77137500
16.53695800
16.83004200
16.64183300
16.63308400
16.58650000
16.96591600
16.45316700
16.97758300
17.37250000
17.97279200
25.98800000
22.92787500
10.12325000
8.92975000
13.73537500
21.48870800
14.41670900
15.35395800
16.89616700
15.29704100
16.58000000
16.29316700
16.59183300
16.77625000
16.53500000
16.98641700
17.60600000
15.65095800
16.64895900
16.66520800
16.47020800
16.93391700
16.52158300
16.64354200
16.95845800
16.56387500
16.51154200
16.67116700
16.77883300
16.70141700
16.68054100
16.67404200
16.52325000
16.99816700
16.58050000
16.63708300
16.69033300
16.61341700
16.66116700
16.71562500
16.75850000
16.61291600
16.80791700
16.71512500
16.62650000
16.56575000
16.76125000
16.52450000
16.71741700
16.82516600
16.57566700
16.63608300
16.77687500
16.79308400
19.11570800
14.31479200
16.33700000
16.94783300
16.69787500
16.57750000
16.59804200
16.77575000
16.75833300
16.65645800
16.64662500
16.65570900
16.75275000
16.71516600
16.84687500
16.40291700
16.75100000
16.73554200
16.61987500
16.86950000
16.50200000
16.72016600
16.52766700
16.78816700
16.82887500
16.40529100
16.84375000
16.60862500
16.76520900
16.61308300
16.87537500
16.45154200
16.82625000
16.53995800
16.68179200
16.75287500
16.73029100
16.42537500
16.84708400
16.65687500
16.62691600
16.84637500
16.55575000
16.67520900
16.74920800
16.65258300
16.72520900
16.68500000
16.76404100
16.54979200
16.73375000
16.76345800
16.58958400
16.65662500
16.77900000
16.52287500
16.75979100
16.76429200
16.58587500
16.69983300
16.75979200
16.65208300
16.65566700
16.85237500
16.56066700
16.63262500
16.67829100
16.67495900
16.72408300
16.73620800
16.61570900
16.70604100
16.54266700
16.70729200
17.28495800
16.21233300
16.73683400
16.46533300
16.85112500
16.62791700
16.76295800
16.60762500
16.75879200
16.64370800
16.77029200
16.70366600
16.58387500
16.69183400
16.61616600
17.35925000
16.60075000
16.22741700
16.82787500
16.49704200
16.69416600
16.64283400
16.64029100
16.68566700
16.78012500
16.68133300
16.79179200
16.98333300
16.46920900
16.66975000
16.75791600
16.48316700
16.81045800
16.54116700
16.67275000
16.76083300
16.69562500
16.59029200
16.71441700
16.71970800
16.66300000
16.71037500
16.63450000
16.56562500
16.80220800
16.67933400
16.66758300
16.72504200
16.88137500
16.68883300
16.55337500
16.47937500
16.91279200
16.61320800
16.53962500
16.86166700
16.60350000
16.60295800
16.76587500
16.59483300
17.27479200
16.36654200
16.69470800
16.68966700
16.39841600
16.66220900
16.68075000
16.57775000
16.86245800
16.64645800
16.89162500
16.47125000
16.54512500
16.87866700
16.68391700
16.38016600
17.06708400
16.57154100
16.52600000
16.74104200
16.81429200
16.58891600
16.67595900
16.53116600
16.83775000
16.75466700
16.72895800
16.47516700
16.77920800
16.62141700
16.61808300
17.03079200
16.57512500
16.63416700
16.53158300
16.80470800
16.64295900
16.69508300
16.64629200
16.71758300
16.69345800
16.66862500
16.63604200
16.78012500
16.70945800
16.63570900
16.64212500
16.53537500
16.72137500
16.89750000
16.57787500
16.63458300
16.68866700
16.61733300
16.77733300
16.73954200
16.56191700
16.83220800
16.52329200
16.70237500
16.90379100
16.62841700
16.49337500
16.63020800
16.79908400
16.63450000
16.69745800
16.58558300
16.80637500
16.83287500
16.58579200
16.77258300
16.69466700
16.57308300
16.50416700
16.76725000
16.96504200
16.37466600
16.73341700
16.80004200
16.37987500
16.94237500
16.57825000
16.73237500
16.62145800
16.80825000
16.64458300
16.79437500
16.56412500
16.67579200
16.64037500
16.71816700
16.68662500
16.78445800
16.44850000
16.90391700
16.53712500
16.73683300
16.75883300
16.79550000
16.45829200
16.84450000
16.52937500
16.48858300
16.94683400
16.68183300
16.61737500
16.69162500
16.70733300
16.74950000
16.73966700
16.64550000
16.67370800
16.73412500
16.70045900
16.64820800
16.69566700
16.76262500
16.43208300
16.77554200
16.99216600
16.36208400
16.70350000
16.63258300
16.60020800
16.75412500
16.58937500
16.75783400
16.80825000
16.75312500
16.54145800
16.65458300
16.70470900
16.68708300
16.75716700
16.70450000
16.87558300
16.38020800
16.82741700
16.50187500
16.78375000
16.60829200
16.64745800
16.83325000
16.67116700
16.79054100
16.68470900
16.46850000
16.78766600
16.63441700
16.57487500
17.02566700
16.71675000
17.05062500
16.20025000
16.68362500
16.55379100
16.74475000
16.71091700
16.52512500
16.87787500
16.54433300
16.77412500
16.70587500
16.70570900
16.46525000
16.88754100
16.60425000
16.67966700
16.95087500
16.49679200
16.62058300
16.84475000
16.61108300
16.60129200
16.79837500
16.63700000
16.64654200
16.77558300
16.65966700
16.92900000
16.43341600
16.74708400
16.33241600
16.89670900
16.86441600
16.63945900
16.80066600
16.59183400
16.74004100
16.50616700
16.60337500
16.81800000
16.79520800
17.25850000
17.38308400
15.67745800
17.16683300
17.30545900
16.07875000
15.83433300
17.98175000
15.70450000
16.69008300
16.59300000
16.60829200
16.85470800
16.48900000
16.86866700
16.66800000
16.64425000
16.51987500
16.62758300
16.70662500
16.68333400
16.60737500
16.62854100
16.70704200
16.73287500
16.73691700
16.50929100
16.37812500
17.04250000
16.44662500
16.64441700
16.78729200
16.85004100
16.40787500
16.86191700
16.72425000
16.42237500
16.92816700
16.84162500
16.37950000
16.78366600
16.72400000
16.49395900
16.88462500
16.77929100
16.49037500
17.03129200
16.51237500
16.55308300
16.72541700
16.59854200
16.76516600
16.68412500
16.64837500
16.62954200
16.56533300
16.72791700
16.64841700
16.75900000
16.59662500
17.19995800
16.35150000
16.78145800
16.51708400
16.88116600
16.32079200
16.79287500
16.74787500
16.64362500
16.59400000
16.70125000
16.87975000
16.63766700
16.67937500
16.57708300
16.75879200
16.50216600
16.74350000
16.75070900
16.71450000
16.58879100
16.75558400
16.72650000
16.62283300
16.67745800
16.73025000
16.55595900
16.78583300
16.53779200
16.51945800
16.91041700
16.75875000
16.41762500
16.81129100
17.05508400
16.48470800
16.61316700
17.03216600
16.40733400
16.63870800
16.76216700
16.69925000
16.68900000
16.56137500
16.73500000
16.83291600
16.77320900
16.53225000
16.58179100
16.42645900
16.96900000
16.62058300
16.69708300
16.78662500
16.47895900
16.89500000
16.61675000
16.75620800
16.68079200
16.69004100
16.64687500
16.47500000
17.11312500
16.46229200
16.48975000
16.79766700
16.86770800
16.66545800
17.00200000
16.63975000
16.50179200
16.83862500
16.52154200
16.23787500
16.95491600
16.63700000
16.86075000
16.40183400
16.76908300
16.75525000
16.90362500
16.59854200
16.63591600
16.73258400
16.66325000
16.66995800
16.65525000
16.71825000
16.58312500
16.70275000
16.71229200
16.57991600
16.72383400
16.73320800
16.69670800
16.81854200
16.59483300
16.59495900
16.91612500
16.48008300
16.99587500
16.49125000
16.60475000
16.70258300
16.57862500
16.67300000
17.04320900
16.56091600
16.49479200
16.73241700
16.78179100
16.59345900
16.62704100
16.66241700
16.90362500
16.94475000
16.43762500
16.54308300
16.49287500
16.67104200
16.62891700
16.73616600
16.97070900
16.45783300
16.73433300
16.68029200
16.54933300
16.78945900
16.70950000
16.39775000
16.95712500
16.81987500
16.39341600
16.76683400
16.67183300
16.72141700
16.61866600
16.83545900
16.39095800
16.89350000
16.72758300
16.74783400
16.55191600
16.66087500
16.70450000
16.68662500
16.72529200
16.63383300
16.64916700
16.67441700
16.74245800
16.62079200
16.70345800
16.70854200
16.70300000
17.49150000
15.94608300
16.62125000
16.67250000
16.62195800
16.93245900
16.41433300
16.64850000
16.77491700
16.62020800
17.03737500
16.47075000
16.71166700
16.61591600
16.59600000
16.71129200
16.70141700
16.57687500
16.77700000
16.65641600
16.78750000
16.61462500
16.75762500
16.77662500
16.54133400
16.65975000
16.77554100
16.70558400
16.58250000
16.63429100
16.73325000
16.74841700
16.60129200
16.38575000
17.00012500
16.53608300
16.84920800
16.67150000
16.65550000
16.61966700
16.70933300
16.62945900
16.70479100
16.71050000
16.60125000
16.81120900
16.69341600
16.60000000
16.77354200
16.64658300
16.64650000
16.69420900
16.66045800
16.70937500
16.60141700
16.81820800
16.55620800
16.67075000
16.82020900
16.51720800
16.94387500
16.50775000
16.70175000
16.78358300
16.63850000
16.59970900
16.75995800
16.70183300
16.54595900
16.82391600
17.23525000
16.24591700
16.60450000
16.66283300
16.60208400
16.60887500
16.75766600
16.64208400
16.78329100
16.76195900
16.56254100
16.74175000
16.62537500
16.50504200
16.76783300
16.91295900
16.64875000
16.70812500
16.58233300
16.45783300
16.91962500
16.70212500
16.55404200
16.77991700
16.60312500
16.66466600
16.76400000
16.77062500
16.70416700
16.62041700
16.73391600
16.58400000
16.77558400
16.59729100
16.70412500
16.65525000
17.07766700
16.53804200
16.98116600
16.35220900
16.68962500
16.61450000
16.64366600
16.69795900
16.70829100
16.59433400
16.80279100
16.54600000
16.68045900
16.76341600
16.85720900
16.52787500
16.68691600
16.66820900
16.60020800
16.73337500
16.67616700
16.65441600
16.71154200
16.69779200
17.46516600
16.11262500
16.67491700
16.46720800
16.64879200
16.73883300
16.53962500
16.98133400
16.58400000
16.49137500
17.26966600
16.51791700
16.51212500
16.75491700
16.64691600
16.49216700
17.15295800
16.37137500
16.48983400
16.85279100
16.48808400
16.86133300
16.67854200
16.61062500
16.72979100
16.64337500
16.66087500
16.72308400
16.75445800
16.59604200
16.75450000
16.53279100
16.68358400
16.78091600
16.67550000
16.54875000
16.66583400
16.62145800
16.74091700
16.83345800
16.78220800
16.36066700
16.88895800
16.66625000
16.47033400
16.94004100
16.64420900
16.57479100
16.82104200
16.84104200
18.71266600
15.26058400
15.90504100
16.67400000
16.71312500
16.51570900
16.81079100
16.70837500
16.70445900
16.52429100
17.71441700
15.81175000
16.49862500
16.87079200
16.81575000
16.28841600
16.91558400
16.68979100
16.56691700
17.00108300
16.78162500
16.42712500
16.68229200
16.84616700
16.48516600
16.59895900
17.23462500
16.31275000
16.61079100
16.97387500
16.43387500
16.67479200
16.76770800
16.65179200
16.41245800
16.68458400
16.54612500
17.02550000
16.55066600
16.95654200
16.62912500
16.59475000
16.60862500
16.67320800
16.57437500
16.74033400
16.69025000
16.59916600
16.78229200
16.74516700
16.56433300
16.74012500
16.65720800
16.64166700
16.73366700
16.67962500
16.64437500
16.79120800
16.69545800
16.78604200
16.62470800
16.61500000
16.66779200
16.74162500
16.60083300
16.61470900
16.73941600
16.66554200
16.64037500
16.72904200
17.02466600
16.24900000
16.91016700
16.39066700
16.68612500
16.89020800
16.62033300
16.88700000
16.53525000
16.74479200
16.72495800
16.66012500
16.64633400
16.62695800
16.61358300
16.78062500
17.04229200
16.39387500
16.54870800
16.73558400
16.63895800
16.72808300
16.75733400
16.52208300
16.57454200
16.89545800
16.73912500
16.44308300
16.83754200
16.67620800
16.67083400
16.69300000
16.70354100
16.66825000
16.65995900
16.83941600
16.50829200
16.75262500
16.66695800
16.97420900
16.66487500
16.94604100
16.19050000
16.62070900
16.73250000
16.69837500
16.72875000
16.72200000
16.62200000
17.05350000
16.44004100
16.50325000
16.72083400
16.86537500
16.48379100
16.82829200
16.65550000
16.49583300
16.80366700
16.64787500
17.05512500
16.55625000
16.65337500
16.56241700
16.63054100
16.69541700
16.65295800
16.72670900
16.66937500
16.62312500
16.81666600
16.58000000
16.67533400
17.12854100
16.48083400
16.71645800
16.92283300
16.11100000
16.76783400
16.57525000
16.68087500
16.79033300
16.66058300
16.94620900
16.94125000
16.30191600
16.67895900
16.53675000
16.77720800
16.52191700
16.79004100
16.64679200
16.61308300
17.26645900
16.33233300
16.49766700
17.01312500
16.53075000
16.42825000
16.74650000
16.70408300
16.64283300
16.65933400
16.76362500
16.57304100
16.65287500
16.86037500
16.54325000
16.70470900
17.27662500
16.46491600
16.67991700
17.35929200
16.25841600
63.99491700
21.47629200
11.33979100
22.12116700
8.45450000
8.87691700
9.04666600
8.81466700
9.01195800
8.13904200
11.41791700
17.16762500
16.96904100
16.27375000
16.66737500
16.81545900
16.54008300
16.98987500
16.50412500
16.67558300
16.47404200
16.60054200
16.76237500
16.64258300
16.70008300
16.75583400
16.84629100
16.71229200
16.63420800
16.80491700
16.85291700
16.40604100
16.91012500
16.42595900
16.55737500
17.32429100
16.19033400
16.45833300
16.84720800
16.75866700
16.58904200
16.73795800
17.38079200
18.48191600
14.31441700
16.80808300
16.29704200
16.91012500
16.78000000
16.20279200
17.10366600
16.80333400
16.27725000
16.76479100
17.04600000
16.94033400
16.21083300
17.19691700
16.31266600
17.14633400
16.10204100
16.94004200
18.29125000
14.78008300
16.89875000
16.25454200
16.76079200
16.82554100
16.77416700
16.42620800
16.77620900
16.93175000
16.28966600
16.57854200
17.05404200
16.48225000
16.70575000
16.45516600
17.01604200
16.82225000
16.82608300
16.28820900
16.74083300
16.55854200
16.53725000
16.64687500
16.83700000
16.88416600
16.62320900
16.38687500
16.82325000
17.03066600
16.57191700
16.83391700
16.46241600
16.84670900
16.61550000
17.42745800
16.28054200
16.55245800
16.35479200
16.59137500
16.66566600
16.95462500
16.60683400
17.20908300
16.99475000
15.89916700
20.13429100
13.73916700
16.58600000
16.72658300
16.20808400
16.90491600
17.42116700
15.85525000
16.86725000
16.36933300
17.01050000
16.38416700
17.39345800
15.93387500
16.83662500
16.57041700
16.86975000
16.50212500
17.02441700
16.40025000
16.58212500
16.57850000
16.77454100
16.60612500
16.81116700
16.58258300
16.66279200
16.68245800
16.82691700
16.54062500
16.71470800
16.77791700
16.40666700
16.85070800
16.96487500
16.53975000
16.70591700
16.64104100
16.41604200
16.70066700
16.74083300
16.59283300
16.74025000
17.10958400
16.74000000
16.39637500
16.68325000
16.77133300
16.60250000
16.84629200
15.20291600
16.70433400
750.87270800
16.52729200
16.68825000
16.71670800
16.67045800
16.70820900
16.68083300
16.67008300
16.68745900
16.66016600
16.68954200
16.69991700
16.69154100
16.64558400
16.66633300
16.72341700
16.65225000
16.67408300
16.69337500
16.68041700
16.68562500
16.71462500
16.67770800
16.71191700
16.67625000
16.65762500
16.68437500
16.68566600
16.65254200
16.68458300
16.68495900
16.71095800
16.66512500
16.77633300
16.59770900
16.70200000
16.66283300
16.70829200
16.65337500
16.67283300
16.68033300
16.68191700
16.73095800
16.67716700
16.70454200
16.61787500
16.69900000
16.69529100
16.67141700
16.67795800
16.69333400
16.72245800
16.63216700
16.71975000
16.67458300
16.65737500
16.68562500
16.67654200
16.67900000
16.68108300
16.71158300
16.66841700
16.70408300
16.67016700
16.68616700
16.68225000
16.70741600
16.63970900
16.70637500
16.69266600
16.66400000
16.68416700
16.70300000
16.66829200
16.69312500
16.72262500
16.61308300
16.68183300
16.92187500
16.73429200
16.84041700
16.38183300
16.71204200
17.02520800
16.32054200
16.62858300
16.81670800
16.55954200
16.62541700
16.67566600
16.64429200
16.69229200
16.77550000
16.87762500
16.39829100
16.73358400
16.65316600
16.68433400
16.65445800
16.70120800
16.66220900
16.69862500
16.69833300
16.65595800
16.67775000
16.68166700
16.68241700
16.72675000
16.67087500
16.66900000
16.67804100
16.70062500
16.70137500
16.66070900
16.67641600
16.72462500
16.63883400
16.70450000
16.69495800
16.65366700
16.70929100
16.64954200
16.71112500
16.68708300
16.66066700
16.69262500
16.66966700
16.67537500
16.68937500
16.73462500
16.62829100
16.69383400
16.69320800
16.69341700
16.71770800
16.62591700
16.68012500
16.68670800
16.70250000
16.67841700
16.69129100
16.66029200
16.69904200
16.67275000
16.67066600
16.69375000
16.70795900
16.66975000
16.68554100
16.68737500
16.66583400
16.70745800
16.65537500
16.73104200
16.65291600
16.70570900
16.67112500
16.67908300
16.65379200
16.70304100
16.67979200
16.66554200
16.70837500
16.67195800
16.68175000
16.67108300
16.70320900
16.68154100
16.67479200
16.70791700
16.71387500
16.62908300
16.69604200
16.71495800
16.64970800
16.67200000
16.68979200
16.66745800
16.71862500
16.69058400
16.67220800
16.68216700
16.69666600
16.64879200
16.68816700
16.67129100
16.70666700
16.68154200
16.70650000
16.63570800
16.75620800
16.65154200
16.67916700
16.67012500
16.68891600
16.71329200
16.64904200
16.67050000
16.69845800
16.65966700
16.69095800
16.70104200
16.65562500
16.71916600
16.66362500
16.68541700
16.69491700
16.69783300
16.68079200
16.66600000
16.69916600
16.69775000
16.65737500
16.74329200
16.62237500
16.73333300
16.61300000
16.68275000
16.68445900
16.71612500
16.66120800
16.68908300
16.75995900
16.64104100
16.67508400
16.65245800
16.68175000
16.72675000
16.63579200
16.67158300
16.68337500
16.72975000
16.63462500
16.69366700
16.70904100
16.65062500
16.71679200
16.64887500
16.70112500
16.66137500
16.68258300
16.68666700
16.70279200
16.71545800
16.63937500
16.70087500
16.67283300
16.73520900
16.64979100
16.68512500
16.66845900
16.68745800
16.69416700
16.65520800
16.71479200
16.71258300
16.62791700
18.03775000
17.44383300
15.96808300
15.33566700
16.65716700
16.65616600
16.69883400
16.66145800
16.68841700
16.67683300
16.68908300
16.67704200
16.68787500
16.68887500
16.67950000
16.72345800
17.39216700
15.95033300
16.66250000
16.73116700
16.69979200
16.61479100
16.69445900
16.76508300
16.62875000
16.66933300
16.68700000
16.65625000
16.68350000
16.70070900
16.68316600
16.67895900
16.76337500
16.61025000
16.67941600
16.72987500
16.65925000
16.68404200
16.67520800
16.65966700
16.67512500
16.69287500
16.71270800
16.64308400
18.24129100
15.15829200
16.65979200
16.78283300
16.58466700
16.70458300
16.66262500
16.68491700
16.69587500
16.70037500
16.65587500
16.68725000
16.67250000
16.70583300
16.67958300
16.69012500
16.70375000
16.66300000
16.65004200
16.69962500
16.66666700
16.69458300
16.70462500
16.67320800
16.68508400
16.68379100
16.68162500
16.72579200
16.61779200
16.68495800
16.69312500
16.68679200
16.69608300
16.66933300
16.70375000
16.67683400
16.66879100
16.70329200
16.72645800
16.62916700
16.69050000
16.67587500
16.72283300
16.66241700
16.65420800
16.72533400
16.63033300
16.80466700
18.46658300
14.82250000
16.71345800
16.63395900
16.70229100
16.67083400
16.67379100
16.69425000
16.71445900
16.65079100
16.67825000
16.66504200
16.71600000
16.66525000
16.66683300
16.69458400
16.70612500
16.67779100
16.64891700
16.74670800
16.67895900
16.65054100
16.67533400
16.68179100
16.69562500
16.69008400
16.67616600
16.71366700
16.67375000
16.67700000
16.67487500
16.66275000
16.71029200
16.68208300
16.66445800
16.68104200
16.68029200
16.68075000
16.69729100
16.67912500
16.66908400
16.67620800
16.69037500
16.97366700
16.42425000
16.68254100
16.65345900
16.71391600
16.65691700
16.69295800
16.70500000
16.72875000
16.65641700
16.66316700
16.67575000
16.65408300
16.67970800
16.69187500
17.06575000
16.43887500
16.55708400
16.69700000
16.68441600
16.65270900
16.68433300
16.69745800
16.67066700
16.71837500
16.64683300
16.69183400
16.69095800
16.72683300
16.63741700
16.68145800
16.70804200
16.65295800
16.68245900
16.67441600
16.69095900
16.69654100
16.65945900
16.72495800
16.65758300
16.68562500
16.66641700
16.70391700
16.67620800
16.68175000
16.70566700
16.67308300
16.72500000
16.62033300
16.72391700
16.69708300
16.63466700
16.68741700
16.74629100
16.60362500
16.69100000
16.72779200
16.64312500
16.68245800
16.80320900
16.73220800
16.60741700
16.71391600
16.58916700
16.67054200
16.69550000
16.65058300
16.68191700
16.72054100
16.65145900
16.77737500
16.64416600
16.63475000
16.67029200
16.71620800
16.65487500
16.82262500
16.58791700
16.69429200
16.68866600
16.64725000
16.72016700
16.63325000
16.71708300
16.65850000
16.69312500
16.67304200
16.69083300
16.67733400
16.70729100
16.66820900
16.65916600
16.69862500
16.67595900
16.67675000
16.67987500
16.67841600
16.69854200
16.67137500
16.73679200
16.66520800
16.70316700
16.66683300
16.64187500
16.71991700
16.65037500
16.68175000
16.70820800
16.66241700
16.71562500
16.64800000
16.68154100
16.71391700
16.68345800
16.66858400
16.70845800
16.67791700
16.64608300
16.71979200
16.67404100
16.75850000
16.59212500
16.67387500
16.68554200
16.69608300
16.67995900
16.69333300
16.67629200
16.68379100
16.77850000
16.59091700
16.67037500
16.68100000
16.68725000
16.68366700
16.67687500
16.71216600
16.66254200
16.68287500
16.68966700
16.69612500
16.67070800
16.72012500
16.68858300
16.69125000
16.67962500
17.09033400
16.22958300
16.67016700
16.69016600
16.68808400
16.68254100
16.67837500
16.70991700
16.67091700
16.68537500
16.66662500
16.73512500
16.66345800
16.65837500
16.67000000
16.68666700
16.71583300
16.64150000
16.68600000
16.72137500
16.70104200
16.62862500
16.74045800
16.63654200
16.68162500
16.67137500
16.69154100
16.68354200
16.71175000
16.70537500
16.63225000
16.68791700
16.90179100
16.47125000
16.93891700
16.51441700
16.61545800
16.79450000
16.60620800
16.72350000
16.66183400
16.74375000
16.64520800
17.45308300
15.98395900
16.82862500
16.62608300
16.63408300
16.73475000
16.73633400
16.64612500
16.64687500
16.89258300
16.67895800
16.55937500
16.68987500
16.66270900
16.79212500
16.54704100
17.12479200
17.48395800
16.13016700
17.92333300
15.56883400
16.53854100
17.13958400
16.36466600
16.62429200
16.48400000
16.70954200
16.63891600
16.82145900
16.81358300
16.77404200
16.74491600
16.65120900
16.88454100
16.17187500
16.70329200
16.81629200
16.78975000
16.61808300
16.57775000
16.57170800
17.22362500
16.38408400
16.71400000
16.61045800
16.83679200
16.47791600
16.62237500
16.76395900
17.18133300
16.44912500
16.67129200
16.76433300
16.75958300
16.58908400
16.42954100
16.89058400
16.55891600
16.80400000
17.61033400
16.10566600
16.36579200
16.75391700
16.26150000
16.69766600
16.67170900
16.68570800
16.53375000
16.58791700
16.68758300
16.96191700
16.41945800
16.82591700
16.53725000
16.71133300
16.77966700
16.63075000
16.55995800
17.13091700
16.48425000
16.42583300
16.84220800
16.78612500
16.26816700
16.90612500
16.65941700
16.71825000
16.69075000
16.89116600
16.37754200
16.67404200
16.88241600
16.55708400
16.60987500
16.81262500
16.57366600
16.77629200
16.70862500
16.50316700
16.66741600
16.90529200
16.37354200
16.82012500
16.80200000
16.54270800
16.67550000
16.80941700
16.72637500
16.52175000
16.93387500
16.44125000
16.67904100
16.87220900
16.55450000
16.70025000
16.70354100
16.55612500
16.71729200
16.87529200
16.53587500
17.17816600
16.45520900
16.59825000
16.65741600
16.79025000
16.54962500
16.89408400
16.21441600
16.93091700
16.97179200
16.19641600
16.75491700
16.89216700
16.70283300
16.38012500
16.85066700
16.61379100
16.56379200
17.26425000
16.28250000
16.69570800
16.71987500
16.57662500
16.69075000
18.46145900
15.29104100
16.63291700
16.73991700
16.79929100
16.36533400
16.55900000
16.56625000
16.96129100
16.49016700
16.84650000
16.48687500
16.69095800
16.63512500
16.65558400
16.91616600
16.40570900
16.88083300
16.89458300
16.36179200
16.59804200
16.86829100
16.52179200
16.82479200
16.56850000
16.77895800
16.80358300
16.51995900
16.63112500
16.84195800
16.57608300
16.73341700
16.64250000
16.58487500
16.74091700
16.85045800
16.87908300
16.36920900
16.70766600
16.75829200
16.61712500
16.85712500
16.48475000
16.76941700
16.64945800
16.82554200
16.47870800
16.90875000
16.46916700
16.61637500
16.78291600
16.58462500
16.65708400
16.86395800
16.63183300
16.63500000
16.78020900
16.75208300
16.58191700
19.16091600
15.65962500
16.15675000
16.86891700
16.28950000
16.70329200
16.57595800
16.33616700
16.72520800
16.73525000
16.37262500
19.01900000
14.51666700
16.48470800
16.80629200
16.76204100
16.45195900
16.75137500
16.72608300
16.63408300
16.61804200
16.77570800
16.60637500
16.63329200
16.75662500
16.67916700
17.18554100
16.13658400
16.67358300
16.84270800
16.63950000
16.68945900
16.94800000
16.56933300
16.60429200
16.75158300
16.31495800
16.85462500
16.93141700
16.67050000
16.52579200
16.57045800
16.41529200
16.89379100
16.75429200
16.53087500
16.82920800
16.63520900
16.71475000
16.52737500
16.93962500
16.46245800
16.79508300
16.66950000
16.51825000
16.98025000
16.58983400
16.51420800
16.71800000
16.79916700
16.57058300
16.58195800
16.86754200
16.62837500
16.70945800
16.82170900
16.56770800
16.64695800
16.61745900
16.65129100
16.71445900
16.74179100
16.65925000
16.71350000
16.62483400
16.77675000
16.70941600
16.53595900
16.74404100
16.75862500
16.57241700
16.56783300
16.92695900
16.63379100
16.75670900
16.48929100
16.98987500
16.61120900
16.58841600
16.61658400
16.73745800
16.73525000
16.65466700
16.64970800
16.51454200
16.74766600
16.74450000
17.20158400
16.19125000
16.75454100
16.92791700
16.42404200
16.57583300
16.96312500
16.59466700
16.52587500
16.96620800
16.40508300
16.71620900
16.78645800
16.54612500
16.71283300
16.73479200
16.58570800
16.68308400
17.08250000
16.33083300
16.77312500
16.75295800
16.43758400
16.74850000
16.72333300
16.80166700
16.58608300
16.71420800
16.57895900
16.69583300
16.57687500
16.81758300
16.63587500
16.60475000
16.58925000
16.84208400
16.82175000
16.59045800
16.75866700
16.55420800
16.75750000
16.60829200
16.54358300
16.87862500
16.73654200
16.54637500
16.80066600
16.79266700
16.50758300
16.74529200
16.72079200
16.55208300
16.69316700
16.81254100
16.81941700
16.53804200
16.82512500
16.37383300
16.79150000
16.95400000
16.61170800
16.61633400
16.77425000
16.58762500
16.61395800
16.97095800
16.22475000
16.74537500
16.89670900
16.63654100
16.58820900
16.69533300
16.59216700
16.53912500
16.96233300
16.53483300
19.19554200
14.28683300
16.86183400
16.60100000
16.88595800
16.56116700
19.77850000
15.43362500
15.73520800
16.76412500
16.25683300
16.70983400
16.47462500
16.47570800
16.65037500
16.64104200
16.58600000
16.64291600
16.76070900
16.59725000
16.67558300
16.78845800
16.61554200
16.55775000
16.67079200
16.74441600
16.64591700
16.89520800
16.44295900
16.79370800
16.86387500
16.39350000
16.73979200
16.96104100
16.59029200
16.44412500
16.92141700
16.63766600
16.89700000
16.67470900
16.57300000
16.41229100
16.69445900
16.49566600
16.95437500
16.51704200
16.78750000
16.59450000
16.65895800
16.85895900
16.60341600
16.85508400
16.29866600
16.83062500
16.73550000
16.56779200
16.68845800
16.60237500
16.78145900
16.71670800
16.52937500
16.91341700
17.05095800
16.28770800
16.54804200
16.89195800
16.48270900
16.67379100
16.67558400
16.80975000
16.64358300
16.80704200
16.49837500
16.66595800
16.76712500
16.55037500
16.83100000
16.73491700
16.63375000
16.63887500
16.68308300
16.73445800
16.42237500
17.00795900
16.53820800
16.53662500
16.82337500
16.59104200
16.64783300
16.81350000
16.59183300
16.66804200
16.87545800
17.40270900
15.96220800
16.76962500
16.50270800
16.73291700
16.68020800
16.65720900
16.74025000
16.83170800
16.41629200
16.71870800
17.07854200
16.28470800
17.08441700
16.37262500
16.72679100
16.50491700
16.84837500
16.39862500
16.78570800
17.00062500
16.44437500
16.76054200
16.70770800
16.59179200
16.76312500
16.56766700
16.63237500
16.70070800
17.04133300
16.42450000
16.58104200
16.81987500
16.53670800
16.84762500
16.54254200
16.71658300
16.84316700
16.62354200
16.66845800
16.72616700
16.57570800
16.83100000
16.90391700
16.35020800
16.66254200
16.76029100
16.87804200
16.44816700
16.75179100
16.58979200
16.75758300
16.76283400
16.52833300
16.77754200
16.83216600
16.37125000
16.75487500
16.70275000
16.68554200
16.77375000
16.70283300
16.52858400
16.78545800
16.67729200
16.51945800
16.82345800
16.79133400
16.55366600
16.72183400
16.59720800
16.97258300
16.51179200
16.73658300
16.56183400
16.80708300
16.50620800
16.73329200
16.74983300
16.44050000
16.93533400
16.85162500
16.50866600
16.61216700
16.64387500
16.71470800
16.79800000
16.63887500
16.53541700
16.97845800
16.58504200
16.77070800
16.77000000
20.24237500
14.60804200
16.31929200
16.62795800
16.17812500
16.62062500
16.49720800
16.49791700
16.64145800
16.73125000
16.41295900
16.69620800
16.90195800
16.46654200
16.70066700
16.85883300
16.33095800
16.78195900
16.84212500
16.60941600
16.46395900
17.12475000
16.39370800
16.63408300
16.76733400
16.56816600
16.77966700
16.71225000
16.78250000
16.62595800
16.66450000
16.57741700
16.96458300
16.62154200
16.55883300
16.97233400
16.16670800
16.75108300
17.06625000
16.32766700
16.56895800
16.90608400
16.40729100
16.83454200
16.66558300
16.60795900
16.76991600
16.73033400
16.62895800
16.46108300
16.93575000
16.58708400
16.69245800
16.94129200
16.51550000
16.65204100
16.92370900
16.38425000
16.71816600
16.80387500
16.57166700
16.72500000
16.75029200
16.57950000
16.65491600
16.94966700
16.50266700
16.71420800
16.72658300
16.64812500
16.60066700
16.59879200
16.72962500
16.64016600
16.84950000
16.58108400
16.72883300
16.70779200
16.59495800
16.75441700
16.54137500
16.79054100
16.60112500
16.69054200
16.69962500
16.76008300
16.75666700
16.69908300
16.67166700
16.51954200
16.71029100
16.82170900
16.54741600
16.80425000
16.72091700
16.51704200
16.66450000
16.69337500
16.80945800
16.63383300
16.66708400
16.64612500
16.68487500
17.06962500
16.42341600
16.49712500
16.66375000
16.95641700
16.53166700
16.60695800
16.73604200
16.73550000
16.72916600
16.42929200
16.81066700
17.04295800
16.64779200
16.43104100
16.78279200
16.55512500
16.65904200
16.65470800
16.69066700
16.72045800
16.64904200
16.90391600
16.44129200
16.90258300
16.44425000
16.86162500
16.46654200
16.68308300
16.86566700
16.46104200
16.86100000
16.54537500
16.64166600
16.86237500
16.56779200
16.57925000
16.71829200
16.93995800
16.50004200
16.77450000
16.82554100
16.60070900
16.64004100
16.86583400
16.50175000
16.64925000
16.77316600
16.47820900
16.83283300
16.61741700
16.74833300
16.65220800
16.56120900
16.76287500
16.95375000
16.71937500
16.28720800
16.81195800
16.60370900
16.67783300
16.84462500
16.75645800
16.51387500
16.75550000
16.76033400
16.62025000
16.66820800
16.79791700
16.58775000
16.59566600
16.81916700
17.12666700
16.35279100
16.57404200
16.55833300
16.84379200
16.65562500
16.55233300
16.98800000
16.68883400
20.13566600
15.51895900
15.83925000
16.16070800
16.16833300
16.65641700
16.66741700
16.40745800
16.72737500
16.64345800
16.57466700
16.57604200
16.67050000
16.64341600
16.81458400
16.56054100
16.88066700
16.60766700
16.64008300
16.78516700
16.40950000
16.69125000
16.78375000
16.88291600
16.39737500
16.96854200
16.35345800
16.83091700
16.72466700
16.73325000
16.54908300
16.64258300
17.07158400
16.31787500
17.04516600
16.47754200
16.32445800
16.93212500
16.32200000
16.92716700
16.90025000
16.45758300
16.65662500
16.86950000
16.43225000
16.57370900
16.90579100
16.60420900
16.69662500
16.77587500
16.59537500
17.07070800
16.51879200
16.48254100
16.67516700
16.73054200
16.55858300
16.78425000
16.60475000
16.73787500
16.74845800
16.58445900
16.67441600
16.68770900
16.65412500
16.65341600
16.86104200
16.50833300
16.75908400
16.75200000
16.62766600
16.69258400
16.74937500
16.55325000
16.64445800
16.69616700
16.70583300
16.73916700
16.74237500
16.56800000
16.77595800
16.78195800
16.49004200
16.86041700
16.75729100
16.48816700
16.67070800
16.68004200
16.49795800
16.88833400
16.65558300
16.62891700
16.72779100
16.83508400
16.80691600
16.53795900
16.74616600
16.56479200
16.65950000
16.74466700
16.52637500
17.01791600
16.66758400
16.60741600
16.48133400
16.82012500
16.66666600
16.59583400
16.84695800
16.50520800
16.48650000
17.27141700
16.33708300
16.70300000
16.63116700
16.65420800
16.67100000
16.79012500
16.61375000
16.81325000
16.84970900
16.38266600
16.89508400
16.42191600
17.10925000
16.47587500
16.62783400
16.41658300
16.83741700
16.55050000
16.77008300
16.87916700
16.49941600
16.69550000
16.86950000
16.54600000
16.57129200
16.73858300
16.69050000
16.69491700
16.67354200
16.71025000
18.35762500
15.19962500
16.56404100
16.61708400
16.72116600
16.61516700
16.70845800
16.83791700
16.61341700
16.60887500
16.75800000
16.75304100
16.77133400
16.69912500
16.50241600
16.60641700
16.64854200
16.76550000
16.64191600
16.67337500
16.71654200
16.65700000
16.62050000
16.70445800
16.77008400
16.60520800
16.65050000
17.09658300
16.33679200
16.99000000
16.58650000
16.43316700
16.67887500
16.79120800
16.55691700
17.08712500
16.66029100
20.00350000
15.48816700
16.05358300
15.94837500
16.37812500
16.70750000
16.39341700
16.53683300
16.76166700
16.41091700
16.64704100
16.80250000
16.58641700
16.64587500
16.84370800
16.70316700
16.44825000
16.64750000
16.88383300
16.47295900
16.89204100
16.56591700
16.78266700
16.81866600
16.47770900
16.74620800
16.67162500
16.66383300
16.82041700
16.62004200
16.49400000
16.85245800
16.99912500
16.35641700
17.64254100
15.98983400
16.27829100
16.70591700
16.64529200
16.57908300
16.67229200
16.71033300
16.63987500
16.86204200
16.71600000
16.54779100
16.76450000
16.53695900
16.68616600
16.70320900
16.80104100
16.63320900
17.07162500
16.42608300
16.54233300
16.86095900
16.61137500
16.54904100
16.73395900
16.65875000
16.69112500
16.96016600
16.45279200
16.63958300
16.78125000
16.50533400
16.84100000
16.64166600
16.64479200
16.63762500
16.78145800
16.67116700
16.70991700
16.77558300
16.58250000
16.71329200
16.74420800
16.52508300
16.68929200
16.69429200
16.58558300
16.84266700
16.85583300
16.46933300
16.79337500
16.55820900
16.67004100
16.77466700
16.79750000
16.48441700
16.78941600
16.57741700
16.61245800
16.81616700
17.80012500
15.52304200
16.75970800
16.72420800
16.56758400
16.82375000
16.55895800
16.79037500
16.70412500
16.36845800
17.00775000
16.48658400
16.71166600
16.68179200
16.80204200
16.62562500
16.63183300
16.88275000
16.62520800
16.59258400
16.69983300
16.49854200
16.76279100
16.80266700
16.52362500
16.76745800
16.74108400
16.61116600
16.69791700
16.80483300
16.72808400
16.54866600
16.72054200
16.59383300
16.62125000
16.88687500
16.48016700
16.56800000
17.01233300
16.49504200
16.75041700
16.82816600
16.39233400
16.87004100
16.69162500
16.51225000
16.87200000
16.68004200
16.79441700
16.39066600
16.72587500
16.84537500
19.06700000
14.20750000
16.62070900
16.79687500
16.67329100
16.51170900
16.78212500
16.57470800
17.58616700
16.07829100
16.73816700
16.44845800
16.78316700
16.53758300
16.74787500
16.67004200
16.54720800
16.70479200
17.00016700
16.42170800
16.73129200
16.77629100
16.47258400
16.70566600
16.80983400
16.52262500
17.00662500
16.72129100
16.52395900
16.59637500
16.71287500
16.78125000
16.74175000
19.64633300
15.58854200
15.72308300
16.89325000
16.08345800
16.67754200
16.50920800
16.49062500
16.70700000
16.86612500
16.28362500
16.73870900
16.77575000
16.66025000
16.60708300
16.72854200
16.52266600
16.64987500
16.64708400
16.68654100
16.73641700
16.74541700
16.69812500
16.86625000
16.49479100
16.85916700
16.53666700
16.68950000
16.49775000
16.84833300
16.63095800
17.04725000
16.73470900
16.56708300
16.63504200
16.95487500
16.07041600
16.79358400
16.70054100
16.59316700
16.65887500
16.87966700
16.40858300
16.71629200
16.89916600
16.59079200
16.58595800
16.71837500
16.69608400
16.50700000
16.87187500
16.57641600
16.67125000
17.06558400
16.47412500
16.51675000
16.93520800
16.59245800
16.59216700
16.78995800
16.61495900
16.70275000
16.82395800
16.37141700
16.78700000
16.71508300
16.61387500
16.70779200
16.74520800
16.43308300
16.77341700
16.65987500
16.77237500
16.75358300
16.56212500
16.71387500
16.76687500
16.58983400
16.70645800
16.79462500
16.53216700
16.76962500
16.71683300
16.58533300
17.37566700
16.22466700
16.39791600
16.76312500
16.72258400
16.63000000
16.68337500
16.85345800
16.45479200
16.68341600
16.86154200
16.90204200
16.62887500
16.70587500
16.48595800
16.71958300
16.69379200
16.58779200
16.68162500
16.77750000
16.57479100
16.77225000
16.63666700
16.60562500
16.81625000
16.62141700
16.54237500
16.87512500
16.63316600
16.72487500
16.56262500
16.93550000
16.35975000
16.92787500
16.64129200
16.50054200
16.86787500
16.71804100
16.57962500
16.70804200
16.49054200
16.77312500
16.76466600
16.65875000
16.71650000
16.54245900
16.75841600
16.73745900
16.83237500
16.49779100
16.64900000
16.81937500
16.61366700
16.61362500
16.76470800
16.66500000
18.97566700
14.47750000
16.61841700
16.70575000
16.77929100
16.37770900
16.77058300
16.82966700
16.50037500
16.78762500
16.77891600
16.54250000
16.74412500
16.72100000
16.61595900
16.91170800
16.53675000
16.86595800
16.50883400
16.75733300
16.50016700
16.73725000
16.60662500
16.77804100
16.65966700
16.83058300
16.59108400
16.58787500
16.83350000
16.61133300
16.61162500
16.74462500
16.61170800
16.95037500
16.67345900
16.53383300
16.70104200
16.88200000
16.58379100
19.56208400
15.56066600
15.97195900
16.70091600
16.21050000
16.61616700
16.49025000
16.53495800
16.70270900
16.74879100
16.54741700
16.55058300
16.82962500
16.53795900
16.72233300
16.59820800
16.79675000
16.57233400
16.87058300
16.50362500
16.54716700
16.95562500
16.44320800
16.63766700
16.78975000
16.66029100
16.60562500
16.87166700
16.53925000
16.62979200
16.99683300
16.62520800
16.79562500
16.72779200
16.59354200
16.29666600
17.24845900
16.15666600
16.71350000
16.91454200
16.46625000
16.65170800
16.69662500
16.65070900
16.76629100
16.82295900
16.61575000
16.53291600
16.68420900
16.78945800
16.60366700
16.76095800
16.48625000
16.64420800
17.12129200
16.42970800
16.77733400
16.69070800
16.53320800
16.55516700
16.72204200
17.09579100
16.73858400
17.07141600
16.59166700
16.40595800
16.41612500
16.56583400
17.01525000
16.34487500
16.61579100
16.99433400
16.54266600
16.65270900
16.79225000
16.40966600
16.78437500
16.80433400
16.58608300
16.60045800
16.77675000
16.58816700
16.68600000
16.84225000
16.39187500
16.97612500
16.80091700
16.61116600
16.52104200
16.63070800
16.80779200
16.48466700
17.03070800
16.36087500
16.89712500
16.67679200
16.79837500
16.43470800
16.91512500
16.60762500
16.74187500
16.71970800
16.48650000
16.74900000
16.55091700
16.90991700
16.57583300
16.57166700
16.59962500
16.77604100
16.72020900
16.64766600
16.88512500
16.52854200
16.91641700
16.67333300
16.45487500
16.70737500
16.65412500
16.67725000
16.63170800
16.84562500
16.40454200
16.93720800
16.82283400
16.44983300
16.66154200
16.81308300
16.61370800
16.58875000
16.89091700
16.53937500
16.71162500
16.88300000
16.44833300
16.64529200
16.79745800
16.48779200
16.82604200
16.63320800
16.65558300
16.65383400
16.72716600
16.65787500
16.68508400
16.83487500
16.54400000
16.75816600
16.64550000
16.67837500
16.69583400
16.74825000
16.64133300
16.62612500
16.75887500
16.55837500
16.95833300
16.47604200
16.73770800
16.64225000
16.80795900
16.46270800
16.80733300
16.53016700
16.72950000
16.94554200
16.41670800
16.70170800
16.69329200
16.81208300
16.42000000
16.91520900
17.74970800
15.69495800
16.80108400
16.48808300
16.72854200
16.54708300
16.61941700
16.97787500
16.81966600
19.90608400
14.83783300
16.46783300
16.34820900
16.36929100
16.54804200
16.42829200
16.67329100
16.70379200
16.45408300
16.67675000
16.71954200
16.60016700
16.70583300
16.85650000
16.45233300
16.68629200
16.75012500
16.50937500
16.74341700
16.72925000
16.70154100
16.72933400
16.88350000
16.36929100
16.73420900
16.78637500
16.63283300
16.71133300
16.52987500
16.75191700
16.76966700
16.88062500
16.44545800
16.89845800
16.76545900
16.24762500
16.81741600
16.54550000
16.62991700
16.86920800
16.55408400
16.58920800
16.84095800
16.70458400
16.58308300
16.80970800
16.48316700
16.74954200
16.73062500
16.51754100
16.72654200
16.92000000
16.82662500
16.32291700
16.82087500
16.62216600
16.72879200
16.78004200
16.49545800
16.76341700
16.75991600
16.68633400
16.64225000
16.80079100
16.53770900
16.68225000
16.81995800
16.63887500
16.88925000
17.37337500
16.39166700
18.26845800
14.81033300
16.69125000
16.39558400
17.00020800
16.17787500
16.64400000
16.77550000
16.42041700
16.87895800
16.85083300
16.54662500
16.80033400
16.51900000
16.75812500
16.84616600
16.67929200
16.66354200
16.63270800
16.51508300
16.93112500
16.50233400
17.11704100
16.91533400
16.40683300
16.33775000
16.76745800
16.44345900
17.00683300
16.50379200
16.85429100
16.56058400
16.63816600
16.75000000
16.54087500
16.74633400
16.79875000
16.36333300
16.61241700
16.86145800
16.53479200
17.22679100
16.38129200
16.63029200
16.74950000
16.64083300
16.69808300
16.73325000
16.76941700
16.53995800
16.54758400
16.97858300
16.60129200
16.65395800
16.75395800
16.77375000
16.44291700
16.88712500
16.46579200
16.61787500
16.78050000
16.74454100
16.76233400
16.76725000
16.72650000
16.89125000
16.57070800
16.86812500
16.51333300
16.28445900
16.60879100
16.88920900
16.63395800
16.65858300
16.69100000
16.70454200
16.65000000
16.60854200
16.71720800
16.55166700
16.95095800
16.48212500
16.69275000
17.08020800
16.46550000
16.73145900
16.59100000
16.60620800
16.63450000
16.93858300
16.52775000
16.49837500
17.12858400
16.33008300
16.79262500
16.64441700
16.66512500
16.61308300
16.86275000
16.46941700
16.70083300
17.06929200
16.56404100
16.54841700
16.69608300
16.60100000
16.68750000
17.10008400
16.52591600
18.19004200
16.36854200
15.95737500
16.66400000
16.74025000
16.36929100
16.47945900
16.67362500
16.64729100
16.69495900
16.69737500
16.62391600
16.81150000
16.40275000
16.93866700
16.52445800
16.68687500
16.66766700
16.99470800
16.46425000
16.55716700
17.01195800
16.35520900
18.28591600
15.27912500
16.71941700
16.51983300
16.67850000
16.66841700
16.60079200
16.95387500
16.63116600
16.97645900
16.50758300
16.83891700
16.46908300
16.53195800
16.56920900
16.66087500
16.61170800
16.72300000
16.79487500
16.70470800
16.65308400
16.66775000
16.70308300
16.50729200
16.89616600
16.79091700
16.40729200
16.76295800
16.96454200
16.44195800
16.79116700
16.73979100
16.37229200
16.81241700
16.66662500
16.59066600
16.74233400
16.58104100
16.76187500
16.81150000
16.58075000
16.72341700
16.77129200
16.39475000
16.95141600
16.49600000
16.79462500
16.65087500
16.76600000
16.50762500
16.72095900
16.85670800
16.34441700
16.86337500
16.91437500
16.73695800
16.45775000
16.86875000
16.52937500
16.54883300
17.08162500
16.47162500
16.61958400
16.74833300
16.53229200
16.73925000
16.83937500
16.61512500
16.58391600
16.78670900
16.54995800
16.94158300
16.65741700
16.68816700
16.64370800
16.60370800
16.49687500
16.91458400
16.53500000
16.91462500
16.57704100
16.82895900
16.47487500
16.65925000
16.59458300
16.81370800
16.65508400
16.74975000
16.77000000
16.60391600
16.51612500
16.72687500
16.62929200
16.69341700
16.65291600
16.83495900
16.70150000
16.71745800
16.70620800
16.54058400
16.60133300
16.79795800
16.66200000
16.68566700
16.72087500
16.59829200
16.63945800
16.98420800
16.40100000
16.75566700
16.70558300
16.56916700
16.95779200
16.44329100
16.67304200
16.91470800
17.04470900
16.54325000
16.65054100
16.67391700
16.51312500
16.47466700
16.76045800
16.58712500
16.94004200
16.61737500
16.54083300
16.85045800
16.48470900
16.66916600
16.06120900
17.80066600
16.39316700
16.84458300
15.69333400
17.35716600
16.80104200
16.68533300
15.87062500
17.31970900
16.89620800
16.78204200
16.68516600
16.49154200
16.62808300
16.68825000
16.70108400
16.72816600
16.96558400
16.42058300
16.60533300
16.82662500
16.55979200
16.71016700
16.89154100
16.34141700
16.71741700
17.08233300
16.50633300
15.83008400
19.80008300
16.20720800
15.98654200
16.29820800
16.85429200
16.36866700
16.54354100
16.66725000
16.49283400
16.60958300
16.77170800
16.70491700
16.60275000
16.65625000
16.73362500
16.62083300
16.90366700
16.37937500
16.72104200
16.83279100
16.91958400
16.27250000
16.89029100
16.79941700
16.30416700
16.91320800
16.56533300
16.63345900
16.65670800
16.88408300
16.65550000
17.02200000
16.83012500
17.55550000
15.56295900
16.58995800
16.25733300
16.81033400
16.61979100
16.53825000
16.97212500
16.61695900
16.61537500
16.51479100
16.81912500
16.63562500
16.69375000
16.67550000
16.71129200
16.63270800
16.78358400
16.55612500
16.54550000
17.03287500
16.40225000
16.68754100
16.75775000
16.69329200
16.56058300
16.96987500
16.44858400
16.71854100
16.73179200
16.65341700
16.86229100
16.64037500
17.45820900
16.51575000
16.57108300
16.44654200
16.62433300
16.63091700
16.72537500
16.77991600
16.77895900
16.42800000
16.76741600
16.99262500
16.47204200
16.62620800
17.12129200
16.46829200
16.41179100
16.95725000
16.41495900
16.85758300
16.37512500
16.68883300
16.59025000
16.71429200
17.23187500
16.24300000
16.46162500
16.85920800
16.64091700
16.52216700
16.70991600
17.02037500
16.47737500
16.53829200
16.95995800
16.56025000
16.54016700
16.84129200
16.48829100
16.48383400
17.00945800
16.53241700
16.91425000
16.66270800
16.51054200
16.65837500
16.78958300
16.55041700
16.61087500
16.84108300
16.63175000
16.80675000
16.59750000
16.70366700
16.61200000
16.79766600
16.54925000
16.70929200
16.77716700
16.63533300
16.75583300
16.68158400
16.58200000
16.55416600
16.87591700
16.52612500
16.85141700
16.68387500
16.54645800
16.63475000
16.93925000
16.31666700
16.96737500
16.66283300
16.90258300
16.56637500
16.48087500
16.70966700
16.77100000
16.64266700
16.62479100
16.77145900
16.63395800
16.65275000
17.63316700
15.80012500
16.72208300
16.73804200
16.57408300
16.52095800
16.96075000
16.50154200
16.79387500
16.78491700
16.61183300
16.60175000
16.81854200
16.29745800
16.92354200
16.77070800
16.50100000
16.78750000
17.24950000
16.30291700
16.58591600
16.70795900
16.55875000
17.09500000
16.71245800
19.15687500
15.60070800
16.26645900
16.07570800
16.62050000
16.47595800
16.67712500
16.58845900
16.94383300
16.22820800
16.65737500
16.83320900
16.65791600
16.57604200
16.55262500
16.73920800
16.77191700
16.73487500
16.63641700
16.54333300
16.75520800
16.55591700
16.72554200
16.66325000
17.19604100
16.45475000
16.38433400
16.94325000
16.77858300
16.42820800
16.86970900
16.52008300
16.96150000
16.68458300
16.77025000
17.00845900
15.92495800
16.70037500
16.62387500
16.76245800
16.61375000
16.62950000
16.72495900
16.81416600
16.58408400
16.59512500
17.01104100
16.40679200
16.59379200
16.76875000
16.63858300
16.56250000
16.95558300
16.88150000
16.60341700
16.59733300
16.56220900
16.68033300
16.63270800
16.79245900
16.59154100
16.68095900
16.74650000
16.66387500
16.90620800
16.49045800
16.68800000
16.75866700
16.54345800
16.70700000
16.68154200
16.61637500
16.71445800
16.58704200
16.64358300
16.73483400
16.72779100
16.66291700
16.93395800
16.35562500
16.68500000
16.83975000
16.55550000
16.78495900
16.67858300
16.66425000
16.70325000
16.70620800
16.59920900
16.79091600
16.89487500
16.44916700
16.69008300
16.72366700
16.48837500
17.11291700
16.52704100
16.61562500
16.56779200
16.84725000
16.46258300
17.11495900
16.49604100
16.59516700
16.72591700
16.63700000
16.60620800
16.57954200
16.69112500
16.78500000
16.57341600
16.93079200
16.59004200
16.90375000
16.59825000
16.58462500
16.44045800
16.85054200
16.56029100
16.80020900
16.66845800
16.70350000
16.66254200
16.60225000
16.77529100
16.63670900
16.68545800
16.66829200
16.68033300
16.67720800
16.68933400
16.85262500
16.57145800
16.59979200
16.77470800
16.60825000
16.64525000
16.67229200
16.71762500
16.74795800
16.73129200
16.54416600
16.65487500
16.71200000
16.63375000
16.97483400
16.56608300
16.55433300
16.64979200
16.94979200
16.83883300
16.44033300
16.80279200
16.40520800
16.90645900
17.03725000
16.38345800
16.57720800
16.74220900
16.54491600
16.73308400
16.77762500
16.50004100
16.58587500
17.07083400
16.53191600
16.89991700
16.92329200
16.12095800
16.88854200
16.64858300
16.60883300
16.67779200
16.83437500
16.45120800
17.04720900
16.76979100
18.48154200
15.78558300
16.11808400
16.63375000
16.71191600
16.40420900
16.67591600
16.68408400
16.37879100
16.89133400
16.56583300
16.61987500
16.66441700
16.85295800
16.43025000
16.75566700
16.95341600
16.31450000
16.95216700
16.82050000
16.24183300
16.85433400
16.58775000
16.82729100
16.64041700
16.77104200
16.72054100
16.98470900
16.48987500
16.35195800
16.60816700
17.09995800
16.51366700
16.77970800
16.86433300
16.42270900
16.50100000
16.71708300
16.99162500
16.43008300
16.51983400
16.76233300
16.66337500
16.62654200
16.63550000
16.76633300
16.80875000
16.61383300
16.59945900
16.87283300
16.60929200
16.53070800
16.69987500
16.57066700
16.77141600
16.75612500
16.76658400
16.74620800
16.53845800
16.55937500
16.77550000
16.62966700
16.69833300
16.73025000
16.68225000
16.65191700
16.91195800
16.39920900
16.66025000
16.84237500
16.51641600
16.81075000
16.77345900
16.37529100
16.83120900
16.66629100
16.82145900
16.56995800
16.88937500
16.43200000
16.78995800
16.82920900
16.42466600
16.81566700
16.80462500
16.47520800
16.70725000
17.09816700
16.27941700
16.64945800
16.90645800
16.53541700
16.77620800
16.71104200
16.59041700
16.57979100
16.83770900
16.86666600
16.69816700
16.76679200
16.32554100
16.47162500
17.01620900
16.61808300
16.60516700
16.64137500
16.75004100
16.73641700
16.55925000
16.70816700
16.66750000
16.66741600
16.77833400
16.72275000
16.53758300
16.64329200
17.10566600
16.25141700
16.72900000
16.87412500
16.61037500
16.69425000
16.60325000
16.67387500
16.63491700
16.80550000
16.58820800
16.50045800
16.95079200
16.71587500
16.52370800
16.81050000
16.48787500
16.72845900
16.87408300
16.42954200
16.92141600
16.61800000
16.46916700
16.87575000
16.87358300
16.43891700
16.70800000
16.78150000
16.54116700
16.67525000
16.82833300
16.58370800
16.67158400
16.82683300
16.55587500
16.78795800
16.69804200
16.67341700
16.62908300
16.64004200
16.71679100
16.65037500
16.85341700
16.67433300
16.60425000
16.73958400
16.58200000
16.87379100
16.52758400
16.67287500
16.80508300
16.64708300
16.60775000
16.80237500
16.47820900
16.63212500
16.86575000
16.53512500
16.69766600
16.68854200
16.89891700
16.48975000
17.15695800
16.35525000
19.43700000
15.78108300
15.82825000
16.61033400
16.59345800
16.53112500
16.25145800
16.89629200
16.45575000
16.43491700
16.86220800
16.53212500
16.79070800
16.75000000
16.62408400
16.47495800
16.86908300
16.60145900
16.69154100
16.75779200
16.58954200
16.73966600
16.68675000
16.46204200
16.92037500
16.56312500
16.82837500
16.45725000
16.90287500
16.61083300
16.70325000
16.82725000
16.49100000
16.82370900
16.81500000
16.23908300
16.72941700
16.58470800
16.99637500
16.69616700
16.74983300
18.15587500
15.68641700
16.54808300
16.59945800
17.16029200
16.74733300
16.13537500
17.48845900
16.15608300
17.52725000
16.02775000
16.43633300
16.82441700
16.80420800
16.38291700
16.76887500
16.71225000
16.07841700
16.49716600
17.05295900
16.37779100
16.65595900
17.00529100
16.26241700
17.04758300
16.61675000
16.57016700
16.77545800
16.34825000
16.77241700
16.56600000
16.71462500
16.79716700
16.70704100
16.54304200
16.54620800
16.87054200
16.72833300
16.62537500
16.70933400
16.70737500
16.65254100
16.58000000
16.74758400
16.56941600
16.85304200
16.80650000
21.74404200
12.21995800
16.10512500
17.36929200
16.16029100
16.38095900
16.69087500
16.77545800
16.52933300
16.92529200
16.92195800
16.30333400
16.63879100
16.86125000
16.45883400
16.86716600
16.63291700
16.60625000
16.65566700
16.82141600
16.60016700
16.63916700
16.79450000
16.38000000
16.74704100
16.81108400
16.62137500
16.60720800
17.21770800
16.26637500
16.79404200
16.70833300
16.56150000
16.69395900
16.67029100
16.66483400
16.60783300
16.73729200
16.75325000
16.60645800
16.64212500
16.71354200
16.62825000
16.73491600
16.60112500
16.66637500
17.07304200
16.40662500
16.64725000
16.81237500
16.50708300
16.77183400
16.51995800
16.79679200
16.78087500
16.48520800
16.91691700
16.73895800
16.53295800
16.82983400
16.68166600
16.53995900
16.73258300
16.96745800
16.46787500
16.58579200
17.04441700
16.33412500
16.73225000
16.76412500
16.64304100
16.75483400
16.64916600
16.60195900
16.55579100
16.85379200
16.58829200
16.72212500
16.73120800
16.67458300
16.60370900
17.28429100
16.69908400
16.37562500
16.86400000
16.39783300
16.44662500
16.86495800
16.72641700
16.91670800
16.66950000
17.85775000
15.76245900
16.99062500
16.11158300
16.72650000
16.83429200
16.37904100
16.55208400
16.83433300
16.55087500
16.63904200
16.73566600
16.65912500
16.69929200
16.57762500
16.83466700
16.72937500
16.42775000
16.84029100
16.62420900
16.72720800
16.51816700
16.87787500
16.62312500
16.74737500
16.73833300
16.41108300
16.75558400
17.08166600
16.47583400
16.63383300
16.82216700
16.79812500
16.66416600
16.55541700
16.73416700
16.20925000
16.88550000
16.58645800
16.81566700
16.82733300
16.46908300
16.70087500
16.63533400
16.59270800
16.76412500
16.77120800
16.57900000
16.90816700
16.57604200
16.56670800
16.50816700
16.85645800
16.73575000
16.67445800
16.78745900
16.50525000
16.96395800
16.52995800
16.76220900
16.41495800
16.86025000
16.60762500
16.58883300
16.80041700
16.69254200
16.74341600
16.58300000
16.64391700
16.79954200
16.62429100
16.61254200
16.69429200
16.69254100
16.65250000
16.92245900
16.37000000
16.71466600
16.93333400
16.53437500
16.63583300
16.85945800
16.57070900
16.87920800
16.45975000
16.58479200
16.77387500
16.81187500
16.63887500
16.59508300
16.92808300
16.63075000
16.55800000
16.79433400
16.54775000
16.80279100
16.61762500
16.46225000
17.18200000
16.60841700
16.57379200
16.64041600
16.69408400
16.44533300
16.87737500
16.77462500
16.40483300
16.84912500
16.80787500
16.63387500
16.57704200
16.73687500
16.62458300
16.69504200
16.59866700
16.96408300
16.47183300
16.76520900
16.52137500
16.82050000
16.69512500
16.68008300
16.74945800
16.57387500
16.50783400
17.00329100
16.63345900
16.66895800
16.69391700
16.54062500
16.67266600
16.84954200
16.50525000
16.51295800
17.05379200
16.35683300
16.83766700
16.85504200
16.58679100
16.60158400
16.88750000
16.47095800
16.62466700
16.87704100
16.62087500
16.57216700
16.94645800
16.49066700
16.70304200
16.73150000
16.59550000
16.81558300
16.50937500
16.73658300
16.78187500
16.72900000
16.56729200
16.57704200
16.87220800
16.80270800
16.66279200
16.69612500
16.43595800
16.74887500
16.76362500
16.54695900
16.72879100
16.74387500
16.66929200
16.67008300
16.55608400
16.72245800
16.77166700
16.58875000
16.68758300
17.38745800
16.38583400
18.08987500
15.91020800
16.47979200
16.35925000
16.72537500
16.74629100
16.30045900
16.87195800
16.58541700
16.62975000
16.84716600
16.51720900
16.63000000
16.90791600
16.36266700
16.63954200
17.09537500
16.33200000
16.92191600
16.54629200
16.75041700
16.60183300
16.82179200
16.53483300
16.77133300
16.74312500
16.34200000
16.91162500
16.84912500
16.54725000
16.46900000
17.00066700
16.79129200
16.66016600
16.64312500
16.60579200
16.76641700
16.50875000
16.51462500
16.54262500
16.94295800
16.48241700
16.96900000
16.63500000
16.49100000
16.77316600
16.44833400
16.75820800
16.85466700
16.47083300
16.78475000
16.86095800
16.50275000
16.82416700
16.46716700
16.67062500
16.72879100
16.63195900
16.77700000
17.04241600
16.54095900
16.46633300
16.65795800
16.69812500
16.71737500
16.68287500
16.75070900
16.37241600
16.92879200
16.85958300
16.44887500
16.75404200
16.73345800
16.52562500
16.69758400
16.85608300
16.49870800
16.85441700
16.70412500
16.58458300
16.55425000
16.85716700
16.56220800
16.79375000
16.65204200
16.57354200
16.74933300
16.75616700
16.60129100
16.71029200
16.63229200
16.91366600
16.46983400
16.85729100
16.39425000
16.81495900
16.76129100
16.66970900
16.63958300
16.69458300
16.60279200
16.94041700
16.68016600
16.62362500
16.68100000
16.56233400
16.64112500
16.77762500
16.69012500
16.62958300
16.68858300
16.72362500
16.52058400
16.93366600
16.47008400
16.74466600
16.76504200
16.54658300
16.67491700
17.38629200
16.26516600
16.44583400
16.85466600
16.55579200
16.59912500
16.82329200
16.40612500
16.82645800
16.81291700
16.70970800
16.53537500
16.86866700
16.54079100
16.68191700
16.83025000
16.46516700
16.65041600
16.85125000
16.56354200
16.73820800
16.78641700
16.50279200
16.69195800
18.29416700
15.08979100
16.65533400
16.83737500
16.57208300
16.70587500
16.59787500
16.72083300
16.84037500
16.60404200
16.49312500
16.76270800
16.75608400
16.69820800
16.72145800
16.58691700
16.73345800
16.80158400
16.53833300
16.83179200
16.69900000
16.62516600
16.55608400
16.77158300
16.61329200
16.71112500
16.79795800
16.57975000
16.74175000
16.80858300
16.52466700
16.64804200
16.67995800
16.70979200
16.70041600
16.74958400
16.87016600
16.62070900
16.78733300
18.75166700
16.02133300
16.41670800
15.95250000
16.74029200
16.76941700
16.31391600
16.61679200
16.78112500
16.54562500
16.55770800
16.73008400
16.54366600
16.70325000
16.79437500
16.37491700
16.74829200
16.87379100
16.69816700
16.48391700
17.12204100
16.24837500
16.86500000
16.81679200
16.30962500
16.85883300
16.54712500
16.83641700
16.65512500
16.65541700
16.55504100
17.42354200
16.26337500
16.57150000
17.00379200
16.12200000
16.70083300
16.68612500
16.73104200
17.34154100
16.29125000
16.51245900
16.57041600
16.89291700
16.41233300
16.68929200
16.89312500
16.54420800
16.74412500
16.92329200
16.38041700
16.67145800
16.79295800
16.57320900
16.66054100
16.80466700
16.54587500
16.99162500
16.59191700
16.44020800
16.79787500
16.76754200
16.35108300
16.82887500
16.84620800
16.62737500
16.64666700
16.67425000
16.69954200
16.64816600
16.77841700
16.62504200
16.68520800
16.67975000
16.45200000
16.81858300
16.63479200
16.63458300
16.79762500
16.70312500
16.74562500
16.66170900
16.56770800
16.81454200
16.76395800
16.53058300
16.71100000
16.83179200
16.77083300
16.76262500
16.51795900
16.44512500
16.84833300
16.65520800
16.63808400
16.73991600
16.71258400
16.68279100
16.69966700
17.48779200
15.87333300
16.76933300
16.66725000
16.58637500
16.68654200
16.72504200
16.43370800
16.85104200
16.78516600
16.63212500
16.65050000
16.79658400
16.59250000
16.72683300
16.79125000
16.55225000
16.62566700
17.08645800
16.31845800
16.80462500
16.66220900
16.67725000
16.56975000
16.71716600
16.65200000
16.61758400
16.90125000
16.64054100
16.66004200
16.53945800
16.66837500
16.71520900
16.65912500
16.69837500
16.83616600
16.44170900
16.79366600
16.78141700
16.48250000
16.75629200
16.85591600
16.50133400
16.69441600
16.81112500
16.67841700
16.52975000
16.91337500
16.55500000
16.64333300
16.93654200
16.53616700
16.55029100
16.85133400
16.58762500
16.59833300
16.85175000
16.55916700
16.67058300
16.76991700
17.34112500
16.10062500
16.77633300
16.57337500
16.52216700
16.83966600
16.50750000
16.81370900
16.68908300
16.63895800
16.77762500
16.61450000
16.58754200
16.73200000
16.70783300
16.48950000
16.79975000
16.78087500
16.83504200
16.66020800
19.97345900
14.99908300
15.98395800
16.57004200
16.34362500
16.68575000
16.42725000
16.75495800
16.75995900
16.45504100
16.46804200
16.82050000
16.60129200
16.65716600
16.86529200
16.56358300
16.64520900
16.87766600
16.46345900
16.71975000
16.93800000
16.47162500
16.58191600
16.67766700
16.54304200
16.68633300
17.15808300
16.35141700
16.77750000
16.86600000
16.54600000
16.47987500
17.44775000
15.98862500
16.92175000
16.53633300
16.52212500
16.59154200
16.89137500
16.51725000
16.98033300
16.53958400
16.67950000
16.68608300
16.55795800
16.58937500
16.81537500
16.71383400
16.59954100
16.85350000
16.60654200
16.53541700
16.73125000
16.66737500
16.64520800
16.66162500
16.69066700
16.78258300
16.78337500
16.56016700
16.70879100
16.69450000
16.58245900
17.02616600
16.44870900
16.63387500
16.84350000
16.73750000
16.43729100
16.64150000
16.85941700
16.49704200
16.68479100
16.77020900
16.65120800
16.55612500
16.82137500
17.32087500
16.31154200
16.78500000
16.59012500
16.63904100
17.54779200
15.77545800
17.66266700
17.96108300
15.17800000
15.92887500
16.92025000
17.25420900
15.87720800
39.38600000
49.03166700
8.00758300
23.45512500
6.78216700
7.08087500
7.10654100
6.51816700
8.06279200
11.38495800
16.68550000
16.98983300
16.72466700
16.13508300
17.03087500
17.05729200
16.31325000
16.93487500
16.58116700
16.54041600
16.63087500
16.63691700
17.00737500
16.49004200
16.50104100
16.43820900
16.90004100
16.94379200
16.53200000
17.06045800
16.11816700
16.75804200
17.47229100
17.42716700
15.39625000
16.91633300
16.30775000
16.98704200
16.46520800
16.44837500
16.93512500
16.83604200
17.47075000
15.88758300
16.55900000
16.69395900
16.79720800
16.48100000
16.58008300
16.56766700
16.77166700
16.74304100
16.89250000
16.58845900
16.44541600
16.69733400
16.68062500
16.64708300
17.41675000
16.31379200
16.34395800
16.84120800
16.58595900
16.65241600
17.15291700
16.66204200
16.46733300
16.50366700
16.92083300
16.52104200
17.05283300
16.42283300
16.44900000
17.00241700
16.47287500
16.66475000
16.80495800
16.77850000
16.66925000
17.04175000
16.12920900
16.80475000
16.51179100
16.45716700
16.82058300
16.85916700
16.40812500
16.89445800
16.63212500
16.42129200
16.76620800
16.75800000
16.91758400
16.66104100
17.38362500
16.01308400
16.79475000
16.60775000
16.50179100
16.75629200
16.93266700
16.41041600
16.83216700
16.52508300
16.63295900
16.78670800
16.78279200
16.37245800
16.85925000
16.76562500
16.42433300
16.92791700
16.53325000
16.99750000
16.60245800
16.79533400
16.27325000
16.70091600
16.93362500
16.60012500
16.48120900
16.88225000
16.60395800
16.92633300
16.45687500
16.54854200
17.27295800
16.50579200
17.21195800
16.22837500
16.45833400
16.62491600
16.75637500
16.83987500
16.59320900
16.73433300
16.35454200
16.76620800
16.76529200
16.33841600
16.72500000
16.95733400
16.40100000
16.68616600
16.99854200
16.43825000
16.80558300
16.82995900
16.47412500
16.78562500
16.54937500
16.53025000
16.63662500
16.75941600
16.61362500
16.69220900
16.82745800
16.59091700
16.96520800
16.57879200
15.82150000
16.87116600
2141.49175000
17.57604200
17.63091700
18.89916600
19.56433400
20.94020800
20.36391700
19.90304100
20.44395900
20.25158300
44.68329200
22.32858300
21.79912500
21.63500000
21.49291700
22.77725000
22.00587500
23.99845800
23.73304200
23.99058300
22.96483300
22.71791700
24.44966700
24.95662500
26.79725000
27.83370800
29.11129200
27.43337500
28.25212500
28.96050000
29.95170800
30.35758300
28.35037500
30.52637500
31.11000000
30.58158400
31.20941600
30.26704200
29.70762500
29.54987500
30.79162500
29.82337500
31.69270800
30.17762500
28.37850000
26.89133400
27.42337500
28.61579100
28.81841700
28.79966700
26.97279100
28.42420900
27.13316600
24.96729200
24.28791700
24.01800000
24.11950000
24.79987500
23.31375000
22.54595800
22.22391700
22.85816600
24.50062500
34.90033400
27.08458300
27.36795800
25.04470900
23.46083300
24.02204200
23.46658300
23.35504200
25.10020800
23.05533300
22.79012500
22.60266700
23.91495800
22.92470900
21.63025000
21.90254100
21.93695900
21.58495800
21.65562500
22.59654200
22.94045800
21.70850000
22.07195800
21.03783400
22.58712500
21.75420800
21.46587500
21.59904200
22.32637500
21.40579100
22.07337500
22.00641700
21.17116700
20.85437500
21.21141600
21.36179200
21.45370800
21.08116700
21.03129200
20.99525000
20.92291600
20.94325000
21.34237500
21.44150000
21.22412500
21.06270900
21.24808300
20.89633300
20.29591700
20.85120800
20.65504200
19.69937500
20.31316700
21.23866600
20.88629200
21.66270800
21.45004200
21.06079200
22.99929100
22.60879200
21.39954200
20.94008300
20.83504200
21.08204100
20.77237500
21.16116700
20.37208300
19.20729200
19.16070800
19.05258400
20.17112500
18.89004100
19.06762500
19.09537500
19.47312500
19.01354200
19.09412500
18.87620800
18.96554200
19.85312500
19.79870800
19.13687500
18.88700000
18.87916700
19.02195800
18.97829200
20.01333300
20.77941700
21.04929200
20.47020800
20.55258300
20.71204200
20.71354200
20.49516600
20.61850000
20.48920900
20.64216600
20.75204200
20.89095800
20.94458400
20.69887500
20.76075000
20.76141600
20.94941700
20.73712500
20.26612500
21.00558300
20.67920900
20.95791600
20.63912500
20.71716700
20.59170800
20.69075000
20.78862500
20.65387500
21.37125000
20.84658400
20.66833300
20.63550000
21.26416700
20.72754100
20.53387500
20.76570900
20.52654100
20.53520900
20.42704100
20.65454200
20.36037500
21.48041700
20.82616600
21.51075000
20.43012500
20.83616700
20.51050000
20.71604200
21.39216600
20.82720900
20.68383300
21.56279200
21.09000000
20.23079100
19.92566700
20.12425000
20.15450000
20.17575000
20.01100000
20.67245800
20.77750000
20.64533400
20.09379100
20.53687500
20.74741700
20.26525000
20.12725000
20.49637500
20.48566700
19.91754100
19.76545900
21.11137500
20.69241600
20.32266700
21.09016700
21.07395800
21.22395800
20.95041700
20.82279200
19.87520800
20.76195800
19.88370900
19.85725000
20.82316600
21.28387500
20.19704200
20.05245800
21.23291700
19.72962500
20.74787500
21.14662500
20.54241700
20.31220800
25.79979200
26.63070800
25.48704200
25.19920800
25.00983300
24.70141700
24.71004200
24.01462500
24.67766600
23.42558400
23.78583300
23.35141700
23.62991600
23.28154200
25.45587500
24.08504200
23.29108300
23.10220800
22.84150000
22.00883400
21.59245800
21.03766700
20.98508300
20.68683300
21.50141700
21.72512500
22.71350000
21.27504200
21.71041600
20.70766700
20.68150000
20.62016700
20.40208300
19.35325000
20.80283300
17.78829200
19.76483300
19.05800000
19.28962500
18.91958400
18.98550000
18.16254100
18.96495900
17.62566600
18.41566700
18.27341700
17.97891600
17.50045900
18.52208300
18.17200000
18.53541700
18.99729100
18.03058400
18.41870800
18.97362500
20.24704200
20.02095800
19.79295800
19.42766700
19.43316700
19.35908300
19.43833300
19.41779200
19.53608300
19.10625000
19.17420900
19.56883300
20.30895800
19.61958400
19.25533300
19.60525000
19.50362500
19.43412500
19.40925000
19.58133300
19.55320900
19.80300000
19.76241600
19.33287500
19.60291700
21.29925000
20.39195800
19.71229200
20.58533300
20.83279200
19.81983300
20.41591700
19.93658300
20.11175000
20.10775000
20.12904200
19.22829200
19.35687500
20.59816600
20.72308400
20.34883300
19.48383300
20.64508400
19.94825000
18.89087500
19.44741600
19.80045900
20.15854100
19.69804200
19.35229200
19.55720800
19.36141700
20.05854100
20.70658400
19.91795800
20.64412500
18.92358300
19.24791700
20.63645800
20.27391700
19.81475000
21.00187500
20.27945800
19.19970900
20.13270800
20.28629200
19.49379100
19.11633400
18.89304100
20.04700000
20.41750000
19.01241700
20.16875000
20.30987500
19.37462500
21.23150000
20.47616700
19.50566600
19.50633400
20.25908300
19.75533300
19.89583400
18.99379100
19.11079200
19.73604200
19.33366600
20.28562500
20.18979200
21.31783300
20.68137500
20.54358400
19.95854100
20.15895900
20.17300000
18.91487500
19.26933300
19.19345800
20.29437500
19.72554200
19.72720800
20.47591700
20.16320800
18.97341700
19.27050000
19.34679200
19.15108300
19.79100000
19.40587500
19.78858300
20.03066700
19.24225000
19.28183300
19.25750000
19.13441700
18.62945800
19.25441700
19.74745800
19.05583400
19.44141600
19.71108400
19.82191600
19.83062500
19.18537500
20.07416700
20.08308300
20.07808400
20.63612500
20.35666600
20.05954200
19.33920800
20.61375000
19.24866700
19.57975000
19.05658300
19.00254200
18.67054200
17.97258300
17.92270800
17.76412500
18.57608400
18.09220800
18.60945800
17.89700000
18.05712500
17.86183400
17.81083300
17.45845800
16.69941700
17.39275000
16.78154200
16.84879100
17.04625000
17.14358400
17.35950000
16.64175000
16.98245800
18.19066700
16.90008300
18.33720800
18.33583400
18.14654100
18.23008400
17.88875000
17.78508300
18.21520800
17.99625000
18.04620900
18.21525000
17.85537500
18.13920800
17.93629200
17.95970800
17.99233300
17.94537500
18.36400000
18.08920900
18.91958300
18.39979200
18.93158300
18.03125000
19.12145800
19.69004200
19.10608300
18.91912500
18.76950000
19.59462500
19.13245900
19.17629100
18.78320900
19.92679100
19.33916700
19.19658300
18.97841700
19.00395800
19.22754200
19.15475000
19.21754200
19.08816600
18.54145900
18.88558300
19.21037500
19.28408300
18.08141700
18.40087500
18.63104200
18.84012500
18.54345800
18.66137500
18.97283300
19.16404200
19.04862500
18.49604200
18.74558300
19.06129200
18.54933300
18.72758300
18.91920900
18.76208300
18.00383300
18.75912500
18.83791700
19.20358300
18.71183400
18.68495800
18.76837500
18.96808300
18.87495900
17.87883300
18.32970800
18.45658400
18.39783300
18.96562500
18.54316700
19.10375000
19.49062500
18.68879100
18.91066700
18.50787500
19.14625000
18.49883300
18.36454200
18.71170800
18.56962500
18.57079200
18.58133300
18.35095900
18.83250000
18.87270800
20.47912500
18.68137500
18.31037500
18.25862500
18.14970800
18.86908400
17.69133300
18.24937500
18.63191700
18.50195800
18.04908300
18.10720900
18.11841600
18.02716700
18.01300000
17.91987500
17.99362500
18.39495800
18.22479200
18.10970800
17.80329200
18.13950000
17.96329200
18.17525000
18.09925000
18.06258300
17.78162500
17.72945800
17.66945900
18.13987500
18.16275000
17.93495800
17.78858300
17.89216700
17.73379200
17.71504100
17.96216700
18.01050000
18.02754200
18.02937500
17.96270800
18.30858300
18.24504200
17.97862500
17.89791700
18.91991600
17.90650000
17.75495900
18.20675000
19.06425000
19.22112500
17.31504100
17.24791700
17.87829200
17.74283300
18.28029200
17.42433300
17.59558300
17.59612500
17.35712500
17.08733400
16.21362500
15.78654100
16.35125000
16.21250000
15.90733400
16.09162500
16.54833300
16.28370800
16.36820900
16.17404100
15.99075000
16.24545900
16.16383300
15.71970800
16.34570900
15.97645800
16.10995800
15.87191700
16.03741700
15.97029100
16.05308400
16.89600000
16.62891600
16.41258400
16.56870800
16.80754200
16.72866600
16.41241700
17.03612500
16.59054200
16.48320800
16.71204200
17.29100000
16.86300000
18.61920800
17.23312500
19.22662500
18.28545800
18.12933400
18.16062500
18.36716600
17.88320900
17.81520800
20.93270800
15.97420900
16.57125000
18.00954100
17.66266700
17.84587500
18.08687500
17.67158300
17.29225000
17.84425000
19.56025000
17.56754200
18.42595800
17.75458400
17.48662500
18.03695800
17.57975000
16.91720800
18.76879200
18.00370800
17.37308400
17.97404100
17.76487500
17.49362500
18.06791700
17.91616700
17.59075000
17.43245800
17.37504200
17.85462500
17.51483300
17.37300000
16.15150000
17.68258300
17.67904200
19.20258300
17.58312500
17.12770900
17.89395800
18.25962500
17.38533300
18.07229200
17.50725000
17.26666700
17.86141600
17.24908400
18.17845800
17.88445800
17.41891700
17.69004200
17.59712500
19.61050000
18.05133300
18.25125000
17.81429200
17.16687500
18.59595800
18.24604200
17.53762500
17.92108300
17.71916700
20.59200000
23.11608300
18.14029200
17.53937500
17.89825000
19.59154100
17.52925000
18.76520900
18.93687500
17.78700000
18.09958300
16.98841700
18.55083300
18.25300000
17.73991700
17.57475000
18.17712500
18.11820800
17.89291700
18.63483300
18.21645800
19.55404200
18.29166700
17.69208300
18.37441700
18.43675000
17.92075000
17.80429100
20.32691700
23.81137500
19.93966700
19.25037500
19.03558300
19.11858300
18.92612500
18.00600000
17.41616700
18.67120800
17.68508400
18.00108300
17.84654200
16.96220800
18.89500000
17.77841700
18.20991600
17.92070900
19.20195800
19.48645800
21.37262500
21.70975000
20.44508400
20.24891600
19.98770900
20.30658300
20.49929200
20.41358300
20.01866700
20.63937500
19.83045800
18.02095800
18.25304200
17.63750000
17.87445800
19.27420900
18.09470800
17.88629200
18.22091600
16.50087500
16.60608400
16.59254100
16.72208400
16.44833300
16.44950000
16.46525000
16.26000000
17.08287500
16.51145800
16.27929200
16.40158300
16.44708400
18.06758300
16.81154200
16.52220800
16.67691700
16.72312500
15.07966600
16.66591700
17.06750000
16.79258300
17.09116700
17.32358300
16.57229200
16.89804200
16.80016600
16.53666700
17.01341700
17.12775000
16.61858300
17.02995800
16.91804200
16.81841700
18.72329100
18.49058400
17.80587500
18.06191600
17.13075000
18.84104200
18.07066700
18.03179100
18.16695900
18.06600000
19.12283300
18.15400000
18.63287500
18.11691700
19.51458300
18.72191700
18.05041600
18.24812500
18.53150000
18.52300000
18.01850000
18.35379200
18.27650000
18.50500000
18.00275000
17.96195800
17.98012500
17.86691700
18.75491700
18.52029100
18.14345900
18.08754100
18.06425000
18.22120900
17.53662500
18.74637500
18.09420800
18.20029200
17.54004100
17.71083400
19.10745800
18.58012500
18.23170800
18.26862500
18.12350000
18.07133400
17.99720800
18.23016700
17.81495800
17.92929200
18.09062500
18.13087500
17.97875000
18.29691600
18.61329200
19.01329200
18.30812500
18.11462500
18.00804100
18.89041700
17.91054200
18.03650000
18.20250000
18.61016600
18.12483400
18.16950000
18.01050000
17.73583300
18.52158300
19.25075000
18.09041700
18.76945800
18.02979200
17.90804200
18.50187500
18.65050000
18.16783300
18.32020800
18.42250000
18.10337500
17.85970900
18.11737500
18.34745800
19.11804200
18.00883300
18.72291700
17.92987500
18.91008300
18.21720800
18.06000000
18.04308400
18.16791600
17.89691700
18.03833300
18.19037500
18.00216700
17.99800000
18.60658300
17.99300000
17.96062500
17.96275000
17.80133400
17.99095800
18.09570800
17.97866700
17.93720800
18.31612500
19.16008400
18.24041600
18.92945900
18.53275000
18.08270800
18.06779200
17.93816600
18.56075000
18.38220900
17.95504100
18.16012500
18.38262500
18.41962500
18.43466700
18.44883300
18.48875000
19.98504200
20.73854200
19.29041600
18.81270900
19.16033300
17.79370800
17.89775000
17.56020900
18.32491600
17.97070900
17.53116600
17.83295900
17.09787500
16.51379100
16.42266700
16.62166700
16.45179100
16.34954200
16.76237500
16.51066700
16.46891600
16.50991700
16.23558300
16.26495900
17.00566600
16.37216700
16.36833300
16.56162500
16.53820900
16.49862500
16.97020800
16.38070800
16.23579200
17.01670800
16.83945900
16.63708300
17.40770800
16.92066700
17.39808300
16.94341700
17.01020800
16.88087500
17.27270900
17.32925000
17.08183300
17.49041700
17.56520800
18.12087500
19.09133300
18.18937500
17.69066700
18.22241700
18.21850000
17.93204100
18.49650000
18.67870900
18.13658300
17.98425000
18.84533300
18.57891700
18.11650000
18.33662500
18.56316700
18.19850000
18.75220800
18.21245800
17.83537500
17.91966700
18.46508300
17.92170900
18.16908300
18.34879200
18.22741600
18.01308400
18.30741600
18.12462500
18.09429200
18.03254200
18.05475000
18.12637500
18.27779100
18.09945900
17.95666600
19.50937500
17.94337500
20.37987500
20.51616700
17.53558300
16.17241700
16.28708300
16.22725000
15.87175000
16.26387500
16.46687500
15.70120900
15.75329100
15.96845900
15.37770800
15.55833300
15.90612500
16.42316700
15.88537500
15.58412500
15.58666700
15.85295800
16.11870800
15.61458400
15.81379100
15.36895900
15.40237500
16.12591600
15.57604200
15.99200000
16.04641700
15.53070800
15.48845800
17.02333400
16.51358300
17.54525000
16.39608300
18.26666700
18.24925000
18.23366700
19.26387500
23.41545800
36.11008300
23.16329200
26.75170800
29.03170900
24.13175000
27.50483300
36.35691700
25.93550000
26.45029100
24.46454200
23.79212500
24.40570800
23.78416700
22.24566700
23.06387500
22.53658300
21.54120800
22.00270900
22.77037500
26.15495800
25.44625000
22.68537500
24.70575000
23.24466700
21.07325000
20.47833300
21.54275000
20.72687500
20.69404200
21.50541600
20.32729200
21.75850000
20.16383300
20.64862500
20.43662500
20.95229200
19.72320800
18.23608400
18.02579100
18.44287500
18.36058400
20.06962500
18.43179100
19.73725000
20.39454200
18.85366700
19.15158300
18.42345800
19.76066700
20.88033300
20.14558400
19.96679100
19.37262500
18.11479200
18.18529200
18.38287500
18.36087500
18.16566600
18.00866700
18.65416700
18.05541600
17.39204200
17.09725000
17.10837500
16.91558300
17.25612500
16.76383400
17.14420800
17.97929200
15.80779100
17.08333400
17.32775000
16.81279100
16.84816700
16.99195800
16.91783400
16.90654100
16.83966700
16.71008300
16.83104200
16.87629200
19.19041600
17.25745900
18.41387500
17.39466600
17.00879200
19.15104200
17.84337500
17.91400000
18.72095800
19.26954200
18.58783300
18.69562500
18.80291700
18.37333300
18.80079200
18.60370800
18.13100000
18.45379200
19.42333300
17.94883300
18.31525000
18.44958400
18.17862500
19.06937500
20.50454100
22.72425000
21.46766700
20.04133300
19.82020900
19.51491600
19.68095900
19.63604100
19.61675000
19.91437500
20.43083400
19.39945800
20.05825000
19.68995800
19.67408400
19.97758300
19.71766700
19.58687500
19.64987500
18.03816600
17.40416700
18.69141700
20.38970800
19.46708300
19.70262500
20.78875000
19.33341700
18.92391700
20.72404100
19.35208400
19.57825000
18.85366600
18.52520900
19.30012500
18.44762500
18.35008300
18.57870800
19.98566700
18.88437500
18.57779200
18.47650000
19.29629100
19.40025000
18.17320900
18.77716600
19.08675000
21.39079200
20.64970800
21.32583400
21.83854100
20.13754200
18.41454200
19.05200000
20.32391600
18.82491700
18.70779200
18.93312500
19.28291600
19.21637500
18.83287500
19.86291700
19.24670800
19.33158400
18.75395800
18.69112500
19.82512500
18.87783300
18.56225000
19.19175000
18.63033400
18.47841600
18.49637500
19.91283400
18.40104100
18.81158400
19.77104100
18.68170900
19.18712500
18.65225000
21.19345800
19.11170800
19.26900000
19.10245900
19.22958300
18.82700000
18.24900000
18.26850000
18.55170800
19.24308400
20.38425000
18.51504100
17.98108400
18.20641600
18.10695900
18.56079100
18.44212500
18.52220900
19.60795800
18.71150000
18.72154200
18.64187500
18.79600000
18.44558300
18.30058300
18.28370900
17.86825000
18.69291600
18.54633400
18.11041600
18.19975000
18.93583400
18.23958300
18.22558300
18.43066700
19.89133300
19.75570900
19.39783300
18.40416700
17.93291600
17.75300000
17.52654200
17.63129200
17.81241600
17.41087500
17.67908400
17.31587500
16.54662500
16.48600000
16.72441600
16.60687500
16.73637500
16.36033400
16.56575000
16.60154100
16.96470900
16.63233300
16.68233300
16.65704200
16.95016700
16.72520800
16.63183300
16.55750000
16.75070900
16.59491600
17.35208400
17.91308300
17.74429200
18.03725000
17.72950000
17.54270800
17.70008300
18.10891700
17.80345800
18.72608400
19.74816600
18.61229200
18.72837500
18.41995800
18.41562500
17.83566700
19.16512500
18.37141700
19.27516600
18.55412500
18.14404200
19.15383300
18.46512500
18.42920900
18.81162500
18.33770800
18.32429200
18.27420800
18.43408300
18.26175000
18.43516700
18.29604200
18.22716600
18.35383400
18.06416600
18.57237500
18.48741700
18.56487500
18.48941700
18.39341600
18.67945900
18.97708300
18.81025000
18.16558300
17.97245900
18.56733300
18.63883300
18.26466700
18.55825000
18.08804200
18.16545800
19.14666700
18.35479100
18.00958400
18.59229100
19.59241700
19.37120800
18.66087500
19.02958400
18.39325000
18.86200000
19.01312500
18.51654100
17.49850000
19.86625000
18.83241700
19.28550000
18.69379200
18.65216600
19.88458400
20.83408300
19.78537500
19.11750000
18.49866700
18.67495800
17.90900000
19.11762500
19.12308300
18.86150000
19.46204200
19.29966700
20.56262500
20.34250000
18.66195800
19.52545800
19.22320900
18.91662500
19.13958300
18.88187500
20.79012500
19.34462500
19.01329200
18.75333300
18.95345800
19.15491700
18.71825000
19.39495800
19.22483400
20.25412500
18.96258300
19.26854200
18.80183300
19.29845800
18.70020900
18.54562500
19.72150000
18.95783300
20.00362500
19.25129200
20.39495800
18.75979200
20.16075000
19.36337500
18.32929100
19.12995900
18.93950000
18.58262500
20.68854100
18.84354200
18.56837500
18.86625000
18.72841700
18.67108300
18.68041700
18.95683300
18.45720800
18.75850000
18.67983400
20.40208300
18.83520800
19.08375000
18.52408400
18.77650000
18.22325000
19.58983300
18.53712500
18.28479200
27.02329100
26.25179200
20.63866700
29.59662500
31.31016600
25.72212500
24.88075000
20.13812500
20.30937500
19.93433400
19.41525000
19.43987500
18.03945800
18.34637500
18.16045800
19.57962500
18.18541700
18.98720800
18.03908400
17.48879100
19.37516700
18.08350000
17.01920800
17.31804200
18.92387500
19.29750000
18.32120800
18.07670900
18.01770800
17.91525000
18.96387500
18.88258300
18.47337500
18.57041700
18.86125000
18.50962500
18.43254200
19.13870800
18.71387500
18.71841700
19.07395800
18.54575000
17.54483300
20.10458400
18.42670800
19.51020800
19.16304200
19.12670800
19.30512500
19.43308400
18.80683300
19.38541700
19.14837500
18.75666600
18.20312500
18.81541700
18.59383300
18.22458400
19.23320800
20.39870800
22.31166700
22.25733300
21.90475000
22.59962500
20.97650000
20.38170900
20.32758300
20.71187500
20.82737500
20.52787500
20.41183300
20.67791700
23.46870800
21.71570900
20.57995800
20.01950000
20.84904200
19.70579100
19.68670900
19.90520800
20.15229200
20.45895800
19.71600000
19.20229200
19.11008300
17.45104200
17.20608300
18.79737500
17.98416700
18.25787500
17.66787500
18.42937500
17.62000000
17.56275000
17.46533300
17.55525000
17.86783300
17.76808400
17.71975000
17.47370800
17.41095800
17.63491700
17.55258300
17.46708400
17.31025000
17.00341600
18.13225000
16.42745900
18.88491600
16.97470900
15.84229100
16.80820900
16.52958300
16.10187500
16.43812500
16.17900000
15.48487500
17.04183300
15.88375000
16.03029200
17.49195800
16.53516700
16.04120800
16.42945900
15.71220800
15.96333300
16.06845900
16.49337500
16.86475000
16.50166600
16.06291700
16.08537500
15.75987500
15.91158300
15.90495900
15.86720800
15.71404200
15.92070800
16.28591700
15.77316600
15.86520900
16.14579100
15.48858400
15.88533300
15.54187500
15.24375000
15.64258300
15.28587500
16.03412500
15.83854200
15.42983300
15.18845900
15.68612500
15.55037500
15.24366600
15.78487500
15.58087500
15.48558400
15.72408300
15.25887500
15.54158300
15.91170900
15.34383300
14.69033300
22.14375000
17.73179200
17.31266700
17.80195800
17.94500000
18.62050000
19.64616700
18.60441600
18.99641700
17.47370800
16.64208400
17.62070800
17.06679200
16.78325000
16.93591600
17.01166700
16.58287500
18.02733300
17.08933400
17.23975000
17.17004100
17.03245900
17.34908300
17.13650000
17.27333300
18.09941700
17.45279200
17.24770800
17.33437500
17.68975000
17.17925000
17.01612500
17.40550000
17.33237500
17.31000000
17.23179200
17.17929100
17.20866700
17.64237500
17.59145800
17.79345900
18.01125000
17.73583300
18.10883300
18.94004200
18.61216700
18.57875000
18.97704100
18.92058400
18.36283300
19.28050000
18.36912500
18.90250000
19.10400000
18.53379200
18.59237500
19.36912500
18.56229100
18.57733400
19.91091600
18.88612500
18.83983400
19.12100000
19.06825000
18.99095800
18.93266700
18.69137500
18.75279100
19.19095900
18.91116600
19.25779200
19.10745800
19.03316700
18.86045800
18.51854200
18.79025000
18.94516700
18.46779100
18.61020900
20.30991600
19.33745900
18.94058300
19.40479200
18.71370800
19.02291700
19.18404100
18.59887500
19.39575000
19.12650000
18.96866700
18.78616700
18.82529100
19.44641700
19.27458300
19.24304200
19.13479200
19.00800000
19.00025000
19.11054100
19.04800000
20.67995900
19.04008300
18.45095800
19.38216700
19.39658300
18.71983400
18.75962500
18.74025000
18.64229100
18.77441700
18.80591700
19.14291600
19.13645900
18.97600000
18.50750000
18.68204100
18.65862500
18.83954200
18.93125000
18.50583300
18.69550000
18.90216700
18.94254200
21.24675000
21.26087500
30.39833300
23.65825000
24.45929200
24.38458300
26.67820800
25.64012500
23.79162500
23.52170900
23.33329100
24.12850000
24.15966700
25.08291700
23.99808300
23.83295800
23.46075000
23.53887500
23.51770900
23.42504100
23.33345900
24.35229100
22.95945900
23.09695800
23.75083300
24.15875000
23.11116700
23.60262500
23.39704200
24.41333300
41.93166700
31.33070800
32.13425000
26.93704200
23.67375000
22.28208300
22.89204200
21.93658300
21.64462500
21.70158300
20.42970900
20.16500000
20.03045800
19.60633300
18.33162500
18.60891700
18.29004200
18.29729100
18.53254200
18.58637500
18.92300000
17.47816700
17.42300000
17.35404100
17.37008400
17.33725000
17.21358300
17.37387500
17.69291700
17.40725000
17.03195800
16.97108300
17.68395900
17.10454100
17.08408400
17.68804100
17.54812500
17.52920900
17.99929100
17.92533400
17.60612500
17.82270800
17.67020800
17.88720900
17.84879100
18.92412500
18.93633400
18.93870800
19.06229200
18.82775000
18.86329100
18.75208400
19.18170800
20.02654200
19.38695800
19.89108300
19.91258400
19.08645800
19.86866700
20.20979100
20.15050000
20.95383400
20.07645800
20.77995800
20.37608400
19.97450000
19.74383300
19.69612500
19.89779200
19.68570800
20.55554200
20.38879100
19.36366700
21.17241700
21.39204100
21.03870900
19.35270800
19.30316700
19.12633300
19.17025000
19.23900000
19.72154200
19.36558300
20.09366700
18.76450000
19.61512500
19.72979100
19.52645900
19.74787500
19.34875000
19.18325000
19.84329100
19.40358400
18.90604100
19.12500000
19.15970900
18.94600000
19.33954100
19.26879200
20.22112500
19.76366700
20.23437500
19.59458300
19.25395800
18.91312500
19.14120900
18.98820800
19.28420800
18.65683400
19.46483300
18.92520800
19.14000000
19.58616700
18.97937500
19.13541700
19.85412500
19.15458300
18.47229200
18.67591600
21.39800000
22.01095900
21.13279100
22.46487500
31.68604200
30.72491700
28.52550000
29.95300000
25.96954100
24.54470900
22.91875000
22.20850000
24.17108300
25.11454200
29.61520800
26.43945800
22.13520900
20.61908300
21.30625000
22.44195800
22.56079200
23.44625000
22.91250000
24.20058300
22.47558400
22.24275000
20.77816600
21.05045900
19.85058300
23.06833300
21.12066700
20.32470800
20.37033400
20.53279100
21.48341700
20.61191700
20.42825000
20.02104100
19.02912500
18.09037500
20.89958400
19.06966600
19.61379200
18.39862500
17.70879200
19.54250000
20.00654100
19.14183400
21.23379100
90.40933400
38.75566600
22.73445900
24.24958300
26.76158300
26.50341700
24.15358300
23.03729200
21.20975000
21.80300000
21.86475000
19.87733300
20.70191700
21.85187500
20.27212500
20.36737500
20.35529200
21.98616600
20.44512500
21.65116700
20.07937500
20.60712500
21.63175000
21.01641700
19.93991600
19.54308400
20.92504100
22.27220900
20.47195800
32.62879200
22.99479100
23.20850000
23.85191700
21.95100000
24.38800000
22.89862500
22.21600000
20.90750000
23.28679200
25.85879100
21.99158400
24.84666600
23.68620900
24.52666600
24.47170900
23.58554100
22.87745900
23.95991600
22.30104200
21.66529200
21.08750000
21.46879100
20.70429200
20.64404200
20.05687500
20.12525000
21.20200000
22.87104100
20.53950000
20.45195900
19.79345800
19.47050000
20.34675000
20.44879200
20.03320800
20.09975000
21.93591700
20.75079100
20.02620900
19.11458300
18.35925000
18.45620800
18.41641700
18.69700000
18.45266700
18.72258300
17.91212500
18.62720800
19.41479200
18.92425000
18.60229200
20.06204100
20.86666700
19.85054200
19.48687500
19.77633300
19.32600000
20.32466700
20.33829100
19.26608400
20.57929100
20.45470900
19.57379100
20.05783400
20.16983300
19.83883300
19.64454200
20.38450000
19.21950000
19.19562500
18.75908300
18.21533400
18.39704100
18.80037500
18.06983400
18.25466600
18.65675000
18.62437500
18.13116700
18.30170800
18.10050000
18.29520900
19.39291600
18.49758400
18.22291600
19.93575000
20.13175000
19.56433400
19.66966600
18.17887500
17.62545900
17.64350000
17.71845800
18.14637500
17.70583300
17.68104200
17.71229200
17.75383300
17.33312500
17.31858300
16.61554200
16.45825000
16.75462500
16.41170800
16.97670900
17.09866600
17.01666700
16.61304200
16.85029100
16.99608400
16.64954100
16.75245900
16.37975000
16.58016600
16.67500000
17.68866700
16.85275000
17.82420800
17.16129200
17.17258300
18.49129200
18.78841700
17.93512500
19.36741600
19.06329200
17.92420800
20.25283400
18.43150000
19.86433300
18.81995800
18.04454200
18.44658300
20.40366700
19.34670800
18.68158400
19.20141600
18.29287500
18.21641700
18.58437500
19.38787500
17.83829200
19.53933300
19.63712500
18.82645800
18.12595900
19.74616600
18.38475000
19.09116700
18.83691700
18.80600000
18.97766600
18.96087500
18.79129200
18.71220800
19.42483400
18.43395800
18.57133300
18.26787500
17.97483400
19.43508300
18.57937500
18.96725000
17.82008300
18.99325000
18.42083400
20.76712500
20.33133300
18.30037500
21.06450000
20.97133300
21.48316700
19.98633300
20.03383400
21.57487500
21.03041600
21.16945900
21.33208300
38.35062500
23.22291700
53.90379100
28.60366700
22.77812500
24.42062500
24.39445800
23.59400000
22.62804200
93.78325000
22.81379200
27.21854100
23.82850000
25.32191700
24.25970800
25.40612500
21.79583400
21.99329100
22.58987500
23.93779200
22.03691700
24.32566600
24.57487500
23.08854200
23.95479200
22.85979100
25.87291700
23.02429200
25.42387500
24.80925000
24.01783300
22.91820800
22.91958400
21.59075000
22.19383300
22.15820800
22.91350000
23.58050000
18.53579200
17.70070800
18.91237500
18.34916700
18.17812500
19.36320800
18.48420900
18.64637500
18.93887500
17.81158300
18.23720800
18.05383400
17.86429100
18.05804200
20.15275000
18.31879200
20.15108300
20.31500000
18.75233300
18.29475000
18.36441700
16.86400000
16.87758300
17.68808400
16.69208300
16.90095800
17.06412500
16.75954200
15.81229200
16.18212500
15.75725000
17.17020800
16.20054200
18.60333300
20.40637500
25.53941700
18.99537500
21.53270800
18.29229200
18.87725000
18.82133300
32.03537500
18.12050000
20.92558300
20.87500000
19.75566700
22.02620800
17.46075000
16.59895900
17.61700000
16.88741600
16.72062500
18.41333400
16.54433300
16.95800000
19.95808300
20.22858400
19.59470800
22.35187500
20.36941700
19.33108300
20.17533300
20.19308400
19.70741600
18.72641700
18.15687500
19.08979200
18.75962500
17.99675000
17.89958300
18.49808300
17.79041700
17.60900000
18.06850000
18.18429200
18.53595800
19.37412500
19.23141700
18.50425000
20.40545800
21.95958300
22.80450000
23.00429200
22.94275000
22.64875000
23.37095800
22.11704200
23.74787500
21.12850000
20.07850000
24.04620800
20.80862500
84.37370900
21.89704100
21.89341700
21.88975000
21.53275000
21.30125000
21.05120800
21.36333400
20.96250000
20.85404100
21.43820900
20.75800000
21.85116600
21.36104200
20.33925000
22.22658300
21.39895900
20.73612500
20.96804100
21.36095900
20.64700000
22.72891600
21.73350000
21.76141700
21.94500000
21.47179200
20.70475000
20.41545800
24.02737500
21.37854200
21.25620800
21.21812500
20.54754200
21.08200000
21.16237500
21.09400000
91.47345800
19.40166700
20.03741600
20.62170900
21.32754100
20.98645900
22.14516600
20.89104200
20.53404200
21.21716600
21.22650000
20.55562500
20.05887500
22.43166700
19.47975000
21.71929200
21.82758300
21.11412500
21.18554200
21.76645800
20.72308300
21.76016700
21.77304200
23.92325000
23.24120800
21.08366700
20.13554100
20.35125000
21.75220900
20.49066600
21.29858400
20.23966600
19.58191700
20.16054200
18.99258300
18.12633300
18.64629200
18.40891700
18.21750000
18.49304100
18.58275000
17.97525000
18.51137500
18.41683400
18.14879100
18.30970900
19.75662500
18.33670800
18.23537500
20.20750000
18.26095800
18.91400000
19.37475000
19.82520900
19.50600000
18.88104100
21.03908400
20.84966600
22.30325000
21.35037500
21.33141700
21.31316700
20.88375000
20.97504100
21.08779200
20.60641700
21.05333300
20.34470800
20.28479200
22.40733300
22.85312500
20.84987500
21.46758400
20.73683300
20.92033300
20.70245900
20.67425000
20.49133300
17.86212500
19.66020800
20.47395900
18.79033300
19.36404200
19.64687500
20.34429100
19.58558400
20.11525000
19.61075000
19.39895800
19.19079200
18.02558300
19.58841700
19.54320800
19.26829200
18.37958300
19.48841700
19.81470800
19.77108300
20.08183400
18.43479100
19.09191700
19.61887500
19.47604200
19.61125000
19.51604100
19.43775000
20.82683400
20.09266600
21.42641700
20.04304200
19.37733300
20.00233300
21.47595900
22.26083300
22.14804200
22.88462500
23.21433300
22.61612500
23.11812500
24.36429200
24.92354100
28.41008400
30.66991600
25.70112500
28.40541700
26.36962500
25.82783300
25.69187500
25.06945900
24.98429100
25.34720900
25.48666600
23.12450000
21.50508400
21.45966600
23.63954200
22.08508300
21.53429200
21.09895800
20.44887500
19.78470900
20.15912500
20.10637500
20.13329100
19.72983400
20.55687500
20.51941600
19.98120900
19.88954100
19.51700000
20.40695900
20.09500000
19.86116600
19.39125000
19.96604200
19.46508300
18.50837500
19.11275000
18.56583400
18.09600000
18.12233300
18.14508300
17.82504200
18.31966700
18.16775000
19.27162500
18.57295800
17.71400000
17.84108300
18.29958400
19.75725000
19.99833300
20.42495800
20.26508400
20.52683300
19.95729200
19.73950000
19.65325000
18.54820800
18.92016700
18.02266600
18.38741700
18.00008300
18.74900000
18.53241700
18.66225000
18.49912500
18.39666700
17.76558300
18.83750000
18.80116700
18.41958300
17.78654200
18.30170800
18.39279200
18.44283300
17.74270800
17.73791700
18.07508300
18.34429200
19.66783300
19.61237500
18.00295900
19.04487500
18.92079100
17.82141700
19.61337500
19.73075000
20.34037500
20.37225000
19.57712500
19.26608300
19.23912500
19.00337500
17.68037500
17.58308400
17.61583300
17.77133300
18.15195900
17.85816600
17.43854200
17.71450000
17.63250000
17.43750000
17.43312500
17.16312500
16.29175000
16.56891700
16.49554100
16.26970900
16.39508300
16.25841700
16.05408300
16.68991700
16.28716600
16.05491700
16.98345800
16.71991700
16.60095800
16.61625000
17.79991700
17.88004200
18.46900000
18.10050000
17.62787500
18.34987500
17.93695800
17.58216700
18.35941600
18.63058400
17.63012500
18.35200000
18.06341600
18.08008400
19.32300000
19.36770800
18.17987500
18.52108300
18.24850000
19.78125000
19.78208400
18.69245800
18.08325000
19.30179200
19.39616600
19.18970900
19.96541600
19.30566700
19.12029200
19.70929100
18.28537500
17.62695900
18.20708300
18.90525000
20.16904200
19.71141600
19.31687500
18.34141700
18.73316700
17.97895800
18.32266700
19.15970800
19.59145800
18.29408400
18.46679100
18.20058400
19.09925000
19.10316600
19.07212500
20.05612500
19.18341700
18.48320800
18.19741700
17.92837500
19.33470800
21.60262500
20.35933400
20.53337500
20.02216600
20.59412500
20.01995900
19.01916600
19.26916700
19.95133300
18.77058400
18.52104100
20.06825000
19.45675000
19.39891700
18.71962500
18.67487500
20.88500000
18.83312500
18.98958300
19.22983400
17.81725000
20.07270800
18.73908300
19.63337500
19.45291700
19.62175000
20.17741700
19.28504100
19.72991700
18.48070800
19.23320900
19.90816600
18.04833400
18.56904100
18.98837500
19.27033400
18.18737500
19.62037500
19.60912500
18.38420800
18.88450000
18.50212500
19.18287500
19.70933300
18.60616700
19.06270800
17.82950000
18.63208400
18.27770800
18.39779200
19.42091600
18.61395900
18.37483300
18.64316700
18.25791600
19.33175000
18.43979200
18.38275000
18.53808300
18.94487500
19.43750000
18.27983400
18.44020800
19.19675000
17.85875000
18.27450000
19.79350000
19.09737500
19.19420800
20.02704200
18.74362500
19.23637500
18.82675000
18.85600000
18.73704200
18.74354100
18.65683400
18.73295800
21.53191700
20.79358300
20.19725000
19.56091700
19.42720800
20.42937500
20.69800000
19.00041700
20.31170800
19.79754200
19.67362500
18.82612500
18.86845800
18.91495800
17.72712500
17.59158400
18.57387500
17.89216600
18.09212500
17.77254200
18.83370800
18.38745900
17.80000000
17.90691600
17.62441700
17.76966700
17.51645800
17.58362500
17.72179200
16.94725000
16.56037500
16.54891600
16.75745900
16.31225000
17.08879100
18.14875000
18.05062500
18.77408400
18.37745800
17.88316700
18.36825000
17.95454100
18.34704200
18.48966700
18.35291600
19.07062500
18.38208400
18.30016600
17.81904200
19.13875000
18.35687500
18.51270800
19.47320900
18.39141600
19.94687500
18.76437500
18.52445900
19.30245800
18.39233300
18.77133400
19.14166600
18.80079200
19.70425000
18.93583300
19.78737500
18.75316700
19.16708300
18.62695900
19.77800000
19.10629100
19.05500000
19.30000000
18.48016700
19.75320800
18.49208400
19.61295800
18.34450000
19.25895800
18.28341700
19.37550000
18.44937500
18.05470800
19.48412500
18.35741700
18.75095800
18.08050000
18.52583400
18.05566600
20.07225000
19.13620900
19.54862500
18.20254100
17.80920900
18.79950000
19.26812500
18.72716600
19.61525000
18.35387500
20.87958400
18.73420800
18.67745800
18.28762500
18.71133400
17.94950000
18.62604100
18.60704200
18.22358300
18.97625000
18.23629200
17.90145800
17.71175000
17.99816700
19.58637500
19.44116700
19.33387500
19.40408300
19.40658300
18.64200000
17.89887500
17.98012500
17.99375000
18.49558400
18.44608300
18.96962500
19.86725000
18.96862500
18.99108300
18.60304200
19.07179200
18.92729100
18.06537500
18.19091700
18.11445800
19.32133400
17.86870800
18.83470800
18.48487500
19.05350000
18.41762500
18.35208400
18.57166600
18.77241700
19.54991700
18.73583300
18.58262500
19.27054200
18.23691600
19.50129200
18.34320800
18.66450000
19.08579200
19.68987500
18.84283300
18.35650000
18.59508400
18.36979100
18.20145900
18.18641600
18.56079200
18.43691700
19.13962500
18.11450000
19.43416600
18.24016700
19.47483300
17.71833400
18.39754100
19.57133400
19.42129100
18.47345900
18.42625000
18.54016600
18.48662500
19.15916700
18.76608300
20.18387500
20.45516700
18.84154200
19.10116600
18.89341700
18.80208300
19.18395900
17.45787500
17.76866600
17.60325000
17.57387500
17.43670900
17.56395800
17.46304200
17.28204100
17.37241700
17.95129200
17.50383300
17.44358300
17.60837500
17.46758400
18.07391600
17.26837500
16.63620900
17.04595800
16.38183300
16.49404200
17.71704200
16.58900000
16.93708300
17.34041700
17.44562500
18.16570800
18.62570800
18.08975000
17.90125000
18.13604200
17.97033300
17.70520900
18.40704100
19.63558400
20.20816600
19.88633400
19.44070800
18.36570800
18.70529200
20.00966700
19.55887500
19.67458300
19.81675000
19.37487500
19.42341700
18.42762500
19.63337500
18.59350000
18.41154100
18.74516700
18.38495800
18.23020900
19.14366600
18.95000000
19.29220900
19.27608300
18.25783300
18.88654200
18.88329200
21.33633300
22.18070800
20.64908400
21.50937500
20.14320800
20.26700000
19.84820800
19.79312500
20.06220900
19.58708300
19.07591700
19.38508300
19.33904200
18.66095800
19.59612500
18.80458300
19.21979200
20.16804200
18.99795800
18.65937500
18.61937500
18.35941700
18.34541600
18.22887500
19.73966700
19.04541700
19.34504100
18.90850000
19.51020900
19.71141600
19.29408400
18.30983300
20.16116700
18.54479100
19.56100000
18.31295900
18.40595800
19.88479200
18.24825000
18.66145800
18.38433300
17.98462500
18.10133400
19.53729100
19.05158400
18.48666600
17.92158400
18.07129100
18.27104200
19.57604200
18.39629100
19.52175000
18.58891700
19.40112500
18.67245800
17.77608400
19.81491600
19.08712500
18.80770900
18.64320800
19.10062500
18.65900000
19.54187500
18.66625000
18.56975000
19.20254200
19.84958300
18.45766700
20.74904100
19.21108400
19.79225000
18.57720800
18.46237500
20.70637500
18.48458300
18.74454200
19.17208300
19.01145900
19.68787500
19.79445800
18.44266700
18.80233300
20.11462500
20.12516700
19.76179100
20.61183400
19.77016600
19.28895900
19.09808300
19.84529200
20.02370800
20.25437500
19.10950000
18.58262500
18.70387500
19.28729200
19.04012500
19.09041600
20.12475000
20.96800000
19.74675000
19.51895900
19.42525000
19.66529100
17.94304200
17.96033300
18.10095900
17.80837500
17.82179100
17.86425000
17.88216700
18.13129200
17.63691600
19.38850000
18.08491700
17.30808300
16.60116700
16.79754200
16.80087500
16.58225000
16.10883300
17.72862500
16.51925000
17.21054200
16.98583300
17.54575000
16.90608300
16.72354200
16.46795800
16.58195900
17.54275000
17.71808300
19.51250000
18.27333300
18.36050000
18.73212500
18.48308400
17.93062500
19.37408300
19.09891700
17.98637500
18.38512500
18.59375000
17.90583300
18.31637500
18.47641700
17.99508300
18.39216700
20.48900000
19.01133300
19.26791700
20.37883300
20.87004200
19.07675000
18.86062500
20.56729100
19.88175000
20.59004200
19.50966700
20.90883300
21.27879200
21.24116600
21.47254200
21.20120800
20.55983400
20.53695800
20.40158300
21.53604200
19.48500000
21.46345800
20.88562500
21.24858400
20.56683300
19.81341700
21.01183300
21.94125000
20.72033300
21.04045900
20.53870800
19.47533300
20.23141700
20.81362500
19.33233300
20.12391700
20.32420800
19.48900000
20.27020900
19.00079100
18.91333400
21.48629100
19.61970900
20.49454100
20.15791700
19.96479200
19.93100000
20.24962500
19.24708300
19.11475000
17.97308300
20.20950000
19.24025000
20.30420900
19.32887500
19.19895800
18.93470800
19.71541700
19.41320800
18.66708400
18.53108300
18.18554200
18.39345800
19.77904200
18.49629100
19.50862500
19.38662500
18.22129200
18.60675000
19.55983300
19.17929200
18.51933300
19.77491700
18.95733300
19.98825000
19.00637500
18.50520900
20.14450000
19.46004100
18.52658400
20.18987500
19.17070800
18.28775000
19.66808300
18.84054200
18.40637500
18.50758300
19.66433400
17.69704100
18.95633400
18.40200000
19.40433300
17.82433300
20.06895900
19.50158300
20.41962500
21.97250000
19.13379200
21.74129100
23.63737500
20.41037500
21.67079200
21.92783300
18.69366700
20.80533300
19.74162500
19.45404200
19.89941700
19.28537500
18.90483300
19.43075000
19.49691700
19.03945800
19.69800000
19.58433300
18.91312500
19.30800000
19.65891700
19.19579200
21.32279100
20.75116700
18.79462500
18.92445800
18.55470900
18.61900000
19.35445800
19.11345800
19.25145900
20.08408300
19.65233300
20.13420900
20.43895800
21.14937500
19.89379200
20.36254100
19.59416700
19.66604200
21.38470800
22.13962500
23.26520800
22.61650000
22.92450000
22.93187500
24.89079200
22.23708300
21.27570900
21.53091600
22.91512500
26.91220900
24.68479100
25.66050000
25.42420900
25.02150000
29.09241600
28.47591700
35.02320800
43.79975000
40.41120900
42.95750000
30.60429100
31.71245900
29.97195800
28.35866700
28.89716600
28.83895900
27.79929100
27.60150000
23.70025000
24.10912500
24.24983400
23.73595800
23.69300000
24.71691700
26.97462500
21.73162500
21.83158300
21.18995800
20.93687500
21.41300000
20.95483400
21.16133300
21.12650000
20.12633300
21.42541700
19.78316700
19.05641600
18.94104200
19.89183300
20.27454200
19.43287500
20.07137500
19.61341700
19.79995800
19.65925000
20.02075000
19.40862500
19.57691700
19.70300000
19.26095800
19.76454200
19.62237500
19.78416600
19.43983400
19.31225000
19.57550000
19.39633300
19.63425000
20.22562500
19.16150000
19.32929200
19.66404100
19.62158400
19.29495800
19.53741700
18.94354100
19.02279200
20.26316700
19.38737500
19.47279100
18.78558400
19.40145800
18.19629200
18.72708300
18.75529200
18.80570800
19.66583300
19.39029200
18.19379200
19.63495800
19.22862500
18.94137500
19.47800000
19.19258300
19.21720900
19.55420800
19.24866700
18.06158300
18.83225000
19.14141700
19.07787500
18.34629100
19.65095900
18.78245800
19.67712500
19.04787500
18.97262500
19.29179200
19.61775000
19.50691600
20.42220900
20.60583300
20.98129200
20.96220800
20.77233300
21.28579200
21.06929200
19.86400000
20.09200000
19.76429100
21.41454200
19.78491700
19.33287500
19.74020800
18.63433300
20.12483400
20.02595800
19.79575000
19.26091700
21.03795800
20.35787500
19.54929200
19.06491600
19.71787500
19.23858400
19.08716600
19.65758400
19.42883300
18.97583300
19.44208400
19.24400000
18.73991600
19.49312500
20.19625000
19.01320900
19.64433300
19.13741700
19.51479100
22.01370900
20.61266600
20.23025000
19.88283400
19.37275000
18.86325000
19.16812500
19.01141600
18.69920900
18.85279100
17.89054200
17.08375000
17.89216700
17.61012500
17.41316600
17.66191700
17.42695800
16.98466700
17.81008300
17.68437500
17.59504200
17.36858300
17.32025000
17.49962500
18.04537500
17.33333400
17.62937500
17.05416600
17.90058400
16.95470800
18.74733300
18.10225000
17.68158400
18.13150000
19.17304100
18.88158400
18.71562500
17.93900000
18.22637500
18.43141600
17.47970900
19.22670800
17.87670800
18.30270900
19.93812500
19.54133300
20.19479200
20.17983300
19.78529200
20.44820800
19.47500000
20.26429200
19.80937500
19.78133300
19.35970800
19.22270900
18.60429100
19.50491700
18.50125000
18.45754200
18.64987500
17.81058300
19.56212500
18.36629200
19.33987500
18.61720800
19.20604200
20.16416600
19.86812500
19.83116700
19.47179200
18.63145800
19.70208300
18.24537500
18.87350000
19.82700000
19.77641700
19.90883300
18.63516700
19.95058300
17.71087500
20.21941700
19.81458300
19.22087500
19.09133400
19.61279100
20.72525000
19.97587500
20.25387500
19.67883400
18.44750000
19.21604100
19.02616700
19.93775000
19.18370800
19.73737500
19.50858400
19.78558300
18.33837500
19.54016700
18.89375000
20.15116600
19.43095900
18.45700000
20.22379100
19.44220900
20.65229100
19.74737500
19.02858400
20.40591600
20.24200000
18.72437500
19.52625000
20.45633400
19.62937500
19.09529100
19.33987500
18.08941700
20.10270800
19.60866700
19.37175000
18.82687500
20.08062500
18.34016700
19.72504100
20.09416700
19.86604200
19.60595800
19.49908300
19.92637500
19.43308400
18.31295800
18.66725000
18.95033300
21.09662500
20.09458400
19.39875000
22.09845800
20.47395800
20.51262500
19.90954200
20.28266700
20.06883300
19.61083300
20.08025000
20.64837500
18.70062500
20.61054200
19.02362500
19.91512500
20.58025000
18.27583300
18.29879200
17.95987500
18.25770800
17.32795900
18.78350000
18.05620800
18.14812500
18.00616700
18.38837500
17.67320800
18.24187500
19.12287500
19.01258300
19.14945900
17.88858300
19.69454200
18.72441600
18.99891700
16.97350000
16.86729200
15.60550000
15.40729100
15.98158400
15.44491600
16.55129200
17.11929200
15.74616600
15.68220900
16.21691600
15.56708400
16.02466600
15.54800000
15.52058400
16.02441600
15.42970900
15.70720800
15.43983300
15.67616700
15.19762500
15.83129200
15.46916600
15.34379200
16.27808300
15.96195900
15.33395800
15.93912500
15.94591700
15.50275000
16.07195800
16.92166700
16.82737500
17.15179100
16.83008400
16.50929100
16.75879200
16.53912500
16.38787500
17.13391700
16.50608300
17.39479200
16.91504100
16.48245900
16.39583300
16.75925000
16.61379200
16.23650000
16.72616600
16.41466700
16.33800000
16.74204200
16.50004100
16.54016700
16.78033300
16.62687500
16.24954200
15.91820800
15.52554200
20.56558300
18.40441700
17.20570800
18.73779200
17.22758300
18.71095900
18.74200000
18.57950000
18.40795800
18.58837500
18.90404200
18.24241600
17.56158400
18.03975000
18.13645800
18.55604200
17.96245800
16.17462500
19.82687500
20.14708300
19.12650000
20.15466700
20.34429200
20.92912500
20.37891600
19.43666700
19.21487500
20.29516700
21.80245800
20.21512500
20.67595800
20.04637500
19.82112500
20.52745900
19.91412500
19.78879100
21.24966700
20.49604200
20.15900000
20.55262500
20.02520800
20.02837500
20.44912500
19.85179200
19.81662500
20.71879100
20.15216700
19.80679200
20.35520800
20.03370800
18.93337500
20.51400000
19.86312500
19.69962500
20.37470900
19.84537500
20.08891600
20.08016700
19.22345800
21.07870900
19.78645800
20.81420800
20.14916700
21.36625000
19.88754200
20.57850000
20.57416600
19.98279200
20.22958300
20.15904200
19.65283300
20.22270900
21.42720800
20.58912500
20.96558300
20.35916700
20.05362500
20.53216700
19.96308300
20.64233300
20.85533400
22.59800000
21.04116600
21.57987500
21.32583400
20.96191600
21.40645900
20.67920800
20.08804200
20.79508300
20.47858300
20.79520900
20.73387500
20.32750000
20.50187500
21.11929100
20.13012500
19.88833400
21.19487500
20.40362500
19.71637500
20.37170800
20.25383300
19.98145900
21.49404100
23.47445900
21.63762500
21.59387500
19.60483300
19.95808300
19.76375000
20.34033400
19.80120800
19.57108300
20.08462500
19.85529200
18.74625000
18.17687500
18.39154200
18.18329100
17.86037500
19.41945900
18.65779100
18.05300000
18.70895900
18.38816600
18.07300000
18.34833400
18.07525000
18.02991600
18.27841700
18.14608300
17.99379200
18.79450000
18.86037500
18.57275000
19.09404200
18.88762500
18.79570800
19.51941700
20.44341600
20.24633400
20.62600000
20.30158300
20.03708300
20.68425000
20.20279200
19.92833300
20.14358400
19.06941600
20.00662500
20.46095900
19.07325000
20.17316600
19.80104200
20.01133300
19.86741700
20.48816700
18.94120800
19.88587500
20.32679200
19.89008300
20.21104200
20.29875000
20.52270800
20.40995800
20.33679200
21.03379200
20.22433300
20.11016700
19.22883300
20.32379200
21.30408300
20.65108300
20.46554200
20.58800000
20.19137500
20.70520800
19.48466700
21.28195800
20.77329200
20.31279200
19.15445800
19.43579200
20.06487500
20.06604100
21.46416700
20.10212500
20.35766700
19.40004100
20.29579200
20.36079200
19.24091600
19.01358400
20.33420800
20.69066700
18.98541600
18.93275000
19.66554200
19.27029200
19.03929100
19.15833400
19.09020800
18.81983300
20.02450000
18.50808400
19.31245800
19.81425000
18.37395800
18.76212500
20.22062500
18.96183400
19.32933300
19.55491700
23.36458300
20.87841700
20.28045800
20.09962500
19.33329200
19.59266600
19.09458400
19.31620800
20.41516700
19.81054100
19.91566700
19.25883300
18.92462500
19.32666700
20.09012500
19.51970800
19.76187500
19.00929200
18.94850000
19.11670800
19.56491700
18.75566700
19.18000000
21.30837500
20.70187500
19.63737500
19.19745800
19.89341700
19.49358300
19.31691700
19.03450000
19.66537500
19.45208300
19.90470800
19.28220900
19.22741600
19.17629200
19.20679200
19.37275000
21.73612500
19.86620800
20.05995800
19.38475000
19.71679200
20.07554200
19.18504100
20.51120900
18.39950000
18.21625000
18.55908300
18.48991700
18.11137500
18.34095800
18.23833300
18.09908400
18.95037500
18.23862500
18.35204100
18.34775000
18.05695900
19.27562500
18.09729100
18.18137500
18.78012500
17.91591700
18.37175000
18.31854200
18.15575000
18.52562500
19.22837500
19.64658300
20.15616700
20.65012500
19.94520800
20.06295800
21.05912500
20.11150000
20.15737500
20.44808400
19.83595800
19.66445800
20.23541700
19.64916700
20.18054100
19.58633400
20.82108300
18.82508300
21.26150000
19.51037500
19.23491700
19.73400000
19.22400000
18.68654200
19.70408300
19.18520800
19.47733400
19.77916600
18.61891700
20.71175000
19.63045800
21.38379200
19.89025000
19.21283300
21.01979200
19.35112500
19.20441700
21.41545800
20.44725000
20.79958300
19.73570900
20.03579100
21.00216700
20.86637500
20.44275000
20.01112500
19.41254200
19.57208300
19.47195800
19.36245900
20.09091600
19.57358400
19.35812500
19.82641600
19.77900000
19.53983400
20.78854100
20.86787500
21.09762500
21.04720900
20.01691600
20.07150000
20.12654200
19.27854200
19.39250000
20.65675000
19.49900000
21.51991600
20.35291700
20.96325000
19.36758300
20.72891700
19.46791700
19.36033300
19.60966700
19.39891600
18.67633400
19.53250000
19.02545800
19.14683300
19.74295900
19.32545800
19.34212500
19.94325000
24.58762500
22.13591700
33.70229100
26.09766700
27.54720800
24.74308400
30.56954100
24.64362500
24.05025000
21.52183400
21.29933300
21.64095800
21.37883400
21.17604100
20.94325000
20.68579200
20.89716700
21.58108300
20.97320800
22.41429200
20.34033300
19.45125000
19.66191700
19.58250000
19.46516700
19.30545800
19.39533300
19.69191700
19.57450000
19.29708300
19.77008400
20.15737500
21.06208300
19.89375000
19.98758300
21.74470900
19.81279100
20.40145900
19.15766600
21.07004200
21.70683300
20.22054200
20.31729200
20.52570800
18.72566700
19.77712500
20.29141600
18.69058400
19.92908300
20.30108300
22.90066700
19.29866700
19.68875000
18.95079100
19.33258400
20.66570800
19.25300000
18.93637500
17.99620800
17.52620900
17.34508300
17.55291700
17.43750000
17.57458300
17.81854200
17.71829100
17.63987500
17.62112500
17.61308400
17.81087500
18.04395800
17.65816700
18.04129100
17.55995900
17.56579100
17.74595900
17.75429100
17.80800000
19.01045900
18.41108300
17.91454200
18.42437500
20.06491600
19.31341700
19.43070800
19.43745900
19.28408300
19.80104200
19.25366600
19.28858400
19.36291600
19.30966700
19.40570800
19.44800000
19.58841700
18.94429200
19.51016600
19.28137500
19.25908400
20.48208300
19.43208300
19.52654200
20.28520800
19.65233400
19.55529100
20.21166700
19.77550000
19.52945800
21.23762500
20.35787500
20.35112500
20.18754200
19.52200000
19.66570800
19.68583400
20.01970800
19.72358300
19.29104200
18.75379200
18.46837500
19.72133300
19.26529200
20.19679100
19.64241700
18.90933300
20.05958400
20.03341600
19.48587500
19.61925000
19.32245900
18.69195800
20.67895800
19.56266700
19.35566700
19.17525000
18.40933300
19.26125000
19.87450000
19.37316700
18.58966600
18.64687500
20.79970900
18.72087500
20.53441600
19.54033400
18.93054100
19.17150000
19.70337500
19.41875000
18.66875000
19.71595900
18.09370800
19.90900000
18.31570800
20.35125000
18.84987500
20.45529200
19.10275000
21.31708300
19.68008400
19.60408300
20.15645800
19.78162500
19.83350000
19.98845900
19.63895800
19.45837500
19.55558300
19.17737500
19.39012500
19.44687500
19.35062500
19.53791700
19.18191700
19.94129100
19.67129200
19.44220800
19.66533400
19.61429100
19.38379200
19.24704200
19.61137500
19.44470800
19.32508300
18.59350000
20.37208400
19.03000000
19.05016600
20.16833400
18.93337500
19.42412500
19.37104100
19.21329200
19.51770800
19.07741700
19.29575000
19.53533300
20.19225000
19.29095900
19.40512500
19.64000000
20.61700000
19.88929100
19.54904200
19.23525000
20.04100000
19.48200000
18.93329200
19.78158300
19.32095800
21.43516700
22.41383300
21.26541700
21.04695800
20.30683400
19.28937500
18.83891600
19.23925000
19.40833400
19.24712500
18.90329100
18.66858400
18.94225000
17.70425000
17.19516600
17.12595900
19.02633300
17.44666700
17.42116600
17.18995900
17.10420800
20.04658300
17.68529200
17.83758300
18.16520900
17.77158300
17.69650000
17.98895800
18.16987500
17.74825000
18.68537500
18.74020900
18.36716600
18.77550000
18.71325000
18.15125000
19.09616700
19.44233300
18.76483400
20.92645800
20.05545800
19.86683400
20.50179100
19.95708400
21.29045800
21.11066700
20.25312500
19.60945800
20.61912500
20.01670800
19.86541700
20.32270800
20.31812500
20.83279200
20.23779200
20.31716600
19.75550000
20.53645900
20.25875000
19.37616600
19.51620900
21.73266600
19.87133400
19.64354100
19.94187500
19.89033400
20.00095800
20.23104200
19.32983300
21.08233300
19.85175000
20.05754200
19.87866700
19.78775000
19.96495800
19.94195800
19.84529200
20.03866700
19.53095800
19.24050000
19.89075000
20.84712500
19.74158300
19.72150000
20.61970900
19.23658300
21.18012500
21.32533300
20.26733400
20.56804100
20.42279200
20.35258300
21.08975000
21.26316700
21.20458300
20.71170900
20.49558300
20.03337500
20.64433300
20.19679200
19.59329200
20.02575000
21.47970800
20.76195800
20.19320900
20.62470800
19.93904200
20.22470800
19.88070800
21.03058400
20.97945800
20.56258300
18.98020900
21.86075000
19.57658300
19.91550000
19.44816700
21.53470800
20.51837500
20.61216700
19.92220800
19.50433300
21.37495900
20.40958300
20.49004200
20.85579100
20.19900000
19.85483400
20.17141600
19.53712500
19.68262500
19.37229200
19.34912500
19.65987500
19.12812500
19.24179200
19.54729100
19.58650000
19.22883400
20.23520800
19.86075000
19.91983300
19.96479200
20.08808300
19.28837500
19.57904200
19.24250000
20.01300000
20.54958300
19.77929200
19.04400000
19.54904200
19.85850000
22.45020800
20.24270800
18.75087500
20.38466700
20.38662500
19.78900000
19.80891700
20.03050000
20.02579100
19.72250000
20.81379200
24.35262500
23.44850000
22.79275000
21.63145800
21.77791700
20.79070800
25.47933400
24.30633300
25.27870800
23.68379200
25.46291700
24.03437500
22.71350000
24.14466600
22.74729200
22.14416700
26.83225000
25.47954100
24.49995900
23.28433300
26.80445800
25.07925000
21.73912500
23.75275000
25.21870900
22.50904100
22.77595900
25.74229100
26.25762500
23.70920900
22.99516600
23.78791700
22.88641700
21.18850000
21.60100000
20.54512500
22.27487500
22.67350000
23.05258300
23.27333300
26.11791700
26.16462500
25.23175000
27.37200000
23.99166700
27.99541600
27.11920900
23.62112500
23.48779100
21.92904200
21.86337500
23.25237500
23.71279200
25.44287500
27.56495800
26.08545800
110.83387500
50.16620900
31.82054100
29.11095900
28.27504100
24.53362500
23.74775000
23.86566700
24.38137500
23.99945800
25.42216700
23.19062500
23.22300000
21.55083300
21.35687500
21.98500000
22.87766700
23.67491700
21.87287500
21.35050000
21.06391600
20.97187500
21.98041700
21.97175000
28.08912500
20.92487500
23.18758300
23.16000000
22.42233400
22.34550000
22.42770800
22.14162500
24.14529200
23.14766600
22.68575000
21.47291700
21.40341700
21.66829100
19.68508400
19.66820800
20.54225000
20.54437500
21.98208300
23.05345900
22.16120800
22.38000000
23.97591700
29.50095800
26.16529200
26.77304100
27.90904200
27.33008300
27.66433400
25.69700000
25.45587500
26.91516600
25.59500000
24.46791700
23.97054200
23.81070800
24.34916700
24.10625000
24.04137500
24.67600000
26.15783300
26.23666700
25.44691600
24.12870900
22.46550000
21.54600000
21.23529100
21.42716700
21.96800000
21.94654200
21.52362500
21.25312500
20.92879100
21.17925000
21.47950000
25.39412500
26.11979200
25.55391700
30.14820800
33.44345800
29.65445900
25.90429100
23.07758400
23.75295800
22.28500000
21.53429200
20.81091600
20.85641700
21.02112500
22.96666700
20.81441600
19.25820900
19.35170800
19.70145800
19.61995900
19.36750000
19.32716600
19.22262500
19.29804200
19.09237500
19.11662500
18.22995800
17.51175000
17.65308400
17.33979100
17.74916700
17.25683300
18.71541700
18.09462500
20.35575000
19.89408300
19.85558400
20.02762500
19.64487500
19.78920800
19.59050000
19.37654200
20.33587500
19.75204100
19.14054200
19.58241700
19.57616600
19.22916700
19.32212500
19.80904200
19.57958300
19.49429200
19.32804100
19.12691700
19.50504200
19.56795800
20.05733300
22.50533400
23.64345800
22.27104200
23.73054100
25.92604200
24.70220800
24.35062500
24.05583400
23.59966600
23.46212500
23.53762500
24.33045900
22.11708300
22.10845800
21.20512500
20.95762500
21.47237500
21.27450000
21.41779200
21.13041700
21.20625000
20.65562500
22.24695800
20.73604200
22.47983300
20.73091700
19.29758300
20.34987500
20.68108300
19.98037500
20.11562500
20.05491700
20.59229200
22.31862500
20.14470800
19.88904200
20.39612500
19.73695800
19.29158300
19.67775000
20.05904200
20.74695800
19.99295900
20.08529100
19.40587500
19.89308400
19.63720800
19.79712500
19.22612500
20.75404200
20.26466600
19.60500000
19.66112500
20.90104200
20.57579200
19.80270800
19.87145800
20.31091700
19.17037500
20.85554200
20.27345800
21.45412500
20.35745800
19.64929200
20.46704200
20.72683300
20.90645800
19.59191700
19.71208300
20.55320900
20.23362500
19.04608300
20.13129200
19.39616600
19.52479200
19.63804200
19.66429100
21.02716700
19.52320800
20.02687500
20.07262500
20.02116700
20.67954200
19.87191600
19.67854200
19.50991700
20.11725000
19.92595800
19.14579200
19.67395800
19.39754200
19.11162500
19.66866600
19.48212500
19.16658400
21.10220800
19.51279200
19.21883300
19.72987500
19.43870800
18.85845900
21.33204100
19.73441700
20.05429200
20.30745800
20.31625000
19.50933300
20.03166700
20.47608300
22.73816700
21.57937500
21.00595800
20.87650000
19.78245900
18.93825000
19.19570800
19.42966700
19.49020800
18.72337500
19.17125000
19.10383300
19.00020900
18.76266600
19.39920900
17.53066600
18.12566700
17.70933300
17.73383400
17.57879100
17.59412500
17.31250000
18.88937500
18.05991700
18.10504200
17.83087500
18.36683300
18.01620800
17.42595900
17.77975000
19.79675000
19.33645800
19.53100000
19.69566700
19.46429100
19.14970900
19.64945800
19.21666700
19.37833300
19.41525000
18.96062500
19.00445800
19.88229200
21.54716700
21.12270800
20.21279200
20.18558300
20.66537500
21.13383300
20.79366700
20.40587500
20.48966700
21.24487500
20.91687500
22.34145800
20.86816700
20.18200000
21.00741600
20.56704200
20.48466700
20.84658300
20.98483300
20.27200000
20.52029200
20.42329200
20.29466600
21.08404200
20.23425000
20.37516700
21.08995800
20.59187500
20.46500000
20.91045800
20.49375000
21.51200000
21.05987500
20.25825000
20.41204200
20.24154200
20.14079100
20.69237500
21.66170900
20.67954100
20.44833400
20.23429100
20.37045900
20.30391600
19.76120900
19.97533300
20.56175000
20.34933300
20.61100000
21.61370900
21.01641600
20.21587500
20.50083400
20.01195800
20.07291700
19.64600000
21.31837500
20.14833300
21.46158300
20.68716700
20.23758300
20.31387500
20.14133400
19.95025000
20.53958300
20.21091700
20.43870800
19.83008300
21.32358400
19.79816600
20.17654200
19.73800000
20.23862500
20.06800000
20.00237500
19.64758300
20.26791700
19.69737500
19.90558300
19.99620900
21.28158300
19.98791700
19.61687500
19.74154100
20.05804200
20.43866700
20.76916600
20.64995900
19.98520800
19.44262500
20.56979200
20.02150000
20.33975000
20.03162500
20.83179100
19.91466700
19.91608300
19.62433400
20.15420800
20.33604200
19.78654100
19.74779200
19.75795800
19.59729200
19.40245800
19.72495900
19.51858300
19.78020800
20.71266700
19.49654200
19.86704100
19.95412500
19.95737500
19.92495900
19.93970800
19.73933300
20.55695900
21.59883300
21.94454200
21.67183300
24.16237500
22.41475000
21.69325000
21.40379200
19.47650000
19.34554100
19.87354200
19.82600000
19.55004200
20.15483300
19.22787500
19.24883300
19.60862500
19.09462500
19.77458400
19.36304100
18.44175000
18.31370900
17.95650000
18.51229100
18.40737500
17.85275000
17.94325000
18.03845900
18.51783300
18.53020800
19.93225000
20.19245900
20.01508300
20.33625000
19.68616700
19.75695800
20.13108300
19.80708400
20.11904100
21.37950000
20.98708400
26.36200000
25.11983300
22.61912500
21.79558300
21.65258400
21.44691600
19.82983400
21.15933300
19.83433300
20.33245900
20.67141600
19.91158400
19.56754100
20.15875000
20.02158400
19.86445800
20.90362500
19.46525000
20.56066700
20.47079100
20.05412500
20.43079200
21.93066700
20.04083300
19.73754200
20.44087500
20.77212500
21.52291600
21.21633400
22.24537500
21.84187500
20.54091600
21.85537500
23.00895900
21.74729100
22.04266700
21.82595800
21.59366700
21.83966700
21.86141600
21.59020900
21.10337500
20.53675000
19.30250000
20.59254100
20.73479200
20.85737500
19.90520800
21.67170900
20.86612500
19.88120800
21.84945800
19.79154200
19.78612500
19.89875000
20.24750000
19.95383300
20.35570900
19.86325000
19.75075000
20.28108300
19.90662500
21.14633300
19.70283400
19.56475000
19.42987500
19.79883300
19.49654200
19.52975000
19.63950000
20.07866600
20.67962500
19.77879200
20.93354200
21.46291600
18.24087500
16.80979200
17.17300000
19.12770800
17.66208400
17.45404100
17.38670900
17.19354100
17.07954200
17.23258300
16.88329200
17.15391700
16.97729100
16.95795900
16.80816600
17.22616700
17.31495800
17.74112500
16.77895900
16.98300000
17.29337500
17.01325000
16.68541600
17.36262500
16.88558400
16.62141600
17.18866700
17.92208300
17.29300000
19.06237500
17.37383400
17.25770800
17.31191700
19.76108300
19.58941700
20.16454100
19.68770900
22.64608300
27.70791700
26.53129100
25.74575000
24.54383400
25.72312500
28.73658300
