17.05508400
1651.70279100
15.57208400
18.66916600
14.75008400
18.78441600
15.59408400
18.09641600
14.21370900
17.90683300
15.76712500
18.04883300
15.94833400
18.12433300
15.19637500
18.02645800
15.31300000
18.38754200
15.16150000
18.10916700
15.19941600
17.91533400
15.24320800
17.89725000
15.72595800
18.42479200
14.93854200
18.50445800
14.59362500
18.28608300
15.51650000
19.43850000
12.72533400
19.10762500
15.35979100
18.74779200
14.55804200
18.00712500
15.30829100
17.87487500
14.49641700
17.81958300
16.41795900
17.87325000
15.62695800
17.95554200
15.39520800
17.94079200
15.02608300
18.34587500
15.46416700
18.02266600
14.30820900
17.67145800
16.50254200
17.85812500
14.70800000
17.65862500
16.48304100
17.67625000
15.89716700
17.69916700
15.65045800
17.55012500
15.82925000
17.75312500
15.63300000
17.63312500
15.77083300
17.61737500
15.69591700
17.66895800
15.66762500
17.60050000
15.83275000
17.66412500
15.67183400
17.69483300
15.90895800
19.13641700
14.03429200
18.06558300
15.25633300
18.05854200
15.32145800
17.49141700
15.65604200
17.48537500
15.11270800
17.44545800
16.67033400
17.65058300
15.91250000
17.58166700
15.79137500
17.49962500
14.91858300
17.65191700
16.49783300
17.44991700
15.97045800
18.78575000
14.75237500
19.12354200
13.22591600
19.43654200
13.93670800
19.07779200
15.36383300
19.50483400
13.87166600
20.09358400
13.30725000
19.51083300
13.83775000
19.68125000
12.59683300
19.38775000
15.06350000
19.41012500
13.93366700
19.51683300
13.85870900
19.74258300
13.82325000
19.55237500
13.65987500
20.20625000
13.15495800
20.47979200
11.75220800
19.87479200
14.68716700
20.67729100
12.66187500
20.62141700
12.77433300
19.18283400
12.98737500
18.30570800
15.99333300
18.68275000
14.86633400
18.20708300
15.19112500
20.00575000
13.31366700
20.08512500
13.37962500
19.74016600
13.64583400
19.43462500
13.93745800
19.66108300
13.70937500
19.90441700
13.52458300
19.76450000
13.82583400
19.70370800
13.71158300
19.51620900
12.61850000
18.41391600
14.83545900
18.41158300
16.18595800
18.57075000
14.88566700
18.54312500
13.70225000
18.54933300
14.70029200
18.32791700
15.01050000
18.60933300
15.98562500
18.23933300
13.98141700
18.31575000
16.03683300
18.32808400
15.17970800
18.25220800
14.36304200
18.19100000
15.96725000
18.10150000
14.11762500
17.97237500
16.61287500
18.25375000
15.09358300
18.06866700
14.39370800
17.98820900
16.20658300
18.38179200
15.15604100
17.85004200
15.46450000
17.86704200
15.75687500
18.36970800
13.47154200
18.36608300
16.32358300
19.15729200
13.00429200
18.44004100
16.28091700
17.92037500
15.43970800
17.81033400
15.58433300
17.57033300
14.75908400
17.67145800
16.57545800
17.46729200
16.06229200
17.18416600
16.18758400
17.22170800
16.22675000
17.31183300
16.06745900
16.95520800
16.23625000
18.55620800
17.24804200
14.34033300
17.06158400
16.17537500
17.26212500
16.32333300
17.32825000
15.70766700
17.63279100
15.96816700
17.52208300
14.48487500
17.31095900
17.05208300
17.08104200
16.55550000
17.33687500
15.61979100
17.09629200
16.50437500
17.17912500
16.34220800
17.23195900
16.10583300
17.08337500
15.07004200
17.15658300
17.30187500
17.02916700
16.46891600
16.94633400
16.37908300
17.11095800
16.33400000
16.44208400
16.11075000
16.33712500
17.49966600
16.44412500
16.30258400
16.56033300
16.54008300
16.39112500
17.74041700
16.52783300
17.54787500
16.46929200
16.68079200
16.30075000
16.91425000
16.54987500
17.12054100
16.99966700
16.52716700
17.27970800
15.94662500
16.60741700
16.74416600
16.63087500
16.55170900
16.55695800
16.83212500
16.76387500
16.63641700
16.15925000
17.26691600
16.29658400
16.89720800
16.41004200
16.34637500
16.44700000
16.71133300
16.35258300
17.60741700
16.53158300
16.47512500
16.99116700
17.07779200
16.95337500
16.59808300
18.13004200
15.56366600
17.39595900
15.71087500
17.40950000
16.10795800
17.82904200
15.41058300
17.55437500
14.48612500
17.43320800
17.06966700
17.50979200
16.03504100
17.63287500
15.82837500
17.46829200
16.06912500
16.78420800
16.41300000
17.35791700
16.02558300
17.31533400
16.02941600
17.26054200
16.17283300
17.51491700
15.31879200
17.03862500
16.74195800
17.85529200
15.75191600
17.66254200
15.62225000
17.26541700
14.56029100
16.29587500
17.79225000
16.28495900
17.43216600
16.35054200
16.83125000
16.42754200
16.98504100
16.15941700
17.34008300
16.18004200
17.13712500
16.33937500
17.05916700
16.29016600
16.98150000
16.31783400
16.99925000
16.44004100
17.06800000
16.23316700
16.04166700
16.21241600
17.85183400
16.48020800
17.15370800
17.24291700
16.15733300
16.36237500
17.02725000
16.36233400
16.15304100
16.32579200
17.68362500
16.06883300
17.50791700
16.26641700
17.17558300
16.24283300
16.18100000
16.31900000
17.06904200
16.14704200
18.41237500
16.45725000
16.71916600
16.25175000
16.97775000
16.19062500
17.06595900
16.94383300
16.67579200
16.38154100
16.85262500
16.11616700
17.11816700
16.24920800
16.03745800
17.74333400
16.68616600
17.51241700
14.76808300
17.60166700
17.01595800
18.00970900
15.56875000
17.86800000
14.83991600
17.54520900
15.23433300
17.06420800
16.22020900
16.81400000
17.41479100
15.91937500
17.50625000
15.77141700
17.52916700
15.64379100
18.13125000
15.52912500
17.84608400
16.68100000
15.92212500
683.05354100
16.52162500
16.74604200
16.60395800
16.67833400
16.69933300
16.67125000
16.70925000
16.66779200
16.66583300
16.69179200
16.67587500
16.71187500
16.65358300
16.68941700
16.69995800
16.66358300
16.67941700
16.68441700
16.66841600
16.69695900
16.67266600
16.67745900
16.70033300
16.66645800
16.70500000
16.67579200
16.67341700
16.69841600
16.66600000
16.68320900
16.69908300
16.68308300
16.66754200
16.69658300
16.68216700
16.66920800
16.71795900
16.66962500
16.68295800
16.67995800
16.66716700
16.68170800
16.68283400
16.70145800
16.66695800
16.68716700
16.69925000
16.68445800
16.70279200
16.65454200
16.69795800
16.68083300
16.67866700
16.67083300
16.69383400
16.67279100
16.70020900
16.71925000
16.63283300
16.69979200
16.66654100
16.68266700
16.70562500
16.66670800
16.71470900
16.67333300
16.67262500
16.70354200
16.66875000
16.68325000
16.65829100
16.68637500
16.68366700
16.68104200
16.71370800
16.68658300
16.69041700
16.65216700
16.69420800
16.66270800
16.69083400
16.67887500
16.71162500
16.65262500
16.71075000
16.67754100
16.71350000
16.64258400
16.69516600
16.70041700
16.65466700
16.69237500
16.70370800
16.66091700
16.67645800
16.70016700
16.68300000
16.69733300
16.66058300
16.69379200
16.68512500
16.67362500
16.69483300
16.67741700
16.67933300
16.66450000
16.68541700
16.67983300
16.71695900
16.68200000
16.65770800
16.67604200
16.69050000
16.67254100
16.70683400
16.70400000
16.64104100
16.72345900
16.64625000
16.70162500
16.66704100
16.68987500
16.70191700
16.67550000
16.76954200
16.58016600
16.69708400
16.68045800
16.71616700
16.66016600
16.69662500
16.66250000
16.71112500
16.64841700
16.70208300
16.68458400
16.68379100
16.67725000
16.65700000
16.71229200
16.68462500
16.66829200
16.67612500
16.72083300
16.68058300
16.64870900
16.69233300
16.70950000
16.66566700
16.66633300
16.68575000
16.71100000
16.65350000
16.68225000
16.68629200
16.68525000
16.68737500
16.71525000
16.64891600
16.68412500
16.68287500
16.68237500
16.68895900
16.67845800
16.68420800
16.69908400
16.69950000
16.66791600
16.66154200
16.68170800
16.70354200
16.65887500
16.68416700
16.69179100
16.66937500
16.70708400
16.66337500
16.68445800
16.69275000
16.70658300
16.64791700
16.68675000
16.68404200
16.69641600
16.67870900
16.69283300
16.67145800
16.67487500
16.69600000
16.68654200
16.69645800
16.66595900
16.69129100
17.02179200
16.36975000
16.67208300
16.64520900
16.70170800
16.67520800
16.67262500
16.68000000
16.68262500
16.69850000
16.66829200
16.69912500
16.67462500
16.69254200
16.68183300
16.68220800
16.66850000
16.69837500
16.68533400
16.68283300
16.68225000
16.68483300
16.67229200
16.69350000
16.67270800
16.70091700
16.67775000
16.74275000
1785.28408300
16.52595900
16.61833300
16.69454200
16.79058300
16.56137500
16.67866700
16.69070800
16.69304200
16.67254100
16.68800000
16.71016700
16.65266700
16.67050000
16.69354100
16.69800000
16.67400000
16.71312500
16.67954200
16.66537500
16.67154200
16.69129100
16.66783400
16.71100000
16.68295800
16.65725000
16.69383300
16.71045900
16.67033300
16.66258300
16.67537500
16.71895900
16.65241600
16.68366700
16.69720800
16.69629200
16.69650000
16.66166700
16.71166600
16.67379200
16.67154200
16.66675000
16.70587500
16.66004100
16.68025000
16.70225000
16.68900000
16.68070900
16.66662500
16.68254100
16.67645900
16.68112500
16.70075000
16.66883300
16.71904200
16.66433300
16.67554200
16.70270800
16.65379200
16.68875000
16.68795800
16.67870800
20.94700000
18.76354200
13.13708300
13.88466700
16.69312500
16.67841700
16.66062500
16.69566600
16.69229200
16.67958300
16.68308400
16.66720800
16.67970800
16.69825000
16.67016700
16.68129200
16.68950000
16.69379100
16.66745900
16.68175000
16.68304100
16.68295900
16.68662500
16.69804100
16.68900000
16.66079200
16.68304200
16.69670800
16.68908300
16.68012500
16.68408400
16.66733300
16.68279200
16.78391600
16.59970900
16.69654100
16.66383400
16.67945800
16.68616700
16.71975000
16.69991600
16.63341700
16.69750000
16.69125000
16.67083300
16.67983400
16.69404100
16.68495900
16.68029100
16.65995900
16.69270800
16.73295800
16.67295900
16.63829100
16.69604200
16.67312500
16.69970800
16.68012500
16.68945900
16.67150000
16.67425000
16.68879100
16.69579200
16.66408300
16.68408400
16.69979100
16.66612500
16.72079200
16.66929200
16.67141600
16.70141700
16.66841700
16.68891600
16.67987500
16.69883400
16.66729100
16.70475000
16.67370900
16.67129100
16.67570900
16.68391600
16.69662500
16.66220900
16.71920800
16.67820800
16.65833400
16.68183300
16.71491700
16.68125000
16.66979100
16.68120900
16.69462500
16.66400000
16.68766600
16.67483400
16.69016600
16.69470900
16.67425000
16.67625000
16.67500000
16.74795800
16.65945800
16.69375000
16.63720900
16.70866600
16.68520900
16.66137500
16.67745800
16.69675000
16.69383300
16.66325000
16.68020900
16.72037500
16.66779100
16.68212500
16.66125000
16.68108400
16.69458300
16.69025000
16.68629200
16.65975000
16.70850000
16.68129100
16.66479200
16.68783300
16.68183400
16.69470800
16.67391700
16.67612500
16.71720800
16.65929200
16.70987500
16.64650000
16.69329100
16.71008400
16.64908300
16.69541700
16.66987500
16.71316600
16.66495900
16.67495800
16.70795800
16.66145900
16.67504100
16.69337500
16.68054200
16.67795800
16.69150000
16.70795900
16.67408300
16.67225000
16.67100000
16.69387500
16.68100000
16.67541700
16.72575000
16.64625000
16.68995800
16.70379200
16.65745800
16.68829200
16.71775000
16.65775000
16.67841600
16.70575000
16.67466700
16.68054200
16.70412500
16.66887500
16.65287500
16.71612500
16.65554100
16.69908400
16.66875000
16.70133300
16.66304200
16.69766600
16.66275000
16.72966700
16.65629200
16.70725000
16.66341600
16.68695900
16.66054100
16.68104200
17.01300000
16.95870800
16.07583400
16.70683300
16.65375000
16.68312500
16.68095800
16.68491700
16.70154200
16.66508300
16.68425000
16.70054200
16.66566600
16.68200000
16.69904200
16.66783300
16.68083400
16.68379100
16.69887500
16.66991700
16.69762500
16.68466700
16.68333300
16.68183300
16.68437500
16.68600000
16.67920900
16.68429100
16.68166700
16.68350000
16.68112500
16.67320800
16.69575000
16.67337500
16.69095900
16.70283300
16.71758300
16.64150000
16.70479200
16.65441700
16.67791600
16.68750000
16.69608400
16.68608300
16.66350000
16.70233300
16.68645900
16.66900000
16.70741600
16.64950000
19.45937500
13.90979200
16.69079200
16.71608300
16.66870800
16.65795900
16.68479100
16.68962500
16.71812500
16.63704200
16.71525000
16.65058300
16.68929200
16.68766700
16.68029100
16.70708400
16.68662500
16.71450000
16.62295800
16.69437500
16.66604200
16.69362500
16.68275000
16.67408300
16.70920800
16.66775000
16.69495900
16.66408300
16.68908300
16.67987500
16.68883400
16.67283300
16.71825000
16.65887500
16.70462500
16.68350000
16.65804200
16.68558300
16.72041700
16.64154100
16.73308400
16.64150000
16.72333300
16.67191700
16.67304100
16.66575000
16.69333400
16.66470800
16.72583300
16.65050000
16.68158400
16.68100000
16.69587500
16.66266600
16.68270900
16.68466600
16.71579200
16.70608300
16.68412500
16.63820900
16.71329100
16.68133400
16.65329100
16.70875000
16.66366700
16.68133300
16.69625000
16.68879200
18.10829200
15.24179100
16.70441700
16.64950000
16.75200000
16.74137500
16.55541700
16.77429100
16.60166700
16.74754200
16.67354100
16.68858400
16.69129100
16.67383400
16.69191600
16.74712500
16.67241700
16.70750000
16.62887500
16.71500000
16.71200000
16.59370800
16.62400000
16.82737500
16.71416700
16.71004200
16.70270800
16.57754200
16.75370800
16.65016700
16.66391600
16.96641700
16.59379200
16.52416600
16.75054200
16.64629200
16.63095800
16.78779200
16.65087500
16.70275000
16.66054100
16.80533400
16.60279100
16.76079200
16.66929200
16.57962500
16.77962500
16.70495800
16.60979200
16.75295800
16.71825000
16.33904200
16.96275000
16.74991600
16.62629200
16.77466700
16.64254100
17.17304200
3236.31550000
16.08525000
16.71254200
16.65858300
16.69004200
16.66433300
16.70833300
16.68304200
16.70662500
16.64704200
16.68983300
16.68233300
16.66775000
16.68987500
16.69787500
16.65591700
16.70716700
16.70787500
16.65383300
16.69387500
16.67187500
16.69283300
16.66483400
16.69470800
17.04558300
16.32275000
16.69770900
16.64395800
16.70104200
16.67145800
16.67912500
16.70554200
16.65825000
16.68387500
16.70850000
16.65783300
16.70258300
16.66316700
16.70133300
16.68795900
16.67737500
16.66508300
16.70445800
16.66654200
16.69387500
16.68795800
16.68225000
16.66912500
16.69895900
16.66575000
16.73841600
16.64437500
16.69608400
16.66920800
16.68733300
16.66637500
16.68150000
16.69991700
16.66450000
16.76279200
16.61650000
16.70512500
16.68150000
16.66129100
16.68341700
16.70129200
16.68083300
16.67212500
16.70404200
16.67445800
16.71483300
16.67108400
16.65695800
16.67679200
16.71216600
16.77179200
16.58725000
16.66920800
16.68587500
16.69750000
16.71487500
16.68120900
16.64604100
16.67666700
16.69466700
16.66154100
16.67754200
16.69454200
16.68375000
16.68625000
16.67187500
16.69825000
16.70633300
16.66941700
16.66458300
16.67791700
16.69312500
16.68170800
16.70595800
16.67116700
16.67441700
16.71229100
16.66754200
16.67175000
16.67520800
16.69079200
16.69216700
16.66945800
16.69766700
16.68754100
16.67116700
16.69575000
16.72508300
16.64566700
16.69237500
16.68070800
16.67283400
16.66245800
16.72200000
16.65487500
16.67712500
16.71937500
16.66858300
16.65945900
16.68025000
16.71029100
16.68716700
16.65587500
16.70725000
16.66337500
16.72645800
16.65945900
16.67462500
16.66458300
16.72325000
16.68762500
16.65391700
16.69650000
16.67800000
16.66145800
16.71445800
16.68570900
16.68475000
16.67145800
16.69266700
16.65433300
16.69525000
16.66591700
16.68762500
16.68712500
16.68316600
16.67662500
16.69200000
16.67770900
16.70045800
16.67345800
16.68616700
16.69829200
16.69675000
16.68112500
16.65933300
16.67683300
16.70354200
16.66212500
16.68312500
16.67420800
16.68687500
16.69004200
16.67416700
16.68125000
16.73875000
16.63558300
16.71525000
16.68633300
16.64920900
16.68066600
16.68212500
16.71025000
16.68450000
16.64741700
16.73987500
16.63716700
16.68191600
16.70020900
16.71304100
16.69725000
16.62679200
16.73679200
16.68079100
16.69008400
16.62883300
16.68400000
16.67079200
16.73454100
16.63004200
16.70820800
16.71512500
16.65683400
16.65575000
16.70091600
16.67991700
16.68075000
16.68650000
16.69350000
16.66816700
16.67945800
16.70325000
16.66037500
16.69504200
16.72970800
16.68245800
16.65566700
16.65695800
16.70745900
16.70554100
16.72729200
16.63695800
16.66016700
16.70283300
16.64491700
16.73166700
16.76958300
16.53695800
16.76454200
16.73854200
16.65850000
16.66729100
16.61645900
16.70620800
16.71704200
16.70808300
16.64437500
16.72929200
16.58620800
16.70966700
16.80366600
16.68916700
16.59129200
16.70433300
16.63258300
16.81116700
16.50416700
16.75316600
16.65816700
16.78695800
16.63120900
16.75754100
16.73862500
16.57125000
16.60987500
16.64687500
16.79433400
16.65962500
16.71966600
16.57575000
16.83733400
16.73562500
16.63591600
16.73550000
16.50795900
16.66450000
16.82725000
16.51904100
16.86650000
16.52145900
16.89412500
16.68716600
16.69908400
16.66975000
16.48737500
16.65754100
16.67800000
16.91241700
16.46825000
16.68204200
16.66816600
17.02512500
16.32695900
16.93820800
16.71083300
16.39787500
16.68025000
16.70370900
16.97037500
16.39037500
17.02812500
16.32904100
16.70491700
16.69650000
17.00700000
16.33104200
17.09362500
16.36775000
16.91100000
16.78720800
16.64475000
16.61008300
16.82125000
16.24595900
17.06254100
16.29704200
17.08962500
16.66087500
16.75037500
16.40825000
16.91770800
16.26237500
16.68600000
17.13270900
16.28383300
17.13995800
16.62829200
16.74325000
16.61825000
16.70120800
16.74154200
16.65462500
16.68200000
16.69850000
16.68058300
16.58545900
16.79354100
16.73108400
16.14925000
17.21162500
16.71941600
16.61975000
16.72900000
16.10525000
17.29604200
16.68720800
16.68954200
16.62958300
16.75245900
16.64729100
16.65125000
16.76070900
16.63191600
16.73295900
16.68400000
16.70529100
16.05341700
17.30133300
16.71804200
16.61400000
16.30554200
17.12087500
16.74454100
16.14525000
16.61166700
17.28358300
15.94712500
17.17058400
16.89154100
16.81987500
15.86229200
17.39833300
16.70387500
16.67154200
16.72391700
15.93900000
17.52750000
15.83170800
17.43137500
15.94804200
17.44458300
15.88987500
17.48825000
16.74179200
16.62287500
15.87979100
17.42908400
16.80520800
16.27916700
17.07483300
16.73595800
16.65887500
16.70233400
16.64787500
16.76070800
15.79658300
16.65208400
16.68112500
17.58137500
16.67837500
16.67187500
16.72500000
16.70612500
16.67541600
16.75604200
16.63162500
16.69558300
16.75225000
16.64245900
16.61983300
16.81008300
16.65237500
16.64712500
16.73783400
16.61862500
16.71158300
16.68587500
15.63825000
16.69633300
17.69341700
16.74095800
15.61400000
17.72070900
15.70829100
17.67200000
16.65529200
15.74416700
17.52179100
16.65254200
15.77958300
16.82162500
17.56483400
16.74137500
16.71041600
16.65062500
16.66933400
16.74491600
16.60975000
16.72366700
15.59600000
17.73733300
16.66270900
16.74466600
16.65341700
16.69479200
16.67745800
16.66295800
16.71858400
16.68766600
16.63916700
16.73312500
16.67283300
16.65708400
16.70870800
16.69683300
15.60245900
17.77233300
16.68045800
16.65650000
16.68137500
16.70112500
15.66287500
17.73729200
16.70912500
16.61558300
16.69358400
15.61954100
17.65616700
16.79900000
15.57158300
17.68241700
15.71187500
17.69887500
16.64808300
16.75704200
16.64595800
16.66962500
16.75700000
16.60295900
16.68066600
16.24012500
17.18470900
16.27770800
17.11879200
16.57366600
16.71025000
16.74083400
16.66237500
16.69212500
15.66495800
16.65275000
17.70558300
16.67170900
15.64583300
17.75979200
16.65666600
16.67041700
15.66129200
17.68495800
16.68754200
16.73066600
16.71454200
16.63016700
16.68791600
16.63620900
15.68562500
17.75270800
16.73945800
15.56412500
17.76041700
16.67100000
16.57508300
15.73895900
16.69679100
17.72079200
16.72179200
16.65975000
16.62600000
16.69775000
16.67716600
15.66054200
17.75329200
15.59370800
17.73912500
16.69979200
15.61954100
16.68808400
17.73604100
16.66158400
16.08720800
17.32670800
16.62179200
15.66933300
17.75195900
16.66970800
16.62200000
16.80462500
16.64304200
16.32958300
17.06591700
16.58829100
15.66020900
16.89675000
17.53508300
16.63195800
16.73358400
15.84954100
17.48533400
15.96083300
16.40508300
17.67916700
16.74620800
15.62033400
17.66820800
15.68662500
16.82420800
17.57275000
16.71200000
16.64516700
16.70829200
16.66245800
16.68616700
16.70383300
16.65854200
16.66283300
16.71462500
16.72208300
15.60316700
16.68437500
17.73937500
16.66279200
16.68337500
15.96112500
17.41591600
16.70775000
15.63954200
16.64600000
17.82487500
16.57708300
16.69175000
16.68112500
16.66387500
16.72212500
16.67766700
15.66162500
17.70754200
16.90295800
16.50875000
16.74650000
15.81604200
16.52283300
17.18787500
17.19741700
15.94316600
17.27500000
16.72500000
16.68329200
16.00950000
17.36900000
16.66104200
15.95629100
16.67812500
17.36800000
15.70508400
17.72370800
15.78458300
17.57020900
16.38450000
17.03333300
15.74666700
17.61441600
16.61170900
16.73716600
15.62287500
17.57245900
15.79216600
16.71487500
16.66545900
17.72420800
15.64291700
17.75441600
16.71670900
17.02258300
16.23462500
16.69833300
16.62820900
16.69733300
16.69841700
16.65137500
16.68970800
16.84425000
16.52579200
16.68341600
16.78537500
16.58112500
16.80533400
16.62420800
16.62945800
16.73950000
16.67154200
16.64337500
16.67279200
16.71641600
16.71741700
16.61266700
16.71583300
16.65112500
16.70216700
16.68766600
16.65433400
16.66066600
16.76041700
16.61891700
16.68725000
16.91391600
16.53029200
16.65925000
16.75962500
16.47116700
16.90166600
15.61366700
17.59041700
16.82216600
16.65462500
16.66950000
16.74950000
16.65291700
15.62116700
16.70875000
17.59362500
16.76637500
16.75316600
16.74833400
16.54650000
16.69287500
16.71025000
16.60687500
16.79475000
16.60583300
16.68666700
15.65645800
17.52050000
16.86908300
16.77029200
16.59783300
16.66487500
15.67720900
17.49795800
16.78825000
16.85041700
16.73662500
16.65075000
16.68983300
16.61191700
16.74600000
16.68683300
16.62733300
16.62195900
16.78470800
16.62083300
16.69391700
16.67916700
16.71183300
15.62587500
17.59733300
16.51462500
16.95737500
16.78500000
16.55912500
16.72729200
15.63950000
17.65416700
17.24462500
15.15695800
17.60779200
16.82266600
16.77733400
15.52991600
17.71716700
16.74337500
16.68687500
15.59004200
17.85175000
16.64437500
16.66091600
16.72916700
16.58891700
16.69458300
16.23891700
17.03100000
15.70816600
17.40287500
16.98887500
16.72570900
16.63825000
16.64133300
16.82500000
16.59641700
16.35379100
16.91275000
16.72745900
16.68520800
16.76195800
16.64575000
16.75491700
16.74445800
16.56183400
16.69704100
16.71862500
16.61920900
16.68558300
16.75758300
16.67025000
16.61679200
17.05216700
16.43241600
16.68708400
16.72604100
16.55800000
16.66600000
16.75791700
16.19495800
17.17575000
16.70916700
16.69291700
16.60933300
16.70970800
16.66158400
16.67233300
16.71566700
16.58558300
16.70687500
16.65225000
16.68437500
16.82054200
16.73583300
16.62287500
15.71404200
17.40500000
16.82979100
15.64362500
17.71600000
16.74612500
16.64275000
16.79475000
15.55470900
18.26312500
15.97908300
17.16820800
15.40150000
17.52337500
16.96241700
16.62270800
16.60958400
15.64600000
17.56633300
15.78854200
17.41779100
16.83625000
16.91341700
16.62245800
16.68333400
16.65408300
16.79725000
16.63650000
16.64812500
15.67491700
19.13908300
15.40550000
16.49412500
16.93950000
15.50345800
18.03687500
17.60166700
16.08650000
16.57100000
16.52662500
16.66400000
16.63666700
16.66254100
16.61345900
16.75229100
16.59933400
16.67879100
15.60337500
17.46437500
16.88825000
16.75641700
16.69495800
16.57787500
16.76225000
16.74425000
16.77362500
16.50254200
16.71766700
16.76612500
16.69166600
16.68725000
16.67095900
16.61450000
16.57554100
16.81766700
16.71820800
16.59945900
16.73966600
16.90987500
17.28850000
15.85441700
16.76891700
16.56479100
16.57362500
16.34283400
16.91900000
16.69362500
16.91808300
16.47083300
15.56691700
17.59337500
16.77933300
16.74208400
16.84191600
16.55691700
16.61304200
16.67245800
16.77866700
16.73929100
16.57466700
16.78970800
16.58112500
16.70850000
16.49091700
16.88383300
16.70312500
15.59141700
17.85550000
16.67595800
16.59783400
17.04700000
15.23212500
17.51520800
16.92887500
15.61900000
17.36762500
17.52687500
16.49212500
16.43633300
16.94116700
15.41404200
17.32862500
16.92616600
18.18033400
15.41337500
16.63300000
16.84350000
15.51895800
17.44045800
16.88229200
16.75954200
16.02412500
16.44662500
16.50595800
17.36308300
17.03591700
16.77012500
16.62708300
16.55920900
17.38316600
16.38487500
16.38166700
16.66050000
16.67937500
16.66125000
16.61383300
16.75912500
16.62591700
15.69483300
17.97183400
16.41037500
18.97995800
14.83237500
16.53379200
15.89787500
17.55191600
15.58291700
17.86100000
16.82262500
15.52029200
17.50425000
17.26837500
15.95075000
17.18420800
17.23458300
16.10312500
15.57825000
18.00662500
16.43454200
16.53966700
16.51233300
16.86062500
15.33683300
16.73912500
16.78470900
17.38541600
16.73679200
16.96554200
16.67675000
17.72375000
15.10254100
17.13679200
15.87604200
17.46058300
16.82775000
16.59837500
16.67383300
16.72854200
16.93804200
15.42191600
17.43579200
15.70075000
16.63912500
17.53837500
15.93091700
16.63691600
17.47950000
16.81945900
16.90779100
17.06850000
16.26233400
16.75341600
16.70558400
16.66179100
16.70933400
16.61937500
15.48962500
17.39558300
16.92404200
16.79595800
16.83787500
16.66883300
16.80195900
16.63920800
16.61808300
16.59179200
16.64650000
16.64416700
16.79025000
17.06808300
15.22583300
17.95291700
15.63912500
17.75900000
16.59304200
16.71504100
16.63375000
15.97404200
16.57795800
17.93741700
16.52079200
16.61295800
16.59145800
16.66912500
16.79483400
16.62275000
16.56687500
16.63808300
16.68125000
16.63420800
16.70375000
16.70629200
16.54695800
16.72829200
16.68391700
16.68579100
16.71962500
16.94391700
15.33895800
17.78258400
16.63787500
15.83220800
17.64366700
16.65454100
16.67704200
15.73979200
17.35900000
16.79566600
16.71645900
17.14579100
16.34579200
15.84300000
17.40204200
15.95970800
17.42100000
15.69979200
17.45933300
15.97966700
17.36120800
16.88941700
16.62475000
16.62345800
16.78154200
16.75291600
16.56529200
15.57462500
18.01454200
16.48095800
16.93362500
16.04450000
17.05070800
16.64816700
16.99025000
16.30587500
16.79600000
16.78633300
16.58620900
16.71133300
16.76691700
16.65008300
16.73750000
16.57095800
16.62195900
16.76095800
16.66266700
15.53166600
17.64995900
16.84945800
16.66712500
16.62875000
16.82916700
16.46329100
16.58554200
16.66229200
16.65333300
18.82845800
15.06866700
16.07325000
17.07862500
16.42795800
16.79454200
16.69775000
16.67558300
16.28504200
16.99675000
16.76816700
15.91108300
17.80145800
15.92529200
16.88500000
16.36720800
17.28266700
16.73716700
16.75862500
15.51279100
17.14375000
17.09000000
16.84508400
15.89000000
17.40691600
17.11754200
17.96995800
15.35791700
16.47366700
15.82283300
17.32558300
15.72316700
16.69283300
17.53391700
17.18054200
15.30320800
17.69175000
16.78254200
16.69500000
15.78670800
17.29620800
16.85583400
16.87437500
16.60258300
19.26912500
14.24520800
16.54062500
16.65650000
16.66841700
18.28937500
15.33737500
16.35004200
15.77220800
17.83383300
16.56291700
18.40275000
15.50579200
16.04262500
17.52900000
16.14979100
16.34266700
16.99025000
49.44108300
22.04483400
19.73962500
7.09120800
6.94783300
11.15200000
13.54350000
6.00587500
14.24991700
16.55145800
16.83104200
15.98545800
17.77158400
16.30883300
16.54029200
16.93837500
16.42300000
16.55420800
15.59670800
17.72425000
17.26716700
16.81495800
16.72337500
16.19783400
16.09450000
17.71133300
18.33025000
15.39345800
16.37633400
18.63191600
17.12400000
15.33595900
30.31820800
9.95795800
11.38820900
16.20920800
24.73933300
9.16487500
14.45908400
15.79237500
17.52541600
15.87545900
16.30395800
17.91045800
17.55575000
13.75008400
16.79416600
17.57783400
16.07379100
16.51633400
17.20637500
17.02833300
16.41983300
16.97654200
17.78533300
14.92766700
17.03858300
17.92204200
16.72675000
25.12258300
13.38108400
10.09966600
20.32504200
14.43991700
14.99716600
16.60350000
16.51891700
16.70645800
16.97741700
16.36075000
16.87441700
16.74508300
16.66883300
16.58666700
16.80629200
16.67679100
16.51370900
16.52283300
16.73312500
16.86358300
16.40845900
17.46704100
17.85420900
15.54645800
18.31154200
15.64254100
16.60512500
16.42554200
16.60166700
16.40133300
18.69445800
14.90733400
15.78733300
16.80670800
16.52066700
16.77645800
16.50233400
16.87554100
16.48583400
17.07612500
16.51654100
18.28262500
15.35237500
16.45345900
16.62429100
16.49920900
16.91679100
16.45662500
16.65841700
17.00091700
16.52183300
16.52216700
16.79958300
16.75266700
16.90104100
16.62254200
16.54316700
17.13291600
16.35312500
16.55437500
16.70345900
16.90829100
16.55741700
16.68070800
16.87650000
16.40366700
16.67258300
16.98966700
16.62229200
16.19591600
16.64158400
16.84258300
16.70545800
16.50079200
16.82170800
17.06183400
16.27154100
16.76475000
16.66254200
16.86183300
16.54620900
16.72641600
16.74733400
16.71279100
16.54429200
16.81058300
17.24170900
16.18879100
16.46325000
16.75220900
16.70350000
16.61583300
16.69391700
16.78675000
16.79220800
16.78025000
16.26550000
16.68845800
16.84245900
16.69229100
16.61120900
16.70395800
16.73433300
16.67250000
16.79775000
16.40591700
16.88904200
16.70600000
16.63191600
16.84945900
16.55787500
16.85312500
16.41145800
16.75054200
16.69241600
16.39866700
16.83104200
16.83991600
16.54575000
16.72400000
16.77158400
16.60241600
16.78470900
16.64062500
16.57400000
16.79562500
16.62683300
16.70716700
16.71075000
16.64883300
16.85295800
16.42366700
16.74845800
16.81687500
16.45879200
16.74750000
16.79237500
16.90970800
16.40570900
16.81975000
16.56370800
16.68891700
16.57233300
16.78275000
16.57866700
16.72275000
16.92391600
16.54787500
16.61100000
16.63995900
16.69987500
16.71166600
16.66912500
16.69683400
16.71520800
16.79258300
16.55520900
16.78137500
16.48020800
16.57162500
17.13641700
16.60995800
16.49841700
16.88870800
16.67766700
16.50041600
16.63654200
16.61358300
16.83758400
16.68687500
16.55520800
16.74454200
16.70320800
16.70270800
16.59645900
16.72562500
16.65383300
16.84012500
16.46829200
16.83783300
17.03850000
16.32454200
16.52600000
16.86037500
16.58966600
16.74945900
16.54558300
16.83245800
16.63233400
16.71908300
16.78225000
16.53341700
16.61812500
16.82812500
16.46400000
16.92583300
16.59337500
17.19008300
16.16058400
16.75037500
16.79537500
16.64379100
16.81462500
16.37995900
16.77241600
16.69154200
16.56308300
16.84820900
16.54408300
16.74958300
16.65258400
16.73083300
16.64854200
16.50462500
16.78804100
16.70912500
17.02700000
16.53195900
16.74041600
16.66566700
16.70241700
16.59758300
16.58483300
16.71412500
16.75641700
16.41787500
16.88654200
16.58958300
16.68254200
16.66720800
16.57308300
17.24070900
16.30954100
16.53762500
16.77170900
16.49804100
16.73262500
17.03654200
16.78200000
16.44862500
16.62233300
16.84091700
16.59195800
16.92420900
16.41220800
16.68291700
18.11050000
15.34083300
16.66229200
16.96379100
16.58429200
16.42008300
16.69262500
16.47875000
16.85387500
16.74604200
16.63554200
16.65491600
16.65633400
16.78279100
16.67754200
16.63245800
16.79691700
16.70945800
16.78862500
16.30445900
16.68462500
16.85337500
16.82700000
16.56987500
16.73545800
16.69358300
16.59866700
16.76879200
17.11920800
16.25695800
16.65533400
16.66508300
16.69466700
16.65637500
16.79683300
16.66954200
16.66987500
16.96225000
16.20900000
16.73495800
16.75704200
16.66737500
16.75254100
16.54133400
16.79133300
16.60583300
16.75862500
16.59087500
16.67870900
16.69320800
16.69358300
16.75704200
16.62108300
16.72166700
16.69116700
16.87916600
17.00054200
17.41716700
15.36616600
16.71837500
16.64437500
16.75537500
16.48170900
16.71225000
16.97845800
16.52029200
16.75641600
16.67279200
16.65245800
16.51870900
16.85454100
16.58283400
16.76087500
16.81583300
16.48962500
16.72275000
16.70300000
16.66079200
16.63900000
16.60500000
16.96100000
16.55100000
16.77054100
16.71250000
16.56391700
16.68970800
16.69716700
16.61025000
16.78266700
16.82083300
16.31729200
16.97612500
16.56079100
16.68908400
16.52829100
16.70754200
17.07733300
16.27541700
16.88166700
16.70154100
16.60095900
16.73041600
16.72416700
16.59716700
16.78316600
16.59450000
16.62062500
16.72137500
16.84725000
16.63745900
16.53291600
16.73495900
16.73945800
16.58150000
16.83183300
16.59062500
16.71550000
16.57554200
16.80329200
16.70295800
16.79925000
16.38570800
17.12383400
16.42737500
16.62100000
16.75545800
16.67070800
16.55950000
16.75587500
16.42158400
16.78845800
16.76787500
16.67962500
16.76479200
16.58095800
16.80987500
16.58133300
16.71166700
16.64850000
16.64545800
16.62037500
16.77962500
17.65775000
15.73979200
16.65404200
16.65775000
16.78700000
16.53529100
16.69962500
16.71220900
16.63600000
16.78033300
16.69741700
16.52375000
16.70120800
16.66487500
16.77554200
16.66012500
16.54975000
16.77058300
16.70854200
16.66445800
16.60058300
16.73425000
16.65308400
16.69654100
16.67229200
16.61225000
16.69695800
16.71266700
16.77416700
16.75266600
16.62975000
16.65229200
16.77929200
17.31966600
16.03291700
16.57112500
16.64308300
16.76533400
16.52770800
16.88012500
16.65816700
16.53591600
16.71670900
16.75054100
16.86929200
16.61800000
16.65991700
16.62037500
16.67683300
16.69054200
16.56591600
16.73895900
16.62625000
16.79441600
16.65708400
16.64008300
16.72766700
16.63629100
16.70641700
16.61425000
16.65558300
16.87095900
16.80258300
18.92020800
15.32291700
16.58841700
16.44054100
16.40766700
16.64670800
16.71995900
16.41270800
16.69187500
16.66520800
16.69179200
16.66879200
16.67908300
16.54483300
16.67491700
16.71545800
16.70966700
16.65400000
16.72891700
16.62829100
16.69141700
16.70216700
16.62237500
16.70779100
16.67762500
17.09825000
16.48000000
16.53854200
16.52683300
16.92858400
16.70354100
16.53933400
16.94700000
16.38508300
16.94700000
16.46637500
16.77408300
16.56833400
16.61995800
16.77129200
16.55458300
16.89837500
16.57900000
16.63783300
16.63437500
16.77495900
16.62566600
16.81266700
16.52270800
16.61245900
16.88045800
16.59362500
16.52691700
16.77616600
16.81229200
16.64904200
16.55966600
16.86287500
16.55554200
16.77037500
16.56866700
16.82879100
16.66300000
16.56483400
16.70183300
16.56383300
16.87479200
16.53870800
16.75275000
16.90004200
16.48087500
16.72833300
16.53825000
16.77458400
16.85645800
16.40804200
16.75462500
16.85029100
16.54445900
16.60758300
16.74012500
16.64883300
16.67254200
16.61870800
16.72325000
17.08429200
16.42725000
16.69179200
16.65225000
16.71041600
16.72745900
16.59545800
16.66270800
16.64708400
16.74520800
16.71691700
16.64937500
16.60708300
16.67816700
16.71179100
19.73679200
15.37895800
14.99404200
16.74200000
16.75604200
16.63229100
16.57137500
16.73629200
16.59854200
16.76104100
16.55229200
16.92437500
16.55970800
16.56370900
16.83833300
16.57895800
16.62475000
16.69870900
16.67012500
16.83141600
16.59358400
17.87862500
16.99129100
15.62875000
16.33666700
16.59650000
16.75179200
16.66779100
16.66345900
16.59591600
16.68283400
16.80141600
16.62204200
16.62316700
16.68175000
16.66145800
16.76666700
16.64366600
16.70275000
16.61366700
16.75575000
16.67491700
16.72600000
16.65366600
16.65683400
17.11475000
16.46941600
16.60912500
16.69400000
16.60254200
16.70462500
16.65120800
16.99954200
16.65729200
16.45125000
17.15766600
16.32833400
16.53616600
16.69820900
16.53679100
19.52250000
14.09933400
16.61945800
16.61183300
16.71283400
16.63245800
16.75358300
16.66370900
16.66116600
16.67629200
16.58516700
16.72650000
16.82354100
16.53966700
16.58300000
16.84025000
16.68550000
16.57775000
16.62412500
16.79762500
16.71012500
16.70583300
16.67650000
16.80225000
16.55816700
16.88945800
16.66195900
17.56645800
16.38708300
16.31120900
16.61662500
16.55479100
16.61641700
16.70887500
16.56812500
16.67954200
16.71866600
16.66808400
16.68654100
16.67666700
16.67250000
16.65891700
16.69841600
16.57775000
16.77562500
16.92029200
16.47641700
16.61970800
16.73720800
16.94858400
16.54354100
16.56629200
17.17762500
16.10591700
16.92208300
16.86120800
16.82812500
16.75004200
16.71291700
16.65204100
16.60275000
16.59304200
16.56154200
16.40458300
16.71912500
16.57854200
16.68045800
16.75454200
16.69579100
16.59570900
16.77933300
16.66845800
16.59716700
16.66670800
16.66504200
16.70166700
16.67016600
16.80241700
16.62179200
16.67362500
16.80512500
16.52020800
16.79920800
16.57420900
16.77154100
16.63729200
16.67037500
16.77029200
16.51125000
16.65700000
16.68629100
16.79929200
16.71866700
16.57033300
16.70554200
16.67300000
16.67187500
16.64937500
16.70633300
16.76008300
16.71466700
16.57483300
16.71870900
16.72704100
16.71645900
16.97487500
16.41820800
16.57883300
16.64150000
16.96291700
16.52362500
16.74270800
16.54212500
16.77112500
16.85116700
16.64033300
16.57562500
16.69304200
16.56062500
16.78320800
16.94354200
16.38858300
16.80100000
16.61475000
16.66991700
16.58437500
16.73708300
16.70445900
16.78591600
16.73712500
16.54475000
16.67854200
16.68600000
16.59941700
16.72741600
16.64850000
16.72795900
16.72616600
16.68125000
16.76512500
16.55487500
16.71900000
16.61679200
16.70166700
16.64075000
16.73520800
16.67641700
16.68875000
16.59066600
16.79145900
16.58762500
16.73812500
16.68691600
16.62195900
16.75483300
16.62916700
16.70483300
16.70120800
16.76333400
16.59783300
16.73379200
16.68066600
16.72079200
16.54612500
16.80341700
16.98583300
16.35900000
16.67537500
16.69562500
16.68787500
16.59595800
16.79712500
16.63454200
16.64716700
16.68075000
16.75395800
16.87237500
16.46491700
16.65825000
16.66241600
16.78133400
16.64783300
16.66862500
16.63712500
16.76687500
16.64929200
16.62270800
16.66570800
16.85829200
16.56350000
16.67537500
16.66462500
16.66683300
16.81695900
16.57158300
16.72137500
16.69316700
16.61062500
16.72916600
16.65716700
16.67725000
16.69225000
16.72750000
16.68070800
16.67158400
18.22095800
15.13054200
16.75883300
16.72716700
16.82345800
16.60333300
19.08954200
15.62487500
16.17475000
16.46891700
16.49479100
16.52866700
16.59925000
16.73954200
16.53287500
16.64254100
17.22420900
16.13608300
16.79404200
16.44816600
16.90466700
16.43320800
16.75620900
16.53866600
16.82962500
16.66816700
16.57904200
16.71512500
16.62654100
16.83725000
16.70433400
16.65591600
16.64362500
16.73491700
16.59775000
16.93683300
16.46166700
16.62675000
16.89391700
16.64837500
16.72125000
16.79500000
16.34708300
16.76158300
16.74416700
17.47012500
15.91712500
16.43262500
16.82100000
16.62679200
16.75445800
16.69754200
16.52462500
16.84962500
16.57283300
16.71895800
16.67212500
16.69804200
16.68500000
16.66779200
16.70775000
16.68662500
16.63525000
16.64970800
16.75408300
16.72012500
16.63329200
16.62920800
16.73554200
16.58604200
16.72195800
16.72312500
16.69312500
16.73875000
16.64991700
16.69600000
16.68291600
16.61200000
16.66991700
16.67091700
16.99045800
16.50395800
16.54387500
16.67608400
17.11683300
16.35291700
16.70020800
16.66233300
16.63720900
16.77587500
16.70825000
16.63620800
16.70458300
16.66220900
16.58037500
16.83770800
16.66645800
16.68287500
16.70900000
16.67245900
16.58062500
16.68250000
16.71254100
16.75895900
16.61266600
16.65704200
16.60229200
16.76291600
16.71812500
16.59420900
16.79525000
16.62554100
16.72779200
16.67287500
16.63279200
16.67145800
16.71579200
16.68829100
16.71954200
16.69150000
16.58654200
16.65466600
16.72712500
16.61345900
16.76725000
16.74350000
16.60708300
16.60237500
16.67816700
16.75116600
16.81808400
16.49845800
16.80279200
16.73941600
16.73258400
16.49125000
16.68958300
16.77025000
16.63716700
16.77950000
16.85908300
16.48250000
16.60791700
16.61754100
17.39775000
15.97300000
17.41025000
16.38229200
16.64679200
17.88312500
16.98950000
15.22483300
16.63600000
18.15812500
14.86779200
17.01312500
16.35558300
16.82395800
16.55195900
16.65208300
16.64962500
16.73000000
16.70300000
16.61766700
16.81862500
16.82637500
16.59391600
16.47383400
16.80220800
16.54562500
16.70895800
16.77833400
16.69062500
16.73645800
16.57745800
16.77704200
16.69387500
16.52504200
16.76962500
16.68883300
16.71533300
16.95875000
16.45433400
18.55691600
15.19779200
16.72779200
16.62916600
16.77183400
17.32608300
16.26800000
16.53133300
17.92516700
15.32975000
16.78725000
16.58437500
16.58741700
16.41279100
16.56241700
16.80950000
16.83579200
16.92508300
16.16379200
16.73483300
16.69908300
16.66329200
16.67054200
16.69454100
16.71483400
16.60420800
16.75912500
16.64795800
17.08108400
16.33516600
16.77675000
16.68241700
16.91350000
16.48291700
16.65079100
16.92720900
16.53054100
16.51737500
16.68150000
16.61841700
16.71520800
16.70229200
16.98179200
16.31704100
16.79583400
16.56854100
16.55579200
16.65979200
16.74983300
16.64570800
16.83520900
16.55579100
16.72441700
16.63154200
16.64929100
16.75833400
16.80895800
16.59608300
16.57983400
16.64958300
16.78883300
16.58054200
16.81362500
16.61108300
16.74829200
16.60050000
16.78887500
16.56820800
16.76575000
16.61612500
16.78516700
16.66187500
16.59479200
16.75675000
16.63641600
16.71020900
16.74237500
16.88912500
16.40387500
16.76050000
16.57679100
16.73745900
16.72562500
16.64150000
16.63416600
16.63858400
16.79858300
16.78758300
16.47658400
16.79725000
16.62879100
16.76933400
16.83429100
16.40416700
16.89137500
16.46733300
16.70170900
16.70300000
16.72104100
16.69362500
18.31720900
15.11275000
16.53362500
16.73725000
16.69350000
16.67291600
16.80366700
16.56520800
16.94641700
16.50095800
16.62729200
16.70900000
16.71683300
16.52291700
16.70370800
16.83108400
16.74279100
16.54945900
16.65941600
16.70725000
16.62887500
16.83529200
16.53691700
16.70262500
16.70229100
17.08354200
16.68283300
16.55833400
16.76229100
16.50520900
16.43837500
16.70350000
16.73075000
16.89795800
16.43083300
16.77054200
16.60037500
16.85425000
16.59833300
16.62800000
16.65683400
16.85275000
16.55670800
16.73579200
16.58925000
16.68045800
16.98495800
16.53575000
16.59262500
16.62804200
19.22875000
14.16062500
16.79816700
16.63683300
16.79400000
16.51825000
16.72666700
16.69387500
16.82537500
16.52129100
16.84308400
16.62212500
16.66487500
16.54204100
16.72595900
16.72216600
16.57258400
17.95075000
15.48083300
16.62800000
16.69666700
16.71195800
16.64329200
16.66758300
16.68170800
16.84566700
16.64087500
16.61545800
16.68983400
16.75091600
16.64408400
16.61391600
16.97408400
16.43283300
18.89275000
15.42504200
16.60604100
16.40925000
16.57558400
16.63633300
16.48641700
16.69612500
16.59808300
16.75200000
16.54183300
16.65795900
16.69520800
17.04287500
16.43870800
16.60870900
16.58687500
16.67566600
16.74883400
16.75454100
16.57841700
16.70995800
16.88725000
16.56125000
16.56050000
16.68558400
16.62625000
16.85645800
16.87504200
16.34483300
16.74229200
16.78087500
16.94650000
16.35225000
16.76016600
16.67158400
16.62345800
16.74433300
16.48462500
16.71316700
16.80258300
16.54462500
16.73120900
16.58808300
16.82612500
16.61354200
16.65745800
16.75220800
16.69925000
16.68112500
16.69104200
16.67183300
16.63462500
16.66025000
16.74554200
16.68850000
16.53683300
16.78166700
16.58054200
16.77387500
16.71562500
16.62962500
16.69208300
16.79308300
16.67887500
16.56762500
16.78841700
16.77120800
16.65404200
16.47787500
16.88925000
16.51762500
16.78600000
16.89741700
16.55387500
16.48220800
16.71462500
16.80816700
16.68041600
16.64850000
16.59129200
16.75979200
16.71333300
16.62304200
16.89720800
16.37170800
16.76512500
16.64270900
16.93491600
16.47266700
16.70395800
16.70600000
16.61929200
17.28866700
16.35025000
16.70895800
16.47987500
16.95216700
16.35633300
16.74829200
16.62733300
16.60454200
16.66891600
16.87320900
16.87650000
16.43504100
16.65412500
16.57800000
16.75412500
16.70008400
16.69420800
16.79620800
16.57020900
16.60916600
16.65225000
16.69737500
16.77100000
16.60945900
16.75487500
16.61425000
16.69558300
17.12695800
16.35195900
16.60100000
16.71187500
16.79375000
16.56712500
16.63645800
16.74283300
16.54008400
16.74195800
16.75616700
16.70108300
16.87400000
16.46179200
16.66291600
16.70141700
16.77416700
16.55191600
16.74579200
16.65008300
16.56604200
16.93979200
16.49600000
16.70633300
16.65625000
16.66458300
16.63679200
16.95554200
16.48037500
16.76341600
16.59220900
16.86150000
16.54425000
16.74333300
16.61833300
16.65470900
16.76079100
16.67425000
16.66441700
16.73300000
16.64400000
16.59595800
16.73904200
16.73945800
16.58245900
16.71687500
16.66212500
16.69295800
16.64208300
16.72254200
18.30887500
15.06570800
16.65158400
16.76854100
16.58750000
17.01687500
16.63491700
16.59366700
18.08512500
16.15266600
16.35216700
16.71066700
16.37929100
16.75750000
16.42375000
16.68575000
16.70408400
16.61029100
16.76000000
16.57850000
16.65895900
16.69366600
16.99375000
16.37670900
16.72637500
16.75145800
16.68454200
16.55054100
16.71887500
16.72029200
16.62362500
16.76750000
16.61412500
16.71295800
16.63658400
16.60883300
16.77279200
16.85566600
16.43758400
16.99733300
16.45879200
16.76616600
16.80491700
16.36541700
16.64937500
16.76962500
16.68433300
16.67233300
16.62733400
16.72450000
16.62141600
16.70304200
16.66283300
16.73187500
16.63920900
16.76337500
16.65979100
16.61587500
16.67083400
16.78537500
16.64175000
16.73212500
16.76425000
16.59633300
16.62191700
16.74437500
16.63779100
16.65166700
16.65241700
16.75716600
16.68045900
16.60108300
16.71158300
16.69200000
16.74425000
16.66379200
16.60545800
16.71733400
16.74225000
16.61362500
16.72966600
16.86787500
16.67012500
16.66470900
16.66320800
16.65545800
16.70745900
16.61920800
16.58283300
16.75300000
16.69620900
16.72687500
16.69545800
16.50579200
16.76600000
16.70962500
16.67341600
16.83145900
16.56937500
16.67745800
16.63675000
16.69175000
16.68987500
16.66370800
16.62975000
16.70050000
16.77195900
16.69712500
16.57170800
16.71220800
16.73791700
16.60062500
16.76687500
16.64566700
16.72508300
16.60187500
16.69520800
16.75958400
16.67095800
16.71387500
16.64925000
16.62504200
16.75266600
16.63758400
16.72387500
16.62016600
16.70079200
16.76066700
16.60375000
16.82033300
16.52695800
17.97062500
15.40308400
19.37383300
14.18525000
16.50412500
16.80045800
16.52408400
16.68875000
16.76787500
16.62633300
16.85895800
16.57450000
16.78337500
16.59966700
16.55066700
17.01508300
16.66679200
16.60745800
16.61866700
16.51437500
16.88829100
16.66033400
16.62900000
16.57995800
16.61804200
16.78754100
16.80083400
16.62450000
16.78870800
16.77558300
16.60600000
16.53000000
16.72566700
16.67133300
16.64170900
16.63662500
16.71970800
16.74787500
16.56158300
16.69716700
16.72750000
16.66708300
16.82458400
16.58345800
16.65891700
16.74658300
16.65354200
16.72295800
16.63529200
16.59579100
16.84250000
16.55483400
16.77037500
16.68608300
16.57833300
16.71933400
16.67091600
16.75100000
16.61070900
16.73050000
16.64120800
16.65566700
16.75316600
16.63229200
16.68795800
16.72904200
16.59816700
16.74616600
16.64804200
16.76625000
16.82612500
16.62829200
16.66745800
16.61487500
16.70866700
16.71616600
16.66091700
16.59070800
16.73145900
16.88041600
16.56325000
16.75595900
16.68741600
16.81916700
16.64620800
19.31150000
15.21754200
16.07691700
16.77712500
16.23483300
16.66445800
16.55612500
16.66933400
16.65745800
16.77825000
16.50716700
16.67091600
16.64604200
16.85829200
16.61941600
16.61729200
16.75287500
16.49716700
16.75791600
16.69641700
16.82008300
16.56866700
16.64400000
16.62070800
16.83025000
16.56283400
16.84879100
16.77845900
16.31941600
16.92062500
16.56058400
16.83070800
16.71087500
16.77954200
16.52741600
16.76295900
16.36933300
16.61216700
16.84033300
16.69895800
16.72058400
16.70770800
16.58316700
16.93920800
16.45512500
17.12087500
16.40837500
16.66033300
16.60691700
16.72325000
16.76975000
16.60662500
16.57550000
16.76029200
16.61445800
16.61854200
16.99245800
16.55779200
16.42283300
16.69604200
17.35550000
16.31645800
16.60795800
16.65129200
16.52283300
16.67450000
17.01533400
16.48112500
16.60854100
16.97195900
16.52775000
16.52100000
16.66166600
16.85945900
16.41366600
16.82520900
16.60929100
16.70395900
16.82966600
16.49216700
16.86804200
16.67075000
16.76979100
16.62220900
16.48658300
16.71541700
16.79204100
16.67566700
16.60875000
16.70450000
16.68937500
16.73995800
16.63658400
16.57600000
16.82962500
16.66116600
16.66525000
16.71387500
16.49216700
16.80225000
16.88658300
16.53004200
16.67770800
16.82900000
16.53195900
16.92437500
16.42270800
16.78458300
16.49220900
16.86095800
16.72570800
16.56379200
16.73308300
16.65645900
16.73783300
16.66454200
16.68845800
16.54308300
16.96366700
16.74791700
17.26100000
16.36075000
16.23554100
16.79241700
16.54450000
16.63595800
16.54008400
16.96620800
16.51750000
16.66541700
16.90004100
16.59208400
16.64316600
16.59470900
16.73483300
16.68462500
16.66137500
16.69495800
18.07354200
15.36112500
16.53687500
16.68504200
16.76725000
16.65966600
16.73662500
16.51795900
19.55141600
13.86666700
16.93983300
16.57520900
16.54904100
16.76337500
16.83950000
16.53850000
16.69829200
16.64320800
16.68462500
16.88983400
16.48354100
16.63008400
16.79245800
16.55395800
16.68025000
16.74825000
16.61800000
17.02545900
16.38758300
16.82170800
16.64216700
16.57445800
16.87770900
16.47595800
16.78737500
16.63079200
16.66175000
16.76566600
16.69587500
16.74045900
16.59495800
16.53816700
17.08483300
16.34954200
16.72316600
16.53158400
16.90629100
16.65325000
16.65591700
16.63991700
16.73004100
19.23308400
14.14029100
16.63141700
16.71595800
16.65558400
16.64304100
16.67233400
16.73154100
16.79208400
16.59029100
16.67154200
16.57208300
16.77229200
16.74254200
16.70416600
16.57975000
16.70762500
16.63416700
16.71225000
16.88129200
16.67283300
16.49341700
16.83887500
16.78916600
19.32183400
15.46095800
16.17629200
16.32304100
16.66183400
16.39341600
16.56925000
16.58670900
16.65300000
16.62983300
16.70158300
16.73412500
16.95787500
16.30216700
16.65333300
16.72633400
17.01175000
16.95970800
16.30745800
16.45145900
16.74125000
16.68545800
16.55475000
16.80637500
16.67045800
16.63383400
16.62816600
16.94229200
16.44950000
16.74087500
16.69041700
16.67862500
17.01204100
16.41116700
16.76933300
16.34491700
16.63983300
16.77437500
16.58320900
16.81658300
16.67475000
16.67658300
16.73125000
16.59450000
16.56391700
16.82883300
16.55929200
16.88516700
16.67720800
16.67100000
16.49200000
16.86920800
16.68620900
16.58862500
16.66295800
16.61316700
16.76658300
16.81862500
16.64645800
16.52770900
16.84695800
16.63566700
16.67316600
16.75691700
16.67470800
16.63079200
16.74912500
16.61508300
16.64775000
16.73895900
16.59491600
16.77045900
16.87270800
16.50179200
16.68837500
16.58725000
16.73683300
18.77366700
14.74829100
17.26437500
15.89800000
16.97450000
16.58066700
17.42020800
15.91087500
16.52070900
16.71750000
16.81762500
17.60066600
16.01750000
16.70058400
16.76729100
16.43179200
16.72050000
16.77175000
16.75600000
16.67016700
16.56458300
16.56516700
16.96200000
16.34716600
16.85137500
16.53537500
16.58754200
16.74891700
16.77045800
16.42500000
16.66295800
16.84108400
16.67691600
16.76554200
16.50512500
16.77854200
16.66812500
16.57225000
16.79245800
16.53570800
16.88254200
16.64816700
16.49308300
16.86691700
16.67775000
16.54741600
16.82983400
16.64095800
16.66358300
16.71570900
16.63620800
16.77108300
16.62916700
16.55875000
16.77908300
16.89500000
16.38233400
16.79195800
16.79933300
16.94095900
16.53954100
16.44066700
16.75387500
16.54645800
16.82716700
16.71333300
16.65525000
16.62829200
16.68504200
16.55866600
17.12250000
16.26350000
16.84350000
16.48816700
16.77875000
16.66487500
16.67154200
16.70570800
16.71575000
16.59670800
16.63725000
16.72741700
16.63350000
16.69625000
16.82195800
16.63179200
16.63483300
16.71162500
16.65775000
16.81341700
16.51229200
16.79650000
16.65691600
16.79358400
16.57016600
18.17887500
15.09916700
16.79991700
16.57666600
16.71495900
16.69025000
16.81379100
16.67850000
16.54641700
16.82741700
16.57987500
18.70487500
14.74166600
16.62175000
16.74737500
16.59120900
16.67633300
16.62491700
16.74629100
16.77825000
16.94841700
16.45145800
16.60479200
16.68270800
16.69037500
16.55770900
16.71516600
16.80470900
16.65966600
16.74766700
18.05141700
15.18958300
16.70625000
16.73054200
16.66720800
16.98400000
16.37295800
16.75795900
16.61950000
16.70991600
16.66850000
16.69129200
16.64675000
16.62887500
16.79420800
16.57308400
16.73020800
16.94479200
16.58908300
18.91579200
15.84208300
16.34145800
16.19125000
16.64775000
16.49070900
16.65245800
16.53616700
16.64425000
16.63829100
16.72308400
16.53908300
16.64670800
16.77354200
16.66912500
16.70054200
16.65729100
16.67016700
16.69645800
16.66050000
16.80058400
16.51237500
16.81920800
16.63587500
16.56066700
16.79366600
16.69341700
16.63483300
16.68279200
16.79441700
16.47995800
16.89541700
16.69337500
16.73029100
16.70020900
16.58162500
16.53325000
16.70758300
16.62637500
16.78216700
16.61750000
16.75316600
16.59179200
16.65137500
16.71250000
16.71262500
16.75387500
16.67841700
16.70458300
16.64804200
16.64816600
16.63679200
16.60758300
16.79054200
16.64254200
16.76595800
16.73637500
16.55154200
16.71241600
16.64616700
16.74050000
16.71166700
16.60608300
16.68487500
16.59616700
16.69120800
16.69962500
16.78970800
16.70091700
16.77712500
16.42220800
16.67775000
16.72858400
16.84000000
16.58387500
16.65812500
16.64729100
16.81687500
16.69558400
16.63512500
16.60616600
16.72062500
16.63150000
16.65987500
16.79550000
16.59758400
16.79883300
16.58904200
16.70816600
16.56766700
16.71708300
16.99287500
16.55475000
16.51620900
16.87462500
16.62987500
16.68558300
16.68075000
16.68658300
16.67137500
16.72170900
16.65737500
16.70708300
16.71800000
16.52183300
16.70387500
16.80850000
16.68612500
16.68145900
16.63487500
16.62875000
16.57245800
19.32133300
14.17037500
16.61133400
16.82904100
16.49495900
16.93050000
16.58320800
16.68558300
16.61350000
17.91654200
15.45970800
16.70304200
16.73870800
16.62887500
17.12225000
16.33583400
16.64820800
16.54929200
16.69920800
16.75908300
16.66616700
16.73720800
16.60020900
16.71387500
16.67670800
16.86412500
16.41300000
16.68612500
16.77025000
16.72425000
16.61629200
16.70950000
16.60416600
16.87137500
16.52983400
16.73383300
16.56537500
16.86262500
16.50120800
16.97920900
16.56133300
16.58175000
16.67487500
16.83637500
16.54033300
16.74541700
16.69950000
16.61900000
16.72825000
16.61091700
16.82945800
16.65654200
16.69604100
19.49970900
14.35987500
16.30329100
16.72520900
16.74762500
16.31795800
16.77154200
16.64079100
16.69283400
16.78920800
16.66720800
16.71800000
16.57537500
16.70475000
16.66329200
16.62616700
16.80691600
16.51425000
16.85020900
16.57954100
16.72945900
16.63579100
16.79425000
16.57258400
16.82850000
16.55204100
16.75366700
16.61708300
16.66695900
16.68466600
16.73816700
16.64770800
16.87495900
16.49754100
16.72437500
16.61254200
16.80654200
16.56691600
16.64266700
16.70541700
16.78458300
16.66241700
16.72079100
16.61254200
16.66483300
16.66308400
16.99037500
16.32475000
16.83816600
16.67529200
16.65233300
16.69512500
16.87725000
16.63308400
19.32995800
15.55391700
16.06029100
16.50916700
16.48920800
16.40054200
16.82808300
16.76316700
16.31854200
16.54958300
16.67983300
16.69208400
16.64025000
16.73437500
16.71479100
16.61800000
16.82895900
16.54333300
16.77837500
16.61108300
16.58387500
16.79604200
16.67333300
16.65204200
16.61862500
16.79450000
16.58716700
16.78995800
16.59650000
16.74641700
16.62412500
16.55462500
17.22970800
16.43595800
16.64408400
16.77954100
16.34637500
16.69904200
16.84695800
16.49158400
16.60095800
16.72791700
16.85129100
16.61558400
16.68479100
16.81191700
16.54558300
16.76554200
16.65945800
16.62487500
16.67400000
16.61062500
16.76537500
16.70754200
16.70587500
16.49466700
16.93783300
16.46608300
16.65354200
16.77700000
16.74416700
16.79783300
16.54620800
16.60925000
16.81300000
16.61066700
16.57691700
16.88358300
16.53079200
16.80200000
16.52312500
16.86008300
16.52004200
16.81058300
16.66862500
16.64866700
16.69445800
16.70245800
16.68791700
16.89133300
17.27225000
17.82575000
15.15750000
16.91308400
17.37320800
15.95875000
16.19166700
17.75766600
15.53729200
16.91154200
16.66900000
16.63491600
16.71491700
16.83279200
16.48508300
16.70154200
16.67662500
16.57533300
16.76220800
16.77200000
16.54350000
16.53075000
16.56945900
16.92991600
16.47366700
16.65566700
16.81783300
16.84570800
16.47854200
16.87395800
16.58741700
16.68600000
16.77320800
16.46829200
16.88516700
16.56754100
16.75416700
16.58579200
16.72029100
16.52304200
16.83866700
16.60579100
16.82458400
16.71629100
16.55808400
16.75741600
16.61670900
16.78041600
16.60675000
16.65287500
16.73462500
16.60900000
16.68058400
16.71475000
16.54391600
17.04662500
16.38933400
16.68737500
16.69000000
16.73262500
16.62550000
16.75641600
16.63000000
16.66787500
16.67308400
16.64691600
16.77487500
16.69912500
16.61804200
16.67920800
16.70670900
16.76154100
16.65100000
16.59758400
16.75354100
16.63804200
16.67262500
16.74629200
16.62695800
16.67566700
16.71583300
16.64441700
16.69325000
16.60833300
17.50287500
15.95929200
16.68145800
16.66154200
16.70741600
16.67700000
16.72054200
16.62233300
16.89633400
16.58633300
16.63970800
16.65900000
16.72433400
16.68175000
16.83737500
16.49137500
19.33737500
14.08079100
16.71304200
16.62933300
16.64100000
16.62987500
16.73725000
16.83750000
16.62858400
16.65900000
16.62808300
16.68279200
16.70433300
16.69200000
16.58229200
16.76941600
16.54716700
16.77479200
16.63137500
16.61395800
16.84529200
18.15879100
15.19308400
16.69754100
16.64416700
16.67187500
16.69966700
16.68466600
17.05220900
16.61404100
16.71441700
16.66450000
16.62245800
16.46420900
16.58108300
16.80691700
16.80950000
16.62362500
18.79037500
16.16525000
16.20345800
16.18204200
16.76983300
16.43258300
16.60866700
16.73383300
16.58383400
16.49350000
16.68912500
16.63004100
16.67641700
16.68945800
16.81587500
16.48979200
16.62541700
16.72695800
16.79637500
16.60075000
16.63041700
16.77012500
16.69225000
16.65166600
16.72575000
16.70658400
16.53133300
16.65470800
16.86495900
16.71279100
16.48087500
16.78025000
16.78495900
16.70891600
16.78987500
16.36658400
16.67200000
16.56833300
16.75141700
16.80337500
16.63158300
16.68570800
16.51695900
16.85041600
16.63658400
16.67662500
16.69512500
16.63229100
16.78962500
16.58645900
16.71175000
16.58691600
16.79962500
16.64837500
16.57637500
16.85133400
16.63320800
16.67733300
16.54783400
16.76270800
16.71041700
16.66633300
16.75125000
16.69741700
16.67745800
16.65387500
16.68883300
16.70862500
16.66250000
16.52083400
16.77858300
16.69354200
16.60120800
16.99641700
16.60308300
16.52916700
16.77883300
16.62641700
16.81283300
16.62170800
16.57616700
16.85029200
16.58012500
16.77145800
16.63075000
16.66691700
16.55520800
16.73637500
17.02775000
16.54258300
16.62029200
16.48237500
16.93083300
16.63333400
16.52591600
16.82787500
16.49470900
16.80925000
18.33341600
15.06920900
16.62883300
16.68029200
16.58116600
16.78779200
16.89583300
16.48408400
16.69004100
16.72841700
16.66650000
16.67904200
19.25008300
14.12029200
16.65179100
16.75416700
16.62808300
16.72350000
16.70337500
16.50541700
16.81729200
16.69304100
16.61079200
16.76779200
16.50741600
16.85491700
18.15383300
15.16325000
16.69704200
16.75470800
16.63750000
16.65912500
16.70037500
16.60891700
16.75695800
16.83695900
16.51566600
16.85733400
16.61487500
16.57662500
16.73266600
18.01966700
15.27779200
16.60691600
16.75679200
16.55291700
16.91266600
16.60604200
16.68266700
16.68941600
17.28366700
16.28300000
16.50037500
16.75437500
16.45883300
16.80704200
16.72975000
16.52779200
16.74187500
16.82825000
16.69712500
16.69091600
16.53554200
18.33904200
15.01150000
16.83750000
16.58495800
16.53304200
16.79304100
16.67991700
16.77908300
16.46616700
16.89700000
16.84708300
16.48708400
16.83120800
16.63625000
16.56062500
16.69300000
16.65825000
16.68812500
16.65875000
16.71445800
16.52829200
17.14933300
16.47704200
16.46250000
16.77854200
16.78137500
16.65645800
16.60591700
16.76458300
16.70912500
16.48233300
17.00779200
16.98754200
16.14962500
16.75954100
16.62037500
16.78883400
16.57720800
16.71520800
16.59100000
16.78304200
16.67087500
16.77137500
16.66525000
18.53041700
16.01904100
15.96866700
16.45608300
17.00525000
16.11762500
16.90158400
16.95437500
16.76462500
16.16254100
16.79387500
16.69075000
16.69458400
16.55445800
16.53420800
16.83937500
16.88220900
16.48362500
16.71420800
16.72887500
16.62495800
16.78658400
16.71083300
16.77287500
16.62670800
16.57854200
16.85762500
16.28762500
17.05412500
16.40441700
16.95258300
16.40141700
16.65058300
16.90462500
16.65025000
16.60800000
16.70345800
16.58733400
16.76270800
16.76341700
16.63120800
16.66404200
16.62279100
16.77866700
16.85070800
16.63275000
16.59275000
16.71666700
51.24229200
17.50845800
11.95708300
7.68591700
7.69525000
6.66645800
14.90716700
17.80962500
17.73737500
20.58975000
9.78112500
16.59200000
16.50629200
16.83333300
16.42220800
17.23633400
16.37637500
16.45737500
16.77779100
16.74075000
16.62075000
16.73804200
16.94083300
16.65600000
16.43429200
16.67737500
16.61383300
16.72787500
16.72500000
16.67904200
16.55858300
16.91591700
16.54183300
16.63012500
16.67758400
16.57470800
16.77062500
16.56550000
16.74545800
16.66058400
17.16945800
16.54508300
16.81562500
16.25725000
16.84375000
16.67212500
16.69591700
16.69400000
16.63408300
16.80558400
16.57516600
16.67650000
16.72054200
16.51854200
16.89400000
16.44537500
16.88845800
16.73370800
16.51162500
16.55404200
16.83245800
16.66879200
16.63166700
16.76170800
16.76770800
16.59100000
16.62054200
16.56029200
16.75837500
17.04716600
16.56800000
16.58037500
16.67404200
16.54275000
16.80637500
17.05670800
16.26004200
16.87833300
16.65566700
16.55679200
16.70737500
16.64104100
16.64962500
16.75287500
16.69791700
16.65937500
16.66054200
16.68079100
16.64383400
16.65316600
16.56958400
16.90587500
16.72433300
16.45341700
16.91358300
16.62445800
16.50704200
16.67995800
16.82925000
16.63250000
17.18125000
16.31900000
16.65987500
16.70129200
16.72433300
16.38279200
16.73041700
16.85270800
16.70116700
16.72662500
16.55125000
16.71625000
16.72450000
16.69575000
16.64691600
16.66100000
16.69070900
16.68962500
16.84350000
16.76879100
16.36091700
16.77612500
16.62870800
16.74670900
16.94337500
16.46737500
16.64895800
16.63708300
16.53979200
16.76037500
16.71412500
16.59329200
16.74804100
16.70820900
16.71783300
16.99504200
16.38258300
16.86912500
16.53770800
16.90929200
16.46550000
16.65141700
16.82637500
16.63079100
16.70079200
16.48195800
16.74966700
16.70125000
16.66466700
16.68658300
16.64004200
16.69904100
16.57825000
16.86650000
16.66904200
16.68208300
16.67525000
16.80958400
16.53195800
16.66354200
19.60283300
13.84791700
16.62000000
16.72154100
16.69375000
16.61533400
16.67370800
16.58008300
16.78450000
16.75483400
16.77354100
16.61820900
16.58233300
16.75454200
16.61966600
16.70345900
16.69208300
16.73800000
16.63220800
16.66525000
16.69316700
18.53437500
14.83925000
16.76625000
16.45850000
16.80041700
16.68108300
16.69791700
16.76850000
16.54570800
16.61300000
16.90387500
16.66616700
16.63804100
16.65487500
16.90270900
16.69008300
16.56216700
16.59579100
16.74770900
16.56404100
16.72575000
16.59616700
16.75775000
16.85691700
16.37266600
16.76520900
16.62670800
16.63362500
16.69670800
16.70341700
16.67420800
19.24787500
14.42004200
16.39662500
16.97287500
16.71545800
18.29716700
16.67091700
16.04700000
16.22754100
16.70087500
16.41570900
16.69054100
16.38362500
16.73775000
16.71266700
16.65545800
16.69337500
16.50545900
16.70425000
16.64108300
16.71237500
16.64808300
16.77966700
16.63808300
16.63633400
16.89279100
16.46283400
16.77116600
17.02837500
16.71808400
16.61945800
16.54891700
17.18587500
16.01608300
16.51904200
16.77995800
16.66183300
16.89183400
16.78441600
16.46550000
16.89625000
16.64325000
16.28491700
16.86491700
17.42820800
15.85491700
16.74825000
16.55775000
16.74995800
16.67641700
16.65587500
16.63083300
16.88775000
16.65770800
16.51737500
16.75116700
16.73570800
16.64658400
16.70833300
17.01966700
16.54541600
16.49504200
16.52404200
16.88112500
16.63508300
16.55529200
16.97462500
16.35225000
16.82625000
16.72558300
16.60129200
16.72237500
16.72891600
16.68712500
16.83804200
16.52287500
16.56825000
16.77337500
16.65479200
16.67029100
16.73416700
16.63020800
16.70512500
16.66912500
16.65841700
16.69166700
16.98795800
16.56616700
16.69900000
16.77316600
16.55341700
16.62637500
16.73533300
16.56654200
16.58979200
16.91458300
16.40529200
16.82866600
16.72937500
16.57266700
16.75287500
16.53100000
16.83812500
16.71962500
16.82337500
16.47629200
16.77758300
16.65445800
16.47241700
16.77625000
16.59012500
16.82116700
16.77700000
16.61158300
16.71387500
16.59412500
16.72558300
16.70079200
16.66570800
16.69266700
16.73333300
16.75266700
16.58425000
16.65541700
16.67458300
16.72154200
16.58216600
16.78108400
16.66891600
16.53370900
16.81766600
16.55512500
16.78595900
16.68941600
17.31004200
17.17245800
15.86391700
16.81779200
16.61045800
16.66812500
16.63291700
16.62779100
16.56866700
16.91887500
16.49541700
16.48500000
16.83441600
16.44075000
16.94337500
16.56675000
16.78158400
16.69679100
16.69325000
16.51475000
17.05012500
16.41612500
16.61775000
16.65995900
16.57712500
16.85191600
16.68320900
16.71500000
16.52487500
16.95966600
16.66620900
16.54425000
16.68650000
16.69275000
16.62083300
16.76770800
16.63725000
16.67550000
16.85204200
16.48979200
16.75516600
16.60225000
16.74120900
16.68495800
16.71150000
16.56612500
16.72329200
16.69558300
16.65562500
16.68808300
16.64683400
16.76775000
16.58841600
16.76704200
16.65595800
16.59141700
16.79000000
16.63437500
16.79558300
16.57091700
16.72587500
16.60562500
16.73716700
16.71020800
16.78916700
16.48404100
16.65962500
16.86958400
16.59283300
16.70341700
16.65120800
16.61862500
16.75970800
16.66529200
16.67162500
16.74820800
16.69791700
16.65504200
16.73870800
16.66266700
16.60283300
16.76345800
16.68954200
16.63441700
16.58612500
16.67216600
16.75054200
16.67145800
16.70483400
16.84666600
19.26983400
14.07075000
16.58308300
16.71958300
16.71820900
16.75866600
16.50829200
16.79216700
16.53820800
16.79237500
16.50654200
16.83233300
16.58558300
16.81183400
18.54666600
14.84170900
16.64495800
16.70737500
16.63808300
16.68066700
16.65004200
16.80441600
16.46116700
16.81041700
16.65058300
16.79979200
16.91420800
16.50183300
19.18316700
15.59750000
16.21079200
16.24887500
16.56125000
16.55116600
16.66025000
16.56754200
16.61579200
16.69891600
16.82533400
16.49670800
16.64404200
16.71716600
16.62454200
16.71766700
16.70783300
16.67441700
16.64112500
16.73975000
16.65920800
16.63291700
16.70562500
16.57875000
16.75737500
16.59995800
16.81337500
16.67845800
16.75995900
16.52704100
16.66683400
16.93479100
16.79979200
16.47883300
16.73100000
16.74412500
16.49708400
16.58616600
16.58150000
16.72104200
16.87387500
16.72604200
16.67100000
16.58187500
16.65337500
16.75208300
16.58162500
16.64362500
16.77316700
16.75870800
16.70970800
16.64308400
16.56629100
16.69145900
16.70304100
16.71245900
16.67304100
16.50870900
16.80225000
16.84929100
16.53495900
16.57183300
16.86537500
16.60683300
16.74945900
16.49970800
16.77445800
16.67066700
16.96366700
16.47100000
16.58004100
16.69975000
16.77454200
16.53212500
16.71033300
16.71433400
16.76033300
16.74279200
16.64883300
16.66391700
16.86429100
16.57079200
16.66695800
16.63362500
16.75595900
16.59704100
16.70166700
16.70904200
16.62041600
16.79866700
16.64737500
16.73383300
16.58879200
16.68887500
16.68187500
16.70500000
16.64045800
16.71483400
16.59691600
16.79195900
16.73766600
16.69008400
16.65087500
19.16637500
14.11733300
16.70854200
16.62504100
16.71283400
16.59300000
16.72162500
16.85045800
16.63354200
16.43416600
16.85158400
16.74779100
16.69208400
16.71466600
16.74416700
16.52462500
16.61787500
16.78937500
19.09695800
14.24504200
16.78325000
16.55429200
16.83216600
16.75383400
16.68637500
16.53170800
16.78820800
16.64250000
16.57970900
16.58141600
17.04016700
16.50554200
16.67308300
16.65370800
16.78012500
16.65641700
16.57341700
16.78350000
16.64475000
16.58508300
16.70012500
16.70862500
16.59679200
16.79158300
16.61154200
16.70395800
16.67929200
16.67145800
16.89850000
16.54491700
16.79308300
16.51304200
16.75837500
16.61091600
16.69291700
16.67412500
16.73016700
16.86166600
16.46725000
16.63879200
16.80825000
16.66404200
16.67141600
16.58862500
16.74233400
16.62754100
17.00270900
16.47912500
16.61233300
16.76779200
16.62391600
16.66712500
16.71450000
16.67116700
16.53045800
16.69625000
16.89095900
16.59683300
16.64458300
16.73925000
18.58412500
14.87754200
16.59662500
16.63362500
16.86970800
16.47550000
16.74762500
16.70912500
16.71337500
16.59508400
19.15870800
14.19279200
16.71454100
16.68495900
19.33704100
14.00541700
16.71300000
16.73633300
16.61816700
16.73179200
16.62304100
16.60104200
16.88933300
16.61362500
16.56683400
16.77812500
16.53858300
16.80425000
16.73700000
16.94404200
16.48545800
16.65237500
16.80562500
16.58258300
18.28254200
16.22450000
16.22750000
16.76016700
16.29891600
16.62545900
16.66516600
16.65100000
16.55483400
16.65341600
16.64125000
16.60404200
16.90933300
16.42691700
16.70583300
16.76100000
16.58841700
16.73712500
16.71375000
16.62275000
16.70800000
16.68891700
16.56175000
16.78258300
16.65862500
16.73479200
16.60737500
16.79066600
16.58708400
16.76320800
16.57912500
17.06866700
16.42500000
16.72466600
16.68129200
16.47933300
16.56158400
16.75733300
16.71462500
16.71225000
16.71162500
16.58391700
16.75795800
16.75916700
16.56262500
16.70612500
16.77762500
16.63808300
16.69325000
16.50308300
16.91629200
16.88304200
17.36529100
17.23895900
17.99708300
16.34095800
15.49300000
16.88395900
16.89579100
15.13445900
16.63166600
16.76287500
16.76700000
16.66562500
16.76216700
16.46445800
16.70633400
16.72104100
16.57529200
16.88233300
16.58020900
16.67633300
16.55087500
16.76404200
16.72450000
16.45929100
16.85541700
16.62783300
16.63150000
16.65391700
16.74504200
16.58391600
16.66391700
16.81025000
16.78129200
16.41279100
16.89320900
16.73029100
16.68562500
16.69300000
16.66508400
16.59754100
16.77858400
16.74345800
16.61041700
16.66545800
16.63916700
16.75645800
16.54050000
16.83212500
16.70270800
16.71445900
16.65008300
16.78179200
16.45158300
16.67787500
16.71520800
16.65845900
16.72691600
16.55125000
16.77166700
16.56762500
16.93250000
16.64650000
16.74079200
16.75866600
16.38329200
16.84170800
16.51745900
16.60008300
16.93504200
16.57445800
16.79866700
16.57575000
16.78641600
16.63291700
16.53666700
16.78508300
16.55087500
16.79300000
16.69795800
16.75679200
16.59979200
16.68170800
16.66775000
16.85204200
16.53408300
16.62516700
16.81479100
16.50645900
16.67500000
16.71458300
16.60037500
16.89312500
16.68995800
16.60604200
16.60825000
16.73225000
16.74658300
16.74466700
16.65079200
16.61795800
16.74558300
16.57700000
16.71350000
16.71141700
16.77450000
16.51254200
16.83654100
16.62154200
16.65762500
16.62237500
16.73175000
16.78391700
16.54587500
16.63825000
16.98558300
16.38729200
16.86758300
16.44737500
16.81925000
16.67883300
16.72895900
16.85758300
16.67683300
16.74562500
16.54579200
16.65341700
17.03037500
16.54591600
16.73062500
16.71695900
16.39154100
16.73525000
16.72295900
16.55245800
16.71937500
16.65945800
16.63904200
16.74637500
16.58245800
16.65983400
16.79608300
16.64225000
16.77666700
16.51850000
16.76470800
16.55300000
16.69741700
16.68108300
16.83845800
16.60700000
16.62204200
16.66333300
16.94825000
16.49675000
16.71258400
16.76008300
16.63512500
16.66812500
16.76533300
16.60679200
17.15362500
16.51966700
16.53358300
16.63675000
16.44925000
16.82291700
16.52158300
16.80808300
16.74687500
16.61620900
16.78825000
16.77020800
16.58875000
16.59070800
16.64754200
16.71204200
16.70595800
16.64058300
16.70720900
16.72091600
16.65662500
16.77154200
16.93237500
16.57058300
18.24062500
16.07408400
16.21779100
16.63520900
16.41237500
16.65116600
16.70129200
16.56554200
16.62387500
16.59950000
16.62316600
16.65183400
16.75616600
16.67041700
16.78612500
16.56745800
16.77433400
16.54791600
16.62833400
16.79108300
16.75295800
16.58404200
16.73316700
16.60112500
16.72162500
16.63704100
16.72425000
16.69704200
16.59625000
16.66612500
16.82375000
16.60275000
16.90333300
16.59516700
16.79670800
16.47366700
16.63766700
16.78025000
16.71937500
16.50395800
16.74175000
16.73420800
16.63058400
16.65075000
16.59195800
16.85845800
16.59145900
16.81820800
16.63883300
16.65150000
16.63595900
16.67508300
16.71766700
16.52133300
16.79929200
16.68608300
16.63400000
17.33095800
16.26016700
16.47191700
17.17916600
16.29637500
16.70770900
16.66162500
16.82770800
16.50733300
16.70850000
16.75962500
16.61866700
16.74666700
16.50641600
16.78900000
16.70716700
16.49662500
16.76454200
16.80633300
16.58733300
16.83833400
16.55425000
16.69041600
16.67200000
16.55479200
16.74025000
16.79237500
16.66766700
16.69350000
16.47858300
16.80241700
16.75087500
16.61375000
16.59858300
16.77295800
16.77362500
16.49120900
16.66904100
16.85879200
16.68245800
16.62304200
16.65858300
16.80595900
16.47529100
16.91479200
16.59945800
16.76825000
16.53400000
16.58300000
16.86425000
16.59391700
16.68654200
16.77658300
16.67504200
16.68154100
16.56708400
16.81491600
16.67791700
16.62170800
16.72212500
17.21566700
16.32087500
16.75012500
16.45712500
16.95545800
16.36920900
16.73716600
16.64162500
16.77575000
16.74541700
17.73966700
15.57125000
16.52504100
16.79725000
16.59229200
16.74995800
16.65608400
16.68287500
16.84395800
16.41933300
16.76850000
16.71795900
16.67100000
16.72558300
16.68737500
16.58633300
16.74216700
16.78429200
16.44433300
16.79145800
16.60245900
16.78454100
16.73758400
16.50504100
16.87420900
16.68320800
16.62229200
16.78675000
16.53833300
16.71500000
16.73916700
16.69366600
16.55175000
16.76929200
16.60104200
16.76512500
16.70345800
16.66645800
16.64783400
16.72500000
16.58308300
16.76766700
16.56054100
16.86425000
16.58241700
18.01737500
15.36808300
16.58916700
16.72145800
16.69841700
16.96158300
16.64620900
16.74112500
16.60433300
16.58679200
16.59941600
16.74445900
17.91912500
15.86595800
18.04108300
15.01450000
16.59462500
16.62395900
16.71287500
16.53341600
16.80629200
16.70912500
16.58620800
16.92629200
16.64758300
16.58670900
16.65879100
16.69745900
16.63900000
16.73795800
16.59908300
16.71854200
16.68416700
16.54225000
16.88458300
16.53812500
16.69920800
16.63183400
16.80675000
16.62162500
16.85662500
16.61370800
16.51887500
18.50537500
15.08287500
16.74008300
19.17250000
15.63116700
16.12254200
16.27300000
16.76091600
16.46762500
16.57387500
16.54691700
16.65958300
16.79533400
16.56945800
16.70162500
16.54104200
16.68066600
16.69416700
16.64650000
16.69362500
16.68304200
16.63645800
17.06591700
16.53070800
16.75666700
16.46633300
16.84200000
16.56762500
16.65275000
16.72954200
16.53083300
16.78870800
17.37079200
16.28762500
16.64350000
16.52400000
16.73312500
16.73250000
16.54775000
16.50466700
16.74362500
16.71312500
16.67970800
16.58612500
16.71175000
16.90295800
16.46579200
16.57370800
16.75791700
16.74233300
16.53450000
16.83791700
16.80358300
16.38795900
16.87170800
16.51520800
16.82991700
16.52270800
16.75404200
16.60308300
16.82958400
16.73212500
16.66591600
16.61854200
16.72633300
16.62725000
16.73858400
16.63300000
16.69045800
16.80204200
16.66150000
16.72675000
16.41625000
16.78950000
16.62691600
16.76145900
16.71204100
16.80545900
16.53658300
16.72075000
16.58525000
16.78433300
16.91133400
16.76116600
16.23795900
16.72858300
16.61916700
16.89958300
16.49850000
16.81929200
16.73979100
16.50958400
16.72687500
16.61312500
16.66200000
16.76325000
16.79837500
16.64962500
16.64062500
16.75604100
16.55666700
16.73920800
16.60604200
16.80320800
16.55075000
16.89487500
16.65404200
16.72050000
16.63533300
16.57529200
16.62920800
16.85125000
16.62866700
16.66425000
16.78412500
16.55075000
16.80837500
16.48329200
16.88116600
16.64062500
16.59275000
18.21991700
15.20975000
16.81279200
16.80175000
16.57266600
16.84183400
16.62212500
16.45079100
16.60883400
16.62404100
16.99995900
16.61616600
16.56541700
16.68062500
16.71541700
16.72612500
16.74608300
16.63837500
16.72079200
16.54866600
16.83470900
16.78187500
16.57708300
16.59200000
16.63437500
16.66087500
16.72487500
16.55900000
16.62695800
16.95912500
16.55829200
16.68991700
16.67183300
16.74662500
16.55229200
16.83150000
16.46704100
16.81070900
16.67133300
16.79729200
16.64895800
16.63070800
16.69662500
16.62825000
16.66654200
16.86012500
16.64683300
16.63466700
16.68470800
16.57870900
16.76720800
16.63812500
16.64812500
16.70237500
16.61054200
16.79604100
16.63866700
16.74200000
16.69470800
18.04729200
15.25329200
16.69400000
17.09795800
21.34358300
11.72745900
16.81725000
16.78058300
16.51454200
16.99158300
16.34816700
16.88916600
17.06333400
16.11604100
16.62000000
16.91975000
16.64954200
16.66508300
16.49729200
16.67304200
16.50308300
16.79916700
16.92516600
16.56125000
16.58691700
16.58079200
16.65904100
16.78054200
16.61520800
16.81050000
16.67804200
16.68212500
16.58891700
16.64295800
16.83558300
16.64837500
16.64679200
16.73516700
16.59150000
16.75695800
16.88583300
16.63754200
17.00112500
16.62495800
16.47045900
16.67320800
16.71895800
16.74058400
16.55566600
16.61054200
16.65487500
16.71304200
16.65175000
16.72316600
16.69470900
16.62358300
16.66908300
16.69604200
16.78295800
16.57391700
16.76804200
16.59750000
16.70570800
16.66150000
16.79370800
16.55850000
16.76762500
16.72254200
16.60970800
16.70025000
16.66437500
16.62408400
16.70216600
16.96029200
16.57104200
16.67754100
16.65770900
16.58350000
16.56420800
16.72420800
16.69737500
16.64075000
16.92904200
16.61629200
16.55662500
16.52579100
16.79987500
16.78966700
16.46237500
16.87537500
16.61195800
16.71225000
16.67291700
16.63683300
16.70195900
16.80495800
16.66787500
16.58941700
16.72208300
16.60445800
16.82900000
16.55641700
16.63416700
16.58825000
16.89066600
16.72133400
16.45733300
16.85795800
16.72254200
16.62508300
16.67987500
16.68608400
16.65008300
16.68787500
16.73912500
16.64950000
16.64666700
16.85254100
16.58325000
16.73887500
16.69991700
16.45766700
16.83166600
16.68150000
16.72770900
16.53716600
16.73350000
16.61758400
16.79012500
16.84716600
16.61345900
16.61075000
16.69300000
16.65350000
16.62150000
16.71791600
16.68070900
16.76437500
16.66508300
16.55525000
16.74679200
16.62112500
16.86237500
16.81591600
16.47620900
16.52945800
16.82725000
16.70650000
16.64908300
16.75633400
16.52775000
16.82870800
16.77837500
16.56091700
16.59191600
16.72054200
16.72008300
16.66312500
16.72029200
16.66283300
16.73200000
16.60954200
16.80633300
16.66133400
16.60862500
16.48933300
16.85787500
16.79333300
16.64691700
16.56237500
16.73091700
16.64354100
17.90700000
15.52737500
16.65287500
16.56020900
16.95333300
16.39762500
16.81708300
16.59483400
16.86750000
16.58616600
16.61345900
16.74770800
16.63504200
16.80054100
16.66820900
16.60950000
16.81100000
16.51700000
16.72900000
18.32775000
15.05741600
16.58629200
16.72904200
16.66845800
16.67787500
16.69770800
16.84041700
16.54654200
16.59458300
16.76987500
16.86291700
16.73154100
16.61558400
16.67541600
16.56612500
17.33529200
16.36529200
16.55075000
16.48291600
16.84787500
16.54229200
16.63408300
16.79045900
16.59750000
16.75212500
16.68454100
16.58020900
16.66579100
16.67279200
16.62366700
16.78266600
16.82062500
16.65700000
16.71008400
16.59866600
16.65000000
16.69962500
16.75525000
16.63708400
16.67500000
16.64825000
16.63408300
16.76979200
16.69745800
16.62354200
16.59520800
16.77020800
18.48995900
14.92720800
16.53950000
16.77612500
16.62991700
18.02925000
15.41600000
16.65041600
17.14750000
16.44020900
16.54708300
16.52358300
16.87758400
16.67183300
16.65304200
16.61850000
16.71379100
17.03045900
16.35662500
19.10883300
15.77316700
16.25812500
16.29395800
16.67358300
16.41820900
16.53816600
16.41683400
16.82454100
16.60187500
16.67062500
16.69266700
16.65200000
16.82104200
16.64945800
16.66483300
16.56541700
16.80537500
16.71091700
16.62341600
16.59079200
16.81050000
16.67225000
16.84395800
32.20879200
0.83866700
17.05470800
16.63675000
16.49462500
16.74179200
16.68529100
16.84308400
16.75962500
16.43045800
16.72883300
16.44770900
16.76550000
16.63841600
16.77991700
16.56875000
16.75145800
16.58954200
16.71754200
16.70154100
16.70125000
16.65108400
16.53216600
16.83962500
16.69329200
16.55766700
16.82170800
16.67979200
16.65141600
16.87162500
16.47612500
16.74208400
16.59216600
16.75475000
16.63266700
16.78654200
16.64279100
16.62229200
16.61366700
16.79150000
16.67620800
16.87304200
16.50958300
16.73116700
16.72670800
16.59508300
16.66633400
16.71229100
16.69704200
16.61370800
16.81720900
16.44270800
16.84575000
16.66637500
16.61687500
16.77875000
16.69087500
16.66716700
16.71554100
16.64845900
16.69662500
16.60150000
16.81120800
16.57400000
16.72575000
16.74170800
16.51954200
16.80783300
16.66387500
16.56783400
16.80054100
16.66733400
16.68358300
16.77162500
16.58670800
16.57391700
16.76766700
16.72204100
17.27129200
15.98391700
16.83470800
16.64279200
16.72783300
16.59058300
16.67895900
16.71637500
16.72675000
16.67679100
16.65995900
16.78516600
17.17295900
16.40279100
18.02916700
15.24637500
16.67520800
17.42741700
19.58116700
12.99625000
16.92608300
16.34950000
16.87520800
16.64950000
16.70187500
16.60900000
16.68504200
16.66995800
16.69208400
16.50466600
16.73587500
16.70629200
16.76212500
16.55712500
16.54512500
16.78200000
16.56037500
16.77120800
16.68354200
16.58479200
16.81579100
16.70554200
16.53816700
16.71116600
16.71941700
16.73050000
16.66208300
16.60525000
16.73125000
16.71991700
16.67437500
16.68716700
16.57287500
16.78275000
16.74479100
16.63783400
16.55587500
16.83416600
16.63204200
16.67795800
16.73962500
16.64925000
16.68345900
16.68125000
16.68612500
16.68558300
16.78704200
16.64483300
16.75050000
16.59883300
16.69962500
16.67670900
16.70162500
16.62862500
16.65433300
16.66820800
16.81200000
16.60700000
16.72804200
16.58195800
18.18533400
15.24766600
16.78004200
16.75220800
16.58562500
16.69087500
16.58979200
16.73658300
16.76066700
16.63895800
16.63462500
16.72129200
16.58587500
16.81212500
16.49279200
16.86841600
16.69200000
16.58991700
16.82741700
16.39558300
16.91804200
16.59237500
16.55675000
16.80570800
16.66400000
16.64187500
16.79466700
16.68066600
16.46829200
16.88608300
19.12887500
14.44000000
19.25520900
15.45883300
16.19750000
16.35687500
16.63945800
16.37258400
16.74587500
16.64529100
16.43120900
16.74275000
16.65858300
16.68520800
16.63850000
16.59008400
16.84541600
16.52945900
16.74154100
16.59825000
16.70595900
16.86804100
16.46908400
16.68845800
16.71479200
16.60195800
16.63004200
16.91587500
16.58450000
17.14470800
16.43158300
16.83429200
16.67791700
16.39658300
16.54245800
16.91354200
16.76425000
16.65216700
16.37691600
16.82729200
16.56512500
16.80675000
16.63733300
16.66633400
16.76350000
16.39520800
16.82416700
16.69104100
16.75795900
16.68254100
16.65733400
16.64337500
16.70033300
16.66287500
16.67670800
16.76829200
16.61616700
16.66954100
16.69345900
16.70991600
16.63933400
16.67070800
16.68258300
16.69591700
16.76637500
16.58670800
16.69470900
16.77308300
16.63695800
16.69925000
16.61537500
16.58108400
16.65887500
16.81437500
16.70995800
16.56637500
16.66470800
16.95050000
16.59166700
16.50437500
17.01120800
16.63808400
18.68687500
14.82500000
16.72087500
17.87162500
26.47983300
6.63150000
17.75733300
14.97904200
16.26833300
16.71029200
16.74145800
16.78808400
16.48191600
16.58087500
16.59658400
16.84250000
16.54095800
16.65804200
16.70666600
16.80779200
16.54729200
16.70991600
16.66283400
16.71966600
16.66629200
16.68287500
16.62679200
16.92220800
16.76625000
16.58104200
16.64770800
16.61470800
16.46391700
16.78204200
16.73791600
16.67791700
16.69916700
16.64645800
16.91829200
16.46862500
16.80312500
16.65029100
16.67475000
16.75841700
16.42170800
16.94504200
16.48154200
16.70366600
16.85229200
16.47895800
16.71595900
16.62550000
16.86391600
16.58920900
16.54637500
16.91362500
16.45779100
16.80675000
16.59495900
16.89066600
16.60295900
16.58083300
16.72145800
16.69245900
16.66995800
16.70325000
16.64958300
16.83195900
16.62950000
18.06095800
15.48600000
16.68933300
16.54087500
16.56808400
16.70462500
16.62962500
16.69595800
16.53612500
16.70958300
16.89812500
16.59641700
16.67500000
16.65945800
16.73412500
16.64387500
16.73345900
16.59312500
16.74795800
16.74325000
16.59633300
16.76220900
16.48395800
17.06258300
16.41258400
16.63000000
16.73912500
16.64825000
16.91316600
16.38679200
16.73316700
16.68300000
16.76162500
16.65325000
16.80012500
16.61104100
16.67475000
16.52770900
16.87758300
16.58791700
16.67587500
16.77841600
16.70237500
16.59116700
19.32791700
14.03070800
16.72233300
16.64454200
16.70737500
16.68650000
16.57775000
16.87412500
16.58520800
16.72637500
18.16491700
15.12275000
16.72300000
16.77300000
18.13641700
15.08075000
17.29762500
16.21775000
16.75345800
16.56479200
16.71895800
16.62550000
16.66004200
16.65904100
16.68375000
16.73141700
16.60095800
16.90904200
16.59854200
16.50462500
16.75066600
16.77300000
16.63058400
17.38133300
15.91579200
16.91337500
16.52904100
17.03583400
16.83566600
16.24929200
16.66366700
16.70437500
16.63587500
16.78562500
16.55995800
16.80370800
16.54641700
16.68850000
16.77216700
16.53012500
16.79741600
16.61591700
18.38175000
16.14412500
16.63050000
16.32479200
16.80866600
16.43712500
16.56362500
16.43445900
16.87270800
16.49604200
16.77983300
16.65958300
16.50595900
16.63150000
16.87400000
16.53400000
16.64391600
16.87320900
16.51720800
16.65458300
16.75170900
16.64212500
16.72266600
16.75075000
17.29058400
16.11633300
16.73904200
16.69520800
16.46583300
16.65275000
16.71141700
16.84658300
16.71262500
16.73937500
16.60587500
16.52358400
16.65295800
16.68762500
16.77250000
16.57475000
16.67970800
16.68520900
16.66604100
16.71100000
16.75233400
16.61425000
16.64383300
16.77112500
16.77862500
16.52025000
16.67879200
16.79795800
16.58383300
16.94962500
16.28887500
16.94079200
16.64933300
16.52895900
16.77508300
16.63737500
16.63004200
16.71933300
16.54358300
16.88875000
16.70795900
16.54779100
16.70650000
16.59362500
16.78279200
16.61175000
16.79345800
16.61258400
16.70766600
16.88862500
16.50204200
16.50000000
17.52050000
16.04808300
16.77245900
16.63225000
16.61529100
16.67637500
16.78537500
16.57250000
17.10204200
16.45600000
16.60400000
16.67216700
16.69775000
16.66925000
16.54300000
16.82412500
16.54895800
16.98975000
16.45087500
16.66716700
16.65158300
16.79929200
16.65366600
16.55166700
16.67954200
16.83233300
16.62137500
16.61516700
16.79166600
16.48725000
16.83275000
16.69800000
16.77479200
16.56412500
16.56308300
16.82762500
16.59437500
16.70079200
16.80829200
16.58787500
16.68900000
16.67883300
16.66929200
16.59341600
16.90100000
16.53245900
16.62237500
16.85583300
16.57704200
16.68233300
16.75166700
16.74333300
16.59991700
16.74291600
16.72725000
16.70770900
16.44712500
16.69200000
16.86200000
16.56100000
16.72104100
16.69787500
16.57687500
16.83658400
16.48220800
16.85083300
16.61762500
16.63191700
17.05220800
16.68354200
16.26187500
16.69425000
16.68066700
16.74770800
16.64308300
16.81412500
16.66233400
16.64595800
16.60525000
16.65979200
16.72716600
16.67225000
16.66395900
16.67337500
16.77670800
16.65608300
16.81270900
16.50650000
16.71945800
16.63187500
16.80216700
16.75358300
16.58612500
16.70525000
16.64050000
16.59925000
16.67562500
16.80458300
16.56391700
17.08229200
16.66966600
16.63837500
16.72087500
17.24120900
15.90641600
16.70495900
16.56291600
16.81104200
16.58383300
16.66295900
16.73133300
16.65220800
16.97558400
16.48337500
16.68283300
16.58804200
16.79887500
18.48383300
14.83062500
16.58250000
16.73587500
16.60025000
16.80945800
16.70800000
16.74441700
16.58912500
16.54129200
16.77187500
17.02175000
16.72725000
16.41408300
16.52987500
16.79966700
16.70387500
16.76570800
16.57529200
16.59262500
16.81875000
16.55041600
16.67458400
16.79287500
16.78216600
18.90787500
15.77850000
16.14200000
16.62166700
16.29750000
16.69862500
16.67470800
16.38295900
16.72858300
16.74941700
16.48541600
16.71825000
16.76229200
16.57350000
16.71820800
16.63975000
16.73916700
16.64870800
16.69533400
16.72891600
16.71833400
16.50175000
16.85475000
16.61383300
16.78312500
16.49875000
16.78308300
16.62358400
16.70420800
16.71291700
16.70904100
16.76954200
16.74270800
16.63858400
16.60379100
16.64395900
16.66758300
16.61254200
16.66858300
16.74025000
16.70275000
16.62270800
16.86966700
16.49566700
16.70116600
16.56537500
17.03920900
16.37475000
16.77937500
16.67766600
16.65845900
16.63466600
16.69929200
16.67837500
16.68495800
16.77991700
16.60700000
16.52833300
16.90545900
16.66175000
16.46966600
16.85670900
16.69466600
16.68616700
16.74650000
16.49450000
16.65916700
16.89745800
16.78158300
16.64729200
16.39962500
16.92662500
16.60162500
16.72575000
16.60141700
16.62141600
18.51962500
15.30087500
16.54845900
16.64162500
16.75829100
16.79204200
16.51533300
16.58495900
16.89062500
16.50604100
16.45191700
16.93070800
16.65241700
16.55700000
16.77562500
16.51408300
16.80400000
16.61625000
16.68529200
16.82700000
16.55429200
16.74495800
16.65383300
16.73300000
16.50312500
16.65925000
16.98695900
16.57887500
16.63687500
16.56987500
16.95795800
16.70904200
16.59700000
16.64150000
16.45604100
16.73208400
16.88462500
16.63895800
16.67008300
16.56033400
16.96100000
16.43650000
16.87325000
16.52037500
16.68720800
16.73062500
16.78320800
16.43354200
16.78995800
16.72812500
16.65558400
16.65920800
16.66966700
16.68383300
16.68633300
16.59520900
16.85950000
16.59808300
16.80645800
16.57791700
16.63458300
16.76083400
16.60166600
16.58770900
16.87645800
16.66341700
16.68129100
16.52133400
16.77608300
16.76783300
16.64641700
16.64512500
16.73579200
16.58604100
16.64812500
16.70333400
16.68850000
16.72662500
16.75337500
16.69325000
16.65387500
16.55670800
16.65687500
16.89004200
16.47670800
16.89729200
16.56920800
16.61883300
16.72550000
16.79937500
16.77841700
16.80041700
16.42625000
16.72200000
16.60366600
16.58450000
16.66600000
16.86091700
16.62225000
16.87116700
16.65841600
16.53058400
16.67841600
16.71025000
16.64991700
18.68825000
14.80629200
16.57900000
16.73687500
16.65012500
16.56716600
16.65025000
16.82145900
16.65837500
16.63345800
16.77495800
16.59666700
16.72854200
16.76637500
16.64650000
16.51783300
16.79466700
16.74650000
16.69450000
16.58137500
16.70983300
16.69820800
16.65608400
16.59870800
16.84295800
16.68820900
17.87425000
15.44154100
16.76629200
16.58712500
16.71050000
18.19025000
15.12729200
16.67487500
16.84454100
16.74429200
16.57491700
19.02879100
15.73170900
16.16475000
16.50125000
16.37508300
16.69895800
16.47679200
16.64308300
17.06495900
16.37250000
16.56583300
16.60395800
16.67345900
16.62437500
16.82775000
16.66033300
16.53783300
16.83066700
16.60854200
16.59145800
16.87300000
16.63033300
16.54162500
16.75787500
16.59512500
16.84495900
16.78054100
16.62291700
16.58575000
16.78783300
16.60750000
16.76379200
16.81904200
16.62437500
16.75812500
16.35533300
16.70512500
16.54629200
16.89991600
16.63404200
16.66125000
16.73137500
16.54066700
16.67233300
16.67995800
16.81645900
17.05158300
18.47200000
14.56429200
16.67208300
16.60404200
16.68083300
16.86000000
16.49470800
16.69441700
16.77379200
16.48912500
16.92087500
16.57908300
16.66579200
16.73566600
16.71504200
16.50700000
16.85695800
16.62958400
16.58358300
16.73287500
16.72491700
16.79866600
16.66820900
16.48000000
17.09366600
16.25854200
16.93295800
16.61304200
16.64575000
16.72225000
16.54991700
16.61066600
16.94537500
16.62866700
16.61466700
16.67608300
16.70300000
16.55195800
16.83091700
16.73454200
16.64454100
16.51954200
16.82791700
16.68329100
16.65929200
16.57383300
16.84320900
16.76091600
16.53608400
16.74966600
16.60645900
16.57950000
16.82137500
16.55570800
16.92837500
16.50875000
16.68400000
16.82800000
16.48725000
16.66450000
16.88312500
16.58783300
16.73441700
16.60708300
16.72758400
16.72050000
16.50816600
16.82679200
16.63883300
16.80470900
16.68279100
16.60950000
16.74437500
16.68675000
16.60633400
16.70704100
16.70312500
16.69829200
16.58929200
16.74270800
16.66920800
16.80420900
16.70700000
16.66783300
16.42762500
16.70054200
16.81650000
16.76620800
16.57058300
16.77233400
16.71566600
16.65350000
16.56700000
16.62804200
16.75579200
16.70500000
16.63279100
16.68675000
16.66795900
16.84150000
16.52095800
16.74266700
16.62991600
16.72129200
16.58575000
16.81375000
16.62725000
16.68933300
16.64537500
19.43341700
13.94850000
16.72670800
16.59475000
16.70091700
16.72687500
16.67358300
16.87641700
16.54716700
16.70466600
16.70754200
16.55312500
16.76162500
16.61625000
16.73970800
16.62112500
16.59404200
16.80712500
16.69679200
16.64408300
16.79470800
16.68208400
16.58112500
16.69008300
16.70012500
18.15691700
15.18179100
16.64337500
16.70266700
16.72045800
16.62537500
16.63295900
16.96125000
16.58225000
16.68720800
16.73745800
16.55120900
16.74958300
16.67095800
16.56633400
16.77312500
16.78287500
16.62050000
16.57462500
17.01958300
17.01900000
17.63316700
15.32433300
16.71250000
16.97179200
17.26370800
17.23312500
15.38150000
16.69745800
16.52545900
16.72920800
16.78016700
16.46466600
16.98395900
16.52387500
16.68862500
16.53570800
16.76366700
16.70900000
16.52883300
16.70387500
16.65712500
16.76091700
16.67070800
16.87070800
16.50558400
16.73695800
16.56062500
16.60762500
16.85112500
16.59116700
16.73129100
16.63450000
16.69675000
16.69212500
16.71129200
16.58195800
16.68937500
16.80220900
16.85141600
16.48900000
16.66816700
16.74354200
16.59445800
16.71545800
16.93429200
16.64970800
16.65870900
16.63804100
16.45541700
16.70562500
16.61583300
16.70129200
16.77854200
16.56995800
16.90945800
16.70075000
16.51445900
16.64616600
16.72587500
16.67604200
16.84020800
16.47987500
16.69091700
16.67650000
16.62900000
16.82320800
16.54629200
16.76025000
16.71970800
16.68170900
16.58954100
16.63795900
16.82825000
16.68483300
16.54987500
16.73362500
16.80658300
16.55316700
16.69562500
16.72462500
16.62258300
16.60100000
16.78387500
16.56304200
16.96183300
16.59658400
16.65216600
16.77475000
16.57700000
16.71529200
16.59512500
16.83008300
16.62350000
16.57204200
16.74954200
17.52116600
16.20416700
16.78204200
16.60916600
16.68720900
17.11962500
38.47237500
3.60937500
7.24033300
16.90508300
18.06583400
15.49025000
16.69662500
16.28141600
16.73750000
16.46583400
16.78400000
16.68533300
16.63912500
16.65733300
16.87675000
16.61041700
16.67337500
17.10695800
16.20770900
16.52816600
16.83783400
16.72420800
16.64758300
16.73491700
16.54033300
16.97204200
16.74812500
16.67004200
16.62745800
16.66179200
16.67504100
16.34175000
16.95762500
16.49037500
16.74370900
16.73666600
16.63087500
16.80358400
16.51616600
16.74741700
16.67579200
16.71504100
16.67362500
16.63204200
16.68691700
16.72783300
16.75820800
16.62920900
16.57108300
16.88729200
16.40745800
16.92700000
16.67616700
16.62420800
16.72720800
16.54908400
16.88250000
16.56270800
16.58079200
16.73383300
16.69525000
16.72458300
16.54187500
16.81825000
16.63129200
17.05804200
16.79579100
16.81041700
16.60245800
16.44175000
16.74445900
17.39929100
15.91545900
16.55445800
16.47154200
16.77883300
16.69775000
16.54462500
16.68729200
16.74212500
16.63216600
16.75458400
16.58550000
16.91437500
16.48883300
16.74875000
16.80541700
16.62104100
16.62925000
16.64404200
16.70683300
16.61070900
16.75354100
16.81500000
16.50837500
16.71400000
16.70166700
16.57583300
16.80291700
16.78875000
16.55754200
16.74029100
16.66620900
18.24829100
15.12479200
16.67750000
16.56170800
16.79654200
16.58325000
16.75262500
16.59345800
16.76908400
16.63616600
16.72137500
16.80008400
16.64800000
16.71629100
16.64512500
16.76300000
16.50870900
16.74654100
16.60591700
17.02733300
16.60458400
19.11641600
15.85545900
16.33925000
15.95800000
16.53145800
16.61420800
16.61945900
16.45212500
16.70370800
16.60304200
16.74420800
16.58529200
16.71837500
16.59429100
16.57133400
16.94708300
16.59529200
16.55791600
16.84595900
16.66437500
16.68554100
16.61779200
16.63887500
16.73308300
16.79258400
16.78604100
16.63858400
16.78358300
16.44095800
16.56625000
16.79633400
16.65545800
17.01562500
16.62720800
16.59300000
16.79208400
16.46325000
16.48504100
16.79779200
16.66325000
16.65558300
16.72362500
16.70408400
16.52358300
16.70645800
16.60004200
16.71375000
16.85475000
16.73933300
16.86270900
16.29062500
16.79954100
16.51741700
16.86066700
16.65608300
16.71241700
16.64008300
16.71716700
16.66975000
16.58858300
17.38458300
16.23183400
16.72604100
16.55066700
16.54187500
16.77050000
16.74250000
16.63433300
16.63800000
16.75508400
16.51850000
16.72358300
16.63895800
16.78245900
16.67700000
16.71041600
16.70370900
16.75429100
16.52087500
16.84304200
16.55333300
16.76900000
16.70237500
16.72595900
16.52850000
16.70458300
16.71595800
16.72350000
16.62000000
16.71445900
16.65550000
16.69054100
16.68800000
16.55325000
16.80133400
16.51533300
16.75550000
16.82320800
16.59350000
16.76275000
16.60016700
16.78625000
16.54645800
16.79895900
16.53662500
16.84804100
16.61108400
16.56962500
16.72620800
16.98412500
16.46133300
16.70691700
16.78112500
18.39437500
14.82887500
16.79304200
16.65100000
16.68700000
16.64075000
16.62095800
17.45750000
15.92408300
16.93354200
16.47279200
16.80991600
16.63266700
16.65504200
16.74350000
16.62925000
16.53154100
16.82241700
16.63129200
16.80145800
16.47504200
16.86125000
16.64704100
16.68783400
16.47800000
16.91541600
16.73454200
16.48500000
16.76179200
16.70316600
16.73383400
18.17795800
15.08741700
16.64341600
16.75400000
16.67833400
19.14991600
14.05745900
16.79208300
16.71329200
16.65591600
16.70166700
16.69933300
16.58820900
16.82475000
16.56225000
16.64837500
16.73654100
18.13895900
15.31325000
16.55537500
16.77612500
16.71000000
16.60779100
16.72079200
16.65041700
16.68920800
16.78175000
16.63566700
16.69333300
16.73408300
16.76312500
16.67212500
16.62375000
16.53600000
16.82620900
16.62645800
16.86145800
16.50204200
16.88983300
16.54091700
16.49829200
16.72937500
16.85416600
16.63333400
16.64762500
16.70104100
16.83695900
16.60320800
16.59787500
16.65462500
16.73441700
16.67808300
18.09279200
15.32504100
16.53691700
16.79437500
16.70933300
16.51762500
16.66725000
16.84316700
16.52845800
18.25875000
15.21041700
16.69804200
16.67220800
18.65420800
14.67816700
16.72712500
16.79150000
16.48775000
16.70816700
16.83158300
16.66258300
19.27250000
15.49262500
16.41058400
16.24658300
16.70816700
16.31279100
16.50100000
16.63654200
16.71987500
16.68154200
16.68445800
16.48966700
17.05820800
16.44070800
16.63616700
16.64125000
16.73416700
16.61308300
16.65920800
16.63316700
16.71279200
16.81600000
16.67341600
16.99516700
16.46412500
16.49433300
16.75704200
16.72100000
16.60108300
16.73287500
16.60550000
16.72508400
17.07612500
16.40583300
16.71900000
16.59812500
16.50775000
16.56179200
16.74316600
16.74804200
16.67487500
16.73116700
16.77054100
16.61612500
16.53387500
16.71708400
16.73904100
16.61379200
16.68820800
16.80154200
16.73370800
16.48225000
16.83666700
16.59716700
16.85050000
16.91304100
16.39841700
16.74262500
16.58058300
16.64183400
16.81225000
16.63820800
16.54987500
16.85208300
16.77695900
16.52620800
16.65975000
16.63162500
16.74837500
16.57495800
16.87016700
16.74345800
16.58266700
16.65087500
16.59312500
16.66825000
16.87370800
16.58570900
16.76025000
16.79875000
16.64979100
16.59433400
16.74420800
16.91104200
16.58579100
16.48433400
16.56770800
16.80154200
16.60141600
16.73858400
16.63508300
16.64833300
16.65237500
16.90920900
16.43179100
16.79183400
16.66929100
16.71695900
16.64191600
16.54545900
16.87483300
16.60275000
16.64104200
16.84091600
16.61295900
16.64908300
16.69500000
16.63554200
16.79458300
16.50491700
16.77583300
16.77695800
16.64545900
16.81883300
16.58466700
16.52091600
16.89079200
16.59900000
16.60095800
16.62079200
16.80062500
16.66754200
16.62516600
16.79304200
16.53675000
16.84720800
16.59370900
16.79500000
16.61483300
16.70879200
16.66645800
16.63070800
16.63483400
16.71816600
16.60250000
16.71066700
16.76033300
16.68033400
16.69033300
16.66970800
16.64487500
16.83450000
16.62483400
16.80729100
16.75258400
16.54166600
16.61591700
16.76170800
16.70941700
16.55850000
16.78658300
16.58554200
16.79800000
16.66054200
16.47616600
16.76770900
16.67591600
16.69791700
16.72129200
16.80112500
16.54000000
16.60466600
16.83475000
16.54470900
16.75483300
16.67279200
16.63887500
16.66283300
16.90479200
16.59754100
16.63545900
16.63712500
16.74554100
16.59041700
16.76570800
16.63604200
19.08762500
14.30737500
16.73500000
16.60904200
18.86079100
14.51375000
16.70025000
16.63654200
16.77591700
16.69512500
16.59679100
16.69600000
16.60045900
18.02579100
15.50129200
16.60550000
17.04033300
16.54958400
16.71387500
16.62495800
16.91516700
16.34808300
16.50279200
16.68462500
16.91262500
16.51729100
16.86175000
16.64791700
16.83933300
16.30866700
16.90295800
16.50587500
16.70154200
16.65658300
16.79616700
16.59091700
16.88858300
16.55766700
16.73470800
16.52141700
16.73516600
16.71183400
16.71762500
16.62516600
16.78950000
16.58804200
16.70504200
16.71545800
16.61891700
16.74325000
16.55362500
16.76020800
18.25637500
15.15091700
16.59829100
16.78304200
16.57804200
16.75770800
16.68845800
16.58050000
16.75837500
16.58491700
16.94408300
18.19495900
15.08837500
16.70395800
16.73533300
18.87754200
15.90841700
16.21270800
16.28270800
16.51595900
16.64145800
16.44937500
16.74229200
16.65487500
16.71633300
16.85175000
16.48312500
16.64620800
16.78308400
16.65837500
16.85045800
16.70437500
16.54904200
16.68450000
16.59545800
16.66670800
16.71837500
16.67833400
16.79729100
16.58616700
16.49100000
16.81012500
16.46070800
16.75258400
16.82562500
16.57533300
16.94991700
16.56458300
16.63937500
16.76354200
16.43408300
16.58966700
16.74304100
16.87370900
16.51612500
16.58462500
16.92758300
16.51966700
16.68575000
16.70329100
16.71625000
16.72687500
16.56050000
16.60441700
16.72391700
16.75129100
16.62504200
16.66541700
16.76604100
16.63179200
16.81833300
16.65958400
16.60029100
16.75508400
16.78208300
16.57687500
16.58304200
16.77562500
16.59920800
16.68958300
16.79483400
16.64925000
16.65033300
16.76179200
16.58495800
16.69645800
16.75595900
16.58129100
16.78233400
16.53708300
16.91287500
16.61158300
16.48550000
16.94050000
16.61437500
16.79212500
16.76079200
16.60637500
16.69270800
16.38066700
16.81891700
16.74608300
16.72970800
16.63750000
16.76020900
16.62391600
16.62345900
16.66225000
16.59345800
16.65312500
16.70845800
16.80216700
16.67675000
16.74212500
16.52920800
16.69562500
16.72845900
16.77487500
16.47341600
16.86020900
16.52916600
16.83275000
16.62004200
16.63795800
16.83870900
16.65225000
16.54020800
16.81633300
16.70070900
16.50270800
16.81300000
16.79208300
16.58037500
16.66745900
16.74733300
16.66466700
16.60091600
16.71025000
16.68225000
16.64250000
16.69791700
16.81837500
16.53650000
16.59958300
16.71066700
16.78337500
16.66983300
16.74204200
16.64766700
16.57050000
16.92783300
16.56104200
16.52954100
16.84437500
18.18316700
15.29920800
16.54516700
16.69658300
16.70637500
16.87295900
16.35504100
16.73287500
16.74629200
16.66854200
16.74404100
16.66591700
16.78570800
16.52329200
16.72033300
16.63412500
16.74120900
16.68425000
18.12895800
15.13808300
16.75858400
16.68433300
16.59691700
16.60437500
16.80583300
16.64912500
16.71225000
16.68020800
16.69670900
16.92991600
16.67537500
16.55745900
16.63629100
16.65700000
16.71850000
16.61400000
16.66862500
16.66870900
16.72387500
16.70537500
16.64683300
16.63883300
16.76420900
16.70850000
16.50162500
16.89579100
16.64416700
16.57383300
16.67966700
16.62525000
16.74779200
16.74683300
16.67720800
16.53195900
16.82825000
16.63829100
16.61366700
16.86154200
16.59983300
16.58975000
16.77941700
16.94787500
16.62691600
16.80825000
16.74800000
16.45487500
16.58287500
16.69875000
16.68750000
16.65583400
16.77041600
16.67112500
16.59595900
16.69883300
16.59895800
16.70533400
16.71116600
16.59750000
16.66804200
16.85666700
16.68037500
16.70145800
16.67212500
16.67666700
16.66879100
16.58904200
16.69733300
16.74258400
16.67054100
16.67945900
16.67741600
16.60641700
16.73537500
16.71025000
16.70416700
16.75970800
16.79891700
16.48487500
19.72483300
15.13325000
16.25187500
16.34195800
16.61366700
16.38333300
16.75433400
16.63733300
16.47379200
16.74570800
16.71116700
16.62545800
16.63900000
16.65695800
16.62345900
16.64641600
16.74166700
16.60766700
16.72266600
16.75704200
16.65058300
16.58254200
16.74133300
16.79095900
16.77529100
16.40570900
16.71345800
16.67966700
16.68229100
16.78408400
16.52904100
16.76070900
17.01587500
16.70729100
16.38858400
16.85504100
16.35766700
16.75433300
16.70762500
16.55187500
16.78270900
16.81058300
16.56879200
16.67333300
16.74795800
16.74595900
16.55475000
16.69087500
16.70216600
16.68554200
16.67075000
16.65633300
16.70900000
16.59241700
16.79841700
16.67750000
16.58025000
16.80254100
16.62433400
16.68995800
16.72175000
16.62979200
16.75000000
16.63800000
16.66329100
16.58412500
16.91791700
16.55866700
16.79050000
16.50066600
16.79120900
16.66720800
16.69758300
16.57779200
16.76987500
16.71825000
16.69641700
16.53741600
16.72512500
16.84887500
16.59954200
16.74250000
16.50954200
16.95450000
16.54645800
16.56887500
16.64712500
16.79733300
16.66562500
16.57362500
16.88125000
16.64566700
16.82183300
16.60516700
16.46466700
16.79137500
16.73612500
16.88479100
18.59020900
15.46454100
16.70133400
16.00616600
16.78525000
16.74629200
16.43995800
16.78245900
16.49058300
16.75679200
16.72462500
16.59670800
16.86633300
16.54129200
16.69091700
16.66716600
16.68650000
16.52762500
16.67179200
16.67716700
16.58066600
16.80920900
16.54425000
16.84175000
16.67050000
16.65283300
16.64462500
16.69804200
16.60825000
16.84095800
16.63262500
16.70845800
16.60075000
16.73541700
16.76508300
16.76033400
16.53725000
16.69312500
16.65166600
16.63662500
16.75491700
16.61658300
16.66050000
16.77891700
16.66012500
16.73458300
16.60658400
16.66604100
16.71333400
16.67600000
16.58458300
16.75616700
16.62312500
16.72450000
16.65462500
16.69595800
16.75475000
16.82837500
16.55662500
16.68716700
16.52216600
16.84545900
16.67029100
16.68950000
16.72058400
16.50754100
16.86883400
16.60754100
16.73508400
16.64220800
16.67875000
16.61700000
16.66520800
16.66166700
16.72525000
16.74200000
16.64562500
16.77812500
16.48804200
16.80145800
16.77137500
16.65137500
16.64758300
16.68379200
16.56200000
16.78137500
16.78883300
16.65283400
16.52162500
16.84250000
19.15512500
14.16316600
16.66483400
16.78637500
16.66583300
16.65416700
16.66841600
16.66325000
16.66891700
16.63425000
18.21737500
15.06158300
16.72133400
16.85783300
16.63516700
16.86462500
16.70295800
16.46270800
16.69754200
16.75875000
16.66966700
16.48316600
16.88650000
18.70191700
14.73670800
16.58966700
16.66812500
16.64408300
16.74937500
16.77358400
16.46879100
16.91958400
16.48679100
16.75000000
16.68295900
16.64037500
17.03175000
16.70570800
16.58762500
16.64783300
16.70191700
16.90445800
16.38616700
16.43354200
16.81579100
16.68670900
16.69012500
16.69583300
16.67033300
16.60212500
16.66133400
16.67829100
16.98508400
16.40245800
18.95054200
15.97866600
16.19945900
16.34787500
16.60154100
16.79758400
16.49520800
16.39316700
16.63258300
16.67187500
16.75658300
16.48729200
16.66545800
16.67041700
16.77450000
16.64237500
16.61975000
16.68162500
16.73650000
16.63954200
16.75766600
16.90400000
16.55016700
16.86195800
16.57679200
16.54891700
16.66325000
16.99729100
16.25820900
16.86704100
16.61562500
16.88554200
16.53845800
16.80670900
16.49141600
16.58141700
16.67708300
16.74162500
16.63362500
17.01179200
16.34358300
16.85075000
16.53200000
16.76904200
16.76320800
16.49462500
16.78520900
16.56991600
16.73487500
16.71829200
16.65866700
16.62033300
16.72312500
16.66875000
16.77316700
16.57595800
16.77100000
16.57937500
16.74362500
16.85929200
16.42658300
16.87054200
16.64187500
16.68279100
16.65270900
16.58962500
16.93200000
16.79525000
17.56041600
15.56091700
16.83100000
16.60858300
16.52295900
16.68441600
16.71670900
16.56416600
16.91729200
16.47741700
16.80633300
16.60337500
16.90683300
16.59916700
17.07604200
16.27075000
16.63325000
16.49700000
16.88683300
16.60783300
16.73191700
16.56308300
16.71233400
16.77400000
16.73029100
16.46750000
16.92541700
16.64687500
16.70350000
16.58641700
16.74437500
16.82000000
16.41654100
16.80287500
16.66583400
16.64800000
16.60683300
16.77854200
16.73975000
16.57679100
16.75204200
16.71787500
16.58287500
18.65662500
14.76712500
16.64154200
16.70087500
16.65383300
16.69254200
16.68675000
16.78466600
16.59520900
16.66141600
17.81770900
15.59158300
16.63620800
16.65250000
16.75395900
16.54500000
16.79475000
16.67162500
16.66020800
16.79570800
18.03054200
15.29733300
16.71475000
16.59358400
16.66641600
16.80783400
16.47262500
16.78225000
16.73504100
17.16800000
16.10741700
16.93329200
16.47575000
16.72379100
16.69100000
16.64933400
16.72783300
16.69591700
16.66158300
16.66491700
16.65312500
16.66295800
16.70437500
16.62645800
16.83383400
16.49787500
16.77008300
16.65700000
16.77291700
16.61970800
16.65212500
16.70350000
16.62500000
16.83229200
16.49425000
16.80895800
16.71108300
16.65108400
16.65970800
16.59925000
16.76479200
16.61300000
16.83075000
16.74441600
16.49770900
16.67791600
16.76879200
16.66333300
16.57954200
16.75725000
16.67087500
16.61645800
16.76937500
18.26020900
15.09741600
16.66183400
16.71466600
16.67812500
16.57012500
19.14320900
15.67200000
16.25287500
16.18370800
16.60920800
16.85000000
16.46933400
16.78541600
16.20750000
16.81600000
17.42295900
16.46229100
16.36675000
16.49966700
16.72158300
16.58541700
16.77987500
16.65904200
16.74008300
16.48562500
18.02062500
15.50750000
16.75616700
16.51937500
16.69562500
16.70600000
16.57183300
16.79091700
16.73350000
16.97550000
16.61987500
17.82770800
16.01087500
16.48425000
16.82595800
16.80095900
16.36520800
16.45095800
16.63595900
16.71058300
16.73816700
16.44825000
16.69483300
16.69216700
16.65116600
16.70620900
16.74225000
16.62216600
16.70904200
16.76375000
16.62608300
16.65775000
16.73312500
16.70470900
16.53079100
16.85941700
16.54733300
16.74716700
16.73266700
16.90125000
16.40554100
16.70000000
16.66441700
16.66516700
16.94158300
16.69987500
16.52745800
16.39483400
16.74995800
16.63025000
17.10529200
16.66912500
16.45075000
16.63808300
16.62400000
16.66691700
16.73387500
16.58179100
16.79604200
16.75841700
16.65316600
16.65166700
16.63537500
16.63983300
16.70366700
16.74145800
16.57216700
16.70775000
16.72645800
16.71904200
16.55337500
16.75500000
16.72500000
16.68120800
16.84825000
16.60037500
16.63754200
16.64395800
16.60262500
16.80562500
16.59287500
16.60754200
16.81300000
16.64229200
16.64316600
16.61912500
16.68058400
16.89483300
16.48966700
16.64662500
16.84991600
16.61437500
16.78500000
16.60837500
16.73683400
16.74637500
16.62137500
16.77279100
16.50333400
16.65616600
16.88912500
16.48112500
16.78195900
16.72450000
16.66550000
16.63266600
16.73791700
16.59395800
16.71733400
16.77825000
16.86000000
16.52616600
16.66608400
16.52887500
16.65762500
16.68887500
16.86166600
16.65650000
16.75129200
16.70900000
16.60250000
16.50183300
16.90687500
16.77941700
16.93083300
16.45475000
16.46829200
16.76662500
16.79154200
16.63183300
16.64679200
16.58383300
16.70304200
16.67095800
16.63675000
16.74929200
16.63158300
16.70258300
16.76958400
16.45920800
16.83083300
16.68725000
16.68883400
16.59529100
16.62650000
16.77100000
16.89091700
16.53220800
16.64591700
16.65866700
16.66345800
16.79166700
16.71558300
16.64766700
16.60408300
16.67845800
16.76783400
16.61962500
16.78150000
16.83333300
16.50725000
17.07787500
16.49225000
16.36691700
16.84195800
16.67033300
16.52233400
16.77362500
16.69308300
16.68250000
16.97516700
16.38745800
16.76283300
16.51462500
16.76454200
16.69400000
16.72275000
16.62704200
16.69608300
16.88883300
16.45454200
16.57287500
16.85337500
16.71458300
16.56495900
16.61991600
16.81783400
16.63175000
16.74787500
16.52850000
16.76870800
16.70800000
16.77600000
16.51425000
16.86170800
16.53600000
16.66004200
16.75220800
16.67841700
16.65054200
16.77558300
16.56800000
16.81233300
16.57862500
16.83362500
16.55000000
16.58833400
16.80679100
16.53870900
16.85283300
16.62195800
16.66741700
16.69745800
16.81929200
16.58858300
16.61679200
16.84691700
16.50979100
16.99679200
16.58941700
17.39645800
17.07391700
15.83075000
16.47841600
16.75729200
16.55612500
16.62575000
16.53591700
16.82387500
16.63262500
16.98062500
16.60491600
16.51191700
17.55462500
16.04045800
16.40658400
16.79416600
16.56950000
16.63041700
16.77358300
16.72233400
16.48512500
16.78320800
16.70133300
16.53466700
16.82608300
16.73879200
16.68025000
16.51987500
16.79195800
16.61379200
17.83862500
16.32733300
16.45416700
16.58237500
16.57679200
16.56783300
16.69254200
16.74445800
16.52908300
16.74829200
16.68916700
16.57770800
16.66137500
16.93920800
16.49250000
16.70270900
16.56041600
16.76508400
16.67679100
16.68779200
16.67075000
16.71625000
16.59987500
16.79037500
16.60458300
16.69954200
16.57529200
16.88145800
16.68429200
16.48137500
16.73683300
16.83120800
16.75016700
16.72075000
16.64429200
16.49170800
16.64750000
16.70025000
16.72412500
16.84141700
16.53529100
16.63595900
16.66612500
16.74450000
16.60691600
16.67970900
16.73012500
16.63050000
16.77345800
16.70241700
16.66516600
16.67058400
16.66104100
16.53150000
16.82279200
16.57950000
16.75445800
16.60300000
16.84333400
16.70670800
16.58129200
16.69783300
16.69741700
16.53779100
16.75812500
16.72079200
16.65391700
16.71045800
16.67733300
16.74895900
16.68337500
16.67054100
16.59429200
16.80354200
16.50750000
16.82254100
16.54558400
16.78875000
16.67645800
16.53608300
16.78395900
16.75008300
16.51345800
16.78079200
16.62137500
16.76462500
16.66362500
16.67775000
16.85495800
16.85154200
16.77929200
16.64808300
16.58383300
16.65291700
16.68612500
16.55016700
16.58287500
16.77458300
16.63841700
16.82941600
16.76512500
16.57391700
16.52712500
16.72229200
16.75712500
16.70679100
16.56395900
16.56558300
16.93683300
16.54141700
16.68983300
16.73333400
16.70345800
16.57504200
16.59929100
16.86308400
16.52570800
16.73158300
17.11550000
16.68062500
16.58666700
16.63970800
16.65587500
16.74566700
16.66804200
16.71766600
16.62533400
16.40295800
17.11183300
16.52808400
16.51891600
16.65975000
16.73800000
16.67583400
16.63804100
16.58904200
16.65104200
16.84604100
16.45545900
16.76333300
16.69095800
16.68112500
16.86037500
16.57870900
16.72195800
16.57470800
16.80008400
16.64204100
16.66650000
16.66895900
16.71962500
16.81300000
16.49570800
16.67458300
16.89120900
16.52883300
16.64675000
16.71429200
16.56116600
16.83808400
16.98020800
16.29308300
16.80945900
16.63441600
16.67987500
16.54650000
16.74979200
16.78533300
16.73033400
16.64825000
16.68037500
16.62929100
16.66554200
16.71625000
16.67004200
16.69445800
16.65795800
16.57720900
16.78950000
16.69654100
16.78166700
16.60862500
16.54587500
16.83666700
16.68987500
16.48012500
16.71058300
16.88958300
16.54512500
16.73045900
16.63295800
16.77308300
16.67345900
16.55958300
16.75495800
16.73558400
16.58200000
18.25016600
15.18279200
16.68937500
16.57087500
16.79941700
16.64108300
16.71658300
16.65691700
16.84216700
18.06400000
15.13212500
16.64920800
16.69779200
16.64212500
16.95570800
16.50508300
16.59933400
17.16504100
16.34029200
16.85358300
16.48462500
16.82341700
18.51991700
16.11995800
16.00912500
16.78291700
16.32245800
16.71712500
16.38020800
16.66525000
16.81133400
16.69529100
16.46308400
16.66312500
16.70691600
16.67862500
16.65695900
16.66883300
16.73400000
16.64333300
16.68533400
16.68558300
16.64020800
16.79766700
16.53325000
16.82095800
16.64679200
16.65887500
16.87116700
16.57779100
16.52850000
16.75337500
16.62041700
16.87791700
16.78883300
16.68387500
16.63095800
16.38975000
16.80570900
16.58045800
16.71504200
16.56316600
16.65904200
16.81041700
16.65433300
16.61508300
16.73500000
16.68462500
16.59808400
16.81762500
16.69404100
16.79095900
16.47491600
16.83025000
16.74200000
16.57125000
16.71658400
16.64650000
16.62279100
16.75287500
16.66895900
16.69400000
16.80750000
16.70570800
16.62575000
16.62595800
16.63075000
16.76483400
16.59233300
16.70608300
16.67625000
16.76183400
16.66837500
16.69779100
16.65979200
16.65933300
16.68583400
16.67954100
16.66237500
16.69991700
16.70987500
16.69500000
16.62600000
16.65008300
16.58350000
16.81345900
16.63037500
16.74116600
16.68587500
16.65941700
16.70958300
16.71300000
16.66183400
16.70870800
16.63833300
16.65162500
16.68033400
16.76304100
16.66629200
16.62808300
16.72429200
16.67920800
16.73345900
16.69866600
16.66441700
16.56916700
16.79345800
16.64162500
16.66162500
16.59250000
16.84866700
16.67166600
16.64108400
16.69320800
16.65645800
16.71283400
16.74950000
16.61312500
16.67508300
16.72933300
16.67591700
16.61958300
16.67916700
16.86108300
16.70608400
16.51291600
16.64716700
16.76145800
16.65112500
16.56450000
16.75458400
16.82333300
16.59133300
16.76133400
16.69008300
16.45808300
16.98508400
16.56270800
16.63604200
18.26454100
15.20883400
16.57083300
16.64962500
16.73070800
16.69887500
16.62612500
16.70108400
16.73587500
16.66854100
16.51433400
16.83633300
16.62125000
16.76250000
16.51041700
16.79258300
16.72720800
16.56441700
16.75162500
16.75604200
16.66520800
16.64737500
16.68179200
16.68445800
16.64462500
16.61508300
16.79758400
16.77150000
16.54887500
16.82116600
16.59041700
16.71229200
16.82079100
16.54487500
16.69458400
16.66170800
16.64620800
16.72262500
16.67475000
16.65804200
19.33412500
13.89508300
16.84870900
16.81387500
16.79287500
17.86400000
15.25354100
16.71845900
16.69120800
16.52491700
17.16066600
16.66641700
16.63220800
16.45095900
16.70537500
16.72212500
16.66525000
16.56370800
16.67291700
16.71416600
16.72220900
16.73745800
16.58995800
16.73725000
16.70904200
16.71595800
16.61645900
16.61391600
16.69333400
16.71191600
16.63450000
16.70420900
16.66737500
16.71345800
16.65029200
16.61545800
16.80950000
19.27091700
14.21604100
16.74816700
18.78966700
15.95429100
16.21758400
16.15108300
16.58720800
16.66850000
16.46195900
16.68912500
16.62312500
16.73775000
16.50758300
16.64125000
16.81150000
16.64708300
16.65450000
16.71579200
16.66837500
16.62058300
16.87683400
16.44483300
16.76920800
16.71741700
16.71637500
16.78825000
16.62816700
16.70329100
16.50850000
16.80150000
16.58879200
16.74554200
16.61112500
16.79487500
16.81858300
16.62925000
16.65670800
16.60745900
16.64966600
16.72829200
16.38304200
16.93262500
16.43500000
16.69320800
16.71287500
16.69745800
16.64279200
16.96491700
16.48737500
16.74845800
16.75687500
16.66620800
16.71304200
16.47716700
16.83941600
16.57583400
16.82679100
16.60695900
16.67566600
16.65358400
16.76283300
16.69170800
16.68562500
16.57520900
16.65370800
16.60641700
16.80650000
16.76079100
16.70054200
16.66291700
16.64337500
16.71154100
16.48358400
16.90775000
16.69341600
16.65816700
16.59850000
16.77712500
16.46995800
16.83783400
16.76195800
16.65429200
16.58045800
16.68995800
16.73683400
16.92054100
16.64733400
16.56458300
16.50458300
16.88758400
16.49816600
16.75091700
16.68687500
16.75354200
16.55270800
16.74308300
16.70904200
16.59904200
16.79979100
16.68675000
16.66054200
16.64466700
16.77495800
16.67291700
16.68387500
16.65779100
16.71404200
16.66279200
16.60412500
16.81904100
16.60112500
16.60391700
16.58616700
16.85125000
16.62908300
16.72475000
16.64158300
16.63358400
16.87270800
16.60345800
16.58920900
16.77950000
16.62137500
18.19570800
15.27658300
16.63637500
16.67945900
16.68625000
16.61129100
16.60170900
16.83495800
16.58887500
16.83812500
16.57245800
18.18091700
15.35766700
16.57600000
17.66354100
17.98595900
14.66787500
16.93687500
17.22962500
15.94841600
20.27704200
13.41487500
16.68020800
16.25345900
16.73325000
16.89787500
16.67387500
16.58879100
16.54491700
16.63720800
16.52029200
16.92458300
16.52104200
16.45525000
16.65970800
16.80795900
16.68312500
16.56100000
16.75695800
16.89387500
16.65783300
16.75375000
16.54850000
16.46266700
17.01500000
16.35012500
16.77770800
16.76091700
16.58916700
16.68345800
16.66345800
16.73437500
16.66312500
16.67595900
16.75591600
16.65433400
16.62008300
16.59895800
16.79233400
16.65120800
16.60358300
16.82566700
16.64195800
16.69416700
16.75245800
16.60258400
16.68662500
16.68979100
16.62895900
16.63237500
16.77500000
17.30775000
16.41970800
17.39558300
16.30625000
16.60304200
16.26987500
16.67366700
16.60650000
16.65454100
16.75333400
17.65750000
15.89029100
16.68770900
16.47341600
16.49500000
16.70970900
16.86758300
16.59429200
16.68758300
16.95320800
16.61550000
17.39291700
16.15783300
16.75850000
16.62708400
16.68220800
16.49358300
16.70337500
16.56645900
16.69358300
16.67479200
16.57866600
16.72916700
16.72641700
16.62279100
16.71087500
16.68604200
16.65641700
16.71362500
16.79425000
16.54120800
16.58970800
16.68979200
16.82375000
16.64416700
16.79495800
16.56375000
16.72787500
16.66045800
16.63950000
16.77241700
16.50370800
16.67295900
16.97845800
16.53770800
16.70325000
16.83170900
16.44566600
16.70008400
16.61670800
16.70129200
16.71475000
16.61808300
16.74400000
16.53708300
16.79266700
16.76000000
16.52195800
16.78612500
16.73208400
17.27570800
16.95770800
16.29320900
16.29629100
16.72283400
16.68995800
16.60808300
16.59775000
16.52554200
16.89004200
16.71662500
16.65391600
16.71291700
16.53637500
16.61983300
16.88995900
16.58029100
16.67125000
16.52391700
17.03770800
16.54845900
16.62487500
16.51800000
17.02325000
16.45379100
16.62454200
16.84591700
16.67929100
16.53937500
16.65791700
16.70512500
16.67395800
16.79779200
16.66820800
16.66379200
16.75412500
16.72308300
16.67937500
16.63558400
16.68254100
16.84062500
16.43145900
16.81212500
16.60675000
16.70820800
16.85733300
16.53795900
16.71479100
16.58283400
17.22604100
16.25775000
16.64133400
16.69658300
16.64587500
16.57958300
16.75800000
16.66037500
16.56066700
16.86020800
16.65108400
16.99600000
17.65187500
15.46766600
16.56237500
16.77595900
16.53087500
16.86987500
16.46891600
16.71591700
16.84012500
16.59579200
16.75462500
16.71562500
16.67183300
16.53970800
16.81112500
16.68816700
16.66087500
16.59483300
16.62191700
16.84425000
16.50700000
16.91870800
16.57954200
16.58975000
16.73870800
16.58679200
16.70245800
16.63220900
16.74275000
16.69879100
16.76395900
16.60895800
16.67666700
16.73183300
16.63045800
16.86987500
16.54491700
16.76262500
16.63112500
19.39320800
14.05616700
16.60925000
16.59950000
19.46429200
14.00554100
16.59829200
16.78266700
16.73558300
17.00870800
16.30958400
16.63954100
16.68458400
16.63775000
18.21875000
15.07533300
16.83008300
16.58058400
16.73416600
16.57512500
16.87404200
17.15970800
16.21645900
16.51525000
16.72725000
16.63741600
16.70625000
16.81366700
16.64729200
16.64075000
16.84662500
16.44870800
16.80475000
16.58358300
16.73704200
16.53750000
16.80766700
16.62079100
16.70533400
16.76025000
16.66629100
16.65712500
16.61375000
16.78587500
16.76225000
16.53720900
16.90500000
17.97541600
15.22450000
16.62708400
16.66904100
16.82370900
16.73487500
16.48500000
16.81241600
16.73345900
16.53604100
16.82391700
16.69820800
16.53741700
16.75483300
18.15112500
15.21912500
16.94250000
16.60350000
19.65079200
15.38875000
15.85287500
16.39258300
17.01379200
16.09741700
16.64941600
16.65270900
16.54583300
16.65233300
16.65962500
16.71879200
16.52766700
16.68666600
16.64512500
17.06075000
16.40091700
16.59862500
16.75354200
16.62525000
16.60566600
16.80716700
16.68862500
16.66966700
16.70420800
16.59391700
16.83091600
16.49454200
16.88379200
16.64479100
16.59145900
16.73733300
16.83983300
16.79333400
16.51820800
16.75566700
16.40875000
16.66454100
16.62391700
16.73533300
16.66570900
16.80191600
16.65845900
16.75370800
16.49150000
16.74629200
16.69562500
16.67308300
16.69837500
16.78225000
16.64075000
16.59979200
16.65766600
16.72320900
16.70220800
16.61333300
16.72200000
16.62154200
16.75100000
16.55012500
16.82300000
16.73729200
16.63158300
16.54100000
16.75754200
16.65033300
16.73354200
16.72712500
16.74508300
16.70625000
16.72000000
16.63733300
16.53495900
16.74995800
16.59079200
17.00933300
16.60329200
16.62225000
16.66233300
16.62820800
16.55870900
16.88520800
16.44808300
16.82420900
16.81441600
16.52691700
16.80195800
16.60033400
16.50825000
16.98175000
16.69525000
16.39841600
16.86316700
16.79475000
16.64537500
16.63770800
16.73975000
16.53995900
16.60450000
16.84195800
16.64541700
16.86058300
16.72533300
16.47600000
16.72458400
16.61187500
16.71279100
16.67579200
16.70729200
16.61887500
16.67562500
16.72883300
16.70950000
16.59908300
16.69183400
16.71825000
16.54108300
16.86704200
16.71254100
16.63770900
16.70262500
16.61820800
16.71958300
16.51241700
16.73520800
16.66745900
16.87870800
16.56129200
16.70133300
16.74137500
16.48925000
17.00254200
16.37983300
16.80283300
16.82666700
16.67025000
16.71991700
16.72845800
16.54400000
16.56629200
16.72250000
16.74075000
16.58016600
16.81025000
16.62041700
16.65570800
16.80420900
16.62879100
16.67437500
16.63841700
16.57783300
16.69841700
16.75500000
16.61237500
16.70408300
16.84037500
16.50629200
16.73933300
16.74583400
16.64304100
18.02045900
15.26408300
16.64833300
16.80466700
16.62441700
16.73783300
16.78270800
16.55662500
18.54383400
14.82216600
16.66845900
16.71533300
16.70941700
16.55212500
16.83600000
16.71500000
16.64075000
16.63179100
16.73520900
16.67058300
16.61858300
18.72541700
14.72975000
16.59958300
16.65104200
16.66383300
16.79616700
16.82466700
16.39329100
16.74920900
18.40983300
15.12895800
16.53083400
16.72020800
16.58220800
17.02300000
16.54366700
16.63483300
16.68987500
16.63200000
16.73570900
16.53958300
16.79395800
16.67925000
16.71820900
17.57154100
15.82729200
16.68991700
16.57200000
16.64195800
16.88120800
16.64012500
16.66629200
16.70887500
16.61000000
16.75925000
16.57887500
16.92350000
16.64179200
18.79983300
15.85637500
16.37933300
16.28533400
16.69308300
16.40275000
16.61854200
16.66700000
16.50625000
16.65945800
16.65141700
16.73258300
16.56787500
16.60304200
16.72387500
16.73404100
16.65008400
16.69533300
16.71787500
16.62787500
16.72695800
16.64525000
16.64887500
16.81291700
16.66450000
16.68520800
16.65483400
16.63695800
16.69925000
16.64829200
16.61933300
16.69737500
16.98912500
16.65829200
16.72408300
16.54916700
16.73137500
16.65725000
16.40241600
16.88708400
16.46000000
17.74550000
16.06400000
16.41116600
16.65704200
16.59162500
16.89000000
16.50537500
16.69804200
16.74187500
16.52320800
16.84687500
16.67216700
16.60895800
16.81575000
16.57708300
16.55670900
16.77316600
16.75625000
16.67783400
16.63583300
16.63779200
16.61312500
16.82379100
16.66429200
16.78008300
16.56787500
16.61208400
16.70066600
16.78683400
16.64158300
16.73491700
16.69420800
16.66845800
16.68912500
16.53170900
16.82283300
16.68312500
16.69920800
16.69737500
16.70466700
16.67020800
16.60937500
16.73150000
16.60879200
16.77491700
16.61200000
17.34325000
16.44775000
16.78991600
18.51716700
15.18116700
16.33895800
16.41695800
16.65462500
16.61437500
16.66500000
16.62370900
16.60150000
16.76500000
16.68750000
16.61650000
16.64020800
16.71308300
16.78387500
16.82729200
16.59683300
16.57854200
16.56300000
16.82525000
16.61441700
16.69020800
16.72412500
16.60400000
16.88441700
16.76670800
16.55008300
16.61420900
16.56779100
16.69600000
16.65129200
16.88916700
16.74562500
16.47604100
16.75829200
16.75820800
16.49466700
16.78933300
16.64962500
16.64583400
16.61395800
16.77258300
16.74141700
16.65300000
16.79266700
16.77379100
16.48604200
16.66479200
16.67033300
16.70325000
16.66137500
16.65629200
16.59558300
16.84845800
16.53570900
16.87291600
16.47362500
16.78420900
16.62600000
16.67575000
16.72854100
16.78679200
16.60300000
17.97829200
15.78691600
17.92662500
15.31420900
16.60775000
16.89466600
16.35279200
16.60904200
16.69575000
16.60245800
16.75362500
16.69845800
16.77808400
16.63029100
16.67287500
16.71025000
16.62245900
16.65537500
16.67950000
18.54745800
14.84654200
16.70479100
16.65612500
16.60208400
16.77566600
16.62879200
16.71162500
16.57933300
16.79275000
16.71325000
16.63695900
16.64604100
16.72908400
16.70733300
16.65779200
16.72466600
16.66370900
16.60308300
16.70254200
16.71125000
16.80708300
16.56491700
16.71350000
16.75070800
16.56641700
16.70595800
16.58658300
16.81245900
16.66216600
16.58275000
16.73245900
16.79287500
16.68816600
16.60650000
18.18566700
15.18691700
16.60425000
16.81166600
16.65700000
16.55645900
16.81675000
16.67629100
19.41250000
14.20033400
16.43191600
18.34004200
16.11662500
16.38545800
16.78350000
16.25020900
16.66570800
16.43279200
16.90587500
16.59804100
16.58683400
16.61441600
16.60158400
16.73608300
16.62033300
16.71445900
16.74220800
16.56875000
16.71195800
16.83129200
16.58616700
16.67620800
16.60787500
16.64825000
16.79333300
16.73941700
17.07695800
16.54475000
16.78604200
16.51416700
16.53425000
16.82945800
16.41250000
16.84258300
16.71575000
16.68425000
16.49266700
16.71300000
16.62233300
16.64400000
16.62795900
16.87254100
16.50325000
16.80716700
16.61387500
16.69362500
16.68825000
16.69120800
16.62016700
16.77712500
16.68945800
16.61891700
16.68312500
16.65441700
16.86616600
16.61362500
16.58550000
16.70479200
16.72612500
16.75475000
16.72645800
16.62312500
16.66625000
16.63483400
16.67933300
16.71262500
16.74779200
16.59445800
16.72050000
16.73558300
16.56862500
16.65666700
16.58737500
16.90283300
16.64220900
16.63329100
16.62075000
16.75220900
16.65395800
16.66945800
16.60058400
16.70316600
16.79337500
16.60120900
17.52750000
16.54858300
16.56808300
16.48104200
16.65445800
16.70266700
16.80054200
16.59191600
16.44291700
16.70229200
16.61066600
16.85200000
16.62870900
16.42000000
16.75591600
16.73291700
16.67462500
16.69175000
16.61625000
16.63520800
16.67695900
16.71320800
16.84591700
16.60979100
16.80600000
16.56116700
16.64237500
16.69970800
16.75600000
16.62300000
16.73470900
16.67204100
16.65600000
16.64670900
16.58212500
16.97529100
16.64041700
16.57070800
16.73029200
16.69808300
16.50954200
16.78333300
16.68195900
16.88479100
16.57754200
16.45141700
16.84554100
16.69875000
16.59275000
16.76262500
16.92395900
16.54012500
16.53658300
16.75200000
16.69295800
16.62479200
16.62433300
16.65404200
16.72087500
16.66741700
16.80545800
16.48008300
16.67554200
16.78995800
16.73945900
16.65291600
16.60725000
16.77008400
16.78633300
16.59883300
16.54745900
16.82475000
16.71404100
16.62362500
16.60279200
16.88075000
16.69729200
16.48483300
16.77245800
16.70175000
16.55712500
16.79441700
16.61020800
16.57158400
16.89066600
16.61154200
16.69145800
16.62216700
16.84879200
16.46775000
17.96491600
15.54004200
16.72808300
18.13266700
15.15812500
16.98383300
16.58083400
16.56991600
16.68662500
16.62912500
16.67120900
16.53229100
16.68675000
16.89091700
16.76754200
16.58362500
16.63325000
16.67883300
16.69925000
16.71641700
16.68462500
16.72316600
16.61675000
16.75470900
16.65212500
16.69587500
19.26525000
14.09354100
16.49941700
16.83012500
16.70400000
16.48254200
16.84954100
16.74591700
16.48004200
16.75020800
16.71300000
19.33908300
14.03666700
17.00762500
16.54000000
18.92062500
15.90737500
16.03933300
16.41716700
16.45350000
16.67483300
16.50162500
16.93929200
16.35666700
16.72108300
16.73425000
16.43616700
16.69220800
16.86812500
16.56087500
16.68200000
16.69216700
16.60475000
16.71433300
16.66154200
16.72750000
16.69370800
16.66537500
16.84195800
16.87162500
16.54829200
16.44462500
16.64679200
16.74704100
16.75895900
16.58054100
16.87770900
16.62925000
16.83258300
16.68254200
17.09479100
16.08216700
16.64233300
16.64533400
16.69245800
16.58300000
16.74225000
16.74495800
16.62295900
16.68366600
16.74775000
16.52550000
16.68287500
16.75375000
16.71633400
16.68295800
16.72408300
16.61862500
16.82029200
16.41295800
16.81825000
16.64145900
16.71508300
16.66079200
16.71987500
16.72854100
16.62641700
16.71629200
16.51154100
16.75766700
16.76270800
16.74450000
16.44145900
16.72541600
16.83337500
16.91708400
16.38462500
16.79900000
16.72737500
16.65487500
16.68108300
16.57912500
16.70491700
16.55375000
16.87337500
16.62629100
16.74175000
16.61250000
17.04508400
16.44583300
16.79337500
16.44900000
16.86700000
16.41729200
16.76050000
16.70375000
16.75962500
16.73262500
16.59666600
16.67829200
16.60237500
16.71279200
16.71283300
16.72954200
16.70116600
16.58933400
16.59283300
16.85091700
16.70483300
16.59508300
16.72625000
16.60775000
16.77304200
16.62337500
16.73612500
16.62141700
16.71883300
16.69370800
16.52258400
16.85320800
16.63195800
16.72995900
16.63991600
16.74041700
16.70595800
16.63241700
16.51875000
16.84600000
16.68629200
16.67416600
16.51608400
16.82020800
16.53400000
16.85700000
16.66720800
16.63583400
16.76879100
16.53566700
16.90345800
16.56533400
16.74591600
16.58487500
19.31741700
14.09204200
16.70070800
16.58858300
16.62433400
16.85025000
17.03237500
16.29620800
16.80887500
16.57983300
16.51379200
16.90187500
18.03412500
15.27341700
16.70429100
16.52516700
16.85879200
16.69558300
16.63475000
16.58504200
16.72804100
16.64745900
16.63045800
16.68537500
16.75675000
16.81608300
16.67054200
16.55362500
18.05612500
15.29420800
16.64495900
16.72808300
16.73712500
16.62150000
16.64658300
16.76495900
16.56912500
16.76629100
16.67712500
16.69450000
16.69337500
18.12487500
15.13545900
16.73816600
16.73783400
16.61687500
16.80295800
16.72895800
16.60266700
16.64858300
16.77408400
19.08316600
14.18787500
16.76475000
16.59429200
16.68533300
16.76425000
16.69220900
16.52229100
16.78620900
16.66358300
16.67975000
16.84962500
16.40758300
16.73254200
16.59108300
17.23795900
17.45358300
15.66370800
16.65587500
16.69175000
16.56708400
16.72166600
16.56487500
18.24095900
15.31725000
16.66312500
16.59991600
16.59200000
17.55300000
16.07225000
18.95283400
15.60750000
16.32120800
16.46454200
16.36750000
16.74925000
16.62583300
16.42791700
16.59987500
16.77616600
16.70641700
16.52225000
16.64341700
16.74629100
16.64000000
16.66737500
16.65812500
16.72970900
16.63620800
16.75666700
16.70958300
16.59925000
16.72975000
16.70379200
16.65704100
16.68775000
16.72937500
16.68450000
16.65495900
16.66858300
16.57845800
16.85462500
16.80225000
16.56858400
18.18850000
16.94462500
16.39904100
15.30295900
16.95754100
18.24075000
16.03783400
16.64795800
16.12825000
16.40412500
16.92129200
16.60895800
16.82262500
16.31054200
16.38120800
16.61358300
16.56350000
16.83895900
16.50375000
16.62775000
16.68579100
16.79695900
16.72320800
16.63120800
16.49433400
16.71837500
16.71745800
16.76304200
16.70220800
16.71995800
16.59558400
16.82041600
16.78791700
16.52062500
16.63308300
16.61125000
16.78462500
16.77933400
16.45750000
16.69800000
16.77970800
16.69741700
16.52904100
16.82820900
16.59608300
16.74741700
16.69729100
16.52862500
16.83387500
16.64337500
16.73791700
16.60470800
16.76725000
16.71079200
16.72300000
16.70183300
16.55879200
16.73629200
16.64154100
16.64037500
16.72554200
16.70833300
16.70129200
16.60987500
16.64508300
16.76991700
16.76125000
16.48312500
16.80754200
16.60220800
16.75379200
16.67629100
17.02291700
16.41437500
16.65262500
16.69625000
16.71995800
16.62800000
16.53837500
16.72920900
16.89270800
16.57787500
16.69341700
16.71550000
16.64033300
16.74700000
16.55212500
16.79329200
16.69645800
16.64850000
16.75995800
16.60229200
16.66429200
16.79983300
16.52850000
16.69762500
16.67416700
16.80195800
16.46583300
16.85283400
16.73629100
16.50633400
16.69900000
16.65583300
16.78758300
16.62175000
16.56720900
16.77370800
16.72904200
16.71729100
16.60475000
16.68708400
16.61395800
16.81179200
16.56416600
16.70479200
16.76025000
16.78358300
18.21579200
15.02887500
17.31987500
16.00545800
16.69533400
16.74479100
16.63254200
16.71887500
17.00008300
16.67362500
16.66008400
16.78258300
16.69258300
16.87895900
16.26112500
16.42266600
16.77066700
16.60562500
16.72420800
16.65491700
16.80854200
16.58075000
16.68487500
16.89375000
16.59870800
16.58933300
16.66154200
16.68937500
16.60800000
16.71870800
16.75862500
16.82587500
16.64345900
16.64920800
16.66837500
16.60408300
16.69270900
18.29500000
15.17254100
16.55195900
16.79437500
16.56687500
16.71945800
16.65283300
16.68800000
16.68116700
16.68008300
16.61395900
16.70695800
19.47737500
14.00779200
16.58929100
16.71312500
16.69212500
16.76833400
18.44833300
14.83437500
16.60537500
16.91050000
16.59416700
16.64595800
16.69025000
16.84337500
16.80050000
16.45012500
20.42300000
15.53862500
15.14616700
16.54683300
16.46287500
16.40283300
16.56833400
16.78800000
16.81404100
16.54170900
16.42716600
16.69858400
16.60816600
16.65416700
16.65762500
16.80083300
16.58662500
16.70500000
16.79079200
16.46220800
16.76275000
16.69837500
16.72950000
16.68566700
16.70616700
16.58029100
16.82933400
16.64525000
16.51433300
16.73729200
16.67587500
16.72991600
16.89450000
16.65841700
16.64283300
16.63866700
16.39408300
16.79820900
16.73516600
16.60887500
16.78579200
16.57562500
16.70183300
16.71741700
16.68937500
16.57537500
16.81366700
16.69625000
16.63450000
16.56241600
16.80437500
16.62745900
16.85208300
16.66150000
16.66558300
16.78250000
16.62941700
16.58666700
16.73812500
16.43125000
16.90533300
16.65045800
16.62812500
16.73283400
16.71075000
16.69466600
16.56008400
16.63020800
16.87433300
16.88962500
16.48441700
16.62962500
16.69166700
16.66875000
16.71325000
16.60554100
16.62033400
16.83845800
16.74266700
16.52220800
16.78916700
16.67850000
16.55570800
16.59937500
16.95533300
16.40333400
16.82112500
16.55450000
16.80245800
16.67291700
16.70512500
16.64412500
16.72429100
16.69287500
16.66895900
16.73991600
16.63554200
16.82587500
16.58866700
16.50275000
16.84800000
16.79875000
16.60395800
16.50166700
16.88133300
16.60620800
16.71625000
16.63591700
16.73754200
16.51025000
16.83854100
16.71275000
16.60529200
16.74075000
16.65629200
16.55575000
16.81712500
18.84525000
14.95620800
16.28170800
16.81550000
16.41275000
16.80666700
16.70000000
16.57041700
16.62837500
16.89837500
16.55375000
16.95341600
16.69708400
16.48512500
16.51191600
16.92050000
16.63395900
16.54900000
16.98304100
16.62620900
16.62462500
16.83583300
16.49245800
16.63475000
16.66983400
16.67608300
16.74125000
16.70375000
16.56108300
16.68291700
16.71345800
16.65337500
16.59012500
16.96666700
16.49425000
16.76229200
16.65337500
16.60858300
16.78620800
16.63108400
16.70687500
16.66725000
16.76900000
16.64983300
16.63587500
16.68766700
16.68520800
16.64475000
16.74300000
16.82241700
16.56737500
16.58258300
16.73812500
16.68341700
16.57720800
18.28245800
15.06133400
16.79250000
16.65129100
16.67916700
16.74587500
16.67879200
16.69929100
16.64729200
18.21358300
15.18795900
16.65804100
16.70112500
16.84904200
16.37691700
16.63979100
16.91354200
16.82920800
16.56275000
16.63679200
16.61279200
16.71887500
16.59208300
16.62291700
16.82825000
16.58900000
16.81000000
16.60616600
16.73375000
16.71645900
16.62233300
16.79479200
16.73212500
16.53395800
16.77808300
16.67629200
16.62712500
16.62858300
16.79025000
16.60233400
16.62379100
16.75341700
16.68733300
16.62216700
16.88283300
16.66804200
18.76408300
15.75941700
16.46545800
16.25379200
16.53437500
16.61016700
16.70825000
16.39670800
16.68320800
16.73870900
16.63891600
16.72258400
16.56529100
16.64229200
16.72866700
16.82533300
16.52270800
16.65662500
16.81316700
16.80795800
16.37345900
16.72737500
16.67545800
16.66116700
16.81712500
16.71012500
16.65279100
16.61333400
16.72008300
16.64375000
16.63229200
16.92995800
16.59358300
16.69350000
16.65600000
16.65529200
16.59970800
16.70812500
16.63375000
16.76045900
16.54962500
16.69775000
16.77429100
16.52516700
16.64195800
16.69316700
16.84758300
16.60958400
16.61408300
16.76470800
16.56295900
16.81700000
16.62304100
16.62129200
16.71841700
16.80004100
16.62095900
16.77500000
16.55166600
16.81441700
16.62795800
16.72458400
16.66987500
16.69933300
16.59466700
16.89433300
16.55800000
16.57079200
16.82220800
16.66462500
16.62979200
16.65270800
16.78954200
16.65550000
16.59491600
16.73595900
16.64816600
16.73141700
16.54008300
16.86687500
16.60725000
16.59095900
16.75591600
16.78012500
16.65775000
16.67129200
16.70183300
16.65904200
16.58250000
16.70425000
16.90362500
16.69320800
16.56329200
16.56112500
17.10025000
16.63683300
16.73487500
16.69408400
16.55808300
16.50191700
16.91683300
16.34566700
16.79683300
16.59262500
16.63466700
16.82133300
16.51208300
16.75058400
16.79937500
16.49862500
16.94791600
16.63958400
16.69970800
16.57700000
16.54862500
16.77516700
16.76770800
16.59191700
16.72891600
16.72045900
16.52104100
16.68470900
16.67612500
17.52408300
16.05637500
16.85750000
16.44404200
16.89745800
16.61904200
16.80508300
16.49879200
16.77691600
16.74270900
16.72183300
16.73704200
16.46550000
16.68866600
16.65925000
16.64020900
16.63354100
16.54437500
16.74812500
16.84370900
16.57125000
16.66920800
16.69112500
16.64500000
16.67612500
16.67595800
16.73458400
16.80320800
16.70029200
16.67254100
16.56337500
16.76537500
16.66195900
16.52050000
16.70287500
16.77441600
16.72179200
16.69041700
16.60837500
16.67600000
16.73429100
16.55395900
16.82941600
16.79283400
16.37854100
16.98491700
16.56583300
16.54429200
16.78270800
16.65108400
16.58237500
16.74195800
16.79887500
17.90904200
16.31670800
16.18191700
16.95991600
16.22616700
16.53720800
16.97841700
16.92670800
16.49070900
16.55620800
16.61450000
16.96787500
16.36637500
16.76183300
16.48320900
16.53875000
16.86016600
16.76445900
16.52462500
16.82708300
16.51125000
16.75825000
16.68983300
16.71370900
18.59525000
14.87558300
16.36933300
16.80295900
16.78945800
16.65783300
16.59570900
16.69704100
16.59850000
16.73925000
16.94720900
16.63854100
16.50570900
16.80525000
16.53600000
16.54195800
16.84900000
16.81112500
16.60220800
16.66162500
16.64033400
16.87745800
16.53408300
16.68954200
16.67116700
16.60595800
16.80754200
16.65650000
16.47550000
16.80120800
16.71304200
16.66620800
16.71187500
16.73754200
16.56900000
16.62537500
16.78950000
16.68120800
16.86737500
16.47316700
17.45691600
16.26762500
16.89666700
16.38612500
16.61537500
16.76383300
16.61729200
16.60308300
16.69520900
16.64200000
16.67858300
16.76729200
16.61283300
16.64675000
16.69275000
16.82916700
16.57608300
16.71491700
16.65079100
16.64258400
16.48858300
16.68312500
16.67420800
16.70270900
17.17666600
16.71054200
16.67579200
16.70041600
16.57500000
16.79187500
16.56370900
16.71441600
16.37870900
16.82716600
16.69291700
16.64312500
16.64445800
16.89045900
16.75545800
16.66545800
16.59800000
17.12775000
16.70045900
16.69762500
16.31716600
17.00770900
16.27908300
18.10166700
17.25541600
14.97458400
18.85500000
14.29200000
16.88979100
16.66750000
16.28758400
16.82891600
16.66541700
16.79716700
16.62420800
16.91208300
197.91208400
0.08533300
32.46258300
3.33616700
16.33375000
16.35433300
16.87920900
16.72491600
17.01437500
16.26383400
16.58554100
16.83133400
16.34891600
16.98908400
16.75754100
16.47966700
16.73150000
16.77983300
16.59270900
16.72454100
16.65516700
16.77058300
16.47875000
16.67566700
16.58433300
16.83762500
16.78966700
16.90708300
16.30850000
18.47266700
16.03575000
17.14633300
16.10279200
16.28675000
16.81579200
16.56841600
46.29125000
19.23062500
15.34137500
12.86462500
12.86295900
13.81470800
10.15933300
12.63408400
14.64879100
13.69354200
14.89829200
16.33275000
16.27291600
16.46145900
16.88304100
16.56220900
16.00704100
15.17329200
18.40091700
17.79195800
16.59200000
17.14654200
16.76441600
17.45062500
16.26133400
17.05854100
16.83058400
16.78058300
16.02500000
16.27229200
17.20733300
17.20725000
20.62375000
14.88516700
15.33308300
16.08516700
14.37216600
17.92891700
16.47950000
16.90158300
16.34720900
16.97816600
17.23075000
17.20991700
17.55312500
14.83925000
16.38329200
14.36091600
18.38716700
17.19962500
16.98266700
17.45579100
16.15320900
16.37475000
15.44533300
17.52770800
14.24308400
18.68645800
14.25050000
16.65262500
16.51483300
16.74725000
16.60350000
16.65095900
16.80291600
16.80241700
16.60695800
16.86775000
16.74575000
17.99970900
16.31666600
15.35991700
18.12783300
16.43708400
16.60745800
17.34491700
17.78479100
18.52645900
17.17987500
17.22612500
15.11158300
14.40829200
14.92737500
17.93837500
17.51150000
16.83000000
18.51541600
17.13975000
18.05829200
14.24329200
15.20025000
14.81595800
18.51712500
17.03412500
15.33875000
17.40887500
15.00029200
17.18675000
17.47854100
16.94691700
16.55545800
15.24150000
16.66137500
17.29329200
15.97145800
75.18941700
14.90795800
14.55166700
21.46754200
10.18816600
8.30175000
8.45425000
8.10575000
7.79000000
8.63270900
7.88783300
14.60541700
16.82504100
16.57758400
16.54195800
16.73145800
16.62716700
16.81916700
16.51583300
16.69641700
16.60750000
16.73350000
16.74479100
16.51187500
16.71820900
16.50020800
16.82154200
16.80995800
16.48162500
16.59445800
16.92070900
16.53529100
16.84666700
16.66641700
16.53508300
16.80416700
16.68216600
16.65887500
16.69704200
16.73416700
16.65183300
16.74258300
16.38316700
16.86783300
17.18283400
16.31970800
16.78820800
17.12508400
16.27175000
16.47620800
16.73491700
16.87087500
16.49508300
16.55779200
16.93145800
16.57166700
16.71041600
16.43033400
17.43879100
17.18391700
15.79333300
16.46162500
16.74504200
17.06166700
16.48141600
17.13691700
17.08841700
15.89862500
16.67466600
17.52470900
16.66316600
17.33625000
17.23333400
16.06816600
22.59820900
14.41391600
17.26258400
16.12141600
16.36370900
16.81404100
16.51683400
11.88008300
20.52137500
13.91904200
20.45645800
11.94425000
21.22787500
12.10454200
20.84525000
12.45295800
21.23266700
12.13212500
21.11612500
12.29100000
20.89604100
12.35891700
20.53491700
12.88512500
20.32716600
13.20479200
20.39654200
12.80741600
20.52537500
12.83512500
20.63683400
12.82466600
19.76583400
13.62762500
19.93095800
13.31400000
20.13300000
13.34500000
20.06862500
13.51962500
19.30675000
14.02412500
20.10425000
13.05525000
21.03816700
13.82345800
20.07000000
16.04066700
15.38945800
18.44566700
17.08229100
15.97691700
17.07191700
17.38716600
15.08062500
17.94516700
17.35641700
17.62316600
10.14629200
16.87387500
16.75866700
16.27583300
16.62837500
16.84087500
16.71804200
16.47333300
16.74183300
16.60029200
16.66779200
16.82491600
16.68170900
16.81579100
18.55766700
16.37258300
15.09479200
17.25858300
16.97679200
18.14879200
16.12116600
16.04162500
16.50420900
16.56283300
16.99408300
16.68912500
16.02970900
16.88733300
16.95091700
22.30500000
10.06537500
16.67987500
16.97162500
16.50129100
16.54570900
16.66370800
16.62116700
16.66066600
16.71900000
16.61450000
16.66658400
16.57791600
16.71058400
16.93745800
16.38620800
16.68712500
16.95662500
16.77816700
16.40370800
16.64683400
16.60991600
16.85883400
16.70408300
16.40579200
16.80491600
16.68279200
16.73695800
16.47358400
16.94979100
16.61504200
16.59850000
16.71300000
16.74183300
16.68383400
16.88629100
16.36325000
16.77662500
16.57320900
16.66900000
16.51929100
16.74733400
16.73537500
16.79550000
16.54508300
16.68995800
16.77387500
16.84604200
16.49354200
16.54154100
16.92900000
16.50479200
16.78420800
16.63037500
16.65983400
16.70379100
16.91062500
16.49029200
16.67604200
16.63216600
16.56837500
16.96016700
16.65920800
16.47537500
16.88400000
16.70104200
16.77041700
16.59900000
16.63991600
16.62241700
16.77420800
16.52912500
16.61545900
16.88612500
16.54908300
16.70966700
16.65850000
17.02820800
16.61920800
16.49508400
16.73966600
16.53091700
16.87162500
16.66937500
16.59925000
16.86795800
16.75900000
16.57391700
16.62187500
16.64037500
16.65595800
16.75750000
16.54045900
16.89508300
16.90187500
16.96383300
16.12745900
16.68562500
17.41837500
18.51654100
20.45945900
16.87270800
15.79883300
17.82004200
14.47462500
17.49983300
16.08358400
19.92175000
9.75325000
22.34245800
10.86125000
23.67233300
17.66966700
16.01808300
10.05216700
17.32841700
15.61770800
22.72237500
10.60116700
22.72025000
11.10070800
22.21679200
17.11587500
16.51479100
18.28562500
16.93741700
17.86479200
17.23145800
21.39445800
24.01475000
10.89287500
10.75687500
15.25262500
18.25125000
17.74695900
27.64150000
10.55504100
10.21741700
10.82341700
19.67225000
16.53537500
17.26654100
16.91150000
16.04979200
15.52091700
14.94012500
12.08637500
19.97900000
18.36345800
16.50866700
16.65575000
17.20562500
16.47170800
16.38554200
16.85450000
16.07354100
16.50087500
17.04616700
16.48866700
16.37862500
17.85920800
16.19287500
16.71595800
16.70700000
15.82033400
17.33541600
17.35279200
16.00425000
16.23954200
16.81475000
16.35604100
14.65533400
14.95600000
19.78745800
12.92775000
19.53950000
18.28529200
17.37158300
16.96400000
16.99441700
16.65920800
17.42108300
16.78416700
15.58433300
16.85225000
16.12154200
16.81166700
17.05787500
16.11045800
16.72591700
18.04270800
18.42533300
16.70183400
16.54875000
15.02941600
17.29816700
10.08775000
19.03187500
20.74841700
16.52995800
16.10200000
16.13108300
16.18454200
16.29179200
17.11887500
16.16612500
16.31041600
17.06737500
16.31191700
16.17020800
16.85733400
16.55608300
13.15008300
18.89800000
17.89400000
17.30120900
16.39720800
16.25433300
17.13600000
16.68395900
17.16329100
16.57162500
16.27508400
16.37912500
16.22512500
16.31125000
16.56425000
17.30083300
18.08350000
17.19008300
16.94445900
16.92137500
16.69370800
17.04087500
16.95808300
12.07395900
15.57466600
18.61170900
18.17858300
17.72945800
16.73587500
17.00179200
16.75979200
18.28450000
16.01741600
17.08429200
16.78587500
15.49741700
16.29266600
16.36587500
16.36491700
16.15487500
15.88825000
16.27758300
13.89700000
18.59700000
14.92237500
20.44683400
18.70766600
15.84129200
13.77587500
15.08500000
21.25116700
16.11616600
17.19575000
15.65612500
17.25629200
15.65800000
17.27175000
16.18183300
16.69712500
17.92233400
15.42504100
13.27870900
18.32333300
17.50429200
17.83116600
16.52095900
17.33758300
17.14029200
17.18887500
16.40758300
16.87920800
17.21075000
18.68558400
17.63954100
16.72916700
17.69545800
17.21175000
16.52050000
21.02837500
12.21487500
16.05862500
10.00937500
18.97687500
15.20175000
16.47004200
18.31716700
17.70841600
14.82833400
13.01562500
20.20400000
18.71362500
15.08645800
18.42408300
16.33925000
16.48604200
17.17770800
15.93825000
17.38120900
16.79862500
15.88220800
17.15783300
16.38433400
15.78583300
15.80225000
13.30512500
21.50475000
18.46295800
16.24983400
16.27091600
16.65279200
16.27416700
11.51679100
19.15779200
20.24116700
16.89745800
15.96812500
15.50258300
17.15333400
16.50612500
17.85600000
14.52362500
16.53658300
16.68595800
16.95841700
16.75241700
16.98158300
16.07633300
16.92479200
16.81416700
16.18812500
12.88754100
18.92366700
17.45983300
17.56600000
16.61766700
16.77487500
16.47983300
16.74000000
17.22083400
16.54162500
16.06666600
16.78825000
17.02733400
16.50229100
16.31854200
16.81600000
16.77800000
15.87091700
17.44750000
15.91570800
18.89270800
11.81400000
20.75787500
15.29225000
17.82875000
15.27920900
17.90412500
15.45937500
17.39091600
16.27825000
17.03033400
17.22375000
15.35504100
15.94212500
17.80008400
18.87479100
19.48404200
9.91362500
18.60504200
17.67804100
15.14379200
17.39937500
19.30258300
16.67145900
16.83354100
17.74512500
15.96375000
17.00054200
16.30633300
16.03612500
15.88708400
17.87058300
18.43258300
20.60970900
14.36687500
10.51916600
16.53808400
17.86820800
19.17566700
23.74983300
12.81183300
11.53500000
16.93833400
17.56270800
19.15145800
23.13987500
10.39804200
10.69225000
15.68291700
19.92629100
16.06958400
16.84916600
16.83454200
17.02087500
16.66229200
17.12875000
17.58004100
16.42875000
17.54187500
17.10354200
22.25191700
12.44462500
9.95229100
18.39537500
20.09579200
17.94275000
14.40979200
21.78545800
21.75508300
20.13612500
20.34658400
24.72458300
14.26112500
11.55333300
11.45033400
20.23220800
23.02295800
11.53920900
11.06512500
14.15754100
17.64500000
17.21212500
16.90604200
17.29100000
14.87120800
11.25108400
10.01404100
16.83437500
13.10170900
18.85837500
15.32862500
16.64695800
16.68841700
17.63404100
16.45000000
17.06562500
16.10637500
16.80916700
17.04483300
16.53466700
16.28166700
17.20970800
16.20758300
16.88929200
16.99404200
16.22070800
15.42058300
18.05725000
16.62187500
16.58333400
17.49858300
16.54816700
16.58062500
17.21308300
16.74287500
15.90362500
17.27583300
16.87787500
16.61441700
16.56516700
16.81312500
17.28129100
16.91308400
16.18191600
17.32883400
16.69620800
15.93387500
16.57100000
17.85712500
15.88979200
13.93016600
18.04116700
17.09462500
15.81650000
17.36700000
16.99100000
18.89658300
18.80208400
23.97608300
11.56254200
11.00400000
16.13475000
17.09070800
18.08575000
18.52233300
23.26454200
12.97787500
11.51983300
17.42125000
16.65000000
17.32225000
23.20500000
12.70070900
9.69675000
17.79570800
17.14287500
16.91183300
18.01691700
18.82479200
16.33600000
21.35587500
17.37008300
12.86916700
10.28508300
17.30862500
17.74520800
16.28895900
16.88575000
17.23779100
16.71120900
16.83225000
17.26191600
17.70800000
18.07666700
20.46500000
13.20837500
10.47250000
17.51516700
16.97175000
17.54425000
18.76712500
30.12858300
16.43320800
20.95675000
25.65650000
12.59675000
13.68187500
26.93016700
12.85958300
25.97954200
18.90487500
12.04616700
28.76925000
11.49233300
12.51770800
28.98012500
20.72300000
16.09712500
11.65479200
19.03145800
17.73566700
19.70620800
26.69233400
13.01516600
19.84741700
23.26420800
24.15304200
13.08179200
21.10116600
17.07083400
24.95487500
20.25554100
12.06212500
12.19941700
20.58833300
25.51566700
13.56408300
19.95387500
18.47837500
16.93004200
17.37266700
17.69075000
16.48583300
15.65070800
16.06991700
16.73754200
16.03783300
11.01504200
11.52208300
17.41491700
19.67450000
19.31625000
10.80487500
10.04066600
11.94004200
17.94508300
9.91616700
14.60404200
12.97241600
9.41050000
9.61104200
16.23908300
15.65550000
15.41462500
16.43529200
20.74891700
17.28454100
14.04670900
10.12358300
10.96504200
15.51904100
17.31116700
15.74958300
10.50754200
18.86016700
20.03804100
26.66716700
10.34075000
16.78258300
15.62204200
11.94404200
16.59283300
18.45362500
18.16404200
17.79804100
19.49329200
19.13441700
12.48229100
10.21079200
17.59416700
17.56387500
18.36591600
18.19554200
25.78433300
12.53504200
11.78708300
25.28929200
12.37108300
18.90912500
16.03966700
15.75691700
18.29929100
14.78545900
18.19029100
12.09854200
20.70716700
12.05704100
11.88662500
19.35816700
23.24045800
14.40783400
13.66408300
25.74995800
13.64912500
11.90395900
22.21679100
11.19466700
19.64100000
10.64837500
15.37158300
19.22858400
21.28125000
18.08329100
10.72508400
10.69404100
15.62283400
17.67945800
17.75100000
16.49020800
15.37758400
16.87645800
15.72991700
11.93154100
16.17629200
11.47758300
16.11683400
22.23458300
12.76345800
15.62400000
11.11450000
16.17120900
17.44987500
17.09066600
16.06558400
16.27445800
18.86362500
16.32216700
11.43650000
10.20966600
19.43883400
20.72612500
17.43595800
20.59429200
24.66383300
23.80512500
21.22637500
27.25745800
19.46933400
19.99762500
14.13833300
17.92404200
18.34779100
24.92791700
12.06120800
10.85895900
17.01995800
18.24512500
18.10475000
23.43754200
11.70062500
11.01758300
16.26412500
17.47204200
17.80325000
18.02337500
24.14050000
15.57750000
11.37600000
20.61008300
12.07595800
11.40550000
15.33033400
19.21754100
17.78045900
17.22883300
20.21445800
23.60704200
11.13008300
11.06162500
20.47329200
23.37750000
13.34533300
11.41825000
17.35933400
16.53058300
17.92466700
16.47625000
22.34850000
11.56220800
10.88000000
17.06087500
16.72083300
15.08416700
11.20187500
11.65220800
11.26629200
18.40395800
19.00183400
26.58258300
12.13620800
12.45200000
11.65200000
18.37508400
18.14737500
15.20070800
11.05850000
14.88066700
14.13683300
11.48454200
16.28512500
17.31450000
18.67250000
23.60091600
10.96725000
11.15995900
17.16808300
16.04108300
15.70825000
15.28745900
15.55620800
12.02366700
21.87816600
10.34091700
21.96675000
11.14837500
20.70375000
11.29858300
22.71645900
10.83629100
23.33925000
11.41158400
22.35258300
15.49462500
19.25258300
16.95891700
17.62154200
16.87800000
18.10166600
18.56308400
21.70104100
20.03808400
11.36520800
11.31437500
17.38970800
23.24125000
12.79066700
11.07579200
17.70325000
17.48737500
16.56695800
17.93075000
16.59875000
17.63050000
18.26683300
23.32362500
11.46154200
11.25983300
16.86037500
16.50308400
11.28729100
11.63404200
18.44037500
12.97054200
23.82875000
11.37554100
14.80612500
21.79225000
12.53158400
15.61295800
20.09000000
13.47020800
16.45983400
18.04379100
20.49966700
12.29037500
18.94379200
13.69958300
16.83620800
16.56016700
19.79133300
16.46162500
15.46904200
14.82950000
20.35245800
16.71483400
13.15850000
16.41091600
20.15533400
13.21412500
17.69125000
18.76979100
16.24775000
16.71379200
13.92729200
19.35383300
17.95387500
12.72741700
23.09662500
10.46445800
21.33616700
11.84179100
19.85891700
13.42325000
17.14787500
17.68729200
15.48804100
18.53183400
14.95033300
18.92937500
18.06641700
13.17862500
21.07270800
12.06808300
20.66666700
12.64858300
20.20762500
13.08270900
20.74429100
12.81658400
20.25500000
15.01629100
17.41450000
17.30395900
13.26675000
19.28312500
14.04345800
21.03841700
12.21562500
22.99537500
14.92200000
15.45312500
17.59816600
16.93200000
12.41766700
20.16291700
17.73133300
12.25425000
19.94820800
17.65579200
12.33229200
20.65933300
13.37508300
21.40295900
11.30216600
21.81483400
11.57700000
22.69366600
11.21679200
22.24641700
10.82312500
17.03062500
19.70691600
19.14745900
14.11458300
20.20345800
18.51550000
18.02870900
18.26075000
16.67054100
17.77766700
17.84470800
21.18083400
20.09504100
12.76587500
11.38191700
16.98554200
16.28470800
18.85325000
22.56479200
10.92054100
10.06683400
14.60075000
11.04204100
23.52700000
12.26075000
21.24012500
15.72283400
19.41050000
10.71870800
22.77737500
17.46325000
16.94104200
17.48883300
17.70962500
16.89404200
16.92454100
15.14841700
10.61608300
11.86762500
21.47725000
12.01904200
22.59729200
18.48879100
12.26133400
14.05862500
18.82845800
18.53091700
16.91491600
16.93679200
15.80745800
17.58675000
16.78970900
16.70062500
16.34000000
15.33979100
17.93012500
16.96129200
17.26816700
18.39000000
15.58295800
17.16550000
17.65179200
19.55104100
19.55245900
22.51412500
12.65170800
10.92512500
17.76258300
18.03762500
16.62070900
16.61925000
16.36245800
15.18666700
13.72162500
19.94462500
13.79783300
23.19670800
23.63833400
13.09483300
10.29037500
14.04237500
10.38304200
20.13108300
11.26620800
21.28925000
13.12779200
21.60133300
15.71891700
12.41079200
21.71758300
15.70116700
18.26891600
16.88433400
16.35266600
15.55683400
17.31570800
18.52566700
16.53150000
16.17462500
15.45837500
18.54508300
12.50941700
18.70591600
17.45137500
11.20254200
21.28408300
17.38470900
16.23487500
18.22095800
18.14604200
16.71304100
16.92425000
16.27216700
17.24420800
16.03004200
16.12141700
10.82633300
19.27479200
12.90312500
19.82375000
17.93691600
17.93566700
16.93041700
18.66758300
17.45620800
18.13116700
18.91695800
23.95633400
10.91495800
10.91133300
16.58687500
18.55300000
18.57012500
22.64520900
12.15437500
11.62583300
15.81329200
16.17945800
16.27129200
16.47525000
16.78295800
15.85925000
11.51412500
16.11545800
19.89237500
17.30837500
17.16125000
16.24908400
17.01608300
16.06525000
17.54754200
16.40358300
16.17695800
17.42879200
16.68466700
16.48312500
16.36520800
17.02266700
16.06875000
17.42712500
17.35579100
16.71345900
17.65500000
16.35150000
15.50183300
12.00104200
19.10533300
19.12395800
15.27541700
15.99179200
18.00091600
17.56941700
17.15058300
16.32600000
17.71487500
16.41083400
16.92429100
17.04958400
15.58416600
16.47125000
16.57029200
17.03887500
17.00662500
17.89533300
16.03079200
16.97133300
11.57845900
18.65925000
17.57654100
17.19025000
16.72991700
17.51604200
16.86579100
16.81150000
20.84204200
21.60370800
16.22833400
13.40929100
10.74070900
16.60200000
17.24545800
16.35241700
18.09270800
17.78529200
20.18245800
23.33841700
11.94912500
11.51941600
18.54516700
22.45550000
14.25775000
10.94975000
19.00325000
20.71866700
20.31370800
11.49708300
10.88254200
17.07666700
17.05604100
16.15754200
16.19045800
15.95029200
17.65958300
17.73529200
18.05625000
18.28304200
18.81387500
11.01308300
18.33595800
17.90362500
16.63537500
17.37483400
16.83329100
19.68462500
16.47370900
19.47475000
11.71254100
17.26937500
16.17904200
14.95987500
15.24570800
17.52241700
15.99516700
17.78316600
15.84345900
16.35850000
10.80941600
18.74545900
17.00045800
16.82137500
16.65266700
15.87700000
16.70270800
16.67383300
20.48170900
17.85887500
21.99795800
11.76437500
10.39620800
17.39945900
16.73633300
17.02716700
16.74291600
17.26116700
17.12220800
17.44904200
17.29362500
15.77437500
17.15562500
16.49429200
19.26970800
24.57087500
11.67554200
11.32537500
17.59845800
18.21991700
15.67479100
22.48612500
16.64362500
13.47958400
10.95591600
16.56425000
15.30191700
16.71354200
18.29783300
16.39616700
17.02083300
16.70391700
18.54358300
12.70900000
18.49462500
18.11395800
15.16412500
11.64279200
19.39679200
18.96608300
16.50341700
16.42429100
16.27316700
17.71787500
16.75037500
16.63037500
16.62991700
16.83645800
11.38754200
19.57379100
18.60120900
18.38550000
16.89687500
17.29141600
17.71837500
17.67350000
21.53566700
14.34608300
11.46487500
19.04912500
16.06287500
21.53975000
12.50470900
11.03354100
16.88558400
18.32458300
17.21016700
18.01250000
16.05512500
17.31650000
16.53500000
18.78650000
21.30833300
12.70762500
11.54433300
15.48995900
18.00629100
16.55862500
16.43087500
17.21420900
16.50812500
16.12270800
16.76695800
17.30125000
16.89391700
16.34195800
16.36416700
16.92641700
15.49904100
16.30208400
16.41641600
17.41737500
16.62212500
17.79383400
15.02054100
13.51991700
20.06787500
15.42033300
18.13229200
16.69708300
14.22150000
15.64483400
19.47445800
16.78966700
16.34033300
15.86450000
17.99433300
16.99845900
15.52895800
14.52520800
18.25758400
18.44445800
16.70487500
16.97183300
16.59862500
17.03250000
16.43012500
16.82691700
19.79141700
17.80691600
17.33241700
21.93725000
11.51737500
11.25841700
16.87275000
15.85279100
18.11225000
17.73195900
19.54479100
23.47466700
11.40700000
10.67904200
17.38070800
15.79554200
16.77862500
16.38312500
16.98375000
17.11583300
16.48333300
18.08679200
18.74550000
21.64770800
13.33229200
11.03062500
17.70916700
18.37712500
16.89270800
17.49708300
22.41879200
15.32600000
19.98941700
11.23283300
10.84412500
17.73416700
17.39825000
18.05870800
17.34066700
11.10558300
18.71787500
19.38362500
17.61241700
21.76695800
16.29758300
17.81933400
11.25475000
11.56916600
18.91329200
27.82487500
12.83095800
12.02616700
15.15437500
25.14145800
11.27425000
11.25800000
17.89625000
16.24504200
17.04387500
18.99979200
20.24462500
10.98683300
18.10604200
10.82562500
18.72370800
17.00812500
16.35120800
16.19195900
17.24875000
16.97141600
16.83387500
17.33604200
16.83354200
16.34450000
17.87983300
16.31279200
12.82266600
18.17037500
17.41420900
16.98216600
16.72837500
17.34500000
17.33058400
17.77262500
26.64545800
14.37950000
17.38087500
20.02000000
15.23333300
18.52050000
17.87475000
17.09179200
16.51258300
17.48866700
17.53583300
18.30000000
17.34408400
17.84770800
17.73162500
11.60791700
17.97670800
16.70583300
16.36120900
17.06962500
17.34320800
17.11670800
17.92862500
24.08091700
15.55037500
20.96066700
18.20175000
18.37983300
23.71333300
18.20250000
11.68520900
12.54979100
18.10508400
24.12000000
13.93679100
10.93650000
18.73600000
23.19516700
11.61133300
11.00720900
17.71887500
17.93754100
19.18629200
24.06845800
11.11641700
11.11845800
16.66491700
17.28608300
16.76300000
17.22808400
16.59554100
17.32229200
16.88841700
16.72904100
16.13487500
16.57270900
17.85304100
12.06491700
16.84195800
17.19079200
17.45916700
18.70841600
16.82837500
17.29079200
17.46091700
16.91545800
17.80762500
23.47583300
16.25104200
18.75854200
17.36654100
16.43537500
16.39808400
17.53504100
17.55075000
18.24850000
15.64808400
11.00666600
15.50437500
12.55229200
21.30079200
11.43000000
20.60037500
12.89229100
15.34004200
17.39650000
23.88658300
12.05904200
11.17704200
17.53891600
15.83333400
15.47866600
15.89066700
16.07354200
16.69079100
14.34654200
15.81783300
15.20125000
17.34112500
13.47183400
18.98262500
10.92112500
15.63120800
15.30720800
10.59854200
11.92341700
19.43608300
11.49908300
15.52775000
10.58670900
17.75629100
16.35904200
17.30191700
16.49345800
15.62970800
16.52333400
16.74112500
16.75508300
16.71525000
16.52908300
16.92825000
16.64037500
16.60675000
16.93370900
17.17095800
15.72650000
17.58541700
16.14337500
16.66216600
17.97587500
27.58045900
15.20704100
14.24008400
25.66295800
30.30141700
19.17358300
25.34591700
14.88016600
43.81737500
13.78866700
15.17491700
30.75029100
30.54587500
26.79983400
32.88754100
18.23083400
26.62579100
12.78158400
23.55862500
13.54954100
17.14179200
16.66266700
20.18245800
18.66729200
17.93833300
24.14662500
12.69408300
12.64762500
23.93704200
17.64766700
17.71170800
26.49141700
13.77775000
16.59454100
18.01366700
30.46354200
21.69045800
25.80179200
12.84004100
16.97166700
19.47066700
23.37362500
25.39925000
13.31066600
23.42741700
17.73454200
16.61858300
17.10762500
17.08429200
17.42166600
18.50325000
24.43150000
11.82316700
11.88245800
17.45512500
18.01983400
20.84220800
13.28191700
10.91070800
16.77729200
16.99737500
19.27029100
17.73129200
18.13483300
21.68895900
16.00054100
17.30579200
16.23916700
16.04737500
13.38137500
10.85533300
17.27166700
17.58941600
17.03808400
19.64429100
15.53591700
11.31337500
12.10612500
11.56458300
23.75875000
10.77212500
11.09837500
17.06425000
18.36612500
15.99008400
17.35550000
17.88958300
23.70741700
12.57729100
10.98241700
16.68825000
19.80195800
25.63525000
12.73104200
12.67300000
24.07883300
10.95579200
10.67366700
17.66954100
16.83800000
18.33079200
24.59762500
12.14912500
11.48587500
19.45775000
25.13433300
12.57091700
12.34070800
22.97220900
12.55216600
15.55045900
23.47333300
13.27729200
23.94645800
18.49016700
18.98041600
25.69445900
13.18883300
12.75950000
13.09554200
23.54212500
16.78516600
23.06783400
28.42683300
16.25870800
22.75362500
21.57491700
26.40129200
17.80200000
36.31904100
18.03437500
15.97529200
29.07437500
14.78066700
21.67129100
19.97587500
13.53700000
27.48291700
13.72420800
20.89479200
19.54412500
28.85633300
16.04425000
21.06570900
21.77487500
28.25933300
18.61350000
28.18104200
16.63079100
22.67679200
27.32816700
16.16650000
21.39500000
22.75333300
25.95695800
16.41304200
20.00391700
26.90341600
14.90695900
20.15887500
20.89129100
26.74320900
15.40970800
20.91779200
19.88050000
26.57795800
15.54641700
15.75037500
21.51775000
20.36387500
26.14637500
15.32041600
15.53287500
22.79987500
14.65070900
20.79366600
20.75116700
25.06716700
15.64104100
21.50429200
19.91970800
26.93050000
15.59645900
20.89112500
21.25383300
27.10579200
18.43979100
14.46350000
21.57241700
26.69550000
14.03362500
21.96458300
22.27100000
28.43904200
34.12954200
16.84379100
21.79466700
27.58920800
16.29779200
22.20683300
27.38975000
13.87195900
24.11908300
28.37654200
17.49295800
22.03987500
35.86650000
31.91620800
31.52045900
26.35866600
16.76858400
21.44587500
30.53454100
13.44212500
19.42537500
19.71325000
26.83020900
14.02058300
13.06504200
18.73637500
12.93495800
24.42862500
14.39529200
12.06154100
12.51520900
21.03241600
16.94154200
22.82537500
20.15591700
18.17416600
18.14470900
18.18200000
17.90341600
23.57066700
12.00304200
10.91050000
17.51125000
16.62350000
13.70937500
11.36733300
12.38016700
15.25800000
22.20100000
14.02087500
11.06691600
16.88954200
10.63837500
17.45054200
16.00237500
16.51537500
16.07429100
14.43625000
13.81820900
11.20212500
18.11145800
16.86762500
17.96941700
16.97379100
16.08670900
17.05783300
17.57891700
16.93125000
23.12462500
23.30804100
18.78583400
24.64995800
12.37966700
11.31875000
18.05637500
16.56316600
16.88666700
15.93866700
16.50187500
16.80733300
17.72691700
11.53758300
16.98716700
17.71325000
17.03883300
16.67825000
17.00175000
16.51725000
10.99304200
11.24475000
23.32029100
12.66587500
25.09958400
11.73070800
13.68150000
12.29795800
14.16070900
13.92800000
13.25433300
13.56070800
36.93354200
20.31375000
18.54500000
23.00345800
20.50704200
11.74816700
13.12725000
26.00345800
11.41345800
11.95129200
21.28320800
13.74725000
11.03008400
18.24575000
16.63237500
17.39933300
17.77741700
23.60683300
12.59370800
11.77679200
18.74775000
18.64066700
24.47537500
11.25920800
11.07658300
17.02295900
16.67091600
19.15154200
23.80650000
12.49304200
12.12758300
26.89583300
13.21395900
19.93737500
12.53116600
21.01433400
11.46508300
21.14695800
10.68508400
19.78516600
11.02341700
16.55729200
15.79145800
17.30920800
17.99179200
23.37516700
10.85787500
10.54358300
15.37008300
18.58912500
17.35050000
19.49745900
11.86216600
16.19316700
17.25325000
16.36762500
16.54795800
16.55708400
16.47125000
16.13983300
16.83083300
17.23695900
10.99245800
11.13979200
10.42504100
17.32279200
10.65475000
22.21054200
16.46304100
17.62533400
17.53095800
17.05183300
16.69233400
17.02787500
14.56387500
11.58912500
11.49279100
10.91237500
18.47341700
16.94379200
17.26895800
17.43041700
16.87791600
17.85475000
16.83783400
21.84370800
12.26995800
11.94525000
17.92125000
25.99666700
31.34795800
14.87100000
33.26283400
47.23912500
26.06070800
18.64037500
17.06270800
16.08970900
17.76250000
15.07104100
16.90616700
15.55875000
15.15429200
15.56120800
14.76137500
10.76912500
17.18475000
15.88712500
15.83466700
15.64575000
10.97170800
13.19829200
19.94587500
15.47458300
13.06800000
12.90245800
15.92775000
15.83179200
15.22241700
15.09354100
15.34679200
15.00362500
15.42879200
15.22008300
10.62179200
18.12558300
10.68325000
16.34379200
14.99700000
16.18370800
13.13816700
11.85666600
11.75045900
19.15312500
33.42291600
16.14716700
30.32429200
21.23545800
23.47600000
23.66675000
31.54158300
25.85775000
24.63845900
40.51487500
65.87750000
31.82912500
37.22233300
22.21400000
18.66654200
18.53200000
18.52579100
41.68966700
13.79091700
27.71316600
15.30812500
20.32545900
16.42470800
45.16608300
36.91979200
27.58191700
28.11745800
19.64833300
14.04020900
23.91150000
35.15629100
31.00716700
31.92141700
17.71637500
21.19929100
28.36466700
31.27262500
19.30833300
17.78712500
17.17795900
16.40229100
12.03512500
16.83316700
16.64312500
16.43466700
16.23695800
16.18629200
16.44200000
16.23633300
16.61141700
15.14658300
10.89458300
15.00941700
16.39095800
14.83020900
15.38783300
15.25875000
15.01583300
15.53204200
15.34741700
14.08870800
11.14183300
15.83566700
10.43462500
16.28416700
16.83162500
15.27995800
10.71454200
15.59387500
15.37787500
14.27450000
15.82691600
16.08412500
11.32541700
11.10783300
17.55050000
25.53912500
12.10445900
12.11162500
15.04183300
24.36841700
11.19154100
43.04008400
19.33004100
17.00583400
14.85500000
19.49450000
17.77275000
24.29858300
12.24558300
12.28070900
25.64054100
15.14358400
10.85087500
14.03733300
10.52004200
15.65441600
14.90950000
11.04350000
14.98004200
15.25479200
14.70316600
14.53550000
14.96258400
15.27420800
11.24541700
15.15391600
16.10450000
15.12454200
15.22470800
15.22212500
18.16783400
26.94441600
12.76479200
11.19783300
20.87441700
24.18741700
13.60612500
23.45262500
23.07237500
31.61866600
21.54429200
19.74787500
17.37075000
17.05279200
16.39891600
16.54770900
19.04150000
19.65258300
17.20008300
16.61837500
16.39595900
16.20516600
15.95837500
13.78520900
14.31945800
9.86645800
9.36200000
15.18012500
19.57541700
15.32895800
56.99916700
42.85537500
29.43987500
27.00845800
37.65037500
17.27383400
21.91866600
38.52591700
34.97537500
240.63979200
43.30883300
195.30354200
20.31270800
23.28412500
11.57725000
20.95212500
13.82320800
22.15083400
19.84129100
17.34245900
17.57070800
17.26266700
28.25208300
21.72108300
39.40483400
70.63941600
25.36266700
80.96862500
64.53416700
89.34541600
30.74212500
145.91741700
69.30045800
38.02470900
24.75320800
19.36654200
21.93420800
29.15512500
17.35112500
17.26616700
20.14641600
29.11158400
20.01170800
29.75037500
35.75770800
44.86358400
26.16829100
25.09258400
21.79733300
26.87712500
32.59341700
31.99658300
40.45483300
96.22258400
67.35966600
31.63091700
30.40295800
26.79670900
25.84954100
23.25650000
28.75025000
20.88025000
26.64504200
22.42129200
26.05125000
20.78900000
26.39508300
21.03920800
26.64491700
25.82245800
28.22754200
22.69137500
20.89387500
14.07020800
20.65850000
28.49195900
22.25483300
15.82129200
29.90137500
25.49983300
26.46445800
28.41645900
27.89216600
17.16058400
22.98387500
22.16675000
21.29829100
21.14775000
22.53004200
29.64275000
17.17933300
21.38754200
16.13662500
26.72625000
22.27020800
20.90333400
16.08683300
25.47783300
19.25729200
29.06241700
15.75475000
19.92437500
19.43791600
15.08800000
25.11691700
14.50200000
13.67000000
27.81083300
29.80608400
15.97208300
28.94816700
16.17754100
25.20575000
20.83537500
24.27550000
16.24041700
22.59745800
20.73862500
21.80408400
19.61208300
21.65175000
20.35104200
27.17308300
15.87533300
17.37533400
15.77266600
25.03020900
19.53633300
17.07825000
15.92100000
15.35216700
14.84604100
14.42329200
14.51962500
14.53754200
14.16095800
14.47791700
14.58895800
14.35158300
14.56441700
15.00970800
14.41829200
12.46358300
12.38758400
12.55462500
12.52083300
12.35866700
12.83316600
12.41950000
11.87512500
12.68737500
12.14566700
12.34437500
12.27066700
12.40591600
11.90133400
12.67987500
12.07016600
12.61429200
16.62566700
17.07187500
16.82345800
16.75783300
16.16920900
16.63612500
16.41212500
16.93187500
16.58808300
16.73775000
16.20741700
16.84291600
16.54887500
16.77408400
16.68766600
16.68145900
16.67866600
16.65695900
16.73741600
16.80929200
16.36579200
16.63500000
16.74483300
16.61945800
16.75608400
16.64079100
16.56358400
16.68054100
16.49179200
16.61408300
17.07491700
16.41216700
16.69945800
16.38958300
16.65041700
16.74300000
16.69204200
16.83300000
16.72091600
17.00629200
16.32208300
16.50716700
16.75270800
16.64229200
16.63095800
16.67333400
16.79500000
16.66175000
16.71204100
16.60116700
16.64808300
16.75433400
17.17104100
16.29608400
16.84862500
16.62062500
16.55983300
16.57920800
17.87537500
16.47662500
17.59525000
16.43579200
15.87904200
17.21650000
17.19287500
19.20066600
14.96891700
20.05658300
11.75462500
18.10379200
15.88395800
16.85566700
16.20370800
16.37554200
16.98112500
16.33783300
16.75591700
16.52558300
16.88508400
17.69637500
16.12529100
16.01850000
16.72137500
16.53241700
16.83358300
16.74250000
16.74112500
17.70216700
15.92437500
16.17741700
17.36791600
16.42329200
16.30612500
16.39550000
16.63920800
16.75045900
16.65887500
16.89837500
16.91758300
16.33245800
16.68575000
16.62191700
16.65537500
16.78375000
16.53166700
16.67704100
16.74087500
16.68575000
16.52854200
16.81695800
16.38575000
16.63929200
16.90370800
16.52275000
16.70912500
16.71312500
16.97658400
16.34766600
16.79537500
16.52983400
16.63966600
16.77645900
16.69941600
16.63945900
16.88116600
16.46091700
16.75470800
16.44312500
17.00529200
16.32641700
16.74116600
16.62112500
16.59662500
16.72116700
16.70158300
16.61183400
16.86916600
16.67400000
16.67470900
16.73700000
16.52850000
16.58687500
16.56670800
16.69816700
16.68400000
16.77641600
16.64312500
16.61637500
16.78600000
16.73316700
16.79216700
16.61670800
16.84012500
16.41504200
16.68200000
16.50879100
16.72933400
16.71637500
16.65100000
16.75016600
16.66408400
16.84579100
16.53020900
17.36758300
16.53320800
16.98708400
16.13162500
16.83383300
17.25112500
17.26825000
16.59258300
16.91033400
16.75845800
16.92354200
15.84750000
16.62312500
16.85862500
18.24191600
15.11333400
17.27029100
24.23616700
14.83025000
20.85833300
18.03391700
17.75366700
12.31441600
18.32258400
20.42420800
20.28679200
18.26279100
24.30775000
18.30312500
17.92020900
12.82850000
21.04562500
18.27929100
18.58400000
27.65683400
18.31620800
13.55520800
22.15754200
29.57666700
23.45475000
16.12616600
28.69808400
26.92929100
25.23775000
18.72141700
30.25429200
27.52091600
31.84925000
18.58812500
23.99716700
23.78729200
25.35300000
24.51166600
24.55529200
27.44795800
33.12566700
23.33179200
25.71162500
23.58725000
28.56050000
23.98791600
31.16537500
31.00533400
23.32966600
26.91016700
25.69058300
25.16700000
29.60891700
23.38004200
27.15337500
28.75704100
21.80820900
28.09458300
48.19050000
35.99712500
52.08208300
47.38654200
41.86437500
45.12195800
32.48925000
33.88625000
22.80158400
27.65070800
31.00820800
24.11862500
21.83737500
21.21108400
21.45079100
27.02287500
21.03400000
17.37483400
20.88616600
26.69950000
17.85675000
22.61808400
29.18495800
33.60133300
28.65750000
16.81350000
26.71725000
28.62208400
27.90633300
24.76837500
29.97091700
18.07116600
18.30329200
27.91454200
23.15983300
30.93337500
17.99508300
17.27970900
26.51187500
21.78454100
28.16820900
18.58195800
21.95191700
30.00916600
18.34291700
15.26458300
20.77816700
30.42679200
31.19054100
17.46312500
15.37433400
20.04270800
28.98541700
18.31625000
20.42354100
29.37850000
16.78470900
14.80800000
19.87150000
21.21616600
24.33308400
20.53183300
19.00729200
33.13691600
21.46379200
25.82195800
32.11779200
17.97687500
17.03187500
21.81566700
28.82583300
29.16341700
17.02941600
20.27770900
20.13641600
28.82600000
17.05983400
15.31475000
19.97095800
26.40412500
15.23300000
22.77562500
23.23187500
25.84379200
14.85970800
20.48366700
20.46429100
25.24816700
14.79362500
21.58925000
21.46087500
25.92179200
14.40295800
20.72925000
18.89995800
30.88541700
18.62416700
26.32316600
17.46595900
20.49045800
19.41462500
20.49083300
26.23941700
20.04375000
14.48200000
19.58695800
27.13245900
14.67350000
20.17512500
19.96983300
19.64654200
25.38462500
14.61837500
20.53891600
19.70591700
22.81516700
24.56083300
14.29058300
20.88979200
13.97041700
20.80804100
20.51462500
18.83570900
14.60654100
24.84845900
12.48250000
13.14133300
21.75637500
20.97475000
19.60962500
20.10554200
26.02029100
14.08454200
18.54958300
12.45254200
18.20570800
19.53579200
18.32529200
19.37812500
19.96679100
28.89600000
14.03512500
12.75895900
16.54858300
14.20654200
13.03391600
25.58054200
19.08108300
18.57966700
18.49833300
27.14883400
15.96354100
24.12462500
30.88879200
15.51212500
13.87062500
19.18133300
18.93475000
20.51837500
20.84504200
12.69845800
11.95979200
15.54812500
17.66625000
752.47200000
9.35204200
10.04887500
9.61162500
9.46941600
23.77675000
31.91383400
17.74191600
21.00191700
30.26000000
17.19550000
17.25754200
21.71950000
26.91466600
18.73412500
25.02462500
14.48983400
12.93762500
22.81429100
13.33775000
12.97766700
18.17754200
22.05350000
14.09562500
24.65312500
18.50404100
17.92333400
18.67733300
22.93791700
13.30762500
12.72712500
20.50254100
12.82150000
22.98962500
18.55195900
17.82966600
17.40158400
17.74116600
17.69420900
17.88187500
18.96941600
19.03229200
26.96170800
17.18383400
20.40375000
17.62529100
19.41083400
13.06741600
17.25416700
15.10583300
15.79108400
16.44312500
16.33341600
15.54991700
14.81175000
14.65479200
14.37237500
13.78429100
12.24658400
16.80258300
15.41666700
17.07204100
15.87279200
15.22737500
13.98395800
11.27387500
11.08200000
16.23175000
15.87762500
15.04104200
14.41120800
15.25233400
10.96712500
11.16204100
15.96812500
13.10550000
12.19129200
9.91291700
15.03533300
13.98854200
13.68233300
14.15845800
14.80012500
11.65600000
15.05191700
15.85379200
14.31962500
15.25383300
15.50691700
15.69000000
16.51395800
16.80683300
16.46383400
16.61920800
16.89520800
16.62120900
16.65904100
16.72383400
16.59587500
16.67562500
16.81837500
16.51562500
16.75762500
16.72837500
16.42350000
16.73933300
16.62562500
16.71529200
16.65125000
16.80266600
16.58691700
16.66041700
17.87800000
15.52300000
16.68479100
16.68979200
16.63504200
16.73091600
16.71458400
16.63116600
16.68091700
16.73070800
16.72766700
16.69200000
16.68487500
16.65975000
16.66220800
16.77387500
16.71408400
16.53116600
16.85158400
16.76641600
16.56041700
17.05995800
16.71291700
16.62650000
16.50366700
17.07541600
16.38241700
16.55175000
16.81175000
16.87454200
16.48212500
16.65491600
16.76245900
16.68366600
16.66229200
16.80787500
16.74450000
16.73616700
16.65958300
16.59029200
16.59458300
16.92191700
16.55979100
16.64616700
16.68429200
16.69345800
16.65400000
16.80054200
16.45300000
16.85087500
16.69570800
16.59045800
16.90012500
16.70720900
16.67341600
16.62766700
17.45462500
18.47891700
14.58808300
16.76708300
17.53966700
15.42737500
16.60929200
16.77787500
16.53045800
16.84641700
17.84216600
15.37687500
16.75270900
16.78912500
16.58745800
16.77591700
16.57891600
16.72862500
16.62237500
16.64954200
16.72350000
16.64204200
16.75495800
16.67333300
16.69866700
16.71583300
16.63308400
16.65033300
16.46645800
16.94512500
16.47629200
16.65308300
16.81937500
16.48750000
16.72833400
16.69858300
16.60558300
16.73050000
16.71720900
16.66320800
17.16516700
17.81258300
15.32200000
17.31437500
16.00312500
19.05575000
16.54704200
15.64295800
15.64729200
19.69091600
15.27641700
14.69612500
16.90504200
17.30833300
16.05400000
16.83483300
16.42266700
16.62366700
16.73337500
16.72091600
16.73775000
17.13262500
15.95970900
16.82337500
16.65237500
16.63833300
16.67912500
16.84400000
16.49637500
16.69987500
16.92429200
16.43216600
16.74395900
16.75941600
16.61950000
16.59520900
16.80800000
16.49233300
16.79950000
16.83483300
16.48566700
16.67287500
16.83137500
16.72237500
16.61154200
16.68458300
16.60766700
16.81729100
16.84545900
16.79095800
16.99950000
16.23087500
16.45450000
16.78779200
16.60495800
16.81012500
17.26670800
16.14358400
16.72850000
16.55870800
17.22937500
16.02045800
16.65487500
16.85195900
16.89108300
16.67325000
16.49595800
16.96425000
16.68795900
16.87470800
17.14608300
16.36616700
16.41879200
16.29320800
16.67691700
16.80595800
16.46875000
16.96966700
17.16933300
16.18670800
16.77425000
17.86741700
15.68079200
16.26266600
16.54016700
16.77933300
17.40095900
16.07050000
16.53908300
17.06662500
16.58137500
16.48108300
18.33650000
15.63929200
16.25687500
16.99083300
16.23116700
16.79433300
16.84316700
16.48641700
17.58879100
16.95533400
16.00254100
16.20112500
17.92404200
15.54837500
16.78825000
16.53020800
16.58887500
16.91854200
18.36375000
18.80804200
16.87583300
16.50229200
18.28512500
18.13225000
25.77900000
15.58941600
10.08950000
23.80862500
12.69845900
9.08383300
13.53129200
16.46100000
16.34991600
16.74858400
17.26158300
16.29712500
17.02579200
17.67187500
17.53454100
17.41925000
15.20500000
15.12908400
16.41737500
17.09137500
16.72779100
16.17429200
16.59779200
16.72550000
16.60929100
17.08437500
16.38837500
16.50379200
16.75016700
16.86912500
16.32191600
16.87083400
16.67566600
16.63412500
17.06387500
16.49629200
16.51233300
16.66583400
17.18220800
16.10533300
16.79150000
16.81183400
16.61454100
16.56920900
16.75554100
17.23329200
16.01150000
17.35308300
16.25304200
16.68287500
16.94295800
16.34991700
16.54533300
16.72075000
16.55825000
16.88591700
16.76208300
16.42187500
16.76358400
16.67429100
16.59562500
16.73487500
16.45829200
21.83404200
13.96145800
32.55275000
23.75058300
19.95166700
21.49300000
17.61837500
18.50350000
23.15487500
27.20058300
21.73116700
27.21900000
17.43966700
25.00158300
13.26850000
29.27866700
18.43375000
19.68529100
14.95829200
13.36516700
16.41629100
18.92637500
24.66316700
13.32962500
25.54816700
25.88075000
19.77958300
19.61958300
132.42087500
26.52016700
17.74341700
37.91366600
16.94462500
42.31966700
22.14300000
17.37362500
17.77662500
17.68358300
16.54779200
16.39275000
19.40333300
24.32991700
14.07529200
12.86612500
25.79225000
18.87779100
19.13404200
26.61141700
14.49937500
15.27795800
26.18475000
27.40500000
13.93179200
13.83837500
26.97833300
20.31283300
20.20320900
26.84600000
13.47270800
25.68616700
15.58820800
32.20754200
21.63450000
23.77729100
19.01541700
11.49287500
18.94225000
19.07375000
13.12695800
19.56779200
18.33800000
20.79533300
25.78429200
23.34554200
14.75312500
25.22733300
22.64116700
21.62612500
13.06766600
23.52345900
29.39191600
22.35854200
20.70670800
23.77991700
14.42900000
30.52387500
23.36670800
16.45633400
32.42566600
20.94408400
13.97454100
13.48925000
29.81387500
19.21520900
13.25775000
20.49445800
26.36670800
18.90720900
18.36804100
14.17716700
20.32137500
18.52070800
13.51033400
24.12491600
27.62975000
20.51520900
24.42104100
18.56908400
14.01287500
20.31562500
22.31379100
15.60475000
26.70750000
20.07558400
21.34016600
15.32145900
26.39079100
21.58516700
21.85200000
23.34583300
21.47512500
16.07358400
29.82987500
20.61679100
15.91120900
26.37241600
21.66112500
20.91620900
16.36750000
26.33304100
22.41579200
21.79562500
16.13683300
28.00425000
21.21354200
16.39208300
29.31995900
24.90450000
25.98962500
27.00958300
31.57112500
20.72037500
26.45229200
24.18158300
33.14975000
27.63137500
27.11920800
26.42095900
26.71795800
27.07175000
26.38525000
36.43612500
20.42087500
20.20245800
31.93925000
28.01608400
25.63045800
24.64137500
26.38916700
24.93879100
26.67350000
35.26633400
20.49429100
27.15754200
26.84433300
26.85412500
33.71025000
19.78312500
26.89545900
28.87125000
29.42058300
30.60754200
21.41537500
21.28425000
20.29666600
20.37383400
19.99225000
19.68179100
20.06595900
19.82175000
19.61795800
19.91691700
19.57762500
18.14000000
20.57612500
20.64195800
21.76437500
22.17445800
22.29337500
22.03887500
22.80812500
39.04800000
42.38291700
21.20141700
28.28395800
28.95783300
29.53358400
27.23533300
28.06408300
26.12229200
25.71879200
26.20254100
25.88691700
25.48308300
26.75654200
29.00516700
28.93579100
31.09504200
28.09470800
26.82112500
22.42333400
31.74545800
20.37566700
30.04991600
21.69979200
34.30795800
21.02066700
26.18745800
25.97758400
35.98075000
24.89808300
49.63862500
29.32258300
39.58820900
22.11941600
40.36616700
21.24045800
31.24354200
26.66916700
32.56170800
20.00916700
32.20700000
20.29845800
32.27329200
24.67812500
19.53095800
25.05787500
33.30954200
26.29291600
24.46762500
25.67283400
33.09083300
19.61279200
32.05554100
19.68795900
30.69162500
20.44225000
24.16779100
26.28783400
23.80125000
35.98845800
33.28533300
20.89941700
25.11870800
26.95129200
23.71458300
24.11429200
25.04000000
25.00054200
24.40645800
24.34679200
24.17045800
24.07787500
25.69766700
26.19254100
25.68145900
23.34562500
19.08079100
15.62833400
23.93916600
41.19483400
19.83391600
22.89058400
24.13191600
24.68870900
20.64766600
27.76250000
31.76075000
27.77491700
23.95504200
17.37058300
28.28237500
27.02329200
20.65929100
16.28066700
15.98283300
16.07979200
16.21145800
15.42495900
15.54933300
15.54787500
15.73495800
15.64008400
15.84083300
15.48854200
15.27408300
15.78062500
15.62154200
15.35237500
15.70833300
15.60133300
15.24975000
15.90112500
15.35254200
15.23491700
15.77116600
15.69270900
16.68345800
16.27191700
15.42087500
13.17679100
13.02462500
12.84441700
13.22020800
13.37225000
13.96183400
13.64491600
13.66604200
13.12520800
13.43212500
14.55291700
13.96750000
13.83683300
13.68458400
13.86366600
14.60537500
14.15562500
13.57750000
13.90937500
13.40466700
13.52991700
13.60016600
13.35479200
12.97183300
15.93479200
16.56325000
16.89683300
16.60029200
16.43108300
16.81312500
17.10541700
16.65695800
16.72604200
16.45758300
16.59279200
16.57466700
16.86537500
16.30883300
16.86108300
16.81454200
16.28079200
16.31975000
17.39416600
16.26950000
17.19170900
16.55270800
15.98362500
16.77887500
16.77641700
16.65079100
16.56658400
17.02362500
16.78433300
16.43933300
16.76945900
16.83883300
16.52029200
16.51237500
16.71658300
16.49708300
16.89425000
16.61591700
16.66670800
16.64558400
16.95120800
16.87583300
16.47462500
16.48279200
16.89379200
16.58479100
16.56845900
16.78608300
16.59175000
16.96887500
17.03754200
16.32387500
16.40870800
16.77966700
16.52166600
17.06995900
18.57037500
17.14337500
15.80387500
18.18662500
15.26800000
16.19916600
17.58475000
16.95112500
16.75362500
17.05600000
16.99062500
15.61720900
19.21487500
14.46687500
16.38866600
16.09704200
16.29741700
17.12962500
18.01433300
14.86791700
17.62920800
16.86520800
16.94679200
17.09833300
17.06679200
15.39570800
15.88766700
16.89145800
17.47866700
16.67729200
15.57370800
16.96483300
16.00458400
16.83120800
16.57825000
16.86670800
16.18675000
16.55641700
16.83375000
16.53216700
16.79183300
16.89870800
16.40833400
16.54391600
16.95008400
16.39512500
16.37662500
16.81320800
16.42791700
16.63841600
16.96087500
16.39870900
16.65516600
17.30629200
16.36754200
17.16825000
16.21195800
16.44820800
16.61954200
16.95920800
16.65191700
16.76133300
16.44904200
16.81987500
16.48991700
17.33454100
16.19475000
16.72429200
16.67766700
16.49575000
16.40725000
16.49079100
16.74545900
16.63808300
16.89250000
16.49262500
17.49333300
16.34420900
16.71054100
16.61279200
16.53195800
16.92454200
16.31137500
16.65158300
16.80662500
16.60541700
16.65587500
16.69995800
16.76662500
16.45812500
16.85345900
16.85087500
16.32237500
16.80937500
16.72729100
16.20775000
16.61612500
16.92158400
16.51520800
16.92720800
16.84658400
16.32783300
16.72520800
16.88175000
16.37766700
16.79779200
16.58583300
16.66804200
16.80212500
16.87533300
16.45525000
16.59458300
16.85075000
16.70862500
16.91008400
16.47070800
16.51508300
16.79254200
16.62725000
16.53495800
16.89983400
16.70483300
16.48312500
16.66075000
16.80133300
16.54087500
16.66129200
16.81666700
16.83525000
16.63758300
17.12000000
16.55029200
16.42029100
16.97616700
16.61270800
16.52241700
16.69283300
16.35958400
16.69187500
16.74795800
16.58545800
16.74183400
16.71054100
16.65154200
17.03516700
16.44566600
16.58512500
16.68833400
16.66304100
16.65795900
16.77779100
16.84316700
16.56691700
16.82562500
16.45637500
16.63383300
16.70583300
16.60441700
16.67433300
16.81895900
16.95987500
16.30829100
17.56591700
15.98104200
16.52879100
16.80391700
16.57591700
16.60529100
16.89583400
16.53837500
16.62487500
16.72966600
16.88525000
16.85304200
16.52558300
16.72825000
16.43958400
16.79504100
16.60695900
16.62050000
16.94937500
16.46704100
16.76679200
16.84429200
16.56341600
16.65791700
16.72275000
16.48362500
16.67408300
16.78008400
16.63804100
16.60058400
16.77833300
16.64279200
16.64433300
16.91775000
16.66312500
16.83479200
16.31212500
16.72233300
16.79920800
16.60329200
16.79583300
16.66991700
16.59158300
16.70500000
17.33841700
16.63254200
16.34854100
16.71016700
16.90000000
16.97779200
29.60950000
15.21008300
14.08304200
15.30304100
15.60650000
17.26595900
15.79670800
17.42275000
16.64133300
17.20525000
16.21029200
17.46962500
12.69004200
20.95912500
13.51508300
20.37991700
13.74870800
17.12141700
14.55079100
20.33362500
13.75825000
22.16487500
10.96458400
17.66962500
12.35420800
22.90416700
11.52533300
22.41941700
11.55504100
21.51345900
11.39450000
23.27137500
13.62295800
19.87958300
13.09758400
23.21283300
15.16279200
21.63191600
14.63320900
22.94245800
23.58754200
16.76650000
24.31470800
24.49645800
16.53575000
24.57004200
22.81862500
16.54008300
16.23745900
22.26470800
16.91287500
23.28741700
23.47187500
20.68179100
18.07720900
26.30954100
20.18629200
18.64604200
27.81470800
25.27733300
19.74925000
27.75845900
21.02841600
25.86208400
20.01095800
24.45483300
20.06954200
26.37404200
20.28875000
26.02366600
21.10695900
26.66379100
20.04145900
22.17066600
34.66020900
19.89704100
25.15216700
26.18920800
27.69500000
26.72262500
30.60208400
27.01516600
24.98200000
26.20066700
24.67204200
27.70729100
26.38291700
26.39633300
28.13508400
27.94300000
20.62129100
20.68454200
20.18462500
19.67704200
20.05237500
19.89308300
19.95350000
20.19691700
20.01758300
19.65916700
20.02025000
19.22137500
19.60462500
20.09279100
18.32850000
16.03854200
15.56854200
15.65945800
15.84112500
17.13758300
16.07150000
16.55420900
18.36491600
15.54300000
15.28175000
15.22950000
16.51141700
15.97008300
15.77087500
16.31591700
16.35929200
15.76525000
15.44316600
15.47054200
15.76487500
15.42062500
15.83570800
15.89879200
15.61775000
15.48245800
15.71758400
15.32879100
15.36254200
15.59504200
16.60854100
15.55254200
16.38175000
16.11045800
15.96566700
16.21050000
15.60212500
15.49616700
15.88862500
15.59825000
16.00158300
15.31720800
15.82125000
15.56270900
15.14220800
15.51345800
13.15950000
13.85675000
13.80837500
13.28004200
14.88637500
13.06029200
13.13616600
13.97370900
14.94383300
14.89470800
13.54854200
12.46208300
12.87708400
13.18062500
15.28875000
13.02120800
13.05733300
13.59079200
12.72158300
13.49591700
16.58904200
16.72970800
16.14337500
16.52083300
16.90125000
16.40508400
16.50166600
17.08354200
16.48841700
16.53166600
16.91187500
17.02012500
16.34245900
16.77658300
16.59979200
16.72941600
16.54316700
16.49312500
16.87516700
16.72270800
16.87075000
16.40154200
16.82812500
16.53320800
17.16704200
16.31275000
16.41562500
16.94270800
16.46812500
16.78125000
16.82175000
16.63425000
16.47745800
16.48658400
16.51920800
16.74779200
16.88966600
16.43358400
16.53016600
16.95983400
16.46925000
16.71050000
16.80133300
16.63650000
16.52512500
16.85033300
16.58345900
16.68650000
16.87191600
16.90816700
16.53550000
17.06466700
16.18604100
16.53045900
16.73095800
16.39879200
16.65325000
16.86325000
16.47208300
16.93700000
16.33520800
16.66941700
16.58858300
16.93408400
16.47829100
16.61420900
16.80587500
16.57070800
16.58625000
16.83708300
16.51833400
17.31895800
16.52004200
16.39279100
16.79395900
16.76737500
16.66483300
16.80741700
16.51308300
16.57204200
16.67754100
16.79658400
16.48520800
16.72320800
16.60516700
16.92379200
16.78533300
16.36254200
16.60879100
16.66400000
16.73354200
16.82570800
16.57383400
16.73070800
16.55025000
16.80704200
16.61100000
16.59758300
16.78312500
16.58712500
16.77770800
16.71345900
16.56558300
16.64595800
16.76408400
16.63254100
16.62620900
16.85316600
16.60762500
16.57562500
17.20387500
83.92854200
21.43200000
18.34237500
24.70625000
9.27579200
13.03679100
9.35470900
9.22908300
9.61387500
9.15683300
9.15000000
9.11545900
8.86929100
9.95816700
9.36929200
12.68170800
16.48295800
16.60941700
16.57487500
16.70254200
17.37804100
16.23600000
16.74400000
16.30379200
16.73275000
16.85383300
16.65837500
16.49104200
16.96325000
16.75308300
16.51670900
16.71187500
16.70575000
16.44958300
16.92458300
16.45033400
16.86654100
16.61395900
16.57679100
16.63954200
17.00662500
16.32487500
16.78533300
16.84775000
16.43787500
16.70791700
16.81887500
16.52162500
16.65741700
16.81025000
16.52404100
16.91950000
16.70479200
16.47458300
16.65133400
16.80600000
16.58533300
16.65933300
16.77850000
16.73483400
16.78025000
16.58070800
16.69891700
16.65312500
16.64875000
16.63420800
16.67458300
16.68637500
16.74229200
16.73000000
16.54633300
16.63845900
16.85054100
16.54195900
16.92166600
16.78033400
16.51729100
16.57545900
16.95320800
16.37566700
16.96495800
16.87316700
16.21870800
16.72216700
16.81966600
16.52812500
16.65991700
16.83950000
16.68725000
16.60587500
16.76845800
16.53837500
16.64437500
16.84512500
16.50141700
16.74645800
16.80945900
16.56637500
16.33800000
16.83125000
16.69108300
16.87087500
16.57429200
16.45225000
16.92879100
16.66000000
16.50429200
16.69608300
16.89845900
16.43408300
16.70391700
16.79450000
16.52925000
16.84804100
16.85008400
16.37345800
16.74204200
16.63883300
16.41162500
16.88762500
16.63879200
16.60854100
16.63291700
16.67875000
16.66075000
16.80829200
16.74137500
16.53229100
16.86770900
16.85358300
16.35212500
16.79708300
16.53554200
16.74704200
16.87083300
16.43658300
16.72475000
16.78041700
16.65300000
16.80200000
16.96433300
16.31954200
16.53612500
16.82316700
16.38062500
16.70070800
16.84366700
16.55929100
16.65533400
16.98545800
16.64679200
16.46129100
16.75787500
16.54733400
16.72033300
16.77154200
16.61166600
16.69829200
16.70216700
16.57220800
16.72250000
16.78987500
16.53745800
16.91158400
16.57137500
16.60283300
16.87158300
16.54275000
16.60870900
16.84862500
16.69712500
16.54466600
16.59275000
16.73841700
16.66195800
16.74591700
16.82983300
16.47829200
16.79270800
16.74258400
16.87029100
16.50420900
16.60375000
16.59933300
16.79666700
16.61041600
16.65491700
16.85212500
16.88833300
16.63579200
16.50962500
16.58433300
16.65175000
16.79033400
16.53316600
16.84029200
16.71150000
16.51870800
16.69120900
16.78095800
16.82679200
16.94666600
16.68620900
16.32941600
16.69062500
16.64954200
16.87733300
16.64920900
16.71275000
16.41087500
16.69525000
17.28508300
16.38162500
16.66875000
16.57550000
16.52995800
16.66625000
16.72108400
16.77866600
16.69987500
16.90795900
16.59041600
16.95116700
20.46908300
18.80125000
15.61645900
15.43629100
17.34979200
15.82841700
17.29904100
17.25341700
17.33987500
15.67041700
16.96070800
17.77400000
16.90750000
15.52233300
17.18175000
15.88900000
12.60633400
21.84279100
11.34070900
21.96766600
12.02587500
22.90583400
10.21633300
24.09404200
9.80312500
21.97041600
11.75441700
26.33350000
8.47304200
20.75045800
10.85600000
21.84087500
11.88279200
23.16529100
10.87379200
20.47408300
11.55175000
24.38787500
10.35145900
15.36912500
22.78291600
10.95629200
23.44875000
17.07350000
17.28091700
17.33545800
17.37741700
19.07504100
19.94550000
26.64220900
19.94250000
16.52758300
29.98437500
21.37720800
15.86379200
28.85020800
23.79037500
26.24370900
28.60712500
26.10833300
28.14550000
28.02062500
28.26129200
41.31650000
21.81620800
29.74029200
27.89158300
28.02733300
27.49533400
27.62562500
27.28675000
31.16187500
32.94345800
32.90545800
29.01379200
30.16054200
24.45162500
31.02233300
33.67841700
53.07145800
22.46854200
26.23100000
34.60604100
29.34512500
31.36704200
29.82179200
30.26037500
28.51520800
28.77787500
28.35095800
31.19200000
30.42308400
30.35287500
29.74770800
29.09270800
33.61445900
53.23854100
21.26845900
32.65883300
29.31866700
36.25879100
36.17762500
32.28058400
34.24337500
27.13362500
27.26666600
32.10908400
28.74237500
26.73445800
30.40245800
45.95604200
26.02791700
35.27545800
25.83341700
31.36775000
34.12279100
31.82845900
31.23925000
28.76766600
30.93450000
27.78750000
29.12562500
28.09625000
29.34283400
28.96675000
30.65591600
26.66479200
28.74987500
32.27712500
49.61408300
21.24700000
35.91345900
22.65620800
21.21145800
28.47062500
31.82933400
31.93312500
33.46700000
31.82854100
28.98604200
28.90595800
31.03708400
28.76345800
30.94629200
27.73345800
29.41591700
27.61250000
30.35870800
28.41475000
25.21933300
30.96441700
27.94954200
28.04000000
32.94804100
27.99579200
25.32508300
28.76908400
32.50900000
25.62195800
28.83116700
29.09662500
29.51329100
29.74120900
26.67691600
31.48370900
32.28845800
26.09295800
27.41058400
29.47433300
28.64250000
35.37429200
21.05625000
21.29829100
41.87679200
21.64062500
29.51362500
32.76404200
34.52562500
40.14170800
39.29937500
20.73700000
28.41233300
29.66308400
25.74941600
29.99500000
30.19295900
37.64170800
22.78954200
22.08854100
38.90570900
21.24941600
28.64012500
26.85504200
28.79625000
28.03312500
232.42712500
21.70970800
70.11233400
24.10441600
33.82495900
42.74850000
34.44575000
26.42054100
30.96050000
25.87779200
29.56408300
30.34462500
29.35762500
28.46250000
26.66320900
28.19466600
27.37291700
25.72650000
23.68562500
26.54716700
25.96616600
26.20641700
24.53345800
26.95045900
24.61958300
27.51058300
26.32475000
33.89529200
25.44512500
24.89595800
30.05308400
28.74833300
25.27658300
20.60575000
27.17770900
26.00250000
27.48187500
28.20129100
27.94262500
24.69575000
27.50083400
27.13904100
25.24983400
26.37520800
28.12437500
28.32945800
27.66779200
24.37208300
27.28770900
25.40929100
26.89395900
25.81416600
25.34045900
21.10900000
30.13054100
27.05587500
26.70183400
31.37558300
26.26045800
22.27504200
25.57375000
27.26112500
25.91650000
25.33950000
25.49920800
21.50079200
26.10020800
26.98237500
27.17587500
24.87100000
20.62100000
34.93550000
22.66495900
25.54791600
30.60454200
25.83858300
28.32295900
27.30804100
27.88520900
25.31095800
27.22104200
27.27995800
26.18995800
29.34141700
20.32416700
19.62866600
19.42716700
19.51295800
15.66445900
15.63158300
17.84704200
16.55787500
16.62691600
17.44725000
15.70841700
17.03229200
15.71470800
15.65579200
15.59195800
15.63262500
15.22016700
15.28233300
15.47262500
15.50650000
15.34387500
15.37895800
15.23691700
15.51320800
15.38579200
15.32529200
15.91316600
15.21991700
14.24433300
17.08629200
15.60737500
14.81945800
13.87837500
13.78904200
13.73858300
14.95058400
13.82970800
16.06966700
13.65620800
13.65104200
13.31487500
13.30670800
14.80825000
14.04362500
16.03529200
14.02200000
12.82937500
13.38779100
12.91858400
14.12300000
18.94845800
18.40833300
18.59975000
18.01650000
16.54220900
23.84320800
40.72033300
18.60050000
18.60587500
18.63112500
17.08712500
15.52987500
21.18333400
17.51454100
19.28612500
24.90758400
29.07545800
23.00241700
23.05870800
21.70191700
17.53458300
20.36416700
22.16829100
22.66950000
18.52245900
19.18666600
16.64158400
15.52945800
14.98408300
15.39195900
14.95875000
14.77141600
14.68491700
14.97162500
14.67941700
15.09512500
15.37970800
15.42820800
15.36191700
15.30500000
14.97066700
15.07012500
14.99512500
15.68454100
14.35483400
13.45683300
12.96658300
13.57354200
14.03595800
13.57429200
13.83670800
13.61508400
13.78600000
14.77787500
13.76095800
14.55400000
13.83270800
13.74337500
12.74058400
15.41254100
13.75166700
15.03729200
15.63170800
14.97270800
13.90004200
14.33254200
14.40879100
13.46579200
35.97566700
33.31362500
29.50900000
23.17504100
16.77712500
28.30225000
22.10370900
24.55816600
21.36250000
16.15354200
18.83462500
31.91416700
21.13933300
16.74625000
31.29604200
27.76341600
25.79825000
24.89716700
27.41441700
24.15283300
26.75000000
27.37908300
23.56762500
25.80016700
20.75662500
38.33487500
20.58929200
17.78729100
28.74550000
27.83120900
22.93766600
27.62470900
23.53704100
20.72258400
26.96420800
32.55283300
28.66941700
27.83020800
29.45291700
28.82720800
32.97195900
37.48191600
24.89375000
27.91275000
28.25670900
25.76083300
27.24183300
27.17320900
19.53970800
19.47670800
15.49512500
15.16825000
15.03937500
15.28087500
15.09733400
14.91150000
15.46258300
15.09454200
14.22629100
12.61604200
12.62479200
12.67154100
12.51879200
13.23841700
12.37729100
12.47620900
12.40487500
13.16708300
14.06600000
13.78129200
13.98212500
15.31375000
11.76500000
12.95762500
13.07837500
12.83708300
13.11395800
13.27116700
11.64220800
11.07983400
10.90062500
16.32116600
16.62025000
16.49141700
16.67400000
16.78166700
16.54612500
16.68675000
18.07445800
15.70254200
16.95587500
16.77112500
16.25391600
16.30683400
17.02579100
16.32133400
16.82820800
16.66258300
16.90295900
16.46379100
17.31087500
16.25941700
17.04029200
16.18033300
16.50654200
16.60854100
17.14450000
16.36391700
16.67275000
16.80779200
16.44733300
16.73400000
16.87587500
16.33975000
16.75433300
16.94845900
16.41837500
16.62454100
16.90291700
16.54012500
16.98962500
16.85829200
16.39929100
17.19770900
17.19912500
16.32125000
16.64241600
16.84645900
16.50445800
16.62616700
16.90350000
16.45379100
16.52737500
16.60579200
16.74012500
16.46491700
16.82766600
16.51737500
16.50500000
16.66758400
16.64483300
16.69087500
16.48804200
16.67404100
16.89079200
16.58700000
16.77300000
16.71804200
16.57108300
16.61779200
16.89541600
16.57233400
16.68533300
17.23408300
16.65966700
20.98608300
13.54654200
16.00570800
16.97654200
17.30875000
16.29045800
37.57533400
33.51029100
19.51541700
13.35287500
18.23687500
21.01562500
16.25766700
28.86570800
20.47141700
15.62441600
27.84475000
22.94816700
15.90791700
27.31858300
22.02070800
20.59979200
16.47833300
26.94770900
26.91866600
23.44679200
27.75491700
25.26408300
27.26575000
25.15366700
27.64137500
27.11220800
24.07958300
23.63770900
27.42029100
26.31645900
25.58604100
27.31770900
24.95891600
25.84350000
34.57850000
20.24783400
19.61237500
29.69291600
26.11975000
26.31408400
36.88929100
40.27845900
20.15845800
20.61354200
30.87358300
27.02116700
27.55083300
24.69079200
28.08012500
26.62725000
26.46620800
26.47700000
27.37512500
26.68400000
26.40087500
26.13579200
23.88758300
20.15120800
29.27575000
22.74216700
24.18058300
26.78516700
26.19716700
27.27558300
26.51083300
26.66925000
27.38858400
26.73858300
25.13495800
26.04550000
25.74687500
26.53991700
23.72520800
25.56462500
27.04970900
26.43087500
26.40187500
28.14166600
23.66491700
27.91312500
24.25012500
23.86712500
23.81812500
22.57312500
34.63495800
19.58387500
24.19529200
28.55375000
27.60541700
24.91179100
20.62820900
36.76683300
20.02716700
26.42862500
27.12145800
25.57791700
25.34366600
26.79037500
26.21104200
26.62579200
27.52295800
24.76437500
27.48112500
30.42408300
22.58583400
26.18787500
28.03545800
28.50187500
26.62979200
26.32020800
29.03295800
30.66925000
27.40025000
28.67637500
32.81900000
29.33379200
39.43283300
27.84879200
29.17745800
29.08750000
32.35170900
45.29233300
20.91287500
20.72120800
42.09300000
20.71170900
22.48266600
50.15679200
21.03520800
28.34420900
27.58633300
28.99100000
27.19795800
26.58795900
30.50195800
27.82116700
39.51116600
21.19470900
29.65391600
29.68920900
29.53283300
30.43979200
31.40875000
26.07304100
31.63000000
28.76066700
24.18845800
29.65858400
40.06787500
21.49066600
29.09266700
32.20745800
27.43950000
28.29041700
27.44658300
30.45312500
27.45595900
28.07662500
27.90250000
27.11475000
27.68466600
29.12904200
25.22779200
23.78029100
28.71300000
25.86137500
29.66362500
28.31012500
30.34183400
28.96200000
27.02608300
27.23408300
25.99875000
28.29912500
25.99500000
28.15200000
26.39408400
26.01029100
28.09870900
31.84820800
31.28083300
29.31654200
33.33500000
31.76633300
30.78183400
150.06383300
38.05708300
32.09520900
32.99683300
31.70200000
32.84062500
27.54641700
28.70512500
29.30112500
27.65637500
24.53595800
28.44258300
26.86529200
26.80233300
28.50916700
25.54404200
29.98825000
28.32845800
23.42429200
26.18095800
26.38462500
25.81887500
24.75741700
27.01979100
25.73204200
24.62670800
23.10425000
30.76000000
25.24629200
27.12620800
27.94762500
31.15804200
27.36620800
28.64016700
28.31733300
30.49200000
26.72479200
28.73758300
28.92162500
32.01929200
31.38500000
32.22604200
32.42770800
36.33279200
30.37383300
32.33095800
33.27266700
31.46283300
29.27595900
28.12345800
28.53958300
28.35504200
26.93229200
29.59445800
25.80216700
24.11945800
29.11537500
28.14229200
27.38566600
26.74154200
35.67370800
19.97254200
24.08495800
27.71933400
25.32025000
27.38795800
21.69075000
37.06691700
21.20333300
26.73895800
26.04300000
21.64162500
28.54504200
28.15945800
25.11075000
27.31183400
30.33137500
32.43737500
34.45141600
33.38950000
33.23520900
38.48212500
31.51654100
26.37166700
29.24150000
26.42262500
32.59316700
28.18366600
39.59904200
22.91516700
31.89691600
29.27937500
28.45145900
29.98804100
38.03070900
20.60925000
22.01083300
45.10341700
22.24941600
28.88454200
21.06104200
42.14195800
20.52937500
21.48091700
33.88225000
24.51779100
19.99066700
33.85145800
28.56687500
26.00175000
27.66891700
24.14112500
34.70412500
21.00683300
25.86079200
27.39587500
33.72225000
28.32200000
25.93466700
23.80504100
25.34970900
26.25262500
25.90350000
25.80929100
26.84808400
25.51433300
28.03637500
25.95045800
28.71687500
27.75975000
25.29566700
27.51991700
28.23712500
29.46866600
31.42233400
34.45520800
23.56883300
29.95408400
35.44395800
20.59229200
20.28183300
28.67879200
23.92979100
26.49100000
26.66658400
32.25495800
20.49420800
24.29641700
19.86858300
26.58525000
22.67783400
21.83329100
26.56941700
24.22254200
25.39929100
26.32325000
25.56541700
29.50079200
26.00650000
28.06687500
28.79337500
25.35354100
27.11954200
25.94816700
26.05429100
25.77429200
28.27079200
26.26812500
25.72804100
28.23445900
27.12012500
24.17954100
24.27466700
27.61029200
27.72562500
23.32500000
28.26345800
26.89966700
25.49433300
24.19862500
29.41229200
26.86850000
28.79375000
32.49079100
38.42229200
27.86929200
25.61725000
26.07633300
29.40508300
27.75462500
23.47687500
29.08583400
27.05450000
25.98770800
40.59250000
41.13770800
23.36683400
28.56750000
29.73066600
28.12866700
25.73237500
25.82404200
30.50345800
27.38212500
27.37675000
27.62133300
28.84633400
26.74087500
30.36850000
27.03066600
19.85766700
21.48879200
39.94500000
20.39029100
20.50287500
31.84320900
28.57375000
28.33616600
27.98629200
31.69058300
28.69833400
28.30925000
25.56070800
27.14791700
25.84837500
27.30595800
31.08370800
27.94487500
21.08616700
20.04900000
19.56550000
19.62729200
20.27125000
20.21091600
20.28370900
19.75758300
19.40108300
19.72358400
17.84670800
15.25054200
15.88045800
15.39625000
15.80962500
16.26441700
15.43666600
15.38100000
15.42479200
15.58337500
15.76179200
16.24125000
16.28041600
16.59087500
16.77137500
16.27912500
16.51170900
18.03125000
15.81341600
16.04475000
16.02879200
13.17141700
12.93750000
12.91629100
13.05362500
12.71237500
13.01566700
13.13083300
13.36591700
14.85212500
13.85241700
13.61175000
12.94908300
12.70312500
13.37266700
12.89358300
14.86520800
14.27033400
13.20520800
13.32025000
12.97316700
12.07837500
12.65433300
13.13633300
13.54979200
14.83333300
14.52462500
16.22308400
16.48450000
16.87591600
16.57987500
16.93545900
17.88595800
17.00137500
16.09983300
16.54354200
16.73116700
17.11862500
15.83520800
16.17208300
16.45804200
17.00325000
16.31900000
16.60270800
17.18175000
16.27162500
16.92658400
16.50970800
16.49250000
16.66337500
16.79670800
16.66154200
16.70500000
16.87237500
16.62395800
16.77604200
16.56262500
16.47708300
16.71179200
17.20795800
16.32141700
16.63012500
16.77058300
16.61037500
17.04120900
16.47912500
16.32429100
16.88066700
16.44529200
16.43920800
16.80308300
16.54525000
16.68512500
16.87245900
16.53254100
16.64512500
16.86175000
16.58366700
16.62100000
16.77595800
16.75337500
16.51500000
17.05733400
16.21429100
16.93525000
17.06908400
16.41604100
16.51600000
16.76162500
16.46229200
16.93591700
16.62429100
16.45708400
16.70616600
16.96062500
16.47141700
16.70866700
16.81533300
16.89654200
16.27987500
16.96600000
16.44216600
16.67087500
17.20037500
16.27004200
16.69183300
16.55562500
16.59666700
16.99054200
16.67137500
16.04141600
16.85904200
16.54450000
16.60762500
16.77079200
16.70933300
16.58604200
16.78229100
16.65162500
16.62925000
16.76225000
16.63233400
16.82154100
17.04754200
16.22520800
16.75400000
16.84975000
16.43650000
16.70566700
16.71416700
16.60233300
16.71758300
16.97650000
16.39587500
16.55804200
16.86608300
16.59054200
16.63358300
16.92095900
16.49587500
16.66379100
17.04850000
16.28225000
16.66550000
16.79837500
16.74320900
16.59862500
17.12329100
16.14225000
16.75616700
16.88637500
16.45900000
16.65116700
16.86825000
16.54804100
16.60845900
16.95279100
16.39662500
16.76133400
16.84508300
16.62679200
16.71583300
16.65162500
16.61520800
16.59833400
16.72720800
16.61537500
16.75187500
16.80279200
16.63091600
16.67425000
16.84025000
16.49633400
16.84004100
16.47491700
16.68791700
16.99104100
16.74400000
16.42629200
16.79870800
16.70750000
16.42958400
17.34316600
16.51875000
16.32562500
16.73491700
16.54079200
16.61866600
16.89158400
16.53912500
16.63083300
16.92587500
16.52216700
16.69958300
16.66479200
16.58154100
16.71220900
16.75554100
16.66512500
16.57770900
16.87254100
16.58483400
16.63537500
16.96008300
17.02137500
16.58020800
18.00316700
16.84704200
17.09620800
15.89120800
15.37108400
16.80808300
18.00591700
15.57254100
17.87508400
15.37433300
16.37145800
16.58987500
17.01229200
16.47400000
16.94987500
16.55020800
16.41941700
16.75516700
16.61450000
16.82100000
16.95500000
17.21995800
16.49220800
17.23633400
16.59287500
16.96033300
17.00583300
16.50900000
16.23166700
16.67870800
16.17300000
16.84833400
16.63083300
16.48166700
16.54495800
16.93495800
16.70395900
17.33112500
16.84733300
15.88800000
16.52883300
16.86241700
16.60083300
16.44258400
16.82483300
16.61575000
16.53287500
16.79937500
16.63283300
16.56187500
16.78133400
16.67150000
16.69737500
16.76437500
16.51062500
16.84850000
16.65133300
16.71366700
16.75579100
16.79466700
16.25766700
16.75250000
16.44679100
17.15566700
16.57070800
16.73116700
16.51112500
16.62654200
16.31020800
16.87841700
16.49404100
16.72833400
16.60183300
16.93716700
16.70104100
16.70879200
16.44133300
16.90070900
16.41600000
16.89725000
16.41629100
16.83241700
16.56795800
16.85562500
16.56700000
16.88545900
16.36291600
16.81650000
16.46775000
16.46945900
16.71204100
16.77037500
16.49041700
16.72000000
16.57162500
16.71837500
16.92791700
16.46704100
17.14441700
16.33216700
16.70983300
16.64137500
16.66800000
16.72233300
16.64466700
16.74670800
16.68908400
16.56325000
16.65766600
16.61066700
16.72912500
16.85712500
16.68608300
16.40620900
16.69070800
16.76516700
16.69979100
16.59258400
16.82700000
16.72441600
16.60275000
16.84650000
16.63045900
16.78241600
16.55691700
16.76429200
16.89537500
16.32637500
16.78083300
16.66566700
16.45187500
16.83504100
16.84412500
16.46729200
16.92870800
16.75158400
16.47050000
16.62654100
16.89300000
16.48337500
16.74775000
16.75883400
16.89783300
16.69829200
16.89704100
16.49370900
16.87887500
17.52825000
15.67391600
16.50320900
16.89112500
16.51608300
16.60137500
16.95275000
16.41750000
17.14416700
16.52804100
16.66779200
16.65487500
16.62816700
16.60866600
16.57650000
16.82095900
16.56616600
16.69345900
16.82641600
16.51000000
16.70983400
16.78700000
16.53483300
16.80616700
16.59791600
16.84533400
16.50683300
16.61695800
16.78333400
16.71504100
16.65820900
16.67570800
16.76033300
16.47675000
16.57525000
17.20750000
16.26912500
16.53345900
16.90050000
16.82020800
16.69604200
16.68562500
16.40820800
16.90670800
16.74612500
16.40104200
16.85958300
16.91108400
16.54333300
16.37983300
16.76883400
16.78887500
16.47050000
16.85037500
16.51383300
16.88270800
17.00112500
16.46537500
16.46437500
17.06958400
16.38379100
16.71912500
16.82354200
16.35262500
16.67779200
16.77120800
16.60529200
16.65970800
17.58604200
15.95987500
16.85158300
16.53329200
16.69254100
16.49383400
16.92112500
16.62608300
16.54904200
16.65179100
16.70916700
16.79804200
16.52562500
16.65683300
16.72379200
16.56966600
16.75125000
16.72720900
16.68675000
16.61291600
16.83154200
16.50258300
16.66766700
16.79054200
16.66158300
16.60191700
16.78200000
16.48579100
16.70820900
16.93170800
16.44550000
16.61541700
17.00770800
16.42262500
16.80016700
16.74045800
16.55479200
16.61937500
16.81883300
16.66941700
16.63479100
16.67266700
16.62579200
16.74433300
16.94304200
16.34287500
16.66058300
16.84816700
16.58387500
16.52808300
17.34508300
16.43912500
17.37537500
16.00170900
16.48787500
16.86991600
16.51795900
16.64200000
16.56845800
16.82925000
17.21758300
18.37804200
20.68104200
13.82883300
13.97758300
16.58700000
16.32166700
16.67925000
16.97766700
17.04858300
16.76525000
16.23200000
16.44233300
16.88991700
16.52366700
16.62120800
16.85300000
16.55975000
16.68262500
16.92645800
16.45479200
16.62454200
16.74879100
16.54025000
16.71387500
17.03008400
16.38579100
16.52437500
17.27379200
16.47475000
16.78562500
16.69437500
16.49937500
16.42962500
16.83095800
16.36741700
16.84358300
16.68750000
16.65395900
16.69025000
16.81229100
16.38812500
16.59879200
16.73479200
16.61254100
16.59895900
16.76504100
16.57904200
16.96475000
17.62245800
15.82941700
16.71829200
16.50770800
16.43754200
16.80070800
16.64404200
16.77662500
16.56858300
16.66037500
16.69450000
17.27325000
16.41800000
16.45766700
16.90625000
16.69670800
16.60295800
16.59525000
16.61829200
16.78162500
16.44587500
16.83420800
16.61579200
16.76991700
16.57033300
16.81058300
16.64800000
16.67237500
16.68204200
16.77745800
16.53691700
16.74025000
16.79154200
16.77075000
16.58062500
16.73895800
16.64487500
16.69079200
16.69708300
16.61091700
16.67300000
16.76145800
16.56504200
16.71266600
16.78279200
16.72479200
16.53720800
16.93629200
16.59479100
16.50912500
16.90608400
16.64854100
16.66504200
16.76120800
16.66733400
16.61870800
16.76050000
16.77887500
16.47445800
16.75037500
17.14979200
16.29387500
16.62391700
16.64354100
16.76479200
16.67700000
16.60891700
16.82437500
16.55250000
16.86862500
16.55245800
16.84287500
16.88970800
16.51816700
16.46450000
16.64500000
16.78583300
16.56962500
16.72120900
16.83050000
16.80425000
16.57529100
16.68770900
16.60766600
16.54125000
16.81929200
16.62445800
16.69341700
16.74362500
16.68395800
16.71966700
16.59912500
16.66012500
16.58741700
16.82345800
16.63862500
16.89737500
16.52350000
16.58287500
16.68879200
16.80387500
16.73262500
16.72070800
16.55350000
16.87333300
16.77195900
16.81995800
16.58308300
16.47537500
16.96445900
16.69000000
16.75462500
16.55400000
16.55550000
16.62187500
16.62775000
16.85612500
16.65600000
16.54462500
16.72808300
16.91016700
16.47504100
16.54454200
16.95470800
16.36345900
16.81708300
16.58812500
16.60929200
17.02425000
16.45633300
16.72720800
16.78045900
17.13275000
16.36670800
16.58850000
16.79679200
16.53225000
16.62633300
16.94491700
16.25516600
16.84595900
16.59950000
16.53700000
16.80600000
16.75758300
16.58479200
16.57625000
16.76737500
16.56370800
16.69204200
16.77800000
16.60337500
16.71245800
17.07320800
16.54816700
16.47858300
16.80470900
16.61400000
16.62458300
16.74862500
16.40370800
16.80866700
16.66504200
16.54550000
16.86512500
16.78095800
16.41225000
16.74095800
16.65512500
17.09120900
16.45783300
16.64662500
16.49812500
16.81083300
16.57850000
16.65941700
16.79029200
16.60808300
16.81787500
16.72687500
17.06150000
16.28050000
16.59095800
16.62308400
16.67854100
16.76454200
16.51866700
16.77725000
16.69870800
16.66550000
16.69662500
17.04150000
16.81829200
16.29737500
16.77700000
16.46083300
16.78983300
16.65058400
16.76029100
17.16395900
16.67300000
16.31950000
16.89108300
16.72287500
16.81587500
16.27645800
17.18595900
16.56083300
16.61700000
16.69641700
19.19258300
14.53641700
17.29729100
15.89733400
17.05329100
17.32475000
15.84329200
17.00608300
16.40654200
16.68750000
16.97620800
17.52037500
15.97008400
18.68695800
14.22241700
17.30241600
16.12604200
18.13604200
15.07504100
17.43429200
16.54550000
16.42725000
17.29608300
16.07154200
16.55866700
17.05937500
16.58470800
17.08591700
16.32895800
16.48125000
18.46316700
15.17737500
16.35779100
17.09291700
18.04337500
16.44591700
15.67883300
16.24529200
16.35945800
16.70479200
16.79179100
16.54075000
17.21208400
16.62270800
16.53675000
17.03329200
16.41666600
16.50550000
16.54850000
17.03200000
17.08700000
16.39870900
16.70620800
16.31691700
16.88950000
16.56908300
16.58679200
16.68362500
16.63100000
16.59675000
16.76375000
16.72516600
16.65458400
16.57441600
16.89091700
16.75025000
16.70279200
16.65133300
16.79804200
17.34662500
15.96958300
17.23279200
16.33550000
17.38841600
15.91970900
17.27162500
15.93016600
16.89095900
18.60650000
16.17916600
15.67287500
17.22400000
15.95700000
16.71737500
16.77608400
16.63925000
16.48508300
17.05675000
16.31095800
16.72629200
16.92087500
16.47054200
16.61625000
16.44620800
16.40937500
16.60337500
16.84258300
16.48287500
16.66666700
16.85191700
16.65741600
16.74829200
16.92595800
16.59716700
16.96104200
16.84275000
16.41854100
16.94370900
16.84495800
16.85083300
16.78266700
16.36479200
18.18191600
15.29120900
16.73683300
17.03416700
16.26962500
16.76095800
16.44750000
16.78245800
16.63016700
16.61870800
16.74066700
16.42112500
16.80575000
17.24016700
16.09691600
16.68862500
16.84600000
16.56033400
16.58379100
16.80808400
16.43337500
16.65175000
17.01937500
16.42716600
16.86120900
16.68170800
16.48000000
16.69054200
16.84291600
16.23850000
16.60745900
17.43629100
16.18708400
16.74412500
16.52645800
16.57604200
16.64329100
17.37891700
15.97629200
17.06337500
16.48245800
16.35687500
17.01279200
16.84704100
16.80995900
16.38483300
16.51695800
16.63404200
16.67591700
16.92087500
16.69550000
16.42479100
17.00808400
16.40283300
16.66204200
16.65791600
16.76650000
16.62270900
17.13500000
16.22975000
16.85929100
16.58441700
16.65937500
16.64583300
16.63550000
16.61658400
17.01766600
16.52579200
17.07137500
16.51537500
16.40687500
16.66625000
16.84650000
16.44479200
16.81458300
16.77258300
16.56804200
16.72829200
16.95904100
16.92662500
16.76737500
16.63583400
16.06658300
16.61204200
16.98691600
16.39487500
16.69912500
17.09225000
16.55825000
16.65645900
16.85145800
16.44516700
16.72437500
16.98225000
16.68575000
16.40858300
17.27475000
16.25395800
16.57570900
16.67241600
16.64325000
16.87779200
16.76020800
16.42283400
16.57104100
16.65250000
16.63229200
16.61779200
16.57662500
16.86383300
16.75679200
16.56920800
16.62116700
16.74970800
16.94320800
16.38479200
16.74833300
16.60183400
19.13529100
15.78537500
16.49366700
15.80487500
16.87058300
16.61820900
16.93275000
16.88712500
16.75208300
16.44129200
17.35283300
16.04195800
16.58025000
16.79345900
16.13900000
16.69395800
16.92162500
17.07945800
16.32108400
18.70425000
14.50129100
16.91783400
17.46166600
16.34337500
17.76970900
15.19587500
16.40787500
17.20570800
16.32320800
16.61479200
16.63487500
16.92429200
16.63737500
16.55820800
16.70541700
16.86433300
16.40925000
16.82262500
16.65529200
18.95583300
16.79537500
16.00000000
15.08304200
16.27962500
16.75533300
16.55404200
16.67833300
16.92337500
16.84195800
16.51325000
17.27541700
16.84133300
16.01691700
16.14733300
16.80991700
17.09875000
16.07750000
16.83500000
16.52658300
16.87166700
18.07591700
18.39358300
16.15787500
15.28104200
16.17945800
16.94770800
16.57245900
16.64541600
16.64079200
16.74995800
16.75250000
18.24070900
15.78454100
15.64704200
16.76091700
16.61370800
16.50400000
16.73104200
16.74879100
18.17554200
15.35633300
16.84341700
18.53329200
15.10995800
16.61745800
16.25775000
17.05779200
16.37470800
16.32233400
17.02550000
16.43562500
16.62362500
16.70133300
16.62137500
16.78479200
16.54054100
16.70675000
16.98933400
16.63716600
16.45491700
16.31300000
16.76325000
16.45737500
16.70925000
16.98087500
16.35125000
16.70704200
16.94575000
16.38629100
16.66745900
16.92320800
16.95100000
16.54641700
16.65916600
16.49912500
16.68116700
16.72420800
16.55704200
16.66862500
16.97350000
16.44825000
16.75283300
16.86666700
16.17241700
16.52866600
18.12379200
16.16808300
16.28345900
16.78041600
16.34945900
16.99762500
16.24962500
16.35475000
16.79425000
16.72212500
16.51870800
16.69583300
16.83125000
16.62929200
16.91154200
16.66116600
16.41620900
16.72891600
16.65200000
16.61470900
16.73379100
16.68758400
16.61133300
16.71175000
16.71895800
16.63870900
16.71554100
16.67908400
16.69612500
16.88912500
16.17316600
16.64404200
16.96237500
16.52895800
16.56116700
17.33604200
16.45487500
16.69312500
16.86070800
16.41129200
16.66612500
16.84941600
16.50412500
16.59416700
16.81095800
16.63854200
16.90016700
16.89075000
16.38808300
16.61025000
16.70379200
16.67316600
16.78479200
16.73237500
16.61875000
16.67008300
16.74558400
16.49304100
16.64612500
16.74350000
16.72912500
16.72529200
16.39429200
16.85237500
16.66191600
17.12970900
16.22950000
16.67816600
16.78512500
16.52750000
16.47829200
16.99537500
16.56825000
16.69266700
17.12987500
16.37595800
16.60404200
16.57566600
16.63150000
16.59462500
16.86395900
16.53695800
16.93483300
16.58400000
16.66879200
16.57483300
16.75129200
16.94862500
16.34483300
16.64641700
16.83016700
16.77650000
16.44533300
16.87929200
16.79837500
16.62658300
16.60025000
16.51354200
16.81716600
16.62295900
16.86350000
16.68666600
16.62712500
16.49487500
16.80391700
16.53400000
17.36737500
16.46366700
16.59516600
16.61675000
16.53287500
16.67737500
16.97129200
16.32654200
16.75583300
16.96545800
16.23175000
16.86745900
16.73879100
16.42937500
16.92887500
16.75525000
16.66783400
16.71304100
16.45250000
16.99462500
16.49766700
16.82308300
16.47220900
16.59404100
16.82254200
16.68920800
16.44970900
16.89533300
16.54333300
16.83362500
16.65600000
16.60350000
16.62979200
17.00300000
16.30150000
16.95266700
16.42162500
16.69712500
16.96087500
16.68516600
16.61070900
16.58708300
16.65920800
16.80187500
16.56520900
16.54837500
16.71729100
16.84487500
16.53850000
16.95858400
16.45175000
16.84250000
16.66512500
16.53587500
17.12750000
16.54820800
16.67666700
16.61558300
17.00483300
16.73941700
16.51220800
17.18795900
16.29525000
16.53337500
16.44295800
17.00250000
16.54950000
16.48133300
16.72991700
16.73766700
16.73287500
16.66233300
16.58904200
16.65250000
16.67091600
16.67054200
16.66304200
16.69058300
16.72158300
17.25533400
16.11641600
16.76479200
16.64725000
16.57412500
16.80229200
16.73125000
16.55354100
16.70933400
16.77429100
16.60304200
16.65637500
16.96579200
16.35925000
16.76979100
16.72470900
16.52837500
16.76941600
16.78812500
16.56066700
16.68495800
16.76637500
16.39491700
16.68587500
16.96358300
16.38500000
16.75854200
16.87354200
16.61558300
16.77304200
16.61291600
16.75791700
17.86620800
16.25762500
16.12070900
16.68054100
16.92233400
16.69733300
16.69812500
16.70941700
16.47054100
16.66391700
16.79704200
16.44112500
16.56220800
16.88920800
16.45083400
16.98241600
16.44108400
16.81058300
16.74666700
16.50762500
16.97608300
16.39004200
17.15408300
16.13854200
16.79958300
16.68770800
16.57370900
16.78991600
16.71029200
16.63483300
16.71941700
16.51787500
16.76995800
16.69587500
16.65262500
16.62375000
16.75662500
16.74416700
16.59779200
17.05920800
16.83312500
16.36362500
16.54795800
16.60604200
16.60041700
16.80804100
16.62612500
16.70304200
16.72995800
16.79120900
16.51337500
16.75220800
16.59929200
16.74045800
16.73820800
16.53095900
16.73616600
16.73412500
16.65062500
16.67666700
16.69420800
16.57045900
16.76137500
16.84404100
16.64091700
16.84970800
16.46295900
16.56037500
16.88687500
16.70462500
17.50325000
15.84304100
16.94020900
16.17162500
16.65720800
16.94045800
16.39900000
16.88462500
16.68866700
16.48995800
16.52354200
16.63691700
16.67566600
16.76995900
16.54512500
16.69075000
16.66745800
16.59129200
16.98162500
16.61404100
16.65404200
16.55004200
16.69495800
16.64529200
16.63304100
16.83387500
16.55475000
16.73929200
16.71566700
16.67050000
16.60508300
16.75716700
16.64616600
16.74958400
16.94137500
16.56400000
16.59904100
16.82500000
16.38320900
16.74045800
16.55762500
16.67920800
16.76858400
16.77191600
16.60612500
16.68566700
16.78087500
17.10066700
18.27770800
15.19270800
18.59408400
14.70562500
22.05445800
15.67679200
13.31291600
17.83200000
18.25058400
15.54329100
109.76795900
27.64612500
35.46895800
9.68795800
9.53425000
9.42404200
9.95175000
12.27412500
11.48545800
11.99612500
12.08345900
11.63283300
11.55825000
11.74900000
11.47358300
13.21566700
13.29108300
12.88845900
12.66195800
12.87545800
13.30658400
13.50170800
16.03887500
16.57554200
14.31883300
14.95425000
15.40712500
16.14850000
16.94375000
16.50162500
17.48225000
16.59866700
16.60991600
17.29350000
15.65600000
16.51966700
17.96708300
15.01762500
17.30304200
17.73083300
16.60220900
15.22833300
16.39033300
16.73575000
16.96320900
16.31970800
16.61520800
16.69125000
16.95212500
16.64091700
16.60454200
16.45012500
16.69575000
16.45883300
16.81416700
16.67470800
16.73762500
16.51133300
16.85566700
16.63070800
17.24008400
16.74754100
16.11462500
16.66225000
16.87229200
16.26308300
17.18941700
16.76983300
16.21191700
16.80945800
16.71520900
16.64833300
16.84979200
17.06733300
16.04979200
16.46691600
16.42987500
16.56208400
16.63904100
16.90879200
16.46891700
16.66358300
17.03316700
16.36908300
16.65179200
17.11075000
16.51391600
16.49679200
16.98804200
16.61791600
16.45041700
16.82816700
16.48379100
16.79866700
16.75550000
16.68016700
16.48112500
17.05079100
16.59870900
16.82608300
16.30975000
16.78304200
16.61562500
16.66895800
16.61787500
16.71450000
16.65962500
16.72200000
16.85833300
16.55233400
16.69466600
17.02687500
16.34329200
16.70933300
16.80737500
16.51370900
17.01491600
16.82208400
16.93783300
16.43358300
16.95329200
16.19525000
18.09308300
16.26750000
16.34058400
16.40229100
16.89908400
16.41370800
16.51591700
16.92050000
16.63283300
16.43845800
16.82104200
16.87412500
16.12016700
16.86570800
16.59891700
16.70591600
16.55266700
16.50145800
16.66316700
16.92541700
16.61958300
16.60558300
16.71554200
16.63454200
16.58108300
17.23245800
16.39537500
16.51916700
16.94516700
16.43262500
16.74708300
16.60270800
16.77345900
16.78950000
16.65562500
16.45875000
16.88800000
16.70445800
16.87158300
16.62754200
16.28325000
16.72737500
16.77400000
16.55283300
16.70954200
16.79766700
16.64404100
16.63104200
16.77050000
17.03295800
16.73308400
16.68908300
16.66512500
16.63154200
16.87733300
16.53170800
16.45383400
17.02716600
17.43279200
17.16112500
16.19162500
16.23595800
16.63754200
16.63995800
17.07779200
16.89933300
15.87350000
17.20179200
15.87291700
16.75091600
16.57020900
16.75950000
16.60529100
16.71662500
16.61291700
17.13737500
16.40379200
16.32866600
16.74804200
16.84450000
16.64291700
16.61579100
16.81262500
16.51812500
16.67183400
16.76816600
16.59579200
16.78558300
16.67058400
16.66233300
16.53041700
16.75441600
16.75870900
16.62233300
16.73616700
16.87154100
16.34737500
16.70766700
16.78583300
16.60445900
16.49600000
16.60250000
16.50641600
16.80020900
16.71716600
16.57416700
16.77866700
16.69854100
16.58387500
16.98629200
16.57620800
16.61091700
16.67491700
16.90104100
16.31412500
16.80562500
16.71825000
16.75700000
16.89941700
16.47812500
17.03154200
16.87025000
16.41891600
16.46900000
16.67141700
16.89770800
16.42083400
16.56633300
16.99862500
16.27695800
16.80533400
16.75975000
16.56641600
16.78129200
16.61766700
16.54620800
18.04850000
15.90533300
16.72462500
17.62879200
15.51533300
16.50766700
16.61504200
16.91016600
16.32616700
16.76554200
16.80520800
16.48712500
16.88579200
16.66275000
16.65316600
16.66541700
16.49925000
16.66895800
16.91429200
16.46245800
16.67141700
16.80979200
16.60825000
16.66100000
16.84154100
16.55675000
16.71479200
16.85183300
16.41191700
16.76500000
16.92979200
16.48333300
16.74375000
16.96275000
16.26816700
16.63654100
16.98591700
16.58100000
16.53045800
16.79795900
16.52887500
16.96150000
16.80616600
16.39375000
16.65237500
16.76275000
16.53870900
16.70933300
16.77241700
17.04558300
16.53558300
16.70750000
16.50570900
16.46937500
16.61250000
16.70145800
16.60941700
16.70104100
16.65637500
16.83370900
16.59050000
16.63833300
16.83262500
16.53537500
16.69758300
16.76283400
16.61004100
16.68116700
16.78508300
16.34445900
16.60712500
16.88345800
16.48283300
16.67079200
16.81716700
16.37554100
16.64650000
16.84712500
16.64791700
16.56875000
16.80329200
16.40916600
16.70612500
16.80112500
16.76933400
16.71016600
16.80541700
16.51187500
16.85566700
16.59470800
16.72408300
16.61650000
16.73845900
16.80520800
16.44870800
16.85383400
16.54062500
16.66933300
16.78116700
16.60325000
16.66450000
17.17437500
16.37425000
16.60729100
16.88408400
16.48041600
16.71008400
16.67275000
16.74100000
16.67745800
16.78925000
16.65570800
16.69691700
16.72866700
16.53708300
16.78300000
16.58275000
16.72504200
16.73216600
16.53450000
16.74233400
16.75445800
16.66483300
16.64383400
16.91333300
16.54329200
16.61145800
16.73212500
16.58395800
16.68591700
16.80262500
16.55858300
16.65783400
16.81162500
16.59450000
16.77204100
16.73562500
16.62120900
16.55304100
16.80962500
16.60783400
16.67820800
16.91504200
16.55454100
16.66245900
16.72379100
16.65370900
16.58041600
16.98233400
16.49958300
16.71970800
16.61933400
16.55912500
16.90654100
16.66400000
16.55129200
16.78887500
16.66420800
16.77362500
16.90987500
16.40712500
16.87495900
16.78587500
16.66708300
16.45800000
16.84062500
16.56579200
16.60620800
16.64225000
16.83833300
16.60908400
16.66220800
16.86429200
16.34725000
16.92433300
16.75112500
16.40029200
16.97308300
16.57741700
16.43545800
17.04008300
16.34550000
16.61100000
16.84220900
16.63837500
16.82708300
16.89666700
16.25550000
16.89862500
16.69766600
16.63366700
16.56025000
16.77929200
16.74754100
16.47020900
16.78333300
16.77012500
16.62633300
16.83491700
16.50595800
16.61104200
17.06695800
16.47675000
16.47812500
16.95366700
16.54295800
16.75608400
16.57408300
16.61595800
16.80545900
16.70537500
16.71437500
16.60508300
16.68816700
16.60270800
16.60295800
16.70970900
16.68708300
16.68770800
16.65320900
16.82241600
16.78237500
16.66100000
16.76858400
16.67083300
16.40420800
16.89383400
16.59029100
16.71404200
16.62487500
16.65175000
16.65320800
16.73912500
16.56800000
16.56008400
16.85083300
16.64408300
16.66625000
16.61987500
16.70800000
16.59700000
16.73241700
16.73045800
16.55412500
16.77033400
16.75441600
16.68825000
16.76595900
16.52212500
16.67812500
16.66495800
16.82691700
16.49845800
16.65350000
16.77979200
16.67950000
16.65329100
16.69129200
16.82270800
16.38312500
16.73591700
16.63470800
16.98475000
16.51012500
16.61591700
16.67075000
16.63308300
16.69362500
16.67808400
16.71879100
16.75254200
16.84866700
16.81133300
16.51116700
16.60058300
16.67037500
16.70341700
16.70604100
16.53125000
16.86729200
18.56187500
15.19204200
16.78875000
16.29462500
16.42016600
16.67483400
16.86270800
16.56345800
16.62416700
16.76133300
16.55970900
16.78083300
16.78050000
16.52570800
16.79287500
16.76520900
16.49537500
16.76704100
16.81533400
16.50087500
16.65895800
16.78679200
16.54412500
16.72545800
16.74133300
16.59145900
16.84975000
16.73354100
16.55883400
16.77079100
16.68470900
16.68808300
16.88837500
16.53391700
16.73554100
16.48254200
17.01087500
16.57270800
16.54775000
16.66895900
16.50695800
16.67845800
16.75254200
16.67229200
16.67845800
16.66212500
16.68512500
16.78350000
16.56791700
16.60629100
16.97570900
16.50545800
16.76408300
17.04008400
16.54216600
16.43762500
16.81312500
16.45754200
16.69954200
16.80670800
17.04054200
16.45745800
16.71266700
16.72054100
16.61345900
16.68362500
16.62791600
17.02383400
16.40779100
16.53400000
16.70991700
16.93600000
16.63100000
16.60008300
16.82670900
16.58062500
16.99737500
16.69350000
16.41654100
17.09695900
16.51041600
16.57154200
16.53500000
16.72795800
16.61383400
16.71537500
16.72466600
16.58737500
16.74770900
16.67608300
16.56195800
16.92620900
16.54979100
16.61062500
16.71804200
16.64150000
16.65295800
16.76870900
16.60437500
16.72891600
16.87608400
16.65529100
16.57658400
16.99716600
16.69150000
16.31475000
16.71366700
16.87858300
16.49320900
17.57808300
16.12545800
16.85262500
16.84329200
16.37187500
16.56666700
16.72933300
16.78579200
16.42900000
16.85429100
16.52362500
17.12950000
16.43812500
16.73204200
16.70908300
16.58170900
16.56337500
16.69787500
16.73429100
16.60695900
17.32200000
16.29412500
16.48516600
16.72362500
16.60616700
16.65483300
16.72170900
16.94033300
16.28787500
16.57183300
16.93954200
16.78412500
16.62725000
16.67387500
16.52045800
16.57370900
16.84708300
16.49283300
16.66300000
16.68875000
16.71500000
16.70516700
16.75079200
16.61408300
16.83083300
16.51387500
16.68129200
16.72133300
16.65270900
16.63158300
16.83154200
16.56725000
16.67979100
16.82508400
16.71120800
16.45825000
17.09350000
16.75229200
16.28354100
17.02104200
16.43345800
16.94016700
16.74029200
16.62962500
16.68104100
16.80700000
16.71054200
16.51650000
16.76308300
16.46387500
16.68558400
16.92495800
16.65875000
16.62654200
16.74879100
16.56541700
16.61120800
16.58333400
16.74695800
16.56300000
16.79387500
16.65483300
16.74462500
16.58745900
16.75545800
16.47008300
16.80162500
16.60408400
16.88066600
16.73120900
16.36983300
16.91420800
16.55304200
17.20275000
16.64741700
16.67250000
16.65170800
16.72025000
16.80904200
16.50654100
16.64829200
16.51316700
16.70979100
16.65154200
16.71283300
16.69529200
16.79900000
16.48441700
16.72233300
16.72104200
16.54233300
16.74566700
16.74616600
16.56458400
16.69120800
16.82070800
16.57470900
16.75675000
16.66612500
16.57125000
17.02750000
16.52562500
16.59195800
16.80300000
16.68841700
16.53662500
16.64237500
16.88537500
16.48445800
16.85558300
17.08162500
16.32791700
16.68858300
16.82316700
16.44125000
16.69300000
16.74637500
16.64300000
16.52783300
16.75204200
16.65233300
16.83379200
16.62250000
16.69333300
16.56441700
16.67120800
16.71175000
16.80400000
16.55887500
16.71637500
16.70400000
16.62425000
16.71333400
16.76633300
16.81958300
16.44295900
16.73037500
16.63287500
16.69325000
17.15341600
16.70075000
16.64045900
16.28329100
16.68758400
16.46383300
16.76733300
16.76508400
16.62804100
16.74004200
16.51029200
16.61566600
17.65679200
15.85750000
16.44020800
16.76750000
16.54000000
16.70854200
16.62704200
16.61708300
16.73816700
16.85383300
16.54029200
16.67537500
17.03383300
16.41720800
16.54550000
16.75683400
16.62058300
16.63566700
16.79295800
16.74045800
16.66720900
16.58170800
17.06633300
16.59000000
16.51895900
16.67712500
16.49116600
16.75083400
16.66291600
16.78400000
16.77095900
16.73862500
16.92358300
16.55375000
16.58225000
16.88900000
16.51287500
16.65125000
16.68691700
16.69758300
16.64033300
16.78620900
18.31754100
16.04916700
16.48212500
16.65237500
16.13979200
17.11483300
16.23820800
16.85825000
17.14775000
17.25358400
16.22516600
16.34225000
16.47862500
16.72287500
16.94333400
16.60112500
16.77958300
16.83120800
16.50520900
16.73837500
16.88566600
16.36341700
16.72233300
16.59525000
16.69162500
16.67741700
16.74633300
16.70187500
16.63891700
16.76562500
16.66358300
16.56516700
16.73850000
16.68133300
16.63112500
16.52175000
16.89341700
16.56120800
16.81129200
16.66345800
16.76595900
16.59225000
16.53062500
16.81516600
16.67050000
16.88700000
16.51183400
16.50708300
16.99045800
16.52554200
16.67691700
16.76345800
16.75108300
16.35758400
16.57900000
16.70587500
16.74808300
16.47950000
16.91020800
16.47541700
17.08916700
16.58941600
16.95458400
16.19070800
16.85191700
16.77641600
16.33945900
16.70687500
16.86033300
16.67187500
16.57675000
16.60229200
16.76912500
16.68616600
16.90495900
16.43254100
16.71020900
16.73379100
16.55687500
16.76104200
16.73883300
16.57712500
16.73925000
16.50312500
16.73133400
16.70695800
16.60787500
16.86816700
16.66879100
16.56895900
16.94887500
16.56958300
16.67237500
16.73837500
16.41062500
16.77329200
16.78008300
16.54970800
16.86075000
16.76095900
16.44133300
16.78320800
16.66200000
16.59941700
16.62820800
16.81170900
16.52087500
16.80912500
17.08900000
16.28479100
16.65741700
16.71550000
16.54416700
16.54233300
16.89170800
16.63887500
16.53225000
16.74983400
16.51979100
16.74933400
16.81062500
16.51366600
16.65670900
16.99087500
16.51037500
16.67154100
16.88195900
16.41500000
16.73270800
16.77445800
16.51487500
16.55258400
16.81483300
16.58487500
16.63470800
16.79891700
16.53537500
16.74895800
16.73212500
16.66616700
16.59908300
16.76600000
16.58962500
16.67458400
16.72412500
16.69587500
16.72966600
16.75737500
16.56220900
16.78633300
16.82254200
16.82795800
16.44316700
16.64958300
16.60304200
16.83262500
16.51725000
16.66241600
17.06187500
16.39258400
17.03050000
16.81895800
16.37479200
16.42954100
16.85037500
16.53654200
16.65520800
16.74429200
16.63033300
16.62191700
16.81287500
16.63441700
16.87320800
16.60237500
16.55908300
16.63158400
16.81716600
16.60945900
16.65391600
16.77100000
16.80579200
16.60337500
16.71091700
16.58150000
16.77308300
16.95712500
16.34650000
16.78304200
16.76579100
16.53920900
16.70554100
16.67433400
16.60104100
16.66016700
17.02700000
16.57366700
16.60720800
16.56212500
16.51866700
16.77087500
16.70245800
16.48079200
16.86358300
16.51541700
16.65908300
16.82516700
16.67137500
16.77329100
16.66804200
16.64041700
16.79304100
16.75770900
16.62850000
16.61491600
16.64804200
16.65920800
16.71087500
16.79491700
16.70287500
16.73645800
16.62466700
16.63866700
16.61695800
16.90429200
16.60041600
16.64212500
16.81933400
16.78516600
16.52962500
16.68191700
16.60404200
16.84091600
17.13200000
17.81366700
15.59995800
16.51862500
16.61075000
16.51216700
16.65625000
16.62166700
16.62012500
16.73758300
16.69883300
16.73300000
16.85270900
16.66591600
16.62079200
16.85604200
16.70570800
16.69075000
16.76875000
16.59275000
16.74891700
16.64779100
16.59254200
16.69929200
16.76083300
16.55020800
16.85287500
16.52241700
16.69691700
16.87304100
16.51341700
16.61812500
17.26566700
16.32550000
16.56812500
16.78487500
16.58800000
16.73200000
16.77204100
16.51229200
16.68966700
16.88116600
16.55245900
16.55150000
17.11233300
16.56279200
16.71779100
17.36054200
15.95883300
16.39141700
17.10812500
16.24979200
16.66912500
16.86945800
16.42820800
16.82787500
16.86695900
16.46616600
16.60012500
16.83862500
16.59425000
16.66145900
16.76908300
16.64858300
16.57704200
16.70900000
16.73095800
17.04166700
16.43041700
16.48850000
16.99908300
16.34783300
16.65995900
16.88695800
16.59925000
16.60412500
16.77370800
16.75016700
16.61462500
16.79062500
16.50541700
16.68879100
16.73462500
16.62558400
16.64895800
16.82400000
16.59945800
16.77770900
16.78591600
16.41920900
16.92608300
16.74466700
16.39795800
16.77050000
16.72308300
16.84816700
16.55541700
16.78241600
16.89545900
16.37695800
16.89629200
16.58450000
16.54816600
16.71154200
16.89012500
16.41862500
17.18766700
16.79058300
16.24387500
17.02950000
16.42433300
16.44762500
16.90604200
16.42916700
16.70675000
16.97012500
16.39775000
16.77141600
16.64941700
16.59079200
16.65779100
16.92000000
16.61079200
16.54833300
16.64866700
16.69866700
16.76412500
16.63245800
16.78083300
16.68408400
16.58437500
16.63504100
16.92225000
16.45787500
16.71470900
16.82791600
16.51762500
16.75887500
16.67633400
16.59266600
16.80258400
16.71083300
16.52341700
16.67920800
16.76420800
16.63562500
16.65041700
16.84795800
16.50233400
16.73345800
16.74545800
16.52712500
16.80541700
16.73333300
16.54558400
17.28200000
17.46958300
18.93212500
16.02579200
17.57870800
16.65070800
15.52800000
30.92925000
39.84404200
17.36158300
19.97420900
17.34358300
18.62604200
17.04837500
21.54337500
34.15154100
21.19745900
22.50358300
20.06150000
22.10008300
21.05075000
20.79304200
19.40825000
21.69750000
19.64879200
16.97733300
17.79612500
17.56354200
16.82350000
17.18083300
16.68087500
15.88629200
15.78783300
16.31562500
18.54583300
21.40641700
22.69733300
20.40370900
17.32245800
18.51537500
18.81433300
15.83833400
16.53283300
15.57908300
15.34200000
15.59800000
15.25516700
16.34029200
16.02329100
15.89379200
15.21895800
16.12195900
15.21304100
15.68041700
15.46258300
14.97283400
16.01933300
15.38270800
13.75654200
12.34970800
12.42591700
12.33704200
12.45383300
12.74279200
12.67591600
12.74429200
13.75350000
12.28870800
12.64904200
13.52533300
10.93395900
10.96891600
11.02304200
10.78087500
10.77804200
10.94595800
14.16658300
16.79691700
16.56187500
16.95329200
16.52141600
16.66579200
16.29325000
16.75970800
16.59633400
16.41941600
17.00616700
16.51587500
16.61891700
16.80362500
16.50575000
16.71662500
16.83933300
16.46408300
16.74083400
16.80916600
16.60145900
16.80575000
18.17662500
15.13975000
16.53195800
16.78954200
16.58791600
16.70270900
16.87037500
16.64395800
16.69754200
16.80654100
16.57500000
16.51983400
16.74216600
16.64100000
16.60945900
16.76116600
16.71841700
16.50604200
16.88425000
16.67891600
16.64237500
16.63729200
16.65154200
16.81275000
16.64241600
16.59075000
16.69641700
16.70091700
16.57837500
16.75450000
16.78983300
16.78595800
16.85779200
16.32483300
16.76958400
16.72600000
16.46629100
17.06045900
16.46979100
16.98175000
16.93108400
16.45062500
16.91550000
16.54804100
16.57412500
16.70562500
16.48862500
16.94087500
16.38162500
16.56883400
16.94575000
16.45079100
16.76333400
16.63783300
16.62320800
16.75216700
17.00945800
16.33783400
16.59504100
16.73316700
16.57329200
16.69262500
16.83408300
16.58287500
16.64441700
16.73387500
16.82437500
16.58745800
16.62675000
17.09383300
16.50175000
16.75666700
16.48200000
16.59716700
16.78116600
16.63704200
16.59495800
16.68908400
16.97416600
16.44579200
16.80020800
16.96708400
16.29179100
16.75316700
16.60079200
16.68720800
16.68716700
16.58966600
16.75304200
16.57254200
16.68854100
17.15620900
16.52087500
16.84670800
16.39183300
16.54216700
16.71625000
16.69391700
16.62037500
16.67083300
16.82387500
16.57516700
16.75954100
16.74050000
16.58958400
16.67225000
16.80475000
16.56487500
16.63204100
16.91008400
16.38908300
16.64050000
17.01533300
16.19829200
16.68075000
16.75912500
16.72270800
16.80991700
16.57745800
16.50891700
16.73245800
16.72204200
16.58766700
16.78375000
16.72429100
16.55341700
16.71366700
16.74541600
16.53933400
16.86379100
16.59916700
16.74375000
16.76108300
16.58262500
16.68762500
16.62683400
16.74879100
16.69329200
16.80295800
16.45879200
16.89145800
16.74320900
16.56466600
16.74070900
16.82987500
16.42825000
16.79679100
16.66170900
16.57437500
16.64745800
16.83475000
16.80629200
16.86808300
16.59500000
16.50491700
16.51662500
16.86141600
16.65100000
16.52525000
17.05629200
16.30937500
16.89087500
16.61591700
16.66441600
16.55191700
16.94679200
16.67679100
16.55912500
16.76304200
16.44329200
16.72220800
16.76183300
16.58783400
16.62970800
16.82937500
16.51900000
16.75495800
16.80995900
16.59666600
16.55025000
16.96329200
16.44079200
16.73779100
16.67495900
16.65091600
16.66325000
16.75225000
16.60800000
16.71587500
16.71604200
16.70354200
16.91337500
16.65125000
16.52916600
16.68950000
16.56204200
16.68304200
16.94441600
16.46587500
16.69687500
16.83812500
16.53308400
16.66491600
17.10304200
16.44595800
16.54200000
16.82191700
16.50512500
16.65170800
16.83650000
16.55625000
16.88125000
16.86854200
16.68175000
16.40525000
16.96916700
16.29995800
16.67141700
16.79179100
16.55325000
16.98458400
16.81879100
16.55329200
16.57045800
16.99416700
16.58183300
17.78462500
15.77170900
16.36700000
16.50754100
16.71091700
16.56345800
16.58029200
16.61475000
16.54408300
16.68237500
16.73941700
16.60870800
16.66241700
16.73820800
16.62854200
16.64295800
16.64312500
16.66562500
16.78608400
16.63033300
16.65629200
16.76012500
16.59333300
16.72600000
16.85070800
16.60300000
16.73612500
16.69304200
16.77595800
16.75266700
16.69704200
16.45958300
16.60770800
16.68283400
16.69916600
16.55962500
17.04645900
16.67533300
16.42400000
16.77825000
16.55200000
16.67320800
16.72095900
16.71075000
16.64929100
16.95062500
16.84725000
16.35479200
16.80158300
16.60879200
16.61737500
16.75941700
16.81604100
16.43941700
16.81991700
16.91804100
16.43187500
16.64675000
16.66750000
16.67570900
16.74487500
16.75700000
16.68762500
16.69087500
16.69287500
16.62920800
16.65591700
16.90054100
16.59512500
16.58383400
16.67212500
16.75287500
16.62770800
16.74283300
16.72712500
16.77095900
16.57562500
16.67329100
16.64966700
16.62025000
16.83737500
16.56358300
16.63291700
16.83187500
16.59708300
16.64575000
16.81916700
16.64400000
16.76137500
16.58900000
16.77358300
16.65000000
16.68679200
16.65608300
16.70429200
16.63737500
16.60341700
16.83920800
16.68129200
16.72895800
16.77770800
16.67125000
16.41875000
16.82829200
16.61695800
17.02737500
16.69341700
16.55862500
16.59962500
16.65758300
16.60787500
16.79516700
16.73283300
16.61620900
16.74858300
16.69637500
16.66350000
16.66104200
16.46587500
16.83125000
16.85983300
16.73175000
16.52504200
16.78745800
16.57137500
16.38929200
16.87608300
16.61695800
16.59200000
16.71391700
16.73512500
16.57437500
16.70266700
17.00325000
16.38154100
17.25841700
17.00770800
16.27995900
16.36312500
16.57145800
16.56604200
16.76041600
16.66000000
16.58441700
16.81941700
16.67220800
16.59975000
16.86237500
16.76620800
16.38937500
16.69625000
16.76333400
16.62741600
16.67508400
16.73191600
16.47387500
18.58233400
15.93616600
16.68550000
16.40766700
18.19154200
28.52350000
12.65945800
9.44154200
17.25950000
14.27716600
16.77804200
16.49183300
16.52329200
16.60466700
16.62150000
16.63858300
16.72566700
16.71712500
16.56833300
16.49054200
16.66608300
16.99016700
16.39970800
16.65108300
16.72904200
16.59270800
16.71608400
16.74908300
16.58650000
16.76345800
16.85391700
16.43312500
16.72183300
16.69833400
16.66908300
16.74225000
16.44883300
16.67187500
16.63770900
16.75162500
16.62666600
16.76404200
16.81033300
16.41266700
16.75720800
16.73133400
16.58458300
16.69858300
16.73437500
17.28854200
16.37929200
16.60545800
16.32987500
16.75233300
16.73054200
16.72220800
16.58783400
16.57925000
16.82900000
16.49087500
16.99579100
16.60870900
16.43875000
16.82350000
16.54316600
16.73954200
16.64591700
16.66566600
16.94250000
16.68616700
16.76904200
16.87775000
16.45804100
16.49245900
16.79608300
16.64241700
16.54000000
16.70900000
16.53945800
16.73195800
16.74204200
16.62470800
16.70041700
17.07945800
16.58945900
16.49041600
16.86600000
16.33904200
16.59783300
16.81420900
16.64062500
16.72987500
16.72279100
16.62029200
16.88075000
16.66520800
16.50345900
16.71570800
16.65241700
16.70437500
16.69966600
16.78679200
16.67379200
16.61458300
16.82533300
16.55700000
16.86404200
16.63525000
16.54266700
16.65762500
16.78333300
16.64208300
16.72241700
16.78470800
16.52933400
16.66512500
16.79800000
16.61329100
17.00816700
16.75208300
16.68120900
16.64741600
16.46395900
17.04887500
17.08225000
16.10891600
16.54391700
16.76429200
16.79779100
16.60954200
17.05787500
16.17279200
16.69720800
16.81766700
16.80441600
16.65350000
16.71100000
16.61854200
16.74054200
16.70229100
16.61137500
16.64270900
16.85695800
16.67391700
16.55745800
16.78404200
16.54750000
16.71908300
16.75662500
16.56754200
16.72716600
16.78437500
16.31475000
16.87870900
16.85345800
16.49783300
16.73429200
16.72579200
16.40708300
16.73483300
16.83233400
16.52054100
16.92470900
16.49720800
16.57491700
16.81233300
16.63333300
16.67787500
16.67083400
16.82370800
16.64533300
17.85566700
15.73833300
16.59400000
16.83466700
16.81016700
16.66870800
16.78904200
16.53350000
16.78658300
16.99012500
16.22216700
16.72370800
16.68079200
16.59475000
16.80550000
16.90579100
16.48683400
18.54870800
15.28079200
16.25925000
16.68875000
17.01700000
16.66258300
18.27754200
16.06287500
16.92708300
16.89345800
17.31637500
15.54083400
16.22154100
16.64916700
17.08220800
16.23150000
16.67537500
17.04733400
17.26720800
15.64487500
16.91508300
16.34487500
16.76750000
16.34266700
17.76662500
16.39595800
16.02345900
16.58087500
16.85658300
16.38679200
17.09683300
16.49258300
16.50212500
16.66508400
16.89570800
16.39191700
16.75879100
16.56412500
16.76275000
16.51275000
16.86450000
16.84325000
16.54279200
16.87937500
16.49108300
16.52233400
16.70658300
16.59400000
16.75279200
17.14870800
16.19833300
16.78995900
17.02679100
16.34441700
16.68312500
16.96066700
16.81866600
16.61904200
16.20037500
17.01454200
17.42366600
15.58316700
16.87225000
16.65004200
16.52391600
16.78404200
16.76325000
16.46800000
16.72129200
16.76666600
16.73795900
16.57912500
16.74870800
16.60012500
16.83908300
16.70691700
16.57400000
16.61666700
16.86012500
16.46245800
16.62712500
16.81933300
16.63579200
16.87458300
16.63191700
16.54266700
16.67283300
16.78579200
16.51337500
16.67283300
16.79395800
16.68983400
16.61087500
16.70958300
16.80729200
16.63175000
16.62487500
16.64141600
16.80850000
16.55000000
16.66991700
16.84983300
16.61033400
16.69637500
16.70887500
16.59208300
16.77029200
16.66862500
16.63470800
17.22545800
16.27216700
16.52095800
17.12291700
16.51933300
16.46875000
16.70100000
16.78291700
16.69445800
16.65483400
16.86329100
17.14475000
16.11370900
16.90729100
16.39908400
16.61062500
16.78979100
16.56758400
16.69837500
17.07537500
16.58541600
16.67095900
16.71866600
16.60275000
18.35358400
15.76441600
16.20608400
16.54283300
16.64812500
16.59850000
16.51187500
16.76429200
16.46158300
16.72558300
16.79191700
16.57283300
16.48816700
16.73483300
16.73708400
16.62725000
16.54666600
16.85558400
16.64775000
16.56254100
16.67570900
16.89608300
16.44504200
16.78675000
16.78270800
16.51850000
16.70916700
16.82204100
16.50737500
16.71529200
16.81700000
16.25441700
16.71150000
16.78304100
16.58112500
16.95212500
17.09304200
16.32554200
16.56175000
17.00595800
16.50545800
16.55995900
16.77904100
16.60275000
16.60858400
16.76687500
16.64129100
16.99600000
16.76637500
16.44579200
16.82045800
16.57687500
16.46079200
16.73033300
16.80820900
16.62591600
16.62233400
16.67304100
16.67583400
16.84554100
16.61441700
16.56391700
16.67095800
16.67825000
16.67150000
16.69858300
16.67600000
16.68279200
16.76237500
16.84216700
16.65462500
16.80304100
16.45454200
16.60983300
16.82462500
16.69295900
16.55179100
16.77050000
16.62995900
16.62920800
16.82712500
16.49962500
16.68758300
16.87745900
16.74587500
16.42595800
16.77512500
16.58037500
16.86654200
16.67266600
16.58491700
16.60737500
16.77300000
16.58079200
16.93866600
16.64491700
17.23495800
16.08025000
16.70275000
16.75250000
16.56675000
16.71258400
16.63795800
16.64904200
16.76695800
16.55620800
16.75695900
17.03862500
16.60375000
16.73587500
16.73595800
16.36954200
16.62808300
16.66929200
16.62129100
16.81370900
16.59320800
16.69145800
16.83233400
16.53829100
16.71020900
16.86891600
16.40404200
16.74445800
16.74770900
16.60458300
16.59958300
16.89966700
16.51266700
16.66462500
16.78629100
16.54495900
16.70125000
17.11945800
16.58112500
16.49933300
16.67058400
16.60820800
16.66154200
16.83045800
16.53837500
16.67583300
16.88354200
16.51408300
16.89362500
16.69466700
16.47141700
16.70637500
16.71641600
16.55683400
16.74883300
16.70737500
16.40791700
16.63787500
16.83566600
16.55275000
16.85841700
16.77287500
16.41116700
16.90862500
16.78300000
16.38300000
16.76516600
16.76420900
16.50037500
16.71791600
16.85079200
16.75691700
16.58129100
17.14608400
16.43337500
16.56966600
16.58962500
16.59725000
16.58450000
16.78287500
16.56912500
16.75187500
16.73662500
16.48962500
16.98108400
16.62412500
16.56587500
16.67820800
16.93025000
16.75987500
19.98350000
13.30991700
16.74491600
16.56000000
16.64008400
16.56679100
16.74683400
16.62908300
16.73200000
16.76725000
16.46966700
16.74458300
16.74870800
16.56033400
16.64566600
16.92612500
16.60095900
16.60875000
16.93020800
16.59129200
16.55483300
16.82020800
16.61512500
16.50520900
16.89075000
16.40920800
17.09645800
16.93358400
16.40154100
16.42020900
17.02425000
16.27754100
16.89362500
16.84583400
16.43041600
16.53391700
16.65566700
16.65291600
16.68479200
16.58391700
16.73787500
17.03741600
16.37695900
16.79970800
16.77404200
16.41550000
16.65495800
16.76791700
16.61750000
16.68391600
16.76916700
16.62595800
16.64554200
16.80116700
16.55433300
16.67787500
17.01837500
16.58779200
16.60195800
16.81304200
16.81741600
16.43137500
16.84187500
16.55487500
16.52433400
16.66154100
16.58833400
16.67500000
16.77733300
16.59295800
16.84245900
16.69979100
16.57416700
16.76704200
16.88845800
16.51391700
16.72083300
16.72500000
16.56087500
16.81133300
16.62516700
16.68420800
16.74287500
16.81912500
16.72008400
16.49033300
16.81608300
16.56208400
16.74329100
16.59491700
16.89545800
16.50945900
16.73083300
16.75954200
16.77025000
16.90008300
16.46691700
16.92154100
16.36300000
16.66937500
16.79325000
16.76620900
16.86062500
16.79579100
16.25029200
16.67983300
16.72679200
16.73254200
16.80804100
16.66545900
16.60950000
16.57800000
16.68583300
16.60283300
16.73787500
16.76941700
16.53308300
16.71975000
16.80787500
16.72625000
16.78608400
16.70337500
16.54795800
16.67779200
16.81325000
16.53412500
16.67720800
16.82812500
16.54429200
16.70183300
16.79162500
16.73225000
16.66254200
16.67504100
16.43275000
16.78091700
16.85783300
16.52362500
16.85537500
16.81208400
16.49025000
16.57820800
16.75508300
16.66941700
16.67170800
16.93283400
16.39487500
16.77979100
16.59850000
16.64333400
16.94141600
16.42620900
16.77741600
16.90891700
16.70079200
16.59091600
16.63433400
16.51250000
16.70387500
16.55175000
16.82333300
16.88054200
17.12837500
16.16787500
16.44020800
16.98695800
16.65158400
16.31129100
17.00375000
16.45700000
16.97495900
16.62262500
16.38687500
16.88062500
16.74475000
16.58008300
16.73216700
16.89366600
16.46562500
16.66541700
16.79941700
16.64433300
16.55904200
16.65966600
16.84925000
16.38795900
16.98516600
16.33912500
16.75200000
16.91716700
16.54258300
16.62483400
16.86283300
16.58125000
16.90716700
16.51533300
16.43866700
17.00025000
16.58983300
16.46483300
17.07766700
16.36158300
17.07266700
16.89287500
16.36725000
16.65241700
16.81979100
16.52800000
16.89991700
16.40587500
16.80016700
16.61312500
16.58275000
16.89387500
16.64525000
16.75866600
16.54279200
16.66883300
16.82120900
16.28175000
16.75329100
17.13537500
16.83970900
16.38170800
16.66487500
16.64470800
16.66379200
16.54470800
16.54687500
17.17525000
16.71266700
16.53716700
16.64158300
16.84145800
16.39220900
16.84100000
16.55541600
16.82779200
16.76170800
16.73200000
16.56083400
16.69950000
16.73304100
16.58804200
16.38450000
17.07320800
16.24800000
16.79512500
16.79100000
16.78987500
16.40750000
16.89637500
16.54737500
17.07466700
16.38841700
16.43675000
16.73954100
16.63291700
16.72612500
16.73641700
16.69404100
16.57391700
16.81987500
16.56262500
16.91320800
16.74154200
16.36016700
16.76225000
17.01183300
16.48916700
16.61641600
16.71458400
16.70420800
16.99295800
16.34908400
16.80783300
16.49733300
17.02083400
16.57650000
16.41866600
16.78020900
16.69058300
16.92000000
16.62950000
16.51037500
16.76466700
16.79883300
16.28579200
17.61362500
16.67125000
16.18950000
16.59158300
16.71095800
16.52991700
16.62408300
16.51408400
16.68279100
16.70625000
16.62050000
16.69429200
16.68095800
16.66741700
16.51312500
16.73725000
17.22320800
16.59600000
16.62133400
16.32950000
16.71300000
17.09575000
16.24854100
16.91908400
16.60750000
16.58845800
16.51404200
16.74933300
16.68637500
16.79312500
16.64966700
16.62716600
16.61116700
16.82479200
16.54337500
16.95912500
16.76716600
16.52458400
16.64862500
16.70808300
16.61408300
16.66662500
16.97412500
16.42695900
16.66791600
16.98625000
16.37954200
16.68441700
16.82195800
16.71120800
16.67650000
16.66391700
16.56691700
16.88816600
16.92595900
16.68145800
16.50412500
16.73358300
16.58775000
16.61641700
16.81758300
16.67495900
16.62687500
16.91604100
16.47283400
16.80066600
16.70979200
16.85529200
16.43745800
16.65787500
16.69170800
16.67770900
16.65879100
16.82512500
16.63345900
16.78629100
16.66162500
16.96979200
16.43825000
16.68429200
16.95708300
16.40095800
16.63712500
16.78700000
16.62420900
16.68633300
16.74520800
16.53325000
16.67937500
16.85479200
16.65166700
16.68525000
16.68220800
16.53612500
16.67245800
16.82900000
16.57325000
16.70779200
16.73008300
16.67391700
16.60904200
16.75104100
16.96470900
16.59162500
16.68433300
16.63862500
16.47591700
17.48604100
15.99987500
16.55170900
16.88241600
16.62316700
16.69329200
16.85591600
16.63133400
16.51404100
18.62079200
16.86750000
16.91370800
15.58504200
16.63175000
16.15583300
17.31983400
16.25804100
16.59570900
16.62420800
16.38320800
17.21383400
16.32412500
16.42737500
16.78137500
16.64191600
16.77725000
16.86279200
16.58395800
16.57233400
16.70204100
16.57908400
16.71870800
16.79687500
16.46975000
16.59416700
16.79633300
16.76375000
16.53008300
16.82579200
16.58800000
16.64858300
16.96512500
16.48245900
16.59133300
16.80662500
16.68716700
16.70700000
16.50266600
16.65775000
16.65616700
16.72850000
16.63487500
16.65320800
16.88029200
16.55183300
16.74654200
16.85662500
16.55379200
16.99320800
16.33550000
16.53812500
16.72462500
16.83779200
16.58845800
16.59145800
16.71462500
16.81820900
16.83975000
16.79395800
16.27675000
17.18204200
16.38700000
16.80183300
16.71279200
16.65745800
16.63316700
16.67716600
16.48366700
16.64329200
16.65429100
16.66741700
16.85129200
16.97487500
16.19695800
16.83654200
16.62408300
16.68087500
16.61891700
16.79866600
16.47316700
16.74337500
16.76204200
16.63783300
16.87616700
16.77404100
16.55916700
16.49700000
16.74133300
16.55141700
16.75016700
16.77833300
16.63595800
16.59391700
16.78808300
16.70033400
16.74662500
16.63904100
16.54866700
16.62425000
16.89225000
16.52770800
16.43725000
16.77500000
16.55725000
16.73033400
16.78279100
16.59966700
16.67962500
16.94170800
16.53183400
16.67162500
16.58425000
16.62912500
16.76000000
16.67141600
16.70320900
16.86183300
16.79966700
16.69220800
16.55012500
16.45725000
16.77641700
16.91612500
16.32500000
16.78045800
16.72870800
16.63100000
16.74512500
16.70975000
16.53325000
16.73045900
16.91391600
16.58425000
16.66800000
16.64033400
16.71504100
16.60487500
16.70550000
16.66995900
16.63125000
16.82225000
16.51962500
16.72333300
16.79983300
16.53704200
16.69833300
16.75600000
16.59745900
16.68433300
16.73983300
16.64208400
16.66891600
16.76637500
16.58508400
16.72916600
16.71858400
16.61633300
16.65895800
16.49616700
16.89804200
16.67570800
16.42950000
16.67441700
16.71991600
16.66716700
16.75762500
16.77295800
16.67779200
16.69379200
16.72025000
16.55958300
17.05850000
16.33650000
16.60850000
16.65195800
17.64770900
15.84133300
16.69095800
16.77316700
16.67370800
16.44908400
17.21558300
16.31712500
16.77787500
16.90670800
16.21641700
16.98583300
16.78870900
16.39254100
16.79145900
17.85479100
15.78600000
16.60170900
16.58341600
16.55554200
16.78675000
16.45550000
16.49004200
16.67133300
16.86829200
16.64962500
16.65550000
16.68254100
16.57250000
16.56862500
16.76266700
16.62095800
16.85491700
16.63391700
16.70679100
16.59354200
16.76433300
16.57375000
16.90137500
16.41841700
16.67783300
16.74620900
16.63008300
16.77304200
16.68066600
16.57550000
16.65333400
16.93262500
16.51662500
16.92120800
16.80029200
16.45779100
16.94587500
16.50704200
16.31737500
16.78275000
16.92945800
16.50654200
16.78933300
16.71916700
16.96241700
16.26720800
16.89766700
16.55445800
16.57979200
16.92783300
16.44766700
16.72216600
16.79570900
16.59895800
16.71054200
16.99945800
16.34091700
16.77983300
16.78041700
16.54250000
16.75062500
16.77412500
16.52158300
16.75245800
16.77654200
16.76175000
16.55575000
16.97304200
16.74220800
16.54270800
16.67570900
16.53958300
16.71766700
16.67650000
16.63087500
16.71037500
16.68712500
16.64658300
16.73120800
16.75108400
16.53795800
16.84145800
16.61233400
16.60654100
16.73679200
16.69525000
16.61841700
16.77258300
16.73695800
16.55208400
16.77554100
16.71379200
16.53145800
17.20737500
16.34500000
16.57158400
17.11612500
16.32320800
16.61591700
17.09412500
16.56758300
16.62533300
16.78670900
16.54983300
17.53254200
16.05216600
16.72475000
16.45300000
16.83237500
16.49820900
16.75625000
16.69929100
16.64929200
16.72158300
17.00137500
16.65525000
16.70366700
16.80583300
16.80045900
16.37825000
17.07837500
16.37029100
16.44879200
17.07025000
16.35825000
16.76962500
16.75679200
16.53250000
16.58625000
17.13733300
16.28300000
16.96745800
16.66233400
16.31533300
17.14641700
16.44325000
16.60495800
16.61329200
16.54275000
16.67041600
16.74341700
16.67204200
16.93779100
16.47087500
16.58312500
16.69929200
19.33950000
14.93495800
16.85104200
16.27900000
16.48129200
16.57125000
17.05933300
17.41604200
15.61337500
16.78183300
16.73091700
16.52333300
16.88995800
16.40025000
16.73454200
16.81954200
16.46533300
16.68737500
17.55379200
16.07758300
16.57775000
17.17841700
16.24262500
16.51112500
16.72154100
16.59425000
16.76154200
16.71904200
16.59183300
16.64700000
16.84595800
16.69725000
16.49554200
16.78970800
16.69562500
16.57195900
16.73295800
16.80429200
16.29229100
16.90937500
16.58925000
16.89033400
16.25891600
16.73925000
16.71233400
16.65004100
16.82795900
16.58791600
16.63275000
16.70400000
17.04237500
16.23350000
16.82712500
16.68575000
16.55787500
17.07508400
16.44529100
16.91375000
16.55983400
16.71033300
16.64654200
16.44495800
16.75658300
16.56879200
16.74970800
16.78245900
16.51083300
16.74683300
17.77279200
15.73341700
17.72612500
15.95925000
16.55108300
16.71783300
16.73595900
16.37216600
16.87141700
16.44904200
17.00520800
16.54383300
16.82083400
16.89454100
16.42887500
16.75341700
16.58745800
16.64395900
16.79504100
16.92120900
17.18770800
16.20125000
16.47266700
16.62241600
16.67091700
16.94212500
16.66308300
16.39820900
16.83758300
16.63700000
16.83600000
16.38366700
17.15758300
16.24741700
16.58304100
16.74050000
16.58533400
16.72904100
16.97266700
16.40891700
16.66529100
16.76216700
16.82812500
17.45937500
18.02629200
18.13612500
15.47766600
14.67520900
16.90420800
17.00804200
18.31037500
16.35250000
15.61562500
16.65975000
17.03612500
16.58191600
17.70375000
15.25287500
16.89879200
18.39487500
15.14650000
16.16666700
16.72575000
17.08508300
16.68066700
17.13120800
17.29500000
16.79325000
16.30954200
16.14379100
17.09350000
16.27616700
16.35429200
16.53595800
16.80737500
16.71020800
16.74970900
16.52754100
16.66566700
16.72433300
16.53591700
17.01900000
16.59291700
16.42283300
16.55512500
17.05720800
16.38312500
16.76408400
17.12866600
16.34375000
16.38587500
16.79408400
16.89712500
16.75770800
16.82770800
17.15425000
15.80337500
16.95829200
16.26975000
17.21895800
17.77791700
15.10712500
16.85112500
16.68862500
16.51183300
17.32158400
16.19629100
16.44133400
16.58854100
16.80775000
17.00150000
16.27295900
16.61991600
16.66170900
16.31908300
16.81941700
16.42808300
16.69079200
17.19745800
17.35616700
16.19475000
16.70033300
16.79750000
16.60116700
16.16475000
16.72483300
16.47945800
16.47641700
16.71516700
16.83795800
16.84341700
16.51637500
16.68775000
16.34091600
16.49291700
16.80737500
16.55308300
16.65925000
16.89670900
16.46850000
16.75783300
16.89087500
16.62216700
16.50783300
16.77991700
16.56683300
16.62312500
16.90729200
16.57012500
16.59829100
16.88900000
16.46983400
16.67979100
16.78475000
16.87620900
16.71179100
16.71833400
16.69895800
16.64395800
16.47779200
17.29412500
16.55945800
16.50720900
16.61050000
16.74279100
16.45750000
16.49866700
16.71750000
16.77729200
16.61779100
17.29162500
16.79658400
16.75712500
16.54887500
16.73862500
16.33329100
16.78987500
16.58291700
16.45912500
16.87970800
16.62350000
16.56995900
16.95512500
16.54391600
16.73587500
16.92358400
16.38712500
16.82162500
16.80466600
16.31091700
16.88104200
16.95120800
16.62170800
16.36912500
16.88212500
16.41000000
16.62691700
16.96600000
16.66854200
16.50170800
16.89758300
16.41033400
16.72833300
16.92050000
16.39204200
16.69266600
17.06425000
16.36466700
16.69154200
16.87791600
16.63120900
16.54770800
16.86904200
16.42929100
16.67816700
16.87645800
16.48262500
16.63525000
16.89225000
16.47537500
16.68800000
16.92433400
16.80529100
16.48425000
16.81850000
16.57270900
16.56866600
16.86887500
16.50808400
16.64595800
16.64604200
16.72962500
16.65033300
16.68666700
16.62958300
17.17120800
16.49837500
16.40625000
16.82566700
16.63683300
16.62312500
16.75525000
16.76545900
16.53350000
16.85075000
16.46658300
16.81575000
16.83758300
16.52179200
16.52979200
17.00454100
16.70045900
16.51650000
16.81341600
16.48283400
16.62325000
16.85283300
16.54087500
16.66208300
16.79854200
16.74045800
16.72008400
16.65283300
16.58354200
16.60775000
16.80820800
16.72037500
16.54837500
16.75995800
16.62562500
16.61333400
16.87708300
16.30137500
16.70529200
17.02145800
16.30662500
16.89750000
16.52900000
16.60345800
16.63720900
16.75808300
16.64512500
16.95650000
16.57620800
16.83300000
16.62512500
16.46862500
16.99958400
16.86429100
16.40045900
16.59983300
16.62425000
16.85375000
16.65450000
16.85420800
16.26891700
16.61941700
17.09491600
16.35833400
16.66116600
16.86012500
16.45879200
17.06658300
16.76475000
16.30004200
16.61983300
17.12750000
16.55800000
16.48891700
16.58070800
16.76383400
16.98908300
16.51229200
16.47091600
16.65604200
16.84837500
16.54908300
16.59858400
16.85412500
16.59783300
16.76516700
16.69258300
16.64654200
16.53283300
16.75841700
16.64100000
16.81016600
16.71975000
16.56279200
16.59366700
16.77329100
16.51533400
16.59608300
16.75166700
16.61229100
16.91754200
16.50141700
16.64820800
16.66016700
16.66375000
16.71766600
16.76241700
16.62733300
16.65429200
16.78000000
16.55587500
16.76729200
16.79933300
16.54825000
16.77483300
16.64362500
16.76529200
16.62641700
16.77737500
16.55520800
16.55100000
16.87287500
16.38779200
16.65941600
17.01175000
16.64862500
16.53512500
16.87712500
16.44016700
16.62920800
16.86266700
16.52433300
16.69866700
16.71941700
16.54816600
17.01287500
16.95958400
16.20383300
16.90775000
16.57537500
16.47312500
16.74579200
16.79445800
16.54716700
16.67670800
16.79000000
16.66212500
16.67475000
17.08925000
16.75300000
16.49591700
16.57108300
16.41325000
16.60616700
16.67575000
16.62070800
16.82112500
16.60420800
16.62441700
16.75750000
16.66562500
16.68720800
17.33058400
16.35254100
17.22812500
16.37412500
16.08566700
16.70883300
16.84833400
16.57608300
16.65879200
16.70666600
16.63220900
16.85516600
16.70508400
16.51587500
16.67175000
16.79987500
16.55920800
16.86354200
16.59945800
16.58520800
16.64345900
17.10466600
16.74345900
16.65445800
16.63345800
16.44862500
16.65966700
16.67179200
16.63612500
16.67616600
16.81579200
16.53791700
16.68104100
16.87587500
16.90916700
16.66641700
16.54062500
16.55645800
16.65879200
16.76491600
16.55154200
16.73662500
16.86841700
16.56120800
16.72050000
16.63554200
16.68637500
16.68466600
16.68587500
17.12604200
16.38320800
16.47762500
16.70887500
16.77529200
16.62170800
16.84741700
16.75883300
16.56045900
16.68825000
16.84787500
16.47008300
16.97304200
16.50404100
16.87866700
16.68970800
16.67683400
16.44962500
16.65112500
16.84758300
16.53633300
16.72695900
16.76895800
16.62420800
16.80816700
17.03241700
16.45916600
16.55150000
16.93175000
16.42712500
16.76237500
16.76033400
16.54987500
17.00362500
16.48170800
16.60500000
16.86891700
16.66887500
16.61200000
16.59800000
16.75979100
16.57200000
16.72241700
16.73333300
16.67870900
16.68104100
16.81266700
16.65554200
16.46483300
16.79791700
16.83208300
16.62995800
16.55375000
16.72737500
16.76595900
16.66354100
16.51662500
16.75812500
16.62941700
16.65887500
16.84650000
16.74208300
16.41066700
16.93725000
16.44608300
16.68845900
16.78850000
16.59508300
16.68929200
16.81658300
16.49333300
16.77683400
16.90812500
16.62579100
16.48645900
16.86287500
16.52158300
16.62133300
16.86233400
16.50720800
16.69525000
16.82541700
16.57429100
16.68941700
16.75975000
16.75791700
16.56520800
16.71575000
16.61245800
16.68129200
16.80516700
16.54062500
16.69220800
16.81083300
16.55554200
16.65654200
16.93633300
16.47062500
16.75741700
16.93920800
16.45379200
16.58995800
16.86983300
16.51983400
16.85983300
16.79625000
16.48754200
16.71683300
16.61395800
16.80145900
16.78404100
16.48745900
16.66708300
16.62850000
16.76108300
16.58429200
16.98845800
16.40662500
16.78741700
16.97270800
16.30970900
16.62491600
16.73645900
16.59937500
16.56966600
16.62658400
16.64612500
16.58912500
16.89204100
16.50791700
16.71429200
16.82400000
16.60300000
16.59237500
16.93545800
16.62100000
16.54370800
16.80454200
16.55787500
16.62825000
16.80487500
16.46350000
16.62025000
16.80983300
16.59245900
16.72833300
17.03087500
16.55654200
16.73758300
16.49629200
16.66150000
16.69958300
16.65200000
16.69850000
16.54441700
16.73358300
16.80062500
16.55583300
16.66308400
16.72029100
16.84058400
16.71808300
16.49670800
16.78445900
16.66066600
16.93912500
16.47891700
16.64808300
16.55137500
16.76125000
16.63895900
16.75266600
16.81045900
16.44675000
16.74566600
16.72070900
16.59795800
16.73591700
16.68287500
16.54341600
16.68362500
16.75645900
16.58970800
16.70804200
17.09416600
16.67816700
16.49600000
16.51587500
16.69679200
16.59408300
16.75004200
16.69650000
16.60658300
16.89295800
16.53350000
16.92875000
16.54758400
16.70516600
16.59204200
16.64704200
16.60566600
16.79600000
16.66220900
16.56108300
16.68800000
16.80041700
16.76808300
16.61670800
16.72220900
16.67720800
16.70262500
16.64154200
16.65900000
16.72408300
16.54358300
16.70462500
17.03679200
16.34958300
16.87579200
16.90204200
16.53062500
16.74204100
16.49862500
16.51100000
16.73845900
16.98987500
16.35033300
16.65987500
16.81920800
16.54600000
16.54570900
16.94083300
16.56220800
16.69512500
16.78675000
16.60670900
16.76520800
16.69725000
16.57458300
16.80229200
16.67441700
16.67812500
16.63912500
16.80679100
16.63587500
16.62654200
16.91308300
16.65779200
16.52100000
16.83233300
16.56958400
16.67508300
16.75837500
16.58808300
16.71800000
16.74320900
16.64916600
16.62887500
16.77483400
16.57716600
16.88383400
16.66066600
16.70279200
16.65375000
16.61829200
16.71029100
16.80679200
16.56075000
16.80120800
16.70633400
16.66100000
16.73879100
16.70170900
16.64925000
16.62270800
16.87079200
16.55112500
16.58875000
16.80733300
16.61491700
16.77004100
17.03108400
16.63591600
18.55145900
14.99954100
16.76404200
16.37258300
18.82208400
14.78554100
16.55720900
16.81291600
16.50637500
16.74483400
16.79470800
16.56358300
16.63929200
16.84062500
16.90695800
16.34287500
16.87329200
16.47950000
16.79575000
16.67758300
16.50987500
16.76420900
16.78612500
16.54775000
16.69204100
16.87591700
16.43137500
16.69966700
16.74941600
16.64525000
16.36341700
16.67966700
16.73304100
16.71300000
16.62583400
16.66695800
16.84533300
16.53716700
16.85812500
16.63545800
16.57004200
16.64758300
16.83179200
16.61925000
16.65229200
16.75479100
16.60283400
16.67629100
16.79995900
16.57070800
16.95258300
16.52875000
17.00454200
16.37379200
16.71691600
16.54970900
16.68650000
16.74270800
16.52020800
16.80204200
17.26679200
16.29166600
16.70429200
17.14225000
16.13004200
16.69108300
16.78375000
16.86158300
16.43475000
16.81741700
16.61387500
16.79108300
16.47000000
16.49075000
16.67462500
16.80487500
16.64304200
16.98483300
16.44262500
16.51008400
16.70595800
16.75595800
16.59362500
16.79741700
16.56750000
16.69616700
16.75354100
16.39079200
16.78300000
16.68520800
16.55279200
16.67187500
16.78512500
16.67837500
16.65670800
16.90050000
16.48045900
16.66183300
16.77866700
16.76512500
16.66058300
16.61720800
16.66866700
16.51825000
16.83725000
16.62570800
16.49950000
16.91125000
16.49783400
16.87541600
16.67566700
16.75000000
16.95395800
16.87600000
16.27220900
16.59029100
16.83216700
16.49325000
16.66729200
16.61225000
17.25041600
16.11104200
17.00508300
16.64308400
16.36841600
16.75004200
16.63145800
16.69454200
16.70533300
17.14145900
16.51079100
17.73520900
16.89420800
16.15091700
15.90200000
16.72708300
16.59862500
16.59670800
16.79504200
16.72845800
16.84004200
16.41183300
16.81837500
16.54975000
16.80666700
16.94520800
16.69800000
16.56750000
16.65508400
16.21837500
16.69337500
16.75862500
17.31054100
16.31687500
16.97200000
16.46091700
16.89058300
16.71816700
16.96325000
16.30058300
17.49112500
15.89108400
16.82337500
16.99379100
16.27816700
16.69708300
17.01441700
16.28137500
18.29266700
16.50112500
17.17908300
15.00687500
17.86166700
15.51029100
18.74975000
14.95595900
16.32750000
16.88858300
17.10345800
16.09395900
16.77954100
17.38550000
15.98500000
16.57766700
18.10675000
15.22041700
16.66108300
16.93995800
16.45350000
16.68687500
16.59441700
16.76316700
16.82070800
16.45504200
16.77720800
16.77320800
16.76445900
16.43275000
17.03975000
16.48433300
16.54458300
16.72758400
16.71204100
16.57108400
17.57500000
16.06425000
17.18670800
16.36979200
17.65750000
17.50095800
15.25937500
18.18683300
15.38862500
16.70487500
17.91070900
14.92191600
17.36087500
17.87116700
17.14312500
16.28383300
17.30529200
14.89091700
16.59329100
16.49345900
16.88129100
18.11341700
15.09020800
18.42591700
15.06154200
17.59841600
16.76425000
18.81841700
17.76695800
19.17783400
18.78379100
16.69541700
18.17295800
19.15183400
19.24183300
18.30870800
18.44004200
17.01000000
16.78620800
15.99779200
16.31979200
16.06391600
16.53062500
15.14212500
15.94970900
15.15045800
15.34962500
15.81754200
15.71095800
15.28445800
15.57108400
15.09212500
15.55625000
15.46508300
14.85995800
15.01925000
17.58670900
16.08254100
16.95041700
16.39562500
16.89170800
16.17841700
16.98412500
16.60425000
17.26695800
16.02883400
16.32491600
18.82433400
15.91275000
17.48937500
15.88087500
17.04437500
16.01150000
17.39825000
18.06429100
15.24800000
17.25858400
17.05858300
18.23920800
14.84537500
16.10800000
16.14654200
16.16587500
16.60150000
16.02054200
17.29550000
16.05375000
16.86245800
16.57670800
16.78695900
17.31645800
16.85625000
15.82570800
16.36091700
16.67937500
16.76454200
18.54000000
14.68820800
17.06316700
16.39520800
16.68891700
16.81820800
16.59170800
16.56562500
16.38916700
17.34537500
16.61666700
16.19570800
16.98670800
16.81183400
16.42616600
16.42570900
16.94391600
16.37325000
16.79195900
16.82379100
16.65095900
16.63166600
16.92366700
16.51933300
16.60854200
16.77725000
16.86979200
16.63404100
16.52229200
16.44275000
16.79979200
16.73454100
16.84887500
16.61504200
16.60704200
16.63200000
16.99854100
16.41441700
17.54275000
18.55404200
14.52925000
19.02687500
19.95933300
17.26237500
23.43387500
20.16483300
20.71695900
19.18470800
21.10100000
19.11433300
22.90595900
150.03058300
41.77491700
52.15545800
22.86925000
19.90120800
19.48958400
19.67920800
20.09695800
19.63091700
20.90012500
19.58879200
19.49283300
20.75070800
21.00562500
20.83616700
16.27716700
16.92975000
16.05445800
16.95925000
16.40362500
16.57579200
16.60191600
16.59312500
18.13720900
20.96333300
20.72175000
21.71408300
23.27037500
21.79600000
21.30683400
20.55083300
20.26950000
19.47254200
19.77766600
21.38433400
18.05866600
18.73266700
18.59591700
16.83333300
19.81125000
18.90241700
16.83925000
16.82441600
16.07841700
15.30754200
16.19520800
15.42270800
19.46433400
17.72745800
18.13379200
17.29191600
17.33229200
16.77170800
16.95954200
16.90216700
16.30391600
15.78129200
16.87454200
16.11170800
17.23995800
16.89391700
15.07862500
13.72679200
14.09004100
13.68445900
13.39162500
15.10554100
13.76637500
13.73279200
13.40604200
13.26550000
14.22170800
13.95458300
13.16025000
13.70162500
12.57345900
13.09895800
14.85583300
13.68966700
13.74516700
13.30895800
14.08112500
13.65554200
13.47687500
13.14979100
13.27962500
12.80633400
12.91816600
12.76291700
13.16616700
12.60670800
12.91670800
15.14537500
16.42883400
16.86870800
16.99187500
16.42200000
16.45608300
17.01441700
17.39308300
17.21879200
15.56433300
16.67550000
16.64125000
16.56237500
17.09345900
16.25541600
16.63445900
16.71408300
17.09462500
16.72862500
16.30812500
16.76287500
16.39629200
16.71300000
17.49820800
16.00666700
16.60662500
16.88941600
16.51291700
16.73829200
16.91012500
16.41587500
16.11983300
16.93291700
16.47004100
16.61341700
16.94666700
16.47108300
16.65475000
16.81625000
16.59012500
16.57337500
16.75945800
16.59483400
16.59979100
16.94912500
16.69925000
16.62420900
16.65150000
16.55183300
16.62820800
17.10745900
16.59391600
16.54312500
16.72525000
16.63395900
16.65675000
16.72829100
16.66554200
16.55975000
16.65979200
16.82100000
16.45616600
16.94795900
16.62808300
16.46845800
16.46391700
16.87616700
16.76487500
16.50616600
16.56016700
16.74637500
16.55204200
16.72266600
16.77945900
16.60408300
16.78800000
16.77862500
16.48462500
16.66679200
17.09875000
16.33600000
16.68787500
16.72187500
16.58700000
16.83920800
16.62820800
17.02783400
16.59804100
16.74079200
16.46637500
16.57025000
16.64020800
16.63175000
16.54087500
16.82370900
16.44058300
16.78491700
16.73212500
16.57779100
16.93704200
16.59608300
16.59529200
16.67312500
16.87333300
16.44095900
16.81108300
16.63508300
16.66554200
16.67266700
16.70033300
16.65908300
16.61504200
16.79037500
16.60554200
16.75558300
16.66141700
16.42766600
16.75004200
16.51016700
16.89433300
16.83762500
16.65887500
16.54108300
16.82579200
16.52075000
16.64729200
16.90004100
16.75212500
16.47600000
16.98583400
16.46679100
16.94333400
16.90170800
16.44245800
16.73583400
16.85433300
16.63804200
16.34050000
16.86820800
16.60929200
16.77283300
16.74766700
16.51354100
16.79433400
16.77529100
16.57808400
16.60929100
16.85066700
16.57275000
16.67225000
16.85587500
16.45483300
16.64287500
16.83908400
16.51625000
16.87362500
16.82279100
16.32608400
16.92350000
16.65529100
16.66079200
16.34829200
17.10283300
16.44133300
16.77737500
16.89062500
16.28570900
17.00295800
16.50079200
16.73800000
16.75304100
16.57600000
16.46904200
16.93254200
16.60937500
16.80387500
16.73733300
16.49079200
16.70925000
16.89987500
16.58095800
16.39995800
17.02904200
16.41679200
16.52741600
17.19870900
16.43516600
16.75108400
16.76825000
17.04270800
16.19416700
16.95245800
16.42545800
16.82862500
16.67175000
16.64937500
16.94770900
16.53725000
16.45062500
16.67354100
16.83641700
16.50191700
16.78458300
16.85354200
16.39270800
16.90220800
16.69045900
16.58745800
16.87120800
17.06054200
16.30329200
16.67116600
16.94279200
16.11329200
16.92379100
16.76891700
16.54179200
16.62200000
16.77216600
16.62841700
16.72491700
16.74962500
16.50733300
16.86045800
16.46762500
16.64504200
16.64791700
16.93695800
16.44162500
17.05312500
16.50441700
16.62137500
16.78583300
16.55945800
16.84275000
16.60800000
16.71383400
16.46775000
16.95333300
16.50104200
16.64866600
16.98229200
16.37170800
16.88504200
16.85904200
16.41475000
16.78820800
16.60937500
16.68804200
16.48079100
16.85550000
16.46837500
16.78891700
16.90775000
16.52708300
16.75508400
16.89462500
16.25591600
16.93500000
16.58250000
16.81862500
16.55633400
17.10058300
16.27741700
16.65329100
16.72950000
16.59454200
16.84800000
16.78066700
16.36733300
16.62725000
17.17383300
16.24558400
16.76754100
16.73266700
16.69783300
16.66962500
16.54558400
16.91612500
16.68195800
16.48533300
16.76283400
16.73762500
16.43800000
16.93670800
16.53829200
16.79216600
16.56179200
16.83887500
16.42491700
16.93687500
16.51104100
16.56129200
16.76800000
16.93866700
16.51841600
16.70420900
16.80383300
16.38262500
16.94991700
16.77770800
16.47766700
16.56758300
16.89987500
16.90858300
16.32354200
16.83987500
16.90158300
16.47220900
16.69612500
16.66570800
16.83716700
16.36154100
16.74104200
19.04316700
15.28608300
16.44387500
16.62658300
16.69083400
16.30191600
16.43029200
16.82587500
18.00545800
15.30658400
17.15758300
16.00737500
16.66541700
16.87683300
16.41275000
16.87100000
16.83895800
16.58679200
16.82691700
16.31129100
17.07254200
16.62183300
17.25137500
16.40883400
17.45800000
15.84033300
17.25270800
18.34095900
15.97858300
15.84208300
16.17758400
17.19345800
16.37054200
16.48166600
18.18950000
15.55383400
18.19708300
15.39229200
16.69604100
17.43691700
17.20483300
15.30570900
17.32854100
17.57841700
16.85975000
16.55220800
17.66929200
18.09412500
20.26404200
19.45166600
16.62579200
16.60708300
16.31937500
16.98400000
16.26650000
13.40637500
13.11816700
16.02595800
14.04425000
16.75262500
16.84370900
16.35941600
16.93504200
16.75966700
16.75758300
16.63025000
16.72270800
16.71083400
17.85987500
15.47441600
16.47200000
18.63616700
15.12708300
16.69516700
17.55254200
15.70625000
16.78533300
17.87429200
15.55533300
16.63420800
18.08966700
16.04479200
15.81670800
16.52741700
16.77845800
17.31345800
16.15441700
16.53958300
18.04408400
16.67904100
16.52104200
17.18554200
15.88066600
16.23841700
16.77016700
16.82554100
16.03900000
16.66075000
16.42445900
16.58987500
16.83200000
16.63766600
16.72945900
16.90312500
16.55175000
16.73904100
16.92429200
16.55125000
16.76875000
15.94100000
16.59570800
16.68641700
16.63933300
17.00504200
16.83479200
16.53850000
16.78620800
17.17408300
15.59862500
16.75183400
16.68412500
16.62829100
16.83525000
16.61495900
16.73112500
16.62779100
17.28616700
16.65408300
17.78979200
15.30875000
16.97941700
16.45100000
16.63762500
16.75287500
16.92062500
16.83341600
16.91833400
16.19650000
16.89991600
16.70204200
16.85000000
16.25991700
16.87937500
16.54929100
16.62783400
16.98575000
16.86845800
16.32650000
16.95304200
16.62950000
16.60587500
16.97641600
16.27379200
16.83579200
16.77354100
16.39808400
16.63850000
17.28625000
16.38170800
16.56375000
16.79662500
16.61470800
16.57050000
16.88754200
16.45179200
16.55900000
17.23679100
16.35712500
16.59604200
16.78545800
16.47191700
16.69433300
16.97133400
16.61041600
16.45275000
16.99045900
16.59787500
16.99129100
16.44787500
16.66733400
16.74154100
16.55150000
17.63016700
15.64037500
16.97887500
16.71900000
16.77091700
16.26329100
18.62062500
15.09279200
16.33275000
17.17562500
16.27958300
16.68591700
16.70208300
16.96195900
17.36020800
16.23808300
16.58412500
17.21058400
15.50283300
16.76150000
16.91066700
16.59083300
16.94195800
16.57212500
16.59287500
17.26970900
16.30304100
16.52862500
16.49716700
16.94987500
16.56387500
16.79170800
16.70766700
16.80954200
16.58237500
16.62945800
16.81825000
16.36458300
17.39850000
16.22729200
16.64041700
16.57575000
16.77941600
16.63241700
16.61879200
16.88108300
16.17645800
17.33175000
16.39058400
16.57395800
16.77620800
17.28145900
16.16654100
16.22812500
17.32545900
15.71462500
17.10766600
17.06025000
16.02316700
17.25758300
17.15720900
16.21058300
16.59033300
16.72341700
15.92712500
16.83837500
18.69358300
15.13008400
16.58420800
16.96362500
16.38591700
16.72579100
17.13333400
15.68687500
17.14116600
17.59775000
15.97258400
16.86870800
16.96945800
16.30845900
16.35337500
16.33912500
17.08312500
16.68995800
18.06595800
15.59937500
16.75754200
16.31570800
16.21354200
17.14595800
16.40233400
16.39750000
17.01158300
16.75954200
16.52991600
16.87850000
16.76041700
16.32162500
16.77187500
16.59783300
16.60425000
17.19962500
16.28520900
16.83795800
16.79758300
16.77095900
16.43200000
17.04037500
16.52208300
16.18787500
17.36116700
16.37887500
16.47637500
17.47625000
16.18866600
16.92479200
16.93066700
16.25129100
16.18991700
17.28925000
16.88816700
16.26495800
17.04058300
16.24991700
16.71825000
16.89666700
17.79162500
15.02533300
17.14300000
17.27166700
15.76020800
17.22237500
16.54479200
16.84262500
16.15595800
17.29170800
15.88012500
17.08816700
16.75962500
16.65195800
17.11916700
16.57229200
16.28408300
16.51791700
18.74658300
14.63962500
19.25758300
15.81370900
16.38916600
16.00591700
16.66591700
16.63712500
16.71245800
16.59858300
16.32608400
17.05708300
16.25966700
16.80291600
16.62770900
16.88545800
16.49816700
16.63745800
16.75829200
16.26066600
16.71983400
16.84600000
16.48712500
16.82137500
16.69233300
17.03516700
16.64858300
16.66079200
16.33983300
16.94791700
16.13279100
17.49808400
15.94275000
16.54520800
17.24741700
16.37179100
16.92087500
16.89445900
16.86312500
15.95312500
16.91437500
16.57258300
17.39533300
16.71883400
16.60608300
16.30933300
16.82570900
16.45916600
16.37233400
16.91054100
16.57620900
17.03695800
16.91970800
16.26087500
16.63179200
16.68600000
16.81945800
16.55233400
16.79225000
16.35800000
16.82458300
16.33962500
16.87787500
17.10270800
16.40991700
16.48758300
16.76991700
16.64916700
16.32070800
17.11916700
16.49495800
16.84858300
16.75841700
16.28620800
16.94237500
16.64070900
16.53041600
16.48466700
16.77508300
16.80641700
16.74433300
17.25308400
16.23541600
16.53195900
16.75150000
16.69087500
16.74895800
16.40708300
17.10516700
16.51412500
16.64862500
16.68875000
17.10225000
16.46683300
16.47404200
16.65770800
16.52670900
16.85008300
16.75662500
16.87608300
16.52545900
16.56829100
16.85158400
16.57391600
16.84195900
16.24462500
17.12383300
16.43983300
17.01900000
16.42070900
16.55925000
16.90491600
16.42333400
17.00712500
16.03916600
17.13637500
16.82829200
16.52966700
16.74945800
16.59083300
16.49287500
16.78979200
16.94883300
16.13379200
16.94691700
16.71712500
16.31850000
17.16550000
16.89916600
16.66804200
16.56029200
17.07829100
15.92141700
17.40475000
16.61895800
16.15950000
16.60666700
16.82441700
16.68579100
16.38091700
16.94520800
16.20833400
16.74200000
17.35933300
16.24475000
16.78495800
16.71758400
16.57129100
16.50841700
16.79129200
16.46350000
16.74829100
17.16233400
16.38845800
16.98650000
16.57212500
16.50195800
16.60383400
16.56345800
16.85025000
16.26125000
17.36962500
16.41854200
16.46779100
16.60325000
17.15287500
16.62020900
16.20608300
16.79775000
16.46591700
16.92579100
16.88358400
16.80387500
16.41820800
16.70862500
16.85208300
16.55120900
16.53162500
16.92633300
16.46483300
16.67816700
16.92958300
16.49954200
16.67608300
16.80679200
16.56025000
16.75883300
16.93012500
16.43320900
16.46345800
17.28679200
16.40858300
16.77908300
16.52654200
16.50329200
16.75458300
16.83520800
16.62150000
16.84241700
16.54695800
16.53850000
16.85783400
17.03808300
16.56787500
16.48733300
16.69687500
17.27716700
16.48550000
16.53095800
16.76320900
16.60912500
16.54216600
16.52225000
16.65454200
16.90479200
16.77400000
16.87079100
16.72537500
16.24216700
16.96075000
16.76766700
16.41895800
17.54891700
16.11841600
16.57745900
16.71737500
16.44675000
16.88633300
16.55512500
16.73166700
16.61491600
17.17366700
16.00008300
16.63712500
17.14600000
16.19912500
17.02995900
16.77766600
16.57025000
16.52308400
17.01662500
16.33870800
16.77104200
16.84000000
16.41725000
16.71054100
17.25270900
16.05925000
16.69725000
17.55520800
15.79616700
16.53962500
17.17208300
16.18208300
16.89141700
16.68908300
16.63116700
16.83183300
17.02654200
16.38941700
16.56500000
16.87633300
16.42200000
17.01825000
16.59112500
16.74733300
16.70495900
17.15541600
16.00045900
16.96879100
16.69100000
16.53395900
16.68941600
16.56312500
16.78425000
16.58904200
16.97562500
16.40200000
17.00037500
16.22516700
16.69854100
16.93533400
17.07829100
16.30962500
16.93966700
16.28270800
16.39733400
16.99854100
16.79991700
16.74629200
16.38370800
16.63158300
16.61295900
16.87141600
16.63079200
16.74745800
16.72758400
16.66920800
16.76433300
16.82262500
16.41204200
16.83937500
16.76370800
16.20879200
16.82954200
17.06116600
16.08404200
16.86108300
17.04495900
16.56262500
16.22887500
16.88345800
16.90500000
16.46966700
16.71591600
16.94987500
16.58179200
16.75833300
16.28691700
17.08970800
16.33362500
16.66141700
16.83295800
16.46920900
16.97329100
16.71120900
17.09754100
16.72979200
16.22675000
16.71716700
16.43750000
17.15475000
16.49725000
16.68133300
16.48900000
16.83587500
16.57654200
17.04304100
16.17337500
17.01920900
16.54491600
16.76433400
16.79654100
16.70208400
16.39408300
16.85458300
16.48379200
16.86441700
16.60770800
16.95704200
16.18962500
16.92354100
17.08145900
16.44920800
16.67225000
16.76570800
16.53666700
16.40870800
16.84500000
16.80650000
16.70145900
16.73658300
16.25425000
16.89829200
16.88700000
16.49529100
16.68037500
16.80420900
16.71462500
16.47266600
16.86395900
16.40600000
16.93008300
16.47020800
16.56295900
16.91854100
16.66908400
16.52783300
16.86287500
16.63379200
16.82879100
16.51416700
16.85183300
16.71100000
16.54654200
16.54562500
17.38466700
16.40329100
16.50558400
16.60062500
16.85366600
16.67108400
16.64908300
16.56850000
16.78608300
16.67425000
16.86650000
16.23112500
16.78991700
17.13183300
16.24654200
16.70125000
16.99900000
16.39045800
16.87700000
16.69029200
16.33587500
16.92433300
16.93279200
16.20970800
16.86054200
16.87891700
16.66529100
16.62887500
16.40412500
16.75000000
16.73966700
16.64637500
16.82483300
16.63966700
16.92754200
16.50254100
16.30008400
17.03050000
16.37204100
16.82304200
16.72729200
16.42033300
16.96525000
16.53770800
16.67008400
16.89820800
16.85295800
16.67370900
16.67362500
16.44216600
16.92445900
16.50254100
16.52104200
16.90850000
16.71366700
16.62037500
16.66616600
16.87641700
16.45995800
16.62708400
17.33933300
16.06279200
16.73529100
16.81129200
16.58558300
16.73287500
16.63433400
17.71287500
16.33033300
16.89783300
16.32866700
16.59329200
17.05545800
17.79512500
16.86387500
15.18562500
16.31195800
18.41741700
15.25908300
17.51450000
15.35541700
16.84629200
16.57050000
16.51470800
16.77466700
16.75229100
16.59108400
16.80616600
16.50691700
17.16229200
16.28304100
16.44716700
16.60379200
16.89658300
16.59125000
16.60108300
16.68329200
16.90354200
16.57887500
16.62604100
16.69829200
16.88737500
16.46295800
16.60954200
16.80666700
16.67525000
16.54766600
16.92441700
16.59470800
16.58516700
16.87979200
16.99412500
16.41866600
16.81833400
16.37137500
16.68670800
16.82337500
16.74620800
16.74016700
16.66400000
16.54362500
16.50150000
16.91737500
16.80162500
16.25116700
17.20779100
16.49008400
16.27662500
16.87745800
16.64520800
16.55341700
17.12033300
16.40783400
16.55887500
17.41179100
16.34116700
16.56741700
16.91537500
16.78245800
16.75095800
16.39795900
18.14637500
15.33287500
16.54233300
16.72941700
16.81033300
16.76308300
16.54650000
16.64083400
16.69487500
16.51258300
16.89745800
16.48341700
16.64237500
16.90162500
16.34870800
16.89787500
16.71791700
16.68775000
16.57712500
16.90283300
16.40045900
16.76141600
16.88520900
16.57750000
16.56683300
16.91441700
16.50220800
16.62620800
17.02866700
16.42083300
16.63904200
16.81758300
16.63491700
16.63991700
16.83404100
16.47070900
16.79504100
16.79166700
16.61125000
16.83012500
16.55758300
16.48779200
16.76141700
16.82375000
16.48683300
16.95970800
16.82345900
16.26891600
16.89695900
17.00108300
16.38762500
16.60295800
16.58629200
16.65354200
16.77108300
16.73629200
16.50533300
16.81200000
16.80354200
16.54454100
16.51775000
16.87204200
16.48920800
16.57987500
16.84575000
16.73095900
16.72775000
16.60300000
16.77741600
16.86508400
16.43600000
16.80625000
16.60983300
16.71233300
16.49579200
16.89825000
16.73566700
16.47079100
16.89291700
16.38283300
16.84083400
16.78350000
16.47316600
16.87612500
16.84441700
16.27591700
16.63595800
17.06162500
16.41675000
16.64487500
17.18679200
16.54808300
16.41745800
16.93091700
16.43562500
16.60620800
16.83475000
16.53454200
16.78520800
16.72858400
16.71183300
16.24200000
17.13966700
16.46304100
16.74154200
16.76000000
16.39433300
16.98466700
16.72479200
16.64054100
16.60487500
16.63083400
16.79554100
16.83612500
17.02629200
16.15004200
16.83954100
16.59254200
16.66154200
17.25312500
15.98175000
16.69425000
17.01983300
16.31708300
16.97720900
18.97066600
14.49370900
16.52400000
16.68437500
16.59216600
17.07279200
16.81291700
16.66887500
16.46712500
17.14287500
16.31858300
18.14112500
15.90883300
16.41237500
16.50600000
16.89429200
16.45262500
16.68850000
16.58541700
16.60404100
16.63750000
17.04095900
16.48525000
16.71516600
16.84275000
16.21945900
17.30554100
17.26591700
15.50262500
16.63087500
17.05900000
16.68354200
16.30141600
17.19441700
17.13970800
16.02504200
17.46050000
16.63020800
16.23858400
17.22650000
16.99966600
16.47958400
17.62791600
15.92666700
16.25654200
17.35716600
15.98629200
16.87400000
16.18033300
18.22366700
15.37812500
16.48391700
19.09833300
16.38558300
16.13091700
15.82358300
16.77750000
16.48725000
17.39145900
16.50145800
15.68304200
17.74545800
16.15379200
16.64225000
16.31916600
17.99441700
15.45666700
17.26845800
16.56125000
17.52587500
15.65833300
19.01650000
17.24712500
15.27866700
14.94450000
16.40191700
16.38741600
17.60750000
15.87333400
16.84895800
16.65720800
16.44829200
18.05254200
15.72733300
16.40620800
16.52283400
17.03887500
16.97925000
15.97387500
16.88187500
16.54616600
16.85575000
17.92604200
15.34775000
16.65112500
18.01483300
15.35537500
17.29366700
16.14237500
16.59341700
17.22333300
15.98558300
16.94775000
17.16275000
15.96112500
16.75083400
17.14491600
16.29325000
16.70908400
17.59395800
15.77658300
16.45975000
17.15037500
16.23070900
16.89208300
16.66537500
16.76320800
16.36041700
17.19187500
16.36562500
16.81116700
16.62720800
16.64920800
16.50116700
16.80633300
16.55162500
16.84883400
16.78954100
16.79537500
16.56725000
16.83079200
16.46625000
16.88741700
16.57820800
16.56170800
16.74670900
17.12520800
17.65012500
17.17862500
16.11416700
15.42695800
17.70420800
15.70854200
16.51045800
17.11404200
16.83562500
17.45433300
16.23262500
17.04291700
16.33741700
18.72812500
16.82500000
16.18450000
17.42950000
17.89266600
17.85795900
17.66541600
16.42404200
16.85312500
16.31312500
16.08987500
15.48912500
15.61545800
15.94250000
15.84716700
15.57162500
17.46495800
16.41645900
15.83604100
18.29000000
14.78212500
16.66258400
16.29450000
17.04795800
16.70550000
16.62600000
16.92575000
16.59433300
15.98725000
16.73237500
17.03304200
16.24300000
16.67862500
16.66466700
16.88470800
16.54095800
16.60395900
16.71595800
16.41270800
17.18329200
16.10366700
16.72366600
16.71579200
16.72133300
17.41991700
16.35850000
16.56241700
16.73808300
16.43658300
16.47066700
16.96708300
16.41487500
17.23958400
16.72041600
16.24566700
17.27895800
16.55145900
16.40466600
16.71525000
16.74412500
17.29516700
16.48837500
16.62191700
16.71004100
16.70137500
16.72154200
16.55433300
16.29741700
16.88345800
16.51845900
16.96558300
16.55341700
16.87925000
17.14591600
16.71816700
15.84866700
16.65891600
16.93570900
16.42350000
18.14587500
15.44900000
16.74483300
16.54250000
17.05083300
16.59820900
16.72262500
16.71745800
16.14000000
16.76550000
16.83662500
16.55741700
16.86870800
16.75416700
16.43779100
16.93270900
16.57358300
16.72354200
17.06054100
16.58120900
16.16458300
16.59508300
16.90987500
17.01220900
16.52691600
16.76058400
16.24750000
16.69654100
16.55825000
16.71187500
16.84266700
16.64516700
17.04787500
16.72729100
16.50095900
16.53812500
17.26358300
15.93233300
16.65450000
17.51741700
15.86133300
17.18808400
16.80812500
16.37395800
16.79412500
17.29279200
15.77600000
16.83841600
16.68266700
17.20595800
16.41020900
16.62541600
16.53483400
17.02179100
16.62800000
16.63087500
16.69112500
16.18725000
16.33654200
16.78366700
18.16416600
15.66650000
16.80362500
16.99725000
15.99479200
16.44912500
16.87525000
16.46095800
17.03387500
17.38095900
16.10466600
16.43425000
17.54820900
15.65279100
16.90133400
16.60254100
16.34658400
16.92887500
17.03383300
16.29495800
17.12970900
16.94104100
16.06070900
16.55420800
16.63704200
17.02866600
16.44462500
16.62666700
16.79808300
17.15204200
16.49666700
16.16000000
16.96212500
16.83654100
16.31358400
16.77750000
17.34179100
15.82795900
16.96425000
16.86212500
16.66133300
17.16445800
16.18416700
16.87479200
17.14537500
16.14183300
16.20420800
17.11833400
16.49133300
17.28812500
16.39400000
16.78683300
16.52262500
16.86408400
16.67691600
16.44258400
16.47816600
16.71687500
16.77100000
16.85670900
16.77737500
16.94629100
16.53008400
16.73995800
16.39375000
16.24466700
16.74904100
16.54587500
16.54945900
17.29954100
16.64112500
16.88562500
16.38033400
16.68008300
16.73137500
16.30562500
16.91966700
16.51295800
16.58433300
16.93362500
17.03025000
16.51662500
16.86858400
16.60575000
16.58825000
16.37129100
17.19504200
16.59737500
16.66941700
16.25212500
16.61541600
16.84250000
16.42012500
16.59950000
16.91045900
16.60145800
16.81191700
17.05054100
16.64991700
16.25945800
17.31045900
16.48470800
16.56166700
16.91291600
16.18162500
16.88275000
16.77379200
16.39633300
16.67820900
17.34983300
16.04466700
16.95070800
16.91433300
16.11704200
17.78570800
16.33995900
16.45512500
16.79675000
16.59816600
16.77291700
16.50879200
16.61875000
16.32754100
17.03316700
16.70187500
16.57008300
16.94000000
16.87087500
16.28545900
16.71262500
16.58391600
16.46433400
17.33983300
16.46900000
16.77270800
16.74629200
16.55616700
16.61904100
16.60608400
16.62995800
16.41008300
17.26166700
16.63908300
16.56412500
16.52620900
16.42454100
16.92108400
17.06595800
16.34766700
16.33845800
17.03295800
16.36741700
16.78570800
16.81150000
16.80037500
16.53533400
16.66487500
16.44904100
16.86595900
16.55354100
16.61954200
16.75562500
17.06629200
16.28112500
16.90341600
16.91375000
16.32395900
16.83233300
16.76666700
16.48162500
16.47770800
16.94541700
16.76679100
16.93029200
16.76408300
16.59766700
16.78800000
16.45975000
16.74629200
16.48487500
16.46095800
16.78275000
17.27920800
16.28450000
16.83933400
16.79245800
16.68191700
16.25858300
18.06595800
15.98475000
16.07195900
19.06258300
14.08950000
16.80133300
17.45012500
16.30341700
17.10962500
16.41658300
16.34575000
16.54150000
17.02433400
16.48858300
16.68908300
16.93316700
16.39583300
16.87104200
16.68687500
16.71608300
16.37629200
17.12441700
16.25150000
16.90662500
16.57687500
16.84366600
16.63362500
18.36058400
16.36833300
15.99800000
16.28679200
16.53550000
16.73079100
16.77470900
16.36545800
16.77366700
16.99770800
16.96750000
16.22162500
16.60129200
16.50220800
17.56129200
16.77170800
15.93708300
16.67345900
16.46133300
16.61241700
17.19945800
16.10987500
16.91600000
16.49233300
16.46416700
17.22520800
16.51941700
16.61691700
16.46054100
16.97225000
16.47116700
16.70270800
16.48283400
16.77525000
16.57358300
16.87979200
16.35379100
16.97183400
16.33962500
16.60345800
16.43512500
17.10370800
16.36450000
16.92208400
16.56166600
16.38958400
16.68212500
16.84220800
16.40529200
17.42350000
16.57408300
16.42379200
16.71091600
17.17120900
16.21854100
16.89525000
16.70216700
16.54220800
16.46787500
16.99045900
16.55725000
16.64762500
17.14420800
16.15241700
16.86308300
16.95079200
16.39087500
16.74470800
16.83387500
16.55475000
17.14541700
16.10175000
16.72891600
16.88975000
16.61958400
16.49920800
16.72500000
16.59425000
16.96037500
16.62708300
16.62120900
16.68287500
16.62933300
16.80820800
16.42275000
17.41595900
16.39345800
16.50929200
16.83379100
16.31804200
16.65895800
17.21050000
16.38533400
16.66462500
17.15283300
16.53295800
16.56787500
16.59700000
16.45970900
16.98879100
16.81170900
16.48141600
16.67062500
16.83395900
16.43633300
16.66095800
16.78233400
16.59187500
17.07216600
16.44245900
16.51804100
16.69545900
16.88141600
16.52962500
16.62137500
16.75879200
16.54675000
16.67737500
16.77995800
16.60116700
16.85933300
16.50379200
16.75570800
16.76733400
16.47170800
16.75133300
16.80591700
16.48595800
16.69237500
16.92945900
16.93187500
16.21816600
17.11100000
16.40604200
17.09070800
17.52520900
16.82420800
18.47970800
15.66350000
16.72883400
15.86454100
16.72525000
15.94541700
17.78466700
16.61637500
16.82791600
16.97670900
16.49575000
16.33258300
16.76895800
16.39125000
16.79204200
16.36933300
16.72670900
16.09662500
16.93208300
16.72408300
16.36095900
16.66383300
16.83429200
16.53216600
16.53937500
16.88962500
16.53095900
16.69708300
16.78604200
16.65562500
16.69008300
16.77862500
16.48520800
16.73625000
16.86775000
16.45241700
16.67758300
16.76175000
16.57425000
16.78304200
16.63058300
16.62533400
16.99545800
16.66645800
16.50295900
16.82687500
16.60520800
16.63116700
16.81291600
16.52912500
16.69679200
16.86704200
16.92820800
16.34179200
16.89533300
16.43916700
16.75054100
19.39954200
16.60700000
14.24162500
17.95362500
16.03295800
16.67550000
17.00312500
17.01954200
15.94416700
18.61620800
14.47058300
16.57791700
78.46158300
26.42033400
23.42658300
16.57775000
16.96204200
16.23037500
16.76237500
16.08912500
16.64987500
16.22891600
17.12333400
17.73400000
15.84033300
15.41516700
15.63654100
15.46712500
15.58120900
15.27925000
15.69808300
15.62241700
17.60437500
15.69937500
15.64379100
16.68995900
15.84362500
15.84862500
14.06991600
13.19862500
13.87608400
12.85554100
13.13387500
12.79375000
12.93545900
13.06495800
13.18058300
12.87341700
13.12725000
12.96495800
12.94512500
13.86433400
13.37491600
13.77033400
13.13966600
13.60666700
13.42600000
14.80400000
16.85616700
16.44208300
16.63604200
16.74850000
17.40429100
16.20887500
16.42945900
17.22283300
16.16341700
16.24441600
17.46712500
16.49662500
16.47108400
17.13695800
16.24537500
16.61133300
16.78329200
16.86387500
16.37204200
17.29816600
16.09829200
16.62166700
16.88795800
16.12816700
16.69583300
16.68329200
16.80975000
16.96729100
17.06362500
16.35645900
17.46737500
16.12479100
16.53241700
16.99454200
16.37104100
16.57820900
16.87379100
16.75495900
17.41125000
15.98795800
16.38704200
16.69104100
16.73183400
16.61187500
16.54395800
17.08775000
16.46504200
16.67266600
16.67029200
16.41529200
16.98704100
16.34720900
16.53370800
17.09891700
16.26883300
16.58400000
16.63733300
17.35025000
16.28433400
16.56020800
16.79937500
16.49608300
16.78079200
16.84579200
16.53925000
16.55137500
17.01079100
16.35470900
16.70945800
16.95616700
16.41275000
16.58554100
16.66633400
16.72704100
16.64216700
16.96137500
16.52229200
16.77904100
16.78200000
16.58962500
16.63529200
16.70804200
16.74262500
16.80983300
16.53687500
16.48991700
16.94741600
16.32345900
16.89079100
16.72033400
16.53041600
16.74479200
16.75816700
16.53333300
16.49504200
16.72641600
16.52958400
16.73387500
16.71145800
16.55695800
16.59437500
17.03395900
16.46937500
16.86925000
16.63116600
16.67729200
16.61675000
16.85091700
16.56825000
16.71070800
16.67104200
16.61537500
16.68512500
16.73504100
16.56791700
16.68050000
16.98795800
16.57045900
16.56112500
16.76504100
16.70629200
16.64050000
16.68987500
16.62412500
16.57762500
16.92470800
16.41408400
16.88216600
16.66841700
16.70370800
16.48616700
16.85658300
16.68291700
16.80841700
16.33995800
16.78891700
16.75254100
16.68420900
16.57500000
16.89550000
17.11470800
16.55666700
16.63350000
16.56545800
16.56929200
16.47037500
16.61016600
16.60100000
17.02808400
16.45550000
16.67883300
16.68429200
16.57837500
16.72437500
16.74487500
16.70029100
16.61995900
16.66645800
16.76125000
16.51883300
16.83883400
16.51904100
16.66758400
17.01154100
16.55191700
16.55112500
16.87804200
16.43562500
16.66541600
16.84529200
16.33891700
16.64675000
16.81483300
16.47708300
16.91658400
16.89812500
16.46350000
16.71679100
16.76783400
16.67050000
16.96154100
16.40904200
16.75920800
16.49037500
16.71670900
16.64358300
16.82333300
16.76425000
16.59633400
16.74583300
16.46025000
16.94887500
16.54912500
16.75958300
16.52462500
16.76745900
16.57116600
16.57879200
16.80787500
16.73795800
16.63141700
16.75529200
16.57841600
16.80066700
16.67495800
16.62891700
16.59483300
16.78525000
16.92933400
16.73937500
16.63554100
16.70058400
16.78054100
16.78791700
16.42700000
17.01966700
16.55137500
16.44354100
16.96412500
16.55337500
16.56733400
16.80645800
16.68033300
16.55533400
16.89850000
16.71108300
16.40625000
16.91150000
16.77787500
16.43637500
16.84158300
16.46904200
16.95866700
16.36108300
17.04079200
16.44012500
16.54445800
17.04750000
16.35412500
16.75441700
16.74762500
16.66316600
16.85795900
16.62975000
16.57708300
16.87858300
16.49879200
16.70745800
17.06250000
17.37216700
15.54037500
16.84808300
16.92750000
16.29933400
16.80845800
16.71012500
16.62441700
16.90958300
16.63229200
16.70316600
16.52195900
16.72225000
16.84237500
16.82550000
16.20137500
16.81558300
16.77379200
16.95541600
16.36550000
16.59245900
16.64687500
16.66800000
16.70162500
16.72883300
17.28325000
16.21829200
16.30220800
17.23904200
16.23662500
16.83466600
16.82466700
16.82875000
16.63395800
17.07758400
16.23400000
16.77087500
16.93987500
16.56683300
16.59795800
17.20120900
16.05229100
17.68250000
15.72941700
16.67166700
16.95291600
16.76679200
17.02183300
16.58354200
16.94150000
16.31262500
17.32129200
16.01475000
16.66704100
18.11937500
15.43700000
16.94708400
16.56679100
16.55479200
16.90791700
16.17641600
16.93062500
16.24416700
17.60350000
16.23400000
16.57533300
16.51366700
16.97400000
16.49095800
16.99162500
16.53004200
16.54825000
16.53891700
17.00300000
16.43141600
16.74987500
16.75920900
17.15466600
16.31783400
17.12133300
16.57491700
16.99841600
16.99291700
16.02770800
16.27400000
17.65233400
15.85304100
17.20304200
16.95920800
15.62125000
16.81950000
16.66083400
16.63337500
17.45900000
16.17604100
17.30375000
16.66316700
15.77295800
17.26954200
16.62625000
16.17600000
17.46787500
16.06987500
16.57745800
16.75695900
16.91254100
16.31308400
16.87775000
17.54220800
15.50425000
17.04158300
17.37333400
15.86229100
17.41337500
16.27025000
16.41625000
16.41200000
16.95475000
16.60950000
16.43191700
17.30587500
16.20766700
16.65833300
18.88833300
14.75983400
16.59525000
17.06370800
16.77154200
15.95700000
17.36408300
16.31370800
17.15583400
16.53945800
16.21562500
17.11654200
16.52941600
16.42766700
16.47933300
17.19479200
16.14629200
16.81379100
17.17200000
16.40791700
16.69950000
16.83954200
16.33008300
16.57866700
16.87966600
16.72454200
16.62412500
16.40520800
16.98191700
17.07429200
16.48445800
16.24500000
17.41433300
15.94195900
17.52783300
16.45191700
16.19583300
17.26595800
16.70979200
15.96250000
16.59650000
16.98204200
16.38833300
17.04637500
17.34775000
17.86879200
16.02479100
17.16187500
15.82725000
16.04229200
16.83383300
16.36104200
16.42529200
17.27329100
16.49358400
16.35908300
17.14208300
16.64758400
16.63475000
16.79779100
17.88912500
14.85370900
17.37704100
16.54345900
16.37358300
17.19554200
16.23583300
16.65879200
17.11808300
16.39262500
16.19783300
17.12166700
16.56845800
16.80241700
16.84041700
16.82658300
16.56458300
17.35087500
15.48600000
16.55904200
16.84437500
16.80500000
16.89862500
16.82725000
16.17608300
16.86916700
16.71087500
16.51100000
16.99641700
16.35462500
16.66150000
16.92683300
16.50937500
16.56950000
17.33166700
16.39029100
16.86562500
19.07795900
13.79004100
16.70770900
17.25420800
16.04816700
16.68191600
16.68612500
16.54945900
16.74591600
17.52175000
16.29695900
16.21600000
17.88912500
15.30808300
16.46400000
17.12508300
16.44633400
16.91016600
17.03070900
16.17587500
16.95783300
16.72029200
16.47079100
17.64345900
15.61895800
17.66512500
15.64887500
16.71466700
16.39691600
16.77700000
16.70729200
16.66325000
16.86933300
16.50320900
16.98708300
16.58741700
16.71904100
16.61745900
17.39433300
16.57966700
16.25062500
16.68820800
16.34941700
16.67012500
17.30162500
16.60387500
16.62412500
16.78275000
16.54550000
16.47362500
16.91375000
16.15266600
17.12287500
16.41187500
16.60920900
17.54629100
18.92000000
16.86037500
15.21270900
17.58345800
15.49000000
20.09920800
14.87429200
15.85633300
15.64750000
16.80270900
16.01033300
17.23516700
16.98704100
15.99825000
17.03258400
16.80516600
16.10425000
16.25829200
17.13012500
16.52637500
16.83650000
16.91087500
16.37554200
16.76416600
16.81087500
16.19062500
16.72283400
17.12837500
16.69750000
16.47612500
16.72929100
16.70783400
17.00583300
17.89079200
17.76533300
18.02654200
17.16333300
14.19200000
15.93391700
16.64354100
15.84362500
16.85916700
16.51650000
16.48083300
18.91587500
16.00629200
17.49400000
16.73404200
16.23554100
16.23191700
16.37945800
16.07037500
16.49883400
16.77220800
16.02075000
16.52712500
17.20645800
16.34691700
16.54416700
16.82025000
16.55987500
16.57583300
16.88208300
16.52466700
16.20575000
17.00391700
16.40395800
16.69304200
16.82608300
16.49362500
16.70379200
16.44329100
16.59108400
16.75616600
16.77316700
16.57191700
16.67258300
16.85937500
16.44687500
16.71154200
16.68850000
16.69029100
16.98250000
16.55866700
16.77758300
16.70316700
16.66054200
16.63150000
16.69179100
16.78108400
16.37716600
16.79775000
16.68775000
16.55508400
16.87775000
16.64133300
16.45970800
17.02441700
16.14279200
17.02937500
17.02025000
16.32658300
16.80345800
16.67433400
16.39304100
16.66933400
17.35462500
16.29775000
16.56445800
16.87929200
16.63783300
16.58662500
16.87054200
16.45662500
16.68312500
16.79245800
16.73116700
16.51495800
16.82908300
16.69000000
16.59575000
16.94825000
16.58041700
16.53070800
16.90066700
16.54937500
16.58083300
16.89066700
16.48900000
16.62170800
16.92904200
16.39158300
16.91954200
16.71929200
16.40633300
16.74125000
17.07866700
16.30425000
16.65670800
16.73508300
16.78733400
16.89341600
16.54937500
16.56287500
16.78920900
16.34241600
16.81741700
17.21237500
16.33550000
16.64633300
16.70300000
16.57158400
16.58270800
16.87837500
16.89379200
16.50587500
16.72150000
16.72283300
16.39741700
17.10737500
16.21141600
16.72420900
17.11008300
16.46975000
16.66766700
16.72316600
16.71754200
16.36095800
17.25208400
16.12741600
17.00795900
16.98612500
16.31387500
16.71404100
16.80541700
16.66658300
16.36808400
17.01616600
16.41837500
16.83008400
16.60475000
16.84695800
16.51854200
16.78079100
16.53512500
16.57425000
16.83975000
16.58600000
16.78025000
16.46058400
16.87162500
16.69183300
16.95225000
16.62966700
16.53045800
16.86404200
16.99570800
16.55170800
16.22166700
16.65954200
16.79645800
16.95470800
16.35758400
16.92325000
16.49525000
16.66766600
16.79991700
16.96112500
16.56387500
16.81216700
16.32795800
16.73808300
16.81537500
16.28070900
16.87383300
16.86516700
16.67066600
16.48962500
16.93100000
16.39929200
16.77775000
16.76650000
16.53137500
16.85104200
16.84975000
16.40179100
16.59983400
16.94408300
16.75366700
16.57829100
16.78062500
16.23770900
16.78100000
16.76279100
16.61916700
16.67941700
16.74525000
16.57412500
16.67108300
16.85375000
16.42670800
16.75287500
16.67187500
16.74037500
16.62233400
16.68845800
16.67175000
16.75208300
16.67195900
16.54150000
17.19050000
16.38170800
16.77225000
16.68066700
16.85233300
16.31233300
16.81637500
16.54962500
16.69079200
16.83208300
16.60108400
16.69820800
16.95079200
16.35591600
16.65862500
16.74041700
16.77720800
16.73779200
17.04675000
16.20966700
16.57362500
16.80304100
16.99379200
16.13125000
17.19833300
16.35154200
16.52416700
17.13395800
16.15304200
16.90412500
16.92229100
16.51295900
16.55862500
17.17179100
16.11120900
16.84016600
16.94737500
16.33404200
16.71133300
16.93650000
16.42620900
16.32179100
16.88487500
16.50758400
16.71204100
16.67145900
16.65812500
17.05158300
16.55645800
16.61525000
16.70279200
16.38808300
16.78870900
16.85108300
16.56354200
16.47350000
16.98600000
16.54708300
16.70683300
16.77941700
16.58745800
16.89787500
16.97658400
16.11720800
16.82029200
16.85329100
16.36525000
16.68616700
16.72833300
16.81116700
16.49270800
16.94020900
16.55541600
16.62970900
16.83533300
16.64833300
16.47858400
16.98562500
16.55320800
16.47891700
16.87966600
16.80250000
16.42533400
16.72312500
16.94737500
16.64941600
16.74912500
16.38212500
16.47350000
16.88666700
16.45441700
16.67033300
16.95295800
16.50558400
16.73291600
16.42058400
16.61858300
16.68787500
16.74100000
16.59070800
16.71220900
16.63958300
16.69612500
16.72537500
16.49470800
16.85362500
16.63012500
16.63408400
16.66366600
16.83283400
16.58004100
16.61662500
16.63000000
16.75929200
16.64233300
16.81487500
16.60404200
16.52308300
16.94104200
16.68741700
16.70854100
16.83662500
16.67683400
16.42045800
16.92308300
16.52570900
16.63420800
16.79500000
16.53504200
16.78279100
16.73516700
16.75750000
16.60541700
17.08104100
16.31462500
16.64250000
16.84291700
16.53875000
16.72183300
16.61695900
16.82316600
16.75087500
16.69137500
16.58308400
16.75829100
16.77366700
16.62291700
16.65700000
16.63808300
16.63295800
16.68475000
16.82487500
16.57304200
16.68491700
16.62366600
16.82229200
16.76079200
16.61466600
16.89395900
16.67329100
16.58754200
16.74562500
16.76912500
16.62495800
16.64566700
16.77108300
16.61183400
16.78662500
16.86279100
16.37766700
16.79379200
17.00291600
16.30245900
16.71645800
16.72583300
16.69350000
16.59012500
16.76016700
16.54812500
16.73379200
16.80420800
17.02216700
16.24162500
16.98829100
16.41008400
16.70808300
16.72270800
16.80000000
16.81670900
16.77233300
16.53933300
16.68558400
16.81787500
16.64616600
16.61837500
16.83458400
16.51058300
16.70837500
16.84450000
16.55616700
16.70470800
16.60462500
16.60100000
16.68604200
16.78750000
16.66291600
16.63566700
16.74962500
16.40875000
17.21887500
16.37820800
16.46433400
17.11175000
16.56912500
16.63754100
16.56837500
16.42458400
16.86750000
16.65966600
16.89279200
16.61850000
16.78566700
16.56162500
16.64983300
16.79341700
16.61887500
16.76433300
16.48904200
16.72270800
16.82854200
16.74391600
16.58870900
16.59979100
17.15654200
15.99920800
16.85066700
16.84545800
16.26625000
16.68979200
17.21387500
16.22162500
17.01220800
16.72170900
16.54083300
16.77516700
16.65750000
16.66583300
16.63050000
16.64212500
16.89458300
16.70208400
16.47770800
16.73454200
16.58433300
16.66850000
16.82595800
16.61766700
16.81404200
16.61166600
16.64212500
16.75800000
16.64441700
16.92283300
16.42008400
16.74787500
16.62862500
16.25570800
16.82058300
16.80308400
16.60804100
16.63687500
16.70958400
16.50250000
16.82883300
16.85191700
16.61179100
16.62162500
16.72504200
16.44625000
16.81462500
16.87966700
16.66475000
16.56445800
16.89158300
16.52512500
16.69370900
16.77458300
16.42383300
16.77254200
17.01512500
16.44829200
16.61962500
16.76470800
16.69345800
16.66850000
16.72537500
16.42383400
16.92141600
16.89791700
16.36200000
16.70458300
16.95041700
16.36287500
16.66041700
17.02345800
16.41658300
16.56904200
16.78833300
16.79129200
16.69462500
16.70295800
16.39204200
16.87725000
16.75020800
16.59637500
16.79525000
16.39741700
16.76650000
17.20625000
16.63437500
16.43104200
17.01266600
16.57220900
18.09316600
15.33379200
16.42037500
16.68175000
16.76279200
16.54066600
16.63850000
16.97525000
16.63416700
16.60170800
16.97175000
16.47729200
16.49000000
17.07270800
16.31650000
16.42420900
17.06654100
16.33183400
16.69604100
16.83862500
16.63725000
16.78133400
16.51900000
16.83550000
16.50150000
16.99345800
16.40066700
16.74216600
16.96920900
16.54354100
16.44920900
16.77916600
16.58195900
16.73866600
16.94900000
16.36354200
16.66291700
17.10387500
16.68875000
16.60591600
16.53958400
16.54908300
16.63987500
16.55691700
16.78691600
16.61845900
16.65420800
16.64083300
16.80487500
16.36670900
16.62154100
16.77662500
16.80383400
16.50316600
16.93837500
16.51758400
16.59054100
17.07283400
16.42754100
17.18245900
16.50537500
16.31300000
16.67695800
16.85054200
16.46554100
16.48758400
16.99612500
16.48450000
16.68445800
16.66541700
16.80562500
16.54687500
17.02037500
16.38245800
16.76975000
16.72270800
16.47791700
16.76279200
16.76175000
17.00766600
16.49325000
16.90666700
16.42033300
16.76745900
16.89162500
16.47695800
16.47612500
16.82550000
16.70245800
16.90841700
16.58241700
16.73650000
16.49266600
17.04179200
16.54329200
16.30562500
16.77787500
17.25820800
16.69525000
16.35354200
16.78520800
16.91333300
16.62291700
16.95766700
16.21120800
16.67466700
16.90566600
16.76595900
16.60241600
16.31870900
16.92004100
16.95433400
16.21979100
17.32750000
16.90725000
16.61537500
16.34750000
16.87129200
16.43212500
17.35808300
16.09275000
16.59354200
16.85566700
16.68191600
16.59404200
16.75358300
16.65025000
17.01954200
16.44870800
16.35429200
16.88150000
16.61912500
16.64016700
17.02004100
16.36662500
16.61862500
16.75500000
16.82916700
16.57545800
16.77041700
16.69891700
16.61916600
16.53662500
17.40295900
16.16987500
16.36425000
16.82620800
16.79187500
17.74395800
15.80700000
16.38445900
16.87470800
16.53129200
16.58312500
17.11083300
16.28087500
16.80529200
16.73512500
16.72266600
16.43487500
17.07037500
16.36462500
16.80270900
17.26737500
16.33337500
16.57287500
17.31183300
16.60433300
16.56075000
16.72750000
16.54525000
17.45458400
15.93691600
17.04912500
17.69962500
15.31562500
17.31412500
16.10837500
17.05454200
16.37700000
16.77608300
18.41391700
15.04212500
16.48679200
17.22420800
16.19645800
16.80004200
16.78945800
17.45000000
15.88675000
16.78025000
16.36295900
17.73945800
17.13383300
15.42979200
16.38091700
16.98779100
16.42525000
17.85045900
15.51475000
17.44816600
16.22425000
17.13666700
16.80987500
15.92520800
19.15170900
17.01995800
15.43866700
16.20695800
16.50066700
16.81770800
16.53695800
16.81841700
16.45000000
16.56729200
16.67045800
16.36716700
16.56041600
17.40237500
16.74733400
15.93737500
17.28295800
16.42675000
15.94800000
16.81800000
17.05741700
16.35187500
16.73012500
16.79820800
17.26633300
16.00162500
16.89254200
16.23333300
17.44879200
17.31837500
15.27550000
16.73945800
17.06070900
16.61604100
16.38800000
16.94545900
16.76883300
16.56091700
16.49329100
16.58500000
16.65233400
17.01354100
16.48245900
16.86325000
16.56850000
16.62587500
16.53554100
16.64683400
17.04104100
16.38704200
16.50045800
17.04020900
16.97645800
16.37800000
16.68100000
17.15408300
16.55204200
16.45600000
16.47979200
16.62829100
16.87970900
16.89691600
16.75958400
16.53212500
16.87558300
16.07833300
17.00400000
16.43150000
16.96366700
17.28133300
15.97770900
16.43345800
16.66362500
17.03737500
16.49079200
17.01333300
16.37945800
17.20312500
16.38075000
16.68620900
16.92633300
16.21766700
17.24750000
16.71708300
16.28266700
16.87033300
16.15200000
16.37291700
18.98320800
14.97333300
16.48850000
17.13437500
15.67929200
16.69366700
18.03820800
15.33900000
16.81770800
16.72320900
17.12633300
17.21104200
16.48658300
16.22329200
16.92575000
16.04737500
16.65325000
17.37304100
16.59562500
16.27579200
17.08533300
16.59233400
16.09641600
16.87633400
16.70620800
16.47466700
17.36304100
16.43720900
16.31420800
17.31016700
16.02591600
16.73070900
16.69854100
16.54616700
16.75125000
17.07258300
16.41183400
17.11245800
16.83745800
16.37737500
16.54720900
16.57133300
16.92066700
16.29083300
17.24404200
16.44133300
16.46645800
17.23462500
16.42533400
17.60825000
15.57391600
16.89470900
16.26304100
17.16187500
17.50083400
16.23512500
16.92008300
16.62687500
16.07337500
16.54379200
18.33291600
14.74991700
17.41325000
16.20462500
16.73637500
16.83433300
16.85129200
16.72312500
16.46816700
16.90308300
16.54758300
16.11004200
16.80679200
17.09920800
16.32920800
16.92712500
16.64679200
16.34433300
16.59170900
17.35912500
16.03100000
16.94716600
17.04183400
16.11729100
16.95395900
16.63750000
16.37029100
16.75120900
16.87770800
16.69133300
16.45387500
17.56620900
16.14220800
16.79366700
16.79266600
16.49620900
16.32820800
17.20579200
16.78283300
16.03062500
16.83591700
16.74270800
16.79462500
17.02462500
17.14620800
16.55525000
16.46270900
16.42166600
16.56800000
18.14537500
14.75279200
17.39687500
16.33158300
16.43787500
17.09525000
16.16929200
17.22870800
17.21987500
16.41337500
15.54700000
18.05520900
15.65158300
16.57862500
17.04791700
16.41029100
16.52237500
16.90279200
16.63745800
16.54033400
17.21520800
16.24008300
16.86712500
16.95441700
16.50495800
16.30100000
16.61045900
16.56866600
16.59083400
17.31670800
16.39341700
16.90845800
16.88433300
16.38333400
16.71454100
16.72175000
16.70466700
16.21375000
17.25404200
16.33454100
16.57662500
17.25016700
16.33904200
16.79883300
16.77166700
16.49741600
16.69712500
16.48895900
16.67191600
17.03958400
16.91612500
16.41720800
16.75858300
16.42262500
16.64841700
16.74166700
16.62512500
16.82354100
16.84554200
16.47341700
17.35058300
16.15329200
16.72441600
16.83987500
16.48912500
16.41854200
17.21204200
16.19912500
16.39716600
16.95037500
16.82029200
16.75029200
16.69250000
16.81758300
16.10329200
17.28825000
16.68358300
16.33020800
17.17912500
16.32379200
16.82708300
16.57391700
17.07954200
15.83875000
17.04875000
16.92566600
16.37045900
17.04816600
16.87279200
16.20704200
16.54883300
16.77537500
16.28204200
16.89641600
17.19200000
16.32183400
16.74866600
16.70904200
16.73737500
16.46316700
17.14920800
16.00425000
17.69795800
16.79841700
15.89370800
16.59641700
17.05191700
16.27833300
16.89662500
16.70866700
16.20704100
16.92629200
16.61941700
16.57012500
17.03145800
16.67770800
16.48658400
16.76270800
16.76408300
16.36195900
18.14041600
15.84183400
16.13920800
16.99666700
16.19645800
16.84104200
17.00895800
16.75629200
16.46925000
17.08495800
16.39554200
16.90275000
16.87187500
16.34445800
16.63395800
16.88095900
16.15795800
17.05329200
16.86891600
16.06883400
17.03120800
16.58725000
16.70637500
16.52162500
16.81316700
16.86370800
16.85970800
16.71641700
16.51791700
16.95670800
16.73745800
16.20866700
16.81745800
16.90841700
16.48175000
16.66116700
17.03012500
16.20854100
16.72437500
17.00900000
16.31129200
16.79845800
16.68645900
16.63200000
16.50141600
16.80633400
16.84562500
16.54004100
17.20483400
16.11650000
16.85783300
16.64191700
16.51370800
16.96175000
16.55408300
16.64683400
17.01441600
16.58325000
16.60183400
16.81062500
16.74579100
16.69183400
16.50641600
16.79954200
16.42629200
17.17625000
16.31550000
16.84841600
16.60887500
16.35620900
17.00320800
20.09366700
13.35054100
16.44808400
17.08004100
16.39991700
16.71966700
16.75854100
16.27708400
16.75970800
16.61795800
16.38950000
16.77829200
16.88145800
16.86683400
17.95620800
18.68125000
14.09508300
16.35495900
17.77820800
15.78737500
16.31500000
18.36150000
15.25816700
17.14800000
17.08558300
15.93862500
16.33820800
16.70629200
17.68016700
15.57812500
16.38750000
17.03187500
16.96541600
16.46925000
16.49808400
16.74337500
16.56895800
16.55966700
16.93162500
16.39387500
16.78141600
16.99575000
18.65045900
14.18912500
17.09670800
16.97695800
16.02612500
17.02112500
16.63783400
16.68520800
16.76962500
16.50991700
16.58358300
16.99204200
16.62195800
16.61020800
16.79579200
16.60945800
16.36887500
17.14537500
17.04437500
16.22262500
16.70500000
16.34658400
16.66179100
16.95991700
16.67383300
16.77991700
16.65312500
16.34491700
17.18237500
16.50079100
16.40141700
16.94895800
16.42675000
16.74820900
16.93183300
16.37962500
16.73975000
17.01816700
16.35904100
16.71625000
16.54879200
16.60225000
16.82662500
16.70583300
16.50383400
16.98100000
16.73904100
16.34141700
16.81583300
16.75025000
16.64808400
16.57962500
16.78704100
16.65512500
16.62187500
16.96500000
16.40345900
16.88579100
16.78016700
16.38862500
16.75250000
16.74275000
16.48875000
16.87400000
16.78666700
16.46537500
16.75841600
16.77250000
16.42895900
16.75720800
16.87970800
16.53679200
16.78729200
16.87487500
16.38404100
16.64616700
16.88087500
16.50637500
16.93412500
16.77250000
16.46775000
16.55758300
16.70308400
16.50691600
16.88200000
16.67329200
16.57633300
16.60962500
16.95083400
16.38995800
16.70145800
16.74183400
16.67716600
16.64600000
17.51841700
15.79812500
16.82395800
16.62733400
16.70395800
16.78304200
16.52416600
16.78891700
16.85608300
16.47670900
16.60162500
16.79879100
16.62179200
16.56533300
17.03712500
16.51279200
16.50387500
16.83475000
16.63600000
16.62416700
16.86550000
16.82141600
16.53570900
16.78866600
16.42525000
17.00979200
16.98462500
16.42116700
16.89375000
16.71062500
16.52445800
16.16745800
16.94241700
16.41312500
16.81879200
16.72354100
16.43704200
16.67616700
16.84525000
16.62191600
16.78645900
16.57700000
16.57983300
16.85345800
16.96454200
16.29887500
16.70441700
16.90495800
16.42916700
16.74633300
16.70300000
16.68804200
16.59125000
16.80579100
16.59587500
16.77320900
16.57125000
16.38891600
16.80312500
16.51937500
16.97270900
16.65333300
16.63850000
16.63587500
16.77420800
16.64725000
16.65720900
17.02920800
16.34558300
16.68995900
16.86287500
16.53908300
16.72104200
16.81833300
16.48012500
16.81654200
16.61516600
16.56383400
16.66325000
16.94816600
16.53116700
16.64695800
16.88325000
16.44037500
16.70604200
16.80887500
16.60920800
16.60258400
17.02062500
16.37229100
16.59704200
16.89650000
16.52979200
16.87925000
16.76141600
16.58083400
16.61070800
16.90408300
16.62395900
16.53700000
16.75200000
16.77725000
16.50183300
16.63875000
16.73808300
16.75487500
16.91220900
16.48712500
16.88904100
16.58925000
16.77333400
16.68466600
16.69275000
16.71112500
16.69841700
16.47845800
16.72604200
16.96200000
16.39645800
16.59204200
17.04466700
16.47325000
16.50891600
17.10387500
16.52341700
16.72362500
16.86587500
16.40337500
16.62670800
16.77141700
16.43866700
16.96287500
16.92091600
16.44250000
16.44108400
17.00050000
16.53158300
16.70337500
16.89425000
16.38641700
16.67287500
17.03195800
16.52579200
16.47112500
17.07116600
16.51862500
16.37600000
17.04533400
16.97229100
16.37066700
16.71195800
16.59716700
16.55708300
16.82195900
16.24295800
17.14512500
16.58008300
16.73275000
16.50833400
16.64066600
17.02370900
16.64641600
16.26020900
17.02637500
16.72750000
16.45583300
16.90958300
16.94795900
16.30050000
16.72458300
16.54225000
16.78825000
16.76145800
16.94750000
16.51100000
16.61100000
16.72179200
16.37375000
16.83908300
16.79979200
16.63554200
16.77300000
16.92662500
16.19525000
16.93141600
16.79741700
16.36775000
16.71941700
16.65783300
16.53012500
16.52312500
17.10595800
16.46658400
16.52170800
17.04350000
16.52912500
16.61287500
16.92108300
16.75591700
16.52583300
16.93700000
16.41416700
16.43279200
17.14725000
16.16095800
16.76575000
16.95704200
16.61383300
17.17433300
17.01270900
16.15220800
16.61345800
17.91254200
15.19137500
17.03554200
16.48112500
16.65020800
16.92362500
16.33166700
16.91337500
16.83291600
16.29529200
16.80950000
16.97904200
16.43858300
16.64295800
16.91695900
16.29129100
16.89154200
16.83512500
16.48787500
16.57279200
16.84487500
16.48691600
16.82966700
16.78850000
16.60720800
17.80245900
15.77766600
16.49270900
16.61862500
16.61325000
16.54591600
16.66550000
16.86954200
16.54350000
16.96591700
16.80645800
16.46137500
16.50825000
17.04445800
16.36604200
16.82125000
16.79166700
16.48562500
16.57437500
17.00954100
16.63737500
16.64491700
16.81941700
16.56312500
16.43750000
16.70125000
16.66412500
16.72108300
16.81770800
16.62241700
16.89079200
16.60716600
16.59437500
16.76520900
16.58320800
16.62670800
17.12904200
16.21291700
16.63600000
16.83158300
16.50016700
16.71554100
16.82833400
16.44516600
16.85562500
16.77537500
16.65366700
16.72837500
16.79641700
16.50945800
16.63116700
16.66900000
16.46925000
16.91791600
16.62775000
16.54266700
16.85416700
16.74587500
16.69412500
16.84595800
16.47750000
16.48550000
17.18404200
16.43391600
16.99279200
16.57425000
16.57091700
16.75562500
16.50554100
17.11462500
16.37091700
16.47425000
16.98237500
16.48020800
17.16608400
16.32125000
16.94616600
16.45166700
16.65070800
16.51104200
16.81462500
16.69725000
16.48379200
16.95395800
16.43033300
16.70629200
17.04170800
16.50816700
16.53066700
16.82008300
16.54529200
17.12583300
16.33191700
16.70091600
16.71408400
16.77145800
16.89983300
16.21720900
16.87583300
17.01229200
16.04262500
16.92612500
16.67808300
16.60129200
16.88612500
16.46120800
16.72112500
16.97045800
16.61425000
16.27650000
17.10141700
16.51858300
19.61691700
13.80570800
16.55287500
17.09679200
16.69300000
16.48687500
16.36945800
16.72408400
16.89312500
16.41733300
16.86516700
16.43441600
16.58287500
16.95179200
16.67154200
16.48045800
16.83250000
16.75500000
16.50216700
16.66445800
16.81116700
16.57070800
16.80079200
16.73100000
16.71500000
18.26354100
15.01625000
17.13562500
16.50812500
16.71166700
16.48683300
16.63283400
16.62933300
16.76883300
16.79770900
16.42266600
18.03612500
16.69112500
16.40975000
16.93416700
15.79416700
16.92500000
16.76929100
16.32962500
17.72737500
15.82175000
16.79258400
17.06170800
17.03762500
17.39495800
18.94129200
14.92933300
16.44225000
16.97504200
16.93858300
21.20487500
16.49170900
18.46950000
17.51725000
16.74525000
17.59350000
16.81429100
18.76829200
20.66525000
20.11383300
20.21408400
20.12187500
19.82787500
20.73116600
20.52579200
19.94058300
19.69333400
19.86779100
19.56745900
23.40587500
20.68858300
20.04720800
22.09320900
21.17212500
21.10195800
20.95825000
21.92558300
21.86279200
22.48970800
21.19200000
20.67337500
21.10195900
21.93250000
21.82937500
21.43129100
15.97466700
16.03733300
17.26429200
16.14662500
16.16641700
16.31795800
16.98437500
16.98737500
14.27458300
15.53800000
15.30833400
15.78995800
15.77504200
15.70333300
15.74720800
15.61220900
15.46091600
16.02320900
16.09029100
15.34016700
16.31491700
16.09345800
15.42108300
15.90508400
15.55529100
15.46008400
16.10675000
15.89900000
15.28995800
15.80833300
15.05062500
15.93783400
15.67491600
15.15162500
15.47375000
16.00170900
15.37479100
15.50400000
15.48804200
15.58045800
15.86687500
16.13670900
16.53825000
16.82795800
15.53362500
14.58129200
15.01750000
12.64545800
12.74933300
13.75062500
13.80766700
14.13212500
12.70029200
14.35170800
15.20858300
14.09833400
14.98429100
13.18912500
13.29091700
14.58575000
14.21100000
16.62183300
15.36408400
13.96162500
13.03312500
14.92216600
13.93750000
17.09158400
16.29812500
16.32437500
16.20395800
15.57254200
16.40220800
15.91316700
15.47612500
15.66375000
17.09100000
16.40816600
16.52808400
16.90354100
16.39683400
16.70020800
17.11504200
16.22050000
16.69795800
16.76625000
16.64454200
16.00645800
16.53991700
16.80220800
16.64945800
16.60362500
16.71441700
16.99695800
16.45591700
17.25795800
16.44091700
16.44391700
16.57325000
16.89975000
16.24175000
17.01320800
16.90779200
16.40966600
16.67662500
16.75429200
16.55712500
16.50616700
17.02700000
16.49916600
16.57625000
17.24979200
16.28533300
16.69225000
16.81658400
16.38500000
16.87537500
16.80095800
16.45708300
16.85770900
16.68145800
16.45883300
16.73625000
16.90212500
16.55837500
16.72154200
17.01525000
16.76929200
16.36400000
16.77716600
16.41541700
16.47866700
17.18495800
15.90991700
16.57437500
16.77745800
16.53029200
16.91020800
16.50587500
16.63420800
17.38516700
16.19837500
16.66183300
17.37816700
16.19566700
16.60762500
16.80162500
16.57612500
16.43654100
16.95041700
16.54912500
16.77370800
16.57270900
16.65366600
16.76987500
16.66037500
16.50691700
16.79200000
16.86087500
16.55716700
16.53908300
16.84691700
16.68283300
16.59616700
16.77312500
16.46233300
16.74020800
16.97737500
16.57212500
16.53070900
17.09658300
16.38054200
16.57854100
16.81470900
16.54304100
16.53420900
17.12804100
16.53341700
16.57250000
16.64383300
16.68354200
16.93666700
16.43641600
16.76900000
16.52308400
17.09891600
16.30841700
17.18804200
16.61445800
16.45741700
16.51258300
16.52587500
16.76995800
16.69566700
16.61395800
16.70037500
16.87787500
16.72612500
16.38037500
16.86187500
16.71529200
16.72608300
16.70895900
16.75408300
16.73629200
16.73791600
16.35720900
16.78770800
16.59537500
16.56408300
16.74416700
16.95012500
16.62258300
16.55316700
16.81070800
17.47379200
15.96395800
17.15466700
16.42150000
16.39191700
17.12750000
16.60345800
16.27162500
17.16125000
17.14508300
17.93704200
14.75904200
17.77141600
15.58495900
16.64187500
16.55316600
17.23858400
16.22595800
17.05070800
16.73000000
16.40858400
17.39862500
16.49079100
16.59175000
16.88066700
16.20958300
17.16933400
16.58375000
16.01025000
17.12925000
17.28425000
16.27183300
17.74254200
15.26454100
16.99820900
15.84645800
17.25566700
17.04979100
16.55704200
16.25741700
17.46912500
17.43666600
15.49554200
17.38875000
15.88858300
16.87337500
16.51408400
16.42762500
17.37387500
16.88825000
16.54754100
16.41979200
17.07270800
16.24562500
16.96879200
16.72608300
17.16075000
16.60287500
16.58512500
16.06462500
17.44808400
16.09170800
17.57770800
15.69237500
16.81783400
16.98658300
16.23475000
17.25858300
15.98300000
18.02716700
15.43520800
16.66820900
17.40825000
15.94316600
17.10191700
16.12837500
17.44825000
16.14258300
17.30537500
15.93425000
17.28862500
16.13875000
17.33279200
15.98870800
16.81954200
17.30645800
16.05133400
16.57945800
16.75583300
16.28687500
17.90462500
15.62266700
17.06170800
17.54308400
15.48395800
16.56979200
17.67691600
15.84341700
16.91020800
17.65441700
15.62908300
16.48395900
17.75612500
15.59433300
16.50941700
17.77887500
15.67016600
17.50054200
16.14866700
16.18795800
16.87229200
19.01237500
14.27020800
16.62929200
18.06366600
15.25466700
16.76041700
16.96762500
16.17120800
17.05200000
16.84362500
16.64837500
16.49779200
17.04158300
16.31625000
16.70933300
16.84404200
16.54637500
16.58087500
17.19566700
15.55437500
16.93625000
16.86345800
16.39708300
16.54912500
16.68570900
16.80387500
16.74100000
17.19920800
16.24933300
17.39945900
17.51379100
15.15441700
16.56916700
16.74491600
16.52470900
16.87829100
16.37291700
17.81254200
16.01550000
16.26450000
18.59950000
15.61020800
16.92245800
16.23529200
16.99325000
16.39762500
16.46970800
17.00045900
18.26520800
16.78308300
17.77550000
14.92591700
17.22766700
15.30933300
17.76625000
17.37295800
20.42237500
30.49912500
22.63037500
17.16083400
21.28779100
16.11225000
16.13829200
14.86541700
15.64562500
16.01741600
15.38387500
15.20725000
15.78458400
15.20850000
14.98625000
15.65745800
15.75775000
15.74975000
15.37887500
15.35575000
16.13808300
15.77004200
15.77237500
15.40145800
15.72004200
15.55391700
15.32204100
15.82800000
15.60066700
15.42450000
16.14404200
15.49941600
15.93512500
16.55762500
17.93204200
16.89154200
17.06741600
15.93358400
15.43391600
16.80616700
16.67187500
16.78616700
16.59104100
17.10008400
16.72900000
16.49679100
16.48916700
16.64545800
16.61295900
16.74504100
16.79458400
16.31608300
17.34975000
16.68579200
16.46950000
16.53683300
17.15054200
15.19833300
17.48291700
16.33000000
18.13391600
15.08629200
17.00695800
16.24708400
16.58570800
17.18091700
16.24841600
18.04775000
16.39233400
17.44429100
16.83758400
17.67741600
17.05683400
16.53729100
17.58316700
15.35204200
18.30920800
15.79733300
16.68350000
15.25462500
15.70191700
16.38629200
17.16141600
16.17216700
16.43616700
17.19487500
15.49587500
17.88737500
17.51920800
17.43362500
18.77895800
19.72591700
18.39395800
18.02683400
16.55220800
17.13341700
18.96858300
17.38033300
17.08912500
15.77116700
16.58000000
15.82691700
15.63837500
16.48454100
15.84033400
16.18925000
16.27487500
16.06591600
15.02358400
16.33487500
15.41737500
15.39358300
15.73766700
15.38445800
15.33662500
16.63291700
16.05166600
16.71416700
16.67679200
16.49441600
18.92737500
14.59216700
16.51779200
16.59870800
17.32816700
16.02720800
19.01400000
17.36725000
18.01537500
20.31558300
21.07412500
19.55458400
18.33458300
18.93370800
19.35766700
19.68641700
17.37858300
16.81695800
17.34745900
16.74929100
16.61045900
17.30204100
16.20325000
15.97500000
16.80441700
17.63800000
18.38987500
19.82745800
18.48475000
16.52595900
16.95162500
16.26716600
16.70429200
16.95683300
15.20250000
13.42495900
13.87379100
14.66850000
13.66812500
13.47737500
13.27941700
13.50008300
14.88291700
14.13837500
14.08245800
14.65370900
15.38441600
16.27166700
17.06966700
16.93333300
15.70308300
17.53858400
16.21175000
17.30095800
16.55212500
16.32133300
16.72458400
16.98729100
16.17170900
16.45758300
18.71375000
15.01950000
17.10545800
16.14475000
16.69970900
63.89741600
24.64904200
12.35075000
13.89129200
12.67404100
13.42079200
13.05433300
12.64675000
12.61712500
13.33045900
13.27179100
14.89475000
13.28362500
12.75958400
13.00245800
13.34987500
12.97879200
14.47200000
16.74725000
16.33379100
17.14750000
16.27500000
16.55475000
17.04241700
16.60395800
15.85350000
17.25925000
16.48470900
16.74412500
16.65245800
17.77070800
16.41520900
16.62812500
16.21041600
17.30325000
16.43612500
16.32512500
16.48900000
17.10212500
16.73341700
16.27729200
16.63933300
16.77091700
16.03754100
18.55008400
15.81254100
16.11033400
16.84104100
16.72866700
16.70912500
16.69520800
16.53662500
16.26370900
17.21941600
16.21895900
18.48104100
15.54883400
16.53708300
16.56008300
17.09416700
16.29366700
16.04808300
17.73362500
16.12929200
16.77208300
16.62475000
16.54670800
16.62600000
16.86358400
16.43045800
16.06262500
17.65512500
16.05579200
16.80429100
16.97362500
16.44504200
16.81350000
16.88745800
16.41829200
16.09600000
17.49479200
15.93891600
17.12020900
16.85562500
16.56125000
16.79154100
16.66975000
16.44779200
16.37495800
17.39016700
16.43937500
16.73345800
16.77508400
16.49545800
16.73100000
16.82179200
16.53987500
16.22333300
17.48633300
16.24866700
16.70966700
16.68125000
16.62366600
16.71520900
17.66008300
15.90708300
16.17766700
17.22658300
16.48433400
16.85908300
16.38458300
17.04812500
16.77595900
16.32716600
16.91358400
16.62308300
16.40954200
16.32445800
17.34304200
16.35041600
16.04575000
17.26870900
16.87000000
16.56795800
17.29629200
15.86616600
16.58183400
16.79858300
16.57795800
16.79229200
16.82800000
16.45975000
16.75929200
16.70775000
16.57400000
16.67737500
17.15983300
16.22179200
16.55654100
16.87762500
16.55966700
16.75533300
16.68758400
16.55154100
16.93216700
16.74554200
16.45558300
16.71345800
16.77283400
16.59187500
16.65475000
16.77937500
16.54666600
16.71791700
16.64800000
16.74266700
16.58058300
16.75104200
16.58437500
16.91420800
16.59937500
16.57400000
17.02087500
17.10029200
17.33812500
16.62308300
15.73579200
16.86645800
16.60179200
17.07787500
16.24350000
17.01033300
15.85445800
17.09445900
16.53637500
16.99016600
16.19800000
17.22287500
16.92300000
16.18537500
16.93158400
16.05395800
16.96112500
16.62916700
17.27254100
16.83795900
16.51775000
16.31012500
16.69854100
16.73725000
16.12379200
16.79879200
16.72512500
16.68200000
16.38129100
17.25045900
16.12254100
16.92479200
16.58433300
16.59608400
16.71095800
16.88187500
16.38958300
17.09220900
16.56787500
16.36112500
17.16066600
16.15875000
16.93312500
16.92941700
16.53175000
16.49275000
16.93479200
16.35791600
16.59379200
16.61083300
16.70850000
16.87458400
16.65754100
16.31795900
17.23337500
16.69700000
16.78566600
16.29870900
17.13062500
16.10600000
16.97758300
16.66304200
16.70525000
16.83879100
16.60450000
16.80054200
16.38895800
16.75612500
16.38975000
17.26675000
16.67583400
16.44550000
16.72445800
16.85429200
16.32558300
17.01604200
16.57625000
17.06720800
16.29583300
16.83591700
16.73016700
16.42087500
16.84691600
16.51687500
16.43366700
16.86791700
16.52462500
16.92208300
16.54320800
16.80379200
16.65945800
16.81283400
16.85195800
16.45179200
16.56933300
16.55820800
16.69679200
16.55537500
16.85870800
17.01662500
16.38912500
16.54100000
17.02695900
16.70512500
16.69570800
16.57979200
16.51700000
16.72620800
16.62537500
18.33950000
15.83495800
16.49083400
16.22083300
16.62312500
16.81216700
16.43845800
16.57975000
16.89733300
16.63220900
16.76733300
17.06779200
16.42445800
16.76025000
16.52629200
16.73295800
16.39745800
17.20212500
16.32866700
16.67087500
17.20962500
16.51825000
16.36133300
16.90725000
16.75129200
16.55158300
16.75512500
16.22191700
16.93137500
16.56666700
16.70941600
16.84979200
16.52325000
16.63133300
16.95766700
16.75920800
16.49937500
16.92466700
16.44933300
16.67066700
16.63666700
16.64608300
16.97812500
16.65833300
16.50433400
16.75766600
16.61695900
16.51666600
16.82775000
17.14237500
16.28679200
16.76037500
16.76720800
16.43375000
16.69650000
16.75829200
15.39675000
17.94679200
17.14470800
16.02850000
16.78920800
16.52575000
17.32295900
16.31154100
16.75608400
16.80837500
16.42275000
16.63708300
16.49250000
16.94395800
16.46954200
16.73345800
16.51520900
16.98975000
16.67825000
16.85137500
16.48158300
15.46879200
18.07779100
16.59808400
17.00120800
16.46670800
16.68637500
16.41566700
16.66066700
16.56458300
16.97583300
16.48262500
16.72100000
16.66266700
16.75095800
16.54425000
17.09454200
16.33604200
16.59833300
16.75745800
16.78866700
16.52291700
16.89129100
16.44012500
16.71037500
16.68654200
16.69604200
16.64012500
16.77370800
16.68629200
16.60045800
16.80304200
16.62670800
16.67404200
16.76341600
16.54487500
16.96962500
16.43041700
16.79587500
16.56562500
16.92658300
16.57083400
16.63479100
16.74308400
16.56070800
16.61741700
16.68004100
16.84004200
16.80766700
16.58750000
16.73025000
16.42900000
16.52454100
16.73454200
16.56320800
16.57375000
16.98379200
16.52620800
16.67941700
16.69695800
16.76187500
16.65066700
16.87129200
16.35241600
16.96433400
16.84108300
16.45408300
16.67937500
16.50783400
16.66462500
16.67795800
16.71225000
16.59670800
16.92958400
16.50700000
16.82979100
16.63720900
16.59662500
16.82529100
16.74341700
16.36433300
16.78220900
16.93362500
16.45041600
16.74929200
16.71391700
16.60112500
16.73104100
17.22829200
16.44420800
16.88829200
16.81000000
16.38404200
16.54033300
16.79091700
16.42766600
16.68825000
16.86179200
16.54904200
16.61233300
16.95379200
16.40600000
16.69320800
16.65550000
16.47904200
16.68158300
16.85270800
16.43712500
17.06879200
16.56016700
16.44316600
16.74629200
16.65775000
16.67245800
16.61400000
16.67325000
16.68887500
16.68554200
16.79725000
16.56554200
16.59945800
16.91100000
16.55983300
16.73750000
16.82495900
16.53775000
16.88112500
16.59329100
16.77866700
16.79779200
16.52691600
16.49491700
17.01720800
16.49687500
16.73325000
16.66900000
16.64087500
16.85145900
16.60854100
16.82212500
16.55112500
16.77312500
16.65075000
16.53720900
16.83670800
16.67195800
16.67129200
16.70837500
17.47191700
16.12512500
17.50045800
16.08745800
16.42716700
17.14287500
16.66041700
16.81458300
16.80862500
16.91108300
16.33683400
16.75775000
16.36791600
16.57537500
16.92562500
16.37737500
16.66245900
16.99141600
16.63100000
16.58337500
17.04875000
16.38408400
16.77004100
16.73500000
16.51429200
16.62554200
16.62670800
16.60575000
16.74287500
16.86600000
16.57150000
17.01950000
16.44675000
16.67654200
16.91620800
16.47050000
16.76429200
16.66616600
16.58241700
16.49270800
16.95375000
16.52887500
16.72870900
16.65658300
16.66541700
16.75904100
17.04016700
16.35733300
16.64062500
16.88408400
16.33608300
16.73275000
16.83470800
16.55812500
16.77925000
16.75720900
16.60645800
16.60416700
16.84012500
16.40891600
16.80341700
16.78725000
16.66004200
16.69695800
16.67300000
16.40437500
16.78516700
16.93512500
16.54695800
16.60212500
17.09679200
16.36312500
16.75175000
16.63487500
16.58641600
16.60041700
17.00425000
16.45720800
16.74962500
16.69933400
17.05729100
16.55454200
16.46991700
16.58791600
16.75529200
16.56666700
16.75808300
16.79070800
16.83154200
16.51962500
16.74508300
16.47362500
16.62800000
16.94725000
16.39983400
16.79837500
16.79829100
16.68412500
16.44916700
17.00679200
16.36370800
16.66804200
17.05587500
16.35841600
16.64133400
16.89175000
16.62908300
16.66433300
16.62883400
16.68837500
16.63850000
16.75045800
16.74975000
16.53566700
17.00454100
16.48608400
16.52208300
16.99987500
16.44904200
16.89658300
16.48208300
16.58108400
16.60458300
16.82908300
16.54841700
16.69291700
16.94512500
16.55870800
16.76495800
16.70391700
16.74787500
16.49941700
16.55437500
16.63754100
16.72479200
16.63825000
16.63875000
16.80458300
16.73504200
16.69654200
16.92466600
16.45704200
16.77179200
16.81712500
16.40887500
16.65016600
17.07704200
16.49141700
16.65220800
16.91670800
16.49154200
17.15066700
16.25425000
16.47983300
16.83058300
16.78904200
17.35554200
16.22212500
16.40233300
16.52483300
17.25841700
16.15795800
16.76083400
16.49662500
17.17983300
16.24233300
16.96475000
16.38816700
16.81008300
17.11404200
16.24787500
16.62045800
16.82820900
16.81100000
16.38754100
16.97087500
16.57945900
16.52483300
16.50987500
16.99558300
16.73187500
16.36762500
17.10075000
16.48341700
16.54100000
16.93087500
16.29466700
16.96191600
16.64350000
16.45670900
16.99883300
16.54508300
16.80804200
16.64091700
16.81362500
16.37637500
16.90929100
16.58895900
16.63858300
16.78287500
17.18304200
16.28733300
17.09308300
17.04912500
16.47808400
19.35675000
13.75766600
17.48441700
17.34891700
15.34204100
17.06566700
16.66370800
16.38800000
17.03308400
16.00945800
16.61458300
16.80400000
16.72508400
16.59454100
16.84408400
16.54700000
16.96483300
16.97395800
16.55891700
16.63920800
17.26300000
17.28900000
15.88495900
16.24487500
17.16716600
16.54062500
16.91120900
16.30904100
16.21420900
16.87504100
16.61695900
16.67212500
16.61491600
16.54133400
16.57225000
16.78766600
16.84308400
16.40887500
16.88683300
16.79758300
16.79816700
16.51079200
16.84858300
16.51025000
17.09983300
18.29658400
14.98979100
16.89450000
16.34866700
16.90487500
16.72070800
16.81408400
17.22854100
16.82970900
15.73912500
16.58991600
16.80979200
16.49158300
16.76379200
17.36895800
15.90512500
16.90845900
16.68058300
16.53841700
16.76737500
16.86962500
16.28358300
16.79187500
16.77091700
16.71508300
16.42412500
17.20412500
16.29350000
16.84716700
16.61758300
16.81816700
16.72937500
16.63579100
16.61820900
16.83833300
17.09545800
16.11083400
16.60708300
16.65708300
17.10791700
16.92029200
16.78295800
17.06408300
15.75641700
17.55087500
16.38854200
16.38741600
16.80383400
16.12566600
17.37866700
15.87050000
16.76345800
16.77058400
16.57587500
16.80629100
17.56945900
16.36716600
16.52904200
17.07020800
16.47820900
16.94508300
16.18262500
16.51829200
16.70608300
16.73166700
16.33670800
16.89654200
16.49200000
16.87300000
16.51975000
16.81662500
17.29208300
15.97883300
16.57966700
16.54041700
16.98120800
16.58466700
17.01250000
16.21137500
17.20479100
16.28800000
17.43208400
16.62520800
16.42450000
16.76375000
17.98204200
14.80479100
17.26666700
16.50104200
16.34262500
17.59595800
16.34200000
16.33495800
17.30229200
16.18120800
16.61437500
16.20616700
17.24558300
16.53854200
16.64541700
17.08037500
17.29704100
16.00883400
17.16466600
15.85783400
16.59037500
17.33104100
16.15483400
16.73591600
17.33662500
16.11308400
17.10220800
16.25287500
16.58412500
16.57112500
16.80679200
16.67587500
16.72600000
16.68658300
16.59729200
16.84941600
16.69825000
16.57941700
16.44600000
16.71512500
16.62441700
16.82233300
16.68408300
16.93862500
16.82150000
16.46095900
16.55745800
16.50670800
16.55754200
17.54029200
16.01095800
16.77833300
17.09829200
17.49654200
17.58466600
15.22025000
16.46500000
16.78704200
16.16420800
17.35441700
17.46083300
15.91500000
16.79500000
16.02054200
16.82737500
16.65025000
16.58912500
16.77762500
16.48508300
16.26558400
17.39745800
16.07104200
16.67683300
18.25912500
15.60820800
17.62395900
17.18687500
16.68300000
15.13891600
17.33587500
18.82995900
17.90329100
18.35979200
19.08712500
18.63600000
19.44137500
16.85054200
17.51833300
16.34937500
16.60095800
16.51216700
16.43512500
17.22433300
16.99700000
17.00612500
16.45620900
16.53616600
16.67754200
16.74262500
16.23208300
16.81516700
16.44712500
16.00166700
16.77720800
18.79570800
18.25925000
19.20262500
18.83150000
17.14825000
16.43491700
16.80025000
17.53516700
17.63537500
16.58945800
16.63116700
16.53241600
16.21600000
15.69958400
15.67866600
17.36641700
14.75795800
13.13962500
12.73383400
12.87066600
13.31237500
12.57662500
16.16650000
16.71062500
16.78108400
16.69900000
16.57716600
16.72808400
16.42000000
16.91929100
16.37908400
17.09937500
16.43133300
17.12004200
16.68629100
16.21766700
18.05941700
15.79179100
16.10829200
17.78100000
15.70245800
16.30920900
16.82591600
16.86870900
16.47325000
16.79375000
16.84241600
15.91145900
17.10566600
16.75845900
16.67208300
16.63704200
17.07800000
16.36716600
16.58054200
16.92320800
16.00620900
17.30020800
16.56462500
16.65491700
16.88500000
16.68037500
16.58604100
16.69491700
16.83987500
15.96400000
17.64520800
16.10195900
16.69175000
17.13850000
16.79833300
16.82983300
16.72600000
16.24804200
15.99425000
17.46954200
17.89279100
15.26483400
17.06408300
16.30291700
16.75712500
16.95945800
16.24362500
16.35325000
17.45812500
16.94820800
16.35450000
17.12762500
16.46495900
16.67191600
17.04829200
15.81429200
16.48341600
16.41079200
16.93583300
16.43300000
17.13425000
16.52433400
16.83233300
16.55358300
16.77266700
16.44150000
16.78887500
16.24012500
17.38420800
16.54633400
16.44866600
17.13150000
16.63525000
16.44504200
16.68916700
16.74608300
16.23154200
17.13400000
16.60275000
16.70558300
16.65683300
16.51908400
17.08675000
16.37670800
16.54745800
16.54900000
17.37020900
16.41112500
16.65433300
17.14695800
16.04366700
16.83925000
16.88437500
16.01325000
16.72266700
16.83237500
16.61620800
17.02637500
16.86445800
16.28537500
17.59150000
16.37400000
16.25333400
16.31566600
17.07420900
16.18212500
16.78866600
17.02625000
16.76750000
16.62333400
16.46995800
16.50633300
16.73516700
16.92045800
16.29708400
16.85187500
16.40295800
17.74220800
16.15537500
16.94970900
16.07675000
16.75266600
16.82358400
16.75691600
16.35283400
16.57279100
17.00475000
16.64025000
16.88158400
16.38062500
16.78400000
16.62591600
16.80212500
16.25450000
16.45870900
16.70925000
17.06300000
16.47516600
16.83054200
17.13966700
16.21920800
16.94625000
17.14612500
16.48770800
16.61716700
16.73200000
16.94025000
15.77708300
16.54158400
17.37054100
16.23425000
16.87783400
16.78175000
16.41754100
16.52929200
17.09016700
16.78437500
16.63775000
16.37104100
16.55479200
17.43170800
16.19408400
16.53933300
16.48441700
16.92225000
16.97229100
16.66587500
16.29408400
16.60262500
16.86183300
16.54995800
16.81608400
16.13416600
17.00133400
16.86820800
16.54554200
16.48150000
17.21216600
16.54775000
16.68558400
16.82200000
16.12287500
17.08520800
17.02920800
16.37333400
16.71675000
16.54775000
16.66358300
16.90037500
16.86916700
16.18583300
16.66712500
16.74325000
16.77487500
16.38154200
16.70362500
17.13762500
16.56779100
16.71400000
17.49800000
16.86708400
17.12083300
15.48400000
16.10733300
17.39645900
16.40262500
16.86558300
16.56462500
16.66895800
16.23525000
17.15991700
16.49716700
16.64166600
16.86575000
16.31575000
16.89637500
16.85729200
16.46504200
16.59350000
16.93616600
17.27441700
16.42350000
16.40162500
17.36512500
15.90445800
17.23195900
16.15712500
16.85470800
16.43525000
16.69208300
16.98825000
16.91129200
16.13479200
16.74900000
16.84479100
16.54433400
16.82970800
16.56912500
16.44087500
16.90233300
16.69712500
16.89212500
16.45991700
16.72308300
16.58008400
16.58850000
16.65995800
16.77237500
16.77029200
16.84900000
16.73570800
16.67562500
16.53295800
16.46579200
17.01804200
16.51100000
16.67925000
16.96191600
16.57975000
16.49070900
16.53695800
16.59745800
16.81962500
16.65679200
16.57025000
17.68700000
15.87066700
16.70979100
16.40820900
17.69516600
16.14820900
16.49587500
16.53262500
16.54104100
16.97879200
17.04283300
16.32470900
16.43404100
17.02379200
16.56370800
16.82691700
16.91808300
16.10370900
16.50487500
17.23466600
16.35520900
16.98566600
16.43283400
16.66412500
16.56983300
16.88037500
16.64325000
16.29275000
16.94000000
16.91066700
16.29225000
16.91495800
16.86137500
16.55325000
16.43220800
16.79266700
16.83733300
16.76529200
16.49708300
16.62108400
16.87745800
16.42287500
16.85325000
16.76529200
16.35020800
17.28400000
16.19062500
16.58612500
16.82341700
16.85354100
16.40187500
17.13179200
16.42750000
16.57275000
16.90362500
16.31045800
16.80033400
16.81116600
16.52295900
16.61975000
17.08070800
16.27875000
16.80033300
16.91254200
16.85262500
16.26254200
16.78025000
16.76779100
16.37700000
16.89508400
16.74058300
16.66325000
16.61954200
16.53495800
16.64054200
17.00975000
16.51508300
16.68445800
16.73483400
16.67920800
16.53083300
16.78570900
16.66170800
16.70283300
16.73733400
16.55841600
16.71454200
16.65600000
16.46400000
17.09004200
16.21733300
16.84633300
16.67487500
16.51266700
16.87950000
16.64079200
16.50333300
16.85800000
16.80737500
16.49129200
16.76112500
16.60679100
16.76895900
16.54037500
16.89170800
16.44929200
16.85362500
16.73829100
16.63712500
16.68179200
16.78341700
16.48879100
16.62316700
16.88654200
17.10495800
17.30400000
17.03779200
16.16595800
15.90050000
17.90825000
15.50520800
16.99095900
17.03725000
16.70220800
16.40491700
18.76879100
14.94025000
18.73345900
14.80341600
16.75100000
16.36812500
16.87375000
16.61158400
16.84154100
16.50304200
16.23416700
19.84458300
127.78291700
31.06750000
15.75654100
33.43808400
14.06708300
16.73379200
16.11270800
15.84858300
16.65016700
15.70395800
15.77075000
16.41954200
15.89645800
15.74858400
15.99737500
15.97175000
15.51075000
15.09450000
14.23129100
13.85104200
15.14591700
14.65229100
16.52941700
14.07079200
12.72375000
13.09537500
12.60866600
12.51716700
12.46004200
12.84579100
12.73762500
12.62141700
13.16116700
12.71575000
13.23512500
13.14750000
12.62562500
12.86416600
13.99450000
14.76995900
13.53987500
13.46191600
12.36208400
13.70362500
14.28720800
14.08675000
16.40500000
16.38658300
16.39441700
16.73866700
16.88145800
16.09883300
17.10158400
16.71475000
16.41191600
17.88316700
16.08862500
16.68745800
17.20700000
16.03616700
16.45850000
17.45245800
16.10220900
16.43908300
17.94350000
15.65954200
16.33050000
17.50279100
16.39966700
16.37816700
17.11295800
16.84854200
16.35408300
16.47150000
16.55937500
16.72587500
16.83287500
16.62800000
16.64216700
16.68595800
16.67133300
16.71108400
16.75912500
16.56891600
16.30220900
16.93516600
16.66162500
16.37725000
16.97808400
16.44029100
16.95845900
16.84337500
16.77775000
16.17250000
17.12225000
16.45579100
16.39445900
17.22720800
16.95179200
14.43412500
18.57841600
16.23379200
16.61920800
16.86862500
17.91270900
15.70183300
14.87350000
18.46983300
17.20312500
17.73133400
15.02716600
16.95458400
16.38075000
16.89516600
16.71533400
17.78883300
15.62337500
16.66654200
16.60716600
16.81570900
16.52220800
16.45041700
16.82854100
17.08433400
16.13541600
17.20283400
16.54737500
14.82258300
18.62241700
16.57966600
16.79125000
16.52683400
16.79887500
16.59962500
16.66029100
16.37345900
17.12120800
16.57604200
16.68108300
17.67329200
15.36412500
17.05300000
16.55675000
16.89954100
16.40854200
16.80283300
16.65700000
16.65766700
16.80262500
16.69150000
16.71483300
16.59279200
16.82125000
16.63066700
16.52783300
16.95045800
16.57600000
16.66804200
16.73779200
16.47583300
17.04716700
16.39220800
16.86741700
16.74825000
17.27312500
15.98166600
16.72045900
16.46262500
16.77475000
16.76604100
16.64858400
16.79208300
16.61708300
16.72733400
16.46562500
18.18550000
15.35533300
16.49391700
16.63720800
16.78237500
16.69812500
16.71204200
16.72120800
16.08379200
16.88508300
16.75504200
16.70212500
16.43037500
16.92795800
16.35100000
16.80504200
17.28545800
15.95995800
16.64670900
16.95100000
16.56254100
16.55054200
16.85079200
16.89770800
16.35608300
16.83495900
16.51970800
16.83075000
16.61183300
16.74662500
16.52770900
17.27929100
17.04350000
15.67508400
16.71433300
16.59062500
16.74900000
16.63895800
16.76979200
16.76133300
16.65279200
16.46954200
17.26800000
16.20687500
16.89345800
16.84645800
16.52041700
16.60983300
16.93562500
17.35391700
15.77387500
17.08637500
16.81683300
16.56725000
17.08391700
16.50304200
16.79995800
16.78125000
16.55704200
16.20350000
17.51466600
15.99070900
16.80204100
17.30479200
16.13133300
16.59287500
16.19387500
16.88000000
16.53683400
17.25583300
16.28687500
16.70825000
16.72075000
16.25629200
16.86983300
16.86195800
16.27925000
16.98762500
16.92604200
16.38529200
16.38841600
17.14154200
16.31154200
16.84616600
16.43579200
16.84183300
16.65608400
16.84712500
16.74370800
16.60262500
16.61625000
16.78462500
16.54620800
16.58066700
16.89783300
16.89512500
16.40970900
16.56091600
16.74275000
16.82712500
17.29400000
16.01820900
17.19879100
16.00058400
18.08725000
16.95370800
15.71179200
18.15004100
16.12441700
16.79162500
16.52412500
16.76466700
16.28287500
17.33570800
15.55933300
16.81683400
17.07325000
16.82766600
15.73175000
17.07641700
17.00608300
16.81300000
17.44029200
15.52229200
16.30066600
16.68912500
16.62625000
16.47945900
17.06900000
16.19237500
16.76966600
16.96791700
16.23729200
16.80683300
16.49445800
16.51608400
16.91550000
16.59850000
16.68954100
16.72570900
16.46145800
16.67504200
16.82800000
16.55191600
16.64279200
17.00016700
16.96783300
16.56566700
16.47866600
16.42141700
16.72841700
16.82083300
16.52883300
16.55445900
16.96162500
16.36983300
17.03350000
17.13045800
16.41029200
16.40679200
16.91475000
16.60025000
16.78387500
16.60108300
16.79179200
17.02591600
16.23408400
16.76516600
16.63362500
16.72816700
16.47200000
16.72029200
16.72316600
16.63683400
16.66162500
16.80095800
16.77200000
16.59304200
16.77058300
16.57116700
16.94675000
16.48316600
16.75841700
16.44562500
16.54575000
16.47566700
17.10637500
16.66054100
16.39608400
16.70391600
16.65954200
16.94608300
16.31345900
16.67775000
17.05133300
16.70020800
16.67333400
16.61795800
16.70841700
16.81962500
16.75708300
16.32641700
16.78741600
16.50912500
16.64033400
17.01458300
16.35808300
16.98258400
16.18312500
17.07945800
16.85787500
16.42591700
16.72200000
16.83600000
16.64070800
16.53287500
16.67175000
16.82033300
16.70766700
16.76895800
16.24520900
16.63866600
17.30587500
16.52137500
16.35729200
17.42012500
16.00466700
16.89441600
16.62087500
16.68679200
16.59079200
17.08158300
16.35645800
16.77625000
16.85983400
16.40550000
16.36379100
17.25187500
16.38716700
16.59687500
17.11591700
16.42095800
16.72562500
16.77508300
16.50195900
16.85808300
16.54729200
16.77904100
16.64495900
16.56779100
16.66037500
16.94620900
16.50879100
16.57020900
16.92675000
16.53537500
16.74716600
16.63237500
16.80829200
16.50587500
16.94879200
16.39687500
16.71462500
16.97483300
16.42933300
16.63308400
16.85370800
16.48375000
16.91412500
16.69508300
16.67233400
16.53470800
16.94325000
16.44958300
16.69529200
16.88366700
16.30300000
16.43420800
17.11412500
16.58520800
16.53975000
16.96037500
16.66045900
16.35958300
16.88258300
16.84329200
16.67920800
16.88087500
16.42316700
16.56600000
16.91579200
16.41537500
16.49091600
17.15295900
16.70958300
16.20337500
16.99825000
16.79241700
16.54708300
16.72637500
16.73337500
16.68920800
16.58158400
16.84779100
16.93908400
16.27625000
16.76320800
16.85829200
16.53175000
16.77883300
16.70287500
16.36829200
16.95975000
16.58658300
16.53162500
16.54937500
17.07158300
16.42183400
16.78033300
16.91054200
16.31875000
16.72287500
16.99858300
16.48404200
16.64129100
16.87162500
16.45062500
16.68733400
16.72054100
16.67354200
16.56658300
16.87612500
16.73066700
16.58529200
16.97120800
16.38950000
16.64512500
16.80133300
16.48929200
16.60870800
16.77608400
16.33691600
16.87200000
16.70741700
16.97137500
16.45525000
16.61037500
16.77541700
16.86691600
16.40845900
16.56120800
16.89358300
16.42812500
16.77612500
16.72208400
16.72958300
16.70600000
16.91554200
16.40450000
16.63691600
17.07783400
16.32250000
16.93075000
16.57045800
16.40812500
16.64087500
17.02529200
16.53558300
16.68662500
17.05916700
16.23383300
16.77300000
16.79466700
16.47766600
16.71050000
16.75258400
16.72666600
16.67191700
16.79250000
16.37629200
16.81004100
16.91895900
16.43695800
16.74316700
16.95195800
16.44095800
16.77358400
16.97891600
16.24258400
16.70587500
16.49983300
16.55608300
16.71770900
16.97858300
16.58575000
16.61379200
16.99645800
16.15779200
16.58491600
16.76091700
16.73166700
16.86120800
16.88129200
16.45087500
16.53729100
16.79833400
16.59804100
16.83104200
16.37833300
16.79895900
16.85350000
16.42816600
16.86012500
16.59987500
16.60920900
16.52704100
16.76320900
16.53266600
16.75491700
16.81787500
16.62337500
16.87529200
16.80662500
16.37766600
16.98816700
16.45212500
16.59491700
16.70525000
16.86775000
16.50475000
16.63275000
17.11783300
16.68945800
16.64220900
16.66429100
16.62716700
16.62850000
16.96091700
16.60254100
16.62179200
16.77241700
16.52166600
16.59287500
16.75708400
16.59458300
16.81641700
16.97162500
16.68020800
16.46370800
16.88341700
16.76841700
16.49450000
16.85775000
16.43237500
16.72375000
16.66950000
16.63120800
16.75012500
16.68308300
16.78579200
16.57675000
16.81837500
16.67083300
16.60487500
17.13170900
16.16125000
17.08754100
16.28775000
16.66995900
16.82804100
16.80100000
16.84787500
16.74983400
16.35454100
16.75812500
16.90804200
16.48308300
16.72229200
16.80350000
16.41045800
16.91795900
16.76554100
16.55375000
16.64333400
17.04600000
16.27025000
16.63254100
16.89566700
16.52654200
16.72116600
16.96279200
16.24337500
16.84812500
16.87583300
16.63566700
16.58133300
16.87387500
16.35350000
16.93287500
16.60658400
16.49404100
16.61666700
16.78475000
16.57962500
16.77750000
16.91470800
16.59229200
16.65879200
16.60858300
16.63262500
16.86570800
16.72287500
16.58608400
16.59241600
16.76700000
16.57845900
16.76145800
16.77162500
16.66358300
16.77683400
16.61062500
16.86741600
16.66179200
16.51116700
17.30166600
16.35525000
16.61662500
16.34716700
16.87454200
16.75108300
16.63383300
17.05437500
16.23275000
16.56345900
17.07500000
16.49554100
16.70029200
16.97083300
16.25787500
16.85104200
16.67270800
17.25075000
15.99233400
16.84916600
16.98137500
16.29937500
16.82720900
16.71050000
16.29570800
16.97733300
16.51275000
16.59604200
16.82566700
16.60525000
16.76150000
17.27412500
16.71562500
16.47004100
16.83687500
16.43512500
16.76645900
16.91495800
16.98091700
16.18695800
17.43562500
16.03066700
16.68700000
17.55541600
18.78441700
16.60170800
16.24062500
17.10700000
20.11766700
14.30670800
20.76629200
20.09754200
20.01687500
19.73975000
19.05441600
18.09479200
22.38266700
21.74116600
22.71495900
20.19745800
21.55037500
20.70341700
22.38495800
21.94616700
21.12358300
20.34416700
20.52516600
20.56883400
20.03195800
20.01691700
23.26395800
21.49050000
21.46075000
19.90650000
19.93591700
20.24654100
19.77020900
23.60541600
22.81141700
21.51083300
20.60129200
20.53091700
20.84350000
20.81841600
20.67966700
20.47354200
20.87370800
21.02720800
20.14220900
19.90225000
21.08358300
18.44366700
16.17883300
16.11529200
15.96883300
15.83350000
15.90204200
15.46050000
15.39479100
15.68033400
15.93750000
16.00691600
15.97304200
15.30200000
15.79075000
15.53141700
15.03100000
15.62333300
15.48454200
15.49095800
15.55875000
15.77529200
15.38079100
15.19991700
15.60420800
15.52595900
14.82858300
12.52291700
12.70083300
13.31983300
15.18087500
12.99062500
13.04483400
12.64895800
13.10604200
13.51425000
12.74425000
13.10858300
13.82995800
16.36112500
13.32300000
14.39904200
13.78454200
14.90975000
13.75233300
12.79762500
14.61337500
13.25066700
12.58000000
13.38329100
16.47625000
15.81904200
16.68437500
16.78987500
16.48375000
16.70941700
16.90937500
16.51054100
16.97358400
16.31100000
16.72704100
16.80900000
16.51833400
16.59287500
16.92741600
16.54337500
16.62950000
17.02087500
16.37016700
16.68383300
16.93729200
16.41712500
16.71366700
16.79025000
16.62504100
17.29395900
16.50037500
16.21225000
16.74612500
16.77370800
16.80462500
16.52879200
16.90329100
16.28750000
16.86612500
16.82033400
16.42500000
16.79904100
16.68562500
16.54050000
16.59775000
16.94991700
16.74508300
16.42850000
17.05679200
16.38879200
16.65591600
16.79691700
16.67829200
16.40516600
17.11883400
16.40829100
16.73675000
16.78445900
16.59716600
16.58054200
16.72637500
16.73145800
16.69662500
16.69570900
16.60245800
16.89083300
16.59812500
16.55425000
16.74541700
16.75545800
16.64179200
16.85620800
16.72212500
16.36737500
16.99233400
16.43562500
16.61512500
16.97829100
16.46625000
16.65154200
16.90075000
16.55420800
16.05987500
17.28600000
16.02570900
16.84375000
17.00362500
16.53950000
16.61675000
17.10683300
16.30858300
16.57670900
17.43062500
16.06716600
16.45045900
16.78487500
16.73058300
16.60412500
16.82370800
16.36562500
16.80983400
16.93079100
16.38512500
16.89008400
16.73887500
17.16845800
16.07733300
16.72475000
16.93750000
16.36000000
16.67529200
16.66683300
16.74195900
16.70895800
16.43900000
17.56887500
16.46133300
16.30400000
16.62245900
17.09979100
16.68000000
16.78962500
16.51362500
16.63037500
18.72241700
14.58433300
16.19758400
17.05370800
16.20637500
16.73325000
16.80170800
16.42912500
16.76687500
16.90650000
16.15687500
16.36162500
16.93783400
16.78470800
16.78741700
16.68341600
16.55016700
16.74650000
16.83387500
16.49166700
16.72316600
16.81383400
16.50195800
16.74054200
16.72633300
17.08841700
16.37195800
16.74125000
16.65450000
16.52791700
16.80912500
16.95695800
16.36870800
17.02525000
16.49441700
16.59125000
16.72337500
16.69295800
16.61795900
16.84162500
16.74141600
16.59291700
16.68966700
16.72412500
16.68479100
16.41487500
16.80791700
16.73762500
16.60929200
16.77104100
16.63720900
16.74075000
16.47095800
17.02000000
16.44283300
16.78045900
16.99275000
16.72637500
16.72162500
16.95491600
16.15987500
16.52225000
16.60075000
16.48854200
16.81500000
16.96837500
16.32133300
16.70591700
16.91991700
16.47700000
16.60983300
16.86741700
16.55729100
16.57045900
16.76216600
16.75333400
16.82408300
16.90333300
16.39954200
16.82425000
16.55983300
16.45125000
16.70879200
16.84516700
16.43329100
17.10058400
16.55362500
17.04462500
16.28779100
16.78450000
16.82158400
16.46995800
16.59800000
16.46812500
17.03354200
16.67070800
16.46291700
16.71587500
17.01841600
16.42587500
16.82675000
16.72087500
16.48020900
16.93866600
16.90854200
16.06487500
17.02333300
16.58600000
16.69525000
16.80220900
16.37633300
16.93008300
16.86045900
16.83287500
16.27158300
17.41070800
16.11283400
16.85783300
16.37220800
16.56470900
16.93445800
16.63550000
16.60562500
16.80066700
16.92200000
16.52291600
16.64933400
16.69658300
16.54975000
16.92850000
16.57483300
16.46933400
16.76033300
16.76925000
16.39079200
17.08479100
16.47391700
16.52979200
17.04016600
16.49350000
16.94387500
16.50141700
17.09120800
16.47666700
16.81229200
17.50866600
15.35141700
16.80083300
17.05816700
16.22787500
16.63995800
16.97208400
17.63116600
17.08466700
16.59420800
19.05691700
13.68800000
16.57366700
16.76758300
17.08254200
16.56329100
17.23895900
16.09445800
17.32258300
15.60070900
17.19966600
16.57179200
17.89633300
15.31233400
16.63808300
17.88187500
15.92554200
16.52487500
17.60916600
15.68983400
16.55108300
17.55729200
16.11975000
16.36470800
17.38412500
16.62687500
16.52200000
16.53087500
16.91620800
15.82154200
17.51395800
16.10033400
16.98383300
17.26983300
15.84887500
17.12550000
15.91300000
17.04787500
16.90041700
16.19895800
17.63783400
15.73337500
16.77754100
17.34812500
15.86858400
16.69408300
17.43279200
15.86745800
16.72170800
17.16341700
16.35466700
16.82004100
17.00783400
16.16779100
17.18095900
16.32250000
16.55808300
15.14050000
19.49729200
16.91912500
15.93625000
16.26850000
14.38837500
18.96925000
16.32429100
16.70825000
17.05916700
16.64100000
16.38037500
17.06629200
16.08012500
17.12662500
16.65508300
16.90237500
16.15620800
17.31175000
16.12504200
16.46537500
17.19004200
16.07891600
16.96812500
18.24650000
15.07845900
14.75266600
19.18970900
16.24141600
16.70920900
16.55458300
16.58566700
16.63854100
16.94508400
16.85991600
16.68154200
16.59654200
16.74120800
17.51020800
16.23254200
16.49775000
16.51683300
16.66933400
16.82308300
16.38579200
16.76141600
16.26979200
16.66837500
16.76183300
16.62362500
16.70887500
16.55775000
16.58654200
16.86912500
16.58070800
16.80220900
16.53800000
16.73133300
18.96200000
15.55579200
17.99116600
15.53500000
18.16366700
15.29450000
18.02058300
42.57775000
37.54795900
29.03091600
23.53316700
26.06704200
24.02583300
31.08358300
32.97020900
33.08450000
34.32779100
33.06154200
32.00037500
35.90795800
24.64450000
19.85441700
24.60862500
30.19179200
22.88237500
24.06195800
26.70266700
24.22083300
21.34358300
24.74091700
25.72491700
29.53654100
20.05666700
25.24983300
24.62783400
31.88704100
23.04679200
24.17162500
26.12775000
27.98308300
31.49541700
19.57400000
28.84308300
27.02466700
26.28858300
27.89275000
19.93462500
23.01116700
26.57150000
19.74450000
23.81787500
25.50412500
24.73962500
21.22445800
24.75108400
30.48462500
26.22262500
20.16908300
24.44087500
19.77041700
23.16195800
18.00258300
17.11708400
27.31691600
29.60912500
36.79575000
34.75954200
24.98829200
43.23495800
23.10087500
34.07850000
25.46354200
38.26979100
36.56629200
23.55516700
36.14779100
20.96000000
27.68908400
34.88712500
33.41729100
38.47504200
55.31812500
21.93675000
31.02887500
30.83883300
62.33983400
63.36954100
39.66375000
40.40179200
33.91787500
36.26837500
66.45025000
30.63358300
38.68650000
41.86854200
47.12050000
25.70304200
43.40933300
38.43958300
42.47141700
36.42804200
50.68512500
33.93783300
36.26108300
42.18670900
41.17712500
50.34437500
44.47412500
48.93529100
38.21450000
39.74537500
38.88475000
50.29158400
42.19520800
31.77637500
42.21158300
50.30725000
39.75141700
41.74283300
40.80095900
32.90479100
33.05766700
34.27345800
33.60733400
49.34533300
43.64633300
36.36350000
39.27337500
35.40687500
44.11187500
40.27116700
52.85420800
36.46058400
39.00995800
42.72454200
38.94425000
48.79791600
38.77895900
34.20695800
42.65483300
40.97229200
42.92037500
34.66683300
35.24766700
31.56008300
34.68858400
36.54800000
43.79408300
31.52295800
31.15475000
40.65595900
29.68195800
31.03625000
33.25737500
36.84391700
37.59754100
39.51375000
33.55970900
36.81600000
38.67250000
34.44925000
39.01758300
40.08608300
36.65445900
33.61895800
34.83466700
31.08300000
33.81691600
31.99945900
34.72145800
38.71658300
34.59354200
36.16195800
37.21750000
33.81579200
32.86816700
34.79070800
31.55862500
36.96616700
43.71262500
35.79958300
47.44254200
42.60700000
67.27675000
58.14658300
70.42570800
51.87395900
84.30075000
31.47666600
28.41420900
51.32095800
39.34425000
31.37958300
30.46375000
35.25350000
31.21829200
29.54620800
30.10570900
35.50295800
44.62070800
49.54166700
32.59554200
25.16612500
20.42662500
26.96350000
26.05504100
31.49520900
29.26545800
19.74670800
24.82575000
25.51412500
22.08562500
25.52245900
26.07479100
26.36091700
29.57520800
37.70383400
28.28108300
19.75620800
25.43887500
25.91300000
21.01595900
24.24991600
25.53116700
25.71079200
28.90433300
28.78620800
27.64637500
26.93350000
23.32987500
26.73362500
28.19554200
26.94616700
17.08387500
21.91545800
20.32495800
25.34120900
23.99375000
19.60958300
23.05529200
19.19404100
24.10137500
21.66070900
17.82191600
26.06537500
25.96837500
23.66120900
25.05345800
24.90433300
22.43920900
21.15029100
33.88758400
31.43525000
28.72025000
27.18758300
53.04662500
41.65900000
30.92812500
31.32258300
33.04833400
45.07129100
39.08729200
43.68200000
38.78558300
48.38908400
40.95520800
51.47587500
34.97916700
32.83379100
30.64575000
60.90933400
36.39566600
35.03383400
38.34112500
63.51691600
30.28766700
52.18233300
57.57237500
34.91904200
122.89529200
45.34125000
106.87775000
77.89279100
81.69366700
51.88445800
58.91820900
56.34895800
62.74008300
27.80958400
42.55608300
39.56904200
36.82841600
57.49400000
32.11991700
33.25262500
32.52712500
37.52458300
22.45683400
32.28775000
32.92129100
31.98212500
33.34616700
32.82100000
31.34200000
31.05662500
33.49987500
52.65379200
53.12145800
43.34350000
42.07800000
37.93608300
32.26987500
42.15912500
40.42762500
32.53833400
34.46941600
34.92358400
31.52579100
34.38679200
50.89533300
47.85650000
36.30075000
49.10041700
34.13450000
29.20175000
38.15962500
33.54070800
31.45879200
26.98012500
36.54066700
27.93554100
27.74508400
27.16379100
28.01483400
29.72954100
29.77120900
42.73708300
30.96537500
20.55275000
27.83958300
26.84425000
30.34441700
27.77908300
31.27816700
31.35941700
37.25000000
24.10295800
22.23500000
28.33908300
26.62366700
27.90745800
32.01520900
21.84808300
31.92612500
27.18575000
26.36983300
21.04191700
25.10337500
27.19525000
29.89325000
27.22141700
29.26262500
31.83270800
43.10433300
54.46854200
38.65537500
20.35466700
53.07816600
25.96120900
39.58350000
24.94641600
20.62666700
31.93816700
33.65962500
88.38579100
41.85012500
27.06079200
29.74616700
50.06437500
34.07233300
29.33379200
30.85358300
29.52520800
49.06562500
39.50170900
39.76104100
54.84654200
78.27770800
48.15904200
31.81945800
31.62829200
28.78870800
29.77304200
30.25141700
49.09804100
31.15862500
46.92395900
21.75116600
28.79137500
32.32104200
31.81187500
25.02583300
32.06345900
36.75887500
26.91883300
45.33045800
20.88520900
28.55270800
30.60641700
29.19133300
33.92141700
29.20616600
27.36591700
23.05412500
31.08008300
54.71533400
30.07445800
37.56191700
31.25933300
30.59158300
32.14462500
34.51445900
49.79166600
29.27775000
43.27075000
32.10658400
65.90300000
48.98575000
81.56004100
55.63433400
28.38470800
35.84412500
44.39854200
44.20079100
29.85629200
66.17979200
32.70583300
30.89183300
47.56404200
34.36179200
48.85529100
34.63779200
38.80762500
36.33320800
58.06237500
40.66237500
46.80241700
28.44200000
31.33516700
45.08000000
26.95391600
44.28220900
22.65333300
28.70329200
28.53295800
31.37054200
31.79766600
31.19350000
34.65962500
37.49354200
36.94604200
63.65362500
40.05329100
31.96487500
32.51387500
20.01825000
47.32887500
33.93687500
45.15075000
35.55187500
21.49016700
31.86783300
32.01766700
36.16762500
45.01695800
20.44062500
30.87962500
27.89983400
26.04525000
22.61304100
22.87312500
27.07687500
27.55800000
27.11191700
53.31320800
33.19295900
37.94662500
29.91329100
33.62704200
28.98441700
27.45725000
28.38920800
31.68479200
28.01904100
33.46733400
41.01258300
27.93679200
40.10200000
39.35541600
69.00891700
44.20679200
25.33983300
39.81895800
39.93991700
34.27004200
55.18500000
69.01487500
34.25445800
35.75283300
48.27508400
32.35258300
51.30150000
57.57887500
67.58583300
35.02029200
25.72016700
59.95050000
30.64125000
55.13054100
56.09833400
45.23962500
29.12758300
47.34420800
34.03458400
32.89604100
45.61879200
45.00445800
28.46404200
43.67462500
29.67850000
30.83475000
53.94775000
38.20183300
28.29566700
44.61458300
24.22275000
26.34712500
33.20012500
30.79650000
41.22220900
40.81712500
35.72991600
28.42316700
21.89254200
29.23866600
29.84075000
34.40354200
62.15870800
29.25937500
21.89695900
31.60383300
31.73795800
42.97866700
32.24691700
31.73279100
55.25825000
33.25362500
44.74445900
32.16987500
21.02179100
59.49275000
26.17816700
40.52716700
21.65945800
50.88325000
35.19804200
50.04412500
31.72250000
36.92820800
44.91137500
33.10966700
21.14483300
45.54420800
29.35775000
53.06087500
32.55100000
42.58091700
30.31329200
43.27058300
29.19020800
29.39379200
47.68916700
30.21050000
25.78583300
32.61958300
26.39845900
34.39066600
31.58608400
28.95520800
33.61091700
28.00783300
28.98375000
140.89225000
24.69216700
23.21662500
34.31287500
14.67754100
65.31687500
25.46525000
21.70841700
21.27483300
19.73604200
20.78362500
20.97366700
20.62666600
20.12441700
17.44250000
15.21687500
15.79575000
15.67216700
15.40729100
15.70808400
15.37841600
15.60550000
15.86445900
15.78529100
15.36470900
15.84900000
13.12308300
12.81362500
13.18900000
12.98320800
12.78545900
12.96166600
12.66650000
13.45450000
13.85754200
13.61329200
14.26083300
15.95295800
15.00395900
14.92354100
16.90887500
18.51454200
17.37433300
15.59937500
14.79541700
14.26366700
13.76141600
13.06175000
14.20825000
13.33758400
14.02387500
13.49100000
15.41116600
16.34829200
16.51083300
15.72370900
15.71700000
20.77258300
22.19620800
19.87212500
17.73500000
19.37341700
15.99291700
17.43600000
15.74879100
15.40291700
15.70358300
15.41812500
15.32829200
15.85308300
15.22141700
15.50583300
15.64050000
15.50350000
16.59687500
15.80454200
15.73925000
12.85220800
12.76516700
12.57708300
12.83333400
12.71145800
12.74704200
16.41845800
16.65045800
16.74104200
16.53783300
16.68300000
16.64070900
16.76483300
16.64279200
16.75691600
16.73529200
16.50450000
16.62170800
16.91004200
16.76079200
16.66654100
16.74120900
16.40708300
16.70283300
16.92170900
16.47445800
16.78137500
16.81875000
16.46433300
16.57291700
16.58662500
16.36416700
16.75262500
17.21016600
16.58008400
16.30054100
16.95633400
16.50250000
17.07316600
16.33470900
16.68329100
17.01187500
16.57558400
16.26545800
16.82716700
16.70279100
16.54058400
16.60429100
16.91895900
16.99108300
16.66183300
16.78741700
16.14600000
17.14733300
16.79341700
16.51870800
16.37062500
17.00104200
16.88620800
17.11975000
16.15375000
16.36370900
16.81558300
16.32070800
16.77675000
16.72187500
16.65183400
16.71283300
17.35766700
16.35695800
16.77700000
16.76695800
16.72516700
16.61583300
16.84187500
16.26362500
16.90129200
17.27845800
16.41970900
16.75108300
15.90400000
16.84716700
16.38262500
16.69670800
16.69854200
16.46583300
17.01504200
16.40162500
16.75650000
16.81000000
16.55870800
16.55962500
16.95345800
16.60516700
16.60241700
17.68162500
16.04550000
16.82320800
16.71133300
17.37775000
15.85812500
16.76529200
16.95595800
16.03308400
16.71433300
16.84775000
16.62716700
19.33633300
14.81425000
18.78100000
15.42895800
17.32662500
17.01991700
14.42187500
16.27883300
16.97262500
16.54520900
16.73725000
16.96908300
16.64670800
16.29708400
16.67870800
16.69237500
16.27933300
17.07179200
16.40495800
16.81195900
16.85787500
16.59954100
16.43250000
16.95108400
16.36720800
16.90137500
17.73708300
16.11162500
16.45312500
17.28104200
16.05825000
16.66662500
16.75204200
16.41850000
16.49304100
16.96600000
16.34404200
16.83866700
16.71558300
16.58929200
16.59904100
17.08645900
16.24141600
16.55087500
16.58929200
16.68791700
16.68275000
16.87641600
16.28600000
16.82791700
16.73529200
16.56891600
16.59812500
16.74600000
16.82641700
16.75000000
16.49941700
16.79229100
16.43137500
16.56879200
17.17762500
16.74887500
16.70533300
16.46145900
16.96995800
16.52720800
16.59825000
17.01612500
16.26837500
16.69791700
16.62583300
16.58033400
16.97208300
16.73100000
16.63487500
16.63125000
16.57095800
17.00670900
16.44779100
15.54950000
19.57845900
14.95679100
17.19254200
16.43466700
16.38787500
16.66554100
16.54025000
16.66445900
16.80012500
16.63529100
17.20620900
16.74062500
16.56712500
16.19695800
16.66783300
16.76441700
16.87912500
16.48970800
16.45658400
16.89054100
15.63870900
17.72779100
16.75004200
16.87137500
16.54741700
16.64300000
16.92079100
16.48341700
16.71470800
16.66858400
16.63604100
16.78137500
16.57820900
16.66179100
16.79258400
16.72912500
16.65950000
16.65320800
16.66404200
16.63758300
16.73616700
16.72091600
16.84737500
16.86545900
17.01658300
16.72987500
16.39054200
16.40737500
16.49833300
16.54837500
16.66704200
16.65350000
16.83675000
16.59012500
16.82962500
16.61258300
16.55175000
16.54812500
17.00850000
16.66916700
16.64695800
16.70862500
16.65758300
16.68354200
16.30954200
16.65304100
16.78683400
16.67137500
16.63945800
16.66337500
16.62512500
16.58358300
16.76133400
16.72300000
16.68079100
16.70295900
16.61912500
16.72183300
16.70120800
16.66933400
16.68154100
16.66966700
16.58108300
16.86404200
16.61062500
16.69275000
16.73395800
16.74558400
16.54200000
16.77479100
16.70379200
16.57625000
16.70208300
16.79787500
16.61533400
16.67000000
16.64704100
16.49629200
16.65725000
16.84266700
16.50087500
16.78470800
16.73400000
16.57345800
16.57654200
16.91216700
16.45470800
16.77691700
16.78916600
16.56450000
16.75825000
16.71895900
16.71754100
16.58016700
16.83491700
16.50683300
16.67441700
16.78408300
16.58495800
16.64925000
16.87495900
16.53025000
16.66054100
16.61112500
16.63729200
16.88658300
16.95058400
16.61495800
16.59366700
16.81770800
16.44895800
16.65608400
16.65083300
16.63466700
16.73212500
16.69662500
16.67241600
16.75250000
16.47116700
16.65070800
16.79616700
16.56662500
16.67387500
16.64058300
16.72195900
16.68666600
16.87608400
16.63391600
16.58937500
16.71091700
16.59095800
16.70737500
16.70516700
17.23779200
16.41908300
16.61837500
16.62970800
17.01308400
16.79279100
16.60066700
16.53929200
16.82312500
16.52704100
16.75462500
17.03679200
16.32695800
16.87537500
16.58725000
16.39666700
16.80983300
16.57308400
16.66029100
16.71083400
16.73433300
16.68420800
16.49937500
16.74908400
17.00150000
16.30754100
17.11087500
16.26050000
16.77262500
16.66704200
17.16891700
16.15633300
16.51316700
16.65191600
16.61245900
16.82904100
16.61150000
16.78595900
16.61158300
16.69520800
16.77650000
16.91475000
16.39566700
16.58575000
16.74804200
16.70120800
16.62579200
16.67650000
16.63537500
17.11912500
16.50154100
16.49958400
16.74695800
16.74154200
16.60079100
17.03141700
16.29295800
16.58104200
16.84650000
16.55687500
16.79391700
16.69000000
16.74287500
16.40691600
16.93708400
16.45845800
16.70325000
16.62495800
17.34050000
16.12145900
16.75470800
16.67608300
16.61329200
16.81295800
16.53250000
16.72125000
16.80008400
16.50666600
17.42133400
16.22479100
16.45170900
16.72504100
16.67987500
16.98795900
16.69608300
16.74070800
16.28791700
16.56062500
16.76816700
16.58025000
16.91516600
16.82879200
16.36925000
16.93037500
16.58254200
16.38370800
17.03112500
16.30470800
17.06125000
16.81570900
16.32404100
16.93670900
16.61995800
17.13233300
15.98066700
16.76183300
16.72595900
16.70704100
16.82937500
16.34404200
16.90895800
16.90258400
16.53995800
16.70895800
16.75195900
16.51258300
16.87216700
16.58820800
16.69729200
16.57112500
16.85625000
16.85204100
16.40787500
17.04237500
16.28679200
16.80333300
16.72241700
17.14000000
16.10204200
16.88516600
16.57020900
16.55487500
16.89050000
16.49554100
16.72829200
16.94383300
16.55541700
16.53012500
18.31983300
15.13525000
16.84220900
16.70104100
16.57045900
16.66783300
17.02275000
16.34666700
17.16758300
16.81729200
16.04258300
16.88520800
16.54820900
16.75858300
16.77662500
16.55562500
16.65116700
16.85683300
16.38295800
16.95358400
16.97854100
16.26116700
16.59779200
17.03454100
16.71325000
16.38254200
16.85641700
16.66825000
16.76083300
16.90033300
16.22029200
16.84670800
16.47895900
16.77570800
16.66237500
16.80337500
16.85104200
16.31350000
16.82629100
16.79825000
16.64462500
16.96095900
16.45787500
16.38875000
17.10616600
16.61662500
16.34450000
17.37600000
16.25908400
16.23483300
17.20050000
16.26766700
16.95587500
16.45404100
16.93287500
16.48416700
16.85100000
16.59929200
16.81366600
16.46337500
17.06220900
16.59704100
16.29275000
16.88033400
16.83320800
16.54345800
16.69854200
16.61295800
16.87250000
16.78204200
16.59995800
16.19887500
16.87666700
16.89666700
16.55866600
16.80679200
16.67550000
16.58400000
16.59662500
16.83054200
16.58491600
16.73591700
17.28200000
16.01504200
16.80216600
16.77400000
16.46283400
16.65691600
16.68787500
16.74920900
16.45637500
16.73420800
16.73662500
16.70804200
16.56587500
17.00404100
16.36500000
16.92575000
16.50600000
16.64862500
16.78941700
16.79754200
16.84858300
16.97916700
16.47870800
16.77266700
16.53608300
16.48300000
16.58004200
17.06125000
16.41916600
16.65312500
16.61233400
16.59570800
16.91825000
16.55295800
16.55191700
16.80283300
16.44012500
16.79129200
17.23691700
16.76170800
16.44354200
16.60954100
16.41945900
16.63862500
16.87291600
16.48895900
16.69291600
17.02854200
16.55095800
16.32829200
16.93912500
16.69237500
16.37125000
16.98545800
16.69779200
16.67762500
16.62704200
16.64033300
16.69912500
16.78708300
16.56654200
16.67395800
16.78450000
16.43175000
16.88916700
16.53612500
16.83345800
16.61883400
16.76875000
16.57733300
16.71291700
16.71391600
16.64533400
16.82775000
16.80629100
16.62733400
16.72275000
16.36825000
16.60187500
16.64645800
16.71729200
16.79283300
16.88454200
16.42104100
16.59341700
16.88733300
16.60537500
17.04825000
16.37895900
16.50375000
16.78841600
16.54020900
16.80487500
16.70070800
16.86445800
16.62620900
16.57262500
16.82795800
16.66362500
16.71929200
16.70487500
16.52145800
16.68125000
16.79112500
16.44645800
16.79079200
16.83504200
16.51841600
16.72058400
16.49300000
16.87487500
16.61787500
16.84325000
16.52200000
16.74987500
16.84220800
16.47033300
16.72741700
16.77695800
16.53362500
16.57629200
16.93883300
16.56875000
16.75529200
16.94204200
16.50912500
16.58270800
16.62862500
16.65183300
16.79229200
16.66725000
16.68725000
16.76154200
16.62758300
16.56775000
16.90483300
16.44525000
16.79558400
16.82404100
16.60541700
16.84125000
16.49883300
16.96804200
16.48537500
16.89908300
16.44862500
16.73291700
16.83379200
16.56862500
16.65541600
16.74866700
16.53600000
16.68495800
16.77487500
16.61875000
16.53754200
17.01416700
16.52520800
16.78295800
16.83829200
16.56779200
16.62625000
16.58345800
16.63795800
16.82979200
16.55708300
16.71645900
16.69925000
16.48645800
16.91229200
16.50658300
16.93520800
16.48162500
16.70995900
16.86791600
16.48895900
16.77016600
16.37758400
16.95695800
16.32516700
16.91158300
17.05795800
16.89937500
17.90437500
16.09208400
16.33675000
16.52629100
17.96420900
15.74262500
17.10995800
16.56995800
17.64133400
15.49500000
17.40562500
16.20204100
16.41825000
16.86179200
16.41925000
16.55895800
16.90187500
16.26441700
16.61295800
16.66191700
16.77154200
16.51087500
16.87441600
16.96658400
16.87162500
16.36862500
16.56854100
16.48433400
16.73829100
16.67187500
16.68495900
16.71354100
16.80391700
16.52737500
16.59912500
16.82200000
16.66987500
16.72325000
16.56250000
16.44100000
16.96908300
16.80208400
16.32716600
16.49033400
17.04895800
16.39300000
16.85858300
16.60075000
16.56870900
16.87800000
16.39641600
16.97316700
16.39195800
16.81141700
16.72970800
16.31979200
16.76420800
16.77891700
16.92037500
16.53104200
16.72320800
16.56400000
16.63666700
16.81200000
16.78633300
16.45008300
16.69137500
16.64400000
16.62258400
16.74220800
16.98579200
16.46529100
16.64145900
16.84879100
16.80845900
16.71933300
16.77375000
16.49466700
16.62366600
16.84637500
16.20279200
16.77108300
16.81350000
16.57616700
16.66179200
16.86304100
16.50212500
16.69579200
16.77066700
16.54070800
16.71812500
16.84383300
16.52112500
16.74537500
16.63725000
16.86216700
16.83479200
16.48612500
16.61883300
16.69112500
16.93820800
16.40245900
16.75970800
16.51566700
16.69029100
16.61075000
16.77308400
16.65504100
17.00420900
16.68925000
16.60066600
17.01141700
16.11416700
16.74195800
16.91504200
16.64004100
16.54916700
16.74670800
16.47883400
16.46525000
16.80350000
16.72108300
16.84987500
16.84220800
16.71945900
16.69487500
16.51145800
16.85966700
16.80312500
16.51083300
16.68916700
16.52941600
16.77358400
16.52808300
16.49954200
17.17837500
16.53766600
16.77733400
16.65429100
16.55754200
16.73029200
16.63500000
16.52945800
16.68754200
16.89791600
16.35741700
17.13420800
16.57733400
16.80912500
16.48087500
17.12387500
16.20000000
16.80133300
16.76429200
16.63329100
16.78362500
16.41229200
16.79650000
16.68445800
16.66466700
16.75629200
16.77445800
16.63712500
16.47091700
17.13441600
16.39795900
16.65654100
16.79366700
16.67704200
16.57437500
16.63529100
16.66266700
16.68445800
16.90183400
16.49775000
16.58770800
16.98287500
16.40220800
16.90104200
16.61441700
16.52254100
16.76091700
16.66979200
16.60683300
16.91416700
16.67550000
16.54120800
16.96179200
16.42562500
16.82350000
16.46954100
16.95354200
16.62079200
16.55225000
16.81000000
16.67991600
16.26254200
17.22541700
16.41208300
16.93545800
16.61187500
16.42179200
16.68220800
16.77025000
16.70733400
16.73025000
16.73612500
16.58175000
16.66058300
16.86862500
16.57866700
16.71808300
16.47133300
16.66162500
16.63504200
16.77229200
16.86116600
16.62975000
16.42612500
16.85283400
16.76983300
16.55279200
16.86004100
16.52208400
16.56420800
16.69333300
16.75458400
16.56550000
16.75650000
16.94700000
16.43554100
16.74333400
16.72183300
16.50037500
16.89583300
16.60587500
16.74250000
16.63412500
16.67616700
16.36883300
16.76016700
16.77975000
16.68975000
16.65929200
16.93654100
16.52908400
16.55845800
16.75825000
16.64429200
17.18929100
16.26870900
16.53145800
16.69708300
16.74000000
16.64016700
16.66045800
16.94187500
16.65441700
16.36029200
16.87591600
16.95270900
16.58562500
16.97287500
16.08295800
16.75975000
16.55312500
16.73162500
16.73012500
16.61416700
16.77466600
16.77454200
16.54279200
16.73075000
16.83791600
16.42508400
16.96666600
16.71129200
16.54062500
16.84383300
16.90325000
16.34825000
16.58004200
16.72162500
16.73550000
16.96333300
16.74200000
16.52112500
16.69195900
16.75679100
16.40529200
16.82491700
16.88433300
16.49125000
16.66920800
17.06929200
16.38187500
16.75420800
16.65820900
16.66212500
16.51429100
16.91825000
16.40454200
16.80479200
16.69400000
16.79316600
16.40241700
16.89229200
16.45333300
16.95058300
16.72800000
16.62433400
16.54550000
17.04179100
16.20133400
16.90804100
16.50025000
16.82041700
16.58895800
17.25870900
16.18050000
16.93991600
16.41195900
16.81895800
16.40766700
16.84462500
16.39154100
17.03308400
16.39312500
17.87783300
15.66787500
16.68266700
16.53966600
16.96295900
16.29929100
17.03670900
16.77904100
16.40087500
16.67033400
16.86737500
16.42000000
16.88470800
16.50320800
17.06533400
16.30762500
17.12645800
16.24925000
17.00429200
16.58108300
16.76500000
16.39758300
17.12091700
16.26966700
16.89291600
16.59029200
16.87437500
16.52800000
16.98508300
16.29475000
16.98412500
16.52070900
16.81258300
16.48641700
17.09587500
16.37333300
16.79179200
16.70225000
16.59933300
16.67029200
16.77929100
16.71204200
16.78566700
16.43075000
16.94908300
16.51241700
16.91258300
16.48600000
17.24758300
16.35700000
16.98916700
16.43762500
16.91950000
16.43258300
16.76762500
16.47920900
16.87733300
16.65829200
16.52383300
16.64466700
16.86495800
16.49387500
16.68704200
16.83270800
16.63091700
16.64658300
16.78654200
16.89212500
16.63733300
16.82166700
16.54441600
16.63379200
16.88029200
16.44179100
16.79358400
16.74983300
16.52462500
16.74608300
16.84645900
16.34816600
15.71875000
17.41808400
2084.94912500
16.51025000
18.32333300
17.71420800
24.07383400
22.73558300
23.04958300
22.98858400
22.47250000
24.33545800
30.48883300
31.29441700
30.08754200
30.08079100
30.76933400
31.96066600
30.29966700
29.02933300
28.47825000
27.96325000
27.69258400
27.48629100
28.51891700
28.04904200
28.71012500
28.29633300
28.38987500
27.92145800
27.59925000
27.22920900
27.15437500
27.93166600
27.60350000
31.56987500
32.44687500
31.61729200
32.34008300
32.10183400
32.51920800
30.61450000
31.00829200
28.69875000
29.80166600
29.66691700
28.87950000
31.65970800
30.61512500
29.96141700
28.60245800
28.72808400
30.38954100
28.60429200
28.39858300
29.52012500
28.46541700
28.36237500
29.15091700
29.98375000
28.76158300
26.55016700
31.10695800
29.14516700
28.79612500
28.91633300
32.29145800
31.58216700
28.51525000
29.57312500
28.90600000
29.20770800
28.10391700
28.27404200
26.15425000
26.08720800
25.76391700
27.23779100
27.03633400
27.10812500
26.68241600
27.24591700
28.59420800
27.14312500
26.77183400
26.76420800
27.20583300
26.87995900
27.54675000
27.64008300
26.84458300
26.85854200
26.16170800
26.57791700
27.06166700
25.92754100
26.65145900
26.16933300
26.56229200
28.06866600
26.69212500
27.59741700
26.50508300
26.60270900
26.45450000
26.70383300
26.88175000
27.31333300
27.50533400
26.99804100
26.01333400
26.37545800
25.72979200
26.48875000
26.32666600
26.28516700
25.99000000
26.89720800
27.72633400
26.36779100
26.10725000
25.77241700
25.71266700
25.27133300
25.53412500
26.40687500
26.20820800
26.20970900
26.37891600
26.92533400
26.07320800
25.74229200
26.06587500
26.19229100
26.57133400
26.55270800
26.24229200
26.35350000
26.54533300
29.17275000
29.42416700
27.41825000
28.51004100
29.33300000
26.18283400
25.59600000
25.58362500
25.86716600
25.41841700
26.08541700
26.79387500
26.60854100
25.45291700
25.44541700
24.39604100
24.90104200
23.18066700
22.60925000
23.82387500
22.33850000
23.07166600
22.91979200
23.11604200
23.19966600
22.97354200
20.91387500
20.28895800
22.28150000
26.94100000
24.34887500
24.23308400
24.72829100
24.63483400
24.87675000
24.15837500
23.72058300
26.77708300
26.22762500
27.56958400
27.46379100
25.84379200
25.41887500
25.46920800
25.02933400
25.42433300
25.60629200
25.36912500
25.78800000
25.46600000
25.02408300
26.33800000
25.49120800
26.06350000
25.93937500
24.40066700
23.07000000
25.28479200
23.46795800
25.08666700
25.09750000
25.26375000
24.30645800
26.05583300
24.40575000
25.98125000
23.93462500
25.99079200
23.56629200
26.16816600
24.35987500
25.48358400
24.97779100
25.18129200
23.89925000
25.05158300
25.20195900
25.33025000
25.47204100
25.78929200
22.83645800
25.14645900
23.32970800
25.30750000
22.85341700
24.02275000
25.67766600
23.52708400
22.81675000
24.13716600
23.17354200
22.66829200
23.19633300
24.40095800
23.66379200
22.87166700
24.71862500
26.62191600
24.95587500
25.21204200
25.49383300
25.50591700
23.88733300
26.32120900
23.85829100
24.65300000
24.89400000
23.91183400
23.90041600
23.37454200
25.55612500
22.75866700
22.62725000
23.36704100
22.81545900
23.26520800
23.82904200
23.64716600
23.18095900
25.55175000
24.04504100
24.62416700
23.19800000
23.11479200
24.14395800
22.43545800
23.52079200
24.97441700
23.35150000
21.82187500
22.28450000
21.89162500
23.01391600
24.14491700
21.60608300
24.06879200
22.80200000
24.21166700
22.20329100
22.12120900
21.72633300
22.27583300
23.75516700
24.37491700
22.71741600
22.22612500
22.27766700
21.84162500
23.62912500
22.80308300
23.09537500
23.86154200
22.38029200
24.61487500
22.79508300
22.97829200
22.43870800
21.34320800
22.95275000
21.91362500
24.34383400
24.43037500
22.29225000
21.99904100
22.64287500
21.25691700
22.16537500
22.98970800
22.84412500
21.24104200
22.30237500
21.51225000
21.87558300
22.45258400
23.22470800
21.43133300
20.67395900
22.60279100
23.09454200
21.92595800
21.38512500
21.52966700
23.27295800
22.11808400
21.26116600
22.25633400
21.33187500
22.96166600
22.47866700
22.11358300
22.44862500
22.40158400
22.49945800
22.38229200
23.27475000
21.91741600
23.44508400
23.67466600
22.92187500
22.69904200
22.59950000
23.37854200
25.11179100
24.08275000
23.37504200
24.27341700
22.72225000
22.47454100
21.03183400
20.12575000
19.99229100
19.83820900
20.15700000
19.42454100
19.99495900
19.93170800
19.93945800
20.16029200
19.44295800
17.51216700
17.60429200
17.50991600
17.81775000
17.12491700
17.49825000
17.28195800
17.54729200
17.62604200
18.11866600
17.91387500
17.80108400
17.45633300
17.47491700
17.56108300
18.52158300
17.74945900
18.19408300
18.21904200
18.95391600
19.92200000
21.00112500
19.62908400
20.38025000
20.62208300
20.23033300
20.30041700
20.26941700
19.68350000
20.31833300
20.55195800
20.78866700
22.82404200
22.28350000
21.57241600
24.27012500
23.49708400
24.36004100
23.52587500
23.79487500
22.17291700
23.41291700
22.03600000
23.89412500
23.11970800
21.95183300
23.10170900
22.35000000
23.58225000
21.60295800
22.84025000
21.04187500
22.44191700
21.27341600
22.78741700
22.57354200
22.26366600
22.37037500
21.06416700
22.50550000
22.12550000
22.43837500
20.60991700
22.26929100
20.95637500
22.04970900
20.92937500
22.11833300
21.53700000
21.62737500
22.62600000
20.42054200
20.45037500
22.14291600
22.06458400
21.33154100
20.61208400
22.73312500
23.09512500
20.33504100
22.18966700
20.81458300
22.48295900
23.25250000
22.29491600
19.85304200
21.59108300
22.70533400
21.84745800
22.79775000
21.60720800
20.46475000
22.57783400
22.49870800
20.38741700
20.45904100
21.58554200
20.32287500
22.92825000
20.92950000
21.92150000
21.06370800
20.40233400
21.83600000
20.08291600
22.23304200
20.58537500
21.95625000
26.18629200
22.98870800
27.93712500
21.32020800
22.27620900
21.45708300
21.46266700
22.83354100
23.15033400
22.13008300
22.38816700
21.70116600
21.21158400
21.01000000
21.75258300
21.33591700
19.44750000
19.69470800
19.96775000
21.77812500
22.19079200
21.22666600
20.68054200
21.41341700
20.14087500
19.52866600
19.42100000
22.27850000
21.01225000
21.00800000
19.78720900
21.29891600
20.26312500
18.78137500
21.21191700
20.76141700
18.75883300
19.94450000
20.85304200
24.19737500
24.77345800
22.30100000
21.26375000
21.23929200
21.33191600
21.69395900
21.98304100
22.32195900
22.23770800
21.14241700
21.02291600
20.49008400
20.77629100
21.33333400
19.29275000
20.97450000
20.17662500
20.24650000
19.09608300
21.99254200
19.01187500
21.63050000
19.54495800
19.21458300
20.47495900
22.12725000
20.52620800
22.36950000
25.12425000
21.84487500
22.71941700
22.39629100
22.68316700
21.75729200
21.94537500
21.59358300
21.71037500
21.57891700
20.38687500
21.73479100
21.25370900
22.49945800
22.71608300
21.49112500
21.81375000
20.78283400
19.92170800
18.24241700
19.17083300
18.80612500
21.12266700
20.71820800
19.74995800
21.01087500
20.67029200
22.74170800
21.03958400
21.31725000
20.93750000
20.06904100
18.54591700
17.43333300
17.25945900
17.36858300
18.09162500
17.39145800
18.35250000
18.03008400
18.40754100
18.15341700
17.95712500
18.44675000
17.69904200
17.33541600
15.85400000
15.76975000
15.41095900
15.35595800
15.92275000
16.01820800
15.89954200
16.16125000
15.94700000
15.87833300
16.10762500
15.77229200
15.35270800
15.91550000
16.05725000
16.00475000
16.50987500
16.28291700
18.14716700
18.13666600
18.11191700
17.91929200
19.55237500
18.29866600
18.37850000
18.81020900
17.66466600
18.96691700
17.62470800
17.63937500
17.59800000
17.88508400
17.53362500
18.48116600
17.97187500
19.86925000
20.25450000
19.94225000
20.98520900
20.23383300
20.29450000
21.04745800
20.53479200
21.11345800
20.46504200
20.70629200
20.79020800
20.18462500
20.15345800
20.73450000
20.96175000
19.94900000
20.66995900
19.90654100
20.07258400
20.35445800
20.07637500
20.25641700
21.73775000
20.75529100
19.95412500
19.98925000
20.41995900
19.83362500
18.76212500
19.45016600
20.41712500
20.75908400
20.02979100
20.68787500
19.55250000
20.19404200
20.23329200
19.95108300
20.95966700
19.90708300
19.87854200
19.40937500
19.45558300
21.14816700
27.95516600
25.43300000
26.92325000
26.44366700
32.52579200
128.56575000
47.20054100
50.19045900
24.62358300
24.12604200
24.07212500
23.51337500
24.31695800
24.72633300
27.62591700
34.43662500
33.89237500
27.61537500
23.48012500
23.78712500
23.46029200
22.98337500
24.07137500
23.55487500
22.73466600
23.21829200
22.94650000
23.43287500
23.53300000
23.20108300
23.10212500
22.90308400
22.22666600
24.00183400
22.49845800
22.73466700
22.47770800
23.42320800
22.79191700
23.66925000
21.77845800
21.11145900
20.40341600
19.40900000
20.71025000
20.48787500
20.58016700
20.61091700
20.98662500
20.68266600
19.96095900
21.91220800
19.31383300
19.59041700
19.80916700
19.25566600
20.67291700
19.88470800
19.70070900
19.88591600
21.12029200
20.47141700
20.50041600
20.49345900
20.17145800
21.24512500
20.47737500
20.26191700
20.03679100
19.66266700
20.03895800
19.31170900
20.34979100
20.58412500
20.68612500
19.60137500
20.21941700
20.21358300
19.92254200
20.22087500
19.48116700
20.27962500
20.41045800
21.88129200
20.04537500
20.86462500
20.36541600
19.77487500
19.97650000
22.73550000
22.89583400
23.14820800
24.12595800
23.77095900
23.40845800
23.31808300
23.07745900
22.32554100
22.53137500
20.07862500
21.29929200
20.21645800
20.15504200
19.51429200
21.07654100
20.65279200
21.25895800
20.81708400
22.04237500
23.47533300
20.01754200
19.48283300
21.48645800
20.65025000
19.56441700
22.12637500
20.43420800
20.53400000
20.24683400
20.52212500
20.20204100
20.02470900
21.34950000
20.52554100
19.52937500
20.71412500
20.72862500
19.69983400
19.86029100
19.56191700
20.05195800
20.48683400
19.69229100
20.20825000
20.02050000
20.07920900
20.66466600
24.30000000
23.30541700
22.56762500
21.33187500
19.45933300
19.52700000
19.55612500
19.95500000
20.00179200
19.76966700
19.53500000
20.01275000
20.02558300
19.61504200
19.83954100
19.20787500
19.35400000
19.56741700
19.28312500
18.93866700
21.02137500
19.27183300
19.83162500
20.00904200
19.40233300
19.48962500
19.60066700
19.63525000
20.09425000
20.04812500
19.04166600
20.21887500
20.19329200
18.53029200
19.05591600
20.59962500
19.95766700
18.57062500
20.30625000
18.44829200
20.41170800
18.57787500
19.72200000
18.64891700
19.62929100
18.65129200
20.52329200
18.38708300
20.27983300
20.84845900
20.42087500
20.83158300
21.42837500
19.68354200
20.86237500
20.73216600
20.93654200
19.17645800
20.61016700
20.56541700
19.23195800
21.24670800
20.69125000
20.89295900
20.33620800
19.85925000
19.55183300
22.78158400
20.32379100
20.19854200
21.39983300
20.68662500
18.82950000
20.41500000
20.57325000
20.27895900
18.90070800
20.38079200
21.73716600
20.91920900
20.58804100
19.30854200
20.20433300
20.17316700
20.03150000
20.36479200
18.86745800
20.40725000
20.93837500
20.82504200
19.66391600
20.44762500
20.49845900
20.81216600
20.34637500
20.20170900
20.03145800
19.77091700
20.16758300
20.20033300
20.01820900
19.93762500
21.13425000
19.93137500
20.89029100
18.93204200
20.69966700
18.67070800
18.98108300
19.53870900
20.68420800
20.92400000
20.19983300
18.09262500
19.38487500
19.60700000
17.52287500
20.43179200
20.21275000
19.94408300
22.22075000
20.48237500
21.63316700
19.25658300
20.30666700
20.35158300
18.47204200
20.09387500
18.27341700
20.10495800
20.44620800
20.36908400
19.26579100
18.96137500
18.68929200
19.45070800
21.72529200
19.91637500
20.93962500
19.45795800
19.74291700
19.85758300
19.15270900
19.39308300
19.49975000
19.07854200
19.41770800
20.70933300
18.91300000
19.26645900
18.78179100
18.86695900
17.44658300
17.90804200
17.50291600
15.84620900
18.33904100
18.31470900
17.06412500
16.11562500
17.79525000
17.32145800
17.36425000
17.76779200
17.69275000
17.68158300
18.11808300
16.03616700
17.22870800
15.95116700
17.76116700
16.26395800
17.14933300
17.09158400
17.27179100
18.11116700
16.26133300
17.16291700
17.78241700
16.25533300
17.72554200
16.17525000
16.36862500
17.28883300
16.11095800
17.20216700
17.42391700
15.64733300
17.05379200
16.72741600
15.12704200
16.09266700
16.41508300
15.19804200
17.09183300
16.59395800
14.87275000
16.39741700
16.27620800
15.35075000
15.46458400
17.00595800
15.17025000
17.09875000
17.25050000
16.72712500
17.25545800
15.31237500
15.64270900
17.01475000
17.03054100
23.27737500
18.81420900
20.12600000
19.28691600
18.94275000
19.86145900
18.61466600
17.09504200
19.46583300
17.88379200
19.61362500
18.37295800
17.29704200
18.59725000
18.05845800
18.60383400
21.66929100
18.65566700
18.79166700
17.11579100
21.60412500
21.63220900
20.34566600
21.21887500
19.57070900
20.16425000
20.39216600
18.86733400
19.26954100
18.69120900
19.32300000
20.46662500
20.35225000
19.39379100
22.00345900
21.00679100
20.54033400
20.16145800
20.74629200
20.16120800
18.48341700
17.63558300
17.88954200
17.64854100
17.49695900
17.39104100
17.65833400
17.01700000
17.28983300
17.61116700
17.58200000
19.06050000
16.19629100
17.55291700
17.05933300
17.50454200
15.86320800
16.18216700
16.41170800
15.68195900
15.79566600
15.26612500
15.69800000
15.89433400
16.05387500
16.22120800
15.81912500
16.20858300
18.04370900
18.98654100
19.21004200
17.82345800
17.61508400
17.74133300
19.53062500
18.46337500
17.83075000
18.09370800
18.49766700
18.09308300
18.35216700
18.52704200
18.47925000
21.30083300
20.33712500
20.07441700
20.59729100
20.05500000
20.78587500
20.14283400
21.39629100
20.81858400
20.75179100
21.01283400
19.96433300
19.96729200
20.05912500
20.27191600
20.72512500
20.79679200
21.00650000
21.36470800
20.96912500
21.60562500
21.16029200
21.10175000
21.06216700
20.84420800
20.56308300
21.39945900
21.36316600
21.53495900
21.14908300
19.38962500
20.79629200
23.91033300
24.71895800
21.75933400
33.79250000
26.40704100
23.59116700
23.60075000
30.16395800
24.85008400
22.82533300
22.09591700
23.17883300
21.67066700
21.57775000
21.38095800
20.94433300
21.38183400
21.26662500
21.12266600
21.61562500
20.90704200
21.94904200
23.96220800
26.62154200
27.10358300
24.96629200
27.45162500
27.11866600
26.52758400
28.12279100
28.05845900
29.66100000
29.96775000
31.36908300
25.73825000
28.73887500
28.54720800
28.02312500
27.04779200
28.70729200
25.99491600
27.60975000
47.64266700
30.17304200
33.70041600
35.31350000
29.01212500
25.32300000
24.95795900
23.63229100
24.79837500
24.52287500
24.09000000
23.53379200
24.24008300
23.18704200
23.98679200
22.20525000
20.59979100
20.33491700
20.08245800
20.86366700
21.19808300
20.75000000
20.82683400
20.88700000
21.69654100
20.30191700
21.18183300
20.08512500
21.10045900
20.22212500
21.09316600
20.50904200
21.13416700
20.36245800
21.29875000
21.17262500
21.30304200
21.29404100
20.95458400
20.00512500
20.47495800
20.82200000
20.57604200
20.11266600
20.92337500
20.38587500
21.19866700
21.11145800
22.35850000
20.36916700
20.15529200
20.42041600
20.64362500
21.02591700
20.52537500
20.99262500
21.05587500
19.91720800
20.48841700
21.18058300
21.42104200
21.39470800
20.91850000
20.74300000
21.30529200
20.05841700
21.06116600
20.55875000
19.77662500
20.21020900
20.34283300
20.33470800
21.17691700
21.17920800
20.30779200
21.01508300
21.08287500
20.97241700
20.93079200
20.50175000
20.65183300
21.00179200
21.24412500
21.15558300
20.59883300
21.22520900
21.09345800
20.77116700
21.79991600
20.35808400
20.41925000
20.19841600
19.79545900
19.20604100
18.92900000
20.63695900
20.38466600
22.48070900
20.28137500
19.88733300
18.59275000
18.15829200
19.17708300
19.70087500
21.84029200
24.19037500
20.92650000
20.80354100
22.42850000
21.64137500
22.71383400
23.52833300
23.27529200
20.30387500
20.15225000
19.66058300
18.09362500
18.64012500
17.44641700
18.04583300
18.63600000
18.22450000
17.88608300
17.66608400
17.50429100
17.70554200
18.15158300
20.00183400
20.57312500
21.28558300
23.78804200
23.11258300
21.25620800
20.92366700
21.36316700
21.74916600
21.21108400
23.50654100
23.24945900
20.86754100
22.89175000
21.82762500
21.58066700
22.74295800
21.17812500
22.01608400
22.31500000
21.51754100
24.97408400
22.20108300
24.65866700
21.47545800
21.17691700
19.91133300
19.75737500
19.54241700
21.11808300
22.00795800
23.20558400
21.95754100
21.60020900
22.71112500
23.33045800
21.50745800
24.79454200
21.74333300
20.72175000
21.39250000
21.98237500
23.34595900
21.61233300
21.08691700
21.23225000
25.74375000
24.81345800
25.02825000
26.04716700
25.33125000
24.36704100
24.16183400
25.60966600
24.68616700
24.94158300
42.56133400
33.04720800
30.64125000
47.88070800
60.84791700
40.33737500
40.92983300
31.66087500
31.97687500
29.65991700
29.17145800
32.90433400
28.59850000
29.12512500
29.17950000
24.72754100
26.20945900
30.25487500
26.41920800
31.55991700
27.77808300
29.07500000
24.99187500
24.70633300
27.52850000
30.05079200
32.25966700
27.62700000
29.42816600
30.59625000
31.09850000
27.03187500
22.35058400
23.67633300
22.94679200
22.54870800
25.03754200
25.54941600
23.38500000
23.56491700
23.48525000
22.70316700
26.06862500
26.53104100
28.34141700
24.37533300
26.47995900
25.69312500
25.20125000
23.90675000
24.46441600
24.08870900
25.77583300
24.30258300
25.06670900
25.45695800
25.37008300
23.89862500
25.00745900
24.11129100
24.61425000
24.48962500
24.81775000
23.41895900
24.31941600
24.12112500
23.62745900
23.00154100
24.73554200
24.20104200
21.80625000
22.49558300
20.63350000
20.77391700
20.04866600
20.66987500
20.97741700
21.56291700
22.94420800
23.80712500
21.88662500
22.32350000
20.85958300
20.41875000
19.84991700
19.71987500
20.15362500
20.15912500
21.02070800
19.47408400
21.01925000
20.63541600
20.40762500
21.61350000
20.99804200
20.91745800
21.11908400
20.97150000
23.20775000
21.43370800
20.82987500
22.30745800
20.17704200
21.47558300
21.35750000
21.25316700
20.14887500
22.77550000
22.57504200
20.63050000
21.38087500
20.36904100
21.94866700
22.73608300
21.89879200
21.34620800
20.99504200
21.94479200
20.48687500
20.17004100
22.51662500
19.64175000
20.67445900
20.44729100
19.82037500
20.32487500
23.00520900
22.16808300
20.20583300
20.77670900
21.70258300
21.81112500
21.41291700
20.65745800
22.91345800
24.64637500
22.90100000
24.81608400
23.98687500
23.59729100
21.94537500
21.32270900
21.71845800
23.33550000
20.53229200
21.65387500
19.57979100
22.54737500
21.34133400
25.47170800
22.37720800
18.53875000
20.77883400
19.41370800
18.94595800
19.89933400
19.05566600
19.47704200
19.73770800
19.94370900
19.69875000
21.02358300
21.34008300
20.52470900
21.02991600
21.44379200
21.84900000
22.72620800
22.21050000
24.24062500
24.32016700
23.40650000
22.65541700
21.86520800
21.80700000
24.23941700
25.70125000
24.18354100
23.69641700
22.63604200
26.12637500
24.50279100
25.78175000
23.77091700
24.42325000
23.06612500
23.33575000
22.50512500
22.02600000
21.28200000
19.80708300
21.96258400
24.76341600
21.04216700
22.42383300
22.13404200
21.81550000
21.32275000
24.01720800
21.65087500
22.75737500
21.93558400
21.72616600
22.30912500
21.10583400
20.97454100
19.52358400
20.45479100
20.48770900
21.04183300
19.95545800
20.72020900
20.79337500
21.00420800
21.85287500
20.91104200
19.97979100
22.04312500
20.91958400
23.08666600
21.03775000
19.98866700
21.11325000
21.05379200
20.08662500
20.08300000
20.73462500
21.12929100
20.64208400
20.07395800
22.55529200
20.36045800
20.31312500
21.50470800
23.23654200
20.79454200
20.23041600
21.20637500
20.49679200
22.70250000
21.52358300
21.72350000
19.99191700
20.99341700
20.32437500
20.86350000
21.22125000
20.41883300
20.45491700
23.23508300
20.96216700
20.71291600
21.24620900
20.53004100
20.72358400
20.08037500
20.92075000
19.80662500
20.26745800
20.00016700
22.21070800
24.45875000
23.85504200
23.87666600
23.25579200
25.53425000
24.18241700
23.67950000
23.71100000
24.20200000
23.53416600
23.84429200
20.80970800
21.15945900
19.74641600
23.39741700
22.40591700
22.96337500
20.38808300
21.93670800
20.57016700
22.56141700
20.75770800
21.17129200
20.70204100
20.15441700
20.49375000
21.23579200
19.93708300
19.89545800
20.36545900
21.13195800
20.85850000
20.91895800
19.33991700
20.59554200
21.40495800
20.51870800
21.55529200
21.40687500
19.68170800
20.09983400
20.78966600
21.48037500
19.76645900
20.54712500
19.98195800
21.65258300
20.37770900
21.42975000
21.55445800
20.99237500
21.62104200
21.08037500
20.51020800
20.02229200
21.54083300
20.66975000
20.54341700
20.12433300
21.02654200
20.43087500
22.49387500
21.69150000
20.41079100
19.60829200
20.34125000
20.42850000
19.94950000
20.22558300
19.96908400
21.38408300
21.19641700
20.05045800
20.67016700
21.05112500
21.82337500
21.11770800
21.60791700
20.56795800
20.95266700
19.54137500
21.21841600
20.21445900
20.43708300
19.44612500
20.91145800
19.81337500
20.31879200
20.10733300
19.58291700
21.11258300
19.76566700
20.29404200
20.31025000
19.97795800
19.74791700
19.52170800
19.65629200
19.83783300
21.53695800
20.99695900
20.01204100
20.70687500
19.78737500
20.43708400
19.86229100
20.26737500
19.77541700
19.88816700
19.86070800
19.76037500
20.45829200
19.86954100
19.46662500
19.78154200
19.89795800
20.92504200
20.11637500
20.04900000
20.10641700
20.26200000
20.70520800
20.42095800
20.07945900
22.09237500
24.48420800
24.22133300
23.26762500
24.11441700
21.16404200
20.80229100
20.54170900
19.70645800
19.83729200
19.90437500
19.85233300
20.48879200
25.67891600
24.86187500
22.90620900
20.35579100
20.71904200
19.42050000
20.06312500
19.91133300
19.26304200
20.34883300
20.22375000
20.23266700
20.14391700
20.03641600
20.17575000
19.39379200
19.75516700
19.66083300
19.87329200
19.97354100
20.02220900
19.59945800
19.65629200
19.12533300
18.90791700
19.21945800
19.81150000
19.42412500
19.06937500
18.67154200
18.92229100
18.28195900
18.71320800
18.13095800
19.90979200
18.82200000
19.67637500
20.25137500
18.77650000
18.41604200
19.64404100
18.49837500
19.51100000
20.01404200
18.80495800
18.82904200
20.99883300
20.21733400
19.64545800
18.09904200
18.07195800
19.38383300
19.04091700
19.16200000
18.95195800
18.53450000
20.37745900
20.36137500
21.27537500
19.93970800
19.85383300
20.33266700
19.83462500
20.59933300
19.58179200
18.61645800
20.87825000
20.52325000
20.53495900
21.71533300
19.46929200
20.62470800
21.76170800
18.26883400
20.49833300
21.42641700
19.67504100
19.84579200
20.72479200
19.67654100
19.01508400
19.95008300
21.15154200
19.48466600
18.84133400
19.50525000
20.03320800
17.48220800
21.28895900
19.73133300
18.24233300
19.69991700
19.27700000
19.72654200
19.70408300
17.90854200
22.08120800
23.55329200
20.80508300
20.38833300
19.77704200
19.81754200
19.97116600
20.53333400
20.25758300
22.58245800
21.29379200
20.14004200
19.95495800
20.18904200
20.71970800
21.39462500
20.80883300
20.59358400
19.59108300
19.70095800
19.91708400
19.38608300
20.13333300
19.77350000
20.73350000
19.68458400
21.25145800
20.13970800
20.72216700
21.58033300
20.28362500
20.12141700
20.62050000
19.52766700
20.13291600
20.65391700
20.59945800
20.21350000
21.26150000
20.81141700
20.51579200
20.59579100
20.48533400
20.60475000
20.27783300
20.01733300
20.98162500
19.91175000
21.01612500
19.64750000
20.41108400
19.16558300
20.26358300
18.83137500
19.92166700
19.14754200
20.11633300
19.33395800
20.62741700
20.33620800
17.96950000
18.66300000
18.59245900
18.00695800
18.68441700
20.83937500
19.95537500
18.34795800
20.00537500
19.65608300
20.40254200
20.22550000
20.26987500
20.17029200
19.87758300
20.09883300
20.04604200
20.21787500
20.83875000
19.97316700
20.36070800
19.69166700
20.40366600
20.44729200
20.87504200
20.76108300
21.05862500
20.58716700
20.41320800
20.05870800
21.36987500
21.85562500
21.15808400
20.66066600
21.51116700
21.14220800
19.68175000
20.84429200
19.66470800
20.62712500
19.79900000
19.29458400
19.09241600
20.10158400
18.03529100
20.24766700
19.55133300
19.57337500
19.01587500
19.55341700
19.89750000
18.94470800
20.96216700
21.04079200
19.45445800
21.51633300
22.71312500
20.95179200
21.47229200
20.01220800
18.65404200
19.56970800
19.00145800
19.89541700
19.84529200
18.54812500
18.51179100
20.54583400
20.13216600
20.41400000
21.22933400
20.74020800
21.37804200
20.65279100
20.81300000
20.07741700
19.97716700
19.52970800
18.31766700
18.34345800
17.80537500
16.68883300
18.91479200
17.20962500
17.18404200
17.52550000
17.27200000
17.71358300
17.63150000
17.39445800
17.10745900
16.96854100
16.77108400
16.54895800
16.81962500
16.68316700
17.78912500
17.34900000
17.46266600
16.95608400
17.15708300
17.72037500
17.96179200
17.45916600
17.58379200
17.43150000
17.58537500
17.36537500
19.04320800
17.77462500
17.74704200
17.33304200
17.24662500
19.99858300
19.76520800
19.93150000
19.96079200
20.32212500
20.27354200
19.85741600
20.02191700
19.39562500
20.20445800
19.18575000
20.16295900
20.37120800
19.71554200
20.36070800
20.35262500
19.38258300
19.60295900
19.42304100
19.93420900
19.58720800
19.81875000
19.56791700
20.13187500
19.88437500
20.26675000
19.74729100
20.80541700
20.05670800
20.07050000
20.51445900
19.84962500
20.11945800
20.53450000
19.89325000
20.26283300
21.58941700
22.83400000
19.60920800
20.77525000
20.16508400
20.74525000
19.96041600
20.03770900
19.63533300
20.65337500
21.14975000
20.35266700
20.18091600
20.12425000
20.61820900
19.85279100
20.84808400
20.18108300
20.21862500
21.09591700
20.54325000
19.74133300
19.34333300
19.31229200
19.70975000
20.41170800
19.80354200
19.18445800
18.94475000
20.36175000
19.02241700
19.39783300
19.80091700
19.50608300
21.13816700
19.99483300
19.46904200
19.80854200
21.55358300
19.90866700
21.75433300
20.75175000
19.98883300
21.54029200
21.31891700
20.44354100
20.50470900
21.01700000
19.77491600
21.62533400
19.89208300
20.28837500
21.12433300
20.04641700
20.07579200
19.48212500
19.98275000
19.73729100
20.45120900
20.07187500
20.04654100
20.58691700
20.04795800
20.38079200
20.16916700
19.80404100
20.31358400
19.96295800
20.20958300
20.14695900
20.54091600
19.98683400
18.90270800
19.47120800
19.09845900
19.38250000
19.39779100
19.54941700
19.43354200
20.30445800
19.66937500
19.91420800
19.97233400
19.64841600
20.10012500
19.82083400
19.91675000
19.87579100
19.48595900
22.97091600
19.98258400
21.92979100
19.69270900
20.29070800
20.23866700
19.81429100
19.99058400
19.88729100
19.75458400
20.40770800
20.55958300
20.36641700
19.96745800
22.51908400
21.53720800
20.13116700
20.06020800
19.68937500
21.10800000
20.39650000
21.46112500
19.17787500
19.34720800
19.13495900
20.65025000
21.79575000
19.67516600
21.18200000
21.25320900
20.57795800
20.02925000
19.88537500
19.88366700
19.57079100
19.19491700
20.57370800
20.54070900
22.27033300
20.32500000
19.52820800
22.02125000
20.75020900
21.20420800
19.54625000
19.47587500
21.05187500
20.17887500
19.74120800
21.35995900
21.25704100
21.92720900
20.11970800
20.63166700
19.49620800
20.40729200
20.73650000
20.53862500
24.43700000
25.49512500
22.83308300
24.64429200
22.66341600
23.70579200
22.18929200
23.14904100
21.92600000
21.67770900
20.57012500
19.15454100
21.30316700
19.64650000
20.16566700
19.70745800
19.67829200
18.74208300
20.30241700
19.36441600
19.82500000
19.03666700
19.42658300
21.15312500
19.08708400
19.27620800
20.26783300
20.33241700
20.30845800
19.89433400
19.21566600
19.71550000
19.58645900
21.02791600
19.90050000
20.78945900
19.60900000
19.60037500
19.66970800
19.39450000
19.39275000
19.62520800
20.71845900
19.30304100
20.30404200
19.45504200
19.22866600
20.24654200
20.04966700
20.22050000
20.09187500
20.44841600
20.48204200
20.77804200
20.10050000
19.82787500
20.21508300
19.97429200
19.48579100
23.40687500
21.56850000
20.32670900
20.98133300
19.98975000
20.56587500
20.76204200
21.29054100
20.28641700
20.70483300
20.41700000
21.07858400
20.35133300
20.11516700
20.56712500
20.94858300
20.59662500
21.13308300
20.68016700
19.21020800
21.37200000
20.17941700
19.95308300
21.59987500
21.42266700
19.83550000
20.31262500
21.03766700
21.09504100
19.96595900
20.78150000
19.72816600
19.64025000
20.89387500
19.66704200
21.07683300
20.28450000
21.34225000
19.65241700
21.08329200
19.50645800
20.87179200
19.43820800
20.25479200
20.60520800
20.13133300
20.67695900
20.79695800
22.13250000
21.70804200
21.31854100
19.63954200
20.12795800
19.81050000
21.11875000
20.09625000
19.79845900
20.46116600
20.30008400
19.72941600
19.43695900
19.53579100
19.72020900
19.94091600
19.62570900
20.50404100
23.23366700
20.37545800
21.58495900
20.78304100
21.24579200
21.10337500
21.25591700
19.90525000
21.68379100
21.04720900
22.77995800
21.15437500
21.18495800
21.34962500
20.99483400
20.68470800
20.93633300
19.89712500
21.10995900
19.97645800
20.98529200
19.87520800
21.83070800
21.24679200
21.25050000
22.44879200
20.42275000
20.95870800
21.46470800
22.14541700
20.73762500
20.81537500
21.18966700
20.92662500
20.12004100
20.31525000
20.05254200
19.93858300
20.89450000
20.29550000
20.59462500
20.17304200
21.49279200
20.69554100
20.42904200
20.80979200
19.06683300
19.43337500
19.41033300
20.05945900
19.11800000
20.36500000
18.96262500
19.39058300
19.32395800
19.02662500
19.24795900
20.09341600
18.03995900
18.93250000
18.84683300
19.16975000
18.64533300
18.80712500
16.85062500
18.16066700
16.98620800
17.40691700
17.21358300
17.43912500
17.91358400
17.64429100
17.19579200
18.99679200
17.07887500
16.71529100
17.91679200
17.34216700
17.85258300
17.79200000
18.02400000
18.28587500
17.71345800
19.95891700
17.70037500
17.08054200
16.19491600
16.15733400
16.71329100
17.01366700
15.63820800
15.68087500
15.17275000
17.24070900
16.82408300
17.69504200
16.21054100
15.95566700
17.85675000
18.78991700
18.40895800
17.67479200
17.96850000
18.19262500
18.62000000
16.70508300
16.04162500
16.59375000
16.67279200
16.31112500
17.70262500
17.12437500
17.13804100
16.38066700
15.98633300
16.27350000
15.32758400
14.71616600
14.63787500
14.49183400
14.73425000
14.58341600
14.53266700
18.59995800
16.11716700
18.16704200
16.61908300
16.44254200
16.70012500
17.72012500
15.90770800
16.20120800
14.88362500
14.57425000
15.72508400
15.90945800
16.79087500
16.62800000
18.86654200
12.20908300
15.18425000
14.31908300
15.24687500
16.11391700
16.35312500
15.74095800
17.68770900
17.86537500
17.84187500
18.69612500
17.47033300
17.82833300
17.82612500
18.36875000
18.23845900
18.46179100
17.43441700
17.95412500
17.82179200
17.91870800
18.62683300
20.26804200
20.38066700
19.83075000
21.17995800
19.97541700
20.33962500
19.71129100
19.97504200
20.04425000
20.18670800
20.72054200
19.94458300
20.91929200
20.30229200
20.59191600
20.01775000
21.88933400
20.23762500
19.57737500
20.28787500
20.12245800
19.68970800
20.73587500
19.86975000
19.61529200
21.44804200
20.79354100
20.63112500
20.52700000
21.34475000
20.40604200
19.96087500
20.24933300
19.27387500
21.59308400
20.91254100
20.00383400
21.52941600
20.29516700
19.42479200
19.03970800
19.90887500
19.50487500
19.96441700
20.58579100
19.63137500
19.94320900
19.95350000
20.24508300
20.42250000
19.74379200
20.49166600
19.75083400
19.80183300
20.04291700
20.06854100
22.06120900
20.26633300
20.82312500
20.32391700
21.45591600
20.72037500
20.95691700
20.56091700
19.20420800
21.07979200
20.85891600
21.05591700
17.60191700
18.15375000
20.57445800
20.72400000
18.54395800
17.15020900
17.09745800
22.16404200
17.94920800
18.99175000
18.30866700
17.90162500
18.35541600
17.08833400
17.21845800
16.80362500
16.94983300
19.20404200
16.98108300
17.80120900
17.61808300
17.79733300
17.29675000
17.22700000
17.96020900
16.63687500
17.07670800
17.37433300
16.70325000
16.59687500
17.91358400
16.34575000
17.21066600
16.92616700
16.71054200
16.87175000
18.25941600
17.45358400
17.46054100
17.71545900
17.35541600
17.74950000
17.14604200
17.09983300
16.61095900
16.81441600
17.14291700
16.67662500
17.95350000
17.56425000
16.87408300
16.89916700
16.77991700
16.77175000
17.12508300
18.31250000
17.42979200
16.82579100
17.29850000
17.18541700
17.46741700
16.01037500
16.41987500
15.35904100
17.95666700
17.43654200
17.37354100
17.69729200
18.65154200
17.73325000
17.87733300
17.74620800
17.36395900
19.18358300
17.78483300
18.10112500
18.23904200
19.44262500
16.28933300
16.16320900
17.54808300
16.15237500
17.73304200
17.28091600
17.36079200
16.32741700
17.21295800
17.47058300
16.15883400
17.50900000
16.41625000
15.66529100
17.76066700
17.30987500
15.99500000
16.61266700
17.79929100
18.30916700
15.96791700
19.01554100
18.05737500
18.28845900
16.69362500
17.76841600
16.82495900
18.95062500
17.73183300
16.00366700
17.40912500
16.01812500
15.75933300
16.53358300
17.36695900
15.98087500
16.77204100
17.12562500
16.17958400
16.50866600
17.01062500
16.02454200
16.21262500
17.57216700
17.71829100
15.82137500
17.08608400
16.29995800
17.62008300
17.37241700
15.98137500
17.83008300
17.07841700
17.18762500
18.39662500
16.44016700
17.65179100
16.45216700
17.48079200
17.17670800
18.28487500
17.77783300
17.05916700
17.55966700
16.71833300
16.68287500
14.89120800
15.66062500
15.08333400
14.44879100
14.25666700
14.98558300
14.65945900
14.74400000
14.87687500
14.74870800
14.51333300
14.82479200
14.78116700
14.65304100
14.58183400
14.22850000
16.53245800
14.28708300
14.41079200
15.07279200
15.33404100
14.06616700
13.89733300
14.66279200
14.72241700
14.35937500
14.79779100
16.86662500
14.27450000
14.26195900
14.15391600
14.40341700
14.98775000
15.79795800
16.70458400
18.43300000
17.82700000
18.41691600
18.03270900
17.66083300
17.29737500
18.32837500
17.65200000
17.41362500
17.77083300
19.41912500
19.08570900
20.76700000
20.58341600
19.50841700
20.31800000
21.29670800
20.72158400
21.12850000
21.17620800
20.32604200
20.57491600
19.99258400
20.75975000
21.17325000
21.13804100
20.91487500
21.96658400
21.37404100
21.06654200
21.49479200
21.22950000
21.29433300
20.58120800
20.85420900
20.72391600
20.96175000
20.56412500
21.36316700
20.85070800
21.02266700
21.78816700
23.28866600
20.73958400
22.33437500
21.47541600
20.06254200
21.80225000
21.03683300
21.04879200
20.07908300
20.50329200
19.73916700
21.65854100
20.99708400
20.43120800
20.89529200
21.14770800
20.80395800
21.08070900
21.52195800
21.76862500
20.11116700
22.74225000
21.03325000
20.90254100
22.25925000
21.21750000
21.40541700
20.81995800
20.47204200
20.58845800
22.11429200
19.86479200
20.47354100
21.11566700
21.35670800
19.72670900
20.48941600
20.19241700
20.90500000
20.94770800
20.99900000
19.91400000
21.25812500
20.79779200
21.22570800
19.71816700
23.87320800
21.36554200
20.19791700
20.82050000
20.79141600
20.08104200
17.71066700
20.76400000
20.57975000
21.44362500
18.14008300
18.14654200
20.45479100
20.21470900
17.44195800
18.51116700
18.19729100
21.50704200
19.16883300
17.79625000
18.80579200
18.81616700
18.95562500
18.73441600
19.54679200
18.40104200
18.91800000
18.43712500
19.49962500
18.14362500
18.12075000
17.48450000
18.86550000
17.61020800
17.73445800
18.13837500
17.61462500
18.27383400
18.44333300
17.67687500
18.37604200
18.12916600
17.99095900
18.12416600
18.35616700
17.83304200
17.41537500
17.69600000
16.38375000
16.71991600
18.18741700
16.67391700
16.88870800
16.64612500
17.06170800
16.85979200
16.78483300
17.38095900
16.24825000
16.25337500
17.33875000
16.29304100
17.56629200
18.32666700
16.73841600
16.45366700
17.80075000
16.16283300
17.80108400
16.13850000
17.90091600
18.72091700
16.40933300
17.97545900
15.98950000
16.91120800
18.41404200
17.12870800
16.97354200
18.15975000
17.82625000
16.74050000
20.22229100
17.51579200
18.92579200
16.64854100
17.51325000
16.53316700
17.56037500
16.82812500
17.83787500
17.22670800
17.67275000
19.38066700
17.95841700
18.41754100
16.95175000
17.67375000
18.14166700
17.55133300
16.01587500
17.38787500
16.90925000
15.99220900
16.80858300
16.99400000
16.33170800
18.38895900
16.83379100
17.32754200
18.36262500
18.24537500
17.49208300
17.86308400
18.61070800
17.54404200
18.42316600
17.91650000
17.77008400
18.90575000
18.62429100
18.12200000
18.03704200
17.77895800
16.99825000
16.12275000
15.60533400
15.78195800
16.21537500
15.86887500
15.72812500
15.91116700
17.19429100
16.27958400
16.17675000
15.70250000
15.59437500
14.73237500
15.84404100
14.95170900
14.45283300
14.17208300
14.82829200
14.50400000
14.32908300
14.36979200
14.12787500
14.60925000
13.84291700
14.83575000
13.60470800
13.65816700
13.70033300
13.87575000
13.31700000
13.47662500
14.19266700
13.98854100
14.13100000
15.15983400
13.73462500
15.44479100
17.58291700
15.12262500
15.49441700
20.06850000
16.82445800
17.65754200
17.97304100
17.21983400
17.46595800
17.23762500
16.89250000
16.63062500
17.08850000
17.29583300
17.07191700
18.72937500
19.35250000
19.31183300
19.55941700
21.57120800
18.93300000
19.70716700
19.40175000
19.80545800
19.53379200
21.36658300
19.70391700
21.32641700
21.35162500
20.62087500
21.64370800
20.69400000
21.81583300
21.36775000
21.52229200
21.64245800
22.30841700
21.99500000
21.87512500
21.36183300
22.72066700
21.18562500
21.81204200
20.77612500
21.10591600
21.20658400
21.00091600
20.82595900
21.35070800
21.54487500
20.84645800
21.23716700
20.95000000
21.96175000
21.17966700
20.57904100
21.26058400
21.14933300
21.20687500
21.81433300
21.15595900
20.52025000
20.66825000
21.33687500
20.79616600
20.41900000
19.78333400
21.07016600
20.84675000
20.32862500
22.55766700
20.71475000
21.00283300
21.60312500
20.90291700
20.42704200
21.75816600
20.60500000
20.81516700
21.18508300
20.79620900
20.96591600
20.19695900
21.58508300
20.73266700
20.93829100
20.57408400
20.23245800
22.11516700
22.22545800
23.40650000
21.98016700
22.68758300
22.38379200
23.79012500
21.29658300
20.79945800
21.98670900
20.38008300
22.08841700
20.38145800
21.22166700
20.72870800
20.37804200
20.47879100
20.86979200
21.09841700
20.80841600
22.60125000
21.12654200
21.32466700
21.08412500
20.59962500
20.69854100
20.15820900
20.49275000
17.31320800
20.09616700
21.01954100
20.23316700
17.73275000
17.97183300
21.97195900
19.57891600
18.75079200
18.10804200
17.86129100
21.44758400
18.04529100
17.85645900
17.55316600
18.12762500
19.33995900
18.29729100
18.28437500
17.55591700
18.28283300
17.48929200
18.99241700
18.41708300
18.19554200
19.83779100
18.12020900
19.51320800
18.52587500
18.00475000
17.69291700
18.75491600
18.82908400
18.49529100
18.59808400
17.93795800
18.23737500
17.99225000
17.95125000
17.97091700
17.77833300
18.51200000
15.71650000
19.14100000
17.20645800
19.24654200
17.42316700
18.20295800
17.24137500
17.13583300
17.04987500
18.60854200
16.69470800
17.27262500
17.40154200
16.14808300
17.91283400
17.52037500
17.02575000
17.39287500
16.14929100
16.40287500
17.95304200
17.30879200
18.26162500
17.05408300
17.73062500
18.75237500
16.97250000
16.28687500
18.80291700
16.48204100
18.75683400
18.74533300
18.77358300
18.42170900
17.07625000
16.54441600
15.93691700
18.22537500
16.34029200
17.32008300
17.84450000
17.26820800
18.32179200
18.08570800
18.11862500
19.73491700
18.15341700
17.68187500
17.49437500
17.91858300
17.64700000
15.93683300
15.26045900
15.20787500
16.40062500
15.80020800
15.39520800
16.90029200
15.75650000
15.02337500
16.63233300
15.72362500
15.52216700
16.17783300
15.59254200
13.87941700
14.41862500
13.88941600
13.97525000
13.58766700
13.44887500
13.87187500
13.47575000
14.52266700
13.44266600
14.21345900
13.70875000
14.62704100
14.00054200
14.12879200
13.98554100
14.72766700
14.18916700
14.42604100
15.09141700
15.44354200
14.53804100
15.95316700
16.39416700
16.44108300
16.28979200
16.18170800
17.60579200
16.88670800
15.78058300
15.95504200
15.84216700
15.88033300
16.18104200
15.60816600
19.98525000
17.13337500
17.06583400
18.33387500
21.25354100
19.30962500
20.19516700
19.80108300
19.23037500
20.37420900
20.71866600
19.18333400
21.05245800
19.69312500
19.77491700
20.28362500
19.57654100
19.51345900
20.28291600
21.70945900
21.55475000
21.49583300
21.44900000
21.71879200
20.39095800
21.74550000
21.84462500
21.28262500
21.40154200
21.47529100
21.51787500
22.70437500
21.61125000
21.55612500
21.44062500
21.88591700
21.28637500
22.17712500
21.10550000
20.60566700
20.39254100
20.37250000
21.94095900
21.26812500
21.13887500
22.75254100
21.15950000
21.16816700
21.84554200
20.50204100
20.84195900
21.24916600
21.09041700
21.82666700
22.13900000
21.48266600
21.33516700
21.24616700
20.32066600
20.41091700
20.87054200
20.76516600
19.51458400
21.95308300
21.50045800
20.97012500
20.28950000
21.53445900
20.43066600
20.86391700
19.80270800
19.97941700
19.92650000
21.88445800
20.00537500
20.92245900
20.87641600
20.89454200
20.27087500
20.98883300
20.77900000
22.31120900
21.32816600
21.69412500
21.09862500
21.94933400
22.24312500
20.66870800
21.37287500
21.07358300
22.21370900
21.03641600
21.09308400
20.89787500
20.55283300
21.14045800
20.86308400
20.12883300
21.28066700
21.20041600
21.43004200
21.82000000
22.48866700
21.78212500
21.71187500
22.07333300
20.16054200
20.67395800
21.82995800
20.23404200
20.41095800
21.09300000
19.80595900
20.12279100
19.70487500
20.87425000
20.27183400
22.27854100
20.36304200
21.46012500
20.45762500
19.90679200
20.34820800
20.69366700
21.70091600
21.20733400
21.42204100
18.51012500
20.38979200
21.17579200
21.97795800
18.57133300
18.44779200
21.29654200
22.14662500
19.66170800
18.23195800
17.84983400
22.90329100
129.73954200
39.08737500
18.13429200
18.18220800
19.07900000
17.43470800
17.75533400
17.55279100
17.52895900
18.18666600
17.72420900
17.92500000
17.89075000
17.60633300
17.12929200
19.22179100
18.70654200
17.55979200
16.98450000
18.10100000
16.67020800
19.57041700
19.11750000
17.90391600
18.81337500
18.67954200
18.61033300
18.11591700
17.45237500
18.07704200
17.58570800
18.69800000
17.93758300
18.18125000
17.68091700
18.65141700
19.00654100
20.48404200
18.63700000
18.87954200
18.15429100
18.33945900
19.36262500
18.74791600
18.53950000
18.67370900
18.07712500
18.00420800
18.36766700
17.81158300
17.90504200
18.41675000
17.61450000
18.03908300
19.81908300
18.76933400
18.09512500
18.91541600
18.06012500
18.11566700
17.98783300
17.58137500
17.42604200
17.29600000
16.01758300
16.93529200
16.82891700
16.12508300
16.47979200
15.94129100
16.29870900
15.95287500
16.07195800
16.10100000
16.10054200
16.08850000
16.17004100
16.74320900
16.62483300
16.87683300
16.84241700
16.47433300
15.75708400
15.98950000
15.87583300
15.56962500
16.54062500
16.97833300
16.40670900
16.45041600
16.44516700
16.35562500
16.66975000
17.52983300
18.26962500
19.52116700
18.55695800
19.18562500
19.27504200
20.33404200
19.01283300
19.23133300
18.69133400
19.18920800
21.46141700
17.09875000
19.42870800
18.81200000
17.30012500
19.72312500
18.34233300
19.41516700
18.63350000
19.70154200
18.74945800
19.33912500
18.91429200
19.34000000
19.14625000
19.14908300
19.05095800
18.54712500
18.65229200
21.87670800
22.78895900
20.52425000
21.21150000
20.64162500
21.66137500
20.41570800
21.01870800
20.73087500
20.83954200
19.50766700
20.23879100
20.49587500
19.57691700
20.91991700
21.38058300
21.14037500
21.62045800
20.68637500
20.78437500
20.61004200
21.33550000
20.78829200
20.79675000
21.93241600
23.04666700
21.15145800
20.84204200
22.33854200
19.76733300
22.58487500
21.74804200
21.53604100
22.46383400
23.43616600
22.34554200
20.34241700
20.34879100
20.66695900
20.78370800
21.84845800
20.85858400
21.60725000
20.61562500
21.63812500
21.83895800
21.51354200
21.78966600
22.04216700
21.05258300
20.50683400
20.54370800
20.14862500
20.16612500
20.76258300
20.87195900
20.47262500
20.81520800
20.95341700
21.21108300
21.18175000
21.99845800
20.72612500
21.68341700
21.09050000
20.95841700
21.08262500
21.19887500
20.69045800
20.66837500
20.10408300
20.31700000
21.35791700
20.54795800
20.38404200
20.06162500
20.61279200
20.80412500
23.50258300
21.12858300
21.45158400
20.58929100
20.74791700
21.48475000
21.49537500
21.08362500
19.37625000
19.74129200
21.27758300
21.11362500
19.56708300
21.17925000
20.03650000
18.98158400
19.90591600
18.99937500
20.32570900
19.19983300
20.49666700
21.15750000
20.00104100
19.89437500
20.62145900
18.88029100
23.84487500
18.65254200
20.38395800
21.03825000
20.61045900
20.82070800
21.36512500
21.31870800
21.96929200
20.89062500
21.22112500
21.21125000
19.80375000
21.48808300
18.28245900
18.83891600
19.50416700
18.46966700
17.27291600
18.06120900
18.46154100
20.57958400
18.03066600
19.04000000
21.79166700
15.71183300
18.69737500
16.90445900
16.96750000
16.57845800
16.95041700
15.09329100
17.62020900
17.63208300
17.83645800
17.86300000
17.22650000
15.89529200
17.54466700
18.16141600
17.41083400
16.56725000
16.73300000
17.96770800
16.23091700
17.73229100
16.37512500
15.94566700
18.20337500
17.91708300
18.01600000
16.64008400
19.22608300
18.32225000
17.33062500
17.01208300
17.60712500
16.72041700
14.94350000
15.82370800
15.32079200
15.20875000
15.14320800
14.80229200
14.65737500
16.01141700
14.81525000
14.72520800
14.85337500
15.05770800
14.81529200
14.72437500
15.82095800
14.79258400
15.63004100
15.56725000
15.53654200
15.14670800
13.81829200
13.83741700
14.08837500
13.71354100
14.53708400
14.12241600
13.82450000
13.86908400
13.61929100
15.53854200
13.84154200
15.15987500
14.29087500
14.32550000
15.27970800
16.17145800
15.80191700
16.33358300
15.89866700
16.38075000
15.95804200
15.37016600
16.07633400
15.64950000
16.41679100
17.66083400
15.90183300
15.89566700
16.22291600
17.45350000
16.29987500
17.46458400
17.87250000
18.60720800
18.85062500
18.54816700
18.66829100
20.59283400
17.76454100
16.52937500
17.80408400
17.88054100
17.73350000
18.03379200
18.00816700
18.27454100
18.24812500
18.41945900
18.08054100
18.11079200
18.72533300
17.42625000
17.13158400
15.55325000
17.34233300
18.47137500
19.02320800
18.11804200
18.54745800
18.68879200
18.34908300
18.23958400
16.24645800
17.82462500
18.05758300
18.24775000
17.49920900
18.31079100
17.25670900
20.70991600
19.95129200
18.25020800
19.34587500
18.96637500
18.89204200
19.87154200
19.84879100
19.08341700
19.30575000
19.32108300
17.76779200
19.14104200
18.47962500
21.04450000
19.02550000
19.32479100
20.62387500
20.74604200
20.76195800
20.66300000
20.43383400
20.73733300
20.86745800
21.13433400
20.74179100
21.41195900
18.82358300
20.44595800
20.07137500
21.29200000
21.18750000
20.46695900
20.42995800
20.08066700
20.42833300
21.53041700
20.30616600
20.93787500
20.99462500
20.67512500
27.55133400
25.27270800
22.67883300
23.04233400
22.24912500
22.15929100
23.02095900
22.57825000
21.01616600
25.22420900
23.04704100
23.07800000
21.63562500
21.77750000
22.10716700
21.68520800
20.10204200
20.40333300
20.10608400
20.63333300
20.51120800
20.48687500
21.32383400
19.91258300
20.56529200
20.29095800
21.03216700
19.80720800
20.59254200
20.85333300
20.86662500
20.27741700
21.06283300
20.28104200
22.68587500
21.88391600
20.62658400
19.97170800
20.39766700
19.73179100
22.89462500
19.88608400
21.36883300
21.19079200
21.89566600
21.58591700
21.57658300
20.93412500
21.02041700
20.71295800
19.77854200
21.77304200
20.36879100
20.66908400
20.95516600
20.37737500
20.96000000
20.73512500
22.35845900
20.31158300
20.87254200
20.51679100
20.98041700
21.84400000
21.58112500
21.49275000
21.07958300
21.11608400
21.07250000
21.66887500
21.69525000
21.48754100
23.04516700
21.43316700
20.91479100
20.80054200
20.51558300
21.44791700
21.74333300
21.45854200
21.24925000
21.07125000
21.64754200
21.68604100
23.09279200
21.50954200
21.89750000
21.52687500
20.28429100
20.20037500
21.09716700
21.08933300
18.02958400
22.24212500
21.54354100
21.03691700
19.24445800
18.77170900
21.37737500
21.39937500
18.82312500
19.85141600
19.47104200
22.29329200
17.78633300
17.52345800
17.26887500
17.82654200
16.93633300
17.17504200
17.83408300
17.96587500
17.05987500
17.14008400
17.21875000
16.90604100
16.93495900
15.84283300
14.96204200
15.14666600
15.38412500
15.63254200
15.33458300
14.91708400
15.28804100
15.15991700
15.20945800
14.88458400
15.15112500
15.31495800
14.38183300
14.04045900
13.51179100
14.08629200
14.39095800
13.49058400
13.61054100
14.04933400
13.86375000
13.57883300
14.20695800
15.36520900
16.63379100
16.03625000
16.03845900
15.95700000
15.91804100
15.22766700
16.52458300
15.26395900
16.42604100
15.44337500
15.76879200
16.08066700
17.27258300
15.73766700
15.84108300
16.04108300
16.24537500
16.41250000
15.93520900
16.90137500
16.17866600
18.05912500
18.00950000
18.71595900
18.38887500
16.55600000
17.79908300
17.48233300
17.53629200
17.93875000
18.12320800
18.06575000
18.30483400
17.93466600
17.79325000
18.82970900
18.74725000
17.68458300
17.19891700
18.44670800
17.67579200
17.31491600
18.19733400
17.86183300
17.67462500
18.81304200
18.41954100
18.05058400
16.75150000
18.15095800
17.66558300
16.42537500
17.45895900
16.22158300
17.53483300
18.44829200
17.99200000
17.86637500
18.75783300
17.80891700
18.20804200
17.75141600
15.95445900
20.13308300
18.14100000
18.92395800
18.68741700
18.75016700
18.53058300
18.60500000
19.36462500
18.29783300
18.51979200
16.27633300
17.02754200
19.92700000
17.18570800
17.92437500
16.98383400
18.48583300
18.11529200
18.35612500
16.58841600
17.51854200
18.42891700
18.56291600
15.81845900
18.35062500
18.46104100
17.42958400
17.43937500
16.49908300
14.71325000
18.32870800
18.64491700
15.51566700
17.54195800
17.68708300
16.46541700
18.45300000
18.14412500
16.72120800
16.80075000
18.08341700
15.12133300
21.88920900
18.89316600
17.42116700
20.24020800
18.35529200
18.93187500
19.89108300
19.26320900
19.00304100
20.59387500
17.65587500
19.30200000
19.26470900
19.59866600
19.38375000
19.59504200
18.38841700
18.57466600
21.31612500
20.86950000
20.38408400
18.98575000
21.53454100
19.98991700
22.72895800
22.08987500
20.65720900
21.00783300
21.69133300
20.62979200
19.63641700
22.08954100
21.64445900
21.25404100
21.30333400
20.46704100
21.74908400
20.84820800
20.42037500
21.58004200
21.54620800
20.58737500
21.80308300
21.25979200
21.25629200
20.40100000
20.71845800
20.26633300
20.79379200
20.60266700
20.16137500
21.02525000
20.14500000
20.14141600
20.35358400
21.31183300
20.17958300
21.52116700
20.47837500
20.82012500
21.77270800
20.00108400
21.98970800
22.96241700
20.54716600
20.23800000
21.80879200
20.81050000
19.90458300
21.74495900
20.42545800
19.71804200
21.35654100
20.58029200
19.57304200
21.36975000
20.34729100
20.54604200
20.55766700
21.09791600
19.50770900
22.79854100
20.79595900
24.45929100
23.48795900
28.30933300
21.32162500
21.55104200
19.97787500
20.65191600
19.90741700
19.94700000
20.58233300
20.63637500
21.09420900
19.95808300
20.74504200
20.56416600
20.07350000
19.92533400
19.64854100
20.09258400
21.01645800
20.38129200
20.79387500
22.65933300
20.30166700
22.16800000
20.86145800
20.91045800
20.50904200
19.73558300
21.50162500
20.45854200
19.80320800
17.92237500
20.55525000
19.45470900
20.61675000
18.18120800
19.54037500
20.47820800
19.81354200
18.58875000
17.55675000
17.69091700
20.81058300
18.26137500
17.99591700
18.05925000
18.18612500
19.42108300
18.92770800
17.74662500
17.52737500
16.34087500
16.22095900
17.14612500
16.64679100
16.64054200
15.51104200
14.62262500
16.30450000
14.94970800
15.58295800
15.00070900
16.75245800
15.24975000
16.98908300
15.21454200
15.27125000
15.47350000
16.49054200
15.24475000
13.77787500
13.55650000
13.47250000
13.28491600
13.43508400
13.08895800
13.91050000
13.73825000
13.44854200
13.42225000
13.25400000
13.38687500
15.04408300
13.36050000
14.26566700
14.49145800
14.63637500
15.29537500
14.31766700
15.74408300
17.87558300
16.55858400
15.75891600
15.73491700
15.82812500
15.59687500
15.33945800
16.07387500
17.01316700
16.67266700
16.11850000
16.23758300
15.62170800
15.64708400
15.38941600
16.89675000
17.18700000
16.92558400
17.16695800
17.13720800
16.94800000
17.95591700
18.60354200
17.37437500
18.46900000
18.00345800
17.81300000
16.44954200
18.29070800
18.27533300
18.92641700
17.82462500
17.94508300
17.80391700
17.90712500
17.82575000
17.98204200
17.62204100
17.47691700
18.08166700
17.81066600
17.55554200
17.44425000
18.35745800
17.83712500
17.34229200
17.19441700
17.29866600
17.76437500
17.51229200
17.74229200
17.62600000
17.35620800
18.32908300
17.69291700
17.69570800
18.53250000
17.43354200
16.74845800
17.37508400
18.55287500
17.83258300
17.68162500
17.87554200
17.12383300
17.39491700
17.20920800
17.05554200
17.43279100
17.33208400
17.17658300
17.32808300
16.82245900
17.55962500
17.47758300
16.46725000
17.04058300
17.80641700
17.59687500
17.82470800
16.98062500
15.57883400
22.03054100
19.09991700
19.21120800
19.08783400
19.46154100
19.02483400
18.79675000
17.81200000
20.49950000
18.84366600
18.88958400
19.19041600
16.48537500
19.08079200
18.95062500
18.25800000
18.56729200
18.44116600
16.93533400
18.48766600
20.44695900
19.90495800
20.97283300
20.79108400
20.54175000
20.32125000
21.13133300
20.83566700
20.64445800
19.29129200
20.39750000
22.85920800
20.49225000
20.01116700
21.16154100
19.89445900
21.21316600
21.58775000
20.99737500
21.74245900
21.06304100
21.01354200
21.10620800
20.46862500
21.71045900
20.65004100
22.12841700
21.74920800
20.90066700
20.77350000
20.16458300
20.70050000
20.66570900
21.22212500
20.21187500
20.35029100
20.76412500
21.00695900
19.85129100
20.23470900
21.11025000
20.45475000
20.20429100
21.23962500
20.40079200
19.60920800
19.68458400
20.07237500
19.71329100
20.24775000
19.55225000
20.25354200
20.12954200
20.79341600
19.18704200
21.67379200
21.61062500
22.28804100
21.88458400
20.47545800
19.18933300
22.68966700
20.47445800
19.93379200
20.10583300
22.27320900
20.97116600
21.29212500
20.26720900
20.01579100
20.10162500
21.22987500
20.90566700
20.44516700
20.52100000
20.00325000
21.33441600
20.37200000
20.88179200
19.66416700
19.73679100
20.07758400
19.65983300
19.33162500
20.53562500
20.29308300
19.57225000
20.78508400
19.42033300
20.05091700
21.19241600
21.69037500
20.56550000
20.46900000
20.83191700
19.81145800
20.32095900
19.91241600
19.45891700
21.35991700
19.44170800
19.23837500
21.19862500
20.85087500
20.94616700
22.03812500
20.80533300
31.23445800
25.79133400
22.97100000
36.51945800
31.80395800
27.78629200
25.58258300
23.65620900
21.40250000
19.14604100
19.40008400
19.83933300
20.31145800
17.75666700
17.70354200
19.76308300
21.30962500
17.15116700
16.77083300
19.42620800
17.70666700
17.81237500
17.75754200
18.53770800
18.12425000
19.35741700
17.63091600
18.65158400
17.98433300
18.12954200
17.18329100
17.44595900
17.11258300
16.98154200
16.73441600
16.38487500
16.11187500
16.29879200
17.44470800
17.59225000
16.84225000
17.18754200
16.85525000
16.99945800
16.83379200
16.39525000
16.83216700
17.37995800
16.75150000
17.12895800
16.67425000
16.78783400
16.56554100
17.68862500
16.38333400
14.94316600
14.80629200
15.06291700
14.82204100
15.46291700
15.72416700
15.32100000
17.26266600
17.75541700
17.03033300
19.74579200
16.55179200
18.54658300
19.52937500
20.59525000
18.50287500
18.37812500
18.26545800
17.80450000
17.84762500
17.00883400
17.23579100
17.25933400
18.98366600
17.54683400
17.45566600
17.33283400
17.40170800
17.81150000
20.16183300
18.19375000
19.79979200
18.36504200
18.13295800
17.57920800
18.04320900
18.80683300
18.81000000
17.97004200
18.06191600
17.95112500
17.09591700
16.36283300
18.58195900
16.96200000
17.66187500
18.49600000
18.56691600
18.15854200
20.05479200
18.57695800
18.13500000
19.00362500
17.46375000
17.88658300
18.03350000
17.86200000
17.87137500
16.71233400
16.68770800
18.56191700
18.29008300
18.32745800
16.78412500
18.06133400
16.36754100
17.07250000
17.83583400
16.12691600
17.77758400
17.69666600
17.78887500
16.76970900
17.06558300
17.35741700
17.57812500
17.30687500
15.93312500
16.90162500
15.83429100
16.51100000
17.30183400
16.70579100
15.75100000
16.18270900
17.04866600
16.74470900
16.11975000
17.43629100
15.65400000
15.96679200
17.39220800
16.92829200
15.81145800
15.53083400
17.96925000
18.08966600
17.08675000
16.58983400
18.46029100
18.20783400
16.98891600
17.99633400
19.56754100
18.31633400
15.91445800
16.42683300
19.43083400
19.15012500
17.06629100
18.67433400
17.09129100
19.28054200
19.23029200
19.58741600
19.33779200
19.22687500
20.50800000
20.32658300
18.67266700
19.47100000
17.57420800
18.04920900
19.83337500
17.08329100
17.58645900
19.72720800
19.12375000
19.26975000
21.13887500
19.05820800
21.87404200
21.58412500
19.19066700
19.86620800
21.14008300
20.73420900
21.11929100
20.69787500
21.46170900
20.35200000
19.21216600
21.26595900
21.32312500
19.32479100
20.48341700
20.82075000
19.23304200
21.46516600
20.93175000
21.72200000
24.60137500
21.85550000
21.65541700
21.79691700
20.95904100
20.52245900
19.66133300
21.10470800
20.17562500
21.56850000
21.01679200
21.29995800
20.83300000
21.07320900
19.82891600
21.82358400
21.76316600
20.67195900
21.19020800
21.47179200
20.88354100
20.94437500
21.24420900
21.48362500
21.65883300
19.69533300
20.50858400
20.11483300
20.51104200
19.90866600
21.24208400
19.80050000
20.43737500
19.73700000
20.48762500
19.23850000
20.57462500
19.59512500
19.97162500
20.92537500
21.04433300
20.94858300
20.80475000
20.69066700
20.03045800
20.38591700
19.94600000
19.52975000
19.53937500
19.35945800
19.40375000
20.39237500
18.98395900
17.59775000
18.14537500
17.64220800
17.66333300
17.65162500
18.58758400
17.60383300
20.77712500
17.76550000
17.63770800
17.98225000
17.68066700
17.76233300
15.46700000
18.57687500
16.50908400
17.55562500
13.68033300
14.38008300
16.18400000
15.75141700
13.95816700
13.76754100
12.99058400
16.87729100
14.68637500
14.05087500
14.33420900
14.96975000
15.31708300
15.54391700
15.79195800
15.72820800
15.07629200
16.34604200
15.44891600
16.00825000
15.87925000
15.25133400
15.51875000
15.30333300
15.01162500
15.94904200
16.37087500
15.43041600
16.35212500
15.46016700
15.75229200
16.04970800
17.58041700
18.01891600
17.95654200
18.26620800
16.69570900
17.30045800
17.55604200
16.93058300
16.93783300
17.66762500
17.17037500
17.46091700
15.81108300
17.10579200
17.42687500
16.31545800
17.50441700
17.73583300
17.63391700
18.01570800
17.56225000
18.99950000
18.13195900
18.89925000
18.03475000
17.85154100
19.83854200
18.06408300
18.95995900
17.94062500
17.88795800
19.21237500
17.66416700
19.18766600
18.39195900
18.45058300
17.68933300
16.46275000
17.56262500
18.45116700
18.43641700
17.26504100
17.78229200
18.05808300
17.88091700
16.61620800
18.54679200
18.98850000
17.64225000
19.52325000
18.11808300
18.32512500
17.54500000
17.59504200
16.51245800
19.81804200
18.06408300
18.52600000
17.92316700
17.66579200
17.11670800
15.92320800
17.15375000
16.67558400
17.66133300
17.47712500
16.52954200
18.57958300
16.00487500
17.69541700
18.04854100
17.23141700
18.76266700
18.54041600
17.87466700
17.47316700
18.06187500
19.84666600
16.68029200
18.41983300
18.44354200
19.46700000
17.98366700
19.05683300
17.61554200
17.18183300
17.81362500
18.66620800
16.58158400
18.12825000
17.76354100
19.05012500
17.79170900
17.92516600
16.38579200
15.50241700
17.65925000
17.93200000
15.90441600
17.91304200
16.00275000
17.64012500
17.77483300
16.00220900
17.55058300
17.72841700
18.12150000
17.65533300
16.41241700
15.14979100
19.22383400
18.11037500
17.59458300
17.05345800
17.77391700
17.79412500
16.47883300
17.66125000
16.44441700
17.35575000
16.34904200
15.20095800
16.90479200
16.44145800
17.50737500
17.20408300
17.38800000
21.29516700
18.61775000
19.06466700
19.13908300
18.93254200
19.18595800
18.81462500
18.94095800
17.92625000
19.20050000
17.62458400
21.11808300
19.04641700
20.05704100
19.30554200
19.94362500
19.50175000
18.21904200
20.12966600
21.23050000
20.50712500
20.56012500
19.39629200
21.70779200
20.34112500
21.87691600
21.04287500
22.49337500
23.19229200
21.54620800
21.05458400
20.94058300
21.78737500
21.36795800
20.97145900
21.54579100
20.20970900
20.24066600
20.11483400
20.06445800
20.43341700
19.87829100
18.95358400
20.38704100
20.44745900
20.79837500
19.46204100
20.36141700
19.09775000
20.16212500
20.50754200
21.30266600
21.03429200
20.69641700
22.64954100
20.87679200
20.64041700
20.17087500
20.05487500
20.80454100
21.35333400
21.79862500
20.87891600
22.29437500
20.24320900
20.40383300
20.47691700
21.43141600
20.74862500
19.32233400
20.37379100
20.96545900
20.55375000
19.11387500
21.31920800
20.78045800
19.95541700
20.72762500
22.10204200
19.79354100
19.45066700
19.13675000
20.18200000
22.33187500
21.09016700
20.23883300
20.57112500
21.08679200
20.73433300
18.82720800
20.99408400
20.50670800
19.35520800
21.60520900
20.27870800
20.90483300
20.16308400
20.02558300
21.16820800
19.83725000
17.40033400
17.04750000
17.36112500
18.04233300
19.52312500
17.49158300
17.65908400
17.36483300
17.39504200
17.58795800
17.54095800
17.87275000
15.47445900
17.76983300
18.38029200
17.58270800
14.99600000
13.64250000
15.25879200
16.39079100
13.60737500
13.74066700
13.40062500
16.25112500
13.80816700
14.27445800
13.58600000
13.46241700
13.70687500
14.04791600
14.35020900
14.20004100
16.05829200
15.98691700
15.86050000
15.91241600
15.62591700
15.97016700
15.83241600
15.28125000
15.37783400
15.54562500
15.00962500
15.76266600
16.60383400
16.08112500
16.17450000
16.04045800
15.45275000
16.04012500
16.06241700
16.21845800
18.18175000
18.03945800
17.41304200
17.21791700
17.47545800
15.87475000
16.19770800
17.36029200
17.08283300
17.76500000
18.77454200
18.27291700
18.76291600
18.24483400
17.97345800
18.05495800
17.40645900
17.26087500
16.41612500
17.50358300
18.30191700
17.59125000
16.58320800
17.79875000
19.25825000
18.40595800
16.99554200
18.32875000
18.93341700
18.43104100
18.75291700
19.41370800
18.88154200
16.93029200
17.90629100
17.99770900
17.57670800
17.38287500
16.04529200
16.71466600
18.79358400
17.10250000
16.83358300
17.68208300
17.54012500
18.07925000
17.66925000
16.83520900
17.88637500
17.54537500
18.90725000
18.53637500
18.21970800
19.01508300
19.06058400
17.81841600
18.51737500
17.93675000
17.34241700
16.44400000
17.47287500
17.32095800
19.72691700
16.61075000
17.77662500
18.45275000
16.55045800
17.82083400
16.78150000
18.21829100
19.39695900
17.82337500
18.36958300
18.58533300
16.05883400
19.42058300
18.81562500
18.28762500
19.50300000
19.61212500
17.93595800
16.86545900
17.60412500
18.25900000
17.92379100
19.12316700
15.77229200
16.78150000
17.89475000
18.07583300
17.74595800
16.24079200
17.97829200
16.65529100
17.75075000
17.92604200
16.11154200
18.11125000
16.22120800
18.52075000
18.17654200
17.19400000
16.90762500
17.38833300
17.00154200
16.86020800
17.09650000
17.30879200
15.65012500
17.28595800
17.44420800
17.11241700
17.56050000
17.48000000
16.20795800
16.94683400
17.22966600
15.89929200
17.55354200
16.11900000
16.43975000
15.49283300
22.09616700
19.15975000
19.70166600
18.01420900
18.83775000
18.43595800
17.43125000
18.82600000
18.84316700
18.79358300
20.23233300
19.12029200
18.98187500
19.89391700
18.57245800
19.21566700
18.70704100
16.88754200
19.00500000
20.10862500
19.11541700
20.16562500
20.53875000
18.94383300
21.63541700
20.59708300
21.41837500
21.02129200
22.30437500
23.04583300
21.26562500
20.28866700
20.19533300
20.43333300
20.43279200
20.60458300
19.97141700
20.21429200
21.05462500
20.45333300
20.98741700
20.28025000
20.98795800
20.89854200
20.38441600
21.06466700
19.97754200
18.46508300
20.30487500
18.77337500
20.18070800
19.19429200
20.05820800
20.69175000
21.27883400
20.78645800
20.60783300
20.79462500
20.31741700
20.55175000
21.62125000
21.43675000
20.42525000
21.33400000
20.09816700
21.16125000
20.07733300
20.85066700
18.83245800
19.93687500
20.29183300
20.57433400
20.06462500
18.79108300
20.36950000
20.56854200
20.56866600
19.25920900
20.02616600
21.80054200
20.33029200
20.65391600
20.18404200
19.43558300
20.69008400
22.02504100
20.91087500
20.95775000
19.90208400
20.27929100
19.20454200
20.01987500
21.25166700
19.27716600
20.84175000
18.85741700
20.48704200
20.28779100
19.90075000
18.95258400
32.06391600
23.67445900
21.03083300
19.99862500
20.57404200
20.24595800
20.52150000
20.59195800
20.20795900
18.54241600
17.22483400
17.15391600
17.31354200
17.94604200
15.00750000
17.67400000
17.69637500
16.70804100
14.99516700
15.31704200
17.26945800
16.63700000
14.71962500
14.35883300
12.91591700
16.42691700
13.56229100
13.67995900
14.48112500
14.17475000
13.54062500
13.45100000
14.17420800
14.03766700
14.69495800
14.94750000
13.72912500
14.72304200
14.66316600
16.32362500
15.27929200
15.31783300
15.37383400
15.09108300
16.96454200
15.92979100
16.26854200
15.87462500
15.30295800
15.11166700
15.88716700
14.90520800
15.82975000
15.20158300
15.61991700
14.86129200
15.94208300
17.86450000
17.50462500
17.15054200
18.09120800
16.75529200
17.99195800
18.60979200
17.55900000
16.99983300
17.37662500
17.36987500
16.60416700
18.75587500
17.98112500
17.46475000
17.77483300
17.85254200
17.05375000
17.30562500
17.37029100
15.86754200
17.66750000
16.93575000
16.39033300
16.88054200
17.31308300
17.03679200
17.84725000
17.12787500
17.33300000
16.40316700
17.89391600
17.25716700
16.05375000
17.06112500
18.50737500
17.47520800
16.07662500
17.17745900
17.36554100
15.82166700
17.34870800
17.74125000
18.26283400
16.93354100
17.82708400
18.36829100
17.77654200
18.70229200
18.87433300
17.94533300
16.79245900
18.17295800
17.56412500
17.91412500
18.05883300
17.80354200
18.92208300
18.26133400
16.99620800
18.63650000
18.73720800
17.01570900
18.75529100
17.03479200
17.91191700
18.40800000
17.97366600
18.87145900
18.34575000
18.97100000
18.46204100
18.99100000
18.98391700
17.85837500
16.32333300
18.09420900
18.01866600
18.20083400
17.43229100
17.03550000
18.25016700
18.00050000
18.47429200
17.96620800
18.19308300
16.21391700
18.46029200
17.72841600
16.55966700
16.17250000
17.25554200
17.94775000
17.91325000
18.42820800
15.83904200
18.65416600
17.71516700
17.36725000
17.44816700
17.18716600
17.77275000
17.72550000
17.17475000
16.87129200
16.37470800
18.56254200
16.83200000
16.59229200
17.65320800
16.66091700
17.87166600
17.67533400
15.21662500
17.33979100
16.67825000
14.96545900
20.14066600
17.44391700
18.39433300
19.97470900
19.52783300
18.04045800
19.75016700
18.36958300
17.95995900
19.09025000
19.86637500
17.25345800
19.42020800
18.11812500
17.25012500
19.32308400
20.07691600
17.78083400
18.42216600
18.97562500
19.01695900
21.08587500
19.93941600
19.99870900
20.96620800
20.03833300
19.47366700
20.33154200
20.86387500
20.94395800
19.62445800
21.37558400
22.45158300
21.22516700
21.61529100
20.77620900
20.89800000
21.62316600
20.70091700
21.21545800
18.78254200
19.86062500
19.87670800
18.45362500
20.09579200
18.82687500
18.55737500
20.01487500
20.50279200
18.88445800
20.56604200
20.75529100
20.74729200
19.55525000
21.48783300
19.65929200
20.73750000
20.32645800
22.27812500
21.89700000
22.27833400
19.67995800
22.09529200
20.94616600
20.68450000
20.75783400
21.48991600
20.13429200
18.79483300
24.31129200
22.81662500
23.83558300
21.81766700
21.83112500
20.22820800
21.03233400
21.36004100
19.97283400
20.29579100
20.69995900
19.53700000
21.69095800
20.62937500
20.23091700
19.50816600
19.41566700
17.97170800
18.06100000
17.34808400
18.16395800
17.34829200
17.21737500
17.72954100
18.13233400
16.90525000
17.07875000
17.06195800
17.78129200
18.41833300
17.66541700
16.76904100
16.18683400
15.62412500
16.50025000
16.13041600
17.09004200
15.75620800
15.82983400
15.26350000
15.11041600
14.95912500
16.87891700
16.88108300
19.53054200
19.31129200
18.11191600
18.12391700
18.70037500
18.50512500
17.91941700
19.97475000
15.17187500
18.65062500
17.99083300
17.74650000
15.63712500
15.88958300
19.54929200
20.53845800
18.06125000
17.36204200
17.30912500
19.10116700
18.32058300
17.32216700
17.62033300
17.97129200
17.35995800
15.85212500
16.95008300
17.27087500
17.86608400
18.27595800
17.74579200
17.83800000
18.08179100
18.32812500
16.29604200
17.96900000
17.66275000
17.65029200
17.07754100
17.98616700
17.60729200
17.70295800
16.23500000
16.90545800
17.18375000
17.30445900
17.49508300
17.63195800
16.40875000
19.15283400
17.71745800
18.25300000
16.52241700
18.82250000
18.05304100
19.56620900
18.54733300
17.73004200
17.64945800
17.58162500
17.31933300
18.14891700
17.42387500
17.77341700
16.52004100
17.84675000
17.84987500
15.73241700
17.08466700
16.56333300
17.16970800
18.38383400
17.88666600
17.88829200
16.26337500
18.27520800
18.08466700
16.62154200
16.37487500
17.12600000
18.56262500
16.19666600
17.69325000
17.46225000
16.19695900
18.86675000
18.01975000
17.90662500
18.77887500
16.96533300
18.13683300
18.15775000
18.18779200
18.12929200
16.63525000
17.63979100
15.98587500
19.09187500
17.86941700
17.81858300
16.68141700
18.31325000
18.37637500
19.03891700
17.34966600
18.05637500
19.05375000
16.97170900
18.45129100
17.70266700
19.58712500
16.16687500
16.96529200
19.03925000
18.05020800
18.35658300
17.90650000
17.83262500
16.58279200
18.27104200
17.42691600
15.86237500
16.50841700
18.03312500
16.99208300
15.57200000
17.10470900
16.01912500
16.45850000
17.34008300
16.06904200
16.21279100
17.40629200
17.47004200
17.52737500
15.63562500
15.54287500
17.07616600
17.00570900
15.39483300
16.06162500
16.14437500
14.95137500
15.60504200
17.90758300
15.83362500
17.59562500
17.91200000
15.63733300
20.20850000
18.28991700
18.46325000
19.47583300
17.60758400
19.12883300
19.12595800
18.99808400
18.80125000
17.48845800
17.32600000
18.89675000
17.48029200
18.27787500
18.77116600
19.31691700
18.06912500
17.90170800
18.39383400
18.98208300
20.33416700
21.23762500
21.49262500
21.08254100
20.72570900
20.53300000
21.60645800
20.47933300
19.46991700
20.10441700
21.01445800
20.09345800
20.16275000
19.99937500
21.26775000
18.78454200
19.09329200
19.25891600
21.08120900
19.27191600
20.13183400
18.13145800
18.67095800
18.80216700
20.86291700
20.77362500
20.21558300
20.11095800
20.74879200
20.15200000
20.43091700
20.92241600
20.66533400
20.10620800
20.71691700
20.84987500
21.13487500
20.08283300
20.05162500
19.82766700
22.48462500
21.24066600
20.24483400
21.69416600
21.14650000
20.50141700
20.03341700
19.58533300
19.96920800
19.18300000
18.50983400
18.04620800
18.06941700
17.83600000
17.82412500
18.03283300
17.93279200
17.78783300
18.51820800
18.43170900
18.33125000
18.13683300
17.83295800
17.89312500
17.14854200
15.73416700
15.75450000
15.46354100
15.42979200
15.47537500
15.79891700
15.45962500
15.35141600
15.39425000
15.85545900
16.34866600
16.09420900
16.37820800
17.51400000
18.23883300
18.35183400
18.69225000
18.11075000
17.94891600
18.45437500
18.13587500
18.37045900
18.38612500
18.36679100
18.06237500
18.06541700
18.27362500
17.93275000
19.14704200
20.06220800
20.48416700
20.75841600
20.64691700
21.77379200
21.52450000
21.03120800
20.64275000
20.94308300
20.10929200
21.35279200
21.77087500
21.19795800
21.06987500
21.07675000
21.18850000
20.87604200
20.55525000
20.40787500
20.92212500
21.09412500
22.12591600
20.99579200
19.41391700
20.75662500
21.19212500
21.05375000
20.24137500
21.94675000
21.45416600
20.67100000
21.20225000
21.74425000
18.97654200
22.24650000
20.89462500
19.91875000
21.14095800
20.43712500
18.62591700
20.48225000
20.54529200
19.59000000
20.69008300
20.70495800
20.51258400
20.90945800
20.08295800
19.14587500
19.97729200
21.46562500
21.05383300
21.07175000
21.73725000
20.69475000
18.56766700
20.24183300
20.36583400
20.63204100
23.28304200
21.01083300
21.03562500
21.26637500
21.23991700
19.95383300
20.76795900
21.14045800
19.05512500
20.94475000
21.31037500
20.57454200
20.55083300
18.21320800
20.19600000
20.55437500
18.43962500
20.10479200
18.94216700
20.81745800
20.92541700
19.91550000
21.02366600
19.85675000
20.47270900
20.60983300
21.10541700
19.29566600
21.30066700
20.84300000
19.70791700
21.23416600
19.96550000
19.21895900
19.12875000
21.73516600
20.40875000
18.65629200
20.34250000
19.04891700
19.37716600
20.21079200
20.12370800
20.10766700
20.78700000
20.56512500
20.52825000
19.60541700
18.14633300
19.71141700
20.36337500
21.88525000
19.38237500
20.42837500
19.62812500
20.32741600
18.29562500
19.13283400
20.21854100
19.43245900
19.05816600
19.76204200
20.00770800
20.82666700
18.80270800
19.11850000
18.21279200
21.70370800
19.83308400
19.45291600
20.12750000
18.76087500
19.98437500
18.83054200
20.42904200
18.65025000
19.44850000
19.08470800
20.28483300
19.06458400
20.95041600
20.03483400
18.62395800
19.80745800
18.86829200
20.67450000
19.72333300
19.65062500
21.92462500
21.42929200
21.21387500
21.46891700
21.46808300
18.45166700
19.53620800
20.79845800
20.95670900
20.15620800
19.24066700
20.31595800
21.80704200
21.18833300
19.52175000
20.42833300
19.43354200
19.36441700
18.66937500
19.72245800
18.82866700
20.57325000
19.53508300
20.61900000
18.65491700
20.98712500
18.96900000
20.41412500
19.17545800
19.12808300
21.55975000
20.69141700
21.26058300
20.27454200
19.70766700
20.13470800
20.05008300
19.05950000
17.18854200
17.73312500
17.33500000
17.23012500
16.86833300
17.53108400
17.67495800
17.72645800
16.69845900
17.34375000
17.69912500
17.96758300
17.71104200
17.49450000
16.91291600
15.77250000
15.33279200
16.20587500
14.72483300
15.77412500
15.03804200
15.58404200
16.60091600
15.83983400
15.41754100
16.61995900
15.52545800
15.68600000
16.90416700
17.85166600
17.92204200
17.98683300
17.56462500
19.45191700
18.28491700
18.44512500
18.08745800
18.65591700
18.07108300
18.91108300
18.16100000
17.85879200
16.84150000
17.90600000
19.88429200
19.83904100
21.16004200
20.29216700
20.06329100
21.34329200
20.68595800
19.47608400
20.79729100
21.08570900
20.50750000
20.10770800
21.84825000
21.65775000
20.24904200
19.93970800
20.24341700
20.56750000
20.59791600
20.16987500
20.16141700
20.94820800
20.27187500
20.17645900
20.89404100
19.46200000
20.36358400
19.72062500
20.01100000
20.68170800
20.47725000
20.51783300
20.33154200
20.22587500
19.50937500
21.29495800
20.45675000
21.04670900
21.33525000
19.75533300
19.66595800
20.00550000
21.47829200
19.79016700
20.35837500
20.50304100
20.60370900
19.75983300
22.41400000
20.48070800
20.30045900
20.46533300
19.52141700
19.89075000
20.38645800
20.65433300
20.35958400
19.66970800
20.36262500
18.80104200
19.93520800
19.66870800
18.65645900
19.45541600
19.95016700
20.28775000
18.55012500
19.95508300
19.89787500
19.98645900
19.94045800
20.92850000
19.26429200
20.34412500
19.27783300
20.68458300
19.35483400
21.40741600
22.31825000
21.07416700
20.48275000
21.57750000
19.11604200
19.97070800
21.23979200
21.28325000
20.85679100
20.86920900
20.01400000
20.82641600
21.40075000
20.99233400
19.36545800
21.06195800
18.86954200
19.10037500
18.25808300
19.88695900
19.68033300
18.42516700
20.53825000
18.46041600
18.74716700
20.08700000
19.32675000
18.60262500
19.27320800
26.89341700
24.98562500
23.38820800
23.95808400
20.99412500
21.71150000
24.55866600
21.16937500
21.19587500
22.35200000
21.60387500
21.15054200
21.08154200
21.32483300
21.03191700
25.88820800
22.44495800
23.44987500
20.53545900
20.19187500
20.24012500
19.79787500
21.20204100
20.20604200
20.21804200
21.46287500
20.26075000
20.18991600
21.00454200
19.58454200
18.67337500
20.86441600
19.88479200
19.86958300
19.82037500
20.35216700
18.64366700
21.38879100
19.33379200
20.16987500
20.69908300
19.68779200
20.89079200
19.92733300
20.11850000
20.55908300
20.02175000
20.24104200
19.50337500
19.62400000
19.66854200
20.79150000
20.37500000
20.80158300
21.08362500
20.15520800
20.16800000
19.79275000
20.45166700
19.87654200
19.82183300
20.62850000
19.73000000
19.95787500
19.61045800
19.40950000
20.19283400
20.64475000
19.88900000
20.10525000
19.97395800
19.69158300
22.50804200
20.10962500
19.59675000
20.03804200
20.67370800
19.73216700
19.93025000
19.30383300
19.19395800
22.14383400
20.28433300
19.10670800
16.78500000
19.17070900
17.61908300
17.08058300
18.96937500
17.60316700
17.60445800
17.63250000
16.88133400
16.79695800
17.67729200
18.41641600
18.70600000
16.06320900
15.90145800
16.49545800
16.76762500
15.55570900
15.86675000
16.57600000
17.78037500
18.78941600
19.17220900
18.49591600
19.27695900
19.01316600
18.08345900
18.86804100
18.96108400
18.79195800
19.30141700
18.12054100
17.82220900
18.11816600
18.88379200
20.21662500
20.65441700
19.89900000
20.55754100
21.95087500
21.38716700
20.91962500
21.15533300
21.31279200
22.24504200
21.18950000
20.96062500
21.43925000
21.79945800
20.77570800
19.39379200
21.80087500
21.11058300
22.64200000
26.53804200
24.67729200
23.63358300
23.25133300
21.96162500
21.31366700
20.23075000
20.11237500
20.53154200
20.12241600
19.75812500
21.59429200
20.98241700
19.91095800
21.18925000
20.18087500
20.12079200
20.80162500
21.11958300
20.62375000
20.80637500
21.23137500
19.31341700
20.69045800
20.11866700
20.07120800
19.55825000
21.05208300
20.11300000
21.63141700
20.47008300
20.99362500
22.62787500
20.36658400
21.80620800
21.02975000
21.73104200
21.14670800
21.29391700
21.29708300
21.27595800
20.92004200
22.59562500
20.86987500
20.03470800
20.19095900
20.02808300
20.63370800
21.18904200
20.17137500
21.39741700
20.52458300
20.74441700
20.45966600
20.86945900
21.93866600
21.37870900
20.37808300
20.76283300
20.36258400
21.12941600
20.86550000
21.03470900
20.30191600
21.62283400
21.32500000
22.09950000
20.31500000
20.27541600
20.98045900
21.22008300
20.56491700
20.69616600
21.27904200
20.13866700
20.15291600
21.19633400
20.74395800
20.27095800
20.64175000
21.21775000
20.62991700
20.98020800
20.39375000
21.36700000
21.01183400
21.92425000
20.65779100
22.57954200
25.63541700
22.86941600
20.88004200
22.35416700
21.38370800
21.17054200
21.22612500
21.11645800
21.05533300
21.07466700
20.43191700
20.84412500
20.11445800
21.61970800
21.78779200
20.03958300
20.81212500
20.30520900
21.28666600
20.19233400
20.27608300
20.31687500
20.42133300
19.52770900
19.86762500
19.83095800
19.64154200
19.45545800
20.66125000
19.08445800
20.45875000
19.67950000
19.58212500
21.19979200
19.42270800
20.74895900
20.94462500
21.77987500
20.72075000
20.80383300
19.83770800
20.80750000
19.75987500
20.99212500
20.42095900
20.52075000
20.95233300
20.38754200
20.45991600
20.12662500
19.62191700
20.37470800
20.22304200
20.07108300
20.29329200
20.16270800
19.64362500
20.49158400
19.97712500
20.84012500
21.59270800
19.60908300
21.50558400
20.00300000
19.74120800
20.02462500
20.57504200
19.73341600
19.78729200
21.90545800
20.14545900
19.72491600
19.85833400
20.18658300
19.38600000
19.87787500
19.63475000
19.40979200
19.26300000
20.05445800
19.01129200
19.76912500
19.24625000
19.56675000
19.25879100
18.19666700
16.90416700
17.35470800
18.10966700
18.01279100
17.53879200
17.03104200
18.12358300
17.37975000
17.28258300
17.30995900
17.61345800
17.03770800
17.35445900
17.04770800
17.50704200
17.90516600
18.07912500
17.98312500
17.55045900
17.59429100
18.15108400
18.64004100
17.74025000
16.78779200
17.73720800
17.39841700
17.41833300
17.37475000
17.21366700
18.40095800
18.06183400
17.60712500
19.38112500
20.65912500
20.45612500
20.04529100
19.81975000
20.74016700
19.75229200
20.14295800
20.50904200
18.93383300
21.18458300
21.55945900
20.85695800
20.71987500
21.35466700
20.68908300
18.81854200
20.18025000
20.80216600
20.04825000
19.04645900
21.05425000
20.89279100
19.21000000
17.99400000
21.59095900
19.97083300
19.68858300
20.01029200
19.94125000
20.39983300
20.03516700
20.71737500
20.11000000
20.78304200
20.31800000
19.78683300
19.97662500
19.71716700
21.06233300
21.44925000
21.18712500
20.98762500
20.94650000
20.75220800
20.56400000
20.04987500
19.45520900
20.38108300
20.01395800
20.21245900
19.78125000
20.00579100
20.39741700
20.09795800
20.09537500
20.51966700
20.17208300
20.28025000
20.08170900
19.42695800
19.57233300
19.33766700
19.20633300
20.14237500
19.40004200
19.60983300
20.58262500
19.86504200
19.83162500
20.97687500
21.49300000
20.22950000
21.30745800
26.13633400
31.01120800
23.54991700
25.12495800
25.27300000
23.27612500
28.69766700
26.34791600
23.52291700
25.10204200
23.47529100
26.67887500
26.43833400
26.58491600
25.80858400
30.60275000
28.16483300
27.72758300
27.24579200
24.24412500
22.49945800
23.80937500
29.15087500
29.81916700
28.04729200
24.03541600
23.02904200
22.68937500
22.74679200
22.24291600
23.05520900
23.06504100
23.26633400
23.73962500
21.48979100
24.76866700
25.81145800
25.61670900
26.63112500
27.49758300
25.95358300
25.91279200
27.27300000
25.06420800
29.38937500
30.04845900
28.25016600
29.44075000
28.24308400
24.76958300
27.52370800
25.27045900
22.78358300
23.28250000
25.01045800
22.51583400
22.30983300
22.43595800
22.37662500
23.01450000
22.75125000
22.14933400
23.49479100
24.82112500
24.35920900
24.56754100
25.65537500
23.89995900
24.95966600
24.70654200
24.60304200
24.04445800
25.07229200
23.55312500
20.19254100
21.16429200
21.20850000
21.15187500
21.66362500
20.38670800
20.72208400
21.56187500
21.30887500
20.29995800
19.67804200
20.17041600
20.53004200
20.96616700
20.21441600
21.79779200
20.35704200
21.98437500
22.59716600
21.30908400
21.91858300
23.24004200
20.74758300
22.50683300
21.72312500
20.45654200
22.99345800
21.45941700
22.37650000
22.00920800
21.68587500
20.42104200
19.89716700
19.79441600
19.79216700
22.01795800
21.37658400
20.61429100
20.38045900
21.24983300
20.37837500
20.35200000
20.81870800
21.78337500
21.40654200
23.58350000
20.41104200
21.95820800
22.10212500
20.02045800
20.91145900
21.29933300
21.69879200
23.96216600
23.37779200
22.83220800
22.88937500
20.07987500
21.08462500
20.97204200
19.30545800
20.90550000
20.79266700
20.01395800
20.55691700
20.22662500
19.35391700
21.42208300
20.38225000
20.20225000
20.20383300
20.52933400
20.19479100
20.60816700
19.64783300
19.75550000
21.11629200
20.78737500
19.74570800
21.18229200
19.91808300
21.25979200
20.69687500
21.06883300
20.51241700
21.69137500
20.76858300
20.38991700
19.97762500
20.21825000
20.41916700
20.67191600
20.03070900
21.96400000
19.77854100
20.83620900
20.81483300
20.94925000
20.59379200
21.85912500
20.50412500
21.98454100
22.01779200
20.93350000
21.41358300
20.50116700
21.29829200
21.22658300
22.44350000
21.16637500
20.61175000
20.84941700
20.47175000
19.38750000
19.78850000
20.19887500
19.14462500
21.01816600
20.17712500
20.31429200
19.62287500
20.41900000
20.30229200
21.26512500
20.50541600
21.61920900
20.14575000
20.31150000
20.15716600
20.33145900
20.33270800
20.50391700
20.02366600
20.58212500
20.65383400
21.00520800
21.34925000
20.08100000
19.75079200
20.00137500
20.40250000
20.55266600
20.86391700
20.88229200
20.14408300
21.87487500
19.66729200
21.67220800
20.79016700
20.26250000
21.04100000
22.72770800
21.66875000
22.57320800
21.72250000
23.65258400
24.06404100
21.73833400
21.37170800
21.36229200
21.77425000
19.75766600
20.18245900
19.32429100
19.60270900
20.28979100
20.41437500
19.59854200
20.07425000
21.03995800
21.57587500
20.05037500
20.98429200
19.93337500
19.31995800
18.74475000
20.91550000
20.27225000
18.60145900
20.52362500
18.75962500
18.15737500
19.98220800
18.96195800
18.69558400
18.85116600
19.41100000
18.51270900
18.96975000
18.19645800
17.76266700
17.48833300
17.87133300
17.90120900
17.71129100
18.28716700
17.88712500
17.42137500
19.04183300
18.42850000
18.21308400
18.24208300
17.73754200
17.78750000
19.49420800
17.60425000
17.71570800
18.54233400
17.78625000
17.83583300
17.73787500
16.97758300
19.98958400
17.67375000
17.57629100
18.19712500
17.42145900
17.01354100
18.73433400
17.93591600
17.30000000
17.74266700
17.77525000
18.32829200
18.14170800
18.27437500
17.73004200
17.94483300
17.54691700
17.41262500
17.69216600
17.22858400
17.33808300
18.25762500
17.55516700
17.45645800
17.63766700
22.31133300
19.67141700
19.81637500
18.96858300
19.71491700
19.27233300
19.44183300
19.86354200
19.32329200
19.34662500
19.17587500
19.84891600
18.87870900
18.99458300
19.69700000
18.44158300
18.48587500
18.39154200
18.83462500
20.25304200
20.68895800
20.45150000
20.24466700
22.86341600
21.97620900
20.30012500
20.87037500
21.63529100
21.37008400
21.06000000
21.33083300
20.90254200
21.26391600
20.12162500
20.80629200
20.57537500
20.69216700
20.72166600
21.13491700
20.52866700
21.40837500
20.99887500
21.04995800
20.54350000
20.90791700
21.15725000
21.14416600
20.54025000
20.66729200
20.63987500
20.87804200
20.49329100
20.50987500
21.30783400
22.31370800
20.18683300
20.80812500
20.37770900
21.52445800
19.82816700
21.51883300
21.12879200
22.26637500
20.09537500
26.98404100
25.96950000
26.47320900
25.99645800
24.80112500
25.24545800
23.79266700
25.20408300
23.26125000
25.50329200
26.09187500
26.80350000
25.32125000
26.19525000
26.30208300
25.59033400
22.22866600
22.28683400
22.03870800
22.53237500
22.53520800
21.41179200
21.58679200
22.72012500
22.26337500
22.30004100
22.26820900
23.35666600
23.29354200
22.93383300
22.74220900
22.83370800
22.35866700
22.77983300
22.58412500
22.26612500
22.01395800
22.44750000
23.15250000
23.74408400
23.20562500
21.90620800
23.00279200
23.58058300
22.27245800
23.20979200
22.07037500
22.07704200
22.65729100
23.65820900
22.78891600
22.20204200
21.80162500
20.84195800
22.37250000
23.05666700
21.81316700
23.21858300
21.53208300
22.84500000
21.18141700
21.79720800
20.96241700
22.31054200
23.05662500
23.46870800
22.28500000
22.55233300
23.53479200
22.58675000
23.19029200
22.02291600
18.91495900
22.47383300
22.68070800
22.63033400
20.59445800
19.98654200
22.75000000
23.09962500
18.58758300
18.93575000
18.99858300
21.81212500
19.85008400
18.66137500
17.79862500
18.22504100
21.11104200
20.27920800
19.56683400
20.67479100
19.76158400
19.47112500
21.57870800
20.28083300
22.11387500
20.07862500
20.29616700
18.79925000
19.81325000
18.88191700
20.69858300
20.09745800
19.95783400
19.80175000
20.28683300
21.89212500
20.36075000
20.26925000
20.78170800
19.68437500
20.29037500
18.81333400
18.02745800
19.56062500
18.94858300
17.87033400
19.91266600
19.52695900
19.04070800
17.42850000
18.85666700
19.63075000
19.75012500
18.58166600
19.78379200
19.16262500
18.17891700
20.39341600
18.65300000
18.02404200
19.93187500
21.12758300
21.20437500
19.74404200
19.98812500
19.99000000
19.42870800
19.75250000
20.26591700
19.64820800
20.52787500
19.78712500
19.89058400
20.57241600
20.25650000
20.47779200
19.35720800
19.93312500
19.27583400
20.19979100
21.17100000
18.32145900
20.26641600
20.74229200
20.32416700
19.56845800
19.67020800
18.01900000
18.35320900
19.26395800
18.89200000
19.01408300
19.61608400
19.92233300
19.52816700
19.70450000
19.56945800
18.23137500
19.82629200
18.09966600
19.36062500
17.82670900
19.13583300
17.91050000
19.59266700
18.24920800
19.40291700
18.49262500
19.23283300
20.94904200
20.31200000
17.99408300
19.31979200
18.12166600
19.92358400
19.21804100
20.62033400
19.81029100
17.71954200
19.30683300
17.79879200
19.53795800
20.45041700
19.08520800
17.55054200
19.14604200
19.21095800
19.17766700
18.78570800
18.54283300
17.73595900
18.85391600
19.78175000
19.65950000
17.95545900
19.27554100
19.75037500
18.65754200
20.43766700
18.77850000
18.86950000
18.64929100
17.06595900
18.13741600
16.23916700
17.47608300
18.34708400
17.95716600
18.98891700
20.08050000
19.93979200
17.96458300
23.61633300
18.97191700
20.40850000
20.49170800
20.92370900
18.98362500
22.55645800
21.37200000
20.40904200
21.43679100
20.61795900
20.97970800
21.11962500
20.98108300
20.27975000
21.99137500
23.39829200
21.54604200
22.34687500
21.75295800
22.94737500
21.90520800
21.78858400
21.24358300
22.94950000
21.91737500
19.62333300
19.01195900
20.16845800
19.28000000
19.80041700
19.62575000
19.33229100
19.88358400
19.87579100
19.54337500
19.57875000
20.25641700
19.44216700
20.49000000
19.12720800
19.32579200
18.86308300
18.76287500
17.10750000
16.91750000
17.71579200
17.77604100
17.73566700
18.06475000
20.85466700
20.21725000
19.88670800
19.54254200
20.42566600
19.66575000
20.02300000
19.92175000
19.85491700
19.75754200
22.18100000
22.68870800
21.29041700
23.34929100
21.52504200
23.07370800
22.33487500
23.64829200
26.28983300
24.53016700
34.36558300
29.68900000
28.35025000
24.89366700
22.35733300
30.03945900
23.80654100
25.32508400
22.85933300
20.17354200
22.04816600
22.69754200
21.71287500
20.10808300
19.17970900
22.02229100
21.30266700
18.99700000
18.81525000
18.94304200
21.99720800
19.30016700
19.84929100
18.98083400
19.69908300
19.35100000
19.91979200
18.74429100
20.16429200
18.94100000
19.63508300
18.87004200
18.89112500
19.26766700
18.59720800
18.60508300
20.33016700
19.30575000
19.54812500
19.25658300
19.46595900
18.73716600
20.58875000
20.22625000
19.80004200
19.26066700
20.12679100
19.16716700
22.45933300
21.30883400
20.32241600
19.15641700
20.88604200
20.12758300
19.18137500
19.43225000
19.85070800
20.33608400
19.82070800
19.81787500
19.58179200
20.49987500
20.07258300
20.19137500
20.10070800
20.95954200
20.72187500
20.70083300
20.61358400
20.25608300
19.66966700
20.57100000
19.59204100
20.34412500
19.60929200
20.06829200
20.21487500
20.77237500
20.16004100
21.25470900
20.61725000
19.99550000
19.83991600
19.23616700
19.60637500
20.91529200
20.91770800
20.06229200
19.74454100
21.52316700
20.10854200
22.40037500
23.37537500
22.04016600
21.24862500
21.67750000
20.35112500
19.98804200
20.02466700
20.87075000
20.72112500
21.26537500
20.33454100
20.81608400
20.95545800
19.85029200
20.84150000
20.27616600
20.82400000
20.21954200
21.08987500
20.16366700
22.63458300
17.81912500
17.28391700
17.36054100
16.91245900
17.07870800
17.49358300
18.24954200
17.32433300
17.96029200
17.69058300
17.15033400
18.01141600
17.01050000
17.15862500
17.25295900
17.17412500
17.40712500
18.10233300
17.33579200
17.58316600
18.35550000
17.81316700
17.89745800
18.00537500
17.09650000
18.20487500
18.15654200
17.18037500
17.14912500
17.22550000
17.19779200
17.27237500
17.32866600
17.35004200
17.09983300
17.76900000
18.28812500
17.20554200
17.44079200
18.04387500
17.76991600
20.04845900
17.83529100
17.73558400
18.26566600
17.75512500
17.38104200
17.07137500
17.24795800
17.66158400
17.55637500
17.03941600
17.78962500
17.54162500
17.80225000
17.26820900
17.30004100
17.05404200
17.79912500
17.43366700
16.88333300
17.21125000
16.97675000
16.92733300
17.31429200
16.99108300
16.86991700
17.55566700
17.29783300
17.38750000
17.51200000
17.12133300
17.01566700
17.35679200
17.32695800
17.43604200
18.76779100
18.98662500
17.03233400
18.06183300
18.61420800
18.00200000
18.05537500
17.80958400
17.76066600
17.90033400
17.58745800
17.51604200
17.12154100
16.98491700
17.65204200
17.14037500
17.43354100
17.07858400
17.08845800
16.89025000
17.10354200
17.05258300
19.98045800
18.25887500
17.48575000
17.60283400
17.59895800
16.91737500
17.80850000
18.37154200
17.33170800
19.22587500
17.57129200
16.99625000
16.60637500
17.44445800
16.67158300
14.32804200
8.21250000
1248.78191700
16.60116600
16.37937500
16.82941700
16.61666700
16.66637500
16.75279100
16.70829200
16.46475000
16.78208300
16.72854200
16.58208300
16.66437500
16.91662500
16.60983400
16.69291600
16.73291700
16.41925000
16.91679200
16.68025000
18.41829100
16.40183400
15.40166600
16.54425000
16.79366700
17.04208300
99.59479200
28.90195800
14.90470900
14.87175000
15.09691600
15.17304200
15.36491700
15.04587500
14.88637500
14.75954100
14.69879200
16.42395800
14.77525000
15.06133400
15.01391600
14.30250000
14.96020900
15.32545800
14.69266700
14.84212500
14.74020800
14.85804200
14.77291600
14.54283400
14.95583300
14.67408300
14.14358400
14.73675000
14.04595800
14.33787500
14.35462500
14.57333300
14.92695900
14.64375000
14.75375000
14.87887500
14.12733300
14.71579200
14.19495800
14.01333300
13.95420900
14.33995800
14.03154200
13.78500000
14.20187500
13.82141600
14.13450000
14.20008400
15.52983300
16.71045800
16.89416700
16.10883300
16.83362500
16.72412500
16.84558400
16.25062500
17.05370800
16.67266700
16.64345800
16.71250000
16.90512500
16.51483300
17.44445900
16.22958300
16.57662500
16.75175000
16.65854200
16.91354100
16.72604200
16.75595800
16.56608400
16.57987500
16.78920800
16.65804200
16.67329100
16.78362500
16.67504200
16.70900000
16.57479200
16.79500000
16.66416600
16.71716700
16.65933300
16.78866700
16.79912500
16.26166700
16.61204100
16.78625000
16.68150000
16.51650000
16.66812500
16.61808400
16.88187500
16.77104100
16.58683400
16.71195800
16.54516700
16.87029100
16.54033400
16.68537500
16.78462500
16.69283300
16.65879200
16.55391600
16.63125000
17.09320900
16.35641600
16.75350000
16.69854200
16.51387500
16.51166700
17.07650000
16.28595800
16.60762500
16.76637500
16.77504200
16.66883300
16.71145800
16.70470900
16.79933300
16.37783300
16.92645900
16.79125000
17.05637500
16.28800000
16.67316600
16.42245900
16.82816600
16.83254200
16.71691700
16.57033300
16.55625000
15.78187500
19.24500000
15.00679200
16.87054100
16.53762500
16.72645900
16.69879100
16.96704200
16.72904200
16.48408300
16.59754200
17.19691600
16.38191700
16.74566700
16.69787500
16.65037500
16.47379100
16.66695900
16.77700000
16.79245800
16.58475000
16.99495800
16.55304200
16.56450000
16.64470800
16.71220900
16.69745800
16.43083300
16.41875000
16.95654200
16.44062500
16.78637500
16.75679200
16.62200000
16.85662500
16.67395800
16.42775000
16.78725000
16.37987500
16.62083300
16.94087500
16.43025000
16.67754200
16.81983300
16.88191700
16.25920800
16.87333400
16.58095800
16.80229200
16.58000000
17.08362500
16.51087500
16.41775000
16.68270800
16.46137500
17.02037500
17.08133300
16.37475000
16.71808400
16.89554100
16.69216700
16.62950000
16.47695800
16.84033400
16.73891600
16.59345900
16.66579100
16.26258400
16.83887500
17.05116600
16.60208400
16.64970800
16.79779200
16.75383300
16.80170800
16.54991700
16.64554200
16.73512500
16.55354100
16.44012500
16.95966700
16.61112500
16.69029200
16.57079100
16.88241700
16.60050000
16.86304200
16.54095800
16.70808300
16.81245900
16.45691600
16.66416700
16.72616700
16.71129100
16.94641700
16.94262500
16.34145800
16.88654200
16.63191700
16.65862500
16.46383300
16.78304200
16.68966600
16.90850000
16.41162500
16.86595900
16.54416600
16.98875000
16.30037500
16.84666700
16.86966700
16.70012500
16.27695800
16.76087500
16.54633300
16.80750000
16.98420900
16.27995800
16.85237500
16.67233300
16.79595900
16.71820800
16.70400000
16.37716700
16.92270800
16.48200000
16.62704200
16.71754100
17.13658400
16.25404100
16.78854200
16.83600000
16.32320800
17.14562500
16.47704200
16.57337500
17.09416700
16.11266600
16.88795900
16.83887500
16.44020800
17.06000000
16.40104200
16.82870800
16.82775000
16.68920800
16.69741700
16.51966700
16.47558300
16.92462500
16.69512500
16.54158300
16.84579200
16.78100000
16.67925000
16.64016700
16.52550000
16.82870800
16.91379200
16.64633300
16.32708300
16.93033400
16.44354100
17.08883400
16.49862500
16.85541600
16.38037500
17.32900000
15.96425000
17.12008400
16.55937500
16.70345800
16.50437500
17.00725000
16.43841700
16.63608300
16.48600000
16.86441700
16.57470800
16.98450000
16.40300000
16.83212500
16.43537500
16.81950000
16.56670800
16.47591700
16.89058300
16.81454200
16.22258300
17.06466700
16.54400000
16.96645800
16.54350000
16.75120900
16.44341600
17.05420900
16.46391600
17.28837500
16.01962500
16.81479200
16.48866700
17.00612500
16.40679100
17.08045900
16.31229100
17.00925000
16.31000000
17.13912500
16.37816700
16.88116700
16.46258300
16.71033300
16.73370900
16.80500000
16.47345800
16.82645800
16.49625000
16.78037500
16.78279200
16.78270800
16.29500000
16.98250000
16.48479200
16.80841700
16.54962500
16.85595800
16.44512500
17.04758300
16.35958400
16.97666600
16.54991700
16.99845800
16.40895900
16.89229100
16.70291700
16.18704200
17.07904100
16.33716700
17.00541700
16.21825000
17.22879100
16.26345900
17.03520800
16.31929200
16.82658300
16.87175000
16.77525000
17.29325000
16.32537500
16.45533300
16.16791700
16.67745800
16.99516700
16.34087500
16.80433300
16.53575000
17.01516700
16.48387500
17.24770800
16.32191700
16.63900000
16.51775000
17.79954200
16.82466600
16.46195900
17.79116600
18.45470900
18.11983300
17.99029200
17.95750000
18.33225000
17.78595800
17.07183300
17.16841700
17.35308300
17.82341700
17.42504200
18.57625000
18.44345800
17.86904200
19.17816600
18.31370900
17.40604100
19.04954200
17.87487500
18.04575000
17.70258300
17.77354200
17.99008300
18.21004200
17.95766700
17.94887500
18.41820800
17.76591700
17.51995800
16.76629200
15.17862500
15.32904100
15.51045900
15.41916600
15.53883400
15.85470800
16.00962500
15.56283300
15.67000000
15.48587500
15.43687500
16.11362500
15.94266700
15.42512500
15.66629200
15.75704100
15.24612500
15.73550000
15.48616700
15.68945800
15.60775000
15.65020900
15.68154100
15.84595900
18.32308300
18.29712500
17.83879200
18.35641600
18.63283400
18.10158300
18.25979200
18.68975000
18.39525000
19.02041600
18.12387500
17.39250000
18.51012500
18.13020900
17.35479100
17.80579200
17.96812500
18.45250000
18.01658300
17.67783400
17.99779100
18.16191700
18.25666700
18.38970800
18.70808300
18.83708400
17.91775000
19.08479100
18.49683400
18.16145800
18.30008300
17.84362500
17.47225000
17.58991700
17.65333300
18.02562500
17.55220900
18.31925000
17.70720800
17.60387500
18.46366700
17.88754100
17.79962500
17.67558400
17.43237500
17.58287500
17.95416600
17.50233400
17.79083300
18.41450000
18.39079200
20.38962500
17.88045800
18.62416700
19.69983300
18.45820800
17.36054200
18.15745800
17.79495900
18.41345800
19.77200000
19.12908300
18.13629200
18.75129200
18.40587500
18.55312500
17.93916600
17.97058400
17.58487500
17.98783300
17.82037500
17.51700000
18.73691700
17.95758300
17.89333300
18.01095900
18.23662500
18.00437500
18.76725000
17.99945800
18.69504200
18.69979100
20.34829200
18.03629200
19.34029100
19.01904200
17.73025000
18.43758300
17.92479200
17.88429200
18.71045800
17.90487500
17.61795800
17.82283400
18.23562500
18.25687500
18.59612500
18.90562500
18.90058300
19.00620800
18.29795900
18.40208300
18.45537500
18.36791700
18.24412500
18.02995800
18.40208300
19.76304200
18.53833300
18.34304200
18.85687500
18.65945800
18.88629200
19.38045800
18.76108400
18.03491600
18.33729200
17.97200000
17.97675000
17.72175000
18.06629200
17.98445800
18.02804200
18.39066600
18.08841700
18.57733300
19.01987500
16.52929200
15.83208300
15.66641700
15.14287500
16.20716700
19.74079100
18.66104200
17.51933300
16.20995900
17.03162500
20.10933300
20.01075000
17.84470800
18.39212500
16.18229200
15.38712500
17.67962500
16.02300000
15.82837500
18.19583300
15.76687500
17.14654200
18.12183300
17.05154200
17.99379200
16.41133300
17.36000000
16.15962500
17.42341700
15.97325000
15.98333300
16.61579200
16.86375000
16.76500000
18.76045800
17.06116700
15.44483300
17.28354200
16.29262500
17.02187500
16.78054100
15.63045900
17.06062500
16.00379100
16.18900000
16.58275000
17.63212500
18.23920900
16.75508300
15.91287500
16.13450000
18.28658300
15.60175000
15.64091700
15.47487500
16.28525000
18.37850000
15.89716700
17.88804100
15.86620900
17.67579100
16.58450000
16.10466700
17.45016700
16.87233300
16.47312500
16.83379200
15.79462500
15.23520800
16.49875000
17.19295800
15.63516700
17.19283300
16.89979200
18.30475000
15.82095800
16.84058400
16.07125000
16.13579100
18.17291700
17.98312500
16.80425000
17.09925000
16.11958300
15.79050000
15.83966700
15.88466700
16.42270800
16.89825000
15.50520800
15.21200000
17.06533400
16.25225000
17.38208300
19.23204200
19.13312500
18.38341600
18.54250000
18.93520900
18.66429100
17.67350000
17.41700000
16.50354200
18.33587500
17.67237500
15.58608300
15.38104200
15.66704200
16.19270800
16.68216700
18.33279100
17.90058400
20.43179100
18.46825000
17.94687500
16.54870900
15.87008300
16.29166700
15.89837500
15.55608300
16.30154200
15.57375000
15.35587500
15.01958300
15.24566700
16.00433300
15.10950000
14.97025000
15.51558300
15.60125000
15.64045900
15.46666600
15.22866700
15.14437500
15.61483300
15.74466700
15.90120800
15.71845900
15.69279100
15.71333400
15.54887500
15.65333300
15.99741700
15.60429100
15.40812500
15.63150000
15.44700000
15.86295900
15.84279100
15.40191700
15.38033300
15.84675000
15.16529200
15.64991700
16.17291600
15.51008400
15.66741600
15.77325000
15.73983400
15.68091600
16.43670900
15.25570800
15.49054200
15.46495800
15.49037500
15.13520800
15.82533400
15.84733300
15.74079200
15.78275000
15.87720800
15.30083300
15.30445900
15.04183300
15.25283300
16.05512500
15.32329200
15.51687500
15.41975000
15.36695800
15.22504200
16.12312500
15.82041700
16.40091600
16.23712500
15.48262500
17.09595900
15.48412500
15.52016600
16.16987500
15.72858400
15.91212500
16.45362500
17.31670800
16.18766700
16.16987500
15.66116600
15.02800000
15.51458400
15.27133300
15.23608300
15.64170900
15.97308300
15.50850000
16.25400000
16.43812500
15.94087500
16.49370800
16.17183400
16.10279100
16.37091700
15.87983300
15.75062500
16.32075000
15.96666700
16.24912500
16.67175000
16.36125000
19.82791700
22.04400000
17.73766600
18.40970900
18.47300000
17.18079100
17.81816700
17.12416700
17.04070800
16.41529200
16.90675000
16.16133300
16.60462500
18.63541700
18.00779100
18.31095900
18.86612500
18.53991600
20.26775000
19.33720900
18.55854100
18.52408400
18.42108300
19.09516700
18.49091600
18.11895900
17.91120800
18.52495800
18.93683400
17.93758300
16.79820800
17.67633400
18.32208300
18.43645800
18.71875000
16.48066700
15.62262500
17.16091700
16.66308300
18.35450000
19.32316700
18.45170800
16.87533300
17.61000000
17.08304200
16.64295800
17.37512500
17.51766700
16.10845800
17.42104200
16.01020800
17.11570900
16.55795800
15.80945800
17.08620900
16.81620800
16.57429200
17.29620800
15.85316700
17.00175000
16.81125000
16.33866600
17.08466700
16.46441700
15.69987500
15.65758300
16.27170800
16.13591700
16.95545800
16.40729200
15.81900000
16.17200000
16.22037500
16.12200000
17.30495800
15.86675000
15.82216700
15.74433300
15.89779200
16.20250000
16.78720800
16.61637500
29.91170900
22.43379100
22.65579200
23.34941700
23.45466600
20.53870900
20.60629100
22.42675000
70.14570900
33.16354100
25.94487500
25.33591700
20.89516700
24.45675000
21.70416600
22.16029200
23.60712500
20.90966700
21.20012500
18.37525000
17.94333300
18.32412500
18.44229200
20.20200000
19.15866600
18.87975000
17.99645900
17.64841600
19.59687500
17.51437500
17.67591700
17.76066700
18.29004100
18.30762500
17.90425000
17.77779200
16.33625000
15.77345800
15.67020900
15.60425000
15.51650000
15.73870800
15.76466700
15.90800000
15.76083300
15.61062500
15.28933300
16.49737500
16.06316700
15.48212500
16.08283300
15.89500000
15.38383400
15.66454100
16.38345900
15.01837500
15.18375000
15.41429100
15.93770900
16.11775000
15.87512500
15.94779100
17.82237500
16.79933400
16.68762500
16.73908300
16.25070800
15.91679200
16.12333300
17.62104200
16.16587500
16.44145800
16.18895900
20.72979100
15.87787500
20.05616700
21.80116700
21.69258300
22.20891700
19.65491600
19.13054200
22.95754200
19.90462500
17.58708300
18.59504200
19.51462500
19.39233300
18.76525000
17.82179200
17.67833300
17.63754200
17.95262500
17.68162500
17.66016600
17.23225000
17.59612500
15.93716700
14.90375000
14.99025000
15.17575000
15.37395800
15.19083400
15.07279100
14.98937500
15.02904200
15.45241700
15.49508300
15.85570800
15.35733400
15.19795800
15.15895800
15.31954200
15.47745800
15.75412500
15.41970900
14.96729100
15.03925000
15.08695900
15.56575000
16.07950000
14.98104100
15.38275000
15.91491700
15.68120800
15.69879200
16.12025000
15.99425000
15.81441700
15.95150000
16.36537500
15.30154100
15.41970900
14.97754100
15.33562500
15.81804200
15.35445800
15.50479200
15.98600000
16.02620800
15.57162500
15.55350000
15.60887500
15.80725000
16.00783400
15.83320800
15.50316700
15.87595800
15.35670800
16.95295900
15.36383300
15.93004200
15.86616600
15.86866700
15.62391700
16.46079100
15.06925000
15.38370900
15.46154100
15.27187500
15.33866700
15.41879200
15.47620800
15.48166700
15.61166600
16.67462500
15.17937500
16.34754200
16.54129200
15.48000000
15.55729100
16.35670900
15.15545800
15.22962500
15.40954200
15.20691600
15.70858400
15.51787500
15.56000000
15.93791600
16.08850000
15.47770900
16.26866600
16.10745900
15.82475000
15.93016600
16.69033400
16.37912500
17.03845800
16.63950000
16.54304200
16.75545800
18.66250000
18.20941700
18.47837500
18.25458300
18.61991700
17.62612500
16.07841600
16.82079200
17.22587500
16.76270800
17.90012500
18.21387500
16.11000000
16.04091700
15.77629200
15.76725000
15.68958300
15.92616700
15.70587500
14.67216600
16.85933400
17.64204100
16.15383400
16.21441600
16.29966700
16.40329200
16.15166600
15.62270900
16.29720800
16.33441700
15.50404100
16.33616700
16.52070800
17.73720900
16.41441600
16.25716700
15.73775000
16.91450000
16.66529200
16.71850000
16.60575000
17.15833300
16.42829200
17.04700000
16.23137500
19.07283300
100.46041700
39.22666600
40.14983400
18.55700000
18.06608300
18.32008300
18.65716700
18.84987500
19.57733300
19.25075000
18.51279200
18.20058300
18.52283400
18.04937500
17.88412500
19.41416600
18.77383400
19.10666600
17.31520900
15.83695800
16.14416700
15.69395800
15.96345800
15.69408400
15.62283300
16.03325000
16.34741700
16.41945800
15.92120800
17.15054200
16.67108300
16.23550000
16.99425000
17.40800000
15.57616700
16.27566700
16.14791600
16.28045900
19.11137500
16.43166600
15.99858400
15.67025000
17.78833300
15.94066700
18.27779100
16.91187500
16.98900000
16.00820900
16.77366600
17.39941700
18.66254200
17.49191600
16.96900000
15.61929200
15.15929200
16.20600000
18.15779100
17.68704200
16.28112500
16.93316700
17.10279100
16.46375000
16.00729200
15.95929200
15.89108300
15.62812500
15.61120800
17.09779200
16.02062500
16.08541700
16.51537500
17.13679100
17.03237500
17.66795900
15.69462500
15.63320800
16.14520800
15.96991700
17.28108300
17.49562500
16.00900000
16.93179200
18.86000000
18.51666700
18.39450000
17.01779100
16.39554200
16.10104200
16.85870800
17.46445800
16.00004200
15.86491700
15.73425000
16.77220800
15.34291700
15.55516600
15.21550000
16.84891700
17.30291700
15.19758300
16.41250000
17.73887500
18.03762500
17.71200000
16.10133300
16.95987500
16.41729200
16.08954200
17.64900000
15.60033300
16.82129200
16.37208300
16.49337500
17.17875000
17.76783300
17.57641700
19.87208300
18.39604200
18.35625000
17.42425000
16.85400000
17.64870800
17.57308400
18.30145800
18.65929200
18.34916600
18.07541700
17.98245800
17.96108400
17.52908300
17.45195800
15.07129200
15.35937500
15.18091700
14.89850000
15.56725000
15.90554100
15.58625000
16.12837500
15.52550000
15.17695900
15.98825000
16.23212500
15.58662500
15.74270800
15.31158300
14.75208400
15.19633300
14.73854200
14.71141600
14.98279200
14.80883300
15.79620900
16.07662500
15.30491600
15.03145900
15.61300000
15.10691600
15.15745900
15.13058300
15.19266700
15.71858300
15.98841700
16.20670800
15.86712500
15.90341700
15.59120800
15.62337500
16.11041700
15.82425000
15.83412500
16.17708300
16.20670800
15.35408400
16.10287500
15.24662500
15.33766600
16.48170900
15.59512500
15.43054100
15.27904200
15.40441700
15.80041600
15.93620900
15.55079100
15.62212500
15.66658400
15.92095800
15.86779200
15.76412500
15.08883300
15.75104200
15.25133300
15.34650000
15.84383300
15.61708400
15.50533300
15.87466700
16.17062500
16.26262500
17.11716600
16.09758400
15.62495800
15.76295800
16.13512500
16.37254200
16.46354200
16.31125000
16.67595800
16.10145800
15.66558400
15.30637500
15.77770800
15.23266700
14.78325000
15.75545800
15.41629200
15.10937500
15.45145800
15.90283300
16.68879200
16.39295800
15.59075000
15.61645900
15.73908300
16.34341700
16.60704100
16.75312500
16.75058400
16.97437500
16.57166600
17.20041700
16.09220800
16.56241700
16.79429200
16.58783300
16.66345800
16.61975000
16.82429200
17.13637500
16.60508300
16.45862500
16.82270900
16.48845800
16.88412500
16.38733300
16.68208400
16.67145800
16.81675000
16.51500000
16.76758300
16.97195900
16.30562500
16.87262500
16.71279100
16.89637500
16.85433400
16.62670800
18.12725000
18.68054200
19.05304100
18.83737500
18.02354200
18.59954200
17.88920800
18.47958300
18.29975000
18.01095900
18.04908300
18.28620800
18.19683400
18.45858300
18.72654200
18.13491600
18.13891700
18.12775000
18.12758300
18.53700000
17.30712500
16.02479200
16.55104200
15.98770800
16.16054200
16.13670800
16.29670800
17.75845900
19.97358300
18.71604200
16.16504100
17.03754200
17.03229200
19.49004100
19.47658400
18.33241600
18.58087500
19.93062500
19.39637500
18.70416700
16.22370800
17.57545900
16.01791600
15.60612500
15.50450000
15.79770900
15.48262500
16.05787500
15.81587500
15.73558300
17.27162500
16.71908300
16.32258400
15.99020800
16.39054200
15.44037500
15.54662500
16.04395800
15.53350000
15.14462500
15.97762500
15.85166700
15.66000000
16.51412500
15.93412500
15.45833300
15.97237500
16.14775000
15.72229200
17.48145800
16.14675000
15.99820800
15.87862500
16.29987500
15.66725000
16.31000000
15.63429200
16.51379200
15.88600000
15.78158300
15.59962500
15.29041700
15.41079100
15.11841700
15.92508300
15.70645900
16.19062500
16.03795800
15.62966700
16.23641600
15.80179200
15.90237500
16.77229200
16.05458300
15.92991700
15.98662500
16.43991600
15.97441700
16.32466700
16.01787500
16.38670800
17.67154200
15.71462500
15.38104100
15.98362500
15.51366700
15.47754200
15.71008300
15.79533300
15.52362500
16.14866700
16.02454200
16.03833300
16.22250000
16.03683300
15.57658400
15.95575000
16.58795800
15.76991700
16.85158300
16.40912500
16.49554200
16.96383300
16.52620800
16.58170900
16.76491600
16.72754200
16.62554200
16.70970800
16.75266700
16.67358300
16.74054200
17.00708300
16.58000000
16.55416700
16.46175000
16.79104100
16.49612500
16.73254200
16.71062500
16.70558300
16.57866700
16.78587500
16.75370800
16.98012500
16.36075000
16.94158400
16.25500000
16.63329100
16.77600000
16.95783400
16.47104100
16.75012500
16.37400000
16.84200000
16.86941700
16.12395800
17.06825000
17.01966700
16.20308300
16.89512500
16.81900000
16.89358400
16.37004100
16.94554200
16.30233300
16.96162500
16.43679200
16.83245800
16.58045900
26.53612500
14.45212500
13.39212500
13.44975000
15.43679100
16.58637500
16.77675000
16.47012500
16.90558400
16.87341600
16.59262500
16.89462500
16.84604200
16.48941700
16.95466600
16.38700000
17.05508400
16.31141600
16.88279200
16.46725000
17.00833300
16.33550000
16.95741700
16.44716700
16.86020800
16.69787500
16.43504200
16.63975000
16.98983300
16.46429200
16.86850000
16.42004100
17.08279200
16.24162500
17.03358300
16.41520900
16.83812500
16.73204100
16.70954200
16.39720800
17.03625000
16.43658400
16.79375000
16.54929100
16.83383400
16.42383300
17.10783300
16.38062500
16.76954200
16.56670800
16.77183400
16.60191600
17.68850000
16.38937500
16.13687500
16.78141700
16.43154200
16.70895800
16.68816700
16.97708300
16.97583300
16.77475000
16.48791700
16.40700000
17.10754200
16.43516600
16.17870900
17.10991600
16.45754200
16.74370800
17.88412500
18.10900000
18.11000000
17.96991700
18.35170800
18.50566700
17.78962500
18.74679200
18.29870800
18.05529200
17.65287500
18.09462500
17.77112500
17.74379100
18.08629200
17.93312500
18.04329200
18.07879100
17.46691700
18.22400000
17.86858300
17.85112500
17.37333400
17.92083300
18.33316700
18.25837500
18.75787500
18.46029100
18.58375000
18.41441700
18.24487500
18.42954200
19.04387500
17.62629100
20.21704200
20.77316700
18.70512500
19.69445800
19.92070800
21.57100000
17.58241700
18.55991700
18.38395800
20.66633300
18.19379200
18.24550000
17.76954200
19.59891600
18.77029200
18.22879200
18.12762500
17.69745800
17.95775000
17.73204200
18.28650000
17.82508300
19.82950000
17.87075000
18.01600000
18.27783300
18.46654200
18.39654200
18.09191600
19.43741700
18.72029200
17.64608300
17.97433300
18.55754200
18.75395800
18.16504200
18.42229200
18.41920800
18.18958300
20.25850000
18.65216700
18.08275000
17.50587500
18.35562500
18.12000000
18.37216700
18.20775000
18.38316600
19.84070900
18.62470800
17.55516700
17.82920800
17.79583300
17.71141700
18.07262500
17.60787500
17.56133300
18.33945900
19.08487500
18.85779100
18.09575000
17.68087500
17.87633400
18.47391600
18.05858400
18.49829100
19.22154200
18.28783300
17.91208400
17.77112500
18.11904100
18.66087500
17.65133400
18.38691600
18.82258400
18.20487500
18.99937500
18.66162500
18.32604100
18.10183400
18.77950000
16.52316600
15.13837500
15.82358400
15.16087500
15.15366600
15.29441700
15.27858300
17.65937500
23.71087500
23.57275000
20.73162500
18.46779200
17.94783300
18.81587500
18.57604200
18.40675000
17.97595800
18.49041700
19.11037500
18.34112500
18.33833300
17.80458400
18.60054100
18.15600000
18.70775000
17.71654200
18.06641700
19.01000000
18.54725000
17.99545800
15.95533300
15.39750000
17.70329200
18.73762500
16.45162500
16.58216700
16.63954100
17.57279200
17.93670800
16.62629200
16.72050000
15.74383300
17.51375000
17.36691700
16.10866700
16.61262500
16.03370800
17.77083300
16.44704200
15.78154200
15.64137500
15.57887500
16.18354100
17.35037500
15.88487500
17.76854200
16.17579200
17.29775000
16.13166600
16.97466700
16.60420800
16.29591700
16.05900000
18.77883300
18.44208400
18.59812500
17.90795800
17.93708300
17.74966700
15.90079200
15.62787500
15.68250000
15.34966600
16.12641700
15.50829200
15.43487500
15.60004100
15.35654200
14.93683300
15.18254200
15.07516700
15.46320800
16.07816700
15.61520800
15.70804200
15.77500000
15.42091600
15.46462500
15.88879200
15.49616700
15.22570800
15.59745800
15.62500000
16.35491700
15.49262500
15.32233300
15.12416700
14.95850000
14.98279200
15.43125000
15.40175000
15.68466600
15.60266700
15.68545800
15.26354200
15.92445800
15.77120900
15.36845800
15.54891700
15.61870800
15.67629200
15.76920800
15.71733300
16.17050000
16.44020900
16.08191600
15.68120900
16.15620800
15.69241700
15.76320800
16.64670800
15.97700000
16.33616700
16.42487500
16.10754200
15.33258300
15.66658300
15.25191700
15.32116700
15.45629100
15.32270900
15.12258300
15.75820800
16.42829200
15.95720800
16.34170900
15.81341600
15.48495900
15.77587500
16.58795800
15.70516700
16.27166600
15.89958400
15.92670800
15.99133300
16.21183400
16.12654100
15.66012500
15.09912500
15.31091700
15.15550000
15.31595800
15.82583400
15.84966600
16.00079200
16.05245800
16.70595900
16.18691600
15.93208400
15.94754100
15.92425000
16.10704200
16.48600000
16.12562500
16.23050000
16.48679200
15.59325000
15.62150000
15.12145800
15.22537500
16.40720800
16.66487500
16.58691700
16.78504200
16.76841600
16.48987500
17.01725000
16.55787500
16.75891700
16.66325000
16.81250000
16.34575000
17.02054200
16.59958300
16.39008300
17.06904200
16.57929200
16.61916600
16.69729200
16.82541700
16.42875000
16.88904100
16.57191700
16.68966700
16.59333300
16.77937500
16.48437500
16.89395800
16.76479200
16.81104200
16.64241600
16.37483400
17.12433300
16.43916700
16.66533300
16.80683300
16.67441700
16.91950000
16.38566700
16.93041600
16.48137500
16.52612500
16.67362500
16.71466700
16.70187500
16.80416700
16.45866600
16.91066700
16.79558300
16.36362500
17.06283400
16.36466600
16.74654200
17.01058300
16.38141700
16.66841700
16.70070800
16.88920800
16.45370900
16.69462500
16.77312500
16.62295800
16.72404200
17.12875000
16.18975000
16.72308300
16.51558300
16.61912500
16.87562500
16.74300000
16.45341700
16.54175000
17.13929200
16.46320800
17.13316700
16.45637500
16.44116600
16.86937500
16.58345900
16.50670800
16.84054200
16.60941600
16.69370900
16.69770800
16.65587500
17.05612500
16.74304200
16.34512500
16.65937500
16.72675000
16.58075000
16.68212500
16.95100000
16.80825000
16.87508300
16.52908300
16.32275000
16.70591700
16.66529200
16.53945800
16.89041700
16.72020800
16.71062500
16.42887500
17.24195800
16.50295900
16.65408300
17.25812500
15.91620800
16.99916700
16.91791700
16.08187500
16.84950000
16.42670800
16.58904200
16.96608300
16.42970800
17.06516700
17.17954200
17.01833300
16.51295800
17.70591700
16.75816700
16.37954100
17.94387500
18.82500000
18.73562500
16.98391700
16.15766700
16.12058300
15.77304200
15.37558300
15.49620800
15.83037500
15.58741700
16.07929200
16.66720800
16.53029200
16.89975000
16.53829100
16.68579200
16.77833300
16.48020900
16.70458300
16.90870800
16.70120900
16.49425000
16.78529100
16.72291700
16.64716700
16.50208300
16.56383300
16.83037500
16.56895900
16.76820800
16.67612500
16.97320800
16.59141700
16.60595800
16.86041700
16.42412500
16.60204200
16.88458300
16.44812500
16.65862500
17.29262500
16.49183300
17.61012500
16.47358400
15.67566600
16.45125000
16.93429200
16.44658300
16.28970900
16.84625000
16.70562500
16.72608300
16.70695800
16.71954200
16.47270800
16.74979200
16.74975000
16.47466700
16.78608300
16.78041700
16.27491600
16.77750000
16.73504200
16.48983300
16.84212500
15.97216700
17.43591700
16.60587500
16.71729100
16.64058400
16.73733300
16.61916700
16.44741600
16.85454200
16.65795800
16.72162500
16.74420900
16.73116600
16.64279200
16.80400000
16.70025000
16.76029200
16.72066600
16.58275000
16.77162500
16.74470900
16.51312500
16.73708300
16.61579200
16.78600000
16.60716600
16.73520900
16.68783300
17.08187500
16.24662500
16.74770800
16.63895900
16.74658300
16.49025000
16.87983300
16.68079200
16.65508300
17.05383400
16.33258300
16.62412500
16.70916700
16.93404100
16.54404200
16.74220800
16.72687500
16.61254200
16.65716700
16.72733300
16.68933300
16.53566700
16.83670800
16.77887500
16.57725000
16.59945900
16.68958300
16.71633300
16.72379200
16.57579200
16.84383300
16.59241700
16.73562500
16.74158300
16.63512500
16.64679200
16.58804100
16.64237500
16.67658400
16.89095800
16.50750000
16.71683300
16.74437500
16.85575000
16.45212500
16.74604200
16.79416700
16.73762500
17.07541600
16.33829200
16.81125000
16.61775000
16.37183300
17.41887500
16.35250000
16.45262500
16.90750000
16.72020900
16.50020800
16.72562500
16.66754200
16.66395800
16.74458300
16.65400000
16.57366700
16.88829200
16.58375000
16.58391600
16.89058400
16.98062500
16.37887500
16.71375000
16.52558300
16.75862500
16.54016700
16.79875000
16.73833300
16.70741700
16.59516600
16.46412500
16.85400000
16.66375000
16.41558400
16.98241600
16.66420900
16.71020800
16.56395800
16.79441700
16.68679200
16.48220800
16.71283300
16.93529200
16.16112500
17.14458300
16.45925000
16.77916700
16.73900000
16.41445800
16.88520900
16.74587500
16.50725000
16.77829100
16.71141700
16.56095800
16.94591700
16.32687500
16.74070800
16.96679200
16.32129200
16.79800000
16.86150000
16.59312500
16.80570800
16.74662500
16.62562500
16.80254200
16.26779100
16.85366700
16.83466700
16.59508300
16.64033300
16.78583400
16.72833300
16.59600000
16.81937500
16.63833300
16.53854200
16.61429200
17.20654100
16.75408400
16.17529100
16.81016700
16.44366700
16.63708300
16.92600000
16.40437500
16.91283300
16.50612500
16.80875000
16.68987500
16.63658400
16.91600000
16.71000000
16.23020800
16.73858300
17.02375000
16.31100000
17.13175000
16.52050000
16.57887500
16.83558400
16.46587500
16.74362500
16.68937500
16.74458300
16.68250000
16.73004200
16.37400000
16.99654100
16.46558400
16.94916600
16.52329200
16.62816700
17.04270800
16.58675000
16.42779200
16.86983300
16.45850000
16.88000000
16.43658300
16.56141700
17.06029200
16.56904100
16.46800000
17.08291700
16.62162500
16.42316700
17.01837500
16.57458300
16.83191700
16.58966600
16.41837500
16.92037500
16.45587500
16.67904200
16.95745800
16.39379200
16.89733300
17.23145900
16.77066600
16.28675000
16.56000000
16.80166700
16.40962500
16.62833300
16.80275000
16.60125000
16.65662500
16.91700000
16.60925000
16.81212500
16.46462500
16.83920900
16.68266600
16.18525000
16.75745900
17.02104100
16.35691700
16.53575000
17.13637500
16.41108300
17.07254200
16.44862500
16.65554200
16.73908300
16.66058300
16.55350000
16.86141700
16.58870800
16.74079200
16.41875000
16.86837500
16.87200000
16.36412500
17.02162500
16.73612500
16.40895800
17.04716700
16.34833300
16.77004200
16.72833300
16.43820900
16.56441600
16.98725000
16.60254200
16.89237500
16.48712500
17.21420800
16.37625000
16.86512500
16.66125000
16.40470900
16.48395800
16.95033300
16.40075000
16.83695900
16.78558300
16.43337500
18.49245800
16.76129200
16.51762500
15.92037500
15.68775000
16.96545800
16.62529200
16.49816700
16.91079100
16.30995900
16.67254100
16.78875000
16.70433400
16.56300000
16.87875000
16.60529100
17.08304200
16.78183300
16.62750000
16.73016700
16.54708300
16.43958400
16.50200000
16.74083300
16.54308300
16.77458400
16.94395800
16.53708300
16.80791700
16.58683300
16.68450000
16.48054200
16.79608300
16.60225000
16.65120900
16.98862500
16.55650000
16.80108300
16.59016700
17.01841600
16.57983400
16.96445800
16.32987500
16.70854200
16.61845800
16.86858300
16.55687500
16.74925000
16.56612500
17.32266700
16.32491700
16.36216600
16.98795900
16.62491600
16.42587500
16.83054200
16.84008300
16.39487500
16.77591700
16.75129200
17.13658300
16.40633300
16.71575000
16.58220900
16.55362500
16.79412500
16.33858300
17.16608300
16.65800000
16.96045900
16.65004100
16.52070900
16.54875000
16.79133300
16.56341700
16.81258300
16.83166700
16.69404100
16.34045900
16.92391600
16.57083400
16.50808300
16.87791700
16.88112500
16.26670800
16.93195800
16.66704200
16.56329200
16.99229100
16.48725000
16.55987500
16.74466700
16.59420800
16.72075000
16.92591700
16.70750000
16.49737500
16.61770800
16.59400000
16.76358400
16.65216600
16.81166700
16.69329200
16.80787500
16.35966600
16.88183400
16.63804100
16.62275000
16.95141700
16.39220800
16.94166700
16.46579200
16.83362500
17.09575000
16.64200000
16.40341600
16.77504200
16.58900000
16.90629200
16.35816600
18.01375000
15.50454200
16.73745800
16.60941700
16.69037500
16.68370800
16.85941700
16.58375000
16.66566700
16.73275000
17.25879100
15.97800000
16.99995900
16.44237500
16.73737500
16.61170800
16.75104200
16.46695800
16.94670800
16.53633400
16.75245800
16.67062500
16.92741700
16.25387500
17.01291600
16.44516700
17.08087500
16.30912500
16.90200000
16.45820800
17.05225000
16.33241700
16.90575000
16.48150000
16.71212500
16.61616700
16.85220800
16.42929200
17.02970800
16.42091700
16.73779100
16.61633400
16.83375000
16.51845800
16.99404200
17.10804100
16.96691700
16.85000000
15.85333300
16.44154200
17.03125000
16.40100000
16.58579200
17.02254100
16.42508400
16.51350000
17.05412500
16.37125000
16.84575000
16.43641600
17.37754200
15.96833300
17.01883400
16.52700000
16.69395800
16.59108300
16.80741700
16.42891700
16.97183300
16.73675000
16.65504200
16.47129100
16.94091700
16.33791700
17.07662500
16.39029100
16.97125000
16.38962500
17.03725000
16.44779200
16.83745800
16.36775000
16.86875000
16.62020900
16.74045800
16.80379200
16.72137500
16.48316600
16.91154200
16.41516700
17.25383300
16.53112500
16.88495800
15.88041700
16.97383300
16.59404200
17.69545800
17.98675000
17.36958400
17.34833300
18.53470800
17.87420900
18.18483300
18.20112500
18.67650000
17.07687500
17.89666700
17.47170800
17.45850000
17.87954200
17.95875000
18.16766600
17.94816700
18.15804200
17.86133300
17.68404200
17.80933300
17.21325000
17.98600000
18.75179200
18.18679100
18.17487500
17.97600000
17.82437500
18.50087500
18.61250000
17.53866700
18.54275000
17.87500000
17.86133300
17.86058400
17.25416600
17.96775000
17.86208400
17.92395800
17.79558300
17.87033400
18.03083300
18.24945800
17.88287500
17.41000000
17.85691700
17.62279200
18.21291600
18.25983400
20.47704100
20.81862500
21.32937500
19.44400000
17.64700000
17.55225000
17.46945900
17.13283300
17.84325000
17.16466700
17.43066600
17.68779200
17.79791700
17.01704100
17.61658400
17.44741600
17.43787500
17.27825000
17.53170900
15.58933300
16.39450000
14.99054200
14.73287500
14.87475000
14.92325000
14.69166600
14.92816700
15.02575000
15.10045800
15.07733400
14.62700000
15.43362500
15.11641600
15.19045900
15.34375000
15.63470800
14.94279200
15.33020800
15.17250000
16.82908300
15.38587500
15.84087500
16.51412500
15.41950000
17.47779200
17.15133300
17.77650000
17.54070900
17.63450000
18.08916600
17.60929200
17.62308300
18.10908400
17.93412500
18.00475000
18.33666600
18.14350000
17.63766700
18.25362500
17.34762500
17.94675000
17.96220800
17.57237500
17.35412500
17.66058400
17.47341600
17.74795900
17.71670800
17.79187500
17.73920800
16.70333400
18.35550000
16.85125000
17.03187500
18.01841600
18.30633400
16.48279100
18.38945900
17.48420800
18.10104200
17.43841600
16.88337500
16.48658400
17.31029100
15.96120900
17.97658300
15.72183300
17.65162500
16.03833400
18.37016600
18.36225000
18.00508400
18.47991600
18.50704200
18.24316700
17.23537500
16.90166600
18.01458400
17.12412500
17.64575000
17.38100000
17.69670800
17.06762500
17.03416700
17.22408300
16.80512500
17.67995800
17.63470900
16.97566600
17.47937500
16.58137500
17.31012500
17.78725000
16.21216700
18.36179200
18.34795800
15.17520800
16.81729200
18.27441700
16.65333300
17.24020800
17.79295900
16.74500000
17.81754100
15.89666700
15.87316700
16.58216600
18.14920900
17.73033300
15.23245800
16.13716700
15.67541700
16.02675000
15.86229100
16.46295900
15.36891600
16.30570900
18.17412500
16.11637500
16.51291600
16.69512500
17.76279200
15.58900000
18.08895800
15.51008400
16.64804100
15.16275000
16.43962500
16.05629200
19.20279200
18.67091600
18.29279200
16.86450000
15.80954200
17.06408300
17.54750000
17.27100000
16.96733300
16.14358400
17.93900000
15.35695800
15.54433300
15.33062500
16.64583400
15.56575000
16.05550000
15.94291600
17.59862500
16.67037500
15.90900000
15.69058400
16.79737500
17.89370800
17.09550000
16.31083300
15.62995900
17.21433300
16.31179200
15.73583300
16.03608300
15.66795900
15.14750000
15.94041600
15.37695900
14.95254100
15.81537500
15.68375000
15.42579200
15.99933300
15.15737500
16.43762500
17.68929200
15.43604200
15.33520800
15.14941700
15.14200000
14.80316600
15.14370900
15.33666600
16.26991700
15.07983300
15.79004200
15.77100000
15.59262500
15.61433300
16.37537500
15.37987500
16.28737500
15.85720900
15.29866600
15.63758400
17.42279100
16.24491700
18.33433300
15.90195900
15.59616600
15.76475000
17.54800000
17.42545900
15.80329100
17.45733400
15.19854100
15.65554200
16.42683300
18.32200000
16.28470900
16.29379100
17.11775000
16.54675000
17.34216700
17.67895800
15.37925000
16.96016700
17.92670800
15.54258400
17.38300000
15.46670800
15.47162500
15.87554200
15.80279100
18.01570900
18.55520800
17.11804200
16.93004100
15.77608400
15.92616600
16.80245900
16.20170800
16.46525000
16.58025000
17.53029200
17.16912500
17.60950000
16.64541600
17.51970900
16.20683300
17.25808300
17.73070900
15.60295800
18.26295800
18.32729200
16.70987500
15.14450000
15.05679200
15.43108300
15.59179200
15.31241600
15.49212500
15.08312500
15.50133400
15.04316600
16.28333400
15.73566600
17.16400000
16.15995900
15.93262500
15.31170800
15.84291700
17.62641600
19.35129200
18.35116700
17.81741600
17.79766700
17.48766700
17.16466600
17.80941700
18.05291700
15.71700000
16.11187500
15.65583300
15.29558300
15.63404200
15.12487500
14.98204200
15.30633300
15.18237500
15.15658300
15.37595900
15.35341600
14.74629200
15.45579200
15.66029100
14.77954200
14.79858300
14.63408400
15.07966600
14.76579200
14.61891700
14.74733300
14.86020800
14.81441700
15.33566700
14.80612500
14.51562500
14.84916600
14.77716700
14.95325000
15.70854200
15.71475000
15.07304100
15.71629200
15.26095800
16.09679200
16.46154200
16.32358300
16.60845800
16.98333400
16.46266600
16.64662500
16.93541700
16.47570800
16.70250000
16.61945900
17.02629100
16.77150000
16.62325000
16.51250000
16.79475000
16.35437500
16.86204200
16.54720800
16.82033400
17.00325000
16.59000000
16.50308300
16.75566700
16.52075000
16.97991600
16.46633400
16.68216600
16.82958400
16.63754100
16.36075000
16.83983400
16.83354100
16.65816700
16.58404200
16.71420800
16.63583300
16.69212500
16.77975000
16.65204200
16.56170800
16.67675000
16.75050000
16.54241700
16.64170800
16.86704200
16.58962500
16.88700000
16.43733300
16.93600000
16.44641700
16.91945800
16.70508400
16.50162500
16.66712500
16.71095800
16.51637500
16.73275000
16.87433300
16.63104200
17.01141700
16.30179100
16.92054200
16.55637500
16.72854200
16.80208300
16.68362500
16.30712500
16.65162500
16.77920800
16.80954200
16.64554200
17.19608300
16.14804200
16.64316600
16.73304200
16.98420800
16.17075000
17.15741700
16.36516700
17.10891600
16.32800000
22.52391700
19.98458300
17.74233400
20.96712500
22.71912500
20.05225000
20.70441600
19.59583400
18.47612500
18.32995800
18.23404200
18.25400000
18.18600000
18.06320800
17.61333300
17.45904200
18.50550000
18.91779200
21.08833300
20.31883300
20.41662500
20.16770900
18.10295800
18.19729200
18.26387500
18.73541600
18.55783400
17.49650000
17.64504100
17.82908400
17.99454100
17.94358400
17.61566600
17.51675000
18.27433400
17.91550000
17.44745800
18.15408300
18.03075000
17.83270900
18.17254100
18.36429200
17.77070800
18.14816700
19.37025000
18.07970800
18.61962500
18.22858400
17.31091600
17.86037500
17.45645900
17.53941600
17.92275000
15.46412500
17.34104200
14.78100000
16.40204200
17.60220800
16.76600000
16.19433300
17.52991700
16.77508300
16.24045900
17.48525000
17.11300000
17.78879100
15.96770900
15.69475000
17.72883300
17.00583300
16.18900000
15.61237500
15.68454200
17.29220800
15.59904200
17.56408300
15.81350000
16.81391700
18.05862500
16.38041700
18.95466600
17.28741700
16.67920800
16.21945900
17.47741600
17.08858400
15.59858300
17.47000000
15.95341700
15.34825000
16.89233300
16.07025000
14.26987500
17.27870800
17.16270900
15.60725000
17.43954100
17.59295900
15.28858300
16.77225000
17.71000000
16.77637500
18.46791700
18.96916600
18.09241700
17.21566700
16.55075000
16.86029100
16.60212500
16.11408400
15.23083300
16.07187500
17.57358300
15.28700000
16.61320900
15.57304100
15.68875000
16.74841700
17.20450000
15.16095800
16.64845900
17.80675000
16.75954100
18.37625000
14.95445900
16.60487500
17.95204100
15.34379200
16.73854200
16.06054100
15.97750000
18.32766700
17.34762500
16.73145800
17.81629200
18.04033300
17.33433400
16.31566600
17.83025000
17.29870900
18.18895800
15.91154200
16.96150000
17.20629100
15.38033400
16.65804100
16.64691700
15.85370800
16.21775000
16.45670900
17.31879100
16.47545900
18.38854100
17.43595900
17.20683300
16.86112500
16.02858300
17.19800000
16.69537500
15.92787500
16.88904200
16.42104200
16.05229100
19.34500000
16.31125000
16.96520900
16.93608300
15.76479200
16.07379100
17.97575000
15.79658400
16.51891600
16.43791700
15.75404200
16.22025000
17.47400000
16.36670800
17.46225000
16.07620800
16.04966700
16.52304200
15.66875000
15.78683300
18.03150000
16.25562500
15.62775000
17.13537500
16.00183300
16.21487500
16.54766700
16.30008300
16.47541700
15.21575000
17.43641700
15.59854100
18.02450000
19.34654200
20.31591700
20.84912500
18.31962500
17.90541600
17.47887500
17.98566700
17.28341700
17.43304100
17.03975000
15.35320900
14.94995800
15.21175000
14.78062500
14.68345800
15.07750000
15.21445900
14.90879100
14.64729200
14.96108300
15.32091700
14.76995800
15.19466700
14.96300000
14.51970800
14.89612500
15.22341700
15.12716700
16.28100000
15.32441600
14.88108400
14.70879100
15.30412500
15.07758400
14.78058300
16.00600000
15.46408300
14.95250000
15.15637500
15.43162500
15.13483400
15.91912500
15.42895800
15.59704200
15.41654100
14.89000000
15.65058400
16.02508300
16.11375000
15.82062500
16.16912500
15.92241700
15.53775000
15.91758300
15.69950000
15.73900000
16.63741700
15.82179100
15.50908400
16.43900000
16.30941600
15.25170900
15.25650000
15.57145800
18.40025000
16.90554200
15.81050000
15.22816600
15.31325000
15.24937500
15.12579200
15.41554200
15.60104100
15.72362500
15.86679200
15.75804200
16.10837500
15.83291600
15.80004200
15.43187500
15.71025000
15.34500000
15.34954200
15.19800000
15.33008300
15.44475000
15.55975000
15.45779200
15.70700000
15.61091600
15.91154200
17.12495800
17.25804200
16.44245800
16.51679200
16.07029200
16.62095800
16.78258300
16.61225000
16.78383400
16.71554100
16.63187500
16.66862500
17.08700000
16.37341700
16.80395800
16.51733400
16.67445800
16.86812500
16.60920800
16.81466700
16.40808300
16.92958400
16.51741600
16.55366700
16.78104200
16.74579100
16.66366700
16.69050000
16.62066700
16.85937500
16.56116600
16.65029200
16.56883300
16.97066700
16.60733300
16.62575000
16.74700000
16.80708400
16.48770800
16.71379200
16.75720800
16.72008300
16.49783400
16.81604100
16.68329200
16.66675000
16.50262500
16.85362500
16.72750000
16.67408300
17.08445900
16.13654100
16.71912500
16.76500000
16.55045900
16.76800000
16.64895800
16.62241700
16.83120800
16.67954200
17.54179100
16.19350000
16.55616700
16.41904200
16.62983300
16.69541700
16.67812500
16.64595800
16.68045800
16.86012500
16.52983400
16.71050000
16.70133300
16.82979200
16.63383300
16.84533300
16.19229200
16.92625000
16.60800000
16.62191700
16.89841600
16.59891700
16.51558300
16.88500000
16.66962500
16.37429200
17.09091700
16.53066600
16.71662500
16.55154200
16.70675000
16.66666700
16.80462500
16.75504100
16.58116700
16.75970800
16.66320900
16.47633300
16.95691700
16.70825000
16.46737500
16.59804100
16.60445900
16.87154100
16.86479200
16.41366700
16.94916600
16.46862500
16.74675000
16.82337500
16.79691700
16.46641700
16.89300000
16.35604100
16.58462500
16.93058400
16.63279100
16.77291700
18.82783300
21.58920900
28.96037500
30.19279100
25.22537500
30.40108400
27.25512500
26.47958300
24.48175000
18.25595800
18.51404200
17.98845800
17.26395900
16.67204100
18.28575000
21.09133400
18.79495800
18.44462500
18.60941700
18.51991600
18.86137500
19.07558400
18.54225000
18.57595800
18.28716700
19.81841600
20.46608400
20.16050000
18.57179100
18.37445900
18.82433300
19.79983300
20.61550000
19.24004200
18.72408300
19.17445900
19.47520800
19.11625000
19.27270800
18.92141700
19.83883300
19.49087500
19.89391700
18.61379200
19.23491600
18.84762500
18.43491700
18.77120800
18.30941700
18.37908300
16.13975000
15.16345900
16.53775000
15.34154100
15.38600000
15.77466700
15.55379200
15.82079100
16.03658400
16.66812500
15.82058300
15.54887500
16.01141700
16.26595800
16.63429200
16.36508300
16.09262500
15.86658300
15.89233400
15.61412500
16.71079100
18.14395900
17.87166600
17.19333400
16.41433300
14.85679200
15.21958300
15.11712500
15.22858300
15.06587500
15.22566700
14.91962500
15.29629200
15.49983300
15.38108300
15.58508400
15.54966600
17.02408400
16.28016600
15.87650000
15.58633400
15.14400000
15.00866600
14.60625000
14.91437500
15.00537500
15.31387500
15.38650000
14.92533400
15.38845800
15.62129200
15.21529100
15.12629200
15.75229200
15.05870800
15.25420800
15.88241700
21.13758300
17.70533400
18.38579100
16.83045900
17.27458300
21.92820800
25.63641700
20.77650000
20.31408300
19.46287500
18.92058400
16.53629100
16.80754200
16.30870800
16.28862500
16.76833400
18.23112500
19.02004100
18.46191700
20.29900000
17.74875000
17.66008300
17.48737500
18.54429200
18.14804200
18.25583300
17.78754200
17.79070800
17.86054200
18.21704100
17.06029200
16.56216700
17.58475000
15.75041600
16.72600000
17.06279200
15.51291700
16.99229100
15.98741700
15.60304200
16.28758300
16.72804200
16.98504100
15.38445900
17.27766600
15.58700000
16.97845900
15.42562500
15.42800000
15.44304100
16.80741700
15.43500000
15.57620800
15.53333400
16.16866600
19.07745900
16.17095800
15.70887500
17.25637500
16.10095800
15.45854200
17.74629200
15.54270800
16.95200000
18.05191700
17.42287500
17.69737500
16.58100000
19.22779100
19.09591700
19.59458300
23.27425000
21.22737500
18.89445900
18.23679100
19.57575000
17.49291700
18.28620800
17.81258400
18.29104100
18.64083400
17.85658300
18.72908300
17.94283400
18.76195800
17.97900000
17.77775000
17.97170800
18.38662500
18.11050000
18.26787500
17.79670900
18.04358300
16.67375000
15.91437500
17.17345800
16.07379200
15.69708300
15.55525000
15.89275000
15.89162500
17.12933400
15.87750000
16.10908300
17.92254200
16.21454100
16.92158400
16.30691600
15.63370900
17.26358300
15.98075000
16.18916700
17.38333300
15.15887500
15.17425000
15.12679200
14.98562500
15.45179100
15.55166700
15.45658300
15.36104200
15.20520800
15.14308400
16.94691600
15.96504200
15.69866700
17.05841600
16.38829200
16.90150000
16.61416700
15.89995800
16.33491700
18.60450000
16.09179100
17.54029200
15.55058300
15.93508400
15.51358300
15.72912500
15.90329200
16.13954100
16.39425000
15.89550000
15.99175000
15.31583400
14.99958300
15.43566700
16.41433300
17.07666700
14.86270800
15.63970800
15.21937500
15.70004200
15.48183300
15.82641700
15.46875000
15.14037500
15.30887500
15.34300000
15.11979200
15.50595800
15.57120800
15.63483400
15.21054100
16.60708400
16.07962500
15.35395800
16.72300000
16.83804200
16.48508300
18.28945800
16.24850000
15.31600000
18.06558400
15.69695800
17.03079200
16.21895800
15.24329200
16.66141600
16.11595900
15.93941600
16.46620900
17.87525000
16.23591600
15.76341700
16.06554200
16.86333300
18.48125000
18.35962500
16.24354200
15.43520800
16.57045800
16.79454200
17.29637500
17.58279200
17.64008300
15.00529200
15.20341600
15.82620900
15.86300000
17.07787500
15.75670800
15.57795800
17.07658400
16.78604100
16.75258400
16.89454100
15.79762500
18.34675000
15.97725000
14.95858400
15.39929100
15.13604200
14.85300000
15.37458300
15.19175000
15.74941700
15.69700000
15.70112500
16.49200000
16.06483300
15.17545900
16.49437500
18.72829100
18.02087500
17.21125000
15.70141700
16.99108300
15.59829200
15.68487500
15.63270800
17.24629200
17.00679200
17.49337500
15.53425000
16.13245800
18.82316700
15.99025000
17.33745800
15.67400000
15.47216700
16.69054100
15.85137500
16.68995900
17.86375000
17.48141600
18.09987500
17.26537500
15.44554200
17.54120800
15.85437500
15.85179200
17.93129200
15.40954100
16.34366700
18.26112500
15.25791700
16.15616600
16.21079200
18.61462500
17.84050000
18.29062500
17.76141700
18.13566600
18.19116700
17.23237500
15.91150000
15.10650000
14.96437500
14.58625000
14.83512500
14.83245800
14.77479200
15.37400000
14.77945800
14.66087500
14.90450000
14.68033400
14.41120800
14.91779200
14.95908300
14.72391700
16.04191600
15.00266700
14.73291700
16.29020800
16.63720800
16.69512500
16.74500000
16.57891700
17.08070800
16.45537500
16.76308400
16.58941600
16.83420900
16.57329100
16.80008400
16.76470800
16.50129200
16.76279100
16.71916700
16.61754200
16.51179100
16.87916700
16.68404200
16.76537500
16.71858300
16.59912500
16.88066700
16.61550000
16.61395800
16.63412500
16.73700000
16.61612500
16.79395800
16.61312500
16.59741700
16.89479200
16.66520800
16.56929200
16.65858300
16.68345800
16.65508400
16.70295800
16.67570800
16.63662500
16.80112500
16.74720900
16.63995800
16.57354200
16.80787500
16.63012500
16.88800000
16.62733300
16.54737500
16.82862500
16.53854200
16.62262500
16.80870800
16.83470800
16.43125000
16.91933400
16.43241600
16.87241700
16.62466700
16.77520800
16.62950000
16.52629200
16.76112500
16.67337500
16.67991600
16.58970900
16.75950000
16.76870800
16.73170800
16.59820900
16.69595800
16.59937500
16.94750000
16.45266700
16.52233300
16.86591700
16.60258300
16.71191700
16.81720800
16.66645800
16.66975000
16.69166700
16.81720800
16.40183400
16.99483300
16.53170800
16.54304200
16.56633300
16.95945900
16.51095800
16.67800000
17.32191700
16.03437500
16.87979100
17.02779200
16.12929200
16.73662500
16.76337500
16.95770800
16.41745800
16.71775000
17.06025000
16.44129200
16.38820800
17.04841700
16.29083300
17.25145900
16.73420800
16.12033300
16.82587500
16.65916700
16.63608300
16.62233400
16.77020800
16.76900000
16.59954200
16.69562500
16.60791600
16.64812500
16.70537500
17.19929200
16.00400000
16.86016700
16.83445800
16.50158300
18.88916700
14.43554200
16.63466600
16.89237500
16.74125000
16.52112500
16.91941700
16.49833300
16.59975000
16.77745900
16.69750000
16.38504100
17.03579200
16.67187500
16.57600000
16.78620800
16.74025000
16.56862500
16.71891700
17.14875000
16.30658300
16.57800000
16.66695900
16.56170800
16.78470800
16.76145900
16.57700000
16.71254100
16.77158400
19.49033300
18.59212500
15.93070800
17.57604200
16.27020800
15.92254200
17.12675000
16.45545800
15.70175000
17.38054200
15.76475000
15.83458300
17.20945900
15.93575000
16.66120800
16.53291700
15.74504100
16.82591700
16.62066700
16.11979100
16.97087500
16.87020900
15.74754100
16.92795900
16.75520800
16.61829200
16.52575000
17.16762500
16.83470800
18.65383300
20.51666700
23.13925000
18.94625000
18.45225000
18.64233300
18.64316700
18.90241700
17.57341600
15.66791700
15.87929200
15.49904100
19.03441700
18.12500000
16.07441700
15.52120800
16.60600000
15.91829200
16.16404100
19.30658400
17.87529100
15.56216700
16.33766700
16.70987500
15.32516600
15.66441700
16.31025000
15.96887500
14.93066700
15.56854100
16.88587500
15.88120900
15.47308300
15.56137500
17.48837500
15.16120800
15.44279200
15.17179200
15.64525000
15.31204100
15.08904200
15.27958300
15.55337500
15.75779200
16.37725000
16.35020800
16.26120900
16.88958300
15.88908300
16.34062500
16.83312500
15.81570900
16.30925000
16.41687500
16.81475000
17.38195800
17.52104200
18.38295800
16.09112500
15.19470800
15.69483400
17.12333300
15.76904200
17.08679100
16.03183400
16.66587500
17.36541600
16.35537500
17.31441700
17.95750000
15.24058300
16.01141700
19.54216700
23.35766600
22.48350000
25.30495900
20.18583300
19.45158300
22.94720900
22.07579100
22.68654200
21.95079200
21.62108300
22.20304200
22.07862500
24.64420800
22.08241700
25.01408300
22.85895800
22.37470900
24.77775000
22.54008300
24.41283300
22.36120900
23.61150000
22.79687500
25.07870800
24.08616700
24.07462500
21.93204100
23.46583400
31.63325000
27.09495800
24.09983300
21.07450000
20.94466700
19.91441700
17.17366600
17.81304200
17.67075000
17.64858300
17.49725000
17.28333400
18.46412500
16.19012500
14.66412500
15.17745800
14.76704200
15.29729100
16.24766700
15.32604200
15.43787500
15.60979100
16.05545900
14.99387500
15.86483300
15.40791700
15.03816600
15.66029200
15.26600000
15.50325000
15.59079200
15.46775000
15.39229100
16.29004200
15.88620800
16.45133400
16.77637500
16.96070800
16.69008300
16.31179200
16.01337500
16.27166700
15.55416600
15.22050000
15.42079200
15.21904200
15.35200000
15.42875000
15.12662500
15.44583300
15.57975000
16.12133300
15.57862500
15.60441700
15.74666700
15.59816600
15.72266700
15.83545800
15.58254200
15.69295800
15.62587500
15.92408400
15.61762500
15.70070800
15.05408300
16.05641700
15.31854200
15.40166600
15.62304200
15.30295800
15.75541700
15.57191700
15.86791600
15.56170900
16.04254100
16.29245900
15.65170800
16.26612500
15.36304200
15.54158300
15.56241700
16.34812500
14.97979100
15.57325000
15.44450000
15.23025000
15.24966700
15.78000000
16.31837500
15.93125000
16.75025000
15.77262500
16.61058300
15.77491700
16.06683300
15.59679200
15.23637500
15.48716700
16.53670800
15.67216700
16.30608300
16.17141700
15.78870800
15.39908300
15.27804200
15.00737500
15.44595800
15.34679200
15.66400000
15.98391700
16.60045800
16.51237500
17.41679200
16.27358300
16.29195800
17.05825000
16.44800000
16.94587500
16.44187500
17.06004200
16.19433300
16.96220900
16.56566600
16.81204200
16.47520800
16.97645900
16.32316600
16.87883400
16.62329100
16.86404200
16.50083300
16.77291700
16.42970800
17.19287500
16.29850000
16.92820900
16.45216600
16.84183400
16.69570800
16.89645800
16.27237500
16.89833400
16.50391600
16.91512500
16.71733400
16.42475000
16.67316600
17.05008400
18.39187500
18.84050000
19.82645800
20.04841700
18.22629100
20.94933400
22.51579100
20.68829200
23.72087500
25.66670800
23.05662500
28.08158400
28.22037500
23.92383300
140.04558300
47.55808400
48.66183300
27.50791700
26.43312500
25.76512500
24.65000000
21.67587500
20.86008300
20.97037500
21.29533300
22.34212500
22.39625000
23.33104200
22.97533300
22.86937500
22.96070900
22.28958300
19.18470800
19.59854200
19.00954200
19.39370800
18.72229200
18.95308300
19.68208300
18.44058400
17.94550000
18.97433300
18.27370800
17.93770900
18.12800000
17.98404100
18.03633400
18.39175000
17.43854100
18.08187500
17.89370900
17.92958300
18.08512500
18.29725000
17.42645800
17.73695900
17.95720800
17.39962500
17.85233300
17.58383400
17.61500000
17.73354100
17.95629200
17.64604200
18.96695800
18.03162500
18.22995800
18.56250000
16.19158400
16.23125000
17.94375000
15.65962500
15.71554100
15.94916700
16.13870800
16.76187500
15.87533400
16.04754100
15.73454200
15.52508300
16.05441700
17.96087500
18.19933300
18.24833400
15.65020800
16.79683300
16.16537500
17.55529200
16.95416700
15.92862500
15.34170800
18.37587500
17.35025000
15.32133300
18.15858400
15.84300000
19.40941600
18.37720900
18.23983300
16.52758300
16.93095900
15.80529100
15.22079200
15.12870800
15.61000000
17.13554200
16.60562500
18.42483300
19.22779200
18.43762500
18.52045800
18.37608400
18.13562500
18.04250000
18.43450000
18.54354100
18.56816700
18.63258300
17.99608400
18.24595800
18.11575000
18.59029200
18.20679100
17.92595900
17.88733300
17.47691700
18.06550000
17.93945800
17.57225000
18.11620800
18.32991700
18.21441700
18.76891600
18.18954200
17.61266700
17.57037500
17.23916600
17.27625000
15.39225000
14.84775000
14.58966700
14.91595800
15.13633400
16.08004100
21.64041700
15.98029200
15.45812500
15.86087500
15.02925000
14.99233300
14.72675000
14.77991700
14.70950000
14.84737500
16.29062500
15.78204100
15.20591700
15.17212500
15.48566700
15.21195800
15.24870800
15.73241700
15.64462500
15.26591700
15.54783300
15.10333300
14.80225000
15.58241700
15.32237500
15.28725000
15.28391700
15.40691600
15.33716700
15.92379200
15.48662500
15.46750000
15.47820800
15.48083300
15.10912500
15.30916700
15.59850000
16.13641700
15.93154100
15.23533400
16.15437500
15.38566600
15.15325000
15.40037500
15.47554200
15.36250000
15.08066700
15.33204100
15.24254200
16.09583300
16.58504200
15.56633300
15.36204200
15.70287500
15.44016700
15.10825000
15.47737500
15.44145800
15.88895800
16.01991700
15.35141700
15.10733300
15.08179200
15.78362500
15.29870800
15.24858300
15.39337500
15.77733400
15.44675000
15.46983300
15.52112500
15.66095800
15.93291700
15.80158300
15.08183400
15.80883300
16.48445800
16.60612500
16.59995900
16.65837500
16.84791600
16.66279200
16.93591700
16.56391600
16.88325000
16.47870900
16.81804100
16.39583400
16.93575000
16.56229100
16.72095900
16.65816600
16.73441700
16.91737500
16.41495800
16.77816700
16.43229200
16.92579100
16.68137500
16.43195900
17.35229100
16.12745900
16.81845800
16.70283300
16.62441700
16.53816700
16.82254100
16.66262500
16.57616700
16.64529200
16.76037500
16.80058300
16.66225000
16.49258300
16.82787500
16.76020900
16.54383300
16.78170800
16.69816700
16.46725000
16.90770800
16.59854200
16.77858300
16.60012500
16.71733400
16.71200000
16.65225000
16.58175000
16.78895800
16.73479200
16.66450000
16.69537500
16.65483300
16.71225000
16.58387500
17.04920800
16.28429200
16.85116700
16.66583300
16.59700000
16.60387500
16.90741700
16.64737500
16.67995800
16.86941700
16.39987500
17.66850000
15.87245800
16.61412500
16.94458300
16.40104200
16.43258300
17.63958400
17.12379100
17.26987500
17.44287500
16.31762500
15.77925000
15.48662500
16.53050000
17.11008400
16.34416600
16.83283400
16.43204100
16.70200000
16.71758400
16.68112500
16.66166600
16.64154200
16.70508300
16.74716700
17.02733300
16.61929200
16.33791700
16.55816600
16.76112500
16.79200000
16.64854200
16.66262500
16.68854200
16.80412500
16.50112500
16.81262500
16.78983300
16.56812500
16.71387500
16.68229200
17.53362500
17.82758300
17.22008300
16.12333400
16.08345800
15.48941700
16.56012500
16.56754100
16.88562500
16.54458400
17.14045800
16.50708300
16.16604200
17.19554200
16.54166600
17.13275000
16.52329200
16.56020800
16.21783400
16.93545800
16.86550000
16.53566700
16.75270800
16.45791700
16.85208300
16.70587500
16.78166700
16.38125000
16.85483300
16.74300000
17.09312500
17.75291700
18.83445800
16.43070800
16.19995900
15.65079100
15.82970900
15.76387500
16.84416600
16.38316700
16.79695800
16.51370900
17.07883300
16.49495800
16.76075000
16.43875000
16.96087500
16.50925000
16.69733400
16.75675000
16.52216600
16.67558400
16.64891600
16.63941700
17.04041700
16.38037500
16.72420800
16.87316700
16.56137500
16.78041600
16.86462500
16.32679200
16.75995800
16.43420900
17.22429100
16.62050000
16.59625000
16.46433400
16.86620800
16.85312500
16.46637500
16.61562500
16.73216700
16.71495800
16.39933300
17.18216700
17.57145800
16.76954200
16.07025000
15.71208300
16.87104200
16.69287500
16.66050000
16.64150000
16.56262500
16.81270800
16.79183400
16.21729100
16.65470900
16.65204100
16.82029200
16.66979200
16.46545800
16.83183300
16.61158400
16.35412500
16.80625000
16.50100000
16.79545800
16.68908300
16.73800000
16.61833400
16.75775000
16.40979100
16.76008400
16.61625000
16.41791600
16.96720900
16.48433300
16.78166700
16.96008300
16.77312500
16.40850000
16.84162500
16.64237500
16.80704200
16.65433300
16.66908300
16.57516700
16.82362500
16.59125000
16.70200000
16.99262500
16.73062500
16.51712500
16.57591700
16.71412500
16.70354100
17.05358400
16.54225000
16.47204100
16.68179200
16.42958300
17.00516700
16.71304200
16.67445800
16.68925000
16.85483300
16.61420900
16.80362500
16.60654100
16.72958400
16.81241600
16.60845900
16.56770800
16.76075000
16.69816700
16.46408300
16.77070800
16.68825000
16.44758400
17.09129100
16.64616700
16.62545800
16.69800000
16.56508400
16.69304100
16.73695900
16.85808300
17.33212500
21.50341700
25.65770800
23.30104200
22.85825000
17.49845800
16.30345800
15.97750000
17.30875000
16.64775000
16.93845900
16.16612500
16.05004100
16.07525000
16.64716700
15.98466700
16.45658300
16.01033300
15.92191700
15.87550000
15.62004200
15.97679100
16.33720900
15.78870800
15.70454200
15.89850000
15.64858300
15.67445800
17.22608400
16.03229100
15.89020900
16.09020800
15.84066700
15.62429100
15.97775000
15.35370900
16.14812500
16.13800000
16.17754100
16.10375000
15.56900000
15.73816700
16.40220800
15.83858400
15.90070800
19.46195800
