21.34008300
20.52470900
21.02991600
21.44379200
21.84900000
22.72620800
22.21050000
24.24062500
24.32016700
23.40650000
22.65541700
21.86520800
21.80700000
24.23941700
25.70125000
24.18354100
23.69641700
22.63604200
26.12637500
24.50279100
25.78175000
23.77091700
24.42325000
23.06612500
23.33575000
22.50512500
22.02600000
21.28200000
19.80708300
21.96258400
24.76341600
21.04216700
22.42383300
22.13404200
21.81550000
21.32275000
24.01720800
21.65087500
22.75737500
21.93558400
21.72616600
22.30912500
21.10583400
20.97454100
19.52358400
20.45479100
20.48770900
21.04183300
19.95545800
20.72020900
20.79337500
21.00420800
21.85287500
20.91104200
19.97979100
22.04312500
20.91958400
23.08666600
21.03775000
19.98866700
21.11325000
21.05379200
20.08662500
20.08300000
20.73462500
21.12929100
20.64208400
20.07395800
22.55529200
20.36045800
20.31312500
21.50470800
23.23654200
20.79454200
20.23041600
21.20637500
20.49679200
22.70250000
21.52358300
21.72350000
19.99191700
20.99341700
20.32437500
20.86350000
21.22125000
20.41883300
20.45491700
23.23508300
20.96216700
20.71291600
21.24620900
20.53004100
20.72358400
20.08037500
20.92075000
19.80662500
20.26745800
20.00016700
22.21070800
24.45875000
23.85504200
23.87666600
23.25579200
25.53425000
24.18241700
23.67950000
23.71100000
24.20200000
23.53416600
23.84429200
20.80970800
21.15945900
19.74641600
23.39741700
22.40591700
22.96337500
20.38808300
21.93670800
20.57016700
22.56141700
20.75770800
21.17129200
20.70204100
20.15441700
20.49375000
21.23579200
19.93708300
19.89545800
20.36545900
21.13195800
20.85850000
20.91895800
19.33991700
20.59554200
21.40495800
20.51870800
21.55529200
21.40687500
19.68170800
20.09983400
20.78966600
21.48037500
19.76645900
20.54712500
19.98195800
21.65258300
20.37770900
21.42975000
21.55445800
20.99237500
21.62104200
21.08037500
20.51020800
20.02229200
21.54083300
20.66975000
20.54341700
20.12433300
21.02654200
20.43087500
22.49387500
21.69150000
20.41079100
19.60829200
20.34125000
20.42850000
19.94950000
20.22558300
19.96908400
21.38408300
21.19641700
20.05045800
20.67016700
21.05112500
21.82337500
21.11770800
21.60791700
20.56795800
20.95266700
19.54137500
21.21841600
20.21445900
20.43708300
19.44612500
20.91145800
19.81337500
20.31879200
20.10733300
19.58291700
21.11258300
19.76566700
20.29404200
20.31025000
19.97795800
19.74791700
19.52170800
19.65629200
19.83783300
21.53695800
20.99695900
20.01204100
20.70687500
19.78737500
20.43708400
19.86229100
20.26737500
19.77541700
19.88816700
19.86070800
19.76037500
20.45829200
19.86954100
19.46662500
19.78154200
19.89795800
20.92504200
20.11637500
20.04900000
20.10641700
20.26200000
20.70520800
20.42095800
20.07945900
22.09237500
24.48420800
24.22133300
23.26762500
24.11441700
21.16404200
20.80229100
20.54170900
19.70645800
19.83729200
19.90437500
19.85233300
20.48879200
25.67891600
24.86187500
22.90620900
20.35579100
20.71904200
19.42050000
20.06312500
19.91133300
19.26304200
20.34883300
20.22375000
20.23266700
20.14391700
20.03641600
20.17575000
19.39379200
19.75516700
19.66083300
19.87329200
19.97354100
20.02220900
19.59945800
19.65629200
19.12533300
18.90791700
19.21945800
19.81150000
19.42412500
19.06937500
18.67154200
18.92229100
18.28195900
18.71320800
18.13095800
19.90979200
18.82200000
19.67637500
20.25137500
18.77650000
18.41604200
19.64404100
18.49837500
19.51100000
20.01404200
18.80495800
18.82904200
20.99883300
20.21733400
19.64545800
18.09904200
18.07195800
19.38383300
19.04091700
19.16200000
18.95195800
18.53450000
20.37745900
20.36137500
21.27537500
19.93970800
19.85383300
20.33266700
19.83462500
20.59933300
19.58179200
18.61645800
20.87825000
20.52325000
20.53495900
21.71533300
19.46929200
20.62470800
21.76170800
18.26883400
20.49833300
21.42641700
19.67504100
19.84579200
20.72479200
19.67654100
19.01508400
19.95008300
21.15154200
19.48466600
18.84133400
19.50525000
20.03320800
17.48220800
21.28895900
19.73133300
18.24233300
19.69991700
19.27700000
19.72654200
19.70408300
17.90854200
22.08120800
23.55329200
20.80508300
20.38833300
19.77704200
19.81754200
19.97116600
20.53333400
20.25758300
22.58245800
21.29379200
20.14004200
19.95495800
20.18904200
20.71970800
21.39462500
20.80883300
20.59358400
19.59108300
19.70095800
19.91708400
19.38608300
20.13333300
19.77350000
20.73350000
19.68458400
21.25145800
20.13970800
20.72216700
21.58033300
20.28362500
20.12141700
20.62050000
19.52766700
20.13291600
20.65391700
20.59945800
20.21350000
21.26150000
20.81141700
20.51579200
20.59579100
20.48533400
20.60475000
20.27783300
20.01733300
20.98162500
19.91175000
21.01612500
19.64750000
20.41108400
19.16558300
20.26358300
18.83137500
19.92166700
19.14754200
20.11633300
19.33395800
20.62741700
20.33620800
17.96950000
18.66300000
18.59245900
18.00695800
18.68441700
20.83937500
19.95537500
18.34795800
20.00537500
19.65608300
20.40254200
20.22550000
20.26987500
20.17029200
19.87758300
20.09883300
20.04604200
20.21787500
20.83875000
19.97316700
20.36070800
19.69166700
20.40366600
20.44729200
20.87504200
20.76108300
21.05862500
20.58716700
20.41320800
20.05870800
21.36987500
21.85562500
21.15808400
20.66066600
21.51116700
21.14220800
19.68175000
20.84429200
19.66470800
20.62712500
19.79900000
19.29458400
19.09241600
20.10158400
18.03529100
20.24766700
19.55133300
19.57337500
19.01587500
19.55341700
19.89750000
18.94470800
20.96216700
21.04079200
19.45445800
21.51633300
22.71312500
20.95179200
21.47229200
20.01220800
18.65404200
19.56970800
19.00145800
19.89541700
19.84529200
18.54812500
18.51179100
20.54583400
20.13216600
20.41400000
21.22933400
20.74020800
21.37804200
20.65279100
20.81300000
20.07741700
19.97716700
19.52970800
18.31766700
18.34345800
17.80537500
16.68883300
18.91479200
17.20962500
17.18404200
17.52550000
17.27200000
17.71358300
17.63150000
17.39445800
17.10745900
16.96854100
16.77108400
16.54895800
16.81962500
16.68316700
17.78912500
17.34900000
17.46266600
16.95608400
17.15708300
17.72037500
17.96179200
17.45916600
17.58379200
17.43150000
17.58537500
17.36537500
19.04320800
17.77462500
17.74704200
17.33304200
17.24662500
19.99858300
19.76520800
19.93150000
19.96079200
20.32212500
20.27354200
19.85741600
20.02191700
19.39562500
20.20445800
19.18575000
20.16295900
20.37120800
19.71554200
20.36070800
20.35262500
19.38258300
19.60295900
19.42304100
19.93420900
19.58720800
19.81875000
19.56791700
20.13187500
19.88437500
20.26675000
19.74729100
20.80541700
20.05670800
20.07050000
20.51445900
19.84962500
20.11945800
20.53450000
19.89325000
20.26283300
21.58941700
22.83400000
19.60920800
20.77525000
20.16508400
20.74525000
19.96041600
20.03770900
19.63533300
20.65337500
21.14975000
20.35266700
20.18091600
20.12425000
20.61820900
19.85279100
20.84808400
20.18108300
20.21862500
21.09591700
20.54325000
19.74133300
19.34333300
19.31229200
19.70975000
20.41170800
19.80354200
19.18445800
18.94475000
20.36175000
19.02241700
19.39783300
19.80091700
19.50608300
21.13816700
19.99483300
19.46904200
19.80854200
21.55358300
19.90866700
21.75433300
20.75175000
19.98883300
21.54029200
21.31891700
20.44354100
20.50470900
21.01700000
19.77491600
21.62533400
19.89208300
20.28837500
21.12433300
20.04641700
20.07579200
19.48212500
19.98275000
19.73729100
20.45120900
20.07187500
20.04654100
20.58691700
20.04795800
20.38079200
20.16916700
19.80404100
20.31358400
19.96295800
20.20958300
20.14695900
20.54091600
19.98683400
18.90270800
19.47120800
19.09845900
19.38250000
19.39779100
19.54941700
19.43354200
20.30445800
19.66937500
19.91420800
19.97233400
19.64841600
20.10012500
19.82083400
19.91675000
19.87579100
19.48595900
22.97091600
19.98258400
21.92979100
19.69270900
20.29070800
20.23866700
19.81429100
19.99058400
19.88729100
19.75458400
20.40770800
20.55958300
20.36641700
19.96745800
22.51908400
21.53720800
20.13116700
20.06020800
19.68937500
21.10800000
20.39650000
21.46112500
19.17787500
19.34720800
19.13495900
20.65025000
21.79575000
19.67516600
21.18200000
21.25320900
20.57795800
20.02925000
19.88537500
19.88366700
19.57079100
19.19491700
20.57370800
20.54070900
22.27033300
20.32500000
19.52820800
22.02125000
20.75020900
21.20420800
19.54625000
19.47587500
21.05187500
20.17887500
19.74120800
21.35995900
21.25704100
21.92720900
20.11970800
20.63166700
19.49620800
20.40729200
20.73650000
20.53862500
24.43700000
25.49512500
22.83308300
24.64429200
22.66341600
23.70579200
22.18929200
23.14904100
21.92600000
21.67770900
20.57012500
19.15454100
21.30316700
19.64650000
20.16566700
19.70745800
19.67829200
18.74208300
20.30241700
19.36441600
19.82500000
19.03666700
19.42658300
21.15312500
19.08708400
19.27620800
20.26783300
20.33241700
20.30845800
19.89433400
19.21566600
19.71550000
19.58645900
21.02791600
19.90050000
20.78945900
19.60900000
19.60037500
19.66970800
19.39450000
19.39275000
19.62520800
20.71845900
19.30304100
20.30404200
19.45504200
19.22866600
20.24654200
20.04966700
20.22050000
20.09187500
20.44841600
20.48204200
20.77804200
20.10050000
19.82787500
20.21508300
19.97429200
19.48579100
23.40687500
21.56850000
20.32670900
20.98133300
19.98975000
20.56587500
20.76204200
21.29054100
20.28641700
20.70483300
20.41700000
21.07858400
20.35133300
20.11516700
20.56712500
20.94858300
20.59662500
21.13308300
20.68016700
19.21020800
21.37200000
20.17941700
19.95308300
21.59987500
21.42266700
19.83550000
20.31262500
21.03766700
21.09504100
19.96595900
20.78150000
19.72816600
19.64025000
20.89387500
19.66704200
21.07683300
20.28450000
21.34225000
19.65241700
21.08329200
19.50645800
20.87179200
19.43820800
20.25479200
20.60520800
20.13133300
20.67695900
20.79695800
22.13250000
21.70804200
21.31854100
19.63954200
20.12795800
19.81050000
21.11875000
20.09625000
19.79845900
20.46116600
20.30008400
19.72941600
19.43695900
19.53579100
19.72020900
19.94091600
19.62570900
20.50404100
23.23366700
20.37545800
21.58495900
20.78304100
21.24579200
21.10337500
21.25591700
19.90525000
21.68379100
21.04720900
22.77995800
21.15437500
21.18495800
21.34962500
20.99483400
20.68470800
20.93633300
19.89712500
21.10995900
19.97645800
20.98529200
19.87520800
21.83070800
21.24679200
21.25050000
22.44879200
20.42275000
20.95870800
21.46470800
22.14541700
20.73762500
20.81537500
21.18966700
20.92662500
20.12004100
20.31525000
20.05254200
19.93858300
20.89450000
20.29550000
20.59462500
20.17304200
21.49279200
20.69554100
20.42904200
20.80979200
19.06683300
19.43337500
19.41033300
20.05945900
19.11800000
20.36500000
18.96262500
19.39058300
19.32395800
19.02662500
19.24795900
20.09341600
18.03995900
18.93250000
18.84683300
19.16975000
18.64533300
18.80712500
16.85062500
18.16066700
16.98620800
17.40691700
17.21358300
17.43912500
17.91358400
17.64429100
17.19579200
18.99679200
17.07887500
16.71529100
17.91679200
17.34216700
17.85258300
17.79200000
18.02400000
18.28587500
17.71345800
19.95891700
17.70037500
17.08054200
16.19491600
16.15733400
16.71329100
17.01366700
15.63820800
15.68087500
15.17275000
17.24070900
16.82408300
17.69504200
16.21054100
15.95566700
17.85675000
18.78991700
18.40895800
17.67479200
17.96850000
18.19262500
18.62000000
16.70508300
16.04162500
16.59375000
16.67279200
16.31112500
17.70262500
17.12437500
17.13804100
16.38066700
15.98633300
16.27350000
15.32758400
14.71616600
14.63787500
14.49183400
14.73425000
14.58341600
14.53266700
18.59995800
16.11716700
18.16704200
16.61908300
16.44254200
16.70012500
17.72012500
15.90770800
16.20120800
14.88362500
14.57425000
15.72508400
15.90945800
16.79087500
16.62800000
18.86654200
12.20908300
15.18425000
14.31908300
15.24687500
16.11391700
16.35312500
15.74095800
17.68770900
17.86537500
17.84187500
18.69612500
17.47033300
17.82833300
17.82612500
18.36875000
18.23845900
18.46179100
17.43441700
17.95412500
17.82179200
17.91870800
18.62683300
20.26804200
20.38066700
19.83075000
21.17995800
19.97541700
20.33962500
19.71129100
19.97504200
20.04425000
20.18670800
20.72054200
19.94458300
20.91929200
20.30229200
20.59191600
20.01775000
21.88933400
20.23762500
19.57737500
20.28787500
20.12245800
19.68970800
20.73587500
19.86975000
19.61529200
21.44804200
20.79354100
20.63112500
20.52700000
21.34475000
20.40604200
19.96087500
20.24933300
19.27387500
21.59308400
20.91254100
20.00383400
21.52941600
20.29516700
19.42479200
19.03970800
19.90887500
19.50487500
19.96441700
20.58579100
19.63137500
19.94320900
19.95350000
20.24508300
20.42250000
19.74379200
20.49166600
19.75083400
19.80183300
20.04291700
20.06854100
22.06120900
20.26633300
20.82312500
20.32391700
21.45591600
20.72037500
20.95691700
20.56091700
19.20420800
21.07979200
20.85891600
21.05591700
17.60191700
18.15375000
20.57445800
20.72400000
18.54395800
17.15020900
17.09745800
22.16404200
17.94920800
18.99175000
18.30866700
17.90162500
18.35541600
17.08833400
17.21845800
16.80362500
16.94983300
19.20404200
16.98108300
17.80120900
17.61808300
17.79733300
17.29675000
17.22700000
17.96020900
16.63687500
17.07670800
17.37433300
16.70325000
16.59687500
17.91358400
16.34575000
17.21066600
16.92616700
16.71054200
16.87175000
18.25941600
17.45358400
17.46054100
17.71545900
17.35541600
17.74950000
17.14604200
17.09983300
16.61095900
16.81441600
17.14291700
16.67662500
17.95350000
17.56425000
16.87408300
16.89916700
16.77991700
16.77175000
17.12508300
18.31250000
17.42979200
16.82579100
17.29850000
17.18541700
17.46741700
16.01037500
16.41987500
15.35904100
17.95666700
17.43654200
17.37354100
17.69729200
18.65154200
17.73325000
17.87733300
17.74620800
17.36395900
19.18358300
17.78483300
18.10112500
18.23904200
19.44262500
16.28933300
16.16320900
17.54808300
16.15237500
17.73304200
17.28091600
17.36079200
16.32741700
17.21295800
17.47058300
16.15883400
17.50900000
16.41625000
15.66529100
17.76066700
17.30987500
15.99500000
16.61266700
17.79929100
18.30916700
15.96791700
19.01554100
18.05737500
18.28845900
16.69362500
17.76841600
16.82495900
18.95062500
17.73183300
16.00366700
17.40912500
16.01812500
15.75933300
16.53358300
17.36695900
15.98087500
16.77204100
17.12562500
16.17958400
16.50866600
17.01062500
16.02454200
16.21262500
17.57216700
17.71829100
15.82137500
17.08608400
16.29995800
17.62008300
17.37241700
15.98137500
17.83008300
17.07841700
17.18762500
18.39662500
16.44016700
17.65179100
16.45216700
17.48079200
17.17670800
18.28487500
17.77783300
17.05916700
17.55966700
16.71833300
16.68287500
14.89120800
15.66062500
15.08333400
14.44879100
14.25666700
14.98558300
14.65945900
14.74400000
14.87687500
14.74870800
14.51333300
14.82479200
14.78116700
14.65304100
14.58183400
14.22850000
16.53245800
14.28708300
14.41079200
15.07279200
15.33404100
14.06616700
13.89733300
14.66279200
14.72241700
14.35937500
14.79779100
16.86662500
14.27450000
14.26195900
14.15391600
14.40341700
14.98775000
15.79795800
16.70458400
18.43300000
17.82700000
18.41691600
18.03270900
17.66083300
17.29737500
18.32837500
17.65200000
17.41362500
17.77083300
19.41912500
19.08570900
20.76700000
20.58341600
19.50841700
20.31800000
21.29670800
20.72158400
21.12850000
21.17620800
20.32604200
20.57491600
19.99258400
20.75975000
21.17325000
21.13804100
20.91487500
21.96658400
21.37404100
21.06654200
21.49479200
21.22950000
21.29433300
20.58120800
20.85420900
20.72391600
20.96175000
20.56412500
21.36316700
20.85070800
21.02266700
21.78816700
23.28866600
20.73958400
22.33437500
21.47541600
20.06254200
21.80225000
21.03683300
21.04879200
20.07908300
20.50329200
19.73916700
21.65854100
20.99708400
20.43120800
20.89529200
21.14770800
20.80395800
21.08070900
21.52195800
21.76862500
20.11116700
22.74225000
21.03325000
20.90254100
22.25925000
21.21750000
21.40541700
20.81995800
20.47204200
20.58845800
22.11429200
19.86479200
20.47354100
21.11566700
21.35670800
19.72670900
20.48941600
20.19241700
20.90500000
20.94770800
20.99900000
19.91400000
21.25812500
20.79779200
21.22570800
19.71816700
23.87320800
21.36554200
20.19791700
20.82050000
20.79141600
20.08104200
17.71066700
20.76400000
20.57975000
21.44362500
18.14008300
18.14654200
20.45479100
20.21470900
17.44195800
18.51116700
18.19729100
21.50704200
19.16883300
17.79625000
18.80579200
18.81616700
18.95562500
18.73441600
19.54679200
18.40104200
18.91800000
18.43712500
19.49962500
18.14362500
18.12075000
17.48450000
18.86550000
17.61020800
17.73445800
18.13837500
17.61462500
18.27383400
18.44333300
17.67687500
18.37604200
18.12916600
17.99095900
18.12416600
18.35616700
17.83304200
17.41537500
17.69600000
16.38375000
16.71991600
18.18741700
16.67391700
16.88870800
16.64612500
17.06170800
16.85979200
16.78483300
17.38095900
16.24825000
16.25337500
17.33875000
16.29304100
17.56629200
18.32666700
16.73841600
16.45366700
17.80075000
16.16283300
17.80108400
16.13850000
17.90091600
18.72091700
16.40933300
17.97545900
15.98950000
16.91120800
18.41404200
17.12870800
16.97354200
18.15975000
17.82625000
16.74050000
20.22229100
17.51579200
18.92579200
16.64854100
17.51325000
16.53316700
17.56037500
16.82812500
17.83787500
17.22670800
17.67275000
19.38066700
17.95841700
18.41754100
16.95175000
17.67375000
18.14166700
17.55133300
16.01587500
17.38787500
16.90925000
15.99220900
16.80858300
16.99400000
16.33170800
18.38895900
16.83379100
17.32754200
18.36262500
18.24537500
17.49208300
17.86308400
18.61070800
17.54404200
18.42316600
17.91650000
17.77008400
18.90575000
18.62429100
18.12200000
18.03704200
17.77895800
16.99825000
16.12275000
15.60533400
15.78195800
16.21537500
15.86887500
15.72812500
15.91116700
17.19429100
16.27958400
16.17675000
15.70250000
15.59437500
14.73237500
15.84404100
14.95170900
14.45283300
14.17208300
14.82829200
14.50400000
14.32908300
14.36979200
14.12787500
14.60925000
13.84291700
14.83575000
13.60470800
13.65816700
13.70033300
13.87575000
13.31700000
13.47662500
14.19266700
13.98854100
14.13100000
15.15983400
13.73462500
15.44479100
17.58291700
15.12262500
15.49441700
20.06850000
16.82445800
17.65754200
17.97304100
17.21983400
17.46595800
17.23762500
16.89250000
16.63062500
17.08850000
17.29583300
17.07191700
18.72937500
19.35250000
19.31183300
19.55941700
21.57120800
18.93300000
19.70716700
19.40175000
19.80545800
19.53379200
21.36658300
19.70391700
21.32641700
21.35162500
20.62087500
21.64370800
20.69400000
21.81583300
21.36775000
21.52229200
21.64245800
22.30841700
21.99500000
21.87512500
21.36183300
22.72066700
21.18562500
21.81204200
20.77612500
21.10591600
21.20658400
21.00091600
20.82595900
21.35070800
21.54487500
20.84645800
21.23716700
20.95000000
21.96175000
21.17966700
20.57904100
21.26058400
21.14933300
21.20687500
21.81433300
21.15595900
20.52025000
20.66825000
21.33687500
20.79616600
20.41900000
19.78333400
21.07016600
20.84675000
20.32862500
22.55766700
20.71475000
21.00283300
21.60312500
20.90291700
20.42704200
21.75816600
20.60500000
20.81516700
21.18508300
20.79620900
20.96591600
20.19695900
21.58508300
20.73266700
20.93829100
20.57408400
20.23245800
22.11516700
22.22545800
23.40650000
21.98016700
22.68758300
22.38379200
23.79012500
21.29658300
20.79945800
21.98670900
20.38008300
22.08841700
20.38145800
21.22166700
20.72870800
20.37804200
20.47879100
20.86979200
21.09841700
20.80841600
22.60125000
21.12654200
21.32466700
21.08412500
20.59962500
20.69854100
20.15820900
20.49275000
17.31320800
20.09616700
21.01954100
20.23316700
17.73275000
17.97183300
21.97195900
19.57891600
18.75079200
18.10804200
17.86129100
21.44758400
18.04529100
17.85645900
17.55316600
18.12762500
19.33995900
18.29729100
18.28437500
17.55591700
18.28283300
17.48929200
18.99241700
18.41708300
18.19554200
19.83779100
18.12020900
19.51320800
18.52587500
18.00475000
17.69291700
18.75491600
18.82908400
18.49529100
18.59808400
17.93795800
18.23737500
17.99225000
17.95125000
17.97091700
17.77833300
18.51200000
15.71650000
19.14100000
17.20645800
19.24654200
17.42316700
18.20295800
17.24137500
17.13583300
17.04987500
18.60854200
16.69470800
17.27262500
17.40154200
16.14808300
17.91283400
17.52037500
17.02575000
17.39287500
16.14929100
16.40287500
17.95304200
17.30879200
18.26162500
17.05408300
17.73062500
18.75237500
16.97250000
16.28687500
18.80291700
16.48204100
18.75683400
18.74533300
18.77358300
18.42170900
17.07625000
16.54441600
15.93691700
18.22537500
16.34029200
17.32008300
17.84450000
17.26820800
18.32179200
18.08570800
18.11862500
19.73491700
18.15341700
17.68187500
17.49437500
17.91858300
17.64700000
15.93683300
15.26045900
15.20787500
16.40062500
15.80020800
15.39520800
16.90029200
15.75650000
15.02337500
16.63233300
15.72362500
15.52216700
16.17783300
15.59254200
13.87941700
14.41862500
13.88941600
13.97525000
13.58766700
13.44887500
13.87187500
13.47575000
14.52266700
13.44266600
14.21345900
13.70875000
14.62704100
14.00054200
14.12879200
13.98554100
14.72766700
14.18916700
14.42604100
15.09141700
15.44354200
14.53804100
15.95316700
16.39416700
16.44108300
16.28979200
16.18170800
17.60579200
16.88670800
15.78058300
15.95504200
15.84216700
15.88033300
16.18104200
15.60816600
19.98525000
17.13337500
17.06583400
18.33387500
21.25354100
19.30962500
20.19516700
19.80108300
19.23037500
20.37420900
20.71866600
19.18333400
21.05245800
19.69312500
19.77491700
20.28362500
19.57654100
19.51345900
20.28291600
21.70945900
21.55475000
21.49583300
21.44900000
21.71879200
20.39095800
21.74550000
21.84462500
21.28262500
21.40154200
21.47529100
21.51787500
22.70437500
21.61125000
21.55612500
21.44062500
21.88591700
21.28637500
22.17712500
21.10550000
20.60566700
20.39254100
20.37250000
21.94095900
21.26812500
21.13887500
22.75254100
21.15950000
21.16816700
21.84554200
20.50204100
20.84195900
21.24916600
21.09041700
21.82666700
22.13900000
21.48266600
21.33516700
21.24616700
20.32066600
20.41091700
20.87054200
20.76516600
19.51458400
21.95308300
21.50045800
20.97012500
20.28950000
21.53445900
20.43066600
20.86391700
19.80270800
19.97941700
19.92650000
21.88445800
20.00537500
20.92245900
20.87641600
20.89454200
20.27087500
20.98883300
20.77900000
22.31120900
21.32816600
21.69412500
21.09862500
21.94933400
22.24312500
20.66870800
21.37287500
21.07358300
22.21370900
21.03641600
21.09308400
20.89787500
20.55283300
21.14045800
20.86308400
20.12883300
21.28066700
21.20041600
21.43004200
21.82000000
22.48866700
21.78212500
21.71187500
22.07333300
20.16054200
20.67395800
21.82995800
20.23404200
20.41095800
21.09300000
19.80595900
20.12279100
19.70487500
20.87425000
20.27183400
22.27854100
20.36304200
21.46012500
20.45762500
19.90679200
20.34820800
20.69366700
21.70091600
21.20733400
21.42204100
18.51012500
20.38979200
21.17579200
21.97795800
18.57133300
18.44779200
21.29654200
22.14662500
19.66170800
18.23195800
17.84983400
22.90329100
129.73954200
39.08737500
18.13429200
18.18220800
19.07900000
17.43470800
17.75533400
17.55279100
17.52895900
18.18666600
17.72420900
17.92500000
17.89075000
17.60633300
17.12929200
19.22179100
18.70654200
17.55979200
16.98450000
18.10100000
16.67020800
19.57041700
19.11750000
17.90391600
18.81337500
18.67954200
18.61033300
18.11591700
17.45237500
18.07704200
17.58570800
18.69800000
17.93758300
18.18125000
17.68091700
18.65141700
19.00654100
20.48404200
18.63700000
18.87954200
18.15429100
18.33945900
19.36262500
18.74791600
18.53950000
18.67370900
18.07712500
18.00420800
18.36766700
17.81158300
17.90504200
18.41675000
17.61450000
18.03908300
19.81908300
18.76933400
18.09512500
18.91541600
18.06012500
18.11566700
17.98783300
17.58137500
17.42604200
17.29600000
16.01758300
16.93529200
16.82891700
16.12508300
16.47979200
15.94129100
16.29870900
15.95287500
16.07195800
16.10100000
16.10054200
16.08850000
16.17004100
16.74320900
16.62483300
16.87683300
16.84241700
16.47433300
15.75708400
15.98950000
15.87583300
15.56962500
16.54062500
16.97833300
16.40670900
16.45041600
16.44516700
16.35562500
16.66975000
17.52983300
18.26962500
19.52116700
18.55695800
19.18562500
19.27504200
20.33404200
19.01283300
19.23133300
18.69133400
19.18920800
21.46141700
17.09875000
19.42870800
18.81200000
17.30012500
19.72312500
18.34233300
19.41516700
18.63350000
19.70154200
18.74945800
19.33912500
18.91429200
19.34000000
19.14625000
19.14908300
19.05095800
18.54712500
18.65229200
21.87670800
22.78895900
20.52425000
21.21150000
20.64162500
21.66137500
20.41570800
21.01870800
20.73087500
20.83954200
19.50766700
20.23879100
20.49587500
19.57691700
20.91991700
21.38058300
21.14037500
21.62045800
20.68637500
20.78437500
20.61004200
21.33550000
20.78829200
20.79675000
21.93241600
23.04666700
21.15145800
20.84204200
22.33854200
19.76733300
22.58487500
21.74804200
21.53604100
22.46383400
23.43616600
22.34554200
20.34241700
20.34879100
20.66695900
20.78370800
21.84845800
20.85858400
21.60725000
20.61562500
21.63812500
21.83895800
21.51354200
21.78966600
22.04216700
21.05258300
20.50683400
20.54370800
20.14862500
20.16612500
20.76258300
20.87195900
20.47262500
20.81520800
20.95341700
21.21108300
21.18175000
21.99845800
20.72612500
21.68341700
21.09050000
20.95841700
21.08262500
21.19887500
20.69045800
20.66837500
20.10408300
20.31700000
21.35791700
20.54795800
20.38404200
20.06162500
20.61279200
20.80412500
23.50258300
21.12858300
21.45158400
20.58929100
20.74791700
21.48475000
21.49537500
21.08362500
19.37625000
19.74129200
21.27758300
21.11362500
19.56708300
21.17925000
20.03650000
18.98158400
19.90591600
18.99937500
20.32570900
19.19983300
20.49666700
21.15750000
20.00104100
19.89437500
20.62145900
18.88029100
23.84487500
18.65254200
20.38395800
21.03825000
20.61045900
20.82070800
21.36512500
21.31870800
21.96929200
20.89062500
21.22112500
21.21125000
19.80375000
21.48808300
18.28245900
18.83891600
19.50416700
18.46966700
17.27291600
18.06120900
18.46154100
20.57958400
18.03066600
19.04000000
21.79166700
15.71183300
18.69737500
16.90445900
16.96750000
16.57845800
16.95041700
15.09329100
17.62020900
17.63208300
17.83645800
17.86300000
17.22650000
15.89529200
17.54466700
18.16141600
17.41083400
16.56725000
16.73300000
17.96770800
16.23091700
17.73229100
16.37512500
15.94566700
18.20337500
17.91708300
18.01600000
16.64008400
19.22608300
18.32225000
17.33062500
17.01208300
17.60712500
16.72041700
14.94350000
15.82370800
15.32079200
15.20875000
15.14320800
14.80229200
14.65737500
16.01141700
14.81525000
14.72520800
14.85337500
15.05770800
14.81529200
14.72437500
15.82095800
14.79258400
15.63004100
15.56725000
15.53654200
15.14670800
13.81829200
13.83741700
14.08837500
13.71354100
14.53708400
14.12241600
13.82450000
13.86908400
13.61929100
15.53854200
13.84154200
15.15987500
14.29087500
14.32550000
15.27970800
16.17145800
15.80191700
16.33358300
15.89866700
16.38075000
15.95804200
15.37016600
16.07633400
15.64950000
16.41679100
17.66083400
15.90183300
15.89566700
16.22291600
17.45350000
16.29987500
17.46458400
17.87250000
18.60720800
18.85062500
18.54816700
18.66829100
20.59283400
17.76454100
16.52937500
17.80408400
17.88054100
17.73350000
18.03379200
18.00816700
18.27454100
18.24812500
18.41945900
18.08054100
18.11079200
18.72533300
17.42625000
17.13158400
15.55325000
17.34233300
18.47137500
19.02320800
18.11804200
18.54745800
18.68879200
18.34908300
18.23958400
16.24645800
17.82462500
18.05758300
18.24775000
17.49920900
18.31079100
17.25670900
20.70991600
19.95129200
18.25020800
19.34587500
18.96637500
18.89204200
19.87154200
19.84879100
19.08341700
19.30575000
19.32108300
17.76779200
19.14104200
18.47962500
21.04450000
19.02550000
19.32479100
20.62387500
20.74604200
20.76195800
20.66300000
20.43383400
20.73733300
20.86745800
21.13433400
20.74179100
21.41195900
18.82358300
20.44595800
20.07137500
21.29200000
21.18750000
20.46695900
20.42995800
20.08066700
20.42833300
21.53041700
20.30616600
20.93787500
20.99462500
20.67512500
27.55133400
25.27270800
22.67883300
23.04233400
22.24912500
22.15929100
23.02095900
22.57825000
21.01616600
25.22420900
23.04704100
23.07800000
21.63562500
21.77750000
22.10716700
21.68520800
20.10204200
20.40333300
20.10608400
20.63333300
20.51120800
20.48687500
21.32383400
19.91258300
20.56529200
20.29095800
21.03216700
19.80720800
20.59254200
20.85333300
20.86662500
20.27741700
21.06283300
20.28104200
22.68587500
21.88391600
20.62658400
19.97170800
20.39766700
19.73179100
22.89462500
19.88608400
21.36883300
21.19079200
21.89566600
21.58591700
21.57658300
20.93412500
21.02041700
20.71295800
19.77854200
21.77304200
20.36879100
20.66908400
20.95516600
20.37737500
20.96000000
20.73512500
22.35845900
20.31158300
20.87254200
20.51679100
20.98041700
21.84400000
21.58112500
21.49275000
21.07958300
21.11608400
21.07250000
21.66887500
21.69525000
21.48754100
23.04516700
21.43316700
20.91479100
20.80054200
20.51558300
21.44791700
21.74333300
21.45854200
21.24925000
21.07125000
21.64754200
21.68604100
23.09279200
21.50954200
21.89750000
21.52687500
20.28429100
20.20037500
21.09716700
21.08933300
18.02958400
22.24212500
21.54354100
21.03691700
19.24445800
18.77170900
21.37737500
21.39937500
18.82312500
19.85141600
19.47104200
22.29329200
17.78633300
17.52345800
17.26887500
17.82654200
16.93633300
17.17504200
17.83408300
17.96587500
17.05987500
17.14008400
17.21875000
16.90604100
16.93495900
15.84283300
14.96204200
15.14666600
15.38412500
15.63254200
15.33458300
14.91708400
15.28804100
15.15991700
15.20945800
14.88458400
15.15112500
15.31495800
14.38183300
14.04045900
13.51179100
14.08629200
14.39095800
13.49058400
13.61054100
14.04933400
13.86375000
13.57883300
14.20695800
15.36520900
16.63379100
16.03625000
16.03845900
15.95700000
15.91804100
15.22766700
16.52458300
15.26395900
16.42604100
15.44337500
15.76879200
16.08066700
17.27258300
15.73766700
15.84108300
16.04108300
16.24537500
16.41250000
15.93520900
16.90137500
16.17866600
18.05912500
18.00950000
18.71595900
18.38887500
16.55600000
17.79908300
17.48233300
17.53629200
17.93875000
18.12320800
18.06575000
18.30483400
17.93466600
17.79325000
18.82970900
18.74725000
17.68458300
17.19891700
18.44670800
17.67579200
17.31491600
18.19733400
17.86183300
17.67462500
18.81304200
18.41954100
18.05058400
16.75150000
18.15095800
17.66558300
16.42537500
17.45895900
16.22158300
17.53483300
18.44829200
17.99200000
17.86637500
18.75783300
17.80891700
18.20804200
17.75141600
15.95445900
20.13308300
18.14100000
18.92395800
18.68741700
18.75016700
18.53058300
18.60500000
19.36462500
18.29783300
18.51979200
16.27633300
17.02754200
19.92700000
17.18570800
17.92437500
16.98383400
18.48583300
18.11529200
18.35612500
16.58841600
17.51854200
18.42891700
18.56291600
15.81845900
18.35062500
18.46104100
17.42958400
17.43937500
16.49908300
14.71325000
18.32870800
18.64491700
15.51566700
17.54195800
17.68708300
16.46541700
18.45300000
18.14412500
16.72120800
16.80075000
18.08341700
15.12133300
21.88920900
18.89316600
17.42116700
20.24020800
18.35529200
18.93187500
19.89108300
19.26320900
19.00304100
20.59387500
17.65587500
19.30200000
19.26470900
19.59866600
19.38375000
19.59504200
18.38841700
18.57466600
21.31612500
20.86950000
20.38408400
18.98575000
21.53454100
19.98991700
22.72895800
22.08987500
20.65720900
21.00783300
21.69133300
20.62979200
19.63641700
22.08954100
21.64445900
21.25404100
21.30333400
20.46704100
21.74908400
20.84820800
20.42037500
21.58004200
21.54620800
20.58737500
21.80308300
21.25979200
21.25629200
20.40100000
20.71845800
20.26633300
20.79379200
20.60266700
20.16137500
21.02525000
20.14500000
20.14141600
20.35358400
21.31183300
20.17958300
21.52116700
20.47837500
20.82012500
21.77270800
20.00108400
21.98970800
22.96241700
20.54716600
20.23800000
21.80879200
20.81050000
19.90458300
21.74495900
20.42545800
19.71804200
21.35654100
20.58029200
19.57304200
21.36975000
20.34729100
20.54604200
20.55766700
21.09791600
19.50770900
22.79854100
20.79595900
24.45929100
23.48795900
28.30933300
21.32162500
21.55104200
19.97787500
20.65191600
19.90741700
19.94700000
20.58233300
20.63637500
21.09420900
19.95808300
20.74504200
20.56416600
20.07350000
19.92533400
19.64854100
20.09258400
21.01645800
20.38129200
20.79387500
22.65933300
20.30166700
22.16800000
20.86145800
20.91045800
20.50904200
19.73558300
21.50162500
20.45854200
19.80320800
17.92237500
20.55525000
19.45470900
20.61675000
18.18120800
19.54037500
20.47820800
19.81354200
18.58875000
17.55675000
17.69091700
20.81058300
18.26137500
17.99591700
18.05925000
18.18612500
19.42108300
18.92770800
17.74662500
17.52737500
16.34087500
16.22095900
17.14612500
16.64679100
16.64054200
15.51104200
14.62262500
16.30450000
14.94970800
15.58295800
15.00070900
16.75245800
15.24975000
16.98908300
15.21454200
15.27125000
15.47350000
16.49054200
15.24475000
13.77787500
13.55650000
13.47250000
13.28491600
13.43508400
13.08895800
13.91050000
13.73825000
13.44854200
13.42225000
13.25400000
13.38687500
15.04408300
13.36050000
14.26566700
14.49145800
14.63637500
15.29537500
14.31766700
15.74408300
17.87558300
16.55858400
15.75891600
15.73491700
15.82812500
15.59687500
15.33945800
16.07387500
17.01316700
16.67266700
16.11850000
16.23758300
15.62170800
15.64708400
15.38941600
16.89675000
17.18700000
16.92558400
17.16695800
17.13720800
16.94800000
17.95591700
18.60354200
17.37437500
18.46900000
18.00345800
17.81300000
16.44954200
18.29070800
18.27533300
18.92641700
17.82462500
17.94508300
17.80391700
17.90712500
17.82575000
17.98204200
17.62204100
17.47691700
18.08166700
17.81066600
17.55554200
17.44425000
18.35745800
17.83712500
17.34229200
17.19441700
17.29866600
17.76437500
17.51229200
17.74229200
17.62600000
17.35620800
18.32908300
17.69291700
17.69570800
18.53250000
17.43354200
16.74845800
17.37508400
18.55287500
17.83258300
17.68162500
17.87554200
17.12383300
17.39491700
17.20920800
17.05554200
17.43279100
17.33208400
17.17658300
17.32808300
16.82245900
17.55962500
17.47758300
16.46725000
17.04058300
17.80641700
17.59687500
17.82470800
16.98062500
15.57883400
22.03054100
19.09991700
19.21120800
19.08783400
19.46154100
19.02483400
18.79675000
17.81200000
20.49950000
18.84366600
18.88958400
19.19041600
16.48537500
19.08079200
18.95062500
18.25800000
18.56729200
18.44116600
16.93533400
18.48766600
20.44695900
19.90495800
20.97283300
20.79108400
20.54175000
20.32125000
21.13133300
20.83566700
20.64445800
19.29129200
20.39750000
22.85920800
20.49225000
20.01116700
21.16154100
19.89445900
21.21316600
21.58775000
20.99737500
21.74245900
21.06304100
21.01354200
21.10620800
20.46862500
21.71045900
20.65004100
22.12841700
21.74920800
20.90066700
20.77350000
20.16458300
20.70050000
20.66570900
21.22212500
20.21187500
20.35029100
20.76412500
21.00695900
19.85129100
20.23470900
21.11025000
20.45475000
20.20429100
21.23962500
20.40079200
19.60920800
19.68458400
20.07237500
19.71329100
20.24775000
19.55225000
20.25354200
20.12954200
20.79341600
19.18704200
21.67379200
21.61062500
22.28804100
21.88458400
20.47545800
19.18933300
22.68966700
20.47445800
19.93379200
20.10583300
22.27320900
20.97116600
21.29212500
20.26720900
20.01579100
20.10162500
21.22987500
20.90566700
20.44516700
20.52100000
20.00325000
21.33441600
20.37200000
20.88179200
19.66416700
19.73679100
20.07758400
19.65983300
19.33162500
20.53562500
20.29308300
19.57225000
20.78508400
19.42033300
20.05091700
21.19241600
21.69037500
20.56550000
20.46900000
20.83191700
19.81145800
20.32095900
19.91241600
19.45891700
21.35991700
19.44170800
19.23837500
21.19862500
20.85087500
20.94616700
22.03812500
20.80533300
31.23445800
25.79133400
22.97100000
36.51945800
31.80395800
27.78629200
25.58258300
23.65620900
21.40250000
19.14604100
19.40008400
19.83933300
20.31145800
17.75666700
17.70354200
19.76308300
21.30962500
17.15116700
16.77083300
19.42620800
17.70666700
17.81237500
17.75754200
18.53770800
18.12425000
19.35741700
17.63091600
18.65158400
17.98433300
18.12954200
17.18329100
17.44595900
17.11258300
16.98154200
16.73441600
16.38487500
16.11187500
16.29879200
17.44470800
17.59225000
16.84225000
17.18754200
16.85525000
16.99945800
16.83379200
16.39525000
16.83216700
17.37995800
16.75150000
17.12895800
16.67425000
16.78783400
16.56554100
17.68862500
16.38333400
14.94316600
14.80629200
15.06291700
14.82204100
15.46291700
15.72416700
15.32100000
17.26266600
17.75541700
17.03033300
19.74579200
16.55179200
18.54658300
19.52937500
20.59525000
18.50287500
18.37812500
18.26545800
17.80450000
17.84762500
17.00883400
17.23579100
17.25933400
18.98366600
17.54683400
17.45566600
17.33283400
17.40170800
17.81150000
20.16183300
18.19375000
19.79979200
18.36504200
18.13295800
17.57920800
18.04320900
18.80683300
18.81000000
17.97004200
18.06191600
17.95112500
17.09591700
16.36283300
18.58195900
16.96200000
17.66187500
18.49600000
18.56691600
18.15854200
20.05479200
18.57695800
18.13500000
19.00362500
17.46375000
17.88658300
18.03350000
17.86200000
17.87137500
16.71233400
16.68770800
18.56191700
18.29008300
18.32745800
16.78412500
18.06133400
16.36754100
17.07250000
17.83583400
16.12691600
17.77758400
17.69666600
17.78887500
16.76970900
17.06558300
17.35741700
17.57812500
17.30687500
15.93312500
16.90162500
15.83429100
16.51100000
17.30183400
16.70579100
15.75100000
16.18270900
17.04866600
16.74470900
16.11975000
17.43629100
15.65400000
15.96679200
17.39220800
16.92829200
15.81145800
15.53083400
17.96925000
18.08966600
17.08675000
16.58983400
18.46029100
18.20783400
16.98891600
17.99633400
19.56754100
18.31633400
15.91445800
16.42683300
19.43083400
19.15012500
17.06629100
18.67433400
17.09129100
19.28054200
19.23029200
19.58741600
19.33779200
19.22687500
20.50800000
20.32658300
18.67266700
19.47100000
17.57420800
18.04920900
19.83337500
17.08329100
17.58645900
19.72720800
19.12375000
19.26975000
21.13887500
19.05820800
21.87404200
21.58412500
19.19066700
19.86620800
21.14008300
20.73420900
21.11929100
20.69787500
21.46170900
20.35200000
19.21216600
21.26595900
21.32312500
19.32479100
20.48341700
20.82075000
19.23304200
21.46516600
20.93175000
21.72200000
24.60137500
21.85550000
21.65541700
21.79691700
20.95904100
20.52245900
19.66133300
21.10470800
20.17562500
21.56850000
21.01679200
21.29995800
20.83300000
21.07320900
19.82891600
21.82358400
21.76316600
20.67195900
21.19020800
21.47179200
20.88354100
20.94437500
21.24420900
21.48362500
21.65883300
19.69533300
20.50858400
20.11483300
20.51104200
19.90866600
21.24208400
19.80050000
20.43737500
19.73700000
20.48762500
19.23850000
20.57462500
19.59512500
19.97162500
20.92537500
21.04433300
20.94858300
20.80475000
20.69066700
20.03045800
20.38591700
19.94600000
19.52975000
19.53937500
19.35945800
19.40375000
20.39237500
18.98395900
17.59775000
18.14537500
17.64220800
17.66333300
17.65162500
18.58758400
17.60383300
20.77712500
17.76550000
17.63770800
17.98225000
17.68066700
17.76233300
15.46700000
18.57687500
16.50908400
17.55562500
13.68033300
14.38008300
16.18400000
15.75141700
13.95816700
13.76754100
12.99058400
16.87729100
14.68637500
14.05087500
14.33420900
14.96975000
15.31708300
15.54391700
15.79195800
15.72820800
15.07629200
16.34604200
15.44891600
16.00825000
15.87925000
15.25133400
15.51875000
15.30333300
15.01162500
15.94904200
16.37087500
15.43041600
16.35212500
15.46016700
15.75229200
16.04970800
17.58041700
18.01891600
17.95654200
18.26620800
16.69570900
17.30045800
17.55604200
16.93058300
16.93783300
17.66762500
17.17037500
17.46091700
15.81108300
17.10579200
17.42687500
16.31545800
17.50441700
17.73583300
17.63391700
18.01570800
17.56225000
18.99950000
18.13195900
18.89925000
18.03475000
17.85154100
19.83854200
18.06408300
18.95995900
17.94062500
17.88795800
19.21237500
17.66416700
19.18766600
18.39195900
18.45058300
17.68933300
16.46275000
17.56262500
18.45116700
18.43641700
17.26504100
17.78229200
18.05808300
17.88091700
16.61620800
18.54679200
18.98850000
17.64225000
19.52325000
18.11808300
18.32512500
17.54500000
17.59504200
16.51245800
19.81804200
18.06408300
18.52600000
17.92316700
17.66579200
17.11670800
15.92320800
17.15375000
16.67558400
17.66133300
17.47712500
16.52954200
18.57958300
16.00487500
17.69541700
18.04854100
17.23141700
18.76266700
18.54041600
17.87466700
17.47316700
18.06187500
19.84666600
16.68029200
18.41983300
18.44354200
19.46700000
17.98366700
19.05683300
17.61554200
17.18183300
17.81362500
18.66620800
16.58158400
18.12825000
17.76354100
19.05012500
17.79170900
17.92516600
16.38579200
15.50241700
17.65925000
17.93200000
15.90441600
17.91304200
16.00275000
17.64012500
17.77483300
16.00220900
17.55058300
17.72841700
18.12150000
17.65533300
16.41241700
15.14979100
19.22383400
18.11037500
17.59458300
17.05345800
17.77391700
17.79412500
16.47883300
17.66125000
16.44441700
17.35575000
16.34904200
15.20095800
16.90479200
16.44145800
17.50737500
17.20408300
17.38800000
21.29516700
18.61775000
19.06466700
19.13908300
18.93254200
19.18595800
18.81462500
18.94095800
17.92625000
19.20050000
17.62458400
21.11808300
19.04641700
20.05704100
19.30554200
19.94362500
19.50175000
18.21904200
20.12966600
21.23050000
20.50712500
20.56012500
19.39629200
21.70779200
20.34112500
21.87691600
21.04287500
22.49337500
23.19229200
21.54620800
21.05458400
20.94058300
21.78737500
21.36795800
20.97145900
21.54579100
20.20970900
20.24066600
20.11483400
20.06445800
20.43341700
19.87829100
18.95358400
20.38704100
20.44745900
20.79837500
19.46204100
20.36141700
19.09775000
20.16212500
20.50754200
21.30266600
21.03429200
20.69641700
22.64954100
20.87679200
20.64041700
20.17087500
20.05487500
20.80454100
21.35333400
21.79862500
20.87891600
22.29437500
20.24320900
20.40383300
20.47691700
21.43141600
20.74862500
19.32233400
20.37379100
20.96545900
20.55375000
19.11387500
21.31920800
20.78045800
19.95541700
20.72762500
22.10204200
19.79354100
19.45066700
19.13675000
20.18200000
22.33187500
21.09016700
20.23883300
20.57112500
21.08679200
20.73433300
18.82720800
20.99408400
20.50670800
19.35520800
21.60520900
20.27870800
20.90483300
20.16308400
20.02558300
21.16820800
19.83725000
17.40033400
17.04750000
17.36112500
18.04233300
19.52312500
17.49158300
17.65908400
17.36483300
17.39504200
17.58795800
17.54095800
17.87275000
15.47445900
17.76983300
18.38029200
17.58270800
14.99600000
13.64250000
15.25879200
16.39079100
13.60737500
13.74066700
13.40062500
16.25112500
13.80816700
14.27445800
13.58600000
13.46241700
13.70687500
14.04791600
14.35020900
14.20004100
16.05829200
15.98691700
15.86050000
15.91241600
15.62591700
15.97016700
15.83241600
15.28125000
15.37783400
15.54562500
15.00962500
15.76266600
16.60383400
16.08112500
16.17450000
16.04045800
15.45275000
16.04012500
16.06241700
16.21845800
18.18175000
18.03945800
17.41304200
17.21791700
17.47545800
15.87475000
16.19770800
17.36029200
17.08283300
17.76500000
18.77454200
18.27291700
18.76291600
18.24483400
17.97345800
18.05495800
17.40645900
17.26087500
16.41612500
17.50358300
18.30191700
17.59125000
16.58320800
17.79875000
19.25825000
18.40595800
16.99554200
18.32875000
18.93341700
18.43104100
18.75291700
19.41370800
18.88154200
16.93029200
17.90629100
17.99770900
17.57670800
17.38287500
16.04529200
16.71466600
18.79358400
17.10250000
16.83358300
17.68208300
17.54012500
18.07925000
17.66925000
16.83520900
17.88637500
17.54537500
18.90725000
18.53637500
18.21970800
19.01508300
19.06058400
17.81841600
18.51737500
17.93675000
17.34241700
16.44400000
17.47287500
17.32095800
19.72691700
16.61075000
17.77662500
18.45275000
16.55045800
17.82083400
16.78150000
18.21829100
19.39695900
17.82337500
18.36958300
18.58533300
16.05883400
19.42058300
18.81562500
18.28762500
19.50300000
19.61212500
17.93595800
16.86545900
17.60412500
18.25900000
17.92379100
19.12316700
15.77229200
16.78150000
17.89475000
18.07583300
17.74595800
16.24079200
17.97829200
16.65529100
17.75075000
17.92604200
16.11154200
18.11125000
16.22120800
18.52075000
18.17654200
17.19400000
16.90762500
17.38833300
17.00154200
16.86020800
17.09650000
17.30879200
15.65012500
17.28595800
17.44420800
17.11241700
17.56050000
17.48000000
16.20795800
16.94683400
17.22966600
15.89929200
17.55354200
16.11900000
16.43975000
15.49283300
22.09616700
19.15975000
19.70166600
18.01420900
18.83775000
18.43595800
17.43125000
18.82600000
18.84316700
18.79358300
20.23233300
19.12029200
18.98187500
19.89391700
18.57245800
19.21566700
18.70704100
16.88754200
19.00500000
20.10862500
19.11541700
20.16562500
20.53875000
18.94383300
21.63541700
20.59708300
21.41837500
21.02129200
22.30437500
23.04583300
21.26562500
20.28866700
20.19533300
20.43333300
20.43279200
20.60458300
19.97141700
20.21429200
21.05462500
20.45333300
20.98741700
20.28025000
20.98795800
20.89854200
20.38441600
21.06466700
19.97754200
18.46508300
20.30487500
18.77337500
20.18070800
19.19429200
20.05820800
20.69175000
21.27883400
20.78645800
20.60783300
20.79462500
20.31741700
20.55175000
21.62125000
21.43675000
20.42525000
21.33400000
20.09816700
21.16125000
20.07733300
20.85066700
18.83245800
19.93687500
20.29183300
20.57433400
20.06462500
18.79108300
20.36950000
20.56854200
20.56866600
19.25920900
20.02616600
21.80054200
20.33029200
20.65391600
20.18404200
19.43558300
20.69008400
22.02504100
20.91087500
20.95775000
19.90208400
20.27929100
19.20454200
20.01987500
21.25166700
19.27716600
20.84175000
18.85741700
20.48704200
20.28779100
19.90075000
18.95258400
32.06391600
23.67445900
21.03083300
19.99862500
20.57404200
20.24595800
20.52150000
20.59195800
20.20795900
18.54241600
17.22483400
17.15391600
17.31354200
17.94604200
15.00750000
17.67400000
17.69637500
16.70804100
14.99516700
15.31704200
17.26945800
16.63700000
14.71962500
14.35883300
12.91591700
16.42691700
13.56229100
13.67995900
14.48112500
14.17475000
13.54062500
13.45100000
14.17420800
14.03766700
14.69495800
14.94750000
13.72912500
14.72304200
14.66316600
16.32362500
15.27929200
15.31783300
15.37383400
15.09108300
16.96454200
15.92979100
16.26854200
15.87462500
15.30295800
15.11166700
15.88716700
14.90520800
15.82975000
15.20158300
15.61991700
14.86129200
15.94208300
17.86450000
17.50462500
17.15054200
18.09120800
16.75529200
17.99195800
18.60979200
17.55900000
16.99983300
17.37662500
17.36987500
16.60416700
18.75587500
17.98112500
17.46475000
17.77483300
17.85254200
17.05375000
17.30562500
17.37029100
15.86754200
17.66750000
16.93575000
16.39033300
16.88054200
17.31308300
17.03679200
17.84725000
17.12787500
17.33300000
16.40316700
17.89391600
17.25716700
16.05375000
17.06112500
18.50737500
17.47520800
16.07662500
17.17745900
17.36554100
15.82166700
17.34870800
17.74125000
18.26283400
16.93354100
17.82708400
18.36829100
17.77654200
18.70229200
18.87433300
17.94533300
16.79245900
18.17295800
17.56412500
17.91412500
18.05883300
17.80354200
18.92208300
18.26133400
16.99620800
18.63650000
18.73720800
17.01570900
18.75529100
17.03479200
17.91191700
18.40800000
17.97366600
18.87145900
18.34575000
18.97100000
18.46204100
18.99100000
18.98391700
17.85837500
16.32333300
18.09420900
18.01866600
18.20083400
17.43229100
17.03550000
18.25016700
18.00050000
18.47429200
17.96620800
18.19308300
16.21391700
18.46029200
17.72841600
16.55966700
16.17250000
17.25554200
17.94775000
17.91325000
18.42820800
15.83904200
18.65416600
17.71516700
17.36725000
17.44816700
17.18716600
17.77275000
17.72550000
17.17475000
16.87129200
16.37470800
18.56254200
16.83200000
16.59229200
17.65320800
16.66091700
17.87166600
17.67533400
15.21662500
17.33979100
16.67825000
14.96545900
20.14066600
17.44391700
18.39433300
19.97470900
19.52783300
18.04045800
19.75016700
18.36958300
17.95995900
19.09025000
19.86637500
17.25345800
19.42020800
18.11812500
17.25012500
19.32308400
20.07691600
17.78083400
18.42216600
18.97562500
19.01695900
21.08587500
19.93941600
19.99870900
20.96620800
20.03833300
19.47366700
20.33154200
20.86387500
20.94395800
19.62445800
21.37558400
22.45158300
21.22516700
21.61529100
20.77620900
20.89800000
21.62316600
20.70091700
21.21545800
18.78254200
19.86062500
19.87670800
18.45362500
20.09579200
18.82687500
18.55737500
20.01487500
20.50279200
18.88445800
20.56604200
20.75529100
20.74729200
19.55525000
21.48783300
19.65929200
20.73750000
20.32645800
22.27812500
21.89700000
22.27833400
19.67995800
22.09529200
20.94616600
20.68450000
20.75783400
21.48991600
20.13429200
18.79483300
24.31129200
22.81662500
23.83558300
21.81766700
21.83112500
20.22820800
21.03233400
21.36004100
19.97283400
20.29579100
20.69995900
19.53700000
21.69095800
20.62937500
20.23091700
19.50816600
19.41566700
17.97170800
18.06100000
17.34808400
18.16395800
17.34829200
17.21737500
17.72954100
18.13233400
16.90525000
17.07875000
17.06195800
17.78129200
18.41833300
17.66541700
16.76904100
16.18683400
15.62412500
16.50025000
16.13041600
17.09004200
15.75620800
15.82983400
15.26350000
15.11041600
14.95912500
16.87891700
16.88108300
19.53054200
19.31129200
18.11191600
18.12391700
18.70037500
18.50512500
17.91941700
19.97475000
15.17187500
18.65062500
17.99083300
17.74650000
15.63712500
15.88958300
19.54929200
20.53845800
18.06125000
17.36204200
17.30912500
19.10116700
18.32058300
17.32216700
17.62033300
17.97129200
17.35995800
15.85212500
16.95008300
17.27087500
17.86608400
18.27595800
17.74579200
17.83800000
18.08179100
18.32812500
16.29604200
17.96900000
17.66275000
17.65029200
17.07754100
17.98616700
17.60729200
17.70295800
16.23500000
16.90545800
17.18375000
17.30445900
17.49508300
17.63195800
16.40875000
19.15283400
17.71745800
18.25300000
16.52241700
18.82250000
18.05304100
19.56620900
18.54733300
17.73004200
17.64945800
17.58162500
17.31933300
18.14891700
17.42387500
17.77341700
16.52004100
17.84675000
17.84987500
15.73241700
17.08466700
16.56333300
17.16970800
18.38383400
17.88666600
17.88829200
16.26337500
18.27520800
18.08466700
16.62154200
16.37487500
17.12600000
18.56262500
16.19666600
17.69325000
17.46225000
16.19695900
18.86675000
18.01975000
17.90662500
18.77887500
16.96533300
18.13683300
18.15775000
18.18779200
18.12929200
16.63525000
17.63979100
15.98587500
19.09187500
17.86941700
17.81858300
16.68141700
18.31325000
18.37637500
19.03891700
17.34966600
18.05637500
19.05375000
16.97170900
18.45129100
17.70266700
19.58712500
16.16687500
16.96529200
19.03925000
18.05020800
18.35658300
17.90650000
17.83262500
16.58279200
18.27104200
17.42691600
15.86237500
16.50841700
18.03312500
16.99208300
15.57200000
17.10470900
16.01912500
16.45850000
17.34008300
16.06904200
16.21279100
17.40629200
17.47004200
17.52737500
15.63562500
15.54287500
17.07616600
17.00570900
15.39483300
16.06162500
16.14437500
14.95137500
15.60504200
17.90758300
15.83362500
17.59562500
17.91200000
15.63733300
20.20850000
18.28991700
18.46325000
19.47583300
17.60758400
19.12883300
19.12595800
18.99808400
18.80125000
17.48845800
17.32600000
18.89675000
17.48029200
18.27787500
18.77116600
19.31691700
18.06912500
17.90170800
18.39383400
18.98208300
20.33416700
21.23762500
21.49262500
21.08254100
20.72570900
20.53300000
21.60645800
20.47933300
19.46991700
20.10441700
21.01445800
20.09345800
20.16275000
19.99937500
21.26775000
18.78454200
19.09329200
19.25891600
21.08120900
19.27191600
20.13183400
18.13145800
18.67095800
18.80216700
20.86291700
20.77362500
20.21558300
20.11095800
20.74879200
20.15200000
20.43091700
20.92241600
20.66533400
20.10620800
20.71691700
20.84987500
21.13487500
20.08283300
20.05162500
19.82766700
22.48462500
21.24066600
20.24483400
21.69416600
21.14650000
20.50141700
20.03341700
19.58533300
19.96920800
19.18300000
18.50983400
18.04620800
18.06941700
17.83600000
17.82412500
18.03283300
17.93279200
17.78783300
18.51820800
18.43170900
18.33125000
18.13683300
17.83295800
17.89312500
17.14854200
15.73416700
15.75450000
15.46354100
15.42979200
15.47537500
15.79891700
15.45962500
15.35141600
15.39425000
15.85545900
16.34866600
16.09420900
16.37820800
17.51400000
18.23883300
18.35183400
18.69225000
18.11075000
17.94891600
18.45437500
18.13587500
18.37045900
18.38612500
18.36679100
18.06237500
18.06541700
18.27362500
17.93275000
19.14704200
20.06220800
20.48416700
20.75841600
20.64691700
21.77379200
21.52450000
21.03120800
20.64275000
20.94308300
20.10929200
21.35279200
21.77087500
21.19795800
21.06987500
21.07675000
21.18850000
20.87604200
20.55525000
20.40787500
20.92212500
21.09412500
22.12591600
20.99579200
19.41391700
20.75662500
21.19212500
21.05375000
20.24137500
21.94675000
21.45416600
20.67100000
21.20225000
21.74425000
18.97654200
22.24650000
20.89462500
19.91875000
21.14095800
20.43712500
18.62591700
20.48225000
20.54529200
19.59000000
20.69008300
20.70495800
20.51258400
20.90945800
20.08295800
19.14587500
19.97729200
21.46562500
21.05383300
21.07175000
21.73725000
20.69475000
18.56766700
20.24183300
20.36583400
20.63204100
23.28304200
21.01083300
21.03562500
21.26637500
21.23991700
19.95383300
20.76795900
21.14045800
19.05512500
20.94475000
21.31037500
20.57454200
20.55083300
18.21320800
20.19600000
20.55437500
18.43962500
20.10479200
18.94216700
20.81745800
20.92541700
19.91550000
21.02366600
19.85675000
20.47270900
20.60983300
21.10541700
19.29566600
21.30066700
20.84300000
19.70791700
21.23416600
19.96550000
19.21895900
19.12875000
21.73516600
20.40875000
18.65629200
20.34250000
19.04891700
19.37716600
20.21079200
20.12370800
20.10766700
20.78700000
20.56512500
20.52825000
19.60541700
18.14633300
19.71141700
20.36337500
21.88525000
19.38237500
20.42837500
19.62812500
20.32741600
18.29562500
19.13283400
20.21854100
19.43245900
19.05816600
19.76204200
20.00770800
20.82666700
18.80270800
19.11850000
18.21279200
21.70370800
19.83308400
19.45291600
20.12750000
18.76087500
19.98437500
18.83054200
20.42904200
18.65025000
19.44850000
19.08470800
20.28483300
19.06458400
20.95041600
20.03483400
18.62395800
19.80745800
18.86829200
20.67450000
19.72333300
19.65062500
21.92462500
21.42929200
21.21387500
21.46891700
21.46808300
18.45166700
19.53620800
20.79845800
20.95670900
20.15620800
19.24066700
20.31595800
21.80704200
21.18833300
19.52175000
20.42833300
19.43354200
19.36441700
18.66937500
19.72245800
18.82866700
20.57325000
19.53508300
20.61900000
18.65491700
20.98712500
18.96900000
20.41412500
19.17545800
19.12808300
21.55975000
20.69141700
21.26058300
20.27454200
19.70766700
20.13470800
20.05008300
19.05950000
17.18854200
17.73312500
17.33500000
17.23012500
16.86833300
17.53108400
17.67495800
17.72645800
16.69845900
17.34375000
17.69912500
17.96758300
17.71104200
17.49450000
16.91291600
15.77250000
15.33279200
16.20587500
14.72483300
15.77412500
15.03804200
15.58404200
16.60091600
15.83983400
15.41754100
16.61995900
15.52545800
15.68600000
16.90416700
17.85166600
17.92204200
17.98683300
17.56462500
19.45191700
18.28491700
18.44512500
18.08745800
18.65591700
18.07108300
18.91108300
18.16100000
17.85879200
16.84150000
17.90600000
19.88429200
19.83904100
21.16004200
20.29216700
20.06329100
21.34329200
20.68595800
19.47608400
20.79729100
21.08570900
20.50750000
20.10770800
21.84825000
21.65775000
20.24904200
19.93970800
20.24341700
20.56750000
20.59791600
20.16987500
20.16141700
20.94820800
20.27187500
20.17645900
20.89404100
19.46200000
20.36358400
19.72062500
20.01100000
20.68170800
20.47725000
20.51783300
20.33154200
20.22587500
19.50937500
21.29495800
20.45675000
21.04670900
21.33525000
19.75533300
19.66595800
20.00550000
21.47829200
19.79016700
20.35837500
20.50304100
20.60370900
19.75983300
22.41400000
20.48070800
20.30045900
20.46533300
19.52141700
19.89075000
20.38645800
20.65433300
20.35958400
19.66970800
20.36262500
18.80104200
19.93520800
19.66870800
18.65645900
19.45541600
19.95016700
20.28775000
18.55012500
19.95508300
19.89787500
19.98645900
19.94045800
20.92850000
19.26429200
20.34412500
19.27783300
20.68458300
19.35483400
21.40741600
22.31825000
21.07416700
20.48275000
21.57750000
19.11604200
19.97070800
21.23979200
21.28325000
20.85679100
20.86920900
20.01400000
20.82641600
21.40075000
20.99233400
19.36545800
21.06195800
18.86954200
19.10037500
18.25808300
19.88695900
19.68033300
18.42516700
20.53825000
18.46041600
18.74716700
20.08700000
19.32675000
18.60262500
19.27320800
26.89341700
24.98562500
23.38820800
23.95808400
20.99412500
21.71150000
24.55866600
21.16937500
21.19587500
22.35200000
21.60387500
21.15054200
21.08154200
21.32483300
21.03191700
25.88820800
22.44495800
23.44987500
20.53545900
20.19187500
20.24012500
19.79787500
21.20204100
20.20604200
20.21804200
21.46287500
20.26075000
20.18991600
21.00454200
19.58454200
18.67337500
20.86441600
19.88479200
19.86958300
19.82037500
20.35216700
18.64366700
21.38879100
19.33379200
20.16987500
20.69908300
19.68779200
20.89079200
19.92733300
20.11850000
20.55908300
20.02175000
20.24104200
19.50337500
19.62400000
19.66854200
20.79150000
20.37500000
20.80158300
21.08362500
20.15520800
20.16800000
19.79275000
20.45166700
19.87654200
19.82183300
20.62850000
19.73000000
19.95787500
19.61045800
19.40950000
20.19283400
20.64475000
19.88900000
20.10525000
19.97395800
19.69158300
22.50804200
20.10962500
19.59675000
20.03804200
20.67370800
19.73216700
19.93025000
19.30383300
19.19395800
22.14383400
20.28433300
19.10670800
16.78500000
19.17070900
17.61908300
17.08058300
18.96937500
17.60316700
17.60445800
17.63250000
16.88133400
16.79695800
17.67729200
18.41641600
18.70600000
16.06320900
15.90145800
16.49545800
16.76762500
15.55570900
15.86675000
16.57600000
17.78037500
18.78941600
19.17220900
18.49591600
19.27695900
19.01316600
18.08345900
18.86804100
18.96108400
18.79195800
19.30141700
18.12054100
17.82220900
18.11816600
18.88379200
20.21662500
20.65441700
19.89900000
20.55754100
21.95087500
21.38716700
20.91962500
21.15533300
21.31279200
22.24504200
21.18950000
20.96062500
21.43925000
21.79945800
20.77570800
19.39379200
21.80087500
21.11058300
22.64200000
26.53804200
24.67729200
23.63358300
23.25133300
21.96162500
21.31366700
20.23075000
20.11237500
20.53154200
20.12241600
19.75812500
21.59429200
20.98241700
19.91095800
21.18925000
20.18087500
20.12079200
20.80162500
21.11958300
20.62375000
20.80637500
21.23137500
19.31341700
20.69045800
20.11866700
20.07120800
19.55825000
21.05208300
20.11300000
21.63141700
20.47008300
20.99362500
22.62787500
20.36658400
21.80620800
21.02975000
21.73104200
21.14670800
21.29391700
21.29708300
21.27595800
20.92004200
22.59562500
20.86987500
20.03470800
20.19095900
20.02808300
20.63370800
21.18904200
20.17137500
21.39741700
20.52458300
20.74441700
20.45966600
20.86945900
21.93866600
21.37870900
20.37808300
20.76283300
20.36258400
21.12941600
20.86550000
21.03470900
20.30191600
21.62283400
21.32500000
22.09950000
20.31500000
20.27541600
20.98045900
21.22008300
20.56491700
20.69616600
21.27904200
20.13866700
20.15291600
21.19633400
20.74395800
20.27095800
20.64175000
21.21775000
20.62991700
20.98020800
20.39375000
21.36700000
21.01183400
21.92425000
20.65779100
22.57954200
25.63541700
22.86941600
20.88004200
22.35416700
21.38370800
21.17054200
21.22612500
21.11645800
21.05533300
21.07466700
20.43191700
20.84412500
20.11445800
21.61970800
21.78779200
20.03958300
20.81212500
20.30520900
21.28666600
20.19233400
20.27608300
20.31687500
20.42133300
19.52770900
19.86762500
19.83095800
19.64154200
19.45545800
20.66125000
19.08445800
20.45875000
19.67950000
19.58212500
21.19979200
19.42270800
20.74895900
20.94462500
21.77987500
20.72075000
20.80383300
19.83770800
20.80750000
19.75987500
20.99212500
20.42095900
20.52075000
20.95233300
20.38754200
20.45991600
20.12662500
19.62191700
20.37470800
20.22304200
20.07108300
20.29329200
20.16270800
19.64362500
20.49158400
19.97712500
20.84012500
21.59270800
19.60908300
21.50558400
20.00300000
19.74120800
20.02462500
20.57504200
19.73341600
19.78729200
21.90545800
20.14545900
19.72491600
19.85833400
20.18658300
19.38600000
19.87787500
19.63475000
19.40979200
19.26300000
20.05445800
19.01129200
19.76912500
19.24625000
19.56675000
19.25879100
18.19666700
16.90416700
17.35470800
18.10966700
18.01279100
17.53879200
17.03104200
18.12358300
17.37975000
17.28258300
17.30995900
17.61345800
17.03770800
17.35445900
17.04770800
17.50704200
17.90516600
18.07912500
17.98312500
17.55045900
17.59429100
18.15108400
18.64004100
17.74025000
16.78779200
17.73720800
17.39841700
17.41833300
17.37475000
17.21366700
18.40095800
18.06183400
17.60712500
19.38112500
20.65912500
20.45612500
20.04529100
19.81975000
20.74016700
19.75229200
20.14295800
20.50904200
18.93383300
21.18458300
21.55945900
20.85695800
20.71987500
21.35466700
20.68908300
18.81854200
20.18025000
20.80216600
20.04825000
19.04645900
21.05425000
20.89279100
19.21000000
17.99400000
21.59095900
19.97083300
19.68858300
20.01029200
19.94125000
20.39983300
20.03516700
20.71737500
20.11000000
20.78304200
20.31800000
19.78683300
19.97662500
19.71716700
21.06233300
21.44925000
21.18712500
20.98762500
20.94650000
20.75220800
20.56400000
20.04987500
19.45520900
20.38108300
20.01395800
20.21245900
19.78125000
20.00579100
20.39741700
20.09795800
20.09537500
20.51966700
20.17208300
20.28025000
20.08170900
19.42695800
19.57233300
19.33766700
19.20633300
20.14237500
19.40004200
19.60983300
20.58262500
19.86504200
19.83162500
20.97687500
21.49300000
20.22950000
21.30745800
26.13633400
31.01120800
23.54991700
25.12495800
25.27300000
23.27612500
28.69766700
26.34791600
23.52291700
25.10204200
23.47529100
26.67887500
26.43833400
26.58491600
25.80858400
30.60275000
28.16483300
27.72758300
27.24579200
24.24412500
22.49945800
23.80937500
29.15087500
29.81916700
28.04729200
24.03541600
23.02904200
22.68937500
22.74679200
22.24291600
23.05520900
23.06504100
23.26633400
23.73962500
21.48979100
24.76866700
25.81145800
25.61670900
26.63112500
27.49758300
25.95358300
25.91279200
27.27300000
25.06420800
29.38937500
30.04845900
28.25016600
29.44075000
28.24308400
24.76958300
27.52370800
25.27045900
22.78358300
23.28250000
25.01045800
22.51583400
22.30983300
22.43595800
22.37662500
23.01450000
22.75125000
22.14933400
23.49479100
24.82112500
24.35920900
24.56754100
25.65537500
23.89995900
24.95966600
24.70654200
24.60304200
24.04445800
25.07229200
23.55312500
20.19254100
21.16429200
21.20850000
21.15187500
21.66362500
20.38670800
20.72208400
21.56187500
21.30887500
20.29995800
19.67804200
20.17041600
20.53004200
20.96616700
20.21441600
21.79779200
20.35704200
21.98437500
22.59716600
21.30908400
21.91858300
23.24004200
20.74758300
22.50683300
21.72312500
20.45654200
22.99345800
21.45941700
22.37650000
22.00920800
21.68587500
20.42104200
19.89716700
19.79441600
19.79216700
22.01795800
21.37658400
20.61429100
20.38045900
21.24983300
20.37837500
20.35200000
20.81870800
21.78337500
21.40654200
23.58350000
20.41104200
21.95820800
22.10212500
20.02045800
20.91145900
21.29933300
21.69879200
23.96216600
23.37779200
22.83220800
22.88937500
20.07987500
21.08462500
20.97204200
19.30545800
20.90550000
20.79266700
20.01395800
20.55691700
20.22662500
19.35391700
21.42208300
20.38225000
20.20225000
20.20383300
20.52933400
20.19479100
20.60816700
19.64783300
19.75550000
21.11629200
20.78737500
19.74570800
21.18229200
19.91808300
21.25979200
20.69687500
21.06883300
20.51241700
21.69137500
20.76858300
20.38991700
19.97762500
20.21825000
20.41916700
20.67191600
20.03070900
21.96400000
19.77854100
20.83620900
20.81483300
20.94925000
20.59379200
21.85912500
20.50412500
21.98454100
22.01779200
20.93350000
21.41358300
20.50116700
21.29829200
21.22658300
22.44350000
21.16637500
20.61175000
20.84941700
20.47175000
19.38750000
19.78850000
20.19887500
19.14462500
21.01816600
20.17712500
20.31429200
19.62287500
20.41900000
20.30229200
21.26512500
20.50541600
21.61920900
20.14575000
20.31150000
20.15716600
20.33145900
20.33270800
20.50391700
20.02366600
20.58212500
20.65383400
21.00520800
21.34925000
20.08100000
19.75079200
20.00137500
20.40250000
20.55266600
20.86391700
20.88229200
20.14408300
21.87487500
19.66729200
21.67220800
20.79016700
20.26250000
21.04100000
22.72770800
21.66875000
22.57320800
21.72250000
23.65258400
24.06404100
21.73833400
21.37170800
21.36229200
21.77425000
19.75766600
20.18245900
19.32429100
19.60270900
20.28979100
20.41437500
19.59854200
20.07425000
21.03995800
21.57587500
20.05037500
20.98429200
19.93337500
19.31995800
18.74475000
20.91550000
20.27225000
18.60145900
20.52362500
18.75962500
18.15737500
19.98220800
18.96195800
18.69558400
18.85116600
19.41100000
18.51270900
18.96975000
18.19645800
17.76266700
17.48833300
17.87133300
17.90120900
17.71129100
18.28716700
17.88712500
17.42137500
19.04183300
18.42850000
18.21308400
18.24208300
17.73754200
17.78750000
19.49420800
17.60425000
17.71570800
18.54233400
17.78625000
17.83583300
17.73787500
16.97758300
19.98958400
17.67375000
17.57629100
18.19712500
17.42145900
17.01354100
18.73433400
17.93591600
17.30000000
17.74266700
17.77525000
18.32829200
18.14170800
18.27437500
17.73004200
17.94483300
17.54691700
17.41262500
17.69216600
17.22858400
17.33808300
18.25762500
17.55516700
17.45645800
17.63766700
22.31133300
19.67141700
19.81637500
18.96858300
19.71491700
19.27233300
19.44183300
19.86354200
19.32329200
19.34662500
19.17587500
19.84891600
18.87870900
18.99458300
19.69700000
18.44158300
18.48587500
18.39154200
18.83462500
20.25304200
20.68895800
20.45150000
20.24466700
22.86341600
21.97620900
20.30012500
20.87037500
21.63529100
21.37008400
21.06000000
21.33083300
20.90254200
21.26391600
20.12162500
20.80629200
20.57537500
20.69216700
20.72166600
21.13491700
20.52866700
21.40837500
20.99887500
21.04995800
20.54350000
20.90791700
21.15725000
21.14416600
20.54025000
20.66729200
20.63987500
20.87804200
20.49329100
20.50987500
21.30783400
22.31370800
20.18683300
20.80812500
20.37770900
21.52445800
19.82816700
21.51883300
21.12879200
22.26637500
20.09537500
26.98404100
25.96950000
26.47320900
25.99645800
24.80112500
25.24545800
23.79266700
25.20408300
23.26125000
25.50329200
26.09187500
26.80350000
25.32125000
26.19525000
26.30208300
25.59033400
22.22866600
22.28683400
22.03870800
22.53237500
22.53520800
21.41179200
21.58679200
22.72012500
22.26337500
22.30004100
22.26820900
23.35666600
23.29354200
22.93383300
22.74220900
22.83370800
22.35866700
22.77983300
22.58412500
22.26612500
22.01395800
22.44750000
23.15250000
23.74408400
23.20562500
21.90620800
23.00279200
23.58058300
22.27245800
23.20979200
22.07037500
22.07704200
22.65729100
23.65820900
22.78891600
22.20204200
21.80162500
20.84195800
22.37250000
23.05666700
21.81316700
23.21858300
21.53208300
22.84500000
21.18141700
21.79720800
20.96241700
22.31054200
23.05662500
23.46870800
22.28500000
22.55233300
23.53479200
22.58675000
23.19029200
22.02291600
18.91495900
22.47383300
22.68070800
22.63033400
20.59445800
19.98654200
22.75000000
23.09962500
18.58758300
18.93575000
18.99858300
21.81212500
19.85008400
18.66137500
17.79862500
18.22504100
21.11104200
20.27920800
19.56683400
20.67479100
19.76158400
19.47112500
21.57870800
20.28083300
22.11387500
20.07862500
20.29616700
18.79925000
19.81325000
18.88191700
20.69858300
20.09745800
19.95783400
19.80175000
20.28683300
21.89212500
20.36075000
20.26925000
20.78170800
19.68437500
20.29037500
18.81333400
18.02745800
19.56062500
18.94858300
17.87033400
19.91266600
19.52695900
19.04070800
17.42850000
18.85666700
19.63075000
19.75012500
18.58166600
19.78379200
19.16262500
18.17891700
20.39341600
18.65300000
18.02404200
19.93187500
21.12758300
21.20437500
19.74404200
19.98812500
19.99000000
19.42870800
19.75250000
20.26591700
19.64820800
20.52787500
19.78712500
19.89058400
20.57241600
20.25650000
20.47779200
19.35720800
19.93312500
19.27583400
20.19979100
21.17100000
18.32145900
20.26641600
20.74229200
20.32416700
19.56845800
19.67020800
18.01900000
18.35320900
19.26395800
18.89200000
19.01408300
19.61608400
19.92233300
19.52816700
19.70450000
19.56945800
18.23137500
19.82629200
18.09966600
19.36062500
17.82670900
19.13583300
17.91050000
19.59266700
18.24920800
19.40291700
18.49262500
19.23283300
20.94904200
20.31200000
17.99408300
19.31979200
18.12166600
19.92358400
19.21804100
20.62033400
19.81029100
17.71954200
19.30683300
17.79879200
19.53795800
20.45041700
19.08520800
17.55054200
19.14604200
19.21095800
19.17766700
18.78570800
18.54283300
17.73595900
18.85391600
19.78175000
19.65950000
17.95545900
19.27554100
19.75037500
18.65754200
20.43766700
18.77850000
18.86950000
18.64929100
17.06595900
18.13741600
16.23916700
17.47608300
18.34708400
17.95716600
18.98891700
20.08050000
19.93979200
17.96458300
23.61633300
18.97191700
20.40850000
20.49170800
20.92370900
18.98362500
22.55645800
21.37200000
20.40904200
21.43679100
20.61795900
20.97970800
21.11962500
20.98108300
20.27975000
21.99137500
23.39829200
21.54604200
22.34687500
21.75295800
22.94737500
21.90520800
21.78858400
21.24358300
22.94950000
21.91737500
19.62333300
19.01195900
20.16845800
19.28000000
19.80041700
19.62575000
19.33229100
19.88358400
19.87579100
19.54337500
19.57875000
20.25641700
19.44216700
20.49000000
19.12720800
19.32579200
18.86308300
18.76287500
17.10750000
16.91750000
17.71579200
17.77604100
17.73566700
18.06475000
20.85466700
20.21725000
19.88670800
19.54254200
20.42566600
19.66575000
20.02300000
19.92175000
19.85491700
19.75754200
22.18100000
22.68870800
21.29041700
23.34929100
21.52504200
23.07370800
22.33487500
23.64829200
26.28983300
24.53016700
34.36558300
29.68900000
28.35025000
24.89366700
22.35733300
30.03945900
23.80654100
25.32508400
22.85933300
20.17354200
22.04816600
22.69754200
21.71287500
20.10808300
19.17970900
22.02229100
21.30266700
18.99700000
18.81525000
18.94304200
21.99720800
19.30016700
19.84929100
18.98083400
19.69908300
19.35100000
19.91979200
18.74429100
20.16429200
18.94100000
19.63508300
18.87004200
18.89112500
19.26766700
18.59720800
18.60508300
20.33016700
19.30575000
19.54812500
19.25658300
19.46595900
18.73716600
20.58875000
20.22625000
19.80004200
19.26066700
20.12679100
19.16716700
22.45933300
21.30883400
20.32241600
19.15641700
20.88604200
20.12758300
19.18137500
19.43225000
19.85070800
20.33608400
19.82070800
19.81787500
19.58179200
20.49987500
20.07258300
20.19137500
20.10070800
20.95954200
20.72187500
20.70083300
20.61358400
20.25608300
19.66966700
20.57100000
19.59204100
20.34412500
19.60929200
20.06829200
20.21487500
20.77237500
20.16004100
21.25470900
20.61725000
19.99550000
19.83991600
19.23616700
19.60637500
20.91529200
20.91770800
20.06229200
19.74454100
21.52316700
20.10854200
22.40037500
23.37537500
22.04016600
21.24862500
21.67750000
20.35112500
19.98804200
20.02466700
20.87075000
20.72112500
21.26537500
20.33454100
20.81608400
20.95545800
19.85029200
20.84150000
20.27616600
20.82400000
20.21954200
21.08987500
20.16366700
22.63458300
17.81912500
17.28391700
17.36054100
16.91245900
17.07870800
17.49358300
18.24954200
17.32433300
17.96029200
17.69058300
17.15033400
18.01141600
17.01050000
17.15862500
17.25295900
17.17412500
17.40712500
18.10233300
17.33579200
17.58316600
18.35550000
17.81316700
17.89745800
18.00537500
17.09650000
18.20487500
18.15654200
17.18037500
17.14912500
17.22550000
17.19779200
17.27237500
17.32866600
17.35004200
17.09983300
17.76900000
18.28812500
17.20554200
17.44079200
18.04387500
17.76991600
20.04845900
17.83529100
17.73558400
18.26566600
17.75512500
17.38104200
17.07137500
17.24795800
17.66158400
17.55637500
17.03941600
17.78962500
17.54162500
17.80225000
17.26820900
17.30004100
17.05404200
17.79912500
17.43366700
16.88333300
17.21125000
16.97675000
16.92733300
17.31429200
16.99108300
16.86991700
17.55566700
17.29783300
17.38750000
17.51200000
17.12133300
17.01566700
17.35679200
17.32695800
17.43604200
18.76779100
18.98662500
17.03233400
18.06183300
18.61420800
18.00200000
18.05537500
17.80958400
17.76066600
17.90033400
17.58745800
17.51604200
17.12154100
16.98491700
17.65204200
17.14037500
17.43354100
17.07858400
17.08845800
16.89025000
17.10354200
17.05258300
19.98045800
18.25887500
17.48575000
17.60283400
17.59895800
16.91737500
17.80850000
18.37154200
17.33170800
19.22587500
17.57129200
16.99625000
16.60637500
17.44445800
16.67158300
14.32804200
8.21250000
1248.78191700
16.60116600
16.37937500
16.82941700
16.61666700
16.66637500
16.75279100
16.70829200
16.46475000
16.78208300
16.72854200
16.58208300
16.66437500
16.91662500
16.60983400
16.69291600
16.73291700
16.41925000
16.91679200
16.68025000
18.41829100
16.40183400
15.40166600
16.54425000
16.79366700
17.04208300
99.59479200
28.90195800
14.90470900
14.87175000
15.09691600
15.17304200
15.36491700
15.04587500
14.88637500
14.75954100
14.69879200
16.42395800
14.77525000
15.06133400
15.01391600
14.30250000
14.96020900
15.32545800
14.69266700
14.84212500
14.74020800
14.85804200
14.77291600
14.54283400
14.95583300
14.67408300
14.14358400
14.73675000
14.04595800
14.33787500
14.35462500
14.57333300
14.92695900
14.64375000
14.75375000
14.87887500
14.12733300
14.71579200
14.19495800
14.01333300
13.95420900
14.33995800
14.03154200
13.78500000
14.20187500
13.82141600
14.13450000
14.20008400
15.52983300
16.71045800
16.89416700
16.10883300
16.83362500
16.72412500
16.84558400
16.25062500
17.05370800
16.67266700
16.64345800
16.71250000
16.90512500
16.51483300
17.44445900
16.22958300
16.57662500
16.75175000
16.65854200
16.91354100
16.72604200
16.75595800
16.56608400
16.57987500
16.78920800
16.65804200
16.67329100
16.78362500
16.67504200
16.70900000
16.57479200
16.79500000
16.66416600
16.71716700
16.65933300
16.78866700
16.79912500
16.26166700
16.61204100
16.78625000
16.68150000
16.51650000
16.66812500
16.61808400
16.88187500
16.77104100
16.58683400
16.71195800
16.54516700
16.87029100
16.54033400
16.68537500
16.78462500
16.69283300
16.65879200
16.55391600
16.63125000
17.09320900
16.35641600
16.75350000
16.69854200
16.51387500
16.51166700
17.07650000
16.28595800
16.60762500
16.76637500
16.77504200
16.66883300
16.71145800
16.70470900
16.79933300
16.37783300
16.92645900
16.79125000
17.05637500
16.28800000
16.67316600
16.42245900
16.82816600
16.83254200
16.71691700
16.57033300
16.55625000
15.78187500
19.24500000
15.00679200
16.87054100
16.53762500
16.72645900
16.69879100
16.96704200
16.72904200
16.48408300
16.59754200
17.19691600
16.38191700
16.74566700
16.69787500
16.65037500
16.47379100
16.66695900
16.77700000
16.79245800
16.58475000
16.99495800
16.55304200
16.56450000
16.64470800
16.71220900
16.69745800
16.43083300
16.41875000
16.95654200
16.44062500
16.78637500
16.75679200
16.62200000
16.85662500
16.67395800
16.42775000
16.78725000
16.37987500
16.62083300
16.94087500
16.43025000
16.67754200
16.81983300
16.88191700
16.25920800
16.87333400
16.58095800
16.80229200
16.58000000
17.08362500
16.51087500
16.41775000
16.68270800
16.46137500
17.02037500
17.08133300
16.37475000
16.71808400
16.89554100
16.69216700
16.62950000
16.47695800
16.84033400
16.73891600
16.59345900
16.66579100
16.26258400
16.83887500
17.05116600
16.60208400
16.64970800
16.79779200
16.75383300
16.80170800
16.54991700
16.64554200
16.73512500
16.55354100
16.44012500
16.95966700
16.61112500
16.69029200
16.57079100
16.88241700
16.60050000
16.86304200
16.54095800
16.70808300
16.81245900
16.45691600
16.66416700
16.72616700
16.71129100
16.94641700
16.94262500
16.34145800
16.88654200
16.63191700
16.65862500
16.46383300
16.78304200
16.68966600
16.90850000
16.41162500
16.86595900
16.54416600
16.98875000
16.30037500
16.84666700
16.86966700
16.70012500
16.27695800
16.76087500
16.54633300
16.80750000
16.98420900
16.27995800
16.85237500
16.67233300
16.79595900
16.71820800
16.70400000
16.37716700
16.92270800
16.48200000
16.62704200
16.71754100
17.13658400
16.25404100
16.78854200
16.83600000
16.32320800
17.14562500
16.47704200
16.57337500
17.09416700
16.11266600
16.88795900
16.83887500
16.44020800
17.06000000
16.40104200
16.82870800
16.82775000
16.68920800
16.69741700
16.51966700
16.47558300
16.92462500
16.69512500
16.54158300
16.84579200
16.78100000
16.67925000
16.64016700
16.52550000
16.82870800
16.91379200
16.64633300
16.32708300
16.93033400
16.44354100
17.08883400
16.49862500
16.85541600
16.38037500
17.32900000
15.96425000
17.12008400
16.55937500
16.70345800
16.50437500
17.00725000
16.43841700
16.63608300
16.48600000
16.86441700
16.57470800
16.98450000
16.40300000
16.83212500
16.43537500
16.81950000
16.56670800
16.47591700
16.89058300
16.81454200
16.22258300
17.06466700
16.54400000
16.96645800
16.54350000
16.75120900
16.44341600
17.05420900
16.46391600
17.28837500
16.01962500
16.81479200
16.48866700
17.00612500
16.40679100
17.08045900
16.31229100
17.00925000
16.31000000
17.13912500
16.37816700
16.88116700
16.46258300
16.71033300
16.73370900
16.80500000
16.47345800
16.82645800
16.49625000
16.78037500
16.78279200
16.78270800
16.29500000
16.98250000
16.48479200
16.80841700
16.54962500
16.85595800
16.44512500
17.04758300
16.35958400
16.97666600
16.54991700
16.99845800
16.40895900
16.89229100
16.70291700
16.18704200
17.07904100
16.33716700
17.00541700
16.21825000
17.22879100
16.26345900
17.03520800
16.31929200
16.82658300
16.87175000
16.77525000
17.29325000
16.32537500
16.45533300
16.16791700
16.67745800
16.99516700
16.34087500
16.80433300
16.53575000
17.01516700
16.48387500
17.24770800
16.32191700
16.63900000
16.51775000
17.79954200
16.82466600
16.46195900
17.79116600
18.45470900
18.11983300
17.99029200
17.95750000
18.33225000
17.78595800
17.07183300
17.16841700
17.35308300
17.82341700
17.42504200
18.57625000
18.44345800
17.86904200
19.17816600
18.31370900
17.40604100
19.04954200
17.87487500
18.04575000
17.70258300
17.77354200
17.99008300
18.21004200
17.95766700
17.94887500
18.41820800
17.76591700
17.51995800
16.76629200
15.17862500
15.32904100
15.51045900
15.41916600
15.53883400
15.85470800
16.00962500
15.56283300
15.67000000
15.48587500
15.43687500
16.11362500
15.94266700
15.42512500
15.66629200
15.75704100
15.24612500
15.73550000
15.48616700
15.68945800
15.60775000
15.65020900
15.68154100
15.84595900
18.32308300
18.29712500
17.83879200
18.35641600
18.63283400
18.10158300
18.25979200
18.68975000
18.39525000
19.02041600
18.12387500
17.39250000
18.51012500
18.13020900
17.35479100
17.80579200
17.96812500
18.45250000
18.01658300
17.67783400
17.99779100
18.16191700
18.25666700
18.38970800
18.70808300
18.83708400
17.91775000
19.08479100
18.49683400
18.16145800
18.30008300
17.84362500
17.47225000
17.58991700
17.65333300
18.02562500
17.55220900
18.31925000
17.70720800
17.60387500
18.46366700
17.88754100
17.79962500
17.67558400
17.43237500
17.58287500
17.95416600
17.50233400
17.79083300
18.41450000
18.39079200
20.38962500
17.88045800
18.62416700
19.69983300
18.45820800
17.36054200
18.15745800
17.79495900
18.41345800
19.77200000
19.12908300
18.13629200
18.75129200
18.40587500
18.55312500
17.93916600
17.97058400
17.58487500
17.98783300
17.82037500
17.51700000
18.73691700
17.95758300
17.89333300
18.01095900
18.23662500
18.00437500
18.76725000
17.99945800
18.69504200
18.69979100
20.34829200
18.03629200
19.34029100
19.01904200
17.73025000
18.43758300
17.92479200
17.88429200
18.71045800
17.90487500
17.61795800
17.82283400
18.23562500
18.25687500
18.59612500
18.90562500
18.90058300
19.00620800
18.29795900
18.40208300
18.45537500
18.36791700
18.24412500
18.02995800
18.40208300
19.76304200
18.53833300
18.34304200
18.85687500
18.65945800
18.88629200
19.38045800
18.76108400
18.03491600
18.33729200
17.97200000
17.97675000
17.72175000
18.06629200
17.98445800
18.02804200
18.39066600
18.08841700
18.57733300
19.01987500
16.52929200
15.83208300
15.66641700
15.14287500
16.20716700
19.74079100
18.66104200
17.51933300
16.20995900
17.03162500
20.10933300
20.01075000
17.84470800
18.39212500
16.18229200
15.38712500
17.67962500
16.02300000
15.82837500
18.19583300
15.76687500
17.14654200
18.12183300
17.05154200
17.99379200
16.41133300
17.36000000
16.15962500
17.42341700
15.97325000
15.98333300
16.61579200
16.86375000
16.76500000
18.76045800
17.06116700
15.44483300
17.28354200
16.29262500
17.02187500
16.78054100
15.63045900
17.06062500
16.00379100
16.18900000
16.58275000
17.63212500
18.23920900
16.75508300
15.91287500
16.13450000
18.28658300
15.60175000
15.64091700
15.47487500
16.28525000
18.37850000
15.89716700
17.88804100
15.86620900
17.67579100
16.58450000
16.10466700
17.45016700
16.87233300
16.47312500
16.83379200
15.79462500
15.23520800
16.49875000
17.19295800
15.63516700
17.19283300
16.89979200
18.30475000
15.82095800
16.84058400
16.07125000
16.13579100
18.17291700
17.98312500
16.80425000
17.09925000
16.11958300
15.79050000
15.83966700
15.88466700
16.42270800
16.89825000
15.50520800
15.21200000
17.06533400
16.25225000
17.38208300
19.23204200
19.13312500
18.38341600
18.54250000
18.93520900
18.66429100
17.67350000
17.41700000
16.50354200
18.33587500
17.67237500
15.58608300
15.38104200
15.66704200
16.19270800
16.68216700
18.33279100
17.90058400
20.43179100
18.46825000
17.94687500
16.54870900
15.87008300
16.29166700
15.89837500
15.55608300
16.30154200
15.57375000
15.35587500
15.01958300
15.24566700
16.00433300
15.10950000
14.97025000
15.51558300
15.60125000
15.64045900
15.46666600
15.22866700
15.14437500
15.61483300
15.74466700
15.90120800
15.71845900
15.69279100
15.71333400
15.54887500
15.65333300
15.99741700
15.60429100
15.40812500
15.63150000
15.44700000
15.86295900
15.84279100
15.40191700
15.38033300
15.84675000
15.16529200
15.64991700
16.17291600
15.51008400
15.66741600
15.77325000
15.73983400
15.68091600
16.43670900
15.25570800
15.49054200
15.46495800
15.49037500
15.13520800
15.82533400
15.84733300
15.74079200
15.78275000
15.87720800
15.30083300
15.30445900
15.04183300
15.25283300
16.05512500
15.32329200
15.51687500
15.41975000
15.36695800
15.22504200
16.12312500
15.82041700
16.40091600
16.23712500
15.48262500
17.09595900
15.48412500
15.52016600
16.16987500
15.72858400
15.91212500
16.45362500
17.31670800
16.18766700
16.16987500
15.66116600
15.02800000
15.51458400
15.27133300
15.23608300
15.64170900
15.97308300
15.50850000
16.25400000
16.43812500
15.94087500
16.49370800
16.17183400
16.10279100
16.37091700
15.87983300
15.75062500
16.32075000
15.96666700
16.24912500
16.67175000
16.36125000
19.82791700
22.04400000
17.73766600
18.40970900
18.47300000
17.18079100
17.81816700
17.12416700
17.04070800
16.41529200
16.90675000
16.16133300
16.60462500
18.63541700
18.00779100
18.31095900
18.86612500
18.53991600
20.26775000
19.33720900
18.55854100
18.52408400
18.42108300
19.09516700
18.49091600
18.11895900
17.91120800
18.52495800
18.93683400
17.93758300
16.79820800
17.67633400
18.32208300
18.43645800
18.71875000
16.48066700
15.62262500
17.16091700
16.66308300
18.35450000
19.32316700
18.45170800
16.87533300
17.61000000
17.08304200
16.64295800
17.37512500
17.51766700
16.10845800
17.42104200
16.01020800
17.11570900
16.55795800
15.80945800
17.08620900
16.81620800
16.57429200
17.29620800
15.85316700
17.00175000
16.81125000
16.33866600
17.08466700
16.46441700
15.69987500
15.65758300
16.27170800
16.13591700
16.95545800
16.40729200
15.81900000
16.17200000
16.22037500
16.12200000
17.30495800
15.86675000
15.82216700
15.74433300
15.89779200
16.20250000
16.78720800
16.61637500
29.91170900
22.43379100
22.65579200
23.34941700
23.45466600
20.53870900
20.60629100
22.42675000
70.14570900
33.16354100
25.94487500
25.33591700
20.89516700
24.45675000
21.70416600
22.16029200
23.60712500
20.90966700
21.20012500
18.37525000
17.94333300
18.32412500
18.44229200
20.20200000
19.15866600
18.87975000
17.99645900
17.64841600
19.59687500
17.51437500
17.67591700
17.76066700
18.29004100
18.30762500
17.90425000
17.77779200
16.33625000
15.77345800
15.67020900
15.60425000
15.51650000
15.73870800
15.76466700
15.90800000
15.76083300
15.61062500
15.28933300
16.49737500
16.06316700
15.48212500
16.08283300
15.89500000
15.38383400
15.66454100
16.38345900
15.01837500
15.18375000
15.41429100
15.93770900
16.11775000
15.87512500
15.94779100
17.82237500
16.79933400
16.68762500
16.73908300
16.25070800
15.91679200
16.12333300
17.62104200
16.16587500
16.44145800
16.18895900
20.72979100
15.87787500
20.05616700
21.80116700
21.69258300
22.20891700
19.65491600
19.13054200
22.95754200
19.90462500
17.58708300
18.59504200
19.51462500
19.39233300
18.76525000
17.82179200
17.67833300
17.63754200
17.95262500
17.68162500
17.66016600
17.23225000
17.59612500
15.93716700
14.90375000
14.99025000
15.17575000
15.37395800
15.19083400
15.07279100
14.98937500
15.02904200
15.45241700
15.49508300
15.85570800
15.35733400
15.19795800
15.15895800
15.31954200
15.47745800
15.75412500
15.41970900
14.96729100
15.03925000
15.08695900
15.56575000
16.07950000
14.98104100
15.38275000
15.91491700
15.68120800
15.69879200
16.12025000
15.99425000
15.81441700
15.95150000
16.36537500
15.30154100
15.41970900
14.97754100
15.33562500
15.81804200
15.35445800
15.50479200
15.98600000
16.02620800
15.57162500
15.55350000
15.60887500
15.80725000
16.00783400
15.83320800
15.50316700
15.87595800
15.35670800
16.95295900
15.36383300
15.93004200
15.86616600
15.86866700
15.62391700
16.46079100
15.06925000
15.38370900
15.46154100
15.27187500
15.33866700
15.41879200
15.47620800
15.48166700
15.61166600
16.67462500
15.17937500
16.34754200
16.54129200
15.48000000
15.55729100
16.35670900
15.15545800
15.22962500
15.40954200
15.20691600
15.70858400
15.51787500
15.56000000
15.93791600
16.08850000
15.47770900
16.26866600
16.10745900
15.82475000
15.93016600
16.69033400
16.37912500
17.03845800
16.63950000
16.54304200
16.75545800
18.66250000
18.20941700
18.47837500
18.25458300
18.61991700
17.62612500
16.07841600
16.82079200
17.22587500
16.76270800
17.90012500
18.21387500
16.11000000
16.04091700
15.77629200
15.76725000
15.68958300
15.92616700
15.70587500
14.67216600
16.85933400
17.64204100
16.15383400
16.21441600
16.29966700
16.40329200
16.15166600
15.62270900
16.29720800
16.33441700
15.50404100
16.33616700
16.52070800
17.73720900
16.41441600
16.25716700
15.73775000
16.91450000
16.66529200
16.71850000
16.60575000
17.15833300
16.42829200
17.04700000
16.23137500
19.07283300
100.46041700
39.22666600
40.14983400
18.55700000
18.06608300
18.32008300
18.65716700
18.84987500
19.57733300
19.25075000
18.51279200
18.20058300
18.52283400
18.04937500
17.88412500
19.41416600
18.77383400
19.10666600
17.31520900
15.83695800
16.14416700
15.69395800
15.96345800
15.69408400
15.62283300
16.03325000
16.34741700
16.41945800
15.92120800
17.15054200
16.67108300
16.23550000
16.99425000
17.40800000
15.57616700
16.27566700
16.14791600
16.28045900
19.11137500
16.43166600
15.99858400
15.67025000
17.78833300
15.94066700
18.27779100
16.91187500
16.98900000
16.00820900
16.77366600
17.39941700
18.66254200
17.49191600
16.96900000
15.61929200
15.15929200
16.20600000
18.15779100
17.68704200
16.28112500
16.93316700
17.10279100
16.46375000
16.00729200
15.95929200
15.89108300
15.62812500
15.61120800
17.09779200
16.02062500
16.08541700
16.51537500
17.13679100
17.03237500
17.66795900
15.69462500
15.63320800
16.14520800
15.96991700
17.28108300
17.49562500
16.00900000
16.93179200
18.86000000
18.51666700
18.39450000
17.01779100
16.39554200
16.10104200
16.85870800
17.46445800
16.00004200
15.86491700
15.73425000
16.77220800
15.34291700
15.55516600
15.21550000
16.84891700
17.30291700
15.19758300
16.41250000
17.73887500
18.03762500
17.71200000
16.10133300
16.95987500
16.41729200
16.08954200
17.64900000
15.60033300
16.82129200
16.37208300
16.49337500
17.17875000
17.76783300
17.57641700
19.87208300
18.39604200
18.35625000
17.42425000
16.85400000
17.64870800
17.57308400
18.30145800
18.65929200
18.34916600
18.07541700
17.98245800
17.96108400
17.52908300
17.45195800
15.07129200
15.35937500
15.18091700
14.89850000
15.56725000
15.90554100
15.58625000
16.12837500
15.52550000
15.17695900
15.98825000
16.23212500
15.58662500
15.74270800
15.31158300
14.75208400
15.19633300
14.73854200
14.71141600
14.98279200
14.80883300
15.79620900
16.07662500
15.30491600
15.03145900
15.61300000
15.10691600
15.15745900
15.13058300
15.19266700
15.71858300
15.98841700
16.20670800
15.86712500
15.90341700
15.59120800
15.62337500
16.11041700
15.82425000
15.83412500
16.17708300
16.20670800
15.35408400
16.10287500
15.24662500
15.33766600
16.48170900
15.59512500
15.43054100
15.27904200
15.40441700
15.80041600
15.93620900
15.55079100
15.62212500
15.66658400
15.92095800
15.86779200
15.76412500
15.08883300
15.75104200
15.25133300
15.34650000
15.84383300
15.61708400
15.50533300
15.87466700
16.17062500
16.26262500
17.11716600
16.09758400
15.62495800
15.76295800
16.13512500
16.37254200
16.46354200
16.31125000
16.67595800
16.10145800
15.66558400
15.30637500
15.77770800
15.23266700
14.78325000
15.75545800
15.41629200
15.10937500
15.45145800
15.90283300
16.68879200
16.39295800
15.59075000
15.61645900
15.73908300
16.34341700
16.60704100
16.75312500
16.75058400
16.97437500
16.57166600
17.20041700
16.09220800
16.56241700
16.79429200
16.58783300
16.66345800
16.61975000
16.82429200
17.13637500
16.60508300
16.45862500
16.82270900
16.48845800
16.88412500
16.38733300
16.68208400
16.67145800
16.81675000
16.51500000
16.76758300
16.97195900
16.30562500
16.87262500
16.71279100
16.89637500
16.85433400
16.62670800
18.12725000
18.68054200
19.05304100
18.83737500
18.02354200
18.59954200
17.88920800
18.47958300
18.29975000
18.01095900
18.04908300
18.28620800
18.19683400
18.45858300
18.72654200
18.13491600
18.13891700
18.12775000
18.12758300
18.53700000
17.30712500
16.02479200
16.55104200
15.98770800
16.16054200
16.13670800
16.29670800
17.75845900
19.97358300
18.71604200
16.16504100
17.03754200
17.03229200
19.49004100
19.47658400
18.33241600
18.58087500
19.93062500
19.39637500
18.70416700
16.22370800
17.57545900
16.01791600
15.60612500
15.50450000
15.79770900
15.48262500
16.05787500
15.81587500
15.73558300
17.27162500
16.71908300
16.32258400
15.99020800
16.39054200
15.44037500
15.54662500
16.04395800
15.53350000
15.14462500
15.97762500
15.85166700
15.66000000
16.51412500
15.93412500
15.45833300
15.97237500
16.14775000
15.72229200
17.48145800
16.14675000
15.99820800
15.87862500
16.29987500
15.66725000
16.31000000
15.63429200
16.51379200
15.88600000
15.78158300
15.59962500
15.29041700
15.41079100
15.11841700
15.92508300
15.70645900
16.19062500
16.03795800
15.62966700
16.23641600
15.80179200
15.90237500
16.77229200
16.05458300
15.92991700
15.98662500
16.43991600
15.97441700
16.32466700
16.01787500
16.38670800
17.67154200
15.71462500
15.38104100
15.98362500
15.51366700
15.47754200
15.71008300
15.79533300
15.52362500
16.14866700
16.02454200
16.03833300
16.22250000
16.03683300
15.57658400
15.95575000
16.58795800
15.76991700
16.85158300
16.40912500
16.49554200
16.96383300
16.52620800
16.58170900
16.76491600
16.72754200
16.62554200
16.70970800
16.75266700
16.67358300
16.74054200
17.00708300
16.58000000
16.55416700
16.46175000
16.79104100
16.49612500
16.73254200
16.71062500
16.70558300
16.57866700
16.78587500
16.75370800
16.98012500
16.36075000
16.94158400
16.25500000
16.63329100
16.77600000
16.95783400
16.47104100
16.75012500
16.37400000
16.84200000
16.86941700
16.12395800
17.06825000
17.01966700
16.20308300
16.89512500
16.81900000
16.89358400
16.37004100
16.94554200
16.30233300
16.96162500
16.43679200
16.83245800
16.58045900
26.53612500
14.45212500
13.39212500
13.44975000
15.43679100
16.58637500
16.77675000
16.47012500
16.90558400
16.87341600
16.59262500
16.89462500
16.84604200
16.48941700
16.95466600
16.38700000
17.05508400
16.31141600
16.88279200
16.46725000
17.00833300
16.33550000
16.95741700
16.44716700
16.86020800
16.69787500
16.43504200
16.63975000
16.98983300
16.46429200
16.86850000
16.42004100
17.08279200
16.24162500
17.03358300
16.41520900
16.83812500
16.73204100
16.70954200
16.39720800
17.03625000
16.43658400
16.79375000
16.54929100
16.83383400
16.42383300
17.10783300
16.38062500
16.76954200
16.56670800
16.77183400
16.60191600
17.68850000
16.38937500
16.13687500
16.78141700
16.43154200
16.70895800
16.68816700
16.97708300
16.97583300
16.77475000
16.48791700
16.40700000
17.10754200
16.43516600
16.17870900
17.10991600
16.45754200
16.74370800
17.88412500
18.10900000
18.11000000
17.96991700
18.35170800
18.50566700
17.78962500
18.74679200
18.29870800
18.05529200
17.65287500
18.09462500
17.77112500
17.74379100
18.08629200
17.93312500
18.04329200
18.07879100
17.46691700
18.22400000
17.86858300
17.85112500
17.37333400
17.92083300
18.33316700
18.25837500
18.75787500
18.46029100
18.58375000
18.41441700
18.24487500
18.42954200
19.04387500
17.62629100
20.21704200
20.77316700
18.70512500
19.69445800
19.92070800
21.57100000
17.58241700
18.55991700
18.38395800
20.66633300
18.19379200
18.24550000
17.76954200
19.59891600
18.77029200
18.22879200
18.12762500
17.69745800
17.95775000
17.73204200
18.28650000
17.82508300
19.82950000
17.87075000
18.01600000
18.27783300
18.46654200
18.39654200
18.09191600
19.43741700
18.72029200
17.64608300
17.97433300
18.55754200
18.75395800
18.16504200
18.42229200
18.41920800
18.18958300
20.25850000
18.65216700
18.08275000
17.50587500
18.35562500
18.12000000
18.37216700
18.20775000
18.38316600
19.84070900
18.62470800
17.55516700
17.82920800
17.79583300
17.71141700
18.07262500
17.60787500
17.56133300
18.33945900
19.08487500
18.85779100
18.09575000
17.68087500
17.87633400
18.47391600
18.05858400
18.49829100
19.22154200
18.28783300
17.91208400
17.77112500
18.11904100
18.66087500
17.65133400
18.38691600
18.82258400
18.20487500
18.99937500
18.66162500
18.32604100
18.10183400
18.77950000
16.52316600
15.13837500
15.82358400
15.16087500
15.15366600
15.29441700
15.27858300
17.65937500
23.71087500
23.57275000
20.73162500
18.46779200
17.94783300
18.81587500
18.57604200
18.40675000
17.97595800
18.49041700
19.11037500
18.34112500
18.33833300
17.80458400
18.60054100
18.15600000
18.70775000
17.71654200
18.06641700
19.01000000
18.54725000
17.99545800
15.95533300
15.39750000
17.70329200
18.73762500
16.45162500
16.58216700
16.63954100
17.57279200
17.93670800
16.62629200
16.72050000
15.74383300
17.51375000
17.36691700
16.10866700
16.61262500
16.03370800
17.77083300
16.44704200
15.78154200
15.64137500
15.57887500
16.18354100
17.35037500
15.88487500
17.76854200
16.17579200
17.29775000
16.13166600
16.97466700
16.60420800
16.29591700
16.05900000
18.77883300
18.44208400
18.59812500
17.90795800
17.93708300
17.74966700
15.90079200
15.62787500
15.68250000
15.34966600
16.12641700
15.50829200
15.43487500
15.60004100
15.35654200
14.93683300
15.18254200
15.07516700
15.46320800
16.07816700
15.61520800
15.70804200
15.77500000
15.42091600
15.46462500
15.88879200
15.49616700
15.22570800
15.59745800
15.62500000
16.35491700
15.49262500
15.32233300
15.12416700
14.95850000
14.98279200
15.43125000
15.40175000
15.68466600
15.60266700
15.68545800
15.26354200
15.92445800
15.77120900
15.36845800
15.54891700
15.61870800
15.67629200
15.76920800
15.71733300
16.17050000
16.44020900
16.08191600
15.68120900
16.15620800
15.69241700
15.76320800
16.64670800
15.97700000
16.33616700
16.42487500
16.10754200
15.33258300
15.66658300
15.25191700
15.32116700
15.45629100
15.32270900
15.12258300
15.75820800
16.42829200
15.95720800
16.34170900
15.81341600
15.48495900
15.77587500
16.58795800
15.70516700
16.27166600
15.89958400
15.92670800
15.99133300
16.21183400
16.12654100
15.66012500
15.09912500
15.31091700
15.15550000
15.31595800
15.82583400
15.84966600
16.00079200
16.05245800
16.70595900
16.18691600
15.93208400
15.94754100
15.92425000
16.10704200
16.48600000
16.12562500
16.23050000
16.48679200
15.59325000
15.62150000
15.12145800
15.22537500
16.40720800
16.66487500
16.58691700
16.78504200
16.76841600
16.48987500
17.01725000
16.55787500
16.75891700
16.66325000
16.81250000
16.34575000
17.02054200
16.59958300
16.39008300
17.06904200
16.57929200
16.61916600
16.69729200
16.82541700
16.42875000
16.88904100
16.57191700
16.68966700
16.59333300
16.77937500
16.48437500
16.89395800
16.76479200
16.81104200
16.64241600
16.37483400
17.12433300
16.43916700
16.66533300
16.80683300
16.67441700
16.91950000
16.38566700
16.93041600
16.48137500
16.52612500
16.67362500
16.71466700
16.70187500
16.80416700
16.45866600
16.91066700
16.79558300
16.36362500
17.06283400
16.36466600
16.74654200
17.01058300
16.38141700
16.66841700
16.70070800
16.88920800
16.45370900
16.69462500
16.77312500
16.62295800
16.72404200
17.12875000
16.18975000
16.72308300
16.51558300
16.61912500
16.87562500
16.74300000
16.45341700
16.54175000
17.13929200
16.46320800
17.13316700
16.45637500
16.44116600
16.86937500
16.58345900
16.50670800
16.84054200
16.60941600
16.69370900
16.69770800
16.65587500
17.05612500
16.74304200
16.34512500
16.65937500
16.72675000
16.58075000
16.68212500
16.95100000
16.80825000
16.87508300
16.52908300
16.32275000
16.70591700
16.66529200
16.53945800
16.89041700
16.72020800
16.71062500
16.42887500
17.24195800
16.50295900
16.65408300
17.25812500
15.91620800
16.99916700
16.91791700
16.08187500
16.84950000
16.42670800
16.58904200
16.96608300
16.42970800
17.06516700
17.17954200
17.01833300
16.51295800
17.70591700
16.75816700
16.37954100
17.94387500
18.82500000
18.73562500
16.98391700
16.15766700
16.12058300
15.77304200
15.37558300
15.49620800
15.83037500
15.58741700
16.07929200
16.66720800
16.53029200
16.89975000
16.53829100
16.68579200
16.77833300
16.48020900
16.70458300
16.90870800
16.70120900
16.49425000
16.78529100
16.72291700
16.64716700
16.50208300
16.56383300
16.83037500
16.56895900
16.76820800
16.67612500
16.97320800
16.59141700
16.60595800
16.86041700
16.42412500
16.60204200
16.88458300
16.44812500
16.65862500
17.29262500
16.49183300
17.61012500
16.47358400
15.67566600
16.45125000
16.93429200
16.44658300
16.28970900
16.84625000
16.70562500
16.72608300
16.70695800
16.71954200
16.47270800
16.74979200
16.74975000
16.47466700
16.78608300
16.78041700
16.27491600
16.77750000
16.73504200
16.48983300
16.84212500
15.97216700
17.43591700
16.60587500
16.71729100
16.64058400
16.73733300
16.61916700
16.44741600
16.85454200
16.65795800
16.72162500
16.74420900
16.73116600
16.64279200
16.80400000
16.70025000
16.76029200
16.72066600
16.58275000
16.77162500
16.74470900
16.51312500
16.73708300
16.61579200
16.78600000
16.60716600
16.73520900
16.68783300
17.08187500
16.24662500
16.74770800
16.63895900
16.74658300
16.49025000
16.87983300
16.68079200
16.65508300
17.05383400
16.33258300
16.62412500
16.70916700
16.93404100
16.54404200
16.74220800
16.72687500
16.61254200
16.65716700
16.72733300
16.68933300
16.53566700
16.83670800
16.77887500
16.57725000
16.59945900
16.68958300
16.71633300
16.72379200
16.57579200
16.84383300
16.59241700
16.73562500
16.74158300
16.63512500
16.64679200
16.58804100
16.64237500
16.67658400
16.89095800
16.50750000
16.71683300
16.74437500
16.85575000
16.45212500
16.74604200
16.79416700
16.73762500
17.07541600
16.33829200
16.81125000
16.61775000
16.37183300
17.41887500
16.35250000
16.45262500
16.90750000
16.72020900
16.50020800
16.72562500
16.66754200
16.66395800
16.74458300
16.65400000
16.57366700
16.88829200
16.58375000
16.58391600
16.89058400
16.98062500
16.37887500
16.71375000
16.52558300
16.75862500
16.54016700
16.79875000
16.73833300
16.70741700
16.59516600
16.46412500
16.85400000
16.66375000
16.41558400
16.98241600
16.66420900
16.71020800
16.56395800
16.79441700
16.68679200
16.48220800
16.71283300
16.93529200
16.16112500
17.14458300
16.45925000
16.77916700
16.73900000
16.41445800
16.88520900
16.74587500
16.50725000
16.77829100
16.71141700
16.56095800
16.94591700
16.32687500
16.74070800
16.96679200
16.32129200
16.79800000
16.86150000
16.59312500
16.80570800
16.74662500
16.62562500
16.80254200
16.26779100
16.85366700
16.83466700
16.59508300
16.64033300
16.78583400
16.72833300
16.59600000
16.81937500
16.63833300
16.53854200
16.61429200
17.20654100
16.75408400
16.17529100
16.81016700
16.44366700
16.63708300
16.92600000
16.40437500
16.91283300
16.50612500
16.80875000
16.68987500
16.63658400
16.91600000
16.71000000
16.23020800
16.73858300
17.02375000
16.31100000
17.13175000
16.52050000
16.57887500
16.83558400
16.46587500
16.74362500
16.68937500
16.74458300
16.68250000
16.73004200
16.37400000
16.99654100
16.46558400
16.94916600
16.52329200
16.62816700
17.04270800
16.58675000
16.42779200
16.86983300
16.45850000
16.88000000
16.43658300
16.56141700
17.06029200
16.56904100
16.46800000
17.08291700
16.62162500
16.42316700
17.01837500
16.57458300
16.83191700
16.58966600
16.41837500
16.92037500
16.45587500
16.67904200
16.95745800
16.39379200
16.89733300
17.23145900
16.77066600
16.28675000
16.56000000
16.80166700
16.40962500
16.62833300
16.80275000
16.60125000
16.65662500
16.91700000
16.60925000
16.81212500
16.46462500
16.83920900
16.68266600
16.18525000
16.75745900
17.02104100
16.35691700
16.53575000
17.13637500
16.41108300
17.07254200
16.44862500
16.65554200
16.73908300
16.66058300
16.55350000
16.86141700
16.58870800
16.74079200
16.41875000
16.86837500
16.87200000
16.36412500
17.02162500
16.73612500
16.40895800
17.04716700
16.34833300
16.77004200
16.72833300
16.43820900
16.56441600
16.98725000
16.60254200
16.89237500
16.48712500
17.21420800
16.37625000
16.86512500
16.66125000
16.40470900
16.48395800
16.95033300
16.40075000
16.83695900
16.78558300
16.43337500
18.49245800
16.76129200
16.51762500
15.92037500
15.68775000
16.96545800
16.62529200
16.49816700
16.91079100
16.30995900
16.67254100
16.78875000
16.70433400
16.56300000
16.87875000
16.60529100
17.08304200
16.78183300
16.62750000
16.73016700
16.54708300
16.43958400
16.50200000
16.74083300
16.54308300
16.77458400
16.94395800
16.53708300
16.80791700
16.58683300
16.68450000
16.48054200
16.79608300
16.60225000
16.65120900
16.98862500
16.55650000
16.80108300
16.59016700
17.01841600
16.57983400
16.96445800
16.32987500
16.70854200
16.61845800
16.86858300
16.55687500
16.74925000
16.56612500
17.32266700
16.32491700
16.36216600
16.98795900
16.62491600
16.42587500
16.83054200
16.84008300
16.39487500
16.77591700
16.75129200
17.13658300
16.40633300
16.71575000
16.58220900
16.55362500
16.79412500
16.33858300
17.16608300
16.65800000
16.96045900
16.65004100
16.52070900
16.54875000
16.79133300
16.56341700
16.81258300
16.83166700
16.69404100
16.34045900
16.92391600
16.57083400
16.50808300
16.87791700
16.88112500
16.26670800
16.93195800
16.66704200
16.56329200
16.99229100
16.48725000
16.55987500
16.74466700
16.59420800
16.72075000
16.92591700
16.70750000
16.49737500
16.61770800
16.59400000
16.76358400
16.65216600
16.81166700
16.69329200
16.80787500
16.35966600
16.88183400
16.63804100
16.62275000
16.95141700
16.39220800
16.94166700
16.46579200
16.83362500
17.09575000
16.64200000
16.40341600
16.77504200
16.58900000
16.90629200
16.35816600
18.01375000
15.50454200
16.73745800
16.60941700
16.69037500
16.68370800
16.85941700
16.58375000
16.66566700
16.73275000
17.25879100
15.97800000
16.99995900
16.44237500
16.73737500
16.61170800
16.75104200
16.46695800
16.94670800
16.53633400
16.75245800
16.67062500
16.92741700
16.25387500
17.01291600
16.44516700
17.08087500
16.30912500
16.90200000
16.45820800
17.05225000
16.33241700
16.90575000
16.48150000
16.71212500
16.61616700
16.85220800
16.42929200
17.02970800
16.42091700
16.73779100
16.61633400
16.83375000
16.51845800
16.99404200
17.10804100
16.96691700
16.85000000
15.85333300
16.44154200
17.03125000
16.40100000
16.58579200
17.02254100
16.42508400
16.51350000
17.05412500
16.37125000
16.84575000
16.43641600
17.37754200
15.96833300
17.01883400
16.52700000
16.69395800
16.59108300
16.80741700
16.42891700
16.97183300
16.73675000
16.65504200
16.47129100
16.94091700
16.33791700
17.07662500
16.39029100
16.97125000
16.38962500
17.03725000
16.44779200
16.83745800
16.36775000
16.86875000
16.62020900
16.74045800
16.80379200
16.72137500
16.48316600
16.91154200
16.41516700
17.25383300
16.53112500
16.88495800
15.88041700
16.97383300
16.59404200
17.69545800
17.98675000
17.36958400
17.34833300
18.53470800
17.87420900
18.18483300
18.20112500
18.67650000
17.07687500
17.89666700
17.47170800
17.45850000
17.87954200
17.95875000
18.16766600
17.94816700
18.15804200
17.86133300
17.68404200
17.80933300
17.21325000
17.98600000
18.75179200
18.18679100
18.17487500
17.97600000
17.82437500
18.50087500
18.61250000
17.53866700
18.54275000
17.87500000
17.86133300
17.86058400
17.25416600
17.96775000
17.86208400
17.92395800
17.79558300
17.87033400
18.03083300
18.24945800
17.88287500
17.41000000
17.85691700
17.62279200
18.21291600
18.25983400
20.47704100
20.81862500
21.32937500
19.44400000
17.64700000
17.55225000
17.46945900
17.13283300
17.84325000
17.16466700
17.43066600
17.68779200
17.79791700
17.01704100
17.61658400
17.44741600
17.43787500
17.27825000
17.53170900
15.58933300
16.39450000
14.99054200
14.73287500
14.87475000
14.92325000
14.69166600
14.92816700
15.02575000
15.10045800
15.07733400
14.62700000
15.43362500
15.11641600
15.19045900
15.34375000
15.63470800
14.94279200
15.33020800
15.17250000
16.82908300
15.38587500
15.84087500
16.51412500
15.41950000
17.47779200
17.15133300
17.77650000
17.54070900
17.63450000
18.08916600
17.60929200
17.62308300
18.10908400
17.93412500
18.00475000
18.33666600
18.14350000
17.63766700
18.25362500
17.34762500
17.94675000
17.96220800
17.57237500
17.35412500
17.66058400
17.47341600
17.74795900
17.71670800
17.79187500
17.73920800
16.70333400
18.35550000
16.85125000
17.03187500
18.01841600
18.30633400
16.48279100
18.38945900
17.48420800
18.10104200
17.43841600
16.88337500
16.48658400
17.31029100
15.96120900
17.97658300
15.72183300
17.65162500
16.03833400
18.37016600
18.36225000
18.00508400
18.47991600
18.50704200
18.24316700
17.23537500
16.90166600
18.01458400
17.12412500
17.64575000
17.38100000
17.69670800
17.06762500
17.03416700
17.22408300
16.80512500
17.67995800
17.63470900
16.97566600
17.47937500
16.58137500
17.31012500
17.78725000
16.21216700
18.36179200
18.34795800
15.17520800
16.81729200
18.27441700
16.65333300
17.24020800
17.79295900
16.74500000
17.81754100
15.89666700
15.87316700
16.58216600
18.14920900
17.73033300
15.23245800
16.13716700
15.67541700
16.02675000
15.86229100
16.46295900
15.36891600
16.30570900
18.17412500
16.11637500
16.51291600
16.69512500
17.76279200
15.58900000
18.08895800
15.51008400
16.64804100
15.16275000
16.43962500
16.05629200
19.20279200
18.67091600
18.29279200
16.86450000
15.80954200
17.06408300
17.54750000
17.27100000
16.96733300
16.14358400
17.93900000
15.35695800
15.54433300
15.33062500
16.64583400
15.56575000
16.05550000
15.94291600
17.59862500
16.67037500
15.90900000
15.69058400
16.79737500
17.89370800
17.09550000
16.31083300
15.62995900
17.21433300
16.31179200
15.73583300
16.03608300
15.66795900
15.14750000
15.94041600
15.37695900
14.95254100
15.81537500
15.68375000
15.42579200
15.99933300
15.15737500
16.43762500
17.68929200
15.43604200
15.33520800
15.14941700
15.14200000
14.80316600
15.14370900
15.33666600
16.26991700
15.07983300
15.79004200
15.77100000
15.59262500
15.61433300
16.37537500
15.37987500
16.28737500
15.85720900
15.29866600
15.63758400
17.42279100
16.24491700
18.33433300
15.90195900
15.59616600
15.76475000
17.54800000
17.42545900
15.80329100
17.45733400
15.19854100
15.65554200
16.42683300
18.32200000
16.28470900
16.29379100
17.11775000
16.54675000
17.34216700
17.67895800
15.37925000
16.96016700
17.92670800
15.54258400
17.38300000
15.46670800
15.47162500
15.87554200
15.80279100
18.01570900
18.55520800
17.11804200
16.93004100
15.77608400
15.92616600
16.80245900
16.20170800
16.46525000
16.58025000
17.53029200
17.16912500
17.60950000
16.64541600
17.51970900
16.20683300
17.25808300
17.73070900
15.60295800
18.26295800
18.32729200
16.70987500
15.14450000
15.05679200
15.43108300
15.59179200
15.31241600
15.49212500
15.08312500
15.50133400
15.04316600
16.28333400
15.73566600
17.16400000
16.15995900
15.93262500
15.31170800
15.84291700
17.62641600
19.35129200
18.35116700
17.81741600
17.79766700
17.48766700
17.16466600
17.80941700
18.05291700
15.71700000
16.11187500
15.65583300
15.29558300
15.63404200
15.12487500
14.98204200
15.30633300
15.18237500
15.15658300
15.37595900
15.35341600
14.74629200
15.45579200
15.66029100
14.77954200
14.79858300
14.63408400
15.07966600
14.76579200
14.61891700
14.74733300
14.86020800
14.81441700
15.33566700
14.80612500
14.51562500
14.84916600
14.77716700
14.95325000
15.70854200
15.71475000
15.07304100
15.71629200
15.26095800
16.09679200
16.46154200
16.32358300
16.60845800
16.98333400
16.46266600
16.64662500
16.93541700
16.47570800
16.70250000
16.61945900
17.02629100
16.77150000
16.62325000
16.51250000
16.79475000
16.35437500
16.86204200
16.54720800
16.82033400
17.00325000
16.59000000
16.50308300
16.75566700
16.52075000
16.97991600
16.46633400
16.68216600
16.82958400
16.63754100
16.36075000
16.83983400
16.83354100
16.65816700
16.58404200
16.71420800
16.63583300
16.69212500
16.77975000
16.65204200
16.56170800
16.67675000
16.75050000
16.54241700
16.64170800
16.86704200
16.58962500
16.88700000
16.43733300
16.93600000
16.44641700
16.91945800
16.70508400
16.50162500
16.66712500
16.71095800
16.51637500
16.73275000
16.87433300
16.63104200
17.01141700
16.30179100
16.92054200
16.55637500
16.72854200
16.80208300
16.68362500
16.30712500
16.65162500
16.77920800
16.80954200
16.64554200
17.19608300
16.14804200
16.64316600
16.73304200
16.98420800
16.17075000
17.15741700
16.36516700
17.10891600
16.32800000
22.52391700
19.98458300
17.74233400
20.96712500
22.71912500
20.05225000
20.70441600
19.59583400
18.47612500
18.32995800
18.23404200
18.25400000
18.18600000
18.06320800
17.61333300
17.45904200
18.50550000
18.91779200
21.08833300
20.31883300
20.41662500
20.16770900
18.10295800
18.19729200
18.26387500
18.73541600
18.55783400
17.49650000
17.64504100
17.82908400
17.99454100
17.94358400
17.61566600
17.51675000
18.27433400
17.91550000
17.44745800
18.15408300
18.03075000
17.83270900
18.17254100
18.36429200
17.77070800
18.14816700
19.37025000
18.07970800
18.61962500
18.22858400
17.31091600
17.86037500
17.45645900
17.53941600
17.92275000
15.46412500
17.34104200
14.78100000
16.40204200
17.60220800
16.76600000
16.19433300
17.52991700
16.77508300
16.24045900
17.48525000
17.11300000
17.78879100
15.96770900
15.69475000
17.72883300
17.00583300
16.18900000
15.61237500
15.68454200
17.29220800
15.59904200
17.56408300
15.81350000
16.81391700
18.05862500
16.38041700
18.95466600
17.28741700
16.67920800
16.21945900
17.47741600
17.08858400
15.59858300
17.47000000
15.95341700
15.34825000
16.89233300
16.07025000
14.26987500
17.27870800
17.16270900
15.60725000
17.43954100
17.59295900
15.28858300
16.77225000
17.71000000
16.77637500
18.46791700
18.96916600
18.09241700
17.21566700
16.55075000
16.86029100
16.60212500
16.11408400
15.23083300
16.07187500
17.57358300
15.28700000
16.61320900
15.57304100
15.68875000
16.74841700
17.20450000
15.16095800
16.64845900
17.80675000
16.75954100
18.37625000
14.95445900
16.60487500
17.95204100
15.34379200
16.73854200
16.06054100
15.97750000
18.32766700
17.34762500
16.73145800
17.81629200
18.04033300
17.33433400
16.31566600
17.83025000
17.29870900
18.18895800
15.91154200
16.96150000
17.20629100
15.38033400
16.65804100
16.64691700
15.85370800
16.21775000
16.45670900
17.31879100
16.47545900
18.38854100
17.43595900
17.20683300
16.86112500
16.02858300
17.19800000
16.69537500
15.92787500
16.88904200
16.42104200
16.05229100
19.34500000
16.31125000
16.96520900
16.93608300
15.76479200
16.07379100
17.97575000
15.79658400
16.51891600
16.43791700
15.75404200
16.22025000
17.47400000
16.36670800
17.46225000
16.07620800
16.04966700
16.52304200
15.66875000
15.78683300
18.03150000
16.25562500
15.62775000
17.13537500
16.00183300
16.21487500
16.54766700
16.30008300
16.47541700
15.21575000
17.43641700
15.59854100
18.02450000
19.34654200
20.31591700
20.84912500
18.31962500
17.90541600
17.47887500
17.98566700
17.28341700
17.43304100
17.03975000
15.35320900
14.94995800
15.21175000
14.78062500
14.68345800
15.07750000
15.21445900
14.90879100
14.64729200
14.96108300
15.32091700
14.76995800
15.19466700
14.96300000
14.51970800
14.89612500
15.22341700
15.12716700
16.28100000
15.32441600
14.88108400
14.70879100
15.30412500
15.07758400
14.78058300
16.00600000
15.46408300
14.95250000
15.15637500
15.43162500
15.13483400
15.91912500
15.42895800
15.59704200
15.41654100
14.89000000
15.65058400
16.02508300
16.11375000
15.82062500
16.16912500
15.92241700
15.53775000
15.91758300
15.69950000
15.73900000
16.63741700
15.82179100
15.50908400
16.43900000
16.30941600
15.25170900
15.25650000
15.57145800
18.40025000
16.90554200
15.81050000
15.22816600
15.31325000
15.24937500
15.12579200
15.41554200
15.60104100
15.72362500
15.86679200
15.75804200
16.10837500
15.83291600
15.80004200
15.43187500
15.71025000
15.34500000
15.34954200
15.19800000
15.33008300
15.44475000
15.55975000
15.45779200
15.70700000
15.61091600
15.91154200
17.12495800
17.25804200
16.44245800
16.51679200
16.07029200
16.62095800
16.78258300
16.61225000
16.78383400
16.71554100
16.63187500
16.66862500
17.08700000
16.37341700
16.80395800
16.51733400
16.67445800
16.86812500
16.60920800
16.81466700
16.40808300
16.92958400
16.51741600
16.55366700
16.78104200
16.74579100
16.66366700
16.69050000
16.62066700
16.85937500
16.56116600
16.65029200
16.56883300
16.97066700
16.60733300
16.62575000
16.74700000
16.80708400
16.48770800
16.71379200
16.75720800
16.72008300
16.49783400
16.81604100
16.68329200
16.66675000
16.50262500
16.85362500
16.72750000
16.67408300
17.08445900
16.13654100
16.71912500
16.76500000
16.55045900
16.76800000
16.64895800
16.62241700
16.83120800
16.67954200
17.54179100
16.19350000
16.55616700
16.41904200
16.62983300
16.69541700
16.67812500
16.64595800
16.68045800
16.86012500
16.52983400
16.71050000
16.70133300
16.82979200
16.63383300
16.84533300
16.19229200
16.92625000
16.60800000
16.62191700
16.89841600
16.59891700
16.51558300
16.88500000
16.66962500
16.37429200
17.09091700
16.53066600
16.71662500
16.55154200
16.70675000
16.66666700
16.80462500
16.75504100
16.58116700
16.75970800
16.66320900
16.47633300
16.95691700
16.70825000
16.46737500
16.59804100
16.60445900
16.87154100
16.86479200
16.41366700
16.94916600
16.46862500
16.74675000
16.82337500
16.79691700
16.46641700
16.89300000
16.35604100
16.58462500
16.93058400
16.63279100
16.77291700
18.82783300
21.58920900
28.96037500
30.19279100
25.22537500
30.40108400
27.25512500
26.47958300
24.48175000
18.25595800
18.51404200
17.98845800
17.26395900
16.67204100
18.28575000
21.09133400
18.79495800
18.44462500
18.60941700
18.51991600
18.86137500
19.07558400
18.54225000
18.57595800
18.28716700
19.81841600
20.46608400
20.16050000
18.57179100
18.37445900
18.82433300
19.79983300
20.61550000
19.24004200
18.72408300
19.17445900
19.47520800
19.11625000
19.27270800
18.92141700
19.83883300
19.49087500
19.89391700
18.61379200
19.23491600
18.84762500
18.43491700
18.77120800
18.30941700
18.37908300
16.13975000
15.16345900
16.53775000
15.34154100
15.38600000
15.77466700
15.55379200
15.82079100
16.03658400
16.66812500
15.82058300
15.54887500
16.01141700
16.26595800
16.63429200
16.36508300
16.09262500
15.86658300
15.89233400
15.61412500
16.71079100
18.14395900
17.87166600
17.19333400
16.41433300
14.85679200
15.21958300
15.11712500
15.22858300
15.06587500
15.22566700
14.91962500
15.29629200
15.49983300
15.38108300
15.58508400
15.54966600
17.02408400
16.28016600
15.87650000
15.58633400
15.14400000
15.00866600
14.60625000
14.91437500
15.00537500
15.31387500
15.38650000
14.92533400
15.38845800
15.62129200
15.21529100
15.12629200
15.75229200
15.05870800
15.25420800
15.88241700
21.13758300
17.70533400
18.38579100
16.83045900
17.27458300
21.92820800
25.63641700
20.77650000
20.31408300
19.46287500
18.92058400
16.53629100
16.80754200
16.30870800
16.28862500
16.76833400
18.23112500
19.02004100
18.46191700
20.29900000
17.74875000
17.66008300
17.48737500
18.54429200
18.14804200
18.25583300
17.78754200
17.79070800
17.86054200
18.21704100
17.06029200
16.56216700
17.58475000
15.75041600
16.72600000
17.06279200
15.51291700
16.99229100
15.98741700
15.60304200
16.28758300
16.72804200
16.98504100
15.38445900
17.27766600
15.58700000
16.97845900
15.42562500
15.42800000
15.44304100
16.80741700
15.43500000
15.57620800
15.53333400
16.16866600
19.07745900
16.17095800
15.70887500
17.25637500
16.10095800
15.45854200
17.74629200
15.54270800
16.95200000
18.05191700
17.42287500
17.69737500
16.58100000
19.22779100
19.09591700
19.59458300
23.27425000
21.22737500
18.89445900
18.23679100
19.57575000
17.49291700
18.28620800
17.81258400
18.29104100
18.64083400
17.85658300
18.72908300
17.94283400
18.76195800
17.97900000
17.77775000
17.97170800
18.38662500
18.11050000
18.26787500
17.79670900
18.04358300
16.67375000
15.91437500
17.17345800
16.07379200
15.69708300
15.55525000
15.89275000
15.89162500
17.12933400
15.87750000
16.10908300
17.92254200
16.21454100
16.92158400
16.30691600
15.63370900
17.26358300
15.98075000
16.18916700
17.38333300
15.15887500
15.17425000
15.12679200
14.98562500
15.45179100
15.55166700
15.45658300
15.36104200
15.20520800
15.14308400
16.94691600
15.96504200
15.69866700
17.05841600
16.38829200
16.90150000
16.61416700
15.89995800
16.33491700
18.60450000
16.09179100
17.54029200
15.55058300
15.93508400
15.51358300
15.72912500
15.90329200
16.13954100
16.39425000
15.89550000
15.99175000
15.31583400
14.99958300
15.43566700
16.41433300
17.07666700
14.86270800
15.63970800
15.21937500
15.70004200
15.48183300
15.82641700
15.46875000
15.14037500
15.30887500
15.34300000
15.11979200
15.50595800
15.57120800
15.63483400
15.21054100
16.60708400
16.07962500
15.35395800
16.72300000
16.83804200
16.48508300
18.28945800
16.24850000
15.31600000
18.06558400
15.69695800
17.03079200
16.21895800
15.24329200
16.66141600
16.11595900
15.93941600
16.46620900
17.87525000
16.23591600
15.76341700
16.06554200
16.86333300
18.48125000
18.35962500
16.24354200
15.43520800
16.57045800
16.79454200
17.29637500
17.58279200
17.64008300
15.00529200
15.20341600
15.82620900
15.86300000
17.07787500
15.75670800
15.57795800
17.07658400
16.78604100
16.75258400
16.89454100
15.79762500
18.34675000
15.97725000
14.95858400
15.39929100
15.13604200
14.85300000
15.37458300
15.19175000
15.74941700
15.69700000
15.70112500
16.49200000
16.06483300
15.17545900
16.49437500
18.72829100
18.02087500
17.21125000
15.70141700
16.99108300
15.59829200
15.68487500
15.63270800
17.24629200
17.00679200
17.49337500
15.53425000
16.13245800
18.82316700
15.99025000
17.33745800
15.67400000
15.47216700
16.69054100
15.85137500
16.68995900
17.86375000
17.48141600
18.09987500
17.26537500
15.44554200
17.54120800
15.85437500
15.85179200
17.93129200
15.40954100
16.34366700
18.26112500
15.25791700
16.15616600
16.21079200
18.61462500
17.84050000
18.29062500
17.76141700
18.13566600
18.19116700
17.23237500
15.91150000
15.10650000
14.96437500
14.58625000
14.83512500
14.83245800
14.77479200
15.37400000
14.77945800
14.66087500
14.90450000
14.68033400
14.41120800
14.91779200
14.95908300
14.72391700
16.04191600
15.00266700
14.73291700
16.29020800
16.63720800
16.69512500
16.74500000
16.57891700
17.08070800
16.45537500
16.76308400
16.58941600
16.83420900
16.57329100
16.80008400
16.76470800
16.50129200
16.76279100
16.71916700
16.61754200
16.51179100
16.87916700
16.68404200
16.76537500
16.71858300
16.59912500
16.88066700
16.61550000
16.61395800
16.63412500
16.73700000
16.61612500
16.79395800
16.61312500
16.59741700
16.89479200
16.66520800
16.56929200
16.65858300
16.68345800
16.65508400
16.70295800
16.67570800
16.63662500
16.80112500
16.74720900
16.63995800
16.57354200
16.80787500
16.63012500
16.88800000
16.62733300
16.54737500
16.82862500
16.53854200
16.62262500
16.80870800
16.83470800
16.43125000
16.91933400
16.43241600
16.87241700
16.62466700
16.77520800
16.62950000
16.52629200
16.76112500
16.67337500
16.67991600
16.58970900
16.75950000
16.76870800
16.73170800
16.59820900
16.69595800
16.59937500
16.94750000
16.45266700
16.52233300
16.86591700
16.60258300
16.71191700
16.81720800
16.66645800
16.66975000
16.69166700
16.81720800
16.40183400
16.99483300
16.53170800
16.54304200
16.56633300
16.95945900
16.51095800
16.67800000
17.32191700
16.03437500
16.87979100
17.02779200
16.12929200
16.73662500
16.76337500
16.95770800
16.41745800
16.71775000
17.06025000
16.44129200
16.38820800
17.04841700
16.29083300
17.25145900
16.73420800
16.12033300
16.82587500
16.65916700
16.63608300
16.62233400
16.77020800
16.76900000
16.59954200
16.69562500
16.60791600
16.64812500
16.70537500
17.19929200
16.00400000
16.86016700
16.83445800
16.50158300
18.88916700
14.43554200
16.63466600
16.89237500
16.74125000
16.52112500
16.91941700
16.49833300
16.59975000
16.77745900
16.69750000
16.38504100
17.03579200
16.67187500
16.57600000
16.78620800
16.74025000
16.56862500
16.71891700
17.14875000
16.30658300
16.57800000
16.66695900
16.56170800
16.78470800
16.76145900
16.57700000
16.71254100
16.77158400
19.49033300
18.59212500
15.93070800
17.57604200
16.27020800
15.92254200
17.12675000
16.45545800
15.70175000
17.38054200
15.76475000
15.83458300
17.20945900
15.93575000
16.66120800
16.53291700
15.74504100
16.82591700
16.62066700
16.11979100
16.97087500
16.87020900
15.74754100
16.92795900
16.75520800
16.61829200
16.52575000
17.16762500
16.83470800
18.65383300
20.51666700
23.13925000
18.94625000
18.45225000
18.64233300
18.64316700
18.90241700
17.57341600
15.66791700
15.87929200
15.49904100
19.03441700
18.12500000
16.07441700
15.52120800
16.60600000
15.91829200
16.16404100
19.30658400
17.87529100
15.56216700
16.33766700
16.70987500
15.32516600
15.66441700
16.31025000
15.96887500
14.93066700
15.56854100
16.88587500
15.88120900
15.47308300
15.56137500
17.48837500
15.16120800
15.44279200
15.17179200
15.64525000
15.31204100
15.08904200
15.27958300
15.55337500
15.75779200
16.37725000
16.35020800
16.26120900
16.88958300
15.88908300
16.34062500
16.83312500
15.81570900
16.30925000
16.41687500
16.81475000
17.38195800
17.52104200
18.38295800
16.09112500
15.19470800
15.69483400
17.12333300
15.76904200
17.08679100
16.03183400
16.66587500
17.36541600
16.35537500
17.31441700
17.95750000
15.24058300
16.01141700
19.54216700
23.35766600
22.48350000
25.30495900
20.18583300
19.45158300
22.94720900
22.07579100
22.68654200
21.95079200
21.62108300
22.20304200
22.07862500
24.64420800
22.08241700
25.01408300
22.85895800
22.37470900
24.77775000
22.54008300
24.41283300
22.36120900
23.61150000
22.79687500
25.07870800
24.08616700
24.07462500
21.93204100
23.46583400
31.63325000
27.09495800
24.09983300
21.07450000
20.94466700
19.91441700
17.17366600
17.81304200
17.67075000
17.64858300
17.49725000
17.28333400
18.46412500
16.19012500
14.66412500
15.17745800
14.76704200
15.29729100
16.24766700
15.32604200
15.43787500
15.60979100
16.05545900
14.99387500
15.86483300
15.40791700
15.03816600
15.66029200
15.26600000
15.50325000
15.59079200
15.46775000
15.39229100
16.29004200
15.88620800
16.45133400
16.77637500
16.96070800
16.69008300
16.31179200
16.01337500
16.27166700
15.55416600
15.22050000
15.42079200
15.21904200
15.35200000
15.42875000
15.12662500
15.44583300
15.57975000
16.12133300
15.57862500
15.60441700
15.74666700
15.59816600
15.72266700
15.83545800
15.58254200
15.69295800
15.62587500
15.92408400
15.61762500
15.70070800
15.05408300
16.05641700
15.31854200
15.40166600
15.62304200
15.30295800
15.75541700
15.57191700
15.86791600
15.56170900
16.04254100
16.29245900
15.65170800
16.26612500
15.36304200
15.54158300
15.56241700
16.34812500
14.97979100
15.57325000
15.44450000
15.23025000
15.24966700
15.78000000
16.31837500
15.93125000
16.75025000
15.77262500
16.61058300
15.77491700
16.06683300
15.59679200
15.23637500
15.48716700
16.53670800
15.67216700
16.30608300
16.17141700
15.78870800
15.39908300
15.27804200
15.00737500
15.44595800
15.34679200
15.66400000
15.98391700
16.60045800
16.51237500
17.41679200
16.27358300
16.29195800
17.05825000
16.44800000
16.94587500
16.44187500
17.06004200
16.19433300
16.96220900
16.56566600
16.81204200
16.47520800
16.97645900
16.32316600
16.87883400
16.62329100
16.86404200
16.50083300
16.77291700
16.42970800
17.19287500
16.29850000
16.92820900
16.45216600
16.84183400
16.69570800
16.89645800
16.27237500
16.89833400
16.50391600
16.91512500
16.71733400
16.42475000
16.67316600
17.05008400
18.39187500
18.84050000
19.82645800
