15.37150000
1651.83470800
16.41191700
17.90087500
15.46954200
17.97054100
15.40562500
17.78025000
15.60995900
17.79529100
15.56820900
17.99458300
15.35866700
17.94662500
15.39075000
18.63716600
14.73054200
18.10458300
15.29341700
17.87854200
15.46920800
17.90437500
15.47741700
17.99141600
15.35183400
17.96783300
15.41037500
17.68958300
15.66283400
17.84666600
15.51900000
17.79700000
15.56975000
17.63820900
15.76745800
17.89787500
15.41912500
17.67795800
15.73470900
17.72158300
15.65316700
17.69508300
15.62029200
17.78870800
15.57875000
17.63550000
15.75379200
17.64191600
15.70283400
17.59500000
15.77350000
17.65937500
15.75087500
17.59008300
15.72929200
17.58079100
15.80537500
17.74158400
15.62383300
17.67787500
15.67254200
18.02825000
15.33750000
17.81858300
15.57541700
17.97079100
15.40158400
17.73050000
15.61283300
18.46554200
15.64204100
17.54250000
15.12250000
19.36545900
14.12416600
19.26566700
13.93875000
18.53145800
14.81983400
18.78841600
14.58870900
18.47425000
14.87883300
18.36495800
15.01033400
18.39612500
14.96362500
18.62495800
14.75487500
18.59116700
14.76033300
18.63520800
14.72883400
18.28537500
15.11554100
18.24220900
15.09320800
18.30829200
15.05875000
18.62379100
14.74141700
19.97050000
13.44162500
20.25887500
13.10366700
20.17991600
13.16195900
19.06495800
14.33029200
19.21462500
14.12100000
19.26016600
14.13087500
19.21329200
14.15854200
19.40129100
13.98525000
19.24733400
14.06629100
19.47045900
13.89950000
19.18375000
14.18687500
19.37995800
14.02179200
19.24950000
14.08337500
19.26725000
14.12012500
19.11220800
14.22341700
19.38541600
14.01475000
19.11587500
14.21504200
19.84608300
13.55979200
18.11275000
15.23995800
17.98987500
15.35995900
17.42941600
15.94737500
16.84220900
16.52741600
18.68966700
14.68954200
18.90516600
14.47612500
18.82283400
14.58333300
18.58104200
14.78487500
18.53608300
14.94058300
18.87279200
14.53312500
18.70750000
14.60966700
18.72825000
14.75654100
18.45554200
14.94091700
18.78545800
14.54583300
18.53633400
14.82300000
18.83820800
14.50016700
18.61491600
14.80658400
18.70783300
14.67958300
18.12750000
15.22904200
18.49083300
14.87408400
18.40462500
15.00170800
18.43750000
14.95412500
18.62879200
14.72725000
18.59025000
14.91591600
18.33612500
14.88108400
18.33441600
15.07675000
18.18875000
15.29616700
18.25604200
15.14687500
18.72750000
14.49866600
18.76345900
14.78725000
18.14429100
15.08516700
18.10825000
15.24395800
17.83737500
15.53079200
17.93866700
15.28095800
17.88700000
15.65866700
17.90366600
15.49116700
17.95183300
15.54487500
17.77304200
15.69529200
17.71950000
15.50254100
17.69237500
15.72266700
17.54270800
15.94483400
17.55687500
15.84212500
17.37666600
15.97916700
17.31791700
16.03204100
17.35079200
16.07233300
17.09033400
16.19479100
18.66091700
17.33379200
13.95183300
17.38566700
16.02558300
17.60283300
15.83154200
17.32029200
16.02383300
17.28625000
16.07970800
18.48816700
14.89045800
18.48133400
15.13775000
19.46629100
13.67008400
18.53741600
15.09875000
18.40416700
14.86125000
18.09075000
15.19958300
17.66329200
15.45833300
17.46908400
15.98316600
17.78120900
15.68100000
17.48883300
15.98733300
17.51658400
15.82191600
18.09741700
15.20087500
16.89566700
16.59470800
16.99775000
16.36304200
16.59383300
16.54545800
16.65916700
16.78316700
16.47633300
16.74833300
16.96225000
16.49229200
16.52745800
16.81579200
16.46829200
16.83579100
16.31554200
17.09937500
16.40725000
17.13312500
16.60495800
16.70629200
16.42533300
16.94879200
17.13158300
16.07016700
17.02579200
16.57887500
16.73450000
16.67745800
16.17508300
16.87025000
16.42616700
17.03137500
16.48062500
17.02329200
16.45416600
16.85425000
16.54495900
16.87683300
16.95504200
16.26412500
16.25987500
17.23404100
16.54829200
16.87204200
16.50116600
16.82008400
16.43520800
16.86295800
16.59783400
17.05862500
16.28470800
16.81379200
16.39270800
16.91204200
16.50620800
16.92387500
16.36787500
17.04116700
16.40875000
16.93612500
16.35633300
17.07383300
16.16925000
17.20979200
15.88391700
17.46250000
16.13704100
17.33870900
16.42900000
16.78916600
16.26950000
17.21279200
16.17804200
17.02845800
16.11929200
17.12354100
16.11787500
17.51145900
16.17041600
17.27487500
16.86787500
16.37500000
17.41454200
16.11295800
17.64104200
15.65916700
17.24437500
16.06704100
17.21670900
16.25745800
17.26245800
16.03500000
17.58495900
15.84137500
17.65395800
15.74570800
17.43912500
15.80408400
17.96429100
15.58320900
17.66270800
15.56275000
17.37300000
16.06550000
17.61875000
15.65041700
17.36916600
16.04058400
17.46604100
16.17979200
17.47950000
15.64962500
17.36979200
16.20825000
17.63066600
15.71495900
17.47387500
15.58566600
16.47087500
16.92195900
16.29595800
17.09737500
16.36350000
16.88741700
16.41658300
16.98008300
16.26275000
17.37395900
16.53516600
16.34679200
16.60929200
16.84179100
16.43420900
17.12100000
16.17554100
17.09141700
16.31695800
16.84558400
17.89900000
15.60050000
17.61825000
15.68616600
17.75950000
15.78154200
17.59604200
15.71100000
17.39537500
15.67195800
17.51016700
16.15808300
17.01725000
16.34754200
16.80754100
16.54362500
15.94704200
17.52208300
15.84175000
17.47379200
15.98850000
17.29133300
15.93370900
17.56700000
16.53408300
16.82962500
16.14875000
17.23779200
16.15191600
17.18387500
16.31183400
16.97816600
17.53208400
15.81783300
17.58783300
15.71929200
17.76054200
15.63345800
17.31779200
15.92587500
17.46195800
16.04437500
17.19666700
16.08900000
17.82679100
15.69866700
17.27370800
15.96158400
17.46425000
16.49587500
15.39854100
17.98475000
15.38979200
17.72970800
15.61962500
17.87037500
15.52412500
17.78566700
15.54475000
17.76629200
15.65520800
17.81645800
15.52533400
17.91404100
15.42233400
17.71208300
15.65683300
17.86241700
15.52116700
17.91095800
15.43708300
17.75158400
15.61316600
17.90112500
15.46854200
17.91745800
15.46733400
17.78991600
15.55704200
17.81462500
15.56987500
17.88466700
15.47520800
17.82875000
15.53308300
17.84837500
15.55516700
17.82420800
15.51566700
18.06154200
15.34441600
17.74962500
15.57712500
17.81845900
15.54729100
17.80333400
15.55587500
17.72520800
15.63691700
17.76037500
15.62033300
17.88079200
15.47708300
17.68654200
15.70145800
17.90412500
15.44837500
17.82679200
15.52616600
17.57016700
17.94887500
15.33458300
17.58841700
15.68445800
17.37370900
15.96491600
17.50820900
15.92604100
17.68487500
15.65512500
17.46508400
15.72837500
17.53700000
16.13729100
17.48116700
15.67383300
17.52691700
15.71262500
17.52850000
16.02883300
17.56466700
15.80016700
17.73362500
15.68737500
17.62245800
20.54495800
12.71620900
15.81329100
17.78970900
15.55962500
18.16550000
15.27991600
17.96329200
15.31416700
17.76575000
15.67012500
17.28866600
16.03116700
17.32900000
15.89125000
18.46437500
15.34266700
19.92266600
13.03125000
18.50616700
14.98125000
17.72491700
15.66195800
17.64025000
15.76445800
17.76920900
15.69358300
17.81225000
15.43229200
17.60600000
15.69466600
17.85862500
15.56645900
17.40312500
16.05708300
17.63054200
15.78445800
18.44050000
14.83770800
17.73516700
15.63287500
17.65920800
15.58800000
18.04887500
15.45437500
17.49058400
15.80087500
18.24237500
15.09637500
18.40925000
15.02537500
17.73200000
15.61037500
17.78925000
15.42970800
17.85195800
15.62200000
17.94733400
15.42208300
17.97708300
15.74879200
19.09787500
13.96741700
18.31254100
14.93870900
18.57925000
15.07466600
17.69362500
15.41037500
18.42275000
15.05929200
18.64479200
14.95337500
18.42041600
14.63658400
19.09495800
14.42429200
18.54862500
14.76683300
18.44441700
14.82362500
18.57854100
14.75225000
18.17308400
15.36033300
18.51554200
14.85391600
18.56975000
14.74116700
18.27808300
15.22350000
18.83583400
14.38150000
18.28020800
15.46450000
18.03104200
15.00358300
18.01087500
15.27620800
18.60304200
15.03166700
18.58720800
14.65766700
18.56412500
14.75137500
17.38745800
16.02441700
17.32462500
16.06795800
17.15587500
16.18995800
17.23720900
16.01258300
17.26970800
16.16187500
17.29787500
16.07662500
17.12154200
16.12700000
17.21270800
16.20325000
17.08579200
16.37225000
17.01008300
16.21287500
17.92791700
15.44504200
18.02175000
15.34916600
17.96666700
15.33820800
18.02683400
15.32441600
17.90200000
15.51716700
18.32487500
14.89300000
18.37825000
15.16333300
17.86612500
15.59366700
17.85966700
16.23545800
18.17933300
14.31816700
17.75754200
15.63295800
17.80483300
15.46491700
17.91333300
15.55825000
17.72125000
15.67525000
17.44320900
15.95275000
18.38554100
14.98687500
17.49650000
15.82929200
17.14366700
16.20683300
17.34562500
15.95508300
17.41395900
15.96354100
17.15725000
16.28333400
17.20783300
16.11737500
17.23316700
16.12875000
17.42408300
16.08537500
17.14787500
15.97683300
17.32104200
15.93925000
17.76320800
15.71395900
17.39291600
16.01800000
17.71775000
15.68708400
17.38233300
15.86895800
17.55279200
15.63904200
17.73850000
15.72262500
17.59795800
15.97729200
17.48941600
15.73883400
17.57875000
15.95704100
18.33141700
14.98787500
17.67687500
15.71075000
17.76675000
15.76754200
17.77254100
15.42687500
17.88004200
15.84095800
19.27662500
14.15970900
18.44195800
15.00154200
18.59666600
15.00954200
17.67975000
15.20408300
17.59204200
15.89408300
16.99350000
16.09937500
16.96608400
16.46491600
17.49550000
15.84900000
17.49804200
15.86137500
17.33975000
16.08475000
17.16466700
16.14508300
17.08233300
16.29016700
17.03470800
16.38662500
17.32587500
15.90683400
17.17154100
16.23104200
17.10087500
16.18887500
17.28804200
16.09245800
17.36925000
16.05254200
17.28379100
16.00900000
18.29791700
16.82404200
17.25533300
14.65912500
18.12204200
15.46658300
18.42562500
14.77108300
17.93766700
15.23195800
18.50520900
15.10700000
22.00645800
11.31554200
19.30666600
13.97716700
19.51495800
14.74075000
19.97912500
12.67725000
19.60200000
13.62858400
19.00441600
14.45458400
18.47470800
14.91829200
18.36691600
14.95750000
17.65629200
15.69775000
17.69387500
15.89350000
17.46266700
15.73995800
17.82212500
15.41433300
17.54941700
15.75945800
17.88820900
15.74358300
17.66375000
15.62987500
17.55508300
15.88920900
18.21591600
16.30162500
18.90066700
13.19512500
19.72920800
13.73650000
18.82254200
14.56633300
19.03425000
14.07295900
18.58904100
14.92404200
18.81612500
14.58204200
17.67679100
15.62012500
17.76191700
15.63404200
17.97066600
15.31925000
18.30404200
15.03045800
17.79854200
15.78650000
15.45675000
17.82475000
15.56375000
17.60600000
15.87437500
17.75337500
15.52308300
17.84858400
15.46658300
17.87312500
15.51708300
17.68570900
15.66291600
17.55108400
15.92237500
17.54383300
15.98754200
17.43675000
17.47504100
15.74641700
17.55075000
16.00791700
17.09837500
16.45262500
17.00966600
16.12762500
17.18283400
16.09241600
16.83883400
16.57300000
17.28854100
15.89737500
17.24141700
16.33333300
17.28670900
16.05741600
17.42433400
15.81237500
19.01516600
14.32745900
18.63566600
14.72233400
18.47708300
14.82200000
18.48420800
14.96945900
17.99333300
15.27116700
18.30787500
15.25304100
18.69704200
14.59045800
18.27125000
14.94237500
17.07970900
16.34337500
17.23333300
16.13583300
17.26441700
16.03012500
17.31900000
15.97983300
17.99787500
15.81729200
18.11554200
15.12500000
16.81437500
16.33541600
17.09558400
16.19970800
17.18304200
16.52870800
17.13629200
16.13320800
16.96087500
16.23845800
17.14920900
16.25900000
17.08029100
16.19320900
17.08416600
16.25137500
17.37095900
16.14712500
17.51183300
15.89225000
17.43250000
15.83687500
17.56300000
15.83845800
17.60158400
15.78250000
17.73208300
15.35787500
17.69450000
15.93041700
17.74754100
15.64179200
17.53812500
15.06275000
16.64375000
17.86112500
15.49241700
17.99383300
15.37887500
17.81550000
15.54345800
17.99187500
15.39750000
17.95945900
15.38700000
17.77600000
15.60095800
18.09250000
15.28545800
17.97033400
15.39516600
17.91966700
15.44375000
17.89025000
15.44900000
18.03670800
15.34429200
17.32320800
18.72962500
14.78475000
18.10525000
15.13116700
17.87870800
15.52291700
17.91879200
15.58325000
18.02016600
15.29066700
17.94754200
15.45683300
16.33837500
16.91312500
15.98208300
17.47995900
15.90479100
17.67058400
15.77808300
17.50295800
15.77008400
17.66291600
15.70783400
17.66470800
15.73366700
17.44191600
15.90787500
17.52237500
16.14204200
17.23308300
16.19687500
16.99454200
18.24125000
15.01737500
18.06695800
15.47825000
18.39433400
14.84200000
18.25708300
14.99583300
18.45070900
15.22887500
18.25983300
14.95970800
18.41333400
15.03466600
18.35216700
14.88654200
18.35058300
14.98858300
18.33329200
15.13670800
18.47154200
15.00350000
17.85841700
15.43587500
17.76508300
15.42945800
18.41116700
15.26008300
19.07625000
14.09629200
18.22616700
15.25545800
18.21500000
14.98412500
18.17125000
15.17258300
18.10191700
15.32812500
17.98641700
15.33604100
18.26250000
15.12350000
18.16204200
15.28820800
18.28741700
15.03700000
18.07337500
15.48904200
17.64666600
15.57387500
17.92712500
15.25570900
17.96700000
15.37008300
17.91383300
15.61345900
18.32450000
15.14016600
18.15929200
15.17595800
18.08333400
15.28291600
18.29791700
15.18675000
18.08312500
15.22254200
17.90379100
15.56400000
17.92062500
15.37266700
17.86204200
15.52637500
18.00037500
15.45183300
17.99129200
15.02275000
18.25758300
15.45512500
18.00216700
15.25112500
17.79512500
15.50495800
17.85041700
15.56970800
17.73337500
15.74550000
18.06279200
15.31070800
19.39650000
13.86454200
18.50483300
14.65866700
18.10583300
15.39537500
18.62325000
14.78979200
18.38562500
14.85141600
18.11091700
15.40958300
17.16291700
16.16191700
17.15100000
16.22000000
17.49291600
15.86325000
17.25850000
16.48625000
16.94287500
16.18704200
17.12216700
16.20950000
17.43533300
15.94570800
17.47854200
15.93133300
17.46604200
15.82187500
17.13958300
16.54775000
17.91320900
15.27587500
17.67325000
15.41625000
16.41579100
16.82208400
16.57000000
17.07845800
16.41350000
16.95616700
16.32779100
16.97420900
16.52712500
16.82675000
16.61391600
16.83870900
16.59487500
16.69808300
16.52291700
16.80133300
16.74100000
16.57479200
16.74104100
16.67783400
16.95108300
16.47329200
16.89195800
16.52170800
17.59587500
15.67466700
16.99445800
16.40175000
17.06658400
16.10816600
16.93120900
16.60533300
16.89554200
16.60141600
16.93295900
16.40125000
16.85720800
16.48495800
16.54325000
16.81720900
16.87137500
16.38895800
16.79291700
16.72804100
16.56045900
16.84058300
16.98600000
16.15370800
17.04820900
16.50145800
16.53983300
16.78933400
16.48058300
16.59529200
16.12683300
17.57650000
16.52383300
16.77850000
16.63983400
16.83041600
16.47208400
16.86925000
16.39820800
16.85329200
16.67337500
16.73291600
17.28341700
16.07679200
17.30729100
16.03175000
17.13966700
16.17333300
17.19054200
16.39783300
17.01037500
16.15879200
16.97962500
16.31991700
17.14579100
16.42512500
16.83375000
16.28645900
16.91029100
16.70287500
17.60162500
15.61016700
17.14016700
16.38079100
17.08604200
16.27275000
17.04825000
16.17529200
17.02012500
16.49279100
17.02508400
16.22629100
17.30491700
16.21725000
18.37808300
16.95866700
14.66200000
17.02300000
15.43725000
17.67116700
18.19416600
16.64570900
15.19645800
16.98858300
16.46329200
17.45729200
16.06533300
88.46845800
18.47970900
28.45429100
12.68062500
17.36833400
5.96525000
17.44175000
5.81437500
16.96191600
5.98908400
16.77137500
5.86991600
17.03383400
5.93008300
16.65229200
5.94825000
16.49370800
5.81495800
16.61141700
8.42429200
16.42058300
16.97266700
16.98020800
16.47591700
16.86287500
16.66679100
17.78033400
15.84512500
17.78366600
15.26579200
17.29537500
16.12141700
16.88791600
16.47495900
17.07937500
16.21866600
16.77720900
16.60154100
16.83350000
16.52204200
16.62658300
16.77020900
16.79454100
16.48795900
16.94354100
16.42554200
16.61858300
16.72887500
16.52379200
16.71162500
16.69945800
16.69637500
16.93491700
16.64258300
16.41916700
16.78254200
17.06454100
16.36925000
16.51012500
16.75704200
16.06595800
17.38891700
16.17583300
17.28937500
16.22162500
17.08700000
16.38233400
16.94712500
16.03704100
17.39112500
15.99375000
17.41316700
16.31820800
16.99583400
16.32016600
17.10783400
16.07754100
17.19545900
16.25441600
16.94008400
16.03095800
17.58095800
16.06025000
17.13804200
16.03095800
17.44704200
16.57350000
17.24925000
17.27729200
15.93058300
17.36220800
15.89283400
17.10420800
16.32079200
16.84791600
16.48020900
17.15291600
16.17100000
17.01529200
16.26066700
17.47491600
16.11183400
17.27766600
15.95116700
17.07954200
16.21554100
17.25712500
16.09762500
17.72070900
15.79308300
17.17858300
16.13029200
17.81950000
15.65804200
17.44233300
15.88079200
17.32641600
15.95329200
17.69858300
15.68525000
18.04829200
15.69437500
18.25929200
14.68891600
18.31079200
15.01316700
17.56066600
15.76804200
17.69945800
15.56629200
18.02241700
15.44737500
17.85095800
15.47920800
17.73766700
15.51979200
17.95704100
15.50441700
17.81883300
15.50225000
17.68337500
15.55762500
18.05395900
15.38741600
17.52112500
15.87979200
17.54037500
15.70633300
17.89895900
15.61450000
18.14458300
15.20837500
18.65679200
14.67595800
18.05204200
15.24945800
18.15416700
15.26716600
18.07283400
15.23550000
18.09812500
15.09366600
18.49400000
14.92854200
18.09441700
15.34633300
18.11541700
15.27204100
18.11929200
15.20079200
18.04287500
15.60633300
17.91870800
15.30300000
18.09512500
15.03345900
18.08062500
15.43354100
17.96200000
15.54133400
15.84975000
17.60641600
15.76991700
17.42200000
15.94158300
17.33212500
16.02095900
17.47945800
16.37204200
16.94825000
16.40533300
17.04658300
16.06683400
17.28279100
16.10412500
17.19658400
16.45954100
17.02045900
16.25604100
17.13708400
16.25829100
17.02154200
16.91675000
16.77808300
16.67504200
16.32970800
16.62141700
16.87862500
15.95991700
17.43741600
16.33745900
17.24254100
16.27487500
16.70875000
16.11883400
17.37395800
16.09975000
17.28341700
16.71041600
16.57866700
16.39545800
17.03375000
16.31854200
16.85800000
16.79845800
16.75587500
15.79550000
17.43741700
16.64662500
16.71362500
17.53787500
17.08191700
17.93095800
14.30829200
16.93733300
16.19620800
16.55645900
16.75008300
16.67079200
16.74629100
16.65929200
16.71845800
16.66320900
16.87966600
17.02279200
16.24029200
16.59791600
16.80154200
16.26245800
17.17216700
16.55416700
16.71050000
16.59300000
16.62391600
17.75395900
15.59533300
17.48262500
15.94933300
17.10587500
16.36491700
16.52270800
16.83095900
16.75300000
16.73241600
16.10333400
17.32112500
15.92525000
17.25395800
16.02483300
17.53900000
15.81583400
17.56925000
15.80366600
17.36112500
15.98787500
17.43604200
15.98133300
17.21029200
16.09970800
17.45416700
16.36950000
16.98412500
16.39795800
16.84816700
16.20400000
17.23358300
16.34433400
17.18475000
16.38641600
16.89420900
16.23104100
17.14120900
16.39012500
17.01379100
16.29166700
16.96420800
16.29325000
16.90479200
16.47145800
17.14916700
16.36150000
17.09366700
16.27670800
17.00658300
16.32400000
17.10812500
16.26695900
17.03729100
16.36962500
16.96350000
16.18283400
17.13616600
16.30316700
17.00758300
16.21029200
17.35012500
15.85087500
17.28758300
16.07458400
17.41033300
15.93158300
17.57325000
15.86720900
17.50679100
16.60479200
15.84445800
500.60237500
16.59512500
16.67541700
16.67979200
16.68745800
16.69220800
16.67941700
16.67716700
16.69029100
16.66754200
16.69870800
16.68537500
16.67954200
16.67579200
16.69354100
16.68250000
16.66587500
16.68987500
16.67625000
16.68358400
16.68270800
16.70125000
16.66662500
16.68300000
16.69937500
16.68241700
16.67120800
16.73995800
16.66062500
16.66791700
16.67508300
16.68500000
16.68729200
16.68970800
16.66800000
16.70141700
16.67470800
16.88291700
16.49116700
16.67366600
16.68845900
16.69375000
16.68895800
16.66441700
16.68075000
16.67733300
16.69620800
16.69558400
16.68141600
16.66179200
16.72158300
16.64408400
16.68712500
16.69812500
16.67487500
16.69820800
16.71345800
16.63225000
16.70066700
16.68970800
16.66245900
16.67620800
16.70983300
16.70587500
16.63691700
16.69241700
16.68058300
16.67658300
16.68433400
16.68650000
16.68354100
16.67458400
16.69170800
16.73433300
16.64691700
16.70645800
16.66679200
16.65554200
16.71033300
16.68629200
16.65225000
16.70687500
16.72062500
16.65654100
16.72495900
16.65366600
16.64833400
16.70579100
16.68770900
16.65600000
16.67979100
16.70237500
16.67266700
16.72012500
16.68291700
16.68100000
16.64354100
16.73112500
16.63150000
16.71325000
16.66366700
16.67958300
16.68441700
16.74345800
16.63216700
16.74170800
16.66650000
16.64929200
16.67937500
16.65958300
16.68304200
16.68895800
16.70754200
16.65637500
16.68170800
16.71062500
16.66133400
16.70233300
16.70454200
16.67491600
16.66729200
16.66970800
16.67833400
16.69775000
16.69966600
16.67675000
16.69012500
16.65008400
16.70245800
16.66383300
16.73791700
16.68075000
16.64508300
16.67291700
16.69991700
16.66329100
16.68250000
16.69495900
16.68512500
16.67445800
16.68604200
16.72666600
16.62920900
16.68895800
16.70358300
16.67825000
16.69379200
16.66008300
16.68275000
16.67900000
16.69937500
16.68037500
16.71979200
16.63541700
16.68837500
16.68454100
16.66945900
16.79841600
16.59654200
16.66783300
16.70329200
16.67758300
16.66804200
16.67987500
16.72250000
16.63829200
16.69604100
16.71620900
16.64358300
16.67920800
16.72933400
16.66095800
16.68466700
16.67620800
16.67475000
16.67445800
16.69079200
16.68620800
16.70495900
16.65650000
16.71429100
16.68008400
16.68025000
16.65816600
16.68170900
16.69675000
16.66700000
16.69641600
16.70516700
16.64704200
16.69541600
16.67208400
16.69170800
16.70195800
16.66816700
16.67854200
16.69187500
16.69716600
16.65254200
16.69633300
16.68462500
16.71575000
16.64308400
16.68083300
16.71320800
16.68091700
16.66345800
16.69345900
16.66804100
16.68012500
16.73162500
16.64129200
16.71087500
16.75908300
16.58491700
16.67962500
16.67100000
16.75858300
16.61675000
16.70337500
16.67987500
16.67887500
16.65929200
16.69045800
16.70291700
16.66520800
16.68162500
16.71837500
16.68583400
16.65254100
16.66895900
16.68245800
16.74720800
16.65100000
16.65887500
2953.42270900
16.79079100
16.11320900
16.82229100
16.61825000
16.65470900
16.64987500
16.69070800
16.67904200
16.66604100
16.72500000
16.64879200
16.68858300
16.67566700
16.69004200
16.68429100
16.69087500
16.67658400
16.66604100
16.69154200
16.68345800
16.67675000
16.70712500
16.67220900
16.66975000
16.71233300
16.66341700
17.06325000
16.31679100
16.68987500
16.64787500
16.68787500
16.69641700
16.66175000
16.71008300
16.66829200
16.67529200
16.70470800
16.67979200
16.68279100
16.69445900
16.65183300
16.70845800
16.67412500
16.66754200
16.68520800
16.71683400
16.67150000
16.67925000
16.68100000
16.66537500
16.70579100
16.66025000
16.68300000
16.68541700
16.68412500
16.68229200
16.68058300
16.70512500
16.67845800
16.69191700
16.68175000
16.67695800
16.67704200
16.72662500
16.69066700
16.63800000
16.74233300
16.62504200
16.68845800
16.67637500
16.69208300
16.69804200
16.67158300
16.70170900
16.67195800
16.66287500
16.68195800
16.72108400
16.66458300
16.68370800
16.71929200
16.62995800
16.68587500
16.69266700
16.70500000
16.66187500
16.71483300
16.66033400
16.68950000
16.68241600
16.65945900
16.69620800
16.73720800
16.64887500
16.81970900
16.50858300
16.72508300
16.64995900
16.67483300
16.69791700
16.69129100
16.68554200
16.69104200
16.66733300
16.69608300
16.66441700
16.71283300
16.66900000
16.69258400
16.64650000
16.70091600
16.68254200
17.00162500
16.39175000
16.65320800
16.70462500
16.65616700
16.70383300
16.66412500
16.72433400
16.66012500
16.66700000
16.69679100
16.67016700
16.68695800
16.66887500
16.69520900
16.67320800
16.68425000
16.68641700
16.70483300
16.65791700
16.69204100
16.70454200
16.65183300
16.70841700
16.65812500
16.69729200
16.67812500
16.71483300
16.66037500
16.66733300
16.73820900
16.65116600
16.66341700
16.69445800
16.67304200
16.68525000
16.69312500
16.83916700
16.61658300
16.59375000
16.75879200
16.59695800
16.70479200
16.82787500
16.62762500
17.08091600
17.74629200
15.24862500
16.83629200
16.75591600
16.59491700
16.71875000
16.74958300
16.58625000
16.76525000
16.58916700
16.73979200
16.48812500
17.09316600
16.55425000
16.64695900
16.71779100
16.63966700
16.77416700
16.79625000
16.54650000
16.78300000
16.69058300
16.59433300
16.75945900
16.99529100
16.29770900
16.82012500
16.56425000
16.71237500
16.81579100
16.58700000
25.15125000
18.00479200
15.03733300
15.80445900
14.83216600
14.11937500
14.44120900
16.05391600
16.63554200
16.27729200
16.91758300
16.81750000
16.65404200
16.73783300
16.70216700
16.57866600
16.76537500
16.63366700
16.70770800
16.61845900
16.73866600
16.67087500
16.72054200
16.64737500
16.68300000
16.85804200
16.51887500
16.62379100
16.78383400
16.69325000
16.71912500
17.19095800
17.22729200
16.22120800
16.48012500
20.17737500
27.90583300
17.96029200
12.51950000
13.25962500
13.25475000
13.22579200
14.62437500
16.95087500
16.68270800
16.51804200
16.77612500
16.68125000
16.61058300
16.66445800
16.90504200
16.50512500
16.69679200
16.67487500
16.64475000
16.75470800
16.71033300
16.58891700
16.73087500
16.72150000
16.57737500
16.75029200
16.60575000
16.71616600
16.80579200
16.56266700
16.71958300
16.61004200
16.64091600
16.83125000
16.61387500
16.59595900
16.77470800
16.61729200
16.65629100
16.70062500
16.65654200
16.74208300
16.72700000
16.59466700
16.64458300
16.71387500
16.68345900
16.76341600
16.79866700
16.72412500
16.46362500
16.71308300
16.63675000
16.59904200
16.86870800
16.61025000
16.57429200
16.74691700
16.61108300
16.69591700
16.79012500
16.55162500
16.86812500
16.65462500
17.03008300
16.52983300
16.49012500
16.73383400
16.48691600
16.58025000
16.72962500
16.68437500
16.64737500
16.77762500
16.60712500
16.58445900
16.73066600
16.68591700
16.59983300
16.85066700
16.60083300
16.68808400
16.81225000
16.76495800
16.48041700
16.68804100
16.69116700
16.66241700
16.73479100
17.03162500
16.25879200
16.71345800
16.67904200
16.62416700
16.69658300
16.74637500
16.57200000
16.73425000
16.70295800
16.55641700
16.79195800
16.72020900
16.60179100
16.68062500
16.76808400
16.56583300
16.69587500
16.73366700
16.66416600
16.71050000
16.64570900
16.66608300
16.71512500
16.62716700
16.67720800
16.66287500
16.67812500
16.68866700
16.78583300
16.58833300
16.68987500
16.70925000
16.66133400
16.68100000
16.68345800
3053.44054200
16.27841600
16.68662500
16.68754200
16.68016700
16.70704100
16.69225000
16.65875000
16.70008400
16.65908300
16.67995800
16.68870900
16.69550000
16.72287500
16.64487500
16.66766600
16.69229200
16.69616700
16.65308300
16.70395800
16.68662500
16.67933400
16.66850000
16.68858300
16.67800000
16.69666700
16.67129100
16.70087500
16.65937500
16.68904200
16.67758300
16.68766700
16.67550000
16.71979200
16.67270800
16.66841700
16.68637500
16.69470800
16.68562500
16.68075000
16.66162500
16.68625000
16.68533300
18.23291700
17.04437500
14.76920800
16.69925000
16.67975000
16.72745900
16.64750000
16.67337500
16.72091600
16.80633400
16.54766600
16.67950000
16.66541700
16.67237500
16.68237500
16.69070800
16.69737500
16.66683400
16.68104100
16.68541700
16.71004200
16.68012500
16.69695800
16.66075000
16.69491700
16.64912500
16.71129100
16.66191700
16.69712500
16.68120800
16.68287500
16.67537500
16.70800000
16.64866700
16.68741700
16.70650000
16.67954100
16.71800000
16.62712500
16.68970900
16.68350000
16.67879100
16.70575000
16.65895900
16.71920800
16.64516700
16.69262500
16.73583300
16.62079200
16.70245800
16.68379200
16.66316600
16.68562500
16.71812500
16.67383400
16.70362500
16.71729100
16.63541700
16.68254200
16.66483300
16.67795800
16.70383400
16.67850000
16.69300000
16.66695800
16.68095800
16.67316700
16.71495800
16.66425000
16.67695900
16.70270800
16.70104200
16.67379100
16.68004200
16.65308300
16.68220900
16.73566600
16.64379200
16.67762500
16.67616700
16.68470800
16.68612500
16.70183300
16.66408400
16.74887500
16.61662500
16.67929100
16.70270900
16.73225000
16.63954100
16.67766700
16.66441700
16.69091600
16.71145900
16.64316600
16.69550000
16.69191700
16.70541700
16.67120800
16.68250000
16.69841700
16.64604100
16.72012500
16.68466700
16.64191700
16.73004100
16.64320900
16.69245800
16.67820800
16.72150000
16.65750000
16.69975000
16.66754200
16.66583300
16.69200000
16.69245900
16.68620800
16.65695800
16.76704200
16.60604200
16.69625000
16.70387500
16.66045800
16.68691700
16.72837500
16.61766600
16.69550000
16.77737500
16.73962500
16.53229200
16.67108300
16.69016700
16.69162500
16.70241700
16.65145800
16.68533300
16.67845900
16.69216600
16.67583400
16.68416600
16.68350000
16.68508400
16.68687500
16.69354100
16.68829200
16.67354200
16.69908300
16.66604200
16.68304100
16.69375000
16.66987500
16.67637500
16.68525000
16.69262500
16.69966700
16.66212500
16.68820800
16.67500000
16.69350000
16.67716700
16.67187500
16.69633300
16.68183400
16.70491600
16.69816700
16.64979200
16.71691600
16.67258400
16.64766600
16.68250000
16.68229200
16.68425000
16.69887500
16.67316700
16.68716600
16.67266700
16.73129200
16.64733300
16.67900000
16.69158300
16.66070900
16.70437500
16.66604100
16.70408400
16.67429100
16.68466700
16.66558300
16.70116700
16.68779200
16.70662500
16.67375000
16.65791600
16.70008400
16.67804100
16.66670900
16.69679100
16.68008400
16.66670800
16.69050000
16.69450000
16.68520800
16.66629200
16.69733300
16.67741700
16.68829200
16.66645800
16.70466700
16.67520800
16.68787500
16.68741700
16.68641600
16.67604200
16.69816700
16.68775000
16.66158300
16.68120800
16.71408400
16.66600000
16.67087500
16.69895800
16.70929200
16.68091600
16.64950000
16.70266700
16.66833300
16.67879200
16.72708300
16.64483400
16.67254100
16.68425000
16.68916700
16.68316700
16.68683300
16.69237500
16.66329200
16.69316600
16.69066700
16.67458300
16.68495900
16.72525000
16.64483300
16.67337500
16.70225000
16.66625000
16.68520800
16.68379200
16.68620800
16.68154200
16.71970800
16.68429200
16.65779200
16.68450000
16.66587500
16.73195800
16.64562500
16.67879200
16.67529100
16.68462500
16.69954200
16.71108300
16.64854200
16.67008300
16.73375000
16.66050000
16.70566700
16.63466700
16.70508300
16.68029200
16.69175000
16.65412500
16.69737500
16.67600000
16.73216600
16.64479200
16.68591700
16.70450000
16.67262500
16.69487500
16.64720800
17.19975000
16.16670800
16.71441700
16.67066700
16.70141600
16.64829200
16.68691700
16.69754100
16.69520900
16.65762500
16.70975000
16.65754100
16.70833400
16.67129100
16.68841700
16.66312500
16.74891700
16.61000000
16.68433300
16.72937500
16.65033300
16.70625000
16.64875000
16.68683400
16.70595800
16.66533300
16.67991700
16.68070800
16.68379200
16.71333300
16.66066700
16.68025000
16.69104200
16.66808300
16.71062500
16.66020800
16.68087500
16.68950000
16.67520900
16.70091600
16.67237500
16.67375000
16.68854200
16.68587500
16.71950000
16.64579200
16.69466600
16.66425000
16.69579200
16.69158300
16.66445900
16.72804100
16.64504200
16.68670800
16.68337500
16.68516700
16.68104200
16.69945800
16.66000000
16.70612500
16.70458300
16.64829200
16.67354200
16.68925000
16.67425000
16.71237500
16.66754100
16.68041700
16.67495800
16.69450000
16.69337500
16.66258400
16.69887500
16.67479100
16.72504200
16.67262500
16.70762500
16.63837500
16.67325000
16.71908300
16.64754200
16.72725000
16.64675000
16.67491700
16.67837500
16.70312500
16.69237500
16.68250000
16.65654100
16.68870900
16.69925000
16.66254100
16.68904200
16.68266700
16.68370800
16.69920800
16.68612500
16.66295900
16.67816600
16.68762500
16.67995900
16.70979100
16.66762500
16.68458400
16.69762500
16.68729100
16.65454200
16.68700000
16.70566700
16.69229100
16.66345900
16.67479100
16.67145900
16.68370800
16.72316700
16.68600000
16.64395800
16.68041700
16.70741600
16.71229200
16.64612500
16.67704200
16.69870800
16.66250000
16.67845800
16.68387500
16.68166700
16.67725000
16.68316700
16.68979100
16.68483400
16.68725000
16.67416600
16.67933400
16.68287500
16.68300000
16.68220800
16.68537500
16.69425000
16.67625000
16.69150000
16.68241700
16.67408300
16.68095800
16.68379200
16.68454200
16.69325000
16.67145800
16.68566700
16.69020800
16.76108300
16.61616700
16.66704200
16.68137500
16.77658300
16.61441700
16.74583300
16.67204200
16.63958300
16.66454200
16.68912500
16.68412500
16.68220800
16.68966700
16.71941600
16.64508400
16.68295800
16.67879200
16.70000000
16.69604100
16.67054200
16.74095800
16.61525000
16.68108400
16.70141600
16.71062500
16.62945900
16.68875000
16.68050000
16.72845800
16.64470800
16.69250000
16.68633400
16.66908300
16.70887500
16.65025000
16.72895800
16.64366700
16.68041700
16.68300000
16.68395800
16.70266700
16.66708300
16.67900000
16.68266700
16.69179100
16.67137500
16.71004200
16.67525000
16.68858300
16.66758400
16.67429100
16.74037500
16.63437500
16.68245900
16.68187500
16.68370800
16.69279200
16.67687500
16.68333300
16.67895800
16.68362500
16.67866700
16.69500000
16.67970800
16.68850000
16.69250000
16.69741700
16.67875000
16.69391700
16.79150000
16.56254100
16.68408400
16.65850000
16.68887500
16.68120800
16.67675000
16.69283300
16.68437500
16.70895900
16.65291600
16.68108400
16.68887500
16.67750000
16.70991600
16.64991700
16.71887500
16.69412500
16.68320800
16.68783400
16.63779100
16.68866700
16.67675000
16.68729200
16.68391600
16.67887500
16.68933400
16.69466600
16.70891700
16.64854200
16.68475000
16.68404100
16.71612500
16.65375000
16.66516700
16.68750000
16.71654200
16.70062500
16.63329100
18.64933400
15.59004100
39.39645900
7.60716600
12.28129200
10.19441700
13.10920800
16.70387500
16.64770800
16.71266700
16.72033300
16.60475000
16.67366700
16.71416700
16.65858300
16.68079200
16.71791600
16.64420900
16.68562500
16.68600000
16.67733300
16.69516700
16.68870800
16.65908300
16.87812500
16.51262500
16.71008400
16.65187500
16.72295800
16.62220800
16.82316700
16.54370800
16.79645900
16.58804100
16.67612500
16.68704200
16.68441700
16.66225000
16.69495800
16.74262500
16.61945800
16.69487500
16.69291700
16.66950000
16.68266700
16.68295800
16.67704200
16.75162500
16.66262500
16.64066600
16.68141700
16.69583300
16.69975000
16.68625000
16.65175000
16.69787500
16.70400000
16.68512500
16.64945900
16.74708300
16.82491700
16.53604100
16.67045900
16.71287500
16.72654100
16.72325000
16.60533400
16.68533300
16.66383300
16.75654200
16.73070800
16.80916700
16.56537500
16.77383300
16.79016700
16.84395800
16.53104200
16.67058300
16.76245900
16.54845800
16.60879200
16.56779100
16.69183400
16.60562500
16.88316600
16.58741700
16.73237500
16.56566700
16.75808300
16.69441700
16.87275000
16.47783300
16.72308300
16.57095900
16.84687500
16.64925000
16.89358300
16.63825000
17.24308300
16.49804200
16.66229200
16.59641600
16.75125000
16.40266700
16.67837500
16.65312500
16.74950000
16.48995800
16.72912500
16.63570900
16.65791600
16.75312500
16.71200000
16.59041700
16.73229200
16.71116600
16.71587500
16.64495900
16.69354100
16.67116700
16.75758300
16.52745900
16.68800000
16.69425000
16.72816600
16.68925000
16.61466700
17.14662500
16.26216700
16.95841600
16.67500000
16.58900000
16.61920900
16.95125000
16.83712500
16.35141600
16.72529200
16.70437500
16.87858300
16.33725000
16.52141700
16.74100000
17.02575000
16.63341700
16.68354100
16.59433400
16.61808300
16.93545800
16.29620900
16.87070800
16.70229200
16.55866600
16.69050000
16.62858400
16.81895800
16.53341700
16.60366600
16.86595900
16.64354100
16.66141700
16.73383300
16.63558400
16.53462500
16.80479100
16.71033400
16.43533300
16.83962500
16.70333300
16.68929200
16.57254200
16.68516600
16.86075000
16.56250000
16.79466700
16.50175000
16.77745800
16.65383400
16.75654100
16.68087500
16.51229200
16.84887500
16.66329200
16.61200000
16.81712500
16.63700000
16.77304100
16.66275000
16.63850000
16.82225000
16.39970900
16.85733300
16.54575000
16.71295800
16.75558400
16.71208300
16.61591700
16.79258300
16.59350000
16.77383300
16.61329200
16.70183300
16.53804200
16.82375000
16.77820800
16.61116700
16.63154200
16.69616600
16.68583400
16.75437500
16.81558300
16.53754200
16.58175000
16.73566600
16.45908400
16.86554100
16.66791700
16.72654200
16.62758300
16.74966700
16.64687500
16.70812500
16.63512500
16.74291600
16.65104200
16.74958300
17.95295900
15.42525000
16.62270800
16.70879200
16.59491600
16.55366700
16.97595800
16.55395900
16.52125000
16.87970800
16.70991700
16.63554100
16.75495900
16.70166600
16.59695900
16.74395800
16.55375000
16.79029200
16.65170800
16.53983300
16.61291700
16.75304200
16.87391600
16.63975000
16.67558400
16.73529100
16.63720900
16.73695800
16.52562500
16.88291700
16.55008300
16.62266700
16.74820800
16.78483300
16.61454200
16.70991700
16.50587500
16.91941600
16.56291700
16.74275000
16.53300000
16.68741700
16.79304100
16.68491700
16.85687500
18.00504200
15.12295800
16.81800000
16.57612500
16.73337500
19.35500000
13.98816700
16.54658300
16.80908300
16.72954200
16.62000000
16.74708300
16.64300000
16.80312500
16.60162500
16.70458400
16.47091600
16.91404200
16.56350000
16.79458300
16.63216700
16.73441700
16.60804100
16.72525000
16.62204200
16.67550000
16.70370800
16.73450000
16.59995900
16.78291600
16.72433400
16.40645800
16.70050000
16.84129200
16.64995800
18.35529200
15.85270800
16.12000000
16.47550000
16.72366700
16.60287500
16.62137500
16.79591600
16.62358400
16.61287500
16.82629100
16.54008400
16.75383300
16.71625000
16.72879200
16.46712500
16.71062500
16.77741600
16.68170900
16.63408300
16.72129200
16.68545800
16.73800000
16.65658300
16.64762500
16.74941700
16.68775000
16.67291700
16.63629100
16.67550000
16.65754200
16.69866700
16.66404100
16.59691700
16.88700000
16.63979200
16.50858300
16.78500000
16.73891700
16.75516600
16.42983400
16.83512500
16.71962500
16.70308300
16.62858300
16.67991700
16.53266700
16.80716600
16.70012500
16.66245900
16.71520800
16.74504200
16.62841600
16.63295900
16.72670800
16.74416700
16.59433300
16.64845800
16.70558400
18.25025000
15.13883300
16.76041700
16.63533300
16.68170800
16.52016700
17.49650000
16.11904200
16.62495800
16.63333300
16.79858400
16.50125000
16.79583300
16.52325000
16.76066700
18.63937500
14.82137500
16.67025000
16.90866600
16.60025000
19.00975000
15.85708400
15.70650000
16.68054100
16.39741700
17.05291700
16.13587500
16.59729100
16.75312500
16.61204200
16.73195800
16.49025000
16.70854200
16.71366700
16.66075000
16.78116600
16.61483400
16.70325000
16.66525000
16.66304100
16.71520900
16.59562500
16.76087500
16.71054100
16.62870900
16.70425000
16.62262500
16.74504100
16.64883400
16.85229100
16.62783400
16.66220800
16.83266700
16.58341600
16.69591700
16.84691700
16.40800000
16.70291600
16.58475000
16.79633400
16.47191600
16.84783400
16.66412500
16.64112500
16.72616600
16.69733400
17.10929100
16.30325000
16.80158400
16.53033300
16.62520800
16.74675000
16.63633400
16.72904100
16.61300000
16.69420900
16.71925000
16.66612500
16.81454100
16.65291700
16.59495800
16.59658400
16.70970800
16.79154200
16.60112500
16.68712500
16.77495800
16.74220800
16.63308400
16.53850000
16.64966600
16.86162500
16.65316700
16.63745800
16.89495900
17.83904100
15.55179200
16.63616700
16.60925000
16.68862500
16.64900000
16.78320800
16.69329200
16.59866600
16.56058400
16.69941600
16.68625000
16.69516700
16.67737500
16.65629200
17.02362500
16.52695800
16.40566700
16.73354100
16.82620900
17.14983300
16.36929200
16.23975000
16.87766600
16.72712500
16.77225000
16.61516700
16.91116700
16.44170800
16.84500000
16.48616700
17.32029100
16.05762500
16.76612500
16.51629200
16.81237500
16.68204200
16.64537500
16.72391600
16.60045900
16.90270800
16.58079200
16.74591600
16.58800000
16.62187500
16.63300000
16.70425000
16.77741700
16.70683300
16.47508400
16.96183300
16.47979200
16.61741600
16.75108400
16.72979100
16.69312500
16.67729200
16.75533300
16.51650000
16.84591700
16.71170800
16.66041700
16.73812500
16.61650000
16.71820800
16.68166700
16.56862500
16.77654200
16.50329100
16.80795900
16.63570800
16.74987500
16.65991700
16.69020800
16.56004200
16.89625000
16.55841600
16.72112500
16.84525000
16.36245900
16.70108300
16.87058300
16.48995900
16.73037500
16.73366600
16.60354200
16.77750000
16.72037500
16.56750000
16.63308300
16.78041700
16.92237500
16.67945800
16.76366700
16.31195800
17.10504200
16.25745800
16.64545900
16.83445800
16.66033300
16.91462500
16.55491700
16.57912500
16.67829200
16.89129100
16.71916700
16.44058300
16.73104200
16.80416700
16.71041600
16.84045900
16.45375000
16.70837500
16.58441600
16.71112500
16.63295900
16.75037500
16.60662500
16.69541600
16.67695900
16.77300000
16.62008300
16.72845800
16.60408400
16.78045800
16.70587500
16.47354200
16.83462500
16.54550000
16.69025000
16.73404100
16.54375000
16.80787500
19.30550000
14.10183400
16.62820800
16.80550000
16.55837500
16.56858300
16.83137500
16.81358400
16.59241600
16.51225000
16.76958400
16.69979100
16.61979200
16.72695800
16.61254200
16.81745800
16.60720900
16.72895800
16.97658300
16.53854200
16.72854200
16.97091600
16.38975000
16.63450000
18.63870900
16.05970800
16.44929200
16.21620800
16.63633300
16.37525000
16.61204200
16.59120800
16.61300000
16.69625000
16.63533400
16.78679100
16.45166700
17.09625000
16.37066700
16.68854100
16.65958400
16.63783300
16.70116700
16.61391600
16.76570900
16.66470800
16.71133300
16.57458400
16.76700000
16.65487500
16.72575000
16.69329100
16.72833400
16.54529100
16.73862500
16.89370900
16.60945800
16.70295800
16.57700000
16.62141700
16.62429200
16.83175000
16.58466600
16.58879200
16.87745800
16.62929200
16.50941700
16.80483300
16.74395800
16.71979200
16.61683300
16.69066700
16.88491700
16.82579100
17.76550000
15.46866700
16.65237500
16.71829200
16.76970800
16.66208300
16.48550000
16.63491700
16.72733300
16.68462500
16.75183400
16.68287500
16.63679100
16.61941700
16.71500000
16.60004200
16.66500000
16.53366600
16.89170900
16.71120800
16.75575000
16.70125000
16.72083300
16.65325000
16.86829200
16.54095800
17.13650000
16.63641700
17.22670800
18.52475000
15.04391700
16.23970800
16.41800000
17.23083400
16.14362500
16.67691600
16.70862500
16.41358400
16.98916600
16.47362500
16.42500000
16.62766700
16.39791700
16.96654100
16.79345900
16.40966600
16.83629200
16.41950000
16.84783300
16.69425000
16.73445900
16.42608300
16.68525000
16.73695800
16.77975000
16.67541700
16.83033300
16.67487500
16.67845900
16.79712500
16.45712500
16.68254100
16.49308400
16.77162500
16.90270800
16.70900000
16.71733300
16.57854200
16.63241700
16.65283300
16.70975000
16.71516700
16.67495800
16.69741700
16.76258300
16.56583300
16.81604200
16.54195800
16.65458400
16.51912500
16.86133300
16.71466700
16.65533300
16.67470800
16.73362500
16.68608400
16.61945800
16.51258300
16.89062500
16.63550000
16.65450000
16.70575000
16.73587500
16.73604200
16.61533300
16.65366700
16.72154200
16.79116600
16.39804200
16.89691700
16.61420800
16.51100000
16.81575000
16.72904200
16.56695800
16.79708300
16.72483400
16.59745800
16.68800000
16.66487500
16.69808300
16.83208400
16.52162500
16.88045800
16.56470800
16.58804200
16.74391700
16.76816600
16.60737500
16.67533400
16.69812500
16.49670800
16.86725000
16.78283300
16.71408400
16.43508300
16.90858300
16.64408400
16.73820800
16.57470800
16.48020900
16.86070800
16.72858300
16.71637500
16.50225000
16.84287500
16.62650000
16.55837500
16.88212500
16.68470900
16.50933300
16.64583300
16.68100000
16.91208400
16.67075000
16.64487500
16.59195800
16.50854200
16.77691600
16.63537500
16.77808400
16.78629100
16.65958400
16.49258300
16.70191700
16.75970800
16.64583300
16.79245900
16.94545800
16.40008300
16.75020900
16.60633300
16.73258300
16.51800000
16.72804200
16.80633300
16.53150000
16.80950000
16.67104200
16.67187500
16.54995800
16.82187500
16.57425000
16.74187500
16.78062500
16.63212500
16.75391700
16.60925000
16.77779200
16.60416600
16.81500000
16.58645900
16.60616600
16.65645900
16.95075000
16.76508300
16.58587500
16.58912500
18.92329200
15.88412500
16.22504100
16.28783400
16.85400000
16.39695800
16.63341700
16.40879100
16.67204200
16.63970800
16.68933400
16.63058300
16.81558300
16.46670900
16.69258300
17.06345800
16.28304200
16.79766700
16.57154100
16.72454200
16.67441700
16.89562500
16.47716600
16.89833400
16.62004100
16.76191700
16.52154200
16.83670800
16.34675000
16.85283300
16.61300000
16.98712500
16.56791700
16.75995800
16.77466700
16.23808300
16.83887500
16.77945900
16.55316600
16.52741700
16.67904200
16.91650000
16.65550000
16.66937500
16.43770800
16.98550000
16.65779200
16.62920800
16.45712500
16.86608300
16.87470900
16.52858300
16.73408300
16.64783400
16.73195800
16.68741700
16.71912500
16.67241600
16.47683400
16.79491600
16.73845900
16.71929100
16.61333400
16.62091600
16.75100000
16.65350000
16.61433400
16.53870800
16.84745800
16.73191700
16.52479200
16.76050000
16.70954100
16.50808400
16.81400000
16.94845800
16.35466700
16.64137500
16.89920800
16.53554200
16.61854100
16.92275000
16.60579200
16.52475000
16.93891700
16.43795800
16.82200000
16.73854200
16.62079100
16.67812500
16.78137500
16.53783400
16.61954100
16.93366700
16.41575000
16.86150000
16.74283300
16.59920900
16.52245800
16.81062500
16.76529200
16.61337500
16.83241600
16.57691700
16.58800000
16.81037500
16.72358300
16.75116700
16.46983300
16.72812500
16.66758400
16.66695800
16.80462500
16.64750000
16.59183300
16.83604200
16.68712500
16.68825000
16.46866700
16.76787500
16.73025000
16.65100000
16.65304100
16.58737500
16.89083400
16.64333300
16.62829200
16.81387500
16.39775000
16.89833300
16.62129200
16.86387500
16.62862500
16.50133300
16.76441700
16.81354100
16.52108400
16.59275000
16.83883300
16.59854200
16.71416600
16.63408400
16.71304100
16.79379200
16.64279200
16.53779100
16.77795900
16.76291600
16.61416700
16.58350000
16.74633300
16.70570900
16.85512500
16.50487500
16.54241600
16.98541700
16.65012500
16.54179200
16.76895800
16.44616700
16.65433300
16.87858300
16.67908400
16.75929100
16.62845900
16.73962500
16.59362500
16.73841600
16.75483400
16.58220800
16.70325000
16.62366700
16.67383300
16.76716700
16.66383300
16.64162500
16.90712500
16.60245800
16.60100000
16.68554200
16.71100000
16.65641700
16.64412500
16.49787500
16.87150000
16.83741600
16.61491700
16.65633300
16.66837500
16.65245900
16.54716600
16.65862500
16.85754200
16.67145800
16.55045900
16.96112500
16.53087500
16.77766600
16.59704200
16.72137500
16.66837500
16.43691700
16.73204100
16.85229200
16.72779200
16.45266600
16.97108400
16.64441600
16.66504200
16.69504200
16.43908300
16.96929200
16.58525000
16.71262500
16.55508300
16.83708300
16.70641700
16.64791700
18.16879100
15.18629200
16.79258300
16.51012500
16.88741700
16.50795800
16.56416700
16.75404200
16.68408300
16.60850000
16.80625000
17.30475000
16.21733300
16.66529200
18.18066700
16.10608300
16.51520800
16.50725000
16.64958400
16.56237500
16.61000000
16.46658300
16.61358300
16.70295900
16.49220800
16.71829200
16.64608300
16.82695800
16.64300000
16.46466700
16.81020800
16.70033400
16.65345800
16.64500000
16.92991700
16.39995800
16.75454200
16.75629100
16.66908400
16.57079100
16.79016700
16.63779200
16.64845800
16.68645800
16.73733400
16.90016600
16.57062500
16.77533400
16.67341600
16.49954200
16.48037500
16.96500000
16.58070800
16.76175000
16.56658400
16.67375000
16.71425000
16.70204100
16.65437500
16.48766700
16.87620800
16.58137500
16.87245900
16.67416600
16.71683400
16.46366600
16.77675000
16.76579200
16.60512500
16.66550000
16.70604200
16.64883300
16.57662500
16.87370800
16.47770900
16.81983300
16.68079200
16.57679100
16.90175000
16.49329200
16.82312500
16.67466700
16.61387500
16.65708300
16.80062500
16.57925000
16.80750000
16.56812500
16.86783300
16.54108400
16.56058300
16.65395800
16.79295900
16.71720800
16.66766700
16.73362500
16.51104100
16.92650000
16.45579200
16.83200000
16.64929200
16.78129100
16.60362500
16.72183400
16.45175000
16.88766600
16.69979200
16.70687500
16.62433300
16.57508400
16.83500000
16.65433300
16.67862500
16.74104200
16.66533300
16.51433300
16.71633400
16.83483300
16.66395800
16.57066700
16.75575000
16.52891700
16.83604100
16.70216700
16.67800000
16.66245800
16.53104200
17.47387500
16.10387500
16.71645800
16.60641700
16.74075000
18.08037500
15.19720800
16.70854200
16.66125000
16.68533300
16.73950000
16.77858400
16.66758300
16.61020800
16.70495900
16.67262500
16.77137500
16.83683300
17.86458300
15.25208400
16.74216600
16.60350000
16.85045900
16.84516600
16.55695900
16.73187500
17.62195800
15.53229200
16.68787500
16.75408300
16.51150000
16.79691700
16.68370800
16.60183300
16.69879200
16.69095800
16.53333400
16.96000000
16.44279100
16.82429200
16.77195800
16.52433400
16.70287500
16.65108300
16.77950000
16.62333300
16.68670900
16.53370800
16.84095800
16.58550000
16.82050000
16.63137500
16.85508400
16.51020800
16.81933300
16.53175000
16.78787500
16.59725000
16.73216700
16.46591700
16.90020800
16.60641700
16.63029100
16.76737500
16.70108400
16.77800000
16.61654100
16.62633400
16.59312500
16.69620800
16.77958300
16.73679200
16.54262500
16.81387500
16.55225000
16.59908300
16.87575000
16.56595900
16.69866600
16.88558400
16.58933300
16.61462500
16.69908300
16.70141700
18.59237500
14.66175000
16.76804200
16.66395800
16.59600000
17.01358300
16.38104200
16.79045800
16.54837500
16.62933400
16.79962500
16.63625000
16.63345800
16.77516700
16.61062500
16.79095800
16.63254200
16.66358300
16.61383300
16.85366700
16.57545800
16.77516700
16.59466700
16.72966600
16.72870900
16.48945800
16.73525000
16.72779200
16.73308300
16.66037500
19.57387500
14.01233300
16.62279200
19.03425000
15.66366700
16.24087500
16.62595800
16.20295800
16.63866700
16.66391700
16.44600000
16.71404100
16.63491700
16.56504200
16.69033300
16.72087500
16.62154200
16.95875000
16.63441600
16.57995900
16.64750000
16.66637500
16.69520800
16.70058300
16.55179200
16.76383300
16.81104200
16.59087500
16.64358300
16.71437500
16.69525000
16.98466700
16.37162500
16.72654200
16.83275000
17.06595800
16.27954200
16.62958300
16.49825000
16.69045800
16.67920900
16.57037500
16.78495800
16.66904200
16.77700000
16.49920800
16.85045800
16.64016700
16.67900000
16.67116700
16.69154100
16.62762500
16.76020900
16.64475000
16.79012500
16.58770800
16.77775000
16.62508300
16.51416700
16.84170800
16.63825000
16.67891700
16.73087500
16.65020800
16.53183400
17.00479100
16.53229200
16.82429200
16.53283300
17.00850000
16.66729200
16.55208300
16.60479200
16.58691600
16.90087500
16.53291700
16.92379200
16.50341600
16.69145900
16.62516600
16.67004200
16.83833300
16.50616700
16.72379200
16.62954100
16.58537500
16.93737500
16.50795900
16.69975000
16.56583300
17.04687500
16.45250000
16.73337500
16.50925000
16.75320800
16.84062500
16.63066700
16.66112500
16.66629200
16.65395800
16.65783300
16.91483400
16.56029100
16.50970900
16.85858300
16.62950000
16.68075000
16.66291700
16.82758300
16.52641700
16.75283300
16.56725000
16.77420800
16.71525000
16.59183400
16.66800000
16.72591600
16.74883400
16.60029100
16.69325000
16.66387500
16.74458400
16.59558300
16.79075000
16.57070800
17.09412500
16.45962500
16.41937500
16.80283400
16.77279100
16.60929200
16.70054200
16.82741600
16.46283400
16.73787500
16.81070800
17.29762500
16.07670800
16.58779200
16.57237500
16.98654200
16.69354100
16.27695900
16.86533300
16.86204200
16.56783300
16.87025000
16.67733300
16.44354200
16.84716700
16.59616600
16.53962500
16.93645900
16.55275000
16.68650000
16.93191600
16.55112500
16.57475000
16.79891700
16.45600000
16.52720800
16.89533400
16.94800000
16.35379100
16.91608400
16.48458300
16.68708300
16.62083400
16.62775000
16.69212500
16.79833300
16.74454200
16.52058300
16.74350000
16.72133300
16.59312500
16.61325000
16.68795900
16.79733300
16.70333300
16.80095900
16.56958300
16.70504200
16.60787500
16.69791600
16.79791700
16.58275000
16.68333300
16.66937500
16.99808400
16.29266600
17.63333400
15.94862500
16.62583300
16.54916700
16.75208300
17.53487500
15.93487500
16.67370800
16.65725000
16.55241700
16.94054200
16.63450000
16.74720800
16.36008300
17.10370900
16.38037500
16.82408300
16.53954200
16.90341600
16.60020900
16.69075000
16.71441600
16.45962500
16.89395900
16.70600000
16.69850000
16.55062500
16.73033300
16.63791700
16.65129100
16.66800000
16.75758400
16.58004100
16.79729200
16.60987500
16.61100000
16.79829200
16.69175000
16.48108300
16.93529200
16.58600000
16.52179100
16.83383400
16.65383300
16.54891700
18.38683300
15.16379200
16.53133300
16.77304200
16.86716600
16.48908400
16.83695800
16.75291700
16.64604100
16.78925000
16.89300000
16.34895900
16.54520800
16.57933300
16.82000000
16.69320900
16.68662500
16.62870800
16.71620800
16.68387500
16.96554200
16.59945800
16.44375000
16.77870900
16.62116600
16.69979200
16.50504200
16.78087500
16.77025000
16.50695800
16.87933300
16.69500000
16.70370900
16.58787500
16.62116600
16.79720900
16.79166600
18.78308400
15.49408300
16.61800000
16.19087500
16.61787500
16.52304200
16.52075000
16.87604100
16.52970900
16.50375000
16.85345800
16.85575000
16.46362500
16.61750000
16.67812500
16.71845800
16.63525000
16.72495900
16.54325000
16.71612500
16.73383300
16.67891700
16.66716600
16.73625000
16.68445900
16.69129100
16.61487500
16.69058400
16.62720800
16.75420800
16.66950000
16.81754200
16.91916700
16.56466600
16.62650000
16.58000000
16.63291700
16.54695800
16.69245900
16.97529100
16.40645900
16.69512500
16.66845800
17.02120800
16.65133400
16.46341600
16.91654200
16.57683300
16.71129200
16.40725000
16.86529200
16.67595800
16.61975000
16.63420800
16.95258400
16.57075000
16.68745800
16.84166700
16.58912500
16.58608300
16.52820800
16.74054200
16.77687500
16.73616700
16.72041600
16.41445900
16.94195800
16.51308300
16.73179200
16.69725000
16.71891700
16.58104100
16.63458400
16.80083300
16.74708300
16.75537500
16.56150000
16.54779200
16.86858300
16.51725000
16.84595900
16.72541600
16.61500000
16.71033400
16.62312500
16.76404100
16.67208400
16.72683300
16.70975000
16.63020800
16.59454200
16.69087500
17.02779200
16.43962500
16.54670800
16.96091700
16.66433300
16.69429200
16.75512500
16.45279100
16.69712500
16.95691700
16.76979200
16.44550000
16.46983300
16.88558300
16.61833400
16.64008300
16.47300000
16.71183300
16.86775000
16.54279200
16.73337500
16.79870800
16.71579200
16.55841700
16.80016600
16.64270900
16.67687500
16.68600000
16.62766600
16.70520900
16.82270800
16.48241700
16.75737500
16.72816600
16.65075000
16.66458400
16.48937500
16.70091600
16.65420900
17.01966600
16.45541700
16.70870800
16.79700000
16.67583400
16.57008300
16.66875000
16.76108300
16.50645900
16.79404100
16.87537500
16.49791700
16.67116700
16.78554100
16.49033400
16.83020800
16.68600000
16.50266700
16.67620800
16.65191700
16.68891600
16.89466700
16.63545800
16.87183400
16.54362500
16.66725000
16.60512500
16.72404100
16.73579200
16.66420800
16.53629200
16.64491700
17.07404100
16.58620900
16.43775000
16.77687500
16.66662500
16.57779100
16.68345900
16.67341600
16.78466700
16.85104200
16.41991600
16.85350000
16.72575000
16.46704200
16.85575000
16.50283300
16.79608400
16.57508300
16.64262500
16.96333300
16.42683400
16.65770800
16.85766700
16.59620800
16.87716700
16.64012500
16.73504100
16.46854200
16.74625000
16.63895800
16.58870900
16.70266600
16.90950000
16.44591700
16.89654200
16.49254100
16.82366700
16.65500000
16.62008300
16.78837500
16.68200000
16.68966700
16.47354200
16.96779100
16.51850000
16.82520900
16.63462500
16.67050000
16.77904100
16.58079200
16.75175000
16.49208300
16.64104200
16.90616700
16.54533300
16.65179200
16.88900000
16.66804100
16.55987500
16.78395900
16.78154100
16.73812500
19.08800000
15.76729200
16.03645800
16.27204200
16.71995800
16.51108400
16.82104100
16.34716700
16.57262500
16.52158300
16.71000000
16.66575000
16.65058400
16.75216600
16.67516700
16.54429200
16.85408300
16.92912500
16.28704200
16.79933300
16.76566700
16.58358300
16.59083300
16.77620900
16.71800000
16.68054100
16.83416700
16.61866700
16.47812500
16.82137500
16.60041600
16.60162500
16.95662500
16.75850000
16.45983400
16.83087500
16.43783300
16.58725000
16.67512500
16.89116700
16.68825000
16.70558300
16.60925000
16.79179200
16.58512500
16.60941600
16.61991700
16.68420800
18.21695900
15.43125000
17.12012500
16.56379100
16.54120900
16.43695800
17.11095800
16.33095900
16.75908300
16.68054200
16.99800000
16.11679100
17.13558400
16.39320800
16.73179200
16.62308300
16.58591700
16.84966600
16.66450000
16.62295900
16.75225000
16.61345800
16.50004200
16.82329100
16.47008400
16.73670800
16.89883300
16.42941700
16.72954200
17.24541600
16.44075000
16.55441700
16.50062500
16.63645800
16.67033400
16.81262500
16.70270800
16.71470800
16.81291700
16.61504200
16.63237500
16.63579100
16.73870900
16.64187500
16.73916600
16.63120900
16.51412500
16.80550000
16.76695800
16.48775000
16.79720800
16.69745900
16.61145800
16.61600000
16.92575000
16.44387500
16.88787500
16.62041700
16.53920800
16.76587500
16.81225000
16.73600000
16.61833300
16.58266700
16.72500000
16.62816700
16.77412500
16.59387500
16.58633300
16.78354200
16.85325000
16.62754100
16.47083400
16.68212500
16.86379100
16.83400000
18.17537500
14.95662500
16.89550000
16.64612500
16.57495900
16.70070800
16.51645800
16.88270900
16.66358300
16.47200000
16.84054200
16.70854100
16.63370900
16.83170800
16.57941700
16.60979100
16.74795900
16.77862500
16.56591600
16.72291700
16.75720800
16.59320900
16.58712500
16.64283300
16.76645800
16.71262500
16.73766700
16.60012500
16.76550000
16.74345800
16.60908400
16.50812500
17.00916600
16.51229200
16.71104200
16.71354100
16.62804200
16.52837500
16.92637500
16.51133300
16.71820900
16.66537500
16.66220800
16.81308300
16.44775000
18.15495900
15.31300000
16.70325000
16.73312500
16.63100000
16.60045800
16.85508300
16.62575000
16.67916700
16.73958300
16.56150000
16.63425000
16.74962500
16.75995900
16.58587500
16.79495800
16.82070800
16.58458400
16.79712500
16.64387500
16.39054100
16.77370900
16.82579100
16.74754200
16.55933300
16.63300000
16.79500000
16.64591700
16.79483300
16.52387500
16.83125000
16.57200000
16.69312500
16.69516700
16.48941700
16.83850000
16.63508300
16.60908300
16.69320900
16.93066600
16.60462500
16.82391700
16.35258300
16.98312500
16.41604200
16.67162500
16.93912500
16.54916700
16.57083300
16.89137500
16.48133300
16.80741700
16.65070800
16.73500000
16.67087500
16.56300000
16.71116700
16.71612500
16.88891700
16.52979100
16.65545900
16.73925000
16.69712500
16.78400000
16.52104100
19.43962500
15.41470900
16.42875000
16.23004100
16.62925000
16.60587500
16.35900000
16.60279200
16.66045800
16.54416700
16.74404200
16.59858300
16.61887500
16.82179200
16.60454100
16.80595900
16.66950000
16.60704100
16.62691700
16.80050000
16.62100000
16.63937500
16.73333300
16.91679200
16.50112500
16.63716700
16.59687500
16.68441600
16.62720900
16.84483300
16.63654200
16.65954100
17.10775000
16.55350000
16.76645900
16.50208300
16.45045800
16.70516700
16.77179200
16.74945800
16.55550000
16.71366700
16.67837500
16.69550000
16.62270800
16.60091700
16.78004100
16.79437500
16.52712500
16.73804200
16.48487500
16.95037500
16.61487500
16.80166700
16.57079100
16.73566700
16.45379200
16.90058300
16.97441700
16.40416600
16.71275000
16.68529200
16.65483300
16.67412500
16.53687500
16.82795900
16.50412500
16.86533300
16.57329200
16.78704100
16.63329200
16.70954200
16.64008300
16.75458300
16.71433400
16.54608300
16.67616700
16.71495800
16.74695800
16.57625000
16.70479200
16.76816700
16.66770800
16.65566700
16.50579100
16.96075000
16.51670900
16.72654100
16.65929200
16.67187500
16.64537500
16.70579200
16.71908300
16.88662500
16.47441700
16.58858300
16.89354200
16.61266600
16.53958400
16.65916600
16.92162500
16.46062500
16.89020900
16.62537500
16.64883300
16.56537500
16.67166700
16.85212500
16.72100000
16.65441600
16.51508400
16.86166600
16.68941700
16.62125000
16.76770800
16.60891700
16.79395800
16.60450000
16.81616700
16.61962500
16.43250000
16.77141700
16.73637500
16.67412500
16.66050000
16.75195800
16.70891700
16.70129100
16.65345900
16.61737500
16.77808300
16.74629200
16.59158300
16.64916700
16.62175000
16.89495800
16.53325000
16.72879200
16.63683300
16.75425000
16.62312500
16.69958300
16.66754200
16.66412500
16.66379200
17.51691600
16.04908400
16.55133300
16.75416700
16.67275000
16.74945800
16.38141700
16.83616600
16.64725000
16.80858400
16.54700000
16.70066600
16.69808400
16.67933300
16.70187500
16.63104200
16.64316600
16.71820900
16.68183300
16.78775000
16.64433300
16.62683400
16.69291600
16.66058400
16.71695800
16.72170800
16.64808400
16.64137500
16.72662500
16.75629100
16.67770900
16.55641600
16.72391700
16.81804200
16.53820800
16.56195800
16.88645900
16.55241600
16.88050000
16.66508400
16.66516600
16.73795900
16.60537500
16.70091600
16.46520900
16.70929100
16.77766700
16.70245800
16.79554200
16.56270800
16.67191700
16.63354200
16.71620800
16.67933300
16.63587500
16.76900000
16.51629200
17.09208300
16.44962500
16.70120900
16.73541600
16.51995900
16.71975000
16.76029100
16.58304200
16.70691700
16.73275000
16.55375000
16.75679100
16.52779200
16.89462500
16.50679200
19.48970800
13.97983300
16.70683400
16.70275000
16.68416600
16.74708400
16.62700000
16.70366600
16.65420900
16.67525000
16.67345800
19.18741700
14.18275000
16.70179100
16.70508400
16.48620800
16.90108300
16.64733400
16.65575000
16.64441600
18.38495900
15.04966600
16.66687500
16.66008400
16.68908300
16.57979200
16.80358300
16.77950000
16.53387500
16.75612500
16.57229200
16.64004100
16.78350000
16.66787500
16.75750000
16.54562500
16.86887500
16.64850000
16.65570900
16.53762500
16.70975000
16.78312500
16.55516600
16.82175000
16.72620900
16.79250000
16.56612500
18.89308300
15.88291700
16.13454100
16.43654200
16.48641700
16.64237500
16.60958300
16.54033300
16.66408400
16.64183300
16.59870800
16.70137500
16.62991700
16.69708300
16.73462500
18.37520900
14.95008300
16.73137500
16.58983300
16.72875000
16.73954200
16.59887500
16.72262500
16.67400000
16.56650000
16.79133300
16.71691700
16.71204200
16.59220800
16.78020800
16.66795900
16.71733300
16.86066700
16.69666600
16.57425000
17.66345900
15.88300000
17.66954100
15.59737500
16.96045900
16.22204100
16.70737500
16.67237500
16.59979200
16.71275000
16.77262500
16.53616700
16.82320800
16.63404200
16.64204100
16.50908400
16.87470800
16.71483300
16.58350000
16.96658400
16.94183300
16.39345800
16.80387500
16.63004200
17.00795800
17.77675000
15.42237500
16.27366700
16.88129200
16.87229100
16.63254200
16.48129200
16.92916600
16.56337500
16.55016700
16.83441700
17.42241600
15.80683400
16.69850000
16.73550000
16.57400000
16.73070800
16.56608300
16.71862500
16.65941700
16.56454200
16.84920800
16.65858300
16.68470900
16.64670800
16.58154200
16.63745800
16.84025000
17.24520800
16.17141700
16.52079200
16.96662500
16.54975000
16.66850000
16.62175000
16.67220800
16.53650000
16.75454200
16.95566600
17.42600000
15.80670900
16.99837500
16.30429100
16.71616700
16.61545800
16.77737500
16.79125000
16.57912500
16.72075000
16.63620900
16.69954100
16.67350000
16.68133400
16.59462500
16.67904100
16.60629200
16.70133300
16.76445900
16.91012500
16.51437500
16.72033300
16.55145800
16.73833400
16.68508300
16.70829200
16.61712500
16.69070800
16.64437500
16.74979200
16.54941600
16.76825000
16.72645900
16.66600000
16.72166600
16.71470900
16.51300000
16.78137500
16.70454100
16.71895900
16.48375000
16.80075000
16.71941600
16.68554200
16.56741700
16.78533300
16.61633300
16.75079200
16.66870800
17.02437500
16.50804200
16.53270800
16.66145900
16.61312500
16.72587500
16.76745800
16.67833300
16.58266700
16.68783300
16.61895900
17.97512500
15.88087500
16.72604100
16.63512500
16.51245900
16.52387500
16.62516600
16.73033400
16.84179100
16.55216700
16.61962500
16.94550000
16.50025000
16.60662500
16.76900000
16.57116700
16.68700000
16.78670800
16.61133300
16.85841700
16.61704200
16.61075000
16.93837500
16.46375000
16.62191600
16.87570900
16.69641600
16.60341700
16.67066700
16.69900000
16.48387500
16.83641600
16.67562500
16.69687500
16.72095900
16.71916600
16.56629200
16.87437500
16.61212500
16.56408300
16.55325000
16.69833400
16.73745800
16.73158300
16.56179200
16.59437500
16.73533300
16.68754200
16.70875000
16.58854200
17.06395800
16.47295800
16.59579200
16.60558300
16.76008400
16.80533300
16.66250000
16.67037500
16.59100000
16.68691700
17.65929100
15.91062500
16.73658400
16.53920800
16.57883300
16.75591700
16.93762500
16.65804200
19.24541600
15.60979200
16.18050000
16.20633300
16.68433400
16.37100000
16.67908300
16.69095800
16.42479200
16.64095800
16.71141700
16.91841700
16.48641600
16.82162500
16.79162500
16.57191700
16.74704200
16.45083300
16.71362500
16.58900000
17.02287500
16.42600000
16.68595800
16.76254200
16.76358300
16.50900000
16.59075000
16.80516700
16.51841700
16.93108300
16.37812500
16.70554200
17.19562500
16.44712500
16.51020800
16.78300000
16.39754200
16.80241600
16.73429200
16.64141700
16.73541600
16.81541700
16.49183300
16.76862500
16.44158400
16.74362500
16.79137500
16.81475000
16.56708300
16.51191700
16.79837500
16.62304100
16.99975000
16.43900000
16.82962500
16.71937500
16.70537500
16.32816700
16.90070800
16.61370900
16.96712500
16.44187500
16.52437500
16.84112500
16.52287500
16.69883300
16.78958300
16.58966700
16.78691700
16.69087500
16.67937500
16.77620800
16.70237500
16.67512500
16.55375000
16.73295800
16.64450000
16.77258400
16.65970800
16.69212500
16.58012500
16.72112500
16.68245800
16.69608400
16.55379100
16.83204200
16.63641700
16.58450000
16.77075000
16.64483300
16.63520800
16.82316700
16.75100000
16.58437500
16.68875000
16.51662500
16.87316700
16.66883300
16.66637500
16.65866700
16.72629100
16.59316700
16.73475000
16.68779200
16.70145800
16.65862500
16.63150000
16.74104200
16.75570800
16.60416700
16.70075000
16.62758300
16.95475000
16.59958300
16.49416700
16.81500000
16.73154200
16.60641600
16.70100000
16.56691700
16.84512500
16.74604200
16.66304100
16.43304200
16.68233300
16.83233400
16.70866600
16.60366700
16.79529200
16.63170800
16.66854200
16.71870800
16.60291700
16.67275000
16.81233300
16.60558300
16.52204200
16.75129200
16.77091600
16.74895900
16.49162500
16.96516600
16.54566700
16.64887500
16.71687500
16.62770800
16.73504200
16.66008300
16.63166700
16.71520800
16.66125000
16.63941700
16.73129200
16.69345800
16.55145800
16.68541700
16.82654200
16.67841600
16.66316700
16.76387500
16.56337500
16.93512500
16.36775000
16.80516700
16.73454100
16.65712500
16.55325000
16.69679200
18.33045800
15.52604200
16.80841700
20.01233300
13.15612500
16.59612500
16.50170800
16.76533400
16.65483300
16.66854200
16.50670800
16.78612500
16.66337500
16.77608300
16.48383400
16.76500000
16.55391600
16.89254200
16.58304200
16.67595800
16.68604200
16.65062500
16.64791600
16.88075000
16.65012500
16.51400000
16.70458400
16.71183300
16.62066700
16.82050000
16.54875000
16.81466600
16.81916700
16.46575000
16.83133300
16.52441700
16.74062500
16.60237500
16.63625000
17.03041700
16.39700000
16.63275000
16.81270800
16.58420800
16.70808400
16.85408300
16.47825000
17.01941700
17.49958300
17.35595800
16.02133400
16.40425000
16.64816600
16.41379200
17.00691700
16.47766600
17.75479200
15.46091700
16.52062500
17.70608300
15.93966700
16.29670800
17.26591700
16.16775000
16.82908300
16.43370800
16.89908400
16.57300000
16.99545800
16.31229200
16.84125000
16.84966600
16.48816700
16.53995800
16.68504200
16.65112500
16.66950000
16.60995800
16.72133400
16.65083300
16.90058300
16.73962500
16.56775000
16.88466700
16.36445800
16.73875000
16.55683400
16.65454100
16.71100000
16.75675000
16.71933400
16.62079100
16.73512500
16.49991700
16.85379200
16.65220800
16.62608300
16.73116700
16.72575000
16.49479200
16.83104100
16.69687500
16.54912500
16.75816700
16.54195800
16.83475000
16.53183400
16.84404100
16.68004200
16.72875000
16.63258300
16.69450000
16.68462500
16.58504200
16.77658300
16.64008400
16.73579100
16.71775000
16.63220900
16.67362500
16.76058300
16.63450000
16.66912500
16.71812500
17.03454200
16.38608300
16.61366700
16.83891600
16.41983400
16.80425000
16.53283300
16.87170800
16.64537500
16.81833400
16.55908300
16.72145800
16.67350000
16.62379200
16.67766700
16.77637500
16.63229100
16.69687500
16.68762500
16.73737500
16.60125000
16.64104200
16.73787500
16.49633300
16.87433400
16.65791600
16.51279200
16.79404200
16.61604100
16.67883400
16.78433300
16.81825000
16.39812500
16.68995800
16.87791700
16.62275000
16.69225000
16.71720800
16.69925000
16.65112500
16.73462500
16.60937500
16.65595900
16.74254100
16.62433400
16.67600000
16.73700000
16.62212500
16.61608300
16.68308300
16.82450000
16.63191700
16.58833300
16.84037500
16.64437500
16.70954200
16.67954200
16.67425000
16.51529100
16.90845900
16.73237500
16.66116600
16.79887500
16.36554200
16.80016700
16.67262500
16.54245800
16.67016700
16.80241600
16.81504200
16.56633300
16.75925000
16.68245900
16.50275000
16.67054100
16.89316700
16.70133300
16.66904200
16.68129200
16.77983300
16.47187500
16.81550000
16.60104200
16.62437500
16.76008300
16.55925000
16.82250000
16.63625000
16.93158300
16.53229200
16.66858300
16.66612500
16.52154200
16.66400000
16.86100000
16.64979200
16.64945800
16.73079200
16.67650000
16.95016600
16.49920900
16.45095800
16.74991700
16.74716600
16.65037500
16.64354200
16.68870800
16.70800000
16.67275000
16.75675000
16.72725000
19.10604200
14.19670800
16.82500000
16.52400000
16.70295900
16.78466600
16.59945900
16.67412500
16.63770800
16.80975000
16.73512500
16.47875000
16.85870800
16.54250000
16.73737500
16.67141700
16.56566700
16.70295800
16.63383300
16.81941700
16.55608300
16.74679200
16.69066700
16.88687500
16.68458300
16.47087500
16.75958300
16.50262500
17.03508400
16.54004100
16.56725000
16.61800000
16.91012500
16.62741700
16.61708300
16.59354200
16.81325000
16.99387500
16.63104200
16.32145800
16.63458300
16.83591700
16.70491700
16.62495800
16.79700000
16.67183300
16.60937500
16.72237500
16.66687500
16.61725000
16.76037500
16.49070900
16.83012500
16.61708300
16.62333300
16.68054200
16.72920800
16.84491700
16.99900000
16.29437500
16.75437500
16.53079200
16.82704100
16.47758400
19.43816600
14.50908400
16.44820800
16.70345800
18.85508400
16.23975000
15.98520800
16.14845800
16.67558400
16.44320800
16.73245800
16.51608400
16.56270800
16.59100000
16.75675000
16.61733300
16.58662500
16.76245900
16.65070800
16.63354200
16.79066600
16.69945900
16.65950000
16.59991600
16.79570900
16.62579100
16.64258400
16.75766600
16.64554200
16.70166700
16.64645800
16.73029200
16.63241600
16.68262500
16.65312500
16.69016700
16.88433300
16.51558400
16.66970800
16.71362500
16.47387500
16.79266700
16.64204100
16.79395900
16.62745800
16.62591700
16.75208300
16.62100000
16.72675000
16.71250000
16.75750000
16.52550000
16.80800000
16.60400000
16.56450000
16.74095800
16.72387500
16.75608400
16.57587500
16.77666600
16.59112500
16.71212500
16.76604200
16.58695800
16.62475000
17.00208400
16.52241600
16.62558400
16.72729100
16.70329200
16.60583300
16.74966700
16.67391700
16.52104100
16.86554200
16.76495800
16.50025000
16.79258400
16.62479100
16.72779200
16.79129200
16.69129100
16.60629200
16.44183300
17.09937500
16.34875000
16.85775000
16.64383400
16.46933300
16.81487500
16.70879200
16.68016600
16.67295900
16.75366600
16.54875000
16.61958400
16.91925000
16.62141600
16.54516700
16.80429200
16.61883300
16.71483300
16.55370900
16.77941600
16.79787500
16.59020900
16.75420800
16.48825000
16.72591700
16.74987500
16.65116600
16.74154200
16.82720800
16.53650000
16.72908400
16.51066600
16.89758400
16.46866600
16.84329200
16.65550000
18.01112500
15.21200000
16.65137500
16.72716700
16.86245800
16.74112500
16.61654200
16.62091600
16.72595900
16.71970800
16.71945800
16.58758400
16.66516600
16.78241700
16.70512500
16.48633300
16.71225000
16.62320900
16.87912500
16.74887500
16.70004100
16.55158400
16.72370800
16.62187500
16.77725000
16.64966700
16.63262500
16.64583300
16.74704200
17.81208300
15.50650000
16.66508300
16.63450000
16.70320900
16.61700000
16.81358300
16.57087500
16.90508300
16.61387500
16.68745900
16.63475000
16.65991600
16.66879200
16.75887500
16.63862500
16.83008300
16.49829200
16.75866700
16.86145800
16.50808300
16.94175000
16.52108400
16.53395800
16.66304200
16.82400000
16.65133300
16.62495800
16.73675000
16.60108400
16.73358300
16.76929200
16.72837500
16.48895800
16.81075000
16.63954200
16.73533300
16.64141700
16.58304100
16.84170900
16.43845800
16.93616700
16.51187500
16.75833300
16.73541700
16.50779100
16.64454200
16.89325000
16.59162500
16.67066700
16.61329100
16.72008400
16.69029100
16.61091700
16.71383300
16.90379200
16.64912500
16.51033300
16.69579200
16.70862500
16.75641700
16.58608300
16.58866700
16.80454100
16.71412500
16.68133400
16.66545800
16.62029200
16.78325000
16.60737500
16.75741600
16.62900000
16.72812500
16.58862500
16.75470900
16.66775000
16.52904100
16.83704200
16.70129200
16.62529100
16.64862500
16.72908400
16.66175000
16.71829100
16.74404200
16.73820800
16.48408400
16.78450000
16.64670800
16.69237500
16.74904200
16.99383300
16.50450000
16.58966700
16.83633300
16.59795800
16.75145900
16.63600000
16.60016600
17.83375000
16.32412500
16.48375000
16.40383400
16.69775000
16.68129100
16.53854200
16.63625000
16.66108300
16.60620900
16.77162500
16.56050000
16.65579100
16.71995900
16.82037500
16.71050000
16.77862500
16.47937500
16.65133300
16.65162500
16.76358300
16.60512500
16.59158400
17.04341600
16.31054200
16.87387500
16.53212500
16.70545800
16.61983400
16.88275000
16.45854100
16.81333400
16.92304100
16.72308400
16.45195800
16.72654200
16.44329100
16.76833400
16.73929100
16.61266700
16.70529200
16.68033300
16.66150000
16.59850000
16.85800000
16.59700000
16.74404200
16.60066600
16.66500000
16.75208400
16.67541600
16.76941700
16.52225000
16.77429200
16.69679100
16.56241700
16.66820800
16.96262500
16.59466700
16.48162500
16.79070800
16.68566700
16.77754200
16.67512500
16.50383300
16.85170800
16.71250000
16.57608400
16.68900000
16.80754100
16.64941700
16.65629200
16.66966600
16.67608400
16.67566600
16.68512500
16.66100000
16.69745900
16.55000000
16.66637500
16.77391600
16.66716700
16.76754200
16.66320800
16.56095800
16.67500000
16.79079200
16.69283300
16.57225000
16.82875000
16.73566700
16.57783300
16.61375000
16.77054200
16.66420800
16.57754200
16.79991700
16.64183300
16.67408300
16.76300000
16.68733400
16.74645800
16.53795800
16.67637500
16.73441700
16.67687500
16.81616700
16.59725000
16.72283300
16.65833300
16.68733400
16.70054100
16.55512500
16.74154200
16.71833300
16.77291700
16.76250000
16.54225000
16.73908300
16.59783400
16.79825000
16.67512500
16.59158300
16.89729200
16.93941600
16.50429200
16.50687500
16.60166700
16.63975000
16.70737500
16.61891600
16.59808400
16.91850000
16.50104100
16.66537500
16.94062500
16.62991700
16.52387500
16.72550000
16.56375000
16.68754200
16.76512500
16.64387500
16.91908300
16.92158300
16.26520900
16.67966600
16.66050000
16.66566700
16.73095800
16.78779200
16.57258300
16.78129200
16.71479200
16.64283300
16.62908300
16.63912500
16.58725000
16.77470900
17.13045800
16.12508300
17.53650000
16.02287500
16.71904200
16.60229200
16.92429100
16.38858400
16.75754100
16.52070900
16.72104100
16.76079200
16.74175000
16.60983300
16.66479200
16.62125000
16.72429200
17.60208300
15.99929200
16.45112500
16.91412500
16.34520800
16.78800000
16.59562500
16.74566700
16.68104100
16.76316700
17.00637500
16.37404200
16.66125000
16.60904100
16.73662500
16.56091700
16.79958300
16.62041700
16.81491700
16.74720800
16.77133300
16.53383400
16.67383300
16.65387500
16.61858300
16.82375000
16.50662500
16.71125000
16.90508400
16.67995800
16.49408300
16.58895900
16.79170800
16.85825000
16.75850000
19.92337500
15.75912500
15.50279200
16.44004100
16.29425000
16.43612500
16.63241700
16.90358300
16.24529200
16.70633300
16.65254200
16.80400000
16.47675000
16.59787500
16.72333300
16.83333400
16.51075000
16.67208300
16.68312500
16.69579200
16.78600000
16.63870800
16.70554200
16.73558300
16.50841700
17.35375000
16.31070800
16.53870800
16.64612500
16.71612500
16.58529200
16.77608300
16.91304200
16.63158300
16.46504200
16.98450000
16.55275000
16.71450000
16.54450000
16.76404200
16.36479100
16.82929200
16.63445800
16.75425000
16.79245900
16.53141600
16.72987500
16.60741700
16.68479200
16.53254100
16.70845900
16.78833300
16.54904200
16.90587500
16.61595800
16.65145800
16.81029200
16.59037500
16.65158300
16.58925000
16.83033400
16.80220800
16.49954200
16.58237500
16.80933300
16.68512500
16.66900000
16.57820800
16.80650000
16.51925000
16.83479200
16.67670800
16.56083400
16.69408300
16.85491700
16.81670800
16.40820800
16.87016700
16.61816700
16.69600000
16.67562500
16.64112500
16.72304100
16.69825000
16.73508400
16.88900000
16.59945800
16.67941700
16.58870800
16.59158300
16.70079200
16.69050000
16.66737500
16.56370800
16.92433400
16.52770800
17.35525000
16.22579200
16.89129100
17.89725000
15.96475000
15.82562500
16.92458400
17.20966600
16.25229200
16.73400000
17.32887500
15.73950000
16.75275000
16.53395800
16.60566700
16.83583300
16.81145900
16.57104100
16.79437500
16.42258400
16.80208300
16.52125000
16.80554200
16.91358300
16.33825000
16.78870800
16.48712500
16.81891700
16.75945800
16.57433400
16.81912500
16.59487500
16.70466600
16.65645900
16.54329100
16.83741700
16.69333300
16.73229200
16.38833300
17.09445900
16.63408300
16.58141700
16.64600000
16.77125000
16.46558300
16.67625000
16.81404200
16.60937500
16.59491600
17.05000000
16.37416700
16.75558300
16.75879200
16.53616700
16.83970800
16.58587500
16.70845800
16.81658400
16.70183300
16.61858300
16.50833400
16.67183300
16.83975000
16.54658300
16.88541700
16.54145800
16.75845900
16.66012500
16.56879100
16.74658400
16.68895800
16.64737500
16.69108300
16.79050000
16.60950000
16.73416700
16.58425000
16.69512500
16.77179200
16.70358300
16.49270800
16.73345900
16.72004100
16.74941700
16.53425000
16.81575000
16.66816700
16.58000000
16.74487500
16.62762500
16.72091600
16.74100000
16.73754200
16.63529200
16.60045800
16.70133300
16.72687500
17.76662500
15.72212500
16.55100000
16.66375000
16.73412500
16.73208400
16.64000000
16.70075000
16.67937500
16.55845800
16.79775000
16.67066700
16.78695800
16.57604200
16.77779100
16.55858400
16.84895800
16.75854200
18.93845800
15.95129200
15.98945800
16.43062500
16.62320800
16.34300000
16.70920900
16.51125000
16.57579100
16.75066700
16.65079200
16.68325000
16.64891600
17.10312500
16.22512500
16.65633400
16.67716600
16.65208400
16.80887500
16.61187500
16.64125000
16.83304100
16.67800000
16.81329200
16.44187500
16.76904200
16.58366600
16.64133400
16.71775000
16.63525000
16.72016600
16.68387500
16.70183400
16.91654100
16.71250000
16.56212500
16.50495900
16.71675000
16.69091600
16.61037500
16.77545900
16.66229100
16.48779200
17.30283300
16.22987500
16.54412500
16.82283400
16.70137500
16.60158300
16.76062500
16.53945800
16.72179200
16.73733300
16.74808400
16.85954100
16.36891700
16.66579200
16.89441600
16.55679200
16.75858300
16.69912500
16.70600000
16.72700000
16.59500000
16.65570900
16.60625000
16.66091600
16.73600000
16.84029200
16.59637500
16.62987500
16.59945800
16.78820900
16.98712500
16.39608300
16.72033300
16.68954200
16.59433300
16.55537500
16.66616700
16.89500000
16.77345800
16.39470900
16.84266600
16.71966700
16.57091700
16.62250000
16.81187500
16.68791600
16.71975000
16.68454200
16.71716700
16.70787500
16.60775000
16.66295800
16.54870800
16.71833400
16.83433300
16.68462500
16.76170800
16.50425000
16.59616700
16.76687500
16.63195800
16.90820900
16.56329100
16.56300000
16.80858400
16.67450000
16.72462500
16.50220800
16.84658300
16.67387500
16.56058400
16.98720800
16.61091700
16.52504100
16.71504200
16.57408300
16.80091700
16.63162500
16.74279200
16.59691600
16.79008400
16.80320800
16.40841700
16.83254100
16.65679200
16.68854200
16.77500000
16.50254100
16.76416700
16.56912500
16.91354200
16.71191600
16.44525000
16.68075000
16.90966700
16.58462500
16.61520800
16.72833400
16.51658300
16.89841700
16.67108300
16.77108300
16.44987500
16.88350000
16.67691700
16.47116700
16.94991600
16.38620900
16.86666600
16.71129200
16.65425000
16.68216700
16.46941600
16.86108400
16.62337500
16.76170800
16.55662500
16.79758300
16.66695900
16.65583300
16.65037500
16.74737500
16.75445800
16.64725000
16.65850000
16.73475000
16.69704200
16.63570800
16.67925000
16.51212500
16.75704200
16.86587500
16.63262500
16.62537500
16.80429200
16.59725000
16.60095800
16.74445800
16.59162500
16.78354200
16.59291700
16.66412500
16.61654100
16.76562500
16.71262500
16.55625000
16.87883400
16.66966600
16.97983400
16.47779100
16.66279200
16.65095800
16.59258400
16.80662500
16.56733300
16.80333300
16.60983400
16.57883300
16.75983300
16.78087500
16.63529200
16.64479200
16.70162500
16.66025000
16.63133300
16.64433300
16.94708400
16.70050000
18.81166600
15.87254200
16.42283300
16.40254200
16.60050000
16.35608300
16.55550000
16.50212500
16.64175000
16.67416700
16.93812500
16.43879200
16.55954100
16.82775000
16.61783400
16.60687500
16.70945800
16.62625000
16.69470800
16.64316700
16.69837500
16.69379200
16.76812500
16.82750000
16.75179100
16.38337500
16.82054200
16.60958300
16.70141700
16.57091700
16.77145800
16.62512500
17.08825000
16.43283300
16.73258400
16.58587500
16.52754100
16.72045900
16.71887500
16.71829100
16.60770900
16.76395800
16.83941700
16.58287500
16.54191600
16.68454200
16.77395800
16.70704200
16.57241700
16.66258300
16.66625000
16.84016700
16.54316600
16.58775000
16.81829200
16.69666700
16.50416600
16.78662500
16.69833400
16.68075000
16.70416600
16.67975000
16.53225000
16.69745900
16.86237500
16.65412500
16.73750000
16.69166600
16.61054200
16.55904200
16.88062500
16.68820800
16.73012500
16.65291700
16.63395800
16.58483300
16.66466700
16.74741700
16.71508300
16.66387500
16.71691700
16.71862500
16.66287500
16.75612500
16.67995800
16.76825000
16.43654200
16.74416600
16.56808400
16.78395800
16.68895800
16.55862500
16.87545900
16.54391600
16.78858400
16.57841600
16.63741700
16.69716700
16.76833300
16.75558300
16.64566700
16.62295800
16.88812500
16.51379200
16.67654200
16.69558300
16.59358300
16.83629200
16.60087500
16.65062500
16.74037500
16.57708300
16.77137500
16.60995900
16.73883300
16.65975000
16.62454200
16.81220800
16.66070800
16.74316700
16.66020800
16.63995900
16.59320800
16.78000000
16.81587500
18.21400000
15.06437500
16.81745800
16.58500000
16.66404200
16.63512500
16.57541700
16.77041600
16.72070900
16.55912500
16.90504100
16.57583400
16.68654100
16.73145900
16.52945800
16.89583300
16.55354200
16.76891700
16.82229100
16.62270900
16.61945800
16.64825000
16.67204200
16.72020800
16.80858300
16.38991700
16.78566700
16.75116600
16.58054200
16.66525000
16.78629200
16.59770800
16.74954200
16.53516600
16.76529200
16.60300000
16.87462500
16.58345800
16.68045900
16.59737500
16.85383300
16.53179200
16.96062500
16.43220800
16.92475000
16.64125000
16.70145800
16.52566700
16.76454200
16.65879100
16.74254200
16.68237500
16.62254200
16.68300000
16.82370800
16.45758300
16.77300000
16.63604200
16.56079200
16.80145800
16.82479200
16.60062500
16.74137500
16.68358300
16.66491700
16.58175000
16.68825000
16.79912500
16.64525000
16.60320800
16.54854200
16.77208300
16.59220800
16.85754200
16.52579200
16.76733300
16.63516700
16.71191600
16.93212500
16.60225000
16.62650000
16.72104200
17.07916700
16.35412500
16.72470800
17.84191700
16.04579100
16.71333400
16.42291600
16.65429200
16.62883300
16.54241700
16.47704200
16.89375000
16.74837500
16.35975000
16.83495800
16.89479200
16.57595800
16.62016700
16.75341600
16.43908400
16.84058300
16.56866700
16.68058300
16.74866700
16.93475000
16.61300000
16.31766600
16.88912500
17.00979200
16.54100000
16.42850000
16.87066700
16.60741600
16.65850000
16.70075000
16.69420900
16.82150000
16.61879100
16.47654200
16.53016700
16.82670800
16.56741700
16.73816600
16.68187500
16.67754200
16.79108300
16.71820900
16.52562500
16.78125000
16.61841600
16.77750000
16.61354200
16.59108300
16.74066700
16.63312500
16.70162500
16.81354200
16.71183300
16.52787500
16.76808300
16.57437500
16.84587500
16.57545900
16.56075000
16.74141600
16.81833400
16.57512500
16.77320800
16.52620800
16.77833400
16.66787500
16.78212500
16.62954100
16.59291700
16.78116700
16.72662500
16.60783300
16.60858300
16.77350000
16.62470900
16.71766600
16.68891700
16.70925000
16.60579200
16.81058300
16.66695800
16.62570900
16.62437500
16.61820800
16.85029200
16.63400000
16.65775000
16.73208300
16.66816700
16.63070800
16.74787500
16.65600000
16.71466700
16.55591600
16.75704200
16.58800000
16.78216700
16.60095800
16.64458300
16.80408400
16.79104100
16.61366700
16.59470800
16.66220900
16.92537500
16.49458300
16.73562500
16.57929200
16.68512500
16.61170800
16.80379200
16.74908300
16.74341700
16.65254100
16.63350000
16.52641700
16.75979200
16.75454100
16.70183400
16.63545800
16.62437500
16.60408300
16.83312500
16.67950000
16.63512500
16.77654200
16.65320800
16.51191700
16.80895800
16.83150000
16.69325000
16.59645900
16.72475000
16.61475000
16.80016600
16.45112500
16.74620900
16.65262500
16.80587500
16.68045800
16.63625000
16.64525000
16.61670800
16.74650000
16.72800000
16.66620900
16.62458300
16.72595800
16.66045900
16.64075000
16.66520800
16.68754200
16.71995800
16.68570800
16.67700000
16.70962500
16.69220900
19.76941600
13.64358400
16.51141600
16.95066700
16.46037500
16.80954200
16.61125000
16.68791600
16.64041700
16.80241700
16.61950000
16.68225000
16.66391600
16.74000000
16.82470900
16.66245800
16.57987500
16.63620800
16.67504200
16.90987500
16.53504200
16.58162500
16.70662500
16.88337500
16.57287500
16.64941600
16.66641700
16.71433300
16.67162500
16.63579200
16.64229200
16.66600000
16.93337500
16.75679100
17.96254200
15.03908300
16.93425000
16.45575000
16.86900000
16.48633400
16.70983300
16.96145800
16.53966700
16.67112500
16.58250000
16.75870800
16.72575000
16.65220900
16.66200000
17.04058300
16.52079200
18.80870800
15.99362500
16.16254200
16.35612500
16.55129100
16.48412500
16.65341700
16.59766700
16.57345800
16.63783300
16.63708400
16.72462500
16.76758300
16.47291700
16.71450000
16.69862500
16.64058300
16.70470800
16.75916700
16.52141700
16.77658300
16.68325000
16.98091700
16.58675000
16.54070800
16.64895800
16.71025000
16.74908400
16.59229100
16.62975000
16.78450000
17.01991700
16.62779200
16.46870800
16.68712500
16.49950000
16.70891700
16.71325000
16.57604100
16.77358400
16.65462500
17.03558300
16.61387500
16.48750000
16.60225000
16.87195800
16.37883400
16.76183300
16.67962500
16.85825000
16.55270800
16.65900000
16.73554200
16.63566700
16.64500000
16.68062500
16.73954100
16.67158400
16.71475000
16.69087500
16.80491600
16.62045900
16.58925000
16.79233300
16.52395800
16.63737500
16.68983400
16.63879100
16.82904200
16.56241700
16.89383300
16.57362500
16.59795800
16.75608400
16.65041600
16.78175000
16.87850000
16.32304200
16.79545800
16.69787500
16.73937500
16.71612500
16.95033400
16.40354100
16.68800000
17.01445900
16.17500000
16.79083300
16.69379200
16.64579100
16.52529200
16.86937500
16.53941700
16.88270800
16.72020800
16.65920900
16.61412500
16.67341600
17.05500000
16.19470900
16.94179100
16.72729200
16.66579200
16.64825000
16.66495800
16.51129200
16.74875000
16.78316600
16.61850000
16.57162500
16.74204200
16.79345800
16.45554200
16.89050000
16.57654200
16.67162500
16.67654100
16.58829200
16.86316700
16.61787500
16.82233300
16.69591700
16.55791600
16.63154200
16.71500000
16.62629200
16.72154100
16.72937500
16.58812500
16.72566700
16.79804200
17.00658300
16.33941700
16.80283300
16.59604200
16.64808300
16.88804200
16.37954100
16.69787500
16.75279200
16.46037500
16.90720800
17.41404200
16.05750000
16.61925000
16.77225000
16.44625000
16.68254200
16.65858300
16.77983300
16.53345900
16.96587500
16.53808300
16.65608300
16.77195900
16.71816600
16.51029200
16.90475000
16.50145800
16.84162500
16.41366700
17.05908300
16.49383400
16.58275000
16.67754100
16.74441700
16.53433300
16.82233400
16.67908300
16.63245800
16.77212500
16.60712500
16.70991700
16.74016700
16.58454100
16.64816700
16.67287500
16.78500000
16.56933300
16.78591700
16.64720800
16.75608400
16.66087500
16.65404100
16.62475000
16.77433400
16.59325000
16.73970800
16.66220800
16.68629200
16.76583300
16.61212500
16.76129200
16.56400000
16.72420800
16.70129200
16.82329200
16.65108300
16.65287500
16.61370800
16.71183400
16.62545800
17.95483300
15.49179200
16.93325000
16.83279200
16.22512500
16.77454100
16.60862500
16.96933400
16.70912500
19.21708300
15.44570800
16.21654200
16.28320800
16.41100000
16.67016700
16.64791700
16.46891600
16.69391700
16.69195800
16.94345900
16.36462500
16.67291600
16.59279200
16.65141700
16.72583300
16.69154200
16.67783300
16.70954200
16.79025000
16.45708300
16.72700000
16.80308300
16.59733400
16.70904100
16.71095900
16.64466600
16.69479200
16.74508300
16.66195900
16.60716600
16.73850000
16.99620900
16.48600000
16.82262500
16.48141600
16.55720900
16.66000000
16.62916600
16.73600000
16.61462500
16.86291700
16.47508300
16.85487500
16.79829200
16.53241700
16.74483300
16.67841700
16.61291600
16.55566700
16.76904200
16.98325000
16.40312500
16.90500000
16.56604100
16.67766700
16.51308300
16.66741700
16.63900000
16.81504200
16.83408300
16.70079200
16.54145800
16.56120800
16.86325000
16.70420900
16.64050000
16.51529100
16.77183400
16.74175000
16.96462500
16.37950000
16.75337500
16.69337500
16.49870800
16.83441700
16.66304100
16.65070900
16.69604100
16.74970900
16.49633300
16.77129200
16.60887500
16.68341600
16.68916700
16.82241700
16.53312500
16.78300000
16.54600000
16.75558300
16.77095800
16.62645900
16.72454100
16.68895900
16.72183300
16.67266700
16.72766600
16.66195900
16.61791600
16.75962500
17.09954200
16.21629200
16.79404100
16.56466700
16.64750000
16.74795800
16.72516700
16.65929200
16.50566600
16.81645900
16.63129100
17.00954200
16.31633300
16.77495900
16.72487500
16.59179100
16.59041700
16.87662500
16.50254200
16.81879100
16.58725000
16.74645900
16.84683300
16.53704200
16.70300000
16.58487500
16.77137500
16.66604100
17.92241700
15.55058300
16.68795900
16.68620800
16.58166700
16.64350000
16.57816600
16.71662500
16.71212500
16.70870900
16.72370800
16.75591700
16.73737500
16.59066600
16.65350000
16.57545900
16.69312500
16.65191600
16.79433400
16.71837500
16.68516600
16.80825000
16.61416700
16.61308300
16.71041700
16.52483300
16.67816700
16.69245800
16.78383400
16.58183300
16.69862500
16.79512500
16.72312500
16.67716700
16.66712500
16.74387500
16.61554100
16.70004200
18.70475000
14.65954200
16.60125000
16.62933300
16.64645800
17.07304200
16.60358300
16.50300000
16.83912500
16.48987500
16.73391700
16.74204200
16.50658300
16.82195800
16.72025000
18.09116700
15.19962500
16.73212500
16.71595800
16.52379200
16.81583300
16.74904200
16.68054200
16.49408300
16.82312500
16.63800000
16.68591700
16.83837500
16.38475000
16.95520800
16.58716700
16.60995800
16.74337500
16.55975000
16.84104200
16.66633300
16.75395800
16.48308400
16.65758300
16.81358300
16.53529200
17.01466700
16.80495800
16.51608300
19.09200000
15.84300000
16.08283400
16.29945800
16.62050000
16.44937500
16.67191700
16.70741600
16.41854200
16.71633300
16.96437500
16.34808400
16.62258300
16.65995800
16.69883400
16.69812500
16.59370800
16.78850000
16.64795800
16.59325000
16.80108400
16.83287500
16.43666600
16.83000000
16.50620900
16.78616600
16.58270900
16.75541600
16.69995900
16.73370800
16.55154200
16.70037500
16.86758300
16.85454200
16.57491600
16.49675000
16.66941700
16.58058300
16.87000000
16.57095900
16.93895800
16.44241700
16.81350000
16.61283300
16.67854200
16.69904100
16.59125000
16.60562500
16.73512500
16.77679200
16.66550000
16.71416700
16.57541600
16.66004200
16.63029200
16.71912500
16.78608300
16.53158300
16.89920900
16.62454100
16.62066700
16.67995800
16.58491700
16.62045800
16.70683400
16.95454100
16.45054200
16.82087500
16.75950000
16.45050000
16.96058300
16.52645900
18.74808300
14.48195800
16.75666700
16.68070800
16.87770900
16.45758300
16.94012500
16.55808300
16.55425000
17.06279200
16.50337500
16.66837500
16.56629200
16.79379100
16.51425000
16.78500000
16.67704200
16.60679200
16.62304100
16.86000000
16.73520900
16.42304100
16.74358400
16.96345800
16.71104200
16.77012500
16.73258300
16.62495800
39.61991700
10.08704200
11.16645800
5.77212500
16.44041700
16.63483300
16.76383300
16.72075000
16.61729200
16.80933300
16.61170900
17.00500000
16.40200000
16.67050000
16.69775000
16.69800000
16.57537500
16.80441600
16.59425000
16.65708400
16.71475000
16.53870800
16.71000000
16.86645800
16.58900000
16.75337500
16.49662500
16.84470900
16.65837500
16.85300000
16.58825000
16.62629100
16.54987500
16.91887500
16.62091700
16.74620800
16.72275000
16.57250000
16.51945900
17.00200000
16.37579100
16.98766700
16.59866700
16.60129100
16.69025000
16.51529200
16.80833300
16.78141700
16.65029200
16.59520800
16.81825000
16.58912500
16.54745800
16.93758400
16.59350000
16.68212500
16.62666600
16.72045900
16.58904100
16.75812500
17.11108400
16.88966600
16.48175000
16.46929200
16.63445800
16.59266700
16.53591700
16.77645800
16.97279200
16.69366600
16.33662500
16.65179200
16.74212500
16.71150000
16.69941700
16.62516600
16.77491700
16.52775000
16.83358300
16.50125000
16.79433400
16.70650000
16.65145800
16.54645800
16.82925000
16.76750000
16.58670900
16.67033300
16.87041700
17.08312500
16.26125000
16.81558300
16.53100000
18.01195800
15.72437500
16.40266700
16.95891700
16.76266600
16.51191700
16.50279200
16.67608300
16.76983300
16.59508400
16.74229100
16.75983400
16.55204100
16.89716700
16.39525000
16.86779200
16.62912500
16.86754100
16.46387500
16.37633400
17.06508300
16.65520800
16.45816700
16.84245800
16.70787500
16.39000000
16.78112500
16.78150000
16.65708400
16.69283300
16.62158300
16.80083400
16.44008300
16.80845800
16.71791700
16.53091700
16.86554100
16.53287500
16.83758400
16.64695800
16.65725000
16.70333300
16.73525000
16.54054200
16.87262500
16.64200000
16.72054200
16.59479100
16.87500000
16.53216700
16.75854200
16.74575000
16.56550000
16.77054100
16.52095900
16.65904100
16.65350000
16.88712500
16.61387500
16.57387500
16.76295900
16.65775000
16.62495800
16.76583300
16.57825000
16.86058400
16.54304100
16.86370900
16.63579100
16.75858400
16.50779100
16.69983400
16.64345800
16.68350000
16.63550000
16.84200000
16.77345800
16.55216700
16.76462500
16.44583300
16.62670900
16.74037500
16.78441600
16.76970900
16.61766600
16.74120900
16.62195800
16.82204200
16.51929100
16.59362500
16.77833400
16.66345800
16.62937500
16.57270800
16.76229200
16.66070800
16.76900000
16.78916700
16.64150000
16.93933300
16.72333400
16.33779100
16.81583400
16.52320800
16.60816700
16.79887500
16.74375000
16.71700000
16.70425000
16.48458300
16.75075000
16.85720800
16.38662500
16.90787500
16.60925000
16.85504200
16.59404200
16.73179100
16.58920900
16.55741600
16.83379200
16.70816700
16.57316600
16.82879200
16.46162500
16.66395800
16.71195900
16.64645800
17.06575000
16.56029200
16.50875000
16.81454100
16.52525000
16.88191700
16.69100000
16.62808300
16.65554200
16.60337500
16.80383300
16.65437500
16.60287500
16.51225000
16.79837500
16.78904200
16.66079200
16.71079100
16.48387500
16.96254200
16.53370800
16.50375000
16.85683400
16.66470800
16.72937500
16.85741700
16.47670800
16.79429200
16.59783300
16.66358300
16.72450000
16.55375000
16.62237500
16.97529200
16.53829200
16.69795800
16.53404200
16.83812500
16.65483300
16.81029200
16.53775000
16.87187500
16.50583300
16.88245800
16.45766700
16.85254200
16.58495800
16.69254200
16.48700000
16.89595800
16.61941700
16.82375000
16.44704100
16.71237500
16.82408400
16.46737500
16.80433300
16.73029200
16.65633300
16.77441700
16.73245800
16.61516700
16.65570800
16.65162500
16.67545800
16.74454200
16.58120800
16.76633400
16.69529100
16.69762500
16.52970900
16.61079100
16.84262500
16.65379200
16.63758300
16.53304200
16.79645800
16.66975000
16.63970900
16.92958300
16.60587500
16.56658300
16.75737500
19.49075000
13.81683400
16.68837500
16.66016600
16.65729200
16.82116700
16.61045800
16.64433300
16.69937500
16.69525000
16.69183400
16.65412500
16.74279100
16.62720900
16.70837500
16.70612500
18.64891600
14.66587500
16.75687500
16.69345900
16.62108300
16.72166700
16.66641600
16.60095900
16.74637500
16.59775000
16.73350000
16.65670800
16.73195800
16.64666700
16.70575000
16.62470800
16.81708400
16.58766600
16.69912500
16.71204200
16.64712500
16.92429200
16.59508300
16.56075000
16.66141700
16.74741600
16.62262500
16.83162500
16.66062500
19.04029200
15.95133300
16.20712500
16.16216700
16.51970800
16.56095900
16.69491600
16.67295900
16.52170800
16.60804200
16.82158300
16.81191700
16.39979100
16.61912500
16.65345900
16.72408300
16.68637500
16.64129200
16.76783300
16.60383300
16.76250000
16.57791700
16.80333300
16.74295900
16.64650000
16.63362500
16.66325000
16.66908300
16.60287500
16.67579200
16.74641600
16.71666700
16.91329200
16.44075000
16.75987500
16.55258300
16.63833300
16.62312500
16.76141700
16.67900000
16.56433300
16.88637500
16.50870900
16.80500000
16.61466600
16.73445900
16.64325000
16.85312500
16.52241600
16.77408400
16.71379100
16.58166700
16.85483300
16.50775000
16.70045900
16.69133300
16.60416700
16.70291600
16.80470900
16.65416600
16.63829200
16.91879200
16.37870800
16.77675000
16.69775000
17.37595800
15.91379200
16.74029200
16.66058300
16.61912500
16.83220800
16.69175000
16.62629200
16.75316700
16.57116600
16.64366700
16.77695800
16.53725000
16.71858400
16.82075000
16.72529100
16.57062500
16.79712500
16.54179200
16.66312500
16.76166700
16.66683300
16.54741700
16.90745800
16.64329200
16.58637500
16.68941600
16.70991700
16.64929200
16.74458300
16.70445800
16.66300000
16.65691700
16.68416700
16.67666600
16.66145900
16.76400000
16.59391600
16.66625000
16.82220900
16.55958300
16.86870800
16.68320900
16.47562500
16.73000000
16.65266600
16.68091700
16.85179200
16.53379100
16.73141700
16.70591700
16.60225000
16.75270800
16.64170800
16.65570900
16.65437500
16.86150000
16.72791600
16.41975000
16.68829200
16.70383300
16.77775000
16.66470900
16.73437500
16.59729100
16.82266700
16.77525000
16.47700000
16.62812500
16.65283300
16.68858400
16.84400000
16.74558300
16.39541700
16.78079100
16.90325000
16.55500000
16.66375000
16.75745900
16.56566600
16.69750000
16.63512500
16.63183400
16.80404100
16.93062500
16.51066700
16.66279200
16.59387500
17.21579100
16.57295900
16.53679100
16.32220900
16.83608300
17.10675000
16.11766700
16.69745800
17.06045800
16.47991700
16.66720800
16.68287500
16.49495900
16.84033300
16.94429200
16.33141600
16.77200000
16.54958400
17.00625000
16.69670800
16.64220800
16.42808400
16.79887500
16.53850000
16.76795800
16.61612500
16.92670800
16.45562500
16.80650000
16.56220900
16.61491600
16.72887500
17.10008400
16.36075000
16.72925000
16.63304100
16.72883400
16.87058300
16.47562500
16.56758300
16.85633400
16.79337500
16.48466600
16.67329200
16.63258300
16.68662500
16.85825000
16.49825000
16.65829200
16.70487500
16.82529200
16.56725000
16.61720800
16.77800000
16.69062500
16.61766700
17.17141600
16.50425000
19.07187500
15.45612500
16.38470900
16.40250000
16.53166600
16.49212500
16.66908400
16.42420800
16.72004200
16.73366600
16.62691700
16.63970800
16.62679200
16.55741700
17.14795800
16.29916700
16.67116600
16.93841700
16.38366700
16.69362500
16.84766600
17.00925000
16.68779200
16.37912500
16.65487500
16.75950000
16.60166700
16.62454100
16.56862500
16.90100000
16.71100000
16.45837500
16.97433400
16.51266600
16.67583400
16.68520800
16.47341700
16.73429100
16.91562500
16.69533400
16.53870800
16.65329200
16.52454100
16.80500000
16.69195900
16.61287500
16.73020800
16.69058300
16.64879200
16.76912500
16.60041700
16.75954100
16.50200000
16.94950000
16.59154200
16.64254200
16.63641600
16.78370900
16.59454100
16.79004200
16.61787500
16.67054200
16.66633300
16.61812500
16.73104200
16.72129100
16.79520900
16.58016600
16.56779200
17.11341700
16.25795800
16.83841700
16.64041600
16.59562500
16.71995900
16.72566600
16.66845900
16.80595800
16.56208300
16.58775000
17.58404200
15.96825000
16.64637500
16.80025000
16.55645800
16.65941700
16.65700000
16.60883300
16.68545900
16.77475000
16.70554100
16.63283400
16.68212500
16.75700000
16.59700000
16.64141600
16.72183400
16.77066600
16.64300000
47.28400000
51.94550000
7.04687500
12.54166700
12.54062500
6.17545800
6.07708400
6.08162500
10.61329100
6.40675000
16.99695900
16.39500000
16.75325000
16.67416600
16.79550000
16.58791700
16.57804200
16.79120800
16.56987500
16.81729200
16.62225000
16.70841600
16.78395900
16.60433300
16.61066700
16.80145800
16.70679200
16.61804100
16.81895900
16.74775000
16.96658300
16.20308300
16.75958400
16.46191600
16.85545900
16.75816600
16.56258400
16.71279100
16.63450000
16.73916700
16.87441700
16.74779100
16.63387500
16.57266700
16.66912500
16.70162500
16.97037500
16.57316700
16.65358300
16.42466700
16.93179100
16.36370900
16.64433300
16.93612500
16.56370800
16.62950000
16.69245900
16.77800000
16.52487500
16.64200000
16.86054100
16.64116700
16.71883300
16.68804200
16.66333300
16.65812500
16.71350000
16.59791700
16.58316700
16.91066600
16.54429200
16.62495800
16.84475000
16.62208400
16.69441600
16.69316700
16.70654200
16.58741600
16.66241700
16.66408300
16.66158400
16.79729100
16.55416700
16.79520800
16.75220900
16.59900000
16.70837500
16.71970800
16.70408300
16.52212500
17.09454200
16.52083300
16.57616700
16.58804200
16.74900000
16.76945800
18.19479200
15.13733300
16.65716700
16.73683300
16.60479200
17.98587500
16.29437500
17.96195800
16.36579200
16.02466600
16.26050000
16.46058400
16.85025000
16.70933300
16.85608300
16.62066700
16.18841700
16.53295800
16.48325000
16.68637500
16.76612500
16.86104200
16.51312500
17.13195800
16.45991700
16.61029100
16.57912500
16.71325000
16.53091700
17.00129200
16.62712500
16.52216600
16.73900000
16.62891700
16.60116700
16.81554100
16.71058400
16.54841600
16.55733400
16.78100000
16.68537500
16.66837500
16.69041600
16.67658400
16.66283300
16.71604200
16.80575000
16.53812500
17.04641600
16.35487500
16.70300000
16.94416700
16.34425000
16.72941700
16.62508300
17.12112500
16.37233300
16.89070900
16.65270800
16.40216700
16.66691600
16.82808400
16.57416600
16.67345900
16.56537500
16.86258300
16.55362500
16.86454200
16.57795800
16.69220800
16.57545900
16.61741600
16.73875000
16.68395900
16.80141600
16.71129200
16.69220800
16.57104200
16.67491700
16.77641600
16.74412500
16.60170900
16.78091600
16.57966700
16.87850000
16.56037500
16.58200000
16.72641700
16.57479100
16.68100000
16.77854200
16.86908300
16.56433400
16.70587500
16.61945800
16.65029200
16.71979100
16.78208400
16.58162500
16.51937500
16.95345800
16.52616700
16.77358300
16.66379200
16.63079100
16.69966700
16.62979200
16.67191600
16.68770900
16.77308300
16.69400000
16.70120800
16.46283400
16.85441600
16.94737500
16.43450000
16.75904200
16.43433300
16.69070900
16.85620800
16.77529200
16.42558300
16.88004200
16.46754100
16.80437500
16.95116700
16.53808300
16.57020900
16.60783300
16.84345800
16.63745900
16.68358300
16.55704200
16.62775000
16.74729100
16.82904200
16.63491700
16.58137500
16.75666600
16.68479200
16.59408300
16.66670900
16.88975000
16.69312500
16.80091600
16.30683400
16.88675000
16.66629100
16.63645900
16.67204100
16.80083400
16.59858300
16.71062500
16.65075000
16.58287500
16.77866700
16.67683300
16.59566700
16.99608300
16.33491700
16.78808300
16.67112500
16.77275000
16.56550000
16.82395800
16.63987500
16.62866700
16.69891700
16.65154100
16.76316700
18.21875000
15.12154200
16.54083300
16.76995800
16.71616700
16.78175000
16.64500000
16.43541700
16.94162500
16.50908300
17.01337500
16.54133300
16.66141700
16.65504200
16.65104100
16.99420900
16.41733300
16.65883300
16.77758400
16.42479100
16.78354200
16.62504200
16.85287500
16.69633300
16.67108300
16.70566700
16.44783300
16.89537500
16.64695900
16.66366600
16.76358400
16.65241600
16.64616700
16.73100000
16.64091700
16.64741600
16.82795900
16.56600000
16.54041600
16.79575000
16.74079200
16.71966700
16.72154100
16.75945900
16.38566600
16.79420900
16.66029100
16.66591700
16.72816700
16.57400000
16.77141600
16.74054200
16.71779200
16.48083300
16.87666700
16.64895800
16.54683300
16.79120900
16.73579100
16.73395900
16.63433300
18.47662500
14.90212500
19.66833300
15.41045900
15.94612500
16.36633300
16.69675000
16.42433300
16.54700000
16.61425000
16.67641700
16.61679200
16.76987500
16.57875000
16.93854100
16.44975000
16.82750000
16.55762500
16.51395900
16.67562500
16.64083300
16.72408300
16.74312500
16.69762500
16.51987500
16.72170900
16.62358300
16.78483300
16.73754200
16.71050000
16.58491700
16.64308300
16.76295800
16.87950000
16.56712500
16.66987500
16.71562500
16.83104200
16.81245800
16.43212500
16.38408400
16.79258300
16.79120800
16.46550000
16.78637500
16.74245900
16.70254100
16.50800000
16.94041700
16.46316700
16.77091600
16.66579200
16.74416700
16.71754100
16.70945900
16.64108300
16.59908300
16.73116700
16.64850000
16.70495800
16.70312500
16.52762500
16.66716700
16.87933300
16.63041700
16.64979200
16.77141600
16.64033400
16.54741600
16.87279200
16.71600000
16.57016700
16.81650000
16.42437500
16.92750000
16.74120800
16.67470800
16.59508400
18.34116600
15.22225000
16.44462500
16.68654200
16.67208300
16.60391700
16.76679200
16.64904100
16.69750000
16.65229200
16.59308300
16.76858400
16.68112500
16.80350000
16.73216600
16.66475000
16.64029200
16.66987500
16.66445800
16.68375000
16.60783400
16.69404100
16.68937500
16.73933400
16.77295800
16.60650000
16.70416700
16.71050000
16.55195800
16.71691700
16.76012500
16.73325000
16.64825000
16.61741600
16.73629200
16.57100000
16.66758300
16.78070900
16.61683300
16.66129200
16.68037500
16.58029100
16.84633400
16.68970800
16.73433300
16.74812500
16.51870900
16.68516600
16.68758400
16.68837500
16.75416600
16.75370900
16.63170800
16.67345800
16.64550000
16.70475000
16.73066700
16.69895800
16.70908400
16.66304100
16.66191700
16.59562500
16.55695800
16.81391700
16.80783300
16.68970900
16.51120800
16.70791700
16.71225000
16.73133300
16.62808300
16.61820900
16.79708300
16.53591700
16.95858300
16.60800000
16.64487500
16.66400000
16.62125000
16.74495800
18.55745900
14.79491600
16.60545900
16.52508300
16.89829200
16.69383300
16.46845800
16.76762500
16.79562500
16.69662500
16.62250000
18.01645900
15.43479100
16.49841700
16.92054200
16.68516600
16.52325000
16.70900000
16.71029200
16.90941700
16.49712500
16.52254100
16.84845900
16.58779100
16.73341700
16.72904200
16.63662500
16.77266600
16.48650000
16.75425000
16.77533400
16.69479100
16.67475000
16.75729200
16.62970800
16.64500000
16.82041700
16.65787500
16.66170800
16.56820900
16.73091600
16.55545900
16.87583300
18.06075000
15.16333300
16.75358400
16.66762500
16.51812500
16.76287500
16.58987500
17.18925000
16.28687500
19.00500000
15.44441600
16.65345900
16.65445800
16.26633300
16.59629200
16.51833300
16.55408400
16.72120800
16.49379200
16.73787500
16.64325000
16.78445800
16.59470800
16.74870900
16.65358300
16.59129200
16.71833300
16.75183300
16.72520900
16.63904100
16.71791700
16.62383300
16.72275000
16.66662500
16.71850000
16.65516700
16.66029200
16.81866600
16.70237500
16.60879200
16.74904200
16.78604100
16.80520900
16.78325000
16.39904100
16.56916700
16.54591700
16.57066600
16.74920900
16.80979100
16.62370900
16.69204100
16.67245900
16.67050000
16.82670800
16.57645800
16.75200000
16.48970900
17.28266600
16.35466700
17.13516700
16.23720800
16.92908300
17.69862500
18.27412500
13.76283400
16.81550000
16.72750000
16.52545800
16.81687500
16.64262500
16.96941700
16.36012500
16.70737500
17.05925000
16.41566600
16.45291700
16.66129200
16.80983300
16.64229200
17.50912500
16.66133300
16.54291700
16.12379100
17.05645900
16.78316600
16.14729200
16.48300000
16.77683300
16.54583400
16.78625000
16.59583300
16.69220800
16.72033400
16.78520800
16.38875000
16.76370800
16.68058400
16.74454100
16.74620900
16.49054100
16.81700000
16.64179200
16.67591700
16.73612500
16.66375000
16.67208300
16.61183300
16.76741700
16.68387500
16.65883300
16.78837500
16.50362500
16.76650000
16.74508400
16.69958300
16.60179200
16.65641600
16.72970900
16.52545800
17.05841700
16.47958300
16.71016700
16.64966600
16.58312500
16.62608400
16.78116600
16.75675000
16.64154200
16.65033300
16.74237500
16.52404200
16.84070800
16.69670900
16.74783300
16.56308300
16.69200000
16.58370900
16.79895800
16.69491700
16.62945800
16.75733300
16.63575000
16.63683400
16.87266600
16.50541700
16.61337500
16.79745800
16.61775000
16.68579200
16.66479200
16.72133300
16.68350000
16.73083300
16.67008400
16.65508300
16.60762500
16.77920800
16.58029200
16.75575000
16.70100000
16.73587500
16.69225000
16.50604200
16.85666600
16.91437500
16.71070900
16.62304100
16.85262500
16.14562500
16.71666700
16.83608300
16.52487500
16.89583400
16.63645800
16.64295800
16.93054200
16.56929200
16.50250000
16.66579100
16.82216700
16.73141700
16.64020800
16.50391700
16.84050000
16.48629100
16.83708400
16.65675000
16.69133300
16.75412500
16.51983300
16.86320900
16.90550000
16.48337500
16.83020800
16.41258300
16.65450000
16.71154200
16.63258300
16.67062500
16.89595900
16.59775000
16.76254100
16.55170900
17.78250000
15.61445800
16.72941700
16.56045800
17.99929200
15.42862500
16.59958300
16.88987500
16.73137500
16.52962500
16.70412500
16.54766700
16.92058300
16.45858300
16.73879200
16.71704200
16.66233300
16.67608300
16.61595900
16.68412500
16.83920800
16.53329200
16.65941600
16.72525000
16.63508400
16.76883300
16.63508300
16.66670900
16.74558300
16.68016700
16.74441600
16.56637500
16.77358400
16.56241600
17.11508400
18.03412500
17.11679100
15.61616700
16.82025000
16.31266700
16.29912500
16.70300000
16.62245800
16.72791700
16.48954100
16.74133400
16.73054100
16.72204200
16.57462500
16.51745800
16.75125000
16.61220900
16.71466600
16.59529200
16.77354200
16.57150000
16.75291600
16.87258400
16.52687500
16.64612500
16.72366600
16.71916700
16.55116700
16.65612500
16.70108300
16.63470800
16.75250000
17.01504200
16.66283300
16.51962500
16.71275000
16.47104200
16.76550000
16.69950000
16.64504200
16.87137500
16.44100000
16.66650000
16.92450000
16.58304100
16.60329200
16.69329200
16.86541600
16.31741700
17.06316700
16.94208300
16.54758300
16.80025000
19.08508400
22.11570800
8.78229200
16.42970800
16.50662500
16.77854200
16.80537500
16.52212500
16.70100000
16.70783300
16.69750000
16.56808300
16.58012500
16.77925000
16.81966700
16.84125000
16.49487500
16.65691700
16.61537500
16.85954100
16.63225000
16.67345900
16.60075000
16.72104100
16.49466700
16.82420800
16.70483400
16.52375000
16.73133300
16.96691700
16.59145800
16.46804200
16.70279100
16.74541700
16.80083300
16.68916700
16.45050000
16.84804200
16.57470800
16.67037500
16.74429200
16.86291600
16.59287500
16.65216700
16.68100000
16.76066700
16.62345800
16.79691700
16.50145800
16.80220800
16.85087500
16.49220900
16.70612500
16.69333300
16.68929200
16.73325000
16.72620800
16.62483300
16.51566700
16.84787500
16.79229200
16.56566600
16.69475000
16.73112500
16.83725000
16.90175000
16.54583400
17.02041600
16.98654200
15.75308300
16.48654200
16.85062500
16.62191700
16.50312500
16.82041600
16.74004200
16.76800000
16.51291700
16.74029100
16.89795900
16.51658300
16.63491700
16.80200000
16.50808300
16.65287500
16.71366700
16.69725000
16.65000000
16.78737500
16.62125000
16.73825000
16.61454100
16.70795900
16.66620800
16.62920800
16.61866700
16.83670800
16.52175000
16.76608400
16.58537500
16.71808300
16.71900000
16.69412500
16.74925000
16.52504200
16.80950000
16.69433300
16.68166700
16.64900000
16.62066600
16.86333400
16.55020800
16.78491700
16.55066600
16.72012500
16.74645900
16.68787500
16.59887500
16.70716600
16.71641700
16.95950000
16.50670800
17.17187500
16.26441700
16.70258300
16.52500000
16.67325000
16.67587500
16.57187500
16.76237500
16.79854200
16.58908300
16.69529200
16.67979200
16.67479100
16.70370900
16.72679100
16.63162500
16.76925000
16.81533400
16.52608300
16.63429200
16.68437500
16.62162500
16.74079100
16.62291700
18.17158300
15.25975000
16.81487500
16.48387500
16.74895900
16.74720800
16.51037500
16.80195800
16.51016700
16.81183300
16.68637500
16.62466700
16.75633300
18.12933400
15.33129100
16.52454200
16.80629200
16.64704100
16.75245900
16.73695800
16.45370800
16.83008400
16.62445800
16.67079200
16.78762500
16.67595800
16.59125000
16.68145800
16.70500000
16.67850000
16.86108400
16.49241600
16.56454200
16.77758300
17.50362500
15.97629200
16.71920800
16.67875000
16.49937500
16.74525000
16.57979200
16.85566700
16.89375000
16.52087500
19.00641600
15.96529200
15.98858300
16.47775000
16.56612500
16.62408400
16.48641600
16.61383400
16.56533300
16.89904200
16.42141600
16.55487500
16.73295900
16.63420800
16.77195800
16.58970900
16.78570800
16.55695800
16.87733400
16.69183300
16.45129200
16.73195800
16.72116700
16.74125000
16.57200000
16.70541600
16.67520900
16.69925000
16.72241600
16.55291700
16.88916700
16.57483300
17.03129200
16.43595800
16.67266700
16.84429100
16.23712500
16.66004200
16.81562500
16.86304200
16.57579100
16.65387500
16.54950000
16.69670900
16.70066600
16.77383400
16.78691600
16.57404200
16.66979200
16.66862500
16.93075000
18.13695800
15.35745800
16.39416700
16.73841700
16.63554100
16.64604200
16.54900000
16.74395800
16.67183400
16.77241600
16.75383400
17.41058300
19.11975000
13.71900000
17.34308300
16.60087500
19.00900000
13.57012500
16.85304200
16.34000000
16.70850000
16.67258300
17.09637500
16.30133400
16.65708300
16.65829200
16.89445800
16.47816700
16.80550000
16.78854100
16.42220900
16.69366600
16.85208400
16.60154100
16.61541700
16.83808300
16.49525000
16.84229200
16.72070800
16.64012500
16.72745900
16.54275000
16.78150000
16.63862500
16.75141600
16.46375000
16.92108400
16.52479100
16.93262500
16.43912500
16.70091700
16.63991700
16.78058300
16.79995800
16.56529200
16.86291700
16.45945800
16.75775000
16.66516700
16.76637500
16.63891600
16.50158400
16.84916600
16.67000000
16.77125000
16.45908400
16.73833300
16.66712500
16.91125000
16.55662500
16.75275000
16.60075000
16.74191700
16.55016600
16.67191700
16.65854200
16.88062500
16.62966600
16.75366700
16.63295800
16.66858400
16.87100000
16.44845800
16.78620800
16.64529200
16.58233300
16.55783400
16.99387500
16.40650000
16.77062500
16.82420800
16.58691700
16.67045800
16.78362500
16.44641700
16.92604100
16.66675000
16.45408400
16.85308300
16.70545800
16.65745900
16.71604100
16.64558400
16.56162500
16.79220800
16.57216700
16.83812500
16.70404100
16.56254200
16.61350000
16.82612500
16.66891700
16.71016600
16.61512500
16.70925000
16.74045900
16.60670800
16.88279200
16.50600000
16.98816600
16.47295900
16.71962500
16.56258300
16.56216700
16.67104100
16.76291700
16.70850000
16.68075000
16.57125000
16.97120800
16.54991700
16.80825000
16.57500000
16.57050000
16.78595800
16.67216700
16.71595800
16.64387500
16.96516700
16.37495800
16.76595900
16.68591600
16.75770900
16.58229100
16.61091700
16.76725000
16.67866700
16.99054100
16.59354200
16.71575000
16.62008300
16.47650000
16.64187500
16.66216700
16.76291700
16.87987500
16.63975000
17.23991600
16.63962500
16.70541700
16.48604200
16.58733300
16.42808300
16.69195900
16.68791600
16.69220900
16.63341600
16.80545900
16.79479100
18.25695900
14.82291600
16.73654200
16.68300000
16.65112500
16.63241700
16.71504100
16.68187500
16.63479200
16.79566700
16.86804100
16.41879200
16.85258300
16.50141700
16.70241700
16.68179100
16.59912500
16.74987500
16.58791700
16.78829200
17.12700000
16.44704100
16.62187500
16.56012500
16.47891700
16.83329200
16.67775000
16.73133300
16.58108300
16.92625000
16.53041700
16.64554200
16.74375000
16.71845800
16.46229200
16.79491600
16.64050000
16.79566700
16.66583300
16.68104200
16.58279200
16.72525000
16.68637500
16.72175000
16.63891600
16.56983400
16.90670800
16.41245800
16.86208400
16.76520800
16.43579200
16.69458300
16.84237500
16.65295800
16.56383400
16.89654100
16.52133400
16.70029100
16.63091700
16.86954200
16.66875000
16.66745800
16.62633300
16.66529200
16.80687500
16.63179200
16.67179100
16.75845900
16.63729100
16.66733400
16.84787500
16.60500000
16.46991600
16.67108400
16.64616600
16.85004200
16.74270800
16.71916700
16.52033300
16.85433400
16.94187500
16.53070800
16.50666700
16.55345800
16.77391700
16.63920800
16.71937500
16.75633300
16.65370900
16.75525000
16.54154100
16.76604200
16.66312500
16.54037500
16.73200000
16.74104200
16.51525000
16.71745800
16.83954200
16.67979100
16.79458400
16.55195800
16.69241700
16.50520800
16.88991700
16.53979100
16.83212500
16.51670900
16.79770800
16.77062500
16.53766700
16.73595800
16.70958300
16.54225000
16.79800000
16.55075000
16.70591700
16.82104200
16.73154100
16.69483400
16.63158300
16.64616700
16.74120800
16.83287500
16.47066700
16.68700000
16.77766600
16.57241700
16.69045800
16.68479200
16.90950000
16.76900000
16.45895800
16.73125000
16.64095900
16.67466600
16.63550000
16.72825000
16.58995900
16.86433300
16.51050000
16.70345800
16.71583400
16.71570800
16.65191700
16.72137500
16.72308300
16.56491700
16.53620800
17.02812500
16.47950000
16.65187500
16.73716700
16.63508300
16.61975000
16.79462500
17.01829200
16.63716600
16.45500000
16.74820900
16.45287500
16.96958300
16.49000000
16.62029200
16.90483300
16.59075000
16.68970800
16.60641700
16.66787500
16.70700000
16.67620800
16.70391700
16.60600000
16.86141700
16.44095800
16.74975000
16.70904200
16.70245800
16.75975000
16.76183300
16.42100000
16.84975000
16.63712500
16.70483400
16.77975000
16.55233300
16.61216700
16.86708300
16.44633300
16.78708400
16.89329100
16.68354200
16.59975000
16.62291700
16.49508300
16.80845800
16.97712500
16.57445900
19.92650000
14.98125000
16.12812500
16.23804100
16.66058400
16.45937500
16.70879100
16.65229200
16.38650000
16.73645800
16.68670900
16.81579100
16.49245900
16.73045800
16.74233300
16.64820900
16.57429100
16.64491700
16.76887500
16.75825000
16.62616700
16.59125000
16.70933300
16.60962500
16.83800000
16.55537500
16.65337500
16.61729200
16.95187500
16.53062500
16.78583300
16.68354200
16.81041600
16.54416700
16.96662500
16.47733300
16.45754200
16.76958300
16.73962500
16.55300000
16.98554200
16.61595800
16.56320900
16.67337500
16.75050000
16.59691600
16.75337500
16.42600000
16.90683400
16.61575000
16.63900000
16.71004100
16.79345900
16.48925000
16.85004100
16.70608400
16.48237500
16.73558300
16.53129200
16.98366600
16.45875000
16.78220900
16.59820800
16.80887500
16.53200000
16.77720800
16.59620900
16.85683300
16.58537500
16.71950000
16.63058300
16.80316700
16.64091700
16.72137500
16.69920800
16.60629200
16.62637500
16.88666600
16.51220900
16.72545800
16.69895800
16.61941700
16.76675000
16.43600000
16.97391700
16.41729100
16.86433400
16.69020800
16.50175000
16.83741700
16.71783300
16.58862500
16.83083300
16.42437500
16.88854200
16.51529200
16.84233300
16.64737500
16.68904200
16.62233300
16.73220800
16.58204200
16.78570800
16.64804200
16.69050000
16.64975000
16.74429200
16.71037500
16.81795800
16.51870800
16.77050000
16.60445900
16.76991600
16.70141700
16.63862500
16.56562500
16.68520800
16.77854200
16.62629200
16.90600000
16.46195800
16.80587500
16.61816700
16.68541600
16.64479200
16.68387500
16.66245800
16.59908400
16.84158300
16.66941700
16.69495800
16.65800000
17.20475000
16.20920800
16.51283400
16.89895800
16.56650000
16.72779200
16.64770800
16.76929200
16.76087500
16.56850000
16.66687500
16.69375000
16.60962500
16.71370800
16.58829200
16.77841600
16.54275000
16.87037500
16.64095900
16.72225000
16.59945800
16.67229200
16.82275000
16.59679100
16.51316700
16.73475000
16.63283300
16.81783400
16.59929100
16.81262500
16.49125000
17.05495900
16.70529100
16.66350000
16.58541700
16.60158300
16.84037500
17.67987500
15.98741700
16.08562500
16.97583300
16.60725000
16.56116700
16.56050000
16.80958300
16.54620900
16.77375000
16.84645800
16.47112500
16.80591700
16.57908300
16.94754200
16.43162500
16.79508300
16.49912500
16.81579200
16.70500000
16.46441600
16.72704200
16.99737500
16.53862500
16.69637500
16.63783300
16.66625000
16.72675000
16.62633400
16.69245800
16.54737500
16.73266700
16.80058300
16.57525000
16.68962500
16.66925000
16.78141700
16.54225000
16.76654100
16.57775000
16.77875000
16.62958400
16.76283300
16.67750000
16.69679200
16.71179100
16.60641700
16.63941700
16.79191600
16.65950000
16.71904200
16.59770800
17.57404200
15.98754200
17.15795800
16.34933300
16.67350000
16.62004200
16.80304200
16.68591600
16.49341700
16.66658300
16.86504200
16.75495800
16.73816700
16.58429200
16.70195800
16.66766700
16.72129100
16.61804200
16.42383300
16.94895900
16.60191600
16.51454200
16.68600000
16.63275000
16.75087500
16.79375000
16.63212500
16.64366700
16.64012500
16.79125000
16.73712500
16.45462500
16.84250000
16.59550000
16.77608300
16.58612500
16.72629200
16.84150000
16.53733300
16.64470800
16.91975000
16.53087500
16.63900000
16.65329200
16.73391700
16.65883300
16.85220800
16.58362500
16.59758400
16.66929100
16.56083400
16.70458300
16.69108300
16.65933400
16.61554100
16.77783400
16.66270800
16.63079200
16.77950000
16.67183300
16.88550000
18.40266700
14.91620800
16.48470800
16.64675000
16.65691700
16.81908300
16.62829200
16.76512500
16.68954200
16.79437500
16.67237500
16.47266600
16.67512500
16.65016700
16.76175000
16.68029200
16.67454100
16.71425000
16.58491700
16.84287500
16.67904200
16.66541600
16.62108400
16.57912500
16.79820800
16.65562500
16.70308300
16.67441700
16.89283300
16.41270900
16.79575000
16.98383300
16.35516700
16.59375000
16.74041600
16.75637500
16.65183400
16.64850000
16.69854100
16.72516700
16.57208300
16.76370900
16.66345800
16.73866700
16.49841600
16.84104200
16.69175000
16.62570800
16.70279200
16.62329200
16.74437500
16.69554100
16.58925000
16.74708400
16.64825000
16.65908300
16.70254200
16.70570800
16.87645800
16.70641700
16.64745800
16.70737500
16.63158400
16.54104100
16.88729200
16.65533300
16.70679200
16.60212500
16.73375000
16.48891700
16.90600000
16.68420800
16.48150000
16.72725000
16.78933300
16.58758400
16.73720800
16.65491700
16.59258300
16.84579200
16.63250000
16.65650000
16.67462500
16.68937500
16.65983300
16.75891700
16.54541600
16.71400000
16.85529200
16.73362500
16.45666700
16.84887500
16.49729100
16.65879200
16.66470800
16.72445900
16.70725000
16.62925000
16.78308300
16.63675000
16.70116700
16.62604100
16.67845900
16.68933300
16.66866700
16.80375000
16.66375000
16.71354100
16.70554200
16.55916700
16.72520800
16.66354200
16.60758300
16.80241700
16.66029100
16.70545900
16.69566600
16.66133400
16.66704100
16.80162500
16.55016700
16.64579200
16.70500000
16.65354100
16.71770900
16.74708300
16.66037500
16.67108300
16.67329200
16.75170800
16.84600000
16.62704200
16.65766700
16.63466600
16.57029200
16.61054200
16.75179100
16.72120900
16.82687500
16.67558300
16.80095800
16.60162500
16.60991700
16.73504200
16.69920800
16.50262500
16.76750000
16.68366700
16.86000000
16.63858300
16.39904200
16.88637500
16.79200000
16.48579100
16.64304200
16.79637500
16.47312500
16.89995800
16.73037500
16.54304200
16.72437500
16.66154200
16.63141600
16.78991700
16.87558300
16.45775000
19.51650000
15.44504200
16.17654200
16.26520800
16.47900000
16.64058300
16.47800000
16.62908400
16.64091600
16.59762500
16.88937500
16.53804200
16.62658300
16.78316700
16.65004200
16.59662500
16.55783300
16.88279200
16.53870800
16.76933300
16.79445900
16.59083300
16.54304200
17.02133300
16.85150000
16.53916700
16.49712500
16.60354100
16.66754200
16.64916700
16.72995800
16.91312500
16.66325000
16.71262500
16.71354200
16.42070800
16.66800000
16.51041700
16.74575000
16.78816600
16.56170900
16.79775000
16.98591600
16.54162500
16.59191700
16.70520800
16.45512500
16.85333400
16.63641600
16.67804200
16.61766700
16.75750000
16.72591600
16.67687500
16.58712500
16.61841700
16.86162500
16.62787500
16.66962500
16.71795800
16.68608400
16.69475000
16.66208300
16.66137500
16.69512500
16.73245800
16.63250000
16.79216700
16.61354200
16.56708300
16.78600000
16.67466700
16.66962500
16.65883300
16.80212500
16.59587500
16.57600000
16.76733300
16.72162500
16.72308400
16.66058300
16.63754200
16.67608300
17.13091700
16.34375000
16.67841600
16.75016700
16.49466700
16.65116600
16.65987500
16.64450000
16.75529200
16.66366700
16.88812500
16.62841600
16.57579200
16.68816700
16.72587500
16.65312500
16.61241600
16.66937500
16.79787500
16.73112500
16.67933400
16.57216600
16.60766700
16.83454200
16.72604100
16.49008400
16.85466600
16.66120900
16.65225000
16.75604100
16.72200000
16.59187500
16.64250000
16.68670900
16.72020800
16.65525000
16.73858300
16.63141700
16.59970800
16.76691700
16.76812500
16.68483300
16.61262500
16.87812500
16.38045900
16.68754100
16.70354200
16.68745800
16.79666700
16.60037500
16.88266700
16.49095800
16.66200000
16.88112500
16.39750000
16.74745800
16.87666700
16.46008300
16.83016700
16.73858300
17.06595900
16.33941600
16.68470900
16.49504100
16.80470900
16.62766600
16.64966700
16.68887500
16.80154200
16.50895800
16.84116700
16.70562500
16.60645800
16.65141700
16.74516600
16.55737500
16.75100000
16.70445900
16.53966600
17.08170900
16.42166600
16.70862500
16.60891700
16.72983300
16.68862500
16.55816700
16.82454200
16.65587500
16.76333300
16.53629200
16.73504100
16.61379200
16.61262500
16.71970800
16.77220900
16.67720800
16.61808300
16.83900000
16.61429200
16.75595800
16.76866700
16.57775000
16.61883300
18.58541700
14.84387500
16.58404200
16.86754100
16.61066700
16.61962500
16.76345800
16.46762500
16.82908400
16.64100000
16.75654100
16.65729200
16.69191700
16.69587500
16.67800000
18.10166600
15.25070900
16.79662500
16.57458300
16.57083300
16.68925000
16.67337500
16.75379200
16.79400000
16.81333300
18.81258400
16.01225000
16.11700000
16.43304100
16.50054200
16.42312500
16.72250000
16.65791700
16.50275000
16.65187500
16.67508300
17.02604200
16.27212500
16.67216600
16.60191700
16.73733300
16.79816700
16.45445800
16.87287500
16.52395900
16.67320800
16.75200000
16.69620800
16.61783400
16.82287500
16.61450000
16.58587500
16.79983300
16.55108300
16.83704200
16.51733300
17.02454200
16.57975000
16.83679200
16.60116600
16.33412500
16.85591700
16.51012500
16.79350000
16.78704200
16.64195800
16.99287500
16.25100000
16.60820800
16.82570900
16.57550000
16.86437500
16.60058300
16.56362500
16.87329200
16.48112500
16.85658300
16.87716700
16.78000000
16.47683300
16.69604200
16.48512500
16.76975000
16.71158300
16.59037500
16.76129200
16.53925000
16.76262500
16.75254100
16.71075000
16.64229200
16.60800000
16.74629200
16.80845800
16.49004200
16.82929100
16.81295900
16.34429100
16.69866700
16.87770800
16.59629200
16.53995800
16.72216700
16.83175000
16.59695800
16.80337500
16.66120900
16.62062500
16.72795800
16.59516700
16.59450000
16.70100000
16.76329100
16.67066700
16.68579200
16.57083300
16.83091700
16.71533300
16.69804200
16.51050000
16.79591600
16.79454200
16.60316700
16.57008300
16.89845800
16.56291700
16.72137500
16.82404200
16.65041600
16.49712500
16.68795900
16.62200000
16.89212500
16.63050000
16.74875000
16.45770800
16.77758300
16.91166700
16.63087500
16.64341700
16.59900000
16.56333300
16.68216700
16.80541600
16.65891700
16.63095800
16.80741700
16.56816700
16.57458300
16.72087500
16.83770800
16.67266700
16.89966700
16.37804100
16.80866700
16.56950000
16.97400000
16.51962500
16.64691700
16.70262500
16.77937500
16.40320800
16.65679200
16.86629100
16.50541700
16.88670800
16.61262500
16.56454200
16.78529200
16.54775000
16.73895800
16.75904200
16.57845800
16.69337500
16.66879200
16.86541600
16.60379200
16.77125000
16.64520800
16.59883400
16.83479100
16.64900000
16.70116700
16.72658300
16.57791700
16.56258300
16.91070900
16.68879100
16.61229200
16.58766700
16.65979100
16.78575000
16.78366700
16.55237500
16.70379200
16.63350000
16.71729100
16.83945900
16.70816600
16.41616700
16.84287500
16.56033300
16.59712500
16.91070900
16.43754100
16.96270900
16.49850000
16.56208300
16.85704200
16.59900000
16.74933300
16.68770800
16.66300000
16.60308400
16.76862500
16.64604100
16.92691700
16.55400000
16.68841700
16.57879100
16.76520900
16.50391600
16.65854200
16.80325000
16.70579200
16.78120800
16.66133300
16.87179200
16.55350000
16.75970800
16.60283400
16.69566600
16.54991700
17.93850000
16.22433300
16.48516700
16.48437500
16.72600000
16.50250000
16.62612500
16.81833300
16.61529200
16.81725000
16.37375000
16.65808300
16.67012500
16.85245900
16.63204100
16.70870900
16.60950000
16.55733300
16.79366700
16.64487500
16.85804100
16.54979200
16.72562500
16.56912500
16.83941700
16.77008300
16.54091700
16.55500000
16.78629100
16.63195900
16.64216600
16.83483400
16.85650000
16.65037500
16.55116600
16.79208400
16.38791600
16.90191700
16.58820800
16.65175000
16.66770900
16.65245800
16.66283300
16.83208400
16.51320800
16.80545800
16.58208400
16.74975000
16.58404100
16.61800000
16.85154200
16.63941700
16.71279100
16.65225000
16.49445900
16.89262500
16.60912500
16.75612500
16.75383300
16.60570800
16.53162500
16.85937500
16.62254200
16.63604200
16.71891600
16.70387500
16.57741700
16.67733300
16.82650000
16.66287500
16.53887500
16.87437500
16.51320900
16.90662500
16.59583300
16.62350000
16.74895800
16.61854200
16.67600000
16.71587500
16.66420800
16.71354200
16.66008300
16.55054200
16.96883300
16.68491700
17.48470800
16.13320900
16.62045800
16.42083300
16.73250000
16.85783400
16.75133300
16.52412500
16.68045800
16.38833400
16.88908300
16.59570800
16.65133400
16.61204100
16.82854200
16.55891700
16.72929100
16.92766700
16.54575000
16.59166700
16.90066600
16.33075000
16.67791700
17.28683300
16.86175000
16.44758400
16.88191600
17.36870900
15.97037500
16.41154100
16.66145900
16.60787500
16.71087500
16.73404100
16.55945900
16.70783300
16.76908300
16.84012500
16.75504200
16.36525000
16.60004200
16.74658300
16.56462500
16.62787500
16.80275000
17.10333300
16.31062500
16.79995900
16.78658300
16.34895800
16.81470900
16.73195800
16.67983300
16.60408400
16.58137500
16.77708300
16.51979200
16.82008300
16.70220800
16.66279200
16.71620800
16.61416700
16.60400000
16.60250000
16.78012500
16.67295800
16.73966700
16.54379200
16.79191600
16.54379200
16.87429200
16.73241600
16.59862500
16.55612500
16.93150000
16.60529200
16.73458300
16.71662500
16.63470900
16.62516600
16.74458400
16.57462500
16.75391600
16.59237500
16.75350000
16.63537500
16.75550000
16.58054200
16.79283300
16.61983400
16.71962500
16.59187500
16.65525000
16.85816600
16.56104200
16.68970800
16.77970900
16.69445800
16.77483300
16.54383400
16.69525000
18.14929100
15.30858400
16.50683300
16.79029200
16.62233300
16.53270800
16.80920900
16.70758300
16.50425000
16.73725000
16.70329200
16.78962500
16.63133300
16.77962500
16.59304200
16.75512500
16.69900000
16.74025000
16.68508300
16.56083300
16.71004200
16.69345800
16.75137500
16.52166700
16.79508300
16.64141700
16.76991700
16.83937500
16.74362500
16.43591600
16.79666700
16.55766700
16.84270800
16.45716700
16.79291600
16.72716700
16.67737500
16.55366700
16.74145800
16.70895800
16.70795900
16.58666600
16.56866700
16.76679200
16.74391600
16.68200000
16.68925000
16.64308400
16.65758300
16.50412500
16.73104200
16.71054100
16.94629200
16.40875000
16.89270800
16.56425000
16.73375000
16.90641700
16.69466700
19.26950000
15.29604100
16.28733400
16.31654100
16.76237500
16.26062500
16.61295900
16.72258300
16.58125000
16.52200000
16.89287500
16.44512500
16.73604200
16.68012500
16.65629100
16.67579200
16.62004200
16.65841600
16.99950000
16.66325000
16.50866700
16.61262500
16.80095800
16.62370900
16.70416600
16.76970900
16.49787500
16.84975000
16.48441600
16.92370900
16.45516600
16.74233400
17.10350000
16.46300000
16.72658300
16.63241700
16.49441600
16.63483400
16.61445800
16.79887500
16.64641700
16.75133300
16.64437500
16.67870800
16.67154200
16.70483300
16.71087500
16.49516700
16.85050000
16.52604200
16.68475000
16.79441600
16.68520900
16.60900000
16.82062500
16.67766600
16.78004200
16.49933300
16.82520900
16.68191600
16.53820900
16.76625000
16.71491600
16.65729200
16.71662500
16.53062500
16.90850000
16.65716700
16.48066600
16.88304200
16.63495800
16.72895900
16.71591600
16.56550000
16.77145900
16.68725000
16.68675000
16.54287500
16.85704100
16.71104200
16.45841700
16.76162500
16.65633300
16.54020800
16.74029200
16.68104200
16.74716600
16.72833400
16.70041600
16.61254200
16.67770800
16.66100000
16.71275000
16.76770900
16.60529100
16.57458400
16.72995800
16.84625000
16.60054200
16.64295800
16.70683300
16.66320900
16.54129100
16.84358400
16.56104100
16.74912500
16.62745900
16.72891600
16.71075000
16.70845900
16.62441600
16.71579200
16.67616700
16.59191600
16.65441700
16.86300000
16.63708300
16.69933400
16.60887500
16.74879100
16.63670900
16.72804100
16.71533400
16.62091600
16.62804200
16.73929200
16.67208300
16.81495800
16.63745900
16.63262500
16.67866600
16.60854200
16.77866700
16.58441600
16.75879200
16.66983300
16.68087500
16.79779200
16.73154200
16.68383300
16.47304200
16.75783300
16.59612500
16.77887500
16.64525000
16.68275000
16.73554200
16.71720800
16.63954200
16.62337500
16.70458300
16.84354200
16.58145800
16.66562500
16.69358300
16.59912500
16.66770900
16.88525000
16.52416600
16.75308400
16.60233300
16.66575000
16.71462500
16.68787500
16.64337500
16.70316700
16.73537500
16.66216600
16.63804200
16.72579200
16.66879100
16.69150000
16.66308400
16.64970800
16.69558300
16.75650000
16.64212500
16.63700000
16.80958400
16.62291600
16.68362500
16.67516700
16.63062500
16.64300000
16.80454200
16.65870800
16.65829200
16.81850000
16.61737500
16.64783300
16.66579200
16.66416600
16.65733400
16.70125000
16.72812500
16.60916600
16.72333400
16.75229100
16.66212500
16.67933400
16.78504100
16.66816700
16.63595800
16.68979200
16.67666700
16.73395800
16.62879200
16.74445800
16.64983300
16.68141700
16.67262500
16.54958300
16.82333400
16.62491600
16.70625000
16.68170900
16.88766600
16.51266700
16.70816700
16.83245800
16.47758300
16.63270900
16.65454100
16.79487500
16.62458400
16.70112500
16.66641600
16.65475000
16.73762500
16.63216700
16.84812500
16.53779200
16.64312500
16.71279100
16.71558400
16.69708300
16.62475000
16.75595800
16.67112500
16.60583400
16.76270800
16.69800000
16.61862500
16.72937500
16.61166700
16.69433300
17.19458300
16.60083400
18.95737500
15.68745800
16.09341700
16.39279100
16.64533400
16.42591600
16.81750000
16.32675000
16.63754200
16.70904200
16.82879100
17.03112500
16.47387500
16.40904200
16.51591700
16.79487500
16.75908300
16.51100000
16.72050000
16.77166700
16.49054100
16.83037500
16.65162500
16.63054200
16.91125000
16.51637500
17.33166700
16.47708300
16.63066700
16.26608300
16.64504200
16.63362500
16.97025000
16.46125000
16.68612500
16.74929100
16.75116700
16.68725000
16.78129200
16.52550000
16.67170800
16.61733300
16.55162500
16.70525000
16.72850000
16.74137500
16.70879200
16.58333300
16.74112500
16.59904200
16.69791700
16.64512500
16.70500000
16.75933300
16.61475000
16.69162500
16.68991700
16.67829100
16.58708400
16.87233300
16.56083300
16.69425000
16.78145900
16.64866600
16.59383400
16.78537500
16.64779100
16.68858400
16.70412500
16.62729100
16.82487500
16.91387500
16.37862500
16.66662500
16.68358400
16.65904100
16.59116700
16.76650000
16.65658300
16.86745900
16.66170800
16.53241700
16.70712500
16.81254100
16.54291700
16.75441700
16.80808300
16.51141700
16.86695800
16.56850000
16.49479200
16.83091600
16.70191700
16.65020800
16.53662500
16.82733400
16.65262500
16.69754100
16.60720900
16.88641600
16.52495900
16.76279100
16.58708400
16.76187500
16.81579100
16.73937500
16.62458400
16.62225000
16.73620800
16.56687500
16.51541700
16.78133300
16.64379200
16.76616600
16.67658400
16.70320800
16.87095800
16.52904200
16.63641700
16.69679100
16.63562500
16.63054200
16.75079200
16.73170800
16.54712500
16.74091700
16.65075000
16.70754100
16.67166700
17.43937500
16.10325000
16.76716700
16.49712500
16.75370800
16.44420800
16.87291700
16.66233300
16.67600000
16.60095900
17.12579100
16.92341700
16.26700000
16.53900000
16.60791700
16.78087500
16.61625000
16.61512500
17.01579100
17.06554200
16.60333300
16.30454200
18.32008300
14.96591700
16.54116700
16.82537500
16.63141600
16.68783400
16.72083300
16.50958300
16.78716700
16.63583300
16.69854200
16.68250000
16.67433300
16.67095900
16.75900000
16.65554100
16.67054200
16.70816700
16.63733300
16.68854200
16.59300000
16.74862500
16.63341600
16.71983400
16.56650000
16.83104100
16.60050000
16.80083400
16.75300000
16.50487500
16.69883300
16.67304200
16.64550000
16.79525000
16.73958300
16.62150000
16.52237500
16.89295800
17.09091700
16.96916700
16.12770800
16.58825000
16.72933300
16.60970900
16.68925000
16.64837500
16.64641600
16.58237500
16.71787500
16.86233400
16.68658300
16.70825000
16.43133300
16.85895900
16.67379100
16.66195900
16.67437500
16.73729100
16.67720900
16.61825000
16.75641600
16.51079200
16.74008300
16.67795900
16.75475000
16.73458300
16.61241700
16.60558300
16.74312500
16.71737500
16.71045800
16.62533400
16.68579100
16.64566700
16.66770800
16.65012500
16.72254200
17.94054200
15.49591600
16.62170900
16.69608300
16.71770800
16.68029200
16.56150000
16.71695800
16.73308400
16.71054100
16.76220900
16.60212500
16.69166600
16.63995900
16.69483300
16.70004200
18.64529100
14.63812500
16.77004200
16.58508300
16.87112500
16.66945900
16.78770800
16.42737500
16.81595800
16.63437500
16.59370900
16.79312500
16.63183300
16.75237500
16.73887500
16.56645800
16.65895900
16.72116600
16.73808400
16.57566600
16.80270900
16.63437500
16.71491600
17.66770900
16.14841600
19.01704200
15.40495800
16.30829200
16.21300000
16.75641700
16.36554100
16.62037500
16.56508400
16.62837500
16.58250000
16.69258300
16.66362500
16.73558300
16.67425000
16.63987500
16.57854200
16.65787500
16.76487500
16.67608300
16.60775000
16.76979200
16.75887500
16.60804200
16.61741600
16.81354200
16.51200000
16.86745800
16.51754200
16.76075000
16.96854200
16.52025000
16.58345800
16.76575000
16.77887500
16.78037500
16.52729200
16.47145800
16.64970800
16.75795900
16.74820800
16.80741700
16.55816600
16.71750000
16.63604200
16.63720800
16.66954200
16.60150000
16.78379200
16.70308300
16.57345800
16.77766700
16.58179200
16.81116600
16.62100000
16.82012500
16.59395900
16.73566600
16.47845900
16.81104100
17.05250000
16.22487500
16.83045900
16.59320800
16.80541700
16.54833300
16.66554200
16.75829100
16.83487500
16.53908400
16.58812500
16.83758300
16.62750000
16.71762500
16.68245800
16.64958400
16.56479100
16.87525000
16.53295900
16.71700000
16.80329100
16.52900000
16.69541700
16.69416700
16.70541600
16.69900000
16.69308400
16.57341600
16.81162500
16.53350000
16.68695900
16.73395800
16.81645800
16.59587500
16.74479200
16.76700000
16.51875000
16.77541700
16.71404100
16.55154200
16.76237500
16.84058300
16.76008400
16.46308300
16.55545800
16.82687500
16.54800000
16.78462500
16.79691700
16.42220800
16.81670900
16.56550000
16.92979100
16.49733400
16.71754100
16.78629200
16.72720800
16.76670900
16.69620800
16.37854200
16.78137500
16.67712500
16.54012500
16.88816600
16.65725000
16.47683400
16.71391600
16.82870900
16.49679100
16.88441700
16.73179200
16.66287500
16.63558300
16.74179200
16.64816600
16.65716700
16.72575000
16.80170800
16.46454200
16.81058300
16.51183400
16.80158300
16.60075000
16.83487500
16.60854200
16.67925000
16.56791600
16.65570900
16.78754100
16.66162500
16.83791700
16.58658300
16.58145900
16.79445800
16.62983300
16.72183400
16.71891600
16.59975000
16.63641700
16.65704200
16.82675000
16.71162500
16.60866600
16.75862500
16.62929200
16.77441700
16.55991600
16.58191700
16.77550000
16.62862500
16.76658300
16.71454200
16.56845800
16.76312500
16.67662500
16.64408400
16.70425000
16.71937500
16.63370800
16.63025000
16.85795800
16.57916700
16.74266700
16.60208300
16.71308300
16.68404200
16.56287500
16.66129200
16.76016600
16.64475000
16.65091700
16.72066700
16.68645800
16.76379200
16.65766600
16.77491700
16.67091700
16.63937500
16.68779100
16.57491700
16.80337500
16.72462500
16.62266700
16.63466600
16.61641700
16.87900000
18.06275000
15.21208300
16.69754200
16.70241700
16.86062500
16.39820800
16.72716700
16.62891600
16.83645900
16.59487500
16.72083300
16.78470800
16.57316700
16.67029200
16.58566600
16.95579200
16.79837500
16.49466700
16.54983300
16.73287500
16.57333300
16.81179200
16.62075000
16.74112500
16.58416700
16.86591600
16.65620900
16.68170800
16.92625000
16.48054200
16.60233300
18.54420800
17.63758400
14.71183300
16.17187500
16.90241700
16.36041600
16.66445900
16.50770800
16.92795800
16.79979200
16.48725000
16.44420800
17.40004200
16.20875000
17.13512500
16.00600000
16.86166700
16.68404100
16.78091700
16.86783300
16.59441700
16.45120800
16.83783400
16.67825000
55.84516600
22.90287500
18.95700000
7.75450000
20.34583400
6.25087500
6.34600000
5.77862500
8.92687500
13.83654100
16.55179200
16.64625000
16.79083300
16.55391700
16.67733300
16.90954200
16.77358300
16.26250000
16.77891700
16.75987500
16.70895800
16.61279200
16.68391700
16.73745800
16.42162500
16.67200000
17.01750000
16.57941700
16.71270800
16.69466700
16.48895800
17.08304200
17.18708300
15.99395800
16.57725000
16.40187500
16.77975000
16.86591700
16.69245800
16.75908400
16.74012500
16.69908300
16.47787500
16.60866700
16.71979100
16.58912500
16.70729200
16.80875000
17.01350000
16.27133300
16.81854200
16.50470800
16.85979200
16.61808300
16.67770900
16.58375000
16.78537500
16.62125000
16.68079100
16.55358400
16.79762500
16.65350000
16.56779100
16.93970900
16.84545800
16.50633300
16.76491700
16.52166700
16.74900000
16.62612500
16.70245800
16.72841700
16.62008300
16.82108300
16.77987500
16.54837500
16.72158400
16.70766600
16.55104200
16.74737500
16.65629200
16.72770800
16.53279200
16.81325000
16.59637500
16.70475000
16.58837500
16.67600000
16.82212500
16.66504100
16.52266700
16.70250000
16.78600000
16.64704200
16.71004100
16.69358400
16.71475000
16.52670800
16.73879200
16.69283300
16.69312500
16.79912500
16.45675000
16.65133300
16.86125000
16.56283400
16.75550000
16.67295800
16.81733300
16.67383400
16.65012500
16.71300000
16.55658300
16.84383300
16.41266700
16.76862500
16.64162500
16.87166700
16.57966600
16.84729200
16.49750000
16.64054200
16.87562500
16.61416600
16.93987500
16.45600000
16.60129200
16.66937500
16.70108300
16.71858400
16.53783300
17.00733300
16.40312500
16.84075000
16.65787500
16.49870900
16.83420800
16.75837500
16.72604200
16.55566600
16.77504200
16.89250000
16.45166700
16.71729100
16.57233400
16.86145800
16.53358300
16.64987500
16.62745900
16.81895800
16.62079200
16.60583300
16.59866700
16.88279100
16.73070900
16.80583300
16.65387500
16.77437500
16.71891700
16.45554100
16.73533400
16.56550000
16.70333300
16.59983300
16.63650000
16.62925000
16.77300000
16.62129200
16.80845800
16.54133400
16.75187500
16.69745800
16.81158300
16.63962500
16.64241700
16.60283300
16.67241700
16.67554200
16.61929100
16.76558400
16.79629100
16.68312500
16.58645900
16.72270800
16.67595800
16.67904200
16.58733300
16.65312500
16.77087500
16.78383400
16.69362500
18.85095800
14.46458300
16.62408400
16.64570800
16.84195800
16.65908400
16.72270800
16.83687500
16.72187500
16.95641700
16.79212500
16.31875000
16.69495800
16.56300000
16.57250000
16.58641700
17.80695800
16.44079200
16.73104100
16.32716700
16.55225000
16.41333300
16.76270900
16.57541600
16.72041700
16.71629200
16.53520800
16.73654200
16.64766600
16.92562500
16.58708400
16.53929100
16.69633400
16.71354100
16.62862500
16.64116700
16.75479200
16.70245800
16.71066700
16.55112500
16.71416600
16.67495900
16.74295800
16.64795800
16.84525000
16.56650000
16.88179200
16.64762500
16.54241700
16.64258300
16.61095800
16.63208400
16.73100000
16.59950000
16.75229100
16.77620900
16.87179100
16.63750000
16.75200000
16.58187500
16.53620900
16.64625000
16.85212500
16.53625000
16.80970800
16.55350000
16.67229200
16.67133300
16.74479200
16.73045800
16.74016700
16.63195800
16.57570800
16.63695900
16.73733300
16.85541700
16.50091600
16.75620900
16.65245800
16.62054200
16.75820800
16.59429200
16.71929100
16.55408400
17.03412500
16.51345800
16.52200000
16.81383300
16.76079200
16.64912500
16.99850000
16.45795800
16.43104200
16.80616700
16.58679100
16.68920900
16.74033300
16.63245800
16.96362500
16.36341700
16.78454200
16.71800000
16.68016600
16.59675000
16.75362500
16.70087500
16.58866700
16.83550000
16.56329200
16.73266600
16.71212500
16.69358400
16.58758300
16.77733300
18.27720900
15.08716600
16.97916700
16.96408300
16.41045900
16.39479100
17.07216700
16.37316700
16.75287500
16.57870800
16.88054200
16.56975000
16.50004100
16.85654200
16.69500000
16.61275000
16.87900000
16.48270800
16.75616700
16.50129200
16.80312500
16.60725000
16.87537500
16.53691600
16.65683400
16.58679100
16.79829200
16.59850000
16.62041700
16.68037500
16.68279100
16.64750000
16.73612500
16.68154200
16.65695800
16.87550000
16.51183400
16.70816600
16.69400000
16.53616700
16.78166700
16.66983300
16.60629200
16.77750000
16.63025000
16.69541600
16.73962500
16.68000000
16.63108400
16.69512500
16.71512500
16.65216600
16.69283400
16.65212500
16.68120800
16.71616700
16.70545800
16.59487500
16.77712500
16.60645800
16.70879200
16.66995800
16.71066700
16.69329200
16.79933300
16.57633300
16.65837500
16.68354200
16.66091700
16.72462500
16.69558300
16.60300000
16.72212500
16.67175000
16.81045800
16.66054200
16.75616700
16.57945800
16.66254200
16.67629100
16.66275000
16.73404200
16.75425000
16.58466700
16.77487500
16.71245800
16.60650000
16.80479200
16.59279100
16.66075000
16.73504200
16.56075000
16.75316700
16.70183300
16.55912500
17.01216700
16.60904100
16.66441700
16.58329200
16.64675000
16.76158300
16.62275000
16.68058300
16.82845900
16.67362500
16.43100000
16.81612500
16.64708300
16.69308300
16.60737500
17.17591700
16.59400000
18.05583300
16.07779200
16.25554200
16.81466600
16.33516700
16.67012500
16.45379200
16.67429100
16.65987500
16.62162500
16.63600000
16.67729200
16.82241700
16.56187500
16.69379100
16.63254200
16.75466700
16.64366600
16.72366700
16.64512500
16.68462500
16.64220800
16.68945900
17.02391600
16.47112500
16.60941700
16.58958300
16.69087500
16.64500000
16.83133400
16.57612500
16.73245800
16.95891700
16.48216600
16.87979200
16.32079200
16.62791600
16.90966700
16.59512500
16.71091700
16.68962500
16.70354100
16.72145900
16.87358300
16.54225000
16.62216700
16.56125000
16.68600000
16.68791600
16.73275000
16.60666700
16.69470800
16.92212500
16.50254200
16.53987500
16.82187500
16.65841700
16.69683300
16.71958300
16.82345900
16.51866600
16.67429200
16.80529200
16.63329100
16.67208400
16.56212500
16.64066600
16.75450000
16.67170900
16.55416600
16.71766700
16.87400000
16.65395800
16.64012500
16.68816700
16.70929200
16.52254100
16.91120900
16.78200000
16.48170800
16.57229200
16.66766600
16.80229200
16.81258300
17.03300000
16.30404200
16.66329200
16.70558300
16.61879200
16.52800000
16.82316600
16.66337500
16.59620900
16.72966600
16.77454200
16.54258300
16.80508400
16.64550000
16.54887500
16.82683300
16.68887500
16.58645800
16.72554200
16.89308300
16.42733400
16.79533300
16.74625000
16.49570800
16.81387500
16.64170900
16.72733300
16.66504200
16.77054100
16.60783400
16.66025000
16.66116600
16.72200000
16.71437500
16.63808400
16.67529100
16.57287500
16.78366700
16.70375000
16.63620800
16.73829200
16.58866700
16.71295800
16.69758300
16.74083400
16.55354100
16.77025000
16.69012500
16.88779200
16.51037500
16.69516700
16.61795800
16.57904200
16.76779100
16.78041700
16.69366700
16.60162500
16.75312500
16.69370800
16.69379200
18.41875000
14.95566600
16.74312500
16.45475000
16.70483400
16.64420800
16.97141700
16.56395800
16.64445800
16.74087500
16.73820900
16.53770800
16.70966700
16.60229100
16.73425000
16.80591700
16.57879200
16.79762500
16.45016600
16.95804200
16.46525000
16.87012500
16.47808300
16.75845900
16.77062500
16.62433300
16.57658300
16.77945900
16.81283300
16.54341700
16.71908300
16.70783300
16.69083400
16.71420800
16.65991700
16.54270800
16.70204200
16.75050000
16.63495800
16.72245800
16.63879200
16.82912500
16.59395800
16.60104200
18.67000000
14.73208300
16.83879200
16.87558300
16.40416700
16.82404200
16.48391600
16.64145900
16.69491600
16.78100000
16.63783400
16.68575000
16.63254100
16.76187500
16.82600000
17.20041700
16.15962500
16.63300000
16.62479200
16.65070800
16.59387500
16.93483300
18.95970900
15.85962500
16.23154100
16.28375000
16.34825000
16.62241700
16.51162500
16.68566700
16.63183300
16.71208300
16.69100000
16.54929200
16.65529200
16.98325000
16.49275000
16.55841600
16.65729200
16.65141700
16.66795800
16.80483300
16.58204200
16.73179200
16.79854100
16.67862500
16.61900000
16.77070900
16.50979100
16.84520900
16.58995800
16.59716700
16.73462500
16.69862500
16.72783300
16.87783300
16.70075000
16.64433400
16.43566600
16.73079200
16.65883300
16.53858400
16.72637500
17.09916600
16.40729200
16.53541700
16.64108300
16.83704200
16.76187500
16.61479100
16.68941700
16.73387500
16.64566700
16.66925000
17.14870800
16.22625000
16.54495800
16.71920900
16.62066600
16.66379200
16.68745800
16.82320900
16.76400000
16.46050000
16.94750000
16.49079100
17.11379200
16.37466700
16.65770800
16.52683300
16.74475000
16.67558400
16.93566600
16.57270900
16.67745800
16.80854200
16.47045800
16.82991700
16.45895800
16.84866700
16.53225000
16.76850000
16.68637500
16.56908300
16.70254200
16.78150000
16.54800000
16.77591600
16.61037500
16.70858400
18.27091600
15.07525000
16.86412500
16.62308400
16.69154100
16.63687500
16.56720900
16.84687500
16.58741600
16.59637500
16.73562500
16.75687500
16.72629200
16.95570800
16.51841700
16.67133300
16.63879200
16.60229200
16.60558300
16.85979200
16.64875000
16.72737500
16.48737500
16.93491600
16.80650000
16.69000000
16.54445900
17.07275000
16.29616600
16.68670900
16.49741600
16.97470900
16.44866600
16.72862500
16.64754200
16.65462500
16.78308300
16.68595900
16.67683300
16.71845800
16.60529200
16.62225000
16.68075000
16.88254200
16.64341600
16.73562500
16.57237500
16.67629200
16.67450000
16.69354200
16.62787500
16.59887500
16.78254100
16.65283400
16.82616600
16.63637500
16.54400000
16.80629200
16.67316700
16.57108300
16.70437500
16.76716700
16.48487500
17.24687500
16.38779100
16.58470900
16.79533300
16.63845800
16.64441700
16.65454200
16.72233300
16.50420800
16.76666700
16.65191700
16.90570800
16.55283300
16.60379200
16.69000000
16.61745800
16.80066700
16.71858300
16.52804200
16.73370800
16.70000000
16.82337500
16.63666700
16.68337500
16.75466700
16.47820800
16.70387500
16.80079200
16.69225000
16.64250000
16.86062500
16.32100000
16.78258300
16.71070800
16.73687500
16.75554200
16.57091700
16.54200000
16.80041600
16.69433400
16.53870800
17.26500000
16.39475000
16.58725000
16.58720800
16.65625000
16.81316700
16.77737500
16.62816700
16.64883300
16.70958300
16.67475000
16.67429200
16.85070800
16.52500000
17.87954200
16.19537500
16.64912500
16.48191700
16.68487500
16.38366600
16.63570900
16.71808300
16.58525000
16.64995800
16.75787500
16.51441700
16.81550000
16.68975000
16.70337500
16.78508300
16.54920900
16.61354100
16.96579200
16.58395800
16.45520900
16.84412500
16.56275000
16.79008300
16.55441700
16.70491600
16.86541700
16.69600000
16.53666700
16.60025000
16.86441600
16.51354200
16.82158300
16.64062500
16.75437500
16.63066700
16.58566700
16.76900000
16.46641600
16.86108400
16.53400000
16.73695800
16.74254200
16.77283300
16.39729200
16.90533300
16.75825000
16.44404200
16.82108300
16.72229200
16.64208300
16.49137500
16.85170800
16.74179200
16.64091700
16.68037500
16.70925000
16.71266600
16.68458400
16.56975000
16.75550000
16.55150000
16.82004100
16.66300000
16.65350000
16.70345900
16.70370800
16.60079200
16.79216600
16.49904200
16.80850000
16.81445800
16.58591700
16.65683300
16.71800000
16.63308400
16.70929100
16.75200000
16.59729200
16.70033300
16.62170900
16.69150000
16.74112500
16.74058300
16.60766700
16.72050000
16.83929100
16.69758400
16.52500000
16.69170800
16.71866700
16.46329100
16.83925000
16.68925000
16.72170900
16.65570800
16.71187500
16.45195800
16.70037500
16.78429200
16.62445800
16.87354200
16.57833300
16.72737500
16.58962500
16.81041700
16.66500000
16.55787500
16.89937500
16.52316700
16.72945800
16.64637500
16.67175000
16.67858300
16.70720900
16.72670800
16.66008300
16.70591700
16.51258300
16.79275000
16.54375000
17.12620900
16.62691600
16.94320900
16.57837500
16.77862500
16.57829100
18.08558400
16.58750000
15.21625000
16.47591600
16.63204200
16.92520800
16.60195900
16.54333300
16.67345800
16.65212500
16.76416700
16.81266700
16.47370800
16.74304200
16.68191600
16.71729200
16.67200000
16.69691700
17.13041600
16.54266700
17.01616700
16.12387500
16.66854100
17.55987500
17.92775000
14.60383400
17.28754100
16.22779200
16.80250000
16.34070800
17.27112500
16.40250000
16.68391700
16.46725000
16.82908300
16.61591700
16.57854200
16.77445800
16.64541700
16.76483300
16.68425000
16.60600000
16.71108300
16.73033400
16.58866600
16.78633400
16.59837500
16.66966600
16.89450000
16.28904200
16.71304200
16.58150000
16.85608300
16.76370800
16.56354200
16.72825000
16.77741700
16.45229100
16.85683400
16.79391600
16.61970900
16.50154100
16.68404200
16.73587500
16.64512500
16.70087500
16.71145800
16.55783400
16.76516600
16.72137500
16.51808400
16.80475000
16.69350000
16.52362500
16.78762500
16.67154100
16.57337500
16.85975000
16.64950000
16.74945900
16.71683300
16.71550000
16.67870800
16.66170900
16.63233300
16.70850000
16.66050000
16.71300000
16.68016700
16.53516600
16.77329200
16.66550000
16.74720800
16.51641700
16.82208300
16.78012500
16.53425000
16.69070900
16.77770800
16.76587500
16.54591700
16.71720800
16.70312500
16.73912500
16.57370800
16.72225000
16.73212500
16.67054200
16.69850000
16.61729200
16.65066600
16.87504200
17.07766700
17.23341600
16.34291700
16.35958300
16.58887500
16.95366700
16.81312500
16.58745800
16.32966700
16.71958300
16.50950000
16.82958400
16.38333300
16.84337500
16.54879200
16.76733300
16.92483300
16.24037500
16.97479200
16.58604200
16.68662500
16.58154100
16.63637500
16.79883400
17.03529100
16.52408400
16.81229100
16.94745900
17.52979100
15.35633400
16.66250000
16.71008300
16.82154200
16.74029100
16.30379200
16.73841700
16.62212500
16.70566600
16.77733400
16.74637500
16.56525000
16.86337500
16.60900000
16.67304100
16.48829200
16.85229200
16.38525000
16.92904100
16.65141700
16.75600000
16.50604200
16.60483300
16.70629200
16.77083300
16.67158300
16.62416700
16.61279200
16.83870800
16.68795800
16.71254200
16.65720800
16.61354200
16.72108300
16.72429200
16.63279200
16.75262500
16.98200000
16.28383300
16.82529200
16.72087500
16.43837500
16.87445800
16.57187500
16.73333300
16.58704200
16.85825000
16.63229200
16.73904100
16.57866700
16.60925000
16.64220800
16.83579200
16.68395800
16.74762500
16.45629200
16.90162500
16.57262500
16.87150000
16.64162500
16.70304200
16.40391600
16.93475000
16.78687500
16.56245900
16.93708300
18.54083300
14.60908400
16.66262500
16.57537500
16.56987500
16.89512500
16.69733300
16.68391700
16.58608300
16.70604200
16.81691600
16.44241700
16.74629200
16.62929100
16.70733400
16.68000000
16.55558300
16.85670800
16.60262500
16.59408400
16.81204100
16.66858400
16.65862500
16.75058300
16.68258300
16.73620900
16.60175000
16.72720800
16.59475000
16.75783300
16.62850000
16.96416700
16.44500000
16.71883300
16.63737500
16.72525000
16.62729200
16.63937500
16.93187500
16.59362500
16.50120800
16.78658400
16.73458300
16.62250000
16.70620800
16.58070900
16.67070800
16.74362500
16.63204200
16.75795800
16.62104200
16.70454100
16.85754200
16.46275000
16.70708300
16.83512500
16.57687500
16.69483400
16.69900000
16.80491600
16.61433400
16.60491600
16.68116700
16.62741700
16.71095800
16.67879200
16.59508300
16.78475000
16.65937500
16.61595800
16.71825000
16.70000000
16.73079200
16.73525000
16.60470800
16.74916700
16.66162500
16.68562500
16.63466700
16.72666600
16.60262500
16.76879200
16.72958300
16.73291700
16.60833300
16.56762500
16.75095900
16.64420800
16.71408300
16.66020900
16.83333300
16.81604200
16.43091600
16.72341700
16.71341700
16.60408300
16.78375000
16.54662500
16.69912500
16.68008300
16.86616700
16.61879200
16.67150000
16.64387500
16.64520800
16.67233300
16.60795900
16.77129100
16.71016700
16.62600000
16.63204200
16.76241600
16.87700000
16.56025000
16.75037500
16.65325000
19.16970900
15.67862500
16.19245800
16.28866700
16.82087500
16.37933300
16.57979200
16.50483300
16.66387500
16.68345800
16.68333400
16.58550000
16.62154100
16.78845900
16.65191600
16.64270900
16.61491600
16.86262500
16.59233400
16.66566600
16.74654200
16.48479200
16.72279100
16.76845900
16.54312500
16.85070800
16.55633300
16.74525000
16.63858400
16.76620800
16.68666700
16.71766600
16.82504200
16.68750000
16.63858300
16.77941700
16.38200000
16.62595800
16.68595900
16.72741600
16.60087500
16.67045900
16.68308300
16.78920800
16.71254200
16.61500000
16.70091700
16.74133300
16.62654200
16.58783300
16.74295800
16.73837500
16.66704200
16.70500000
16.65033300
16.73508400
16.78554100
16.63475000
16.63375000
16.90437500
16.56612500
16.68750000
16.55066700
16.67304200
16.82579100
16.76204200
16.57429200
16.53437500
16.83141600
16.67312500
16.67245900
16.73387500
16.61179100
16.74370900
16.61970800
16.61029200
16.75291600
16.58604200
16.76383300
16.73000000
16.60125000
16.71495900
16.64308300
16.75733300
16.71200000
16.63500000
16.56420900
16.75595800
16.73116700
16.78462500
16.53550000
16.69616600
16.69075000
16.55691700
16.74279200
17.12966600
16.41691700
16.60420800
16.70091700
16.65400000
16.63862500
16.60500000
16.74862500
16.63775000
16.69250000
16.83204200
16.59820800
16.58745800
16.75562500
16.70745900
16.63800000
16.64454100
16.73216700
16.74333300
16.63520900
16.69270800
16.91504200
16.54812500
16.65316600
16.64675000
16.68458400
16.56487500
16.78712500
16.67908300
16.70079200
16.79179100
17.63725000
15.55575000
16.65812500
16.79887500
16.57083400
16.85483300
16.51433300
16.78350000
16.66225000
16.68341700
16.75320800
16.69929200
16.91983300
16.55295900
16.58041600
16.67958400
16.49870800
16.91045800
16.54162500
16.77258400
16.71637500
16.72104100
16.64670900
16.68566600
16.70266700
16.58554200
16.66541600
16.58120900
16.66841600
17.02495900
16.54741600
16.59979200
16.76987500
16.47270800
16.73433400
16.66029100
16.78137500
16.62925000
16.66541700
16.84170800
16.58620900
16.66541600
16.70454200
16.64875000
16.70508300
16.67433400
16.68225000
16.69050000
16.53766600
16.82570900
16.96466600
16.90079200
16.11350000
16.79425000
16.68904200
16.61212500
16.73762500
16.57783300
16.75937500
16.74391700
16.65845800
16.63875000
16.69962500
16.66262500
16.70070800
16.67437500
16.67233400
16.58750000
16.78604100
16.66475000
16.59362500
16.74908400
16.71145800
16.57991700
16.72137500
16.67991600
16.76341700
16.65104200
16.63370800
16.79137500
16.61745800
16.74350000
16.61162500
16.58208400
16.81450000
16.63045800
16.63762500
16.69370800
16.76537500
16.88387500
16.50925000
16.78183400
16.67020800
16.59583300
16.69629200
16.53441700
16.75637500
16.69175000
16.63804100
16.87408400
16.61441600
16.65250000
16.70037500
16.58891700
16.74183300
16.75733400
16.67012500
16.62591600
16.68425000
16.81479200
16.69879200
16.61887500
16.85445800
16.51295800
16.51462500
16.83537500
16.63450000
16.77112500
16.64800000
16.76900000
16.64025000
16.82354200
16.50437500
16.61495800
16.98433400
16.67337500
16.78029100
16.53229200
17.34358300
16.09516700
16.63254200
16.71495800
16.51950000
16.62533300
16.72058400
16.69733300
16.70625000
16.67812500
16.67066700
16.58712500
16.78545800
16.63662500
16.68104200
16.65200000
16.78383300
16.68491700
16.60566600
16.73079200
16.69308300
16.88975000
16.47662500
16.65708400
16.65029100
16.79666700
16.54195800
16.80412500
16.62170900
16.68741600
16.77295900
16.59183300
16.92383300
16.70987500
16.63237500
16.47741700
16.60750000
16.76004200
16.59691600
16.58954200
16.81295800
17.14333400
16.47833300
16.52829200
16.59066600
16.67650000
16.77487500
16.62108400
16.54654100
16.82254200
16.55529200
16.82075000
16.63520800
16.68204200
16.56633300
16.79700000
16.69304200
16.68550000
16.64466600
16.68754200
16.60012500
16.77108300
16.59245900
16.78429100
16.63358400
16.77420800
16.52058300
16.74454200
16.71900000
16.58995800
16.80666700
16.64358300
16.70550000
16.62937500
16.71091700
16.75037500
16.60912500
16.70350000
16.72962500
16.63329200
16.62862500
16.94383300
16.51525000
16.70675000
16.65720800
16.64762500
16.76079200
16.68750000
16.62391700
16.75891600
16.73241700
16.56929200
16.58041600
16.76391700
16.67508300
16.73791700
16.65812500
16.67562500
16.73962500
16.64495800
16.51462500
17.52650000
15.92320900
16.67379100
16.81037500
16.51541700
16.78254200
18.60729100
14.84962500
16.50808400
16.70725000
16.77904100
16.61900000
16.71750000
16.59254200
16.81379200
16.65766600
16.71295900
16.52616600
16.81191700
16.67604200
16.73304100
18.52183400
14.82020800
16.68554200
16.66345800
16.50900000
16.83704200
16.71241600
16.60895900
16.68554100
16.81241700
16.47725000
16.88145800
16.95204200
16.93079200
16.17412500
16.74037500
16.56987500
16.76004100
16.69350000
16.76191700
16.41629200
16.87116600
16.52150000
16.66133400
16.72862500
16.81487500
16.68804100
16.62350000
16.96658400
16.27470800
16.72704200
16.60391600
16.80091700
16.69295800
16.79312500
16.49633400
16.79866600
16.70116700
16.62470800
16.99183400
16.47804100
16.77775000
16.42141700
16.82583300
16.70237500
16.47941700
16.85000000
16.71016700
16.63091600
16.78612500
16.56333400
16.54400000
16.89970800
16.52854200
16.73454100
16.80108400
16.53533300
16.73112500
16.68050000
16.71362500
16.79766700
16.44775000
16.80266600
16.72916700
16.48941700
16.67066600
16.89950000
16.66104200
16.53283300
16.72775000
16.72500000
16.58362500
16.74487500
16.67750000
16.66983400
16.75579100
16.70354200
16.63891700
16.56266600
16.79475000
16.82120900
16.55350000
16.58416600
16.77458400
16.67925000
16.68775000
16.66650000
16.56125000
16.92129100
16.57816700
16.78991700
16.62137500
16.67912500
16.70587500
16.69841600
16.49500000
16.80708400
16.72366600
16.64887500
16.93095900
16.40183300
16.73020800
16.70562500
16.66512500
16.60458400
16.77383300
16.68895800
16.64958400
16.80383300
16.78704200
16.43679100
16.74633400
16.68704100
16.64137500
16.63775000
16.79504200
16.64958300
16.51170900
16.86458300
16.87525000
18.81254200
15.73479100
16.36654200
16.28916700
16.38525000
16.67241600
16.71879200
16.57725000
16.61695800
16.59387500
16.77691700
16.62491700
16.60825000
16.66383300
16.64304200
16.73545800
16.63466700
16.67362500
16.68395800
17.03858300
16.37391700
16.73950000
16.48391700
16.88745800
16.44808300
16.72133400
16.76375000
16.74550000
16.77620800
16.52100000
16.70070800
16.75404200
16.86358300
16.48470900
16.81837500
16.50300000
16.64083300
16.50595800
16.86458400
16.85091600
16.65454200
16.72995800
16.55950000
16.70325000
16.61870900
16.72820800
16.65708300
16.64616700
16.56804200
16.75625000
16.85954100
16.58320900
16.71887500
16.94479100
16.62475000
16.48325000
16.62300000
16.77087500
16.41645900
16.90891600
16.50720900
16.84687500
16.51508300
16.86550000
16.49716700
16.71025000
16.85929100
16.82933400
16.46404100
16.72633400
16.65187500
16.70100000
16.67808300
16.63575000
16.78054200
16.43841600
16.79308400
16.88258300
16.52575000
16.95712500
16.61358300
16.36941700
16.78745800
16.76720900
16.55895800
16.76537500
16.81008300
16.49966700
16.81729200
16.63625000
16.71591600
16.55375000
16.73025000
16.48170900
16.88629100
16.63841700
16.77025000
16.54375000
16.77516700
16.72212500
16.81829100
16.57316700
16.49491700
16.82233300
16.68804200
16.71804100
16.51170900
16.84712500
16.52650000
16.74495800
16.96554200
16.48300000
16.73166600
16.57512500
16.79279200
16.59054200
16.71641600
16.63241700
16.68158300
16.69045900
16.62091600
17.06495900
16.63245800
16.49225000
16.59700000
16.67841700
16.58329100
16.78225000
16.76458400
16.62679100
16.56279200
16.79016700
16.89525000
16.45645800
16.69483300
16.65120900
16.79075000
16.61912500
16.64541600
16.92241700
16.51050000
16.61687500
16.80191700
16.50208300
16.75837500
16.75058300
16.50879200
16.85408300
16.77437500
16.36287500
16.89075000
16.74333400
16.59925000
16.74179100
16.60316700
16.68325000
16.68625000
16.68529200
16.57995800
17.17212500
16.50095800
16.67308400
16.59104100
16.65091700
16.69870800
16.66470900
16.70729100
16.70925000
16.61187500
16.57795900
16.76825000
16.74929100
16.68545900
16.59450000
16.60725000
16.64875000
17.16295800
16.66195800
16.74916700
16.43662500
16.55725000
16.63679200
16.70350000
16.70850000
16.66345800
16.76900000
16.50550000
16.76612500
16.60300000
16.77308300
16.56733400
16.73125000
16.94854100
16.62108400
16.58816600
16.60908400
16.66020800
17.63283300
15.97908400
16.85220800
16.69937500
16.55404200
16.63395800
17.03895800
16.52041700
16.50591700
16.59591600
16.93508400
17.13804100
17.60654200
14.98070800
16.74787500
16.81437500
16.71541700
16.89558300
17.53975000
16.02516700
16.33195800
17.72612500
16.69229200
15.59425000
16.57966700
16.80795800
16.62950000
16.91554200
16.33725000
16.78720800
16.61579200
16.75166600
16.54116700
16.72320800
16.64837500
16.79029200
16.48208300
16.76341700
16.84933300
16.51645900
16.61025000
16.77362500
16.69791600
16.70645900
16.64312500
16.60170800
16.71525000
16.80629200
16.44108300
16.82466700
16.65662500
16.82645800
16.64270800
16.84912500
16.63533400
16.38391600
16.72950000
16.76162500
16.57208400
16.81808300
16.53233300
16.83312500
16.72941700
16.65720800
16.54270900
16.67920800
16.76100000
16.49395800
16.86354200
16.65345800
16.51283400
17.04833300
16.36366700
16.81520800
16.71954200
16.72200000
16.42195800
16.76745800
16.78066700
16.67158300
16.69195900
16.76008300
16.68212500
16.65608300
16.52666700
16.75200000
16.79837500
16.58912500
16.75391700
16.61491600
16.76958400
16.56779100
16.56904200
16.78533300
16.82370900
16.45245800
16.64708300
16.91529200
16.76187500
16.53716700
16.90941600
16.51750000
16.67312500
16.68012500
16.61433400
16.72225000
16.68658300
16.67429200
16.72408300
16.65191700
16.71120800
16.60904200
16.75391600
16.70654200
16.60245800
16.64675000
16.76708400
16.61858300
16.78841700
16.55929100
16.71945900
16.70229100
16.78383400
16.64412500
16.52333300
16.75645800
16.73725000
16.63045900
16.68158300
16.67095800
16.68633400
16.79137500
16.64979100
16.58904200
16.77441700
16.57720800
16.71250000
16.77233300
16.70145900
16.67045800
16.76016700
16.60241600
16.74316700
16.62212500
16.54783300
16.83670900
16.66654100
16.64000000
16.65754200
16.76845800
16.72504200
16.72345800
16.55166700
16.87870800
16.41062500
16.75683400
16.68558300
16.75358300
16.43683400
16.81795800
16.56883300
16.65579200
16.75995800
16.67700000
16.71645900
16.80862500
16.59441600
16.63975000
16.71362500
16.69037500
16.75770900
16.64370800
16.62416700
16.69316600
16.70645900
16.68120800
16.64912500
16.63212500
16.71512500
16.73250000
16.61783300
17.02612500
16.42308400
16.75125000
16.62379100
16.67575000
16.66962500
16.58312500
16.74212500
16.59929200
16.81154200
16.77775000
16.55566600
16.68154200
16.63158300
16.70354200
16.61708300
16.76929200
16.96058300
16.39154200
16.71670800
16.65616700
16.78950000
16.64566700
16.66570800
16.65854200
16.65312500
16.70575000
19.58379100
13.80979200
16.67537500
16.73770800
16.64275000
16.65379200
16.56625000
16.71516700
16.75779100
16.78641700
16.54037500
16.76816700
16.62208300
16.79291700
16.57954100
16.66008400
16.67116600
16.91608400
16.64745800
16.92525000
16.30704200
18.11208300
16.29095800
16.66191700
16.30025000
16.45579200
16.88604100
16.53575000
16.43766700
16.66579200
16.68666600
16.66391700
16.58012500
17.19725000
16.29779200
16.69104100
16.57516700
16.76479200
16.55612500
16.77687500
16.61783300
16.69583300
16.65945900
16.77191600
16.66716700
16.62770800
16.62025000
16.61466700
16.72766700
16.75016600
16.97895900
16.57970800
16.64087500
16.72966700
16.63383300
16.56095800
16.60400000
16.65745900
16.84262500
16.50900000
16.70783300
16.68762500
16.74212500
16.76150000
16.47675000
16.95683300
16.61987500
16.50375000
16.80625000
16.64779200
16.66600000
16.62966700
16.83733300
16.51125000
16.80429200
16.77704100
16.53754200
16.74250000
16.54425000
16.73375000
16.75858300
16.63895900
16.70720800
16.70075000
16.53500000
16.76108300
16.70137500
16.62554200
16.67800000
16.79354200
16.63291600
16.63933400
16.77266600
16.94762500
16.50720900
16.62004100
16.65366700
16.81837500
16.55429200
16.59304100
16.75145900
16.76370800
16.69466700
16.62995800
16.65779200
16.68454100
16.62820900
16.68412500
16.87408300
16.60908300
16.65562500
16.70508400
16.62087500
16.67816600
16.83579200
16.43716700
16.78187500
16.82541600
16.40633400
16.89350000
16.59925000
16.69662500
16.52750000
16.88562500
16.52737500
16.81362500
16.56954100
16.96808400
16.64620800
16.59954200
16.66075000
16.60912500
16.70033300
16.62900000
16.68920800
16.69333400
16.82091600
16.51883400
16.65783300
16.88187500
16.57095800
16.63408400
16.64583300
16.78966700
16.69250000
16.69916600
16.55825000
16.61716700
16.78225000
16.64925000
16.72375000
16.81750000
16.54770800
16.99679200
16.47762500
16.63650000
16.62783300
16.71045900
16.75620800
16.63316700
16.57583300
16.73637500
16.80445800
16.74137500
16.48387500
16.72016700
16.64795800
16.78600000
16.61454200
16.63387500
16.68391700
16.99337500
16.40345800
16.71716700
16.91858300
16.62508300
16.46245900
16.79462500
16.51266600
16.83487500
16.74329200
16.47545800
16.69012500
16.96016700
16.47708300
16.64920900
16.64729100
16.65979200
16.85554200
16.88029100
16.44541700
16.67770800
16.64154200
16.61704200
16.61116600
16.72575000
16.70591700
16.76700000
16.77541700
16.52795800
16.61679200
16.72270800
16.65712500
16.65545800
16.83500000
16.59995900
16.74608300
16.73804200
16.68541600
16.55279200
16.79729200
16.60962500
16.64316600
16.79608400
16.52470800
17.02920800
16.69729200
16.60691700
16.39387500
16.77283300
16.62033300
16.73358400
16.76991600
16.82075000
16.57479200
16.69354200
16.80341600
18.13879200
16.12400000
16.36279200
16.58804100
16.40729200
16.69241700
16.45104100
17.28225000
16.48112500
16.27625000
16.60895900
16.67025000
16.68525000
16.66837500
16.74862500
16.68175000
17.12308300
16.29933300
16.86395900
16.53458300
16.47654200
16.75316600
16.62170900
16.69587500
16.78912500
16.70670800
16.66775000
16.59416700
16.92362500
16.46900000
16.82595800
16.44175000
17.01612500
16.60695800
16.70216700
16.49604200
16.57866600
16.71795900
16.66066600
16.68470900
16.69504100
16.56054200
16.85754200
16.63612500
16.68029100
16.61920900
17.04354100
16.31383400
16.71616600
16.99837500
16.90745900
16.50262500
16.41050000
16.56233300
16.88675000
16.82150000
16.53225000
16.61495800
16.67175000
16.70379200
16.57591700
16.82779100
16.72112500
16.59895900
16.72575000
16.65375000
16.72725000
16.91875000
16.58983300
16.55512500
16.63570800
16.56970900
16.65408300
16.64125000
19.63625000
13.91050000
16.75608300
16.57804200
16.83983300
16.43808400
16.70566600
16.69125000
16.76050000
16.66941700
16.70100000
16.78337500
16.59470800
16.62441700
16.72308300
16.67962500
16.58133400
16.72904100
16.72212500
16.72712500
16.64141700
16.63562500
16.63250000
16.79062500
16.75525000
16.66658300
16.59316700
16.74141700
16.68520800
16.58833300
16.76425000
16.58958400
16.93895800
16.60704200
16.66120800
16.53666700
16.79900000
18.65275000
14.95358300
16.44625000
16.73233300
16.75400000
16.65000000
16.66229200
16.66029200
16.49695800
16.70783300
16.70845900
16.61258300
16.90791700
16.59229100
16.58712500
16.95004200
16.61075000
16.67404200
16.73145800
16.62258300
16.61462500
16.71058400
16.76083300
16.67050000
16.61820800
16.75566700
16.62020800
16.50075000
16.81254200
16.67854200
16.57520800
16.78175000
16.66183300
16.55650000
16.78008400
16.67329100
16.79870900
16.72337500
16.68033300
16.49733300
16.75279200
16.80883300
16.48158400
16.91600000
16.62941600
16.60704200
16.57237500
16.88475000
16.66437500
16.60183300
16.77083400
16.60745800
16.72800000
16.62970800
16.57041700
16.96787500
16.70933300
16.56087500
16.53612500
16.76316700
16.68816700
16.82912500
16.51937500
16.71350000
16.59062500
17.33933300
16.14287500
16.60112500
16.81637500
16.61312500
16.74312500
16.58254200
16.67491600
16.76500000
16.56825000
16.89270900
17.39166600
16.08487500
16.48216700
16.60083300
16.57095900
16.77887500
16.77916600
16.65220900
16.59962500
16.70333300
16.80020800
16.63158400
16.53266600
16.65383400
16.87008300
16.75058300
16.47054200
16.69675000
16.82033300
16.99608400
16.53645800
17.88383300
16.05937500
16.39516700
16.62683300
16.62275000
16.54570900
16.76075000
16.49700000
16.74783300
16.60145800
16.67420900
16.64283300
16.74870800
16.69258400
16.59095800
16.70862500
16.76712500
16.62183300
16.93987500
16.55262500
16.53583400
16.80108300
16.54283300
16.65291700
16.78708300
16.71500000
16.63912500
16.60362500
16.80095900
16.70554100
16.46083400
16.87966600
16.64370900
16.70079100
16.85354200
16.48050000
16.48129200
16.75254100
17.42658400
16.08462500
16.52562500
16.73041600
16.69700000
16.71395900
16.61833300
16.73212500
16.82404200
16.65083300
16.94062500
16.64108300
16.92912500
16.54112500
16.37225000
16.65983400
16.61545800
16.67433300
16.79116700
16.59645800
16.67575000
16.68937500
16.60975000
16.86666700
16.55729200
16.54170800
16.83420800
16.71783400
16.63462500
16.73287500
16.76400000
16.58587500
17.29275000
16.33158300
16.92312500
16.37458300
16.73783400
17.49704100
16.22287500
16.56666700
17.24787500
16.24333300
16.61258400
16.36162500
17.28850000
16.17829100
16.70129200
16.59008300
16.87170900
16.56525000
16.63525000
16.64075000
16.61395800
16.73904200
16.71525000
16.63783300
16.49129200
16.64591600
16.77804200
16.60216700
16.98437500
16.48433300
16.52150000
16.90508300
16.68470900
16.56854100
16.81008400
16.71070800
16.52258300
16.65954200
16.72204200
16.72195800
16.81216700
16.41287500
16.59683300
16.75937500
16.99725000
16.30079200
16.84200000
16.74054100
16.63379200
16.56258300
16.87700000
16.69166700
16.59395800
16.68220900
16.61741600
16.63491700
16.81062500
16.66583300
16.70950000
16.55045900
16.82116600
16.54400000
16.79404200
16.52337500
16.92337500
16.58029200
16.70258300
16.68558300
16.87250000
16.61766700
16.40787500
16.85583300
16.59054200
16.66970800
16.75408400
16.87262500
16.41783300
16.89725000
16.53700000
16.56862500
16.83987500
16.59962500
16.78683300
16.60412500
16.74787500
16.58383400
16.59179100
16.77508400
16.91920800
16.62300000
16.59108300
16.67533400
16.54308300
16.76604200
16.72108300
16.70270800
16.65854200
16.78225000
16.60712500
16.52304200
16.90833300
16.95500000
16.68775000
16.40441700
16.61412500
16.93766600
16.31112500
16.78095900
16.80108300
16.65425000
16.70987500
16.47554200
16.79845800
16.51675000
16.73300000
16.71291700
16.63779100
16.73820900
16.72125000
16.68604100
16.63012500
16.67875000
16.66079200
16.70850000
16.80616700
16.65262500
16.59362500
16.75362500
16.68066600
16.70520900
16.51229100
16.78804200
16.68829200
16.79070800
16.69704200
16.65187500
17.20650000
16.19891600
18.39308400
15.91787500
16.63608300
16.47645800
16.35000000
16.66504200
16.70533300
16.40854200
16.60766700
16.77295800
16.92541700
16.47541600
16.57791700
16.71200000
16.46966700
16.79987500
16.63016600
16.78825000
16.69158400
16.61783300
16.62516700
16.68379100
16.75433400
16.59758300
16.83504200
16.55233300
16.76629200
16.61904100
16.60683400
16.78429100
16.62145900
16.92650000
16.69670800
16.54287500
16.66641700
16.68495800
16.60258300
16.73112500
16.53920900
16.88400000
16.54429100
16.74900000
16.72683400
16.47887500
16.79245800
16.86058300
16.57470900
16.77370800
16.60566700
16.73050000
16.74833300
16.62212500
16.55375000
16.77816700
16.57162500
16.78154100
16.62729200
16.92166700
16.56412500
17.09616600
16.13141700
16.73983300
16.72183400
16.71350000
16.76341600
16.56558400
16.84933300
16.37470800
16.82945900
16.69945800
16.85712500
16.58870800
16.62783400
16.52645800
16.78837500
16.69766700
16.50441600
16.70316700
16.85975000
16.64783300
16.75937500
16.54462500
16.74933400
16.58845800
16.65058300
16.83229200
16.57520800
16.68837500
16.69979200
16.69987500
16.56408300
16.89066700
16.63995800
16.55716700
16.66450000
16.63887500
16.74316700
16.75295800
16.69687500
16.65045800
16.65608400
16.77308300
16.65650000
16.64283300
16.81537500
16.42287500
16.78612500
16.69391700
16.74991700
16.63295800
16.71650000
16.71325000
16.67575000
16.70241700
16.66000000
16.75195800
16.49395800
16.74150000
16.69245900
16.94345800
16.49229200
16.75225000
16.70683300
16.64070800
16.64991700
16.70495800
16.66725000
16.66466700
16.62320800
16.71654200
16.85845800
16.66608400
16.67770800
16.63937500
16.50766700
16.62883300
16.72583300
16.71316700
16.63745800
16.79983400
16.73608300
16.69787500
16.64850000
16.52075000
16.88033300
16.73495900
16.36712500
16.90091600
16.73029200
16.55070800
16.71666700
16.77095800
17.29266700
16.00995800
16.58962500
16.66666700
16.76629200
16.74591600
16.66500000
16.64716700
16.64866700
16.71050000
16.63204100
16.76933400
16.57758300
16.77762500
16.50645800
16.82879200
16.65016700
16.78058300
16.71020800
16.73041700
16.67850000
16.63179200
16.69145800
16.54725000
16.82841700
16.59095800
16.64475000
16.85062500
16.66020800
16.54820900
16.83495800
16.61637500
16.60004200
18.28362500
15.06287500
16.59070800
16.91604200
16.67541600
16.78679200
16.56770800
16.58979200
16.64666700
16.77133300
16.72270800
16.57716700
16.91887500
16.36441700
16.71425000
16.77429100
16.73029200
16.60008300
16.70733400
16.94533300
16.57987500
18.87820800
15.86400000
16.10629200
16.44566700
16.91175000
16.10208300
16.86687500
16.52987500
16.50008300
16.66104200
16.84087500
16.44362500
16.67033300
16.67412500
16.63379200
16.70008300
16.76045900
16.50762500
16.89654100
16.56954200
16.68829200
16.68116600
16.75550000
16.93133400
16.41562500
16.81729100
16.49683400
16.69066600
16.84345900
16.65370800
16.64333300
16.80070900
16.68208300
16.58870800
16.89991700
16.37716700
16.78533300
16.55237500
16.70175000
16.66416700
16.69954100
16.66195900
16.65616600
16.67891700
16.67925000
16.88250000
16.54741700
16.79104100
16.57200000
16.63345900
16.65800000
16.79008300
16.60733300
16.71525000
16.48595900
16.82729100
16.65566700
16.70291700
16.60866600
16.74220900
16.70020800
16.85291700
16.50912500
16.78745800
16.58737500
16.67533300
16.65958400
16.67058300
16.70841700
16.83112500
16.56675000
16.91320800
16.50441700
16.65300000
16.60212500
16.74525000
16.88058300
16.48254200
16.62983300
16.61345800
16.77104200
16.75725000
16.66525000
16.62616700
16.88087500
16.43304100
16.75541700
16.55750000
16.69445800
16.70070900
16.74220800
16.73491700
16.76045800
16.75895800
16.42170900
16.78537500
16.57541600
16.79691700
16.79937500
16.53850000
16.64054200
16.87479100
16.51404200
16.69425000
16.71329200
16.71733300
16.65025000
16.57145800
16.73179200
17.05275000
16.35137500
16.52437500
16.85258300
16.74333400
16.50512500
16.80512500
16.68416600
16.53658400
16.78354100
16.69954200
16.70358300
16.67233400
16.68416600
16.83725000
16.54337500
16.69275000
16.59762500
16.64504200
16.89262500
16.53862500
16.75329200
16.65591600
16.81566700
16.46591700
16.67845800
17.08387500
16.52029200
16.53179100
16.63983400
16.66737500
16.69158300
16.71604200
16.59170800
17.17933300
16.38829200
16.63941700
16.64954100
16.57233400
16.66562500
16.74541600
16.63141700
16.70766700
16.81166600
16.69312500
16.57154200
16.70333300
16.72066700
16.67012500
16.63387500
16.73375000
16.76595800
16.64645900
16.63362500
16.69995800
16.71679200
16.70866600
16.60470900
16.66787500
16.67854100
16.64804200
16.75075000
16.64620800
16.68295900
16.72329100
16.66466700
16.58141700
16.78245800
16.62733300
16.64416700
16.71591700
16.77941600
16.58145900
16.81579100
16.57454200
16.98454200
16.95308300
16.57816700
16.52266600
16.74029200
16.45095800
16.56266700
16.77104200
16.71550000
16.56504100
16.88308400
16.68391600
16.50512500
16.73000000
16.67654200
16.64320800
16.81191700
16.71454200
16.53916600
16.87725000
16.57929200
16.61416700
16.73354100
17.09420900
16.30504100
18.95750000
15.85083400
16.14245800
16.49720800
17.03141700
16.15825000
16.64620800
16.52525000
16.90154200
16.49216700
16.60350000
16.45412500
16.59883300
16.74104200
16.65187500
16.87725000
16.48633300
16.66491700
16.79575000
16.75058300
16.56895800
16.54566700
16.87808300
16.50950000
16.64533400
16.90520800
16.51083300
16.82658400
16.58820800
16.61500000
16.73266700
16.67433300
16.95970800
16.72537500
16.59833400
16.51020800
16.70637500
16.62037500
16.54504200
16.78016600
16.86829200
16.49612500
16.79900000
16.48437500
16.75079200
16.58237500
16.88429100
16.73095900
16.63754100
16.64000000
16.62525000
16.69304200
16.79075000
16.67075000
16.99187500
16.38483300
16.85454200
16.49487500
16.45904200
16.84608300
16.68912500
16.67812500
16.56383300
17.01900000
16.53983400
16.81366600
16.56762500
17.00620900
16.32916600
16.46095900
16.93191600
16.83312500
16.58416700
16.92400000
16.46304200
16.75200000
16.52662500
16.51033300
16.91683300
16.63945900
16.58404100
16.61666700
16.63608300
16.74216700
16.63458300
16.66029200
16.83041700
16.54920800
16.92958300
16.64579200
16.57520800
16.66054200
16.63695800
16.73916700
16.60037500
16.73295800
16.79033400
16.71879100
16.69066700
16.55587500
16.67925000
16.92179200
16.44550000
16.64162500
16.69066600
16.67879200
16.97004200
16.53287500
16.56287500
16.62420800
16.76333300
16.60508400
16.72954100
16.64504200
16.93187500
16.52316700
16.79425000
16.46237500
16.73908300
16.64158300
16.72841700
16.64779200
16.65062500
16.90608300
16.81279200
16.60137500
16.58012500
16.74933300
16.80954200
16.35808300
16.74933300
16.89695900
16.47375000
16.67854100
17.02575000
16.43479200
16.87879200
16.80325000
16.33766600
16.75837500
16.53195900
16.72358300
16.64700000
16.71562500
16.82895800
16.52987500
16.76312500
16.64287500
16.57908400
16.65537500
16.70383300
16.70383300
16.72612500
16.60787500
16.60833400
16.70337500
16.93200000
16.47187500
16.66979100
16.75220900
16.61058300
16.73962500
16.66845800
16.65312500
16.69233400
16.71941600
16.62212500
16.77441700
16.65220800
16.72604200
16.63979200
16.62041600
16.69325000
16.72762500
16.76375000
16.53862500
16.75579200
16.64662500
16.74270800
16.68050000
16.64108400
16.65787500
16.72608300
16.76512500
16.69595800
16.64504200
16.61029200
16.72666600
16.69029200
16.69445800
16.72233400
16.62345800
16.71550000
16.61754200
16.66625000
17.19700000
16.61733300
16.62187500
16.64812500
16.52191700
16.57541600
16.72862500
16.56183400
16.65345800
16.93804200
16.60408300
16.58633300
16.77687500
16.65737500
16.87437500
16.63150000
17.44983400
16.17762500
16.57970800
16.68904200
16.56670800
16.66520800
16.67262500
16.58920900
16.67195800
16.71387500
16.64512500
16.73929200
16.63795800
16.69816700
16.58412500
16.78820800
16.57345800
16.82025000
16.51150000
16.77866700
16.60979200
16.74083300
16.60100000
16.89091700
16.52645800
16.86850000
16.45533300
16.72029200
16.72350000
16.71695800
16.66487500
16.67558400
16.94329100
16.80066700
16.31029200
16.86491600
16.42550000
16.71679200
16.56333300
16.70225000
16.80058400
16.71887500
16.64520800
17.17237500
16.72579200
16.73970800
16.73562500
16.31425000
16.59275000
17.57441700
15.95904100
16.47925000
16.92291700
16.67608300
16.68412500
16.49533400
16.60545800
16.66554200
16.66087500
16.76483300
16.44212500
16.82362500
16.86300000
16.50312500
16.60370800
17.11633400
16.35891600
16.69125000
16.52166700
16.77150000
16.55775000
16.72241700
16.72204100
16.64695900
16.64150000
16.80770800
16.68112500
16.57012500
16.73795800
16.72858400
16.73120800
16.56658300
16.62991700
16.98895800
16.43558400
16.84070800
16.60725000
16.60120800
16.73658400
16.61833300
16.65791700
16.65108300
16.83512500
16.79291700
16.58883300
16.62679200
16.75345800
16.52000000
16.82333300
16.70812500
16.64404200
16.84154200
16.53154100
16.99841700
16.47750000
16.46666700
16.87129100
16.52795900
16.76204100
16.68991700
16.54366700
16.83083300
16.61237500
16.76466700
16.57675000
16.76558300
16.64070800
16.72575000
16.66100000
16.67858400
16.67383300
16.73020800
16.58241700
16.72520800
16.68541700
16.75675000
16.52804200
16.75287500
16.67441600
16.68270900
16.65008300
16.69454200
16.93375000
16.48270800
16.64491700
16.71358300
16.59520800
16.81908400
16.59554100
16.64412500
16.68825000
16.67012500
16.66450000
16.92737500
16.45720900
16.76820800
16.60300000
16.64512500
16.66487500
16.86441700
16.60354100
16.79695900
16.63716600
16.74141700
16.53933300
16.69616700
16.72616700
16.62779100
16.67004200
16.62808300
16.73550000
16.71370900
16.65808300
17.12650000
16.45329200
16.42758300
16.71479200
16.82525000
16.50516600
16.73229200
16.67516700
16.65233300
16.76029200
16.85741600
16.41537500
16.77208400
16.61958300
16.71116700
16.84537500
16.69158300
16.50908300
16.69966700
16.75433300
16.56783400
16.71937500
16.69966600
16.71591700
16.69179200
16.81100000
16.58966600
16.61708400
16.72308300
16.64120800
16.75816700
16.73329200
16.53208300
16.75629200
16.72241600
16.58200000
16.65495900
16.76066600
16.63516700
16.68454200
16.88237500
16.72125000
16.66566600
19.27245900
15.06712500
16.57087500
16.26441600
16.50541700
16.65233300
16.61720900
16.62883300
16.60912500
16.55695800
16.67241700
16.67462500
16.67050000
16.63916700
16.76091600
16.65483400
16.73008300
17.15279200
16.15583300
16.67308300
16.74637500
16.68179200
16.56454200
16.75829100
16.71045900
16.69270800
16.57091700
16.88970800
16.51833300
16.79429200
16.60045800
16.73033400
16.79266600
16.78575000
16.59825000
16.56825000
16.61725000
16.66916700
16.67125000
16.65525000
16.72770800
16.66283400
16.64020800
16.71337500
16.68216700
16.64254100
16.75041700
16.78233300
16.61158400
16.60929100
16.67795900
16.69962500
16.68991600
16.67545900
16.69987500
16.81820800
16.59954200
16.82175000
16.61187500
16.61495800
16.69350000
16.65220800
16.61841700
16.73512500
16.62983300
16.65941700
16.71179200
16.82695800
16.49558300
16.80620900
16.63887500
16.65391600
16.66358400
16.77250000
16.57625000
16.64620800
16.92541700
16.90941600
16.26916700
16.84725000
16.61341700
16.59075000
16.63929100
16.83041700
16.67879200
16.70558300
16.82854200
16.45570800
16.75820800
16.73000000
16.59779200
16.60354200
16.74066600
16.74904200
16.61820800
16.70004200
16.75733300
16.67079200
16.53141700
16.97095800
16.35987500
16.85083300
16.51016700
16.74445800
16.68062500
16.81958400
16.61137500
16.69350000
16.74695800
16.47662500
16.86816700
16.59004100
16.68183400
16.68483300
16.74308300
16.64783400
16.72479100
16.78737500
16.65087500
16.59466700
16.66854200
16.63170800
16.88137500
16.52341700
17.32137500
16.29691600
16.53020900
16.57912500
16.65379100
16.87887500
16.61491700
16.67929200
16.62487500
16.74308300
16.86025000
16.60854200
16.59512500
16.82712500
16.64891600
16.58712500
16.59216700
16.64541700
16.70475000
16.74775000
16.54008300
16.72145800
16.69325000
16.78437500
16.57200000
16.80025000
16.62183400
16.63933300
16.75991700
16.62475000
16.76000000
16.65725000
16.57737500
16.84312500
16.61766600
16.53583400
16.86870800
16.54645800
16.63929200
16.72337500
16.69754200
16.64158300
16.77262500
16.68875000
16.70016700
16.61220800
16.75712500
16.72870800
16.67041700
16.61762500
16.63975000
16.66937500
16.75791700
16.86837500
16.67054100
16.55595900
16.65133300
16.59783300
16.79116700
16.57454200
16.72837500
16.79204100
17.12429200
16.10637500
16.71420800
16.73591700
16.64083300
16.63462500
16.79775000
16.68987500
16.54791700
16.69775000
16.66408300
17.09975000
16.52508400
16.63729100
16.71200000
16.56887500
16.75041700
16.62062500
16.74675000
16.58125000
16.75666700
16.76691600
16.68045900
17.35241600
16.06041700
16.71054200
16.62279100
16.68375000
16.59008400
16.69987500
16.65562500
16.68641600
16.70775000
16.72725000
16.62400000
16.72466700
16.65750000
16.78870800
16.44416700
16.81104200
16.61362500
16.77200000
16.57333300
16.83570800
16.58920900
16.63545800
16.70116700
16.64041600
16.76100000
16.63845900
16.75300000
16.93933300
16.48775000
16.50275000
16.80170800
16.90958400
16.56520800
16.62441700
16.78404100
16.47950000
17.02091700
16.49466700
16.62708300
16.58675000
16.60929200
16.73650000
16.60683300
16.82637500
16.57758300
16.69745900
16.77850000
16.85983300
16.47241700
16.81091600
16.64837500
16.61966700
16.58695800
16.74187500
16.62458400
16.78354100
16.57475000
16.72350000
16.72608400
16.68408300
16.65420800
16.74741700
16.61191700
16.64829100
16.85545900
16.55595800
16.64308300
16.69408400
16.59658300
16.79879200
16.61425000
16.73120800
16.69687500
16.59650000
16.85645800
17.40812500
16.27850000
18.35537500
14.90925000
16.36216700
17.04891700
16.66541600
16.54516700
16.53083300
16.79100000
16.47516700
16.76791700
16.81341600
16.68458400
16.50470800
16.73729200
16.69079100
16.52204200
16.87466700
16.57995800
16.64479200
16.92225000
16.90083300
16.46608300
18.01470900
15.20558300
16.83400000
17.15720800
17.52337500
15.35925000
16.76791700
16.64787500
16.78662500
16.60525000
16.82075000
16.45995800
16.78800000
16.75808400
16.73454100
16.47675000
16.61616700
16.67170800
16.56937500
16.85775000
16.54191700
16.90150000
16.75945800
16.57708400
16.89387500
16.62775000
16.47141600
16.66508400
16.72737500
16.60541600
16.65333400
16.72808300
16.73575000
16.56091700
16.85633300
16.65187500
16.48350000
16.72575000
16.79529200
16.60700000
16.67970800
16.66362500
16.71337500
16.63483300
16.73379200
16.71925000
16.69079200
16.79154100
16.60391700
16.53433300
16.63416700
16.69341700
16.82533300
16.58775000
16.75258300
16.62687500
16.84300000
16.65516700
16.54258300
16.73829200
16.68020800
16.61162500
16.76270900
16.52733300
16.70029200
16.80504100
16.57504200
16.67770800
16.74950000
16.82500000
16.56533400
16.70595800
16.60516700
16.66033300
16.70633300
16.78229200
16.60375000
16.78579200
16.62929100
16.81950000
16.56908400
16.58762500
16.74616600
16.69283400
16.58529100
16.81329200
16.54950000
16.81445800
16.62145900
16.69754100
16.75779200
16.66787500
16.72558300
16.61187500
16.80720900
16.54633300
16.72970800
16.57579200
16.69229200
16.77887500
16.75870800
16.46187500
16.92200000
16.54870800
16.74520900
16.87350000
16.61433300
16.93654200
16.49191600
16.43075000
18.61937500
16.02858400
16.21329100
16.16020900
16.74400000
16.46437500
16.88208300
16.64466700
16.59766600
16.53416700
16.67512500
16.63154200
16.77050000
16.58625000
16.69775000
16.62929100
16.78304200
16.59737500
16.87233300
16.56658400
16.71704100
16.57537500
16.70612500
16.75041700
16.72683300
16.68333400
16.53579100
16.80712500
16.68175000
16.64062500
16.70379200
16.68445800
16.84366700
16.59304200
16.71287500
17.04062500
16.08991600
16.68904200
16.83791700
16.54662500
16.86095800
16.56041700
16.68237500
16.66929100
16.67025000
16.70920900
16.65095800
16.65800000
16.69991700
16.63429100
16.78016700
16.62983300
16.66179200
16.73904200
16.71791600
16.53262500
16.78608400
16.96770800
16.41054200
16.62162500
16.70045800
16.68516700
16.82254100
16.56720900
16.65100000
16.66254100
16.72983400
16.74545800
16.58900000
16.71400000
16.67045800
16.72391700
16.63579200
16.81933300
16.53100000
16.68179200
16.72258300
16.63058300
16.80804200
16.73408300
16.67287500
16.72841700
16.59787500
16.69916700
16.72229100
16.89600000
16.44287500
16.73079200
16.69008300
16.62612500
16.67358400
16.71220800
16.69091700
16.63212500
16.70920800
16.70145800
16.52925000
16.68091700
16.75020800
16.65829200
16.65379200
16.71845800
16.66591700
16.65979100
16.74500000
16.73620900
16.74120800
16.53020800
16.76295900
16.59616600
16.72891700
16.64945800
16.76216700
16.60691700
16.60179100
16.78787500
16.62350000
17.00720900
16.42112500
16.60600000
16.76712500
16.62058300
16.68312500
16.66458300
16.71720900
16.62337500
16.76533300
16.78508300
16.67808400
16.53637500
16.72095800
16.71329200
16.59658300
16.71683300
16.71441700
16.70495800
16.64108400
16.73783300
16.68195800
16.72212500
16.62833400
16.69350000
16.62833300
16.70195800
16.65558400
16.68087500
16.68637500
16.80579100
16.60320900
16.72466600
16.60387500
16.68470900
16.65904100
16.76395900
16.60825000
16.69429100
16.74212500
16.61075000
16.71416700
16.73183300
16.59083400
16.67420800
16.73758300
16.65516700
16.67570800
16.74770900
16.62191600
16.66825000
16.69250000
16.71270900
16.66587500
16.72479100
16.62241700
16.73316700
16.67058300
16.67770800
16.79020900
16.76741600
16.58641700
16.97045800
16.32958400
16.70145800
16.74458300
16.82133400
16.69354100
16.47179200
16.93962500
16.52650000
16.55804200
16.68283300
16.70612500
16.60216700
16.73262500
16.79125000
16.73045800
16.67745800
16.70504200
16.55208300
16.83458400
16.75083300
16.53220800
16.67166700
16.76791700
16.55454100
16.73933400
16.67495800
16.71054200
16.65775000
16.88533300
16.81491700
18.36716600
16.24795900
16.35729100
16.11829200
16.46837500
16.57362500
16.66233300
16.42737500
16.74800000
16.66387500
16.57679200
16.54087500
16.82841700
16.70487500
16.67870800
16.70133300
16.67391700
16.67316700
16.69329100
16.66045900
16.68016600
16.69033400
16.67220800
16.67812500
16.71433300
16.55162500
16.75700000
16.90058400
16.47408300
16.67366700
16.66862500
16.73887500
17.00200000
16.62841600
16.49920900
16.77583300
16.41591700
16.91804100
16.45641700
16.79262500
16.74633300
16.67237500
16.50483400
16.68145800
16.65658300
16.85941700
16.54654200
16.68841600
16.90029200
16.84204200
16.60341600
16.53445900
16.77308300
16.60516700
16.68745800
16.66145800
16.63533400
16.82745800
16.46591700
16.78304100
16.55866700
16.77500000
16.64150000
16.62445800
16.69508400
16.72741600
16.60962500
16.68016700
16.69133300
16.62720900
16.73550000
16.78037500
16.52283300
16.78816700
16.65554100
16.68829200
16.64954200
16.72358300
16.60087500
16.78379200
16.78237500
16.47912500
17.11950000
16.42408300
16.89125000
16.51241700
16.51750000
16.81520800
16.61929200
16.59925000
16.80016600
16.69304200
16.62295800
16.69187500
16.75108400
16.71283300
16.52941700
16.81358300
16.59462500
16.64645800
16.76050000
16.68729200
16.56112500
16.84108300
16.67391700
16.63125000
16.70741700
16.70904100
17.01679200
16.35383300
16.77283400
16.49104100
16.65133400
16.79179100
16.62508400
16.69737500
16.62675000
16.77420800
16.67116700
16.76854100
16.64966700
16.63283300
16.65270900
16.65212500
16.71716600
16.74083400
16.66329100
16.62329200
16.72641700
16.64108300
16.73433300
16.65625000
16.70462500
16.71679200
16.56841700
16.93158300
16.52241700
16.65025000
16.80633300
16.58783300
16.68825000
16.68195900
16.71079100
16.68562500
16.63087500
16.69800000
16.70433400
16.86000000
16.47166600
16.70458400
16.63658300
16.67945800
16.61404200
16.74516700
16.66516600
16.67008400
16.77887500
16.69862500
16.64720800
16.63641700
16.69591600
16.68791700
16.67333300
16.76583400
16.76962500
16.48083300
16.70645800
16.70904200
16.94883300
16.59062500
16.83316700
16.38825000
16.59320800
16.75595900
16.72916600
16.77375000
16.50458400
16.80033300
16.69691700
16.54425000
16.69979100
16.80904200
16.55062500
16.66591700
16.71945800
16.70525000
16.76500000
16.57741700
16.70600000
16.69700000
16.66375000
16.62512500
16.70262500
16.73833300
16.67308300
16.61991700
16.80000000
16.66804200
16.69729100
16.58350000
16.80495900
16.73620800
16.53158300
16.68666700
16.72933300
16.73425000
16.53929200
16.99029200
16.58754100
16.78708400
16.65966600
18.64850000
15.83379200
16.35404200
16.29475000
16.65054100
16.56054200
16.72041700
16.43566600
16.64412500
16.72012500
16.60350000
16.62608400
16.70375000
16.64975000
16.67004100
16.68850000
16.86916700
16.67720800
16.45341700
16.78583300
16.64245900
16.70520800
16.60137500
16.74016700
16.74737500
16.67787500
16.53579100
16.73229200
16.74704200
16.63425000
16.73637500
16.76737500
16.70404100
16.76991700
16.66304200
16.42050000
16.63529100
16.71554200
16.78720800
16.57070900
16.64070800
16.73141700
16.63716600
16.73925000
16.65545900
16.75483300
16.66341700
16.61458300
16.77200000
16.63983300
16.66929200
16.68220800
16.71266700
16.68929200
16.58500000
16.78066600
16.84141700
16.43920800
16.69400000
16.72483400
16.74662500
16.52941600
16.80266700
16.63241700
16.63575000
16.75862500
16.66687500
16.72800000
16.62037500
16.71858300
16.63087500
16.72350000
16.64158300
16.66370900
16.76904100
16.61412500
17.01654200
16.56887500
16.48204200
16.77925000
16.55925000
16.66866600
16.69829200
16.66241700
16.89391600
16.60108400
16.75241600
16.66787500
16.53058400
16.68075000
16.77212500
16.59812500
16.77504100
16.56320900
16.77466600
16.60937500
16.82087500
16.71841700
16.53666700
16.77237500
16.57987500
16.66145800
16.70141700
16.81058300
16.53679200
16.81945800
16.59729200
16.78225000
16.65637500
16.74545800
16.55133300
16.75670900
16.70220800
16.70829200
16.56875000
16.63041600
16.95612500
16.55670900
16.68641600
16.70891700
16.62945800
16.65183400
16.62750000
16.68891600
16.75083400
16.71354100
16.69016700
16.67412500
16.75875000
16.66358300
16.59670900
16.74591600
16.74195900
16.47687500
16.80162500
16.65370800
16.83991700
16.82487500
16.36675000
16.71904100
16.63920900
16.58037500
16.89933300
16.59979200
16.59029100
16.78170900
16.67183300
16.60404200
16.67516600
16.81529200
16.70291700
16.63258300
16.67729200
16.72225000
16.66912500
16.62479100
16.58725000
16.81520900
16.55245800
16.78062500
16.73487500
16.62125000
16.61062500
16.72304200
16.71745800
16.64520800
16.79204200
16.64991700
16.59345800
16.72812500
16.75237500
16.64808300
18.20716700
15.18270800
16.59758400
16.67379100
16.89191700
16.60558300
16.61562500
16.68108400
16.69454100
16.56025000
16.72466700
16.72637500
16.72666700
16.68679100
16.80366700
16.54554200
16.59575000
16.75012500
16.63891600
16.69662500
16.77662500
18.40879200
15.45545800
16.71354200
17.71441700
17.02745800
17.57308300
15.52512500
15.28508400
16.60350000
16.57041600
16.53591700
16.72354200
16.79362500
16.69912500
16.57200000
16.91445800
16.64704200
17.62283300
16.19029200
16.78404100
16.32158400
16.73675000
16.43004100
16.71866700
16.67104200
16.58458300
16.68837500
16.65383300
16.61012500
16.73800000
16.69025000
16.74220900
16.55883300
16.77179200
16.63458300
16.71962500
16.59450000
16.74262500
16.72412500
16.69787500
16.68550000
16.60462500
16.73120800
16.93216700
16.43004200
16.63058300
16.75708300
16.67458400
16.91625000
16.50795800
16.84562500
16.58033300
16.77916700
16.43387500
16.56975000
16.72612500
16.77445800
16.52554200
16.75687500
16.81012500
16.56154200
16.76766600
16.70429200
16.83483300
16.39691700
16.73787500
16.70741700
16.86041600
16.64050000
17.14225000
16.46641700
16.47291700
17.19887500
16.22441600
16.47412500
16.63258400
16.69245800
16.68004200
16.67812500
16.68891600
16.77625000
16.59170900
16.61995800
16.75033300
16.62358400
16.68020800
16.74229200
16.72179100
16.65991700
16.71245800
16.70362500
16.62729200
16.71325000
16.63991700
16.69020800
16.70554200
16.65316600
16.62808400
16.77850000
16.62537500
16.73995800
16.73054200
16.72212500
16.69770800
16.65312500
16.50241700
16.71120800
16.64708300
16.73095900
16.68270800
16.73070800
16.68791700
16.80741700
16.59962500
16.78879100
17.65933400
17.19016600
15.47675000
16.95304200
16.13600000
16.62720800
16.61325000
16.71729200
16.92325000
16.48175000
16.73895800
16.51075000
16.72237500
16.61962500
16.80033400
16.56508300
16.68825000
16.73820800
16.62587500
16.78712500
16.73545900
16.62300000
17.43425000
15.86754100
16.60333400
16.76491600
16.64550000
16.69850000
16.76683400
16.56783300
16.68670800
16.70062500
16.73366700
16.75241700
16.55991600
16.79658400
16.61895800
16.63700000
16.70462500
16.65079200
16.77741600
16.57370900
16.76612500
16.64054100
16.68425000
16.77254200
16.56025000
16.68375000
16.97054200
16.46754100
16.72391700
16.61716700
16.67166600
16.69900000
16.66066700
16.65533300
16.83937500
16.68687500
16.71933400
16.45254100
16.77208400
16.61975000
16.76616600
16.66170900
16.64587500
16.64145800
16.71575000
16.67695800
16.95800000
16.50887500
16.61258400
16.72104100
16.58058400
16.67087500
16.78112500
16.62979100
16.67404200
16.70820800
16.65250000
16.67691700
16.79033300
16.69587500
16.60683400
16.66779100
16.68212500
16.67095900
16.71475000
16.67212500
16.72783300
16.60366700
16.78891600
16.69012500
16.66354200
16.70412500
16.67091700
16.88487500
16.54591600
16.63208400
16.64962500
16.67741600
16.66137500
16.77850000
18.27279200
15.09987500
16.58950000
16.68445800
16.65720900
16.70304100
16.88925000
16.53075000
16.58795900
16.73808300
16.64229200
16.64275000
16.79612500
16.58287500
16.69400000
16.70566600
16.60845900
16.78258300
16.64208300
16.75158400
16.60041600
16.76854200
16.69329200
16.73695800
16.56995800
16.59516700
17.01658300
16.51475000
16.76000000
16.57133400
16.64650000
16.63404100
16.70004200
16.95608300
16.75941700
16.45908300
18.44850000
17.00329200
14.95016700
16.46670800
16.50508300
16.71483400
16.78129100
16.78133400
16.64641600
16.61841700
17.05683300
16.34637500
16.70100000
16.72625000
16.62775000
16.65183400
16.94970800
16.46908300
16.64058400
16.76166600
16.91154200
16.43679200
16.66170800
16.58770800
16.66170900
17.06037500
16.44800000
16.63329100
70.41000000
19.54795900
8.46316600
22.68708400
6.42912500
6.40841600
6.43887500
6.22433400
5.95529100
14.18254200
16.79862500
17.09429200
16.17862500
16.72937500
16.82137500
16.60429100
16.57141700
16.80895800
16.63970900
16.74695800
16.57479200
16.76504100
16.69462500
16.67187500
16.61470900
16.79745800
16.45812500
16.62704200
16.97441600
16.73300000
16.44962500
16.76383400
16.83600000
16.60887500
16.48125000
16.61820800
16.81808300
16.63591700
16.69962500
16.56279200
16.70183300
16.97833300
16.61208400
16.78004100
16.64679200
16.71383300
16.60041700
16.56858300
16.66633400
16.72466600
16.60687500
16.75637500
16.50504200
16.82666700
16.70933300
17.16954200
16.08787500
16.76508300
16.70841700
16.63020800
16.63779200
16.71691600
16.82050000
16.69645900
16.64954100
16.69787500
16.70670900
16.48579100
16.89070900
16.67616600
16.68495900
16.71491600
16.47637500
16.86445900
16.62025000
16.83200000
16.40470800
16.85833300
16.69000000
16.72450000
16.58008400
16.65175000
16.76366600
16.67900000
16.64970900
16.65237500
16.61016600
16.57000000
16.73808400
16.63733300
16.81412500
16.62654200
16.80170800
16.61533300
16.77550000
16.45608400
16.75062500
16.67429100
16.69645900
16.74779100
16.63554200
16.68075000
16.73220800
16.57791700
16.69550000
16.63354200
16.77412500
16.63033300
16.74825000
16.60641700
16.77579100
16.76450000
16.56354200
16.65937500
16.74370800
16.60954200
16.69325000
16.72558300
16.64045900
16.66250000
16.66770800
16.69129200
16.72079100
16.71695900
16.64775000
16.66454100
16.66929200
16.65979200
16.75954100
16.64004200
16.62658300
17.00425000
16.45808400
16.72516600
16.71733400
16.64904100
16.57170900
16.76033300
16.59970800
16.70633400
16.73558300
16.90700000
16.57804200
16.72104100
16.91129200
16.44908300
16.67025000
16.49316700
16.68458300
16.68212500
16.89141700
16.93887500
16.59783300
16.52533400
16.74387500
16.42850000
16.69541600
16.77837500
16.58516700
16.69545800
16.66979200
16.78025000
16.60754200
16.59737500
16.73833300
16.69950000
16.63520800
16.81095900
16.68458300
16.60179200
16.65716600
16.75779200
16.59108300
16.66450000
16.75366700
16.85008300
16.52287500
16.73816700
16.81050000
16.55487500
16.73216700
16.59337500
16.73975000
16.63241600
16.60945900
16.92900000
16.74645800
16.53516700
17.25875000
16.55891600
16.48604200
16.87383300
16.38470900
16.65850000
16.73841600
16.60708400
16.60379100
16.73141700
16.63616700
16.65433300
16.73466700
16.62008300
16.82987500
16.49020800
16.79991700
16.66079200
16.56650000
16.81854100
16.54033400
16.79466600
16.67058400
16.73595800
16.62129200
16.72879100
16.68629200
16.56033300
16.78037500
16.54666700
16.82704200
16.87745800
16.66075000
16.47904200
17.30095800
16.44033300
16.57270900
16.51916600
16.66604200
16.66845800
16.51733400
16.85316600
16.45204200
16.79837500
16.68408300
16.59137500
16.74183400
16.66887500
16.78087500
16.62966600
16.74166700
16.56937500
16.70516700
16.66216600
16.68450000
16.70700000
16.69250000
16.60708400
16.84070800
16.73241700
16.56212500
16.76970800
16.63104200
16.74895800
16.61500000
16.72558300
16.68779200
16.60787500
16.73604200
16.54775000
16.82025000
16.70191600
16.71008400
16.71291600
16.82929200
16.68883300
16.61983400
16.67445800
16.42791700
16.64200000
16.85741600
16.67929200
16.79966700
16.63125000
16.54100000
16.74075000
17.10320800
16.41708300
16.81466700
16.67941700
16.37437500
16.92895800
16.65558300
16.64133400
16.71720800
16.44350000
16.70387500
16.64529200
16.68775000
16.99025000
16.70645800
16.54970800
16.57170900
16.61300000
16.66687500
16.63312500
16.73825000
16.78404100
16.74408400
16.61858300
16.63320800
16.62100000
16.64729200
16.68162500
16.74483300
16.71283400
16.79337500
16.52750000
16.63275000
16.74066600
16.73570900
16.63308300
16.70516700
16.72254100
16.72320900
16.72958300
16.61495800
16.61700000
16.67862500
16.90037500
16.59454200
16.71029200
16.54879100
16.69087500
16.94212500
16.52329200
16.71466700
16.46479100
16.58158400
16.82237500
16.65287500
16.71845800
16.77279200
16.76500000
16.50220800
16.69616700
16.60491600
16.72387500
16.64237500
16.70812500
16.59500000
16.76679200
16.78625000
16.61125000
16.64195800
16.65683400
16.67870800
16.70416700
16.79695800
16.72041700
16.78029100
16.54566700
16.55208300
16.72400000
16.71995900
16.65362500
16.63454100
16.70237500
16.79608400
17.50679100
17.08354200
15.66508300
17.19112500
16.45983400
16.74704100
16.48395900
16.96350000
16.37966600
16.86779200
16.55433300
16.80612500
16.48645900
16.43233300
16.93791700
16.64095800
16.63425000
16.66320800
16.94020900
16.30858300
16.67183300
16.79700000
16.91591700
16.37016700
16.74775000
17.00008300
16.67491700
16.31870800
16.51483300
16.66737500
16.80141700
16.73679200
16.59929100
16.60358400
16.73208300
16.63187500
16.70141700
16.72820800
17.13745800
16.19120900
16.81233300
16.68275000
16.75241700
16.68587500
16.61804100
16.78891700
16.59979200
16.73212500
16.51875000
16.87150000
16.56370800
16.71795800
16.76712500
16.51433400
16.75370800
16.74950000
16.72012500
16.64108300
16.58387500
16.66458400
16.73787500
16.64170800
16.62387500
16.75879200
16.69470800
16.57062500
16.70245800
16.75704200
16.69404200
16.62529100
16.68262500
16.71841700
16.86866700
16.52412500
16.70158300
16.55658300
16.77095900
16.68641600
16.70908400
16.69770800
16.99033300
16.33758400
16.83491600
16.67512500
16.50045900
17.16233300
16.36654200
16.65700000
16.50245800
16.74283300
16.73529200
16.69587500
16.66820800
16.68629200
16.65241700
16.72891600
16.64220900
16.59216600
16.73258400
16.72908300
17.10704200
16.47616600
16.53975000
16.60358400
16.61112500
16.78629100
16.56754200
16.79475000
16.67020800
16.83804200
16.60762500
16.51566700
16.76887500
16.69195800
16.68804200
16.67975000
16.55454100
20.43633400
13.33975000
16.45566600
16.52316700
16.77016700
16.68725000
16.86529100
16.50375000
16.68000000
19.56420900
13.82266600
16.66283400
16.68550000
16.68600000
16.64929100
16.69504200
16.58687500
16.83933300
16.63054200
16.88412500
16.57141700
16.58766600
16.59170900
16.75995800
16.72554200
16.52241600
16.77995900
16.70583300
16.86204200
16.52470800
16.73254200
16.73075000
16.50970800
16.70441700
16.67954100
16.67595900
16.75691600
16.73741700
16.57062500
16.81341700
16.49666600
16.77354200
16.62625000
16.69708300
16.64850000
16.68620900
16.71145800
16.74000000
16.59666700
16.76237500
16.78066600
16.58087500
16.69404200
17.60337500
15.75620800
17.01554200
16.67675000
16.52308300
16.62391700
16.71137500
16.74329200
16.64395800
16.58120800
16.68625000
16.65904200
16.78033300
16.64758400
16.75441600
16.72500000
16.56654200
16.64433300
16.82129200
16.44129200
16.70066600
16.64033400
16.68220800
16.62633300
16.84383400
16.67370800
16.61550000
16.69375000
16.60958300
16.76412500
16.76345900
16.56608300
17.11370800
16.40104200
20.47675000
13.04058300
16.60675000
16.73687500
16.55558400
16.71725000
16.71437500
16.70750000
16.64225000
16.55512500
16.56545800
16.76641700
16.62450000
16.68408300
16.72662500
16.61179200
16.75891600
16.61858400
16.68629100
16.71333400
16.66291600
16.61041700
16.84000000
16.79695800
16.65450000
16.78125000
16.80641700
16.48008300
16.87054200
16.50529200
16.57100000
16.71529100
16.81816700
16.66370800
16.58295900
16.62583300
16.71704200
16.54700000
16.72433300
16.60966700
16.79808300
16.65166700
16.69600000
16.68937500
16.92875000
16.53454100
16.63700000
16.57208400
16.72237500
16.62391600
17.08925000
17.39375000
15.67804200
16.69429200
16.64958300
16.82500000
16.62470800
16.77270900
16.38270800
16.91141700
16.71295800
16.72966700
16.58783300
16.84504200
16.38741600
16.66766700
16.73962500
16.66670800
16.69166700
16.67791700
16.81125000
16.54837500
16.77500000
16.63045800
16.68075000
16.64883300
16.67783400
16.73000000
16.86495800
16.68412500
16.43720800
16.74041700
16.66116700
16.77795800
16.57200000
16.88941700
16.50250000
16.74416600
16.59366700
16.64625000
16.76716700
16.62908300
16.66116700
16.70241600
16.80670900
16.52995800
16.71987500
16.79875000
16.68500000
16.59587500
16.67429200
16.89466600
16.45487500
16.64958400
16.68304100
16.66220900
16.78829100
16.63333400
16.65158300
17.38500000
16.08712500
16.64837500
16.63341700
16.80766600
16.65625000
16.64395900
16.68920800
16.64816700
16.66704100
16.62470900
17.41216600
16.01662500
16.70775000
16.64904200
16.66887500
16.70670800
16.62433400
16.76345800
16.64087500
16.70370800
16.76008400
16.81062500
16.59229100
16.59616700
16.68179200
16.65950000
16.64862500
16.71070800
16.66675000
16.66591700
16.71737500
16.66600000
16.66533300
16.69050000
16.68308300
16.75400000
16.80545900
16.52262500
16.67458300
16.65900000
16.69725000
16.72725000
16.61650000
16.73254200
16.66845800
16.67287500
16.71429200
16.65400000
16.66270800
16.74425000
16.62675000
16.72120800
16.71550000
16.72741700
16.59191700
16.67662500
16.72975000
16.61354100
21.10958400
12.31262500
19.16483300
15.46591700
16.12175000
16.70662500
16.36916600
16.68737500
16.49954200
16.67229200
16.88679100
16.42304200
17.14937500
16.23279200
16.58954100
16.73016700
16.64816700
16.83079100
16.46283400
16.75916600
16.63320900
16.69604100
16.67595900
16.66566600
16.74712500
16.72337500
16.68541700
16.55087500
16.82283300
16.65316700
16.73279200
16.54329100
16.86233400
16.75220800
16.70075000
16.55912500
16.59670800
16.84037500
16.52320900
16.66329100
16.62879200
16.64725000
16.79941700
16.65125000
16.77775000
16.56383300
16.75775000
16.63220800
16.63312500
16.72279200
16.68220800
16.67712500
16.64050000
16.80141700
16.58595800
16.68458400
16.62320800
16.67879200
16.78570800
16.82312500
16.54975000
16.64329200
16.76262500
16.61329100
16.69445900
16.66383300
16.65950000
16.77070800
16.72179200
16.56216700
16.70000000
16.66725000
16.80958300
16.68954200
16.62279100
16.65804200
16.65462500
16.69275000
16.73270800
16.60983400
16.63200000
16.95500000
16.56216600
16.71695900
16.58216600
16.66416700
16.72008300
16.60362500
16.72325000
16.71358400
16.71337500
16.65954100
16.69637500
16.69150000
16.60529200
16.67025000
16.72012500
16.69612500
16.67266700
16.70062500
16.62979100
16.68833400
16.64483300
16.76858300
16.61475000
16.72808400
16.77262500
16.66754100
16.72920900
16.58362500
16.67783300
16.74362500
16.62970800
16.66475000
16.74025000
16.65287500
16.75312500
16.57220900
16.74275000
16.56366600
16.71195900
16.73791600
16.79858400
16.72120800
16.44241700
16.76437500
16.69145800
16.65412500
18.77070800
14.60833400
16.80150000
16.55075000
16.78333300
16.73487500
16.64904200
16.67562500
16.80329100
16.43775000
16.76400000
16.69229200
16.61083300
16.84320900
16.56608300
16.67608300
16.63325000
16.85791700
16.68050000
16.54862500
16.69358300
16.64391700
17.13650000
16.35966700
16.71408300
16.66129200
16.59658300
16.73662500
16.58770800
17.01508400
16.37112500
16.61504100
16.68808400
16.78179100
16.62700000
16.68983400
16.63562500
16.73462500
16.79758300
16.52870800
16.74633400
18.30137500
15.00745800
16.83908300
16.56083400
16.72075000
16.78170800
16.61216700
16.63112500
16.65312500
16.68100000
16.65204100
16.89125000
16.89704200
16.50762500
16.64229200
16.54729100
16.84850000
16.55900000
16.76520900
16.60758300
16.70908300
16.69395900
16.60870800
16.97095800
16.34145900
16.83062500
16.70700000
16.56679100
16.66204200
16.70387500
16.74579200
16.66704100
16.70145900
16.67100000
16.67587500
16.57162500
16.79500000
16.54045800
16.73604200
16.75220800
16.66254200
16.71704100
16.72083400
16.70808300
16.69766700
16.64425000
16.68129100
16.66854200
16.60800000
16.79637500
16.70420800
16.65362500
16.79387500
16.45395900
16.77729100
16.51104200
16.87208300
16.56354200
16.77379200
16.75379100
16.70079200
16.58687500
16.72512500
16.93466700
16.65970800
16.45945800
18.21941700
16.01033300
16.34229200
16.82379200
16.30825000
16.68750000
16.74987500
16.46737500
16.65341600
16.76120900
16.65091600
16.57804200
16.66754200
16.76166600
16.59650000
16.67950000
16.65287500
16.91175000
16.54858400
16.64783300
16.66954200
16.56533300
16.76608300
16.62308400
16.77100000
16.56933300
16.87616700
16.74066600
16.65958400
16.76520800
16.57150000
16.75962500
16.62800000
16.78683300
16.53375000
16.53420900
16.79312500
16.60058300
16.69075000
16.60491700
16.83366600
16.63933400
16.74787500
16.60750000
16.68387500
16.52941600
16.81312500
16.59408400
16.68462500
16.67750000
16.71958300
16.68408300
16.76016700
16.63970800
16.69775000
16.57920900
16.83470800
16.54795800
16.72675000
16.64600000
16.62312500
16.82683400
16.61258300
16.70579200
16.66954100
16.73275000
16.72254200
16.78850000
16.49712500
16.69983300
16.63929200
16.71875000
16.72025000
16.66550000
16.69258300
16.56429200
16.82758300
16.85879200
16.63737500
16.52800000
16.67975000
16.81345800
16.45750000
16.78895900
16.58845800
16.88391700
16.60325000
16.59391600
16.81500000
16.67804200
16.57591700
16.65500000
16.81004100
16.50716700
16.73883300
16.71895900
16.65883300
16.64333300
16.75279200
16.63520800
16.69233400
16.65766600
16.83387500
16.53070900
16.70333300
16.68783300
16.65845900
16.72750000
16.66454100
16.68625000
16.65008400
16.79558300
16.54133300
16.70729200
16.70362500
16.66095800
16.66000000
16.69845900
16.75041600
16.67408400
16.61475000
16.82525000
16.53254100
16.68379200
16.72958300
16.64429200
16.77454200
16.59245800
16.71054200
16.65245800
16.68545800
16.65745900
16.80116600
16.59304200
16.71741700
16.63929100
16.67983400
16.81175000
16.69362500
16.60062500
16.62854100
16.73712500
16.65812500
16.76150000
16.65045900
16.58720800
16.77083300
16.69891700
16.64408300
16.62487500
16.77179200
16.71454200
16.70475000
16.57358300
16.63345800
16.71737500
16.74270900
16.63883300
16.67295800
16.74612500
16.62525000
16.69012500
16.89637500
16.43950000
16.69533400
16.68662500
16.64725000
16.73925000
16.73887500
16.60883300
16.77066700
16.66687500
16.62991600
16.71212500
16.67100000
16.65037500
16.65345900
16.75291600
16.65783400
16.69083300
16.71720800
16.64800000
16.64316700
16.70862500
16.69325000
18.43183300
15.21687500
18.09708400
16.09820800
16.26283300
16.66391700
16.45304200
16.61150000
16.59733300
16.69954200
16.65295800
16.70245800
16.78216700
16.55470800
16.62737500
16.67358400
16.56908300
16.79595800
16.68833400
16.65304100
16.72895900
16.67562500
16.64229100
16.71954200
16.64833300
16.58520900
16.82325000
16.58137500
16.70316600
16.65679200
16.77937500
16.56283300
16.72970900
16.88641600
16.61916700
16.55541700
16.80341600
16.52650000
16.63654200
16.70787500
16.65854200
16.67808300
16.69012500
16.64591700
16.77895800
16.62487500
16.77129200
16.64591600
16.68925000
16.60620900
16.73120800
16.63533300
16.65095900
16.72170800
16.68804200
16.76775000
16.62979100
16.65016700
16.72979200
16.75070800
16.59170800
16.81966700
16.58308300
16.61820900
16.74175000
16.63795800
16.65716700
16.69037500
16.72554100
16.67075000
16.67383400
16.67720800
16.83854200
16.53987500
16.70362500
16.83162500
16.57533300
16.57333300
16.69208400
16.83025000
16.65866600
16.75795900
16.65754100
16.68412500
16.66454200
16.66112500
16.64220800
16.80437500
16.72641700
16.60820800
16.62566700
16.75141700
16.71745800
16.57737500
16.59220800
16.75116700
16.58287500
16.89220800
16.76545900
16.58095800
16.57895800
16.73958400
16.62354100
16.74220900
16.64137500
16.65891600
16.79358400
16.63345800
16.69866700
16.67450000
16.70400000
16.71008300
16.60541700
16.72445800
16.65316700
16.65295800
16.68229200
16.67608300
16.72258300
16.65920900
16.79450000
16.71229100
16.47695900
16.74866600
16.61625000
16.70004200
16.71079200
16.71287500
16.57237500
16.73687500
16.74687500
16.55258300
16.88962500
16.59412500
16.65158300
16.68529200
16.66029200
16.68070800
16.68066700
16.71354100
16.63695900
16.85104100
16.56020900
16.90966600
17.18387500
16.33391700
16.40362500
16.65516700
16.88629100
16.43600000
16.74208400
16.65254100
16.61841700
16.90695800
16.65308400
16.50058300
16.61783300
16.87954200
16.63058300
16.67487500
16.64754200
16.59083300
16.68475000
16.65562500
16.71987500
16.66695900
16.79904100
16.59708400
16.75295800
16.88745800
16.96120900
16.75108300
16.80654200
16.49862500
18.99220800
14.75745800
16.07191700
16.29800000
16.77537500
16.70733300
16.64683400
16.72550000
16.82579100
16.46575000
16.91020900
16.68579100
16.73445900
16.50033300
16.77079200
16.72183300
16.64870800
16.74512500
17.14087500
16.36387500
16.95379200
16.60075000
16.70275000
16.80145800
16.43370900
17.05345800
16.02133300
17.30562500
16.50962500
16.74620900
16.66791600
16.84325000
16.84454200
16.45479200
16.41100000
16.95587500
16.56945800
16.58641700
16.60079100
17.12683400
16.47329100
16.79891700
16.48787500
17.44808300
15.95850000
16.74929200
16.40875000
17.03379200
16.58004100
16.36520900
16.55108300
16.89100000
16.47137500
16.63458300
16.59170900
16.82470800
16.46729200
16.72675000
16.66570800
16.89300000
16.54762500
16.66395800
16.70212500
16.55287500
16.78850000
16.88895900
16.42991600
16.81633400
16.57770800
16.68416700
16.64500000
16.74958300
16.59629200
16.78012500
16.57450000
16.68187500
16.72079100
16.75858400
16.77162500
16.83133300
16.56254200
16.48016600
16.68929200
16.74787500
16.61437500
16.76687500
16.64954200
16.75095800
16.67216700
16.63433300
16.64841700
16.69537500
16.62904100
16.72191700
16.67158300
16.68283400
16.64025000
16.81233300
16.56554200
16.76504100
16.67958400
16.71766600
16.61595900
16.80416600
16.56208400
16.75133300
16.63825000
16.83070800
16.49783400
16.71387500
16.64779100
16.65458400
16.72325000
16.68033300
16.73370800
16.66800000
16.66683400
16.64804100
16.73237500
16.74320900
16.69620800
16.60000000
16.69954200
16.96633300
16.68275000
16.64562500
16.49620800
16.66120900
16.62450000
16.71358300
16.70762500
16.70950000
16.77833300
16.48158400
16.69504100
16.68683400
16.64387500
16.64933300
16.99908300
16.48800000
16.66125000
16.68012500
16.61237500
16.79345900
16.67812500
16.62137500
16.68362500
16.73270800
16.70545800
16.56108400
16.82895800
16.62987500
16.65708300
16.59416700
16.75612500
16.74933300
16.63900000
16.68045900
16.59204100
16.79350000
16.62483400
16.71275000
16.69579100
16.60141700
16.75925000
16.80208300
16.48183400
16.72158300
16.79629200
16.56479100
16.69758400
16.72991600
16.59250000
16.69758400
16.68700000
16.69162500
16.64212500
16.77904100
16.70879200
16.82720800
16.59191700
16.53187500
16.66750000
16.75358300
16.58870900
16.71183300
16.72204200
16.71595800
16.66658300
16.67712500
16.71695900
16.58087500
16.87166600
16.57229200
16.68520800
16.67270900
16.96070800
16.58045800
19.09387500
15.84800000
16.04337500
16.29641700
16.42375000
16.60966700
16.70908300
16.55920800
16.79370900
16.56820800
16.62045800
16.66104200
16.73437500
16.64912500
16.52750000
16.74462500
16.73929200
16.56116600
16.85525000
16.53000000
16.65191700
16.71195800
16.82016700
16.77025000
16.57254200
16.57420800
16.87579200
16.60558300
16.65645800
16.70525000
16.61375000
16.70829200
16.84037500
16.75275000
16.43395800
16.78454200
16.49408300
16.71645900
16.66487500
16.64466600
16.96562500
16.53600000
16.57266700
16.66183300
16.69083400
16.65050000
16.68991600
16.75600000
16.59804200
16.91125000
16.60329200
16.67679100
16.73729200
16.53325000
16.77104200
16.63208300
16.73612500
16.61075000
16.65341700
16.94729100
16.59495900
16.59687500
16.61491600
16.67829200
16.61687500
16.70279200
16.84879100
16.54775000
16.72287500
16.80908400
16.52008300
16.68329200
16.67141600
16.81104200
16.59800000
16.63341700
16.79316600
16.63325000
16.71608400
16.66754100
16.62450000
16.68941700
16.63925000
16.73512500
16.68066700
16.64937500
16.64604100
16.80179200
16.71729200
16.68500000
16.73841600
16.71612500
16.66716700
16.59175000
16.61820800
16.62979200
16.83525000
16.73279200
16.54575000
16.67579100
16.92770900
16.62350000
16.45975000
16.72808300
16.63375000
16.81716700
16.61225000
16.64595800
16.66975000
16.84404200
16.86787500
16.43700000
16.65016600
16.61533400
16.83845800
16.66770800
16.70691700
16.60604200
16.65404100
17.22025000
16.27300000
16.52966700
16.67975000
16.67566700
16.64883300
16.67616700
16.72987500
16.67166600
16.71379200
16.89812500
16.46200000
16.63975000
16.66525000
16.99287500
16.53204200
16.67204100
16.52679200
16.70458300
16.71279200
16.68091700
16.67566600
16.64995900
16.65016600
16.68208400
16.68070800
16.72345800
16.65308400
16.72733300
16.62500000
16.73183300
16.71462500
16.62895900
16.77929100
16.66683400
16.60812500
16.75287500
16.64066600
16.63979200
16.71879200
16.84641600
16.77854200
16.59387500
16.55645800
16.78700000
16.64645900
16.72670800
16.52354200
16.71575000
17.04550000
16.55375000
16.49650000
16.59041600
16.73195900
16.63312500
16.67412500
16.74387500
16.72904100
16.64662500
16.67412500
17.35112500
16.30808400
16.48329100
19.27208400
15.62016600
16.00404200
16.44991700
16.60608300
16.61204200
16.54562500
16.63079100
16.58666700
16.66366700
16.68870800
16.57391700
16.71320800
16.67283300
16.67150000
16.71266700
16.62691700
16.75075000
16.66254100
16.69591700
16.59437500
16.74079200
16.66016600
16.76670900
16.64904100
16.63612500
16.63366700
16.93195800
16.42741700
16.72341700
16.71395800
16.59704200
16.80612500
16.75495800
16.57508300
16.87112500
16.47287500
16.57970900
16.73300000
16.65487500
16.73054100
16.82650000
16.43295900
16.83791600
16.55691700
16.69183300
16.65108400
16.90933300
16.58079200
16.60666600
16.76495900
16.56129100
16.69804200
16.70462500
16.68454200
16.71429100
16.71370900
17.00866600
16.43812500
16.55016700
16.81575000
16.54004200
16.66325000
17.14604100
16.59237500
16.55566700
16.44362500
16.80762500
16.63320800
16.61358400
16.69187500
16.71820800
16.71075000
16.61204200
16.84629100
16.51945900
16.84816600
16.66500000
16.48258400
16.93404100
16.63720900
16.63912500
16.53579100
16.79166700
16.60541700
16.68808300
16.68504200
16.77170800
16.65300000
16.65375000
16.68020800
16.62966700
16.85516700
16.58433300
16.63637500
16.71929200
16.70116600
16.67425000
16.74500000
16.60808400
16.64150000
16.73258300
16.60700000
16.74245800
16.73445900
16.68816600
16.70362500
16.61208400
16.72491600
16.71516700
16.69116700
16.61108300
16.68000000
16.70225000
16.65720800
16.68108400
16.84804100
16.70391700
16.59937500
16.65575000
16.71383300
16.54695900
16.74008300
16.67462500
16.77154200
16.59708300
16.85016700
16.59437500
16.56675000
16.68366600
16.78037500
16.59291700
16.70825000
16.64112500
16.77979200
16.66729100
16.62550000
16.66058400
16.68800000
16.70054100
16.72020900
16.80591600
16.82508400
16.65445800
16.55633300
16.77375000
16.53666700
16.59195800
16.71558400
16.78512500
16.52987500
16.75316600
16.66095900
16.86783300
16.50566700
16.67291600
16.84162500
16.61283400
16.69454100
16.78462500
16.43137500
16.70850000
16.66595900
16.73525000
16.65612500
16.73475000
16.60625000
16.70120800
16.65550000
16.73120800
16.66433400
16.76600000
16.59429100
16.78695900
16.74070800
16.64470800
16.53683400
16.98462500
16.56891600
16.64066700
16.60512500
16.67383300
16.63225000
16.77670900
16.63545800
16.63525000
16.79350000
16.66629200
16.63687500
16.80075000
16.62783300
16.69154200
16.72245800
16.52979200
16.84700000
16.66437500
16.62912500
16.61037500
16.79670800
16.60533300
16.71270900
16.66083300
16.58216700
16.79433300
16.70979200
17.07229100
16.64987500
16.47841700
16.65995800
16.76679200
16.49716700
17.18220800
16.71179200
16.71391600
16.36008400
16.72654100
16.54925000
16.61858400
16.93175000
16.44616600
16.76945900
16.56016600
16.70025000
16.66145900
16.69058300
16.67929200
16.98383300
16.39604200
16.66812500
16.61229100
16.67341700
16.72791700
16.71941600
16.72966700
16.61908300
16.68733400
16.75804100
16.74637500
16.71916700
16.66554200
16.53908300
16.78954200
16.64729100
16.83262500
16.64125000
16.66300000
16.57637500
16.60008400
16.82091600
16.44029200
16.80275000
16.64379200
16.68570800
16.60991700
16.77558300
16.59312500
16.71641700
16.66495800
16.65579200
16.69716600
16.86125000
16.55475000
16.63437500
16.69412500
16.78887500
16.61333400
16.69425000
16.70550000
16.58254100
16.66179200
16.90958300
16.55987500
16.74008400
16.66658300
16.74375000
16.54529200
16.77183300
16.69183300
16.77954200
16.57875000
16.70829200
16.57170800
16.72816700
16.74437500
16.65920800
16.72058300
16.85829200
16.55687500
16.61495800
16.48308400
16.92262500
16.62683300
16.99720800
16.75595900
16.38912500
16.57608300
16.58975000
16.84633300
16.75037500
16.57970900
16.75083300
16.57375000
16.73483300
16.53504200
16.80054200
16.80395800
16.70629200
16.56683300
16.60904200
16.94016600
16.43695900
16.71033300
16.63329200
16.69887500
16.72166600
16.61320900
16.86083300
16.65883300
16.55941700
16.67479200
16.69600000
16.70900000
16.56604100
16.82116700
16.65016700
16.56358300
16.85712500
16.60470800
16.67475000
16.77245900
16.66154100
16.59616700
16.73700000
16.72958300
16.57304200
16.68379200
16.71600000
16.90445800
16.62662500
16.49154200
16.73858300
16.68233300
16.68337500
16.67941700
16.69583300
16.78466700
16.50162500
16.83650000
16.54120800
16.74391700
16.56841700
16.77570800
16.60812500
16.68891700
16.83229100
16.54945900
16.78500000
16.68354100
16.75537500
16.63858400
16.67991600
16.61229200
16.63208300
16.74095900
16.70808300
16.70291700
16.83366600
16.51441700
16.65541700
16.82775000
16.59116600
16.63566700
16.68066700
16.63770800
16.65933300
16.69475000
16.68358400
16.79008300
16.66558300
16.60362500
16.70812500
16.66012500
16.65912500
16.78995900
16.62650000
16.71920800
16.69925000
16.60400000
16.75012500
16.68437500
16.59191700
16.67312500
16.82812500
16.56079100
16.82225000
16.60108400
16.69329100
16.66575000
16.74258400
16.69737500
16.60120800
16.62020800
16.70479200
16.80587500
16.65383300
16.63316700
16.75333300
16.72545900
16.52358300
16.74545800
16.66520900
16.64325000
16.81070800
16.56458300
16.89679200
16.82179200
16.68837500
16.62083300
16.62279200
16.66050000
16.47979100
16.73825000
16.78270900
16.70412500
16.68229100
16.61637500
16.81987500
16.50562500
16.77166700
16.54600000
16.75525000
16.62845800
16.61400000
16.80112500
16.62358400
16.65754100
16.72091700
16.66666700
16.67525000
16.64391600
16.69891700
17.00654200
18.67908300
16.25404200
16.06383300
16.22279200
16.64341600
16.39891700
16.75020800
16.37304200
16.71087500
16.76083300
16.65354200
16.53816700
16.67062500
16.65479100
16.68904200
16.73529200
16.96716600
16.48550000
16.54204200
16.78779200
16.63900000
16.56945800
16.68716700
16.80291600
16.63466700
16.67358300
16.73150000
16.72708400
16.66170800
16.52791700
16.78987500
17.13091600
17.11029200
16.20695800
16.43270900
16.72629100
16.56033400
16.54916600
16.79262500
17.50079200
15.77941700
17.07675000
16.81541600
16.28241700
16.59058300
16.70420900
16.99683300
16.67979200
16.45837500
16.75162500
16.71150000
16.60587500
16.45066600
16.96791700
16.65979200
16.39237500
17.01033300
16.62004200
16.63337500
16.68779100
16.43633400
16.86133300
16.63245800
16.78375000
16.67629200
16.55145800
16.75175000
16.79283400
16.64387500
16.58362500
16.71950000
16.87433300
16.44475000
16.68712500
16.72900000
16.61491700
16.68312500
16.79295800
16.57891700
16.66179100
16.63437500
16.72500000
16.74079200
16.56004200
16.98354100
16.57254200
16.58550000
16.67820800
16.72420900
16.55287500
16.80404100
16.71358400
16.51916600
16.77150000
16.72545900
16.78229100
16.49629200
16.83141700
16.62475000
16.75504100
16.90191700
16.49729200
16.73045800
16.64966700
16.75175000
16.46929100
16.79250000
16.66079200
16.70587500
16.53416700
16.87725000
16.65804100
16.81954200
16.54950000
16.48629200
16.79270800
16.66691700
16.82337500
16.53741600
16.72912500
16.68933400
16.83458300
16.59916700
16.70850000
16.77358300
16.52300000
16.59575000
16.65233300
16.62712500
16.76462500
16.70670900
16.85250000
16.71170800
16.59195800
16.63050000
16.84470900
16.83266600
16.51083400
16.53966600
16.94220900
16.54095800
16.57387500
16.55529200
16.85304100
16.67808400
16.83091600
16.46079200
16.68741700
16.73145800
16.63745800
16.63637500
16.74033400
16.56600000
16.92445800
16.44479200
17.09962500
16.54291600
16.62641700
16.70337500
16.50320800
16.57379200
16.86370800
16.66183400
16.56991600
16.81575000
16.55950000
16.71329200
16.75229200
16.53233300
16.82912500
16.53516700
16.79587500
16.58650000
16.78429100
16.67083400
16.58850000
16.76204100
16.67116700
16.72137500
16.74183300
16.56854200
16.60583300
16.71858400
16.76441600
16.69025000
16.75679200
16.57929200
17.22175000
16.32083300
16.61983300
16.64612500
16.60975000
16.72562500
16.67829200
16.66554200
16.64050000
17.02758300
16.49104200
16.53616600
16.62579200
16.78866700
16.66575000
16.65245800
16.75116700
16.74004100
16.52129200
16.98683300
16.61612500
18.35487500
15.97608400
16.29075000
16.76987500
16.36450000
16.59900000
16.49241600
17.14183400
16.21158300
16.65591700
16.62808300
16.61750000
16.85420800
16.61720900
16.72550000
16.60129100
16.68141700
16.59612500
16.80445800
16.61270900
16.78066600
16.60366700
16.74437500
16.51700000
16.82208300
16.58554200
16.79058300
16.69295900
16.50275000
16.89500000
16.70195800
16.64520800
16.77241700
16.62454200
16.63608300
16.53979200
16.74495800
16.65929200
16.70179100
16.63216700
16.56112500
16.85900000
16.65029200
16.64891600
16.73079200
16.62375000
16.75395800
16.60333400
16.94387500
16.54650000
16.74579100
16.54050000
16.55491700
16.84808300
16.55350000
16.85758400
16.71908300
16.52541700
16.85041600
16.60637500
16.72504200
16.51783300
16.83958400
16.56620800
16.70212500
16.71183300
16.81445900
16.78775000
16.41545800
16.94016700
16.48033300
16.61783300
16.88191700
16.59183300
16.67387500
16.72308400
16.52404100
16.88795900
16.55004100
16.67179200
16.76120800
16.65445900
16.72687500
16.65708300
16.61950000
16.66066700
16.63200000
16.84541600
16.62325000
16.70775000
16.62412500
16.60175000
16.83979200
16.62891700
16.74229100
16.70604200
16.61870800
16.64454200
16.71416700
16.70458300
16.56250000
16.74020800
16.73320900
16.62175000
16.69704100
16.73379200
16.69520800
16.66375000
16.87020900
16.56954100
16.60200000
16.64900000
16.70925000
16.66583400
16.66579100
16.61241700
16.94870800
16.56812500
16.55333400
16.78783300
16.71716700
16.73387500
16.67683300
16.68258300
16.56333400
16.80270800
16.55208300
16.80933400
16.65933300
16.63337500
16.56741700
16.68058300
16.70975000
16.92358300
16.52491700
16.56312500
16.80562500
16.83450000
16.50087500
16.69158300
16.72300000
16.70350000
16.68470900
16.58691600
16.79583400
16.50433300
16.81841700
16.68708300
16.53845800
16.71950000
16.78466700
16.73808300
16.55900000
16.58658400
16.72654100
16.69812500
16.76783400
16.64804100
16.63541700
16.81029200
16.69737500
16.50179100
16.79816700
16.54862500
19.34479200
14.03712500
16.90075000
16.68000000
16.62241600
16.69608400
16.60266600
16.60416700
16.71033300
16.84508400
16.55870800
16.87645800
16.46608400
16.82437500
16.70483300
16.57629200
16.60600000
16.69283300
16.79975000
16.60708300
16.73604200
16.62725000
16.92170800
16.54562500
16.57783400
16.71008300
16.73079200
16.65725000
16.68295800
16.63833300
16.68358400
16.67941600
16.69745900
16.78962500
16.68525000
16.62670800
16.58408300
16.70433400
16.79225000
16.65783300
16.72529200
16.73237500
16.64391600
18.50825000
15.90037500
16.34883400
16.62150000
16.38633300
16.72125000
16.43745800
16.73170900
16.70712500
16.67358300
16.48250000
16.74312500
16.69412500
16.60050000
16.78579200
16.63166600
16.59862500
16.72045900
16.71795800
16.63383300
16.78641700
16.82637500
16.56791700
16.52950000
16.69916600
16.68354200
16.88766700
16.49741600
16.68416700
16.87654200
16.50208300
16.76450000
16.79725000
16.54625000
16.64250000
16.84491700
16.42629100
16.70029200
16.75637500
16.82083300
16.49595900
16.68691600
16.73800000
16.66662500
16.68912500
16.60070900
16.70429100
16.57141700
16.82433300
16.75645900
16.71533300
16.59454200
16.63716600
16.63450000
16.62970900
16.81912500
16.58375000
16.81754100
16.59133400
16.97579100
16.40845900
16.69941600
16.74779200
16.67108300
16.49033400
16.83670800
16.60912500
16.80029200
16.66437500
16.65158300
16.68025000
16.67216700
16.62066600
16.75579200
16.67733300
16.77158400
16.48258300
16.85625000
16.59533300
16.76183400
16.78845800
16.46150000
16.73079200
16.74075000
16.55333300
16.70362500
16.75891700
16.65933300
16.57495800
16.91858400
16.70412500
16.55745800
16.69237500
16.73029200
16.56362500
16.72787500
16.77375000
16.47591600
16.78358400
16.76754100
16.76658400
16.64804100
16.65629200
16.59666700
16.53283300
16.88254200
16.71516600
16.47091700
16.94083300
16.66487500
16.62970900
16.65670800
16.66145800
16.74208400
16.69112500
16.71633300
16.54962500
16.76279200
16.52850000
16.82933300
16.70620800
16.56425000
16.60608400
16.77183300
16.72125000
16.69762500
16.65920800
16.72220900
16.67129100
16.72816700
16.68187500
16.60845800
16.68620900
16.61729100
16.64208400
16.79587500
16.62604100
16.74350000
16.72408400
16.67816600
16.85266700
16.50283300
16.73816700
16.62045800
16.61354200
16.74045800
16.72583400
16.68254100
16.99170900
16.57387500
16.35950000
16.63504100
16.89537500
16.58575000
16.61795900
16.79050000
16.74037500
16.63562500
16.54670800
17.32654200
16.19437500
16.68916600
16.67808400
16.58966600
16.66633400
16.66133300
16.74287500
16.62854200
16.67991600
16.69645900
16.68787500
16.70054100
16.72629200
16.60862500
16.83787500
16.55916700
16.72454100
16.68229200
16.73566700
16.61754100
16.71095900
16.69612500
16.68504100
16.53745900
16.75200000
16.70991600
19.43533400
14.03058300
16.67800000
16.77545800
16.49016700
16.81179200
16.82662500
16.51729100
19.23462500
15.51170900
16.41600000
16.38154100
16.51004200
16.41437500
16.77912500
16.34779200
16.62583300
16.58733300
16.72808400
16.70337500
16.68445800
16.63766700
17.00712500
16.54208300
16.52825000
16.73395800
16.59300000
16.72791700
16.74833300
16.68516700
16.56316700
16.70633300
16.70408300
17.10950000
16.29191700
16.59229200
16.79308300
16.67475000
16.57933300
16.58695900
17.11095800
16.50904200
16.96966600
16.39412500
16.56937500
16.66312500
16.75495900
16.58541600
16.67895900
16.66216600
16.70645900
16.67966600
16.69183400
16.73216600
16.52516700
16.69775000
16.62283300
16.81645900
16.81754100
16.58041700
16.58795800
16.75533400
16.62700000
16.61133300
16.82637500
16.64150000
16.73225000
16.59537500
16.61825000
16.85770800
16.59233400
16.67566600
16.72091700
16.70870800
16.90166700
16.64054200
16.63250000
16.41600000
16.69704100
16.82162500
16.52141700
16.90962500
16.97679200
16.36870800
16.53858300
16.78562500
16.61804200
16.77708300
16.65412500
16.66395900
16.60345800
16.67479200
16.74770800
16.99166700
16.49970800
16.77154200
16.40925000
16.85654100
16.68908400
16.56866600
16.67354200
16.82104200
16.66916600
16.68675000
16.54225000
16.79683400
16.61054100
16.77245900
16.53087500
16.80679100
16.54916700
16.76416700
16.65375000
16.61662500
16.80725000
16.61058300
16.73729200
16.59845800
16.66975000
16.76720800
16.55941700
16.80033300
16.69400000
16.70083400
16.67487500
16.58716600
16.82329200
16.50754200
16.86554100
16.76687500
16.40050000
17.12175000
16.75783400
16.92945800
16.23920800
16.57604200
16.56158300
16.72725000
16.79391700
16.65320800
16.66245900
16.65395800
17.08800000
16.37008300
16.75837500
16.51754200
16.68058300
16.55962500
16.84041700
16.51929200
16.80708300
16.70691700
16.57387500
16.78325000
16.84062500
16.70566600
16.56683400
16.69625000
16.49825000
16.79612500
16.68866600
16.72620900
16.55633300
16.88845800
16.47966700
16.75312500
16.60054200
16.68100000
16.74916600
16.71691700
16.63466700
16.57408300
16.73216700
16.82920800
16.64150000
16.84829200
16.53220800
16.72987500
16.60083300
16.76008400
16.62266600
16.74291700
16.58304200
16.70216600
16.72650000
16.53912500
18.66920900
15.23800000
16.52412500
16.46091600
16.54266700
16.78720800
16.77904200
16.60258300
16.86575000
16.59066700
16.68600000
16.54595800
16.64595900
16.60887500
16.90058300
16.49033300
16.97508400
16.48879100
16.70979200
16.65841700
16.75087500
16.51941600
16.66191700
16.82158300
16.66308400
16.67154100
16.79012500
16.80845900
16.60862500
16.73691600
17.92591700
15.98200000
16.46716700
16.64154100
16.59595900
16.42775000
16.75362500
16.56891600
16.64070900
16.67079100
16.83237500
16.54429200
16.81133300
16.66854200
16.70362500
16.71154200
16.54937500
16.54904100
16.73533400
16.99016600
16.41329200
16.63620800
16.65625000
16.76333400
16.72625000
16.60437500
16.73391600
16.73341700
16.64700000
16.58658300
16.67020900
16.83987500
16.68133300
16.88025000
16.50525000
16.59079200
16.66904100
16.74041700
16.78587500
16.52200000
16.65466700
16.84279100
16.48487500
16.81770900
16.55525000
16.69587500
16.81066600
16.57241700
16.70704200
16.69816600
16.63750000
16.58850000
16.76629200
16.68904200
16.63079100
16.66800000
16.72191700
16.78225000
16.73408300
16.57637500
16.69529200
16.58345800
16.67175000
16.80820900
16.63820800
16.71675000
16.72675000
16.75970800
16.53783400
16.80662500
16.64862500
16.50916600
16.78187500
16.63933400
16.65754100
16.63416700
16.66845800
16.76391700
16.66433300
16.63591700
16.82175000
16.67258300
16.65520900
16.60179100
16.75850000
16.67641700
16.70412500
16.74970800
16.49366700
16.79275000
16.69429200
16.56037500
16.81795800
16.65745800
16.66954200
16.62954200
16.82295800
16.54700000
16.90383300
16.63854200
16.58800000
16.67587500
16.61583300
16.70204200
16.76925000
16.72995800
16.56054200
16.71837500
16.68150000
16.68904200
16.72050000
16.60833300
16.76795800
16.54762500
16.77716700
16.74275000
16.55325000
16.89075000
16.72020800
16.50987500
16.56666700
16.77862500
16.69883300
16.75904200
16.84779200
16.48220800
16.69483300
16.56566700
16.73604200
16.80291600
16.57937500
16.62237500
16.81766700
16.91208300
16.30191700
16.67400000
16.72716700
16.68437500
16.65520800
16.70800000
16.74687500
16.64054200
16.72208300
16.70337500
16.70833300
16.65300000
16.64700000
16.74845900
16.65120800
16.60958300
16.69712500
16.65962500
16.69450000
16.90104200
16.58416700
16.57737500
16.68041600
16.71737500
16.77933400
16.55208300
16.72395800
16.65841700
16.65950000
16.67833300
16.74529200
16.67408300
16.66391700
16.63425000
16.74795800
16.92033400
16.44908300
16.83920800
16.61645900
16.59041600
16.66400000
16.70937500
16.63866700
16.87758300
16.61358400
16.58691600
16.61083400
16.88245800
16.59166700
16.73383300
16.61254200
16.57079100
16.80666700
16.67483300
16.65479200
16.63895800
16.71883400
16.68762500
16.92241600
18.81195900
15.80725000
15.76237500
16.40908300
16.78762500
20.60566700
13.69262500
15.72566600
17.28612500
16.35033400
16.59537500
16.38595800
16.75533300
16.58987500
16.71041700
16.54508300
16.70975000
16.68725000
16.66937500
16.65929200
16.75337500
16.61779200
16.70716600
16.66125000
16.56575000
16.95804200
16.58987500
16.68350000
16.52395800
16.73829200
16.70612500
16.64216700
16.95470800
16.64608300
16.55616700
16.76500000
16.61495800
16.64708400
16.67637500
16.78754100
16.73779200
16.70112500
16.54275000
16.63812500
16.81437500
16.52554200
16.71200000
16.67095800
16.59616700
16.68750000
16.71050000
17.24795800
16.06616700
16.97162500
16.48345800
16.66758300
16.70200000
16.55987500
16.69379200
16.75479200
16.68537500
16.60195800
16.79579200
16.67279100
16.84941700
16.51541700
16.70870800
16.55066700
16.75708300
16.66683300
16.61491700
16.76579200
16.72412500
16.55412500
16.80016600
16.76087500
16.58220900
17.11533300
16.24920800
16.84341700
16.77300000
16.58108300
16.58787500
16.73716700
16.67333300
16.90975000
16.41754200
16.71545800
16.74695900
16.63112500
16.74212500
16.56329100
16.83079200
16.48662500
16.81787500
16.61120800
16.65416700
16.64045800
16.78229200
16.79254200
16.59583300
16.53533300
16.76012500
16.78675000
16.98541700
16.47820800
16.72708400
16.59779100
16.56391700
17.12791700
16.77037500
16.79908300
16.70983300
16.23137500
16.62470900
17.03212500
16.47012500
16.61779100
16.39970900
16.70495800
16.55775000
16.74295800
16.84683400
16.57466600
16.77320900
16.62429100
16.59145900
16.82762500
16.87245800
16.53995800
16.59508400
16.75429100
16.47091700
16.95216700
16.59800000
17.39795800
16.47895800
16.88650000
16.64858400
17.40287500
15.57425000
17.34616600
16.28195900
17.02395800
16.16975000
16.60170800
17.03916700
16.82204200
16.40475000
16.49950000
16.86345800
17.45604200
15.62854100
16.75337500
16.55829200
16.67220800
16.91525000
16.19908400
17.11208300
16.56250000
16.30420800
18.90925000
15.11641700
17.93108300
18.03937500
50.59870900
10.71662500
8.83320800
18.33787500
7.54945800
6.79183400
10.74870800
16.84804200
16.65904100
16.74437500
16.61762500
16.78866700
16.42508300
16.92720900
16.57637500
16.58900000
16.61633300
17.53804200
15.93337500
16.58208300
16.79150000
16.73145800
16.62750000
16.56512500
16.62837500
16.81725000
16.74391700
16.64279200
16.75270800
16.58104200
16.77858300
16.56816700
16.69708300
16.58454200
16.78804100
16.65487500
16.66033400
16.68000000
16.73070800
16.55883300
16.95133400
16.63666600
16.53162500
16.61587500
17.05833400
16.60058300
17.04737500
16.45062500
16.83979200
16.54775000
16.55429100
16.73491700
16.60137500
16.61141700
16.75537500
16.62141600
16.65008400
16.68058300
16.66316700
16.95295800
16.53470800
16.63875000
16.68250000
16.53962500
16.77795900
16.93400000
16.79445800
16.60758300
16.75404200
16.60304200
16.45562500
16.84050000
16.65587500
16.78000000
16.71258300
16.79729200
16.46512500
16.81533300
16.44183300
16.92879200
16.56200000
16.55375000
16.55708300
16.78687500
16.57412500
16.62441700
16.75300000
16.63016700
16.84975000
16.55208300
16.65379200
16.68695800
16.73695800
16.67225000
16.64854200
16.63391700
16.73312500
16.65808300
16.67608300
16.61441700
16.87058300
16.62045900
16.69612500
16.55025000
16.77295800
16.71058300
16.79262500
16.52804200
16.75362500
16.54312500
16.88370800
16.63175000
16.76320900
16.53091600
16.73708400
16.58883300
16.72425000
16.74479200
16.62362500
16.81595800
16.68554200
16.60041600
16.66550000
16.69554200
16.61158300
16.79687500
16.70237500
16.49775000
16.71416700
16.74962500
16.59966700
16.68462500
16.80583300
16.57929200
16.76329100
16.66350000
16.76991700
16.61254200
16.53162500
16.65287500
16.99350000
16.68954100
16.48487500
16.68550000
16.88404200
16.55283300
16.61216700
16.72666700
16.60712500
16.81979100
16.54425000
16.73783400
16.60420800
16.80900000
16.71845800
16.53266700
16.79612500
16.56370800
16.93341700
16.51429200
16.79779100
16.79379200
16.65320800
16.53045900
16.85670800
16.49954200
16.57237500
16.91350000
16.69050000
16.62745800
16.64404200
16.51995800
16.82416700
16.76837500
16.63991600
16.54825000
16.69437500
16.71212500
16.64787500
16.79137500
16.59579200
16.79250000
16.63712500
16.62166700
16.62433300
16.73762500
16.69033300
16.67883400
16.73583300
16.65087500
16.62833300
16.81554200
16.75583300
16.53900000
16.67054200
16.66016700
16.67454100
16.96825000
16.33545900
16.97566600
16.55845900
16.70820800
16.62716700
16.85487500
16.53412500
16.63287500
16.76695800
16.56179200
16.70666600
17.06000000
16.80433400
16.34108300
16.50108300
16.65679200
16.73404200
16.69250000
16.56662500
16.82891600
16.67475000
16.80595900
16.56595800
16.75700000
16.60612500
16.56454200
16.80083300
16.75770800
16.58487500
16.61212500
16.73400000
16.83937500
16.57083400
16.64750000
16.84029100
16.61812500
16.61204200
16.77191700
16.54666600
16.69808400
16.78345800
16.70216700
16.71470800
16.70008300
16.72637500
18.94433400
15.62479100
16.39437500
16.40625000
16.29970900
16.87458300
16.34550000
16.64329200
16.62150000
16.65816600
16.69770900
16.65383300
16.65058300
16.71983400
16.61683300
16.74925000
16.63162500
16.76379200
16.55483300
16.69570800
16.67262500
16.63925000
16.69112500
16.71029200
16.73654200
16.75291600
16.69354200
16.58450000
16.75866700
16.68883300
16.64754200
16.79695800
16.74158300
16.80866700
16.47054200
16.58295800
16.87000000
16.35133300
16.82695900
16.68370800
16.58279200
16.75945800
16.61637500
16.65270800
16.77029200
16.73875000
16.54687500
16.66679200
16.76820800
16.57379200
16.79612500
16.82487500
16.36804100
16.88716700
16.81179200
16.59191600
16.74725000
16.51300000
16.68066700
16.73850000
16.66400000
16.77016700
16.47583300
16.67079200
16.71283300
16.65475000
16.97495800
16.54650000
16.63587500
16.59283400
16.75595800
16.75000000
16.69416700
16.74891600
16.69450000
16.60500000
16.64054200
16.60837500
16.72770800
16.71466700
16.76562500
16.59166700
16.66733300
16.71233300
16.71858400
16.53241600
16.90716700
16.50962500
16.76758300
16.66829200
16.58300000
16.77729200
16.67175000
16.72595800
16.63595800
16.66287500
17.02137500
16.48504200
16.57295800
16.72808400
16.71658300
16.64329200
16.63816600
16.57025000
17.24400000
16.26495900
16.72391600
16.63816700
16.62641700
16.70691600
16.73991700
16.67829200
16.56816600
16.81237500
16.56866700
17.09991700
16.52237500
16.38900000
16.79154100
16.59225000
16.69737500
17.02762500
16.44012500
16.58862500
16.81437500
16.73062500
16.50275000
16.63154200
16.77500000
16.78162500
16.61808300
16.69795900
16.62508300
18.22495800
15.23108400
16.64200000
16.67016600
16.65912500
16.80879200
16.58587500
16.66570800
16.73754200
16.69150000
16.64204200
16.65679100
16.79429200
16.62245800
16.59220900
16.63558300
16.77895800
16.60887500
16.70212500
16.68295900
16.75087500
16.54754100
16.83566700
17.02525000
16.46995800
16.58233400
16.66291600
16.73345900
16.52641600
16.72395900
16.75562500
17.04741600
16.24875000
16.63629200
16.81416700
16.65820800
16.68308300
16.73354200
16.63658300
16.65620900
16.70308300
16.69175000
17.16516700
16.40375000
16.54437500
16.69058300
16.61666700
16.58654100
16.67854200
16.71250000
16.78483300
16.75162500
16.52162500
16.71358400
16.70008300
16.61041700
16.66991600
16.79237500
16.70383400
16.56362500
17.02120800
16.65158300
19.56250000
15.03587500
16.35516700
16.48016700
16.50391600
16.57100000
16.59629200
16.45891700
16.60991600
16.67620900
16.66237500
16.53691600
16.73770900
16.59920800
16.69958300
16.58304200
16.81595800
16.71516700
16.71179200
16.54641600
16.82154200
16.88237500
16.35725000
16.79995800
16.80891700
16.44812500
16.74645800
16.72162500
16.54562500
17.01129200
16.43537500
16.70970800
16.98100000
16.55429200
16.49887500
16.82541700
16.45300000
16.71350000
16.55745800
16.92920800
16.65737500
16.65983400
16.62675000
16.71050000
16.71520800
16.55666700
16.82595800
16.62841700
16.59033300
16.82191700
16.64566600
16.52204200
16.80883300
16.63358400
16.66187500
16.80941600
16.53908400
16.85970800
16.56016700
16.64754100
16.62379200
16.70504200
16.62525000
16.82612500
16.67408300
16.95662500
16.38112500
16.69962500
16.65683300
16.77916700
16.66170800
16.72308400
16.59150000
16.68595800
16.61287500
16.67412500
16.69816700
16.83329100
16.59045900
16.73779100
16.55245900
16.81833300
16.70600000
16.75320800
16.62254200
16.74733300
16.58279200
16.53225000
16.77112500
16.74433300
16.79729200
16.58250000
16.70629200
16.68979100
16.60895900
16.74733300
16.60720800
16.76454200
16.69262500
16.77487500
16.80495800
16.47762500
16.66775000
16.79333400
16.48991600
16.73554200
16.69545800
16.74983400
16.52879100
16.79420900
16.58929100
16.72133400
16.68033300
16.56770800
16.81675000
16.75966700
16.52791700
16.79108300
16.61312500
16.77933300
16.54720900
16.83637500
18.39987500
14.86295800
16.76262500
16.57129200
16.82916600
16.45412500
16.83562500
16.48620900
16.92854100
16.56787500
16.71141700
16.63075000
16.64762500
16.86737500
16.65154200
16.56829100
16.90687500
16.49091700
16.77595800
16.81495900
16.66091600
16.51258400
16.68741600
16.64925000
16.73120900
16.66170800
16.82187500
16.72258300
16.60725000
16.57250000
16.66870900
16.63091600
16.80616700
16.62262500
16.74608300
16.48570900
16.92195800
16.55866700
16.89650000
16.73575000
16.42041600
16.72062500
16.68191700
16.73287500
16.85654200
16.81120800
16.54908300
16.56854200
16.74983300
16.63508400
16.60816600
16.85704200
16.33033300
16.83750000
16.59562500
16.81745900
16.54858300
16.84508300
16.55895900
16.64529100
16.67195900
16.80954100
16.56441700
16.74808300
16.54758400
16.65650000
16.84333300
16.63725000
16.64295800
16.79479200
16.70458300
16.77791700
16.52566700
16.66220800
16.69445800
16.70158400
16.74395800
16.57541700
16.69541600
17.00841700
16.37083300
16.71041700
16.64450000
18.40908300
15.24325000
17.91691700
15.95487500
16.58795800
16.52233400
16.65354100
16.44870900
16.86325000
16.46470800
16.71025000
16.61995800
16.65558400
16.62516600
16.66412500
16.86587500
16.55141700
16.61070800
16.65316700
16.84737500
16.51733300
16.80504200
16.62312500
16.68462500
16.62429200
16.66695800
16.79775000
16.67237500
16.73633300
16.53141700
16.67775000
16.76291700
16.56633300
16.74591700
16.87445800
16.57145800
16.69325000
16.68900000
16.56595900
16.69637500
16.72333300
16.58479200
16.67933300
16.82100000
16.50770800
16.73525000
16.71800000
16.61270900
16.73879100
16.75062500
16.62516700
16.66662500
16.60400000
16.83525000
17.91358300
15.84366700
16.49833300
16.38229200
16.67587500
16.81125000
16.55483300
16.72500000
16.70354200
16.85283300
16.51966700
16.76662500
16.65954200
16.46870800
16.81895800
16.68816700
16.68425000
16.73283300
16.61616700
16.75050000
16.54533300
16.83691700
16.87408300
16.55500000
16.57008400
16.65795800
16.62337500
16.85400000
16.60562500
16.68912500
16.57070800
16.79116700
16.73995800
16.62833400
16.55212500
16.85154100
16.51937500
16.74870900
16.62929100
16.78237500
16.69945900
16.68750000
16.53500000
16.62533300
16.66754200
517.32225000
16.55370800
16.69345800
16.68491700
16.66533300
16.68987500
16.69170900
16.68591600
16.67362500
16.68866700
16.67000000
16.70508300
16.67716700
16.66750000
16.68533300
16.72454200
16.65333300
16.68400000
16.71529200
16.69445800
16.69608400
16.65229100
16.66479200
16.67712500
16.66820800
16.69370900
16.68108300
16.70587500
16.71720800
16.65437500
16.65204200
16.68929200
16.67454100
16.68412500
16.70908400
16.67962500
16.68295800
16.68337500
16.66820800
16.68416700
16.70220800
16.68133400
16.69983300
16.65629200
16.68058300
16.71787500
16.67883300
16.69337500
16.65016700
16.69808300
16.77816700
16.57087500
16.69258300
16.68787500
16.68329200
16.77837500
16.67658300
16.58062500
16.67716700
17.83533300
15.53783400
16.67412500
16.67404100
16.69029200
16.68470800
16.67845900
16.70087500
16.67329100
16.67250000
16.68862500
16.67612500
16.69170900
16.67275000
16.68500000
16.68100000
16.69491600
16.85775000
16.50495900
16.67558300
16.68366700
16.68241600
16.68325000
16.68433400
16.68187500
16.69504100
16.67229200
16.68362500
16.68670800
16.74429200
16.63487500
16.69491700
16.76008300
16.58933300
16.68929200
16.67620800
16.69383400
16.68316600
16.83020900
16.56666600
16.78383400
16.54650000
16.68958300
16.67112500
16.71870800
16.68766700
16.68025000
16.67041700
16.68283300
16.71095800
16.64533400
16.69170800
16.69358300
16.68541700
16.66533300
16.68454200
18.04533300
16.03750000
16.60579200
16.10216700
16.66650000
17.00583300
45.69525000
4.99879200
11.25841600
4.56770900
21.13066600
14.52150000
14.25150000
16.72337500
16.67375000
16.64812500
16.68445900
16.67837500
16.67120800
16.68316700
16.69891600
16.71225000
16.64383400
17.87608300
15.52754200
16.67791600
16.66441700
16.71204200
16.67870800
16.65200000
16.67412500
16.70604200
16.67995800
16.66500000
16.72070800
16.65300000
16.69529200
16.69183300
16.65558400
16.72662500
16.65758300
16.67729200
16.67779100
16.72420900
16.63558300
16.71741700
16.66170800
16.69512500
16.66433300
16.69279200
16.66783300
16.71491700
16.79929200
16.60795800
16.66654200
16.93475000
16.48462500
16.63245800
16.77154200
16.66454100
16.77325000
16.64533400
16.63770800
16.67058300
16.69841700
16.64983300
16.71245900
16.67591600
16.86079200
16.49012500
16.71375000
16.82733300
16.87745900
16.80879100
16.59087500
16.55654200
16.74675000
16.60645800
16.68445900
16.47829100
16.80575000
16.64208400
16.62841600
16.73158400
16.66954100
16.65387500
16.65370900
16.77083300
16.60937500
16.75004200
16.70358300
16.63816700
16.69162500
16.73129100
18.02895900
15.33645800
16.63820800
18.10779200
15.26666700
16.67608300
18.88495800
14.58275000
16.61100000
16.65091700
16.61833300
16.63545900
16.78458300
16.73891700
19.22287500
14.12300000
16.55995800
16.89929200
16.65650000
16.57979100
16.72920900
16.51808300
16.71400000
16.89850000
16.72262500
18.85454200
14.21412500
16.84012500
16.50616600
16.62895900
18.86470800
14.51004200
16.73775000
16.67270800
16.73458300
16.70929200
16.64862500
17.23208300
16.45300000
16.53750000
16.49470900
16.59787500
16.79241600
16.60400000
16.72120900
17.27950000
16.31991600
19.20850000
15.43708400
16.26495800
16.43104200
16.66650000
16.52800000
16.57641600
16.80833400
16.53412500
16.89858300
16.33683300
16.44787500
16.89091700
16.50591700
16.72908300
16.71070800
16.61862500
16.60266700
16.82450000
16.55937500
16.68575000
16.77983300
16.66658400
16.64079100
16.74745900
16.54629100
16.73675000
16.80916700
16.50245800
16.72195900
16.71062500
17.04708300
16.47516700
16.72170800
16.62745800
16.45979200
16.63070800
16.71225000
16.81766700
16.65783300
16.62087500
16.79750000
16.57545900
16.74095800
16.80204200
16.46595800
16.67283300
16.77429200
16.66041700
16.59991600
16.94945900
16.48379100
16.75833400
16.72233300
16.58325000
16.70337500
16.67262500
16.74600000
16.62066700
16.85112500
16.59033300
16.59629200
16.69654100
16.70666700
16.48504200
16.67433300
16.82191700
16.67587500
16.74691600
16.60762500
16.66283400
16.84937500
16.40170800
16.86541700
16.65687500
16.51500000
16.88358300
16.57487500
16.60408300
19.34108400
14.21870800
16.57850000
18.75670800
14.69320900
16.49691600
16.80545900
16.64458300
16.69195800
16.73062500
16.57179200
19.20916700
14.53058300
16.29766700
16.69616600
19.20345900
14.13912500
16.75833300
16.75479200
16.59366600
16.69016700
16.91150000
16.51679200
16.58687500
17.77270800
15.57179200
16.68370800
16.70704200
16.75679100
16.59908400
18.14750000
15.39258300
16.49983300
16.99866700
16.38200000
16.76300000
16.66862500
16.75762500
16.61237500
16.88570800
16.39091700
18.94287500
14.60845800
16.59504200
18.22304200
15.22754100
16.56545900
16.77845800
16.55279200
16.66991600
16.74545900
16.70562500
16.72145800
18.07291700
15.44575000
16.54720800
17.90837500
16.68262500
16.23800000
16.78308300
16.74737500
15.95729200
17.04104200
16.60050000
16.49008300
16.73775000
16.66175000
16.68979200
16.69558300
16.44962500
16.64862500
16.86533300
16.64916700
16.52525000
16.76141700
16.73050000
16.72925000
16.68800000
16.66687500
16.60441600
16.69770900
16.71770800
16.70816700
16.42370800
16.79391700
16.84320800
16.68095800
16.50329200
16.57037500
16.91145800
16.52279200
16.84200000
16.42116700
16.70937500
16.88362500
16.61070800
16.63045800
16.59991700
16.88400000
16.51137500
16.74845800
16.73679200
16.45370800
16.86408400
16.68570800
16.55658300
16.71445900
16.83204100
16.49975000
16.64566700
16.84025000
16.60266700
16.72000000
16.74133300
16.53408300
16.66770900
16.74458300
16.73370800
16.80583400
19.20145800
15.65058300
16.23483400
16.51237500
16.31079100
16.82391700
16.50754200
16.60154100
16.90087500
16.37395900
16.64070800
16.78754200
16.80245800
16.47520800
16.54562500
16.65404200
16.63250000
16.79325000
16.54962500
16.72362500
16.80850000
16.55166700
16.78300000
16.74545800
16.53875000
16.68479200
16.76816600
16.61620900
16.54975000
16.88883300
16.50841700
17.08020800
16.76583300
16.35908400
16.69362500
16.63179100
16.56658400
16.62995800
16.72304200
16.61929100
16.66537500
16.65475000
16.86387500
16.57870900
16.68216600
16.65441700
16.81316700
16.57466600
16.63137500
16.71362500
16.64350000
16.74095900
16.76183300
16.46716700
16.86512500
16.66075000
16.50370800
16.80020800
16.62500000
16.61445900
16.69475000
16.92812500
16.43866600
16.75570900
16.85700000
16.64416600
16.60554200
16.80779200
16.57604100
16.65445900
16.77733300
16.60462500
16.89816700
16.69504100
16.40054200
16.66862500
16.89666700
16.39362500
16.80166600
16.83154200
16.53612500
16.80987500
16.69575000
16.82254200
16.52900000
16.65208300
16.62704200
16.60325000
18.35970800
15.10958300
16.61954200
17.28712500
16.23666700
16.52075000
16.68150000
16.73329100
16.83100000
16.58375000
16.50283400
18.55545800
14.80779200
16.81858300
16.73795800
16.61241700
16.66237500
16.74116700
16.61437500
16.69779100
16.76437500
16.68216700
18.01075000
15.41458300
16.53162500
16.65958400
18.64454100
14.83700000
16.50770900
16.80287500
16.53633300
16.72354200
16.81566600
16.74179200
16.49325000
16.83687500
16.57104200
16.71375000
16.59837500
16.89787500
16.57675000
16.82908300
16.50787500
16.67558300
17.07387500
16.40591700
16.63154200
16.74666600
16.56020900
18.16979100
15.09991700
16.71683300
17.96891700
15.70408300
16.64325000
16.40041700
16.76779200
16.71070800
16.69608300
16.73200000
18.26291700
15.22216700
16.59333300
17.08925000
16.33054200
16.55525000
16.54945800
16.67337500
16.68570800
16.74116700
16.74254200
16.57895800
16.74770800
16.89583400
16.49887500
16.59187500
18.09645800
15.39083300
16.63191700
16.74441700
16.68958300
16.69854200
16.66308300
16.69175000
16.52645800
17.20979200
17.80925000
15.27400000
16.58291700
16.63120800
16.59433300
19.87079200
13.58479200
16.67637500
16.60712500
16.67587500
16.70962500
16.75904100
16.60912500
18.53887500
17.63712500
13.85950000
16.73795900
16.76783300
16.67829200
16.53779100
16.81762500
16.62320900
16.72441600
16.77495900
18.02962500
15.37395800
19.64545800
15.38008400
16.18150000
16.53833300
16.35579200
16.61612500
16.50487500
16.53412500
16.72045800
16.61912500
16.44112500
17.20366700
16.43262500
16.54520800
16.65237500
16.64300000
16.66541700
16.82512500
16.44966600
16.65050000
16.84758400
16.52200000
16.82370800
16.68354200
16.63470800
16.78641700
16.84779100
16.37962500
16.86004200
16.71316700
16.44166600
16.92704200
16.70908300
16.62925000
16.60841700
16.59829200
16.61504100
16.69245900
16.62779100
16.80441700
16.62091700
16.76858300
16.73050000
16.51641700
16.81604100
16.50429200
16.72808300
16.80950000
16.61725000
16.63616700
16.75125000
16.46837500
17.04104200
16.68200000
16.43433300
16.54212500
16.83295800
16.60745900
16.78683300
16.53437500
16.73437500
16.91295800
16.57279200
16.73941700
16.58516600
16.68704200
16.70550000
16.85362500
16.43708300
16.83587500
16.68004200
16.78016700
16.48545800
16.86333300
16.49925000
16.67604200
16.80287500
19.22012500
14.10300000
16.76183300
16.61333400
16.77862500
16.51608300
16.60904200
16.81154100
16.64508400
16.65979100
18.24700000
15.20037500
16.60766700
16.68687500
18.87345800
14.41541700
16.74491700
16.69025000
16.60787500
16.69320800
16.71016700
16.57579100
16.86600000
16.67795900
16.69662500
18.55370800
14.75450000
16.66195800
16.68525000
17.75795900
15.53083300
16.82604200
16.51370800
16.94795800
18.24308400
15.22879100
16.53558400
16.58775000
16.64025000
16.69637500
16.83312500
18.91970800
14.35925000
16.79125000
16.65750000
17.97412500
15.45054200
16.53708300
16.77912500
16.72141700
16.51775000
16.57933300
16.88354200
16.48408300
16.85491700
16.79287500
16.40570800
16.88495800
16.63150000
18.50654200
14.70658300
16.67958400
16.74616600
16.78979200
16.61908300
17.95708400
15.30658300
16.90487500
16.49154200
16.78445800
16.67137500
16.57783300
16.79295900
16.85175000
16.44825000
16.78387500
16.54904100
16.84191700
16.53154200
16.70687500
17.79458300
15.55712500
16.71929200
16.60066600
16.80179200
18.97766700
14.33262500
16.72458300
16.63383300
16.73641700
16.58212500
17.04708300
17.84933400
15.18620800
16.66745800
16.89320900
18.70341600
14.49775000
16.65912500
16.78020900
16.67191600
16.60625000
16.79929200
16.92937500
16.29487500
16.66604200
16.85316600
18.55445900
14.66112500
16.72341600
16.66379200
16.87341700
16.51525000
16.62766600
16.92883400
16.68783300
17.73033300
15.80891700
16.54995800
16.43491700
18.44258300
15.98437500
16.67233400
16.62925000
16.37454100
16.49829200
16.71375000
16.55254200
16.87391600
16.69516700
16.29170800
16.70883400
16.75812500
16.45929100
16.79716700
16.79266700
16.60116600
16.65995900
16.60845800
16.64129200
16.74670800
16.63775000
16.70470800
16.68287500
16.66633400
16.69358300
17.03058300
16.49483400
16.61066600
16.79008400
16.44354100
17.14379200
16.66745800
16.36987500
16.76904200
16.70166700
16.58095800
16.51920800
16.77000000
16.58008400
16.68866600
16.78020900
16.57916600
16.69562500
16.86362500
16.55370900
16.73633300
16.68858300
16.55587500
16.80512500
16.69012500
16.61333400
16.67766600
16.72125000
16.67008400
16.66754100
16.82841700
16.58962500
16.63308300
16.62237500
16.68883400
16.70112500
16.89041600
16.63566700
16.60395800
16.74525000
16.44637500
16.66937500
16.89475000
16.53654200
16.72641700
16.76837500
16.50662500
16.75054100
16.75333400
16.64008300
16.76450000
16.58558300
16.63275000
16.78550000
16.57062500
19.48870900
14.08691600
16.43712500
16.81616700
16.57054200
16.77883300
19.06241700
14.49116600
16.45162500
16.80775000
16.68537500
16.57437500
16.66016700
16.77387500
18.99275000
14.44070800
16.61120900
16.62550000
16.70433300
18.71858300
14.72579200
16.54004200
16.93608300
18.53341700
14.63091600
16.85066700
16.47312500
16.62845800
16.90670900
16.57741600
16.70737500
16.77725000
16.64929200
16.70837500
16.75879200
16.54295800
16.88862500
16.57675000
16.54808300
16.65579200
16.83541700
16.44295800
16.86054200
16.58941600
19.60425000
13.69454200
16.77020800
16.57195900
16.76508300
16.61179200
16.77183300
16.68700000
16.59987500
19.43929200
14.11333300
16.50262500
16.72716700
16.80566600
16.53233400
16.66883300
16.79291700
16.54800000
19.66158300
13.98662500
16.44016700
16.64258300
16.68908300
18.24012500
15.15175000
16.91695900
16.43633300
16.74691700
16.79500000
16.49683300
17.00812500
19.10166700
13.93725000
16.81829100
16.59266700
16.64891700
16.76691600
16.78245900
16.70920800
17.26554200
16.00279100
18.52225000
14.82016700
16.72941700
16.58595800
16.71470800
16.91637500
16.61625000
16.48625000
17.15237500
16.53620900
16.61541600
16.59220900
16.50675000
16.69870800
16.76912500
16.57158300
16.87395900
16.83508300
16.37579200
16.87100000
16.68833300
16.48320800
18.82620900
14.59745800
16.58958300
18.20312500
15.37270900
16.55029100
16.75033400
16.58816600
16.66400000
16.81604200
16.97516700
17.87587500
15.25108300
16.53233300
16.66012500
16.63108400
19.47400000
13.98983300
16.79145800
18.70066700
14.53979200
16.72916600
16.69187500
16.64800000
16.74179200
16.67591700
16.54133300
16.94104200
16.79633300
16.46987500
16.74883300
16.46775000
18.29416700
15.18350000
16.75979200
16.97358300
16.64408300
18.71079200
15.93775000
16.19145800
16.32920900
16.68675000
16.60525000
16.40945800
16.66266700
16.64279100
16.84991700
16.55325000
16.58270800
16.58479200
16.81470800
16.52145900
16.67079100
16.83779200
16.59662500
16.84691700
16.68954100
16.35458400
16.83695800
16.82025000
16.55300000
16.64045800
16.74154200
16.60391700
16.69029100
16.83733400
16.51495800
16.73225000
16.75450000
16.81787500
16.53400000
16.76133300
16.74487500
16.29637500
16.75758400
16.60062500
16.71662500
16.72962500
16.51279100
16.83370900
16.65858300
16.60891700
16.66520800
16.83175000
16.55141700
16.72854100
16.74841700
16.77016700
16.62116600
16.58558400
16.69845800
16.79625000
16.55275000
16.60341700
16.81458300
16.77975000
16.60366700
16.63862500
16.58150000
16.70275000
16.69150000
16.80241600
16.63525000
16.75008400
16.58833300
18.76483300
15.07575000
16.41820900
16.62012500
16.66850000
16.60941600
16.54433400
16.82158300
16.73962500
16.72520800
16.86825000
16.36429200
18.18050000
15.38550000
16.46158300
18.70970900
14.85545800
16.57895800
16.56700000
16.83887500
16.59845900
16.73666600
16.51062500
16.65395900
16.80691600
19.20545900
14.25270800
16.75191700
17.88245800
15.36470800
16.68975000
16.81200000
16.58391700
16.70133300
16.55616700
16.61562500
16.82537500
16.79262500
16.55620800
16.76854200
19.02091700
14.28637500
16.88316600
16.49508400
16.53750000
16.78295800
16.74858300
16.48404200
18.16808300
15.19687500
16.91129200
16.97562500
16.41962500
16.77291700
16.58945800
16.57287500
16.66758300
19.09829200
14.37254200
16.90120800
16.58345800
16.75720900
16.63741600
16.78700000
16.38437500
19.00683400
14.32512500
16.67062500
16.61304100
16.93975000
16.62195900
16.63637500
18.16520800
15.22191700
16.63733300
16.60812500
16.68220800
16.71550000
16.63470900
19.32945800
14.15466700
16.70470800
16.62316700
16.53912500
16.92575000
16.55654100
16.77758400
16.71087500
16.60025000
16.60250000
16.72637500
16.57812500
16.80704100
16.87054200
18.79283300
14.39091700
16.62704200
18.39379100
15.04825000
16.57500000
16.71691700
16.70604200
16.86025000
16.68250000
16.70491600
18.36400000
14.80137500
16.77833400
16.66795800
16.52220800
16.97337500
16.59850000
16.67004200
16.48662500
16.64891700
16.86841600
18.35425000
14.86279200
16.85820800
16.64250000
16.59975000
16.91250000
16.65650000
16.54275000
16.74645900
16.65341600
16.67087500
18.07454200
15.35258300
16.66037500
16.57979200
16.74450000
16.65916700
16.70008300
18.21150000
14.99495800
16.82245900
16.81612500
16.57616600
16.55925000
16.88758400
16.54166600
16.63387500
16.78462500
16.89245900
16.56729100
16.60316700
16.52845800
16.71245900
16.71358300
16.82204200
16.53854100
16.63037500
16.69287500
18.11770900
15.32125000
16.72395800
16.86745800
16.53812500
16.53929200
16.91504200
16.54904100
16.69387500
17.04795900
16.53233300
18.88787500
15.90337500
16.02229200
16.74870800
16.46975000
16.64608300
16.58500000
16.73558400
16.33666600
16.68325000
16.73641700
16.62004200
16.42233300
17.08470800
16.33933400
16.67970800
17.01395800
16.44475000
16.58387500
16.62970900
16.80008300
16.50783300
16.89275000
16.59545900
16.64966600
16.81187500
16.58037500
16.60616700
16.67262500
16.59587500
16.71900000
16.93679200
16.94033300
16.55933300
16.65162500
16.45745900
16.37345800
16.69725000
16.88791700
16.69133300
16.69887500
16.83125000
16.84245800
16.53741700
16.76983300
16.61170900
16.31858300
16.66475000
16.91491700
16.62733300
16.72412500
16.69508300
16.67633400
16.60650000
16.65741600
16.62766700
16.73412500
16.93712500
16.42241700
16.65625000
16.56670800
16.78979200
16.73687500
16.59137500
16.62075000
16.92725000
16.66679100
16.62054200
16.61325000
16.85579200
16.42533300
16.89412500
16.67266700
16.59445800
16.73916700
16.68316600
16.72620900
16.70100000
16.62183300
16.68879200
16.50687500
16.88541600
16.60600000
16.77504200
19.17416700
14.13816600
16.62283400
16.88637500
16.49762500
16.60083300
16.73691700
16.60508300
16.71991700
16.85204100
16.60770900
19.17729100
14.31404200
16.42416700
16.75300000
16.81270800
16.67366700
16.67591600
16.62720900
16.56354100
19.24075000
14.11970900
16.82800000
16.81683300
16.48258300
16.70712500
18.22470900
15.16158300
16.86204200
16.36750000
16.69087500
19.24220800
14.53787500
16.63691700
16.70662500
16.91737500
16.30354100
16.51000000
16.87666700
16.42600000
16.74862500
16.96308300
16.56691700
16.60433300
16.78929200
16.67670800
16.46358400
16.92808300
16.43350000
16.70400000
16.83337500
16.60341700
16.90716600
16.52295900
16.63362500
16.73016600
16.79529200
16.53716700
16.65066600
16.72316700
16.56537500
16.66075000
17.40562500
16.34104200
16.39837500
16.62895800
16.79891700
16.77762500
16.70358300
17.27683300
16.11358400
16.53412500
16.60287500
16.95600000
16.61695800
16.60345800
16.67100000
16.62287500
18.41858400
15.07212500
16.56629100
16.73987500
16.55445900
16.87916600
16.46179200
16.94154200
16.49762500
16.56462500
16.95587500
16.45625000
16.69854100
18.52329200
14.96325000
16.80550000
16.57750000
18.50079200
14.80058300
16.64258300
16.61587500
16.94058400
16.55820800
16.75000000
16.56091700
16.87687500
16.48083300
16.68275000
16.86829200
16.52445800
18.08700000
15.54341700
16.57866600
19.97837500
14.91837500
16.14366700
16.52275000
16.35762500
16.79233300
16.57616700
16.56733300
16.58654200
16.77529200
16.53020800
16.55291700
16.73525000
16.61604100
16.67200000
16.75741700
16.60291700
16.66445800
16.75495800
16.49058400
16.82612500
16.79850000
16.53320800
16.66558300
16.78570900
16.67675000
16.49379100
16.75950000
16.64037500
16.79283400
16.68125000
16.64170800
16.99237500
16.68395800
16.50416700
16.69304200
16.41970800
16.63854200
16.69520800
16.77262500
16.66966700
16.93995800
16.48312500
16.73329200
16.68212500
16.53708300
16.58837500
16.72887500
16.78762500
16.62058300
16.82112500
16.70241700
16.59500000
16.56945800
16.63791700
16.64150000
16.76491700
16.60320800
16.73841700
16.73875000
17.59725000
15.99654100
16.62525000
16.41375000
16.78633400
16.84933300
16.56741700
16.48120800
16.78450000
16.62845800
16.81100000
16.74050000
16.59641700
16.66558300
16.70404200
16.79287500
16.56620800
16.81650000
16.44254200
16.65883300
16.95641700
16.42829200
19.35670800
14.02304200
16.87691600
16.73066700
16.63883300
16.56041700
16.72345800
16.63075000
16.63958400
18.75983300
14.62441700
16.74354100
16.69487500
16.82479200
16.49129200
16.78508300
16.55595800
16.76370900
18.05004100
15.60791700
16.37575000
16.70166700
16.59125000
16.72058300
16.68350000
16.68545800
16.68300000
16.68429200
16.82725000
16.60525000
17.14258300
17.60795900
15.16866600
16.77733400
16.78229100
16.59320900
16.76529100
16.48516700
17.48204200
16.29125000
16.25375000
16.73704100
16.70208400
16.92945800
16.37416700
16.78791600
16.64754200
17.12829200
16.65195800
16.81904200
17.81862500
15.94645800
16.07729200
16.59320800
16.66358300
16.50000000
16.65216700
16.75337500
16.51591700
16.88162500
16.63195800
16.70000000
16.72983300
16.59987500
16.55966700
16.86087500
16.68512500
16.54687500
16.67054200
16.80879100
16.77308400
16.64458300
16.75554200
17.00133300
16.86812500
16.64762500
16.14529200
16.77341600
17.39366700
16.84941700
16.02341600
16.71083400
16.50854100
16.78295900
16.55325000
16.87754100
16.68341700
16.95366700
16.29350000
16.81379100
16.70937500
16.48987500
16.65720900
16.57100000
16.71425000
16.82287500
16.57554100
16.99354200
16.62787500
16.94475000
16.09054200
16.91550000
16.34600000
16.81404100
16.85445900
16.52470800
16.45258300
16.96745900
16.54245800
16.64120800
16.60612500
16.62950000
16.74383400
16.76495800
16.65425000
16.87966700
16.74266600
17.16695900
16.56650000
16.97408300
16.19670800
16.63433400
16.93225000
16.45691600
16.42187500
16.87175000
16.66483400
16.71837500
16.70245800
16.74433300
16.52891700
16.57741700
16.78933300
16.63300000
16.64604200
16.65637500
16.77812500
16.58050000
16.82520800
16.99470800
16.24341700
16.65600000
16.79220800
16.58262500
16.74483400
16.72208300
16.54583300
16.98020900
16.86637500
16.41541600
16.76200000
16.62741700
16.43745800
16.63604200
16.83737500
16.54616700
16.56800000
16.82645800
16.81387500
16.67158300
16.64758400
16.54458300
16.68495800
16.83608400
16.38516600
16.94558400
16.43912500
17.02779100
16.51362500
16.82483400
16.80879100
16.61495900
16.97787500
16.36050000
16.53329100
16.59720900
16.80404100
16.55504200
16.88258300
16.63166700
16.45450000
16.95562500
16.45933300
16.78904200
16.67516700
16.76995800
16.61533300
16.65725000
16.53470900
16.96112500
16.72400000
16.46379100
16.74929200
16.64700000
16.53370800
16.83241700
16.71391700
16.49554100
16.95600000
16.74208400
16.59650000
16.63583300
16.54779200
16.69558300
16.97987500
16.55345800
16.57958400
16.89312500
16.37129100
16.73987500
16.66654200
16.74200000
16.71754200
16.69300000
16.61275000
16.67045800
16.83912500
16.58254200
16.87104100
16.65812500
16.57062500
16.64670900
16.71316600
18.38587500
14.85816700
16.74629200
16.65316600
16.74358400
16.70487500
16.61212500
16.74258300
16.64850000
16.54508300
19.42529200
14.13020800
16.52608400
16.72025000
16.72995800
16.63725000
16.79433300
16.52008400
16.72033300
16.92795800
16.44516700
16.70870800
16.61500000
19.11912500
14.24008400
16.82158300
18.80541700
14.61083300
16.61875000
16.61616700
16.64429100
16.87041700
16.50300000
16.65925000
17.91750000
15.49800000
16.87579200
16.68200000
16.50416600
16.68883400
16.71820800
16.59800000
16.70920800
19.28112500
14.23645900
16.58645800
16.71612500
16.60804200
16.68912500
16.83225000
16.65333300
16.58137500
16.71025000
16.71191700
16.64904100
16.95391700
16.52304200
16.73316600
16.53970900
16.58266600
16.83083400
16.79391600
16.44575000
16.69516700
16.85733300
16.59133400
16.79545800
16.52854200
16.75212500
16.55704100
16.67120900
16.82687500
18.72654100
14.63158400
16.60600000
16.79683300
16.60645800
16.73945900
16.58362500
16.73800000
16.59400000
16.70979100
16.65950000
18.51729200
14.92558300
16.59175000
16.68808400
16.64862500
16.70937500
18.64454100
14.83487500
16.55491700
16.76837500
16.65000000
16.66179200
16.70304100
16.92775000
16.49150000
16.63770900
16.75025000
16.58412500
16.70358300
18.56508300
14.75612500
16.72320900
16.79758300
18.62862500
14.65675000
16.71575000
16.60337500
16.72891700
16.75479100
16.53100000
16.77645900
16.75854100
16.75520900
16.48308300
16.97116700
16.52891600
18.24912500
16.60550000
16.71308400
16.18991600
16.29887500
16.44454200
16.69191700
16.57279100
16.76608400
16.53054100
16.57237500
16.78029200
16.94654200
16.31291600
16.69333400
16.74666600
16.56895900
16.68179100
16.77312500
16.64641700
16.62558300
16.78179200
16.61487500
16.65400000
16.80037500
16.67037500
16.51979200
16.82645800
16.52887500
16.66658300
16.96395900
16.43583300
17.04141700
16.67766600
16.63116700
16.48641700
16.44666600
16.88962500
16.59625000
16.69629200
16.55145800
16.63970900
16.72204100
16.68629200
16.68733300
16.91395900
16.63520800
16.56850000
16.84391700
16.51741600
16.71183400
16.64991600
16.79700000
16.83775000
16.74875000
16.57883400
16.59650000
16.68708300
16.89562500
16.52283300
16.50225000
16.65779200
16.63904200
16.67479100
16.91104200
16.62333300
16.53375000
16.79066700
16.79220800
16.55283400
16.72941600
16.81258400
16.39583300
16.82150000
16.70687500
16.62366700
16.73904100
16.72608400
16.58583300
16.61379200
16.75058300
16.65937500
16.68445800
16.74095900
16.63458300
16.63062500
16.77075000
16.65866700
16.56987500
16.85462500
16.59100000
16.68129100
16.59366700
16.95220800
16.52429200
16.65541700
16.66691600
16.80887500
16.78516700
16.49683300
16.72554200
16.53320800
16.72254200
16.65929200
16.67975000
16.77137500
16.63354100
16.74800000
16.84083400
18.05066600
15.04683400
16.72366600
19.40800000
14.00766700
16.63108300
16.82595900
16.79662500
16.61570800
16.74133300
16.44212500
16.73391700
16.80070800
16.55700000
18.01179200
15.27100000
16.79791700
16.83920800
16.72662500
16.63237500
16.52541700
16.74916600
16.74079200
16.48225000
16.80766700
16.54337500
16.69020800
16.80054200
16.56529100
16.72720900
18.89662500
14.56533300
16.53337500
16.86150000
16.49225000
16.72245800
16.80725000
16.58941700
18.06366700
15.41600000
16.63691600
18.28508400
15.07350000
16.68216600
16.59591700
16.72991700
16.82966600
16.51916700
16.92970800
16.52345900
16.78275000
16.55170800
16.67320800
16.71266700
18.67950000
14.60012500
17.08858300
16.40404200
16.59970800
16.75479200
16.83141700
16.42212500
16.77404100
16.56866700
16.87241700
16.50645800
16.69495800
17.00775000
16.68908400
16.42770800
16.55875000
16.91808300
16.64666700
16.53516700
16.86600000
18.48329100
14.91087500
16.60962500
16.63591700
16.61225000
16.84075000
16.49029200
17.41595800
16.77054200
16.20433300
16.76929200
16.46829100
16.54970900
16.97029100
16.59941700
17.25762500
17.53158300
16.30625000
16.13837500
16.81095900
16.83541600
16.11662500
16.68279200
16.78941700
16.50945800
16.72295800
16.81645900
16.39933300
16.65387500
16.64145800
16.64458400
16.68500000
16.74233300
16.96012500
16.55583300
16.50916700
16.69479200
16.76037500
16.70116600
16.67129200
16.68895800
16.66870900
16.77341600
16.61745900
16.53675000
16.65008300
16.83333300
16.93020900
16.53954100
16.69687500
16.64054200
16.43145800
16.96454200
16.65812500
16.60133300
16.64908400
16.55816600
16.72479200
16.94462500
16.53975000
16.52579200
17.11529100
16.32320900
16.69350000
16.81108300
16.49012500
16.73058300
16.69233400
16.53200000
16.74058300
16.89591700
16.61537500
16.57879100
16.87779200
16.44125000
16.76054200
16.84737500
16.45329100
16.68420900
16.69825000
16.53529100
16.95858400
16.61387500
16.71404100
16.41745900
16.82987500
16.70941600
16.83895900
16.47304100
16.94920900
16.59645800
16.54695800
16.56070900
17.12362500
16.65845800
16.48054200
16.69687500
19.21466600
14.07250000
16.73729200
16.65895800
16.60437500
16.91241700
16.43650000
17.01079200
16.25208300
16.95750000
16.70629200
16.66458300
16.64612500
16.68437500
16.63791700
16.85691600
16.59116700
16.64800000
16.63495800
18.17545900
15.21804100
16.69416700
19.08250000
14.41079200
16.65741600
17.57916700
15.70979200
16.67366600
16.71095900
16.59095800
18.20345800
15.30608400
16.59391600
18.85187500
14.60370900
16.64245800
18.01075000
15.42775000
16.68250000
16.59941700
16.69229100
16.64229200
16.64287500
18.21866700
15.17991600
16.65254200
18.71345800
14.66429200
16.66329200
16.64079100
16.72158400
16.78058300
18.97666700
14.30537500
16.62558300
16.75754200
16.74495800
16.37879200
17.12804100
16.31020900
16.80841600
16.59533400
16.71491600
16.68408400
16.90487500
16.57883300
16.43229200
19.17241600
14.23895900
16.85916600
16.54929200
17.91300000
15.50883300
16.68129200
16.63208300
16.83491700
16.50854200
16.63350000
16.68570800
16.74895800
16.67066700
16.74345800
18.01062500
15.27912500
16.74900000
18.00804200
15.23225000
16.98537500
17.02262500
16.59212500
16.35937500
16.64125000
16.56112500
19.13537500
14.18841700
16.88795800
16.45545800
18.13387500
15.23579200
16.98708300
16.41195900
16.71720800
16.88641700
16.65308300
16.48087500
16.93058300
16.54958400
16.53116600
16.84970900
16.77054100
16.59587500
16.53870900
16.83487500
16.53683300
17.00804200
16.68833300
19.25470800
15.65345900
15.95045800
16.39912500
16.78158300
16.58745900
16.58512500
16.57925000
16.74983300
16.31429200
16.80829100
16.55258400
16.64066600
16.75754200
16.62720800
16.68308400
16.77025000
16.59108300
16.71904200
17.01412500
16.25170800
16.68687500
16.70537500
16.63320800
16.67525000
16.81354200
16.63075000
16.68300000
16.67587500
16.60483300
16.81850000
16.93325000
16.80391700
16.49550000
16.54379200
16.80983300
16.67645800
17.08879200
16.20600000
17.01875000
16.20375000
16.80525000
16.77183300
16.62391700
16.43058300
16.78595900
16.80008300
16.85070800
16.79620900
16.20162500
16.80241600
16.53087500
16.79095900
16.65004100
16.63441700
16.89720800
16.56112500
16.59666700
16.67225000
16.73887500
16.82345800
16.55016700
16.65375000
16.77745800
16.51070900
16.81658300
16.59337500
16.48220800
17.04891700
16.64875000
16.44237500
16.84425000
16.71500000
16.52212500
16.77595800
16.80995900
16.46425000
16.72466600
16.82833400
16.76850000
16.58816600
16.43241700
16.79691700
16.72204100
16.74041700
16.59279200
16.64729100
16.56850000
16.88862500
16.49820900
16.76462500
16.72979100
16.73383400
16.62783300
16.65225000
16.91375000
17.87537500
15.32062500
16.79770800
16.56175000
16.67954200
16.61270800
16.73337500
16.53745900
16.94091600
16.59241700
16.70425000
16.57400000
16.80979200
18.42395800
14.83695800
16.58800000
16.74595900
16.82620800
16.55308300
16.83537500
16.49695900
16.85862500
16.59600000
17.01641600
16.49804200
16.50408300
16.77895900
16.56320800
18.43983300
15.19370900
16.51833300
16.60466700
17.53504100
15.92079200
16.51704200
16.75383300
16.69912500
16.57275000
16.77804200
16.71045800
16.65079200
16.63795800
16.65016700
17.13475000
16.38320800
16.68370800
16.68550000
16.49600000
16.75254200
18.70179200
14.83966600
16.58537500
16.80604200
16.44083300
16.78904200
16.76879200
16.62645800
16.61937500
18.25858300
15.11337500
16.61283400
16.92654100
16.42937500
16.67962500
18.86708400
14.60575000
16.70220800
16.90512500
16.34554200
16.74779100
16.82475000
16.65812500
16.61233400
16.69350000
16.65270800
18.52204200
14.93200000
16.64541600
16.67550000
16.69708400
16.58662500
17.92966600
15.57600000
16.91500000
16.38770900
16.72200000
16.57533300
16.60795800
16.81262500
16.54725000
16.75516700
19.11975000
15.16983300
16.04800000
16.60887500
17.64141700
15.51454200
18.13525000
15.40283300
16.68316700
16.46104100
16.75625000
16.98587500
16.60337500
16.48762500
18.21862500
15.21612500
16.60229200
16.60804200
18.55308300
14.93829200
16.84408300
16.68970800
16.38179200
16.89995800
16.53058400
16.68945800
16.63841700
16.79816600
16.59245900
16.73637500
16.57525000
18.10904100
15.46929200
16.80687500
16.53350000
19.28962500
15.61291700
16.12462500
16.82245800
16.18045800
16.68220900
16.53133300
16.58929200
16.75404100
16.68687500
16.65462500
16.48133400
16.69358300
16.56175000
16.75229200
16.67116600
16.66441700
17.03366700
16.50237500
16.46416600
16.72541700
16.66091700
16.61933300
16.80250000
16.55679200
16.64975000
16.85337500
16.68666600
16.67137500
16.68533400
16.55266600
16.80133400
16.81120800
16.44816700
16.92704100
16.40070900
17.33966600
16.02204200
16.77600000
16.58683300
16.59650000
16.87425000
16.54808400
16.66137500
16.58791600
16.76279200
16.66091700
16.65741600
16.64100000
16.74887500
16.82000000
16.51404200
16.80825000
16.70137500
16.54458300
16.74483400
16.59120800
16.64458300
16.76841700
16.84137500
16.56020800
16.73512500
16.63883400
16.64350000
16.73187500
16.72425000
16.55533300
16.67895800
16.74912500
18.58004200
14.69545800
16.88700000
16.60462500
16.72470900
16.66041600
16.51695900
16.83216600
16.96195900
16.42025000
16.71283300
18.69954200
14.66020800
16.78158300
16.61962500
16.55683400
17.02429100
16.46779200
16.77791700
16.61658300
16.53766700
17.81970800
15.48937500
16.83850000
16.60650000
19.15000000
14.24183300
17.07720900
16.31208300
16.71575000
16.69237500
16.67762500
18.71237500
14.62520800
16.71737500
16.48116700
16.78800000
16.80675000
16.55162500
16.64287500
18.18820800
16.75433400
15.16316600
16.85562500
17.58975000
15.76850000
16.66762500
16.44462500
16.76829200
16.67012500
16.67958300
16.73129200
16.67950000
16.73404200
16.71412500
19.00016600
14.36870900
16.55237500
16.59083300
19.24112500
14.26437500
16.58629200
16.66875000
16.82458300
18.76145800
14.98687500
18.26654200
15.28120800
63.98900000
17.41916700
8.16083300
6.87016700
22.31641700
5.59729100
5.15104200
5.26820800
14.88241700
16.76041700
16.56591600
16.62412500
16.58483400
17.00787500
16.53737500
16.68270800
16.94783300
16.52370900
16.57533300
16.90995800
16.54241700
16.76479200
16.65395800
16.69212500
16.50854200
16.90083300
16.61537500
16.68750000
16.63520800
16.66912500
16.57179200
16.82808300
16.61033400
17.15162500
16.69995800
16.34462500
16.58233300
16.55858400
16.78316600
16.63362500
16.73816700
16.67229200
16.65991600
16.74108400
16.43033300
16.81200000
16.69450000
16.80558300
16.67379200
16.61062500
16.65975000
16.76633300
16.53829200
16.72616700
16.79266600
16.42750000
16.80995900
16.86883300
16.48812500
16.77320800
16.75687500
16.57279200
16.52641700
17.04158300
16.43658300
18.47754200
16.05066700
16.50225000
16.73175000
16.61645800
16.10058300
16.73170900
16.72766600
16.55220900
16.79725000
16.56650000
16.51933300
16.68987500
16.89516700
16.79741600
16.26333400
16.94683300
16.42666700
16.64395800
16.76908300
16.68704200
16.62379200
16.72900000
16.67300000
16.69383300
16.76195800
16.57862500
16.70441700
16.75212500
16.62720800
16.67137500
16.77154200
16.77904200
16.73154100
16.48608400
16.55470800
16.60779200
16.76775000
16.64437500
16.77333300
16.59229200
16.69637500
16.74033300
16.66579200
16.63670800
16.78020800
16.59662500
16.57108400
16.83712500
16.62783300
16.65837500
16.74116700
16.52470800
16.75133300
16.77112500
16.82820900
16.57216600
16.69991700
16.59079200
16.65937500
16.76504100
16.61116700
16.76520800
17.03791700
16.37654200
16.64308300
16.57050000
16.76058300
16.74645900
16.74700000
16.43083300
16.94120800
16.98150000
16.59229200
16.80420800
19.07637500
21.45000000
9.19400000
16.70354200
17.89683300
15.22025000
16.88400000
16.65366700
16.81512500
16.48183300
16.75037500
16.67975000
16.58241700
16.62008300
16.77050000
17.05800000
16.42816700
16.65600000
16.61441700
16.58858300
17.34600000
16.08295800
16.54958400
16.72012500
18.87679100
14.61616700
16.72858300
16.61404200
16.64816700
16.73529100
16.61416700
16.59650000
16.85220800
18.53675000
14.73112500
16.72216700
16.58945800
16.64816700
16.75804200
16.68866600
16.77370900
16.81916600
16.48391700
16.78304200
18.56395800
14.72612500
16.68300000
16.56666700
17.19679100
16.38587500
16.54941700
16.89479200
16.40933300
16.85154200
16.70212500
16.99479100
16.93208400
16.52670800
16.37400000
16.82270800
16.54141700
16.97416700
16.27516600
16.61658400
17.16716600
16.82229200
16.28837500
16.77820800
17.36166700
15.87641700
16.60204100
16.64379200
16.59545800
16.76008400
16.53404100
16.96779200
16.52816700
16.77670800
16.43608300
16.76779200
16.90800000
16.47970800
17.14908400
16.50670800
17.25233300
16.10787500
16.93758400
17.62525000
16.36116600
17.19741700
15.26100000
17.63616700
16.19850000
16.41762500
16.94887500
16.48479100
16.55966700
16.72312500
16.43508300
16.54725000
16.90450000
16.74079200
16.88741700
16.44958300
16.39554200
16.74708300
16.89529200
16.59595800
16.68587500
16.72245800
16.61266700
16.74366700
16.62300000
16.89429100
16.92954200
16.50916700
16.57325000
16.52308300
16.57229200
17.04662500
16.56466600
16.53300000
16.53654200
16.77995800
16.56858400
16.78187500
17.13245800
16.52937500
17.37604200
16.54591600
16.37016700
16.36995800
16.81558400
16.58591600
16.58425000
16.78704200
16.56800000
16.66550000
16.75829200
16.61125000
16.69762500
16.69887500
16.71662500
16.67454100
16.55870900
16.57720800
16.69875000
16.96112500
16.41612500
16.79354200
16.76812500
16.57258300
16.70066700
16.79266600
16.47420900
16.71133300
16.73112500
16.59516700
16.84470800
16.66112500
16.86058300
16.66341700
16.56983300
16.60295900
16.63729100
16.58470900
16.67695800
16.72566700
16.61725000
16.77612500
16.77325000
16.53008300
16.70650000
16.58633300
16.64887500
16.78912500
16.76445900
16.44970800
16.77170800
17.13433400
16.39637500
16.72675000
16.69075000
16.72983300
17.00675000
16.66904200
16.40195800
16.52095800
16.76087500
16.55541700
16.71191700
17.07562500
16.38604100
16.60483400
16.83162500
16.64941600
16.82962500
17.50100000
15.90675000
16.45941700
16.44304200
16.72191600
16.76591700
16.86220800
16.58612500
16.44970900
16.84579100
16.69229200
16.51991700
17.17300000
16.48308300
16.71020800
16.69533400
16.54862500
16.71529100
16.72025000
16.41883400
19.53554100
13.89879200
16.75933300
17.05170900
16.53404100
16.55500000
16.65620900
16.62400000
16.69712500
16.83358300
16.68408300
16.70250000
16.66704200
16.61408300
16.71450000
16.61683400
16.51095800
16.75312500
18.85004200
14.49975000
16.67591600
16.89291700
16.93595800
16.47133400
16.75583300
16.47420800
16.64500000
16.71970900
16.63583300
18.19604200
15.07587500
16.80362500
16.65045800
16.58054200
16.76150000
16.78795800
16.75637500
16.51541700
16.68962500
16.71975000
18.55170800
14.76979200
16.73970800
17.74425000
15.57429200
16.70858300
16.61429200
16.72641600
18.88658400
14.64204100
16.55608400
16.88704100
16.54970900
16.71529100
16.70437500
16.62308400
16.75483300
16.51925000
16.59762500
18.46833300
14.93708400
16.60554100
16.79725000
17.19500000
16.23212500
16.86441700
16.61158300
16.62370900
18.25400000
15.00741600
16.57150000
17.03395900
18.13420800
15.09825000
16.68616700
16.51054100
16.73820900
16.80950000
16.60466600
18.51445900
15.08537500
16.39612500
17.24075000
16.43887500
16.43954100
16.50387500
16.81458400
16.59925000
16.71820800
16.78800000
16.52225000
16.79904200
16.82295800
18.98129200
14.32662500
16.66700000
16.56279100
16.65895900
16.60658300
16.67337500
16.81362500
16.84287500
16.51700000
18.13616700
15.25512500
16.61495800
17.92204200
15.37216600
16.82125000
18.73129200
14.90545800
16.50170900
19.28945800
15.55233300
16.30170900
16.33645800
16.53850000
16.67287500
16.47733300
16.61387500
16.74437500
16.54466700
16.57404200
16.97275000
16.48591600
16.63633400
16.64687500
16.70995800
16.61562500
16.68237500
16.76120800
16.57662500
16.81866700
16.74158300
16.44895900
16.69837500
16.81725000
16.67941600
16.57558400
16.89795800
16.53887500
16.64362500
17.05045800
16.52237500
16.73933400
16.60491600
16.57866700
16.44645800
16.78416700
16.61833300
16.71800000
16.82529200
16.40054200
16.70150000
16.81420800
16.58862500
16.75262500
16.66720800
16.62112500
16.76600000
16.69658400
16.63645800
16.77291700
16.39991600
16.85329200
16.85179200
16.54145800
16.63341700
16.92737500
16.49020800
16.71400000
16.63641700
16.61900000
16.68120800
16.81154200
16.54420800
16.77250000
16.72770800
16.52008400
16.78466600
16.87358400
16.31341600
18.23825000
15.50454200
16.58200000
16.67504200
16.64258300
19.06370800
14.40754200
16.44033300
16.78908400
16.86645800
16.53275000
16.79712500
16.55237500
16.76625000
18.82062500
14.53875000
16.62366700
16.57650000
16.70620800
18.81883300
14.77558400
16.51570800
16.60250000
16.72662500
16.59941700
16.75895800
16.67045800
16.56429200
18.65229200
14.99925000
16.60087500
16.57208300
16.68487500
16.63058300
16.82833400
16.64591600
16.79679200
17.98879200
15.28458300
16.81683300
16.51866700
18.51291700
15.05058300
16.46362500
16.55475000
16.75262500
17.77370800
15.67929200
16.80362500
17.90208300
15.19683400
16.78712500
16.67904100
18.05312500
15.55208400
16.46804100
16.75612500
16.83958400
16.51891600
19.04070900
14.34020800
16.73737500
16.66358300
16.72316700
16.42162500
16.79254200
16.85208300
16.58100000
16.57600000
16.72670800
16.60054200
17.09875000
16.76291700
16.55991600
16.54241700
16.45600000
16.68045800
16.88875000
16.76400000
16.57770900
16.67220800
16.53854200
16.85975000
16.69145800
16.69050000
16.63487500
16.76808300
16.54345900
16.55116600
16.89641700
16.59533300
16.59712500
16.84900000
16.56595900
16.72616600
16.68770900
16.73800000
16.63370800
16.83412500
16.52729200
16.63629100
16.71812500
16.68295900
18.06133300
15.38316700
16.50412500
16.73058300
16.57662500
16.86583300
16.68000000
16.81954200
16.53375000
16.71479200
16.72508300
16.69508300
16.45825000
17.02312500
16.42662500
18.21575000
15.18391700
16.67541700
16.93104100
16.98970900
16.27825000
16.80766600
16.31870900
16.87458300
16.67658300
16.71037500
16.75758400
18.31141600
16.09195900
16.45095800
16.25966700
16.84362500
16.43225000
16.66962500
16.66037500
16.61733300
16.71675000
16.86687500
16.42491700
16.69716600
16.58141700
16.66091700
16.79266600
16.43541700
16.63070800
16.78454200
16.74320800
16.61266700
16.92725000
16.45000000
16.70412500
16.78150000
16.50695800
16.73479200
16.84079200
16.51279100
16.60641700
16.77658300
16.71470900
17.03895800
16.64312500
16.39091700
16.62391600
16.51779200
16.75558300
16.71762500
16.73066700
16.61054200
16.75379100
16.68370900
16.64633300
16.60179200
16.64145800
16.67920800
16.77504200
16.80275000
16.58366700
16.80862500
16.85441600
16.38454200
16.68000000
16.53270800
16.75437500
16.83616700
16.94758300
16.43208400
16.72645800
16.65187500
16.70250000
16.75516700
16.69716600
17.59254200
16.60445800
16.13825000
16.36612500
16.71454200
16.80270800
16.65312500
16.64691700
16.35629200
16.76904100
16.82841700
16.52045800
16.67479200
16.77512500
16.72566700
16.76983300
16.57087500
16.53970800
16.61770900
16.97083300
16.55854200
16.54858300
16.88416700
16.46441600
16.77637500
16.51166700
16.72250000
1902.20387500
16.35016700
16.82783300
16.53762500
18.25104200
17.29912500
15.42875000
16.66866600
16.15891700
17.52875000
17.19075000
16.46095800
16.33450000
16.82625000
16.54466700
16.57350000
16.55470800
16.45425000
16.44704200
16.64950000
16.79329200
17.42687500
16.41212500
16.97612500
16.34795800
16.79954200
17.25995800
16.50991700
16.33233300
16.77437500
16.40354200
16.77462500
16.50312500
17.06437500
16.42825000
17.24112500
16.07695800
17.09008300
16.57654200
17.01870800
16.29116700
16.73929200
17.32850000
16.99008300
16.69579200
17.96600000
16.91666600
16.84200000
16.66379200
16.52112500
16.65891700
16.46354100
16.70220900
18.03975000
17.69900000
17.93333300
17.61608300
17.76833400
17.35891600
17.47925000
17.70625000
17.18145900
17.25604100
18.14983400
17.82175000
17.68045800
18.65187500
18.38616700
18.03054100
18.77908400
18.16291600
17.59750000
17.21533400
17.90420800
17.29920800
17.84779200
17.63291700
18.16766600
17.72225000
18.28200000
17.77545900
18.01858300
17.71820800
17.00104200
17.52720800
17.09133400
16.66291600
16.31441700
16.92125000
16.54487500
16.62200000
17.04758300
17.45437500
16.96850000
16.88358400
16.72512500
15.74058300
16.75004200
16.64829100
16.95170900
16.74750000
16.24941600
17.00645900
17.22670800
16.99445800
16.96120900
16.96183300
17.15720800
16.78633400
17.05429100
16.54108400
15.99091600
16.94662500
16.13716700
16.99616700
16.89858300
16.06450000
16.76254200
17.16066600
17.48083400
16.77645800
16.73112500
16.81520800
16.54208400
16.31208300
16.95941700
15.68750000
16.08675000
16.73358300
16.48916700
15.98295800
16.93108300
16.20700000
15.83641700
16.90020800
16.26166700
16.32745800
16.03012500
15.72812500
16.65154200
16.36516700
15.64108300
16.39554200
15.79908300
16.67012500
17.06483300
16.49858400
15.35345800
16.12220800
16.46937500
15.79466700
16.33675000
16.85650000
19.48362500
17.98633300
17.64695900
16.35079100
16.37954200
16.55495800
16.64375000
16.50666700
16.17945800
17.30045900
17.70791600
16.57120900
16.52750000
16.62187500
16.45716600
16.09095900
17.12441600
16.95683400
16.83679100
17.04633400
16.21904100
16.58904200
16.39433300
17.02941700
16.23375000
16.51983300
17.64262500
13.66704200
16.05545800
16.24879200
16.69100000
16.68079200
16.62833300
16.50279200
16.54687500
16.45608300
16.55745800
15.74633400
15.74441600
16.45162500
15.83450000
15.50920900
15.92112500
16.23058300
15.74587500
16.23300000
15.79966700
16.09662500
16.08291600
16.55204200
16.53054200
16.65216600
16.82962500
16.00658400
15.69575000
16.06012500
14.90875000
14.80500000
14.61466600
15.32275000
14.96483400
15.13758300
14.85887500
14.65408300
14.63654200
14.14637500
15.01845800
16.66975000
16.69770900
16.67108300
16.69687500
16.68395800
16.66750000
16.68195900
16.69779100
16.68220900
16.66545800
16.70675000
16.66483300
16.68129200
16.70750000
16.68462500
16.66137500
16.68350000
16.68029200
16.71183300
16.68787500
16.66700000
16.71408300
16.66083400
16.70670800
16.65833300
16.78658400
16.58337500
16.66054100
16.71154200
16.67466700
16.71425000
16.65945800
16.66129200
16.72350000
16.65070800
16.69695800
16.69500000
16.67770900
16.66391600
16.71612500
16.65387500
16.68100000
16.67941700
16.67566700
16.69104100
16.70183400
16.67141600
16.67091700
16.68420800
16.74208400
16.63241600
16.67450000
16.68870900
16.69758300
16.66729200
16.68258300
16.68408300
16.81895900
16.60341600
20.77604200
17.34850000
17.28462500
16.93062500
18.04025000
17.98616700
17.40758300
18.60308300
18.16329200
18.18033300
18.05283400
17.80325000
17.54500000
18.93008300
18.29741700
16.87608300
16.95395800
16.52854200
16.92629200
16.81525000
18.82066600
17.13558400
17.02566600
17.44512500
17.40208400
18.77054100
17.26429200
17.64345800
17.71466700
17.34741700
16.08633300
16.79770800
16.16820900
15.65883300
15.34370800
15.41620900
15.27191600
15.45575000
15.13400000
15.20062500
15.12450000
15.18925000
15.20195900
15.28108300
15.30450000
15.18033300
16.55841700
15.92537500
15.41745800
15.04654200
14.80662500
15.14395800
15.17437500
14.80958400
14.96966600
16.54300000
16.70904200
16.64616700
16.68633300
16.69700000
16.67279200
16.66625000
16.77391600
16.61950000
16.79687500
16.55033400
16.82137500
16.59212500
16.64516600
16.68545900
16.68537500
16.70566600
16.64858400
16.68166600
16.68433400
16.69200000
16.71412500
16.64970800
16.68745800
16.66687500
16.73545900
16.69500000
16.64070800
16.69891700
16.66562500
16.69800000
16.70508300
16.65904200
16.65558300
16.70220800
16.67500000
16.69900000
16.70137500
16.65645900
16.70008300
16.66208300
16.71191700
16.63837500
16.68408300
16.69212500
16.70104200
16.67687500
16.71283300
16.66837500
16.66208400
16.68329100
16.67941700
16.69712500
16.66720800
16.70633400
16.67045800
16.71333300
16.68966700
16.66016700
16.67633300
16.71129200
16.68416600
16.65025000
16.66837500
16.69579200
16.68741700
16.69195800
16.70087500
16.64129200
16.69470800
17.20904200
16.26666600
16.57737500
16.66433400
16.69420800
16.68166700
16.68462500
16.66795800
16.69687500
16.67945800
16.71062500
16.65891700
16.67391700
16.70079100
16.70175000
16.64125000
16.70133400
16.69004100
16.69158400
16.65441600
16.69641700
16.68154200
16.68691600
16.68612500
16.66375000
16.68233400
16.70070800
16.68170800
16.68433400
16.67883300
16.67495800
16.69550000
16.66887500
16.69708400
16.69637500
16.66829100
16.69858400
16.67041600
16.72079200
16.66575000
16.67908300
16.71604200
16.66808300
16.67954200
16.64941700
16.70137500
16.67841600
16.67787500
16.69491700
16.71587500
16.68204200
16.64987500
16.67341600
16.72641700
16.64866700
16.69866600
16.65179200
16.69204200
16.67725000
16.68808300
16.68341700
16.72133300
16.65354200
16.69470800
16.67745800
16.67508400
16.68925000
16.75404100
16.61954200
16.66258300
16.69250000
16.67000000
16.68154200
16.68320800
16.68245900
16.69241600
16.72533400
16.64887500
16.69512500
16.66583300
16.68441700
16.67075000
16.70225000
16.70625000
16.65416600
16.67025000
16.68583400
16.69370800
16.69275000
16.66279200
16.68845800
16.67850000
16.72216700
16.65237500
16.67770800
16.67733300
16.68295900
16.71150000
16.66783300
16.71875000
16.68329200
16.65395800
16.66995800
16.68750000
16.68225000
16.69804200
16.67733300
16.67870900
16.70125000
16.67487500
16.70087500
16.66845800
16.69100000
16.65516700
16.70341600
16.66645900
16.67712500
16.69591600
16.67154200
16.72191700
16.66000000
16.69233300
16.69195800
16.65666700
16.68570800
16.66933400
16.71850000
16.66679100
16.69037500
16.68275000
16.67733400
16.66566600
16.69983400
16.71612500
16.66012500
16.67095800
16.68104200
16.69079100
16.68987500
16.66904200
16.68933300
16.69370900
16.67083300
16.72125000
16.66129200
16.68425000
16.70766600
16.64037500
16.67391700
16.70550000
16.66270800
16.70404200
16.68641700
16.69529100
16.65870900
16.72191600
16.63087500
16.69470900
16.66812500
16.69783300
16.67412500
16.69175000
16.67650000
16.68195800
16.69995900
16.68620800
16.68550000
16.66445800
16.68137500
16.69520900
16.70345800
16.66037500
16.69362500
16.66600000
16.71250000
16.67166700
16.66854100
16.68558400
16.68712500
16.68366600
16.68308400
16.73166600
16.63616700
16.66962500
16.68241700
16.67808300
16.68987500
16.68466700
16.68054100
16.68337500
16.68904200
16.68945800
16.67500000
16.70641700
16.72358300
16.81212500
16.53158400
16.68437500
16.66216600
16.67912500
16.68516700
16.70266700
16.72295800
16.73420800
16.63175000
16.64345900
16.63845800
16.68445800
16.70125000
16.66641700
16.69108300
16.67237500
16.70033400
16.67225000
16.69604100
16.68520900
16.68475000
16.67595800
16.67329200
16.68662500
16.68645800
16.70537500
16.72925000
16.70104200
16.63162500
16.68200000
16.68641600
16.66166700
16.67095800
16.70579200
16.72950000
16.68020800
16.73075000
16.57754200
16.72891700
16.66504100
16.81820900
16.80362500
16.70145800
16.62745800
16.76004200
16.65241700
16.55862500
16.64020800
16.71641700
16.66620800
16.75391700
16.49916600
16.76795900
16.79604100
16.64433400
16.72004100
16.48304200
16.79016700
16.77704100
16.65229200
16.78183300
16.54812500
16.80945900
16.66683300
17.01366700
16.32366600
16.84266700
16.54133300
16.75183400
16.66945800
16.79954200
16.54762500
16.49283300
16.84904200
16.69162500
16.63495800
16.71587500
16.71225000
16.60141700
16.86712500
16.55508300
16.66691700
16.77220800
16.55900000
16.75933300
16.70508400
16.56341600
16.75758400
16.71466600
16.56708400
16.79570800
16.66291700
16.65704100
16.73637500
16.71350000
16.78600000
16.59387500
16.65462500
16.70225000
16.62987500
16.73479200
16.75079200
16.61820800
16.37095800
17.05054200
16.73070800
16.55083400
16.70404100
16.72054200
16.63695800
16.72220900
16.65625000
16.40820800
16.93004200
16.70583300
16.63637500
16.81570800
16.78187500
16.68266700
16.63370800
16.50708400
16.75704100
16.52012500
16.97012500
16.31083400
16.97925000
16.66916600
16.64670900
16.72275000
16.80220800
16.54004200
16.69370800
16.57287500
16.66966700
16.73083300
16.77162500
16.59800000
16.69958300
16.63229200
16.64433300
16.74704200
16.71366700
16.58545800
16.87729200
16.47558300
16.73475000
16.78208300
19.60658400
13.81287500
16.63516600
16.78400000
16.61054200
16.61245800
16.84600000
16.30208400
16.83858300
16.74895800
16.55133400
16.86912500
16.58183300
16.71537500
16.44095800
16.79637500
16.75100000
16.77083400
16.63941600
16.82570900
16.82541600
16.41125000
16.70425000
16.64187500
16.65895900
16.74850000
16.74629100
16.70504200
16.63429200
16.58808300
16.60833300
16.77104200
16.85683300
16.54650000
16.65720900
16.81600000
16.43633300
16.81662500
16.67458300
16.73525000
16.57637500
16.90708400
16.57983300
16.64800000
16.61670800
16.83937500
16.56350000
16.70200000
16.63362500
16.46754200
16.97937500
16.63704200
16.74795800
16.75366700
16.64304100
16.63620900
17.10070800
16.25883300
16.59750000
16.66083400
16.65587500
16.70350000
16.67125000
16.61266600
16.74225000
16.71541700
16.63762500
16.71391700
16.68820800
16.73575000
16.55395800
16.75537500
16.65345900
16.91329100
16.45012500
16.70258400
16.49675000
16.83412500
16.81195800
16.42800000
16.82629200
16.76600000
16.67766600
16.68241700
16.62858300
16.77887500
16.62595900
16.71083300
16.59141700
16.66437500
16.90445800
16.60645800
16.67112500
16.76725000
16.55012500
16.67058400
16.81108300
16.68025000
16.64358300
16.71591700
16.56112500
16.73875000
16.65233300
16.71120900
16.69016600
16.66800000
16.78637500
16.67416700
16.64975000
16.66850000
16.69033300
16.63083400
16.74066600
16.72812500
16.64995900
16.47579100
16.86279200
16.71266700
16.76979100
16.60333400
16.66854100
16.60212500
16.87250000
16.52775000
16.72162500
16.86116700
16.78029200
16.46854100
16.82829200
16.48045800
16.64620900
16.82425000
16.52545800
16.74679200
16.61129100
16.89341700
16.47954200
16.90591600
16.61962500
16.53429200
16.81395800
16.55125000
16.79358400
16.63258300
16.72687500
16.66937500
16.70025000
16.44183300
16.76058400
16.66295800
16.83862500
16.69391700
16.70766600
16.38229200
16.90416700
16.69991600
16.71016700
16.65258300
16.71862500
16.66862500
16.71975000
16.62066700
16.75962500
16.50675000
16.85762500
16.66620800
16.63637500
16.73450000
16.71641700
16.58295800
16.67695900
16.55433300
16.72645800
16.74700000
16.64958400
16.72233300
16.74358300
16.52629200
17.21183300
16.39425000
16.67208400
16.66325000
16.94908300
16.61762500
16.56004200
16.59541600
16.66937500
16.38754200
16.99283300
16.74525000
16.62708400
16.71487500
16.62645800
16.67008300
16.71087500
16.65020900
16.67516600
16.98358400
16.58500000
16.63491600
17.15741700
16.16483300
16.65995900
17.26841600
21.09050000
17.52891700
15.55983300
16.44983400
16.48441600
15.55570900
17.42287500
15.95979100
15.92816700
15.55675000
15.91420800
16.48241700
16.69554200
16.66975000
16.67066600
17.18254200
16.05529200
16.58379100
16.65812500
16.60433400
16.74833300
16.67650000
16.76250000
16.47495800
17.09883400
16.73945800
16.41912500
16.95420800
16.49325000
16.52954200
16.78854200
16.56695800
16.59012500
16.75079200
16.87141600
16.45779200
16.69762500
16.67654200
16.66200000
16.66062500
16.80241600
16.48708400
16.79608300
16.64716700
16.60358300
16.79091700
16.75970800
16.47120800
16.78804200
16.71850000
16.63587500
16.66129200
16.71258300
16.75233300
16.65833400
16.63883300
16.67070800
16.67850000
16.75362500
16.59200000
16.72412500
16.64370900
16.68850000
16.70016600
16.75833400
16.65458300
16.66975000
16.59754200
16.73283300
16.69670800
16.67904200
16.63562500
16.76116700
16.63958300
16.70458300
16.63829200
16.72216700
16.65191600
16.75054200
16.72266700
16.65950000
16.55583300
16.65570800
16.62875000
16.66366700
16.62791700
16.75220800
16.86812500
16.54762500
16.70079200
16.62762500
16.71250000
16.75587500
16.63266600
16.91320900
16.47679100
16.75000000
16.52575000
16.79525000
16.66837500
16.56070900
16.81633300
16.79845800
16.75616700
16.80158300
16.90695900
16.15458300
16.68679200
16.67487500
16.63550000
16.72691600
16.59304200
16.68345800
17.26733400
16.24229100
16.72654200
16.60620800
16.70400000
16.64408400
16.85787500
16.47562500
16.79866600
16.57133400
16.66041600
16.79991700
16.65925000
16.61750000
16.65441700
16.79845800
16.61858300
16.66679200
16.72362500
16.59366700
16.88441600
16.53508400
16.76062500
16.63358300
16.78375000
16.58591700
16.72504100
16.64083400
16.68587500
16.65775000
16.85045800
16.45412500
16.83316700
16.62341600
16.70970900
16.40262500
16.97337500
16.62779100
16.75770900
16.64475000
16.79766600
16.96004200
16.58125000
16.34666700
16.73562500
16.62412500
16.72987500
16.66491600
16.90779200
16.51320800
16.81162500
16.63979200
16.53770800
16.78075000
16.75241700
16.54125000
16.64370800
16.70720900
16.71237500
16.71179100
16.95579200
16.40266700
16.44783300
16.88858300
16.75837500
16.45104200
16.81033300
16.68191700
16.69929200
16.73187500
16.63495800
16.68345800
16.65312500
16.76425000
16.63720900
16.64079100
16.75662500
16.66041700
16.62204200
16.72970800
16.64237500
16.66575000
16.70500000
16.74050000
16.60400000
16.78233300
16.63150000
16.75058400
16.66075000
16.72316600
16.59412500
16.71937500
16.60033400
16.71812500
16.67141600
16.66804200
16.58279200
16.84733300
16.56908300
16.60416700
16.74520800
16.91704200
16.57879200
16.59195800
16.67187500
16.66829200
16.68200000
16.78675000
16.57516600
16.98987500
16.49212500
16.63854200
16.69970800
16.64391700
16.68370800
16.73691700
16.64329200
16.68537500
16.67225000
16.64141600
16.93004200
16.56162500
16.59708300
16.73895900
16.76766600
16.54545900
16.67958300
16.69783300
16.67370900
16.76350000
16.42454100
16.82225000
16.75445900
16.70833300
16.96554200
16.38354100
16.76670900
16.63516600
16.68462500
16.69104200
16.68120800
16.40500000
16.93220900
16.66745800
16.70808300
16.71525000
16.55600000
16.69579200
16.78420800
16.50875000
16.79962500
16.86495900
16.59708300
16.87962500
16.42641700
16.55912500
16.73645800
16.64204200
16.73412500
16.68233300
16.70245800
16.81475000
16.68575000
16.72862500
16.65770900
16.54941600
16.63716700
16.72737500
16.67525000
16.79687500
16.61304200
16.69200000
16.59270800
16.72650000
16.63262500
16.69525000
16.80950000
16.40091700
16.83241600
16.49566700
16.96941700
16.66575000
16.69762500
16.65537500
16.68845800
16.65395800
16.68445900
16.64091600
16.71850000
16.69787500
16.65266700
16.69391700
16.65883300
16.67345800
16.69383400
16.74141600
16.70479200
16.47275000
16.93062500
16.64229200
16.66875000
16.63895800
16.69704200
16.64308300
16.75929200
16.61016600
16.69458400
16.54541600
16.85695900
16.65808300
16.68737500
16.63416700
16.77679100
16.44129200
16.90837500
16.69045800
16.60887500
16.72929200
16.69041700
16.70550000
16.68320800
16.70787500
16.60187500
16.73129200
16.65475000
16.68625000
16.61762500
16.68308300
16.73508300
16.78187500
16.60562500
16.68737500
16.66687500
16.78891700
16.51804200
16.76279100
16.65354200
16.66104200
16.73045800
16.66400000
16.88937500
16.50566700
16.67270800
16.67950000
16.80866700
16.60325000
16.63475000
16.72725000
16.66050000
16.65979100
16.83641700
16.44604200
16.91995800
16.63629200
16.60962500
16.64150000
16.89175000
16.74612500
16.22354100
16.92345900
16.66620800
16.86891700
16.67841600
16.76541700
16.54795800
16.78966700
16.71250000
16.66675000
16.68370800
16.67508400
16.49558300
16.89154200
16.71120800
16.85533300
16.51379200
16.66670800
16.68204200
16.72604200
16.44383300
16.91741700
16.48529100
16.72270900
16.71641600
16.70858400
16.67637500
16.71158300
16.49458300
16.78379200
16.74762500
16.67795800
16.55845900
16.77612500
16.64912500
16.62400000
16.74108300
16.76516700
16.53241600
16.75562500
16.62737500
16.75079200
16.59700000
16.88891700
16.48245800
16.83508300
16.58004200
16.67458300
16.70237500
16.69820900
16.76637500
16.63666600
16.66679200
16.58450000
16.74950000
16.88358300
16.51004200
16.70495800
16.74737500
16.58275000
16.66595900
16.76579100
16.68425000
16.75533400
16.54925000
16.65300000
16.78762500
16.63441600
16.74279200
16.76716700
16.65512500
16.69587500
16.61770800
16.85250000
16.58520800
16.62833400
16.56845800
16.65658300
16.83779200
16.50012500
16.70175000
16.67341700
16.71158300
16.82845800
16.56120900
16.59179100
16.70125000
16.67937500
16.74533400
16.65629100
16.63908400
16.77679100
16.67866700
16.66429200
16.64816600
16.76725000
16.61141700
16.64475000
16.66337500
16.73804200
16.86329100
16.45562500
17.28820900
16.23791600
16.69408400
16.53741600
16.79404200
16.51920800
16.77850000
16.62120900
16.58970800
16.99991700
16.44804100
16.65925000
18.03041700
17.89875000
17.98304200
13.58987500
16.39745800
16.30345800
17.05620900
16.67291600
16.71537500
16.59066700
16.38183300
17.01550000
16.43075000
16.87525000
16.61312500
16.67520900
16.86466600
16.36583400
16.62975000
16.69683300
16.66508300
16.97195900
16.59295800
16.72108300
16.64829200
16.43950000
16.65645800
16.68870900
16.79612500
16.71237500
16.96550000
16.40104100
16.60387500
16.64283400
16.72212500
16.67029100
16.62254200
16.78029200
16.66591600
16.66804200
16.73466700
16.71500000
16.49116600
16.98275000
16.63212500
16.75379200
16.51945800
16.88283400
16.25383300
17.06570800
17.31458400
16.21950000
16.80645800
17.03733300
18.49858400
15.22837500
15.87183300
16.64070800
16.44650000
16.74083400
16.53812500
16.93216600
16.91295900
16.35491600
16.75291700
16.82470800
16.92612500
16.56933400
16.39800000
16.76958300
16.58287500
16.84370800
16.62441700
16.64616700
17.81779100
15.85441700
16.42137500
16.72250000
16.63920800
16.65962500
16.56000000
16.84145900
16.60375000
16.55445800
16.68225000
16.58508300
16.85745900
16.71012500
16.62770800
16.60862500
16.73208300
16.68420900
16.81462500
17.42870800
16.34908300
16.48450000
16.35733400
16.63137500
100.83562500
32.48183300
16.19154200
15.74670800
16.43287500
15.84537500
15.44454200
15.71687500
15.73945800
15.60095800
13.98708400
14.54412500
14.63891600
14.05512500
13.97212500
14.21670900
14.23170800
14.66645800
15.78545900
14.13612500
13.73858300
13.62541700
13.50237500
14.22400000
13.70575000
13.66162500
13.48520800
13.50858300
13.31562500
14.23308400
13.31495800
13.27895800
13.59962500
13.51383400
13.27616600
13.49420900
13.02762500
13.88650000
13.44316600
13.45262500
13.36420900
15.61933300
16.54866700
16.86145800
16.49170800
17.04566700
16.65429200
16.57758300
16.75166700
16.51933300
16.59312500
16.72191700
16.69308300
16.65129200
16.77525000
16.65708300
16.67862500
16.68420800
16.67550000
16.75275000
16.71791700
16.59216700
16.79641600
16.53525000
16.69725000
16.71979200
16.66891700
16.71008300
16.58562500
16.73695800
16.81733400
16.58225000
16.70100000
16.28687500
17.11804100
16.73420900
16.60379100
16.78791700
16.64720800
16.73812500
16.36975000
16.89708400
16.61887500
16.73791600
16.62337500
16.78845900
16.70387500
16.64912500
16.65229100
16.67916700
16.74795800
16.30804200
16.99358300
16.69812500
16.66170900
16.72333300
16.60091700
16.63808300
16.72275000
16.73541700
16.67820800
16.70091700
16.66983300
16.57191700
16.79841600
16.70195900
16.64112500
16.40320800
16.98770800
16.62441700
16.77612500
16.67737500
16.55070800
16.78900000
16.61529200
16.71375000
16.62491700
16.73270800
16.71091700
16.65320800
16.61483300
16.78375000
16.60720900
16.65037500
16.46387500
17.09529100
16.60637500
16.71558400
16.66487500
16.68412500
16.77441600
16.62766700
16.64112500
16.66562500
16.69437500
16.66416700
16.66183300
16.71954200
16.60833300
16.85637500
16.63666700
16.92675000
16.43533300
16.60545800
16.60283400
16.64387500
16.96341600
16.47554200
16.66100000
16.70608300
16.57945900
16.67650000
16.69095800
16.69545800
17.11291700
16.56487500
16.13800000
16.89758300
16.89404200
16.62825000
16.67191700
16.68225000
16.71875000
16.65958300
16.74775000
16.54375000
16.72925000
16.66054200
16.85408300
16.38616700
16.82666600
16.68450000
16.68525000
16.65387500
16.56462500
17.07820900
16.57683300
16.75154200
16.64708300
16.53775000
16.81091700
16.59212500
16.54320800
16.81333300
16.67441700
16.66608300
16.80441700
16.44829200
16.85050000
17.18029100
16.28791700
16.70283300
16.70129200
16.58658300
16.69000000
16.73829200
16.69133300
16.69254200
16.53716700
16.78091600
16.66075000
16.76529200
16.74883300
17.12283400
16.23850000
17.48050000
17.75650000
15.42958300
17.14066700
16.17754100
17.57416700
15.73558300
16.75187500
16.15445900
16.23637500
17.50079100
15.89945900
17.53054100
16.45600000
16.63304200
16.67520800
16.56291700
16.66350000
16.83920800
16.97295900
16.31187500
16.44266600
16.72237500
16.74158400
17.02241600
16.30941700
16.74220800
16.76404200
16.58175000
16.67516700
16.67216600
16.92266700
18.89054200
15.68875000
16.91712500
15.37383300
16.47225000
16.94004200
16.59929100
16.51425000
16.52475000
16.66516700
16.72683300
16.67304200
16.87095800
16.78845900
16.42591600
16.69650000
16.68016700
16.66050000
16.87195800
16.44770900
16.58520800
16.81908300
16.55787500
16.57408400
16.80054100
16.67125000
16.70179200
16.70745800
16.69283400
16.73120800
16.70066700
16.73958300
16.44116700
16.91608300
16.56616700
16.56733300
16.65775000
16.59941700
16.77608300
16.68937500
16.68741700
16.66200000
16.65225000
16.78962500
16.63704100
16.64212500
16.63166700
16.76479200
16.65095800
16.66304200
16.66804100
16.67437500
16.69604200
16.69016700
16.55470800
16.91350000
16.59187500
16.63850000
16.69258300
16.71879200
16.53950000
17.13133300
16.34087500
16.76520900
16.54816600
16.77358400
16.63137500
16.72887500
16.69558300
16.63433300
16.69720900
16.72037500
17.06812500
16.29408300
16.67595800
16.63483400
16.81895800
16.59350000
16.63850000
16.71258300
16.78375000
16.48170900
16.80820800
16.66333300
16.69354200
16.63545800
16.69237500
16.66520900
16.71545800
16.67783300
16.70654200
16.83033300
16.54708400
16.70995800
16.86916700
16.66608300
16.63258300
16.79979200
16.49150000
16.58675000
16.94512500
16.49862500
17.46312500
15.92641700
16.62662500
16.65208300
16.66270800
16.70204200
16.52529200
16.73000000
16.68987500
16.74416600
16.61158400
16.65950000
16.79691600
16.60941700
16.72487500
16.60725000
16.70954200
16.76712500
16.67525000
16.68450000
16.55400000
16.73120800
16.68087500
16.72212500
16.61358300
16.76625000
16.56720900
16.68770800
16.70125000
16.66283300
17.03166700
16.49012500
16.56054200
16.74583300
16.89075000
16.54683300
16.68966700
16.72245800
16.53683400
16.86600000
16.51945800
16.68783300
16.73991700
16.58429200
16.70187500
16.72154100
16.64954200
16.69175000
16.66850000
16.86870800
16.56208400
16.65020800
16.71720800
16.69887500
16.65095900
16.65054100
16.74300000
16.65158400
16.69341600
16.67525000
16.65879200
16.68670800
16.73370900
16.73425000
16.60550000
16.68670800
16.69400000
16.67608300
16.62191700
16.69941700
16.67754100
16.70883400
16.71079100
16.64354200
16.69812500
16.67358300
16.65145900
16.75825000
16.66495800
16.61650000
16.76379200
16.68729100
16.69612500
16.70779200
16.66087500
16.65812500
16.67558300
16.72925000
16.60300000
16.78845900
17.03045800
16.36625000
16.61850000
16.67612500
16.78200000
16.58245800
16.73787500
16.65595900
16.66700000
16.76070800
16.64808300
16.75266700
16.62679200
16.69604100
16.67504200
16.83012500
16.53262500
16.68670800
16.65162500
16.84512500
16.60600000
16.61891700
16.72620800
16.82712500
16.50383400
16.65491600
16.73062500
16.66587500
16.66625000
16.70995900
16.64429100
16.79791700
16.80987500
16.59720800
16.56350000
16.67391700
16.61420800
16.80062500
16.58737500
16.73154200
16.81979200
16.68466600
16.66204200
16.58433300
16.68600000
16.64795900
16.65366600
16.87254200
16.69062500
16.66804200
16.64654100
16.72562500
16.47691700
16.77570800
16.56650000
16.74241700
16.84262500
16.64704200
16.75016600
16.64183400
16.86533300
16.42725000
16.62733300
16.65333400
16.74266600
16.71304200
16.75008300
16.70858400
16.63895800
16.76012500
16.40958300
16.77395900
16.71670800
16.67383300
16.77483400
16.63779100
16.73483400
16.61758300
16.77620800
16.72300000
16.52550000
16.74300000
16.69641700
16.68041700
16.82204100
16.42975000
16.93516700
16.32775000
16.88133300
16.64458400
16.87962500
16.52291600
16.74912500
16.66695900
16.75895800
16.64362500
16.78187500
16.44058300
16.30141700
17.34720800
16.18412500
16.94645900
16.75041600
16.93220900
16.52041600
16.33220900
16.57237500
16.95791600
16.97016700
16.69083300
16.83170900
16.59145800
16.72791700
16.63279100
16.65529200
16.62333300
16.71004200
16.86475000
16.45145800
16.77441700
17.14800000
16.62716700
16.47220800
17.12408300
15.94825000
16.79133400
16.73391600
16.63679200
16.73558300
16.86229200
16.35954200
16.78333300
16.78945800
16.01737500
17.14329200
17.16995800
15.86670900
16.99766600
16.60808400
16.87770800
16.53083300
16.58204200
16.49700000
16.77900000
16.79545800
16.59987500
16.70845900
16.75995800
16.78920800
16.50845900
16.80012500
16.45262500
16.77816600
16.87183400
16.42933300
16.77275000
16.65312500
16.68825000
16.67975000
16.71691700
16.56262500
17.04712500
16.59816600
16.80450000
16.39625000
16.70858400
16.56195800
16.79862500
16.21995800
16.66320900
17.15454100
16.67575000
16.75570900
16.68166600
16.60783400
16.68291600
16.50337500
16.79050000
16.59729200
16.98729200
17.02654100
16.34766700
16.73300000
16.44841700
16.91062500
16.53745800
16.63483300
16.75770900
16.78929100
16.85420900
16.65025000
16.47116600
16.70141700
16.71033300
16.66391700
16.52945800
16.88379200
16.64116700
16.61925000
16.39025000
17.11933300
16.73725000
16.56187500
16.75437500
16.62708300
16.72900000
16.14175000
17.03620900
16.86154100
16.67329200
16.42191700
16.87545800
16.74091700
16.68704100
16.59358400
16.84150000
16.67779100
16.50020900
16.77625000
16.60675000
16.75337500
16.76970800
16.52500000
16.77375000
16.60033300
16.74283400
16.13229100
17.26970900
16.61862500
16.86779100
16.36350000
16.98529200
16.55370800
16.69683400
16.83320800
16.55587500
16.57591700
16.69083300
16.67633300
16.66537500
17.35845900
16.31250000
16.48758300
16.69345800
16.71770900
16.54683300
16.76570800
16.73287500
16.65520900
16.79104100
16.57775000
16.76037500
16.66300000
16.58145900
16.08375000
17.25579100
16.81158400
16.56075000
16.24395800
17.23558300
16.54595900
16.71166600
16.73954200
16.51441700
16.79037500
16.77670800
16.62904200
16.70358300
16.66187500
16.66158300
16.63212500
16.84566700
16.66325000
16.59225000
16.64070800
16.73354200
16.61683300
16.71087500
16.61212500
16.75025000
16.63312500
16.67362500
16.66566700
16.66479200
16.81183300
16.59279200
16.67266600
16.67945900
16.56904100
16.49583400
16.99258300
16.82512500
16.53645800
16.77558400
16.45100000
16.99716600
16.82362500
16.68020900
16.59875000
16.60925000
16.85333300
16.52725000
16.71933300
16.60295900
16.59825000
16.73400000
16.64337500
16.77750000
16.73175000
16.60166600
16.63291700
16.83850000
16.64754200
16.59891600
16.57308400
16.75516600
16.61816700
16.25575000
17.18879200
16.84354100
16.63729200
16.69558300
16.16783400
16.70258300
17.13237500
16.51479200
16.77450000
16.71537500
16.66370800
16.86604200
16.31095800
16.79158300
16.75562500
16.86475000
16.60725000
16.09441700
16.97770800
16.75775000
16.60354200
16.71504200
16.66070800
16.78254200
16.61583300
16.67941700
16.71337500
16.62000000
16.31104100
17.13737500
16.58929200
16.87425000
16.51091700
16.66554100
16.76191700
16.31883300
16.88570900
16.77450000
16.73825000
16.55133300
16.71941700
16.74233300
16.84475000
16.66570800
16.54283400
16.62029100
16.77895900
16.71225000
16.23895800
17.28875000
16.69279200
16.49233300
16.85483300
16.61633400
16.56579100
16.97220900
16.64870800
16.65829200
16.79204100
16.49266700
16.62375000
16.71662500
16.66662500
16.70650000
16.68262500
16.65070800
16.65545900
16.84350000
16.52958300
16.70141700
16.82454100
16.62083400
16.63650000
16.72525000
16.51416600
16.28391700
17.08370800
16.83291700
16.66087500
16.64716700
16.64145800
16.45150000
16.70708300
16.89929200
17.03000000
16.31850000
16.79225000
17.03308300
16.79591700
16.25029200
16.69679100
16.40487500
16.41120900
17.15262500
16.66541600
16.59741700
16.75266700
16.68920800
16.55775000
16.75845800
16.68325000
16.64545900
16.83125000
16.68316600
16.53554200
16.88429200
16.50995800
16.69058300
16.76950000
16.73954200
16.70675000
16.65612500
16.63750000
16.67270800
16.75429200
16.29787500
16.66266700
17.22066600
16.49583400
16.81633300
16.19012500
17.09383300
16.59866700
16.31083300
17.01129200
16.71370800
16.33862500
16.98412500
16.74745900
16.67933300
16.67695800
16.72433400
16.55325000
16.72850000
16.76325000
16.64679100
16.66570900
16.80691600
16.20220900
17.04645800
16.95262500
16.55716700
16.64929100
16.30837500
17.09187500
16.48300000
17.00987500
16.66537500
16.33504200
16.86425000
16.30595800
16.92641700
16.65100000
16.80204200
16.53083300
16.37458300
16.94200000
16.75316700
16.74358300
16.81291700
16.49937500
16.83204200
16.64037500
16.58304100
16.69270900
16.75683300
16.22466700
17.10712500
16.45241600
16.94662500
16.68962500
16.70245900
16.60425000
16.73045800
16.57379200
16.80295800
16.72845800
16.89600000
16.35787500
16.70608400
16.72633300
16.38408300
16.91462500
16.62820900
16.74741600
16.72662500
16.73087500
16.30508400
16.90070800
16.64520800
16.83791700
16.62745800
16.51900000
16.93762500
16.59629200
16.64920800
16.65891700
16.36891700
17.01812500
16.68925000
16.75187500
16.66175000
16.65308300
16.73020800
16.81241700
16.56354200
16.80950000
16.42412500
16.72720800
16.80175000
16.50295800
17.25112500
16.49950000
16.71133400
16.68045800
16.59358300
16.57362500
16.82758400
16.59395800
16.64800000
16.54012500
16.69958300
16.89204200
16.47050000
16.72870800
16.74300000
16.58766700
16.77183300
16.53008400
16.68941600
16.83720900
16.69183300
16.39787500
16.86641700
16.71270800
16.53020800
16.68054200
16.65575000
16.95333300
16.56929200
16.66975000
16.73050000
16.68654200
16.38787500
16.66120800
16.84225000
16.70070800
16.87250000
16.55829200
16.34525000
17.12329200
16.77120800
16.87854200
16.71012500
16.66875000
16.72775000
16.59100000
16.57900000
16.68233300
16.83758300
16.42925000
16.81879200
16.49650000
16.94495800
16.63075000
16.76595900
16.65120800
16.67470800
16.65850000
16.67345900
16.67875000
16.83141600
16.37312500
16.90441700
16.65962500
16.68129200
16.57183300
16.81704200
16.85583300
16.39804200
16.75800000
16.81937500
16.58079100
16.71016700
16.26975000
16.50125000
17.09520800
16.66350000
16.69575000
16.58545900
16.74020800
16.70991700
16.48012500
16.92225000
16.37516600
16.90075000
16.65341700
16.74012500
16.69683300
16.73462500
16.63912500
16.56891700
16.68037500
16.35958300
16.86050000
16.99854200
16.54583300
16.55820900
16.78150000
16.81620800
16.43762500
16.88054200
16.52654100
16.79029200
16.90395800
16.65620900
16.35775000
17.06091600
16.57983400
16.65045800
16.62333300
16.80087500
16.28800000
16.84195900
16.62858300
16.70162500
16.71362500
16.79291700
16.62604100
16.69520900
16.63900000
16.71462500
16.70837500
16.23808300
17.03666700
16.70483300
16.66008300
16.78437500
16.68783400
16.69158300
16.53825000
16.94233300
16.47737500
16.74916700
16.59087500
16.64420800
16.93895900
16.53437500
16.69458300
16.65520800
16.67545900
16.75691600
16.63283400
16.73891600
16.51987500
16.82591700
16.71358300
16.56345900
16.75741600
17.01504200
16.45941700
16.63150000
16.65404100
16.56454200
16.79975000
16.58445800
16.65612500
16.73166700
16.67483300
16.63325000
16.81695900
16.65187500
16.60345800
16.76304200
16.61908300
16.68700000
16.69170800
16.69129200
16.69700000
16.64887500
16.77437500
16.67283300
16.29679200
17.03808300
16.72170900
16.33487500
16.87208300
16.67891700
16.77387500
16.79575000
16.61054100
16.38858400
16.84966600
16.80087500
16.60379200
16.66441700
16.39133300
16.82841700
16.91133300
16.62529200
16.75633300
16.65429200
16.45383300
16.94620800
16.67958400
16.42204100
16.68691700
16.80645800
16.82733400
16.68187500
16.52995800
16.65595800
16.51012500
17.01345900
16.85825000
16.58875000
16.67429100
16.71291700
16.74179200
16.49112500
17.17583300
16.39858300
16.57895900
16.76616600
16.64120900
16.66900000
16.76712500
16.66191600
16.69883400
16.57600000
16.62158300
16.64229200
16.66429100
16.69941700
16.66129200
16.61562500
16.76100000
16.42908300
16.84945800
16.66829200
16.82129200
16.69512500
16.27887500
16.71420800
16.97158300
16.71733400
16.71058300
16.52595800
16.72537500
16.76875000
16.65779200
16.72458300
16.60062500
16.88966700
16.33800000
16.68366700
16.88008300
16.53816700
16.71579100
16.70587500
16.85400000
16.69283400
16.32691600
16.99545900
16.72279100
16.75925000
16.58495900
16.77416600
16.67133400
16.56025000
16.67995800
16.84620800
16.60329200
16.36437500
16.96825000
16.92725000
16.43445800
16.73862500
16.58404200
16.84637500
16.65987500
16.56195800
16.69016700
16.74179200
16.36029100
16.97737500
16.41804200
16.91845800
16.77445900
16.85262500
16.46125000
16.77820800
16.57891700
16.89370800
16.52429200
16.66233300
16.73129200
16.26995800
17.04362500
16.78904200
16.62975000
16.75841600
16.67854200
16.67512500
16.59012500
16.79137500
16.68025000
16.60212500
16.67708300
16.80033400
16.41879100
17.00537500
16.58516700
16.64858300
16.77895900
16.65387500
16.57783300
16.80237500
16.81112500
16.44787500
16.84458300
17.36270900
15.79275000
16.90741600
16.63062500
16.56325000
16.64450000
16.63770900
16.85620800
16.55783300
16.83708400
16.55504100
16.70520900
16.69379100
16.76779200
16.51162500
16.77187500
16.72408300
16.64962500
16.64387500
16.75166700
16.61270800
16.73433400
16.59720800
16.38966700
16.96812500
16.74008300
16.59970800
16.70104200
16.72870800
16.70566700
16.80404200
16.89795800
16.48170800
16.44429200
16.57954200
17.02729100
16.78995900
16.56000000
16.80254100
16.49041700
16.82825000
16.61970800
16.56875000
16.70679200
16.83129200
16.47804100
16.56275000
16.87866700
16.61308300
17.14541700
16.33679200
16.61991600
16.73183400
16.16941600
17.14000000
16.81687500
16.62883400
16.58825000
17.75125000
16.00325000
17.82829100
15.45975000
18.43358400
17.64658300
14.01895800
16.64520900
19.49545800
13.76450000
16.85566700
15.89545800
17.21691700
16.74766600
16.59258400
16.66537500
16.67450000
16.65691600
16.72345900
16.73233300
17.18008300
16.35508400
16.44025000
16.64725000
16.70266600
16.60858400
16.70437500
16.66808300
16.67137500
16.77050000
16.80920800
16.48762500
16.26729200
16.92345800
16.96233400
16.50995800
16.93204200
16.64304100
16.49366700
16.60912500
16.71991700
16.67529100
16.70308400
16.62441600
16.63700000
16.83466700
16.57250000
16.67208300
16.73795900
16.62883300
16.99408300
16.47162500
17.17637500
16.08787500
16.63033400
16.75808300
16.67516700
16.62012500
16.78408300
16.54858300
16.79616700
16.65858300
16.53354200
16.84291700
16.70054100
16.68866700
16.66708300
16.43891700
17.91329200
16.42716600
16.30862500
16.99870900
16.55070800
16.26795800
16.61904200
16.63287500
16.78445800
16.66525000
16.69895900
16.66462500
16.64150000
17.02433300
16.49745800
16.60704200
17.05695800
16.48816700
16.82987500
16.62750000
16.54979200
16.84379100
16.38075000
16.79025000
16.13729200
17.13170800
16.68675000
16.24883400
16.99470800
16.73366700
16.74733300
16.45983300
17.30370900
16.21487500
16.77679100
16.79175000
16.61954200
16.51758300
16.90154200
16.39329200
16.97062500
16.61529100
16.94658400
16.81495800
16.42762500
16.76687500
16.73837500
16.67508300
17.03758400
16.37875000
16.67987500
16.67133300
16.59512500
16.71266700
16.80695800
16.42966700
17.30166600
16.05437500
16.91608400
16.62175000
16.55333300
16.86058300
16.61000000
16.64229200
16.67858300
16.61458400
16.80712500
16.64087500
16.75329100
16.62191700
16.84450000
16.11833300
17.39904200
16.51720800
16.64700000
16.71025000
16.64062500
16.66920900
16.61400000
16.57079100
16.83895900
16.44600000
17.12420800
16.66804200
16.56679100
16.65191700
16.60258300
15.97212500
16.75470900
16.93704100
16.36520900
17.34466600
16.68325000
16.60475000
16.71525000
16.07800000
17.56812500
16.22137500
16.86612500
16.68612500
16.72970900
16.69375000
16.60679100
16.55833400
17.17420800
16.28137500
17.48320800
18.83466700
13.58645800
17.76020900
15.90979100
16.58541700
18.00162500
15.44708300
16.99720900
16.53741600
16.63037500
16.46791700
16.71100000
16.00958300
17.50362500
15.95283400
17.42800000
16.57095800
16.71504200
16.67366600
16.60004200
16.63270800
16.63041700
16.79683300
16.70704200
16.63250000
16.28229200
17.22991600
16.64425000
16.44983400
16.82712500
16.48070800
16.82062500
16.67937500
16.67045800
16.71220900
16.81950000
16.57587500
16.72195800
16.71491700
16.55795800
16.68908300
16.66470900
16.68687500
16.48325000
16.90875000
16.72837500
16.55725000
16.85941600
16.29333400
16.98595800
16.67175000
16.74062500
16.71041700
16.60395800
16.62041700
16.76504100
16.83341700
16.44675000
16.76541700
16.48491600
16.85825000
16.83962500
16.51454200
16.66354200
16.64704100
16.72987500
16.71670900
16.75916600
16.58483400
16.65025000
16.33075000
17.35641600
16.41866700
16.54958300
16.96166700
16.48604200
16.74391600
16.91450000
16.61837500
16.61175000
16.67354200
16.74983300
16.67591700
16.59154200
16.83362500
16.66037500
16.64762500
16.76845800
16.12095800
16.98300000
16.74995900
16.69841600
16.48212500
16.81662500
16.65537500
16.92454200
16.45216700
16.65900000
16.63829100
16.86425000
16.91512500
16.38541700
16.85829200
16.34783300
16.26675000
17.19875000
16.52387500
16.70937500
16.71841700
16.56979100
16.73233400
16.83204100
16.45487500
16.72966700
16.79137500
16.61929200
16.70804100
16.65795900
16.61895800
16.77391700
16.59012500
16.68437500
16.73058300
16.82270800
16.43875000
16.40479200
17.06620800
17.03733400
16.79750000
16.44920800
16.14770800
17.07837500
16.86879200
16.52570800
16.95491700
16.78520800
16.10358400
16.94166600
16.84950000
16.30712500
16.86500000
16.69812500
16.57945900
16.86008300
16.62766700
16.64783300
16.88725000
16.43991700
16.80612500
16.54504100
16.76625000
16.63650000
16.76062500
16.67012500
16.63366700
16.81450000
16.63575000
16.56200000
16.77929200
16.56675000
16.70929100
16.75804200
16.65350000
16.71545800
16.66008400
16.16812500
16.71854100
17.04745900
16.65104100
16.64479200
16.79279200
16.61441600
16.69958400
16.61266600
16.73883400
16.28254100
17.38033400
16.43391600
16.81037500
16.73212500
16.52533400
16.69687500
16.88470800
16.45537500
16.84345800
16.73562500
16.69337500
16.80629200
16.67420800
16.68870900
16.59441600
16.64279200
16.62733300
16.70995900
16.75241600
16.57825000
16.15612500
17.35841700
16.66725000
16.18058300
17.05175000
16.68166700
16.57104200
16.64562500
16.76979100
16.73825000
16.75704200
16.57991700
16.71295800
16.66558300
16.12420900
16.84608300
17.18633300
16.60045900
16.67412500
16.73829100
16.69733400
16.59954100
16.90279200
16.44108300
16.68166700
16.53466700
16.92687500
16.68541600
16.58129200
16.76862500
16.12337500
17.19962500
16.75558300
16.58954200
16.68783300
16.72775000
16.68170900
16.60883300
16.72391700
16.70429100
16.22379200
17.13095800
16.70637500
16.81337500
16.26491700
16.64208300
17.13045900
16.76637500
16.58475000
16.48741600
17.01275000
16.65725000
16.61804200
16.61929200
16.82908300
16.45025000
16.85066700
16.53612500
16.75112500
16.66883300
16.69075000
16.67591700
16.62341600
16.37787500
17.00420900
16.70145800
16.58400000
16.85508300
16.71366700
16.53166700
16.78400000
16.71250000
16.66112500
16.66191600
16.71804200
16.73466700
16.65154100
16.67379200
16.62929200
16.79950000
16.27383300
16.31075000
17.24166700
16.57279100
16.71000000
16.76854200
16.62762500
16.67754200
16.63779100
16.70058400
16.77233300
16.55016700
16.64245800
16.81991700
16.60941600
17.07300000
16.33737500
16.58862500
16.95758400
16.57420800
16.74162500
16.52620800
16.57629200
16.70283300
16.82554200
16.62041700
16.80512500
16.72208300
16.14808300
17.12591700
16.69333300
17.08004200
16.30400000
16.60112500
17.01854200
16.60325000
16.65445800
16.47387500
16.20062500
17.00033300
16.85845900
16.60125000
16.71479100
16.56766700
16.72429200
16.71254100
16.68879200
16.64729200
16.93004100
16.55433400
16.93054100
16.46808400
16.59562500
16.56279100
16.70791700
16.82275000
16.61420800
16.76537500
16.60241700
16.85012500
16.59316700
16.57929100
16.69770900
16.71941600
16.72208400
16.58850000
16.71387500
16.72791600
16.43920900
17.03737500
16.94795800
16.13062500
16.91745800
16.73058400
16.66650000
16.64175000
16.61333300
16.89016700
16.85900000
16.57662500
16.90158300
16.44816700
16.44725000
16.90229100
16.60833400
16.59750000
16.22666600
17.15879200
16.84262500
16.51741700
16.74216600
16.39558400
17.04058300
16.45579200
16.88666600
16.51454200
16.68358300
16.90087500
16.60112500
16.68225000
16.61725000
16.73658400
16.30187500
17.16266600
16.67325000
16.49916700
16.79675000
16.69829200
16.67695800
16.62804200
16.86033300
16.45941700
16.82612500
16.67504100
16.75004200
16.37516700
16.65800000
16.35408300
17.16320800
16.77637500
16.61620900
16.70129100
16.49691700
16.86208300
16.55295900
16.62987500
16.87525000
16.73591600
16.50045900
16.80687500
16.54708300
16.86412500
16.51737500
16.39104200
17.29425000
16.42675000
16.33458300
16.95987500
16.67375000
16.68787500
16.89645800
16.51925000
16.58358400
16.73641600
16.65850000
16.76662500
16.73162500
16.60045900
16.78170800
16.57958300
16.70991700
16.70358300
16.74495900
16.63066600
16.64187500
16.66325000
16.66508400
16.73316600
16.69850000
16.63062500
16.71362500
16.64370900
16.66812500
16.70958300
16.71820800
16.77529200
16.22770800
17.06283400
16.86879100
16.41108400
16.94891600
16.19904200
16.91175000
16.86433300
16.76137500
16.66158400
16.67775000
16.64758300
16.68112500
16.74900000
16.69745800
16.52212500
16.75141700
16.72508300
16.62879200
16.78162500
16.72679200
16.62941600
16.75104200
16.80366700
16.60329100
16.64262500
16.72216700
16.57845800
16.79095900
16.48825000
16.23487500
17.27958300
16.61079200
16.13350000
17.08633300
16.64754200
16.66304100
16.61279200
16.67475000
16.80879200
16.65100000
16.67083300
16.76975000
16.22316700
17.13391600
17.05183400
16.44575000
16.52570800
17.06704200
16.42445800
16.60858300
16.75725000
16.69337500
16.61729200
16.77270800
16.59491700
16.74216700
16.65187500
16.73620800
16.43800000
17.00850000
16.61441700
16.58187500
17.00433300
16.46783300
16.55458400
16.79262500
16.67341600
16.62579200
16.75612500
16.60162500
16.50787500
17.03754200
16.24575000
17.04350000
16.64075000
16.71270800
16.50216700
16.69129100
16.65566700
16.70787500
16.79608300
16.70933400
16.50183300
16.68879200
16.69916600
16.65266700
16.72704200
16.33312500
16.97850000
16.78533300
16.42270800
16.51675000
16.60220900
17.32354100
16.58870900
16.55750000
16.66429100
16.83100000
16.67287500
16.56620900
16.75891600
16.64270900
16.64783300
16.28141700
17.54133300
16.29537500
17.09837500
16.44991700
16.57720800
16.88725000
16.65129200
16.51550000
16.69033300
16.58708300
16.77770900
16.82150000
16.51400000
16.70858300
16.69966700
16.64733300
16.70029200
16.65050000
17.14004100
16.28533400
16.74766600
16.68150000
16.53379200
16.76479200
16.68875000
16.68462500
16.62829100
16.69120900
16.26170800
17.17179200
16.73862500
16.20095800
17.17562500
16.57925000
16.77300000
16.73108300
16.43654200
16.88062500
16.56908300
16.77191700
16.70112500
16.62945800
16.49837500
16.63283400
16.76312500
16.62554100
16.54100000
16.78054200
16.73970800
16.71583400
16.73483300
16.64479200
16.49800000
16.91841600
16.60320900
16.76316600
16.60233400
16.47245800
16.83116700
17.51983300
16.68200000
16.24362500
16.45395800
16.62941700
16.78570800
16.69837500
16.59704200
16.83129200
16.60845800
16.58404200
16.68704100
16.85975000
16.40162500
16.91370900
16.65187500
16.75579100
16.74008400
16.60583300
16.84887500
16.64254200
16.46637500
16.83608300
16.69350000
16.61670800
16.93050000
16.56233400
16.56995800
16.72708300
16.82391700
16.48600000
16.80462500
16.83962500
16.06662500
16.55225000
17.04970800
16.76683400
16.58125000
16.68170800
16.72483300
16.60520900
16.89733300
16.53008300
16.55712500
16.81283400
16.77812500
16.72925000
16.80233300
16.32533300
17.09016700
16.34741700
16.85108300
16.73629200
16.58029100
16.56679200
16.99462500
16.37354200
16.75058300
16.93079200
16.47695800
16.81162500
16.71187500
16.72920800
16.57170900
16.50366600
16.96008400
16.53487500
16.69333300
16.77291700
16.75145800
16.62933300
16.56891700
16.69008300
16.19375000
17.11304200
16.96229200
16.60354100
16.72591700
16.44812500
16.91291700
16.57337500
16.21191600
16.98450000
16.63504200
16.63954200
16.76516600
16.53629200
16.80695800
16.68608400
16.62491600
16.65487500
16.81854200
16.55500000
16.78537500
16.50445800
16.91887500
16.49445900
16.97862500
16.42154100
16.72441700
16.64137500
16.67000000
16.73125000
16.73866700
16.49612500
16.88037500
16.61275000
16.73129100
16.62645900
16.70716600
16.75416700
16.71116700
16.70700000
16.62975000
16.66070800
16.77570800
16.54054200
16.83654200
16.61241600
16.72216700
17.06270800
16.20979200
16.56958300
16.79645900
16.68495800
16.59241700
16.64816600
16.75887500
16.65125000
16.65062500
16.82175000
16.57670900
16.68316600
16.57991700
16.73970800
16.70283400
16.67395800
16.65637500
16.71091700
16.84762500
16.56408300
16.28691700
16.92387500
16.80220800
16.28487500
16.94137500
16.68208300
16.72787500
16.61937500
16.67295900
16.71304100
16.68675000
16.87229200
16.69891700
16.33475000
16.64362500
17.12175000
16.20725000
17.09304100
16.74454200
16.61545800
16.66137500
16.35154200
16.92883300
16.79033400
16.67800000
16.58091600
16.78958400
16.67895800
16.85741700
16.41554100
16.76133400
16.64508300
16.67937500
16.67595800
16.75241700
16.72766700
16.74504100
16.58516700
16.74775000
17.07383300
16.29275000
16.65066700
16.72283300
16.41475000
16.98933400
16.66954100
16.70550000
16.71629200
16.58995800
16.64829200
16.82579200
16.73220800
16.56308300
16.64033400
16.72129100
16.68620900
16.31516600
16.55658400
17.17008300
16.61362500
16.64129200
16.81545800
16.13729200
17.09366600
16.63595900
16.75037500
16.71187500
16.77066600
16.60395900
16.60166600
16.71966700
16.82558300
16.38454200
16.79804200
16.75633300
16.71370800
16.44437500
16.88845900
16.64262500
16.99408300
16.50737500
16.58395800
16.81575000
16.65466700
16.51604200
16.70650000
16.86183300
16.61166700
17.01891600
16.33058400
16.71816600
16.64500000
16.81187500
16.53341700
16.73500000
16.76133300
16.69445900
16.50612500
16.62837500
17.24554100
16.17950000
16.64833400
16.70658300
16.64187500
16.62541700
16.77237500
16.39783300
16.65612500
16.97475000
16.65887500
16.32779200
16.93708300
16.71258300
16.59745900
16.76470800
16.64291700
16.63637500
16.75750000
16.81708300
16.51750000
16.74220800
16.50366700
16.73933300
16.64895900
16.74500000
16.54608300
16.71866700
16.94758300
16.56933300
16.64587500
16.77837500
16.56058400
16.70425000
16.75254100
16.72929200
16.57245800
16.66537500
16.72145900
16.71683300
16.62920800
16.69741700
16.62066700
16.72933300
16.66966700
16.71766600
16.62070900
16.65400000
16.75491600
16.78075000
16.71745900
16.55512500
16.71637500
16.63729100
16.53345900
16.73866600
16.59683400
16.67054100
17.07058400
16.63875000
16.88254100
16.44575000
16.67320900
16.65020800
16.70879200
16.55737500
16.71562500
16.74537500
16.72129100
16.59329200
16.72141700
16.78441600
17.15229200
16.13879200
16.68645800
16.60125000
16.74225000
16.66945800
16.61737500
17.04825000
16.51687500
16.63158400
16.54087500
16.69904100
16.84637500
16.52283400
17.27825000
16.18600000
16.63629100
16.63250000
16.86395900
16.49775000
16.63275000
16.70983300
16.79595800
16.57387500
16.69633400
16.79970800
16.57641700
16.71750000
16.59845800
16.65800000
16.79870800
16.75054200
16.58029200
16.67420800
16.95229200
16.86454100
16.50266700
16.88475000
16.29687500
16.68075000
16.96675000
16.50283300
16.91337500
16.59487500
16.48145900
16.72916600
16.73216700
16.63350000
16.76662500
16.49179200
16.87475000
16.56708300
16.98550000
16.45837500
16.64500000
16.74108300
16.64691700
16.72404200
16.67545800
16.66858300
16.70729200
16.62983300
16.66491700
16.65791700
16.78666600
16.60662500
16.66445900
16.71504100
16.50454200
16.80554200
16.73970800
16.68912500
16.55512500
16.82808300
16.78412500
16.47245900
16.75641600
16.71920900
16.66916600
16.54020900
16.77737500
16.69837500
16.64920800
16.87608300
16.62041700
16.72854200
16.66041600
16.68533400
16.74741600
16.52075000
16.77287500
16.69575000
16.68900000
16.67133400
16.41912500
16.92520800
16.75108300
16.79991700
16.53891700
16.65741600
16.75733400
16.70675000
16.65045800
16.75883300
16.83683400
16.16483300
17.02908300
16.60833400
16.55283300
16.81804200
16.62037500
16.64025000
16.53283300
16.70329200
16.89629100
16.68970900
16.78329100
16.36379200
17.02254200
16.07379100
17.28541700
16.30608300
17.00737500
16.62137500
16.78375000
16.63712500
16.36683400
17.00979100
16.70112500
16.67891700
16.71812500
16.67800000
16.65491700
16.60145800
16.64187500
16.73291700
16.75629100
16.61125000
16.76037500
16.70162500
16.71454200
16.70695800
16.56112500
16.62691700
16.63391700
16.68962500
16.75025000
16.44708300
16.85958300
16.74770900
16.77312500
16.50800000
16.74804100
16.58591700
16.68416700
16.78145800
16.78758300
16.60675000
16.59941700
16.78145800
16.61779200
16.32195800
16.67495900
16.80508300
16.83991700
16.70483300
16.31900000
17.03079200
17.14900000
16.33029100
16.99275000
16.48787500
16.37616700
16.76233300
16.40333400
16.90770800
16.89025000
16.62966700
16.55866600
16.66275000
16.90845900
16.53866600
16.59512500
16.89320900
16.67000000
16.54145800
16.72762500
16.84108300
16.56283400
16.68845800
16.72029200
16.60358300
16.75150000
16.76691700
16.55970800
16.71120800
16.64866700
17.04270800
16.51416700
16.65070800
16.48733400
16.67558300
16.94904200
16.42295800
16.64904200
16.75750000
16.58129100
16.78658400
16.59837500
16.46704100
16.56429200
16.87325000
16.72345800
16.75829200
17.17041700
16.18612500
16.87000000
16.93729100
16.66258400
16.78241600
16.60516700
17.04179200
16.47608300
16.37229200
16.99241600
16.56495900
16.46937500
16.68900000
16.71462500
16.59266600
16.82775000
16.81833400
16.51245800
16.77375000
16.63679200
16.53362500
16.71545800
16.71816700
16.81050000
16.56733300
16.58933300
16.68341700
16.61158300
16.75308400
16.65508300
16.79850000
16.51395800
16.83691700
16.53991700
16.73800000
16.37429100
16.63625000
16.95645900
16.81600000
16.43554100
16.75870900
16.83575000
16.61879100
16.74037500
16.67191700
16.90612500
16.73616700
16.60950000
16.50341600
16.89095900
16.44708300
16.73137500
16.56704200
16.79408300
16.39125000
16.94683300
16.61241700
16.82004200
16.46395800
16.55979200
17.06220800
16.42487500
16.91520800
16.63345900
16.63075000
16.83420800
16.40600000
16.85200000
16.70583300
16.65237500
16.36225000
16.93145900
16.73975000
16.85525000
16.48670800
16.75695800
16.82466700
16.52225000
16.90916700
16.36508300
16.69737500
16.78741700
16.75666600
16.51487500
16.69529200
16.36841700
16.97995800
16.67779200
16.74050000
16.63854100
16.59395900
16.80445800
16.87237500
16.33879200
16.76962500
16.72279100
16.67600000
16.67970900
16.72479100
16.60887500
16.74641700
16.47533300
16.85087500
16.77733400
16.59512500
16.47995800
16.81508300
16.80833400
16.67408300
16.53829200
16.67954100
16.69720900
16.68770800
16.67612500
16.72645800
16.64879200
16.61691700
16.70858300
16.73083300
16.65829200
16.70583300
16.74875000
16.60866700
16.68387500
16.76591700
16.58079100
16.72975000
16.69108400
16.62841600
16.76362500
16.69750000
16.60733400
16.75983300
16.66287500
16.73275000
16.71616700
16.60445800
16.69666700
16.68558300
16.60370800
16.75991700
16.70466700
16.67175000
16.69841600
16.57987500
16.74954200
16.69787500
16.63670800
16.69104200
16.70995800
16.74233400
16.60066600
16.80358400
16.55683300
16.75841700
16.65037500
16.62166600
16.79308400
16.67279100
16.58012500
16.79800000
16.65333400
16.68908300
16.86620800
16.52491700
16.45554200
16.82437500
16.77287500
16.37962500
16.88495800
16.69212500
16.55845800
16.69537500
16.79425000
16.70041700
16.51937500
16.71704200
16.60987500
16.98341600
16.59566700
16.77575000
16.65950000
16.82020800
16.53812500
16.68420900
16.63004100
16.79583400
16.25845800
17.05775000
16.47950000
16.71616700
16.65162500
16.66350000
16.80962500
16.60941600
16.63633400
16.67591600
16.66108400
16.64995800
16.73808300
16.66700000
16.67862500
16.76425000
16.65670900
16.60833300
16.50225000
16.90254200
16.70929100
16.41875000
16.92720900
16.68954100
16.67554200
16.75554200
16.52229100
16.77816700
16.63641700
16.70754100
16.75104200
16.60395800
16.66595900
16.77400000
16.63404100
16.72370900
16.81200000
16.63679100
16.58304200
16.66779200
16.55795800
16.84900000
16.82245800
16.62841700
16.79908300
16.55879200
16.75045800
16.63066700
16.68454200
16.71691600
16.66958400
16.58754100
16.72775000
16.74666700
16.60358300
16.75483400
16.79825000
16.51083300
16.66462500
16.47041700
16.66383300
17.00279200
16.57583300
16.74095800
16.68479200
16.48412500
17.12854200
16.42625000
16.82212500
16.63870800
16.71541700
16.72766600
16.59020900
16.78600000
16.77975000
16.54745800
16.59766700
16.76383300
16.66345800
16.73841700
16.69658300
16.74629200
16.64075000
16.64904200
16.66150000
16.68512500
16.68875000
16.65600000
16.68283300
16.64737500
16.76933300
16.70408400
16.63033300
16.68108300
16.72558400
16.61820800
16.74779200
16.61716600
16.79662500
16.56508400
16.47879100
16.59154200
16.99954200
16.59066600
16.65679200
16.71862500
16.65866700
16.67095800
16.63729200
16.75233300
16.61916700
16.63241600
16.81704200
16.53050000
16.77754200
16.89391600
16.72691700
16.39512500
16.44020800
17.14570900
16.57275000
16.68275000
16.77100000
16.69445800
16.61141700
16.73420800
16.75262500
16.85129200
16.61237500
16.03608300
17.32916700
16.37220800
16.71304200
16.87854100
16.48241700
16.96558300
16.85508400
16.56954100
16.60137500
16.66179200
16.74275000
16.77983300
16.62350000
16.71937500
16.01600000
17.42179200
16.57875000
16.58554200
16.78300000
16.60341600
16.60608400
16.76450000
16.63783300
16.74804200
16.52575000
16.89641600
16.61812500
16.72000000
16.37679200
16.97695800
16.03304200
17.27370800
16.64970900
16.76129100
16.75429200
16.48562500
16.86900000
17.05145800
16.34337500
16.65587500
16.46220900
16.79516600
16.55429200
16.79570800
16.85533400
16.69008300
16.44329200
16.74200000
16.28029100
17.04783400
16.55708300
16.90762500
16.39300000
16.45108300
17.17741700
16.73504200
16.55712500
16.87820800
16.59066700
16.68566600
17.04337500
16.29770900
16.96037500
16.86508300
15.87287500
17.15083300
16.58170900
16.61854100
16.84829200
16.75366700
16.35137500
16.69616600
16.60520900
16.82920800
16.76641700
16.69387500
16.53333300
16.61333300
16.94358400
16.58704100
16.64120900
16.45858300
16.89562500
16.58412500
16.67104200
16.72475000
16.57895800
16.60608300
16.42295900
16.73991600
16.97704200
16.63329200
16.64504100
16.72462500
16.70020900
16.64770800
17.02520800
16.48850000
16.57045900
16.68500000
16.68687500
16.66275000
16.82533300
16.75950000
16.55145800
16.78279200
16.63425000
16.63862500
16.71658300
16.63000000
16.65554200
16.96416700
16.39875000
16.79733300
16.56937500
16.85858300
16.61520900
16.61287500
16.76162500
16.68608300
16.48312500
16.55795800
17.06854200
16.51066700
16.47129100
16.94387500
16.73816700
16.22083300
16.98375000
16.75162500
16.70879200
16.56941700
16.73229100
16.77912500
16.32375000
16.75137500
16.98662500
17.98337500
15.14645900
16.99720800
16.34079200
17.06520800
16.60020800
16.76850000
16.58512500
16.88325000
16.06254200
17.18383300
16.64575000
16.58579200
16.61875000
17.27379200
16.55658300
16.76587500
16.50941700
16.72075000
16.72145800
16.70358300
16.59612500
16.65033400
16.72233300
16.64912500
16.68979200
16.68754100
16.92162500
16.49470900
16.17008300
17.05491700
16.75104100
16.79845900
16.44858300
16.90108300
16.63125000
16.73266700
16.59675000
17.41291700
15.95462500
16.92308300
16.62237500
16.76945800
16.67637500
16.53187500
16.56204200
16.78441700
16.69404100
16.08929200
17.14912500
16.68125000
16.92133300
16.50441700
16.67795800
16.74445900
16.57933300
16.57508300
17.20183400
16.38745800
16.48708300
16.79812500
16.81570900
16.38541600
16.93762500
16.66245900
16.56375000
16.65400000
16.85800000
16.42737500
16.99312500
16.46025000
16.72829100
16.67729200
16.80962500
16.49504200
16.86579100
16.60945900
16.66229100
16.74083400
16.76254100
16.43429200
16.72079200
16.84958300
16.54708300
16.61350000
16.86562500
16.42641700
16.81041700
16.70520800
16.70566700
16.56625000
16.91650000
16.40591600
16.92495900
16.52041600
16.78166700
16.62862500
16.73295800
17.36650000
16.11954200
16.53466700
16.83020800
16.08875000
17.04308300
16.58845900
16.91620800
16.50016700
16.85016600
16.50066700
16.78191700
16.68570800
16.70933300
16.74358400
16.67829100
16.44504200
16.93741700
16.59958300
16.93858300
16.51583400
16.50616600
16.74595900
16.54720800
16.80733300
16.69720900
16.63320800
16.65695800
16.85995900
16.41458300
16.84945800
16.58350000
16.60829200
16.84733300
16.57008400
16.73025000
16.88129100
16.53854200
16.66662500
16.62983300
17.06729200
16.58675000
16.60554200
16.53479100
16.70908400
16.86991600
16.75100000
16.66375000
16.66608400
16.67833300
16.63016700
16.64750000
16.67250000
16.75270800
16.57937500
16.71625000
16.69366700
16.65270800
16.78491700
16.82129100
17.21875000
15.75795900
16.72250000
16.67637500
16.66337500
16.67666600
16.60208400
16.86691600
16.56145900
16.75462500
16.60695800
16.67737500
16.61287500
16.69883300
16.70612500
16.77862500
16.79466700
16.56054200
16.69487500
16.86333300
16.17683300
17.06733400
16.57725000
16.70554100
16.56883400
16.77616600
16.68183400
16.70341600
16.58166700
16.91525000
16.59495800
16.67191700
16.91804200
16.54983300
16.76883300
16.72975000
16.40350000
16.86583400
16.58741600
16.70575000
16.84279200
16.51283300
16.68991700
16.80112500
16.02554200
17.03716600
16.63733400
16.69833300
16.68450000
16.69416700
18.22683300
15.05775000
16.73312500
16.73108300
16.64916700
16.72175000
16.76183300
16.47450000
16.98287500
16.77483400
16.96191600
16.26991700
16.51441700
16.67587500
16.66320800
16.77041700
16.55079100
16.85237500
16.73983400
16.57225000
16.74687500
16.70804100
16.57175000
16.84254200
16.56345800
16.73208400
16.82383300
16.60704200
16.55200000
17.51958300
15.85662500
16.72812500
16.69183300
16.84995900
16.47695800
16.87695800
16.55700000
16.70883400
16.77787500
16.73700000
16.56383300
17.02466700
16.45754100
16.55925000
16.74754200
16.75200000
16.67770800
16.64616700
16.63879200
16.79100000
16.61695800
16.88516700
16.54383300
16.64979200
16.20408300
17.14216700
16.74045800
15.99000000
16.65300000
17.19637500
16.71662500
16.60350000
16.70750000
16.68287500
16.79562500
16.16691700
17.16783300
16.91179200
16.49958300
16.67816700
17.50762500
16.02633300
16.47916700
16.88250000
16.50616600
16.60162500
16.70025000
16.71912500
16.70241700
16.78558300
16.47833400
16.62495800
16.53087500
16.90354200
16.78958300
16.71170800
16.79891700
16.52558300
16.79783400
16.77529100
16.32100000
16.74033400
16.69200000
16.85862500
16.99595800
15.89891700
17.00216600
16.78308400
16.64283300
16.86837500
16.56091700
16.72116600
16.56291700
17.14908300
16.29320900
16.60870800
16.88104200
16.49595800
16.56120800
16.98525000
16.60575000
16.79195900
16.54504100
16.50445900
16.43541600
17.35033400
16.53737500
16.64083300
16.47462500
16.93562500
16.71745800
16.91654200
16.29929200
16.78079100
16.55608400
16.57304100
16.87700000
16.56420900
16.80475000
16.64470800
16.83845800
16.41062500
16.89408400
16.61741600
16.68375000
16.80216700
16.49458300
16.69287500
16.65595900
16.82816600
16.44970900
16.91241600
16.57654200
16.54170800
17.42920900
16.49508300
16.28745800
16.33600000
16.91287500
17.18583400
16.33416600
16.59579200
16.65341700
16.68112500
16.62670800
16.70050000
16.73295800
16.68345900
16.77725000
16.63745800
16.91733300
16.96029200
16.67083300
16.40133400
17.01170800
16.40325000
16.33366700
16.69820800
16.65341700
16.68029100
16.74412500
16.61566700
16.59133300
16.81454200
16.62816700
16.68929100
16.67658400
16.72650000
16.91175000
16.86041600
16.35391700
16.70112500
16.71204200
16.60429100
16.54054200
16.73141700
16.90783300
16.56466700
16.66237500
16.91704100
16.68983400
16.58370800
16.56879200
16.65850000
16.73020800
16.66766700
16.59479100
16.81091700
16.68558300
16.63025000
16.51720900
16.89750000
16.68408300
16.58070800
16.43225000
16.82095900
16.68050000
16.50320800
17.05475000
16.96320800
16.64341700
16.74366700
16.49350000
16.66591600
16.76254200
16.76720800
16.49775000
16.77387500
16.67241700
16.51108300
16.75104200
16.68058300
16.80233400
16.67087500
16.81045800
16.58137500
16.61133300
16.70208400
16.63791600
16.75241700
16.22604200
17.10404100
16.93391700
16.58000000
16.56362500
16.80037500
16.78150000
16.48537500
16.78083300
16.80408400
16.54379100
16.91050000
16.62995900
16.43954100
16.90195900
16.61966600
16.50295900
16.85250000
16.52400000
16.72616600
16.94737500
16.70083400
16.64004100
16.19216700
16.98470800
16.78620900
16.50475000
16.79300000
16.81912500
16.48779100
16.75166700
16.55162500
16.68570800
16.80666700
16.57958300
17.09383400
16.37345800
16.62258300
16.07191700
17.23087500
16.65845800
16.67508400
16.52779100
16.83220900
16.65920800
16.69075000
16.70145800
16.64058400
16.81612500
16.64625000
16.59166600
16.72775000
16.74604200
16.68433300
16.50583400
16.81762500
16.64916600
16.88383400
16.52191600
16.78329200
16.47075000
16.77654200
16.73212500
16.59841600
16.73941700
16.73366700
16.40437500
16.98362500
16.63066600
16.74216700
16.65950000
16.70216700
16.53437500
16.85845800
16.56745800
16.66187500
16.85604200
16.51633300
16.76183400
16.64316600
16.95429200
16.75279200
16.51970800
16.65391700
16.62325000
16.57645800
16.79550000
16.33366700
17.33783300
16.51537500
16.70262500
16.53995800
16.60391700
16.86729200
16.72187500
16.43154100
16.80204200
16.86312500
15.94637500
16.70566700
16.44720800
16.61420800
17.15170900
16.59583300
16.67137500
16.65391700
16.63862500
16.45062500
17.07404100
16.83637500
16.42287500
16.82833400
16.22179100
17.34754200
16.72854200
16.91079100
16.40350000
16.66262500
16.89183400
16.51420800
16.74987500
16.65095800
16.60158400
16.71750000
16.81991600
16.41941700
16.88170800
16.66733400
16.50916600
16.95616700
16.42325000
16.76487500
16.75558300
16.61479200
16.61175000
16.73795800
16.71979200
16.64870800
16.55208400
16.76637500
16.95025000
16.10995800
17.06725000
16.91441700
16.51804100
16.60670900
16.75483300
16.10612500
16.55158300
17.44845900
16.58179100
16.54283400
16.64279100
16.62266700
16.65320800
16.81275000
16.67750000
16.75183400
16.69070800
16.67841700
16.09558300
17.25450000
16.58670800
16.23754200
17.08666700
16.74454100
16.45104200
16.83020800
16.78500000
16.52395900
16.64000000
16.91379100
16.50045900
16.46362500
16.95695800
16.63795800
16.90920900
16.65350000
16.16045800
17.00666700
16.75704100
16.60937500
16.73233400
16.74908300
16.80900000
16.77004200
16.67425000
16.66904100
16.52741700
16.79754200
16.58412500
16.84654100
16.57520900
16.63741600
16.76750000
16.72450000
16.68591700
16.65979200
16.69229100
16.59266700
16.86179200
16.47137500
16.70208300
16.76987500
16.52050000
16.74495800
16.61512500
16.76525000
16.71845900
16.78158300
16.44875000
16.83475000
16.66566700
16.14445800
16.61916700
16.99441600
16.70441700
16.60937500
16.83012500
16.58083300
16.73287500
16.64125000
16.67920900
16.65620800
16.92458300
16.45920900
16.80620800
16.83004200
16.53104100
16.58666700
16.81083300
16.83579200
16.48137500
16.72062500
16.59683300
16.81208400
16.58591600
16.71295900
16.69175000
16.34933300
16.98829200
16.69862500
16.74962500
16.55770800
16.40858300
17.25587500
16.62483400
16.87262500
16.46000000
16.92275000
16.74412500
16.22616600
16.65470900
16.80691600
16.77258400
16.99629100
16.64770900
16.62525000
16.60866600
16.67716700
16.94495800
16.51433400
16.60525000
16.69958300
16.77279200
16.63562500
16.64375000
16.66016600
16.72104200
16.79204200
16.56562500
16.59900000
16.78237500
16.69270800
16.73212500
16.61237500
16.82370800
16.78829200
16.38950000
16.93504200
16.70066600
16.54016700
16.70791700
16.69170800
16.48583300
16.83404200
16.74754200
16.51941600
16.82575000
16.79933400
16.56604100
16.63854200
16.20333300
17.08841700
16.70887500
16.62291700
16.69637500
16.63137500
16.93412500
16.49258300
16.54312500
16.78450000
16.69870800
16.59387500
16.80595900
16.68958300
16.64595800
16.70525000
16.54737500
17.07683400
16.60950000
16.55595800
16.71066700
16.57837500
16.19633300
17.01854200
16.71616600
16.71016700
16.76075000
16.55904200
16.89483300
16.63425000
15.95466700
17.40775000
16.57625000
16.57908300
16.69837500
16.58979200
16.86062500
16.70195800
16.60795800
16.67916700
16.65450000
16.63287500
16.67616700
16.82566600
16.61445900
16.63112500
16.71787500
16.74170800
16.62033300
16.69470900
16.67712500
16.71783300
16.58108300
16.78441700
16.67154200
16.67600000
16.77125000
16.69983300
16.56516700
16.82775000
16.67154100
16.64370900
16.68970800
16.69958300
16.70466700
16.66816700
16.54587500
16.86266600
16.62783400
16.82658300
16.60220800
16.67100000
16.71795900
16.68862500
16.59762500
16.76379100
16.57037500
16.75695900
16.69575000
16.58916600
16.80325000
16.63029200
16.23775000
17.13483300
16.67120900
16.14516600
17.03641700
16.73316700
16.73987500
16.52920800
16.74816700
16.80912500
16.51304100
16.30254200
17.43833300
16.62529200
16.06225000
17.03400000
16.50616700
17.22612500
16.33283300
16.67112500
16.53812500
16.40420800
16.97175000
16.72725000
16.59412500
16.80995900
16.56366600
16.70691700
16.65208300
16.69212500
16.64520900
16.68641600
16.65000000
16.67754200
16.76612500
16.64770800
16.61020900
16.74087500
16.72729100
16.67366700
16.74975000
16.37933300
16.84804200
16.90854200
16.56395800
16.61108300
16.93479200
16.64125000
16.66716700
16.63983300
16.90987500
16.39895800
16.67008400
16.81554100
16.65150000
16.88029200
16.16695800
16.54700000
17.11787500
16.60054200
16.33945800
17.04770900
16.73854100
16.60550000
16.59704200
16.86425000
16.65491700
16.82283300
16.59025000
16.68533300
16.80537500
16.56758400
16.57125000
16.79787500
16.74012500
16.57154100
16.59700000
17.00291700
16.63012500
16.71645800
16.58312500
16.22970900
17.28904100
16.54041700
16.86504200
16.70800000
16.52266600
16.71979200
16.67887500
16.52075000
16.93120800
16.53129200
16.15783300
17.18058400
16.74716600
16.81583400
16.43212500
16.80233300
16.64375000
16.69395800
16.60462500
16.71195900
16.78800000
16.71575000
16.52858300
16.77966700
16.70975000
16.57641600
16.65375000
16.74641700
16.63904200
16.82050000
16.63220800
16.59879200
16.59866600
16.69991700
16.66854200
16.69162500
16.75412500
16.62800000
16.71400000
16.58704100
16.77300000
16.64237500
16.76945900
16.41129100
16.93241700
16.75358300
16.53366700
16.73008300
16.69083400
16.74720800
16.62812500
16.82270800
16.63750000
16.69137500
16.55687500
16.67545900
16.69995800
16.68091700
16.40420800
16.83500000
16.72145800
16.72412500
16.80266700
16.36441700
16.84250000
16.77987500
16.61658300
16.80516700
16.61595800
16.82229200
16.39937500
16.67225000
17.04920800
16.13062500
17.04108300
16.90766700
16.54954200
16.78841600
16.25970900
17.15000000
16.67966600
16.71683400
16.66400000
16.74312500
16.59537500
16.80095800
16.56950000
16.62312500
16.87470800
16.65766700
16.48558300
16.82462500
16.80683400
16.54775000
16.84870800
16.61754200
16.67925000
16.61445800
16.69462500
16.85779200
16.57783300
16.60958300
16.56787500
16.82479200
16.76250000
16.73791700
16.49479100
16.95079200
16.69625000
16.52891700
16.65375000
16.66366600
16.75712500
16.18883400
16.57858300
17.12412500
16.54479200
16.64908300
16.81579200
16.53550000
16.82412500
16.47325000
17.09545800
16.42625000
16.78925000
16.45333300
16.56391700
16.98166700
16.72683300
16.82250000
16.43250000
16.73700000
16.29729200
16.92529100
16.76108400
16.58008300
16.79191700
16.63275000
16.66716600
16.69487500
16.66841700
16.68458300
16.72658400
16.61891600
16.77191700
16.68991700
16.57220800
16.91441700
16.39970800
16.68879200
16.83900000
16.56658300
16.74808300
16.67145900
16.65458300
16.64770800
16.35954200
17.09970800
16.81870900
16.62287500
16.78637500
16.53900000
16.83833300
17.22741700
16.13970800
16.58508300
16.75554200
16.97129200
16.41604100
16.52954200
16.69845800
16.67933400
16.59908300
16.78720800
16.66212500
16.49495900
16.75225000
16.72079100
16.64312500
16.66129200
16.77416700
16.52075000
17.04875000
16.31829100
16.68600000
16.60554200
16.72595800
16.61279200
16.77945800
16.66691700
16.62137500
16.39479200
16.97320800
16.66375000
16.47254200
16.88720800
16.67725000
16.69116700
16.56829100
16.52050000
16.88758400
16.81645800
16.74529200
16.71075000
16.34304100
16.92391700
16.81437500
16.60587500
16.70687500
16.68200000
16.63412500
16.67254200
16.90195800
16.59300000
16.63604200
16.70895800
16.62500000
16.70833300
16.74825000
16.63900000
16.67375000
16.71183400
16.74887500
17.30904100
16.00750000
16.62000000
16.78854200
16.63020800
16.68666700
16.67495800
16.68083400
16.71362500
16.62379100
16.87537500
16.13291700
16.68175000
17.08245800
16.63829200
16.74495800
16.64345900
16.61908300
16.72991700
16.86587500
16.64558300
17.07658300
16.18462500
16.62875000
16.74600000
16.62004200
16.63479200
16.65354100
16.71816700
16.70754200
16.35433300
16.90312500
16.90975000
16.66345800
16.64412500
16.82695900
16.19550000
17.02500000
16.71562500
16.70450000
16.62195800
16.66720800
16.70708400
16.65691600
16.80454200
16.65429200
16.58416600
16.44000000
16.94258400
16.77845800
16.22491700
17.24550000
16.49629100
16.79791700
16.63958300
16.61187500
16.86541700
16.64854200
16.50475000
16.76041600
17.57229200
15.31616700
17.23570800
16.16745800
17.12591700
16.81787500
16.61550000
16.56087500
16.84683300
16.75662500
16.53204200
16.67283300
16.69283400
16.54075000
16.41829100
16.98145900
16.73979100
16.70075000
16.60812500
16.79587500
16.69900000
16.58575000
16.63437500
16.57345900
16.78091600
16.61112500
16.68254200
16.60554200
16.81100000
16.66087500
16.61237500
16.78929100
16.56120900
16.67712500
16.81554100
16.71900000
16.57108400
16.70125000
16.76958300
16.67791700
16.74458300
16.54520800
16.37020900
16.99658300
16.66775000
16.70770800
16.83937500
16.58141700
16.59350000
16.75262500
16.68254200
16.59154100
16.75183400
16.40004100
16.93725000
16.83658400
16.61341600
16.65829200
16.76425000
16.59233300
17.46775000
15.82916700
16.60370800
16.64408400
17.03720800
16.64941700
16.57737500
16.93241600
16.66241700
16.56416700
16.59516600
16.37791700
16.93916700
16.81370800
16.67595800
16.55083400
16.82687500
16.51383300
16.79925000
17.19808300
16.27491700
17.10004200
16.63241600
16.32175000
16.59537500
16.55675000
16.74020900
16.33970800
17.28620800
16.37125000
16.67295900
16.88791600
16.38383400
16.83295800
16.77725000
16.49270800
16.74254200
16.96737500
16.37279200
16.65879100
16.74354200
16.99887500
16.33012500
16.66420800
16.76620900
16.39395800
17.01450000
16.75866700
16.66916600
16.68545900
16.36795800
17.05966700
16.61483300
16.62329200
17.01408300
16.83520800
16.53254200
16.69608300
16.80595900
16.46387500
16.98616600
16.32779200
16.80279200
16.75558300
16.08245800
16.97337500
16.78987500
16.70150000
16.66108400
16.78845800
16.67625000
16.57745800
16.68325000
16.71500000
16.75170900
16.62241600
16.66470900
16.78370800
16.59229200
16.84987500
16.60258300
16.78154200
16.44020800
16.81904200
16.44475000
16.48887500
16.60029100
17.00991700
16.60658300
16.81166700
16.63545800
16.54162500
16.62583400
16.89145800
16.62741700
16.90029100
16.64725000
16.61787500
16.68654200
16.69804200
16.66329100
16.75379200
16.63320800
16.62666700
16.86112500
16.77712500
16.49045800
16.82566700
16.62433300
16.77550000
16.58800000
16.66545900
16.50362500
17.00750000
16.45079100
16.59041700
17.32529200
16.30237500
16.61075000
16.78641600
17.13762500
16.11387500
16.44320900
16.52458300
16.70833300
17.24479200
16.18179200
16.62545800
16.93916700
16.78958300
16.47683300
16.65495900
16.74579100
16.97954200
16.58370800
16.67116700
16.39383300
17.05237500
16.63137500
16.74987500
16.74570900
16.60737500
16.69075000
16.63891600
16.69050000
16.81204200
16.45100000
16.80595800
16.48870900
16.73754100
16.52479200
16.80679200
16.53166600
16.80470900
16.57395800
16.36237500
16.99429200
16.61116600
16.70758400
16.78016600
16.63587500
16.72279200
16.69175000
16.67979200
16.62387500
16.64037500
16.37479100
17.08604200
16.59008300
16.84150000
16.63187500
16.58025000
16.69570900
16.67866600
16.78370900
16.71937500
16.58554100
16.64087500
16.93112500
16.51591700
16.94412500
16.41595800
16.91929200
16.58641700
16.52445800
16.37012500
16.96300000
16.71075000
16.61245800
16.81054200
16.59916700
16.69595800
16.61587500
16.79991700
16.57079100
16.69466700
16.67887500
16.44141700
16.96958300
16.85287500
16.43875000
16.73608300
16.80070900
16.59454100
16.38554200
16.77204200
16.88820800
16.61133300
16.79233400
16.70870800
16.33600000
16.98108300
16.67329200
16.81970800
16.81137500
16.45625000
16.73620900
16.92283300
16.68425000
16.62558300
16.76866700
16.35804200
16.82804100
16.65491700
16.56791700
16.73779100
16.69979200
16.66479200
16.69487500
17.03037500
16.29637500
16.78879100
16.67758400
16.67612500
16.60804100
17.14166700
16.48708300
16.67666700
16.31191700
16.67741600
16.92529200
16.61295800
16.63229200
16.66470800
16.60804200
16.43291700
16.65645800
16.77629200
16.84854100
16.68229200
16.76150000
16.47145800
16.69479200
16.62416700
16.86762500
16.60241600
16.55954200
16.89833300
16.52429200
17.00725000
16.48191700
16.82045800
16.49300000
16.56908300
16.85812500
16.67383400
16.68287500
16.73591600
16.63387500
16.85683400
16.68141600
16.69820900
16.67512500
16.71316600
16.15879200
17.12470800
16.49120900
16.61266600
16.79458400
16.85387500
16.61158300
16.81937500
16.84258300
16.47008400
16.80762500
16.45904100
16.96341700
16.57150000
16.71529200
16.28687500
16.98708300
16.67287500
16.77066700
16.63804100
16.67970900
16.68837500
16.69741600
16.64837500
16.53004200
16.89470800
16.75687500
16.74991700
16.64075000
16.60650000
16.68812500
16.17137500
17.09679200
16.72566600
16.72541700
16.45341700
16.82066600
16.74095900
16.69791600
16.66470900
16.90691600
16.55287500
16.78150000
16.62875000
16.50750000
16.99550000
16.63591700
16.47495800
16.72204200
16.19075000
17.32512500
16.58504200
16.84720800
16.51112500
16.31987500
17.16275000
16.61966700
16.72737500
16.75354100
16.46704200
16.83366700
16.70333300
16.86758300
16.58270900
16.57887500
16.33941600
16.89941700
16.64362500
16.72408300
16.63670900
16.67887500
16.70275000
16.62837500
16.64454100
16.78816700
16.73775000
16.80962500
16.59558300
16.57475000
16.59125000
16.66916700
16.73583300
16.64483400
16.70075000
16.74095800
16.59495800
16.89791700
16.62608300
16.52587500
16.42970900
16.68987500
16.80766600
16.73495900
16.75829100
16.56441700
16.82687500
16.47429200
16.93191600
16.70000000
16.56458400
16.71079100
16.78854200
16.55175000
16.66520800
16.75375000
16.76258400
16.65783300
16.71125000
16.61629200
16.54141600
16.83570900
16.75537500
16.59770800
16.80620800
16.74862500
16.56950000
16.68687500
16.70712500
16.59016700
16.78987500
16.50104200
16.88058300
16.68608300
16.58025000
16.66233400
16.41679100
16.46795900
16.79412500
16.75054100
16.96237500
16.40970900
16.99404100
16.54629200
16.69279200
16.78137500
16.69525000
16.71041600
16.70229200
16.30641700
17.18220800
16.61254200
16.65787500
16.65704100
16.83204200
16.58362500
16.66183300
17.13900000
16.31462500
16.72250000
16.61137500
16.54491700
16.86141700
16.38683300
16.77916700
16.38979100
16.96112500
16.72116700
16.64295800
16.68954200
16.46425000
16.93241700
16.50454100
16.70837500
16.66358400
16.71341600
16.75466700
16.55558300
16.78562500
16.31075000
16.89704200
16.53316700
16.89900000
16.65762500
16.70158300
16.77833300
16.56445900
16.81837500
16.66616600
16.55912500
16.85862500
16.57525000
16.76045900
16.60162500
16.63912500
16.68541600
16.49208400
16.95358300
16.47000000
16.72979200
16.89441600
16.61408400
16.74729100
16.76933400
16.57075000
16.78966600
16.72983400
16.55804100
16.68754200
16.73095800
16.60270900
16.69875000
16.39983300
16.99925000
16.73370800
16.61016700
16.70745800
16.46737500
16.65129200
16.95512500
16.70891700
16.61133300
16.70033300
16.41100000
17.02687500
16.71604200
16.72833300
16.67037500
16.75625000
16.53187500
16.75187500
16.66491700
16.89933300
16.59266700
16.59770800
16.67812500
16.77766700
16.64075000
16.71979200
16.63391600
16.70125000
16.70583400
16.67562500
16.54458300
16.88195800
16.75287500
16.45550000
16.79375000
16.58695900
16.59487500
16.75870800
16.62441700
16.62462500
16.74591600
16.74787500
16.60737500
16.84058400
16.62250000
16.32145800
16.66170800
17.00841700
16.57654200
16.89266600
16.72291700
16.46070800
16.82337500
16.56645900
16.69670800
16.74470800
16.68337500
16.55800000
16.64758400
16.81283300
16.82300000
16.58558300
16.58650000
16.37475000
17.08295900
16.71158300
16.65241700
16.75950000
16.60579100
16.71191700
16.59570800
16.76075000
16.73962500
16.63725000
16.32691700
17.13762500
16.40662500
16.68954200
16.76883300
16.77887500
16.95458300
16.86270900
16.37466600
16.66379200
16.91387500
16.39650000
16.76579200
16.68958300
16.45733300
16.27120900
17.23245800
16.71500000
16.50483300
16.87650000
17.49816700
16.94787500
16.03266700
16.71733300
16.36520800
16.92950000
16.52412500
17.13800000
16.63283400
16.89700000
16.16300000
15.99258300
17.31850000
17.06795800
16.99645900
16.02891600
16.32175000
16.83170900
16.93808300
16.60854200
16.63466600
16.70283400
16.46820800
16.73200000
16.77150000
16.57933300
16.79129200
16.73166700
18.84679100
16.13320900
17.38158300
17.44566700
41.21225000
43.80687500
26.61866600
13.78500000
13.51458400
12.76000000
12.65787500
12.77366600
12.36083400
12.62283300
12.60441700
12.62525000
12.96137500
11.63454100
16.11908400
14.28154100
13.72470900
15.71875000
13.60608300
13.66825000
13.98683300
13.09962500
14.10595900
16.82412500
16.68037500
16.58491600
16.98762500
16.58637500
16.61316700
16.71475000
16.83112500
16.60687500
16.65762500
16.64087500
16.56383300
16.99325000
16.35833400
16.65250000
16.50904100
16.54883400
16.88254100
16.71770900
16.53141600
16.61416700
16.82912500
16.47041700
16.82233300
16.86991700
16.53866600
16.53775000
16.81566700
16.66045800
16.61562500
16.81075000
16.60458400
16.69800000
16.75762500
16.65775000
16.81162500
16.73537500
16.48679100
16.93420900
16.50841600
16.55737500
16.94312500
16.55712500
16.82862500
16.95954200
16.55179200
16.48870800
16.81162500
16.65362500
16.49791700
16.32629100
17.21041700
16.12154200
16.71887500
17.08020800
16.61404200
16.38420800
16.92816700
16.63287500
16.75808300
16.74637500
16.69275000
16.30945800
17.25195900
16.61095800
16.67979200
16.70250000
16.64912500
16.70058300
16.73612500
16.63587500
16.72312500
16.65662500
16.60504200
16.84470800
16.74829200
16.47050000
16.84904100
16.51691700
16.70283300
16.32854200
16.90275000
16.85116700
16.59154100
16.97933400
16.14179100
17.31050000
16.48916700
16.75012500
17.02970800
21.59066700
14.94129200
14.21991600
15.52266700
16.75462500
16.66166700
16.10800000
17.35850000
16.65937500
16.63991600
16.75370900
16.58104100
16.56704200
16.85275000
16.60712500
16.61158300
16.72870900
16.58316600
16.66195900
16.69245800
16.73270800
16.32495900
17.05954100
17.06150000
16.40900000
16.60941700
16.69908300
16.61237500
16.69483400
16.66537500
16.65325000
16.77750000
16.69466600
16.61979200
16.79558300
16.58129200
16.66783300
16.38833400
17.04883300
16.46575000
16.44245800
16.75575000
16.99033400
16.70783300
16.66508300
16.72966700
16.28608300
17.16258400
16.70525000
16.82212500
16.69995800
16.58241700
16.75391600
16.70329200
16.75466700
17.36933300
15.93545800
17.72458400
17.60945800
14.87716700
16.80816600
16.65329200
16.58504200
16.90983300
17.71412500
15.35358300
16.85566700
16.58720800
16.82012500
16.68987500
16.55770900
16.70125000
16.83858300
16.63304200
16.41362500
16.70054100
16.93700000
16.32741700
17.09712500
16.69095800
16.64025000
16.04408400
16.77075000
20.74912500
15.65045800
15.14879200
15.60920800
16.67070800
16.74804200
16.31158300
16.84229200
16.67791700
16.74108300
16.68716700
16.52733300
19.12095800
17.23920900
15.17866600
16.60825000
15.62629200
16.51412500
31.13395800
16.03062500
19.51025000
20.62733400
16.96245800
19.02333300
17.61866700
16.57041700
22.43241600
16.62500000
15.63891700
19.69912500
34.43962500
24.86975000
23.80883300
20.85445900
17.56970800
21.61395800
24.62370900
22.40545800
17.15133300
14.53666700
13.87458300
13.48087500
15.55120900
13.97595800
14.15075000
14.33670800
14.28275000
14.71879200
14.69000000
12.71433300
12.61170900
13.19454100
13.04529200
12.99487500
12.80583300
12.62162500
12.90612500
12.54375000
13.95525000
13.11387500
12.96670900
12.82141600
13.79645900
12.90895800
14.03370800
12.67295900
12.48629100
16.68845900
16.82341600
16.43191700
16.83029200
16.52741600
16.82287500
16.45345900
16.98325000
16.09125000
16.97766600
16.60800000
17.11737500
16.42220900
16.33745800
16.93879200
16.78995800
16.61220800
16.94587500
16.49108400
16.61150000
16.91158300
16.48795800
16.75412500
16.83566700
17.05800000
16.13162500
16.53245800
16.67283400
16.66245800
16.72933300
16.89145900
16.56375000
16.74658300
16.89950000
16.97104200
16.09766600
16.73708400
16.63033300
16.66179200
16.67929100
16.73175000
16.77837500
16.52145900
16.86841600
16.52979200
16.63958300
16.73933400
16.60487500
16.51033300
17.21566700
16.36012500
16.61900000
16.62591600
16.86912500
16.51175000
16.63150000
16.89741700
17.16145800
16.22908400
16.61466600
16.73791700
16.71650000
16.81829200
16.55029100
16.68008400
17.09783300
16.32629200
16.69112500
16.97391600
16.60591700
16.79120800
16.59125000
16.53645900
17.32845800
16.08716700
17.00275000
16.76641600
16.37875000
16.78987500
16.76629200
16.85237500
16.68129200
16.32475000
17.36766600
15.59933400
16.79241600
16.63750000
16.74900000
16.78525000
16.74258400
16.59475000
16.71841600
16.64729200
16.82541700
17.45129100
15.96016700
16.15175000
17.89758300
15.86387500
17.10550000
16.52600000
16.67450000
16.70079200
16.71945800
16.28379200
16.95000000
16.64408300
16.84320900
16.62112500
16.67350000
16.72320800
16.52954200
16.51954100
17.14562500
16.13783400
16.88333300
16.71583300
16.63095900
16.38200000
16.96587500
16.56329100
16.92166700
16.61112500
16.66591700
16.67870800
16.74816700
16.43058300
16.84245800
16.55216700
16.52625000
16.86054200
16.89687500
16.72300000
16.63550000
16.75204100
16.59000000
16.39250000
17.06470900
16.38483300
16.90483300
17.37283400
16.56945800
16.38458300
16.61095900
15.98066600
16.85100000
16.73854200
16.89816700
16.59358300
16.81508300
16.61683400
16.60037500
16.56525000
16.66195800
17.22187500
16.43950000
16.71016700
16.47454100
16.79479200
16.78508300
16.06212500
17.56912500
16.34795900
16.66733300
16.23300000
16.93191700
16.77037500
16.75420800
16.48270800
16.75800000
16.57975000
16.86450000
16.67995900
17.07766600
16.37020900
16.71979100
16.58391700
16.73245800
16.72204200
16.80816700
16.57204100
16.73125000
16.81533400
16.45033300
16.59850000
16.82787500
16.58645800
16.93054200
16.49112500
16.53766700
16.90779100
16.50750000
16.76595900
17.11875000
16.34600000
16.34750000
16.93358300
16.77808300
16.52662500
17.08016700
17.26808300
15.77750000
16.67558400
16.70050000
16.56187500
16.34262500
16.65908300
16.85962500
16.70129200
16.74370800
16.63095800
16.85350000
16.49758400
16.57341600
17.11041700
16.34054200
16.83433300
16.55966700
16.63183300
16.88545800
16.64075000
16.85820900
16.71525000
16.26195800
16.95825000
16.79312500
16.70545800
16.70941700
16.65041700
16.66854100
16.59408400
16.74266600
16.63712500
16.85066700
16.01245800
17.05145900
16.91733300
16.61891700
16.36395800
16.88816700
16.99737500
16.69887500
16.54925000
16.88529100
16.48637500
16.67283400
16.75133300
16.73141700
16.66400000
16.04533300
17.13233300
16.61937500
16.82983400
16.64341600
16.54937500
16.77087500
16.79545900
16.59316600
16.67458400
16.67258300
16.61966700
16.74004100
16.67629200
16.90504200
17.07683300
15.92458300
17.18616700
17.14162500
16.80162500
15.96425000
16.71333300
16.78558400
16.51379100
16.78816700
16.95041700
16.83104100
16.65508400
16.32179100
16.69025000
16.63745900
16.49762500
16.85362500
16.55112500
16.86320800
16.73908300
15.96458400
17.32195800
16.81750000
16.63370800
16.69225000
16.01041700
16.92995800
17.19941700
16.78233300
16.88287500
16.34112500
16.44416700
16.97975000
16.45908300
16.11545900
17.25445800
16.56904200
16.75695800
16.68383300
16.60362500
16.75670900
16.61304100
16.53233400
16.84229100
16.74816700
16.70050000
16.64558300
16.57416700
16.62025000
16.76058300
16.79483400
16.42316600
16.83704200
16.91537500
16.41695800
16.78745900
16.73541600
16.61616700
17.07133300
16.34070900
16.20187500
16.74054100
16.89108400
16.91933300
16.47300000
16.78379200
16.60245800
16.50879200
16.85029100
17.02566700
16.75500000
16.46525000
16.78979200
16.59466600
16.59295900
16.77679100
16.70608400
16.56783300
16.82241700
16.61375000
16.57195800
16.81695800
16.69037500
16.52737500
16.80245900
16.77770800
16.34583300
17.03329200
16.79433300
16.31666700
16.87891700
16.75266600
16.41983400
16.92316600
16.20408400
16.88816600
16.94245900
15.92833300
16.90212500
16.99529200
16.62595800
16.40712500
16.90662500
16.75391700
16.58183300
16.81108300
16.31070900
17.22320800
16.66091700
16.82500000
16.50283300
16.69891700
16.86850000
16.53620800
16.69008300
16.77150000
16.65687500
16.64900000
16.60779200
16.61729200
16.84983300
16.52725000
16.79633300
16.42016700
16.65595800
16.50575000
16.86670900
16.68087500
16.73450000
16.75004100
16.41491700
17.07216700
16.58150000
16.62229100
16.58591700
16.76683300
16.82808400
16.47716600
16.90720900
16.65454100
16.67487500
16.31170900
17.02329100
16.68312500
16.63404200
16.72533300
16.66825000
16.75408400
16.56708300
16.76762500
16.61066700
16.71108300
16.65708300
16.68662500
16.62387500
16.75341700
17.14929200
16.28962500
16.66770800
16.51337500
16.74095800
16.49004200
16.68025000
16.77516700
16.69312500
16.67762500
16.55991600
16.84929200
16.57229200
16.53937500
16.96962500
16.44737500
16.43433300
17.17633300
16.42304200
16.46387500
16.81575000
16.78370800
16.80700000
16.56937500
16.73966700
16.47879200
16.96212500
16.77266600
16.72841700
16.71766700
16.56383300
16.71641700
16.83770800
16.78975000
16.63195800
16.80791700
16.58150000
16.70212500
16.43983300
16.76287500
16.62770900
16.78408300
16.76475000
16.51212500
16.81633300
16.55191700
16.70870800
16.68029200
16.58229200
16.68991600
16.75154200
16.60350000
16.94891700
16.62775000
16.47566600
16.66645900
16.79470800
16.64054200
16.67429100
16.75725000
16.35337500
16.70062500
16.75537500
16.67779200
16.72250000
16.66241700
16.68316600
16.72337500
16.71666700
16.71266700
16.60000000
16.69070800
16.64087500
16.62750000
16.86095800
16.60012500
17.07687500
16.38212500
16.36829200
17.03579200
16.54787500
16.77650000
16.79333300
16.61070800
16.71429200
16.83262500
16.50708300
16.82625000
16.78625000
15.97854200
17.13912500
16.75233300
16.81725000
16.62754200
16.73841700
16.90375000
16.68150000
16.82733300
16.43558300
16.57100000
16.71362500
16.64808400
16.87691600
16.56162500
16.21050000
17.02470900
16.70475000
16.46933300
16.89170800
16.76312500
16.73141700
16.73016700
16.76450000
16.46025000
16.73583300
16.69445800
16.57429200
16.87958300
16.70475000
16.41408400
16.19595800
17.39162500
16.53270800
16.80629200
16.58100000
16.79920800
16.64887500
16.82695900
16.57750000
16.79112500
16.66116600
16.58433400
16.72141600
16.57416700
16.66075000
16.88387500
16.39683300
16.84845900
16.75066600
16.07550000
17.17966700
16.63362500
16.77687500
16.78200000
16.12120800
17.26862500
16.58766700
16.69875000
16.77579200
16.46058300
16.78975000
17.04350000
16.66487500
16.63154200
15.98150000
17.00200000
16.60387500
16.62358300
16.67845800
16.66020900
16.58925000
16.84895800
16.51841700
16.73591600
16.75458400
16.65575000
16.72608300
16.94283300
16.47025000
17.01058400
16.39304100
16.87970900
16.86445800
16.69195800
16.48183400
16.85395800
16.49754200
16.67250000
16.74750000
16.71770800
16.93716700
16.43441600
16.72550000
16.65275000
16.73645900
16.59283300
16.73233300
16.72670900
16.47608300
16.99045800
16.54433400
16.82691600
16.51683400
16.73966600
16.69116700
16.54666700
16.79783300
16.80729200
16.31295800
16.80012500
16.67466700
16.78445800
17.32879200
18.15133300
16.28404200
15.42733300
16.38320800
16.64645900
16.79295800
16.51016700
16.86779100
16.58291700
16.58487500
16.94529200
16.42795800
16.80062500
16.67537500
16.71412500
16.58858300
16.64404200
16.71850000
16.64229200
16.81316600
16.77075000
16.30187500
16.89483400
16.94025000
16.53954100
16.65679200
16.51545800
16.69166700
16.85158300
16.38425000
16.71845900
16.70858300
16.78891700
16.48945800
16.65525000
16.70900000
16.70554200
16.53645800
16.95633300
16.54575000
16.71529200
16.66266700
16.60495800
16.64887500
16.76950000
16.66104200
16.61745800
16.75945800
16.79895900
16.61450000
16.59408300
16.75179200
16.82787500
16.64554100
16.40925000
16.65179200
16.95108300
16.84508400
16.62004100
16.71741700
16.64858300
16.45279200
16.56362500
16.58558300
16.99491700
16.63825000
16.63441700
16.78470800
16.56341700
16.71583300
16.79154200
16.67020800
16.68479200
16.62395800
16.65770800
16.76075000
16.43825000
16.67795900
16.72104100
16.91016700
16.52616700
16.88125000
15.85904100
16.64325000
1319.13758400
18.28412500
16.85550000
17.37179100
17.21537500
17.34095900
16.93845800
17.78683300
18.32825000
17.82779200
17.40825000
17.30000000
17.26066700
17.31308300
17.50287500
17.29483300
17.52612500
17.36770900
17.51070800
17.44091700
17.35645800
17.27533300
17.60800000
17.57245900
17.44195800
18.09458300
17.64079200
17.96387500
17.39879200
17.45170800
17.62308300
17.46120900
17.38645800
17.27879200
17.42316600
17.67450000
17.70545900
17.47116600
17.43529200
17.61504200
17.28020800
17.62570800
17.56183400
17.44987500
17.70350000
18.96895800
17.52079200
17.32379100
17.39191700
17.30541700
17.04683300
17.31133300
17.42112500
17.46600000
17.61554200
17.65270800
17.36495900
17.44433300
17.44700000
17.73050000
17.32825000
17.87270800
17.80066700
17.53675000
17.23312500
17.28000000
17.38545800
17.30991700
17.26075000
17.14670800
17.16208400
17.19175000
17.22137500
17.94687500
17.97125000
17.28125000
17.45575000
17.56275000
17.55904100
17.38029200
17.73104200
17.65070800
17.62029200
17.86370800
18.24133300
17.76070900
17.46454100
17.71745900
17.63733300
17.22833300
17.16033400
17.37858300
17.11937500
17.08425000
17.06154200
15.72187500
15.76354100
15.75133400
15.57795800
15.57754200
15.69358300
15.60887500
15.82633300
15.88804200
15.76729200
14.71679100
14.82108400
15.08045800
14.81179200
15.06854100
14.91183400
15.04191600
14.69854200
15.08050000
14.81912500
14.84875000
14.73441700
14.63141600
14.59395900
15.09887500
15.13454100
15.11104200
14.96708300
15.47250000
16.06975000
16.14395900
16.03162500
16.19866600
16.11770900
16.03116600
15.89412500
16.15916700
15.98437500
16.00616700
17.12841600
17.55887500
17.38525000
17.60466700
17.66645800
17.29025000
18.01662500
17.57204200
17.75575000
18.11583300
17.62683400
17.83220800
17.42545800
17.55845900
17.33858300
17.60775000
17.50879200
17.23800000
17.49091600
17.52737500
17.59045900
17.93150000
18.02225000
17.87583300
17.83216700
16.46354100
19.88154200
18.44520800
18.00645900
18.03695800
18.08020800
18.24537500
17.84462500
17.74829200
17.88150000
18.59054200
19.50175000
19.33150000
19.21766600
18.39350000
19.30920900
18.15179100
17.81454200
17.73933300
19.02875000
18.01337500
17.75837500
17.85475000
17.89795900
17.89704100
17.66758400
18.22920800
17.97304200
17.95625000
17.98045800
18.27166700
18.01587500
18.21550000
17.90654100
18.43645900
17.88079100
17.97200000
18.54966700
20.39129200
19.39079100
19.72779200
19.83195800
18.11329200
17.97500000
18.18433300
17.89820900
18.08054100
17.66058400
17.90679100
17.98854200
18.44608300
19.03175000
18.09900000
18.14404200
17.70266700
18.15437500
17.99562500
17.55341600
18.02820900
18.38108300
18.23162500
17.60879200
18.60370800
17.73983300
18.32500000
17.92050000
17.46025000
17.90608400
16.47645800
16.92870800
18.18304200
16.60741700
17.86904100
16.71658400
16.60941600
16.90750000
17.59258400
17.95200000
17.05479100
17.95745900
17.46054100
17.25783400
17.00941600
17.19408400
18.07629100
18.07620900
17.81141600
17.75729200
17.29950000
17.07283300
17.41754200
17.65358300
17.62716700
17.67000000
17.34129200
18.08412500
16.66645800
17.56737500
18.11941700
18.54445800
18.38250000
16.60770800
17.48912500
17.70766700
18.13208300
16.81225000
16.91083400
17.73808300
17.41616700
18.41400000
18.23170800
17.77325000
17.85216700
17.89562500
17.32575000
19.06225000
18.17808300
17.85975000
16.90837500
17.96641700
18.17775000
17.79833300
17.86312500
17.83333300
17.88391700
16.71841700
16.26850000
16.14633300
16.30662500
16.31158300
16.27858400
16.10775000
16.51975000
16.19304100
16.35466700
15.24345800
15.45645900
15.65183300
15.58658300
15.06679200
15.79000000
15.71412500
15.63679200
15.07279100
15.19033400
15.42087500
15.35062500
15.06466600
15.19262500
15.13845900
15.08604100
15.23554200
15.01116700
14.99520800
15.15054200
15.67154100
15.53000000
15.44291700
16.96716700
16.58225000
16.63237500
16.44716600
16.94625000
16.42929200
16.53316700
16.47929100
16.78075000
18.16575000
18.52637500
17.91508400
18.27862500
18.37254100
18.02816700
17.87979200
18.07570800
17.89683300
18.59412500
17.73408400
18.02450000
17.99637500
18.13579100
17.99745900
17.85779100
18.30320900
18.34358300
17.82033300
17.88233400
17.97812500
17.87008300
17.74995800
17.82412500
17.85504200
17.72762500
17.87970800
17.77150000
17.82858400
18.20975000
17.78737500
17.83179100
18.82600000
17.84520900
18.88250000
17.91641600
17.86004200
18.35529200
19.02758300
18.12145800
18.81083400
17.83058300
17.84150000
18.12629200
19.22345800
17.70237500
18.05966700
18.36520800
19.02633300
18.13825000
19.17583400
19.41704100
18.14083400
18.09762500
18.13583300
18.52479200
18.67062500
18.38291600
18.64708400
19.06262500
18.01695800
17.93312500
17.81133300
18.30679200
19.58370800
18.25741700
18.24762500
17.87483300
18.28337500
18.31829200
17.90066700
19.09616600
19.39675000
18.14850000
19.97954200
20.28925000
18.90175000
18.29550000
17.92025000
18.01787500
19.02716700
18.24591600
18.12175000
17.82091700
17.90504200
18.02108300
18.21629200
18.25887500
18.15833300
18.09508300
17.99645900
18.81920800
18.54725000
18.08154200
17.99483300
18.14183300
18.33612500
18.08170900
18.20675000
18.27400000
17.65470800
18.02962500
18.00191700
17.53350000
18.16379100
16.67000000
17.52920900
18.46620800
18.16716700
18.08145800
17.76033300
18.02704200
17.98987500
16.56354200
16.79050000
17.66275000
17.47962500
16.66854100
17.39029200
18.17054200
17.82612500
17.41887500
18.66120800
17.52541700
17.78116600
18.08033400
18.52270800
18.15841700
18.37733300
17.59458300
17.94229200
17.56804200
17.61558300
17.90645800
18.46504200
18.18508300
18.34662500
17.81987500
17.90241700
18.29762500
18.16045800
17.31179200
17.28533300
18.14620900
18.00270800
18.03812500
19.25500000
18.55545800
18.43875000
17.61187500
17.58975000
17.63350000
17.44954200
16.47504200
16.23983300
16.21058300
16.20225000
16.18858400
16.94716600
16.14179200
16.30029200
16.14358300
16.12975000
16.06825000
16.21787500
16.08900000
15.78325000
15.25850000
15.09995800
15.11837500
15.15933400
15.01608300
14.95637500
15.01995800
14.96266700
15.12729200
14.94045800
15.16325000
15.59583300
15.05075000
15.21204200
15.72037500
16.31237500
16.38691700
16.65583300
16.39487500
16.52616700
16.66437500
16.47950000
16.36866600
16.28200000
17.18716700
17.75929200
17.94358300
17.79962500
17.82812500
17.88225000
17.84987500
17.63387500
17.40904200
18.07687500
17.49587500
17.65991600
18.19704200
17.79300000
17.73883300
17.64312500
17.78029200
17.78070800
17.63445900
17.50237500
17.49816600
17.46850000
17.32883400
18.17483300
17.48250000
18.40612500
17.80412500
18.92233300
18.02504200
18.96620800
18.24054200
17.51825000
18.20675000
18.70662500
17.41491700
18.43045800
18.18137500
17.86929200
18.25475000
17.56916600
18.29129200
18.27837500
17.13654200
17.48154100
18.49775000
17.53883400
18.20079100
17.36595900
17.93216600
19.14479200
17.46962500
17.24366700
17.76641600
17.39820900
18.07541600
17.14150000
17.10433400
17.93929100
17.12429200
17.13791700
17.05695800
18.12683300
17.05691700
16.81729200
16.75804100
17.20908400
17.17270800
17.95991700
17.32012500
17.14466600
16.88637500
17.56325000
18.09416700
18.32354200
17.41070800
16.83641700
17.03333300
17.29645800
16.74520900
16.97279100
18.29345900
16.91691600
16.85316700
17.82083300
17.03558400
18.37716600
17.16762500
17.96158400
17.08675000
18.22695800
16.89075000
17.11395800
16.79141700
16.77291700
16.90525000
16.77937500
16.52716600
16.89075000
16.64958400
16.47408300
16.57720800
16.47379200
17.57204200
17.06958300
16.98112500
16.73650000
16.66254200
16.57587500
16.92304100
16.79212500
16.29237500
17.29916700
16.85516700
16.60729100
16.38420900
16.74683300
16.27645800
16.39537500
16.48612500
16.83758400
18.00212500
16.62512500
16.71079100
16.58691700
16.89037500
16.62400000
16.92775000
17.51004200
16.51866600
19.04045900
16.84445800
16.12783300
17.20695900
16.45916600
16.19954200
16.17462500
16.18883300
16.44533400
16.64675000
16.43995800
16.20283300
16.41216700
16.19004200
16.88983300
16.94733300
17.03225000
17.57275000
16.42883400
16.09054100
16.17658400
16.65862500
15.94666600
16.17333400
16.27312500
16.09325000
16.20991600
15.97116700
16.13741700
16.30629100
16.18150000
16.21841700
16.06370800
16.42770900
16.09787500
15.94970800
16.49470800
16.93866700
17.64195800
17.32391700
16.17687500
15.66266700
16.21158300
15.73850000
15.40558300
15.91354200
15.76891700
15.52700000
15.14141600
14.42404200
14.23925000
14.54625000
14.77133300
14.84075000
14.33870900
14.39862500
14.35937500
14.07045800
14.26816700
14.26825000
14.25337500
14.15200000
14.12291600
14.17904200
14.02258300
14.18512500
14.13162500
13.23670900
13.07170800
13.02016700
13.03745800
13.05750000
13.23487500
14.14275000
13.15804200
14.54791600
14.61345900
14.35287500
14.36883300
15.26737500
15.03358300
16.55983400
16.65008300
16.69658300
16.68229200
16.75512500
16.67850000
16.66170800
16.73416700
16.66329200
16.62779100
16.66300000
16.70729200
16.73045800
16.64104200
16.70895800
16.64962500
16.70704200
16.71983300
16.64325000
16.67783400
16.68845800
16.68487500
16.67766700
16.70616600
16.66616700
16.69729200
16.68383300
16.68829200
16.66862500
16.68354100
16.72783400
16.62666600
16.69108400
16.65812500
16.70120800
16.69725000
16.71166700
16.66845800
16.67954200
16.69245800
16.68012500
16.65429200
16.68933300
16.67175000
16.69720800
16.68637500
16.67979200
16.70520800
16.64395900
16.71933300
16.67495800
16.71012500
16.68687500
16.64000000
16.71591700
16.62566700
16.71350000
16.63991600
16.81087500
16.68379200
16.59495800
16.72100000
16.64070900
16.75537500
16.62254100
16.66512500
16.66162500
16.74137500
16.67550000
16.65654200
16.66183300
16.71025000
16.67408400
16.73862500
16.62695800
16.70112500
16.66575000
16.77425000
16.59904200
16.66041600
16.72262500
16.65862500
16.66704200
16.76125000
16.63541700
16.69991600
16.70145900
16.62287500
16.68504100
16.71841700
16.66704200
16.68687500
16.68275000
16.67100000
16.67145800
16.70516700
16.66304100
16.68154200
16.70445800
16.67770900
16.65641600
16.69941700
16.67354200
16.71129100
16.68012500
16.68437500
16.65816700
16.78595800
16.58966700
16.66233300
16.72829200
16.65566700
16.66633300
16.78533300
16.59750000
16.72262500
16.68116700
16.67875000
16.71316700
16.65970800
16.70391700
16.61187500
16.74070800
16.60125000
16.75537500
16.62654200
16.67862500
16.69558300
16.67345800
16.74512500
16.68883400
16.61079100
16.72533400
16.70962500
16.63529100
16.67058400
16.66858300
16.73562500
16.73666700
16.58245800
16.80537500
16.64091700
16.65150000
16.67112500
16.69162500
16.71754100
16.74612500
16.66595900
16.56391600
16.71354200
16.66637500
16.74229200
16.70687500
16.61425000
16.72975000
16.65850000
16.62941600
16.72479200
16.85487500
16.57720800
16.64395900
16.64475000
16.70929100
16.64275000
16.75000000
16.67720900
16.62662500
16.82012500
16.58804100
16.65787500
16.67379200
16.72541700
16.69662500
16.66020800
16.69683300
16.62345900
16.72858300
16.65804200
16.66341600
16.67854200
16.67212500
16.68054200
16.68291600
16.69454200
16.67162500
16.68625000
16.67862500
16.70650000
16.66525000
16.69958300
16.67704200
16.68420800
16.66966700
16.67995800
16.69945900
16.69725000
16.65833300
16.70787500
16.68758300
16.65600000
16.68000000
16.70166700
16.68070800
16.67145900
16.69412500
16.68070800
16.68862500
16.67829200
16.72412500
16.65333300
16.67979200
16.69070800
16.66429200
16.69275000
16.72954100
16.64087500
16.67750000
16.71016700
16.68350000
16.66116700
16.70829100
16.64945900
16.70383300
16.66445800
16.68308400
16.68712500
16.68825000
16.68212500
16.68379100
16.70404200
16.66112500
16.68129200
16.71745800
16.65025000
16.68900000
16.67404200
16.68291600
16.68804200
16.69245800
16.68904200
16.66487500
16.68733300
16.75850000
16.66937500
16.71766700
16.70395800
16.65370900
16.69545800
16.68470800
16.61866700
16.68458300
16.74087500
16.65879200
16.69475000
16.70995800
16.66666700
16.64779200
16.71883300
16.68079200
16.69829100
16.65029200
16.66520800
16.70262500
16.60070900
16.79566600
16.62962500
16.72104200
16.67075000
16.67670800
16.65262500
16.71925000
16.69162500
16.67383400
16.61187500
16.72675000
16.73383300
16.64862500
16.70012500
16.66862500
16.70162500
16.70016700
16.63570800
16.65266700
16.71341600
16.69029200
16.64483300
16.70500000
16.69754200
16.65079200
16.72991600
16.61725000
16.76258400
16.60933300
16.74745800
16.61845900
16.69437500
16.73170800
16.62450000
16.75550000
16.72579200
16.55458300
16.75116700
16.61212500
16.71566600
16.65875000
16.68229200
16.69962500
16.70416700
16.65529100
16.73758400
16.62745800
16.68954200
16.68779100
16.73395900
16.64762500
16.68525000
16.65616600
16.68341700
16.69141700
16.67608300
16.70462500
16.68570800
16.65137500
16.71550000
16.65658400
16.67391600
16.75175000
16.61466700
16.68375000
16.70429200
16.68383300
16.80108300
16.63054200
16.67245800
16.69391700
16.77375000
16.61879200
16.70529100
16.70237500
16.68104200
16.67787500
16.65387500
16.68170800
16.56683400
16.70829100
16.65895900
16.74212500
16.67083300
16.64983300
16.69812500
16.69370900
16.66270800
16.68933300
16.68345900
16.67854100
16.68775000
16.72470900
16.65858300
16.72020800
16.71970900
16.68725000
16.75216600
16.55441700
16.75241700
16.61812500
16.76100000
16.58058300
16.82529200
16.60237500
16.67029100
16.59237500
16.68487500
16.71595900
16.66537500
16.66841600
16.70287500
16.66312500
16.69612500
16.69145900
16.66550000
16.69391600
16.68000000
16.68225000
16.68741700
16.68454200
16.66541600
16.68804200
16.69775000
16.66533300
16.69162500
16.67804200
16.68795800
16.67700000
16.68354200
16.69045800
16.67550000
16.68458400
16.68166600
16.71387500
16.67529200
16.74950000
16.74533300
16.55304200
16.81095800
16.61916700
17.19258300
16.23862500
16.62645900
16.82845800
16.69079200
16.65295800
16.71725000
16.49887500
16.74450000
16.82875000
16.66812500
16.77141700
16.85975000
16.48966600
16.60512500
16.83895900
16.65141600
16.56958400
16.81683300
16.72200000
16.55020800
16.75462500
16.72583400
16.55550000
16.85966600
16.39345900
16.80033300
16.79658300
16.73141700
16.58212500
16.86287500
16.70462500
16.52254200
16.89908300
16.69575000
16.54370800
16.80112500
16.68879200
16.60241700
16.73008300
16.67875000
16.61179200
16.77587500
16.68679100
16.69095900
16.52562500
16.82433300
16.65133300
16.69091700
16.65266700
16.59979100
16.81729200
16.60975000
16.75475000
16.61841700
16.69066600
16.62920900
16.67704100
16.64583400
16.75487500
16.63370800
16.74795800
16.81666700
16.66533300
16.53120900
16.59566600
16.77608400
16.60275000
16.90358300
16.60854200
16.59262500
16.67700000
16.74870800
16.75512500
16.72345800
16.53975000
16.73112500
16.68645900
16.68987500
16.65895800
16.69862500
16.65629200
16.69104100
16.64683400
16.67370800
16.68508300
16.71625000
16.73058400
16.56212500
16.80291600
16.73616700
16.49604200
16.91687500
16.55325000
16.71041600
16.66008400
16.59820800
16.66570800
16.72095900
16.68691600
16.69620900
16.78062500
16.59408300
16.76070800
16.59870900
16.55687500
16.94366600
16.60062500
16.55920900
16.75850000
16.68191600
16.69691700
16.75454200
16.72162500
16.55129100
16.75925000
16.59512500
16.60383400
16.81808300
16.70325000
16.65762500
16.64937500
16.81212500
16.48070800
16.75854200
16.58908300
16.64366700
16.84620800
16.59987500
16.65816700
16.70579200
16.68379100
16.78079200
16.80370800
16.64154200
16.54879200
16.69462500
16.78983300
16.68804200
16.49995800
16.70383300
16.75254200
16.75095800
16.70500000
16.45300000
16.67870900
16.81012500
16.85366600
17.35941700
16.01916700
16.66833300
16.74062500
16.78216700
16.53570800
16.80095800
16.46608400
16.70675000
16.68804100
16.49941700
16.74275000
16.64825000
16.92354200
16.63070800
16.75820800
16.47783400
16.73537500
16.73162500
16.53150000
16.73016600
16.77504200
16.62029200
16.77441600
16.63833400
16.66004100
16.73845900
16.70795800
16.74675000
16.76679200
16.60670800
16.45666700
16.73175000
16.55891600
16.69058400
16.68158300
16.75475000
16.38683300
16.91575000
16.70400000
16.51604200
16.80795800
16.71075000
16.56175000
16.72262500
16.97608400
16.61408300
16.57216700
16.60775000
16.64920800
16.77666700
16.64575000
16.60062500
16.89400000
16.62233300
16.61945800
16.60829200
16.70929200
16.71458300
16.69687500
16.66312500
16.65762500
16.94662500
16.63141700
16.59970800
16.69062500
16.56933300
16.76637500
16.69337500
16.67166700
16.66670800
16.69437500
16.56608400
16.84254100
16.65191700
16.64708300
16.65545900
16.59683300
16.76562500
16.74087500
16.67429200
16.72895800
16.82979200
16.55787500
16.51983300
16.93541700
16.56679100
16.58712500
16.77675000
16.73329200
16.57550000
16.82979200
16.56154100
16.81050000
16.72054200
16.68187500
16.54075000
16.86783300
16.56337500
16.71337500
16.66537500
16.74208400
16.58425000
16.82233300
16.62208300
16.76233400
16.67429100
16.72120900
16.67891600
16.64529200
16.69833300
16.60320900
16.79816600
16.65854200
16.82287500
16.61850000
16.56612500
16.51400000
16.92300000
16.51700000
16.82166700
16.66145800
16.53025000
16.96141700
16.64237500
16.42020800
16.95375000
16.53725000
16.73620800
16.64325000
16.64437500
16.63033400
16.72575000
16.63708300
16.75262500
16.60337500
16.87658300
16.49183400
16.66775000
16.78241600
16.54212500
16.75087500
16.79045900
16.43066600
16.93341700
16.65775000
16.58054200
16.77683300
16.79758300
16.39158400
17.00625000
16.47241600
16.70004200
16.83950000
16.60041700
16.56379100
16.95466700
16.28541700
16.80641600
16.78729200
16.68312500
16.56241700
16.67354100
16.64833400
16.83895800
16.64237500
16.77116700
16.62537500
16.63029100
16.56845900
16.78070800
16.71587500
17.64683300
15.84420900
16.57733300
16.61091700
16.70050000
16.66420800
16.66487500
16.71366700
16.69075000
16.64258300
16.81208300
16.94583400
16.33216600
16.73212500
16.63445900
16.59079100
16.79816700
16.55662500
16.70350000
16.67312500
16.67870800
16.62191700
16.77808300
16.62404200
16.70762500
16.54066700
16.84650000
16.56145800
16.79533300
16.67883400
16.62208300
16.71887500
16.71066700
16.59508300
16.75895800
16.69341700
16.63116700
16.75029100
16.67183400
16.68541600
16.70704200
16.63787500
16.77729200
16.59587500
16.65616600
16.68550000
16.73466700
16.60137500
16.85612500
16.56433300
16.61570900
16.75558300
16.77995800
16.56833400
16.87541600
16.71954200
17.06791700
16.11241600
16.68454200
16.62741700
16.63450000
16.73891600
16.69933400
16.58970800
16.71808300
16.54216700
16.87395800
16.69112500
16.53183400
16.78258300
16.72279200
16.80770800
16.56500000
16.68583300
16.60354200
16.76712500
16.63720800
16.54587500
16.84691700
16.70558300
16.54741700
16.77679200
16.75345800
16.56841700
16.74600000
16.64279100
16.60804200
16.79900000
16.78045800
16.63387500
16.70733400
16.78950000
16.60800000
16.73837500
16.66741600
16.60650000
16.65187500
16.66225000
16.64516700
16.68112500
16.63875000
16.77708300
16.69637500
16.77283400
16.60433300
16.49883300
16.81066700
16.65625000
16.73758300
16.67412500
16.65887500
16.68112500
17.42950000
16.15358400
16.68416600
16.61412500
16.69866700
16.51133300
16.75504200
17.33462500
16.20366700
16.85079100
16.40687500
16.72975000
16.71804200
16.72225000
16.58016700
16.61629100
16.75066700
16.67241700
16.72641600
16.85712500
16.51479200
16.63808300
16.69712500
16.82187500
16.56329200
16.78854200
16.57841600
16.82933400
16.65375000
16.78704100
16.50287500
16.88145900
16.51845800
16.54062500
17.20833300
16.42850000
16.67087500
16.62754200
16.68029200
16.69200000
16.66162500
16.55408300
16.66529200
17.01195800
16.35133300
16.89929200
16.77720800
16.50962500
16.80662500
16.52475000
16.60354200
16.81270800
16.63970900
16.66916600
16.87837500
16.56695900
16.66229100
16.69200000
16.67079200
16.54291700
17.26083300
16.53504200
16.34037500
16.71858300
16.81975000
16.55300000
16.71116700
16.73925000
16.40233300
16.76608300
17.18333400
16.16937500
16.98462500
16.36295800
16.69062500
16.82666700
16.62358300
16.52337500
16.86241700
17.00070800
16.30012500
16.73762500
16.72141700
16.71825000
16.56454100
16.68458400
16.73429100
16.64516700
16.71412500
16.76329200
16.55887500
16.83408300
16.52475000
16.65345800
16.76458400
16.63070800
16.78137500
16.83483300
16.43025000
16.81766700
16.49183300
16.74516700
16.67150000
16.58783300
16.74000000
16.74354200
16.72454200
16.78500000
16.57412500
16.63100000
16.95729100
16.39050000
16.61570900
16.67395800
16.84729200
16.59954100
16.97145900
16.41633300
16.69866700
16.63679100
17.34983400
16.19529100
16.51712500
16.93825000
16.55629200
16.78654200
16.53383300
16.48479200
16.81745800
16.82500000
16.53329200
16.93066600
16.97754200
16.53091700
16.88795800
16.37054200
16.47837500
16.76554100
16.69995900
16.83266600
16.49475000
16.64075000
16.73237500
16.82929200
16.61720800
16.56775000
16.68362500
16.62387500
16.78362500
16.65483400
16.61195800
16.64979200
16.78404100
16.51895900
16.76058300
16.81195800
16.46470900
16.78595800
16.71675000
16.53254200
16.75591600
16.78958400
16.55250000
16.70862500
16.68679100
16.61729200
16.76708300
16.67612500
16.58475000
16.84712500
16.59650000
16.76925000
16.72733400
16.53487500
16.72266600
16.99420900
16.56504100
16.56304200
16.63758300
16.64012500
16.83762500
16.55620900
16.64004100
16.58104200
16.68195800
16.72279200
16.56995800
16.77870900
16.66558300
16.61479200
16.82895800
16.57962500
16.75458300
16.44887500
16.91575000
16.78066700
16.53662500
16.62204200
16.76833300
16.79312500
16.42429200
16.73070800
16.71929200
16.66583300
16.78770800
16.58741700
16.60525000
16.80566700
16.71258300
16.58354200
16.90304100
16.69079200
16.61583300
16.66395900
16.60729100
16.64287500
16.73104200
16.69566700
16.61095800
16.71320800
16.68570900
16.63458300
16.77875000
16.64279200
16.62058300
16.73625000
16.67237500
16.62245800
16.78833400
17.12395800
16.21112500
16.71354200
16.64512500
16.48079100
16.87758400
16.76483300
16.57725000
16.75408300
16.65662500
16.75150000
16.90270900
16.92791600
16.46391700
16.59512500
16.65604200
16.61279100
16.69350000
16.73462500
16.66783400
16.73400000
16.68316600
16.62391700
16.70704200
16.59354100
16.73083400
16.73004100
16.63216700
16.72550000
16.67937500
16.77958300
16.62779200
16.72945800
16.55216700
16.72737500
16.68462500
16.68491700
16.77487500
16.71087500
16.68241600
16.69975000
16.66475000
16.63012500
16.62370900
16.55216600
16.86091700
16.71016700
16.78212500
16.45170800
16.77687500
16.73975000
16.52387500
17.07770800
16.49312500
16.65116700
16.79729200
16.54325000
16.69479100
16.63916700
16.71395800
16.96229200
16.38991700
16.89033300
16.33825000
16.77629200
16.71954100
16.62654200
16.73650000
16.76266700
16.53491600
16.75462500
17.10695900
16.56262500
16.52304100
16.68695900
16.65987500
16.57116600
16.69029200
16.64129200
16.71075000
16.61108300
16.78437500
16.64137500
16.60216700
16.54933300
16.97233300
16.50275000
16.72862500
16.70125000
16.68658400
16.88033300
16.55679200
16.59591600
16.83820900
16.55000000
16.70170800
16.69733300
16.69616700
16.62804200
16.81487500
16.61716600
16.53312500
16.82725000
16.64279200
16.56629200
16.84629100
16.71312500
16.54887500
16.74120900
16.81554100
16.41487500
16.90116700
16.55504200
16.66154100
16.66812500
16.88020900
16.48779100
16.84775000
16.59595900
16.62983300
16.87291700
16.59375000
16.71616600
16.61883400
16.52554100
16.89612500
16.70566700
16.64812500
16.65320800
16.69279200
16.55954200
16.94570800
16.59241700
16.52579100
16.77341700
16.66816700
16.59904100
16.72729200
16.84658300
16.47308400
16.92358300
16.63558300
16.50479200
16.72579200
16.70462500
16.63391600
16.74941700
16.78858300
16.56516700
16.63912500
16.87175000
16.47425000
16.75700000
16.76112500
16.53895800
16.72179200
16.93275000
16.49316700
16.67641600
16.59583400
16.54345800
16.76779200
16.62395800
16.63291700
16.69654100
16.72800000
16.60462500
16.81608400
16.62766600
16.56820900
16.79662500
16.68216600
16.66454200
16.76408300
16.58437500
16.75445900
16.71866600
16.65050000
16.59045900
16.75187500
16.75404100
16.64966700
16.72358300
16.54879200
16.78087500
16.68054200
16.54875000
16.74229100
16.74900000
16.60600000
16.89762500
16.84466700
16.57758300
16.72300000
16.45654200
16.73412500
16.63487500
16.70362500
16.64720800
16.73858400
16.72212500
16.56183300
16.71933300
16.73091700
16.43991700
16.91637500
16.62716600
16.61350000
16.82050000
16.66125000
16.84987500
16.47295900
16.72362500
16.57608300
16.77266700
16.70037500
16.56629100
16.74862500
16.73458400
16.58491600
16.78804200
16.68108300
16.56887500
16.78300000
16.71095900
16.72670800
16.67575000
16.66479200
16.65929100
16.70262500
16.68479200
16.69554200
16.66270800
16.71241700
16.62266600
16.85416700
16.54912500
16.80816700
16.77079100
16.49770900
16.83050000
16.63887500
16.54916600
16.78666700
16.52854200
16.79970800
16.75995800
16.71950000
16.52033400
16.85500000
16.68870800
16.72637500
16.59012500
16.68433300
16.57491700
16.82654200
16.59704100
16.65708400
16.87762500
16.62316600
16.62779200
16.75337500
16.65375000
16.58745800
16.79879200
16.59412500
16.70083300
16.68350000
16.63879200
16.84162500
16.65562500
16.65037500
16.65329200
16.58566600
16.83041700
16.42645800
16.85150000
16.85387500
16.42041700
16.83904200
16.61066600
16.73533400
16.68458300
16.63958300
16.51654200
16.90387500
16.69870800
16.66104200
16.61895800
16.54708400
16.99887500
16.65820800
16.68104200
16.65791600
16.53679200
16.67054200
16.71916600
16.73908400
16.67979100
16.66141700
16.72425000
16.72991700
16.66387500
16.66687500
16.69691600
16.56079200
16.72975000
16.61420800
16.73833400
16.65170800
16.72737500
16.92708300
16.45416700
16.59970800
16.83370900
16.67633300
16.53204200
16.85075000
16.68425000
16.44037500
16.88333300
16.63137500
16.61720800
16.73945900
16.59087500
16.78279100
16.66725000
16.72379200
16.60804200
16.70858300
16.82525000
16.54854200
16.73562500
16.72829100
16.65204200
16.67233300
16.76283400
16.56891600
16.68620900
16.78433300
16.62741700
16.69037500
16.63575000
16.65075000
16.74595800
16.54629200
16.87362500
16.73608300
16.41633300
16.89283400
16.57304100
16.57383400
16.84716600
16.59279200
16.67062500
16.74700000
16.65400000
16.58695800
16.77791700
16.83383300
16.68545900
16.52683300
16.75208300
16.59816700
16.64158300
16.78295900
16.57141600
16.78404200
16.73566700
16.49000000
16.74325000
16.99233300
16.46912500
16.66516700
16.23879100
17.02033400
16.82625000
16.63062500
16.61591600
16.75979200
16.70879200
16.58991600
16.78195900
16.68995800
16.71416700
16.63670800
16.65341700
16.71295800
16.73604200
16.84041600
16.69350000
16.56508400
16.52995800
16.69004200
16.63866600
16.60437500
16.72754200
16.67470800
16.61983400
16.73487500
16.75000000
16.50508300
16.79820800
16.49837500
16.72037500
16.84204200
16.68037500
16.58879200
16.70950000
16.75495800
16.54833300
16.77825000
16.64837500
16.63000000
16.78379200
16.67375000
16.56716700
16.76200000
16.74483300
16.62720800
16.78920900
16.56137500
16.61866600
16.93966700
16.75483300
16.50595900
16.80275000
16.60012500
16.50508300
16.79183300
16.77700000
16.62200000
16.74037500
16.58208400
16.64220800
16.78829200
16.62995800
16.66816700
16.68383300
16.69220800
16.68300000
16.67483400
16.67970800
16.58075000
16.82095800
16.67116700
16.65916700
16.73754100
16.55741700
16.83925000
16.69979200
16.52900000
16.72550000
16.77150000
16.55954100
16.74195900
16.75395800
16.55562500
16.80508300
16.73033400
16.67233300
16.72516700
16.66979100
16.57312500
16.78912500
16.74895900
16.59445800
16.83450000
16.67137500
16.60120800
16.66879200
16.71133300
16.66729200
16.77508300
16.67200000
16.46029200
16.90029200
16.62391600
16.59350000
16.76320900
16.78225000
16.53020800
16.73945800
16.54608400
16.70208300
16.83058300
16.76404200
16.41520800
16.98541700
16.60379200
16.58291600
16.93200000
16.70129200
16.61191700
16.64525000
16.72041600
16.70108400
16.64733300
16.74362500
16.62541700
16.78233300
16.50779200
16.77175000
16.55308300
16.82058300
16.61612500
16.67829200
16.63858300
16.78120900
16.58420800
16.77129200
16.58179100
16.84491700
16.50545800
16.74679200
16.68079200
16.70725000
16.59270800
16.78675000
16.54904200
16.80395800
16.54845800
16.66083400
16.61804100
16.87616700
16.54254200
16.84295800
16.57500000
16.71391700
16.66312500
16.72870800
16.54979200
16.82812500
16.60479100
16.57037500
16.81870900
16.75154100
16.49316700
16.81925000
16.68912500
16.66275000
16.60662500
16.80791700
16.55137500
16.74445800
16.62433300
16.77812500
16.60329200
16.69675000
16.60754200
16.76075000
16.76800000
16.78758300
16.54837500
16.58866700
16.75304100
16.65441700
16.57554200
16.93129100
16.53541700
16.71691700
16.67741600
16.71475000
16.41283400
16.94754100
16.60933400
16.71541600
16.62566700
16.80133300
16.55337500
16.80454200
16.64308300
16.65379200
16.70329200
16.76408300
16.55975000
16.73445800
16.67300000
16.65954200
16.73770800
16.65291700
16.54395800
16.81954200
16.72341700
16.63029100
16.67775000
16.94462500
16.70429200
16.54145800
16.53004200
16.65091700
16.67975000
16.71512500
16.46820800
16.81575000
16.74237500
16.70600000
16.64804200
16.65908300
16.70258300
16.81854200
16.58420800
16.68816700
16.46754200
16.87708300
16.67916700
16.64666600
16.58154200
16.84195800
16.89166700
16.80525000
16.67679200
16.76854100
16.46816700
16.69420800
16.61237500
16.71191700
16.72895800
16.90558400
16.42508300
17.01054200
16.54783300
16.67808300
16.48095900
16.83508300
16.44354200
16.78883300
16.55662500
16.62925000
17.01637500
16.55137500
16.60712500
16.74254200
16.61691600
16.67962500
16.76570900
16.62037500
16.77408300
16.51737500
16.81779200
16.62095800
16.67520800
16.61779200
16.61379200
16.86766600
16.64237500
16.55837500
16.81516700
16.70616700
16.66145800
16.73091700
16.66395800
16.65170800
16.66704200
16.61441700
16.74016600
16.75537500
16.51833400
16.70750000
16.77387500
16.75820800
16.59704200
16.67595800
16.66066700
16.69550000
16.74270800
16.68679200
16.69354100
16.71745900
16.70908300
16.58954200
16.67433300
17.78804200
15.74883300
16.82533300
16.49158400
16.73033300
16.76733300
17.07875000
16.36866700
16.97829200
16.56233300
16.67108300
16.61416700
17.06887500
16.47383300
16.46275000
16.68625000
16.89208400
16.72816600
16.49900000
16.64262500
16.65141700
16.70270800
17.19404200
16.28662500
16.82450000
16.59012500
16.56129200
16.51016600
16.83716700
16.43741700
16.68008300
16.64233300
16.70720900
16.70620800
16.56320800
16.69491700
16.75733300
16.59495900
16.67962500
16.71070800
16.69879200
16.53837500
16.75408300
16.66279200
16.64966600
16.70791700
16.67158300
16.68358400
16.83445800
16.53979200
16.65066600
16.70283400
16.77345800
16.68375000
16.59345800
16.73050000
16.61495900
19.12429100
16.07104200
15.67612500
17.93125000
20.67762500
11.17462500
21.48012500
12.44183300
15.75558400
16.80470800
16.63704200
16.66487500
16.55104100
16.77629200
16.59170800
16.70725000
16.71445900
16.99558300
16.87312500
16.37941700
16.81645800
16.35070800
16.65908400
16.65020800
16.71941700
16.68975000
16.72845800
16.64062500
16.69945800
16.58158400
16.79804100
16.69400000
16.61187500
16.73333400
16.53945800
16.79858300
16.70525000
16.52995900
16.76483300
16.74545800
16.62879200
16.75508300
16.64766700
16.71462500
16.70512500
16.66925000
16.56966700
16.78633300
16.80825000
16.61645800
16.92362500
16.49895900
16.67183300
16.51950000
16.90795800
16.41933400
16.71875000
16.68258300
16.62491700
16.72987500
16.67329100
17.91170900
15.52000000
16.87058300
16.45312500
16.78233300
16.80200000
16.78375000
16.86495900
16.77091600
16.33341700
16.68995800
16.70062500
16.34583400
16.76750000
16.76404100
16.56750000
16.65054200
16.76875000
16.75612500
16.66087500
16.67987500
16.72895800
16.50445900
16.74454100
16.72937500
16.70187500
16.69520900
16.64450000
16.69220800
16.60525000
16.69825000
16.66883300
16.59341700
16.79150000
16.74625000
16.50933300
16.82550000
16.65700000
16.52041700
16.88441700
16.59950000
16.62562500
16.84266600
16.54962500
17.12416700
16.46445800
16.48450000
16.68366700
16.72695800
16.78337500
16.56362500
16.71375000
16.88395900
16.52045800
16.75641700
16.69391600
16.54641700
16.75779200
16.57087500
16.69691600
17.39791700
16.23837500
16.67645800
16.51683400
16.64441600
16.72195900
16.68700000
16.92129100
16.50575000
16.78045900
16.45687500
16.87629100
16.61970900
16.53062500
16.84304100
16.51100000
16.73054200
16.75400000
16.82166700
17.07475000
16.26862500
16.68879100
16.88283400
16.41200000
16.86916600
16.31837500
16.97366700
16.44041700
16.68137500
17.02291600
16.54154200
16.70108300
16.70833400
16.53687500
16.59150000
16.79020800
16.75712500
16.77429200
16.52745800
16.74033300
16.74870900
16.44604100
16.81779200
16.67979200
16.78879100
16.60658400
16.68150000
16.71116600
16.63870900
16.66379100
16.82770900
16.67895800
16.59308300
16.66800000
16.61958400
16.57708300
17.06325000
16.45508300
16.60679200
16.77566700
17.23250000
16.13633300
16.95845800
16.47000000
16.91366700
16.66112500
16.70508300
16.43845900
16.58791600
16.65875000
16.84170900
16.60070800
16.78175000
16.35562500
16.77850000
16.70708300
16.72491700
16.85466700
16.36237500
17.10104100
16.61829200
16.40012500
16.68791700
16.79925000
16.71008300
16.63037500
16.57658300
16.64233400
16.86900000
16.66304100
16.63600000
16.58625000
16.77958400
16.71841600
16.62966700
16.67387500
16.61779200
16.65087500
16.85908300
16.74641700
16.68570800
16.83266700
16.62045800
16.54587500
16.66570800
16.60250000
16.52120900
16.68720800
16.79033300
16.86137500
16.46616700
16.77320800
16.71820900
16.59579100
16.62529200
16.85333300
16.66520900
16.72691600
16.56141700
16.71362500
17.06158300
16.50541700
16.99604200
16.38579100
16.49716700
16.75554200
16.67670800
16.74020800
16.35737500
16.98558400
16.62816600
16.68504200
16.66604200
16.69166600
16.65020900
16.73500000
16.71695800
16.69966700
16.67637500
16.98704100
16.41558400
16.74025000
16.60362500
16.58020800
16.88775000
16.73929200
16.59595800
16.73166700
16.73720800
16.62450000
16.69050000
16.60550000
16.74208300
16.53020900
16.84183300
16.49537500
16.83804200
16.91854100
16.33412500
16.79287500
17.02779200
16.34825000
16.94166700
16.49487500
16.56533300
16.96570800
16.57712500
16.54575000
16.89933400
17.01958300
16.27366700
16.71133300
17.11654200
16.48000000
16.38058300
16.74737500
16.72666700
16.58766600
16.66270900
16.81683300
16.76958300
16.52537500
16.76004200
16.71979200
16.56625000
16.63645800
16.71362500
16.68129200
16.50937500
16.90466600
16.48987500
16.77316700
16.61966700
16.59050000
17.05754100
16.45612500
16.59500000
16.70333400
16.66270800
17.03654200
16.35008300
16.70129200
16.62379100
16.70691700
16.74691700
16.59783300
16.89220800
16.54770900
16.68491600
16.75470900
16.74333300
16.47591700
16.86291600
16.51745900
16.68879100
16.63687500
16.73362500
16.60383400
16.70700000
16.94291600
16.45079200
16.70283300
16.73145900
16.67425000
16.64683300
16.58162500
17.64883300
16.51008400
16.58450000
18.38350000
15.15837500
17.09200000
16.07087500
16.64366600
17.09579200
16.86420800
16.68683400
16.17308300
18.14070800
15.97395900
17.20300000
15.53525000
16.74891600
16.66079200
17.42808300
16.07095900
16.64000000
16.73208300
75.86641700
58.88875000
35.43466600
38.59266700
18.31370800
18.88470900
16.22404100
16.28687500
16.13883400
17.02800000
14.25345800
14.68437500
15.19812500
13.71895800
14.17995900
14.44883300
14.70475000
14.45691700
14.28608300
13.86341700
13.88816600
13.69550000
13.85412500
13.71254200
13.80345800
13.28095900
13.99816600
14.17650000
14.28787500
13.92379200
13.64812500
13.34020800
14.59304200
14.36700000
14.10441700
12.45741600
12.00883400
12.94525000
12.56208300
12.05420800
12.83308400
12.63320800
14.89654200
16.71045800
16.52145800
16.61145900
16.68470800
16.70683300
16.27258400
17.30058300
16.34920800
16.62416700
16.71137500
16.51512500
16.48945800
16.80508400
16.85612500
16.35804100
16.83575000
16.76741700
16.59116700
16.84625000
16.61400000
16.67704100
16.70904200
16.51495800
16.71562500
17.24395900
16.26433300
16.75508300
16.70925000
16.45212500
16.70766700
16.72320800
16.76812500
16.53304200
16.52929200
16.90566600
16.62545900
16.71150000
16.84595800
16.50941700
16.71829100
16.83995900
16.70179100
16.64141700
16.70045800
16.58591700
16.66962500
16.67729200
16.72604100
16.73212500
16.65370900
16.62675000
16.65262500
16.70708300
16.81254200
16.68775000
16.94291600
16.47691700
16.94666700
16.51645800
16.65875000
16.55575000
16.75608300
16.41041700
16.93754200
16.64770800
16.64504200
16.83550000
16.59954100
16.71333400
16.54766600
16.75820900
16.77920800
16.66975000
16.59241700
16.72483300
16.67475000
16.48879200
17.02708300
16.61533300
16.52150000
17.00195900
16.47879100
16.50529200
16.97445800
16.56033400
16.59433300
16.82645800
16.67320900
16.56629100
16.86808400
16.51200000
16.89470800
16.64162500
16.42929200
16.89100000
16.54466600
16.69412500
16.64375000
16.57058400
17.01600000
16.55929100
16.68916700
16.60579200
16.71883300
16.81641700
16.53900000
16.60958300
16.77395800
16.56570900
16.71000000
16.74358300
16.60487500
16.74220800
16.87216700
16.46579200
16.81879100
17.03175000
16.68029200
16.45395800
16.60195900
16.58795800
16.59283300
16.74516700
16.53958300
16.71804200
16.66700000
16.81095800
16.76529200
16.70758300
16.54412500
16.77033400
16.63050000
16.73583300
16.53904200
16.91116600
16.50358400
16.64462500
16.77479100
16.40429200
17.12600000
16.52604200
16.57770800
16.57904200
16.75866600
16.66850000
16.64950000
16.77929200
16.73770800
16.61633400
16.62000000
16.78966600
16.67754200
16.57108300
16.93654200
16.55966700
16.51537500
16.87391600
16.47816700
16.77116700
16.64462500
16.66320800
16.94654200
16.48062500
17.07541600
16.88779200
16.29954200
19.80179100
13.88741700
16.82191700
16.94787500
16.56300000
16.63183300
16.64633300
16.67779200
16.72704200
17.15850000
16.44541600
16.81575000
16.24470900
16.75554100
16.95483400
16.83287500
16.59566600
16.90529200
16.58908300
16.71400000
21.66137500
22.58170900
27.63625000
27.23666600
27.13887500
20.85362500
16.96850000
15.94900000
15.70529200
15.74837500
15.83525000
15.60200000
15.47058300
15.63795900
15.59929100
14.63783400
15.76037500
15.94979100
14.57250000
13.83625000
13.95495900
14.14158300
15.02870800
14.26437500
16.46579200
33.89675000
23.91325000
24.98683300
23.64579200
19.64841700
17.72991600
21.71837500
22.05745900
19.93783300
18.97679200
20.31862500
23.93925000
25.54750000
23.51945800
21.46383300
17.40629200
18.47920800
18.70079200
17.34987500
18.35245800
18.13579200
17.40441700
16.53545800
17.40541700
15.97708300
16.63937500
15.21162500
15.49933300
15.13737500
14.04854200
13.91804200
14.61387500
14.13750000
14.19887500
14.46916600
14.35395900
13.96133300
13.74941700
13.92429100
13.83675000
14.01258400
14.01766600
13.52300000
14.13054200
13.84541700
13.69125000
12.57425000
12.40808300
12.57416700
12.32208300
12.50000000
12.56362500
12.71408300
12.12050000
12.45745900
12.63325000
12.46862500
16.27933300
16.68679200
16.64716600
16.71208400
16.71229100
16.72437500
16.60733400
16.67850000
16.77145800
16.42966700
16.77145800
16.65533300
16.66483400
16.74350000
16.58929100
16.77862500
16.84154200
16.46375000
16.70762500
16.94887500
16.29333300
16.87154200
16.67445800
16.64695900
16.68175000
16.75850000
16.62420800
16.67087500
16.52779200
16.81304100
16.52095900
16.71225000
16.90120800
16.39183300
16.86112500
16.61554200
17.12516700
16.66083300
16.32312500
16.98050000
16.45204200
16.73433300
16.81383300
16.45175000
16.63337500
16.93800000
16.49375000
16.88645900
16.76429100
16.76070900
16.62087500
16.63762500
16.60354100
16.53445900
16.84845800
16.54358300
16.91495900
16.57112500
16.47808300
16.68929200
16.73412500
16.70754100
16.70812500
16.53166700
16.82633300
16.58204200
16.72850000
16.46183300
16.88629200
16.59516700
16.69708300
16.79054200
16.63283300
16.52104200
16.70587500
16.63920800
16.67166700
16.79741600
16.71050000
16.77900000
16.61350000
16.79687500
16.54341700
16.64233300
16.86829200
16.46970800
16.85375000
16.48558400
16.97895800
16.50412500
16.69254200
16.59908300
16.64837500
16.66983300
16.70525000
16.62725000
16.90312500
16.66483400
16.59950000
16.83700000
16.49654100
17.16320900
16.40687500
16.49704100
16.72679200
16.63108300
16.58429200
16.63654200
16.75750000
16.58550000
16.74354100
16.82904200
16.63466700
16.53687500
16.83841600
16.73287500
16.51762500
16.74012500
16.73470900
16.62325000
16.50345800
16.79691700
16.55529100
16.75991700
16.73029200
16.70170800
16.58041700
17.11233300
16.72062500
16.33462500
16.87987500
16.47716700
16.84525000
16.63295800
16.60620800
16.57962500
16.90062500
16.60341700
16.67537500
16.61141700
16.86262500
16.78454100
16.50745900
16.60625000
16.72204100
17.07475000
16.26658400
16.84104100
16.54758400
16.69712500
16.64687500
16.76183300
16.77804200
16.38641600
16.90704200
16.52579200
16.83550000
16.75241600
16.41758400
16.77616600
16.69491700
16.77829200
16.78391600
16.73945900
16.25937500
16.83787500
16.49358300
16.85191700
16.74041600
16.54083400
16.62104100
16.64112500
16.84483400
16.74820800
16.56820800
16.82775000
16.55841700
16.64550000
16.78370800
16.65475000
16.55658400
16.77616600
16.73770900
16.90537500
16.47362500
16.68350000
16.80225000
16.71295800
16.61966700
16.75375000
16.62800000
16.68629100
16.63079200
16.61941700
17.36129100
19.86725000
13.03025000
16.59204200
16.83637500
16.74933300
16.69170900
16.62025000
16.76216600
16.71558400
16.59941600
16.71954200
18.04537500
15.44775000
16.54108300
16.74929200
16.66216700
16.64295800
16.63095800
16.63266700
16.63391700
17.06125000
16.65341600
16.50654200
16.63370800
16.78620900
16.54162500
16.84629100
16.75220900
16.38975000
17.00100000
17.08979100
16.17341700
16.67795800
16.59929200
16.58837500
16.78129200
16.65204100
16.78354200
16.40408300
16.99887500
16.45770900
16.78262500
16.72554100
16.58170900
16.67816600
16.71133400
16.62195800
16.94158300
16.49345900
16.73541600
16.58537500
16.69795900
16.86654100
16.60983400
16.59983300
16.46516700
16.96370800
16.62383300
16.67120900
16.69708300
16.41820800
16.77008400
16.80979100
16.74662500
16.56158400
16.60929100
16.53891700
17.01316700
16.55800000
16.70575000
16.90179100
16.53529200
16.63462500
16.73991700
16.53983300
16.63620800
16.93429200
16.48816700
16.57537500
16.75600000
16.89145800
16.73316700
16.67191600
16.55262500
16.35245900
16.92687500
17.04295800
16.20904200
16.96516600
16.45900000
16.85162500
16.37791700
16.81662500
16.61245800
16.75145900
16.69158300
16.71966700
16.64954100
16.49295900
16.77029100
16.82683400
16.66137500
16.67083300
16.49141700
16.91020800
16.68345800
16.61470900
16.79137500
16.67129100
16.66795900
16.46725000
16.84058300
16.73266700
16.42016600
16.92754200
16.52637500
16.78754200
16.76529100
16.51758400
16.78870800
16.64816700
16.68475000
16.72733300
16.73250000
16.68395800
16.68870900
16.46420800
16.79487500
16.58737500
16.71516700
16.86804100
16.58879200
16.85729200
16.75700000
16.60475000
16.63616600
16.67775000
16.51254200
16.80454200
16.60466600
16.62841700
16.89475000
16.44595800
16.70829200
16.74991700
16.62687500
17.07791600
16.45645900
16.43179100
16.68637500
16.74916700
16.67587500
16.59987500
16.79766700
16.67912500
16.73020800
16.58225000
16.70070800
16.64545900
16.87475000
16.61541600
16.74645900
16.59658300
16.77858300
16.64662500
16.62520900
16.80187500
16.70970800
16.63316700
16.64837500
16.65054100
16.58675000
16.65575000
16.74270900
16.79516600
16.55483400
16.60600000
16.80458300
16.60808300
16.85083400
16.69833300
16.55900000
16.76633300
16.63008400
16.61895800
16.76800000
16.77262500
16.55620800
16.65445900
16.69945800
16.93462500
16.53833300
16.42820900
16.87645800
16.65058300
16.65720900
16.63737500
16.70579100
16.59720900
16.80270800
16.73150000
16.83595800
16.50233400
16.76616600
16.64166700
16.80633300
16.81541700
16.47504200
16.70583300
16.67475000
16.75287500
16.70229200
16.70700000
16.62858300
16.67625000
16.74758300
16.68487500
16.60450000
16.64462500
16.79354200
16.77925000
16.57762500
16.64595800
16.70775000
16.56095900
16.89883300
16.53887500
16.63416700
16.70329100
16.68937500
16.76612500
16.57225000
16.75045900
16.67220800
16.76362500
16.64704200
16.76100000
16.62887500
16.50983300
16.91558300
16.65850000
16.74329200
16.71750000
16.71612500
16.64279200
16.48300000
16.79904100
16.62395900
16.70520800
16.81050000
16.52662500
16.75766700
16.73766600
16.48625000
16.89058400
16.63362500
16.53070800
16.99387500
16.52404200
16.71716600
16.83162500
16.65725000
16.73225000
16.46554200
16.68462500
16.81279200
16.73000000
16.48225000
16.71737500
16.57229100
16.94204200
16.55612500
16.65783300
16.68183400
16.75329100
16.43991700
16.74050000
16.67362500
16.55512500
16.89545800
16.60670900
16.69083300
16.60033300
16.89316700
16.49875000
16.71304200
16.93187500
16.52325000
16.81008300
16.49975000
16.85058300
16.57050000
16.87375000
16.38687500
16.86954200
16.55708300
16.65300000
16.65191700
16.86250000
16.49537500
16.83904200
16.47233300
16.76358300
16.81066700
16.65620800
16.53325000
16.75695900
16.65391600
16.70708400
16.69750000
16.77583300
16.42470800
16.88712500
16.68133400
16.73833300
16.57487500
16.74950000
16.68016700
16.81262500
16.64641600
16.61495900
17.01433300
16.44858300
16.59262500
16.79983400
16.47558300
16.96816700
16.42416600
16.76850000
16.57020900
16.97325000
16.38350000
16.76829100
16.65604200
16.71929200
16.69058300
16.69533300
16.52175000
16.84245900
16.65266600
16.89133400
16.40083300
17.17695800
16.39858400
16.69141600
16.60208400
16.48437500
16.74316600
16.57062500
16.69325000
16.68020900
16.74250000
16.54479100
16.82620900
16.66695800
16.55891700
16.75375000
16.56150000
16.66033300
16.89354200
16.62045800
16.66520800
16.74212500
16.69345900
16.48100000
16.86041600
16.67708400
16.72033300
16.66479200
16.56795800
17.15095800
16.37258400
16.68937500
16.75350000
16.58008300
16.66975000
17.06720800
16.31562500
16.80950000
16.64720900
16.53162500
16.60966600
16.86779200
16.54970800
16.71595900
16.69362500
16.85616600
16.52516700
16.80595800
16.51883400
16.83900000
16.64512500
16.65350000
16.62941600
16.63800000
16.68491700
16.71300000
16.68770800
16.70754200
16.49616700
17.02595800
16.35029200
16.82291600
16.88387500
16.60795900
16.57579100
16.74708400
16.64329100
16.65787500
17.03500000
16.40950000
16.73316700
16.66587500
16.69087500
16.64000000
16.74733300
16.68212500
16.61791700
16.70816700
16.73437500
16.65770800
16.66150000
16.67329200
16.69279100
16.69033400
16.67075000
16.62800000
16.73512500
16.66795800
16.66758300
16.73737500
16.61316700
16.70370800
16.70183400
16.59933300
16.78583300
16.76458400
16.63633300
16.51254200
16.81087500
16.65012500
16.80550000
16.63687500
16.85112500
16.66791600
16.48995900
16.67291600
16.84137500
16.47133400
16.96283300
16.65662500
16.51691700
16.78575000
16.63883300
16.58458300
16.70450000
16.74091700
16.63233300
16.71312500
16.78770900
16.59425000
16.75879100
16.53529200
16.84941700
16.46850000
16.73637500
16.76262500
17.11495800
16.16991700
16.67387500
16.58016600
16.73995900
16.64445800
16.69683300
16.68758400
16.68162500
16.70150000
16.59991600
16.68266700
16.86658300
16.61941700
16.63666700
16.69370800
16.64762500
16.75383300
16.70937500
16.53125000
16.69933400
16.72687500
16.68308300
16.69433300
16.78587500
16.46620900
16.70987500
16.67458300
16.66783300
16.72112500
16.62466700
16.76908300
16.79912500
16.57975000
16.78058400
16.60304100
16.67050000
16.73787500
16.59325000
16.70020900
17.04616600
16.27825000
16.70216700
16.80170800
16.64141700
16.72245800
16.61441700
16.57850000
17.14208300
16.38725000
16.58412500
16.70475000
16.88154200
16.58862500
16.69745800
16.57604200
16.76625000
16.50225000
16.81695800
16.57662500
16.70979200
16.74558300
16.67666700
16.58254200
16.93891600
16.55145900
16.63666600
16.76233400
16.80887500
18.72370800
14.63400000
16.76241700
16.63029100
16.40191700
16.89441700
16.49808300
16.75229200
16.71483300
16.66820800
16.55779200
16.94541700
16.58187500
16.51633300
16.84512500
16.67504200
16.65733300
16.67150000
16.61029200
16.71612500
16.76266600
16.65470900
16.48750000
16.81283300
16.78404200
16.80583300
16.47375000
17.08770800
16.34679200
17.42950000
16.24333300
16.35075000
16.71233400
16.75879100
16.84612500
16.66908400
16.57204100
16.71233400
16.55166600
16.60487500
16.62145900
16.76208300
16.66537500
17.23337500
16.14104200
16.75295800
16.52425000
16.87058300
16.63387500
16.62183400
16.69887500
16.70283300
16.70179200
16.68695800
16.71070800
16.65866700
16.67466700
16.71508300
16.63437500
16.93920800
16.28079200
16.83150000
16.60175000
16.91758300
16.76087500
16.58425000
16.43858400
16.96608300
16.51570800
16.73433400
16.81966600
16.80045900
16.49212500
16.78908300
16.58216700
16.45725000
16.86283300
16.82387500
16.60066700
16.91670800
16.64500000
16.60412500
16.50066700
16.93620800
17.08212500
16.25375000
17.05600000
16.68216700
16.75166600
16.65000000
16.17300000
17.00245900
16.43504100
16.69204200
16.95950000
16.57337500
16.60791700
16.71504100
16.54579200
16.66745800
16.81429200
16.70554200
16.47129100
16.76620900
16.69887500
16.56691600
16.70900000
16.94354200
16.43029200
16.85133300
16.56191700
16.58787500
17.00420800
16.29187500
16.73708300
17.21275000
16.17391700
16.82291700
16.50158300
16.72995800
16.87762500
16.50745900
16.78375000
16.47316600
16.72045900
16.89037500
16.52650000
16.63150000
16.91166600
16.48666700
16.65645800
16.61187500
16.78333400
16.65487500
16.62937500
16.86216600
16.62529200
16.59645800
16.66920900
16.75412500
16.69970800
16.98604200
16.43745800
16.70862500
17.46350000
15.96833300
16.54770900
16.79225000
16.54204100
17.13816700
16.27308300
16.65791700
16.88020800
16.43208400
16.91470800
16.75495800
16.45491700
16.73812500
16.70600000
16.63275000
16.61741700
16.74012500
16.74304100
16.97650000
18.02720900
15.28400000
16.48466600
16.76233400
16.61445800
16.66770800
16.66466700
16.54529200
16.65650000
16.82487500
16.78916600
16.47270900
16.73033300
16.65675000
16.62100000
16.67383300
16.73229200
16.69970800
16.51412500
16.79266700
16.59929200
16.81345800
16.76387500
16.42691700
16.74095800
16.89383300
16.56666700
16.82179200
16.44175000
16.72333300
16.63958300
16.92825000
16.95783400
16.47700000
16.80708300
16.30904200
16.72020800
16.60554200
16.70025000
16.61795800
17.24150000
16.33808300
16.65454200
16.40112500
16.84300000
16.83158300
16.53729200
16.68758300
16.75887500
16.67533400
16.63737500
16.61633300
16.65387500
16.81233300
16.56587500
16.73720900
16.69366600
16.67058400
16.51100000
16.96245800
16.59025000
16.73204200
16.67995800
16.66233300
16.51429200
16.82666700
17.16754100
16.38987500
16.68295900
16.53266600
16.33141700
17.03791700
16.53720800
16.95237500
16.43187500
16.84350000
16.58366700
16.72958300
16.70229200
16.57629100
16.77520900
16.67712500
16.58279100
16.83008400
16.63979100
16.57779200
16.78591700
16.65637500
16.65391600
16.80016700
16.60733300
16.76070900
16.54150000
16.72983300
16.71312500
16.84483300
16.50895900
16.57070800
16.78658300
16.65337500
17.04854200
16.55158300
16.54654200
16.63100000
16.83279200
16.86716600
16.50712500
16.52645900
16.94133300
16.71866700
16.60720800
16.63800000
16.67595800
16.63854200
16.68575000
16.67116700
16.69337500
16.74033300
16.81704200
16.58433300
16.65658300
16.70875000
16.61404200
16.62408300
16.81391700
16.57937500
16.79966700
16.78979100
16.61712500
16.75800000
16.50708400
16.67941600
16.83408400
16.57600000
16.64154100
16.70929200
16.57816700
16.60070800
16.79487500
16.69150000
16.85062500
16.69875000
16.57208300
16.78700000
16.54558400
16.75308300
16.62825000
16.79387500
16.74000000
16.51504200
16.67920800
16.80762500
16.51054200
16.86320800
16.70545800
16.44579200
17.09354200
16.34537500
16.47766600
17.07029200
16.75916700
16.61275000
16.55420800
16.85958300
16.54795900
16.87404100
16.49808400
16.78279100
16.83637500
16.80758400
16.82129100
16.20812500
17.56108400
17.25329100
18.69262500
13.95745900
16.51016600
16.46679200
17.37625000
16.71620800
16.82804200
16.83179200
16.71470800
16.96216700
16.40179100
16.56666700
16.44720800
16.91358400
16.06154100
16.86279200
16.68595800
16.62050000
16.72425000
16.67341700
16.71983300
16.39662500
16.62108400
16.71583300
16.59912500
16.85004200
16.92275000
16.78800000
16.05270800
17.27066700
16.16987500
16.51529100
16.68733400
16.73987500
16.72479100
17.47250000
15.89691700
16.61504200
16.63879100
16.64658400
16.70300000
16.75745800
16.68125000
16.20875000
16.92475000
16.59850000
16.94737500
16.59466700
16.57195800
16.67595800
16.78395900
16.73062500
16.38429100
16.80050000
16.64833400
16.89637500
16.61366600
16.64704200
16.59929200
16.69729100
16.81370900
16.39425000
16.88650000
16.82258300
16.56408300
16.56358400
16.72275000
16.53454100
16.70316700
16.69345800
16.56829200
16.69620800
16.88229200
16.58204200
16.65458300
16.73166700
16.79016600
16.57333400
16.63320800
16.80350000
16.63712500
16.60541700
16.70525000
16.67345800
16.69804200
16.72741600
16.82333400
16.56683300
16.62316700
16.64854100
16.64350000
17.07662500
16.57908400
16.60325000
16.50204100
17.08966700
16.22212500
16.66487500
16.83754200
16.53829100
16.64437500
16.67795900
16.72825000
16.69704100
16.65837500
16.63512500
16.91162500
16.37504200
16.82958300
16.76795900
16.50520800
16.91112500
16.55529200
16.66704100
16.46187500
16.75812500
16.91950000
16.60266700
16.68954200
16.91400000
16.41595800
16.74083300
16.49483400
16.58275000
16.88200000
17.13525000
16.87970800
16.37579200
16.74845800
16.70687500
16.36237500
16.43541700
17.05204100
16.30570900
16.98725000
16.52262500
16.82175000
16.48258300
16.69233300
16.78862500
16.47279200
16.95487500
16.66612500
16.59279200
16.82870800
16.62212500
16.65320800
16.78416700
16.54766700
16.70200000
16.77591600
16.57625000
16.77141700
16.67404200
16.74062500
16.77037500
16.65041600
16.59075000
16.73729200
16.69833300
16.79195900
16.42829100
16.77308400
16.53687500
16.84654100
16.76512500
16.84408400
16.50141600
16.60658400
16.80666600
16.53329200
16.89912500
16.73704200
16.60350000
16.51291600
17.03875000
16.33054200
16.83512500
16.71270800
16.57416700
16.68533300
16.89312500
16.50116700
16.93787500
16.63358300
16.54675000
16.78550000
16.48045900
16.85579100
16.64050000
16.54104200
16.82562500
16.59666700
16.63129100
16.91583400
16.52312500
16.57120800
16.75645800
16.65958400
16.66475000
16.72791600
16.65408400
16.72450000
16.57312500
16.93133300
16.43137500
16.76912500
16.90758300
16.38370900
16.64408300
16.83091700
16.58691600
16.64983400
16.88825000
16.53383300
16.74137500
16.76991700
16.45733300
16.78583300
16.69266700
16.62195800
16.95783400
16.51383300
16.49120800
16.81262500
16.77725000
16.76891700
16.60475000
16.57275000
16.57600000
16.76779200
17.13687500
16.14141600
16.78083400
16.88950000
16.47275000
16.78808300
16.58287500
16.68170800
16.82104200
16.56341700
16.63729100
16.71766700
16.62541700
16.84362500
16.64616600
16.59945900
16.67262500
16.81195800
16.57079200
16.76741600
16.53425000
16.68970900
16.68370800
16.68904200
16.65179100
16.74566700
16.68358300
16.59620900
16.75116600
16.68987500
16.58170900
16.83316600
16.77220900
16.53325000
16.88404100
16.47841700
16.64058300
16.82529200
16.68258300
16.56241700
16.71420800
16.62120900
16.71641600
16.74204200
16.81187500
16.43762500
16.72745800
16.84658400
16.49195800
16.97887500
16.47958300
16.74504200
16.44012500
16.63291700
16.90491600
16.78904200
16.79745800
16.48487500
16.57875000
16.84437500
16.73750000
16.47316700
16.94179200
16.40900000
16.96854100
16.43420900
16.73516600
16.70020900
16.58720800
16.70029200
16.76458300
16.48483300
16.77662500
16.92008400
16.38479100
16.90858400
16.60954100
16.95954200
16.66241700
16.57666600
16.40620900
16.74029100
16.65316700
16.64479200
16.65962500
16.80700000
16.69925000
16.66533300
16.98725000
16.46962500
16.80620800
16.43091700
16.47383300
17.04500000
16.64225000
16.60650000
16.56287500
16.82929200
16.68337500
16.56283300
16.80695900
16.49404100
16.80258400
16.72991600
16.52750000
16.70216700
16.99708300
16.51783400
16.94395800
16.50662500
16.71804200
16.68687500
16.61629100
16.72304200
16.65720800
16.81858400
16.55408300
16.59512500
16.61987500
16.69012500
16.83691700
16.65379100
16.67116700
16.80650000
16.33187500
16.80854200
16.72500000
16.61608300
16.69366700
16.78166600
16.38654200
16.97841700
16.57608300
16.75708300
16.71587500
16.74079200
16.66787500
16.70112500
16.71766700
16.61162500
16.73745800
16.66466700
16.76404100
16.61650000
16.78612500
16.58229200
16.74525000
16.71387500
16.61362500
16.99675000
16.72445800
16.78633400
16.71383300
16.41579200
16.70075000
16.96370800
16.39833300
16.65341700
18.80912500
15.12808300
16.37462500
16.53320900
16.70770800
16.68258300
16.83029200
16.50791700
16.75387500
16.64620800
16.47187500
16.86675000
16.52758300
16.59700000
16.60091700
16.75970800
16.66529200
16.92820800
16.64425000
16.54241700
16.74041700
16.60262500
16.88912500
16.48866600
16.81587500
16.64270900
16.78562500
16.52637500
16.75300000
16.62220800
16.66741700
16.70300000
16.91141600
16.43225000
16.69625000
16.73070900
16.63408300
16.63491700
16.82954100
16.58670900
16.76450000
16.58808300
16.74500000
16.50004200
16.90800000
16.58462500
16.72962500
16.66900000
16.70183300
16.53462500
16.65729200
16.89175000
16.66620800
16.71962500
16.54083300
16.56175000
16.92950000
16.54983400
16.74729100
16.70491700
16.65016700
16.58891600
16.87750000
16.45779200
16.83225000
16.69370800
16.78079200
16.58150000
16.58616700
16.53141600
17.02512500
16.43791700
16.87166700
16.58525000
16.67283300
16.41362500
17.04295800
16.69141700
16.75650000
16.45200000
16.94283300
16.49370900
16.55283300
16.85554200
16.66175000
16.66329100
16.82845900
16.57475000
16.69725000
16.80379100
16.39687500
16.75120900
16.90550000
16.47504100
16.58133400
16.76670800
16.76045800
16.67445900
16.60370800
16.62533300
16.79600000
16.70350000
16.66854200
16.69066700
16.64620800
16.68320800
16.62279200
16.63112500
16.78704200
16.60162500
16.87083300
16.40054200
16.78487500
16.71625000
16.61312500
16.71804100
16.77554200
16.51483300
16.66750000
16.62983400
16.79341600
16.64075000
16.64875000
16.74641700
16.62329200
16.73041600
16.79741700
16.61154200
16.60379100
16.73187500
16.60629200
16.81295800
16.64841700
16.67729200
16.65179100
16.71758400
16.61508300
16.92741700
16.60975000
16.79745800
16.55962500
16.61641700
16.89812500
16.55416600
16.52108400
16.89529100
16.55204200
16.75354200
16.76337500
16.38133300
16.79920800
16.84579200
16.47558300
16.87012500
16.87150000
16.64133400
16.48941600
16.57916700
16.47733300
16.78508400
16.65154100
16.78479200
16.59733300
16.60754200
16.76020800
16.83000000
17.02400000
16.59062500
17.19025000
16.12912500
16.83741700
16.95158300
16.34229200
16.61833300
16.38104200
16.74945800
16.75129200
16.67408300
16.74500000
16.61370900
16.68554100
16.54570900
16.80995800
16.46775000
16.70916700
16.87695800
17.66595800
15.54229200
16.95816700
16.60520800
16.64112500
16.77866700
16.57570800
16.62391700
16.69254100
16.74816700
16.49583300
16.76620900
17.07595800
16.43758300
16.62804200
16.68375000
16.62783300
16.78520900
16.63000000
16.71454100
16.72850000
16.65216700
16.54504200
17.51883300
19.57312500
16.96770800
