frame,emulated_frame,total_ms,cpu_wall_ms,cpu_thread_ms,cpu_idle_ms,cpu_throttle_sleep_ms,cpu_throttle_requested_ms,cpu_throttle_lateness_ms,video_build_ms,present_ms,audio_mix_ms,static_bursts,static_cycles,static_native_dispatches,static_fallback_steps,static_hook_fallbacks,fallback_mfspr,fallback_mtspr,fallback_cache,fallback_dcbst,fallback_dcbf,fallback_dcbi,fallback_icbi,fallback_other,cache_controls,cache_control_dcbst,cache_control_dcbf,cache_control_dcbi,cache_control_icbi
0,0,0.000000,0.000000,0.000000,0.000000,0.000000,0.000000,0.000000,0.781666,0.022834,0.000000,0,0,0,0,0,0,0,0,0,0,0,0,0,0,0,0,0,0
1,200,3245.822375,2982.877412,2393.689990,0.000000,721.835863,718.171674,3.651731,0.112500,0.028583,122.155081,124723,1463293654,101939311,0,346,14,332,0,0,0,0,0,0,1084941,512,634585,449759,85
2,201,14.164916,14.080075,6.988756,0.000000,7.691791,7.687707,0.003959,0.049042,0.038083,0.623167,628,8107339,89937,0,2,0,2,0,0,0,0,0,0,6686,0,3510,3176,0
3,300,1651.345417,1640.718483,1270.992491,0.000000,460.488828,458.686321,1.799423,0.058833,0.018750,64.202250,62927,802614633,50975178,0,500,0,500,0,0,0,0,0,0,679424,15424,387270,276730,0
4,301,16.842083,16.728468,8.191653,0.000000,8.742124,8.740790,0.001126,0.054209,0.027375,0.618332,648,8107245,177576,0,2,0,2,0,0,0,0,0,0,5406,0,3510,1896,0
5,302,19.997792,19.858289,19.583671,0.000000,0.000751,0.000000,0.000000,0.096542,0.046958,0.686875,661,8102617,182134,0,302,0,302,0,0,0,0,0,0,21046,14400,3510,3136,0
6,303,19.946417,19.838410,11.017845,0.000000,0.002333,0.000000,0.000000,0.441083,0.015250,0.648750,659,8107036,166486,0,2,0,2,0,0,0,0,0,0,7208,0,4680,2528,0
7,304,22.239416,22.123038,19.844645,0.000000,0.000334,0.000000,0.000000,0.055334,0.019208,0.775542,663,8102625,185405,0,302,0,302,0,0,0,0,0,0,21046,14400,3510,3136,0
8,305,12.997167,12.878798,8.508599,0.000000,0.000999,0.000000,0.000000,0.047542,0.037791,0.291208,650,8107209,169785,0,2,0,2,0,0,0,0,0,0,5406,0,3510,1896,0
9,306,20.993708,20.881924,18.928215,0.000000,0.000376,0.000000,0.000000,0.039334,0.015666,0.604542,668,8102465,174569,0,302,0,302,0,0,0,0,0,0,22848,14400,4680,3768,0
10,307,7.659500,7.552958,7.508865,0.000000,0.000457,0.000000,0.000000,0.040667,0.011250,0.291166,650,8107211,173153,0,2,0,2,0,0,0,0,0,0,5406,0,3510,1896,0
11,308,23.333209,23.217244,19.335750,0.000000,0.000708,0.000000,0.000000,0.042791,0.015959,0.583541,667,8102633,179260,0,302,0,302,0,0,0,0,0,0,21046,14400,3510,3136,0
12,309,7.572291,7.468047,7.446225,0.000000,0.000542,0.000000,0.000000,0.027084,0.006458,0.608750,659,8107050,166669,0,2,0,2,0,0,0,0,0,0,7208,0,4680,2528,0
13,310,22.645084,22.515239,20.434699,0.000000,0.000584,0.000000,0.000000,0.056208,0.061125,0.581125,659,8102646,183693,0,302,0,302,0,0,0,0,0,0,21046,14400,3510,3136,0
14,311,12.767791,12.659069,8.511763,0.000000,3.821834,1.366346,2.454945,0.073875,0.492125,0.296625,652,8107230,165871,0,2,0,2,0,0,0,0,0,0,5406,0,3510,1896,0
15,312,23.114542,22.995406,19.850744,0.000000,0.000667,0.000000,0.000000,0.042917,0.014125,0.582376,669,8102410,180019,0,302,0,302,0,0,0,0,0,0,22848,14400,4680,3768,0
16,313,13.506333,13.381831,8.627776,0.000000,0.001083,0.000000,0.000000,0.050750,0.014000,0.314000,649,8107260,171301,0,2,0,2,0,0,0,0,0,0,5406,0,3510,1896,0
17,314,21.752459,21.635509,19.273406,0.000000,0.000667,0.000000,0.000000,0.048916,0.014125,0.614417,661,8102630,177244,0,302,0,302,0,0,0,0,0,0,21046,14400,3510,3136,0
18,315,10.767791,10.654477,8.405620,0.000000,0.000458,0.000000,0.000000,0.035792,0.012792,0.482875,660,8107052,164213,0,2,0,2,0,0,0,0,0,0,7208,0,4680,2528,0
19,316,20.444792,20.328209,19.155379,0.000000,0.000834,0.000000,0.000000,0.036625,0.012875,0.609792,661,8102660,179609,0,302,0,302,0,0,0,0,0,0,21046,14400,3510,3136,0
20,317,7.791833,7.686378,7.587092,0.000000,0.000543,0.000000,0.000000,0.033834,0.010500,0.306041,656,8107295,159644,0,2,0,2,0,0,0,0,0,0,7004,0,4536,2468,0
21,318,21.118417,20.996826,19.139651,0.000000,0.002834,0.000000,0.000000,0.037292,0.012666,0.746667,658,8102332,175113,0,302,0,302,0,0,0,0,0,0,21250,14400,3654,3196,0
22,319,11.475042,11.372915,7.737920,0.000000,3.951665,3.951096,0.000278,0.029708,0.045167,0.292083,648,8107282,165321,0,2,0,2,0,0,0,0,0,0,5406,0,3510,1896,0
23,320,21.080791,20.963004,19.072582,0.000000,0.000458,0.000000,0.000000,0.050917,0.013708,0.743292,665,8102523,168971,0,302,0,302,0,0,0,0,0,0,22848,14400,4680,3768,0
24,321,14.350709,14.219647,8.287299,0.000000,5.274500,4.698305,0.575695,0.066666,0.014584,0.291334,652,8107131,166295,0,2,0,2,0,0,0,0,0,0,5406,0,3510,1896,0
25,322,21.313500,21.206748,19.448250,0.000000,0.000501,0.000000,0.000000,0.042333,0.012833,0.594458,661,8102638,175216,0,302,0,302,0,0,0,0,0,0,21046,14400,3510,3136,0
26,323,11.200416,11.083919,8.025585,0.000000,2.553125,2.551096,0.001070,0.061542,0.011375,0.412334,655,8107052,153696,0,2,0,2,0,0,0,0,0,0,7208,0,4680,2528,0
27,324,20.698500,20.563448,19.062759,0.000000,0.000376,0.000000,0.000000,0.042875,0.011042,0.747958,660,8102590,173164,0,302,0,302,0,0,0,0,0,0,21046,14400,3510,3136,0
28,325,12.700000,12.592996,8.005541,0.000000,4.093040,4.016930,0.075528,0.057417,0.026917,0.765250,650,8107280,161391,0,2,0,2,0,0,0,0,0,0,5406,0,3510,1896,0
29,326,20.784750,20.674909,18.851550,0.000000,0.000334,0.000000,0.000000,0.045834,0.051000,0.582626,667,8102452,162463,0,302,0,302,0,0,0,0,0,0,22848,14400,4680,3768,0
30,327,12.533209,12.427004,7.851750,0.000000,3.697417,3.678847,0.018028,0.065500,0.014583,0.294166,654,8107213,160066,0,2,0,2,0,0,0,0,0,0,5406,0,3510,1896,0
31,328,20.395833,20.270660,19.570923,0.000000,0.000501,0.000000,0.000000,0.047583,0.015042,0.582541,659,8102665,170733,0,302,0,302,0,0,0,0,0,0,21046,14400,3510,3136,0
32,329,12.616667,12.505679,8.094374,0.000000,4.201916,4.200971,0.000362,0.061750,0.013291,0.298458,658,8107035,149596,0,2,0,2,0,0,0,0,0,0,7208,0,4680,2528,0
33,330,20.882875,20.773866,18.788703,0.000000,0.000666,0.000000,0.000000,0.044041,0.013167,0.585667,663,8102581,168889,0,302,0,302,0,0,0,0,0,0,21046,14400,3510,3136,0
34,331,14.336125,14.220247,8.407964,0.000000,4.144375,4.142763,0.001237,0.067333,0.044583,0.294375,648,8107274,157455,0,2,0,2,0,0,0,0,0,0,5406,0,3510,1896,0
35,332,21.478333,21.350994,20.514282,0.000000,0.000709,0.000000,0.000000,0.059458,0.015292,0.621416,665,8102472,159057,0,302,0,302,0,0,0,0,0,0,22848,14400,4680,3768,0
36,333,9.175167,9.066458,8.240189,0.000000,1.749665,1.743972,0.005194,0.033208,0.070708,0.292125,650,8107235,156172,0,2,0,2,0,0,0,0,0,0,5406,0,3510,1896,0
37,334,21.779000,21.649924,19.370583,0.000000,0.000832,0.000000,0.000000,0.095666,0.030417,0.646833,660,8102600,166470,0,302,0,302,0,0,0,0,0,0,21046,14400,3510,3136,0
38,335,13.637458,13.528568,8.337982,0.000000,4.315958,4.097596,0.217862,0.058292,0.013833,0.289791,654,8107058,145845,0,2,0,2,0,0,0,0,0,0,7208,0,4680,2528,0
39,336,21.703625,21.581793,19.171063,0.000000,0.000502,0.000000,0.000000,0.051083,0.014875,0.605333,662,8102629,164598,0,302,0,302,0,0,0,0,0,0,21046,14400,3510,3136,0
40,337,12.556083,12.447334,8.613080,0.000000,2.270917,2.269680,0.000112,0.068459,0.016833,0.295375,651,8107249,153558,0,2,0,2,0,0,0,0,0,0,5406,0,3510,1896,0
41,338,21.802959,21.672649,19.361353,0.000000,0.000250,0.000000,0.000000,0.049916,0.016167,1.041458,668,8102437,156417,0,302,0,302,0,0,0,0,0,0,23497,14400,4680,4417,0
42,339,11.075916,10.967240,7.631300,0.000000,3.330459,1.446222,1.883028,0.047792,0.016083,0.291917,653,8107216,152241,0,2,0,2,0,0,0,0,0,0,5406,0,3510,1896,0
43,340,21.040250,20.910412,19.127417,0.000000,0.000585,0.000000,0.000000,0.049000,0.041500,0.649999,660,8102662,164302,0,302,0,302,0,0,0,0,0,0,21666,14400,3510,3756,0
44,341,11.239125,11.129607,7.512305,0.000000,3.178457,2.826346,0.351404,0.052625,0.015459,0.295375,659,8107021,143342,0,2,0,2,0,0,0,0,0,0,7208,0,4680,2528,0
45,342,20.999000,20.885844,18.629848,0.000000,0.000707,0.000000,0.000000,0.041417,0.011292,0.581292,663,8102627,162341,0,302,0,302,0,0,0,0,0,0,21629,14400,3510,3719,0
46,343,12.469000,12.339074,7.390037,0.000000,4.100667,4.006555,0.093445,0.046125,0.012959,0.310959,650,8107254,149626,0,2,0,2,0,0,0,0,0,0,5406,0,3510,1896,0
47,344,20.583417,20.467701,18.412871,0.000000,0.000625,0.000000,0.000000,0.052250,0.013542,0.595667,668,8102442,151709,0,302,0,302,0,0,0,0,0,0,23431,14400,4680,4351,0
48,345,12.558667,12.437877,7.244134,0.000000,4.913583,4.209555,0.703403,0.058541,0.017334,0.297000,649,8107224,148324,0,2,0,2,0,0,0,0,0,0,5406,0,3510,1896,0
49,346,20.762583,20.656006,18.962915,0.000000,0.000458,0.000000,0.000000,0.052250,0.022458,0.590417,661,8102638,161192,0,302,0,302,0,0,0,0,0,0,21615,14400,3510,3705,0
50,347,13.981208,13.868208,7.741504,0.000000,5.413708,4.331971,1.080987,0.055125,0.014000,0.297959,659,8107050,137748,0,2,0,2,0,0,0,0,0,0,7208,0,4680,2528,0
51,348,21.265167,21.126125,19.427465,0.000000,0.000501,0.000000,0.000000,0.055500,0.015250,0.581874,660,8102600,157945,0,302,0,302,0,0,0,0,0,0,21592,14400,3510,3682,0
52,349,10.975458,10.840262,7.443710,0.000000,3.010250,2.348722,0.660695,0.077334,0.045500,0.448959,652,8107275,145695,0,2,0,2,0,0,0,0,0,0,5406,0,3510,1896,0
53,350,21.442917,21.343891,19.595224,0.000000,0.000501,0.000000,0.000000,0.047208,0.016167,0.592209,668,8102488,147266,0,302,0,302,0,0,0,0,0,0,23329,14400,4680,4249,0
54,351,11.327375,11.217958,7.336997,0.000000,3.651458,3.271389,0.379611,0.055125,0.028375,0.290208,649,8107193,144408,0,2,0,2,0,0,0,0,0,0,5406,0,3510,1896,0
55,352,21.507458,21.387216,19.195559,0.000000,0.000458,0.000000,0.000000,0.052125,0.048875,0.651375,657,8102625,155057,0,302,0,302,0,0,0,0,0,0,21458,14400,3510,3548,0
56,353,11.023459,10.916326,7.163313,0.000000,3.904499,3.904013,0.000112,0.034625,0.011958,0.513416,658,8107050,134623,0,2,0,2,0,0,0,0,0,0,7208,0,4680,2528,0
57,354,19.415208,17.577163,17.571805,0.000000,0.000582,0.000000,0.000000,0.318750,0.023625,0.705916,658,8102586,153178,0,302,0,302,0,0,0,0,0,0,21451,14400,3510,3541,0
58,355,15.046208,16.660005,8.525828,0.000000,6.223750,6.048707,0.174793,0.077584,0.016375,0.313625,653,8107258,141780,0,2,0,2,0,0,0,0,0,0,5406,0,3510,1896,0
59,356,20.425000,20.306966,19.261422,0.000000,0.000626,0.000000,0.000000,0.046625,0.040209,0.634418,665,8102501,142272,0,302,0,302,0,0,0,0,0,0,23191,14400,4680,4111,0
60,357,13.891917,13.715976,7.809905,0.000000,4.808251,4.807222,0.000320,0.108792,0.023750,0.605458,650,8107187,141412,0,2,0,2,0,0,0,0,0,0,5406,0,3510,1896,0
61,358,21.138750,21.054566,19.090262,0.000000,0.000417,0.000000,0.000000,0.050500,0.014375,0.670999,662,8102634,150338,0,302,0,302,0,0,0,0,0,0,21307,14400,3510,3397,0
62,359,11.443083,11.334456,7.328999,0.000000,3.431668,3.290305,0.140779,0.050250,0.013167,0.309625,660,8107050,129548,0,2,0,2,0,0,0,0,0,0,7208,0,4680,2528,0
63,360,21.176625,21.056933,18.909352,0.000000,0.000333,0.000000,0.000000,0.048792,0.043042,0.615292,661,8102648,150317,0,302,0,302,0,0,0,0,0,0,21298,14400,3510,3388,0
64,361,11.870542,11.740538,7.448164,0.000000,3.934540,3.933388,0.000695,0.093792,0.042125,0.298292,656,8107248,138905,0,2,0,2,0,0,0,0,0,0,5406,0,3510,1896,0
65,362,22.502625,22.301495,20.067955,0.000000,0.000666,0.000000,0.000000,0.048125,0.014417,0.649500,667,8102441,142150,0,302,0,302,0,0,0,0,0,0,23098,14400,4680,4018,0
66,363,11.993083,11.881427,7.704875,0.000000,2.904167,2.902264,0.000986,0.086125,0.019334,0.295209,650,8107245,136555,0,2,0,2,0,0,0,0,0,0,5406,0,3510,1896,0
67,364,21.284417,21.141251,19.717245,0.000000,0.000251,0.000000,0.000000,0.053208,0.013292,0.618417,660,8102638,146522,0,302,0,302,0,0,0,0,0,0,21298,14400,3510,3388,0
68,365,9.989167,9.884814,7.323378,0.000000,3.003208,3.002637,0.000446,0.032833,0.029667,0.324042,658,8107070,131824,0,2,0,2,0,0,0,0,0,0,7208,0,4680,2528,0
69,366,19.790541,19.674403,18.146456,0.000000,0.000916,0.000000,0.000000,0.095625,0.013917,0.602708,661,8102632,145343,0,302,0,302,0,0,0,0,0,0,21312,14400,3510,3402,0
70,367,14.664000,14.553077,8.250872,0.000000,6.623666,6.482415,0.140960,0.064417,0.022708,0.301208,650,8107247,133946,0,2,0,2,0,0,0,0,0,0,5406,0,3510,1896,0
71,368,20.325709,20.198170,18.870202,0.000000,0.000501,0.000000,0.000000,0.056625,0.015833,0.651333,669,8102427,138869,0,302,0,302,0,0,0,0,0,0,23125,14400,4680,4045,0
72,369,13.462583,13.351934,7.414163,0.000000,5.329541,5.053222,0.275903,0.072125,0.037583,0.297166,651,8107243,132644,0,2,0,2,0,0,0,0,0,0,5406,0,3510,1896,0
73,370,20.031042,19.917908,18.673872,0.000000,0.000458,0.000000,0.000000,0.052666,0.016334,0.640709,667,8102661,139745,0,302,0,302,0,0,0,0,0,0,22924,14400,4536,3988,0
74,371,13.499208,13.392610,7.325885,0.000000,5.122793,4.920680,0.201445,0.070750,0.041250,0.615583,654,8107025,129140,0,2,0,2,0,0,0,0,0,0,5610,0,3654,1956,0
75,372,20.470208,20.353674,18.532405,0.000000,0.000709,0.000000,0.000000,0.058709,0.016500,0.297667,660,8102651,140848,0,302,0,302,0,0,0,0,0,0,21374,14400,3510,3464,0
76,373,13.015334,12.909380,7.499710,0.000000,4.720333,4.243055,0.476778,0.045500,0.020083,0.589501,656,8107109,125439,0,2,0,2,0,0,0,0,0,0,7208,0,4680,2528,0
77,374,21.694833,21.572416,19.142598,0.000000,0.000499,0.000000,0.000000,0.060083,0.016292,0.638417,660,8102592,139520,0,302,0,302,0,0,0,0,0,0,20602,14400,3510,2692,0
78,375,11.077417,10.972067,7.140993,0.000000,2.987375,2.979264,0.007278,0.040583,0.013958,0.304416,650,8107229,128709,0,2,0,2,0,0,0,0,0,0,5406,0,3510,1896,0
79,376,21.763375,21.640172,18.948827,0.000000,0.000542,0.000000,0.000000,0.053166,0.016750,0.598167,664,8102462,133634,0,302,0,302,0,0,0,0,0,0,22262,14400,4680,3182,0
80,377,12.265916,12.147836,7.598702,0.000000,3.180710,3.129805,0.050029,0.071584,0.025625,0.314959,650,8107228,127406,0,2,0,2,0,0,0,0,0,0,5406,0,3510,1896,0
81,378,22.953334,22.822626,19.790987,0.000000,0.000874,0.000000,0.000000,0.056083,0.022958,0.614167,659,8102677,137908,0,302,0,302,0,0,0,0,0,0,20422,14400,3510,2512,0
82,379,11.169125,11.046593,8.154617,0.000000,1.781334,1.467847,0.312903,0.080500,0.031083,0.310917,659,8107066,121508,0,2,0,2,0,0,0,0,0,0,7208,0,4680,2528,0
83,380,22.960583,22.834587,19.962774,0.000000,0.000708,0.000000,0.000000,0.040208,0.014709,0.614666,659,8102570,137868,0,302,0,302,0,0,0,0,0,0,20251,14400,3510,2341,0
84,381,10.509625,10.354628,8.136859,0.000000,0.001542,0.000000,0.000000,0.061167,0.016750,0.319833,651,8107283,124789,0,2,0,2,0,0,0,0,0,0,5406,0,3510,1896,0
85,382,21.483167,21.364996,19.148246,0.000000,0.000456,0.000000,0.000000,0.049333,0.013250,0.599792,665,8102460,129727,0,302,0,302,0,0,0,0,0,0,22707,14400,4680,3627,0
86,383,9.124625,9.020568,7.152630,0.000000,2.492583,2.491679,0.000321,0.031291,0.061959,0.352958,651,8107236,123951,0,2,0,2,0,0,0,0,0,0,5406,0,3510,1896,0
87,384,20.185500,20.064734,18.265468,0.000000,0.000790,0.000000,0.000000,0.053125,0.015833,0.592958,659,8102626,135383,0,302,0,302,0,0,0,0,0,0,21090,14400,3510,3180,0
88,385,14.470666,14.361843,8.120586,0.000000,6.468041,6.183832,0.283793,0.080042,0.018417,0.308833,659,8107104,117570,0,2,0,2,0,0,0,0,0,0,7208,0,4680,2528,0
89,386,20.811250,20.691595,19.324305,0.000000,0.000291,0.000000,0.000000,0.059667,0.014375,0.593625,660,8102555,132894,0,302,0,302,0,0,0,0,0,0,21093,14400,3510,3183,0
90,387,12.410792,12.281917,7.575007,0.000000,4.475750,4.417430,0.053528,0.080000,0.020000,0.582124,651,8107258,121464,0,2,0,2,0,0,0,0,0,0,5406,0,3510,1896,0
91,388,21.791625,21.669817,19.831786,0.000000,0.000499,0.000000,0.000000,0.068583,0.026375,0.644584,666,8102480,125789,0,302,0,302,0,0,0,0,0,0,22857,14400,4680,3777,0
92,389,11.459167,11.349453,7.506821,0.000000,3.461126,3.434888,0.025404,0.056458,0.020000,0.297292,652,8107228,120224,0,2,0,2,0,0,0,0,0,0,5406,0,3510,1896,0
93,390,20.692958,20.575959,18.812127,0.000000,0.000501,0.000000,0.000000,0.058250,0.016542,0.592375,659,8102622,129080,0,302,0,302,0,0,0,0,0,0,21081,14400,3510,3171,0
94,391,12.459208,12.343042,7.239789,0.000000,4.890417,4.866680,0.022987,0.074084,0.016875,0.308167,657,8107086,114359,0,2,0,2,0,0,0,0,0,0,7208,0,4680,2528,0
95,392,20.265917,20.141008,19.552832,0.000000,0.000708,0.000000,0.000000,0.050250,0.014042,0.611875,660,8102598,127901,0,302,0,302,0,0,0,0,0,0,21280,14400,3510,3370,0
96,393,12.830958,12.731034,7.108705,0.000000,5.674876,5.580874,0.093751,0.044584,0.039583,0.298667,650,8107257,116949,0,2,0,2,0,0,0,0,0,0,5406,0,3510,1896,0
97,394,20.577125,20.460653,18.622434,0.000000,0.000543,0.000000,0.000000,0.052625,0.017292,0.603458,668,8102498,121871,0,302,0,302,0,0,0,0,0,0,23087,14400,4680,4007,0
98,395,13.521292,13.410844,7.210311,0.000000,5.853499,5.574624,0.278251,0.067667,0.019458,0.304708,649,8107182,115643,0,2,0,2,0,0,0,0,0,0,5406,0,3510,1896,0
99,396,21.078583,20.963854,18.910011,0.000000,0.000417,0.000000,0.000000,0.044792,0.020750,0.611708,660,8102664,125426,0,302,0,302,0,0,0,0,0,0,21287,14400,3510,3377,0
100,397,13.262792,13.147168,7.435046,0.000000,4.783459,4.339472,0.443153,0.073333,0.017000,0.452667,659,8107017,111867,0,2,0,2,0,0,0,0,0,0,7208,0,4680,2528,0
101,398,20.761333,20.650123,18.708390,0.000000,0.000543,0.000000,0.000000,0.048375,0.018250,0.586791,659,8102614,123854,0,302,0,302,0,0,0,0,0,0,21292,14400,3510,3382,0
102,399,10.573584,10.465465,7.020582,0.000000,3.629960,3.627847,0.001070,0.050875,0.014791,0.317792,650,8107271,113032,0,2,0,2,0,0,0,0,0,0,5406,0,3510,1896,0
103,400,20.902083,20.775323,19.011325,0.000000,0.000584,0.000000,0.000000,0.106583,0.016125,0.615583,646,8102989,65871,0,282,0,282,0,0,0,0,0,0,7208,0,4680,2528,0
104,401,12.371167,12.258866,8.276248,0.000000,4.167582,4.166846,0.000445,0.040500,0.019666,0.297167,673,8106669,91159,0,22,0,22,0,0,0,0,0,0,21276,14400,3510,3366,0
105,402,19.828708,19.645105,18.991107,0.000000,0.000458,0.000000,0.000000,0.098458,0.028959,0.645875,639,8102852,64953,0,302,0,302,0,0,0,0,0,0,8106,2700,3510,1896,0
106,403,28.996083,28.864614,10.945588,0.000000,14.543542,5.678582,8.864418,0.110750,0.024709,0.882792,682,8106852,104488,0,2,0,2,0,0,0,0,0,0,20393,11700,4680,4013,0
107,404,45.559750,45.370878,27.377167,0.000000,0.001542,0.000000,0.000000,0.042500,0.054459,1.170167,658,8102659,65625,0,302,0,302,0,0,0,0,0,0,21405,14400,3510,3495,0
108,405,6.700542,6.590372,6.566746,0.000000,0.001084,0.000000,0.000000,0.034250,0.007625,0.301958,653,8107178,111185,0,2,0,2,0,0,0,0,0,0,5406,0,3510,1896,0
109,406,18.421625,18.297991,18.271819,0.000000,0.000249,0.000000,0.000000,0.042792,0.017791,0.603166,649,8102723,63215,0,302,0,302,0,0,0,0,0,0,20280,13072,4680,2528,0
110,407,7.517042,7.405410,7.392676,0.000000,0.000543,0.000000,0.000000,0.047458,0.018583,0.000000,671,8106969,111895,0,2,0,2,0,0,0,0,0,0,8304,1328,3510,3466,0
111,408,33.137208,32.987382,21.380380,0.000000,0.000582,0.000000,0.000000,0.050083,0.019875,0.927542,656,8102669,70185,0,302,0,302,0,0,0,0,0,0,19806,14400,3510,1896,0
112,409,18.211083,16.736785,10.033620,0.000000,0.002498,0.000000,0.000000,0.111209,0.040125,0.759541,658,8107087,105738,0,2,0,2,0,0,0,0,0,0,7208,0,4680,2528,0
113,410,31.189667,30.845532,23.053919,0.000000,0.001751,0.000000,0.000000,0.047000,0.017500,0.886458,656,8102599,73613,0,302,0,302,0,0,0,0,0,0,19806,14400,3510,1896,0
114,411,10.051625,9.935379,7.206303,0.000000,0.000334,0.000000,0.000000,0.035458,0.012167,0.293958,650,8107269,111765,0,2,0,2,0,0,0,0,0,0,5406,0,3510,1896,0
115,412,23.187583,23.025500,20.861421,0.000000,0.000708,0.000000,0.000000,0.039000,0.015167,0.921834,662,8102451,79511,0,302,0,302,0,0,0,0,0,0,21608,14400,4680,2528,0
116,413,16.389459,16.254756,8.901875,0.000000,0.001042,0.000000,0.000000,0.059250,0.050833,0.655834,650,8107305,110267,0,2,0,2,0,0,0,0,0,0,5406,0,3510,1896,0
117,414,29.406958,29.262317,22.337993,0.000000,0.001333,0.000000,0.000000,0.250083,0.082959,0.769542,660,8102516,97240,0,302,0,302,0,0,0,0,0,0,20830,14400,3510,2920,0
118,415,12.449250,12.321352,8.811470,0.000000,0.001041,0.000000,0.000000,0.054125,0.016250,0.605624,666,8106892,104241,0,2,0,2,0,0,0,0,0,0,8232,0,4680,3552,0
119,416,22.467125,22.334997,20.772550,0.000000,0.000625,0.000000,0.000000,0.046875,0.017000,0.920375,657,8102615,94867,0,302,0,302,0,0,0,0,0,0,21372,14400,3510,3462,0
120,417,6.662292,6.552822,6.522072,0.000000,0.000666,0.000000,0.000000,0.090625,0.016500,0.000000,651,8107243,107676,0,2,0,2,0,0,0,0,0,0,5406,0,3510,1896,0
121,418,43.868083,42.225309,24.725731,0.000000,0.001125,0.000000,0.000000,0.108333,0.022875,1.173916,664,8102466,100097,0,302,0,302,0,0,0,0,0,0,21608,14400,4680,2528,0
122,419,9.681542,9.568162,8.381158,0.000000,0.000791,0.000000,0.000000,0.088375,0.014250,0.298833,651,8107280,106334,0,2,0,2,0,0,0,0,0,0,5406,0,3510,1896,0
123,420,22.160083,22.033583,20.424223,0.000000,0.000460,0.000000,0.000000,0.047667,0.025833,0.656250,654,8102656,113373,0,302,0,302,0,0,0,0,0,0,19806,14400,3510,1896,0
124,421,6.673833,6.562316,6.545063,0.000000,0.001082,0.000000,0.000000,0.107292,0.020750,0.290417,657,8107042,99532,0,2,0,2,0,0,0,0,0,0,7208,0,4680,2528,0
125,422,32.956250,32.804616,23.017820,0.000000,0.000959,0.000000,0.000000,0.118334,0.040458,0.892208,657,8102677,113110,0,302,0,302,0,0,0,0,0,0,19806,14400,3510,1896,0
126,423,15.408834,15.287501,8.197395,0.000000,0.000457,0.000000,0.000000,0.051375,0.012958,0.617959,659,8107342,100429,0,2,0,2,0,0,0,0,0,0,7004,0,4536,2468,0
127,424,30.859750,30.689903,22.688564,0.000000,0.000501,0.000000,0.000000,0.052041,0.017667,0.585167,662,8102348,108273,0,302,0,302,0,0,0,0,0,0,21565,14400,3654,3511,0
128,425,10.490791,10.328580,7.573008,0.000000,0.001250,0.000000,0.000000,0.040834,0.020666,0.300000,652,8107217,101800,0,2,0,2,0,0,0,0,0,0,6959,0,3510,3449,0
129,426,22.821875,22.685110,20.845905,0.000000,0.000375,0.000000,0.000000,0.050125,0.019084,1.071916,668,8102467,104204,0,302,0,302,0,0,0,0,0,0,23154,14400,4680,4074,0
130,427,10.016250,9.886567,7.392473,0.000000,0.000917,0.000000,0.000000,0.039750,0.014042,0.000000,652,8107218,100901,0,2,0,2,0,0,0,0,0,0,5406,0,3510,1896,0
131,428,26.152334,25.994366,22.227911,0.000000,0.000709,0.000000,0.000000,0.124041,0.028834,0.907708,665,8102610,107869,0,302,0,302,0,0,0,0,0,0,22917,14400,3510,5007,0
132,429,10.765750,10.660343,7.703843,0.000000,0.000292,0.000000,0.000000,0.037250,0.013166,0.306833,659,8107095,93829,0,2,0,2,0,0,0,0,0,0,7208,0,4680,2528,0
133,430,29.009958,28.849912,23.778903,0.000000,0.001418,0.000000,0.000000,0.065500,0.046708,1.067959,665,8102558,106481,0,302,0,302,0,0,0,0,0,0,22982,14400,3510,5072,0
134,431,6.967250,6.843889,6.747162,0.000000,0.001043,0.000000,0.000000,0.039750,0.018583,0.000000,651,8107267,98184,0,2,0,2,0,0,0,0,0,0,5406,0,3510,1896,0
135,432,32.149667,31.960907,24.806207,0.000000,0.001168,0.000000,0.000000,0.052166,0.015834,0.898959,670,8102442,100074,0,302,0,302,0,0,0,0,0,0,24644,14400,4680,5564,0
136,433,9.660958,9.546758,6.928679,0.000000,0.001292,0.000000,0.000000,0.079958,0.038042,0.302125,655,8107139,95766,0,2,0,2,0,0,0,0,0,0,7018,0,3510,3508,0
137,434,23.105708,22.973628,21.082363,0.000000,0.000584,0.000000,0.000000,0.038000,0.050167,0.615542,662,8102636,103621,0,302,0,302,0,0,0,0,0,0,21397,14400,3510,3487,0
138,435,13.746834,13.623700,8.096475,0.000000,0.000958,0.000000,0.000000,0.274291,0.021709,0.627041,662,8107045,88520,0,2,0,2,0,0,0,0,0,0,8801,0,4680,4121,0
139,436,23.771083,23.646991,19.671707,0.000000,0.000792,0.000000,0.000000,0.046917,0.015458,0.600250,661,8102608,102595,0,302,0,302,0,0,0,0,0,0,21423,14400,3510,3513,0
140,437,24.093042,23.918743,8.704551,0.000000,0.000959,0.000000,0.000000,0.121333,0.070083,0.644084,656,8107218,92083,0,2,0,2,0,0,0,0,0,0,6969,0,3510,3459,0
141,438,46.525166,46.386922,23.936123,0.000000,0.000875,0.000000,0.000000,0.104292,0.024958,1.574086,667,8102495,96316,0,302,0,302,0,0,0,0,0,0,23197,14400,4680,4117,0
142,439,11.611667,11.508947,6.882006,0.000000,0.000458,0.000000,0.000000,0.037208,0.013542,0.297959,657,8107179,86965,0,2,0,2,0,0,0,0,0,0,5406,0,3510,1896,0
143,440,32.864000,32.725494,19.063894,0.000000,0.000792,0.000000,0.000000,0.091125,0.020542,0.956374,655,8102647,100496,0,302,0,302,0,0,0,0,0,0,21429,14400,3510,3519,0
144,441,18.810292,18.689864,8.144851,0.000000,0.000873,0.000000,0.000000,0.086791,0.017500,0.293875,662,8106814,81005,0,4,0,4,0,0,0,0,0,0,7208,0,4680,2528,0
145,442,31.991333,31.818405,21.677846,0.000000,0.000750,0.000000,0.000000,0.067042,0.018958,0.897250,665,8102677,93925,0,302,0,302,0,0,0,0,0,0,21432,14400,3510,3522,0
146,443,9.908250,9.778129,7.084971,0.000000,0.000709,0.000000,0.000000,0.041000,0.013042,0.290792,645,8107435,83371,0,2,0,2,0,0,0,0,0,0,5406,0,3510,1896,0
147,444,21.667583,21.536333,20.111245,0.000000,0.000999,0.000000,0.000000,0.043375,0.018834,0.599584,679,8102437,87550,0,302,0,302,0,0,0,0,0,0,23231,14400,4680,4151,0
148,445,6.933500,6.817572,6.795168,0.000000,0.000542,0.000000,0.000000,0.103542,0.023250,0.301208,639,8107335,81543,0,2,0,2,0,0,0,0,0,0,5406,0,3510,1896,0
149,446,43.343917,43.151137,24.579630,0.000000,0.000417,0.000000,0.000000,0.043292,0.052750,1.180791,669,8102520,91834,0,302,0,302,0,0,0,0,0,0,21425,14400,3510,3515,0
150,447,6.246500,6.143346,6.087243,0.000000,0.000501,0.000000,0.000000,0.028708,0.007250,0.613042,646,8107014,75695,0,2,0,2,0,0,0,0,0,0,7208,0,4680,2528,0
151,448,30.268667,30.111711,21.343466,0.000000,0.303457,0.000000,0.000000,0.078625,0.025375,1.232000,671,8102553,89252,0,302,0,302,0,0,0,0,0,0,21405,14400,3510,3495,0
152,449,6.345916,6.242496,6.214394,0.000000,0.000458,0.000000,0.000000,0.028375,0.007459,0.000000,638,8107379,79048,0,2,0,2,0,0,0,0,0,0,5406,0,3510,1896,0
153,450,31.903125,31.728443,24.046623,0.000000,0.000416,0.000000,0.000000,0.049959,0.025333,0.951125,679,8102525,83383,0,302,0,302,0,0,0,0,0,0,23229,14400,4680,4149,0
154,451,6.278625,6.178043,6.155749,0.000000,0.000415,0.000000,0.000000,0.034209,0.007875,0.293584,641,8107311,77783,0,2,0,2,0,0,0,0,0,0,5406,0,3510,1896,0
155,452,45.203792,45.026653,22.297502,0.000000,0.000667,0.000000,0.000000,0.049875,0.017292,1.187749,672,8102338,86554,0,302,0,302,0,0,0,0,0,0,21406,14400,3510,3496,0
156,453,6.241333,6.125961,6.129576,0.000000,0.000417,0.000000,0.000000,0.029125,0.009459,0.296792,646,8107312,71926,0,2,0,2,0,0,0,0,0,0,7208,0,4680,2528,0
157,454,26.955584,26.817083,21.026991,0.000000,0.001958,0.000000,0.000000,0.165250,0.026625,0.598709,672,8102599,87141,0,302,0,302,0,0,0,0,0,0,21375,14400,3510,3465,0
158,455,15.255041,15.130483,8.348614,0.000000,0.001708,0.000000,0.000000,0.091834,0.018291,0.600917,637,8107062,75265,0,2,0,2,0,0,0,0,0,0,5406,0,3510,1896,0
159,456,32.940084,32.780335,22.032107,0.000000,0.001126,0.000000,0.000000,0.082750,0.020916,0.882250,680,8102583,81065,0,302,0,302,0,0,0,0,0,0,23208,14400,4680,4128,0
160,457,6.384208,6.261250,6.261827,0.000000,0.000334,0.000000,0.000000,0.030042,0.008416,0.000000,640,8107318,73991,0,2,0,2,0,0,0,0,0,0,5406,0,3510,1896,0
161,458,21.766833,21.639860,18.851287,0.000000,0.000292,0.000000,0.000000,0.052459,0.020375,0.764709,673,8102439,84322,0,302,0,302,0,0,0,0,0,0,21323,14400,3510,3413,0
162,459,19.455500,19.287384,9.017164,0.000000,0.001626,0.000000,0.000000,0.113792,0.724417,0.583542,644,8107102,68140,0,12,0,12,0,0,0,0,0,0,7208,0,4680,2528,0
163,460,34.267542,34.101046,21.957076,0.000000,0.001040,0.000000,0.000000,0.124375,0.056167,0.878167,671,8102728,82666,0,292,0,292,0,0,0,0,0,0,21343,14400,3510,3433,0
164,461,6.548542,6.448278,6.400881,0.000000,0.000416,0.000000,0.000000,0.030125,0.008833,0.292833,640,8106984,71443,0,12,0,12,0,0,0,0,0,0,5406,0,3510,1896,0
165,462,21.295541,21.165375,19.618634,0.000000,0.000583,0.000000,0.000000,0.043542,0.018875,0.592500,679,8102628,76510,0,292,0,292,0,0,0,0,0,0,23193,14400,4680,4113,0
166,463,17.888042,17.704529,9.340252,0.000000,0.001582,0.000000,0.000000,0.132625,0.020375,0.591542,639,8107183,72441,0,12,0,12,0,0,0,0,0,0,5406,0,3510,1896,0
167,464,34.589250,34.438012,21.788760,0.000000,0.000625,0.000000,0.000000,0.101750,0.029583,0.882166,672,8102773,80382,0,292,0,292,0,0,0,0,0,0,21313,14400,3510,3403,0
168,465,9.297792,9.172910,6.801410,0.000000,0.000542,0.000000,0.000000,0.069166,0.015917,0.290459,646,8106933,67486,0,12,0,12,0,0,0,0,0,0,7208,0,4680,2528,0
169,466,35.089000,34.835913,21.659656,0.000000,0.001374,0.000000,0.000000,0.313666,0.052459,0.887625,673,8102744,84874,0,292,0,292,0,0,0,0,0,0,21387,14400,3510,3477,0
170,467,18.133125,17.933489,10.444635,0.000000,0.001041,0.000000,0.000000,0.170833,0.036958,0.590834,642,8107050,67561,0,12,0,12,0,0,0,0,0,0,5406,0,3510,1896,0
171,468,30.918291,30.700378,21.859736,0.000000,0.001251,0.000000,0.000000,0.155417,0.027250,0.880251,676,8102695,77839,0,292,0,292,0,0,0,0,0,0,23200,14400,4680,4120,0
172,469,14.060584,13.836150,8.223878,0.000000,0.001000,0.000000,0.000000,0.065875,0.026333,0.297000,640,8107021,66280,0,12,0,12,0,0,0,0,0,0,5406,0,3510,1896,0
173,470,21.929583,21.800051,19.604552,0.000000,0.000459,0.000000,0.000000,0.048417,0.019375,0.598042,672,8102723,77354,0,292,0,292,0,0,0,0,0,0,21380,14400,3510,3470,0
174,471,6.986375,6.860958,6.781332,0.000000,0.000250,0.000000,0.000000,0.122167,0.021041,0.302875,647,8107082,65047,0,12,0,12,0,0,0,0,0,0,7208,0,4680,2528,0
175,472,36.936958,36.780700,22.855409,0.000000,0.000543,0.000000,0.000000,0.055500,0.025334,0.882541,669,8102776,77140,0,292,0,292,0,0,0,0,0,0,21412,14400,3510,3502,0
176,473,6.380459,6.277136,6.276755,0.000000,0.000376,0.000000,0.000000,0.027541,0.006125,0.294041,640,8107046,65041,0,12,0,12,0,0,0,0,0,0,5406,0,3510,1896,0
177,474,43.252208,43.046576,23.930680,0.000000,0.000791,0.000000,0.000000,0.044542,0.017208,1.194166,679,8102538,74426,0,292,0,292,0,0,0,0,0,0,23163,14400,4680,4083,0
178,475,6.358333,6.258699,6.214978,0.000000,0.000457,0.000000,0.000000,0.026500,0.008125,0.000000,639,8107162,62388,0,12,0,12,0,0,0,0,0,0,5406,0,3510,1896,0
179,476,24.500625,24.331947,19.941292,0.000000,0.001417,0.000000,0.000000,0.191167,3.042833,0.886791,676,8102700,73348,0,292,0,292,0,0,0,0,0,0,22927,14400,4536,3991,0
180,477,21.552625,21.168500,8.116120,0.000000,0.001291,0.000000,0.000000,0.093042,0.023250,0.592541,640,8107044,61166,0,12,0,12,0,0,0,0,0,0,5610,0,3654,1956,0
181,478,31.344542,31.181128,22.272726,0.000000,0.000665,0.000000,0.000000,0.052250,0.017167,1.207833,670,8102727,72407,0,292,0,292,0,0,0,0,0,0,21415,14400,3510,3505,0
182,479,6.429833,6.321720,6.300328,0.000000,0.000291,0.000000,0.000000,0.029292,0.009708,0.000000,649,8107174,59830,0,12,0,12,0,0,0,0,0,0,7208,0,4680,2528,0
183,480,25.653375,25.505054,20.377636,0.000000,0.000876,0.000000,0.000000,0.105292,0.023333,0.943542,670,8102592,71153,0,292,0,292,0,0,0,0,0,0,21413,14400,3510,3503,0
184,481,16.093167,15.927380,8.952119,0.000000,0.001833,0.000000,0.000000,0.099375,0.043083,0.290375,637,8107080,58511,0,12,0,12,0,0,0,0,0,0,5406,0,3510,1896,0
185,482,27.335458,26.779734,20.833947,0.000000,0.001543,0.000000,0.000000,0.102709,0.036666,0.876958,678,8102682,71352,0,292,0,292,0,0,0,0,0,0,23220,14400,4680,4140,0
186,483,10.219125,10.102959,6.897817,0.000000,0.000666,0.000000,0.000000,0.055292,0.014375,0.291084,638,8106887,57240,0,12,0,12,0,0,0,0,0,0,5406,0,3510,1896,0
187,484,21.172917,21.042977,19.027925,0.000000,0.000542,0.000000,0.000000,0.039833,0.016792,0.909834,673,8102946,67329,0,292,0,292,0,0,0,0,0,0,21405,14400,3510,3495,0
188,485,17.174625,17.041171,10.086447,0.000000,0.001834,0.000000,0.000000,0.121917,0.015416,0.294792,644,8106772,55957,0,12,0,12,0,0,0,0,0,0,7208,0,4680,2528,0
189,486,30.386000,30.239631,21.659884,0.000000,0.001167,0.000000,0.000000,0.186083,0.031875,0.929584,673,8102874,65094,0,292,0,292,0,0,0,0,0,0,21414,14400,3510,3504,0
190,487,11.752042,11.633749,8.082258,0.000000,0.001583,0.000000,0.000000,0.048500,0.044041,0.296667,637,8107159,54650,0,12,0,12,0,0,0,0,0,0,5406,0,3510,1896,0
191,488,21.028000,20.852034,18.633701,0.000000,0.000251,0.000000,0.000000,0.041583,0.027875,0.591291,680,8102486,63956,0,292,0,292,0,0,0,0,0,0,23223,14400,4680,4143,0
192,489,6.393000,6.282724,6.277178,0.000000,0.000333,0.000000,0.000000,0.036083,0.016792,0.645500,639,8107250,53354,0,12,0,12,0,0,0,0,0,0,5406,0,3510,1896,0
193,490,31.221500,31.079794,22.258533,0.000000,0.001083,0.000000,0.000000,0.048083,0.016458,1.044208,673,8102790,63004,0,292,0,292,0,0,0,0,0,0,21400,14400,3510,3490,0
194,491,18.858666,18.682329,9.419067,0.000000,0.001835,0.000000,0.000000,0.125917,0.018958,0.302375,647,8106792,52070,0,12,0,12,0,0,0,0,0,0,7208,0,4680,2528,0
195,492,31.351875,31.205678,23.105278,0.000000,0.000874,0.000000,0.000000,0.075959,0.021333,1.038709,670,8102719,61644,0,292,0,292,0,0,0,0,0,0,21361,14400,3510,3451,0
196,493,9.995792,9.510788,6.899709,0.000000,0.000542,0.000000,0.000000,0.037583,0.011375,0.304917,638,8107019,51536,0,22,0,22,0,0,0,0,0,0,5406,0,3510,1896,0
197,494,21.305125,21.168453,19.501695,0.000000,0.000749,0.000000,0.000000,0.036667,0.021083,0.585001,677,8102842,60194,0,282,0,282,0,0,0,0,0,0,23215,14400,4680,4135,0
198,495,6.908667,6.798146,6.783773,0.000000,0.000417,0.000000,0.000000,0.103875,1.026250,0.294750,639,8106918,50304,0,22,0,22,0,0,0,0,0,0,5406,0,3510,1896,0
199,496,37.506166,37.339008,22.679746,0.000000,0.000542,0.000000,0.000000,0.045584,0.022458,0.936709,673,8102973,58683,0,282,0,282,0,0,0,0,0,0,21395,14400,3510,3485,0
200,497,6.746750,6.639875,6.614911,0.000000,0.000416,0.000000,0.000000,0.034959,0.017250,0.293667,648,8106887,48211,0,12,0,12,0,0,0,0,0,0,7208,0,4680,2528,0
201,498,43.117209,42.894664,23.989244,0.000000,0.001041,0.000000,0.000000,0.063291,0.020709,1.268458,673,8102808,57026,0,292,0,292,0,0,0,0,0,0,21340,14400,3510,3430,0
202,499,8.518625,8.395807,8.067598,0.000000,0.001374,0.000000,0.000000,0.146166,0.025834,0.292458,639,8106810,46919,0,22,0,22,0,0,0,0,0,0,5406,0,3510,1896,0
203,500,27.843333,27.668428,21.914246,0.000000,0.000375,0.000000,0.000000,0.048833,0.016584,0.910125,676,8102849,56204,0,282,0,282,0,0,0,0,0,0,23181,14400,4680,4101,0
204,501,6.543917,6.426462,6.420589,0.000000,0.000376,0.000000,0.000000,0.117583,0.026917,0.000000,642,8106939,45655,0,22,0,22,0,0,0,0,0,0,5406,0,3510,1896,0
205,502,56.509458,56.239918,27.815561,0.000000,0.000540,0.000000,0.000000,0.045042,0.019291,1.475708,669,8102896,54091,0,282,0,282,0,0,0,0,0,0,21036,14400,3510,3126,0
206,503,6.477458,6.373884,6.372621,0.000000,0.000291,0.000000,0.000000,0.029292,0.008625,0.305375,647,8106723,45385,0,22,0,22,0,0,0,0,0,0,7208,0,4680,2528,0
207,504,29.548084,29.280006,19.944274,0.000000,0.001624,0.000000,0.000000,0.193750,0.102875,1.248416,672,8103153,52986,0,282,0,282,0,0,0,0,0,0,21049,14400,3510,3139,0
208,505,11.407916,11.258009,9.021261,0.000000,0.001291,0.000000,0.000000,0.097875,0.016584,0.313000,638,8106984,43074,0,22,0,22,0,0,0,0,0,0,5406,0,3510,1896,0
209,506,22.478875,22.350204,19.386207,0.000000,0.001000,0.000000,0.000000,0.066209,0.032791,0.597834,680,8102739,51367,0,282,0,282,0,0,0,0,0,0,22862,14400,4680,3782,0
210,507,7.283167,7.122627,7.039547,0.000000,0.000667,0.000000,0.000000,0.122875,0.028500,0.310375,638,8106726,41782,0,22,0,22,0,0,0,0,0,0,5406,0,3510,1896,0
211,508,48.657500,48.538736,21.811672,0.000000,0.001126,0.000000,0.000000,0.106208,0.035459,1.197542,669,8103095,50505,0,282,0,282,0,0,0,0,0,0,21066,14400,3510,3156,0
212,509,10.185083,10.045467,7.383576,0.000000,0.000584,0.000000,0.000000,0.041584,0.012458,0.298583,646,8106783,46925,0,22,0,22,0,0,0,0,0,0,7208,0,4680,2528,0
213,510,21.033042,20.906545,18.466702,0.000000,0.000834,0.000000,0.000000,0.045458,0.013625,0.613959,669,8102870,48657,0,282,0,282,0,0,0,0,0,0,21078,14400,3510,3168,0
214,511,14.309708,14.169218,9.497864,0.000000,0.001541,0.000000,0.000000,0.153834,0.026458,0.669125,638,8107054,39193,0,22,0,22,0,0,0,0,0,0,5406,0,3510,1896,0
215,512,25.993584,25.838920,20.862660,0.000000,0.000958,0.000000,0.000000,0.103125,0.022000,0.618959,676,8102673,47795,0,282,0,282,0,0,0,0,0,0,22881,14400,4680,3801,0
216,513,7.299083,7.195387,7.083583,0.000000,0.000832,0.000000,0.000000,0.097500,0.040583,0.302916,641,8106786,37888,0,22,0,22,0,0,0,0,0,0,5406,0,3510,1896,0
217,514,34.229000,34.073922,21.870284,0.000000,0.001166,0.000000,0.000000,0.091875,0.020708,0.874041,669,8103100,45666,0,282,0,282,0,0,0,0,0,0,19807,14400,3510,1897,0
218,515,10.516833,10.406665,7.727561,0.000000,0.000792,0.000000,0.000000,0.089042,0.013208,0.295041,645,8106784,37458,0,22,0,22,0,0,0,0,0,0,7208,0,4680,2528,0
219,516,21.275250,21.132039,19.480548,0.000000,0.000625,0.000000,0.000000,0.050500,0.025875,0.582208,665,8102964,44179,0,282,0,282,0,0,0,0,0,0,19806,14400,3510,1896,0
220,517,6.968042,6.816544,6.812504,0.000000,0.000500,0.000000,0.000000,0.117667,0.020375,0.000000,638,8106876,35756,0,22,0,22,0,0,0,0,0,0,5406,0,3510,1896,0
221,518,31.598708,31.480933,20.470920,0.000000,0.000417,0.000000,0.000000,0.049792,0.019958,1.055834,676,8102786,46484,0,282,0,282,0,0,0,0,0,0,21608,14400,4680,2528,0
222,519,33.317625,32.992122,10.424620,0.000000,0.001916,0.000000,0.000000,0.257584,0.048375,1.188584,639,8106895,39805,0,22,0,22,0,0,0,0,0,0,5406,0,3510,1896,0
223,520,25.392584,25.362854,19.874636,0.000000,0.000376,0.000000,0.000000,0.043625,0.022583,0.609834,670,8102988,47768,0,282,0,282,0,0,0,0,0,0,19806,14400,3510,1896,0
224,521,6.782000,6.680822,6.658955,0.000000,0.000457,0.000000,0.000000,0.029541,0.007042,0.306417,653,8106726,37360,0,22,0,22,0,0,0,0,0,0,8232,0,4680,3552,0
225,522,38.234208,34.770162,23.287379,0.000000,0.001249,0.000000,0.000000,0.104375,0.073958,0.883208,672,8102910,41514,0,282,0,282,0,0,0,0,0,0,20830,14400,3510,2920,0
226,523,6.937000,6.826586,6.776595,0.000000,0.000333,0.000000,0.000000,0.033417,0.008250,0.322375,642,8106794,33601,0,32,0,32,0,0,0,0,0,0,6673,0,3510,3163,0
227,524,20.953875,20.821287,18.510122,0.000000,0.000375,0.000000,0.000000,0.039833,0.017209,0.761667,673,8102696,41280,0,272,0,272,0,0,0,0,0,0,21608,14400,4680,2528,0
228,525,17.634958,17.502371,8.903790,0.000000,0.001042,0.000000,0.000000,0.090292,0.020917,0.294084,638,8106971,33462,0,32,0,32,0,0,0,0,0,0,5406,0,3510,1896,0
229,526,30.362500,30.196212,21.352592,0.000000,0.001624,0.000000,0.000000,0.100584,0.021541,0.884875,665,8102972,41190,0,272,0,272,0,0,0,0,0,0,19806,14400,3510,1896,0
230,527,10.141709,10.021418,7.623959,0.000000,0.000874,0.000000,0.000000,0.067333,0.033833,0.344417,644,8106816,33523,0,32,0,32,0,0,0,0,0,0,7208,0,4680,2528,0
231,528,21.514333,21.357835,19.654293,0.000000,0.000248,0.000000,0.000000,0.048958,0.023209,0.602208,655,8102714,41302,0,302,0,302,0,0,0,0,0,0,19806,14400,3510,1896,0
232,529,20.373750,20.245021,18.187735,0.000000,0.000291,0.000000,0.000000,0.048792,0.021500,0.640207,672,8102881,41183,0,272,0,272,0,0,0,0,0,0,21404,14400,4536,2468,0
233,530,16.801750,16.673544,8.731211,0.000000,0.001291,0.000000,0.000000,0.093917,0.017791,0.655583,640,8106723,33508,0,32,0,32,0,0,0,0,0,0,5610,0,3654,1956,0
234,531,34.119500,33.953614,21.336250,0.000000,0.000790,0.000000,0.000000,0.047708,0.032834,0.917418,666,8103223,41189,0,272,0,272,0,0,0,0,0,0,19806,14400,3510,1896,0
235,532,10.381542,9.341940,7.538412,0.000000,0.000625,0.000000,0.000000,0.046250,0.026500,0.303250,648,8106699,33441,0,22,0,22,0,0,0,0,0,0,7208,0,4680,2528,0
236,533,22.320750,22.065456,19.647076,0.000000,0.001084,0.000000,0.000000,0.044125,0.017666,0.613709,673,8102909,41439,0,282,0,282,0,0,0,0,0,0,21008,14400,3510,3098,0
237,534,17.851083,17.698825,9.623119,0.000000,0.001959,0.000000,0.000000,0.083125,0.017958,0.603417,642,8106853,33565,0,32,0,32,0,0,0,0,0,0,6577,0,3510,3067,0
238,535,30.138500,29.979195,20.748138,0.000000,0.001667,0.000000,0.000000,0.097292,0.023000,0.911416,680,8102956,41405,0,272,0,272,0,0,0,0,0,0,22806,14400,4680,3726,0
239,536,10.930625,10.814209,8.192998,0.000000,0.001084,0.000000,0.000000,0.073625,0.014167,0.329209,647,8106578,33692,0,32,0,32,0,0,0,0,0,0,7818,0,3510,4308,0
240,537,22.849875,22.700716,20.650373,0.000000,0.000834,0.000000,0.000000,0.061625,0.020125,0.635792,671,8103125,41270,0,272,0,272,0,0,0,0,0,0,21039,14400,3510,3129,0
241,538,37.744708,36.917071,10.702860,0.000000,0.002499,0.000000,0.000000,0.181250,0.226125,0.917125,651,8106735,33551,0,22,0,22,0,0,0,0,0,0,8373,0,4680,3693,0
242,539,25.787209,25.679036,20.294596,0.000000,0.000542,0.000000,0.000000,0.060833,0.023667,0.984251,675,8102934,41491,0,282,0,282,0,0,0,0,0,0,22037,14400,3510,4127,0
243,540,7.021250,6.914040,6.907202,0.000000,0.000334,0.000000,0.000000,0.059250,0.013625,0.000000,644,8106659,33574,0,32,0,32,0,0,0,0,0,0,6537,0,3510,3027,0
244,541,58.654291,58.234609,28.739627,0.000000,0.001834,0.000000,0.000000,0.337000,0.112084,1.884624,673,8102964,41332,0,272,0,272,0,0,0,0,0,0,22762,14400,4680,3682,0
245,542,11.371042,11.245027,8.012228,0.000000,0.001165,0.000000,0.000000,0.450833,0.060459,0.323708,646,8106771,33695,0,32,0,32,0,0,0,0,0,0,7767,0,3510,4257,0
246,543,22.741125,22.656799,19.496443,0.000000,0.000876,0.000000,0.000000,0.060917,0.031791,0.587834,670,8103084,41294,0,272,0,272,0,0,0,0,0,0,20933,14400,3510,3023,0
247,544,7.633417,7.512916,7.416545,0.000000,0.000459,0.000000,0.000000,0.114041,0.018584,0.294750,648,8106736,33562,0,22,0,22,0,0,0,0,0,0,8290,0,4680,3610,0
248,545,32.246791,32.065291,22.724661,0.000000,0.000624,0.000000,0.000000,0.062709,0.031291,1.257584,670,8102817,41381,0,282,0,282,0,0,0,0,0,0,20936,14400,3510,3026,0
249,546,17.325709,17.147626,9.875678,0.000000,0.001291,0.000000,0.000000,0.134625,0.041333,0.292750,642,8106888,33519,0,32,0,32,0,0,0,0,0,0,5406,0,3510,1896,0
250,547,31.164708,30.933959,22.087013,0.000000,0.000709,0.000000,0.000000,0.057750,0.020708,0.902458,674,8102795,41379,0,272,0,272,0,0,0,0,0,0,22766,14400,4680,3686,0
251,548,10.289708,10.062811,7.856879,0.000000,0.002207,0.000000,0.000000,0.051084,0.013083,0.297458,637,8106927,33461,0,32,0,32,0,0,0,0,0,0,5406,0,3510,1896,0
252,549,21.499000,21.371884,18.669739,0.000000,0.001292,0.000000,0.000000,0.048584,0.017125,0.584958,672,8103064,41297,0,272,0,272,0,0,0,0,0,0,20947,14400,3510,3037,0
253,550,12.249542,12.094342,9.170508,0.000000,0.001126,0.000000,0.000000,0.210875,0.348833,0.297917,644,8106847,33444,0,22,0,22,0,0,0,0,0,0,7208,0,4680,2528,0
254,551,25.879000,25.709260,21.720047,0.000000,0.001585,0.000000,0.000000,0.233208,0.106834,1.221292,670,8102924,41389,0,282,0,282,0,0,0,0,0,0,20939,14400,3510,3029,0
255,552,9.158625,9.079808,7.656122,0.000000,0.001958,0.000000,0.000000,0.046083,0.039542,0.292209,640,8106576,33466,0,32,0,32,0,0,0,0,0,0,5406,0,3510,1896,0
256,553,36.201167,36.018059,21.814997,0.000000,0.000750,0.000000,0.000000,0.060000,0.021708,0.885708,677,8103046,41402,0,272,0,272,0,0,0,0,0,0,22709,14400,4680,3629,0
257,554,10.262958,10.151075,7.254607,0.000000,0.000666,0.000000,0.000000,0.042875,0.012833,0.300375,641,8106686,33447,0,32,0,32,0,0,0,0,0,0,5406,0,3510,1896,0
258,555,20.793917,20.576041,18.809158,0.000000,0.000251,0.000000,0.000000,0.044375,0.016791,0.597208,670,8103314,41338,0,272,0,272,0,0,0,0,0,0,20912,14400,3510,3002,0
259,556,6.910208,6.768582,6.765165,0.000000,0.000459,0.000000,0.000000,0.124292,0.018000,0.291875,648,8106634,33448,0,22,0,22,0,0,0,0,0,0,7208,0,4680,2528,0
260,557,53.607708,53.316751,27.981596,0.000000,0.000750,0.000000,0.000000,0.052000,0.020042,1.498958,672,8103036,41382,0,282,0,282,0,0,0,0,0,0,20901,14400,3510,2991,0
261,558,7.043834,6.922284,6.927038,0.000000,0.000292,0.000000,0.000000,0.025583,0.010292,0.000000,640,8106648,33458,0,32,0,32,0,0,0,0,0,0,5406,0,3510,1896,0
262,559,21.212458,21.081919,18.135807,0.000000,0.000668,0.000000,0.000000,0.048625,0.018125,0.909333,677,8102986,41384,0,272,0,272,0,0,0,0,0,0,22692,14400,4680,3612,0
263,560,22.058375,19.262700,9.419369,0.000000,0.001417,0.000000,0.000000,0.145833,0.043959,0.593542,638,8106721,33463,0,32,0,32,0,0,0,0,0,0,5406,0,3510,1896,0
264,561,20.452375,20.362488,18.212824,0.000000,0.000417,0.000000,0.000000,0.044208,0.035750,0.749875,672,8103217,41302,0,272,0,272,0,0,0,0,0,0,20878,14400,3510,2968,0
265,562,6.783583,6.677088,6.655910,0.000000,0.000377,0.000000,0.000000,0.039709,0.011416,0.311042,648,8106573,33556,0,32,0,32,0,0,0,0,0,0,7208,0,4680,2528,0
266,563,46.963834,46.675060,24.304578,0.000000,0.001459,0.000000,0.000000,0.085625,0.021958,1.178376,673,8103075,41467,0,272,0,272,0,0,0,0,0,0,20848,14400,3510,2938,0
267,564,10.603541,10.487909,8.005631,0.000000,0.000707,0.000000,0.000000,0.072625,0.012917,0.292083,639,8106824,33569,0,32,0,32,0,0,0,0,0,0,5406,0,3510,1896,0
268,565,20.762292,20.590323,17.726672,0.000000,0.001125,0.000000,0.000000,0.043083,0.017084,0.587458,678,8102858,41452,0,272,0,272,0,0,0,0,0,0,22644,14400,4680,3564,0
269,566,10.600667,10.478831,7.647407,0.000000,0.001334,0.000000,0.000000,0.113250,0.036125,0.328916,639,8106954,33551,0,32,0,32,0,0,0,0,0,0,5406,0,3510,1896,0
270,567,29.605416,29.484050,17.093950,0.000000,0.000707,0.000000,0.000000,0.043959,0.025791,0.900708,673,8103062,41381,0,272,0,272,0,0,0,0,0,0,20815,14400,3510,2905,0
271,568,26.099250,25.859988,9.906406,0.000000,0.001126,0.000000,0.000000,0.093667,0.017333,0.584876,646,8106450,33533,0,32,0,32,0,0,0,0,0,0,7208,0,4680,2528,0
272,569,44.927375,44.762980,22.450949,0.000000,0.000916,0.000000,0.000000,0.048459,0.041083,1.464707,669,8103173,41480,0,272,0,272,0,0,0,0,0,0,20751,14400,3510,2841,0
273,570,6.973417,6.859806,6.848420,0.000000,0.000292,0.000000,0.000000,0.026208,0.008750,0.000000,638,8106783,33526,0,32,0,32,0,0,0,0,0,0,5406,0,3510,1896,0
274,571,19.324208,19.201157,17.324707,0.000000,0.000375,0.000000,0.000000,0.044334,0.021541,0.583334,681,8102724,41478,0,272,0,272,0,0,0,0,0,0,22607,14400,4680,3527,0
275,572,17.580750,17.464490,8.188293,0.000000,0.001292,0.000000,0.000000,0.100750,0.024334,0.610501,638,8106930,33561,0,32,0,32,0,0,0,0,0,0,5406,0,3510,1896,0
276,573,31.730584,31.572389,20.027755,0.000000,0.000834,0.000000,0.000000,0.079000,0.019666,0.878041,672,8103090,41421,0,272,0,272,0,0,0,0,0,0,20848,14400,3510,2938,0
277,574,10.575416,10.452508,7.666281,0.000000,0.000543,0.000000,0.000000,0.041750,0.011917,0.292000,644,8106564,33623,0,32,0,32,0,0,0,0,0,0,7208,0,4680,2528,0
278,575,20.117959,19.993042,17.377129,0.000000,0.000626,0.000000,0.000000,0.072458,0.015292,0.644208,667,8103252,41389,0,272,0,272,0,0,0,0,0,0,20822,14400,3510,2912,0
279,576,6.981041,6.869785,6.834037,0.000000,0.000958,0.000000,0.000000,0.118417,0.021417,0.000000,639,8106806,33581,0,32,0,32,0,0,0,0,0,0,5406,0,3510,1896,0
280,577,29.692792,22.403287,18.136006,0.000000,0.000625,0.000000,0.000000,0.101208,0.041292,0.879667,679,8102666,41521,0,272,0,272,0,0,0,0,0,0,22647,14400,4680,3567,0
281,578,18.796375,18.677048,7.869116,0.000000,0.001334,0.000000,0.000000,0.104542,0.019000,0.608542,638,8106913,33613,0,32,0,32,0,0,0,0,0,0,5406,0,3510,1896,0
282,579,30.241250,30.083996,18.778919,0.000000,0.001250,0.000000,0.000000,0.066125,0.039958,0.876667,669,8103150,41490,0,272,0,272,0,0,0,0,0,0,20838,14400,3510,2928,0
283,580,10.906667,10.780042,7.376459,0.000000,0.000750,0.000000,0.000000,0.047458,0.019000,0.291417,645,8106675,33664,0,32,0,32,0,0,0,0,0,0,7208,0,4680,2528,0
284,581,19.299083,19.176590,17.486959,0.000000,0.000583,0.000000,0.000000,0.039458,0.059875,0.710959,671,8103095,41472,0,272,0,272,0,0,0,0,0,0,20827,14400,3510,2917,0
285,582,7.910750,7.757756,7.442010,0.000000,0.001208,0.000000,0.000000,0.398625,0.067667,0.000000,644,8106504,33554,0,32,0,32,0,0,0,0,0,0,7004,0,4536,2468,0
286,583,28.029167,27.866255,21.145701,0.000000,0.001208,0.000000,0.000000,0.185750,0.043208,1.033501,672,8103197,41542,0,272,0,272,0,0,0,0,0,0,21071,14400,3654,3017,0
287,584,10.528250,10.389262,7.602297,0.000000,0.000792,0.000000,0.000000,0.045833,0.013125,0.306250,638,8106806,33581,0,32,0,32,0,0,0,0,0,0,5406,0,3510,1896,0
288,585,25.871750,25.716738,19.920112,0.000000,0.000583,0.000000,0.000000,0.100208,0.073625,0.641167,678,8102860,41477,0,272,0,272,0,0,0,0,0,0,22684,14400,4680,3604,0
289,586,9.611416,9.499579,7.317830,0.000000,0.000458,0.000000,0.000000,0.037292,0.011792,0.294792,638,8106755,33574,0,32,0,32,0,0,0,0,0,0,5406,0,3510,1896,0
290,587,28.174417,27.962484,20.335111,0.000000,0.001292,0.000000,0.000000,0.050750,0.022333,0.891584,672,8103121,41393,0,272,0,272,0,0,0,0,0,0,20900,14400,3510,2990,0
291,588,6.729750,6.625711,6.545871,0.000000,0.000209,0.000000,0.000000,0.039000,0.009042,0.000000,646,8106713,33578,0,32,0,32,0,0,0,0,0,0,7208,0,4680,2528,0
292,589,28.196667,28.036685,22.159841,0.000000,0.000709,0.000000,0.000000,0.054541,0.019500,0.874792,669,8102829,41478,0,272,0,272,0,0,0,0,0,0,20909,14400,3510,2999,0
293,590,6.425708,6.323151,6.327338,0.000000,0.000251,0.000000,0.000000,0.020792,0.006166,0.299042,641,8107065,33632,0,32,0,32,0,0,0,0,0,0,5406,0,3510,1896,0
294,591,35.108250,34.874756,23.078374,0.000000,0.003792,0.000000,0.000000,0.048708,0.049125,0.880542,675,8102766,41561,0,272,0,272,0,0,0,0,0,0,22669,14400,4680,3589,0
295,592,10.815500,10.704914,7.228953,0.000000,0.000792,0.000000,0.000000,0.044583,0.011542,0.299500,636,8106696,33647,0,32,0,32,0,0,0,0,0,0,5406,0,3510,1896,0
296,593,19.853125,19.716902,18.059433,0.000000,0.000667,0.000000,0.000000,0.039125,0.031333,0.584959,672,8103103,41495,0,272,0,272,0,0,0,0,0,0,20901,14400,3510,2991,0
297,594,10.396917,10.279319,8.286628,0.000000,0.001209,0.000000,0.000000,0.078541,0.013917,0.346583,644,8106615,33626,0,32,0,32,0,0,0,0,0,0,7208,0,4680,2528,0
298,595,27.129708,26.991203,19.522745,0.000000,0.000582,0.000000,0.000000,0.074250,0.065708,0.592916,672,8103191,41566,0,272,0,272,0,0,0,0,0,0,20912,14400,3510,3002,0
299,596,17.748083,17.524140,8.387284,0.000000,0.001251,0.000000,0.000000,0.129250,0.024500,0.591750,640,8106701,33621,0,32,0,32,0,0,0,0,0,0,5406,0,3510,1896,0
300,597,29.017875,28.865298,21.763427,0.000000,0.001417,0.000000,0.000000,0.119542,0.023167,0.890125,676,8103079,41494,0,272,0,272,0,0,0,0,0,0,22750,14400,4680,3670,0
301,598,10.366500,10.257415,7.595925,0.000000,0.000709,0.000000,0.000000,0.076084,0.041208,0.293834,639,8106693,33623,0,32,0,32,0,0,0,0,0,0,5406,0,3510,1896,0
302,599,19.812417,19.686358,17.600794,0.000000,0.000334,0.000000,0.000000,0.041333,0.021084,0.661125,671,8103022,41395,0,272,0,272,0,0,0,0,0,0,20919,14400,3510,3009,0
303,600,6.693333,6.588525,6.593465,0.000000,0.000251,0.000000,0.000000,0.033000,0.043667,0.000000,648,8106747,33602,0,32,0,32,0,0,0,0,0,0,7208,0,4680,2528,0
304,601,29.658334,29.504076,20.606482,0.000000,0.000584,0.000000,0.000000,0.052791,0.019834,0.887500,672,8103128,41500,0,272,0,272,0,0,0,0,0,0,20919,14400,3510,3009,0
305,602,6.853958,6.740541,6.726969,0.000000,0.000501,0.000000,0.000000,0.120750,0.017750,0.454083,639,8106851,33622,0,32,0,32,0,0,0,0,0,0,5406,0,3510,1896,0
306,603,29.922250,29.770880,20.137639,0.000000,0.000459,0.000000,0.000000,0.115333,0.023292,0.595875,679,8102855,41482,0,272,0,272,0,0,0,0,0,0,22712,14400,4680,3632,0
307,604,10.917708,9.095201,7.571664,0.000000,0.000459,0.000000,0.000000,0.054417,0.040792,0.601083,637,8106644,33640,0,32,0,32,0,0,0,0,0,0,5406,0,3510,1896,0
308,605,28.257375,28.102228,19.652051,0.000000,0.001083,0.000000,0.000000,0.050875,0.023959,0.591834,668,8103104,41392,0,272,0,272,0,0,0,0,0,0,20920,14400,3510,3010,0
309,606,6.874042,6.770783,6.754989,0.000000,0.000250,0.000000,0.000000,0.031542,0.007291,0.291333,646,8106607,33594,0,32,0,32,0,0,0,0,0,0,7208,0,4680,2528,0
310,607,35.691458,35.525662,21.457958,0.000000,0.000710,0.000000,0.000000,0.049375,0.018417,0.896875,666,8103218,41497,0,272,0,272,0,0,0,0,0,0,20940,14400,3510,3030,0
311,608,10.535667,10.417298,7.271959,0.000000,0.001125,0.000000,0.000000,0.037708,0.011709,0.319500,637,8106644,33599,0,32,0,32,0,0,0,0,0,0,5406,0,3510,1896,0
312,609,19.792375,19.667211,17.789745,0.000000,0.000666,0.000000,0.000000,0.045167,0.017958,0.598875,679,8103068,41479,0,272,0,272,0,0,0,0,0,0,22744,14400,4680,3664,0
313,610,7.190208,7.078587,7.050418,0.000000,0.000666,0.000000,0.000000,0.111459,0.018875,0.299417,638,8106679,33600,0,32,0,32,0,0,0,0,0,0,5406,0,3510,1896,0
314,611,29.690042,29.485676,19.138345,0.000000,0.001207,0.000000,0.000000,0.048708,0.018042,0.655000,671,8103173,41390,0,272,0,272,0,0,0,0,0,0,20919,14400,3510,3009,0
315,612,17.345250,17.216269,8.239125,0.000000,0.000960,0.000000,0.000000,0.069375,0.015500,0.590500,646,8106514,33581,0,32,0,32,0,0,0,0,0,0,7208,0,4680,2528,0
316,613,29.186458,28.847447,19.158289,0.000000,0.001208,0.000000,0.000000,0.184334,0.049458,0.907834,666,8103124,41478,0,272,0,272,0,0,0,0,0,0,20911,14400,3510,3001,0
317,614,10.463084,10.376058,7.867258,0.000000,0.001291,0.000000,0.000000,0.088250,0.021375,0.290750,641,8106945,33614,0,32,0,32,0,0,0,0,0,0,5406,0,3510,1896,0
318,615,19.934666,19.681671,17.480556,0.000000,0.000290,0.000000,0.000000,0.053750,0.052000,0.599209,678,8102698,41391,0,272,0,272,0,0,0,0,0,0,22694,14400,4680,3614,0
319,616,6.702250,6.597846,6.564790,0.000000,0.000292,0.000000,0.000000,0.025625,0.014584,0.000000,639,8106926,33571,0,32,0,32,0,0,0,0,0,0,5406,0,3510,1896,0
320,617,33.695000,32.694463,24.158365,0.000000,0.000582,0.000000,0.000000,0.078834,0.028625,0.901167,671,8103140,41392,0,272,0,272,0,0,0,0,0,0,20863,14400,3510,2953,0
321,618,10.440084,10.307016,7.531886,0.000000,0.000583,0.000000,0.000000,0.041833,0.012500,0.307084,647,8106558,33598,0,32,0,32,0,0,0,0,0,0,7208,0,4680,2528,0
322,619,21.176416,20.791162,18.115120,0.000000,0.000958,0.000000,0.000000,0.054000,0.022792,0.589333,668,8103012,41468,0,272,0,272,0,0,0,0,0,0,20880,14400,3510,2970,0
323,620,16.559709,16.433428,8.964964,0.000000,0.000959,0.000000,0.000000,0.097500,0.016208,0.597792,638,8106900,33600,0,32,0,32,0,0,0,0,0,0,5406,0,3510,1896,0
324,621,21.014375,20.890632,17.587674,0.000000,0.000625,0.000000,0.000000,0.100333,0.027458,0.603000,681,8102737,41527,0,272,0,272,0,0,0,0,0,0,22695,14400,4680,3615,0
325,622,20.391708,20.214683,8.726694,0.000000,0.001040,0.000000,0.000000,0.098167,0.015000,0.593709,639,8107031,33583,0,32,0,32,0,0,0,0,0,0,5406,0,3510,1896,0
326,623,25.027833,24.885534,18.570911,0.000000,0.000667,0.000000,0.000000,0.046584,0.021250,0.744250,666,8103102,41339,0,272,0,272,0,0,0,0,0,0,19806,14400,3510,1896,0
327,624,10.668667,10.548587,7.921710,0.000000,0.001501,0.000000,0.000000,0.042500,0.012875,0.317791,645,8106743,33630,0,32,0,32,0,0,0,0,0,0,7208,0,4680,2528,0
328,625,20.160875,19.903453,17.606907,0.000000,0.000667,0.000000,0.000000,0.055167,0.021583,0.602126,669,8103033,41331,0,272,0,272,0,0,0,0,0,0,19806,14400,3510,1896,0
329,626,10.184583,10.074582,7.629459,0.000000,0.000834,0.000000,0.000000,0.100209,0.025041,0.293292,637,8106648,33630,0,32,0,32,0,0,0,0,0,0,5406,0,3510,1896,0
330,627,22.925584,22.761502,19.752409,0.000000,0.000916,0.000000,0.000000,0.096958,0.034958,0.595458,676,8102949,41406,0,272,0,272,0,0,0,0,0,0,21608,14400,4680,2528,0
331,628,12.828041,12.386693,8.657442,0.000000,0.001500,0.000000,0.000000,0.114500,0.018125,0.324750,638,8106818,33678,0,32,0,32,0,0,0,0,0,0,5406,0,3510,1896,0
332,629,24.435834,24.298454,19.322080,0.000000,0.003249,0.000000,0.000000,0.055333,0.017167,0.895042,676,8102990,41550,0,272,0,272,0,0,0,0,0,0,20830,14400,3510,2920,0
333,630,16.304166,16.097386,11.127881,0.000000,0.001293,0.000000,0.000000,0.063042,0.050250,0.295208,654,8106455,34006,0,32,0,32,0,0,0,0,0,0,8232,0,4680,3552,0
334,631,25.254500,25.097538,17.777944,0.000000,0.002042,0.000000,0.000000,1.253750,0.102750,0.975042,672,8103025,41459,0,272,0,272,0,0,0,0,0,0,20896,14400,3510,2986,0
335,632,11.069875,10.959437,8.745153,0.000000,0.000792,0.000000,0.000000,0.106959,0.025125,0.297958,638,8106784,33675,0,32,0,32,0,0,0,0,0,0,5406,0,3510,1896,0
336,633,27.341292,27.154639,20.226832,0.000000,0.001292,0.000000,0.000000,0.084958,0.070334,0.583042,674,8102974,41355,0,272,0,272,0,0,0,0,0,0,21608,14400,4680,2528,0
337,634,7.311292,7.208114,7.148165,0.000000,0.000584,0.000000,0.000000,0.042000,0.026791,0.318875,637,8106868,33671,0,32,0,32,0,0,0,0,0,0,5406,0,3510,1896,0
338,635,18.321041,18.164493,17.652065,0.000000,0.001793,0.000000,0.000000,0.243459,0.074583,0.588792,675,8103125,41290,0,272,0,272,0,0,0,0,0,0,21404,14400,4536,2468,0
339,636,8.552000,8.476034,7.518961,0.000000,0.001001,0.000000,0.000000,0.044417,0.011833,0.000000,641,8106565,33738,0,32,0,32,0,0,0,0,0,0,5610,0,3654,1956,0
340,637,32.584000,32.296301,20.688289,0.000000,0.001001,0.000000,0.000000,0.058125,0.021542,0.887834,663,8103063,41324,0,272,0,272,0,0,0,0,0,0,19806,14400,3510,1896,0
341,638,11.078334,10.938214,8.210457,0.000000,0.000958,0.000000,0.000000,0.106208,0.015625,0.332417,646,8106726,33654,0,32,0,32,0,0,0,0,0,0,7208,0,4680,2528,0
342,639,21.156666,21.031540,18.369591,0.000000,0.001417,0.000000,0.000000,0.049042,0.029958,0.624958,669,8102948,41500,0,272,0,272,0,0,0,0,0,0,20886,14400,3510,2976,0
343,640,7.736125,7.606710,7.592429,0.000000,0.001958,0.000000,0.000000,0.314792,0.044333,0.299708,646,8106782,33859,0,32,0,32,0,0,0,0,0,0,7538,0,3510,4028,0
344,641,31.657667,31.432165,22.703554,0.000000,0.001541,0.000000,0.000000,0.160458,0.030209,0.906374,681,8103067,41511,0,272,0,272,0,0,0,0,0,0,22687,14400,4680,3607,0
345,642,10.579667,10.466047,8.368786,0.000000,0.001040,0.000000,0.000000,0.081000,0.013208,0.337333,643,8106603,33857,0,32,0,32,0,0,0,0,0,0,7552,0,3510,4042,0
346,643,21.125875,20.968146,17.936408,0.000000,0.000708,0.000000,0.000000,0.066291,0.027625,0.604208,671,8103037,41408,0,272,0,272,0,0,0,0,0,0,20859,14400,3510,2949,0
347,644,16.197416,16.048276,11.134772,0.000000,0.002250,0.000000,0.000000,0.094042,0.017417,0.641916,652,8106646,33835,0,32,0,32,0,0,0,0,0,0,10053,0,4680,5373,0
348,645,23.626292,23.419122,18.252537,0.000000,0.001666,0.000000,0.000000,0.150208,0.087167,0.612751,669,8103090,41365,0,272,0,272,0,0,0,0,0,0,19806,14400,3510,1896,0
349,646,13.686292,13.484553,8.788323,0.000000,0.001707,0.000000,0.000000,0.236333,0.035083,0.293833,642,8106773,33741,0,32,0,32,0,0,0,0,0,0,7170,0,3510,3660,0
350,647,29.040416,28.950093,19.236207,0.000000,0.000790,0.000000,0.000000,0.072542,0.025083,0.914375,678,8102899,41488,0,272,0,272,0,0,0,0,0,0,23316,14400,4680,4236,0
351,648,7.752834,7.638878,7.563345,0.000000,0.000749,0.000000,0.000000,0.074958,0.015958,0.290084,642,8106757,33766,0,32,0,32,0,0,0,0,0,0,7054,0,3510,3544,0
352,649,20.912416,20.778051,19.087537,0.000000,0.000541,0.000000,0.000000,0.056667,0.062208,0.686083,669,8103201,41407,0,272,0,272,0,0,0,0,0,0,21362,14400,3510,3452,0
353,650,7.310667,7.193332,7.097044,0.000000,0.000459,0.000000,0.000000,0.110583,0.032750,0.000000,650,8106432,33670,0,32,0,32,0,0,0,0,0,0,7208,0,4680,2528,0
354,651,31.500333,31.325505,19.727791,0.000000,0.000625,0.000000,0.000000,0.139167,0.044542,1.016750,670,8103254,41475,0,272,0,272,0,0,0,0,0,0,21277,14400,3510,3367,0
355,652,21.073959,20.883611,9.033947,0.000000,0.001498,0.000000,0.000000,0.131250,0.022500,0.588875,637,8106852,33654,0,32,0,32,0,0,0,0,0,0,5406,0,3510,1896,0
356,653,23.274833,23.139426,19.765926,0.000000,0.001249,0.000000,0.000000,0.059500,0.023917,0.622542,679,8102788,41403,0,272,0,272,0,0,0,0,0,0,22969,14400,4680,3889,0
357,654,7.368083,7.246984,7.182363,0.000000,0.001292,0.000000,0.000000,0.131959,0.022625,0.357208,636,8106699,33637,0,32,0,32,0,0,0,0,0,0,5406,0,3510,1896,0
358,655,44.688667,44.302602,21.624709,0.000000,0.000833,0.000000,0.000000,0.118667,0.112250,1.263584,671,8103273,41402,0,272,0,272,0,0,0,0,0,0,21055,14400,3510,3145,0
359,656,10.830542,10.677628,8.407115,0.000000,0.001292,0.000000,0.000000,0.101750,0.042125,0.294292,645,8106625,33625,0,32,0,32,0,0,0,0,0,0,7208,0,4680,2528,0
360,657,23.709916,23.581323,19.136680,0.000000,0.001209,0.000000,0.000000,0.073292,0.024417,0.609750,671,8102951,41436,0,272,0,272,0,0,0,0,0,0,20687,14400,3510,2777,0
361,658,19.973459,19.819486,8.851754,0.000000,0.001540,0.000000,0.000000,0.127625,0.020500,0.591500,639,8106789,33631,0,32,0,32,0,0,0,0,0,0,5406,0,3510,1896,0
362,659,33.370000,33.248284,19.945142,0.000000,0.000668,0.000000,0.000000,0.054500,0.019916,0.942959,679,8102900,41417,0,272,0,272,0,0,0,0,0,0,22454,14400,4680,3374,0
363,660,7.127583,7.019548,7.013066,0.000000,0.000208,0.000000,0.000000,0.033208,0.009000,0.308208,639,8106908,33620,0,32,0,32,0,0,0,0,0,0,5406,0,3510,1896,0
364,661,17.395792,17.256966,17.143865,0.000000,0.000874,0.000000,0.000000,0.061500,0.024833,0.796750,670,8103059,41342,0,272,0,272,0,0,0,0,0,0,20598,14400,3510,2688,0
365,662,7.595041,7.494779,7.386043,0.000000,0.000624,0.000000,0.000000,0.042917,0.012500,0.000000,647,8106687,33619,0,32,0,32,0,0,0,0,0,0,7208,0,4680,2528,0
366,663,43.666917,43.498339,21.660753,0.000000,0.001333,0.000000,0.000000,0.066125,0.051583,1.568416,673,8103000,41470,0,272,0,272,0,0,0,0,0,0,20557,14400,3510,2647,0
367,664,7.680792,7.576323,7.282738,0.000000,0.001251,0.000000,0.000000,0.054083,0.012708,0.000000,637,8106847,33636,0,32,0,32,0,0,0,0,0,0,5406,0,3510,1896,0
368,665,31.624041,31.462413,22.267209,0.000000,0.000917,0.000000,0.000000,0.048917,0.017833,0.914209,679,8102720,41375,0,272,0,272,0,0,0,0,0,0,22587,14400,4680,3507,0
369,666,11.112875,10.965698,8.134509,0.000000,0.001041,0.000000,0.000000,0.107834,0.017125,0.293125,637,8106879,33644,0,32,0,32,0,0,0,0,0,0,5406,0,3510,1896,0
370,667,21.970292,21.848955,18.582291,0.000000,0.000791,0.000000,0.000000,0.058042,0.019708,0.602291,670,8103129,41325,0,272,0,272,0,0,0,0,0,0,20616,14400,3510,2706,0
371,668,16.272000,16.118277,9.985672,0.000000,0.001207,0.000000,0.000000,0.109917,0.032791,0.593208,648,8106467,33623,0,32,0,32,0,0,0,0,0,0,7208,0,4680,2528,0
372,669,25.956292,25.790212,19.269235,0.000000,0.002040,0.000000,0.000000,0.194833,0.414917,0.621833,669,8103090,41417,0,272,0,272,0,0,0,0,0,0,20650,14400,3510,2740,0
373,670,16.382958,16.227967,9.842954,0.000000,0.001208,0.000000,0.000000,0.163875,0.045833,0.588542,639,8106987,33633,0,32,0,32,0,0,0,0,0,0,5406,0,3510,1896,0
374,671,26.143750,25.955886,19.679174,0.000000,0.000875,0.000000,0.000000,0.050542,0.030958,0.598500,675,8102901,41386,0,272,0,272,0,0,0,0,0,0,22630,14400,4680,3550,0
375,672,6.821792,6.717743,6.694160,0.000000,0.000460,0.000000,0.000000,0.032916,0.009250,0.312667,638,8106664,33636,0,32,0,32,0,0,0,0,0,0,5406,0,3510,1896,0
376,673,16.725833,16.608657,16.600118,0.000000,0.000377,0.000000,0.000000,0.046458,0.018125,0.593542,670,8103213,41358,0,272,0,272,0,0,0,0,0,0,21481,14400,3510,3571,0
377,674,6.863708,6.757004,6.727833,0.000000,0.000374,0.000000,0.000000,0.048959,0.013000,0.000000,645,8106518,33643,0,32,0,32,0,0,0,0,0,0,7208,0,4680,2528,0
378,675,31.359834,31.099634,22.290199,0.000000,0.001165,0.000000,0.000000,0.056958,0.021167,0.886750,670,8103159,41411,0,272,0,272,0,0,0,0,0,0,21420,14400,3510,3510,0
379,676,9.942208,9.831426,7.170687,0.000000,0.000458,0.000000,0.000000,0.108667,0.014958,0.295833,635,8106666,33637,0,32,0,32,0,0,0,0,0,0,5406,0,3510,1896,0
380,677,20.232833,20.100171,18.070171,0.000000,0.000667,0.000000,0.000000,0.057709,0.023291,0.597333,677,8103000,41404,0,272,0,272,0,0,0,0,0,0,23365,14400,4680,4285,0
381,678,6.745042,6.639279,6.629706,0.000000,0.000207,0.000000,0.000000,0.028125,0.006625,0.291250,639,8106963,33654,0,32,0,32,0,0,0,0,0,0,5406,0,3510,1896,0
382,679,27.758375,27.613038,19.611797,0.000000,0.000667,0.000000,0.000000,0.051583,0.041500,0.585750,671,8103032,41340,0,272,0,272,0,0,0,0,0,0,21384,14400,3510,3474,0
383,680,7.047708,6.940082,6.898800,0.000000,0.000333,0.000000,0.000000,0.057417,0.034875,0.308792,645,8106658,33714,0,32,0,32,0,0,0,0,0,0,7208,0,4680,2528,0
384,681,30.182084,30.023319,19.113881,0.000000,0.000583,0.000000,0.000000,0.051791,0.038667,0.901292,672,8102976,41385,0,272,0,272,0,0,0,0,0,0,21549,14400,3510,3639,0
385,682,16.315750,16.193049,8.601903,0.000000,0.001291,0.000000,0.000000,0.091958,0.024083,0.298083,640,8106833,33641,0,32,0,32,0,0,0,0,0,0,5406,0,3510,1896,0
386,683,20.575708,20.453829,17.734167,0.000000,0.000376,0.000000,0.000000,0.051708,0.022209,0.631709,679,8102936,41444,0,272,0,272,0,0,0,0,0,0,23171,14400,4680,4091,0
387,684,15.895542,15.713464,9.034846,0.000000,0.001125,0.000000,0.000000,0.054208,0.015250,0.604458,638,8106829,33651,0,32,0,32,0,0,0,0,0,0,5406,0,3510,1896,0
388,685,27.649791,27.487830,19.716609,0.000000,0.001125,0.000000,0.000000,0.120667,0.026417,0.591791,670,8103055,41311,0,272,0,272,0,0,0,0,0,0,21565,14400,3510,3655,0
389,686,7.778834,7.653324,7.563646,0.000000,0.001376,0.000000,0.000000,0.045875,0.011041,0.314625,646,8106465,33729,0,32,0,32,0,0,0,0,0,0,7208,0,4680,2528,0
390,687,16.760500,16.635763,16.635496,0.000000,0.000625,0.000000,0.000000,0.086916,0.044625,0.292708,671,8103094,41367,0,272,0,272,0,0,0,0,0,0,21463,14400,3510,3553,0
391,688,10.129666,9.938155,8.221620,0.000000,0.000417,0.000000,0.000000,0.040334,0.010041,0.370417,643,8106816,33619,0,32,0,32,0,0,0,0,0,0,7004,0,4536,2468,0
392,689,26.880334,26.676958,22.213198,0.000000,0.002834,0.000000,0.000000,0.208416,0.294667,0.890541,674,8103054,41490,0,272,0,272,0,0,0,0,0,0,21637,14400,3654,3583,0
393,690,12.127291,12.012350,8.011693,0.000000,0.000874,0.000000,0.000000,0.088250,0.023750,0.304209,638,8106594,33655,0,32,0,32,0,0,0,0,0,0,5406,0,3510,1896,0
394,691,28.425959,28.279506,19.306626,0.000000,0.001207,0.000000,0.000000,0.055833,0.019583,0.938124,678,8103021,41399,0,272,0,272,0,0,0,0,0,0,21778,14400,4680,2698,0
395,692,10.122458,10.009076,7.761242,0.000000,0.001417,0.000000,0.000000,0.078167,0.031291,0.292916,639,8106762,33646,0,32,0,32,0,0,0,0,0,0,5406,0,3510,1896,0
396,693,19.643375,19.524028,17.398118,0.000000,0.000626,0.000000,0.000000,0.044833,0.016125,0.660458,670,8103222,41316,0,272,0,272,0,0,0,0,0,0,19976,14400,3510,2066,0
397,694,6.984250,6.878257,6.833394,0.000000,0.000707,0.000000,0.000000,0.042250,0.011292,0.000000,645,8106652,33652,0,32,0,32,0,0,0,0,0,0,7208,0,4680,2528,0
398,695,28.580167,28.435264,19.724600,0.000000,0.000541,0.000000,0.000000,0.045083,0.023250,0.888584,670,8102825,41460,0,272,0,272,0,0,0,0,0,0,19976,14400,3510,2066,0
399,696,6.745916,6.561260,6.561929,0.000000,0.000708,0.000000,0.000000,0.120875,0.022584,0.322917,638,8106814,33646,0,32,0,32,0,0,0,0,0,0,5406,0,3510,1896,0
400,697,28.214875,27.231572,20.249368,0.000000,0.000917,0.000000,0.000000,0.051667,0.023917,0.600166,674,8102943,41432,0,272,0,272,0,0,0,0,0,0,21778,14400,4680,2698,0
401,698,7.181042,7.039412,6.998329,0.000000,0.000542,0.000000,0.000000,0.144583,0.021584,0.302000,638,8106937,33652,0,32,0,32,0,0,0,0,0,0,5406,0,3510,1896,0
402,699,28.725167,28.622577,19.073737,0.000000,0.000333,0.000000,0.000000,0.048125,0.028833,0.965709,672,8103022,41362,0,272,0,272,0,0,0,0,0,0,19976,14400,3510,2066,0
403,700,16.215583,16.051492,7.812985,0.000000,0.001167,0.000000,0.000000,0.084792,0.020875,0.294667,644,8106818,33633,0,32,0,32,0,0,0,0,0,0,7208,0,4680,2528,0
404,701,20.524708,20.395087,17.417219,0.000000,0.001417,0.000000,0.000000,0.171167,3.074375,0.602208,668,8102781,41484,0,272,0,272,0,0,0,0,0,0,19976,14400,3510,2066,0
405,702,15.789959,15.603334,7.874653,0.000000,0.001125,0.000000,0.000000,0.133083,0.034833,0.293542,638,8106794,33495,0,32,0,32,0,0,0,0,0,0,5406,0,3510,1896,0
406,703,29.058500,28.900081,21.842055,0.000000,0.000417,0.000000,0.000000,0.061083,0.027500,0.930626,674,8102906,41384,0,272,0,272,0,0,0,0,0,0,21778,14400,4680,2698,0
407,704,7.015666,6.908963,6.838077,0.000000,0.000543,0.000000,0.000000,0.036042,0.011583,0.334000,636,8106872,33492,0,32,0,32,0,0,0,0,0,0,5406,0,3510,1896,0
408,705,21.085667,20.935064,19.216496,0.000000,0.000375,0.000000,0.000000,0.047375,0.025750,0.600624,669,8103035,41336,0,272,0,272,0,0,0,0,0,0,19976,14400,3510,2066,0
409,706,6.913750,6.806318,6.774263,0.000000,0.000417,0.000000,0.000000,0.035917,0.009166,0.000000,646,8106819,33469,0,22,0,22,0,0,0,0,0,0,7208,0,4680,2528,0
410,707,49.408208,49.140315,30.000535,0.000000,0.004209,0.000000,0.000000,0.181000,0.506375,1.456457,672,8102865,41398,0,282,0,282,0,0,0,0,0,0,19976,14400,3510,2066,0
411,708,21.023167,20.887627,9.928587,0.000000,0.002166,0.000000,0.000000,0.148500,0.042167,0.583084,637,8107064,33507,0,32,0,32,0,0,0,0,0,0,5406,0,3510,1896,0
412,709,28.963167,28.767830,21.299003,0.000000,0.001541,0.000000,0.000000,0.091916,0.029292,1.043458,676,8102843,41496,0,272,0,272,0,0,0,0,0,0,21778,14400,4680,2698,0
413,710,11.759125,11.567706,8.432421,0.000000,0.000792,0.000000,0.000000,0.050125,0.013791,0.301583,637,8106625,33528,0,32,0,32,0,0,0,0,0,0,5406,0,3510,1896,0
414,711,20.464666,20.333320,18.704419,0.000000,0.000875,0.000000,0.000000,0.047250,0.018417,0.599958,669,8103317,41375,0,272,0,272,0,0,0,0,0,0,19976,14400,3510,2066,0
415,712,9.690959,9.572043,8.542793,0.000000,0.001125,0.000000,0.000000,0.099625,0.014083,0.293833,647,8106836,33473,0,22,0,22,0,0,0,0,0,0,7208,0,4680,2528,0
416,713,26.310083,25.996882,21.118547,0.000000,0.000293,0.000000,0.000000,0.071958,0.025500,0.737792,672,8102668,41516,0,282,0,282,0,0,0,0,0,0,19976,14400,3510,2066,0
417,714,10.170708,10.006033,7.332333,0.000000,0.000582,0.000000,0.000000,0.042667,0.012542,0.339625,637,8107098,33525,0,32,0,32,0,0,0,0,0,0,5406,0,3510,1896,0
418,715,44.458292,44.137039,26.713543,0.000000,0.001418,0.000000,0.000000,0.168292,0.041875,1.170708,677,8102633,41494,0,272,0,272,0,0,0,0,0,0,21778,14400,4680,2698,0
419,716,12.942042,12.741405,9.029084,0.000000,0.001082,0.000000,0.000000,0.049833,0.051292,0.586292,636,8106933,33514,0,32,0,32,0,0,0,0,0,0,5406,0,3510,1896,0
420,717,47.339583,47.062923,23.435201,0.000000,0.000749,0.000000,0.000000,0.043375,0.048958,1.207957,671,8103128,41507,0,272,0,272,0,0,0,0,0,0,19976,14400,3510,2066,0
421,718,10.989958,10.881140,7.666394,0.000000,0.000710,0.000000,0.000000,0.040167,0.012625,0.299708,648,8106578,33602,0,32,0,32,0,0,0,0,0,0,7208,0,4680,2528,0
422,719,18.815292,18.613513,17.205673,0.000000,0.000791,0.000000,0.000000,0.041667,0.014458,0.598416,669,8102919,41715,0,272,0,272,0,0,0,0,0,0,19976,14400,3510,2066,0
423,720,6.714250,6.601412,6.591907,0.000000,0.000541,0.000000,0.000000,0.097042,0.025500,0.000000,640,8107028,33585,0,32,0,32,0,0,0,0,0,0,5406,0,3510,1896,0
424,721,29.127417,28.981371,19.096866,0.000000,0.001375,0.000000,0.000000,0.127875,0.025666,0.885583,675,8102877,41581,0,272,0,272,0,0,0,0,0,0,21778,14400,4680,2698,0
425,722,12.078625,11.934810,9.237815,0.000000,0.001709,0.000000,0.000000,0.202291,0.032917,0.311667,640,8106821,33596,0,32,0,32,0,0,0,0,0,0,5406,0,3510,1896,0
426,723,25.487458,25.367619,18.747556,0.000000,0.001292,0.000000,0.000000,0.096417,0.079583,1.197626,671,8102933,41396,0,272,0,272,0,0,0,0,0,0,19976,14400,3510,2066,0
427,724,10.511000,10.363170,7.629123,0.000000,0.000585,0.000000,0.000000,0.039292,0.012625,0.307833,644,8106562,33548,0,32,0,32,0,0,0,0,0,0,7208,0,4680,2528,0
428,725,28.303708,27.717236,19.737561,0.000000,0.001042,0.000000,0.000000,0.052750,0.025334,0.604500,670,8103214,41454,0,272,0,272,0,0,0,0,0,0,19976,14400,3510,2066,0
429,726,6.846417,6.739039,6.700919,0.000000,0.000207,0.000000,0.000000,0.029292,0.008166,0.310459,640,8106694,33523,0,32,0,32,0,0,0,0,0,0,5406,0,3510,1896,0
430,727,47.882875,47.683230,23.300812,0.000000,0.001584,0.000000,0.000000,0.098208,0.020709,1.215625,677,8102811,41515,0,272,0,272,0,0,0,0,0,0,21778,14400,4680,2698,0
431,728,13.458375,13.314323,9.369699,0.000000,0.003624,0.000000,0.000000,0.089458,0.013334,0.607375,639,8107120,33564,0,32,0,32,0,0,0,0,0,0,5406,0,3510,1896,0
432,729,20.220958,20.096585,18.262704,0.000000,0.000917,0.000000,0.000000,0.052292,0.038083,0.630333,666,8102865,41392,0,272,0,272,0,0,0,0,0,0,19807,14400,3510,1897,0
433,730,7.230500,7.110621,7.089400,0.000000,0.000459,0.000000,0.000000,0.093084,0.025625,0.000000,644,8106718,33616,0,32,0,32,0,0,0,0,0,0,7208,0,4680,2528,0
434,731,62.428417,62.214721,27.335795,0.000000,0.000833,0.000000,0.000000,0.050750,0.019542,1.844666,666,8103123,41372,0,272,0,272,0,0,0,0,0,0,19806,14400,3510,1896,0
435,732,11.440792,11.188721,7.949404,0.000000,0.000750,0.000000,0.000000,0.043958,0.021042,0.310542,639,8106734,33572,0,32,0,32,0,0,0,0,0,0,5406,0,3510,1896,0
436,733,20.742083,20.617675,18.630247,0.000000,0.001124,0.000000,0.000000,0.051417,0.033166,0.626125,672,8102971,41452,0,272,0,272,0,0,0,0,0,0,21608,14400,4680,2528,0
437,734,10.515042,10.397891,7.875426,0.000000,0.000583,0.000000,0.000000,0.062916,0.020584,0.708875,637,8106933,33418,0,32,0,32,0,0,0,0,0,0,5406,0,3510,1896,0
438,735,42.922250,42.746765,22.726498,0.000000,0.000459,0.000000,0.000000,0.062250,0.074833,1.182001,664,8102976,41144,0,272,0,272,0,0,0,0,0,0,19806,14400,3510,1896,0
439,736,12.179791,12.059197,7.579607,0.000000,0.000502,0.000000,0.000000,0.038584,0.012666,0.306542,642,8106616,33561,0,32,0,32,0,0,0,0,0,0,7208,0,4680,2528,0
440,737,31.468084,31.232639,24.706954,0.000000,0.000709,0.000000,0.000000,0.052041,0.020167,0.909917,676,8103112,41366,0,272,0,272,0,0,0,0,0,0,20830,14400,3510,2920,0
441,738,9.859083,7.098846,7.096877,0.000000,0.000833,0.000000,0.000000,0.211667,0.060083,0.465084,647,8106713,33708,0,32,0,32,0,0,0,0,0,0,6430,0,3510,2920,0
442,739,28.264375,30.719543,22.284097,0.000000,0.001292,0.000000,0.000000,0.196583,0.045959,0.918917,678,8102646,41308,0,272,0,272,0,0,0,0,0,0,21778,14400,4680,2698,0
443,740,20.179958,20.035480,9.474045,0.000000,0.001499,0.000000,0.000000,0.134167,0.027000,0.587667,636,8106885,33537,0,32,0,32,0,0,0,0,0,0,5406,0,3510,1896,0
444,741,25.185167,25.075166,20.798211,0.000000,0.000541,0.000000,0.000000,0.051583,0.017375,0.584584,674,8102975,41243,0,272,0,272,0,0,0,0,0,0,21404,14400,4536,2468,0
445,742,7.209875,7.087217,7.080542,0.000000,0.000375,0.000000,0.000000,0.116917,0.030000,0.308667,642,8106866,33601,0,32,0,32,0,0,0,0,0,0,5610,0,3654,1956,0
446,743,34.268833,33.557703,22.727445,0.000000,0.000915,0.000000,0.000000,0.100667,0.045000,0.889626,665,8103118,41191,0,272,0,272,0,0,0,0,0,0,19806,14400,3510,1896,0
447,744,26.339834,26.193001,9.696711,0.000000,0.001333,0.000000,0.000000,0.095625,0.023333,0.588459,646,8106550,33628,0,32,0,32,0,0,0,0,0,0,7208,0,4680,2528,0
448,745,21.509541,21.375379,18.330383,0.000000,0.000917,0.000000,0.000000,0.116500,0.046750,0.604084,667,8103192,41386,0,272,0,272,0,0,0,0,0,0,19806,14400,3510,1896,0
449,746,18.196917,18.049248,9.595535,0.000000,0.003459,0.000000,0.000000,0.092542,0.015583,0.612167,638,8106618,33546,0,32,0,32,0,0,0,0,0,0,5406,0,3510,1896,0
450,747,25.606333,25.469793,19.624107,0.000000,0.000583,0.000000,0.000000,0.043875,0.019584,1.125500,681,8103049,41446,0,272,0,272,0,0,0,0,0,0,21948,14400,4680,2868,0
451,748,6.831209,6.716420,6.713456,0.000000,0.000375,0.000000,0.000000,0.087166,0.032250,0.000000,658,8106605,34343,0,32,0,32,0,0,0,0,0,0,6596,0,3510,3086,0
452,749,44.293166,44.019764,26.549361,0.000000,0.000749,0.000000,0.000000,0.044000,0.027167,1.220542,672,8102875,41390,0,272,0,272,0,0,0,0,0,0,19976,14400,3510,2066,0
453,750,11.248084,11.124588,7.942619,0.000000,0.001083,0.000000,0.000000,0.090333,0.015042,0.292292,648,8106787,33605,0,32,0,32,0,0,0,0,0,0,7208,0,4680,2528,0
454,751,21.093666,20.963036,18.434376,0.000000,0.000543,0.000000,0.000000,0.044084,0.027666,0.708334,671,8102855,41486,0,272,0,272,0,0,0,0,0,0,21555,14400,3510,3645,0
455,752,7.137459,7.026595,6.981709,0.000000,0.000415,0.000000,0.000000,0.098208,0.041042,0.292041,639,8106676,34526,0,52,0,52,0,0,0,0,0,0,5406,0,3510,1896,0
456,753,31.364708,31.200537,18.167667,0.000000,0.000708,0.000000,0.000000,0.068042,0.020916,0.933290,695,8103142,43952,0,252,0,252,0,0,0,0,0,0,23329,14400,4680,4249,0
457,754,19.812708,19.649749,9.093729,0.000000,0.002249,0.000000,0.000000,0.139667,0.023958,0.596375,639,8106384,34492,0,52,0,52,0,0,0,0,0,0,5406,0,3510,1896,0
458,755,26.069125,25.950102,16.065710,0.000000,0.001709,0.000000,0.000000,0.153709,0.217958,0.611167,684,8103475,43884,0,252,0,252,0,0,0,0,0,0,21546,14400,3510,3636,0
459,756,14.382750,14.260840,8.209209,0.000000,0.001168,0.000000,0.000000,0.097625,0.021542,0.652208,646,8106468,34380,0,42,0,42,0,0,0,0,0,0,7208,0,4680,2528,0
460,757,18.169709,18.042416,15.516211,0.000000,0.000710,0.000000,0.000000,0.066416,0.016459,0.302541,684,8103230,44065,0,262,0,262,0,0,0,0,0,0,21508,14400,3510,3598,0
461,758,7.798916,7.639172,7.629500,0.000000,0.000999,0.000000,0.000000,0.164042,0.028542,0.293917,638,8106527,34493,0,52,0,52,0,0,0,0,0,0,5406,0,3510,1896,0
462,759,20.642709,20.535092,17.352488,0.000000,0.000833,0.000000,0.000000,0.091875,0.024416,0.631292,695,8103294,43952,0,252,0,252,0,0,0,0,0,0,23314,14400,4680,4234,0
463,760,7.389208,7.287087,7.256917,0.000000,0.000294,0.000000,0.000000,0.036375,0.008875,0.326458,638,8106452,34493,0,52,0,52,0,0,0,0,0,0,5406,0,3510,1896,0
464,761,17.481125,17.353592,14.688765,0.000000,0.000334,0.000000,0.000000,0.050917,0.011583,0.320625,687,8103521,43883,0,252,0,252,0,0,0,0,0,0,21526,14400,3510,3616,0
465,762,10.175250,10.061415,8.191043,0.000000,0.001749,0.000000,0.000000,0.087292,0.022083,0.451292,645,8106493,34380,0,42,0,42,0,0,0,0,0,0,7208,0,4680,2528,0
466,763,16.973875,16.825045,15.270300,0.000000,0.000834,0.000000,0.000000,0.055000,0.015958,0.644959,688,8103104,44064,0,262,0,262,0,0,0,0,0,0,21567,14400,3510,3657,0
467,764,7.211875,7.106876,7.047675,0.000000,0.000208,0.000000,0.000000,0.025292,0.007541,0.444709,639,8106516,34493,0,52,0,52,0,0,0,0,0,0,5406,0,3510,1896,0
468,765,16.503375,16.386380,14.787205,0.000000,0.000373,0.000000,0.000000,0.039583,0.017459,0.310625,694,8103213,43951,0,252,0,252,0,0,0,0,0,0,23294,14400,4680,4214,0
469,766,9.635208,9.120079,8.297754,0.000000,0.000708,0.000000,0.000000,0.039792,0.024292,0.299500,638,8106490,34493,0,52,0,52,0,0,0,0,0,0,5406,0,3510,1896,0
470,767,16.672375,16.539630,15.575166,0.000000,0.000666,0.000000,0.000000,0.038000,0.011792,0.593792,687,8103550,43883,0,252,0,252,0,0,0,0,0,0,21528,14400,3510,3618,0
471,768,7.127417,7.023320,6.976703,0.000000,0.000334,0.000000,0.000000,0.029042,0.008208,0.000000,645,8106506,34380,0,42,0,42,0,0,0,0,0,0,7208,0,4680,2528,0
472,769,17.282750,17.157819,15.035962,0.000000,0.000542,0.000000,0.000000,0.035875,0.017667,0.650000,686,8103123,44064,0,262,0,262,0,0,0,0,0,0,21521,14400,3510,3611,0
473,770,10.218292,10.026281,8.079376,0.000000,0.000625,0.000000,0.000000,0.051708,0.020708,0.299333,640,8106443,34492,0,52,0,52,0,0,0,0,0,0,5406,0,3510,1896,0
474,771,16.478041,16.281633,15.353790,0.000000,0.000375,0.000000,0.000000,0.070292,0.037667,0.306083,690,8103414,43953,0,252,0,252,0,0,0,0,0,0,23360,14400,4680,4280,0
475,772,7.164084,7.064589,7.031755,0.000000,0.000418,0.000000,0.000000,0.060250,0.014041,0.288917,638,8106408,34492,0,52,0,52,0,0,0,0,0,0,5406,0,3510,1896,0
476,773,17.690166,17.532518,14.427531,0.000000,0.000291,0.000000,0.000000,0.048875,0.011542,0.617000,688,8103488,43883,0,252,0,252,0,0,0,0,0,0,21571,14400,3510,3661,0
477,774,9.894500,9.768721,8.243118,0.000000,0.000875,0.000000,0.000000,0.043584,0.012541,0.307084,645,8106507,34380,0,42,0,42,0,0,0,0,0,0,7208,0,4680,2528,0
478,775,16.486334,16.364036,15.593252,0.000000,0.000334,0.000000,0.000000,0.050166,0.016042,0.297792,688,8103073,44064,0,262,0,262,0,0,0,0,0,0,21598,14400,3510,3688,0
479,776,7.049666,6.916792,6.902248,0.000000,0.000291,0.000000,0.000000,0.072209,0.013000,0.291667,637,8106519,34493,0,52,0,52,0,0,0,0,0,0,5406,0,3510,1896,0
480,777,18.475417,18.352300,15.689685,0.000000,0.001208,0.000000,0.000000,0.107583,0.023167,0.621708,695,8103208,43951,0,252,0,252,0,0,0,0,0,0,23375,14400,4680,4295,0
481,778,9.360208,9.265172,8.075838,0.000000,0.000625,0.000000,0.000000,0.034917,0.019125,0.000000,637,8106550,34492,0,52,0,52,0,0,0,0,0,0,5406,0,3510,1896,0
482,779,16.753334,16.619179,14.529309,0.000000,0.000416,0.000000,0.000000,0.037625,0.012500,0.589459,687,8103375,43884,0,252,0,252,0,0,0,0,0,0,21660,14400,3510,3750,0
483,780,10.229583,10.114814,7.710842,0.000000,0.000751,0.000000,0.000000,0.093458,0.017542,0.295667,647,8106477,34380,0,42,0,42,0,0,0,0,0,0,7208,0,4680,2528,0
484,781,17.401917,17.278921,15.297585,0.000000,0.000833,0.000000,0.000000,0.086541,0.034584,0.622708,684,8103451,44065,0,262,0,262,0,0,0,0,0,0,21641,14400,3510,3731,0
485,782,11.614000,11.506619,7.355244,0.000000,4.279332,4.259569,0.019556,0.127333,0.035750,0.297292,637,8106354,34491,0,52,0,52,0,0,0,0,0,0,5406,0,3510,1896,0
486,783,19.632625,19.433581,15.397700,0.000000,0.003917,0.000000,0.000000,0.376000,0.044458,0.598999,694,8103352,43951,0,252,0,252,0,0,0,0,0,0,23487,14400,4680,4407,0
487,784,13.911375,13.879287,8.051990,0.000000,6.048625,5.979819,0.068515,0.118333,0.108708,0.316875,637,8106368,34491,0,52,0,52,0,0,0,0,0,0,5406,0,3510,1896,0
488,785,16.508333,16.388633,15.341620,0.000000,0.000667,0.000000,0.000000,0.092708,0.040375,0.292500,688,8103416,43884,0,252,0,252,0,0,0,0,0,0,21666,14400,3510,3756,0
489,786,16.909667,16.775831,9.476378,0.000000,6.296417,6.284320,0.010931,0.570375,0.664458,0.602333,646,8106462,34562,0,52,0,52,0,0,0,0,0,0,7208,0,4680,2528,0
490,787,16.711750,16.593968,14.758549,0.000000,0.000374,0.000000,0.000000,0.097625,0.027250,0.295125,682,8103343,43883,0,252,0,252,0,0,0,0,0,0,21384,14400,3510,3474,0
491,788,16.533791,16.385259,8.551880,0.000000,6.849040,6.737902,0.110889,0.121917,0.034083,0.607875,641,8106469,34492,0,52,0,52,0,0,0,0,0,0,5406,0,3510,1896,0
492,789,19.518834,19.402837,15.937972,0.000000,0.000916,0.000000,0.000000,0.088333,0.014708,0.598459,694,8103394,43953,0,252,0,252,0,0,0,0,0,0,23169,14400,4680,4089,0
493,790,13.796708,13.683349,8.079769,0.000000,6.358666,6.351902,0.006597,0.131208,0.017542,0.336041,639,8106351,34491,0,52,0,52,0,0,0,0,0,0,5406,0,3510,1896,0
494,791,16.635333,16.512217,15.251932,0.000000,0.000416,0.000000,0.000000,0.102459,0.017583,0.736126,684,8103543,43884,0,252,0,252,0,0,0,0,0,0,21391,14400,3510,3481,0
495,792,17.988292,17.779087,9.342876,0.000000,6.774668,6.691987,0.082431,0.848000,0.037375,0.310000,645,8106133,34564,0,52,0,52,0,0,0,0,0,0,7208,0,4680,2528,0
496,793,15.202375,15.137832,14.196439,0.000000,0.000500,0.000000,0.000000,0.110333,0.019625,0.610084,687,8103502,43883,0,252,0,252,0,0,0,0,0,0,21443,14400,3510,3533,0
497,794,18.429125,18.240940,8.979537,0.000000,7.188749,7.066111,0.121972,0.432792,0.069375,0.603875,647,8106377,34389,0,52,0,52,0,0,0,0,0,0,7004,0,4536,2468,0
498,795,17.228375,17.072563,15.172833,0.000000,0.000666,0.000000,0.000000,0.264750,0.128542,0.308500,688,8103360,44056,0,252,0,252,0,0,0,0,0,0,21683,14400,3654,3629,0
499,796,14.717083,14.660499,8.300297,0.000000,6.895999,6.818319,0.077514,0.127292,0.030333,0.772124,636,8106473,34492,0,52,0,52,0,0,0,0,0,0,5406,0,3510,1896,0
500,797,16.490584,16.373787,15.344169,0.000000,0.000417,0.000000,0.000000,0.101000,0.028458,0.295084,694,8103334,43955,0,252,0,252,0,0,0,0,0,0,23290,14400,4680,4210,0
501,798,16.871791,16.752953,8.974898,0.000000,7.364624,7.288944,0.075472,0.035167,0.011167,0.803125,639,8106380,34492,0,52,0,52,0,0,0,0,0,0,5406,0,3510,1896,0
502,799,14.858250,14.722410,14.462788,0.000000,1.458250,1.448458,0.009625,0.049167,0.455000,0.301292,687,8103480,43883,0,252,0,252,0,0,0,0,0,0,21497,14400,3510,3587,0
503,800,18.623334,18.509527,7.992033,0.000000,10.413791,10.346069,0.067514,0.109666,0.031292,0.802916,645,8106451,34380,0,42,0,42,0,0,0,0,0,0,7208,0,4680,2528,0
504,801,19.551333,19.442124,15.179288,0.000000,0.001208,0.000000,0.000000,0.198375,0.021708,0.588874,687,8103384,44065,0,262,0,262,0,0,0,0,0,0,21463,14400,3510,3553,0
505,802,13.988250,13.859169,7.900294,0.000000,5.823834,5.758569,0.065056,0.189375,0.020333,0.290750,638,8106360,34491,0,52,0,52,0,0,0,0,0,0,5406,0,3510,1896,0
506,803,20.156750,20.070908,16.929872,0.000000,0.001084,0.000000,0.000000,0.084583,0.018125,0.595708,693,8103217,43953,0,252,0,252,0,0,0,0,0,0,23321,14400,4680,4241,0
507,804,15.206417,14.927810,7.768862,0.000000,5.229333,5.214861,0.014222,0.274458,0.069042,0.303834,639,8106527,34492,0,52,0,52,0,0,0,0,0,0,5406,0,3510,1896,0
508,805,16.471125,16.482980,15.220451,0.000000,0.001585,0.000000,0.000000,0.384125,0.027291,0.617626,685,8103564,43884,0,252,0,252,0,0,0,0,0,0,21532,14400,3510,3622,0
509,806,14.756208,14.676307,8.424489,0.000000,6.771041,6.672778,0.096972,1.009500,2.041750,0.289209,646,8106476,34380,0,42,0,42,0,0,0,0,0,0,7208,0,4680,2528,0
510,807,21.583250,21.455377,15.860278,0.000000,0.000750,0.000000,0.000000,0.059750,0.040083,0.598417,686,8103147,44064,0,262,0,262,0,0,0,0,0,0,21528,14400,3510,3618,0
511,808,13.594167,13.449090,8.130390,0.000000,4.010750,4.010069,0.000181,0.249458,0.020167,0.609042,638,8106464,34492,0,52,0,52,0,0,0,0,0,0,5406,0,3510,1896,0
512,809,14.729666,14.572122,14.405164,0.000000,0.000875,0.000000,0.000000,0.706875,0.151250,0.350958,694,8103274,43952,0,252,0,252,0,0,0,0,0,0,23297,14400,4680,4217,0
513,810,19.037875,18.952044,9.432296,0.000000,7.522875,7.449903,0.072847,0.114209,0.036583,0.593166,639,8106472,34493,0,52,0,52,0,0,0,0,0,0,5406,0,3510,1896,0
514,811,15.446459,15.310764,15.272368,0.000000,0.001167,0.000000,0.000000,0.312458,0.121958,0.307625,687,8103581,43883,0,252,0,252,0,0,0,0,0,0,21529,14400,3510,3619,0
515,812,15.289666,15.184362,8.137820,0.000000,7.342500,7.242861,0.099472,0.044875,0.012042,0.612625,646,8106746,33493,0,22,0,22,0,0,0,0,0,0,7208,0,4680,2528,0
516,813,21.177500,21.047544,19.018259,0.000000,0.000333,0.000000,0.000000,0.049417,0.040833,0.747833,672,8102709,41382,0,282,0,282,0,0,0,0,0,0,21546,14400,3510,3636,0
517,814,11.976000,11.867750,6.905590,0.000000,4.984418,4.983986,0.000181,0.037584,0.010125,0.359292,639,8106941,33535,0,32,0,32,0,0,0,0,0,0,5406,0,3510,1896,0
518,815,22.304125,22.155591,19.616805,0.000000,0.000791,0.000000,0.000000,0.044459,0.015625,0.589375,677,8102881,41315,0,272,0,272,0,0,0,0,0,0,23344,14400,4680,4264,0
519,816,10.841292,10.737507,7.173963,0.000000,4.244081,4.243861,0.000055,0.020667,0.007041,0.289750,637,8106865,33546,0,32,0,32,0,0,0,0,0,0,5406,0,3510,1896,0
520,817,50.770708,50.450093,26.932994,0.000000,0.003667,0.000000,0.000000,0.076709,0.019958,1.459583,670,8103002,41189,0,272,0,272,0,0,0,0,0,0,21517,14400,3510,3607,0
521,818,9.591792,9.477306,7.344115,0.000000,0.000624,0.000000,0.000000,0.033708,0.011584,0.000000,647,8106997,33492,0,22,0,22,0,0,0,0,0,0,7208,0,4680,2528,0
522,819,19.558333,19.408785,17.842168,0.000000,0.000584,0.000000,0.000000,0.036667,0.014750,0.585708,672,8102772,41392,0,282,0,282,0,0,0,0,0,0,21540,14400,3510,3630,0
523,820,9.760042,9.643083,7.689085,0.000000,0.000666,0.000000,0.000000,0.035792,0.011083,0.293750,638,8106742,33527,0,32,0,32,0,0,0,0,0,0,5406,0,3510,1896,0
524,821,24.700042,24.545341,21.141714,0.000000,0.000290,0.000000,0.000000,0.049875,0.015625,0.613126,677,8102913,41363,0,272,0,272,0,0,0,0,0,0,23355,14400,4680,4275,0
525,822,6.520625,6.419044,6.387416,0.000000,0.000293,0.000000,0.000000,0.021375,0.006416,0.292833,639,8106844,33532,0,32,0,32,0,0,0,0,0,0,5406,0,3510,1896,0
526,823,26.407208,26.253932,20.828669,0.000000,0.000332,0.000000,0.000000,0.044625,0.018375,1.028417,673,8103158,41319,0,272,0,272,0,0,0,0,0,0,21601,14400,3510,3691,0
527,824,9.737958,9.595993,7.291218,0.000000,0.000999,0.000000,0.000000,0.035209,0.011583,0.000000,647,8106559,33450,0,22,0,22,0,0,0,0,0,0,7208,0,4680,2528,0
528,825,25.136459,24.954032,21.413157,0.000000,0.000583,0.000000,0.000000,0.105750,0.054750,0.880626,670,8102990,41370,0,282,0,282,0,0,0,0,0,0,21638,14400,3510,3728,0
529,826,9.390458,9.281342,7.601535,0.000000,0.000668,0.000000,0.000000,0.041708,0.011917,0.291542,636,8106973,33531,0,32,0,32,0,0,0,0,0,0,5406,0,3510,1896,0
530,827,28.086750,27.933542,20.784344,0.000000,0.004333,0.000000,0.000000,0.068000,0.018667,0.909833,681,8102779,41367,0,272,0,272,0,0,0,0,0,0,23385,14400,4680,4305,0
531,828,6.723542,6.621543,6.623658,0.000000,0.000457,0.000000,0.000000,0.068958,0.013333,0.291125,635,8106846,33540,0,32,0,32,0,0,0,0,0,0,5406,0,3510,1896,0
532,829,38.241875,38.075251,21.473663,0.000000,0.000791,0.000000,0.000000,0.049791,0.035667,1.182374,671,8102966,41296,0,272,0,272,0,0,0,0,0,0,21526,14400,3510,3616,0
533,830,10.400125,10.286891,7.610548,0.000000,0.000416,0.000000,0.000000,0.040458,0.048667,0.310125,646,8107110,33515,0,22,0,22,0,0,0,0,0,0,7208,0,4680,2528,0
534,831,20.626416,20.003417,17.810844,0.000000,0.000583,0.000000,0.000000,0.039334,0.015500,0.305458,673,8102599,41409,0,282,0,282,0,0,0,0,0,0,21622,14400,3510,3712,0
535,832,7.588834,7.444295,7.248374,0.000000,0.001124,0.000000,0.000000,0.215375,0.543625,0.516750,638,8106831,33516,0,32,0,32,0,0,0,0,0,0,5406,0,3510,1896,0
536,833,29.654083,29.487666,20.171203,0.000000,0.000918,0.000000,0.000000,0.134167,0.058125,0.880917,679,8103031,41395,0,272,0,272,0,0,0,0,0,0,23433,14400,4680,4353,0
537,834,9.797625,9.624379,8.183710,0.000000,0.000542,0.000000,0.000000,0.040667,0.010125,0.298666,637,8106861,33517,0,32,0,32,0,0,0,0,0,0,5406,0,3510,1896,0
538,835,27.871875,27.657332,23.652188,0.000000,0.001500,0.000000,0.000000,0.081000,0.018292,1.192625,669,8102946,41292,0,272,0,272,0,0,0,0,0,0,21609,14400,3510,3699,0
539,836,6.693167,6.587879,6.592246,0.000000,0.000249,0.000000,0.000000,0.023791,0.007542,0.000000,646,8106788,33596,0,22,0,22,0,0,0,0,0,0,7209,0,4680,2529,0
540,837,35.734791,35.577556,22.002156,0.000000,0.001041,0.000000,0.000000,0.043042,0.016750,1.219959,667,8103044,41247,0,282,0,282,0,0,0,0,0,0,19806,14400,3510,1896,0
541,838,10.434709,10.314756,7.827840,0.000000,0.000708,0.000000,0.000000,0.051083,0.020042,0.293708,639,8106806,33547,0,32,0,32,0,0,0,0,0,0,5406,0,3510,1896,0
542,839,22.007041,21.862761,19.932972,0.000000,0.000583,0.000000,0.000000,0.052709,0.017625,0.613834,677,8102848,41248,0,272,0,272,0,0,0,0,0,0,21608,14400,4680,2528,0
543,840,10.444959,10.328123,8.329622,0.000000,0.001500,0.000000,0.000000,0.074166,0.031792,0.960375,638,8106822,33525,0,32,0,32,0,0,0,0,0,0,5406,0,3510,1896,0
544,841,36.631916,36.442237,24.626208,0.000000,0.001125,0.000000,0.000000,0.100917,0.023708,1.144293,666,8103111,41078,0,272,0,272,0,0,0,0,0,0,19806,14400,3510,1896,0
545,842,14.698834,14.582948,8.412701,0.000000,0.001918,0.000000,0.000000,0.073875,0.014166,0.342083,646,8106647,33634,0,32,0,32,0,0,0,0,0,0,7208,0,4680,2528,0
546,843,28.042250,27.865417,23.449667,0.000000,0.005333,0.000000,0.000000,0.068583,0.027083,0.892333,667,8103053,41082,0,272,0,272,0,0,0,0,0,0,19806,14400,3510,1896,0
547,844,21.491500,21.271910,10.890199,0.000000,0.001499,0.000000,0.000000,0.103083,0.018458,0.596250,645,8106731,33722,0,32,0,32,0,0,0,0,0,0,6430,0,3510,2920,0
548,845,21.634708,21.510340,18.750974,0.000000,0.000501,0.000000,0.000000,0.044583,0.017250,0.583041,682,8102843,41482,0,272,0,272,0,0,0,0,0,0,22632,14400,4680,3552,0
549,846,12.427542,12.277826,8.756472,0.000000,0.001709,0.000000,0.000000,0.204916,2.843375,0.300167,642,8106607,33658,0,32,0,32,0,0,0,0,0,0,7126,0,3510,3616,0
550,847,29.503375,29.372217,20.730298,0.000000,0.000793,0.000000,0.000000,0.095166,0.021292,1.220292,671,8103114,41057,0,272,0,272,0,0,0,0,0,0,21404,14400,4536,2468,0
551,848,7.107458,7.004040,6.999326,0.000000,0.000459,0.000000,0.000000,0.041417,0.011208,0.293666,641,8106672,33638,0,32,0,32,0,0,0,0,0,0,5610,0,3654,1956,0
552,849,42.336542,41.485875,23.341122,0.000000,0.001458,0.000000,0.000000,0.445541,0.028875,1.220458,664,8103289,41357,0,272,0,272,0,0,0,0,0,0,19806,14400,3510,1896,0
553,850,7.563208,7.511047,7.210215,0.000000,0.000708,0.000000,0.000000,0.043375,0.039542,0.000000,648,8106536,33559,0,32,0,32,0,0,0,0,0,0,7208,0,4680,2528,0
554,851,21.591500,21.463673,17.987151,0.000000,0.000583,0.000000,0.000000,0.050375,0.040875,0.588499,667,8103087,41398,0,272,0,272,0,0,0,0,0,0,19806,14400,3510,1896,0
555,852,20.343583,20.128839,10.194093,0.000000,0.001667,0.000000,0.000000,0.514709,0.032125,0.592084,641,8106700,33578,0,32,0,32,0,0,0,0,0,0,5406,0,3510,1896,0
556,853,29.157459,29.016211,23.490673,0.000000,0.001125,0.000000,0.000000,0.149541,0.030542,0.878667,672,8103145,41425,0,272,0,272,0,0,0,0,0,0,21608,14400,4680,2528,0
557,854,11.036291,10.925581,7.492582,0.000000,0.000501,0.000000,0.000000,0.041209,0.012583,0.294333,637,8106807,33557,0,32,0,32,0,0,0,0,0,0,5406,0,3510,1896,0
558,855,21.869375,21.737762,18.481250,0.000000,0.000459,0.000000,0.000000,0.044625,0.031750,0.922375,669,8102977,41316,0,272,0,272,0,0,0,0,0,0,19806,14400,3510,1896,0
559,856,22.600875,22.442867,10.017938,0.000000,0.001334,0.000000,0.000000,0.255250,0.025084,0.594250,649,8106521,33629,0,32,0,32,0,0,0,0,0,0,8919,0,4680,4239,0
560,857,33.993917,33.793037,23.925547,0.000000,0.000833,0.000000,0.000000,0.060083,0.020125,0.882335,673,8103164,41469,0,272,0,272,0,0,0,0,0,0,21507,14400,3510,3597,0
561,858,6.883417,6.778863,6.783874,0.000000,0.000582,0.000000,0.000000,0.026291,0.006625,0.291792,639,8106700,33559,0,32,0,32,0,0,0,0,0,0,5406,0,3510,1896,0
562,859,21.316291,21.184157,18.237292,0.000000,0.000790,0.000000,0.000000,0.113542,0.038833,0.592250,682,8102996,41590,0,272,0,272,0,0,0,0,0,0,25061,14400,4680,5981,0
563,860,21.054417,20.808287,12.561458,0.000000,0.001625,0.000000,0.000000,0.276958,0.169500,0.612583,642,8106808,33637,0,32,0,32,0,0,0,0,0,0,7133,0,3510,3623,0
564,861,33.811667,33.665829,21.128288,0.000000,0.000958,0.000000,0.000000,0.050916,0.019125,1.244042,670,8103105,41294,0,272,0,272,0,0,0,0,0,0,19806,14400,3510,1896,0
565,862,6.986416,6.881175,6.884671,0.000000,0.000832,0.000000,0.000000,0.032709,0.009291,0.304541,650,8106517,33758,0,32,0,32,0,0,0,0,0,0,10576,0,4680,5896,0
566,863,21.238000,21.106213,17.772218,0.000000,0.000624,0.000000,0.000000,0.078250,0.025000,0.614667,669,8103212,41328,0,272,0,272,0,0,0,0,0,0,19806,14400,3510,1896,0
567,864,22.392250,22.203259,8.477701,0.000000,0.001250,0.000000,0.000000,0.142209,0.114166,0.590959,642,8106655,33680,0,32,0,32,0,0,0,0,0,0,7075,0,3510,3565,0
568,865,32.510625,32.010055,23.586540,0.000000,0.001292,0.000000,0.000000,0.069542,0.047708,0.930791,675,8103028,41405,0,272,0,272,0,0,0,0,0,0,23269,14400,4680,4189,0
569,866,6.964834,6.858290,6.829080,0.000000,0.000210,0.000000,0.000000,0.034958,0.009875,0.304125,641,8106776,33649,0,32,0,32,0,0,0,0,0,0,7045,0,3510,3535,0
570,867,19.882791,19.684674,17.897133,0.000000,0.000458,0.000000,0.000000,0.037750,0.028667,0.294042,670,8102869,41377,0,272,0,272,0,0,0,0,0,0,21454,14400,3510,3544,0
571,868,18.833209,17.292377,8.332204,0.000000,0.001416,0.000000,0.000000,0.088541,0.020417,0.597501,647,8106710,33671,0,32,0,32,0,0,0,0,0,0,8881,0,4680,4201,0
572,869,36.519375,36.364409,20.772640,0.000000,0.002001,0.000000,0.000000,0.291750,0.055083,1.255292,671,8102931,41440,0,272,0,272,0,0,0,0,0,0,21474,14400,3510,3564,0
573,870,7.421541,7.321216,7.216558,0.000000,0.000249,0.000000,0.000000,0.040000,0.012084,0.000000,643,8106801,33677,0,32,0,32,0,0,0,0,0,0,7040,0,3510,3530,0
574,871,20.876584,20.709362,17.934048,0.000000,0.000458,0.000000,0.000000,0.052750,0.018750,0.586584,678,8103036,41476,0,272,0,272,0,0,0,0,0,0,23247,14400,4680,4167,0
575,872,18.502833,18.375379,8.311125,0.000000,0.001917,0.000000,0.000000,0.099458,0.017917,0.586916,643,8106699,33662,0,32,0,32,0,0,0,0,0,0,7016,0,3510,3506,0
576,873,33.947750,33.795834,21.657560,0.000000,0.001500,0.000000,0.000000,0.112333,0.028792,0.911500,671,8103081,41332,0,272,0,272,0,0,0,0,0,0,21427,14400,3510,3517,0
577,874,11.508625,8.555136,7.745755,0.000000,0.000542,0.000000,0.000000,0.048708,0.019375,0.300875,653,8106535,33643,0,32,0,32,0,0,0,0,0,0,8738,0,4680,4058,0
578,875,22.517375,22.360479,19.088797,0.000000,0.001375,0.000000,0.000000,8.068250,0.296250,0.882624,670,8103125,41481,0,272,0,272,0,0,0,0,0,0,21389,14400,3510,3479,0
579,876,24.763542,24.614277,8.918676,0.000000,0.001167,0.000000,0.000000,0.076458,0.021500,0.604250,642,8106763,33649,0,32,0,32,0,0,0,0,0,0,5406,0,3510,1896,0
580,877,23.178291,23.004911,19.724505,0.000000,0.001209,0.000000,0.000000,0.070792,0.038083,0.611416,678,8102895,41351,0,272,0,272,0,0,0,0,0,0,23178,14400,4680,4098,0
581,878,20.989292,20.881257,8.999048,0.000000,0.001833,0.000000,0.000000,0.128792,0.019333,0.608251,639,8106813,33634,0,32,0,32,0,0,0,0,0,0,5406,0,3510,1896,0
582,879,24.914292,21.919836,19.165206,0.000000,0.000666,0.000000,0.000000,0.041833,0.017333,0.608501,671,8103221,41377,0,272,0,272,0,0,0,0,0,0,21386,14400,3510,3476,0
583,880,7.212041,7.078451,7.063224,0.000000,0.001043,0.000000,0.000000,0.164834,0.777958,0.386708,647,8106542,33594,0,32,0,32,0,0,0,0,0,0,7208,0,4680,2528,0
584,881,62.107875,61.648182,31.360682,0.000000,0.000625,0.000000,0.000000,0.044209,0.031125,1.793001,672,8102934,41438,0,272,0,272,0,0,0,0,0,0,21400,14400,3510,3490,0
585,882,11.278500,11.167328,7.338379,0.000000,0.000707,0.000000,0.000000,0.049542,0.019292,0.288958,639,8106927,33567,0,32,0,32,0,0,0,0,0,0,5406,0,3510,1896,0
586,883,21.881959,21.735501,19.422099,0.000000,0.000501,0.000000,0.000000,0.044708,0.020042,0.642916,675,8102958,41417,0,272,0,272,0,0,0,0,0,0,23179,14400,4680,4099,0
587,884,11.072625,10.948132,8.213732,0.000000,0.000583,0.000000,0.000000,0.041250,0.019375,0.298917,639,8106642,33584,0,32,0,32,0,0,0,0,0,0,5406,0,3510,1896,0
588,885,32.388083,32.107009,23.773536,0.000000,0.000707,0.000000,0.000000,0.043250,0.023542,0.937957,671,8103146,41264,0,272,0,272,0,0,0,0,0,0,21336,14400,3510,3426,0
589,886,6.867708,6.767242,6.756227,0.000000,0.000251,0.000000,0.000000,0.052125,0.031000,0.289875,644,8106621,33558,0,32,0,32,0,0,0,0,0,0,7208,0,4680,2528,0
590,887,33.583750,33.324803,21.443912,0.000000,0.000792,0.000000,0.000000,0.052209,0.019875,0.949750,672,8103083,41319,0,272,0,272,0,0,0,0,0,0,21362,14400,3510,3452,0
591,888,20.441167,20.279629,9.350647,0.000000,0.001626,0.000000,0.000000,0.116458,0.018584,0.604667,638,8106977,33579,0,32,0,32,0,0,0,0,0,0,5406,0,3510,1896,0
592,889,24.179375,24.015400,20.708965,0.000000,0.000416,0.000000,0.000000,0.058125,0.022917,0.599709,678,8102751,41385,0,272,0,272,0,0,0,0,0,0,23134,14400,4680,4054,0
593,890,6.807208,6.695173,6.686170,0.000000,0.000542,0.000000,0.000000,0.102834,0.027000,0.000000,639,8106888,33588,0,32,0,32,0,0,0,0,0,0,5406,0,3510,1896,0
594,891,48.119375,47.918814,23.656500,0.000000,0.001248,0.000000,0.000000,0.197834,0.047291,1.510334,671,8103105,41363,0,272,0,272,0,0,0,0,0,0,21304,14400,3510,3394,0
595,892,13.046875,12.934385,8.329678,0.000000,0.000834,0.000000,0.000000,0.060792,0.017542,0.298000,645,8106669,33640,0,32,0,32,0,0,0,0,0,0,7208,0,4680,2528,0
596,893,23.211584,23.065631,19.906914,0.000000,0.000999,0.000000,0.000000,0.126041,0.027709,0.598166,671,8103030,41248,0,272,0,272,0,0,0,0,0,0,21262,14400,3510,3352,0
597,894,22.439750,22.230459,13.016713,0.000000,0.002000,0.000000,0.000000,0.108458,0.015792,0.583125,639,8106822,33597,0,32,0,32,0,0,0,0,0,0,5406,0,3510,1896,0
598,895,36.331916,36.152925,22.437661,0.000000,0.000915,0.000000,0.000000,0.045792,0.028833,1.175707,680,8102762,41354,0,272,0,272,0,0,0,0,0,0,23073,14400,4680,3993,0
599,896,9.801000,9.608370,8.038204,0.000000,0.001375,0.000000,0.000000,0.592917,0.048417,0.371541,638,8106775,33501,0,32,0,32,0,0,0,0,0,0,5406,0,3510,1896,0
600,897,24.435834,24.329636,20.925343,0.000000,0.001167,0.000000,0.000000,0.061333,0.054000,0.617000,671,8103123,41294,0,272,0,272,0,0,0,0,0,0,21317,14400,3510,3407,0
601,898,7.529333,7.410898,7.271439,0.000000,0.000749,0.000000,0.000000,0.110792,0.017625,0.852666,642,8106689,33654,0,32,0,32,0,0,0,0,0,0,7172,0,4680,2492,0
602,899,57.921167,57.663761,31.223499,0.000000,0.001792,0.000000,0.000000,0.104791,0.027459,1.479791,671,8102948,41364,0,272,0,272,0,0,0,0,0,0,21288,14400,3510,3378,0
603,900,14.625083,14.509641,8.155620,0.000000,0.001042,0.000000,0.000000,0.044417,0.012833,0.633000,645,8106699,33557,0,32,0,32,0,0,0,0,0,0,7124,0,4596,2528,0
604,901,22.922875,22.785042,19.871920,0.000000,0.004125,0.000000,0.000000,0.059083,0.024750,0.615375,671,8103114,41429,0,272,0,272,0,0,0,0,0,0,21697,14400,3594,3703,0
605,902,14.815542,14.654854,10.282294,0.000000,0.001668,0.000000,0.000000,0.173375,0.352500,0.291333,639,8106700,33555,0,32,0,32,0,0,0,0,0,0,5406,0,3510,1896,0
606,903,45.383625,45.050290,30.097608,0.000000,0.000709,0.000000,0.000000,0.051833,0.018958,1.208667,678,8102942,41434,0,272,0,272,0,0,0,0,0,0,23482,14400,4680,4402,0
607,904,8.240125,8.109834,8.114613,0.000000,0.000417,0.000000,0.000000,0.047708,0.013292,0.291792,637,8106799,33515,0,32,0,32,0,0,0,0,0,0,5406,0,3510,1896,0
608,905,49.433458,49.262982,24.511078,0.000000,0.000709,0.000000,0.000000,0.051917,0.017166,1.498209,670,8103217,41369,0,272,0,272,0,0,0,0,0,0,21697,14400,3510,3787,0
609,906,12.061125,11.939485,7.944580,0.000000,0.000707,0.000000,0.000000,0.045000,0.013708,0.292667,647,8106642,33559,0,32,0,32,0,0,0,0,0,0,7208,0,4680,2528,0
610,907,22.462542,22.321708,19.314999,0.000000,0.001042,0.000000,0.000000,0.093125,0.026750,0.907959,668,8103014,41426,0,272,0,272,0,0,0,0,0,0,21657,14400,3510,3747,0
611,908,11.000416,10.781385,8.296626,0.000000,0.000666,0.000000,0.000000,0.044542,0.014583,0.306750,638,8106724,33499,0,32,0,32,0,0,0,0,0,0,5406,0,3510,1896,0
612,909,34.595584,34.064173,24.535592,0.000000,0.000624,0.000000,0.000000,0.046208,0.019958,0.880625,679,8103090,41438,0,272,0,272,0,0,0,0,0,0,23439,14400,4680,4359,0
613,910,10.567166,10.451852,7.683836,0.000000,0.000792,0.000000,0.000000,0.100959,0.014583,0.291709,639,8106568,33557,0,32,0,32,0,0,0,0,0,0,5406,0,3510,1896,0
614,911,41.988917,41.708686,24.306874,0.000000,0.001249,0.000000,0.000000,0.191292,1.327125,1.329584,670,8103324,41322,0,272,0,272,0,0,0,0,0,0,21587,14400,3510,3677,0
615,912,22.778958,22.628914,11.423973,0.000000,0.001708,0.000000,0.000000,0.106667,0.042875,0.581584,647,8106571,33476,0,22,0,22,0,0,0,0,0,0,7208,0,4680,2528,0
616,913,25.126959,25.008554,19.688889,0.000000,0.000334,0.000000,0.000000,0.048833,0.060292,1.201167,668,8102970,41475,0,282,0,282,0,0,0,0,0,0,21574,14400,3510,3664,0
617,914,17.676916,17.509493,8.456797,0.000000,0.000958,0.000000,0.000000,0.288709,0.045125,0.295083,639,8106802,33531,0,32,0,32,0,0,0,0,0,0,5406,0,3510,1896,0
618,915,37.766209,37.613975,25.676421,0.000000,0.001167,0.000000,0.000000,0.122458,0.029958,1.171918,679,8102855,41461,0,272,0,272,0,0,0,0,0,0,23374,14400,4680,4294,0
619,916,10.829958,10.716209,7.724253,0.000000,0.000458,0.000000,0.000000,0.044292,0.013750,0.299750,638,8106784,33536,0,32,0,32,0,0,0,0,0,0,5406,0,3510,1896,0
620,917,20.917458,20.781775,19.931922,0.000000,0.000751,0.000000,0.000000,0.043959,0.017000,0.751250,671,8103086,41326,0,272,0,272,0,0,0,0,0,0,21588,14400,3510,3678,0
621,918,23.621375,23.436793,9.756771,0.000000,0.002584,0.000000,0.000000,0.091542,0.023500,0.591542,647,8106911,33483,0,22,0,22,0,0,0,0,0,0,7208,0,4680,2528,0
622,919,35.178334,34.944127,22.077219,0.000000,0.001001,0.000000,0.000000,0.049333,0.020375,0.902375,671,8102812,41488,0,282,0,282,0,0,0,0,0,0,21539,14400,3510,3629,0
623,920,7.579791,7.461191,7.453090,0.000000,0.000375,0.000000,0.000000,0.049542,0.013833,0.315875,638,8106781,33524,0,32,0,32,0,0,0,0,0,0,5406,0,3510,1896,0
624,921,26.950084,26.789333,21.918951,0.000000,0.000500,0.000000,0.000000,0.060375,0.028625,0.927209,678,8103079,41424,0,272,0,272,0,0,0,0,0,0,23318,14400,4680,4238,0
625,922,8.477291,8.337342,8.329333,0.000000,0.001668,0.000000,0.000000,0.123542,0.021583,0.000000,639,8106699,33512,0,32,0,32,0,0,0,0,0,0,5406,0,3510,1896,0
626,923,60.859375,60.655716,27.322118,0.000000,0.001250,0.000000,0.000000,0.045042,0.018458,1.777084,673,8103095,41329,0,272,0,272,0,0,0,0,0,0,21579,14400,3510,3669,0
627,924,10.704709,10.580672,7.828988,0.000000,0.000958,0.000000,0.000000,0.054500,0.013625,0.313958,647,8106764,33481,0,22,0,22,0,0,0,0,0,0,7208,0,4680,2528,0
628,925,21.275708,21.133919,19.451930,0.000000,0.000500,0.000000,0.000000,0.041292,0.047083,0.606125,671,8102987,41473,0,282,0,282,0,0,0,0,0,0,21617,14400,3510,3707,0
629,926,6.978750,6.865352,6.807538,0.000000,0.000959,0.000000,0.000000,0.114833,0.016000,0.290083,638,8106815,33519,0,32,0,32,0,0,0,0,0,0,5406,0,3510,1896,0
630,927,33.860583,33.698188,20.737911,0.000000,0.000958,0.000000,0.000000,0.094500,0.047542,1.139791,680,8102844,41420,0,272,0,272,0,0,0,0,0,0,23310,14400,4680,4230,0
631,928,20.777875,20.619001,9.422584,0.000000,0.001208,0.000000,0.000000,0.090959,0.015583,0.601125,637,8106767,33504,0,32,0,32,0,0,0,0,0,0,5406,0,3510,1896,0
632,929,29.967209,29.639504,21.662303,0.000000,0.000584,0.000000,0.000000,0.241541,0.146792,0.902083,669,8103190,41383,0,272,0,272,0,0,0,0,0,0,21464,14400,3510,3554,0
633,930,8.072750,8.010550,7.482127,0.000000,0.001376,0.000000,0.000000,0.065666,0.012459,0.298541,645,8106764,33471,0,22,0,22,0,0,0,0,0,0,7208,0,4680,2528,0
634,931,21.105458,20.978808,18.199523,0.000000,0.000665,0.000000,0.000000,0.040000,0.017667,0.294167,669,8102909,41488,0,282,0,282,0,0,0,0,0,0,21449,14400,3510,3539,0
635,932,19.043708,18.887177,10.079414,0.000000,0.001500,0.000000,0.000000,0.127125,0.020209,0.744374,638,8106770,33488,0,32,0,32,0,0,0,0,0,0,5406,0,3510,1896,0
636,933,34.916875,34.685410,23.576294,0.000000,0.001416,0.000000,0.000000,0.266209,0.087625,1.185333,676,8103054,41393,0,272,0,272,0,0,0,0,0,0,23228,14400,4680,4148,0
637,934,8.523459,8.455784,7.500790,0.000000,0.001001,0.000000,0.000000,0.046583,0.012625,0.000000,639,8106853,33545,0,32,0,32,0,0,0,0,0,0,5406,0,3510,1896,0
638,935,20.886833,20.758415,17.878869,0.000000,0.000582,0.000000,0.000000,0.043167,0.016041,0.597333,669,8102951,41381,0,272,0,272,0,0,0,0,0,0,21271,14400,3510,3361,0
639,936,18.787458,18.584545,11.966496,0.000000,0.001458,0.000000,0.000000,0.145875,0.021709,0.902667,646,8106725,33460,0,22,0,22,0,0,0,0,0,0,7208,0,4680,2528,0
640,937,32.041834,31.898081,21.834034,0.000000,0.000751,0.000000,0.000000,0.110791,0.033250,0.894666,671,8102874,41519,0,282,0,282,0,0,0,0,0,0,21323,14400,3510,3413,0
641,938,10.213291,10.066760,7.446288,0.000000,0.000833,0.000000,0.000000,0.036834,0.012416,0.292875,639,8106778,33518,0,32,0,32,0,0,0,0,0,0,5406,0,3510,1896,0
642,939,23.458750,23.290022,20.675504,0.000000,0.000834,0.000000,0.000000,0.058334,0.026166,0.911875,680,8103020,41526,0,272,0,272,0,0,0,0,0,0,23087,14400,4680,4007,0
643,940,24.797459,24.502105,10.107401,0.000000,0.001291,0.000000,0.000000,0.076458,0.014292,0.874168,639,8106768,33508,0,32,0,32,0,0,0,0,0,0,5406,0,3510,1896,0
644,941,31.518041,31.362674,21.924212,0.000000,0.000208,0.000000,0.000000,0.044542,0.015208,0.769042,671,8103072,41344,0,272,0,272,0,0,0,0,0,0,21274,14400,3510,3364,0
645,942,7.232042,7.119234,7.095801,0.000000,0.000374,0.000000,0.000000,0.024542,0.008708,0.300417,646,8106629,33537,0,32,0,32,0,0,0,0,0,0,7208,0,4680,2528,0
646,943,27.827833,27.550383,20.706256,0.000000,0.001543,0.000000,0.000000,0.521667,0.368583,0.928834,672,8102978,41524,0,272,0,272,0,0,0,0,0,0,21201,14400,3510,3291,0
647,944,16.153750,16.081815,9.497476,0.000000,0.001083,0.000000,0.000000,0.050500,0.030042,0.297708,638,8106904,33539,0,32,0,32,0,0,0,0,0,0,5406,0,3510,1896,0
648,945,21.175500,21.047506,19.185505,0.000000,0.001042,0.000000,0.000000,0.045542,0.020875,0.621625,673,8102925,41436,0,272,0,272,0,0,0,0,0,0,21608,14400,4680,2528,0
649,946,6.871334,6.760419,6.750537,0.000000,0.000375,0.000000,0.000000,0.117583,0.044167,0.295708,636,8106934,33556,0,32,0,32,0,0,0,0,0,0,5406,0,3510,1896,0
650,947,30.580166,30.431604,19.798950,0.000000,0.000667,0.000000,0.000000,0.048542,0.017875,1.270333,667,8102965,41302,0,272,0,272,0,0,0,0,0,0,19806,14400,3510,1896,0
651,948,20.212959,18.636173,8.471007,0.000000,0.001792,0.000000,0.000000,0.353333,0.068375,0.586249,645,8106685,33612,0,32,0,32,0,0,0,0,0,0,7208,0,4680,2528,0
652,949,27.716208,28.859336,20.814668,0.000000,0.001293,0.000000,0.000000,0.123750,0.027708,0.582750,668,8103002,41308,0,272,0,272,0,0,0,0,0,0,19806,14400,3510,1896,0
653,950,11.788667,11.671081,7.765665,0.000000,0.001166,0.000000,0.000000,0.054041,0.024459,0.335250,640,8106794,33594,0,32,0,32,0,0,0,0,0,0,5664,0,3510,2154,0
654,951,22.505458,22.369497,19.538926,0.000000,0.000876,0.000000,0.000000,0.051917,0.018708,0.637000,675,8103064,41391,0,272,0,272,0,0,0,0,0,0,21350,14400,4680,2270,0
655,952,10.927833,10.806979,8.087574,0.000000,0.000876,0.000000,0.000000,0.045042,0.030583,0.715000,645,8106656,33779,0,32,0,32,0,0,0,0,0,0,6430,0,3510,2920,0
656,953,56.471209,56.242608,28.254358,0.000000,0.001500,0.000000,0.000000,0.071666,0.024459,1.463125,682,8102781,41570,0,272,0,272,0,0,0,0,0,0,22548,14400,4596,3552,0
657,954,11.345458,11.233488,7.980467,0.000000,0.000292,0.000000,0.000000,0.050875,0.012875,0.290875,643,8106739,33752,0,32,0,32,0,0,0,0,0,0,6920,0,3594,3326,0
658,955,21.209708,21.082129,18.005877,0.000000,0.000876,0.000000,0.000000,0.040209,0.020625,0.608250,669,8103209,41393,0,272,0,272,0,0,0,0,0,0,19806,14400,3510,1896,0
659,956,18.457834,18.313818,8.911437,0.000000,0.001291,0.000000,0.000000,0.097750,0.023166,0.592874,646,8106706,33497,0,22,0,22,0,0,0,0,0,0,7208,0,4680,2528,0
660,957,31.182000,30.840649,21.323997,0.000000,0.001084,0.000000,0.000000,0.084500,0.022500,0.919666,666,8102993,41531,0,282,0,282,0,0,0,0,0,0,19806,14400,3510,1896,0
661,958,10.579291,10.446971,7.431512,0.000000,0.000834,0.000000,0.000000,0.047125,0.048875,0.302625,637,8106851,33541,0,32,0,32,0,0,0,0,0,0,5406,0,3510,1896,0
662,959,20.992417,20.857213,19.788406,0.000000,0.000791,0.000000,0.000000,0.044292,0.046458,0.297667,674,8102779,41447,0,272,0,272,0,0,0,0,0,0,21608,14400,4680,2528,0
663,960,9.680375,9.559820,8.610141,0.000000,0.000876,0.000000,0.000000,0.097208,0.011750,0.308917,638,8106791,33556,0,32,0,32,0,0,0,0,0,0,5406,0,3510,1896,0
664,961,41.477667,41.300928,22.882080,0.000000,0.025041,0.000000,0.000000,0.130583,0.494458,1.383000,666,8103247,41281,0,272,0,272,0,0,0,0,0,0,19806,14400,3510,1896,0
665,962,22.806208,22.644978,9.994988,0.000000,0.001417,0.000000,0.000000,2.575542,0.138875,0.898417,652,8106621,33586,0,22,0,22,0,0,0,0,0,0,8802,0,4680,4122,0
666,963,43.600292,35.197571,23.683279,0.000000,0.001126,0.000000,0.000000,0.059375,0.019541,1.251499,668,8102982,41607,0,282,0,282,0,0,0,0,0,0,21318,14400,3510,3408,0
667,964,11.099291,10.961218,8.544576,0.000000,0.001207,0.000000,0.000000,0.059542,0.014292,0.315333,642,8106785,33578,0,32,0,32,0,0,0,0,0,0,6900,0,3510,3390,0
668,965,21.327875,21.196691,19.269094,0.000000,0.000332,0.000000,0.000000,0.047167,0.020167,0.654459,675,8102955,41473,0,272,0,272,0,0,0,0,0,0,23302,14400,4680,4222,0
669,966,9.816917,9.694286,8.394800,0.000000,0.000752,0.000000,0.000000,0.101125,0.058000,0.000000,645,8106793,33551,0,32,0,32,0,0,0,0,0,0,7008,0,3510,3498,0
670,967,27.064333,26.851335,23.643479,0.000000,0.000918,0.000000,0.000000,0.064167,0.024917,1.008001,670,8103059,41460,0,272,0,272,0,0,0,0,0,0,21393,14400,3510,3483,0
671,968,31.356375,30.805541,12.538542,0.000000,0.001459,0.000000,0.000000,0.085750,0.026000,0.880500,650,8106617,33565,0,22,0,22,0,0,0,0,0,0,8707,0,4680,4027,0
672,969,55.332584,55.105906,26.241543,0.000000,0.001874,0.000000,0.000000,0.235625,0.126958,1.472833,672,8103069,41528,0,282,0,282,0,0,0,0,0,0,21364,14400,3510,3454,0
673,970,9.288541,9.182205,8.194475,0.000000,0.000375,0.000000,0.000000,0.049667,0.013792,0.304666,642,8106657,33586,0,32,0,32,0,0,0,0,0,0,6981,0,3510,3471,0
674,971,26.332667,26.186951,21.136807,0.000000,0.001001,0.000000,0.000000,0.097417,0.042750,0.746542,679,8103009,41565,0,272,0,272,0,0,0,0,0,0,23163,14400,4680,4083,0
675,972,7.504458,7.392004,7.367708,0.000000,0.000460,0.000000,0.000000,0.043209,0.010583,0.307833,645,8106665,33571,0,32,0,32,0,0,0,0,0,0,6954,0,3510,3444,0
676,973,49.768500,49.473207,26.704261,0.000000,0.000750,0.000000,0.000000,0.051542,0.023375,1.524500,668,8103150,41551,0,272,0,272,0,0,0,0,0,0,21422,14400,3510,3512,0
677,974,11.442375,11.327293,7.823929,0.000000,0.000916,0.000000,0.000000,0.079250,0.022167,0.305458,652,8106719,33551,0,22,0,22,0,0,0,0,0,0,8757,0,4680,4077,0
678,975,24.367875,24.218122,21.684902,0.000000,0.000542,0.000000,0.000000,0.043167,0.016750,0.608125,671,8103067,41694,0,282,0,282,0,0,0,0,0,0,21414,14400,3510,3504,0
679,976,22.707584,22.511626,10.832363,0.000000,0.001791,0.000000,0.000000,0.195916,0.022042,0.586084,642,8106714,33582,0,32,0,32,0,0,0,0,0,0,7006,0,3510,3496,0
680,977,40.818666,40.669093,24.758097,0.000000,0.001083,0.000000,0.000000,0.045250,0.032417,1.194958,680,8102950,41677,0,272,0,272,0,0,0,0,0,0,23256,14400,4680,4176,0
681,978,10.756625,10.639481,8.026983,0.000000,0.001250,0.000000,0.000000,0.089167,0.021833,0.290459,637,8106590,33481,0,32,0,32,0,0,0,0,0,0,5406,0,3510,1896,0
682,979,22.141000,21.995331,20.070227,0.000000,0.000792,0.000000,0.000000,0.049667,0.036000,0.598625,673,8103054,41665,0,272,0,272,0,0,0,0,0,0,21432,14400,3510,3522,0
683,980,7.581084,7.449166,7.447836,0.000000,0.000791,0.000000,0.000000,0.116083,0.016958,0.324084,644,8106961,33420,0,22,0,22,0,0,0,0,0,0,7208,0,4680,2528,0
684,981,70.579916,70.172696,31.814200,0.000000,0.001291,0.000000,0.000000,0.065167,0.025000,2.100290,671,8102883,41791,0,282,0,282,0,0,0,0,0,0,21456,14400,3510,3546,0
685,982,7.810250,7.691479,7.686510,0.000000,0.000917,0.000000,0.000000,0.079542,0.014833,0.000000,638,8106850,33457,0,32,0,32,0,0,0,0,0,0,5406,0,3510,1896,0
686,983,34.822125,34.616501,24.493209,0.000000,0.001209,0.000000,0.000000,0.115334,0.037833,1.195334,679,8102832,41841,0,272,0,272,0,0,0,0,0,0,23242,14400,4680,4162,0
687,984,14.685875,14.524664,8.745625,0.000000,0.001126,0.000000,0.000000,0.079584,0.016083,0.297750,639,8106700,33448,0,32,0,32,0,0,0,0,0,0,5406,0,3510,1896,0
688,985,29.727584,29.579058,21.030257,0.000000,0.001166,0.000000,0.000000,0.093166,0.024584,0.926291,671,8103173,41637,0,272,0,272,0,0,0,0,0,0,21463,14400,3510,3553,0
689,986,15.943541,15.802576,9.214872,0.000000,0.001166,0.000000,0.000000,0.128584,0.020083,0.296250,648,8106678,33401,0,22,0,22,0,0,0,0,0,0,7208,0,4680,2528,0
690,987,23.185084,23.035282,20.758066,0.000000,0.000750,0.000000,0.000000,0.063666,0.023000,0.632125,674,8102952,41730,0,282,0,282,0,0,0,0,0,0,21208,14400,3510,3298,0
691,988,34.870291,34.663783,12.078919,0.000000,0.001709,0.000000,0.000000,0.741959,0.030916,1.272000,637,8106964,33403,0,22,0,22,0,0,0,0,0,0,5406,0,3510,1896,0
692,989,45.830750,45.660385,25.407032,0.000000,0.003499,0.000000,0.000000,0.052167,0.020667,1.246082,678,8102713,41819,0,282,0,282,0,0,0,0,0,0,23017,14400,4680,3937,0
693,990,10.692834,10.571097,8.321060,0.000000,0.001250,0.000000,0.000000,0.069458,0.016083,0.316958,639,8107115,33400,0,22,0,22,0,0,0,0,0,0,5406,0,3510,1896,0
694,991,21.579666,21.437618,19.219538,0.000000,0.000375,0.000000,0.000000,0.042084,0.016875,0.626749,672,8102763,41792,0,282,0,282,0,0,0,0,0,0,21209,14400,3510,3299,0
695,992,6.823500,6.717587,6.704169,0.000000,0.000625,0.000000,0.000000,0.100459,0.015750,0.302000,646,8106781,33436,0,22,0,22,0,0,0,0,0,0,7208,0,4680,2528,0
696,993,71.842750,71.572009,31.492155,0.000000,0.001374,0.000000,0.000000,0.045209,0.016000,1.774877,670,8102943,41805,0,282,0,282,0,0,0,0,0,0,21202,14400,3510,3292,0
697,994,7.680792,7.556426,7.535870,0.000000,0.000376,0.000000,0.000000,0.038833,0.011417,0.294708,636,8106907,33432,0,32,0,32,0,0,0,0,0,0,5406,0,3510,1896,0
698,995,48.755375,48.591497,22.397759,0.000000,0.001583,0.000000,0.000000,0.087875,0.535000,1.518084,675,8102812,41868,0,272,0,272,0,0,0,0,0,0,23012,14400,4680,3932,0
699,996,18.053958,17.380844,9.590000,0.000000,0.001499,0.000000,0.000000,0.097500,0.016917,0.292458,638,8106914,33438,0,32,0,32,0,0,0,0,0,0,5406,0,3510,1896,0
700,997,34.930792,34.754680,22.163097,0.000000,0.001335,0.000000,0.000000,0.171375,0.037833,1.207750,670,8102974,41969,0,272,0,272,0,0,0,0,0,0,21217,14400,3510,3307,0
701,998,11.670375,11.452052,8.168480,0.000000,0.000709,0.000000,0.000000,0.040875,0.024667,0.294583,644,8106794,33484,0,22,0,22,0,0,0,0,0,0,7208,0,4680,2528,0
702,999,21.642958,21.512290,18.714032,0.000000,0.000584,0.000000,0.000000,0.047042,0.038208,0.782083,672,8103013,41887,0,282,0,282,0,0,0,0,0,0,21225,14400,3510,3315,0
703,1000,20.615084,20.416960,12.792681,0.000000,0.001917,0.000000,0.000000,0.122250,0.019375,0.584208,639,8106834,33393,0,22,0,22,0,0,0,0,0,0,5406,0,3510,1896,0
704,1001,39.264083,39.088279,24.817080,0.000000,0.000750,0.000000,0.000000,0.047208,0.017584,0.893333,679,8102898,41957,0,282,0,282,0,0,0,0,0,0,23015,14400,4680,3935,0
705,1002,7.124125,6.983837,6.982606,0.000000,0.000749,0.000000,0.000000,0.118000,0.033625,0.309667,638,8106876,33399,0,22,0,22,0,0,0,0,0,0,5406,0,3510,1896,0
706,1003,25.893417,24.653274,20.572371,0.000000,0.000583,0.000000,0.000000,0.059250,0.020750,0.609499,670,8102850,42002,0,282,0,282,0,0,0,0,0,0,21726,14400,3510,3816,0
707,1004,6.766458,6.661303,6.648718,0.000000,0.000291,0.000000,0.000000,0.040208,0.010875,0.305334,646,8106800,33521,0,32,0,32,0,0,0,0,0,0,6696,0,4680,2016,0
708,1005,47.512292,47.316439,24.715503,0.000000,0.000999,0.000000,0.000000,0.046083,0.016750,1.564792,672,8102960,42044,0,272,0,272,0,0,0,0,0,0,21216,14400,3510,3306,0
709,1006,11.097291,10.957455,7.362582,0.000000,0.000833,0.000000,0.000000,0.047917,0.012625,0.290917,644,8106737,33473,0,32,0,32,0,0,0,0,0,0,7124,0,4596,2528,0
710,1007,22.220250,22.069261,20.010577,0.000000,0.001001,0.000000,0.000000,0.059084,0.027083,0.653292,674,8102966,41938,0,272,0,272,0,0,0,0,0,0,21304,14400,3594,3310,0
711,1008,11.130792,10.985797,8.746842,0.000000,0.000957,0.000000,0.000000,0.044167,0.012000,0.311917,637,8106799,33648,0,32,0,32,0,0,0,0,0,0,5406,0,3510,1896,0
712,1009,43.198958,43.012673,25.261728,0.000000,0.000834,0.000000,0.000000,0.056917,0.023792,1.238500,677,8103026,41475,0,272,0,272,0,0,0,0,0,0,23041,14400,4680,3961,0
713,1010,12.080084,11.899893,8.596243,0.000000,0.001834,0.000000,0.000000,0.051250,0.022166,0.292708,638,8106902,33671,0,32,0,32,0,0,0,0,0,0,5406,0,3510,1896,0
714,1011,46.400583,46.047743,25.965833,0.000000,0.002000,0.000000,0.000000,0.056417,0.021250,1.174083,672,8102811,41455,0,272,0,272,0,0,0,0,0,0,21244,14400,3510,3334,0
715,1012,10.611292,10.478775,7.906059,0.000000,0.000542,0.000000,0.000000,0.119791,0.179834,0.338458,647,8106955,33509,0,22,0,22,0,0,0,0,0,0,7208,0,4680,2528,0
716,1013,22.305375,22.163351,19.905986,0.000000,0.000417,0.000000,0.000000,0.045916,0.052209,0.748125,671,8102847,41697,0,282,0,282,0,0,0,0,0,0,21251,14400,3510,3341,0
717,1014,6.531208,6.425295,6.400922,0.000000,0.000457,0.000000,0.000000,0.039125,0.016708,0.299584,636,8107067,33335,0,22,0,22,0,0,0,0,0,0,5406,0,3510,1896,0
718,1015,34.185625,34.028426,21.950157,0.000000,0.000958,0.000000,0.000000,0.055542,0.039958,0.894249,679,8102632,41650,0,282,0,282,0,0,0,0,0,0,23071,14400,4680,3991,0
719,1016,23.423125,13.927632,9.584375,0.000000,0.001915,0.000000,0.000000,0.100542,0.015375,0.634042,637,8107084,33391,0,22,0,22,0,0,0,0,0,0,5406,0,3510,1896,0
720,1017,34.028708,33.859734,22.307198,0.000000,0.000874,0.000000,0.000000,0.046500,0.018000,1.239918,673,8102896,41685,0,282,0,282,0,0,0,0,0,0,21276,14400,3510,3366,0
721,1018,6.726500,6.620966,6.590245,0.000000,0.000291,0.000000,0.000000,0.032584,0.007875,0.000000,643,8106743,33357,0,22,0,22,0,0,0,0,0,0,7208,0,4680,2528,0
722,1019,33.988084,33.750157,21.281288,0.000000,0.001417,0.000000,0.000000,0.122000,0.028208,1.249582,674,8102785,41699,0,282,0,282,0,0,0,0,0,0,21280,14400,3510,3370,0
723,1020,12.416750,10.916401,8.644738,0.000000,0.000750,0.000000,0.000000,0.047458,0.039583,0.600750,638,8106949,33378,0,22,0,22,0,0,0,0,0,0,5406,0,3510,1896,0
724,1021,22.002708,21.869999,19.079376,0.000000,0.000624,0.000000,0.000000,0.056333,0.053334,0.971333,675,8102794,41809,0,282,0,282,0,0,0,0,0,0,23063,14400,4680,3983,0
725,1022,24.359792,24.189424,10.843613,0.000000,0.001416,0.000000,0.000000,0.098625,0.025583,0.601791,640,8107067,33383,0,22,0,22,0,0,0,0,0,0,5406,0,3510,1896,0
726,1023,32.682625,32.508332,22.989377,0.000000,0.000375,0.000000,0.000000,0.051916,0.029875,1.228875,670,8102812,41620,0,282,0,282,0,0,0,0,0,0,21264,14400,3510,3354,0
727,1024,6.897000,6.788441,6.783867,0.000000,0.000542,0.000000,0.000000,0.033250,0.010041,0.310041,646,8106987,33351,0,22,0,22,0,0,0,0,0,0,7208,0,4680,2528,0
728,1025,30.469541,30.285308,21.559731,0.000000,0.001333,0.000000,0.000000,0.315959,0.193875,0.613376,669,8102767,41765,0,282,0,282,0,0,0,0,0,0,21266,14400,3510,3356,0
729,1026,15.971917,15.863999,8.851970,0.000000,0.000625,0.000000,0.000000,0.047375,0.013333,0.585041,639,8106928,33373,0,22,0,22,0,0,0,0,0,0,5406,0,3510,1896,0
730,1027,21.509458,21.376395,19.012720,0.000000,0.000585,0.000000,0.000000,0.055792,0.018458,0.594375,675,8102764,41659,0,282,0,282,0,0,0,0,0,0,23077,14400,4680,3997,0
731,1028,20.125750,19.967200,9.603264,0.000000,0.001665,0.000000,0.000000,0.112667,0.023625,0.589333,638,8106928,33416,0,22,0,22,0,0,0,0,0,0,5406,0,3510,1896,0
732,1029,33.416542,32.584124,22.895019,0.000000,0.001249,0.000000,0.000000,1.904417,0.521875,0.879083,674,8103078,41579,0,282,0,282,0,0,0,0,0,0,21275,14400,3510,3365,0
733,1030,10.183042,10.108989,7.379016,0.000000,0.000791,0.000000,0.000000,0.045125,0.012916,0.310208,647,8106586,33411,0,22,0,22,0,0,0,0,0,0,7208,0,4680,2528,0
734,1031,21.676000,21.527421,19.176412,0.000000,0.000540,0.000000,0.000000,0.043833,0.019708,0.934792,668,8103029,41588,0,282,0,282,0,0,0,0,0,0,21280,14400,3510,3370,0
735,1032,22.883791,22.210667,12.065213,0.000000,0.001333,0.000000,0.000000,0.317167,0.025000,0.601916,640,8106966,33465,0,32,0,32,0,0,0,0,0,0,5406,0,3510,1896,0
736,1033,33.885084,33.704298,24.059429,0.000000,0.000584,0.000000,0.000000,0.053791,0.017584,0.887166,676,8102688,41521,0,272,0,272,0,0,0,0,0,0,23085,14400,4680,4005,0
737,1034,6.759500,6.651242,6.646556,0.000000,0.000291,0.000000,0.000000,0.029833,0.009708,0.293333,641,8106921,33478,0,32,0,32,0,0,0,0,0,0,5406,0,3510,1896,0
738,1035,31.116958,30.955534,19.640417,0.000000,0.001542,0.000000,0.000000,0.149458,0.034417,0.904166,671,8102963,41455,0,272,0,272,0,0,0,0,0,0,21285,14400,3510,3375,0
739,1036,14.370917,14.239580,8.686797,0.000000,0.001000,0.000000,0.000000,0.046333,0.012583,0.295875,645,8106740,33440,0,22,0,22,0,0,0,0,0,0,7208,0,4680,2528,0
740,1037,20.923041,20.795078,18.515077,0.000000,0.000625,0.000000,0.000000,0.045167,0.016750,0.593541,671,8103004,41595,0,282,0,282,0,0,0,0,0,0,21277,14400,3510,3367,0
741,1038,9.337500,9.184247,8.859904,0.000000,0.001291,0.000000,0.000000,3.630792,0.020833,0.623375,638,8106958,33480,0,32,0,32,0,0,0,0,0,0,5406,0,3510,1896,0
742,1039,34.723500,34.451422,20.496576,0.000000,0.003042,0.000000,0.000000,0.065167,0.023292,0.908250,678,8102736,41505,0,272,0,272,0,0,0,0,0,0,23096,14400,4680,4016,0
743,1040,7.002250,6.871464,6.844797,0.000000,0.000250,0.000000,0.000000,0.037334,0.010666,0.306583,637,8106950,33481,0,32,0,32,0,0,0,0,0,0,5406,0,3510,1896,0
744,1041,19.438334,19.298309,19.270315,0.000000,0.000542,0.000000,0.000000,0.092166,0.042959,0.617375,668,8103090,41418,0,272,0,272,0,0,0,0,0,0,21264,14400,3510,3354,0
745,1042,23.779500,23.589123,11.805371,0.000000,0.001208,0.000000,0.000000,0.076000,0.022583,0.583500,644,8106580,33434,0,22,0,22,0,0,0,0,0,0,7208,0,4680,2528,0
746,1043,35.378458,35.083288,23.959838,0.000000,0.000666,0.000000,0.000000,0.056125,0.067833,0.909792,672,8102952,41570,0,282,0,282,0,0,0,0,0,0,21254,14400,3510,3344,0
747,1044,10.646208,7.740203,7.534716,0.000000,0.001959,0.000000,0.000000,0.269167,0.043708,0.291875,640,8106845,33494,0,32,0,32,0,0,0,0,0,0,5406,0,3510,1896,0
748,1045,24.014750,26.666594,19.561588,0.000000,0.000583,0.000000,0.000000,0.054084,0.037916,0.890751,678,8102987,41520,0,272,0,272,0,0,0,0,0,0,23081,14400,4680,4001,0
749,1046,15.703459,15.558003,7.656907,0.000000,0.001458,0.000000,0.000000,0.523666,0.086584,0.291958,639,8106607,33479,0,32,0,32,0,0,0,0,0,0,5406,0,3510,1896,0
750,1047,37.307041,37.136011,24.138253,0.000000,0.001125,0.000000,0.000000,0.060209,0.020125,1.184624,671,8103288,41448,0,272,0,272,0,0,0,0,0,0,21290,14400,3510,3380,0
751,1048,11.000750,10.819016,7.697773,0.000000,0.000793,0.000000,0.000000,0.044167,0.013750,0.304833,646,8106495,33660,0,32,0,32,0,0,0,0,0,0,7208,0,4680,2528,0
752,1049,22.780125,22.629768,20.093513,0.000000,0.000498,0.000000,0.000000,0.050667,0.047083,0.586167,672,8103251,41380,0,272,0,272,0,0,0,0,0,0,21322,14400,3510,3412,0
753,1050,9.392334,9.181085,8.768587,0.000000,0.001876,0.000000,0.000000,0.986541,0.122334,0.296791,638,8106822,33627,0,32,0,32,0,0,0,0,0,0,5406,0,3510,1896,0
754,1051,44.392458,44.187418,23.540504,0.000000,0.001458,0.000000,0.000000,0.598250,0.044292,1.186833,679,8102817,41467,0,272,0,272,0,0,0,0,0,0,21609,14400,4680,2529,0
755,1052,25.233042,25.066656,12.969706,0.000000,0.000667,0.000000,0.000000,0.058500,0.021625,0.583625,638,8106845,33637,0,32,0,32,0,0,0,0,0,0,5406,0,3510,1896,0
756,1053,28.225833,26.380137,20.019750,0.000000,0.001165,0.000000,0.000000,0.963333,0.154834,0.883667,666,8102954,41237,0,272,0,272,0,0,0,0,0,0,19806,14400,3510,1896,0
757,1054,12.150750,12.020072,8.401991,0.000000,0.000583,0.000000,0.000000,0.102708,0.018125,0.292958,647,8106849,33708,0,32,0,32,0,0,0,0,0,0,7208,0,4680,2528,0
758,1054,77.148375,23.967036,17.937504,0.000000,0.000541,0.000000,0.000000,0.253417,0.024875,2.488583,465,5978091,30837,0,272,0,272,0,0,0,0,0,0,6415,2811,2340,1264,0
759,48063,188.171750,88.221168,28.979904,0.000000,0.001250,0.000000,0.000000,0.421417,0.032541,5.833418,590,5680521,41819,0,2,0,2,0,0,0,0,0,0,5406,0,3510,1896,0
760,48064,49.755500,49.346477,32.706556,0.000000,0.001001,0.000000,0.000000,0.174458,0.078667,1.811751,2091,8107229,135800,0,2,0,2,0,0,0,0,0,0,5406,0,3510,1896,0
761,48065,24.582167,24.160613,23.161216,0.000000,0.000708,0.000000,0.000000,0.110083,0.028667,1.158125,2154,8107255,140711,0,2,0,2,0,0,0,0,0,0,5406,0,3510,1896,0
762,48066,44.680875,44.134290,30.081557,0.000000,0.001710,0.000000,0.000000,0.142375,0.023333,1.177501,2076,8107045,135717,0,2,0,2,0,0,0,0,0,0,7208,0,4680,2528,0
763,48067,51.037791,48.155620,29.290115,0.000000,0.001875,0.000000,0.000000,0.233250,0.056875,1.510958,2136,8106926,138968,0,2,0,2,0,0,0,0,0,0,7447,0,3510,3937,0
764,48068,28.926167,28.009982,24.234300,0.000000,0.000457,0.000000,0.000000,0.076458,0.019834,0.584375,2138,8107242,137032,0,2,0,2,0,0,0,0,0,0,5406,0,3510,1896,0
765,48069,49.865958,49.362454,26.809722,0.000000,0.001125,0.000000,0.000000,0.111917,0.020625,1.481749,2068,8107045,134814,0,2,0,2,0,0,0,0,0,0,7208,0,4680,2528,0
766,48070,35.073917,34.473264,27.091667,0.000000,0.001709,0.000000,0.000000,0.138750,0.021083,0.895874,2128,8107361,139483,0,2,0,2,0,0,0,0,0,0,5406,0,3510,1896,0
767,48071,28.480792,27.719555,24.237733,0.000000,0.001209,0.000000,0.000000,0.108041,0.016459,0.882916,2117,8107178,135858,0,2,0,2,0,0,0,0,0,0,5406,0,3510,1896,0
768,48072,36.777166,35.698520,28.425877,0.000000,0.001083,0.000000,0.000000,0.127417,0.017208,0.889708,2043,8107061,135237,0,2,0,2,0,0,0,0,0,0,7208,0,4680,2528,0
769,48073,27.716875,27.201580,22.358549,0.000000,0.000834,0.000000,0.000000,0.080542,0.014708,0.882709,2044,8107261,135776,0,2,0,2,0,0,0,0,0,0,5406,0,3510,1896,0
770,48074,32.686875,32.067698,26.450300,0.000000,0.001126,0.000000,0.000000,0.130459,0.022875,1.195417,2120,8107274,136963,0,2,0,2,0,0,0,0,0,0,5406,0,3510,1896,0
771,48075,31.324209,30.826227,23.965329,0.000000,0.000750,0.000000,0.000000,0.077000,0.017625,0.893334,2057,8107080,135567,0,2,0,2,0,0,0,0,0,0,7208,0,4680,2528,0
772,48076,22.670916,22.276953,20.420876,0.000000,0.000501,0.000000,0.000000,0.073875,0.019625,0.585458,2050,8107247,135610,0,2,0,2,0,0,0,0,0,0,5406,0,3510,1896,0
773,48077,34.698292,34.231196,23.961381,0.000000,0.000709,0.000000,0.000000,0.093917,0.018000,0.892625,2076,8107271,135162,0,2,0,2,0,0,0,0,0,0,5406,0,3510,1896,0
774,48078,30.481000,27.944625,22.800285,0.000000,0.001250,0.000000,0.000000,0.113042,0.024125,0.892834,2088,8107040,136968,0,2,0,2,0,0,0,0,0,0,7208,0,4680,2528,0
775,48079,22.510125,22.123523,20.454796,0.000000,0.000334,0.000000,0.000000,0.124917,0.025125,0.592791,2061,8107268,136179,0,2,0,2,0,0,0,0,0,0,5406,0,3510,1896,0
776,48080,32.224833,31.760539,23.087907,0.000000,0.000332,0.000000,0.000000,0.091417,0.017083,0.892750,2094,8107404,135066,0,2,0,2,0,0,0,0,0,0,7004,0,4536,2468,0
777,48081,41.082334,40.582328,25.457794,0.000000,0.000833,0.000000,0.000000,0.075208,0.019375,1.231417,2060,8106878,136256,0,2,0,2,0,0,0,0,0,0,5610,0,3654,1956,0
778,48082,29.330500,28.816433,24.948163,0.000000,0.001167,0.000000,0.000000,0.280750,0.054083,0.906375,2070,8107284,136517,0,2,0,2,0,0,0,0,0,0,5406,0,3510,1896,0
779,48083,22.270708,21.888038,19.906336,0.000000,0.001125,0.000000,0.000000,0.087208,0.017125,0.593875,2058,8107123,133332,0,2,0,2,0,0,0,0,0,0,7208,0,4680,2528,0
780,48084,33.660125,33.173065,23.917363,0.000000,0.000418,0.000000,0.000000,0.176167,0.038583,0.877291,2105,8107200,137870,0,2,0,2,0,0,0,0,0,0,5406,0,3510,1896,0
781,48085,25.822042,25.381220,22.280420,0.000000,0.000458,0.000000,0.000000,0.141500,0.018208,1.228000,2034,8107220,135164,0,2,0,2,0,0,0,0,0,0,5406,0,3510,1896,0
782,48086,37.595916,37.113132,25.195908,0.000000,0.001000,0.000000,0.000000,1.118084,0.057375,0.902667,2034,8107096,134293,0,2,0,2,0,0,0,0,0,0,7208,0,4680,2528,0
783,48087,33.544000,33.043153,25.169977,0.000000,0.000999,0.000000,0.000000,0.109125,0.017750,0.890209,2078,8107206,137165,0,2,0,2,0,0,0,0,0,0,5406,0,3510,1896,0
784,48088,24.361667,23.939837,20.676300,0.000000,0.000750,0.000000,0.000000,0.083708,0.039834,1.224541,2049,8107270,135726,0,2,0,2,0,0,0,0,0,0,5406,0,3510,1896,0
785,48089,40.879250,40.384996,26.523238,0.000000,0.003875,0.000000,0.000000,0.112208,0.016792,0.900751,2002,8107071,132615,0,2,0,2,0,0,0,0,0,0,7208,0,4680,2528,0
786,48090,23.689958,23.283510,21.392602,0.000000,0.000374,0.000000,0.000000,0.090792,0.022583,1.244500,2097,8107245,138700,0,2,0,2,0,0,0,0,0,0,5406,0,3510,1896,0
787,48091,36.106834,35.654680,23.289696,0.000000,0.000875,0.000000,0.000000,0.087875,0.015083,0.892166,2043,8107235,135297,0,2,0,2,0,0,0,0,0,0,5406,0,3510,1896,0
788,48092,32.481750,32.035973,22.328274,0.000000,0.001208,0.000000,0.000000,0.103000,0.016166,0.888375,2009,8107087,133420,0,2,0,2,0,0,0,0,0,0,7208,0,4680,2528,0
789,48093,31.428125,30.826820,23.164379,0.000000,0.000793,0.000000,0.000000,0.104666,0.019375,1.211417,2066,8107213,136796,0,2,0,2,0,0,0,0,0,0,5406,0,3510,1896,0
790,48094,30.975875,30.556829,23.292358,0.000000,0.000750,0.000000,0.000000,0.110166,0.316334,0.899125,2070,8107268,136515,0,2,0,2,0,0,0,0,0,0,5406,0,3510,1896,0
791,48095,26.196791,25.761051,22.180234,0.000000,0.001333,0.000000,0.000000,0.221209,0.037666,0.598208,2012,8107055,133293,0,2,0,2,0,0,0,0,0,0,7208,0,4680,2528,0
792,48096,41.265167,40.753387,26.876983,0.000000,0.000749,0.000000,0.000000,0.099125,0.021208,1.172875,2095,8107252,137539,0,2,0,2,0,0,0,0,0,0,5406,0,3510,1896,0
793,48097,23.826417,23.424121,21.444131,0.000000,0.003792,0.000000,0.000000,0.142708,0.031000,0.921874,2016,8107277,134912,0,2,0,2,0,0,0,0,0,0,5406,0,3510,1896,0
794,48098,38.960916,38.329547,26.228828,0.000000,0.001293,0.000000,0.000000,0.103292,0.030042,0.893375,2034,8107071,134764,0,2,0,2,0,0,0,0,0,0,7208,0,4680,2528,0
795,48099,24.386209,23.740327,21.986208,0.000000,0.000415,0.000000,0.000000,0.077375,0.015250,0.635000,2081,8107199,137492,0,2,0,2,0,0,0,0,0,0,5406,0,3510,1896,0
796,48100,36.269041,33.773439,26.260599,0.000000,0.001166,0.000000,0.000000,0.113917,0.020625,1.189334,2063,8107276,135635,0,2,0,2,0,0,0,0,0,0,5406,0,3510,1896,0
797,48101,27.037917,26.656543,20.510552,0.000000,0.000460,0.000000,0.000000,0.084750,0.015958,0.584333,2009,8107052,133349,0,2,0,2,0,0,0,0,0,0,7208,0,4680,2528,0
798,48102,35.424333,34.947660,24.453398,0.000000,0.001083,0.000000,0.000000,0.101834,0.024000,1.175876,2092,8107237,138473,0,2,0,2,0,0,0,0,0,0,5406,0,3510,1896,0
799,48103,30.509875,30.069949,22.463115,0.000000,0.001292,0.000000,0.000000,0.249125,0.037167,1.252457,2018,8107358,136294,0,2,0,2,0,0,0,0,0,0,5406,0,3510,1896,0
800,48104,34.612917,34.133925,25.967095,0.000000,0.001000,0.000000,0.000000,0.201708,0.034750,0.876874,2051,8106948,140849,0,2,0,2,0,0,0,0,0,0,7208,0,4680,2528,0
801,48105,33.451042,33.049038,24.771802,0.000000,0.001585,0.000000,0.000000,0.113333,0.024708,0.910667,2070,8107258,138370,0,2,0,2,0,0,0,0,0,0,5406,0,3510,1896,0
802,48106,28.966958,28.532041,22.738088,0.000000,0.000375,0.000000,0.000000,0.110333,0.397667,0.894084,2114,8107276,136994,0,2,0,2,0,0,0,0,0,0,5406,0,3510,1896,0
803,48107,26.758667,26.336406,22.019289,0.000000,0.000334,0.000000,0.000000,0.127875,0.024041,0.590000,2017,8107045,133901,0,2,0,2,0,0,0,0,0,0,7208,0,4680,2528,0
804,48108,40.390291,39.462367,27.883271,0.000000,0.000791,0.000000,0.000000,0.096875,0.018500,1.174041,2090,8107239,137646,0,2,0,2,0,0,0,0,0,0,5406,0,3510,1896,0
805,48109,23.761125,22.059545,21.441822,0.000000,0.000416,0.000000,0.000000,0.096334,0.016916,0.587541,2062,8107310,134948,0,2,0,2,0,0,0,0,0,0,5406,0,3510,1896,0
806,48110,43.621459,43.130988,25.507041,0.000000,0.000374,0.000000,0.000000,0.088833,0.016167,1.183084,2026,8106995,134128,0,2,0,2,0,0,0,0,0,0,7208,0,4680,2528,0
807,48111,23.672208,23.258879,21.370790,0.000000,0.000500,0.000000,0.000000,0.088792,0.017250,0.884126,2086,8107262,137167,0,2,0,2,0,0,0,0,0,0,5406,0,3510,1896,0
808,48112,44.050917,43.192998,28.074668,0.000000,0.000583,0.000000,0.000000,0.098833,0.058583,1.192417,2091,8107273,135252,0,2,0,2,0,0,0,0,0,0,5406,0,3510,1896,0
809,48113,22.759708,22.374903,20.450526,0.000000,0.000418,0.000000,0.000000,0.089583,0.020542,0.766917,1993,8107192,132293,0,2,0,2,0,0,0,0,0,0,7208,0,4680,2528,0
810,48114,41.522958,41.055814,25.036042,0.000000,0.001334,0.000000,0.000000,0.106625,0.018625,1.208041,2092,8107122,138775,0,2,0,2,0,0,0,0,0,0,5406,0,3510,1896,0
811,48115,23.881459,23.485243,20.848741,0.000000,0.000666,0.000000,0.000000,0.099916,0.019334,0.630583,2070,8107226,134964,0,2,0,2,0,0,0,0,0,0,5406,0,3510,1896,0
812,48116,35.137000,34.679838,25.615959,0.000000,0.001208,0.000000,0.000000,0.152541,0.045709,0.930417,1992,8107047,133217,0,2,0,2,0,0,0,0,0,0,7208,0,4680,2528,0
813,48117,28.165416,27.769983,22.320384,0.000000,0.000582,0.000000,0.000000,0.089667,0.041917,1.240208,2068,8107257,137314,0,2,0,2,0,0,0,0,0,0,5406,0,3510,1896,0
814,48118,35.457167,34.939722,25.667832,0.000000,0.002958,0.000000,0.000000,0.108167,0.021666,1.236209,2117,8107369,136411,0,2,0,2,0,0,0,0,0,0,5406,0,3510,1896,0
815,48119,31.606750,31.161498,25.459145,0.000000,0.000917,0.000000,0.000000,0.127417,0.019166,0.952625,2012,8106967,133631,0,2,0,2,0,0,0,0,0,0,7208,0,4680,2528,0
816,48120,32.185542,31.714818,22.763164,0.000000,0.001001,0.000000,0.000000,0.573208,0.645208,0.959458,2081,8107255,137477,0,2,0,2,0,0,0,0,0,0,5406,0,3510,1896,0
817,48121,31.933958,31.563068,22.364836,0.000000,0.000665,0.000000,0.000000,0.220750,0.049583,1.240501,2094,8107473,135646,0,2,0,2,0,0,0,0,0,0,5406,0,3510,1896,0
818,48122,32.344792,31.875262,24.524491,0.000000,0.001084,0.000000,0.000000,0.105541,0.018375,0.920792,2036,8106838,134296,0,2,0,2,0,0,0,0,0,0,7208,0,4680,2528,0
819,48123,26.966166,26.542948,22.494003,0.000000,0.000625,0.000000,0.000000,0.141084,0.036166,1.133916,2074,8107267,137520,0,2,0,2,0,0,0,0,0,0,5406,0,3510,1896,0
820,48124,41.353042,40.856496,25.791622,0.000000,0.000625,0.000000,0.000000,0.072333,0.030334,1.195209,2109,8107250,136206,0,2,0,2,0,0,0,0,0,0,5406,0,3510,1896,0
821,48125,24.170958,23.757816,20.641649,0.000000,0.000416,0.000000,0.000000,0.159209,0.033750,0.635125,2035,8107105,135012,0,2,0,2,0,0,0,0,0,0,7208,0,4680,2528,0
822,48126,40.221917,39.608256,27.650307,0.000000,0.001165,0.000000,0.000000,0.071750,0.015250,1.321958,2094,8107324,137207,0,2,0,2,0,0,0,0,0,0,5406,0,3510,1896,0
823,48127,23.388500,22.994091,20.223717,0.000000,0.000417,0.000000,0.000000,0.083708,0.017125,0.932542,2090,8107185,135366,0,2,0,2,0,0,0,0,0,0,5406,0,3510,1896,0
824,48128,33.628792,33.177406,24.149536,0.000000,0.001000,0.000000,0.000000,0.078041,0.014792,0.903792,2042,8107268,135900,0,2,0,2,0,0,0,0,0,0,7208,0,4680,2528,0
825,48129,32.183000,30.196020,22.940647,0.000000,0.001500,0.000000,0.000000,0.110625,0.015291,0.911209,2042,8107072,135808,0,2,0,2,0,0,0,0,0,0,5406,0,3510,1896,0
826,48130,30.419750,29.982115,24.457106,0.000000,0.001251,0.000000,0.000000,0.094833,0.023583,0.886124,2121,8107262,136698,0,2,0,2,0,0,0,0,0,0,5406,0,3510,1896,0
827,48131,25.730375,25.290577,22.137828,0.000000,0.001167,0.000000,0.000000,0.198375,1.624875,0.802709,2060,8107034,135663,0,2,0,2,0,0,0,0,0,0,7208,0,4680,2528,0
828,48132,32.989708,32.540979,23.383463,0.000000,0.001417,0.000000,0.000000,3.179833,0.329375,1.188499,2067,8107262,135420,0,2,0,2,0,0,0,0,0,0,5406,0,3510,1896,0
829,48133,39.186833,38.680435,26.741558,0.000000,0.003751,0.000000,0.000000,0.089625,0.046750,0.958126,2058,8107322,134270,0,2,0,2,0,0,0,0,0,0,7004,0,4536,2468,0
830,48134,24.588584,24.176459,22.050865,0.000000,0.000459,0.000000,0.000000,0.088750,0.018166,0.611208,2090,8106992,138269,0,2,0,2,0,0,0,0,0,0,5610,0,3654,1956,0
831,48135,41.047500,40.490700,28.316018,0.000000,0.000792,0.000000,0.000000,0.069291,0.016292,1.175457,2054,8107260,135758,0,2,0,2,0,0,0,0,0,0,5406,0,3510,1896,0
832,48136,23.977791,23.544357,21.540179,0.000000,0.000500,0.000000,0.000000,0.061292,0.015875,0.621208,2056,8107086,133600,0,2,0,2,0,0,0,0,0,0,7208,0,4680,2528,0
833,48137,42.431625,41.953984,27.918054,0.000000,0.000916,0.000000,0.000000,0.094042,0.029667,1.165125,2065,8107201,136998,0,2,0,2,0,0,0,0,0,0,5406,0,3510,1896,0
834,48138,24.053167,23.626033,21.476723,0.000000,0.000375,0.000000,0.000000,0.073333,0.014584,1.142583,2069,8107254,136992,0,2,0,2,0,0,0,0,0,0,5406,0,3510,1896,0
835,48139,41.091667,40.602259,27.935968,0.000000,0.001124,0.000000,0.000000,0.098958,0.017083,1.240458,2027,8107074,133969,0,2,0,2,0,0,0,0,0,0,7208,0,4680,2528,0
836,48140,23.898875,23.501251,20.581795,0.000000,0.000375,0.000000,0.000000,0.087625,0.016875,1.128376,2091,8107233,137567,0,2,0,2,0,0,0,0,0,0,5406,0,3510,1896,0
837,48141,43.668541,43.156072,27.863734,0.000000,0.001708,0.000000,0.000000,0.106959,0.017833,1.199960,2016,8107255,134871,0,2,0,2,0,0,0,0,0,0,5406,0,3510,1896,0
838,48142,33.961834,33.419884,26.350287,0.000000,0.001291,0.000000,0.000000,0.090833,0.022208,0.886167,2034,8107070,134641,0,2,0,2,0,0,0,0,0,0,7208,0,4680,2528,0
839,48143,24.951333,24.526091,22.390385,0.000000,0.000875,0.000000,0.000000,0.074458,0.013500,0.612000,2087,8107484,137009,0,2,0,2,0,0,0,0,0,0,5406,0,3510,1896,0
840,48144,42.416375,41.741489,27.841069,0.000000,0.000749,0.000000,0.000000,0.068583,0.017417,1.268291,2060,8107020,135827,0,2,0,2,0,0,0,0,0,0,5406,0,3510,1896,0
841,48145,23.362792,22.978643,20.046163,0.000000,0.000543,0.000000,0.000000,0.056750,0.016500,1.247333,2011,8107097,132623,0,2,0,2,0,0,0,0,0,0,7208,0,4680,2528,0
842,48146,41.310041,40.645671,27.346646,0.000000,0.003501,0.000000,0.000000,0.090000,0.018500,0.892083,2111,8107219,139150,0,2,0,2,0,0,0,0,0,0,5406,0,3510,1896,0
843,48147,23.510417,23.097393,20.310753,0.000000,0.000542,0.000000,0.000000,0.070417,0.016333,1.033375,2052,8107247,135442,0,2,0,2,0,0,0,0,0,0,5406,0,3510,1896,0
844,48148,36.982083,36.401560,26.112894,0.000000,0.001709,0.000000,0.000000,0.160042,0.026458,0.894207,1992,8107052,132981,0,2,0,2,0,0,0,0,0,0,7208,0,4680,2528,0
845,48149,28.468125,28.065371,21.990370,0.000000,0.000668,0.000000,0.000000,0.065459,0.014291,1.246249,2089,8107244,138120,0,2,0,2,0,0,0,0,0,0,5406,0,3510,1896,0
846,48150,35.387125,34.902649,25.671766,0.000000,0.001707,0.000000,0.000000,0.153625,0.021750,1.429042,2071,8107265,136342,0,2,0,2,0,0,0,0,0,0,5406,0,3510,1896,0
847,48151,33.915917,33.194794,23.346707,0.000000,0.001584,0.000000,0.000000,0.106125,0.024333,0.937208,2018,8107042,133363,0,2,0,2,0,0,0,0,0,0,7208,0,4680,2528,0
848,48152,31.681458,31.271840,22.899241,0.000000,0.001251,0.000000,0.000000,0.091417,0.022292,0.908208,2091,8107266,137692,0,2,0,2,0,0,0,0,0,0,5406,0,3510,1896,0
849,48153,31.751459,31.253128,25.227681,0.000000,0.001417,0.000000,0.000000,0.193041,0.039959,0.986084,2037,8107241,135126,0,2,0,2,0,0,0,0,0,0,5406,0,3510,1896,0
850,48154,32.100000,31.711199,24.417165,0.000000,0.000915,0.000000,0.000000,0.384541,0.026000,0.919875,2028,8107065,134475,0,2,0,2,0,0,0,0,0,0,7208,0,4680,2528,0
851,48155,25.336291,24.919912,21.687098,0.000000,0.000499,0.000000,0.000000,0.117209,0.034416,1.287125,2096,8107247,137139,0,2,0,2,0,0,0,0,0,0,5406,0,3510,1896,0
852,48156,46.162667,45.629087,25.433246,0.000000,0.001417,0.000000,0.000000,0.092625,0.024667,1.223791,2078,8107274,135521,0,2,0,2,0,0,0,0,0,0,5406,0,3510,1896,0
853,48157,32.270500,31.804050,23.663011,0.000000,0.001165,0.000000,0.000000,0.105000,0.032958,0.904707,1997,8107108,132621,0,2,0,2,0,0,0,0,0,0,7208,0,4680,2528,0
854,48158,33.249083,32.803630,26.077569,0.000000,0.001500,0.000000,0.000000,0.097250,0.022250,0.932209,2112,8107191,139127,0,2,0,2,0,0,0,0,0,0,5406,0,3510,1896,0
855,48159,31.423250,30.989204,24.792452,0.000000,0.000625,0.000000,0.000000,0.103417,0.020375,0.906249,2111,8107258,135841,0,2,0,2,0,0,0,0,0,0,5406,0,3510,1896,0
856,48160,29.524792,29.110041,23.456138,0.000000,0.000377,0.000000,0.000000,0.097500,0.018750,1.261249,2017,8107171,133709,0,2,0,2,0,0,0,0,0,0,7208,0,4680,2528,0
857,48161,34.207458,33.748193,24.900147,0.000000,0.000917,0.000000,0.000000,0.389917,0.354833,0.897167,2066,8107121,136699,0,2,0,2,0,0,0,0,0,0,5406,0,3510,1896,0
858,48162,26.129209,25.723189,22.214260,0.000000,0.000667,0.000000,0.000000,0.121541,0.025292,0.612666,2138,8107255,136843,0,2,0,2,0,0,0,0,0,0,5406,0,3510,1896,0
859,48163,37.947625,37.341791,26.312654,0.000000,0.000708,0.000000,0.000000,0.138833,0.068583,1.234750,2004,8107170,133195,0,2,0,2,0,0,0,0,0,0,7208,0,4680,2528,0
860,48164,38.937750,38.556934,26.293382,0.000000,0.000833,0.000000,0.000000,0.066666,0.024167,1.198125,2090,8107136,137805,0,2,0,2,0,0,0,0,0,0,5406,0,3510,1896,0
861,48165,23.474166,23.069662,20.026396,0.000000,0.000459,0.000000,0.000000,0.116000,0.037875,0.794833,2083,8107288,135289,0,2,0,2,0,0,0,0,0,0,5406,0,3510,1896,0
862,48166,42.802000,42.265427,27.610574,0.000000,0.000250,0.000000,0.000000,0.069625,0.014167,1.213084,2048,8107060,134756,0,2,0,2,0,0,0,0,0,0,7208,0,4680,2528,0
863,48167,23.354000,22.005820,20.734874,0.000000,0.000416,0.000000,0.000000,0.133459,0.034458,0.613291,2076,8107226,136915,0,2,0,2,0,0,0,0,0,0,5406,0,3510,1896,0
864,48168,40.163709,39.640271,25.313321,0.000000,0.000708,0.000000,0.000000,0.063708,0.023667,1.202834,2090,8107267,135543,0,2,0,2,0,0,0,0,0,0,5406,0,3510,1896,0
865,48169,22.798166,22.388539,20.039442,0.000000,0.000333,0.000000,0.000000,0.071792,0.019250,0.604251,2003,8107046,132715,0,2,0,2,0,0,0,0,0,0,7208,0,4680,2528,0
866,48170,42.697834,42.228820,26.431899,0.000000,0.001334,0.000000,0.000000,0.106333,0.028542,1.340707,2115,8107251,139174,0,2,0,2,0,0,0,0,0,0,5406,0,3510,1896,0
867,48171,23.317958,22.920748,20.364418,0.000000,0.000292,0.000000,0.000000,0.067417,0.015083,0.607876,2089,8107247,135343,0,2,0,2,0,0,0,0,0,0,5406,0,3510,1896,0
868,48172,33.934833,33.452443,26.227205,0.000000,0.000709,0.000000,0.000000,0.089959,0.021333,0.900293,2021,8107041,133698,0,2,0,2,0,0,0,0,0,0,7208,0,4680,2528,0
869,48173,28.186542,27.283567,22.818900,0.000000,0.001166,0.000000,0.000000,0.082458,0.031334,1.003917,2060,8107259,136734,0,2,0,2,0,0,0,0,0,0,5406,0,3510,1896,0
870,48174,40.067000,39.273028,26.965522,0.000000,0.001583,0.000000,0.000000,0.093292,0.016166,1.273708,2147,8107017,137303,0,2,0,2,0,0,0,0,0,0,7447,0,3510,3937,0
871,48175,31.018167,30.582830,21.491800,0.000000,0.001002,0.000000,0.000000,0.075875,0.016791,1.067250,2023,8107092,134050,0,2,0,2,0,0,0,0,0,0,7465,0,4680,2785,0
872,48176,37.719208,37.123004,27.695681,0.000000,0.001833,0.000000,0.000000,0.204167,0.940333,0.905333,2093,8107226,145705,0,2,0,2,0,0,0,0,0,0,5565,0,3510,2055,0
873,48177,31.013833,30.606935,25.474900,0.000000,0.002792,0.000000,0.000000,0.067875,0.038750,1.286333,2189,8106986,143917,0,2,0,2,0,0,0,0,0,0,5406,0,3510,1896,0
874,48178,44.267125,43.687962,28.507829,0.000000,0.001250,0.000000,0.000000,0.084834,0.023333,1.210874,2145,8107108,133487,0,2,0,2,0,0,0,0,0,0,7208,0,4680,2528,0
875,48179,23.428792,22.992729,21.757656,0.000000,0.000499,0.000000,0.000000,0.091625,0.017333,0.652000,2124,8107320,132542,0,2,0,2,0,0,0,0,0,0,5406,0,3510,1896,0
876,48180,55.915583,55.381647,29.617776,0.000000,0.001375,0.000000,0.000000,0.094042,0.021250,1.777832,2038,8107251,130222,0,2,0,2,0,0,0,0,0,0,5406,0,3510,1896,0
877,48181,37.297250,36.774377,26.146999,0.000000,0.001333,0.000000,0.000000,0.091084,0.016166,1.033917,2121,8107008,137279,0,2,0,2,0,0,0,0,0,0,7208,0,4680,2528,0
878,48182,23.911542,23.512794,20.463469,0.000000,0.000417,0.000000,0.000000,0.077667,0.025333,0.603583,2130,8107218,137527,0,2,0,2,0,0,0,0,0,0,5406,0,3510,1896,0
879,48183,52.564292,51.752678,29.453864,0.000000,0.001124,0.000000,0.000000,0.680291,0.166792,1.532750,2132,8107267,135984,0,2,0,2,0,0,0,0,0,0,5406,0,3510,1896,0
880,48184,26.443500,26.275435,22.495820,0.000000,0.000625,0.000000,0.000000,0.076708,0.036708,0.892501,2089,8107051,135839,0,2,0,2,0,0,0,0,0,0,7208,0,4680,2528,0
881,48185,52.842625,52.190403,33.584017,0.000000,0.001668,0.000000,0.000000,0.089041,0.015792,1.470250,2044,8107307,134231,0,2,0,2,0,0,0,0,0,0,5406,0,3510,1896,0
882,48186,44.690250,44.155462,27.971815,0.000000,0.001168,0.000000,0.000000,0.092875,0.015958,1.215625,2092,8107304,133829,0,2,0,2,0,0,0,0,0,0,7004,0,4536,2468,0
883,48187,29.284166,24.962910,22.686298,0.000000,0.001167,0.000000,0.000000,0.200917,0.032625,0.880583,2053,8106938,134332,0,2,0,2,0,0,0,0,0,0,5610,0,3654,1956,0
884,48188,50.649250,53.748299,32.809498,0.000000,0.000833,0.000000,0.000000,0.108042,0.016875,1.211085,2053,8107276,134091,0,2,0,2,0,0,0,0,0,0,5406,0,3510,1896,0
885,48189,37.106667,36.526046,26.903108,0.000000,0.000750,0.000000,0.000000,0.067625,0.039958,1.194959,2006,8107256,130920,0,2,0,2,0,0,0,0,0,0,7208,0,4680,2528,0
886,48190,35.631542,35.074438,24.310028,0.000000,0.001501,0.000000,0.000000,0.294625,0.028750,0.945417,2084,8107050,137175,0,2,0,2,0,0,0,0,0,0,5406,0,3510,1896,0
887,48191,42.303875,41.672474,26.241360,0.000000,0.001166,0.000000,0.000000,0.092500,0.017500,1.227708,2033,8107241,133347,0,2,0,2,0,0,0,0,0,0,5406,0,3510,1896,0
888,48192,24.228583,23.808795,21.880293,0.000000,0.000500,0.000000,0.000000,0.062208,0.014834,0.611917,2013,8107041,131488,0,2,0,2,0,0,0,0,0,0,7208,0,4680,2528,0
889,48193,46.958792,46.043836,31.245850,0.000000,0.001417,0.000000,0.000000,0.088500,0.036250,1.705542,2064,8107428,135784,0,2,0,2,0,0,0,0,0,0,5406,0,3510,1896,0
890,48194,35.662291,35.099035,23.868034,0.000000,0.001000,0.000000,0.000000,0.169709,0.030833,1.267792,2052,8107089,134671,0,2,0,2,0,0,0,0,0,0,5406,0,3510,1896,0
891,48195,41.543250,40.075294,25.465045,0.000000,0.001541,0.000000,0.000000,0.140125,0.029584,1.195459,1999,8106984,133634,0,2,0,2,0,0,0,0,0,0,7367,0,4680,2687,0
892,48196,30.187084,29.765795,23.841406,0.000000,0.000543,0.000000,0.000000,0.077166,0.027875,0.954958,2061,8107256,144000,0,2,0,2,0,0,0,0,0,0,5406,0,3510,1896,0
893,48197,55.130125,54.366483,32.763235,0.000000,0.000833,0.000000,0.000000,0.082541,0.016209,1.545124,2018,8107256,134304,0,2,0,2,0,0,0,0,0,0,5406,0,3510,1896,0
894,48198,32.045666,31.550634,23.517223,0.000000,1.006208,0.000000,0.000000,0.142834,0.019916,0.907708,2020,8107103,133477,0,2,0,2,0,0,0,0,0,0,7208,0,4680,2528,0
895,48199,39.961542,39.482630,24.629265,0.000000,0.000625,0.000000,0.000000,0.114667,0.017958,1.189291,2073,8107200,136194,0,2,0,2,0,0,0,0,0,0,5406,0,3510,1896,0
896,48200,43.286667,42.666615,27.527404,0.000000,0.001501,0.000000,0.000000,0.185291,1.225834,1.193210,2037,8107251,134315,0,2,0,2,0,0,0,0,0,0,5406,0,3510,1896,0
897,48201,26.835625,26.480199,21.087636,0.000000,0.000209,0.000000,0.000000,0.076125,0.016041,0.588542,1969,8107044,131481,0,2,0,2,0,0,0,0,0,0,7208,0,4680,2528,0
898,48202,44.934125,44.476992,25.137710,0.000000,0.000541,0.000000,0.000000,0.058166,0.013959,1.496460,2043,8107117,134622,0,2,0,2,0,0,0,0,0,0,5863,0,3510,2353,0
899,48203,24.595375,24.190490,21.308049,0.000000,0.000374,0.000000,0.000000,0.126750,0.019666,0.905125,2102,8107277,143610,0,2,0,2,0,0,0,0,0,0,5406,0,3510,1896,0
900,48204,45.858833,45.283927,30.148531,0.000000,0.000584,0.000000,0.000000,0.056500,0.015958,1.193583,2017,8107106,133443,0,2,0,2,0,0,0,0,0,0,7208,0,4680,2528,0
901,48205,25.643417,25.228740,21.563492,0.000000,0.000749,0.000000,0.000000,0.104250,0.019875,0.900334,2040,8107167,137623,0,2,0,2,0,0,0,0,0,0,5406,0,3510,1896,0
902,48206,41.026791,40.035878,27.620952,0.000000,0.000415,0.000000,0.000000,0.055334,0.013625,0.880500,2082,8107263,136497,0,2,0,2,0,0,0,0,0,0,5406,0,3510,1896,0
903,48207,26.712625,26.325319,20.710360,0.000000,0.003333,0.000000,0.000000,0.111750,0.022292,1.212375,2019,8107055,133477,0,2,0,2,0,0,0,0,0,0,7208,0,4680,2528,0
904,48208,41.396500,40.882588,27.159193,0.000000,0.000374,0.000000,0.000000,0.072250,0.018417,1.500250,2085,8107259,137187,0,2,0,2,0,0,0,0,0,0,5406,0,3510,1896,0
905,48209,33.932417,33.497624,22.954459,0.000000,0.001543,0.000000,0.000000,0.081375,0.015042,1.091499,2041,8107243,134586,0,2,0,2,0,0,0,0,0,0,5406,0,3510,1896,0
906,48210,31.467750,31.037807,24.070369,0.000000,0.002126,0.000000,0.000000,0.099375,0.022333,0.882208,2023,8107053,133782,0,2,0,2,0,0,0,0,0,0,7208,0,4680,2528,0
907,48211,25.021750,24.634694,20.492503,0.000000,0.000624,0.000000,0.000000,0.100000,0.086333,0.590876,2066,8107257,136444,0,2,0,2,0,0,0,0,0,0,5406,0,3510,1896,0
908,48212,39.745583,39.239171,25.800241,0.000000,0.000208,0.000000,0.000000,0.067875,0.017875,1.195292,2074,8107280,134781,0,2,0,2,0,0,0,0,0,0,5406,0,3510,1896,0
909,48213,22.223959,21.860275,18.950762,0.000000,0.000291,0.000000,0.000000,0.072208,0.016917,1.224833,1988,8107023,132022,0,2,0,2,0,0,0,0,0,0,7208,0,4680,2528,0
910,48214,42.809833,42.048905,26.858799,0.000000,0.000251,0.000000,0.000000,0.051458,0.017959,1.193208,2035,8107143,138329,0,2,0,2,0,0,0,0,0,0,5663,0,3510,2153,0
911,48215,24.618167,24.223276,21.087625,0.000000,0.000459,0.000000,0.000000,0.115875,0.026083,0.966959,2037,8107182,143308,0,2,0,2,0,0,0,0,0,0,5565,0,3510,2055,0
912,48216,53.504166,52.966160,31.283195,0.000000,0.003290,0.000000,0.000000,0.100709,0.031791,1.479501,2184,8107014,142775,0,2,0,2,0,0,0,0,0,0,7208,0,4680,2528,0
913,48217,35.482834,34.950954,24.659737,0.000000,0.001292,0.000000,0.000000,0.107958,0.020417,1.200583,2154,8107251,134790,0,2,0,2,0,0,0,0,0,0,5406,0,3510,1896,0
914,48218,25.604041,25.192006,21.939316,0.000000,0.000791,0.000000,0.000000,0.091167,0.032042,0.900958,2073,8107516,131956,0,2,0,2,0,0,0,0,0,0,5406,0,3510,1896,0
915,48219,71.259375,69.647116,33.649188,0.000000,0.001915,0.000000,0.000000,0.232250,0.120667,2.059460,2119,8106785,135761,0,2,0,2,0,0,0,0,0,0,7208,0,4680,2528,0
916,48220,28.675834,28.111592,24.679859,0.000000,0.000583,0.000000,0.000000,0.104541,0.024875,0.902833,2173,8107277,139769,0,2,0,2,0,0,0,0,0,0,5406,0,3510,1896,0
917,48221,57.615166,56.734367,33.308738,0.000000,0.000708,0.000000,0.000000,0.099834,0.019500,1.522833,2148,8107314,136054,0,2,0,2,0,0,0,0,0,0,5406,0,3510,1896,0
918,48222,25.224209,24.791806,22.784551,0.000000,0.000375,0.000000,0.000000,0.072458,0.039667,0.611833,2083,8106982,134383,0,2,0,2,0,0,0,0,0,0,7208,0,4680,2528,0
919,48223,56.665791,54.620847,31.134907,0.000000,0.001292,0.000000,0.000000,0.206959,0.034041,1.799375,2124,8107261,138481,0,2,0,2,0,0,0,0,0,0,5406,0,3510,1896,0
920,48224,25.376417,24.885789,24.261331,0.000000,0.000416,0.000000,0.000000,0.065250,0.051667,0.778583,2111,8107256,134242,0,2,0,2,0,0,0,0,0,0,5406,0,3510,1896,0
921,48225,50.958875,49.336869,32.024701,0.000000,0.001458,0.000000,0.000000,0.108625,0.019583,1.547209,2000,8107170,130542,0,2,0,2,0,0,0,0,0,0,7208,0,4680,2528,0
922,48226,38.186875,37.710662,26.087312,0.000000,0.001834,0.000000,0.000000,0.135875,0.024750,0.886042,2086,8107143,137966,0,2,0,2,0,0,0,0,0,0,5406,0,3510,1896,0
923,48227,32.493750,31.948033,25.763395,0.000000,0.000667,0.000000,0.000000,0.123417,0.026625,0.896333,2084,8107274,133413,0,2,0,2,0,0,0,0,0,0,5406,0,3510,1896,0
924,48228,54.093167,53.405332,31.549488,0.000000,0.001167,0.000000,0.000000,0.118291,0.023042,1.857750,2015,8107049,131245,0,2,0,2,0,0,0,0,0,0,7208,0,4680,2528,0
925,48229,25.891541,25.459138,23.649685,0.000000,0.000710,0.000000,0.000000,0.075959,0.016791,0.913334,2058,8107516,135855,0,2,0,2,0,0,0,0,0,0,5406,0,3510,1896,0
926,48230,49.874250,48.567788,31.150107,0.000000,0.000582,0.000000,0.000000,0.079959,0.015166,1.473916,2115,8106999,135205,0,2,0,2,0,0,0,0,0,0,5406,0,3510,1896,0
927,48231,35.219084,34.739886,26.267058,0.000000,0.001709,0.000000,0.000000,0.083625,0.031083,0.890667,2029,8107087,133506,0,2,0,2,0,0,0,0,0,0,7208,0,4680,2528,0
928,48232,27.810750,27.389511,21.742387,0.000000,0.000458,0.000000,0.000000,0.073541,0.038500,0.890415,2062,8107285,134473,0,2,0,2,0,0,0,0,0,0,5406,0,3510,1896,0
929,48233,43.956416,43.449720,24.902797,0.000000,0.001501,0.000000,0.000000,0.101792,0.017917,1.171459,2046,8107168,134761,0,2,0,2,0,0,0,0,0,0,5565,0,3510,2055,0
930,48234,32.988000,32.524406,26.564317,0.000000,0.001375,0.000000,0.000000,0.204209,3.317625,0.879792,2104,8107038,144195,0,2,0,2,0,0,0,0,0,0,7208,0,4680,2528,0
931,48235,59.720334,59.066873,26.528730,0.000000,0.000333,0.000000,0.000000,0.078916,0.015959,1.464792,2024,8107254,134205,0,2,0,2,0,0,0,0,0,0,5406,0,3510,1896,0
932,48236,36.709333,36.193586,25.332486,0.000000,0.001542,0.000000,0.000000,0.124958,0.026167,1.186000,2083,8107278,134529,0,2,0,2,0,0,0,0,0,0,5406,0,3510,1896,0
933,48237,28.506750,28.070155,22.975595,0.000000,0.000583,0.000000,0.000000,0.065292,0.016541,0.611042,2015,8107054,133960,0,2,0,2,0,0,0,0,0,0,7208,0,4680,2528,0
934,48238,50.379917,49.770130,30.033085,0.000000,0.000543,0.000000,0.000000,0.108583,0.016750,1.789667,2063,8107229,135205,0,2,0,2,0,0,0,0,0,0,5406,0,3510,1896,0
935,48239,35.833250,35.378902,25.440332,0.000000,0.020624,0.000000,0.000000,0.152916,0.022292,1.261959,2058,8107295,132875,0,2,0,2,0,0,0,0,0,0,7004,0,4536,2468,0
936,48240,28.835791,28.395850,23.583733,0.000000,0.001292,0.000000,0.000000,0.098625,0.017750,0.614834,1994,8106860,132500,0,2,0,2,0,0,0,0,0,0,6067,0,3654,2413,0
937,48241,49.675584,47.561925,30.612895,0.000000,0.001707,0.000000,0.000000,0.104458,0.023417,1.491626,2076,8107362,143195,0,2,0,2,0,0,0,0,0,0,5406,0,3510,1896,0
938,48242,37.400666,36.977058,24.406781,0.000000,0.001625,0.000000,0.000000,0.148459,0.026250,0.907791,2018,8106940,134250,0,2,0,2,0,0,0,0,0,0,7208,0,4680,2528,0
939,48243,29.519125,29.081440,23.667115,0.000000,0.000543,0.000000,0.000000,0.086000,0.020209,0.883792,2058,8107266,137294,0,2,0,2,0,0,0,0,0,0,5406,0,3510,1896,0
940,48244,47.198167,46.534468,27.982848,0.000000,0.001041,0.000000,0.000000,0.085958,0.016584,1.961040,2046,8107278,135667,0,2,0,2,0,0,0,0,0,0,5406,0,3510,1896,0
941,48245,23.647042,23.249082,20.405106,0.000000,0.000749,0.000000,0.000000,0.108375,0.021583,0.951458,2009,8107058,132833,0,2,0,2,0,0,0,0,0,0,7208,0,4680,2528,0
942,48246,46.840625,46.213499,31.730409,0.000000,0.000499,0.000000,0.000000,0.085541,0.026917,1.181957,2097,8107216,138307,0,2,0,2,0,0,0,0,0,0,5406,0,3510,1896,0
943,48247,34.534500,34.110603,24.121308,0.000000,0.000583,0.000000,0.000000,0.106833,0.042000,0.894542,2028,8107262,134825,0,2,0,2,0,0,0,0,0,0,5406,0,3510,1896,0
944,48248,33.963208,33.484491,25.002402,0.000000,0.001667,0.000000,0.000000,0.114458,0.023500,1.175249,1996,8107097,132757,0,2,0,2,0,0,0,0,0,0,7208,0,4680,2528,0
945,48249,34.418375,33.709708,24.799499,0.000000,0.001624,0.000000,0.000000,0.097667,0.022208,0.880751,2070,8107205,136829,0,2,0,2,0,0,0,0,0,0,5406,0,3510,1896,0
946,48250,28.000292,27.493243,23.140972,0.000000,0.000916,0.000000,0.000000,0.072791,0.018709,0.897875,2061,8107262,135944,0,2,0,2,0,0,0,0,0,0,5406,0,3510,1896,0
947,48251,43.676750,41.503852,28.061080,0.000000,0.001376,0.000000,0.000000,0.089000,0.015875,1.171583,1996,8107037,133054,0,2,0,2,0,0,0,0,0,0,7208,0,4680,2528,0
948,48252,23.682916,23.221087,22.343027,0.000000,0.000666,0.000000,0.000000,0.066042,0.014333,0.752542,2074,8107355,136810,0,2,0,2,0,0,0,0,0,0,5406,0,3510,1896,0
949,48253,49.099167,48.548960,27.299702,0.000000,0.000875,0.000000,0.000000,0.081417,0.028416,1.182749,2008,8107161,134662,0,2,0,2,0,0,0,0,0,0,5406,0,3510,1896,0
950,48254,27.809792,27.370168,22.719465,0.000000,0.001083,0.000000,0.000000,0.097458,0.024625,0.912500,2045,8107057,134941,0,2,0,2,0,0,0,0,0,0,7208,0,4680,2528,0
951,48255,45.213000,44.108852,23.537657,0.000000,0.001918,0.000000,0.000000,0.159208,0.039333,1.214458,2086,8107287,137333,0,2,0,2,0,0,0,0,0,0,5406,0,3510,1896,0
952,48256,40.850125,40.326511,26.744531,0.000000,0.001249,0.000000,0.000000,0.084875,0.015125,1.256251,2041,8107275,134905,0,2,0,2,0,0,0,0,0,0,5406,0,3510,1896,0
953,48257,24.105333,21.885698,21.108999,0.000000,0.000583,0.000000,0.000000,0.072250,0.015458,0.618667,1988,8107138,131855,0,2,0,2,0,0,0,0,0,0,7208,0,4680,2528,0
954,48258,48.311125,47.731030,30.072393,0.000000,0.000417,0.000000,0.000000,0.083833,0.020042,1.525791,2073,8107153,138561,0,2,0,2,0,0,0,0,0,0,5406,0,3510,1896,0
955,48259,32.997292,32.522935,24.169603,0.000000,0.001623,0.000000,0.000000,0.400916,0.042000,1.251000,2055,8107239,135332,0,2,0,2,0,0,0,0,0,0,5406,0,3510,1896,0
956,48260,32.807375,32.392033,23.073866,0.000000,0.001583,0.000000,0.000000,0.801166,0.024459,0.900417,2001,8107052,132904,0,2,0,2,0,0,0,0,0,0,7208,0,4680,2528,0
957,48261,36.134791,35.678811,25.884786,0.000000,0.001167,0.000000,0.000000,0.093834,0.048500,0.939874,2039,8107229,136079,0,2,0,2,0,0,0,0,0,0,5406,0,3510,1896,0
958,48262,28.271625,27.843361,23.053969,0.000000,0.003668,0.000000,0.000000,0.078792,0.020875,0.906792,2116,8107257,136040,0,2,0,2,0,0,0,0,0,0,5406,0,3510,1896,0
959,48263,38.778792,38.298781,26.132657,0.000000,0.001084,0.000000,0.000000,0.080333,0.017000,1.188167,1976,8107052,132049,0,2,0,2,0,0,0,0,0,0,7208,0,4680,2528,0
960,48264,26.420500,26.003285,21.847524,0.000000,0.000790,0.000000,0.000000,0.078958,0.018375,0.956083,2068,8107261,137696,0,2,0,2,0,0,0,0,0,0,5406,0,3510,1896,0
961,48265,41.005083,40.441536,27.284893,0.000000,0.001458,0.000000,0.000000,0.116209,0.018791,1.202083,2071,8107253,135078,0,2,0,2,0,0,0,0,0,0,5406,0,3510,1896,0
962,48266,29.888917,27.192548,23.652514,0.000000,0.001041,0.000000,0.000000,0.069958,0.016542,1.905833,2026,8107131,134029,0,2,0,2,0,0,0,0,0,0,7208,0,4680,2528,0
963,48267,44.318000,42.469253,28.618335,0.000000,0.001041,0.000000,0.000000,0.098375,0.016208,1.181043,2064,8107183,136877,0,2,0,2,0,0,0,0,0,0,5406,0,3510,1896,0
964,48268,25.020750,24.592492,21.448207,0.000000,0.000292,0.000000,0.000000,0.070125,0.015000,0.587208,2076,8107257,135127,0,2,0,2,0,0,0,0,0,0,5406,0,3510,1896,0
965,48269,45.200000,44.574465,29.214173,0.000000,0.000625,0.000000,0.000000,0.086000,0.020958,1.500957,2015,8107099,132873,0,2,0,2,0,0,0,0,0,0,7208,0,4680,2528,0
966,48270,23.778292,23.337510,21.713171,0.000000,0.000542,0.000000,0.000000,0.119333,0.032750,0.795874,2096,8107231,138073,0,2,0,2,0,0,0,0,0,0,5406,0,3510,1896,0
967,48271,43.978875,43.445989,25.936190,0.000000,0.000459,0.000000,0.000000,0.060166,0.016959,1.188708,2043,8107155,134628,0,2,0,2,0,0,0,0,0,0,5663,0,3510,2153,0
968,48272,42.586250,42.055068,30.059336,0.000000,0.000668,0.000000,0.000000,0.092541,0.017084,1.208250,2062,8106983,142228,0,2,0,2,0,0,0,0,0,0,7208,0,4680,2528,0
969,48273,24.820458,24.385466,22.585140,0.000000,0.000418,0.000000,0.000000,0.067292,0.013791,0.945376,2051,8107306,136233,0,2,0,2,0,0,0,0,0,0,5565,0,3510,2055,0
970,48274,44.966417,44.336897,31.934489,0.000000,0.001501,0.000000,0.000000,0.068083,0.015958,1.186125,2210,8107129,145424,0,2,0,2,0,0,0,0,0,0,5406,0,3510,1896,0
971,48275,23.601833,23.189917,21.280742,0.000000,0.000460,0.000000,0.000000,0.070917,0.020708,0.932375,2104,8107031,130900,0,2,0,2,0,0,0,0,0,0,7208,0,4680,2528,0
972,48276,45.643250,44.999056,30.487984,0.000000,0.001124,0.000000,0.000000,0.076625,0.016000,1.237667,2041,8107252,133332,0,2,0,2,0,0,0,0,0,0,5406,0,3510,1896,0
973,48277,30.212333,29.577295,22.408378,0.000000,0.000666,0.000000,0.000000,0.390667,0.019208,0.902791,2172,8107272,136920,0,2,0,2,0,0,0,0,0,0,5406,0,3510,1896,0
974,48278,47.657459,47.049972,30.633058,0.000000,0.001709,0.000000,0.000000,0.126666,0.027334,1.231541,2113,8106951,136629,0,2,0,2,0,0,0,0,0,0,7456,0,4680,2776,0
975,48279,26.190333,25.755110,23.778166,0.000000,0.000417,0.000000,0.000000,0.063292,0.019958,0.915542,2140,8107227,145162,0,2,0,2,0,0,0,0,0,0,5406,0,3510,1896,0
976,48280,48.793083,48.061560,30.715874,0.000000,0.001207,0.000000,0.000000,0.081167,0.015958,1.204876,2115,8107361,134833,0,2,0,2,0,0,0,0,0,0,5593,0,3510,2083,0
977,48281,47.961125,47.475889,27.770826,0.000000,0.001583,0.000000,0.000000,0.091792,0.022333,1.541376,2178,8106608,142642,0,2,0,2,0,0,0,0,0,0,9249,0,4680,4569,0
978,48282,33.344209,32.840037,25.444848,0.000000,0.001500,0.000000,0.000000,0.102333,0.020208,0.891000,2209,8107217,136054,0,2,0,2,0,0,0,0,0,0,5406,0,3510,1896,0
979,48283,45.840125,45.198424,29.689569,0.000000,0.001292,0.000000,0.000000,0.209333,0.030125,1.194040,2176,8107215,132391,0,2,0,2,0,0,0,0,0,0,5406,0,3510,1896,0
980,48284,28.854458,28.435864,22.120236,0.000000,0.000374,0.000000,0.000000,0.102208,0.021542,1.215875,2033,8107187,131345,0,2,0,2,0,0,0,0,0,0,7208,0,4680,2528,0
981,48285,60.251625,59.445987,36.265584,0.000000,0.000626,0.000000,0.000000,0.071250,0.014708,1.832583,2111,8107155,136599,0,2,0,2,0,0,0,0,0,0,5406,0,3510,1896,0
982,48286,37.939208,34.117736,25.808925,0.000000,0.001208,0.000000,0.000000,0.100875,0.019875,0.895667,2188,8107260,137575,0,2,0,2,0,0,0,0,0,0,5406,0,3510,1896,0
983,48287,28.036459,27.546892,22.699373,0.000000,0.000332,0.000000,0.000000,0.080291,0.050875,0.965916,2096,8107068,135647,0,2,0,2,0,0,0,0,0,0,7208,0,4680,2528,0
984,48288,50.187916,49.561156,29.833948,0.000000,0.001459,0.000000,0.000000,0.361375,0.083959,1.522207,2082,8107287,135848,0,2,0,2,0,0,0,0,0,0,5406,0,3510,1896,0
985,48289,49.353500,48.298160,30.423374,0.000000,0.001125,0.000000,0.000000,0.072000,0.022584,1.228500,2067,8107225,132995,0,2,0,2,0,0,0,0,0,0,5406,0,3510,1896,0
986,48290,38.014917,37.576615,24.050349,0.000000,0.000751,0.000000,0.000000,0.096542,0.019333,1.213250,2087,8107029,135253,0,2,0,2,0,0,0,0,0,0,7208,0,4680,2528,0
987,48291,33.008500,32.480462,23.768028,0.000000,0.000375,0.000000,0.000000,0.079375,0.021583,0.958750,2032,8107261,133478,0,2,0,2,0,0,0,0,0,0,5406,0,3510,1896,0
988,48292,54.371750,53.484070,32.838584,0.000000,0.000876,0.000000,0.000000,0.258542,0.050416,1.536583,2073,8107134,132929,0,2,0,2,0,0,0,0,0,0,7004,0,4536,2468,0
989,48293,24.237750,23.857066,22.467427,0.000000,0.000417,0.000000,0.000000,0.063625,0.020458,1.005167,2047,8107174,134624,0,2,0,2,0,0,0,0,0,0,5610,0,3654,1956,0
990,48294,50.111958,49.496209,31.833470,0.000000,0.001250,0.000000,0.000000,0.091209,0.019125,1.695916,2068,8107267,134473,0,2,0,2,0,0,0,0,0,0,5406,0,3510,1896,0
991,48295,38.168000,36.165293,23.136008,0.000000,0.000791,0.000000,0.000000,0.155375,0.033625,1.286541,2015,8107037,131637,0,2,0,2,0,0,0,0,0,0,7208,0,4680,2528,0
992,48296,32.429292,33.525175,25.390380,0.000000,0.000376,0.000000,0.000000,0.065542,0.016666,0.931042,2086,8107373,136248,0,2,0,2,0,0,0,0,0,0,5406,0,3510,1896,0
993,48297,55.032708,54.456360,31.243487,0.000000,0.001334,0.000000,0.000000,0.329000,0.143167,1.837626,2012,8107177,132889,0,2,0,2,0,0,0,0,0,0,5406,0,3510,1896,0
994,48298,32.890584,32.309695,26.533532,0.000000,0.001667,0.000000,0.000000,0.126500,0.024750,0.914875,2029,8107004,131956,0,2,0,2,0,0,0,0,0,0,7208,0,4680,2528,0
995,48299,29.271416,28.812945,22.921437,0.000000,0.000541,0.000000,0.000000,0.067042,0.016167,0.604166,2077,8107345,136195,0,2,0,2,0,0,0,0,0,0,5406,0,3510,1896,0
996,48300,57.628334,57.041801,30.259246,0.000000,0.001375,0.000000,0.000000,0.097958,0.036833,2.081251,2046,8107181,133853,0,2,0,2,0,0,0,0,0,0,5406,0,3510,1896,0
997,48301,38.474416,37.898767,26.016016,0.000000,0.000791,0.000000,0.000000,0.056417,0.033000,0.897166,2022,8106962,134006,0,2,0,2,0,0,0,0,0,0,7367,0,4680,2687,0
998,48302,38.353334,37.813026,29.141597,0.000000,0.001458,0.000000,0.000000,0.228875,0.098041,1.193583,2074,8107253,144759,0,2,0,2,0,0,0,0,0,0,5406,0,3510,1896,0
999,48303,29.562750,29.014071,24.778822,0.000000,0.000291,0.000000,0.000000,0.093666,0.014500,0.941957,2056,8107279,134606,0,2,0,2,0,0,0,0,0,0,5406,0,3510,1896,0
1000,48304,47.841666,47.097498,29.632374,0.000000,0.001500,0.000000,0.000000,0.123542,0.042292,1.186417,2009,8107027,132444,0,2,0,2,0,0,0,0,0,0,7208,0,4680,2528,0
1001,48305,44.310500,43.777252,27.076898,0.000000,0.002042,0.000000,0.000000,0.117917,0.018500,1.526417,2048,8107381,135355,0,2,0,2,0,0,0,0,0,0,5406,0,3510,1896,0
1002,48306,27.672584,27.208858,22.782583,0.000000,0.000582,0.000000,0.000000,0.086458,0.018792,0.923792,2023,8107106,133383,0,2,0,2,0,0,0,0,0,0,5535,0,3510,2025,0
1003,48307,63.961458,63.159231,32.691641,0.000000,0.000833,0.000000,0.000000,0.116542,0.017333,1.856874,2044,8107023,139273,0,2,0,2,0,0,0,0,0,0,7208,0,4680,2528,0
1004,48308,41.510667,40.916705,28.877915,0.000000,0.001834,0.000000,0.000000,0.092125,0.016125,1.210959,2025,8107165,132659,0,2,0,2,0,0,0,0,0,0,5628,0,3510,2118,0
1005,48309,49.988250,49.493488,34.315739,0.000000,0.001875,0.000000,0.000000,0.100000,0.022583,1.493665,2088,8107269,142026,0,2,0,2,0,0,0,0,0,0,5406,0,3510,1896,0
1006,48310,36.610166,36.051633,28.204108,0.000000,0.002125,0.000000,0.000000,0.190792,3.250083,0.897333,2031,8107026,133063,0,2,0,2,0,0,0,0,0,0,7208,0,4680,2528,0
1007,48311,54.289167,52.020943,31.274281,0.000000,0.001042,0.000000,0.000000,0.065583,0.036542,1.521627,2046,8107280,133202,0,2,0,2,0,0,0,0,0,0,5406,0,3510,1896,0
1008,48312,36.583292,36.109056,24.915142,0.000000,0.001333,0.000000,0.000000,0.090041,0.018625,1.172457,2147,8107254,138945,0,2,0,2,0,0,0,0,0,0,5406,0,3510,1896,0
1009,48313,30.585541,29.725384,23.746805,0.000000,0.000459,0.000000,0.000000,0.055334,0.046291,0.589458,2036,8106965,133766,0,2,0,2,0,0,0,0,0,0,7465,0,4680,2785,0
1010,48314,57.205042,53.973515,33.560295,0.000000,0.001293,0.000000,0.000000,0.244833,0.026125,1.774166,2076,8107305,145842,0,2,0,2,0,0,0,0,0,0,5406,0,3510,1896,0
1011,48315,25.641333,25.149304,23.534544,0.000000,0.000248,0.000000,0.000000,0.061209,0.037083,0.594542,2115,8107186,134253,0,2,0,2,0,0,0,0,0,0,5406,0,3510,1896,0
1012,48316,50.235334,48.517548,30.545270,0.000000,0.001041,0.000000,0.000000,0.118541,0.018542,1.777083,2070,8107046,133267,0,2,0,2,0,0,0,0,0,0,7208,0,4680,2528,0
1013,48317,37.884208,37.445428,26.241714,0.000000,0.001709,0.000000,0.000000,1.594958,0.073959,1.542750,2067,8107259,135729,0,2,0,2,0,0,0,0,0,0,5406,0,3510,1896,0
1014,48318,30.620167,30.180561,23.278719,0.000000,0.000251,0.000000,0.000000,0.058333,0.040167,0.616375,2124,8107237,136086,0,2,0,2,0,0,0,0,0,0,5406,0,3510,1896,0
1015,48319,57.739333,57.090354,33.480333,0.000000,0.001000,0.000000,0.000000,0.105083,0.024959,1.785917,2063,8107058,132213,0,2,0,2,0,0,0,0,0,0,7208,0,4680,2528,0
1016,48320,38.921500,37.899498,27.538010,0.000000,0.000750,0.000000,0.000000,0.066208,0.014792,0.920167,2095,8107284,137331,0,2,0,2,0,0,0,0,0,0,5406,0,3510,1896,0
1017,48321,45.891958,45.322024,28.952459,0.000000,0.001584,0.000000,0.000000,0.107334,0.022500,1.480791,2095,8107228,133926,0,2,0,2,0,0,0,0,0,0,5406,0,3510,1896,0
1018,48322,24.472959,24.029258,21.223912,0.000000,0.000375,0.000000,0.000000,0.060041,0.022792,1.002708,2071,8107083,132147,0,2,0,2,0,0,0,0,0,0,7208,0,4680,2528,0
1019,48323,57.400500,56.663935,34.705788,0.000000,0.000916,0.000000,0.000000,0.092625,0.030333,1.534417,2079,8107214,138052,0,2,0,2,0,0,0,0,0,0,5406,0,3510,1896,0
1020,48324,24.967916,24.516015,22.195349,0.000000,0.000333,0.000000,0.000000,0.068917,0.015208,0.899124,2117,8107270,134691,0,2,0,2,0,0,0,0,0,0,5406,0,3510,1896,0
1021,48325,49.521584,48.888995,33.611997,0.000000,0.001250,0.000000,0.000000,0.124083,0.023917,1.203918,2068,8107060,132084,0,2,0,2,0,0,0,0,0,0,7208,0,4680,2528,0
1022,48326,37.125458,36.672062,26.568486,0.000000,0.001668,0.000000,0.000000,0.081000,0.016750,1.212542,2089,8107228,137922,0,2,0,2,0,0,0,0,0,0,5406,0,3510,1896,0
1023,48327,27.916000,27.473304,22.806037,0.000000,0.000500,0.000000,0.000000,0.072750,0.014542,0.633083,2113,8107265,134573,0,2,0,2,0,0,0,0,0,0,5406,0,3510,1896,0
1024,48328,53.392083,52.855119,28.488903,0.000000,0.001000,0.000000,0.000000,0.079584,0.016625,1.470917,2065,8107315,132100,0,2,0,2,0,0,0,0,0,0,7208,0,4680,2528,0
1025,48329,40.830875,40.315432,24.895240,0.000000,0.001751,0.000000,0.000000,0.192209,0.045041,1.167709,2066,8106998,136720,0,2,0,2,0,0,0,0,0,0,5406,0,3510,1896,0
1026,48330,27.706334,25.074571,21.477540,0.000000,0.000377,0.000000,0.000000,0.065416,0.016792,1.216125,2119,8107436,137399,0,2,0,2,0,0,0,0,0,0,5565,0,3510,2055,0
1027,48331,54.079125,53.486624,33.536027,0.000000,0.000708,0.000000,0.000000,0.094791,0.015667,1.566958,2067,8106736,139158,0,2,0,2,0,0,0,0,0,0,7208,0,4680,2528,0
1028,48332,29.976625,29.519915,24.697754,0.000000,0.001584,0.000000,0.000000,0.144125,0.040166,0.876668,2039,8107301,136546,0,2,0,2,0,0,0,0,0,0,5406,0,3510,1896,0
1029,48333,27.394791,26.930583,21.976690,0.000000,0.000542,0.000000,0.000000,0.072084,0.018958,0.592667,2102,8107219,135445,0,2,0,2,0,0,0,0,0,0,5406,0,3510,1896,0
1030,48334,47.731625,46.924765,29.853109,0.000000,0.001624,0.000000,0.000000,0.104584,0.015291,2.623375,2050,8107139,134579,0,2,0,2,0,0,0,0,0,0,7208,0,4680,2528,0
1031,48335,23.675875,23.279941,20.699385,0.000000,0.000374,0.000000,0.000000,0.092792,0.043667,0.586792,2060,8107273,137004,0,2,0,2,0,0,0,0,0,0,5406,0,3510,1896,0
1032,48336,48.562709,47.976395,25.896387,0.000000,0.000876,0.000000,0.000000,0.059083,0.014083,1.474750,2102,8107198,134365,0,2,0,2,0,0,0,0,0,0,5406,0,3510,1896,0
1033,48337,34.070708,33.639012,23.295094,0.000000,0.001125,0.000000,0.000000,0.100000,0.024667,0.877208,2025,8107161,133053,0,2,0,2,0,0,0,0,0,0,7208,0,4680,2528,0
1034,48338,32.247750,31.748715,24.151336,0.000000,0.000707,0.000000,0.000000,0.060042,0.014750,0.879333,2042,8107057,135190,0,2,0,2,0,0,0,0,0,0,5863,0,3510,2353,0
1035,48339,48.108167,47.548603,29.716514,0.000000,0.000331,0.000000,0.000000,0.059333,0.014167,1.173667,2040,8107235,141675,0,2,0,2,0,0,0,0,0,0,5406,0,3510,1896,0
1036,48340,27.510541,27.118928,21.610539,0.000000,0.000624,0.000000,0.000000,0.100959,0.015250,0.874043,2051,8107036,136297,0,2,0,2,0,0,0,0,0,0,7208,0,4680,2528,0
1037,48341,42.621959,42.100315,26.553780,0.000000,0.000625,0.000000,0.000000,0.118750,0.034791,1.175084,2048,8107278,134997,0,2,0,2,0,0,0,0,0,0,5406,0,3510,1896,0
1038,48342,38.836458,38.281874,25.067033,0.000000,0.001208,0.000000,0.000000,0.098083,0.016250,1.270417,2041,8107238,136821,0,2,0,2,0,0,0,0,0,0,5406,0,3510,1896,0
1039,48343,23.544875,23.153929,20.354499,0.000000,0.000541,0.000000,0.000000,0.088083,0.017917,0.687084,2050,8107058,135703,0,2,0,2,0,0,0,0,0,0,7208,0,4680,2528,0
1040,48344,50.575250,49.562600,27.940484,0.000000,0.000960,0.000000,0.000000,0.084792,0.015916,1.240833,2053,8107245,135336,0,2,0,2,0,0,0,0,0,0,5406,0,3510,1896,0
1041,48345,37.118292,36.633642,25.360126,0.000000,0.004542,0.000000,0.000000,0.098250,0.025333,1.249667,2021,8107337,132874,0,2,0,2,0,0,0,0,0,0,7004,0,4536,2468,0
1042,48346,28.676083,28.208831,23.926200,0.000000,0.000667,0.000000,0.000000,0.063208,0.013709,1.245250,2062,8106958,137434,0,2,0,2,0,0,0,0,0,0,5610,0,3654,1956,0
1043,48347,47.056000,44.250375,28.756459,0.000000,0.001126,0.000000,0.000000,0.094542,0.019666,1.174083,2023,8107278,134403,0,2,0,2,0,0,0,0,0,0,5406,0,3510,1896,0
1044,48348,24.963167,24.515408,21.498601,0.000000,0.001583,0.000000,0.000000,0.107000,0.026583,0.592792,2026,8107143,132374,0,2,0,2,0,0,0,0,0,0,7208,0,4680,2528,0
1045,48349,49.445791,48.842740,30.892708,0.000000,0.000458,0.000000,0.000000,0.111209,0.060208,1.488583,2034,8107145,136898,0,2,0,2,0,0,0,0,0,0,5406,0,3510,1896,0
1046,48350,28.803459,28.322900,23.224707,0.000000,0.000374,0.000000,0.000000,0.074375,0.016583,0.913333,2043,8107285,135599,0,2,0,2,0,0,0,0,0,0,5406,0,3510,1896,0
1047,48351,46.520666,45.971171,28.501077,0.000000,0.000958,0.000000,0.000000,0.072792,0.023333,1.172207,2022,8107080,132257,0,2,0,2,0,0,0,0,0,0,7208,0,4680,2528,0
1048,48352,24.757500,24.347382,21.432887,0.000000,0.000375,0.000000,0.000000,0.071417,0.023125,0.918834,2033,8107196,137460,0,2,0,2,0,0,0,0,0,0,5406,0,3510,1896,0
1049,48353,47.702167,47.163821,27.900395,0.000000,0.000210,0.000000,0.000000,0.072125,0.017542,1.488625,2018,8107259,133712,0,2,0,2,0,0,0,0,0,0,5406,0,3510,1896,0
1050,48354,34.333750,33.889620,23.846853,0.000000,0.001750,0.000000,0.000000,0.102333,0.024625,1.108166,2034,8107047,133751,0,2,0,2,0,0,0,0,0,0,7208,0,4680,2528,0
1051,48355,28.041042,27.629580,22.813907,0.000000,0.000625,0.000000,0.000000,0.074791,0.024500,1.269584,2037,8107263,137496,0,2,0,2,0,0,0,0,0,0,5406,0,3510,1896,0
1052,48356,50.651791,50.043712,29.905212,0.000000,0.001959,0.000000,0.000000,0.080459,0.014916,1.366375,2035,8107253,135535,0,2,0,2,0,0,0,0,0,0,5406,0,3510,1896,0
1053,48357,28.507792,28.057927,23.942918,0.000000,0.001624,0.000000,0.000000,0.325875,0.040833,0.875918,2032,8107111,132549,0,2,0,2,0,0,0,0,0,0,7208,0,4680,2528,0
1054,48358,44.118542,43.641081,27.413987,0.000000,0.000584,0.000000,0.000000,0.114041,0.017667,1.225125,2046,8107242,138014,0,2,0,2,0,0,0,0,0,0,5406,0,3510,1896,0
1055,48359,27.339333,26.431498,23.364085,0.000000,0.000667,0.000000,0.000000,0.080958,0.026750,0.923292,2052,8107217,135269,0,2,0,2,0,0,0,0,0,0,5406,0,3510,1896,0
1056,48360,45.317500,44.767184,27.755367,0.000000,0.001375,0.000000,0.000000,0.111875,0.034458,1.225750,2038,8107179,132225,0,2,0,2,0,0,0,0,0,0,7208,0,4680,2528,0
1057,48361,24.115458,23.700272,21.388462,0.000000,0.000918,0.000000,0.000000,0.057250,0.014500,0.606833,2047,8107166,140329,0,2,0,2,0,0,0,0,0,0,5551,0,3510,2041,0
1058,48362,45.858375,45.264142,31.634894,0.000000,0.001084,0.000000,0.000000,0.083709,0.033250,1.537540,2114,8107128,142513,0,2,0,2,0,0,0,0,0,0,5406,0,3510,1896,0
1059,48363,26.685250,26.192351,22.365647,0.000000,0.000376,0.000000,0.000000,0.192250,0.098500,0.647667,2031,8107119,131781,0,2,0,2,0,0,0,0,0,0,7208,0,4680,2528,0
1060,48364,43.089125,42.608928,24.464012,0.000000,0.000458,0.000000,0.000000,0.066792,0.013917,1.263416,2030,8107321,136455,0,2,0,2,0,0,0,0,0,0,5602,0,3510,2092,0
1061,48365,32.869125,32.405988,25.088668,0.000000,0.001416,0.000000,0.000000,0.176792,0.432083,1.319250,2085,8107079,140479,0,2,0,2,0,0,0,0,0,0,5406,0,3510,1896,0
1062,48366,50.441500,45.636063,30.049090,0.000000,0.000625,0.000000,0.000000,0.065792,0.016667,1.467917,2045,8107022,132974,0,2,0,2,0,0,0,0,0,0,7208,0,4680,2528,0
1063,48367,34.324042,33.880128,25.560053,0.000000,0.001290,0.000000,0.000000,0.978875,0.023708,1.207958,2045,8107252,135957,0,2,0,2,0,0,0,0,0,0,5406,0,3510,1896,0
1064,48368,43.608000,43.099782,26.788926,0.000000,0.001043,0.000000,0.000000,0.094583,0.020334,1.199459,2091,8107268,134294,0,2,0,2,0,0,0,0,0,0,5406,0,3510,1896,0
1065,48369,24.064458,23.629963,21.709247,0.000000,0.000334,0.000000,0.000000,0.076084,0.021625,0.926834,2032,8107047,131367,0,2,0,2,0,0,0,0,0,0,7208,0,4680,2528,0
1066,48370,50.995500,49.990464,32.783794,0.000000,0.001000,0.000000,0.000000,0.077292,0.015417,1.175918,2035,8107403,136621,0,2,0,2,0,0,0,0,0,0,5406,0,3510,1896,0
1067,48371,39.158792,38.667063,26.552980,0.000000,0.001916,0.000000,0.000000,0.096208,0.021084,1.191042,2067,8107144,133645,0,2,0,2,0,0,0,0,0,0,5406,0,3510,1896,0
1068,48372,28.033083,27.590332,23.825568,0.000000,0.000584,0.000000,0.000000,0.082750,0.016792,0.895208,2015,8107011,130220,0,2,0,2,0,0,0,0,0,0,7208,0,4680,2528,0
1069,48373,59.345459,58.659951,32.805259,0.000000,0.001000,0.000000,0.000000,0.075041,0.017042,1.468667,2026,8107264,135525,0,2,0,2,0,0,0,0,0,0,5406,0,3510,1896,0
1070,48374,41.555916,41.003181,27.234317,0.000000,0.000709,0.000000,0.000000,0.125250,0.042375,1.216625,2078,8107266,135810,0,2,0,2,0,0,0,0,0,0,5586,0,3510,2076,0
1071,48375,28.653792,28.264223,22.438137,0.000000,0.000543,0.000000,0.000000,0.063792,0.014125,1.101043,2042,8107037,140142,0,2,0,2,0,0,0,0,0,0,7208,0,4680,2528,0
1072,48376,53.349750,48.555066,32.645408,0.000000,0.001167,0.000000,0.000000,0.120750,0.021917,1.640208,2045,8107129,135918,0,2,0,2,0,0,0,0,0,0,5406,0,3510,1896,0
1073,48377,54.084875,53.508283,30.451527,0.000000,0.001751,0.000000,0.000000,0.227625,0.130000,1.481126,2097,8107301,134540,0,2,0,2,0,0,0,0,0,0,5406,0,3510,1896,0
1074,48378,29.877458,29.460010,24.696548,0.000000,0.000376,0.000000,0.000000,0.078500,0.032000,1.243416,2074,8107013,134991,0,2,0,2,0,0,0,0,0,0,7208,0,4680,2528,0
1075,48379,61.275000,60.601520,33.462770,0.000000,0.000500,0.000000,0.000000,0.073334,0.019875,1.466375,2073,8107277,136815,0,2,0,2,0,0,0,0,0,0,5406,0,3510,1896,0
1076,48380,37.011375,36.485310,25.051162,0.000000,0.001165,0.000000,0.000000,0.137709,0.040041,1.501249,2111,8107253,136099,0,2,0,2,0,0,0,0,0,0,5406,0,3510,1896,0
1077,48381,48.622292,48.100755,28.553291,0.000000,0.001001,0.000000,0.000000,0.097458,0.023292,1.508043,2074,8107029,133875,0,2,0,2,0,0,0,0,0,0,7208,0,4680,2528,0
1078,48382,41.328208,40.382322,27.343271,0.000000,0.001916,0.000000,0.000000,0.164709,0.088708,1.175833,2071,8107366,141365,0,2,0,2,0,0,0,0,0,0,5555,0,3510,2045,0
1079,48383,37.915792,37.451947,26.921825,0.000000,0.001334,0.000000,0.000000,0.209208,0.034167,1.180001,2067,8107074,140846,0,2,0,2,0,0,0,0,0,0,5406,0,3510,1896,0
1080,48384,56.147125,55.389298,31.833086,0.000000,0.001209,0.000000,0.000000,0.093292,0.038791,1.482417,2076,8107045,135505,0,2,0,2,0,0,0,0,0,0,7208,0,4680,2528,0
1081,48385,44.311708,43.544053,29.408159,0.000000,0.001251,0.000000,0.000000,0.118292,0.018292,1.251667,2062,8107490,136367,0,2,0,2,0,0,0,0,0,0,5406,0,3510,1896,0
1082,48386,34.738750,34.270933,25.604388,0.000000,0.000707,0.000000,0.000000,0.097709,0.020041,1.228333,2133,8106995,136840,0,2,0,2,0,0,0,0,0,0,5406,0,3510,1896,0
1083,48387,48.407667,47.540542,29.347425,0.000000,0.001918,0.000000,0.000000,0.122917,0.030041,1.189625,2054,8107076,132274,0,2,0,2,0,0,0,0,0,0,7208,0,4680,2528,0
1084,48388,40.568958,39.924704,26.125919,0.000000,0.003084,0.000000,0.000000,0.174917,0.043667,1.210709,2123,8106923,138894,0,2,0,2,0,0,0,0,0,0,7447,0,3510,3937,0
1085,48389,49.112500,48.639764,29.773327,0.000000,0.000667,0.000000,0.000000,0.090334,0.031375,1.213166,2127,8107225,140787,0,2,0,2,0,0,0,0,0,0,5565,0,3510,2055,0
1086,48390,31.639667,31.196140,25.097703,0.000000,0.000542,0.000000,0.000000,0.063833,0.015834,0.912834,2110,8107110,146786,0,2,0,2,0,0,0,0,0,0,7208,0,4680,2528,0
1087,48391,61.566917,60.314163,33.751907,0.000000,0.001042,0.000000,0.000000,0.072833,0.019458,1.768999,2082,8107145,135203,0,2,0,2,0,0,0,0,0,0,5406,0,3510,1896,0
1088,48392,40.918916,40.347757,27.240732,0.000000,0.000375,0.000000,0.000000,0.111209,0.033791,1.214583,2123,8107348,134737,0,2,0,2,0,0,0,0,0,0,5406,0,3510,1896,0
1089,48393,29.643625,29.151496,23.841345,0.000000,0.000624,0.000000,0.000000,0.069000,0.017834,1.420167,2044,8106954,134189,0,2,0,2,0,0,0,0,0,0,7208,0,4680,2528,0
1090,48394,51.503375,50.835802,32.159495,0.000000,0.002458,0.000000,0.000000,0.312292,0.090167,1.471085,2101,8107272,136085,0,2,0,2,0,0,0,0,0,0,5406,0,3510,1896,0
1091,48395,41.082417,40.476400,30.599149,0.000000,0.001585,0.000000,0.000000,0.194958,0.031834,1.212209,2102,8107251,134470,0,2,0,2,0,0,0,0,0,0,5406,0,3510,1896,0
1092,48396,33.622958,29.655502,26.786834,0.000000,0.001042,0.000000,0.000000,0.114667,2.171500,0.907292,2072,8107114,134563,0,2,0,2,0,0,0,0,0,0,7208,0,4680,2528,0
1093,48397,56.643459,58.908338,34.032737,0.000000,0.000791,0.000000,0.000000,0.109125,0.022166,1.474750,2036,8107197,133903,0,2,0,2,0,0,0,0,0,0,5406,0,3510,1896,0
1094,48398,37.860875,37.324194,29.073946,0.000000,0.001917,0.000000,0.000000,0.115125,0.021791,1.306959,2037,8107185,136249,0,2,0,2,0,0,0,0,0,0,7223,0,4536,2687,0
1095,48399,31.423708,30.953725,25.755039,0.000000,0.000416,0.000000,0.000000,0.066000,0.024583,0.601875,2072,8107027,142730,0,2,0,2,0,0,0,0,0,0,5610,0,3654,1956,0
1096,48400,51.848500,51.155563,33.889535,0.000000,0.001458,0.000000,0.000000,0.113500,0.031500,1.497667,2070,8107266,135300,0,2,0,2,0,0,0,0,0,0,5406,0,3510,1896,0
1097,48401,43.580333,42.404504,26.878727,0.000000,0.001250,0.000000,0.000000,0.108834,0.023083,1.204124,2038,8107039,131582,0,2,0,2,0,0,0,0,0,0,7208,0,4680,2528,0
1098,48402,26.942625,26.493663,23.395166,0.000000,0.001083,0.000000,0.000000,0.221000,3.137292,1.195625,2065,8107294,137994,0,2,0,2,0,0,0,0,0,0,5406,0,3510,1896,0
1099,48403,55.828625,55.283105,29.902499,0.000000,0.001125,0.000000,0.000000,0.085875,0.018334,1.492499,2029,8107222,133555,0,2,0,2,0,0,0,0,0,0,5406,0,3510,1896,0
1100,48404,26.377000,25.937603,22.317302,0.000000,0.000790,0.000000,0.000000,0.200125,1.312167,1.277542,2050,8107224,133622,0,2,0,2,0,0,0,0,0,0,7208,0,4680,2528,0
1101,48405,63.406167,62.755497,36.003213,0.000000,0.000500,0.000000,0.000000,0.094333,0.028375,2.214583,2160,8107011,157478,0,2,0,2,0,0,0,0,0,0,5592,0,3510,2082,0
1102,48406,48.216583,47.144489,32.852809,0.000000,0.001959,0.000000,0.000000,0.094334,0.026333,1.198541,2279,8107277,141724,0,2,0,2,0,0,0,0,0,0,5406,0,3510,1896,0
1103,48407,50.564667,45.402083,28.175333,0.000000,0.002417,0.000000,0.000000,0.120292,0.031208,1.516043,2190,8107029,137642,0,2,0,2,0,0,0,0,0,0,7208,0,4680,2528,0
1104,48408,58.709292,58.158510,31.595980,0.000000,0.001500,0.000000,0.000000,0.115166,0.022625,1.611085,2248,8107265,140672,0,2,0,2,0,0,0,0,0,0,5406,0,3510,1896,0
1105,48409,48.500375,47.657489,30.761557,0.000000,0.001710,0.000000,0.000000,0.095666,0.031084,1.463792,2171,8107475,138342,0,2,0,2,0,0,0,0,0,0,5406,0,3510,1896,0
1106,48410,43.173291,41.590978,29.403351,0.000000,0.001792,0.000000,0.000000,0.092917,0.016542,1.176375,2158,8107064,137346,0,2,0,2,0,0,0,0,0,0,7208,0,4680,2528,0
1107,48411,50.533000,49.845229,28.336549,0.000000,0.001583,0.000000,0.000000,0.120875,0.051459,1.672668,2212,8107084,139271,0,2,0,2,0,0,0,0,0,0,5406,0,3510,1896,0
1108,48412,42.779000,42.144315,28.258070,0.000000,0.001459,0.000000,0.000000,0.106209,0.023708,1.167792,2099,8107205,136028,0,2,0,2,0,0,0,0,0,0,5406,0,3510,1896,0
1109,48413,45.602375,44.875167,28.499237,0.000000,0.002793,0.000000,0.000000,0.385792,0.064417,1.182790,2075,8107092,132814,0,2,0,2,0,0,0,0,0,0,7208,0,4680,2528,0
1110,48414,49.285834,48.795710,28.468172,0.000000,0.002416,0.000000,0.000000,0.201250,0.378250,1.703667,2097,8107189,139300,0,2,0,2,0,0,0,0,0,0,5406,0,3510,1896,0
1111,48415,30.275791,29.746378,25.245743,0.000000,0.000625,0.000000,0.000000,0.116709,0.028000,0.592416,2147,8107262,137013,0,2,0,2,0,0,0,0,0,0,5406,0,3510,1896,0
1112,48416,63.762875,63.067435,34.823682,0.000000,0.000541,0.000000,0.000000,0.068917,0.019792,1.764917,2047,8107048,135896,0,2,0,2,0,0,0,0,0,0,7367,0,4680,2687,0
1113,48417,63.804750,62.185447,33.146738,0.000000,0.001208,0.000000,0.000000,0.104834,0.027333,1.759875,2082,8107190,145527,0,2,0,2,0,0,0,0,0,0,5406,0,3510,1896,0
1114,48418,37.293042,35.674059,30.401681,0.000000,0.000792,0.000000,0.000000,0.087833,0.022875,1.257417,2135,8107128,145360,0,2,0,2,0,0,0,0,0,0,5711,0,3510,2201,0
1115,48419,92.091917,89.855035,40.898584,0.000000,0.001748,0.000000,0.000000,0.111916,0.026584,2.825375,2074,8107091,149822,0,2,0,2,0,0,0,0,0,0,7208,0,4680,2528,0
1116,48420,50.466041,49.873699,32.567417,0.000000,0.001750,0.000000,0.000000,0.128834,0.016875,1.200125,2096,8107191,136327,0,2,0,2,0,0,0,0,0,0,5406,0,3510,1896,0
1117,48421,33.989042,33.465258,24.777435,0.000000,0.001251,0.000000,0.000000,0.212667,4.082208,1.201625,2055,8107272,132909,0,2,0,2,0,0,0,0,0,0,5406,0,3510,1896,0
1118,48422,64.174792,63.551335,35.044804,0.000000,0.001000,0.000000,0.000000,0.102500,0.023083,1.489626,2203,8107021,143885,0,2,0,2,0,0,0,0,0,0,7208,0,4680,2528,0
1119,48423,27.247875,26.778550,23.880958,0.000000,0.000418,0.000000,0.000000,0.109458,0.055167,0.927250,2223,8107285,143515,0,2,0,2,0,0,0,0,0,0,5406,0,3510,1896,0
1120,48424,65.943083,65.078254,37.784191,0.000000,0.000541,0.000000,0.000000,0.082958,0.026042,1.767208,2259,8107264,141209,0,2,0,2,0,0,0,0,0,0,5406,0,3510,1896,0
1121,48425,46.860792,44.299949,31.378084,0.000000,0.001335,0.000000,0.000000,0.101583,0.027250,1.492124,2194,8107234,138393,0,2,0,2,0,0,0,0,0,0,7208,0,4680,2528,0
1122,48426,43.264375,42.705901,27.005406,0.000000,0.001792,0.000000,0.000000,0.120208,0.027375,1.503875,2118,8107032,139796,0,2,0,2,0,0,0,0,0,0,5406,0,3510,1896,0
1123,48427,37.459750,34.651636,25.878068,0.000000,0.001249,0.000000,0.000000,0.191083,0.042250,0.883875,2140,8107256,135999,0,2,0,2,0,0,0,0,0,0,5406,0,3510,1896,0
1124,48428,52.962375,52.371565,30.462443,0.000000,0.001167,0.000000,0.000000,0.076291,0.020750,1.516333,2194,8107074,139069,0,2,0,2,0,0,0,0,0,0,7208,0,4680,2528,0
1125,48429,46.368708,45.796396,28.643176,0.000000,0.001499,0.000000,0.000000,0.091125,0.021000,1.209001,2211,8107271,143654,0,2,0,2,0,0,0,0,0,0,5406,0,3510,1896,0
1126,48430,39.566583,36.331159,25.386907,0.000000,0.000874,0.000000,0.000000,0.158667,0.097125,1.207333,2278,8107218,142341,0,2,0,2,0,0,0,0,0,0,5406,0,3510,1896,0
1127,48431,33.942709,30.730025,24.709890,0.000000,0.000624,0.000000,0.000000,0.141583,0.023375,0.957751,2185,8107116,138495,0,2,0,2,0,0,0,0,0,0,7208,0,4680,2528,0
1128,48432,64.773125,64.076013,31.232476,0.000000,0.000418,0.000000,0.000000,0.079041,0.021417,1.857416,2130,8107199,138750,0,2,0,2,0,0,0,0,0,0,5406,0,3510,1896,0
1129,48433,49.474291,48.886459,29.918563,0.000000,0.000875,0.000000,0.000000,0.096709,0.024041,1.508125,2121,8107260,135676,0,2,0,2,0,0,0,0,0,0,5406,0,3510,1896,0
1130,48434,41.543667,40.991449,29.109012,0.000000,0.001707,0.000000,0.000000,2.525792,0.112416,1.182250,2221,8107044,140259,0,2,0,2,0,0,0,0,0,0,7208,0,4680,2528,0
1131,48435,43.563167,43.014020,27.856759,0.000000,0.000917,0.000000,0.000000,0.113041,0.023667,1.529624,2246,8107235,143350,0,2,0,2,0,0,0,0,0,0,5406,0,3510,1896,0
1132,48436,50.669750,50.065018,31.863298,0.000000,0.000750,0.000000,0.000000,0.316916,0.021209,1.496209,2319,8107259,144403,0,2,0,2,0,0,0,0,0,0,5406,0,3510,1896,0
1133,48437,36.261541,35.717892,27.926023,0.000000,0.000958,0.000000,0.000000,0.694500,0.113084,1.026834,2232,8106982,141631,0,2,0,2,0,0,0,0,0,0,7208,0,4680,2528,0
1134,48438,59.987750,59.059840,35.666068,0.000000,0.000542,0.000000,0.000000,0.071792,0.018708,1.797126,2171,8107284,142898,0,2,0,2,0,0,0,0,0,0,5406,0,3510,1896,0
1135,48439,39.626375,39.093547,28.230592,0.000000,0.001292,0.000000,0.000000,0.096042,0.029875,1.364542,2188,8107293,138966,0,4,0,4,0,0,0,0,0,0,5406,0,3510,1896,0
1136,48440,30.282250,29.818683,24.005342,0.000000,0.000376,0.000000,0.000000,0.088750,0.016709,0.605917,2131,8106903,137938,0,2,0,2,0,0,0,0,0,0,7208,0,4680,2528,0
1137,48441,58.008667,56.754687,33.249969,0.000000,0.001000,0.000000,0.000000,0.079500,0.025583,1.771625,2159,8107198,140281,0,2,0,2,0,0,0,0,0,0,5406,0,3510,1896,0
1138,48442,36.939792,36.385297,26.892928,0.000000,0.001668,0.000000,0.000000,0.100375,0.027333,0.893958,2208,8107280,139331,0,2,0,2,0,0,0,0,0,0,5406,0,3510,1896,0
1139,48443,36.635833,36.162153,26.063702,0.000000,0.000833,0.000000,0.000000,0.130625,0.017250,1.181582,2125,8107068,137332,0,2,0,2,0,0,0,0,0,0,7208,0,4680,2528,0
1140,48444,46.751125,46.165640,28.568338,0.000000,0.000958,0.000000,0.000000,0.079583,0.016917,1.338459,2155,8107301,138664,0,2,0,2,0,0,0,0,0,0,5406,0,3510,1896,0
1141,48445,32.673083,32.165394,26.463889,0.000000,0.001415,0.000000,0.000000,0.173417,0.405750,0.887917,2160,8107172,137406,0,2,0,2,0,0,0,0,0,0,5406,0,3510,1896,0
1142,48446,48.353167,47.723043,31.459490,0.000000,0.001209,0.000000,0.000000,0.087958,0.024459,1.478292,2138,8107131,138377,0,2,0,2,0,0,0,0,0,0,7208,0,4680,2528,0
1143,48447,40.760083,39.352756,28.360506,0.000000,0.000459,0.000000,0.000000,0.128667,0.024208,1.385083,2146,8107227,138318,0,2,0,2,0,0,0,0,0,0,5406,0,3510,1896,0
1144,48448,32.100625,31.622730,25.258881,0.000000,0.000666,0.000000,0.000000,0.064167,0.016417,0.902500,2107,8107204,137831,0,2,0,2,0,0,0,0,0,0,5406,0,3510,1896,0
1145,48449,56.849167,56.174248,31.665016,0.000000,0.001291,0.000000,0.000000,0.115083,0.017417,1.466126,2101,8107113,139632,0,2,0,2,0,0,0,0,0,0,7367,0,4680,2687,0
1146,48450,27.260208,26.795119,24.723773,0.000000,0.003459,0.000000,0.000000,0.072167,0.016917,0.597667,2168,8107042,145217,0,2,0,2,0,0,0,0,0,0,5569,0,3510,2059,0
1147,48451,58.174625,57.522964,35.292460,0.000000,0.000876,0.000000,0.000000,0.075417,0.016833,1.764207,2122,8107143,145548,0,2,0,2,0,0,0,0,0,0,7138,0,4536,2602,0
1148,48452,46.640125,46.046807,31.062127,0.000000,0.000583,0.000000,0.000000,0.202875,0.041000,1.197375,2156,8107098,146610,0,2,0,2,0,0,0,0,0,0,5610,0,3654,1956,0
1149,48453,39.324500,38.834487,27.390753,0.000000,0.001500,0.000000,0.000000,0.104167,0.020000,1.216375,2027,8107254,133539,0,2,0,2,0,0,0,0,0,0,5406,0,3510,1896,0
1150,48454,34.902250,34.442441,25.535615,0.000000,0.001167,0.000000,0.000000,0.147792,0.065083,0.885501,2053,8107021,133333,0,2,0,2,0,0,0,0,0,0,7208,0,4680,2528,0
1151,48455,48.799167,47.659818,30.403411,0.000000,0.001500,0.000000,0.000000,0.093375,0.016375,1.482835,2093,8107264,136381,0,2,0,2,0,0,0,0,0,0,5406,0,3510,1896,0
1152,48456,37.971042,37.531293,24.285533,0.000000,0.001084,0.000000,0.000000,0.114458,0.034667,0.892209,2022,8107265,132988,0,2,0,2,0,0,0,0,0,0,5406,0,3510,1896,0
1153,48457,45.412250,44.856303,29.095830,0.000000,0.000625,0.000000,0.000000,0.087291,0.026084,1.482668,2073,8107110,133995,0,2,0,2,0,0,0,0,0,0,7208,0,4680,2528,0
1154,48458,28.724833,28.268001,24.417967,0.000000,0.001168,0.000000,0.000000,0.184583,0.086917,0.619167,2088,8107206,137448,0,2,0,2,0,0,0,0,0,0,5406,0,3510,1896,0
1155,48459,50.814417,49.017829,29.086857,0.000000,0.001125,0.000000,0.000000,0.086166,0.020959,1.532043,2060,8107252,134606,0,2,0,2,0,0,0,0,0,0,5406,0,3510,1896,0
1156,48460,25.048875,24.601861,22.456314,0.000000,0.000418,0.000000,0.000000,0.072833,0.015042,0.599333,2038,8107023,131801,0,2,0,2,0,0,0,0,0,0,7208,0,4680,2528,0
1157,48461,50.229250,49.683335,29.939370,0.000000,0.000584,0.000000,0.000000,0.062250,0.015125,1.484083,2085,8107261,137049,0,2,0,2,0,0,0,0,0,0,5406,0,3510,1896,0
1158,48462,27.575666,26.891048,22.098565,0.000000,0.000875,0.000000,0.000000,0.069417,0.017458,1.248626,2041,8107179,136768,0,2,0,2,0,0,0,0,0,0,5565,0,3510,2055,0
1159,48463,49.560292,49.000225,29.454541,0.000000,0.001001,0.000000,0.000000,0.089667,0.015708,1.324291,2060,8107055,140170,0,2,0,2,0,0,0,0,0,0,7208,0,4680,2528,0
1160,48464,25.630875,25.220676,21.876940,0.000000,0.000416,0.000000,0.000000,0.117667,0.019166,1.107209,2077,8107257,138609,0,2,0,2,0,0,0,0,0,0,5406,0,3510,1896,0
1161,48465,56.332375,55.728459,31.307359,0.000000,0.001709,0.000000,0.000000,0.105250,0.032250,1.476500,2053,8107266,134854,0,2,0,2,0,0,0,0,0,0,5406,0,3510,1896,0
1162,48466,27.073583,26.606359,23.504669,0.000000,0.000709,0.000000,0.000000,0.133167,0.020042,0.889584,2071,8107044,135042,0,2,0,2,0,0,0,0,0,0,7208,0,4680,2528,0
1163,48467,58.704125,58.008639,31.866024,0.000000,0.000792,0.000000,0.000000,0.068417,0.018583,1.488791,2085,8107252,138076,0,2,0,2,0,0,0,0,0,0,5406,0,3510,1896,0
1164,48468,38.937834,38.341939,26.811061,0.000000,0.000542,0.000000,0.000000,0.074791,0.019500,1.500542,2054,8107273,134973,0,2,0,2,0,0,0,0,0,0,5406,0,3510,1896,0
1165,48469,35.320208,34.822292,25.425922,0.000000,0.001792,0.000000,0.000000,0.117292,0.019958,0.891542,2040,8107073,132782,0,2,0,2,0,0,0,0,0,0,7208,0,4680,2528,0
1166,48470,26.488375,26.070859,22.896126,0.000000,0.001167,0.000000,0.000000,0.105333,0.017667,1.226916,2062,8107300,136405,0,2,0,2,0,0,0,0,0,0,5406,0,3510,1896,0
1167,48471,56.033000,55.412769,29.803844,0.000000,0.000875,0.000000,0.000000,0.116375,0.020167,1.464251,2131,8107179,137710,0,2,0,2,0,0,0,0,0,0,5406,0,3510,1896,0
1168,48472,38.921208,38.380039,28.666196,0.000000,0.000875,0.000000,0.000000,0.103584,0.017458,0.885957,2037,8107051,132794,0,2,0,2,0,0,0,0,0,0,7208,0,4680,2528,0
1169,48473,25.311667,24.093666,23.291778,0.000000,0.000417,0.000000,0.000000,0.061375,0.015542,1.326874,2063,8107247,137086,0,2,0,2,0,0,0,0,0,0,5406,0,3510,1896,0
1170,48474,48.683542,48.059380,31.852119,0.000000,0.014875,0.000000,0.000000,0.068500,0.018500,1.177167,2131,8107358,136581,0,2,0,2,0,0,0,0,0,0,5406,0,3510,1896,0
1171,48475,33.776916,30.998421,25.963992,0.000000,0.001999,0.000000,0.000000,0.104959,0.101583,1.201208,2028,8106985,132330,0,2,0,2,0,0,0,0,0,0,7208,0,4680,2528,0
1172,48476,41.926625,41.431861,27.792847,0.000000,0.001209,0.000000,0.000000,0.093792,0.026458,0.949958,2086,8107223,137765,0,2,0,2,0,0,0,0,0,0,5406,0,3510,1896,0
1173,48477,24.071375,23.598251,22.147444,0.000000,0.002958,0.000000,0.000000,0.057875,0.015167,1.068000,2071,8107398,134489,0,2,0,2,0,0,0,0,0,0,5406,0,3510,1896,0
1174,48478,49.102834,48.530652,29.438665,0.000000,0.001000,0.000000,0.000000,0.079291,0.018292,1.234542,2053,8106953,133439,0,2,0,2,0,0,0,0,0,0,7208,0,4680,2528,0
1175,48479,34.932875,34.460504,24.841555,0.000000,0.000959,0.000000,0.000000,0.101166,0.025000,1.223500,2087,8107258,137485,0,2,0,2,0,0,0,0,0,0,5406,0,3510,1896,0
1176,48480,38.037625,36.836743,26.866481,0.000000,0.001792,0.000000,0.000000,2.170333,0.068333,0.947625,2094,8107226,134805,0,2,0,2,0,0,0,0,0,0,5406,0,3510,1896,0
1177,48481,27.341250,26.886558,23.554652,0.000000,0.000667,0.000000,0.000000,0.065458,0.017167,1.182208,2033,8107055,132505,0,2,0,2,0,0,0,0,0,0,7208,0,4680,2528,0
1178,48482,49.173958,48.557936,30.797210,0.000000,0.000791,0.000000,0.000000,0.079125,0.015083,1.186042,2082,8107243,139187,0,2,0,2,0,0,0,0,0,0,5406,0,3510,1896,0
1179,48483,37.179000,36.739192,22.982542,0.000000,0.000749,0.000000,0.000000,0.108792,0.029625,1.492751,2082,8107238,134955,0,2,0,2,0,0,0,0,0,0,5406,0,3510,1896,0
1180,48484,35.174958,34.684663,25.450492,0.000000,0.001375,0.000000,0.000000,0.107542,0.034167,1.252709,2033,8107086,133686,0,2,0,2,0,0,0,0,0,0,7208,0,4680,2528,0
1181,48485,27.691250,27.262395,22.089793,0.000000,0.000290,0.000000,0.000000,0.065250,0.014625,1.082375,2070,8107241,136729,0,2,0,2,0,0,0,0,0,0,5406,0,3510,1896,0
1182,48486,49.817250,48.882194,27.443485,0.000000,0.001292,0.000000,0.000000,0.098459,0.016625,1.187082,2116,8107244,136200,0,2,0,2,0,0,0,0,0,0,5406,0,3510,1896,0
1183,48487,31.818750,31.384461,22.466500,0.000000,0.000917,0.000000,0.000000,0.421667,1.441167,1.240583,2021,8107038,133071,0,2,0,2,0,0,0,0,0,0,7208,0,4680,2528,0
1184,48488,49.798292,47.288021,31.488950,0.000000,0.001292,0.000000,0.000000,0.073875,0.016625,1.440084,2099,8107261,138109,0,2,0,2,0,0,0,0,0,0,5406,0,3510,1896,0
1185,48489,24.145542,23.684989,22.793949,0.000000,0.000499,0.000000,0.000000,0.100708,0.039625,0.951333,2103,8107293,135103,0,2,0,2,0,0,0,0,0,0,5406,0,3510,1896,0
1186,48490,50.709625,50.038562,27.514854,0.000000,0.001043,0.000000,0.000000,0.109416,0.018667,1.520667,2043,8107014,131907,0,2,0,2,0,0,0,0,0,0,7208,0,4680,2528,0
1187,48491,30.494416,30.035899,24.341004,0.000000,0.000375,0.000000,0.000000,0.060334,0.015791,1.274832,2104,8107288,139588,0,2,0,2,0,0,0,0,0,0,5406,0,3510,1896,0
1188,48492,57.071209,56.443117,31.092205,0.000000,0.000875,0.000000,0.000000,0.090000,0.019291,1.503749,2105,8107221,135048,0,2,0,2,0,0,0,0,0,0,5406,0,3510,1896,0
1189,48493,39.663791,35.294961,26.170811,0.000000,0.000584,0.000000,0.000000,0.076709,0.020166,1.212416,2043,8107086,133492,0,2,0,2,0,0,0,0,0,0,7208,0,4680,2528,0
1190,48494,42.484084,41.940576,29.177163,0.000000,0.001458,0.000000,0.000000,0.127375,0.032500,1.597374,2185,8107282,142549,0,2,0,2,0,0,0,0,0,0,5406,0,3510,1896,0
1191,48495,40.101333,39.604739,26.087069,0.000000,0.000583,0.000000,0.000000,0.196167,0.024041,1.193583,2195,8107000,139238,0,2,0,2,0,0,0,0,0,0,7447,0,3510,3937,0
1192,48496,49.953125,48.813274,30.186309,0.000000,0.001291,0.000000,0.000000,0.071208,0.018375,1.206458,2125,8106948,138984,0,2,0,2,0,0,0,0,0,0,7208,0,4680,2528,0
1193,48497,33.348875,32.920638,24.599245,0.000000,0.000751,0.000000,0.000000,0.096458,0.015917,1.182001,2113,8107266,138727,0,2,0,2,0,0,0,0,0,0,5406,0,3510,1896,0
1194,48498,51.147583,50.266972,30.894688,0.000000,0.001458,0.000000,0.000000,0.082500,0.017334,1.179625,2166,8107279,140123,0,2,0,2,0,0,0,0,0,0,5406,0,3510,1896,0
1195,48499,38.636042,38.154261,26.874264,0.000000,0.001042,0.000000,0.000000,0.100375,0.017167,1.181916,2144,8107020,138826,0,2,0,2,0,0,0,0,0,0,7208,0,4680,2528,0
1196,48500,30.919583,30.394789,25.325670,0.000000,0.000625,0.000000,0.000000,0.074042,0.031917,0.921125,2115,8107291,138604,0,2,0,2,0,0,0,0,0,0,5406,0,3510,1896,0
1197,48501,55.825292,55.225905,33.039224,0.000000,0.000749,0.000000,0.000000,0.103583,0.033667,1.825125,2110,8107214,138561,0,2,0,2,0,0,0,0,0,0,5406,0,3510,1896,0
1198,48502,25.864125,25.408228,23.317020,0.000000,0.000333,0.000000,0.000000,0.063833,0.015917,0.612916,2154,8107108,139516,0,2,0,2,0,0,0,0,0,0,7208,0,4680,2528,0
1199,48503,49.790958,49.226954,30.090594,0.000000,0.000917,0.000000,0.000000,0.080209,0.017916,1.796958,2132,8107212,138682,0,2,0,2,0,0,0,0,0,0,5406,0,3510,1896,0
1200,48504,43.132625,42.458745,27.695602,0.000000,0.001500,0.000000,0.000000,0.090917,0.020750,1.217125,2095,8107150,137380,0,2,0,2,0,0,0,0,0,0,7004,0,4536,2468,0
1201,48505,25.686167,25.252272,22.815752,0.000000,0.000417,0.000000,0.000000,0.075625,0.017333,1.233458,2130,8107150,139243,0,2,0,2,0,0,0,0,0,0,5610,0,3654,1956,0
1202,48506,57.724042,56.929667,33.989773,0.000000,0.001292,0.000000,0.000000,0.099541,0.017000,1.510375,2150,8107473,139585,0,2,0,2,0,0,0,0,0,0,5406,0,3510,1896,0
1203,48507,39.810583,38.972488,28.995165,0.000000,0.000708,0.000000,0.000000,0.083250,0.025625,1.292334,2084,8106887,136308,0,2,0,2,0,0,0,0,0,0,7208,0,4680,2528,0
1204,48508,45.541250,45.051236,27.309159,0.000000,0.001917,0.000000,0.000000,0.085125,0.022542,1.198917,2156,8107236,140095,0,2,0,2,0,0,0,0,0,0,5406,0,3510,1896,0
1205,48509,32.890500,32.393819,26.142380,0.000000,0.000918,0.000000,0.000000,0.088458,0.039667,0.894626,2096,8107331,138100,0,2,0,2,0,0,0,0,0,0,5406,0,3510,1896,0
1206,48510,25.111250,24.700904,21.709844,0.000000,0.000250,0.000000,0.000000,0.114208,0.024750,0.599083,1964,8106944,128416,0,2,0,2,0,0,0,0,0,0,7208,0,4680,2528,0
1207,48511,72.440375,71.280534,33.646286,0.000000,0.001041,0.000000,0.000000,0.093292,0.019583,2.148542,2030,8107238,136171,0,2,0,2,0,0,0,0,0,0,5406,0,3510,1896,0
1208,48512,24.735333,24.328743,21.688552,0.000000,0.000623,0.000000,0.000000,0.070042,0.021750,0.900583,2001,8107285,132234,0,2,0,2,0,0,0,0,0,0,5406,0,3510,1896,0
1209,48513,51.290125,50.720787,28.845896,0.000000,0.000500,0.000000,0.000000,0.079292,0.017292,1.167666,1938,8107022,128853,0,2,0,2,0,0,0,0,0,0,7208,0,4680,2528,0
1210,48514,43.544459,42.452687,29.730244,0.000000,0.001250,0.000000,0.000000,0.095583,0.017292,1.197208,2038,8107304,135569,0,2,0,2,0,0,0,0,0,0,5406,0,3510,1896,0
1211,48515,26.207250,25.749059,23.212488,0.000000,0.000958,0.000000,0.000000,0.101166,0.023417,0.916209,1994,8107314,131994,0,2,0,2,0,0,0,0,0,0,5406,0,3510,1896,0
1212,48516,54.787708,53.853293,30.455960,0.000000,0.000708,0.000000,0.000000,0.117458,0.016167,1.651334,1960,8107001,130391,0,2,0,2,0,0,0,0,0,0,7208,0,4680,2528,0
1213,48517,37.496708,36.974689,25.387330,0.000000,0.000875,0.000000,0.000000,0.086292,0.016542,1.183748,2021,8107275,133600,0,2,0,2,0,0,0,0,0,0,5406,0,3510,1896,0
1214,48518,31.349292,30.813036,24.239327,0.000000,0.000624,0.000000,0.000000,0.107792,0.020291,0.926917,2046,8107186,132834,0,2,0,2,0,0,0,0,0,0,5406,0,3510,1896,0
1215,48519,46.561375,45.942765,28.921951,0.000000,0.000667,0.000000,0.000000,0.142958,0.017125,1.257875,1949,8107055,130190,0,2,0,2,0,0,0,0,0,0,7208,0,4680,2528,0
1216,48520,37.368042,36.768036,25.858102,0.000000,0.001000,0.000000,0.000000,0.092000,0.017916,1.031416,2027,8107246,133632,0,2,0,2,0,0,0,0,0,0,5406,0,3510,1896,0
1217,48521,27.042125,26.536625,23.830556,0.000000,0.001959,0.000000,0.000000,0.163500,0.686083,0.949375,1990,8107266,131246,0,2,0,2,0,0,0,0,0,0,5406,0,3510,1896,0
1218,48522,46.225916,45.749321,29.695191,0.000000,0.000499,0.000000,0.000000,0.103167,0.023333,1.207583,2007,8107014,148652,0,2,0,2,0,0,0,0,0,0,7208,0,4680,2528,0
1219,48523,52.069209,51.442339,31.224719,0.000000,0.013210,0.000000,0.000000,0.146708,0.031042,1.468001,2007,8107271,132557,0,2,0,2,0,0,0,0,0,0,5406,0,3510,1896,0
1220,48524,29.335750,28.864830,24.569824,0.000000,0.000874,0.000000,0.000000,0.066500,0.025416,1.114249,1989,8107255,129466,0,2,0,2,0,0,0,0,0,0,5406,0,3510,1896,0
1221,48525,58.173708,57.317004,32.453089,0.000000,0.001043,0.000000,0.000000,0.096750,0.020333,1.788918,1935,8107064,128767,0,2,0,2,0,0,0,0,0,0,7208,0,4680,2528,0
1222,48526,27.467083,27.023937,22.933635,0.000000,0.000291,0.000000,0.000000,0.090750,0.018959,1.236084,1931,8107267,131001,0,2,0,2,0,0,0,0,0,0,5406,0,3510,1896,0
1223,48527,58.182709,56.097099,34.861265,0.000000,0.001041,0.000000,0.000000,0.091166,0.043042,1.500208,1943,8107216,130946,0,2,0,2,0,0,0,0,0,0,5406,0,3510,1896,0
1224,48528,53.186125,52.652071,25.944889,0.000000,0.001832,0.000000,0.000000,0.140625,0.019833,1.481209,1728,8107078,118010,0,2,0,2,0,0,0,0,0,0,7471,0,4680,2791,0
1225,48529,69.782291,68.774010,34.540367,0.000000,0.001791,0.000000,0.000000,0.102834,0.022916,2.126790,1921,8107103,131335,0,2,0,2,0,0,0,0,0,0,5406,0,3510,1896,0
1226,48530,41.762334,41.154072,27.927243,0.000000,0.002125,0.000000,0.000000,0.249625,0.055791,1.198166,1801,8107406,119289,0,2,0,2,0,0,0,0,0,0,5406,0,3510,1896,0
1227,48531,29.434333,28.957851,24.231993,0.000000,0.000291,0.000000,0.000000,0.103958,0.034000,0.921333,1786,8106902,117757,0,2,0,2,0,0,0,0,0,0,7208,0,4680,2528,0
1228,48532,93.414083,92.674421,38.222393,0.000000,0.001541,0.000000,0.000000,0.108625,0.020792,2.393751,1855,8107256,122131,0,2,0,2,0,0,0,0,0,0,5406,0,3510,1896,0
1229,48533,38.855709,38.396334,25.190808,0.000000,0.001460,0.000000,0.000000,1.888208,0.600750,1.553000,1861,8107259,121144,0,2,0,2,0,0,0,0,0,0,5406,0,3510,1896,0
1230,48534,80.295291,79.490377,31.207916,0.000000,0.001166,0.000000,0.000000,0.075167,0.018292,2.347376,1804,8107044,117705,0,2,0,2,0,0,0,0,0,0,7208,0,4680,2528,0
1231,48535,57.231042,55.247007,26.496206,0.000000,0.002166,0.000000,0.000000,0.136458,0.023875,1.471335,1881,8107278,122163,0,2,0,2,0,0,0,0,0,0,5406,0,3510,1896,0
1232,48536,53.224250,52.551841,33.508535,0.000000,0.001750,0.000000,0.000000,0.100708,0.039084,1.477166,1820,8107273,120034,0,2,0,2,0,0,0,0,0,0,5406,0,3510,1896,0
1233,48537,54.316250,53.386951,31.925148,0.000000,0.001666,0.000000,0.000000,0.124125,0.019833,1.456710,1831,8107014,119503,0,2,0,2,0,0,0,0,0,0,7208,0,4680,2528,0
1234,48538,60.672167,60.080730,32.096797,0.000000,0.001417,0.000000,0.000000,0.116791,0.017167,1.766333,1880,8107253,122206,0,2,0,2,0,0,0,0,0,0,5406,0,3510,1896,0
1235,48539,24.668833,24.261278,21.979392,0.000000,0.000500,0.000000,0.000000,0.081125,0.025917,0.583750,1826,8107287,119389,0,2,0,2,0,0,0,0,0,0,5406,0,3510,1896,0
1236,48540,64.553292,62.266878,31.748812,0.000000,0.001708,0.000000,0.000000,0.106666,0.021417,1.764916,1759,8107020,117238,0,2,0,2,0,0,0,0,0,0,7208,0,4680,2528,0
1237,48541,66.848791,66.026228,32.290664,0.000000,0.002125,0.000000,0.000000,0.100959,0.022041,1.787209,1887,8107259,122653,0,2,0,2,0,0,0,0,0,0,5406,0,3510,1896,0
1238,48542,50.457542,49.447219,27.096838,0.000000,0.002292,0.000000,0.000000,0.108708,0.019875,1.514041,1841,8107265,119645,0,2,0,2,0,0,0,0,0,0,5406,0,3510,1896,0
1239,48543,65.794542,65.205571,28.893619,0.000000,0.002000,0.000000,0.000000,0.108125,0.037125,1.814083,1790,8107160,117814,0,2,0,2,0,0,0,0,0,0,7208,0,4680,2528,0
1240,48544,53.454000,52.814159,28.451518,0.000000,0.002835,0.000000,0.000000,0.335625,0.075458,1.478334,1866,8107145,122025,0,2,0,2,0,0,0,0,0,0,5406,0,3510,1896,0
1241,48545,30.975458,30.512179,25.531003,0.000000,0.001125,0.000000,0.000000,0.090792,0.022833,0.899500,1900,8107244,121119,0,2,0,2,0,0,0,0,0,0,5406,0,3510,1896,0
1242,48546,69.024250,68.377641,29.162661,0.000000,0.001292,0.000000,0.000000,0.077167,0.017708,2.058542,1804,8107112,118223,0,2,0,2,0,0,0,0,0,0,7208,0,4680,2528,0
1243,48547,51.085500,50.575885,28.570628,0.000000,0.002125,0.000000,0.000000,0.136292,0.046791,1.170875,1853,8107233,121044,0,2,0,2,0,0,0,0,0,0,5406,0,3510,1896,0
1244,48548,29.244792,28.828098,23.046164,0.000000,0.000792,0.000000,0.000000,0.072333,0.015625,0.896000,1865,8107273,119557,0,2,0,2,0,0,0,0,0,0,5406,0,3510,1896,0
1245,48549,65.202833,64.615149,29.915291,0.000000,0.001417,0.000000,0.000000,0.075167,0.025875,1.771417,1861,8107083,120822,0,2,0,2,0,0,0,0,0,0,7208,0,4680,2528,0
1246,48550,26.910125,26.482222,22.515784,0.000000,0.000668,0.000000,0.000000,0.097875,0.016833,0.917001,1822,8107257,119543,0,2,0,2,0,0,0,0,0,0,5406,0,3510,1896,0
1247,48551,61.564750,60.774883,32.105724,0.000000,0.001167,0.000000,0.000000,0.111500,0.018625,1.486166,1870,8107242,119305,0,2,0,2,0,0,0,0,0,0,5406,0,3510,1896,0
1248,48552,45.815417,45.317668,27.836997,0.000000,0.001668,0.000000,0.000000,0.109875,0.017166,1.485374,1790,8107169,118608,0,2,0,2,0,0,0,0,0,0,7208,0,4680,2528,0
1249,48553,38.211125,37.720804,25.044754,0.000000,0.000708,0.000000,0.000000,0.105375,0.017333,0.952958,1835,8107179,120221,0,2,0,2,0,0,0,0,0,0,5406,0,3510,1896,0
1250,48554,31.753125,30.562416,24.143914,0.000000,0.000541,0.000000,0.000000,0.077208,0.016958,0.893625,1846,8107314,119143,0,2,0,2,0,0,0,0,0,0,5406,0,3510,1896,0
1251,48555,65.626791,65.016033,31.302885,0.000000,0.000749,0.000000,0.000000,0.067709,0.016708,1.802126,1840,8107053,119747,0,2,0,2,0,0,0,0,0,0,7208,0,4680,2528,0
1252,48556,42.488250,41.932612,24.171542,0.000000,0.000917,0.000000,0.000000,0.133000,0.021542,1.500124,1804,8107429,118682,0,2,0,2,0,0,0,0,0,0,5406,0,3510,1896,0
1253,48557,157.603500,156.827984,34.417253,0.000000,0.001458,0.000000,0.000000,0.109250,0.018042,4.878165,1838,8107201,118172,0,2,0,2,0,0,0,0,0,0,7004,0,4536,2468,0
1254,48558,44.919792,44.348231,27.233012,0.000000,0.001792,0.000000,0.000000,0.101208,0.021542,1.290417,1823,8107063,120235,0,2,0,2,0,0,0,0,0,0,5610,0,3654,1956,0
1255,48559,22.987042,22.578211,21.136499,0.000000,0.001124,0.000000,0.000000,0.073500,0.015500,0.895751,1796,8107134,118565,0,2,0,2,0,0,0,0,0,0,5406,0,3510,1896,0
1256,48560,22.239958,21.723009,20.832002,0.000000,0.000999,0.000000,0.000000,0.070250,0.047375,0.643542,1782,8107050,115979,0,2,0,2,0,0,0,0,0,0,7208,0,4680,2528,0
1257,48561,19.711333,19.327808,18.811067,0.000000,0.001124,0.000000,0.000000,0.070000,0.045292,0.638250,1863,8107294,121185,0,2,0,2,0,0,0,0,0,0,5406,0,3510,1896,0
1258,48562,19.217584,18.871897,18.462048,0.000000,0.000585,0.000000,0.000000,0.087208,0.041167,0.346333,1751,8107274,117156,0,2,0,2,0,0,0,0,0,0,5406,0,3510,1896,0
1259,48563,18.779791,18.404301,17.893738,0.000000,0.000833,0.000000,0.000000,0.061584,0.015291,0.944500,1790,8107032,115788,0,2,0,2,0,0,0,0,0,0,7208,0,4680,2528,0
1260,48564,18.155000,17.816616,17.623845,0.000000,0.000417,0.000000,0.000000,0.068875,0.015542,1.018041,1777,8107301,118901,0,2,0,2,0,0,0,0,0,0,5406,0,3510,1896,0
1261,48565,18.358417,18.000774,17.794283,0.000000,0.000543,0.000000,0.000000,0.064375,0.022333,0.611667,1784,8107275,118188,0,2,0,2,0,0,0,0,0,0,5406,0,3510,1896,0
1262,48566,19.030500,18.652786,18.222788,0.000000,0.000666,0.000000,0.000000,0.124167,0.014500,0.450209,1756,8107058,115060,0,2,0,2,0,0,0,0,0,0,7208,0,4680,2528,0
1263,48567,17.339125,16.976708,16.956053,0.000000,0.000333,0.000000,0.000000,0.104417,0.029791,0.608417,1783,8107265,118493,0,2,0,2,0,0,0,0,0,0,5406,0,3510,1896,0
1264,48568,19.100125,18.788759,18.763000,0.000000,0.000667,0.000000,0.000000,0.060000,0.013417,0.731875,1721,8107256,116106,0,2,0,2,0,0,0,0,0,0,5406,0,3510,1896,0
1265,48569,17.605250,17.276952,17.281049,0.000000,0.000791,0.000000,0.000000,0.058333,0.014834,0.416958,1771,8107167,115162,0,2,0,2,0,0,0,0,0,0,7208,0,4680,2528,0
1266,48570,18.441542,18.099866,18.080915,0.000000,0.000500,0.000000,0.000000,0.054458,0.020875,0.666125,1773,8107204,117991,0,2,0,2,0,0,0,0,0,0,5406,0,3510,1896,0
1267,48571,17.050875,16.725544,16.742051,0.000000,0.000458,0.000000,0.000000,0.059208,0.042583,0.941542,1741,8107311,116429,0,2,0,2,0,0,0,0,0,0,5406,0,3510,1896,0
1268,48572,18.162541,17.815734,17.815632,0.000000,0.000250,0.000000,0.000000,0.055875,0.018209,0.660208,1727,8106973,113864,0,2,0,2,0,0,0,0,0,0,7208,0,4680,2528,0
1269,48573,18.019875,17.682998,17.558986,0.000000,0.000417,0.000000,0.000000,0.067125,0.015500,1.104083,1813,8107307,119464,0,2,0,2,0,0,0,0,0,0,5406,0,3510,1896,0
1270,48574,17.393750,17.070204,17.056177,0.000000,0.000291,0.000000,0.000000,0.075500,0.017834,0.956750,1722,8107241,115835,0,2,0,2,0,0,0,0,0,0,5406,0,3510,1896,0
1271,48575,17.227209,16.902734,16.849835,0.000000,0.000500,0.000000,0.000000,0.070750,0.016833,0.290250,1742,8107077,113990,0,2,0,2,0,0,0,0,0,0,7208,0,4680,2528,0
1272,48576,17.262750,16.926706,16.919814,0.000000,0.000501,0.000000,0.000000,0.061375,0.016208,0.668208,1759,8107280,117926,0,2,0,2,0,0,0,0,0,0,5406,0,3510,1896,0
1273,48577,17.541833,17.203681,17.190498,0.000000,0.000419,0.000000,0.000000,0.075708,0.040584,1.030792,1759,8107252,116978,0,2,0,2,0,0,0,0,0,0,5406,0,3510,1896,0
1274,48578,18.487958,18.141577,17.945590,0.000000,0.000793,0.000000,0.000000,0.117375,0.018209,0.507125,1747,8107125,113976,0,2,0,2,0,0,0,0,0,0,7208,0,4680,2528,0
1275,48579,19.395584,19.027075,18.795361,0.000000,0.000792,0.000000,0.000000,0.089708,0.017708,0.593916,1772,8107295,117757,0,2,0,2,0,0,0,0,0,0,5406,0,3510,1896,0
1276,48580,19.170875,18.829052,18.551346,0.000000,0.000667,0.000000,0.000000,0.088875,0.049291,0.629124,1709,8107215,115420,0,2,0,2,0,0,0,0,0,0,5406,0,3510,1896,0
1277,48581,19.753375,19.366813,18.735624,0.000000,0.001376,0.000000,0.000000,0.065250,0.036666,0.622000,1710,8107117,114617,0,2,0,2,0,0,0,0,0,0,7208,0,4680,2528,0
1278,48582,20.021833,19.656028,19.126058,0.000000,0.000750,0.000000,0.000000,0.078042,0.020666,0.624250,1771,8107274,117722,0,2,0,2,0,0,0,0,0,0,5406,0,3510,1896,0
1279,48583,20.353625,19.983586,19.299883,0.000000,0.001000,0.000000,0.000000,0.102833,0.018917,0.669167,1738,8107194,116059,0,2,0,2,0,0,0,0,0,0,5406,0,3510,1896,0
1280,48584,19.591042,19.261096,18.929410,0.000000,0.000666,0.000000,0.000000,0.073083,0.025208,0.297666,1672,8107013,113270,0,2,0,2,0,0,0,0,0,0,7208,0,4680,2528,0
1281,48585,19.914625,19.548616,19.281940,0.000000,0.000752,0.000000,0.000000,0.105458,0.022167,0.587958,1804,8107358,118954,0,2,0,2,0,0,0,0,0,0,5406,0,3510,1896,0
1282,48586,20.401166,20.110477,17.881307,0.000000,0.001125,0.000000,0.000000,0.063000,0.015917,0.758958,1597,8107044,111362,0,2,0,2,0,0,0,0,0,0,5863,0,3510,2353,0
1283,48587,24.627917,24.225881,24.158025,0.000000,0.000542,0.000000,0.000000,0.077250,0.024083,1.057208,2046,8107014,175332,0,2,0,2,0,0,0,0,0,0,7208,0,4680,2528,0
1284,48588,21.261708,20.876069,20.668323,0.000000,0.003417,0.000000,0.000000,0.083834,0.016125,0.845374,1979,8107283,130832,0,2,0,2,0,0,0,0,0,0,5406,0,3510,1896,0
1285,48589,20.840500,20.442311,20.336317,0.000000,0.000833,0.000000,0.000000,0.069625,0.040334,0.612083,2051,8107243,130933,0,2,0,2,0,0,0,0,0,0,5406,0,3510,1896,0
1286,48590,20.932125,20.561091,20.244770,0.000000,0.000374,0.000000,0.000000,0.093709,0.042958,0.936583,1907,8107068,126911,0,2,0,2,0,0,0,0,0,0,7208,0,4680,2528,0
1287,48591,21.132000,20.719727,20.658983,0.000000,0.000375,0.000000,0.000000,0.057417,0.042625,0.624667,2016,8107217,131816,0,2,0,2,0,0,0,0,0,0,5406,0,3510,1896,0
1288,48592,19.480125,19.110114,19.033301,0.000000,0.000708,0.000000,0.000000,0.087459,0.015583,0.902418,1988,8107301,128826,0,2,0,2,0,0,0,0,0,0,5406,0,3510,1896,0
1289,48593,19.536500,19.156605,19.123665,0.000000,0.000499,0.000000,0.000000,0.062292,0.017583,1.156000,1958,8107037,128665,0,2,0,2,0,0,0,0,0,0,7208,0,4680,2528,0
1290,48594,19.583084,19.213983,19.135679,0.000000,0.000499,0.000000,0.000000,0.059541,0.015459,0.966333,2014,8107253,131036,0,2,0,2,0,0,0,0,0,0,5406,0,3510,1896,0
1291,48595,19.442708,19.070103,19.004291,0.000000,0.000292,0.000000,0.000000,0.059958,0.023167,0.614208,2018,8107236,129966,0,2,0,2,0,0,0,0,0,0,5406,0,3510,1896,0
1292,48596,19.219000,18.857904,18.785526,0.000000,0.000459,0.000000,0.000000,0.052292,0.013666,0.964833,1926,8107043,127382,0,2,0,2,0,0,0,0,0,0,7208,0,4680,2528,0
1293,48597,19.762208,19.370838,19.354024,0.000000,0.000458,0.000000,0.000000,0.071750,0.016334,0.490917,2034,8107261,132585,0,2,0,2,0,0,0,0,0,0,5406,0,3510,1896,0
1294,48598,20.096875,19.703866,19.703209,0.000000,0.000501,0.000000,0.000000,0.076500,0.018750,0.872541,2014,8107269,129216,0,2,0,2,0,0,0,0,0,0,5406,0,3510,1896,0
1295,48599,19.712750,19.344392,19.287015,0.000000,0.000457,0.000000,0.000000,0.071959,0.014958,0.589125,1948,8107110,128036,0,2,0,2,0,0,0,0,0,0,7208,0,4680,2528,0
1296,48600,19.594750,19.226057,19.191388,0.000000,0.000625,0.000000,0.000000,0.072292,0.014083,0.958875,1984,8107219,130480,0,2,0,2,0,0,0,0,0,0,5406,0,3510,1896,0
1297,48601,19.744250,19.366107,19.309348,0.000000,0.000458,0.000000,0.000000,0.061125,0.014959,0.953874,2040,8107319,130101,0,2,0,2,0,0,0,0,0,0,5406,0,3510,1896,0
1298,48602,19.719792,19.357969,19.318423,0.000000,0.000250,0.000000,0.000000,0.064875,0.024542,0.649417,1982,8106716,129386,0,2,0,2,0,0,0,0,0,0,9249,0,4680,4569,0
1299,48603,19.556917,19.189087,19.097464,0.000000,0.000374,0.000000,0.000000,0.085625,0.021291,0.600083,1982,8107219,129791,0,2,0,2,0,0,0,0,0,0,5406,0,3510,1896,0
1300,48604,22.561750,22.152127,21.555492,0.000000,0.001208,0.000000,0.000000,0.105833,0.023125,0.672083,1978,8107262,128132,0,2,0,2,0,0,0,0,0,0,5406,0,3510,1896,0
1301,48605,23.260375,22.858101,22.370228,0.000000,0.000959,0.000000,0.000000,0.095125,0.016791,0.607875,1993,8107092,129835,0,2,0,2,0,0,0,0,0,0,7208,0,4680,2528,0
1302,48606,27.017625,26.567849,24.595040,0.000000,0.002168,0.000000,0.000000,0.098666,0.018334,0.661124,1948,8107305,128290,0,2,0,2,0,0,0,0,0,0,5406,0,3510,1896,0
1303,48607,22.698625,22.280407,22.120935,0.000000,0.000958,0.000000,0.000000,0.107583,0.052292,0.599083,2183,8107210,137894,0,2,0,2,0,0,0,0,0,0,5406,0,3510,1896,0
1304,48608,22.253416,21.837336,21.727765,0.000000,0.000500,0.000000,0.000000,0.057750,0.019792,1.133501,2102,8107110,136791,0,2,0,2,0,0,0,0,0,0,7208,0,4680,2528,0
1305,48609,22.036542,21.615082,21.262872,0.000000,0.000875,0.000000,0.000000,0.080000,0.013750,0.617332,2156,8107226,138502,0,2,0,2,0,0,0,0,0,0,5406,0,3510,1896,0
1306,48610,19.829250,19.436712,19.424637,0.000000,0.000709,0.000000,0.000000,0.070542,0.041416,0.375916,2119,8107216,136390,0,2,0,2,0,0,0,0,0,0,7004,0,4536,2468,0
1307,48611,20.707958,20.299193,20.183200,0.000000,0.000750,0.000000,0.000000,0.090167,0.016708,0.628709,2161,8107055,138790,0,2,0,2,0,0,0,0,0,0,5610,0,3654,1956,0
1308,48612,21.559000,21.116607,20.956268,0.000000,0.000626,0.000000,0.000000,0.087125,0.016417,0.616000,2112,8107251,137309,0,2,0,2,0,0,0,0,0,0,5406,0,3510,1896,0
1309,48613,22.068917,21.648337,21.315692,0.000000,0.001040,0.000000,0.000000,0.077625,0.037542,1.005041,2134,8107042,137182,0,2,0,2,0,0,0,0,0,0,7208,0,4680,2528,0
1310,48614,21.209333,20.782823,20.661170,0.000000,0.000791,0.000000,0.000000,0.065209,0.013958,0.612291,2170,8107281,139097,0,2,0,2,0,0,0,0,0,0,5406,0,3510,1896,0
1311,48615,21.487375,21.049631,21.013624,0.000000,0.000541,0.000000,0.000000,0.063459,0.055125,1.080291,2144,8107254,137554,0,2,0,2,0,0,0,0,0,0,5406,0,3510,1896,0
1312,48616,22.209542,21.796366,21.581621,0.000000,0.000540,0.000000,0.000000,0.077792,0.019791,1.861874,2065,8107170,134811,0,2,0,2,0,0,0,0,0,0,7208,0,4680,2528,0
1313,48617,21.430417,20.995539,20.966549,0.000000,0.000500,0.000000,0.000000,0.079125,0.019166,1.338542,2197,8107132,140638,0,2,0,2,0,0,0,0,0,0,5406,0,3510,1896,0
1314,48618,20.089916,19.687525,19.692900,0.000000,0.000415,0.000000,0.000000,0.063334,0.049916,0.656917,2135,8107257,137200,0,2,0,2,0,0,0,0,0,0,5406,0,3510,1896,0
1315,48619,19.818250,19.427462,19.385694,0.000000,0.000332,0.000000,0.000000,0.061792,0.046792,1.277041,2107,8107068,135968,0,2,0,2,0,0,0,0,0,0,7208,0,4680,2528,0
1316,48620,20.566334,20.137136,20.087625,0.000000,0.000583,0.000000,0.000000,0.128166,0.016875,0.950292,2149,8107238,138767,0,2,0,2,0,0,0,0,0,0,5406,0,3510,1896,0
1317,48621,19.789791,19.419620,19.380279,0.000000,0.000624,0.000000,0.000000,0.062000,0.013792,0.601874,2175,8107358,138999,0,2,0,2,0,0,0,0,0,0,5406,0,3510,1896,0
1318,48622,21.187959,20.783652,20.731221,0.000000,0.000500,0.000000,0.000000,0.064250,0.054000,1.013749,2074,8107005,135057,0,2,0,2,0,0,0,0,0,0,7208,0,4680,2528,0
1319,48623,20.461791,20.018562,20.009189,0.000000,0.000418,0.000000,0.000000,0.060584,0.015625,1.297708,2198,8107271,140207,0,2,0,2,0,0,0,0,0,0,5406,0,3510,1896,0
1320,48624,20.021500,19.633474,19.590733,0.000000,0.000291,0.000000,0.000000,0.065000,0.016500,0.939584,2107,8107173,136682,0,2,0,2,0,0,0,0,0,0,5406,0,3510,1896,0
1321,48625,19.840500,19.446985,19.438155,0.000000,0.000875,0.000000,0.000000,0.058875,0.017125,0.968583,2133,8107079,137001,0,2,0,2,0,0,0,0,0,0,7208,0,4680,2528,0
1322,48626,19.778250,19.377311,19.409511,0.000000,0.000958,0.000000,0.000000,0.060709,0.014041,1.269291,2180,8107221,139120,0,2,0,2,0,0,0,0,0,0,5406,0,3510,1896,0
1323,48627,19.765834,19.358881,19.358508,0.000000,0.000376,0.000000,0.000000,0.057583,0.016250,0.346041,2163,8107302,137583,0,2,0,2,0,0,0,0,0,0,5406,0,3510,1896,0
1324,48628,20.065541,19.677111,19.667759,0.000000,0.000458,0.000000,0.000000,0.108584,0.017083,0.714166,2096,8107003,135578,0,2,0,2,0,0,0,0,0,0,7208,0,4680,2528,0
1325,48629,21.053084,20.639955,20.523195,0.000000,0.000375,0.000000,0.000000,0.053333,0.012167,0.915626,2203,8107259,140492,0,2,0,2,0,0,0,0,0,0,5406,0,3510,1896,0
1326,48630,20.284416,19.881793,19.877758,0.000000,0.000666,0.000000,0.000000,0.074459,0.044791,0.965583,2191,8107258,137289,0,2,0,2,0,0,0,0,0,0,5406,0,3510,1896,0
1327,48631,20.142667,19.754010,19.657293,0.000000,0.000500,0.000000,0.000000,0.058625,0.021917,0.783249,2110,8107055,135981,0,2,0,2,0,0,0,0,0,0,7208,0,4680,2528,0
1328,48632,20.211208,19.800935,19.775805,0.000000,0.000334,0.000000,0.000000,0.059917,0.017792,1.262584,2141,8107272,138325,0,2,0,2,0,0,0,0,0,0,5406,0,3510,1896,0
1329,48633,20.032792,19.619467,19.578636,0.000000,0.000332,0.000000,0.000000,0.073792,0.015875,0.931792,2230,8107267,139019,0,2,0,2,0,0,0,0,0,0,5406,0,3510,1896,0
1330,48634,19.947958,19.560753,19.525455,0.000000,0.000668,0.000000,0.000000,0.057667,0.034542,1.218167,2086,8107053,134764,0,2,0,2,0,0,0,0,0,0,7208,0,4680,2528,0
1331,48635,20.713709,20.287976,20.291069,0.000000,0.000418,0.000000,0.000000,0.063041,0.015334,1.260875,2189,8107249,139736,0,2,0,2,0,0,0,0,0,0,5406,0,3510,1896,0
1332,48636,19.978916,19.576176,19.411037,0.000000,0.000334,0.000000,0.000000,0.085167,0.015292,0.933583,2165,8107250,136676,0,2,0,2,0,0,0,0,0,0,5406,0,3510,1896,0
1333,48637,19.667792,19.283492,19.291406,0.000000,0.000416,0.000000,0.000000,0.065583,0.048500,0.636375,2130,8107022,136710,0,2,0,2,0,0,0,0,0,0,7208,0,4680,2528,0
1334,48638,19.077417,18.688531,18.669831,0.000000,0.000542,0.000000,0.000000,0.059958,0.013917,1.278917,2110,8107202,139976,0,2,0,2,0,0,0,0,0,0,5565,0,3510,2055,0
1335,48639,22.295583,21.874441,21.790838,0.000000,0.000834,0.000000,0.000000,0.074500,0.021458,0.594208,2242,8107352,147447,0,2,0,2,0,0,0,0,0,0,5406,0,3510,1896,0
1336,48640,20.840375,20.440060,20.355204,0.000000,0.000498,0.000000,0.000000,0.081875,0.014667,0.609875,2096,8106930,136309,0,2,0,2,0,0,0,0,0,0,7208,0,4680,2528,0
1337,48641,19.776292,19.382083,19.410853,0.000000,0.000375,0.000000,0.000000,0.059000,0.014000,1.213249,2200,8107278,143025,0,2,0,2,0,0,0,0,0,0,5406,0,3510,1896,0
1338,48642,19.042958,18.651568,18.684003,0.000000,0.000748,0.000000,0.000000,0.055917,0.014583,1.221125,2178,8107263,138593,0,2,0,2,0,0,0,0,0,0,5406,0,3510,1896,0
1339,48643,18.873708,18.485029,18.500588,0.000000,0.000209,0.000000,0.000000,0.056417,0.014958,1.232167,2115,8107035,137509,0,2,0,2,0,0,0,0,0,0,7208,0,4680,2528,0
1340,48644,19.027084,18.641049,18.659450,0.000000,0.000375,0.000000,0.000000,0.050416,0.013750,0.613750,2150,8107258,139880,0,2,0,2,0,0,0,0,0,0,5406,0,3510,1896,0
1341,48645,18.776833,18.377781,18.407526,0.000000,0.000375,0.000000,0.000000,0.055500,0.015208,1.057458,2207,8107279,139680,0,2,0,2,0,0,0,0,0,0,5406,0,3510,1896,0
1342,48646,17.974375,17.601532,17.609971,0.000000,0.000291,0.000000,0.000000,0.050792,0.018041,0.582708,2064,8107067,136430,0,2,0,2,0,0,0,0,0,0,7208,0,4680,2528,0
1343,48647,19.805917,19.416690,19.449472,0.000000,0.000209,0.000000,0.000000,0.057166,0.015750,1.217000,2161,8107474,147348,0,2,0,2,0,0,0,0,0,0,5406,0,3510,1896,0
1344,48648,18.355666,17.967480,18.001931,0.000000,0.000207,0.000000,0.000000,0.052167,0.016667,0.615375,2144,8107009,138992,0,2,0,2,0,0,0,0,0,0,5406,0,3510,1896,0
1345,48649,19.411459,19.005142,19.019420,0.000000,0.000790,0.000000,0.000000,0.057416,0.013167,0.895666,2146,8106992,139443,0,2,0,2,0,0,0,0,0,0,7208,0,4680,2528,0
1346,48650,18.470958,18.085156,18.129451,0.000000,0.000291,0.000000,0.000000,0.060250,0.015542,0.582500,2155,8107253,141354,0,2,0,2,0,0,0,0,0,0,5406,0,3510,1896,0
1347,48651,19.233750,18.816047,18.864865,0.000000,0.000249,0.000000,0.000000,0.054375,0.013542,0.913208,2198,8107258,140139,0,2,0,2,0,0,0,0,0,0,5406,0,3510,1896,0
1348,48652,18.119292,17.737586,17.782679,0.000000,0.000335,0.000000,0.000000,0.049208,0.015833,0.621334,2077,8107101,136394,0,2,0,2,0,0,0,0,0,0,7208,0,4680,2528,0
1349,48653,19.440041,19.009073,19.068326,0.000000,0.000250,0.000000,0.000000,0.041250,0.011292,0.351167,2207,8107264,143072,0,2,0,2,0,0,0,0,0,0,5406,0,3510,1896,0
1350,48654,19.164459,18.725334,18.795623,0.000000,0.000375,0.000000,0.000000,0.051583,0.016125,0.643166,2164,8107242,139126,0,2,0,2,0,0,0,0,0,0,5406,0,3510,1896,0
1351,48655,18.883750,18.486805,18.534346,0.000000,0.000293,0.000000,0.000000,0.045583,0.015917,0.729250,2155,8107079,140100,0,2,0,2,0,0,0,0,0,0,7208,0,4680,2528,0
1352,48656,19.157791,18.759406,18.817305,0.000000,0.000377,0.000000,0.000000,0.042834,0.011458,0.696583,2105,8107222,138755,0,2,0,2,0,0,0,0,0,0,5406,0,3510,1896,0
1353,48657,19.157959,18.743550,18.792733,0.000000,0.000334,0.000000,0.000000,0.042625,0.012791,0.350833,2223,8107268,141097,0,2,0,2,0,0,0,0,0,0,5406,0,3510,1896,0
1354,48658,18.801291,18.403149,18.450855,0.000000,0.000334,0.000000,0.000000,0.049792,0.015375,0.863667,2139,8107066,139379,0,2,0,2,0,0,0,0,0,0,7208,0,4680,2528,0
1355,48659,19.919917,19.461366,19.460654,0.000000,0.000542,0.000000,0.000000,0.097667,0.022000,0.578583,2151,8107252,139938,0,2,0,2,0,0,0,0,0,0,5406,0,3510,1896,0
1356,48660,19.752542,19.372477,19.420241,0.000000,0.000418,0.000000,0.000000,0.062750,0.049500,0.655583,2154,8107235,140227,0,2,0,2,0,0,0,0,0,0,5406,0,3510,1896,0
1357,48661,19.366916,18.966352,18.952384,0.000000,0.000376,0.000000,0.000000,0.053250,0.014375,1.059792,2175,8107039,140834,0,2,0,2,0,0,0,0,0,0,7208,0,4680,2528,0
1358,48662,18.448459,18.070614,18.109737,0.000000,0.000250,0.000000,0.000000,0.053666,0.015750,0.892042,2124,8107271,138976,0,2,0,2,0,0,0,0,0,0,5406,0,3510,1896,0
1359,48663,18.288583,17.911671,17.953073,0.000000,0.000292,0.000000,0.000000,0.052208,0.012375,0.447208,2121,8107133,139007,0,2,0,2,0,0,0,0,0,0,7004,0,4536,2468,0
1360,48664,18.545875,18.156347,18.185764,0.000000,0.000335,0.000000,0.000000,0.048833,0.016125,0.890583,2167,8107161,140916,0,2,0,2,0,0,0,0,0,0,5610,0,3654,1956,0
1361,48665,18.339625,17.950495,17.989756,0.000000,0.000292,0.000000,0.000000,0.049667,0.011541,1.054542,2177,8107268,140956,0,2,0,2,0,0,0,0,0,0,5406,0,3510,1896,0
1362,48666,18.118833,17.743469,17.782765,0.000000,0.000209,0.000000,0.000000,0.049000,0.013334,0.460750,2098,8107041,136861,0,2,0,2,0,0,0,0,0,0,7208,0,4680,2528,0
1363,48667,18.577084,18.182419,18.228105,0.000000,0.000293,0.000000,0.000000,0.054000,0.012791,0.738750,2179,8107258,141600,0,2,0,2,0,0,0,0,0,0,5406,0,3510,1896,0
1364,48668,18.035500,17.659714,17.701573,0.000000,0.000334,0.000000,0.000000,0.044416,0.012542,0.906334,2118,8107254,138997,0,2,0,2,0,0,0,0,0,0,5406,0,3510,1896,0
1365,48669,19.452291,19.056071,19.029834,0.000000,0.001042,0.000000,0.000000,0.091042,0.015792,0.669292,2156,8107048,139370,0,2,0,2,0,0,0,0,0,0,7208,0,4680,2528,0
1366,48670,20.411084,20.001646,20.011968,0.000000,0.000374,0.000000,0.000000,0.059083,0.017167,1.077416,2183,8107286,141950,0,2,0,2,0,0,0,0,0,0,5406,0,3510,1896,0
1367,48671,20.379083,19.971906,19.952830,0.000000,0.000459,0.000000,0.000000,0.072500,0.015917,0.450709,2150,8107253,140063,0,2,0,2,0,0,0,0,0,0,5406,0,3510,1896,0
1368,48672,19.967333,19.560322,19.515682,0.000000,0.000917,0.000000,0.000000,0.080084,0.051041,0.812584,2100,8107122,136358,0,2,0,2,0,0,0,0,0,0,7208,0,4680,2528,0
1369,48673,20.724709,20.313831,20.218111,0.000000,0.000375,0.000000,0.000000,0.068958,0.016625,0.778666,2192,8107159,144256,0,2,0,2,0,0,0,0,0,0,5406,0,3510,1896,0
1370,48674,19.736041,19.336633,19.366334,0.000000,0.000416,0.000000,0.000000,0.064875,0.014459,0.593792,2139,8107313,139736,0,2,0,2,0,0,0,0,0,0,5406,0,3510,1896,0
1371,48675,19.396917,18.997965,19.000806,0.000000,0.000708,0.000000,0.000000,0.075917,0.051916,0.939084,2124,8106985,138350,0,2,0,2,0,0,0,0,0,0,7208,0,4680,2528,0
1372,48676,20.197042,19.795305,19.799805,0.000000,0.000292,0.000000,0.000000,0.063041,0.016459,1.274459,2173,8107305,140842,0,2,0,2,0,0,0,0,0,0,5406,0,3510,1896,0
1373,48677,19.745125,19.333713,19.371398,0.000000,0.000500,0.000000,0.000000,0.065750,0.040250,1.257542,2197,8107221,140652,0,2,0,2,0,0,0,0,0,0,5406,0,3510,1896,0
1374,48678,19.124458,18.741865,18.742588,0.000000,0.000417,0.000000,0.000000,0.057708,0.014709,0.611292,2099,8107107,137017,0,2,0,2,0,0,0,0,0,0,7208,0,4680,2528,0
1375,48679,19.421917,19.016920,19.063189,0.000000,0.000374,0.000000,0.000000,0.064583,0.015167,1.223791,2193,8107253,141899,0,2,0,2,0,0,0,0,0,0,5406,0,3510,1896,0
1376,48680,19.317625,18.922454,18.958296,0.000000,0.000542,0.000000,0.000000,0.065125,0.046958,0.781667,2133,8107255,138416,0,2,0,2,0,0,0,0,0,0,5406,0,3510,1896,0
1377,48681,19.948583,19.551369,19.509299,0.000000,0.000417,0.000000,0.000000,0.066667,0.018375,0.794625,2144,8106987,138786,0,2,0,2,0,0,0,0,0,0,7208,0,4680,2528,0
1378,48682,19.531917,19.134840,19.155040,0.000000,0.000376,0.000000,0.000000,0.066708,0.014958,0.958459,2169,8107348,140945,0,2,0,2,0,0,0,0,0,0,5406,0,3510,1896,0
1379,48683,19.256166,18.850679,18.891476,0.000000,0.000333,0.000000,0.000000,0.060375,0.019917,1.119417,2179,8107193,139629,0,2,0,2,0,0,0,0,0,0,5406,0,3510,1896,0
1380,48684,18.715625,18.330580,18.372196,0.000000,0.000375,0.000000,0.000000,0.059250,0.013459,0.460166,2101,8107028,136519,0,2,0,2,0,0,0,0,0,0,7208,0,4680,2528,0
1381,48685,19.612042,19.212083,19.252173,0.000000,0.000541,0.000000,0.000000,0.054417,0.011166,0.958666,2202,8107294,143524,0,2,0,2,0,0,0,0,0,0,5406,0,3510,1896,0
1382,48686,18.917667,18.524145,18.557174,0.000000,0.000335,0.000000,0.000000,0.062291,0.013959,0.937666,2180,8107231,139019,0,2,0,2,0,0,0,0,0,0,5406,0,3510,1896,0
1383,48687,18.888500,18.494843,18.524227,0.000000,0.000252,0.000000,0.000000,0.079000,0.021125,1.236292,2114,8107035,137789,0,2,0,2,0,0,0,0,0,0,7208,0,4680,2528,0
1384,48688,20.080375,19.686611,19.659720,0.000000,0.000541,0.000000,0.000000,0.068250,0.090875,0.918624,2179,8107299,141816,0,2,0,2,0,0,0,0,0,0,5406,0,3510,1896,0
1385,48689,19.780250,19.377113,19.352267,0.000000,0.000332,0.000000,0.000000,0.057458,0.042792,0.618500,2223,8107233,140994,0,2,0,2,0,0,0,0,0,0,5406,0,3510,1896,0
1386,48690,18.661208,18.275921,18.286776,0.000000,0.000375,0.000000,0.000000,0.067458,0.014000,1.075167,2107,8107047,137212,0,2,0,2,0,0,0,0,0,0,7208,0,4680,2528,0
1387,48691,19.637667,19.235947,19.272975,0.000000,0.000292,0.000000,0.000000,0.056250,0.015833,1.249293,2194,8107249,142365,0,2,0,2,0,0,0,0,0,0,5406,0,3510,1896,0
1388,48692,19.185083,18.791138,18.818582,0.000000,0.000501,0.000000,0.000000,0.065333,0.016209,1.240542,2167,8107255,139235,0,2,0,2,0,0,0,0,0,0,5406,0,3510,1896,0
1389,48693,19.346917,18.950508,18.994072,0.000000,0.000334,0.000000,0.000000,0.055000,0.014166,1.267250,2127,8107124,138708,0,2,0,2,0,0,0,0,0,0,7208,0,4680,2528,0
1390,48694,20.205958,19.784098,19.779344,0.000000,0.000417,0.000000,0.000000,0.063167,0.017250,1.105625,2173,8107241,141117,0,2,0,2,0,0,0,0,0,0,5406,0,3510,1896,0
1391,48695,19.945708,19.545876,19.576881,0.000000,0.000333,0.000000,0.000000,0.064459,0.020000,0.609458,2202,8107185,140070,0,2,0,2,0,0,0,0,0,0,5406,0,3510,1896,0
1392,48696,19.101334,18.709388,18.693095,0.000000,0.000376,0.000000,0.000000,0.065916,0.026625,0.976417,2094,8107116,136331,0,2,0,2,0,0,0,0,0,0,7208,0,4680,2528,0
1393,48697,20.542666,20.124762,20.115493,0.000000,0.000293,0.000000,0.000000,0.069125,0.013000,1.083458,2179,8107231,143204,0,2,0,2,0,0,0,0,0,0,5406,0,3510,1896,0
1394,48698,19.749834,19.319787,19.343003,0.000000,0.000459,0.000000,0.000000,0.077125,0.018000,1.273458,2179,8107234,139454,0,2,0,2,0,0,0,0,0,0,5406,0,3510,1896,0
