frame,emulated_frame,total_ms,cpu_wall_ms,cpu_thread_ms,cpu_idle_ms,cpu_throttle_sleep_ms,cpu_throttle_requested_ms,cpu_throttle_lateness_ms,video_build_ms,present_ms,audio_mix_ms,static_bursts,static_cycles,static_native_dispatches,static_fallback_steps,static_hook_fallbacks,fallback_mfspr,fallback_mtspr,fallback_cache,fallback_dcbst,fallback_dcbf,fallback_dcbi,fallback_icbi,fallback_other,cache_controls,cache_control_dcbst,cache_control_dcbf,cache_control_dcbi,cache_control_icbi
0,0,0.000000,0.000000,0.000000,0.000000,0.000000,0.000000,0.000000,0.787833,0.028875,0.000000,0,0,0,0,0,0,0,0,0,0,0,0,0,0,0,0,0,0
1,200,3206.957417,2981.241315,2381.860570,0.000000,759.654545,755.449886,4.197783,0.096958,0.531917,146.905550,124704,1463293722,101949902,0,346,14,332,0,0,0,0,0,0,1084941,512,634585,449759,85
2,201,18.656000,18.555511,6.962677,0.000000,10.429042,10.374540,0.054335,0.067791,0.029792,0.669459,630,8107234,89938,0,2,0,2,0,0,0,0,0,0,6686,0,3510,3176,0
3,300,1650.377125,1639.892325,1266.239270,0.000000,486.928175,486.301223,0.625949,0.075083,0.022583,78.827251,62933,802614627,50974263,0,500,0,500,0,0,0,0,0,0,679424,15424,387270,276730,0
4,301,16.618375,16.502944,8.144532,0.000000,8.771126,8.770040,0.000919,0.032791,0.047042,1.035792,649,8107232,177573,0,2,0,2,0,0,0,0,0,0,5406,0,3510,1896,0
5,302,19.405708,19.288511,19.186925,0.000000,0.000416,0.000000,0.000000,0.035250,0.014542,1.457084,661,8102632,182134,0,302,0,302,0,0,0,0,0,0,21046,14400,3510,3136,0
6,303,13.928000,13.817690,8.839166,0.000000,6.143583,6.140040,0.003418,0.028250,0.009000,0.662084,659,8107043,166484,0,2,0,2,0,0,0,0,0,0,7208,0,4680,2528,0
7,304,18.716625,18.596216,18.567123,0.000000,0.000376,0.000000,0.000000,0.032583,0.019834,1.312374,662,8102598,185404,0,302,0,302,0,0,0,0,0,0,21046,14400,3510,3136,0
8,305,14.685208,14.580088,8.155846,0.000000,7.078958,6.950248,0.128543,0.026792,0.020458,0.309167,652,8107237,172864,0,2,0,2,0,0,0,0,0,0,5406,0,3510,1896,0
9,306,18.748667,18.634587,18.595156,0.000000,0.000335,0.000000,0.000000,0.030250,0.025208,1.312000,668,8102407,177171,0,302,0,302,0,0,0,0,0,0,22848,14400,4680,3768,0
10,307,14.693000,14.585006,8.426838,0.000000,6.805000,6.729540,0.075294,0.053500,0.020792,0.304333,650,8107261,173795,0,2,0,2,0,0,0,0,0,0,5406,0,3510,1896,0
11,308,19.164833,19.046936,18.998404,0.000000,0.000460,0.000000,0.000000,0.039417,0.061875,0.948333,669,8102655,179134,0,302,0,302,0,0,0,0,0,0,21046,14400,3510,3136,0
12,309,14.234334,14.127635,8.238039,0.000000,6.494834,6.369332,0.125377,0.030416,0.009584,0.307166,660,8107072,167832,0,2,0,2,0,0,0,0,0,0,7208,0,4680,2528,0
13,310,18.623250,18.514145,18.500926,0.000000,0.000291,0.000000,0.000000,0.028291,0.021959,0.618125,659,8102595,183555,0,302,0,302,0,0,0,0,0,0,21046,14400,3510,3136,0
14,311,14.611083,14.506871,7.718455,0.000000,7.448750,7.321540,0.126960,0.019667,0.018166,0.294333,652,8107220,165871,0,2,0,2,0,0,0,0,0,0,5406,0,3510,1896,0
15,312,18.377958,18.268064,18.254861,0.000000,0.000333,0.000000,0.000000,0.022792,0.015000,0.614457,670,8102444,178686,0,302,0,302,0,0,0,0,0,0,22848,14400,4680,3768,0
16,313,14.864959,14.760074,7.695094,0.000000,7.797084,7.791373,0.005627,0.023625,0.099250,0.623667,648,8107243,170070,0,2,0,2,0,0,0,0,0,0,5406,0,3510,1896,0
17,314,18.444791,18.323244,18.275034,0.000000,0.000332,0.000000,0.000000,0.025584,0.009291,0.374334,660,8102635,175776,0,302,0,302,0,0,0,0,0,0,21046,14400,3510,3136,0
18,315,15.133875,15.007270,8.057632,0.000000,7.427875,7.395457,0.032251,0.035709,0.007250,0.659417,661,8107068,163338,0,2,0,2,0,0,0,0,0,0,7208,0,4680,2528,0
19,316,18.543792,18.433802,18.431752,0.000000,0.000375,0.000000,0.000000,0.030250,0.010083,0.345833,661,8102647,179284,0,302,0,302,0,0,0,0,0,0,21046,14400,3510,3136,0
20,317,14.727500,14.623141,7.748388,0.000000,7.523041,7.515248,0.005918,0.020583,0.028834,0.682126,657,8107280,159663,0,2,0,2,0,0,0,0,0,0,7004,0,4536,2468,0
21,318,18.402167,18.288063,18.255303,0.000000,0.000250,0.000000,0.000000,0.021750,0.014041,0.737333,658,8102372,175116,0,302,0,302,0,0,0,0,0,0,21250,14400,3654,3196,0
22,319,14.948916,14.840338,7.685423,0.000000,7.747208,7.729207,0.017877,0.024250,0.007334,0.485708,649,8107243,165320,0,2,0,2,0,0,0,0,0,0,5406,0,3510,1896,0
23,320,18.108834,17.999182,17.990462,0.000000,0.000250,0.000000,0.000000,0.025208,0.014833,0.752541,665,8102442,166747,0,302,0,302,0,0,0,0,0,0,22848,14400,4680,3768,0
24,321,15.247333,15.137168,7.703006,0.000000,8.002876,7.998999,0.003751,0.032750,0.008625,0.448708,653,8107224,164001,0,2,0,2,0,0,0,0,0,0,5406,0,3510,1896,0
25,322,18.091417,17.978752,17.958946,0.000000,0.000333,0.000000,0.000000,0.027125,0.018500,0.764917,661,8102633,175216,0,302,0,302,0,0,0,0,0,0,21046,14400,3510,3136,0
26,323,15.385500,15.275145,7.429491,0.000000,8.327709,8.201874,0.125669,0.019333,0.015500,0.313083,658,8107064,153424,0,2,0,2,0,0,0,0,0,0,7208,0,4680,2528,0
27,324,17.942375,17.836800,17.819513,0.000000,0.000334,0.000000,0.000000,0.021625,0.008666,0.779375,661,8102583,173750,0,302,0,302,0,0,0,0,0,0,21046,14400,3510,3136,0
28,325,15.339250,15.232210,7.430819,0.000000,8.258125,8.165998,0.092044,0.024208,0.015583,0.290375,650,8107274,162594,0,2,0,2,0,0,0,0,0,0,5406,0,3510,1896,0
29,326,17.996750,17.890666,17.872472,0.000000,0.000291,0.000000,0.000000,0.028541,0.007625,0.919625,667,8102445,162485,0,302,0,302,0,0,0,0,0,0,22848,14400,4680,3768,0
30,327,15.415833,15.307160,7.455531,0.000000,8.275500,8.174207,0.101168,0.028792,0.016500,0.453667,652,8107228,160089,0,2,0,2,0,0,0,0,0,0,5406,0,3510,1896,0
31,328,18.026583,17.914875,17.905126,0.000000,0.000250,0.000000,0.000000,0.021375,0.014792,1.256834,659,8102632,171640,0,302,0,302,0,0,0,0,0,0,21046,14400,3510,3136,0
32,329,15.276209,15.169537,7.676294,0.000000,8.275250,8.274790,0.000335,0.018125,0.019750,0.925625,657,8107049,149512,0,2,0,2,0,0,0,0,0,0,7208,0,4680,2528,0
33,330,17.778291,17.670400,17.652216,0.000000,0.000334,0.000000,0.000000,0.019167,0.014333,0.654625,663,8102607,168890,0,302,0,302,0,0,0,0,0,0,21046,14400,3510,3136,0
34,331,15.566792,15.463873,7.247975,0.000000,8.658624,8.528789,0.129752,0.021375,0.069167,0.938457,652,8107257,158848,0,2,0,2,0,0,0,0,0,0,5406,0,3510,1896,0
35,332,19.074000,18.943714,18.826277,0.000000,0.000417,0.000000,0.000000,0.037625,0.023875,1.031876,665,8102459,158200,0,302,0,302,0,0,0,0,0,0,22848,14400,4680,3768,0
36,333,14.319417,14.208998,7.704256,0.000000,7.026625,6.947123,0.079418,0.024250,0.008125,0.706791,651,8107215,156344,0,2,0,2,0,0,0,0,0,0,5406,0,3510,1896,0
37,334,18.182583,18.070125,18.051177,0.000000,0.000584,0.000000,0.000000,0.027750,0.008750,1.134459,661,8102685,167010,0,302,0,302,0,0,0,0,0,0,21046,14400,3510,3136,0
38,335,15.413042,15.305378,7.604035,0.000000,8.106833,7.986415,0.120251,0.029750,0.010708,0.520750,656,8107000,145598,0,2,0,2,0,0,0,0,0,0,7208,0,4680,2528,0
39,336,18.615416,18.501940,18.455656,0.000000,0.000375,0.000000,0.000000,0.034125,0.009500,1.228917,662,8102651,165610,0,302,0,302,0,0,0,0,0,0,21046,14400,3510,3136,0
40,337,14.536459,14.428412,7.440674,0.000000,7.477584,7.390248,0.087169,0.018625,0.006833,0.332875,651,8107243,153558,0,2,0,2,0,0,0,0,0,0,5406,0,3510,1896,0
41,338,17.766708,17.653983,17.621400,0.000000,0.000376,0.000000,0.000000,0.021833,0.007000,1.275584,668,8102427,157884,0,302,0,302,0,0,0,0,0,0,23497,14400,4680,4417,0
42,339,15.623750,15.520212,7.299189,0.000000,8.721834,8.617415,0.104293,0.024625,0.013000,0.643041,652,8107226,152242,0,2,0,2,0,0,0,0,0,0,5406,0,3510,1896,0
43,340,17.888917,17.777717,17.775167,0.000000,0.000333,0.000000,0.000000,0.022208,0.010083,0.962000,660,8102662,165434,0,302,0,302,0,0,0,0,0,0,21666,14400,3510,3756,0
44,341,15.531000,15.419864,7.182787,0.000000,8.666334,8.530790,0.135419,0.018416,0.016000,0.494875,660,8107048,141663,0,2,0,2,0,0,0,0,0,0,7208,0,4680,2528,0
45,342,17.761083,17.647836,17.620001,0.000000,0.000293,0.000000,0.000000,0.020750,0.015417,0.973708,663,8102573,162337,0,302,0,302,0,0,0,0,0,0,21629,14400,3510,3719,0
46,343,15.463917,15.357734,7.139729,0.000000,8.668083,8.563747,0.104294,0.017541,0.046625,1.329750,651,8107281,151375,0,2,0,2,0,0,0,0,0,0,5406,0,3510,1896,0
47,344,17.543791,17.427481,17.389072,0.000000,0.000293,0.000000,0.000000,0.019542,0.018125,0.667417,668,8102442,151960,0,302,0,302,0,0,0,0,0,0,23431,14400,4680,4351,0
48,345,15.883959,15.782256,7.140951,0.000000,8.973500,8.874665,0.098709,0.021958,0.012958,1.340542,650,8107238,148308,0,2,0,2,0,0,0,0,0,0,5406,0,3510,1896,0
49,346,17.786916,17.671287,17.667578,0.000000,0.000291,0.000000,0.000000,0.020084,0.007500,0.667958,661,8102640,159850,0,302,0,302,0,0,0,0,0,0,21615,14400,3510,3705,0
50,347,15.601250,15.495710,6.966086,0.000000,8.912207,8.776581,0.135502,0.018584,0.005208,1.324708,660,8107030,137746,0,2,0,2,0,0,0,0,0,0,7208,0,4680,2528,0
51,348,17.490000,17.381770,17.377784,0.000000,0.000292,0.000000,0.000000,0.019750,0.016334,0.658333,662,8102605,157927,0,302,0,302,0,0,0,0,0,0,21592,14400,3510,3682,0
52,349,15.936625,15.826591,7.058381,0.000000,9.067457,8.943081,0.124210,0.025959,0.017041,0.974209,652,8107244,145697,0,2,0,2,0,0,0,0,0,0,5406,0,3510,1896,0
53,350,17.796709,17.691518,17.675942,0.000000,0.000374,0.000000,0.000000,0.025583,0.006875,0.996834,667,8102468,147235,0,302,0,302,0,0,0,0,0,0,23329,14400,4680,4249,0
54,351,15.508125,15.403062,7.100284,0.000000,8.681751,8.584165,0.097502,0.029875,0.008416,0.608708,647,8107220,144389,0,2,0,2,0,0,0,0,0,0,5406,0,3510,1896,0
55,352,17.649875,17.533080,17.515769,0.000000,0.000251,0.000000,0.000000,0.019958,0.017333,1.261750,658,8102636,156550,0,302,0,302,0,0,0,0,0,0,21458,14400,3510,3548,0
56,353,15.651833,15.547905,7.457760,0.000000,8.871041,8.862164,0.008794,0.018167,0.029875,0.641250,657,8107049,133840,0,2,0,2,0,0,0,0,0,0,7208,0,4680,2528,0
57,354,17.974792,17.859701,17.853698,0.000000,0.000416,0.000000,0.000000,0.033958,0.019792,1.060376,659,8102644,153178,0,302,0,302,0,0,0,0,0,0,21451,14400,3510,3541,0
58,355,15.461333,15.357698,7.179607,0.000000,8.620374,8.488164,0.132044,0.018792,0.015541,0.309666,649,8107207,141782,0,2,0,2,0,0,0,0,0,0,5406,0,3510,1896,0
59,356,18.031167,17.919772,17.895432,0.000000,0.000457,0.000000,0.000000,0.048041,0.013084,0.955666,668,8102502,142569,0,302,0,302,0,0,0,0,0,0,23191,14400,4680,4111,0
60,357,15.353166,15.242724,7.573764,0.000000,8.265083,8.174582,0.090376,0.040167,0.011583,0.299875,649,8107231,141413,0,2,0,2,0,0,0,0,0,0,5406,0,3510,1896,0
61,358,17.781334,17.671244,17.677174,0.000000,0.000542,0.000000,0.000000,0.032541,0.010250,0.917084,660,8102591,153336,0,302,0,302,0,0,0,0,0,0,21307,14400,3510,3397,0
62,359,15.676916,15.566625,7.300252,0.000000,8.773791,8.654998,0.118543,0.019042,0.007208,1.246541,660,8107048,129549,0,2,0,2,0,0,0,0,0,0,7208,0,4680,2528,0
63,360,18.457084,18.343207,18.349995,0.000000,0.000293,0.000000,0.000000,0.017250,0.006333,0.631333,661,8102638,150319,0,302,0,302,0,0,0,0,0,0,21298,14400,3510,3388,0
64,361,14.848708,14.735979,7.395203,0.000000,8.035167,7.915623,0.119419,0.016500,0.006583,0.922042,655,8107264,140155,0,2,0,2,0,0,0,0,0,0,5406,0,3510,1896,0
65,362,18.178792,18.065774,18.072338,0.000000,0.000250,0.000000,0.000000,0.015625,0.006375,0.515167,667,8102423,142150,0,302,0,302,0,0,0,0,0,0,23098,14400,4680,4018,0
66,363,15.163375,15.052383,7.197576,0.000000,8.418083,8.325999,0.091918,0.016375,0.006083,0.764043,651,8107269,136557,0,2,0,2,0,0,0,0,0,0,5406,0,3510,1896,0
67,364,18.194791,18.081161,18.088367,0.000000,0.000292,0.000000,0.000000,0.018834,0.007208,1.216334,660,8102623,146089,0,302,0,302,0,0,0,0,0,0,21298,14400,3510,3388,0
68,365,15.183750,15.074570,7.287749,0.000000,8.364209,8.270915,0.093127,0.016292,0.006208,0.632417,658,8107064,133069,0,2,0,2,0,0,0,0,0,0,7208,0,4680,2528,0
69,366,18.112625,17.999420,18.005250,0.000000,0.000207,0.000000,0.000000,0.014792,0.006125,1.213291,661,8102620,145344,0,302,0,302,0,0,0,0,0,0,21312,14400,3510,3402,0
70,367,15.369542,15.257989,7.284786,0.000000,8.527626,8.415665,0.111794,0.030375,0.010125,0.623708,650,8107255,133932,0,2,0,2,0,0,0,0,0,0,5406,0,3510,1896,0
71,368,18.437125,18.324407,18.330962,0.000000,0.000209,0.000000,0.000000,0.020375,0.007208,1.219167,669,8102461,138861,0,302,0,302,0,0,0,0,0,0,23125,14400,4680,4045,0
72,369,14.826625,14.716326,7.286064,0.000000,8.076458,7.984873,0.091459,0.017875,0.006667,0.618542,651,8107276,132688,0,2,0,2,0,0,0,0,0,0,5406,0,3510,1896,0
73,370,18.356833,18.244056,18.250116,0.000000,0.000292,0.000000,0.000000,0.021792,0.007125,1.256916,667,8102611,139744,0,302,0,302,0,0,0,0,0,0,22924,14400,4536,3988,0
74,371,15.015875,14.905221,7.300397,0.000000,8.210960,8.123707,0.087169,0.021667,0.008792,0.616083,654,8107021,129139,0,2,0,2,0,0,0,0,0,0,5610,0,3654,1956,0
75,372,18.222584,18.109804,18.116072,0.000000,0.000291,0.000000,0.000000,0.018625,0.007291,0.903458,660,8102638,140848,0,302,0,302,0,0,0,0,0,0,21374,14400,3510,3464,0
76,373,15.206166,15.095706,7.202164,0.000000,8.476333,8.356665,0.119544,0.017750,0.007209,0.613750,654,8107121,125436,0,2,0,2,0,0,0,0,0,0,7208,0,4680,2528,0
77,374,18.140500,18.027750,18.034973,0.000000,0.000334,0.000000,0.000000,0.016292,0.006375,1.012208,659,8102610,139524,0,302,0,302,0,0,0,0,0,0,20602,14400,3510,2692,0
78,375,15.232542,15.120032,7.270907,0.000000,8.314083,8.249123,0.064751,0.031958,0.009584,0.904375,651,8107223,128708,0,2,0,2,0,0,0,0,0,0,5406,0,3510,1896,0
79,376,18.769333,18.655707,18.657452,0.000000,0.000334,0.000000,0.000000,0.040042,0.012292,0.613833,665,8102536,133650,0,302,0,302,0,0,0,0,0,0,22262,14400,4680,3182,0
80,377,14.505667,14.395874,7.398915,0.000000,7.730417,7.639082,0.091127,0.019458,0.007792,1.232583,651,8107141,127387,0,2,0,2,0,0,0,0,0,0,5406,0,3510,1896,0
81,378,18.056083,17.943531,17.941043,0.000000,0.000292,0.000000,0.000000,0.019084,0.007375,0.612625,657,8102638,136911,0,302,0,302,0,0,0,0,0,0,20422,14400,3510,2512,0
82,379,15.384334,15.273237,7.111910,0.000000,8.689251,8.569998,0.119086,0.017166,0.006542,0.740875,660,8107085,121484,0,2,0,2,0,0,0,0,0,0,7208,0,4680,2528,0
83,380,18.070458,17.956411,17.963705,0.000000,0.000210,0.000000,0.000000,0.016917,0.006208,1.218875,659,8102603,135620,0,302,0,302,0,0,0,0,0,0,20251,14400,3510,2341,0
84,381,15.191083,15.077647,7.140722,0.000000,8.448583,8.388916,0.059543,0.016209,0.006041,0.504583,651,8107252,124791,0,2,0,2,0,0,0,0,0,0,5406,0,3510,1896,0
85,382,18.055542,17.942289,17.944445,0.000000,0.000208,0.000000,0.000000,0.022125,0.008000,1.215792,667,8102464,130787,0,302,0,302,0,0,0,0,0,0,22707,14400,4680,3627,0
86,383,15.339375,15.228711,7.024922,0.000000,8.696998,8.604998,0.091918,0.017458,0.007292,0.625917,650,8107222,123491,0,2,0,2,0,0,0,0,0,0,5406,0,3510,1896,0
87,384,17.995333,17.882881,17.889447,0.000000,0.000210,0.000000,0.000000,0.016542,0.005333,1.213584,659,8102632,134134,0,302,0,302,0,0,0,0,0,0,21090,14400,3510,3180,0
88,385,15.487250,15.377365,7.009548,0.000000,8.858292,8.732165,0.126002,0.017750,0.006667,0.626708,657,8107120,117594,0,2,0,2,0,0,0,0,0,0,7208,0,4680,2528,0
89,386,17.960250,17.847950,17.854135,0.000000,0.000293,0.000000,0.000000,0.016584,0.006666,0.925709,660,8102576,131701,0,302,0,302,0,0,0,0,0,0,21093,14400,3510,3183,0
90,387,15.288959,15.178325,6.944330,0.000000,8.715084,8.624915,0.090001,0.018083,0.007292,0.606459,650,8107267,120881,0,2,0,2,0,0,0,0,0,0,5406,0,3510,1896,0
91,388,18.145833,18.031301,18.037790,0.000000,0.000251,0.000000,0.000000,0.020708,0.007084,1.229042,666,8102446,125785,0,302,0,302,0,0,0,0,0,0,22857,14400,4680,3777,0
92,389,15.128208,15.018482,7.266922,0.000000,8.557125,8.556705,0.000336,0.016709,0.025541,0.450667,650,8107233,120224,0,2,0,2,0,0,0,0,0,0,5406,0,3510,1896,0
93,390,18.190709,18.077235,18.083072,0.000000,0.000458,0.000000,0.000000,0.029875,0.022875,0.649416,658,8102635,130390,0,302,0,302,0,0,0,0,0,0,21081,14400,3510,3171,0
94,391,15.386166,15.275746,7.268340,0.000000,8.503583,8.383748,0.119668,0.023375,0.009125,1.266958,658,8107071,114360,0,2,0,2,0,0,0,0,0,0,7208,0,4680,2528,0
95,392,18.296209,18.183005,18.177161,0.000000,0.000376,0.000000,0.000000,0.028708,0.010625,0.657959,660,8102642,127900,0,302,0,302,0,0,0,0,0,0,21280,14400,3510,3370,0
96,393,14.976625,14.866013,7.087862,0.000000,8.286417,8.187082,0.099210,0.021291,0.009084,0.957208,651,8107235,116952,0,2,0,2,0,0,0,0,0,0,5406,0,3510,1896,0
97,394,18.982208,18.860903,18.852047,0.000000,0.000582,0.000000,0.000000,0.036417,0.012291,0.917917,668,8102446,121870,0,302,0,302,0,0,0,0,0,0,23087,14400,4680,4007,0
98,395,14.329208,14.216673,7.229844,0.000000,7.625210,7.531499,0.093585,0.023042,0.011042,0.624917,648,8107269,115646,0,2,0,2,0,0,0,0,0,0,5406,0,3510,1896,0
99,396,17.003667,16.894641,16.887258,0.000000,0.000334,0.000000,0.000000,0.020000,0.008167,0.613208,659,8102591,125171,0,302,0,302,0,0,0,0,0,0,21287,14400,3510,3377,0
100,397,16.432083,16.322642,6.627927,0.000000,9.891500,9.773832,0.117502,0.028917,0.007208,0.962750,657,8107072,109729,0,2,0,2,0,0,0,0,0,0,7208,0,4680,2528,0
101,398,17.725709,17.612416,17.549825,0.000000,0.000458,0.000000,0.000000,0.041875,0.012583,0.746126,661,8102624,123857,0,302,0,302,0,0,0,0,0,0,21292,14400,3510,3382,0
102,399,15.637375,15.529683,6.832750,0.000000,9.034499,8.887123,0.147126,0.025291,0.014500,0.299375,650,8107232,113990,0,2,0,2,0,0,0,0,0,0,5406,0,3510,1896,0
103,400,17.709458,17.594471,17.601363,0.000000,0.000208,0.000000,0.000000,0.031417,0.018166,1.255167,645,8102953,65871,0,282,0,282,0,0,0,0,0,0,7208,0,4680,2528,0
104,401,15.470375,15.359571,8.704910,0.000000,7.467375,7.452788,0.014545,0.034250,0.093292,0.292792,672,8106708,91164,0,22,0,22,0,0,0,0,0,0,21276,14400,3510,3366,0
105,402,18.005042,17.885902,17.868749,0.000000,0.000375,0.000000,0.000000,0.029083,0.008250,0.899543,638,8103063,66600,0,292,0,292,0,0,0,0,0,0,5406,0,3510,1896,0
106,403,15.509625,15.401180,7.860235,0.000000,8.104750,7.969248,0.135335,0.027666,0.013584,0.371958,682,8106620,102150,0,12,0,12,0,0,0,0,0,0,23093,14400,4680,4013,0
107,404,18.514875,18.392658,18.406704,0.000000,0.000291,0.000000,0.000000,0.023000,0.010708,0.962251,658,8102635,65625,0,302,0,302,0,0,0,0,0,0,21405,14400,3510,3495,0
108,405,14.807375,14.702410,6.858656,0.000000,8.379833,8.224540,0.155168,0.020791,0.007500,0.634916,653,8107231,112462,0,2,0,2,0,0,0,0,0,0,5406,0,3510,1896,0
109,406,18.034583,17.915495,17.925540,0.000000,0.000415,0.000000,0.000000,0.028958,0.008209,1.258542,649,8102720,61999,0,302,0,302,0,0,0,0,0,0,22421,14400,4680,3341,0
110,407,15.396917,15.287337,7.706424,0.000000,8.090793,7.971540,0.119169,0.035250,0.018333,1.329209,668,8106980,113221,0,2,0,2,0,0,0,0,0,0,6163,0,3510,2653,0
111,408,18.720750,18.599172,18.612439,0.000000,0.000332,0.000000,0.000000,0.024375,0.008833,0.657000,655,8102654,70191,0,302,0,302,0,0,0,0,0,0,19806,14400,3510,1896,0
112,409,14.707750,14.603487,6.946720,0.000000,8.207499,8.074289,0.133002,0.028958,0.007542,0.874917,659,8107044,109814,0,2,0,2,0,0,0,0,0,0,7208,0,4680,2528,0
113,410,19.452875,19.330460,18.928320,0.000000,0.000583,0.000000,0.000000,0.038166,0.026750,0.902167,656,8102635,73607,0,302,0,302,0,0,0,0,0,0,19806,14400,3510,1896,0
114,411,13.873666,13.765637,7.613909,0.000000,6.941332,6.826165,0.115001,0.036042,0.012875,0.299750,650,8107280,113201,0,2,0,2,0,0,0,0,0,0,5406,0,3510,1896,0
115,412,19.087875,18.962920,18.973478,0.000000,0.000208,0.000000,0.000000,0.023875,0.012500,0.815625,664,8102447,79511,0,302,0,302,0,0,0,0,0,0,21608,14400,4680,2528,0
116,413,14.274417,14.168132,7.010894,0.000000,7.749958,7.647165,0.102585,0.031667,0.017125,0.633500,650,8107286,110270,0,2,0,2,0,0,0,0,0,0,5406,0,3510,1896,0
117,414,19.541625,19.413295,19.425543,0.000000,0.000417,0.000000,0.000000,0.043542,0.014375,1.276458,661,8102530,97237,0,302,0,302,0,0,0,0,0,0,20830,14400,3510,2920,0
118,415,13.788250,13.678529,7.475248,0.000000,7.166625,7.166040,0.000418,0.026208,0.008375,0.290500,666,8106894,105600,0,2,0,2,0,0,0,0,0,0,8232,0,4680,3552,0
119,416,18.984625,18.866784,18.878007,0.000000,0.000332,0.000000,0.000000,0.026333,0.010917,1.262250,657,8102614,94871,0,302,0,302,0,0,0,0,0,0,21372,14400,3510,3462,0
120,417,14.405875,14.300332,6.917052,0.000000,7.998375,7.874166,0.124043,0.023708,0.007417,0.296542,651,8107244,107679,0,2,0,2,0,0,0,0,0,0,5406,0,3510,1896,0
121,418,18.874625,18.755170,18.768468,0.000000,0.000415,0.000000,0.000000,0.030375,0.010125,1.260793,664,8102484,100094,0,302,0,302,0,0,0,0,0,0,21608,14400,4680,2528,0
122,419,14.458042,14.352673,6.784710,0.000000,8.193582,8.083290,0.110168,0.024375,0.013458,0.620500,652,8107237,105996,0,2,0,2,0,0,0,0,0,0,5406,0,3510,1896,0
123,420,18.835208,18.715790,18.706586,0.000000,0.000418,0.000000,0.000000,0.026250,0.011125,0.914501,653,8102683,113375,0,302,0,302,0,0,0,0,0,0,19806,14400,3510,1896,0
124,421,14.518125,14.412915,6.743818,0.000000,8.156417,8.060498,0.095836,0.025125,0.006625,0.913166,657,8107058,99532,0,2,0,2,0,0,0,0,0,0,7208,0,4680,2528,0
125,422,19.115333,18.987408,18.990277,0.000000,0.000458,0.000000,0.000000,0.028792,0.025875,0.311875,656,8102695,111979,0,302,0,302,0,0,0,0,0,0,19806,14400,3510,1896,0
126,423,14.172334,14.070830,6.823756,0.000000,7.875084,7.874415,0.000544,0.025833,0.035917,0.907583,657,8107115,102292,0,2,0,2,0,0,0,0,0,0,7004,0,4536,2468,0
127,424,18.770291,18.648309,18.650339,0.000000,0.000749,0.000000,0.000000,0.026209,0.011708,0.642084,663,8102574,106897,0,302,0,302,0,0,0,0,0,0,21565,14400,3654,3511,0
128,425,14.684417,14.579376,6.633458,0.000000,8.398624,8.295706,0.102752,0.025708,0.016125,0.914417,652,8107184,101804,0,2,0,2,0,0,0,0,0,0,6959,0,3510,3449,0
129,426,18.846250,18.724376,18.731495,0.000000,0.000333,0.000000,0.000000,0.027125,0.011458,1.268542,668,8102460,104197,0,302,0,302,0,0,0,0,0,0,23154,14400,4680,4074,0
130,427,14.553250,14.446086,6.821795,0.000000,8.112292,8.053332,0.058877,0.036625,0.012125,0.606917,651,8107218,100284,0,2,0,2,0,0,0,0,0,0,5406,0,3510,1896,0
131,428,19.293417,19.169015,19.154371,0.000000,0.000291,0.000000,0.000000,0.035416,0.023917,1.274916,666,8102628,109210,0,302,0,302,0,0,0,0,0,0,22917,14400,3510,5007,0
132,429,14.181625,14.076331,6.874032,0.000000,7.803876,7.675499,0.128168,0.024500,0.015083,0.641875,659,8107084,93829,0,2,0,2,0,0,0,0,0,0,7208,0,4680,2528,0
133,430,19.074000,18.951461,18.945986,0.000000,0.000249,0.000000,0.000000,0.028791,0.015000,1.282917,664,8102541,106480,0,302,0,302,0,0,0,0,0,0,22982,14400,3510,5072,0
134,431,14.068750,13.963301,7.561739,0.000000,7.891126,7.883206,0.007836,0.027625,0.025708,0.288709,651,8107266,98185,0,2,0,2,0,0,0,0,0,0,5406,0,3510,1896,0
135,432,19.203458,19.082059,19.090095,0.000000,0.000543,0.000000,0.000000,0.038167,0.026583,0.935916,672,8102418,100074,0,302,0,302,0,0,0,0,0,0,24644,14400,4680,5564,0
136,433,14.351625,14.245581,6.606189,0.000000,8.086083,7.961373,0.124544,0.023083,0.005959,0.296333,654,8107189,94952,0,2,0,2,0,0,0,0,0,0,7018,0,3510,3508,0
137,434,18.917125,18.797410,18.804907,0.000000,0.000333,0.000000,0.000000,0.027667,0.010208,0.943042,662,8102650,103458,0,302,0,302,0,0,0,0,0,0,21397,14400,3510,3487,0
138,435,14.603625,14.480493,6.958030,0.000000,7.957750,7.882332,0.075293,0.038750,0.011667,0.470083,660,8107036,88524,0,2,0,2,0,0,0,0,0,0,8801,0,4680,4121,0
139,436,17.856042,17.738791,17.732259,0.000000,0.000249,0.000000,0.000000,0.034500,0.017208,0.996750,662,8102613,102587,0,302,0,302,0,0,0,0,0,0,21423,14400,3510,3513,0
140,437,15.331166,15.228538,6.508994,0.000000,9.066085,8.968790,0.097169,0.034667,0.010000,1.288791,655,8107239,93039,0,2,0,2,0,0,0,0,0,0,6969,0,3510,3459,0
141,438,17.456917,17.340581,17.302168,0.000000,0.000459,0.000000,0.000000,0.035833,0.017042,0.642750,668,8102463,96315,0,302,0,302,0,0,0,0,0,0,23197,14400,4680,4117,0
142,439,15.769208,15.663024,6.756629,0.000000,9.608251,9.512415,0.095669,0.024292,0.007917,1.303833,657,8107098,86769,0,3,0,3,0,0,0,0,0,0,5406,0,3510,1896,0
143,440,17.064709,16.946102,16.932252,0.000000,0.000333,0.000000,0.000000,0.027791,0.012542,0.616584,655,8102719,99086,0,302,0,302,0,0,0,0,0,0,21429,14400,3510,3519,0
144,441,16.494458,16.392550,6.099749,0.000000,10.381417,10.248249,0.133043,0.030250,0.007750,1.243126,662,8106823,80669,0,3,0,3,0,0,0,0,0,0,7208,0,4680,2528,0
145,442,16.672292,16.560363,16.537660,0.000000,0.000248,0.000000,0.000000,0.028916,0.010667,0.610583,665,8102672,93925,0,302,0,302,0,0,0,0,0,0,21432,14400,3510,3522,0
146,443,16.548666,16.444033,7.223463,0.000000,10.570249,10.565331,0.004668,0.033709,0.007375,0.917543,646,8107429,83371,0,2,0,2,0,0,0,0,0,0,5406,0,3510,1896,0
147,444,18.186792,18.064117,18.049201,0.000000,0.000292,0.000000,0.000000,0.038500,0.015250,1.250917,679,8102449,87550,0,302,0,302,0,0,0,0,0,0,23231,14400,4680,4151,0
148,445,15.310000,15.199814,6.330378,0.000000,9.240208,9.235998,0.004044,0.024333,0.010084,0.609209,638,8107323,81543,0,2,0,2,0,0,0,0,0,0,5406,0,3510,1896,0
149,446,18.312958,18.200098,18.203691,0.000000,0.000417,0.000000,0.000000,0.034584,0.026291,1.268959,669,8102514,91834,0,302,0,302,0,0,0,0,0,0,21425,14400,3510,3515,0
150,447,15.058709,14.951405,7.118049,0.000000,9.007501,9.007082,0.000293,0.021750,0.014208,0.612084,646,8107002,75695,0,2,0,2,0,0,0,0,0,0,7208,0,4680,2528,0
151,448,18.173500,18.057874,18.054420,0.000000,0.000291,0.000000,0.000000,0.026125,0.018541,1.272416,670,8102607,91754,0,302,0,302,0,0,0,0,0,0,21405,14400,3510,3495,0
152,449,15.241541,15.138699,6.199740,0.000000,9.266959,9.142957,0.123918,0.019750,0.006334,0.291000,638,8107241,79666,0,2,0,2,0,0,0,0,0,0,5406,0,3510,1896,0
153,450,18.136584,18.015908,18.023792,0.000000,0.000250,0.000000,0.000000,0.035500,0.015666,1.243500,680,8102594,83401,0,302,0,302,0,0,0,0,0,0,23229,14400,4680,4149,0
154,451,15.246041,15.143744,6.247999,0.000000,9.224377,9.120165,0.104086,0.019209,0.015916,0.611542,640,8107107,78459,0,2,0,2,0,0,0,0,0,0,5406,0,3510,1896,0
155,452,18.012834,17.892820,17.893498,0.000000,0.000250,0.000000,0.000000,0.030083,0.010042,1.059709,669,8102730,86691,0,302,0,302,0,0,0,0,0,0,21406,14400,3510,3496,0
156,453,15.314541,15.211425,6.392921,0.000000,9.221334,9.220041,0.001127,0.022375,0.018250,1.280167,648,8106934,73854,0,2,0,2,0,0,0,0,0,0,7208,0,4680,2528,0
157,454,18.295750,18.166479,18.166139,0.000000,0.000292,0.000000,0.000000,0.026125,0.015584,0.631208,672,8102647,87145,0,302,0,302,0,0,0,0,0,0,21375,14400,3510,3465,0
158,455,15.423709,15.326133,6.586594,0.000000,9.118083,8.972082,0.145876,0.036666,0.017500,0.771250,639,8107406,76065,0,2,0,2,0,0,0,0,0,0,5406,0,3510,1896,0
159,456,18.504333,18.382779,18.375083,0.000000,0.000250,0.000000,0.000000,0.031917,0.020541,0.641209,679,8102387,81219,0,302,0,302,0,0,0,0,0,0,23208,14400,4680,4128,0
160,457,14.693875,14.590154,6.457828,0.000000,8.529750,8.403248,0.126377,0.022167,0.007208,1.231916,640,8107303,73991,0,2,0,2,0,0,0,0,0,0,5406,0,3510,1896,0
161,458,18.299792,18.172865,18.172086,0.000000,0.000291,0.000000,0.000000,0.038166,0.013542,1.256042,671,8102587,84604,0,302,0,302,0,0,0,0,0,0,21323,14400,3510,3413,0
162,459,15.185166,15.079385,6.586864,0.000000,8.945042,8.791915,0.153043,0.020584,0.013541,0.637334,644,8107093,68140,0,12,0,12,0,0,0,0,0,0,7208,0,4680,2528,0
163,460,18.075667,17.957827,17.960537,0.000000,0.000249,0.000000,0.000000,0.025833,0.014542,1.248251,672,8102510,84267,0,292,0,292,0,0,0,0,0,0,21343,14400,3510,3433,0
164,461,15.210667,15.106734,6.419582,0.000000,9.044999,8.914665,0.130210,0.029166,0.010292,0.292875,640,8107227,71444,0,12,0,12,0,0,0,0,0,0,5406,0,3510,1896,0
165,462,18.163500,18.043277,18.037818,0.000000,0.000291,0.000000,0.000000,0.038750,0.017083,1.253417,678,8102551,76532,0,292,0,292,0,0,0,0,0,0,23193,14400,4680,4113,0
166,463,15.184833,15.080729,6.513055,0.000000,8.924708,8.825998,0.098585,0.020083,0.009584,0.291042,639,8107032,70141,0,12,0,12,0,0,0,0,0,0,5406,0,3510,1896,0
167,464,17.868083,17.746889,17.749466,0.000000,0.000250,0.000000,0.000000,0.027500,0.011834,1.270041,672,8102867,80092,0,292,0,292,0,0,0,0,0,0,21313,14400,3510,3403,0
168,465,15.415750,15.313734,6.423247,0.000000,9.230875,9.216999,0.013751,0.024375,0.005750,0.611125,645,8106845,65031,0,12,0,12,0,0,0,0,0,0,7208,0,4680,2528,0
169,466,18.095792,17.973703,17.984679,0.000000,0.000251,0.000000,0.000000,0.022125,0.009333,0.923042,672,8102953,84951,0,292,0,292,0,0,0,0,0,0,21387,14400,3510,3477,0
170,467,15.373000,15.268656,6.413998,0.000000,9.196167,9.048123,0.147960,0.022375,0.027750,0.639208,643,8107082,67583,0,12,0,12,0,0,0,0,0,0,5406,0,3510,1896,0
171,468,18.367792,18.242693,18.242141,0.000000,0.000374,0.000000,0.000000,0.036166,0.012750,1.293833,680,8102403,77450,0,292,0,292,0,0,0,0,0,0,23200,14400,4680,4120,0
172,469,15.076250,14.972596,6.710399,0.000000,8.617999,8.514373,0.103460,0.026500,0.006541,1.303791,640,8107314,66281,0,12,0,12,0,0,0,0,0,0,5406,0,3510,1896,0
173,470,17.983333,17.858135,17.871560,0.000000,0.000166,0.000000,0.000000,0.027042,0.024166,0.647084,672,8102760,77939,0,292,0,292,0,0,0,0,0,0,21380,14400,3510,3470,0
174,471,15.331375,15.227384,6.638193,0.000000,8.951667,8.843874,0.107626,0.027167,0.006958,1.301499,647,8106860,66373,0,12,0,12,0,0,0,0,0,0,7208,0,4680,2528,0
175,472,17.934333,17.812826,17.818123,0.000000,0.000250,0.000000,0.000000,0.022625,0.010625,0.640209,669,8102774,76011,0,292,0,292,0,0,0,0,0,0,21412,14400,3510,3502,0
176,473,15.396875,15.293197,6.379118,0.000000,9.245375,9.108582,0.136627,0.027750,0.021375,1.012917,640,8107189,66280,0,12,0,12,0,0,0,0,0,0,5406,0,3510,1896,0
177,474,18.187625,18.065629,18.057795,0.000000,0.000291,0.000000,0.000000,0.037584,0.015041,1.283542,678,8102427,74630,0,292,0,292,0,0,0,0,0,0,23163,14400,4680,4083,0
178,475,15.349584,15.234242,7.221112,0.000000,8.649500,8.645956,0.000460,0.037833,0.013833,0.640375,639,8107174,62388,0,12,0,12,0,0,0,0,0,0,5406,0,3510,1896,0
179,476,17.981125,17.870124,17.874411,0.000000,0.000210,0.000000,0.000000,0.028791,0.011000,1.278375,676,8102688,73348,0,292,0,292,0,0,0,0,0,0,22927,14400,4536,3991,0
180,477,15.281583,15.178991,6.518982,0.000000,9.011125,8.908957,0.101960,0.025208,0.008084,0.645166,640,8107038,61166,0,12,0,12,0,0,0,0,0,0,5610,0,3654,1956,0
181,478,17.755208,17.634792,17.642827,0.000000,0.000209,0.000000,0.000000,0.026542,0.011500,0.947541,670,8102715,72407,0,292,0,292,0,0,0,0,0,0,21415,14400,3510,3505,0
182,479,15.685750,15.582368,6.521790,0.000000,9.354625,9.230207,0.124293,0.022875,0.015000,0.305417,649,8107174,59830,0,12,0,12,0,0,0,0,0,0,7208,0,4680,2528,0
183,480,17.779917,17.658476,17.667878,0.000000,0.000291,0.000000,0.000000,0.025417,0.010166,1.200167,671,8102586,71153,0,292,0,292,0,0,0,0,0,0,21413,14400,3510,3503,0
184,481,15.627417,15.519089,6.633547,0.000000,9.219333,9.103248,0.115960,0.026541,0.007167,0.454916,637,8107080,58511,0,12,0,12,0,0,0,0,0,0,5406,0,3510,1896,0
185,482,18.030416,17.905752,17.910182,0.000000,0.000250,0.000000,0.000000,0.021417,0.021000,0.977917,678,8102575,68845,0,292,0,292,0,0,0,0,0,0,23220,14400,4680,4140,0
186,483,15.190334,15.085893,6.473268,0.000000,8.990667,8.887999,0.102501,0.020708,0.005750,1.305209,638,8107200,57241,0,12,0,12,0,0,0,0,0,0,5406,0,3510,1896,0
187,484,17.568666,17.450531,17.448871,0.000000,0.000210,0.000000,0.000000,0.019167,0.019458,0.602041,673,8102798,69863,0,292,0,292,0,0,0,0,0,0,21405,14400,3510,3495,0
188,485,15.774500,15.641983,7.199333,0.000000,9.489374,9.488831,0.000377,0.028917,0.008167,0.816167,644,8106790,55957,0,12,0,12,0,0,0,0,0,0,7208,0,4680,2528,0
189,486,17.564459,17.475634,17.462790,0.000000,0.000250,0.000000,0.000000,0.024333,0.011292,0.644250,672,8102886,65094,0,292,0,292,0,0,0,0,0,0,21414,14400,3510,3504,0
190,487,15.949083,15.844835,6.620827,0.000000,9.390207,9.340081,0.049960,0.035417,0.013458,0.953959,638,8107023,55193,0,12,0,12,0,0,0,0,0,0,5406,0,3510,1896,0
191,488,17.663083,17.539563,17.538832,0.000000,0.000332,0.000000,0.000000,0.031959,0.024333,0.678625,681,8102736,63966,0,292,0,292,0,0,0,0,0,0,23223,14400,4680,4143,0
192,489,15.630792,15.526175,6.429841,0.000000,9.354834,9.232041,0.122668,0.022417,0.014875,1.079750,640,8106980,53353,0,12,0,12,0,0,0,0,0,0,5406,0,3510,1896,0
193,490,17.694500,17.572915,17.530615,0.000000,0.000251,0.000000,0.000000,0.024417,0.011208,1.224667,670,8102756,62978,0,292,0,292,0,0,0,0,0,0,21400,14400,3510,3490,0
194,491,15.679458,15.576617,6.444923,0.000000,9.435585,9.305082,0.130294,0.021792,0.010083,0.621125,647,8107034,52093,0,12,0,12,0,0,0,0,0,0,7208,0,4680,2528,0
195,492,17.440209,17.317876,17.328328,0.000000,0.000334,0.000000,0.000000,0.026208,0.010250,1.214791,671,8102699,61644,0,292,0,292,0,0,0,0,0,0,21361,14400,3510,3451,0
196,493,16.170541,16.064890,6.717096,0.000000,9.611625,9.520248,0.091168,0.041042,0.010042,0.613292,638,8107092,50804,0,22,0,22,0,0,0,0,0,0,5406,0,3510,1896,0
197,494,17.677250,17.555961,17.568836,0.000000,0.000291,0.000000,0.000000,0.020959,0.011500,1.276917,677,8102714,60335,0,282,0,282,0,0,0,0,0,0,23215,14400,4680,4135,0
198,495,15.643709,15.532142,7.110337,0.000000,9.024499,8.949207,0.075084,0.031458,0.007750,0.308959,640,8106888,50304,0,22,0,22,0,0,0,0,0,0,5406,0,3510,1896,0
199,496,17.948458,17.828216,17.816457,0.000000,0.000291,0.000000,0.000000,0.031250,0.020792,0.938167,673,8102967,58683,0,282,0,282,0,0,0,0,0,0,21395,14400,3510,3485,0
200,497,15.156000,15.052518,7.006002,0.000000,8.808042,8.805790,0.002002,0.021250,0.015292,0.528166,646,8106772,49054,0,12,0,12,0,0,0,0,0,0,7208,0,4680,2528,0
201,498,17.677667,17.556259,17.512250,0.000000,0.000251,0.000000,0.000000,0.025166,0.021625,0.940291,674,8102893,58654,0,292,0,292,0,0,0,0,0,0,21340,14400,3510,3430,0
202,499,15.785333,15.677920,6.431795,0.000000,9.490499,9.387456,0.102877,0.021167,0.014875,1.321208,640,8107088,46921,0,22,0,22,0,0,0,0,0,0,5406,0,3510,1896,0
203,500,17.504667,17.384138,17.380455,0.000000,0.000292,0.000000,0.000000,0.030416,0.011750,0.641333,679,8102569,55840,0,282,0,282,0,0,0,0,0,0,23181,14400,4680,4101,0
204,501,15.843666,15.738550,6.387137,0.000000,9.565166,9.459874,0.105168,0.024167,0.005667,1.304542,642,8106929,45655,0,22,0,22,0,0,0,0,0,0,5406,0,3510,1896,0
205,502,17.406750,17.285906,17.286825,0.000000,0.000291,0.000000,0.000000,0.027084,0.021333,0.630791,669,8102906,54091,0,282,0,282,0,0,0,0,0,0,21036,14400,3510,3126,0
206,503,16.018667,15.910711,6.484199,0.000000,9.614210,9.495624,0.118419,0.018167,0.015708,0.926417,645,8106822,44368,0,22,0,22,0,0,0,0,0,0,7208,0,4680,2528,0
207,504,17.431708,17.313339,17.313951,0.000000,0.000334,0.000000,0.000000,0.021959,0.010625,0.609333,671,8103081,53283,0,282,0,282,0,0,0,0,0,0,21049,14400,3510,3139,0
208,505,16.010625,15.906804,6.522210,0.000000,9.612208,9.483665,0.128377,0.022667,0.017708,1.077792,638,8106958,43052,0,22,0,22,0,0,0,0,0,0,5406,0,3510,1896,0
209,506,17.266167,17.144455,17.140085,0.000000,0.000252,0.000000,0.000000,0.023292,0.022833,1.221959,680,8102688,51949,0,282,0,282,0,0,0,0,0,0,22862,14400,4680,3782,0
210,507,16.011667,15.907946,6.444477,0.000000,9.672750,9.563457,0.109168,0.022541,0.006625,0.608083,635,8106991,41784,0,22,0,22,0,0,0,0,0,0,5406,0,3510,1896,0
211,508,17.016208,16.896052,16.902379,0.000000,0.000208,0.000000,0.000000,0.020833,0.010875,1.227541,670,8102920,49875,0,282,0,282,0,0,0,0,0,0,21066,14400,3510,3156,0
212,509,16.324792,16.213570,6.305533,0.000000,10.055876,9.924707,0.131085,0.017083,0.016292,0.677291,647,8106765,46925,0,22,0,22,0,0,0,0,0,0,7208,0,4680,2528,0
213,510,17.369291,17.251998,17.256549,0.000000,0.000293,0.000000,0.000000,0.021167,0.009750,1.096792,669,8102808,54311,0,282,0,282,0,0,0,0,0,0,21078,14400,3510,3168,0
214,511,15.914000,15.809717,6.389877,0.000000,9.573958,9.518081,0.055752,0.020584,0.005791,0.316792,638,8107048,39193,0,22,0,22,0,0,0,0,0,0,5406,0,3510,1896,0
215,512,17.020459,16.896192,16.907055,0.000000,0.000291,0.000000,0.000000,0.020333,0.022708,1.312459,675,8102717,47795,0,282,0,282,0,0,0,0,0,0,22881,14400,4680,3801,0
216,513,16.401791,16.300333,6.460003,0.000000,10.113542,10.010957,0.102502,0.018209,0.007083,0.610750,641,8107012,39232,0,22,0,22,0,0,0,0,0,0,5406,0,3510,1896,0
217,514,16.938292,16.817172,16.800811,0.000000,0.000250,0.000000,0.000000,0.019792,0.010375,1.033000,668,8102856,46509,0,282,0,282,0,0,0,0,0,0,19807,14400,3510,1897,0
218,515,16.494625,16.390095,6.410485,0.000000,10.101793,9.981748,0.119877,0.020875,0.008958,1.095666,646,8106698,38813,0,22,0,22,0,0,0,0,0,0,7208,0,4680,2528,0
219,516,16.985042,16.863043,16.864001,0.000000,0.000208,0.000000,0.000000,0.019916,0.021875,0.566584,667,8103145,45100,0,282,0,282,0,0,0,0,0,0,19806,14400,3510,1896,0
220,517,16.454375,16.351453,6.370149,0.000000,10.122626,9.980081,0.142377,0.016958,0.006208,1.280458,636,8107048,35531,0,22,0,22,0,0,0,0,0,0,5406,0,3510,1896,0
221,518,17.187750,17.068618,17.074450,0.000000,0.000334,0.000000,0.000000,0.023708,0.024750,0.610125,675,8102574,46476,0,282,0,282,0,0,0,0,0,0,21608,14400,4680,2528,0
222,519,16.065625,15.960910,6.394125,0.000000,9.747500,9.632666,0.114709,0.019083,0.005458,0.967541,639,8106907,39805,0,22,0,22,0,0,0,0,0,0,5406,0,3510,1896,0
223,520,16.847875,16.726622,16.721667,0.000000,0.000291,0.000000,0.000000,0.018416,0.018625,0.608708,671,8103091,44329,0,282,0,282,0,0,0,0,0,0,19806,14400,3510,1896,0
224,521,16.638375,16.536585,6.703720,0.000000,10.045583,9.947290,0.098168,0.024166,0.005292,0.969709,654,8106711,42748,0,22,0,22,0,0,0,0,0,0,8232,0,4680,3552,0
225,522,16.966541,16.846030,16.828288,0.000000,0.000250,0.000000,0.000000,0.022250,0.008500,1.284458,672,8102812,41581,0,282,0,282,0,0,0,0,0,0,20830,14400,3510,2920,0
226,523,16.412459,16.302671,6.546921,0.000000,9.922917,9.799790,0.122877,0.020333,0.005667,0.625042,643,8106776,33601,0,32,0,32,0,0,0,0,0,0,6673,0,3510,3163,0
227,524,17.095541,16.975278,16.969164,0.000000,0.000249,0.000000,0.000000,0.024834,0.009750,1.284958,673,8102930,41281,0,272,0,272,0,0,0,0,0,0,21608,14400,4680,2528,0
228,525,16.274334,16.169849,6.581285,0.000000,9.827500,9.728999,0.098376,0.016541,0.007000,0.303000,637,8106701,33461,0,32,0,32,0,0,0,0,0,0,5406,0,3510,1896,0
229,526,16.405625,16.289874,16.296877,0.000000,0.000252,0.000000,0.000000,0.019166,0.021750,1.264209,665,8103208,41191,0,272,0,272,0,0,0,0,0,0,19806,14400,3510,1896,0
230,527,16.939458,16.829632,6.535628,0.000000,10.323669,10.223249,0.100252,0.018792,0.014875,0.302000,646,8106424,33521,0,32,0,32,0,0,0,0,0,0,7208,0,4680,2528,0
231,528,17.807542,17.681300,17.692416,0.000000,0.000249,0.000000,0.000000,0.018000,0.008791,0.963042,655,8102914,41303,0,302,0,302,0,0,0,0,0,0,19806,14400,3510,1896,0
232,529,17.273041,17.156697,17.082364,0.000000,0.000417,0.000000,0.000000,0.024042,0.011333,0.959916,671,8102893,41183,0,272,0,272,0,0,0,0,0,0,21404,14400,4536,2468,0
233,530,14.933750,14.824866,7.457240,0.000000,8.334499,8.321540,0.012751,0.018875,0.005292,0.662917,640,8106717,33508,0,32,0,32,0,0,0,0,0,0,5610,0,3654,1956,0
234,531,16.781667,16.667057,16.675922,0.000000,0.000291,0.000000,0.000000,0.024750,0.008917,1.300416,668,8103175,41189,0,272,0,272,0,0,0,0,0,0,19806,14400,3510,1896,0
235,532,16.513875,16.410380,6.478249,0.000000,10.101583,10.067290,0.034168,0.016875,0.004708,0.679666,649,8106693,33441,0,22,0,22,0,0,0,0,0,0,7208,0,4680,2528,0
236,533,16.944250,16.820785,16.812647,0.000000,0.000291,0.000000,0.000000,0.017708,0.021417,1.333125,672,8102915,41439,0,282,0,282,0,0,0,0,0,0,21008,14400,3510,3098,0
237,534,16.467333,16.362925,6.483583,0.000000,10.001334,9.916166,0.085001,0.016667,0.013542,0.312667,643,8106847,33565,0,32,0,32,0,0,0,0,0,0,6577,0,3510,3067,0
238,535,17.379542,17.254691,17.252229,0.000000,0.000333,0.000000,0.000000,0.035917,0.017041,1.045125,679,8102942,41405,0,272,0,272,0,0,0,0,0,0,22806,14400,4680,3726,0
239,536,16.101083,15.995290,6.854443,0.000000,9.366751,9.288832,0.077835,0.019709,0.016375,0.563125,646,8106578,33692,0,32,0,32,0,0,0,0,0,0,7818,0,3510,4308,0
240,537,16.673834,16.551431,16.546021,0.000000,0.000208,0.000000,0.000000,0.017083,0.009042,1.022750,671,8103101,41270,0,272,0,272,0,0,0,0,0,0,21039,14400,3510,3129,0
241,538,16.570250,16.464566,6.667923,0.000000,10.117167,10.012457,0.104544,0.020041,0.005042,1.301792,651,8106765,33551,0,22,0,22,0,0,0,0,0,0,8373,0,4680,3693,0
242,539,16.762625,16.635264,16.629230,0.000000,0.000250,0.000000,0.000000,0.020000,0.011250,0.461875,675,8102910,41491,0,282,0,282,0,0,0,0,0,0,22037,14400,3510,4127,0
243,540,16.568250,16.462330,6.464388,0.000000,10.073417,10.072916,0.000335,0.028291,0.010042,0.945458,644,8106909,33575,0,32,0,32,0,0,0,0,0,0,6537,0,3510,3027,0
244,541,17.019458,16.898073,16.890795,0.000000,0.000167,0.000000,0.000000,0.019917,0.022375,0.610833,676,8102726,41331,0,272,0,272,0,0,0,0,0,0,22762,14400,4680,3682,0
245,542,16.480208,16.366535,6.620912,0.000000,9.875167,9.796207,0.078835,0.019500,0.012875,0.947208,645,8106753,33695,0,32,0,32,0,0,0,0,0,0,7767,0,3510,4257,0
246,543,16.861042,16.746135,16.740171,0.000000,0.000209,0.000000,0.000000,0.020167,0.019125,0.608500,670,8103056,41294,0,272,0,272,0,0,0,0,0,0,20933,14400,3510,3023,0
247,544,16.376167,16.264573,6.626877,0.000000,9.858250,9.851706,0.006419,0.017500,0.006875,1.313166,649,8106986,33563,0,22,0,22,0,0,0,0,0,0,8290,0,4680,3610,0
248,545,16.945166,16.831705,16.830875,0.000000,0.000291,0.000000,0.000000,0.027084,0.021833,1.265083,671,8102633,41380,0,282,0,282,0,0,0,0,0,0,20936,14400,3510,3026,0
249,546,16.489834,16.385680,6.510130,0.000000,10.002210,9.912541,0.089585,0.016958,0.025042,0.309041,643,8106918,33519,0,32,0,32,0,0,0,0,0,0,5406,0,3510,1896,0
250,547,17.511666,17.390577,17.361308,0.000000,0.000583,0.000000,0.000000,0.036167,0.014833,1.272709,674,8102819,41379,0,272,0,272,0,0,0,0,0,0,22766,14400,4680,3686,0
251,548,15.867292,15.762743,6.630093,0.000000,9.388124,9.289873,0.098085,0.024083,0.008375,0.291542,637,8106963,33461,0,32,0,32,0,0,0,0,0,0,5406,0,3510,1896,0
252,549,17.061708,16.943441,16.945911,0.000000,0.000209,0.000000,0.000000,0.023125,0.010959,1.293208,671,8103088,41297,0,272,0,272,0,0,0,0,0,0,20947,14400,3510,3037,0
253,550,16.368750,16.264174,6.563832,0.000000,9.880499,9.756039,0.124293,0.030584,0.007958,0.648791,645,8106669,33443,0,22,0,22,0,0,0,0,0,0,7208,0,4680,2528,0
254,551,16.922334,16.802703,16.813800,0.000000,0.000251,0.000000,0.000000,0.022625,0.010708,0.978708,671,8102948,41389,0,282,0,282,0,0,0,0,0,0,20939,14400,3510,3029,0
255,552,16.402250,16.292666,6.515828,0.000000,9.909875,9.804582,0.105168,0.018500,0.005083,0.677708,640,8106766,33466,0,32,0,32,0,0,0,0,0,0,5406,0,3510,1896,0
256,553,16.861625,16.734957,16.731390,0.000000,0.000210,0.000000,0.000000,0.019750,0.020625,1.150625,676,8102856,41402,0,272,0,272,0,0,0,0,0,0,22709,14400,4680,3629,0
257,554,16.349125,16.253040,6.897366,0.000000,9.972083,9.956207,0.015668,0.017041,0.016000,0.962000,638,8106834,33446,0,32,0,32,0,0,0,0,0,0,5406,0,3510,1896,0
258,555,17.836750,17.693274,17.634506,0.000000,0.000500,0.000000,0.000000,0.036250,0.014666,0.309917,671,8103112,41339,0,272,0,272,0,0,0,0,0,0,20912,14400,3510,3002,0
259,556,15.808166,15.702284,7.370716,0.000000,9.021250,8.932040,0.089043,0.026375,0.013667,1.264376,646,8106683,33447,0,22,0,22,0,0,0,0,0,0,7208,0,4680,2528,0
260,557,17.174084,17.054926,17.012361,0.000000,0.000333,0.000000,0.000000,0.025500,0.014000,0.611250,671,8102939,41383,0,282,0,282,0,0,0,0,0,0,20901,14400,3510,2991,0
261,558,15.984958,15.878165,6.988741,0.000000,9.489209,9.481749,0.007293,0.017792,0.006833,0.965834,638,8106780,33458,0,32,0,32,0,0,0,0,0,0,5406,0,3510,1896,0
262,559,16.950625,16.824832,16.825615,0.000000,0.000334,0.000000,0.000000,0.022958,0.021792,0.658542,677,8103106,41385,0,272,0,272,0,0,0,0,0,0,22692,14400,4680,3612,0
263,560,16.504583,16.403494,6.465689,0.000000,10.048958,9.953207,0.095585,0.019084,0.016500,0.983334,637,8106745,33463,0,32,0,32,0,0,0,0,0,0,5406,0,3510,1896,0
264,561,16.976584,16.854372,16.858518,0.000000,0.000208,0.000000,0.000000,0.024125,0.011666,0.959124,672,8102989,41301,0,272,0,272,0,0,0,0,0,0,20878,14400,3510,2968,0
265,562,16.444083,16.319298,6.566455,0.000000,9.921166,9.800915,0.120085,0.020292,0.016750,0.611375,644,8106597,33556,0,32,0,32,0,0,0,0,0,0,7208,0,4680,2528,0
266,563,16.149208,16.027960,16.013276,0.000000,0.000249,0.000000,0.000000,0.020459,0.011500,1.292916,672,8103111,41467,0,272,0,272,0,0,0,0,0,0,20848,14400,3510,2938,0
267,564,17.200959,17.092756,6.359928,0.000000,10.744542,10.620624,0.123834,0.018000,0.015041,0.641667,640,8106848,33569,0,32,0,32,0,0,0,0,0,0,5406,0,3510,1896,0
268,565,16.221250,16.096172,16.057559,0.000000,0.000209,0.000000,0.000000,0.022833,0.021375,1.272334,677,8102888,41452,0,272,0,272,0,0,0,0,0,0,22644,14400,4680,3564,0
269,566,17.123791,17.015179,6.372516,0.000000,10.645292,10.548165,0.097044,0.018084,0.016166,0.609458,639,8106978,33551,0,32,0,32,0,0,0,0,0,0,5406,0,3510,1896,0
270,567,16.295417,16.180785,16.172003,0.000000,0.000250,0.000000,0.000000,0.025000,0.023625,0.937999,674,8102846,41380,0,272,0,272,0,0,0,0,0,0,20815,14400,3510,2905,0
271,568,17.029208,16.917750,6.365657,0.000000,10.591667,10.472998,0.118461,0.018709,0.014208,0.609875,646,8106635,33534,0,32,0,32,0,0,0,0,0,0,7208,0,4680,2528,0
272,569,16.270000,16.153257,16.148730,0.000000,0.000249,0.000000,0.000000,0.019625,0.021584,1.117167,667,8103064,41479,0,272,0,272,0,0,0,0,0,0,20751,14400,3510,2841,0
273,570,17.040875,16.933464,6.804535,0.000000,10.545915,10.524665,0.021126,0.018250,0.020042,0.961709,638,8106795,33526,0,32,0,32,0,0,0,0,0,0,5406,0,3510,1896,0
274,571,16.201792,16.082825,16.059399,0.000000,0.000249,0.000000,0.000000,0.020083,0.019125,0.605833,679,8103006,41479,0,272,0,272,0,0,0,0,0,0,22607,14400,4680,3527,0
275,572,17.576083,17.469302,6.655326,0.000000,10.821126,10.668832,0.151918,0.053125,0.015167,0.902709,636,8106684,33560,0,32,0,32,0,0,0,0,0,0,5406,0,3510,1896,0
276,573,16.942792,16.820248,16.817503,0.000000,0.000585,0.000000,0.000000,0.043500,0.017042,0.290416,673,8103316,41422,0,272,0,272,0,0,0,0,0,0,20848,14400,3510,2938,0
277,574,16.640250,16.530479,7.296463,0.000000,9.542206,9.430289,0.111793,0.029708,0.010042,0.919250,644,8106577,33623,0,32,0,32,0,0,0,0,0,0,7208,0,4680,2528,0
278,575,17.325250,17.201986,17.214541,0.000000,0.000251,0.000000,0.000000,0.019500,0.010875,1.231875,669,8103035,41388,0,272,0,272,0,0,0,0,0,0,20822,14400,3510,2912,0
279,576,15.663167,15.549576,7.090469,0.000000,8.901208,8.809832,0.091251,0.019791,0.011709,0.612250,638,8106836,33581,0,32,0,32,0,0,0,0,0,0,5406,0,3510,1896,0
280,577,17.019333,16.898730,16.909671,0.000000,0.000293,0.000000,0.000000,0.017750,0.009208,1.221666,678,8102960,41522,0,272,0,272,0,0,0,0,0,0,22647,14400,4680,3567,0
281,578,16.463583,16.350334,6.920788,0.000000,9.673417,9.583581,0.089668,0.017542,0.007583,0.648125,638,8106685,33612,0,32,0,32,0,0,0,0,0,0,5406,0,3510,1896,0
282,579,17.189209,17.068919,17.078800,0.000000,0.000249,0.000000,0.000000,0.021916,0.009709,1.265001,669,8103192,41490,0,272,0,272,0,0,0,0,0,0,20838,14400,3510,2928,0
283,580,16.014833,15.902465,7.064794,0.000000,9.181791,9.113206,0.068460,0.017333,0.006792,0.612667,644,8106447,33663,0,32,0,32,0,0,0,0,0,0,7208,0,4680,2528,0
284,581,16.908333,16.786956,16.797909,0.000000,0.000208,0.000000,0.000000,0.015417,0.008875,0.899000,671,8103131,41472,0,272,0,272,0,0,0,0,0,0,20827,14400,3510,2917,0
285,582,16.572917,16.456562,7.040967,0.000000,9.637708,9.568082,0.069502,0.016917,0.007041,0.607542,643,8106820,33555,0,32,0,32,0,0,0,0,0,0,7004,0,4536,2468,0
286,583,17.161083,17.039800,17.050377,0.000000,0.000293,0.000000,0.000000,0.015167,0.008625,0.908584,673,8102851,41541,0,272,0,272,0,0,0,0,0,0,21071,14400,3654,3017,0
287,584,16.002584,15.889780,6.944998,0.000000,9.237418,9.198290,0.039044,0.016083,0.006542,1.223375,637,8106770,33581,0,32,0,32,0,0,0,0,0,0,5406,0,3510,1896,0
288,585,16.895708,16.774229,16.784296,0.000000,0.000208,0.000000,0.000000,0.018875,0.009417,0.448542,678,8103028,41478,0,272,0,272,0,0,0,0,0,0,22684,14400,4680,3604,0
289,586,16.605708,16.490457,6.972816,0.000000,9.694834,9.677915,0.016752,0.016917,0.006750,1.154250,638,8106725,33574,0,32,0,32,0,0,0,0,0,0,5406,0,3510,1896,0
290,587,16.933042,16.810020,16.822034,0.000000,0.000291,0.000000,0.000000,0.015542,0.008583,0.617167,673,8103079,41393,0,272,0,272,0,0,0,0,0,0,20900,14400,3510,2990,0
291,588,16.345083,16.231050,6.911774,0.000000,9.565668,9.497332,0.068210,0.015792,0.006667,1.062501,646,8106677,33578,0,32,0,32,0,0,0,0,0,0,7208,0,4680,2528,0
292,589,17.195000,17.069673,17.014918,0.000000,0.000293,0.000000,0.000000,0.026292,0.012958,0.289667,669,8103045,41479,0,272,0,272,0,0,0,0,0,0,20909,14400,3510,2999,0
293,590,16.304750,16.188936,7.067167,0.000000,9.391084,9.339915,0.050960,0.019417,0.007417,0.749791,640,8106768,33631,0,32,0,32,0,0,0,0,0,0,5406,0,3510,1896,0
294,591,16.819750,16.699916,16.710499,0.000000,0.000291,0.000000,0.000000,0.020000,0.012542,0.608917,678,8103009,41562,0,272,0,272,0,0,0,0,0,0,22669,14400,4680,3589,0
295,592,16.587917,16.470918,7.581628,0.000000,9.498833,9.498373,0.000210,0.020542,0.007916,1.065250,636,8106678,33647,0,32,0,32,0,0,0,0,0,0,5406,0,3510,1896,0
296,593,16.746417,16.624410,16.636031,0.000000,0.000248,0.000000,0.000000,0.017333,0.009875,1.055500,672,8103079,41495,0,272,0,272,0,0,0,0,0,0,20901,14400,3510,2991,0
297,594,16.563916,16.450328,6.903683,0.000000,9.770417,9.680207,0.090043,0.018042,0.007083,0.449375,645,8106606,33626,0,32,0,32,0,0,0,0,0,0,7208,0,4680,2528,0
298,595,17.146542,17.024633,17.034871,0.000000,0.000209,0.000000,0.000000,0.021208,0.010250,1.235542,673,8103164,41566,0,272,0,272,0,0,0,0,0,0,20912,14400,3510,3002,0
299,596,16.324917,16.214389,7.113088,0.000000,9.387999,9.319998,0.067835,0.027250,0.008708,0.606041,640,8106986,33622,0,32,0,32,0,0,0,0,0,0,5406,0,3510,1896,0
300,597,16.736333,16.616560,16.626247,0.000000,0.000167,0.000000,0.000000,0.017917,0.009791,1.225042,678,8102752,41493,0,272,0,272,0,0,0,0,0,0,22750,14400,4680,3670,0
301,598,16.548292,16.438860,6.867387,0.000000,9.771083,9.695331,0.075627,0.023458,0.009500,0.618042,638,8106861,33624,0,32,0,32,0,0,0,0,0,0,5406,0,3510,1896,0
302,599,16.836375,16.714718,16.725083,0.000000,0.000250,0.000000,0.000000,0.018333,0.015167,0.782125,673,8103076,41395,0,272,0,272,0,0,0,0,0,0,20919,14400,3510,3009,0
303,600,16.544250,16.429934,7.069388,0.000000,9.597875,9.528249,0.069501,0.017666,0.007000,1.221292,648,8106717,33602,0,32,0,32,0,0,0,0,0,0,7208,0,4680,2528,0
304,601,16.810166,16.687697,16.698886,0.000000,0.000333,0.000000,0.000000,0.016584,0.011291,0.501208,669,8102834,41499,0,272,0,272,0,0,0,0,0,0,20919,14400,3510,3009,0
305,602,16.430167,16.320762,6.737129,0.000000,9.789626,9.709040,0.080460,0.016000,0.006375,1.230084,640,8106827,33622,0,32,0,32,0,0,0,0,0,0,5406,0,3510,1896,0
306,603,16.772542,16.649665,16.660045,0.000000,0.000249,0.000000,0.000000,0.015916,0.008542,0.452250,678,8103077,41483,0,272,0,272,0,0,0,0,0,0,22712,14400,4680,3632,0
307,604,16.643916,16.531519,6.903260,0.000000,9.792501,9.745498,0.046836,0.018417,0.006625,0.942791,637,8106614,33640,0,32,0,32,0,0,0,0,0,0,5406,0,3510,1896,0
308,605,16.517792,16.399288,16.408255,0.000000,0.000168,0.000000,0.000000,0.016500,0.009000,0.455500,669,8103326,41393,0,272,0,272,0,0,0,0,0,0,20920,14400,3510,3010,0
309,606,17.029125,16.914842,7.776082,0.000000,9.818540,9.804873,0.013543,0.030042,0.009041,0.939917,648,8106431,33595,0,32,0,32,0,0,0,0,0,0,7208,0,4680,2528,0
310,607,17.763792,17.637282,17.626886,0.000000,0.000415,0.000000,0.000000,0.047583,0.018792,1.270125,666,8103180,41495,0,272,0,272,0,0,0,0,0,0,20940,14400,3510,3030,0
311,608,15.466916,15.354247,7.566198,0.000000,8.396250,8.395915,0.000168,0.024250,0.009042,0.613458,638,8106925,33600,0,32,0,32,0,0,0,0,0,0,5406,0,3510,1896,0
312,609,17.256792,17.132566,17.141816,0.000000,0.000208,0.000000,0.000000,0.027167,0.011125,1.215333,676,8102787,41478,0,272,0,272,0,0,0,0,0,0,22744,14400,4680,3664,0
313,610,16.052500,15.941195,7.591100,0.000000,9.052209,9.027040,0.025044,0.025542,0.008791,0.308667,638,8106673,33600,0,32,0,32,0,0,0,0,0,0,5406,0,3510,1896,0
314,611,16.159583,16.043758,16.046220,0.000000,0.000293,0.000000,0.000000,0.024792,0.013208,1.258999,671,8103173,41390,0,272,0,272,0,0,0,0,0,0,20919,14400,3510,3009,0
315,612,17.164959,17.057712,6.459088,0.000000,10.621250,10.502416,0.118710,0.020750,0.005291,0.608959,646,8106508,33581,0,32,0,32,0,0,0,0,0,0,7208,0,4680,2528,0
316,613,16.120791,16.008902,15.992011,0.000000,0.000209,0.000000,0.000000,0.028542,0.016625,0.921083,666,8103136,41478,0,272,0,272,0,0,0,0,0,0,20911,14400,3510,3001,0
317,614,17.296375,17.190127,6.524444,0.000000,10.690460,10.570040,0.120252,0.027917,0.010458,0.620458,639,8106921,33614,0,32,0,32,0,0,0,0,0,0,5406,0,3510,1896,0
318,615,16.745584,16.621125,16.571174,0.000000,0.000667,0.000000,0.000000,0.042291,0.015667,1.057999,679,8102986,41392,0,272,0,272,0,0,0,0,0,0,22694,14400,4680,3614,0
319,616,16.681208,16.575078,6.792417,0.000000,9.876918,9.793373,0.083377,0.037625,0.014625,1.242459,637,8106632,33570,0,32,0,32,0,0,0,0,0,0,5406,0,3510,1896,0
320,617,16.299000,16.183087,16.177078,0.000000,0.000334,0.000000,0.000000,0.027167,0.014583,0.641625,672,8103116,41392,0,272,0,272,0,0,0,0,0,0,20863,14400,3510,2953,0
321,618,17.026583,16.921585,6.620318,0.000000,10.373666,10.252499,0.121001,0.024125,0.011084,1.264667,646,8106522,33598,0,32,0,32,0,0,0,0,0,0,7208,0,4680,2528,0
322,619,16.097125,15.978260,15.965610,0.000000,0.000250,0.000000,0.000000,0.028209,0.013708,0.653708,670,8103238,41469,0,272,0,272,0,0,0,0,0,0,20880,14400,3510,2970,0
323,620,17.217167,17.113952,6.496972,0.000000,10.640626,10.519332,0.121168,0.023000,0.010083,1.253291,637,8106864,33600,0,32,0,32,0,0,0,0,0,0,5406,0,3510,1896,0
324,621,16.109708,15.993636,16.000269,0.000000,0.000250,0.000000,0.000000,0.025792,0.012042,0.611250,681,8102725,41527,0,272,0,272,0,0,0,0,0,0,22695,14400,4680,3615,0
325,622,17.189292,17.083047,6.683546,0.000000,10.537209,10.535040,0.002044,0.024208,0.008542,0.954917,639,8106743,33582,0,32,0,32,0,0,0,0,0,0,5406,0,3510,1896,0
326,623,16.075583,15.956173,15.958910,0.000000,0.000290,0.000000,0.000000,0.028792,0.023625,0.609542,667,8103288,41340,0,272,0,272,0,0,0,0,0,0,19806,14400,3510,1896,0
327,624,17.390917,17.282164,6.485493,0.000000,10.799084,10.667665,0.131252,0.022375,0.008083,1.153291,646,8106731,33630,0,32,0,32,0,0,0,0,0,0,7208,0,4680,2528,0
328,625,15.975958,15.858552,15.853939,0.000000,0.000291,0.000000,0.000000,0.028542,0.013333,1.318958,668,8103033,41331,0,272,0,272,0,0,0,0,0,0,19806,14400,3510,1896,0
329,626,17.384792,17.281865,6.507667,0.000000,10.780250,10.652498,0.127543,0.022500,0.006750,0.468208,638,8106636,33630,0,32,0,32,0,0,0,0,0,0,5406,0,3510,1896,0
330,627,15.888083,15.772614,15.781315,0.000000,0.000251,0.000000,0.000000,0.023250,0.012750,1.109334,675,8102943,41406,0,272,0,272,0,0,0,0,0,0,21608,14400,4680,2528,0
331,628,17.415625,17.310260,6.469205,0.000000,10.840917,10.699748,0.141044,0.022542,0.006458,0.654667,638,8106806,33678,0,32,0,32,0,0,0,0,0,0,5406,0,3510,1896,0
332,629,15.936834,15.814427,15.821209,0.000000,0.000208,0.000000,0.000000,0.025458,0.020542,1.117333,674,8103204,41551,0,272,0,272,0,0,0,0,0,0,20830,14400,3510,2920,0
333,630,17.490500,17.388492,7.018840,0.000000,10.637374,10.547707,0.089501,0.024166,0.007584,0.634542,652,8106437,34006,0,32,0,32,0,0,0,0,0,0,8232,0,4680,3552,0
334,631,15.725416,15.609537,15.619091,0.000000,0.158749,0.148499,0.009917,0.026125,0.186959,1.116750,671,8103001,41459,0,272,0,272,0,0,0,0,0,0,20896,14400,3510,2986,0
335,632,17.622584,17.519858,6.626642,0.000000,10.859417,10.719082,0.140210,0.023250,0.007916,1.067833,636,8106766,33675,0,32,0,32,0,0,0,0,0,0,5406,0,3510,1896,0
336,633,15.814875,15.695612,15.661697,0.000000,0.081291,0.080916,0.000167,0.022916,0.093417,0.472125,676,8102944,41355,0,272,0,272,0,0,0,0,0,0,21608,14400,4680,2528,0
337,634,17.532041,17.426824,6.557423,0.000000,10.868542,10.727248,0.141127,0.019375,0.014875,0.912500,637,8106844,33671,0,32,0,32,0,0,0,0,0,0,5406,0,3510,1896,0
338,635,16.216500,16.099506,16.090874,0.000000,0.000208,0.000000,0.000000,0.030209,0.012375,0.463291,675,8103095,41290,0,272,0,272,0,0,0,0,0,0,21404,14400,4536,2468,0
339,636,17.068584,16.964117,7.347742,0.000000,10.453918,10.453373,0.000377,0.020208,0.007542,0.754083,641,8106565,33738,0,32,0,32,0,0,0,0,0,0,5610,0,3654,1956,0
340,637,15.683958,15.569901,15.578497,0.000000,0.318209,0.315499,0.002501,0.020625,0.333417,0.611458,663,8103303,41325,0,272,0,272,0,0,0,0,0,0,19806,14400,3510,1896,0
341,638,17.884208,17.776905,6.856304,0.000000,10.877041,10.729248,0.147668,0.020959,0.013750,0.874334,646,8106664,33654,0,32,0,32,0,0,0,0,0,0,7208,0,4680,2528,0
342,639,16.126625,16.011553,16.010793,0.000000,0.000167,0.000000,0.000000,0.019459,0.020916,0.948708,671,8102930,41500,0,272,0,272,0,0,0,0,0,0,20886,14400,3510,2976,0
343,640,17.218417,17.109737,6.650832,0.000000,10.499917,10.383457,0.116294,0.020458,0.012667,0.462792,644,8106782,33859,0,32,0,32,0,0,0,0,0,0,7538,0,3510,4028,0
344,641,16.494750,16.370940,16.347385,0.000000,0.000291,0.000000,0.000000,0.041417,0.025500,0.937291,681,8102747,41510,0,272,0,272,0,0,0,0,0,0,22687,14400,4680,3607,0
345,642,16.874125,16.770877,6.786037,0.000000,10.099499,10.008249,0.091084,0.023583,0.007834,0.289750,645,8106855,33858,0,32,0,32,0,0,0,0,0,0,7552,0,3510,4042,0
346,643,15.826000,15.705651,15.697846,0.000000,0.000252,0.000000,0.000000,0.025167,0.018875,0.941667,671,8103073,41408,0,272,0,272,0,0,0,0,0,0,20859,14400,3510,2949,0
347,644,17.508458,17.397497,7.782201,0.000000,10.636250,10.635665,0.000460,0.024959,0.008375,0.562417,652,8106394,33834,0,32,0,32,0,0,0,0,0,0,10053,0,4680,5373,0
348,645,16.035084,15.920097,15.915900,0.000000,0.000375,0.000000,0.000000,0.026750,0.011000,0.918667,669,8103116,41365,0,272,0,272,0,0,0,0,0,0,19806,14400,3510,1896,0
349,646,17.228166,17.122068,6.519776,0.000000,10.617252,10.518957,0.098127,0.021417,0.005667,0.608375,642,8106777,33742,0,32,0,32,0,0,0,0,0,0,7170,0,3510,3660,0
350,647,16.368875,16.245954,16.186620,0.000000,0.000208,0.000000,0.000000,0.028792,0.024958,0.920833,678,8103061,41488,0,272,0,272,0,0,0,0,0,0,23316,14400,4680,4236,0
351,648,17.251459,17.144454,6.762826,0.000000,10.381166,10.262915,0.118002,0.048125,0.009875,0.985833,643,8106727,33766,0,32,0,32,0,0,0,0,0,0,7054,0,3510,3544,0
352,649,16.157083,16.029600,16.028035,0.000000,0.000210,0.000000,0.000000,0.023417,0.010375,0.673750,669,8103159,41407,0,272,0,272,0,0,0,0,0,0,21362,14400,3510,3452,0
353,650,17.018792,16.921629,6.593123,0.000000,10.388460,10.278999,0.109294,0.021875,0.013541,1.279042,648,8106396,33670,0,32,0,32,0,0,0,0,0,0,7208,0,4680,2528,0
354,651,16.080166,15.963083,15.972069,0.000000,0.000335,0.000000,0.000000,0.027709,0.011625,0.617625,671,8103212,41475,0,272,0,272,0,0,0,0,0,0,21277,14400,3510,3367,0
355,652,17.319125,17.214490,6.523966,0.000000,10.699167,10.568873,0.130127,0.023417,0.009792,1.254041,638,8106727,33654,0,32,0,32,0,0,0,0,0,0,5406,0,3510,1896,0
356,653,16.142375,16.025035,16.032003,0.000000,0.000250,0.000000,0.000000,0.033084,0.013333,0.632917,677,8103067,41404,0,272,0,272,0,0,0,0,0,0,22969,14400,4680,3889,0
357,654,17.185000,17.081207,6.516254,0.000000,10.578542,10.479874,0.098460,0.027959,0.008458,0.930041,635,8106669,33637,0,32,0,32,0,0,0,0,0,0,5406,0,3510,1896,0
358,655,15.993584,15.874301,15.875586,0.000000,0.000208,0.000000,0.000000,0.025541,0.010167,1.256125,671,8103261,41402,0,272,0,272,0,0,0,0,0,0,21055,14400,3510,3145,0
359,656,17.574875,17.466074,6.660613,0.000000,10.823250,10.688998,0.134085,0.054375,0.014250,0.610292,645,8106613,33625,0,32,0,32,0,0,0,0,0,0,7208,0,4680,2528,0
360,657,16.203250,16.088622,16.097011,0.000000,0.000250,0.000000,0.000000,0.026000,0.013041,1.125000,671,8102945,41436,0,272,0,272,0,0,0,0,0,0,20687,14400,3510,2777,0
361,658,16.902833,16.798872,6.592944,0.000000,10.239000,10.173831,0.065044,0.025625,0.006917,0.300459,639,8106777,33631,0,32,0,32,0,0,0,0,0,0,5406,0,3510,1896,0
362,659,16.217708,16.100827,16.110411,0.000000,0.000208,0.000000,0.000000,0.033000,0.015250,1.107167,679,8102906,41417,0,272,0,272,0,0,0,0,0,0,22454,14400,4680,3374,0
363,660,17.175459,17.071326,6.506584,0.000000,10.592792,10.472165,0.120502,0.021666,0.005667,0.377250,639,8106890,33620,0,32,0,32,0,0,0,0,0,0,5406,0,3510,1896,0
364,661,16.004708,15.887419,15.894204,0.000000,0.000251,0.000000,0.000000,0.023625,0.011542,0.760750,670,8103047,41342,0,272,0,272,0,0,0,0,0,0,20598,14400,3510,2688,0
365,662,17.347708,17.209471,6.412707,0.000000,10.809333,10.676290,0.132960,0.019209,0.006791,1.262250,648,8106669,33619,0,32,0,32,0,0,0,0,0,0,7208,0,4680,2528,0
366,663,16.066084,15.949001,15.924293,0.000000,0.000290,0.000000,0.000000,0.026291,0.048334,0.462917,672,8102994,41470,0,272,0,272,0,0,0,0,0,0,20557,14400,3510,2647,0
367,664,17.377166,17.273716,6.474645,0.000000,10.772751,10.609956,0.162669,0.023584,0.008500,1.111167,638,8106823,33636,0,32,0,32,0,0,0,0,0,0,5406,0,3510,1896,0
368,665,16.173167,16.053999,16.025655,0.000000,0.000291,0.000000,0.000000,0.028917,0.017375,0.452750,680,8102960,41376,0,272,0,272,0,0,0,0,0,0,22587,14400,4680,3507,0
369,666,17.147375,17.043452,6.522879,0.000000,10.543167,10.457832,0.085168,0.023167,0.007000,0.778208,637,8106807,33644,0,32,0,32,0,0,0,0,0,0,5406,0,3510,1896,0
370,667,16.680542,16.561178,16.486681,0.000000,0.000542,0.000000,0.000000,0.037041,0.016209,0.650167,671,8102937,41324,0,272,0,272,0,0,0,0,0,0,20616,14400,3510,2706,0
371,668,16.689416,16.584705,6.649379,0.000000,10.065084,9.946957,0.117960,0.027542,0.007458,0.950959,646,8106706,33624,0,32,0,32,0,0,0,0,0,0,7208,0,4680,2528,0
372,669,16.271875,16.154552,16.126337,0.000000,0.000250,0.000000,0.000000,0.027500,0.011959,0.638125,668,8103117,41417,0,272,0,272,0,0,0,0,0,0,20650,14400,3510,2740,0
373,670,16.958417,16.854280,7.376881,0.000000,10.354418,10.321123,0.033127,0.022667,0.006583,0.637416,637,8106728,33632,0,32,0,32,0,0,0,0,0,0,5406,0,3510,1896,0
374,671,16.282958,16.166680,16.165237,0.000000,0.000292,0.000000,0.000000,0.027500,0.011334,0.928750,674,8102960,41386,0,272,0,272,0,0,0,0,0,0,22630,14400,4680,3550,0
375,672,17.269917,17.159997,6.652248,0.000000,10.516583,10.429749,0.086751,0.027042,0.005916,0.647500,637,8106944,33637,0,32,0,32,0,0,0,0,0,0,5406,0,3510,1896,0
376,673,15.978750,15.860995,15.869750,0.000000,0.000250,0.000000,0.000000,0.025333,0.015250,1.275458,670,8102953,41357,0,272,0,272,0,0,0,0,0,0,21481,14400,3510,3571,0
377,674,17.328292,17.227350,6.992995,0.000000,10.780334,10.662623,0.117543,0.026250,0.018000,0.612500,645,8106524,33643,0,32,0,32,0,0,0,0,0,0,7208,0,4680,2528,0
378,675,16.849166,16.728521,16.635459,0.000000,0.000500,0.000000,0.000000,0.036459,0.016708,0.949292,671,8103183,41411,0,272,0,272,0,0,0,0,0,0,21420,14400,3510,3510,0
379,676,16.698959,16.589702,6.902917,0.000000,9.817167,9.716706,0.100294,0.031541,0.011917,0.467375,635,8106925,33639,0,32,0,32,0,0,0,0,0,0,5406,0,3510,1896,0
380,677,16.224541,16.112948,16.112425,0.000000,0.000248,0.000000,0.000000,0.036000,0.012667,0.994709,678,8102711,41402,0,272,0,272,0,0,0,0,0,0,23365,14400,4680,4285,0
381,678,17.020334,16.911332,7.418620,0.000000,10.308417,10.227416,0.080793,0.029791,0.007750,1.291459,639,8106945,33654,0,32,0,32,0,0,0,0,0,0,5406,0,3510,1896,0
382,679,15.985375,15.871474,15.867459,0.000000,0.000249,0.000000,0.000000,0.028041,0.050375,0.623416,672,8103002,41340,0,272,0,272,0,0,0,0,0,0,21384,14400,3510,3474,0
383,680,17.420041,17.315247,6.643361,0.000000,10.620001,10.508999,0.110793,0.023500,0.008209,1.254209,643,8106624,33714,0,32,0,32,0,0,0,0,0,0,7208,0,4680,2528,0
384,681,15.905667,15.786450,15.783325,0.000000,0.000332,0.000000,0.000000,0.025000,0.019125,0.639416,671,8102982,41385,0,272,0,272,0,0,0,0,0,0,21549,14400,3510,3639,0
385,682,17.381750,17.282173,6.466494,0.000000,10.825959,10.689373,0.136419,0.027000,0.005917,1.289208,638,8106815,33641,0,32,0,32,0,0,0,0,0,0,5406,0,3510,1896,0
386,683,16.052708,15.936491,15.934865,0.000000,0.000166,0.000000,0.000000,0.025584,0.013083,0.628833,681,8102900,41444,0,272,0,272,0,0,0,0,0,0,23171,14400,4680,4091,0
387,684,17.293042,17.185846,7.389823,0.000000,10.542459,10.514999,0.027251,0.028375,0.007292,0.927499,640,8106799,33651,0,32,0,32,0,0,0,0,0,0,5406,0,3510,1896,0
388,685,16.239667,16.123602,16.061968,0.000000,0.000290,0.000000,0.000000,0.029000,0.013041,0.631250,672,8103275,41312,0,272,0,272,0,0,0,0,0,0,21565,14400,3510,3655,0
389,686,17.136333,17.024039,6.814392,0.000000,10.331834,10.331498,0.000169,0.020375,0.023042,1.105209,646,8106441,33729,0,32,0,32,0,0,0,0,0,0,7208,0,4680,2528,0
390,687,15.970042,15.860465,15.848872,0.000000,0.000209,0.000000,0.000000,0.026000,0.010208,1.285333,671,8103058,41367,0,272,0,272,0,0,0,0,0,0,21463,14400,3510,3553,0
391,688,17.425291,17.320968,6.491912,0.000000,10.831082,10.696414,0.134502,0.019709,0.013458,0.454792,643,8106822,33619,0,32,0,32,0,0,0,0,0,0,7004,0,4536,2468,0
392,689,16.061250,15.941126,15.940932,0.000000,0.000375,0.000000,0.000000,0.024709,0.020583,1.116499,674,8103054,41490,0,272,0,272,0,0,0,0,0,0,21637,14400,3654,3583,0
393,690,17.317250,17.216105,6.524431,0.000000,10.694543,10.585291,0.109126,0.024625,0.006167,0.611250,638,8106612,33655,0,32,0,32,0,0,0,0,0,0,5406,0,3510,1896,0
394,691,16.000250,15.884258,15.866957,0.000000,0.000251,0.000000,0.000000,0.028875,0.014209,1.241458,678,8103015,41399,0,272,0,272,0,0,0,0,0,0,21778,14400,4680,2698,0
395,692,17.227542,17.117595,6.884903,0.000000,10.637790,10.592915,0.044751,0.021208,0.015209,0.607958,638,8106762,33646,0,32,0,32,0,0,0,0,0,0,5406,0,3510,1896,0
396,693,15.938917,15.823133,15.815409,0.000000,0.084501,0.064666,0.019625,0.027208,0.106333,0.973626,670,8103216,41316,0,272,0,272,0,0,0,0,0,0,19976,14400,3510,2066,0
397,694,17.538250,17.424413,7.277295,0.000000,10.862876,10.741082,0.121627,0.020000,0.016291,1.236541,646,8106658,33652,0,32,0,32,0,0,0,0,0,0,7208,0,4680,2528,0
398,695,15.947583,15.834517,15.831738,0.000000,0.000250,0.000000,0.000000,0.025208,0.010000,0.623291,670,8103077,41461,0,272,0,272,0,0,0,0,0,0,19976,14400,3510,2066,0
399,696,17.423208,17.311164,6.549247,0.000000,10.759751,10.635499,0.124127,0.024084,0.007000,1.298083,639,8106678,33644,0,32,0,32,0,0,0,0,0,0,5406,0,3510,1896,0
400,697,16.077084,15.966522,15.969955,0.000000,0.000250,0.000000,0.000000,0.025500,0.010791,0.657292,676,8102803,41433,0,272,0,272,0,0,0,0,0,0,21778,14400,4680,2698,0
401,698,17.280083,17.176033,6.483700,0.000000,10.699334,10.588040,0.111127,0.027833,0.005667,0.965708,639,8106955,33652,0,32,0,32,0,0,0,0,0,0,5406,0,3510,1896,0
402,699,15.882500,15.766436,15.763150,0.000000,0.031626,0.018083,0.013375,0.025000,0.060750,0.611875,672,8103022,41362,0,272,0,272,0,0,0,0,0,0,19976,14400,3510,2066,0
403,700,17.571708,17.454516,6.602558,0.000000,10.834958,10.712456,0.122377,0.020500,0.013042,1.239125,645,8106823,33633,0,32,0,32,0,0,0,0,0,0,7208,0,4680,2528,0
404,701,15.924417,15.813750,15.815348,0.000000,0.000209,0.000000,0.000000,0.024250,0.020667,0.635417,668,8102781,41484,0,272,0,272,0,0,0,0,0,0,19976,14400,3510,2066,0
405,702,17.347708,17.240952,6.508238,0.000000,10.734126,10.616207,0.117793,0.035750,0.010792,1.092750,638,8106806,33495,0,32,0,32,0,0,0,0,0,0,5406,0,3510,1896,0
406,703,17.845084,17.724256,17.716428,0.000000,0.000334,0.000000,0.000000,0.027875,0.013333,0.947583,675,8102918,41384,0,272,0,272,0,0,0,0,0,0,21778,14400,4680,2698,0
407,704,15.386708,15.274484,7.217079,0.000000,8.729707,8.722748,0.006835,0.019042,0.018625,0.302083,636,8106884,33492,0,32,0,32,0,0,0,0,0,0,5406,0,3510,1896,0
408,705,17.090542,16.977490,16.978894,0.000000,0.000293,0.000000,0.000000,0.018416,0.010834,1.320000,670,8103065,41336,0,272,0,272,0,0,0,0,0,0,19976,14400,3510,2066,0
409,706,16.418041,16.312314,6.692999,0.000000,9.820418,9.707165,0.113086,0.030667,0.016083,0.611625,644,8106819,33469,0,22,0,22,0,0,0,0,0,0,7208,0,4680,2528,0
410,707,17.242042,17.122471,17.120674,0.000000,0.000292,0.000000,0.000000,0.023542,0.010625,0.924667,672,8102871,41398,0,282,0,282,0,0,0,0,0,0,19976,14400,3510,2066,0
411,708,15.946792,15.841821,6.730204,0.000000,9.447916,9.447415,0.000334,0.020291,0.005375,0.613167,638,8107064,33507,0,32,0,32,0,0,0,0,0,0,5406,0,3510,1896,0
412,709,17.771000,17.642705,17.571193,0.000000,0.000374,0.000000,0.000000,0.045583,0.019917,0.931708,676,8102599,41495,0,272,0,272,0,0,0,0,0,0,21778,14400,4680,2698,0
413,710,15.681750,15.577359,6.733138,0.000000,9.144085,9.052874,0.091002,0.024083,0.010625,1.303292,638,8106883,33529,0,32,0,32,0,0,0,0,0,0,5406,0,3510,1896,0
414,711,16.900166,16.776879,16.786290,0.000000,0.000251,0.000000,0.000000,0.022625,0.023792,0.626458,669,8103113,41374,0,272,0,272,0,0,0,0,0,0,19976,14400,3510,2066,0
415,712,16.377250,16.275332,6.592472,0.000000,9.866374,9.857373,0.008877,0.028709,0.007708,1.334125,648,8106735,33473,0,22,0,22,0,0,0,0,0,0,7208,0,4680,2528,0
416,713,16.880542,16.756716,16.769542,0.000000,0.000292,0.000000,0.000000,0.024042,0.011791,0.633417,671,8103003,41517,0,282,0,282,0,0,0,0,0,0,19976,14400,3510,2066,0
417,714,16.731833,16.624234,6.723038,0.000000,10.027041,9.946123,0.080793,0.032167,0.015083,0.931999,635,8106709,33524,0,32,0,32,0,0,0,0,0,0,5406,0,3510,1896,0
418,715,16.991959,16.874844,16.876468,0.000000,0.000291,0.000000,0.000000,0.032083,0.012250,0.635333,676,8103038,41495,0,272,0,272,0,0,0,0,0,0,21778,14400,4680,2698,0
419,716,16.227833,16.124673,6.565705,0.000000,9.706373,9.616456,0.089751,0.020417,0.005958,1.104916,638,8106636,33513,0,32,0,32,0,0,0,0,0,0,5406,0,3510,1896,0
420,717,16.776000,16.652747,16.665457,0.000000,0.000457,0.000000,0.000000,0.033625,0.017208,1.249958,668,8103143,41507,0,272,0,272,0,0,0,0,0,0,19976,14400,3510,2066,0
421,718,16.690958,16.589659,6.662994,0.000000,10.114457,9.987248,0.127043,0.021125,0.006750,0.638792,647,8106560,33602,0,32,0,32,0,0,0,0,0,0,7208,0,4680,2528,0
422,719,15.603000,15.483952,15.484820,0.000000,0.279499,0.279124,0.000084,0.025334,0.317541,1.268626,668,8103165,41716,0,272,0,272,0,0,0,0,0,0,19976,14400,3510,2066,0
423,720,17.751042,17.650412,6.714199,0.000000,10.881333,10.717874,0.163293,0.022167,0.005625,0.609458,640,8106749,33584,0,32,0,32,0,0,0,0,0,0,5406,0,3510,1896,0
424,721,15.721500,15.606147,15.606445,0.000000,0.171208,0.170583,0.000376,0.028042,0.228416,1.220083,674,8102904,41581,0,272,0,272,0,0,0,0,0,0,21778,14400,4680,2698,0
425,722,17.674625,17.569282,6.742244,0.000000,10.793751,10.660499,0.133085,0.020625,0.018542,0.616459,640,8106812,33596,0,32,0,32,0,0,0,0,0,0,5406,0,3510,1896,0
426,723,15.299750,15.185616,15.187338,0.000000,0.576373,0.575957,0.000334,0.026583,0.578917,0.928875,671,8103182,41397,0,272,0,272,0,0,0,0,0,0,19976,14400,3510,2066,0
427,724,17.980917,17.876877,6.900663,0.000000,10.898917,10.747123,0.151544,0.019416,0.005709,0.608375,644,8106550,33548,0,32,0,32,0,0,0,0,0,0,7208,0,4680,2528,0
428,725,15.384125,15.269754,15.232121,0.000000,0.823832,0.816719,0.007030,0.024500,0.583125,1.254500,670,8103214,41454,0,272,0,272,0,0,0,0,0,0,19976,14400,3510,2066,0
429,726,17.990666,17.882258,6.954549,0.000000,10.853749,10.694332,0.159251,0.019875,0.015167,0.933833,640,8106686,33524,0,32,0,32,0,0,0,0,0,0,5406,0,3510,1896,0
430,727,16.678292,16.565258,16.495185,0.000000,0.000543,0.000000,0.000000,0.046042,0.019750,0.644625,677,8102789,41514,0,272,0,272,0,0,0,0,0,0,21778,14400,4680,2698,0
431,728,16.731292,16.626455,7.075009,0.000000,10.078000,9.988499,0.089335,0.027500,0.006708,0.975042,639,8106874,33563,0,32,0,32,0,0,0,0,0,0,5406,0,3510,1896,0
432,729,15.631708,15.508841,15.504325,0.000000,0.262917,0.262500,0.000209,0.031292,0.313208,0.638416,668,8103115,41393,0,272,0,272,0,0,0,0,0,0,19807,14400,3510,1897,0
433,730,17.722542,17.618582,6.702801,0.000000,10.856291,10.693873,0.162293,0.024916,0.015209,0.958584,644,8106718,33616,0,32,0,32,0,0,0,0,0,0,7208,0,4680,2528,0
434,731,15.384416,15.265630,15.251925,0.000000,0.564290,0.546831,0.017335,0.027209,0.572708,0.668625,667,8103117,41372,0,272,0,272,0,0,0,0,0,0,19806,14400,3510,1896,0
435,732,17.954792,17.846368,7.271475,0.000000,10.815999,10.682748,0.133085,0.019417,0.014750,1.303459,640,8106727,33572,0,32,0,32,0,0,0,0,0,0,5406,0,3510,1896,0
436,733,16.099875,15.988222,15.978441,0.000000,0.000292,0.000000,0.000000,0.026542,0.012250,1.260125,672,8102965,41452,0,272,0,272,0,0,0,0,0,0,21608,14400,4680,2528,0
437,734,17.119500,17.008169,6.442054,0.000000,10.647084,10.577749,0.069168,0.020958,0.011250,0.608666,637,8106933,33418,0,32,0,32,0,0,0,0,0,0,5406,0,3510,1896,0
438,735,17.733708,17.608917,17.542922,0.000000,0.000210,0.000000,0.000000,0.036209,0.015208,0.936292,664,8102970,41144,0,272,0,272,0,0,0,0,0,0,19806,14400,3510,1896,0
439,736,15.753709,15.648857,7.026708,0.000000,8.947834,8.879915,0.067752,0.030750,0.008708,0.540917,642,8106634,33561,0,32,0,32,0,0,0,0,0,0,7208,0,4680,2528,0
440,737,17.095833,16.973214,16.971231,0.000000,0.000250,0.000000,0.000000,0.025292,0.011875,0.762833,675,8103094,41366,0,272,0,272,0,0,0,0,0,0,20830,14400,3510,2920,0
441,738,16.209208,16.100085,6.721658,0.000000,9.584166,9.504999,0.078959,0.026625,0.007292,0.288834,646,8106701,33708,0,32,0,32,0,0,0,0,0,0,6430,0,3510,2920,0
442,739,17.586917,17.463477,17.448574,0.000000,0.000290,0.000000,0.000000,0.032458,0.013667,0.787041,678,8102628,41308,0,272,0,272,0,0,0,0,0,0,21778,14400,4680,2698,0
443,740,15.826708,15.711723,6.901597,0.000000,9.232041,9.155956,0.075960,0.025792,0.007208,1.270708,637,8106879,33537,0,32,0,32,0,0,0,0,0,0,5406,0,3510,1896,0
444,741,16.875125,16.755343,16.743866,0.000000,0.000249,0.000000,0.000000,0.023875,0.011334,0.471500,675,8102957,41243,0,272,0,272,0,0,0,0,0,0,21404,14400,4536,2468,0
445,742,16.429667,16.324206,6.856010,0.000000,9.938542,9.873539,0.064794,0.021000,0.014458,1.239666,637,8106854,33601,0,32,0,32,0,0,0,0,0,0,5610,0,3654,1956,0
446,743,16.957458,16.837963,16.843153,0.000000,0.000251,0.000000,0.000000,0.025625,0.015417,0.653500,667,8103098,41191,0,272,0,272,0,0,0,0,0,0,19806,14400,3510,1896,0
447,744,16.501459,16.397337,6.887442,0.000000,9.966709,9.851541,0.115001,0.022083,0.008000,1.155500,646,8106544,33628,0,32,0,32,0,0,0,0,0,0,7208,0,4680,2528,0
448,745,16.773083,16.652670,16.645704,0.000000,0.000207,0.000000,0.000000,0.026042,0.012458,0.667375,666,8103168,41386,0,272,0,272,0,0,0,0,0,0,19806,14400,3510,1896,0
449,746,16.567708,16.461462,6.632379,0.000000,9.961916,9.881456,0.080293,0.026334,0.007750,0.967958,637,8106858,33547,0,32,0,32,0,0,0,0,0,0,5406,0,3510,1896,0
450,747,17.255500,17.131667,17.143535,0.000000,0.000250,0.000000,0.000000,0.027334,0.028041,1.269500,681,8102767,41445,0,272,0,272,0,0,0,0,0,0,21948,14400,4680,2868,0
451,748,16.082750,15.974089,6.826575,0.000000,9.349001,9.285040,0.063836,0.023042,0.007875,0.631584,658,8106554,34343,0,32,0,32,0,0,0,0,0,0,6596,0,3510,3086,0
452,749,16.890750,16.766706,16.767448,0.000000,0.000251,0.000000,0.000000,0.029542,0.011375,1.262709,672,8103148,41391,0,272,0,272,0,0,0,0,0,0,19976,14400,3510,2066,0
453,750,16.614417,16.501082,6.684623,0.000000,9.964208,9.854498,0.109543,0.022125,0.013792,0.609833,648,8106489,33604,0,32,0,32,0,0,0,0,0,0,7208,0,4680,2528,0
454,751,16.874875,16.752232,16.747595,0.000000,0.000250,0.000000,0.000000,0.024333,0.021167,1.242875,670,8103147,41487,0,272,0,272,0,0,0,0,0,0,21555,14400,3510,3645,0
455,752,16.823042,16.721156,7.352998,0.000000,9.800000,9.718165,0.081668,0.026000,0.007208,0.290167,639,8106682,34526,0,52,0,52,0,0,0,0,0,0,5406,0,3510,1896,0
456,753,15.145666,15.034433,14.623665,0.000000,1.659501,1.658430,0.000904,0.029375,0.400417,1.241084,696,8103154,43952,0,252,0,252,0,0,0,0,0,0,23329,14400,4680,4249,0
457,754,18.187667,18.083832,7.579208,0.000000,10.851749,10.761706,0.089877,0.022292,0.007958,0.374209,638,8106390,34492,0,52,0,52,0,0,0,0,0,0,5406,0,3510,1896,0
458,755,15.026458,14.912324,13.993022,0.000000,2.205458,2.191345,0.013947,0.023000,0.571584,1.028542,684,8103493,43884,0,252,0,252,0,0,0,0,0,0,21546,14400,3510,3636,0
459,756,18.309709,18.201709,7.282623,0.000000,10.846916,10.701832,0.144918,0.023125,0.006916,1.260500,647,8106522,34380,0,42,0,42,0,0,0,0,0,0,7208,0,4680,2528,0
460,757,15.023833,14.913595,14.055511,0.000000,2.179166,2.178637,0.000446,0.022958,0.588542,0.608125,684,8103242,44065,0,262,0,262,0,0,0,0,0,0,21508,14400,3510,3598,0
461,758,18.339417,18.231537,7.368211,0.000000,10.786000,10.653498,0.132377,0.024708,0.007958,0.936792,638,8106350,34491,0,52,0,52,0,0,0,0,0,0,5406,0,3510,1896,0
462,759,15.149083,15.040806,14.184505,0.000000,2.067709,2.066762,0.000905,0.025083,0.489750,0.612541,693,8103303,43953,0,252,0,252,0,0,0,0,0,0,23314,14400,4680,4234,0
463,760,18.203292,18.099509,7.180662,0.000000,10.828417,10.678207,0.150002,0.022208,0.006417,1.059333,638,8106464,34493,0,52,0,52,0,0,0,0,0,0,5406,0,3510,1896,0
464,761,15.073666,14.959092,13.919404,0.000000,2.254709,2.249012,0.005571,0.027750,0.552584,0.608417,687,8103539,43883,0,252,0,252,0,0,0,0,0,0,21526,14400,3510,3616,0
465,762,18.315875,18.211986,7.235605,0.000000,10.891083,10.744707,0.146251,0.023125,0.005709,0.756709,643,8106505,34380,0,42,0,42,0,0,0,0,0,0,7208,0,4680,2528,0
466,763,15.046959,14.936236,14.262980,0.000000,1.983292,1.975054,0.008155,0.022166,0.563709,0.633417,689,8103128,44064,0,262,0,262,0,0,0,0,0,0,21567,14400,3510,3657,0
467,764,18.287125,18.181011,7.253710,0.000000,10.871041,10.727665,0.143251,0.029666,0.008042,0.907667,639,8106447,34492,0,52,0,52,0,0,0,0,0,0,5406,0,3510,1896,0
468,765,15.171541,15.060444,14.077707,0.000000,2.146000,2.145179,0.000779,0.031834,0.478208,0.906084,694,8103264,43952,0,252,0,252,0,0,0,0,0,0,23294,14400,4680,4214,0
469,766,18.186334,18.082661,7.235099,0.000000,10.863708,10.773540,0.090044,0.020583,0.016667,0.476000,637,8106421,34492,0,52,0,52,0,0,0,0,0,0,5406,0,3510,1896,0
470,767,15.069958,14.956168,13.988577,0.000000,2.287875,2.283011,0.004823,0.021500,0.610875,0.849624,687,8103661,43884,0,252,0,252,0,0,0,0,0,0,21528,14400,3510,3618,0
471,768,18.305542,18.200937,8.127862,0.000000,10.750499,10.699165,0.051126,0.026291,0.014875,0.476708,644,8106250,34379,0,42,0,42,0,0,0,0,0,0,7208,0,4680,2528,0
472,769,15.089125,14.976295,14.389833,0.000000,1.829417,1.828887,0.000321,0.032375,0.547416,0.782000,687,8103397,44065,0,262,0,262,0,0,0,0,0,0,21521,14400,3510,3611,0
473,770,18.254666,18.151076,7.499832,0.000000,10.751209,10.750832,0.000169,0.023459,0.017958,0.655667,640,8106347,34491,0,52,0,52,0,0,0,0,0,0,5406,0,3510,1896,0
474,771,15.193125,15.079635,14.158068,0.000000,2.106584,2.105680,0.000737,0.025750,0.466750,1.169875,691,8103324,43953,0,252,0,252,0,0,0,0,0,0,23360,14400,4680,4280,0
475,772,18.190709,18.089663,7.888786,0.000000,10.768166,10.686248,0.081752,0.031291,0.009667,1.298541,636,8106414,34492,0,52,0,52,0,0,0,0,0,0,5406,0,3510,1896,0
476,773,15.066041,14.953388,13.984468,0.000000,2.258875,2.257052,0.001739,0.021584,0.581750,0.653416,688,8103500,43883,0,252,0,252,0,0,0,0,0,0,21571,14400,3510,3661,0
477,774,18.339125,18.235626,7.253250,0.000000,10.897917,10.744541,0.153168,0.020250,0.007125,1.238250,644,8106513,34380,0,42,0,42,0,0,0,0,0,0,7208,0,4680,2528,0
478,775,15.030625,14.915466,14.114874,0.000000,2.115792,2.115345,0.000405,0.022167,0.614042,0.633417,686,8103325,44065,0,262,0,262,0,0,0,0,0,0,21598,14400,3510,3688,0
479,776,18.356167,18.252337,7.281112,0.000000,10.869877,10.728207,0.141502,0.024333,0.015500,0.962750,638,8106318,34491,0,52,0,52,0,0,0,0,0,0,5406,0,3510,1896,0
480,777,15.328917,15.216171,14.648309,0.000000,1.518959,1.513805,0.004945,0.046041,0.244125,0.613375,694,8103365,43953,0,252,0,252,0,0,0,0,0,0,23375,14400,4680,4295,0
481,778,18.146875,18.041715,7.631276,0.000000,10.690667,10.630623,0.059877,0.025500,0.017291,0.758875,639,8106382,34492,0,52,0,52,0,0,0,0,0,0,5406,0,3510,1896,0
482,779,14.894083,14.788454,14.071747,0.000000,2.088917,2.087594,0.001281,0.022250,0.605167,0.609667,687,8103553,43884,0,252,0,252,0,0,0,0,0,0,21660,14400,3510,3750,0
483,780,18.321375,18.217829,7.233066,0.000000,10.903167,10.753166,0.149835,0.021792,0.006291,0.932208,646,8106459,34380,0,42,0,42,0,0,0,0,0,0,7208,0,4680,2528,0
484,781,15.048875,14.934290,14.128214,0.000000,2.125874,2.125428,0.000363,0.025458,0.578875,0.946084,687,8103121,44064,0,262,0,262,0,0,0,0,0,0,21641,14400,3510,3731,0
485,782,18.350167,18.246741,7.426030,0.000000,10.802500,10.755915,0.046460,0.023916,0.011167,0.610208,638,8106531,34493,0,52,0,52,0,0,0,0,0,0,5406,0,3510,1896,0
486,783,15.139791,15.024826,14.368532,0.000000,1.869918,1.868597,0.001196,0.029167,0.450917,0.987750,695,8103349,43950,0,252,0,252,0,0,0,0,0,0,23487,14400,4680,4407,0
487,784,18.204542,18.102753,8.223979,0.000000,10.778917,10.778206,0.000585,0.019250,0.016083,0.289958,637,8106356,34491,0,52,0,52,0,0,0,0,0,0,5406,0,3510,1896,0
488,785,15.029042,14.917349,13.927883,0.000000,2.271625,2.269302,0.002281,0.024666,0.607625,0.921833,688,8103398,43884,0,252,0,252,0,0,0,0,0,0,21666,14400,3510,3756,0
489,786,18.365083,18.260076,7.350794,0.000000,10.829542,10.693082,0.136293,0.020125,0.013917,0.617709,645,8106456,34562,0,52,0,52,0,0,0,0,0,0,7208,0,4680,2528,0
490,787,15.124458,15.012930,14.551425,0.000000,1.692541,1.691596,0.000696,0.032959,0.474833,1.281709,682,8103325,43883,0,252,0,252,0,0,0,0,0,0,21384,14400,3510,3474,0
491,788,18.290667,18.183080,7.275833,0.000000,10.820376,10.683623,0.136502,0.024667,0.015125,1.006583,640,8106538,34493,0,52,0,52,0,0,0,0,0,0,5406,0,3510,1896,0
492,789,15.009042,14.902391,14.504591,0.000000,1.726457,1.721138,0.005070,0.032625,0.555708,0.645667,695,8103243,43952,0,252,0,252,0,0,0,0,0,0,23169,14400,4680,4089,0
493,790,18.340583,18.237711,7.292253,0.000000,10.862165,10.708748,0.153293,0.025333,0.008625,1.261709,637,8106483,34492,0,52,0,52,0,0,0,0,0,0,5406,0,3510,1896,0
494,791,15.023417,14.909971,13.969299,0.000000,2.144583,2.109678,0.031822,0.027250,0.559333,0.610125,683,8103453,43883,0,252,0,252,0,0,0,0,0,0,21391,14400,3510,3481,0
495,792,18.324291,18.220456,7.689741,0.000000,10.656917,10.585624,0.071168,0.020417,0.006583,0.947125,647,8106322,34564,0,52,0,52,0,0,0,0,0,0,7208,0,4680,2528,0
496,793,15.041292,14.923507,14.045105,0.000000,2.135125,2.125804,0.009196,0.019417,0.573916,0.645541,686,8103379,43883,0,252,0,252,0,0,0,0,0,0,21443,14400,3510,3533,0
497,794,18.295167,18.191598,7.645407,0.000000,10.665084,10.629498,0.035419,0.056250,0.037333,0.929583,646,8106657,34390,0,52,0,52,0,0,0,0,0,0,7004,0,4536,2468,0
498,795,15.062500,14.952130,14.734466,0.000000,1.094543,1.093930,0.000487,0.036416,0.546667,0.295792,688,8103152,44055,0,252,0,252,0,0,0,0,0,0,21683,14400,3654,3629,0
499,796,18.448458,18.345214,7.717172,0.000000,10.800668,10.713956,0.086544,0.030583,0.007584,0.735875,635,8106485,34492,0,52,0,52,0,0,0,0,0,0,5406,0,3510,1896,0
500,797,15.008542,14.890109,14.407959,0.000000,1.694542,1.680095,0.014280,0.027416,0.456625,0.799375,694,8103340,43955,0,252,0,252,0,0,0,0,0,0,23290,14400,4680,4210,0
501,798,18.271041,18.159331,7.638367,0.000000,10.792292,10.707415,0.084668,0.025167,0.006750,0.464458,638,8106404,34492,0,52,0,52,0,0,0,0,0,0,5406,0,3510,1896,0
502,799,14.998292,14.883032,14.129633,0.000000,2.061375,2.059012,0.002238,0.029958,0.560292,0.753500,687,8103468,43883,0,252,0,252,0,0,0,0,0,0,21497,14400,3510,3587,0
503,800,18.300875,18.197378,7.213078,0.000000,10.895333,10.738748,0.156419,0.020667,0.009625,0.635834,645,8106439,34380,0,42,0,42,0,0,0,0,0,0,7208,0,4680,2528,0
504,801,15.065917,14.954344,14.352056,0.000000,1.924749,1.924096,0.000362,0.029875,0.556666,0.740000,686,8103174,44064,0,262,0,262,0,0,0,0,0,0,21463,14400,3510,3553,0
505,802,18.315833,18.212997,7.958213,0.000000,10.759457,10.666081,0.093210,0.028042,0.007375,1.242792,637,8106531,34493,0,52,0,52,0,0,0,0,0,0,5406,0,3510,1896,0
506,803,15.180875,15.069085,14.220280,0.000000,2.010792,2.008095,0.000697,0.030708,0.416250,0.651458,693,8103286,43952,0,252,0,252,0,0,0,0,0,0,23321,14400,4680,4241,0
507,804,18.199667,18.096420,7.589999,0.000000,10.827543,10.739290,0.088085,0.020916,0.006042,1.304332,639,8106440,34493,0,52,0,52,0,0,0,0,0,0,5406,0,3510,1896,0
508,805,15.054000,14.941454,14.084959,0.000000,2.100875,2.094220,0.006529,0.031250,0.537333,0.629750,685,8103393,43882,0,252,0,252,0,0,0,0,0,0,21532,14400,3510,3622,0
509,806,18.245958,18.142549,7.694041,0.000000,10.851124,10.740998,0.109960,0.022542,0.012500,0.926208,645,8106516,34380,0,42,0,42,0,0,0,0,0,0,7208,0,4680,2528,0
510,807,15.132667,15.020034,14.210380,0.000000,2.052084,2.051347,0.000571,0.031250,0.518333,0.610541,686,8103405,44065,0,262,0,262,0,0,0,0,0,0,21528,14400,3510,3618,0
511,808,18.219791,18.114985,7.188414,0.000000,10.830916,10.695332,0.135335,0.021875,0.012334,0.948250,637,8106344,34491,0,52,0,52,0,0,0,0,0,0,5406,0,3510,1896,0
512,809,15.203375,15.091161,14.024957,0.000000,2.237751,2.237136,0.000531,0.026750,0.480000,0.611000,693,8103370,43953,0,252,0,252,0,0,0,0,0,0,23297,14400,4680,4217,0
513,810,18.134542,18.031751,7.059135,0.000000,10.874375,10.731332,0.142876,0.019750,0.014708,0.939042,640,8106373,34492,0,52,0,52,0,0,0,0,0,0,5406,0,3510,1896,0
514,811,15.138042,15.027347,13.950619,0.000000,2.347208,2.345096,0.001946,0.022416,0.589167,0.913708,685,8103392,43883,0,252,0,252,0,0,0,0,0,0,21529,14400,3510,3619,0
515,812,17.953000,17.844169,6.870649,0.000000,10.887042,10.738249,0.148627,0.023541,0.006959,0.621583,646,8106986,33494,0,22,0,22,0,0,0,0,0,0,7208,0,4680,2528,0
516,813,17.368166,17.242018,17.228352,0.000000,0.000334,0.000000,0.000000,0.035084,0.012208,1.242542,672,8102709,41382,0,282,0,282,0,0,0,0,0,0,21546,14400,3510,3636,0
517,814,16.000250,15.889818,7.847454,0.000000,9.211584,9.209915,0.001418,0.025417,0.016792,0.327791,640,8106917,33535,0,32,0,32,0,0,0,0,0,0,5406,0,3510,1896,0
518,815,17.530000,17.404060,17.396534,0.000000,0.000375,0.000000,0.000000,0.026792,0.012708,1.263416,678,8102863,41315,0,272,0,272,0,0,0,0,0,0,23344,14400,4680,4264,0
519,816,15.881292,15.773905,6.771257,0.000000,9.245292,9.154915,0.090210,0.020333,0.014542,0.632708,637,8106865,33546,0,32,0,32,0,0,0,0,0,0,5406,0,3510,1896,0
520,817,17.057208,16.936762,16.936627,0.000000,0.000251,0.000000,0.000000,0.018834,0.020875,0.955083,670,8103014,41189,0,272,0,272,0,0,0,0,0,0,21517,14400,3510,3607,0
521,818,16.240292,16.139595,7.054127,0.000000,9.767707,9.647415,0.120126,0.020708,0.006667,1.259583,647,8106997,33492,0,22,0,22,0,0,0,0,0,0,7208,0,4680,2528,0
522,819,17.119042,16.994237,16.993448,0.000000,0.000332,0.000000,0.000000,0.029291,0.012709,0.609750,672,8102778,41392,0,282,0,282,0,0,0,0,0,0,21540,14400,3510,3630,0
523,820,16.271875,16.165589,6.792214,0.000000,9.587417,9.528623,0.058711,0.027750,0.006541,1.244667,638,8106742,33527,0,32,0,32,0,0,0,0,0,0,5406,0,3510,1896,0
524,821,17.126750,17.004899,17.011132,0.000000,0.000250,0.000000,0.000000,0.024333,0.012333,0.611333,676,8102943,41363,0,272,0,272,0,0,0,0,0,0,23355,14400,4680,4275,0
525,822,16.268333,16.163732,6.657194,0.000000,9.689917,9.595832,0.093877,0.021458,0.006834,1.270334,639,8106856,33532,0,32,0,32,0,0,0,0,0,0,5406,0,3510,1896,0
526,823,16.953083,16.831744,16.839882,0.000000,0.000208,0.000000,0.000000,0.027625,0.011417,0.612000,674,8103118,41319,0,272,0,272,0,0,0,0,0,0,21601,14400,3510,3691,0
527,824,16.648834,16.541003,7.407200,0.000000,9.877166,9.758207,0.118668,0.048041,0.018709,0.582792,647,8106571,33450,0,22,0,22,0,0,0,0,0,0,7208,0,4680,2528,0
528,825,17.796875,17.671861,17.678696,0.000000,0.000376,0.000000,0.000000,0.043166,0.017500,0.586957,670,8102990,41370,0,282,0,282,0,0,0,0,0,0,21638,14400,3510,3728,0
529,826,15.613125,15.504777,7.229378,0.000000,8.782332,8.656414,0.125752,0.030041,0.009375,0.612875,638,8106979,33531,0,32,0,32,0,0,0,0,0,0,5406,0,3510,1896,0
530,827,17.728000,17.599736,17.615506,0.000000,0.000208,0.000000,0.000000,0.019625,0.011166,1.224749,682,8102779,41367,0,272,0,272,0,0,0,0,0,0,23385,14400,4680,4305,0
531,828,15.538750,15.427824,7.038455,0.000000,8.786958,8.688540,0.098210,0.031666,0.009334,0.626916,637,8106864,33540,0,32,0,32,0,0,0,0,0,0,5406,0,3510,1896,0
532,829,17.925458,17.796617,17.811649,0.000000,0.000251,0.000000,0.000000,0.019917,0.011041,0.906417,672,8102954,41296,0,272,0,272,0,0,0,0,0,0,21526,14400,3510,3616,0
533,830,15.410250,15.299466,7.150762,0.000000,8.670416,8.560790,0.109460,0.018417,0.006666,0.607834,646,8106730,33514,0,22,0,22,0,0,0,0,0,0,7208,0,4680,2528,0
534,831,17.793875,17.664427,17.679406,0.000000,0.000251,0.000000,0.000000,0.016417,0.009333,0.918458,672,8102961,41410,0,282,0,282,0,0,0,0,0,0,21622,14400,3510,3712,0
535,832,15.446250,15.338872,6.948116,0.000000,8.844874,8.734873,0.109918,0.018125,0.006917,0.606000,636,8106837,33516,0,32,0,32,0,0,0,0,0,0,5406,0,3510,1896,0
536,833,18.301083,18.172004,18.153983,0.000000,0.000458,0.000000,0.000000,0.027209,0.017833,0.739876,679,8103025,41395,0,272,0,272,0,0,0,0,0,0,23433,14400,4680,4353,0
537,834,15.035625,14.926426,7.091943,0.000000,8.386208,8.307915,0.078168,0.021042,0.007625,1.256708,638,8106603,33516,0,32,0,32,0,0,0,0,0,0,5406,0,3510,1896,0
538,835,17.790875,17.662839,17.678381,0.000000,0.000251,0.000000,0.000000,0.017667,0.010667,0.515500,668,8103198,41293,0,272,0,272,0,0,0,0,0,0,21609,14400,3510,3699,0
539,836,15.655167,15.544747,7.009870,0.000000,8.950668,8.842915,0.107627,0.018792,0.007250,1.073334,646,8106806,33596,0,22,0,22,0,0,0,0,0,0,7209,0,4680,2529,0
540,837,17.731750,17.605800,17.620141,0.000000,0.000291,0.000000,0.000000,0.015542,0.009416,0.609042,667,8103044,41247,0,282,0,282,0,0,0,0,0,0,19806,14400,3510,1896,0
541,838,15.648000,15.541294,7.027837,0.000000,8.958209,8.853457,0.104585,0.031333,0.009459,0.905875,639,8106812,33547,0,32,0,32,0,0,0,0,0,0,5406,0,3510,1896,0
542,839,17.113375,16.990977,17.005527,0.000000,0.000293,0.000000,0.000000,0.017500,0.009750,0.608792,675,8102838,41248,0,272,0,272,0,0,0,0,0,0,21608,14400,4680,2528,0
543,840,16.130917,16.022005,6.637633,0.000000,9.632125,9.549707,0.082293,0.016583,0.006500,0.911083,638,8106792,33525,0,32,0,32,0,0,0,0,0,0,5406,0,3510,1896,0
544,841,17.910000,17.782524,17.798235,0.000000,0.000208,0.000000,0.000000,0.015541,0.019375,1.218167,666,8103019,41078,0,272,0,272,0,0,0,0,0,0,19806,14400,3510,1896,0
545,842,15.584250,15.468054,7.310621,0.000000,8.621499,8.566415,0.054918,0.023791,0.010542,0.611333,647,8106869,33635,0,32,0,32,0,0,0,0,0,0,7208,0,4680,2528,0
546,843,18.012750,17.886270,17.900679,0.000000,0.000251,0.000000,0.000000,0.018166,0.009709,1.227458,667,8103011,41082,0,272,0,272,0,0,0,0,0,0,19806,14400,3510,1896,0
547,844,15.232541,15.119876,7.168162,0.000000,8.472085,8.404082,0.067836,0.019625,0.007375,0.608042,645,8106707,33722,0,32,0,32,0,0,0,0,0,0,6430,0,3510,2920,0
548,845,17.859792,17.730819,17.747371,0.000000,0.000333,0.000000,0.000000,0.017458,0.010000,1.238875,682,8102795,41482,0,272,0,272,0,0,0,0,0,0,22632,14400,4680,3552,0
549,846,15.544250,15.434159,6.916882,0.000000,8.927624,8.853207,0.074293,0.031625,0.031000,0.612959,642,8106565,33658,0,32,0,32,0,0,0,0,0,0,7126,0,3510,3616,0
550,847,18.637917,18.509102,18.484912,0.000000,0.000498,0.000000,0.000000,0.030000,0.012833,0.734041,671,8103090,41057,0,272,0,272,0,0,0,0,0,0,21404,14400,4536,2468,0
551,848,14.834958,14.724463,7.312177,0.000000,8.042541,7.965915,0.076543,0.023292,0.008958,0.624417,639,8106648,33638,0,32,0,32,0,0,0,0,0,0,5610,0,3654,1956,0
552,849,17.491125,17.366037,17.380632,0.000000,0.000208,0.000000,0.000000,0.017417,0.009708,0.817125,666,8103271,41357,0,272,0,272,0,0,0,0,0,0,19806,14400,3510,1896,0
553,850,15.857167,15.744870,6.954205,0.000000,9.167916,9.059998,0.107752,0.023291,0.008125,1.222249,646,8106770,33560,0,32,0,32,0,0,0,0,0,0,7208,0,4680,2528,0
554,851,17.532833,17.409205,17.422785,0.000000,0.000166,0.000000,0.000000,0.017792,0.009625,0.446500,666,8102845,41397,0,272,0,272,0,0,0,0,0,0,19806,14400,3510,1896,0
555,852,15.752500,15.642237,6.890655,0.000000,9.125083,9.043124,0.081793,0.017083,0.006750,1.078208,640,8106976,33579,0,32,0,32,0,0,0,0,0,0,5406,0,3510,1896,0
556,853,17.432208,17.308888,17.321745,0.000000,0.000333,0.000000,0.000000,0.015667,0.008958,0.608417,672,8102913,41424,0,272,0,272,0,0,0,0,0,0,21608,14400,4680,2528,0
557,854,16.049584,15.922916,6.906758,0.000000,9.323710,9.235624,0.087877,0.047833,0.034167,1.119416,638,8106801,33557,0,32,0,32,0,0,0,0,0,0,5406,0,3510,1896,0
558,855,18.155666,18.031409,17.983017,0.000000,0.000417,0.000000,0.000000,0.022250,0.011334,0.736292,670,8102983,41316,0,272,0,272,0,0,0,0,0,0,19806,14400,3510,1896,0
559,856,15.256084,15.144093,7.399417,0.000000,8.315124,8.233998,0.080918,0.026125,0.010291,0.451666,650,8106767,33630,0,32,0,32,0,0,0,0,0,0,8919,0,4680,4239,0
560,857,17.943291,17.816441,17.828054,0.000000,0.000335,0.000000,0.000000,0.022792,0.011208,0.796249,674,8102900,41468,0,272,0,272,0,0,0,0,0,0,21507,14400,3510,3597,0
561,858,15.506750,15.396461,7.337128,0.000000,8.534208,8.469124,0.064918,0.035417,0.021167,0.657875,639,8106943,33560,0,32,0,32,0,0,0,0,0,0,5406,0,3510,1896,0
562,859,18.380334,18.254071,18.252165,0.000000,0.000375,0.000000,0.000000,0.033875,0.015000,1.071792,680,8102747,41589,0,272,0,272,0,0,0,0,0,0,25061,14400,4680,5981,0
563,860,14.911125,14.800778,7.357974,0.000000,8.025583,7.953831,0.071544,0.024500,0.010416,0.448084,643,8106763,33637,0,32,0,32,0,0,0,0,0,0,7133,0,3510,3623,0
564,861,18.075250,17.945249,17.939032,0.000000,0.000252,0.000000,0.000000,0.029416,0.011292,0.621916,669,8103096,41294,0,272,0,272,0,0,0,0,0,0,19806,14400,3510,1896,0
565,862,15.253208,15.149161,8.051201,0.000000,8.214959,8.211665,0.003127,0.021375,0.023125,0.309709,653,8106745,33759,0,32,0,32,0,0,0,0,0,0,10576,0,4680,5896,0
566,863,17.925000,17.799905,17.741113,0.000000,0.000293,0.000000,0.000000,0.040833,0.021000,1.255667,668,8102936,41327,0,272,0,272,0,0,0,0,0,0,19806,14400,3510,1896,0
567,864,15.300667,15.195947,7.125584,0.000000,8.519959,8.441582,0.078127,0.024500,0.007708,0.293459,642,8106755,33680,0,32,0,32,0,0,0,0,0,0,7075,0,3510,3565,0
568,865,17.626458,17.493263,17.503917,0.000000,0.000290,0.000000,0.000000,0.026417,0.012083,0.705458,676,8103094,41406,0,272,0,272,0,0,0,0,0,0,23269,14400,4680,4189,0
569,866,15.757375,15.652238,6.935946,0.000000,9.051460,8.971790,0.079502,0.024875,0.010083,0.941291,640,8106752,33649,0,32,0,32,0,0,0,0,0,0,7045,0,3510,3535,0
570,867,17.406417,17.284886,17.279237,0.000000,0.000292,0.000000,0.000000,0.029583,0.023125,0.456417,669,8103127,41378,0,272,0,272,0,0,0,0,0,0,21454,14400,3510,3544,0
571,868,15.979833,15.873511,6.865079,0.000000,9.264792,9.169498,0.095127,0.023792,0.022875,0.784707,649,8106434,33670,0,32,0,32,0,0,0,0,0,0,8881,0,4680,4201,0
572,869,17.243792,17.121751,17.113966,0.000000,0.000167,0.000000,0.000000,0.033875,0.013875,0.447500,669,8103177,41441,0,272,0,272,0,0,0,0,0,0,21474,14400,3510,3564,0
573,870,16.000458,15.894715,6.702480,0.000000,9.358125,9.290749,0.067251,0.023833,0.009375,0.904333,645,8106790,33678,0,32,0,32,0,0,0,0,0,0,7040,0,3510,3530,0
574,871,17.000833,16.879204,16.877253,0.000000,0.000333,0.000000,0.000000,0.029042,0.013792,0.609875,680,8102741,41474,0,272,0,272,0,0,0,0,0,0,23247,14400,4680,4167,0
575,872,16.341584,16.235175,6.676316,0.000000,9.710209,9.649207,0.060877,0.021708,0.015958,0.715708,643,8106921,33663,0,32,0,32,0,0,0,0,0,0,7016,0,3510,3506,0
576,873,17.365333,17.241121,17.214216,0.000000,0.000292,0.000000,0.000000,0.031583,0.012959,1.224583,671,8103039,41332,0,272,0,272,0,0,0,0,0,0,21427,14400,3510,3517,0
577,874,16.318750,16.211540,7.328656,0.000000,9.305250,9.214123,0.090960,0.029417,0.019916,0.667541,652,8106511,33643,0,32,0,32,0,0,0,0,0,0,8738,0,4680,4058,0
578,875,17.963583,17.835663,17.794040,0.000000,0.000206,0.000000,0.000000,0.037167,0.015542,1.036209,670,8103077,41481,0,272,0,272,0,0,0,0,0,0,21389,14400,3510,3479,0
579,876,15.249250,15.143406,7.029540,0.000000,8.508168,8.400582,0.107377,0.025042,0.006542,0.608542,642,8106721,33649,0,32,0,32,0,0,0,0,0,0,5406,0,3510,1896,0
580,877,17.157334,17.035257,17.050003,0.000000,0.000249,0.000000,0.000000,0.025750,0.017041,0.794083,677,8103105,41352,0,272,0,272,0,0,0,0,0,0,23178,14400,4680,4098,0
581,878,16.154250,16.048953,6.712320,0.000000,9.567459,9.484290,0.082960,0.026666,0.009375,0.301417,640,8106797,33634,0,32,0,32,0,0,0,0,0,0,5406,0,3510,1896,0
582,879,17.171208,17.050429,17.028133,0.000000,0.000292,0.000000,0.000000,0.028750,0.022458,0.935917,672,8102895,41376,0,272,0,272,0,0,0,0,0,0,21386,14400,3510,3476,0
583,880,16.236375,16.127189,6.729970,0.000000,9.608334,9.492748,0.115336,0.020167,0.007000,0.608500,647,8106746,33597,0,32,0,32,0,0,0,0,0,0,7208,0,4680,2528,0
584,881,17.375458,17.253237,17.251033,0.000000,0.000290,0.000000,0.000000,0.039959,0.016916,0.977500,673,8102984,41436,0,272,0,272,0,0,0,0,0,0,21400,14400,3510,3490,0
585,882,15.937750,15.833579,6.754484,0.000000,9.397251,9.279999,0.117085,0.024167,0.006667,1.242500,640,8106927,33567,0,32,0,32,0,0,0,0,0,0,5406,0,3510,1896,0
586,883,17.182750,17.061470,17.070120,0.000000,0.000209,0.000000,0.000000,0.029750,0.010834,0.609750,674,8102940,41417,0,272,0,272,0,0,0,0,0,0,23179,14400,4680,4099,0
587,884,16.173917,16.065664,7.273600,0.000000,9.643583,9.552582,0.090835,0.021333,0.017167,1.240125,638,8106630,33584,0,32,0,32,0,0,0,0,0,0,5406,0,3510,1896,0
588,885,17.219250,17.097797,17.107356,0.000000,0.000251,0.000000,0.000000,0.022208,0.019750,0.611375,671,8103128,41264,0,272,0,272,0,0,0,0,0,0,21336,14400,3510,3426,0
589,886,16.004500,15.902845,6.898625,0.000000,9.492294,9.489957,0.002169,0.022750,0.006833,0.914333,644,8106615,33558,0,32,0,32,0,0,0,0,0,0,7208,0,4680,2528,0
590,887,17.414042,17.290836,17.303200,0.000000,0.000208,0.000000,0.000000,0.032583,0.026583,0.612250,672,8103065,41319,0,272,0,272,0,0,0,0,0,0,21362,14400,3510,3452,0
591,888,16.195250,16.089420,6.821874,0.000000,9.522041,9.410415,0.111460,0.030333,0.008375,1.276834,638,8106959,33579,0,32,0,32,0,0,0,0,0,0,5406,0,3510,1896,0
592,889,17.242750,17.122863,17.136503,0.000000,0.000291,0.000000,0.000000,0.030750,0.011208,1.250958,678,8102727,41385,0,272,0,272,0,0,0,0,0,0,23134,14400,4680,4054,0
593,890,15.985541,15.872847,6.671004,0.000000,9.457460,9.366165,0.091127,0.020500,0.016292,0.608959,639,8106882,33588,0,32,0,32,0,0,0,0,0,0,5406,0,3510,1896,0
594,891,16.915875,16.797441,16.797217,0.000000,0.000335,0.000000,0.000000,0.022584,0.021583,1.080375,671,8103019,41363,0,272,0,272,0,0,0,0,0,0,21304,14400,3510,3394,0
595,892,16.545250,16.440459,7.308873,0.000000,9.836249,9.727498,0.108543,0.028500,0.006459,0.291250,646,8106620,33640,0,32,0,32,0,0,0,0,0,0,7208,0,4680,2528,0
596,893,17.377209,17.253670,17.253630,0.000000,0.000292,0.000000,0.000000,0.028083,0.017292,1.223084,672,8103013,41248,0,272,0,272,0,0,0,0,0,0,21262,14400,3510,3352,0
597,894,16.045958,15.933464,7.387378,0.000000,9.362834,9.240124,0.122543,0.021875,0.006083,0.301083,639,8107093,33598,0,32,0,32,0,0,0,0,0,0,5406,0,3510,1896,0
598,895,17.337625,17.208788,17.211578,0.000000,0.000251,0.000000,0.000000,0.028125,0.010833,0.919416,679,8102701,41354,0,272,0,272,0,0,0,0,0,0,23073,14400,4680,3993,0
599,896,15.862625,15.757912,6.645161,0.000000,9.387874,9.296665,0.091043,0.020750,0.008167,0.609959,638,8106751,33501,0,32,0,32,0,0,0,0,0,0,5406,0,3510,1896,0
600,897,17.115083,16.995150,17.004876,0.000000,0.000292,0.000000,0.000000,0.022042,0.010333,1.251334,671,8103222,41294,0,272,0,272,0,0,0,0,0,0,21354,14400,3510,3444,0
601,898,16.352792,16.245559,6.761840,0.000000,9.662418,9.564123,0.098002,0.039458,0.009125,1.254500,644,8106670,33654,0,32,0,32,0,0,0,0,0,0,7135,0,4680,2455,0
602,899,17.589542,17.467124,17.480252,0.000000,0.000415,0.000000,0.000000,0.036208,0.015167,0.652041,669,8102938,41364,0,272,0,272,0,0,0,0,0,0,21288,14400,3510,3378,0
603,900,15.953750,15.849365,7.113785,0.000000,9.105709,8.995415,0.110168,0.030875,0.008875,0.944958,645,8106681,33557,0,32,0,32,0,0,0,0,0,0,7124,0,4596,2528,0
604,901,17.262291,17.140535,17.112579,0.000000,0.000374,0.000000,0.000000,0.025084,0.010500,0.651208,672,8103108,41429,0,272,0,272,0,0,0,0,0,0,21697,14400,3594,3703,0
605,902,15.816500,15.711622,6.691155,0.000000,9.283916,9.194623,0.089127,0.022375,0.006375,0.972167,639,8106682,33555,0,32,0,32,0,0,0,0,0,0,5406,0,3510,1896,0
606,903,17.757834,17.630971,17.620065,0.000000,0.000292,0.000000,0.000000,0.036250,0.017458,0.966083,678,8102930,41434,0,272,0,272,0,0,0,0,0,0,23482,14400,4680,4402,0
607,904,15.584375,15.480419,6.651780,0.000000,9.083709,8.988248,0.095335,0.019958,0.012417,0.636458,637,8106742,33514,0,32,0,32,0,0,0,0,0,0,5406,0,3510,1896,0
608,905,17.136875,17.015267,17.017875,0.000000,0.000250,0.000000,0.000000,0.030041,0.011750,1.254208,673,8103222,41370,0,272,0,272,0,0,0,0,0,0,21697,14400,3510,3787,0
609,906,16.771875,16.661992,7.108552,0.000000,9.748417,9.614415,0.133627,0.079208,0.016708,0.314292,647,8106600,33559,0,32,0,32,0,0,0,0,0,0,7208,0,4680,2528,0
610,907,17.413291,17.291263,17.302629,0.000000,0.000292,0.000000,0.000000,0.032125,0.012625,1.246416,671,8102978,41426,0,272,0,272,0,0,0,0,0,0,21657,14400,3510,3747,0
611,908,15.612834,15.504924,7.157590,0.000000,8.665501,8.593499,0.071877,0.034666,0.014167,0.304375,637,8106841,33500,0,32,0,32,0,0,0,0,0,0,5406,0,3510,1896,0
612,909,17.411625,17.289177,17.298526,0.000000,0.000251,0.000000,0.000000,0.035041,0.014959,0.923542,678,8102901,41437,0,272,0,272,0,0,0,0,0,0,23439,14400,4680,4359,0
613,910,15.840458,15.735544,6.752304,0.000000,9.263332,9.174081,0.089085,0.022958,0.010000,0.346542,639,8106783,33558,0,32,0,32,0,0,0,0,0,0,5406,0,3510,1896,0
614,911,17.033917,16.913294,16.913619,0.000000,0.000291,0.000000,0.000000,0.023958,0.016083,0.927541,669,8103293,41322,0,272,0,272,0,0,0,0,0,0,21587,14400,3510,3677,0
615,912,16.344500,16.239327,6.688793,0.000000,9.756918,9.649499,0.107252,0.026125,0.013666,1.241917,646,8106533,33475,0,22,0,22,0,0,0,0,0,0,7208,0,4680,2528,0
616,913,17.297958,17.176412,17.182342,0.000000,0.000292,0.000000,0.000000,0.029208,0.014459,0.608625,668,8103044,41476,0,282,0,282,0,0,0,0,0,0,21574,14400,3510,3664,0
617,914,16.237125,16.127923,7.123165,0.000000,9.410793,9.392082,0.015669,0.047417,0.016541,0.913625,639,8106796,33531,0,32,0,32,0,0,0,0,0,0,5406,0,3510,1896,0
618,915,17.392292,17.271908,17.264287,0.000000,0.000416,0.000000,0.000000,0.032791,0.012542,0.636417,679,8102855,41461,0,272,0,272,0,0,0,0,0,0,23374,14400,4680,4294,0
619,916,15.870583,15.725926,6.880218,0.000000,9.151835,9.067623,0.084044,0.034875,0.017250,0.898708,637,8106916,33536,0,32,0,32,0,0,0,0,0,0,5406,0,3510,1896,0
620,917,17.071875,16.950858,16.949631,0.000000,0.000251,0.000000,0.000000,0.032958,0.017667,0.612125,671,8102956,41326,0,272,0,272,0,0,0,0,0,0,21588,14400,3510,3678,0
621,918,16.312208,16.206863,6.791419,0.000000,9.654625,9.539957,0.114543,0.030125,0.011125,0.921001,647,8106905,33483,0,22,0,22,0,0,0,0,0,0,7208,0,4680,2528,0
622,919,17.230250,17.106012,17.113342,0.000000,0.000376,0.000000,0.000000,0.028959,0.012500,0.954042,672,8102800,41488,0,282,0,282,0,0,0,0,0,0,21539,14400,3510,3629,0
623,920,16.014292,15.908541,6.664043,0.000000,9.475332,9.385415,0.089751,0.022708,0.006834,0.625750,638,8106781,33524,0,32,0,32,0,0,0,0,0,0,5406,0,3510,1896,0
624,921,17.107583,16.982749,16.990299,0.000000,0.000290,0.000000,0.000000,0.029250,0.012750,1.246874,677,8103037,41424,0,272,0,272,0,0,0,0,0,0,23318,14400,4680,4238,0
625,922,16.253292,16.148115,6.625418,0.000000,9.690459,9.608457,0.081835,0.022375,0.008542,0.607500,638,8106854,33513,0,32,0,32,0,0,0,0,0,0,5406,0,3510,1896,0
626,923,17.164292,17.041364,17.001372,0.000000,0.000292,0.000000,0.000000,0.025250,0.011541,1.081626,674,8103020,41329,0,272,0,272,0,0,0,0,0,0,21579,14400,3510,3669,0
627,924,16.351250,16.245876,6.780039,0.000000,9.670668,9.545582,0.124960,0.034375,0.017625,0.291750,647,8106734,33481,0,22,0,22,0,0,0,0,0,0,7208,0,4680,2528,0
628,925,17.309041,17.183393,17.169720,0.000000,0.000335,0.000000,0.000000,0.027875,0.013625,1.074126,672,8102945,41473,0,282,0,282,0,0,0,0,0,0,21617,14400,3510,3707,0
629,926,15.937209,15.829759,7.036374,0.000000,9.404874,9.307831,0.096960,0.022625,0.008916,0.290375,638,8106779,33519,0,32,0,32,0,0,0,0,0,0,5406,0,3510,1896,0
630,927,17.196375,17.073706,17.073964,0.000000,0.000292,0.000000,0.000000,0.026208,0.010750,0.755666,681,8103060,41421,0,272,0,272,0,0,0,0,0,0,23310,14400,4680,4230,0
631,928,16.021583,15.917630,6.866460,0.000000,9.529291,9.528748,0.000335,0.032917,0.016375,1.249416,636,8106755,33504,0,32,0,32,0,0,0,0,0,0,5406,0,3510,1896,0
632,929,16.886250,16.765941,16.766690,0.000000,0.000333,0.000000,0.000000,0.022333,0.012000,0.670500,669,8103160,41383,0,272,0,272,0,0,0,0,0,0,21464,14400,3510,3554,0
633,930,16.611917,16.506078,6.510115,0.000000,10.127457,10.001665,0.125668,0.026291,0.008209,1.046500,644,8106750,33471,0,22,0,22,0,0,0,0,0,0,7208,0,4680,2528,0
634,931,17.394083,17.264339,17.286970,0.000000,0.000375,0.000000,0.000000,0.038958,0.013750,0.302542,667,8102917,41488,0,282,0,282,0,0,0,0,0,0,21449,14400,3510,3539,0
635,932,15.963125,15.859083,6.728577,0.000000,9.419541,9.306581,0.112793,0.023750,0.009292,0.933334,638,8106752,33488,0,32,0,32,0,0,0,0,0,0,5406,0,3510,1896,0
636,933,16.864250,16.743625,16.751918,0.000000,0.000250,0.000000,0.000000,0.020708,0.012709,0.657875,680,8102766,41392,0,272,0,272,0,0,0,0,0,0,23228,14400,4680,4148,0
637,934,16.603042,16.483262,6.729075,0.000000,9.898959,9.813998,0.084794,0.029833,0.009708,1.071918,639,8107087,33546,0,32,0,32,0,0,0,0,0,0,5406,0,3510,1896,0
638,935,17.199375,17.071273,17.073797,0.000000,0.000333,0.000000,0.000000,0.031916,0.017542,1.352417,670,8102921,41381,0,272,0,272,0,0,0,0,0,0,21271,14400,3510,3361,0
639,936,16.207250,16.102754,6.863083,0.000000,9.478959,9.362374,0.116418,0.025250,0.027541,0.688750,646,8106701,33460,0,22,0,22,0,0,0,0,0,0,7208,0,4680,2528,0
640,937,17.686250,17.556817,17.519509,0.000000,0.000416,0.000000,0.000000,0.036041,0.015125,1.351708,671,8103084,41520,0,282,0,282,0,0,0,0,0,0,21323,14400,3510,3413,0
641,938,15.755125,15.650839,7.290451,0.000000,8.885709,8.790998,0.094585,0.032125,0.009208,0.306375,639,8106733,33518,0,32,0,32,0,0,0,0,0,0,5406,0,3510,1896,0
642,939,17.282375,17.157328,17.136284,0.000000,0.000417,0.000000,0.000000,0.027500,0.011458,0.830250,680,8102721,41525,0,272,0,272,0,0,0,0,0,0,23087,14400,4680,4007,0
643,940,15.910041,15.803768,6.799139,0.000000,9.256332,9.178081,0.078127,0.023750,0.011542,0.661125,639,8106906,33510,0,32,0,32,0,0,0,0,0,0,5406,0,3510,1896,0
644,941,16.758917,16.637236,16.636296,0.000000,0.000332,0.000000,0.000000,0.024292,0.010166,0.762126,669,8103108,41343,0,272,0,272,0,0,0,0,0,0,21274,14400,3510,3364,0
645,942,16.562042,16.457162,6.496162,0.000000,10.078417,9.965082,0.113168,0.021291,0.007125,0.639292,646,8106587,33537,0,32,0,32,0,0,0,0,0,0,7208,0,4680,2528,0
646,943,16.979791,16.856366,16.871390,0.000000,0.000250,0.000000,0.000000,0.027334,0.013333,0.861958,671,8103248,41525,0,272,0,272,0,0,0,0,0,0,21201,14400,3510,3291,0
647,944,16.366375,16.262084,6.584546,0.000000,9.865417,9.752707,0.112460,0.022000,0.009417,1.054666,638,8106670,33538,0,32,0,32,0,0,0,0,0,0,5406,0,3510,1896,0
648,945,16.676542,16.555484,16.559007,0.000000,0.000208,0.000000,0.000000,0.021667,0.012500,0.610042,674,8102955,41436,0,272,0,272,0,0,0,0,0,0,21608,14400,4680,2528,0
649,946,16.600750,16.473752,7.477841,0.000000,10.083292,10.082873,0.000210,0.021625,0.006500,0.911750,636,8106670,33554,0,32,0,32,0,0,0,0,0,0,5406,0,3510,1896,0
650,947,16.615083,16.503781,16.512695,0.000000,0.000209,0.000000,0.000000,0.021625,0.010167,0.607792,668,8103289,41304,0,272,0,272,0,0,0,0,0,0,19806,14400,3510,1896,0
651,948,16.995000,16.889154,6.708046,0.000000,10.257834,10.153291,0.104376,0.033792,0.017542,1.290417,646,8106738,33612,0,32,0,32,0,0,0,0,0,0,7208,0,4680,2528,0
652,949,17.378792,17.256828,17.244238,0.000000,0.000417,0.000000,0.000000,0.034333,0.012959,0.298000,667,8103005,41308,0,272,0,272,0,0,0,0,0,0,19806,14400,3510,1896,0
653,950,15.874000,15.768033,6.780032,0.000000,9.258585,9.142207,0.116210,0.023625,0.006292,1.235792,641,8106819,33594,0,32,0,32,0,0,0,0,0,0,5701,0,3510,2191,0
654,951,16.766083,16.645874,16.644424,0.000000,0.000291,0.000000,0.000000,0.026209,0.011416,1.245083,674,8102847,41390,0,272,0,272,0,0,0,0,0,0,21313,14400,4680,2233,0
655,952,16.564709,16.458049,6.679801,0.000000,9.919040,9.848123,0.070793,0.023750,0.016375,0.609333,645,8106662,33779,0,32,0,32,0,0,0,0,0,0,6430,0,3510,2920,0
656,953,16.749708,16.628078,16.635220,0.000000,0.000209,0.000000,0.000000,0.027167,0.011958,0.633250,682,8102793,41570,0,272,0,272,0,0,0,0,0,0,22548,14400,4596,3552,0
657,954,16.631458,16.525627,6.620665,0.000000,9.995166,9.912332,0.082668,0.023667,0.007750,0.299041,643,8106745,33752,0,32,0,32,0,0,0,0,0,0,6920,0,3594,3326,0
658,955,16.549750,16.429163,16.435095,0.000000,0.000293,0.000000,0.000000,0.029917,0.013417,1.276124,668,8103227,41393,0,272,0,272,0,0,0,0,0,0,19806,14400,3510,1896,0
659,956,16.971667,16.866011,6.624456,0.000000,10.353250,10.227332,0.125668,0.031792,0.009666,0.618167,646,8106712,33497,0,22,0,22,0,0,0,0,0,0,7208,0,4680,2528,0
660,957,16.531542,16.413334,16.406130,0.000000,0.000166,0.000000,0.000000,0.018583,0.011292,0.974042,666,8103005,41531,0,282,0,282,0,0,0,0,0,0,19806,14400,3510,1896,0
661,958,16.599791,16.496294,6.370706,0.000000,10.194832,10.103748,0.090960,0.020167,0.014250,0.611083,636,8106857,33541,0,32,0,32,0,0,0,0,0,0,5406,0,3510,1896,0
662,959,16.908375,16.787672,16.791331,0.000000,0.000293,0.000000,0.000000,0.033334,0.035958,1.115666,674,8102809,41447,0,272,0,272,0,0,0,0,0,0,21608,14400,4680,2528,0
663,960,16.456792,16.353287,6.487925,0.000000,9.952709,9.854540,0.098085,0.018750,0.015833,1.217542,638,8106955,33558,0,32,0,32,0,0,0,0,0,0,5406,0,3510,1896,0
664,961,16.518458,16.399584,16.384457,0.000000,0.000166,0.000000,0.000000,0.025042,0.015667,0.611208,663,8103075,41279,0,272,0,272,0,0,0,0,0,0,19806,14400,3510,1896,0
665,962,16.916500,16.806081,6.858994,0.000000,10.289042,10.198790,0.090085,0.019709,0.015166,0.934083,651,8106639,33586,0,22,0,22,0,0,0,0,0,0,8802,0,4680,4122,0
666,963,17.402917,17.284380,17.285302,0.000000,0.000293,0.000000,0.000000,0.027375,0.011542,0.608375,668,8103012,41607,0,282,0,282,0,0,0,0,0,0,21318,14400,3510,3408,0
667,964,15.878250,15.772943,6.637660,0.000000,9.352792,9.283915,0.068794,0.018542,0.018000,0.778458,642,8106803,33578,0,32,0,32,0,0,0,0,0,0,6900,0,3510,3390,0
668,965,17.497917,17.376453,17.380710,0.000000,0.000210,0.000000,0.000000,0.021458,0.013500,0.651375,676,8102721,41472,0,272,0,272,0,0,0,0,0,0,23302,14400,4680,4222,0
669,966,16.101916,15.989535,6.827879,0.000000,9.365458,9.298832,0.066459,0.050375,0.012542,1.141874,645,8106865,33550,0,32,0,32,0,0,0,0,0,0,7008,0,3510,3498,0
670,967,17.616000,17.499785,17.507198,0.000000,0.000210,0.000000,0.000000,0.028625,0.013625,1.139207,670,8103218,41460,0,272,0,272,0,0,0,0,0,0,21393,14400,3510,3483,0
671,968,15.670500,15.564967,6.953995,0.000000,8.897251,8.810915,0.086252,0.020959,0.008583,0.301166,652,8106587,33565,0,22,0,22,0,0,0,0,0,0,8707,0,4680,4027,0
672,969,17.265209,17.142239,17.142614,0.000000,0.000207,0.000000,0.000000,0.020708,0.016167,1.222457,670,8103033,41528,0,282,0,282,0,0,0,0,0,0,21364,14400,3510,3454,0
673,970,16.010958,15.904622,6.683661,0.000000,9.442584,9.372581,0.069919,0.021917,0.014333,0.307209,642,8106633,33586,0,32,0,32,0,0,0,0,0,0,6981,0,3510,3471,0
674,971,17.342458,17.223328,17.228112,0.000000,0.000210,0.000000,0.000000,0.026417,0.009958,0.961667,678,8102973,41565,0,272,0,272,0,0,0,0,0,0,23163,14400,4680,4083,0
675,972,15.990709,15.884962,6.641955,0.000000,9.456458,9.377832,0.078460,0.018291,0.006667,0.422750,645,8106634,33571,0,32,0,32,0,0,0,0,0,0,6954,0,3510,3444,0
676,973,17.319708,17.197104,17.196986,0.000000,0.000499,0.000000,0.000000,0.026958,0.011000,0.932958,669,8103320,41552,0,272,0,272,0,0,0,0,0,0,21422,14400,3510,3512,0
677,974,16.480458,16.371921,7.002454,0.000000,9.506083,9.409040,0.096710,0.045792,0.019042,0.921833,651,8106644,33552,0,22,0,22,0,0,0,0,0,0,8757,0,4680,4077,0
678,975,18.268792,18.144777,18.117155,0.000000,0.000417,0.000000,0.000000,0.028083,0.011584,0.648209,672,8102818,41692,0,282,0,282,0,0,0,0,0,0,21414,14400,3510,3504,0
679,976,14.692458,14.585752,7.170179,0.000000,7.991750,7.982040,0.009544,0.028000,0.021709,0.966083,640,8106972,33583,0,32,0,32,0,0,0,0,0,0,7006,0,3510,3496,0
680,977,17.520625,17.398620,17.359788,0.000000,0.000292,0.000000,0.000000,0.021167,0.011625,0.658333,679,8102686,41676,0,272,0,272,0,0,0,0,0,0,23256,14400,4680,4176,0
681,978,15.842459,15.734001,6.948703,0.000000,9.379958,9.285874,0.094002,0.018416,0.013875,1.261417,638,8106854,33482,0,32,0,32,0,0,0,0,0,0,5406,0,3510,1896,0
682,979,17.406791,17.284422,17.258464,0.000000,0.000251,0.000000,0.000000,0.021292,0.010958,0.309916,673,8103048,41665,0,272,0,272,0,0,0,0,0,0,21432,14400,3510,3522,0
683,980,16.055959,15.947220,6.696664,0.000000,9.488667,9.378332,0.110169,0.026666,0.017000,0.963958,643,8106683,33419,0,22,0,22,0,0,0,0,0,0,7208,0,4680,2528,0
684,981,17.334208,17.213141,17.218495,0.000000,0.000292,0.000000,0.000000,0.022458,0.010084,1.295792,671,8103155,41792,0,282,0,282,0,0,0,0,0,0,21456,14400,3510,3546,0
685,982,15.944917,15.840124,6.581328,0.000000,9.500459,9.382206,0.118127,0.017000,0.014708,0.680625,636,8106594,33456,0,32,0,32,0,0,0,0,0,0,5406,0,3510,1896,0
686,983,17.166583,17.041801,17.043273,0.000000,0.000291,0.000000,0.000000,0.022333,0.012375,1.258750,678,8103076,41842,0,272,0,272,0,0,0,0,0,0,23242,14400,4680,4162,0
687,984,16.206708,16.101744,6.508103,0.000000,9.735583,9.631832,0.103585,0.018750,0.009167,0.610334,639,8106676,33448,0,32,0,32,0,0,0,0,0,0,5406,0,3510,1896,0
688,985,17.291917,17.169263,17.160189,0.000000,0.000376,0.000000,0.000000,0.022333,0.010125,1.168875,671,8103143,41637,0,272,0,272,0,0,0,0,0,0,21463,14400,3510,3553,0
689,986,16.128542,16.019306,7.161336,0.000000,9.594332,9.481873,0.112251,0.025375,0.008000,0.305167,648,8106660,33401,0,22,0,22,0,0,0,0,0,0,7208,0,4680,2528,0
690,987,17.358291,17.229880,17.227667,0.000000,0.000207,0.000000,0.000000,0.020125,0.010334,1.261834,674,8103180,41731,0,282,0,282,0,0,0,0,0,0,21208,14400,3510,3298,0
691,988,15.904625,15.802251,6.665411,0.000000,9.491417,9.374956,0.116335,0.017792,0.023333,0.290750,637,8106958,33404,0,22,0,22,0,0,0,0,0,0,5406,0,3510,1896,0
692,989,17.205792,17.073316,17.063439,0.000000,0.000293,0.000000,0.000000,0.020500,0.010750,0.939292,679,8102665,41818,0,282,0,282,0,0,0,0,0,0,23017,14400,4680,3937,0
693,990,16.111708,16.007389,6.414533,0.000000,9.764334,9.671041,0.093168,0.018000,0.009625,1.316500,639,8106851,33399,0,22,0,22,0,0,0,0,0,0,5406,0,3510,1896,0
694,991,17.024709,16.899856,16.900193,0.000000,0.000209,0.000000,0.000000,0.019833,0.019292,0.608125,672,8103059,41793,0,282,0,282,0,0,0,0,0,0,21209,14400,3510,3299,0
695,992,16.468666,16.363718,6.514500,0.000000,9.974373,9.855998,0.118251,0.021584,0.016208,1.338875,644,8106815,33436,0,22,0,22,0,0,0,0,0,0,7208,0,4680,2528,0
696,993,17.110167,16.986127,16.981244,0.000000,0.000334,0.000000,0.000000,0.019667,0.019458,0.608625,671,8102845,41805,0,282,0,282,0,0,0,0,0,0,21202,14400,3510,3292,0
697,994,16.098208,15.997408,6.811788,0.000000,9.660542,9.648456,0.011961,0.016709,0.016458,0.964458,636,8106678,33430,0,32,0,32,0,0,0,0,0,0,5406,0,3510,1896,0
698,995,17.112917,16.992969,16.990724,0.000000,0.000334,0.000000,0.000000,0.018625,0.020917,0.652125,676,8103023,41870,0,272,0,272,0,0,0,0,0,0,23012,14400,4680,3932,0
699,996,16.310958,16.208164,6.439403,0.000000,9.905167,9.806207,0.098793,0.016959,0.009083,0.968626,639,8106902,33438,0,32,0,32,0,0,0,0,0,0,5406,0,3510,1896,0
700,997,16.619834,16.491247,16.499428,0.000000,0.000292,0.000000,0.000000,0.018583,0.018125,0.653875,670,8103026,41969,0,272,0,272,0,0,0,0,0,0,21217,14400,3510,3307,0
701,998,16.811000,16.706295,6.520088,0.000000,10.267249,10.161706,0.105377,0.023000,0.006000,1.143583,643,8106776,33484,0,22,0,22,0,0,0,0,0,0,7208,0,4680,2528,0
702,999,16.634416,16.511659,16.516431,0.000000,0.000250,0.000000,0.000000,0.020709,0.020375,1.314125,672,8103001,41887,0,282,0,282,0,0,0,0,0,0,21225,14400,3510,3315,0
703,1000,16.671750,16.563044,6.420850,0.000000,10.250875,10.126123,0.124544,0.017792,0.016042,0.317542,636,8106804,33393,0,22,0,22,0,0,0,0,0,0,5406,0,3510,1896,0
704,1001,16.722167,16.608367,16.602170,0.000000,0.000208,0.000000,0.000000,0.018875,0.015667,1.330666,679,8102830,41957,0,282,0,282,0,0,0,0,0,0,23015,14400,4680,3935,0
705,1002,16.648750,16.543456,6.379866,0.000000,10.238667,10.141707,0.096835,0.021917,0.005500,0.291542,639,8106846,33399,0,22,0,22,0,0,0,0,0,0,5406,0,3510,1896,0
706,1003,16.742167,16.615975,16.600134,0.000000,0.000334,0.000000,0.000000,0.018750,0.020333,0.917417,671,8102957,42002,0,282,0,282,0,0,0,0,0,0,21708,14400,3510,3798,0
707,1004,16.616500,16.511157,6.495842,0.000000,10.101875,10.000040,0.101710,0.022291,0.006500,0.523708,645,8106676,33521,0,32,0,32,0,0,0,0,0,0,6714,0,4680,2034,0
708,1005,16.549875,16.410627,16.429958,0.000000,0.000250,0.000000,0.000000,0.019708,0.018750,0.902375,671,8103181,42045,0,272,0,272,0,0,0,0,0,0,21216,14400,3510,3306,0
709,1006,16.797666,16.695131,6.994332,0.000000,10.344334,10.337498,0.006752,0.021625,0.005625,0.913251,643,8106520,33472,0,32,0,32,0,0,0,0,0,0,7124,0,4596,2528,0
710,1007,16.726584,16.608168,16.587942,0.000000,0.000206,0.000000,0.000000,0.022541,0.014209,0.611125,673,8103153,41939,0,272,0,272,0,0,0,0,0,0,21304,14400,3594,3310,0
711,1008,16.971208,16.862119,7.523079,0.000000,10.155416,10.154540,0.000668,0.043958,0.009750,0.913875,636,8106799,33648,0,32,0,32,0,0,0,0,0,0,5406,0,3510,1896,0
712,1009,17.157208,17.031947,17.010508,0.000000,0.000251,0.000000,0.000000,0.023084,0.015083,0.608500,678,8102826,41474,0,272,0,272,0,0,0,0,0,0,23041,14400,4680,3961,0
713,1010,16.096209,15.991087,6.670964,0.000000,9.550999,9.417790,0.133043,0.021291,0.007542,0.947416,638,8106902,33671,0,32,0,32,0,0,0,0,0,0,5406,0,3510,1896,0
714,1011,16.998333,16.881834,16.864722,0.000000,0.000334,0.000000,0.000000,0.027375,0.011625,0.314959,670,8103075,41456,0,272,0,272,0,0,0,0,0,0,21244,14400,3510,3334,0
715,1012,16.282833,16.177424,6.605764,0.000000,9.751500,9.626748,0.124668,0.017792,0.014208,0.992125,646,8106655,33508,0,22,0,22,0,0,0,0,0,0,7208,0,4680,2528,0
716,1013,16.687625,16.566010,16.564172,0.000000,0.000210,0.000000,0.000000,0.019417,0.026708,0.661625,670,8102907,41697,0,282,0,282,0,0,0,0,0,0,21251,14400,3510,3341,0
717,1014,16.560000,16.454622,6.387721,0.000000,10.159624,10.058498,0.100959,0.023667,0.009458,1.319458,637,8107055,33335,0,22,0,22,0,0,0,0,0,0,5406,0,3510,1896,0
718,1015,17.182834,17.063603,17.074601,0.000000,0.000251,0.000000,0.000000,0.018750,0.011750,1.354167,678,8102614,41650,0,282,0,282,0,0,0,0,0,0,23071,14400,4680,3991,0
719,1016,16.231750,16.121927,6.495335,0.000000,9.791210,9.691082,0.100044,0.019208,0.014417,0.635500,638,8106981,33391,0,22,0,22,0,0,0,0,0,0,5406,0,3510,1896,0
720,1017,17.034333,16.908065,16.893798,0.000000,0.000250,0.000000,0.000000,0.022000,0.021625,1.241209,671,8102963,41685,0,282,0,282,0,0,0,0,0,0,21276,14400,3510,3366,0
721,1018,16.321375,16.220006,6.461553,0.000000,9.930333,9.792623,0.137543,0.017583,0.005959,0.611333,644,8106675,33357,0,22,0,22,0,0,0,0,0,0,7208,0,4680,2528,0
722,1019,17.199917,17.077400,17.077949,0.000000,0.000291,0.000000,0.000000,0.035250,0.012583,1.248874,674,8103019,41700,0,282,0,282,0,0,0,0,0,0,21280,14400,3510,3370,0
723,1020,16.298375,16.189743,6.806050,0.000000,9.599625,9.501748,0.097793,0.025291,0.008000,0.600875,638,8106949,33378,0,22,0,22,0,0,0,0,0,0,5406,0,3510,1896,0
724,1021,17.020416,16.900372,16.875366,0.000000,0.000210,0.000000,0.000000,0.021042,0.018042,1.100875,675,8102776,41809,0,282,0,282,0,0,0,0,0,0,23063,14400,4680,3983,0
725,1022,16.216959,16.106632,6.519155,0.000000,9.763291,9.669123,0.094002,0.021291,0.008042,1.337584,640,8107055,33383,0,22,0,22,0,0,0,0,0,0,5406,0,3510,1896,0
726,1023,17.162916,17.041747,17.051927,0.000000,0.000293,0.000000,0.000000,0.028209,0.010250,0.672792,671,8102794,41620,0,282,0,282,0,0,0,0,0,0,21264,14400,3510,3354,0
727,1024,16.186625,16.077709,6.485885,0.000000,9.804250,9.664498,0.139627,0.017542,0.012583,0.960709,646,8106707,33350,0,22,0,22,0,0,0,0,0,0,7208,0,4680,2528,0
728,1025,17.122875,17.003207,17.008963,0.000000,0.000250,0.000000,0.000000,0.028292,0.011750,0.654083,670,8102987,41766,0,282,0,282,0,0,0,0,0,0,21266,14400,3510,3356,0
729,1026,16.421209,16.311062,6.654744,0.000000,9.840792,9.737957,0.102626,0.044708,0.011833,0.974083,638,8106922,33373,0,22,0,22,0,0,0,0,0,0,5406,0,3510,1896,0
730,1027,16.993083,16.875533,16.886669,0.000000,0.000249,0.000000,0.000000,0.021708,0.021792,0.653416,675,8102752,41659,0,282,0,282,0,0,0,0,0,0,23077,14400,4680,3997,0
731,1028,16.205083,16.099197,6.474757,0.000000,9.786584,9.681999,0.104419,0.020875,0.014334,1.047500,636,8107192,33417,0,22,0,22,0,0,0,0,0,0,5406,0,3510,1896,0
732,1029,16.926625,16.804992,16.797406,0.000000,0.000250,0.000000,0.000000,0.028250,0.012625,1.215333,673,8102898,41578,0,282,0,282,0,0,0,0,0,0,21275,14400,3510,3365,0
733,1030,16.419542,16.315127,6.687425,0.000000,10.068292,9.940915,0.127293,0.019292,0.007666,0.291750,647,8106574,33411,0,22,0,22,0,0,0,0,0,0,7208,0,4680,2528,0
734,1031,16.951333,16.828541,16.829196,0.000000,0.000291,0.000000,0.000000,0.018750,0.020667,1.214625,668,8103011,41588,0,282,0,282,0,0,0,0,0,0,21280,14400,3510,3370,0
735,1032,16.409709,16.303664,6.389877,0.000000,10.046750,9.929623,0.117001,0.017375,0.016083,0.438875,640,8106942,33465,0,32,0,32,0,0,0,0,0,0,5406,0,3510,1896,0
736,1033,16.748708,16.628585,16.630719,0.000000,0.000377,0.000000,0.000000,0.020292,0.021416,0.982499,677,8102910,41522,0,272,0,272,0,0,0,0,0,0,23085,14400,4680,4005,0
737,1034,16.842458,16.735926,7.768163,0.000000,10.098126,10.097415,0.000502,0.037667,0.008583,0.307541,640,8106668,33476,0,32,0,32,0,0,0,0,0,0,5406,0,3510,1896,0
738,1035,17.675417,17.544835,17.533869,0.000000,0.000793,0.000000,0.000000,0.054417,0.017958,0.595875,671,8103102,41457,0,272,0,272,0,0,0,0,0,0,21285,14400,3510,3375,0
739,1036,15.701750,15.596465,7.389215,0.000000,8.654041,8.575415,0.078460,0.039917,0.011291,0.290417,648,8106758,33440,0,22,0,22,0,0,0,0,0,0,7208,0,4680,2528,0
740,1037,17.600000,17.474374,17.469870,0.000000,0.000291,0.000000,0.000000,0.024042,0.014291,1.218500,671,8102954,41595,0,282,0,282,0,0,0,0,0,0,21277,14400,3510,3367,0
741,1038,15.742333,15.628500,7.158623,0.000000,8.899334,8.816124,0.083127,0.023459,0.008625,1.253625,639,8106691,33479,0,32,0,32,0,0,0,0,0,0,5406,0,3510,1896,0
742,1039,17.866959,17.735706,17.751370,0.000000,0.000250,0.000000,0.000000,0.019041,0.010584,0.608417,678,8103033,41506,0,272,0,272,0,0,0,0,0,0,23096,14400,4680,4016,0
743,1040,15.428666,15.321417,6.916663,0.000000,8.858127,8.766457,0.091502,0.017167,0.006583,0.917000,637,8106716,33480,0,32,0,32,0,0,0,0,0,0,5406,0,3510,1896,0
744,1041,17.906084,17.776756,17.782252,0.000000,0.000291,0.000000,0.000000,0.023625,0.011291,0.289541,668,8103120,41418,0,272,0,272,0,0,0,0,0,0,21264,14400,3510,3354,0
745,1042,15.529166,15.413921,7.149529,0.000000,8.741667,8.649831,0.091669,0.019875,0.007875,0.936708,646,8106879,33435,0,22,0,22,0,0,0,0,0,0,7208,0,4680,2528,0
746,1043,18.118250,17.992175,17.999526,0.000000,0.000250,0.000000,0.000000,0.019459,0.011041,1.227625,670,8102977,41570,0,282,0,282,0,0,0,0,0,0,21254,14400,3510,3344,0
747,1044,15.212709,15.102587,7.021620,0.000000,8.624917,8.506916,0.117835,0.017791,0.007042,0.634708,640,8106833,33494,0,32,0,32,0,0,0,0,0,0,5406,0,3510,1896,0
748,1045,18.076375,17.948332,17.962163,0.000000,0.000291,0.000000,0.000000,0.018625,0.010125,1.220874,679,8102719,41519,0,272,0,272,0,0,0,0,0,0,23081,14400,4680,4001,0
749,1046,15.253583,15.142662,6.955780,0.000000,8.682418,8.591123,0.091127,0.017000,0.006625,0.644250,640,8106866,33481,0,32,0,32,0,0,0,0,0,0,5406,0,3510,1896,0
750,1047,18.002917,17.874579,17.889447,0.000000,0.000250,0.000000,0.000000,0.019666,0.010167,1.214166,672,8103017,41446,0,272,0,272,0,0,0,0,0,0,21290,14400,3510,3380,0
751,1048,15.532333,15.420192,7.245265,0.000000,8.672794,8.581207,0.091419,0.016500,0.006458,0.611958,643,8106735,33661,0,32,0,32,0,0,0,0,0,0,7208,0,4680,2528,0
752,1049,17.389875,17.262086,17.277426,0.000000,0.000251,0.000000,0.000000,0.017167,0.008833,1.213374,672,8102981,41379,0,272,0,272,0,0,0,0,0,0,21322,14400,3510,3412,0
753,1050,15.941292,15.830074,6.995918,0.000000,9.214709,9.103124,0.111418,0.019041,0.007250,0.609417,640,8106783,33627,0,32,0,32,0,0,0,0,0,0,5406,0,3510,1896,0
754,1051,17.302625,17.175826,17.189502,0.000000,0.000250,0.000000,0.000000,0.017208,0.009292,0.907041,677,8102846,41467,0,272,0,272,0,0,0,0,0,0,21609,14400,4680,2529,0
755,1052,16.104291,15.990643,7.174308,0.000000,9.141667,9.094707,0.046835,0.017334,0.006333,1.229541,638,8106833,33637,0,32,0,32,0,0,0,0,0,0,5406,0,3510,1896,0
756,1053,17.207000,17.082122,17.094775,0.000000,0.000249,0.000000,0.000000,0.017917,0.009875,0.610542,669,8103206,41238,0,272,0,272,0,0,0,0,0,0,19806,14400,3510,1896,0
757,1054,16.087250,15.977404,7.024296,0.000000,9.295543,9.204415,0.091002,0.017209,0.006541,1.217625,646,8106579,33707,0,32,0,32,0,0,0,0,0,0,7208,0,4680,2528,0
758,1055,17.128042,17.003499,17.017378,0.000000,0.000292,0.000000,0.000000,0.015292,0.008625,0.609375,665,8103169,41278,0,272,0,272,0,0,0,0,0,0,19806,14400,3510,1896,0
759,1056,16.331417,16.216466,7.088214,0.000000,9.428459,9.344957,0.083418,0.017333,0.006708,0.912458,639,8106893,33645,0,32,0,32,0,0,0,0,0,0,5918,0,3510,2408,0
760,1057,17.262958,17.139507,17.153288,0.000000,0.000208,0.000000,0.000000,0.014917,0.008083,0.610042,673,8102982,41326,0,272,0,272,0,0,0,0,0,0,21096,14400,4680,2016,0
761,1058,15.954125,15.841470,7.047665,0.000000,9.121207,9.076415,0.044626,0.017208,0.007042,1.102000,636,8106668,33639,0,32,0,32,0,0,0,0,0,0,5406,0,3510,1896,0
762,1059,17.464083,17.336844,17.350404,0.000000,0.000291,0.000000,0.000000,0.019500,0.008667,1.232958,678,8102798,41480,0,272,0,272,0,0,0,0,0,0,22548,14400,4596,3552,0
763,1060,16.040375,15.924072,7.281833,0.000000,8.994126,8.954915,0.039044,0.019000,0.006709,0.619333,647,8106878,33925,0,32,0,32,0,0,0,0,0,0,6514,0,3594,2920,0
764,1061,17.380334,17.254198,17.268710,0.000000,0.000292,0.000000,0.000000,0.016333,0.009167,1.228709,669,8102939,41402,0,272,0,272,0,0,0,0,0,0,21312,14400,3510,3402,0
765,1062,15.876000,15.763114,7.089367,0.000000,9.057084,8.980540,0.076418,0.016333,0.006292,0.631750,644,8106554,33611,0,32,0,32,0,0,0,0,0,0,7208,0,4680,2528,0
766,1063,17.342958,17.216343,17.230347,0.000000,0.000293,0.000000,0.000000,0.017000,0.010167,1.294000,666,8103218,41341,0,272,0,272,0,0,0,0,0,0,19806,14400,3510,1896,0
767,1064,16.078292,15.963328,7.026390,0.000000,9.257708,9.191748,0.065835,0.016791,0.006417,0.609834,639,8106612,33628,0,32,0,32,0,0,0,0,0,0,5406,0,3510,1896,0
768,1065,17.668958,17.544171,17.556842,0.000000,0.000207,0.000000,0.000000,0.015292,0.008583,0.909250,675,8102946,41313,0,272,0,272,0,0,0,0,0,0,21608,14400,4680,2528,0
769,1066,15.827208,15.710401,7.355961,0.000000,8.764168,8.719540,0.044502,0.020542,0.007792,0.610500,638,8106804,33627,0,32,0,32,0,0,0,0,0,0,5406,0,3510,1896,0
770,1067,17.347250,17.224074,17.236341,0.000000,0.000249,0.000000,0.000000,0.017000,0.008750,0.909208,668,8103163,41277,0,272,0,272,0,0,0,0,0,0,19806,14400,3510,1896,0
771,1068,15.985292,15.843659,7.252329,0.000000,8.983416,8.982998,0.000251,0.035083,0.010542,0.650333,645,8106724,33602,0,32,0,32,0,0,0,0,0,0,7208,0,4680,2528,0
772,1069,17.803542,17.679482,17.693643,0.000000,0.000250,0.000000,0.000000,0.024625,0.011708,0.610375,669,8103036,41325,0,272,0,272,0,0,0,0,0,0,19806,14400,3510,1896,0
773,1070,15.488000,15.373866,7.452596,0.000000,8.350291,8.311123,0.039043,0.022041,0.006834,1.218125,647,8106917,33838,0,32,0,32,0,0,0,0,0,0,8391,0,3510,4881,0
774,1071,17.548583,17.424793,17.436977,0.000000,0.000209,0.000000,0.000000,0.022792,0.011666,0.612834,674,8102780,41329,0,272,0,272,0,0,0,0,0,0,21608,14400,4680,2528,0
775,1072,16.018125,15.905076,7.572617,0.000000,8.838459,8.771623,0.066669,0.034042,0.011416,0.938667,646,8106861,33826,0,32,0,32,0,0,0,0,0,0,8410,0,3510,4900,0
776,1073,16.899208,16.779936,16.785514,0.000000,0.000290,0.000000,0.000000,0.027584,0.013458,0.654041,672,8103002,41380,0,272,0,272,0,0,0,0,0,0,21320,14400,3510,3410,0
777,1074,16.262917,16.157376,7.013521,0.000000,9.410709,9.309249,0.101335,0.026667,0.006833,0.658334,651,8106519,33701,0,32,0,32,0,0,0,0,0,0,8741,0,4680,4061,0
778,1075,16.757708,16.638123,16.647259,0.000000,0.000166,0.000000,0.000000,0.024917,0.009875,0.448584,671,8103124,41480,0,272,0,272,0,0,0,0,0,0,21345,14400,3510,3435,0
779,1076,16.535959,16.420128,6.721749,0.000000,9.871002,9.754957,0.115877,0.022208,0.010333,1.240999,644,8106782,33706,0,32,0,32,0,0,0,0,0,0,6940,0,3510,3430,0
780,1077,16.755166,16.630976,16.637496,0.000000,0.000251,0.000000,0.000000,0.024250,0.014875,1.272167,680,8102754,41400,0,272,0,272,0,0,0,0,0,0,23151,14400,4680,4071,0
781,1078,16.624417,16.509085,7.194471,0.000000,9.853125,9.786998,0.066002,0.028792,0.007000,0.665708,643,8106781,33718,0,32,0,32,0,0,0,0,0,0,6920,0,3510,3410,0
782,1079,16.546750,16.425300,16.437932,0.000000,0.000290,0.000000,0.000000,0.023167,0.012458,0.882042,673,8103306,41374,0,272,0,272,0,0,0,0,0,0,21293,14400,3510,3383,0
783,1080,17.184083,17.069454,7.131709,0.000000,10.051249,9.960623,0.090376,0.063834,0.017416,0.306834,651,8106346,33706,0,32,0,32,0,0,0,0,0,0,8696,0,4680,4016,0
784,1081,19.656792,19.481833,18.685916,0.000000,0.001250,0.000000,0.000000,0.058458,0.021250,0.600583,669,8103302,41381,0,272,0,272,0,0,0,0,0,0,21311,14400,3510,3401,0
785,1082,13.616625,13.521377,8.063909,0.000000,5.933083,5.907123,0.025668,0.085708,0.013709,0.340167,644,8106618,33722,0,32,0,32,0,0,0,0,0,0,6898,0,3510,3388,0
786,1083,22.744000,22.562373,21.118869,0.000000,0.001334,0.000000,0.000000,0.075917,0.034041,0.945667,678,8102926,41418,0,272,0,272,0,0,0,0,0,0,23091,14400,4680,4011,0
787,1084,10.564750,10.451861,7.826860,0.000000,3.032375,3.031596,0.000195,0.060292,0.012625,0.356292,641,8106759,33716,0,32,0,32,0,0,0,0,0,0,6879,0,3510,3369,0
788,1085,19.825250,19.676926,18.995798,0.000000,0.000875,0.000000,0.000000,0.055458,0.029125,0.350333,673,8103002,41365,0,272,0,272,0,0,0,0,0,0,21274,14400,3510,3364,0
789,1086,13.595917,13.484795,8.179843,0.000000,6.124124,6.102957,0.020918,0.068500,0.016916,0.641000,649,8106601,33651,0,32,0,32,0,0,0,0,0,0,7208,0,4680,2528,0
790,1087,18.633041,18.484560,18.276122,0.000000,0.000832,0.000000,0.000000,0.059750,0.019875,0.290750,669,8103204,41422,0,272,0,272,0,0,0,0,0,0,20405,14400,3510,2495,0
791,1088,14.719209,14.607802,8.425253,0.000000,7.244959,7.244290,0.000377,0.096833,0.019125,1.112876,638,8106849,33601,0,32,0,32,0,0,0,0,0,0,5406,0,3510,1896,0
792,1089,18.703541,18.565511,18.381619,0.000000,0.000624,0.000000,0.000000,0.098792,0.135167,0.955208,679,8102910,41368,0,272,0,272,0,0,0,0,0,0,22186,14400,4680,3106,0
793,1090,14.701875,14.548292,7.952830,0.000000,7.206209,7.148665,0.057419,0.094334,0.016333,0.359875,635,8106810,33610,0,32,0,32,0,0,0,0,0,0,5406,0,3510,1896,0
794,1091,17.782584,17.704291,17.553963,0.000000,0.000501,0.000000,0.000000,0.052791,0.035584,0.785833,668,8102993,41382,0,272,0,272,0,0,0,0,0,0,20366,14400,3510,2456,0
795,1092,15.770166,15.649587,7.841663,0.000000,8.218126,8.102540,0.115418,0.040250,0.013959,0.360917,648,8106509,33589,0,32,0,32,0,0,0,0,0,0,7208,0,4680,2528,0
796,1093,17.823500,17.695087,17.574526,0.000000,0.000668,0.000000,0.000000,0.063959,0.029166,0.662291,670,8103083,41417,0,272,0,272,0,0,0,0,0,0,20358,14400,3510,2448,0
797,1094,15.406042,15.290843,7.781490,0.000000,7.956624,7.835040,0.121377,0.052708,0.013000,0.293000,640,8107051,33608,0,32,0,32,0,0,0,0,0,0,5406,0,3510,1896,0
798,1095,19.542417,19.400804,19.010116,0.000000,0.000958,0.000000,0.000000,0.060416,0.023709,0.598459,675,8102757,41390,0,272,0,272,0,0,0,0,0,0,22171,14400,4680,3091,0
799,1096,13.680208,13.581225,8.044940,0.000000,6.449834,6.435915,0.013543,0.089000,0.013125,0.297792,637,8106747,33594,0,32,0,32,0,0,0,0,0,0,5406,0,3510,1896,0
800,1097,17.308417,17.189734,17.145628,0.000000,0.000415,0.000000,0.000000,0.040875,0.024333,0.648249,673,8103179,41355,0,272,0,272,0,0,0,0,0,0,20347,14400,3510,2437,0
801,1098,15.931125,15.827338,6.952831,0.000000,9.195084,9.061041,0.133877,0.026958,0.006333,0.361667,641,8106589,33583,0,32,0,32,0,0,0,0,0,0,7208,0,4680,2528,0
802,1099,16.896458,16.776332,16.765128,0.000000,0.000543,0.000000,0.000000,0.037875,0.025625,0.713083,671,8103192,41427,0,272,0,272,0,0,0,0,0,0,20385,14400,3510,2475,0
803,1100,16.481333,16.371873,6.923623,0.000000,9.658835,9.511165,0.147502,0.026459,0.008833,0.907124,661,8106709,33603,0,32,0,32,0,0,0,0,0,0,5406,0,3510,1896,0
804,1101,16.960500,16.840576,16.835636,0.000000,0.000376,0.000000,0.000000,0.032167,0.014625,0.459125,679,8102985,41398,0,272,0,272,0,0,0,0,0,0,22202,14400,4680,3122,0
805,1102,16.324792,16.220089,6.733827,0.000000,9.685084,9.577998,0.106919,0.025542,0.008583,1.078083,638,8106656,33609,0,32,0,32,0,0,0,0,0,0,5406,0,3510,1896,0
806,1103,17.171542,17.049786,17.026210,0.000000,0.000333,0.000000,0.000000,0.038000,0.020750,0.531333,670,8103217,41367,0,272,0,272,0,0,0,0,0,0,20750,14400,3510,2840,0
807,1104,16.226666,16.121382,6.962651,0.000000,9.430291,9.319707,0.110418,0.023334,0.009375,0.931958,647,8106609,33682,0,32,0,32,0,0,0,0,0,0,7208,0,4680,2528,0
808,1105,16.712792,16.593472,16.600583,0.000000,0.000209,0.000000,0.000000,0.023542,0.019333,0.654875,668,8103099,41384,0,272,0,272,0,0,0,0,0,0,20824,14400,3510,2914,0
809,1106,16.625375,16.521129,6.660919,0.000000,10.033666,9.906624,0.126876,0.024250,0.007000,0.952458,638,8106718,33614,0,32,0,32,0,0,0,0,0,0,5406,0,3510,1896,0
810,1107,16.598625,16.478742,16.487407,0.000000,0.000250,0.000000,0.000000,0.025083,0.010334,1.277417,680,8102832,41400,0,272,0,272,0,0,0,0,0,0,22620,14400,4680,3540,0
811,1108,16.813000,16.709371,6.687830,0.000000,10.155667,10.051040,0.104419,0.027625,0.012625,0.639125,638,8106949,33605,0,32,0,32,0,0,0,0,0,0,5406,0,3510,1896,0
812,1109,16.872042,16.751431,16.761069,0.000000,0.000294,0.000000,0.000000,0.034625,0.021833,1.274041,670,8102855,41326,0,272,0,272,0,0,0,0,0,0,21346,14400,3510,3436,0
813,1110,16.465458,16.360403,6.911528,0.000000,9.614917,9.492248,0.122501,0.026125,0.016250,0.300167,645,8106877,33671,0,32,0,32,0,0,0,0,0,0,6696,0,4680,2016,0
814,1111,16.707208,16.585797,16.593538,0.000000,0.000293,0.000000,0.000000,0.025709,0.014666,1.219375,672,8103032,41303,0,272,0,272,0,0,0,0,0,0,20770,14400,3510,2860,0
815,1112,16.616750,16.504537,7.875657,0.000000,9.915668,9.907915,0.007585,0.032625,0.009709,0.291792,644,8106752,33549,0,32,0,32,0,0,0,0,0,0,7124,0,4596,2528,0
816,1113,17.003125,16.881746,16.888800,0.000000,0.000293,0.000000,0.000000,0.025167,0.010375,0.903792,672,8102861,41427,0,272,0,272,0,0,0,0,0,0,20915,14400,3594,2921,0
817,1114,16.377250,16.270614,6.772165,0.000000,9.681751,9.609915,0.071669,0.023834,0.018375,0.609000,639,8106719,33610,0,32,0,32,0,0,0,0,0,0,5406,0,3510,1896,0
818,1115,16.863542,16.742814,16.737838,0.000000,0.000333,0.000000,0.000000,0.029417,0.012333,1.203874,679,8103036,41401,0,272,0,272,0,0,0,0,0,0,22545,14400,4680,3465,0
819,1116,16.459292,16.354358,6.608896,0.000000,9.914916,9.811332,0.103418,0.025375,0.007416,1.270542,639,8106917,33618,0,32,0,32,0,0,0,0,0,0,5406,0,3510,1896,0
820,1117,16.521750,16.401177,16.414615,0.000000,0.000252,0.000000,0.000000,0.025958,0.011750,0.614041,669,8102955,41323,0,272,0,272,0,0,0,0,0,0,20860,14400,3510,2950,0
821,1118,16.868708,16.764113,6.571932,0.000000,10.316959,10.185624,0.131085,0.023625,0.008917,1.183042,647,8106503,33589,0,32,0,32,0,0,0,0,0,0,7208,0,4680,2528,0
822,1119,16.658833,16.538337,16.526042,0.000000,0.000250,0.000000,0.000000,0.026834,0.011500,0.617083,672,8103233,41371,0,272,0,272,0,0,0,0,0,0,20849,14400,3510,2939,0
823,1120,16.549209,16.444501,7.278178,0.000000,10.051460,10.050915,0.000419,0.022458,0.006750,1.223250,637,8106946,33613,0,32,0,32,0,0,0,0,0,0,5406,0,3510,1896,0
824,1121,16.786666,16.664550,16.672285,0.000000,0.000333,0.000000,0.000000,0.031709,0.013291,0.611209,677,8102689,41389,0,272,0,272,0,0,0,0,0,0,22677,14400,4680,3597,0
825,1122,16.713334,16.609191,6.669361,0.000000,10.084124,9.978582,0.105418,0.022291,0.010167,0.908458,637,8106996,33619,0,32,0,32,0,0,0,0,0,0,5406,0,3510,1896,0
826,1123,16.560291,16.439170,16.440757,0.000000,0.000251,0.000000,0.000000,0.027500,0.011750,1.220209,666,8103072,41275,0,272,0,272,0,0,0,0,0,0,20922,14400,3510,3012,0
827,1124,16.803667,16.698971,6.577780,0.000000,10.218291,10.091123,0.127085,0.020833,0.055500,0.470917,646,8106552,33595,0,32,0,32,0,0,0,0,0,0,7208,0,4680,2528,0
828,1125,16.687875,16.570500,16.557853,0.000000,0.000293,0.000000,0.000000,0.020042,0.020958,1.255292,671,8103004,41391,0,272,0,272,0,0,0,0,0,0,21622,14400,3510,3712,0
829,1126,16.677667,16.571376,6.559384,0.000000,10.132207,10.028289,0.103794,0.022250,0.014000,0.656667,639,8106983,33601,0,32,0,32,0,0,0,0,0,0,5406,0,3510,1896,0
830,1127,16.836291,16.715822,16.723619,0.000000,0.000293,0.000000,0.000000,0.030917,0.012625,1.005042,678,8102771,41369,0,272,0,272,0,0,0,0,0,0,23393,14400,4680,4313,0
831,1128,16.611042,16.503767,6.846692,0.000000,9.701458,9.633623,0.067668,0.030750,0.009042,0.299334,635,8106814,33608,0,32,0,32,0,0,0,0,0,0,5406,0,3510,1896,0
832,1129,16.746375,16.624926,16.609208,0.000000,0.000167,0.000000,0.000000,0.029458,0.012709,0.972833,673,8103060,41306,0,272,0,272,0,0,0,0,0,0,21570,14400,3510,3660,0
833,1130,16.467208,16.362250,7.327207,0.000000,9.871916,9.869957,0.001751,0.024209,0.007333,0.995374,648,8106577,33584,0,32,0,32,0,0,0,0,0,0,7208,0,4680,2528,0
834,1130,45.424250,4.494626,4.492957,0.000000,0.000292,0.000000,0.000000,0.224500,0.014584,2.279208,142,1870569,9614,0,90,0,90,0,0,0,0,0,0,0,0,0,0,0
835,48063,123.984667,86.230832,24.587247,0.000000,0.000334,0.000000,0.000000,0.342833,0.018625,7.037085,589,5683359,41830,0,2,0,2,0,0,0,0,0,0,5406,0,3510,1896,0
836,48064,32.718292,32.322922,27.436471,0.000000,0.000459,0.000000,0.000000,0.097791,0.030834,1.745917,2093,8107229,135800,0,2,0,2,0,0,0,0,0,0,5406,0,3510,1896,0
837,48065,21.194208,20.788935,20.683219,0.000000,0.000418,0.000000,0.000000,0.079583,0.024084,1.215501,2153,8107255,140711,0,2,0,2,0,0,0,0,0,0,5406,0,3510,1896,0
838,48066,20.746458,20.344841,20.308968,0.000000,0.000501,0.000000,0.000000,0.092709,0.026958,1.304500,2075,8107045,135717,0,2,0,2,0,0,0,0,0,0,7208,0,4680,2528,0
839,48067,21.285625,20.876599,20.731344,0.000000,0.001125,0.000000,0.000000,0.107875,0.031834,1.260375,2134,8106926,138968,0,2,0,2,0,0,0,0,0,0,7447,0,3510,3937,0
840,48068,20.186584,19.794802,19.809685,0.000000,0.000374,0.000000,0.000000,0.074083,0.019083,0.941209,2136,8107252,137033,0,2,0,2,0,0,0,0,0,0,5406,0,3510,1896,0
841,48069,19.249375,18.876359,18.889056,0.000000,0.000417,0.000000,0.000000,0.065625,0.023291,0.945042,2067,8107040,134814,0,2,0,2,0,0,0,0,0,0,7208,0,4680,2528,0
842,48070,19.539166,19.150362,19.177334,0.000000,0.000292,0.000000,0.000000,0.078959,0.014583,1.262333,2128,8107360,139482,0,2,0,2,0,0,0,0,0,0,5406,0,3510,1896,0
843,48071,19.200625,18.806776,18.838049,0.000000,0.000332,0.000000,0.000000,0.075959,0.025500,1.264166,2120,8107178,135858,0,2,0,2,0,0,0,0,0,0,5406,0,3510,1896,0
844,48072,19.178167,18.804945,18.831369,0.000000,0.000333,0.000000,0.000000,0.075542,0.015541,0.633500,2045,8107061,135237,0,2,0,2,0,0,0,0,0,0,7208,0,4680,2528,0
845,48073,19.072792,18.689856,18.601686,0.000000,0.000331,0.000000,0.000000,0.077458,0.015417,1.255208,2044,8107265,135776,0,2,0,2,0,0,0,0,0,0,5406,0,3510,1896,0
846,48074,20.868791,20.433652,20.263546,0.000000,0.000582,0.000000,0.000000,0.075209,0.045666,0.762125,2120,8107274,136963,0,2,0,2,0,0,0,0,0,0,5406,0,3510,1896,0
847,48075,19.851417,19.456803,19.397110,0.000000,0.000542,0.000000,0.000000,0.073833,0.022334,0.582458,2057,8107080,135567,0,2,0,2,0,0,0,0,0,0,7208,0,4680,2528,0
848,48076,18.907083,18.532093,18.562034,0.000000,0.000334,0.000000,0.000000,0.072625,0.013917,1.324458,2050,8107247,135610,0,2,0,2,0,0,0,0,0,0,5406,0,3510,1896,0
849,48077,18.981459,18.601856,18.634959,0.000000,0.000292,0.000000,0.000000,0.081875,0.061291,1.282833,2076,8107271,135162,0,2,0,2,0,0,0,0,0,0,5406,0,3510,1896,0
850,48078,19.423250,19.044467,19.056833,0.000000,0.000333,0.000000,0.000000,0.070458,0.035917,0.639917,2088,8107040,136968,0,2,0,2,0,0,0,0,0,0,7208,0,4680,2528,0
851,48079,19.039750,18.658584,18.678455,0.000000,0.000375,0.000000,0.000000,0.067750,0.021916,0.933500,2061,8107268,136179,0,2,0,2,0,0,0,0,0,0,5406,0,3510,1896,0
852,48080,19.175041,18.787757,18.812514,0.000000,0.000459,0.000000,0.000000,0.084209,0.016500,1.215041,2094,8107404,135066,0,2,0,2,0,0,0,0,0,0,7004,0,4536,2468,0
853,48081,19.832792,19.445459,19.417056,0.000000,0.000459,0.000000,0.000000,0.067083,0.041709,1.419208,2060,8106878,136256,0,2,0,2,0,0,0,0,0,0,5610,0,3654,1956,0
854,48082,19.813042,19.406572,19.381477,0.000000,0.000418,0.000000,0.000000,0.071416,0.035125,1.429834,2071,8107284,136517,0,2,0,2,0,0,0,0,0,0,5406,0,3510,1896,0
855,48083,19.261583,18.878158,18.836325,0.000000,0.000417,0.000000,0.000000,0.067125,0.014917,1.363582,2058,8107123,133332,0,2,0,2,0,0,0,0,0,0,7208,0,4680,2528,0
856,48084,19.048375,18.667477,18.696611,0.000000,0.000418,0.000000,0.000000,0.071333,0.037209,0.611167,2105,8107200,137870,0,2,0,2,0,0,0,0,0,0,5406,0,3510,1896,0
857,48085,18.483792,18.102275,18.128036,0.000000,0.000333,0.000000,0.000000,0.061750,0.015666,0.944500,2034,8107220,135164,0,2,0,2,0,0,0,0,0,0,5406,0,3510,1896,0
858,48086,18.231208,17.850383,17.887398,0.000000,0.000374,0.000000,0.000000,0.056375,0.015833,1.345251,2034,8107096,134293,0,2,0,2,0,0,0,0,0,0,7208,0,4680,2528,0
859,48087,18.757833,18.381737,18.400978,0.000000,0.000334,0.000000,0.000000,0.059167,0.013083,1.268291,2077,8107206,137165,0,2,0,2,0,0,0,0,0,0,5406,0,3510,1896,0
860,48088,18.832334,18.451798,18.493425,0.000000,0.000458,0.000000,0.000000,0.069541,0.019542,0.609375,2049,8107270,135726,0,2,0,2,0,0,0,0,0,0,5406,0,3510,1896,0
861,48089,18.492625,18.133442,18.149891,0.000000,0.000290,0.000000,0.000000,0.061666,0.040250,0.941749,2002,8107071,132615,0,2,0,2,0,0,0,0,0,0,7208,0,4680,2528,0
862,48090,18.966333,18.582283,18.579043,0.000000,0.000500,0.000000,0.000000,0.058250,0.013792,1.261542,2097,8107245,138700,0,2,0,2,0,0,0,0,0,0,5406,0,3510,1896,0
863,48091,18.419958,18.054804,18.088672,0.000000,0.000334,0.000000,0.000000,0.066125,0.014042,1.265251,2043,8107235,135297,0,2,0,2,0,0,0,0,0,0,5406,0,3510,1896,0
864,48092,18.573709,18.199002,18.230730,0.000000,0.000332,0.000000,0.000000,0.060791,0.013834,0.616042,2009,8107087,133420,0,2,0,2,0,0,0,0,0,0,7208,0,4680,2528,0
865,48093,18.692583,18.297899,18.314113,0.000000,0.000373,0.000000,0.000000,0.066083,0.014250,1.229084,2067,8107213,136796,0,2,0,2,0,0,0,0,0,0,5406,0,3510,1896,0
866,48094,18.937542,18.552941,18.589475,0.000000,0.000375,0.000000,0.000000,0.066875,0.038041,1.262083,2070,8107268,136515,0,2,0,2,0,0,0,0,0,0,5406,0,3510,1896,0
867,48095,18.386333,18.009989,18.008582,0.000000,0.000292,0.000000,0.000000,0.062167,0.013958,1.295792,2012,8107055,133293,0,2,0,2,0,0,0,0,0,0,7208,0,4680,2528,0
868,48096,18.865667,18.461683,18.469417,0.000000,0.000332,0.000000,0.000000,0.055333,0.012708,0.653958,2095,8107252,137539,0,2,0,2,0,0,0,0,0,0,5406,0,3510,1896,0
869,48097,18.278208,17.924142,17.949556,0.000000,0.000457,0.000000,0.000000,0.057625,0.019708,1.106416,2015,8107277,134912,0,2,0,2,0,0,0,0,0,0,5406,0,3510,1896,0
870,48098,18.502375,18.123820,18.124633,0.000000,0.000418,0.000000,0.000000,0.062250,0.018292,1.303792,2034,8107071,134764,0,2,0,2,0,0,0,0,0,0,7208,0,4680,2528,0
871,48099,19.121792,18.742694,18.767926,0.000000,0.000501,0.000000,0.000000,0.066541,0.040542,1.289000,2081,8107196,137491,0,2,0,2,0,0,0,0,0,0,5406,0,3510,1896,0
872,48100,18.547000,18.164870,18.188227,0.000000,0.000208,0.000000,0.000000,0.062583,0.013792,0.610416,2063,8107279,135636,0,2,0,2,0,0,0,0,0,0,5406,0,3510,1896,0
873,48101,18.291583,17.928264,17.951184,0.000000,0.000334,0.000000,0.000000,0.068833,0.013709,0.940917,2009,8107052,133349,0,2,0,2,0,0,0,0,0,0,7208,0,4680,2528,0
874,48102,18.773042,18.393673,18.430264,0.000000,0.000376,0.000000,0.000000,0.063166,0.013375,1.222792,2093,8107231,138472,0,2,0,2,0,0,0,0,0,0,5406,0,3510,1896,0
875,48103,18.454125,18.088910,17.376923,0.000000,0.000333,0.000000,0.000000,0.050250,0.011250,1.236167,2018,8107364,136295,0,2,0,2,0,0,0,0,0,0,5406,0,3510,1896,0
876,48104,20.812791,20.407726,20.292210,0.000000,0.000458,0.000000,0.000000,0.067792,0.042292,0.304417,2050,8106944,140849,0,2,0,2,0,0,0,0,0,0,7208,0,4680,2528,0
877,48105,20.215292,19.818951,19.786513,0.000000,0.000249,0.000000,0.000000,0.073250,0.029375,1.307541,2070,8107258,138370,0,2,0,2,0,0,0,0,0,0,5406,0,3510,1896,0
878,48106,19.627875,19.226422,19.232257,0.000000,0.000332,0.000000,0.000000,0.064792,0.050666,0.920958,2114,8107276,136994,0,2,0,2,0,0,0,0,0,0,5406,0,3510,1896,0
879,48107,18.422167,18.045085,18.052186,0.000000,0.000375,0.000000,0.000000,0.062375,0.014291,1.262209,2018,8107041,133901,0,2,0,2,0,0,0,0,0,0,7208,0,4680,2528,0
880,48108,18.774291,18.387006,18.428942,0.000000,0.000418,0.000000,0.000000,0.062959,0.012625,1.262166,2090,8107377,137647,0,2,0,2,0,0,0,0,0,0,5406,0,3510,1896,0
881,48109,18.661875,18.285763,18.306623,0.000000,0.000459,0.000000,0.000000,0.069667,0.013917,0.650792,2063,8107172,134947,0,2,0,2,0,0,0,0,0,0,5406,0,3510,1896,0
882,48110,18.500000,18.121767,18.158095,0.000000,0.000417,0.000000,0.000000,0.064875,0.014000,1.093666,2026,8107011,134129,0,2,0,2,0,0,0,0,0,0,7208,0,4680,2528,0
883,48111,19.360084,18.961272,18.978890,0.000000,0.000667,0.000000,0.000000,0.071541,0.014459,1.139041,2088,8107246,137166,0,2,0,2,0,0,0,0,0,0,5406,0,3510,1896,0
884,48112,18.368625,17.986022,18.016908,0.000000,0.000251,0.000000,0.000000,0.057250,0.043041,1.268291,2091,8107273,135252,0,2,0,2,0,0,0,0,0,0,5406,0,3510,1896,0
885,48113,18.072791,17.698936,17.714145,0.000000,0.000416,0.000000,0.000000,0.058917,0.016875,0.608291,1992,8107192,132293,0,2,0,2,0,0,0,0,0,0,7208,0,4680,2528,0
886,48114,19.009542,18.630122,18.652575,0.000000,0.000458,0.000000,0.000000,0.066833,0.015167,1.229958,2092,8107122,138775,0,2,0,2,0,0,0,0,0,0,5406,0,3510,1896,0
887,48115,18.377833,17.993116,18.027223,0.000000,0.000375,0.000000,0.000000,0.060125,0.014209,1.275417,2071,8107277,134965,0,2,0,2,0,0,0,0,0,0,5406,0,3510,1896,0
888,48116,18.541959,18.174719,18.213999,0.000000,0.000458,0.000000,0.000000,0.073041,0.028250,1.304292,1993,8107008,133217,0,2,0,2,0,0,0,0,0,0,7208,0,4680,2528,0
889,48117,18.755833,18.374614,18.401596,0.000000,0.000376,0.000000,0.000000,0.058583,0.014917,0.614208,2067,8107251,137314,0,2,0,2,0,0,0,0,0,0,5406,0,3510,1896,0
890,48118,18.576167,18.187335,18.216174,0.000000,0.000375,0.000000,0.000000,0.060541,0.013542,0.992333,2118,8107363,136410,0,2,0,2,0,0,0,0,0,0,5406,0,3510,1896,0
891,48119,18.269583,17.903333,17.937275,0.000000,0.000417,0.000000,0.000000,0.064458,0.011875,1.312750,2013,8106967,133631,0,2,0,2,0,0,0,0,0,0,7208,0,4680,2528,0
892,48120,19.391542,19.004809,19.014534,0.000000,0.000540,0.000000,0.000000,0.071916,0.018959,1.260417,2077,8107255,137477,0,2,0,2,0,0,0,0,0,0,5406,0,3510,1896,0
893,48121,18.945041,18.554260,18.556853,0.000000,0.000417,0.000000,0.000000,0.063167,0.020042,0.608958,2093,8107473,135646,0,2,0,2,0,0,0,0,0,0,5406,0,3510,1896,0
894,48122,18.290792,17.899460,17.906444,0.000000,0.000375,0.000000,0.000000,0.059125,0.014042,1.051416,2035,8106865,134297,0,2,0,2,0,0,0,0,0,0,7208,0,4680,2528,0
895,48123,20.046417,19.655377,19.292989,0.000000,0.000248,0.000000,0.000000,0.072083,0.018708,0.932625,2075,8107240,137519,0,2,0,2,0,0,0,0,0,0,5406,0,3510,1896,0
896,48124,18.527166,18.127663,18.165020,0.000000,0.000624,0.000000,0.000000,0.061459,0.034916,1.436333,2108,8107292,136201,0,2,0,2,0,0,0,0,0,0,5406,0,3510,1896,0
897,48125,19.135000,18.735670,18.761284,0.000000,0.000376,0.000000,0.000000,0.061709,0.017708,1.511625,2030,8107051,135017,0,2,0,2,0,0,0,0,0,0,7208,0,4680,2528,0
898,48126,19.447250,19.041541,19.044885,0.000000,0.000333,0.000000,0.000000,0.061709,0.033958,0.616292,2092,8107324,137207,0,2,0,2,0,0,0,0,0,0,5406,0,3510,1896,0
899,48127,19.520584,19.125757,19.098046,0.000000,0.000376,0.000000,0.000000,0.066541,0.015084,0.613334,2092,8107188,135367,0,2,0,2,0,0,0,0,0,0,5406,0,3510,1896,0
900,48128,18.957458,18.577154,18.584846,0.000000,0.000460,0.000000,0.000000,0.062208,0.042375,0.924084,2039,8107265,135899,0,2,0,2,0,0,0,0,0,0,7208,0,4680,2528,0
901,48129,18.932208,18.559708,18.532640,0.000000,0.000374,0.000000,0.000000,0.063792,0.045292,1.020792,2039,8107091,135809,0,2,0,2,0,0,0,0,0,0,5406,0,3510,1896,0
902,48130,18.806167,18.414001,18.425567,0.000000,0.000499,0.000000,0.000000,0.071000,0.013417,1.274125,2126,8107249,136698,0,2,0,2,0,0,0,0,0,0,5406,0,3510,1896,0
903,48131,18.845708,18.466804,18.461258,0.000000,0.000500,0.000000,0.000000,0.072084,0.013208,0.639208,2059,8107162,135663,0,2,0,2,0,0,0,0,0,0,7208,0,4680,2528,0
904,48132,18.836250,18.451899,18.475616,0.000000,0.000292,0.000000,0.000000,0.071792,0.014042,0.937875,2066,8107137,135419,0,2,0,2,0,0,0,0,0,0,5406,0,3510,1896,0
905,48133,18.306792,17.931176,17.956341,0.000000,0.000335,0.000000,0.000000,0.061833,0.019459,1.276917,2058,8107376,134272,0,2,0,2,0,0,0,0,0,0,7004,0,4536,2468,0
906,48134,19.258042,18.870542,18.881709,0.000000,0.000332,0.000000,0.000000,0.065166,0.012542,1.308083,2088,8106946,138267,0,2,0,2,0,0,0,0,0,0,5610,0,3654,1956,0
907,48135,18.562208,18.185583,18.220175,0.000000,0.000458,0.000000,0.000000,0.067458,0.020167,0.633209,2054,8107260,135758,0,2,0,2,0,0,0,0,0,0,5406,0,3510,1896,0
908,48136,18.719042,18.337794,18.329822,0.000000,0.000418,0.000000,0.000000,0.064875,0.017291,0.947292,2056,8107086,133600,0,2,0,2,0,0,0,0,0,0,7208,0,4680,2528,0
909,48137,18.722791,18.348103,18.369751,0.000000,0.000501,0.000000,0.000000,0.075459,0.012791,1.310001,2065,8107201,136998,0,2,0,2,0,0,0,0,0,0,5406,0,3510,1896,0
910,48138,18.971542,18.588754,18.602428,0.000000,0.000250,0.000000,0.000000,0.059708,0.017959,1.253001,2069,8107285,136993,0,2,0,2,0,0,0,0,0,0,5406,0,3510,1896,0
911,48139,19.094542,18.724485,18.251989,0.000000,0.000334,0.000000,0.000000,0.069500,0.023041,0.655250,2027,8107043,133968,0,2,0,2,0,0,0,0,0,0,7208,0,4680,2528,0
912,48140,19.634875,19.240397,19.264778,0.000000,0.000375,0.000000,0.000000,0.059500,0.044625,1.101542,2091,8107233,137567,0,2,0,2,0,0,0,0,0,0,5406,0,3510,1896,0
913,48141,19.282833,18.894206,18.836456,0.000000,0.000375,0.000000,0.000000,0.068458,0.024375,1.040000,2016,8107298,134872,0,2,0,2,0,0,0,0,0,0,5406,0,3510,1896,0
914,48142,19.058542,18.669047,18.671155,0.000000,0.000374,0.000000,0.000000,0.057250,0.016916,1.264125,2034,8107027,134640,0,2,0,2,0,0,0,0,0,0,7208,0,4680,2528,0
915,48143,18.774875,18.376699,18.421410,0.000000,0.000416,0.000000,0.000000,0.063958,0.016333,1.302084,2087,8107484,137009,0,2,0,2,0,0,0,0,0,0,5406,0,3510,1896,0
916,48144,19.507958,19.128432,19.171848,0.000000,0.000583,0.000000,0.000000,0.076125,0.013500,0.291167,2059,8107020,135827,0,2,0,2,0,0,0,0,0,0,5406,0,3510,1896,0
917,48145,18.954875,18.581207,18.600694,0.000000,0.000459,0.000000,0.000000,0.069292,0.014375,0.583625,2012,8107093,132623,0,2,0,2,0,0,0,0,0,0,7208,0,4680,2528,0
918,48146,18.184625,17.809327,17.850423,0.000000,0.000290,0.000000,0.000000,0.056917,0.012416,1.169542,2110,8107219,139150,0,2,0,2,0,0,0,0,0,0,5406,0,3510,1896,0
919,48147,17.802125,17.432944,17.476364,0.000000,0.000251,0.000000,0.000000,0.053583,0.012334,1.057042,2053,8107247,135442,0,2,0,2,0,0,0,0,0,0,5406,0,3510,1896,0
920,48148,17.646500,17.286589,17.300538,0.000000,0.000292,0.000000,0.000000,0.061542,0.014250,0.608625,1993,8107052,132981,0,2,0,2,0,0,0,0,0,0,7208,0,4680,2528,0
921,48149,18.294042,17.922508,17.950341,0.000000,0.000375,0.000000,0.000000,0.062208,0.014000,0.639917,2088,8107330,138115,0,2,0,2,0,0,0,0,0,0,5406,0,3510,1896,0
922,48150,17.876416,17.508606,17.548392,0.000000,0.000251,0.000000,0.000000,0.052625,0.012209,0.802458,2072,8107179,136347,0,2,0,2,0,0,0,0,0,0,5406,0,3510,1896,0
923,48151,17.484125,17.128148,17.165982,0.000000,0.000375,0.000000,0.000000,0.057209,0.012666,0.349666,2019,8107042,133363,0,2,0,2,0,0,0,0,0,0,7208,0,4680,2528,0
924,48152,17.948709,17.574544,17.615256,0.000000,0.000250,0.000000,0.000000,0.053583,0.011833,0.805500,2092,8107266,137692,0,2,0,2,0,0,0,0,0,0,5406,0,3510,1896,0
925,48153,17.608166,17.247630,17.285808,0.000000,0.000207,0.000000,0.000000,0.051792,0.011958,0.795626,2037,8107253,135127,0,2,0,2,0,0,0,0,0,0,5406,0,3510,1896,0
926,48154,17.695584,17.335096,17.374774,0.000000,0.000500,0.000000,0.000000,0.059541,0.012959,0.447125,2028,8107057,134474,0,2,0,2,0,0,0,0,0,0,7208,0,4680,2528,0
927,48155,17.715125,17.341288,17.384492,0.000000,0.000251,0.000000,0.000000,0.051666,0.011792,0.742750,2096,8107247,137139,0,2,0,2,0,0,0,0,0,0,5406,0,3510,1896,0
928,48156,17.504916,17.135512,17.175019,0.000000,0.000207,0.000000,0.000000,0.049917,0.010917,1.055958,2078,8107274,135521,0,2,0,2,0,0,0,0,0,0,5406,0,3510,1896,0
929,48157,17.255334,16.901742,16.942088,0.000000,0.000375,0.000000,0.000000,0.052541,0.011917,0.448125,1996,8107108,132621,0,2,0,2,0,0,0,0,0,0,7208,0,4680,2528,0
930,48158,18.431416,18.055113,18.025833,0.000000,0.000499,0.000000,0.000000,0.061042,0.013458,1.072375,2112,8107191,139127,0,2,0,2,0,0,0,0,0,0,5406,0,3510,1896,0
931,48159,17.882459,17.508663,17.526748,0.000000,0.000458,0.000000,0.000000,0.068375,0.014958,1.226667,2111,8107258,135841,0,2,0,2,0,0,0,0,0,0,5406,0,3510,1896,0
932,48160,19.261541,18.891193,18.884834,0.000000,0.000710,0.000000,0.000000,0.086209,0.038291,0.291250,2018,8107171,133709,0,2,0,2,0,0,0,0,0,0,7208,0,4680,2528,0
933,48161,19.095584,18.720601,18.725702,0.000000,0.000542,0.000000,0.000000,0.084958,0.037417,0.735083,2067,8107121,136699,0,2,0,2,0,0,0,0,0,0,5406,0,3510,1896,0
934,48162,20.068000,19.674810,19.600133,0.000000,0.000791,0.000000,0.000000,0.067583,0.014542,1.008166,2138,8107255,136843,0,2,0,2,0,0,0,0,0,0,5406,0,3510,1896,0
935,48163,18.019208,17.660253,17.638181,0.000000,0.000500,0.000000,0.000000,0.068583,0.012917,1.230541,2004,8107170,133195,0,2,0,2,0,0,0,0,0,0,7208,0,4680,2528,0
936,48164,18.312333,17.939617,17.980546,0.000000,0.000292,0.000000,0.000000,0.043750,0.012334,0.640042,2091,8107136,137805,0,2,0,2,0,0,0,0,0,0,5406,0,3510,1896,0
937,48165,17.844250,17.477751,17.507990,0.000000,0.000333,0.000000,0.000000,0.047959,0.013125,1.216250,2083,8107288,135289,0,2,0,2,0,0,0,0,0,0,5406,0,3510,1896,0
938,48166,17.791084,17.426587,17.456192,0.000000,0.000418,0.000000,0.000000,0.048041,0.013459,0.922999,2048,8107060,134756,0,2,0,2,0,0,0,0,0,0,7208,0,4680,2528,0
939,48167,18.159750,17.789594,17.811589,0.000000,0.000375,0.000000,0.000000,0.049500,0.013166,0.906584,2076,8107230,136915,0,2,0,2,0,0,0,0,0,0,5406,0,3510,1896,0
940,48168,17.883250,17.511028,17.547638,0.000000,0.000209,0.000000,0.000000,0.043500,0.012583,0.609667,2089,8107271,135543,0,2,0,2,0,0,0,0,0,0,5406,0,3510,1896,0
941,48169,17.662208,17.305657,17.337594,0.000000,0.000208,0.000000,0.000000,0.047042,0.013458,1.058833,2004,8107046,132715,0,2,0,2,0,0,0,0,0,0,7208,0,4680,2528,0
942,48170,18.407833,18.016351,18.044104,0.000000,0.000501,0.000000,0.000000,0.047625,0.012417,1.068292,2115,8107249,139191,0,2,0,2,0,0,0,0,0,0,5406,0,3510,1896,0
943,48171,17.874584,17.499631,17.535364,0.000000,0.000416,0.000000,0.000000,0.051875,0.014208,0.351292,2092,8107243,135326,0,2,0,2,0,0,0,0,0,0,5406,0,3510,1896,0
944,48172,17.570250,17.211290,17.244961,0.000000,0.000374,0.000000,0.000000,0.042875,0.018583,0.908958,2021,8107041,133698,0,2,0,2,0,0,0,0,0,0,7208,0,4680,2528,0
945,48173,17.825000,17.455281,17.492284,0.000000,0.000293,0.000000,0.000000,0.043750,0.012125,1.219041,2060,8107259,136734,0,2,0,2,0,0,0,0,0,0,5406,0,3510,1896,0
946,48174,18.645250,18.262706,18.296597,0.000000,0.000542,0.000000,0.000000,0.057625,0.014583,0.453625,2147,8107017,137303,0,2,0,2,0,0,0,0,0,0,7447,0,3510,3937,0
947,48175,18.372916,17.997720,17.644422,0.000000,0.000418,0.000000,0.000000,0.067375,0.016250,0.901292,2023,8107092,134050,0,2,0,2,0,0,0,0,0,0,7465,0,4680,2785,0
948,48176,23.701542,23.301767,20.752186,0.000000,0.000334,0.000000,0.000000,0.077083,0.013250,1.280166,2093,8107226,145705,0,2,0,2,0,0,0,0,0,0,5565,0,3510,2055,0
949,48177,22.461500,22.053635,20.571892,0.000000,0.000209,0.000000,0.000000,0.060708,0.020042,1.216501,2189,8106986,143917,0,2,0,2,0,0,0,0,0,0,5406,0,3510,1896,0
950,48178,19.519292,19.117195,19.156760,0.000000,0.000293,0.000000,0.000000,0.058458,0.019792,0.922500,2145,8107108,133487,0,2,0,2,0,0,0,0,0,0,7208,0,4680,2528,0
951,48179,19.313916,18.907982,18.915832,0.000000,0.000375,0.000000,0.000000,0.062084,0.013041,0.987208,2124,8107320,132542,0,2,0,2,0,0,0,0,0,0,5406,0,3510,1896,0
952,48180,18.978584,18.593898,18.496387,0.000000,0.000333,0.000000,0.000000,0.068166,0.033417,1.260833,2038,8107251,130222,0,2,0,2,0,0,0,0,0,0,5406,0,3510,1896,0
953,48181,20.590416,20.191130,20.054764,0.000000,0.000458,0.000000,0.000000,0.066959,0.013916,0.902541,2121,8107008,137279,0,2,0,2,0,0,0,0,0,0,7208,0,4680,2528,0
954,48182,20.268792,19.868506,19.747508,0.000000,0.000374,0.000000,0.000000,0.056167,0.014083,1.059458,2130,8107218,137527,0,2,0,2,0,0,0,0,0,0,5406,0,3510,1896,0
955,48183,18.747958,18.360252,18.392100,0.000000,0.000376,0.000000,0.000000,0.055792,0.044333,0.621875,2132,8107267,135984,0,2,0,2,0,0,0,0,0,0,5406,0,3510,1896,0
956,48184,18.811084,18.435409,18.432340,0.000000,0.000292,0.000000,0.000000,0.057166,0.014625,0.595583,2089,8107051,135839,0,2,0,2,0,0,0,0,0,0,7208,0,4680,2528,0
957,48185,18.535041,18.163074,18.190877,0.000000,0.000375,0.000000,0.000000,0.051375,0.014292,1.066541,2044,8107307,134231,0,2,0,2,0,0,0,0,0,0,5406,0,3510,1896,0
958,48186,18.679875,18.297035,18.192911,0.000000,0.000584,0.000000,0.000000,0.051000,0.012125,1.059208,2092,8107304,133829,0,2,0,2,0,0,0,0,0,0,7004,0,4536,2468,0
959,48187,19.114084,18.728647,18.735758,0.000000,0.000499,0.000000,0.000000,0.058625,0.051958,0.445625,2053,8106938,134332,0,2,0,2,0,0,0,0,0,0,5610,0,3654,1956,0
960,48188,19.143625,18.758454,18.727445,0.000000,0.000457,0.000000,0.000000,0.058125,0.013708,0.862125,2053,8107276,134091,0,2,0,2,0,0,0,0,0,0,5406,0,3510,1896,0
961,48189,18.207416,17.843733,17.850855,0.000000,0.000292,0.000000,0.000000,0.054792,0.013583,1.223791,2006,8107256,130920,0,2,0,2,0,0,0,0,0,0,7208,0,4680,2528,0
962,48190,18.954000,18.573470,18.602321,0.000000,0.000376,0.000000,0.000000,0.061959,0.081291,1.218708,2084,8107050,137175,0,2,0,2,0,0,0,0,0,0,5406,0,3510,1896,0
963,48191,21.568125,21.196397,18.954080,0.000000,0.000458,0.000000,0.000000,0.056542,0.014417,1.263625,2033,8107241,133347,0,2,0,2,0,0,0,0,0,0,5406,0,3510,1896,0
964,48192,19.439292,19.059841,18.862471,0.000000,0.000415,0.000000,0.000000,0.072500,0.042125,1.225375,2013,8107041,131488,0,2,0,2,0,0,0,0,0,0,7208,0,4680,2528,0
965,48193,19.224208,18.845360,18.860323,0.000000,0.000292,0.000000,0.000000,0.057875,0.015709,0.613875,2064,8107428,135784,0,2,0,2,0,0,0,0,0,0,5406,0,3510,1896,0
966,48194,18.995042,18.611168,18.608174,0.000000,0.000501,0.000000,0.000000,0.051917,0.012583,0.970250,2052,8107089,134671,0,2,0,2,0,0,0,0,0,0,5406,0,3510,1896,0
967,48195,17.847833,17.478234,17.483961,0.000000,0.000416,0.000000,0.000000,0.047500,0.012125,1.419000,2000,8106984,133634,0,2,0,2,0,0,0,0,0,0,7367,0,4680,2687,0
968,48196,19.681167,19.303817,19.318821,0.000000,0.000499,0.000000,0.000000,0.050917,0.012875,1.276542,2061,8107256,144000,0,2,0,2,0,0,0,0,0,0,5406,0,3510,1896,0
969,48197,18.452250,18.083785,18.109707,0.000000,0.000417,0.000000,0.000000,0.052750,0.013292,0.650584,2018,8107256,134304,0,2,0,2,0,0,0,0,0,0,5406,0,3510,1896,0
970,48198,18.379667,18.010927,18.034408,0.000000,0.000416,0.000000,0.000000,0.068500,0.013750,0.941999,2020,8107103,133477,0,2,0,2,0,0,0,0,0,0,7208,0,4680,2528,0
971,48199,18.467125,18.091944,18.126922,0.000000,0.000249,0.000000,0.000000,0.049458,0.012625,1.145500,2073,8107200,136194,0,2,0,2,0,0,0,0,0,0,5406,0,3510,1896,0
972,48200,18.102125,17.731191,17.755214,0.000000,0.000335,0.000000,0.000000,0.054375,0.013541,1.287749,2037,8107251,134315,0,2,0,2,0,0,0,0,0,0,5406,0,3510,1896,0
973,48201,19.324875,18.948044,18.712214,0.000000,0.000667,0.000000,0.000000,0.059791,0.013417,0.320583,1969,8107044,131481,0,2,0,2,0,0,0,0,0,0,7208,0,4680,2528,0
974,48202,18.879166,18.495213,18.457964,0.000000,0.000417,0.000000,0.000000,0.051709,0.014208,0.971958,2043,8107117,134622,0,2,0,2,0,0,0,0,0,0,5863,0,3510,2353,0
975,48203,20.364584,19.958992,19.950768,0.000000,0.000251,0.000000,0.000000,0.064041,0.018917,1.007000,2102,8107277,143610,0,2,0,2,0,0,0,0,0,0,5406,0,3510,1896,0
976,48204,18.194750,17.832222,17.869773,0.000000,0.000499,0.000000,0.000000,0.050416,0.021709,1.264541,2017,8107106,133443,0,2,0,2,0,0,0,0,0,0,7208,0,4680,2528,0
977,48205,20.580208,20.206622,18.517357,0.000000,0.000373,0.000000,0.000000,0.054250,0.048375,1.223709,2040,8107167,137623,0,2,0,2,0,0,0,0,0,0,5406,0,3510,1896,0
978,48206,18.514958,18.138415,18.148377,0.000000,0.000500,0.000000,0.000000,0.055625,0.014042,0.608709,2082,8107263,136497,0,2,0,2,0,0,0,0,0,0,5406,0,3510,1896,0
979,48207,18.118042,17.751446,17.780859,0.000000,0.000416,0.000000,0.000000,0.051375,0.014083,0.935334,2019,8107055,133477,0,2,0,2,0,0,0,0,0,0,7208,0,4680,2528,0
980,48208,18.622208,18.242846,18.272799,0.000000,0.000335,0.000000,0.000000,0.049125,0.012167,1.322542,2085,8107259,137187,0,2,0,2,0,0,0,0,0,0,5406,0,3510,1896,0
981,48209,18.259542,17.887090,17.921224,0.000000,0.000458,0.000000,0.000000,0.054042,0.023833,1.259666,2041,8107243,134586,0,2,0,2,0,0,0,0,0,0,5406,0,3510,1896,0
982,48210,18.597250,18.230307,18.180940,0.000000,0.000457,0.000000,0.000000,0.070625,0.014167,0.672833,2023,8107053,133782,0,2,0,2,0,0,0,0,0,0,7208,0,4680,2528,0
983,48211,18.450833,18.075601,18.118112,0.000000,0.000249,0.000000,0.000000,0.061209,0.015375,0.935917,2066,8107257,136444,0,2,0,2,0,0,0,0,0,0,5406,0,3510,1896,0
984,48212,19.233042,18.854164,18.707600,0.000000,0.000501,0.000000,0.000000,0.056375,0.013833,0.900417,2074,8107280,134781,0,2,0,2,0,0,0,0,0,0,5406,0,3510,1896,0
985,48213,17.905875,17.547329,17.587196,0.000000,0.000541,0.000000,0.000000,0.049167,0.012625,1.262166,1988,8107023,132022,0,2,0,2,0,0,0,0,0,0,7208,0,4680,2528,0
986,48214,17.778875,17.412177,17.448860,0.000000,0.000542,0.000000,0.000000,0.045750,0.013458,0.608833,2035,8107143,138329,0,2,0,2,0,0,0,0,0,0,5663,0,3510,2153,0
987,48215,19.328542,18.956931,18.985803,0.000000,0.000459,0.000000,0.000000,0.053208,0.013625,1.219750,2037,8107182,143308,0,2,0,2,0,0,0,0,0,0,5565,0,3510,2055,0
988,48216,19.958541,19.560368,19.605632,0.000000,0.000416,0.000000,0.000000,0.054834,0.051583,1.266584,2184,8107014,142775,0,2,0,2,0,0,0,0,0,0,7208,0,4680,2528,0
989,48217,19.033084,18.643761,18.643217,0.000000,0.000419,0.000000,0.000000,0.049625,0.017250,1.298791,2154,8107251,134790,0,2,0,2,0,0,0,0,0,0,5406,0,3510,1896,0
990,48218,18.178333,17.803924,17.839974,0.000000,0.000416,0.000000,0.000000,0.049667,0.060291,0.612208,2073,8107516,131956,0,2,0,2,0,0,0,0,0,0,5406,0,3510,1896,0
991,48219,18.921542,18.537362,18.534860,0.000000,0.000333,0.000000,0.000000,0.054375,0.017958,0.904541,2119,8106785,135761,0,2,0,2,0,0,0,0,0,0,7208,0,4680,2528,0
992,48220,19.827583,19.427610,19.428196,0.000000,0.000333,0.000000,0.000000,0.065333,0.013334,0.925582,2173,8107277,139769,0,2,0,2,0,0,0,0,0,0,5406,0,3510,1896,0
993,48221,19.004167,18.613878,18.631239,0.000000,0.000377,0.000000,0.000000,0.061541,0.014375,1.043834,2148,8107314,136054,0,2,0,2,0,0,0,0,0,0,5406,0,3510,1896,0
994,48222,18.547875,18.172989,18.209105,0.000000,0.000459,0.000000,0.000000,0.050250,0.052875,0.607958,2083,8106982,134383,0,2,0,2,0,0,0,0,0,0,7208,0,4680,2528,0
995,48223,19.035000,18.651409,18.644503,0.000000,0.000332,0.000000,0.000000,0.055083,0.014625,1.138875,2124,8107261,138481,0,2,0,2,0,0,0,0,0,0,5406,0,3510,1896,0
996,48224,18.584791,18.200765,18.244837,0.000000,0.000584,0.000000,0.000000,0.052959,0.023750,0.759749,2111,8107256,134242,0,2,0,2,0,0,0,0,0,0,5406,0,3510,1896,0
997,48225,18.692250,18.324203,18.282352,0.000000,0.000333,0.000000,0.000000,0.051459,0.015375,1.260209,2000,8107170,130542,0,2,0,2,0,0,0,0,0,0,7208,0,4680,2528,0
998,48226,19.672375,19.278842,19.286452,0.000000,0.000708,0.000000,0.000000,0.077834,0.016041,1.263458,2086,8107143,137966,0,2,0,2,0,0,0,0,0,0,5406,0,3510,1896,0
999,48227,18.918584,18.465964,18.502345,0.000000,0.000417,0.000000,0.000000,0.067583,0.016000,0.617333,2084,8107274,133413,0,2,0,2,0,0,0,0,0,0,5406,0,3510,1896,0
1000,48228,18.540916,18.177090,18.198432,0.000000,0.000459,0.000000,0.000000,0.058917,0.013583,0.933458,2015,8107049,131245,0,2,0,2,0,0,0,0,0,0,7208,0,4680,2528,0
1001,48229,18.692917,18.317043,18.336037,0.000000,0.000499,0.000000,0.000000,0.049875,0.012833,1.043792,2058,8107516,135855,0,2,0,2,0,0,0,0,0,0,5406,0,3510,1896,0
1002,48230,18.818542,18.432575,18.433805,0.000000,0.000292,0.000000,0.000000,0.070958,0.018042,1.285792,2115,8106999,135205,0,2,0,2,0,0,0,0,0,0,5406,0,3510,1896,0
1003,48231,18.664958,18.299061,18.336592,0.000000,0.000417,0.000000,0.000000,0.056375,0.011125,0.608916,2029,8107087,133506,0,2,0,2,0,0,0,0,0,0,7208,0,4680,2528,0
1004,48232,18.591583,18.216289,18.248244,0.000000,0.000458,0.000000,0.000000,0.056459,0.014416,0.925833,2062,8107285,134473,0,2,0,2,0,0,0,0,0,0,5406,0,3510,1896,0
1005,48233,18.062625,17.689740,17.633173,0.000000,0.000668,0.000000,0.000000,0.063584,0.011041,0.913333,2046,8107168,134761,0,2,0,2,0,0,0,0,0,0,5565,0,3510,2055,0
1006,48234,20.491250,20.111957,20.101863,0.000000,0.000333,0.000000,0.000000,0.062959,0.014166,1.251791,2104,8107038,144195,0,2,0,2,0,0,0,0,0,0,7208,0,4680,2528,0
1007,48235,18.577459,18.210282,18.233980,0.000000,0.000333,0.000000,0.000000,0.061083,0.016125,0.609917,2024,8107254,134205,0,2,0,2,0,0,0,0,0,0,5406,0,3510,1896,0
1008,48236,18.620541,18.241908,18.273819,0.000000,0.000334,0.000000,0.000000,0.054500,0.020959,1.244376,2083,8107278,134529,0,2,0,2,0,0,0,0,0,0,5406,0,3510,1896,0
1009,48237,18.510167,18.150856,18.189146,0.000000,0.000333,0.000000,0.000000,0.053250,0.011917,0.936876,2015,8107054,133960,0,2,0,2,0,0,0,0,0,0,7208,0,4680,2528,0
1010,48238,18.519792,18.143150,18.175326,0.000000,0.000416,0.000000,0.000000,0.056041,0.014042,1.248583,2063,8107229,135205,0,2,0,2,0,0,0,0,0,0,5406,0,3510,1896,0
1011,48239,18.391375,18.015772,18.043057,0.000000,0.000335,0.000000,0.000000,0.050000,0.013500,0.637084,2058,8107295,132875,0,2,0,2,0,0,0,0,0,0,7004,0,4536,2468,0
1012,48240,17.481333,17.121350,17.151493,0.000000,0.000459,0.000000,0.000000,0.039375,0.022250,1.041625,1994,8106860,132500,0,2,0,2,0,0,0,0,0,0,6067,0,3654,2413,0
1013,48241,19.479083,19.098207,19.126205,0.000000,0.000333,0.000000,0.000000,0.055834,0.046250,1.257167,2076,8107362,143195,0,2,0,2,0,0,0,0,0,0,5406,0,3510,1896,0
1014,48242,18.271042,17.905084,17.901615,0.000000,0.000334,0.000000,0.000000,0.050667,0.013291,1.222500,2018,8106940,134250,0,2,0,2,0,0,0,0,0,0,7208,0,4680,2528,0
1015,48243,18.559833,18.186614,18.196795,0.000000,0.000499,0.000000,0.000000,0.053917,0.014167,0.612792,2058,8107266,137294,0,2,0,2,0,0,0,0,0,0,5406,0,3510,1896,0
1016,48244,18.339167,17.967510,17.990128,0.000000,0.000457,0.000000,0.000000,0.047875,0.011833,1.261082,2046,8107278,135667,0,2,0,2,0,0,0,0,0,0,5406,0,3510,1896,0
1017,48245,18.322208,17.947661,17.960957,0.000000,0.000252,0.000000,0.000000,0.059542,0.016875,1.274209,2009,8107058,132833,0,2,0,2,0,0,0,0,0,0,7208,0,4680,2528,0
1018,48246,18.858625,18.480422,18.495934,0.000000,0.000499,0.000000,0.000000,0.053167,0.025583,1.272541,2097,8107216,138307,0,2,0,2,0,0,0,0,0,0,5406,0,3510,1896,0
1019,48247,18.805875,18.436149,18.452981,0.000000,0.000459,0.000000,0.000000,0.059959,0.014500,0.630917,2028,8107262,134825,0,2,0,2,0,0,0,0,0,0,5406,0,3510,1896,0
1020,48248,18.248000,17.874839,17.911599,0.000000,0.000415,0.000000,0.000000,0.060000,0.013792,1.255292,1996,8107097,132757,0,2,0,2,0,0,0,0,0,0,7208,0,4680,2528,0
1021,48249,18.455750,18.086245,18.109581,0.000000,0.000375,0.000000,0.000000,0.053042,0.050708,1.249875,2070,8107205,136829,0,2,0,2,0,0,0,0,0,0,5406,0,3510,1896,0
1022,48250,18.858917,18.454361,18.429000,0.000000,0.000666,0.000000,0.000000,0.227125,0.050125,1.292709,2061,8107262,135944,0,2,0,2,0,0,0,0,0,0,5406,0,3510,1896,0
1023,48251,18.793208,18.451931,18.395209,0.000000,0.000249,0.000000,0.000000,0.052959,0.038333,0.619333,1996,8107037,133054,0,2,0,2,0,0,0,0,0,0,7208,0,4680,2528,0
1024,48252,18.699209,18.313448,18.322536,0.000000,0.000501,0.000000,0.000000,0.054916,0.019625,0.929458,2074,8107355,136810,0,2,0,2,0,0,0,0,0,0,5406,0,3510,1896,0
1025,48253,18.572083,18.203790,18.238726,0.000000,0.000376,0.000000,0.000000,0.056000,0.017250,1.284751,2008,8107161,134662,0,2,0,2,0,0,0,0,0,0,5406,0,3510,1896,0
1026,48254,18.252083,17.885382,17.900758,0.000000,0.000376,0.000000,0.000000,0.052250,0.016750,1.250625,2045,8107057,134941,0,2,0,2,0,0,0,0,0,0,7208,0,4680,2528,0
1027,48255,18.631667,18.251411,18.284317,0.000000,0.000334,0.000000,0.000000,0.055375,0.013542,0.608458,2086,8107287,137333,0,2,0,2,0,0,0,0,0,0,5406,0,3510,1896,0
1028,48256,18.286833,17.913771,17.947387,0.000000,0.000417,0.000000,0.000000,0.052334,0.013833,0.934167,2041,8107275,134905,0,2,0,2,0,0,0,0,0,0,5406,0,3510,1896,0
1029,48257,17.825167,17.469286,17.509209,0.000000,0.000417,0.000000,0.000000,0.049417,0.013000,1.259833,1988,8107138,131855,0,2,0,2,0,0,0,0,0,0,7208,0,4680,2528,0
1030,48258,18.894875,18.512511,18.542471,0.000000,0.000501,0.000000,0.000000,0.055708,0.016500,0.637209,2073,8107153,138561,0,2,0,2,0,0,0,0,0,0,5406,0,3510,1896,0
1031,48259,18.506500,18.134181,18.150372,0.000000,0.000333,0.000000,0.000000,0.058042,0.016750,0.942500,2055,8107239,135332,0,2,0,2,0,0,0,0,0,0,5406,0,3510,1896,0
1032,48260,18.022833,17.662288,17.693647,0.000000,0.000375,0.000000,0.000000,0.059084,0.017208,1.280834,2001,8107052,132904,0,2,0,2,0,0,0,0,0,0,7208,0,4680,2528,0
1033,48261,18.602750,18.229792,18.265896,0.000000,0.000334,0.000000,0.000000,0.053084,0.025375,1.245000,2039,8107229,136079,0,2,0,2,0,0,0,0,0,0,5406,0,3510,1896,0
1034,48262,18.659209,18.275561,18.304361,0.000000,0.000375,0.000000,0.000000,0.053791,0.023584,0.616500,2116,8107257,136040,0,2,0,2,0,0,0,0,0,0,5406,0,3510,1896,0
1035,48263,18.012875,17.647120,17.684637,0.000000,0.000251,0.000000,0.000000,0.046291,0.012459,1.247458,1976,8107052,132049,0,2,0,2,0,0,0,0,0,0,7208,0,4680,2528,0
1036,48264,19.296000,18.916005,18.845803,0.000000,0.000459,0.000000,0.000000,0.055541,0.015084,1.132416,2068,8107261,137696,0,2,0,2,0,0,0,0,0,0,5406,0,3510,1896,0
1037,48265,18.533958,18.146456,18.180864,0.000000,0.000334,0.000000,0.000000,0.044458,0.020959,1.252250,2071,8107253,135078,0,2,0,2,0,0,0,0,0,0,5406,0,3510,1896,0
1038,48266,18.355917,17.994091,18.019250,0.000000,0.000459,0.000000,0.000000,0.053791,0.014250,0.353083,2026,8107131,134029,0,2,0,2,0,0,0,0,0,0,7208,0,4680,2528,0
1039,48267,18.683041,18.303610,18.307631,0.000000,0.000458,0.000000,0.000000,0.062667,0.014792,1.274292,2064,8107183,136877,0,2,0,2,0,0,0,0,0,0,5406,0,3510,1896,0
1040,48268,18.254875,17.878569,17.915232,0.000000,0.000333,0.000000,0.000000,0.053167,0.012292,1.223125,2076,8107257,135127,0,2,0,2,0,0,0,0,0,0,5406,0,3510,1896,0
1041,48269,18.427167,18.056331,18.087608,0.000000,0.000502,0.000000,0.000000,0.055083,0.015292,0.609750,2015,8107099,132873,0,2,0,2,0,0,0,0,0,0,7208,0,4680,2528,0
1042,48270,18.896333,18.512931,18.558070,0.000000,0.000375,0.000000,0.000000,0.053292,0.010500,1.205416,2096,8107231,138073,0,2,0,2,0,0,0,0,0,0,5406,0,3510,1896,0
1043,48271,17.451792,17.082247,17.111534,0.000000,0.000458,0.000000,0.000000,0.047458,0.021542,0.930041,2043,8107155,134628,0,2,0,2,0,0,0,0,0,0,5663,0,3510,2153,0
1044,48272,19.778167,19.389606,19.416466,0.000000,0.000417,0.000000,0.000000,0.048416,0.017459,1.262542,2062,8106983,142228,0,2,0,2,0,0,0,0,0,0,7208,0,4680,2528,0
1045,48273,18.668250,18.300229,18.332579,0.000000,0.000375,0.000000,0.000000,0.051583,0.013042,0.611459,2051,8107306,136233,0,2,0,2,0,0,0,0,0,0,5565,0,3510,2055,0
1046,48274,20.514333,20.095262,20.133259,0.000000,0.000291,0.000000,0.000000,0.056000,0.016542,1.247167,2210,8107129,145424,0,2,0,2,0,0,0,0,0,0,5406,0,3510,1896,0
1047,48275,18.958042,18.580526,18.612370,0.000000,0.000374,0.000000,0.000000,0.055916,0.054375,0.956667,2104,8107031,130900,0,2,0,2,0,0,0,0,0,0,7208,0,4680,2528,0
1048,48276,19.484250,19.110692,19.052480,0.000000,0.000334,0.000000,0.000000,0.053375,0.012375,1.185542,2041,8107252,133332,0,2,0,2,0,0,0,0,0,0,5406,0,3510,1896,0
1049,48277,19.232416,18.831282,18.868422,0.000000,0.000335,0.000000,0.000000,0.060375,0.015625,1.112543,2172,8107272,136920,0,2,0,2,0,0,0,0,0,0,5406,0,3510,1896,0
1050,48278,18.968209,18.549962,18.454876,0.000000,0.000458,0.000000,0.000000,0.057291,0.013000,1.383251,2113,8106951,136629,0,2,0,2,0,0,0,0,0,0,7456,0,4680,2776,0
1051,48279,21.584958,21.177069,21.137029,0.000000,0.000290,0.000000,0.000000,0.069750,0.014542,1.359083,2140,8107227,145162,0,2,0,2,0,0,0,0,0,0,5406,0,3510,1896,0
1052,48280,19.306833,18.907306,18.929336,0.000000,0.000500,0.000000,0.000000,0.057125,0.013875,0.662375,2115,8107361,134833,0,2,0,2,0,0,0,0,0,0,5593,0,3510,2083,0
1053,48281,21.068500,20.671545,20.634805,0.000000,0.000293,0.000000,0.000000,0.067542,0.016708,0.997501,2178,8106608,142642,0,2,0,2,0,0,0,0,0,0,9249,0,4680,4569,0
1054,48282,19.488250,19.072088,19.113360,0.000000,0.000375,0.000000,0.000000,0.051417,0.022083,0.954334,2209,8107217,136054,0,2,0,2,0,0,0,0,0,0,5406,0,3510,1896,0
1055,48283,18.725000,18.336565,18.363697,0.000000,0.000458,0.000000,0.000000,0.055167,0.014042,1.242458,2176,8107215,132391,0,2,0,2,0,0,0,0,0,0,5406,0,3510,1896,0
1056,48284,18.584292,18.207726,18.237247,0.000000,0.000416,0.000000,0.000000,0.055958,0.014667,1.270082,2033,8107187,131345,0,2,0,2,0,0,0,0,0,0,7208,0,4680,2528,0
1057,48285,19.053500,18.661146,18.696574,0.000000,0.000416,0.000000,0.000000,0.060125,0.014917,1.245833,2111,8107155,136599,0,2,0,2,0,0,0,0,0,0,5406,0,3510,1896,0
1058,48286,19.127375,18.723025,18.751439,0.000000,0.000375,0.000000,0.000000,0.062542,0.016333,0.648250,2188,8107260,137575,0,2,0,2,0,0,0,0,0,0,5406,0,3510,1896,0
1059,48287,20.098375,19.697357,19.672698,0.000000,0.000334,0.000000,0.000000,0.058500,0.052750,0.959000,2096,8107068,135647,0,2,0,2,0,0,0,0,0,0,7208,0,4680,2528,0
1060,48288,19.293875,18.906341,18.888072,0.000000,0.000458,0.000000,0.000000,0.059708,0.013792,1.129417,2082,8107287,135848,0,2,0,2,0,0,0,0,0,0,5406,0,3510,1896,0
1061,48289,18.847750,18.455300,18.490629,0.000000,0.000542,0.000000,0.000000,0.058333,0.017084,0.910542,2067,8107225,132995,0,2,0,2,0,0,0,0,0,0,5406,0,3510,1896,0
1062,48290,18.836833,18.451177,18.495075,0.000000,0.000416,0.000000,0.000000,0.054625,0.013042,1.090709,2087,8107029,135253,0,2,0,2,0,0,0,0,0,0,7208,0,4680,2528,0
1063,48291,18.863084,18.487581,18.516191,0.000000,0.000290,0.000000,0.000000,0.058458,0.016500,0.652833,2032,8107261,133478,0,2,0,2,0,0,0,0,0,0,5406,0,3510,1896,0
1064,48292,19.098916,18.711741,18.739157,0.000000,0.000332,0.000000,0.000000,0.068084,0.013958,0.800209,2073,8107134,132929,0,2,0,2,0,0,0,0,0,0,7004,0,4536,2468,0
1065,48293,19.603667,19.224288,19.211532,0.000000,0.000375,0.000000,0.000000,0.061208,0.049667,1.000583,2047,8107174,134624,0,2,0,2,0,0,0,0,0,0,5610,0,3654,1956,0
1066,48294,19.606333,19.215260,19.157117,0.000000,0.000374,0.000000,0.000000,0.063459,0.046708,1.362375,2068,8107267,134473,0,2,0,2,0,0,0,0,0,0,5406,0,3510,1896,0
1067,48295,18.902334,18.516454,18.479451,0.000000,0.000458,0.000000,0.000000,0.060041,0.018292,1.334833,2015,8107037,131637,0,2,0,2,0,0,0,0,0,0,7208,0,4680,2528,0
1068,48296,19.421958,19.032648,19.006986,0.000000,0.000291,0.000000,0.000000,0.059875,0.015625,0.638292,2086,8107373,136248,0,2,0,2,0,0,0,0,0,0,5406,0,3510,1896,0
1069,48297,18.481292,18.114831,18.149532,0.000000,0.000457,0.000000,0.000000,0.058083,0.012792,0.953167,2012,8107177,132889,0,2,0,2,0,0,0,0,0,0,5406,0,3510,1896,0
1070,48298,18.400000,18.029623,18.062392,0.000000,0.000333,0.000000,0.000000,0.055375,0.049125,1.264624,2029,8107004,131956,0,2,0,2,0,0,0,0,0,0,7208,0,4680,2528,0
1071,48299,22.567500,22.094520,21.559022,0.000000,0.000625,0.000000,0.000000,0.096125,0.022833,0.589666,2077,8107345,136195,0,2,0,2,0,0,0,0,0,0,5406,0,3510,1896,0
1072,48300,20.363875,19.986678,19.918912,0.000000,0.000542,0.000000,0.000000,0.087250,0.019291,1.036291,2046,8107181,133853,0,2,0,2,0,0,0,0,0,0,5406,0,3510,1896,0
1073,48301,19.957666,19.558543,19.428531,0.000000,0.003583,0.000000,0.000000,0.068042,0.015000,1.040541,2022,8106962,134006,0,2,0,2,0,0,0,0,0,0,7367,0,4680,2687,0
1074,48302,21.271292,20.875832,20.857177,0.000000,0.000376,0.000000,0.000000,0.072458,0.050917,1.357000,2074,8107253,144759,0,2,0,2,0,0,0,0,0,0,5406,0,3510,1896,0
1075,48303,19.216667,18.841792,18.829879,0.000000,0.000417,0.000000,0.000000,0.055916,0.017959,1.294459,2056,8107279,134606,0,2,0,2,0,0,0,0,0,0,5406,0,3510,1896,0
1076,48304,18.517541,18.140465,18.171526,0.000000,0.000376,0.000000,0.000000,0.058167,0.014542,0.638416,2009,8107027,132444,0,2,0,2,0,0,0,0,0,0,7208,0,4680,2528,0
1077,48305,18.575209,18.202342,18.244960,0.000000,0.000458,0.000000,0.000000,0.052208,0.014417,1.242874,2048,8107381,135355,0,2,0,2,0,0,0,0,0,0,5406,0,3510,1896,0
1078,48306,18.354791,17.987940,17.894618,0.000000,0.000584,0.000000,0.000000,0.077334,0.013166,1.241958,2023,8107106,133383,0,2,0,2,0,0,0,0,0,0,5535,0,3510,2025,0
1079,48307,20.983084,20.576365,20.473905,0.000000,0.000332,0.000000,0.000000,0.059125,0.024208,1.310125,2044,8107023,139273,0,2,0,2,0,0,0,0,0,0,7208,0,4680,2528,0
1080,48308,19.405208,19.025430,18.444814,0.000000,0.000335,0.000000,0.000000,0.045792,0.012333,0.610959,2025,8107165,132659,0,2,0,2,0,0,0,0,0,0,5628,0,3510,2118,0
1081,48309,20.527167,20.115127,19.986360,0.000000,0.000416,0.000000,0.000000,0.062541,0.032959,1.225958,2088,8107269,142026,0,2,0,2,0,0,0,0,0,0,5406,0,3510,1896,0
1082,48310,19.099375,18.710444,18.707722,0.000000,0.000375,0.000000,0.000000,0.064666,0.015625,0.944542,2031,8107026,133063,0,2,0,2,0,0,0,0,0,0,7208,0,4680,2528,0
1083,48311,19.110000,18.715785,18.717889,0.000000,0.000418,0.000000,0.000000,0.057541,0.070834,1.315958,2046,8107280,133202,0,2,0,2,0,0,0,0,0,0,5406,0,3510,1896,0
1084,48312,19.341500,18.959792,18.933362,0.000000,0.000377,0.000000,0.000000,0.061166,0.019292,1.287792,2147,8107254,138945,0,2,0,2,0,0,0,0,0,0,5406,0,3510,1896,0
1085,48313,18.047666,17.674135,17.686165,0.000000,0.000582,0.000000,0.000000,0.044625,0.019584,0.635291,2036,8106965,133766,0,2,0,2,0,0,0,0,0,0,7465,0,4680,2785,0
1086,48314,20.050375,19.667694,19.688651,0.000000,0.000417,0.000000,0.000000,0.052959,0.022541,1.253208,2076,8107305,145842,0,2,0,2,0,0,0,0,0,0,5406,0,3510,1896,0
1087,48315,18.936375,18.547852,18.573933,0.000000,0.000417,0.000000,0.000000,0.060292,0.021417,1.224958,2115,8107186,134253,0,2,0,2,0,0,0,0,0,0,5406,0,3510,1896,0
1088,48316,18.999250,18.614643,18.585981,0.000000,0.000583,0.000000,0.000000,0.058834,0.016083,0.944958,2070,8107046,133267,0,2,0,2,0,0,0,0,0,0,7208,0,4680,2528,0
1089,48317,19.154709,18.775735,18.819665,0.000000,0.000458,0.000000,0.000000,0.057541,0.021375,1.256041,2067,8107259,135729,0,2,0,2,0,0,0,0,0,0,5406,0,3510,1896,0
1090,48318,18.788250,18.397630,18.442454,0.000000,0.000334,0.000000,0.000000,0.052916,0.050959,0.606500,2124,8107237,136086,0,2,0,2,0,0,0,0,0,0,5406,0,3510,1896,0
1091,48319,18.533666,18.156915,18.159536,0.000000,0.000418,0.000000,0.000000,0.050584,0.020958,1.247625,2063,8107058,132213,0,2,0,2,0,0,0,0,0,0,7208,0,4680,2528,0
1092,48320,19.060875,18.677320,18.710415,0.000000,0.000291,0.000000,0.000000,0.049750,0.016667,1.261083,2096,8107284,137331,0,2,0,2,0,0,0,0,0,0,5406,0,3510,1896,0
1093,48321,18.993917,18.603430,18.626146,0.000000,0.000333,0.000000,0.000000,0.051542,0.022083,1.268000,2095,8107228,133926,0,2,0,2,0,0,0,0,0,0,5406,0,3510,1896,0
1094,48322,18.632542,18.250422,18.292942,0.000000,0.000542,0.000000,0.000000,0.055541,0.020125,1.226917,2071,8107083,132147,0,2,0,2,0,0,0,0,0,0,7208,0,4680,2528,0
1095,48323,19.184875,18.801226,18.827486,0.000000,0.000458,0.000000,0.000000,0.055750,0.024291,0.606875,2079,8107214,138052,0,2,0,2,0,0,0,0,0,0,5406,0,3510,1896,0
1096,48324,18.723166,18.333857,18.364164,0.000000,0.000416,0.000000,0.000000,0.048334,0.012500,0.944458,2117,8107270,134691,0,2,0,2,0,0,0,0,0,0,5406,0,3510,1896,0
1097,48325,18.753542,18.372994,18.404242,0.000000,0.000541,0.000000,0.000000,0.054375,0.023833,1.286958,2068,8107060,132084,0,2,0,2,0,0,0,0,0,0,7208,0,4680,2528,0
1098,48326,19.083958,18.703686,18.730644,0.000000,0.000457,0.000000,0.000000,0.055709,0.017333,1.251166,2089,8107228,137922,0,2,0,2,0,0,0,0,0,0,5406,0,3510,1896,0
1099,48327,18.614125,18.226050,18.258687,0.000000,0.000459,0.000000,0.000000,0.055167,0.014292,0.622167,2113,8107265,134573,0,2,0,2,0,0,0,0,0,0,5406,0,3510,1896,0
1100,48328,18.698584,18.295421,18.309813,0.000000,0.000375,0.000000,0.000000,0.063750,0.014625,0.923792,2065,8107315,132100,0,2,0,2,0,0,0,0,0,0,7208,0,4680,2528,0
1101,48329,19.684541,19.302236,19.331798,0.000000,0.000500,0.000000,0.000000,0.087875,0.015542,0.923292,2066,8106998,136720,0,2,0,2,0,0,0,0,0,0,5406,0,3510,1896,0
1102,48330,19.497417,19.092517,19.109649,0.000000,0.000583,0.000000,0.000000,0.058917,0.043375,0.584458,2119,8107436,137399,0,2,0,2,0,0,0,0,0,0,5565,0,3510,2055,0
1103,48331,19.619125,19.250599,19.034385,0.000000,0.000290,0.000000,0.000000,0.052500,0.015667,1.219334,2067,8106736,139158,0,2,0,2,0,0,0,0,0,0,7208,0,4680,2528,0
1104,48332,19.176208,18.805007,18.822540,0.000000,0.000500,0.000000,0.000000,0.052834,0.013916,0.622083,2039,8107301,136546,0,2,0,2,0,0,0,0,0,0,5406,0,3510,1896,0
1105,48333,18.581250,18.202889,18.237291,0.000000,0.000418,0.000000,0.000000,0.055250,0.013625,1.155875,2102,8107219,135445,0,2,0,2,0,0,0,0,0,0,5406,0,3510,1896,0
1106,48334,18.125250,17.756399,17.796639,0.000000,0.000334,0.000000,0.000000,0.051667,0.036708,0.943291,2050,8107139,134579,0,2,0,2,0,0,0,0,0,0,7208,0,4680,2528,0
1107,48335,18.250167,17.883544,17.897037,0.000000,0.000333,0.000000,0.000000,0.047000,0.012625,1.059750,2060,8107273,137004,0,2,0,2,0,0,0,0,0,0,5406,0,3510,1896,0
1108,48336,17.725500,17.346186,17.386476,0.000000,0.000166,0.000000,0.000000,0.043750,0.013125,0.446792,2102,8107198,134365,0,2,0,2,0,0,0,0,0,0,5406,0,3510,1896,0
1109,48337,17.485125,17.125848,17.165798,0.000000,0.000251,0.000000,0.000000,0.041292,0.011208,0.907959,2025,8107161,133053,0,2,0,2,0,0,0,0,0,0,7208,0,4680,2528,0
1110,48338,17.064667,16.699786,16.740633,0.000000,0.000292,0.000000,0.000000,0.036333,0.009292,1.222626,2042,8107057,135190,0,2,0,2,0,0,0,0,0,0,5863,0,3510,2353,0
1111,48339,19.500000,19.127621,19.091736,0.000000,0.000499,0.000000,0.000000,0.049833,0.013458,0.294292,2040,8107235,141675,0,2,0,2,0,0,0,0,0,0,5406,0,3510,1896,0
1112,48340,18.347916,17.978446,18.016402,0.000000,0.000582,0.000000,0.000000,0.049875,0.013375,0.920209,2051,8107036,136297,0,2,0,2,0,0,0,0,0,0,7208,0,4680,2528,0
1113,48341,17.917667,17.553735,17.585372,0.000000,0.000291,0.000000,0.000000,0.046750,0.013083,1.219584,2048,8107278,134997,0,2,0,2,0,0,0,0,0,0,5406,0,3510,1896,0
1114,48342,18.061667,17.697718,17.737350,0.000000,0.000583,0.000000,0.000000,0.045500,0.012708,0.611000,2041,8107238,136821,0,2,0,2,0,0,0,0,0,0,5406,0,3510,1896,0
1115,48343,17.861500,17.500531,17.539281,0.000000,0.000251,0.000000,0.000000,0.042375,0.012250,0.988208,2050,8107058,135703,0,2,0,2,0,0,0,0,0,0,7208,0,4680,2528,0
1116,48344,17.906916,17.541609,17.582607,0.000000,0.000417,0.000000,0.000000,0.044250,0.011667,1.232291,2053,8107245,135336,0,2,0,2,0,0,0,0,0,0,5406,0,3510,1896,0
1117,48345,17.704000,17.345141,17.383057,0.000000,0.000251,0.000000,0.000000,0.048584,0.013708,0.609292,2021,8107337,132874,0,2,0,2,0,0,0,0,0,0,7004,0,4536,2468,0
1118,48346,18.187792,17.818841,17.861551,0.000000,0.000290,0.000000,0.000000,0.042417,0.010125,1.161624,2062,8106958,137434,0,2,0,2,0,0,0,0,0,0,5610,0,3654,1956,0
1119,48347,17.620083,17.260113,17.268753,0.000000,0.000167,0.000000,0.000000,0.043917,0.011792,1.223458,2023,8107278,134403,0,2,0,2,0,0,0,0,0,0,5406,0,3510,1896,0
1120,48348,17.402917,17.045420,17.084967,0.000000,0.000500,0.000000,0.000000,0.038542,0.010666,0.608417,2026,8107143,132374,0,2,0,2,0,0,0,0,0,0,7208,0,4680,2528,0
1121,48349,18.245625,17.882549,17.857007,0.000000,0.000374,0.000000,0.000000,0.055583,0.013125,0.920958,2034,8107145,136898,0,2,0,2,0,0,0,0,0,0,5406,0,3510,1896,0
1122,48350,18.021417,17.656471,17.697607,0.000000,0.000458,0.000000,0.000000,0.050208,0.013000,0.906500,2043,8107285,135599,0,2,0,2,0,0,0,0,0,0,5406,0,3510,1896,0
1123,48351,17.675750,17.316785,17.355488,0.000000,0.000249,0.000000,0.000000,0.044000,0.018750,0.606542,2022,8107080,132257,0,2,0,2,0,0,0,0,0,0,7208,0,4680,2528,0
1124,48352,17.987875,17.612813,17.652645,0.000000,0.000250,0.000000,0.000000,0.044708,0.013333,1.220417,2033,8107196,137460,0,2,0,2,0,0,0,0,0,0,5406,0,3510,1896,0
1125,48353,17.380166,17.019967,17.061644,0.000000,0.000291,0.000000,0.000000,0.041042,0.011750,1.232958,2018,8107259,133712,0,2,0,2,0,0,0,0,0,0,5406,0,3510,1896,0
1126,48354,17.782459,17.420883,17.459747,0.000000,0.000334,0.000000,0.000000,0.041750,0.011708,0.612042,2034,8107047,133751,0,2,0,2,0,0,0,0,0,0,7208,0,4680,2528,0
1127,48355,17.642000,17.281228,17.321695,0.000000,0.000208,0.000000,0.000000,0.041958,0.011167,1.208959,2037,8107263,137496,0,2,0,2,0,0,0,0,0,0,5406,0,3510,1896,0
1128,48356,18.060958,17.697907,17.732588,0.000000,0.000500,0.000000,0.000000,0.046542,0.012500,1.229833,2035,8107253,135535,0,2,0,2,0,0,0,0,0,0,5406,0,3510,1896,0
1129,48357,17.790667,17.428703,17.459914,0.000000,0.000373,0.000000,0.000000,0.041916,0.012375,0.609291,2032,8107111,132549,0,2,0,2,0,0,0,0,0,0,7208,0,4680,2528,0
1130,48358,17.894250,17.528303,17.571934,0.000000,0.000249,0.000000,0.000000,0.048708,0.012167,1.216000,2046,8107242,138014,0,2,0,2,0,0,0,0,0,0,5406,0,3510,1896,0
1131,48359,17.834000,17.467649,17.509486,0.000000,0.000210,0.000000,0.000000,0.044041,0.018417,1.170917,2052,8107217,135269,0,2,0,2,0,0,0,0,0,0,5406,0,3510,1896,0
1132,48360,17.844625,17.479390,17.519013,0.000000,0.000292,0.000000,0.000000,0.056541,0.020667,0.648917,2038,8107179,132225,0,2,0,2,0,0,0,0,0,0,7208,0,4680,2528,0
1133,48361,18.413041,18.035160,18.078672,0.000000,0.000542,0.000000,0.000000,0.052125,0.011917,0.638167,2047,8107166,140329,0,2,0,2,0,0,0,0,0,0,5551,0,3510,2041,0
1134,48362,21.706000,21.298716,20.825960,0.000000,0.000667,0.000000,0.000000,0.071334,0.043958,0.948833,2114,8107128,142513,0,2,0,2,0,0,0,0,0,0,5406,0,3510,1896,0
1135,48363,18.982500,18.602756,18.591931,0.000000,0.000457,0.000000,0.000000,0.064917,0.025292,1.437750,2031,8107119,131781,0,2,0,2,0,0,0,0,0,0,7208,0,4680,2528,0
1136,48364,19.047250,18.671249,18.571249,0.000000,0.000376,0.000000,0.000000,0.055417,0.016750,1.290292,2030,8107321,136455,0,2,0,2,0,0,0,0,0,0,5602,0,3510,2092,0
1137,48365,20.485917,20.078603,20.104287,0.000000,0.000418,0.000000,0.000000,0.065458,0.014709,1.366166,2085,8107079,140479,0,2,0,2,0,0,0,0,0,0,5406,0,3510,1896,0
1138,48366,19.378417,18.993515,19.010835,0.000000,0.000458,0.000000,0.000000,0.065291,0.014834,1.256582,2045,8107022,132974,0,2,0,2,0,0,0,0,0,0,7208,0,4680,2528,0
1139,48367,19.059583,18.688535,18.706258,0.000000,0.000708,0.000000,0.000000,0.052417,0.013750,0.635417,2045,8107252,135957,0,2,0,2,0,0,0,0,0,0,5406,0,3510,1896,0
1140,48368,18.744542,18.364708,18.388832,0.000000,0.000459,0.000000,0.000000,0.057166,0.046917,0.931000,2091,8107268,134294,0,2,0,2,0,0,0,0,0,0,5406,0,3510,1896,0
1141,48369,18.485708,18.112259,18.122157,0.000000,0.000417,0.000000,0.000000,0.052583,0.013084,0.930250,2032,8107047,131367,0,2,0,2,0,0,0,0,0,0,7208,0,4680,2528,0
1142,48370,19.227250,18.855857,18.833219,0.000000,0.000458,0.000000,0.000000,0.069250,0.017333,1.259708,2035,8107403,136621,0,2,0,2,0,0,0,0,0,0,5406,0,3510,1896,0
1143,48371,18.675708,18.299656,18.329046,0.000000,0.000415,0.000000,0.000000,0.057584,0.034916,0.611084,2067,8107144,133645,0,2,0,2,0,0,0,0,0,0,5406,0,3510,1896,0
1144,48372,18.361167,17.990624,18.008927,0.000000,0.000335,0.000000,0.000000,0.067083,0.017209,0.920375,2015,8107011,130220,0,2,0,2,0,0,0,0,0,0,7208,0,4680,2528,0
1145,48373,18.990250,18.619474,18.648207,0.000000,0.000418,0.000000,0.000000,0.049333,0.015250,1.247833,2026,8107264,135525,0,2,0,2,0,0,0,0,0,0,5406,0,3510,1896,0
1146,48374,18.515833,18.130125,18.173163,0.000000,0.000333,0.000000,0.000000,0.048792,0.013250,1.255500,2078,8107266,135810,0,2,0,2,0,0,0,0,0,0,5586,0,3510,2076,0
1147,48375,19.493959,19.120297,19.142356,0.000000,0.000293,0.000000,0.000000,0.049041,0.013125,0.619875,2042,8107037,140142,0,2,0,2,0,0,0,0,0,0,7208,0,4680,2528,0
1148,48376,18.698916,18.325449,18.347404,0.000000,0.000459,0.000000,0.000000,0.046917,0.017333,1.211416,2045,8107129,135918,0,2,0,2,0,0,0,0,0,0,5406,0,3510,1896,0
1149,48377,18.774750,18.390773,18.417942,0.000000,0.000459,0.000000,0.000000,0.056667,0.014083,0.929709,2097,8107301,134540,0,2,0,2,0,0,0,0,0,0,5406,0,3510,1896,0
1150,48378,19.007042,18.632928,18.670385,0.000000,0.000333,0.000000,0.000000,0.049458,0.016042,1.221209,2074,8107013,134991,0,2,0,2,0,0,0,0,0,0,7208,0,4680,2528,0
1151,48379,19.014625,18.635979,18.666573,0.000000,0.000374,0.000000,0.000000,0.058417,0.013208,1.256125,2073,8107277,136815,0,2,0,2,0,0,0,0,0,0,5406,0,3510,1896,0
1152,48380,18.875333,18.489821,18.510687,0.000000,0.000417,0.000000,0.000000,0.058792,0.014333,0.616958,2111,8107253,136099,0,2,0,2,0,0,0,0,0,0,5406,0,3510,1896,0
1153,48381,18.839125,18.463338,18.501277,0.000000,0.000417,0.000000,0.000000,0.053792,0.013708,0.920042,2074,8107029,133875,0,2,0,2,0,0,0,0,0,0,7208,0,4680,2528,0
1154,48382,18.825125,18.446693,18.345401,0.000000,0.000418,0.000000,0.000000,0.055042,0.015542,0.997126,2071,8107366,141365,0,2,0,2,0,0,0,0,0,0,5555,0,3510,2045,0
1155,48383,20.956375,20.561794,20.080467,0.000000,0.000583,0.000000,0.000000,0.052834,0.013916,1.333041,2067,8107074,140846,0,2,0,2,0,0,0,0,0,0,5406,0,3510,1896,0
1156,48384,19.651000,19.259673,19.286548,0.000000,0.000290,0.000000,0.000000,0.059792,0.046375,1.276291,2076,8107045,135505,0,2,0,2,0,0,0,0,0,0,7208,0,4680,2528,0
1157,48385,19.929000,19.513595,19.458203,0.000000,0.000581,0.000000,0.000000,0.124792,0.073583,0.992666,2062,8107490,136367,0,2,0,2,0,0,0,0,0,0,5406,0,3510,1896,0
1158,48386,21.188792,20.815183,20.670719,0.000000,0.000500,0.000000,0.000000,0.055042,0.046833,1.248167,2133,8106995,136840,0,2,0,2,0,0,0,0,0,0,5406,0,3510,1896,0
1159,48387,18.687833,18.315396,18.317802,0.000000,0.000417,0.000000,0.000000,0.056625,0.073792,0.609209,2054,8107076,132274,0,2,0,2,0,0,0,0,0,0,7208,0,4680,2528,0
1160,48388,20.082167,19.688788,19.668492,0.000000,0.000667,0.000000,0.000000,0.056625,0.059958,0.944000,2123,8106923,138894,0,2,0,2,0,0,0,0,0,0,7447,0,3510,3937,0
1161,48389,18.055500,17.669745,17.669635,0.000000,0.000417,0.000000,0.000000,0.042167,0.010375,1.259208,2127,8107225,140787,0,2,0,2,0,0,0,0,0,0,5565,0,3510,2055,0
1162,48390,20.610250,20.219802,20.261939,0.000000,0.000291,0.000000,0.000000,0.053208,0.014709,1.256416,2110,8107110,146786,0,2,0,2,0,0,0,0,0,0,7208,0,4680,2528,0
1163,48391,18.821250,18.448784,18.477336,0.000000,0.000500,0.000000,0.000000,0.051125,0.013958,1.270416,2082,8107145,135203,0,2,0,2,0,0,0,0,0,0,5406,0,3510,1896,0
1164,48392,19.431042,19.039827,19.031240,0.000000,0.001083,0.000000,0.000000,0.064125,0.011083,0.617083,2123,8107348,134737,0,2,0,2,0,0,0,0,0,0,5406,0,3510,1896,0
1165,48393,19.189625,18.819586,18.799103,0.000000,0.000415,0.000000,0.000000,0.073166,0.038750,0.896750,2044,8106954,134189,0,2,0,2,0,0,0,0,0,0,7208,0,4680,2528,0
1166,48394,19.316291,18.932315,18.931308,0.000000,0.000374,0.000000,0.000000,0.055542,0.017750,1.316625,2101,8107272,136085,0,2,0,2,0,0,0,0,0,0,5406,0,3510,1896,0
1167,48395,18.971167,18.582925,18.611193,0.000000,0.000416,0.000000,0.000000,0.054542,0.014000,1.259792,2102,8107251,134470,0,2,0,2,0,0,0,0,0,0,5406,0,3510,1896,0
1168,48396,19.018417,18.632387,18.673575,0.000000,0.000541,0.000000,0.000000,0.058750,0.014375,1.221792,2072,8107114,134563,0,2,0,2,0,0,0,0,0,0,7208,0,4680,2528,0
1169,48397,18.963250,18.583700,18.589163,0.000000,0.000417,0.000000,0.000000,0.058791,0.020500,0.306792,2036,8107197,133903,0,2,0,2,0,0,0,0,0,0,5406,0,3510,1896,0
1170,48398,18.237166,17.855617,17.848087,0.000000,0.000375,0.000000,0.000000,0.042084,0.012958,1.235083,2037,8107185,136249,0,2,0,2,0,0,0,0,0,0,7223,0,4536,2687,0
1171,48399,20.284417,19.903145,19.934367,0.000000,0.000416,0.000000,0.000000,0.063333,0.016375,1.249791,2072,8107027,142730,0,2,0,2,0,0,0,0,0,0,5610,0,3654,1956,0
1172,48400,19.053542,18.675882,18.706960,0.000000,0.000334,0.000000,0.000000,0.063875,0.015083,1.287417,2070,8107266,135300,0,2,0,2,0,0,0,0,0,0,5406,0,3510,1896,0
1173,48401,18.633666,18.262058,18.288137,0.000000,0.000335,0.000000,0.000000,0.058292,0.036792,0.641208,2038,8107039,131582,0,2,0,2,0,0,0,0,0,0,7208,0,4680,2528,0
1174,48402,18.865750,18.491154,18.509072,0.000000,0.000375,0.000000,0.000000,0.051084,0.014500,1.168709,2065,8107294,137994,0,2,0,2,0,0,0,0,0,0,5406,0,3510,1896,0
1175,48403,18.294834,17.924784,17.957488,0.000000,0.000332,0.000000,0.000000,0.052916,0.013500,1.308875,2029,8107222,133555,0,2,0,2,0,0,0,0,0,0,5406,0,3510,1896,0
1176,48404,18.160000,17.790214,17.818623,0.000000,0.000377,0.000000,0.000000,0.049500,0.012000,1.243792,2050,8107224,133622,0,2,0,2,0,0,0,0,0,0,7208,0,4680,2528,0
1177,48405,25.234833,24.826373,22.874075,0.000000,0.000458,0.000000,0.000000,0.059250,0.021167,1.306167,2160,8107011,157478,0,2,0,2,0,0,0,0,0,0,5592,0,3510,2082,0
1178,48406,20.542125,20.116371,20.112283,0.000000,0.000501,0.000000,0.000000,0.058958,0.021334,1.221542,2279,8107277,141724,0,2,0,2,0,0,0,0,0,0,5406,0,3510,1896,0
1179,48407,19.932625,19.527463,19.545582,0.000000,0.000458,0.000000,0.000000,0.067417,0.022041,1.300416,2190,8107029,137642,0,2,0,2,0,0,0,0,0,0,7208,0,4680,2528,0
1180,48408,20.130917,19.711223,19.724391,0.000000,0.000543,0.000000,0.000000,0.052791,0.019917,1.256167,2248,8107265,140672,0,2,0,2,0,0,0,0,0,0,5406,0,3510,1896,0
1181,48409,19.507166,19.113130,19.148046,0.000000,0.000375,0.000000,0.000000,0.060084,0.054916,1.277417,2171,8107475,138342,0,2,0,2,0,0,0,0,0,0,5406,0,3510,1896,0
1182,48410,19.138125,18.746135,18.756778,0.000000,0.000459,0.000000,0.000000,0.047084,0.013583,0.663541,2158,8107064,137346,0,2,0,2,0,0,0,0,0,0,7208,0,4680,2528,0
1183,48411,19.491792,19.090431,19.124720,0.000000,0.000374,0.000000,0.000000,0.052125,0.019333,1.293042,2212,8107084,139271,0,2,0,2,0,0,0,0,0,0,5406,0,3510,1896,0
1184,48412,18.686875,18.304235,18.343020,0.000000,0.000499,0.000000,0.000000,0.050625,0.014792,1.344041,2099,8107205,136028,0,2,0,2,0,0,0,0,0,0,5406,0,3510,1896,0
1185,48413,18.668917,18.294232,18.302521,0.000000,0.000666,0.000000,0.000000,0.046166,0.041792,1.299208,2075,8107092,132814,0,2,0,2,0,0,0,0,0,0,7208,0,4680,2528,0
1186,48414,19.107833,18.724785,18.746871,0.000000,0.000457,0.000000,0.000000,0.060458,0.015250,0.646208,2097,8107189,139300,0,2,0,2,0,0,0,0,0,0,5406,0,3510,1896,0
1187,48415,19.292583,18.903133,18.922952,0.000000,0.000375,0.000000,0.000000,0.050625,0.014875,0.861042,2147,8107262,137013,0,2,0,2,0,0,0,0,0,0,5406,0,3510,1896,0
1188,48416,17.776250,17.404921,17.432609,0.000000,0.000374,0.000000,0.000000,0.044125,0.011917,1.288709,2047,8107048,135896,0,2,0,2,0,0,0,0,0,0,7367,0,4680,2687,0
1189,48417,19.834042,19.459150,19.074636,0.000000,0.000457,0.000000,0.000000,0.045125,0.012458,1.292208,2082,8107190,145527,0,2,0,2,0,0,0,0,0,0,5406,0,3510,1896,0
1190,48418,20.303958,19.903879,19.934924,0.000000,0.000457,0.000000,0.000000,0.044417,0.018625,1.461625,2135,8107128,145360,0,2,0,2,0,0,0,0,0,0,5711,0,3510,2201,0
1191,48419,20.846834,20.459256,20.480647,0.000000,0.000375,0.000000,0.000000,0.058500,0.035250,1.380084,2074,8107091,149822,0,2,0,2,0,0,0,0,0,0,7208,0,4680,2528,0
1192,48420,19.254166,18.865592,18.882563,0.000000,0.000377,0.000000,0.000000,0.053959,0.013458,0.713208,2096,8107191,136327,0,2,0,2,0,0,0,0,0,0,5406,0,3510,1896,0
1193,48421,18.890917,18.518383,18.433992,0.000000,0.000417,0.000000,0.000000,0.068292,0.037125,0.973542,2055,8107272,132909,0,2,0,2,0,0,0,0,0,0,5406,0,3510,1896,0
1194,48422,25.828250,25.264252,23.271100,0.000000,0.001210,0.000000,0.000000,0.102167,0.025875,1.023375,2203,8107021,143885,0,2,0,2,0,0,0,0,0,0,7208,0,4680,2528,0
1195,48423,20.525458,20.111468,20.103988,0.000000,0.000457,0.000000,0.000000,0.063667,0.014667,1.040959,2223,8107285,143515,0,2,0,2,0,0,0,0,0,0,5406,0,3510,1896,0
1196,48424,19.304917,18.893102,18.936055,0.000000,0.000458,0.000000,0.000000,0.061250,0.033292,0.378167,2259,8107264,141209,0,2,0,2,0,0,0,0,0,0,5406,0,3510,1896,0
1197,48425,19.026417,18.634828,18.663693,0.000000,0.000459,0.000000,0.000000,0.051166,0.056917,0.971459,2194,8107234,138393,0,2,0,2,0,0,0,0,0,0,7208,0,4680,2528,0
1198,48426,19.642375,19.255123,19.264316,0.000000,0.000376,0.000000,0.000000,0.059125,0.021083,1.326250,2118,8107032,139796,0,2,0,2,0,0,0,0,0,0,5406,0,3510,1896,0
1199,48427,19.085500,18.693979,18.594975,0.000000,0.000376,0.000000,0.000000,0.049708,0.017458,1.310916,2140,8107256,135999,0,2,0,2,0,0,0,0,0,0,5406,0,3510,1896,0
1200,48428,20.004875,19.597762,19.588098,0.000000,0.000750,0.000000,0.000000,0.081208,0.021417,1.224417,2194,8107074,139069,0,2,0,2,0,0,0,0,0,0,7208,0,4680,2528,0
1201,48429,21.496125,21.079155,20.969913,0.000000,0.000874,0.000000,0.000000,0.083500,0.021125,0.740000,2211,8107271,143654,0,2,0,2,0,0,0,0,0,0,5406,0,3510,1896,0
1202,48430,25.251916,24.769859,22.980645,0.000000,0.000792,0.000000,0.000000,0.083917,0.021917,0.586458,2278,8107218,142341,0,2,0,2,0,0,0,0,0,0,5406,0,3510,1896,0
1203,48431,22.225834,21.805132,21.386727,0.000000,0.000710,0.000000,0.000000,0.096000,0.016458,0.589083,2185,8107116,138495,0,2,0,2,0,0,0,0,0,0,7208,0,4680,2528,0
1204,48432,22.046416,21.629274,21.483103,0.000000,0.000585,0.000000,0.000000,0.081459,0.023458,0.599917,2130,8107199,138750,0,2,0,2,0,0,0,0,0,0,5406,0,3510,1896,0
1205,48433,21.880875,21.449950,21.164253,0.000000,0.000917,0.000000,0.000000,0.100292,0.014333,0.924167,2121,8107260,135676,0,2,0,2,0,0,0,0,0,0,5406,0,3510,1896,0
1206,48434,27.403792,26.892567,24.654352,0.000000,0.001541,0.000000,0.000000,0.194458,0.024709,0.878043,2221,8107044,140259,0,2,0,2,0,0,0,0,0,0,7208,0,4680,2528,0
1207,48435,30.560875,29.963822,27.855532,0.000000,0.005751,0.000000,0.000000,0.079458,0.020834,0.895708,2246,8107235,143350,0,2,0,2,0,0,0,0,0,0,5406,0,3510,1896,0
1208,48436,26.907958,26.461069,24.989119,0.000000,0.001541,0.000000,0.000000,0.173917,0.018792,0.593500,2319,8107259,144403,0,2,0,2,0,0,0,0,0,0,5406,0,3510,1896,0
1209,48437,24.244084,23.807062,22.680022,0.000000,0.000667,0.000000,0.000000,0.101166,0.016292,0.640292,2232,8106982,141631,0,2,0,2,0,0,0,0,0,0,7208,0,4680,2528,0
1210,48438,23.625125,23.207516,23.045009,0.000000,0.001082,0.000000,0.000000,0.105125,0.026083,0.954126,2171,8107284,142898,0,2,0,2,0,0,0,0,0,0,5406,0,3510,1896,0
1211,48439,22.614583,22.179929,22.082187,0.000000,0.000416,0.000000,0.000000,0.087625,0.025500,0.974834,2188,8107293,138966,0,4,0,4,0,0,0,0,0,0,5406,0,3510,1896,0
1212,48440,21.331667,20.881227,20.783521,0.000000,0.000541,0.000000,0.000000,0.116333,0.018458,0.920875,2131,8106903,137938,0,2,0,2,0,0,0,0,0,0,7208,0,4680,2528,0
1213,48441,21.394625,21.032483,20.893037,0.000000,0.000707,0.000000,0.000000,0.063125,0.013708,0.926250,2159,8107198,140281,0,2,0,2,0,0,0,0,0,0,5406,0,3510,1896,0
1214,48442,21.299916,20.865431,20.741330,0.000000,0.001041,0.000000,0.000000,0.081834,0.023625,0.664375,2208,8107280,139331,0,2,0,2,0,0,0,0,0,0,5406,0,3510,1896,0
1215,48443,21.582250,21.169515,20.909619,0.000000,0.000624,0.000000,0.000000,0.080542,0.024458,0.641916,2125,8107068,137332,0,2,0,2,0,0,0,0,0,0,7208,0,4680,2528,0
1216,48444,21.543834,21.136637,21.032957,0.000000,0.000541,0.000000,0.000000,0.067166,0.011875,0.583584,2155,8107301,138664,0,2,0,2,0,0,0,0,0,0,5406,0,3510,1896,0
1217,48445,21.947250,21.530995,21.205710,0.000000,0.001209,0.000000,0.000000,0.070541,0.018292,0.605793,2160,8107172,137406,0,2,0,2,0,0,0,0,0,0,5406,0,3510,1896,0
1218,48446,20.737583,20.343332,20.326698,0.000000,0.000584,0.000000,0.000000,0.067083,0.015000,0.584542,2138,8107131,138377,0,2,0,2,0,0,0,0,0,0,7208,0,4680,2528,0
1219,48447,19.854458,19.457409,19.474833,0.000000,0.000374,0.000000,0.000000,0.077167,0.016292,0.738292,2146,8107227,138318,0,2,0,2,0,0,0,0,0,0,5406,0,3510,1896,0
1220,48448,19.953292,19.558648,19.567718,0.000000,0.000459,0.000000,0.000000,0.063125,0.015417,0.783707,2107,8107204,137831,0,2,0,2,0,0,0,0,0,0,5406,0,3510,1896,0
1221,48449,19.109125,18.720386,18.590254,0.000000,0.000500,0.000000,0.000000,0.058042,0.013833,0.505417,2101,8107113,139632,0,2,0,2,0,0,0,0,0,0,7367,0,4680,2687,0
1222,48450,21.171958,20.752465,20.441479,0.000000,0.000459,0.000000,0.000000,0.058542,0.013750,0.817167,2168,8107042,145217,0,2,0,2,0,0,0,0,0,0,5569,0,3510,2059,0
1223,48451,19.967167,19.566660,19.555400,0.000000,0.000418,0.000000,0.000000,0.068708,0.015584,1.294458,2122,8107143,145548,0,2,0,2,0,0,0,0,0,0,7138,0,4536,2602,0
1224,48452,21.762542,21.356365,21.077325,0.000000,0.000416,0.000000,0.000000,0.063875,0.021875,1.607542,2156,8107098,146610,0,2,0,2,0,0,0,0,0,0,5610,0,3654,1956,0
1225,48453,19.562708,19.173097,19.180342,0.000000,0.000375,0.000000,0.000000,0.067250,0.014250,0.950666,2027,8107254,133539,0,2,0,2,0,0,0,0,0,0,5406,0,3510,1896,0
1226,48454,19.609875,19.222015,19.209776,0.000000,0.000376,0.000000,0.000000,0.074792,0.029541,1.296584,2053,8107021,133333,0,2,0,2,0,0,0,0,0,0,7208,0,4680,2528,0
1227,48455,19.632667,19.238164,19.253684,0.000000,0.000292,0.000000,0.000000,0.068541,0.047000,1.324000,2093,8107264,136381,0,2,0,2,0,0,0,0,0,0,5406,0,3510,1896,0
1228,48456,18.775166,18.394027,18.407959,0.000000,0.000499,0.000000,0.000000,0.056542,0.019917,1.288708,2022,8107265,132988,0,2,0,2,0,0,0,0,0,0,5406,0,3510,1896,0
1229,48457,18.937584,18.563083,18.599950,0.000000,0.000332,0.000000,0.000000,0.059583,0.015417,0.635292,2073,8107110,133995,0,2,0,2,0,0,0,0,0,0,7208,0,4680,2528,0
1230,48458,19.428708,19.046181,19.083449,0.000000,0.000458,0.000000,0.000000,0.058583,0.025375,1.283124,2088,8107206,137448,0,2,0,2,0,0,0,0,0,0,5406,0,3510,1896,0
1231,48459,18.851958,18.457846,18.496178,0.000000,0.000416,0.000000,0.000000,0.052042,0.018333,1.286750,2060,8107252,134606,0,2,0,2,0,0,0,0,0,0,5406,0,3510,1896,0
1232,48460,18.600000,18.227028,18.263345,0.000000,0.000292,0.000000,0.000000,0.053250,0.014709,1.260708,2038,8107023,131801,0,2,0,2,0,0,0,0,0,0,7208,0,4680,2528,0
1233,48461,19.068000,18.681206,18.723595,0.000000,0.000251,0.000000,0.000000,0.059875,0.012917,0.652125,2085,8107261,137049,0,2,0,2,0,0,0,0,0,0,5406,0,3510,1896,0
1234,48462,18.157625,17.779627,17.815370,0.000000,0.000459,0.000000,0.000000,0.045042,0.011833,0.884458,2041,8107179,136768,0,2,0,2,0,0,0,0,0,0,5565,0,3510,2055,0
1235,48463,19.625584,19.246801,19.274559,0.000000,0.000457,0.000000,0.000000,0.061583,0.016958,1.276500,2060,8107055,140170,0,2,0,2,0,0,0,0,0,0,7208,0,4680,2528,0
1236,48464,19.514250,19.130802,19.167399,0.000000,0.000291,0.000000,0.000000,0.071041,0.014834,1.248500,2077,8107257,138609,0,2,0,2,0,0,0,0,0,0,5406,0,3510,1896,0
1237,48465,18.856208,18.483902,18.507288,0.000000,0.000500,0.000000,0.000000,0.063458,0.013500,1.266333,2053,8107266,134854,0,2,0,2,0,0,0,0,0,0,5406,0,3510,1896,0
1238,48466,19.059125,18.685537,18.717473,0.000000,0.000375,0.000000,0.000000,0.058625,0.015875,0.610500,2071,8107044,135042,0,2,0,2,0,0,0,0,0,0,7208,0,4680,2528,0
1239,48467,19.113042,18.732611,18.767665,0.000000,0.000415,0.000000,0.000000,0.059958,0.018875,0.921000,2085,8107252,138076,0,2,0,2,0,0,0,0,0,0,5406,0,3510,1896,0
1240,48468,18.543500,18.166498,18.210063,0.000000,0.000209,0.000000,0.000000,0.048666,0.014959,1.042250,2054,8107273,134973,0,2,0,2,0,0,0,0,0,0,5406,0,3510,1896,0
1241,48469,19.115166,18.744656,18.680040,0.000000,0.000250,0.000000,0.000000,0.062459,0.014875,1.289084,2040,8107073,132782,0,2,0,2,0,0,0,0,0,0,7208,0,4680,2528,0
1242,48470,18.859625,18.484137,18.518007,0.000000,0.000334,0.000000,0.000000,0.064334,0.014000,0.610500,2062,8107300,136405,0,2,0,2,0,0,0,0,0,0,5406,0,3510,1896,0
1243,48471,18.822084,18.435782,18.459827,0.000000,0.000333,0.000000,0.000000,0.054958,0.013833,0.927833,2131,8107179,137710,0,2,0,2,0,0,0,0,0,0,5406,0,3510,1896,0
1244,48472,18.502083,18.123746,18.151801,0.000000,0.000210,0.000000,0.000000,0.047958,0.017000,0.786500,2037,8107051,132794,0,2,0,2,0,0,0,0,0,0,7208,0,4680,2528,0
1245,48473,19.115583,18.747512,18.774783,0.000000,0.000333,0.000000,0.000000,0.051875,0.033417,1.107791,2063,8107247,137086,0,2,0,2,0,0,0,0,0,0,5406,0,3510,1896,0
1246,48474,19.358709,18.971582,18.997213,0.000000,0.000291,0.000000,0.000000,0.067125,0.020666,1.107334,2131,8107358,136581,0,2,0,2,0,0,0,0,0,0,5406,0,3510,1896,0
1247,48475,18.870041,18.476043,18.501516,0.000000,0.000375,0.000000,0.000000,0.060292,0.019417,0.469208,2028,8106985,132330,0,2,0,2,0,0,0,0,0,0,7208,0,4680,2528,0
1248,48476,18.977250,18.593861,18.626736,0.000000,0.000501,0.000000,0.000000,0.048750,0.012334,0.754750,2086,8107223,137765,0,2,0,2,0,0,0,0,0,0,5406,0,3510,1896,0
1249,48477,18.150459,17.783155,17.820978,0.000000,0.000375,0.000000,0.000000,0.048041,0.011917,0.989583,2071,8107398,134489,0,2,0,2,0,0,0,0,0,0,5406,0,3510,1896,0
1250,48478,18.641250,18.266853,18.298529,0.000000,0.000668,0.000000,0.000000,0.058083,0.047958,1.082167,2053,8106953,133439,0,2,0,2,0,0,0,0,0,0,7208,0,4680,2528,0
1251,48479,19.236541,18.855894,18.847534,0.000000,0.000540,0.000000,0.000000,0.057292,0.013958,0.655709,2087,8107258,137485,0,2,0,2,0,0,0,0,0,0,5406,0,3510,1896,0
1252,48480,18.918917,18.541332,18.576747,0.000000,0.000249,0.000000,0.000000,0.063500,0.017375,0.930459,2094,8107226,134805,0,2,0,2,0,0,0,0,0,0,5406,0,3510,1896,0
1253,48481,18.519208,18.148009,18.190241,0.000000,0.000417,0.000000,0.000000,0.057709,0.050875,1.270375,2033,8107055,132505,0,2,0,2,0,0,0,0,0,0,7208,0,4680,2528,0
1254,48482,19.242334,18.862517,18.873853,0.000000,0.000416,0.000000,0.000000,0.052708,0.012708,1.267584,2082,8107243,139187,0,2,0,2,0,0,0,0,0,0,5406,0,3510,1896,0
1255,48483,18.530333,18.146602,18.150686,0.000000,0.000416,0.000000,0.000000,0.054500,0.013042,0.611916,2082,8107238,134955,0,2,0,2,0,0,0,0,0,0,5406,0,3510,1896,0
1256,48484,18.297292,17.916187,17.940553,0.000000,0.000334,0.000000,0.000000,0.046625,0.012750,0.948250,2033,8107086,133686,0,2,0,2,0,0,0,0,0,0,7208,0,4680,2528,0
1257,48485,18.783958,18.403930,18.442960,0.000000,0.000375,0.000000,0.000000,0.050125,0.022792,0.979417,2070,8107241,136729,0,2,0,2,0,0,0,0,0,0,5406,0,3510,1896,0
1258,48486,19.103042,18.715136,18.719593,0.000000,0.000375,0.000000,0.000000,0.057333,0.013708,1.307166,2116,8107244,136200,0,2,0,2,0,0,0,0,0,0,5406,0,3510,1896,0
1259,48487,18.644875,18.277228,18.306350,0.000000,0.000626,0.000000,0.000000,0.062958,0.012125,0.608667,2021,8107038,133071,0,2,0,2,0,0,0,0,0,0,7208,0,4680,2528,0
1260,48488,19.073750,18.649527,18.668261,0.000000,0.000375,0.000000,0.000000,0.088583,0.019583,0.644500,2099,8107261,138109,0,2,0,2,0,0,0,0,0,0,5406,0,3510,1896,0
1261,48489,18.841458,18.502864,18.526549,0.000000,0.000457,0.000000,0.000000,0.048542,0.012708,0.765126,2103,8107293,135103,0,2,0,2,0,0,0,0,0,0,5406,0,3510,1896,0
1262,48490,18.494625,18.116123,18.152289,0.000000,0.000418,0.000000,0.000000,0.056042,0.017625,1.091874,2043,8107014,131907,0,2,0,2,0,0,0,0,0,0,7208,0,4680,2528,0
1263,48491,19.688125,19.308871,19.340527,0.000000,0.000415,0.000000,0.000000,0.051375,0.014583,1.296166,2104,8107288,139588,0,2,0,2,0,0,0,0,0,0,5406,0,3510,1896,0
1264,48492,19.592667,19.203798,19.144670,0.000000,0.000290,0.000000,0.000000,0.073375,0.043458,0.629000,2105,8107221,135048,0,2,0,2,0,0,0,0,0,0,5406,0,3510,1896,0
1265,48493,18.455708,18.075134,18.090299,0.000000,0.000501,0.000000,0.000000,0.063583,0.027542,0.851542,2043,8107086,133492,0,2,0,2,0,0,0,0,0,0,7208,0,4680,2528,0
1266,48494,20.074208,19.648948,19.680334,0.000000,0.000458,0.000000,0.000000,0.063959,0.012125,0.919708,2185,8107282,142549,0,2,0,2,0,0,0,0,0,0,5406,0,3510,1896,0
1267,48495,19.754209,19.354102,19.342008,0.000000,0.000418,0.000000,0.000000,0.070500,0.014541,1.282083,2195,8107000,139238,0,2,0,2,0,0,0,0,0,0,7447,0,3510,3937,0
1268,48496,19.554125,19.164922,19.202458,0.000000,0.000375,0.000000,0.000000,0.063875,0.014083,1.273084,2125,8106948,138984,0,2,0,2,0,0,0,0,0,0,7208,0,4680,2528,0
1269,48497,19.229750,18.846232,18.874570,0.000000,0.000376,0.000000,0.000000,0.052833,0.037042,0.650166,2113,8107266,138727,0,2,0,2,0,0,0,0,0,0,5406,0,3510,1896,0
1270,48498,19.450416,19.044851,19.044154,0.000000,0.000377,0.000000,0.000000,0.065417,0.014750,1.269709,2166,8107279,140123,0,2,0,2,0,0,0,0,0,0,5406,0,3510,1896,0
1271,48499,19.514334,19.119626,19.137900,0.000000,0.000541,0.000000,0.000000,0.064375,0.025500,0.922958,2144,8107020,138826,0,2,0,2,0,0,0,0,0,0,7208,0,4680,2528,0
1272,48500,19.337041,18.950651,18.965974,0.000000,0.000416,0.000000,0.000000,0.057625,0.014417,0.963792,2115,8107291,138604,0,2,0,2,0,0,0,0,0,0,5406,0,3510,1896,0
1273,48501,19.304459,18.922234,18.943863,0.000000,0.000334,0.000000,0.000000,0.071583,0.015792,1.264250,2110,8107214,138561,0,2,0,2,0,0,0,0,0,0,5406,0,3510,1896,0
1274,48502,19.647083,19.254574,19.284444,0.000000,0.000334,0.000000,0.000000,0.062625,0.016125,1.242792,2154,8107108,139516,0,2,0,2,0,0,0,0,0,0,7208,0,4680,2528,0
1275,48503,19.166375,18.778937,18.809857,0.000000,0.000374,0.000000,0.000000,0.058375,0.050208,0.656125,2132,8107212,138682,0,2,0,2,0,0,0,0,0,0,5406,0,3510,1896,0
1276,48504,19.041292,18.656313,18.664559,0.000000,0.000292,0.000000,0.000000,0.051208,0.013333,0.911458,2095,8107150,137380,0,2,0,2,0,0,0,0,0,0,7004,0,4536,2468,0
1277,48505,19.283958,18.894110,18.928440,0.000000,0.000500,0.000000,0.000000,0.058375,0.014292,1.316583,2130,8107150,139243,0,2,0,2,0,0,0,0,0,0,5610,0,3654,1956,0
1278,48506,19.194625,18.788982,18.817510,0.000000,0.000335,0.000000,0.000000,0.066000,0.013875,1.281708,2150,8107473,139585,0,2,0,2,0,0,0,0,0,0,5406,0,3510,1896,0
1279,48507,20.008875,19.622890,19.651559,0.000000,0.000626,0.000000,0.000000,0.079583,0.015625,0.586583,2084,8106887,136308,0,2,0,2,0,0,0,0,0,0,7208,0,4680,2528,0
1280,48508,19.831000,19.432117,19.469249,0.000000,0.000707,0.000000,0.000000,0.053792,0.013416,0.897708,2156,8107236,140095,0,2,0,2,0,0,0,0,0,0,5406,0,3510,1896,0
1281,48509,18.363000,17.988071,18.027673,0.000000,0.000291,0.000000,0.000000,0.052792,0.013083,0.609500,2096,8107331,138100,0,2,0,2,0,0,0,0,0,0,5406,0,3510,1896,0
1282,48510,17.377375,17.027367,17.040771,0.000000,0.000415,0.000000,0.000000,0.046750,0.012750,0.971334,1964,8106944,128416,0,2,0,2,0,0,0,0,0,0,7208,0,4680,2528,0
1283,48511,17.972333,17.611651,17.651113,0.000000,0.000166,0.000000,0.000000,0.046959,0.013125,1.160041,2030,8107238,136171,0,2,0,2,0,0,0,0,0,0,5406,0,3510,1896,0
1284,48512,17.720167,17.365452,17.403442,0.000000,0.000417,0.000000,0.000000,0.049042,0.018041,0.613250,2001,8107285,132234,0,2,0,2,0,0,0,0,0,0,5406,0,3510,1896,0
1285,48513,17.478250,17.131593,17.166557,0.000000,0.000376,0.000000,0.000000,0.045833,0.012792,0.909167,1938,8107022,128853,0,2,0,2,0,0,0,0,0,0,7208,0,4680,2528,0
1286,48514,18.007625,17.645354,17.686223,0.000000,0.000541,0.000000,0.000000,0.046958,0.013250,1.242874,2038,8107304,135569,0,2,0,2,0,0,0,0,0,0,5406,0,3510,1896,0
1287,48515,17.368000,17.012220,17.052334,0.000000,0.000248,0.000000,0.000000,0.043125,0.012667,0.616000,1994,8107314,131994,0,2,0,2,0,0,0,0,0,0,5406,0,3510,1896,0
1288,48516,17.464083,17.112506,17.152590,0.000000,0.000333,0.000000,0.000000,0.052667,0.011958,1.291042,1960,8107001,130391,0,2,0,2,0,0,0,0,0,0,7208,0,4680,2528,0
1289,48517,17.624542,17.264184,17.306280,0.000000,0.000251,0.000000,0.000000,0.044125,0.014042,0.616166,2021,8107275,133600,0,2,0,2,0,0,0,0,0,0,5406,0,3510,1896,0
1290,48518,18.023625,17.657237,17.687013,0.000000,0.000709,0.000000,0.000000,0.059542,0.014291,1.228083,2046,8107186,132834,0,2,0,2,0,0,0,0,0,0,5406,0,3510,1896,0
1291,48519,17.547125,17.198128,17.238335,0.000000,0.000332,0.000000,0.000000,0.059083,0.013584,0.929709,1949,8107055,130190,0,2,0,2,0,0,0,0,0,0,7208,0,4680,2528,0
1292,48520,17.748833,17.385208,17.428626,0.000000,0.000250,0.000000,0.000000,0.049292,0.012458,0.632375,2027,8107246,133632,0,2,0,2,0,0,0,0,0,0,5406,0,3510,1896,0
1293,48521,17.419875,17.062757,17.103535,0.000000,0.000251,0.000000,0.000000,0.056000,0.013500,1.041833,1990,8107266,131246,0,2,0,2,0,0,0,0,0,0,5406,0,3510,1896,0
1294,48522,19.374417,19.008844,18.997245,0.000000,0.000583,0.000000,0.000000,0.059500,0.014583,1.243583,2007,8107014,148652,0,2,0,2,0,0,0,0,0,0,7208,0,4680,2528,0
1295,48523,18.016875,17.660533,17.701023,0.000000,0.000291,0.000000,0.000000,0.044875,0.012792,1.219875,2007,8107271,132557,0,2,0,2,0,0,0,0,0,0,5406,0,3510,1896,0
1296,48524,17.435292,17.079402,17.118075,0.000000,0.000334,0.000000,0.000000,0.048958,0.014375,0.448167,1989,8107255,129466,0,2,0,2,0,0,0,0,0,0,5406,0,3510,1896,0
1297,48525,17.147750,16.805445,16.844315,0.000000,0.000166,0.000000,0.000000,0.042208,0.013583,0.900043,1935,8107064,128767,0,2,0,2,0,0,0,0,0,0,7208,0,4680,2528,0
1298,48526,19.549833,19.201158,17.243667,0.000000,0.000208,0.000000,0.000000,0.057458,0.013917,0.863791,1931,8107267,131001,0,2,0,2,0,0,0,0,0,0,5406,0,3510,1896,0
1299,48527,18.766042,18.415879,18.390952,0.000000,0.000458,0.000000,0.000000,0.061125,0.028375,0.608458,1943,8107216,130946,0,2,0,2,0,0,0,0,0,0,5406,0,3510,1896,0
1300,48528,16.211583,15.898041,15.380518,0.000000,0.000457,0.000000,0.000000,0.045583,0.012125,1.097375,1728,8107078,118010,0,2,0,2,0,0,0,0,0,0,7471,0,4680,2791,0
1301,48529,17.883375,17.537535,17.547096,0.000000,0.000375,0.000000,0.000000,0.045000,0.020500,1.229667,1921,8107103,131335,0,2,0,2,0,0,0,0,0,0,5406,0,3510,1896,0
1302,48530,16.345000,16.018060,16.057254,0.000000,0.000417,0.000000,0.000000,0.042542,0.018041,0.624041,1801,8107406,119289,0,2,0,2,0,0,0,0,0,0,5406,0,3510,1896,0
1303,48531,15.928583,15.609559,15.638269,0.000000,0.000294,0.000000,0.000000,0.042000,0.012709,1.052499,1786,8106902,117757,0,2,0,2,0,0,0,0,0,0,7208,0,4680,2528,0
1304,48532,16.559000,16.224824,16.255196,0.000000,0.000249,0.000000,0.000000,0.040625,0.012459,0.634708,1855,8107256,122131,0,2,0,2,0,0,0,0,0,0,5406,0,3510,1896,0
1305,48533,16.516375,16.182585,16.220923,0.000000,0.000250,0.000000,0.000000,0.057292,0.013417,0.987375,1861,8107259,121144,0,2,0,2,0,0,0,0,0,0,5406,0,3510,1896,0
1306,48534,16.151334,15.827215,15.865356,0.000000,0.000292,0.000000,0.000000,0.047750,0.012708,0.297625,1804,8107044,117705,0,2,0,2,0,0,0,0,0,0,7208,0,4680,2528,0
1307,48535,18.237583,17.890521,17.932882,0.000000,0.001083,0.000000,0.000000,0.082250,0.016042,0.761125,1881,8107278,122163,0,2,0,2,0,0,0,0,0,0,5406,0,3510,1896,0
1308,48536,17.994708,17.655499,17.697806,0.000000,0.000709,0.000000,0.000000,0.091042,0.024292,1.250125,1820,8107273,120034,0,2,0,2,0,0,0,0,0,0,5406,0,3510,1896,0
1309,48537,18.004459,17.673378,17.710201,0.000000,0.001209,0.000000,0.000000,0.079833,0.015417,0.454166,1831,8107014,119503,0,2,0,2,0,0,0,0,0,0,7208,0,4680,2528,0
1310,48538,17.815458,17.473541,17.514016,0.000000,0.000333,0.000000,0.000000,0.057500,0.014542,0.653459,1880,8107253,122206,0,2,0,2,0,0,0,0,0,0,5406,0,3510,1896,0
1311,48539,17.267625,16.930610,16.959196,0.000000,0.000418,0.000000,0.000000,0.067042,0.014583,0.675709,1826,8107287,119389,0,2,0,2,0,0,0,0,0,0,5406,0,3510,1896,0
1312,48540,17.691292,17.362145,17.329547,0.000000,0.000416,0.000000,0.000000,0.056541,0.014542,0.295458,1759,8107020,117238,0,2,0,2,0,0,0,0,0,0,7208,0,4680,2528,0
1313,48541,18.227791,17.866219,17.873332,0.000000,0.000542,0.000000,0.000000,0.060875,0.020542,0.632084,1887,8107259,122653,0,2,0,2,0,0,0,0,0,0,5406,0,3510,1896,0
1314,48542,16.970959,16.627297,16.649099,0.000000,0.000626,0.000000,0.000000,0.048916,0.013209,0.597834,1841,8107265,119645,0,2,0,2,0,0,0,0,0,0,5406,0,3510,1896,0
1315,48543,16.647000,16.336249,16.374699,0.000000,0.000376,0.000000,0.000000,0.048875,0.019333,0.289083,1790,8107160,117814,0,2,0,2,0,0,0,0,0,0,7208,0,4680,2528,0
1316,48544,17.178458,16.832709,16.838846,0.000000,0.000376,0.000000,0.000000,0.049458,0.012792,0.626042,1866,8107145,122025,0,2,0,2,0,0,0,0,0,0,5406,0,3510,1896,0
1317,48545,16.826792,16.484471,16.522564,0.000000,0.000292,0.000000,0.000000,0.052500,0.046125,0.295292,1900,8107244,121119,0,2,0,2,0,0,0,0,0,0,5406,0,3510,1896,0
1318,48546,17.449583,17.114094,16.962204,0.000000,0.000501,0.000000,0.000000,0.051792,0.014416,0.594167,1804,8107112,118223,0,2,0,2,0,0,0,0,0,0,7208,0,4680,2528,0
1319,48547,18.252625,17.883058,17.786957,0.000000,0.001124,0.000000,0.000000,0.070250,0.031375,0.981084,1853,8107233,121044,0,2,0,2,0,0,0,0,0,0,5406,0,3510,1896,0
1320,48548,16.850292,16.514435,16.519603,0.000000,0.000584,0.000000,0.000000,0.065500,0.018541,0.299875,1865,8107273,119557,0,2,0,2,0,0,0,0,0,0,5406,0,3510,1896,0
1321,48549,16.866666,16.535986,16.553199,0.000000,0.000291,0.000000,0.000000,0.046792,0.016917,0.818166,1861,8107083,120822,0,2,0,2,0,0,0,0,0,0,7208,0,4680,2528,0
1322,48550,17.157500,16.814457,16.829140,0.000000,0.000417,0.000000,0.000000,0.062125,0.016500,0.608250,1822,8107257,119543,0,2,0,2,0,0,0,0,0,0,5406,0,3510,1896,0
1323,48551,16.724209,16.385856,16.417400,0.000000,0.000416,0.000000,0.000000,0.052000,0.014875,0.666292,1870,8107242,119305,0,2,0,2,0,0,0,0,0,0,5406,0,3510,1896,0
1324,48552,16.905666,16.577564,16.591236,0.000000,0.000415,0.000000,0.000000,0.054542,0.016250,1.313416,1790,8107169,118608,0,2,0,2,0,0,0,0,0,0,7208,0,4680,2528,0
1325,48553,16.875125,16.531037,16.526003,0.000000,0.000333,0.000000,0.000000,0.053334,0.013416,0.665375,1835,8107179,120221,0,2,0,2,0,0,0,0,0,0,5406,0,3510,1896,0
1326,48554,16.913667,16.571873,16.597315,0.000000,0.000458,0.000000,0.000000,0.054167,0.023875,0.971042,1846,8107314,119143,0,2,0,2,0,0,0,0,0,0,5406,0,3510,1896,0
1327,48555,17.344125,17.004310,16.996365,0.000000,0.000666,0.000000,0.000000,0.075833,0.039542,0.474834,1840,8107053,119747,0,2,0,2,0,0,0,0,0,0,7208,0,4680,2528,0
1328,48556,18.292375,17.945458,17.939107,0.000000,0.000542,0.000000,0.000000,0.071542,0.059250,0.624584,1804,8107429,118682,0,2,0,2,0,0,0,0,0,0,5406,0,3510,1896,0
1329,48557,17.862958,17.520655,17.521760,0.000000,0.000583,0.000000,0.000000,0.080875,0.027375,1.307500,1838,8107201,118172,0,2,0,2,0,0,0,0,0,0,7004,0,4536,2468,0
1330,48558,19.876125,19.524188,18.971974,0.000000,0.000876,0.000000,0.000000,0.086834,0.023833,0.595667,1823,8107063,120235,0,2,0,2,0,0,0,0,0,0,5610,0,3654,1956,0
1331,48559,19.549084,19.177946,18.788131,0.000000,0.000501,0.000000,0.000000,0.060958,0.014458,1.219459,1796,8107134,118565,0,2,0,2,0,0,0,0,0,0,5406,0,3510,1896,0
1332,48560,17.577000,17.242861,17.218490,0.000000,0.000207,0.000000,0.000000,0.052958,0.046208,0.612084,1782,8107050,115979,0,2,0,2,0,0,0,0,0,0,7208,0,4680,2528,0
1333,48561,17.641041,17.296419,17.278558,0.000000,0.000749,0.000000,0.000000,0.058292,0.015167,1.089083,1863,8107294,121185,0,2,0,2,0,0,0,0,0,0,5406,0,3510,1896,0
1334,48562,16.549750,16.221519,16.249995,0.000000,0.000416,0.000000,0.000000,0.060417,0.018250,0.610250,1751,8107274,117156,0,2,0,2,0,0,0,0,0,0,5406,0,3510,1896,0
1335,48563,16.556334,16.223210,16.251799,0.000000,0.000373,0.000000,0.000000,0.055333,0.017917,0.953084,1790,8107032,115788,0,2,0,2,0,0,0,0,0,0,7208,0,4680,2528,0
1336,48564,17.834416,17.467334,17.421263,0.000000,0.000584,0.000000,0.000000,0.064334,0.040541,0.952833,1777,8107301,118901,0,2,0,2,0,0,0,0,0,0,5406,0,3510,1896,0
1337,48565,17.273500,16.933610,16.908049,0.000000,0.000499,0.000000,0.000000,0.064792,0.035750,0.457792,1784,8107275,118188,0,2,0,2,0,0,0,0,0,0,5406,0,3510,1896,0
1338,48566,16.938417,16.612296,16.616394,0.000000,0.000500,0.000000,0.000000,0.051417,0.037041,1.213166,1756,8107058,115060,0,2,0,2,0,0,0,0,0,0,7208,0,4680,2528,0
1339,48567,16.630375,16.303168,16.300874,0.000000,0.000459,0.000000,0.000000,0.048125,0.012250,0.606458,1783,8107265,118493,0,2,0,2,0,0,0,0,0,0,5406,0,3510,1896,0
1340,48568,16.427500,16.110608,16.128614,0.000000,0.000457,0.000000,0.000000,0.063167,0.014208,1.239207,1721,8107256,116106,0,2,0,2,0,0,0,0,0,0,5406,0,3510,1896,0
1341,48569,16.534000,16.214379,16.232924,0.000000,0.000375,0.000000,0.000000,0.060083,0.020209,0.648916,1771,8107167,115162,0,2,0,2,0,0,0,0,0,0,7208,0,4680,2528,0
1342,48570,16.521792,16.201290,16.221375,0.000000,0.000374,0.000000,0.000000,0.053208,0.011875,1.085708,1773,8107204,117991,0,2,0,2,0,0,0,0,0,0,5406,0,3510,1896,0
1343,48571,16.184708,15.863374,15.886269,0.000000,0.000251,0.000000,0.000000,0.045042,0.012791,1.310125,1741,8107311,116429,0,2,0,2,0,0,0,0,0,0,5406,0,3510,1896,0
1344,48572,16.490417,16.163135,16.167129,0.000000,0.000375,0.000000,0.000000,0.047041,0.018084,0.652875,1727,8106973,113864,0,2,0,2,0,0,0,0,0,0,7208,0,4680,2528,0
1345,48573,16.620000,16.297683,16.326697,0.000000,0.000375,0.000000,0.000000,0.054000,0.026166,0.625417,1813,8107307,119464,0,2,0,2,0,0,0,0,0,0,5406,0,3510,1896,0
1346,48574,16.265166,15.950310,15.980185,0.000000,0.000333,0.000000,0.000000,0.053042,0.013750,0.632459,1722,8107241,115835,0,2,0,2,0,0,0,0,0,0,5406,0,3510,1896,0
1347,48575,16.187417,15.862402,15.855995,0.000000,0.000374,0.000000,0.000000,0.167750,0.023958,0.980917,1742,8107077,113990,0,2,0,2,0,0,0,0,0,0,7208,0,4680,2528,0
1348,48576,19.115000,18.780220,18.434721,0.000000,0.000583,0.000000,0.000000,0.068542,0.014125,0.321583,1759,8107280,117926,0,2,0,2,0,0,0,0,0,0,5406,0,3510,1896,0
1349,48577,16.881167,16.550149,16.563075,0.000000,0.000376,0.000000,0.000000,0.060416,0.015250,1.141209,1759,8107252,116978,0,2,0,2,0,0,0,0,0,0,5406,0,3510,1896,0
1350,48578,16.764958,16.431229,16.425296,0.000000,0.000332,0.000000,0.000000,0.056292,0.040125,1.270875,1747,8107125,113976,0,2,0,2,0,0,0,0,0,0,7208,0,4680,2528,0
1351,48579,16.352625,16.030611,16.038846,0.000000,0.000541,0.000000,0.000000,0.046875,0.013000,0.648125,1772,8107295,117757,0,2,0,2,0,0,0,0,0,0,5406,0,3510,1896,0
1352,48580,16.475667,16.147707,16.123734,0.000000,0.000584,0.000000,0.000000,0.054666,0.046875,1.279417,1709,8107215,115420,0,2,0,2,0,0,0,0,0,0,5406,0,3510,1896,0
1353,48581,16.249708,15.940191,15.947973,0.000000,0.000417,0.000000,0.000000,0.061042,0.042750,0.611042,1710,8107117,114617,0,2,0,2,0,0,0,0,0,0,7208,0,4680,2528,0
1354,48582,16.364292,16.040065,16.043719,0.000000,0.000415,0.000000,0.000000,0.046125,0.011833,1.260959,1771,8107274,117722,0,2,0,2,0,0,0,0,0,0,5406,0,3510,1896,0
1355,48583,16.159791,15.836738,15.844212,0.000000,0.000416,0.000000,0.000000,0.046042,0.050083,0.608500,1738,8107194,116059,0,2,0,2,0,0,0,0,0,0,5406,0,3510,1896,0
1356,48584,16.185750,15.879301,15.860235,0.000000,0.000375,0.000000,0.000000,0.062417,0.013208,0.947375,1672,8107013,113270,0,2,0,2,0,0,0,0,0,0,7208,0,4680,2528,0
1357,48585,16.525834,16.194841,16.231435,0.000000,0.000501,0.000000,0.000000,0.049916,0.016625,0.656000,1804,8107358,118954,0,2,0,2,0,0,0,0,0,0,5406,0,3510,1896,0
1358,48586,16.392666,16.101241,14.993128,0.000000,0.000460,0.000000,0.000000,0.040709,0.017708,0.969666,1597,8107044,111362,0,2,0,2,0,0,0,0,0,0,5863,0,3510,2353,0
1359,48587,22.291542,21.897413,21.829830,0.000000,0.000540,0.000000,0.000000,0.074250,0.046292,0.964208,2046,8107014,175332,0,2,0,2,0,0,0,0,0,0,7208,0,4680,2528,0
1360,48588,18.877208,18.503599,18.490796,0.000000,0.000250,0.000000,0.000000,0.059042,0.012958,0.943125,1979,8107283,130832,0,2,0,2,0,0,0,0,0,0,5406,0,3510,1896,0
1361,48589,18.808584,18.422841,18.404368,0.000000,0.000499,0.000000,0.000000,0.056458,0.014000,0.481292,2051,8107243,130933,0,2,0,2,0,0,0,0,0,0,5406,0,3510,1896,0
1362,48590,18.383750,18.025961,18.046664,0.000000,0.000459,0.000000,0.000000,0.070291,0.046125,1.514417,1907,8107068,126911,0,2,0,2,0,0,0,0,0,0,7208,0,4680,2528,0
1363,48591,19.058500,18.676125,18.652876,0.000000,0.000583,0.000000,0.000000,0.068333,0.012833,1.035084,2016,8107217,131816,0,2,0,2,0,0,0,0,0,0,5406,0,3510,1896,0
1364,48592,18.340625,17.972963,17.985600,0.000000,0.000417,0.000000,0.000000,0.053250,0.013916,1.324708,1988,8107301,128826,0,2,0,2,0,0,0,0,0,0,5406,0,3510,1896,0
1365,48593,18.268958,17.912534,17.940397,0.000000,0.000334,0.000000,0.000000,0.055583,0.016959,0.613167,1958,8107037,128665,0,2,0,2,0,0,0,0,0,0,7208,0,4680,2528,0
1366,48594,18.759792,18.375048,18.400705,0.000000,0.000583,0.000000,0.000000,0.057916,0.013834,1.048167,2014,8107253,131036,0,2,0,2,0,0,0,0,0,0,5406,0,3510,1896,0
1367,48595,18.420166,18.037943,18.064815,0.000000,0.000335,0.000000,0.000000,0.048917,0.013208,1.046917,2018,8107236,129966,0,2,0,2,0,0,0,0,0,0,5406,0,3510,1896,0
1368,48596,17.735375,17.383506,17.418086,0.000000,0.000293,0.000000,0.000000,0.051709,0.011500,1.255458,1926,8107043,127382,0,2,0,2,0,0,0,0,0,0,7208,0,4680,2528,0
1369,48597,18.910375,18.537442,18.500145,0.000000,0.000583,0.000000,0.000000,0.052125,0.013417,0.626084,2034,8107261,132585,0,2,0,2,0,0,0,0,0,0,5406,0,3510,1896,0
1370,48598,17.987417,17.608818,17.642027,0.000000,0.000333,0.000000,0.000000,0.054375,0.013875,0.944875,2014,8107269,129216,0,2,0,2,0,0,0,0,0,0,5406,0,3510,1896,0
1371,48599,18.493292,18.126398,18.131420,0.000000,0.000584,0.000000,0.000000,0.070625,0.013583,0.908209,1948,8107110,128036,0,2,0,2,0,0,0,0,0,0,7208,0,4680,2528,0
1372,48600,19.705416,19.315259,19.240514,0.000000,0.000417,0.000000,0.000000,0.061709,0.015083,1.318792,1984,8107219,130480,0,2,0,2,0,0,0,0,0,0,5406,0,3510,1896,0
1373,48601,19.352959,18.965663,18.942642,0.000000,0.000582,0.000000,0.000000,0.058875,0.048541,0.608334,2040,8107319,130101,0,2,0,2,0,0,0,0,0,0,5406,0,3510,1896,0
1374,48602,19.215916,18.834568,18.760869,0.000000,0.000207,0.000000,0.000000,0.070000,0.025834,0.737250,1982,8106716,129386,0,2,0,2,0,0,0,0,0,0,9249,0,4680,4569,0
1375,48603,18.359792,17.992302,18.018614,0.000000,0.000751,0.000000,0.000000,0.063667,0.013666,0.898583,1982,8107219,129791,0,2,0,2,0,0,0,0,0,0,5406,0,3510,1896,0
1376,48604,18.603417,18.233749,18.225246,0.000000,0.000500,0.000000,0.000000,0.057416,0.051292,0.951958,1978,8107262,128132,0,2,0,2,0,0,0,0,0,0,5406,0,3510,1896,0
1377,48605,18.444416,18.078439,18.045957,0.000000,0.000418,0.000000,0.000000,0.049209,0.012916,0.605750,1993,8107092,129835,0,2,0,2,0,0,0,0,0,0,7208,0,4680,2528,0
1378,48606,18.021125,17.667530,17.676650,0.000000,0.000627,0.000000,0.000000,0.057459,0.017708,0.928458,1948,8107305,128290,0,2,0,2,0,0,0,0,0,0,5406,0,3510,1896,0
1379,48607,19.524167,19.114568,19.108585,0.000000,0.000251,0.000000,0.000000,0.051833,0.026667,0.944792,2183,8107210,137894,0,2,0,2,0,0,0,0,0,0,5406,0,3510,1896,0
1380,48608,19.434750,19.057439,19.064206,0.000000,0.000542,0.000000,0.000000,0.051375,0.030250,0.956459,2102,8107110,136791,0,2,0,2,0,0,0,0,0,0,7208,0,4680,2528,0
1381,48609,19.146292,18.743549,18.772600,0.000000,0.000332,0.000000,0.000000,0.048583,0.018000,1.263542,2156,8107226,138502,0,2,0,2,0,0,0,0,0,0,5406,0,3510,1896,0
1382,48610,18.919000,18.513622,18.541298,0.000000,0.000375,0.000000,0.000000,0.050333,0.012250,0.609500,2119,8107216,136390,0,2,0,2,0,0,0,0,0,0,7004,0,4536,2468,0
1383,48611,19.072291,18.679576,18.652969,0.000000,0.000334,0.000000,0.000000,0.048459,0.013375,0.944583,2161,8107055,138790,0,2,0,2,0,0,0,0,0,0,5610,0,3654,1956,0
1384,48612,18.837459,18.446629,18.491759,0.000000,0.000333,0.000000,0.000000,0.050875,0.012500,0.990751,2112,8107251,137309,0,2,0,2,0,0,0,0,0,0,5406,0,3510,1896,0
1385,48613,19.026250,18.644614,18.649551,0.000000,0.000416,0.000000,0.000000,0.050833,0.011875,1.283833,2134,8107042,137182,0,2,0,2,0,0,0,0,0,0,7208,0,4680,2528,0
1386,48614,19.145583,18.747090,18.780475,0.000000,0.000460,0.000000,0.000000,0.060042,0.042333,0.652125,2170,8107281,139097,0,2,0,2,0,0,0,0,0,0,5406,0,3510,1896,0
1387,48615,18.829708,18.441552,18.451342,0.000000,0.000250,0.000000,0.000000,0.053334,0.014375,1.232792,2144,8107254,137554,0,2,0,2,0,0,0,0,0,0,5406,0,3510,1896,0
1388,48616,18.425917,18.050349,18.089892,0.000000,0.000332,0.000000,0.000000,0.051000,0.011333,0.997583,2065,8107170,134811,0,2,0,2,0,0,0,0,0,0,7208,0,4680,2528,0
1389,48617,19.228958,18.826499,18.864454,0.000000,0.000333,0.000000,0.000000,0.051917,0.020958,1.224917,2197,8107132,140638,0,2,0,2,0,0,0,0,0,0,5406,0,3510,1896,0
1390,48618,18.671292,18.282525,18.314981,0.000000,0.000540,0.000000,0.000000,0.049000,0.033375,1.221000,2135,8107257,137200,0,2,0,2,0,0,0,0,0,0,5406,0,3510,1896,0
1391,48619,18.900083,18.507219,18.530048,0.000000,0.000374,0.000000,0.000000,0.049792,0.013375,0.665334,2107,8107068,135968,0,2,0,2,0,0,0,0,0,0,7208,0,4680,2528,0
1392,48620,18.861500,18.473306,18.508600,0.000000,0.000416,0.000000,0.000000,0.052917,0.011125,0.970708,2149,8107238,138767,0,2,0,2,0,0,0,0,0,0,5406,0,3510,1896,0
1393,48621,19.326459,18.929417,18.944556,0.000000,0.000375,0.000000,0.000000,0.067750,0.014625,1.271459,2175,8107358,138999,0,2,0,2,0,0,0,0,0,0,5406,0,3510,1896,0
1394,48622,18.910875,18.535398,18.570375,0.000000,0.000376,0.000000,0.000000,0.065125,0.039250,1.295541,2074,8107005,135057,0,2,0,2,0,0,0,0,0,0,7208,0,4680,2528,0
1395,48623,19.418083,19.023934,19.028319,0.000000,0.000335,0.000000,0.000000,0.049167,0.016458,0.656666,2198,8107271,140207,0,2,0,2,0,0,0,0,0,0,5406,0,3510,1896,0
1396,48624,19.072583,18.686541,18.706662,0.000000,0.000249,0.000000,0.000000,0.050375,0.016792,1.144249,2107,8107173,136682,0,2,0,2,0,0,0,0,0,0,5406,0,3510,1896,0
1397,48625,18.805667,18.412743,18.441743,0.000000,0.000292,0.000000,0.000000,0.047750,0.012708,1.073167,2133,8107079,137001,0,2,0,2,0,0,0,0,0,0,7208,0,4680,2528,0
1398,48626,19.052250,18.652676,18.677787,0.000000,0.000417,0.000000,0.000000,0.050792,0.013416,1.279458,2180,8107221,139120,0,2,0,2,0,0,0,0,0,0,5406,0,3510,1896,0
1399,48627,19.061750,18.671283,18.705736,0.000000,0.000374,0.000000,0.000000,0.061917,0.017500,1.295167,2163,8107302,137583,0,2,0,2,0,0,0,0,0,0,5406,0,3510,1896,0
1400,48628,19.026292,18.646112,18.687457,0.000000,0.000292,0.000000,0.000000,0.070125,0.015541,0.633084,2096,8107003,135578,0,2,0,2,0,0,0,0,0,0,7208,0,4680,2528,0
1401,48629,19.321083,18.923315,18.947111,0.000000,0.000209,0.000000,0.000000,0.049292,0.038375,0.963333,2203,8107259,140492,0,2,0,2,0,0,0,0,0,0,5406,0,3510,1896,0
1402,48630,19.041250,18.643644,18.648940,0.000000,0.000417,0.000000,0.000000,0.058958,0.018334,1.293959,2191,8107258,137289,0,2,0,2,0,0,0,0,0,0,5406,0,3510,1896,0
1403,48631,19.117292,18.735049,18.715056,0.000000,0.000374,0.000000,0.000000,0.058750,0.015666,0.930708,2110,8107055,135981,0,2,0,2,0,0,0,0,0,0,7208,0,4680,2528,0
1404,48632,18.985333,18.592602,18.608302,0.000000,0.000375,0.000000,0.000000,0.047000,0.015083,1.309042,2141,8107272,138325,0,2,0,2,0,0,0,0,0,0,5406,0,3510,1896,0
1405,48633,19.315833,18.905796,18.923797,0.000000,0.000416,0.000000,0.000000,0.055875,0.027542,0.652666,2230,8107267,139019,0,2,0,2,0,0,0,0,0,0,5406,0,3510,1896,0
1406,48634,19.245875,18.868896,18.783147,0.000000,0.000290,0.000000,0.000000,0.064709,0.014458,0.592501,2086,8107053,134764,0,2,0,2,0,0,0,0,0,0,7208,0,4680,2528,0
1407,48635,19.205667,18.810008,18.839860,0.000000,0.000500,0.000000,0.000000,0.054542,0.012666,1.300000,2189,8107249,139736,0,2,0,2,0,0,0,0,0,0,5406,0,3510,1896,0
1408,48636,18.981333,18.579353,18.609890,0.000000,0.000418,0.000000,0.000000,0.057792,0.019000,1.288166,2165,8107250,136676,0,2,0,2,0,0,0,0,0,0,5406,0,3510,1896,0
1409,48637,18.975209,18.581152,18.621704,0.000000,0.000500,0.000000,0.000000,0.052583,0.010792,1.275124,2130,8107022,136710,0,2,0,2,0,0,0,0,0,0,7208,0,4680,2528,0
1410,48638,18.249375,17.856396,17.895497,0.000000,0.000417,0.000000,0.000000,0.043375,0.013041,0.634041,2110,8107202,139976,0,2,0,2,0,0,0,0,0,0,5565,0,3510,2055,0
1411,48639,20.426000,20.022033,20.063180,0.000000,0.000374,0.000000,0.000000,0.056500,0.019708,1.285500,2242,8107352,147447,0,2,0,2,0,0,0,0,0,0,5406,0,3510,1896,0
1412,48640,18.786750,18.394970,18.427532,0.000000,0.000460,0.000000,0.000000,0.051458,0.013292,0.970332,2096,8106930,136309,0,2,0,2,0,0,0,0,0,0,7208,0,4680,2528,0
1413,48641,19.594625,19.197953,19.213543,0.000000,0.000417,0.000000,0.000000,0.049375,0.014125,1.255166,2200,8107278,143025,0,2,0,2,0,0,0,0,0,0,5406,0,3510,1896,0
1414,48642,18.897958,18.502680,18.520684,0.000000,0.000416,0.000000,0.000000,0.050917,0.013500,0.607500,2178,8107263,138593,0,2,0,2,0,0,0,0,0,0,5406,0,3510,1896,0
1415,48643,19.046125,18.642515,18.688986,0.000000,0.000334,0.000000,0.000000,0.060542,0.014291,1.293334,2115,8107035,137509,0,2,0,2,0,0,0,0,0,0,7208,0,4680,2528,0
1416,48644,19.423333,19.023811,19.043589,0.000000,0.000459,0.000000,0.000000,0.058209,0.013833,0.956668,2150,8107258,139880,0,2,0,2,0,0,0,0,0,0,5406,0,3510,1896,0
1417,48645,19.161167,18.762886,18.765113,0.000000,0.000375,0.000000,0.000000,0.055208,0.053000,1.252583,2207,8107279,139680,0,2,0,2,0,0,0,0,0,0,5406,0,3510,1896,0
1418,48646,18.350750,17.975153,17.979650,0.000000,0.000376,0.000000,0.000000,0.043208,0.011834,1.255582,2064,8107067,136430,0,2,0,2,0,0,0,0,0,0,7208,0,4680,2528,0
1419,48647,19.822458,19.430568,19.445415,0.000000,0.000417,0.000000,0.000000,0.049375,0.052709,0.612000,2161,8107474,147348,0,2,0,2,0,0,0,0,0,0,5406,0,3510,1896,0
1420,48648,19.110917,18.719550,18.724652,0.000000,0.000333,0.000000,0.000000,0.060750,0.013458,1.261459,2144,8107009,138992,0,2,0,2,0,0,0,0,0,0,5406,0,3510,1896,0
1421,48649,19.220875,18.822788,18.861133,0.000000,0.000541,0.000000,0.000000,0.062208,0.017667,1.251666,2146,8106992,139443,0,2,0,2,0,0,0,0,0,0,7208,0,4680,2528,0
1422,48650,19.871042,19.469508,19.487902,0.000000,0.000334,0.000000,0.000000,0.050208,0.016042,1.277208,2155,8107253,141354,0,2,0,2,0,0,0,0,0,0,5406,0,3510,1896,0
1423,48651,19.308000,18.905254,18.938829,0.000000,0.000458,0.000000,0.000000,0.051625,0.016458,1.266750,2198,8107258,140139,0,2,0,2,0,0,0,0,0,0,5406,0,3510,1896,0
1424,48652,18.716916,18.337017,18.367116,0.000000,0.000292,0.000000,0.000000,0.052667,0.011875,1.251209,2077,8107101,136394,0,2,0,2,0,0,0,0,0,0,7208,0,4680,2528,0
1425,48653,19.678584,19.270861,19.302397,0.000000,0.000332,0.000000,0.000000,0.057000,0.015041,0.609541,2207,8107264,143072,0,2,0,2,0,0,0,0,0,0,5406,0,3510,1896,0
1426,48654,18.973041,18.572719,18.613046,0.000000,0.000417,0.000000,0.000000,0.052334,0.042333,0.963000,2164,8107242,139126,0,2,0,2,0,0,0,0,0,0,5406,0,3510,1896,0
1427,48655,19.430334,19.029912,19.034248,0.000000,0.000375,0.000000,0.000000,0.050791,0.014959,0.773083,2155,8107079,140100,0,2,0,2,0,0,0,0,0,0,7208,0,4680,2528,0
1428,48656,19.235666,18.850088,18.871234,0.000000,0.000458,0.000000,0.000000,0.085000,0.040084,1.271625,2105,8107222,138755,0,2,0,2,0,0,0,0,0,0,5406,0,3510,1896,0
1429,48657,20.812542,20.381859,20.303600,0.000000,0.000375,0.000000,0.000000,0.059042,0.049916,0.899333,2223,8107268,141097,0,2,0,2,0,0,0,0,0,0,5406,0,3510,1896,0
1430,48658,19.754042,19.360637,19.295804,0.000000,0.000333,0.000000,0.000000,0.059125,0.017916,1.233875,2139,8107066,139379,0,2,0,2,0,0,0,0,0,0,7208,0,4680,2528,0
1431,48659,19.410666,18.998042,19.020990,0.000000,0.000459,0.000000,0.000000,0.063834,0.013791,0.446541,2151,8107252,139938,0,2,0,2,0,0,0,0,0,0,5406,0,3510,1896,0
1432,48660,19.377584,18.978012,19.003655,0.000000,0.000333,0.000000,0.000000,0.055041,0.017959,0.763083,2154,8107235,140227,0,2,0,2,0,0,0,0,0,0,5406,0,3510,1896,0
1433,48661,21.949041,21.520548,21.057122,0.000000,0.001000,0.000000,0.000000,0.098667,0.033458,1.224084,2175,8107039,140834,0,2,0,2,0,0,0,0,0,0,7208,0,4680,2528,0
1434,48662,25.824084,25.344718,23.964908,0.000000,0.001165,0.000000,0.000000,0.100250,0.021875,0.909166,2124,8107271,138976,0,2,0,2,0,0,0,0,0,0,5406,0,3510,1896,0
1435,48663,20.732666,20.337350,20.209943,0.000000,0.000417,0.000000,0.000000,0.081292,0.045667,1.300375,2121,8107133,139007,0,2,0,2,0,0,0,0,0,0,7004,0,4536,2468,0
1436,48664,20.299709,19.882559,19.875664,0.000000,0.000583,0.000000,0.000000,0.074000,0.039375,1.257542,2167,8107161,140916,0,2,0,2,0,0,0,0,0,0,5610,0,3654,1956,0
1437,48665,19.653666,19.226426,19.218867,0.000000,0.000376,0.000000,0.000000,0.057959,0.016083,0.624625,2177,8107268,140956,0,2,0,2,0,0,0,0,0,0,5406,0,3510,1896,0
1438,48666,19.082709,18.692035,18.723830,0.000000,0.000458,0.000000,0.000000,0.060708,0.014833,0.928375,2098,8107041,136861,0,2,0,2,0,0,0,0,0,0,7208,0,4680,2528,0
1439,48667,19.539208,19.136519,19.157990,0.000000,0.000374,0.000000,0.000000,0.060208,0.014375,1.288626,2179,8107258,141600,0,2,0,2,0,0,0,0,0,0,5406,0,3510,1896,0
1440,48668,18.944208,18.550402,18.590444,0.000000,0.000459,0.000000,0.000000,0.055167,0.014750,1.259542,2118,8107254,138997,0,2,0,2,0,0,0,0,0,0,5406,0,3510,1896,0
1441,48669,19.100250,18.696635,18.739648,0.000000,0.000376,0.000000,0.000000,0.052750,0.016000,1.224291,2156,8107048,139370,0,2,0,2,0,0,0,0,0,0,7208,0,4680,2528,0
1442,48670,19.379625,18.975860,19.007402,0.000000,0.000501,0.000000,0.000000,0.055917,0.041583,0.627292,2183,8107286,141950,0,2,0,2,0,0,0,0,0,0,5406,0,3510,1896,0
1443,48671,19.301709,18.903833,18.919818,0.000000,0.000293,0.000000,0.000000,0.064416,0.014542,0.926708,2150,8107253,140063,0,2,0,2,0,0,0,0,0,0,5406,0,3510,1896,0
1444,48672,18.915875,18.538526,18.565800,0.000000,0.000251,0.000000,0.000000,0.065541,0.021500,1.254834,2100,8107122,136358,0,2,0,2,0,0,0,0,0,0,7208,0,4680,2528,0
1445,48673,19.783916,19.375227,19.377918,0.000000,0.000585,0.000000,0.000000,0.061167,0.016708,1.227167,2192,8107159,144256,0,2,0,2,0,0,0,0,0,0,5406,0,3510,1896,0
1446,48674,19.203167,18.803733,18.848453,0.000000,0.000332,0.000000,0.000000,0.052500,0.017667,1.242791,2139,8107313,139736,0,2,0,2,0,0,0,0,0,0,5406,0,3510,1896,0
1447,48675,19.166875,18.780775,18.802346,0.000000,0.000542,0.000000,0.000000,0.073750,0.017333,0.623541,2124,8106985,138350,0,2,0,2,0,0,0,0,0,0,7208,0,4680,2528,0
1448,48676,19.347917,18.947313,18.975857,0.000000,0.000377,0.000000,0.000000,0.056666,0.014084,0.759375,2173,8107305,140842,0,2,0,2,0,0,0,0,0,0,5406,0,3510,1896,0
1449,48677,19.267500,18.856290,18.887016,0.000000,0.000375,0.000000,0.000000,0.058166,0.013667,0.793666,2197,8107221,140652,0,2,0,2,0,0,0,0,0,0,5406,0,3510,1896,0
1450,48678,18.907375,18.525992,18.541533,0.000000,0.000416,0.000000,0.000000,0.053750,0.012916,0.921125,2099,8107107,137017,0,2,0,2,0,0,0,0,0,0,7208,0,4680,2528,0
1451,48679,19.375958,18.974801,19.002332,0.000000,0.000458,0.000000,0.000000,0.050583,0.016875,1.301875,2193,8107253,141899,0,2,0,2,0,0,0,0,0,0,5406,0,3510,1896,0
1452,48680,18.865042,18.476573,18.503183,0.000000,0.000374,0.000000,0.000000,0.053958,0.012292,0.609667,2133,8107255,138416,0,2,0,2,0,0,0,0,0,0,5406,0,3510,1896,0
1453,48681,19.335916,18.943090,18.969498,0.000000,0.000375,0.000000,0.000000,0.059750,0.018292,0.764416,2144,8106987,138786,0,2,0,2,0,0,0,0,0,0,7208,0,4680,2528,0
1454,48682,19.344584,18.948495,18.983166,0.000000,0.000334,0.000000,0.000000,0.060708,0.014250,0.934834,2169,8107348,140945,0,2,0,2,0,0,0,0,0,0,5406,0,3510,1896,0
1455,48683,19.076750,18.681441,18.715966,0.000000,0.000416,0.000000,0.000000,0.066625,0.013208,1.260916,2179,8107193,139629,0,2,0,2,0,0,0,0,0,0,5406,0,3510,1896,0
1456,48684,18.759750,18.377606,18.405281,0.000000,0.000459,0.000000,0.000000,0.051916,0.014417,0.900834,2101,8107028,136519,0,2,0,2,0,0,0,0,0,0,7208,0,4680,2528,0
1457,48685,20.047541,19.642194,19.601581,0.000000,0.000500,0.000000,0.000000,0.058459,0.013625,0.647292,2202,8107294,143524,0,2,0,2,0,0,0,0,0,0,5406,0,3510,1896,0
1458,48686,19.137917,18.731997,18.766921,0.000000,0.000500,0.000000,0.000000,0.059958,0.015625,1.227126,2180,8107231,139019,0,2,0,2,0,0,0,0,0,0,5406,0,3510,1896,0
1459,48687,19.136833,18.748567,18.722919,0.000000,0.000542,0.000000,0.000000,0.060709,0.014500,1.317000,2114,8107035,137789,0,2,0,2,0,0,0,0,0,0,7208,0,4680,2528,0
1460,48688,19.693334,19.295878,19.333358,0.000000,0.000417,0.000000,0.000000,0.070416,0.040834,1.276709,2179,8107299,141816,0,2,0,2,0,0,0,0,0,0,5406,0,3510,1896,0
1461,48689,20.475000,20.058019,20.037011,0.000000,0.000541,0.000000,0.000000,0.066750,0.014583,1.042792,2223,8107233,140994,0,2,0,2,0,0,0,0,0,0,5406,0,3510,1896,0
1462,48690,19.364541,18.966977,18.985682,0.000000,0.000500,0.000000,0.000000,0.074584,0.049166,1.483875,2107,8107047,137212,0,2,0,2,0,0,0,0,0,0,7208,0,4680,2528,0
1463,48691,20.406334,19.999742,19.980564,0.000000,0.000501,0.000000,0.000000,0.056625,0.029625,1.404416,2194,8107249,142365,0,2,0,2,0,0,0,0,0,0,5406,0,3510,1896,0
1464,48692,19.793125,19.382353,19.357803,0.000000,0.000292,0.000000,0.000000,0.074750,0.045750,0.695500,2167,8107255,139235,0,2,0,2,0,0,0,0,0,0,5406,0,3510,1896,0
1465,48693,19.603708,19.204510,19.173461,0.000000,0.000334,0.000000,0.000000,0.054417,0.013666,1.117500,2127,8107124,138708,0,2,0,2,0,0,0,0,0,0,7208,0,4680,2528,0
1466,48694,19.467000,19.075086,19.116296,0.000000,0.000585,0.000000,0.000000,0.066625,0.013583,1.303292,2173,8107241,141117,0,2,0,2,0,0,0,0,0,0,5406,0,3510,1896,0
1467,48695,19.233875,18.837041,18.873784,0.000000,0.000500,0.000000,0.000000,0.057208,0.013334,1.305166,2202,8107185,140070,0,2,0,2,0,0,0,0,0,0,5406,0,3510,1896,0
1468,48696,18.865917,18.480658,18.494492,0.000000,0.000376,0.000000,0.000000,0.092916,0.016042,1.250625,2094,8107116,136331,0,2,0,2,0,0,0,0,0,0,7208,0,4680,2528,0
1469,48697,21.038375,20.626495,20.629676,0.000000,0.000582,0.000000,0.000000,0.070583,0.013875,0.581875,2179,8107231,143204,0,2,0,2,0,0,0,0,0,0,5406,0,3510,1896,0
1470,48698,18.853875,18.460416,18.501993,0.000000,0.000334,0.000000,0.000000,0.061291,0.015209,0.291375,2179,8107234,139454,0,2,0,2,0,0,0,0,0,0,5406,0,3510,1896,0
1471,48699,18.185625,17.810443,17.843951,0.000000,0.000667,0.000000,0.000000,0.054916,0.012667,0.904625,2116,8107051,138058,0,2,0,2,0,0,0,0,0,0,7208,0,4680,2528,0
1472,48700,18.372375,17.986417,18.029446,0.000000,0.000376,0.000000,0.000000,0.046041,0.015209,1.237000,2158,8107233,140971,0,2,0,2,0,0,0,0,0,0,5406,0,3510,1896,0
1473,48701,19.310000,18.909405,18.946729,0.000000,0.000333,0.000000,0.000000,0.054125,0.015666,1.230292,2231,8107365,141069,0,2,0,2,0,0,0,0,0,0,5406,0,3510,1896,0
1474,48702,18.353708,17.968541,18.012868,0.000000,0.000582,0.000000,0.000000,0.067542,0.013875,0.608666,2108,8106988,137389,0,2,0,2,0,0,0,0,0,0,7208,0,4680,2528,0
1475,48703,18.496667,18.107482,18.150456,0.000000,0.000208,0.000000,0.000000,0.049416,0.010625,0.920542,2198,8107220,142193,0,2,0,2,0,0,0,0,0,0,5406,0,3510,1896,0
1476,48704,18.055750,17.670422,17.713921,0.000000,0.000208,0.000000,0.000000,0.052000,0.012041,1.243416,2159,8107262,138827,0,2,0,2,0,0,0,0,0,0,5406,0,3510,1896,0
1477,48705,18.139125,17.755936,17.799770,0.000000,0.000294,0.000000,0.000000,0.047291,0.011834,0.631959,2165,8107062,139901,0,2,0,2,0,0,0,0,0,0,7208,0,4680,2528,0
1478,48706,18.556250,18.168615,18.201048,0.000000,0.000333,0.000000,0.000000,0.056291,0.013750,0.968957,2175,8107293,141085,0,2,0,2,0,0,0,0,0,0,5406,0,3510,1896,0
1479,48707,18.534375,18.141407,18.184866,0.000000,0.000293,0.000000,0.000000,0.059541,0.013417,1.243791,2199,8107196,140314,0,2,0,2,0,0,0,0,0,0,5406,0,3510,1896,0
1480,48708,18.990500,18.609209,18.610454,0.000000,0.000251,0.000000,0.000000,0.049041,0.012000,1.244082,2125,8107069,139466,0,2,0,2,0,0,0,0,0,0,7208,0,4680,2528,0
1481,48709,19.007291,18.612951,18.646781,0.000000,0.000290,0.000000,0.000000,0.051584,0.014916,0.608959,2199,8106898,141654,0,2,0,2,0,0,0,0,0,0,7447,0,3510,3937,0
1482,48710,18.858334,18.409108,18.429708,0.000000,0.000331,0.000000,0.000000,0.088791,0.018000,0.881500,2191,8107279,139562,0,2,0,2,0,0,0,0,0,0,5406,0,3510,1896,0
1483,48711,18.579833,18.252665,18.293989,0.000000,0.000166,0.000000,0.000000,0.047167,0.011958,1.058000,2177,8107035,140443,0,2,0,2,0,0,0,0,0,0,7208,0,4680,2528,0
1484,48712,18.125917,17.721206,17.759851,0.000000,0.000250,0.000000,0.000000,0.055916,0.046959,0.747376,2119,8107240,139010,0,2,0,2,0,0,0,0,0,0,5406,0,3510,1896,0
1485,48713,20.997916,20.586239,20.489696,0.000000,0.000917,0.000000,0.000000,0.077042,0.014792,0.584000,2187,8107389,141569,0,2,0,2,0,0,0,0,0,0,5406,0,3510,1896,0
1486,48714,21.699667,21.281737,21.242869,0.000000,0.000624,0.000000,0.000000,0.075750,0.015125,0.585417,2150,8107029,139338,0,2,0,2,0,0,0,0,0,0,7208,0,4680,2528,0
1487,48715,20.644042,20.239206,19.848598,0.000000,0.000710,0.000000,0.000000,0.103791,0.022625,0.580042,2146,8107142,139836,0,2,0,2,0,0,0,0,0,0,5406,0,3510,1896,0
1488,48716,19.777750,19.394437,19.401234,0.000000,0.000793,0.000000,0.000000,0.096916,0.039834,0.291125,2087,8107349,137223,0,2,0,2,0,0,0,0,0,0,7004,0,4536,2468,0
1489,48717,20.542416,20.139778,20.139901,0.000000,0.000625,0.000000,0.000000,0.093000,0.013500,0.816375,2195,8106978,142581,0,2,0,2,0,0,0,0,0,0,5610,0,3654,1956,0
1490,48718,23.484084,21.912585,21.680610,0.000000,0.001666,0.000000,0.000000,0.093625,0.023625,0.874584,2108,8107361,139079,0,2,0,2,0,0,0,0,0,0,5406,0,3510,1896,0
1491,48719,20.746000,20.350871,20.366111,0.000000,0.000543,0.000000,0.000000,0.080583,0.040250,0.909125,2117,8106943,138378,0,2,0,2,0,0,0,0,0,0,7208,0,4680,2528,0
1492,48720,19.995958,19.605169,19.622584,0.000000,0.000624,0.000000,0.000000,0.085917,0.039375,0.457916,2156,8107335,141234,0,2,0,2,0,0,0,0,0,0,5406,0,3510,1896,0
1493,48721,21.090875,20.692412,20.278392,0.000000,0.000585,0.000000,0.000000,0.074375,0.043083,0.632458,2165,8107175,140754,0,2,0,2,0,0,0,0,0,0,5406,0,3510,1896,0
1494,48722,19.239458,18.856162,18.867993,0.000000,0.000541,0.000000,0.000000,0.083792,0.038417,0.749625,2089,8107030,136701,0,2,0,2,0,0,0,0,0,0,7208,0,4680,2528,0
1495,48723,21.847875,21.444319,20.967224,0.000000,0.000749,0.000000,0.000000,0.082459,0.039458,0.913292,2189,8107264,143271,0,2,0,2,0,0,0,0,0,0,5406,0,3510,1896,0
1496,48724,19.678250,19.287735,19.296664,0.000000,0.000542,0.000000,0.000000,0.070250,0.039459,0.648959,2117,8107259,139197,0,2,0,2,0,0,0,0,0,0,5406,0,3510,1896,0
1497,48725,19.796584,19.410633,19.388175,0.000000,0.000416,0.000000,0.000000,0.089833,0.015083,0.661458,2138,8107041,139131,0,2,0,2,0,0,0,0,0,0,7208,0,4680,2528,0
1498,48726,20.590750,20.185730,20.110779,0.000000,0.000666,0.000000,0.000000,0.066541,0.014167,0.912124,2176,8107257,141140,0,2,0,2,0,0,0,0,0,0,5406,0,3510,1896,0
1499,48727,20.036041,19.631067,19.648945,0.000000,0.000418,0.000000,0.000000,0.064334,0.015000,0.993750,2152,8107285,140189,0,2,0,2,0,0,0,0,0,0,5406,0,3510,1896,0
1500,48728,19.861625,19.456457,19.407298,0.000000,0.000374,0.000000,0.000000,0.057792,0.014667,1.268208,2109,8107084,136844,0,2,0,2,0,0,0,0,0,0,7208,0,4680,2528,0
1501,48729,20.978709,20.575629,20.535869,0.000000,0.000333,0.000000,0.000000,0.053625,0.012541,0.785374,2192,8107204,143436,0,2,0,2,0,0,0,0,0,0,5406,0,3510,1896,0
1502,48730,20.187791,19.775025,19.680661,0.000000,0.000458,0.000000,0.000000,0.092375,0.036500,0.685625,2146,8107289,139364,0,2,0,2,0,0,0,0,0,0,5406,0,3510,1896,0
1503,48731,19.782625,19.385264,19.369761,0.000000,0.000624,0.000000,0.000000,0.069084,0.012208,0.361292,2138,8107008,138362,0,2,0,2,0,0,0,0,0,0,7208,0,4680,2528,0
1504,48732,19.907292,19.511855,19.532656,0.000000,0.000418,0.000000,0.000000,0.076333,0.017000,0.675957,2166,8107317,141385,0,2,0,2,0,0,0,0,0,0,5406,0,3510,1896,0
1505,48733,19.687208,19.276701,19.302107,0.000000,0.000457,0.000000,0.000000,0.064959,0.015208,0.791541,2227,8107231,141158,0,2,0,2,0,0,0,0,0,0,5406,0,3510,1896,0
1506,48734,19.119292,18.717031,18.731390,0.000000,0.000417,0.000000,0.000000,0.073042,0.037750,1.088500,2109,8107014,137457,0,2,0,2,0,0,0,0,0,0,7208,0,4680,2528,0
1507,48735,24.476958,23.985973,23.063521,0.000000,0.000791,0.000000,0.000000,0.088250,0.015042,0.590750,2201,8107262,142154,0,2,0,2,0,0,0,0,0,0,5406,0,3510,1896,0
1508,48736,21.722875,21.287439,20.874367,0.000000,0.002208,0.000000,0.000000,0.085417,0.039042,0.973084,2130,8107258,138469,0,2,0,2,0,0,0,0,0,0,5406,0,3510,1896,0
1509,48737,24.892084,24.440384,23.967352,0.000000,0.000834,0.000000,0.000000,0.109750,0.168375,1.551875,2261,8106999,152099,0,2,0,2,0,0,0,0,0,0,7208,0,4680,2528,0
1510,48738,28.871333,28.345334,26.539403,0.000000,0.000916,0.000000,0.000000,0.087417,0.037958,0.606834,2276,8107266,148498,0,2,0,2,0,0,0,0,0,0,5406,0,3510,1896,0
1511,48739,38.924292,38.410776,24.381109,0.000000,0.001166,0.000000,0.000000,0.119458,0.024000,1.205208,2342,8107287,147222,0,2,0,2,0,0,0,0,0,0,5406,0,3510,1896,0
1512,48740,25.894125,25.392069,23.894736,0.000000,0.000501,0.000000,0.000000,0.063500,0.025000,0.614375,2251,8107101,143862,0,2,0,2,0,0,0,0,0,0,7208,0,4680,2528,0
1513,48741,21.041291,20.619731,20.627169,0.000000,0.000417,0.000000,0.000000,0.069209,0.031583,0.960750,2338,8107225,150121,0,2,0,2,0,0,0,0,0,0,5406,0,3510,1896,0
1514,48742,20.142834,19.716684,19.742283,0.000000,0.000417,0.000000,0.000000,0.054375,0.013583,0.963958,2305,8107231,145287,0,2,0,2,0,0,0,0,0,0,5406,0,3510,1896,0
1515,48743,20.136583,19.712039,19.722670,0.000000,0.000375,0.000000,0.000000,0.064250,0.024375,1.332125,2249,8106988,144157,0,2,0,2,0,0,0,0,0,0,7208,0,4680,2528,0
1516,48744,20.457083,20.040388,20.056485,0.000000,0.000458,0.000000,0.000000,0.053209,0.013583,1.257583,2272,8107253,147354,0,2,0,2,0,0,0,0,0,0,5406,0,3510,1896,0
1517,48745,20.390209,19.962838,19.997635,0.000000,0.000501,0.000000,0.000000,0.069666,0.014584,1.271750,2346,8107255,147311,0,2,0,2,0,0,0,0,0,0,5406,0,3510,1896,0
1518,48746,19.891583,19.474475,19.525869,0.000000,0.000625,0.000000,0.000000,0.064167,0.019000,1.246584,2211,8107014,142140,0,2,0,2,0,0,0,0,0,0,7208,0,4680,2528,0
1519,48747,20.608375,20.201811,20.241861,0.000000,0.000334,0.000000,0.000000,0.069708,0.038167,1.251917,2281,8107266,148670,0,2,0,2,0,0,0,0,0,0,5406,0,3510,1896,0
1520,48748,19.929417,19.502982,19.535827,0.000000,0.000457,0.000000,0.000000,0.070083,0.045000,1.239041,2273,8107310,144867,0,2,0,2,0,0,0,0,0,0,5406,0,3510,1896,0
1521,48749,21.504791,21.051501,20.814710,0.000000,0.000459,0.000000,0.000000,0.058375,0.014584,1.097708,2271,8106945,144989,0,2,0,2,0,0,0,0,0,0,7208,0,4680,2528,0
1522,48750,20.625292,20.206540,20.188473,0.000000,0.000375,0.000000,0.000000,0.057500,0.019542,0.620708,2301,8107263,147648,0,2,0,2,0,0,0,0,0,0,5406,0,3510,1896,0
1523,48751,20.391458,19.966561,19.982277,0.000000,0.000457,0.000000,0.000000,0.052917,0.014583,1.257042,2304,8107303,145769,0,2,0,2,0,0,0,0,0,0,5406,0,3510,1896,0
1524,48752,19.981792,19.570837,19.611890,0.000000,0.000500,0.000000,0.000000,0.053125,0.014792,1.215750,2221,8107100,142382,0,2,0,2,0,0,0,0,0,0,7208,0,4680,2528,0
1525,48753,20.684792,20.265220,20.281813,0.000000,0.000334,0.000000,0.000000,0.063500,0.031625,0.927333,2317,8107117,149644,0,2,0,2,0,0,0,0,0,0,5406,0,3510,1896,0
1526,48754,19.608291,19.183515,19.220130,0.000000,0.000376,0.000000,0.000000,0.050375,0.013792,0.928417,2311,8107258,145482,0,2,0,2,0,0,0,0,0,0,5406,0,3510,1896,0
1527,48755,20.476792,20.066675,20.015934,0.000000,0.000418,0.000000,0.000000,0.060958,0.013375,0.751042,2232,8107051,143236,0,2,0,2,0,0,0,0,0,0,7208,0,4680,2528,0
1528,48756,20.878333,20.466748,20.477298,0.000000,0.000625,0.000000,0.000000,0.054709,0.027958,0.931791,2280,8107221,147423,0,2,0,2,0,0,0,0,0,0,5406,0,3510,1896,0
1529,48757,20.452250,20.035932,20.064209,0.000000,0.000500,0.000000,0.000000,0.058709,0.038000,1.294333,2288,8107245,147066,0,2,0,2,0,0,0,0,0,0,5406,0,3510,1896,0
1530,48758,20.064625,19.648829,19.533778,0.000000,0.000416,0.000000,0.000000,0.062167,0.013833,1.151500,2229,8107003,144506,0,2,0,2,0,0,0,0,0,0,7374,0,4680,2694,0
1531,48759,22.239334,21.792564,21.783498,0.000000,0.000376,0.000000,0.000000,0.063500,0.019958,0.908292,2340,8107241,152596,0,2,0,2,0,0,0,0,0,0,5406,0,3510,1896,0
1532,48760,20.196583,19.784215,19.806000,0.000000,0.000374,0.000000,0.000000,0.049167,0.013375,1.266208,2214,8107283,143946,0,2,0,2,0,0,0,0,0,0,5406,0,3510,1896,0
1533,48761,20.444375,20.017374,19.998834,0.000000,0.000376,0.000000,0.000000,0.057417,0.017458,1.280667,2287,8107004,145856,0,2,0,2,0,0,0,0,0,0,7208,0,4680,2528,0
1534,48762,19.939750,19.529819,19.569229,0.000000,0.000500,0.000000,0.000000,0.062333,0.015875,0.633958,2215,8107276,143083,0,2,0,2,0,0,0,0,0,0,5406,0,3510,1896,0
1535,48763,19.918917,19.512784,19.550065,0.000000,0.000417,0.000000,0.000000,0.052875,0.030291,1.310916,2250,8107248,144299,0,2,0,2,0,0,0,0,0,0,5406,0,3510,1896,0
1536,48764,19.972666,19.558663,19.574329,0.000000,0.000458,0.000000,0.000000,0.061042,0.013458,0.939250,2214,8107042,143107,0,2,0,2,0,0,0,0,0,0,7208,0,4680,2528,0
1537,48765,20.272750,19.849080,19.817361,0.000000,0.000502,0.000000,0.000000,0.064334,0.015250,1.330375,2268,8107258,145282,0,2,0,2,0,0,0,0,0,0,5406,0,3510,1896,0
1538,48766,20.572000,20.151434,20.110348,0.000000,0.000376,0.000000,0.000000,0.056709,0.041375,0.620999,2219,8107263,143375,0,2,0,2,0,0,0,0,0,0,5406,0,3510,1896,0
1539,48767,20.431834,20.016695,20.012024,0.000000,0.000376,0.000000,0.000000,0.062500,0.014083,0.836917,2255,8107036,144066,0,2,0,2,0,0,0,0,0,0,7208,0,4680,2528,0
1540,48768,19.830958,19.419899,19.418736,0.000000,0.000375,0.000000,0.000000,0.441958,0.013500,0.936041,2211,8107263,142825,0,2,0,2,0,0,0,0,0,0,5406,0,3510,1896,0
1541,48769,20.312417,19.899170,19.824537,0.000000,0.000583,0.000000,0.000000,0.055083,0.019417,1.318749,2231,8107285,143391,0,2,0,2,0,0,0,0,0,0,7004,0,4536,2468,0
1542,48770,19.939541,19.517953,19.543687,0.000000,0.000292,0.000000,0.000000,0.057500,0.014167,1.241041,2260,8107023,144720,0,2,0,2,0,0,0,0,0,0,5610,0,3654,1956,0
1543,48771,19.909709,19.508852,19.534057,0.000000,0.000542,0.000000,0.000000,0.063125,0.037500,0.605000,2230,8107261,143813,0,2,0,2,0,0,0,0,0,0,5406,0,3510,1896,0
1544,48772,19.699208,19.296433,19.313655,0.000000,0.000333,0.000000,0.000000,0.055208,0.014417,0.923917,2187,8107064,140483,0,2,0,2,0,0,0,0,0,0,7208,0,4680,2528,0
1545,48773,20.536500,20.128478,20.164914,0.000000,0.000668,0.000000,0.000000,0.056750,0.023542,0.835000,2294,8107244,147539,0,2,0,2,0,0,0,0,0,0,5406,0,3510,1896,0
1546,48774,20.157917,19.742504,19.775229,0.000000,0.000374,0.000000,0.000000,0.055750,0.013791,1.260125,2205,8107283,143062,0,2,0,2,0,0,0,0,0,0,5406,0,3510,1896,0
1547,48775,19.686625,19.287209,19.321761,0.000000,0.000541,0.000000,0.000000,0.065333,0.019875,1.223791,2186,8107128,141843,0,2,0,2,0,0,0,0,0,0,7208,0,4680,2528,0
1548,48776,20.300083,19.889568,19.916882,0.000000,0.000417,0.000000,0.000000,0.055167,0.013166,1.262166,2262,8107147,145228,0,2,0,2,0,0,0,0,0,0,5406,0,3510,1896,0
1549,48777,20.134458,19.711530,19.744270,0.000000,0.000458,0.000000,0.000000,0.060209,0.017791,1.257333,2288,8107293,145087,0,2,0,2,0,0,0,0,0,0,5406,0,3510,1896,0
1550,48778,19.614125,19.213288,19.244693,0.000000,0.000418,0.000000,0.000000,0.064500,0.016209,1.260625,2197,8107001,141741,0,2,0,2,0,0,0,0,0,0,7208,0,4680,2528,0
1551,48779,20.124834,19.712887,19.746036,0.000000,0.000416,0.000000,0.000000,0.054625,0.045666,0.611875,2280,8107260,146018,0,2,0,2,0,0,0,0,0,0,5406,0,3510,1896,0
1552,48780,19.903500,19.492516,19.461230,0.000000,0.000292,0.000000,0.000000,0.065500,0.014166,1.243042,2262,8107273,143601,0,2,0,2,0,0,0,0,0,0,5406,0,3510,1896,0
1553,48781,19.815125,19.403894,19.445298,0.000000,0.000582,0.000000,0.000000,0.057291,0.014459,0.936000,2233,8107038,143269,0,2,0,2,0,0,0,0,0,0,7208,0,4680,2528,0
1554,48782,20.241583,19.811959,19.841789,0.000000,0.000499,0.000000,0.000000,0.070083,0.016750,0.969876,2272,8107254,145311,0,2,0,2,0,0,0,0,0,0,5406,0,3510,1896,0
1555,48783,20.428500,19.999799,19.942037,0.000000,0.000416,0.000000,0.000000,0.062500,0.014625,1.261958,2285,8107308,144208,0,2,0,2,0,0,0,0,0,0,5406,0,3510,1896,0
1556,48784,19.281167,18.883006,18.920584,0.000000,0.000292,0.000000,0.000000,0.048375,0.012166,1.331208,2195,8106993,140827,0,2,0,2,0,0,0,0,0,0,7208,0,4680,2528,0
1557,48785,20.086000,19.674553,19.705582,0.000000,0.000415,0.000000,0.000000,0.052458,0.013417,1.311000,2278,8107259,147561,0,2,0,2,0,0,0,0,0,0,5406,0,3510,1896,0
1558,48786,19.640541,19.223468,19.255199,0.000000,0.000335,0.000000,0.000000,0.052667,0.016250,1.290042,2257,8107278,143150,0,2,0,2,0,0,0,0,0,0,5406,0,3510,1896,0
1559,48787,19.736792,19.340352,19.367964,0.000000,0.000624,0.000000,0.000000,0.070083,0.014459,0.664666,2215,8107027,142268,0,2,0,2,0,0,0,0,0,0,7208,0,4680,2528,0
1560,48788,20.018125,19.609064,19.626752,0.000000,0.000374,0.000000,0.000000,0.059042,0.013541,0.955791,2258,8107398,145292,0,2,0,2,0,0,0,0,0,0,5406,0,3510,1896,0
1561,48789,20.470792,20.047490,20.077953,0.000000,0.000542,0.000000,0.000000,0.080750,0.033833,0.954875,2305,8107119,144791,0,2,0,2,0,0,0,0,0,0,5406,0,3510,1896,0
1562,48790,20.647833,20.229471,20.176040,0.000000,0.000374,0.000000,0.000000,0.162042,0.021083,1.317126,2194,8107171,141089,0,2,0,2,0,0,0,0,0,0,7208,0,4680,2528,0
1563,48791,22.063208,21.639501,21.598093,0.000000,0.000624,0.000000,0.000000,0.100042,0.014542,0.973584,2267,8107133,145893,0,2,0,2,0,0,0,0,0,0,5406,0,3510,1896,0
1564,48792,21.167542,20.744390,20.780794,0.000000,0.000583,0.000000,0.000000,0.072583,0.025167,1.281750,2256,8107263,143004,0,2,0,2,0,0,0,0,0,0,5406,0,3510,1896,0
1565,48793,21.265417,20.846707,20.798818,0.000000,0.000541,0.000000,0.000000,0.064333,0.016042,0.641875,2218,8107037,143123,0,2,0,2,0,0,0,0,0,0,7208,0,4680,2528,0
1566,48794,20.116833,19.699652,19.730041,0.000000,0.000335,0.000000,0.000000,0.058958,0.023000,1.258291,2264,8107255,145183,0,2,0,2,0,0,0,0,0,0,5406,0,3510,1896,0
1567,48795,20.426333,19.999635,20.033889,0.000000,0.000541,0.000000,0.000000,0.068959,0.015333,1.287166,2270,8107260,143585,0,2,0,2,0,0,0,0,0,0,5406,0,3510,1896,0
1568,48796,20.315834,19.897995,19.892696,0.000000,0.000666,0.000000,0.000000,0.071000,0.031875,1.329917,2172,8107069,140231,0,2,0,2,0,0,0,0,0,0,7208,0,4680,2528,0
1569,48797,21.154541,20.733997,20.724164,0.000000,0.000458,0.000000,0.000000,0.057125,0.025500,1.333749,2276,8107269,147275,0,2,0,2,0,0,0,0,0,0,5406,0,3510,1896,0
1570,48798,20.397625,19.983626,19.982103,0.000000,0.000459,0.000000,0.000000,0.071834,0.014666,1.293333,2265,8107266,143166,0,2,0,2,0,0,0,0,0,0,5406,0,3510,1896,0
1571,48799,19.756417,19.343240,19.370077,0.000000,0.000417,0.000000,0.000000,0.073208,0.020875,1.298125,2208,8107011,142110,0,2,0,2,0,0,0,0,0,0,7208,0,4680,2528,0
1572,48800,20.246083,19.830621,19.801814,0.000000,0.000374,0.000000,0.000000,0.054417,0.014208,1.260291,2261,8107288,145022,0,2,0,2,0,0,0,0,0,0,5406,0,3510,1896,0
1573,48801,20.078125,19.657671,19.678095,0.000000,0.000250,0.000000,0.000000,0.060250,0.015292,0.612833,2301,8107243,144729,0,2,0,2,0,0,0,0,0,0,5406,0,3510,1896,0
1574,48802,19.694459,19.286639,19.320218,0.000000,0.000375,0.000000,0.000000,0.066500,0.014708,0.906709,2180,8106998,141001,0,2,0,2,0,0,0,0,0,0,7208,0,4680,2528,0
1575,48803,20.198916,19.783445,19.813651,0.000000,0.000333,0.000000,0.000000,0.057000,0.022000,1.286291,2282,8107245,146474,0,2,0,2,0,0,0,0,0,0,5406,0,3510,1896,0
1576,48804,20.402375,19.973104,19.951194,0.000000,0.000500,0.000000,0.000000,0.056875,0.017709,1.269250,2261,8107264,142998,0,2,0,2,0,0,0,0,0,0,5406,0,3510,1896,0
1577,48805,20.584500,20.174984,20.152947,0.000000,0.000457,0.000000,0.000000,0.080917,0.050083,0.992251,2231,8107013,143194,0,2,0,2,0,0,0,0,0,0,7208,0,4680,2528,0
1578,48806,20.485500,20.049852,20.052762,0.000000,0.000291,0.000000,0.000000,0.069042,0.014958,1.296084,2268,8107294,144979,0,2,0,2,0,0,0,0,0,0,5406,0,3510,1896,0
1579,48807,20.108542,19.692742,19.727007,0.000000,0.000418,0.000000,0.000000,0.059667,0.022166,1.298542,2276,8107230,143754,0,2,0,2,0,0,0,0,0,0,5406,0,3510,1896,0
1580,48808,19.562458,19.158124,19.182217,0.000000,0.000416,0.000000,0.000000,0.053000,0.025709,1.355000,2176,8107006,140369,0,2,0,2,0,0,0,0,0,0,7208,0,4680,2528,0
1581,48809,20.333917,19.911213,19.953591,0.000000,0.000374,0.000000,0.000000,0.074250,0.017333,1.136832,2270,8107249,147144,0,2,0,2,0,0,0,0,0,0,5406,0,3510,1896,0
1582,48810,21.157292,20.734117,20.676731,0.000000,0.003708,0.000000,0.000000,0.097958,0.020667,0.616917,2265,8107264,143244,0,2,0,2,0,0,0,0,0,0,5406,0,3510,1896,0
1583,48811,21.970166,21.549600,21.591430,0.000000,0.000916,0.000000,0.000000,0.093750,0.017875,1.313375,2219,8107032,142367,0,2,0,2,0,0,0,0,0,0,7208,0,4680,2528,0
1584,48812,22.140459,21.719935,21.730839,0.000000,0.000916,0.000000,0.000000,0.077916,0.016625,0.970334,2227,8107334,144337,0,2,0,2,0,0,0,0,0,0,5406,0,3510,1896,0
1585,48813,22.241875,21.817868,21.820733,0.000000,0.000916,0.000000,0.000000,0.080375,0.015125,1.236333,2272,8107200,145040,0,2,0,2,0,0,0,0,0,0,5406,0,3510,1896,0
1586,48814,20.008250,19.583700,19.615229,0.000000,0.000376,0.000000,0.000000,0.056375,0.018000,1.244541,2216,8107081,142938,0,2,0,2,0,0,0,0,0,0,7208,0,4680,2528,0
1587,48815,19.902041,19.496635,19.535541,0.000000,0.000291,0.000000,0.000000,0.052334,0.013708,0.610125,2243,8107208,144222,0,2,0,2,0,0,0,0,0,0,5406,0,3510,1896,0
1588,48816,20.062584,19.642847,19.673596,0.000000,0.000417,0.000000,0.000000,0.070166,0.018834,0.945792,2235,8106917,143462,0,2,0,2,0,0,0,0,0,0,7447,0,3510,3937,0
1589,48817,20.587666,20.150871,20.208753,0.000000,0.000708,0.000000,0.000000,0.061584,0.014625,0.971916,2254,8107048,144671,0,2,0,2,0,0,0,0,0,0,7208,0,4680,2528,0
1590,48818,19.724292,19.317789,19.336835,0.000000,0.000457,0.000000,0.000000,0.057042,0.013500,0.952333,2231,8107299,143166,0,2,0,2,0,0,0,0,0,0,5406,0,3510,1896,0
1591,48819,19.828875,19.414797,19.443470,0.000000,0.000418,0.000000,0.000000,0.057000,0.053625,0.950666,2236,8107216,143573,0,2,0,2,0,0,0,0,0,0,5406,0,3510,1896,0
1592,48820,19.713167,19.305472,19.315833,0.000000,0.000417,0.000000,0.000000,0.055625,0.016375,1.290958,2205,8107044,142512,0,2,0,2,0,0,0,0,0,0,7208,0,4680,2528,0
1593,48821,21.138250,20.718940,20.743406,0.000000,0.000624,0.000000,0.000000,0.082416,0.019459,1.029959,2237,8107274,144172,0,2,0,2,0,0,0,0,0,0,5406,0,3510,1896,0
1594,48822,20.612375,20.193546,20.212344,0.000000,0.000459,0.000000,0.000000,0.076833,0.036208,1.309999,2193,8107119,141458,0,2,0,2,0,0,0,0,0,0,7064,0,4596,2468,0
1595,48823,21.369291,20.951373,20.919964,0.000000,0.000667,0.000000,0.000000,0.072917,0.039625,1.285249,2264,8107226,145405,0,2,0,2,0,0,0,0,0,0,5550,0,3594,1956,0
1596,48824,21.858084,21.405139,21.197538,0.000000,0.000375,0.000000,0.000000,0.058125,0.015791,0.951000,2202,8107200,142579,0,2,0,2,0,0,0,0,0,0,5406,0,3510,1896,0
1597,48825,20.089958,19.666313,19.695920,0.000000,0.000292,0.000000,0.000000,0.058208,0.024292,1.257416,2223,8107045,142654,0,2,0,2,0,0,0,0,0,0,7208,0,4680,2528,0
1598,48826,20.059250,19.631300,19.666120,0.000000,0.000376,0.000000,0.000000,0.053708,0.018125,1.301250,2265,8107258,144844,0,2,0,2,0,0,0,0,0,0,5406,0,3510,1896,0
1599,48827,19.932667,19.532041,19.561833,0.000000,0.000459,0.000000,0.000000,0.052541,0.015625,0.651875,2214,8107272,143398,0,2,0,2,0,0,0,0,0,0,5406,0,3510,1896,0
1600,48828,19.314250,18.918688,18.950086,0.000000,0.000416,0.000000,0.000000,0.047708,0.012875,0.923124,2185,8107083,140983,0,2,0,2,0,0,0,0,0,0,7208,0,4680,2528,0
1601,48829,20.380125,19.961846,19.977264,0.000000,0.000375,0.000000,0.000000,0.069916,0.018459,1.252000,2287,8107208,147210,0,2,0,2,0,0,0,0,0,0,5406,0,3510,1896,0
1602,48830,20.125333,19.718006,19.749195,0.000000,0.000541,0.000000,0.000000,0.064708,0.038000,1.273167,2234,8107262,143394,0,2,0,2,0,0,0,0,0,0,5406,0,3510,1896,0
1603,48831,19.963500,19.555428,19.518397,0.000000,0.000458,0.000000,0.000000,0.078250,0.013917,0.946499,2199,8107087,142047,0,2,0,2,0,0,0,0,0,0,7208,0,4680,2528,0
1604,48832,20.767417,20.338289,20.270191,0.000000,0.000419,0.000000,0.000000,0.059166,0.021667,1.255959,2237,8107214,144672,0,2,0,2,0,0,0,0,0,0,5406,0,3510,1896,0
1605,48833,20.030541,19.618105,19.641386,0.000000,0.000459,0.000000,0.000000,0.058375,0.013584,1.222375,2321,8107270,145201,0,2,0,2,0,0,0,0,0,0,5406,0,3510,1896,0
1606,48834,19.404584,19.008011,19.036101,0.000000,0.000292,0.000000,0.000000,0.059208,0.013333,0.815875,2184,8107036,141238,0,2,0,2,0,0,0,0,0,0,7208,0,4680,2528,0
1607,48835,20.790500,20.352438,20.366565,0.000000,0.000375,0.000000,0.000000,0.055625,0.053958,0.959834,2296,8107281,146392,0,2,0,2,0,0,0,0,0,0,5406,0,3510,1896,0
1608,48836,19.629458,19.218193,19.230427,0.000000,0.000625,0.000000,0.000000,0.054250,0.013000,0.654416,2243,8107236,142889,0,2,0,2,0,0,0,0,0,0,5406,0,3510,1896,0
1609,48837,19.940125,19.537056,19.569169,0.000000,0.000418,0.000000,0.000000,0.063042,0.014166,0.937708,2225,8107131,143069,0,2,0,2,0,0,0,0,0,0,7208,0,4680,2528,0
1610,48838,20.006125,19.593110,19.623789,0.000000,0.000583,0.000000,0.000000,0.052750,0.018542,1.254083,2277,8107166,145214,0,2,0,2,0,0,0,0,0,0,5406,0,3510,1896,0
1611,48839,19.787333,19.373998,19.414597,0.000000,0.000416,0.000000,0.000000,0.056292,0.014625,1.299625,2282,8107308,143565,0,2,0,2,0,0,0,0,0,0,5406,0,3510,1896,0
1612,48840,19.532334,19.130247,19.155451,0.000000,0.000458,0.000000,0.000000,0.060708,0.019000,1.232333,2178,8107016,140380,0,2,0,2,0,0,0,0,0,0,7208,0,4680,2528,0
1613,48841,20.572166,20.162166,20.042315,0.000000,0.000374,0.000000,0.000000,0.063417,0.013208,1.301124,2276,8107273,147358,0,2,0,2,0,0,0,0,0,0,5406,0,3510,1896,0
1614,48842,20.904334,20.467803,20.461453,0.000000,0.000416,0.000000,0.000000,0.062958,0.017917,1.365375,2285,8107227,143494,0,2,0,2,0,0,0,0,0,0,5406,0,3510,1896,0
1615,48843,20.301416,19.899299,19.908937,0.000000,0.000458,0.000000,0.000000,0.068250,0.016667,1.284458,2198,8107048,141957,0,2,0,2,0,0,0,0,0,0,7208,0,4680,2528,0
1616,48844,20.197750,19.788577,19.823156,0.000000,0.000292,0.000000,0.000000,0.060042,0.014083,0.626417,2248,8107427,144961,0,2,0,2,0,0,0,0,0,0,5406,0,3510,1896,0
1617,48845,20.008334,19.580111,19.632162,0.000000,0.000459,0.000000,0.000000,0.063708,0.015750,1.252666,2317,8107127,145083,0,2,0,2,0,0,0,0,0,0,5406,0,3510,1896,0
1618,48846,19.410000,19.012137,19.038989,0.000000,0.000292,0.000000,0.000000,0.062833,0.012708,0.948500,2188,8107049,140984,0,2,0,2,0,0,0,0,0,0,7208,0,4680,2528,0
1619,48847,20.752625,20.323151,20.337108,0.000000,0.000583,0.000000,0.000000,0.062958,0.015125,0.697208,2274,8107214,146172,0,2,0,2,0,0,0,0,0,0,5406,0,3510,1896,0
1620,48848,19.958375,19.542873,19.540553,0.000000,0.000374,0.000000,0.000000,0.059666,0.017375,1.065375,2243,8107277,143173,0,2,0,2,0,0,0,0,0,0,5406,0,3510,1896,0
1621,48849,19.911208,19.512415,19.555100,0.000000,0.000542,0.000000,0.000000,0.060833,0.019000,1.245042,2234,8107196,143485,0,2,0,2,0,0,0,0,0,0,7208,0,4680,2528,0
1622,48850,20.071792,19.656164,19.688598,0.000000,0.000250,0.000000,0.000000,0.060000,0.017166,1.266584,2270,8107207,145358,0,2,0,2,0,0,0,0,0,0,5406,0,3510,1896,0
1623,48851,19.998916,19.582451,19.626697,0.000000,0.000458,0.000000,0.000000,0.095625,0.013292,1.278125,2288,8107144,143960,0,2,0,2,0,0,0,0,0,0,5406,0,3510,1896,0
1624,48852,19.654834,19.248504,19.254051,0.000000,0.000459,0.000000,0.000000,0.056416,0.084042,0.608792,2202,8107267,140776,0,2,0,2,0,0,0,0,0,0,7208,0,4680,2528,0
1625,48853,20.760875,20.337573,20.332622,0.000000,0.000376,0.000000,0.000000,0.058750,0.014041,1.129209,2294,8107098,147999,0,2,0,2,0,0,0,0,0,0,5406,0,3510,1896,0
1626,48854,20.733458,20.299974,20.289955,0.000000,0.000334,0.000000,0.000000,0.067917,0.015208,0.690625,2275,8107202,143324,0,2,0,2,0,0,0,0,0,0,5406,0,3510,1896,0
1627,48855,20.182583,19.778811,19.788221,0.000000,0.000292,0.000000,0.000000,0.056792,0.014083,0.926792,2226,8107075,142590,0,2,0,2,0,0,0,0,0,0,7208,0,4680,2528,0
1628,48856,20.191250,19.779525,19.808792,0.000000,0.000415,0.000000,0.000000,0.069292,0.017042,1.254500,2236,8107316,144718,0,2,0,2,0,0,0,0,0,0,5406,0,3510,1896,0
1629,48857,20.184042,19.770703,19.809157,0.000000,0.000459,0.000000,0.000000,0.064208,0.017959,1.333917,2296,8107134,144941,0,2,0,2,0,0,0,0,0,0,5406,0,3510,1896,0
1630,48858,19.861667,19.442661,19.479459,0.000000,0.000334,0.000000,0.000000,0.049875,0.017458,1.106875,2199,8107045,141384,0,2,0,2,0,0,0,0,0,0,7208,0,4680,2528,0
1631,48859,20.351916,19.937524,19.975393,0.000000,0.000375,0.000000,0.000000,0.064292,0.016292,0.997834,2272,8107209,145593,0,2,0,2,0,0,0,0,0,0,5406,0,3510,1896,0
1632,48860,20.093417,19.649295,19.696411,0.000000,0.000291,0.000000,0.000000,0.052000,0.014500,0.873291,2244,8107275,142833,0,2,0,2,0,0,0,0,0,0,5406,0,3510,1896,0
1633,48861,20.325458,19.926423,19.872085,0.000000,0.000418,0.000000,0.000000,0.062250,0.048542,0.756708,2230,8107028,143056,0,2,0,2,0,0,0,0,0,0,7208,0,4680,2528,0
1634,48862,20.332667,19.897946,19.864283,0.000000,0.000250,0.000000,0.000000,0.055625,0.014375,0.835083,2248,8107288,144736,0,2,0,2,0,0,0,0,0,0,5406,0,3510,1896,0
1635,48863,20.420750,19.996275,20.006945,0.000000,0.000333,0.000000,0.000000,0.058083,0.019125,0.476917,2298,8107197,143978,0,2,0,2,0,0,0,0,0,0,5406,0,3510,1896,0
1636,48864,19.249333,18.857300,18.886409,0.000000,0.000543,0.000000,0.000000,0.057042,0.032292,0.984499,2167,8107039,140672,0,2,0,2,0,0,0,0,0,0,7208,0,4680,2528,0
1637,48865,19.980167,19.565679,19.579663,0.000000,0.000499,0.000000,0.000000,0.056750,0.045583,0.944001,2288,8107270,147080,0,2,0,2,0,0,0,0,0,0,5406,0,3510,1896,0
1638,48866,19.659667,19.248299,19.255865,0.000000,0.000209,0.000000,0.000000,0.061750,0.021958,1.224208,2259,8107257,143168,0,2,0,2,0,0,0,0,0,0,5406,0,3510,1896,0
1639,48867,19.645625,19.226257,19.264460,0.000000,0.000417,0.000000,0.000000,0.055375,0.013916,1.223417,2248,8107061,143967,0,2,0,2,0,0,0,0,0,0,7208,0,4680,2528,0
1640,48868,19.543541,19.141051,19.180445,0.000000,0.000334,0.000000,0.000000,0.056292,0.044583,1.227709,2218,8107272,143531,0,2,0,2,0,0,0,0,0,0,5406,0,3510,1896,0
1641,48869,19.759084,19.348385,19.351801,0.000000,0.000667,0.000000,0.000000,0.053083,0.013458,0.655875,2261,8107229,144774,0,2,0,2,0,0,0,0,0,0,5406,0,3510,1896,0
1642,48870,19.478791,19.077808,19.116136,0.000000,0.000375,0.000000,0.000000,0.063792,0.020167,1.211959,2215,8107108,143128,0,2,0,2,0,0,0,0,0,0,7208,0,4680,2528,0
1643,48871,19.611792,19.207842,19.228220,0.000000,0.000459,0.000000,0.000000,0.053625,0.012667,0.953626,2225,8107299,143689,0,2,0,2,0,0,0,0,0,0,5406,0,3510,1896,0
1644,48872,20.568125,20.159341,20.204641,0.000000,0.000417,0.000000,0.000000,0.068042,0.013750,0.601083,2204,8107322,143007,0,2,0,2,0,0,0,0,0,0,5553,0,3510,2043,0
1645,48873,20.061125,19.647984,19.683557,0.000000,0.000334,0.000000,0.000000,0.050083,0.013959,0.901917,2284,8106920,145235,0,2,0,2,0,0,0,0,0,0,7061,0,4680,2381,0
1646,48874,18.865583,18.470983,18.499140,0.000000,0.000250,0.000000,0.000000,0.057875,0.015667,1.240542,2219,8107249,142772,0,2,0,2,0,0,0,0,0,0,5406,0,3510,1896,0
1647,48875,18.628792,18.232719,18.272746,0.000000,0.000208,0.000000,0.000000,0.045042,0.012125,0.622875,2205,8107278,142109,0,2,0,2,0,0,0,0,0,0,7124,0,4596,2528,0
1648,48876,18.706542,18.310217,18.354700,0.000000,0.000208,0.000000,0.000000,0.044250,0.015041,1.113292,2231,8106987,144172,0,2,0,2,0,0,0,0,0,0,5490,0,3594,1896,0
1649,48877,18.927541,18.511126,18.557686,0.000000,0.000250,0.000000,0.000000,0.056542,0.012250,1.222834,2250,8107346,144930,0,2,0,2,0,0,0,0,0,0,5406,0,3510,1896,0
1650,48878,18.227250,17.838197,17.866037,0.000000,0.000333,0.000000,0.000000,0.041042,0.023542,1.215167,2184,8106884,143089,0,2,0,2,0,0,0,0,0,0,7367,0,4680,2687,0
1651,48879,20.150459,19.744915,19.788134,0.000000,0.000708,0.000000,0.000000,0.058000,0.016458,1.233292,2261,8107262,153593,0,2,0,2,0,0,0,0,0,0,5406,0,3510,1896,0
1652,48880,18.548166,18.151359,18.196087,0.000000,0.000250,0.000000,0.000000,0.045875,0.016292,0.608458,2196,8107264,144051,0,2,0,2,0,0,0,0,0,0,5406,0,3510,1896,0
1653,48881,18.883709,18.488727,18.530602,0.000000,0.000250,0.000000,0.000000,0.046083,0.012833,0.903083,2241,8107033,144951,0,2,0,2,0,0,0,0,0,0,7208,0,4680,2528,0
1654,48882,19.401166,18.995975,19.035869,0.000000,0.000459,0.000000,0.000000,0.057167,0.038333,1.241584,2260,8107256,146592,0,2,0,2,0,0,0,0,0,0,5406,0,3510,1896,0
1655,48883,19.301875,18.878224,18.876689,0.000000,0.000290,0.000000,0.000000,0.051042,0.013208,1.220625,2289,8107317,145900,0,2,0,2,0,0,0,0,0,0,5406,0,3510,1896,0
1656,48884,18.617917,18.228631,18.272692,0.000000,0.000331,0.000000,0.000000,0.044792,0.012416,0.618542,2190,8107001,141399,0,2,0,2,0,0,0,0,0,0,7208,0,4680,2528,0
1657,48885,19.164833,18.758837,18.805115,0.000000,0.000334,0.000000,0.000000,0.047584,0.021083,1.151416,2285,8107280,148978,0,2,0,2,0,0,0,0,0,0,5406,0,3510,1896,0
1658,48886,17.961834,17.565469,17.606476,0.000000,0.000375,0.000000,0.000000,0.041833,0.015083,0.900375,2215,8107193,142263,0,2,0,2,0,0,0,0,0,0,5535,0,3510,2025,0
1659,48887,19.027208,18.631195,18.675047,0.000000,0.000375,0.000000,0.000000,0.060917,0.011500,1.229708,2159,8107003,146067,0,2,0,2,0,0,0,0,0,0,7208,0,4680,2528,0
1660,48888,17.809292,17.432049,17.471631,0.000000,0.000334,0.000000,0.000000,0.045125,0.009916,0.612916,2146,8107219,142876,0,2,0,2,0,0,0,0,0,0,5540,0,3510,2030,0
1661,48889,19.436791,19.036808,19.081490,0.000000,0.000334,0.000000,0.000000,0.065250,0.013375,0.911874,2243,8107232,147638,0,2,0,2,0,0,0,0,0,0,5406,0,3510,1896,0
1662,48890,18.353042,17.983496,18.006438,0.000000,0.000250,0.000000,0.000000,0.048458,0.012625,1.213084,2095,8107049,136431,0,2,0,2,0,0,0,0,0,0,7208,0,4680,2528,0
1663,48891,18.364750,17.978006,18.019446,0.000000,0.000292,0.000000,0.000000,0.042833,0.011959,1.219583,2187,8107253,140614,0,2,0,2,0,0,0,0,0,0,5406,0,3510,1896,0
1664,48892,18.101167,17.714011,17.757372,0.000000,0.000207,0.000000,0.000000,0.046458,0.011833,0.622833,2171,8107276,138421,0,2,0,2,0,0,0,0,0,0,5406,0,3510,1896,0
1665,48893,18.224416,17.853363,17.894874,0.000000,0.000335,0.000000,0.000000,0.045959,0.012625,1.204916,2088,8107122,135920,0,2,0,2,0,0,0,0,0,0,7208,0,4680,2528,0
1666,48894,17.893875,17.521847,17.563223,0.000000,0.000208,0.000000,0.000000,0.042792,0.012292,1.234084,2093,8107184,136653,0,2,0,2,0,0,0,0,0,0,5406,0,3510,1896,0
1667,48895,18.371167,17.981158,18.025076,0.000000,0.000499,0.000000,0.000000,0.044042,0.012583,0.608291,2187,8107268,138657,0,2,0,2,0,0,0,0,0,0,5406,0,3510,1896,0
1668,48896,17.701833,17.334821,17.375549,0.000000,0.000293,0.000000,0.000000,0.046667,0.011250,1.178958,2049,8107009,134126,0,2,0,2,0,0,0,0,0,0,7208,0,4680,2528,0
1669,48897,18.465167,18.080286,18.123651,0.000000,0.000626,0.000000,0.000000,0.046958,0.010667,0.894292,2196,8107253,141617,0,2,0,2,0,0,0,0,0,0,5406,0,3510,1896,0
1670,48898,18.106292,17.718522,17.758450,0.000000,0.000250,0.000000,0.000000,0.045708,0.011667,1.219584,2167,8107323,138289,0,2,0,2,0,0,0,0,0,0,5406,0,3510,1896,0
1671,48899,17.865333,17.495605,17.529446,0.000000,0.000751,0.000000,0.000000,0.052750,0.031333,0.606875,2094,8107074,138647,0,2,0,2,0,0,0,0,0,0,7367,0,4680,2687,0
1672,48900,19.630042,19.246298,19.289625,0.000000,0.000584,0.000000,0.000000,0.050958,0.013042,1.219084,2161,8107117,147935,0,2,0,2,0,0,0,0,0,0,5406,0,3510,1896,0
1673,48901,18.777000,18.381745,18.397178,0.000000,0.000375,0.000000,0.000000,0.071916,0.015959,0.793708,2201,8107249,140758,0,2,0,2,0,0,0,0,0,0,5406,0,3510,1896,0
1674,48902,18.785625,18.397225,18.435497,0.000000,0.000334,0.000000,0.000000,0.065625,0.017208,1.227917,2101,8107025,135531,0,2,0,2,0,0,0,0,0,0,7208,0,4680,2528,0
1675,48903,19.955750,19.545253,19.571684,0.000000,0.000375,0.000000,0.000000,0.054166,0.043459,0.632417,2187,8107263,144089,0,2,0,2,0,0,0,0,0,0,5406,0,3510,1896,0
1676,48904,19.008458,18.609275,18.612190,0.000000,0.000332,0.000000,0.000000,0.058542,0.012916,1.178791,2131,8107257,137232,0,2,0,2,0,0,0,0,0,0,5406,0,3510,1896,0
1677,48905,19.153083,18.772008,18.800870,0.000000,0.000334,0.000000,0.000000,0.074875,0.016292,0.937333,2088,8107056,136257,0,2,0,2,0,0,0,0,0,0,7208,0,4680,2528,0
1678,48906,19.521334,19.130320,19.017733,0.000000,0.000541,0.000000,0.000000,0.058333,0.014250,0.650042,2063,8107289,136265,0,2,0,2,0,0,0,0,0,0,5628,0,3510,2118,0
1679,48907,21.538041,21.129312,21.155266,0.000000,0.000416,0.000000,0.000000,0.064667,0.023333,1.103667,2219,8107181,153454,0,2,0,2,0,0,0,0,0,0,5406,0,3510,1896,0
1680,48908,19.297334,18.903424,18.915185,0.000000,0.000332,0.000000,0.000000,0.050208,0.013500,0.963874,2166,8106929,141249,0,2,0,2,0,0,0,0,0,0,7388,0,4680,2708,0
1681,48909,21.049000,20.624512,20.617583,0.000000,0.000374,0.000000,0.000000,0.056708,0.020542,1.278708,2227,8107264,150340,0,2,0,2,0,0,0,0,0,0,5406,0,3510,1896,0
1682,48910,19.872583,19.460481,19.450635,0.000000,0.000333,0.000000,0.000000,0.055292,0.017291,0.950417,2226,8107300,141097,0,2,0,2,0,0,0,0,0,0,5406,0,3510,1896,0
1683,48911,19.516333,19.123466,18.925853,0.000000,0.000333,0.000000,0.000000,0.056292,0.013833,0.314375,2175,8106890,140886,0,2,0,2,0,0,0,0,0,0,7344,0,4680,2664,0
1684,48912,21.314834,20.881701,20.918584,0.000000,0.000583,0.000000,0.000000,0.070291,0.025375,0.777417,2215,8107254,148921,0,2,0,2,0,0,0,0,0,0,5406,0,3510,1896,0
1685,48913,21.081291,20.657830,20.625706,0.000000,0.000375,0.000000,0.000000,0.065834,0.045208,0.583041,2311,8107263,144295,0,2,0,2,0,0,0,0,0,0,5406,0,3510,1896,0
1686,48914,20.455167,20.045426,20.001995,0.000000,0.000417,0.000000,0.000000,0.057333,0.031500,0.943291,2095,8107045,137224,0,2,0,2,0,0,0,0,0,0,7208,0,4680,2528,0
1687,48915,20.361208,19.946910,19.954062,0.000000,0.000459,0.000000,0.000000,0.062459,0.023916,1.358126,2207,8107268,141564,0,2,0,2,0,0,0,0,0,0,5406,0,3510,1896,0
1688,48916,19.901584,19.495506,19.534312,0.000000,0.000375,0.000000,0.000000,0.060541,0.049500,1.277250,2206,8107277,140315,0,2,0,2,0,0,0,0,0,0,5406,0,3510,1896,0
1689,48917,19.575083,19.187617,19.166036,0.000000,0.000377,0.000000,0.000000,0.056917,0.019250,1.301625,2104,8107011,137142,0,2,0,2,0,0,0,0,0,0,7208,0,4680,2528,0
1690,48918,23.225208,22.772488,22.188484,0.000000,0.000958,0.000000,0.000000,0.087667,0.015750,0.609667,2221,8107283,141449,0,2,0,2,0,0,0,0,0,0,5406,0,3510,1896,0
1691,48919,23.654500,23.201673,22.630449,0.000000,0.000625,0.000000,0.000000,0.071584,0.014083,0.655999,2218,8107230,139749,0,2,0,2,0,0,0,0,0,0,5406,0,3510,1896,0
1692,48920,20.347542,19.934236,19.961164,0.000000,0.000418,0.000000,0.000000,0.079708,0.030834,1.332833,2140,8107053,138557,0,2,0,2,0,0,0,0,0,0,7208,0,4680,2528,0
1693,48921,19.983750,19.583430,19.607227,0.000000,0.000583,0.000000,0.000000,0.067208,0.013917,1.326458,2209,8107284,141169,0,2,0,2,0,0,0,0,0,0,5406,0,3510,1896,0
1694,48922,19.648000,19.235517,19.267430,0.000000,0.000457,0.000000,0.000000,0.063125,0.013667,0.999708,2218,8107257,139556,0,2,0,2,0,0,0,0,0,0,5406,0,3510,1896,0
1695,48923,20.047792,19.635866,19.656129,0.000000,0.000291,0.000000,0.000000,0.066208,0.019250,1.261125,2203,8106682,140787,0,2,0,2,0,0,0,0,0,0,9249,0,4680,4569,0
1696,48924,19.394291,19.006178,19.038585,0.000000,0.000416,0.000000,0.000000,0.071875,0.015209,1.228583,2138,8107264,139056,0,2,0,2,0,0,0,0,0,0,5406,0,3510,1896,0
1697,48925,19.488500,19.092015,19.124226,0.000000,0.000541,0.000000,0.000000,0.063500,0.029000,0.634750,2189,8107365,138262,0,2,0,2,0,0,0,0,0,0,5775,0,3510,2265,0
1698,48926,19.592500,19.202411,19.224941,0.000000,0.000584,0.000000,0.000000,0.055084,0.015208,0.915458,2119,8106958,137354,0,2,0,2,0,0,0,0,0,0,6839,0,4680,2159,0
1699,48927,19.148500,18.762980,18.798982,0.000000,0.000584,0.000000,0.000000,0.057417,0.017875,1.305417,2121,8107237,137412,0,2,0,2,0,0,0,0,0,0,5406,0,3510,1896,0
1700,48928,18.626292,18.250814,18.272405,0.000000,0.000333,0.000000,0.000000,0.050833,0.015042,1.256667,2084,8107077,135137,0,2,0,2,0,0,0,0,0,0,7266,0,4596,2670,0
1701,48929,20.876625,20.456529,20.493172,0.000000,0.000376,0.000000,0.000000,0.059708,0.021125,1.305333,2255,8107168,149465,0,2,0,2,0,0,0,0,0,0,5490,0,3594,1896,0
1702,48930,19.373458,18.984080,18.967813,0.000000,0.000501,0.000000,0.000000,0.069459,0.019333,1.249833,2140,8107260,138359,0,2,0,2,0,0,0,0,0,0,5406,0,3510,1896,0
1703,48931,19.516125,19.127032,19.140806,0.000000,0.000416,0.000000,0.000000,0.062292,0.015375,0.607292,2122,8107013,137652,0,2,0,2,0,0,0,0,0,0,7208,0,4680,2528,0
1704,48932,19.556625,19.164562,19.200327,0.000000,0.000333,0.000000,0.000000,0.065250,0.014875,0.914791,2175,8107264,140914,0,2,0,2,0,0,0,0,0,0,5406,0,3510,1896,0
1705,48933,19.536834,19.138329,19.147576,0.000000,0.000417,0.000000,0.000000,0.065541,0.013584,0.945917,2178,8107268,140388,0,2,0,2,0,0,0,0,0,0,5406,0,3510,1896,0
1706,48934,19.768250,19.342561,19.315077,0.000000,0.000249,0.000000,0.000000,0.061833,0.029792,0.943792,2113,8107041,137119,0,2,0,2,0,0,0,0,0,0,7208,0,4680,2528,0
1707,48935,19.605833,19.205812,19.200621,0.000000,0.000501,0.000000,0.000000,0.057750,0.049000,1.310333,2199,8107464,140748,0,2,0,2,0,0,0,0,0,0,5406,0,3510,1896,0
1708,48936,17.867500,17.496012,17.503515,0.000000,0.000458,0.000000,0.000000,0.058417,0.012500,0.650625,2014,8106895,133250,0,2,0,2,0,0,0,0,0,0,5863,0,3510,2353,0
1709,48937,20.806458,20.413274,20.455662,0.000000,0.000374,0.000000,0.000000,0.064084,0.015375,0.946292,2126,8107089,146276,0,2,0,2,0,0,0,0,0,0,7208,0,4680,2528,0
1710,48938,19.600500,19.182329,19.214973,0.000000,0.000500,0.000000,0.000000,0.065000,0.019292,0.961250,2158,8107232,140896,0,2,0,2,0,0,0,0,0,0,5406,0,3510,1896,0
1711,48939,20.109459,19.699169,19.717048,0.000000,0.000542,0.000000,0.000000,0.071083,0.042667,1.033624,2147,8107255,140159,0,2,0,2,0,0,0,0,0,0,5406,0,3510,1896,0
1712,48940,19.753416,19.360581,19.356035,0.000000,0.000416,0.000000,0.000000,0.069709,0.015666,1.155458,2072,8107029,137294,0,2,0,2,0,0,0,0,0,0,7208,0,4680,2528,0
1713,48941,20.104334,19.692503,19.729086,0.000000,0.000292,0.000000,0.000000,0.061083,0.051333,1.327292,2227,8107293,143254,0,2,0,2,0,0,0,0,0,0,5406,0,3510,1896,0
1714,48942,19.319791,18.927164,18.936765,0.000000,0.000584,0.000000,0.000000,0.056167,0.014000,1.289666,2134,8107304,139251,0,2,0,2,0,0,0,0,0,0,5406,0,3510,1896,0
1715,48943,19.179750,18.797494,18.835249,0.000000,0.000666,0.000000,0.000000,0.056375,0.013459,0.674458,2122,8106972,137906,0,2,0,2,0,0,0,0,0,0,7208,0,4680,2528,0
1716,48944,19.635417,19.240630,19.258456,0.000000,0.000416,0.000000,0.000000,0.061667,0.047125,1.089417,2160,8107290,140665,0,2,0,2,0,0,0,0,0,0,5406,0,3510,1896,0
1717,48945,19.517833,19.102423,19.122967,0.000000,0.000292,0.000000,0.000000,0.068709,0.047958,1.251959,2213,8107220,140676,0,2,0,2,0,0,0,0,0,0,5406,0,3510,1896,0
1718,48946,19.078084,18.700223,18.707814,0.000000,0.000417,0.000000,0.000000,0.062333,0.018417,1.293459,2057,8107049,135418,0,2,0,2,0,0,0,0,0,0,7208,0,4680,2528,0
1719,48947,19.510500,19.124964,19.146735,0.000000,0.000458,0.000000,0.000000,0.058291,0.014792,1.262708,2131,8107273,139280,0,2,0,2,0,0,0,0,0,0,5406,0,3510,1896,0
1720,48948,19.032541,18.641448,18.683830,0.000000,0.000584,0.000000,0.000000,0.051459,0.026208,1.261292,2123,8107251,137697,0,2,0,2,0,0,0,0,0,0,5406,0,3510,1896,0
1721,48949,19.694584,19.298098,19.293387,0.000000,0.000792,0.000000,0.000000,0.075208,0.017208,0.609666,2093,8107039,136854,0,2,0,2,0,0,0,0,0,0,7208,0,4680,2528,0
1722,48950,19.560791,19.165920,19.197353,0.000000,0.000334,0.000000,0.000000,0.064667,0.015000,0.931500,2187,8107278,141123,0,2,0,2,0,0,0,0,0,0,5406,0,3510,1896,0
1723,48951,19.245792,18.849501,18.880232,0.000000,0.000500,0.000000,0.000000,0.066042,0.038541,0.967833,2179,8107236,139331,0,2,0,2,0,0,0,0,0,0,5406,0,3510,1896,0
1724,48952,19.234833,18.843297,18.863223,0.000000,0.000499,0.000000,0.000000,0.062667,0.014083,1.234375,2087,8107074,137202,0,2,0,2,0,0,0,0,0,0,7208,0,4680,2528,0
1725,48953,19.865875,19.454732,19.501340,0.000000,0.000251,0.000000,0.000000,0.056334,0.013500,1.295209,2228,8107233,142806,0,2,0,2,0,0,0,0,0,0,5406,0,3510,1896,0
1726,48954,19.299875,18.898548,18.938171,0.000000,0.000335,0.000000,0.000000,0.055084,0.013791,0.617417,2183,8107255,139189,0,2,0,2,0,0,0,0,0,0,5406,0,3510,1896,0
1727,48955,19.064292,18.685751,18.722820,0.000000,0.000334,0.000000,0.000000,0.056375,0.014000,0.909625,2093,8107052,137497,0,2,0,2,0,0,0,0,0,0,7208,0,4680,2528,0
1728,48956,20.387875,19.968885,19.881454,0.000000,0.000458,0.000000,0.000000,0.055333,0.014709,0.905583,2184,8107293,141284,0,2,0,2,0,0,0,0,0,0,5406,0,3510,1896,0
1729,48957,19.425792,19.035607,19.044499,0.000000,0.000416,0.000000,0.000000,0.060958,0.054792,0.904000,2156,8107273,138261,0,2,0,2,0,0,0,0,0,0,5406,0,3510,1896,0
1730,48958,19.450958,19.067173,19.043384,0.000000,0.000376,0.000000,0.000000,0.068667,0.022458,1.101083,2069,8107019,136103,0,2,0,2,0,0,0,0,0,0,7208,0,4680,2528,0
1731,48959,19.588292,19.196437,19.206749,0.000000,0.000374,0.000000,0.000000,0.059958,0.028583,1.259791,2143,8107267,139568,0,2,0,2,0,0,0,0,0,0,5406,0,3510,1896,0
1732,48960,19.255708,18.870090,18.900288,0.000000,0.000458,0.000000,0.000000,0.058458,0.013292,0.610709,2132,8107243,137626,0,2,0,2,0,0,0,0,0,0,5406,0,3510,1896,0
1733,48961,19.259250,18.862684,18.854576,0.000000,0.000460,0.000000,0.000000,0.074000,0.014375,1.174459,2124,8107064,138789,0,2,0,2,0,0,0,0,0,0,7208,0,4680,2528,0
1734,48962,19.324417,18.924383,18.933294,0.000000,0.000376,0.000000,0.000000,0.055166,0.021375,0.951292,2191,8107222,141425,0,2,0,2,0,0,0,0,0,0,5406,0,3510,1896,0
1735,48963,19.692000,19.278218,19.304117,0.000000,0.000208,0.000000,0.000000,0.055125,0.021333,1.253625,2188,8107277,139791,0,2,0,2,0,0,0,0,0,0,5406,0,3510,1896,0
1736,48964,19.040500,18.669591,18.703759,0.000000,0.000709,0.000000,0.000000,0.071916,0.014542,1.267917,2079,8107021,137697,0,2,0,2,0,0,0,0,0,0,7208,0,4680,2528,0
1737,48965,19.878208,19.470959,19.474743,0.000000,0.000333,0.000000,0.000000,0.071250,0.016375,1.242792,2225,8107262,142832,0,2,0,2,0,0,0,0,0,0,5406,0,3510,1896,0
1738,48966,19.392000,19.000057,19.024848,0.000000,0.000375,0.000000,0.000000,0.054208,0.014042,0.610708,2193,8107282,139560,0,2,0,2,0,0,0,0,0,0,5406,0,3510,1896,0
1739,48967,19.525458,19.136877,19.102402,0.000000,0.000459,0.000000,0.000000,0.056875,0.014459,0.870499,2118,8107013,137874,0,2,0,2,0,0,0,0,0,0,7208,0,4680,2528,0
1740,48968,19.521209,19.128435,19.164846,0.000000,0.000417,0.000000,0.000000,0.053375,0.018625,0.780083,2128,8107301,139241,0,2,0,2,0,0,0,0,0,0,5406,0,3510,1896,0
1741,48969,19.583500,19.176376,19.215654,0.000000,0.000458,0.000000,0.000000,0.064750,0.012666,1.085167,2177,8107248,138750,0,2,0,2,0,0,0,0,0,0,5406,0,3510,1896,0
1742,48970,19.216166,18.832214,18.857240,0.000000,0.000208,0.000000,0.000000,0.061459,0.013750,1.093749,2082,8107059,136383,0,2,0,2,0,0,0,0,0,0,7208,0,4680,2528,0
1743,48971,19.148500,18.756477,18.794216,0.000000,0.000419,0.000000,0.000000,0.050792,0.011958,0.645750,2123,8107259,138542,0,2,0,2,0,0,0,0,0,0,5406,0,3510,1896,0
1744,48972,19.369292,18.979844,19.002765,0.000000,0.000293,0.000000,0.000000,0.060417,0.018250,1.120084,2141,8107296,138864,0,2,0,2,0,0,0,0,0,0,5406,0,3510,1896,0
1745,48973,19.901875,19.488420,19.524768,0.000000,0.000417,0.000000,0.000000,0.073458,0.014834,0.873667,2175,8107049,140503,0,2,0,2,0,0,0,0,0,0,7208,0,4680,2528,0
1746,48974,19.324667,18.937098,18.962935,0.000000,0.000375,0.000000,0.000000,0.054166,0.015750,1.349375,2139,8107214,139190,0,2,0,2,0,0,0,0,0,0,5406,0,3510,1896,0
1747,48975,19.265541,18.862113,18.885165,0.000000,0.000334,0.000000,0.000000,0.054667,0.015958,1.269001,2189,8107262,139085,0,2,0,2,0,0,0,0,0,0,5406,0,3510,1896,0
1748,48976,19.751584,19.355103,19.300800,0.000000,0.000583,0.000000,0.000000,0.075166,0.040209,0.691417,2115,8107053,138796,0,2,0,2,0,0,0,0,0,0,7208,0,4680,2528,0
1749,48977,19.548083,19.164412,19.167480,0.000000,0.000417,0.000000,0.000000,0.048875,0.017417,0.643583,2131,8107246,139216,0,2,0,2,0,0,0,0,0,0,5406,0,3510,1896,0
1750,48978,19.509250,19.091092,19.101351,0.000000,0.000291,0.000000,0.000000,0.052250,0.015125,1.156166,2241,8107221,145583,0,2,0,2,0,0,0,0,0,0,6026,0,3510,2516,0
1751,48979,20.730667,20.322812,20.343007,0.000000,0.000333,0.000000,0.000000,0.064333,0.017917,0.955000,2248,8107004,151640,0,2,0,2,0,0,0,0,0,0,6806,0,4680,2126,0
1752,48980,20.747958,20.332917,20.361908,0.000000,0.000625,0.000000,0.000000,0.056625,0.014958,1.286500,2278,8107183,147869,0,2,0,2,0,0,0,0,0,0,5586,0,3510,2076,0
1753,48981,21.750167,21.343041,21.380491,0.000000,0.000376,0.000000,0.000000,0.050583,0.056292,1.330458,2256,8107333,157673,0,2,0,2,0,0,0,0,0,0,7124,0,4596,2528,0
1754,48982,19.612916,19.227752,19.238246,0.000000,0.000374,0.000000,0.000000,0.062875,0.048792,0.764084,2126,8106935,140363,0,2,0,2,0,0,0,0,0,0,5490,0,3594,1896,0
1755,48983,19.604084,19.204916,19.194544,0.000000,0.000499,0.000000,0.000000,0.056458,0.037167,1.306917,2165,8107270,140833,0,2,0,2,0,0,0,0,0,0,5406,0,3510,1896,0
1756,48984,19.486958,19.087599,19.116823,0.000000,0.000334,0.000000,0.000000,0.057583,0.015792,1.265459,2172,8107083,138015,0,2,0,2,0,0,0,0,0,0,7208,0,4680,2528,0
1757,48985,20.472167,20.064475,19.973536,0.000000,0.000457,0.000000,0.000000,0.065791,0.023875,0.975667,2198,8107221,144518,0,2,0,2,0,0,0,0,0,0,5406,0,3510,1896,0
1758,48986,19.779041,19.368434,19.405090,0.000000,0.000417,0.000000,0.000000,0.059959,0.062458,0.759792,2202,8107320,142024,0,2,0,2,0,0,0,0,0,0,5406,0,3510,1896,0
1759,48987,19.235375,18.836845,18.853348,0.000000,0.000376,0.000000,0.000000,0.058709,0.030833,0.308583,2169,8106975,138488,0,2,0,2,0,0,0,0,0,0,7208,0,4680,2528,0
1760,48988,19.520084,19.121188,19.158412,0.000000,0.000458,0.000000,0.000000,0.053125,0.015750,0.938042,2195,8107507,143416,0,2,0,2,0,0,0,0,0,0,5406,0,3510,1896,0
1761,48989,19.836625,19.412646,19.457978,0.000000,0.000500,0.000000,0.000000,0.058333,0.020250,0.706376,2229,8107005,142197,0,2,0,2,0,0,0,0,0,0,5406,0,3510,1896,0
1762,48990,18.747416,18.357241,18.396656,0.000000,0.000333,0.000000,0.000000,0.054792,0.035250,1.263751,2117,8107160,136712,0,2,0,2,0,0,0,0,0,0,7208,0,4680,2528,0
1763,48991,19.747750,19.346626,19.364708,0.000000,0.000584,0.000000,0.000000,0.075584,0.015125,1.230416,2178,8107163,141860,0,2,0,2,0,0,0,0,0,0,5406,0,3510,1896,0
1764,48992,19.204042,18.807969,18.838230,0.000000,0.000293,0.000000,0.000000,0.053750,0.015542,0.635750,2115,8107327,138532,0,2,0,2,0,0,0,0,0,0,5406,0,3510,1896,0
1765,48993,19.378417,18.982730,19.024612,0.000000,0.000500,0.000000,0.000000,0.066083,0.031542,0.900708,2137,8106982,138248,0,2,0,2,0,0,0,0,0,0,7208,0,4680,2528,0
1766,48994,19.818958,19.410002,19.444786,0.000000,0.000458,0.000000,0.000000,0.053750,0.015000,1.282041,2214,8107247,142709,0,2,0,2,0,0,0,0,0,0,5406,0,3510,1896,0
1767,48995,18.991625,18.594696,18.609735,0.000000,0.000376,0.000000,0.000000,0.052167,0.038875,0.969458,2203,8107301,142010,0,2,0,2,0,0,0,0,0,0,5406,0,3510,1896,0
1768,48996,20.072458,19.677509,19.703723,0.000000,0.000376,0.000000,0.000000,0.072042,0.017667,1.273416,2187,8106995,144154,0,2,0,2,0,0,0,0,0,0,7208,0,4680,2528,0
1769,48997,20.152500,19.749062,19.780708,0.000000,0.000459,0.000000,0.000000,0.060292,0.022458,1.310333,2210,8107263,144178,0,2,0,2,0,0,0,0,0,0,5406,0,3510,1896,0
1770,48998,18.975500,18.573541,18.606774,0.000000,0.000291,0.000000,0.000000,0.052875,0.013709,0.655666,2196,8107184,140763,0,2,0,2,0,0,0,0,0,0,5542,0,3510,2032,0
1771,48999,20.296209,19.893591,19.937713,0.000000,0.000375,0.000000,0.000000,0.069416,0.021209,0.928792,2196,8107040,146321,0,2,0,2,0,0,0,0,0,0,7208,0,4680,2528,0
1772,49000,20.640000,20.214653,20.190239,0.000000,0.000792,0.000000,0.000000,0.068375,0.013791,1.267959,2234,8107268,144310,0,2,0,2,0,0,0,0,0,0,5406,0,3510,1896,0
1773,49001,19.504250,19.102563,19.110480,0.000000,0.000375,0.000000,0.000000,0.062666,0.044667,1.238667,2207,8107260,139867,0,2,0,2,0,0,0,0,0,0,5406,0,3510,1896,0
1774,49002,19.265166,18.885637,18.760677,0.000000,0.000375,0.000000,0.000000,0.057292,0.043083,0.970542,2061,8107059,136046,0,2,0,2,0,0,0,0,0,0,7208,0,4680,2528,0
1775,49003,20.918167,20.499944,20.465810,0.000000,0.000334,0.000000,0.000000,0.058667,0.019708,1.257291,2205,8107327,143218,0,2,0,2,0,0,0,0,0,0,5406,0,3510,1896,0
1776,49004,20.100750,19.700506,19.683851,0.000000,0.000334,0.000000,0.000000,0.063625,0.021583,1.233417,2155,8107229,138797,0,2,0,2,0,0,0,0,0,0,5406,0,3510,1896,0
1777,49005,19.694583,19.294817,19.316739,0.000000,0.000500,0.000000,0.000000,0.066667,0.038333,1.239917,2174,8106980,140353,0,2,0,2,0,0,0,0,0,0,7208,0,4680,2528,0
1778,49006,19.932584,19.530352,19.411888,0.000000,0.000499,0.000000,0.000000,0.058666,0.021209,0.616667,2211,8107258,143241,0,2,0,2,0,0,0,0,0,0,5406,0,3510,1896,0
1779,49007,21.244708,20.820489,20.696180,0.000000,0.000584,0.000000,0.000000,0.070875,0.015292,0.734666,2169,8107297,139148,0,2,0,2,0,0,0,0,0,0,5406,0,3510,1896,0
1780,49008,20.013583,19.623458,19.600872,0.000000,0.000501,0.000000,0.000000,0.060292,0.018375,0.911167,2068,8107032,136909,0,2,0,2,0,0,0,0,0,0,7208,0,4680,2528,0
1781,49009,20.028292,19.624562,19.613942,0.000000,0.000500,0.000000,0.000000,0.061833,0.011709,0.948042,2185,8107227,141730,0,2,0,2,0,0,0,0,0,0,5406,0,3510,1896,0
1782,49010,19.617667,19.223683,19.227236,0.000000,0.000457,0.000000,0.000000,0.057583,0.040875,1.348292,2174,8107300,139027,0,2,0,2,0,0,0,0,0,0,5406,0,3510,1896,0
1783,49011,20.225833,19.831720,19.143164,0.000000,0.000457,0.000000,0.000000,0.070792,0.014458,1.309208,2063,8107020,136798,0,2,0,2,0,0,0,0,0,0,7208,0,4680,2528,0
1784,49012,20.749167,20.327516,20.239085,0.000000,0.000375,0.000000,0.000000,0.071583,0.024667,1.347500,2160,8107248,142410,0,2,0,2,0,0,0,0,0,0,5406,0,3510,1896,0
1785,49013,20.373541,19.954211,19.972283,0.000000,0.000417,0.000000,0.000000,0.074250,0.015250,1.361793,2203,8107275,140150,0,2,0,2,0,0,0,0,0,0,5406,0,3510,1896,0
1786,49014,20.124750,19.722756,19.700428,0.000000,0.000374,0.000000,0.000000,0.054500,0.011084,1.439875,2092,8107034,137157,0,2,0,2,0,0,0,0,0,0,7208,0,4680,2528,0
1787,49015,19.158625,18.774090,18.804839,0.000000,0.000459,0.000000,0.000000,0.056667,0.014167,0.652875,2107,8107220,140170,0,2,0,2,0,0,0,0,0,0,5548,0,3510,2038,0
1788,49016,20.794459,20.377598,20.388448,0.000000,0.000334,0.000000,0.000000,0.074833,0.020125,1.173333,2222,8107210,146502,0,2,0,2,0,0,0,0,0,0,5406,0,3510,1896,0
1789,49017,19.526791,19.129841,19.150129,0.000000,0.000291,0.000000,0.000000,0.053709,0.015166,0.962501,2102,8107105,138033,0,2,0,2,0,0,0,0,0,0,7208,0,4680,2528,0
1790,49018,19.463334,19.069788,19.107112,0.000000,0.000333,0.000000,0.000000,0.057333,0.020792,0.964001,2180,8107205,141023,0,2,0,2,0,0,0,0,0,0,5406,0,3510,1896,0
1791,49019,19.816708,19.419088,19.381917,0.000000,0.000416,0.000000,0.000000,0.054625,0.013875,0.966333,2183,8107325,138994,0,2,0,2,0,0,0,0,0,0,5406,0,3510,1896,0
1792,49020,19.105583,18.714845,18.749218,0.000000,0.000292,0.000000,0.000000,0.062375,0.012834,1.253875,2071,8106970,136802,0,2,0,2,0,0,0,0,0,0,7208,0,4680,2528,0
1793,49021,19.834875,19.379202,19.415815,0.000000,0.000416,0.000000,0.000000,0.065375,0.022625,1.309542,2210,8107274,142135,0,2,0,2,0,0,0,0,0,0,5406,0,3510,1896,0
1794,49022,19.618709,19.225356,19.252300,0.000000,0.000543,0.000000,0.000000,0.070625,0.035041,0.611458,2157,8107244,138776,0,2,0,2,0,0,0,0,0,0,5406,0,3510,1896,0
1795,49023,19.519875,19.138919,19.142484,0.000000,0.000541,0.000000,0.000000,0.059958,0.014083,0.921167,2114,8107050,138453,0,2,0,2,0,0,0,0,0,0,7208,0,4680,2528,0
1796,49024,19.467083,19.079987,19.114295,0.000000,0.000501,0.000000,0.000000,0.058583,0.014292,0.952126,2121,8107269,139487,0,2,0,2,0,0,0,0,0,0,5406,0,3510,1896,0
1797,49025,19.766250,19.365047,19.397578,0.000000,0.000584,0.000000,0.000000,0.074125,0.040542,1.001375,2203,8107256,139939,0,2,0,2,0,0,0,0,0,0,5406,0,3510,1896,0
1798,49026,19.541917,19.139157,19.157372,0.000000,0.000415,0.000000,0.000000,0.070791,0.031292,1.243541,2122,8107032,138677,0,2,0,2,0,0,0,0,0,0,7208,0,4680,2528,0
1799,49027,19.407666,19.015354,19.044251,0.000000,0.000416,0.000000,0.000000,0.060584,0.013875,1.268042,2117,8107299,138742,0,2,0,2,0,0,0,0,0,0,5406,0,3510,1896,0
1800,49028,19.355834,18.956534,18.993300,0.000000,0.000376,0.000000,0.000000,0.059666,0.016042,0.619459,2156,8107218,138747,0,2,0,2,0,0,0,0,0,0,5406,0,3510,1896,0
1801,49029,19.877875,19.486116,19.515983,0.000000,0.000415,0.000000,0.000000,0.062333,0.013375,0.917166,2168,8107043,140023,0,2,0,2,0,0,0,0,0,0,7721,0,4680,3041,0
1802,49030,19.486583,19.084670,19.123555,0.000000,0.000333,0.000000,0.000000,0.057750,0.016875,1.243584,2148,8106939,139326,0,2,0,2,0,0,0,0,0,0,6934,0,3510,3424,0
1803,49031,19.647792,19.248360,19.268528,0.000000,0.000332,0.000000,0.000000,0.064166,0.014792,1.258917,2165,8107243,138523,0,2,0,2,0,0,0,0,0,0,5918,0,3510,2408,0
1804,49032,19.418041,19.036908,19.071309,0.000000,0.000500,0.000000,0.000000,0.058417,0.013583,1.258209,2098,8107148,138375,0,2,0,2,0,0,0,0,0,0,6696,0,4680,2016,0
1805,49033,19.382167,18.981109,19.030761,0.000000,0.000291,0.000000,0.000000,0.062000,0.043792,1.252292,2141,8107249,139745,0,2,0,2,0,0,0,0,0,0,5406,0,3510,1896,0
1806,49034,19.250542,18.842910,18.846749,0.000000,0.000376,0.000000,0.000000,0.052708,0.016417,0.612417,2087,8107060,137076,0,2,0,2,0,0,0,0,0,0,7124,0,4596,2528,0
1807,49035,19.274541,18.877087,18.901252,0.000000,0.000417,0.000000,0.000000,0.054959,0.052291,0.937916,2169,8107219,140882,0,2,0,2,0,0,0,0,0,0,5490,0,3594,1896,0
1808,49036,19.689959,19.303139,19.228594,0.000000,0.000376,0.000000,0.000000,0.061458,0.021583,0.992375,2085,8107186,138052,0,2,0,2,0,0,0,0,0,0,5406,0,3510,1896,0
1809,49037,20.202083,19.797102,19.787907,0.000000,0.000875,0.000000,0.000000,0.099083,0.017917,1.059375,2111,8107081,137813,0,2,0,2,0,0,0,0,0,0,7208,0,4680,2528,0
1810,49038,22.729958,22.298986,21.974855,0.000000,0.000916,0.000000,0.000000,0.086209,0.017333,0.952542,2160,8107261,140611,0,2,0,2,0,0,0,0,0,0,5406,0,3510,1896,0
1811,49039,20.632667,20.224559,20.226438,0.000000,0.000583,0.000000,0.000000,0.084000,0.045708,0.828292,2125,8107221,138807,0,2,0,2,0,0,0,0,0,0,5406,0,3510,1896,0
1812,49040,22.676333,22.259717,21.632110,0.000000,0.000999,0.000000,0.000000,0.140209,0.038375,0.742249,2047,8107050,136310,0,2,0,2,0,0,0,0,0,0,7208,0,4680,2528,0
1813,49041,22.600542,22.150523,21.869794,0.000000,0.000625,0.000000,0.000000,0.098958,0.018167,0.580958,2175,8107362,141251,0,2,0,2,0,0,0,0,0,0,5406,0,3510,1896,0
1814,49042,21.203125,20.795713,20.626546,0.000000,0.000293,0.000000,0.000000,0.106708,0.042334,0.618875,2101,8107221,138024,0,2,0,2,0,0,0,0,0,0,5406,0,3510,1896,0
1815,49043,21.905750,21.474235,20.981576,0.000000,0.000501,0.000000,0.000000,0.073208,0.015750,0.905333,2051,8106973,136644,0,2,0,2,0,0,0,0,0,0,7208,0,4680,2528,0
1816,49044,21.211000,20.808269,20.586614,0.000000,0.000667,0.000000,0.000000,0.070917,0.014916,0.903707,2147,8107255,141517,0,2,0,2,0,0,0,0,0,0,5406,0,3510,1896,0
1817,49045,20.168750,19.771548,19.805998,0.000000,0.000583,0.000000,0.000000,0.068083,0.014584,0.581001,2152,8107262,139748,0,2,0,2,0,0,0,0,0,0,5406,0,3510,1896,0
1818,49046,18.506750,18.135871,18.178154,0.000000,0.000165,0.000000,0.000000,0.056583,0.012792,1.055626,2063,8107071,136448,0,2,0,2,0,0,0,0,0,0,7208,0,4680,2528,0
1819,49047,18.854042,18.469838,18.495013,0.000000,0.000250,0.000000,0.000000,0.052291,0.017709,1.215458,2165,8107244,140665,0,2,0,2,0,0,0,0,0,0,5406,0,3510,1896,0
1820,49048,18.549916,18.176615,18.211013,0.000000,0.000250,0.000000,0.000000,0.057042,0.013167,0.610000,2089,8107256,137982,0,2,0,2,0,0,0,0,0,0,5406,0,3510,1896,0
1821,49049,18.387084,18.013301,18.050100,0.000000,0.000291,0.000000,0.000000,0.071833,0.013583,0.894625,2106,8107053,137872,0,2,0,2,0,0,0,0,0,0,7208,0,4680,2528,0
1822,49050,19.138083,18.747360,18.773381,0.000000,0.000417,0.000000,0.000000,0.062833,0.017584,0.898875,2165,8107252,140537,0,2,0,2,0,0,0,0,0,0,5406,0,3510,1896,0
1823,49051,18.744125,18.364008,18.401423,0.000000,0.000292,0.000000,0.000000,0.056125,0.013250,1.216792,2132,8107282,138400,0,2,0,2,0,0,0,0,0,0,5406,0,3510,1896,0
1824,49052,17.657125,17.290117,17.332152,0.000000,0.000417,0.000000,0.000000,0.047458,0.011250,0.625750,2060,8106989,136812,0,2,0,2,0,0,0,0,0,0,7388,0,4680,2708,0
1825,49053,21.169333,20.765122,20.811993,0.000000,0.000418,0.000000,0.000000,0.079334,0.025333,0.916666,2217,8107207,155721,0,2,0,2,0,0,0,0,0,0,5406,0,3510,1896,0
1826,49054,19.519417,19.112430,19.158347,0.000000,0.000334,0.000000,0.000000,0.049958,0.014167,0.899541,2218,8107256,141725,0,2,0,2,0,0,0,0,0,0,5406,0,3510,1896,0
1827,49055,18.698833,18.316941,18.359103,0.000000,0.000375,0.000000,0.000000,0.060000,0.014125,0.642000,2143,8107044,139839,0,2,0,2,0,0,0,0,0,0,7208,0,4680,2528,0
1828,49056,20.842792,20.429874,20.317338,0.000000,0.000917,0.000000,0.000000,0.077250,0.015083,0.741167,2195,8107259,143253,0,2,0,2,0,0,0,0,0,0,5406,0,3510,1896,0
1829,49057,21.038125,20.606206,20.565393,0.000000,0.000750,0.000000,0.000000,0.084792,0.019083,0.582583,2220,8107293,142457,0,2,0,2,0,0,0,0,0,0,5406,0,3510,1896,0
1830,49058,20.228708,19.829288,19.856164,0.000000,0.000542,0.000000,0.000000,0.080417,0.015583,0.982209,2157,8107012,140359,0,2,0,2,0,0,0,0,0,0,7208,0,4680,2528,0
1831,49059,20.752459,20.342711,20.338324,0.000000,0.000459,0.000000,0.000000,0.076875,0.042125,0.588292,2211,8107255,143748,0,2,0,2,0,0,0,0,0,0,5406,0,3510,1896,0
1832,49060,23.891541,23.467428,21.284233,0.000000,0.000916,0.000000,0.000000,0.068167,0.015083,0.583292,2214,8107275,141648,0,2,0,2,0,0,0,0,0,0,5406,0,3510,1896,0
1833,49061,21.172917,20.763877,20.716821,0.000000,0.000625,0.000000,0.000000,0.088583,0.014250,0.590417,2161,8107069,140646,0,2,0,2,0,0,0,0,0,0,7208,0,4680,2528,0
1834,49062,29.896750,29.326017,26.944008,0.000000,0.001207,0.000000,0.000000,0.112583,0.024375,0.878166,2216,8107302,143701,0,2,0,2,0,0,0,0,0,0,5406,0,3510,1896,0
1835,49063,25.106667,24.621422,23.382232,0.000000,0.001166,0.000000,0.000000,0.122083,0.058875,0.589667,2193,8107175,139766,0,2,0,2,0,0,0,0,0,0,5406,0,3510,1896,0
1836,49064,46.532250,45.647213,35.504422,0.000000,0.001875,0.000000,0.000000,0.117041,0.094584,1.311958,2077,8107047,136915,0,2,0,2,0,0,0,0,0,0,7208,0,4680,2528,0
1837,49065,34.958333,34.317207,29.983887,0.000000,0.000793,0.000000,0.000000,0.098958,0.017167,1.209167,2211,8107278,142493,0,2,0,2,0,0,0,0,0,0,5406,0,3510,1896,0
1838,49066,21.746458,21.324658,21.185307,0.000000,0.000583,0.000000,0.000000,0.086709,0.017833,0.703333,2174,8107270,138919,0,2,0,2,0,0,0,0,0,0,5406,0,3510,1896,0
1839,49067,24.019417,23.589848,22.616973,0.000000,0.001460,0.000000,0.000000,0.084667,0.019916,0.588374,2100,8107032,137102,0,2,0,2,0,0,0,0,0,0,7208,0,4680,2528,0
1840,49068,24.813958,24.259154,22.418002,0.000000,0.001542,0.000000,0.000000,0.172042,0.311208,0.583084,2121,8107151,139993,0,2,0,2,0,0,0,0,0,0,5663,0,3510,2153,0
1841,49069,27.435709,26.987538,25.202499,0.000000,0.002290,0.000000,0.000000,0.220458,0.037208,0.919000,2155,8107244,150099,0,2,0,2,0,0,0,0,0,0,5406,0,3510,1896,0
1842,49070,23.057375,22.621220,21.692498,0.000000,0.000500,0.000000,0.000000,0.089666,0.015834,0.642667,2096,8107102,136821,0,2,0,2,0,0,0,0,0,0,7208,0,4680,2528,0
1843,49071,24.531916,22.945569,21.722808,0.000000,0.000792,0.000000,0.000000,0.628542,0.045833,0.611916,2165,8107188,142486,0,2,0,2,0,0,0,0,0,0,5406,0,3510,1896,0
1844,49072,28.772417,28.501395,23.293389,0.000000,0.001416,0.000000,0.000000,0.090208,0.052875,0.927292,2153,8107263,138806,0,2,0,2,0,0,0,0,0,0,5406,0,3510,1896,0
1845,49073,48.660667,47.619973,36.767887,0.000000,0.001542,0.000000,0.000000,0.112375,0.019416,1.459583,2109,8107008,138111,0,2,0,2,0,0,0,0,0,0,7208,0,4680,2528,0
1846,49074,37.331083,36.613527,31.542727,0.000000,0.001290,0.000000,0.000000,0.095333,0.017917,0.890250,2159,8107263,140754,0,2,0,2,0,0,0,0,0,0,5406,0,3510,1896,0
1847,49075,22.413000,21.989903,21.809395,0.000000,0.000667,0.000000,0.000000,0.087000,0.015333,0.584792,2176,8107325,139425,0,2,0,2,0,0,0,0,0,0,5406,0,3510,1896,0
1848,49076,21.198542,20.807237,20.775584,0.000000,0.000791,0.000000,0.000000,0.102666,0.037459,0.669750,2077,8107000,137222,0,2,0,2,0,0,0,0,0,0,7208,0,4680,2528,0
1849,49077,25.159416,22.880589,22.644756,0.000000,0.000958,0.000000,0.000000,0.095292,0.024042,0.978583,2157,8107250,141145,0,2,0,2,0,0,0,0,0,0,5406,0,3510,1896,0
1850,49078,22.979500,22.551535,22.202335,0.000000,0.001042,0.000000,0.000000,0.098250,0.020042,0.640125,2177,8107238,139684,0,2,0,2,0,0,0,0,0,0,5406,0,3510,1896,0
1851,49079,25.181417,24.706957,23.691099,0.000000,0.001001,0.000000,0.000000,0.117167,0.027000,0.663333,2133,8107143,139255,0,2,0,2,0,0,0,0,0,0,7208,0,4680,2528,0
1852,49080,22.097250,21.661686,21.311594,0.000000,0.000625,0.000000,0.000000,0.077208,0.014584,1.035625,2070,8107159,138121,0,2,0,2,0,0,0,0,0,0,5406,0,3510,1896,0
1853,49081,21.608833,21.174631,21.014780,0.000000,0.000500,0.000000,0.000000,0.078834,0.037958,1.004000,2176,8107264,140179,0,2,0,2,0,0,0,0,0,0,5406,0,3510,1896,0
1854,49082,24.188542,23.718489,22.827034,0.000000,0.001335,0.000000,0.000000,0.068625,0.014333,0.616167,2132,8107050,139461,0,2,0,2,0,0,0,0,0,0,7208,0,4680,2528,0
1855,49083,21.260542,20.847638,20.816660,0.000000,0.000499,0.000000,0.000000,0.078375,0.015166,0.612625,2124,8107247,139234,0,2,0,2,0,0,0,0,0,0,5406,0,3510,1896,0
1856,49084,22.059791,21.642370,21.457049,0.000000,0.001085,0.000000,0.000000,0.091375,0.016417,0.681041,2109,8107341,138849,0,2,0,2,0,0,0,0,0,0,5991,0,3583,2408,0
1857,49085,20.617375,20.213830,20.069835,0.000000,0.000833,0.000000,0.000000,0.075584,0.022500,0.627500,2120,8106907,141312,0,2,0,2,0,0,0,0,0,0,6782,0,4607,2175,0
1858,49086,21.373375,20.961191,20.799027,0.000000,0.000751,0.000000,0.000000,0.056917,0.013500,0.661292,2170,8107191,148997,0,2,0,2,0,0,0,0,0,0,5540,0,3510,2030,0
1859,49087,21.090500,20.695342,20.722901,0.000000,0.000332,0.000000,0.000000,0.056042,0.022833,0.680250,2144,8107431,146613,0,2,0,2,0,0,0,0,0,0,7124,0,4596,2528,0
1860,49088,20.002084,19.598704,19.622405,0.000000,0.000333,0.000000,0.000000,0.056291,0.014917,0.683958,2177,8106849,142789,0,2,0,2,0,0,0,0,0,0,5490,0,3594,1896,0
1861,49089,19.477208,19.074645,19.084999,0.000000,0.000374,0.000000,0.000000,0.072333,0.016417,0.841001,2145,8107380,139784,0,2,0,2,0,0,0,0,0,0,5406,0,3510,1896,0
1862,49090,19.589292,19.194809,19.210755,0.000000,0.000374,0.000000,0.000000,0.068708,0.015083,0.753791,2088,8106926,136929,0,2,0,2,0,0,0,0,0,0,7208,0,4680,2528,0
1863,49091,19.698958,19.292525,19.336145,0.000000,0.000499,0.000000,0.000000,0.055500,0.014167,0.858709,2164,8107261,140544,0,2,0,2,0,0,0,0,0,0,5406,0,3510,1896,0
1864,49092,20.093875,19.706438,19.693021,0.000000,0.000459,0.000000,0.000000,0.059542,0.018625,0.958000,2089,8107272,138299,0,2,0,2,0,0,0,0,0,0,5406,0,3510,1896,0
1865,49093,19.600000,19.205266,19.205877,0.000000,0.000376,0.000000,0.000000,0.058333,0.014584,0.824000,2111,8107074,138073,0,2,0,2,0,0,0,0,0,0,7208,0,4680,2528,0
1866,49094,20.057667,19.642278,19.640395,0.000000,0.000500,0.000000,0.000000,0.065583,0.017292,0.482708,2146,8107224,140156,0,2,0,2,0,0,0,0,0,0,5406,0,3510,1896,0
1867,49095,19.452583,19.065176,19.068569,0.000000,0.000207,0.000000,0.000000,0.060375,0.016917,0.781584,2107,8107298,138336,0,2,0,2,0,0,0,0,0,0,5406,0,3510,1896,0
1868,49096,19.041750,18.657603,18.691490,0.000000,0.000375,0.000000,0.000000,0.058542,0.015666,0.949459,2047,8107013,136024,0,2,0,2,0,0,0,0,0,0,7208,0,4680,2528,0
1869,49097,18.863750,18.461987,18.486845,0.000000,0.000417,0.000000,0.000000,0.049833,0.013625,1.078875,2109,8107167,141928,0,2,0,2,0,0,0,0,0,0,5565,0,3510,2055,0
1870,49098,21.189875,20.781712,20.727153,0.000000,0.000501,0.000000,0.000000,0.065750,0.012292,1.294208,2204,8107293,147880,0,2,0,2,0,0,0,0,0,0,5406,0,3510,1896,0
1871,49099,19.543875,19.163125,19.193463,0.000000,0.000418,0.000000,0.000000,0.058542,0.013000,0.933751,2081,8107043,138129,0,2,0,2,0,0,0,0,0,0,7208,0,4680,2528,0
1872,49100,19.632208,19.242111,19.235402,0.000000,0.000291,0.000000,0.000000,0.058375,0.042917,0.611125,2136,8107237,141232,0,2,0,2,0,0,0,0,0,0,5406,0,3510,1896,0
1873,49101,19.735875,19.337170,19.285427,0.000000,0.000500,0.000000,0.000000,0.074250,0.016709,1.062042,2150,8107255,140710,0,2,0,2,0,0,0,0,0,0,5406,0,3510,1896,0
1874,49102,19.320084,18.944869,18.950322,0.000000,0.000416,0.000000,0.000000,0.060708,0.015750,1.281583,2088,8107127,137586,0,2,0,2,0,0,0,0,0,0,7208,0,4680,2528,0
1875,49103,19.522583,19.115159,19.129983,0.000000,0.000376,0.000000,0.000000,0.063417,0.013916,1.281292,2153,8107167,141136,0,2,0,2,0,0,0,0,0,0,5406,0,3510,1896,0
1876,49104,19.125208,18.736658,18.767247,0.000000,0.000333,0.000000,0.000000,0.060542,0.014458,1.294708,2106,8107294,138865,0,2,0,2,0,0,0,0,0,0,5406,0,3510,1896,0
1877,49105,19.233167,18.836182,18.868087,0.000000,0.000417,0.000000,0.000000,0.049625,0.013792,0.618875,2112,8107007,138275,0,2,0,2,0,0,0,0,0,0,7208,0,4680,2528,0
1878,49106,19.271250,18.880924,18.869508,0.000000,0.000293,0.000000,0.000000,0.052250,0.014667,1.304875,2152,8107301,140941,0,2,0,2,0,0,0,0,0,0,5406,0,3510,1896,0
1879,49107,18.737542,18.349203,18.390445,0.000000,0.000334,0.000000,0.000000,0.057875,0.017416,0.967375,2129,8107210,138857,0,2,0,2,0,0,0,0,0,0,5406,0,3510,1896,0
1880,49108,18.888458,18.507690,18.530329,0.000000,0.000334,0.000000,0.000000,0.070083,0.017667,1.264042,2057,8107046,136951,0,2,0,2,0,0,0,0,0,0,7208,0,4680,2528,0
1881,49109,19.506042,19.120508,19.144102,0.000000,0.000501,0.000000,0.000000,0.062541,0.018584,1.321041,2164,8107343,141744,0,2,0,2,0,0,0,0,0,0,5406,0,3510,1896,0
1882,49110,19.333375,18.932463,18.969686,0.000000,0.000373,0.000000,0.000000,0.051208,0.013167,0.613625,2159,8107179,139298,0,2,0,2,0,0,0,0,0,0,5406,0,3510,1896,0
1883,49111,18.886125,18.497060,18.533564,0.000000,0.000458,0.000000,0.000000,0.055625,0.016416,1.217833,2076,8107058,137158,0,2,0,2,0,0,0,0,0,0,7208,0,4680,2528,0
1884,49112,19.102750,18.707809,18.738276,0.000000,0.000500,0.000000,0.000000,0.049083,0.012125,1.254916,2114,8107245,140192,0,2,0,2,0,0,0,0,0,0,5406,0,3510,1896,0
1885,49113,19.200500,18.784427,18.819520,0.000000,0.000293,0.000000,0.000000,0.056500,0.014291,1.302792,2198,8107346,140520,0,2,0,2,0,0,0,0,0,0,5406,0,3510,1896,0
1886,49114,18.996333,18.614673,18.643339,0.000000,0.000541,0.000000,0.000000,0.051083,0.014459,1.263167,2064,8106955,136874,0,2,0,2,0,0,0,0,0,0,7208,0,4680,2528,0
1887,49115,19.432458,19.038374,19.056357,0.000000,0.000417,0.000000,0.000000,0.066709,0.020083,0.609292,2159,8107520,140913,0,2,0,2,0,0,0,0,0,0,5406,0,3510,1896,0
1888,49116,18.850334,18.462633,18.484309,0.000000,0.000499,0.000000,0.000000,0.063541,0.046834,0.845459,2120,8106995,138455,0,2,0,2,0,0,0,0,0,0,5406,0,3510,1896,0
1889,49117,19.244000,18.867499,18.859602,0.000000,0.000168,0.000000,0.000000,0.057083,0.014875,1.269375,2080,8107231,137955,0,2,0,2,0,0,0,0,0,0,7208,0,4680,2528,0
1890,49118,19.373791,18.981277,19.027436,0.000000,0.000375,0.000000,0.000000,0.054334,0.039750,1.264999,2142,8107128,141133,0,2,0,2,0,0,0,0,0,0,5406,0,3510,1896,0
1891,49119,19.290667,18.899532,18.919026,0.000000,0.000377,0.000000,0.000000,0.062625,0.042125,1.233959,2166,8107202,139348,0,2,0,2,0,0,0,0,0,0,5406,0,3510,1896,0
1892,49120,18.667750,18.294273,18.299637,0.000000,0.000333,0.000000,0.000000,0.052292,0.013666,0.621666,2052,8107088,136345,0,2,0,2,0,0,0,0,0,0,7208,0,4680,2528,0
1893,49121,19.492750,19.101243,19.121560,0.000000,0.000332,0.000000,0.000000,0.060458,0.011375,0.942125,2145,8107224,141535,0,2,0,2,0,0,0,0,0,0,5406,0,3510,1896,0
1894,49122,18.860417,18.466708,18.505214,0.000000,0.000292,0.000000,0.000000,0.049708,0.012833,0.960041,2137,8107255,139270,0,2,0,2,0,0,0,0,0,0,5406,0,3510,1896,0
1895,49123,18.920833,18.540536,18.569438,0.000000,0.000292,0.000000,0.000000,0.053375,0.037583,1.294291,2084,8107043,137772,0,2,0,2,0,0,0,0,0,0,7208,0,4680,2528,0
1896,49124,19.448958,19.053814,19.082053,0.000000,0.000500,0.000000,0.000000,0.080084,0.013250,1.245458,2133,8107273,140717,0,2,0,2,0,0,0,0,0,0,5406,0,3510,1896,0
1897,49125,18.208584,17.827931,17.846937,0.000000,0.000418,0.000000,0.000000,0.041625,0.021750,0.646583,2109,8107269,138601,0,2,0,2,0,0,0,0,0,0,5663,0,3510,2153,0
1898,49126,20.767958,20.367199,20.391902,0.000000,0.000417,0.000000,0.000000,0.055542,0.020458,0.630416,2117,8106837,149201,0,2,0,2,0,0,0,0,0,0,7357,0,4680,2677,0
1899,49127,21.074833,20.647299,20.676484,0.000000,0.000416,0.000000,0.000000,0.065042,0.021500,1.327834,2292,8107223,149311,0,2,0,2,0,0,0,0,0,0,5406,0,3510,1896,0
1900,49128,20.263000,19.841771,19.793672,0.000000,0.000542,0.000000,0.000000,0.066459,0.020750,1.283417,2255,8107342,136574,0,2,0,2,0,0,0,0,0,0,5406,0,3510,1896,0
1901,49129,18.927667,18.540430,18.569348,0.000000,0.000460,0.000000,0.000000,0.049583,0.024792,1.289291,2091,8106981,134655,0,2,0,2,0,0,0,0,0,0,7208,0,4680,2528,0
1902,49130,20.259708,19.844908,19.881970,0.000000,0.000332,0.000000,0.000000,0.059792,0.034167,1.237708,2245,8107244,142641,0,2,0,2,0,0,0,0,0,0,5406,0,3510,1896,0
1903,49131,19.825750,19.415651,19.446889,0.000000,0.000460,0.000000,0.000000,0.061709,0.014375,1.258124,2235,8107243,140768,0,2,0,2,0,0,0,0,0,0,5406,0,3510,1896,0
1904,49132,20.397334,19.994897,20.026758,0.000000,0.000626,0.000000,0.000000,0.086125,0.026250,0.969250,2156,8107060,139818,0,2,0,2,0,0,0,0,0,0,7208,0,4680,2528,0
1905,49133,21.085500,20.671478,20.681255,0.000000,0.000375,0.000000,0.000000,0.070000,0.016500,0.905666,2175,8107251,140296,0,2,0,2,0,0,0,0,0,0,5406,0,3510,1896,0
1906,49134,20.074333,19.664574,19.657696,0.000000,0.000627,0.000000,0.000000,0.075500,0.023167,0.446541,2193,8107302,139655,0,2,0,2,0,0,0,0,0,0,5406,0,3510,1896,0
1907,49135,21.430292,21.032005,21.044573,0.000000,0.001416,0.000000,0.000000,0.087875,0.022500,0.608292,2122,8107010,138243,0,2,0,2,0,0,0,0,0,0,7208,0,4680,2528,0
1908,49136,21.496375,21.098729,21.132228,0.000000,0.000583,0.000000,0.000000,0.085583,0.015458,0.924250,2096,8107056,137473,0,2,0,2,0,0,0,0,0,0,6943,0,3510,3433,0
1909,49137,22.001000,21.589863,21.636759,0.000000,0.000500,0.000000,0.000000,0.077500,0.015291,0.829292,2159,8107118,139484,0,2,0,2,0,0,0,0,0,0,6717,0,3805,2912,0
1910,49138,20.486833,20.093509,20.121906,0.000000,0.000375,0.000000,0.000000,0.054708,0.013917,1.241876,2128,8107049,138408,0,2,0,2,0,0,0,0,0,0,6401,0,4385,2016,0
1911,49139,17.895125,17.524345,17.548330,0.000000,0.000334,0.000000,0.000000,0.043833,0.022792,0.774042,2050,8107088,134616,0,2,0,2,0,0,0,0,0,0,5863,0,3510,2353,0
1912,49140,20.633875,20.244682,20.280340,0.000000,0.000374,0.000000,0.000000,0.074292,0.014583,0.787875,2108,8107207,145407,0,2,0,2,0,0,0,0,0,0,7124,0,4596,2528,0
1913,49141,19.726333,19.337545,19.368788,0.000000,0.000415,0.000000,0.000000,0.056209,0.022583,0.607209,2143,8107108,143184,0,2,0,2,0,0,0,0,0,0,5490,0,3594,1896,0
1914,49142,19.277250,18.892178,18.927392,0.000000,0.000750,0.000000,0.000000,0.067375,0.053917,0.582333,2099,8107339,139020,0,2,0,2,0,0,0,0,0,0,5406,0,3510,1896,0
1915,49143,19.919250,19.537224,19.431177,0.000000,0.000457,0.000000,0.000000,0.091000,0.029125,0.587125,2077,8106961,137306,0,2,0,2,0,0,0,0,0,0,7208,0,4680,2528,0
1916,49144,18.733042,18.351459,18.374622,0.000000,0.000374,0.000000,0.000000,0.055333,0.015334,0.611667,2104,8107326,141650,0,2,0,2,0,0,0,0,0,0,5565,0,3510,2055,0
1917,49145,20.363167,19.960777,19.995155,0.000000,0.000416,0.000000,0.000000,0.058416,0.019709,0.966875,2204,8107117,149331,0,2,0,2,0,0,0,0,0,0,5406,0,3510,1896,0
1918,49146,19.345375,18.953216,18.985929,0.000000,0.000373,0.000000,0.000000,0.063416,0.017417,1.280750,2060,8107035,137176,0,2,0,2,0,0,0,0,0,0,7208,0,4680,2528,0
1919,49147,19.644208,19.241652,19.285301,0.000000,0.000500,0.000000,0.000000,0.075833,0.014292,1.186875,2129,8107287,140775,0,2,0,2,0,0,0,0,0,0,5406,0,3510,1896,0
1920,49148,19.519542,19.135377,19.171560,0.000000,0.000542,0.000000,0.000000,0.070541,0.026500,1.366999,2080,8107230,139185,0,2,0,2,0,0,0,0,0,0,5406,0,3510,1896,0
1921,49149,19.924708,19.535404,19.502882,0.000000,0.001084,0.000000,0.000000,0.070583,0.012667,0.994292,2102,8107053,138411,0,2,0,2,0,0,0,0,0,0,7208,0,4680,2528,0
1922,49150,19.769125,19.372738,19.325567,0.000000,0.000457,0.000000,0.000000,0.065000,0.014792,0.370833,2148,8107276,140496,0,2,0,2,0,0,0,0,0,0,5406,0,3510,1896,0
1923,49151,19.165750,18.779784,18.792386,0.000000,0.000543,0.000000,0.000000,0.054083,0.013542,0.619208,2119,8107256,138741,0,2,0,2,0,0,0,0,0,0,5406,0,3510,1896,0
1924,49152,18.873458,18.503205,18.480961,0.000000,0.000417,0.000000,0.000000,0.053834,0.015875,0.636417,2049,8107024,136259,0,2,0,2,0,0,0,0,0,0,7208,0,4680,2528,0
1925,49153,19.193584,18.792953,18.841614,0.000000,0.000373,0.000000,0.000000,0.058750,0.014416,0.956250,2179,8107255,141951,0,2,0,2,0,0,0,0,0,0,5406,0,3510,1896,0
1926,49154,19.175166,18.786545,18.823312,0.000000,0.000292,0.000000,0.000000,0.055292,0.015542,1.325750,2114,8107284,138685,0,2,0,2,0,0,0,0,0,0,5406,0,3510,1896,0
1927,49155,19.014084,18.633967,18.639825,0.000000,0.000376,0.000000,0.000000,0.055708,0.018583,0.609042,2065,8107090,136842,0,2,0,2,0,0,0,0,0,0,7208,0,4680,2528,0
1928,49156,19.234666,18.840567,18.878887,0.000000,0.000333,0.000000,0.000000,0.055042,0.016208,1.335916,2117,8107201,140177,0,2,0,2,0,0,0,0,0,0,5406,0,3510,1896,0
1929,49157,19.402500,19.003546,19.018775,0.000000,0.000459,0.000000,0.000000,0.060834,0.027958,0.979999,2151,8107278,139552,0,2,0,2,0,0,0,0,0,0,5406,0,3510,1896,0
1930,49158,18.805125,18.428720,18.447888,0.000000,0.000500,0.000000,0.000000,0.062542,0.014000,1.311625,2068,8107020,136706,0,2,0,2,0,0,0,0,0,0,7208,0,4680,2528,0
1931,49159,19.187417,18.794430,18.816262,0.000000,0.000334,0.000000,0.000000,0.066583,0.014875,1.322334,2154,8107254,140381,0,2,0,2,0,0,0,0,0,0,5406,0,3510,1896,0
1932,49160,19.297500,18.911456,18.921154,0.000000,0.000416,0.000000,0.000000,0.059625,0.030333,0.611500,2109,8107282,138308,0,2,0,2,0,0,0,0,0,0,5406,0,3510,1896,0
1933,49161,18.916333,18.536272,18.562180,0.000000,0.000374,0.000000,0.000000,0.053209,0.029083,0.949000,2107,8107041,138001,0,2,0,2,0,0,0,0,0,0,7208,0,4680,2528,0
1934,49162,19.204667,18.793004,18.831311,0.000000,0.000334,0.000000,0.000000,0.079167,0.021458,1.256499,2143,8107250,140477,0,2,0,2,0,0,0,0,0,0,5406,0,3510,1896,0
1935,49163,19.328667,18.925944,18.955225,0.000000,0.000373,0.000000,0.000000,0.058375,0.011125,1.316167,2159,8107279,139028,0,2,0,2,0,0,0,0,0,0,5406,0,3510,1896,0
1936,49164,19.194791,18.809845,18.819507,0.000000,0.000459,0.000000,0.000000,0.084292,0.038083,1.288291,2047,8107019,136273,0,2,0,2,0,0,0,0,0,0,7208,0,4680,2528,0
1937,49165,20.241459,19.829531,19.823847,0.000000,0.000417,0.000000,0.000000,0.059166,0.027209,0.628750,2160,8107304,142043,0,2,0,2,0,0,0,0,0,0,5406,0,3510,1896,0
1938,49166,19.974125,19.574418,19.540827,0.000000,0.000458,0.000000,0.000000,0.067083,0.037208,1.041750,2170,8107233,139225,0,2,0,2,0,0,0,0,0,0,5406,0,3510,1896,0
1939,49167,19.487458,19.075775,19.080659,0.000000,0.000333,0.000000,0.000000,0.092250,0.016917,1.052333,2064,8107053,136635,0,2,0,2,0,0,0,0,0,0,7208,0,4680,2528,0
1940,49168,19.383833,19.023235,19.043323,0.000000,0.000625,0.000000,0.000000,0.049625,0.014250,1.046750,2111,8107259,140388,0,2,0,2,0,0,0,0,0,0,5406,0,3510,1896,0
1941,49169,19.210000,18.818185,18.777094,0.000000,0.000458,0.000000,0.000000,0.057917,0.012750,1.310042,2140,8107234,140278,0,2,0,2,0,0,0,0,0,0,5406,0,3510,1896,0
1942,49170,19.153959,18.768432,18.812745,0.000000,0.000291,0.000000,0.000000,0.061166,0.013917,1.248041,2113,8107048,138608,0,2,0,2,0,0,0,0,0,0,7208,0,4680,2528,0
1943,49171,19.280333,18.885913,18.927384,0.000000,0.000542,0.000000,0.000000,0.051750,0.013333,0.652416,2148,8107255,140503,0,2,0,2,0,0,0,0,0,0,5406,0,3510,1896,0
1944,49172,18.999167,18.611133,18.653947,0.000000,0.000667,0.000000,0.000000,0.052708,0.017542,0.925416,2124,8107271,138246,0,2,0,2,0,0,0,0,0,0,5406,0,3510,1896,0
1945,49173,19.256583,18.869540,18.896878,0.000000,0.000332,0.000000,0.000000,0.055333,0.013417,1.266500,2110,8107153,138159,0,2,0,2,0,0,0,0,0,0,7208,0,4680,2528,0
1946,49174,19.200750,18.818728,18.842956,0.000000,0.000417,0.000000,0.000000,0.060667,0.014375,1.264958,2128,8107152,140447,0,2,0,2,0,0,0,0,0,0,5406,0,3510,1896,0
1947,49175,19.103792,18.705564,18.734741,0.000000,0.000459,0.000000,0.000000,0.071666,0.013709,1.072542,2166,8107279,139569,0,2,0,2,0,0,0,0,0,0,5406,0,3510,1896,0
1948,49176,19.000750,18.622902,18.631838,0.000000,0.000416,0.000000,0.000000,0.064125,0.013291,0.474000,2069,8107017,136880,0,2,0,2,0,0,0,0,0,0,7208,0,4680,2528,0
1949,49177,18.349333,17.956112,17.996849,0.000000,0.000292,0.000000,0.000000,0.046083,0.047417,0.900875,2119,8107145,140770,0,2,0,2,0,0,0,0,0,0,5663,0,3510,2153,0
1950,49178,19.971708,19.578252,19.597918,0.000000,0.000291,0.000000,0.000000,0.054625,0.019125,1.091083,2118,8107253,148577,0,2,0,2,0,0,0,0,0,0,5555,0,3510,2045,0
1951,49179,21.345125,20.916276,20.851149,0.000000,0.000540,0.000000,0.000000,0.064334,0.014750,0.903250,2272,8106969,147162,0,2,0,2,0,0,0,0,0,0,7208,0,4680,2528,0
1952,49180,20.174625,19.749079,19.784056,0.000000,0.000375,0.000000,0.000000,0.055792,0.027292,0.596624,2259,8107224,139201,0,2,0,2,0,0,0,0,0,0,5406,0,3510,1896,0
1953,49181,18.912000,18.519492,18.550940,0.000000,0.000417,0.000000,0.000000,0.052667,0.014667,0.818041,2187,8107248,136071,0,2,0,2,0,0,0,0,0,0,5406,0,3510,1896,0
1954,49182,19.642709,19.227862,19.263586,0.000000,0.000460,0.000000,0.000000,0.062416,0.014042,0.457584,2222,8107087,140931,0,2,0,2,0,0,0,0,0,0,7208,0,4680,2528,0
1955,49183,19.774916,19.359447,19.399374,0.000000,0.000332,0.000000,0.000000,0.066500,0.013459,0.970166,2223,8107237,142185,0,2,0,2,0,0,0,0,0,0,5406,0,3510,1896,0
1956,49184,19.558292,19.145995,19.191638,0.000000,0.000374,0.000000,0.000000,0.061250,0.014083,0.953833,2196,8107237,139754,0,2,0,2,0,0,0,0,0,0,5406,0,3510,1896,0
1957,49185,19.659750,19.253687,19.300886,0.000000,0.000375,0.000000,0.000000,0.070167,0.012916,1.307500,2192,8107055,140724,0,2,0,2,0,0,0,0,0,0,7208,0,4680,2528,0
1958,49186,19.318792,18.918642,18.962220,0.000000,0.000750,0.000000,0.000000,0.064958,0.014125,1.287749,2158,8107271,139690,0,2,0,2,0,0,0,0,0,0,5406,0,3510,1896,0
1959,49187,19.703208,19.287707,19.309956,0.000000,0.000540,0.000000,0.000000,0.070542,0.030208,1.241208,2145,8107242,137469,0,2,0,2,0,0,0,0,0,0,5406,0,3510,1896,0
1960,49188,19.896625,19.514378,19.536680,0.000000,0.000418,0.000000,0.000000,0.055792,0.013958,0.673750,2098,8107034,137642,0,2,0,2,0,0,0,0,0,0,7208,0,4680,2528,0
1961,49189,20.142958,19.731305,19.743922,0.000000,0.000249,0.000000,0.000000,0.070792,0.027917,1.317458,2149,8107268,139228,0,2,0,2,0,0,0,0,0,0,5406,0,3510,1896,0
1962,49190,20.192542,19.787115,19.747560,0.000000,0.000417,0.000000,0.000000,0.064375,0.021542,1.007625,2154,8107218,137497,0,2,0,2,0,0,0,0,0,0,6430,0,4022,2408,0
1963,49191,18.630958,18.246577,18.244426,0.000000,0.000209,0.000000,0.000000,0.053167,0.042000,1.005541,2074,8106928,134939,0,2,0,2,0,0,0,0,0,0,6641,0,4168,2473,0
1964,49192,21.230667,20.821564,20.791688,0.000000,0.000291,0.000000,0.000000,0.058083,0.015542,1.320041,2164,8107258,147818,0,2,0,2,0,0,0,0,0,0,5406,0,3510,1896,0
1965,49193,19.054042,18.663769,18.700900,0.000000,0.000460,0.000000,0.000000,0.048833,0.015750,1.256542,2126,8107298,138785,0,2,0,2,0,0,0,0,0,0,7184,0,4656,2528,0
1966,49194,20.153666,19.761336,19.698769,0.000000,0.000333,0.000000,0.000000,0.062750,0.021584,1.305458,2134,8107015,141544,0,2,0,2,0,0,0,0,0,0,5430,0,3534,1896,0
1967,49195,19.394125,19.012998,19.043468,0.000000,0.000624,0.000000,0.000000,0.053709,0.044166,0.609375,2100,8107246,139332,0,2,0,2,0,0,0,0,0,0,5406,0,3510,1896,0
1968,49196,18.151167,17.761605,17.771613,0.000000,0.000417,0.000000,0.000000,0.037792,0.010625,0.941499,2072,8106974,137688,0,2,0,2,0,0,0,0,0,0,7367,0,4680,2687,0
1969,49197,20.401708,20.013662,20.052652,0.000000,0.000501,0.000000,0.000000,0.051334,0.013583,1.253375,2146,8107278,150497,0,2,0,2,0,0,0,0,0,0,5406,0,3510,1896,0
1970,49198,18.822917,18.439800,18.450122,0.000000,0.000334,0.000000,0.000000,0.064125,0.015042,0.978500,2086,8107235,138920,0,2,0,2,0,0,0,0,0,0,5406,0,3510,1896,0
1971,49199,18.802917,18.423164,18.464892,0.000000,0.000291,0.000000,0.000000,0.058833,0.065375,1.320541,2063,8107103,137195,0,2,0,2,0,0,0,0,0,0,7208,0,4680,2528,0
1972,49200,19.262583,18.868599,18.854322,0.000000,0.000416,0.000000,0.000000,0.047417,0.012333,0.610542,2111,8107243,140440,0,2,0,2,0,0,0,0,0,0,5406,0,3510,1896,0
1973,49201,20.009083,19.611552,19.570392,0.000000,0.000501,0.000000,0.000000,0.064042,0.015417,0.662209,2138,8107216,139986,0,2,0,2,0,0,0,0,0,0,5406,0,3510,1896,0
1974,49202,19.336084,18.959981,18.948920,0.000000,0.000416,0.000000,0.000000,0.056833,0.014625,0.933958,2039,8107131,136088,0,2,0,2,0,0,0,0,0,0,7208,0,4680,2528,0
1975,49203,19.250750,18.862216,18.903903,0.000000,0.000458,0.000000,0.000000,0.053833,0.016167,1.252667,2153,8107178,140675,0,2,0,2,0,0,0,0,0,0,5406,0,3510,1896,0
1976,49204,18.809708,18.429908,18.464932,0.000000,0.000250,0.000000,0.000000,0.051083,0.015500,1.218208,2077,8107276,138029,0,2,0,2,0,0,0,0,0,0,5406,0,3510,1896,0
1977,49205,19.150083,18.765548,18.796782,0.000000,0.000458,0.000000,0.000000,0.054917,0.052083,0.617041,2084,8107028,137544,0,2,0,2,0,0,0,0,0,0,7208,0,4680,2528,0
1978,49206,19.423792,19.027549,19.023644,0.000000,0.000375,0.000000,0.000000,0.053750,0.013625,1.273708,2146,8107258,140282,0,2,0,2,0,0,0,0,0,0,5406,0,3510,1896,0
1979,49207,18.680625,18.309577,18.325304,0.000000,0.000416,0.000000,0.000000,0.049750,0.012958,0.917458,2064,8107254,138452,0,2,0,2,0,0,0,0,0,0,5406,0,3510,1896,0
1980,49208,18.913708,18.531207,18.567621,0.000000,0.000415,0.000000,0.000000,0.049375,0.013834,1.240417,2076,8107049,137733,0,2,0,2,0,0,0,0,0,0,7208,0,4680,2528,0
1981,49209,18.921459,18.517904,18.553589,0.000000,0.000376,0.000000,0.000000,0.053625,0.018166,1.269583,2081,8107313,138350,0,2,0,2,0,0,0,0,0,0,5406,0,3510,1896,0
1982,49210,19.611125,19.203623,19.209075,0.000000,0.000335,0.000000,0.000000,0.059250,0.015250,0.624208,2212,8107279,141979,0,2,0,2,0,0,0,0,0,0,5406,0,3510,1896,0
1983,49211,18.876291,18.482074,18.517427,0.000000,0.000459,0.000000,0.000000,0.060375,0.018459,1.090291,2051,8106968,136304,0,2,0,2,0,0,0,0,0,0,7208,0,4680,2528,0
1984,49212,19.289209,18.901837,18.917428,0.000000,0.000374,0.000000,0.000000,0.056708,0.032125,1.257708,2112,8107390,139925,0,2,0,2,0,0,0,0,0,0,5406,0,3510,1896,0
1985,49213,19.162125,18.766880,18.792370,0.000000,0.000293,0.000000,0.000000,0.058458,0.014042,1.233833,2185,8107141,139976,0,2,0,2,0,0,0,0,0,0,5406,0,3510,1896,0
1986,49214,18.822875,18.440844,18.470191,0.000000,0.000333,0.000000,0.000000,0.054375,0.014291,1.271250,2064,8107031,136783,0,2,0,2,0,0,0,0,0,0,7208,0,4680,2528,0
1987,49215,19.216000,18.822256,18.846860,0.000000,0.000292,0.000000,0.000000,0.052291,0.056625,0.607167,2152,8107318,140830,0,2,0,2,0,0,0,0,0,0,5406,0,3510,1896,0
1988,49216,19.155875,18.767313,18.752645,0.000000,0.000417,0.000000,0.000000,0.064750,0.014458,0.932124,2106,8107201,137794,0,2,0,2,0,0,0,0,0,0,5406,0,3510,1896,0
1989,49217,18.879833,18.502572,18.522877,0.000000,0.000501,0.000000,0.000000,0.061833,0.017042,0.977832,2071,8107073,137633,0,2,0,2,0,0,0,0,0,0,7208,0,4680,2528,0
1990,49218,19.519125,19.111925,19.154620,0.000000,0.000376,0.000000,0.000000,0.049750,0.015917,1.250084,2152,8107244,141072,0,2,0,2,0,0,0,0,0,0,5406,0,3510,1896,0
1991,49219,18.896375,18.500880,18.546999,0.000000,0.000458,0.000000,0.000000,0.049542,0.049333,1.262000,2149,8107248,138637,0,2,0,2,0,0,0,0,0,0,5406,0,3510,1896,0
1992,49220,19.224417,18.844293,18.780774,0.000000,0.000417,0.000000,0.000000,0.057875,0.014458,0.305291,2042,8107043,136237,0,2,0,2,0,0,0,0,0,0,7208,0,4680,2528,0
1993,49221,19.490708,19.092957,19.122763,0.000000,0.000667,0.000000,0.000000,0.051500,0.013958,0.926125,2156,8107295,141749,0,2,0,2,0,0,0,0,0,0,5406,0,3510,1896,0
1994,49222,18.895250,18.495264,18.532901,0.000000,0.000376,0.000000,0.000000,0.051542,0.018333,1.252957,2158,8107235,138821,0,2,0,2,0,0,0,0,0,0,5406,0,3510,1896,0
1995,49223,18.942000,18.566535,18.583372,0.000000,0.000293,0.000000,0.000000,0.055667,0.012541,1.269708,2075,8107032,136895,0,2,0,2,0,0,0,0,0,0,7208,0,4680,2528,0
1996,49224,18.982708,18.591272,18.626098,0.000000,0.000415,0.000000,0.000000,0.045917,0.012208,0.653666,2134,8107268,140149,0,2,0,2,0,0,0,0,0,0,5406,0,3510,1896,0
1997,49225,19.068542,18.671203,18.700803,0.000000,0.000415,0.000000,0.000000,0.051333,0.032209,1.322500,2169,8107270,139450,0,2,0,2,0,0,0,0,0,0,5406,0,3510,1896,0
1998,49226,19.055083,18.672987,18.696705,0.000000,0.000415,0.000000,0.000000,0.058167,0.016042,0.959500,2053,8107025,136454,0,2,0,2,0,0,0,0,0,0,7208,0,4680,2528,0
1999,49227,18.183250,17.810361,17.850395,0.000000,0.000291,0.000000,0.000000,0.051000,0.011459,1.253208,2091,8107285,140168,0,2,0,2,0,0,0,0,0,0,5691,0,3510,2181,0
2000,49228,20.672084,20.264813,20.311517,0.000000,0.000251,0.000000,0.000000,0.065166,0.013959,1.265125,2145,8107161,149251,0,2,0,2,0,0,0,0,0,0,5406,0,3510,1896,0
2001,49229,19.052041,18.664232,18.691059,0.000000,0.000334,0.000000,0.000000,0.050334,0.021208,1.264625,2094,8107053,137295,0,2,0,2,0,0,0,0,0,0,7208,0,4680,2528,0
2002,49230,20.623417,20.223693,19.926524,0.000000,0.001082,0.000000,0.000000,0.089125,0.016000,0.613292,2150,8107233,140433,0,2,0,2,0,0,0,0,0,0,5406,0,3510,1896,0
2003,49231,19.965333,19.563977,19.608376,0.000000,0.000374,0.000000,0.000000,0.068209,0.013708,0.582500,2173,8107234,138629,0,2,0,2,0,0,0,0,0,0,5406,0,3510,1896,0
2004,49232,18.297167,17.929874,17.970924,0.000000,0.000290,0.000000,0.000000,0.052125,0.014292,0.900125,2056,8107167,135795,0,2,0,2,0,0,0,0,0,0,7367,0,4680,2687,0
2005,49233,20.475292,20.054901,20.099363,0.000000,0.000458,0.000000,0.000000,0.050500,0.019833,1.219042,2342,8107101,151393,0,2,0,2,0,0,0,0,0,0,5406,0,3510,1896,0
2006,49234,18.522750,18.114600,18.160797,0.000000,0.000500,0.000000,0.000000,0.048000,0.012541,1.226708,2295,8107295,137663,0,2,0,2,0,0,0,0,0,0,5406,0,3510,1896,0
2007,49235,18.578375,18.185310,18.227846,0.000000,0.000250,0.000000,0.000000,0.054708,0.018917,0.616875,2205,8106963,136396,0,2,0,2,0,0,0,0,0,0,7208,0,4680,2528,0
2008,49236,19.819583,19.413374,19.453923,0.000000,0.000625,0.000000,0.000000,0.074208,0.051584,0.974791,2232,8107288,138391,0,2,0,2,0,0,0,0,0,0,5406,0,3510,1896,0
2009,49237,20.365792,19.948522,19.927934,0.000000,0.000834,0.000000,0.000000,0.086333,0.038583,0.905250,2279,8107261,138090,0,2,0,2,0,0,0,0,0,0,5406,0,3510,1896,0
2010,49238,21.695666,21.263648,21.030888,0.000000,0.000582,0.000000,0.000000,0.072000,0.038375,0.902167,2200,8107016,136763,0,2,0,2,0,0,0,0,0,0,7208,0,4680,2528,0
2011,49239,19.957125,19.557345,19.530901,0.000000,0.000708,0.000000,0.000000,0.056375,0.019959,0.582417,2184,8107256,136226,0,2,0,2,0,0,0,0,0,0,5406,0,3510,1896,0
2012,49240,18.001959,17.615246,17.655108,0.000000,0.000458,0.000000,0.000000,0.052041,0.013875,1.061833,2065,8107390,132948,0,2,0,2,0,0,0,0,0,0,5406,0,3510,1896,0
2013,49241,19.850375,19.451157,19.493926,0.000000,0.000334,0.000000,0.000000,0.051291,0.029834,1.222209,2239,8106944,145829,0,2,0,2,0,0,0,0,0,0,7208,0,4680,2528,0
2014,49242,19.067750,18.675890,18.715089,0.000000,0.000375,0.000000,0.000000,0.049583,0.019167,0.612333,2181,8107247,141119,0,2,0,2,0,0,0,0,0,0,5406,0,3510,1896,0
2015,49243,19.269000,18.871928,18.897923,0.000000,0.000167,0.000000,0.000000,0.058166,0.019292,1.032291,2219,8106982,141692,0,2,0,2,0,0,0,0,0,0,8692,0,4243,4449,0
2016,49244,19.363958,18.971688,19.015127,0.000000,0.000252,0.000000,0.000000,0.049708,0.018834,1.219292,2197,8107046,141689,0,2,0,2,0,0,0,0,0,0,5963,0,3947,2016,0
2017,49245,18.836875,18.436594,18.468243,0.000000,0.000332,0.000000,0.000000,0.048375,0.014083,1.226416,2222,8107225,142169,0,2,0,2,0,0,0,0,0,0,5406,0,3510,1896,0
2018,49246,19.023625,18.640878,18.667939,0.000000,0.000333,0.000000,0.000000,0.049708,0.014042,1.242833,2140,8107055,138481,0,2,0,2,0,0,0,0,0,0,7208,0,4680,2528,0
2019,49247,19.457583,19.058145,19.098774,0.000000,0.000457,0.000000,0.000000,0.051625,0.020334,0.619625,2235,8107210,143148,0,2,0,2,0,0,0,0,0,0,5406,0,3510,1896,0
2020,49248,18.679000,18.290955,18.335150,0.000000,0.000375,0.000000,0.000000,0.047042,0.013667,1.015041,2166,8107288,140797,0,2,0,2,0,0,0,0,0,0,5406,0,3510,1896,0
2021,49249,18.539584,18.153476,18.192454,0.000000,0.000250,0.000000,0.000000,0.047208,0.012833,1.223376,2150,8107001,137687,0,2,0,2,0,0,0,0,0,0,7208,0,4680,2528,0
2022,49250,18.850125,18.456298,18.500411,0.000000,0.000458,0.000000,0.000000,0.044916,0.013542,1.237500,2193,8107260,142355,0,2,0,2,0,0,0,0,0,0,5406,0,3510,1896,0
2023,49251,18.417625,18.038172,18.071558,0.000000,0.000416,0.000000,0.000000,0.043916,0.018417,0.609375,2128,8107273,139589,0,2,0,2,0,0,0,0,0,0,5406,0,3510,1896,0
2024,49252,18.909500,18.522438,18.564011,0.000000,0.000293,0.000000,0.000000,0.043791,0.011459,0.913167,2177,8107030,140496,0,2,0,2,0,0,0,0,0,0,7208,0,4680,2528,0
2025,49253,19.773291,19.375501,19.361847,0.000000,0.000417,0.000000,0.000000,0.055042,0.015458,1.154541,2219,8107260,143942,0,2,0,2,0,0,0,0,0,0,5406,0,3510,1896,0
2026,49254,18.498917,18.111240,18.153669,0.000000,0.000208,0.000000,0.000000,0.045833,0.013334,1.245959,2166,8107257,139913,0,2,0,2,0,0,0,0,0,0,5406,0,3510,1896,0
2027,49255,18.758667,18.378738,18.415802,0.000000,0.000374,0.000000,0.000000,0.052583,0.015250,1.065959,2139,8107056,138223,0,2,0,2,0,0,0,0,0,0,7208,0,4680,2528,0
2028,49256,18.802333,18.412606,18.455232,0.000000,0.000376,0.000000,0.000000,0.048208,0.013250,0.628834,2178,8107258,140795,0,2,0,2,0,0,0,0,0,0,5406,0,3510,1896,0
2029,49257,18.548667,18.156193,18.194243,0.000000,0.000415,0.000000,0.000000,0.043333,0.011375,1.222707,2200,8107256,137163,0,2,0,2,0,0,0,0,0,0,5406,0,3510,1896,0
2030,49258,19.090875,18.701721,18.732423,0.000000,0.000375,0.000000,0.000000,0.047916,0.012959,1.239626,2177,8107036,142042,0,2,0,2,0,0,0,0,0,0,7208,0,4680,2528,0
2031,49259,19.392708,18.998553,19.041915,0.000000,0.000416,0.000000,0.000000,0.058167,0.012666,0.736709,2208,8107274,143404,0,2,0,2,0,0,0,0,0,0,5406,0,3510,1896,0
2032,49260,19.428750,19.027664,19.065860,0.000000,0.000458,0.000000,0.000000,0.052583,0.019250,0.613042,2201,8107261,139804,0,2,0,2,0,0,0,0,0,0,5406,0,3510,1896,0
2033,49261,19.497167,19.098757,19.120180,0.000000,0.000292,0.000000,0.000000,0.050625,0.012791,1.183917,2178,8107030,138805,0,2,0,2,0,0,0,0,0,0,7208,0,4680,2528,0
2034,49262,19.041000,18.647781,18.674669,0.000000,0.000458,0.000000,0.000000,0.055375,0.019083,0.908082,2173,8107198,141568,0,2,0,2,0,0,0,0,0,0,5535,0,3510,2025,0
2035,49263,20.494791,20.075597,20.084950,0.000000,0.000457,0.000000,0.000000,0.061875,0.014250,1.245875,2237,8107237,147321,0,2,0,2,0,0,0,0,0,0,5406,0,3510,1896,0
2036,49264,19.241459,18.853670,18.847967,0.000000,0.000332,0.000000,0.000000,0.054333,0.013292,1.221333,2134,8107143,137109,0,2,0,2,0,0,0,0,0,0,7208,0,4680,2528,0
2037,49265,18.966416,18.577884,18.617848,0.000000,0.000458,0.000000,0.000000,0.046792,0.050708,1.257917,2165,8107105,141203,0,2,0,2,0,0,0,0,0,0,5628,0,3510,2118,0
2038,49266,21.261834,20.850909,20.839311,0.000000,0.000417,0.000000,0.000000,0.062041,0.034542,1.303375,2211,8107261,153463,0,2,0,2,0,0,0,0,0,0,5406,0,3510,1896,0
2039,49267,19.648958,19.236237,19.269472,0.000000,0.000375,0.000000,0.000000,0.051167,0.017458,0.657167,2202,8107032,140251,0,2,0,2,0,0,0,0,0,0,7208,0,4680,2528,0
2040,49268,19.978833,19.562467,19.606403,0.000000,0.000542,0.000000,0.000000,0.053417,0.014042,0.951042,2209,8107254,144947,0,2,0,2,0,0,0,0,0,0,5406,0,3510,1896,0
2041,49269,20.119000,19.694543,19.737536,0.000000,0.000416,0.000000,0.000000,0.055375,0.018084,0.973708,2281,8107258,144076,0,2,0,2,0,0,0,0,0,0,5406,0,3510,1896,0
2042,49270,19.433084,19.027036,19.070419,0.000000,0.000375,0.000000,0.000000,0.060541,0.014375,0.974709,2209,8107068,140097,0,2,0,2,0,0,0,0,0,0,7208,0,4680,2528,0
2043,49271,20.230541,19.828227,19.850485,0.000000,0.000374,0.000000,0.000000,0.063792,0.030958,1.264791,2219,8107246,145256,0,2,0,2,0,0,0,0,0,0,5406,0,3510,1896,0
2044,49272,19.846417,19.435816,19.468149,0.000000,0.000167,0.000000,0.000000,0.057292,0.021791,1.308750,2245,8107249,142024,0,2,0,2,0,0,0,0,0,0,5406,0,3510,1896,0
2045,49273,19.896500,19.485793,19.511171,0.000000,0.000334,0.000000,0.000000,0.049833,0.017459,0.918791,2208,8107283,141431,0,2,0,2,0,0,0,0,0,0,7208,0,4680,2528,0
2046,49274,20.458000,20.057849,20.076256,0.000000,0.000667,0.000000,0.000000,0.051250,0.012542,1.284083,2209,8107007,144518,0,2,0,2,0,0,0,0,0,0,5406,0,3510,1896,0
2047,49275,20.191542,19.763218,19.769501,0.000000,0.000249,0.000000,0.000000,0.057083,0.013208,0.623416,2276,8107249,143450,0,2,0,2,0,0,0,0,0,0,5406,0,3510,1896,0
2048,49276,19.475541,19.083343,19.108535,0.000000,0.000291,0.000000,0.000000,0.059417,0.013792,0.983208,2156,8107031,137649,0,2,0,2,0,0,0,0,0,0,7208,0,4680,2528,0
2049,49277,20.040750,19.633938,19.682957,0.000000,0.000541,0.000000,0.000000,0.069250,0.013792,1.137250,2183,8107282,143848,0,2,0,2,0,0,0,0,0,0,5406,0,3510,1896,0
2050,49278,19.702500,19.288714,19.321930,0.000000,0.000293,0.000000,0.000000,0.059750,0.027542,1.296042,2215,8107242,140314,0,2,0,2,0,0,0,0,0,0,5406,0,3510,1896,0
2051,49279,19.412917,19.024540,19.046094,0.000000,0.000501,0.000000,0.000000,0.065083,0.016625,1.259416,2156,8107077,137111,0,2,0,2,0,0,0,0,0,0,7208,0,4680,2528,0
2052,49280,19.777750,19.384272,19.418897,0.000000,0.000375,0.000000,0.000000,0.056167,0.038625,1.321208,2166,8107181,142401,0,2,0,2,0,0,0,0,0,0,5406,0,3510,1896,0
2053,49281,19.828375,19.422578,19.417032,0.000000,0.000333,0.000000,0.000000,0.054042,0.015333,1.258833,2240,8107253,141717,0,2,0,2,0,0,0,0,0,0,5406,0,3510,1896,0
2054,49282,22.527667,22.025404,21.682706,0.000000,0.000834,0.000000,0.000000,0.162541,0.020750,0.597499,2135,8107053,137718,0,2,0,2,0,0,0,0,0,0,7208,0,4680,2528,0
2055,49283,24.157083,23.698294,23.155721,0.000000,0.000501,0.000000,0.000000,0.063458,0.017209,0.585124,2139,8107239,143829,0,2,0,2,0,0,0,0,0,0,5565,0,3510,2055,0
2056,49284,21.291292,20.871402,20.875387,0.000000,0.000583,0.000000,0.000000,0.082750,0.013833,0.921376,2145,8107310,147041,0,2,0,2,0,0,0,0,0,0,5406,0,3510,1896,0
2057,49285,20.311708,19.887219,19.890692,0.000000,0.000498,0.000000,0.000000,0.055875,0.014167,1.279625,2155,8106931,139820,0,2,0,2,0,0,0,0,0,0,7208,0,4680,2528,0
2058,49286,20.048042,19.652143,19.640447,0.000000,0.000459,0.000000,0.000000,0.058291,0.024542,1.253083,2157,8107205,142615,0,2,0,2,0,0,0,0,0,0,5406,0,3510,1896,0
2059,49287,19.514125,19.115628,19.138777,0.000000,0.000375,0.000000,0.000000,0.060666,0.014750,1.230958,2194,8107247,140088,0,2,0,2,0,0,0,0,0,0,5406,0,3510,1896,0
2060,49288,19.237583,18.846602,18.874281,0.000000,0.000375,0.000000,0.000000,0.061042,0.013375,0.617833,2121,8107146,138711,0,2,0,2,0,0,0,0,0,0,7208,0,4680,2528,0
2061,49289,19.682958,19.288718,19.308310,0.000000,0.000333,0.000000,0.000000,0.059292,0.019000,1.252334,2122,8107226,141136,0,2,0,2,0,0,0,0,0,0,5406,0,3510,1896,0
2062,49290,19.824000,19.426949,19.445870,0.000000,0.000291,0.000000,0.000000,0.053334,0.014791,0.943917,2218,8107231,142027,0,2,0,2,0,0,0,0,0,0,5406,0,3510,1896,0
2063,49291,19.698042,19.308215,19.338513,0.000000,0.000456,0.000000,0.000000,0.061500,0.014583,1.251999,2130,8107029,139568,0,2,0,2,0,0,0,0,0,0,7208,0,4680,2528,0
2064,49292,19.429083,19.045364,19.059900,0.000000,0.000459,0.000000,0.000000,0.049667,0.012125,1.283542,2117,8107230,139558,0,2,0,2,0,0,0,0,0,0,5406,0,3510,1896,0
2065,49293,19.591959,19.200825,19.242236,0.000000,0.000415,0.000000,0.000000,0.057208,0.013833,1.243542,2144,8107264,140611,0,2,0,2,0,0,0,0,0,0,5406,0,3510,1896,0
2066,49294,19.622708,19.231097,19.264175,0.000000,0.000583,0.000000,0.000000,0.059375,0.014042,0.608584,2132,8107036,139390,0,2,0,2,0,0,0,0,0,0,7208,0,4680,2528,0
2067,49295,18.385167,18.004163,18.036816,0.000000,0.000209,0.000000,0.000000,0.047208,0.051125,0.938583,2083,8107101,137314,0,2,0,2,0,0,0,0,0,0,5863,0,3510,2353,0
2068,49296,20.521291,20.132119,20.095739,0.000000,0.000375,0.000000,0.000000,0.064917,0.020958,0.971541,2121,8107445,146967,0,2,0,2,0,0,0,0,0,0,6910,0,4502,2408,0
2069,49297,20.173459,19.768065,19.779541,0.000000,0.000458,0.000000,0.000000,0.055375,0.016000,1.259208,2135,8106908,142871,0,2,0,2,0,0,0,0,0,0,5704,0,3688,2016,0
2070,49298,19.497250,19.088547,19.127936,0.000000,0.000333,0.000000,0.000000,0.059250,0.015583,0.905084,2127,8107224,140825,0,2,0,2,0,0,0,0,0,0,5406,0,3510,1896,0
2071,49299,19.150500,18.759927,18.803438,0.000000,0.000585,0.000000,0.000000,0.060291,0.021584,1.250041,2107,8107105,138143,0,2,0,2,0,0,0,0,0,0,7208,0,4680,2528,0
2072,49300,19.485291,19.091471,19.124252,0.000000,0.000457,0.000000,0.000000,0.057334,0.014625,0.638292,2117,8107433,142951,0,2,0,2,0,0,0,0,0,0,5406,0,3510,1896,0
2073,49301,18.431625,18.054688,18.094851,0.000000,0.000582,0.000000,0.000000,0.040709,0.011916,0.946750,2113,8106932,142857,0,2,0,2,0,0,0,0,0,0,5538,0,3510,2028,0
2074,49302,20.413084,20.023092,20.069094,0.000000,0.000333,0.000000,0.000000,0.057666,0.018417,1.299083,2122,8107096,150068,0,2,0,2,0,0,0,0,0,0,7208,0,4680,2528,0
2075,49303,20.382958,19.989073,19.939671,0.000000,0.000958,0.000000,0.000000,0.074667,0.013458,1.268708,2130,8107207,144122,0,2,0,2,0,0,0,0,0,0,5406,0,3510,1896,0
2076,49304,20.041292,19.643533,19.626318,0.000000,0.000875,0.000000,0.000000,0.057958,0.013750,0.592792,2127,8107306,141524,0,2,0,2,0,0,0,0,0,0,5406,0,3510,1896,0
2077,49305,19.906541,19.507715,19.521564,0.000000,0.000334,0.000000,0.000000,0.049209,0.017916,1.261375,2142,8107029,141244,0,2,0,2,0,0,0,0,0,0,7208,0,4680,2528,0
2078,49306,19.984917,19.561882,19.599313,0.000000,0.000460,0.000000,0.000000,0.056542,0.016416,1.272207,2149,8107241,144627,0,2,0,2,0,0,0,0,0,0,5406,0,3510,1896,0
2079,49307,19.574125,19.173763,19.161256,0.000000,0.000292,0.000000,0.000000,0.069000,0.020000,0.628375,2153,8107277,141324,0,2,0,2,0,0,0,0,0,0,5406,0,3510,1896,0
2080,49308,19.615583,19.215998,19.213782,0.000000,0.000583,0.000000,0.000000,0.054250,0.014167,0.945333,2147,8107059,138477,0,2,0,2,0,0,0,0,0,0,7208,0,4680,2528,0
2081,49309,21.063375,20.627705,20.639296,0.000000,0.000624,0.000000,0.000000,0.090417,0.015042,1.424250,2144,8107214,144485,0,2,0,2,0,0,0,0,0,0,5406,0,3510,1896,0
2082,49310,20.312417,19.909357,19.902640,0.000000,0.000375,0.000000,0.000000,0.076833,0.018042,1.284459,2155,8107292,140996,0,2,0,2,0,0,0,0,0,0,5406,0,3510,1896,0
2083,49311,20.150708,19.758711,19.767127,0.000000,0.000291,0.000000,0.000000,0.056292,0.016500,1.364334,2128,8107019,138589,0,2,0,2,0,0,0,0,0,0,7208,0,4680,2528,0
2084,49312,19.646375,19.262173,19.296505,0.000000,0.000210,0.000000,0.000000,0.061834,0.014708,1.303584,2118,8107255,142215,0,2,0,2,0,0,0,0,0,0,5406,0,3510,1896,0
2085,49313,19.882584,19.476168,19.502641,0.000000,0.000416,0.000000,0.000000,0.054208,0.014583,1.248708,2182,8107264,142820,0,2,0,2,0,0,0,0,0,0,5406,0,3510,1896,0
2086,49314,18.780250,18.380450,18.423187,0.000000,0.000373,0.000000,0.000000,0.053333,0.015958,0.612709,2126,8107028,141233,0,2,0,2,0,0,0,0,0,0,7367,0,4680,2687,0
2087,49315,20.552583,20.160224,20.193528,0.000000,0.000499,0.000000,0.000000,0.066375,0.013833,0.897874,2125,8107269,150353,0,2,0,2,0,0,0,0,0,0,5406,0,3510,1896,0
2088,49316,19.380667,18.982047,18.994837,0.000000,0.000416,0.000000,0.000000,0.048958,0.018958,0.601584,2167,8107195,140043,0,2,0,2,0,0,0,0,0,0,5406,0,3510,1896,0
2089,49317,19.630416,19.241942,19.273448,0.000000,0.000417,0.000000,0.000000,0.061834,0.020000,1.254709,2123,8107228,140335,0,2,0,2,0,0,0,0,0,0,7208,0,4680,2528,0
2090,49318,19.720792,19.322582,19.357470,0.000000,0.000416,0.000000,0.000000,0.053375,0.013750,1.267708,2131,8107074,143573,0,2,0,2,0,0,0,0,0,0,5406,0,3510,1896,0
2091,49319,19.521958,19.117879,19.135049,0.000000,0.000250,0.000000,0.000000,0.049209,0.013041,1.263875,2205,8107253,141820,0,2,0,2,0,0,0,0,0,0,5406,0,3510,1896,0
2092,49320,19.256959,18.876951,18.894791,0.000000,0.000583,0.000000,0.000000,0.062166,0.014375,0.608875,2099,8107198,137686,0,2,0,2,0,0,0,0,0,0,7208,0,4680,2528,0
2093,49321,20.630000,20.214492,20.236510,0.000000,0.000375,0.000000,0.000000,0.072750,0.031958,1.357625,2155,8107095,143743,0,2,0,2,0,0,0,0,0,0,5406,0,3510,1896,0
2094,49322,19.954625,19.545302,19.564549,0.000000,0.000375,0.000000,0.000000,0.061958,0.013750,1.063292,2168,8107258,140087,0,2,0,2,0,0,0,0,0,0,5406,0,3510,1896,0
2095,49323,19.934666,19.529060,19.533957,0.000000,0.000416,0.000000,0.000000,0.054792,0.020917,1.408542,2114,8107058,138564,0,2,0,2,0,0,0,0,0,0,7208,0,4680,2528,0
2096,49324,19.666125,19.275245,19.292578,0.000000,0.000458,0.000000,0.000000,0.067792,0.017958,1.269209,2156,8107260,142138,0,2,0,2,0,0,0,0,0,0,5406,0,3510,1896,0
2097,49325,19.966917,19.558700,19.595473,0.000000,0.000541,0.000000,0.000000,0.060333,0.026209,1.094458,2197,8107308,141351,0,2,0,2,0,0,0,0,0,0,5406,0,3510,1896,0
2098,49326,19.142750,18.752413,18.787537,0.000000,0.000625,0.000000,0.000000,0.061958,0.013042,1.249375,2096,8107090,137753,0,2,0,2,0,0,0,0,0,0,7208,0,4680,2528,0
2099,49327,19.923917,19.529884,19.572052,0.000000,0.000335,0.000000,0.000000,0.052583,0.040333,1.284542,2159,8107158,143076,0,2,0,2,0,0,0,0,0,0,5406,0,3510,1896,0
2100,49328,19.201458,18.808393,18.818318,0.000000,0.000416,0.000000,0.000000,0.054167,0.014208,0.608916,2157,8107252,139988,0,2,0,2,0,0,0,0,0,0,5406,0,3510,1896,0
2101,49329,19.180292,18.791927,18.826010,0.000000,0.000418,0.000000,0.000000,0.058500,0.015750,0.975792,2117,8107085,139057,0,2,0,2,0,0,0,0,0,0,7208,0,4680,2528,0
2102,49330,19.746750,19.347380,19.369078,0.000000,0.000293,0.000000,0.000000,0.052250,0.011750,0.977250,2142,8107222,142823,0,2,0,2,0,0,0,0,0,0,5406,0,3510,1896,0
2103,49331,19.396458,18.986197,19.014948,0.000000,0.000293,0.000000,0.000000,0.051667,0.012666,0.968166,2173,8107277,140226,0,2,0,2,0,0,0,0,0,0,5406,0,3510,1896,0
2104,49332,19.803000,19.418897,19.288218,0.000000,0.000333,0.000000,0.000000,0.054833,0.014334,1.072291,2108,8107022,138004,0,2,0,2,0,0,0,0,0,0,7208,0,4680,2528,0
2105,49333,19.616792,19.229473,19.255782,0.000000,0.000335,0.000000,0.000000,0.051750,0.046458,1.222958,2134,8107296,143844,0,2,0,2,0,0,0,0,0,0,5406,0,3510,1896,0
2106,49334,19.291125,18.863898,18.887571,0.000000,0.000292,0.000000,0.000000,0.049166,0.014625,0.607375,2191,8107232,141870,0,2,0,2,0,0,0,0,0,0,5406,0,3510,1896,0
2107,49335,18.980000,18.591720,18.619568,0.000000,0.000250,0.000000,0.000000,0.048000,0.013083,0.925042,2115,8107005,138455,0,2,0,2,0,0,0,0,0,0,7208,0,4680,2528,0
2108,49336,19.606375,19.208554,19.244305,0.000000,0.000459,0.000000,0.000000,0.057875,0.013791,1.326417,2149,8107262,142846,0,2,0,2,0,0,0,0,0,0,5406,0,3510,1896,0
2109,49337,19.386750,18.982033,19.015265,0.000000,0.000208,0.000000,0.000000,0.053291,0.014584,1.303167,2191,8107280,141365,0,2,0,2,0,0,0,0,0,0,5406,0,3510,1896,0
2110,49338,18.733000,18.345137,18.394507,0.000000,0.000376,0.000000,0.000000,0.050500,0.013375,0.642916,2106,8107242,138238,0,2,0,2,0,0,0,0,0,0,7208,0,4680,2528,0
2111,49339,19.549916,19.143558,19.185202,0.000000,0.000334,0.000000,0.000000,0.050834,0.023375,1.294250,2130,8107017,142890,0,2,0,2,0,0,0,0,0,0,5406,0,3510,1896,0
2112,49340,19.353792,18.958074,18.997981,0.000000,0.000375,0.000000,0.000000,0.055208,0.041834,1.319917,2184,8107251,140646,0,2,0,2,0,0,0,0,0,0,5406,0,3510,1896,0
2113,49341,19.564917,19.170521,19.182695,0.000000,0.000375,0.000000,0.000000,0.057916,0.014917,1.355334,2128,8107122,140356,0,2,0,2,0,0,0,0,0,0,7208,0,4680,2528,0
2114,49342,19.488791,19.095889,19.130660,0.000000,0.000458,0.000000,0.000000,0.050500,0.011375,1.313749,2142,8107169,141242,0,2,0,2,0,0,0,0,0,0,5406,0,3510,1896,0
2115,49343,19.186042,18.780969,18.813812,0.000000,0.000458,0.000000,0.000000,0.047125,0.019750,1.261625,2181,8107460,140662,0,2,0,2,0,0,0,0,0,0,5406,0,3510,1896,0
2116,49344,18.597958,18.210682,18.227869,0.000000,0.000291,0.000000,0.000000,0.040042,0.010958,0.624916,2119,8106876,141829,0,2,0,2,0,0,0,0,0,0,7353,0,4680,2673,0
2117,49345,20.799625,20.398295,20.430667,0.000000,0.000417,0.000000,0.000000,0.051959,0.058666,0.945874,2212,8107385,149346,0,2,0,2,0,0,0,0,0,0,5406,0,3510,1896,0
2118,49346,19.263542,18.867055,18.863432,0.000000,0.000292,0.000000,0.000000,0.068292,0.014000,0.899125,2183,8107031,139893,0,2,0,2,0,0,0,0,0,0,5406,0,3510,1896,0
2119,49347,18.782792,18.392226,18.418763,0.000000,0.000458,0.000000,0.000000,0.080041,0.073292,1.264417,2125,8106955,139340,0,2,0,2,0,0,0,0,0,0,7404,0,4680,2724,0
2120,49348,20.891750,20.480162,20.455112,0.000000,0.000417,0.000000,0.000000,0.070500,0.014291,1.263750,2196,8107270,148174,0,2,0,2,0,0,0,0,0,0,5406,0,3510,1896,0
2121,49349,19.975291,19.573613,19.564220,0.000000,0.000374,0.000000,0.000000,0.060459,0.014166,0.910250,2161,8107417,140924,0,2,0,2,0,0,0,0,0,0,7004,0,4536,2468,0
2122,49350,19.608375,19.219074,19.257553,0.000000,0.000333,0.000000,0.000000,0.062167,0.018042,1.299750,2162,8106533,141348,0,2,0,2,0,0,0,0,0,0,7651,0,3654,3997,0
2123,49351,19.652042,19.253754,19.271697,0.000000,0.000334,0.000000,0.000000,0.064458,0.024375,0.661542,2153,8107266,140541,0,2,0,2,0,0,0,0,0,0,5406,0,3510,1896,0
2124,49352,19.477208,19.087140,19.119678,0.000000,0.000416,0.000000,0.000000,0.064584,0.013708,0.961500,2124,8107230,137795,0,2,0,2,0,0,0,0,0,0,7208,0,4680,2528,0
2125,49353,19.852875,19.453359,19.486087,0.000000,0.000624,0.000000,0.000000,0.052959,0.015750,0.984001,2178,8107084,144174,0,2,0,2,0,0,0,0,0,0,5406,0,3510,1896,0
2126,49354,20.004625,19.615141,19.561802,0.000000,0.000624,0.000000,0.000000,0.058292,0.014042,0.972499,2138,8107241,140218,0,2,0,2,0,0,0,0,0,0,5406,0,3510,1896,0
2127,49355,19.254834,18.867635,18.887654,0.000000,0.000458,0.000000,0.000000,0.045041,0.014750,1.265625,2135,8107049,137901,0,2,0,2,0,0,0,0,0,0,7208,0,4680,2528,0
2128,49356,19.833333,19.427986,19.455633,0.000000,0.000500,0.000000,0.000000,0.065750,0.017125,1.099958,2152,8107289,143046,0,2,0,2,0,0,0,0,0,0,5406,0,3510,1896,0
2129,49357,19.467000,19.074316,19.080129,0.000000,0.000376,0.000000,0.000000,0.051917,0.014458,0.315583,2159,8107255,141071,0,2,0,2,0,0,0,0,0,0,5406,0,3510,1896,0
2130,49358,19.081333,18.675309,18.722623,0.000000,0.000415,0.000000,0.000000,0.051709,0.014250,1.012125,2134,8107238,138061,0,2,0,2,0,0,0,0,0,0,7208,0,4680,2528,0
2131,49359,19.882875,19.481470,19.512823,0.000000,0.000458,0.000000,0.000000,0.055792,0.014750,0.906541,2163,8107072,142894,0,2,0,2,0,0,0,0,0,0,5406,0,3510,1896,0
2132,49360,19.380209,18.980452,19.008570,0.000000,0.000459,0.000000,0.000000,0.062375,0.048708,1.124500,2118,8107322,140063,0,2,0,2,0,0,0,0,0,0,5406,0,3510,1896,0
2133,49361,19.173875,18.785503,18.797215,0.000000,0.000500,0.000000,0.000000,0.051916,0.023709,1.223583,2142,8107009,139009,0,2,0,2,0,0,0,0,0,0,7208,0,4680,2528,0
2134,49362,19.865375,19.461426,19.466682,0.000000,0.000250,0.000000,0.000000,0.058375,0.013000,0.932626,2167,8107217,142468,0,2,0,2,0,0,0,0,0,0,5406,0,3510,1896,0
2135,49363,19.844375,19.442998,19.457490,0.000000,0.000417,0.000000,0.000000,0.059125,0.014625,0.303250,2170,8107302,140296,0,2,0,2,0,0,0,0,0,0,5406,0,3510,1896,0
2136,49364,19.473583,19.077453,19.090807,0.000000,0.000334,0.000000,0.000000,0.060708,0.015084,1.038125,2132,8106988,137950,0,2,0,2,0,0,0,0,0,0,7208,0,4680,2528,0
2137,49365,19.857292,19.465041,19.484615,0.000000,0.000251,0.000000,0.000000,0.059000,0.012750,1.292375,2163,8107356,143075,0,2,0,2,0,0,0,0,0,0,5406,0,3510,1896,0
2138,49366,19.319166,18.923238,18.947548,0.000000,0.000333,0.000000,0.000000,0.061125,0.021625,1.290042,2185,8107215,140124,0,2,0,2,0,0,0,0,0,0,5406,0,3510,1896,0
2139,49367,18.712667,18.321584,18.340392,0.000000,0.000290,0.000000,0.000000,0.052375,0.014083,1.219375,2139,8106929,137383,0,2,0,2,0,0,0,0,0,0,7388,0,4680,2708,0
2140,49368,20.636792,20.248447,20.281922,0.000000,0.000376,0.000000,0.000000,0.058500,0.037250,1.282250,2142,8107254,150118,0,2,0,2,0,0,0,0,0,0,5406,0,3510,1896,0
2141,49369,19.594958,19.191438,19.215653,0.000000,0.000331,0.000000,0.000000,0.052167,0.013833,0.654375,2198,8107305,141059,0,2,0,2,0,0,0,0,0,0,5406,0,3510,1896,0
2142,49370,19.634250,19.235590,19.273440,0.000000,0.000333,0.000000,0.000000,0.050042,0.017875,1.145000,2165,8106992,139280,0,2,0,2,0,0,0,0,0,0,7208,0,4680,2528,0
2143,49371,19.781250,19.384370,19.379295,0.000000,0.000375,0.000000,0.000000,0.072667,0.029791,0.953916,2171,8107280,143113,0,2,0,2,0,0,0,0,0,0,5406,0,3510,1896,0
2144,49372,20.252292,19.850200,19.870534,0.000000,0.000291,0.000000,0.000000,0.048458,0.041375,0.981499,2212,8107356,142348,0,2,0,2,0,0,0,0,0,0,5406,0,3510,1896,0
2145,49373,19.780583,19.384403,19.407706,0.000000,0.000208,0.000000,0.000000,0.051458,0.016625,1.229833,2170,8106960,141203,0,2,0,2,0,0,0,0,0,0,7208,0,4680,2528,0
2146,49374,19.960958,19.567261,19.578539,0.000000,0.000250,0.000000,0.000000,0.053292,0.020958,1.289750,2162,8107210,142988,0,2,0,2,0,0,0,0,0,0,5406,0,3510,1896,0
2147,49375,19.581875,19.170238,19.196573,0.000000,0.000419,0.000000,0.000000,0.045000,0.012292,1.320208,2213,8107283,141283,0,2,0,2,0,0,0,0,0,0,5406,0,3510,1896,0
2148,49376,19.696750,19.299857,19.322623,0.000000,0.000167,0.000000,0.000000,0.045792,0.018417,0.630500,2178,8107137,139675,0,2,0,2,0,0,0,0,0,0,7208,0,4680,2528,0
2149,49377,19.580000,19.168307,19.179090,0.000000,0.000333,0.000000,0.000000,0.055250,0.015750,1.133625,2156,8107203,143603,0,2,0,2,0,0,0,0,0,0,5406,0,3510,1896,0
2150,49378,20.238084,19.830013,19.833494,0.000000,0.000417,0.000000,0.000000,0.056625,0.027166,0.901501,2228,8107217,141483,0,2,0,2,0,0,0,0,0,0,5406,0,3510,1896,0
2151,49379,19.591666,19.191530,19.230586,0.000000,0.000290,0.000000,0.000000,0.054667,0.010792,1.261750,2175,8107263,139503,0,2,0,2,0,0,0,0,0,0,7208,0,4680,2528,0
2152,49380,19.894584,19.491532,19.504565,0.000000,0.000376,0.000000,0.000000,0.059500,0.022166,0.962209,2176,8107028,143266,0,2,0,2,0,0,0,0,0,0,5406,0,3510,1896,0
2153,49381,19.821833,19.414312,19.442354,0.000000,0.000458,0.000000,0.000000,0.056375,0.025000,1.314999,2219,8107300,142321,0,2,0,2,0,0,0,0,0,0,5406,0,3510,1896,0
2154,49382,19.366000,18.953656,18.981313,0.000000,0.000500,0.000000,0.000000,0.044583,0.012959,1.317250,2187,8106977,142925,0,2,0,2,0,0,0,0,0,0,7208,0,4680,2528,0
2155,49383,20.998458,20.559256,20.500809,0.000000,0.000251,0.000000,0.000000,0.052375,0.015209,1.285209,2168,8107271,146665,0,2,0,2,0,0,0,0,0,0,5406,0,3510,1896,0
2156,49384,19.804375,19.402624,19.438498,0.000000,0.000332,0.000000,0.000000,0.050292,0.019208,0.610458,2212,8107245,140723,0,2,0,2,0,0,0,0,0,0,5406,0,3510,1896,0
2157,49385,19.320500,18.920288,18.954536,0.000000,0.000334,0.000000,0.000000,0.052250,0.013334,0.934458,2176,8107090,143083,0,2,0,2,0,0,0,0,0,0,7344,0,4680,2664,0
2158,49386,20.561542,20.161616,20.206382,0.000000,0.000292,0.000000,0.000000,0.053542,0.018583,1.307667,2167,8107096,147348,0,2,0,2,0,0,0,0,0,0,5406,0,3510,1896,0
2159,49387,19.760625,19.351876,19.381909,0.000000,0.000291,0.000000,0.000000,0.054417,0.051666,0.949417,2221,8107445,142753,0,2,0,2,0,0,0,0,0,0,5406,0,3510,1896,0
2160,49388,19.564292,19.167135,19.178117,0.000000,0.000459,0.000000,0.000000,0.060208,0.021750,1.262334,2153,8106815,138772,0,2,0,2,0,0,0,0,0,0,7208,0,4680,2528,0
2161,49389,20.136541,19.736872,19.765825,0.000000,0.000291,0.000000,0.000000,0.060375,0.019834,1.310166,2189,8107252,144428,0,2,0,2,0,0,0,0,0,0,5406,0,3510,1896,0
2162,49390,19.461500,19.059658,19.091388,0.000000,0.000458,0.000000,0.000000,0.050709,0.014416,1.308291,2209,8107273,140901,0,2,0,2,0,0,0,0,0,0,5406,0,3510,1896,0
2163,49391,18.801709,18.414222,18.445938,0.000000,0.000417,0.000000,0.000000,0.054500,0.012791,0.610000,2144,8106995,138627,0,2,0,2,0,0,0,0,0,0,7208,0,4680,2528,0
2164,49392,19.759958,19.367589,19.394548,0.000000,0.000416,0.000000,0.000000,0.057167,0.016541,1.278374,2158,8107256,142636,0,2,0,2,0,0,0,0,0,0,5406,0,3510,1896,0
2165,49393,19.962333,19.545405,19.574914,0.000000,0.000291,0.000000,0.000000,0.058875,0.013000,1.265667,2260,8107288,142946,0,2,0,2,0,0,0,0,0,0,5406,0,3510,1896,0
2166,49394,19.359042,18.968888,19.014443,0.000000,0.000417,0.000000,0.000000,0.049667,0.014416,1.293583,2138,8107032,139649,0,2,0,2,0,0,0,0,0,0,7208,0,4680,2528,0
2167,49395,19.685667,19.289048,19.311232,0.000000,0.000374,0.000000,0.000000,0.055250,0.011041,1.267541,2171,8107251,141809,0,2,0,2,0,0,0,0,0,0,5406,0,3510,1896,0
2168,49396,19.414583,19.021638,19.049646,0.000000,0.000417,0.000000,0.000000,0.053542,0.013750,0.651958,2184,8107264,140299,0,2,0,2,0,0,0,0,0,0,5406,0,3510,1896,0
2169,49397,19.647625,19.242058,19.284700,0.000000,0.000334,0.000000,0.000000,0.053292,0.014041,1.265958,2166,8107044,141364,0,2,0,2,0,0,0,0,0,0,7208,0,4680,2528,0
2170,49398,19.759083,19.366420,19.351225,0.000000,0.000541,0.000000,0.000000,0.055334,0.014416,0.943166,2142,8107337,140580,0,2,0,2,0,0,0,0,0,0,5406,0,3510,1896,0
2171,49399,19.587292,19.193635,19.197348,0.000000,0.000375,0.000000,0.000000,0.052167,0.011666,1.251751,2152,8107243,140355,0,2,0,2,0,0,0,0,0,0,5406,0,3510,1896,0
2172,49400,20.568500,20.173822,20.201402,0.000000,0.000333,0.000000,0.000000,0.075458,0.013750,0.783750,2125,8106985,140032,0,2,0,2,0,0,0,0,0,0,7208,0,4680,2528,0
2173,49401,19.808750,19.414597,19.460467,0.000000,0.000668,0.000000,0.000000,0.056458,0.013250,0.588166,2164,8107251,141423,0,2,0,2,0,0,0,0,0,0,5406,0,3510,1896,0
2174,49402,18.530167,18.150736,18.192907,0.000000,0.000416,0.000000,0.000000,0.050458,0.011500,1.228917,2127,8107128,139680,0,2,0,2,0,0,0,0,0,0,7004,0,4536,2468,0
2175,49403,19.079041,18.690357,18.724834,0.000000,0.000210,0.000000,0.000000,0.051917,0.012792,0.618625,2152,8107166,141304,0,2,0,2,0,0,0,0,0,0,5610,0,3654,1956,0
2176,49404,18.773625,18.393849,18.437827,0.000000,0.000415,0.000000,0.000000,0.055334,0.013250,0.906374,2131,8107277,140272,0,2,0,2,0,0,0,0,0,0,5406,0,3510,1896,0
2177,49405,19.369750,18.982465,18.981353,0.000000,0.000501,0.000000,0.000000,0.058500,0.012667,0.872667,2145,8107086,139297,0,2,0,2,0,0,0,0,0,0,7208,0,4680,2528,0
2178,49406,19.375834,18.979720,19.019379,0.000000,0.000374,0.000000,0.000000,0.053791,0.016292,1.215875,2179,8107246,142807,0,2,0,2,0,0,0,0,0,0,5406,0,3510,1896,0
2179,49407,18.836833,18.440164,18.488830,0.000000,0.000500,0.000000,0.000000,0.046917,0.013291,0.608250,2141,8107223,140607,0,2,0,2,0,0,0,0,0,0,5406,0,3510,1896,0
2180,49408,18.664833,18.266428,18.297479,0.000000,0.000459,0.000000,0.000000,0.052917,0.012667,1.218208,2141,8107045,138133,0,2,0,2,0,0,0,0,0,0,7208,0,4680,2528,0
2181,49409,19.318250,18.923760,18.965343,0.000000,0.000376,0.000000,0.000000,0.071167,0.016625,0.908209,2194,8107284,144341,0,2,0,2,0,0,0,0,0,0,5406,0,3510,1896,0
2182,49410,18.566042,18.180863,18.219511,0.000000,0.000542,0.000000,0.000000,0.057792,0.011708,1.231792,2135,8107250,140182,0,2,0,2,0,0,0,0,0,0,5406,0,3510,1896,0
2183,49411,18.389083,18.012575,18.045735,0.000000,0.000418,0.000000,0.000000,0.046000,0.013375,1.214041,2132,8107027,138199,0,2,0,2,0,0,0,0,0,0,7208,0,4680,2528,0
2184,49412,18.708500,18.314361,18.362596,0.000000,0.000249,0.000000,0.000000,0.050042,0.013583,0.621208,2140,8107250,141812,0,2,0,2,0,0,0,0,0,0,5406,0,3510,1896,0
2185,49413,18.033459,17.655457,17.696774,0.000000,0.000332,0.000000,0.000000,0.046916,0.011875,0.737709,2147,8107183,141260,0,2,0,2,0,0,0,0,0,0,5586,0,3510,2076,0
2186,49414,20.569166,20.169984,20.217370,0.000000,0.000501,0.000000,0.000000,0.056459,0.021416,1.219542,2200,8107005,152699,0,2,0,2,0,0,0,0,0,0,7208,0,4680,2528,0
2187,49415,19.108417,18.717938,18.765342,0.000000,0.000250,0.000000,0.000000,0.047917,0.013083,1.222292,2190,8107261,145757,0,2,0,2,0,0,0,0,0,0,5406,0,3510,1896,0
2188,49416,18.905417,18.504873,18.550298,0.000000,0.000333,0.000000,0.000000,0.042958,0.011458,0.608250,2245,8107257,144715,0,2,0,2,0,0,0,0,0,0,5406,0,3510,1896,0
2189,49417,18.247250,17.857644,17.902383,0.000000,0.000334,0.000000,0.000000,0.035083,0.010292,1.093750,2204,8106975,145324,0,2,0,2,0,0,0,0,0,0,7342,0,4680,2662,0
2190,49418,20.266500,19.865448,19.908425,0.000000,0.000334,0.000000,0.000000,0.047375,0.017875,1.251667,2215,8107296,152300,0,2,0,2,0,0,0,0,0,0,5406,0,3510,1896,0
2191,49419,18.960875,18.547816,18.601117,0.000000,0.000582,0.000000,0.000000,0.044958,0.012208,1.217500,2261,8107287,143965,0,2,0,2,0,0,0,0,0,0,5406,0,3510,1896,0
2192,49420,18.789000,18.397012,18.439824,0.000000,0.000666,0.000000,0.000000,0.052625,0.014041,1.225375,2192,8107041,140625,0,2,0,2,0,0,0,0,0,0,7208,0,4680,2528,0
2193,49421,19.078541,18.683649,18.728974,0.000000,0.000543,0.000000,0.000000,0.048000,0.011500,0.616625,2211,8107209,146607,0,2,0,2,0,0,0,0,0,0,5406,0,3510,1896,0
2194,49422,19.350834,18.948283,18.955357,0.000000,0.000418,0.000000,0.000000,0.073916,0.012750,0.922042,2238,8107242,143049,0,2,0,2,0,0,0,0,0,0,5406,0,3510,1896,0
2195,49423,18.929291,18.535155,18.575399,0.000000,0.000543,0.000000,0.000000,0.047750,0.013167,0.947083,2201,8107172,141693,0,2,0,2,0,0,0,0,0,0,7208,0,4680,2528,0
2196,49424,18.644000,18.260308,18.303187,0.000000,0.000501,0.000000,0.000000,0.046792,0.010500,1.219958,2151,8107128,142277,0,2,0,2,0,0,0,0,0,0,5406,0,3510,1896,0
2197,49425,19.069500,18.674437,18.707351,0.000000,0.000417,0.000000,0.000000,0.053625,0.014084,1.070250,2229,8107355,142547,0,2,0,2,0,0,0,0,0,0,5406,0,3510,1896,0
2198,49426,20.133375,19.717627,19.681479,0.000000,0.000541,0.000000,0.000000,0.103125,0.020334,0.291125,2130,8106984,138001,0,2,0,2,0,0,0,0,0,0,7208,0,4680,2528,0
2199,49427,21.031667,20.636474,20.667428,0.000000,0.000791,0.000000,0.000000,0.080542,0.038166,0.929167,2162,8107249,142880,0,2,0,2,0,0,0,0,0,0,5406,0,3510,1896,0
2200,49428,19.581833,19.182745,19.203429,0.000000,0.000875,0.000000,0.000000,0.078792,0.015083,0.643291,2189,8107363,142488,0,2,0,2,0,0,0,0,0,0,5565,0,3510,2055,0
2201,49429,24.706084,24.287491,23.612488,0.000000,0.000875,0.000000,0.000000,0.105083,0.019125,0.898624,2160,8106824,147556,0,2,0,2,0,0,0,0,0,0,7208,0,4680,2528,0
2202,49430,31.065125,30.499405,27.770141,0.000000,0.001166,0.000000,0.000000,0.124583,0.017333,0.621833,2162,8107264,144573,0,2,0,2,0,0,0,0,0,0,5406,0,3510,1896,0
2203,49431,22.395125,21.986138,21.745323,0.000000,0.000500,0.000000,0.000000,0.078750,0.024958,1.175083,2181,8107235,141725,0,2,0,2,0,0,0,0,0,0,5406,0,3510,1896,0
2204,49432,21.340750,20.931533,20.897043,0.000000,0.000833,0.000000,0.000000,0.117500,0.019291,0.603958,2119,8107320,138267,0,2,0,2,0,0,0,0,0,0,7208,0,4680,2528,0
2205,49433,23.726958,23.303032,23.010348,0.000000,0.001125,0.000000,0.000000,0.083042,0.020500,0.916125,2149,8106999,144269,0,2,0,2,0,0,0,0,0,0,5406,0,3510,1896,0
2206,49434,22.336417,21.912611,21.579700,0.000000,0.000583,0.000000,0.000000,0.115250,0.030208,0.591416,2163,8107245,140471,0,2,0,2,0,0,0,0,0,0,5406,0,3510,1896,0
2207,49435,26.450250,25.965552,24.703493,0.000000,0.000833,0.000000,0.000000,0.151041,0.038250,0.622625,2118,8107108,138689,0,2,0,2,0,0,0,0,0,0,7208,0,4680,2528,0
2208,49436,25.641708,25.212936,23.901145,0.000000,0.000917,0.000000,0.000000,0.091750,0.054708,0.927333,2140,8107246,142645,0,2,0,2,0,0,0,0,0,0,5406,0,3510,1896,0
2209,49437,42.864875,42.288509,29.340494,0.000000,0.001292,0.000000,0.000000,0.088000,0.016917,1.241250,2189,8107200,141449,0,2,0,2,0,0,0,0,0,0,5406,0,3510,1896,0
2210,49438,30.380042,29.807538,27.019289,0.000000,0.000793,0.000000,0.000000,0.103500,0.019500,0.883917,2115,8107119,138290,0,2,0,2,0,0,0,0,0,0,7208,0,4680,2528,0
2211,49439,38.554916,38.001503,28.479234,0.000000,0.001249,0.000000,0.000000,0.146959,0.048083,0.882791,2159,8107187,142948,0,4,0,4,0,0,0,0,0,0,5406,0,3510,1896,0
2212,49440,32.365959,31.792283,29.322446,0.000000,0.002042,0.000000,0.000000,0.100583,0.015833,0.885959,2158,8107169,140044,0,2,0,2,0,0,0,0,0,0,5406,0,3510,1896,0
2213,49441,27.137250,26.661495,25.632894,0.000000,0.002542,0.000000,0.000000,0.258041,0.031250,0.899333,2142,8107028,139601,0,2,0,2,0,0,0,0,0,0,7208,0,4680,2528,0
2214,49442,32.510666,31.913189,29.646655,0.000000,0.001416,0.000000,0.000000,0.180459,0.020250,0.895083,2159,8107212,143018,0,2,0,2,0,0,0,0,0,0,5406,0,3510,1896,0
2215,49443,23.509959,23.170421,22.849144,0.000000,0.001042,0.000000,0.000000,0.099416,0.026292,0.613042,2188,8107233,141029,0,2,0,2,0,0,0,0,0,0,5406,0,3510,1896,0
2216,49444,23.999541,23.569835,23.070082,0.000000,0.001208,0.000000,0.000000,0.110000,0.019417,0.621542,2108,8107127,137901,0,2,0,2,0,0,0,0,0,0,7208,0,4680,2528,0
2217,49445,22.978000,22.571403,22.453124,0.000000,0.000874,0.000000,0.000000,0.083375,0.049542,0.587792,2155,8107170,144031,0,2,0,2,0,0,0,0,0,0,5406,0,3510,1896,0
2218,49446,22.163542,21.745985,21.569042,0.000000,0.000959,0.000000,0.000000,0.111708,0.040250,0.919042,2185,8107222,140445,0,2,0,2,0,0,0,0,0,0,5406,0,3510,1896,0
2219,49447,23.000667,22.575559,22.277842,0.000000,0.000750,0.000000,0.000000,0.110625,0.034208,0.609667,2120,8107079,139836,0,2,0,2,0,0,0,0,0,0,7208,0,4680,2528,0
2220,49448,22.817791,22.391907,22.266445,0.000000,0.000832,0.000000,0.000000,0.111167,0.023500,0.829000,2124,8107211,141426,0,2,0,2,0,0,0,0,0,0,5406,0,3510,1896,0
2221,49449,28.030625,27.486204,26.270233,0.000000,0.001083,0.000000,0.000000,0.089417,0.017625,0.613750,2185,8107276,142294,0,2,0,2,0,0,0,0,0,0,5406,0,3510,1896,0
2222,49450,28.467667,27.943053,25.854658,0.000000,0.000500,0.000000,0.000000,0.091875,0.040667,0.931749,2152,8107038,141147,0,2,0,2,0,0,0,0,0,0,7208,0,4680,2528,0
2223,49451,24.808500,24.377882,23.602857,0.000000,0.001499,0.000000,0.000000,0.096750,0.021917,0.618583,2127,8107267,140644,0,2,0,2,0,0,0,0,0,0,5406,0,3510,1896,0
2224,49452,38.077708,37.417754,26.026396,0.000000,0.001459,0.000000,0.000000,0.606084,0.057166,1.462459,2113,8107250,140127,0,2,0,2,0,0,0,0,0,0,5406,0,3510,1896,0
2225,49453,33.696834,33.494100,25.135279,0.000000,0.000583,0.000000,0.000000,0.124750,0.034375,0.911959,2146,8107038,142331,0,2,0,2,0,0,0,0,0,0,7208,0,4680,2528,0
2226,49454,22.077666,21.671769,21.683787,0.000000,0.000793,0.000000,0.000000,0.073959,0.028666,0.592583,2153,8107300,143196,0,2,0,2,0,0,0,0,0,0,5406,0,3510,1896,0
2227,49455,21.573250,21.177539,21.210601,0.000000,0.000541,0.000000,0.000000,0.099917,0.022083,0.930832,2122,8107193,139936,0,2,0,2,0,0,0,0,0,0,7004,0,4536,2468,0
2228,49456,21.224959,20.815966,20.842430,0.000000,0.000709,0.000000,0.000000,0.099291,0.026417,0.705999,2132,8107066,140967,0,2,0,2,0,0,0,0,0,0,5610,0,3654,1956,0
2229,49457,21.696041,21.288092,21.304653,0.000000,0.000417,0.000000,0.000000,0.097625,0.037167,0.661166,2177,8106916,142520,0,2,0,2,0,0,0,0,0,0,7447,0,3510,3937,0
2230,49458,21.730167,21.256257,21.230257,0.000000,0.000791,0.000000,0.000000,0.124375,0.017542,0.613958,2122,8107089,138334,0,2,0,2,0,0,0,0,0,0,7208,0,4680,2528,0
2231,49459,22.189083,21.849746,21.869021,0.000000,0.000999,0.000000,0.000000,0.089875,0.022584,0.635416,2143,8107236,143692,0,2,0,2,0,0,0,0,0,0,5406,0,3510,1896,0
2232,49460,21.983667,21.574102,21.577405,0.000000,0.000834,0.000000,0.000000,0.099250,0.032750,0.685791,2133,8107241,141587,0,2,0,2,0,0,0,0,0,0,5406,0,3510,1896,0
2233,49461,22.411833,21.994050,21.941410,0.000000,0.000790,0.000000,0.000000,0.090542,0.015083,1.335541,2145,8107050,139491,0,2,0,2,0,0,0,0,0,0,7208,0,4680,2528,0
2234,49462,23.572167,23.132060,22.981688,0.000000,0.000709,0.000000,0.000000,0.104500,0.034083,1.067708,2152,8107276,143192,0,2,0,2,0,0,0,0,0,0,5406,0,3510,1896,0
2235,49463,22.361000,21.948468,21.960146,0.000000,0.000750,0.000000,0.000000,0.093000,0.039875,0.783292,2140,8107244,141497,0,2,0,2,0,0,0,0,0,0,5406,0,3510,1896,0
2236,49464,21.644958,21.188092,21.207955,0.000000,0.000875,0.000000,0.000000,0.137750,0.050750,0.830708,2148,8107044,138799,0,2,0,2,0,0,0,0,0,0,7208,0,4680,2528,0
2237,49465,22.509792,22.158125,22.166468,0.000000,0.001665,0.000000,0.000000,0.104083,0.032959,0.868334,2157,8107350,144004,0,2,0,2,0,0,0,0,0,0,5406,0,3510,1896,0
2238,49466,21.693042,21.283425,21.305328,0.000000,0.000916,0.000000,0.000000,0.092875,0.024375,0.780833,2138,8107243,140625,0,2,0,2,0,0,0,0,0,0,5406,0,3510,1896,0
2239,49467,21.262000,20.859171,20.881397,0.000000,0.000792,0.000000,0.000000,0.081708,0.037125,1.120793,2112,8106981,138141,0,2,0,2,0,0,0,0,0,0,7208,0,4680,2528,0
2240,49468,21.848208,21.442889,21.446191,0.000000,0.001668,0.000000,0.000000,0.104292,0.019416,0.943708,2141,8107245,142440,0,2,0,2,0,0,0,0,0,0,5406,0,3510,1896,0
2241,49469,21.363958,20.955324,20.992344,0.000000,0.001001,0.000000,0.000000,0.092792,0.019875,0.955208,2184,8107278,142451,0,2,0,2,0,0,0,0,0,0,5406,0,3510,1896,0
2242,49470,21.209917,20.809895,20.807234,0.000000,0.000959,0.000000,0.000000,0.100583,0.017500,1.386500,2117,8107029,138302,0,2,0,2,0,0,0,0,0,0,7208,0,4680,2528,0
2243,49471,21.753250,21.347921,21.365550,0.000000,0.000749,0.000000,0.000000,0.074417,0.015250,0.942250,2155,8107410,143233,0,2,0,2,0,0,0,0,0,0,5406,0,3510,1896,0
2244,49472,21.991042,21.565742,21.386067,0.000000,0.000543,0.000000,0.000000,0.114041,0.026334,0.643958,2162,8107095,140007,0,2,0,2,0,0,0,0,0,0,5406,0,3510,1896,0
2245,49473,21.811000,21.376263,21.095066,0.000000,0.000335,0.000000,0.000000,0.070875,0.015125,0.810416,2152,8107063,140605,0,2,0,2,0,0,0,0,0,0,7208,0,4680,2528,0
2246,49474,20.412208,20.006839,20.039817,0.000000,0.000501,0.000000,0.000000,0.099083,0.052292,0.911292,2169,8107350,143442,0,2,0,2,0,0,0,0,0,0,5406,0,3510,1896,0
2247,49475,21.606250,21.190470,21.046004,0.000000,0.000749,0.000000,0.000000,0.102417,0.017791,0.810208,2186,8107152,141013,0,2,0,2,0,0,0,0,0,0,5406,0,3510,1896,0
2248,49476,21.588167,21.182455,21.129175,0.000000,0.000374,0.000000,0.000000,0.122041,0.022750,0.831792,2127,8107340,138613,0,2,0,2,0,0,0,0,0,0,7208,0,4680,2528,0
2249,49477,22.182083,21.772122,21.745987,0.000000,0.000541,0.000000,0.000000,0.102833,0.028292,0.927542,2166,8106974,144216,0,2,0,2,0,0,0,0,0,0,5406,0,3510,1896,0
2250,49478,21.665167,21.251340,21.263263,0.000000,0.004041,0.000000,0.000000,0.085666,0.029250,0.767250,2194,8107260,141283,0,2,0,2,0,0,0,0,0,0,5406,0,3510,1896,0
2251,49479,21.387125,20.983147,20.591900,0.000000,0.000667,0.000000,0.000000,0.120291,0.032542,0.769250,2144,8107080,139358,0,2,0,2,0,0,0,0,0,0,7208,0,4680,2528,0
2252,49480,20.567208,20.164670,20.184788,0.000000,0.000582,0.000000,0.000000,0.064083,0.017792,0.609708,2156,8107266,143074,0,2,0,2,0,0,0,0,0,0,5406,0,3510,1896,0
2253,49481,24.841958,24.258116,23.275906,0.000000,0.001209,0.000000,0.000000,0.098792,0.030875,0.972499,2200,8107203,141967,0,2,0,2,0,0,0,0,0,0,5406,0,3510,1896,0
2254,49482,31.454292,30.838142,26.463086,0.000000,0.001166,0.000000,0.000000,0.141625,0.207208,0.919416,2126,8107106,138325,0,2,0,2,0,0,0,0,0,0,7208,0,4680,2528,0
2255,49483,28.779417,28.209644,26.536525,0.000000,0.000917,0.000000,0.000000,0.116291,0.020292,0.626083,2165,8107220,143908,0,2,0,2,0,0,0,0,0,0,5406,0,3510,1896,0
2256,49484,39.084833,38.275355,32.800285,0.000000,0.014165,0.000000,0.000000,0.277417,0.023541,1.256582,2181,8107251,140882,0,2,0,2,0,0,0,0,0,0,5406,0,3510,1896,0
2257,49485,29.921375,29.311175,26.342575,0.000000,0.001251,0.000000,0.000000,0.137917,0.024500,0.948500,2137,8107081,139526,0,2,0,2,0,0,0,0,0,0,7208,0,4680,2528,0
2258,49486,54.274125,52.985985,44.956393,0.000000,0.001626,0.000000,0.000000,0.171958,0.021209,1.617293,2162,8107211,143031,0,2,0,2,0,0,0,0,0,0,5406,0,3510,1896,0
2259,49487,41.692625,40.890026,37.385989,0.000000,0.001790,0.000000,0.000000,0.127542,0.021750,1.264750,2169,8107280,140647,0,2,0,2,0,0,0,0,0,0,5406,0,3510,1896,0
2260,49488,55.965500,54.811563,50.960227,0.000000,0.002499,0.000000,0.000000,0.226167,0.055666,1.558500,2129,8107031,138300,0,2,0,2,0,0,0,0,0,0,7208,0,4680,2528,0
2261,49489,39.967167,39.250010,31.956944,0.000000,0.006291,0.000000,0.000000,0.132250,0.061583,1.264583,2164,8107277,144741,0,2,0,2,0,0,0,0,0,0,5406,0,3510,1896,0
2262,49490,28.250041,27.714469,26.113062,0.000000,0.000875,0.000000,0.000000,0.112667,0.035000,1.116583,2186,8107235,141151,0,2,0,2,0,0,0,0,0,0,5406,0,3510,1896,0
2263,49491,26.982750,26.481620,24.245733,0.000000,0.000875,0.000000,0.000000,0.121875,0.021250,0.950583,2123,8107205,138725,0,2,0,2,0,0,0,0,0,0,7208,0,4680,2528,0
2264,49492,27.604625,27.119329,25.889639,0.000000,0.000750,0.000000,0.000000,0.138875,0.036709,0.625083,2112,8107104,143359,0,2,0,2,0,0,0,0,0,0,5406,0,3510,1896,0
2265,49493,27.590875,27.094346,25.654685,0.000000,0.001042,0.000000,0.000000,0.119417,0.021375,1.316665,2194,8107258,141029,0,2,0,2,0,0,0,0,0,0,5406,0,3510,1896,0
2266,49494,65.035875,64.271820,27.808459,0.000000,0.001417,0.000000,0.000000,0.119875,0.305000,2.234376,2096,8107110,137361,0,2,0,2,0,0,0,0,0,0,7208,0,4680,2528,0
2267,49495,123.477125,122.911901,31.363921,0.000000,0.001251,0.000000,0.000000,0.169667,0.035583,3.606666,2149,8107189,142089,0,2,0,2,0,0,0,0,0,0,5406,0,3510,1896,0
2268,49496,44.736375,44.187634,26.910752,0.000000,0.001500,0.000000,0.000000,0.158584,0.027291,1.210791,2146,8107251,139424,0,2,0,2,0,0,0,0,0,0,5406,0,3510,1896,0
2269,49497,43.209542,42.565770,30.351667,0.000000,0.000667,0.000000,0.000000,0.091125,0.023375,1.182168,2111,8107050,138468,0,2,0,2,0,0,0,0,0,0,7208,0,4680,2528,0
2270,49498,20.923458,20.524354,20.539241,0.000000,0.004251,0.000000,0.000000,0.078834,0.022958,0.607958,2140,8107257,141874,0,2,0,2,0,0,0,0,0,0,5406,0,3510,1896,0
2271,49499,20.713500,20.294175,20.284745,0.000000,0.000666,0.000000,0.000000,0.096667,0.030917,0.919875,2184,8107225,140011,0,2,0,2,0,0,0,0,0,0,5406,0,3510,1896,0
2272,49500,20.647834,20.241624,20.167318,0.000000,0.000875,0.000000,0.000000,0.104000,0.027541,1.114166,2096,8107040,138551,0,2,0,2,0,0,0,0,0,0,7208,0,4680,2528,0
2273,49501,20.983333,20.565307,20.549140,0.000000,0.000626,0.000000,0.000000,0.088833,0.016542,1.087543,2153,8107440,141537,0,2,0,2,0,0,0,0,0,0,5406,0,3510,1896,0
2274,49502,21.148375,20.733082,20.674714,0.000000,0.000919,0.000000,0.000000,0.089042,0.015416,0.990750,2170,8107113,139792,0,2,0,2,0,0,0,0,0,0,5406,0,3510,1896,0
2275,49503,21.655958,21.253567,21.247539,0.000000,0.001249,0.000000,0.000000,0.080875,0.016125,0.819958,2125,8107015,140084,0,2,0,2,0,0,0,0,0,0,7208,0,4680,2528,0
2276,49504,21.043084,20.639475,20.689066,0.000000,0.001542,0.000000,0.000000,0.091541,0.015000,1.281709,2101,8107262,139677,0,2,0,2,0,0,0,0,0,0,5406,0,3510,1896,0
2277,49505,21.408875,20.999073,21.012819,0.000000,0.000751,0.000000,0.000000,0.096458,0.018708,1.286459,2148,8107337,141036,0,2,0,2,0,0,0,0,0,0,5406,0,3510,1896,0
2278,49506,20.669625,20.266787,20.266574,0.000000,0.000583,0.000000,0.000000,0.056291,0.014250,0.926750,2137,8106988,139971,0,2,0,2,0,0,0,0,0,0,7208,0,4680,2528,0
2279,49507,20.127791,19.731209,19.763403,0.000000,0.000667,0.000000,0.000000,0.097417,0.015250,0.609791,2117,8107279,139709,0,2,0,2,0,0,0,0,0,0,5406,0,3510,1896,0
2280,49508,20.927209,20.517586,20.433762,0.000000,0.000623,0.000000,0.000000,0.109041,0.020000,0.861250,2114,8107092,138638,0,2,0,2,0,0,0,0,0,0,7004,0,4536,2468,0
2281,49509,20.139291,19.739011,19.785757,0.000000,0.000667,0.000000,0.000000,0.073875,0.015125,0.665750,2147,8107210,142762,0,2,0,2,0,0,0,0,0,0,5610,0,3654,1956,0
2282,49510,20.114875,19.712567,19.752449,0.000000,0.000500,0.000000,0.000000,0.086000,0.017209,0.969625,2126,8107208,140342,0,2,0,2,0,0,0,0,0,0,5406,0,3510,1896,0
2283,49511,19.729084,19.339222,19.379909,0.000000,0.000665,0.000000,0.000000,0.071958,0.028000,1.287375,2092,8107128,137374,0,2,0,2,0,0,0,0,0,0,7208,0,4680,2528,0
2284,49512,20.142083,19.743043,19.699534,0.000000,0.000541,0.000000,0.000000,0.075417,0.022666,1.273875,2113,8107202,141053,0,2,0,2,0,0,0,0,0,0,5406,0,3510,1896,0
2285,49513,20.038958,19.647322,19.690124,0.000000,0.000709,0.000000,0.000000,0.083625,0.018584,0.767666,2131,8107323,142112,0,2,0,2,0,0,0,0,0,0,5406,0,3510,1896,0
2286,49514,19.473792,19.081196,19.122056,0.000000,0.000668,0.000000,0.000000,0.068708,0.014209,0.821417,2116,8106967,138140,0,2,0,2,0,0,0,0,0,0,7208,0,4680,2528,0
2287,49515,20.406708,19.996704,20.017591,0.000000,0.000499,0.000000,0.000000,0.067334,0.016916,0.912834,2150,8107259,142441,0,2,0,2,0,0,0,0,0,0,5406,0,3510,1896,0
2288,49516,19.708209,19.315922,19.353523,0.000000,0.000376,0.000000,0.000000,0.068250,0.018333,0.845083,2091,8107329,139013,0,2,0,2,0,0,0,0,0,0,5406,0,3510,1896,0
2289,49517,20.078958,19.676692,19.697434,0.000000,0.004126,0.000000,0.000000,0.074875,0.020750,0.482542,2114,8107000,138192,0,2,0,2,0,0,0,0,0,0,7208,0,4680,2528,0
2290,49518,20.195833,19.797258,19.823651,0.000000,0.000624,0.000000,0.000000,0.068209,0.015166,0.784167,2143,8107313,142298,0,2,0,2,0,0,0,0,0,0,5406,0,3510,1896,0
2291,49519,19.983417,19.585561,19.619319,0.000000,0.002999,0.000000,0.000000,0.075875,0.018792,0.949875,2128,8107180,139938,0,2,0,2,0,0,0,0,0,0,5406,0,3510,1896,0
2292,49520,19.380375,18.989466,19.023563,0.000000,0.000332,0.000000,0.000000,0.075292,0.019791,1.208334,2084,8107041,136932,0,2,0,2,0,0,0,0,0,0,7208,0,4680,2528,0
2293,49521,19.950583,19.547740,19.583258,0.000000,0.000375,0.000000,0.000000,0.074625,0.014750,0.953666,2110,8107273,142598,0,2,0,2,0,0,0,0,0,0,5406,0,3510,1896,0
2294,49522,21.410500,20.972808,21.036074,0.000000,0.000624,0.000000,0.000000,0.071250,0.013625,1.320875,2160,8107231,158692,0,2,0,2,0,0,0,0,0,0,5406,0,3510,1896,0
2295,49523,19.533500,19.134919,19.176599,0.000000,0.000292,0.000000,0.000000,0.072917,0.015958,1.288458,2092,8107050,137051,0,2,0,2,0,0,0,0,0,0,7208,0,4680,2528,0
2296,49524,21.354542,20.950300,20.866100,0.000000,0.000374,0.000000,0.000000,0.067333,0.014250,0.922416,2143,8107261,142939,0,2,0,2,0,0,0,0,0,0,5406,0,3510,1896,0
2297,49525,19.705417,19.306835,19.350832,0.000000,0.000543,0.000000,0.000000,0.074791,0.019417,0.951041,2120,8107304,139559,0,2,0,2,0,0,0,0,0,0,5406,0,3510,1896,0
2298,49526,19.827583,19.425383,19.458021,0.000000,0.000707,0.000000,0.000000,0.080458,0.017584,0.461750,2081,8107001,137072,0,2,0,2,0,0,0,0,0,0,7208,0,4680,2528,0
2299,49527,20.259583,19.861995,19.903395,0.000000,0.000459,0.000000,0.000000,0.065667,0.015083,0.938499,2129,8107387,141812,0,2,0,2,0,0,0,0,0,0,5406,0,3510,1896,0
2300,49528,19.765917,19.363711,19.406057,0.000000,0.000416,0.000000,0.000000,0.063583,0.015959,0.936583,2178,8107122,140466,0,2,0,2,0,0,0,0,0,0,5406,0,3510,1896,0
2301,49529,19.391458,19.000922,19.040939,0.000000,0.000459,0.000000,0.000000,0.076500,0.015000,1.075750,2083,8107123,136997,0,2,0,2,0,0,0,0,0,0,7208,0,4680,2528,0
2302,49530,20.229959,19.821828,19.866212,0.000000,0.000293,0.000000,0.000000,0.084416,0.014917,1.069543,2148,8107188,142057,0,2,0,2,0,0,0,0,0,0,5406,0,3510,1896,0
2303,49531,19.606208,19.201550,19.252732,0.000000,0.000416,0.000000,0.000000,0.070375,0.015042,0.789083,2139,8107299,138965,0,2,0,2,0,0,0,0,0,0,5406,0,3510,1896,0
2304,49532,18.760958,18.367377,18.411399,0.000000,0.000500,0.000000,0.000000,0.051584,0.014625,0.646833,2114,8106987,139353,0,2,0,2,0,0,0,0,0,0,7465,0,4680,2785,0
2305,49533,21.364375,20.961423,20.924714,0.000000,0.000542,0.000000,0.000000,0.077709,0.014125,0.736292,2110,8107306,149301,0,2,0,2,0,0,0,0,0,0,5565,0,3510,2055,0
2306,49534,22.399959,21.964473,21.975395,0.000000,0.000416,0.000000,0.000000,0.070458,0.031917,1.210375,2308,8107061,148200,0,2,0,2,0,0,0,0,0,0,5406,0,3510,1896,0
2307,49535,20.144458,19.739264,19.775794,0.000000,0.000667,0.000000,0.000000,0.063917,0.021125,0.610209,2147,8107104,134765,0,2,0,2,0,0,0,0,0,0,7208,0,4680,2528,0
2308,49536,19.794250,19.394782,19.440589,0.000000,0.000416,0.000000,0.000000,0.079583,0.021667,1.155541,2148,8107251,138476,0,2,0,2,0,0,0,0,0,0,5406,0,3510,1896,0
2309,49537,20.600792,20.160873,20.217539,0.000000,0.000251,0.000000,0.000000,0.068208,0.023333,0.913918,2292,8107222,142399,0,2,0,2,0,0,0,0,0,0,5406,0,3510,1896,0
2310,49538,20.006416,19.600613,19.640490,0.000000,0.000543,0.000000,0.000000,0.067584,0.016208,1.240833,2165,8107011,138471,0,2,0,2,0,0,0,0,0,0,7208,0,4680,2528,0
2311,49539,20.132709,19.727680,19.764746,0.000000,0.000459,0.000000,0.000000,0.069833,0.014958,1.278167,2166,8107245,142503,0,2,0,2,0,0,0,0,0,0,5406,0,3510,1896,0
2312,49540,22.827041,22.344083,22.192168,0.000000,0.000917,0.000000,0.000000,0.081417,0.016708,0.740583,2224,8107263,141057,0,2,0,2,0,0,0,0,0,0,5406,0,3510,1896,0
2313,49541,19.749542,19.344030,19.388778,0.000000,0.000332,0.000000,0.000000,0.077250,0.014000,0.930125,2155,8107321,138173,0,2,0,2,0,0,0,0,0,0,7208,0,4680,2528,0
2314,49542,20.300667,19.903282,19.945078,0.000000,0.000418,0.000000,0.000000,0.061041,0.024917,1.286166,2137,8106988,140831,0,2,0,2,0,0,0,0,0,0,5406,0,3510,1896,0
2315,49543,19.613583,19.218332,19.254650,0.000000,0.000334,0.000000,0.000000,0.068292,0.018416,1.295626,2128,8107248,136783,0,2,0,2,0,0,0,0,0,0,5406,0,3510,1896,0
2316,49544,19.759083,19.361775,19.404859,0.000000,0.000376,0.000000,0.000000,0.068042,0.015625,1.301042,2119,8107088,137959,0,2,0,2,0,0,0,0,0,0,7208,0,4680,2528,0
2317,49545,20.084625,19.689790,19.731288,0.000000,0.001210,0.000000,0.000000,0.072959,0.013958,0.636125,2128,8107219,140292,0,2,0,2,0,0,0,0,0,0,5406,0,3510,1896,0
2318,49546,19.915250,19.512584,19.556550,0.000000,0.000290,0.000000,0.000000,0.064209,0.013250,1.101000,2165,8107260,138207,0,2,0,2,0,0,0,0,0,0,5406,0,3510,1896,0
2319,49547,19.940125,19.542493,19.582723,0.000000,0.000584,0.000000,0.000000,0.072625,0.018209,1.307626,2115,8107045,135665,0,2,0,2,0,0,0,0,0,0,7208,0,4680,2528,0
2320,49548,20.363125,19.956476,20.009985,0.000000,0.001542,0.000000,0.000000,0.069792,0.013417,1.272542,2131,8107269,141690,0,2,0,2,0,0,0,0,0,0,5406,0,3510,1896,0
2321,49549,19.825459,19.419704,19.468188,0.000000,0.000250,0.000000,0.000000,0.068958,0.013250,0.918626,2160,8107282,138117,0,2,0,2,0,0,0,0,0,0,5406,0,3510,1896,0
2322,49550,19.600458,19.208618,19.233956,0.000000,0.000667,0.000000,0.000000,0.093708,0.014167,1.200791,2092,8107034,135650,0,2,0,2,0,0,0,0,0,0,7208,0,4680,2528,0
2323,49551,19.356583,18.967541,18.995255,0.000000,0.000583,0.000000,0.000000,0.058417,0.014833,1.271999,2101,8107137,142043,0,2,0,2,0,0,0,0,0,0,5565,0,3510,2055,0
2324,49552,21.196209,20.791995,20.813727,0.000000,0.000501,0.000000,0.000000,0.064833,0.014167,1.259291,2147,8107292,147722,0,2,0,2,0,0,0,0,0,0,5406,0,3510,1896,0
2325,49553,19.534208,19.146779,19.189579,0.000000,0.000541,0.000000,0.000000,0.062208,0.013042,0.629917,2078,8107018,137667,0,2,0,2,0,0,0,0,0,0,7208,0,4680,2528,0
2326,49554,20.259750,19.863022,19.839252,0.000000,0.000584,0.000000,0.000000,0.059208,0.011834,0.924749,2110,8107234,139226,0,2,0,2,0,0,0,0,0,0,5406,0,3510,1896,0
2327,49555,19.498958,19.097693,19.140665,0.000000,0.000458,0.000000,0.000000,0.072417,0.018375,0.743959,2111,8107281,137423,0,2,0,2,0,0,0,0,0,0,5406,0,3510,1896,0
2328,49556,20.225667,19.827316,19.857709,0.000000,0.000916,0.000000,0.000000,0.067958,0.016417,1.081542,2140,8107081,140019,0,2,0,2,0,0,0,0,0,0,7208,0,4680,2528,0
2329,49557,19.736500,19.332750,19.379747,0.000000,0.000293,0.000000,0.000000,0.070458,0.014125,1.072416,2106,8107203,137816,0,2,0,2,0,0,0,0,0,0,5406,0,3510,1896,0
2330,49558,18.706083,18.306318,18.355847,0.000000,0.000542,0.000000,0.000000,0.059000,0.015375,1.275209,2125,8107206,136441,0,2,0,2,0,0,0,0,0,0,5535,0,3510,2025,0
2331,49559,20.326209,19.929747,19.933816,0.000000,0.000625,0.000000,0.000000,0.094458,0.019958,0.993542,2102,8106958,142543,0,2,0,2,0,0,0,0,0,0,7430,0,4680,2750,0
2332,49560,21.768000,21.365731,21.377941,0.000000,0.000833,0.000000,0.000000,0.068583,0.022042,1.269917,2174,8107257,147104,0,2,0,2,0,0,0,0,0,0,5406,0,3510,1896,0
2333,49561,19.416833,19.024182,19.062668,0.000000,0.000459,0.000000,0.000000,0.059500,0.014417,0.616000,2100,8107353,137361,0,2,0,2,0,0,0,0,0,0,7004,0,4536,2468,0
2334,49562,20.062208,19.662344,19.707339,0.000000,0.000459,0.000000,0.000000,0.067042,0.024375,0.889082,2140,8106951,140806,0,2,0,2,0,0,0,0,0,0,5610,0,3654,1956,0
2335,49563,19.586667,19.189778,19.180313,0.000000,0.000626,0.000000,0.000000,0.072083,0.014125,1.057959,2106,8107258,138299,0,2,0,2,0,0,0,0,0,0,5406,0,3510,1896,0
2336,49564,19.853583,19.451565,19.498498,0.000000,0.000291,0.000000,0.000000,0.063834,0.023500,1.223667,2148,8106778,138466,0,2,0,2,0,0,0,0,0,0,9249,0,4680,4569,0
2337,49565,20.436584,20.035565,20.076722,0.000000,0.000501,0.000000,0.000000,0.063958,0.013083,0.808291,2150,8107170,141286,0,2,0,2,0,0,0,0,0,0,5406,0,3510,1896,0
2338,49566,19.617708,19.217302,19.255769,0.000000,0.000541,0.000000,0.000000,0.055000,0.021167,0.820917,2122,8107375,138936,0,2,0,2,0,0,0,0,0,0,5406,0,3510,1896,0
2339,49567,19.411792,19.017678,19.054869,0.000000,0.000417,0.000000,0.000000,0.073375,0.017458,0.809041,2113,8107177,136370,0,2,0,2,0,0,0,0,0,0,7208,0,4680,2528,0
2340,49568,20.553541,20.152086,20.162751,0.000000,0.000583,0.000000,0.000000,0.060042,0.023500,0.905292,2158,8107036,142100,0,2,0,2,0,0,0,0,0,0,5406,0,3510,1896,0
2341,49569,21.820417,21.411449,21.272033,0.000000,0.000833,0.000000,0.000000,0.074417,0.014958,0.742125,2134,8107270,139320,0,2,0,2,0,0,0,0,0,0,5406,0,3510,1896,0
2342,49570,19.449083,19.057756,19.102329,0.000000,0.001540,0.000000,0.000000,0.094000,0.041084,0.455209,2107,8107141,136620,0,2,0,2,0,0,0,0,0,0,7208,0,4680,2528,0
2343,49571,21.004250,20.604275,20.611862,0.000000,0.000917,0.000000,0.000000,0.094209,0.023000,0.593459,2135,8107123,140721,0,2,0,2,0,0,0,0,0,0,5406,0,3510,1896,0
2344,49572,22.104459,21.695185,21.687177,0.000000,0.000874,0.000000,0.000000,0.083458,0.041458,0.880499,2178,8107267,141469,0,2,0,2,0,0,0,0,0,0,5406,0,3510,1896,0
2345,49573,23.333250,22.858823,22.290275,0.000000,0.004874,0.000000,0.000000,0.114625,0.049791,1.297500,2132,8107066,136548,0,2,0,2,0,0,0,0,0,0,7208,0,4680,2528,0
2346,49574,27.808166,27.344066,25.318177,0.000000,0.002167,0.000000,0.000000,0.098042,0.022458,0.645708,2157,8107238,142056,0,2,0,2,0,0,0,0,0,0,5406,0,3510,1896,0
2347,49575,28.791250,28.272043,25.336129,0.000000,0.000874,0.000000,0.000000,0.118084,0.039583,0.950875,2129,8107253,137904,0,2,0,2,0,0,0,0,0,0,5406,0,3510,1896,0
2348,49576,25.283167,24.855588,24.186798,0.000000,0.000792,0.000000,0.000000,0.117542,0.026875,0.643543,2135,8107069,138800,0,2,0,2,0,0,0,0,0,0,7208,0,4680,2528,0
2349,49577,30.403708,29.795500,27.632604,0.000000,0.001333,0.000000,0.000000,0.084167,0.015875,1.028917,2147,8107231,141900,0,2,0,2,0,0,0,0,0,0,5406,0,3510,1896,0
2350,49578,29.333792,28.758434,25.484855,0.000000,0.001082,0.000000,0.000000,0.118125,0.041458,0.959542,2183,8107267,139255,0,2,0,2,0,0,0,0,0,0,5406,0,3510,1896,0
2351,49579,29.106542,28.625097,25.062929,0.000000,0.001291,0.000000,0.000000,0.181250,0.024708,0.945001,2124,8107003,138563,0,2,0,2,0,0,0,0,0,0,7465,0,4680,2785,0
2352,49580,36.733791,36.139978,29.321031,0.000000,0.001082,0.000000,0.000000,0.108292,0.019083,0.916291,2128,8107187,148901,0,2,0,2,0,0,0,0,0,0,5406,0,3510,1896,0
2353,49581,27.830417,27.332700,25.839938,0.000000,0.001625,0.000000,0.000000,0.179708,0.160375,0.915584,2141,8107354,136467,0,2,0,2,0,0,0,0,0,0,5406,0,3510,1896,0
2354,49582,26.486542,25.950898,24.780017,0.000000,0.001583,0.000000,0.000000,0.188625,0.129208,0.632375,2105,8107109,135911,0,2,0,2,0,0,0,0,0,0,7208,0,4680,2528,0
2355,49583,24.685916,24.356558,23.664705,0.000000,0.001416,0.000000,0.000000,0.164417,0.184667,0.895000,2097,8107107,137267,0,2,0,2,0,0,0,0,0,0,5406,0,3510,1896,0
2356,49584,37.097542,36.448733,30.887985,0.000000,0.001293,0.000000,0.000000,0.105125,0.026000,0.912375,2159,8107241,138700,0,2,0,2,0,0,0,0,0,0,5406,0,3510,1896,0
2357,49585,32.074833,31.484675,28.264536,0.000000,0.001125,0.000000,0.000000,0.144084,0.029625,0.923749,2124,8107083,134574,0,2,0,2,0,0,0,0,0,0,7208,0,4680,2528,0
2358,49586,38.050750,37.345895,31.976328,0.000000,0.002583,0.000000,0.000000,0.297250,0.155875,1.225209,2108,8107242,138602,0,2,0,2,0,0,0,0,0,0,5406,0,3510,1896,0
2359,49587,37.482834,36.874642,31.065211,0.000000,0.001041,0.000000,0.000000,0.113916,0.027750,0.923167,2142,8107237,136777,0,2,0,2,0,0,0,0,0,0,5406,0,3510,1896,0
2360,49588,23.531541,23.095625,22.244830,0.000000,0.000584,0.000000,0.000000,0.110000,0.016875,0.650001,2103,8107174,134917,0,2,0,2,0,0,0,0,0,0,7208,0,4680,2528,0
2361,49589,20.295792,19.903067,19.648739,0.000000,0.000543,0.000000,0.000000,243.267917,0.023291,7.524664,2093,8107275,138321,0,2,0,2,0,0,0,0,0,0,5863,0,3510,2353,0
2362,49590,265.262958,264.848281,23.285802,0.000000,0.000834,0.000000,0.000000,0.088584,0.019416,0.935709,2078,8107186,142502,0,2,0,2,0,0,0,0,0,0,5406,0,3510,1896,0
2363,49591,21.128834,20.737319,20.737349,0.000000,0.000875,0.000000,0.000000,0.095750,0.035250,1.147708,2083,8106828,135662,0,2,0,2,0,0,0,0,0,0,7208,0,4680,2528,0
2364,49592,20.874416,20.483945,20.488478,0.000000,0.000707,0.000000,0.000000,0.083917,0.039792,0.958833,2088,8107263,139121,0,2,0,2,0,0,0,0,0,0,5406,0,3510,1896,0
2365,49593,21.121709,20.719073,20.720107,0.000000,0.000790,0.000000,0.000000,0.098625,0.041583,0.824166,2128,8107260,137515,0,2,0,2,0,0,0,0,0,0,5406,0,3510,1896,0
2366,49594,21.009666,20.607828,20.601545,0.000000,0.000543,0.000000,0.000000,0.093000,0.045750,0.991625,2086,8107087,135264,0,2,0,2,0,0,0,0,0,0,7208,0,4680,2528,0
2367,49595,20.203959,19.812886,19.837086,0.000000,0.000417,0.000000,0.000000,0.073458,0.026458,0.684208,2090,8107217,138542,0,2,0,2,0,0,0,0,0,0,5406,0,3510,1896,0
2368,49596,19.500708,19.100815,19.126392,0.000000,0.001001,0.000000,0.000000,0.073708,0.013667,0.772292,2133,8107335,141040,0,2,0,2,0,0,0,0,0,0,5565,0,3510,2055,0
2369,49597,20.590667,20.200580,20.245157,0.000000,0.000542,0.000000,0.000000,0.075833,0.021958,0.663582,2103,8106844,141738,0,2,0,2,0,0,0,0,0,0,7208,0,4680,2528,0
2370,49598,19.747166,19.354042,19.380499,0.000000,0.000542,0.000000,0.000000,0.073125,0.017125,0.427250,2092,8107255,139649,0,2,0,2,0,0,0,0,0,0,5406,0,3510,1896,0
2371,49599,19.860500,19.459350,19.505598,0.000000,0.000457,0.000000,0.000000,0.067125,0.013500,0.794209,2140,8107504,137292,0,2,0,2,0,0,0,0,0,0,5406,0,3510,1896,0
2372,49600,19.561584,19.166790,19.212542,0.000000,0.000292,0.000000,0.000000,0.063041,0.014792,0.986583,2108,8106774,136901,0,2,0,2,0,0,0,0,0,0,7208,0,4680,2528,0
2373,49601,19.878708,19.473365,19.517724,0.000000,0.000292,0.000000,0.000000,0.077708,0.024375,0.637792,2096,8107374,139703,0,2,0,2,0,0,0,0,0,0,5406,0,3510,1896,0
2374,49602,19.678625,19.280350,19.304039,0.000000,0.000835,0.000000,0.000000,0.078917,0.016125,0.851125,2112,8107168,136166,0,2,0,2,0,0,0,0,0,0,5406,0,3510,1896,0
2375,49603,19.966208,19.576201,19.546331,0.000000,0.000582,0.000000,0.000000,0.073500,0.015750,0.619125,2076,8107094,133987,0,2,0,2,0,0,0,0,0,0,7208,0,4680,2528,0
2376,49604,20.015875,19.620102,19.649453,0.000000,0.000750,0.000000,0.000000,0.070459,0.014750,0.647916,2081,8107213,139762,0,2,0,2,0,0,0,0,0,0,5406,0,3510,1896,0
2377,49605,19.339584,18.942734,18.989730,0.000000,0.000500,0.000000,0.000000,0.060958,0.022292,0.470875,2109,8107319,135571,0,2,0,2,0,0,0,0,0,0,5406,0,3510,1896,0
2378,49606,19.271291,18.886054,18.924266,0.000000,0.000333,0.000000,0.000000,0.063417,0.014708,0.781875,2059,8106987,135435,0,2,0,2,0,0,0,0,0,0,7208,0,4680,2528,0
2379,49607,19.364334,18.970254,19.015094,0.000000,0.000542,0.000000,0.000000,0.068666,0.015167,0.948791,2056,8107309,135875,0,2,0,2,0,0,0,0,0,0,5406,0,3510,1896,0
2380,49608,19.502708,19.110213,19.146625,0.000000,0.000625,0.000000,0.000000,0.078458,0.013875,0.939000,2107,8107220,137339,0,2,0,2,0,0,0,0,0,0,5406,0,3510,1896,0
2381,49609,19.373375,18.990232,19.029892,0.000000,0.000417,0.000000,0.000000,0.073333,0.023459,0.935917,2047,8107047,135532,0,2,0,2,0,0,0,0,0,0,7208,0,4680,2528,0
2382,49610,19.376083,18.984156,19.029884,0.000000,0.000499,0.000000,0.000000,0.053292,0.020250,0.464583,2047,8107283,135722,0,2,0,2,0,0,0,0,0,0,5406,0,3510,1896,0
2383,49611,19.146667,18.753073,18.796075,0.000000,0.000417,0.000000,0.000000,0.070917,0.021666,1.098167,2078,8107422,134647,0,2,0,2,0,0,0,0,0,0,5406,0,3510,1896,0
2384,49612,19.621917,19.233882,19.254074,0.000000,0.000376,0.000000,0.000000,0.066166,0.018750,0.933375,2066,8106859,137526,0,2,0,2,0,0,0,0,0,0,7208,0,4680,2528,0
2385,49613,19.002583,18.616716,18.653115,0.000000,0.000377,0.000000,0.000000,0.066500,0.017542,0.950208,2033,8107277,135490,0,2,0,2,0,0,0,0,0,0,5406,0,3510,1896,0
2386,49614,18.961625,18.580625,18.619086,0.000000,0.000335,0.000000,0.000000,0.062042,0.013500,1.253375,2052,8107235,134860,0,2,0,2,0,0,0,0,0,0,7004,0,4536,2468,0
2387,49615,19.122875,18.738815,18.782658,0.000000,0.000458,0.000000,0.000000,0.057208,0.014834,0.624000,2042,8107037,136056,0,2,0,2,0,0,0,0,0,0,5610,0,3654,1956,0
2388,49616,19.211875,18.825712,18.865046,0.000000,0.000375,0.000000,0.000000,0.072208,0.014834,1.088250,2047,8107262,136493,0,2,0,2,0,0,0,0,0,0,5406,0,3510,1896,0
2389,49617,19.286083,18.893602,18.942197,0.000000,0.000458,0.000000,0.000000,0.062250,0.023792,0.944792,2047,8107076,134171,0,2,0,2,0,0,0,0,0,0,7208,0,4680,2528,0
2390,49618,19.631834,19.240845,19.274466,0.000000,0.000458,0.000000,0.000000,0.070250,0.018416,1.316583,2052,8107226,138155,0,2,0,2,0,0,0,0,0,0,5406,0,3510,1896,0
2391,49619,19.227750,18.854750,18.894585,0.000000,0.000540,0.000000,0.000000,0.061083,0.015208,1.261250,2025,8107315,134736,0,2,0,2,0,0,0,0,0,0,5406,0,3510,1896,0
2392,49620,19.319083,18.920136,18.974649,0.000000,0.000417,0.000000,0.000000,0.060333,0.015084,1.289749,2034,8107006,134370,0,2,0,2,0,0,0,0,0,0,7208,0,4680,2528,0
2393,49621,19.290583,18.907840,18.949876,0.000000,0.000375,0.000000,0.000000,0.070459,0.015166,0.613125,2030,8107272,137539,0,2,0,2,0,0,0,0,0,0,5406,0,3510,1896,0
2394,49622,19.415125,19.031701,19.072501,0.000000,0.000418,0.000000,0.000000,0.073125,0.015459,1.264875,2049,8107221,136490,0,2,0,2,0,0,0,0,0,0,5406,0,3510,1896,0
2395,49623,18.892459,18.520991,18.561121,0.000000,0.000376,0.000000,0.000000,0.057458,0.013708,1.278750,2024,8107051,132373,0,2,0,2,0,0,0,0,0,0,7208,0,4680,2528,0
2396,49624,19.189500,18.809577,18.849679,0.000000,0.000625,0.000000,0.000000,0.064291,0.016167,1.297000,2050,8107262,138344,0,2,0,2,0,0,0,0,0,0,5406,0,3510,1896,0
2397,49625,18.880541,18.499907,18.540422,0.000000,0.000333,0.000000,0.000000,0.056000,0.015459,0.655250,2026,8107265,135029,0,2,0,2,0,0,0,0,0,0,5406,0,3510,1896,0
2398,49626,18.690459,18.319103,18.358061,0.000000,0.000333,0.000000,0.000000,0.066041,0.016000,1.185708,2027,8107045,132697,0,2,0,2,0,0,0,0,0,0,7208,0,4680,2528,0
2399,49627,19.004958,18.618980,18.664530,0.000000,0.003292,0.000000,0.000000,0.094583,0.023750,0.617001,2038,8107164,140626,0,2,0,2,0,0,0,0,0,0,5551,0,3510,2041,0
2400,49628,22.080875,21.685618,21.708142,0.000000,0.003334,0.000000,0.000000,0.105625,0.017625,1.398833,2092,8107267,143012,0,2,0,2,0,0,0,0,0,0,5406,0,3510,1896,0
2401,49629,19.544708,19.163674,19.184080,0.000000,0.000917,0.000000,0.000000,0.092875,0.015917,1.353251,2031,8107041,132307,0,2,0,2,0,0,0,0,0,0,7208,0,4680,2528,0
2402,49630,19.869792,19.483350,19.466408,0.000000,0.000416,0.000000,0.000000,0.066042,0.014083,1.012291,2032,8107180,136757,0,2,0,2,0,0,0,0,0,0,5602,0,3510,2092,0
2403,49631,20.085958,19.698083,19.740411,0.000000,0.000584,0.000000,0.000000,0.071042,0.013958,1.309834,2078,8107516,140486,0,2,0,2,0,0,0,0,0,0,5406,0,3510,1896,0
2404,49632,20.306167,19.907850,19.822206,0.000000,0.003042,0.000000,0.000000,0.120333,0.022292,0.966125,2053,8106790,134599,0,2,0,2,0,0,0,0,0,0,7208,0,4680,2528,0
2405,49633,20.927083,20.544682,20.446018,0.000000,0.000458,0.000000,0.000000,0.060750,0.014667,0.976126,2047,8107258,136643,0,2,0,2,0,0,0,0,0,0,5406,0,3510,1896,0
2406,49634,19.063084,18.674989,18.712991,0.000000,0.000625,0.000000,0.000000,0.057375,0.015666,0.622833,2074,8107257,134659,0,2,0,2,0,0,0,0,0,0,5406,0,3510,1896,0
2407,49635,18.932250,18.554127,18.595043,0.000000,0.000584,0.000000,0.000000,0.056208,0.015292,1.238666,2028,8107075,132201,0,2,0,2,0,0,0,0,0,0,7208,0,4680,2528,0
2408,49636,21.172958,20.779179,20.707064,0.000000,0.000708,0.000000,0.000000,0.088500,0.015000,0.633083,2045,8107313,137773,0,2,0,2,0,0,0,0,0,0,5406,0,3510,1896,0
2409,49637,19.530458,19.136423,19.128192,0.000000,0.000626,0.000000,0.000000,0.060667,0.014250,0.962458,2074,8107170,134598,0,2,0,2,0,0,0,0,0,0,5406,0,3510,1896,0
2410,49638,20.825292,20.417361,20.186450,0.000000,0.000707,0.000000,0.000000,0.098625,0.016667,0.584250,2030,8107138,131047,0,2,0,2,0,0,0,0,0,0,7208,0,4680,2528,0
2411,49639,19.981708,19.596780,19.619061,0.000000,0.000542,0.000000,0.000000,0.067834,0.026333,1.286416,2050,8107179,136819,0,2,0,2,0,0,0,0,0,0,5406,0,3510,1896,0
2412,49640,20.109334,19.717651,19.724576,0.000000,0.000624,0.000000,0.000000,0.089291,0.016125,0.954667,2095,8107372,137262,0,2,0,2,0,0,0,0,0,0,5406,0,3510,1896,0
2413,49641,20.598416,20.209955,20.103172,0.000000,0.000668,0.000000,0.000000,0.066959,0.016333,0.994791,2048,8107119,132657,0,2,0,2,0,0,0,0,0,0,7208,0,4680,2528,0
2414,49642,19.133584,18.748968,18.792571,0.000000,0.000416,0.000000,0.000000,0.060416,0.013709,0.644750,2040,8107166,136692,0,2,0,2,0,0,0,0,0,0,5586,0,3510,2076,0
2415,49643,20.347791,19.963376,20.006928,0.000000,0.000375,0.000000,0.000000,0.065417,0.025208,0.928167,2049,8107179,142611,0,2,0,2,0,0,0,0,0,0,5406,0,3510,1896,0
2416,49644,20.230625,19.833851,19.827793,0.000000,0.001000,0.000000,0.000000,0.079917,0.015208,0.655208,2062,8106941,134431,0,2,0,2,0,0,0,0,0,0,7208,0,4680,2528,0
2417,49645,20.081459,19.696455,19.734369,0.000000,0.000583,0.000000,0.000000,0.058375,0.025375,1.298125,2053,8107263,137024,0,2,0,2,0,0,0,0,0,0,5406,0,3510,1896,0
2418,49646,19.744375,19.351612,19.374049,0.000000,0.000332,0.000000,0.000000,0.068708,0.014667,1.259999,2113,8107346,135979,0,2,0,2,0,0,0,0,0,0,5406,0,3510,1896,0
2419,49647,19.693125,19.302509,19.335970,0.000000,0.000375,0.000000,0.000000,0.062166,0.023834,1.296416,2075,8106957,135026,0,2,0,2,0,0,0,0,0,0,7208,0,4680,2528,0
2420,49648,19.595250,19.210061,19.253434,0.000000,0.003000,0.000000,0.000000,0.061750,0.018291,1.020583,2070,8107274,138241,0,2,0,2,0,0,0,0,0,0,5406,0,3510,1896,0
2421,49649,19.461708,19.066782,19.109645,0.000000,0.000500,0.000000,0.000000,0.055667,0.023208,0.643792,2115,8107273,135835,0,2,0,2,0,0,0,0,0,0,5406,0,3510,1896,0
2422,49650,19.374292,18.985968,19.018050,0.000000,0.000458,0.000000,0.000000,0.059833,0.014750,0.922792,2080,8107056,134477,0,2,0,2,0,0,0,0,0,0,7208,0,4680,2528,0
2423,49651,19.608416,19.220059,19.258413,0.000000,0.000666,0.000000,0.000000,0.077459,0.027583,1.091917,2074,8107241,136974,0,2,0,2,0,0,0,0,0,0,5406,0,3510,1896,0
2424,49652,20.112459,19.698701,19.751460,0.000000,0.000416,0.000000,0.000000,0.089250,0.016583,0.971584,2105,8107372,137264,0,2,0,2,0,0,0,0,0,0,5406,0,3510,1896,0
2425,49653,19.392166,19.008409,19.050828,0.000000,0.000458,0.000000,0.000000,0.060709,0.017291,0.940584,2076,8106971,133984,0,2,0,2,0,0,0,0,0,0,7208,0,4680,2528,0
2426,49654,20.053250,19.659004,19.637279,0.000000,0.000667,0.000000,0.000000,0.070500,0.016000,1.123709,2070,8107191,137770,0,2,0,2,0,0,0,0,0,0,5406,0,3510,1896,0
2427,49655,19.646167,19.247382,19.291195,0.000000,0.000374,0.000000,0.000000,0.054917,0.021333,0.611916,2118,8107438,135372,0,2,0,2,0,0,0,0,0,0,5406,0,3510,1896,0
2428,49656,19.659750,19.269996,19.305101,0.000000,0.000376,0.000000,0.000000,0.069917,0.017041,1.014917,2075,8106873,135090,0,2,0,2,0,0,0,0,0,0,7208,0,4680,2528,0
2429,49657,20.005417,19.614719,19.645514,0.000000,0.000333,0.000000,0.000000,0.071708,0.017583,0.905833,2073,8107291,136930,0,2,0,2,0,0,0,0,0,0,5406,0,3510,1896,0
2430,49658,19.437458,19.041294,19.080145,0.000000,0.000460,0.000000,0.000000,0.074917,0.019666,1.361291,2129,8107222,136439,0,2,0,2,0,0,0,0,0,0,5406,0,3510,1896,0
2431,49659,19.871417,19.432255,19.466656,0.000000,0.000501,0.000000,0.000000,0.165791,0.048417,1.075875,2085,8107054,135153,0,2,0,2,0,0,0,0,0,0,7208,0,4680,2528,0
2432,49660,20.552583,20.161181,20.179344,0.000000,0.000542,0.000000,0.000000,0.066583,0.016209,0.603958,2074,8107328,137163,0,2,0,2,0,0,0,0,0,0,5406,0,3510,1896,0
2433,49661,19.588583,19.251421,19.293800,0.000000,0.000374,0.000000,0.000000,0.063334,0.034166,1.225208,2082,8107326,136486,0,2,0,2,0,0,0,0,0,0,5406,0,3510,1896,0
2434,49662,19.747625,19.359839,19.395226,0.000000,0.000502,0.000000,0.000000,0.074042,0.015042,0.490209,2088,8106906,135868,0,2,0,2,0,0,0,0,0,0,7208,0,4680,2528,0
2435,49663,19.669084,19.276337,19.321724,0.000000,0.000333,0.000000,0.000000,0.065083,0.014042,1.255000,2069,8107261,135273,0,2,0,2,0,0,0,0,0,0,5406,0,3510,1896,0
2436,49664,19.570291,19.184406,19.228084,0.000000,0.000584,0.000000,0.000000,0.057792,0.015917,1.224333,2075,8107470,136318,0,2,0,2,0,0,0,0,0,0,5406,0,3510,1896,0
2437,49665,19.609917,19.218068,19.262233,0.000000,0.000750,0.000000,0.000000,0.068167,0.013166,1.282542,2080,8107093,135260,0,2,0,2,0,0,0,0,0,0,7208,0,4680,2528,0
2438,49666,18.778708,18.395815,18.439253,0.000000,0.000292,0.000000,0.000000,0.056292,0.013958,1.285417,2060,8106873,138386,0,2,0,2,0,0,0,0,0,0,5663,0,3510,2153,0
2439,49667,20.685084,20.296155,20.340818,0.000000,0.000499,0.000000,0.000000,0.061791,0.013292,1.254126,2076,8107189,141511,0,2,0,2,0,0,0,0,0,0,7163,0,4536,2627,0
2440,49668,21.201666,20.797397,20.840839,0.000000,0.000416,0.000000,0.000000,0.072667,0.028083,1.301209,2161,8107088,145057,0,2,0,2,0,0,0,0,0,0,5610,0,3654,1956,0
2441,49669,19.705917,19.303553,19.344641,0.000000,0.000460,0.000000,0.000000,0.060458,0.024209,1.298749,2158,8107225,133459,0,2,0,2,0,0,0,0,0,0,5406,0,3510,1896,0
2442,49670,19.439292,19.040641,19.084456,0.000000,0.000335,0.000000,0.000000,0.077833,0.028542,0.678333,2095,8107094,128407,0,2,0,2,0,0,0,0,0,0,7208,0,4680,2528,0
2443,49671,21.236083,20.836474,20.200481,0.000000,0.000416,0.000000,0.000000,0.068208,0.023084,0.941958,2146,8106854,138968,0,2,0,2,0,0,0,0,0,0,7447,0,3510,3937,0
2444,49672,19.731458,19.328492,19.371187,0.000000,0.000290,0.000000,0.000000,0.066750,0.014459,0.971001,2112,8107373,138156,0,2,0,2,0,0,0,0,0,0,5406,0,3510,1896,0
2445,49673,19.523334,19.132697,19.175654,0.000000,0.000667,0.000000,0.000000,0.065541,0.014334,1.399293,2109,8106949,134193,0,2,0,2,0,0,0,0,0,0,7208,0,4680,2528,0
2446,49674,20.784000,20.377109,20.146589,0.000000,0.000459,0.000000,0.000000,0.090375,0.020625,0.984375,2091,8107258,137028,0,2,0,2,0,0,0,0,0,0,5406,0,3510,1896,0
2447,49675,20.467375,20.075070,20.035581,0.000000,0.000417,0.000000,0.000000,0.057125,0.015791,0.990250,2081,8107343,135828,0,2,0,2,0,0,0,0,0,0,5406,0,3510,1896,0
2448,49676,19.640166,19.246115,19.177459,0.000000,0.000584,0.000000,0.000000,0.064667,0.026292,1.313417,2047,8107039,133001,0,2,0,2,0,0,0,0,0,0,7208,0,4680,2528,0
2449,49677,19.409167,19.031609,19.074921,0.000000,0.000584,0.000000,0.000000,0.061667,0.016333,1.270584,2038,8107186,135145,0,2,0,2,0,0,0,0,0,0,5406,0,3510,1896,0
2450,49678,19.441083,19.054574,19.099152,0.000000,0.000541,0.000000,0.000000,0.070292,0.014917,0.637500,2042,8107249,135407,0,2,0,2,0,0,0,0,0,0,5406,0,3510,1896,0
2451,49679,19.257834,18.874658,18.918110,0.000000,0.000292,0.000000,0.000000,0.080583,0.016375,0.899707,2060,8107278,131515,0,2,0,2,0,0,0,0,0,0,7208,0,4680,2528,0
2452,49680,19.263375,18.879357,18.924549,0.000000,0.000584,0.000000,0.000000,0.074833,0.014708,1.152625,2044,8107011,136415,0,2,0,2,0,0,0,0,0,0,5406,0,3510,1896,0
2453,49681,19.097875,18.713028,18.758458,0.000000,0.000333,0.000000,0.000000,0.062250,0.013583,1.363166,2060,8107261,133024,0,2,0,2,0,0,0,0,0,0,5406,0,3510,1896,0
2454,49682,19.114583,18.730902,18.775039,0.000000,0.000458,0.000000,0.000000,0.054125,0.013583,1.342291,2058,8107057,131641,0,2,0,2,0,0,0,0,0,0,7208,0,4680,2528,0
2455,49683,19.948125,19.558966,19.525848,0.000000,0.000749,0.000000,0.000000,0.068708,0.013792,0.675667,2035,8107301,136340,0,2,0,2,0,0,0,0,0,0,5406,0,3510,1896,0
2456,49684,19.302708,18.913042,18.954615,0.000000,0.000333,0.000000,0.000000,0.062417,0.015333,0.893084,2076,8107292,133712,0,2,0,2,0,0,0,0,0,0,5406,0,3510,1896,0
2457,49685,23.633042,23.185709,21.282609,0.000000,0.000375,0.000000,0.000000,0.095958,0.023500,0.594834,2036,8106894,137204,0,2,0,2,0,0,0,0,0,0,7367,0,4680,2687,0
2458,49686,20.994458,20.614951,20.629410,0.000000,0.000667,0.000000,0.000000,0.074750,0.015250,0.931208,2033,8107286,140682,0,2,0,2,0,0,0,0,0,0,5406,0,3510,1896,0
2459,49687,19.199875,18.817600,18.856983,0.000000,0.000335,0.000000,0.000000,0.065125,0.015167,1.046875,2071,8107212,134064,0,2,0,2,0,0,0,0,0,0,5406,0,3510,1896,0
2460,49688,19.284334,18.906149,18.940753,0.000000,0.000585,0.000000,0.000000,0.059833,0.015000,0.908166,2043,8107056,133681,0,2,0,2,0,0,0,0,0,0,7208,0,4680,2528,0
2461,49689,19.624083,19.241329,19.236406,0.000000,0.000457,0.000000,0.000000,0.066833,0.013000,1.268916,2050,8107261,137506,0,2,0,2,0,0,0,0,0,0,5406,0,3510,1896,0
2462,49690,19.361375,18.970992,18.998991,0.000000,0.000501,0.000000,0.000000,0.070708,0.015459,1.086666,2073,8107248,133504,0,2,0,2,0,0,0,0,0,0,5406,0,3510,1896,0
2463,49691,18.824750,18.448577,18.491755,0.000000,0.000458,0.000000,0.000000,0.058583,0.022292,0.549500,2043,8107059,131162,0,2,0,2,0,0,0,0,0,0,7208,0,4680,2528,0
2464,49692,19.279042,18.893301,18.919681,0.000000,0.000458,0.000000,0.000000,0.057583,0.018292,0.972626,2045,8107305,137740,0,2,0,2,0,0,0,0,0,0,5863,0,3510,2353,0
2465,49693,19.992208,19.604504,19.647736,0.000000,0.000458,0.000000,0.000000,0.062333,0.014750,1.182750,2084,8107044,140340,0,2,0,2,0,0,0,0,0,0,5406,0,3510,1896,0
2466,49694,19.229750,18.842848,18.887478,0.000000,0.000458,0.000000,0.000000,0.058458,0.013417,1.134542,2043,8107047,133734,0,2,0,2,0,0,0,0,0,0,7208,0,4680,2528,0
2467,49695,19.148542,18.770980,18.812866,0.000000,0.000375,0.000000,0.000000,0.060708,0.014000,1.288833,2029,8107271,136446,0,2,0,2,0,0,0,0,0,0,5406,0,3510,1896,0
2468,49696,19.067458,18.683586,18.725361,0.000000,0.000334,0.000000,0.000000,0.062917,0.016041,1.328875,2082,8107248,136288,0,2,0,2,0,0,0,0,0,0,5406,0,3510,1896,0
2469,49697,19.062125,18.680231,18.719648,0.000000,0.000669,0.000000,0.000000,0.061833,0.014042,0.471708,2039,8107339,133753,0,2,0,2,0,0,0,0,0,0,7208,0,4680,2528,0
2470,49698,19.350208,18.967204,19.010024,0.000000,0.000376,0.000000,0.000000,0.061000,0.017042,1.307292,2039,8106977,136489,0,2,0,2,0,0,0,0,0,0,5406,0,3510,1896,0
2471,49699,18.972834,18.590072,18.632026,0.000000,0.000500,0.000000,0.000000,0.062333,0.022250,1.336750,2081,8107247,134404,0,2,0,2,0,0,0,0,0,0,5406,0,3510,1896,0
2472,49700,19.105083,18.722033,18.739755,0.000000,0.000543,0.000000,0.000000,0.068500,0.013625,1.314708,2042,8107086,133713,0,2,0,2,0,0,0,0,0,0,7208,0,4680,2528,0
2473,49701,19.120083,18.741705,18.780791,0.000000,0.000418,0.000000,0.000000,0.059709,0.014541,0.664333,2031,8107400,136454,0,2,0,2,0,0,0,0,0,0,5406,0,3510,1896,0
2474,49702,19.154792,18.764153,18.797464,0.000000,0.000418,0.000000,0.000000,0.065708,0.013250,1.297042,2082,8107124,134857,0,2,0,2,0,0,0,0,0,0,5406,0,3510,1896,0
2475,49703,18.830542,18.449138,18.491083,0.000000,0.000583,0.000000,0.000000,0.066791,0.017667,0.960959,2055,8107164,132762,0,2,0,2,0,0,0,0,0,0,7208,0,4680,2528,0
2476,49704,19.069583,18.695790,18.717674,0.000000,0.000667,0.000000,0.000000,0.057042,0.013958,1.386584,2030,8107026,139839,0,2,0,2,0,0,0,0,0,0,5562,0,3510,2052,0
2477,49705,21.623792,21.225339,21.013020,0.000000,0.000793,0.000000,0.000000,0.055875,0.023166,1.331083,2038,8107147,143688,0,2,0,2,0,0,0,0,0,0,5711,0,3510,2201,0
2478,49706,21.174708,20.788268,20.826777,0.000000,0.000750,0.000000,0.000000,0.082250,0.025583,1.118833,2042,8107129,145736,0,2,0,2,0,0,0,0,0,0,7208,0,4680,2528,0
2479,49707,19.504458,19.121934,19.154433,0.000000,0.000502,0.000000,0.000000,0.067000,0.015250,1.327417,2031,8107262,135537,0,2,0,2,0,0,0,0,0,0,5406,0,3510,1896,0
2480,49708,19.862375,19.474375,19.082533,0.000000,0.000624,0.000000,0.000000,0.065250,0.025875,1.329874,2076,8107135,135263,0,2,0,2,0,0,0,0,0,0,5406,0,3510,1896,0
2481,49709,20.656834,20.248448,20.284523,0.000000,0.000375,0.000000,0.000000,0.063333,0.030708,0.651333,2186,8107070,142144,0,2,0,2,0,0,0,0,0,0,7208,0,4680,2528,0
2482,49710,19.911833,19.507822,19.546315,0.000000,0.000500,0.000000,0.000000,0.063292,0.014416,1.308167,2175,8107243,142346,0,2,0,2,0,0,0,0,0,0,5406,0,3510,1896,0
2483,49711,19.893458,19.490346,19.529795,0.000000,0.000544,0.000000,0.000000,0.059625,0.025375,0.934751,2183,8107244,140770,0,2,0,2,0,0,0,0,0,0,5406,0,3510,1896,0
2484,49712,20.378084,19.964427,19.984612,0.000000,0.000500,0.000000,0.000000,0.060583,0.026750,1.141250,2198,8107114,141642,0,2,0,2,0,0,0,0,0,0,7208,0,4680,2528,0
2485,49713,19.893458,19.508647,19.544126,0.000000,0.000624,0.000000,0.000000,0.068583,0.024792,1.332125,2066,8107248,136344,0,2,0,2,0,0,0,0,0,0,5406,0,3510,1896,0
2486,49714,20.200292,19.805396,19.842525,0.000000,0.000416,0.000000,0.000000,0.072833,0.023458,0.704583,2072,8107209,136240,0,2,0,2,0,0,0,0,0,0,5406,0,3510,1896,0
2487,49715,20.980791,20.560982,20.589349,0.000000,0.000376,0.000000,0.000000,0.080334,0.025833,0.622000,2203,8107069,141213,0,2,0,2,0,0,0,0,0,0,7208,0,4680,2528,0
2488,49716,21.433334,21.008605,20.909524,0.000000,0.000668,0.000000,0.000000,0.094500,0.027500,0.644083,2191,8107483,142309,0,2,0,2,0,0,0,0,0,0,5406,0,3510,1896,0
2489,49717,20.973708,20.561567,20.520491,0.000000,0.000375,0.000000,0.000000,0.059208,0.021917,0.621916,2191,8106996,141771,0,2,0,2,0,0,0,0,0,0,5406,0,3510,1896,0
2490,49718,20.278167,19.865471,19.895482,0.000000,0.000708,0.000000,0.000000,0.061500,0.028875,1.218458,2196,8107039,141133,0,2,0,2,0,0,0,0,0,0,7208,0,4680,2528,0
2491,49719,20.015458,19.624870,19.604619,0.000000,0.000457,0.000000,0.000000,0.083417,0.025708,0.912833,2077,8107300,135927,0,2,0,2,0,0,0,0,0,0,5406,0,3510,1896,0
2492,49720,20.548125,20.149832,20.105226,0.000000,0.000583,0.000000,0.000000,0.061667,0.021875,0.601625,2086,8107189,136480,0,2,0,2,0,0,0,0,0,0,7004,0,4536,2468,0
2493,49721,20.309375,19.897020,19.925037,0.000000,0.000626,0.000000,0.000000,0.059750,0.019833,0.610542,2198,8107143,142119,0,2,0,2,0,0,0,0,0,0,5610,0,3654,1956,0
2494,49722,20.074542,19.654606,19.690497,0.000000,0.000499,0.000000,0.000000,0.059833,0.015292,1.034709,2189,8107213,140909,0,2,0,2,0,0,0,0,0,0,5406,0,3510,1896,0
2495,49723,19.974250,19.563146,19.598256,0.000000,0.000585,0.000000,0.000000,0.057666,0.015709,1.220292,2200,8107078,139467,0,2,0,2,0,0,0,0,0,0,7208,0,4680,2528,0
2496,49724,21.066166,20.646398,20.563103,0.000000,0.000624,0.000000,0.000000,0.081542,0.017583,0.921958,2166,8107200,142594,0,2,0,2,0,0,0,0,0,0,5406,0,3510,1896,0
2497,49725,19.457542,19.080444,19.112893,0.000000,0.000500,0.000000,0.000000,0.057958,0.013959,1.337250,2054,8107484,135467,0,2,0,2,0,0,0,0,0,0,5406,0,3510,1896,0
2498,49726,19.407125,19.020959,19.039261,0.000000,0.000417,0.000000,0.000000,0.076250,0.016208,1.228416,2058,8106837,133790,0,2,0,2,0,0,0,0,0,0,7208,0,4680,2528,0
2499,49727,19.916500,19.530631,19.504953,0.000000,0.000376,0.000000,0.000000,0.051917,0.013208,0.919874,2036,8107239,136138,0,2,0,2,0,0,0,0,0,0,5406,0,3510,1896,0
2500,49728,19.122500,18.731464,18.777968,0.000000,0.000499,0.000000,0.000000,0.052708,0.013459,0.612459,2039,8107446,136290,0,2,0,2,0,0,0,0,0,0,5406,0,3510,1896,0
2501,49729,19.049625,18.672181,18.688738,0.000000,0.000501,0.000000,0.000000,0.061125,0.018542,0.858916,2039,8106885,132912,0,2,0,2,0,0,0,0,0,0,7208,0,4680,2528,0
2502,49730,19.316292,18.930308,18.969698,0.000000,0.000416,0.000000,0.000000,0.066083,0.013292,1.330750,2027,8107240,135607,0,2,0,2,0,0,0,0,0,0,5406,0,3510,1896,0
2503,49731,19.462125,19.081168,19.077732,0.000000,0.000334,0.000000,0.000000,0.055416,0.014500,0.923376,2026,8107306,134062,0,2,0,2,0,0,0,0,0,0,5406,0,3510,1896,0
2504,49732,19.408583,19.025736,19.061211,0.000000,0.000250,0.000000,0.000000,0.065083,0.017375,1.296584,2047,8106988,134084,0,2,0,2,0,0,0,0,0,0,7208,0,4680,2528,0
2505,49733,19.990250,19.600638,19.541348,0.000000,0.000667,0.000000,0.000000,0.068250,0.016000,0.977000,2037,8107260,135710,0,2,0,2,0,0,0,0,0,0,5406,0,3510,1896,0
2506,49734,19.185375,18.806723,18.827667,0.000000,0.000583,0.000000,0.000000,0.384167,0.012625,0.619125,2049,8107528,134319,0,2,0,2,0,0,0,0,0,0,5406,0,3510,1896,0
2507,49735,20.757792,20.364696,20.240114,0.000000,0.000375,0.000000,0.000000,0.081666,0.016167,0.606416,2037,8106846,132782,0,2,0,2,0,0,0,0,0,0,7208,0,4680,2528,0
2508,49736,19.811375,19.426907,19.375493,0.000000,0.000668,0.000000,0.000000,0.056416,0.014334,0.585584,2034,8107214,141566,0,2,0,2,0,0,0,0,0,0,5565,0,3510,2055,0
2509,49737,20.504458,20.099507,20.137785,0.000000,0.003000,0.000000,0.000000,0.070458,0.019500,1.236875,2072,8107315,140330,0,2,0,2,0,0,0,0,0,0,5406,0,3510,1896,0
2510,49738,19.168125,18.786013,18.822503,0.000000,0.000417,0.000000,0.000000,0.064125,0.014833,0.928042,2050,8106942,133488,0,2,0,2,0,0,0,0,0,0,7208,0,4680,2528,0
2511,49739,18.640792,18.265983,18.307645,0.000000,0.000625,0.000000,0.000000,0.049458,0.013250,1.321542,2030,8107202,139503,0,2,0,2,0,0,0,0,0,0,5663,0,3510,2153,0
2512,49740,20.194291,19.809801,19.850839,0.000000,0.000627,0.000000,0.000000,0.057459,0.014958,1.220751,2038,8107185,142318,0,2,0,2,0,0,0,0,0,0,5406,0,3510,1896,0
2513,49741,19.567792,19.180244,19.156914,0.000000,0.000376,0.000000,0.000000,0.049250,0.017125,0.611167,2045,8107036,133198,0,2,0,2,0,0,0,0,0,0,7208,0,4680,2528,0
2514,49742,19.916417,19.526109,19.552421,0.000000,0.000458,0.000000,0.000000,0.050250,0.019541,0.993916,2055,8107252,137294,0,2,0,2,0,0,0,0,0,0,5406,0,3510,1896,0
2515,49743,20.030916,19.635494,19.654851,0.000000,0.000542,0.000000,0.000000,0.064625,0.020000,0.898624,2096,8107252,134474,0,2,0,2,0,0,0,0,0,0,5406,0,3510,1896,0
2516,49744,19.527834,19.146221,19.166448,0.000000,0.000208,0.000000,0.000000,0.067500,0.015583,1.366292,2060,8107184,134518,0,2,0,2,0,0,0,0,0,0,7208,0,4680,2528,0
2517,49745,19.480625,19.091623,19.129966,0.000000,0.000500,0.000000,0.000000,0.070250,0.014625,1.278875,2047,8107205,135894,0,2,0,2,0,0,0,0,0,0,5406,0,3510,1896,0
2518,49746,19.503208,19.112724,19.135796,0.000000,0.000334,0.000000,0.000000,0.060208,0.015209,1.289208,2087,8107234,135235,0,2,0,2,0,0,0,0,0,0,5406,0,3510,1896,0
2519,49747,19.805917,19.416398,19.420173,0.000000,0.000458,0.000000,0.000000,0.056833,0.013625,0.316250,2049,8106984,133874,0,2,0,2,0,0,0,0,0,0,7208,0,4680,2528,0
2520,49748,19.785416,19.394159,19.398573,0.000000,0.003083,0.000000,0.000000,0.075375,0.015667,1.320500,2050,8107375,136569,0,2,0,2,0,0,0,0,0,0,5406,0,3510,1896,0
2521,49749,19.801542,19.407189,19.382842,0.000000,0.000792,0.000000,0.000000,0.075083,0.019584,0.592416,2085,8107350,135167,0,2,0,2,0,0,0,0,0,0,5406,0,3510,1896,0
2522,49750,19.640792,19.249134,19.286863,0.000000,0.000416,0.000000,0.000000,0.058041,0.021292,1.363417,2049,8106845,133239,0,2,0,2,0,0,0,0,0,0,7208,0,4680,2528,0
2523,49751,20.106375,19.711315,19.684953,0.000000,0.000459,0.000000,0.000000,0.072833,0.015625,0.927459,2042,8107231,135960,0,2,0,2,0,0,0,0,0,0,5406,0,3510,1896,0
2524,49752,21.249625,20.849389,20.140695,0.000000,0.000583,0.000000,0.000000,0.106125,0.015708,1.367625,2095,8107305,135721,0,2,0,2,0,0,0,0,0,0,5406,0,3510,1896,0
2525,49753,23.916250,23.488257,23.547507,0.000000,0.001249,0.000000,0.000000,0.110083,0.034583,1.379792,2094,8106968,138018,0,2,0,2,0,0,0,0,0,0,7208,0,4680,2528,0
2526,49754,25.753625,25.334540,24.874446,0.000000,0.001416,0.000000,0.000000,0.105166,0.018292,1.008709,2092,8107324,138363,0,2,0,2,0,0,0,0,0,0,5406,0,3510,1896,0
2527,49755,22.134333,21.703807,21.644834,0.000000,0.000543,0.000000,0.000000,0.060042,0.035208,1.332876,2142,8107316,137993,0,2,0,2,0,0,0,0,0,0,5406,0,3510,1896,0
2528,49756,20.208875,19.807665,19.803015,0.000000,0.000542,0.000000,0.000000,0.067042,0.035250,1.298084,2108,8106822,142147,0,2,0,2,0,0,0,0,0,0,7367,0,4680,2687,0
2529,49757,23.122375,22.702003,22.420943,0.000000,0.000959,0.000000,0.000000,0.090458,0.015375,0.606542,2105,8107314,144182,0,2,0,2,0,0,0,0,0,0,5406,0,3510,1896,0
2530,49758,24.648042,24.170905,23.069506,0.000000,0.000709,0.000000,0.000000,0.080500,0.015166,0.604000,2150,8107332,137561,0,2,0,2,0,0,0,0,0,0,5406,0,3510,1896,0
2531,49759,21.694500,21.292348,21.030252,0.000000,0.000750,0.000000,0.000000,0.081791,0.021584,0.582874,2102,8106892,136626,0,2,0,2,0,0,0,0,0,0,7208,0,4680,2528,0
2532,49760,22.715583,22.258804,21.770503,0.000000,0.000958,0.000000,0.000000,0.094875,0.015583,0.670500,2097,8107374,140769,0,2,0,2,0,0,0,0,0,0,5406,0,3510,1896,0
2533,49761,22.297917,21.837518,21.347455,0.000000,0.000958,0.000000,0.000000,0.073625,0.015875,0.846959,2138,8107119,138083,0,2,0,2,0,0,0,0,0,0,5406,0,3510,1896,0
2534,49762,22.586166,22.169935,21.492587,0.000000,0.000958,0.000000,0.000000,0.087917,0.018000,0.640584,2089,8107044,136539,0,2,0,2,0,0,0,0,0,0,7208,0,4680,2528,0
2535,49763,23.178834,22.615497,21.989526,0.000000,0.001166,0.000000,0.000000,0.176000,0.040125,0.873708,2079,8107341,138634,0,2,0,2,0,0,0,0,0,0,5406,0,3510,1896,0
2536,49764,23.549875,23.227182,22.383774,0.000000,0.000708,0.000000,0.000000,0.074333,0.014542,1.098584,2101,8107222,137641,0,2,0,2,0,0,0,0,0,0,5406,0,3510,1896,0
2537,49765,22.134000,21.726360,21.474257,0.000000,0.000750,0.000000,0.000000,0.096125,0.018500,0.628208,2098,8107018,138834,0,2,0,2,0,0,0,0,0,0,7208,0,4680,2528,0
2538,49766,27.504833,26.961526,24.540312,0.000000,0.001417,0.000000,0.000000,0.165375,0.054542,0.693041,2079,8107304,137922,0,2,0,2,0,0,0,0,0,0,5406,0,3510,1896,0
2539,49767,28.550042,28.028973,25.560289,0.000000,0.001041,0.000000,0.000000,0.103750,0.017000,0.919000,2096,8107189,137343,0,2,0,2,0,0,0,0,0,0,5406,0,3510,1896,0
2540,49768,23.151708,22.739974,22.114667,0.000000,0.000958,0.000000,0.000000,0.082250,0.017500,0.591333,2086,8107067,138339,0,2,0,2,0,0,0,0,0,0,7208,0,4680,2528,0
2541,49769,24.034083,23.595840,22.520474,0.000000,0.001292,0.000000,0.000000,0.134459,0.030750,0.956208,2085,8107266,137414,0,2,0,2,0,0,0,0,0,0,5406,0,3510,1896,0
2542,49770,25.323667,24.886973,23.084607,0.000000,0.000957,0.000000,0.000000,0.083208,0.016167,0.617334,2077,8107271,137402,0,2,0,2,0,0,0,0,0,0,5406,0,3510,1896,0
2543,49771,22.210375,21.744835,21.464915,0.000000,0.001124,0.000000,0.000000,0.201625,0.027958,0.613500,2096,8106998,137497,0,2,0,2,0,0,0,0,0,0,7208,0,4680,2528,0
2544,49772,24.097250,23.713053,22.797645,0.000000,0.001042,0.000000,0.000000,0.140583,0.030834,0.650084,2088,8107312,138213,0,2,0,2,0,0,0,0,0,0,5406,0,3510,1896,0
2545,49773,24.384458,23.945930,22.852882,0.000000,0.000708,0.000000,0.000000,0.080459,0.015208,0.878707,2096,8107317,137127,0,2,0,2,0,0,0,0,0,0,7004,0,4536,2468,0
2546,49774,26.572375,26.050853,24.204900,0.000000,0.000708,0.000000,0.000000,0.070917,0.016542,0.592792,2105,8106866,144462,0,2,0,2,0,0,0,0,0,0,5742,0,3654,2088,0
2547,49775,24.191709,23.751248,22.992629,0.000000,0.003582,0.000000,0.000000,0.152041,0.025375,1.233958,2127,8107289,145824,0,2,0,2,0,0,0,0,0,0,5406,0,3510,1896,0
2548,49776,22.325541,21.907949,21.623071,0.000000,0.000876,0.000000,0.000000,0.099292,0.021583,0.989542,2080,8107116,138294,0,2,0,2,0,0,0,0,0,0,7208,0,4680,2528,0
2549,49777,22.092667,21.702950,21.265938,0.000000,0.000460,0.000000,0.000000,0.055500,0.013458,0.763500,2070,8107168,139913,0,2,0,2,0,0,0,0,0,0,5406,0,3510,1896,0
2550,49778,22.140917,21.716177,21.303006,0.000000,0.000834,0.000000,0.000000,0.057166,0.015250,1.111165,2114,8106901,138887,0,2,0,2,0,0,0,0,0,0,7447,0,3510,3937,0
2551,49779,22.283833,21.884992,21.290589,0.000000,0.000958,0.000000,0.000000,0.082083,0.024500,0.657458,2071,8107069,137231,0,2,0,2,0,0,0,0,0,0,7208,0,4680,2528,0
2552,49780,21.069000,20.677917,20.592551,0.000000,0.000626,0.000000,0.000000,0.055583,0.013959,0.600292,2070,8107257,139595,0,2,0,2,0,0,0,0,0,0,5406,0,3510,1896,0
2553,49781,20.231750,19.808448,19.798871,0.000000,0.000416,0.000000,0.000000,0.085208,0.019667,0.307833,2104,8107411,137455,0,2,0,2,0,0,0,0,0,0,5406,0,3510,1896,0
2554,49782,20.720292,20.355647,20.269999,0.000000,0.000875,0.000000,0.000000,0.115625,0.024708,0.713001,2072,8106893,136200,0,2,0,2,0,0,0,0,0,0,7208,0,4680,2528,0
2555,49783,21.090125,20.701064,20.492945,0.000000,0.000417,0.000000,0.000000,0.065125,0.014125,0.716459,2066,8107275,139168,0,2,0,2,0,0,0,0,0,0,5406,0,3510,1896,0
2556,49784,19.996250,19.589440,19.619673,0.000000,0.000374,0.000000,0.000000,0.064375,0.014875,0.636375,2123,8107252,138458,0,2,0,2,0,0,0,0,0,0,5406,0,3510,1896,0
2557,49785,19.646791,19.257643,19.287912,0.000000,0.000291,0.000000,0.000000,0.051292,0.013833,0.763042,2089,8107055,136267,0,2,0,2,0,0,0,0,0,0,7208,0,4680,2528,0
2558,49786,20.028750,19.623671,19.630033,0.000000,0.000376,0.000000,0.000000,0.053834,0.013500,0.741501,2076,8107219,139300,0,2,0,2,0,0,0,0,0,0,5406,0,3510,1896,0
2559,49787,20.288584,19.890005,19.903637,0.000000,0.000416,0.000000,0.000000,0.057000,0.013416,1.155541,2110,8107278,137833,0,2,0,2,0,0,0,0,0,0,5406,0,3510,1896,0
2560,49788,20.562875,20.161496,20.078175,0.000000,0.000250,0.000000,0.000000,0.056250,0.016333,0.889416,2085,8106945,143677,0,2,0,2,0,0,0,0,0,0,7367,0,4680,2687,0
2561,49789,20.326666,19.938648,19.966993,0.000000,0.000418,0.000000,0.000000,0.048167,0.021292,1.071500,2076,8107270,143087,0,2,0,2,0,0,0,0,0,0,5406,0,3510,1896,0
2562,49790,19.483417,19.084961,19.116069,0.000000,0.000374,0.000000,0.000000,0.053042,0.016416,1.246667,2117,8107276,138042,0,2,0,2,0,0,0,0,0,0,5406,0,3510,1896,0
2563,49791,19.373292,18.985453,18.994262,0.000000,0.000377,0.000000,0.000000,0.056333,0.014625,0.730875,2077,8107046,136384,0,2,0,2,0,0,0,0,0,0,7208,0,4680,2528,0
2564,49792,19.646375,19.258613,19.295032,0.000000,0.000374,0.000000,0.000000,0.051083,0.014083,0.900333,2067,8107283,139982,0,2,0,2,0,0,0,0,0,0,5406,0,3510,1896,0
2565,49793,20.110791,19.698053,19.622391,0.000000,0.000459,0.000000,0.000000,0.090667,0.018667,0.742833,2106,8107224,137282,0,2,0,2,0,0,0,0,0,0,5406,0,3510,1896,0
2566,49794,19.462250,19.086091,19.059578,0.000000,0.000333,0.000000,0.000000,0.055000,0.013792,1.315875,2069,8107044,135443,0,2,0,2,0,0,0,0,0,0,7208,0,4680,2528,0
2567,49795,20.149167,19.757196,19.787976,0.000000,0.001167,0.000000,0.000000,0.077083,0.015084,0.920125,2067,8107240,137905,0,2,0,2,0,0,0,0,0,0,5406,0,3510,1896,0
2568,49796,19.889708,19.498024,19.514257,0.000000,0.000707,0.000000,0.000000,0.071667,0.017000,0.630583,2106,8107181,142596,0,2,0,2,0,0,0,0,0,0,5555,0,3510,2045,0
2569,49797,20.599500,20.219005,20.116877,0.000000,0.000334,0.000000,0.000000,0.060250,0.014125,0.777167,2069,8107065,139945,0,2,0,2,0,0,0,0,0,0,7208,0,4680,2528,0
2570,49798,18.996042,18.621782,18.664444,0.000000,0.000334,0.000000,0.000000,0.048500,0.019167,0.356250,2068,8107199,137993,0,2,0,2,0,0,0,0,0,0,5406,0,3510,1896,0
2571,49799,18.296625,17.922812,17.963674,0.000000,0.000208,0.000000,0.000000,0.045333,0.013542,0.598458,2107,8107262,135678,0,2,0,2,0,0,0,0,0,0,5406,0,3510,1896,0
2572,49800,18.641375,18.271057,18.282068,0.000000,0.000541,0.000000,0.000000,0.051250,0.013208,0.752541,2060,8107097,135328,0,2,0,2,0,0,0,0,0,0,7208,0,4680,2528,0
2573,49801,18.332000,17.962138,17.990501,0.000000,0.000334,0.000000,0.000000,0.044417,0.012791,1.257250,2060,8107208,137491,0,2,0,2,0,0,0,0,0,0,5406,0,3510,1896,0
2574,49802,18.031250,17.656121,17.692567,0.000000,0.000292,0.000000,0.000000,0.045750,0.013792,0.289709,2108,8107256,136158,0,2,0,2,0,0,0,0,0,0,5406,0,3510,1896,0
2575,49803,21.718208,21.353297,17.494434,0.000000,0.000206,0.000000,0.000000,0.044750,0.013959,0.600583,2064,8106969,139585,0,2,0,2,0,0,0,0,0,0,7353,0,4680,2673,0
2576,49804,19.579084,19.185755,19.217406,0.000000,0.000332,0.000000,0.000000,0.051333,0.013167,0.945292,2208,8107263,148706,0,2,0,2,0,0,0,0,0,0,5406,0,3510,1896,0
2577,49805,18.111291,17.718908,17.754566,0.000000,0.000332,0.000000,0.000000,0.042834,0.011125,0.923999,2227,8107256,140291,0,2,0,2,0,0,0,0,0,0,5406,0,3510,1896,0
2578,49806,18.012292,17.632779,17.670203,0.000000,0.000375,0.000000,0.000000,0.042458,0.011792,0.597791,2146,8107048,138384,0,2,0,2,0,0,0,0,0,0,7208,0,4680,2528,0
2579,49807,18.280958,17.894357,17.925565,0.000000,0.000332,0.000000,0.000000,0.046542,0.012667,0.293042,2178,8107348,141379,0,2,0,2,0,0,0,0,0,0,5406,0,3510,1896,0
2580,49808,19.646375,19.242342,19.269703,0.000000,0.001166,0.000000,0.000000,0.065250,0.011584,0.754501,2249,8107199,141471,0,2,0,2,0,0,0,0,0,0,5406,0,3510,1896,0
2581,49809,18.894417,18.508899,18.508131,0.000000,0.000417,0.000000,0.000000,0.059167,0.018541,1.071334,2140,8107017,137987,0,2,0,2,0,0,0,0,0,0,7208,0,4680,2528,0
2582,49810,19.213708,18.816399,18.849176,0.000000,0.000501,0.000000,0.000000,0.067292,0.017167,0.970583,2211,8107256,142184,0,2,0,2,0,0,0,0,0,0,5406,0,3510,1896,0
2583,49811,18.607042,18.228297,18.274344,0.000000,0.000459,0.000000,0.000000,0.063833,0.013084,0.611167,2085,8107417,134351,0,2,0,2,0,0,0,0,0,0,5406,0,3510,1896,0
2584,49812,18.353875,17.979204,18.024067,0.000000,0.000374,0.000000,0.000000,0.055250,0.015208,0.583916,2085,8106885,135306,0,2,0,2,0,0,0,0,0,0,7208,0,4680,2528,0
2585,49813,18.171917,17.798231,17.830230,0.000000,0.000210,0.000000,0.000000,0.062166,0.012917,1.225751,2099,8107282,136374,0,2,0,2,0,0,0,0,0,0,5406,0,3510,1896,0
2586,49814,17.882375,17.508333,17.540806,0.000000,0.000293,0.000000,0.000000,0.043958,0.011917,0.610375,2110,8107243,134552,0,2,0,2,0,0,0,0,0,0,5406,0,3510,1896,0
2587,49815,17.934583,17.558783,17.585544,0.000000,0.000250,0.000000,0.000000,0.057500,0.016833,1.216917,2117,8107034,136655,0,2,0,2,0,0,0,0,0,0,7208,0,4680,2528,0
2588,49816,18.751458,18.342757,18.377943,0.000000,0.000418,0.000000,0.000000,0.047334,0.014500,1.216833,2244,8107272,143485,0,2,0,2,0,0,0,0,0,0,5406,0,3510,1896,0
2589,49817,18.276000,17.879540,17.922423,0.000000,0.000582,0.000000,0.000000,0.055084,0.015750,1.221584,2239,8107275,139740,0,2,0,2,0,0,0,0,0,0,5406,0,3510,1896,0
2590,49818,18.094917,17.709698,17.752743,0.000000,0.000333,0.000000,0.000000,0.051083,0.015584,0.618875,2169,8107015,139336,0,2,0,2,0,0,0,0,0,0,7208,0,4680,2528,0
2591,49819,18.216125,17.817446,17.859108,0.000000,0.000291,0.000000,0.000000,0.044125,0.013792,1.222917,2182,8107261,140118,0,2,0,2,0,0,0,0,0,0,5406,0,3510,1896,0
2592,49820,18.252958,17.847861,17.893570,0.000000,0.000332,0.000000,0.000000,0.041959,0.009916,1.217999,2251,8107262,140637,0,2,0,2,0,0,0,0,0,0,5406,0,3510,1896,0
2593,49821,18.234709,17.852617,17.894349,0.000000,0.000333,0.000000,0.000000,0.044083,0.012458,0.617417,2179,8107062,139569,0,2,0,2,0,0,0,0,0,0,7208,0,4680,2528,0
2594,49822,17.656666,17.286096,17.329299,0.000000,0.000209,0.000000,0.000000,0.047084,0.015916,1.138917,2059,8107250,134644,0,2,0,2,0,0,0,0,0,0,5406,0,3510,1896,0
2595,49823,17.720459,17.347487,17.374752,0.000000,0.000375,0.000000,0.000000,0.048833,0.014250,1.215834,2103,8107240,134726,0,2,0,2,0,0,0,0,0,0,5406,0,3510,1896,0
2596,49824,17.842666,17.472741,17.513730,0.000000,0.000251,0.000000,0.000000,0.043542,0.015792,0.610542,2097,8107082,135487,0,2,0,2,0,0,0,0,0,0,7208,0,4680,2528,0
2597,49825,17.478750,17.111732,17.149991,0.000000,0.000292,0.000000,0.000000,0.041584,0.011250,0.861500,2066,8107224,134227,0,2,0,2,0,0,0,0,0,0,5406,0,3510,1896,0
2598,49826,18.952417,18.561177,18.592357,0.000000,0.000501,0.000000,0.000000,0.072250,0.042500,0.925333,2147,8107325,138469,0,2,0,2,0,0,0,0,0,0,7004,0,4536,2468,0
2599,49827,19.426583,19.036001,19.032873,0.000000,0.000291,0.000000,0.000000,0.071959,0.016000,1.280500,2181,8106981,140558,0,2,0,2,0,0,0,0,0,0,5610,0,3654,1956,0
2600,49828,19.413417,19.006182,19.033560,0.000000,0.000416,0.000000,0.000000,0.057000,0.019333,1.291750,2195,8107254,140560,0,2,0,2,0,0,0,0,0,0,5406,0,3510,1896,0
2601,49829,19.127500,18.734408,18.765998,0.000000,0.000542,0.000000,0.000000,0.065333,0.016584,0.645459,2114,8107050,137596,0,2,0,2,0,0,0,0,0,0,7208,0,4680,2528,0
2602,49830,19.855375,19.441942,19.351391,0.000000,0.000417,0.000000,0.000000,0.061625,0.013708,0.593792,2232,8107268,141924,0,2,0,2,0,0,0,0,0,0,5406,0,3510,1896,0
2603,49831,18.801083,18.415930,18.425292,0.000000,0.000375,0.000000,0.000000,0.059792,0.018792,1.021625,2148,8107253,139172,0,2,0,2,0,0,0,0,0,0,5406,0,3510,1896,0
2604,49832,19.148042,18.746284,18.772929,0.000000,0.000542,0.000000,0.000000,0.064667,0.017833,1.259999,2175,8107096,138996,0,2,0,2,0,0,0,0,0,0,7208,0,4680,2528,0
2605,49833,18.837667,18.460729,18.482661,0.000000,0.000333,0.000000,0.000000,0.046041,0.012167,0.659667,2104,8107237,136432,0,2,0,2,0,0,0,0,0,0,5406,0,3510,1896,0
2606,49834,18.676250,18.292735,18.326875,0.000000,0.000418,0.000000,0.000000,0.050583,0.015167,1.238125,2075,8107254,134830,0,2,0,2,0,0,0,0,0,0,5406,0,3510,1896,0
2607,49835,18.495708,18.136155,18.168489,0.000000,0.000418,0.000000,0.000000,0.079417,0.016625,0.943001,2011,8107044,132080,0,2,0,2,0,0,0,0,0,0,7208,0,4680,2528,0
2608,49836,19.416333,19.019851,19.068803,0.000000,0.000499,0.000000,0.000000,0.060042,0.014208,1.277166,2130,8107261,137747,0,2,0,2,0,0,0,0,0,0,5406,0,3510,1896,0
2609,49837,19.213459,18.814830,18.850247,0.000000,0.000501,0.000000,0.000000,0.062375,0.020125,1.284042,2186,8107295,139863,0,2,0,2,0,0,0,0,0,0,5406,0,3510,1896,0
2610,49838,18.908750,18.521789,18.562978,0.000000,0.000541,0.000000,0.000000,0.055958,0.012417,0.632250,2144,8106999,138052,0,2,0,2,0,0,0,0,0,0,7208,0,4680,2528,0
2611,49839,19.170791,18.773829,18.810941,0.000000,0.000542,0.000000,0.000000,0.061959,0.014375,0.941791,2197,8107273,141186,0,2,0,2,0,0,0,0,0,0,5406,0,3510,1896,0
2612,49840,19.183167,18.781190,18.825749,0.000000,0.000419,0.000000,0.000000,0.055833,0.042959,1.317500,2214,8107248,140834,0,2,0,2,0,0,0,0,0,0,5406,0,3510,1896,0
2613,49841,18.964500,18.579312,18.568712,0.000000,0.000415,0.000000,0.000000,0.056083,0.014584,1.219667,2135,8107037,137801,0,2,0,2,0,0,0,0,0,0,7208,0,4680,2528,0
2614,49842,19.249750,18.847599,18.856105,0.000000,0.000668,0.000000,0.000000,0.051500,0.012542,0.900417,2220,8107252,142197,0,2,0,2,0,0,0,0,0,0,5406,0,3510,1896,0
2615,49843,17.548000,17.199403,17.198526,0.000000,0.000583,0.000000,0.000000,0.053750,0.014083,0.376125,1927,8107323,126555,0,2,0,2,0,0,0,0,0,0,5406,0,3510,1896,0
2616,49844,16.778750,16.444416,16.478128,0.000000,0.000584,0.000000,0.000000,0.050375,0.013833,1.030917,1839,8107143,122781,0,2,0,2,0,0,0,0,0,0,7208,0,4680,2528,0
2617,49845,17.512375,17.168739,17.200352,0.000000,0.000499,0.000000,0.000000,0.055250,0.014833,0.459000,1889,8107123,125552,0,2,0,2,0,0,0,0,0,0,5406,0,3510,1896,0
2618,49846,17.183417,16.848848,16.871440,0.000000,0.000541,0.000000,0.000000,0.065000,0.014333,0.605208,1856,8107232,123857,0,2,0,2,0,0,0,0,0,0,5406,0,3510,1896,0
2619,49847,19.222541,18.902177,16.754586,0.000000,0.000458,0.000000,0.000000,0.059167,0.013417,0.749084,1787,8107048,121535,0,2,0,2,0,0,0,0,0,0,7208,0,4680,2528,0
2620,49848,17.905667,17.531418,17.565451,0.000000,0.000293,0.000000,0.000000,0.055875,0.065458,1.146791,1996,8107245,130176,0,2,0,2,0,0,0,0,0,0,5406,0,3510,1896,0
2621,49849,18.313250,17.942616,17.884347,0.000000,0.000541,0.000000,0.000000,0.055625,0.012667,0.518417,1975,8107299,126687,0,2,0,2,0,0,0,0,0,0,5406,0,3510,1896,0
2622,49850,17.588167,17.243785,17.270816,0.000000,0.000501,0.000000,0.000000,0.070041,0.043584,1.158126,1882,8107158,124836,0,2,0,2,0,0,0,0,0,0,7208,0,4680,2528,0
2623,49851,17.525458,17.176569,17.007327,0.000000,0.000376,0.000000,0.000000,0.045583,0.013167,0.643167,1896,8107040,127975,0,2,0,2,0,0,0,0,0,0,5555,0,3510,2045,0
2624,49852,18.882333,18.510845,18.543209,0.000000,0.000374,0.000000,0.000000,0.061209,0.015791,1.252249,2020,8107250,135953,0,2,0,2,0,0,0,0,0,0,5406,0,3510,1896,0
2625,49853,16.709375,16.372878,16.401789,0.000000,0.000542,0.000000,0.000000,0.054209,0.012916,0.906917,1891,8107101,125551,0,2,0,2,0,0,0,0,0,0,7208,0,4680,2528,0
2626,49854,17.883750,17.535217,17.509269,0.000000,0.000250,0.000000,0.000000,0.059459,0.014500,1.265791,1902,8107240,127108,0,2,0,2,0,0,0,0,0,0,5406,0,3510,1896,0
2627,49855,17.370375,17.021497,17.027663,0.000000,0.000541,0.000000,0.000000,0.054250,0.019500,0.493500,1893,8107239,124304,0,2,0,2,0,0,0,0,0,0,5406,0,3510,1896,0
2628,49856,17.160292,16.822473,16.831297,0.000000,0.000375,0.000000,0.000000,0.050125,0.016375,1.329834,1847,8107023,123269,0,2,0,2,0,0,0,0,0,0,7208,0,4680,2528,0
2629,49857,17.628125,17.274084,17.301299,0.000000,0.000415,0.000000,0.000000,0.050500,0.016667,0.637084,1895,8107282,127205,0,2,0,2,0,0,0,0,0,0,5406,0,3510,1896,0
2630,49858,17.663583,17.292878,17.326870,0.000000,0.000501,0.000000,0.000000,0.058167,0.015083,0.598083,1996,8107351,128391,0,2,0,2,0,0,0,0,0,0,5406,0,3510,1896,0
2631,49859,17.733000,17.386663,17.382527,0.000000,0.000375,0.000000,0.000000,0.055209,0.013750,0.612000,1906,8106936,124957,0,2,0,2,0,0,0,0,0,0,7208,0,4680,2528,0
2632,49860,18.303209,17.933613,17.968802,0.000000,0.000501,0.000000,0.000000,0.064166,0.015125,0.365500,1971,8107280,131644,0,2,0,2,0,0,0,0,0,0,5406,0,3510,1896,0
2633,49861,17.619958,17.266849,17.292205,0.000000,0.000333,0.000000,0.000000,0.056083,0.019125,0.959709,1964,8107242,127644,0,2,0,2,0,0,0,0,0,0,5406,0,3510,1896,0
2634,49862,17.471833,17.112143,17.107046,0.000000,0.000458,0.000000,0.000000,0.055334,0.013875,1.248375,1914,8107052,126058,0,2,0,2,0,0,0,0,0,0,7208,0,4680,2528,0
2635,49863,17.766167,17.416908,17.449282,0.000000,0.000248,0.000000,0.000000,0.050292,0.014125,0.612000,1940,8107393,129753,0,2,0,2,0,0,0,0,0,0,5406,0,3510,1896,0
2636,49864,17.634958,17.273463,17.285451,0.000000,0.000376,0.000000,0.000000,0.055709,0.013791,0.907791,2007,8107119,129124,0,2,0,2,0,0,0,0,0,0,5406,0,3510,1896,0
2637,49865,16.627917,16.301636,16.338590,0.000000,0.000335,0.000000,0.000000,0.045583,0.012334,1.253626,1825,8107030,121567,0,2,0,2,0,0,0,0,0,0,7208,0,4680,2528,0
2638,49866,17.210208,16.870489,16.895425,0.000000,0.000293,0.000000,0.000000,0.057750,0.014084,0.533083,1847,8107182,127090,0,2,0,2,0,0,0,0,0,0,5560,0,3510,2050,0
2639,49867,22.240459,21.817898,21.856680,0.000000,0.000374,0.000000,0.000000,0.083291,0.023500,0.794125,2238,8107365,152565,0,2,0,2,0,0,0,0,0,0,5406,0,3510,1896,0
2640,49868,20.459958,20.044823,20.055942,0.000000,0.000334,0.000000,0.000000,0.077708,0.023125,0.962459,2255,8107156,144025,0,2,0,2,0,0,0,0,0,0,7208,0,4680,2528,0
2641,49869,20.651750,20.237553,20.261205,0.000000,0.000582,0.000000,0.000000,0.079583,0.019417,0.942500,2260,8107048,147762,0,2,0,2,0,0,0,0,0,0,5406,0,3510,1896,0
2642,49870,20.425375,20.012677,20.045837,0.000000,0.000332,0.000000,0.000000,0.090875,0.039333,0.809666,2257,8107278,144707,0,2,0,2,0,0,0,0,0,0,5406,0,3510,1896,0
2643,49871,22.278833,21.849478,21.867942,0.000000,0.000875,0.000000,0.000000,0.101875,0.022125,0.658000,2279,8107040,144024,0,2,0,2,0,0,0,0,0,0,7208,0,4680,2528,0
2644,49872,22.677584,22.248890,22.283609,0.000000,0.002875,0.000000,0.000000,0.097166,0.038334,0.954917,2265,8107241,147012,0,2,0,2,0,0,0,0,0,0,5406,0,3510,1896,0
2645,49873,22.147041,21.729311,21.768376,0.000000,0.000958,0.000000,0.000000,0.095000,0.023834,0.917041,2272,8107255,145022,0,2,0,2,0,0,0,0,0,0,5406,0,3510,1896,0
2646,49874,21.970125,21.537269,21.567367,0.000000,0.000501,0.000000,0.000000,0.059667,0.016792,0.867625,2266,8107055,144726,0,2,0,2,0,0,0,0,0,0,7208,0,4680,2528,0
2647,49875,20.108125,19.659499,19.697186,0.000000,0.000417,0.000000,0.000000,0.053875,0.027500,0.790834,2247,8107285,143204,0,2,0,2,0,0,0,0,0,0,5406,0,3510,1896,0
2648,49876,20.328709,19.918699,19.960424,0.000000,0.000417,0.000000,0.000000,0.059083,0.013917,0.902750,2235,8107255,145037,0,2,0,2,0,0,0,0,0,0,5406,0,3510,1896,0
2649,49877,20.707583,20.295250,20.329490,0.000000,0.000626,0.000000,0.000000,0.077000,0.052167,0.650750,2270,8107023,144625,0,2,0,2,0,0,0,0,0,0,7208,0,4680,2528,0
2650,49878,20.143750,19.732470,19.736359,0.000000,0.000458,0.000000,0.000000,0.072750,0.041333,1.270000,2246,8107259,143740,0,2,0,2,0,0,0,0,0,0,5406,0,3510,1896,0
2651,49879,20.143750,19.721339,19.726242,0.000000,0.000293,0.000000,0.000000,0.058500,0.025417,1.258666,2247,8107383,141548,0,2,0,2,0,0,0,0,0,0,7004,0,4536,2468,0
2652,49880,20.551000,20.140125,20.167089,0.000000,0.000584,0.000000,0.000000,0.053583,0.016000,1.273000,2266,8106958,146891,0,2,0,2,0,0,0,0,0,0,5610,0,3654,1956,0
2653,49881,20.250042,19.831437,19.858580,0.000000,0.000500,0.000000,0.000000,0.062166,0.021292,1.292334,2246,8107212,143387,0,2,0,2,0,0,0,0,0,0,5406,0,3510,1896,0
2654,49882,19.912083,19.498081,19.536780,0.000000,0.000500,0.000000,0.000000,0.058083,0.013292,1.301042,2260,8107046,141238,0,2,0,2,0,0,0,0,0,0,7208,0,4680,2528,0
2655,49883,19.919375,19.506865,19.457628,0.000000,0.000502,0.000000,0.000000,0.063583,0.021792,0.297917,2117,8107261,139094,0,2,0,2,0,0,0,0,0,0,5406,0,3510,1896,0
2656,49884,19.836542,19.438844,19.441129,0.000000,0.000459,0.000000,0.000000,0.058500,0.014625,0.977541,2138,8107299,139516,0,2,0,2,0,0,0,0,0,0,5406,0,3510,1896,0
2657,49885,19.353125,18.953435,18.994003,0.000000,0.000375,0.000000,0.000000,0.052625,0.014416,0.778709,2139,8106683,135490,0,2,0,2,0,0,0,0,0,0,9249,0,4680,4569,0
2658,49886,19.528041,19.139280,19.177706,0.000000,0.000458,0.000000,0.000000,0.057500,0.014584,0.978333,2129,8107232,139929,0,2,0,2,0,0,0,0,0,0,5406,0,3510,1896,0
2659,49887,18.997209,18.609811,18.652813,0.000000,0.000625,0.000000,0.000000,0.052250,0.024125,1.292916,2114,8107445,136600,0,2,0,2,0,0,0,0,0,0,5406,0,3510,1896,0
2660,49888,19.182250,18.780529,18.818911,0.000000,0.000292,0.000000,0.000000,0.056166,0.014250,1.298041,2116,8106892,136453,0,2,0,2,0,0,0,0,0,0,7208,0,4680,2528,0
2661,49889,19.333458,18.950339,18.984349,0.000000,0.000168,0.000000,0.000000,0.056125,0.014917,0.647083,2122,8107241,139030,0,2,0,2,0,0,0,0,0,0,5406,0,3510,1896,0
2662,49890,19.080333,18.697457,18.710960,0.000000,0.000459,0.000000,0.000000,0.064542,0.012708,0.932875,2088,8107240,136481,0,2,0,2,0,0,0,0,0,0,5406,0,3510,1896,0
2663,49891,18.627917,18.252711,18.292850,0.000000,0.000416,0.000000,0.000000,0.068000,0.019375,1.245000,2080,8107066,133819,0,2,0,2,0,0,0,0,0,0,7208,0,4680,2528,0
2664,49892,19.199000,18.818966,18.844419,0.000000,0.000416,0.000000,0.000000,0.054333,0.012125,1.299084,2089,8107254,139243,0,2,0,2,0,0,0,0,0,0,5406,0,3510,1896,0
2665,49893,18.851250,18.465286,18.499217,0.000000,0.000457,0.000000,0.000000,0.050833,0.013459,0.638417,2097,8107283,136104,0,2,0,2,0,0,0,0,0,0,5406,0,3510,1896,0
2666,49894,18.555833,18.174828,18.205796,0.000000,0.000583,0.000000,0.000000,0.054875,0.013292,1.217125,2064,8107065,133561,0,2,0,2,0,0,0,0,0,0,7208,0,4680,2528,0
2667,49895,18.602417,18.230714,18.267703,0.000000,0.000416,0.000000,0.000000,0.055500,0.019667,1.254708,2069,8107198,137052,0,2,0,2,0,0,0,0,0,0,5406,0,3510,1896,0
2668,49896,18.678458,18.297217,18.337382,0.000000,0.000375,0.000000,0.000000,0.057500,0.014709,1.222500,2113,8107274,137213,0,2,0,2,0,0,0,0,0,0,5406,0,3510,1896,0
2669,49897,18.781792,18.398388,18.403909,0.000000,0.000458,0.000000,0.000000,0.048042,0.011666,0.297625,2054,8107041,133452,0,2,0,2,0,0,0,0,0,0,7208,0,4680,2528,0
2670,49898,18.384000,18.010598,18.052567,0.000000,0.000457,0.000000,0.000000,0.049292,0.011166,1.219249,2078,8107260,137725,0,2,0,2,0,0,0,0,0,0,5406,0,3510,1896,0
2671,49899,18.841792,18.462723,18.463596,0.000000,0.000376,0.000000,0.000000,0.059875,0.013083,1.028292,2077,8107252,134687,0,2,0,2,0,0,0,0,0,0,5406,0,3510,1896,0
2672,49900,18.769958,18.396841,18.415957,0.000000,0.000624,0.000000,0.000000,0.059375,0.047125,1.285000,2062,8107185,134085,0,2,0,2,0,0,0,0,0,0,7208,0,4680,2528,0
2673,49901,19.044250,18.664083,18.662910,0.000000,0.000416,0.000000,0.000000,0.051042,0.018833,1.311459,2072,8107116,137517,0,2,0,2,0,0,0,0,0,0,5406,0,3510,1896,0
2674,49902,18.754292,18.370302,18.398561,0.000000,0.000375,0.000000,0.000000,0.063625,0.048166,0.667750,2112,8107286,135513,0,2,0,2,0,0,0,0,0,0,5406,0,3510,1896,0
2675,49903,18.550291,18.179184,18.173764,0.000000,0.000542,0.000000,0.000000,0.048625,0.012709,0.931833,2048,8107015,132608,0,2,0,2,0,0,0,0,0,0,7208,0,4680,2528,0
2676,49904,18.541042,18.164328,18.190578,0.000000,0.000333,0.000000,0.000000,0.057583,0.013584,1.246751,2054,8107343,138471,0,2,0,2,0,0,0,0,0,0,5586,0,3510,2076,0
2677,49905,21.014583,20.616273,20.660094,0.000000,0.000335,0.000000,0.000000,0.057417,0.037958,1.252584,2093,8107103,148968,0,2,0,2,0,0,0,0,0,0,5406,0,3510,1896,0
2678,49906,20.221750,19.832647,19.759194,0.000000,0.000542,0.000000,0.000000,0.058542,0.013833,0.915084,2130,8107044,136723,0,2,0,2,0,0,0,0,0,0,7208,0,4680,2528,0
2679,49907,19.668292,19.281715,19.309447,0.000000,0.000458,0.000000,0.000000,0.049000,0.013417,0.605667,2122,8107506,140060,0,2,0,2,0,0,0,0,0,0,5406,0,3510,1896,0
2680,49908,19.715583,19.304864,19.330270,0.000000,0.000543,0.000000,0.000000,0.059584,0.013916,1.042084,2165,8107046,140042,0,2,0,2,0,0,0,0,0,0,5406,0,3510,1896,0
2681,49909,19.197417,18.803480,18.826844,0.000000,0.000334,0.000000,0.000000,0.053042,0.012375,0.940750,2119,8107017,136222,0,2,0,2,0,0,0,0,0,0,7208,0,4680,2528,0
2682,49910,19.436917,19.036509,19.067941,0.000000,0.000460,0.000000,0.000000,0.057583,0.018583,0.929667,2114,8107267,141478,0,2,0,2,0,0,0,0,0,0,5406,0,3510,1896,0
2683,49911,19.180791,18.792391,18.830386,0.000000,0.000332,0.000000,0.000000,0.055125,0.013500,1.277375,2160,8107444,137496,0,2,0,2,0,0,0,0,0,0,5406,0,3510,1896,0
2684,49912,19.510250,19.102817,19.150834,0.000000,0.000417,0.000000,0.000000,0.053417,0.018667,1.249209,2129,8106960,138152,0,2,0,2,0,0,0,0,0,0,7208,0,4680,2528,0
2685,49913,19.541500,19.148886,19.189866,0.000000,0.000376,0.000000,0.000000,0.063750,0.049084,0.659833,2116,8107180,140579,0,2,0,2,0,0,0,0,0,0,5406,0,3510,1896,0
2686,49914,19.352334,18.958523,18.971173,0.000000,0.000582,0.000000,0.000000,0.063833,0.015292,0.921167,2161,8107224,138708,0,2,0,2,0,0,0,0,0,0,5406,0,3510,1896,0
2687,49915,18.859166,18.470995,18.502596,0.000000,0.000459,0.000000,0.000000,0.055250,0.013917,1.110168,2068,8107097,133216,0,2,0,2,0,0,0,0,0,0,7208,0,4680,2528,0
2688,49916,19.433042,19.044508,19.068676,0.000000,0.000418,0.000000,0.000000,0.052417,0.012750,1.260791,2079,8107223,139406,0,2,0,2,0,0,0,0,0,0,5406,0,3510,1896,0
2689,49917,18.733250,18.340752,18.370237,0.000000,0.000334,0.000000,0.000000,0.048708,0.013209,1.259250,2112,8107241,135436,0,2,0,2,0,0,0,0,0,0,5406,0,3510,1896,0
2690,49918,18.754167,18.378487,18.406276,0.000000,0.000415,0.000000,0.000000,0.064250,0.023291,0.610000,2065,8107315,133442,0,2,0,2,0,0,0,0,0,0,7208,0,4680,2528,0
2691,49919,19.096375,18.716142,18.746020,0.000000,0.000292,0.000000,0.000000,0.050541,0.013667,1.263167,2069,8106982,137178,0,2,0,2,0,0,0,0,0,0,5406,0,3510,1896,0
2692,49920,19.061041,18.672760,18.702902,0.000000,0.000375,0.000000,0.000000,0.055125,0.016625,1.237084,2112,8107284,136725,0,2,0,2,0,0,0,0,0,0,5406,0,3510,1896,0
2693,49921,18.366542,17.991168,18.026411,0.000000,0.000376,0.000000,0.000000,0.044500,0.013375,1.260999,2041,8107192,132354,0,2,0,2,0,0,0,0,0,0,7208,0,4680,2528,0
2694,49922,18.963500,18.591532,18.627821,0.000000,0.000291,0.000000,0.000000,0.053208,0.047750,0.612708,2048,8107143,138019,0,2,0,2,0,0,0,0,0,0,5406,0,3510,1896,0
2695,49923,18.797708,18.408633,18.418295,0.000000,0.000460,0.000000,0.000000,0.058709,0.013083,0.945459,2091,8107341,135015,0,2,0,2,0,0,0,0,0,0,5406,0,3510,1896,0
2696,49924,19.152292,18.774057,18.807673,0.000000,0.000417,0.000000,0.000000,0.052500,0.018250,1.304000,2051,8106958,135785,0,2,0,2,0,0,0,0,0,0,7208,0,4680,2528,0
2697,49925,18.873750,18.499375,18.538717,0.000000,0.000457,0.000000,0.000000,0.057000,0.019250,1.259375,2064,8107252,135850,0,2,0,2,0,0,0,0,0,0,5406,0,3510,1896,0
2698,49926,18.751167,18.372711,18.403353,0.000000,0.000543,0.000000,0.000000,0.059666,0.014084,0.611583,2078,8107341,134832,0,2,0,2,0,0,0,0,0,0,5406,0,3510,1896,0
2699,49927,18.688500,18.308236,18.348468,0.000000,0.000333,0.000000,0.000000,0.048000,0.012666,1.091333,2049,8107009,134588,0,2,0,2,0,0,0,0,0,0,7208,0,4680,2528,0
2700,49928,18.827333,18.455097,18.479424,0.000000,0.000623,0.000000,0.000000,0.049000,0.013708,1.311333,2050,8107222,136553,0,2,0,2,0,0,0,0,0,0,5406,0,3510,1896,0
2701,49929,18.728583,18.344130,18.387711,0.000000,0.000374,0.000000,0.000000,0.058709,0.017458,1.293167,2089,8107351,135119,0,2,0,2,0,0,0,0,0,0,5406,0,3510,1896,0
2702,49930,18.617250,18.231065,18.279789,0.000000,0.000542,0.000000,0.000000,0.054917,0.049292,0.626042,2057,8106959,135378,0,2,0,2,0,0,0,0,0,0,7208,0,4680,2528,0
2703,49931,18.683250,18.309973,18.318115,0.000000,0.000500,0.000000,0.000000,0.059625,0.014334,1.315583,2043,8107237,134503,0,2,0,2,0,0,0,0,0,0,5406,0,3510,1896,0
2704,49932,19.028875,18.651586,18.667328,0.000000,0.000459,0.000000,0.000000,0.060209,0.013791,1.315417,2056,8107373,135222,0,2,0,2,0,0,0,0,0,0,7004,0,4536,2468,0
2705,49933,18.856750,18.479700,18.518984,0.000000,0.000501,0.000000,0.000000,0.063917,0.017333,1.279042,2052,8107080,136792,0,2,0,2,0,0,0,0,0,0,5610,0,3654,1956,0
2706,49934,18.085000,17.717553,17.735281,0.000000,0.000376,0.000000,0.000000,0.048667,0.012542,0.646083,2043,8107058,137455,0,2,0,2,0,0,0,0,0,0,5565,0,3510,2055,0
2707,49935,19.290792,18.911651,18.927468,0.000000,0.000416,0.000000,0.000000,0.046750,0.026333,1.293125,2064,8106964,143219,0,2,0,2,0,0,0,0,0,0,7353,0,4680,2673,0
2708,49936,20.809750,20.432275,20.336606,0.000000,0.000293,0.000000,0.000000,0.057292,0.012375,0.960209,2058,8107238,144729,0,2,0,2,0,0,0,0,0,0,5406,0,3510,1896,0
2709,49937,18.353792,17.980950,18.006206,0.000000,0.000459,0.000000,0.000000,0.048416,0.049709,1.326458,2058,8107304,134812,0,2,0,2,0,0,0,0,0,0,5406,0,3510,1896,0
2710,49938,17.683458,17.320180,17.323771,0.000000,0.000335,0.000000,0.000000,0.043083,0.012250,0.784834,2021,8106992,134013,0,2,0,2,0,0,0,0,0,0,7404,0,4680,2724,0
2711,49939,19.418250,19.043689,19.084315,0.000000,0.000332,0.000000,0.000000,0.050375,0.014875,0.661041,2050,8107222,141810,0,2,0,2,0,0,0,0,0,0,5406,0,3510,1896,0
2712,49940,19.023333,18.645971,18.676303,0.000000,0.000333,0.000000,0.000000,0.058417,0.016167,0.830375,2066,8107228,136329,0,2,0,2,0,0,0,0,0,0,5406,0,3510,1896,0
2713,49941,18.368042,18.000759,18.040008,0.000000,0.000499,0.000000,0.000000,0.059250,0.014458,0.589918,2032,8107050,132157,0,2,0,2,0,0,0,0,0,0,7208,0,4680,2528,0
2714,49942,18.809542,18.434243,18.477245,0.000000,0.000416,0.000000,0.000000,0.056666,0.014084,1.247499,2054,8107263,137716,0,2,0,2,0,0,0,0,0,0,5406,0,3510,1896,0
2715,49943,18.675583,18.298893,18.335213,0.000000,0.000334,0.000000,0.000000,0.053292,0.018625,0.634625,2033,8107248,134281,0,2,0,2,0,0,0,0,0,0,5406,0,3510,1896,0
2716,49944,18.886375,18.507366,18.552560,0.000000,0.000584,0.000000,0.000000,0.058417,0.022916,1.246125,2057,8107044,134162,0,2,0,2,0,0,0,0,0,0,7208,0,4680,2528,0
2717,49945,19.249667,18.861458,18.902737,0.000000,0.000291,0.000000,0.000000,0.057125,0.014750,1.125583,2058,8107301,137335,0,2,0,2,0,0,0,0,0,0,5406,0,3510,1896,0
2718,49946,18.982791,18.606649,18.639850,0.000000,0.000333,0.000000,0.000000,0.060000,0.025375,1.252083,2057,8107338,135268,0,2,0,2,0,0,0,0,0,0,5406,0,3510,1896,0
2719,49947,18.786209,18.412731,18.441337,0.000000,0.000500,0.000000,0.000000,0.056708,0.013750,1.261293,2052,8106953,132896,0,2,0,2,0,0,0,0,0,0,7208,0,4680,2528,0
2720,49948,19.048666,18.666292,18.698620,0.000000,0.000375,0.000000,0.000000,0.053500,0.017000,0.609792,2068,8107244,138072,0,2,0,2,0,0,0,0,0,0,5406,0,3510,1896,0
2721,49949,18.698042,18.315742,18.345212,0.000000,0.000583,0.000000,0.000000,0.053750,0.018542,1.274292,2061,8107282,134631,0,2,0,2,0,0,0,0,0,0,5406,0,3510,1896,0
2722,49950,18.430750,18.054649,18.087165,0.000000,0.000375,0.000000,0.000000,0.047417,0.012500,1.325208,2044,8107133,132301,0,2,0,2,0,0,0,0,0,0,7208,0,4680,2528,0
2723,49951,18.933667,18.557539,18.561651,0.000000,0.000459,0.000000,0.000000,0.082833,0.041250,1.289375,2041,8107270,135789,0,2,0,2,0,0,0,0,0,0,5406,0,3510,1896,0
2724,49952,19.732916,19.351257,19.262609,0.000000,0.000541,0.000000,0.000000,0.054792,0.014000,0.297209,2103,8107140,135958,0,2,0,2,0,0,0,0,0,0,5406,0,3510,1896,0
2725,49953,18.875834,18.495618,18.489706,0.000000,0.000459,0.000000,0.000000,0.077916,0.013084,0.933000,2032,8107215,132068,0,2,0,2,0,0,0,0,0,0,7208,0,4680,2528,0
2726,49954,18.999500,18.617550,18.637825,0.000000,0.000335,0.000000,0.000000,0.058208,0.014500,0.952209,2039,8107079,136076,0,2,0,2,0,0,0,0,0,0,5406,0,3510,1896,0
2727,49955,18.828416,18.452867,18.477535,0.000000,0.000416,0.000000,0.000000,0.054875,0.019750,1.299709,2071,8107250,134133,0,2,0,2,0,0,0,0,0,0,5406,0,3510,1896,0
2728,49956,18.674792,18.304768,18.334460,0.000000,0.000332,0.000000,0.000000,0.061917,0.013208,1.252375,2038,8107042,132379,0,2,0,2,0,0,0,0,0,0,7208,0,4680,2528,0
2729,49957,18.942500,18.568791,18.599431,0.000000,0.000417,0.000000,0.000000,0.062167,0.013916,0.610042,2039,8107274,136377,0,2,0,2,0,0,0,0,0,0,5406,0,3510,1896,0
2730,49958,18.568542,18.174002,18.160767,0.000000,0.000501,0.000000,0.000000,0.066333,0.033042,0.947542,2082,8107167,133857,0,2,0,2,0,0,0,0,0,0,5586,0,3510,2076,0
2731,49959,20.312833,19.932892,19.910340,0.000000,0.000290,0.000000,0.000000,0.064875,0.026458,0.949334,2052,8107008,140835,0,2,0,2,0,0,0,0,0,0,7208,0,4680,2528,0
2732,49960,19.222667,18.844449,18.856104,0.000000,0.000458,0.000000,0.000000,0.063791,0.018209,1.266501,2059,8107264,136567,0,2,0,2,0,0,0,0,0,0,5406,0,3510,1896,0
2733,49961,19.078166,18.690337,18.699911,0.000000,0.000375,0.000000,0.000000,0.049042,0.026250,1.215584,2111,8107258,135327,0,2,0,2,0,0,0,0,0,0,5406,0,3510,1896,0
2734,49962,18.911875,18.526258,18.556558,0.000000,0.000335,0.000000,0.000000,0.052584,0.016416,0.643709,2077,8106989,140244,0,2,0,2,0,0,0,0,0,0,7342,0,4680,2662,0
2735,49963,20.156959,19.770001,19.795640,0.000000,0.000501,0.000000,0.000000,0.058625,0.020375,0.969125,2083,8107239,140610,0,2,0,2,0,0,0,0,0,0,5406,0,3510,1896,0
2736,49964,19.115041,18.726880,18.731455,0.000000,0.000334,0.000000,0.000000,0.049084,0.014875,1.319209,2125,8107263,136992,0,2,0,2,0,0,0,0,0,0,5406,0,3510,1896,0
2737,49965,19.066375,18.645236,18.686529,0.000000,0.000708,0.000000,0.000000,0.053000,0.024917,0.935958,2094,8107084,134211,0,2,0,2,0,0,0,0,0,0,7208,0,4680,2528,0
2738,49966,19.069042,18.683939,18.698791,0.000000,0.000583,0.000000,0.000000,0.050542,0.014583,1.363457,2087,8107305,137481,0,2,0,2,0,0,0,0,0,0,5406,0,3510,1896,0
2739,49967,19.238458,18.839967,18.850055,0.000000,0.000502,0.000000,0.000000,0.050125,0.026792,0.651500,2141,8107161,135577,0,2,0,2,0,0,0,0,0,0,5406,0,3510,1896,0
2740,49968,19.091584,18.710443,18.729882,0.000000,0.000416,0.000000,0.000000,0.053166,0.022750,1.302125,2084,8107378,135180,0,2,0,2,0,0,0,0,0,0,7208,0,4680,2528,0
2741,49969,19.173958,18.786302,18.816941,0.000000,0.000500,0.000000,0.000000,0.046917,0.023625,1.117667,2092,8107162,137578,0,2,0,2,0,0,0,0,0,0,5406,0,3510,1896,0
2742,49970,19.019500,18.626640,18.653298,0.000000,0.000250,0.000000,0.000000,0.049167,0.013583,1.317292,2123,8107272,135434,0,2,0,2,0,0,0,0,0,0,5406,0,3510,1896,0
2743,49971,18.772500,18.401915,18.421702,0.000000,0.000498,0.000000,0.000000,0.063625,0.023292,1.279584,2077,8106821,133719,0,2,0,2,0,0,0,0,0,0,7208,0,4680,2528,0
2744,49972,19.087167,18.688255,18.743632,0.000000,0.000418,0.000000,0.000000,0.056000,0.013583,0.657292,2071,8107246,137932,0,2,0,2,0,0,0,0,0,0,5406,0,3510,1896,0
2745,49973,18.550583,18.167904,18.199284,0.000000,0.000419,0.000000,0.000000,0.052667,0.016333,0.947709,2126,8107433,139508,0,2,0,2,0,0,0,0,0,0,5565,0,3510,2055,0
2746,49974,19.533708,19.139641,19.164944,0.000000,0.000498,0.000000,0.000000,0.041167,0.016125,1.333416,2076,8106786,139943,0,2,0,2,0,0,0,0,0,0,7208,0,4680,2528,0
2747,49975,19.071917,18.701475,18.736352,0.000000,0.000418,0.000000,0.000000,0.054333,0.019959,1.306625,2080,8107268,137587,0,2,0,2,0,0,0,0,0,0,5406,0,3510,1896,0
2748,49976,19.095458,18.706520,18.746051,0.000000,0.000376,0.000000,0.000000,0.048250,0.013292,0.611875,2112,8107382,137320,0,2,0,2,0,0,0,0,0,0,5406,0,3510,1896,0
2749,49977,18.789834,18.414911,18.443462,0.000000,0.000250,0.000000,0.000000,0.050208,0.013167,1.171208,2082,8106928,136526,0,2,0,2,0,0,0,0,0,0,7208,0,4680,2528,0
2750,49978,18.754958,18.369960,18.401555,0.000000,0.000500,0.000000,0.000000,0.047542,0.012750,0.957125,2078,8107339,136708,0,2,0,2,0,0,0,0,0,0,5406,0,3510,1896,0
2751,49979,18.903833,18.517251,18.549925,0.000000,0.000375,0.000000,0.000000,0.051292,0.013333,1.264584,2122,8107161,135880,0,2,0,2,0,0,0,0,0,0,5406,0,3510,1896,0
2752,49980,18.834500,18.455055,18.497378,0.000000,0.000460,0.000000,0.000000,0.045750,0.012875,1.264209,2079,8107056,136761,0,2,0,2,0,0,0,0,0,0,7208,0,4680,2528,0
2753,49981,19.599292,19.206085,19.209033,0.000000,0.000791,0.000000,0.000000,0.085625,0.038125,0.654125,2053,8107251,135383,0,2,0,2,0,0,0,0,0,0,5406,0,3510,1896,0
2754,49982,19.915125,19.537934,19.531756,0.000000,0.000417,0.000000,0.000000,0.076667,0.065458,0.946500,2064,8107293,135954,0,2,0,2,0,0,0,0,0,0,5406,0,3510,1896,0
2755,49983,20.609958,20.221829,20.168866,0.000000,0.000916,0.000000,0.000000,0.065709,0.048458,1.293791,2056,8107003,134993,0,2,0,2,0,0,0,0,0,0,7208,0,4680,2528,0
2756,49984,22.828459,22.421998,21.283870,0.000000,0.000418,0.000000,0.000000,0.061666,0.015584,0.943833,2053,8107273,136443,0,2,0,2,0,0,0,0,0,0,5406,0,3510,1896,0
2757,49985,19.038250,18.668152,18.653940,0.000000,0.000291,0.000000,0.000000,0.049458,0.032208,0.952917,2050,8107349,133985,0,2,0,2,0,0,0,0,0,0,7004,0,4536,2468,0
2758,49986,18.663375,18.289212,18.311708,0.000000,0.000624,0.000000,0.000000,0.048583,0.018500,1.260166,2049,8106950,135957,0,2,0,2,0,0,0,0,0,0,5610,0,3654,1956,0
2759,49987,18.911916,18.536953,18.565416,0.000000,0.000416,0.000000,0.000000,0.051084,0.042791,1.320959,2040,8107504,135219,0,2,0,2,0,0,0,0,0,0,5406,0,3510,1896,0
2760,49988,19.339875,18.962943,18.893610,0.000000,0.000333,0.000000,0.000000,0.056875,0.014750,0.640250,2051,8106877,134195,0,2,0,2,0,0,0,0,0,0,7208,0,4680,2528,0
2761,49989,18.918834,18.547638,18.578516,0.000000,0.000292,0.000000,0.000000,0.047250,0.015666,0.960167,2049,8107224,136850,0,2,0,2,0,0,0,0,0,0,5406,0,3510,1896,0
2762,49990,18.745291,18.364834,18.388401,0.000000,0.000584,0.000000,0.000000,0.062209,0.014333,1.323042,2043,8107215,135506,0,2,0,2,0,0,0,0,0,0,5406,0,3510,1896,0
2763,49991,18.423459,18.052061,18.066085,0.000000,0.000292,0.000000,0.000000,0.048833,0.013458,1.259666,2058,8107067,132817,0,2,0,2,0,0,0,0,0,0,7209,0,4680,2529,0
2764,49992,19.188041,18.810200,18.829522,0.000000,0.000415,0.000000,0.000000,0.057334,0.015666,0.608625,2063,8106889,138277,0,2,0,2,0,0,0,0,0,0,7446,0,3510,3936,0
2765,49993,18.742417,18.369524,18.404727,0.000000,0.000333,0.000000,0.000000,0.048667,0.014541,1.209583,2048,8107261,135139,0,2,0,2,0,0,0,0,0,0,5406,0,3510,1896,0
2766,49994,18.944250,18.570519,18.587074,0.000000,0.000334,0.000000,0.000000,0.050375,0.014292,1.090001,2061,8107050,134186,0,2,0,2,0,0,0,0,0,0,7208,0,4680,2528,0
2767,49995,18.677583,18.304722,18.335150,0.000000,0.000375,0.000000,0.000000,0.050834,0.024208,1.258042,2048,8107422,137270,0,2,0,2,0,0,0,0,0,0,5406,0,3510,1896,0
2768,49996,18.512334,18.132746,18.163701,0.000000,0.000375,0.000000,0.000000,0.046875,0.013333,0.659833,2041,8107133,136041,0,2,0,2,0,0,0,0,0,0,5406,0,3510,1896,0
2769,49997,18.877000,18.500203,18.527414,0.000000,0.000500,0.000000,0.000000,0.077541,0.014042,1.279292,2050,8107102,133176,0,2,0,2,0,0,0,0,0,0,7208,0,4680,2528,0
2770,49998,19.443416,19.064627,19.107579,0.000000,0.000625,0.000000,0.000000,0.071125,0.037375,0.586834,2032,8107165,137258,0,2,0,2,0,0,0,0,0,0,5406,0,3510,1896,0
2771,49999,18.762542,18.387994,18.411823,0.000000,0.000291,0.000000,0.000000,0.058625,0.014667,0.908167,2066,8107278,135343,0,2,0,2,0,0,0,0,0,0,5406,0,3510,1896,0
2772,50000,18.084458,17.716798,17.756366,0.000000,0.000418,0.000000,0.000000,0.045792,0.015625,1.218916,2044,8107071,134220,0,2,0,2,0,0,0,0,0,0,7208,0,4680,2528,0
2773,50001,18.063584,17.702990,17.743118,0.000000,0.000210,0.000000,0.000000,0.046125,0.010625,0.622875,2046,8107244,136791,0,2,0,2,0,0,0,0,0,0,5406,0,3510,1896,0
2774,50002,17.659583,17.291781,17.329992,0.000000,0.000293,0.000000,0.000000,0.046208,0.012125,1.043250,2070,8107240,134950,0,2,0,2,0,0,0,0,0,0,5406,0,3510,1896,0
2775,50003,17.719167,17.358797,17.401619,0.000000,0.000584,0.000000,0.000000,0.046000,0.010583,1.218000,2034,8107082,133031,0,2,0,2,0,0,0,0,0,0,7208,0,4680,2528,0
2776,50004,18.514833,18.145380,18.159187,0.000000,0.000459,0.000000,0.000000,0.050417,0.013750,0.609834,2031,8107287,138058,0,2,0,2,0,0,0,0,0,0,5406,0,3510,1896,0
2777,50005,17.883958,17.519275,17.553982,0.000000,0.000375,0.000000,0.000000,0.048417,0.016125,0.900000,2086,8107168,135338,0,2,0,2,0,0,0,0,0,0,5406,0,3510,1896,0
2778,50006,17.674625,17.312262,17.351687,0.000000,0.000375,0.000000,0.000000,0.040625,0.011625,1.222001,2046,8107052,133255,0,2,0,2,0,0,0,0,0,0,7208,0,4680,2528,0
2779,50007,17.741667,17.369072,17.420184,0.000000,0.000375,0.000000,0.000000,0.048542,0.011833,0.608542,2035,8107274,136350,0,2,0,2,0,0,0,0,0,0,5406,0,3510,1896,0
2780,50008,17.698333,17.326717,17.368282,0.000000,0.000418,0.000000,0.000000,0.042000,0.011250,1.231625,2089,8107372,136613,0,2,0,2,0,0,0,0,0,0,5406,0,3510,1896,0
2781,50009,17.759792,17.396358,17.429472,0.000000,0.000416,0.000000,0.000000,0.046042,0.011750,1.216334,2044,8106914,133417,0,2,0,2,0,0,0,0,0,0,7208,0,4680,2528,0
2782,50010,17.839917,17.475676,17.517468,0.000000,0.000334,0.000000,0.000000,0.045875,0.011083,0.626250,2035,8107304,137021,0,2,0,2,0,0,0,0,0,0,5406,0,3510,1896,0
2783,50011,18.100791,17.728702,17.741182,0.000000,0.000584,0.000000,0.000000,0.072667,0.011583,0.903167,2076,8107367,134023,0,2,0,2,0,0,0,0,0,0,5406,0,3510,1896,0
2784,50012,18.121834,17.753865,17.799518,0.000000,0.000333,0.000000,0.000000,0.054583,0.011000,0.915499,2043,8106888,134552,0,2,0,2,0,0,0,0,0,0,7208,0,4680,2528,0
2785,50013,18.352583,17.989703,18.027759,0.000000,0.000292,0.000000,0.000000,0.052333,0.013209,0.608917,2040,8107294,136694,0,2,0,2,0,0,0,0,0,0,5406,0,3510,1896,0
2786,50014,17.790292,17.417374,17.456866,0.000000,0.000376,0.000000,0.000000,0.049000,0.011000,0.741709,2093,8107300,135009,0,2,0,2,0,0,0,0,0,0,5406,0,3510,1896,0
2787,50015,17.718541,17.351022,17.378570,0.000000,0.000459,0.000000,0.000000,0.049584,0.011833,1.218375,2044,8106996,132974,0,2,0,2,0,0,0,0,0,0,7208,0,4680,2528,0
2788,50016,17.909042,17.521346,17.579686,0.000000,0.000582,0.000000,0.000000,0.060542,0.012250,0.595709,2048,8107254,137631,0,2,0,2,0,0,0,0,0,0,5406,0,3510,1896,0
2789,50017,17.676250,17.307375,17.328882,0.000000,0.000457,0.000000,0.000000,0.043208,0.009417,0.740583,2093,8107342,134960,0,2,0,2,0,0,0,0,0,0,5406,0,3510,1896,0
2790,50018,17.541125,17.176811,17.218093,0.000000,0.000292,0.000000,0.000000,0.047167,0.009833,1.211458,2046,8106945,133000,0,2,0,2,0,0,0,0,0,0,7208,0,4680,2528,0
2791,50019,17.692833,17.330890,17.369608,0.000000,0.000500,0.000000,0.000000,0.047459,0.011291,0.622666,2031,8107253,136778,0,2,0,2,0,0,0,0,0,0,5406,0,3510,1896,0
2792,50020,17.982459,17.596607,17.648775,0.000000,0.000376,0.000000,0.000000,0.043166,0.011375,1.276501,2080,8107260,136052,0,2,0,2,0,0,0,0,0,0,5406,0,3510,1896,0
2793,50021,17.588916,17.217166,17.255781,0.000000,0.000583,0.000000,0.000000,0.046667,0.013042,1.066458,2048,8107102,132596,0,2,0,2,0,0,0,0,0,0,7208,0,4680,2528,0
2794,50022,18.281125,17.912941,17.951057,0.000000,0.000583,0.000000,0.000000,0.049792,0.013375,0.530208,2045,8107208,137272,0,2,0,2,0,0,0,0,0,0,5406,0,3510,1896,0
2795,50023,18.026334,17.655010,17.694086,0.000000,0.000376,0.000000,0.000000,0.044666,0.019625,0.741959,2097,8107268,134867,0,2,0,2,0,0,0,0,0,0,5406,0,3510,1896,0
2796,50024,18.032166,17.663201,17.664001,0.000000,0.000540,0.000000,0.000000,0.077792,0.016250,1.062791,2057,8107034,134567,0,2,0,2,0,0,0,0,0,0,7208,0,4680,2528,0
2797,50025,18.208209,17.850040,17.889985,0.000000,0.000334,0.000000,0.000000,0.047625,0.012416,0.608917,2040,8107248,136817,0,2,0,2,0,0,0,0,0,0,5406,0,3510,1896,0
2798,50026,17.589333,17.213212,17.254328,0.000000,0.000208,0.000000,0.000000,0.043833,0.008917,1.216250,2091,8107259,135090,0,2,0,2,0,0,0,0,0,0,5406,0,3510,1896,0
2799,50027,17.580667,17.218233,17.258801,0.000000,0.000291,0.000000,0.000000,0.036041,0.010542,1.275125,2056,8107117,133789,0,2,0,2,0,0,0,0,0,0,7208,0,4680,2528,0
2800,50028,18.035875,17.668282,17.709657,0.000000,0.000334,0.000000,0.000000,0.066291,0.013709,0.648791,2049,8107227,138182,0,2,0,2,0,0,0,0,0,0,5406,0,3510,1896,0
2801,50029,18.615791,18.233231,18.262094,0.000000,0.000458,0.000000,0.000000,0.049500,0.012917,0.632583,2106,8107343,134640,0,2,0,2,0,0,0,0,0,0,5406,0,3510,1896,0
2802,50030,18.569625,18.187048,18.223786,0.000000,0.000374,0.000000,0.000000,0.046292,0.012042,1.033417,2053,8106959,135413,0,2,0,2,0,0,0,0,0,0,7208,0,4680,2528,0
2803,50031,18.679042,18.306444,18.347055,0.000000,0.000458,0.000000,0.000000,0.060458,0.015042,1.307458,2046,8107266,134257,0,2,0,2,0,0,0,0,0,0,5406,0,3510,1896,0
2804,50032,18.682375,18.304126,18.317846,0.000000,0.000375,0.000000,0.000000,0.049333,0.014292,0.654875,2090,8107263,136284,0,2,0,2,0,0,0,0,0,0,5406,0,3510,1896,0
2805,50033,19.012083,18.637124,18.652819,0.000000,0.000459,0.000000,0.000000,0.056875,0.051417,1.251000,2060,8107199,135174,0,2,0,2,0,0,0,0,0,0,7208,0,4680,2528,0
2806,50034,18.688459,18.313393,18.314455,0.000000,0.000334,0.000000,0.000000,0.049375,0.024083,1.106791,2039,8107145,135180,0,2,0,2,0,0,0,0,0,0,5406,0,3510,1896,0
2807,50035,18.778625,18.389400,18.406005,0.000000,0.000375,0.000000,0.000000,0.047958,0.012875,1.302416,2089,8107204,134565,0,2,0,2,0,0,0,0,0,0,5406,0,3510,1896,0
2808,50036,18.972375,18.592985,18.529271,0.000000,0.000459,0.000000,0.000000,0.075541,0.013709,0.942667,2045,8107048,136030,0,2,0,2,0,0,0,0,0,0,7208,0,4680,2528,0
2809,50037,18.576041,18.212408,18.242604,0.000000,0.000417,0.000000,0.000000,0.048625,0.012625,0.609916,2036,8107261,134908,0,2,0,2,0,0,0,0,0,0,5406,0,3510,1896,0
2810,50038,19.650750,19.260171,19.147348,0.000000,0.000624,0.000000,0.000000,0.085709,0.028416,0.709209,2054,8107252,134083,0,2,0,2,0,0,0,0,0,0,7004,0,4536,2468,0
2811,50039,20.083500,19.704465,19.655322,0.000000,0.000252,0.000000,0.000000,0.066209,0.017583,0.929959,2046,8107139,136221,0,2,0,2,0,0,0,0,0,0,5610,0,3654,1956,0
2812,50040,18.820000,18.450064,18.489174,0.000000,0.000375,0.000000,0.000000,0.066542,0.013875,1.256875,2044,8107197,136069,0,2,0,2,0,0,0,0,0,0,5406,0,3510,1896,0
2813,50041,18.737459,18.364070,18.394447,0.000000,0.000500,0.000000,0.000000,0.056083,0.051167,1.252458,2048,8107024,133031,0,2,0,2,0,0,0,0,0,0,7208,0,4680,2528,0
2814,50042,19.368916,18.984118,18.870345,0.000000,0.000375,0.000000,0.000000,0.053042,0.018833,0.584375,2043,8107260,137287,0,2,0,2,0,0,0,0,0,0,5406,0,3510,1896,0
2815,50043,18.631125,18.256323,18.279089,0.000000,0.000501,0.000000,0.000000,0.044834,0.011541,0.954208,2055,8107247,135207,0,2,0,2,0,0,0,0,0,0,5406,0,3510,1896,0
2816,50044,18.699042,18.325180,18.366712,0.000000,0.000459,0.000000,0.000000,0.051458,0.012792,1.312041,2065,8107118,134812,0,2,0,2,0,0,0,0,0,0,7208,0,4680,2528,0
2817,50045,18.857083,18.479843,18.483062,0.000000,0.000416,0.000000,0.000000,0.063209,0.019500,1.247332,2048,8107230,136710,0,2,0,2,0,0,0,0,0,0,5406,0,3510,1896,0
2818,50046,18.606667,18.236418,18.252047,0.000000,0.000333,0.000000,0.000000,0.050667,0.014750,0.629334,2056,8107423,135465,0,2,0,2,0,0,0,0,0,0,5406,0,3510,1896,0
2819,50047,18.552458,18.175482,18.203521,0.000000,0.000458,0.000000,0.000000,0.045875,0.013625,0.940083,2061,8106866,133855,0,2,0,2,0,0,0,0,0,0,7208,0,4680,2528,0
2820,50048,18.725209,18.354749,18.396092,0.000000,0.000377,0.000000,0.000000,0.050750,0.012875,1.263916,2054,8107244,138212,0,2,0,2,0,0,0,0,0,0,5406,0,3510,1896,0
2821,50049,19.685375,19.285883,19.165862,0.000000,0.000458,0.000000,0.000000,0.062208,0.048167,0.936251,2046,8107264,135305,0,2,0,2,0,0,0,0,0,0,5406,0,3510,1896,0
2822,50050,19.158833,18.772357,18.791020,0.000000,0.000623,0.000000,0.000000,0.052000,0.019125,0.606750,2063,8107070,133881,0,2,0,2,0,0,0,0,0,0,7208,0,4680,2528,0
2823,50051,19.351750,18.974636,18.986356,0.000000,0.000249,0.000000,0.000000,0.071750,0.023125,1.263709,2041,8107325,136999,0,2,0,2,0,0,0,0,0,0,5406,0,3510,1896,0
2824,50052,19.483833,19.091148,19.113764,0.000000,0.000418,0.000000,0.000000,0.070625,0.015459,0.956250,2080,8107157,136385,0,2,0,2,0,0,0,0,0,0,5406,0,3510,1896,0
2825,50053,19.461459,19.069261,19.089119,0.000000,0.000375,0.000000,0.000000,0.076708,0.015458,1.055000,2070,8107097,133779,0,2,0,2,0,0,0,0,0,0,7208,0,4680,2528,0
2826,50054,19.200666,18.823243,18.842975,0.000000,0.000499,0.000000,0.000000,0.050375,0.013375,1.227500,2056,8107196,138070,0,2,0,2,0,0,0,0,0,0,5406,0,3510,1896,0
2827,50055,18.936292,18.549095,18.588166,0.000000,0.000584,0.000000,0.000000,0.065167,0.017375,1.245667,2108,8107268,135773,0,2,0,2,0,0,0,0,0,0,5406,0,3510,1896,0
2828,50056,18.802458,18.428452,18.464774,0.000000,0.000501,0.000000,0.000000,0.053709,0.019333,0.623916,2068,8107036,134756,0,2,0,2,0,0,0,0,0,0,7208,0,4680,2528,0
2829,50057,18.927000,18.546520,18.582669,0.000000,0.000416,0.000000,0.000000,0.050084,0.020500,0.936042,2056,8107280,137234,0,2,0,2,0,0,0,0,0,0,5406,0,3510,1896,0
2830,50058,19.216042,18.827511,18.793516,0.000000,0.000375,0.000000,0.000000,0.056083,0.013334,0.912084,2097,8107267,135861,0,2,0,2,0,0,0,0,0,0,5406,0,3510,1896,0
2831,50059,18.993917,18.620519,18.638233,0.000000,0.000624,0.000000,0.000000,0.056250,0.014708,1.261000,2070,8107053,134180,0,2,0,2,0,0,0,0,0,0,7208,0,4680,2528,0
2832,50060,19.120708,18.743576,18.779124,0.000000,0.000499,0.000000,0.000000,0.067083,0.014375,0.649666,2044,8107227,138030,0,2,0,2,0,0,0,0,0,0,5406,0,3510,1896,0
2833,50061,18.882000,18.501033,18.536412,0.000000,0.000292,0.000000,0.000000,0.053500,0.022708,0.955042,2101,8107361,135171,0,2,0,2,0,0,0,0,0,0,5406,0,3510,1896,0
2834,50062,18.878458,18.501658,18.534611,0.000000,0.000374,0.000000,0.000000,0.061667,0.016833,1.065667,2070,8106963,134142,0,2,0,2,0,0,0,0,0,0,7208,0,4680,2528,0
2835,50063,19.288834,18.915905,18.856518,0.000000,0.000459,0.000000,0.000000,0.050541,0.025167,0.912958,2048,8107377,136793,0,2,0,2,0,0,0,0,0,0,5406,0,3510,1896,0
2836,50064,18.787750,18.396920,18.425877,0.000000,0.000667,0.000000,0.000000,0.072916,0.017667,1.274042,2095,8107118,136423,0,2,0,2,0,0,0,0,0,0,5406,0,3510,1896,0
2837,50065,19.548041,19.153724,19.136483,0.000000,0.003250,0.000000,0.000000,0.070334,0.013791,0.449291,2056,8107044,133240,0,2,0,2,0,0,0,0,0,0,7208,0,4680,2528,0
2838,50066,19.498417,19.113472,19.102827,0.000000,0.000460,0.000000,0.000000,0.053333,0.014250,0.597208,2058,8107313,137155,0,2,0,2,0,0,0,0,0,0,5406,0,3510,1896,0
2839,50067,18.771917,18.386266,18.397673,0.000000,0.000376,0.000000,0.000000,0.048041,0.017709,1.260417,2097,8107393,135136,0,2,0,2,0,0,0,0,0,0,5406,0,3510,1896,0
2840,50068,18.686833,18.309374,18.333324,0.000000,0.000291,0.000000,0.000000,0.054250,0.013833,1.056208,2058,8106855,134359,0,2,0,2,0,0,0,0,0,0,7208,0,4680,2528,0
2841,50069,18.739583,18.363973,18.393337,0.000000,0.000417,0.000000,0.000000,0.054834,0.029625,0.608417,2041,8107255,137121,0,2,0,2,0,0,0,0,0,0,5406,0,3510,1896,0
2842,50070,18.059709,17.679560,17.698612,0.000000,0.000501,0.000000,0.000000,0.043916,0.016917,1.283000,2080,8107229,137753,0,2,0,2,0,0,0,0,0,0,5663,0,3510,2153,0
2843,50071,19.938083,19.559596,19.563536,0.000000,0.000416,0.000000,0.000000,0.071042,0.018125,1.262375,2049,8106987,138657,0,2,0,2,0,0,0,0,0,0,7367,0,4680,2687,0
2844,50072,20.666000,20.267442,20.250879,0.000000,0.000666,0.000000,0.000000,0.058250,0.066125,1.020459,2146,8107123,146628,0,2,0,2,0,0,0,0,0,0,5406,0,3510,1896,0
2845,50073,19.516917,19.123183,19.115582,0.000000,0.000417,0.000000,0.000000,0.061875,0.021958,1.243499,2189,8107315,132818,0,2,0,2,0,0,0,0,0,0,5406,0,3510,1896,0
2846,50074,18.575166,18.198347,18.222053,0.000000,0.000333,0.000000,0.000000,0.056209,0.037250,1.257376,2035,8107023,128258,0,2,0,2,0,0,0,0,0,0,7208,0,4680,2528,0
2847,50075,19.710334,19.319034,19.338776,0.000000,0.000333,0.000000,0.000000,0.054750,0.044833,0.606375,2126,8107370,138372,0,2,0,2,0,0,0,0,0,0,5406,0,3510,1896,0
2848,50076,19.498333,19.102997,19.091245,0.000000,0.000416,0.000000,0.000000,0.068417,0.017000,0.929542,2158,8107111,137449,0,2,0,2,0,0,0,0,0,0,5406,0,3510,1896,0
2849,50077,19.177875,18.789554,18.811712,0.000000,0.000501,0.000000,0.000000,0.051500,0.021125,0.947542,2114,8107105,134599,0,2,0,2,0,0,0,0,0,0,7208,0,4680,2528,0
2850,50078,18.966000,18.585955,18.606882,0.000000,0.000292,0.000000,0.000000,0.049750,0.017042,1.318042,2095,8107321,137049,0,2,0,2,0,0,0,0,0,0,5406,0,3510,1896,0
2851,50079,18.693208,18.301671,18.326022,0.000000,0.000417,0.000000,0.000000,0.048334,0.013791,1.309000,2127,8107110,135541,0,2,0,2,0,0,0,0,0,0,5406,0,3510,1896,0
2852,50080,18.963000,18.590871,18.615263,0.000000,0.000376,0.000000,0.000000,0.046125,0.017125,0.654875,2031,8107068,132935,0,2,0,2,0,0,0,0,0,0,7208,0,4680,2528,0
2853,50081,18.866125,18.497581,18.518919,0.000000,0.000500,0.000000,0.000000,0.058709,0.014250,1.148834,2031,8107235,134338,0,2,0,2,0,0,0,0,0,0,5406,0,3510,1896,0
2854,50082,19.655417,19.266573,19.267583,0.000000,0.000457,0.000000,0.000000,0.066750,0.015458,0.688417,2077,8107243,135090,0,2,0,2,0,0,0,0,0,0,5406,0,3510,1896,0
2855,50083,18.858833,18.490548,18.526522,0.000000,0.000335,0.000000,0.000000,0.050834,0.013750,1.286291,2050,8107138,133245,0,2,0,2,0,0,0,0,0,0,7208,0,4680,2528,0
2856,50084,18.817542,18.433404,18.461824,0.000000,0.000292,0.000000,0.000000,0.049792,0.013583,0.624583,2034,8107170,134719,0,2,0,2,0,0,0,0,0,0,5406,0,3510,1896,0
2857,50085,18.679708,18.289886,18.327026,0.000000,0.000459,0.000000,0.000000,0.053125,0.019125,1.320917,2086,8107260,133290,0,2,0,2,0,0,0,0,0,0,5406,0,3510,1896,0
2858,50086,18.977042,18.609198,18.629352,0.000000,0.000293,0.000000,0.000000,0.047208,0.012959,1.305250,2048,8107047,132504,0,2,0,2,0,0,0,0,0,0,7208,0,4680,2528,0
2859,50087,18.932833,18.560959,18.576078,0.000000,0.000416,0.000000,0.000000,0.057584,0.016125,1.313584,2047,8107312,135178,0,2,0,2,0,0,0,0,0,0,5406,0,3510,1896,0
2860,50088,18.625834,18.248362,18.273330,0.000000,0.000457,0.000000,0.000000,0.060916,0.014042,1.294708,2038,8107206,133921,0,2,0,2,0,0,0,0,0,0,5406,0,3510,1896,0
2861,50089,18.588875,18.200370,18.226589,0.000000,0.000250,0.000000,0.000000,0.062000,0.013791,0.634625,2048,8107085,138640,0,2,0,2,0,0,0,0,0,0,7367,0,4680,2687,0
2862,50090,19.518875,19.126619,19.159597,0.000000,0.000375,0.000000,0.000000,0.066666,0.046292,1.249250,2084,8107137,139707,0,2,0,2,0,0,0,0,0,0,5406,0,3510,1896,0
2863,50091,18.751208,18.386706,18.370705,0.000000,0.000416,0.000000,0.000000,0.061375,0.013750,1.279709,2037,8107165,132730,0,2,0,2,0,0,0,0,0,0,7004,0,4536,2468,0
2864,50092,18.735542,18.365070,18.398786,0.000000,0.000459,0.000000,0.000000,0.051791,0.012209,1.262000,2036,8107163,136578,0,2,0,2,0,0,0,0,0,0,5610,0,3654,1956,0
2865,50093,18.918166,18.535270,18.567083,0.000000,0.000375,0.000000,0.000000,0.059375,0.014250,0.630833,2029,8107266,135072,0,2,0,2,0,0,0,0,0,0,5406,0,3510,1896,0
2866,50094,18.243959,17.876839,17.906609,0.000000,0.000291,0.000000,0.000000,0.046333,0.012333,0.942541,2021,8107012,131104,0,2,0,2,0,0,0,0,0,0,7208,0,4680,2528,0
2867,50095,19.179166,18.811665,18.736887,0.000000,0.000334,0.000000,0.000000,0.059584,0.013666,1.316958,2026,8107530,135129,0,2,0,2,0,0,0,0,0,0,5406,0,3510,1896,0
2868,50096,18.133667,17.757780,17.805642,0.000000,0.000417,0.000000,0.000000,0.051292,0.018666,1.252291,2033,8107056,135427,0,2,0,2,0,0,0,0,0,0,5863,0,3510,2353,0
2869,50097,19.495125,19.123995,19.157990,0.000000,0.000459,0.000000,0.000000,0.049500,0.014042,0.665750,2037,8106824,138467,0,2,0,2,0,0,0,0,0,0,7208,0,4680,2528,0
2870,50098,18.871792,18.488151,18.529207,0.000000,0.000458,0.000000,0.000000,0.067125,0.018166,1.059542,2032,8107189,136739,0,2,0,2,0,0,0,0,0,0,6431,0,3510,2921,0
2871,50099,18.694916,18.325047,18.362115,0.000000,0.000335,0.000000,0.000000,0.061125,0.049584,1.300375,2044,8107103,135420,0,2,0,2,0,0,0,0,0,0,6422,0,3510,2912,0
2872,50100,18.685917,18.319358,18.325706,0.000000,0.000457,0.000000,0.000000,0.056667,0.021708,1.167041,2026,8106954,134097,0,2,0,2,0,0,0,0,0,0,7208,0,4680,2528,0
2873,50101,18.679208,18.311181,18.346006,0.000000,0.000416,0.000000,0.000000,0.049375,0.014167,0.654875,2027,8107232,136893,0,2,0,2,0,0,0,0,0,0,5406,0,3510,1896,0
2874,50102,18.402834,18.034363,18.059321,0.000000,0.000459,0.000000,0.000000,0.059041,0.013542,1.186166,2025,8107258,134539,0,2,0,2,0,0,0,0,0,0,5406,0,3510,1896,0
2875,50103,18.244125,17.878869,17.912810,0.000000,0.000666,0.000000,0.000000,0.046291,0.011584,1.337875,2026,8107059,132297,0,2,0,2,0,0,0,0,0,0,7208,0,4680,2528,0
2876,50104,18.726125,18.348379,18.372108,0.000000,0.000498,0.000000,0.000000,0.049125,0.016250,1.215667,2033,8107246,137575,0,2,0,2,0,0,0,0,0,0,5406,0,3510,1896,0
2877,50105,18.187083,17.802480,17.848348,0.000000,0.000500,0.000000,0.000000,0.047833,0.016625,0.658792,2035,8107336,134128,0,2,0,2,0,0,0,0,0,0,5406,0,3510,1896,0
2878,50106,18.629833,18.253819,18.267557,0.000000,0.000541,0.000000,0.000000,0.063417,0.016333,0.935500,2034,8106977,132345,0,2,0,2,0,0,0,0,0,0,7208,0,4680,2528,0
2879,50107,18.166667,17.798920,17.828590,0.000000,0.000374,0.000000,0.000000,0.053000,0.012250,1.257416,2036,8107141,138309,0,2,0,2,0,0,0,0,0,0,5663,0,3510,2153,0
2880,50108,20.103417,19.728489,19.762192,0.000000,0.000416,0.000000,0.000000,0.055333,0.014083,1.271541,2034,8107201,144060,0,2,0,2,0,0,0,0,0,0,5565,0,3510,2055,0
2881,50109,20.082000,19.700816,19.743738,0.000000,0.000335,0.000000,0.000000,0.061875,0.030833,1.244250,2106,8107022,141032,0,2,0,2,0,0,0,0,0,0,7208,0,4680,2528,0
2882,50110,19.331583,18.931962,18.960019,0.000000,0.000582,0.000000,0.000000,0.047583,0.018584,0.620292,2184,8107294,134958,0,2,0,2,0,0,0,0,0,0,5406,0,3510,1896,0
2883,50111,18.891042,18.510014,18.492194,0.000000,0.000375,0.000000,0.000000,0.076125,0.013625,0.943917,2044,8107283,129468,0,2,0,2,0,0,0,0,0,0,5406,0,3510,1896,0
2884,50112,19.686250,19.302788,19.301504,0.000000,0.000417,0.000000,0.000000,0.059416,0.016334,1.240042,2134,8107049,136829,0,2,0,2,0,0,0,0,0,0,7208,0,4680,2528,0
2885,50113,19.395333,19.001183,19.033517,0.000000,0.000540,0.000000,0.000000,0.056792,0.014000,1.221625,2116,8107194,138135,0,2,0,2,0,0,0,0,0,0,5406,0,3510,1896,0
2886,50114,19.164292,18.773431,18.812045,0.000000,0.000291,0.000000,0.000000,0.048208,0.013750,1.319916,2148,8107258,135983,0,2,0,2,0,0,0,0,0,0,5406,0,3510,1896,0
2887,50115,18.998458,18.620955,18.654938,0.000000,0.000292,0.000000,0.000000,0.056333,0.013334,0.632917,2094,8107322,133896,0,2,0,2,0,0,0,0,0,0,7208,0,4680,2528,0
2888,50116,19.082625,18.704246,18.729598,0.000000,0.000290,0.000000,0.000000,0.067875,0.014042,0.977459,2073,8106981,137953,0,2,0,2,0,0,0,0,0,0,5406,0,3510,1896,0
2889,50117,18.983000,18.608367,18.605049,0.000000,0.000501,0.000000,0.000000,0.053208,0.014500,0.769875,2080,8107293,133479,0,2,0,2,0,0,0,0,0,0,5406,0,3510,1896,0
2890,50118,20.104625,19.725706,19.594798,0.000000,0.000459,0.000000,0.000000,0.056250,0.013792,0.978166,2043,8107130,131758,0,2,0,2,0,0,0,0,0,0,7208,0,4680,2528,0
2891,50119,19.522333,19.123258,19.145575,0.000000,0.000292,0.000000,0.000000,0.050625,0.020625,1.077084,2032,8107343,136168,0,2,0,2,0,0,0,0,0,0,5406,0,3510,1896,0
2892,50120,19.656209,19.269567,19.252402,0.000000,0.000626,0.000000,0.000000,0.059291,0.021042,0.749708,2094,8107063,134802,0,2,0,2,0,0,0,0,0,0,5406,0,3510,1896,0
2893,50121,18.894083,18.510813,18.515960,0.000000,0.000290,0.000000,0.000000,0.046792,0.016166,0.308250,2040,8107059,130984,0,2,0,2,0,0,0,0,0,0,7208,0,4680,2528,0
2894,50122,18.909250,18.521452,18.537635,0.000000,0.000418,0.000000,0.000000,0.075417,0.015333,0.785916,2048,8107257,135517,0,2,0,2,0,0,0,0,0,0,5406,0,3510,1896,0
2895,50123,19.524042,19.135906,19.156934,0.000000,0.000334,0.000000,0.000000,0.065041,0.031250,1.246041,2085,8107288,132190,0,2,0,2,0,0,0,0,0,0,5406,0,3510,1896,0
2896,50124,19.806125,19.419085,19.417230,0.000000,0.000583,0.000000,0.000000,0.065916,0.016000,1.195125,2044,8107263,134302,0,2,0,2,0,0,0,0,0,0,7208,0,4680,2528,0
2897,50125,19.349250,18.968649,18.975587,0.000000,0.000543,0.000000,0.000000,0.050291,0.014125,1.316208,2041,8106989,134522,0,2,0,2,0,0,0,0,0,0,5406,0,3510,1896,0
2898,50126,18.615375,18.220676,18.234515,0.000000,0.000375,0.000000,0.000000,0.049875,0.015333,0.380667,2089,8107206,138297,0,2,0,2,0,0,0,0,0,0,5565,0,3510,2055,0
2899,50127,19.711875,19.336608,19.351127,0.000000,0.000249,0.000000,0.000000,0.061750,0.018333,0.784958,2039,8107160,137794,0,2,0,2,0,0,0,0,0,0,7208,0,4680,2528,0
2900,50128,18.830541,18.461550,18.493134,0.000000,0.000542,0.000000,0.000000,0.061709,0.017458,1.120666,2023,8107102,136731,0,2,0,2,0,0,0,0,0,0,5406,0,3510,1896,0
2901,50129,18.579625,18.206145,18.240239,0.000000,0.000375,0.000000,0.000000,0.064500,0.020584,1.104083,2073,8107242,134070,0,2,0,2,0,0,0,0,0,0,5406,0,3510,1896,0
2902,50130,18.743750,18.363428,18.385097,0.000000,0.000625,0.000000,0.000000,0.050875,0.014542,0.658417,2035,8107143,133024,0,2,0,2,0,0,0,0,0,0,7208,0,4680,2528,0
2903,50131,18.854459,18.492008,18.522251,0.000000,0.000417,0.000000,0.000000,0.061833,0.015042,0.986041,2022,8107159,134471,0,2,0,2,0,0,0,0,0,0,5406,0,3510,1896,0
2904,50132,18.714958,18.334663,18.364198,0.000000,0.000501,0.000000,0.000000,0.061875,0.024250,1.339042,2077,8107260,135336,0,2,0,2,0,0,0,0,0,0,5406,0,3510,1896,0
2905,50133,17.572042,17.195805,17.239787,0.000000,0.000374,0.000000,0.000000,0.051791,0.048459,1.275666,2028,8107004,131968,0,2,0,2,0,0,0,0,0,0,7665,0,4680,2985,0
2906,50134,19.590458,19.207984,19.217604,0.000000,0.000459,0.000000,0.000000,0.053792,0.013250,0.609166,2041,8107199,141681,0,2,0,2,0,0,0,0,0,0,5406,0,3510,1896,0
2907,50135,18.609542,18.218615,18.246810,0.000000,0.000457,0.000000,0.000000,0.048541,0.012500,1.054084,2075,8107289,134964,0,2,0,2,0,0,0,0,0,0,5406,0,3510,1896,0
2908,50136,18.688666,18.309224,18.320988,0.000000,0.000334,0.000000,0.000000,0.057584,0.020708,1.339042,2042,8107092,136000,0,2,0,2,0,0,0,0,0,0,7208,0,4680,2528,0
2909,50137,18.580167,18.205546,18.239163,0.000000,0.000416,0.000000,0.000000,0.049542,0.018750,1.313374,2022,8107174,135218,0,2,0,2,0,0,0,0,0,0,5406,0,3510,1896,0
2910,50138,18.892500,18.502275,18.534518,0.000000,0.000334,0.000000,0.000000,0.061708,0.023750,0.609959,2075,8107249,135846,0,2,0,2,0,0,0,0,0,0,5406,0,3510,1896,0
2911,50139,18.661500,18.294199,18.309577,0.000000,0.000499,0.000000,0.000000,0.046167,0.013666,1.117291,2040,8107210,133812,0,2,0,2,0,0,0,0,0,0,7208,0,4680,2528,0
2912,50140,18.462667,18.089741,18.107197,0.000000,0.000459,0.000000,0.000000,0.049166,0.016584,0.974959,2031,8107095,135971,0,2,0,2,0,0,0,0,0,0,5406,0,3510,1896,0
2913,50141,18.654291,18.276689,18.298900,0.000000,0.000375,0.000000,0.000000,0.064917,0.017917,1.244208,2087,8107275,134186,0,2,0,2,0,0,0,0,0,0,5406,0,3510,1896,0
2914,50142,18.874792,18.499385,18.530309,0.000000,0.000417,0.000000,0.000000,0.050792,0.014416,0.655833,2043,8107275,134780,0,2,0,2,0,0,0,0,0,0,7208,0,4680,2528,0
2915,50143,18.399667,18.005097,18.047904,0.000000,0.000374,0.000000,0.000000,0.042625,0.014625,1.062499,2029,8107130,134058,0,2,0,2,0,0,0,0,0,0,5406,0,3510,1896,0
2916,50144,18.363208,17.994640,18.021721,0.000000,0.000500,0.000000,0.000000,0.043583,0.012084,1.002832,2035,8107159,134415,0,2,0,2,0,0,0,0,0,0,7004,0,4536,2468,0
2917,50145,18.716125,18.336304,18.342447,0.000000,0.000500,0.000000,0.000000,0.055500,0.017083,1.265833,2028,8107029,135671,0,2,0,2,0,0,0,0,0,0,5610,0,3654,1956,0
2918,50146,18.727000,18.362984,18.402121,0.000000,0.000332,0.000000,0.000000,0.052083,0.013042,0.642208,2034,8107370,134332,0,2,0,2,0,0,0,0,0,0,5406,0,3510,1896,0
2919,50147,18.897375,18.521259,18.487276,0.000000,0.000625,0.000000,0.000000,0.080875,0.025583,0.950749,2054,8107061,133884,0,2,0,2,0,0,0,0,0,0,7208,0,4680,2528,0
2920,50148,18.911750,18.536394,18.569157,0.000000,0.000252,0.000000,0.000000,0.057083,0.019334,0.962458,2032,8107136,138151,0,2,0,2,0,0,0,0,0,0,5406,0,3510,1896,0
2921,50149,18.466792,18.098516,18.107387,0.000000,0.000250,0.000000,0.000000,0.054083,0.018792,1.304750,2031,8107302,134181,0,2,0,2,0,0,0,0,0,0,5406,0,3510,1896,0
2922,50150,18.667791,18.281927,18.324665,0.000000,0.000416,0.000000,0.000000,0.047500,0.035667,0.610500,2043,8107030,132872,0,2,0,2,0,0,0,0,0,0,7208,0,4680,2528,0
2923,50151,18.395334,18.026190,18.050166,0.000000,0.000916,0.000000,0.000000,0.061250,0.018541,0.665792,2030,8107110,139786,0,2,0,2,0,0,0,0,0,0,5663,0,3510,2153,0
2924,50152,20.755541,20.358657,20.393352,0.000000,0.000376,0.000000,0.000000,0.076292,0.025208,0.958125,2090,8107192,142490,0,2,0,2,0,0,0,0,0,0,5557,0,3510,2047,0
2925,50153,21.429709,21.032933,21.030926,0.000000,0.000375,0.000000,0.000000,0.057291,0.022584,1.199125,2112,8107110,141777,0,2,0,2,0,0,0,0,0,0,7208,0,4680,2528,0
2926,50154,19.834791,19.431277,19.444395,0.000000,0.000542,0.000000,0.000000,0.069750,0.023625,1.420459,2158,8107291,134204,0,2,0,2,0,0,0,0,0,0,5406,0,3510,1896,0
2927,50155,18.841042,18.463231,18.457908,0.000000,0.000458,0.000000,0.000000,0.076167,0.019458,1.383125,1989,8107197,128656,0,2,0,2,0,0,0,0,0,0,5406,0,3510,1896,0
2928,50156,19.829875,19.439908,19.461263,0.000000,0.000458,0.000000,0.000000,0.069458,0.029000,1.322916,2105,8107011,135880,0,2,0,2,0,0,0,0,0,0,7208,0,4680,2528,0
2929,50157,19.167333,18.770830,18.803289,0.000000,0.000333,0.000000,0.000000,0.050459,0.047625,0.628959,2098,8107466,137803,0,2,0,2,0,0,0,0,0,0,5406,0,3510,1896,0
2930,50158,19.112125,18.700102,18.730306,0.000000,0.000375,0.000000,0.000000,0.064125,0.014042,0.917208,2138,8107059,135537,0,2,0,2,0,0,0,0,0,0,5406,0,3510,1896,0
2931,50159,18.877667,18.504068,18.519463,0.000000,0.000417,0.000000,0.000000,0.047750,0.014500,0.984542,2086,8107030,133908,0,2,0,2,0,0,0,0,0,0,7208,0,4680,2528,0
2932,50160,19.081000,18.704135,18.723456,0.000000,0.000250,0.000000,0.000000,0.054667,0.017083,1.109374,2066,8107284,137943,0,2,0,2,0,0,0,0,0,0,5406,0,3510,1896,0
2933,50161,18.437292,18.062982,18.094987,0.000000,0.000375,0.000000,0.000000,0.043291,0.012625,0.648667,2071,8107406,132914,0,2,0,2,0,0,0,0,0,0,5406,0,3510,1896,0
2934,50162,18.536416,18.167557,18.203381,0.000000,0.000374,0.000000,0.000000,0.055542,0.050792,1.053291,2045,8106888,132191,0,2,0,2,0,0,0,0,0,0,7208,0,4680,2528,0
2935,50163,19.445792,19.060654,19.037943,0.000000,0.000584,0.000000,0.000000,0.057042,0.014625,0.699584,2042,8107236,135925,0,2,0,2,0,0,0,0,0,0,5406,0,3510,1896,0
2936,50164,18.967542,18.588349,18.616687,0.000000,0.000417,0.000000,0.000000,0.070041,0.017209,1.273833,2086,8107270,134997,0,2,0,2,0,0,0,0,0,0,5406,0,3510,1896,0
2937,50165,18.796250,18.421674,18.431870,0.000000,0.000417,0.000000,0.000000,0.057750,0.016291,1.307958,2046,8107036,131291,0,2,0,2,0,0,0,0,0,0,7208,0,4680,2528,0
2938,50166,18.949250,18.573535,18.603968,0.000000,0.000375,0.000000,0.000000,0.054541,0.013667,0.629875,2040,8107382,134730,0,2,0,2,0,0,0,0,0,0,5406,0,3510,1896,0
2939,50167,18.516083,18.132957,18.159167,0.000000,0.000332,0.000000,0.000000,0.046750,0.017583,0.940126,2081,8107297,132382,0,2,0,2,0,0,0,0,0,0,5406,0,3510,1896,0
2940,50168,18.787292,18.390275,18.425643,0.000000,0.000334,0.000000,0.000000,0.047291,0.012750,1.212458,2048,8106882,134160,0,2,0,2,0,0,0,0,0,0,7208,0,4680,2528,0
2941,50169,19.075458,18.702213,18.692303,0.000000,0.000459,0.000000,0.000000,0.056542,0.021208,0.936666,2039,8107280,134683,0,2,0,2,0,0,0,0,0,0,5406,0,3510,1896,0
2942,50170,19.032792,18.639287,18.589537,0.000000,0.000833,0.000000,0.000000,0.058333,0.015500,0.608167,2081,8107239,138295,0,2,0,2,0,0,0,0,0,0,5565,0,3510,2055,0
2943,50171,20.461250,20.061260,19.984241,0.000000,0.000583,0.000000,0.000000,0.052416,0.021792,0.958750,2038,8106941,137499,0,2,0,2,0,0,0,0,0,0,7208,0,4680,2528,0
2944,50172,19.045958,18.670328,18.677137,0.000000,0.000500,0.000000,0.000000,0.055167,0.034208,0.918999,2036,8107254,137305,0,2,0,2,0,0,0,0,0,0,5406,0,3510,1896,0
2945,50173,18.855792,18.473643,18.490867,0.000000,0.000373,0.000000,0.000000,0.050208,0.015250,1.260208,2073,8107248,134393,0,2,0,2,0,0,0,0,0,0,5406,0,3510,1896,0
2946,50174,19.396291,19.020976,18.981221,0.000000,0.000582,0.000000,0.000000,0.053709,0.054083,1.246541,2042,8107105,133006,0,2,0,2,0,0,0,0,0,0,7208,0,4680,2528,0
2947,50175,18.783875,18.409951,18.405668,0.000000,0.000251,0.000000,0.000000,0.051167,0.014583,0.637375,2032,8107377,136131,0,2,0,2,0,0,0,0,0,0,5406,0,3510,1896,0
2948,50176,18.918667,18.533787,18.565773,0.000000,0.000416,0.000000,0.000000,0.059625,0.042042,1.220583,2085,8107089,135095,0,2,0,2,0,0,0,0,0,0,5406,0,3510,1896,0
2949,50177,17.994792,17.612605,17.602940,0.000000,0.000499,0.000000,0.000000,0.049291,0.010667,0.921875,2059,8106885,132762,0,2,0,2,0,0,0,0,0,0,7665,0,4680,2985,0
2950,50178,20.320208,19.877947,19.893631,0.000000,0.000500,0.000000,0.000000,0.067500,0.013250,1.291333,2043,8107270,142477,0,2,0,2,0,0,0,0,0,0,5406,0,3510,1896,0
2951,50179,30.828625,30.271691,28.143522,0.000000,0.001208,0.000000,0.000000,0.105042,0.018375,0.973459,2090,8107521,135373,0,2,0,2,0,0,0,0,0,0,5406,0,3510,1896,0
2952,50180,21.132750,20.747332,20.471168,0.000000,0.001042,0.000000,0.000000,0.089083,0.016834,1.005458,2046,8107008,134673,0,2,0,2,0,0,0,0,0,0,7208,0,4680,2528,0
2953,50181,19.400583,19.021581,19.002638,0.000000,0.000626,0.000000,0.000000,0.057834,0.012791,1.268125,2032,8107169,136776,0,2,0,2,0,0,0,0,0,0,5406,0,3510,1896,0
2954,50182,19.690000,19.292123,19.262374,0.000000,0.000749,0.000000,0.000000,0.081875,0.015375,0.612917,2076,8107135,135888,0,2,0,2,0,0,0,0,0,0,5406,0,3510,1896,0
2955,50183,19.102792,18.727762,18.771867,0.000000,0.000376,0.000000,0.000000,0.061958,0.041542,0.583625,2037,8107041,131937,0,2,0,2,0,0,0,0,0,0,7208,0,4680,2528,0
2956,50184,18.732292,18.363144,18.378811,0.000000,0.000707,0.000000,0.000000,0.053333,0.013625,1.226208,2045,8107260,137437,0,2,0,2,0,0,0,0,0,0,5406,0,3510,1896,0
2957,50185,17.617416,17.252238,17.256796,0.000000,0.000374,0.000000,0.000000,0.040875,0.011375,1.235417,2068,8107342,134261,0,2,0,2,0,0,0,0,0,0,5406,0,3510,1896,0
2958,50186,17.651792,17.285794,17.326715,0.000000,0.000292,0.000000,0.000000,0.047458,0.010584,0.608333,2043,8107049,133062,0,2,0,2,0,0,0,0,0,0,7208,0,4680,2528,0
2959,50187,17.591833,17.229228,17.266110,0.000000,0.000375,0.000000,0.000000,0.042875,0.010834,0.966125,2034,8107433,135760,0,2,0,2,0,0,0,0,0,0,5406,0,3510,1896,0
2960,50188,17.567750,17.197641,17.237804,0.000000,0.000417,0.000000,0.000000,0.041542,0.011292,1.218875,2077,8107035,136033,0,2,0,2,0,0,0,0,0,0,5406,0,3510,1896,0
2961,50189,17.446375,17.088713,17.130004,0.000000,0.000416,0.000000,0.000000,0.036250,0.013000,0.638375,2046,8107041,133981,0,2,0,2,0,0,0,0,0,0,7208,0,4680,2528,0
2962,50190,17.737917,17.370646,17.400740,0.000000,0.000375,0.000000,0.000000,0.057458,0.057500,0.909501,2031,8107493,134451,0,2,0,2,0,0,0,0,0,0,5406,0,3510,1896,0
2963,50191,19.309875,18.917676,18.785924,0.000000,0.000252,0.000000,0.000000,0.047833,0.012709,1.233500,2082,8107004,134490,0,2,0,2,0,0,0,0,0,0,5406,0,3510,1896,0
2964,50192,17.748875,17.388290,17.430052,0.000000,0.000290,0.000000,0.000000,0.042167,0.011500,0.614875,2040,8107048,136463,0,2,0,2,0,0,0,0,0,0,7208,0,4680,2528,0
2965,50193,17.670625,17.309181,17.342879,0.000000,0.000584,0.000000,0.000000,0.044750,0.012667,0.915000,2038,8107327,134072,0,2,0,2,0,0,0,0,0,0,5406,0,3510,1896,0
2966,50194,17.602042,17.234205,17.274131,0.000000,0.000248,0.000000,0.000000,0.045958,0.010625,1.216125,2078,8107192,134423,0,2,0,2,0,0,0,0,0,0,5406,0,3510,1896,0
2967,50195,17.757000,17.371257,17.412518,0.000000,0.000458,0.000000,0.000000,0.056250,0.014333,0.611167,2040,8107076,135107,0,2,0,2,0,0,0,0,0,0,7208,0,4680,2528,0
2968,50196,17.827583,17.469479,17.509252,0.000000,0.000375,0.000000,0.000000,0.044833,0.012000,1.238084,2033,8107239,136257,0,2,0,2,0,0,0,0,0,0,5406,0,3510,1896,0
2969,50197,17.536208,17.178355,17.215041,0.000000,0.000460,0.000000,0.000000,0.044917,0.011292,1.220625,2037,8107265,133299,0,2,0,2,0,0,0,0,0,0,7004,0,4536,2468,0
2970,50198,17.862459,17.498287,17.539151,0.000000,0.000708,0.000000,0.000000,0.048833,0.016792,0.631417,2036,8107036,135905,0,2,0,2,0,0,0,0,0,0,5610,0,3654,1956,0
2971,50199,18.017625,17.655669,17.688650,0.000000,0.000375,0.000000,0.000000,0.054333,0.018375,0.904208,2032,8107372,134043,0,2,0,2,0,0,0,0,0,0,5406,0,3510,1896,0
2972,50200,18.080333,17.714522,17.699417,0.000000,0.000293,0.000000,0.000000,0.047125,0.015333,0.898792,2037,8106995,133773,0,2,0,2,0,0,0,0,0,0,7208,0,4680,2528,0
2973,50201,17.948500,17.585412,17.627437,0.000000,0.000418,0.000000,0.000000,0.052708,0.013834,0.624208,2038,8107194,136963,0,2,0,2,0,0,0,0,0,0,5406,0,3510,1896,0
2974,50202,18.569208,18.202723,18.126766,0.000000,0.000375,0.000000,0.000000,0.054542,0.012625,0.641333,2031,8107293,135348,0,2,0,2,0,0,0,0,0,0,5406,0,3510,1896,0
2975,50203,17.549959,17.194597,17.221721,0.000000,0.000374,0.000000,0.000000,0.042541,0.010917,1.067583,2034,8107001,136973,0,2,0,2,0,0,0,0,0,0,7208,0,4680,2528,0
2976,50204,18.749208,18.378202,18.421264,0.000000,0.000374,0.000000,0.000000,0.040083,0.018084,0.608584,2050,8107160,145442,0,2,0,2,0,0,0,0,0,0,5711,0,3510,2201,0
2977,50205,19.233500,18.854868,18.910433,0.000000,0.000458,0.000000,0.000000,0.054750,0.022333,1.199083,2047,8107054,147923,0,2,0,2,0,0,0,0,0,0,6943,0,3510,3433,0
2978,50206,17.922750,17.554104,17.595690,0.000000,0.000418,0.000000,0.000000,0.046750,0.011708,1.219709,2055,8107002,133154,0,2,0,2,0,0,0,0,0,0,7712,0,4680,3032,0
2979,50207,18.080292,17.707650,17.749988,0.000000,0.000458,0.000000,0.000000,0.044958,0.017833,1.218459,2044,8107263,136534,0,2,0,2,0,0,0,0,0,0,5406,0,3510,1896,0
2980,50208,18.885666,18.486675,18.531497,0.000000,0.000376,0.000000,0.000000,0.042459,0.019875,0.607042,2231,8107177,144728,0,2,0,2,0,0,0,0,0,0,5406,0,3510,1896,0
2981,50209,18.376625,17.987562,18.021940,0.000000,0.000335,0.000000,0.000000,0.045584,0.016833,0.900917,2206,8107021,139663,0,2,0,2,0,0,0,0,0,0,7208,0,4680,2528,0
2982,50210,18.495375,18.107767,18.147920,0.000000,0.000376,0.000000,0.000000,0.044542,0.016833,0.943791,2178,8107253,142290,0,2,0,2,0,0,0,0,0,0,5406,0,3510,1896,0
2983,50211,18.556250,18.163764,18.205830,0.000000,0.000332,0.000000,0.000000,0.046875,0.020459,1.220043,2230,8107279,141426,0,2,0,2,0,0,0,0,0,0,5406,0,3510,1896,0
2984,50212,18.170917,17.798270,17.841624,0.000000,0.000291,0.000000,0.000000,0.044542,0.016750,0.606833,2079,8107019,135805,0,2,0,2,0,0,0,0,0,0,7208,0,4680,2528,0
2985,50213,18.818250,18.438015,18.482631,0.000000,0.000334,0.000000,0.000000,0.068417,0.023583,0.581416,2080,8107557,137614,0,2,0,2,0,0,0,0,0,0,5406,0,3510,1896,0
2986,50214,25.766708,25.231635,24.662855,0.000000,0.001375,0.000000,0.000000,0.099875,0.047834,0.914626,2244,8106961,141504,0,2,0,2,0,0,0,0,0,0,5406,0,3510,1896,0
2987,50215,22.254000,21.794260,21.482610,0.000000,0.000293,0.000000,0.000000,0.058625,0.021375,0.936542,2196,8107056,139713,0,2,0,2,0,0,0,0,0,0,7208,0,4680,2528,0
2988,50216,20.578542,20.164724,20.144593,0.000000,0.000457,0.000000,0.000000,0.053333,0.020709,0.894251,2190,8107247,143720,0,2,0,2,0,0,0,0,0,0,5406,0,3510,1896,0
2989,50217,19.741042,19.336902,19.366000,0.000000,0.000499,0.000000,0.000000,0.051625,0.026791,0.609083,2234,8107418,141253,0,2,0,2,0,0,0,0,0,0,5406,0,3510,1896,0
2990,50218,19.057666,18.682496,18.712501,0.000000,0.000209,0.000000,0.000000,0.053500,0.024250,0.947500,2077,8106915,134600,0,2,0,2,0,0,0,0,0,0,7208,0,4680,2528,0
2991,50219,19.261792,18.881730,18.902193,0.000000,0.000333,0.000000,0.000000,0.081000,0.023125,0.954459,2077,8107303,137218,0,2,0,2,0,0,0,0,0,0,5406,0,3510,1896,0
2992,50220,19.850208,19.444183,19.463579,0.000000,0.000292,0.000000,0.000000,0.052584,0.018291,1.260749,2242,8107192,142341,0,2,0,2,0,0,0,0,0,0,5406,0,3510,1896,0
2993,50221,18.986417,18.587742,18.624381,0.000000,0.000499,0.000000,0.000000,0.046042,0.016333,1.304874,2183,8107038,139292,0,2,0,2,0,0,0,0,0,0,7208,0,4680,2528,0
2994,50222,19.688208,19.291236,19.326488,0.000000,0.000458,0.000000,0.000000,0.066042,0.046000,0.647625,2174,8107264,142544,0,2,0,2,0,0,0,0,0,0,5406,0,3510,1896,0
2995,50223,20.472667,20.063065,19.990743,0.000000,0.000332,0.000000,0.000000,0.051667,0.014916,0.726249,2222,8107271,140023,0,2,0,2,0,0,0,0,0,0,5406,0,3510,1896,0
2996,50224,19.515125,19.140197,19.113942,0.000000,0.000291,0.000000,0.000000,0.056208,0.017709,1.119000,2068,8107048,135060,0,2,0,2,0,0,0,0,0,0,7208,0,4680,2528,0
2997,50225,19.216875,18.838564,18.816395,0.000000,0.000458,0.000000,0.000000,0.061667,0.013458,1.120708,2056,8107286,136603,0,2,0,2,0,0,0,0,0,0,5406,0,3510,1896,0
2998,50226,19.282167,18.890495,18.891292,0.000000,0.000292,0.000000,0.000000,0.053416,0.017792,0.968916,2099,8107230,135068,0,2,0,2,0,0,0,0,0,0,5406,0,3510,1896,0
2999,50227,19.141833,18.770190,18.800418,0.000000,0.000334,0.000000,0.000000,0.060708,0.018459,1.274375,2062,8107033,134661,0,2,0,2,0,0,0,0,0,0,7208,0,4680,2528,0
3000,50228,19.594042,19.211180,19.242710,0.000000,0.000417,0.000000,0.000000,0.060125,0.014000,0.631959,2054,8107279,137389,0,2,0,2,0,0,0,0,0,0,5406,0,3510,1896,0
3001,50229,18.820500,18.435690,18.474329,0.000000,0.000460,0.000000,0.000000,0.051416,0.014334,1.014249,2095,8107240,135005,0,2,0,2,0,0,0,0,0,0,5406,0,3510,1896,0
3002,50230,18.878458,18.499227,18.517075,0.000000,0.000333,0.000000,0.000000,0.069125,0.025167,0.928332,2057,8107052,133763,0,2,0,2,0,0,0,0,0,0,7208,0,4680,2528,0
3003,50231,19.167125,18.798492,18.828167,0.000000,0.000458,0.000000,0.000000,0.049083,0.013084,1.253375,2041,8107426,135938,0,2,0,2,0,0,0,0,0,0,5406,0,3510,1896,0
3004,50232,19.161917,18.778218,18.766813,0.000000,0.000500,0.000000,0.000000,0.066666,0.029709,1.294417,2094,8107083,135934,0,2,0,2,0,0,0,0,0,0,5406,0,3510,1896,0
3005,50233,18.772833,18.401204,18.412275,0.000000,0.000498,0.000000,0.000000,0.063125,0.014375,0.620875,2041,8107402,133124,0,2,0,2,0,0,0,0,0,0,7208,0,4680,2528,0
3006,50234,18.882500,18.500471,18.525381,0.000000,0.000374,0.000000,0.000000,0.050542,0.012833,0.753791,2045,8106903,136187,0,2,0,2,0,0,0,0,0,0,5406,0,3510,1896,0
3007,50235,18.366083,17.985164,18.020669,0.000000,0.000626,0.000000,0.000000,0.051334,0.012750,1.273792,2090,8107186,139312,0,2,0,2,0,0,0,0,0,0,5565,0,3510,2055,0
3008,50236,19.555375,19.149270,19.182971,0.000000,0.000460,0.000000,0.000000,0.055042,0.012708,1.270500,2034,8107020,139097,0,2,0,2,0,0,0,0,0,0,7208,0,4680,2528,0
3009,50237,18.851125,18.469463,18.501284,0.000000,0.000500,0.000000,0.000000,0.055875,0.040167,0.645458,2046,8107283,137176,0,2,0,2,0,0,0,0,0,0,5406,0,3510,1896,0
3010,50238,18.668959,18.287582,18.312654,0.000000,0.000415,0.000000,0.000000,0.062833,0.013333,0.946000,2075,8107231,135251,0,2,0,2,0,0,0,0,0,0,5406,0,3510,1896,0
3011,50239,18.668416,18.293557,18.333476,0.000000,0.000333,0.000000,0.000000,0.049750,0.012292,1.293458,2044,8107067,133926,0,2,0,2,0,0,0,0,0,0,7208,0,4680,2528,0
3012,50240,18.858625,18.479476,18.514767,0.000000,0.000542,0.000000,0.000000,0.075750,0.017917,1.279834,2039,8107246,137534,0,2,0,2,0,0,0,0,0,0,5406,0,3510,1896,0
3013,50241,18.900375,18.517348,18.537322,0.000000,0.000292,0.000000,0.000000,0.053709,0.012625,0.650750,2085,8107269,134719,0,2,0,2,0,0,0,0,0,0,5406,0,3510,1896,0
3014,50242,18.720917,18.344262,18.370987,0.000000,0.000417,0.000000,0.000000,0.064833,0.013500,1.105375,2042,8107019,134885,0,2,0,2,0,0,0,0,0,0,7208,0,4680,2528,0
3015,50243,18.485500,18.108153,18.154014,0.000000,0.000459,0.000000,0.000000,0.056417,0.015208,0.963000,2037,8107253,134578,0,2,0,2,0,0,0,0,0,0,5406,0,3510,1896,0
3016,50244,19.181708,18.802934,18.834232,0.000000,0.000375,0.000000,0.000000,0.061209,0.014125,1.235209,2090,8107247,136457,0,2,0,2,0,0,0,0,0,0,5406,0,3510,1896,0
3017,50245,18.622042,18.253265,18.291806,0.000000,0.000334,0.000000,0.000000,0.049792,0.012750,0.649166,2052,8107106,134485,0,2,0,2,0,0,0,0,0,0,7208,0,4680,2528,0
3018,50246,18.518417,18.146044,18.189087,0.000000,0.000416,0.000000,0.000000,0.050416,0.025125,1.305458,2033,8107228,134906,0,2,0,2,0,0,0,0,0,0,5406,0,3510,1896,0
3019,50247,18.569583,18.189926,18.221039,0.000000,0.000500,0.000000,0.000000,0.052917,0.013916,0.964584,2081,8107463,134336,0,2,0,2,0,0,0,0,0,0,5406,0,3510,1896,0
3020,50248,18.986708,18.606818,18.643062,0.000000,0.000416,0.000000,0.000000,0.062542,0.013208,1.267750,2047,8106811,136205,0,2,0,2,0,0,0,0,0,0,7208,0,4680,2528,0
3021,50249,18.657334,18.285232,18.325847,0.000000,0.000376,0.000000,0.000000,0.059625,0.013750,0.612292,2039,8107312,134736,0,2,0,2,0,0,0,0,0,0,5406,0,3510,1896,0
3022,50250,18.613083,18.238386,18.279082,0.000000,0.000252,0.000000,0.000000,0.056333,0.012375,1.283999,2045,8107133,133560,0,2,0,2,0,0,0,0,0,0,7004,0,4536,2468,0
3023,50251,18.754875,18.388308,18.413541,0.000000,0.000459,0.000000,0.000000,0.051708,0.014042,0.948500,2043,8107370,136154,0,2,0,2,0,0,0,0,0,0,5610,0,3654,1956,0
3024,50252,19.041083,18.650964,18.612571,0.000000,0.000417,0.000000,0.000000,0.053500,0.012709,1.117958,2050,8107049,136002,0,2,0,2,0,0,0,0,0,0,5406,0,3510,1896,0
3025,50253,18.762834,18.386496,18.425117,0.000000,0.000373,0.000000,0.000000,0.055250,0.013583,1.309083,2047,8107024,133412,0,2,0,2,0,0,0,0,0,0,7208,0,4680,2528,0
3026,50254,18.745916,18.372720,18.396276,0.000000,0.000459,0.000000,0.000000,0.057959,0.013250,0.628166,2045,8107236,137136,0,2,0,2,0,0,0,0,0,0,5406,0,3510,1896,0
3027,50255,18.667250,18.288750,18.323934,0.000000,0.000667,0.000000,0.000000,0.055000,0.013917,0.935666,2043,8107277,134317,0,2,0,2,0,0,0,0,0,0,5406,0,3510,1896,0
3028,50256,18.698084,18.326509,18.349911,0.000000,0.000459,0.000000,0.000000,0.059375,0.013250,1.259417,2067,8107064,134878,0,2,0,2,0,0,0,0,0,0,7208,0,4680,2528,0
3029,50257,18.830375,18.452961,18.488670,0.000000,0.000377,0.000000,0.000000,0.047125,0.019416,1.251959,2043,8107218,137538,0,2,0,2,0,0,0,0,0,0,5406,0,3510,1896,0
3030,50258,18.726375,18.351708,18.379935,0.000000,0.000584,0.000000,0.000000,0.052541,0.016375,0.649625,2034,8107416,135073,0,2,0,2,0,0,0,0,0,0,5406,0,3510,1896,0
3031,50259,18.528250,18.155701,18.196775,0.000000,0.000333,0.000000,0.000000,0.052208,0.013000,0.764750,2048,8106898,133145,0,2,0,2,0,0,0,0,0,0,7208,0,4680,2528,0
3032,50260,18.929041,18.553630,18.579508,0.000000,0.000292,0.000000,0.000000,0.051625,0.017000,1.135624,2056,8107251,138032,0,2,0,2,0,0,0,0,0,0,5406,0,3510,1896,0
3033,50261,18.875792,18.497306,18.528492,0.000000,0.000374,0.000000,0.000000,0.053625,0.014000,1.268209,2041,8107449,135433,0,2,0,2,0,0,0,0,0,0,5406,0,3510,1896,0
3034,50262,19.571000,19.196732,18.734312,0.000000,0.000458,0.000000,0.000000,0.054625,0.012667,0.624708,2070,8106882,134326,0,2,0,2,0,0,0,0,0,0,7208,0,4680,2528,0
3035,50263,20.452708,20.048708,20.076817,0.000000,0.000334,0.000000,0.000000,0.064917,0.033458,1.080917,2123,8107248,142617,0,2,0,2,0,0,0,0,0,0,5406,0,3510,1896,0
3036,50264,20.338125,19.925596,19.938712,0.000000,0.000500,0.000000,0.000000,0.066625,0.013500,0.960708,2176,8107248,140022,0,2,0,2,0,0,0,0,0,0,5406,0,3510,1896,0
3037,50265,20.147125,19.749710,19.759301,0.000000,0.000500,0.000000,0.000000,0.054417,0.058958,1.306918,2161,8107059,137848,0,2,0,2,0,0,0,0,0,0,7208,0,4680,2528,0
3038,50266,20.003959,19.610081,19.593616,0.000000,0.000459,0.000000,0.000000,0.057541,0.034959,1.281708,2138,8107307,141375,0,2,0,2,0,0,0,0,0,0,5406,0,3510,1896,0
3039,50267,19.454500,19.049079,19.074815,0.000000,0.000416,0.000000,0.000000,0.058000,0.031333,1.265458,2194,8107269,139707,0,2,0,2,0,0,0,0,0,0,5406,0,3510,1896,0
3040,50268,19.842291,19.449643,19.398222,0.000000,0.000417,0.000000,0.000000,0.058542,0.015583,1.288458,2142,8106980,137930,0,2,0,2,0,0,0,0,0,0,7208,0,4680,2528,0
3041,50269,19.258750,18.866935,18.896254,0.000000,0.000335,0.000000,0.000000,0.051084,0.058541,1.261624,2134,8107137,144057,0,2,0,2,0,0,0,0,0,0,5663,0,3510,2153,0
3042,50270,20.509625,20.119773,20.106957,0.000000,0.000375,0.000000,0.000000,0.050084,0.022875,0.614375,2125,8107263,144997,0,2,0,2,0,0,0,0,0,0,5406,0,3510,1896,0
3043,50271,23.019375,22.463216,22.059580,0.000000,0.000332,0.000000,0.000000,0.068667,0.018042,1.274500,2138,8107073,137217,0,2,0,2,0,0,0,0,0,0,7367,0,4680,2687,0
3044,50272,21.322917,20.914382,20.940499,0.000000,0.000582,0.000000,0.000000,0.053250,0.027000,1.255542,2202,8107265,149566,0,2,0,2,0,0,0,0,0,0,5406,0,3510,1896,0
3045,50273,19.909250,19.503558,19.524219,0.000000,0.000376,0.000000,0.000000,0.047875,0.056667,0.610916,2262,8107149,136699,0,2,0,2,0,0,0,0,0,0,5406,0,3510,1896,0
3046,50274,19.215417,18.808922,18.816763,0.000000,0.000499,0.000000,0.000000,0.061708,0.023208,0.976084,2149,8107034,133478,0,2,0,2,0,0,0,0,0,0,7208,0,4680,2528,0
3047,50275,21.336875,20.898261,20.853463,0.000000,0.000416,0.000000,0.000000,0.091250,0.029583,0.944666,2225,8107302,141942,0,2,0,2,0,0,0,0,0,0,5406,0,3510,1896,0
3048,50276,20.409333,20.012201,19.923960,0.000000,0.000542,0.000000,0.000000,0.055667,0.018875,0.753417,2266,8107322,144357,0,2,0,2,0,0,0,0,0,0,5654,0,3510,2144,0
3049,50277,20.367333,19.969297,19.991160,0.000000,0.000375,0.000000,0.000000,0.050500,0.011875,1.267916,2202,8106849,143401,0,2,0,2,0,0,0,0,0,0,7208,0,4680,2528,0
3050,50278,20.101084,19.692768,19.684517,0.000000,0.000417,0.000000,0.000000,0.058000,0.044083,0.941083,2176,8107154,141529,0,2,0,2,0,0,0,0,0,0,5593,0,3510,2083,0
3051,50279,21.032541,20.618341,20.588690,0.000000,0.000458,0.000000,0.000000,0.054584,0.013083,0.900208,2198,8107278,146631,0,2,0,2,0,0,0,0,0,0,5406,0,3510,1896,0
3052,50280,19.917334,19.512824,19.544416,0.000000,0.000418,0.000000,0.000000,0.048958,0.019833,1.275500,2226,8107046,136362,0,2,0,2,0,0,0,0,0,0,7208,0,4680,2528,0
3053,50281,19.991875,19.571242,19.607816,0.000000,0.000583,0.000000,0.000000,0.080541,0.016750,1.220459,2253,8107329,137838,0,2,0,2,0,0,0,0,0,0,5406,0,3510,1896,0
3054,50282,20.005541,19.603317,19.374128,0.000000,0.000291,0.000000,0.000000,0.053459,0.015166,0.938499,2187,8107207,135293,0,2,0,2,0,0,0,0,0,0,5406,0,3510,1896,0
3055,50283,19.647292,19.235237,19.254800,0.000000,0.000458,0.000000,0.000000,0.052583,0.015292,0.584584,2201,8107147,137697,0,2,0,2,0,0,0,0,0,0,7208,0,4680,2528,0
3056,50284,19.927250,19.528822,19.557831,0.000000,0.000251,0.000000,0.000000,0.057833,0.018250,0.928666,2186,8107231,141828,0,2,0,2,0,0,0,0,0,0,5406,0,3510,1896,0
3057,50285,19.733458,19.333464,19.344487,0.000000,0.000498,0.000000,0.000000,0.057667,0.023875,1.220583,2219,8107110,140739,0,2,0,2,0,0,0,0,0,0,5406,0,3510,1896,0
3058,50286,19.400167,19.006909,19.026809,0.000000,0.000417,0.000000,0.000000,0.053500,0.054042,1.308250,2152,8107028,136680,0,2,0,2,0,0,0,0,0,0,7208,0,4680,2528,0
3059,50287,19.070417,18.686917,18.693628,0.000000,0.000457,0.000000,0.000000,0.057125,0.018125,1.230126,2110,8107266,137932,0,2,0,2,0,0,0,0,0,0,5406,0,3510,1896,0
3060,50288,19.307791,18.919276,18.939482,0.000000,0.000376,0.000000,0.000000,0.053625,0.040834,1.261458,2138,8107283,137429,0,2,0,2,0,0,0,0,0,0,5406,0,3510,1896,0
3061,50289,18.939209,18.559837,18.561489,0.000000,0.000416,0.000000,0.000000,0.058083,0.013792,0.610250,2105,8107046,134212,0,2,0,2,0,0,0,0,0,0,7208,0,4680,2528,0
3062,50290,19.853916,19.436354,19.458169,0.000000,0.003169,0.000000,0.000000,0.069709,0.021916,0.969583,2090,8107193,138555,0,2,0,2,0,0,0,0,0,0,5406,0,3510,1896,0
3063,50291,18.970084,18.580109,18.589704,0.000000,0.000374,0.000000,0.000000,0.054833,0.014333,0.951000,2148,8107156,139843,0,2,0,2,0,0,0,0,0,0,5574,0,3510,2064,0
3064,50292,21.029916,20.626017,20.548916,0.000000,0.000417,0.000000,0.000000,0.061042,0.024958,1.268250,2108,8107041,142539,0,2,0,2,0,0,0,0,0,0,7208,0,4680,2528,0
3065,50293,19.850417,19.460992,19.457519,0.000000,0.000500,0.000000,0.000000,0.055208,0.014167,1.303876,2095,8107283,136806,0,2,0,2,0,0,0,0,0,0,5406,0,3510,1896,0
3066,50294,19.195625,18.809209,18.836412,0.000000,0.000376,0.000000,0.000000,0.054667,0.025041,1.288792,2146,8107236,136079,0,2,0,2,0,0,0,0,0,0,5406,0,3510,1896,0
3067,50295,19.183500,18.805539,18.843040,0.000000,0.000374,0.000000,0.000000,0.059708,0.012625,0.617625,2084,8107046,135532,0,2,0,2,0,0,0,0,0,0,7208,0,4680,2528,0
3068,50296,19.115542,18.723744,18.752670,0.000000,0.000625,0.000000,0.000000,0.061250,0.014250,1.213917,2071,8107448,136654,0,2,0,2,0,0,0,0,0,0,5406,0,3510,1896,0
3069,50297,18.484416,18.095532,18.129906,0.000000,0.000457,0.000000,0.000000,0.050042,0.016958,1.287292,2130,8106952,137682,0,2,0,2,0,0,0,0,0,0,5700,0,3510,2190,0
3070,50298,20.009584,19.617821,19.657242,0.000000,0.000625,0.000000,0.000000,0.048875,0.015250,1.262500,2090,8107064,138745,0,2,0,2,0,0,0,0,0,0,7208,0,4680,2528,0
3071,50299,19.224416,18.850995,18.893337,0.000000,0.000542,0.000000,0.000000,0.059917,0.013833,1.252583,2081,8107297,137691,0,2,0,2,0,0,0,0,0,0,5406,0,3510,1896,0
3072,50300,19.291834,18.900548,18.932671,0.000000,0.000333,0.000000,0.000000,0.057083,0.013625,0.609042,2085,8107400,137103,0,2,0,2,0,0,0,0,0,0,5406,0,3510,1896,0
3073,50301,19.111750,18.730180,18.751548,0.000000,0.000333,0.000000,0.000000,0.048791,0.033042,0.941875,2097,8106854,136337,0,2,0,2,0,0,0,0,0,0,7208,0,4680,2528,0
3074,50302,19.125958,18.723746,18.755565,0.000000,0.000335,0.000000,0.000000,0.052792,0.017750,0.957207,2080,8107293,136050,0,2,0,2,0,0,0,0,0,0,5406,0,3510,1896,0
3075,50303,19.263583,18.882239,18.845094,0.000000,0.000375,0.000000,0.000000,0.082625,0.019459,1.276333,2097,8107273,134873,0,2,0,2,0,0,0,0,0,0,7004,0,4536,2468,0
3076,50304,19.178709,18.789998,18.804894,0.000000,0.000458,0.000000,0.000000,0.057583,0.038292,1.294583,2090,8106839,139055,0,2,0,2,0,0,0,0,0,0,6067,0,3654,2413,0
3077,50305,21.170666,20.767687,20.748541,0.000000,0.000458,0.000000,0.000000,0.055834,0.012750,1.173624,2116,8107454,142511,0,2,0,2,0,0,0,0,0,0,5406,0,3510,1896,0
3078,50306,19.824167,19.436092,19.443920,0.000000,0.000375,0.000000,0.000000,0.056250,0.017542,0.610542,2085,8106877,136814,0,2,0,2,0,0,0,0,0,0,7359,0,4680,2679,0
3079,50307,20.728958,20.329533,20.357867,0.000000,0.000292,0.000000,0.000000,0.060959,0.014416,0.984750,2168,8107153,148547,0,2,0,2,0,0,0,0,0,0,5406,0,3510,1896,0
3080,50308,19.590459,19.185353,19.218432,0.000000,0.000501,0.000000,0.000000,0.065833,0.018250,0.937917,2201,8107261,135921,0,2,0,2,0,0,0,0,0,0,5406,0,3510,1896,0
3081,50309,18.735375,18.352132,18.379513,0.000000,0.000375,0.000000,0.000000,0.048500,0.017666,1.130168,2093,8107044,131642,0,2,0,2,0,0,0,0,0,0,7208,0,4680,2528,0
3082,50310,19.811750,19.407903,19.445787,0.000000,0.000376,0.000000,0.000000,0.062041,0.024250,1.266958,2197,8107375,141132,0,2,0,2,0,0,0,0,0,0,5406,0,3510,1896,0
3083,50311,19.525166,19.125293,19.146421,0.000000,0.000373,0.000000,0.000000,0.050292,0.013833,1.288959,2206,8107242,138620,0,2,0,2,0,0,0,0,0,0,5406,0,3510,1896,0
3084,50312,19.526125,19.119115,19.157762,0.000000,0.000333,0.000000,0.000000,0.050250,0.012292,0.654917,2179,8106688,138916,0,2,0,2,0,0,0,0,0,0,9249,0,4680,4569,0
3085,50313,19.210375,18.818997,18.859611,0.000000,0.000332,0.000000,0.000000,0.046417,0.052083,1.244708,2147,8107446,139838,0,2,0,2,0,0,0,0,0,0,5406,0,3510,1896,0
3086,50314,19.265250,18.871746,18.875859,0.000000,0.000377,0.000000,0.000000,0.057625,0.014500,1.256583,2177,8107017,138037,0,2,0,2,0,0,0,0,0,0,5406,0,3510,1896,0
3087,50315,19.289167,18.905691,18.948865,0.000000,0.000417,0.000000,0.000000,0.056958,0.014125,1.289083,2107,8107075,134764,0,2,0,2,0,0,0,0,0,0,7395,0,4680,2715,0
3088,50316,20.276667,19.884801,19.908995,0.000000,0.000418,0.000000,0.000000,0.058833,0.020208,1.273000,2106,8107181,146960,0,2,0,2,0,0,0,0,0,0,5406,0,3510,1896,0
3089,50317,19.812875,19.396275,19.432634,0.000000,0.000415,0.000000,0.000000,0.069375,0.076500,1.308917,2220,8107498,139687,0,2,0,2,0,0,0,0,0,0,5406,0,3510,1896,0
3090,50318,19.837166,19.449729,19.284065,0.000000,0.000416,0.000000,0.000000,0.050709,0.012416,1.216917,2159,8106769,137165,0,2,0,2,0,0,0,0,0,0,7208,0,4680,2528,0
3091,50319,20.973250,20.566529,20.527547,0.000000,0.000500,0.000000,0.000000,0.061709,0.030791,0.610709,2147,8107235,141242,0,2,0,2,0,0,0,0,0,0,5406,0,3510,1896,0
3092,50320,20.511834,20.096309,20.056909,0.000000,0.000333,0.000000,0.000000,0.063875,0.015291,1.335750,2199,8107259,139513,0,2,0,2,0,0,0,0,0,0,5406,0,3510,1896,0
3093,50321,19.468625,19.071337,19.059991,0.000000,0.000500,0.000000,0.000000,0.070875,0.015458,0.944000,2159,8107051,136258,0,2,0,2,0,0,0,0,0,0,7208,0,4680,2528,0
3094,50322,19.395125,19.008578,19.045138,0.000000,0.000416,0.000000,0.000000,0.058833,0.013583,0.899042,2139,8107328,139896,0,2,0,2,0,0,0,0,0,0,5406,0,3510,1896,0
3095,50323,20.003791,19.599192,19.611966,0.000000,0.000500,0.000000,0.000000,0.073709,0.048708,0.939125,2175,8107353,138707,0,2,0,2,0,0,0,0,0,0,5406,0,3510,1896,0
3096,50324,20.942834,20.528836,20.458111,0.000000,0.000875,0.000000,0.000000,0.134416,0.058500,1.276542,2096,8106955,135169,0,2,0,2,0,0,0,0,0,0,7208,0,4680,2528,0
3097,50325,22.171458,21.783842,21.603050,0.000000,0.000584,0.000000,0.000000,0.078042,0.039625,0.915083,2084,8107260,137782,0,2,0,2,0,0,0,0,0,0,5406,0,3510,1896,0
3098,50326,20.628375,20.221371,20.177705,0.000000,0.000835,0.000000,0.000000,0.088792,0.040916,0.592500,2136,8107368,136054,0,2,0,2,0,0,0,0,0,0,5406,0,3510,1896,0
3099,50327,20.988917,20.591265,20.501732,0.000000,0.000709,0.000000,0.000000,0.057833,0.018875,1.270292,2093,8106948,133880,0,2,0,2,0,0,0,0,0,0,7208,0,4680,2528,0
3100,50328,19.714500,19.335241,19.356444,0.000000,0.000500,0.000000,0.000000,0.057750,0.019375,1.250124,2078,8107163,138554,0,2,0,2,0,0,0,0,0,0,5406,0,3510,1896,0
3101,50329,18.989041,18.605358,18.644626,0.000000,0.000418,0.000000,0.000000,0.048959,0.013500,0.611125,2122,8107337,135066,0,2,0,2,0,0,0,0,0,0,5406,0,3510,1896,0
3102,50330,19.104500,18.720126,18.708409,0.000000,0.000542,0.000000,0.000000,0.053667,0.021000,1.252709,2080,8106998,133984,0,2,0,2,0,0,0,0,0,0,7208,0,4680,2528,0
3103,50331,19.235125,18.858037,18.884879,0.000000,0.000417,0.000000,0.000000,0.051459,0.048541,0.939292,2074,8107368,137033,0,2,0,2,0,0,0,0,0,0,5406,0,3510,1896,0
3104,50332,19.556375,19.163237,19.090440,0.000000,0.000376,0.000000,0.000000,0.057125,0.015917,0.900708,2125,8107140,136554,0,2,0,2,0,0,0,0,0,0,5406,0,3510,1896,0
3105,50333,19.105334,18.723270,18.763192,0.000000,0.000374,0.000000,0.000000,0.049458,0.018542,1.232292,2071,8107044,134409,0,2,0,2,0,0,0,0,0,0,7208,0,4680,2528,0
3106,50334,19.303750,18.923817,18.943661,0.000000,0.000500,0.000000,0.000000,0.055208,0.052292,1.272084,2058,8107498,136861,0,2,0,2,0,0,0,0,0,0,5406,0,3510,1896,0
3107,50335,19.263875,18.878927,18.854024,0.000000,0.000585,0.000000,0.000000,0.062166,0.013500,0.674250,2115,8106996,133985,0,2,0,2,0,0,0,0,0,0,5406,0,3510,1896,0
3108,50336,19.076250,18.699540,18.683731,0.000000,0.000417,0.000000,0.000000,0.050708,0.048875,1.326209,2080,8107132,136541,0,2,0,2,0,0,0,0,0,0,7208,0,4680,2528,0
3109,50337,18.844541,18.468471,18.476859,0.000000,0.000499,0.000000,0.000000,0.052334,0.014125,1.351459,2068,8107382,136762,0,2,0,2,0,0,0,0,0,0,5406,0,3510,1896,0
3110,50338,18.302375,17.919669,17.953429,0.000000,0.000415,0.000000,0.000000,0.048292,0.013375,1.130000,2120,8106902,138340,0,2,0,2,0,0,0,0,0,0,5863,0,3510,2353,0
3111,50339,19.124834,18.745898,18.783924,0.000000,0.000416,0.000000,0.000000,0.045208,0.010667,0.609666,2083,8106919,144458,0,2,0,2,0,0,0,0,0,0,7370,0,4680,2690,0
3112,50340,19.915041,19.532469,19.568573,0.000000,0.000417,0.000000,0.000000,0.047542,0.013250,0.949542,2098,8107231,144238,0,2,0,2,0,0,0,0,0,0,5406,0,3510,1896,0
3113,50341,18.907917,18.524065,18.540513,0.000000,0.000375,0.000000,0.000000,0.047167,0.049833,1.261791,2123,8107496,137274,0,2,0,2,0,0,0,0,0,0,5406,0,3510,1896,0
3114,50342,18.853208,18.412316,18.422693,0.000000,0.000376,0.000000,0.000000,0.062500,0.014334,0.921209,2086,8106828,135782,0,2,0,2,0,0,0,0,0,0,7208,0,4680,2528,0
3115,50343,19.161417,18.785306,18.819737,0.000000,0.000417,0.000000,0.000000,0.055917,0.013875,1.217458,2076,8107259,138184,0,2,0,2,0,0,0,0,0,0,5406,0,3510,1896,0
3116,50344,19.003417,18.618380,18.661559,0.000000,0.000291,0.000000,0.000000,0.058458,0.014708,0.611625,2121,8107352,137911,0,2,0,2,0,0,0,0,0,0,5406,0,3510,1896,0
3117,50345,18.687500,18.313178,18.341665,0.000000,0.000292,0.000000,0.000000,0.048750,0.013875,0.903666,2084,8106890,135283,0,2,0,2,0,0,0,0,0,0,7208,0,4680,2528,0
3118,50346,18.960083,18.580453,18.597843,0.000000,0.000499,0.000000,0.000000,0.056667,0.013375,1.072083,2072,8107313,137888,0,2,0,2,0,0,0,0,0,0,5406,0,3510,1896,0
3119,50347,19.056833,18.679446,18.712727,0.000000,0.000373,0.000000,0.000000,0.060417,0.014292,0.911292,2083,8107219,136870,0,2,0,2,0,0,0,0,0,0,5406,0,3510,1896,0
3120,50348,18.909250,18.515820,18.563195,0.000000,0.000291,0.000000,0.000000,0.052375,0.012917,0.625292,2104,8106967,143024,0,2,0,2,0,0,0,0,0,0,7367,0,4680,2687,0
3121,50349,20.045042,19.646766,19.669526,0.000000,0.000377,0.000000,0.000000,0.062708,0.016792,0.916458,2142,8107305,142487,0,2,0,2,0,0,0,0,0,0,5406,0,3510,1896,0
3122,50350,19.043958,18.653070,18.677307,0.000000,0.000417,0.000000,0.000000,0.052542,0.014083,0.765999,2081,8107283,138090,0,2,0,2,0,0,0,0,0,0,5406,0,3510,1896,0
3123,50351,19.137417,18.758509,18.783708,0.000000,0.000500,0.000000,0.000000,0.058958,0.043125,0.996708,2092,8107019,137736,0,2,0,2,0,0,0,0,0,0,7208,0,4680,2528,0
3124,50352,19.163875,18.783202,18.785489,0.000000,0.000292,0.000000,0.000000,0.058708,0.013084,1.282917,2083,8107276,139091,0,2,0,2,0,0,0,0,0,0,5406,0,3510,1896,0
3125,50353,19.270208,18.892855,18.918005,0.000000,0.000375,0.000000,0.000000,0.049084,0.014500,1.286875,2078,8107259,137828,0,2,0,2,0,0,0,0,0,0,5442,0,3510,1932,0
3126,50354,19.250750,18.870865,18.801289,0.000000,0.000458,0.000000,0.000000,0.065667,0.015500,0.651625,2087,8106971,137495,0,2,0,2,0,0,0,0,0,0,7172,0,4680,2492,0
3127,50355,18.999750,18.621879,18.662455,0.000000,0.000333,0.000000,0.000000,0.052375,0.016584,0.951125,2076,8107265,136937,0,2,0,2,0,0,0,0,0,0,5406,0,3510,1896,0
3128,50356,18.836417,18.455649,18.493519,0.000000,0.000582,0.000000,0.000000,0.045417,0.013458,1.276041,2072,8107472,136798,0,2,0,2,0,0,0,0,0,0,7124,0,4596,2528,0
3129,50357,18.775292,18.401730,18.438388,0.000000,0.000499,0.000000,0.000000,0.048333,0.016000,1.303791,2070,8107089,138669,0,2,0,2,0,0,0,0,0,0,5490,0,3594,1896,0
3130,50358,18.813125,18.428523,18.457056,0.000000,0.000417,0.000000,0.000000,0.049583,0.022125,0.652416,2078,8106994,137210,0,2,0,2,0,0,0,0,0,0,5406,0,3510,1896,0
3131,50359,19.063083,18.686777,18.686249,0.000000,0.000417,0.000000,0.000000,0.050625,0.061375,0.968417,2072,8107132,135330,0,2,0,2,0,0,0,0,0,0,7208,0,4680,2528,0
3132,50360,19.437000,19.060487,19.058466,0.000000,0.000583,0.000000,0.000000,0.061958,0.020792,1.296167,2069,8107173,139320,0,2,0,2,0,0,0,0,0,0,5406,0,3510,1896,0
3133,50361,18.910250,18.521882,18.541390,0.000000,0.000334,0.000000,0.000000,0.053042,0.013625,1.325042,2076,8107255,137092,0,2,0,2,0,0,0,0,0,0,5406,0,3510,1896,0
3134,50362,18.551000,18.162628,18.203271,0.000000,0.000374,0.000000,0.000000,0.044125,0.012542,1.323167,2080,8107059,135622,0,2,0,2,0,0,0,0,0,0,7208,0,4680,2528,0
3135,50363,18.614875,18.238459,18.247006,0.000000,0.000416,0.000000,0.000000,0.047042,0.020250,0.609459,2079,8107322,138349,0,2,0,2,0,0,0,0,0,0,5406,0,3510,1896,0
3136,50364,18.972083,18.591881,18.623661,0.000000,0.000584,0.000000,0.000000,0.055709,0.016083,1.247166,2075,8107184,137826,0,2,0,2,0,0,0,0,0,0,5406,0,3510,1896,0
3137,50365,18.817792,18.440890,18.469898,0.000000,0.000416,0.000000,0.000000,0.060458,0.014459,1.261541,2071,8107070,135471,0,2,0,2,0,0,0,0,0,0,7208,0,4680,2528,0
3138,50366,18.897583,18.521458,18.559555,0.000000,0.000543,0.000000,0.000000,0.067042,0.013833,0.949042,2077,8107158,144462,0,2,0,2,0,0,0,0,0,0,5538,0,3510,2028,0
3139,50367,20.981084,20.586127,20.610419,0.000000,0.000625,0.000000,0.000000,0.075166,0.037542,0.584874,2125,8107326,146301,0,2,0,2,0,0,0,0,0,0,5406,0,3510,1896,0
3140,50368,18.902291,18.518829,18.556213,0.000000,0.000292,0.000000,0.000000,0.052000,0.013417,0.608334,2092,8107018,138501,0,2,0,2,0,0,0,0,0,0,7208,0,4680,2528,0
3141,50369,18.399459,18.024027,18.068115,0.000000,0.000416,0.000000,0.000000,0.044166,0.010625,0.924208,2088,8107223,140283,0,2,0,2,0,0,0,0,0,0,5406,0,3510,1896,0
3142,50370,18.469333,18.084013,18.094737,0.000000,0.000459,0.000000,0.000000,0.082250,0.015000,1.220208,2133,8107351,138938,0,2,0,2,0,0,0,0,0,0,5406,0,3510,1896,0
3143,50371,18.690917,18.321600,18.363737,0.000000,0.000374,0.000000,0.000000,0.055250,0.050500,1.234750,2092,8107040,137702,0,2,0,2,0,0,0,0,0,0,7208,0,4680,2528,0
3144,50372,18.786583,18.411425,18.414980,0.000000,0.000252,0.000000,0.000000,0.045833,0.012084,0.607792,2097,8107171,139858,0,2,0,2,0,0,0,0,0,0,5406,0,3510,1896,0
3145,50373,18.353292,17.974251,18.009556,0.000000,0.000417,0.000000,0.000000,0.047833,0.021792,1.252416,2132,8107533,137818,0,2,0,2,0,0,0,0,0,0,5406,0,3510,1896,0
3146,50374,18.240041,17.867068,17.904195,0.000000,0.000251,0.000000,0.000000,0.043917,0.012583,1.234541,2093,8106803,137348,0,2,0,2,0,0,0,0,0,0,7208,0,4680,2528,0
3147,50375,18.330000,17.957135,17.998453,0.000000,0.000251,0.000000,0.000000,0.041417,0.010750,0.623875,2092,8107299,139681,0,2,0,2,0,0,0,0,0,0,5406,0,3510,1896,0
3148,50376,18.330417,17.946258,17.991060,0.000000,0.000166,0.000000,0.000000,0.048458,0.014750,1.032541,2141,8107184,138684,0,2,0,2,0,0,0,0,0,0,5406,0,3510,1896,0
3149,50377,18.267958,17.891683,17.936382,0.000000,0.000585,0.000000,0.000000,0.050625,0.037209,1.224167,2089,8107119,137488,0,2,0,2,0,0,0,0,0,0,7208,0,4680,2528,0
3150,50378,19.914875,19.511538,19.497905,0.000000,0.000374,0.000000,0.000000,0.082292,0.018667,0.905584,2091,8107312,139467,0,2,0,2,0,0,0,0,0,0,5406,0,3510,1896,0
3151,50379,18.986459,18.634075,18.666429,0.000000,0.000668,0.000000,0.000000,0.048083,0.012708,1.076542,2141,8107142,138646,0,2,0,2,0,0,0,0,0,0,5406,0,3510,1896,0
3152,50380,18.376833,18.004810,18.045731,0.000000,0.000541,0.000000,0.000000,0.049375,0.009708,0.609625,2103,8107028,137851,0,2,0,2,0,0,0,0,0,0,7208,0,4680,2528,0
3153,50381,18.302917,17.926979,17.962922,0.000000,0.000209,0.000000,0.000000,0.043791,0.013459,1.097500,2096,8107257,139391,0,2,0,2,0,0,0,0,0,0,5406,0,3510,1896,0
3154,50382,18.274166,17.890777,17.927342,0.000000,0.000415,0.000000,0.000000,0.048709,0.013750,1.221834,2143,8107219,143299,0,2,0,2,0,0,0,0,0,0,5545,0,3510,2035,0
3155,50383,19.342542,18.969544,19.014646,0.000000,0.000332,0.000000,0.000000,0.040292,0.011541,0.612417,2099,8107000,149694,0,2,0,2,0,0,0,0,0,0,7208,0,4680,2528,0
3156,50384,18.576042,18.200817,18.241532,0.000000,0.000333,0.000000,0.000000,0.053291,0.016042,1.231666,2095,8107498,140481,0,2,0,2,0,0,0,0,0,0,5406,0,3510,1896,0
3157,50385,18.049875,17.669626,17.687790,0.000000,0.000374,0.000000,0.000000,0.039791,0.011959,0.929500,2139,8106913,144126,0,2,0,2,0,0,0,0,0,0,5565,0,3510,2055,0
3158,50386,18.855708,18.479879,18.523398,0.000000,0.000375,0.000000,0.000000,0.042042,0.011500,1.234875,2105,8107024,141905,0,2,0,2,0,0,0,0,0,0,7208,0,4680,2528,0
3159,50387,18.911458,18.532810,18.519872,0.000000,0.000499,0.000000,0.000000,0.043667,0.012625,0.608959,2100,8107253,140046,0,2,0,2,0,0,0,0,0,0,5406,0,3510,1896,0
3160,50388,18.648709,18.262144,18.306069,0.000000,0.000373,0.000000,0.000000,0.042833,0.015083,1.040333,2159,8107248,140068,0,2,0,2,0,0,0,0,0,0,5406,0,3510,1896,0
3161,50389,18.170208,17.795160,17.832782,0.000000,0.000417,0.000000,0.000000,0.048208,0.011917,0.911666,2115,8107048,138105,0,2,0,2,0,0,0,0,0,0,7208,0,4680,2528,0
3162,50390,18.612208,18.233745,18.262932,0.000000,0.000208,0.000000,0.000000,0.047625,0.016250,1.217333,2128,8107279,140669,0,2,0,2,0,0,0,0,0,0,5406,0,3510,1896,0
3163,50391,18.172167,17.788909,17.832423,0.000000,0.000376,0.000000,0.000000,0.046625,0.013958,0.627417,2157,8107237,137779,0,2,0,2,0,0,0,0,0,0,5406,0,3510,1896,0
3164,50392,17.968875,17.589107,17.635423,0.000000,0.000376,0.000000,0.000000,0.045542,0.009666,0.899792,2110,8107036,137689,0,2,0,2,0,0,0,0,0,0,7208,0,4680,2528,0
3165,50393,18.184500,17.809262,17.852301,0.000000,0.000334,0.000000,0.000000,0.045125,0.012500,1.240500,2106,8107488,139875,0,2,0,2,0,0,0,0,0,0,5406,0,3510,1896,0
3166,50394,17.918958,17.540239,17.543772,0.000000,0.000584,0.000000,0.000000,0.044959,0.009958,0.607500,2137,8107001,137926,0,2,0,2,0,0,0,0,0,0,5406,0,3510,1896,0
3167,50395,17.883334,17.512303,17.553932,0.000000,0.000249,0.000000,0.000000,0.038750,0.010708,0.922625,2107,8107004,136069,0,2,0,2,0,0,0,0,0,0,7208,0,4680,2528,0
3168,50396,18.253500,17.878478,17.921611,0.000000,0.000375,0.000000,0.000000,0.058708,0.012333,0.794500,2086,8107283,140470,0,2,0,2,0,0,0,0,0,0,5406,0,3510,1896,0
3169,50397,18.943375,18.537882,18.587963,0.000000,0.000374,0.000000,0.000000,0.060125,0.017666,1.302708,2128,8107263,137957,0,2,0,2,0,0,0,0,0,0,5406,0,3510,1896,0
3170,50398,18.938291,18.556438,18.586028,0.000000,0.000542,0.000000,0.000000,0.060334,0.012333,0.609250,2091,8107032,136149,0,2,0,2,0,0,0,0,0,0,7208,0,4680,2528,0
3171,50399,19.126500,18.745365,18.763222,0.000000,0.000457,0.000000,0.000000,0.054375,0.014750,0.966041,2081,8107245,138939,0,2,0,2,0,0,0,0,0,0,5406,0,3510,1896,0
3172,50400,18.896875,18.503090,18.534253,0.000000,0.000250,0.000000,0.000000,0.049667,0.012833,1.288417,2131,8107441,138548,0,2,0,2,0,0,0,0,0,0,5406,0,3510,1896,0
3173,50401,18.959667,18.571250,18.607553,0.000000,0.000292,0.000000,0.000000,0.054167,0.032916,1.260166,2090,8106882,137546,0,2,0,2,0,0,0,0,0,0,7208,0,4680,2528,0
3174,50402,19.109667,18.726134,18.760048,0.000000,0.000459,0.000000,0.000000,0.063375,0.014416,0.634083,2089,8107256,137396,0,2,0,2,0,0,0,0,0,0,5406,0,3510,1896,0
3175,50403,18.978708,18.604235,18.636136,0.000000,0.000501,0.000000,0.000000,0.069708,0.016792,1.253001,2074,8107242,137531,0,2,0,2,0,0,0,0,0,0,5406,0,3510,1896,0
3176,50404,19.074625,18.688311,18.716302,0.000000,0.000416,0.000000,0.000000,0.049667,0.015416,1.269374,2086,8107204,138253,0,2,0,2,0,0,0,0,0,0,7208,0,4680,2528,0
3177,50405,18.824958,18.436863,18.475196,0.000000,0.000666,0.000000,0.000000,0.066917,0.011625,1.293083,2081,8107177,137181,0,2,0,2,0,0,0,0,0,0,5406,0,3510,1896,0
3178,50406,19.556000,19.156678,19.163754,0.000000,0.000418,0.000000,0.000000,0.053959,0.045166,1.362250,2085,8107331,137298,0,2,0,2,0,0,0,0,0,0,5701,0,3510,2191,0
3179,50407,19.879542,19.486220,19.465901,0.000000,0.000376,0.000000,0.000000,0.051208,0.022334,1.336375,2088,8106900,138488,0,2,0,2,0,0,0,0,0,0,6913,0,4680,2233,0
3180,50408,19.315208,18.936222,18.836097,0.000000,0.000665,0.000000,0.000000,0.053209,0.014416,0.647708,2076,8107279,138212,0,2,0,2,0,0,0,0,0,0,5406,0,3510,1896,0
3181,50409,18.695917,18.314168,18.339294,0.000000,0.000626,0.000000,0.000000,0.055292,0.013541,0.964167,2090,8107270,135602,0,2,0,2,0,0,0,0,0,0,7124,0,4596,2528,0
3182,50410,18.977708,18.603849,18.641674,0.000000,0.000333,0.000000,0.000000,0.051875,0.010584,1.304542,2079,8107007,139099,0,2,0,2,0,0,0,0,0,0,5490,0,3594,1896,0
3183,50411,18.764709,18.381297,18.412833,0.000000,0.000542,0.000000,0.000000,0.048083,0.015042,1.313958,2070,8107277,137210,0,2,0,2,0,0,0,0,0,0,5406,0,3510,1896,0
3184,50412,18.746208,18.364675,18.399808,0.000000,0.000459,0.000000,0.000000,0.046375,0.015792,0.641250,2090,8107118,137123,0,2,0,2,0,0,0,0,0,0,7208,0,4680,2528,0
3185,50413,18.792042,18.416615,18.447811,0.000000,0.000290,0.000000,0.000000,0.052875,0.016541,0.776667,2070,8107169,138991,0,2,0,2,0,0,0,0,0,0,5406,0,3510,1896,0
3186,50414,18.860375,18.483425,18.507012,0.000000,0.000250,0.000000,0.000000,0.050166,0.018000,1.273834,2080,8107460,138030,0,2,0,2,0,0,0,0,0,0,5406,0,3510,1896,0
3187,50415,19.199750,18.825965,18.846164,0.000000,0.000459,0.000000,0.000000,0.046875,0.013208,1.257251,2091,8106858,135631,0,2,0,2,0,0,0,0,0,0,7208,0,4680,2528,0
3188,50416,19.026958,18.635340,18.684566,0.000000,0.000249,0.000000,0.000000,0.043417,0.012083,0.614500,2085,8107246,140214,0,2,0,2,0,0,0,0,0,0,5406,0,3510,1896,0
3189,50417,18.637792,18.254555,18.296323,0.000000,0.000375,0.000000,0.000000,0.049416,0.012584,1.288334,2084,8107356,138128,0,2,0,2,0,0,0,0,0,0,5406,0,3510,1896,0
3190,50418,18.572625,18.189514,18.228437,0.000000,0.000334,0.000000,0.000000,0.045583,0.018500,0.763750,2091,8106996,135742,0,2,0,2,0,0,0,0,0,0,7208,0,4680,2528,0
3191,50419,19.484000,19.099420,19.128015,0.000000,0.000292,0.000000,0.000000,0.066583,0.015042,1.079875,2112,8107068,139821,0,2,0,2,0,0,0,0,0,0,7447,0,3510,3937,0
3192,50420,19.407125,19.022120,19.052657,0.000000,0.000332,0.000000,0.000000,0.063750,0.014041,1.274417,2120,8107061,139151,0,2,0,2,0,0,0,0,0,0,5406,0,3510,1896,0
3193,50421,19.044666,18.657449,18.705108,0.000000,0.000333,0.000000,0.000000,0.061125,0.013584,0.482000,2079,8107224,136179,0,2,0,2,0,0,0,0,0,0,7208,0,4680,2528,0
3194,50422,19.019917,18.636211,18.667106,0.000000,0.000292,0.000000,0.000000,0.050833,0.010542,0.811000,2083,8107103,139660,0,2,0,2,0,0,0,0,0,0,5406,0,3510,1896,0
3195,50423,18.698042,18.315356,18.348482,0.000000,0.000334,0.000000,0.000000,0.055958,0.013375,1.144792,2120,8107488,136692,0,2,0,2,0,0,0,0,0,0,5406,0,3510,1896,0
3196,50424,19.620583,19.231885,19.241356,0.000000,0.000292,0.000000,0.000000,0.055250,0.014042,1.229541,2097,8106985,137031,0,2,0,2,0,0,0,0,0,0,7208,0,4680,2528,0
3197,50425,19.025375,18.631643,18.683941,0.000000,0.000333,0.000000,0.000000,0.068375,0.040250,1.269417,2081,8107061,139039,0,2,0,2,0,0,0,0,0,0,5406,0,3510,1896,0
3198,50426,19.167167,18.768438,18.777815,0.000000,0.000334,0.000000,0.000000,0.051791,0.011667,0.649708,2127,8107465,137289,0,2,0,2,0,0,0,0,0,0,5406,0,3510,1896,0
3199,50427,18.815541,18.430411,18.456574,0.000000,0.000333,0.000000,0.000000,0.055417,0.017958,0.913168,2095,8106840,136013,0,2,0,2,0,0,0,0,0,0,7208,0,4680,2528,0
3200,50428,19.185625,18.783291,18.818546,0.000000,0.000582,0.000000,0.000000,0.059667,0.013583,1.276375,2089,8107534,140022,0,2,0,2,0,0,0,0,0,0,5406,0,3510,1896,0
3201,50429,18.858584,18.458688,18.480378,0.000000,0.000499,0.000000,0.000000,0.055833,0.013083,1.247793,2123,8106992,137178,0,2,0,2,0,0,0,0,0,0,5406,0,3510,1896,0
3202,50430,18.888625,18.509243,18.558069,0.000000,0.000500,0.000000,0.000000,0.053708,0.013042,0.608416,2083,8107050,135733,0,2,0,2,0,0,0,0,0,0,7208,0,4680,2528,0
3203,50431,20.215666,19.814574,19.752264,0.000000,0.000375,0.000000,0.000000,0.059542,0.014250,0.924083,2080,8107407,138852,0,2,0,2,0,0,0,0,0,0,5406,0,3510,1896,0
3204,50432,19.821167,19.430526,19.410213,0.000000,0.000293,0.000000,0.000000,0.049917,0.014208,0.825500,2127,8107157,138852,0,2,0,2,0,0,0,0,0,0,5406,0,3510,1896,0
3205,50433,19.043875,18.655183,18.643545,0.000000,0.000418,0.000000,0.000000,0.056833,0.016292,0.961041,2088,8107049,135236,0,2,0,2,0,0,0,0,0,0,7208,0,4680,2528,0
3206,50434,19.076583,18.702765,18.709048,0.000000,0.000249,0.000000,0.000000,0.049459,0.040541,1.264333,2072,8107188,139202,0,2,0,2,0,0,0,0,0,0,5406,0,3510,1896,0
3207,50435,19.329334,18.943988,18.958438,0.000000,0.000374,0.000000,0.000000,0.066208,0.023333,1.299083,2125,8107318,137172,0,2,0,2,0,0,0,0,0,0,5406,0,3510,1896,0
3208,50436,18.899458,18.515782,18.549962,0.000000,0.000623,0.000000,0.000000,0.053500,0.015375,0.661875,2085,8106998,136621,0,2,0,2,0,0,0,0,0,0,7208,0,4680,2528,0
3209,50437,19.167333,18.787582,18.793728,0.000000,0.000459,0.000000,0.000000,0.054625,0.012875,0.958208,2085,8107272,139623,0,2,0,2,0,0,0,0,0,0,5406,0,3510,1896,0
3210,50438,18.992042,18.604781,18.630654,0.000000,0.000249,0.000000,0.000000,0.048750,0.035625,1.293292,2127,8107238,137007,0,2,0,2,0,0,0,0,0,0,5406,0,3510,1896,0
3211,50439,19.015667,18.632995,18.652971,0.000000,0.000417,0.000000,0.000000,0.067333,0.043333,1.272584,2100,8107125,136318,0,4,0,4,0,0,0,0,0,0,7208,0,4680,2528,0
3212,50440,19.620791,19.237002,19.182151,0.000000,0.000457,0.000000,0.000000,0.054584,0.013541,0.973500,2089,8107310,139983,0,2,0,2,0,0,0,0,0,0,5406,0,3510,1896,0
3213,50441,18.886375,18.495473,18.514762,0.000000,0.000291,0.000000,0.000000,0.050709,0.024958,0.624875,2137,8107236,137345,0,2,0,2,0,0,0,0,0,0,5406,0,3510,1896,0
3214,50442,19.975500,19.582543,19.523576,0.000000,0.000334,0.000000,0.000000,0.049084,0.013625,0.616083,2095,8106869,136381,0,2,0,2,0,0,0,0,0,0,7208,0,4680,2528,0
3215,50443,19.276209,18.896065,18.916295,0.000000,0.000375,0.000000,0.000000,0.048750,0.012333,1.308041,2102,8107494,139620,0,2,0,2,0,0,0,0,0,0,5406,0,3510,1896,0
3216,50444,19.122000,18.726215,18.767421,0.000000,0.000416,0.000000,0.000000,0.052708,0.013792,1.153250,2147,8106941,138871,0,2,0,2,0,0,0,0,0,0,5406,0,3510,1896,0
3217,50445,19.233875,18.838740,18.847987,0.000000,0.000292,0.000000,0.000000,0.049000,0.012333,1.318042,2112,8107040,136278,0,2,0,2,0,0,0,0,0,0,7208,0,4680,2528,0
3218,50446,19.149291,18.759696,18.797055,0.000000,0.000416,0.000000,0.000000,0.051000,0.036375,0.671167,2105,8107446,139913,0,2,0,2,0,0,0,0,0,0,5406,0,3510,1896,0
3219,50447,19.364084,18.954761,18.980383,0.000000,0.000375,0.000000,0.000000,0.057250,0.013291,1.007542,2140,8107075,138019,0,2,0,2,0,0,0,0,0,0,5406,0,3510,1896,0
3220,50448,19.025333,18.647604,18.671056,0.000000,0.000416,0.000000,0.000000,0.048542,0.016000,0.968334,2115,8106996,137353,0,2,0,2,0,0,0,0,0,0,7208,0,4680,2528,0
3221,50449,19.088833,18.705886,18.736420,0.000000,0.000457,0.000000,0.000000,0.056542,0.013792,1.287834,2103,8107302,139850,0,2,0,2,0,0,0,0,0,0,5406,0,3510,1896,0
3222,50450,19.113125,18.721208,18.754388,0.000000,0.000417,0.000000,0.000000,0.054917,0.013750,1.283626,2149,8107263,138250,0,2,0,2,0,0,0,0,0,0,5406,0,3510,1896,0
3223,50451,19.711834,19.311153,19.273919,0.000000,0.000627,0.000000,0.000000,0.055041,0.013000,0.305375,2099,8107012,137131,0,2,0,2,0,0,0,0,0,0,7208,0,4680,2528,0
3224,50452,19.339291,18.946205,18.993824,0.000000,0.000249,0.000000,0.000000,0.061084,0.013000,1.193083,2103,8107257,140008,0,2,0,2,0,0,0,0,0,0,5406,0,3510,1896,0
3225,50453,19.105959,18.712032,18.739774,0.000000,0.000417,0.000000,0.000000,0.064000,0.013500,1.119709,2149,8107369,138266,0,2,0,2,0,0,0,0,0,0,5406,0,3510,1896,0
3226,50454,19.124125,18.730536,18.760873,0.000000,0.000291,0.000000,0.000000,0.057125,0.013333,1.249167,2103,8106942,138505,0,2,0,2,0,0,0,0,0,0,7208,0,4680,2528,0
3227,50455,19.162333,18.781717,18.797684,0.000000,0.000625,0.000000,0.000000,0.058542,0.012875,1.246125,2096,8107246,137378,0,2,0,2,0,0,0,0,0,0,5406,0,3510,1896,0
3228,50456,19.206917,18.813256,18.854591,0.000000,0.000459,0.000000,0.000000,0.055083,0.012750,0.619959,2100,8107298,139349,0,2,0,2,0,0,0,0,0,0,5406,0,3510,1896,0
3229,50457,19.165166,18.754997,18.767764,0.000000,0.000333,0.000000,0.000000,0.047959,0.013333,1.142166,2102,8106998,138368,0,2,0,2,0,0,0,0,0,0,7208,0,4680,2528,0
3230,50458,19.215209,18.833300,18.835724,0.000000,0.000500,0.000000,0.000000,0.056041,0.014334,1.261876,2089,8107271,138043,0,2,0,2,0,0,0,0,0,0,5406,0,3510,1896,0
3231,50459,18.741625,18.363310,18.390810,0.000000,0.000500,0.000000,0.000000,0.049291,0.014167,1.323584,2078,8107278,136155,0,2,0,2,0,0,0,0,0,0,5918,0,3510,2408,0
3232,50460,19.126208,18.744623,18.686686,0.000000,0.000543,0.000000,0.000000,0.054792,0.013708,1.059209,2095,8107015,139078,0,2,0,2,0,0,0,0,0,0,6696,0,4680,2016,0
3233,50461,20.422708,20.019176,19.561418,0.000000,0.001001,0.000000,0.000000,0.071375,0.018667,0.617624,2084,8107281,137363,0,2,0,2,0,0,0,0,0,0,5406,0,3510,1896,0
3234,50462,19.353000,18.975376,19.014470,0.000000,0.000417,0.000000,0.000000,0.051084,0.017375,0.308625,2075,8107464,135128,0,2,0,2,0,0,0,0,0,0,7124,0,4596,2528,0
3235,50463,19.078709,18.681917,18.730500,0.000000,0.000416,0.000000,0.000000,0.053500,0.013708,0.955834,2092,8106823,139180,0,2,0,2,0,0,0,0,0,0,5490,0,3594,1896,0
3236,50464,19.086583,18.701728,18.735679,0.000000,0.000416,0.000000,0.000000,0.056292,0.014000,1.308542,2081,8107249,138946,0,2,0,2,0,0,0,0,0,0,5406,0,3510,1896,0
3237,50465,18.779958,18.406000,18.444485,0.000000,0.000376,0.000000,0.000000,0.063792,0.016000,1.278083,2072,8107053,134793,0,2,0,2,0,0,0,0,0,0,7208,0,4680,2528,0
3238,50466,19.177417,18.799662,18.830162,0.000000,0.000417,0.000000,0.000000,0.050667,0.013541,0.660833,2089,8107257,139663,0,2,0,2,0,0,0,0,0,0,5406,0,3510,1896,0
3239,50467,18.947333,18.565076,18.602617,0.000000,0.000459,0.000000,0.000000,0.051292,0.016708,1.203292,2095,8107349,138264,0,2,0,2,0,0,0,0,0,0,5406,0,3510,1896,0
3240,50468,19.023709,18.645176,18.683232,0.000000,0.000459,0.000000,0.000000,0.064125,0.020416,0.945875,2080,8106962,136272,0,2,0,2,0,0,0,0,0,0,7208,0,4680,2528,0
3241,50469,19.104250,18.720391,18.755579,0.000000,0.000458,0.000000,0.000000,0.061250,0.014375,1.216166,2094,8107260,139616,0,2,0,2,0,0,0,0,0,0,5406,0,3510,1896,0
3242,50470,18.935000,18.559970,18.590733,0.000000,0.000333,0.000000,0.000000,0.046458,0.025833,1.253083,2102,8107290,138427,0,2,0,2,0,0,0,0,0,0,5406,0,3510,1896,0
3243,50471,19.016916,18.622570,18.663821,0.000000,0.000541,0.000000,0.000000,0.059292,0.014292,0.609500,2075,8107099,135401,0,2,0,2,0,0,0,0,0,0,7208,0,4680,2528,0
3244,50472,19.332167,18.945540,18.991134,0.000000,0.000250,0.000000,0.000000,0.061917,0.031166,0.901208,2092,8107168,140425,0,2,0,2,0,0,0,0,0,0,5406,0,3510,1896,0
3245,50473,19.051625,18.661118,18.685587,0.000000,0.000459,0.000000,0.000000,0.047458,0.016375,1.280209,2117,8107334,137955,0,2,0,2,0,0,0,0,0,0,5406,0,3510,1896,0
3246,50474,18.846250,18.467361,18.509852,0.000000,0.000417,0.000000,0.000000,0.051208,0.014417,1.307292,2086,8107012,135460,0,2,0,2,0,0,0,0,0,0,7208,0,4680,2528,0
3247,50475,18.824125,18.443443,18.475731,0.000000,0.000458,0.000000,0.000000,0.053000,0.043958,1.279167,2102,8107209,139323,0,2,0,2,0,0,0,0,0,0,5406,0,3510,1896,0
3248,50476,19.520208,19.128865,19.137311,0.000000,0.000373,0.000000,0.000000,0.064792,0.036917,0.607250,2127,8107355,138904,0,2,0,2,0,0,0,0,0,0,5406,0,3510,1896,0
3249,50477,18.911542,18.533035,18.554653,0.000000,0.000333,0.000000,0.000000,0.054958,0.013167,0.947208,2084,8106951,135371,0,2,0,2,0,0,0,0,0,0,7208,0,4680,2528,0
3250,50478,19.261542,18.876668,18.907092,0.000000,0.000417,0.000000,0.000000,0.054916,0.014792,1.285750,2107,8107522,139871,0,2,0,2,0,0,0,0,0,0,5406,0,3510,1896,0
3251,50479,19.296333,18.912924,18.940455,0.000000,0.000291,0.000000,0.000000,0.061625,0.045250,0.918833,2142,8107245,137877,0,2,0,2,0,0,0,0,0,0,5406,0,3510,1896,0
3252,50480,19.164250,18.780979,18.784029,0.000000,0.000417,0.000000,0.000000,0.058250,0.017833,1.252750,2081,8106817,136018,0,2,0,2,0,0,0,0,0,0,7208,0,4680,2528,0
3253,50481,19.337875,18.947511,18.975025,0.000000,0.000292,0.000000,0.000000,0.053750,0.012917,0.608042,2099,8107240,139741,0,2,0,2,0,0,0,0,0,0,5406,0,3510,1896,0
3254,50482,18.987500,18.607842,18.637517,0.000000,0.000626,0.000000,0.000000,0.062667,0.015250,0.747167,2143,8107257,137769,0,2,0,2,0,0,0,0,0,0,5406,0,3510,1896,0
3255,50483,19.733542,19.354901,19.335181,0.000000,0.000375,0.000000,0.000000,0.050208,0.013333,1.087500,2081,8107216,135442,0,2,0,2,0,0,0,0,0,0,7208,0,4680,2528,0
3256,50484,19.548750,19.164697,19.117501,0.000000,0.000624,0.000000,0.000000,0.050166,0.015084,0.760459,2087,8107084,140315,0,2,0,2,0,0,0,0,0,0,5406,0,3510,1896,0
3257,50485,19.132375,18.739279,18.775674,0.000000,0.000375,0.000000,0.000000,0.073083,0.017917,0.920333,2135,8107520,137487,0,2,0,2,0,0,0,0,0,0,5406,0,3510,1896,0
3258,50486,18.852041,18.475752,18.495537,0.000000,0.000417,0.000000,0.000000,0.049959,0.022125,0.472041,2082,8106798,135168,0,2,0,2,0,0,0,0,0,0,7208,0,4680,2528,0
3259,50487,19.364500,18.975010,18.981173,0.000000,0.000499,0.000000,0.000000,0.056417,0.015042,0.755375,2088,8107333,139249,0,2,0,2,0,0,0,0,0,0,5406,0,3510,1896,0
3260,50488,19.099459,18.702099,18.746740,0.000000,0.000332,0.000000,0.000000,0.054166,0.014167,1.102459,2142,8107188,138772,0,2,0,2,0,0,0,0,0,0,5406,0,3510,1896,0
3261,50489,18.759625,18.388091,18.364952,0.000000,0.000416,0.000000,0.000000,0.052791,0.014875,1.260083,2074,8107035,134661,0,2,0,2,0,0,0,0,0,0,7208,0,4680,2528,0
3262,50490,19.130583,18.745160,18.773306,0.000000,0.000542,0.000000,0.000000,0.052833,0.014459,1.262875,2074,8107399,139177,0,2,0,2,0,0,0,0,0,0,5406,0,3510,1896,0
3263,50491,19.000583,18.616075,18.628742,0.000000,0.000334,0.000000,0.000000,0.063792,0.014375,0.635166,2129,8107108,137399,0,2,0,2,0,0,0,0,0,0,5406,0,3510,1896,0
3264,50492,19.143042,18.760150,18.751378,0.000000,0.000291,0.000000,0.000000,0.049750,0.012958,1.324042,2071,8107097,136021,0,2,0,2,0,0,0,0,0,0,7208,0,4680,2528,0
3265,50493,18.980750,18.594038,18.629082,0.000000,0.000334,0.000000,0.000000,0.064750,0.018042,1.348709,2088,8107208,139434,0,2,0,2,0,0,0,0,0,0,5406,0,3510,1896,0
3266,50494,18.891125,18.510243,18.526516,0.000000,0.000293,0.000000,0.000000,0.069458,0.013709,1.292208,2127,8107259,137405,0,2,0,2,0,0,0,0,0,0,5406,0,3510,1896,0
3267,50495,18.997333,18.619802,18.578016,0.000000,0.000542,0.000000,0.000000,0.060250,0.014334,0.670334,2067,8107122,134770,0,2,0,2,0,0,0,0,0,0,7208,0,4680,2528,0
3268,50496,19.418334,19.031701,18.992518,0.000000,0.000500,0.000000,0.000000,0.055333,0.013917,0.609917,2094,8107182,140170,0,2,0,2,0,0,0,0,0,0,5406,0,3510,1896,0
3269,50497,19.292166,18.895717,18.900787,0.000000,0.000334,0.000000,0.000000,0.051584,0.014208,0.972834,2143,8107331,137993,0,2,0,2,0,0,0,0,0,0,5406,0,3510,1896,0
3270,50498,19.030792,18.650033,18.681123,0.000000,0.000375,0.000000,0.000000,0.053333,0.013167,1.321917,2074,8107011,135406,0,2,0,2,0,0,0,0,0,0,7208,0,4680,2528,0
3271,50499,19.331375,18.946980,18.973133,0.000000,0.000334,0.000000,0.000000,0.062917,0.013000,1.286624,2099,8107225,139499,0,2,0,2,0,0,0,0,0,0,5406,0,3510,1896,0
3272,50500,19.047417,18.661614,18.679009,0.000000,0.000292,0.000000,0.000000,0.058250,0.014541,0.610416,2144,8107255,138709,0,2,0,2,0,0,0,0,0,0,5406,0,3510,1896,0
3273,50501,18.808833,18.431947,18.455890,0.000000,0.000416,0.000000,0.000000,0.049500,0.047167,1.047917,2083,8107060,135024,0,2,0,2,0,0,0,0,0,0,7208,0,4680,2528,0
3274,50502,19.193625,18.808423,18.822170,0.000000,0.000542,0.000000,0.000000,0.058583,0.014500,0.985626,2104,8107249,140145,0,2,0,2,0,0,0,0,0,0,5406,0,3510,1896,0
3275,50503,19.130500,18.738600,18.760976,0.000000,0.000335,0.000000,0.000000,0.058542,0.014000,1.240583,2138,8107272,137609,0,2,0,2,0,0,0,0,0,0,5406,0,3510,1896,0
3276,50504,19.116458,18.731228,18.769211,0.000000,0.000459,0.000000,0.000000,0.057750,0.017167,1.288708,2099,8107025,137272,0,2,0,2,0,0,0,0,0,0,7208,0,4680,2528,0
3277,50505,18.842084,18.455451,18.483824,0.000000,0.000458,0.000000,0.000000,0.056583,0.013458,0.642167,2100,8107422,143172,0,2,0,2,0,0,0,0,0,0,5406,0,3510,1896,0
3278,50506,19.835125,19.453870,19.485661,0.000000,0.000249,0.000000,0.000000,0.059083,0.014208,0.952042,2097,8107098,142569,0,2,0,2,0,0,0,0,0,0,5406,0,3510,1896,0
3279,50507,19.072041,18.695575,18.728681,0.000000,0.000541,0.000000,0.000000,0.062834,0.012625,1.355958,2081,8107049,137183,0,2,0,2,0,0,0,0,0,0,7208,0,4680,2528,0
3280,50508,19.176500,18.786066,18.838633,0.000000,0.000291,0.000000,0.000000,0.063917,0.047458,1.278583,2090,8107303,139345,0,2,0,2,0,0,0,0,0,0,5406,0,3510,1896,0
3281,50509,19.064334,18.686514,18.687151,0.000000,0.000375,0.000000,0.000000,0.051458,0.014583,1.295208,2093,8107389,138310,0,2,0,2,0,0,0,0,0,0,5406,0,3510,1896,0
3282,50510,18.992208,18.589405,18.627787,0.000000,0.000292,0.000000,0.000000,0.056750,0.021667,0.641459,2075,8107018,137006,0,2,0,2,0,0,0,0,0,0,7208,0,4680,2528,0
3283,50511,19.122333,18.743472,18.769890,0.000000,0.000376,0.000000,0.000000,0.061792,0.049167,1.226125,2076,8107151,136933,0,2,0,2,0,0,0,0,0,0,5406,0,3510,1896,0
3284,50512,19.307000,18.930139,18.862406,0.000000,0.000460,0.000000,0.000000,0.057792,0.015708,1.374667,2078,8107210,138586,0,2,0,2,0,0,0,0,0,0,5918,0,3510,2408,0
3285,50513,18.859042,18.482098,18.511752,0.000000,0.000292,0.000000,0.000000,0.053542,0.013958,1.309583,2078,8107046,136325,0,2,0,2,0,0,0,0,0,0,6696,0,4680,2016,0
3286,50514,18.846375,18.469651,18.498730,0.000000,0.000501,0.000000,0.000000,0.052833,0.013125,0.611667,2067,8107390,137458,0,2,0,2,0,0,0,0,0,0,5406,0,3510,1896,0
3287,50515,19.021917,18.636506,18.672991,0.000000,0.000416,0.000000,0.000000,0.050250,0.013250,1.273875,2095,8107203,136072,0,2,0,2,0,0,0,0,0,0,7124,0,4596,2528,0
3288,50516,19.067125,18.698733,18.739105,0.000000,0.000418,0.000000,0.000000,0.054291,0.047209,1.076668,2058,8106977,138713,0,2,0,2,0,0,0,0,0,0,5490,0,3594,1896,0
3289,50517,19.096000,18.706906,18.719634,0.000000,0.000334,0.000000,0.000000,0.062541,0.013334,1.181166,2081,8107259,137859,0,2,0,2,0,0,0,0,0,0,5406,0,3510,1896,0
3290,50518,19.052833,18.666675,18.694360,0.000000,0.000416,0.000000,0.000000,0.055167,0.027750,1.108625,2098,8107032,135785,0,2,0,2,0,0,0,0,0,0,7208,0,4680,2528,0
3291,50519,18.883792,18.505414,18.547863,0.000000,0.000290,0.000000,0.000000,0.061000,0.013291,0.639291,2066,8107297,137978,0,2,0,2,0,0,0,0,0,0,5406,0,3510,1896,0
3292,50520,19.040916,18.657732,18.667427,0.000000,0.000292,0.000000,0.000000,0.050250,0.041417,0.808500,2087,8107231,138993,0,2,0,2,0,0,0,0,0,0,5406,0,3510,1896,0
3293,50521,18.774292,18.397769,18.399664,0.000000,0.000293,0.000000,0.000000,0.057792,0.018125,0.976333,2091,8107078,135723,0,2,0,2,0,0,0,0,0,0,7208,0,4680,2528,0
3294,50522,20.982375,20.592298,20.632231,0.000000,0.000584,0.000000,0.000000,0.066708,0.016584,1.250834,2095,8107215,157860,0,2,0,2,0,0,0,0,0,0,5406,0,3510,1896,0
3295,50523,18.962083,18.581472,18.610209,0.000000,0.000290,0.000000,0.000000,0.057584,0.014708,1.243125,2099,8107297,139051,0,2,0,2,0,0,0,0,0,0,5406,0,3510,1896,0
3296,50524,18.463417,18.085209,18.110646,0.000000,0.000291,0.000000,0.000000,0.046792,0.013083,0.611333,2085,8107006,134831,0,2,0,2,0,0,0,0,0,0,7208,0,4680,2528,0
3297,50525,18.929542,18.548021,18.569931,0.000000,0.000375,0.000000,0.000000,0.048583,0.013542,0.659750,2100,8107454,139945,0,2,0,2,0,0,0,0,0,0,5406,0,3510,1896,0
3298,50526,18.708708,18.316176,18.358382,0.000000,0.000457,0.000000,0.000000,0.050292,0.014083,0.814168,2152,8106737,138878,0,2,0,2,0,0,0,0,0,0,7447,0,3510,3937,0
3299,50527,18.767500,18.389661,18.419944,0.000000,0.000334,0.000000,0.000000,0.053958,0.013375,0.671625,2081,8107084,136097,0,2,0,2,0,0,0,0,0,0,7208,0,4680,2528,0
3300,50528,19.464167,19.075998,19.062300,0.000000,0.000499,0.000000,0.000000,0.057625,0.014041,0.908834,2094,8107204,139508,0,2,0,2,0,0,0,0,0,0,5406,0,3510,1896,0
3301,50529,19.174541,18.780796,18.828157,0.000000,0.000416,0.000000,0.000000,0.063709,0.029625,0.626166,2125,8107278,138017,0,2,0,2,0,0,0,0,0,0,5406,0,3510,1896,0
3302,50530,18.888250,18.512188,18.526659,0.000000,0.000333,0.000000,0.000000,0.055459,0.015958,0.637375,2066,8107188,135262,0,2,0,2,0,0,0,0,0,0,7208,0,4680,2528,0
3303,50531,19.310167,18.932197,18.969558,0.000000,0.000291,0.000000,0.000000,0.049042,0.035416,1.253624,2084,8107115,140578,0,2,0,2,0,0,0,0,0,0,5406,0,3510,1896,0
3304,50532,19.016708,18.616896,18.625174,0.000000,0.000375,0.000000,0.000000,0.049709,0.013625,1.307874,2135,8107238,137747,0,2,0,2,0,0,0,0,0,0,5406,0,3510,1896,0
3305,50533,19.051625,18.663677,18.708179,0.000000,0.000417,0.000000,0.000000,0.049125,0.013959,0.393500,2080,8107115,134933,0,2,0,2,0,0,0,0,0,0,7208,0,4680,2528,0
3306,50534,19.175584,18.783907,18.821660,0.000000,0.000458,0.000000,0.000000,0.049083,0.015250,1.267167,2094,8107338,139438,0,2,0,2,0,0,0,0,0,0,5406,0,3510,1896,0
3307,50535,20.119041,19.720682,19.642787,0.000000,0.000375,0.000000,0.000000,0.059250,0.014417,0.910625,2139,8107110,139380,0,2,0,2,0,0,0,0,0,0,5406,0,3510,1896,0
3308,50536,19.157709,18.764800,18.774164,0.000000,0.000543,0.000000,0.000000,0.048708,0.014458,1.211749,2082,8107057,135700,0,2,0,2,0,0,0,0,0,0,7208,0,4680,2528,0
3309,50537,19.300375,18.905005,18.937718,0.000000,0.000374,0.000000,0.000000,0.049958,0.013792,1.228376,2101,8107257,139816,0,2,0,2,0,0,0,0,0,0,5406,0,3510,1896,0
3310,50538,19.312958,18.918312,18.929218,0.000000,0.000333,0.000000,0.000000,0.052542,0.012875,0.937250,2139,8107340,137600,0,2,0,2,0,0,0,0,0,0,5406,0,3510,1896,0
3311,50539,19.151833,18.763834,18.777408,0.000000,0.000500,0.000000,0.000000,0.049709,0.013458,0.637875,2088,8106958,136892,0,2,0,2,0,0,0,0,0,0,7208,0,4680,2528,0
3312,50540,19.098500,18.724942,18.748388,0.000000,0.000501,0.000000,0.000000,0.067042,0.019958,0.931708,2078,8107312,139905,0,2,0,2,0,0,0,0,0,0,5406,0,3510,1896,0
3313,50541,19.011209,18.615082,18.646342,0.000000,0.000499,0.000000,0.000000,0.059291,0.013625,0.951209,2138,8107199,138338,0,2,0,2,0,0,0,0,0,0,5406,0,3510,1896,0
3314,50542,18.706875,18.318567,18.356593,0.000000,0.000291,0.000000,0.000000,0.066583,0.016167,1.245167,2076,8107075,134928,0,2,0,2,0,0,0,0,0,0,7208,0,4680,2528,0
3315,50543,19.131958,18.753371,18.785699,0.000000,0.000375,0.000000,0.000000,0.049500,0.012708,1.251000,2101,8107264,140533,0,2,0,2,0,0,0,0,0,0,5406,0,3510,1896,0
3316,50544,19.296583,18.893605,18.907477,0.000000,0.000373,0.000000,0.000000,0.052834,0.013750,0.640292,2148,8107231,137813,0,2,0,2,0,0,0,0,0,0,5406,0,3510,1896,0
3317,50545,18.600334,18.222187,18.260561,0.000000,0.000458,0.000000,0.000000,0.065166,0.017959,0.795209,2089,8107068,135180,0,2,0,2,0,0,0,0,0,0,7208,0,4680,2528,0
3318,50546,19.262458,18.876530,18.914866,0.000000,0.000626,0.000000,0.000000,0.049542,0.018375,1.304959,2103,8107289,139635,0,2,0,2,0,0,0,0,0,0,5406,0,3510,1896,0
3319,50547,19.158500,18.759587,18.766900,0.000000,0.000416,0.000000,0.000000,0.059208,0.013709,1.299291,2145,8107245,139546,0,2,0,2,0,0,0,0,0,0,5406,0,3510,1896,0
3320,50548,18.788667,18.410163,18.438700,0.000000,0.000458,0.000000,0.000000,0.065875,0.012708,0.607209,2086,8107032,135051,0,2,0,2,0,0,0,0,0,0,7208,0,4680,2528,0
3321,50549,18.951500,18.569262,18.611024,0.000000,0.000460,0.000000,0.000000,0.054416,0.014334,0.981291,2093,8107501,139632,0,2,0,2,0,0,0,0,0,0,5406,0,3510,1896,0
3322,50550,19.744541,19.341973,19.314967,0.000000,0.000333,0.000000,0.000000,0.057125,0.013292,1.092874,2148,8106987,138133,0,2,0,2,0,0,0,0,0,0,5406,0,3510,1896,0
3323,50551,18.905375,18.523958,18.550587,0.000000,0.000541,0.000000,0.000000,0.053292,0.014583,1.218833,2090,8107071,136064,0,2,0,2,0,0,0,0,0,0,7208,0,4680,2528,0
3324,50552,19.039084,18.651232,18.689797,0.000000,0.000375,0.000000,0.000000,0.063625,0.019208,1.045750,2097,8107351,139705,0,2,0,2,0,0,0,0,0,0,5406,0,3510,1896,0
3325,50553,19.303208,18.894276,18.916466,0.000000,0.000458,0.000000,0.000000,0.050000,0.018958,0.463667,2149,8107221,137880,0,2,0,2,0,0,0,0,0,0,5406,0,3510,1896,0
3326,50554,18.826125,18.443878,18.467814,0.000000,0.000375,0.000000,0.000000,0.063333,0.013125,0.801417,2084,8106977,134902,0,2,0,2,0,0,0,0,0,0,7208,0,4680,2528,0
3327,50555,20.060542,19.660023,19.714931,0.000000,0.000293,0.000000,0.000000,0.058041,0.013209,0.605667,2089,8107203,139432,0,2,0,2,0,0,0,0,0,0,5406,0,3510,1896,0
3328,50556,18.832833,18.440207,18.483588,0.000000,0.000376,0.000000,0.000000,0.047583,0.012042,0.899750,2163,8107324,138123,0,2,0,2,0,0,0,0,0,0,5406,0,3510,1896,0
3329,50557,17.846458,17.482086,17.520465,0.000000,0.000251,0.000000,0.000000,0.040709,0.012833,1.234458,2079,8107130,136493,0,2,0,2,0,0,0,0,0,0,7208,0,4680,2528,0
3330,50558,17.888584,17.519403,17.559657,0.000000,0.000417,0.000000,0.000000,0.044000,0.011041,0.609375,2078,8107111,137819,0,2,0,2,0,0,0,0,0,0,5406,0,3510,1896,0
3331,50559,18.005416,17.627655,17.668801,0.000000,0.000417,0.000000,0.000000,0.046292,0.010333,1.242751,2129,8107254,138739,0,2,0,2,0,0,0,0,0,0,5406,0,3510,1896,0
3332,50560,17.910792,17.541684,17.581995,0.000000,0.000332,0.000000,0.000000,0.047417,0.013250,1.234042,2077,8107047,136229,0,2,0,2,0,0,0,0,0,0,7208,0,4680,2528,0
3333,50561,17.964875,17.593554,17.634347,0.000000,0.000250,0.000000,0.000000,0.037750,0.011750,0.447208,2089,8107259,137946,0,2,0,2,0,0,0,0,0,0,5406,0,3510,1896,0
3334,50562,19.141750,18.752951,18.770335,0.000000,0.000958,0.000000,0.000000,0.080750,0.038208,0.591959,2084,8107485,137436,0,2,0,2,0,0,0,0,0,0,5406,0,3510,1896,0
3335,50563,20.918667,20.525881,20.474630,0.000000,0.001125,0.000000,0.000000,0.100833,0.015875,0.586250,2077,8106819,137733,0,2,0,2,0,0,0,0,0,0,7208,0,4680,2528,0
3336,50564,18.624000,18.250508,18.291132,0.000000,0.000291,0.000000,0.000000,0.052125,0.013500,0.903500,2086,8107278,137511,0,2,0,2,0,0,0,0,0,0,5406,0,3510,1896,0
3337,50565,18.586791,18.202520,18.165760,0.000000,0.000376,0.000000,0.000000,0.051209,0.014083,0.607167,2093,8107309,137541,0,2,0,2,0,0,0,0,0,0,5918,0,3510,2408,0
3338,50566,18.419709,18.047379,18.083655,0.000000,0.000416,0.000000,0.000000,0.048125,0.013208,1.226250,2086,8107161,137178,0,2,0,2,0,0,0,0,0,0,6696,0,4680,2016,0
3339,50567,18.078458,17.698709,17.720209,0.000000,0.000543,0.000000,0.000000,0.046042,0.012833,1.247958,2102,8107004,141997,0,2,0,2,0,0,0,0,0,0,5663,0,3510,2153,0
3340,50568,19.329625,18.950392,18.997375,0.000000,0.000335,0.000000,0.000000,0.053458,0.012459,0.957416,2107,8107332,142080,0,2,0,2,0,0,0,0,0,0,7283,0,4596,2687,0
3341,50569,19.534000,19.144830,19.179114,0.000000,0.000375,0.000000,0.000000,0.044875,0.018292,1.068667,2173,8106900,147116,0,2,0,2,0,0,0,0,0,0,5490,0,3594,1896,0
3342,50570,18.367292,17.975099,18.018841,0.000000,0.000334,0.000000,0.000000,0.045166,0.019834,0.612000,2160,8107216,135109,0,2,0,2,0,0,0,0,0,0,5406,0,3510,1896,0
3343,50571,17.980708,17.608135,17.650985,0.000000,0.000625,0.000000,0.000000,0.038500,0.017292,1.238417,2133,8107093,132987,0,2,0,2,0,0,0,0,0,0,7208,0,4680,2528,0
3344,50572,18.648625,18.259643,18.298549,0.000000,0.000375,0.000000,0.000000,0.047167,0.016583,1.222125,2163,8107211,140349,0,2,0,2,0,0,0,0,0,0,5406,0,3510,1896,0
3345,50573,18.419708,18.029981,18.075067,0.000000,0.000293,0.000000,0.000000,0.041667,0.010458,0.608083,2209,8107260,140064,0,2,0,2,0,0,0,0,0,0,5406,0,3510,1896,0
3346,50574,18.276000,17.881673,17.905500,0.000000,0.000250,0.000000,0.000000,0.041375,0.015375,0.964918,2161,8107069,137395,0,2,0,2,0,0,0,0,0,0,7208,0,4680,2528,0
3347,50575,18.326500,17.963698,18.004575,0.000000,0.000333,0.000000,0.000000,0.042167,0.011042,0.985708,2125,8107293,139103,0,2,0,2,0,0,0,0,0,0,5406,0,3510,1896,0
3348,50576,18.358125,17.961631,18.011093,0.000000,0.000249,0.000000,0.000000,0.042459,0.012666,1.222250,2177,8107430,139023,0,2,0,2,0,0,0,0,0,0,5406,0,3510,1896,0
3349,50577,18.243792,17.872453,17.911676,0.000000,0.000250,0.000000,0.000000,0.041708,0.018667,0.607250,2110,8107030,135372,0,2,0,2,0,0,0,0,0,0,7208,0,4680,2528,0
3350,50578,18.123333,17.744449,17.791754,0.000000,0.000291,0.000000,0.000000,0.043334,0.010500,0.902333,2078,8107062,136506,0,2,0,2,0,0,0,0,0,0,5406,0,3510,1896,0
3351,50579,18.269667,17.892924,17.935333,0.000000,0.000333,0.000000,0.000000,0.043375,0.010417,1.227667,2131,8107234,138659,0,2,0,2,0,0,0,0,0,0,5406,0,3510,1896,0
3352,50580,17.990500,17.613363,17.658235,0.000000,0.000209,0.000000,0.000000,0.045167,0.010500,0.609667,2101,8107093,134665,0,2,0,2,0,0,0,0,0,0,7208,0,4680,2528,0
3353,50581,18.503500,18.130517,18.145898,0.000000,0.000584,0.000000,0.000000,0.056958,0.014417,1.039166,2072,8107362,137361,0,2,0,2,0,0,0,0,0,0,5406,0,3510,1896,0
3354,50582,18.366375,17.972517,18.026218,0.000000,0.000250,0.000000,0.000000,0.057167,0.015208,1.222250,2143,8107113,135970,0,2,0,2,0,0,0,0,0,0,5406,0,3510,1896,0
3355,50583,18.279458,17.911128,17.952954,0.000000,0.000249,0.000000,0.000000,0.043125,0.011375,1.218291,2100,8107041,135982,0,2,0,2,0,0,0,0,0,0,7208,0,4680,2528,0
3356,50584,17.966209,17.594328,17.637359,0.000000,0.000376,0.000000,0.000000,0.041208,0.010125,0.444792,2076,8107464,136842,0,2,0,2,0,0,0,0,0,0,5406,0,3510,1896,0
3357,50585,19.024875,18.640955,18.675648,0.000000,0.000332,0.000000,0.000000,0.071583,0.018958,0.942124,2128,8107093,134690,0,2,0,2,0,0,0,0,0,0,5406,0,3510,1896,0
3358,50586,18.714833,18.335211,18.373512,0.000000,0.000333,0.000000,0.000000,0.050042,0.012291,1.233750,2095,8106933,140763,0,2,0,2,0,0,0,0,0,0,7367,0,4680,2687,0
3359,50587,20.602375,20.218499,20.248393,0.000000,0.000459,0.000000,0.000000,0.052167,0.019208,1.256750,2052,8107252,142882,0,2,0,2,0,0,0,0,0,0,5406,0,3510,1896,0
3360,50588,19.748667,19.352507,19.259746,0.000000,0.000710,0.000000,0.000000,0.062041,0.020334,0.932874,2118,8107274,136783,0,2,0,2,0,0,0,0,0,0,5406,0,3510,1896,0
3361,50589,19.155250,18.771596,18.757208,0.000000,0.000416,0.000000,0.000000,0.050875,0.015250,0.605875,2079,8107232,135047,0,2,0,2,0,0,0,0,0,0,7208,0,4680,2528,0
3362,50590,19.251958,18.861759,18.901871,0.000000,0.000168,0.000000,0.000000,0.057208,0.013084,0.765874,2063,8107244,138005,0,2,0,2,0,0,0,0,0,0,5406,0,3510,1896,0
3363,50591,18.965208,18.584235,18.604091,0.000000,0.000333,0.000000,0.000000,0.051834,0.010833,0.964042,2116,8107073,137395,0,2,0,2,0,0,0,0,0,0,5406,0,3510,1896,0
3364,50592,18.919959,18.529819,18.571355,0.000000,0.000416,0.000000,0.000000,0.056791,0.019417,1.234042,2075,8107046,133890,0,2,0,2,0,0,0,0,0,0,7208,0,4680,2528,0
3365,50593,18.764458,18.374061,18.397289,0.000000,0.000499,0.000000,0.000000,0.047917,0.015458,0.300875,2066,8107193,138319,0,2,0,2,0,0,0,0,0,0,5863,0,3510,2353,0
3366,50594,19.613500,19.227813,19.272675,0.000000,0.000500,0.000000,0.000000,0.067750,0.012417,1.311167,2075,8107200,142433,0,2,0,2,0,0,0,0,0,0,5406,0,3510,1896,0
3367,50595,19.012333,18.635582,18.633801,0.000000,0.000374,0.000000,0.000000,0.048292,0.013000,0.964750,2077,8107075,137272,0,2,0,2,0,0,0,0,0,0,7208,0,4680,2528,0
3368,50596,18.947625,18.577213,18.609295,0.000000,0.000500,0.000000,0.000000,0.060250,0.018417,1.286458,2048,8107216,138277,0,2,0,2,0,0,0,0,0,0,5406,0,3510,1896,0
3369,50597,19.189042,18.785572,18.782116,0.000000,0.000376,0.000000,0.000000,0.054542,0.013750,1.299042,2119,8107250,138207,0,2,0,2,0,0,0,0,0,0,5406,0,3510,1896,0
3370,50598,19.257542,18.873570,18.904414,0.000000,0.000376,0.000000,0.000000,0.062958,0.042875,0.660084,2081,8107098,135946,0,2,0,2,0,0,0,0,0,0,7208,0,4680,2528,0
3371,50599,19.138875,18.770623,18.780825,0.000000,0.000292,0.000000,0.000000,0.047666,0.013375,1.306583,2056,8107216,138671,0,2,0,2,0,0,0,0,0,0,5406,0,3510,1896,0
3372,50600,18.975833,18.576193,18.596546,0.000000,0.000584,0.000000,0.000000,0.051917,0.017541,1.303334,2116,8107256,137240,0,2,0,2,0,0,0,0,0,0,5406,0,3510,1896,0
3373,50601,18.906625,18.517662,18.536915,0.000000,0.000418,0.000000,0.000000,0.068083,0.013459,1.292832,2091,8107050,135544,0,2,0,2,0,0,0,0,0,0,7208,0,4680,2528,0
3374,50602,18.975208,18.593413,18.603894,0.000000,0.000291,0.000000,0.000000,0.059375,0.013417,1.291708,2060,8107251,137670,0,2,0,2,0,0,0,0,0,0,5406,0,3510,1896,0
3375,50603,19.054542,18.662213,18.691582,0.000000,0.000333,0.000000,0.000000,0.068750,0.014917,0.650750,2131,8107276,138128,0,2,0,2,0,0,0,0,0,0,5406,0,3510,1896,0
3376,50604,19.119375,18.748975,18.774711,0.000000,0.000458,0.000000,0.000000,0.057167,0.032333,1.251500,2075,8107041,135399,0,2,0,2,0,0,0,0,0,0,7208,0,4680,2528,0
3377,50605,19.229917,18.854454,18.850436,0.000000,0.000540,0.000000,0.000000,0.051000,0.014083,1.259916,2065,8107224,137497,0,2,0,2,0,0,0,0,0,0,5406,0,3510,1896,0
3378,50606,18.977916,18.585343,18.597472,0.000000,0.000290,0.000000,0.000000,0.044459,0.013458,1.056124,2120,8107322,137077,0,2,0,2,0,0,0,0,0,0,5406,0,3510,1896,0
3379,50607,19.074792,18.686197,18.719514,0.000000,0.000541,0.000000,0.000000,0.057792,0.014250,1.253125,2091,8106952,137138,0,2,0,2,0,0,0,0,0,0,7208,0,4680,2528,0
3380,50608,19.125333,18.746503,18.761846,0.000000,0.000374,0.000000,0.000000,0.052792,0.014458,0.638667,2061,8107284,138209,0,2,0,2,0,0,0,0,0,0,5406,0,3510,1896,0
3381,50609,19.025750,18.641873,18.665102,0.000000,0.000791,0.000000,0.000000,0.065334,0.015375,0.924708,2141,8107261,137092,0,2,0,2,0,0,0,0,0,0,5406,0,3510,1896,0
3382,50610,18.383500,17.999930,18.025034,0.000000,0.000459,0.000000,0.000000,0.056375,0.016584,0.957541,2089,8106922,139526,0,2,0,2,0,0,0,0,0,0,7465,0,4680,2785,0
3383,50611,20.341792,19.955366,19.990613,0.000000,0.000375,0.000000,0.000000,0.063333,0.014334,1.279418,2115,8107176,143860,0,2,0,2,0,0,0,0,0,0,5565,0,3510,2055,0
3384,50612,20.715125,20.316526,20.350235,0.000000,0.000543,0.000000,0.000000,0.050458,0.063250,1.260334,2178,8107269,147294,0,2,0,2,0,0,0,0,0,0,5406,0,3510,1896,0
3385,50613,19.592333,19.178436,19.202873,0.000000,0.000417,0.000000,0.000000,0.056625,0.030000,1.286125,2179,8107080,135358,0,2,0,2,0,0,0,0,0,0,7208,0,4680,2528,0
3386,50614,18.545250,18.170953,18.189358,0.000000,0.000333,0.000000,0.000000,0.062250,0.022042,0.611083,2037,8107211,130439,0,2,0,2,0,0,0,0,0,0,5406,0,3510,1896,0
3387,50615,19.642542,19.243162,19.256326,0.000000,0.000375,0.000000,0.000000,0.048833,0.021917,1.256916,2136,8107239,139965,0,2,0,2,0,0,0,0,0,0,5406,0,3510,1896,0
3388,50616,19.488375,19.098701,19.130224,0.000000,0.000375,0.000000,0.000000,0.060292,0.013875,1.315291,2151,8107159,138711,0,2,0,2,0,0,0,0,0,0,7208,0,4680,2528,0
3389,50617,19.163125,18.781744,18.817746,0.000000,0.000249,0.000000,0.000000,0.058875,0.014208,1.230833,2121,8107379,137702,0,2,0,2,0,0,0,0,0,0,5406,0,3510,1896,0
3390,50618,19.436833,19.045443,19.031711,0.000000,0.000417,0.000000,0.000000,0.052625,0.012917,1.270791,2130,8107120,137319,0,2,0,2,0,0,0,0,0,0,6139,0,3731,2408,0
3391,50619,19.377084,18.979574,19.021294,0.000000,0.000252,0.000000,0.000000,0.057333,0.013792,0.610333,2127,8107004,139217,0,2,0,2,0,0,0,0,0,0,6475,0,4459,2016,0
3392,50620,18.950000,18.570902,18.612406,0.000000,0.000375,0.000000,0.000000,0.059791,0.016542,0.898167,2051,8107342,134509,0,2,0,2,0,0,0,0,0,0,5406,0,3510,1896,0
3393,50621,18.793208,18.409796,18.457477,0.000000,0.000458,0.000000,0.000000,0.066083,0.013875,0.960167,2078,8107233,134457,0,2,0,2,0,0,0,0,0,0,7124,0,4596,2528,0
3394,50622,19.230125,18.852537,18.889761,0.000000,0.000292,0.000000,0.000000,0.067875,0.041792,1.277500,2072,8107149,138076,0,2,0,2,0,0,0,0,0,0,5490,0,3594,1896,0
3395,50623,18.810708,18.435350,18.456766,0.000000,0.000417,0.000000,0.000000,0.051709,0.045041,0.660250,2055,8107047,135311,0,2,0,2,0,0,0,0,0,0,5406,0,3510,1896,0
3396,50624,18.957625,18.573141,18.594122,0.000000,0.000292,0.000000,0.000000,0.053209,0.012916,1.265250,2079,8107065,134100,0,2,0,2,0,0,0,0,0,0,7208,0,4680,2528,0
3397,50625,18.967959,18.592372,18.627755,0.000000,0.000375,0.000000,0.000000,0.055708,0.014083,0.943750,2078,8107239,137315,0,2,0,2,0,0,0,0,0,0,5406,0,3510,1896,0
3398,50626,18.516291,18.144212,18.182336,0.000000,0.000249,0.000000,0.000000,0.047792,0.013542,1.216958,2051,8107253,134881,0,2,0,2,0,0,0,0,0,0,5406,0,3510,1896,0
3399,50627,19.089292,18.711748,18.738748,0.000000,0.000335,0.000000,0.000000,0.062208,0.013584,1.253416,2084,8107274,135113,0,2,0,2,0,0,0,0,0,0,7208,0,4680,2528,0
3400,50628,18.896292,18.507893,18.550722,0.000000,0.000333,0.000000,0.000000,0.055541,0.013959,0.624417,2075,8107053,136212,0,2,0,2,0,0,0,0,0,0,5406,0,3510,1896,0
3401,50629,18.479583,18.098038,18.125505,0.000000,0.000417,0.000000,0.000000,0.047875,0.012125,0.937583,2088,8107290,140902,0,2,0,2,0,0,0,0,0,0,5565,0,3510,2055,0
3402,50630,19.611167,19.235865,19.273639,0.000000,0.000500,0.000000,0.000000,0.051000,0.014416,1.261250,2086,8106968,140093,0,2,0,2,0,0,0,0,0,0,7208,0,4680,2528,0
3403,50631,19.148125,18.767184,18.784476,0.000000,0.000334,0.000000,0.000000,0.051625,0.012875,0.902792,2074,8107208,140025,0,2,0,2,0,0,0,0,0,0,5406,0,3510,1896,0
3404,50632,18.476833,18.099355,18.130417,0.000000,0.000374,0.000000,0.000000,0.047708,0.012500,0.464250,2073,8107277,135782,0,2,0,2,0,0,0,0,0,0,5406,0,3510,1896,0
3405,50633,18.751292,18.370031,18.408255,0.000000,0.000209,0.000000,0.000000,0.050208,0.013917,0.906374,2104,8106765,136578,0,2,0,2,0,0,0,0,0,0,9249,0,4680,4569,0
3406,50634,19.162500,18.780881,18.773658,0.000000,0.000333,0.000000,0.000000,0.052166,0.039959,0.803250,2083,8107355,137754,0,2,0,2,0,0,0,0,0,0,5406,0,3510,1896,0
3407,50635,18.690666,18.305585,18.311504,0.000000,0.000332,0.000000,0.000000,0.052834,0.011833,0.581083,2109,8107134,136323,0,2,0,2,0,0,0,0,0,0,5406,0,3510,1896,0
3408,50636,18.144292,17.769473,17.799140,0.000000,0.000292,0.000000,0.000000,0.047208,0.013459,0.664583,2077,8106982,135288,0,2,0,2,0,0,0,0,0,0,7665,0,4680,2985,0
3409,50637,20.273542,19.887425,19.907821,0.000000,0.000333,0.000000,0.000000,0.066041,0.018667,1.126959,2091,8107114,146111,0,2,0,2,0,0,0,0,0,0,5406,0,3510,1896,0
3410,50638,19.160541,18.781825,18.811031,0.000000,0.000374,0.000000,0.000000,0.057167,0.031542,1.267459,2101,8107337,136321,0,2,0,2,0,0,0,0,0,0,5406,0,3510,1896,0
3411,50639,18.729500,18.348214,18.371178,0.000000,0.000250,0.000000,0.000000,0.048334,0.017291,1.344750,2067,8106974,135455,0,2,0,2,0,0,0,0,0,0,7208,0,4680,2528,0
3412,50640,18.873500,18.494138,18.520427,0.000000,0.000375,0.000000,0.000000,0.068042,0.013833,1.288291,2048,8107262,138264,0,2,0,2,0,0,0,0,0,0,5406,0,3510,1896,0
3413,50641,20.223750,19.823132,19.768245,0.000000,0.000417,0.000000,0.000000,0.056375,0.039584,1.007792,2114,8107248,136372,0,2,0,2,0,0,0,0,0,0,5406,0,3510,1896,0
3414,50642,18.828000,18.452502,18.397689,0.000000,0.000459,0.000000,0.000000,0.051125,0.014834,0.674541,2041,8107069,132792,0,2,0,2,0,0,0,0,0,0,7208,0,4680,2528,0
3415,50643,19.143375,18.767826,18.787735,0.000000,0.000457,0.000000,0.000000,0.051459,0.020458,0.784083,2076,8107259,138957,0,2,0,2,0,0,0,0,0,0,5406,0,3510,1896,0
3416,50644,18.449792,18.069039,18.045793,0.000000,0.000293,0.000000,0.000000,0.049333,0.019084,1.162375,2099,8107236,135447,0,2,0,2,0,0,0,0,0,0,5406,0,3510,1896,0
3417,50645,18.418167,18.045638,18.063587,0.000000,0.000334,0.000000,0.000000,0.053041,0.012292,1.299208,2037,8107083,133332,0,2,0,2,0,0,0,0,0,0,7208,0,4680,2528,0
3418,50646,18.913625,18.536643,18.581103,0.000000,0.000543,0.000000,0.000000,0.060416,0.014459,0.631792,2056,8107220,137525,0,2,0,2,0,0,0,0,0,0,5406,0,3510,1896,0
3419,50647,19.253083,18.859290,18.842828,0.000000,0.000334,0.000000,0.000000,0.061708,0.024584,0.938917,2127,8107263,136969,0,2,0,2,0,0,0,0,0,0,5406,0,3510,1896,0
3420,50648,18.750583,18.378252,18.392068,0.000000,0.000375,0.000000,0.000000,0.053125,0.019292,1.317417,2041,8107282,133113,0,2,0,2,0,0,0,0,0,0,7208,0,4680,2528,0
3421,50649,18.907917,18.521837,18.543228,0.000000,0.000460,0.000000,0.000000,0.059458,0.018459,1.246501,2078,8107042,137977,0,2,0,2,0,0,0,0,0,0,5406,0,3510,1896,0
3422,50650,18.806042,18.423851,18.423102,0.000000,0.000290,0.000000,0.000000,0.057541,0.015084,0.647916,2102,8107527,135259,0,2,0,2,0,0,0,0,0,0,5406,0,3510,1896,0
3423,50651,18.881333,18.482665,18.517835,0.000000,0.000332,0.000000,0.000000,0.049917,0.019625,1.099624,2085,8106868,135763,0,2,0,2,0,0,0,0,0,0,7208,0,4680,2528,0
3424,50652,19.193958,18.816321,18.838425,0.000000,0.000499,0.000000,0.000000,0.071125,0.041500,0.932084,2084,8107294,137894,0,2,0,2,0,0,0,0,0,0,5406,0,3510,1896,0
3425,50653,18.719625,18.336932,18.345907,0.000000,0.000250,0.000000,0.000000,0.061334,0.045416,1.241875,2099,8107114,135663,0,2,0,2,0,0,0,0,0,0,5406,0,3510,1896,0
3426,50654,18.619292,18.239658,18.231854,0.000000,0.000293,0.000000,0.000000,0.048333,0.012209,1.297166,2073,8107041,133365,0,2,0,2,0,0,0,0,0,0,7208,0,4680,2528,0
3427,50655,19.056917,18.674405,18.718806,0.000000,0.000333,0.000000,0.000000,0.056291,0.022834,0.642625,2076,8107255,139595,0,2,0,2,0,0,0,0,0,0,5406,0,3510,1896,0
3428,50656,18.822083,18.423059,18.452946,0.000000,0.000209,0.000000,0.000000,0.052167,0.016666,0.946208,2116,8107256,135923,0,2,0,2,0,0,0,0,0,0,5406,0,3510,1896,0
3429,50657,18.609833,18.244741,18.280187,0.000000,0.000374,0.000000,0.000000,0.056709,0.048916,1.350542,2050,8107296,133288,0,2,0,2,0,0,0,0,0,0,7208,0,4680,2528,0
3430,50658,19.270542,18.884720,18.900058,0.000000,0.000374,0.000000,0.000000,0.055333,0.029084,1.289999,2068,8107008,138042,0,2,0,2,0,0,0,0,0,0,5406,0,3510,1896,0
3431,50659,19.571208,19.183862,19.182254,0.000000,0.000416,0.000000,0.000000,0.060542,0.014708,0.302417,2121,8107262,136820,0,2,0,2,0,0,0,0,0,0,5406,0,3510,1896,0
3432,50660,18.653417,18.265844,18.247729,0.000000,0.000291,0.000000,0.000000,0.055458,0.014959,1.120625,2063,8107045,134101,0,2,0,2,0,0,0,0,0,0,7208,0,4680,2528,0
3433,50661,19.192167,18.812534,18.839558,0.000000,0.000416,0.000000,0.000000,0.061541,0.013000,0.956875,2088,8107283,138866,0,2,0,2,0,0,0,0,0,0,5406,0,3510,1896,0
3434,50662,18.334541,17.950304,17.983039,0.000000,0.000374,0.000000,0.000000,0.046584,0.012208,1.273417,2125,8107359,137198,0,2,0,2,0,0,0,0,0,0,5663,0,3510,2153,0
3435,50663,20.115084,19.732569,19.741633,0.000000,0.000500,0.000000,0.000000,0.056750,0.015250,1.305209,2084,8106803,142939,0,2,0,2,0,0,0,0,0,0,7208,0,4680,2528,0
3436,50664,18.896041,18.521575,18.556377,0.000000,0.000374,0.000000,0.000000,0.051084,0.012833,0.610667,2079,8107444,137313,0,2,0,2,0,0,0,0,0,0,5565,0,3510,2055,0
3437,50665,20.396459,19.995067,20.040280,0.000000,0.000333,0.000000,0.000000,0.058833,0.022208,0.908291,2195,8107004,144244,0,2,0,2,0,0,0,0,0,0,5406,0,3510,1896,0
3438,50666,19.329000,18.937652,18.970094,0.000000,0.000334,0.000000,0.000000,0.054458,0.020125,1.259084,2150,8107049,133940,0,2,0,2,0,0,0,0,0,0,7208,0,4680,2528,0
3439,50667,18.557416,18.181463,18.196015,0.000000,0.000335,0.000000,0.000000,0.048750,0.017375,1.315375,2057,8107254,132911,0,2,0,2,0,0,0,0,0,0,5406,0,3510,1896,0
3440,50668,19.218959,18.821314,18.860284,0.000000,0.000248,0.000000,0.000000,0.047916,0.021750,1.254000,2159,8107253,137924,0,2,0,2,0,0,0,0,0,0,5406,0,3510,1896,0
3441,50669,18.936666,18.537639,18.556182,0.000000,0.000501,0.000000,0.000000,0.043500,0.013084,0.607541,2164,8107079,139465,0,2,0,2,0,0,0,0,0,0,7456,0,4680,2776,0
3442,50670,20.220834,19.820279,19.754072,0.000000,0.000459,0.000000,0.000000,0.055375,0.014166,1.080708,2186,8107163,142457,0,2,0,2,0,0,0,0,0,0,5406,0,3510,1896,0
3443,50671,19.087583,18.700365,18.732148,0.000000,0.000334,0.000000,0.000000,0.062500,0.016500,0.961084,2129,8107262,138861,0,2,0,2,0,0,0,0,0,0,6562,0,3967,2595,0
3444,50672,21.205583,20.791890,20.821403,0.000000,0.000332,0.000000,0.000000,0.060584,0.043166,0.952000,2212,8106983,144773,0,2,0,2,0,0,0,0,0,0,6239,0,4223,2016,0
3445,50673,19.631959,19.223992,19.215803,0.000000,0.000290,0.000000,0.000000,0.067458,0.023208,1.332376,2178,8107232,134517,0,2,0,2,0,0,0,0,0,0,5406,0,3510,1896,0
3446,50674,19.686500,19.285784,19.271110,0.000000,0.000501,0.000000,0.000000,0.051541,0.036500,1.065667,2159,8107127,131791,0,2,0,2,0,0,0,0,0,0,7184,0,4656,2528,0
3447,50675,19.312875,18.922204,18.926605,0.000000,0.000375,0.000000,0.000000,0.060291,0.014459,1.023625,2133,8107173,136741,0,2,0,2,0,0,0,0,0,0,5430,0,3534,1896,0
3448,50676,19.147000,18.745022,18.774822,0.000000,0.000375,0.000000,0.000000,0.057250,0.011541,0.611583,2149,8107468,137675,0,2,0,2,0,0,0,0,0,0,5406,0,3510,1896,0
3449,50677,18.883041,18.487044,18.522463,0.000000,0.000332,0.000000,0.000000,0.052750,0.012542,0.954500,2141,8106857,135974,0,2,0,2,0,0,0,0,0,0,7208,0,4680,2528,0
3450,50678,19.166834,18.773237,18.791974,0.000000,0.000499,0.000000,0.000000,0.053500,0.013916,1.338709,2139,8107247,139076,0,2,0,2,0,0,0,0,0,0,5406,0,3510,1896,0
3451,50679,19.318166,18.921402,18.953577,0.000000,0.000376,0.000000,0.000000,0.055000,0.016459,1.310667,2146,8107247,138474,0,2,0,2,0,0,0,0,0,0,5406,0,3510,1896,0
3452,50680,18.425917,18.055465,18.085086,0.000000,0.000374,0.000000,0.000000,0.050417,0.013541,0.665458,2045,8107053,131817,0,2,0,2,0,0,0,0,0,0,7208,0,4680,2528,0
3453,50681,19.017250,18.635905,18.675451,0.000000,0.000250,0.000000,0.000000,0.048750,0.012333,1.274000,2096,8107272,137936,0,2,0,2,0,0,0,0,0,0,5406,0,3510,1896,0
3454,50682,18.319000,17.943442,17.991973,0.000000,0.000248,0.000000,0.000000,0.047875,0.013250,0.937208,2046,8107244,134313,0,2,0,2,0,0,0,0,0,0,5406,0,3510,1896,0
3455,50683,18.760250,18.375393,18.410339,0.000000,0.000376,0.000000,0.000000,0.048250,0.013708,1.275167,2075,8107039,134246,0,2,0,2,0,0,0,0,0,0,7208,0,4680,2528,0
3456,50684,18.682917,18.303110,18.335522,0.000000,0.000376,0.000000,0.000000,0.044333,0.012458,0.652083,2100,8107259,137013,0,2,0,2,0,0,0,0,0,0,5406,0,3510,1896,0
3457,50685,18.904583,18.510252,18.544772,0.000000,0.000417,0.000000,0.000000,0.053667,0.020375,1.305500,2053,8107269,134357,0,2,0,2,0,0,0,0,0,0,5406,0,3510,1896,0
3458,50686,19.301292,18.922636,18.884860,0.000000,0.000499,0.000000,0.000000,0.062125,0.026041,1.315750,2045,8107069,132660,0,2,0,2,0,0,0,0,0,0,7208,0,4680,2528,0
3459,50687,19.259166,18.868938,18.907413,0.000000,0.000417,0.000000,0.000000,0.050250,0.014292,1.323583,2118,8107241,138508,0,2,0,2,0,0,0,0,0,0,5406,0,3510,1896,0
3460,50688,18.672125,18.290829,18.314207,0.000000,0.000374,0.000000,0.000000,0.051750,0.020667,1.314708,2054,8107244,134319,0,2,0,2,0,0,0,0,0,0,5406,0,3510,1896,0
3461,50689,18.433167,18.075867,18.095688,0.000000,0.000542,0.000000,0.000000,0.047917,0.018208,0.609708,2022,8107149,130876,0,2,0,2,0,0,0,0,0,0,7208,0,4680,2528,0
3462,50690,18.857667,18.476185,18.508316,0.000000,0.000375,0.000000,0.000000,0.050166,0.014834,0.932500,2053,8107151,135181,0,2,0,2,0,0,0,0,0,0,5406,0,3510,1896,0
3463,50691,18.814333,18.429871,18.457252,0.000000,0.000374,0.000000,0.000000,0.053208,0.012500,1.279250,2099,8107279,136021,0,2,0,2,0,0,0,0,0,0,5406,0,3510,1896,0
3464,50692,17.971167,17.595803,17.614938,0.000000,0.000417,0.000000,0.000000,0.039541,0.012417,1.261334,2075,8106947,136621,0,2,0,2,0,0,0,0,0,0,7367,0,4680,2687,0
3465,50693,20.982291,20.581673,20.468445,0.000000,0.000417,0.000000,0.000000,0.057167,0.016917,1.293625,2058,8107321,141722,0,2,0,2,0,0,0,0,0,0,5406,0,3510,1896,0
3466,50694,19.269125,18.889807,18.884726,0.000000,0.000374,0.000000,0.000000,0.054834,0.019416,0.307542,2119,8107220,137483,0,2,0,2,0,0,0,0,0,0,5406,0,3510,1896,0
3467,50695,18.348792,17.975909,18.000578,0.000000,0.000458,0.000000,0.000000,0.055042,0.019416,0.939292,2065,8107037,133106,0,2,0,2,0,0,0,0,0,0,7208,0,4680,2528,0
3468,50696,18.852667,18.477554,18.506796,0.000000,0.000375,0.000000,0.000000,0.045416,0.025167,0.944041,2054,8107265,137592,0,2,0,2,0,0,0,0,0,0,5406,0,3510,1896,0
3469,50697,17.879041,17.505862,17.529786,0.000000,0.000501,0.000000,0.000000,0.041167,0.011583,1.268666,2096,8107273,134589,0,2,0,2,0,0,0,0,0,0,5863,0,3510,2353,0
3470,50698,19.252042,18.869322,18.842382,0.000000,0.000460,0.000000,0.000000,0.047542,0.021125,0.616542,2071,8106913,143647,0,2,0,2,0,0,0,0,0,0,7465,0,4680,2785,0
3471,50699,19.718750,19.338269,19.374768,0.000000,0.000459,0.000000,0.000000,0.049333,0.019709,0.945458,2060,8106992,146670,0,2,0,2,0,0,0,0,0,0,5557,0,3510,2047,0
3472,50700,20.428667,20.000300,20.034176,0.000000,0.000292,0.000000,0.000000,0.057375,0.033916,0.641334,2269,8107282,145237,0,2,0,2,0,0,0,0,0,0,5406,0,3510,1896,0
3473,50701,18.930166,18.542426,18.555168,0.000000,0.000583,0.000000,0.000000,0.054334,0.024333,1.320875,2122,8107008,131259,0,2,0,2,0,0,0,0,0,0,7208,0,4680,2528,0
3474,50702,18.566750,18.193531,18.201724,0.000000,0.000207,0.000000,0.000000,0.052792,0.017000,1.336458,2046,8107256,131551,0,2,0,2,0,0,0,0,0,0,5406,0,3510,1896,0
3475,50703,19.514000,19.113141,19.142671,0.000000,0.000376,0.000000,0.000000,0.050584,0.012500,0.608875,2197,8107375,140139,0,2,0,2,0,0,0,0,0,0,5406,0,3510,1896,0
3476,50704,22.651125,22.204592,21.560178,0.000000,0.000792,0.000000,0.000000,0.085125,0.021959,1.044541,2144,8106945,135021,0,2,0,2,0,0,0,0,0,0,7208,0,4680,2528,0
3477,50705,24.381209,23.951624,22.963974,0.000000,0.000749,0.000000,0.000000,0.085000,0.015958,0.977168,2121,8107300,138517,0,2,0,2,0,0,0,0,0,0,5406,0,3510,1896,0
3478,50706,22.294083,21.841113,21.511119,0.000000,0.000709,0.000000,0.000000,0.096792,0.034333,0.993042,2150,8107206,136151,0,2,0,2,0,0,0,0,0,0,5406,0,3510,1896,0
3479,50707,20.372625,19.978495,19.985497,0.000000,0.000793,0.000000,0.000000,0.081750,0.040750,1.318875,2110,8107041,136436,0,2,0,2,0,0,0,0,0,0,7208,0,4680,2528,0
3480,50708,20.713083,20.312662,20.197728,0.000000,0.000541,0.000000,0.000000,0.082042,0.038708,0.943500,2069,8107266,136754,0,2,0,2,0,0,0,0,0,0,5406,0,3510,1896,0
3481,50709,20.940084,20.543946,20.401820,0.000000,0.000750,0.000000,0.000000,0.073791,0.033084,0.971333,2106,8107270,134174,0,2,0,2,0,0,0,0,0,0,5406,0,3510,1896,0
3482,50710,20.761791,20.302890,20.258202,0.000000,0.000668,0.000000,0.000000,0.113084,0.030208,1.311916,2073,8107285,133265,0,2,0,2,0,0,0,0,0,0,7208,0,4680,2528,0
3483,50711,22.916125,22.536467,22.040441,0.000000,0.001208,0.000000,0.000000,0.093542,0.037708,0.922916,2100,8107118,138787,0,2,0,2,0,0,0,0,0,0,5406,0,3510,1896,0
3484,50712,21.363125,20.926996,20.638585,0.000000,0.000750,0.000000,0.000000,0.101084,0.024708,0.697999,2110,8107175,134664,0,2,0,2,0,0,0,0,0,0,5406,0,3510,1896,0
3485,50713,19.363834,19.012934,18.986184,0.000000,0.000458,0.000000,0.000000,0.054333,0.024625,0.662208,2058,8107067,132066,0,2,0,2,0,0,0,0,0,0,7208,0,4680,2528,0
3486,50714,19.954833,19.560461,19.510778,0.000000,0.000501,0.000000,0.000000,0.062667,0.028666,0.741209,2068,8107218,137158,0,2,0,2,0,0,0,0,0,0,5406,0,3510,1896,0
3487,50715,20.136125,19.721927,19.663042,0.000000,0.000418,0.000000,0.000000,0.072292,0.014291,0.347375,2140,8107252,135698,0,2,0,2,0,0,0,0,0,0,5406,0,3510,1896,0
3488,50716,19.656000,19.254679,19.268572,0.000000,0.000374,0.000000,0.000000,0.056750,0.047292,0.779709,2069,8107329,132814,0,2,0,2,0,0,0,0,0,0,7208,0,4680,2528,0
3489,50717,19.201125,18.810334,18.781998,0.000000,0.000458,0.000000,0.000000,0.046750,0.035167,1.043750,2070,8106923,139360,0,2,0,2,0,0,0,0,0,0,5565,0,3510,2055,0
3490,50718,19.623500,19.244931,19.253302,0.000000,0.000541,0.000000,0.000000,0.049042,0.042791,1.316876,2064,8107308,138627,0,2,0,2,0,0,0,0,0,0,5406,0,3510,1896,0
3491,50719,19.646708,19.261415,19.262495,0.000000,0.000500,0.000000,0.000000,0.062000,0.021000,1.315209,2077,8107229,139724,0,2,0,2,0,0,0,0,0,0,7208,0,4680,2528,0
3492,50720,18.514084,18.133466,18.159639,0.000000,0.000250,0.000000,0.000000,0.066166,0.015625,0.652541,2048,8107113,135281,0,2,0,2,0,0,0,0,0,0,5406,0,3510,1896,0
3493,50721,19.231291,18.848141,18.799873,0.000000,0.000294,0.000000,0.000000,0.062667,0.046458,0.962709,2113,8107178,135591,0,2,0,2,0,0,0,0,0,0,5406,0,3510,1896,0
3494,50722,18.995042,18.612441,18.584083,0.000000,0.000373,0.000000,0.000000,0.060500,0.014958,1.271209,2077,8107076,135811,0,2,0,2,0,0,0,0,0,0,7208,0,4680,2528,0
3495,50723,18.976625,18.593743,18.630829,0.000000,0.000374,0.000000,0.000000,0.057208,0.016084,0.854958,2085,8107224,136053,0,2,0,2,0,0,0,0,0,0,5406,0,3510,1896,0
3496,50724,17.844750,17.471713,17.484249,0.000000,0.000292,0.000000,0.000000,0.043167,0.012333,0.700333,2072,8107069,133634,0,2,0,2,0,0,0,0,0,0,7034,0,4169,2865,0
3497,50725,20.615792,20.230901,20.216692,0.000000,0.000499,0.000000,0.000000,0.057166,0.015292,0.307833,2064,8107110,142599,0,2,0,2,0,0,0,0,0,0,6037,0,4021,2016,0
3498,50726,20.195000,19.804671,19.838762,0.000000,0.000960,0.000000,0.000000,0.096958,0.020292,0.791541,2054,8107355,136146,0,2,0,2,0,0,0,0,0,0,5406,0,3510,1896,0
3499,50727,23.568291,23.133846,22.477243,0.000000,0.001166,0.000000,0.000000,0.076250,0.015792,0.904791,2064,8107065,135794,0,2,0,2,0,0,0,0,0,0,7208,0,4680,2528,0
3500,50728,18.716375,18.344632,18.388019,0.000000,0.000374,0.000000,0.000000,0.050959,0.013708,0.606000,2061,8107194,138267,0,2,0,2,0,0,0,0,0,0,5406,0,3510,1896,0
3501,50729,18.323500,17.956549,17.975543,0.000000,0.000501,0.000000,0.000000,0.055917,0.013917,0.912500,2070,8107178,137304,0,2,0,2,0,0,0,0,0,0,5406,0,3510,1896,0
3502,50730,18.371042,17.998823,18.024544,0.000000,0.000459,0.000000,0.000000,0.048542,0.018416,1.223750,2049,8107062,133062,0,2,0,2,0,0,0,0,0,0,7208,0,4680,2528,0
3503,50731,18.109333,17.738432,17.777569,0.000000,0.000418,0.000000,0.000000,0.042459,0.011541,0.611542,2083,8107278,139238,0,2,0,2,0,0,0,0,0,0,5406,0,3510,1896,0
3504,50732,17.599667,17.229248,17.271600,0.000000,0.000251,0.000000,0.000000,0.043125,0.012417,1.134417,2065,8107226,135674,0,2,0,2,0,0,0,0,0,0,5406,0,3510,1896,0
3505,50733,17.592042,17.226632,17.258672,0.000000,0.000501,0.000000,0.000000,0.052250,0.012250,1.223000,2056,8107066,133779,0,2,0,2,0,0,0,0,0,0,7208,0,4680,2528,0
3506,50734,17.944875,17.569922,17.615396,0.000000,0.000293,0.000000,0.000000,0.045958,0.011083,0.621750,2067,8107231,137405,0,2,0,2,0,0,0,0,0,0,5406,0,3510,1896,0
3507,50735,18.084583,17.713720,17.750817,0.000000,0.000375,0.000000,0.000000,0.070083,0.016917,0.969333,2080,8107262,136915,0,2,0,2,0,0,0,0,0,0,5406,0,3510,1896,0
3508,50736,17.762875,17.402672,17.434146,0.000000,0.000460,0.000000,0.000000,0.043750,0.012792,1.228667,2048,8107045,133291,0,2,0,2,0,0,0,0,0,0,7208,0,4680,2528,0
3509,50737,17.887875,17.521387,17.560756,0.000000,0.000207,0.000000,0.000000,0.044333,0.011667,0.609750,2068,8107271,137573,0,2,0,2,0,0,0,0,0,0,5406,0,3510,1896,0
3510,50738,17.631333,17.267102,17.300655,0.000000,0.000626,0.000000,0.000000,0.038834,0.009041,0.856833,2046,8107263,135257,0,2,0,2,0,0,0,0,0,0,5406,0,3510,1896,0
3511,50739,17.812625,17.447784,17.489954,0.000000,0.000251,0.000000,0.000000,0.040542,0.012292,1.259749,2050,8107225,135275,0,2,0,2,0,0,0,0,0,0,7208,0,4680,2528,0
3512,50740,18.008625,17.635834,17.677959,0.000000,0.000251,0.000000,0.000000,0.052917,0.012042,0.609250,2083,8106739,138329,0,2,0,2,0,0,0,0,0,0,7447,0,3510,3937,0
3513,50741,17.880334,17.491113,17.514952,0.000000,0.000499,0.000000,0.000000,0.050625,0.013041,1.218875,2053,8107274,135367,0,2,0,2,0,0,0,0,0,0,5406,0,3510,1896,0
3514,50742,17.683708,17.317238,17.346915,0.000000,0.000249,0.000000,0.000000,0.041333,0.013459,1.031417,2056,8107082,133552,0,2,0,2,0,0,0,0,0,0,7208,0,4680,2528,0
3515,50743,18.044250,17.672179,17.699317,0.000000,0.000416,0.000000,0.000000,0.041917,0.012000,1.218708,2086,8107194,139538,0,2,0,2,0,0,0,0,0,0,5406,0,3510,1896,0
3516,50744,17.517333,17.133919,17.175818,0.000000,0.000291,0.000000,0.000000,0.056500,0.049292,0.626125,2073,8107255,135314,0,2,0,2,0,0,0,0,0,0,5406,0,3510,1896,0
3517,50745,19.233542,18.831335,18.791143,0.000000,0.000375,0.000000,0.000000,0.084167,0.026791,0.932001,2049,8107232,133527,0,2,0,2,0,0,0,0,0,0,7208,0,4680,2528,0
3518,50746,18.498375,18.162216,18.204051,0.000000,0.000624,0.000000,0.000000,0.046417,0.020583,1.065459,2060,8107089,137485,0,2,0,2,0,0,0,0,0,0,5406,0,3510,1896,0
3519,50747,18.157750,17.785188,17.804871,0.000000,0.000377,0.000000,0.000000,0.053958,0.016584,0.624292,2114,8107281,136853,0,2,0,2,0,0,0,0,0,0,5406,0,3510,1896,0
3520,50748,17.554708,17.190464,17.225747,0.000000,0.000333,0.000000,0.000000,0.048084,0.010416,1.098250,2047,8106997,133581,0,2,0,2,0,0,0,0,0,0,7208,0,4680,2528,0
3521,50749,17.578792,17.210765,17.244093,0.000000,0.000377,0.000000,0.000000,0.045000,0.009917,0.902999,2063,8107190,140568,0,2,0,2,0,0,0,0,0,0,5629,0,3510,2119,0
3522,50750,19.981917,19.604278,18.810905,0.000000,0.000417,0.000000,0.000000,0.051708,0.013833,1.216083,2113,8107303,141410,0,2,0,2,0,0,0,0,0,0,5406,0,3510,1896,0
3523,50751,18.050625,17.680896,17.714191,0.000000,0.000498,0.000000,0.000000,0.046125,0.009791,0.620584,2071,8107072,134602,0,2,0,2,0,0,0,0,0,0,7208,0,4680,2528,0
3524,50752,18.081375,17.713427,17.749632,0.000000,0.000333,0.000000,0.000000,0.056083,0.013292,0.901958,2059,8107257,137282,0,2,0,2,0,0,0,0,0,0,5406,0,3510,1896,0
3525,50753,18.507541,18.130376,18.170134,0.000000,0.000291,0.000000,0.000000,0.051125,0.029459,1.216666,2109,8107184,135741,0,2,0,2,0,0,0,0,0,0,5406,0,3510,1896,0
3526,50754,17.988959,17.621071,17.654920,0.000000,0.000332,0.000000,0.000000,0.041500,0.011583,0.609542,2068,8107045,132959,0,2,0,2,0,0,0,0,0,0,7208,0,4680,2528,0
3527,50755,18.314791,17.946866,17.992536,0.000000,0.000501,0.000000,0.000000,0.047917,0.018458,0.901375,2061,8107259,138505,0,2,0,2,0,0,0,0,0,0,5406,0,3510,1896,0
3528,50756,18.018167,17.639501,17.680970,0.000000,0.000500,0.000000,0.000000,0.040375,0.011458,1.063958,2126,8107264,135752,0,2,0,2,0,0,0,0,0,0,5406,0,3510,1896,0
3529,50757,18.261208,17.890750,17.930713,0.000000,0.000374,0.000000,0.000000,0.051875,0.017959,0.293709,2063,8107039,133347,0,2,0,2,0,0,0,0,0,0,7208,0,4680,2528,0
3530,50758,18.986084,18.600690,18.639938,0.000000,0.000374,0.000000,0.000000,0.060500,0.013083,1.217292,2067,8107256,136755,0,2,0,2,0,0,0,0,0,0,5406,0,3510,1896,0
3531,50759,19.207583,18.826329,18.845075,0.000000,0.000375,0.000000,0.000000,0.065542,0.013250,1.299916,2115,8107258,136148,0,2,0,2,0,0,0,0,0,0,5406,0,3510,1896,0
3532,50760,18.834958,18.463220,18.480750,0.000000,0.000500,0.000000,0.000000,0.059334,0.013875,1.306458,2057,8107196,132319,0,2,0,2,0,0,0,0,0,0,7208,0,4680,2528,0
3533,50761,18.883209,18.510938,18.551847,0.000000,0.000418,0.000000,0.000000,0.061375,0.013458,1.105166,2053,8107057,137731,0,2,0,2,0,0,0,0,0,0,5591,0,3510,2081,0
3534,50762,20.603541,20.208449,20.233270,0.000000,0.000458,0.000000,0.000000,0.053709,0.050958,1.299333,2166,8107242,144103,0,2,0,2,0,0,0,0,0,0,5406,0,3510,1896,0
3535,50763,19.616625,19.218575,19.225754,0.000000,0.000500,0.000000,0.000000,0.061542,0.019792,0.614542,2161,8107045,133474,0,2,0,2,0,0,0,0,0,0,7208,0,4680,2528,0
3536,50764,19.921292,19.510981,19.541966,0.000000,0.000459,0.000000,0.000000,0.070042,0.015208,0.935500,2190,8107520,134974,0,2,0,2,0,0,0,0,0,0,5406,0,3510,1896,0
3537,50765,19.334875,18.929454,18.940955,0.000000,0.000502,0.000000,0.000000,0.063542,0.013000,1.266583,2181,8107029,132986,0,2,0,2,0,0,0,0,0,0,5406,0,3510,1896,0
3538,50766,18.979042,18.593110,18.626042,0.000000,0.000333,0.000000,0.000000,0.053750,0.019625,1.242292,2087,8107009,130730,0,2,0,2,0,0,0,0,0,0,7208,0,4680,2528,0
3539,50767,19.480166,19.080450,19.076198,0.000000,0.000501,0.000000,0.000000,0.066250,0.012917,1.115125,2189,8107270,135565,0,2,0,2,0,0,0,0,0,0,5406,0,3510,1896,0
3540,50768,19.101000,18.643379,18.696622,0.000000,0.000335,0.000000,0.000000,0.113209,0.018666,0.631958,2173,8107262,132092,0,2,0,2,0,0,0,0,0,0,5406,0,3510,1896,0
3541,50769,18.591834,18.269228,18.284460,0.000000,0.000500,0.000000,0.000000,0.049125,0.013583,1.122417,1997,8107071,128975,0,2,0,2,0,0,0,0,0,0,7208,0,4680,2528,0
3542,50770,19.246916,18.868272,18.872034,0.000000,0.004250,0.000000,0.000000,0.053750,0.014334,1.125500,2064,8107280,135617,0,2,0,2,0,0,0,0,0,0,5406,0,3510,1896,0
3543,50771,19.239375,18.852286,18.882535,0.000000,0.000418,0.000000,0.000000,0.059542,0.044583,1.248541,2120,8107254,136191,0,2,0,2,0,0,0,0,0,0,5406,0,3510,1896,0
3544,50772,19.295750,18.916729,18.904830,0.000000,0.000457,0.000000,0.000000,0.054167,0.026750,1.316708,2067,8107044,135244,0,2,0,2,0,0,0,0,0,0,7208,0,4680,2528,0
3545,50773,19.985417,19.595096,19.604474,0.000000,0.000541,0.000000,0.000000,0.056250,0.020333,0.625208,2133,8107252,139330,0,2,0,2,0,0,0,0,0,0,5406,0,3510,1896,0
3546,50774,19.820250,19.422259,19.353642,0.000000,0.000626,0.000000,0.000000,0.072208,0.022750,1.215583,2119,8107244,135673,0,2,0,2,0,0,0,0,0,0,5406,0,3510,1896,0
3547,50775,20.596208,20.204623,20.122009,0.000000,0.000832,0.000000,0.000000,0.078875,0.073542,0.641375,2126,8107042,137078,0,2,0,2,0,0,0,0,0,0,7208,0,4680,2528,0
3548,50776,20.880917,20.482616,20.438658,0.000000,0.000792,0.000000,0.000000,0.088583,0.110084,0.790292,2103,8107261,136298,0,2,0,2,0,0,0,0,0,0,5406,0,3510,1896,0
3549,50777,23.270833,22.831762,21.738403,0.000000,0.000291,0.000000,0.000000,0.069625,0.021209,0.989208,2144,8107392,135589,0,2,0,2,0,0,0,0,0,0,6836,0,4428,2408,0
3550,50778,20.384959,19.985700,19.983170,0.000000,0.000625,0.000000,0.000000,0.072875,0.019500,0.900542,2099,8106956,136700,0,2,0,2,0,0,0,0,0,0,5778,0,3762,2016,0
3551,50779,20.332250,19.927034,19.881289,0.000000,0.000585,0.000000,0.000000,0.066083,0.031250,0.794333,2110,8107310,136825,0,2,0,2,0,0,0,0,0,0,5406,0,3510,1896,0
3552,50780,18.936458,18.563804,18.576640,0.000000,0.000415,0.000000,0.000000,0.058250,0.018750,0.764625,2068,8106989,133221,0,2,0,2,0,0,0,0,0,0,7208,0,4680,2528,0
3553,50781,19.443958,19.049599,19.058693,0.000000,0.000374,0.000000,0.000000,0.049792,0.021250,0.921625,2129,8107409,138587,0,2,0,2,0,0,0,0,0,0,5406,0,3510,1896,0
3554,50782,19.516667,19.107074,19.156407,0.000000,0.000293,0.000000,0.000000,0.047167,0.021250,1.115375,2092,8107079,136636,0,2,0,2,0,0,0,0,0,0,5406,0,3510,1896,0
3555,50783,19.742875,19.344622,19.377839,0.000000,0.000417,0.000000,0.000000,0.048458,0.031667,0.653542,2160,8107060,139102,0,2,0,2,0,0,0,0,0,0,7208,0,4680,2528,0
3556,50784,20.170708,19.752800,19.762040,0.000000,0.000458,0.000000,0.000000,0.060584,0.014916,1.122416,2208,8107272,141843,0,2,0,2,0,0,0,0,0,0,5406,0,3510,1896,0
3557,50785,19.837292,19.433782,19.458409,0.000000,0.000250,0.000000,0.000000,0.063708,0.014167,1.118917,2157,8107240,139284,0,2,0,2,0,0,0,0,0,0,5406,0,3510,1896,0
3558,50786,19.299250,18.906143,18.937768,0.000000,0.000207,0.000000,0.000000,0.053708,0.046917,0.975583,2127,8107244,136954,0,2,0,2,0,0,0,0,0,0,7208,0,4680,2528,0
3559,50787,19.896375,19.495722,19.503270,0.000000,0.000293,0.000000,0.000000,0.057375,0.024042,1.341250,2203,8107043,142322,0,2,0,2,0,0,0,0,0,0,5406,0,3510,1896,0
3560,50788,19.551208,19.149238,19.186616,0.000000,0.000376,0.000000,0.000000,0.057167,0.017667,1.276041,2153,8107276,138821,0,2,0,2,0,0,0,0,0,0,5406,0,3510,1896,0
3561,50789,19.368500,18.989941,19.031552,0.000000,0.000458,0.000000,0.000000,0.076584,0.035416,1.258958,2110,8107029,137082,0,2,0,2,0,0,0,0,0,0,7208,0,4680,2528,0
3562,50790,19.636667,19.246759,19.260085,0.000000,0.000500,0.000000,0.000000,0.048500,0.036708,0.625500,2154,8107271,140726,0,2,0,2,0,0,0,0,0,0,5406,0,3510,1896,0
3563,50791,19.733125,19.330243,19.345935,0.000000,0.000625,0.000000,0.000000,0.075625,0.017375,0.913625,2213,8107434,139983,0,2,0,2,0,0,0,0,0,0,5406,0,3510,1896,0
3564,50792,19.221500,18.838215,18.862098,0.000000,0.000500,0.000000,0.000000,0.067667,0.014333,1.235166,2096,8106875,136815,0,2,0,2,0,0,0,0,0,0,7208,0,4680,2528,0
3565,50793,19.654083,19.253583,19.293416,0.000000,0.000457,0.000000,0.000000,0.059542,0.016458,1.250499,2193,8107237,141059,0,2,0,2,0,0,0,0,0,0,5406,0,3510,1896,0
3566,50794,19.383209,18.980155,19.011370,0.000000,0.000415,0.000000,0.000000,0.050500,0.013000,1.252042,2171,8107254,138503,0,2,0,2,0,0,0,0,0,0,5406,0,3510,1896,0
3567,50795,18.800541,18.413034,18.454226,0.000000,0.000376,0.000000,0.000000,0.045542,0.049208,0.651708,2118,8107053,140040,0,2,0,2,0,0,0,0,0,0,7367,0,4680,2687,0
3568,50796,21.473959,21.054024,20.959529,0.000000,0.000832,0.000000,0.000000,0.077875,0.017916,1.580875,2173,8107291,147772,0,2,0,2,0,0,0,0,0,0,5406,0,3510,1896,0
3569,50797,19.731291,19.327286,19.358574,0.000000,0.000625,0.000000,0.000000,0.046834,0.023583,0.605459,2215,8107160,140712,0,2,0,2,0,0,0,0,0,0,5406,0,3510,1896,0
3570,50798,19.204292,18.828249,18.847124,0.000000,0.000460,0.000000,0.000000,0.067208,0.013375,0.945916,2083,8107046,137078,0,2,0,2,0,0,0,0,0,0,7208,0,4680,2528,0
3571,50799,19.864792,19.453753,19.483522,0.000000,0.000582,0.000000,0.000000,0.058750,0.014041,1.273708,2196,8107240,141742,0,2,0,2,0,0,0,0,0,0,5406,0,3510,1896,0
3572,50800,19.872416,19.473416,19.482622,0.000000,0.000792,0.000000,0.000000,0.047042,0.013833,1.272959,2180,8107261,138872,0,2,0,2,0,0,0,0,0,0,5406,0,3510,1896,0
3573,50801,19.301792,18.912242,18.951880,0.000000,0.000501,0.000000,0.000000,0.065708,0.013917,1.263083,2108,8107051,136636,0,2,0,2,0,0,0,0,0,0,7208,0,4680,2528,0
3574,50802,19.500917,19.112135,19.133172,0.000000,0.000583,0.000000,0.000000,0.051875,0.017375,1.302833,2139,8107444,139936,0,2,0,2,0,0,0,0,0,0,5406,0,3510,1896,0
3575,50803,19.388041,18.981168,18.993100,0.000000,0.000333,0.000000,0.000000,0.056959,0.026500,0.615125,2193,8107113,139456,0,2,0,2,0,0,0,0,0,0,5406,0,3510,1896,0
3576,50804,19.207042,18.821177,18.830240,0.000000,0.000416,0.000000,0.000000,0.057917,0.052083,0.609250,2098,8107078,136397,0,2,0,2,0,0,0,0,0,0,7208,0,4680,2528,0
3577,50805,19.379792,18.985995,18.995265,0.000000,0.000624,0.000000,0.000000,0.059458,0.013583,1.236626,2163,8107280,140104,0,2,0,2,0,0,0,0,0,0,5406,0,3510,1896,0
3578,50806,19.090666,18.695708,18.725107,0.000000,0.000500,0.000000,0.000000,0.051500,0.047125,1.322416,2171,8107156,138463,0,2,0,2,0,0,0,0,0,0,5406,0,3510,1896,0
3579,50807,19.184125,18.791239,18.799225,0.000000,0.000376,0.000000,0.000000,0.048875,0.013417,1.320167,2127,8107052,137817,0,2,0,2,0,0,0,0,0,0,7208,0,4680,2528,0
3580,50808,19.517667,19.121301,19.167562,0.000000,0.000625,0.000000,0.000000,0.050333,0.012375,0.628583,2160,8107373,140218,0,2,0,2,0,0,0,0,0,0,5406,0,3510,1896,0
3581,50809,19.670667,19.267079,19.231912,0.000000,0.000459,0.000000,0.000000,0.062125,0.016583,0.899958,2173,8107143,138232,0,2,0,2,0,0,0,0,0,0,5406,0,3510,1896,0
3582,50810,20.792958,20.407909,20.366006,0.000000,0.000583,0.000000,0.000000,0.079917,0.243333,0.602917,2072,8107057,135954,0,2,0,2,0,0,0,0,0,0,7208,0,4680,2528,0
3583,50811,21.666208,21.217213,20.847697,0.000000,0.000374,0.000000,0.000000,0.055167,0.012833,0.640833,2208,8107277,142022,0,2,0,2,0,0,0,0,0,0,5406,0,3510,1896,0
3584,50812,19.534500,19.139693,19.161702,0.000000,0.000499,0.000000,0.000000,0.048834,0.023791,1.055792,2180,8107236,138269,0,2,0,2,0,0,0,0,0,0,5406,0,3510,1896,0
3585,50813,18.544375,18.160454,18.163762,0.000000,0.000417,0.000000,0.000000,0.050667,0.018500,1.110709,2065,8106966,137945,0,2,0,2,0,0,0,0,0,0,7340,0,4680,2660,0
3586,50814,21.648792,21.241068,21.248313,0.000000,0.000584,0.000000,0.000000,0.064208,0.022334,1.269375,2148,8107258,152154,0,2,0,2,0,0,0,0,0,0,5406,0,3510,1896,0
3587,50815,19.944375,19.530774,19.568982,0.000000,0.000458,0.000000,0.000000,0.065583,0.015000,1.269791,2198,8107275,141057,0,2,0,2,0,0,0,0,0,0,5406,0,3510,1896,0
3588,50816,19.568875,19.183665,19.218466,0.000000,0.000292,0.000000,0.000000,0.051667,0.026458,0.651208,2115,8107136,138003,0,2,0,2,0,0,0,0,0,0,7208,0,4680,2528,0
3589,50817,20.122583,19.721905,19.745074,0.000000,0.000333,0.000000,0.000000,0.055292,0.013208,1.299083,2182,8107173,142505,0,2,0,2,0,0,0,0,0,0,5406,0,3510,1896,0
3590,50818,19.168667,18.763733,18.775750,0.000000,0.000209,0.000000,0.000000,0.050208,0.013125,1.316250,2156,8107181,138569,0,2,0,2,0,0,0,0,0,0,5569,0,3510,2059,0
3591,50819,20.734125,20.329797,20.279688,0.000000,0.000499,0.000000,0.000000,0.073375,0.015750,1.256833,2144,8107052,144089,0,2,0,2,0,0,0,0,0,0,7208,0,4680,2528,0
3592,50820,19.680833,19.287594,19.321140,0.000000,0.000374,0.000000,0.000000,0.054042,0.046042,0.949834,2168,8107221,141798,0,2,0,2,0,0,0,0,0,0,5406,0,3510,1896,0
3593,50821,19.912084,19.508014,19.524958,0.000000,0.000458,0.000000,0.000000,0.072583,0.014625,1.245625,2187,8107238,139857,0,2,0,2,0,0,0,0,0,0,5406,0,3510,1896,0
3594,50822,19.549375,19.151431,19.170101,0.000000,0.000335,0.000000,0.000000,0.051250,0.013250,1.260500,2141,8107055,138319,0,2,0,2,0,0,0,0,0,0,7208,0,4680,2528,0
3595,50823,20.143291,19.742924,19.788559,0.000000,0.000625,0.000000,0.000000,0.075584,0.021083,1.263376,2167,8107246,142467,0,2,0,2,0,0,0,0,0,0,5406,0,3510,1896,0
3596,50824,19.578792,19.174322,19.205186,0.000000,0.000417,0.000000,0.000000,0.060083,0.012875,0.610167,2185,8107255,139633,0,2,0,2,0,0,0,0,0,0,5406,0,3510,1896,0
3597,50825,20.341250,19.921752,19.868793,0.000000,0.000459,0.000000,0.000000,0.060250,0.014667,0.939667,2157,8107045,140243,0,2,0,2,0,0,0,0,0,0,7208,0,4680,2528,0
3598,50826,19.756417,19.361700,19.375533,0.000000,0.000375,0.000000,0.000000,0.061500,0.017416,0.943417,2157,8107261,140279,0,2,0,2,0,0,0,0,0,0,5406,0,3510,1896,0
3599,50827,19.880375,19.480351,19.514103,0.000000,0.000540,0.000000,0.000000,0.067500,0.019666,1.270625,2175,8107337,140728,0,2,0,2,0,0,0,0,0,0,5406,0,3510,1896,0
3600,50828,19.661000,19.269242,19.292774,0.000000,0.000583,0.000000,0.000000,0.062916,0.015792,1.298916,2155,8106959,139674,0,2,0,2,0,0,0,0,0,0,7208,0,4680,2528,0
3601,50829,18.381583,17.992911,18.024679,0.000000,0.000417,0.000000,0.000000,0.044667,0.012583,1.313708,2140,8107188,141310,0,2,0,2,0,0,0,0,0,0,5545,0,3510,2035,0
3602,50830,21.033708,20.632833,20.671998,0.000000,0.000543,0.000000,0.000000,0.062584,0.013958,1.288875,2152,8107206,153672,0,2,0,2,0,0,0,0,0,0,6980,0,4536,2444,0
3603,50831,19.986584,19.568884,19.596638,0.000000,0.000376,0.000000,0.000000,0.057416,0.013834,0.289167,2166,8107216,142796,0,2,0,2,0,0,0,0,0,0,5634,0,3654,1980,0
3604,50832,19.310000,18.914440,18.951203,0.000000,0.000416,0.000000,0.000000,0.057041,0.015334,1.029833,2175,8107141,140269,0,2,0,2,0,0,0,0,0,0,5406,0,3510,1896,0
3605,50833,19.239666,18.832444,18.864772,0.000000,0.000502,0.000000,0.000000,0.055875,0.017375,0.952333,2140,8107165,137567,0,2,0,2,0,0,0,0,0,0,7208,0,4680,2528,0
3606,50834,19.884959,19.475145,19.533930,0.000000,0.000458,0.000000,0.000000,0.066333,0.022500,1.283000,2143,8107142,141512,0,2,0,2,0,0,0,0,0,0,5406,0,3510,1896,0
3607,50835,19.440916,19.044192,19.080203,0.000000,0.000292,0.000000,0.000000,0.059542,0.011917,1.322833,2175,8107269,140944,0,2,0,2,0,0,0,0,0,0,5406,0,3510,1896,0
3608,50836,19.305709,18.899026,18.929003,0.000000,0.000376,0.000000,0.000000,0.059041,0.014750,1.297291,2126,8107251,137698,0,2,0,2,0,0,0,0,0,0,7208,0,4680,2528,0
3609,50837,20.000250,19.606981,19.641557,0.000000,0.000416,0.000000,0.000000,0.067583,0.013958,0.643125,2174,8107029,142327,0,2,0,2,0,0,0,0,0,0,5406,0,3510,1896,0
3610,50838,18.543250,18.155667,18.185225,0.000000,0.000292,0.000000,0.000000,0.047583,0.012542,0.949333,2115,8107192,140318,0,2,0,2,0,0,0,0,0,0,5565,0,3510,2055,0
3611,50839,20.691666,20.299679,20.315364,0.000000,0.000334,0.000000,0.000000,0.062792,0.021333,1.352999,2148,8107130,147915,0,2,0,2,0,0,0,0,0,0,7208,0,4680,2528,0
3612,50840,19.934250,19.537711,19.570390,0.000000,0.000293,0.000000,0.000000,0.058334,0.014916,1.312333,2148,8107161,142270,0,2,0,2,0,0,0,0,0,0,5406,0,3510,1896,0
3613,50841,19.483917,19.089000,19.126417,0.000000,0.000458,0.000000,0.000000,0.060417,0.050375,1.262542,2145,8107257,140261,0,2,0,2,0,0,0,0,0,0,5406,0,3510,1896,0
3614,50842,20.836917,20.432123,20.389833,0.000000,0.000625,0.000000,0.000000,0.082916,0.053834,1.263417,2131,8107059,137440,0,2,0,2,0,0,0,0,0,0,7208,0,4680,2528,0
3615,50843,22.442166,21.986150,21.771892,0.000000,0.000916,0.000000,0.000000,0.092042,0.017708,0.597958,2190,8107247,143802,0,2,0,2,0,0,0,0,0,0,5406,0,3510,1896,0
3616,50844,21.233959,20.830372,20.830338,0.000000,0.001042,0.000000,0.000000,0.117250,0.028916,0.931542,2151,8107255,139336,0,2,0,2,0,0,0,0,0,0,5406,0,3510,1896,0
3617,50845,21.253750,20.851997,20.707614,0.000000,0.000374,0.000000,0.000000,0.058583,0.024625,0.611084,2103,8107052,137162,0,2,0,2,0,0,0,0,0,0,7208,0,4680,2528,0
3618,50846,20.324000,19.921657,19.895757,0.000000,0.000750,0.000000,0.000000,0.077666,0.063084,1.218084,2164,8107265,141277,0,2,0,2,0,0,0,0,0,0,5406,0,3510,1896,0
3619,50847,21.166125,20.747986,20.626548,0.000000,0.000334,0.000000,0.000000,0.063125,0.013875,0.995208,2242,8107057,141164,0,2,0,2,0,0,0,0,0,0,7447,0,3510,3937,0
3620,50848,19.342375,18.945225,18.943453,0.000000,0.000543,0.000000,0.000000,0.060208,0.013958,1.312334,2095,8106892,137019,0,2,0,2,0,0,0,0,0,0,7208,0,4680,2528,0
3621,50849,19.694875,19.300194,19.305534,0.000000,0.000416,0.000000,0.000000,0.052583,0.018083,0.476125,2197,8107278,142005,0,2,0,2,0,0,0,0,0,0,5406,0,3510,1896,0
3622,50850,19.514375,19.110560,19.129163,0.000000,0.000333,0.000000,0.000000,0.055041,0.023209,0.756417,2167,8107246,139080,0,2,0,2,0,0,0,0,0,0,5406,0,3510,1896,0
3623,50851,19.622541,19.231075,19.262557,0.000000,0.000376,0.000000,0.000000,0.069500,0.016000,0.765833,2150,8107041,138888,0,2,0,2,0,0,0,0,0,0,7208,0,4680,2528,0
3624,50852,20.541917,20.137086,20.167247,0.000000,0.000666,0.000000,0.000000,0.068750,0.075042,0.752749,2188,8107301,141465,0,2,0,2,0,0,0,0,0,0,5406,0,3510,1896,0
3625,50853,20.536958,20.110205,20.061370,0.000000,0.000376,0.000000,0.000000,0.069000,0.019042,0.763583,2191,8107276,139381,0,2,0,2,0,0,0,0,0,0,5406,0,3510,1896,0
3626,50854,19.387542,18.999662,19.025083,0.000000,0.000416,0.000000,0.000000,0.055792,0.016125,0.852459,2097,8107014,136565,0,2,0,2,0,0,0,0,0,0,7208,0,4680,2528,0
3627,50855,19.815083,19.407635,19.451560,0.000000,0.000459,0.000000,0.000000,0.053834,0.013750,1.007126,2185,8107244,142513,0,2,0,2,0,0,0,0,0,0,5406,0,3510,1896,0
3628,50856,19.358375,18.958488,18.973936,0.000000,0.000375,0.000000,0.000000,0.058667,0.016417,0.660209,2190,8107263,139616,0,2,0,2,0,0,0,0,0,0,5406,0,3510,1896,0
3629,50857,19.583334,19.158852,19.202170,0.000000,0.000458,0.000000,0.000000,0.058250,0.017625,0.938624,2123,8107060,137686,0,2,0,2,0,0,0,0,0,0,7208,0,4680,2528,0
3630,50858,19.094583,18.710387,18.755379,0.000000,0.000502,0.000000,0.000000,0.063708,0.014750,0.954750,2119,8107222,138375,0,2,0,2,0,0,0,0,0,0,5406,0,3510,1896,0
3631,50859,19.705875,19.302087,19.342590,0.000000,0.000376,0.000000,0.000000,0.063917,0.018708,1.316292,2227,8107286,142900,0,2,0,2,0,0,0,0,0,0,5406,0,3510,1896,0
3632,50860,18.980375,18.559486,18.582636,0.000000,0.000583,0.000000,0.000000,0.081000,0.013250,1.151041,2091,8107035,137324,0,2,0,2,0,0,0,0,0,0,7208,0,4680,2528,0
3633,50861,19.950417,19.558552,19.581803,0.000000,0.000333,0.000000,0.000000,0.056500,0.014166,1.299500,2190,8107270,141415,0,2,0,2,0,0,0,0,0,0,5406,0,3510,1896,0
3634,50862,19.262291,18.869995,18.914865,0.000000,0.000584,0.000000,0.000000,0.056084,0.044708,0.631750,2136,8107229,138666,0,2,0,2,0,0,0,0,0,0,5406,0,3510,1896,0
3635,50863,19.409000,19.012744,19.003849,0.000000,0.000459,0.000000,0.000000,0.064584,0.018541,1.122208,2137,8107053,138360,0,2,0,2,0,0,0,0,0,0,7208,0,4680,2528,0
3636,50864,19.127417,18.742093,18.765642,0.000000,0.000375,0.000000,0.000000,0.052500,0.017292,1.347459,2110,8107261,138206,0,2,0,2,0,0,0,0,0,0,5406,0,3510,1896,0
3637,50865,19.634708,19.252873,19.246173,0.000000,0.000709,0.000000,0.000000,0.070334,0.016958,0.946208,2102,8107249,135234,0,2,0,2,0,0,0,0,0,0,5406,0,3510,1896,0
3638,50866,18.718834,18.347135,18.374547,0.000000,0.000501,0.000000,0.000000,0.056291,0.023459,1.291917,2038,8107050,132946,0,2,0,2,0,0,0,0,0,0,7208,0,4680,2528,0
3639,50867,19.379625,18.992606,19.028564,0.000000,0.000416,0.000000,0.000000,0.068083,0.044667,0.610166,2120,8107294,138869,0,2,0,2,0,0,0,0,0,0,5406,0,3510,1896,0
3640,50868,18.887833,18.509492,18.520049,0.000000,0.000417,0.000000,0.000000,0.067417,0.015458,0.942791,2097,8107410,135242,0,2,0,2,0,0,0,0,0,0,5406,0,3510,1896,0
3641,50869,18.608833,18.233724,18.266575,0.000000,0.000459,0.000000,0.000000,0.057917,0.016083,0.943542,2051,8106855,134106,0,2,0,2,0,0,0,0,0,0,7208,0,4680,2528,0
3642,50870,19.223000,18.844163,18.862006,0.000000,0.000334,0.000000,0.000000,0.055667,0.033917,1.277625,2093,8107274,137936,0,2,0,2,0,0,0,0,0,0,5406,0,3510,1896,0
3643,50871,19.258584,18.862581,18.886670,0.000000,0.000542,0.000000,0.000000,0.062125,0.014958,0.632583,2139,8107242,136783,0,2,0,2,0,0,0,0,0,0,5406,0,3510,1896,0
3644,50872,18.920541,18.551294,18.538425,0.000000,0.000624,0.000000,0.000000,0.057625,0.047375,0.899376,2034,8107069,133382,0,2,0,2,0,0,0,0,0,0,7208,0,4680,2528,0
3645,50873,19.678167,19.292278,19.251113,0.000000,0.000750,0.000000,0.000000,0.055417,0.014041,0.948542,2103,8107363,138353,0,2,0,2,0,0,0,0,0,0,5406,0,3510,1896,0
3646,50874,19.077583,18.689528,18.708660,0.000000,0.000333,0.000000,0.000000,0.053459,0.013708,1.320791,2124,8107140,135945,0,2,0,2,0,0,0,0,0,0,5406,0,3510,1896,0
3647,50875,19.652709,19.263379,19.194215,0.000000,0.000540,0.000000,0.000000,0.064125,0.018875,0.898499,2090,8107185,136050,0,2,0,2,0,0,0,0,0,0,7208,0,4680,2528,0
3648,50876,19.040125,18.652758,18.663712,0.000000,0.000499,0.000000,0.000000,0.052041,0.045000,0.611708,2099,8107163,136898,0,2,0,2,0,0,0,0,0,0,5406,0,3510,1896,0
3649,50877,19.442958,19.036244,19.051429,0.000000,0.000292,0.000000,0.000000,0.052083,0.034667,1.322792,2187,8107342,139371,0,2,0,2,0,0,0,0,0,0,5406,0,3510,1896,0
3650,50878,19.342208,18.938811,18.966518,0.000000,0.000377,0.000000,0.000000,0.066542,0.017500,1.296083,2118,8107048,136998,0,2,0,2,0,0,0,0,0,0,7208,0,4680,2528,0
3651,50879,19.954875,19.555032,19.594397,0.000000,0.000500,0.000000,0.000000,0.071792,0.016958,1.280458,2196,8107153,143032,0,2,0,2,0,0,0,0,0,0,5406,0,3510,1896,0
3652,50880,19.393917,18.991321,19.034110,0.000000,0.000333,0.000000,0.000000,0.058917,0.014958,1.287625,2192,8107285,139174,0,2,0,2,0,0,0,0,0,0,5406,0,3510,1896,0
3653,50881,19.532708,19.128282,19.169791,0.000000,0.000375,0.000000,0.000000,0.050042,0.015500,1.228125,2145,8107055,139583,0,2,0,2,0,0,0,0,0,0,7208,0,4680,2528,0
3654,50882,19.362584,18.982384,19.011047,0.000000,0.000458,0.000000,0.000000,0.055083,0.013625,0.634500,2115,8107266,139128,0,2,0,2,0,0,0,0,0,0,5406,0,3510,1896,0
3655,50883,19.407583,19.009602,19.049919,0.000000,0.000458,0.000000,0.000000,0.070167,0.014250,1.249334,2168,8107300,139863,0,2,0,2,0,0,0,0,0,0,7004,0,4536,2468,0
3656,50884,20.309000,19.910409,19.837485,0.000000,0.000750,0.000000,0.000000,0.106708,0.022125,0.591708,2158,8106960,139890,0,2,0,2,0,0,0,0,0,0,5610,0,3654,1956,0
3657,50885,23.240083,22.781204,22.197177,0.000000,0.001167,0.000000,0.000000,0.078459,0.020250,0.914792,2138,8107264,139303,0,2,0,2,0,0,0,0,0,0,5406,0,3510,1896,0
3658,50886,21.102167,20.690059,20.516732,0.000000,0.004209,0.000000,0.000000,0.128792,0.022000,0.898625,2113,8107081,136719,0,2,0,2,0,0,0,0,0,0,7208,0,4680,2528,0
3659,50887,22.971417,22.558993,22.227490,0.000000,0.000834,0.000000,0.000000,0.095000,0.043583,0.895333,2182,8107286,142500,0,2,0,2,0,0,0,0,0,0,5406,0,3510,1896,0
3660,50888,21.530875,21.115456,20.946771,0.000000,0.001626,0.000000,0.000000,0.065875,0.018041,0.712834,2127,8107191,139126,0,2,0,2,0,0,0,0,0,0,5406,0,3510,1896,0
3661,50889,18.882125,18.518915,18.503290,0.000000,0.000459,0.000000,0.000000,0.062750,0.015875,0.301834,1985,8107093,131104,0,2,0,2,0,0,0,0,0,0,7208,0,4680,2528,0
3662,50890,19.158708,18.782529,18.785206,0.000000,0.000251,0.000000,0.000000,0.053167,0.022666,0.960083,2042,8107242,134591,0,2,0,2,0,0,0,0,0,0,5406,0,3510,1896,0
3663,50891,19.598500,19.236989,18.392045,0.000000,0.000457,0.000000,0.000000,0.062042,0.014000,0.972625,1978,8107280,132658,0,2,0,2,0,0,0,0,0,0,5406,0,3510,1896,0
3664,50892,20.604042,20.191182,20.220741,0.000000,0.000459,0.000000,0.000000,0.074791,0.026417,1.280417,2080,8107004,139642,0,2,0,2,0,0,0,0,0,0,7208,0,4680,2528,0
3665,50893,20.526708,20.133220,20.131349,0.000000,0.000458,0.000000,0.000000,0.065167,0.033833,1.146625,2122,8107302,139438,0,2,0,2,0,0,0,0,0,0,5406,0,3510,1896,0
3666,50894,20.453583,20.031498,19.995667,0.000000,0.000709,0.000000,0.000000,0.099917,0.026000,1.333833,2108,8107248,136774,0,2,0,2,0,0,0,0,0,0,5406,0,3510,1896,0
3667,50895,19.735375,19.352022,19.346899,0.000000,0.000459,0.000000,0.000000,0.060250,0.050834,1.319250,2092,8106999,135751,0,2,0,2,0,0,0,0,0,0,7208,0,4680,2528,0
3668,50896,19.788500,19.389842,19.399721,0.000000,0.000417,0.000000,0.000000,0.057750,0.021417,0.615667,2129,8107264,139333,0,2,0,2,0,0,0,0,0,0,5406,0,3510,1896,0
3669,50897,19.963500,19.576574,19.514039,0.000000,0.001167,0.000000,0.000000,0.069125,0.015125,0.738875,2127,8107327,136527,0,2,0,2,0,0,0,0,0,0,5406,0,3510,1896,0
3670,50898,19.157084,18.773157,18.778576,0.000000,0.000416,0.000000,0.000000,0.055208,0.025583,0.599166,2057,8106986,132564,0,2,0,2,0,0,0,0,0,0,7208,0,4680,2528,0
3671,50899,20.002416,19.611709,19.617454,0.000000,0.000249,0.000000,0.000000,0.069375,0.023417,1.319916,2143,8107247,142055,0,2,0,2,0,0,0,0,0,0,5406,0,3510,1896,0
3672,50900,18.900500,18.519642,18.547063,0.000000,0.000416,0.000000,0.000000,0.053667,0.012208,1.311792,2114,8107333,136243,0,2,0,2,0,0,0,0,0,0,5406,0,3510,1896,0
3673,50901,18.882167,18.507956,18.548355,0.000000,0.000584,0.000000,0.000000,0.062917,0.015333,0.634834,2036,8106967,133561,0,2,0,2,0,0,0,0,0,0,7208,0,4680,2528,0
3674,50902,20.079875,19.687995,19.646684,0.000000,0.000834,0.000000,0.000000,0.104917,0.020916,1.271125,2084,8107330,138656,0,2,0,2,0,0,0,0,0,0,5406,0,3510,1896,0
3675,50903,21.104458,20.702058,20.711434,0.000000,0.003000,0.000000,0.000000,0.076167,0.015333,1.285625,2151,8107188,137690,0,2,0,2,0,0,0,0,0,0,5406,0,3510,1896,0
3676,50904,21.907875,21.501920,20.812066,0.000000,0.000459,0.000000,0.000000,0.058292,0.051667,0.599541,2075,8107044,134624,0,2,0,2,0,0,0,0,0,0,7208,0,4680,2528,0
3677,50905,19.482500,19.100344,19.094152,0.000000,0.000332,0.000000,0.000000,0.049917,0.018000,0.765916,2092,8107263,138417,0,2,0,2,0,0,0,0,0,0,5406,0,3510,1896,0
3678,50906,20.670917,20.283855,20.282893,0.000000,0.000751,0.000000,0.000000,0.082292,0.020666,0.932375,2034,8107299,137179,0,2,0,2,0,0,0,0,0,0,5406,0,3510,1896,0
3679,50907,18.099500,17.748292,17.737946,0.000000,0.000666,0.000000,0.000000,0.067250,0.015250,0.597916,1892,8107064,125902,0,2,0,2,0,0,0,0,0,0,7471,0,4680,2791,0
3680,50908,19.388833,19.016955,19.059671,0.000000,0.000543,0.000000,0.000000,0.055875,0.019709,0.904958,2023,8107140,135947,0,2,0,2,0,0,0,0,0,0,5406,0,3510,1896,0
3681,50909,17.366459,17.021240,17.063218,0.000000,0.000332,0.000000,0.000000,0.054125,0.019041,0.610042,1938,8107217,125827,0,2,0,2,0,0,0,0,0,0,5406,0,3510,1896,0
3682,50910,17.065166,16.727561,16.764186,0.000000,0.000292,0.000000,0.000000,0.052459,0.013916,1.242417,1873,8107055,123119,0,2,0,2,0,0,0,0,0,0,7208,0,4680,2528,0
3683,50911,18.158625,17.791962,17.818952,0.000000,0.000542,0.000000,0.000000,0.075917,0.024708,0.736792,2042,8107344,129963,0,2,0,2,0,0,0,0,0,0,5406,0,3510,1896,0
3684,50912,17.448000,17.089744,17.129863,0.000000,0.000249,0.000000,0.000000,0.052542,0.012458,0.607125,1944,8107152,125563,0,2,0,2,0,0,0,0,0,0,5406,0,3510,1896,0
3685,50913,16.871084,16.523450,16.568465,0.000000,0.000207,0.000000,0.000000,0.045291,0.011917,0.907000,1916,8107077,124160,0,2,0,2,0,0,0,0,0,0,7208,0,4680,2528,0
3686,50914,17.061875,16.707167,16.751665,0.000000,0.000293,0.000000,0.000000,0.047333,0.014708,0.614958,1960,8107245,127417,0,2,0,2,0,0,0,0,0,0,5406,0,3510,1896,0
3687,50915,17.180458,16.819469,16.864917,0.000000,0.000334,0.000000,0.000000,0.047708,0.018542,1.000208,1985,8107256,126444,0,2,0,2,0,0,0,0,0,0,5406,0,3510,1896,0
3688,50916,17.451958,17.111092,17.141295,0.000000,0.001000,0.000000,0.000000,0.058459,0.018375,1.238709,1874,8107155,123120,0,2,0,2,0,0,0,0,0,0,7208,0,4680,2528,0
3689,50917,17.292792,16.941175,16.985370,0.000000,0.000250,0.000000,0.000000,0.045667,0.012541,0.606959,1947,8107149,126900,0,2,0,2,0,0,0,0,0,0,5406,0,3510,1896,0
3690,50918,16.674458,16.329459,16.370174,0.000000,0.000333,0.000000,0.000000,0.044875,0.011792,1.249708,1921,8107241,124160,0,2,0,2,0,0,0,0,0,0,5406,0,3510,1896,0
3691,50919,17.190334,16.847283,16.880283,0.000000,0.000375,0.000000,0.000000,0.049625,0.013958,0.609209,1896,8107099,123584,0,2,0,2,0,0,0,0,0,0,7208,0,4680,2528,0
3692,50920,17.346791,16.995869,17.030121,0.000000,0.000334,0.000000,0.000000,0.054667,0.021917,1.235625,1932,8107214,126118,0,2,0,2,0,0,0,0,0,0,5406,0,3510,1896,0
3693,50921,16.937875,16.592278,16.631699,0.000000,0.000332,0.000000,0.000000,0.046667,0.012958,1.276541,1946,8107258,124642,0,2,0,2,0,0,0,0,0,0,5406,0,3510,1896,0
3694,50922,16.631209,16.298040,16.341329,0.000000,0.000626,0.000000,0.000000,0.049791,0.012292,0.610625,1826,8107034,121433,0,2,0,2,0,0,0,0,0,0,7208,0,4680,2528,0
3695,50923,17.209916,16.852990,16.896952,0.000000,0.000459,0.000000,0.000000,0.051167,0.011792,0.913458,1968,8107262,128259,0,2,0,2,0,0,0,0,0,0,5406,0,3510,1896,0
3696,50924,16.685250,16.333614,16.367384,0.000000,0.000291,0.000000,0.000000,0.049459,0.011041,0.608791,1950,8107257,124733,0,2,0,2,0,0,0,0,0,0,5406,0,3510,1896,0
3697,50925,16.604375,16.271068,16.302816,0.000000,0.000416,0.000000,0.000000,0.047542,0.016250,0.986416,1851,8107048,122272,0,2,0,2,0,0,0,0,0,0,7208,0,4680,2528,0
3698,50926,17.395875,17.047645,17.067480,0.000000,0.000459,0.000000,0.000000,0.048917,0.016250,1.061334,1918,8107255,126087,0,2,0,2,0,0,0,0,0,0,5406,0,3510,1896,0
3699,50927,17.397625,17.048730,17.089401,0.000000,0.000459,0.000000,0.000000,0.049125,0.010917,0.619625,1973,8107271,125325,0,2,0,2,0,0,0,0,0,0,5406,0,3510,1896,0
3700,50928,17.219459,16.873316,16.853313,0.000000,0.000501,0.000000,0.000000,0.059750,0.014375,0.870167,1880,8107078,123133,0,2,0,2,0,0,0,0,0,0,7208,0,4680,2528,0
3701,50929,17.213916,16.867856,16.894873,0.000000,0.000375,0.000000,0.000000,0.046417,0.012833,0.624375,1929,8107265,125473,0,2,0,2,0,0,0,0,0,0,5406,0,3510,1896,0
3702,50930,16.634000,16.283102,16.327179,0.000000,0.000332,0.000000,0.000000,0.047709,0.011333,0.894459,1923,8107262,124086,0,2,0,2,0,0,0,0,0,0,5406,0,3510,1896,0
3703,50931,16.846084,16.500651,16.541521,0.000000,0.000167,0.000000,0.000000,0.050125,0.015416,0.896416,1945,8107105,125245,0,2,0,2,0,0,0,0,0,0,7208,0,4680,2528,0
3704,50932,16.583500,16.245608,16.277085,0.000000,0.000291,0.000000,0.000000,0.048541,0.010959,0.623250,1869,8107241,123745,0,2,0,2,0,0,0,0,0,0,5406,0,3510,1896,0
3705,50933,16.902041,16.551141,16.592386,0.000000,0.000583,0.000000,0.000000,0.045667,0.012333,1.267292,1955,8107314,124911,0,2,0,2,0,0,0,0,0,0,5406,0,3510,1896,0
3706,50934,16.594250,16.257236,16.278188,0.000000,0.000375,0.000000,0.000000,0.044625,0.012084,0.608459,1888,8107035,123887,0,2,0,2,0,0,0,0,0,0,7208,0,4680,2528,0
3707,50935,16.975250,16.601459,16.649078,0.000000,0.000457,0.000000,0.000000,0.062334,0.014666,0.902542,1913,8107228,124996,0,2,0,2,0,0,0,0,0,0,5406,0,3510,1896,0
3708,50936,16.632417,16.290668,16.331156,0.000000,0.000251,0.000000,0.000000,0.042333,0.011209,0.609125,1909,8107376,123120,0,2,0,2,0,0,0,0,0,0,7004,0,4536,2468,0
3709,50937,16.711667,16.375865,16.413767,0.000000,0.000376,0.000000,0.000000,0.042500,0.011333,1.099292,1888,8107062,124680,0,2,0,2,0,0,0,0,0,0,5610,0,3654,1956,0
3710,50938,17.031291,16.691102,16.708557,0.000000,0.000459,0.000000,0.000000,0.068250,0.013334,1.056166,1869,8107196,123644,0,2,0,2,0,0,0,0,0,0,5406,0,3510,1896,0
3711,50939,18.513167,18.153472,18.180253,0.000000,0.000833,0.000000,0.000000,0.099500,0.019125,0.289541,1899,8107026,121955,0,2,0,2,0,0,0,0,0,0,7208,0,4680,2528,0
3712,50940,21.673875,21.279623,20.800758,0.000000,0.000624,0.000000,0.000000,0.069042,0.045166,0.590500,1899,8107293,124934,0,2,0,2,0,0,0,0,0,0,5406,0,3510,1896,0
3713,50941,17.579792,17.240094,17.226488,0.000000,0.000375,0.000000,0.000000,0.056916,0.014959,0.932125,1864,8107295,122930,0,2,0,2,0,0,0,0,0,0,5406,0,3510,1896,0
3714,50942,17.470708,17.131021,17.151639,0.000000,0.000417,0.000000,0.000000,0.069958,0.015209,1.270375,1846,8107004,120067,0,2,0,2,0,0,0,0,0,0,7208,0,4680,2528,0
3715,50943,18.124250,17.769996,17.785545,0.000000,0.000582,0.000000,0.000000,0.061875,0.014333,0.646042,1907,8107285,125429,0,2,0,2,0,0,0,0,0,0,5406,0,3510,1896,0
3716,50944,17.408917,17.066369,17.071774,0.000000,0.000749,0.000000,0.000000,0.070208,0.014250,0.929667,1828,8107307,121816,0,2,0,2,0,0,0,0,0,0,5406,0,3510,1896,0
3717,50945,17.507291,17.178177,17.162731,0.000000,0.000458,0.000000,0.000000,0.062542,0.014208,1.295124,1829,8107053,120014,0,2,0,2,0,0,0,0,0,0,7208,0,4680,2528,0
3718,50946,17.548875,17.201204,17.221727,0.000000,0.000418,0.000000,0.000000,0.061000,0.013875,0.659042,1855,8107244,123527,0,2,0,2,0,0,0,0,0,0,5406,0,3510,1896,0
3719,50947,17.062584,16.729388,16.744910,0.000000,0.000458,0.000000,0.000000,0.053000,0.031625,1.324917,1833,8107281,122085,0,2,0,2,0,0,0,0,0,0,5406,0,3510,1896,0
3720,50948,16.919541,16.588284,16.592026,0.000000,0.000501,0.000000,0.000000,0.051917,0.013958,0.608833,1820,8107141,119013,0,2,0,2,0,0,0,0,0,0,7208,0,4680,2528,0
3721,50949,17.421667,17.086234,17.049209,0.000000,0.000373,0.000000,0.000000,0.052792,0.018000,1.295625,1848,8107174,123038,0,2,0,2,0,0,0,0,0,0,5406,0,3510,1896,0
3722,50950,16.927958,16.602504,16.627984,0.000000,0.000459,0.000000,0.000000,0.067250,0.014084,1.267042,1774,8107310,120451,0,2,0,2,0,0,0,0,0,0,5406,0,3510,1896,0
3723,50951,17.310459,16.972661,16.989212,0.000000,0.000542,0.000000,0.000000,0.054666,0.013667,0.655500,1860,8107005,120768,0,2,0,2,0,0,0,0,0,0,7208,0,4680,2528,0
3724,50952,17.048166,16.701432,16.721380,0.000000,0.000419,0.000000,0.000000,0.050125,0.013500,1.271958,1863,8107293,123284,0,2,0,2,0,0,0,0,0,0,5406,0,3510,1896,0
3725,50953,17.920625,17.587293,17.508839,0.000000,0.000875,0.000000,0.000000,0.077292,0.011708,0.912833,1803,8107254,121125,0,2,0,2,0,0,0,0,0,0,5406,0,3510,1896,0
3726,50954,17.398334,17.054038,17.069462,0.000000,0.000292,0.000000,0.000000,0.055333,0.012292,0.653125,1849,8106804,119926,0,2,0,2,0,0,0,0,0,0,9249,0,4680,4569,0
3727,50955,17.839333,17.488843,17.456898,0.000000,0.000501,0.000000,0.000000,0.070083,0.016125,0.979959,1887,8107281,124709,0,2,0,2,0,0,0,0,0,0,5406,0,3510,1896,0
3728,50956,17.667917,17.327399,17.334727,0.000000,0.000458,0.000000,0.000000,0.075208,0.022125,1.288042,1829,8107209,121733,0,2,0,2,0,0,0,0,0,0,5406,0,3510,1896,0
3729,50957,19.004958,18.658313,18.604751,0.000000,0.000749,0.000000,0.000000,0.091333,0.063917,0.637083,1789,8107010,119268,0,2,0,2,0,0,0,0,0,0,7208,0,4680,2528,0
3730,50958,19.677917,19.316913,19.171266,0.000000,0.000750,0.000000,0.000000,0.082625,0.014750,1.101709,1834,8107335,122548,0,2,0,2,0,0,0,0,0,0,5406,0,3510,1896,0
3731,50959,18.476291,18.127421,18.165919,0.000000,0.000918,0.000000,0.000000,0.082792,0.015208,0.950125,1853,8107217,122181,0,2,0,2,0,0,0,0,0,0,5406,0,3510,1896,0
3732,50960,19.686250,19.308793,19.138397,0.000000,0.001293,0.000000,0.000000,0.120709,0.034125,0.595417,1766,8107052,118843,0,2,0,2,0,0,0,0,0,0,7208,0,4680,2528,0
3733,50961,18.928834,18.607582,18.588042,0.000000,0.001166,0.000000,0.000000,0.070791,0.013875,0.902792,1873,8107368,123447,0,2,0,2,0,0,0,0,0,0,5406,0,3510,1896,0
3734,50962,18.575125,18.238872,18.062725,0.000000,0.000501,0.000000,0.000000,0.080875,0.056750,0.307208,1792,8107146,120491,0,2,0,2,0,0,0,0,0,0,5406,0,3510,1896,0
3735,50963,17.440791,17.103579,17.077813,0.000000,0.000417,0.000000,0.000000,0.056167,0.015417,0.919083,1805,8107084,119837,0,2,0,2,0,0,0,0,0,0,7208,0,4680,2528,0
3736,50964,17.313334,16.980118,17.009806,0.000000,0.000417,0.000000,0.000000,0.064833,0.018625,0.784667,1866,8107301,122725,0,2,0,2,0,0,0,0,0,0,5406,0,3510,1896,0
3737,50965,15.946791,15.634210,15.651312,0.000000,0.000460,0.000000,0.000000,0.057375,0.031417,0.466458,1704,8107044,116886,0,2,0,2,0,0,0,0,0,0,5863,0,3510,2353,0
3738,50966,22.640959,22.249021,22.263592,0.000000,0.000417,0.000000,0.000000,0.057500,0.060833,1.141833,2102,8107164,179853,0,2,0,2,0,0,0,0,0,0,7208,0,4680,2528,0
3739,50967,19.373208,18.987264,18.980360,0.000000,0.000419,0.000000,0.000000,0.061875,0.049625,1.202708,2094,8107082,138017,0,2,0,2,0,0,0,0,0,0,5406,0,3510,1896,0
3740,50968,19.293042,18.899932,18.883596,0.000000,0.000583,0.000000,0.000000,0.066958,0.016917,1.008292,2094,8107304,134944,0,2,0,2,0,0,0,0,0,0,5406,0,3510,1896,0
3741,50969,19.377916,18.994360,18.945657,0.000000,0.000376,0.000000,0.000000,0.090542,0.017875,1.185708,2020,8107019,132295,0,2,0,2,0,0,0,0,0,0,7208,0,4680,2528,0
3742,50970,19.705500,19.316576,19.330676,0.000000,0.000416,0.000000,0.000000,0.063334,0.013833,0.707708,2062,8107411,136274,0,2,0,2,0,0,0,0,0,0,5406,0,3510,1896,0
3743,50971,18.830834,18.441617,18.453321,0.000000,0.000458,0.000000,0.000000,0.072416,0.015792,1.121626,2129,8107101,135837,0,2,0,2,0,0,0,0,0,0,5406,0,3510,1896,0
3744,50972,19.161083,18.778867,18.742483,0.000000,0.000751,0.000000,0.000000,0.086958,0.015625,0.962875,2019,8107090,132521,0,2,0,2,0,0,0,0,0,0,7208,0,4680,2528,0
3745,50973,21.337833,20.945244,20.752465,0.000000,0.000458,0.000000,0.000000,0.070375,0.019584,0.952000,2085,8107198,136385,0,2,0,2,0,0,0,0,0,0,5406,0,3510,1896,0
3746,50974,19.545125,19.159237,19.122408,0.000000,0.000542,0.000000,0.000000,0.055209,0.043500,1.069375,2070,8107262,134316,0,2,0,2,0,0,0,0,0,0,5406,0,3510,1896,0
3747,50975,19.141334,18.767789,18.689104,0.000000,0.000544,0.000000,0.000000,0.084500,0.034291,0.585958,2023,8107053,133262,0,2,0,2,0,0,0,0,0,0,7208,0,4680,2528,0
3748,50976,22.271083,21.840783,21.649217,0.000000,0.000876,0.000000,0.000000,0.090250,0.014000,0.611166,2097,8107255,136874,0,2,0,2,0,0,0,0,0,0,5406,0,3510,1896,0
3749,50977,20.946667,20.553971,20.311643,0.000000,0.000666,0.000000,0.000000,0.054500,0.015500,0.592667,2091,8107277,134102,0,2,0,2,0,0,0,0,0,0,5406,0,3510,1896,0
3750,50978,18.600375,18.231767,18.228942,0.000000,0.000374,0.000000,0.000000,0.058291,0.015042,0.617958,2008,8107059,131408,0,2,0,2,0,0,0,0,0,0,7208,0,4680,2528,0
3751,50979,19.453750,19.063030,19.079728,0.000000,0.000459,0.000000,0.000000,0.067500,0.015166,0.815959,2087,8107224,137636,0,2,0,2,0,0,0,0,0,0,5406,0,3510,1896,0
3752,50980,18.862708,18.480026,18.521326,0.000000,0.000457,0.000000,0.000000,0.056792,0.013166,1.068958,2103,8107252,134015,0,2,0,2,0,0,0,0,0,0,5406,0,3510,1896,0
3753,50981,19.499708,19.112869,19.095589,0.000000,0.000459,0.000000,0.000000,0.066167,0.019792,0.763501,2041,8107091,133902,0,2,0,2,0,0,0,0,0,0,7208,0,4680,2528,0
3754,50982,19.016084,18.640834,18.621085,0.000000,0.000540,0.000000,0.000000,0.066708,0.035750,0.910334,2033,8107248,134656,0,2,0,2,0,0,0,0,0,0,5406,0,3510,1896,0
3755,50983,19.894166,19.496224,19.406296,0.000000,0.000584,0.000000,0.000000,0.055125,0.014542,0.298708,2055,8107283,135289,0,2,0,2,0,0,0,0,0,0,5406,0,3510,1896,0
3756,50984,19.003875,18.623440,18.503222,0.000000,0.000457,0.000000,0.000000,0.058459,0.013000,0.968542,2053,8107119,134833,0,2,0,2,0,0,0,0,0,0,7208,0,4680,2528,0
3757,50985,19.285292,18.905165,18.906596,0.000000,0.000625,0.000000,0.000000,0.065417,0.015208,0.989708,2034,8107244,134319,0,2,0,2,0,0,0,0,0,0,5406,0,3510,1896,0
3758,50986,19.441583,19.046400,19.060635,0.000000,0.000459,0.000000,0.000000,0.077375,0.014584,1.086917,2053,8107251,134653,0,2,0,2,0,0,0,0,0,0,5406,0,3510,1896,0
3759,50987,20.051500,19.639909,19.667118,0.000000,0.000375,0.000000,0.000000,0.060000,0.019250,1.295167,2259,8107163,144051,0,2,0,2,0,0,0,0,0,0,7208,0,4680,2528,0
3760,50988,20.200334,19.769318,19.793215,0.000000,0.000416,0.000000,0.000000,0.055416,0.012959,1.291708,2228,8107115,143565,0,2,0,2,0,0,0,0,0,0,5406,0,3510,1896,0
3761,50989,19.987166,19.589487,19.627157,0.000000,0.000417,0.000000,0.000000,0.054042,0.020083,1.214874,2218,8107390,142316,0,2,0,2,0,0,0,0,0,0,7004,0,4536,2468,0
3762,50990,19.962042,19.545954,19.571982,0.000000,0.000501,0.000000,0.000000,0.053042,0.014666,0.654834,2218,8106917,143725,0,2,0,2,0,0,0,0,0,0,5610,0,3654,1956,0
3763,50991,19.764083,19.355066,19.399857,0.000000,0.000459,0.000000,0.000000,0.054125,0.016042,0.912124,2250,8107266,144191,0,2,0,2,0,0,0,0,0,0,5406,0,3510,1896,0
3764,50992,19.365209,18.970940,18.997311,0.000000,0.000418,0.000000,0.000000,0.056125,0.045041,0.947208,2207,8107039,141253,0,2,0,2,0,0,0,0,0,0,7208,0,4680,2528,0
3765,50993,20.252416,19.828191,19.850598,0.000000,0.000542,0.000000,0.000000,0.065625,0.014084,1.251000,2253,8107299,145019,0,2,0,2,0,0,0,0,0,0,5406,0,3510,1896,0
3766,50994,19.764917,19.359987,19.400593,0.000000,0.000500,0.000000,0.000000,0.051167,0.012916,1.271375,2206,8107209,142914,0,2,0,2,0,0,0,0,0,0,5406,0,3510,1896,0
3767,50995,19.714583,19.309026,19.322453,0.000000,0.000500,0.000000,0.000000,0.068125,0.013834,1.221750,2225,8107046,142274,0,2,0,2,0,0,0,0,0,0,7208,0,4680,2528,0
3768,50996,19.999917,19.585600,19.620738,0.000000,0.000377,0.000000,0.000000,0.063667,0.017083,1.280083,2272,8107373,145128,0,2,0,2,0,0,0,0,0,0,5406,0,3510,1896,0
3769,50997,19.999833,19.595121,19.613286,0.000000,0.000542,0.000000,0.000000,0.067542,0.023625,0.615667,2220,8107147,142851,0,2,0,2,0,0,0,0,0,0,5406,0,3510,1896,0
3770,50998,20.285334,19.876295,19.853705,0.000000,0.000374,0.000000,0.000000,0.062833,0.015458,1.169208,2188,8107055,140644,0,2,0,2,0,0,0,0,0,0,7208,0,4680,2528,0
3771,50999,20.901333,20.476902,20.480282,0.000000,0.000624,0.000000,0.000000,0.061208,0.013250,0.971417,2271,8107255,145760,0,2,0,2,0,0,0,0,0,0,5406,0,3510,1896,0
3772,51000,19.968833,19.563698,19.581654,0.000000,0.000293,0.000000,0.000000,0.067875,0.039584,1.229667,2219,8107254,142839,0,2,0,2,0,0,0,0,0,0,5406,0,3510,1896,0
3773,51001,19.650500,19.245316,19.264522,0.000000,0.000499,0.000000,0.000000,0.059417,0.014208,1.256751,2201,8107068,140937,0,2,0,2,0,0,0,0,0,0,7208,0,4680,2528,0
3774,51002,19.984000,19.579113,19.622211,0.000000,0.000416,0.000000,0.000000,0.056750,0.036750,1.271209,2244,8107253,144566,0,2,0,2,0,0,0,0,0,0,5406,0,3510,1896,0
3775,51003,20.040125,19.627460,19.650094,0.000000,0.000251,0.000000,0.000000,0.070000,0.035709,1.251042,2277,8107236,143445,0,2,0,2,0,0,0,0,0,0,5406,0,3510,1896,0
3776,51004,19.632625,19.219149,19.238604,0.000000,0.000459,0.000000,0.000000,0.050417,0.013000,1.312334,2195,8107045,141078,0,2,0,2,0,0,0,0,0,0,7208,0,4680,2528,0
3777,51005,20.305417,19.884470,19.835284,0.000000,0.000417,0.000000,0.000000,0.051000,0.014917,0.972459,2209,8107295,140996,0,2,0,2,0,0,0,0,0,0,5406,0,3510,1896,0
3778,51006,20.650042,20.230565,20.254693,0.000000,0.000376,0.000000,0.000000,0.051000,0.015375,0.648250,2297,8107252,146703,0,2,0,2,0,0,0,0,0,0,5406,0,3510,1896,0
3779,51007,19.999291,19.594303,19.614214,0.000000,0.000500,0.000000,0.000000,0.057042,0.014667,0.916292,2218,8107014,141815,0,2,0,2,0,0,0,0,0,0,7208,0,4680,2528,0
3780,51008,20.094084,19.677344,19.717211,0.000000,0.000418,0.000000,0.000000,0.074416,0.015417,0.768251,2264,8107289,144496,0,2,0,2,0,0,0,0,0,0,5406,0,3510,1896,0
3781,51009,19.817625,19.411829,19.444512,0.000000,0.000500,0.000000,0.000000,0.065125,0.016708,1.350791,2240,8107329,142034,0,2,0,2,0,0,0,0,0,0,5406,0,3510,1896,0
3782,51010,19.479416,19.080276,19.103550,0.000000,0.000375,0.000000,0.000000,0.062625,0.012875,1.320125,2182,8106958,139771,0,2,0,2,0,0,0,0,0,0,7208,0,4680,2528,0
3783,51011,20.228959,19.817792,19.852370,0.000000,0.000251,0.000000,0.000000,0.053291,0.014750,1.273625,2253,8107248,146074,0,2,0,2,0,0,0,0,0,0,5406,0,3510,1896,0
3784,51012,19.766041,19.356980,19.297184,0.000000,0.000459,0.000000,0.000000,0.063709,0.013291,1.275000,2256,8107254,142500,0,2,0,2,0,0,0,0,0,0,5406,0,3510,1896,0
3785,51013,19.525834,19.133550,19.172199,0.000000,0.000374,0.000000,0.000000,0.065000,0.015666,0.639125,2176,8107041,140108,0,2,0,2,0,0,0,0,0,0,7208,0,4680,2528,0
3786,51014,20.087958,19.667780,19.707025,0.000000,0.000499,0.000000,0.000000,0.058708,0.013542,1.240626,2242,8107288,144415,0,2,0,2,0,0,0,0,0,0,5406,0,3510,1896,0
3787,51015,19.678458,19.266542,19.294146,0.000000,0.000375,0.000000,0.000000,0.053625,0.014750,0.950000,2269,8107228,142956,0,2,0,2,0,0,0,0,0,0,5406,0,3510,1896,0
3788,51016,19.171084,18.775425,18.802930,0.000000,0.000458,0.000000,0.000000,0.056208,0.015292,1.281626,2193,8107061,141184,0,2,0,2,0,0,0,0,0,0,7208,0,4680,2528,0
3789,51017,18.825708,18.422784,18.453317,0.000000,0.000584,0.000000,0.000000,0.054417,0.015000,1.077417,2203,8107101,145534,0,2,0,2,0,0,0,0,0,0,5699,0,3510,2189,0
3790,51018,23.004917,22.577421,22.628321,0.000000,0.001166,0.000000,0.000000,0.085083,0.014667,0.956917,2241,8107266,160405,0,2,0,2,0,0,0,0,0,0,5406,0,3510,1896,0
3791,51019,21.699333,21.282526,21.330462,0.000000,0.001041,0.000000,0.000000,0.088042,0.015541,0.930751,2208,8107034,141886,0,2,0,2,0,0,0,0,0,0,7208,0,4680,2528,0
3792,51020,21.829792,21.407163,21.439451,0.000000,0.000831,0.000000,0.000000,0.083708,0.015417,1.321500,2252,8107272,145189,0,2,0,2,0,0,0,0,0,0,5406,0,3510,1896,0
3793,51021,21.269083,20.842217,20.887350,0.000000,0.000541,0.000000,0.000000,0.066042,0.016041,0.964709,2287,8107241,143509,0,2,0,2,0,0,0,0,0,0,5406,0,3510,1896,0
3794,51022,19.827667,19.429458,19.417278,0.000000,0.000917,0.000000,0.000000,0.060291,0.014167,1.255791,2196,8107032,140386,0,2,0,2,0,0,0,0,0,0,7208,0,4680,2528,0
3795,51023,20.171791,19.759861,19.787541,0.000000,0.000375,0.000000,0.000000,0.060375,0.014209,0.802958,2271,8107242,146629,0,2,0,2,0,0,0,0,0,0,5406,0,3510,1896,0
3796,51024,19.598417,19.189615,19.222478,0.000000,0.000291,0.000000,0.000000,0.050583,0.013875,0.957083,2230,8107174,142429,0,2,0,2,0,0,0,0,0,0,5586,0,3510,2076,0
3797,51025,20.664958,20.255082,20.279297,0.000000,0.000583,0.000000,0.000000,0.087584,0.018541,0.679749,2231,8107166,149941,0,2,0,2,0,0,0,0,0,0,7208,0,4680,2528,0
3798,51026,22.272625,21.855649,21.824461,0.000000,0.000667,0.000000,0.000000,0.083250,0.028334,1.251250,2226,8107136,151097,0,2,0,2,0,0,0,0,0,0,5406,0,3510,1896,0
3799,51027,21.681500,21.229876,21.102328,0.000000,0.000583,0.000000,0.000000,0.105375,0.037417,0.581041,2258,8107213,145995,0,2,0,2,0,0,0,0,0,0,5542,0,3510,2032,0
3800,51028,21.319250,20.942732,20.959644,0.000000,0.000416,0.000000,0.000000,0.052834,0.022541,1.261666,2234,8107136,149448,0,2,0,2,0,0,0,0,0,0,7208,0,4680,2528,0
3801,51029,20.856334,20.440326,20.432863,0.000000,0.000415,0.000000,0.000000,0.061500,0.046500,1.260125,2281,8107121,148207,0,2,0,2,0,0,0,0,0,0,5406,0,3510,1896,0
3802,51030,20.226208,19.801926,19.800680,0.000000,0.000499,0.000000,0.000000,0.056125,0.017875,0.449042,2253,8107206,144191,0,2,0,2,0,0,0,0,0,0,5406,0,3510,1896,0
3803,51031,20.103625,19.682814,19.705784,0.000000,0.000374,0.000000,0.000000,0.066083,0.019917,1.250834,2216,8107154,142902,0,2,0,2,0,0,0,0,0,0,7208,0,4680,2528,0
3804,51032,20.490792,20.076492,20.047931,0.000000,0.000542,0.000000,0.000000,0.072125,0.025041,0.930333,2266,8107140,146080,0,2,0,2,0,0,0,0,0,0,5406,0,3510,1896,0
3805,51033,20.480916,20.065425,20.013391,0.000000,0.000458,0.000000,0.000000,0.070584,0.013791,1.275584,2293,8107224,143835,0,2,0,2,0,0,0,0,0,0,5406,0,3510,1896,0
3806,51034,20.008125,19.604667,19.642841,0.000000,0.000500,0.000000,0.000000,0.055167,0.018375,0.954959,2212,8107124,143446,0,2,0,2,0,0,0,0,0,0,7208,0,4680,2528,0
3807,51035,21.063875,20.643535,20.628327,0.000000,0.000458,0.000000,0.000000,0.076334,0.063083,0.917625,2266,8107189,145626,0,2,0,2,0,0,0,0,0,0,5406,0,3510,1896,0
3808,51036,21.666625,21.236783,21.170752,0.000000,0.000958,0.000000,0.000000,0.079417,0.014458,1.273250,2279,8107259,144431,0,2,0,2,0,0,0,0,0,0,5406,0,3510,1896,0
3809,51037,22.007125,21.595630,21.027527,0.000000,0.000624,0.000000,0.000000,0.076459,0.014583,0.993292,2237,8107042,143952,0,2,0,2,0,0,0,0,0,0,7208,0,4680,2528,0
3810,51038,20.599084,20.188591,20.188927,0.000000,0.000501,0.000000,0.000000,0.070083,0.075708,1.120959,2205,8107304,143738,0,2,0,2,0,0,0,0,0,0,5406,0,3510,1896,0
3811,51039,20.455416,20.040836,20.004932,0.000000,0.000583,0.000000,0.000000,0.053500,0.013875,1.318083,2248,8107218,144904,0,2,0,2,0,0,0,0,0,0,5406,0,3510,1896,0
3812,51040,19.822334,19.419925,19.447927,0.000000,0.000332,0.000000,0.000000,0.055958,0.050833,1.270208,2241,8107127,144226,0,2,0,2,0,0,0,0,0,0,7208,0,4680,2528,0
3813,51041,19.820166,19.405251,19.405695,0.000000,0.000541,0.000000,0.000000,0.060292,0.012500,1.271250,2238,8107256,143988,0,2,0,2,0,0,0,0,0,0,5406,0,3510,1896,0
3814,51042,19.912375,19.504151,19.509303,0.000000,0.000501,0.000000,0.000000,0.050584,0.013458,0.924333,2197,8107206,143115,0,2,0,2,0,0,0,0,0,0,7004,0,4536,2468,0
3815,51043,20.147875,19.736419,19.761077,0.000000,0.000415,0.000000,0.000000,0.062167,0.015542,0.608916,2282,8107044,145824,0,2,0,2,0,0,0,0,0,0,5610,0,3654,1956,0
3816,51044,20.060334,19.644418,19.682388,0.000000,0.000418,0.000000,0.000000,0.066375,0.019083,1.265167,2234,8107315,144289,0,2,0,2,0,0,0,0,0,0,5406,0,3510,1896,0
3817,51045,19.690500,19.284298,19.331689,0.000000,0.000292,0.000000,0.000000,0.062291,0.014209,0.757792,2188,8106955,141917,0,2,0,2,0,0,0,0,0,0,7208,0,4680,2528,0
3818,51046,20.231375,19.820836,19.842483,0.000000,0.000417,0.000000,0.000000,0.064791,0.016042,0.790167,2264,8107365,146481,0,2,0,2,0,0,0,0,0,0,5406,0,3510,1896,0
3819,51047,20.001625,19.578163,19.608225,0.000000,0.000376,0.000000,0.000000,0.072291,0.012792,0.740332,2270,8107145,145207,0,2,0,2,0,0,0,0,0,0,5406,0,3510,1896,0
3820,51048,20.473583,20.060119,20.052797,0.000000,0.000332,0.000000,0.000000,0.058167,0.022750,0.985625,2210,8107065,142743,0,2,0,2,0,0,0,0,0,0,7208,0,4680,2528,0
3821,51049,20.152333,19.733316,19.757598,0.000000,0.000375,0.000000,0.000000,0.067209,0.028708,1.285000,2292,8107243,146154,0,2,0,2,0,0,0,0,0,0,5406,0,3510,1896,0
3822,51050,19.769542,19.371403,19.402170,0.000000,0.000416,0.000000,0.000000,0.062417,0.014375,0.892416,2196,8107253,143970,0,2,0,2,0,0,0,0,0,0,5406,0,3510,1896,0
3823,51051,19.919708,19.502004,19.530866,0.000000,0.000375,0.000000,0.000000,0.052250,0.024417,1.319250,2238,8107070,143740,0,2,0,2,0,0,0,0,0,0,7208,0,4680,2528,0
3824,51052,21.617334,21.180279,21.147626,0.000000,0.000751,0.000000,0.000000,0.082583,0.014292,1.127791,2278,8107231,146569,0,2,0,2,0,0,0,0,0,0,5406,0,3510,1896,0
3825,51053,21.751916,21.322603,21.162435,0.000000,0.000709,0.000000,0.000000,0.085917,0.046833,0.621708,2259,8107261,144142,0,2,0,2,0,0,0,0,0,0,5406,0,3510,1896,0
3826,51054,21.297709,20.893366,20.881859,0.000000,0.000541,0.000000,0.000000,0.058750,0.013166,0.986250,2170,8107133,141516,0,2,0,2,0,0,0,0,0,0,7208,0,4680,2528,0
3827,51055,20.256083,19.842011,19.856032,0.000000,0.000376,0.000000,0.000000,0.055167,0.016041,0.449250,2275,8107194,146551,0,2,0,2,0,0,0,0,0,0,5406,0,3510,1896,0
3828,51056,19.097333,18.694159,18.698045,0.000000,0.000334,0.000000,0.000000,0.052459,0.013458,1.077916,2178,8107165,142855,0,2,0,2,0,0,0,0,0,0,5586,0,3510,2076,0
3829,51057,22.350125,21.917271,21.899233,0.000000,0.000374,0.000000,0.000000,0.059417,0.019917,0.601959,2278,8107018,157100,0,2,0,2,0,0,0,0,0,0,7208,0,4680,2528,0
3830,51058,20.812209,20.388634,20.384566,0.000000,0.000290,0.000000,0.000000,0.067333,0.013833,1.222375,2323,8107254,149403,0,2,0,2,0,0,0,0,0,0,5406,0,3510,1896,0
3831,51059,20.486041,20.059820,20.104837,0.000000,0.000458,0.000000,0.000000,0.076542,0.017250,0.938250,2337,8107305,147377,0,2,0,2,0,0,0,0,0,0,5406,0,3510,1896,0
3832,51060,19.420667,19.011153,19.057526,0.000000,0.000333,0.000000,0.000000,0.050500,0.014375,0.936541,2233,8106956,146024,0,2,0,2,0,0,0,0,0,0,7341,0,4680,2661,0
3833,51061,21.692125,21.266922,21.279151,0.000000,0.000500,0.000000,0.000000,0.053000,0.015417,1.265041,2306,8106827,163802,0,2,0,2,0,0,0,0,0,0,7605,0,3510,4095,0
3834,51062,21.026292,20.585552,20.479906,0.000000,0.000459,0.000000,0.000000,0.050875,0.014833,1.276042,2326,8107300,157099,0,2,0,2,0,0,0,0,0,0,5684,0,3510,2174,0
3835,51063,22.635833,22.187650,22.206353,0.000000,0.000417,0.000000,0.000000,0.074792,0.018458,1.365917,2301,8106847,158092,0,2,0,2,0,0,0,0,0,0,7208,0,4680,2528,0
3836,51064,21.207500,20.773496,20.795359,0.000000,0.000375,0.000000,0.000000,0.076417,0.013333,0.943708,2316,8107290,149103,0,2,0,2,0,0,0,0,0,0,5406,0,3510,1896,0
3837,51065,20.050375,19.625032,19.660537,0.000000,0.000292,0.000000,0.000000,0.052917,0.016625,0.971542,2311,8107197,146264,0,2,0,2,0,0,0,0,0,0,5406,0,3510,1896,0
3838,51066,19.654250,19.241859,19.285148,0.000000,0.000334,0.000000,0.000000,0.050458,0.013334,1.288291,2275,8107049,145323,0,2,0,2,0,0,0,0,0,0,7208,0,4680,2528,0
3839,51067,20.479458,20.056351,20.094235,0.000000,0.000460,0.000000,0.000000,0.053125,0.027959,1.252417,2301,8107255,148852,0,2,0,2,0,0,0,0,0,0,5406,0,3510,1896,0
3840,51068,20.013167,19.600814,19.603553,0.000000,0.000250,0.000000,0.000000,0.055292,0.015875,1.260667,2294,8107287,145097,0,2,0,2,0,0,0,0,0,0,5406,0,3510,1896,0
3841,51069,19.880208,19.473040,19.511111,0.000000,0.000291,0.000000,0.000000,0.077542,0.015333,1.284541,2218,8107025,142518,0,2,0,2,0,0,0,0,0,0,7208,0,4680,2528,0
3842,51070,20.213542,19.796792,19.839875,0.000000,0.000334,0.000000,0.000000,0.056250,0.015083,0.613541,2279,8107250,146780,0,2,0,2,0,0,0,0,0,0,5406,0,3510,1896,0
3843,51071,20.500833,20.059157,20.076259,0.000000,0.000333,0.000000,0.000000,0.061792,0.014708,0.934250,2319,8107272,145336,0,2,0,2,0,0,0,0,0,0,5406,0,3510,1896,0
3844,51072,20.457417,20.057483,20.085820,0.000000,0.000668,0.000000,0.000000,0.085125,0.023333,1.080709,2220,8107064,142914,0,2,0,2,0,0,0,0,0,0,7208,0,4680,2528,0
3845,51073,21.422375,20.992692,20.958712,0.000000,0.000667,0.000000,0.000000,0.092583,0.015084,0.948999,2273,8107228,146194,0,2,0,2,0,0,0,0,0,0,5406,0,3510,1896,0
3846,51074,21.731208,21.292449,21.125371,0.000000,0.000250,0.000000,0.000000,0.061875,0.012209,0.601417,2280,8107279,145053,0,2,0,2,0,0,0,0,0,0,5406,0,3510,1896,0
3847,51075,20.158959,19.758140,19.788664,0.000000,0.000624,0.000000,0.000000,0.071583,0.014833,1.166792,2211,8107022,142987,0,2,0,2,0,0,0,0,0,0,7208,0,4680,2528,0
3848,51076,20.384583,19.969264,19.973657,0.000000,0.000415,0.000000,0.000000,0.060917,0.013833,0.762584,2291,8107302,146787,0,2,0,2,0,0,0,0,0,0,5406,0,3510,1896,0
3849,51077,19.927542,19.511378,19.549434,0.000000,0.000291,0.000000,0.000000,0.060625,0.023250,1.079916,2254,8107213,143347,0,2,0,2,0,0,0,0,0,0,5406,0,3510,1896,0
3850,51078,20.032541,19.626598,19.622829,0.000000,0.000499,0.000000,0.000000,0.102042,0.013292,1.270541,2186,8107033,142482,0,2,0,2,0,0,0,0,0,0,7208,0,4680,2528,0
3851,51079,21.365417,20.932675,20.945023,0.000000,0.000373,0.000000,0.000000,0.075833,0.015750,1.223959,2293,8107263,146523,0,2,0,2,0,0,0,0,0,0,5406,0,3510,1896,0
3852,51080,20.658542,20.239945,20.222728,0.000000,0.000333,0.000000,0.000000,0.062916,0.016792,1.256709,2255,8107280,144124,0,2,0,2,0,0,0,0,0,0,5406,0,3510,1896,0
3853,51081,20.071500,19.664351,19.568781,0.000000,0.000375,0.000000,0.000000,0.057750,0.032791,1.260083,2204,8106967,141966,0,2,0,2,0,0,0,0,0,0,7208,0,4680,2528,0
3854,51082,20.251541,19.837899,19.869948,0.000000,0.000250,0.000000,0.000000,0.062125,0.015834,1.244917,2249,8107218,145936,0,2,0,2,0,0,0,0,0,0,5406,0,3510,1896,0
3855,51083,20.286125,19.862445,19.854519,0.000000,0.000417,0.000000,0.000000,0.062042,0.012792,1.220250,2300,8107257,144762,0,2,0,2,0,0,0,0,0,0,5406,0,3510,1896,0
3856,51084,19.619292,19.191289,19.214734,0.000000,0.000458,0.000000,0.000000,0.050667,0.022916,0.654916,2194,8107072,142200,0,2,0,2,0,0,0,0,0,0,7208,0,4680,2528,0
3857,51085,19.824000,19.411436,19.444369,0.000000,0.000290,0.000000,0.000000,0.056000,0.013375,0.764625,2267,8107229,145591,0,2,0,2,0,0,0,0,0,0,5406,0,3510,1896,0
3858,51086,20.420875,19.993084,19.973186,0.000000,0.000416,0.000000,0.000000,0.061583,0.045417,1.060208,2263,8107259,143926,0,2,0,2,0,0,0,0,0,0,5406,0,3510,1896,0
3859,51087,20.243417,19.825327,19.822285,0.000000,0.000249,0.000000,0.000000,0.056041,0.013959,1.271875,2239,8107058,144552,0,2,0,2,0,0,0,0,0,0,7208,0,4680,2528,0
3860,51088,19.615125,19.209462,19.250297,0.000000,0.000250,0.000000,0.000000,0.049125,0.016000,1.223167,2234,8107250,144621,0,2,0,2,0,0,0,0,0,0,5406,0,3510,1896,0
3861,51089,20.479541,20.060241,20.076671,0.000000,0.000625,0.000000,0.000000,0.064750,0.025584,0.902207,2274,8107270,143679,0,2,0,2,0,0,0,0,0,0,5406,0,3510,1896,0
3862,51090,20.419167,20.006009,20.041458,0.000000,0.000585,0.000000,0.000000,0.068833,0.013917,0.580541,2201,8107034,143918,0,2,0,2,0,0,0,0,0,0,7208,0,4680,2528,0
3863,51091,18.800667,18.404262,18.450002,0.000000,0.000207,0.000000,0.000000,0.044500,0.011416,0.618875,2235,8107315,144450,0,2,0,2,0,0,0,0,0,0,5406,0,3510,1896,0
3864,51092,18.533458,18.138503,18.170372,0.000000,0.000292,0.000000,0.000000,0.049708,0.010542,1.113291,2222,8107197,143889,0,2,0,2,0,0,0,0,0,0,5406,0,3510,1896,0
3865,51093,18.714708,18.317918,18.363086,0.000000,0.000375,0.000000,0.000000,0.046084,0.012458,1.276333,2227,8107114,143639,0,2,0,2,0,0,0,0,0,0,7208,0,4680,2528,0
3866,51094,18.689250,18.281786,18.328193,0.000000,0.000333,0.000000,0.000000,0.054667,0.012417,1.215750,2193,8107241,143516,0,2,0,2,0,0,0,0,0,0,5406,0,3510,1896,0
3867,51095,19.210250,18.815960,18.854841,0.000000,0.000167,0.000000,0.000000,0.078375,0.040584,0.969042,2224,8107140,143371,0,2,0,2,0,0,0,0,0,0,7004,0,4536,2468,0
3868,51096,20.745125,20.324548,20.280389,0.000000,0.000750,0.000000,0.000000,0.084000,0.038625,0.632625,2243,8107139,144847,0,2,0,2,0,0,0,0,0,0,5610,0,3654,1956,0
3869,51097,22.016000,21.550865,21.402923,0.000000,0.000792,0.000000,0.000000,0.079792,0.047583,1.185833,2226,8107285,143770,0,2,0,2,0,0,0,0,0,0,5406,0,3510,1896,0
3870,51098,20.124584,19.729883,19.676368,0.000000,0.000958,0.000000,0.000000,0.087458,0.040375,0.607750,2161,8107052,141766,0,2,0,2,0,0,0,0,0,0,7208,0,4680,2528,0
3871,51099,19.406583,19.012101,18.932248,0.000000,0.000418,0.000000,0.000000,0.052417,0.012708,0.582918,2209,8107097,144654,0,2,0,2,0,0,0,0,0,0,5764,0,3510,2254,0
3872,51100,21.018458,20.601726,20.646577,0.000000,0.000374,0.000000,0.000000,0.049584,0.014250,0.751375,2324,8107245,156926,0,2,0,2,0,0,0,0,0,0,5406,0,3510,1896,0
3873,51101,18.419167,18.029487,18.055474,0.000000,0.000458,0.000000,0.000000,0.049583,0.010625,1.083708,2184,8107078,141435,0,2,0,2,0,0,0,0,0,0,7208,0,4680,2528,0
3874,51102,19.136917,18.734542,18.780750,0.000000,0.000374,0.000000,0.000000,0.053333,0.014625,1.215375,2271,8107227,146821,0,2,0,2,0,0,0,0,0,0,5406,0,3510,1896,0
3875,51103,19.543041,19.138771,19.137219,0.000000,0.000332,0.000000,0.000000,0.058042,0.015208,1.219959,2235,8107256,144505,0,2,0,2,0,0,0,0,0,0,5406,0,3510,1896,0
3876,51104,18.688459,18.292149,18.340264,0.000000,0.000417,0.000000,0.000000,0.050291,0.012375,0.609750,2187,8107073,142007,0,2,0,2,0,0,0,0,0,0,7208,0,4680,2528,0
3877,51105,19.180625,18.775036,18.818986,0.000000,0.000459,0.000000,0.000000,0.051541,0.012875,1.243333,2251,8107273,145750,0,2,0,2,0,0,0,0,0,0,5406,0,3510,1896,0
3878,51106,19.036416,18.640261,18.681254,0.000000,0.000416,0.000000,0.000000,0.049542,0.016292,1.231542,2222,8107224,144356,0,2,0,2,0,0,0,0,0,0,5406,0,3510,1896,0
3879,51107,19.354292,18.963282,18.972137,0.000000,0.000333,0.000000,0.000000,0.060792,0.014333,0.581208,2206,8107036,142677,0,2,0,2,0,0,0,0,0,0,7208,0,4680,2528,0
3880,51108,19.044792,18.644089,18.656099,0.000000,0.000334,0.000000,0.000000,0.051041,0.012625,0.628666,2248,8107257,145707,0,2,0,2,0,0,0,0,0,0,5406,0,3510,1896,0
3881,51109,18.960791,18.550764,18.582299,0.000000,0.000292,0.000000,0.000000,0.052000,0.012584,0.883251,2273,8107284,144349,0,2,0,2,0,0,0,0,0,0,5406,0,3510,1896,0
3882,51110,18.748584,18.357205,18.402060,0.000000,0.000458,0.000000,0.000000,0.055125,0.013291,1.235042,2171,8107033,141374,0,2,0,2,0,0,0,0,0,0,7208,0,4680,2528,0
3883,51111,20.409666,19.998022,19.961781,0.000000,0.000667,0.000000,0.000000,0.078334,0.037208,0.965958,2276,8107259,147607,0,2,0,2,0,0,0,0,0,0,5406,0,3510,1896,0
3884,51112,20.519125,20.103158,20.085298,0.000000,0.000418,0.000000,0.000000,0.078667,0.038250,0.819542,2268,8107291,144337,0,2,0,2,0,0,0,0,0,0,5406,0,3510,1896,0
3885,51113,20.110709,19.703473,19.580428,0.000000,0.000500,0.000000,0.000000,0.065291,0.013417,0.582541,2185,8107021,141681,0,2,0,2,0,0,0,0,0,0,7208,0,4680,2528,0
3886,51114,19.307375,18.903189,18.938974,0.000000,0.000459,0.000000,0.000000,0.053083,0.012583,0.587791,2271,8107264,146666,0,2,0,2,0,0,0,0,0,0,5406,0,3510,1896,0
3887,51115,19.597416,19.188968,19.216997,0.000000,0.000542,0.000000,0.000000,0.055500,0.013709,0.607875,2293,8107275,145143,0,2,0,2,0,0,0,0,0,0,5406,0,3510,1896,0
3888,51116,18.905042,18.511049,18.555881,0.000000,0.000375,0.000000,0.000000,0.063792,0.013458,0.912042,2206,8107010,142469,0,2,0,2,0,0,0,0,0,0,7208,0,4680,2528,0
3889,51117,19.218667,18.815304,18.855929,0.000000,0.000376,0.000000,0.000000,0.046375,0.012458,1.089625,2271,8107274,146028,0,2,0,2,0,0,0,0,0,0,5406,0,3510,1896,0
3890,51118,19.483791,19.073806,19.097563,0.000000,0.000418,0.000000,0.000000,0.068334,0.032208,0.943208,2229,8107258,142522,0,2,0,2,0,0,0,0,0,0,5406,0,3510,1896,0
3891,51119,20.920209,20.509064,20.539720,0.000000,0.000291,0.000000,0.000000,0.062083,0.022750,1.290750,2248,8106983,149666,0,2,0,2,0,0,0,0,0,0,7208,0,4680,2528,0
3892,51120,20.696541,20.275908,20.306514,0.000000,0.000502,0.000000,0.000000,0.070834,0.038083,1.246625,2300,8107268,148684,0,2,0,2,0,0,0,0,0,0,5406,0,3510,1896,0
3893,51121,21.166375,20.738217,20.703649,0.000000,0.000708,0.000000,0.000000,0.087209,0.078750,1.222917,2311,8107292,146214,0,2,0,2,0,0,0,0,0,0,5406,0,3510,1896,0
3894,51122,21.169542,20.747449,20.703775,0.000000,0.000583,0.000000,0.000000,0.073583,0.024334,0.938875,2242,8107150,143757,0,2,0,2,0,0,0,0,0,0,7208,0,4680,2528,0
3895,51123,24.099042,23.647564,23.311394,0.000000,0.000834,0.000000,0.000000,0.081166,0.024042,0.591125,2288,8107131,149442,0,2,0,2,0,0,0,0,0,0,5406,0,3510,1896,0
3896,51124,23.739500,23.243921,22.773650,0.000000,0.000791,0.000000,0.000000,0.092333,0.020000,1.244125,2319,8107247,146448,0,2,0,2,0,0,0,0,0,0,5406,0,3510,1896,0
3897,51125,20.780541,20.356951,20.355971,0.000000,0.000541,0.000000,0.000000,0.054792,0.068875,0.938916,2240,8107003,143281,0,2,0,2,0,0,0,0,0,0,7208,0,4680,2528,0
3898,51126,20.671459,20.252176,20.247757,0.000000,0.000583,0.000000,0.000000,0.057666,0.021459,1.104624,2279,8107261,148101,0,2,0,2,0,0,0,0,0,0,5406,0,3510,1896,0
3899,51127,20.806125,20.378205,20.398147,0.000000,0.000375,0.000000,0.000000,0.058166,0.061042,1.266042,2334,8107313,147799,0,2,0,2,0,0,0,0,0,0,5406,0,3510,1896,0
3900,51128,20.246291,19.833201,19.824380,0.000000,0.000335,0.000000,0.000000,0.056625,0.023625,1.253666,2237,8107096,144339,0,2,0,2,0,0,0,0,0,0,7208,0,4680,2528,0
3901,51129,20.551625,20.131932,20.154812,0.000000,0.000291,0.000000,0.000000,0.052667,0.022125,1.310042,2312,8107107,147753,0,2,0,2,0,0,0,0,0,0,5406,0,3510,1896,0
3902,51130,20.033834,19.612365,19.626133,0.000000,0.000458,0.000000,0.000000,0.072041,0.016959,1.222250,2263,8107296,144488,0,2,0,2,0,0,0,0,0,0,5406,0,3510,1896,0
3903,51131,20.813125,20.403727,20.334809,0.000000,0.000501,0.000000,0.000000,0.073583,0.031417,0.922834,2251,8106995,145639,0,2,0,2,0,0,0,0,0,0,7208,0,4680,2528,0
3904,51132,21.735541,21.308891,21.274181,0.000000,0.000582,0.000000,0.000000,0.071959,0.019666,1.261167,2284,8107258,147378,0,2,0,2,0,0,0,0,0,0,5406,0,3510,1896,0
3905,51133,22.214625,21.747119,21.646627,0.000000,0.000584,0.000000,0.000000,0.075334,0.020208,0.618000,2287,8107252,145236,0,2,0,2,0,0,0,0,0,0,5406,0,3510,1896,0
3906,51134,20.170167,19.788442,19.725484,0.000000,0.000666,0.000000,0.000000,0.068167,0.013041,0.896000,2204,8107161,142339,0,2,0,2,0,0,0,0,0,0,7208,0,4680,2528,0
3907,51135,21.162417,20.748866,20.737983,0.000000,0.000334,0.000000,0.000000,0.067541,0.016917,1.261000,2268,8107111,148516,0,2,0,2,0,0,0,0,0,0,5406,0,3510,1896,0
3908,51136,20.140625,19.719525,19.759389,0.000000,0.000375,0.000000,0.000000,0.054166,0.015417,0.625417,2279,8107259,145240,0,2,0,2,0,0,0,0,0,0,5406,0,3510,1896,0
3909,51137,19.579750,19.177509,19.201309,0.000000,0.000498,0.000000,0.000000,0.073000,0.015125,1.319333,2198,8107070,142041,0,2,0,2,0,0,0,0,0,0,7208,0,4680,2528,0
3910,51138,19.044666,18.641939,18.661766,0.000000,0.000457,0.000000,0.000000,0.049334,0.012375,0.963417,2243,8107064,147522,0,2,0,2,0,0,0,0,0,0,5714,0,3510,2204,0
3911,51139,21.070625,20.661246,20.687702,0.000000,0.000210,0.000000,0.000000,0.057959,0.018916,0.925208,2259,8107213,164211,0,2,0,2,0,0,0,0,0,0,5406,0,3510,1896,0
3912,51140,20.105875,19.680670,19.702948,0.000000,0.000458,0.000000,0.000000,0.056875,0.015000,0.919208,2260,8107057,145627,0,2,0,2,0,0,0,0,0,0,7208,0,4680,2528,0
3913,51141,20.014959,19.604881,19.636131,0.000000,0.000292,0.000000,0.000000,0.068916,0.019584,1.301626,2248,8107326,144723,0,2,0,2,0,0,0,0,0,0,5406,0,3510,1896,0
3914,51142,19.865750,19.456631,19.465646,0.000000,0.000333,0.000000,0.000000,0.061708,0.013125,1.305750,2256,8107239,143902,0,2,0,2,0,0,0,0,0,0,5406,0,3510,1896,0
3915,51143,21.367958,20.947961,20.839296,0.000000,0.000999,0.000000,0.000000,0.085042,0.027083,1.062500,2272,8107008,145057,0,2,0,2,0,0,0,0,0,0,7208,0,4680,2528,0
3916,51144,21.628833,21.200584,21.172193,0.000000,0.000459,0.000000,0.000000,0.073084,0.014958,0.929375,2243,8107285,144666,0,2,0,2,0,0,0,0,0,0,5406,0,3510,1896,0
3917,51145,20.263792,19.810410,19.618349,0.000000,0.000375,0.000000,0.000000,0.049000,0.013542,0.906001,2167,8107165,145636,0,2,0,2,0,0,0,0,0,0,5565,0,3510,2055,0
3918,51146,21.229917,20.808005,20.846732,0.000000,0.000293,0.000000,0.000000,0.052208,0.019333,0.940250,2254,8106953,157894,0,2,0,2,0,0,0,0,0,0,7390,0,4680,2710,0
3919,51147,21.840875,21.403865,21.387655,0.000000,0.000500,0.000000,0.000000,0.064333,0.020333,1.111876,2331,8107297,154597,0,2,0,2,0,0,0,0,0,0,5406,0,3510,1896,0
3920,51148,20.111875,19.685788,19.711548,0.000000,0.000252,0.000000,0.000000,0.061791,0.014834,1.249959,2252,8107163,144204,0,2,0,2,0,0,0,0,0,0,7004,0,4536,2468,0
3921,51149,20.049625,19.631450,19.667511,0.000000,0.000457,0.000000,0.000000,0.049708,0.013000,0.609250,2250,8107127,144706,0,2,0,2,0,0,0,0,0,0,5610,0,3654,1956,0
3922,51150,19.673000,19.274038,19.290329,0.000000,0.000375,0.000000,0.000000,0.059791,0.015500,1.152084,2184,8107268,142787,0,2,0,2,0,0,0,0,0,0,5406,0,3510,1896,0
3923,51151,21.083291,20.664331,20.686563,0.000000,0.000376,0.000000,0.000000,0.065875,0.023042,1.028458,2306,8107068,152329,0,2,0,2,0,0,0,0,0,0,7208,0,4680,2528,0
3924,51152,24.313667,23.846934,23.807589,0.000000,0.000832,0.000000,0.000000,0.083625,0.045500,1.958208,2418,8107190,160651,0,2,0,2,0,0,0,0,0,0,5406,0,3510,1896,0
3925,51153,23.378167,22.903292,22.739224,0.000000,0.000957,0.000000,0.000000,0.077166,0.024375,1.317626,2470,8107309,151939,0,2,0,2,0,0,0,0,0,0,5406,0,3510,1896,0
3926,51154,22.021791,21.572466,21.467403,0.000000,0.000293,0.000000,0.000000,0.067375,0.013584,0.939541,2451,8107168,150985,0,2,0,2,0,0,0,0,0,0,7208,0,4680,2528,0
3927,51155,21.511750,21.064320,21.099326,0.000000,0.000293,0.000000,0.000000,0.060500,0.019500,1.282541,2417,8107089,153375,0,2,0,2,0,0,0,0,0,0,5406,0,3510,1896,0
3928,51156,24.477667,24.015674,23.944064,0.000000,0.001084,0.000000,0.000000,0.096750,0.082125,1.247542,2446,8107274,162667,0,2,0,2,0,0,0,0,0,0,5406,0,3510,1896,0
3929,51157,24.159667,23.669510,23.463379,0.000000,0.000791,0.000000,0.000000,0.072541,0.014084,0.926625,2430,8107011,151347,0,2,0,2,0,0,0,0,0,0,7208,0,4680,2528,0
3930,51158,21.813000,21.371678,21.346982,0.000000,0.000542,0.000000,0.000000,0.051416,0.014542,0.900084,2421,8107480,154667,0,2,0,2,0,0,0,0,0,0,5406,0,3510,1896,0
3931,51159,21.541791,21.089909,21.095027,0.000000,0.000375,0.000000,0.000000,0.069125,0.014959,0.651458,2439,8107021,153428,0,2,0,2,0,0,0,0,0,0,5406,0,3510,1896,0
3932,51160,21.444292,21.006613,20.980199,0.000000,0.000625,0.000000,0.000000,0.058375,0.015083,1.142542,2396,8107062,150179,0,2,0,2,0,0,0,0,0,0,7208,0,4680,2528,0
3933,51161,21.252333,20.823166,20.844016,0.000000,0.000500,0.000000,0.000000,0.058250,0.014250,1.203667,2365,8107235,153401,0,2,0,2,0,0,0,0,0,0,5406,0,3510,1896,0
3934,51162,21.241375,20.783189,20.789160,0.000000,0.000417,0.000000,0.000000,0.055125,0.013042,1.211000,2414,8107255,153168,0,2,0,2,0,0,0,0,0,0,5406,0,3510,1896,0
3935,51163,20.639625,20.202016,20.232740,0.000000,0.000375,0.000000,0.000000,0.055250,0.018042,1.120625,2362,8107044,149829,0,2,0,2,0,0,0,0,0,0,7208,0,4680,2528,0
3936,51164,21.240417,20.811160,20.847548,0.000000,0.000249,0.000000,0.000000,0.064125,0.015167,0.900958,2390,8107286,153611,0,2,0,2,0,0,0,0,0,0,5406,0,3510,1896,0
3937,51165,20.023042,19.585276,19.615203,0.000000,0.000498,0.000000,0.000000,0.057625,0.013416,0.945166,2370,8107193,151540,0,2,0,2,0,0,0,0,0,0,5565,0,3510,2055,0
3938,51166,21.666208,21.222260,21.270625,0.000000,0.000416,0.000000,0.000000,0.085542,0.051458,0.746583,2380,8107060,158227,0,2,0,2,0,0,0,0,0,0,7208,0,4680,2528,0
3939,51167,23.108375,22.663224,22.586206,0.000000,0.000625,0.000000,0.000000,0.075792,0.025583,0.953251,2377,8107111,155980,0,2,0,2,0,0,0,0,0,0,6431,0,3510,2921,0
3940,51168,23.796000,23.275677,23.071491,0.000000,0.000626,0.000000,0.000000,0.071083,0.076292,1.394209,2414,8107008,152635,0,2,0,2,0,0,0,0,0,0,6422,0,3510,2912,0
3941,51169,21.117542,20.686170,20.681197,0.000000,0.000457,0.000000,0.000000,0.059166,0.014667,0.914458,2343,8106991,149325,0,2,0,2,0,0,0,0,0,0,7208,0,4680,2528,0
3942,51170,21.081541,20.640943,20.641424,0.000000,0.000415,0.000000,0.000000,0.058875,0.013750,0.962917,2361,8107255,154108,0,2,0,2,0,0,0,0,0,0,5406,0,3510,1896,0
3943,51171,20.577834,20.131233,20.105193,0.000000,0.000376,0.000000,0.000000,0.047250,0.014250,0.804417,2411,8107285,154450,0,2,0,2,0,0,0,0,0,0,5538,0,3510,2028,0
3944,51172,22.921375,22.389262,22.343124,0.000000,0.000874,0.000000,0.000000,0.079041,0.032042,0.606500,2387,8106899,162643,0,2,0,2,0,0,0,0,0,0,7208,0,4680,2528,0
3945,51173,23.517583,23.068599,22.410499,0.000000,0.000749,0.000000,0.000000,0.100875,0.037125,1.094375,2361,8107255,155591,0,2,0,2,0,0,0,0,0,0,5406,0,3510,1896,0
3946,51174,26.826583,26.362660,25.550373,0.000000,0.000876,0.000000,0.000000,0.083500,0.034000,1.251625,2448,8107277,165057,0,2,0,2,0,0,0,0,0,0,5406,0,3510,1896,0
3947,51175,25.901042,25.370827,24.579700,0.000000,0.000541,0.000000,0.000000,0.071333,0.032875,0.895749,2438,8107001,156797,0,2,0,2,0,0,0,0,0,0,7208,0,4680,2528,0
3948,51176,22.714125,22.246396,22.252130,0.000000,0.000417,0.000000,0.000000,0.077500,0.016083,1.145625,2444,8107263,159676,0,2,0,2,0,0,0,0,0,0,5406,0,3510,1896,0
3949,51177,22.131917,21.665612,21.584610,0.000000,0.000458,0.000000,0.000000,0.092583,0.018458,0.906208,2431,8107492,156626,0,2,0,2,0,0,0,0,0,0,5406,0,3510,1896,0
3950,51178,22.540583,22.073728,21.983533,0.000000,0.000418,0.000000,0.000000,0.082417,0.023208,0.990125,2455,8106753,155631,0,2,0,2,0,0,0,0,0,0,7208,0,4680,2528,0
3951,51179,23.260083,22.800322,22.783392,0.000000,0.000666,0.000000,0.000000,0.073250,0.069167,0.968500,2438,8107401,158968,0,2,0,2,0,0,0,0,0,0,5406,0,3510,1896,0
3952,51180,24.406167,23.925567,23.680009,0.000000,0.000667,0.000000,0.000000,0.103542,0.033083,0.896041,2440,8107367,157073,0,2,0,2,0,0,0,0,0,0,5406,0,3510,1896,0
3953,51181,24.942625,24.476323,23.872244,0.000000,0.000958,0.000000,0.000000,0.105625,0.021167,0.602542,2444,8106754,154657,0,2,0,2,0,0,0,0,0,0,7208,0,4680,2528,0
3954,51182,25.640792,25.153227,24.797748,0.000000,0.000834,0.000000,0.000000,0.090750,0.038750,0.598126,2470,8107258,159958,0,2,0,2,0,0,0,0,0,0,5406,0,3510,1896,0
3955,51183,24.914750,24.374714,24.048817,0.000000,0.000749,0.000000,0.000000,0.083833,0.015083,1.071543,2445,8107520,158108,0,2,0,2,0,0,0,0,0,0,5406,0,3510,1896,0
3956,51184,23.617500,23.147164,23.035180,0.000000,0.000667,0.000000,0.000000,0.112958,0.017542,0.621500,2464,8106764,155706,0,2,0,2,0,0,0,0,0,0,7208,0,4680,2528,0
3957,51185,25.624416,25.108962,24.667014,0.000000,0.000625,0.000000,0.000000,0.069875,0.014000,0.585333,2437,8107294,158152,0,2,0,2,0,0,0,0,0,0,5406,0,3510,1896,0
3958,51186,22.817292,22.346925,22.318698,0.000000,0.000458,0.000000,0.000000,0.062625,0.013542,0.736792,2464,8107297,157457,0,2,0,2,0,0,0,0,0,0,5406,0,3510,1896,0
3959,51187,21.319333,20.867178,20.904570,0.000000,0.000667,0.000000,0.000000,0.062542,0.014417,1.269041,2434,8107052,158306,0,2,0,2,0,0,0,0,0,0,7347,0,4680,2667,0
3960,51188,23.091709,22.639392,22.663380,0.000000,0.000418,0.000000,0.000000,0.052250,0.012583,1.868416,2463,8107107,172466,0,2,0,2,0,0,0,0,0,0,5406,0,3510,1896,0
3961,51189,22.336583,21.866777,21.758819,0.000000,0.000833,0.000000,0.000000,0.087792,0.026583,0.964917,2396,8107220,156278,0,2,0,2,0,0,0,0,0,0,5406,0,3510,1896,0
3962,51190,23.152292,22.679346,22.663235,0.000000,0.001084,0.000000,0.000000,0.076791,0.014209,1.259708,2421,8107082,155217,0,2,0,2,0,0,0,0,0,0,7208,0,4680,2528,0
3963,51191,23.013125,22.557668,22.440554,0.000000,0.001000,0.000000,0.000000,0.076416,0.013584,0.960708,2418,8107197,158216,0,2,0,2,0,0,0,0,0,0,5406,0,3510,1896,0
3964,51192,21.668708,21.226488,21.254765,0.000000,0.000541,0.000000,0.000000,0.058542,0.020000,0.931167,2389,8107297,155020,0,2,0,2,0,0,0,0,0,0,5406,0,3510,1896,0
3965,51193,22.692167,22.223737,22.204882,0.000000,0.000749,0.000000,0.000000,0.086750,0.023250,1.252626,2396,8107182,154739,0,2,0,2,0,0,0,0,0,0,7208,0,4680,2528,0
3966,51194,23.479458,22.990573,22.856533,0.000000,0.000750,0.000000,0.000000,0.078625,0.030750,0.940500,2432,8107100,155840,0,2,0,2,0,0,0,0,0,0,5406,0,3510,1896,0
3967,51195,20.892583,20.466227,20.473126,0.000000,0.000541,0.000000,0.000000,0.050209,0.017750,1.000291,2332,8107170,156314,0,2,0,2,0,0,0,0,0,0,5565,0,3510,2055,0
3968,51196,23.197209,22.758432,22.715704,0.000000,0.000334,0.000000,0.000000,0.055625,0.014916,1.286791,2349,8107054,160090,0,2,0,2,0,0,0,0,0,0,7208,0,4680,2528,0
3969,51197,20.968083,20.543659,20.552444,0.000000,0.000626,0.000000,0.000000,0.061750,0.016000,1.294459,2329,8107256,152260,0,2,0,2,0,0,0,0,0,0,5406,0,3510,1896,0
3970,51198,21.557375,21.123049,21.090207,0.000000,0.000500,0.000000,0.000000,0.070667,0.044541,1.308500,2339,8107349,152654,0,2,0,2,0,0,0,0,0,0,5406,0,3510,1896,0
3971,51199,20.819458,20.398006,20.400891,0.000000,0.000542,0.000000,0.000000,0.056542,0.015625,0.608292,2330,8107006,152749,0,2,0,2,0,0,0,0,0,0,7208,0,4680,2528,0
3972,51200,20.743375,20.304750,20.344396,0.000000,0.000374,0.000000,0.000000,0.052875,0.012875,1.258584,2359,8107196,152840,0,2,0,2,0,0,0,0,0,0,5406,0,3510,1896,0
3973,51201,20.813459,20.388412,20.384909,0.000000,0.000417,0.000000,0.000000,0.068416,0.022167,1.091832,2328,8107403,150220,0,2,0,2,0,0,0,0,0,0,7004,0,4536,2468,0
3974,51202,20.372958,19.946132,19.980511,0.000000,0.000375,0.000000,0.000000,0.044667,0.023875,1.013750,2336,8107121,154426,0,2,0,2,0,0,0,0,0,0,5744,0,3654,2090,0
3975,51203,22.247333,21.811449,21.846886,0.000000,0.000417,0.000000,0.000000,0.057417,0.024333,0.946542,2395,8107018,159509,0,2,0,2,0,0,0,0,0,0,5406,0,3510,1896,0
3976,51204,20.645584,20.189187,20.198986,0.000000,0.000332,0.000000,0.000000,0.053833,0.020292,0.590959,2342,8107246,148570,0,2,0,2,0,0,0,0,0,0,7208,0,4680,2528,0
3977,51205,21.317750,20.863353,20.840306,0.000000,0.000333,0.000000,0.000000,0.061458,0.012375,1.284250,2322,8107001,152644,0,2,0,2,0,0,0,0,0,0,5406,0,3510,1896,0
3978,51206,20.777333,20.339027,20.373127,0.000000,0.000459,0.000000,0.000000,0.063250,0.014583,0.970207,2378,8107403,150468,0,2,0,2,0,0,0,0,0,0,5406,0,3510,1896,0
3979,51207,21.347625,20.910462,20.917169,0.000000,0.000541,0.000000,0.000000,0.083333,0.034917,1.307542,2337,8106904,149583,0,2,0,2,0,0,0,0,0,0,7208,0,4680,2528,0
3980,51208,22.763792,22.312799,22.246678,0.000000,0.000958,0.000000,0.000000,0.125375,0.034625,0.954416,2337,8107291,153247,0,2,0,2,0,0,0,0,0,0,5406,0,3510,1896,0
3981,51209,24.407666,23.917108,23.428933,0.000000,0.003458,0.000000,0.000000,0.089917,0.016208,0.939209,2371,8107230,150155,0,2,0,2,0,0,0,0,0,0,5406,0,3510,1896,0
3982,51210,23.186875,22.717757,22.418683,0.000000,0.000543,0.000000,0.000000,0.098375,0.046292,0.613125,2342,8107138,148551,0,2,0,2,0,0,0,0,0,0,7208,0,4680,2528,0
3983,51211,22.410125,21.977398,21.863876,0.000000,0.000583,0.000000,0.000000,0.069959,0.022583,0.948416,2333,8107183,154560,0,2,0,2,0,0,0,0,0,0,5406,0,3510,1896,0
3984,51212,20.683959,20.251141,20.278584,0.000000,0.000582,0.000000,0.000000,0.062083,0.013667,1.320791,2325,8107421,147564,0,2,0,2,0,0,0,0,0,0,5406,0,3510,1896,0
3985,51213,20.231291,19.806636,19.774376,0.000000,0.000875,0.000000,0.000000,0.069750,0.020292,1.328334,2254,8106792,146727,0,2,0,2,0,0,0,0,0,0,7367,0,4680,2687,0
3986,51214,23.060417,22.631518,22.486485,0.000000,0.000541,0.000000,0.000000,0.063792,0.018000,0.958083,2276,8107274,155993,0,2,0,2,0,0,0,0,0,0,5406,0,3510,1896,0
3987,51215,20.644500,20.225168,20.238558,0.000000,0.000458,0.000000,0.000000,0.072333,0.014167,0.967083,2295,8107273,151365,0,2,0,2,0,0,0,0,0,0,5406,0,3510,1896,0
3988,51216,20.399042,19.979308,20.017846,0.000000,0.000416,0.000000,0.000000,0.055875,0.019791,1.258792,2278,8107030,146994,0,2,0,2,0,0,0,0,0,0,7208,0,4680,2528,0
3989,51217,20.222875,19.812523,19.845702,0.000000,0.000375,0.000000,0.000000,0.051583,0.013917,1.293917,2246,8107248,150026,0,2,0,2,0,0,0,0,0,0,5406,0,3510,1896,0
3990,51218,20.688333,20.261821,20.275704,0.000000,0.000626,0.000000,0.000000,0.063083,0.015542,1.253041,2304,8107289,147819,0,2,0,2,0,0,0,0,0,0,5406,0,3510,1896,0
3991,51219,20.519125,20.106375,20.122717,0.000000,0.000627,0.000000,0.000000,0.056708,0.017375,1.267208,2263,8107010,146020,0,2,0,2,0,0,0,0,0,0,7208,0,4680,2528,0
3992,51220,20.409083,19.997199,20.038519,0.000000,0.000460,0.000000,0.000000,0.063709,0.015083,0.633875,2272,8107263,150176,0,2,0,2,0,0,0,0,0,0,5406,0,3510,1896,0
3993,51221,20.430459,20.012513,20.040045,0.000000,0.000375,0.000000,0.000000,0.057125,0.013875,1.260667,2296,8107327,147463,0,2,0,2,0,0,0,0,0,0,5406,0,3510,1896,0
3994,51222,20.337291,19.916349,19.880296,0.000000,0.000457,0.000000,0.000000,0.057625,0.014959,0.953708,2244,8107012,145060,0,2,0,2,0,0,0,0,0,0,7208,0,4680,2528,0
3995,51223,20.502584,20.084772,20.125937,0.000000,0.000418,0.000000,0.000000,0.063833,0.015417,0.945542,2276,8107218,150758,0,2,0,2,0,0,0,0,0,0,5406,0,3510,1896,0
3996,51224,21.896291,21.453961,21.303174,0.000000,0.000668,0.000000,0.000000,0.078334,0.016166,0.579958,2313,8107310,147900,0,2,0,2,0,0,0,0,0,0,5406,0,3510,1896,0
3997,51225,21.774750,21.342010,21.310723,0.000000,0.000625,0.000000,0.000000,0.069334,0.042958,1.200583,2257,8107214,144677,0,2,0,2,0,0,0,0,0,0,7208,0,4680,2528,0
3998,51226,21.345292,20.916652,20.866955,0.000000,0.000418,0.000000,0.000000,0.073458,0.029792,0.951500,2263,8107047,150180,0,2,0,2,0,0,0,0,0,0,5406,0,3510,1896,0
3999,51227,21.097250,20.665784,20.660993,0.000000,0.000458,0.000000,0.000000,0.051625,0.013208,1.317625,2327,8107240,149073,0,2,0,2,0,0,0,0,0,0,5406,0,3510,1896,0
4000,51228,20.082292,19.669930,19.690395,0.000000,0.000501,0.000000,0.000000,0.064125,0.013791,0.952208,2264,8107063,145718,0,2,0,2,0,0,0,0,0,0,7208,0,4680,2528,0
4001,51229,20.605958,20.194331,20.178663,0.000000,0.000335,0.000000,0.000000,0.071125,0.013000,1.055916,2255,8107233,149623,0,2,0,2,0,0,0,0,0,0,5406,0,3510,1896,0
4002,51230,20.265083,19.842287,19.886710,0.000000,0.000415,0.000000,0.000000,0.067459,0.013041,0.958458,2319,8107255,147470,0,2,0,2,0,0,0,0,0,0,5406,0,3510,1896,0
4003,51231,19.693000,19.255130,19.284692,0.000000,0.000332,0.000000,0.000000,0.065334,0.012416,1.285833,2280,8106957,149665,0,2,0,2,0,0,0,0,0,0,7340,0,4680,2660,0
4004,51232,22.179084,21.715953,21.737839,0.000000,0.000375,0.000000,0.000000,0.060708,0.040875,1.296333,2324,8107338,161235,0,2,0,2,0,0,0,0,0,0,5406,0,3510,1896,0
4005,51233,22.067625,21.652943,20.594776,0.000000,0.000542,0.000000,0.000000,0.064250,0.012875,1.243208,2285,8107128,146811,0,2,0,2,0,0,0,0,0,0,5406,0,3510,1896,0
4006,51234,21.472625,21.046436,20.682832,0.000000,0.000333,0.000000,0.000000,0.060250,0.022291,1.308791,2248,8107057,147433,0,2,0,2,0,0,0,0,0,0,7208,0,4680,2528,0
4007,51235,21.543291,21.111314,21.145028,0.000000,0.000457,0.000000,0.000000,0.066209,0.049666,1.275208,2230,8107209,152127,0,2,0,2,0,0,0,0,0,0,5406,0,3510,1896,0
4008,51236,20.993834,20.571687,20.549146,0.000000,0.000458,0.000000,0.000000,0.070666,0.018417,1.299500,2283,8107276,148215,0,2,0,2,0,0,0,0,0,0,5406,0,3510,1896,0
4009,51237,20.639208,20.227089,20.231261,0.000000,0.000333,0.000000,0.000000,0.054000,0.019333,1.120209,2232,8107046,144054,0,2,0,2,0,0,0,0,0,0,7208,0,4680,2528,0
4010,51238,20.362500,19.950438,19.972479,0.000000,0.000417,0.000000,0.000000,0.055333,0.016834,1.260583,2230,8107200,148196,0,2,0,2,0,0,0,0,0,0,5406,0,3510,1896,0
4011,51239,19.707625,19.292200,19.308397,0.000000,0.000375,0.000000,0.000000,0.060042,0.019291,1.296959,2238,8107250,149629,0,2,0,2,0,0,0,0,0,0,5565,0,3510,2055,0
4012,51240,21.398208,20.978644,21.012590,0.000000,0.000293,0.000000,0.000000,0.058959,0.020333,1.276832,2242,8106956,152339,0,2,0,2,0,0,0,0,0,0,7208,0,4680,2528,0
4013,51241,20.380000,19.974608,19.982559,0.000000,0.000417,0.000000,0.000000,0.058750,0.014459,0.982541,2230,8107423,148912,0,2,0,2,0,0,0,0,0,0,5406,0,3510,1896,0
4014,51242,20.197500,19.778855,19.820442,0.000000,0.000416,0.000000,0.000000,0.051959,0.014208,1.302750,2245,8107088,146421,0,2,0,2,0,0,0,0,0,0,5406,0,3510,1896,0
4015,51243,21.089792,20.680213,20.567582,0.000000,0.000375,0.000000,0.000000,0.053083,0.012875,0.654834,2235,8107067,145110,0,2,0,2,0,0,0,0,0,0,7208,0,4680,2528,0
4016,51244,20.680167,20.267692,20.301842,0.000000,0.000334,0.000000,0.000000,0.051833,0.014542,1.267499,2240,8107266,149833,0,2,0,2,0,0,0,0,0,0,5406,0,3510,1896,0
4017,51245,20.212708,19.797784,19.836905,0.000000,0.000502,0.000000,0.000000,0.065708,0.015334,1.023375,2240,8107217,145602,0,2,0,2,0,0,0,0,0,0,5406,0,3510,1896,0
4018,51246,20.229542,19.818113,19.841784,0.000000,0.000458,0.000000,0.000000,0.060916,0.014334,1.285250,2240,8107049,144902,0,2,0,2,0,0,0,0,0,0,7208,0,4680,2528,0
4019,51247,20.403166,19.986776,19.995465,0.000000,0.000251,0.000000,0.000000,0.071709,0.044666,1.291334,2251,8107360,147558,0,2,0,2,0,0,0,0,0,0,5406,0,3510,1896,0
4020,51248,19.956375,19.550546,19.567035,0.000000,0.000499,0.000000,0.000000,0.058792,0.012333,0.954292,2241,8107187,145988,0,2,0,2,0,0,0,0,0,0,5406,0,3510,1896,0
4021,51249,19.905042,19.495194,19.532013,0.000000,0.000415,0.000000,0.000000,0.055458,0.013584,1.267542,2241,8107239,145599,0,2,0,2,0,0,0,0,0,0,7208,0,4680,2528,0
4022,51250,19.788833,19.369556,19.392191,0.000000,0.000374,0.000000,0.000000,0.051417,0.012792,1.312333,2231,8107097,145099,0,2,0,2,0,0,0,0,0,0,5406,0,3510,1896,0
4023,51251,20.241334,19.825252,19.855720,0.000000,0.000292,0.000000,0.000000,0.050125,0.034750,1.311958,2247,8107197,147492,0,2,0,2,0,0,0,0,0,0,5406,0,3510,1896,0
4024,51252,20.096125,19.680381,19.689276,0.000000,0.000249,0.000000,0.000000,0.058000,0.041791,1.250625,2270,8107094,146387,0,2,0,2,0,0,0,0,0,0,7208,0,4680,2528,0
4025,51253,20.398833,19.984799,19.997391,0.000000,0.000584,0.000000,0.000000,0.059042,0.013666,0.289959,2225,8107217,145477,0,2,0,2,0,0,0,0,0,0,5406,0,3510,1896,0
4026,51254,20.145375,19.736732,19.766446,0.000000,0.000457,0.000000,0.000000,0.064625,0.014583,0.585583,2238,8107291,143943,0,2,0,2,0,0,0,0,0,0,7004,0,4536,2468,0
4027,51255,19.587167,19.175304,19.223995,0.000000,0.000627,0.000000,0.000000,0.049375,0.017125,0.995000,2234,8107069,148035,0,2,0,2,0,0,0,0,0,0,5610,0,3654,1956,0
4028,51256,19.024833,18.626452,18.669273,0.000000,0.000249,0.000000,0.000000,0.048833,0.015042,1.252250,2252,8107230,146620,0,2,0,2,0,0,0,0,0,0,5406,0,3510,1896,0
4029,51257,18.637333,18.241630,18.285258,0.000000,0.000333,0.000000,0.000000,0.042625,0.011459,1.217875,2229,8107268,143498,0,2,0,2,0,0,0,0,0,0,7208,0,4680,2528,0
4030,51258,19.083375,18.680361,18.719308,0.000000,0.000334,0.000000,0.000000,0.045292,0.011917,0.609042,2248,8107018,147472,0,2,0,2,0,0,0,0,0,0,5406,0,3510,1896,0
4031,51259,19.304084,18.903232,18.941169,0.000000,0.000417,0.000000,0.000000,0.062041,0.013667,1.216167,2245,8107258,146544,0,2,0,2,0,0,0,0,0,0,5406,0,3510,1896,0
4032,51260,19.035666,18.631577,18.676490,0.000000,0.000334,0.000000,0.000000,0.052542,0.012000,1.219209,2245,8107027,143953,0,2,0,2,0,0,0,0,0,0,7208,0,4680,2528,0
4033,51261,19.685209,19.280206,19.313123,0.000000,0.000542,0.000000,0.000000,0.057625,0.017708,1.227000,2240,8107259,148545,0,2,0,2,0,0,0,0,0,0,5406,0,3510,1896,0
4034,51262,18.917458,18.515524,18.560490,0.000000,0.000333,0.000000,0.000000,0.045125,0.011875,1.219251,2278,8107275,145573,0,2,0,2,0,0,0,0,0,0,5406,0,3510,1896,0
4035,51263,18.933583,18.539189,18.582722,0.000000,0.000291,0.000000,0.000000,0.044667,0.012000,0.454958,2236,8107036,144093,0,2,0,2,0,0,0,0,0,0,7208,0,4680,2528,0
4036,51264,19.334875,18.932986,18.969322,0.000000,0.000585,0.000000,0.000000,0.051250,0.012917,1.145791,2251,8107301,149483,0,2,0,2,0,0,0,0,0,0,5406,0,3510,1896,0
4037,51265,19.028209,18.617543,18.659391,0.000000,0.000333,0.000000,0.000000,0.049791,0.012084,0.919667,2264,8107152,148088,0,2,0,2,0,0,0,0,0,0,5535,0,3510,2025,0
4038,51266,19.126333,18.729076,18.783681,0.000000,0.000250,0.000000,0.000000,0.046500,0.012042,1.262291,2154,8107022,146553,0,2,0,2,0,0,0,0,0,0,7208,0,4680,2528,0
4039,51267,18.068958,17.684355,17.726826,0.000000,0.000249,0.000000,0.000000,0.040084,0.012416,1.221708,2150,8107202,145973,0,2,0,2,0,0,0,0,0,0,5540,0,3510,2030,0
4040,51268,19.458000,19.067319,19.114317,0.000000,0.000334,0.000000,0.000000,0.049792,0.012458,0.608500,2215,8107267,148796,0,2,0,2,0,0,0,0,0,0,5406,0,3510,1896,0
4041,51269,18.493667,18.111445,18.152211,0.000000,0.000251,0.000000,0.000000,0.055875,0.012792,0.903458,2154,8107204,138576,0,2,0,2,0,0,0,0,0,0,7208,0,4680,2528,0
4042,51270,18.664667,18.283783,18.326353,0.000000,0.000334,0.000000,0.000000,0.049250,0.013291,0.919375,2150,8107246,142117,0,2,0,2,0,0,0,0,0,0,5406,0,3510,1896,0
4043,51271,18.710666,18.318572,18.359956,0.000000,0.000249,0.000000,0.000000,0.046959,0.013541,1.224084,2220,8107147,142700,0,2,0,2,0,0,0,0,0,0,5406,0,3510,1896,0
4044,51272,18.491334,18.115138,18.062721,0.000000,0.000542,0.000000,0.000000,0.058083,0.014500,0.609417,2119,8106985,136709,0,2,0,2,0,0,0,0,0,0,7208,0,4680,2528,0
4045,51273,18.593916,18.212023,18.252929,0.000000,0.000375,0.000000,0.000000,0.048834,0.013416,0.915208,2123,8107264,139465,0,2,0,2,0,0,0,0,0,0,5406,0,3510,1896,0
4046,51274,18.686250,18.299231,18.327718,0.000000,0.000294,0.000000,0.000000,0.046084,0.012583,1.240375,2177,8107128,141020,0,2,0,2,0,0,0,0,0,0,7016,0,3510,3506,0
4047,51275,18.505709,18.124542,18.165833,0.000000,0.000334,0.000000,0.000000,0.050083,0.012542,1.223958,2130,8106979,138560,0,2,0,2,0,0,0,0,0,0,7639,0,4680,2959,0
4048,51276,18.929166,18.519826,18.568451,0.000000,0.000377,0.000000,0.000000,0.054417,0.012958,0.610083,2173,8107272,143504,0,2,0,2,0,0,0,0,0,0,5406,0,3510,1896,0
4049,51277,18.564250,18.171123,18.209664,0.000000,0.000333,0.000000,0.000000,0.049292,0.012375,0.903542,2204,8107335,140922,0,2,0,2,0,0,0,0,0,0,5406,0,3510,1896,0
4050,51278,17.685750,17.305746,17.349187,0.000000,0.000332,0.000000,0.000000,0.035375,0.013334,1.231291,2164,8106889,141023,0,2,0,2,0,0,0,0,0,0,7367,0,4680,2687,0
4051,51279,19.844584,19.456901,19.503456,0.000000,0.000291,0.000000,0.000000,0.048625,0.012875,1.216750,2149,8107157,151313,0,2,0,2,0,0,0,0,0,0,5406,0,3510,1896,0
4052,51280,17.932125,17.542917,17.563459,0.000000,0.000500,0.000000,0.000000,0.037791,0.008625,0.624834,2206,8107152,142177,0,2,0,2,0,0,0,0,0,0,5586,0,3510,2076,0
4053,51281,19.191041,18.805458,18.851111,0.000000,0.000335,0.000000,0.000000,0.046375,0.012042,1.237917,2160,8107015,145211,0,2,0,2,0,0,0,0,0,0,7208,0,4680,2528,0
4054,51282,19.199875,18.804611,18.823776,0.000000,0.000416,0.000000,0.000000,0.055917,0.013750,0.744834,2164,8107239,144425,0,2,0,2,0,0,0,0,0,0,5406,0,3510,1896,0
4055,51283,19.221417,18.827244,18.862605,0.000000,0.000375,0.000000,0.000000,0.048708,0.011167,1.316624,2166,8107252,140188,0,2,0,2,0,0,0,0,0,0,5542,0,3510,2032,0
4056,51284,20.089708,19.675921,19.721240,0.000000,0.000334,0.000000,0.000000,0.052584,0.040833,1.259291,2135,8106937,144321,0,2,0,2,0,0,0,0,0,0,7208,0,4680,2528,0
4057,51285,19.203834,18.815880,18.816210,0.000000,0.000458,0.000000,0.000000,0.060458,0.018125,0.305250,2107,8107167,139770,0,2,0,2,0,0,0,0,0,0,5628,0,3510,2118,0
4058,51286,21.673416,21.263521,21.300020,0.000000,0.000418,0.000000,0.000000,0.075000,0.031000,0.901249,2213,8107287,154640,0,2,0,2,0,0,0,0,0,0,5406,0,3510,1896,0
4059,51287,20.295459,19.879942,19.902013,0.000000,0.000249,0.000000,0.000000,0.061250,0.022708,0.904041,2245,8106980,144001,0,2,0,2,0,0,0,0,0,0,7208,0,4680,2528,0
4060,51288,20.264916,19.860916,19.869255,0.000000,0.000458,0.000000,0.000000,0.063750,0.014334,0.945167,2227,8107309,146783,0,2,0,2,0,0,0,0,0,0,5406,0,3510,1896,0
4061,51289,19.778875,19.361224,19.396875,0.000000,0.000541,0.000000,0.000000,0.051709,0.017000,0.979500,2288,8107245,144530,0,2,0,2,0,0,0,0,0,0,5406,0,3510,1896,0
4062,51290,19.963667,19.554173,19.569633,0.000000,0.000624,0.000000,0.000000,0.060375,0.014583,1.246374,2252,8106973,142435,0,2,0,2,0,0,0,0,0,0,7208,0,4680,2528,0
4063,51291,20.589000,20.175741,20.213707,0.000000,0.000375,0.000000,0.000000,0.075708,0.028459,1.249459,2248,8107266,148664,0,2,0,2,0,0,0,0,0,0,5406,0,3510,1896,0
4064,51292,20.036250,19.617937,19.651303,0.000000,0.000374,0.000000,0.000000,0.069250,0.014250,1.264376,2297,8107248,144584,0,2,0,2,0,0,0,0,0,0,5406,0,3510,1896,0
4065,51293,19.866167,19.457441,19.485278,0.000000,0.000458,0.000000,0.000000,0.055208,0.013750,1.243834,2211,8107059,140828,0,2,0,2,0,0,0,0,0,0,7208,0,4680,2528,0
4066,51294,20.014708,19.594061,19.614799,0.000000,0.000374,0.000000,0.000000,0.074083,0.031584,0.952583,2206,8107278,146339,0,2,0,2,0,0,0,0,0,0,5406,0,3510,1896,0
4067,51295,21.358458,20.942963,20.860214,0.000000,0.000376,0.000000,0.000000,0.063750,0.013000,0.650959,2191,8107181,147868,0,2,0,2,0,0,0,0,0,0,5406,0,3510,1896,0
4068,51296,19.414209,19.020631,19.061932,0.000000,0.000416,0.000000,0.000000,0.047625,0.013833,1.278916,2152,8107087,138671,0,2,0,2,0,0,0,0,0,0,7208,0,4680,2528,0
4069,51297,20.312916,19.912498,19.880467,0.000000,0.000416,0.000000,0.000000,0.061292,0.013500,1.047876,2189,8107250,145485,0,2,0,2,0,0,0,0,0,0,5406,0,3510,1896,0
4070,51298,19.728209,19.317561,19.280474,0.000000,0.000541,0.000000,0.000000,0.056208,0.022333,0.647875,2203,8107338,141792,0,2,0,2,0,0,0,0,0,0,5406,0,3510,1896,0
4071,51299,20.057041,19.646458,19.681327,0.000000,0.000418,0.000000,0.000000,0.089792,0.017583,1.218000,2198,8106981,142708,0,2,0,2,0,0,0,0,0,0,7208,0,4680,2528,0
4072,51300,20.608042,20.195085,20.182077,0.000000,0.000457,0.000000,0.000000,0.077625,0.023708,0.961417,2186,8107211,143393,0,2,0,2,0,0,0,0,0,0,5406,0,3510,1896,0
4073,51301,20.425417,20.019611,20.026792,0.000000,0.000458,0.000000,0.000000,0.074208,0.013875,1.286375,2174,8107281,142406,0,2,0,2,0,0,0,0,0,0,5406,0,3510,1896,0
4074,51302,20.530250,20.116312,20.108878,0.000000,0.000791,0.000000,0.000000,0.065458,0.028458,1.275791,2179,8107026,141675,0,2,0,2,0,0,0,0,0,0,7208,0,4680,2528,0
4075,51303,20.600958,20.184924,20.192251,0.000000,0.000417,0.000000,0.000000,0.073417,0.016333,1.372792,2146,8107268,143244,0,2,0,2,0,0,0,0,0,0,5406,0,3510,1896,0
4076,51304,19.454208,19.065806,19.098614,0.000000,0.000416,0.000000,0.000000,0.049917,0.015917,0.609541,2108,8107267,139426,0,2,0,2,0,0,0,0,0,0,5406,0,3510,1896,0
4077,51305,19.581875,19.194592,19.229240,0.000000,0.000334,0.000000,0.000000,0.055917,0.028458,1.209916,2125,8107065,140686,0,2,0,2,0,0,0,0,0,0,7208,0,4680,2528,0
4078,51306,19.525417,19.128600,19.173864,0.000000,0.000583,0.000000,0.000000,0.059125,0.014833,1.291333,2119,8107219,139389,0,2,0,2,0,0,0,0,0,0,5406,0,3510,1896,0
4079,51307,19.673083,19.287809,19.332189,0.000000,0.000415,0.000000,0.000000,0.073084,0.021250,1.383209,2109,8107233,139753,0,2,0,2,0,0,0,0,0,0,7004,0,4536,2468,0
4080,51308,19.906459,19.512224,19.554695,0.000000,0.000584,0.000000,0.000000,0.076250,0.027708,1.245667,2161,8107078,142844,0,2,0,2,0,0,0,0,0,0,5610,0,3654,1956,0
4081,51309,19.076166,18.686011,18.709616,0.000000,0.000499,0.000000,0.000000,0.053167,0.012750,1.255917,2149,8107172,141572,0,2,0,2,0,0,0,0,0,0,5548,0,3510,2038,0
4082,51310,20.567750,20.172860,20.215325,0.000000,0.000543,0.000000,0.000000,0.053875,0.023042,1.258708,2160,8107060,146807,0,2,0,2,0,0,0,0,0,0,7208,0,4680,2528,0
4083,51311,20.086459,19.687607,19.726181,0.000000,0.000416,0.000000,0.000000,0.065041,0.014084,0.608750,2173,8107493,145727,0,2,0,2,0,0,0,0,0,0,5406,0,3510,1896,0
4084,51312,20.244375,19.849829,19.818414,0.000000,0.000585,0.000000,0.000000,0.066666,0.014792,1.011125,2168,8107030,141847,0,2,0,2,0,0,0,0,0,0,5406,0,3510,1896,0
4085,51313,19.497958,19.091975,19.130713,0.000000,0.000458,0.000000,0.000000,0.054708,0.021709,0.932667,2165,8107033,139528,0,2,0,2,0,0,0,0,0,0,7208,0,4680,2528,0
4086,51314,20.113833,19.692041,19.722791,0.000000,0.000458,0.000000,0.000000,0.055000,0.026125,1.243667,2160,8107311,144062,0,2,0,2,0,0,0,0,0,0,5406,0,3510,1896,0
4087,51315,18.706167,18.312992,18.339814,0.000000,0.000417,0.000000,0.000000,0.047125,0.012333,1.272958,2138,8107123,139809,0,2,0,2,0,0,0,0,0,0,5863,0,3510,2353,0
4088,51316,20.582667,20.189340,20.210400,0.000000,0.000459,0.000000,0.000000,0.054500,0.016333,1.283333,2130,8106984,146781,0,2,0,2,0,0,0,0,0,0,7208,0,4680,2528,0
4089,51317,19.861708,19.467631,19.491497,0.000000,0.000459,0.000000,0.000000,0.057292,0.014833,1.277667,2114,8107245,143877,0,2,0,2,0,0,0,0,0,0,5406,0,3510,1896,0
4090,51318,19.717667,19.308019,19.341300,0.000000,0.000334,0.000000,0.000000,0.061708,0.045083,0.652375,2221,8107258,142289,0,2,0,2,0,0,0,0,0,0,5406,0,3510,1896,0
4091,51319,19.936625,19.544102,19.538075,0.000000,0.000376,0.000000,0.000000,0.054291,0.048459,1.241417,2157,8107080,142503,0,2,0,2,0,0,0,0,0,0,7208,0,4680,2528,0
4092,51320,20.262041,19.855270,19.841240,0.000000,0.000416,0.000000,0.000000,0.053292,0.014167,0.960333,2164,8107243,145865,0,2,0,2,0,0,0,0,0,0,5406,0,3510,1896,0
4093,51321,19.757375,19.347069,19.392439,0.000000,0.000208,0.000000,0.000000,0.059875,0.014500,0.950292,2213,8107269,143050,0,2,0,2,0,0,0,0,0,0,5406,0,3510,1896,0
4094,51322,19.636500,19.244699,19.285067,0.000000,0.000335,0.000000,0.000000,0.061209,0.017458,1.252874,2163,8107021,140365,0,2,0,2,0,0,0,0,0,0,7208,0,4680,2528,0
4095,51323,20.489625,20.081449,20.003022,0.000000,0.000459,0.000000,0.000000,0.057875,0.013792,1.308250,2165,8107430,145158,0,2,0,2,0,0,0,0,0,0,5406,0,3510,1896,0
4096,51324,19.486959,19.084300,19.123231,0.000000,0.000375,0.000000,0.000000,0.047541,0.034167,1.294667,2208,8107213,144041,0,2,0,2,0,0,0,0,0,0,5406,0,3510,1896,0
4097,51325,19.850000,19.463568,19.479916,0.000000,0.000459,0.000000,0.000000,0.057291,0.013000,1.261541,2109,8106952,141817,0,2,0,2,0,0,0,0,0,0,7208,0,4680,2528,0
4098,51326,19.721416,19.325301,19.358613,0.000000,0.000418,0.000000,0.000000,0.054500,0.018292,0.608125,2106,8107229,142922,0,2,0,2,0,0,0,0,0,0,5406,0,3510,1896,0
4099,51327,19.525875,19.131601,19.151236,0.000000,0.000459,0.000000,0.000000,0.061834,0.014333,0.944375,2149,8107271,142862,0,2,0,2,0,0,0,0,0,0,5406,0,3510,1896,0
4100,51328,19.623250,19.238420,19.264859,0.000000,0.000374,0.000000,0.000000,0.070417,0.015125,0.620375,2117,8107029,139000,0,2,0,2,0,0,0,0,0,0,7208,0,4680,2528,0
4101,51329,19.848625,19.453523,19.503893,0.000000,0.000375,0.000000,0.000000,0.065292,0.013958,1.272292,2162,8107405,145163,0,2,0,2,0,0,0,0,0,0,5406,0,3510,1896,0
4102,51330,19.823625,19.414630,19.445135,0.000000,0.000208,0.000000,0.000000,0.051792,0.014000,1.307583,2205,8107307,142923,0,2,0,2,0,0,0,0,0,0,5406,0,3510,1896,0
4103,51331,19.808292,19.414782,19.459162,0.000000,0.000416,0.000000,0.000000,0.068375,0.016875,1.249209,2166,8106862,142749,0,2,0,2,0,0,0,0,0,0,7208,0,4680,2528,0
4104,51332,19.879208,19.483984,19.515057,0.000000,0.000333,0.000000,0.000000,0.052750,0.012625,0.610416,2169,8107246,145264,0,2,0,2,0,0,0,0,0,0,5406,0,3510,1896,0
4105,51333,19.944000,19.532510,19.565471,0.000000,0.000333,0.000000,0.000000,0.055792,0.020167,1.226042,2211,8107286,143540,0,2,0,2,0,0,0,0,0,0,5406,0,3510,1896,0
4106,51334,20.491125,20.084193,20.017405,0.000000,0.000459,0.000000,0.000000,0.053875,0.014334,0.667834,2178,8107015,141514,0,2,0,2,0,0,0,0,0,0,7208,0,4680,2528,0
4107,51335,20.137042,19.739979,19.780313,0.000000,0.000417,0.000000,0.000000,0.065875,0.026958,1.060874,2168,8107267,146121,0,2,0,2,0,0,0,0,0,0,5406,0,3510,1896,0
4108,51336,19.660333,19.266547,19.281801,0.000000,0.000375,0.000000,0.000000,0.059000,0.018625,0.922791,2164,8107248,141650,0,2,0,2,0,0,0,0,0,0,5406,0,3510,1896,0
4109,51337,19.901959,19.502512,19.508799,0.000000,0.000669,0.000000,0.000000,0.046708,0.019417,0.944875,2124,8107077,139696,0,2,0,2,0,0,0,0,0,0,7208,0,4680,2528,0
4110,51338,20.117625,19.709997,19.734293,0.000000,0.000334,0.000000,0.000000,0.064958,0.019167,1.065958,2111,8107462,143057,0,2,0,2,0,0,0,0,0,0,5406,0,3510,1896,0
4111,51339,20.105833,19.705738,19.751538,0.000000,0.000292,0.000000,0.000000,0.069333,0.016917,1.297750,2171,8107026,142964,0,2,0,2,0,0,0,0,0,0,5406,0,3510,1896,0
4112,51340,19.870208,19.460620,19.507691,0.000000,0.000500,0.000000,0.000000,0.049084,0.013458,0.444833,2167,8107075,141237,0,2,0,2,0,0,0,0,0,0,7208,0,4680,2528,0
4113,51341,20.078334,19.683829,19.701678,0.000000,0.000749,0.000000,0.000000,0.066333,0.014250,1.077125,2162,8107216,145378,0,2,0,2,0,0,0,0,0,0,5406,0,3510,1896,0
4114,51342,19.952250,19.542433,19.571986,0.000000,0.000457,0.000000,0.000000,0.052208,0.018875,1.216542,2211,8107236,143272,0,2,0,2,0,0,0,0,0,0,5406,0,3510,1896,0
4115,51343,20.136583,19.742648,19.760464,0.000000,0.000501,0.000000,0.000000,0.064958,0.019709,0.919834,2170,8107092,142111,0,2,0,2,0,0,0,0,0,0,7208,0,4680,2528,0
4116,51344,19.931458,19.535470,19.571057,0.000000,0.000459,0.000000,0.000000,0.049375,0.016834,0.953292,2172,8107163,146062,0,2,0,2,0,0,0,0,0,0,5406,0,3510,1896,0
4117,51345,21.107750,20.643570,20.520047,0.000000,0.000666,0.000000,0.000000,0.100375,0.038834,0.901124,2210,8107263,143032,0,2,0,2,0,0,0,0,0,0,5406,0,3510,1896,0
4118,51346,20.178375,19.816117,19.827578,0.000000,0.000502,0.000000,0.000000,0.071375,0.015334,1.092583,2179,8107006,142048,0,2,0,2,0,0,0,0,0,0,7208,0,4680,2528,0
4119,51347,19.875084,19.486142,19.514956,0.000000,0.000292,0.000000,0.000000,0.059166,0.013875,1.088667,2113,8107266,144326,0,2,0,2,0,0,0,0,0,0,5406,0,3510,1896,0
4120,51348,19.324583,18.930569,18.967257,0.000000,0.000459,0.000000,0.000000,0.052417,0.050625,1.259500,2171,8107324,142122,0,2,0,2,0,0,0,0,0,0,5586,0,3510,2076,0
4121,51349,21.384250,20.976863,20.991560,0.000000,0.000375,0.000000,0.000000,0.050458,0.014625,1.233624,2188,8106955,153639,0,2,0,2,0,0,0,0,0,0,7208,0,4680,2528,0
4122,51350,20.220917,19.813107,19.837363,0.000000,0.000541,0.000000,0.000000,0.048958,0.012375,0.657084,2185,8107207,146687,0,2,0,2,0,0,0,0,0,0,5406,0,3510,1896,0
4123,51351,20.327583,19.901100,19.931458,0.000000,0.000375,0.000000,0.000000,0.065333,0.016375,1.116250,2243,8107422,148532,0,2,0,2,0,0,0,0,0,0,5406,0,3510,1896,0
4124,51352,19.841708,19.427287,19.455169,0.000000,0.000375,0.000000,0.000000,0.053417,0.043667,0.950916,2244,8106847,149106,0,2,0,2,0,0,0,0,0,0,7342,0,4680,2662,0
4125,51353,21.698500,21.269881,21.274323,0.000000,0.000626,0.000000,0.000000,0.056750,0.021542,0.989000,2282,8107224,153646,0,2,0,2,0,0,0,0,0,0,5406,0,3510,1896,0
4126,51354,19.989875,19.579706,19.623236,0.000000,0.000332,0.000000,0.000000,0.051917,0.011208,1.308042,2234,8107279,148737,0,2,0,2,0,0,0,0,0,0,5406,0,3510,1896,0
4127,51355,20.445334,20.031806,20.064964,0.000000,0.000332,0.000000,0.000000,0.054750,0.021458,1.345458,2238,8107013,150720,0,2,0,2,0,0,0,0,0,0,7208,0,4680,2528,0
4128,51356,20.053791,19.641671,19.676612,0.000000,0.000291,0.000000,0.000000,0.047959,0.012583,1.298832,2233,8107297,147261,0,2,0,2,0,0,0,0,0,0,5406,0,3510,1896,0
4129,51357,20.095292,19.684131,19.693914,0.000000,0.000500,0.000000,0.000000,0.052208,0.015042,1.320250,2233,8107421,147742,0,2,0,2,0,0,0,0,0,0,5406,0,3510,1896,0
4130,51358,20.049500,19.643164,19.675222,0.000000,0.000291,0.000000,0.000000,0.050417,0.013333,1.317750,2194,8106841,145091,0,2,0,2,0,0,0,0,0,0,7208,0,4680,2528,0
4131,51359,19.591875,19.198695,19.230333,0.000000,0.000294,0.000000,0.000000,0.047875,0.052500,1.308167,2138,8107372,144063,0,2,0,2,0,0,0,0,0,0,5406,0,3510,1896,0
4132,51360,19.279917,18.887088,18.878285,0.000000,0.000376,0.000000,0.000000,0.044916,0.018542,0.671417,2144,8107017,142034,0,2,0,2,0,0,0,0,0,0,7004,0,4536,2468,0
4133,51361,19.559125,19.158087,19.194761,0.000000,0.000332,0.000000,0.000000,0.043000,0.011958,0.964750,2145,8107180,144022,0,2,0,2,0,0,0,0,0,0,5610,0,3654,1956,0
4134,51362,19.972708,19.558745,19.543144,0.000000,0.000667,0.000000,0.000000,0.065667,0.014083,0.993041,2189,8107268,144495,0,2,0,2,0,0,0,0,0,0,5406,0,3510,1896,0
4135,51363,19.300917,18.900935,18.933813,0.000000,0.000582,0.000000,0.000000,0.047875,0.013375,1.315291,2197,8106980,146222,0,2,0,2,0,0,0,0,0,0,7367,0,4680,2687,0
4136,51364,21.121500,20.716097,20.743228,0.000000,0.000500,0.000000,0.000000,0.051208,0.013708,1.311251,2188,8107229,153784,0,2,0,2,0,0,0,0,0,0,5406,0,3510,1896,0
4137,51365,19.888625,19.478832,19.488824,0.000000,0.000417,0.000000,0.000000,0.044291,0.017417,1.097042,2222,8107311,146177,0,2,0,2,0,0,0,0,0,0,5406,0,3510,1896,0
4138,51366,19.828875,19.423328,19.451447,0.000000,0.000501,0.000000,0.000000,0.067500,0.015958,0.922250,2170,8107028,144563,0,2,0,2,0,0,0,0,0,0,7208,0,4680,2528,0
4139,51367,20.826541,20.421593,20.445283,0.000000,0.000333,0.000000,0.000000,0.059334,0.047583,0.608542,2161,8107282,147804,0,2,0,2,0,0,0,0,0,0,5406,0,3510,1896,0
4140,51368,20.534042,20.100344,20.032114,0.000000,0.000376,0.000000,0.000000,0.063542,0.012458,1.360041,2209,8107210,145587,0,2,0,2,0,0,0,0,0,0,5406,0,3510,1896,0
4141,51369,19.512042,19.114633,19.161207,0.000000,0.000376,0.000000,0.000000,0.045500,0.012333,0.969542,2131,8107064,141234,0,2,0,2,0,0,0,0,0,0,7208,0,4680,2528,0
4142,51370,19.644083,19.258850,19.287755,0.000000,0.000499,0.000000,0.000000,0.060375,0.015333,1.117666,2118,8107231,144624,0,2,0,2,0,0,0,0,0,0,5406,0,3510,1896,0
4143,51371,19.504250,19.110104,19.122161,0.000000,0.000335,0.000000,0.000000,0.057417,0.016250,1.297750,2161,8107369,144355,0,2,0,2,0,0,0,0,0,0,5406,0,3510,1896,0
4144,51372,19.412667,19.015641,19.048580,0.000000,0.000292,0.000000,0.000000,0.050750,0.012458,1.288042,2136,8106962,140941,0,2,0,2,0,0,0,0,0,0,7208,0,4680,2528,0
4145,51373,20.192666,19.788600,19.726688,0.000000,0.000375,0.000000,0.000000,0.055834,0.054250,0.978708,2171,8107231,146844,0,2,0,2,0,0,0,0,0,0,5406,0,3510,1896,0
4146,51374,19.829209,19.420370,19.420915,0.000000,0.000416,0.000000,0.000000,0.046833,0.031542,0.610083,2219,8107265,144454,0,2,0,2,0,0,0,0,0,0,5406,0,3510,1896,0
4147,51375,19.733333,19.319970,19.347255,0.000000,0.000335,0.000000,0.000000,0.055583,0.014334,1.278208,2174,8107047,144463,0,2,0,2,0,0,0,0,0,0,7208,0,4680,2528,0
4148,51376,19.651333,19.257392,19.287877,0.000000,0.000416,0.000000,0.000000,0.049375,0.049375,1.253083,2160,8107268,146965,0,2,0,2,0,0,0,0,0,0,5406,0,3510,1896,0
4149,51377,19.658959,19.254654,19.260049,0.000000,0.000290,0.000000,0.000000,0.051250,0.051875,1.331584,2213,8107249,144811,0,2,0,2,0,0,0,0,0,0,5406,0,3510,1896,0
4150,51378,19.536708,19.129447,19.118774,0.000000,0.000457,0.000000,0.000000,0.050292,0.021375,1.268500,2180,8107114,142816,0,2,0,2,0,0,0,0,0,0,7208,0,4680,2528,0
4151,51379,20.194833,19.791240,19.779931,0.000000,0.000417,0.000000,0.000000,0.048500,0.014459,1.220000,2168,8107190,147378,0,2,0,2,0,0,0,0,0,0,5406,0,3510,1896,0
4152,51380,19.312125,18.919369,18.954259,0.000000,0.000249,0.000000,0.000000,0.046084,0.012250,1.218833,2176,8107279,143116,0,2,0,2,0,0,0,0,0,0,5406,0,3510,1896,0
4153,51381,19.244875,18.852689,18.884254,0.000000,0.000375,0.000000,0.000000,0.051334,0.040958,0.610792,2157,8106676,142356,0,2,0,2,0,0,0,0,0,0,9249,0,4680,4569,0
4154,51382,19.748542,19.341385,19.360758,0.000000,0.000458,0.000000,0.000000,0.047500,0.013417,0.925876,2133,8107304,145307,0,2,0,2,0,0,0,0,0,0,5406,0,3510,1896,0
4155,51383,19.560292,19.168979,19.205313,0.000000,0.000375,0.000000,0.000000,0.052041,0.014334,1.246708,2183,8107213,144842,0,2,0,2,0,0,0,0,0,0,5406,0,3510,1896,0
4156,51384,19.597583,19.190811,19.226544,0.000000,0.000458,0.000000,0.000000,0.049583,0.013375,1.253917,2186,8107047,144238,0,2,0,2,0,0,0,0,0,0,7208,0,4680,2528,0
4157,51385,20.781000,20.372551,20.323100,0.000000,0.000459,0.000000,0.000000,0.047292,0.012333,0.872583,2185,8107352,147238,0,2,0,2,0,0,0,0,0,0,5406,0,3510,1896,0
4158,51386,19.542000,19.142567,19.180834,0.000000,0.000418,0.000000,0.000000,0.061875,0.015417,1.087292,2182,8107289,143840,0,2,0,2,0,0,0,0,0,0,5406,0,3510,1896,0
4159,51387,19.716500,19.314515,19.306747,0.000000,0.000292,0.000000,0.000000,0.050125,0.015833,1.321750,2154,8106884,143615,0,2,0,2,0,0,0,0,0,0,7208,0,4680,2528,0
4160,51388,19.831250,19.434554,19.457672,0.000000,0.000291,0.000000,0.000000,0.052042,0.013291,0.623209,2137,8107346,145161,0,2,0,2,0,0,0,0,0,0,5406,0,3510,1896,0
4161,51389,19.840500,19.436760,19.471385,0.000000,0.000375,0.000000,0.000000,0.049333,0.024500,0.965292,2190,8107203,145648,0,2,0,2,0,0,0,0,0,0,5406,0,3510,1896,0
4162,51390,19.558375,19.165109,19.191420,0.000000,0.000375,0.000000,0.000000,0.055417,0.012916,1.308125,2152,8107008,141958,0,2,0,2,0,0,0,0,0,0,7208,0,4680,2528,0
4163,51391,19.714958,19.325934,19.363587,0.000000,0.000417,0.000000,0.000000,0.050667,0.016208,1.280376,2135,8107309,146198,0,2,0,2,0,0,0,0,0,0,5406,0,3510,1896,0
4164,51392,19.462625,19.049074,19.089638,0.000000,0.000458,0.000000,0.000000,0.044417,0.012542,1.272041,2186,8107185,143364,0,2,0,2,0,0,0,0,0,0,5406,0,3510,1896,0
4165,51393,19.206459,18.803983,18.855257,0.000000,0.000292,0.000000,0.000000,0.045833,0.011208,1.260208,2141,8107011,142359,0,2,0,2,0,0,0,0,0,0,7208,0,4680,2528,0
4166,51394,19.724541,19.338659,19.372167,0.000000,0.000291,0.000000,0.000000,0.055417,0.016000,0.611000,2133,8107285,145366,0,2,0,2,0,0,0,0,0,0,5406,0,3510,1896,0
4167,51395,20.825125,20.408193,20.365849,0.000000,0.000334,0.000000,0.000000,0.051375,0.013125,0.593541,2187,8107213,144746,0,2,0,2,0,0,0,0,0,0,5406,0,3510,1896,0
4168,51396,19.646792,19.258766,19.254070,0.000000,0.000500,0.000000,0.000000,0.055750,0.012667,1.269876,2132,8107059,141152,0,2,0,2,0,0,0,0,0,0,7208,0,4680,2528,0
4169,51397,19.920042,19.523237,19.540966,0.000000,0.000250,0.000000,0.000000,0.052375,0.013375,0.918333,2136,8107365,145943,0,2,0,2,0,0,0,0,0,0,5406,0,3510,1896,0
4170,51398,19.626583,19.221949,19.215420,0.000000,0.000417,0.000000,0.000000,0.043833,0.013000,0.924625,2164,8107120,142978,0,2,0,2,0,0,0,0,0,0,5406,0,3510,1896,0
4171,51399,19.855250,19.459151,19.490677,0.000000,0.000250,0.000000,0.000000,0.053375,0.013667,0.907333,2132,8106986,142607,0,2,0,2,0,0,0,0,0,0,7208,0,4680,2528,0
4172,51400,20.823750,20.407742,20.449354,0.000000,0.000334,0.000000,0.000000,0.058917,0.046500,1.127042,2167,8107540,150445,0,2,0,2,0,0,0,0,0,0,5406,0,3510,1896,0
4173,51401,19.887667,19.482333,19.498277,0.000000,0.000375,0.000000,0.000000,0.049041,0.022292,0.924125,2178,8106989,146422,0,2,0,2,0,0,0,0,0,0,5406,0,3510,1896,0
4174,51402,20.152166,19.740199,19.751304,0.000000,0.000500,0.000000,0.000000,0.053792,0.018083,0.447750,2194,8107079,144945,0,2,0,2,0,0,0,0,0,0,7208,0,4680,2528,0
4175,51403,20.196834,19.795176,19.819542,0.000000,0.000334,0.000000,0.000000,0.053583,0.028625,1.081958,2200,8107249,148575,0,2,0,2,0,0,0,0,0,0,5406,0,3510,1896,0
4176,51404,19.975583,19.574261,19.603362,0.000000,0.000459,0.000000,0.000000,0.048292,0.011583,0.925750,2195,8107327,146569,0,2,0,2,0,0,0,0,0,0,5406,0,3510,1896,0
4177,51405,20.068458,19.664705,19.693347,0.000000,0.000502,0.000000,0.000000,0.060667,0.013500,1.261958,2188,8106946,145688,0,2,0,2,0,0,0,0,0,0,7208,0,4680,2528,0
4178,51406,19.985542,19.572257,19.615143,0.000000,0.000375,0.000000,0.000000,0.050167,0.022166,1.240376,2183,8107253,146261,0,2,0,2,0,0,0,0,0,0,5406,0,3510,1896,0
4179,51407,19.804708,19.398644,19.441972,0.000000,0.000543,0.000000,0.000000,0.058167,0.013250,1.293374,2179,8107496,147217,0,2,0,2,0,0,0,0,0,0,5406,0,3510,1896,0
4180,51408,19.634917,19.235910,19.249642,0.000000,0.000458,0.000000,0.000000,0.047917,0.014333,1.307084,2180,8106805,144029,0,2,0,2,0,0,0,0,0,0,7208,0,4680,2528,0
4181,51409,19.610917,19.210223,19.247884,0.000000,0.000331,0.000000,0.000000,0.056833,0.011125,1.309500,2155,8107286,145442,0,2,0,2,0,0,0,0,0,0,5406,0,3510,1896,0
4182,51410,19.957875,19.557411,19.594247,0.000000,0.000500,0.000000,0.000000,0.052541,0.055584,0.658583,2155,8107277,145539,0,2,0,2,0,0,0,0,0,0,5406,0,3510,1896,0
4183,51411,20.169083,19.759651,19.753003,0.000000,0.000373,0.000000,0.000000,0.047708,0.012917,0.617375,2168,8107015,146389,0,2,0,2,0,0,0,0,0,0,7208,0,4680,2528,0
4184,51412,19.884333,19.482082,19.508244,0.000000,0.000333,0.000000,0.000000,0.050000,0.017167,1.327916,2214,8107253,146408,0,2,0,2,0,0,0,0,0,0,5406,0,3510,1896,0
4185,51413,20.647417,20.241034,20.179961,0.000000,0.000542,0.000000,0.000000,0.055125,0.019250,1.000000,2191,8107409,146078,0,2,0,2,0,0,0,0,0,0,7004,0,4536,2468,0
4186,51414,20.133625,19.710184,19.736361,0.000000,0.000375,0.000000,0.000000,0.050125,0.012875,1.317083,2186,8106886,146681,0,2,0,2,0,0,0,0,0,0,5610,0,3654,1956,0
4187,51415,20.164958,19.762645,19.765196,0.000000,0.000335,0.000000,0.000000,0.059834,0.015791,1.317166,2228,8107309,146747,0,2,0,2,0,0,0,0,0,0,5406,0,3510,1896,0
4188,51416,19.896500,19.495902,19.524904,0.000000,0.000293,0.000000,0.000000,0.054459,0.013416,1.285708,2196,8106995,144548,0,2,0,2,0,0,0,0,0,0,7208,0,4680,2528,0
4189,51417,20.256167,19.836160,19.877305,0.000000,0.000332,0.000000,0.000000,0.048917,0.015958,1.314208,2189,8107301,149212,0,2,0,2,0,0,0,0,0,0,5406,0,3510,1896,0
4190,51418,20.721250,20.304228,20.325846,0.000000,0.000417,0.000000,0.000000,0.072500,0.014042,0.583833,2244,8107215,146296,0,2,0,2,0,0,0,0,0,0,5406,0,3510,1896,0
4191,51419,20.650750,20.252468,20.280476,0.000000,0.000374,0.000000,0.000000,0.051042,0.015708,0.898249,2206,8107053,146744,0,2,0,2,0,0,0,0,0,0,7208,0,4680,2528,0
4192,51420,19.593917,19.189337,19.235146,0.000000,0.000333,0.000000,0.000000,0.061791,0.015000,0.609209,2195,8107260,147702,0,2,0,2,0,0,0,0,0,0,5406,0,3510,1896,0
4193,51421,19.487333,19.090408,19.134893,0.000000,0.000333,0.000000,0.000000,0.042333,0.010250,1.216792,2246,8107249,147046,0,2,0,2,0,0,0,0,0,0,5406,0,3510,1896,0
4194,51422,19.139833,18.739733,18.787799,0.000000,0.000250,0.000000,0.000000,0.040542,0.010333,1.222125,2186,8107194,144274,0,2,0,2,0,0,0,0,0,0,7208,0,4680,2528,0
4195,51423,23.411542,22.987955,22.102611,0.000000,0.001251,0.000000,0.000000,0.118083,0.016209,0.916000,2182,8107113,148616,0,2,0,2,0,0,0,0,0,0,5406,0,3510,1896,0
4196,51424,31.466250,30.967500,26.956764,0.000000,0.001460,0.000000,0.000000,0.115958,0.036750,0.891749,2173,8107302,144079,0,2,0,2,0,0,0,0,0,0,5406,0,3510,1896,0
4197,51425,25.095833,24.654657,23.789548,0.000000,0.000708,0.000000,0.000000,0.073334,0.024500,0.613208,2131,8107003,142585,0,2,0,2,0,0,0,0,0,0,7208,0,4680,2528,0
4198,51426,27.184875,26.663324,24.793886,0.000000,0.000375,0.000000,0.000000,0.078125,0.015459,0.890708,2131,8107291,144243,0,2,0,2,0,0,0,0,0,0,5406,0,3510,1896,0
4199,51427,22.058459,21.626823,21.438977,0.000000,0.000833,0.000000,0.000000,0.095833,0.019667,0.898167,2195,8107259,144055,0,2,0,2,0,0,0,0,0,0,5406,0,3510,1896,0
4200,51428,22.314708,21.879603,21.736331,0.000000,0.000499,0.000000,0.000000,0.084667,0.015875,0.631792,2167,8107009,141828,0,2,0,2,0,0,0,0,0,0,7208,0,4680,2528,0
4201,51429,21.076250,20.671871,20.663644,0.000000,0.000666,0.000000,0.000000,0.070042,0.042791,0.940291,2164,8107331,145519,0,2,0,2,0,0,0,0,0,0,5406,0,3510,1896,0
4202,51430,21.299125,20.880715,20.587723,0.000000,0.000751,0.000000,0.000000,0.090958,0.020292,0.915626,2223,8107216,143686,0,2,0,2,0,0,0,0,0,0,5406,0,3510,1896,0
4203,51431,20.608167,20.197082,20.245669,0.000000,0.000665,0.000000,0.000000,0.096416,0.014667,1.283541,2175,8107111,142624,0,2,0,2,0,0,0,0,0,0,7208,0,4680,2528,0
4204,51432,27.966041,27.437583,26.745368,0.000000,0.001499,0.000000,0.000000,0.114334,0.043958,0.877376,2159,8107160,145300,0,2,0,2,0,0,0,0,0,0,5406,0,3510,1896,0
4205,51433,24.508542,24.050970,23.478077,0.000000,0.001000,0.000000,0.000000,0.123250,0.040333,0.594833,2208,8107272,143703,0,2,0,2,0,0,0,0,0,0,5406,0,3510,1896,0
4206,51434,34.611292,33.846036,32.252092,0.000000,0.001208,0.000000,0.000000,0.115166,0.017292,0.889376,2165,8107005,141839,0,2,0,2,0,0,0,0,0,0,7208,0,4680,2528,0
4207,51435,27.321750,26.839245,25.521127,0.000000,0.001209,0.000000,0.000000,0.094041,0.018042,0.879583,2167,8107252,146283,0,2,0,2,0,0,0,0,0,0,5406,0,3510,1896,0
4208,51436,29.513583,28.963913,28.047783,0.000000,0.002250,0.000000,0.000000,0.217250,0.108375,0.882293,2221,8107315,144127,0,2,0,2,0,0,0,0,0,0,5406,0,3510,1896,0
4209,51437,28.614417,28.148120,25.983481,0.000000,0.001333,0.000000,0.000000,0.117833,0.035417,0.606125,2180,8106945,142314,0,2,0,2,0,0,0,0,0,0,7208,0,4680,2528,0
4210,51438,24.737416,24.278960,23.983833,0.000000,0.000750,0.000000,0.000000,0.102459,0.036333,0.880042,2174,8107275,145713,0,2,0,2,0,0,0,0,0,0,5406,0,3510,1896,0
4211,51439,33.576000,32.966793,30.190526,0.000000,0.000874,0.000000,0.000000,0.089750,0.040750,0.915124,2225,8107278,145050,0,4,0,4,0,0,0,0,0,0,5406,0,3510,1896,0
4212,51440,22.656167,22.235291,22.091736,0.000000,0.001084,0.000000,0.000000,0.106083,0.016292,0.591792,2182,8106979,142135,0,2,0,2,0,0,0,0,0,0,7208,0,4680,2528,0
4213,51441,34.424583,33.840812,28.962564,0.000000,0.000916,0.000000,0.000000,0.121750,0.018250,0.995375,2181,8107192,146495,0,2,0,2,0,0,0,0,0,0,5406,0,3510,1896,0
4214,51442,28.953792,28.398025,26.856050,0.000000,0.001043,0.000000,0.000000,0.095458,0.015125,0.932625,2235,8107251,143822,0,2,0,2,0,0,0,0,0,0,5406,0,3510,1896,0
4215,51443,25.306375,24.813924,23.900415,0.000000,0.000958,0.000000,0.000000,0.071667,0.041208,0.811209,2187,8106920,143455,0,2,0,2,0,0,0,0,0,0,7208,0,4680,2528,0
4216,51444,22.373042,21.956829,21.835686,0.000000,0.000708,0.000000,0.000000,0.081041,0.016625,0.596833,2170,8107306,146243,0,2,0,2,0,0,0,0,0,0,5406,0,3510,1896,0
4217,51445,24.101583,23.673360,22.956444,0.000000,0.000959,0.000000,0.000000,0.082458,0.025834,1.139167,2181,8107234,144824,0,2,0,2,0,0,0,0,0,0,5406,0,3510,1896,0
4218,51446,22.949417,22.529835,22.278042,0.000000,0.000418,0.000000,0.000000,0.083541,0.029167,0.673459,2187,8106991,142717,0,2,0,2,0,0,0,0,0,0,7208,0,4680,2528,0
4219,51447,23.017375,22.596983,22.456696,0.000000,0.000584,0.000000,0.000000,0.111958,0.025708,0.642250,2182,8107252,147048,0,2,0,2,0,0,0,0,0,0,5406,0,3510,1896,0
4220,51448,34.543541,34.032479,24.959620,0.000000,0.000626,0.000000,0.000000,0.089875,0.025042,0.906958,2191,8107182,150559,0,2,0,2,0,0,0,0,0,0,5551,0,3510,2041,0
4221,51449,23.426500,23.008906,22.872400,0.000000,0.000416,0.000000,0.000000,0.085000,0.017667,0.596958,2186,8107031,147204,0,2,0,2,0,0,0,0,0,0,7208,0,4680,2528,0
4222,51450,23.890875,23.462397,23.153141,0.000000,0.001041,0.000000,0.000000,0.082125,0.016500,0.935834,2184,8107294,145016,0,2,0,2,0,0,0,0,0,0,5406,0,3510,1896,0
4223,51451,25.240667,24.805909,23.393479,0.000000,0.000584,0.000000,0.000000,0.063833,0.015959,0.584666,2181,8107233,148485,0,2,0,2,0,0,0,0,0,0,5602,0,3510,2092,0
4224,51452,21.519417,21.102181,21.097753,0.000000,0.000458,0.000000,0.000000,0.059041,0.013167,0.702124,2184,8106895,145317,0,2,0,2,0,0,0,0,0,0,7208,0,4680,2528,0
4225,51453,21.348583,20.940203,20.914559,0.000000,0.000500,0.000000,0.000000,0.060833,0.013500,0.740792,2178,8107267,145462,0,2,0,2,0,0,0,0,0,0,5406,0,3510,1896,0
4226,51454,20.656583,20.249802,20.250122,0.000000,0.000417,0.000000,0.000000,0.057084,0.013583,0.899208,2175,8107348,142471,0,2,0,2,0,0,0,0,0,0,5406,0,3510,1896,0
4227,51455,20.307459,19.910746,19.953811,0.000000,0.000500,0.000000,0.000000,0.072291,0.014667,0.894626,2177,8106991,143256,0,2,0,2,0,0,0,0,0,0,7208,0,4680,2528,0
4228,51456,20.463000,20.058736,20.067770,0.000000,0.000457,0.000000,0.000000,0.046291,0.012084,0.739499,2169,8107213,145204,0,2,0,2,0,0,0,0,0,0,5406,0,3510,1896,0
4229,51457,21.115375,20.702130,20.716722,0.000000,0.000458,0.000000,0.000000,0.067958,0.012958,0.942666,2152,8107288,142709,0,2,0,2,0,0,0,0,0,0,5406,0,3510,1896,0
4230,51458,21.105666,20.697971,20.651108,0.000000,0.000375,0.000000,0.000000,0.059792,0.042458,0.967042,2155,8107039,142628,0,2,0,2,0,0,0,0,0,0,7208,0,4680,2528,0
4231,51459,20.212500,19.813148,19.813070,0.000000,0.000457,0.000000,0.000000,0.049084,0.013541,0.944584,2145,8107296,142983,0,2,0,2,0,0,0,0,0,0,5406,0,3510,1896,0
4232,51460,19.975417,19.577768,19.610272,0.000000,0.000625,0.000000,0.000000,0.051917,0.013416,0.446417,2144,8107215,142198,0,2,0,2,0,0,0,0,0,0,5406,0,3510,1896,0
4233,51461,20.121625,19.721087,19.756380,0.000000,0.000418,0.000000,0.000000,0.044458,0.011709,0.889292,2149,8107045,142743,0,2,0,2,0,0,0,0,0,0,7208,0,4680,2528,0
4234,51462,20.110083,19.703261,19.731215,0.000000,0.000543,0.000000,0.000000,0.050500,0.011250,0.913000,2148,8107242,141969,0,2,0,2,0,0,0,0,0,0,5406,0,3510,1896,0
4235,51463,20.017292,19.627185,19.665546,0.000000,0.000583,0.000000,0.000000,0.053667,0.014500,0.766209,2129,8107278,142869,0,2,0,2,0,0,0,0,0,0,5406,0,3510,1896,0
4236,51464,20.540167,20.136311,20.122036,0.000000,0.000418,0.000000,0.000000,0.063166,0.018000,0.812333,2139,8107052,141766,0,2,0,2,0,0,0,0,0,0,7208,0,4680,2528,0
4237,51465,19.933333,19.532246,19.566472,0.000000,0.000291,0.000000,0.000000,0.047625,0.013042,1.079792,2149,8107291,141386,0,2,0,2,0,0,0,0,0,0,5406,0,3510,1896,0
4238,51466,19.721792,19.333942,19.377576,0.000000,0.000376,0.000000,0.000000,0.046333,0.014625,0.926208,2117,8107164,140342,0,2,0,2,0,0,0,0,0,0,7004,0,4536,2468,0
4239,51467,20.289833,19.898875,19.931801,0.000000,0.000417,0.000000,0.000000,0.056833,0.012125,0.820708,2108,8107110,142806,0,2,0,2,0,0,0,0,0,0,5610,0,3654,1956,0
4240,51468,20.199042,19.798537,19.810797,0.000000,0.000459,0.000000,0.000000,0.055166,0.014834,0.472625,2154,8107262,141003,0,2,0,2,0,0,0,0,0,0,5406,0,3510,1896,0
4241,51469,19.846166,19.459437,19.479718,0.000000,0.000544,0.000000,0.000000,0.053042,0.012000,0.881083,2109,8107040,139485,0,2,0,2,0,0,0,0,0,0,7208,0,4680,2528,0
4242,51470,19.973917,19.583745,19.598492,0.000000,0.000541,0.000000,0.000000,0.044167,0.013000,0.851541,2109,8107236,141688,0,2,0,2,0,0,0,0,0,0,5406,0,3510,1896,0
4243,51471,19.924417,19.486207,19.521054,0.000000,0.000458,0.000000,0.000000,0.094541,0.018459,0.991542,2158,8107316,141266,0,2,0,2,0,0,0,0,0,0,5406,0,3510,1896,0
4244,51472,21.283333,20.929386,20.924901,0.000000,0.000417,0.000000,0.000000,0.053583,0.027959,0.644084,2127,8106940,148600,0,2,0,2,0,0,0,0,0,0,7388,0,4680,2708,0
4245,51473,20.372417,19.955069,19.991343,0.000000,0.000417,0.000000,0.000000,0.049833,0.013625,0.750750,2121,8107281,142316,0,2,0,2,0,0,0,0,0,0,5406,0,3510,1896,0
4246,51474,20.020250,19.622100,19.640532,0.000000,0.000335,0.000000,0.000000,0.056500,0.028458,1.117292,2173,8107170,141817,0,2,0,2,0,0,0,0,0,0,5406,0,3510,1896,0
4247,51475,20.158083,19.759762,19.803438,0.000000,0.000332,0.000000,0.000000,0.048708,0.023459,0.920376,2143,8107159,141923,0,2,0,2,0,0,0,0,0,0,7208,0,4680,2528,0
4248,51476,19.945875,19.546656,19.584634,0.000000,0.000333,0.000000,0.000000,0.044667,0.018250,0.958457,2132,8107195,149889,0,2,0,2,0,0,0,0,0,0,5555,0,3510,2045,0
4249,51477,20.767708,20.359447,20.386904,0.000000,0.000459,0.000000,0.000000,0.062542,0.048958,0.899750,2122,8107333,145135,0,2,0,2,0,0,0,0,0,0,5406,0,3510,1896,0
4250,51478,20.604167,20.211726,20.215492,0.000000,0.000582,0.000000,0.000000,0.049750,0.021167,0.453959,2126,8107015,141880,0,2,0,2,0,0,0,0,0,0,7208,0,4680,2528,0
4251,51479,19.966958,19.580453,19.600850,0.000000,0.000376,0.000000,0.000000,0.051459,0.011750,1.126167,2124,8107137,142358,0,2,0,2,0,0,0,0,0,0,5406,0,3510,1896,0
4252,51480,20.526917,20.129897,20.135606,0.000000,0.000416,0.000000,0.000000,0.055250,0.020292,0.772125,2163,8107211,141250,0,2,0,2,0,0,0,0,0,0,5406,0,3510,1896,0
4253,51481,20.345667,19.949487,19.960855,0.000000,0.000500,0.000000,0.000000,0.055833,0.035625,0.803000,2130,8107244,140822,0,2,0,2,0,0,0,0,0,0,7208,0,4680,2528,0
4254,51482,20.043666,19.641016,19.654185,0.000000,0.000460,0.000000,0.000000,0.045125,0.012667,1.340250,2115,8107112,141409,0,2,0,2,0,0,0,0,0,0,5406,0,3510,1896,0
4255,51483,19.490250,19.096905,19.139390,0.000000,0.000543,0.000000,0.000000,0.054792,0.016125,1.329542,2169,8107208,149630,0,2,0,2,0,0,0,0,0,0,5565,0,3510,2055,0
4256,51484,20.562042,20.239534,20.243821,0.000000,0.000334,0.000000,0.000000,0.065083,0.027417,1.288208,1703,8106965,127327,0,2,0,2,0,0,0,0,0,0,7208,0,4680,2528,0
4257,51485,17.490708,17.181176,17.199780,0.000000,0.000625,0.000000,0.000000,0.079000,0.040625,0.653042,1704,8107273,125461,0,2,0,2,0,0,0,0,0,0,5406,0,3510,1896,0
4258,51486,18.454709,18.086152,18.052592,0.000000,0.000376,0.000000,0.000000,0.100208,0.019625,0.722209,1710,8107248,124960,0,2,0,2,0,0,0,0,0,0,5406,0,3510,1896,0
4259,51487,17.869083,17.614874,17.620014,0.000000,0.000499,0.000000,0.000000,0.049208,0.013250,0.779958,1710,8107053,125114,0,2,0,2,0,0,0,0,0,0,7208,0,4680,2528,0
4260,51488,18.028792,17.694056,17.644683,0.000000,0.000334,0.000000,0.000000,0.053458,0.023917,1.102249,1723,8106950,125368,0,2,0,2,0,0,0,0,0,0,7447,0,3510,3937,0
4261,51489,17.589000,17.269085,17.254484,0.000000,0.000708,0.000000,0.000000,0.054083,0.022458,0.449250,1729,8107215,123973,0,2,0,2,0,0,0,0,0,0,5406,0,3510,1896,0
4262,51490,17.260000,16.950873,16.942129,0.000000,0.000373,0.000000,0.000000,0.050208,0.019000,1.131583,1709,8107082,123838,0,2,0,2,0,0,0,0,0,0,7208,0,4680,2528,0
4263,51491,17.412458,17.107958,17.100236,0.000000,0.000417,0.000000,0.000000,0.052375,0.017292,0.636000,1688,8107227,125072,0,2,0,2,0,0,0,0,0,0,5406,0,3510,1896,0
4264,51492,17.361125,17.044311,17.074985,0.000000,0.000457,0.000000,0.000000,0.059875,0.012375,1.019416,1740,8107342,123956,0,2,0,2,0,0,0,0,0,0,5406,0,3510,1896,0
4265,51493,17.335333,17.021913,17.031690,0.000000,0.000333,0.000000,0.000000,0.043875,0.019084,1.119542,1709,8107126,129074,0,2,0,2,0,0,0,0,0,0,7388,0,4680,2708,0
4266,51494,17.737709,17.420235,17.455749,0.000000,0.000417,0.000000,0.000000,0.051208,0.011708,0.482333,1708,8107042,126126,0,2,0,2,0,0,0,0,0,0,5406,0,3510,1896,0
4267,51495,17.419083,17.100366,17.139335,0.000000,0.000292,0.000000,0.000000,0.052125,0.013167,0.772542,1735,8107269,123826,0,2,0,2,0,0,0,0,0,0,5406,0,3510,1896,0
4268,51496,16.988125,16.676327,16.702540,0.000000,0.000418,0.000000,0.000000,0.054750,0.018500,1.076667,1705,8107177,127635,0,2,0,2,0,0,0,0,0,0,7344,0,4680,2664,0
4269,51497,18.282667,17.973180,17.950083,0.000000,0.000373,0.000000,0.000000,0.050833,0.015292,0.629208,1690,8107007,126187,0,2,0,2,0,0,0,0,0,0,5406,0,3510,1896,0
4270,51498,17.311541,16.996049,17.009538,0.000000,0.000417,0.000000,0.000000,0.060042,0.014875,1.183958,1720,8107299,124093,0,2,0,2,0,0,0,0,0,0,5406,0,3510,1896,0
4271,51499,17.362542,17.049766,17.068706,0.000000,0.000541,0.000000,0.000000,0.051250,0.013625,1.319375,1690,8107068,122084,0,2,0,2,0,0,0,0,0,0,7208,0,4680,2528,0
4272,51500,17.330458,17.019226,17.036558,0.000000,0.000376,0.000000,0.000000,0.055792,0.020333,0.455416,1685,8107258,124677,0,2,0,2,0,0,0,0,0,0,5406,0,3510,1896,0
4273,51501,17.313542,16.990893,17.014381,0.000000,0.000458,0.000000,0.000000,0.055792,0.014250,0.789083,1732,8107251,123070,0,2,0,2,0,0,0,0,0,0,5406,0,3510,1896,0
4274,51502,17.389542,17.082299,17.112771,0.000000,0.000459,0.000000,0.000000,0.051041,0.014417,0.469667,1689,8106991,121236,0,2,0,2,0,0,0,0,0,0,7208,0,4680,2528,0
4275,51503,17.494625,17.182755,17.170083,0.000000,0.000460,0.000000,0.000000,0.057416,0.046625,1.012375,1694,8107262,125532,0,2,0,2,0,0,0,0,0,0,5406,0,3510,1896,0
4276,51504,17.097041,16.779894,16.772824,0.000000,0.000333,0.000000,0.000000,0.048959,0.017250,1.250582,1732,8107261,123038,0,2,0,2,0,0,0,0,0,0,5406,0,3510,1896,0
4277,51505,16.813792,16.511031,16.520995,0.000000,0.000334,0.000000,0.000000,0.049750,0.039875,0.608625,1695,8107050,121490,0,2,0,2,0,0,0,0,0,0,7208,0,4680,2528,0
4278,51506,17.059042,16.745173,16.751466,0.000000,0.000459,0.000000,0.000000,0.052583,0.038167,1.227708,1685,8107326,125296,0,2,0,2,0,0,0,0,0,0,5406,0,3510,1896,0
4279,51507,17.516833,17.199532,17.217001,0.000000,0.000375,0.000000,0.000000,0.051750,0.050625,0.631375,1729,8107176,123774,0,2,0,2,0,0,0,0,0,0,5406,0,3510,1896,0
4280,51508,17.125208,16.812199,16.807650,0.000000,0.000415,0.000000,0.000000,0.043250,0.013584,1.244584,1690,8107082,122049,0,2,0,2,0,0,0,0,0,0,7208,0,4680,2528,0
4281,51509,17.309000,17.007175,17.022870,0.000000,0.000418,0.000000,0.000000,0.053625,0.053000,0.999250,1679,8107282,124343,0,2,0,2,0,0,0,0,0,0,5406,0,3510,1896,0
4282,51510,17.210834,16.890694,16.895495,0.000000,0.000375,0.000000,0.000000,0.047375,0.014250,0.654958,1729,8107260,123107,0,2,0,2,0,0,0,0,0,0,5406,0,3510,1896,0
4283,51511,17.377208,17.061923,17.083068,0.000000,0.000292,0.000000,0.000000,0.059750,0.040500,1.247750,1692,8107061,124162,0,2,0,2,0,0,0,0,0,0,7208,0,4680,2528,0
4284,51512,17.263958,16.954282,16.968707,0.000000,0.000499,0.000000,0.000000,0.057542,0.038833,1.264125,1691,8107258,123352,0,2,0,2,0,0,0,0,0,0,5406,0,3510,1896,0
4285,51513,17.142334,16.803912,16.784598,0.000000,0.000417,0.000000,0.000000,0.042541,0.040125,0.692459,1741,8107305,126919,0,2,0,2,0,0,0,0,0,0,5548,0,3510,2038,0
4286,51514,18.006500,17.692796,17.686414,0.000000,0.000292,0.000000,0.000000,0.049166,0.020709,1.264416,1696,8106919,127381,0,2,0,2,0,0,0,0,0,0,7208,0,4680,2528,0
4287,51515,17.232666,16.916426,16.948621,0.000000,0.000376,0.000000,0.000000,0.044500,0.010250,0.625583,1694,8107278,123731,0,2,0,2,0,0,0,0,0,0,5406,0,3510,1896,0
4288,51516,16.947417,16.629798,16.659666,0.000000,0.000374,0.000000,0.000000,0.048667,0.011958,1.257250,1742,8107254,123543,0,2,0,2,0,0,0,0,0,0,5406,0,3510,1896,0
4289,51517,17.378917,17.068950,17.078146,0.000000,0.000499,0.000000,0.000000,0.054000,0.048250,1.088959,1699,8107125,123212,0,2,0,2,0,0,0,0,0,0,7208,0,4680,2528,0
4290,51518,17.994791,17.665798,17.574978,0.000000,0.000541,0.000000,0.000000,0.056875,0.014334,0.308125,1697,8107250,123437,0,2,0,2,0,0,0,0,0,0,5406,0,3510,1896,0
4291,51519,17.244084,16.927198,16.964594,0.000000,0.000374,0.000000,0.000000,0.045375,0.044916,0.971167,1744,8107282,123236,0,2,0,2,0,0,0,0,0,0,7004,0,4536,2468,0
4292,51520,17.390083,17.074616,17.078606,0.000000,0.000542,0.000000,0.000000,0.055042,0.048083,1.243584,1684,8107040,123626,0,2,0,2,0,0,0,0,0,0,5610,0,3654,1956,0
4293,51521,16.798875,16.486624,16.488169,0.000000,0.000249,0.000000,0.000000,0.044167,0.013000,0.613833,1692,8107259,123158,0,2,0,2,0,0,0,0,0,0,5406,0,3510,1896,0
4294,51522,18.927542,18.614044,18.632123,0.000000,0.000418,0.000000,0.000000,0.048791,0.011334,0.938375,1685,8107023,141172,0,2,0,2,0,0,0,0,0,0,7208,0,4680,2528,0
4295,51523,17.168083,16.862412,16.851578,0.000000,0.000500,0.000000,0.000000,0.053833,0.021000,0.912333,1676,8107308,123927,0,2,0,2,0,0,0,0,0,0,5406,0,3510,1896,0
4296,51524,17.340500,17.021206,17.045909,0.000000,0.000333,0.000000,0.000000,0.053417,0.013208,0.657708,1674,8107279,122532,0,2,0,2,0,0,0,0,0,0,5406,0,3510,1896,0
4297,51525,16.949208,16.639195,16.654489,0.000000,0.000208,0.000000,0.000000,0.047459,0.014000,1.302959,1727,8107020,121345,0,2,0,2,0,0,0,0,0,0,7208,0,4680,2528,0
4298,51526,16.914250,16.604068,16.632963,0.000000,0.000333,0.000000,0.000000,0.045792,0.016583,0.608666,1659,8107304,124713,0,2,0,2,0,0,0,0,0,0,5406,0,3510,1896,0
4299,51527,16.583125,16.277832,16.308954,0.000000,0.000416,0.000000,0.000000,0.042250,0.012500,0.935208,1670,8107285,122642,0,2,0,2,0,0,0,0,0,0,5406,0,3510,1896,0
4300,51528,16.742584,16.428100,16.433661,0.000000,0.000375,0.000000,0.000000,0.045458,0.013500,1.306875,1728,8107021,121337,0,2,0,2,0,0,0,0,0,0,7208,0,4680,2528,0
4301,51529,16.941875,16.640475,16.658654,0.000000,0.000375,0.000000,0.000000,0.060000,0.011958,0.655375,1671,8107291,123975,0,2,0,2,0,0,0,0,0,0,5406,0,3510,1896,0
4302,51530,16.807291,16.494920,16.522718,0.000000,0.000373,0.000000,0.000000,0.051542,0.013792,1.156791,1675,8107269,123315,0,2,0,2,0,0,0,0,0,0,5406,0,3510,1896,0
4303,51531,17.013209,16.711167,16.742230,0.000000,0.000500,0.000000,0.000000,0.045958,0.013667,0.607667,1681,8107088,121432,0,2,0,2,0,0,0,0,0,0,7208,0,4680,2528,0
4304,51532,17.009416,16.699245,16.722772,0.000000,0.000377,0.000000,0.000000,0.042917,0.018458,0.774208,1679,8107189,123919,0,2,0,2,0,0,0,0,0,0,5406,0,3510,1896,0
4305,51533,16.744875,16.427421,16.463950,0.000000,0.000332,0.000000,0.000000,0.045834,0.011583,0.608250,1673,8107272,122314,0,2,0,2,0,0,0,0,0,0,5406,0,3510,1896,0
4306,51534,16.980250,16.666163,16.687780,0.000000,0.000375,0.000000,0.000000,0.043625,0.014500,0.900708,1676,8107048,121993,0,2,0,2,0,0,0,0,0,0,7208,0,4680,2528,0
4307,51535,17.027084,16.723288,16.749548,0.000000,0.000458,0.000000,0.000000,0.050458,0.019542,0.874917,1665,8107239,124002,0,2,0,2,0,0,0,0,0,0,5406,0,3510,1896,0
4308,51536,18.045375,17.729460,17.731993,0.000000,0.000707,0.000000,0.000000,0.084666,0.014959,0.293583,1668,8107300,122568,0,2,0,2,0,0,0,0,0,0,5406,0,3510,1896,0
4309,51537,19.146833,18.829342,18.800207,0.000000,0.001126,0.000000,0.000000,0.082000,0.016958,0.948625,1667,8107015,120842,0,2,0,2,0,0,0,0,0,0,7208,0,4680,2528,0
4310,51538,19.596250,19.280458,19.281568,0.000000,0.000792,0.000000,0.000000,0.086208,0.014375,0.965333,1664,8107333,124459,0,2,0,2,0,0,0,0,0,0,5406,0,3510,1896,0
4311,51539,18.592708,18.277506,18.296253,0.000000,0.000833,0.000000,0.000000,0.093459,0.015000,0.942125,1663,8107318,122146,0,2,0,2,0,0,0,0,0,0,5406,0,3510,1896,0
4312,51540,18.519084,18.201448,18.203761,0.000000,0.000374,0.000000,0.000000,0.053291,0.014709,0.290459,1671,8106908,121401,0,2,0,2,0,0,0,0,0,0,7208,0,4680,2528,0
4313,51541,17.272291,16.967686,16.971867,0.000000,0.000334,0.000000,0.000000,0.051959,0.014250,0.999208,1658,8107285,123696,0,2,0,2,0,0,0,0,0,0,5406,0,3510,1896,0
4314,51542,17.107334,16.798473,16.786765,0.000000,0.000584,0.000000,0.000000,0.053041,0.015167,1.292292,1674,8107233,123163,0,2,0,2,0,0,0,0,0,0,5406,0,3510,1896,0
4315,51543,17.822791,17.500705,17.448565,0.000000,0.000458,0.000000,0.000000,0.050167,0.013667,0.322458,1667,8107104,121028,0,2,0,2,0,0,0,0,0,0,7208,0,4680,2528,0
4316,51544,17.016125,16.720555,16.752920,0.000000,0.000333,0.000000,0.000000,0.048375,0.013084,0.985750,1660,8107282,123660,0,2,0,2,0,0,0,0,0,0,5406,0,3510,1896,0
4317,51545,17.230459,16.924566,16.917517,0.000000,0.000417,0.000000,0.000000,0.056000,0.014291,1.291667,1678,8107306,122587,0,2,0,2,0,0,0,0,0,0,5406,0,3510,1896,0
4318,51546,17.297083,16.989458,17.010213,0.000000,0.000458,0.000000,0.000000,0.063500,0.014042,0.610083,1680,8106919,122150,0,2,0,2,0,0,0,0,0,0,7208,0,4680,2528,0
4319,51547,17.073875,16.769860,16.764101,0.000000,0.000291,0.000000,0.000000,0.049042,0.016041,1.259666,1667,8107448,123827,0,2,0,2,0,0,0,0,0,0,5406,0,3510,1896,0
4320,51548,17.294833,16.970573,16.971936,0.000000,0.000416,0.000000,0.000000,0.060292,0.018667,0.289542,1722,8107064,122855,0,2,0,2,0,0,0,0,0,0,5406,0,3510,1896,0
4321,51549,17.129792,16.818637,16.830163,0.000000,0.000334,0.000000,0.000000,0.049750,0.015292,0.946000,1686,8107039,120955,0,2,0,2,0,0,0,0,0,0,7208,0,4680,2528,0
4322,51550,18.785583,18.469864,18.501134,0.000000,0.000415,0.000000,0.000000,0.050959,0.019208,1.259001,1737,8107183,140533,0,2,0,2,0,0,0,0,0,0,5586,0,3510,2076,0
4323,51551,17.441500,17.115063,17.138601,0.000000,0.000501,0.000000,0.000000,0.056167,0.017625,0.610292,1792,8107256,126241,0,2,0,2,0,0,0,0,0,0,5406,0,3510,1896,0
4324,51552,17.552250,17.224289,17.260161,0.000000,0.000417,0.000000,0.000000,0.044375,0.012625,0.904876,1755,8107052,124558,0,2,0,2,0,0,0,0,0,0,7208,0,4680,2528,0
4325,51553,17.494709,17.173714,17.203932,0.000000,0.000375,0.000000,0.000000,0.046666,0.024209,1.251750,1750,8107255,127720,0,2,0,2,0,0,0,0,0,0,5406,0,3510,1896,0
4326,51554,17.758708,17.420033,17.425842,0.000000,0.000585,0.000000,0.000000,0.045875,0.016083,0.642750,1792,8107266,127178,0,2,0,2,0,0,0,0,0,0,5406,0,3510,1896,0
4327,51555,17.420125,17.105991,17.127501,0.000000,0.000416,0.000000,0.000000,0.049083,0.015750,0.961459,1748,8107069,124895,0,2,0,2,0,0,0,0,0,0,7208,0,4680,2528,0
4328,51556,17.394542,17.062582,17.088029,0.000000,0.000375,0.000000,0.000000,0.044750,0.012166,1.305083,1740,8107363,127523,0,2,0,2,0,0,0,0,0,0,5406,0,3510,1896,0
4329,51557,17.117333,16.784041,16.823273,0.000000,0.000417,0.000000,0.000000,0.043292,0.018208,0.679250,1786,8107123,126061,0,2,0,2,0,0,0,0,0,0,5406,0,3510,1896,0
4330,51558,17.404167,17.073535,17.104146,0.000000,0.000376,0.000000,0.000000,0.066375,0.014625,0.889042,1745,8107063,124894,0,2,0,2,0,0,0,0,0,0,7208,0,4680,2528,0
4331,51559,17.553166,17.241829,17.278674,0.000000,0.000417,0.000000,0.000000,0.043375,0.015834,0.667458,1740,8107322,127475,0,2,0,2,0,0,0,0,0,0,5406,0,3510,1896,0
4332,51560,17.383917,17.048564,17.069257,0.000000,0.000375,0.000000,0.000000,0.042083,0.010500,0.963000,1742,8107228,123816,0,2,0,2,0,0,0,0,0,0,5406,0,3510,1896,0
4333,51561,16.589917,16.283768,16.314416,0.000000,0.000458,0.000000,0.000000,0.040291,0.011209,1.199625,1706,8107043,122360,0,2,0,2,0,0,0,0,0,0,7208,0,4680,2528,0
4334,51562,17.030958,16.714628,16.729170,0.000000,0.000417,0.000000,0.000000,0.044833,0.011667,0.609375,1696,8107245,125018,0,2,0,2,0,0,0,0,0,0,5406,0,3510,1896,0
4335,51563,16.877458,16.568287,16.599787,0.000000,0.000377,0.000000,0.000000,0.043709,0.012708,0.943249,1745,8107402,123177,0,2,0,2,0,0,0,0,0,0,5406,0,3510,1896,0
4336,51564,17.079459,16.763908,16.776635,0.000000,0.000584,0.000000,0.000000,0.045208,0.011917,0.609041,1700,8107010,123187,0,2,0,2,0,0,0,0,0,0,7208,0,4680,2528,0
4337,51565,16.910458,16.604251,16.627378,0.000000,0.000499,0.000000,0.000000,0.042958,0.016709,1.091208,1696,8107329,123462,0,2,0,2,0,0,0,0,0,0,5406,0,3510,1896,0
4338,51566,16.882958,16.564056,16.561055,0.000000,0.000334,0.000000,0.000000,0.039875,0.017917,1.269125,1730,8107100,127851,0,2,0,2,0,0,0,0,0,0,5663,0,3510,2153,0
4339,51567,21.524667,21.139296,21.180227,0.000000,0.000292,0.000000,0.000000,0.053625,0.021083,1.309709,2073,8106966,146907,0,2,0,2,0,0,0,0,0,0,7208,0,4680,2528,0
4340,51568,20.419375,20.027174,20.065860,0.000000,0.000500,0.000000,0.000000,0.049792,0.023000,1.089541,2119,8107175,147622,0,2,0,2,0,0,0,0,0,0,5555,0,3510,2045,0
4341,51569,17.373958,17.049072,17.069763,0.000000,0.000458,0.000000,0.000000,0.046625,0.017375,0.651833,1811,8107313,121128,0,2,0,2,0,0,0,0,0,0,5406,0,3510,1896,0
4342,51570,17.236417,16.910048,16.938820,0.000000,0.000333,0.000000,0.000000,0.046125,0.019833,1.333709,1789,8107053,122642,0,2,0,2,0,0,0,0,0,0,7208,0,4680,2528,0
4343,51571,21.473208,21.005453,20.653664,0.000000,0.000666,0.000000,0.000000,0.054084,0.023958,0.629208,2120,8107226,136998,0,2,0,2,0,0,0,0,0,0,5406,0,3510,1896,0
4344,51572,19.837750,19.446839,19.453517,0.000000,0.000377,0.000000,0.000000,0.052792,0.014625,1.305543,2146,8107142,142279,0,2,0,2,0,0,0,0,0,0,7004,0,4536,2468,0
4345,51573,17.435417,17.108300,17.151775,0.000000,0.000459,0.000000,0.000000,0.047708,0.047084,0.664959,1748,8107263,125592,0,2,0,2,0,0,0,0,0,0,5610,0,3654,1956,0
4346,51574,17.252667,16.935658,16.922030,0.000000,0.000501,0.000000,0.000000,0.051125,0.012958,1.320208,1733,8107335,124880,0,2,0,2,0,0,0,0,0,0,5406,0,3510,1896,0
4347,51575,19.595583,19.209480,19.211423,0.000000,0.000500,0.000000,0.000000,0.059500,0.032708,0.989917,2117,8106955,139955,0,2,0,2,0,0,0,0,0,0,7208,0,4680,2528,0
4348,51576,20.187375,19.781723,19.805013,0.000000,0.000458,0.000000,0.000000,0.047042,0.015375,0.708250,2062,8107213,141596,0,2,0,2,0,0,0,0,0,0,5406,0,3510,1896,0
4349,51577,17.109958,16.808828,16.841686,0.000000,0.000334,0.000000,0.000000,0.045834,0.020208,0.611125,1669,8107345,122160,0,2,0,2,0,0,0,0,0,0,5406,0,3510,1896,0
4350,51578,16.980209,16.662693,16.659115,0.000000,0.000335,0.000000,0.000000,0.046208,0.015667,0.991167,1673,8106965,120561,0,2,0,2,0,0,0,0,0,0,7208,0,4680,2528,0
4351,51579,16.818666,16.515239,16.547244,0.000000,0.000292,0.000000,0.000000,0.041375,0.016459,0.607833,1673,8107282,123982,0,2,0,2,0,0,0,0,0,0,5406,0,3510,1896,0
4352,51580,16.846959,16.538148,16.556735,0.000000,0.000292,0.000000,0.000000,0.048708,0.010667,0.944042,1672,8107357,122340,0,2,0,2,0,0,0,0,0,0,5406,0,3510,1896,0
4353,51581,16.332666,16.013487,16.045534,0.000000,0.000292,0.000000,0.000000,0.042625,0.010334,1.216291,1685,8106805,122191,0,2,0,2,0,0,0,0,0,0,7665,0,4680,2985,0
4354,51582,18.842417,18.511385,18.469813,0.000000,0.000541,0.000000,0.000000,0.049875,0.014583,0.290958,1675,8107263,130017,0,2,0,2,0,0,0,0,0,0,5406,0,3510,1896,0
4355,51583,17.159167,16.855453,16.879704,0.000000,0.000334,0.000000,0.000000,0.044750,0.012916,0.942292,1665,8107249,124228,0,2,0,2,0,0,0,0,0,0,5406,0,3510,1896,0
4356,51584,17.262500,16.951616,16.958414,0.000000,0.000499,0.000000,0.000000,0.046333,0.013542,1.393166,1687,8107082,122123,0,2,0,2,0,0,0,0,0,0,7208,0,4680,2528,0
4357,51585,18.060333,17.731895,17.717402,0.000000,0.000458,0.000000,0.000000,0.053792,0.011916,0.609708,1670,8107225,125167,0,2,0,2,0,0,0,0,0,0,5406,0,3510,1896,0
4358,51586,17.914125,17.599938,17.638327,0.000000,0.000500,0.000000,0.000000,0.063875,0.013625,0.582626,1684,8107309,130780,0,2,0,2,0,0,0,0,0,0,5565,0,3510,2055,0
4359,51587,17.343958,17.039426,17.077772,0.000000,0.000334,0.000000,0.000000,0.046250,0.013875,0.906292,1681,8106944,125684,0,2,0,2,0,0,0,0,0,0,7208,0,4680,2528,0
4360,51588,16.165584,15.865206,15.901582,0.000000,0.000291,0.000000,0.000000,0.040000,0.009875,0.608833,1664,8107247,125650,0,2,0,2,0,0,0,0,0,0,5406,0,3510,1896,0
4361,51589,16.340125,16.041593,16.072834,0.000000,0.000500,0.000000,0.000000,0.042416,0.011125,0.908125,1672,8107280,123651,0,2,0,2,0,0,0,0,0,0,5406,0,3510,1896,0
4362,51590,16.155958,15.854889,15.890823,0.000000,0.000334,0.000000,0.000000,0.038042,0.011833,0.349917,1684,8107001,122885,0,2,0,2,0,0,0,0,0,0,7208,0,4680,2528,0
4363,51591,16.155875,15.858312,15.893641,0.000000,0.000416,0.000000,0.000000,0.047000,0.014042,0.804417,1666,8107266,125334,0,2,0,2,0,0,0,0,0,0,5406,0,3510,1896,0
4364,51592,15.881125,15.580473,15.614989,0.000000,0.000582,0.000000,0.000000,0.045583,0.012042,0.354000,1677,8107253,122997,0,2,0,2,0,0,0,0,0,0,5406,0,3510,1896,0
4365,51593,15.782750,15.485586,15.520880,0.000000,0.000542,0.000000,0.000000,0.036125,0.009792,0.796709,1681,8107301,121253,0,2,0,2,0,0,0,0,0,0,7208,0,4680,2528,0
4366,51594,17.105917,16.796649,16.812506,0.000000,0.000457,0.000000,0.000000,0.052208,0.013125,0.445208,1665,8107094,125511,0,2,0,2,0,0,0,0,0,0,5406,0,3510,1896,0
4367,51595,16.616875,16.318043,16.275546,0.000000,0.002290,0.000000,0.000000,0.046458,0.012792,1.056500,1687,8106824,123675,0,2,0,2,0,0,0,0,0,0,7447,0,3510,3937,0
4368,51596,16.125416,15.821030,15.823317,0.000000,0.000541,0.000000,0.000000,0.053042,0.012750,0.447041,1669,8107106,121227,0,2,0,2,0,0,0,0,0,0,7208,0,4680,2528,0
4369,51597,16.659417,16.359616,16.394352,0.000000,0.000542,0.000000,0.000000,0.047875,0.013833,0.739168,1668,8107244,124704,0,2,0,2,0,0,0,0,0,0,5406,0,3510,1896,0
4370,51598,16.137583,15.834855,15.870251,0.000000,0.001709,0.000000,0.000000,0.045334,0.011166,0.448209,1678,8107334,123596,0,2,0,2,0,0,0,0,0,0,5406,0,3510,1896,0
4371,51599,15.863000,15.547306,15.600920,0.000000,0.000291,0.000000,0.000000,0.038375,0.009917,0.749208,1670,8106932,120943,0,2,0,2,0,0,0,0,0,0,7208,0,4680,2528,0
4372,51600,16.815500,16.513511,16.479053,0.000000,0.000667,0.000000,0.000000,0.059542,0.011500,0.611708,1662,8107279,124630,0,2,0,2,0,0,0,0,0,0,5406,0,3510,1896,0
4373,51601,16.154250,15.850374,15.886071,0.000000,0.000416,0.000000,0.000000,0.083500,0.027417,0.898666,1710,8107268,123069,0,2,0,2,0,0,0,0,0,0,5406,0,3510,1896,0
4374,51602,16.352792,16.055298,16.062228,0.000000,0.000333,0.000000,0.000000,0.040417,0.011291,0.447083,1670,8107006,121860,0,2,0,2,0,0,0,0,0,0,7208,0,4680,2528,0
4375,51603,16.842625,16.536974,16.552362,0.000000,0.000543,0.000000,0.000000,0.044750,0.012750,0.918625,1658,8107265,124336,0,2,0,2,0,0,0,0,0,0,5406,0,3510,1896,0
4376,51604,16.459417,16.154674,16.167675,0.000000,0.000210,0.000000,0.000000,0.039791,0.011084,0.907041,1704,8107291,122926,0,2,0,2,0,0,0,0,0,0,5406,0,3510,1896,0
4377,51605,16.239250,15.940838,15.972774,0.000000,0.000416,0.000000,0.000000,0.044708,0.050583,0.449541,1669,8107081,120921,0,2,0,2,0,0,0,0,0,0,7208,0,4680,2528,0
4378,51606,16.724958,16.425043,16.408029,0.000000,0.000291,0.000000,0.000000,0.042000,0.051167,0.947292,1655,8107194,125262,0,2,0,2,0,0,0,0,0,0,5406,0,3510,1896,0
4379,51607,16.111583,15.778264,15.795578,0.000000,0.000374,0.000000,0.000000,0.090042,0.018292,0.609833,1703,8107278,123040,0,2,0,2,0,0,0,0,0,0,5406,0,3510,1896,0
4380,51608,15.985709,15.717787,15.745408,0.000000,0.000333,0.000000,0.000000,0.033791,0.010917,1.055792,1660,8107067,121417,0,2,0,2,0,0,0,0,0,0,7208,0,4680,2528,0
4381,51609,16.498916,16.200660,16.231932,0.000000,0.000416,0.000000,0.000000,0.037167,0.012625,0.618959,1663,8107216,124249,0,2,0,2,0,0,0,0,0,0,5406,0,3510,1896,0
4382,51610,16.315125,15.982712,16.019334,0.000000,0.000251,0.000000,0.000000,0.073792,0.015875,0.906542,1704,8107306,123654,0,2,0,2,0,0,0,0,0,0,5406,0,3510,1896,0
4383,51611,16.056417,15.785968,15.796032,0.000000,0.000375,0.000000,0.000000,0.034542,0.011291,0.454375,1665,8106994,121474,0,2,0,2,0,0,0,0,0,0,7208,0,4680,2528,0
4384,51612,16.475417,16.176138,16.205054,0.000000,0.000333,0.000000,0.000000,0.037583,0.011833,0.902208,1668,8107289,124812,0,2,0,2,0,0,0,0,0,0,5406,0,3510,1896,0
4385,51613,16.349958,16.044480,16.081321,0.000000,0.000209,0.000000,0.000000,0.034708,0.010625,0.456083,1710,8107275,122883,0,2,0,2,0,0,0,0,0,0,5406,0,3510,1896,0
4386,51614,16.452208,16.154075,16.189711,0.000000,0.000291,0.000000,0.000000,0.034959,0.010958,0.738833,1673,8107144,122107,0,2,0,2,0,0,0,0,0,0,7208,0,4680,2528,0
4387,51615,16.303292,15.992481,16.028485,0.000000,0.000374,0.000000,0.000000,0.036250,0.010667,0.454666,1670,8107153,124406,0,2,0,2,0,0,0,0,0,0,5406,0,3510,1896,0
4388,51616,15.841000,15.535515,15.570396,0.000000,0.000374,0.000000,0.000000,0.033792,0.009250,0.879958,1708,8107277,122651,0,2,0,2,0,0,0,0,0,0,5406,0,3510,1896,0
4389,51617,16.021542,15.727503,15.761005,0.000000,0.000458,0.000000,0.000000,0.035500,0.010500,0.444459,1663,8107063,123226,0,2,0,2,0,0,0,0,0,0,7208,0,4680,2528,0
4390,51618,16.005333,15.708365,15.743043,0.000000,0.000375,0.000000,0.000000,0.782000,0.011667,0.737833,1660,8107259,123832,0,2,0,2,0,0,0,0,0,0,5406,0,3510,1896,0
4391,51619,16.890042,16.585949,16.154819,0.000000,0.000417,0.000000,0.000000,0.039208,0.010708,0.446791,1703,8107320,122514,0,2,0,2,0,0,0,0,0,0,5406,0,3510,1896,0
4392,51620,17.141166,16.823986,16.871290,0.000000,0.000583,0.000000,0.000000,0.047334,0.011083,0.809208,1669,8107014,123026,0,2,0,2,0,0,0,0,0,0,7208,0,4680,2528,0
4393,51621,16.949875,16.638005,16.664179,0.000000,0.000333,0.000000,0.000000,0.041084,0.049833,0.907666,1662,8107269,123108,0,2,0,2,0,0,0,0,0,0,5406,0,3510,1896,0
4394,51622,17.175334,16.862284,16.853741,0.000000,0.000418,0.000000,0.000000,0.051291,0.013084,0.447125,1704,8107402,123893,0,2,0,2,0,0,0,0,0,0,5406,0,3510,1896,0
4395,51623,16.500500,16.184246,16.212638,0.000000,0.000376,0.000000,0.000000,0.039875,0.012375,1.077875,1668,8106967,126925,0,2,0,2,0,0,0,0,0,0,7465,0,4680,2785,0
4396,51624,20.737916,20.349995,20.385200,0.000000,0.001043,0.000000,0.000000,0.057250,0.013250,0.968709,2099,8107138,145575,0,2,0,2,0,0,0,0,0,0,5406,0,3510,1896,0
4397,51625,20.697625,20.310321,20.314613,0.000000,0.000333,0.000000,0.000000,0.063250,0.014667,1.188500,2080,8107231,146521,0,2,0,2,0,0,0,0,0,0,7153,0,4536,2617,0
4398,51626,17.762875,17.440129,17.475015,0.000000,0.000292,0.000000,0.000000,0.054334,0.018333,0.633583,1774,8107026,123944,0,2,0,2,0,0,0,0,0,0,5610,0,3654,1956,0
4399,51627,16.876375,16.554771,16.579920,0.000000,0.000416,0.000000,0.000000,0.050875,0.012667,0.780875,1749,8107237,119549,0,2,0,2,0,0,0,0,0,0,5406,0,3510,1896,0
4400,51628,21.012542,20.597878,20.630769,0.000000,0.000625,0.000000,0.000000,0.086875,0.047625,0.953042,2155,8107046,141590,0,2,0,2,0,0,0,0,0,0,7208,0,4680,2528,0
4401,51629,21.403875,20.992664,20.995631,0.000000,0.000792,0.000000,0.000000,0.088917,0.035625,0.893583,2131,8107274,143976,0,2,0,2,0,0,0,0,0,0,5406,0,3510,1896,0
4402,51630,19.345875,19.015459,18.939021,0.000000,0.000499,0.000000,0.000000,0.064875,0.035792,0.815875,1742,8107379,125157,0,2,0,2,0,0,0,0,0,0,5406,0,3510,1896,0
4403,51631,20.126667,19.779581,19.473321,0.000000,0.000833,0.000000,0.000000,0.073541,0.013000,0.756333,1727,8106935,122118,0,2,0,2,0,0,0,0,0,0,7208,0,4680,2528,0
4404,51632,20.078000,19.692492,19.689555,0.000000,0.000291,0.000000,0.000000,0.050708,0.013125,0.460875,2101,8107246,143254,0,2,0,2,0,0,0,0,0,0,5406,0,3510,1896,0
4405,51633,19.984708,19.586903,19.541915,0.000000,0.000418,0.000000,0.000000,0.042208,0.015000,1.095375,2103,8107344,139502,0,2,0,2,0,0,0,0,0,0,5406,0,3510,1896,0
4406,51634,17.246042,16.934782,16.949963,0.000000,0.000333,0.000000,0.000000,0.044875,0.013083,0.772293,1686,8106948,121037,0,2,0,2,0,0,0,0,0,0,7208,0,4680,2528,0
4407,51635,17.208625,16.904805,16.925346,0.000000,0.000459,0.000000,0.000000,0.048916,0.013875,0.923000,1667,8107435,127906,0,2,0,2,0,0,0,0,0,0,5654,0,3510,2144,0
4408,51636,20.895541,20.505042,20.529435,0.000000,0.000416,0.000000,0.000000,0.047792,0.021250,0.972250,2091,8107018,143357,0,2,0,2,0,0,0,0,0,0,5406,0,3510,1896,0
4409,51637,19.034084,18.651965,18.679540,0.000000,0.000626,0.000000,0.000000,0.046916,0.026709,0.445250,2052,8107039,139847,0,2,0,2,0,0,0,0,0,0,7665,0,4680,2985,0
4410,51638,19.345500,19.030118,19.052291,0.000000,0.000542,0.000000,0.000000,0.059000,0.017250,0.768042,1690,8107019,137808,0,2,0,2,0,0,0,0,0,0,5555,0,3510,2045,0
4411,51639,17.493833,17.166931,17.165357,0.000000,0.000750,0.000000,0.000000,0.056083,0.019292,0.766375,1763,8107290,121188,0,2,0,2,0,0,0,0,0,0,5406,0,3510,1896,0
4412,51640,19.472208,19.068603,19.095764,0.000000,0.000500,0.000000,0.000000,0.052125,0.016584,1.115542,2151,8107023,136107,0,2,0,2,0,0,0,0,0,0,7208,0,4680,2528,0
4413,51641,19.336542,18.945186,18.973910,0.000000,0.000458,0.000000,0.000000,0.047125,0.051625,0.452500,2143,8107263,140087,0,2,0,2,0,0,0,0,0,0,5406,0,3510,1896,0
4414,51642,17.974500,17.645685,17.633579,0.000000,0.000501,0.000000,0.000000,0.048542,0.014708,1.030709,1765,8107356,125754,0,2,0,2,0,0,0,0,0,0,5406,0,3510,1896,0
4415,51643,17.080042,16.761583,16.793564,0.000000,0.000417,0.000000,0.000000,0.042416,0.043584,1.098291,1746,8106989,122994,0,2,0,2,0,0,0,0,0,0,7208,0,4680,2528,0
4416,51644,19.617416,19.220941,19.219911,0.000000,0.000499,0.000000,0.000000,0.053084,0.039166,0.957958,2107,8107286,143363,0,2,0,2,0,0,0,0,0,0,5406,0,3510,1896,0
4417,51645,19.351959,18.955874,18.966574,0.000000,0.000458,0.000000,0.000000,0.055625,0.015458,0.455250,2156,8107100,147060,0,2,0,2,0,0,0,0,0,0,5574,0,3510,2064,0
4418,51646,20.587583,20.189556,20.215900,0.000000,0.000293,0.000000,0.000000,0.048250,0.015167,0.768083,2077,8107051,143853,0,2,0,2,0,0,0,0,0,0,7208,0,4680,2528,0
4419,51647,19.681500,19.305439,19.322594,0.000000,0.000293,0.000000,0.000000,0.065958,0.014959,0.766667,2061,8107232,141224,0,2,0,2,0,0,0,0,0,0,5406,0,3510,1896,0
4420,51648,17.277708,16.973238,16.994905,0.000000,0.000376,0.000000,0.000000,0.052834,0.020916,0.907541,1681,8107259,122075,0,2,0,2,0,0,0,0,0,0,5406,0,3510,1896,0
4421,51649,17.140250,16.828811,16.844303,0.000000,0.000542,0.000000,0.000000,0.055209,0.014208,0.466375,1684,8107077,120230,0,2,0,2,0,0,0,0,0,0,7208,0,4680,2528,0
4422,51650,20.156542,19.772518,19.778814,0.000000,0.000333,0.000000,0.000000,0.058292,0.017833,0.942167,2062,8107231,142134,0,2,0,2,0,0,0,0,0,0,5406,0,3510,1896,0
4423,51651,18.983000,18.595431,18.612274,0.000000,0.000333,0.000000,0.000000,0.043208,0.013625,0.790416,2106,8107254,140413,0,2,0,2,0,0,0,0,0,0,6157,0,3510,2647,0
4424,51652,20.855708,20.481384,20.499220,0.000000,0.000668,0.000000,0.000000,0.052042,0.013625,0.793708,2062,8106755,153810,0,2,0,2,0,0,0,0,0,0,7208,0,4680,2528,0
4425,51653,17.799084,17.479066,17.502094,0.000000,0.000542,0.000000,0.000000,0.051916,0.019292,1.098500,1667,8107376,123652,0,2,0,2,0,0,0,0,0,0,5565,0,3510,2055,0
4426,51654,18.451958,18.118689,18.145254,0.000000,0.000543,0.000000,0.000000,0.095792,0.028625,0.609875,1795,8107079,132842,0,2,0,2,0,0,0,0,0,0,5406,0,3510,1896,0
4427,51655,19.801458,19.403320,19.401201,0.000000,0.000417,0.000000,0.000000,0.048250,0.017167,0.939042,2137,8107000,136366,0,2,0,2,0,0,0,0,0,0,7208,0,4680,2528,0
4428,51656,20.100375,19.701035,19.688088,0.000000,0.000499,0.000000,0.000000,0.049792,0.022125,0.938333,2145,8107489,138211,0,2,0,2,0,0,0,0,0,0,5406,0,3510,1896,0
4429,51657,17.607542,17.276827,17.287172,0.000000,0.000500,0.000000,0.000000,0.053667,0.017875,1.159208,1826,8107040,124702,0,2,0,2,0,0,0,0,0,0,5406,0,3510,1896,0
4430,51658,18.110542,17.776003,17.772602,0.000000,0.000417,0.000000,0.000000,0.051208,0.020125,1.088833,1766,8107099,124090,0,2,0,2,0,0,0,0,0,0,7208,0,4680,2528,0
4431,51659,19.872000,19.479163,19.477647,0.000000,0.000499,0.000000,0.000000,0.051333,0.013583,0.616833,2133,8107201,142209,0,2,0,2,0,0,0,0,0,0,5406,0,3510,1896,0
4432,51660,19.758291,19.357688,19.368730,0.000000,0.000541,0.000000,0.000000,0.071334,0.019083,0.936668,2175,8107292,140932,0,2,0,2,0,0,0,0,0,0,5406,0,3510,1896,0
4433,51661,17.946334,17.607886,17.639809,0.000000,0.000459,0.000000,0.000000,0.063833,0.014458,1.284958,1727,8107010,122357,0,2,0,2,0,0,0,0,0,0,7208,0,4680,2528,0
4434,51662,19.092500,18.762936,18.586747,0.000000,0.000792,0.000000,0.000000,0.088666,0.028542,0.943917,1686,8107198,122915,0,2,0,2,0,0,0,0,0,0,5593,0,3510,2083,0
4435,51663,20.745708,20.392258,20.103091,0.000000,0.000958,0.000000,0.000000,0.086750,0.030417,0.877374,1752,8107269,130078,0,2,0,2,0,0,0,0,0,0,5406,0,3510,1896,0
4436,51664,24.876208,24.441778,22.964401,0.000000,0.001250,0.000000,0.000000,0.131792,0.054208,0.589542,1785,8107062,123973,0,2,0,2,0,0,0,0,0,0,7208,0,4680,2528,0
4437,51665,20.157042,19.813858,19.566145,0.000000,0.000415,0.000000,0.000000,0.053167,0.014416,0.924625,1767,8107248,125938,0,2,0,2,0,0,0,0,0,0,5406,0,3510,1896,0
4438,51666,18.285250,17.954381,17.919455,0.000000,0.000418,0.000000,0.000000,0.087208,0.027584,1.236001,1806,8107271,124905,0,2,0,2,0,0,0,0,0,0,5406,0,3510,1896,0
4439,51667,17.591083,17.265805,17.288316,0.000000,0.000543,0.000000,0.000000,0.058625,0.014917,0.609292,1763,8107087,123414,0,2,0,2,0,0,0,0,0,0,7208,0,4680,2528,0
4440,51668,17.609167,17.291968,17.313547,0.000000,0.000417,0.000000,0.000000,0.059583,0.022584,1.289999,1748,8107213,124979,0,2,0,2,0,0,0,0,0,0,5406,0,3510,1896,0
4441,51669,17.707042,17.379775,17.389391,0.000000,0.000500,0.000000,0.000000,0.054500,0.014708,1.299000,1792,8107248,124795,0,2,0,2,0,0,0,0,0,0,5406,0,3510,1896,0
4442,51670,18.324250,18.005070,18.027398,0.000000,0.000333,0.000000,0.000000,0.051833,0.059917,0.645833,1702,8107054,130340,0,2,0,2,0,0,0,0,0,0,7208,0,4680,2528,0
4443,51671,17.780583,17.461693,17.453659,0.000000,0.000709,0.000000,0.000000,0.057250,0.021042,0.937499,1747,8107284,124604,0,2,0,2,0,0,0,0,0,0,5406,0,3510,1896,0
4444,51672,17.100208,16.774857,16.800483,0.000000,0.000459,0.000000,0.000000,0.048209,0.015583,1.269584,1782,8107320,124174,0,2,0,2,0,0,0,0,0,0,5406,0,3510,1896,0
4445,51673,17.601042,17.280560,17.313410,0.000000,0.000459,0.000000,0.000000,0.079542,0.063041,0.351167,1749,8107013,124095,0,2,0,2,0,0,0,0,0,0,7208,0,4680,2528,0
4446,51674,19.591583,19.256241,19.082986,0.000000,0.000834,0.000000,0.000000,0.069334,0.013458,0.630083,1744,8107303,124374,0,2,0,2,0,0,0,0,0,0,5406,0,3510,1896,0
4447,51675,17.315417,16.986299,17.007869,0.000000,0.000334,0.000000,0.000000,0.051208,0.013834,1.219334,1804,8107192,124089,0,2,0,2,0,0,0,0,0,0,5406,0,3510,1896,0
4448,51676,17.038000,16.723438,16.736999,0.000000,0.000459,0.000000,0.000000,0.056458,0.026542,0.655500,1722,8107110,125338,0,2,0,2,0,0,0,0,0,0,7208,0,4680,2528,0
4449,51677,17.726125,17.412368,17.434392,0.000000,0.000292,0.000000,0.000000,0.048458,0.015500,0.947667,1708,8107263,129085,0,2,0,2,0,0,0,0,0,0,5406,0,3510,1896,0
4450,51678,17.609625,17.276010,17.310661,0.000000,0.000335,0.000000,0.000000,0.056750,0.044375,1.260584,1831,8107378,125028,0,2,0,2,0,0,0,0,0,0,7004,0,4536,2468,0
4451,51679,17.454875,17.132161,17.135602,0.000000,0.000542,0.000000,0.000000,0.049625,0.014083,0.608208,1772,8106941,125670,0,2,0,2,0,0,0,0,0,0,5610,0,3654,1956,0
4452,51680,17.284750,16.960953,16.982249,0.000000,0.000459,0.000000,0.000000,0.052167,0.032875,1.075167,1764,8107298,124782,0,2,0,2,0,0,0,0,0,0,5406,0,3510,1896,0
4453,51681,17.365500,17.038472,17.025414,0.000000,0.000334,0.000000,0.000000,0.055458,0.014584,0.653208,1805,8107037,123299,0,2,0,2,0,0,0,0,0,0,7208,0,4680,2528,0
4454,51682,17.492542,17.171868,17.191645,0.000000,0.000459,0.000000,0.000000,0.052583,0.013417,0.973167,1742,8107256,126940,0,2,0,2,0,0,0,0,0,0,5406,0,3510,1896,0
4455,51683,16.803083,16.488923,16.492436,0.000000,0.000458,0.000000,0.000000,0.068292,0.015750,1.340458,1732,8107263,123998,0,2,0,2,0,0,0,0,0,0,5406,0,3510,1896,0
4456,51684,17.871667,17.557719,17.563383,0.000000,0.000498,0.000000,0.000000,0.055583,0.014917,0.671875,1715,8107115,127120,0,2,0,2,0,0,0,0,0,0,7208,0,4680,2528,0
4457,51685,17.782041,17.459362,17.480614,0.000000,0.000500,0.000000,0.000000,0.060625,0.020042,0.941543,1761,8107262,125885,0,2,0,2,0,0,0,0,0,0,5406,0,3510,1896,0
4458,51686,17.787209,17.451175,17.416974,0.000000,0.000584,0.000000,0.000000,0.077125,0.014625,0.963708,1767,8107471,124918,0,2,0,2,0,0,0,0,0,0,5406,0,3510,1896,0
4459,51687,17.623791,17.280960,17.307518,0.000000,0.000416,0.000000,0.000000,0.050375,0.014542,0.448500,1831,8106817,122051,0,2,0,2,0,0,0,0,0,0,7208,0,4680,2528,0
4460,51688,17.714125,17.394302,17.408584,0.000000,0.000376,0.000000,0.000000,0.060667,0.015875,0.780042,1765,8107353,125801,0,2,0,2,0,0,0,0,0,0,5406,0,3510,1896,0
4461,51689,17.242417,16.891581,16.921504,0.000000,0.000333,0.000000,0.000000,0.063333,0.017334,0.934000,1753,8107181,121567,0,2,0,2,0,0,0,0,0,0,5406,0,3510,1896,0
4462,51690,17.416583,17.101371,17.128551,0.000000,0.000458,0.000000,0.000000,0.055875,0.012750,0.652083,1737,8107040,123844,0,2,0,2,0,0,0,0,0,0,7208,0,4680,2528,0
4463,51691,17.308792,16.989924,17.015847,0.000000,0.000458,0.000000,0.000000,0.073542,0.013958,0.639333,1723,8107349,126041,0,2,0,2,0,0,0,0,0,0,5406,0,3510,1896,0
4464,51692,18.401458,18.073424,18.084431,0.000000,0.000459,0.000000,0.000000,0.069000,0.014417,1.307500,1742,8107204,128444,0,2,0,2,0,0,0,0,0,0,5406,0,3510,1896,0
4465,51693,17.733917,17.402333,17.414783,0.000000,0.000541,0.000000,0.000000,0.074917,0.015666,0.606000,1765,8106983,124975,0,2,0,2,0,0,0,0,0,0,7370,0,4680,2690,0
4466,51694,21.692042,21.272206,21.282157,0.000000,0.000499,0.000000,0.000000,0.070458,0.025250,1.059000,2119,8107325,148542,0,2,0,2,0,0,0,0,0,0,5406,0,3510,1896,0
4467,51695,18.001333,17.677205,17.675451,0.000000,0.000543,0.000000,0.000000,0.068875,0.044625,0.810167,1740,8107227,123128,0,2,0,2,0,0,0,0,0,0,5406,0,3510,1896,0
4468,51696,17.244375,16.928195,16.927554,0.000000,0.000374,0.000000,0.000000,0.049042,0.012958,1.230541,1737,8107056,121449,0,2,0,2,0,0,0,0,0,0,7208,0,4680,2528,0
4469,51697,19.376542,18.988033,19.021759,0.000000,0.000250,0.000000,0.000000,0.049000,0.013416,0.445709,2110,8107392,141690,0,2,0,2,0,0,0,0,0,0,5406,0,3510,1896,0
4470,51698,19.447000,19.054286,19.078249,0.000000,0.000251,0.000000,0.000000,0.060583,0.015167,0.942500,2142,8107100,140881,0,2,0,2,0,0,0,0,0,0,5406,0,3510,1896,0
4471,51699,16.822666,16.513314,16.522004,0.000000,0.000374,0.000000,0.000000,0.044709,0.012625,0.979208,1718,8107014,120477,0,2,0,2,0,0,0,0,0,0,7208,0,4680,2528,0
4472,51700,16.784375,16.481972,16.510376,0.000000,0.000416,0.000000,0.000000,0.049459,0.011375,0.650917,1660,8107419,122310,0,2,0,2,0,0,0,0,0,0,5406,0,3510,1896,0
4473,51701,19.127084,18.732177,18.770583,0.000000,0.000502,0.000000,0.000000,0.067458,0.014750,0.769041,2086,8107099,137138,0,2,0,2,0,0,0,0,0,0,5406,0,3510,1896,0
4474,51702,18.599083,18.228962,18.251881,0.000000,0.000250,0.000000,0.000000,0.046625,0.020792,1.068958,2062,8106623,141399,0,2,0,2,0,0,0,0,0,0,9408,0,4680,4728,0
4475,51703,17.953000,17.647602,17.677230,0.000000,0.000543,0.000000,0.000000,0.060208,0.020459,1.324458,1651,8107272,127686,0,2,0,2,0,0,0,0,0,0,5406,0,3510,1896,0
4476,51704,16.466708,16.162648,16.186361,0.000000,0.000291,0.000000,0.000000,0.063625,0.012625,0.484292,1643,8107268,121000,0,2,0,2,0,0,0,0,0,0,5406,0,3510,1896,0
4477,51705,17.673250,17.353087,17.320085,0.000000,0.000584,0.000000,0.000000,0.075667,0.038458,1.181750,1655,8107094,119333,0,2,0,2,0,0,0,0,0,0,7208,0,4680,2528,0
4478,51706,17.743417,17.429741,17.445590,0.000000,0.000375,0.000000,0.000000,0.069042,0.016041,0.631792,1654,8107230,123679,0,2,0,2,0,0,0,0,0,0,5406,0,3510,1896,0
4479,51707,16.671500,16.368616,16.380729,0.000000,0.000625,0.000000,0.000000,0.057000,0.017875,0.822583,1653,8107218,121140,0,2,0,2,0,0,0,0,0,0,5406,0,3510,1896,0
4480,51708,16.868833,16.559604,16.585293,0.000000,0.000540,0.000000,0.000000,0.060584,0.034583,1.126459,1663,8107140,118265,0,2,0,2,0,0,0,0,0,0,7208,0,4680,2528,0
4481,51709,17.118959,16.813828,16.821076,0.000000,0.000458,0.000000,0.000000,0.062958,0.013583,0.631125,1651,8107359,121699,0,2,0,2,0,0,0,0,0,0,5406,0,3510,1896,0
4482,51710,17.348750,17.036304,17.009822,0.000000,0.000625,0.000000,0.000000,0.058625,0.022583,0.942958,1663,8107081,122117,0,2,0,2,0,0,0,0,0,0,5406,0,3510,1896,0
4483,51711,17.853625,17.542866,17.486412,0.000000,0.000375,0.000000,0.000000,0.062208,0.014083,0.943583,1664,8107034,118194,0,2,0,2,0,0,0,0,0,0,7208,0,4680,2528,0
4484,51712,17.916208,17.603945,17.553679,0.000000,0.000459,0.000000,0.000000,0.059833,0.014584,0.455833,1694,8107256,124853,0,2,0,2,0,0,0,0,0,0,5406,0,3510,1896,0
4485,51713,16.740625,16.439339,16.438227,0.000000,0.000625,0.000000,0.000000,0.064083,0.015375,1.017917,1637,8107295,119739,0,2,0,2,0,0,0,0,0,0,5406,0,3510,1896,0
4486,51714,16.198875,15.880805,15.876278,0.000000,0.000542,0.000000,0.000000,0.047917,0.015416,0.513042,1646,8107063,117395,0,2,0,2,0,0,0,0,0,0,7337,0,4680,2657,0
4487,51715,18.314417,17.993962,17.969071,0.000000,0.000791,0.000000,0.000000,0.066041,0.014417,1.081875,1704,8107218,128813,0,2,0,2,0,0,0,0,0,0,5406,0,3510,1896,0
4488,51716,16.465000,16.158701,16.172038,0.000000,0.000418,0.000000,0.000000,0.053875,0.028666,0.612291,1660,8107190,119713,0,2,0,2,0,0,0,0,0,0,5406,0,3510,1896,0
4489,51717,16.186916,15.887910,15.905173,0.000000,0.000332,0.000000,0.000000,0.057459,0.014250,1.248542,1623,8107130,116766,0,2,0,2,0,0,0,0,0,0,7208,0,4680,2528,0
4490,51718,17.127625,16.818237,16.832664,0.000000,0.000668,0.000000,0.000000,0.065375,0.048750,1.307125,1690,8107149,123234,0,2,0,2,0,0,0,0,0,0,5406,0,3510,1896,0
4491,51719,16.365375,16.053510,16.053371,0.000000,0.000456,0.000000,0.000000,0.048834,0.013791,0.652042,1686,8107399,119900,0,2,0,2,0,0,0,0,0,0,5406,0,3510,1896,0
4492,51720,16.179625,15.883085,15.898947,0.000000,0.000376,0.000000,0.000000,0.061042,0.013625,1.312041,1628,8107006,118314,0,2,0,2,0,0,0,0,0,0,7208,0,4680,2528,0
4493,51721,16.776250,16.476012,16.502320,0.000000,0.000418,0.000000,0.000000,0.061125,0.014334,0.666500,1656,8107192,120826,0,2,0,2,0,0,0,0,0,0,5406,0,3510,1896,0
4494,51722,16.239709,15.929791,15.936953,0.000000,0.000416,0.000000,0.000000,0.050041,0.039250,0.961292,1691,8107295,118655,0,2,0,2,0,0,0,0,0,0,5406,0,3510,1896,0
4495,51723,17.306500,17.002249,16.985253,0.000000,0.000459,0.000000,0.000000,0.058208,0.014375,0.649584,1679,8107055,122415,0,2,0,2,0,0,0,0,0,0,7208,0,4680,2528,0
4496,51724,16.603625,16.299172,16.321126,0.000000,0.000333,0.000000,0.000000,0.067875,0.025208,0.769333,1673,8107281,120364,0,2,0,2,0,0,0,0,0,0,5406,0,3510,1896,0
4497,51725,16.420541,16.115878,16.121024,0.000000,0.000459,0.000000,0.000000,0.049584,0.013000,1.071167,1682,8107271,118954,0,2,0,2,0,0,0,0,0,0,5406,0,3510,1896,0
4498,51726,16.789709,16.481493,16.488659,0.000000,0.000376,0.000000,0.000000,0.052875,0.012875,0.475334,1670,8107041,120642,0,2,0,2,0,0,0,0,0,0,7208,0,4680,2528,0
4499,51727,16.588375,16.281728,16.298873,0.000000,0.000458,0.000000,0.000000,0.063083,0.012875,1.092292,1653,8107313,120280,0,2,0,2,0,0,0,0,0,0,5406,0,3510,1896,0
4500,51728,16.715583,16.401712,16.420741,0.000000,0.000375,0.000000,0.000000,0.056083,0.014000,0.445000,1701,8107221,119928,0,2,0,2,0,0,0,0,0,0,5406,0,3510,1896,0
4501,51729,15.974083,15.672834,15.694114,0.000000,0.000374,0.000000,0.000000,0.062042,0.012917,0.918875,1648,8107027,117458,0,2,0,2,0,0,0,0,0,0,7430,0,4680,2750,0
4502,51730,18.267459,17.965365,17.963601,0.000000,0.000291,0.000000,0.000000,0.050666,0.019834,0.454459,1670,8107238,128703,0,2,0,2,0,0,0,0,0,0,5406,0,3510,1896,0
4503,51731,16.432750,16.118960,16.135130,0.000000,0.000292,0.000000,0.000000,0.054166,0.015292,0.770375,1709,8107415,118083,0,2,0,2,0,0,0,0,0,0,7004,0,4536,2468,0
4504,51732,16.904125,16.598620,16.625344,0.000000,0.000459,0.000000,0.000000,0.068958,0.022417,1.096667,1672,8106907,122636,0,2,0,2,0,0,0,0,0,0,5610,0,3654,1956,0
4505,51733,16.022583,15.720014,15.717167,0.000000,0.000457,0.000000,0.000000,0.047375,0.014542,0.455375,1673,8107290,122818,0,2,0,2,0,0,0,0,0,0,5551,0,3510,2041,0
4506,51734,18.338875,18.013486,18.013046,0.000000,0.000500,0.000000,0.000000,0.056292,0.026083,0.781167,1686,8106943,126039,0,2,0,2,0,0,0,0,0,0,7208,0,4680,2528,0
4507,51735,16.742000,16.434986,16.461457,0.000000,0.000374,0.000000,0.000000,0.049417,0.011166,0.653000,1693,8107344,122233,0,2,0,2,0,0,0,0,0,0,5406,0,3510,1896,0
4508,51736,16.017958,15.710705,15.725853,0.000000,0.000375,0.000000,0.000000,0.055500,0.023292,1.162709,1669,8107167,119533,0,2,0,2,0,0,0,0,0,0,5602,0,3510,2092,0
4509,51737,17.714834,17.401449,17.441738,0.000000,0.000375,0.000000,0.000000,0.052125,0.014916,0.611167,1696,8107009,124347,0,2,0,2,0,0,0,0,0,0,7208,0,4680,2528,0
4510,51738,17.178333,16.871212,16.864841,0.000000,0.000458,0.000000,0.000000,0.061542,0.020916,0.933792,1691,8107301,122967,0,2,0,2,0,0,0,0,0,0,5406,0,3510,1896,0
4511,51739,16.792375,16.486408,16.507498,0.000000,0.000583,0.000000,0.000000,0.058250,0.040292,0.958249,1686,8107256,120444,0,2,0,2,0,0,0,0,0,0,5406,0,3510,1896,0
4512,51740,17.428042,17.090501,17.095340,0.000000,0.000375,0.000000,0.000000,0.080250,0.025500,0.321583,1737,8107043,118525,0,2,0,2,0,0,0,0,0,0,7208,0,4680,2528,0
4513,51741,17.500583,17.168984,17.182181,0.000000,0.000416,0.000000,0.000000,0.069417,0.017458,0.638291,1683,8107316,121340,0,2,0,2,0,0,0,0,0,0,5406,0,3510,1896,0
4514,51742,17.510417,17.192584,17.198808,0.000000,0.000292,0.000000,0.000000,0.050875,0.023666,1.004708,1704,8107247,121759,0,2,0,2,0,0,0,0,0,0,5406,0,3510,1896,0
4515,51743,18.985666,18.625797,18.138496,0.000000,0.000667,0.000000,0.000000,0.150917,0.037125,0.302334,1724,8107040,117083,0,2,0,2,0,0,0,0,0,0,7208,0,4680,2528,0
4516,51744,26.362667,25.893471,24.291871,0.000000,0.001918,0.000000,0.000000,0.159500,0.042333,0.913042,1685,8107290,122558,0,2,0,2,0,0,0,0,0,0,5406,0,3510,1896,0
4517,51745,28.200333,27.654541,25.545947,0.000000,0.001001,0.000000,0.000000,0.096709,0.019291,0.927000,1692,8107318,120491,0,2,0,2,0,0,0,0,0,0,5406,0,3510,1896,0
4518,51746,38.448042,37.843588,29.496902,0.000000,0.003876,0.000000,0.000000,0.205542,0.059000,0.948083,1748,8106986,119243,0,2,0,2,0,0,0,0,0,0,7208,0,4680,2528,0
4519,51747,23.305792,22.962319,22.016613,0.000000,0.000917,0.000000,0.000000,0.125000,0.052500,0.669001,1697,8107305,122503,0,2,0,2,0,0,0,0,0,0,5406,0,3510,1896,0
4520,51748,37.421833,36.782383,33.760058,0.000000,0.001584,0.000000,0.000000,0.088417,0.232708,1.188169,1681,8107305,119888,0,2,0,2,0,0,0,0,0,0,5406,0,3510,1896,0
4521,51749,19.936750,19.627074,18.305100,0.000000,0.000583,0.000000,0.000000,0.107833,0.019709,0.598499,1701,8107033,117588,0,2,0,2,0,0,0,0,0,0,7208,0,4680,2528,0
4522,51750,22.358958,21.947793,21.493644,0.000000,0.005043,0.000000,0.000000,0.087750,0.037417,0.601917,1698,8107252,123686,0,2,0,2,0,0,0,0,0,0,5406,0,3510,1896,0
4523,51751,30.232000,29.690175,25.900513,0.000000,0.013333,0.000000,0.000000,0.100000,0.034167,0.882084,1677,8107240,118920,0,2,0,2,0,0,0,0,0,0,5406,0,3510,1896,0
4524,51752,19.465625,19.146302,18.937733,0.000000,0.000791,0.000000,0.000000,0.088834,0.028333,0.291500,1683,8107075,117915,0,2,0,2,0,0,0,0,0,0,7208,0,4680,2528,0
4525,51753,20.242417,19.905573,19.725414,0.000000,0.001667,0.000000,0.000000,0.150708,0.017792,0.598625,1684,8107253,120936,0,2,0,2,0,0,0,0,0,0,5406,0,3510,1896,0
4526,51754,19.545125,19.220510,19.186075,0.000000,0.001167,0.000000,0.000000,0.110792,0.017583,0.599875,1675,8107402,121131,0,2,0,2,0,0,0,0,0,0,5406,0,3510,1896,0
4527,51755,20.771208,20.432625,20.098903,0.000000,0.003209,0.000000,0.000000,0.107959,0.020333,0.620541,1688,8106874,117802,0,2,0,2,0,0,0,0,0,0,7208,0,4680,2528,0
4528,51756,17.529125,17.218500,17.192816,0.000000,0.000666,0.000000,0.000000,0.063709,0.015541,0.590375,1661,8107182,120750,0,2,0,2,0,0,0,0,0,0,5586,0,3510,2076,0
4529,51757,19.522875,19.200134,18.973839,0.000000,0.000875,0.000000,0.000000,0.080917,0.014833,0.900500,1711,8107257,126953,0,2,0,2,0,0,0,0,0,0,5406,0,3510,1896,0
4530,51758,18.321375,18.012600,17.958595,0.000000,0.000585,0.000000,0.000000,0.060709,0.015125,0.291417,1681,8107046,118718,0,2,0,2,0,0,0,0,0,0,7208,0,4680,2528,0
4531,51759,17.382959,17.081051,17.006407,0.000000,0.000501,0.000000,0.000000,0.044708,0.015583,0.834542,1672,8107095,122374,0,2,0,2,0,0,0,0,0,0,5863,0,3510,2353,0
4532,51760,19.998250,19.619101,19.408726,0.000000,0.000416,0.000000,0.000000,0.075333,0.016333,0.656958,1723,8107508,126010,0,2,0,2,0,0,0,0,0,0,5406,0,3510,1896,0
4533,51761,19.518333,19.172929,18.927776,0.000000,0.000583,0.000000,0.000000,0.074000,0.037792,0.690417,1695,8106797,120954,0,2,0,2,0,0,0,0,0,0,7208,0,4680,2528,0
4534,51762,18.713417,18.406524,18.290411,0.000000,0.000459,0.000000,0.000000,0.057875,0.016458,0.308459,1675,8107506,123458,0,2,0,2,0,0,0,0,0,0,5406,0,3510,1896,0
4535,51763,17.894666,17.567736,17.526249,0.000000,0.000917,0.000000,0.000000,0.066667,0.016917,0.685374,1729,8107107,121430,0,2,0,2,0,0,0,0,0,0,5406,0,3510,1896,0
4536,51764,17.400125,17.085714,17.083862,0.000000,0.000334,0.000000,0.000000,0.048625,0.012709,0.846793,1704,8106947,120450,0,2,0,2,0,0,0,0,0,0,7208,0,4680,2528,0
4537,51765,17.633584,17.319578,17.289844,0.000000,0.000667,0.000000,0.000000,0.057041,0.014584,0.388584,1689,8107263,122264,0,2,0,2,0,0,0,0,0,0,5406,0,3510,1896,0
4538,51766,17.508916,17.178350,17.208815,0.000000,0.000376,0.000000,0.000000,0.049500,0.016000,0.764375,1736,8107256,121715,0,2,0,2,0,0,0,0,0,0,5406,0,3510,1896,0
4539,51767,16.765542,16.461114,16.469610,0.000000,0.000332,0.000000,0.000000,0.052708,0.013625,1.068208,1704,8107149,119881,0,2,0,2,0,0,0,0,0,0,7208,0,4680,2528,0
4540,51768,17.494542,17.160703,17.201920,0.000000,0.000374,0.000000,0.000000,0.055500,0.024625,0.463833,1693,8107177,122555,0,2,0,2,0,0,0,0,0,0,5406,0,3510,1896,0
4541,51769,17.258208,16.938092,16.937852,0.000000,0.000667,0.000000,0.000000,0.052750,0.014250,1.164958,1736,8107282,121188,0,2,0,2,0,0,0,0,0,0,5406,0,3510,1896,0
4542,51770,17.371625,17.053337,17.051485,0.000000,0.000331,0.000000,0.000000,0.062167,0.014458,0.652084,1712,8107033,120753,0,2,0,2,0,0,0,0,0,0,7208,0,4680,2528,0
4543,51771,17.534208,17.222192,17.218756,0.000000,0.000418,0.000000,0.000000,0.052875,0.014584,0.964667,1693,8107237,122298,0,2,0,2,0,0,0,0,0,0,5406,0,3510,1896,0
4544,51772,16.711584,16.399162,16.419241,0.000000,0.000333,0.000000,0.000000,0.050291,0.013500,1.312042,1727,8107308,120862,0,2,0,2,0,0,0,0,0,0,5406,0,3510,1896,0
4545,51773,16.850166,16.541381,16.542548,0.000000,0.000582,0.000000,0.000000,0.065084,0.014708,0.350625,1697,8107045,119321,0,2,0,2,0,0,0,0,0,0,7208,0,4680,2528,0
4546,51774,17.655667,17.341232,17.372274,0.000000,0.000541,0.000000,0.000000,0.059833,0.020000,0.978583,1687,8107424,122668,0,2,0,2,0,0,0,0,0,0,5406,0,3510,1896,0
4547,51775,17.125917,16.811165,16.833071,0.000000,0.000377,0.000000,0.000000,0.050916,0.013709,0.608083,1735,8107177,121405,0,2,0,2,0,0,0,0,0,0,5406,0,3510,1896,0
4548,51776,18.415916,18.090417,17.920936,0.000000,0.000542,0.000000,0.000000,0.066625,0.014292,0.846750,1690,8106975,120779,0,2,0,2,0,0,0,0,0,0,7208,0,4680,2528,0
4549,51777,17.509750,17.193247,17.217421,0.000000,0.000582,0.000000,0.000000,0.067792,0.014750,0.901875,1691,8107391,120821,0,2,0,2,0,0,0,0,0,0,5406,0,3510,1896,0
4550,51778,16.408167,16.107826,16.142158,0.000000,0.000290,0.000000,0.000000,0.052000,0.015583,0.607875,1721,8107143,121470,0,2,0,2,0,0,0,0,0,0,5406,0,3510,1896,0
4551,51779,16.481125,16.177534,16.204711,0.000000,0.000500,0.000000,0.000000,0.050667,0.018166,0.903417,1695,8107352,120847,0,2,0,2,0,0,0,0,0,0,7208,0,4680,2528,0
4552,51780,16.265625,15.963918,15.999243,0.000000,0.000459,0.000000,0.000000,0.041917,0.017583,0.608334,1686,8106989,120740,0,2,0,2,0,0,0,0,0,0,5406,0,3510,1896,0
4553,51781,16.270625,15.962969,15.999963,0.000000,0.000333,0.000000,0.000000,0.049833,0.020000,1.051791,1719,8107271,120690,0,2,0,2,0,0,0,0,0,0,5406,0,3510,1896,0
4554,51782,16.086625,15.788008,15.821997,0.000000,0.000251,0.000000,0.000000,0.039000,0.010458,0.609458,1682,8107082,121413,0,2,0,2,0,0,0,0,0,0,7208,0,4680,2528,0
4555,51783,15.782625,15.481823,15.514447,0.000000,0.000541,0.000000,0.000000,0.041583,0.010584,1.051000,1676,8107329,120547,0,2,0,2,0,0,0,0,0,0,5406,0,3510,1896,0
4556,51784,15.838875,15.534412,15.568039,0.000000,0.000249,0.000000,0.000000,0.039083,0.011084,0.615667,1718,8107234,119491,0,2,0,2,0,0,0,0,0,0,7004,0,4536,2468,0
4557,51785,15.904042,15.605582,15.640423,0.000000,0.000166,0.000000,0.000000,0.037416,0.010167,0.792833,1668,8107135,121099,0,2,0,2,0,0,0,0,0,0,5610,0,3654,1956,0
4558,51786,15.514750,15.220887,15.253281,0.000000,0.000293,0.000000,0.000000,0.042875,0.013083,0.609708,1670,8107297,125443,0,2,0,2,0,0,0,0,0,0,5565,0,3510,2055,0
4559,51787,16.522208,16.217214,16.259022,0.000000,0.000332,0.000000,0.000000,0.053500,0.012417,0.783957,1672,8106809,124504,0,2,0,2,0,0,0,0,0,0,7208,0,4680,2528,0
4560,51788,16.098250,15.800056,15.834835,0.000000,0.000291,0.000000,0.000000,0.043125,0.018875,0.450125,1663,8107297,122704,0,2,0,2,0,0,0,0,0,0,5406,0,3510,1896,0
4561,51789,15.943875,15.634578,15.664380,0.000000,0.000377,0.000000,0.000000,0.044250,0.015500,0.822376,1658,8107284,120660,0,2,0,2,0,0,0,0,0,0,5406,0,3510,1896,0
4562,51790,16.049417,15.756791,15.786876,0.000000,0.000375,0.000000,0.000000,0.042041,0.011500,0.449083,1707,8107032,120785,0,2,0,2,0,0,0,0,0,0,7208,0,4680,2528,0
4563,51791,15.846458,15.548097,15.576665,0.000000,0.000291,0.000000,0.000000,0.043417,0.010666,0.821959,1647,8107340,122396,0,2,0,2,0,0,0,0,0,0,5406,0,3510,1896,0
4564,51792,15.723250,15.424607,15.456124,0.000000,0.000376,0.000000,0.000000,0.040375,0.013250,0.608625,1658,8107203,120518,0,2,0,2,0,0,0,0,0,0,5406,0,3510,1896,0
4565,51793,15.674833,15.371365,15.404791,0.000000,0.000248,0.000000,0.000000,0.038250,0.011459,0.900750,1714,8107102,119070,0,2,0,2,0,0,0,0,0,0,7208,0,4680,2528,0
4566,51794,16.070625,15.768949,15.806344,0.000000,0.000334,0.000000,0.000000,0.045959,0.010750,0.607750,1659,8107347,122700,0,2,0,2,0,0,0,0,0,0,5406,0,3510,1896,0
4567,51795,15.659459,15.367638,15.400995,0.000000,0.000292,0.000000,0.000000,0.044583,0.012917,0.904417,1659,8107168,120464,0,2,0,2,0,0,0,0,0,0,5406,0,3510,1896,0
4568,51796,15.860833,15.554545,15.586873,0.000000,0.000417,0.000000,0.000000,0.041208,0.011667,0.618042,1703,8107072,118891,0,2,0,2,0,0,0,0,0,0,7208,0,4680,2528,0
4569,51797,16.153958,15.848856,15.843086,0.000000,0.000542,0.000000,0.000000,0.054625,0.015542,0.596708,1660,8107248,122197,0,2,0,2,0,0,0,0,0,0,5406,0,3510,1896,0
4570,51798,16.026292,15.726218,15.754773,0.000000,0.000293,0.000000,0.000000,0.045667,0.009041,0.628625,1665,8107414,121385,0,2,0,2,0,0,0,0,0,0,5406,0,3510,1896,0
4571,51799,15.659292,15.354800,15.388120,0.000000,0.000210,0.000000,0.000000,0.036375,0.009416,0.901501,1713,8107046,118875,0,2,0,2,0,0,0,0,0,0,7208,0,4680,2528,0
4572,51800,15.867041,15.573407,15.606905,0.000000,0.000582,0.000000,0.000000,0.046834,0.015166,0.607791,1655,8107402,122219,0,2,0,2,0,0,0,0,0,0,5406,0,3510,1896,0
4573,51801,15.739750,15.443924,15.480683,0.000000,0.000209,0.000000,0.000000,0.035709,0.013458,0.905417,1655,8106996,120628,0,2,0,2,0,0,0,0,0,0,5406,0,3510,1896,0
4574,51802,15.849125,15.553269,15.582515,0.000000,0.000375,0.000000,0.000000,0.045417,0.010833,0.610000,1669,8107043,119881,0,2,0,2,0,0,0,0,0,0,7208,0,4680,2528,0
4575,51803,15.743625,15.443448,15.480917,0.000000,0.000375,0.000000,0.000000,0.044000,0.010792,0.916667,1660,8107298,122201,0,2,0,2,0,0,0,0,0,0,5406,0,3510,1896,0
4576,51804,15.842709,15.548680,15.576480,0.000000,0.000290,0.000000,0.000000,0.043791,0.012792,0.609542,1661,8107260,120639,0,2,0,2,0,0,0,0,0,0,5406,0,3510,1896,0
4577,51805,15.731416,15.434160,15.468078,0.000000,0.000249,0.000000,0.000000,0.038000,0.010250,0.933125,1663,8107068,119162,0,2,0,2,0,0,0,0,0,0,7208,0,4680,2528,0
4578,51806,16.330709,16.028757,16.065405,0.000000,0.000290,0.000000,0.000000,0.056333,0.050042,0.292583,1663,8107237,122849,0,2,0,2,0,0,0,0,0,0,5406,0,3510,1896,0
4579,51807,16.694541,16.390027,16.394611,0.000000,0.000458,0.000000,0.000000,0.077500,0.038750,1.252583,1662,8107277,120861,0,2,0,2,0,0,0,0,0,0,5406,0,3510,1896,0
4580,51808,17.336792,17.027636,17.051101,0.000000,0.000917,0.000000,0.000000,0.087333,0.038917,0.444042,1666,8107037,119433,0,2,0,2,0,0,0,0,0,0,7208,0,4680,2528,0
4581,51809,17.396250,17.093259,17.114429,0.000000,0.000418,0.000000,0.000000,0.064708,0.049750,0.981376,1680,8106900,122819,0,2,0,2,0,0,0,0,0,0,7447,0,3510,3937,0
4582,51810,17.401667,17.089673,17.050039,0.000000,0.000625,0.000000,0.000000,0.096375,0.034375,0.738541,1667,8107328,122244,0,2,0,2,0,0,0,0,0,0,5406,0,3510,1896,0
4583,51811,17.526250,17.214825,17.214891,0.000000,0.000458,0.000000,0.000000,0.051875,0.016875,0.592709,1674,8107003,120085,0,2,0,2,0,0,0,0,0,0,7208,0,4680,2528,0
4584,51812,16.480333,16.174566,16.202568,0.000000,0.000291,0.000000,0.000000,0.050958,0.012959,0.937708,1668,8107442,122715,0,2,0,2,0,0,0,0,0,0,5406,0,3510,1896,0
4585,51813,16.384250,16.083105,16.116808,0.000000,0.000334,0.000000,0.000000,0.045542,0.013208,0.654959,1653,8107066,120285,0,2,0,2,0,0,0,0,0,0,5406,0,3510,1896,0
4586,51814,16.573917,16.272828,16.281316,0.000000,0.000375,0.000000,0.000000,0.048958,0.013042,0.901166,1664,8107027,120020,0,2,0,2,0,0,0,0,0,0,7208,0,4680,2528,0
4587,51815,16.412000,16.110166,16.124498,0.000000,0.000375,0.000000,0.000000,0.047333,0.012958,0.661375,1658,8107270,122398,0,2,0,2,0,0,0,0,0,0,5406,0,3510,1896,0
4588,51816,16.570625,16.263894,16.282311,0.000000,0.000375,0.000000,0.000000,0.047708,0.015583,1.318875,1665,8107303,120593,0,2,0,2,0,0,0,0,0,0,5406,0,3510,1896,0
4589,51817,16.867875,16.558496,16.578538,0.000000,0.000541,0.000000,0.000000,0.056083,0.016833,1.244500,1673,8107010,119782,0,2,0,2,0,0,0,0,0,0,7208,0,4680,2528,0
4590,51818,17.085333,16.783448,16.792475,0.000000,0.000293,0.000000,0.000000,0.063708,0.016667,0.609667,1649,8107243,123109,0,2,0,2,0,0,0,0,0,0,5406,0,3510,1896,0
4591,51819,16.664750,16.356736,16.386931,0.000000,0.000458,0.000000,0.000000,0.053417,0.015875,1.058207,1681,8107362,120397,0,2,0,2,0,0,0,0,0,0,5406,0,3510,1896,0
4592,51820,16.749167,16.442543,16.443244,0.000000,0.000627,0.000000,0.000000,0.047541,0.017125,0.609916,1661,8106955,119657,0,2,0,2,0,0,0,0,0,0,7208,0,4680,2528,0
4593,51821,16.766416,16.463007,16.489993,0.000000,0.000624,0.000000,0.000000,0.053667,0.014125,0.760001,1660,8107343,122199,0,2,0,2,0,0,0,0,0,0,5406,0,3510,1896,0
4594,51822,16.614000,16.303423,16.331618,0.000000,0.000541,0.000000,0.000000,0.050417,0.012708,0.802457,1706,8107267,121979,0,2,0,2,0,0,0,0,0,0,5406,0,3510,1896,0
4595,51823,16.846584,16.484288,16.442895,0.000000,0.000834,0.000000,0.000000,0.072583,0.017917,0.450833,1664,8106981,118736,0,2,0,2,0,0,0,0,0,0,7208,0,4680,2528,0
4596,51824,17.179166,16.928732,16.894665,0.000000,0.000541,0.000000,0.000000,0.076709,0.014666,0.964959,1671,8107236,122260,0,2,0,2,0,0,0,0,0,0,5406,0,3510,1896,0
4597,51825,17.022625,16.709268,16.744371,0.000000,0.000334,0.000000,0.000000,0.055875,0.017000,0.610417,1700,8107250,120924,0,2,0,2,0,0,0,0,0,0,5406,0,3510,1896,0
4598,51826,16.766417,16.461771,16.467863,0.000000,0.000458,0.000000,0.000000,0.049750,0.021500,1.089541,1672,8107112,120031,0,2,0,2,0,0,0,0,0,0,7208,0,4680,2528,0
4599,51827,16.883000,16.578989,16.590452,0.000000,0.000458,0.000000,0.000000,0.046750,0.014333,0.608542,1660,8107400,122212,0,2,0,2,0,0,0,0,0,0,5406,0,3510,1896,0
4600,51828,17.304458,16.982354,16.901054,0.000000,0.000583,0.000000,0.000000,0.051250,0.020667,0.658291,1711,8107252,120682,0,2,0,2,0,0,0,0,0,0,5406,0,3510,1896,0
4601,51829,17.078167,16.767149,16.770604,0.000000,0.000500,0.000000,0.000000,0.060125,0.048333,1.281458,1663,8106905,120366,0,2,0,2,0,0,0,0,0,0,7208,0,4680,2528,0
4602,51830,16.523833,16.212932,16.216205,0.000000,0.000499,0.000000,0.000000,0.046084,0.011291,0.651000,1656,8107317,121626,0,2,0,2,0,0,0,0,0,0,5406,0,3510,1896,0
4603,51831,16.755334,16.444264,16.401838,0.000000,0.000583,0.000000,0.000000,0.062916,0.014584,0.642416,1707,8107226,120714,0,2,0,2,0,0,0,0,0,0,5406,0,3510,1896,0
4604,51832,17.121708,16.818021,16.830121,0.000000,0.000457,0.000000,0.000000,0.051667,0.043000,0.633875,1661,8107253,120667,0,2,0,2,0,0,0,0,0,0,7208,0,4680,2528,0
4605,51833,16.483042,16.183591,16.188346,0.000000,0.000334,0.000000,0.000000,0.044833,0.015708,0.973083,1656,8107069,120271,0,2,0,2,0,0,0,0,0,0,5406,0,3510,1896,0
4606,51834,16.653416,16.342348,16.362243,0.000000,0.000334,0.000000,0.000000,0.046500,0.012959,1.113166,1707,8107320,121440,0,2,0,2,0,0,0,0,0,0,5406,0,3510,1896,0
4607,51835,16.731125,16.428994,16.428685,0.000000,0.000626,0.000000,0.000000,0.047584,0.021333,0.310916,1668,8107013,120739,0,2,0,2,0,0,0,0,0,0,7208,0,4680,2528,0
4608,51836,16.509250,16.195823,16.224126,0.000000,0.000500,0.000000,0.000000,0.070334,0.019958,1.106625,1656,8107474,120309,0,2,0,2,0,0,0,0,0,0,5406,0,3510,1896,0
4609,51837,16.600792,16.288265,16.309407,0.000000,0.000416,0.000000,0.000000,0.065667,0.014958,0.477041,1709,8106987,119007,0,2,0,2,0,0,0,0,0,0,7124,0,4596,2528,0
4610,51838,16.489083,16.187950,16.221796,0.000000,0.000375,0.000000,0.000000,0.042500,0.009834,0.984374,1653,8107163,122491,0,2,0,2,0,0,0,0,0,0,5490,0,3594,1896,0
4611,51839,16.438875,16.127180,16.153919,0.000000,0.000583,0.000000,0.000000,0.045917,0.051292,0.422084,1652,8107367,120571,0,2,0,2,0,0,0,0,0,0,5406,0,3510,1896,0
4612,51840,16.819709,16.500350,16.486666,0.000000,0.000292,0.000000,0.000000,0.062708,0.048333,0.753207,1711,8107013,118955,0,2,0,2,0,0,0,0,0,0,7208,0,4680,2528,0
4613,51841,16.697541,16.391997,16.400620,0.000000,0.000376,0.000000,0.000000,0.055167,0.039917,0.445375,1664,8107209,122103,0,2,0,2,0,0,0,0,0,0,5406,0,3510,1896,0
4614,51842,16.857292,16.554930,16.554445,0.000000,0.000376,0.000000,0.000000,0.052750,0.048917,0.921583,1667,8107243,122028,0,2,0,2,0,0,0,0,0,0,5406,0,3510,1896,0
4615,51843,16.717500,16.386524,16.395518,0.000000,0.000418,0.000000,0.000000,0.044208,0.020125,1.245084,1717,8107046,118874,0,2,0,2,0,0,0,0,0,0,7208,0,4680,2528,0
4616,51844,17.050917,16.739296,16.768598,0.000000,0.000418,0.000000,0.000000,0.060708,0.013708,0.614042,1658,8107534,122479,0,2,0,2,0,0,0,0,0,0,5406,0,3510,1896,0
4617,51845,16.698666,16.394323,16.414555,0.000000,0.000334,0.000000,0.000000,0.047334,0.018541,0.970291,1669,8107199,120577,0,2,0,2,0,0,0,0,0,0,5406,0,3510,1896,0
4618,51846,16.503375,16.194476,16.226154,0.000000,0.000416,0.000000,0.000000,0.046209,0.012875,0.610292,1721,8106879,119946,0,2,0,2,0,0,0,0,0,0,7208,0,4680,2528,0
4619,51847,16.893584,16.592820,16.609712,0.000000,0.000499,0.000000,0.000000,0.048875,0.017833,0.936499,1664,8107358,122371,0,2,0,2,0,0,0,0,0,0,5406,0,3510,1896,0
4620,51848,16.491291,16.181277,16.204924,0.000000,0.000416,0.000000,0.000000,0.046959,0.050583,0.613042,1665,8107184,120627,0,2,0,2,0,0,0,0,0,0,5406,0,3510,1896,0
4621,51849,16.436667,16.131502,16.131174,0.000000,0.000418,0.000000,0.000000,0.050792,0.011958,0.958916,1716,8107071,119012,0,2,0,2,0,0,0,0,0,0,7208,0,4680,2528,0
4622,51850,16.775083,16.467576,16.498431,0.000000,0.000416,0.000000,0.000000,0.047459,0.013083,0.611375,1660,8107525,123273,0,2,0,2,0,0,0,0,0,0,5406,0,3510,1896,0
4623,51851,16.371750,16.068925,16.094874,0.000000,0.000334,0.000000,0.000000,0.046750,0.023750,1.328333,1658,8107159,120868,0,2,0,2,0,0,0,0,0,0,5406,0,3510,1896,0
4624,51852,16.719834,16.398622,16.436654,0.000000,0.000333,0.000000,0.000000,0.062250,0.014041,1.100083,1672,8106978,119247,0,2,0,2,0,0,0,0,0,0,7208,0,4680,2528,0
4625,51853,16.909875,16.597861,16.624377,0.000000,0.000334,0.000000,0.000000,0.042916,0.011959,0.664625,1664,8107271,122054,0,2,0,2,0,0,0,0,0,0,5406,0,3510,1896,0
4626,51854,16.443416,16.133793,16.171257,0.000000,0.000334,0.000000,0.000000,0.043834,0.012791,1.157584,1662,8107200,122099,0,2,0,2,0,0,0,0,0,0,5406,0,3510,1896,0
4627,51855,16.453500,16.140055,16.176728,0.000000,0.000500,0.000000,0.000000,0.046875,0.031667,0.668708,1678,8107045,119352,0,2,0,2,0,0,0,0,0,0,7208,0,4680,2528,0
4628,51856,17.091459,16.779011,16.791717,0.000000,0.000501,0.000000,0.000000,0.054500,0.012916,0.769416,1669,8107292,122658,0,2,0,2,0,0,0,0,0,0,5406,0,3510,1896,0
4629,51857,17.075875,16.764761,16.656613,0.000000,0.000668,0.000000,0.000000,0.055375,0.014791,0.610542,1669,8107428,120675,0,2,0,2,0,0,0,0,0,0,5406,0,3510,1896,0
4630,51858,16.645666,16.340839,16.323832,0.000000,0.000627,0.000000,0.000000,0.047750,0.014042,1.245500,1682,8106860,119954,0,2,0,2,0,0,0,0,0,0,7208,0,4680,2528,0
4631,51859,16.624292,16.320292,16.341693,0.000000,0.000416,0.000000,0.000000,0.051750,0.014292,1.248666,1655,8107254,121859,0,2,0,2,0,0,0,0,0,0,5406,0,3510,1896,0
4632,51860,16.621208,16.317062,16.351802,0.000000,0.000333,0.000000,0.000000,0.054584,0.014041,0.446875,1663,8107252,121009,0,2,0,2,0,0,0,0,0,0,5406,0,3510,1896,0
4633,51861,16.625334,16.309735,16.330698,0.000000,0.000208,0.000000,0.000000,0.048291,0.012459,1.093499,1676,8107156,118969,0,2,0,2,0,0,0,0,0,0,7208,0,4680,2528,0
4634,51862,16.830416,16.519380,16.558761,0.000000,0.000459,0.000000,0.000000,0.048667,0.016042,0.666083,1657,8107137,123023,0,2,0,2,0,0,0,0,0,0,5406,0,3510,1896,0
4635,51863,16.435500,16.133348,16.139600,0.000000,0.000542,0.000000,0.000000,0.052542,0.019958,1.145333,1650,8107419,120198,0,2,0,2,0,0,0,0,0,0,5406,0,3510,1896,0
4636,51864,16.322167,16.022962,16.050189,0.000000,0.000333,0.000000,0.000000,0.045792,0.011291,0.650833,1663,8106885,118911,0,2,0,2,0,0,0,0,0,0,7208,0,4680,2528,0
4637,51865,16.670583,16.367643,16.358090,0.000000,0.000333,0.000000,0.000000,0.048500,0.011542,0.774874,1651,8107263,122326,0,2,0,2,0,0,0,0,0,0,5406,0,3510,1896,0
4638,51866,16.465750,16.163921,16.169805,0.000000,0.000500,0.000000,0.000000,0.043917,0.012500,0.624000,1658,8107332,121429,0,2,0,2,0,0,0,0,0,0,5406,0,3510,1896,0
4639,51867,16.286042,15.977254,16.003034,0.000000,0.000418,0.000000,0.000000,0.045375,0.018208,0.965749,1674,8106985,119880,0,2,0,2,0,0,0,0,0,0,7208,0,4680,2528,0
4640,51868,16.718333,16.411888,16.434332,0.000000,0.000584,0.000000,0.000000,0.057834,0.013541,0.853458,1663,8107333,122621,0,2,0,2,0,0,0,0,0,0,5406,0,3510,1896,0
4641,51869,18.643542,18.311190,18.321760,0.000000,0.001584,0.000000,0.000000,0.115083,0.031542,0.637500,1676,8107207,120357,0,2,0,2,0,0,0,0,0,0,5406,0,3510,1896,0
4642,51870,18.401833,18.085065,18.116299,0.000000,0.000750,0.000000,0.000000,0.097417,0.019708,0.969167,1679,8107083,121029,0,2,0,2,0,0,0,0,0,0,7208,0,4680,2528,0
4643,51871,18.452584,18.137772,18.174751,0.000000,0.000957,0.000000,0.000000,0.086958,0.015208,1.260334,1672,8107184,122738,0,2,0,2,0,0,0,0,0,0,5406,0,3510,1896,0
4644,51872,18.399750,18.079449,18.095996,0.000000,0.000584,0.000000,0.000000,0.079875,0.014708,0.669166,1720,8107329,121830,0,2,0,2,0,0,0,0,0,0,5406,0,3510,1896,0
4645,51873,16.637041,16.335088,16.366049,0.000000,0.000375,0.000000,0.000000,0.044334,0.012000,1.237126,1676,8106990,119509,0,2,0,2,0,0,0,0,0,0,7208,0,4680,2528,0
4646,51874,16.838709,16.530670,16.537749,0.000000,0.000542,0.000000,0.000000,0.048458,0.014542,1.270834,1680,8107238,123195,0,2,0,2,0,0,0,0,0,0,5406,0,3510,1896,0
4647,51875,16.434208,16.122920,16.151341,0.000000,0.000333,0.000000,0.000000,0.049917,0.011875,0.672916,1712,8107277,120927,0,2,0,2,0,0,0,0,0,0,5406,0,3510,1896,0
4648,51876,16.595250,16.287379,16.303413,0.000000,0.000585,0.000000,0.000000,0.071958,0.037834,1.154542,1677,8107064,119456,0,2,0,2,0,0,0,0,0,0,7208,0,4680,2528,0
4649,51877,17.138875,16.832851,16.838310,0.000000,0.000624,0.000000,0.000000,0.052958,0.017292,0.670583,1674,8107225,122684,0,2,0,2,0,0,0,0,0,0,5406,0,3510,1896,0
4650,51878,16.756250,16.444067,16.457695,0.000000,0.000375,0.000000,0.000000,0.064833,0.014375,1.095084,1714,8107254,121791,0,2,0,2,0,0,0,0,0,0,5406,0,3510,1896,0
4651,51879,17.049625,16.727658,16.705850,0.000000,0.000416,0.000000,0.000000,0.049458,0.014250,0.636416,1682,8107186,119387,0,2,0,2,0,0,0,0,0,0,7208,0,4680,2528,0
4652,51880,16.739333,16.430320,16.456317,0.000000,0.000332,0.000000,0.000000,0.058250,0.018209,1.263541,1669,8107277,122246,0,2,0,2,0,0,0,0,0,0,5406,0,3510,1896,0
4653,51881,16.493084,16.188500,16.214469,0.000000,0.000374,0.000000,0.000000,0.054708,0.010833,1.084875,1715,8107137,120276,0,2,0,2,0,0,0,0,0,0,5406,0,3510,1896,0
4654,51882,16.552791,16.243036,16.274253,0.000000,0.000417,0.000000,0.000000,0.051959,0.043125,0.538500,1664,8107203,121779,0,2,0,2,0,0,0,0,0,0,7208,0,4680,2528,0
4655,51883,17.469459,17.163612,17.096614,0.000000,0.000666,0.000000,0.000000,0.050000,0.011250,0.951708,1667,8107203,120765,0,2,0,2,0,0,0,0,0,0,5406,0,3510,1896,0
4656,51884,16.813875,16.497721,16.485259,0.000000,0.000290,0.000000,0.000000,0.055000,0.013500,0.609000,1710,8107222,120763,0,2,0,2,0,0,0,0,0,0,5406,0,3510,1896,0
4657,51885,16.919791,16.618502,16.594506,0.000000,0.000457,0.000000,0.000000,0.063334,0.015125,0.951292,1668,8107059,120705,0,2,0,2,0,0,0,0,0,0,7208,0,4680,2528,0
4658,51886,16.541292,16.235377,16.262151,0.000000,0.000291,0.000000,0.000000,0.061458,0.014584,1.155500,1676,8107255,121391,0,2,0,2,0,0,0,0,0,0,5406,0,3510,1896,0
4659,51887,16.825167,16.510871,16.529250,0.000000,0.000542,0.000000,0.000000,0.061375,0.013583,0.387334,1705,8107313,120805,0,2,0,2,0,0,0,0,0,0,5590,0,3510,2080,0
4660,51888,17.022166,16.707306,16.705815,0.000000,0.000416,0.000000,0.000000,0.050459,0.013041,0.975666,1665,8107072,120719,0,2,0,2,0,0,0,0,0,0,7024,0,4680,2344,0
4661,51889,16.922709,16.602950,16.630064,0.000000,0.000417,0.000000,0.000000,0.061208,0.018000,0.495208,1668,8107238,120238,0,2,0,2,0,0,0,0,0,0,5406,0,3510,1896,0
4662,51890,17.545833,17.226172,17.189587,0.000000,0.000459,0.000000,0.000000,0.050500,0.013875,0.727041,1727,8107458,120660,0,2,0,2,0,0,0,0,0,0,7124,0,4596,2528,0
4663,51891,17.438708,17.120928,17.104887,0.000000,0.000750,0.000000,0.000000,0.074209,0.016958,0.934876,1661,8106901,122213,0,2,0,2,0,0,0,0,0,0,5490,0,3594,1896,0
4664,51892,17.114375,16.807155,16.825595,0.000000,0.000292,0.000000,0.000000,0.068250,0.014500,0.291917,1666,8107420,120966,0,2,0,2,0,0,0,0,0,0,5406,0,3510,1896,0
4665,51893,17.155750,16.836338,16.846486,0.000000,0.000499,0.000000,0.000000,0.057875,0.018459,0.676458,1725,8106905,119141,0,2,0,2,0,0,0,0,0,0,7208,0,4680,2528,0
4666,51894,17.099459,16.781795,16.819448,0.000000,0.000418,0.000000,0.000000,0.057916,0.013917,0.446375,1670,8107256,123274,0,2,0,2,0,0,0,0,0,0,5406,0,3510,1896,0
4667,51895,16.604416,16.304757,16.334684,0.000000,0.000416,0.000000,0.000000,0.048209,0.015916,0.821417,1666,8107249,120916,0,2,0,2,0,0,0,0,0,0,5406,0,3510,1896,0
4668,51896,16.484709,16.172905,16.184265,0.000000,0.000417,0.000000,0.000000,0.049958,0.014208,0.460500,1721,8107044,119015,0,2,0,2,0,0,0,0,0,0,7208,0,4680,2528,0
4669,51897,16.762083,16.456194,16.475497,0.000000,0.000375,0.000000,0.000000,0.054750,0.029208,0.929958,1663,8107301,122343,0,2,0,2,0,0,0,0,0,0,5406,0,3510,1896,0
4670,51898,16.602583,16.294963,16.319136,0.000000,0.000376,0.000000,0.000000,0.055250,0.067542,1.099792,1674,8107258,121942,0,2,0,2,0,0,0,0,0,0,5406,0,3510,1896,0
4671,51899,16.734959,16.425677,16.419828,0.000000,0.000375,0.000000,0.000000,0.045458,0.013042,0.517667,1718,8107049,118937,0,2,0,2,0,0,0,0,0,0,7208,0,4680,2528,0
4672,51900,16.573750,16.271457,16.289839,0.000000,0.000458,0.000000,0.000000,0.049291,0.014709,1.056000,1665,8107361,122590,0,2,0,2,0,0,0,0,0,0,5406,0,3510,1896,0
4673,51901,16.370958,16.068417,16.101781,0.000000,0.000460,0.000000,0.000000,0.052000,0.023208,0.447458,1663,8107179,120200,0,2,0,2,0,0,0,0,0,0,5406,0,3510,1896,0
4674,51902,16.755625,16.441522,16.468504,0.000000,0.000334,0.000000,0.000000,0.061208,0.015000,0.745750,1730,8107196,120351,0,2,0,2,0,0,0,0,0,0,7208,0,4680,2528,0
4675,51903,16.390417,16.088598,16.122525,0.000000,0.000376,0.000000,0.000000,0.051500,0.011000,0.609333,1656,8107147,120231,0,2,0,2,0,0,0,0,0,0,5406,0,3510,1896,0
4676,51904,16.799541,16.494684,16.519139,0.000000,0.000584,0.000000,0.000000,0.046375,0.027667,0.736292,1668,8107258,123736,0,2,0,2,0,0,0,0,0,0,5406,0,3510,1896,0
4677,51905,16.738709,16.434243,16.458217,0.000000,0.000624,0.000000,0.000000,0.060583,0.016417,1.060333,1673,8107072,119637,0,2,0,2,0,0,0,0,0,0,7208,0,4680,2528,0
4678,51906,16.332208,16.026780,16.027999,0.000000,0.000376,0.000000,0.000000,0.044833,0.012167,0.444583,1664,8107218,125661,0,2,0,2,0,0,0,0,0,0,5572,0,3510,2062,0
4679,51907,17.289417,16.984219,17.009439,0.000000,0.000376,0.000000,0.000000,0.064375,0.020750,1.089667,1687,8107337,124808,0,2,0,2,0,0,0,0,0,0,5406,0,3510,1896,0
4680,51908,16.507416,16.200081,16.211361,0.000000,0.000376,0.000000,0.000000,0.049750,0.016792,0.608125,1671,8107042,117916,0,2,0,2,0,0,0,0,0,0,7208,0,4680,2528,0
4681,51909,16.722292,16.420453,16.453454,0.000000,0.000457,0.000000,0.000000,0.059542,0.026083,1.218000,1659,8107195,121174,0,2,0,2,0,0,0,0,0,0,5406,0,3510,1896,0
4682,51910,16.762458,16.460683,16.481796,0.000000,0.000375,0.000000,0.000000,0.049792,0.023083,0.616917,1661,8107279,121170,0,2,0,2,0,0,0,0,0,0,5406,0,3510,1896,0
4683,51911,16.458084,16.156642,16.170782,0.000000,0.000500,0.000000,0.000000,0.048166,0.011584,0.929625,1661,8107107,117686,0,2,0,2,0,0,0,0,0,0,7208,0,4680,2528,0
4684,51912,16.662583,16.349437,16.370510,0.000000,0.000375,0.000000,0.000000,0.046292,0.013333,0.612708,1667,8107185,121650,0,2,0,2,0,0,0,0,0,0,5406,0,3510,1896,0
4685,51913,16.508958,16.201041,16.218299,0.000000,0.000292,0.000000,0.000000,0.052375,0.014500,1.123042,1658,8107261,119421,0,2,0,2,0,0,0,0,0,0,5406,0,3510,1896,0
4686,51914,16.418084,16.116890,16.147730,0.000000,0.000460,0.000000,0.000000,0.053125,0.013750,1.249791,1665,8107080,118467,0,2,0,2,0,0,0,0,0,0,7208,0,4680,2528,0
4687,51915,16.753833,16.455398,16.487904,0.000000,0.000291,0.000000,0.000000,0.056375,0.017792,0.610500,1653,8107320,121527,0,2,0,2,0,0,0,0,0,0,5406,0,3510,1896,0
4688,51916,16.888625,16.576719,16.593406,0.000000,0.000209,0.000000,0.000000,0.054208,0.017167,1.222042,1683,8106883,120453,0,2,0,2,0,0,0,0,0,0,7447,0,3510,3937,0
4689,51917,17.319875,16.994200,16.862334,0.000000,0.000333,0.000000,0.000000,0.047958,0.021625,0.608125,1669,8106985,117848,0,2,0,2,0,0,0,0,0,0,7208,0,4680,2528,0
4690,51918,16.858708,16.553777,16.568896,0.000000,0.000459,0.000000,0.000000,0.055625,0.017959,0.766042,1669,8107246,122250,0,2,0,2,0,0,0,0,0,0,5406,0,3510,1896,0
4691,51919,16.405209,16.088785,16.110446,0.000000,0.000458,0.000000,0.000000,0.046791,0.014167,0.660792,1656,8107296,119566,0,2,0,2,0,0,0,0,0,0,5406,0,3510,1896,0
4692,51920,16.677541,16.371613,16.371469,0.000000,0.000292,0.000000,0.000000,0.050084,0.013291,1.053166,1679,8107167,118087,0,2,0,2,0,0,0,0,0,0,7208,0,4680,2528,0
4693,51921,16.796167,16.488883,16.516891,0.000000,0.000334,0.000000,0.000000,0.062583,0.014542,1.224416,1673,8107359,121759,0,2,0,2,0,0,0,0,0,0,5406,0,3510,1896,0
4694,51922,16.536958,16.226809,16.264247,0.000000,0.000377,0.000000,0.000000,0.052709,0.012625,0.608042,1689,8106995,120466,0,2,0,2,0,0,0,0,0,0,5406,0,3510,1896,0
4695,51923,16.719125,16.405493,16.429095,0.000000,0.000419,0.000000,0.000000,0.047625,0.014709,0.774916,1670,8107073,117689,0,2,0,2,0,0,0,0,0,0,7208,0,4680,2528,0
4696,51924,16.949334,16.648170,16.680873,0.000000,0.000333,0.000000,0.000000,0.051458,0.013167,0.447666,1658,8107257,121755,0,2,0,2,0,0,0,0,0,0,5406,0,3510,1896,0
4697,51925,16.507333,16.200030,16.226655,0.000000,0.000292,0.000000,0.000000,0.048500,0.014042,0.809249,1693,8107238,119446,0,2,0,2,0,0,0,0,0,0,5406,0,3510,1896,0
4698,51926,16.162625,15.861106,15.893837,0.000000,0.000417,0.000000,0.000000,0.042708,0.023500,0.616042,1664,8107065,118742,0,2,0,2,0,0,0,0,0,0,7208,0,4680,2528,0
4699,51927,16.304417,16.003682,16.019531,0.000000,0.000251,0.000000,0.000000,0.047916,0.043834,1.081833,1660,8107308,121495,0,2,0,2,0,0,0,0,0,0,5406,0,3510,1896,0
4700,51928,16.352750,16.045849,16.044885,0.000000,0.000374,0.000000,0.000000,0.067333,0.014583,0.612917,1696,8107181,119205,0,2,0,2,0,0,0,0,0,0,5406,0,3510,1896,0
4701,51929,16.499625,16.201491,16.224745,0.000000,0.000416,0.000000,0.000000,0.053375,0.051666,0.599999,1659,8107093,117645,0,2,0,2,0,0,0,0,0,0,7208,0,4680,2528,0
4702,51930,16.975208,16.667033,16.668453,0.000000,0.000375,0.000000,0.000000,0.070792,0.015833,1.084541,1657,8107225,122324,0,2,0,2,0,0,0,0,0,0,5406,0,3510,1896,0
4703,51931,16.548583,16.237716,16.235290,0.000000,0.000333,0.000000,0.000000,0.066042,0.014542,0.522083,1699,8107291,119418,0,2,0,2,0,0,0,0,0,0,5406,0,3510,1896,0
4704,51932,16.420917,16.105974,16.112422,0.000000,0.000292,0.000000,0.000000,0.046375,0.015375,1.154667,1677,8107045,118397,0,2,0,2,0,0,0,0,0,0,7208,0,4680,2528,0
4705,51933,16.403000,16.094338,16.119524,0.000000,0.000374,0.000000,0.000000,0.051792,0.013125,0.474208,1660,8107265,120579,0,2,0,2,0,0,0,0,0,0,5406,0,3510,1896,0
4706,51934,16.755792,16.441153,16.469645,0.000000,0.000416,0.000000,0.000000,0.052916,0.018459,0.799500,1704,8107267,120506,0,2,0,2,0,0,0,0,0,0,5406,0,3510,1896,0
4707,51935,16.771875,16.470134,16.478918,0.000000,0.000375,0.000000,0.000000,0.052125,0.016875,0.642083,1670,8107163,119785,0,2,0,2,0,0,0,0,0,0,7208,0,4680,2528,0
4708,51936,17.080666,16.771965,16.746717,0.000000,0.000668,0.000000,0.000000,0.056834,0.013375,0.616750,1661,8107156,119614,0,2,0,2,0,0,0,0,0,0,5406,0,3510,1896,0
4709,51937,16.854042,16.542698,16.546871,0.000000,0.000375,0.000000,0.000000,0.053917,0.018000,1.088041,1714,8107263,119993,0,2,0,2,0,0,0,0,0,0,5406,0,3510,1896,0
4710,51938,16.783458,16.468079,16.490866,0.000000,0.000417,0.000000,0.000000,0.055292,0.015000,0.482167,1676,8107227,120420,0,2,0,2,0,0,0,0,0,0,7208,0,4680,2528,0
4711,51939,15.949917,15.642506,15.656835,0.000000,0.000417,0.000000,0.000000,0.045667,0.012958,1.265416,1659,8107023,122613,0,2,0,2,0,0,0,0,0,0,5663,0,3510,2153,0
4712,51940,21.352125,20.979242,21.009446,0.000000,0.000542,0.000000,0.000000,0.059375,0.021417,1.279541,2048,8107346,144239,0,2,0,2,0,0,0,0,0,0,6022,0,3510,2512,0
4713,51941,20.703833,20.310961,20.331210,0.000000,0.000877,0.000000,0.000000,0.056125,0.059209,1.241000,2114,8106858,146362,0,2,0,2,0,0,0,0,0,0,6751,0,4680,2071,0
4714,51942,17.999000,17.657763,17.619918,0.000000,0.000542,0.000000,0.000000,0.054459,0.030458,0.291000,1801,8107269,120108,0,2,0,2,0,0,0,0,0,0,5406,0,3510,1896,0
4715,51943,16.871334,16.554912,16.587590,0.000000,0.000500,0.000000,0.000000,0.048291,0.018042,0.952667,1769,8107331,116502,0,2,0,2,0,0,0,0,0,0,7124,0,4596,2528,0
4716,51944,19.194541,18.801987,18.802734,0.000000,0.000416,0.000000,0.000000,0.063709,0.051833,1.261083,2105,8106974,134753,0,2,0,2,0,0,0,0,0,0,5490,0,3594,1896,0
4717,51945,20.046959,19.646187,19.664541,0.000000,0.000499,0.000000,0.000000,0.053833,0.045000,0.612584,2144,8107409,140498,0,2,0,2,0,0,0,0,0,0,5406,0,3510,1896,0
4718,51946,17.433041,17.106875,17.090256,0.000000,0.000376,0.000000,0.000000,0.059125,0.015417,1.161541,1783,8106890,121659,0,2,0,2,0,0,0,0,0,0,7208,0,4680,2528,0
4719,51947,17.469500,17.142439,17.144578,0.000000,0.000500,0.000000,0.000000,0.059167,0.014125,1.221167,1713,8107288,122696,0,2,0,2,0,0,0,0,0,0,5406,0,3510,1896,0
4720,51948,19.275584,18.893817,18.929217,0.000000,0.000500,0.000000,0.000000,0.051750,0.013208,1.262375,2113,8107260,138503,0,2,0,2,0,0,0,0,0,0,5406,0,3510,1896,0
4721,51949,19.384916,19.011653,18.991943,0.000000,0.000375,0.000000,0.000000,0.057709,0.055416,0.652542,2050,8107128,136133,0,2,0,2,0,0,0,0,0,0,7208,0,4680,2528,0
4722,51950,17.318500,17.011791,16.979974,0.000000,0.000499,0.000000,0.000000,0.059584,0.014708,0.930333,1659,8107226,121511,0,2,0,2,0,0,0,0,0,0,5406,0,3510,1896,0
4723,51951,16.750417,16.448186,16.428985,0.000000,0.000499,0.000000,0.000000,0.053000,0.012833,1.304000,1667,8107243,119712,0,2,0,2,0,0,0,0,0,0,5406,0,3510,1896,0
4724,51952,16.610333,16.294344,16.311893,0.000000,0.000332,0.000000,0.000000,0.051209,0.012958,0.611500,1724,8107072,118230,0,2,0,2,0,0,0,0,0,0,7208,0,4680,2528,0
4725,51953,17.254500,16.940471,16.913571,0.000000,0.000791,0.000000,0.000000,0.062417,0.014417,1.243418,1642,8107336,120678,0,2,0,2,0,0,0,0,0,0,5406,0,3510,1896,0
4726,51954,16.767459,16.447816,16.473191,0.000000,0.000374,0.000000,0.000000,0.055791,0.013292,0.608000,1652,8107208,120094,0,2,0,2,0,0,0,0,0,0,5406,0,3510,1896,0
4727,51955,16.623541,16.319756,16.343679,0.000000,0.000542,0.000000,0.000000,0.051125,0.013167,0.773041,1710,8107075,117186,0,2,0,2,0,0,0,0,0,0,7208,0,4680,2528,0
4728,51956,16.900042,16.588348,16.617107,0.000000,0.000375,0.000000,0.000000,0.047917,0.013500,0.609542,1655,8107250,121815,0,2,0,2,0,0,0,0,0,0,5406,0,3510,1896,0
4729,51957,16.520208,16.205606,16.230613,0.000000,0.000374,0.000000,0.000000,0.047792,0.019542,0.846917,1652,8107295,118054,0,2,0,2,0,0,0,0,0,0,5406,0,3510,1896,0
4730,51958,16.415084,16.112515,16.113547,0.000000,0.000332,0.000000,0.000000,0.065833,0.014625,1.067791,1664,8107091,118449,0,2,0,2,0,0,0,0,0,0,7208,0,4680,2528,0
4731,51959,16.705083,16.403073,16.432043,0.000000,0.000375,0.000000,0.000000,0.059333,0.045500,0.446959,1648,8107259,125093,0,2,0,2,0,0,0,0,0,0,5565,0,3510,2055,0
4732,51960,17.407542,17.091732,17.077936,0.000000,0.000376,0.000000,0.000000,0.056166,0.015250,1.090333,1690,8107336,124918,0,2,0,2,0,0,0,0,0,0,5406,0,3510,1896,0
4733,51961,16.304583,16.008444,16.038736,0.000000,0.000460,0.000000,0.000000,0.056208,0.011584,0.607916,1643,8106876,117938,0,2,0,2,0,0,0,0,0,0,7208,0,4680,2528,0
4734,51962,16.416667,16.115047,16.143284,0.000000,0.000293,0.000000,0.000000,0.048500,0.016208,1.263792,1636,8107270,121479,0,2,0,2,0,0,0,0,0,0,5406,0,3510,1896,0
4735,51963,16.356333,16.055219,16.081652,0.000000,0.000375,0.000000,0.000000,0.050083,0.016750,0.609792,1645,8107258,120066,0,2,0,2,0,0,0,0,0,0,5406,0,3510,1896,0
4736,51964,16.264542,15.954535,15.966840,0.000000,0.000459,0.000000,0.000000,0.052000,0.012875,0.765334,1644,8107047,116437,0,2,0,2,0,0,0,0,0,0,7208,0,4680,2528,0
4737,51965,16.647541,16.347963,16.381619,0.000000,0.000374,0.000000,0.000000,0.054625,0.013125,0.659708,1637,8107261,120476,0,2,0,2,0,0,0,0,0,0,5406,0,3510,1896,0
4738,51966,15.894375,15.588202,15.610991,0.000000,0.000374,0.000000,0.000000,0.040334,0.012791,0.764750,1630,8107162,120342,0,2,0,2,0,0,0,0,0,0,5863,0,3510,2353,0
4739,51967,17.491959,17.197597,17.232568,0.000000,0.000417,0.000000,0.000000,0.054750,0.013291,1.292958,1646,8106990,123752,0,2,0,2,0,0,0,0,0,0,7208,0,4680,2528,0
4740,51968,16.530208,16.234661,16.268161,0.000000,0.000416,0.000000,0.000000,0.053750,0.013750,0.483834,1632,8107261,121526,0,2,0,2,0,0,0,0,0,0,5406,0,3510,1896,0
4741,51969,16.418708,16.108921,16.126930,0.000000,0.000334,0.000000,0.000000,0.056292,0.012417,0.802000,1631,8107257,120005,0,2,0,2,0,0,0,0,0,0,5406,0,3510,1896,0
4742,51970,16.385792,16.082205,16.097604,0.000000,0.000332,0.000000,0.000000,0.039625,0.012167,0.659875,1636,8107133,119289,0,2,0,2,0,0,0,0,0,0,7208,0,4680,2528,0
4743,51971,16.682167,16.382255,16.417879,0.000000,0.000333,0.000000,0.000000,0.052125,0.013958,1.297542,1626,8107305,121542,0,2,0,2,0,0,0,0,0,0,5406,0,3510,1896,0
4744,51972,16.232625,15.933556,15.961056,0.000000,0.000376,0.000000,0.000000,0.047666,0.016292,0.655667,1628,8107114,119371,0,2,0,2,0,0,0,0,0,0,5406,0,3510,1896,0
4745,51973,16.210916,15.921158,15.947880,0.000000,0.000376,0.000000,0.000000,0.057292,0.015500,1.286041,1635,8107068,117270,0,2,0,2,0,0,0,0,0,0,7208,0,4680,2528,0
4746,51974,16.432209,16.119858,16.144205,0.000000,0.000293,0.000000,0.000000,0.049083,0.013958,0.606541,1621,8107486,121346,0,2,0,2,0,0,0,0,0,0,5406,0,3510,1896,0
4747,51975,16.590583,16.281474,16.170336,0.000000,0.000416,0.000000,0.000000,0.056875,0.014333,0.625583,1622,8107009,119024,0,2,0,2,0,0,0,0,0,0,5406,0,3510,1896,0
4748,51976,16.208042,15.918314,15.943446,0.000000,0.000458,0.000000,0.000000,0.047291,0.012625,0.608125,1620,8107106,116836,0,2,0,2,0,0,0,0,0,0,7208,0,4680,2528,0
4749,51977,16.055708,15.760807,15.776999,0.000000,0.000292,0.000000,0.000000,0.052458,0.013292,0.919917,1618,8107249,124665,0,2,0,2,0,0,0,0,0,0,5406,0,3510,1896,0
4750,51978,17.671958,17.370302,17.387773,0.000000,0.000332,0.000000,0.000000,0.057125,0.021959,1.246376,1672,8107119,127047,0,2,0,2,0,0,0,0,0,0,5711,0,3510,2201,0
4751,51979,18.191042,17.890790,17.926399,0.000000,0.000417,0.000000,0.000000,0.051625,0.020833,0.455000,1625,8107010,130278,0,2,0,2,0,0,0,0,0,0,7208,0,4680,2528,0
4752,51980,16.713000,16.413518,16.446351,0.000000,0.000541,0.000000,0.000000,0.062667,0.016625,0.768334,1611,8107237,120102,0,2,0,2,0,0,0,0,0,0,5406,0,3510,1896,0
4753,51981,16.542958,16.247643,16.282202,0.000000,0.000251,0.000000,0.000000,0.058625,0.023334,0.645250,1655,8107272,118681,0,2,0,2,0,0,0,0,0,0,5406,0,3510,1896,0
4754,51982,17.376167,17.066686,17.097333,0.000000,0.000376,0.000000,0.000000,0.048083,0.019584,1.098125,1654,8107234,121864,0,2,0,2,0,0,0,0,0,0,7208,0,4680,2528,0
4755,51983,16.773167,16.468641,16.505167,0.000000,0.000501,0.000000,0.000000,0.045041,0.012792,1.088875,1647,8107049,120858,0,2,0,2,0,0,0,0,0,0,5406,0,3510,1896,0
4756,51984,17.043708,16.727025,16.736835,0.000000,0.000667,0.000000,0.000000,0.065875,0.022417,0.639833,1707,8107414,120449,0,2,0,2,0,0,0,0,0,0,5406,0,3510,1896,0
4757,51985,16.965250,16.655875,16.678918,0.000000,0.000375,0.000000,0.000000,0.053083,0.016875,0.986959,1667,8106982,120076,0,2,0,2,0,0,0,0,0,0,7208,0,4680,2528,0
4758,51986,17.806958,17.481464,17.510776,0.000000,0.001041,0.000000,0.000000,0.075209,0.020208,0.536417,1665,8107219,121439,0,2,0,2,0,0,0,0,0,0,5406,0,3510,1896,0
4759,51987,17.477834,17.153776,17.198535,0.000000,0.000751,0.000000,0.000000,0.063416,0.021000,0.582000,1698,8107255,120211,0,2,0,2,0,0,0,0,0,0,5406,0,3510,1896,0
4760,51988,16.696916,16.400134,16.429454,0.000000,0.000541,0.000000,0.000000,0.052250,0.024917,1.238250,1657,8107300,120574,0,2,0,2,0,0,0,0,0,0,7208,0,4680,2528,0
4761,51989,15.949917,15.654486,15.690846,0.000000,0.000293,0.000000,0.000000,0.039000,0.044875,0.622292,1659,8107034,119923,0,2,0,2,0,0,0,0,0,0,5406,0,3510,1896,0
4762,51990,16.486458,16.182448,16.200528,0.000000,0.000291,0.000000,0.000000,0.058125,0.018000,1.241083,1701,8107323,120938,0,2,0,2,0,0,0,0,0,0,5406,0,3510,1896,0
4763,51991,16.038584,15.732015,15.769052,0.000000,0.000210,0.000000,0.000000,0.040083,0.015542,0.609000,1663,8107099,120465,0,2,0,2,0,0,0,0,0,0,7208,0,4680,2528,0
4764,51992,15.774583,15.482167,15.521052,0.000000,0.000418,0.000000,0.000000,0.047750,0.015250,1.271916,1661,8107192,120009,0,2,0,2,0,0,0,0,0,0,5406,0,3510,1896,0
4765,51993,15.713250,15.408187,15.443595,0.000000,0.000333,0.000000,0.000000,0.040208,0.010209,0.609583,1696,8107277,119647,0,2,0,2,0,0,0,0,0,0,5918,0,3510,2408,0
4766,51994,15.885792,15.591694,15.627358,0.000000,0.000331,0.000000,0.000000,0.038500,0.018416,1.251333,1659,8107047,120851,0,2,0,2,0,0,0,0,0,0,6696,0,4680,2016,0
4767,51995,16.196333,15.901427,15.917587,0.000000,0.000625,0.000000,0.000000,0.049125,0.011625,0.558666,1636,8107267,119445,0,2,0,2,0,0,0,0,0,0,5406,0,3510,1896,0
4768,51996,15.961583,15.659610,15.693534,0.000000,0.000418,0.000000,0.000000,0.043292,0.012250,1.084250,1689,8107143,117999,0,2,0,2,0,0,0,0,0,0,7124,0,4596,2528,0
4769,51997,15.824417,15.530741,15.561499,0.000000,0.000417,0.000000,0.000000,0.040708,0.011209,0.456791,1631,8107265,120084,0,2,0,2,0,0,0,0,0,0,5490,0,3594,1896,0
4770,51998,15.603375,15.298044,15.346878,0.000000,0.000291,0.000000,0.000000,0.047417,0.012500,1.104166,1626,8107189,119876,0,2,0,2,0,0,0,0,0,0,5406,0,3510,1896,0
4771,51999,15.525125,15.227731,15.241108,0.000000,0.000292,0.000000,0.000000,0.041458,0.011084,0.444000,1675,8107067,117448,0,2,0,2,0,0,0,0,0,0,7208,0,4680,2528,0
4772,52000,15.715708,15.428027,15.462662,0.000000,0.000166,0.000000,0.000000,0.047542,0.013000,0.899416,1606,8107284,120267,0,2,0,2,0,0,0,0,0,0,5406,0,3510,1896,0
4773,52001,15.509084,15.218632,15.253101,0.000000,0.000456,0.000000,0.000000,0.044791,0.014375,0.448584,1615,8107271,119042,0,2,0,2,0,0,0,0,0,0,5406,0,3510,1896,0
4774,52002,16.502083,16.205864,16.192500,0.000000,0.000291,0.000000,0.000000,0.050542,0.012958,0.900208,1652,8107022,117368,0,2,0,2,0,0,0,0,0,0,7208,0,4680,2528,0
4775,52003,16.124292,15.840035,15.862226,0.000000,0.000457,0.000000,0.000000,0.050916,0.012334,0.443583,1597,8107367,119533,0,2,0,2,0,0,0,0,0,0,5406,0,3510,1896,0
4776,52004,15.880375,15.591720,15.594267,0.000000,0.000584,0.000000,0.000000,0.059166,0.012959,0.798625,1603,8107308,118270,0,2,0,2,0,0,0,0,0,0,5406,0,3510,1896,0
4777,52005,15.891750,15.600275,15.613697,0.000000,0.000416,0.000000,0.000000,0.049208,0.012167,0.350917,1649,8107018,116877,0,2,0,2,0,0,0,0,0,0,7208,0,4680,2528,0
4778,52006,15.763125,15.475039,15.509727,0.000000,0.000376,0.000000,0.000000,0.040958,0.011667,0.796125,1596,8107217,119613,0,2,0,2,0,0,0,0,0,0,5406,0,3510,1896,0
4779,52007,15.544083,15.255491,15.274877,0.000000,0.000333,0.000000,0.000000,0.045667,0.010833,0.292250,1610,8107367,118131,0,2,0,2,0,0,0,0,0,0,5406,0,3510,1896,0
4780,52008,15.525750,15.235234,15.267208,0.000000,0.000417,0.000000,0.000000,0.039417,0.011250,0.468417,1648,8106990,116732,0,2,0,2,0,0,0,0,0,0,7208,0,4680,2528,0
4781,52009,15.555375,15.266484,15.297056,0.000000,0.000459,0.000000,0.000000,0.044583,0.011209,0.796541,1612,8107424,124463,0,2,0,2,0,0,0,0,0,0,5565,0,3510,2055,0
4782,52010,16.504583,16.213775,16.243265,0.000000,0.000332,0.000000,0.000000,0.048250,0.011500,0.446166,1625,8107018,124531,0,2,0,2,0,0,0,0,0,0,5406,0,3510,1896,0
4783,52011,15.719875,15.406170,15.436830,0.000000,0.000334,0.000000,0.000000,0.038584,0.011416,0.639501,1660,8107086,117698,0,2,0,2,0,0,0,0,0,0,7208,0,4680,2528,0
4784,52012,15.653459,15.362779,15.399691,0.000000,0.000209,0.000000,0.000000,0.040208,0.010417,0.449667,1608,8107235,120956,0,2,0,2,0,0,0,0,0,0,5406,0,3510,1896,0
4785,52013,15.906958,15.607990,15.618826,0.000000,0.000375,0.000000,0.000000,0.048000,0.045833,0.579125,1613,8107260,119165,0,2,0,2,0,0,0,0,0,0,5406,0,3510,1896,0
4786,52014,15.768167,15.479828,15.486088,0.000000,0.000332,0.000000,0.000000,0.048875,0.010833,0.459042,1618,8107068,117822,0,2,0,2,0,0,0,0,0,0,7208,0,4680,2528,0
4787,52015,15.675791,15.384730,15.422666,0.000000,0.000333,0.000000,0.000000,0.054250,0.011875,0.645416,1610,8107310,120229,0,2,0,2,0,0,0,0,0,0,5406,0,3510,1896,0
4788,52016,16.517209,16.220060,16.256201,0.000000,0.000292,0.000000,0.000000,0.044833,0.017750,0.462500,1651,8107239,128606,0,2,0,2,0,0,0,0,0,0,5406,0,3510,1896,0
4789,52017,17.146208,16.845768,16.865942,0.000000,0.000374,0.000000,0.000000,0.040750,0.012542,0.740083,1677,8107148,128098,0,2,0,2,0,0,0,0,0,0,7513,0,4680,2833,0
4790,52018,17.613667,17.309939,17.346742,0.000000,0.000375,0.000000,0.000000,0.043666,0.037334,0.892668,1682,8107028,136700,0,2,0,2,0,0,0,0,0,0,5406,0,3510,1896,0
4791,52019,16.502625,16.192638,16.231920,0.000000,0.000334,0.000000,0.000000,0.044041,0.016959,0.445833,1677,8107295,121897,0,2,0,2,0,0,0,0,0,0,5406,0,3510,1896,0
4792,52020,16.264458,15.961179,15.966900,0.000000,0.000375,0.000000,0.000000,0.041708,0.011750,1.060542,1691,8107040,120710,0,2,0,2,0,0,0,0,0,0,7208,0,4680,2528,0
4793,52021,17.608417,17.285712,17.311561,0.000000,0.000416,0.000000,0.000000,0.056166,0.017500,0.290625,1705,8107393,127281,0,2,0,2,0,0,0,0,0,0,5406,0,3510,1896,0
4794,52022,17.646541,17.334168,17.337262,0.000000,0.000417,0.000000,0.000000,0.043250,0.026000,0.838667,1746,8107086,121657,0,2,0,2,0,0,0,0,0,0,5406,0,3510,1896,0
4795,52023,18.046375,17.724505,17.748007,0.000000,0.000208,0.000000,0.000000,0.064792,0.021042,1.257208,1747,8106723,124511,0,2,0,2,0,0,0,0,0,0,9249,0,4680,4569,0
4796,52024,17.225625,16.911847,16.938398,0.000000,0.000416,0.000000,0.000000,0.044917,0.013000,0.608875,1711,8107228,124037,0,2,0,2,0,0,0,0,0,0,5406,0,3510,1896,0
4797,52025,17.540625,17.222518,17.239795,0.000000,0.000251,0.000000,0.000000,0.059959,0.022291,0.648583,1740,8107282,123068,0,2,0,2,0,0,0,0,0,0,5406,0,3510,1896,0
4798,52026,18.309959,17.995485,17.977859,0.000000,0.000377,0.000000,0.000000,0.054583,0.065417,0.940667,1704,8107176,123055,0,2,0,2,0,0,0,0,0,0,7208,0,4680,2528,0
4799,52027,17.721125,17.397805,17.386723,0.000000,0.000416,0.000000,0.000000,0.071833,0.023458,0.610625,1719,8107191,125283,0,2,0,2,0,0,0,0,0,0,5406,0,3510,1896,0
4800,52028,17.307083,16.986192,17.013606,0.000000,0.000332,0.000000,0.000000,0.049000,0.011500,1.252792,1757,8107318,123367,0,2,0,2,0,0,0,0,0,0,5406,0,3510,1896,0
4801,52029,17.167458,16.846434,16.879663,0.000000,0.000500,0.000000,0.000000,0.047167,0.011875,1.243417,1714,8106905,121686,0,2,0,2,0,0,0,0,0,0,7208,0,4680,2528,0
4802,52030,17.520792,17.195388,17.212290,0.000000,0.000291,0.000000,0.000000,0.056042,0.017375,0.289916,1714,8107319,125280,0,2,0,2,0,0,0,0,0,0,5406,0,3510,1896,0
4803,52031,16.893625,16.576056,16.604704,0.000000,0.000375,0.000000,0.000000,0.051208,0.013875,1.216709,1763,8107190,122225,0,2,0,2,0,0,0,0,0,0,5406,0,3510,1896,0
4804,52032,17.330708,17.014810,17.032749,0.000000,0.000333,0.000000,0.000000,0.069875,0.046917,0.623708,1723,8107078,121714,0,2,0,2,0,0,0,0,0,0,7208,0,4680,2528,0
4805,52033,17.936084,17.619513,17.624627,0.000000,0.000333,0.000000,0.000000,0.064250,0.013625,0.925542,1721,8107258,125682,0,2,0,2,0,0,0,0,0,0,5406,0,3510,1896,0
4806,52034,17.286250,16.964028,16.985937,0.000000,0.000291,0.000000,0.000000,0.058583,0.013833,1.312625,1740,8107252,122888,0,2,0,2,0,0,0,0,0,0,5406,0,3510,1896,0
4807,52035,17.515500,17.179885,17.100980,0.000000,0.000708,0.000000,0.000000,0.054625,0.020291,0.609667,1704,8107266,121454,0,2,0,2,0,0,0,0,0,0,7208,0,4680,2528,0
4808,52036,17.111250,16.793381,16.828929,0.000000,0.000375,0.000000,0.000000,0.043916,0.013959,1.153958,1686,8107015,123281,0,2,0,2,0,0,0,0,0,0,5406,0,3510,1896,0
4809,52037,17.497958,17.185118,17.168767,0.000000,0.000333,0.000000,0.000000,0.062750,0.040583,0.750916,1728,8107266,122377,0,2,0,2,0,0,0,0,0,0,5406,0,3510,1896,0
4810,52038,17.022083,16.716920,16.726667,0.000000,0.000417,0.000000,0.000000,0.041709,0.011166,0.632792,1674,8107072,121042,0,2,0,2,0,0,0,0,0,0,7208,0,4680,2528,0
4811,52039,17.258459,16.945845,16.980460,0.000000,0.000333,0.000000,0.000000,0.068500,0.017541,0.785250,1657,8107303,122278,0,2,0,2,0,0,0,0,0,0,5406,0,3510,1896,0
4812,52040,16.934458,16.626338,16.645290,0.000000,0.000334,0.000000,0.000000,0.044375,0.013417,0.633417,1689,8107221,121253,0,2,0,2,0,0,0,0,0,0,5406,0,3510,1896,0
4813,52041,16.844417,16.545014,16.581716,0.000000,0.000501,0.000000,0.000000,0.049416,0.016709,0.933751,1629,8107094,120873,0,2,0,2,0,0,0,0,0,0,7208,0,4680,2528,0
4814,52042,16.637166,16.342634,16.367007,0.000000,0.000499,0.000000,0.000000,0.046709,0.011916,0.965999,1630,8107250,120861,0,2,0,2,0,0,0,0,0,0,5406,0,3510,1896,0
4815,52043,16.889250,16.565466,16.597385,0.000000,0.000293,0.000000,0.000000,0.039584,0.013583,0.444167,1677,8107251,120264,0,2,0,2,0,0,0,0,0,0,5406,0,3510,1896,0
4816,52044,17.012250,16.720694,16.739224,0.000000,0.000417,0.000000,0.000000,0.045834,0.013750,1.088000,1637,8107085,120696,0,2,0,2,0,0,0,0,0,0,7208,0,4680,2528,0
4817,52045,16.883959,16.582724,16.593439,0.000000,0.000375,0.000000,0.000000,0.057458,0.016375,0.606583,1631,8107266,120729,0,2,0,2,0,0,0,0,0,0,5406,0,3510,1896,0
4818,52046,17.126708,16.817637,16.846184,0.000000,0.000458,0.000000,0.000000,0.051583,0.017959,0.755750,1685,8107261,120855,0,2,0,2,0,0,0,0,0,0,5918,0,3510,2408,0
4819,52047,17.066792,16.762498,16.775404,0.000000,0.000667,0.000000,0.000000,0.084666,0.033959,0.763874,1646,8107118,120792,0,2,0,2,0,0,0,0,0,0,6696,0,4680,2016,0
4820,52048,16.530708,16.234784,16.250579,0.000000,0.000541,0.000000,0.000000,0.052583,0.018334,0.480833,1632,8107144,127138,0,2,0,2,0,0,0,0,0,0,5565,0,3510,2055,0
4821,52049,17.135458,16.831694,16.861060,0.000000,0.000750,0.000000,0.000000,0.046584,0.013250,1.108833,1638,8107051,128104,0,2,0,2,0,0,0,0,0,0,7381,0,4596,2785,0
4822,52050,18.033250,17.720394,17.747904,0.000000,0.003375,0.000000,0.000000,0.070959,0.022500,0.608500,1647,8107144,127146,0,2,0,2,0,0,0,0,0,0,5490,0,3594,1896,0
4823,52051,20.062542,19.735229,19.698011,0.000000,0.000542,0.000000,0.000000,0.109750,0.033542,1.247667,1653,8107182,128433,0,2,0,2,0,0,0,0,0,0,5565,0,3510,2055,0
4824,52052,18.226458,17.898773,17.905388,0.000000,0.000874,0.000000,0.000000,0.083584,0.080125,0.943833,1778,8107114,116468,0,2,0,2,0,0,0,0,0,0,7208,0,4680,2528,0
4825,52053,21.431625,21.089345,20.094341,0.000000,0.000708,0.000000,0.000000,0.082625,0.076875,0.589291,1728,8107212,120551,0,2,0,2,0,0,0,0,0,0,5406,0,3510,1896,0
4826,52054,19.793250,19.460557,19.246087,0.000000,0.000416,0.000000,0.000000,0.052334,0.025833,0.942791,1721,8107289,117357,0,2,0,2,0,0,0,0,0,0,5406,0,3510,1896,0
4827,52055,17.716459,17.392385,17.376931,0.000000,0.000501,0.000000,0.000000,0.052041,0.015334,0.653167,1718,8107161,121553,0,2,0,2,0,0,0,0,0,0,7208,0,4680,2528,0
4828,52056,17.705208,17.346156,17.356349,0.000000,0.000417,0.000000,0.000000,0.113208,0.017584,0.686500,1705,8107115,123670,0,2,0,2,0,0,0,0,0,0,5406,0,3510,1896,0
4829,52057,17.263042,17.000123,16.967290,0.000000,0.000458,0.000000,0.000000,0.058958,0.014208,1.266542,1696,8107302,121747,0,2,0,2,0,0,0,0,0,0,5406,0,3510,1896,0
4830,52058,17.076583,16.766203,16.795416,0.000000,0.000250,0.000000,0.000000,0.051958,0.016292,0.625208,1691,8107164,120261,0,2,0,2,0,0,0,0,0,0,7208,0,4680,2528,0
4831,52059,17.225292,16.924971,16.947154,0.000000,0.000416,0.000000,0.000000,0.062458,0.021250,0.770458,1631,8107139,121117,0,2,0,2,0,0,0,0,0,0,5406,0,3510,1896,0
4832,52060,17.500541,17.189018,17.136958,0.000000,0.000583,0.000000,0.000000,0.057709,0.012791,0.909874,1632,8107266,119495,0,2,0,2,0,0,0,0,0,0,5406,0,3510,1896,0
4833,52061,16.995584,16.697004,16.731803,0.000000,0.000416,0.000000,0.000000,0.045000,0.012916,0.646500,1634,8107048,117725,0,2,0,2,0,0,0,0,0,0,7208,0,4680,2528,0
4834,52062,16.853083,16.552431,16.576444,0.000000,0.000585,0.000000,0.000000,0.046542,0.013875,1.275707,1616,8107309,121189,0,2,0,2,0,0,0,0,0,0,5406,0,3510,1896,0
4835,52063,16.995750,16.684322,16.712775,0.000000,0.000333,0.000000,0.000000,0.054458,0.012334,0.616500,1623,8107246,118773,0,2,0,2,0,0,0,0,0,0,5406,0,3510,1896,0
4836,52064,16.870583,16.558553,16.590211,0.000000,0.000583,0.000000,0.000000,0.049209,0.013916,0.772749,1628,8107030,117515,0,2,0,2,0,0,0,0,0,0,7208,0,4680,2528,0
4837,52065,16.649209,16.352211,16.353927,0.000000,0.000416,0.000000,0.000000,0.048166,0.012209,0.644291,1616,8107260,119282,0,2,0,2,0,0,0,0,0,0,5406,0,3510,1896,0
4838,52066,16.920125,16.625606,16.649929,0.000000,0.000459,0.000000,0.000000,0.057041,0.014750,1.125291,1618,8107278,120845,0,2,0,2,0,0,0,0,0,0,5406,0,3510,1896,0
4839,52067,16.504333,16.203390,16.227996,0.000000,0.000208,0.000000,0.000000,0.041458,0.012125,1.080833,1627,8107280,116838,0,2,0,2,0,0,0,0,0,0,7208,0,4680,2528,0
4840,52068,16.745625,16.454707,16.479499,0.000000,0.000457,0.000000,0.000000,0.052792,0.011625,0.633583,1612,8107005,120182,0,2,0,2,0,0,0,0,0,0,5406,0,3510,1896,0
4841,52069,16.525375,16.229340,16.246620,0.000000,0.000460,0.000000,0.000000,0.043958,0.014084,1.139250,1620,8107292,125690,0,2,0,2,0,0,0,0,0,0,5565,0,3510,2055,0
4842,52070,17.272333,16.974688,16.994055,0.000000,0.000499,0.000000,0.000000,0.058334,0.021583,0.663375,1620,8106947,121920,0,2,0,2,0,0,0,0,0,0,7208,0,4680,2528,0
4843,52071,18.018750,17.662579,17.530740,0.000000,0.001000,0.000000,0.000000,0.095792,0.017542,0.995499,1610,8107286,120840,0,2,0,2,0,0,0,0,0,0,5406,0,3510,1896,0
4844,52072,18.399959,18.091173,18.054626,0.000000,0.000790,0.000000,0.000000,0.098875,0.025291,0.981333,1615,8107217,119824,0,2,0,2,0,0,0,0,0,0,5406,0,3510,1896,0
4845,52073,18.559000,18.252393,18.035163,0.000000,0.000373,0.000000,0.000000,0.068125,0.015625,0.981292,1623,8107342,118882,0,2,0,2,0,0,0,0,0,0,7208,0,4680,2528,0
4846,52074,17.629416,17.327371,17.323748,0.000000,0.000584,0.000000,0.000000,0.056709,0.026083,0.677250,1618,8107001,121327,0,2,0,2,0,0,0,0,0,0,5406,0,3510,1896,0
4847,52075,16.662375,16.357745,16.367284,0.000000,0.000291,0.000000,0.000000,0.047667,0.030208,1.193208,1625,8107280,119684,0,2,0,2,0,0,0,0,0,0,5406,0,3510,1896,0
4848,52076,16.226250,15.925901,15.917601,0.000000,0.000458,0.000000,0.000000,0.045750,0.013209,0.628750,1647,8106830,121104,0,2,0,2,0,0,0,0,0,0,7665,0,4680,2985,0
4849,52077,17.741375,17.423161,17.437725,0.000000,0.000583,0.000000,0.000000,0.050250,0.014417,0.907875,1632,8107283,125887,0,2,0,2,0,0,0,0,0,0,5406,0,3510,1896,0
4850,52078,16.863000,16.545780,16.589275,0.000000,0.000457,0.000000,0.000000,0.045417,0.049667,0.482125,1677,8107257,121722,0,2,0,2,0,0,0,0,0,0,5406,0,3510,1896,0
4851,52079,16.778500,16.478180,16.474550,0.000000,0.000416,0.000000,0.000000,0.043625,0.012625,1.138042,1634,8107126,120439,0,2,0,2,0,0,0,0,0,0,7208,0,4680,2528,0
4852,52080,17.065334,16.759094,16.754583,0.000000,0.000250,0.000000,0.000000,0.065791,0.014834,1.145542,1633,8107230,122054,0,2,0,2,0,0,0,0,0,0,5406,0,3510,1896,0
4853,52081,17.451541,17.141546,17.161731,0.000000,0.000333,0.000000,0.000000,0.061959,0.053500,0.712542,1670,8107185,121247,0,2,0,2,0,0,0,0,0,0,5406,0,3510,1896,0
4854,52082,17.253084,16.946175,16.921894,0.000000,0.000376,0.000000,0.000000,0.062000,0.044458,1.328251,1625,8107088,118166,0,2,0,2,0,0,0,0,0,0,7208,0,4680,2528,0
4855,52083,19.852541,19.473926,19.488130,0.000000,0.000457,0.000000,0.000000,0.061417,0.055000,1.261750,2007,8107262,135685,0,2,0,2,0,0,0,0,0,0,5406,0,3510,1896,0
4856,52084,19.014792,18.639564,18.655480,0.000000,0.000543,0.000000,0.000000,0.072500,0.016833,1.262749,2054,8107211,136050,0,2,0,2,0,0,0,0,0,0,5406,0,3510,1896,0
4857,52085,18.901833,18.531054,18.556386,0.000000,0.000500,0.000000,0.000000,0.048500,0.023625,0.606916,2030,8107312,134752,0,2,0,2,0,0,0,0,0,0,7208,0,4680,2528,0
4858,52086,19.135792,18.756414,18.797416,0.000000,0.000543,0.000000,0.000000,0.060042,0.014416,1.255332,2005,8106989,137532,0,2,0,2,0,0,0,0,0,0,5406,0,3510,1896,0
4859,52087,18.823458,18.450150,18.487787,0.000000,0.000585,0.000000,0.000000,0.060917,0.013708,1.293333,2052,8107263,135876,0,2,0,2,0,0,0,0,0,0,5406,0,3510,1896,0
4860,52088,18.832917,18.456878,18.498332,0.000000,0.000373,0.000000,0.000000,0.043000,0.014833,1.311750,2014,8107012,134607,0,2,0,2,0,0,0,0,0,0,7208,0,4680,2528,0
4861,52089,18.930458,18.565168,18.586513,0.000000,0.000333,0.000000,0.000000,0.051000,0.013750,0.666375,2008,8107284,137118,0,2,0,2,0,0,0,0,0,0,5406,0,3510,1896,0
4862,52090,19.204959,18.827661,18.833870,0.000000,0.000293,0.000000,0.000000,0.046958,0.015875,1.012000,2076,8107271,142783,0,2,0,2,0,0,0,0,0,0,5406,0,3510,1896,0
4863,52091,19.882208,19.510141,19.543251,0.000000,0.000457,0.000000,0.000000,0.046333,0.026875,1.312542,2029,8106898,142881,0,2,0,2,0,0,0,0,0,0,7513,0,4680,2833,0
4864,52092,20.888667,20.493116,20.410024,0.000000,0.000501,0.000000,0.000000,0.059041,0.018917,0.974500,2065,8107273,149325,0,2,0,2,0,0,0,0,0,0,5406,0,3510,1896,0
4865,52093,18.853791,18.485480,18.518061,0.000000,0.000458,0.000000,0.000000,0.048084,0.018625,1.314042,2011,8107228,135682,0,2,0,2,0,0,0,0,0,0,5406,0,3510,1896,0
4866,52094,19.123250,18.754618,18.791779,0.000000,0.000417,0.000000,0.000000,0.048709,0.019583,1.262500,2023,8107223,136040,0,2,0,2,0,0,0,0,0,0,7208,0,4680,2528,0
4867,52095,19.950542,19.539864,19.563531,0.000000,0.000542,0.000000,0.000000,0.058625,0.020792,0.631125,2199,8107094,145615,0,2,0,2,0,0,0,0,0,0,5406,0,3510,1896,0
4868,52096,21.457708,21.030821,20.800159,0.000000,0.000583,0.000000,0.000000,0.067042,0.044083,0.905500,2161,8107247,142198,0,2,0,2,0,0,0,0,0,0,5406,0,3510,1896,0
4869,52097,20.713667,20.310987,20.304774,0.000000,0.000292,0.000000,0.000000,0.058625,0.020667,1.266626,2164,8107079,142677,0,2,0,2,0,0,0,0,0,0,7208,0,4680,2528,0
4870,52098,19.951875,19.553976,19.586940,0.000000,0.000290,0.000000,0.000000,0.055917,0.021875,0.809708,2196,8107237,142873,0,2,0,2,0,0,0,0,0,0,5406,0,3510,1896,0
4871,52099,18.826542,18.452427,18.491091,0.000000,0.000333,0.000000,0.000000,0.044541,0.019834,0.959626,2049,8107318,136936,0,2,0,2,0,0,0,0,0,0,6065,0,3657,2408,0
4872,52100,19.136416,18.764476,18.804156,0.000000,0.000375,0.000000,0.000000,0.046084,0.017958,1.267958,2047,8106996,138033,0,2,0,2,0,0,0,0,0,0,6549,0,4533,2016,0
4873,52101,19.889042,19.481869,19.509857,0.000000,0.000416,0.000000,0.000000,0.047167,0.033541,1.261124,2216,8107267,142504,0,2,0,2,0,0,0,0,0,0,5406,0,3510,1896,0
4874,52102,19.994250,19.584159,19.627552,0.000000,0.000292,0.000000,0.000000,0.043917,0.017500,1.258209,2166,8107167,141732,0,2,0,2,0,0,0,0,0,0,7124,0,4596,2528,0
4875,52103,19.537583,19.145960,19.179216,0.000000,0.000499,0.000000,0.000000,0.048709,0.019666,0.632209,2161,8107148,143487,0,2,0,2,0,0,0,0,0,0,5490,0,3594,1896,0
4876,52104,19.566500,19.158947,19.185318,0.000000,0.000499,0.000000,0.000000,0.061792,0.019250,0.989792,2204,8107218,142336,0,2,0,2,0,0,0,0,0,0,5406,0,3510,1896,0
4877,52105,19.266959,18.864008,18.900499,0.000000,0.000625,0.000000,0.000000,0.055625,0.021250,0.924625,2041,8107164,135743,0,2,0,2,0,0,0,0,0,0,7208,0,4680,2528,0
4878,52106,19.980958,19.593130,19.595021,0.000000,0.000500,0.000000,0.000000,0.056708,0.011500,1.118208,2039,8107143,138455,0,2,0,2,0,0,0,0,0,0,5406,0,3510,1896,0
4879,52107,19.766583,19.358312,19.385861,0.000000,0.000373,0.000000,0.000000,0.057917,0.058583,1.284042,2202,8107269,142106,0,2,0,2,0,0,0,0,0,0,5406,0,3510,1896,0
4880,52108,19.725417,19.337366,19.290981,0.000000,0.000585,0.000000,0.000000,0.068208,0.021917,0.953458,2144,8107275,140225,0,2,0,2,0,0,0,0,0,0,7208,0,4680,2528,0
4881,52109,19.925583,19.533434,19.571841,0.000000,0.000584,0.000000,0.000000,0.066209,0.015666,0.801833,2138,8107027,142568,0,2,0,2,0,0,0,0,0,0,5406,0,3510,1896,0
4882,52110,20.790459,20.378804,20.402089,0.000000,0.000501,0.000000,0.000000,0.049125,0.020416,0.302250,2194,8107246,141851,0,2,0,2,0,0,0,0,0,0,5406,0,3510,1896,0
4883,52111,19.346875,18.968651,19.002998,0.000000,0.000542,0.000000,0.000000,0.066791,0.014500,0.963375,2026,8107102,135124,0,2,0,2,0,0,0,0,0,0,7208,0,4680,2528,0
4884,52112,19.479166,19.113221,19.154117,0.000000,0.000415,0.000000,0.000000,0.068042,0.014042,0.931374,2015,8107200,137637,0,2,0,2,0,0,0,0,0,0,5406,0,3510,1896,0
4885,52113,19.117959,18.737901,18.774397,0.000000,0.000499,0.000000,0.000000,0.047083,0.013083,1.259833,2057,8107275,136105,0,2,0,2,0,0,0,0,0,0,5406,0,3510,1896,0
4886,52114,20.106333,19.694786,19.677176,0.000000,0.000583,0.000000,0.000000,0.050875,0.014042,0.970958,2028,8107280,134879,0,2,0,2,0,0,0,0,0,0,7208,0,4680,2528,0
4887,52115,19.387125,19.017907,19.030105,0.000000,0.000375,0.000000,0.000000,0.054417,0.047583,1.241542,2003,8107044,137396,0,2,0,2,0,0,0,0,0,0,5406,0,3510,1896,0
4888,52116,19.251458,18.868395,18.846980,0.000000,0.000417,0.000000,0.000000,0.055500,0.040667,0.635208,2044,8107221,135347,0,2,0,2,0,0,0,0,0,0,5406,0,3510,1896,0
4889,52117,19.207250,18.840353,18.843123,0.000000,0.000543,0.000000,0.000000,0.060834,0.015666,0.929459,2020,8107072,134365,0,2,0,2,0,0,0,0,0,0,7208,0,4680,2528,0
4890,52118,19.479250,19.111345,19.089380,0.000000,0.000460,0.000000,0.000000,0.064584,0.014875,0.968376,1994,8107242,136800,0,2,0,2,0,0,0,0,0,0,5406,0,3510,1896,0
4891,52119,18.839667,18.471144,18.506146,0.000000,0.000335,0.000000,0.000000,0.042958,0.016167,1.293001,2038,8107304,135158,0,2,0,2,0,0,0,0,0,0,5406,0,3510,1896,0
4892,52120,18.740625,18.369839,18.409479,0.000000,0.000332,0.000000,0.000000,0.060667,0.017833,1.256917,2002,8107010,134421,0,2,0,2,0,0,0,0,0,0,7208,0,4680,2528,0
4893,52121,19.402208,19.032926,19.047657,0.000000,0.000375,0.000000,0.000000,0.049667,0.014958,0.640125,2004,8107302,136541,0,2,0,2,0,0,0,0,0,0,5406,0,3510,1896,0
4894,52122,18.879292,18.509287,18.529713,0.000000,0.000333,0.000000,0.000000,0.051417,0.037166,0.963499,2046,8107333,142406,0,2,0,2,0,0,0,0,0,0,5565,0,3510,2055,0
4895,52123,19.510625,19.145262,19.147109,0.000000,0.000624,0.000000,0.000000,0.051500,0.014042,1.263458,2002,8106947,137811,0,2,0,2,0,0,0,0,0,0,7208,0,4680,2528,0
4896,52124,19.189500,18.822544,18.850959,0.000000,0.000333,0.000000,0.000000,0.052000,0.014958,1.257875,1994,8107104,136864,0,2,0,2,0,0,0,0,0,0,5406,0,3510,1896,0
4897,52125,18.999125,18.606168,18.627871,0.000000,0.000583,0.000000,0.000000,0.056375,0.015917,1.216208,2037,8107291,136239,0,2,0,2,0,0,0,0,0,0,5406,0,3510,1896,0
4898,52126,19.193583,18.826118,18.864832,0.000000,0.000459,0.000000,0.000000,0.059792,0.020792,0.637292,2009,8107309,135798,0,2,0,2,0,0,0,0,0,0,7208,0,4680,2528,0
4899,52127,18.935250,18.575367,18.606207,0.000000,0.000291,0.000000,0.000000,0.054334,0.013916,0.931833,2011,8106983,136798,0,2,0,2,0,0,0,0,0,0,5406,0,3510,1896,0
4900,52128,19.034500,18.653679,18.665284,0.000000,0.000416,0.000000,0.000000,0.056667,0.014083,1.021875,2043,8107239,142139,0,2,0,2,0,0,0,0,0,0,5555,0,3510,2045,0
4901,52129,20.098459,19.720966,19.748408,0.000000,0.000834,0.000000,0.000000,0.059041,0.019667,1.098833,2009,8106909,138087,0,2,0,2,0,0,0,0,0,0,7721,0,4680,3041,0
4902,52130,19.766958,19.403161,19.421121,0.000000,0.000502,0.000000,0.000000,0.055417,0.019750,1.088083,2030,8106940,139168,0,2,0,2,0,0,0,0,0,0,6934,0,3510,3424,0
4903,52131,18.989625,18.612219,18.639897,0.000000,0.000416,0.000000,0.000000,0.061125,0.045750,0.661958,2061,8107262,135496,0,2,0,2,0,0,0,0,0,0,5406,0,3510,1896,0
4904,52132,18.909292,18.535328,18.537366,0.000000,0.000459,0.000000,0.000000,0.053708,0.014292,0.848416,2018,8107105,134328,0,2,0,2,0,0,0,0,0,0,7208,0,4680,2528,0
