16.73925000
1651.96000000
17.56433400
24.56741600
8.24983400
26.26329100
6.39283400
26.06375000
7.80425000
26.00216600
6.88916700
26.48937500
6.89895800
26.31850000
7.00012500
26.09337500
7.32308400
26.20016600
7.15533400
26.26250000
7.05891600
26.29891700
7.06708300
26.52454200
6.90300000
26.40062500
6.98358300
26.30762500
6.98379200
26.09645800
7.28658400
25.30891600
8.03795900
24.94245800
8.46970800
25.03829200
8.27970800
25.07183400
8.29320800
25.12608300
8.28112500
25.02737500
8.32004200
24.99504200
8.35512500
24.93154100
8.43466700
25.16412500
8.23250000
24.95562500
8.38320800
25.06770900
8.29733300
25.14862500
8.21654200
24.95116600
8.45412500
25.00637500
8.32254200
24.69054200
8.70570800
24.75825000
8.58154200
24.78991600
8.58958400
24.89325000
8.45858300
24.84662500
8.52020800
24.71975000
8.64208400
24.55100000
8.81691600
24.57091700
8.82100000
24.55016700
8.79191600
24.36904200
9.01508300
24.32479200
9.01837500
24.53604200
8.83604100
24.24975000
9.11154200
24.32125000
9.06016700
24.86295800
8.49579200
26.20904100
7.16629200
28.90166700
7.07779100
25.72000000
5.02204200
24.18150000
9.19187500
23.81283300
9.54412500
23.49733400
9.86479100
24.77095900
8.60820800
25.24820800
8.11941700
25.72450000
7.63133300
25.54212500
7.83341700
25.70587500
7.65041700
25.57325000
7.79587500
25.57841600
7.78766700
25.84004200
7.52462500
25.62666600
7.74604200
25.70354200
7.65579100
26.16954200
7.20008300
25.67479200
7.69116700
26.09979100
7.27900000
26.77962500
6.60866700
26.91125000
6.43337500
26.75345800
6.64804200
26.74829200
6.57966600
26.65925000
6.70412500
24.22933400
9.14687500
23.63804100
9.72279200
23.22516700
10.53104100
22.99604200
11.02375000
24.89237500
7.47454200
25.42350000
8.09350000
25.43791600
7.92804200
25.12108300
8.39666700
24.89483300
8.56412500
25.58575000
7.74341700
25.66995800
7.68133400
25.11445800
8.38891700
25.00404100
8.37237500
25.16591700
8.17125000
25.83154200
7.59925000
25.61670800
7.81800000
25.78508300
7.56887500
25.58966700
7.80700000
25.41637500
8.21241700
25.53141600
7.64116700
25.61937500
7.80533300
25.43516700
7.82662500
25.59391700
7.89937500
25.60375000
7.88991600
24.92137500
8.41845900
24.81258300
8.59262500
25.17120800
8.18179200
25.23833300
8.03016700
25.50837500
7.96891700
25.21129100
8.14825000
24.56208400
8.84100000
25.11833300
8.29037500
24.56458300
8.99666700
24.69954200
8.50754100
24.64508400
8.70575000
24.74037500
8.76966600
24.22308400
8.98725000
25.26658300
8.23283300
25.73879200
8.14666700
25.02141600
8.00441700
25.83083300
7.42820900
25.74670800
23.24529200
0.87291600
17.39283400
26.00250000
24.79379100
3.29612500
23.20945900
5.69483300
23.85800000
10.03687500
23.38429200
9.38895800
23.03758300
10.99275000
23.81266700
9.46862500
23.96787500
8.86916700
23.09670800
10.54091700
23.70291600
9.30083400
23.53983300
9.92216700
23.51704100
10.21491700
24.09154200
8.87945800
23.56533300
10.14462500
23.00679200
10.16370800
23.47758400
10.04816600
23.12787500
10.30612500
23.30550000
9.91304200
23.29037500
10.18475000
23.09762500
10.26808300
23.23954200
10.34145800
22.44287500
10.95554200
22.28291700
11.31729100
22.26429200
10.28508300
22.05358400
11.46308300
22.44112500
11.63854200
21.90670800
11.44425000
21.97425000
10.70154200
22.01687500
11.90887500
22.08600000
11.21312500
22.16520800
10.67079200
21.87962500
12.05175000
21.99333300
11.32400000
22.11462500
10.77208300
22.12962500
11.77975000
22.04879200
11.66887500
21.70350000
11.44191700
22.14045800
11.70087500
21.54158300
10.74329200
21.76704200
12.22570800
22.21975000
11.03387500
22.05312500
10.90612500
22.10158300
11.88866700
22.33979200
10.86050000
21.88195800
11.65508300
21.83495900
11.08295800
22.38479200
10.98087500
22.13345800
11.52529200
21.98020800
11.19095800
22.44437500
11.29133400
22.54816600
11.45916700
22.58620800
9.32575000
21.15625000
12.11341700
20.78095800
13.14016700
21.22791700
11.64729100
20.59629200
12.75216700
20.66687500
13.32150000
20.85812500
12.11820800
20.70195800
12.85220900
21.02625000
12.56175000
20.82179100
12.41041700
20.92179200
12.04712500
21.45712500
12.80762500
21.01437500
11.87333300
21.17158300
11.70625000
21.33683400
12.54595800
21.22862500
11.65654200
21.65116600
12.35558400
22.55420800
10.81454200
21.99304100
11.37341700
22.07283300
10.87241700
22.19437500
11.85704200
21.84537500
11.43975000
21.54937500
11.16345800
22.22116700
12.02608300
21.96454200
11.11350000
22.00658300
11.42845800
22.14104200
11.01333300
22.12958400
11.84283300
21.76945800
11.26050000
22.10837500
10.48308400
21.88191600
11.63000000
22.14962500
12.18983400
21.72462500
11.07725000
22.76916600
11.23591700
23.71454200
9.51137500
27.66329100
5.28225000
22.66433400
10.72975000
22.21554100
11.40383400
22.80058300
10.10433300
22.15429200
11.14862500
24.09604200
9.42483300
24.72770800
8.05720900
24.21070800
9.13741700
24.05541600
9.43958400
23.04562500
10.63575000
23.61654100
9.60208400
23.30900000
9.77754100
22.87483400
10.81504100
21.18504200
12.69554200
21.10858300
12.10341700
20.91816600
11.57700000
20.48062500
13.08558400
21.27183300
12.85645800
20.74912500
12.36929200
21.02495800
12.17612500
21.89762500
11.21045900
23.76120800
9.83337500
23.77283300
9.47070900
23.62908300
9.57379200
23.43570800
10.01445800
23.51125000
9.75341700
23.14554200
10.18433300
24.23587500
9.49641700
23.48945800
10.02366700
23.64566600
10.10287500
17.90137500
16.22608400
17.72775000
15.68154100
17.55925000
15.72629200
17.66758300
15.26345900
17.88991600
15.12520900
17.58087500
15.70733300
17.27283300
16.97037500
16.83137500
15.74991700
17.44204200
16.85241600
17.56637500
15.26720900
17.67283300
15.94337500
17.75379200
15.71920800
17.86062500
15.08695800
17.91941700
14.99295800
17.61454200
16.43791700
17.70333300
15.62570800
17.76425000
15.77437500
17.48329200
15.44962500
17.84004200
15.51250000
17.64837500
16.10200000
17.44470800
15.27958300
17.78616700
16.19225000
17.35425000
16.00729200
17.20454100
15.40483400
18.04012500
16.18000000
17.49358300
15.60670800
17.53679200
15.86491700
17.93170800
15.80312500
16.95158300
15.66829200
17.06241700
15.64970800
23.95708300
9.17416700
23.83787500
9.63058300
23.36829200
10.49104200
23.32116600
9.52854200
23.22141700
10.23350000
23.61629100
9.52845900
23.58775000
9.78333300
23.10295800
10.67220900
23.03429100
9.73358400
23.99433300
9.60433300
23.89308400
9.25295800
24.08725000
9.61183300
24.14654200
9.44116700
23.86487500
9.13241600
24.15550000
9.21062500
23.56741700
10.40858300
24.57433400
7.95541600
23.46516700
10.09575000
23.25408300
9.97633400
22.84979100
11.05908400
22.83629100
10.93916700
25.34879200
6.81383300
22.68950000
10.76883300
23.39741700
10.35366700
22.85158300
10.52633300
23.98154200
9.57908300
23.39862500
9.84412500
23.22666700
10.05645800
23.80075000
9.44379200
23.53887500
10.17125000
23.22695800
9.48562500
23.56608400
10.43112500
23.73637500
9.36650000
23.09579100
10.81116700
23.48362500
9.69750000
23.46187500
9.65133300
22.67854200
10.12987500
23.68858300
10.52629200
23.39016700
9.43308300
23.91187500
9.63187500
23.15316700
10.34670800
26.08183300
7.23808400
26.38612500
7.30204100
25.30866700
7.84425000
24.50975000
8.69016700
25.79529100
7.56004200
25.61000000
8.08037500
25.43437500
7.70195800
24.63670900
9.01941600
24.56395900
8.47920800
24.62433300
8.69254200
23.87529200
9.71562500
23.61450000
9.57829100
24.52308400
8.81841600
24.41337500
8.64141700
24.11579200
9.72437500
24.18708300
9.15408300
24.08795900
9.27179100
23.88658400
9.42283300
24.02716700
9.33820800
24.20241700
9.18100000
23.60237500
9.72783300
25.43250000
7.93333300
24.07550000
9.34304200
23.68850000
9.84258300
23.88216700
9.41387500
23.64658300
9.78208400
23.72312500
9.71291600
24.10708400
9.12066600
23.30279200
10.29216700
23.40170800
9.49370800
22.38066700
11.46287500
22.82216700
10.55212500
22.31208300
11.10975000
22.84125000
9.69316700
23.43695800
10.29654200
24.28212500
8.84445800
24.48675000
9.15608300
24.94633400
8.28675000
24.31675000
9.10662500
23.56704100
9.76016700
23.80337500
9.61520800
23.57787500
9.86904200
23.44325000
9.90245800
23.67362500
9.65537500
23.44491700
10.02583300
23.35516700
9.90391700
24.13945800
9.17875000
23.69250000
9.90887500
23.34479200
9.98370800
23.60412500
9.61145800
23.02658400
10.38600000
22.68295800
10.96108300
22.83466700
10.29925000
22.92583300
10.60316700
22.77870800
10.76712500
22.70391700
10.25133300
22.99187500
10.91329200
23.23404200
9.82037500
22.84191600
10.42445900
22.83658300
10.62062500
23.90237500
9.37766700
23.22187500
10.22466600
23.40720900
9.52062500
23.02483300
10.90625000
23.00833300
9.69420900
23.79287500
9.94375000
24.40841600
8.88587500
23.85229200
9.63087500
23.73383300
9.71470900
23.46225000
9.73412500
23.32350000
9.77875000
23.68975000
10.19804100
23.56212500
9.62220900
23.16550000
11.19641600
26.66016700
5.52600000
24.41137500
8.97733300
23.69733400
9.94500000
23.18516600
10.51362500
22.63979200
10.30737500
22.52316700
10.82620800
22.73662500
11.00595800
22.65445900
10.80520800
22.84891700
10.29812500
22.74675000
10.74308300
22.95162500
10.47883300
22.98920900
9.76841600
23.23062500
10.26104200
22.78954200
11.24716600
22.74291700
10.09687500
22.84129200
10.59812500
23.76545800
9.62412500
23.26916700
10.13533300
23.19754200
9.94162500
23.25591600
10.45850000
23.03508400
9.90712500
22.93895800
10.76987500
22.77837500
10.23204200
23.55891600
10.28762500
23.82550000
8.93475000
23.79708400
9.98633300
26.15179200
7.00566600
23.82695900
9.90950000
24.41691600
8.58787500
24.25345900
9.23466600
22.89041700
10.68187500
23.23329200
10.19041600
23.70483400
9.33750000
24.60108300
9.81854200
28.39683300
4.42854200
25.04287500
7.87895800
24.54837500
8.80975000
24.58504200
8.62637500
23.90983300
9.77379200
22.42050000
10.96120800
22.41616700
10.29708300
22.92600000
11.03766700
24.86100000
7.93895800
23.13570800
10.29837500
23.32204200
10.34179200
22.74370800
10.94375000
23.00000000
9.92875000
22.22620800
10.86383400
22.23141600
11.10337500
21.97729200
11.49979200
22.08995800
11.85783300
21.96395900
10.87137500
22.74125000
11.57675000
19.50141600
13.73883400
18.97883300
14.38141700
20.86354100
12.72245900
19.71825000
13.58783300
20.62158300
12.24608400
19.66233300
14.28275000
20.27241700
12.40012500
19.49162500
14.29887500
21.60537500
11.70020800
21.29162500
12.04870800
21.48466700
11.30404200
21.08000000
12.92258300
20.78150000
12.50833300
21.21245900
11.54054100
20.79937500
13.20050000
21.46125000
11.88379200
21.40141700
11.92770800
21.52716700
11.90066600
21.53633400
11.04362500
23.96808300
9.53308300
24.08304200
9.29625000
23.58066700
9.58091600
23.32304200
10.14587500
22.87600000
10.90966700
22.47012500
10.75450000
22.53887500
10.95058300
22.33483300
10.63833400
22.26770800
11.45295800
22.83433400
10.45112500
22.26725000
10.63158300
22.15683300
11.88858400
21.95245800
10.84754200
22.45904100
10.88191700
22.00708300
11.34562500
22.28516700
11.65858300
22.27079200
11.23579200
22.11579100
11.17854200
22.42770800
10.72012500
22.52804200
10.97950000
22.13245800
10.81133400
22.59750000
10.65150000
23.06808300
10.67945800
24.05362500
9.24904200
24.49379200
9.06450000
23.86783300
9.05208300
23.99754200
9.61479200
23.32895800
9.99287500
23.50162500
9.55216700
23.53641600
10.21500000
23.37933400
8.66687500
23.94725000
11.51133300
18.77529200
15.23920800
18.24841700
15.28291600
18.53904200
14.15058300
18.48416700
15.25287500
18.64387500
14.95325000
18.34879200
14.41266600
18.32395900
15.35283300
18.90787500
14.44979200
18.09450000
15.40295800
18.30579200
14.59829100
18.04812500
14.55812500
24.56037500
8.34237500
24.81445900
8.44404100
24.23541700
9.24841700
24.15495800
9.25241700
24.45691600
8.66716700
24.45679200
9.49462500
21.65845800
12.48266700
21.48229100
11.88666700
20.63762500
12.67458300
20.63875000
12.29966700
21.76775000
11.68908300
20.23733400
13.17591600
20.24216700
12.43354200
20.64762500
13.38316600
21.40137500
11.96408400
21.70720800
10.64679200
23.82495800
9.86625000
24.51641700
8.65845800
24.76362500
8.77545800
24.90741700
8.49808300
25.33608400
7.98766600
24.67329200
8.84591700
24.72020800
8.66462500
25.47850000
7.79558300
24.98016700
8.14162500
24.85391700
8.36650000
24.33350000
9.33708300
23.86816700
9.56954100
24.28920900
9.18483300
23.83612500
9.72950000
23.83141700
8.98766600
24.13629200
9.29695800
23.90450000
9.61325000
23.87120900
9.52029100
23.94850000
9.22475000
24.10504200
9.41270800
24.04512500
9.40500000
26.76241700
6.43729200
24.21195800
9.07395800
23.25491700
10.34920800
22.93016700
10.34416700
22.79308300
10.19795800
22.67091700
11.26025000
22.69037500
10.49416700
22.96220800
10.45779200
22.90737500
10.47504100
22.89783400
10.44029100
22.90945900
10.57279100
22.76150000
10.07133400
22.77312500
11.25020800
22.65850000
10.57708300
22.69237500
10.69062500
22.67345900
10.16475000
22.48358300
11.35837500
23.60491700
9.51229100
23.58379200
9.72366700
23.35962500
9.94720800
23.51141700
10.44087500
23.78416600
9.12154200
23.70604200
9.94458300
23.49462500
9.55279200
23.67279100
10.00845900
23.40100000
9.65125000
23.53200000
9.99150000
23.71533300
9.53379200
23.42845800
10.33500000
22.05787500
11.69945800
22.21883400
10.90495800
23.18341700
10.26491600
23.53158400
9.77600000
21.73950000
11.22912500
22.00191600
11.75658400
22.00308300
11.50987500
21.55379200
11.84820800
21.29966700
12.07237500
21.48025000
11.85266600
21.62654200
11.70433300
21.53141700
11.34662500
21.52566700
12.29320800
21.41104200
11.39795800
21.53908300
11.85175000
21.54454200
11.76016700
21.86129100
12.13070900
21.76404100
11.67220900
21.62233300
11.63437500
21.89120800
10.92345900
21.98150000
11.42995800
21.92425000
11.89979200
22.30783300
11.06904200
22.52895800
10.97954200
22.21604100
10.94670900
22.52045800
10.32487500
22.44850000
10.97716700
22.21520800
11.62204200
22.92733300
10.35454200
22.32395800
11.25704200
22.56837500
10.08616600
22.43629200
11.87833300
22.25887500
10.67500000
21.96187500
11.52475000
21.84550000
11.78970900
22.44491600
10.08916700
21.97454200
12.00087500
21.86416600
11.08916700
22.32037500
11.08941700
21.59241600
11.63379200
21.31275000
12.62870800
24.06300000
9.12725000
22.98770900
10.75254100
21.83233400
11.71087500
22.03908300
10.97925000
22.53612500
10.78233300
23.00141700
9.96775000
22.80083300
10.54425000
22.59054200
11.23050000
22.48220800
10.87629200
22.37191700
10.92945800
22.67233300
10.78716700
22.21308300
11.18516700
22.67187500
10.32166700
22.77054100
10.91904200
22.03758300
11.37020900
22.49629100
10.77641700
24.30391700
22.81525000
3.31600000
22.65795800
10.01183300
22.75275000
10.97962500
22.52841700
11.09912500
22.51487500
10.55520800
22.02904200
11.45729200
22.08725000
10.76641600
22.36287500
11.51812500
22.27300000
11.08325000
22.15145900
11.28845800
22.78708300
10.43929200
21.93762500
11.51350000
22.05704200
11.20595800
22.86745800
10.49583400
22.59400000
10.45012500
22.58900000
11.20537500
22.44325000
10.88920800
22.00775000
11.42683300
21.67387500
11.46637500
22.76370900
10.67520800
22.74308300
10.99266700
21.98620800
11.35283400
22.76975000
10.04683300
22.87479200
11.25525000
22.81329100
9.62779200
23.35754200
10.11391600
22.58875000
11.26850000
22.39475000
10.71895900
22.38100000
11.15129100
22.17800000
11.20058400
21.98287500
11.08779100
22.61750000
11.15820900
22.43033300
10.20104200
21.37679100
12.39700000
21.09308400
12.34987500
21.52841600
12.12179200
20.85462500
12.03179200
20.61383300
12.68020800
21.12204200
12.27770800
20.68612500
12.08508400
20.22279100
13.70250000
20.53591700
12.98520800
20.32266700
13.03329200
20.60220800
12.79420800
20.86270900
12.58875000
20.64154100
12.86920900
20.78070800
12.24745800
20.80591700
12.53108300
20.93512500
12.44241700
20.98900000
12.87229200
21.02679100
12.41441700
21.24370800
11.96400000
21.02054200
12.66250000
21.19266700
11.64370800
21.35300000
11.82454200
20.70895800
13.49116700
21.32787500
11.99729100
20.97262500
11.87016700
21.10579200
12.77629100
20.82737500
11.68904200
21.20716700
13.02579100
21.29004200
11.92962500
21.35370800
11.33650000
21.71304200
11.82187500
21.63866700
11.86204100
21.72400000
12.08050000
22.02758400
11.06025000
22.08379100
11.73441700
21.79562500
10.65958300
22.34320900
11.97150000
22.34325000
10.59433300
22.30450000
10.58837500
22.97062500
10.93491700
23.69612500
9.35941600
23.38370900
9.63537500
23.48545800
9.94079200
23.80116600
9.52808400
23.45100000
10.02433300
23.48279200
9.64625000
23.36475000
10.46175000
23.35458300
9.16287500
24.88045800
9.53579200
24.50883300
8.68754200
23.47495800
9.26420900
24.02241600
9.55120900
24.72283300
8.56512500
24.51066700
8.73145800
24.99875000
8.55108300
25.10154200
8.04133300
24.83654200
8.38445800
24.94887500
8.60450000
25.29312500
8.08120900
24.90679100
8.62129200
24.36991700
8.70287500
25.57941600
8.01454200
25.52800000
7.55966700
24.74766600
8.70837500
25.30095900
8.34512500
25.07633300
8.03179200
24.95329100
8.68995900
20.31945800
13.78170800
20.52425000
13.19191700
21.32545800
11.22691700
21.14525000
11.95733300
21.46820900
12.58179100
21.77916700
11.29241700
21.74970800
11.63079200
21.06008300
12.14945800
22.11479200
11.52066700
21.95370800
11.48016700
21.35020800
11.93920800
21.36908400
11.57225000
20.52779100
12.82037500
21.24570900
12.77233300
20.74216700
12.64162500
20.57204100
12.83512500
20.75704200
11.79729200
21.54808300
11.86833300
20.86279200
12.41537500
21.84183300
11.75375000
21.70891700
12.10366700
21.45641600
11.24325000
21.91958400
12.04279100
20.77329200
11.91900000
22.31991700
11.47208300
22.53204200
10.81412500
23.13091600
10.38925000
21.54250000
11.23166700
21.21045800
12.87112500
21.95545900
11.52445800
22.86437500
9.66025000
22.79662500
10.85116700
22.99029100
10.12337500
22.97087500
10.79462500
22.41691700
11.52283300
22.87950000
9.86083400
23.38050000
9.76333300
25.12608300
7.78637500
24.57137500
9.57912500
25.80429200
7.15254200
22.66875000
11.97929100
22.59941700
11.00883300
40.56087500
3.82358400
24.19400000
4.55687500
24.60429100
3.77841700
20.82979200
10.42258300
20.62804200
12.63025000
20.56287500
12.76587500
20.73800000
12.21937500
20.90229100
13.15895900
21.96208300
11.18170800
22.15258400
10.93033300
21.40925000
11.95875000
22.21937500
11.07454200
22.79350000
10.30129100
21.17158400
11.78416600
21.34816700
12.92575000
20.97837500
12.44695800
21.48704200
11.65525000
21.91166700
11.46775000
21.81979100
11.47675000
21.73637500
11.67300000
21.61450000
11.09650000
20.50020900
13.43933300
20.50454200
12.93300000
20.78025000
12.76291600
21.09325000
11.39441700
20.61379200
13.55495800
19.30783300
14.03366700
19.96162500
13.36679200
20.34254100
13.48416700
20.41541700
12.56754100
22.09337500
10.79383400
22.05937500
11.82845800
23.08758300
10.38016700
23.94695800
8.87204200
25.00812500
8.63600000
22.40279200
10.69200000
22.37925000
11.29475000
21.91112500
11.58795800
22.26525000
11.24395800
22.92600000
10.10029200
22.82179200
10.85608300
22.49150000
10.39883300
23.03908400
10.26104100
23.22912500
10.26608400
22.99341600
10.17854200
23.08266700
10.90975000
22.74304100
10.15591700
22.55958300
11.18612500
23.83570900
8.95804100
24.20183400
9.13400000
24.37562500
8.99454100
23.57000000
10.48804200
23.97004200
8.58937500
23.15370800
10.65879200
23.25691600
9.92770900
23.52708300
9.85300000
23.28320800
9.77691700
23.64875000
9.50125000
23.24295800
10.72550000
23.15391700
10.04950000
23.34866700
10.19425000
23.24658300
9.98295800
23.37525000
10.00358400
23.23316600
10.17962500
23.41637500
9.95408400
23.78483300
9.53525000
23.18275000
10.21608300
23.49887500
10.15391700
23.37379200
9.95320800
23.21808300
10.07587500
23.15308400
9.94037500
23.17387500
10.33000000
22.85875000
10.93045800
23.28095800
9.73208400
23.15591600
10.33866700
22.96391700
10.50145800
22.35433300
10.65250000
22.92262500
10.99975000
23.12979200
9.79804200
22.98675000
10.65104100
23.46525000
9.57970900
23.35716600
10.39616700
23.31833300
9.55595900
23.95512500
9.86645800
24.13545800
8.85787500
24.44258400
8.92233300
24.09462500
9.26508300
23.82125000
9.75750000
23.82975000
9.06908400
23.98579100
9.65487500
24.04895900
9.14554100
23.87291700
9.49145800
24.02866700
9.58779200
23.81495800
9.57966700
23.84120800
9.22654200
24.07275000
9.40245800
23.86929200
9.26462500
23.80837500
9.78004100
24.05362500
9.31095900
24.42937500
9.26237500
25.33787500
7.68483300
23.80695800
9.54175000
24.08650000
9.36066700
25.12812500
8.40883300
23.85620900
9.31033300
24.52912500
8.89179200
23.76708300
9.72945800
23.59212500
9.39866700
23.61208300
10.00366700
24.48283300
8.52704200
23.54495800
10.03191700
23.90720800
9.58445900
23.91366600
9.36870900
22.84225000
10.97100000
22.58804100
10.81375000
22.42095900
10.82662500
22.92600000
10.25870800
23.02791700
10.53029100
22.98558400
10.19704100
23.03225000
10.48087500
22.79225000
10.95404200
22.19591700
11.27045800
21.92925000
10.91370800
22.46979200
10.93508300
23.30062500
9.92141700
22.66304200
11.18004100
24.67008400
7.94000000
22.55820800
10.98987500
21.54025000
11.51191700
20.38070800
13.49183300
20.44120900
13.05500000
19.96825000
12.56750000
20.59570800
13.42041700
21.50337500
11.93879100
22.59512500
10.72725000
22.74558400
10.61808300
22.57979200
10.79858300
22.12916700
10.33979100
23.51979200
9.93350000
23.10075000
10.72112500
23.03504200
10.23537500
22.85841600
10.56670900
23.23504100
10.23283400
24.39700000
8.74591600
24.52175000
8.71612500
24.24812500
9.12866700
24.30516700
9.20691600
24.28766700
8.97637500
24.52312500
8.80337500
24.33287500
9.22191700
24.42787500
8.94591600
24.73225000
8.51875000
24.30375000
9.03208400
24.20445800
9.20850000
24.22479200
9.10937500
24.56404100
8.87658400
24.48025000
8.71679100
24.03050000
9.44241700
24.18591700
9.33720800
24.73416700
8.33579100
24.83558400
8.55125000
24.96850000
8.32612500
24.04045800
9.64391700
24.09508300
9.04375000
24.56066700
8.79712500
24.97975000
8.35041600
24.27350000
9.20279200
24.83008300
8.42187500
24.28925000
9.24304200
24.33329200
8.93120800
24.58062500
9.09608300
24.32145900
8.84675000
24.13045800
9.25750000
24.32250000
9.03525000
24.42833300
8.68895900
23.95033300
9.64000000
24.50141700
8.73179100
24.12587500
9.47091700
24.40979200
8.78758300
24.07866700
9.40404100
24.45075000
8.78983400
23.95812500
9.56433300
24.73329200
8.32920800
24.24650000
9.40445800
24.14704200
9.21462500
24.40725000
8.83591700
24.25937500
9.15216600
24.54404200
8.67975000
24.60075000
8.80241700
24.03025000
9.28158300
24.03320800
9.39475000
24.22679200
9.11829200
24.04775000
9.53029100
24.22366700
8.91029200
24.17904100
9.24362500
24.03266700
9.52491700
24.05283300
9.23458300
24.33670900
8.95045800
25.08783300
8.16891700
24.32070800
9.05558400
24.75129100
8.65125000
25.03550000
8.32579200
24.02012500
9.27391700
24.47833300
8.98058300
24.25045900
9.21354100
24.25458400
9.20316600
23.65275000
9.45804200
24.08683300
9.57812500
24.29675000
8.75258400
24.08141600
9.36595900
24.08545800
9.46983300
24.62733400
8.60220800
23.94050000
9.56491700
23.93354100
9.34420900
24.43004100
8.91162500
24.37012500
8.97350000
23.74108400
9.79079100
24.13154200
8.93683300
24.07916700
9.34979200
24.16862500
9.52529100
25.06491700
8.15695800
25.19741700
17.37620800
25.88454200
3.48512500
26.97350000
3.23904200
26.08187500
5.12900000
30.26416600
3.42758400
25.64712500
7.46729100
24.94975000
8.31225000
24.79629200
8.41825000
26.04920800
7.46054200
25.65995800
8.17166700
25.92366700
7.36995800
26.16670800
6.98520900
24.83341600
8.30362500
24.78466700
8.63725000
24.78791700
8.60075000
24.74037500
8.69333300
24.42933300
8.88166700
23.75766700
9.73966600
24.14045900
9.20625000
25.31775000
7.95100000
24.03833300
9.15616700
24.56541600
8.86283400
24.04970800
9.56991700
24.54195800
8.95858300
23.99170900
9.46166600
25.03325000
8.03954200
25.28975000
7.83470800
24.96691700
8.46179200
24.09750000
9.48433300
23.91616700
9.38458300
24.25720800
9.06058400
24.02837500
9.79787500
24.91708300
7.75066700
25.78262500
7.69508300
24.14825000
9.49762500
23.95612500
9.09529200
24.43387500
9.15966600
25.30562500
8.04979200
24.24187500
9.02795800
22.97133400
10.76008300
23.11891700
9.65508300
22.69558300
11.26766700
22.46366700
10.82629100
22.53791700
10.90058300
22.33054200
11.07341700
22.07625000
11.25675000
22.15708300
11.33616700
21.85087500
11.38270800
22.82283300
10.39545900
23.00837500
10.41720800
23.10825000
10.27587500
22.95700000
9.83508300
23.12008400
10.89537500
22.87516600
10.40845900
23.86600000
9.25216600
23.71308400
9.98333300
24.10583300
8.98345900
23.89970800
9.38745800
23.74850000
9.91916700
23.69629200
9.62258300
23.25129200
10.20845800
23.70166700
9.52708300
23.66241700
9.49304100
23.78325000
9.93070900
23.84841600
9.18658400
23.57291600
9.80704200
23.42854200
9.96495800
23.46654200
9.83745800
24.35454200
9.30958300
23.34800000
10.20566700
22.14550000
11.07779100
21.49829200
12.55004200
20.97333300
12.35641700
20.89970800
12.38483300
20.88312500
12.83095900
20.54925000
12.57620800
20.99804200
11.84800000
21.12162500
13.09204100
20.64316700
11.88329200
20.67204100
12.63908400
20.54520800
13.47016700
20.40200000
13.19175000
20.58058300
12.34900000
20.76104200
12.16262500
20.66720800
13.38587500
20.50362500
12.10145800
20.89400000
12.60608400
20.48175000
12.95175000
20.26654100
12.93170900
20.24504100
13.83345900
20.53429100
12.87208400
20.44320800
12.98800000
20.42187500
13.04775000
20.64937500
11.90637500
20.65079200
12.65045800
20.62745800
12.61262500
20.43250000
13.99904200
19.89554200
12.10866600
24.81708400
8.54191600
24.35287500
9.22250000
24.35950000
8.97787500
23.68170900
9.75883300
25.10808300
8.02304200
24.73591700
9.03541600
23.68362500
9.29812500
24.53329200
8.95379200
24.93791600
8.32600000
24.91695900
8.46212500
24.63216600
8.87662500
25.05775000
8.30366700
24.83733300
8.33954200
24.91437500
8.58175000
24.56608300
8.79212500
24.55650000
8.65554200
24.90687500
8.58012500
24.02162500
9.46200000
24.92929200
8.31866600
24.94183400
8.32379100
24.68066700
9.04483300
24.48970900
8.74787500
24.34895800
9.43850000
23.99000000
9.10941700
25.01450000
8.00541600
25.17804200
8.36687500
25.24337500
8.13637500
24.50154200
8.89441600
24.55337500
8.55875000
24.54537500
8.96387500
24.67079200
8.89912500
25.06950000
8.11733300
24.78454200
8.69587500
23.80375000
9.52983300
24.26025000
9.37445900
24.32341600
8.78291700
24.49279200
9.22816600
24.17795900
8.78191600
24.47858400
8.89000000
26.12408300
24.84979200
3.25291600
24.02241700
5.02779200
23.95929100
9.91908400
23.94762500
9.47266600
23.80670900
9.37745800
25.29291700
7.64704100
24.38712500
9.73420900
24.32920800
8.38587500
23.32445800
10.44550000
23.13645900
10.24475000
23.24645800
9.93845800
23.55287500
9.81716700
23.18904200
10.72854100
23.24970900
9.38904100
23.91416700
9.65183300
24.75054200
8.84562500
23.64095800
9.41537500
22.79879200
10.82237500
22.26091700
11.04104100
22.51075000
10.34745900
22.48291600
10.78504200
22.35100000
11.58283300
23.99104200
9.04937500
26.24145800
7.65358400
26.14433300
6.92229200
23.41458300
10.32245800
23.46691700
9.56595800
23.05037500
10.40104200
22.98529200
10.10479100
22.51016700
11.62350000
21.86004200
10.49091600
22.31641700
12.21358300
23.41945900
9.17887500
22.91029100
10.96141700
23.45970800
9.70008400
23.31741600
9.83975000
22.66483400
10.53466600
22.40354200
11.66120800
22.67120900
10.84079100
22.53495900
10.59845800
22.57016700
10.78575000
22.45412500
10.38562500
23.01062500
10.94558300
23.17000000
9.57920800
23.81829200
9.71070800
23.80108400
9.56950000
23.71658300
9.55237500
23.77708300
9.82737500
23.59462500
10.05520900
23.42566600
9.93787500
23.42925000
9.94529200
22.82770800
10.74345900
23.29791600
9.81429200
23.35945800
9.66029200
23.34437500
10.21133300
23.05787500
10.13720900
23.63195800
9.77966700
22.06675000
11.20750000
21.98175000
12.12575000
22.37895800
10.42733300
21.92800000
11.77733400
22.01787500
11.24516600
22.03995900
11.04366600
22.29287500
11.07791700
22.27633300
11.19979200
22.51195800
10.81520900
22.51950000
10.71216600
22.59225000
11.15783400
22.22775000
11.01908300
22.51108300
10.96516700
21.92920800
11.08604200
21.93733300
11.22987500
22.33695900
11.23741600
22.22091700
11.78908300
22.18025000
10.35016700
22.65454200
10.78470800
22.73087500
10.51104200
22.60537500
10.93475000
23.45887500
9.83795800
24.06850000
9.29791700
22.63166600
10.61645900
22.74516600
11.21391700
22.88020800
10.20658400
23.25141600
9.95062500
22.59250000
11.13954200
22.89500000
10.55995800
23.69383400
9.21304100
23.47800000
10.10329200
23.57758300
9.57762500
24.70600000
8.78295900
24.85741600
8.22758400
25.80441600
7.62804200
24.53791700
8.68875000
23.78312500
9.84550000
24.12845800
9.41858300
24.58216700
8.70270800
23.72366700
9.28262500
24.36266700
9.18533300
24.82366700
8.17054100
24.38854200
9.07079200
24.79958300
8.49287500
23.83166700
9.87916600
24.66141700
8.30720800
25.06729200
8.75029200
24.76862500
8.23279100
24.85687500
8.87579200
24.97137500
7.99291700
24.89920800
8.88816700
24.57620800
8.46091700
25.01408300
8.64125000
24.72583300
8.46187500
25.23187500
8.02245900
23.81912500
9.79750000
25.25866600
8.34112500
24.17462500
9.50891700
28.54954200
4.51329100
26.13208400
7.58087500
33.93033300
3.76837500
25.06579200
3.41541600
24.76758400
8.81550000
25.75558300
7.75950000
23.98695800
8.96841700
23.93287500
9.71233300
24.11604200
9.31479200
23.80275000
9.37550000
23.85133300
9.39791700
23.58187500
9.88208300
24.57304200
8.66837500
25.04395800
8.29491700
24.55433300
9.04762500
24.34608300
9.37708400
25.11625000
7.80570800
24.44520800
8.84041700
24.61500000
8.88562500
25.46045800
7.46375000
24.73633400
8.66025000
24.34304100
9.13612500
22.89537500
10.46550000
22.77533400
22.71550000
22.63087500
22.12750000
22.91704100
23.12920900
23.19179100
22.43358400
22.70025000
22.94466600
23.85583400
23.91958300
23.91300000
22.51062500
22.55591700
22.61441600
22.67662500
23.84845900
23.86520800
23.71975000
24.02479200
24.25808300
25.97141700
23.85258300
24.88254200
23.49075000
23.44520800
24.30225000
26.12708300
24.21029200
25.66691700
23.23458300
24.21070800
23.98695900
24.42258300
23.88445800
25.04975000
23.77975000
24.44387500
23.60295900
24.40300000
23.48408300
24.73929200
25.62841600
23.70637500
25.24616700
23.89516700
24.38945800
24.89625000
23.52829200
25.05183300
23.73575000
24.30487500
24.62700000
24.84033300
25.18425000
25.65808400
27.09150000
24.49620800
24.33370800
24.48962500
24.21195900
25.94058300
23.74166700
24.10341600
24.94116700
25.23233300
23.94129200
25.02004200
23.89341600
24.73283400
24.57933300
24.90604200
24.32408300
24.72400000
24.16820800
23.66683400
25.18733300
23.67879200
24.28925000
24.69520800
23.66433300
23.40704200
24.08637500
23.95070800
24.18512500
25.01850000
23.48783400
23.23400000
23.49070800
24.25766700
23.76754100
23.90341700
24.44795800
23.97312500
25.34950000
23.83145900
23.76208300
23.94637500
25.35283300
25.51183400
25.82525000
24.14125000
24.84912500
24.38883300
26.00008300
24.47633400
25.06120800
24.02295800
25.37641700
24.14808300
25.77633400
25.47737500
26.30462500
23.62229100
25.91229200
23.82683300
24.48383400
24.83608300
25.63329200
24.40845800
24.75250000
23.85116700
23.68879100
23.88791700
25.17808300
25.46650000
26.70725000
24.24237500
24.30412500
27.84033400
25.14695800
24.40404200
24.34387500
24.83375000
24.04891600
24.59787500
24.31270900
24.36070800
26.34125000
25.42941700
23.98354100
24.09616700
24.13879200
23.91775000
24.42420800
23.98091700
23.97875000
24.86237500
24.08979100
25.58283400
24.86758300
24.63195800
25.44437500
26.12958400
23.98012500
23.53045800
25.14683300
23.56783400
24.34237500
23.50395800
23.84337500
24.64891700
25.53262500
25.85379100
24.98125000
24.87562500
25.23312500
24.84479200
24.93362500
23.95725000
24.94600000
24.67637500
25.27791700
24.37637500
24.55270800
23.78270800
24.41150000
24.94925000
25.88716700
23.83433300
23.46033400
23.68520800
25.85495800
25.24220900
23.84695800
27.02037500
25.24745800
22.94275000
24.20991700
23.22029200
24.40475000
25.79066600
25.56508400
24.76083300
24.58183300
25.66262500
23.91933400
26.20808300
23.94870800
24.23641700
23.95704200
24.21558300
23.34404200
23.79525000
24.31475000
25.04325000
25.06850000
23.90383300
24.18045800
24.02708400
24.92537500
24.26258300
25.22166700
25.70966600
27.17058400
23.41504100
24.07145900
25.92000000
25.13750000
24.57779100
25.31720900
23.40512500
24.47429100
23.91387500
25.49725000
25.05179200
24.82004200
23.84783300
23.40483300
24.32837500
24.01195900
23.12883300
24.52816700
23.22804100
23.34558400
23.25000000
23.56608300
24.07091700
23.64362500
23.13716600
24.12937500
24.24354200
23.58608300
24.46650000
24.46004200
24.24829200
25.09391600
25.82262500
25.10020900
26.01508300
27.26508300
25.85987500
24.60525000
24.14425000
24.34562500
24.02137500
23.99866700
24.40770800
25.75187500
26.68825000
27.10041700
25.90533300
25.60100000
26.12645900
27.57550000
24.24370800
23.44125000
24.54400000
24.28600000
25.41075000
26.15787500
25.98258300
24.56850000
23.96295900
23.69762500
24.04866600
24.59350000
24.31000000
24.31737500
25.24708400
25.28900000
23.68512500
23.90562500
24.05750000
23.22550000
24.83583300
24.35958300
24.35991700
24.19883300
23.77195900
23.89383300
23.91616700
23.96712500
23.66441600
24.27745900
23.84979100
25.35545900
24.72795800
25.30770800
24.70429200
23.78908300
24.15379200
25.09929200
24.14941600
24.58854200
23.79933300
24.57741700
23.98225000
24.44325000
24.68470800
23.80391700
24.48266700
24.73616600
25.20820900
24.80754100
24.28233400
23.99179100
23.98204200
23.97254200
23.60191600
24.43950000
24.19508400
23.48050000
23.91233300
23.68379200
23.73779100
23.47087500
23.48304200
23.92708300
25.02529200
24.15258300
23.81183400
24.49029100
23.80954200
24.20783300
24.03483400
24.38041600
24.28920900
24.27283300
23.98737500
24.83654200
24.10520800
25.09283300
25.11245900
25.91370800
25.64791700
25.95545800
26.21050000
25.45129200
25.82770800
25.76291700
23.84016600
23.38783400
23.43500000
23.82279100
23.24666700
23.51925000
22.97720800
23.17708400
24.10287500
23.97854100
25.02541700
25.37729200
24.85950000
25.26558300
25.41450000
22.62850000
22.87695800
24.43266700
27.79020800
24.76175000
25.65312500
25.90216700
23.72087500
23.71191700
24.29391600
25.01545900
25.05945800
23.50208300
24.82950000
24.19550000
23.60670900
25.47012500
24.44054100
23.44637500
23.74708400
24.07237500
24.66508300
25.40441700
25.93587500
25.71062500
24.62037500
23.11383300
22.73383300
3.40500000
22.77237500
3.15441700
22.65708300
3.40366700
23.33041700
3.91687500
22.56629100
3.20987500
23.80579200
3.49029200
23.94525000
4.14595800
24.29575000
3.37704200
23.93183300
3.31691700
23.39445800
3.52237500
24.15750000
3.34616700
25.11458300
3.83008300
23.98229200
3.91283300
26.10525000
3.50379200
23.70120800
3.58462500
23.81275000
8.78854200
24.73779200
8.44929100
24.61633400
8.87175000
25.94462500
7.21600000
23.66366600
10.30737500
23.90583400
9.29287500
25.09033300
8.11441700
24.89016600
8.27529200
24.83908300
8.65150000
25.03754200
8.20404200
24.41512500
8.98912500
24.85608300
8.28841700
24.26366600
9.47962500
24.23012500
8.91962500
23.79820900
9.63583300
25.31766700
7.89300000
26.36250000
7.23541600
25.50025000
7.72066700
25.76179200
7.62725000
25.80529100
7.64241700
24.49775000
8.56858300
26.33241700
7.14404200
24.47487500
8.83120800
24.02545800
9.54941700
25.70175000
7.65766700
24.61016600
8.67650000
26.43250000
6.90212500
27.50370900
6.09991600
24.12375000
9.08887500
25.16808400
8.21587500
25.25104100
8.03466700
24.87875000
8.57195800
24.42545900
9.01250000
24.63545800
8.73241700
24.35708300
9.00720800
24.50241700
8.75916700
24.06520800
9.40133300
24.62983400
8.60670800
24.66000000
8.81987500
24.25741700
9.18637500
24.36708300
8.77891700
24.14504100
9.63095900
23.81387500
9.32341600
23.51929200
9.80320800
23.97845900
9.65625000
23.82937500
9.57450000
23.73670800
9.36929200
23.79829100
9.60095900
23.81758300
9.75733300
23.63050000
9.62425000
23.73575000
9.48291700
23.49591700
10.02262500
23.77375000
9.65416600
23.64633400
9.70170800
23.49933300
9.79204200
23.34883300
9.89404200
23.61395800
10.03258400
24.55670800
9.29845800
24.03212500
8.79958400
24.77879100
8.46941700
24.90841700
8.39608300
23.81158300
9.53941700
23.95733300
9.43500000
24.05775000
9.36329200
23.97845800
9.39512500
23.58704200
10.00116700
24.09187500
8.92308300
23.87762500
9.66145800
24.74929200
8.33720800
24.21041700
9.41100000
24.27183300
8.69120900
24.88712500
8.84287500
26.17333300
6.68958300
23.14158400
10.87000000
23.23004100
9.83100000
23.56375000
9.93025000
23.17804200
9.52316700
23.69650000
10.46445800
23.26608300
9.77054200
23.21750000
10.21737500
23.08500000
10.36516700
23.28829100
10.07854200
23.29633300
9.55637500
23.27291700
10.32387500
24.16550000
9.29845800
23.45262500
9.74820900
23.36370800
10.51966700
24.02275000
8.83850000
24.02900000
9.59979100
24.28262500
9.11362500
25.17883400
8.22437500
26.21045800
7.17991700
24.07675000
9.34650000
24.23733300
8.99950000
24.25216700
9.18766600
24.79270900
8.62737500
25.77012500
7.53729100
24.78583400
8.66641600
24.14433400
9.22704100
24.98479200
8.12658300
27.21429200
6.24570800
27.23400000
6.27133400
24.61062500
8.81429100
24.40262500
8.75312500
23.87966700
9.69850000
25.83425000
7.42383300
26.42000000
6.85562500
24.27833400
9.21137500
25.67741600
7.78987500
26.67625000
6.58220900
26.15095800
7.21954200
25.72087500
7.57087500
25.02087500
8.33466600
25.94441700
7.41291700
26.43720800
7.21720800
25.54466700
7.55679200
24.58791600
8.88579200
24.25504200
9.17466600
26.91325000
6.72025000
27.87316700
5.53833300
34.81475000
4.32766700
26.45029200
3.53766600
26.75708400
4.04462500
27.05429100
5.88545900
27.29104100
6.52829200
28.08187500
5.36025000
27.88858300
5.25637500
25.79691700
7.58462500
25.14325000
7.97533300
26.00733400
7.47550000
25.10450000
8.10425000
24.27462500
9.40241600
24.03837500
9.26425000
24.41887500
8.78012500
24.20945900
9.18100000
24.37887500
8.77458300
24.65070800
8.99208400
24.48641600
8.76908400
25.22712500
8.24200000
24.77629100
8.50970900
24.91791600
8.32029200
24.39058300
8.96783400
24.85758300
8.40741700
25.27066600
8.24908400
24.33116600
9.41312500
25.74279200
7.28683300
24.84183400
8.24270800
24.36587500
9.21058300
23.56579200
9.87804200
27.39041600
26.64687500
3.05979200
25.17750000
2.98329200
24.59887500
6.84679100
24.87262500
8.40012500
25.19879200
7.99533300
24.75829200
8.80716700
24.27058300
9.37441700
24.60316600
8.32008400
23.88012500
9.53295800
23.66529200
9.72916600
23.82083400
9.85866600
24.29666700
8.94383300
24.34045900
8.78520800
24.40300000
9.04812500
25.09379200
8.16983300
24.02987500
9.42545800
25.97566700
7.32420800
23.86454200
9.50454200
24.51950000
9.11187500
24.06658300
9.13004200
23.90908300
9.52441700
24.56833300
8.65070800
24.01416700
10.20770800
24.14437500
8.38654200
24.63637500
8.82437500
24.04012500
9.34475000
24.13991700
9.41050000
24.13683300
9.04375000
24.45225000
8.78237500
24.50025000
9.14162500
23.48162500
10.07754200
23.45975000
9.75412500
24.16987500
9.08316600
25.20708400
8.16983300
22.69237500
10.86187500
22.91866700
10.06783300
22.89145800
11.13400000
23.46462500
9.56425000
22.25600000
10.90141700
22.80983300
10.56441700
23.51525000
10.35337500
21.68991700
11.63387500
21.67933300
11.67650000
21.41179200
11.38808300
20.94770800
13.06237500
20.79670900
12.59541600
20.59258400
12.73579100
20.60641700
12.77108300
20.87950000
12.12166700
20.93633300
12.78920900
20.52700000
12.21508300
21.37879200
12.29466600
22.44791700
11.15929200
21.74262500
11.22550000
22.60670800
11.41970800
24.57937500
8.63812500
21.11633400
12.17820800
22.64766700
10.76183300
22.61120800
11.00966700
23.19175000
9.50470800
24.31266700
8.92854200
24.37333300
9.05670800
22.68383400
11.13295800
23.29116700
9.55762500
24.44025000
8.89487500
24.21979100
9.31012500
23.23920900
9.92237500
23.16445800
10.68000000
22.94058300
10.32912500
23.12587500
10.15950000
25.31775000
7.75362500
25.49745900
7.80979100
24.32537500
9.71275000
24.94929200
7.77770800
23.62125000
9.71787500
23.47970900
9.92508300
24.29416700
9.22504100
24.09195900
9.25012500
24.31470800
8.86050000
23.93562500
9.80454200
23.78475000
9.15933300
23.70745800
9.97537500
23.96512500
9.06358400
24.05162500
9.57825000
25.36016600
7.68216700
25.71170800
7.91487500
24.41258400
8.84229100
25.09787500
8.29479200
26.39583300
7.14025000
23.94983400
10.22566600
23.96641700
8.57712500
24.30162500
9.10579200
23.29029100
10.36529200
23.33929200
10.24308300
22.97166700
9.66004100
23.62525000
9.81512500
23.63287500
10.00825000
23.36470900
9.90200000
23.66550000
9.87345800
22.67520800
11.04808400
23.33333300
9.71345800
23.94658400
9.09158300
22.95187500
10.89800000
22.87204200
10.35595800
22.51112500
10.98175000
22.66233300
10.31270900
22.52991600
10.98654200
24.00429200
9.04462500
23.35100000
10.46550000
23.16720800
9.68050000
23.41620800
10.43854200
23.32495800
9.89029200
23.96270800
9.23029200
23.63829200
9.92708300
23.85279200
9.32058300
23.41904200
9.92512500
23.35600000
9.86766600
23.99333400
9.63479100
24.20575000
9.02162500
23.81916700
9.68254200
23.98925000
9.38404100
23.73325000
9.48337500
23.37208400
10.09220800
23.76133300
9.79754200
22.96758300
10.20837500
23.50558400
10.06370800
23.89745800
9.31170900
24.15845800
9.23962500
23.21687500
9.89670800
23.41545900
10.46633300
23.00100000
9.93545800
22.86175000
10.93504200
23.03616700
10.42820800
22.67695800
10.78895900
22.58320800
10.13141700
22.89691600
10.66075000
22.09875000
11.82416700
22.41879200
10.71583300
22.23200000
11.22362500
21.87095800
11.05729200
23.14129200
10.69287500
23.42587500
9.65220800
23.19012500
10.37383300
23.15000000
10.17241700
22.55291700
10.82387500
22.95537500
9.93450000
22.72733300
11.18820800
23.60041700
9.43537500
23.15200000
10.45191700
23.13062500
10.02562500
24.56662500
8.30658300
24.40950000
9.20254200
24.90141600
8.54679200
24.07512500
9.24841700
23.50520800
10.12045800
23.61254200
9.44487500
23.63625000
10.23408300
24.47158400
8.32187500
25.37966600
7.80495900
23.56391600
10.15900000
23.66662500
9.61308400
23.35791600
10.08000000
22.79762500
10.05495900
23.48729100
9.93475000
23.14800000
10.31695900
23.49120800
9.76608300
23.11325000
10.90845900
22.74929100
10.10762500
22.22300000
11.21154200
22.26612500
11.66870800
22.97450000
10.20679200
22.63191700
10.88670800
22.04520800
10.75458400
21.57070800
12.08983300
22.87962500
10.44308400
23.46645800
9.85395800
25.04883400
8.25408300
23.65079200
10.08800000
23.81154100
9.12383400
25.34795800
8.10933300
23.88891700
9.86679200
23.54820800
9.73566700
24.71133300
8.39420800
23.93829200
9.88291700
23.21487500
9.93750000
23.56212500
9.99545800
25.12370800
8.02620900
23.80987500
9.45033300
23.86300000
9.70833300
23.97091700
9.43087500
23.41966700
9.46345800
24.39166700
9.42854100
24.70541700
8.50012500
25.35612500
7.76875000
25.26804200
8.37833300
24.56316700
8.88429100
23.25341700
10.07454200
23.51429100
9.83766700
23.66912500
10.23704200
23.99866600
8.84450000
24.02500000
9.27929200
23.83991700
9.71904100
23.20537500
10.05820900
23.23591600
9.81437500
23.75820900
10.20400000
23.60604100
9.48604200
23.56004200
9.58079100
23.94858400
9.78329100
24.37695900
8.66533300
23.78775000
9.71112500
24.69033300
8.54241700
23.58333300
10.19216700
23.88108300
9.03720900
23.86737500
9.53495800
23.79550000
9.74379200
24.10033300
8.87983300
23.34637500
10.52454200
24.04762500
9.12850000
23.50212500
9.89908300
24.06620900
9.28541600
23.98587500
9.49900000
24.12362500
9.25612500
24.12229200
9.44275000
24.23558300
8.98175000
24.87075000
8.35525000
23.93808400
9.72270800
24.53200000
8.59929200
23.57412500
9.91683300
23.44191700
9.54283300
23.61262500
10.08762500
24.11350000
9.12733300
23.55408400
10.07012500
23.81579100
9.94929200
23.25979200
9.72195800
23.52912500
9.33166700
23.95562500
9.81279100
24.39316700
8.97004200
23.97258300
9.12316700
23.93870800
9.42408300
24.69745900
8.47325000
24.44395800
9.13987500
24.98737500
8.53400000
24.94591700
8.20441600
25.42066700
7.85087500
25.23341700
8.27820800
24.69116700
8.61154100
24.15145900
9.39058300
25.74308300
7.78416700
25.82779200
7.22762500
25.84058300
7.60995800
26.21966700
6.99279200
25.40870800
8.16237500
26.78816700
6.44100000
25.71012500
7.42875000
25.17370800
8.62745800
25.36879200
8.04033300
23.91241700
9.51991700
23.36504100
10.05254200
23.69733300
9.85216700
23.80325000
9.32079200
24.98862500
8.56895800
23.20933300
10.10300000
23.24562500
9.92475000
23.06708400
10.71770800
24.77679200
8.01562500
24.58291600
8.69395900
23.11016600
11.01083400
22.95395800
9.97166700
23.22887500
10.00512500
23.90375000
9.66645800
23.36479200
10.43716600
24.89425000
7.71125000
23.44912500
10.46525000
23.68387500
9.87150000
24.48370900
8.24950000
24.82116600
8.56300000
24.33687500
8.96945900
24.30641600
9.19729200
23.99933300
9.30566700
24.34204200
9.12579100
23.77591700
9.47562500
24.98079200
8.59337500
24.33283300
8.60870800
22.92637500
10.59000000
22.76158400
11.16016600
23.17075000
9.72437500
23.13837500
10.34945900
22.67183300
11.01975000
22.67450000
10.69754200
22.68125000
10.26329100
22.38033400
11.06095800
23.35712500
9.66116700
22.04945800
11.79266700
22.14195800
11.12454200
22.19133300
10.71479200
21.91225000
11.87183300
22.16125000
11.11166700
21.94145800
11.70795800
22.96950000
10.28616700
23.43816700
9.85237500
23.02575000
10.31295800
23.40937500
9.74404200
23.53266600
10.54391700
24.42337500
8.81420800
23.99087500
8.67283400
24.94283300
8.68783300
24.00416700
9.63433300
23.71466700
9.71995800
24.17041700
8.96483300
23.62225000
9.98641700
23.70350000
9.61700000
24.34050000
8.69904200
23.88970800
9.41683300
25.52275000
7.87279200
25.27554200
8.26262500
24.57966600
8.16604200
24.52062500
9.14820800
24.64500000
8.73620900
25.38370800
7.90754200
24.72908300
9.15495800
23.99554200
8.83237500
24.52629200
8.74725000
25.06312500
8.40316600
26.14912500
7.17900000
25.93091700
7.43991700
25.71020800
7.87237500
24.95500000
8.35266700
24.10583300
9.12770800
24.35700000
9.31083400
23.80087500
9.53162500
24.36958300
8.64379200
23.86041600
9.98529200
24.13054200
8.94700000
24.09545800
9.43295800
23.18104200
10.86912500
24.31475000
8.31812500
25.29195800
7.90891700
25.68008300
7.55845900
25.82491600
7.72962500
24.64975000
8.53675000
24.79108400
8.64691600
25.30516700
7.97504200
26.09954100
7.24470900
24.27541600
9.02187500
24.33379200
9.57166700
24.30575000
8.67887500
23.93070800
9.24941700
24.16333300
9.66883300
24.46791700
8.72175000
24.19770800
9.00729200
24.60083300
8.90829200
24.92954200
8.14216600
25.12666700
8.59783300
23.15783400
10.66458300
22.76350000
10.86541700
22.55900000
10.13775000
22.61537500
11.36350000
22.14700000
10.81700000
22.44316600
11.55954200
23.25925000
9.23100000
23.05808300
10.95279200
22.89458300
10.21033400
23.28662500
9.72187500
24.08795800
9.36650000
24.42245800
8.78954200
24.46587500
9.08433300
23.64229200
9.56070800
22.89075000
11.20987500
23.62433400
8.91166600
21.61458400
12.31262500
21.28120800
12.08083300
21.53591700
11.70508300
21.81058400
11.63604100
22.27845900
11.70062500
22.41425000
10.15175000
23.61108300
9.57862500
22.10104200
11.96295800
22.16516700
10.82966600
22.06133400
11.36820800
22.02450000
11.24370800
22.01858400
11.55466600
21.73754200
11.40700000
22.58412500
11.05508300
22.32841700
10.56058300
22.06195900
12.04483300
23.98629200
8.85495800
22.36704200
11.22808300
23.07125000
9.89162500
24.24720800
8.95754200
25.08237500
8.31291700
25.40862500
8.05204100
25.77762500
7.71050000
25.11929200
8.40479200
23.14195800
9.86208300
24.23029200
9.27616700
23.61995800
9.94583300
22.16720900
10.96916600
23.62270900
10.08354100
26.45683400
6.66325000
26.05795800
7.38033300
23.90995900
9.54733300
23.87020800
9.32645900
23.76991600
9.67400000
25.03037500
8.33350000
26.44050000
7.05054200
24.90666700
8.15225000
24.28287500
9.16550000
26.19250000
7.04470800
24.58383300
8.97120900
24.84375000
8.25895800
26.15795800
7.26487500
27.56329200
6.01962500
25.58529200
7.69070800
25.64145800
7.92762500
24.05937500
9.36491700
23.87512500
9.35441700
24.10945800
9.42325000
24.57275000
8.52720800
23.99166700
9.36845800
24.23716700
9.29966700
24.56766600
8.79529200
26.10037500
7.14237500
25.83879200
7.67558300
23.70612500
9.87145800
23.60895900
9.38525000
22.80858300
10.98479200
22.12487500
11.02675000
22.13887500
11.21233300
22.51395800
11.39612500
22.22283400
10.70462500
22.10087500
11.14654100
21.96841700
11.91929200
22.13204100
10.97304200
22.82808300
10.53908400
22.65725000
10.91662500
22.14887500
10.71762500
23.23279100
10.49158400
23.03470800
9.86883300
23.13033400
10.59633300
22.40295800
11.26779200
22.01895800
11.17054200
23.47741700
9.74616600
23.10866700
10.28579200
22.02462500
11.13062500
23.51675000
9.53270800
23.31495800
10.30812500
24.04854200
8.85070800
23.63295900
9.76420800
23.77162500
10.04587500
23.07304200
10.23312500
23.35262500
10.12362500
23.61733300
9.54104200
24.04629100
8.92354200
24.12050000
9.65304200
23.44783300
10.09387500
23.34054200
9.50141600
23.70545900
9.86354100
22.95704200
10.84429200
22.54725000
10.74287500
22.56266600
10.52050000
24.62495900
8.62066600
24.46745900
8.96391600
24.19283400
9.19241600
24.37375000
8.99504200
24.11795800
9.22300000
24.06212500
9.12808400
24.19437500
9.58595800
24.34929200
8.89133300
24.01404200
9.17716600
23.71729200
9.75462500
23.40866700
9.98479100
23.17037500
10.66504200
22.79895800
10.01012500
23.03725000
10.18800000
22.50987500
11.31241700
23.27662500
9.94216700
22.44670800
10.53066700
22.40079100
10.84504200
22.58145800
11.02583400
22.81912500
11.37979100
22.20708400
10.67366600
22.02141700
11.02533300
22.01129200
12.04841700
21.61500000
11.58254100
21.84704200
11.63895800
21.82475000
10.82004200
21.73037500
11.66937500
22.47529200
11.40529100
22.34045900
11.26537500
23.58808300
9.35929200
22.28141600
11.11575000
22.64900000
10.98233400
23.64987500
9.12491600
23.18733400
10.42470800
23.84829200
9.32795800
22.72158300
11.04745900
23.00941600
10.19975000
23.13066700
9.91920800
24.42754200
8.96250000
23.73275000
9.24058300
27.12320900
26.44712500
3.23312500
24.10725000
3.35891600
24.44625000
8.30595900
23.02112500
10.74183300
24.33733300
8.66600000
25.49808400
7.87341600
24.93754200
8.29375000
25.66379200
8.12300000
24.74583300
8.51537500
24.97375000
8.57279200
25.67145800
7.53070800
24.43304200
9.08937500
24.36779200
9.21491600
23.89316700
9.21179200
23.07233300
10.42975000
23.94854200
9.27550000
24.76112500
8.37237500
24.43220800
9.12650000
23.53437500
9.87195800
24.76058400
9.17058300
25.28887500
7.40995800
22.65183400
11.24729100
22.65116700
10.90933300
22.28358400
10.64541600
22.44787500
11.05162500
21.56541700
11.85691700
22.27141600
11.04004200
22.34083300
10.55012500
22.83512500
10.76816700
22.47845800
11.14941700
21.87333300
11.56895900
22.96150000
10.06516600
22.07825000
11.61575000
23.61583400
9.39770800
21.32345800
12.20591700
24.15737500
9.12479200
24.00275000
9.40300000
23.87558300
9.45462500
22.26212500
10.98958300
20.68870900
13.38845800
21.51670800
12.00920900
21.08866600
11.64891700
21.10475000
12.56670800
21.21741700
12.11912500
21.08383300
11.77695900
21.29441600
12.45379200
21.01737500
12.50700000
20.89295800
12.46075000
21.70675000
11.34900000
21.80083400
12.27950000
21.78950000
10.55504100
20.92662500
13.06154200
21.34795800
12.00195900
21.31275000
12.30945800
21.40950000
11.56454200
21.18412500
11.93295800
19.94441700
13.27950000
20.05033300
13.32025000
20.47745800
13.46762500
20.08516700
12.61333300
20.77283400
12.87454100
21.51679200
11.56362500
22.13695800
10.94929200
23.49579200
10.51879100
23.07808400
10.15416600
22.31062500
10.71033400
22.63341600
10.77170900
21.64787500
12.37287500
22.23208300
10.91116700
22.09554100
10.66450000
22.09195900
11.68404100
22.96812500
10.78087500
23.08854200
9.82550000
23.33891700
9.95587500
20.55466600
13.06666700
20.36145800
12.34104200
19.90379200
14.30175000
19.07900000
14.30387500
18.31483300
14.96966700
18.76295800
14.95441700
17.70820800
16.06008300
17.69429200
15.27287500
17.98320800
15.39816700
18.60320800
14.53416700
20.55912500
12.50225000
21.40862500
11.60612500
21.62375000
11.49079200
21.95645800
11.82941700
22.39020800
11.14420800
22.70925000
10.72666700
23.90925000
9.15512500
23.33700000
10.37391700
23.67362500
9.57150000
23.60583300
9.44691700
23.44116600
10.18904200
23.09804200
10.37308300
22.97241700
9.93958300
23.10795800
10.68437500
23.80987500
9.34687500
23.64758400
9.76500000
25.05679100
8.05745900
25.85270800
7.62275000
23.50945800
10.13708400
23.01687500
10.26670800
23.50929200
9.65887500
23.44812500
9.90333300
24.65650000
8.54741700
24.20375000
9.36404100
24.73391700
8.60270800
25.54379200
7.63537500
23.77954200
9.95079100
24.42516700
8.69175000
23.60483300
9.96412500
23.29208400
10.18262500
24.48558300
8.73583300
23.28933400
9.93550000
22.94816600
10.47204200
23.38591700
10.24825000
23.08691600
10.24012500
23.40633400
9.95541600
23.59629200
9.68779200
24.10654100
9.04966700
22.67804200
11.19116600
23.75145900
9.15329100
22.32650000
11.04529200
23.14783300
10.46870900
21.51925000
12.10000000
21.82433300
11.05108300
21.88395900
11.94462500
22.35995800
11.00941700
22.11220800
10.68370800
23.28100000
10.41533400
22.98691600
10.07250000
23.57879200
10.14112500
22.97375000
10.42850000
22.92275000
10.45550000
23.34508300
9.89316700
22.44895800
11.00987500
24.02145900
9.07045800
24.61183300
8.69675000
22.60975000
11.28354200
23.47070800
9.72912500
22.60308400
11.04062500
23.90233300
8.93425000
22.04370800
11.84754200
23.39770800
9.74083400
24.29487500
8.57387500
25.03787500
8.25466600
24.24904200
9.35683300
24.78516700
8.67762500
24.07716700
9.04679100
24.89125000
8.51470900
24.32216600
9.18087500
22.95241700
10.70879200
24.74754100
8.21350000
24.19916700
9.33125000
23.79829200
9.38637500
23.04612500
10.33583300
24.00220800
9.53312500
24.52362500
8.74766700
25.80554200
7.31620800
25.29745800
8.14941700
26.25483300
7.10029200
24.97679200
8.68791600
25.37650000
7.92216700
25.94108300
7.30058400
25.25158300
8.28433300
24.12816700
8.95070800
24.47287500
9.55291700
23.83741700
9.68520800
23.79675000
9.34633300
23.55662500
9.89741700
23.62745800
9.47491700
24.59850000
8.89587500
24.01429200
9.39933300
24.32558300
9.04629200
24.17445800
9.35479200
24.27300000
8.88587500
23.68529200
10.23550000
25.22758300
7.51779200
25.94858300
7.44045800
22.62225000
11.14016700
24.16158300
8.61925000
22.96608400
11.09287500
22.89754100
10.15708400
22.89250000
10.45091600
23.28908400
10.03404100
23.51325000
9.50520900
22.85604100
10.99204200
23.63900000
9.64958300
22.88325000
10.30820900
23.24608300
10.33345800
22.98620900
10.31479100
22.53683400
10.69295800
23.45029200
9.62016600
23.24408400
10.67650000
22.70958300
10.57704200
23.16962500
10.05075000
22.93529100
10.56808400
22.82812500
10.84833300
23.41991700
9.48008300
23.65733300
9.69250000
22.62695900
11.10954100
22.62583400
10.62041600
23.96675000
9.02225000
24.02545900
10.27704100
24.66800000
7.66379200
25.18304200
8.84533300
23.80562500
9.35808300
22.83808400
10.12679100
23.15820900
10.49716600
22.97212500
10.20029200
22.66158300
11.23020900
23.77845800
8.89737500
23.03900000
10.91975000
22.56429200
10.94858300
22.73900000
10.05125000
23.74362500
9.83600000
22.98175000
10.04579200
26.52804100
6.53541700
24.82745800
8.87445900
23.89266600
9.58050000
24.06245900
9.10908300
25.05387500
8.44516700
24.71495800
8.43195800
25.46795900
8.01725000
25.52416600
7.84350000
26.49687500
6.72508400
25.55695800
8.03604200
25.66808300
7.27154200
25.14054100
8.35470900
24.74350000
8.76975000
25.80879100
7.28883400
25.17329100
8.51850000
27.97062500
5.14091700
25.92495800
7.83475000
26.64712500
6.49529200
25.90891700
7.20245800
25.30516700
8.64737500
25.00033300
7.98458300
25.34645900
7.88070800
25.88791700
7.92837500
22.96175000
10.72650000
21.86137500
11.20158300
22.56195800
11.41412500
22.21329200
11.01858300
22.38445900
10.90091600
22.84558400
10.12791600
22.96795900
10.00450000
22.67391600
11.48691700
21.62354200
11.25866600
22.07395900
11.68779100
21.97550000
11.93620900
22.25108300
10.44629200
23.48525000
9.85262500
23.48216600
9.90900000
21.77958400
11.77233300
22.31250000
10.84833300
21.71491700
11.80020800
21.70516700
11.61708300
22.33766700
11.32470800
22.36033400
10.69820800
22.22141700
11.32966600
22.71716700
9.82200000
24.44466700
9.20729100
24.14933400
9.26954100
25.04600000
7.99583400
24.36783300
9.36529200
25.03000000
8.41650000
24.71200000
8.17029100
25.07020900
8.40337500
24.73141600
8.52212500
24.40008400
9.16137500
25.22316600
8.01383400
24.94362500
8.48554100
24.41154200
8.98420800
25.14233400
8.13100000
25.17829100
8.86366700
24.74995800
8.53841700
24.08545800
9.42170900
24.45787500
8.18775000
24.14762500
9.52162500
24.68320800
8.57675000
25.26845800
8.04300000
26.62775000
6.54141700
23.69291700
9.85579100
23.89775000
9.44866700
24.15812500
9.12970800
23.79795900
9.29000000
24.15458300
9.52420800
23.90833400
9.63175000
24.56804100
8.44308400
24.07458300
9.18987500
23.70391700
9.55333300
23.90420800
9.92654200
23.75700000
9.64750000
24.31854200
10.60400000
28.12879100
3.58158400
27.73404100
5.95500000
26.10095900
7.05704100
25.87412500
7.59179200
25.85395800
7.74641700
26.08891700
6.76358300
26.42320800
7.09279200
27.61916700
6.62754100
19.81458400
13.69658300
19.01937500
14.48533300
19.31641700
14.39795800
18.82766700
13.80116700
18.71479100
15.25587500
19.05216700
14.21204200
19.20366600
13.82370900
18.45325000
15.22837500
18.96066600
14.42520900
18.77295800
14.09625000
19.53954200
14.29316600
19.65841700
13.88541700
19.19220800
14.14541700
18.77200000
14.26945800
19.06508300
14.12320900
19.45070800
13.96604200
19.64783300
14.00070800
19.93675000
13.52975000
19.55954200
13.92883300
19.60812500
13.83104200
18.97141700
14.29216600
19.64587500
13.25579200
19.26645800
13.90916700
20.14579200
13.96687500
19.62791600
13.00466700
19.44654200
14.57825000
19.09025000
14.04983300
21.18404200
12.00962500
22.84070800
10.16583300
23.56270900
9.17791600
24.72604200
8.73125000
24.17341700
9.18745800
24.34425000
8.95112500
24.84312500
8.40333300
24.65662500
8.76062500
25.84391700
7.47858300
25.50762500
7.86933400
24.75437500
8.79250000
25.86858300
7.37683300
26.82566700
6.64083300
24.19991700
9.27412500
25.52358300
9.59629200
29.52941700
4.50954100
30.59870900
5.02029100
33.58450000
4.40683400
31.49254100
3.99783400
26.11991600
3.49033400
24.54641600
3.30358400
24.63279100
6.48920900
24.97354100
8.35383400
24.66000000
8.92537500
25.58362500
7.79137500
24.35020800
9.12558300
22.89558400
10.29512500
22.13570800
11.78658300
22.96379200
9.93400000
21.29045800
12.17287500
21.29870900
12.44216600
22.11787500
11.02695900
23.01833300
9.98516700
21.26879100
13.03637500
21.33320900
11.08220800
21.83216700
12.44950000
21.50450000
11.77375000
22.54404100
10.37875000
21.91683400
11.09870800
22.71254200
10.80037500
23.32554100
10.02075000
23.12891700
10.40087500
19.93004200
13.77600000
20.13591600
13.00941700
20.04579200
13.80050000
20.11116600
12.76975000
19.82691700
13.35525000
20.26054200
13.78766600
24.56737500
11.71108400
30.14479100
5.21687500
31.96291700
4.76670800
38.59816700
5.17841700
29.36233300
6.07233300
30.16062500
7.84937500
29.04975000
5.13970900
32.95333300
6.04170800
32.52025000
7.14500000
31.84845900
6.86895800
27.60979200
4.80633300
29.49275000
6.80095800
31.85225000
5.93279200
32.55204200
4.89666600
31.39083400
9.65212500
61.35595800
4.54504200
26.00233300
4.29816700
25.89308300
4.60979200
26.24858300
4.27000000
26.55908300
4.43875000
27.51845900
4.65333300
27.01245800
4.78512500
28.04833400
4.05108300
34.30925000
5.49300000
25.89966700
4.12604100
26.92583400
4.87520800
26.80287500
5.55079200
25.25612500
4.78175000
26.44037500
5.44975000
28.22070800
6.06200000
29.17808300
4.21095900
27.07450000
4.42191600
24.31129200
4.29979200
21.79204100
3.49083400
19.92258300
3.28304200
20.66933300
3.59100000
20.50329200
3.65141600
21.64450000
3.58600000
20.78941700
3.18725000
20.52237500
6.53433300
20.01233400
13.87791600
20.41458400
12.23933300
20.25841700
12.90275000
20.23133300
14.01612500
20.27508300
12.73395900
20.41766600
12.97079200
19.58833300
13.68945900
19.92066600
13.32312500
20.68616700
12.44604200
21.21433300
12.32845800
22.14420900
10.91525000
21.07341600
12.55825000
21.59962500
12.61525000
21.28950000
11.66854200
21.23679200
12.42462500
21.95487500
11.35787500
23.14050000
9.74875000
21.03441600
12.82508400
21.65358300
11.89741700
22.55008300
10.54879200
21.25291600
11.95133400
20.23766600
13.34975000
21.48662500
11.80637500
21.07233400
12.50020800
21.47704200
11.73233300
21.62791700
11.78691600
22.17483400
10.91687500
22.59912500
10.52033300
22.23787500
11.41120800
22.01841700
11.50887500
22.03579200
11.34241600
22.40033400
9.19087500
26.85091600
7.93075000
24.75104200
8.42341700
24.35695800
8.98462500
23.43237500
9.73225000
24.01700000
9.13554200
23.63300000
10.25908300
24.05800000
8.66162500
25.10525000
9.26295800
26.42800000
6.40075000
24.26412500
9.22333400
25.56704100
7.38433400
24.94558300
8.49337500
25.21683300
7.89370900
24.39495800
8.94637500
25.17812500
8.59641700
24.29091600
8.73341700
24.85016700
8.40804100
25.58733400
7.91033300
24.81704200
8.56650000
25.60454100
7.85470900
24.17816600
9.01729200
26.86025000
6.48720800
26.26575000
7.14458400
24.67491600
8.63670900
27.21041600
6.11708400
26.40608300
6.93775000
25.13620800
8.22700000
25.35675000
7.86362500
24.27133400
9.05250000
26.46762500
6.96629100
25.14458400
8.10108300
28.18041700
5.32558300
26.93466700
6.43554100
24.97683400
8.23504100
26.32608400
6.84458300
25.49450000
8.02804200
25.22216600
8.00045900
24.60475000
8.93987500
25.15916600
8.02991700
25.81841700
7.63975000
26.82825000
6.40458300
25.24179200
7.98279100
25.78050000
7.78658400
27.15366600
6.08875000
25.90804200
7.34104200
27.27104100
6.14908400
26.61129100
6.66145900
25.59362500
7.43204100
27.11991700
25.74425000
2.09941700
26.80466600
2.36183400
25.78941600
7.39370900
27.66679100
5.18770900
26.67337500
6.96458300
25.48808300
7.83375000
25.21766700
7.90541700
25.74004100
7.96195900
25.64912500
7.62291600
25.29250000
7.85045900
25.91745800
7.59200000
25.78970800
7.60095900
26.72395800
6.52691700
26.94729100
6.45054200
26.01320800
7.55770900
25.97108300
7.11962500
26.39450000
6.97920800
27.06625000
6.27066700
27.34541700
6.04091600
25.83970900
7.53604100
25.70075000
8.18354200
27.88937500
6.47950000
34.51304200
2.22954100
32.31279200
2.04316700
32.13908300
2.22787500
29.73304200
2.05362500
30.05579100
2.15558400
28.63016600
1.74362500
25.22629200
6.94745800
26.72391700
6.66900000
25.59575000
7.74954200
23.84066600
9.52254200
24.08033300
9.30462500
24.67804200
8.66570800
24.24087500
9.13425000
24.98125000
8.38670900
24.35508300
9.00620800
24.17758400
9.22291600
25.48395900
7.84841600
26.83162500
6.53741700
26.37708300
6.98129200
24.03270800
9.34950000
24.45516700
8.90300000
25.29762500
8.10358300
25.27416700
8.08700000
26.01812500
7.32887500
26.77191700
6.59516600
26.92912500
6.47604200
28.80400000
4.55595800
28.77783400
5.26966600
33.08387500
2.56450000
29.26787500
2.37008400
30.58362500
2.34395800
30.58175000
2.55587500
31.27537500
2.42429200
31.83312500
2.29745800
31.75629200
2.58187500
30.17408300
2.40450000
28.31608300
3.18354200
26.89250000
6.49150000
27.88441700
5.47416600
26.20079200
7.14904200
26.06166600
7.34529200
26.83804200
6.51491600
28.64200000
4.70291700
28.39787500
4.97166700
27.52491600
5.85320900
27.52279100
5.84720900
26.43166600
6.93083400
27.02054100
6.35458400
26.81662500
6.52183300
28.04537500
5.32412500
28.87620800
4.50408400
27.04833300
6.32141700
28.83804100
4.51658400
27.61616600
5.76283400
28.45550000
4.90466600
26.88858400
6.46091600
25.09712500
8.27800000
25.97229200
7.40375000
26.03116700
7.34295800
25.05000000
8.32420800
27.35920900
6.00691600
27.48725000
5.88291700
28.29908300
5.03304200
26.66479200
6.71566600
26.65741700
8.23429200
24.78741600
8.26870900
26.14287500
7.51079100
25.36041700
7.92995800
24.67041700
8.53529200
24.49245800
9.21004200
25.52183300
8.17375000
27.62137500
5.42420800
23.65133400
9.70354100
24.97591700
8.17604200
24.45083300
9.05091700
24.28433300
8.88616700
24.23933300
9.41766700
23.42241600
10.01579200
25.11079200
8.21795800
25.66508300
7.38579200
24.27433300
9.44887500
23.58391700
9.89837500
24.26208300
9.01258400
23.78100000
9.45283300
24.20637500
9.03966700
24.74662500
8.57375000
24.46070800
8.91533300
23.60616700
10.02187500
24.13391700
9.04383300
23.84504200
9.58362500
24.41920800
9.09687500
24.57908300
8.54075000
27.08629200
6.41904200
26.61504100
6.41354200
24.79337500
8.90983300
25.56166700
7.57579200
25.59987500
7.95312500
25.18337500
8.04150000
26.34933300
7.11483300
25.44700000
7.90495900
26.17758300
7.08070800
25.18395900
8.21550000
24.26658300
9.23212500
23.76383300
9.72262500
24.57233400
8.43750000
24.09175000
9.51345800
23.31237500
10.15437500
25.32975000
7.65904200
25.63133300
7.98783300
23.43216700
9.82516700
23.81250000
9.81595800
24.23875000
8.81116700
23.64387500
10.06920800
23.99191700
9.27312500
24.29095800
8.92387500
25.55920800
7.64870900
25.80337500
7.90425000
25.44145800
7.57600000
23.07345800
10.50316700
23.01116700
10.02245800
22.61575000
11.13066700
22.83670800
10.71550000
22.89020800
10.13800000
22.17712500
10.88087500
22.80520900
10.99791600
22.36583400
11.02866600
22.31595900
11.09983300
22.17416700
11.27766600
23.33025000
9.75858400
22.47175000
10.58679100
22.72470900
11.19712500
23.26554100
9.71333400
22.77216600
10.88558400
24.20579100
9.01312500
24.30162500
9.10908400
23.40458300
10.23241700
25.87025000
7.00762500
25.99250000
7.50066600
24.68616700
8.63641700
25.12720800
8.33216700
24.02862500
9.24050000
23.06995800
10.74054200
23.18916600
10.07145900
23.72700000
9.35958300
24.00379200
9.61537500
28.65270800
5.12379200
25.07075000
7.50287500
25.10954100
8.27816700
23.50591700
9.93858300
23.86829200
9.63950000
23.21775000
9.94891600
25.16012500
8.27808400
25.51016600
8.02050000
26.34437500
6.84916700
26.77187500
6.86204200
27.06841600
6.12287500
24.55679200
8.67004200
24.08241600
9.40433400
22.65604100
11.22416700
24.44700000
8.34783300
24.18945900
9.19245800
23.37470800
10.32850000
26.49708400
6.34600000
23.82595800
9.66670800
24.04570900
9.51925000
22.81641600
10.68087500
23.86383400
9.31616600
24.19300000
9.30891700
22.78841700
10.20887500
22.97845800
10.48925000
22.78275000
11.19970800
22.34895900
10.35841600
24.92175000
8.48208400
23.92337500
9.49204100
23.90620900
9.54325000
24.39720800
8.88091700
24.65820800
8.77670800
23.80779200
9.60775000
25.47083300
7.77054200
26.31525000
7.23295800
23.57795900
9.81579100
23.13470900
10.27466600
23.83020900
9.37212500
25.34600000
8.14350000
25.81233300
7.36137500
26.64741700
6.63229100
22.93358400
11.01125000
23.24416600
9.88220900
25.02587500
7.91066600
23.77175000
10.28558400
24.30970800
8.39283300
23.62804200
10.18629200
22.63691600
10.89170900
22.57220800
10.61770800
23.88587500
9.29666700
25.77608300
7.42350000
24.81225000
8.42412500
23.41487500
10.50537500
23.52145900
9.58204100
22.51866700
10.67316700
23.60758300
9.97629200
25.28491600
7.94033400
25.12858300
6.91004200
17.19254100
16.50025000
16.94133400
16.32120800
16.99808300
16.13966700
16.71841700
17.02491600
16.50591700
16.96366700
16.17137500
18.33316600
15.45037500
16.79737500
18.59479200
16.61850000
17.37866700
15.78529100
16.94929200
17.36166700
16.03895800
17.24045800
18.06945900
15.98579100
16.87770900
17.83770800
15.30712500
16.22612500
17.46520800
16.02087500
17.70237500
16.47504200
17.59583300
14.02620900
18.17208300
15.31191700
17.12658300
17.38895800
15.58383400
16.82566600
17.19675000
16.06791700
16.62283300
17.00770900
16.39916600
16.39225000
17.03704200
16.95758300
17.38750000
15.80250000
17.62729200
16.59616700
16.10116600
16.19470900
16.97125000
16.30191600
17.22070900
17.07458300
19.61408300
12.54595900
17.40470800
16.15866700
17.26400000
16.61091600
16.51962500
16.51145900
17.90579100
14.70204200
18.35316700
17.94733300
15.59537500
17.21600000
16.04454200
16.27450000
17.13654100
16.89591700
16.07970800
16.53908400
16.55254100
16.44445900
16.85045800
17.94445800
15.06825000
17.69337500
16.29750000
15.53854200
17.05416700
19.53616600
14.08016700
16.91304200
16.19466600
19.02525000
16.16691700
15.08550000
17.09229200
15.82841600
18.19741700
17.14987500
15.51725000
16.50945800
17.30454200
16.71979200
16.16608300
17.04283300
15.91483400
16.53804100
17.78200000
15.91770900
16.04908300
17.21983300
17.88945900
15.32329100
16.86154200
17.45404200
15.85154100
16.29279200
17.21562500
17.01858300
16.92616700
15.75037500
16.03854200
16.65508300
17.96458300
15.63691700
17.49862500
17.53625000
16.94854200
15.49804100
16.44137500
16.38358400
17.13579100
16.93229200
16.08858300
17.31966700
16.42287500
16.41166700
16.57637500
20.20512500
13.44620800
16.67712500
17.79525000
15.77741700
17.47558300
16.42195800
15.30933400
16.95550000
17.46783300
16.17183300
16.23741700
17.93208300
15.46454200
18.18045800
16.29379200
16.05933300
16.93879200
17.21295800
15.80225000
17.22691700
17.16162500
15.95050000
16.87975000
16.19808300
16.38245900
17.49879100
16.27870900
16.81970800
17.08008300
16.12829200
16.41937500
17.28141700
17.00483300
15.85150000
17.20008300
16.66329200
16.44975000
17.46570800
15.86845900
16.17520800
17.66350000
15.62891700
17.02608300
17.16629200
16.85895800
16.12866700
17.33766600
15.96633400
16.57370800
17.05266700
16.95395800
16.18716700
18.19512500
15.56975000
16.62075000
16.92233300
16.38533300
16.75070900
16.88025000
16.34091600
16.62929200
17.85220800
15.40062500
16.97420900
17.35608300
15.81941700
16.69220800
16.38470800
17.41262500
16.52716700
16.78170800
16.37270900
16.71708300
16.84341700
17.09004100
16.16541700
16.49125000
16.27316700
17.63129100
16.30183400
16.52554100
16.85200000
16.67504200
16.12870800
17.59025000
16.55225000
16.52275000
17.12025000
15.76604200
16.89991700
17.84562500
15.61608300
17.46629200
16.05008300
16.72704200
16.16658300
17.35295800
16.44600000
16.39154200
17.04316700
16.86895800
16.62504200
16.73308300
16.32508300
17.41045900
18.04708300
14.94733300
16.34220900
17.89137500
15.68566600
16.45791700
17.57950000
16.52450000
15.73687500
17.80908300
15.70820900
16.78345800
17.45433300
15.51516700
17.13708300
17.16545900
16.51637500
16.33520800
16.83891700
16.11316600
17.74666700
16.67837500
16.15704200
16.49845800
17.11508300
16.09870900
16.82091600
17.35112500
16.36425000
18.33733400
15.41316600
17.02645900
16.40216600
16.78612500
16.20295900
16.62241600
16.61237500
16.83437500
17.21229200
16.23950000
16.60045800
17.17758400
16.82745800
15.90208300
17.66250000
16.96008400
15.45416600
17.60862500
16.01816700
15.80041700
17.57870800
16.66187500
16.53233300
17.12533400
16.44812500
16.56504100
16.67983400
16.71954100
16.71925000
16.98037500
15.86787500
16.09595900
18.12583300
16.12025000
16.81112500
16.63516700
16.37891600
19.04462500
14.81191700
16.23108300
16.22795900
17.56508300
16.14716700
16.23570800
17.04000000
17.10887500
18.73475000
15.63804200
15.23358300
17.23437500
16.42641700
16.98970800
16.55962500
16.05629200
16.67312500
17.40958300
17.45687500
15.42620800
18.79754200
15.98737500
16.08683300
16.06925000
17.18320900
16.43683300
16.33516700
17.00708300
16.82050000
17.02804200
16.41066600
16.53354200
16.68541700
17.15329100
16.30062500
17.14087500
15.72337500
16.96070900
17.20145800
16.66529200
15.99104100
16.77937500
16.58237500
17.26787500
16.88112500
15.68329200
16.95291700
18.43129100
15.09950000
16.55654200
17.23320800
15.53145900
17.39300000
16.59500000
16.65483300
16.79366700
16.44195800
16.93641700
16.90675000
15.94779100
16.94304200
16.59220800
16.92475000
16.47975000
16.99437500
16.33866700
16.52216700
17.76833300
15.79233300
16.46520900
18.03275000
15.50837500
16.90570800
17.14050000
15.45016700
16.83145800
18.09804200
15.72033300
16.43854200
17.48458300
16.42645800
18.47212500
15.48329200
15.66304200
16.76454100
17.19958400
16.05458300
17.16716700
16.85108300
15.72283300
17.07070900
17.30179100
16.16804200
16.66125000
17.51941700
15.77183300
17.36233300
16.44208400
16.28420800
17.61833300
15.82429200
16.07162500
16.58208300
17.57562500
16.21954200
16.91283300
17.00725000
16.79783400
16.13516600
17.52908400
15.67883300
17.49191700
16.04633300
16.84020800
16.00391700
17.20804200
17.87541600
15.63604200
16.24958300
16.26604200
19.97558300
14.11062500
16.72291700
17.08437500
16.05737500
16.69858300
17.20787500
16.51570900
16.35025000
17.31566600
16.46675000
16.28212500
17.22091700
16.28737500
16.49420800
17.33479200
16.39429200
16.48350000
16.79970800
16.66233300
16.10479200
15.28341700
19.90112500
3032.42437500
20.50325000
19.22070800
24.09491700
20.98312500
19.99550000
21.62041600
20.89579200
22.91525000
22.10279200
21.17312500
23.46787500
21.33066600
21.40050000
19.89662500
19.91137500
18.04450000
18.35408400
17.70712500
17.30216600
19.02195900
21.02975000
17.95708300
19.05591700
19.84454100
22.40895900
19.24270800
20.39487500
19.27950000
18.95475000
19.09370800
19.58633400
19.55250000
18.33854100
18.68579200
17.72733300
17.88800000
18.04533400
20.16008300
20.83500000
18.50908300
18.35145900
17.80087500
19.01337500
18.99133300
17.42916700
17.65362500
19.25125000
19.31241600
19.51395900
19.27616600
17.97800000
17.38000000
18.49433400
18.27570800
17.40508300
16.97766700
17.25641700
17.21850000
17.48304100
17.74912500
18.25883400
17.45583300
20.43908300
17.17312500
17.71979200
16.97033300
18.20995900
17.92908300
17.62183300
17.26183400
16.86662500
17.65395800
17.54745800
17.73550000
18.47779200
18.54858300
19.01604200
17.72650000
19.18579200
19.02550000
18.11329100
18.32529200
18.08266700
17.60308300
18.27108300
18.57166700
18.13137500
18.18983300
17.89679200
18.08641700
16.73175000
17.55141600
19.10170900
18.35650000
17.56845800
16.37004200
16.45575000
18.41445800
18.39637500
17.92004200
18.58450000
18.49420800
19.10758300
21.60775000
20.15620900
19.20441600
20.12683400
20.82854100
24.50579200
18.51870800
18.58387500
16.57825000
17.63704200
17.51158300
17.47754200
18.45162500
15.98750000
17.89945800
18.89600000
17.91283400
17.97983300
17.34866700
15.90291600
18.71675000
16.10379200
17.15141700
17.47983300
15.87270800
14.94737500
16.78000000
16.22366700
15.79058300
15.70170900
17.83729100
21.53370900
20.76129100
20.67108400
19.19916600
20.50908400
18.55604100
20.19658400
18.12620800
18.57245800
18.15962500
18.27795900
18.84825000
18.06145800
20.62741700
18.62595800
18.65512500
17.73950000
18.02637500
16.62737500
18.29179200
17.94000000
18.81587500
18.55191600
20.00783400
18.35045800
17.98325000
18.35008300
17.69358400
17.91129100
18.61358400
18.53300000
18.15145800
17.03787500
16.52091700
16.80741600
17.80145900
18.12037500
17.59962500
18.84220800
16.91612500
17.65341700
18.55108300
17.34970800
18.57745900
17.07962500
16.94762500
17.36729100
17.05854200
16.68675000
16.75720800
17.90750000
18.37137500
17.55733400
18.75366600
19.45012500
20.00354200
18.05895800
19.58204200
20.13866700
19.88075000
18.32816600
20.55329200
18.90670800
18.64387500
19.57541700
18.21158300
19.26387500
18.80141700
18.18104200
17.25604100
18.23308400
18.75866600
19.57925000
17.77641700
17.64070800
19.46504200
19.42608300
18.19870900
18.55266600
18.08408400
18.07729100
17.73633400
17.54891600
17.59437500
18.83058400
18.42412500
19.64037500
19.30500000
18.39516600
21.32312500
21.18833400
19.94650000
20.23925000
19.38745800
20.16708300
19.94833400
19.60154100
18.72033400
17.20612500
18.85370800
18.62187500
18.09454200
20.89404100
17.47475000
17.68850000
18.00204200
18.30662500
18.31591700
17.89937500
18.02520800
18.65658300
18.79704200
18.78570800
21.57141700
19.00379200
17.04016600
19.06383400
17.81162500
17.96758300
17.49712500
18.31083300
20.15295900
20.86479100
19.14795900
18.52795800
19.62629200
19.02754100
19.17112500
18.72041700
20.10366700
19.90162500
18.19470800
17.75604200
17.98616600
19.55195900
17.45262500
18.06820800
17.15550000
19.00916700
18.51475000
17.76054100
17.30891700
17.27112500
17.96375000
19.11087500
17.69700000
20.96808300
18.91025000
17.28141700
19.19975000
19.42825000
19.56745800
18.67316700
20.55250000
19.57704200
19.35775000
17.80858300
20.60466700
18.03941600
18.81562500
17.83287500
18.45154200
17.79562500
18.63654200
18.69400000
19.52700000
18.80175000
19.17670800
17.88279200
19.79795800
17.84366700
18.93108300
17.95837500
18.60466700
18.79866600
19.13683400
18.69537500
19.95458300
19.39975000
18.96970800
19.65662500
19.17495900
19.87833300
20.45716700
20.02920800
19.19258300
19.65587500
19.97566700
20.19620800
20.71279200
21.93291700
21.67745800
20.75491700
21.15762500
20.93075000
19.81491600
21.36404200
20.45754200
21.53125000
18.58145800
18.65295800
18.03379200
21.07941700
20.13362500
19.42037500
18.90862500
20.17312500
19.95291600
20.41862500
19.01337500
18.48179200
19.12050000
20.56129200
18.07383300
19.08604200
20.85516600
18.82312500
18.88595900
18.14512500
16.83787500
18.13500000
17.21308300
19.20283300
18.93445900
16.83670800
18.10562500
18.59066700
17.49266600
17.61645900
17.33370800
15.38233300
16.83250000
16.10091700
15.36266700
17.07583300
15.98575000
16.69912500
16.66500000
14.81533300
15.33108400
16.30275000
16.19854100
18.19208400
18.11904100
18.64125000
16.12354200
17.09329200
16.07104100
15.98229200
18.38779200
18.88525000
17.32183300
17.71300000
17.28037500
19.58162500
18.12575000
19.05308300
17.70391700
20.07341700
17.45379100
17.52437500
17.32850000
19.70008400
18.09429100
23.26525000
18.26166700
17.01491700
18.14820800
16.75908300
16.99225000
17.63004200
16.86420800
16.60620900
16.71116600
16.25016700
17.14750000
16.42270800
16.43029200
16.28358300
17.31237500
16.51912500
16.76325000
17.27012500
16.42633400
16.66283300
17.19833300
17.19100000
16.27741700
16.08508300
17.38895900
18.95854100
16.69295900
18.27120800
17.58620800
17.35808400
16.88870800
17.58125000
19.23016700
18.62508300
18.32595800
19.09808400
18.24962500
19.48329100
17.99116700
18.07404200
18.21283300
19.25483300
18.84462500
18.71300000
18.40487500
18.56620900
19.01441600
19.11337500
18.74116700
17.76329200
21.02883300
18.31295800
18.20737500
18.18650000
18.36141700
18.24916700
17.65291600
18.36795900
19.94195800
18.96804200
18.78629100
19.12583400
18.67491600
19.92062500
19.71920900
18.39700000
17.76312500
18.08575000
18.08341600
17.74662500
18.50650000
17.82083400
14.66579100
15.43166700
15.43558300
17.01908400
15.79187500
15.36720800
15.09154200
14.90225000
14.95229100
13.99200000
14.02450000
14.17754200
14.85712500
13.44141700
15.31566600
15.19662500
15.03337500
15.24150000
14.19645900
15.70008300
14.14808300
16.13037500
16.89283400
15.43133300
15.92620800
15.37704200
15.36158300
15.95779200
13.46158300
15.72120900
14.39533300
15.84008300
14.79862500
15.26162500
14.77662500
14.26929200
14.44425000
18.09350000
17.03595800
16.41112500
17.09350000
17.02416700
15.52554200
16.77229100
16.65450000
18.94233400
16.94512500
15.84416600
15.94816700
15.96079200
15.60037500
17.55854100
17.04641700
16.88270800
17.40075000
15.98020900
15.67933300
16.11700000
16.04045800
15.26562500
17.52779200
17.02262500
17.43554200
16.76483300
17.31191700
17.03045800
16.49775000
16.66220800
17.57504200
17.47829200
17.34983300
16.67883300
18.70137500
17.43529200
17.07270800
16.79304200
16.28358300
18.52445900
16.25570800
16.83750000
15.54816700
16.79079100
16.33533400
16.78400000
16.59141600
15.83262500
18.18916700
16.99387500
17.03591700
16.89329100
16.40354200
16.66391700
18.55900000
17.21008300
17.31600000
18.05854200
17.27270800
18.60812500
21.27425000
27.54408300
25.86954200
20.84100000
21.29775000
19.93295800
18.97820900
17.35095800
18.09479200
17.87279100
16.90166700
17.18895800
17.06337500
18.62579200
19.00120800
19.61529200
18.39450000
18.61800000
19.74287500
17.33383300
18.09066700
17.78737500
19.13270800
17.07941700
17.43466700
18.18458300
18.55016700
18.42720800
16.62462500
16.47804200
15.48470800
16.39858300
16.08183400
13.54425000
15.41841600
15.84450000
14.26916700
15.00216700
15.65229100
15.96820900
14.57854100
14.68658400
15.24558300
15.50275000
14.03083300
14.37058400
15.61500000
14.92854100
15.64175000
15.75625000
14.68108400
15.12395800
15.87912500
14.73783300
15.13079200
16.15829200
17.04991600
15.94966700
14.08395800
16.41458400
14.80300000
14.11358300
13.79700000
14.40754200
16.59075000
15.60991600
15.62891700
16.92975000
18.33900000
19.16850000
15.94862500
17.97820800
15.92833400
16.96125000
16.68254100
16.86525000
17.27675000
17.77966700
17.16470800
18.54295900
17.96100000
18.38716600
20.04116700
19.20891700
19.92895800
19.44541700
18.36550000
24.85933300
20.32704200
19.91008300
19.42116700
21.18687500
19.04358300
19.29741700
18.35075000
20.75208300
20.45870800
19.14462500
18.52883400
18.62612500
19.35187500
19.37475000
18.20945800
19.81220800
20.04179200
19.31912500
18.55254200
18.17529100
20.81245900
19.74891600
20.14683400
20.12658300
20.61162500
20.84200000
20.42612500
20.44354200
21.29062500
22.61779100
21.12770900
20.88833300
18.46162500
20.95137500
18.46204200
17.80008300
19.66162500
19.63083300
21.95708400
21.05925000
19.36308300
18.09533300
20.91333400
19.42029100
18.78562500
18.26379200
18.61250000
19.22725000
19.77450000
20.87795800
20.40591700
19.89887500
19.80245800
19.20054200
19.77745800
18.99633400
18.85266600
21.06254200
19.23287500
20.05091700
19.05195800
21.38091700
19.34837500
20.37233300
21.61262500
20.36966700
20.71275000
20.13208300
19.84108300
20.33775000
20.13200000
19.99241700
18.79479200
18.30529100
21.65383400
19.03129100
18.10354200
20.92545800
20.50920900
20.05600000
18.47341600
18.93483400
18.61941600
19.95925000
20.29925000
19.73579200
18.56279200
19.90900000
18.71670800
21.50195800
18.95195900
19.12637500
19.25970800
19.96404200
20.40570800
18.80662500
18.78520800
19.45345900
18.85695800
18.53445800
18.68791700
20.23683300
19.94154200
19.03329200
17.99337500
20.72220800
18.15504200
18.26966600
18.24633400
18.59300000
18.34262500
19.96350000
19.97991600
18.65720900
18.24254100
16.78233400
17.78650000
19.77654100
17.51270900
17.60512500
18.01925000
18.16125000
18.85504100
18.13866700
18.95383300
18.18466700
18.03700000
17.70095800
17.16662500
17.17179200
16.16675000
20.06187500
17.79208300
20.43333400
18.55325000
18.03362500
17.14641600
17.46500000
18.67608400
17.38020800
18.67637500
18.70600000
18.03408300
17.67191700
17.81066700
18.15212500
17.23758300
17.00629200
19.44787500
17.69579100
18.71304200
17.75395800
19.18345900
19.08708300
18.26408300
16.81262500
16.67279200
15.38104200
14.72929100
13.94766700
14.05866700
14.73550000
15.76250000
15.45016600
14.49391700
15.33766700
15.73375000
15.04875000
14.67120800
14.92095800
17.80054200
16.64020800
17.03420900
17.82150000
17.24508300
15.85033300
16.39883400
16.13925000
16.87454100
16.51500000
15.99075000
15.70316700
14.00050000
14.38870800
14.14287500
17.30112500
15.62791700
17.50983300
16.48520900
15.44862500
16.73275000
18.65175000
18.18879100
17.63779200
18.09720800
16.98641700
17.37966700
17.92379100
17.97266700
17.73295800
18.45995900
18.32762500
16.83725000
17.39329100
18.09033400
17.21595800
16.77120800
15.57033400
15.75666600
16.81570900
17.84912500
20.84350000
16.66712500
17.01829100
17.76866700
16.75579200
21.41120800
20.88054200
19.55441600
18.61470900
16.45729100
17.86641700
19.24554200
19.23620800
22.19525000
20.91658300
19.86879200
19.05995800
18.73529200
20.90508300
20.59804200
19.87258300
23.61445900
21.88591600
20.23820900
20.24616600
23.76025000
21.07420900
20.22091600
19.27612500
19.71579200
19.87716700
20.19120800
19.65300000
22.61237500
23.25275000
20.82658300
21.16737500
21.04733400
19.60287500
19.99054100
18.72479200
18.33300000
18.52387500
19.04600000
19.81129200
23.47650000
19.90804100
20.02825000
18.46129200
19.32237500
21.01441700
19.36395800
18.37425000
21.42325000
20.64945800
18.62166700
18.81095800
19.06345900
18.79954100
19.83079200
19.88400000
19.46654200
18.55579100
19.22195900
20.04079100
19.82300000
20.79650000
19.43612500
19.68737500
18.75683400
18.50412500
19.19658300
19.84000000
20.02091700
19.15962500
19.58791600
18.85316700
19.06525000
19.31375000
19.28958300
18.72687500
19.54395900
18.43229100
19.34537500
18.45708400
20.29966600
18.49204200
20.11395800
20.16937500
21.44220900
19.60525000
19.21445800
19.59495800
18.19675000
19.80329200
20.56516700
18.50166600
19.63445900
19.50829100
19.09350000
19.44737500
20.34100000
20.67712500
19.95662500
19.51008400
20.46100000
19.85758300
18.60633300
21.06600000
20.64191700
18.55275000
17.95962500
18.59341700
18.30362500
20.06770800
19.46575000
19.26375000
18.33350000
20.05270800
20.02387500
19.46133400
19.69320800
19.80029200
19.07025000
19.16725000
29.75112500
21.16404100
21.14516700
21.07633300
21.29766700
22.07020800
22.11950000
20.32562500
22.50754200
20.78712500
19.88312500
20.23625000
21.77066700
20.18054100
19.87629200
20.37250000
20.06895800
21.34475000
18.47191700
20.34591700
19.89000000
20.22066600
21.07108400
20.03133300
19.52950000
19.05650000
18.90591700
19.97191600
19.83658400
19.44495800
19.47616700
19.05379100
19.40229200
19.69679200
20.17941600
21.26858400
19.08104100
19.68120900
19.76754100
20.41454200
20.25741700
19.33170800
19.29208300
18.64683400
19.18904100
21.39854200
22.38254200
19.38787500
21.54654100
19.52541700
20.70204200
20.66829100
20.58000000
20.79254200
20.93337500
20.20791700
21.74962500
19.69641600
19.84666700
18.49620800
17.43070900
18.04866600
17.54337500
18.06937500
18.65841700
17.65245800
17.58875000
19.97204200
17.11100000
16.75879200
17.34691600
17.49308400
16.24179100
16.64954200
17.58058300
16.33975000
15.35050000
18.09037500
17.02091700
19.09266700
16.09804100
15.23170900
17.45987500
16.37429100
16.90966700
18.30095800
18.67445900
17.96266600
16.45691700
18.92862500
18.50441700
19.77945800
18.48879200
18.62616600
18.61491700
18.05662500
18.35604200
17.85766600
17.58241700
18.45120800
19.33920900
20.54212500
20.46275000
20.14654100
23.56762500
19.73308400
20.78625000
20.04575000
22.04045800
20.21908300
21.49395900
19.49604100
21.22658400
19.52870800
20.14933300
19.24712500
18.48487500
19.00741700
19.58816700
19.95370800
20.45425000
19.46995800
21.77554200
21.60883300
20.34575000
19.62891700
18.86395800
19.58741700
19.00887500
19.68066700
20.63075000
19.76604100
19.13125000
20.66670900
18.74462500
19.89837500
19.07537500
19.19150000
18.96625000
19.47620800
20.52554200
22.87975000
20.34816600
20.59970900
21.01683300
20.27720800
20.37841700
21.50008300
22.00366700
20.04779200
20.65841600
22.12733400
20.82758300
20.00008300
21.37637500
21.14750000
21.56008400
21.83137500
21.74712500
20.72741600
20.84637500
19.30650000
20.54012500
20.07612500
18.80820900
21.56450000
19.13420800
20.72120800
22.83500000
19.19745900
20.39908300
20.03520800
18.82337500
21.09133400
20.51662500
19.80429100
19.14150000
20.05400000
19.27883400
19.67704100
20.00200000
20.31783400
20.66941600
20.64650000
21.58533400
19.66645800
20.51700000
20.05600000
19.56500000
18.47916700
19.30258300
18.63300000
19.95137500
18.95608300
19.84250000
19.56316700
18.97420800
18.99533400
19.18908300
19.02500000
18.83287500
19.26812500
19.52670800
18.51983400
16.74058300
1.84629200
190.37029100
16.39729200
16.70041700
16.82233300
16.81670800
16.46766700
16.75154200
16.54691600
16.91737500
16.48133400
16.88137500
16.50100000
16.74720800
16.85075000
16.67000000
16.62266700
16.61183300
16.69783300
16.60091700
16.86150000
16.53341700
16.78458300
16.54595800
16.86145900
16.74070800
16.65400000
16.60354200
16.57162500
16.82425000
16.56554100
16.87825000
16.58045900
16.61829100
16.63670900
16.88370800
16.51316700
16.68750000
16.84366600
16.45687500
16.72170900
16.62987500
16.86712500
16.64233300
16.61550000
16.73583300
16.74804200
16.76087500
16.46383300
16.82433400
16.53112500
16.72312500
16.59854100
16.71075000
16.71770900
16.72325000
16.67762500
16.59995800
16.81708300
16.69920900
16.74962500
16.66025000
16.60658300
16.61120800
16.71183400
16.63116600
16.68970900
16.68016600
16.79245900
16.68358300
16.82816700
16.41891600
16.67529200
16.74166700
16.59958300
16.73745800
16.75325000
16.72291700
16.52629200
16.92041600
16.56150000
16.60508400
16.81841600
16.58633400
16.57733300
16.96395800
16.44208400
16.73445800
16.65425000
16.64325000
16.85750000
16.86562500
16.30387500
16.69229200
16.67266600
16.68070900
16.69970800
16.66325000
16.67966700
16.70741600
16.66237500
16.69166700
16.68375000
16.67966700
16.68212500
16.68295800
16.68170800
16.68741700
16.67979200
16.68200000
16.75900000
16.61070800
16.70737500
16.65279200
16.69695800
16.72295800
16.63062500
16.73420900
16.75770800
16.61983300
16.75754200
16.55291700
16.68425000
16.68479100
16.77591700
16.62437500
16.85133300
16.69925000
16.78733400
16.47087500
16.60104100
16.78579200
16.66800000
16.58004200
16.77550000
16.73120800
16.57529200
16.68925000
16.86237500
16.60558300
16.55779200
16.65662500
16.91108300
16.62091700
16.58029100
16.67216700
16.66912500
16.78037500
16.55300000
16.69954200
16.70975000
16.77416600
16.72704200
16.79425000
16.41154200
16.87954100
16.46541700
16.83362500
16.72320800
16.52520900
16.65266600
16.69266700
16.76945800
16.68112500
16.85212500
16.43116700
16.96362500
16.66891700
16.58600000
16.51254100
16.70454200
16.65545800
16.68487500
16.74629200
16.74087500
16.61541700
16.87666600
16.68616700
16.45087500
17.00387500
16.39687500
16.66741700
17.18375000
16.44270800
16.70175000
16.44204200
16.95270800
16.74266700
16.35883300
17.05920800
16.60150000
16.77412500
16.53583400
16.74912500
16.35095800
17.05150000
16.55666700
16.75866600
16.31825000
16.71508400
17.21929100
16.12133400
16.69641600
17.14066700
16.21795800
17.27175000
16.59308400
16.61925000
16.68845800
16.65879200
16.63920800
16.33050000
17.22491700
16.88225000
16.36583300
16.30245800
17.09833400
16.20079100
17.23304200
16.34854200
16.46712500
16.83779100
16.71395900
16.94875000
16.74166600
16.18766700
17.21766700
16.18995800
17.14341700
16.60029100
16.72008400
16.22970800
17.23100000
16.13104200
16.67262500
16.68116600
16.68758400
16.68504100
17.35783400
16.48287500
16.70900000
16.78937500
16.09808300
17.08087500
16.82016700
16.52879100
16.72395900
16.23712500
17.17083300
16.39816700
17.03516600
16.50825000
16.32837500
17.32704200
16.52391700
16.74883300
16.12395800
17.15637500
16.80191700
16.27083300
16.50370900
16.67770800
17.21541700
16.15020800
17.23350000
16.88183300
16.46591700
16.24075000
17.03525000
16.24066700
16.69479100
16.67175000
17.11262500
16.30879200
17.19758300
16.12075000
16.77254200
17.10500000
16.72612500
16.79025000
16.47700000
16.21941700
16.68166600
17.20783400
16.19562500
17.14366600
16.19120900
17.18100000
16.34387500
16.98120800
16.85291700
16.56320800
16.88437500
16.50008300
16.34316700
16.57658300
17.00320900
16.92091600
16.49308400
16.79533300
16.14229200
16.75133300
17.26979200
16.76062500
16.69137500
16.59750000
16.65391600
16.34900000
16.67258400
16.79387500
16.26870800
17.19895800
16.64204200
16.65304200
16.75450000
16.70908300
16.58212500
16.68712500
16.80837500
16.58341700
16.36687500
16.93137500
16.65629100
16.48425000
17.05404200
16.65341700
16.73520800
16.11908300
16.75825000
16.71216700
17.22379200
16.65691600
16.69791700
16.54808300
16.18291700
16.71358300
16.70062500
17.14983400
16.36425000
17.10008300
16.63983300
16.82266700
16.07258300
17.14925000
16.27895900
17.06537500
16.61866600
16.22875000
17.19237500
16.69425000
16.83904200
16.51895800
16.88395900
16.55879100
16.62462500
16.65404200
16.23987500
16.94445800
16.36408400
16.68241600
17.08383400
16.31079100
17.14779200
16.80920800
16.55554200
16.81416700
16.54141600
16.76545900
16.76862500
16.58408300
16.45950000
16.35295800
17.22416700
16.14350000
16.67758300
16.70691700
16.85537500
16.48762500
16.81408300
17.17316700
16.51950000
16.84079200
16.25637500
16.92191600
16.75987500
16.36166700
16.50687500
17.20629200
16.29841600
16.55066700
17.13716700
16.88187500
16.55066600
16.82545900
16.70066600
16.59500000
16.56016700
16.84475000
16.04975000
17.11000000
16.86812500
16.07600000
16.73233300
19.02325000
16.11570900
15.75020800
17.26908300
16.51475000
15.90191700
17.60604200
17.04216600
16.72066700
15.87183300
16.93412500
17.08037500
15.82916700
16.77500000
17.31870800
15.98708400
17.61495800
16.82245800
15.70512500
16.00004200
17.67241700
17.35666600
15.10429200
17.22145800
16.40287500
16.75500000
16.54416700
16.85750000
16.69375000
16.58008300
16.65870900
16.21291600
16.55020900
17.12845800
16.62762500
16.78325000
16.23220800
17.07362500
16.71720900
16.66579100
16.26212500
17.25075000
16.47875000
16.29270900
17.24687500
16.52275000
16.32375000
16.65095800
16.67758300
17.05704200
16.87083300
16.14716700
16.66195800
20.45295900
15.65945800
14.35337500
16.26425000
21.15312500
12.50741700
17.01441600
20.17316700
16.38983300
13.23170900
19.57333300
13.90608300
19.21729200
13.90754200
19.99550000
13.72529100
21.77454200
11.03895800
20.50920900
12.82537500
17.40220800
19.55866700
13.08462500
19.91558300
13.85237500
16.28412500
20.12291700
13.29475000
17.11545800
19.68312500
16.59641700
13.49929100
16.46129200
17.07445800
19.12000000
17.66420900
13.36983300
19.73704200
13.33083300
20.16979200
13.00383300
16.70679200
16.68783300
20.12308300
13.30825000
16.59762500
19.91437500
13.44908400
20.11454100
17.55800000
15.52800000
13.78779200
18.54354200
14.56337500
16.98995800
19.85208300
17.10979200
13.12716700
16.33454100
20.27666700
17.32300000
15.77725000
15.99787500
17.23050000
13.51837500
20.32400000
13.40829200
20.14945800
16.71133300
16.51166700
16.81750000
12.87333300
20.02525000
13.33370900
21.81512500
11.65170800
20.81608300
16.42879200
13.00262500
21.75475000
14.95208300
16.91491700
12.83108300
21.06654200
15.38216700
13.80029100
16.96037500
19.94987500
13.12637500
20.91054200
15.99712500
19.48029200
13.77650000
13.07066600
20.85683400
12.47275000
20.13262500
17.69595800
15.94091700
16.78395800
23.06720800
6.48612500
20.48245900
15.81420800
15.81837500
18.84583300
16.03083400
16.30166600
13.47329200
20.69720800
13.19208400
16.19891600
20.44808400
12.89233300
21.08262500
15.88350000
16.69920800
16.15066700
14.05320800
16.23595900
20.37750000
13.30312500
20.96679100
12.06537500
19.61020900
15.96058300
18.85458300
16.18395900
17.10704100
15.02795900
15.79420800
19.56241700
15.85087500
14.20950000
16.16945800
17.03770800
17.19204200
15.82208300
19.73437500
16.10837500
16.51195900
17.38129100
14.73316700
15.61658300
17.59237500
16.76404200
15.60108300
19.61520900
17.17216600
15.53837500
16.16533400
16.63108300
15.28337500
16.98950000
17.11683300
18.51720900
16.83450000
16.74929100
14.11662500
17.22833400
16.13150000
19.14875000
16.24733300
17.16575000
13.16704200
20.62008300
1039.49887500
30.29458300
27.70462500
27.26375000
26.96091700
26.72012500
25.90408300
24.33200000
28.03175000
23.51087500
25.99004200
25.17429200
23.81316600
24.45125000
24.67054200
24.15616700
25.32825000
23.98270800
22.23745800
22.05120900
27.81708300
26.14820800
26.82416700
29.48579200
25.93183300
24.46337500
25.30408300
23.84070900
24.55416600
25.69487500
23.50716700
23.17187500
24.13304200
23.90412500
22.69129100
21.69416700
24.47687500
21.97962500
21.55487500
21.09929200
22.07762500
21.33308300
20.88204200
21.24000000
19.94404100
28.13804200
23.91829200
22.78741600
22.39458400
23.21641600
23.00170900
24.92941600
25.52391700
25.49429200
25.66516600
26.16720900
25.51595800
24.56866700
24.69525000
24.56820800
23.42145800
25.94283400
25.13070800
26.01570800
23.44612500
23.10262500
23.52441700
25.12500000
25.38425000
24.04725000
24.28316700
23.78433300
24.75645800
23.33616700
22.89020800
23.10229200
24.98966700
25.32395800
24.80025000
24.11712500
23.67787500
23.85170800
23.89529200
23.78237500
23.88287500
22.00545800
22.33187500
23.80579200
22.56379200
26.71158300
27.40683300
25.29554200
23.43766700
24.16470800
22.19837500
22.84412500
21.88775000
20.43025000
19.78279200
21.89045800
21.28875000
22.32520800
22.37712500
21.16045900
21.03216600
24.02979200
21.29725000
21.17066700
22.55587500
23.85700000
24.31341600
23.59937500
23.88579200
24.19208300
23.47437500
25.94404200
24.73895800
25.37012500
25.39725000
28.74879200
28.20404200
25.81375000
33.47137500
35.62941600
49.49616700
121.53883300
26.38895900
26.01416600
26.19137500
26.62991700
26.56708300
28.62825000
28.16533400
27.43612500
26.53050000
25.90050000
25.38212500
25.10616600
25.37616700
25.15900000
25.28387500
26.01408300
27.51216700
25.91666700
24.45404100
25.10816700
24.86737500
24.62104200
26.42300000
25.90095800
26.44654200
27.94558300
24.21995800
24.27687500
26.62333400
25.63970800
24.58812500
25.24187500
23.44187500
22.69079200
21.85933300
24.05966700
25.85870800
27.45750000
28.01195800
26.31100000
28.74541700
27.26745800
22.34716700
24.08012500
22.47429200
23.66308300
23.41058300
24.45120900
26.84566600
24.83450000
26.42687500
24.17925000
25.13187500
24.16237500
25.21441700
25.53637500
28.37808300
23.77879200
25.23979200
24.00883300
24.04091700
25.04387500
24.75795800
24.70170800
26.02625000
27.87679200
25.56804200
25.61858300
24.28275000
24.53366700
23.06795800
28.95966700
25.58983300
24.72041700
27.89791600
25.75520900
27.08045800
27.34591700
26.33612500
24.75929100
25.15370900
25.92116600
25.83412500
24.53079200
24.50558300
24.40370900
23.25937500
24.14800000
24.14316600
24.77816700
23.70312500
22.72287500
24.24183300
24.70462500
25.59816700
23.72391700
25.49975000
24.63383300
23.31487500
25.18008300
24.27908400
23.48487500
25.02720800
25.59679200
25.64204100
25.32237500
25.17250000
25.16383400
24.75220800
24.91520800
24.64183400
24.94604100
24.22491700
25.05525000
23.85629200
26.00687500
24.63025000
24.29591600
24.48554200
25.16241700
25.73458300
26.57537500
24.91866700
25.11554100
23.44304200
23.72045800
23.86300000
24.10816700
23.57704200
21.85662500
21.37616600
22.84241700
21.86462500
23.05320800
22.53458400
23.67070800
22.24633300
21.66620900
21.20029100
24.63395900
23.92095800
23.33891700
25.30670800
24.41787500
24.91183300
26.41037500
25.92545900
24.75320800
24.59208300
24.88212500
24.42233400
24.13470800
24.98008300
26.00991700
27.80070800
26.07891700
27.58241700
28.12087500
26.07820800
25.18933300
25.87504200
28.79970800
27.10400000
27.32633400
25.60229100
28.66354200
27.98279200
27.47741600
27.27175000
25.97741700
26.60329200
26.42650000
25.73141600
26.56270900
25.77733300
25.39466700
26.41608300
25.89062500
25.60750000
26.42720800
26.81408400
28.64058300
26.64825000
26.25754200
26.04433300
27.45370800
26.47812500
25.48266700
29.78350000
25.81650000
27.15320800
27.36037500
24.33266700
26.92591700
28.94154100
26.31787500
26.56170900
26.54362500
26.27508300
25.60566700
26.43145800
25.96162500
26.10525000
27.20470800
26.13966700
27.84462500
27.33345800
25.41541700
25.49958300
26.28770900
26.93187500
25.43329100
24.93391700
28.75991700
26.11895800
26.64683300
25.22583400
28.04954100
26.68058400
26.74745800
24.93733300
24.79475000
24.17791700
25.14312500
26.64016700
25.89358300
26.34966700
25.86095800
25.57862500
27.79725000
26.46754200
25.33033300
25.72075000
25.81650000
24.62245800
25.81108400
25.16575000
25.85662500
24.68254100
26.39020900
26.82608300
25.41429200
27.91012500
26.37904100
26.36875000
26.42029200
27.00550000
25.32433300
25.99433400
25.90604100
25.38712500
27.19404200
25.69829200
28.67158300
25.08012500
24.80004200
25.28429100
25.99962500
26.70958400
24.20204100
26.83166700
25.73541700
26.13837500
28.90816600
27.98175000
28.67525000
27.91116700
26.94991700
25.84991600
25.13841700
26.03245800
24.12020900
25.82337500
25.75483300
24.31908300
23.66250000
25.16300000
24.49345900
24.98775000
24.38650000
26.34566600
23.59887500
24.19108400
26.51670800
25.50962500
26.16000000
25.49870800
24.26229200
25.04579200
25.67008300
25.24262500
25.18179200
22.36258300
22.04350000
21.34150000
22.37541700
21.04333300
21.38608300
21.76733400
20.13787500
20.68016600
20.85004200
22.36050000
20.73058300
20.07095900
20.63575000
22.04675000
22.30266600
22.44983400
22.53966600
22.87095900
24.13850000
22.51083300
24.05691700
22.14033300
21.29604200
22.06029100
24.47575000
24.05687500
23.24037500
23.54795900
23.30195800
26.96916700
25.67054100
24.62400000
26.05587500
25.85237500
26.41650000
24.71866700
26.00850000
26.91566700
24.91633300
26.74508300
25.46020900
28.57483300
24.84733300
24.39029200
26.53983300
25.44904200
25.48541700
25.86991600
24.83804200
25.43929200
25.79900000
25.50395800
26.24525000
27.03791700
26.12470800
26.33150000
25.30766700
26.59887500
24.54991600
25.95904200
26.06920800
26.05870900
24.90054100
26.69950000
26.60291700
26.66125000
25.39475000
25.96091700
25.55970800
26.61912500
25.97162500
26.04529200
26.18579100
24.00129200
29.73695800
27.32166700
28.09175000
27.72770800
26.78533400
27.04179100
26.89237500
25.74395900
25.72962500
26.09162500
23.67737500
24.16770800
25.07233300
24.44975000
24.76975000
24.47770900
23.40612500
24.62241600
25.57912500
24.74958400
24.20658300
24.10562500
24.75554200
24.35212500
26.68441600
24.51916700
25.13787500
24.65779200
24.22725000
23.51420800
24.65491700
24.22337500
24.85920800
23.76804200
23.86462500
23.22845800
22.16050000
24.00275000
24.72220800
26.19645900
26.38445800
25.43529200
25.44483300
26.09350000
24.62012500
26.23104200
26.95625000
24.50483300
26.53820800
27.49533400
28.96558300
25.27733300
25.47687500
25.24129200
26.13254200
23.67645800
24.59829200
23.64200000
24.29129100
24.96412500
23.15350000
23.92312500
26.54741700
25.74650000
25.50987500
25.34858300
27.56516700
24.80445800
25.76229200
24.84716700
24.32291600
23.49408400
27.26675000
22.36675000
24.68683300
22.49516700
23.49075000
25.89691600
23.60520900
24.63083300
25.34158300
26.20662500
25.03587500
26.36108400
26.26445800
25.40525000
23.27000000
22.49275000
22.96650000
23.58237500
22.76170800
21.79791700
22.08337500
21.43412500
21.31204200
20.69437500
21.02708300
20.78783300
21.90091700
21.57395800
21.96708400
21.89458300
22.75029200
22.20633300
21.66391700
21.51262500
20.92883300
19.77125000
19.75545800
22.66358400
21.51437500
22.95108300
25.23129200
24.07166600
26.26070900
26.66887500
25.04975000
26.37291600
27.02804200
27.42395800
25.99812500
24.73704200
25.65891700
24.83483300
24.78429200
24.57745800
25.39945800
24.32420900
25.16058300
24.16079200
28.20708300
26.62575000
26.22458300
25.40016700
30.95070800
25.44137500
25.04320900
23.35629100
24.45595900
25.50733300
24.74325000
24.31491700
25.56787500
24.38575000
25.19220800
24.44629200
24.93229100
22.65920900
22.52833300
22.25504200
21.72875000
22.17679100
23.65620900
23.60595800
23.73179200
22.46404100
25.24225000
29.39312500
25.62879200
26.07191700
24.53904100
25.67212500
27.71425000
24.05445900
24.26000000
25.00991600
24.26350000
23.08037500
26.47187500
24.99850000
25.38650000
25.69387500
24.66991700
26.23916700
23.94995800
24.07033300
24.81987500
23.75991700
23.73175000
23.75800000
24.56637500
24.69908300
24.41370900
22.90541600
24.77387500
23.39587500
24.90091700
25.23758300
24.19854200
24.55100000
24.01820800
23.82800000
24.34229200
24.06183300
23.57558400
24.05687500
24.64350000
23.51983300
25.13604200
24.16554100
25.28462500
25.71195900
25.62483300
24.45875000
24.68391700
24.07295800
27.22966700
26.62929100
25.19987500
26.60558400
26.58929100
25.64183400
26.01750000
24.82195800
26.66729200
28.47112500
35.02525000
31.60379100
43.85350000
29.38487500
27.25487500
27.10329200
27.75870800
27.44766700
29.45700000
26.92183300
26.06587500
26.41725000
25.62441700
27.98270800
26.08516700
28.07658300
27.17654200
27.64958300
25.92579200
27.16733300
27.18829200
28.06104200
25.50320800
25.35070800
25.94695900
25.57237500
24.81712500
24.91300000
29.58920800
25.30920800
26.79270900
26.52362500
26.32050000
26.58820800
26.62487500
26.64141700
28.92150000
25.80191600
25.31066700
28.10216700
27.27183300
26.03512500
26.41058300
27.49683400
26.52658300
25.95070800
26.22150000
26.34166700
27.96820800
26.27920900
26.30779100
26.92958400
25.27075000
26.91600000
26.00429100
26.10016700
26.90916700
28.07766600
29.18845900
24.61475000
24.94245800
23.09291700
24.29662500
23.23933300
24.91325000
22.69545800
21.39358400
20.75862500
20.98037500
20.37991600
20.39891700
23.84354200
23.61712500
22.95087500
22.65695800
22.16045800
21.94150000
22.23770900
22.80125000
21.01400000
20.37341600
21.74004200
25.42179200
25.40354100
24.06570900
24.29583300
25.36662500
23.23945800
28.22091700
25.26854200
25.93654100
25.56104200
26.54645800
25.92616700
26.89754200
26.08562500
26.91504100
26.07641700
27.14941700
26.25370800
25.83337500
25.73650000
27.63925000
24.46825000
24.23054200
24.34258300
25.47083300
27.28662500
25.09804200
25.04195800
25.28154200
24.71295800
26.74520900
24.42008300
24.37533300
25.68075000
25.56454200
26.02079200
27.19104100
25.50554200
25.48166700
28.03258300
25.04133300
23.84287500
24.60800000
24.91554200
25.04912500
25.21241700
25.02737500
25.30291600
24.45641700
23.46087500
25.01637500
24.73008300
24.83491700
23.72379200
23.97437500
24.42379100
24.17791700
24.13783300
24.60941700
25.65900000
25.75487500
23.98033300
25.38654200
23.13641700
26.78645800
27.03512500
25.87379200
25.47858300
25.20408300
25.75183400
27.54054100
25.85141700
23.65120800
25.07125000
24.47291700
25.05495800
25.22887500
26.63158400
25.10137500
25.24737500
24.23925000
23.30970800
24.69054200
24.45495800
25.48083300
28.56258400
25.16941600
23.89358400
25.81245800
28.18241700
27.41862500
26.81066600
27.25170900
27.15125000
27.22783300
27.48387500
27.58700000
27.40220800
25.39208400
28.15375000
26.32325000
26.38029100
27.44408400
26.57016600
27.16337500
26.31291700
28.38308300
28.25225000
28.80229200
29.01350000
27.20604200
29.24650000
27.21608300
25.86487500
26.10220800
25.51991700
27.23987500
25.35266700
24.99233300
25.43220800
25.59441700
26.03108300
25.58820900
25.80304100
25.34533400
27.41445800
28.41145800
27.81625000
29.53550000
29.08683400
27.30783300
28.40708300
29.13675000
28.80645900
27.92633300
26.94887500
28.15941700
26.36012500
27.94029100
26.30245900
26.89166600
26.50241700
25.67700000
25.29837500
22.85895800
25.97420900
24.49720800
26.13920800
24.45950000
25.61395900
24.49791600
27.36104200
25.49329200
27.61695800
29.21870800
28.24112500
28.84925000
28.29358400
30.93791600
30.35941700
30.05700000
29.81287500
30.69754200
29.56620800
27.49420800
28.09000000
27.85716700
30.30579200
27.92012500
28.96266600
30.25087500
31.10604200
31.81316700
31.60104100
27.64783400
27.98983300
27.95891700
28.28500000
28.74729100
30.19950000
27.57429200
29.33600000
28.68812500
28.23508300
27.79375000
27.00441700
28.10433300
27.28445900
30.87029100
27.66683400
29.00358300
27.07112500
27.84637500
26.50800000
27.81041700
27.03829100
26.07470900
26.68695800
24.85270800
26.06845900
26.26354100
26.20587500
25.10491700
25.65516700
25.55408300
25.34429200
27.85112500
24.16491600
30.52620900
27.36129100
25.31004200
26.57925000
28.05366700
25.72179100
26.06154200
27.23870800
26.32916700
28.67858300
26.91708400
25.39520800
26.19870800
27.68804200
28.35375000
27.77191700
27.00329100
27.23208400
26.11608300
32.72745800
28.53766700
27.56795800
26.75120900
28.53700000
27.30383300
26.49679200
26.54804100
27.73412500
27.27120900
27.19108300
27.51133300
26.72608400
25.44087500
27.29804100
26.57087500
26.01375000
26.68408400
25.58112500
27.67070800
26.34170800
27.66691700
27.40933300
26.48195900
26.99304100
26.10033400
26.60304100
28.34408400
27.72279100
28.48616700
25.80479200
28.06875000
27.89833300
26.91558300
26.21712500
25.93087500
27.81537500
25.55233400
26.10470800
25.62420800
26.64654200
26.50804200
26.24079100
25.81045900
26.77320800
26.16029200
29.15500000
26.18008300
26.16483300
24.10475000
22.45858400
23.23458300
22.47975000
22.90420800
23.66666700
23.90525000
23.37895800
24.52750000
22.57883400
24.57062500
21.98383300
21.75266700
21.62308300
21.80154200
22.16070800
21.59854200
21.68625000
21.64716600
20.47920900
21.67100000
20.34008300
20.44875000
21.37275000
21.01975000
23.26920800
23.22129200
24.97062500
24.93112500
23.65837500
25.32904200
21.94462500
25.62958300
26.36491700
26.01725000
26.14358300
26.34512500
26.33879200
25.66425000
27.14704100
29.06750000
27.46850000
27.57241700
28.54691700
26.05833300
25.62970800
26.32370900
27.11500000
28.77320800
28.12741700
26.54079100
26.81262500
27.38316700
27.52708300
27.20162500
27.33204200
27.61191700
26.15391600
26.65704200
29.43033300
27.04691700
28.12262500
28.92241700
25.63925000
25.04787500
28.11800000
27.45066600
25.55566700
28.30475000
26.25270800
26.57291700
27.38545800
26.22937500
26.94608400
28.00491600
26.75845900
27.52875000
26.13983300
30.17129200
26.38920800
26.97812500
27.09900000
30.35275000
30.38920800
27.22979200
26.19583300
26.16725000
28.71529200
27.69479200
26.59800000
26.30887500
27.64275000
28.13450000
27.22183300
26.44445800
27.67375000
27.01454200
27.52533300
27.13116700
26.36037500
24.87612500
26.17408300
25.11162500
25.97120900
25.89287500
25.96362500
27.04270800
25.56245800
25.56512500
26.17420900
26.80125000
23.77816600
29.02866700
30.06075000
29.10262500
26.56308300
28.04979200
26.37304200
27.60400000
29.11750000
30.37420800
27.28800000
27.77375000
27.48554200
27.06933300
27.71954200
27.30358300
31.34650000
26.93866700
26.85691600
26.90354200
28.55266700
