4.99591700
0.21745800
7.72850000
11.44812500
10.27900000
5.85016700
5.86004100
12.74737500
101.81525000
0.88995900
0.19387500
0.40670800
0.24066700
0.30270800
0.45179200
0.17712500
0.16404100
0.24812500
0.16450000
0.22300000
0.21362500
12.02012500
19.34570900
0.27583300
0.29766700
8.39887500
8.87870800
8.13887500
8.46212500
14.73458300
5.16145900
4.51804100
8.34237500
9.01945900
7.66333300
8.34020800
16.58783400
16.69875000
16.66929100
16.68241700
16.69208300
16.67533400
16.68512500
16.68145800
16.68966700
16.68037500
16.68029100
16.68433400
16.68204100
16.68229200
16.69437500
16.67312500
16.69250000
16.67362500
16.68304200
16.68312500
16.68458300
16.68275000
16.68304200
16.69008300
16.67633300
16.70654200
16.66029200
16.68479100
16.68166700
16.68854200
16.68050000
16.68104100
16.68320900
16.68333300
16.68333300
16.68337500
16.68337500
16.68337500
16.68333400
16.68325000
16.68320800
16.68716700
16.68220800
16.68075000
16.68595800
16.68125000
16.68504200
16.68104200
16.68337500
16.68625000
16.68037500
16.68337500
16.68333300
16.68333300
16.68341700
16.69445800
16.67225000
16.68458400
16.68329100
16.69045900
16.67487500
16.68337500
16.68987500
16.71262500
16.64745800
16.68325000
16.68337500
16.68337500
16.69891700
16.66770800
16.68345800
16.68320900
16.68337500
16.68329100
16.68537500
16.68937500
16.68495900
16.67400000
16.68308300
16.68366700
16.68287500
16.69366600
16.67516700
16.68237500
16.68954200
16.67595800
16.68325000
16.68404200
16.68604100
16.68004200
16.68325000
16.68820800
16.68720900
16.67466600
16.68325000
16.69429200
16.68191700
16.67375000
16.68337500
16.69287500
16.67800000
16.67916600
16.68329200
16.68366700
16.68429100
16.68204200
16.68783300
16.68041700
16.68170800
16.68341700
16.68337500
16.68325000
18.09691700
15.27058300
16.68254200
16.68341600
16.68325000
16.68333400
16.68325000
16.68925000
16.67750000
16.68333300
16.68333300
16.68325000
16.68333400
16.68458300
16.68216700
16.68337500
16.68329100
16.68325000
16.68454200
16.68216700
16.68595800
16.68075000
16.68412500
16.68575000
16.68025000
16.70179200
16.66475000
16.69033300
16.67920800
16.68041700
16.69095800
16.67566700
16.68337500
16.68333300
16.68341700
16.68320800
16.68920900
16.67858300
16.68220800
16.68350000
17.01962500
16.34687500
16.68362500
16.68920900
16.67733300
16.68308300
16.68345900
16.68333300
16.68479200
16.71395800
17.18920800
16.21620900
16.68620800
16.67441700
16.68250000
16.68308300
16.68329200
16.68320800
16.70879200
16.65783300
16.68354200
16.68316600
16.68341700
16.68325000
16.68341700
16.68408300
16.68395800
16.68237500
16.68395900
16.68425000
16.68137500
16.68437500
16.68233300
16.68350000
16.68308300
16.68450000
16.68220900
16.68454100
16.68370900
16.68562500
16.68416600
16.68237500
16.68425000
16.68220900
16.68737500
16.67695800
16.68266700
16.68345800
16.68275000
16.68429200
16.68220800
16.68666700
16.68020800
16.68325000
16.68320800
16.68341700
16.68337500
16.68325000
16.69333300
16.68804200
16.66866700
16.68495800
16.68200000
16.68291700
16.68333300
16.68350000
16.68316700
16.68337500
16.68337500
16.68337500
16.68325000
16.68337500
16.68337500
16.68329100
16.68341700
16.68320800
16.68341700
16.68329200
16.68325000
16.68345800
16.68333300
16.68320900
16.68345800
16.68333300
16.68337500
16.68341700
16.68320800
16.68387500
16.68266700
16.68337500
16.68329200
16.68487500
16.68195800
16.68325000
16.71595800
16.65075000
16.68329200
16.68333300
16.68341700
16.68341700
16.68316600
16.69229200
16.67437500
16.68354200
16.68312500
16.68491600
16.68212500
16.68637500
21.50170900
11.86225000
16.68316600
18.55541700
15.42087500
18.15820800
14.59854200
18.13516700
15.83158300
18.35533300
15.03425000
18.36670900
14.99045800
17.99304200
15.35783300
17.98491700
14.78412500
18.06366600
15.38937500
20.41104200
13.46129200
19.36645800
13.40850000
18.22079200
15.18379100
18.43220900
15.49750000
17.90650000
15.45658300
17.96470800
15.41916700
17.82758300
15.07887500
17.70383400
15.50783300
17.84858300
16.13491700
17.53375000
15.79929200
17.73770800
15.65308300
17.56970900
15.82329100
17.69233400
15.04091600
17.62437500
16.33925000
17.72708400
15.04366600
17.83229200
16.15133300
17.34520900
15.99791600
17.37716700
16.01516700
17.94416600
14.80241700
17.74550000
16.20908300
17.49570900
15.28291600
19.42820900
14.55233300
18.22008300
15.15066700
17.21108300
16.11441700
17.10645800
16.27058400
17.41866600
15.94108400
17.10137500
15.68516600
17.19204200
16.17554200
17.56966600
16.34441700
17.24866700
16.08062500
17.18033300
16.29308300
17.20179200
16.02266700
17.11816600
15.77308400
17.04641600
16.85520900
17.12483300
16.25645800
17.18729200
16.17737500
17.09675000
16.29025000
16.98208300
16.35133400
16.63220800
16.70470800
16.58787500
16.80208400
16.61029100
16.75187500
18.20120900
14.64137500
18.53041600
15.46075000
18.59233400
14.77670800
18.54995800
14.78679200
18.81520800
13.95450000
19.18970900
14.79400000
19.16533300
14.19116700
19.37145800
13.97387500
19.42087500
13.97075000
19.43929200
13.91825000
19.65216600
13.71829200
19.72295800
13.03870900
20.18908300
13.17791700
19.97704100
13.40308400
19.77320800
14.20520800
19.67150000
13.06945900
19.87383300
14.09837500
19.76325000
12.99791700
17.71425000
16.25700000
16.59050000
16.77508300
16.08700000
17.17266700
16.18804100
16.68366700
18.63895800
15.30191700
18.36983300
15.03395900
18.59883300
14.74929200
18.23479100
15.14341700
18.06412500
14.69775000
18.95100000
15.02704200
18.70908300
14.64979200
19.27854100
13.48495900
19.18679100
14.80258400
18.91687500
14.43083300
19.11362500
14.27404200
19.19029100
14.17741700
18.78250000
14.57129200
18.54208300
14.21012500
19.29433300
14.69733400
19.17091600
14.17733400
18.86050000
14.51158300
19.14862500
14.23445800
18.91837500
14.42712500
18.69070900
14.66508300
18.81662500
14.57600000
18.60387500
14.72070800
18.60716700
14.78766700
19.41137500
13.95783300
18.98725000
14.36979200
18.48537500
14.47116600
18.96033400
14.21520800
19.02408300
14.90025000
18.54229200
14.83179200
18.17266600
15.19070900
18.31379100
15.05512500
18.22629200
15.12362500
18.34033300
14.47895900
18.21345800
15.67404200
18.07750000
15.28979100
18.01950000
15.36041700
17.87733300
15.48445900
18.15837500
17.73833300
14.24283300
16.51366700
18.53787500
17.81966700
13.24437500
23.59341600
10.40366700
19.88200000
13.43941700
20.01937500
12.76187500
19.35195800
14.60620800
18.47741700
14.29637500
18.47162500
14.89516700
18.35091600
15.52575000
18.23237500
14.62429200
18.55187500
15.30095800
18.61008400
14.81800000
18.59862500
14.76137500
18.78400000
14.18679100
18.92166700
14.85562500
18.73616700
14.60925000
18.50862500
14.86258300
18.77225000
14.40233300
18.39966700
14.62591700
18.09854100
15.85854200
18.58483300
14.75887500
17.01908400
15.93870800
16.97279200
16.82679100
16.92166700
16.20362500
16.97179200
16.66020800
17.07779200
15.66766600
16.93545900
16.43254100
18.10725000
15.73716700
17.77770800
15.59575000
17.38762500
15.49329200
17.51125000
16.33537500
17.21420800
16.13450000
17.04670900
16.31187500
17.07379100
16.32595900
16.93712500
15.96037500
16.66787500
17.21825000
16.64433300
16.63754200
16.96741600
16.40800000
17.42387500
15.93437500
17.25795900
16.24691600
17.34195900
15.90575000
17.21087500
15.68345800
16.84400000
16.99475000
17.29737500
16.16250000
17.16875000
16.09508300
17.00904200
15.89520800
17.10866700
16.53645800
16.79100000
16.75191700
16.71600000
16.68525000
17.13550000
16.22404200
16.80437500
16.53470800
16.79320800
16.25520900
16.76420800
16.95300000
16.60300000
16.73487500
16.64033300
16.73741700
16.71037500
16.65520800
16.74983400
16.60745800
16.75675000
16.59775000
16.83370800
16.18666700
16.95916700
16.79320800
16.78612500
16.55141700
16.74420800
16.16554200
17.21320800
16.28108300
17.03525000
16.20391700
17.12412500
16.42150000
17.09875000
16.68675000
18.08862500
15.17825000
18.44300000
14.97583300
17.51412500
15.77858400
17.15683300
15.86516700
17.15058300
16.70241700
17.15025000
16.06887500
17.56004100
15.87029200
17.42358300
15.90495900
17.66204100
15.72062500
17.25925000
15.84262500
17.29045900
16.32695800
17.62108300
15.36416700
17.39879200
16.29691600
17.38554200
15.53708300
17.29950000
16.53812500
17.32925000
15.56704200
17.23920800
16.58783400
17.11445800
16.27487500
17.10833300
16.24129200
16.99408300
16.34954200
17.43600000
15.95504200
17.26983300
16.07654200
17.00254100
16.36354200
17.01429200
16.38783300
17.02479200
16.43520800
19.49362500
13.87633300
19.47020900
13.92508300
19.48575000
13.47375000
18.62929200
14.97833300
18.39325000
15.08312500
18.31333300
15.01366700
18.00179200
15.36379100
17.45566700
15.39895800
16.68329200
17.15312500
16.31379200
17.17233300
16.09416700
16.88616600
16.48058400
16.68745800
16.67920800
16.92170900
16.44487500
17.16975000
16.51016600
16.84641700
17.06437500
16.26708300
18.88825000
14.59816700
18.94754200
13.86020800
19.93891700
13.71654100
18.17454200
15.40954200
18.32375000
14.53470800
17.69095800
16.14254200
18.28525000
15.11808300
18.05725000
15.34108400
17.96825000
15.36770800
16.17912500
17.27850000
16.08775000
17.28829200
16.07841600
17.14750000
16.21925000
17.13637500
16.23033400
16.68345800
16.71258300
17.10750000
16.22975000
16.68337500
16.68329200
16.68333300
16.68333400
17.16250000
16.20425000
17.26633300
16.10033300
17.13379200
16.23300000
17.17454200
16.19204100
16.80983400
16.56316600
17.13779200
16.22270800
17.12429200
16.24229200
16.68329100
16.68441700
17.17454200
16.19095800
16.68350000
16.68316700
16.80000000
16.58195800
16.66895800
16.68245900
17.15679100
16.20970900
17.02337500
16.34337500
17.29675000
16.07287500
17.15854100
16.20520900
17.27858300
16.08804200
17.27929100
16.08845900
17.16691600
16.19908400
17.27370800
16.10370800
17.25887500
16.09683400
17.16666600
18.90083400
14.59412500
18.60791600
14.17362500
19.05700000
14.83941700
18.75245800
14.05795900
18.67070800
15.20491700
18.61695800
14.80458300
18.81433400
14.58941600
18.45675000
14.30895900
18.55154100
15.34350000
18.62333400
14.81983300
18.61616700
14.69579100
18.80362500
14.59841700
18.86354200
13.91750000
18.71833300
14.64825000
19.07429200
14.83091600
18.98670900
13.85716600
19.46408400
14.41283300
19.17570800
14.24554200
18.25820800
15.07983400
18.24129100
14.72545900
18.27737500
15.43312500
18.37695800
14.86954200
18.71866600
14.27225000
18.83220900
15.15720800
18.74016700
14.57883300
18.65020800
14.14154200
18.72620800
14.67420900
18.87033300
14.96662500
19.42108300
13.79579200
19.31454200
14.24062500
19.24400000
13.88033300
19.34845800
13.97883400
19.10375000
14.61654100
18.93383400
14.40166600
18.89554200
14.20108300
18.85966700
14.78295800
19.13554200
14.20604200
19.62220800
13.70962500
19.49775000
13.92079200
18.84591600
13.96500000
19.05079200
14.85575000
19.32150000
14.05545800
19.54279200
13.24804200
19.21450000
14.73220800
18.90820800
13.89079200
18.86345800
15.08450000
19.00716700
13.78141700
18.85662500
15.01620800
18.93545800
14.47862500
18.74037500
14.63970900
18.79137500
14.58375000
18.84337500
14.49266600
18.69862500
14.68350000
18.82087500
14.50741700
18.79812500
14.59412500
18.92666700
14.46808300
19.05145800
13.72387500
18.61325000
15.33095900
18.69791600
14.66704200
18.48058300
14.83733400
19.13358300
14.27562500
18.58195800
14.77641700
18.85375000
13.95170800
18.72337500
15.16300000
18.41170900
14.43525000
18.89975000
14.46683300
18.45520800
15.40620900
18.30433300
15.09804200
18.24725000
15.13520800
18.24900000
15.05220800
18.23895900
15.16479100
18.19733400
15.18995800
18.14404200
15.19887500
18.06970800
15.36758300
18.13520900
15.12679100
18.91000000
14.54458400
19.19970800
14.16279200
19.22975000
14.16841600
19.21558400
14.11841600
19.10187500
14.24816700
18.86716700
14.49795800
19.10441700
14.26529100
19.43879200
13.96250000
18.50091700
14.84716600
18.48466700
14.31779200
18.18704100
15.17966700
18.29537500
15.58750000
18.48404200
14.36633300
17.95433300
15.41229200
18.00987500
15.85770800
18.02233400
15.37837500
17.81708300
15.20608300
17.18612500
16.61066700
17.95966700
15.32695800
17.46704200
15.83975000
17.42404100
15.93954200
17.11370800
16.27125000
18.67345900
14.75112500
19.20891600
14.19095900
21.17062500
12.20637500
23.03962500
10.35541600
20.91308400
12.40354100
19.55900000
13.84129200
20.17841700
13.15841600
20.40320900
12.95862500
20.19641600
12.59691700
20.45633300
12.90895900
20.22404100
13.72870900
19.24295800
13.59716700
20.32412500
13.62158300
20.36179200
12.98366600
19.77320900
13.58341600
20.06137500
12.69758400
20.06870800
13.63162500
19.88158300
13.39579200
19.37862500
13.75045800
19.05062500
14.85862500
18.98529200
13.83270800
18.20437500
15.32054200
18.49233300
14.71504200
18.58108300
15.29129200
18.41933300
14.44195900
18.57116600
15.37837500
18.24000000
15.05337500
18.31108400
14.54562500
18.20241600
15.18479200
18.75420800
15.18329200
18.01854200
15.32308300
18.14775000
15.17533300
18.04300000
15.19079200
18.46716700
14.50975000
18.35620800
15.12162500
18.36437500
15.38795800
18.23295900
14.85312500
18.34375000
15.32825000
17.99283300
15.13945800
18.03887500
15.66666700
18.19941700
14.54095800
18.31312500
15.58175000
18.24041700
15.15100000
18.25254100
15.18054200
18.15604200
15.01375000
18.41550000
15.15616600
18.97066700
13.76854200
18.69058300
14.67654200
19.08187500
14.89416600
18.54245900
14.82912500
18.63658300
14.67820800
18.23166700
15.11104200
18.33458300
15.07679200
18.34866600
14.96729200
18.26250000
15.19941700
18.49937500
14.82662500
18.58675000
14.19254100
18.37170900
15.51916600
18.35733400
14.48508300
18.59875000
15.28895800
18.44387500
15.00370900
18.38470800
14.94629200
18.70141600
14.69700000
18.53300000
14.79279200
19.15487500
13.66695800
18.61200000
15.27666700
18.46262500
14.97375000
18.50962500
14.25308300
18.87370900
15.04883300
18.80695800
14.00470900
18.22312500
15.65975000
16.16612500
17.28712500
16.08000000
17.15804100
16.22375000
17.16762500
16.18437500
17.18154200
16.18425000
16.68604200
16.68850000
16.67541600
16.68333400
16.68337500
16.68320800
16.68337500
16.80070800
17.15979200
16.87904200
15.89387500
16.83254100
16.53395900
16.68333300
17.15604200
16.48570800
16.41337500
17.22141700
16.68670800
16.69208300
16.60554200
16.81808300
16.07116700
16.85341700
16.98645800
16.91879200
15.97462500
17.21708300
16.14954200
19.46145800
14.49320800
19.60550000
13.76475000
19.49958400
13.90066600
19.45233400
13.29608300
18.14187500
15.71645800
17.93587500
14.94020900
17.92083300
15.94041700
17.77875000
15.08533300
17.60779200
16.25470800
17.77100000
15.62770800
17.88975000
15.46595900
17.66529100
15.69025000
17.53429200
15.83750000
17.65270800
15.69450000
17.44925000
15.90583400
17.32183300
16.04362500
17.99245800
15.41487500
16.93604200
16.38341700
17.32500000
16.06554100
17.46883400
15.87762500
17.51991600
15.37095900
17.70770800
15.71883300
17.60183400
16.17429100
17.70195900
15.19529100
17.68862500
15.89950000
18.10550000
15.64450000
17.94325000
14.81870900
18.29050000
15.59920800
18.46891700
14.92954100
18.52604200
14.28575000
17.99029200
15.87812500
16.18154100
17.17854200
16.18950000
17.14237500
16.22308300
17.17433400
16.19241600
17.17700000
16.19125000
17.27745900
16.09200000
17.17241600
16.18979200
16.68329200
16.68341600
16.68320900
16.68341600
17.15241700
16.21425000
16.68341700
16.68312500
17.15429100
16.21250000
17.14541700
20.04220800
13.48775000
19.62745900
13.73983300
19.28812500
14.05158300
19.13608400
14.23958300
19.29854200
14.06137500
19.55829100
13.27408400
17.10725000
16.71545800
16.54516700
16.77716600
16.20970900
17.14487500
16.21683300
17.16075000
16.20570800
16.68775000
16.67904200
17.16358300
16.20312500
16.68341700
16.69066700
16.67591600
16.68329200
16.68320800
17.02112500
16.84316700
19.07408300
14.39012500
19.54195900
13.35304100
19.58600000
14.28258400
19.70504100
13.66025000
19.34970900
13.99987500
19.34850000
14.03995800
19.98658300
13.38970900
21.62358300
11.73158300
19.36258400
13.99950000
19.57020800
13.79512500
19.76875000
13.13875000
19.13637500
14.67375000
18.98404200
14.37983300
18.76837500
14.56220800
18.76262500
14.60579200
18.94441700
14.45704100
19.04204200
14.31075000
18.80754200
14.54725000
18.92975000
14.47991600
19.12712500
13.64629200
18.90675000
15.03654200
18.99541600
14.37154200
18.94129200
14.44062500
19.08762500
13.66012500
18.84179100
15.15220900
18.87266600
14.48420900
18.89191600
14.46216700
18.78525000
14.62083300
18.83962500
14.48425000
18.84212500
14.50120900
18.90687500
14.47770800
19.38845800
13.62662500
19.05437500
14.63545900
18.95504100
14.42775000
18.93170900
13.85100000
18.82662500
15.07337500
18.80125000
14.03208300
19.05495800
14.86804200
18.64304200
14.71262500
18.70300000
14.68704100
18.89004200
14.50120800
18.85512500
14.49112500
18.84220900
13.95145800
19.15316700
14.78800000
18.99458300
14.37233300
19.04320900
14.33241600
18.79158400
14.56162500
18.00908300
15.30312500
18.52862500
14.87325000
18.42675000
15.00491700
16.99812500
16.24483300
16.51816700
16.35733300
16.91866700
16.44716600
16.73695900
17.12508300
16.43945800
16.43166700
16.68458300
17.17908400
17.41912500
15.94837500
18.21450000
15.17866600
17.29620900
16.01741600
17.00945900
15.89195800
16.74562500
17.20437500
16.71491700
16.53029100
17.07100000
16.31562500
16.63004200
16.70954200
20.81912500
12.11354100
17.19587500
16.16166700
17.18295800
16.17325000
17.68550000
15.67404200
17.04208300
16.80645900
17.14383300
16.19154200
17.14237500
16.23395800
17.27633300
16.25541700
17.73991700
15.59679100
17.44829200
15.81779200
17.29029100
16.08416700
17.70770800
15.77062500
17.73675000
15.52041700
17.25720800
16.09762500
17.03566700
16.31941700
16.85683300
16.49937500
17.07016700
16.30820800
17.54262500
15.96108300
17.26195900
15.96708300
16.76900000
16.11554200
16.96870800
16.88433300
17.16633400
16.16879100
17.01679200
16.36037500
16.56729200
16.82920800
17.47954200
15.87437500
16.67508300
16.65179200
16.59562500
16.89800000
16.22600000
17.05241600
16.20183400
17.15712500
16.90729100
16.47204200
17.33533300
15.54525000
17.97579200
15.87062500
17.62954200
15.76787500
17.65416600
15.68562500
17.62241700
15.76645800
17.67450000
15.80270900
17.46295800
15.30908300
17.46462500
15.88016700
17.29137500
16.57420800
17.38441700
15.48337500
17.41829200
16.41458300
17.59541700
15.81220800
17.73004200
15.64887500
17.59316600
17.70737500
14.81000000
17.64375000
15.16400000
17.62325000
16.35120900
17.89362500
14.84487500
19.21745800
14.66920800
17.91766700
15.42350000
17.54733300
15.33308400
17.83366600
15.52412500
17.97770900
15.83570800
18.00341700
15.44120800
17.83229200
15.01675000
17.75270800
16.20145800
18.15625000
15.14316700
18.47858300
14.88062500
17.91920900
14.92787500
18.16854100
15.19850000
19.06208400
14.86741600
16.15195900
16.65175000
16.68575000
16.68066600
16.68595900
16.68016600
16.68345900
16.68333300
16.68329200
16.68341600
16.68329200
16.69270800
16.67387500
16.68337500
16.68812500
16.68179200
16.70662500
16.65670800
16.68345900
16.68512500
16.68825000
16.67650000
16.70725000
16.66066600
16.68275000
16.68275000
16.69187500
16.67475000
16.68329200
16.68337500
16.68379200
16.68366600
16.68275000
16.68337500
16.68337500
16.68329200
16.68341700
16.68329100
16.69162500
16.68208400
16.67629100
16.68366700
16.69033300
16.67612500
16.68304200
16.68325000
16.68333300
16.68345900
16.68366600
16.68954200
16.69337500
16.66679200
16.69233300
16.67429200
16.68491600
16.68183400
16.69237500
16.67416600
16.68350000
16.68329200
16.68333300
16.68337500
16.68483400
16.68187500
16.68300000
16.69145800
16.68075000
16.67800000
16.69900000
16.66766700
16.68670800
16.67979200
16.69812500
16.66858300
16.68337500
16.69804200
16.66858300
16.68341700
16.68333300
16.68345800
16.68333400
16.68312500
16.68362500
16.68325000
16.68320800
16.68354200
16.68308300
16.68337500
16.68329200
16.68320800
16.68354200
16.68320800
16.68333300
16.68333400
16.68341600
16.68579200
16.68070800
16.68783400
16.67891600
16.68429200
16.68233300
16.68350000
16.68337500
16.68404200
16.68241700
16.68345800
16.68337500
16.68320800
16.68341700
16.68325000
16.68333300
16.68337500
16.68345900
16.68308300
16.68350000
16.68325000
16.68329200
16.68408300
16.68858300
16.67741700
16.68341700
16.68325000
16.68791600
16.67925000
16.68295900
16.68416600
16.68237500
16.68329200
16.68400000
16.72745800
16.63858400
16.68333300
16.71958300
16.65250000
16.67804200
16.68441700
16.69783300
16.66758300
16.68325000
16.71591700
16.65091700
16.68325000
16.68358300
16.69108300
16.67541700
16.68366700
16.69195800
16.67454200
16.68316600
16.68333400
16.68320800
16.68337500
16.68350000
16.68329200
16.68350000
16.68300000
16.68316600
16.68341700
16.68337500
16.68329200
16.68345800
16.68333300
16.68379200
16.68283300
16.68325000
16.68337500
16.68333400
16.68337500
16.68333300
16.68341700
16.68320800
16.68350000
16.68320800
16.68325000
16.68345900
16.68320800
16.68487500
16.68175000
16.68345800
16.68329200
16.68387500
16.68641700
16.68533300
16.67795800
16.68329200
16.68325000
16.68445800
16.68741700
16.67816700
16.68337500
16.68333300
16.68333300
16.68350000
16.68304200
16.68350000
16.68333300
16.69112500
16.68604200
16.67283300
16.68329200
16.68416700
16.68245800
16.68333300
16.68345900
16.68483300
16.68200000
16.68320800
16.68341700
16.68320800
16.68333400
16.68333300
16.68337500
16.68325000
16.68320800
16.68408400
16.69245800
16.67341700
16.69304100
16.67375000
16.68337500
16.68454200
16.68212500
16.68337500
16.68337500
16.70433300
16.66591700
16.68400000
16.67887500
16.71166700
16.65520800
16.69145800
16.67483400
16.68375000
16.72091600
16.64995900
16.67920800
16.71954200
16.64683300
16.68541700
16.72337500
16.64129100
16.68795900
16.67887500
16.68387500
16.68304100
16.68295900
16.68308300
16.68345800
16.70245900
16.66962500
16.67800000
16.68345800
16.68400000
16.68325000
16.68262500
16.68304200
16.68345800
16.68350000
16.68350000
16.68320800
16.68333400
16.68312500
16.68354100
16.69662500
16.67029200
16.69266700
16.67379100
16.68325000
16.68354200
16.68475000
16.68158300
16.68862500
16.68779200
16.67400000
16.68291700
16.68345800
16.68329200
16.69700000
16.66954100
16.68345900
16.68329100
16.68370900
16.68408300
16.68291700
16.72383300
16.64245800
16.68775000
16.67879200
16.68316700
16.68345800
16.68316700
16.68358300
16.68316700
16.69058300
16.68208300
16.67745900
16.69062500
16.68295800
16.68058300
16.69879200
16.68500000
16.66175000
16.70320800
16.67662500
16.68495900
16.66933300
16.74866700
16.61733300
16.70554200
16.66112500
16.68333300
16.68345800
16.74137500
16.63529200
16.72704200
16.67395800
16.68762500
16.67183300
16.73545900
16.59400000
16.76200000
16.60466600
16.77854200
16.63116700
16.73712500
16.68604100
16.68820900
16.65850000
16.72179100
16.56562500
16.81000000
16.68987500
16.68283400
16.68229100
16.68337500
16.71729200
16.65762500
16.54316700
16.81854100
16.72533400
16.64895800
16.68087500
16.66720800
16.69537500
16.66833400
16.56183300
16.86037500
16.50658300
16.83462500
16.70541700
16.69966700
16.66245800
16.51966700
16.87862500
16.66179100
16.69100000
16.66587500
16.67620900
16.73512500
16.68700000
16.66150000
16.71337500
16.68695800
16.65750000
16.70745800
16.68950000
16.65170900
16.72141600
16.45187500
16.89175000
16.48250000
16.91545900
16.43475000
16.91779100
16.69150000
16.49695900
16.62712500
16.94266600
16.42437500
16.90762500
16.75058400
16.63541600
16.70658400
16.70779100
16.57829200
16.80441700
16.37545800
16.96554200
16.40125000
16.96170800
16.66879200
16.41933300
16.68345800
16.96854200
16.70616700
16.70941600
16.64450000
16.70466700
16.66625000
16.69512500
16.72000000
16.68779200
16.65787500
16.71837500
16.66050000
16.68958300
16.70629200
16.57883300
16.72779200
16.75137500
16.68916600
16.30079200
17.09983300
16.62516700
16.68512500
16.70925000
16.70066700
16.68541600
16.71141700
16.66187500
16.64433300
16.31020900
17.07679100
16.65179200
16.73370800
16.66783400
16.69954100
16.71341700
16.60287500
16.72045800
16.68866700
16.67570800
16.72779200
16.60108300
16.76266700
16.24441700
17.16700000
16.19958300
17.15916700
16.66233300
16.67716700
16.68620800
16.62816700
16.73154100
16.61941700
16.30295800
17.11604200
16.75075000
16.66625000
16.68175000
16.47270800
16.89575000
16.71987500
16.16341700
17.21083300
16.35441700
17.05337500
16.63795800
16.16008400
17.23920800
16.68483300
16.62929200
16.76908300
16.66354200
16.64295800
16.75866700
16.64475000
16.11783300
16.68341700
16.96370800
16.40412500
17.25804200
16.70183300
16.08875000
16.90650000
16.46383400
17.28533300
16.66950000
16.67370800
16.10129200
16.68420800
16.68245900
16.68312500
16.70295800
16.67908300
16.67241700
16.67870800
16.68345900
16.69283300
16.67375000
16.70350000
16.66320800
16.68329200
16.68333300
16.68629200
16.72483300
17.21458400
16.14925000
16.65583300
16.66920800
16.68345900
16.68325000
16.68333300
16.68325000
16.68337500
16.69133300
16.68470900
16.71320800
16.64412500
16.68337500
16.68329200
16.68458300
16.68370800
16.68179200
16.68329200
16.68320800
16.68329200
16.68345800
16.68570800
16.68091700
16.68920800
16.67750000
16.68320900
16.68354100
16.68320900
16.68341600
16.68316700
16.68341700
16.68516600
16.68145900
16.68333300
16.68425000
16.68250000
16.68320800
16.68337500
16.68337500
16.68337500
16.68325000
16.68337500
16.68329200
16.68616700
16.68050000
16.68337500
16.68329100
16.68412500
16.68254200
16.68329200
16.68350000
16.68329100
16.68337500
16.68845900
16.67891600
16.68258400
16.68425000
16.68295800
16.68566700
16.68037500
16.68329100
16.68562500
16.68875000
16.67575000
16.68608400
16.68604100
16.67854200
16.68525000
16.68308300
16.68104200
16.69362500
16.67291700
16.68629100
16.68450000
16.67916700
16.68333300
16.68345900
16.68329100
16.68429200
16.68233300
16.68337500
16.69541700
16.67125000
16.69225000
16.67583300
16.68187500
16.68441700
16.68870800
16.67775000
16.68245900
16.68341600
16.68991700
16.67841700
16.68162500
16.68333300
16.68345800
16.68333400
16.68316600
16.68504200
16.68787500
16.67704200
16.68366600
16.68554200
16.68095800
16.68316700
16.69037500
16.67641700
16.68337500
16.68320800
16.69083300
16.67637500
16.68316700
16.68325000
16.68354200
16.68337500
16.68316600
16.68325000
16.68333400
16.68320800
16.68320800
16.68775000
16.67904200
16.68337500
16.68512500
16.68170800
16.68420900
16.68225000
16.68362500
16.68295800
16.68350000
16.69154200
16.67504100
16.68325000
16.68333400
16.68350000
16.68312500
16.68333300
16.68341700
16.68325000
16.68337500
16.68687500
16.68108300
16.68204200
16.68337500
16.68470800
16.79491700
16.57091600
16.68608400
16.68000000
16.68337500
16.68333300
16.68354200
16.68333300
16.68325000
16.68333300
16.68320900
16.68333300
16.68333300
16.68337500
16.68312500
16.68341700
16.68329200
16.68350000
16.68337500
16.68333300
16.68320800
16.68333400
16.68316600
16.68341700
16.68333300
16.68337500
16.68341700
16.68333300
16.68333400
16.68350000
16.68308300
16.68350000
16.68337500
16.68316700
16.69933300
16.66754200
16.68320800
16.68337500
16.68329200
16.68333300
16.68333300
16.68320900
16.68370800
16.68316700
16.68366600
16.68466700
16.68245800
16.68254200
16.68433300
16.68250000
16.68325000
16.68325000
16.69425000
16.67670900
16.70270800
16.65962500
16.68366700
16.69116600
16.67508400
16.69020800
16.67683300
16.68308400
16.68320800
16.68337500
16.68337500
16.68866700
16.67787500
16.68337500
16.68333300
16.68337500
16.68650000
16.68062500
16.68345800
16.68283400
16.68341600
16.68316700
16.68329200
16.68358300
16.68312500
16.68433300
16.68250000
16.68329200
16.68312500
16.68937500
16.67741700
16.68337500
16.68312500
16.68341600
16.68354200
16.68312500
16.68375000
16.68329200
16.68287500
16.69345800
16.67812500
16.67841700
16.68358300
16.68333300
16.68641700
16.68025000
16.68329200
16.68325000
16.68329100
16.68345900
16.68320800
16.68337500
16.69437500
16.67220800
16.68333400
16.68358300
16.68304200
16.68354100
16.68320900
16.68329100
16.68350000
16.68325000
16.68329200
16.69216700
16.68262500
16.67529100
16.68445900
16.68708300
16.67837500
16.68354200
16.68400000
16.68241600
16.68337500
16.68416700
16.68254200
16.68333300
16.68329200
16.68337500
16.68354100
16.68420900
16.68733300
16.67820800
16.68341700
16.68441700
16.68225000
16.69791600
16.66875000
16.68341700
16.68341700
16.68304100
16.68358400
16.68329100
16.68420900
16.68237500
16.68408300
16.68254200
16.68341600
16.68325000
16.68370900
16.68287500
16.68979100
16.67712500
16.68508400
16.68137500
16.68333300
16.68600000
16.68404200
16.68004100
16.68358400
16.68295800
16.68345800
16.69395900
16.67258300
16.68358300
16.68858400
16.67783300
16.68333300
16.68341700
16.68895800
16.68095900
16.68020800
16.68337500
16.68325000
16.68400000
16.68262500
16.68325000
16.68325000
16.71037500
16.65741700
16.68233300
16.68325000
16.68337500
16.68333300
16.69341700
16.68170800
16.67495900
16.68337500
16.68325000
16.68408300
16.69966700
16.67212500
16.67841600
16.68675000
16.67891700
16.68325000
16.68333300
16.70208400
16.66479100
16.68320900
16.68329100
16.68654200
16.68012500
16.68345800
16.68325000
16.68337500
16.69162500
16.67500000
16.68329200
16.68345800
16.68329200
16.68329200
16.68341600
16.68366700
16.68337500
16.68308300
16.68550000
16.68091700
16.71075000
16.65650000
16.68308300
16.68308400
16.68716600
17.29833400
16.06454100
16.68350000
16.68691700
16.67941700
16.69100000
16.67562500
16.68341600
16.68333400
16.68558300
16.68091700
16.68362500
16.68412500
16.68350000
16.68570800
16.68004200
16.68325000
16.68329100
16.70183400
16.66566600
16.68550000
16.68133400
16.68587500
16.69179100
16.67291700
16.69129200
16.70054100
18.31504200
15.02637500
16.68504200
16.68425000
16.68004100
16.68245900
16.68325000
16.68333300
16.68341700
16.68325000
16.68337500
16.68362500
16.68304100
16.69204200
16.67458300
16.68337500
16.68325000
16.68341700
16.68325000
16.68329200
16.68333300
16.68350000
16.68316700
16.68337500
16.68337500
16.68329100
16.68333400
16.68329100
16.68345900
16.68329100
16.68333400
16.68329100
16.68341700
16.68375000
16.68287500
16.68341700
16.68941600
16.67712500
16.68345900
16.68754100
16.67904200
16.68616700
16.68062500
16.68670800
16.68058300
16.68254200
16.68341700
16.68391600
16.68275000
16.68345900
16.68325000
16.68329100
16.68329200
16.68337500
16.68337500
16.68329200
16.68337500
16.68325000
16.68495800
16.68187500
16.68325000
16.68350000
16.68312500
16.68350000
16.68416700
16.68225000
16.68654100
16.68166700
16.68179200
16.68629100
16.68045900
16.68333300
16.68325000
16.68345800
16.68320900
16.68345800
16.68333300
16.68337500
16.68329200
16.68329200
16.69283300
16.67491700
16.68758300
16.68670800
16.67512500
16.68295900
16.68312500
16.69154100
16.67641700
16.68212500
16.68341700
16.69158300
16.67500000
16.68329200
16.71825000
16.64850000
16.68345800
16.68316700
16.68433300
16.68233300
16.68333400
16.68625000
16.68045800
16.68329200
16.68337500
16.68383300
16.68783300
16.67879200
16.68295800
16.68312500
16.68720900
16.67958300
16.68337500
16.68316700
16.68416600
16.68250000
16.68333400
16.68341600
16.68329200
16.68337500
16.68329200
16.69070800
16.67600000
16.68333300
16.68787500
16.67941700
16.68266700
16.68333300
16.69850000
16.66820800
16.68325000
16.68466700
16.68212500
16.68325000
16.68337500
16.68820800
16.67841700
16.68333300
16.68341700
16.68337500
16.68325000
16.68337500
16.68620800
16.68041700
16.68637500
16.68033300
16.72200000
16.64541700
16.68266700
16.68325000
16.68337500
16.68316600
16.68629200
16.68216700
16.68166600
16.68354200
16.68350000
16.68400000
16.68287500
16.69000000
16.67654200
16.68470800
16.68162500
16.68325000
16.69241700
16.68229100
16.67554200
16.68408300
16.68270900
16.68316600
16.68320900
16.68579100
16.70112500
16.66308400
16.69287500
16.67862500
16.67925000
16.68254100
16.68337500
16.68329200
16.68333300
16.68341700
16.68383300
16.68275000
16.68420900
16.68241600
16.68441700
16.68529200
16.68029100
16.68345900
16.68329100
16.69170900
16.67491600
16.68333400
16.68362500
16.68308300
16.68320800
16.68350000
16.68320900
16.68354100
16.68329200
16.68341700
16.69254100
16.67400000
16.68329200
16.68350000
16.68320800
16.68341700
16.68312500
16.69287500
16.67408300
16.68700000
16.68995900
16.67283300
16.68362500
16.68291700
16.68345800
16.69033300
16.67754200
16.68241700
16.68300000
16.68333300
16.68920800
16.67779200
16.68320800
16.68329200
16.69141700
16.67804100
16.68654200
16.67737500
16.68791700
16.67862500
16.68333300
16.68337500
16.68320800
16.68379200
16.68287500
16.68350000
16.68325000
16.68900000
16.67783300
16.68300000
16.68354200
16.69041700
16.68400000
16.80241600
16.55654200
16.68329200
16.68337500
16.68316600
16.68316700
16.68333300
16.68362500
16.68325000
16.68312500
16.68337500
16.68333400
16.68337500
16.68333300
16.68329200
16.68329100
16.68337500
16.68325000
16.68337500
16.68329200
16.68329200
16.68345800
16.68450000
16.68208300
16.68329200
16.68333300
16.68337500
16.68333400
16.68341600
16.68325000
16.68333400
16.68329100
16.68350000
16.68325000
16.68479200
16.68241700
16.68300000
16.68375000
16.68283300
16.68337500
16.68441700
16.68250000
16.68404100
16.68233400
16.68345800
16.68345800
16.68316700
16.68345800
16.68337500
16.68654200
16.68091700
16.68266600
16.68354200
16.68287500
16.68341700
16.68816600
16.67833400
16.68341600
16.68320900
16.68350000
16.68329100
16.68358400
16.69008300
16.67641700
16.68329100
16.68366700
16.68295800
16.68641700
16.68029200
16.69345800
16.67312500
16.68358300
16.68300000
16.68491700
16.68900000
16.67625000
16.68320800
16.68662500
16.68004200
16.68891700
16.67933300
16.70579200
16.65975000
16.68312500
16.68325000
16.68337500
16.68341600
16.68345900
16.68320800
16.68316700
16.68366600
16.68550000
16.68083400
16.68337500
16.68425000
16.68241600
16.68320900
16.68416600
16.68270900
16.68837500
16.67920800
16.68420800
16.68150000
16.68320900
16.68320800
16.68337500
16.68358300
16.68300000
16.68350000
16.68325000
16.68329200
16.68350000
16.68395800
16.68566700
16.68033300
16.68333400
16.68333300
16.68337500
16.68337500
16.68958300
16.67866700
16.68162500
16.69779200
16.66916600
16.68316700
16.68995800
16.67645900
16.68362500
16.68608300
16.68041700
16.68329100
16.68345900
16.68316600
16.68916700
16.67766700
16.68329100
16.68329200
16.69016700
16.67841600
16.68737500
16.72325000
16.63758400
16.68333300
16.68433300
16.68225000
16.68350000
16.68350000
16.68304200
16.68358300
16.68295900
16.68712500
16.67970800
16.68345800
16.68333400
16.68425000
16.69212500
16.67908300
16.67866700
16.68229100
16.68350000
16.68308400
16.68341600
16.68370900
16.68875000
16.67750000
16.68333300
16.68337500
16.69241700
16.67425000
16.68341600
16.68750000
16.67912500
16.68333400
16.68325000
16.68358300
16.69254200
16.67400000
16.69454100
16.67212500
16.68333400
16.68341600
16.68320900
16.68350000
16.68312500
16.70925000
16.65754100
16.69029200
16.67904200
16.68691600
16.67712500
16.69304200
16.67595800
16.68095900
16.68429100
16.68458400
16.68416600
16.68087500
16.69312500
16.67287500
16.68333400
16.68354100
16.68304200
16.68375000
16.68320800
16.68320900
16.68337500
16.68329100
16.68341700
16.68325000
16.68337500
16.68325000
16.69254200
16.67400000
16.68362500
16.68945800
16.67716700
16.68320800
16.68337500
16.68337500
16.68420800
16.68337500
16.68337500
18.04987500
15.31700000
16.68645900
16.68058300
16.68383300
16.68291700
16.68300000
16.71587500
16.65066700
16.68391600
16.68270900
16.68283300
16.68441700
16.68295800
16.68362500
16.68750000
16.67900000
16.68295800
16.68366700
16.68375000
16.68175000
16.70654200
16.65991600
16.68354200
16.68354200
16.70270800
16.66362500
16.68633300
16.68266700
16.68137500
16.68304200
16.68391600
16.68583400
16.68062500
16.70266600
16.67170900
16.67541600
16.68312500
16.69437500
16.67229200
16.68591700
16.68062500
16.68337500
16.68333300
16.68312500
16.68341700
16.68316600
16.68341700
16.70058300
16.66612500
16.72058400
16.68262500
16.67004100
16.66387500
16.71458400
16.65816600
16.67358400
16.74720800
16.65266700
16.66870800
16.68733300
16.66141700
16.70700000
16.74341700
16.67679100
16.60591700
16.73529200
16.70870800
16.73183300
16.72483400
16.62091600
16.66066700
16.70350000
16.68329200
16.70554100
16.72491700
16.68308300
16.71204200
16.63283300
16.66495900
16.72879100
16.67733400
16.65712500
16.72966600
16.70995900
16.64900000
16.70325000
16.48487500
16.88425000
16.70033300
16.68945800
16.62270900
16.74204100
16.63804200
16.72412500
16.70487500
16.66037500
16.68987500
16.68958300
16.64795900
16.69675000
16.70020800
16.68700000
16.67145800
16.71441700
16.65550000
16.70175000
16.69662500
16.67675000
16.65866700
16.72058300
16.67154200
16.66708300
16.72058300
16.66979200
16.66566700
16.72404100
16.40850000
16.68320900
16.99737500
16.62425000
16.71591600
16.70858400
16.66200000
16.69404100
16.71404200
16.64529200
16.67395800
16.70483300
16.61941700
16.71970800
16.74141700
16.47866700
16.88154100
16.35362500
17.02087500
16.36045900
17.03487500
16.65129100
16.73058400
16.67387500
16.31000000
16.68333300
16.68333300
17.05683400
16.68008300
16.70495800
16.29400000
17.07579200
16.68912500
16.28241700
16.68337500
17.09400000
16.67379100
16.69925000
16.26629200
17.11562500
16.25725000
16.67716700
17.13012500
16.67695800
16.69033300
16.68100000
16.23929200
17.15245800
16.21300000
16.69262500
17.15233400
16.69650000
16.66991600
16.71316700
16.26850000
17.07720800
16.68008400
16.30283300
16.58370800
17.17712500
16.65300000
16.43775000
16.98983400
16.15595800
17.19875000
16.72725000
16.22466700
17.15025000
16.11608300
17.24345800
16.12254200
16.68337500
17.25650000
16.70200000
16.68158300
16.66912500
16.73616700
16.64350000
16.68233300
16.09520900
16.68333300
17.32579200
16.63866600
16.68004200
16.08916700
17.14787500
16.81600000
16.70083300
16.68504200
16.06679100
17.29908400
16.66179100
16.08891700
17.31679200
16.64133300
16.09233300
17.30287500
16.65620900
16.59645800
16.41008300
17.04520900
16.08862500
17.30533300
16.30212500
17.04770800
16.07841700
17.27383300
16.69108400
16.70679100
16.65583400
16.69029100
16.10650000
17.25179200
16.12266700
16.65208300
17.27554200
16.69979100
16.69725000
16.64687500
16.09800000
17.29625000
16.65691700
16.09770800
16.68287500
17.29983400
16.63354100
16.11520900
16.68254100
17.30045900
16.06612500
16.69308300
17.28041700
16.69050000
16.06941600
17.30229200
16.66308300
16.68033400
16.70566600
16.06529200
17.28366700
16.70762500
16.64804100
16.09391700
17.30787500
16.66041700
16.08170800
17.30416700
16.65745800
16.68379200
16.71175000
16.65195800
16.09100000
17.05283300
16.91258400
16.67558300
16.71808300
16.65033400
16.69341600
16.69466700
16.65945800
16.09287500
17.30437500
16.06604200
16.68700000
17.29737500
16.66241700
16.67666600
16.71200000
16.65733400
16.23937500
17.15754100
16.65616700
16.69979200
16.68812500
16.06266600
17.30441700
16.68795800
16.07175000
17.29529200
16.67954200
16.66029100
16.08408400
17.30179100
16.65587500
16.71491700
16.52454200
16.78529100
16.75675000
16.53133400
16.40020800
16.47950000
16.68333300
16.91879200
16.80137500
16.58075000
16.66000000
17.06379200
16.66166600
16.68200000
16.71187500
16.06929200
17.27575000
16.70762500
16.06716700
17.27483300
16.70470800
16.65766700
16.68175000
16.71187500
16.65620800
16.68208400
16.70841600
16.65691700
16.68325000
16.70804200
16.07383300
16.68341700
17.30412500
16.65066600
16.68220900
16.70958300
16.64937500
16.13200000
17.26287500
16.66258300
16.29383400
17.09341600
16.67083400
16.08837500
17.30250000
16.67500000
16.69683300
16.06262500
17.29095800
16.70570900
16.04979100
16.68366700
16.69029200
16.69762500
16.66450000
17.29845800
16.65987500
16.09354200
16.67862500
17.30437500
16.66216600
16.70425000
16.68995900
16.64304100
16.71766700
16.61566700
16.12958300
17.30054200
16.67458300
16.56137500
16.19691700
17.28345800
16.54679200
16.26900000
16.91954100
16.79779200
16.91729200
16.66283300
16.38341700
16.78487500
16.26858300
17.28337500
16.72841700
16.30433300
17.01925000
16.09925000
16.66570800
17.07862500
16.91791700
16.66070800
16.70133400
16.32029100
16.91350000
16.82587500
16.67416700
16.05920800
16.68204200
17.29020800
16.69608400
16.69370800
16.41333300
16.91479200
16.71508300
16.05983400
17.01479100
16.35237500
16.68491700
17.28983300
16.07541700
17.13304200
16.84737500
16.69341600
16.70504200
16.40670800
16.93754200
16.05879200
16.68516600
17.30179200
16.65025000
16.65545800
16.75141700
16.66912500
16.55812500
16.82179200
16.64875000
16.68141600
16.09350000
17.29379200
16.67554200
16.08158300
16.68379200
17.28354100
16.08279200
17.27729200
16.56204100
16.21462500
17.29475000
16.23033400
16.97333300
16.70412500
16.20933300
16.69237500
16.67504200
17.15795800
16.23325000
17.25725000
16.61112500
16.63762500
16.82920900
16.05595800
17.30466700
16.68029100
16.71187500
16.66220900
16.06379100
17.21266700
16.14779200
17.16208300
16.51741700
17.00133300
16.66866700
16.68545800
16.06562500
17.27020800
16.70516700
16.67425000
16.30591700
16.97358300
16.65566700
16.20108300
16.68066700
17.28308300
16.69804200
16.68620800
16.65962500
16.70316700
16.52912500
16.82650000
16.23862500
16.52629100
17.16412500
16.75200000
16.60716700
16.81058300
16.59054200
16.70970800
16.17270900
17.12862500
16.64812500
16.85625000
16.70179100
16.67912500
16.49900000
16.71991700
16.21941700
16.93825000
16.86508300
16.76350000
16.16895800
17.29175000
16.67416700
16.63608300
16.74854200
16.05362500
16.93870800
16.42891700
16.68237500
17.28770800
16.20454200
16.56475000
17.26004200
16.76054100
16.63320900
16.67766600
16.64604200
16.12612500
16.83995800
17.03641700
16.58537500
16.87750000
16.70462500
16.65500000
16.62683300
16.76166700
16.32258300
16.72016700
16.37666700
16.68404100
17.28875000
16.73733400
16.62579100
16.68304200
16.69791700
16.63354100
16.13350000
17.17291700
16.17562500
17.22525000
16.76737500
16.66329200
16.62716600
16.77337500
16.04366700
16.71533300
17.27429200
16.54491700
16.19862500
16.68383300
17.06466700
16.93108300
16.66787500
16.68562500
16.06762500
17.30712500
16.06183300
17.31179200
16.67295800
16.06320900
16.82262500
17.12270800
16.66070800
16.12666700
16.92675000
16.96225000
16.16083300
16.81104200
16.77850000
17.08337500
16.60608300
16.52954200
16.85283300
16.61775000
16.67262500
16.74958400
16.62345800
16.71150000
16.73841700
16.59070800
16.69308300
16.74704200
16.61791700
16.68620800
16.74529200
16.62787500
16.67491600
16.74970900
16.60712500
16.70158300
16.74208300
16.61937500
16.63604200
16.79520800
16.62287500
16.67475000
16.74691700
16.57554200
16.73058300
16.74241700
16.13187500
17.17383300
16.45154200
16.91175000
16.79345800
16.62937500
16.75187500
16.68875000
16.69454200
16.65429100
16.08395900
17.22666600
16.56904200
16.25429200
17.30700000
16.67366600
16.68041700
16.67708300
16.66687500
16.71220900
16.67187500
16.07775000
17.28862500
16.66425000
16.69550000
16.70616600
16.30016700
16.79241700
16.33658300
17.20483300
16.54750000
16.29762500
17.25200000
16.73704200
16.68920800
16.62833400
16.11162500
17.18708300
16.30904200
17.16079100
16.17466700
16.68825000
16.57808300
16.81508400
17.14854100
16.64066700
16.73316700
16.65566600
16.69479200
16.69775000
16.67275000
16.67920800
16.69675000
16.52300000
16.76758400
16.47416600
16.84916700
16.81883300
16.70104200
16.62766700
16.10429100
17.31362500
16.64116700
16.70862500
16.08337500
17.02683300
16.32645900
16.95912500
16.40720800
17.29737500
16.66570800
16.52841700
16.85995800
16.06533400
16.69041600
17.19191700
16.76900000
16.42508300
16.85441700
16.69620800
16.15629200
16.68579200
16.97987500
16.59491600
16.48358400
16.67341600
17.29191700
16.69912500
16.65400000
16.70254200
16.70850000
16.04233300
17.27008300
16.70362500
16.68400000
16.67758400
16.69250000
16.67550000
16.67591600
16.45770900
16.84520800
16.15233300
17.32066700
16.04575000
17.19629200
16.20454100
16.64833400
16.68891600
17.22270900
16.13945800
16.68416700
17.17725000
16.75604100
16.33145900
16.46750000
17.27408300
16.71979200
16.69662500
16.63375000
16.09150000
17.06812500
16.67920800
16.79475000
16.62825000
16.85150000
16.68404200
16.69491600
16.67212500
16.68170900
16.67154100
16.31500000
17.07387500
16.63354200
16.70237500
16.71700000
16.62787500
16.46533300
16.85762500
16.56116700
16.28770800
17.29079200
16.67766700
16.55312500
16.84550000
16.63862500
16.69095800
16.70375000
16.08654200
16.66495800
16.68116700
17.12362500
16.83275000
16.09337500
16.68391600
17.06958400
16.29608300
17.02720800
16.80866700
16.83112500
16.66895800
16.68020900
16.72337500
16.64845800
16.66112500
16.76816700
16.01620800
17.09937500
16.28345800
17.27329200
16.70416700
16.68466600
16.65662500
16.52266700
16.24333300
17.28162500
16.71025000
16.66387500
16.07808400
17.16920800
16.69037500
16.62087500
16.79025000
16.62766700
16.20025000
17.22312500
16.61483300
16.57620800
16.89408400
16.40254100
16.83254200
16.77962500
16.62337500
16.68283300
16.74875000
16.61812500
16.63116700
16.76845800
16.65079200
16.20370800
17.22525000
16.62158400
16.68245800
16.74420800
16.62108400
16.68145800
16.75366700
16.61866600
16.67950000
16.74641700
16.60470800
16.71866700
16.76804200
16.10116600
17.26333400
16.71408300
16.64775000
16.10837500
16.70070800
16.66504200
17.08120800
16.41195900
17.14637500
16.09479100
17.17737500
16.18858400
16.68383300
17.30062500
16.49616700
16.25258300
17.09387500
16.27362500
17.30050000
16.67850000
16.66504200
16.70904100
16.66100000
16.12520900
17.34075000
16.59445800
16.66566700
16.69466600
16.08275000
16.92229200
16.95804200
16.77120800
16.63866700
16.73208300
16.67133300
16.26962500
16.50162500
17.27716700
16.68300000
16.18270800
17.09333400
16.80025000
16.06345800
17.03337500
16.84462500
16.23270800
16.62379200
17.23362500
16.53391700
16.86995800
16.09487500
17.29437500
16.65275000
16.70650000
16.08020800
16.95550000
16.90408400
16.19687500
17.27062500
16.37666600
17.01687500
16.64908400
16.71925000
16.67595800
16.67116700
16.12462500
17.07716600
16.24625000
17.27654200
16.72179200
16.64241600
16.69183400
16.66162500
16.44520800
16.95237500
16.16675000
16.94354200
16.62662500
16.85770800
16.63004200
16.85400000
16.30791600
16.66441700
17.07320800
17.10425000
16.28183400
16.72000000
16.04425000
16.68295800
16.69775000
16.72479200
17.23204100
16.09579200
16.66933300
17.26379200
16.73308300
16.05016700
17.24291700
16.12808300
17.27716700
16.65575000
16.61737500
16.29187500
16.57050000
17.29087500
16.09433300
17.23958300
16.10779200
16.69245800
16.77441700
17.10383300
16.53333400
16.55341600
17.03329200
16.09258300
17.29570900
16.69666600
16.06420900
17.18075000
16.17983300
16.99325000
16.99512500
16.06070800
16.69862500
17.28325000
16.49329200
16.25837500
16.68662500
17.28104200
16.65641600
16.34612500
16.79779200
16.72891700
16.90487500
16.64625000
16.10250000
17.29291600
16.07433400
17.25758300
16.35708300
17.01104200
16.72604200
16.67958300
16.67070800
16.08120900
17.09029100
16.61045900
16.84304100
16.18829200
17.08354200
16.30462500
17.28279100
16.66437500
17.56045900
15.83291600
16.62900000
16.10900000
17.08108400
16.89062500
16.69191600
16.67841700
16.66554200
16.70450000
16.67862500
16.73141600
16.68350000
16.02883400
16.70479100
17.27116700
16.08158300
17.27483400
16.08475000
16.93733300
16.42920800
17.29679200
16.16720800
16.73525000
17.04820900
16.65950000
16.66770800
16.74804200
16.62225000
16.68354100
16.74637500
16.62145900
16.68229100
16.74295900
16.56554100
16.73104200
16.75341700
16.62091600
16.67908400
16.75050000
16.62441600
16.67950000
16.74850000
16.62508400
16.67350000
16.75304100
16.61891700
16.67658300
16.75833400
16.61683300
16.68483300
16.74395900
16.61441600
16.68045900
16.75137500
16.14437500
16.68491600
16.79050000
16.57491700
17.26412500
16.55716700
16.22854100
17.28508400
16.69925000
16.65029100
16.32208400
17.07479100
16.41466700
16.96375000
16.55141700
16.67812500
16.19291600
16.76579200
17.06995800
16.83758400
16.66866600
16.67850000
16.07991700
17.29679200
16.64283300
16.71487500
16.64562500
16.70329200
16.55087500
16.23370800
17.03383300
16.60183400
16.93708300
16.75695800
16.50491700
16.33241700
17.00712500
16.66729100
16.67583400
16.31133300
17.29512500
16.64212500
16.71725000
16.34941700
16.67283300
16.64950000
16.92812500
16.76462500
16.72904200
16.55020800
16.37658300
16.52562500
17.29445900
16.35925000
16.88612500
16.19316600
16.76254200
17.21400000
16.70275000
16.05341700
17.29220800
16.26387500
16.75679200
16.96570800
16.13879200
17.28225000
16.56875000
16.19795800
16.69137500
17.30041700
16.53933300
16.20262500
17.13591700
16.23237500
17.29479100
16.69012500
16.67879200
16.06904200
16.68195800
17.13295800
16.83400000
16.70170900
16.40225000
16.41704100
17.24966700
16.65054200
16.66287500
16.70758300
16.07550000
16.68329200
16.68437500
16.68166600
17.16358400
16.82325000
16.47375000
16.35287500
17.23441600
16.29412500
16.44191700
17.31062500
16.05854200
17.28291600
16.69529200
16.17600000
17.04520800
16.71175000
16.44187500
16.43758400
17.30945800
16.70812500
16.63620800
16.67941700
16.54241700
16.21437500
16.78033300
16.59495800
16.67912500
16.70558400
17.21533300
16.77208300
16.03687500
17.19141700
16.38612500
17.09454200
16.48262500
16.62770800
16.31625000
17.28258300
16.09000000
16.68883400
17.15079100
16.69941700
16.79979200
16.68195800
16.60591700
16.15487500
17.26320800
16.71275000
16.65670800
16.70162500
16.70087500
16.06066700
17.05812500
16.89162500
16.69958300
16.51729200
16.79270800
16.62195900
16.80145800
16.72087500
16.64750000
16.65408300
16.74150000
16.37808400
16.35962500
16.89812500
16.96704100
16.18487500
17.31900000
16.65137500
16.68912500
16.70641700
16.64895800
16.69704200
16.69554200
16.25700000
16.48537500
17.25804100
16.52179200
16.27025000
17.27637500
16.69450000
16.69833300
16.06479200
17.22233300
16.75100000
16.67316700
16.48083300
16.44358400
16.54200000
17.07920800
16.90050000
16.60658300
16.73295900
16.67583300
16.09483300
17.22179200
16.14179200
17.22625000
16.43516600
16.39095900
17.21204100
16.16012500
17.23133400
16.12720800
17.21670800
16.77891700
16.65195800
16.68425000
16.67979200
16.08820800
16.68545900
17.10379100
16.80312500
16.62454200
16.79612500
16.58508300
16.72895900
16.57791600
16.24741700
16.68270800
17.22866700
16.59825000
16.69783300
16.75045900
16.62225000
16.69966600
16.74962500
16.61033400
16.73175000
16.69483300
16.63237500
16.18233300
17.25741700
16.68054200
16.71866600
16.70837500
16.57429200
16.16037500
17.32041700
16.62441600
16.74195900
16.67050000
16.66150000
16.08379100
16.68079200
17.29183300
16.72337500
16.44212500
16.78387500
16.65391700
16.64862500
16.85170800
16.69262500
16.06158400
17.28558300
16.72383300
16.67420900
16.66016600
16.07316700
16.68241700
17.14654100
16.22037500
17.08612500
16.28195900
17.29391600
16.68691700
16.65375000
16.73020800
16.67670900
16.66566600
16.71575000
16.64166700
16.08475000
17.28454200
16.68104100
16.48695900
16.28075000
17.29679100
16.06983400
17.26004100
16.70395900
16.71704100
16.64583400
16.69820800
16.69283300
16.14808400
17.20720800
16.70879200
16.05050000
17.02866600
16.96916700
16.68708300
16.04895900
17.23566600
16.67637500
16.74987500
16.70945900
16.64829100
16.76537500
16.61387500
16.07041700
17.28137500
16.71208300
16.67133400
16.65620800
16.42841700
16.34858300
17.28204200
16.71095800
16.66508300
16.07462500
17.30008400
16.06670800
17.28216700
16.72991600
16.18766700
16.53433300
17.21262500
16.64725000
16.21100000
17.14220900
16.20195800
17.05670800
16.76258400
16.23087500
16.68387500
17.07020800
16.29629200
17.06170800
16.92929200
16.51825000
16.22395800
16.68391700
16.68900000
17.11158300
16.45670800
16.66454200
16.97583300
16.82175000
16.65229200
16.71616700
16.69008300
16.05816700
16.68070800
16.68225000
17.28479200
16.42133300
16.86591700
16.56141600
16.76362500
16.45387500
17.04433400
16.63866600
16.73716700
16.67550000
16.67329200
16.08012500
17.29883300
16.69100000
16.53808300
16.73400000
16.77795900
16.20316600
16.54345900
16.69008300
17.15129200
16.20583300
17.14004200
16.31712500
17.20504100
16.69658400
16.48820800
16.75904200
16.17791600
17.30729200
16.22820800
16.99325000
16.62920900
16.25845800
17.23733300
16.73800000
16.07470900
17.32070800
16.66783300
16.75258400
15.99391600
17.28470900
16.70687500
16.05858300
17.07908300
16.28850000
17.30170900
16.06212500
16.89758300
16.47087500
17.30866700
16.21620800
17.07758300
16.17487500
17.17783400
16.76970800
16.66654200
16.71212500
16.04466600
17.28908400
16.60691600
16.61187500
16.22479200
16.68441700
17.28304100
16.08283400
16.68300000
17.06395800
16.30716700
17.30654100
16.66983400
16.67016600
16.70329200
16.67200000
16.68091700
16.70333300
16.05600000
16.69800000
17.13670800
16.25366700
16.64604200
16.68462500
17.28766600
16.67941700
16.72116700
16.65154100
16.68341700
16.69441700
16.66120800
16.59970800
16.17000000
16.68379200
16.68262500
17.20400000
16.53654200
16.78029100
16.21283400
17.28291600
16.70662500
16.71241700
16.62008300
16.71579200
16.68108300
16.65254200
16.71287500
16.68445800
16.06541700
17.20783300
16.77941700
16.55875000
16.74400000
16.62962500
16.67537500
16.74370800
16.62558400
16.68195800
16.74175000
16.61929200
16.68387500
16.74675000
16.61925000
16.67995800
16.74950000
16.62237500
16.68091700
16.74970800
16.61441700
16.68933300
16.74679200
16.62500000
16.67783300
16.74737500
16.62795800
16.67245900
16.76891600
16.69962500
16.65179200
16.12033300
17.13250000
16.23508400
17.26291600
16.64475000
16.70437500
16.74008400
16.51387500
16.23370800
17.30141700
16.28245800
17.10516700
16.67066600
16.66241700
16.71225000
16.67575000
16.65587500
16.70000000
16.69458300
16.63737500
16.10208400
17.24537500
16.12054100
16.86308400
17.12137500
16.67858300
16.68062500
16.66916700
16.69950000
16.66183300
16.70158300
16.67850000
16.69941700
16.47375000
16.73850000
16.33350000
16.92787500
16.91158300
16.71287500
16.67595900
16.68183300
16.70229200
16.65162500
16.27020800
17.12479200
16.66704100
16.68354200
16.69516700
16.66166600
16.29266700
16.52425000
17.13345800
16.77658400
16.73754100
16.03725000
16.93033400
16.90283300
16.23595800
17.28191700
16.69570800
16.66316700
16.70675000
16.65475000
16.37975000
16.94070800
16.12854200
17.28658300
16.09995900
17.29125000
16.66366600
16.70808400
16.66791600
16.07650000
16.85437500
16.50991700
17.05675000
16.93354200
16.65983300
16.68329200
16.07650000
17.28137500
16.11654100
17.27512500
16.67141700
16.66458300
16.61700000
16.58462500
16.66395900
16.27054100
17.28337500
16.68104200
16.70033300
16.67120900
16.08037500
17.20012500
16.16562500
16.68454100
16.68237500
17.30008400
16.66708300
16.69600000
16.67316700
16.67733300
16.71679200
16.67787500
16.05833300
16.68379200
17.19329100
16.17350000
16.99262500
16.70316700
16.37791700
16.65875000
17.04987500
16.74300000
16.69870800
16.83687500
16.56029200
16.21950000
17.00983300
16.96208300
16.07312500
16.68458400
17.28216600
16.70500000
16.66737500
16.69925000
16.26566700
16.48379200
16.67745800
16.68691700
17.26170800
16.74500000
16.60887500
16.15045800
17.06483400
16.86416600
16.49412500
16.87504200
16.67025000
16.70866700
16.69508300
16.06070800
17.26500000
16.21187500
17.14841700
16.10570800
17.14237500
16.80854200
16.68704200
16.70250000
16.66750000
16.67720800
16.72095800
16.64345900
16.09887500
17.29437500
16.43070800
16.90558300
16.55637500
16.22941700
16.68408300
16.68254200
17.03933300
16.76120900
16.86975000
16.66425000
16.70545800
16.68595800
16.64662500
16.70687500
16.52404200
16.22962500
16.78895800
17.10745900
16.59670800
16.83370800
16.69154200
16.62954200
16.13587500
16.68341600
17.08904200
16.81437500
16.67958300
16.62508400
16.73429100
16.64100000
16.67566700
16.74783300
16.62058400
16.68841600
16.73991700
16.62150000
16.68854200
16.74287500
16.61970800
16.68470800
16.74470900
16.60837500
16.71870800
16.74112500
16.59033300
16.73712500
16.16470900
17.23866600
16.69662500
16.11466700
16.70783300
17.21179200
16.60191700
16.21137500
16.69508300
16.67150000
17.17366700
16.73662500
16.14150000
16.77491600
16.86245900
16.85166600
16.24362500
17.28362500
16.68195900
16.69329100
16.68300000
16.69187500
16.22625000
16.98608400
16.21904100
17.28916700
16.08775000
16.73904200
17.02575000
16.79433300
16.79141700
16.63316600
16.70766700
16.70087500
16.66250000
16.09666700
16.67133300
16.68708300
16.69545900
17.25804100
16.45758400
16.78504100
16.80979200
16.15020800
16.93133400
16.75475000
16.30308300
17.10850000
16.53008300
16.77383400
16.90350000
16.68866600
16.09679200
17.20129200
16.56195800
16.52737500
17.05766700
16.64962500
16.68262500
16.11050000
16.67454100
17.08137500
16.28737500
16.68195900
17.26320800
16.60241700
16.78162500
16.08520800
16.68395800
17.14029200
16.40970800
17.01229200
16.17100000
17.29487500
16.09129200
17.25041600
16.71004200
16.67841700
16.07437500
17.27283300
16.68854200
16.08891600
17.16141700
16.20491700
17.06845800
16.29945800
17.29804200
16.66570800
16.69250000
16.65900000
16.69425000
16.70491700
16.06825000
17.26850000
16.71379200
16.66483300
16.08925000
17.29812500
16.65225000
16.56691700
16.81229100
16.08558400
16.68729100
17.29045900
16.67483300
16.69570800
16.69566700
16.62308300
16.70491700
16.09254200
16.91150000
16.91595800
16.84333300
16.06308400
17.26779100
16.72320900
16.65029100
16.68512500
16.09079200
17.28275000
16.08291700
16.69200000
17.24687500
16.28479100
16.96208400
16.81425000
16.42879100
16.40429200
17.23729200
16.67216600
16.69475000
16.46804200
16.30750000
17.30291700
16.65108300
16.70812500
16.62725000
16.68700000
16.11425000
17.28850000
16.65100000
16.70745800
16.08283400
17.26220800
16.73145800
16.50450000
16.23550000
17.09837500
16.38229200
17.17025000
16.67608300
16.67225000
16.47666700
16.90204200
16.54170800
16.23033300
17.10458400
16.39679100
17.36812500
15.86462500
17.03404200
16.34870800
17.28437500
16.06512500
16.85229200
16.66825000
17.13129200
16.64129100
16.22358400
17.19575000
16.14858300
16.60983300
16.80179200
16.96516700
16.89975000
16.66725000
16.69775000
16.67975000
16.64720800
16.73979200
16.65429100
16.72400000
16.65991700
16.27604200
16.86012500
16.52558300
17.06000000
16.30200000
16.70629200
17.18270800
15.93045800
17.09350000
16.53841700
17.00566700
16.62745800
16.15170800
17.22333400
16.35287500
16.94112500
16.70670800
16.36083300
16.51541700
17.96416700
15.58000000
16.50625000
17.05329100
16.31333400
17.10025000
16.78691600
16.29800000
16.86300000
16.36762500
17.30208400
16.54612500
16.66387500
16.76312500
16.62150000
16.67083300
16.74383300
16.61979200
16.68145800
16.74987500
16.16537500
16.67175000
17.24775000
16.66854200
16.54695800
16.75783400
16.44733300
16.92879200
16.18716600
16.68295900
17.28820800
16.07841700
16.68312500
17.32062500
16.04633300
17.15779200
16.82275000
16.68400000
16.67550000
16.69758300
16.06237500
17.26487500
16.72354200
16.68604100
16.65300000
16.10941700
17.25341700
16.52991600
16.76516700
16.73529200
16.68691600
16.73358400
16.68291600
16.64983400
16.69625000
16.54083300
16.22154200
16.68429100
17.27829200
16.54100000
16.23175000
16.68570800
17.07991700
16.28441700
17.28595800
16.66708300
16.71279200
16.08920800
17.27195900
16.69179100
16.06237500
16.68604200
16.68112500
16.70312500
16.79670800
16.55037500
17.17950000
16.19387500
16.67695900
17.08787500
16.89033300
16.71850000
16.64200000
16.71041700
16.04983300
17.13433300
16.84741700
16.51962500
16.23408300
17.30408400
16.06237500
17.27195800
16.70825000
16.69616700
16.65704100
16.69683400
16.67175000
16.07941600
17.29525000
16.07141700
17.03495800
16.33183400
17.04091600
16.79733400
16.80300000
16.68212500
16.68308300
16.69387500
16.68208300
16.08420900
17.29591600
16.66262500
16.69916700
16.07641700
16.91275000
16.48620800
16.68033300
17.25091700
16.56116700
16.66850000
16.28554100
17.03629200
16.26741700
17.26737500
16.69029100
16.53408400
16.24283300
16.99612500
16.37004200
17.28512500
16.34791600
16.66645900
17.03383300
16.28004200
16.96975000
16.19945800
16.97375000
16.39412500
16.77995800
16.68800000
17.19241700
16.68387500
16.69212500
16.10466700
17.24608300
16.08320800
16.67870900
17.05358300
16.86516700
16.75166600
16.25183400
16.78787500
16.94512500
16.12854100
17.29658400
16.06937500
16.68466600
16.68204200
17.04129200
16.33733300
17.29166700
16.06445800
17.25775000
16.73366700
16.64062500
16.10400000
17.28812500
16.07458300
16.96516700
16.40175000
16.68366600
17.27445900
16.53408300
16.24129200
16.83633300
17.14037500
17.58200000
15.28495800
17.10808400
16.15266600
17.04583400
16.77170800
16.60404200
16.77216600
16.85391700
16.65208300
16.07854200
17.30725000
16.07350000
16.66916700
16.68979100
17.00625000
16.35566700
17.21433300
16.75462500
16.08958400
17.29883300
16.06062500
16.68416700
17.18687500
16.60987500
16.80450000
16.56783300
16.68212500
16.82620800
16.59687500
16.68162500
16.74629200
16.64716700
16.68875000
16.15862500
17.13129100
16.23591700
17.23716700
16.58679100
16.67979200
16.22904200
17.16158300
16.69362500
16.72216700
16.60270800
16.75666700
16.71537500
16.62458300
16.68233300
16.76037500
16.60762500
16.68441700
16.74679200
16.61870800
16.69062500
16.72920800
16.67004200
16.71575000
16.73845800
16.65987500
16.69687500
16.68904200
16.06591700
16.69775000
17.28820800
16.65945800
16.70012500
16.70237500
16.65820900
16.69920800
16.06225000
16.68312500
16.68383300
17.31445900
16.52504100
16.78216700
16.24358300
17.05275000
16.81412500
16.66516700
16.68062500
16.08433300
17.27579200
16.52691700
16.78791600
16.75158400
16.47670800
16.63337500
16.92416700
16.67395800
16.71504200
16.67183300
16.69237500
16.68633300
16.65912500
16.07825000
16.68412500
17.29733400
16.54091600
16.21262500
17.29370900
16.68158300
16.71425000
16.65412500
16.32137500
16.43316700
17.28933300
16.68658300
16.61925000
16.13879200
17.30316700
16.71208300
16.46670800
16.75583400
16.18208300
17.28241700
16.08129100
16.78345900
17.20379100
16.69070900
16.66962500
16.67245800
16.71229200
16.05029100
16.68383400
16.68375000
17.22408300
16.74629200
16.71037500
16.67820800
16.66020800
16.70400000
16.05900000
16.68545900
17.24029100
16.13212500
17.26512500
16.71420900
16.06362500
17.29716600
16.07379200
17.27825000
16.08837500
17.21087500
16.15179200
17.30566600
16.06075000
17.23775000
16.13029200
17.32483300
16.48512500
16.40216700
16.52925000
17.26591700
16.55083300
16.81404200
16.70879100
16.06787500
17.29129200
16.54375000
16.42666700
16.47066600
17.20941700
16.15816700
16.87233300
16.97416700
16.81345800
16.70708300
16.66233400
16.07175000
17.29812500
16.66637500
16.70083300
16.70866700
16.05454100
17.29633400
16.24804100
17.09775000
16.70125000
16.68450000
16.14695900
17.21354100
16.70000000
16.66112500
16.68770900
16.06550000
17.28933300
16.71383300
16.64891700
16.67283300
16.71366700
16.06137500
17.21258300
16.77291700
16.07470800
17.27991700
16.69708300
16.07733400
16.76916600
17.04766700
16.22016700
17.29491600
16.70433400
16.65616600
16.68441700
16.69829200
16.21729100
16.58779200
16.62545800
17.27500000
16.10183400
16.67075000
17.15112500
16.82308300
16.70483300
16.63287500
16.10525000
17.22758400
16.14237500
17.14925000
16.38379100
16.98629200
16.65670800
16.76366700
16.15566700
16.68400000
16.68254100
16.69475000
17.00879200
16.42079200
17.25175000
16.04204100
16.68520900
16.96962500
16.63400000
16.44400000
17.17608300
16.73083300
16.65670900
16.66375000
16.76704100
16.55675000
16.71520900
16.75587500
16.62337500
16.67854100
16.74941700
16.61841700
16.68487500
16.74737500
16.61812500
16.68304100
16.74500000
16.61362500
16.69820900
16.73695800
16.62483300
16.18875000
17.23866700
16.62270800
16.68845900
16.61925000
16.73616600
16.68204200
16.64462500
16.75404200
16.69933300
16.75687500
16.68595800
16.67675000
16.70883400
16.66670800
16.67650000
16.70883300
16.05041700
16.68404200
17.16891600
16.81800000
16.69425000
16.05204200
16.68354200
16.68254100
17.31779200
16.64858300
16.61525000
16.55533400
16.90504100
16.68704200
16.40654200
16.33183300
16.88529200
17.10345800
16.66370800
16.08141700
17.22404200
16.74966600
16.27004200
16.48920800
16.68250000
16.68420900
16.68416600
17.29729200
16.66533300
16.68062500
16.69220900
16.69520800
16.06804200
16.68400000
17.30762500
16.05787500
16.68487500
17.32500000
16.48004100
16.64862500
16.87641700
16.31812500
17.06754200
16.68320800
16.66400000
16.69041700
16.70966600
16.63108400
16.71995800
16.46483300
16.28700000
17.28237500
16.37708400
16.96591600
16.14770900
17.10862500
16.67529100
16.23804200
17.31933300
16.35887500
16.82050000
16.68945900
16.21650000
17.12154100
16.24554200
16.73695800
17.27687500
16.03595900
17.35337500
16.61800000
16.70495800
16.66275000
16.07679200
16.68433300
17.26537500
16.57491700
16.42137500
17.07775000
16.69895800
16.68179200
16.88991600
16.50033400
16.63608300
16.10275000
17.29591700
16.67437500
16.66016600
16.71958400
16.05058300
16.68341700
16.81637500
17.17325000
16.64720800
16.51475000
16.26504200
17.06604100
16.92612500
16.49800000
16.24312500
17.31429200
16.63625000
16.71825000
16.70529200
16.64329100
16.70566700
16.06025000
17.27525000
16.68800000
16.08600000
17.07400000
16.29658300
17.30995900
16.67304100
16.69483400
16.68754100
16.63975000
16.70000000
16.71704200
16.05729200
17.08175000
16.27137500
17.07587500
16.91500000
16.50087500
16.24450000
17.11641600
16.24412500
16.68495900
17.30550000
16.13108300
17.23345800
16.68491700
16.06545800
17.08154200
16.74962500
16.36320800
17.13500000
16.72779200
16.64745800
16.68062500
16.69475000
16.67054200
16.31679200
16.51075000
17.22379100
16.08775000
17.21691700
16.13870800
17.28362500
16.08404200
16.68283300
16.68350000
16.68287500
16.85987500
17.01745900
16.79862500
16.05866600
17.30150000
16.66412500
16.68916700
16.70095800
16.06145900
17.28187500
16.69433300
16.69829200
16.05933300
17.13475000
16.59037500
16.69012500
16.92941700
16.58395800
16.56504200
16.84162500
16.68241600
16.62333400
16.78091600
16.51833400
16.76641600
16.69783400
16.65850000
16.67137500
16.75391600
16.62279200
16.66795800
16.76212500
16.61079200
16.69004200
16.74341600
16.62483400
16.67829100
16.74562500
16.62508400
16.68366600
16.74350000
16.62212500
16.68687500
16.76566700
16.59558300
16.66812500
16.20583400
17.17570800
16.69016700
16.18412500
17.20445800
16.72345800
16.75345900
16.66541600
16.67695900
16.71591600
16.49891700
16.85604200
16.64229100
16.70537500
16.70045900
16.05987500
16.68012500
17.31858300
16.66783300
16.06375000
17.12162500
16.75383400
16.26466600
16.59308400
17.20954100
16.51837500
16.32320900
16.70095800
16.66591700
17.18091600
16.80862500
16.68016700
16.69408300
16.66541700
16.67420800
16.09154200
17.27016700
16.67612500
16.70141600
16.67108400
16.68695800
16.55679200
16.21183300
17.29187500
16.71754200
16.51687500
16.20429100
17.31625000
16.64687500
16.70079200
16.69791700
16.68412500
16.65433300
16.08250000
17.27766700
16.70666600
16.06937500
17.28837500
16.66875000
16.63195900
16.74270800
16.56733300
16.19720900
17.25179100
16.27375000
17.12912500
16.66829200
16.29508300
17.08650000
16.07883400
17.29570800
16.07125000
17.23545800
16.13141700
17.30633300
16.44787500
16.86183400
16.73908300
16.65841700
16.72408300
16.68166700
16.63016600
16.71987500
16.61287500
16.51204200
16.89091700
16.50529100
16.44962500
16.50925000
17.23525000
16.14125000
17.28712500
16.67108400
16.67995800
16.71433300
16.62541700
16.71783300
16.07716700
17.24666700
16.70741600
16.09675000
17.12695900
16.82787500
16.09566600
17.26525000
16.67095900
16.64445800
16.71991700
16.53604100
16.26595900
17.04887500
16.71870800
16.89687500
16.63245800
16.70154200
16.09895800
17.24745900
16.55779100
16.24391700
17.26595800
16.71037500
19.72466700
13.03241700
17.17600000
16.67212500
16.20204100
17.09970900
16.73016600
16.81495900
16.71279100
16.66266700
16.68958300
16.07575000
17.28508400
16.08412500
16.97541600
16.49833400
16.58720800
17.09991700
16.56120800
16.38316700
16.95816600
16.50758400
16.94487500
16.31204100
16.82608400
16.72404100
16.50237500
16.68187500
17.18429200
16.26700000
17.13345800
16.73687500
16.49395900
16.37875000
16.59512500
17.25608300
16.10654200
17.15587500
16.20912500
17.18925000
16.53275000
16.92833300
16.66520800
16.55904200
16.22608300
16.68187500
16.68270900
17.07662500
16.84412500
16.51204100
16.57850000
16.58691700
16.50220800
16.69425000
17.23470900
16.71208300
16.69462500
16.66037500
16.66675000
16.72708300
16.07725000
17.29066700
16.07508300
16.68420900
16.74725000
17.12000000
16.60408300
16.86512500
16.20633300
17.00433400
16.76816600
16.62162500
16.68700000
16.75320900
16.61333300
16.68566700
16.74545800
16.62362500
16.67862500
16.75641700
16.61945800
16.66700000
16.75345800
16.62325000
16.68345900
16.74920800
16.60925000
16.68416700
16.75475000
16.62204100
16.67754200
16.74879200
16.62125000
16.68437500
16.74754100
16.62704200
16.67945800
16.74683400
16.29975000
17.00208300
16.71516700
16.66020800
16.75516700
16.73791600
16.66683400
16.70712500
16.69483300
16.63733300
16.69891700
16.07829200
16.98691600
16.80145900
16.26308300
17.00720800
16.89133400
16.74791600
16.66783400
16.43212500
16.65254100
16.66908400
17.01187500
16.06841600
16.68666700
16.67966700
17.04962500
16.66516600
16.93725000
16.68429200
16.64954200
16.74429100
16.63937500
16.09812500
17.08854200
16.73358300
16.81720900
16.63308300
16.72262500
16.68812500
16.11154200
17.27325000
16.08129100
16.76875000
17.19741700
16.09233300
16.67575000
17.26595900
17.45300000
15.50616600
16.50745900
17.23254100
16.76704200
16.13804200
16.59645800
16.68295800
16.99600000
16.76258400
16.90975000
16.66858300
16.69575000
16.69350000
16.61658300
16.20979200
16.59745800
16.68325000
17.25200000
16.12754200
16.67745800
17.30991700
16.08987500
16.75437500
17.01937500
16.36808300
17.15229200
16.70958300
16.05641700
16.93650000
17.05033300
16.06233400
17.03137500
16.97516600
16.04445900
17.15891600
16.82208400
16.32716600
17.03954200
16.70141700
16.62125000
16.11254100
16.68550000
16.68087500
17.14250000
16.85887500
16.61979200
16.50237500
16.72795800
16.44154200
17.08008300
16.09412500
17.28725000
16.65108400
16.74129100
16.65841700
16.69604200
16.68333300
16.65741700
16.68866600
16.69662500
16.07258400
17.26266600
16.32508400
16.84633300
16.53145800
16.88645900
16.24975000
17.09620800
16.90070800
16.65504200
16.71320800
16.67891700
16.65108300
16.69091700
16.59054200
16.75525000
16.72125000
16.06416600
16.68141700
17.29270800
16.66820900
16.28375000
16.96608300
16.20587500
17.26995800
16.09683400
17.12012500
16.85025000
16.69058300
16.67354200
16.66987500
16.72370800
16.67287500
16.44133300
16.30904200
17.04925000
16.31650000
17.29450000
16.07225000
17.26179200
16.73150000
16.64550000
16.71104100
16.68983400
16.65575000
16.08741600
17.30200000
16.51233400
16.23608300
17.30845800
16.64479200
16.67662500
16.73254200
16.50354100
16.76508400
16.15204100
16.68320900
17.33362500
16.66325000
16.05375000
16.68679100
16.91033400
17.04850000
16.70766600
16.06208400
17.04000000
16.81545800
16.19750000
17.26379200
16.58829100
16.63170900
16.84895800
16.72612500
16.29141700
16.43412500
17.30033300
16.67012500
16.65837500
16.70250000
16.66050000
16.69808300
16.71020900
16.42091600
16.32600000
17.11529200
16.48600000
17.05425000
16.70500000
16.64091700
16.68595800
16.70658300
16.67129200
16.68187500
16.70195800
16.06708400
17.27358300
16.54266700
16.23516600
17.04870900
16.81170800
16.57616700
16.51204100
17.09945900
16.05070800
17.20887500
16.77945800
16.46791700
16.77475000
16.72183300
16.55825000
16.66458400
16.82816600
16.63079200
16.73266700
16.69070800
16.61662500
16.75108300
16.68216700
16.61837500
16.74575000
16.14400000
17.15266700
16.74545800
16.69441700
16.60929100
16.75925000
16.62562500
16.68029200
16.74066700
16.61554100
16.68787500
16.74329200
16.62420800
16.69762500
16.19200000
16.69320900
17.23458300
16.72858300
16.62029200
16.13841700
17.11100000
26.12970800
6.97833300
17.01754200
16.55054200
16.90087500
16.70791600
16.48000000
16.77825000
16.32554200
16.53666700
16.68454100
16.68375000
16.70304200
17.25150000
16.09554200
16.69816600
16.90841700
17.06458300
16.06133400
16.68591600
16.68083400
16.79629100
17.00037500
16.25387500
16.68229200
17.19075000
16.79150000
16.68016700
16.67566600
16.69387500
16.06833400
17.29104100
16.09641700
17.28716700
16.06004100
17.29079200
16.07404200
17.31300000
16.66291600
16.07466700
16.68337500
16.68254200
16.68412500
17.29591600
16.67345900
16.65529100
16.73925000
16.64245900
16.09787500
16.87162500
16.49100000
17.27008300
16.26712500
16.60375000
17.17795800
16.33870900
16.66187500
16.82416600
16.32504200
16.69475000
17.15033300
16.20320900
17.28362500
16.64325000
16.74541600
16.05966700
16.68441700
16.70025000
17.05025000
16.31170800
17.07104200
16.88533300
16.70416700
16.68195800
16.65500000
16.71866700
16.66570800
16.52016700
16.23570800
16.68625000
17.28237500
16.43933300
16.75491700
16.82804200
16.10883300
17.30650000
16.06166700
16.68433300
16.68075000
17.28612500
16.57870800
16.20516700
17.04054200
16.61229100
16.99175000
16.63966700
16.72995800
16.28466700
17.06583300
16.08433400
17.03120800
16.74354200
16.65812500
16.91712500
16.67229100
16.69533400
16.06354100
16.69766700
16.70041700
17.26825000
16.65687500
16.10258300
16.67712500
17.10233300
16.26054200
17.07333300
16.29400000
17.12279200
16.84200000
16.50254200
16.26904100
17.28716700
16.67391700
16.69541600
16.66812500
16.08833400
16.68304100
16.70266700
17.28483300
16.69220900
16.06395800
16.69408300
16.66429200
17.27591700
16.70770800
16.68120800
16.67337500
16.71233400
16.10641600
17.25120900
16.67858300
16.53737500
16.20895800
16.69254200
16.67579200
17.29395800
16.06995800
17.16500000
16.78745900
16.56104100
16.43679200
16.52233300
17.25304200
16.05816700
16.69912500
17.29470800
16.05937500
17.41904200
16.57675000
16.66612500
16.66137500
16.71604100
16.66283400
16.07695800
16.68350000
17.27625000
16.22766700
16.77879100
17.06308400
16.07375000
17.13995800
16.22387500
17.09737500
16.27387500
17.03208300
16.90075000
16.41945900
16.86133300
16.73266700
16.70487500
16.61466600
16.75129200
16.68025000
16.62454200
16.76358300
16.69454200
16.62695800
16.70566700
16.68858300
16.61800000
16.74737500
16.68679200
16.61991600
16.74879200
16.12366700
17.17595800
16.71520800
16.66550000
16.67550000
16.74095900
16.62545800
16.67604200
16.74941600
16.62287500
16.67891700
16.75408300
16.11991700
17.22550000
16.75141700
16.07350000
17.28345800
16.70654200
16.64479100
16.09879200
17.29716700
16.38954100
16.41245900
17.26683300
16.43795800
16.74058400
16.52479100
16.92300000
16.64237500
16.82637500
16.65445900
16.70979100
16.68229200
16.65583300
16.40295900
16.98950000
16.66129100
16.70950000
16.05962500
16.68137500
17.26895900
16.75104100
16.63625000
16.68633400
16.07879100
16.67804200
16.83579200
16.53050000
16.68316600
16.68379200
17.12750000
16.59029200
16.95395800
16.68550000
16.67312500
16.67925000
16.66987500
16.74791700
16.66879100
16.33737500
16.39666700
17.30495800
16.65870900
16.67854100
16.70208400
16.68137500
16.66745800
16.23350000
16.95729200
16.37070800
16.67475000
17.17104200
16.69887500
16.70537500
16.66012500
16.67512500
16.07954100
17.21145900
16.55833300
16.65166700
16.91437500
16.65991600
16.10325000
16.69804200
17.27491700
16.07783300
17.10779200
16.68437500
16.74091600
16.81345900
16.68912500
16.69066600
16.07520900
16.66537500
17.32291600
16.57237500
16.77554200
16.06216700
16.68304100
17.13362500
16.88166700
16.03479200
17.15354100
16.83754200
16.66195800
16.70491700
16.68933300
16.65737500
16.60162500
16.16045900
17.28716600
16.71916700
16.41050000
16.31666700
17.31066600
16.05500000
17.17504200
16.19191700
17.15091600
16.21616700
17.26137500
16.70266700
16.39204100
16.39116700
16.67083300
17.11204200
16.88775000
16.65325000
16.67233300
16.10233400
16.67104100
16.68325000
16.69145900
17.07079100
16.88758400
16.69325000
16.67091600
16.69437500
16.69483400
16.48575000
16.57404100
16.98495900
16.68154100
16.07095900
16.68337500
17.29262500
16.71137500
16.68695800
16.64566700
16.08041600
17.32212500
16.64608400
16.60008300
16.16366700
16.69150000
16.87008300
16.50429200
16.66720800
17.24395800
16.12362500
16.68904200
16.68200000
17.28583300
16.67095900
16.09716600
16.67412500
17.31225000
16.18179200
16.91995800
16.51329200
16.95841700
16.82362500
16.07400000
16.69275000
16.67400000
17.08975000
16.90275000
16.66983300
16.64220800
16.74608400
16.66983300
16.66750000
16.08037500
17.19050000
16.17941700
16.72945800
17.00266700
16.31287500
17.12987500
16.44345800
17.08662500
16.07404200
17.28570800
16.68725000
16.65995800
16.71500000
16.61129200
16.14045800
17.17066700
16.75020800
16.68437500
16.61241700
16.75670800
16.68462500
16.61629200
16.74625000
16.68295800
16.62454200
16.74166700
16.12929100
17.17466700
16.76541700
16.69166600
16.62508400
16.71262500
16.13083300
17.21079200
16.71641600
16.64912500
16.64929200
16.74487500
16.62483300
16.69183400
16.17962500
17.17800000
16.67891600
16.74645900
16.65837500
16.68095800
16.74166700
16.67395800
16.70787500
16.71720800
16.66370900
16.67187500
16.11408300
17.25333300
16.09966700
16.94070800
16.40979200
16.68095800
17.32000000
16.65737500
16.67437500
16.71104200
16.66029200
16.66408300
16.71750000
16.66925000
16.71750000
16.53579200
16.37116600
17.14816700
16.07025000
16.64925000
17.28462500
16.57045800
16.19520900
17.30308300
16.68362500
16.29154200
17.09145800
16.66091700
16.68525000
16.65445800
16.09645800
16.68308400
17.30866600
16.07504200
17.26425000
16.70795800
16.67187500
16.67066700
16.08450000
16.68262500
17.16000000
16.82054200
16.16362500
17.10000000
16.80620800
16.52975000
16.81654200
16.69483300
16.65129200
16.67908300
16.09958300
17.27783400
16.08408300
17.32083300
16.66379200
16.49895800
16.67637500
16.25729200
16.70287500
17.11166700
16.57112500
16.77858300
16.87529200
16.48179100
16.26241700
17.32154200
16.04529100
17.31233400
16.68620800
16.65179200
16.34054100
17.08591700
16.63262500
16.55179200
16.84945800
16.65487500
16.69883300
16.13108400
16.60387500
17.19229100
16.45529200
17.00929200
16.68704100
16.07220900
16.69825000
17.29016600
16.66570900
16.07920800
17.31770800
16.66962500
16.65237500
16.69408400
16.69500000
16.66829100
16.08700000
16.68250000
17.16079200
16.20666700
17.27975000
16.21808300
17.18350000
16.65454200
16.32800000
16.52200000
17.00083300
16.45462500
17.14108300
16.65737500
16.68700000
16.70679200
16.65275000
16.48275000
16.81833300
16.33595900
16.65475000
17.14295800
16.67504200
16.68254100
16.07491700
16.67895800
17.19591700
16.69012500
16.24883300
16.65270900
16.62991600
17.29125000
16.61795900
16.75454100
16.66983400
16.70420800
16.69966700
16.64933300
16.70062500
16.67870800
16.06645900
17.30595800
16.06054200
16.68454100
16.74600000
16.62441700
17.28187500
16.08329200
16.68029100
17.08279200
16.69258300
16.88595900
16.53412500
16.85645800
16.66379200
16.07041600
17.30979200
16.65700000
16.47175000
16.29179200
17.05258300
16.91741700
16.55679100
16.20679200
17.08804200
16.28112500
17.10600000
16.50400000
16.96104100
16.16100000
17.06308400
16.41454100
16.98583400
16.74050000
16.72395800
16.64908300
16.67408400
16.76104100
16.61008400
16.20979100
17.21883400
16.63025000
16.74512500
16.68354100
16.61137500
16.75229200
16.62045800
16.68650000
16.74466700
16.68008300
16.62766700
16.74483300
16.67925000
16.62087500
16.74600000
16.51170900
16.79683300
16.19954200
17.16237500
16.68504100
16.74008400
16.62595800
16.65879200
16.22791600
16.68408400
17.14287500
16.84891600
16.66366700
16.68162500
16.70683300
16.66204200
16.67458300
16.08537500
16.68400000
17.25370900
16.56300000
16.71120800
16.20520800
17.31825000
16.04887500
17.17616700
16.32879200
16.75945800
17.06679200
16.70991600
16.64995900
16.09095800
16.68454200
16.68308300
17.04437500
16.96179200
16.04433300
17.30845800
16.55966700
16.77754200
16.71387500
16.18445800
16.55462500
16.80466700
17.18550000
16.64625000
16.09683300
17.29529200
16.07354100
17.10654200
16.76625000
16.18054200
17.28737500
16.54504100
16.54212500
16.35341700
17.27062500
16.09683300
16.68708400
17.14741600
16.58362500
16.71487500
16.90487500
16.68158400
16.74541600
16.59508400
16.67191600
16.10187500
16.68329200
17.25375000
16.61937500
16.55066700
16.69366600
16.91554200
16.06700000
17.01529200
16.35091600
17.11008400
16.85575000
16.71754100
16.64691700
16.68454200
16.69700000
16.07066600
16.68429200
16.99658300
16.98408400
16.45850000
16.71995800
16.43712500
17.07966700
16.71987500
16.65375000
16.73433300
16.04912500
16.69804200
16.69162500
17.07620800
16.79741700
16.16562500
16.80625000
16.54837500
17.29570800
16.31245800
16.44116700
16.68475000
16.68779200
17.03366600
16.33650000
17.19837500
16.15887500
16.69383400
17.08275000
16.83716600
16.77716700
16.38483300
16.91950000
16.71808400
16.63400000
16.70233300
16.70204200
16.29941600
16.44912500
17.09600000
16.84825000
16.25987500
16.53145900
17.28633300
16.68320800
16.69712500
16.11950000
17.21941700
16.66945800
16.69320900
16.65925000
16.12125000
16.68750000
17.23104100
16.13154200
17.26041700
16.13525000
16.71987500
17.20920800
16.49216700
16.28183300
16.69287500
16.82895800
17.18204200
16.60341700
16.40475000
17.02470800
16.62254200
16.75466600
16.64508400
16.34541600
16.59633400
16.89866600
16.85508400
16.54629100
16.38358400
16.79975000
16.43229100
16.68404200
17.27295800
16.09425000
16.68600000
17.26966700
16.74112500
16.61879200
16.66120800
16.13979200
17.27608300
16.07316700
16.69750000
16.67787500
16.68762500
16.67000000
16.98575000
16.38108300
17.15529200
16.62270800
16.88900000
16.62458300
16.59083400
16.68666600
16.75516700
16.61791700
16.68595800
16.74675000
16.62450000
16.67133300
16.75416700
16.61145800
16.69891700
16.74150000
16.61750000
16.74233300
16.68537500
16.62154200
16.75570800
16.69158400
16.12666600
16.72191700
16.64545800
16.68195900
17.27700000
16.09225000
16.68116600
17.15700000
16.72412500
16.70875000
16.68716700
16.13970800
17.13816700
16.77691700
16.67925000
16.71804100
16.71683400
16.66750000
16.27908300
16.70383300
16.61508400
16.54037500
17.29920800
16.66716700
16.67491600
16.72400000
16.66391700
16.63558300
16.72095900
16.68925000
16.28508300
16.90520800
16.69733400
16.23541600
17.13366700
16.84095800
16.70695900
16.68337500
16.64316600
16.68041700
16.71020800
16.67087500
16.67170900
16.56058300
16.21416700
17.29233300
16.68091700
16.46362500
16.29720800
16.96250000
16.99137500
16.54529200
16.56158300
16.94233300
16.10979200
17.27462500
16.69370800
16.71254200
16.63295800
16.70216700
16.67687500
16.69325000
16.66437500
16.71975000
16.44716700
16.58095800
16.85525000
16.83183300
16.47750000
16.69762500
16.90841700
16.42404200
16.92541600
16.64700000
16.67529200
16.09825000
17.28050000
16.09054200
16.69237500
17.27095800
16.51520800
16.87241700
16.65783300
16.67112500
16.70741700
16.67604200
16.66087500
16.71008300
16.67491700
16.67408300
16.24737500
16.60079200
17.21370800
16.70287500
16.45933300
16.74970900
16.84820800
16.66920800
16.66212500
16.68858400
16.67562500
16.69875000
16.70404100
16.63829200
16.70625000
16.07904200
16.79975000
17.18175000
16.68762500
16.66625000
16.69233300
16.58195800
16.19262500
17.08404200
16.26395800
16.68437500
16.68216700
17.22379200
16.73495800
16.09170800
17.25658400
16.50600000
16.29825000
16.95720800
16.76154200
16.91600000
16.72612500
16.65916600
16.07850000
16.67233400
16.87420800
17.11816700
16.65729100
16.47237500
16.30441700
16.74479200
17.01950000
16.87804100
16.09787500
16.67591700
17.29800000
16.06070800
17.27216700
16.72379200
16.06587500
17.25645800
16.09816700
16.68316600
17.04479200
16.94587500
16.05841700
17.05887500
16.93962500
16.64808300
16.56950000
16.20079200
16.68470800
17.29612500
16.34254200
16.60333300
16.49400000
17.29900000
16.28387500
16.46658300
16.68066700
16.68258300
17.10475000
16.26175000
16.68804200
17.25666700
16.24370800
16.54541700
16.81716600
17.17695900
16.65025000
16.70295800
16.66512500
16.68512500
16.08516700
16.69895800
17.06208300
16.74358400
16.23025000
17.27479100
16.69145900
16.53037500
16.73454100
16.18454200
16.68341700
17.15995800
16.75333300
16.61362500
16.68237500
16.74883400
16.61925000
16.68020800
16.75129200
16.61812500
16.68520800
16.73654200
16.63545800
16.67754200
16.74608300
16.61358300
16.71525000
16.72062500
16.62620900
16.74283300
16.67895800
16.62470900
16.74362500
16.67937500
16.62379100
16.75183400
16.67841600
16.62262500
16.57458400
16.87091600
16.67220900
16.75687500
16.68029100
16.48966700
16.26395800
17.14391700
16.81275000
16.70975000
16.06275000
17.24291700
16.49500000
18.09629100
14.90108400
16.68383300
16.68058300
16.68216700
16.68341700
16.68345800
16.68320800
16.68379200
16.68637500
16.68037500
16.68287500
16.68379200
16.68279100
16.68679200
16.67991700
16.68387500
16.68275000
16.69795800
16.66879200
16.68325000
16.68333300
16.68908300
16.67754200
16.68341700
16.68333300
16.79270800
16.89879200
16.70662500
16.70441700
16.67616600
16.66162500
16.34320900
17.01566600
16.66195900
16.69616600
16.72675000
16.71666700
16.72166700
16.64266600
16.69145900
16.72229100
16.63429200
16.28716700
17.06579100
16.30079200
17.04383300
16.75104200
16.31008300
16.62904200
17.14062500
16.69350000
16.66733300
16.70654200
16.68833300
16.68204200
16.20437500
16.69220800
17.16933400
16.65204100
16.69150000
16.71254200
16.18208300
17.20783400
16.71633300
16.64700000
16.69433300
16.70108400
16.65987500
16.19045800
17.24583300
16.62629200
16.62000000
16.80175000
16.08941700
16.68312500
17.28316600
16.66595900
16.66608300
16.15070800
16.65083400
17.28970800
16.70087500
16.07966700
17.26479100
16.69575000
16.06908400
17.30729100
16.69425000
16.64300000
16.71158400
16.70541600
16.63520900
16.70979100
16.06045900
16.68333300
17.30375000
16.67970800
16.66408400
16.09141600
16.68141700
17.23250000
16.13187500
17.27550000
16.08962500
17.29979200
16.06675000
17.27429100
16.71412500
16.06154200
16.68483300
17.31000000
16.65520900
16.68725000
16.69650000
16.65933300
16.68008300
16.70629200
16.07150000
16.70395800
17.29100000
16.07979200
16.65866700
17.24283300
16.12395800
17.27387500
16.25129200
17.10754200
16.69575000
16.70570800
16.17025000
17.17304200
16.08804100
16.68337500
17.30458400
16.06545800
16.67991700
17.30258300
16.67958300
16.66712500
16.69975000
16.07037500
16.74904200
16.62487500
16.67337500
16.68333300
17.30575000
16.06091700
16.80862500
17.17666700
16.67475000
16.26537500
17.12191600
16.62500000
16.64750000
16.76850000
16.66191700
16.68279200
16.69991600
16.66716700
16.68116700
16.23987500
17.12079100
16.68895900
16.70675000
16.16254100
17.17025000
16.09625000
16.68325000
16.77816700
17.21512500
16.05670800
17.28570900
16.70662500
16.05775000
16.70216600
16.66445900
17.30654100
16.19366700
16.65508300
17.18591700
16.65875000
16.10029200
16.91075000
16.60816600
16.98695900
16.75450000
16.74766600
16.70241700
16.65929200
16.71195800
16.68300000
16.65487500
16.71054200
16.68520800
16.06779200
17.29837500
16.68433300
16.65712500
16.09345800
16.68333400
17.27754100
16.08895900
17.30737500
16.05945800
16.68325000
17.28175000
16.67541700
16.71125000
16.65654100
16.68541700
16.70954200
16.65554100
16.68008400
16.09566600
17.24958400
16.66408300
16.13545800
17.14770900
16.81250000
16.08962500
17.28187500
16.56025000
16.64670800
16.66445800
16.87604200
16.71550000
16.65637500
16.16795800
17.19420900
16.66925000
16.08387500
17.33404100
16.62683400
16.66183300
16.11087500
17.28241700
16.10416600
17.30604200
16.63879200
16.71545800
16.28650000
17.04883300
16.72770900
16.04445800
17.13687500
16.44650000
17.05975000
16.68641700
16.21045800
16.55675000
17.21987500
16.14554200
16.70795800
16.65870800
16.68329200
17.30145800
16.65087500
16.44337500
16.75541700
16.87641700
16.70558300
16.27195800
17.06204200
16.67808300
16.68495900
16.50483300
16.57891700
16.39045800
17.06308300
16.81333400
16.59329100
16.86525000
16.71108400
16.50754100
16.62833400
16.76025000
16.77983300
16.70387500
16.44275000
16.77558300
16.21845900
16.68425000
17.29358300
16.49854200
16.88670800
16.05475000
16.68175000
17.29645800
16.67137500
16.10212500
17.29366700
16.46916700
16.26725000
17.28762500
16.62170800
16.14283300
16.68283400
17.18829100
16.80529200
16.68908300
16.05787500
17.29712500
16.20450000
17.11754200
16.46354200
16.34262500
16.66812500
17.27825000
16.72516600
16.29195900
16.44133300
17.25545800
16.70404200
16.36975000
16.98895800
16.69600000
16.70308400
16.65808300
16.68158300
16.60812500
16.77316700
16.31479200
16.95200000
16.79204100
16.06387500
16.76375000
17.20258400
16.67812500
16.71291600
16.66229200
16.67000000
16.72116700
16.65404100
16.56158400
16.58033300
16.77904200
16.80916600
16.08816700
16.68358300
17.28666700
16.68954200
16.67204100
16.08920900
17.17220800
16.19120800
17.29645900
16.07587500
17.03820800
16.88012500
16.40933300
16.99812500
16.72541700
16.66808300
16.05812500
17.30154200
16.61037500
16.62141700
16.84470800
16.67354200
16.04758300
16.68358300
16.75750000
16.77437500
16.51791700
17.17070800
16.19591700
17.29645800
16.35887500
16.39525000
17.17287500
16.31804200
17.14954200
16.62370800
16.71887500
16.73145800
16.06954200
17.28104200
16.66712500
16.10541600
16.90204200
16.46062500
17.24054200
16.72645800
16.69395800
16.27491700
17.01650000
16.61016700
16.22062500
17.13800000
16.72745800
16.79245800
16.07475000
17.27866700
16.60916700
16.16204100
17.29479200
16.13804200
17.22908300
16.61291700
16.76937500
16.69166600
25.73091700
11.24495800
12.68537500
16.43829200
17.27179200
16.67337500
16.10391600
17.29833400
16.74458300
47.48166700
3.84783300
17.79258300
4.19612500
15.70450000
10.83808400
16.84445800
16.60070800
16.16712500
17.20879200
16.64083300
16.69154200
16.76104200
16.12225000
17.19583300
16.73570800
16.62937500
16.68016700
16.16795800
17.20491700
16.68070800
16.73820900
16.62670800
16.69104200
16.15850000
16.68333300
16.74937500
16.61704200
17.25025000
16.70862500
16.11345800
17.28208300
16.06245900
16.91679100
16.45033400
17.28795800
16.54912500
16.21183300
17.19170900
16.75875000
16.46679100
16.48958400
17.08054100
16.59575000
16.20120900
17.22091600
16.52520900
16.44725000
17.18962500
16.03341600
16.99570900
16.89066600
16.17350000
17.27595900
16.72050000
16.49620800
16.85825000
16.69208300
16.04725000
16.68670900
17.26487500
16.10095800
16.91450000
16.53554200
17.17058300
16.66029200
16.62058300
16.19512500
17.13937500
16.36537500
17.24041700
16.60541600
16.68383400
16.66479100
16.70462500
16.21945900
16.53820800
17.09045800
16.28350000
17.11645900
16.86691600
16.65887500
16.07254200
16.68300000
16.69358300
17.28020900
16.07641600
17.15825000
16.82662500
16.58187500
16.66458400
16.18887500
17.12633300
16.84795800
16.69820900
16.68195800
16.65437500
16.70033300
16.69845900
16.67387500
16.68404100
16.06483400
16.85075000
16.61708300
17.01620800
16.72395900
16.74979100
16.75316700
16.07262500
17.22425000
16.75795800
16.36216700
17.01112500
16.54441700
16.68695800
16.19708300
17.22733400
16.61450000
16.33608300
16.55533300
17.28504200
16.60929200
16.62979100
16.22108400
17.21179100
16.14412500
17.02666700
16.86962500
16.62808300
16.66716700
16.73154200
16.17637500
17.17400000
16.82529100
16.62766700
16.48470800
16.93483400
16.53237500
16.58687500
16.92395800
16.66837500
16.20883300
17.17362500
16.66245900
16.66204100
16.72341700
16.61645800
16.72829200
16.69462500
16.65191700
16.58650000
16.66854100
16.67129200
16.72970800
16.18095900
16.68362500
17.18812500
16.58395800
16.27700000
17.17529200
16.19079100
16.68320900
16.69816600
17.09570900
16.83325000
16.70991600
16.66600000
16.50070900
16.78670800
16.17558300
16.82600000
16.56750000
17.23879200
16.67179200
16.72079100
16.51237500
16.65033400
16.75783300
16.75195800
16.54512500
16.56079200
16.84108300
16.65254200
16.77375000
16.73687500
16.27400000
17.06025000
16.73879200
16.54950000
16.23779100
16.68516700
17.12283300
16.73695900
16.61858300
16.25300000
17.18441700
16.60804100
16.70866700
16.36691700
16.73545800
17.00979200
16.67800000
16.60925000
16.75462500
16.18054100
17.10162500
16.77966700
16.16629200
17.17583300
16.70216700
16.71283300
16.70333300
16.65829200
16.64766700
16.61604100
16.79204200
16.68550000
16.57550000
16.24645800
17.18141700
16.68420800
16.69912500
16.59245900
16.69287500
16.77933300
16.58100000
16.67812500
16.52054200
16.42537500
17.08787500
16.27920800
17.12304200
16.65004100
16.68170900
16.66070800
16.67479200
16.82941600
16.50283400
16.74800000
16.37558300
16.99404200
16.70804100
16.75066700
16.62741700
16.46575000
17.04895800
16.56583300
16.21612500
16.67670900
16.87991600
16.50045900
16.88079100
16.62095900
17.00266600
16.21483400
17.07558300
16.77391700
16.46200000
16.82841600
16.55712500
16.90937500
16.54983400
16.31691600
17.26795900
16.68891600
16.71625000
16.47437500
16.64270900
16.82154100
16.68554200
16.16287500
17.02354200
16.66737500
16.77587500
16.26729100
17.09470900
16.27104100
17.18408400
16.64979100
16.63458400
16.44395800
16.90379200
17.57433300
15.39366700
17.13445800
16.23212500
16.75716700
16.60987500
17.08366600
16.28287500
16.68404200
16.69208300
16.67287500
16.68316700
17.12425000
16.69337500
16.58625000
16.42887500
17.02908300
16.57650000
16.72325000
16.48320900
16.89858300
16.56391700
16.88625000
16.20712500
16.83458300
16.53283300
17.05425000
16.80229200
16.64300000
16.24137500
16.72287500
16.63537500
16.68266700
16.69429100
17.17691700
17.38191700
16.09333300
16.07170800
16.68191700
17.30804200
16.58870800
16.75275000
16.71158300
16.69641700
16.63504200
16.12812500
16.64683300
16.68225000
17.17825000
16.19125000
16.68475000
17.14325000
16.58458300
16.31937500
17.17066700
16.63058300
16.67966700
16.25162500
17.10295800
16.26387500
17.29837500
16.15929200
17.20762500
16.06758300
17.15600000
16.21133400
17.16725000
16.21670800
17.24937500
16.70916700
16.46495800
16.70741700
16.77120800
16.36141700
16.93716600
16.66929200
16.26270800
16.90604200
16.46087500
17.25358300
16.73570900
16.67958300
16.50941700
16.53575000
16.82116600
16.64275000
16.76804200
16.81812500
16.65304200
16.71370800
16.06829200
17.02558300
16.35437500
17.13125000
16.60354200
16.34483300
16.64037500
16.68420800
17.30208400
16.65541600
16.66025000
16.74729200
16.63712500
16.48379200
16.29700000
16.69283300
17.00037500
16.67166700
16.65087500
16.52762500
17.01666600
16.24012500
16.76441700
17.08708300
16.64654200
16.77070800
16.64820900
16.16687500
16.96920800
16.91041700
16.52137500
16.33254100
17.14520900
16.63183300
16.27266700
16.68275000
17.18658300
16.75175000
16.71700000
16.65208300
16.67387500
16.21500000
17.12816700
16.51216700
16.31483300
17.26612500
16.59920800
16.69720900
16.46350000
16.90612500
16.66908300
16.60445800
16.85379200
16.68620800
16.66250000
16.10716700
17.17500000
16.60108300
16.80137500
16.69554200
16.67070800
16.56204200
16.72166700
16.65412500
16.72495800
16.79345800
16.11675000
16.68375000
16.68275000
17.08625000
16.66379200
16.52937500
16.46754200
17.21041600
16.60954200
16.52366700
16.65712500
16.75391600
16.76262500
16.75025000
16.65312500
16.39004200
16.68816700
16.97062500
16.65441600
16.24545900
17.04145800
16.49075000
17.00833300
16.49904200
16.46395800
17.12112500
16.15912500
17.29454200
16.69820800
16.48995900
16.40220800
16.53129200
16.68375000
17.07945800
16.76866700
16.20158300
17.14420800
16.70166700
16.59820800
16.78129200
16.19087500
16.68362500
17.20558300
16.65979200
16.43083300
16.44079200
16.68012500
16.68466700
17.16066600
16.61537500
16.27216700
17.17554200
16.54766600
16.78375000
16.70995900
16.62508300
16.65420800
16.76812500
16.33920900
16.98129100
16.42750000
16.50433400
16.68483300
16.85787500
16.50933300
17.11562500
16.73479200
16.56537500
16.75237500
16.76125000
16.46341700
16.81666600
16.70425000
16.23433400
17.26250000
16.61433300
16.17379200
17.28525000
16.08058300
17.27658300
16.71333400
16.66591600
16.67487500
16.08604200
17.16908300
16.58079200
16.75679200
16.72008300
16.60591700
16.74883300
16.68237500
16.60658300
16.76350000
16.51037500
16.82820900
16.70600000
16.66125000
16.37412500
17.02662500
16.33662500
16.93079100
16.85270900
16.13491600
17.25987500
16.14754200
16.64708300
16.69016700
17.16387500
16.57308300
16.70658400
16.77287500
16.17629100
16.68325000
17.18541700
16.61725000
16.69995800
16.70329200
16.58487500
16.69195800
16.87420900
16.52225000
16.63579100
16.31929200
16.68325000
17.11279200
16.77612500
16.59095800
16.68858300
16.54270900
16.79633300
16.66725000
16.76812500
16.24212500
16.85100000
16.48362500
17.00954200
16.84800000
16.19279100
16.68445900
17.18641600
16.69404200
16.16612500
17.29220800
16.69912500
16.05725000
17.02966700
16.83345800
16.70166700
16.78820800
16.52841700
16.65008300
16.73654200
16.76750000
16.34587500
16.45316700
17.27716600
16.52429200
16.86229200
16.47483300
16.71941700
16.24241600
16.68508400
17.17395800
16.70108300
16.17179200
16.68362500
17.19079200
16.61370800
16.69054200
16.75987500
16.60883300
16.68862500
16.76408300
16.59141700
16.69479200
16.23487500
17.14370800
16.21816700
16.68470800
16.68295800
17.12483400
16.76945800
16.65133300
16.18879200
16.68262500
17.10720800
16.26000000
16.68525000
16.68183400
17.18725000
16.43345800
16.91429200
16.57241600
16.83320900
16.65408300
16.61045800
16.81820900
16.70079100
16.73395900
16.05616600
16.72725000
17.17887500
16.67858400
16.14887500
17.23758300
16.13325000
16.91645800
16.44600000
17.16762500
16.19883400
16.68320800
17.15800000
16.66791700
16.23116600
16.87079200
16.48879200
16.68362500
17.16033300
16.25487500
16.63408300
17.27358400
16.52070800
16.77783300
16.16225000
16.68279200
17.23816700
16.59658300
16.80741700
16.09108300
17.13333300
16.67712500
16.78425000
16.13883400
17.11675000
16.25004100
16.97387500
16.88287500
16.19708400
17.27679100
16.70637500
16.52850000
16.81612500
16.69912500
16.69045900
16.66954100
16.59929200
16.63466700
16.21016600
16.68187500
16.69541700
16.67183300
17.21150000
16.61350000
16.40783400
16.55083300
17.09379200
16.70612500
16.19908300
16.72858300
17.08162500
16.70500000
16.69758400
16.61975000
16.26720800
17.12425000
16.24479200
16.68112500
16.69000000
17.26975000
16.61745800
16.59104200
16.71391600
16.66941700
16.70325000
16.66508300
16.23020900
17.10387500
16.68050000
16.52670800
16.87979200
16.40229100
17.03912500
16.38575000
17.06879200
16.06258300
16.94912500
16.84729200
16.76716700
16.17229100
16.68137500
17.23762500
16.12862500
16.80279200
17.10412500
16.54545800
16.28266700
17.15237500
16.22087500
17.09595800
16.76462500
16.69258400
16.18583300
16.66983300
17.28008400
16.70450000
16.58762500
16.60629100
16.77695900
16.66000000
16.63854100
16.22325000
16.85491700
16.50195800
17.00950000
16.35683400
17.13554100
16.83287500
16.09541700
16.66837500
17.30825000
16.05862500
16.68691700
16.68116600
17.17195900
16.19316600
17.30770900
16.52116600
16.23433400
16.71170800
17.05720800
16.72800000
16.22375000
17.04891700
16.72166700
16.28141600
17.13166700
16.82295800
16.73300000
16.04400000
16.97716700
17.02995800
16.63408400
16.09270800
17.30804200
16.05779100
17.18783400
16.17779100
16.68391700
17.18829200
16.25666600
16.60466700
17.17608300
16.69950000
16.17445900
16.81416600
17.08679200
16.62229200
16.71504100
16.17908400
17.26287500
16.64387500
16.14429100
16.68295900
16.68312500
17.12333300
16.72016700
16.77937500
16.65770800
16.85204200
16.47729100
16.32604200
16.94062500
16.28116700
17.12070800
16.74154200
16.72187500
16.57562500
16.42916600
16.50216700
17.14670800
16.69512500
16.76729200
16.56954200
16.24175000
17.21650000
16.62758300
16.20554200
17.18545800
16.66904200
16.47420800
17.00008300
16.53441700
16.23445800
16.68279200
16.68283300
17.17795900
16.75779100
16.67887500
16.11908400
17.30554100
16.67512500
16.70483400
16.67304100
16.66425000
16.63058400
16.58637500
16.48712500
16.95704100
16.63725000
16.65050000
16.73354200
16.67270800
16.67025000
16.60120900
16.59408300
16.79479200
16.77379100
16.17083400
17.13729100
16.22954200
16.69079200
16.67550000
17.30091600
16.53662500
16.65300000
16.24320900
17.13970800
16.22704200
17.13312500
16.23554100
16.94891700
16.94462500
16.15462500
17.28004200
16.08704100
17.27637500
16.67662500
16.70941700
16.66762500
16.53075000
16.23891700
17.13237500
16.71683300
16.20116700
16.86079100
16.50675000
17.18354200
16.18208300
17.18195900
16.65550000
16.64683300
16.74162500
16.71000000
16.52870800
16.84466700
16.76304200
16.51054100
16.78412500
16.44120900
16.87420800
16.19995800
17.20591700
16.56575000
16.28283300
17.20937500
16.15816700
16.98466700
16.97995800
16.23629200
16.83145800
16.86508300
16.64758400
16.23562500
17.11354100
16.25150000
17.04487500
16.81120900
16.79125000
16.17887500
17.05329100
16.64595900
16.25800000
17.17091600
16.19554200
16.70704200
17.10341600
16.67775000
16.75454200
16.59445800
16.74350000
16.71908400
16.16691600
16.68287500
16.68366700
16.68287500
17.32466700
16.58704100
16.14212500
17.26908400
16.09479100
17.13295900
16.84441600
16.69950000
16.05537500
17.19887500
16.78475000
16.66795900
16.62066600
16.14445900
17.29354100
16.69566700
16.68433300
16.06541700
16.67779200
17.22650000
16.71275000
16.64295800
16.70233300
16.71800000
16.70804200
16.07437500
16.68241700
17.30700000
16.66454100
16.08166700
17.29600000
16.67995800
16.68466700
16.58770800
16.16558400
16.88404100
16.48220900
17.17483300
16.20220800
17.18370900
16.17208300
17.28045800
16.72587500
16.06108400
17.09112500
16.77458300
16.63687500
16.22258300
17.20866700
16.14837500
16.91458300
16.97408400
16.74500000
16.69737500
16.68320800
16.68766700
16.51941600
16.76779200
16.63845800
16.80116700
16.52745800
16.72629200
16.74487500
16.38375000
16.90166700
16.85033300
16.67366700
16.06470800
17.19975000
16.68358300
16.16637500
16.79029200
17.08654200
16.17179100
17.20516700
16.69791700
16.14725000
17.21216600
16.67529200
16.60079200
16.24887500
16.68291600
17.12637500
16.76083400
16.60529100
16.24100000
17.21316700
16.59745800
16.74200000
16.41104200
16.94029200
16.64741600
16.76883400
16.14616600
17.12525000
16.79633400
16.61533300
16.66708300
16.74470900
16.62675000
16.65300000
16.80841600
16.10975000
17.21466700
16.74900000
16.85337500
16.51545800
16.50029200
16.74395800
16.70266700
16.76004200
16.11125000
17.30087500
16.73129100
16.03400000
17.19191700
16.67020800
16.66379200
16.71204200
16.67545800
16.76000000
16.35887500
16.41829200
17.18825000
16.79145800
16.68475000
16.06837500
17.21270800
16.15383400
17.12587500
16.24154100
17.15620900
16.56287500
16.88175000
16.39337500
16.79337500
16.95445800
16.61554200
16.70316600
16.25212500
16.52191700
17.08450000
16.80154200
16.55104100
16.29537500
16.68279200
17.92254200
27.37350000
37.50150000
4.13995800
4.03395800
21.19812500
6.54537500
14.75162500
22.74483400
10.90354100
16.51933400
17.15366600
16.55120900
16.25062500
16.97187500
16.37125000
17.14204100
16.73766700
16.17362500
17.15641700
16.21258300
17.18608300
16.62983400
16.77595800
16.62662500
16.19366700
17.20770800
16.15754200
17.20891600
16.51987500
16.32054200
17.30200000
16.68129200
16.66904100
16.71950000
16.04604200
16.68379200
17.22016600
16.14650000
17.28141700
16.71829200
16.65083300
16.31258300
16.97879200
16.15808300
17.16979200
16.33070800
17.03650000
16.67741700
16.73716700
16.48512500
16.34562500
16.68337500
16.68395800
17.28112500
16.08479200
16.68408300
16.69970800
16.66679200
16.83350000
16.68283300
17.01733400
16.19954100
16.68320900
17.18279100
16.42233400
16.88766600
16.79987500
16.34562500
16.67800000
16.95683400
16.78716600
16.68650000
16.68033400
16.53820800
16.23745800
16.70620900
16.74758300
16.92987500
16.94375000
16.68745800
16.70966700
16.69062500
16.64608300
16.57579200
16.68216700
16.76516600
16.68545900
16.69604100
16.09779200
16.68350000
17.12633300
16.24000000
16.68541700
17.26550000
16.70195800
16.08058400
17.26387500
16.66729100
16.72475000
16.66620900
16.50429100
16.78587500
16.61341700
16.24145800
17.17895900
16.75250000
16.71233300
16.66862500
16.69258300
16.49291700
16.82454200
16.14283300
17.27129200
16.55225000
16.65458300
16.83554200
16.70933300
16.43212500
16.49466700
16.51729100
17.26787500
16.49375000
16.76141700
16.62354200
16.36366600
16.59295900
16.92662500
21.57970800
11.54320800
16.87733400
17.09929100
16.78850000
16.56408400
16.69287500
16.55945800
16.20041700
16.77391600
16.88095900
16.98800000
16.70975000
16.71116600
16.64087500
16.07775000
16.68554200
16.68412500
16.68516700
17.10000000
16.62679100
16.74704200
16.25729200
16.70545800
17.16004200
16.18541600
16.68245900
17.16383300
16.65850000
16.67083300
16.39916700
16.52216700
16.68283300
17.20066700
16.60283300
16.67800000
16.25525000
16.69629200
17.09158300
16.43516700
16.95525000
16.23987500
16.67795800
17.30550000
16.52587500
16.22245800
16.74254200
16.94162500
16.83566700
16.62895800
16.65891700
16.29508300
16.67804200
17.16162500
16.66591600
16.66837500
16.72625000
16.66687500
16.62475000
16.26879200
16.68387500
17.08537500
16.77683300
16.68587500
16.18554200
16.70320800
16.66262500
17.10220900
16.75500000
16.49412500
16.87883300
16.60233300
16.79554200
16.57670800
16.78566700
16.57920800
16.64629200
16.30066700
17.11429100
16.66137500
16.79079200
16.61429200
16.64262500
16.27712500
16.96791600
16.39983400
17.17787500
16.60279100
16.26916700
16.68245800
17.10933400
16.68462500
16.26691600
16.83812500
16.51691700
17.14870800
16.64620900
16.69758300
16.24316700
16.68154100
16.68329200
16.87083300
16.49516700
17.17004200
16.75979100
16.30533400
17.01279100
16.17050000
16.68187500
17.18958400
16.69420800
16.52866700
16.32104100
16.68300000
17.09562500
16.76412500
16.70416700
16.55529200
16.79787500
16.18408300
16.70033300
17.11212500
16.55450000
16.78658400
16.27233300
16.67345800
17.07154200
16.29545800
16.89300000
16.90391700
16.34666700
17.02520800
16.62762500
16.56729200
16.75366600
16.34916700
16.68366700
16.94866600
16.41716700
17.20225000
16.50225000
16.34575000
17.16595800
16.20337500
17.09983400
16.81554100
16.50558400
16.74775000
16.53412500
16.81212500
16.65429100
16.29475000
16.95600000
16.84700000
16.73420900
16.19541600
17.17725000
16.66795900
16.20595800
17.15933300
16.69745900
16.19237500
16.68445800
17.20854200
16.71766600
16.73366700
16.08487500
17.12112500
16.73016700
16.41787500
16.88954100
16.72179200
16.67737500
16.24550000
16.65075000
17.15483300
16.21220900
17.19020800
16.17650000
17.13920800
16.73129200
16.18029200
16.69179100
17.17875000
16.72604200
16.69991700
16.23829100
16.95950000
16.68820900
17.57012500
15.85916600
16.22104200
17.19370800
16.61129200
16.62462500
16.73483300
16.25195900
17.09562500
16.43766600
16.93470900
16.69091600
16.64920900
16.89362500
16.50750000
16.75887500
16.33583300
16.92037500
16.75858300
16.58466700
16.31808300
16.92979200
16.77383300
16.80387500
16.84637500
16.64754200
16.09654200
17.23987500
16.73437500
16.70316600
16.67412500
16.48487500
16.26270900
16.68383300
17.12516700
16.30133300
16.82437500
16.86962500
16.29554200
17.11062500
16.66500000
16.27529100
17.08858400
16.68066600
16.28041700
17.07700000
16.33579200
17.11329100
16.63508400
16.32879100
17.11445900
16.59320800
16.69533300
16.75412500
16.65000000
16.60529200
16.80008300
16.64575000
16.22141700
16.68408300
16.68287500
17.13616700
16.71283300
16.20066700
17.08975000
16.76220800
16.64462500
16.64362500
16.76454200
16.66691700
16.21162500
17.15725000
16.21870800
17.13187500
16.70825000
16.57879200
16.30250000
17.20008300
16.16616700
17.16304100
16.21154200
17.00200000
16.35804200
17.05400000
16.31095800
17.19658300
16.66404200
16.18995800
16.68354200
17.18354200
16.18279100
17.29508400
16.07116600
17.13708400
16.36712500
16.97004100
16.25908400
17.19933300
16.16987500
16.68087500
16.69704200
16.67129100
17.09016700
16.27454200
17.08304100
16.28395900
16.88937500
16.86841600
16.49829200
16.81025000
17.01466700
16.68816600
16.64583400
16.64245800
16.09233300
16.68379200
16.68412500
16.68383300
16.68170900
16.90279100
16.80800000
16.85854200
16.54654200
16.72516600
16.75945900
16.22095800
16.64579200
17.14866600
16.65820900
16.69779100
16.72854200
16.59041700
16.27670800
16.68266700
17.10000000
16.27479100
17.16316700
16.41437500
16.47016700
16.67783300
17.11033300
16.25625000
16.68362500
17.12183400
16.73116600
16.19720900
17.08591600
16.28145900
17.06970800
16.29554200
17.11925000
16.66829100
16.66929200
16.51187500
16.55004200
16.58237500
17.08620800
16.27962500
16.68345800
16.73812500
16.62833400
16.98966600
16.97054200
16.29229200
16.91775000
16.24641600
16.68445900
16.68179100
17.18333400
16.59750000
16.26904100
17.14616700
16.61808300
16.69258400
16.27654100
16.68337500
17.04970900
16.31858300
17.06425000
16.71483300
16.71658400
16.24508300
17.14983300
16.21358400
16.99179100
16.85654200
16.68012500
16.59916700
16.42279100
16.60487500
16.68012500
16.63320900
17.18387500
16.76800000
16.68670800
16.09379200
17.12091600
16.75495900
16.55558300
16.31016700
17.13691600
16.65016700
16.66350000
16.88133300
16.66604200
16.11070800
17.27650000
16.65687500
16.70195900
16.67800000
16.54404100
16.65250000
16.25033400
16.98941600
16.74295900
16.94487500
16.66629100
16.67829200
16.61483300
16.14616700
16.69237500
17.20770800
16.74708400
16.70270800
16.68416700
16.68312500
16.65883300
16.61616700
16.38258300
16.91562500
16.25704200
17.11929100
16.21745900
16.70350000
17.04383300
16.44650000
16.53912500
16.73466700
17.13479100
16.65841700
16.20558300
17.19729200
16.59541700
16.25725000
17.22137500
16.67858300
16.47525000
16.35833300
17.22150000
16.59262500
16.76566700
16.61562500
16.70937500
16.19704200
17.13325000
16.23095800
16.82633300
17.01170900
16.69533300
16.74912500
16.13466700
17.17891600
16.71850000
16.65879200
16.62237500
16.77279200
16.58500000
16.79525000
16.62270800
16.19841700
17.18762500
16.71062500
16.59566600
16.61479200
16.85808300
16.65658400
16.15650000
17.20058300
16.63800000
16.21245800
16.68316700
17.17512500
16.66708300
16.30358400
17.06737500
16.22695800
17.12200000
16.22216700
16.68208300
16.79345800
16.57270900
17.18766600
16.70066700
16.40483300
16.45895900
17.19675000
16.19445800
17.02816700
16.74758300
16.58733300
17.69291700
15.57275000
16.42854200
16.88908300
16.66291700
16.51979100
17.15045900
16.19445800
16.75483300
16.65491700
17.07887500
16.70358300
16.59254200
16.76270800
16.65658400
16.79316600
16.60358400
16.68970800
16.22887500
16.68004200
17.09850000
16.26900000
16.97833300
16.80229200
16.26841600
16.68404200
16.68229200
17.18941600
16.64641700
16.21562500
16.92645800
16.55991700
16.56237500
17.12775000
16.24112500
17.11716700
16.75820800
16.60841700
16.24750000
17.00966600
16.79016700
16.25062500
16.69558300
17.13345900
16.83883300
16.55591700
16.57962500
16.29716600
17.20545900
16.60750000
16.62641600
16.29350000
17.12237500
16.24491700
16.68204200
16.69612500
17.16770800
16.18595800
17.08795900
16.77466600
16.19058400
16.79875000
16.77025000
16.47783300
16.68345800
16.84262500
16.72000000
16.57087500
17.07033400
16.22587500
16.67083300
16.71995800
17.09950000
16.67279200
16.24037500
17.27800000
16.67954200
16.70800000
16.53429100
16.21675000
17.21604200
16.15475000
17.08937500
16.82145800
16.58358400
16.84545800
16.56837500
16.18883300
16.73129200
17.13395800
16.18458400
17.16700000
16.21766600
17.11279200
16.23545800
16.68520900
17.12641600
16.53129200
16.39112500
16.68383300
16.68245900
17.16316600
16.59929200
16.28820800
16.68295900
16.68254100
17.11450000
16.63279200
16.76595800
16.69625000
16.21575000
17.14145900
16.74191600
16.62400000
16.68575000
16.21483400
16.68345800
16.68341700
17.21266600
16.59787500
16.69558400
16.22800000
16.68262500
16.68304100
17.31208400
16.66970800
16.68225000
16.70179200
16.06550000
17.12187500
16.77741600
16.76408400
16.39112500
16.34716600
17.28866700
16.27654200
17.10541600
16.65254200
16.09791700
17.20420800
16.58187500
16.71175000
16.24883300
16.68770900
17.16304100
16.20554200
17.10329200
16.74379100
16.17970900
17.16566600
16.19995900
17.22754100
16.57316700
16.76037500
16.17233300
17.10445900
16.26354100
17.12295900
16.25095800
17.19758300
16.16237500
16.97887500
16.90037500
16.63362500
16.52887500
16.87475000
16.66079200
16.60983300
16.80466700
16.58750000
16.72333300
16.59079200
16.75604200
16.69187500
16.78108300
16.66858300
16.58508400
16.81762500
16.15570800
16.63216700
16.98691600
16.38070900
16.86466600
16.97745900
16.27087500
16.61920800
16.69050000
16.92195800
16.86658400
16.30383300
17.07958300
16.23841700
16.79262500
17.00175000
16.72933300
16.71362500
16.17854200
17.18737500
16.17966700
17.17387500
16.81295800
16.60975000
16.29162500
16.52837500
16.68579200
17.13991600
16.22775000
16.68045900
16.69920800
17.21116700
16.15475000
17.12066600
16.57120900
17.13883300
16.57033300
16.63766700
16.63087500
16.10050000
16.85825000
16.91854200
16.74979100
16.75266700
16.60691700
16.81525000
16.58408300
16.49166700
16.85508300
16.71579200
16.16733300
17.11387500
16.78966700
16.34012500
16.48845800
17.21541700
16.19566600
17.07570900
16.24679100
16.68279200
17.13425000
16.23925000
16.67775000
16.68416700
16.68220800
17.09458300
16.86695900
16.72366600
16.04791700
17.11591700
16.86350000
16.68712500
16.57666600
16.67875000
16.17837500
17.20870900
16.45175000
16.83479100
16.46875000
16.96937500
16.18308400
17.17879100
16.69320900
16.63862500
16.26408300
17.10375000
16.70845800
16.18050000
16.68258400
17.15450000
16.22333300
17.26158300
16.69145900
16.58050000
16.28225000
16.71170800
17.09429200
16.58708300
16.61820800
16.82575000
16.61158400
16.24158300
17.19350000
16.17450000
16.68083300
17.19825000
16.17783400
17.00033300
16.84887500
16.20704200
17.11437500
16.23745800
17.15891700
16.34104100
17.18558400
16.66045800
16.67920800
16.70762500
16.50258400
16.84300000
16.69633300
16.63920800
16.10304200
17.31200000
16.65904200
16.70695800
16.69620800
16.04170900
17.22975000
16.13700000
17.24820800
16.11908300
17.20312500
16.18791700
17.27200000
16.69437500
16.65954200
16.69079100
16.66933400
16.68779100
16.58166700
16.18637500
17.14629200
16.22095800
16.68162500
16.68408300
17.19895900
16.17195800
17.12175000
16.24375000
17.16975000
16.53975000
16.82312500
16.61566700
16.26887500
16.68995800
17.02833300
16.78170900
16.22983300
17.12537500
16.47166700
16.92895800
16.55420800
16.78941700
16.23125000
17.22804200
16.62391600
16.80833400
16.64995800
16.10883300
17.20283400
16.64850000
16.68987500
16.71108300
16.16154200
17.16029100
16.75058400
16.62229100
16.68491700
16.72708300
16.23929200
17.14154200
16.65870800
16.60725000
16.79379200
16.65987500
16.85875000
16.51925000
16.69775000
16.58670800
16.22633300
16.68458400
17.14795800
16.21945800
17.18279200
16.62604200
16.77387500
16.57762500
16.70395800
16.75254200
16.16287500
17.12816600
16.76875000
16.37141700
16.46608300
17.20320900
16.16200000
17.14254100
16.22437500
17.12437500
16.74066700
16.72716700
16.56525000
16.74441600
16.19854200
16.68291700
17.16404100
16.74216700
16.14362500
17.13808300
16.40604200
16.94345800
16.68916700
16.75895800
16.61612500
16.23245900
16.68245800
17.18008300
16.18687500
17.30787500
16.05895900
17.19500000
16.64704100
16.63987500
16.75350000
16.69733400
16.60870800
16.24350000
17.31162500
16.66325000
16.11412500
17.19337500
16.63812500
16.71929200
16.14195800
17.30341700
16.07037500
17.28991600
16.69370900
16.67804100
16.50795900
16.72604100
16.47837500
16.40154200
17.14475000
16.77020800
16.13516700
16.68308300
16.69154200
16.67512500
16.95287500
16.42620800
17.09141700
16.26325000
17.20837500
16.15762500
17.13045800
16.23645900
17.02770800
16.34091700
17.16404100
16.20162500
16.68275000
16.69120900
17.06458300
16.69412500
16.76991700
16.19958300
16.68295800
16.68195900
17.08550000
16.45300000
16.51829100
17.10500000
16.75795900
16.63958300
16.22275000
17.18254200
16.67420800
16.60662500
16.71541700
16.70337500
16.21887500
17.14558300
16.67029200
16.24016600
17.13858400
16.70050000
16.66495800
16.70833300
16.80891700
16.40120800
16.66595900
16.73875000
16.59679100
16.68325000
16.40966700
17.09170800
16.67145900
16.27945800
16.68541700
16.69866600
16.66845900
17.26008300
16.74033300
16.61612500
16.71862500
16.08054200
16.69866700
17.12216600
16.72462500
16.75179200
16.37879200
16.92320800
16.18287500
16.69600000
16.90404200
17.01054100
16.56583400
16.76945800
16.50858300
16.34137500
16.67141700
16.93645800
16.42916700
16.68366700
17.06125000
16.53195800
16.66941700
16.77520800
16.37962500
16.69254200
16.80500000
17.18083300
16.68041700
16.67916600
16.12287500
16.99629200
16.35525000
16.65008300
16.67500000
17.13754200
16.71862500
16.46366700
16.85037500
16.86229100
16.52904200
16.22887500
16.85729200
16.50983300
17.07137500
16.77750000
16.18850000
17.29512500
16.69666700
16.65554100
16.08612500
17.12079200
16.62195800
16.71700000
16.27554200
16.93104200
16.83650000
16.53787500
16.83625000
16.27300000
16.68333300
17.10845800
16.25945900
17.27525000
16.67420800
16.50466700
16.77920800
16.18225000
17.10920800
16.25983400
16.68083300
16.68375000
17.16725000
16.70750000
16.65108300
16.21654200
17.18979200
16.69054100
16.66308400
16.18145800
16.70800000
16.65837500
17.08720800
16.59337500
16.40291700
17.01154200
16.76920800
16.74116700
16.54616600
16.31525000
17.15000000
16.62075000
16.45200000
16.96620900
16.22700000
17.17408300
16.49995800
16.42554200
17.12141700
16.61500000
16.66491600
16.58233400
16.39283300
17.08900000
16.76062500
16.38129200
16.95650000
16.26866600
17.06570900
16.65141600
16.59091700
16.37854200
16.71954100
16.65141700
17.09620800
16.26529200
17.27133300
16.36633400
16.79316600
16.88962500
19.65350000
13.71479200
16.31166700
17.03575000
16.53916600
16.65641700
17.17425000
16.36908300
16.10829200
16.68570800
16.80904200
17.04225000
16.62295800
16.72608400
16.21341600
17.07600000
16.74570900
16.72262500
16.61816600
16.71875000
16.62233400
16.49108300
16.47150000
17.07720800
16.72070900
16.25204100
16.68366700
17.06541700
16.74041600
16.70212500
16.22683400
17.12679100
16.55983400
16.70679100
16.82508400
16.61595800
16.68625000
16.59866700
16.34675000
17.10891600
16.74033400
16.20100000
16.68170800
17.12566700
16.24100000
17.09304100
16.80091700
16.60941700
16.65145800
16.71579200
16.22941600
17.04004200
16.35183300
16.79116700
17.40450000
15.83016700
17.09829100
16.69350000
16.75062500
16.65687500
16.63079200
16.75300000
16.60000000
16.28570800
17.17995900
16.29058300
17.04979200
16.53833300
16.67129200
16.85854100
16.19112500
17.08366700
16.28320800
16.71091700
17.06550000
16.51445800
16.89912500
16.22766700
17.19533300
16.44200000
16.79350000
16.76470900
16.58225000
16.32125000
17.17516600
16.19783400
17.01441600
16.63204200
16.80954200
16.66216600
16.29275000
16.90000000
16.46754200
17.16687500
16.19887500
17.08433300
16.73050000
16.23595900
17.13366600
16.23279200
17.12712500
16.24904200
16.67379100
16.99900000
16.96737500
16.71391700
16.63783300
16.09779200
17.17800000
16.19175000
17.10379200
16.74400000
16.19879100
16.69279200
17.13170800
16.80516700
16.10370800
16.68366700
17.12083300
16.70500000
16.71641700
16.19216700
17.17241600
16.19383400
17.27850000
16.70729100
16.67808400
16.65654100
16.61354200
16.17558300
16.67320900
16.68258300
17.12458300
16.24358400
17.12320800
16.70362500
16.22929200
17.14812500
16.59216600
16.79854200
16.19354200
17.25841600
16.70370900
16.68670800
16.07825000
16.68591700
17.30875000
16.61866600
16.58962500
16.21420900
17.01462500
16.51929100
16.98066700
16.21833300
17.11850000
16.46858400
16.94025000
16.65850000
16.64854100
16.73716700
16.67650000
16.72958300
16.58062500
16.27816700
17.17100000
16.75229200
16.12529100
17.22408400
16.14441600
17.18437500
16.66479200
16.69370800
16.69595900
16.24387500
16.61445800
17.16358300
16.68679200
16.20091700
17.19112500
16.66700000
16.60983300
16.80866700
16.69541600
16.55433400
16.72620800
16.67458300
16.68320900
16.60325000
16.71837500
16.27950000
17.16737500
16.56612500
16.68166600
16.30525000
16.88554200
16.48100000
17.05166700
16.31450000
17.06750000
16.74183300
16.34041700
16.58362500
17.19045800
16.62370800
16.64712500
16.27229200
17.09466700
16.68470800
16.27854200
17.08787500
16.27100000
17.15233300
16.30383300
16.94450000
16.33254200
17.11679200
16.24975000
16.68733300
17.13683300
16.71808400
16.68329100
16.59016700
16.30166700
17.15029100
16.63529200
16.24841700
17.20279100
16.51325000
16.33358400
17.17529100
16.19145900
16.68616600
16.68029200
16.68250000
17.18041700
16.18600000
17.09804100
16.75058400
16.20162500
17.13329100
16.83362500
16.66066700
16.21712500
17.08141700
16.17683300
16.68150000
17.16204200
16.20370800
17.08500000
16.75241700
16.55370800
16.75112500
16.27583300
17.07295900
16.46129100
17.00508400
16.61062500
16.69537500
16.69608300
16.34291700
16.71225000
16.95933300
16.27733300
16.68183400
17.16729100
16.43237500
16.84820900
16.28533300
16.68420800
17.10925000
16.75025000
16.65733400
16.21525000
16.68387500
17.05633300
16.31045800
16.68312500
17.09841700
16.26808300
16.68341700
16.68341700
16.68345800
17.29475000
16.58337500
16.79883300
16.55566700
16.77229200
16.71887500
16.07145800
17.03916700
16.94933300
16.65654200
16.53695800
16.85137500
16.65595800
16.68420900
16.69045800
16.07508300
17.12554200
16.79270800
16.61733400
16.19679100
16.68662500
17.13437500
16.45275000
16.46008400
16.69216600
17.09583400
16.81975000
16.64308300
16.63700000
16.21645800
16.67845900
16.68375000
16.85095800
17.12308300
16.68483400
16.57079100
16.78137500
16.68862500
16.70058400
16.66295800
16.10762500
17.19683300
16.59212500
16.24000000
17.17570900
16.20958300
16.68320800
17.16500000
16.60770900
16.79870800
16.67641700
16.75591600
16.08283400
17.18562500
16.78358300
16.70370800
16.63683400
16.24412500
16.54108300
16.68287500
16.73000000
16.63679200
16.80045800
16.57937500
16.75520800
17.04516700
16.56212500
16.88429200
16.45295800
16.47704200
17.12870800
16.14929200
16.94108300
16.42412500
16.87520800
16.66133400
16.67562500
16.99462500
16.32916600
17.09875000
16.23270900
17.00900000
16.27362500
17.16287500
16.20379100
16.68916700
17.14000000
16.22433300
17.19858400
16.62308300
16.71037500
16.19795800
17.10387500
16.26566700
17.22541700
16.56737500
16.26808300
16.67279200
16.68362500
16.68008300
17.21908300
16.14737500
17.27354200
16.69787500
16.52275000
16.23879200
17.22987500
16.13679100
17.15050000
16.43587500
16.93512500
16.42483400
16.47066600
16.68262500
17.25654200
16.54225000
16.69470800
16.31066700
17.07587500
16.66408300
16.74300000
16.18008400
17.12195800
16.24695800
17.13420900
16.58762500
16.32658300
17.18175000
16.61720800
16.77341700
16.16925000
17.10104200
16.48600000
16.65766600
16.67600000
17.00770900
16.36758300
16.48587500
16.95150000
16.79241700
16.29933300
16.74900000
16.61662500
17.12479200
16.73970800
16.56550000
16.30504200
17.16175000
16.20295800
16.68358300
17.21354200
16.15416700
16.68391600
18.83041700
14.53554200
17.15654100
16.20958400
16.88537500
16.48245800
16.68208300
16.94020900
16.92587500
16.68800000
16.64316600
16.83333400
16.53541600
16.21700000
16.68295900
17.12591600
16.66870900
16.25654100
17.10112500
16.67370900
16.27570800
16.91608300
16.45000000
16.68266700
17.12195800
16.33470900
17.08087500
16.65154100
16.66070900
16.26483300
16.66975000
17.13758300
16.23862500
17.13320900
16.47245800
16.95058300
16.16733400
17.16170800
16.73037500
16.57987500
16.27841700
17.53204100
16.25625000
16.55904200
16.87216700
16.18025000
16.68616600
17.22283400
16.13958300
17.18829200
16.17850000
17.16304100
16.73579200
16.66233300
16.62641700
16.24125000
16.94633300
16.40958400
17.15904100
16.83783400
16.66312500
16.55158300
16.46608300
16.78250000
16.48895900
16.99370800
16.81233300
16.69083400
16.69404100
16.64929200
16.09320800
17.17412500
16.60912500
16.78462500
16.17337500
17.09341700
16.44270800
16.50566700
16.68325000
17.30558300
16.63800000
16.55150000
16.85520900
16.66316600
16.68329200
16.70533300
16.49204200
16.51312500
16.42612500
16.78554200
16.81750000
16.98983300
16.55970800
16.51925000
16.96625000
16.61208400
16.82266600
16.70116700
16.06004200
17.17687500
16.19454100
17.27587500
16.70954200
16.05958300
17.09012500
16.27970900
17.16037500
16.65879100
16.28216700
17.07341700
16.56495800
16.88625000
16.36395800
16.48029200
17.17954200
16.18033300
17.12275000
16.24345800
17.12841700
16.23825000
17.19950000
16.59150000
16.70700000
16.77375000
16.14704200
17.16475000
16.76504100
16.12629200
16.67866700
17.20925000
16.62454100
16.21495900
17.22458300
16.14408300
17.13587500
16.58341700
16.33079200
17.13770800
16.75745800
16.59787500
16.68966700
16.79241700
16.12116600
17.05391700
16.31383300
17.08791700
16.70933300
16.70154200
16.70904200
16.39525000
16.50987500
17.10233300
16.25579200
16.87741600
16.85225000
16.83225000
16.63887500
16.58425000
16.31937500
16.67420900
17.12729100
16.23820900
16.68325000
17.11645800
16.25037500
16.92345800
16.90212500
16.72450000
16.79783400
16.06933300
16.68333300
17.18016700
16.18612500
17.20816700
16.15825000
16.68454100
17.18762500
16.63933400
16.67216600
16.73395900
16.61283300
16.25283300
16.68325000
17.12604200
16.40150000
17.05370800
16.60300000
16.23262500
16.68445900
17.07979100
16.28570900
16.68333300
17.14570800
16.66525000
16.24079200
17.12620800
16.69445900
16.38187500
16.98566600
16.68866700
16.74891700
16.55454100
16.28733400
17.21729100
16.45337500
16.87533400
16.71862500
16.14912500
16.68287500
16.68475000
17.16250000
16.24825000
17.17516600
16.76070900
16.70329100
16.68562500
16.64787500
16.08600000
16.81804200
16.61741700
17.13083300
16.67541700
16.17316600
17.05175000
16.77983400
16.65591600
16.76775000
16.60004200
16.67508300
16.77800000
16.15587500
16.68358400
16.68341600
17.13166700
16.23525000
17.19625000
16.17212500
17.01495800
16.83791700
16.65516700
16.22391600
17.30187500
16.06416700
17.32850000
16.65862500
16.67058300
16.69345900
16.06687500
16.68279100
16.68904200
16.92354200
16.91720800
16.64879200
16.73866600
16.81270900
16.50262500
16.76508300
16.61925000
16.71883300
16.66195900
16.62750000
16.26291600
16.67858400
17.28787500
16.71729100
16.67983400
16.65075000
16.71179100
16.06050000
16.72045900
16.64983300
16.95991700
16.82433300
16.68804200
16.85770800
16.69812500
16.68325000
16.68933300
16.66962500
16.69183400
16.67354100
16.06912500
16.68325000
16.68387500
17.15141700
16.71875000
16.66412500
16.66025000
16.77320800
16.13504200
16.67945800
16.68337500
17.15962500
16.67283400
16.75120800
16.17958300
17.25120900
16.70912500
16.67458300
16.55087500
16.71987500
16.65175000
16.78787500
19.70441700
13.67775000
16.07845800
17.20887500
16.61412500
16.23075000
16.67841700
17.13650000
16.22891600
16.68416700
16.68266700
17.20125000
16.65695800
16.64650000
16.75579200
16.26287500
17.03612500
16.77262500
16.13441600
16.78958400
17.12004100
16.63904200
16.18533300
16.68533400
17.23420800
16.61783300
16.31108400
16.96612500
16.83770800
16.72541700
16.53520800
16.68641700
16.23695800
17.14225000
16.22416700
17.22154100
16.62529200
16.24933300
16.63616700
17.13308300
16.23508400
17.23533300
16.56541700
16.67370800
16.77937500
16.59566700
16.56170800
16.91525000
16.68016700
16.70425000
16.75079100
16.66154200
16.68741700
16.57937500
16.51429100
16.71825000
16.30762500
17.29095900
16.67987500
16.30754100
16.92741700
16.80579200
16.68858300
16.67387500
16.69512500
16.34650000
16.86562500
16.23895800
17.22100000
16.56191700
16.26429200
16.73962500
16.62625000
16.68237500
16.70341600
17.10466700
16.76816700
16.68604100
16.59287500
16.76987500
16.65487500
16.18700000
17.00154200
16.75641700
16.51179100
16.94712500
16.69691700
16.18562500
16.68925000
16.67791700
16.68341600
17.17604200
16.53783300
16.33633400
17.18275000
16.30875000
16.55879100
17.28841700
16.69845800
16.66908400
16.59300000
16.58362500
16.37391600
17.08320900
16.35641600
16.94383400
16.72654100
16.20050000
17.07291700
16.29533300
17.12495900
16.67995800
16.28241700
17.08570800
16.76204200
16.16491600
16.68095900
16.68333300
17.21045800
16.46345900
16.88570800
16.75150000
16.41000000
16.54070800
17.14545900
16.46725000
16.68395800
16.70112500
16.66916700
16.75304100
16.20200000
16.92475000
16.65258400
17.03866600
16.11750000
17.17725000
16.19025000
17.03087500
16.44829200
16.91937500
16.34008300
17.15050000
16.78395900
16.69191600
16.54833400
16.66779100
16.25170900
17.04037500
16.32795800
16.68120800
17.19650000
16.16983400
16.68341600
16.68325000
16.68316700
16.79912500
16.56779200
16.68366600
17.10275000
16.26308400
16.68316600
16.79308400
16.94725000
16.31425000
16.67929100
17.14275000
16.24795900
16.65900000
17.15925000
16.62562500
16.26866600
17.04395900
16.33550000
17.16645800
16.42562500
17.02612500
16.10608300
17.16975000
16.58962500
16.79987500
16.65483400
16.20141600
17.20004200
16.18016700
16.66395800
17.20833300
16.15829200
17.26829200
16.19541600
16.62458400
16.74441600
17.07145900
16.30491600
16.98808400
16.77250000
16.54779100
16.33329200
17.13954200
16.80762500
16.68208300
16.40575000
16.36470800
16.89020900
16.97504100
16.19937500
16.66845900
17.18225000
16.77133300
16.10233300
17.27329200
16.69058300
16.68679200
16.68979200
16.66912500
16.69304100
16.69625000
16.64491700
16.10054200
17.18633300
16.60479200
16.87737500
16.06733300
17.12950000
16.75291700
16.64854100
16.63100000
16.32558400
17.07587500
16.21704100
17.19770900
16.17645800
17.05050000
16.80879200
16.67366600
16.58850000
16.68500000
16.28666700
17.05395800
16.78770900
16.20875000
16.85116600
16.97750000
16.62987500
16.65566700
16.30233300
17.02091700
16.67595800
16.35316700
16.72683300
17.01775000
16.80775000
16.18075000
17.20383400
16.62562500
16.26575000
17.09495800
16.79091700
16.68708300
16.68850000
16.69100000
16.10154200
17.14183300
16.74325000
16.16475000
17.13183300
16.71620900
16.60262500
16.86841600
16.09875000
17.09550000
16.60345900
16.35012500
17.10662500
16.66237500
16.29341600
16.96700000
16.38925000
17.29537500
16.68212500
16.69420900
16.08120800
17.08600000
16.26141700
17.18212500
16.18162500
17.17320800
16.19362500
17.12487500
16.24179200
17.15925000
16.63170800
16.74754200
16.19533300
17.08920800
16.78475000
16.18254200
17.07716700
16.71637500
16.25754100
17.01720900
16.69062500
16.33462500
17.04591600
16.58733400
16.84458300
16.68079200
16.79770800
16.35250000
16.47470800
16.68508400
16.68154100
16.68454200
16.68162500
17.00233300
16.36683400
17.17587500
16.53495800
16.73620800
16.75541700
16.43245800
16.80004200
16.67475000
16.70512500
16.36358300
17.08729200
16.57304200
16.36279100
16.68033400
17.01166600
16.65491700
16.38300000
16.68358300
16.68300000
17.15400000
16.67345900
16.68904100
16.79362500
16.66425000
16.12458400
17.29958300
16.07737500
17.14575000
16.21179200
17.11020800
16.76970800
16.62650000
16.60387500
16.73770900
16.60025000
16.33595800
17.17741700
16.18804100
17.10245900
16.26512500
17.27883300
16.51158300
16.73516700
16.66937500
16.67895800
16.22504200
17.02779200
16.73316600
16.29041700
17.08283300
16.28325000
16.92591700
17.03137500
16.09204200
17.29562500
16.68154100
16.66208400
16.68537500
16.68233300
16.55733300
16.31329200
17.05016700
16.66300000
16.74162500
16.18475000
16.68416600
25.86845900
12.73916600
11.45204200
17.10250000
16.25308300
16.68279200
17.20091700
16.59333300
16.57229200
16.75895800
16.29133300
17.19912500
16.16941700
16.68187500
16.68658300
17.14333400
16.22729100
17.18570900
16.64079100
16.81558400
16.64854100
16.11866700
17.08829200
16.76808300
16.63891700
16.23891600
16.90920900
16.85595800
16.28433300
17.15466700
16.66275000
16.82495800
16.59700000
16.60779200
16.25345800
17.15041700
16.47700000
16.42404200
17.15254100
16.60525000
16.62733400
16.38375000
17.10779100
16.66308400
16.24212500
16.85570800
16.51029200
16.75195800
17.06441700
16.47225000
16.44425000
16.68370800
17.19112500
16.68237500
16.70708300
16.43170900
17.00041600
16.52050000
16.79195900
16.65775000
16.60587500
16.24370800
17.21270800
16.15804200
17.24000000
16.64220800
16.59791700
16.24975000
16.69608300
16.67070900
17.19408300
16.17300000
16.68337500
17.14125000
16.41420800
16.50287500
16.79858400
16.56058300
16.69608300
16.67875000
17.09833400
16.69058300
16.25120800
17.12154200
16.65816700
16.65795800
16.29604200
17.10733300
16.37812500
16.56925000
17.11250000
16.25070800
17.07625000
16.70045900
16.35970800
16.93700000
16.76758300
16.73845900
16.59537500
16.70050000
16.71962500
16.69470800
16.65079200
16.44416600
16.91875000
16.26166700
17.17625000
16.64462500
16.69941700
16.21400000
17.07783300
16.77500000
16.62750000
16.32958300
17.05462500
16.24679200
16.82637500
17.00712500
16.66775000
16.22083300
16.95620900
16.41108300
16.98612500
16.89845800
16.54095900
16.30829100
17.20270900
16.26795800
16.57825000
17.06916700
16.55858300
16.82133300
16.49245900
16.48700000
17.12037500
16.27758300
16.64016700
17.09620800
16.76691700
16.59800000
16.27395800
16.68175000
16.68479200
16.68558300
17.17300000
16.18966700
16.95216600
16.89604200
16.50212500
16.82404200
16.74637500
16.54887500
16.31329100
16.68575000
16.69804200
17.09825000
16.77220800
16.61733400
16.22866600
16.92762500
20.11350000
13.00825000
16.78533400
17.16666600
16.18412500
17.11041700
16.17183300
17.19016700
16.17491700
16.68416600
16.68266700
17.15366700
16.21345800
16.68329200
16.70741600
16.65970900
16.68912500
16.68145800
16.67920800
17.17391700
16.63804200
16.56345800
16.35804200
17.11945800
16.24941700
17.19237500
16.40258300
16.45312500
17.21320800
16.59125000
16.82104200
16.52000000
16.87220800
16.68304200
16.69854200
16.40854100
17.41058400
16.15695800
16.43441700
16.67829100
16.91295900
16.16662500
16.68329100
16.68237500
17.09650000
16.74166700
16.36662500
16.96641700
16.69562500
16.73916600
16.48712500
16.37258400
17.17633300
16.78300000
16.12866700
17.27954100
16.66112500
16.70516700
16.58679200
16.27779100
17.18945900
16.16150000
16.56695800
16.68387500
16.68325000
17.22712500
16.28200000
16.66820800
16.98304200
16.75312500
16.18591700
17.13179100
16.75645900
16.16400000
16.68708300
16.68466700
17.16887500
16.66295800
16.46537500
16.84962500
16.85562500
16.72354200
16.04975000
17.15958300
16.75333300
16.61716700
16.47629200
16.41170800
17.08766700
16.69804100
16.75104200
16.55283300
16.78495900
16.56908300
16.75987500
16.43791700
16.50816600
17.74804200
15.61812500
17.01025000
16.79158300
16.66637500
16.42041700
16.76787500
16.44370800
16.68441700
19.34570800
14.22270900
17.11487500
16.11141600
16.91316700
16.39166700
16.68337500
16.68304100
16.86541700
16.50170800
16.69212500
17.13916700
16.81237500
16.08850000
17.18533300
16.18254200
16.79550000
17.04050000
16.70025000
16.19750000
17.10404200
16.74350000
16.20133300
16.70895800
16.83683400
16.86579100
16.68204200
16.32329200
17.19937500
16.25862500
16.90083300
16.80979200
16.24870800
16.96254200
16.40337500
16.68316600
17.10612500
16.78466700
16.15933300
16.68325000
16.77987500
16.58737500
16.68516700
17.20312500
16.16100000
16.68375000
16.68300000
16.68337500
17.05725000
16.30954200
16.68312500
17.19204100
16.17508400
17.04012500
16.82804100
16.18091700
17.16479200
16.20158300
16.68350000
17.15025000
16.73929200
16.16033300
16.68329200
17.19316600
16.69637500
16.16929200
16.67595800
17.16375000
16.63379200
16.25337500
16.68545800
17.15879200
16.37633300
16.95666700
16.65704200
16.77575000
16.17079100
16.75841700
16.68454200
17.03116600
16.69729200
16.24512500
17.10545800
16.75116700
16.21354200
17.04700000
16.70566600
16.75612500
16.21816700
16.82891700
16.52425000
17.17787500
16.62183300
16.75245800
16.63595900
16.66179100
16.77104200
16.16254200
17.12941600
16.64954200
16.52204200
16.91129100
16.71812500
16.17004200
17.18691700
16.18079100
17.13054200
16.77225000
16.25029200
16.99116600
16.79525000
16.15983400
16.68383300
16.68208300
16.81191700
16.84008300
16.69262500
16.40420900
16.85166600
16.49933400
16.72558300
16.64166700
16.74445800
17.08500000
16.22241700
17.10325000
16.72875000
16.21629100
17.30058400
16.07466600
16.67566700
17.31362500
16.32779200
16.65108300
17.07562500
16.64395800
16.68879200
16.60150000
16.58204200
16.26525000
17.22483300
16.36550000
16.59295800
16.87620900
16.79541600
16.72291700
16.70816700
16.60204100
16.26166700
16.68266700
17.26762500
16.46025000
16.32095800
16.80891700
17.00125000
16.24050000
17.12345800
16.76966700
16.69412500
16.15375000
17.32050000
16.57420800
16.75679200
16.70654100
16.68395900
16.66958300
16.06775000
17.21558300
16.58412500
16.78470900
16.77675000
16.05187500
17.30204100
16.68291700
16.55533300
16.19295900
16.93450000
16.47933300
16.63733300
17.12575000
16.68745900
16.23629100
17.13437500
16.23258400
17.23879100
16.35395900
16.45654100
16.68683400
17.13916600
16.66787500
16.66516700
16.70550000
16.69775000
16.75016700
16.60620800
16.69766700
16.22016600
17.12350000
16.69879200
16.74500000
16.34533300
16.97133400
16.76716600
16.58775000
16.68275000
16.22625000
16.81412500
16.55529200
17.21354200
16.58283300
16.78270800
16.71208400
16.65270800
16.77066700
16.07904100
17.16841700
16.73250000
16.41612500
16.86254200
16.65008300
16.40425000
17.15725000
16.06162500
16.68312500
17.29333300
16.71091700
16.54866700
16.80250000
16.58312500
16.16225000
17.03858300
16.78100000
16.22920800
17.17104200
16.72637500
16.58920800
16.24716700
16.70391700
17.10641600
16.62966700
16.71575000
16.26095800
17.16675000
16.20362500
17.11991700
16.69375000
16.23254200
17.13333300
16.71958300
16.71383400
16.64262500
16.22070800
16.67012500
16.68270800
16.80304200
16.56370800
17.07212500
16.68525000
16.91195900
16.55570800
16.68425000
16.72204200
16.60241600
16.75008400
16.58879100
16.51633400
16.98800000
16.63587500
16.61566600
16.42300000
16.81133400
16.37141600
16.88125000
16.54795900
16.64675000
17.17350000
16.45545800
16.84675000
16.84666700
16.07300000
16.68950000
16.68262500
17.11004100
16.71095900
16.32133300
16.89533300
16.36979200
17.20420800
16.16216700
17.11270800
16.80458400
16.62241600
16.19208400
16.74158300
16.63283300
17.12708400
16.71716600
16.66816700
16.65350000
16.73508300
16.19520900
17.11704100
16.34254200
16.58775000
17.13333300
16.23229200
16.68325000
16.86883300
16.49987500
17.11591700
16.85887500
16.68750000
16.51358300
16.23883400
16.74950000
17.10425000
16.82125000
16.56779100
16.18804200
17.18900000
16.71229200
16.62487500
16.71104100
16.69945900
16.64420800
16.19025000
17.28650000
16.65533300
16.10612500
17.29816700
16.66054200
16.72212500
16.67545800
16.06345800
16.68166700
17.16312500
16.81437500
16.70379200
16.39016600
16.34583400
16.80762500
17.00558300
16.82062500
16.58629200
16.19504100
16.68312500
16.69216700
16.77695800
17.17208400
16.71679100
16.64570900
16.69087500
16.70075000
16.67058300
16.36141700
16.78487500
16.77600000
16.22129100
16.67416700
17.26308300
16.68570900
16.71758300
16.66825000
16.53095800
16.77550000
16.60195900
16.68004100
16.23687500
17.28158400
16.70704100
16.68529200
16.52150000
16.21087500
17.19770800
16.74195900
16.11108300
16.68475000
17.11075000
16.25612500
17.22816700
16.61154100
16.75300000
16.13833400
17.17500000
16.71112500
16.64029100
16.40579200
17.00962500
16.63350000
16.20754200
17.20733300
16.61458300
16.65579200
16.65237500
16.74833300
16.68887500
16.74308400
16.63229100
16.20825000
17.20841700
16.67441700
16.69016600
16.75104200
16.67012500
16.56250000
16.74370800
16.65470900
16.19737500
17.23150000
16.68325000
16.55054100
16.26475000
16.68570900
16.69500000
17.29204100
16.67975000
16.70300000
16.66616700
16.65545800
16.69237500
16.67725000
16.68116700
16.60945800
16.69620900
16.62037500
16.22400000
17.22466600
16.23987500
16.64575000
17.14041700
16.15550000
17.19633300
16.17370900
17.22883300
16.73666700
16.62379100
16.14000000
17.29916700
16.06804200
17.11354100
16.25808400
17.03279100
16.32941700
17.19566700
16.17129100
17.13591700
16.74820800
16.56054200
16.69287500
16.77633300
16.18458400
17.14558300
16.49029200
16.41550000
17.09950000
16.66962500
16.70941600
16.47329200
16.95150000
16.22320800
17.25220900
16.71679100
16.65104200
16.67629200
16.09450000
16.68533300
16.70654200
16.65712500
17.10300000
16.68929100
16.86079200
16.52170800
16.68008400
16.74041600
16.59691700
16.39670800
17.04629200
16.19720800
16.69241700
16.67445800
17.05258400
16.76175000
16.67325000
16.64683300
16.78350000
16.66125000
16.20391700
17.36358300
16.42141700
16.26562500
17.19525000
16.64637500
16.61041600
16.28129200
17.12712500
16.23875000
17.29483300
16.51741700
16.71087500
16.55629200
16.57512500
16.72916600
16.91179200
16.60166700
16.28900000
16.64770800
16.89750000
16.89833300
16.25516700
16.76025000
16.60762500
17.15616700
16.25037500
16.74733300
17.08420800
16.61729200
16.24362500
17.24558300
16.66037500
16.14758400
17.08862500
16.27450000
16.84745800
16.51783300
16.68262500
17.16720900
16.21304100
17.02041700
16.84475000
16.17216700
16.68608300
17.14975000
16.55579200
16.50887500
17.01220800
16.18720800
16.69441700
17.17450000
16.18079200
17.10366600
16.74970900
16.19758300
16.68758300
16.67829200
17.26354200
16.54495800
16.24195800
16.68350000
17.10770900
16.25887500
17.09170800
16.66604200
16.77325000
16.60954100
16.47362500
16.48641700
16.89687500
16.46895800
17.17983400
16.76341600
16.67845900
16.11550000
17.11575000
16.24666600
17.17445900
16.47716600
16.81712500
16.31925000
17.01891700
16.71758300
16.31470900
17.06387500
16.53695800
16.86920800
16.62979200
16.69041700
16.25412500
17.04620800
16.32070800
17.18529200
16.18479200
16.89270800
16.82858300
16.76937500
16.23933400
16.68325000
16.68304100
17.13041700
16.37916700
17.00016600
16.28795900
16.61883300
16.81175000
16.55479200
16.68345800
17.09141700
16.79425000
16.16408300
16.68329200
17.12200000
16.59120800
16.74587500
16.27387500
17.09883300
16.26858400
17.18537500
16.59475000
16.27054100
17.19354200
16.17287500
17.01529200
16.35133300
17.09041700
16.27600000
17.16841600
16.61695900
16.67504100
16.79025000
16.16612500
17.11879200
16.24741700
16.93712500
16.86841600
16.24525000
17.11866700
16.34683300
16.67233400
16.97191600
16.70741700
16.77708300
16.52237500
16.34987500
17.17333400
16.19366600
16.72675000
17.15783400
16.17008300
16.67820800
17.16054200
16.20679200
16.68245800
17.15533300
16.60320900
16.80250000
16.68562500
16.61304100
16.75641700
16.70725000
16.14570800
16.68100000
17.12812500
16.24145900
16.68112500
17.13733300
16.66287500
16.66141700
16.27137500
17.07908300
16.28800000
16.77191700
16.98650000
16.29125000
17.10933300
16.27741700
16.66825000
16.78850000
16.57241600
16.70320900
17.00141600
16.62620900
16.92579100
16.55820900
16.71345800
16.73187500
16.20716700
17.09770800
16.77475000
16.59700000
16.26341700
17.17779100
16.42633400
16.44541600
17.28704200
16.49308300
16.73441700
16.73970800
16.59162500
16.25454200
16.68341700
17.08887500
16.74866600
16.62716700
16.64787500
16.80100000
16.62900000
16.24095800
16.68508400
16.86237500
16.50329100
17.28137500
16.61141700
16.74083300
16.09820900
17.14504100
16.65825000
16.26808400
16.94195800
16.40945800
17.19137500
16.59395900
16.25883300
17.18691700
16.61679100
16.67383400
16.77637500
16.56312500
16.28391600
17.17125000
16.57670900
16.73137500
16.25450000
16.76758300
16.59770800
16.69762500
16.84100000
16.51241700
16.98650000
16.37962500
17.04479200
16.74358300
16.65425000
16.74008300
16.71395900
16.56545800
16.70779200
16.46479100
16.93929200
16.25879200
16.68329100
16.68370900
17.16975000
16.19662500
17.14025000
16.22662500
16.68312500
17.03354100
16.75979200
16.66170800
16.62487500
16.48820900
17.00170800
16.21366700
16.68308300
16.68337500
16.68462500
17.15720800
16.67720900
16.59750000
16.79091600
16.65004200
16.22604200
17.18250000
16.63979100
16.22825000
17.14908400
16.81783300
16.49087500
16.27620800
17.15320900
16.62383300
16.27358300
17.24337500
16.12016700
17.29179200
16.07758300
16.68750000
17.33062500
16.03187500
17.26704200
16.70808300
16.50591700
16.27387500
16.96541600
16.37741700
17.00041700
16.36758300
17.07687500
16.73258300
16.70183400
16.59470800
16.74266700
16.25112500
17.12654100
16.31750000
16.76241700
16.93245800
16.66891700
16.75150000
16.79212500
16.69104200
16.67566600
16.68045900
16.61466600
16.67504200
16.61591700
16.78358300
16.16154200
17.13779100
16.22875000
16.82129200
16.92804200
16.39654100
17.04066700
16.60575000
16.77220800
16.77404200
16.71466700
16.59470800
16.58729200
16.70479100
16.76020900
16.40075000
17.05533300
16.71491700
16.64812500
16.49170800
16.75808300
16.67416700
16.22758300
17.20541700
16.63070800
16.21362500
17.14179200
16.61875000
16.28575000
17.19237500
16.63162500
16.69750000
16.72866700
16.59525000
16.72087500
16.22045800
16.68141700
17.22220800
16.66537500
16.61250000
16.23570800
17.18150000
16.45570900
16.68758300
16.89508300
16.64291700
16.23641700
17.18625000
16.61495800
16.77850000
16.15000000
17.13691700
16.24175000
17.21158300
16.68291700
16.63620800
16.62445800
16.68841700
16.72908300
16.20358400
17.06270800
16.29954200
17.07000000
16.29658300
16.68337500
17.02037500
16.71758300
16.78270900
16.58870800
16.42058300
17.03737500
16.21600000
16.68391700
17.03587500
16.74850000
16.54133300
16.61454200
16.89508300
16.67395900
16.34883300
16.63941700
17.05933300
16.27620800
16.68295900
18.49858300
14.89566700
17.04291600
16.70504200
16.27475000
16.90141700
16.95820800
16.70462500
16.17408300
17.15116700
16.21054200
17.11883300
16.73916700
16.35858300
16.85479200
16.69045800
16.82966700
16.37433300
16.50125000
16.93050000
16.43725000
16.88625000
17.00825000
16.33933300
16.65808400
16.69562500
16.99195800
16.30216700
16.59062500
16.87891600
16.48129200
16.95266700
16.84241600
16.59604200
16.34708300
17.13679200
16.22454200
17.15441600
16.21187500
17.21241700
16.62770800
16.43062500
16.47350000
16.67441700
17.15800000
16.69133300
16.35375000
16.96275000
16.24904200
16.68595800
16.68758400
17.21575000
16.14470800
16.68262500
16.69341700
16.67458300
16.68350000
16.70454200
16.66050000
17.29400000
16.70050000
16.65208300
16.08629200
16.68341600
17.17325000
16.20104200
17.22704200
16.21895800
16.59683300
17.06316700
16.30287500
17.02858300
16.96070900
16.38483300
16.35929200
16.96362500
16.99595800
16.09062500
16.83320800
16.97350000
16.48158400
16.44983300
16.68270800
16.67912500
17.15212500
16.21462500
16.76870900
16.59795800
16.73387500
16.63312500
17.11375000
16.66091700
16.61995800
16.74808300
16.29150000
17.15216700
16.68183300
16.19800000
17.21029200
16.15679200
16.68350000
17.16795800
16.57104200
16.31025000
16.68395800
16.68416700
16.68166600
17.22416700
16.14316700
17.09425000
16.27233300
16.88012500
16.59229200
16.58008300
17.14695800
16.21704200
17.18941700
16.62812500
16.37579100
16.54108400
16.69329100
17.18983400
16.16583300
17.26291700
16.44595800
16.87479200
16.60162500
16.65408300
16.28658300
17.10287500
16.76850000
16.15370900
17.13875000
16.77991600
16.56633400
16.68770800
16.24358300
17.00354200
16.36345800
17.21375000
16.61162500
16.65837500
16.73779200
16.43645800
16.44145900
17.22645800
16.48391700
16.34020800
17.07804200
16.81041600
16.47645900
18.40875000
14.78720800
17.00262500
16.54029200
16.88920800
16.61241700
16.84845800
16.59529200
16.62541600
16.22062500
16.67179200
17.16395800
16.71737500
16.36250000
16.86058400
16.91116600
16.08316700
16.68366700
17.15987500
16.20700000
17.16991600
16.19729200
16.68370800
17.20575000
16.27837500
16.56729200
17.27508300
16.09229200
17.25637500
16.71404200
16.63162500
16.71187500
16.70070800
16.55529200
16.21083300
16.76929200
17.04408300
16.71062500
16.21116700
17.11354100
16.25195900
16.81666600
16.99516700
16.68233300
16.24075000
17.13125000
16.67279200
16.76679200
16.15958300
16.68512500
16.68454200
16.68054100
17.16408400
16.72812500
16.63212500
16.39841600
16.56312500
16.69312500
17.21679200
16.68950000
16.67504200
16.49937500
16.79375000
16.14583300
17.15375000
16.72845800
16.16762500
17.18783400
16.55312500
16.55050000
16.44841600
17.20287500
16.15704200
16.68891700
17.20558300
16.15562500
17.23729200
16.36412500
16.68762500
16.96620800
16.16208300
16.68470900
16.68179100
17.19562500
16.59925000
16.80633400
16.60412500
16.45229100
16.96804200
16.15829200
16.68270800
17.31162500
16.65254200
16.08541600
16.75612500
17.22062500
16.68104200
16.07612500
16.68287500
17.16291700
16.72883300
16.61000000
16.23445800
16.68100000
17.16158400
16.64825000
16.76783300
16.15941700
17.11875000
16.24337500
17.12650000
16.70916600
16.45500000
17.04741700
16.07929200
17.11795800
16.41929200
17.12679100
16.58095900
16.66558300
16.69808300
16.70675000
16.15287500
17.16204200
16.72066700
16.69583300
16.79145800
16.57716700
16.60941700
16.84687500
16.06100000
17.27825000
16.70362500
16.68950000
16.65483300
16.09062500
17.23012500
16.59945800
16.22679200
17.11987500
16.25354200
16.67533300
17.12529200
16.23625000
17.21366600
16.63279200
16.67054200
16.74083300
16.61241700
16.68275000
16.61416600
16.38054200
17.07075000
16.74812500
16.15033300
17.13112500
16.23487500
17.19654200
16.17079200
17.22108300
16.58145800
16.70525000
16.85416700
16.52995800
16.20791700
17.22062500
16.58300000
16.84591700
16.09579100
16.67104200
17.05308300
16.95679200
16.66337500
16.55816700
16.19266600
17.16295900
16.79741600
16.70125000
16.63079200
16.74337500
16.41645800
16.33616700
17.28570800
16.69433400
16.05754100
17.17816700
16.68812500
16.18375000
17.21700000
16.15416700
16.68008300
17.28279200
16.69720800
16.51995800
16.38716700
16.52779200
16.68450000
17.20491600
16.23162500
17.21350000
16.73929200
16.63975000
16.67520800
16.58016700
16.18070800
17.01295900
16.35525000
17.28212500
16.69058300
16.71350000
16.66137500
16.69179200
16.70229100
16.64220900
16.71208300
16.05375000
17.29020800
16.68683400
16.70387500
16.05216600
16.68358400
17.23437500
16.13179100
17.18100000
16.80879200
16.68575000
16.06304200
17.21779100
16.14725000
17.20145900
16.22420800
17.06945800
16.76458400
16.67779100
16.16266700
17.22629200
16.14050000
16.68275000
16.67991600
17.22712500
16.14441700
17.20150000
16.16029200
17.26133300
16.10575000
16.68270800
16.68350000
17.21637500
16.63700000
16.65479200
16.77416700
16.36354100
17.03862500
16.65329200
16.62645800
16.66712500
16.62741700
16.36458300
16.57612500
17.06658400
16.79508300
16.18866700
17.21070800
16.59475000
16.24512500
16.97654200
16.87633300
16.62366700
16.76750000
16.17216600
17.13008400
16.76783300
16.42487500
16.86566700
16.23000000
17.12925000
16.68495800
16.65825000
16.74779200
16.33933300
16.53945800
17.12525000
16.24145900
17.22687500
16.15391600
17.28475000
16.61370900
16.65150000
16.67150000
16.18450000
17.15762500
16.28254100
17.14491700
16.57520800
16.79641700
16.13908300
16.81150000
17.06408400
16.17487500
17.08083300
16.77691700
16.19725000
16.71537500
17.16229100
16.63625000
16.67045900
16.22691600
17.12791700
16.23904200
17.20770800
16.57479200
16.40570800
17.15950000
16.67004200
16.67387500
16.71958300
16.05529200
16.88462500
16.76750000
16.71129100
16.36983400
16.70050000
17.16325000
16.79600000
16.59829100
16.15962500
17.11391700
16.55862500
16.86608300
16.58925000
16.29875000
17.12050000
16.74120900
16.17783300
16.68287500
16.86841700
17.09216600
16.56662500
16.73150000
16.44220900
16.44212500
16.64041600
17.29083400
16.50154100
16.88566700
16.28208300
16.92000000
16.22016700
16.89529200
16.95354100
16.33841700
16.75595800
17.01383400
16.75133300
16.68504200
16.68141600
16.69970900
16.06366600
17.14820900
16.35729100
17.17175000
16.53329200
16.29195800
17.01870900
16.67300000
16.77887500
16.59987500
16.72383300
16.38195800
16.97687500
16.67716700
16.76933300
16.67045900
16.76504100
16.60933400
16.54437500
16.29770800
16.67641700
17.33366600
16.63558400
16.70262500
16.66691600
16.52108400
16.75191600
16.64420900
16.20712500
17.19470800
16.62837500
16.83654200
17.08620800
15.67141700
17.20116600
16.23358400
17.22470800
16.07329200
17.22470800
16.23025000
17.14529200
16.66512500
16.56575000
16.75125000
16.72812500
16.58233300
16.73154200
16.21191600
18.36254200
15.62029200
16.34483300
16.40512500
16.68108300
16.68295900
17.26504100
16.69037500
16.09795900
17.27041600
16.59283400
16.63641600
16.36312500
16.55387500
17.10937500
16.25354200
17.18612500
16.64529200
16.64958300
16.25350000
17.10916700
16.67354100
16.26666700
17.10112500
16.70245800
16.61525000
16.75870900
16.66237500
16.75883300
16.59733300
16.71012500
16.74945900
16.21295800
17.04987500
16.81600000
16.66191700
16.68279100
16.69641700
16.59612500
16.24770800
17.18704200
16.17954200
17.18991600
16.68695900
16.17558300
17.20858300
16.15237500
17.12704200
16.77083300
16.15320900
16.68287500
17.19533300
16.58679200
16.26870800
17.14300000
16.22225000
16.68354200
17.17987500
16.59920800
16.69266700
16.74729100
16.52275000
16.77795900
16.88062500
16.06625000
17.27079100
16.11270900
17.11820800
16.63566700
16.27870800
16.68412500
17.09150000
16.27529200
17.10833300
16.65516700
16.75825000
16.59520800
16.30754200
16.67500000
16.68395800
16.68345800
16.68300000
17.06491700
16.30129200
17.18370800
16.41579200
16.91254100
16.52908400
16.78308300
16.71975000
16.66112500
16.68495800
16.73462500
16.35845900
17.12212500
16.54508300
16.23379200
16.68845800
17.06566700
16.30095800
17.12979200
16.23141600
17.15454200
16.80812500
16.71362500
16.05737500
17.09129200
16.74695800
16.21100000
16.72625000
17.10895800
16.21516700
16.97083300
16.86516700
16.42091700
16.88316600
16.70245900
16.25725000
17.09316600
16.78241700
16.55575000
16.70766700
16.76358300
16.19762500
17.27762500
16.48958300
16.70712500
16.70720900
16.74754100
16.63545900
16.64820800
16.25425000
17.13612500
16.23000000
17.19650000
16.18408300
17.26029200
16.61287500
16.32487500
16.52162500
16.79108300
17.03862500
16.21983400
16.79541600
16.99587500
16.26579200
17.16591700
16.62041600
16.76337500
16.36479200
16.49800000
17.10062500
16.89162500
17.47066700
15.86225000
16.43841600
16.33420900
17.20862500
16.58320800
16.68525000
16.26491700
16.77258300
17.00637500
16.54895800
16.42508400
16.66887500
17.28866600
16.66829200
16.68579200
16.70654100
16.65083400
16.08554100
16.96429200
16.84554200
16.25408300
17.17762500
16.17516700
17.26158300
16.73391700
16.43941600
16.70704200
16.27483300
17.10795900
16.26083300
16.68208300
16.68241700
17.61020800
15.76620900
17.25720800
16.68770800
16.70804200
16.07112500
17.28258300
16.09016700
16.67708300
16.68425000
16.68275000
16.68233400
17.15412500
16.70208300
16.59062500
16.75045800
16.59654200
16.69075000
16.30016700
16.85000000
16.62537500
17.03470800
16.22237500
17.11812500
16.73641700
16.19658300
16.70950000
17.01933300
16.31991700
17.12616700
16.65795800
16.52266700
16.53916600
17.08745900
16.16629100
17.06366700
16.80562500
16.18158300
17.07587500
16.79458400
16.17975000
16.68204100
16.68554200
17.11725000
16.24775000
16.68416700
17.10741600
16.26037500
16.68320900
16.68283300
16.78575000
17.08241700
16.61379100
16.66250000
16.29175000
17.05729200
16.28925000
17.08154200
16.75345800
16.21741700
17.19600000
16.59345800
16.74558300
16.72083400
16.59275000
16.84700000
16.67158300
16.09620800
16.68329200
17.16620800
16.63995900
16.33687500
17.06654100
16.60741700
16.76770800
16.66516700
16.63066700
16.47229100
16.48254200
17.14133300
16.22350000
16.71791700
16.86154200
16.96637500
16.60229100
16.26825000
16.68470900
16.68379100
17.01070900
16.36200000
17.07620800
16.74691700
16.74800000
16.15641600
16.77445900
16.59100000
17.06512500
16.34445800
16.64050000
17.07820800
16.28908400
17.19616600
16.17116700
17.26300000
16.14204200
17.07554100
16.25129200
17.17216700
16.19412500
17.09125000
16.36479100
17.01770900
16.56450000
16.82733300
16.23416700
16.88195800
16.95616700
16.70737500
16.19083300
17.04879200
16.31666600
17.11020900
16.86379100
16.66366700
16.69541700
16.08191600
16.68325000
16.68354200
16.68245800
16.68437500
17.19637500
16.60770900
16.67645800
16.71858300
16.21725000
16.68383400
17.14454100
16.62604200
16.64170800
16.32029200
16.68387500
17.26420800
16.52633400
16.67258300
16.69958300
16.39141700
16.87391700
16.77554100
16.26283400
17.10033300
16.28204200
17.14675000
16.39312500
16.92216600
16.77112500
16.60387500
16.70083400
16.99904100
16.47962500
16.11970900
16.85566600
16.56020900
17.05204100
16.75383400
16.27995800
16.59583300
16.68354200
16.68583300
17.17879200
16.39350000
16.55729200
16.60291600
16.77183400
17.00341600
16.33525000
17.11520900
16.19175000
17.06445800
16.75866700
16.81316600
16.71837500
16.67950000
16.49204200
16.25579200
17.06637500
16.66620800
16.92341700
16.64304100
16.69350000
16.59087500
16.19904200
17.13879200
16.57220800
16.75870800
16.83254200
16.70754200
16.67737500
16.67658300
16.59045800
16.59137500
16.43383400
17.12879100
16.47404200
16.73395800
16.64050000
16.29833400
17.25616600
16.61487500
16.17416700
17.12079200
16.74641600
16.78545900
16.68425000
16.70025000
16.07487500
16.67145800
16.68383300
16.91070900
16.97079100
16.18316700
17.26604200
16.69537500
16.69508300
16.42400000
16.80020800
16.20425000
16.68212500
17.29566700
16.65595800
16.54437500
16.83604200
16.08816700
16.68300000
16.68375000
17.00387500
16.72191600
16.80441700
16.20066700
17.17308300
16.19587500
17.11766700
16.73329100
16.75975000
16.56683400
16.68062500
16.24195800
17.07033300
16.72150000
16.74754200
16.42229200
16.91395800
16.41458300
16.93050000
16.39775000
16.67229200
16.68229200
16.92462500
16.75491600
16.23187500
17.07695900
16.29016600
16.68554200
16.67783300
17.21775000
16.59058400
16.62587500
16.37400000
16.61850000
16.68145800
17.09916700
16.66395800
16.27695800
16.68366700
17.12633300
16.81741700
16.10608300
17.17645900
16.19958300
17.18866700
16.45475000
16.40920800
16.67100000
16.68366700
17.23979100
16.12704200
16.84079200
17.07050000
16.59412500
16.22762500
16.68333300
16.68333300
16.68320900
16.68358300
17.07445800
16.70983400
16.76108300
16.65504200
16.58925000
16.31887500
17.10591600
16.43570900
16.49950000
17.07408300
16.29341700
17.15770800
16.44495800
16.75212500
16.59554200
16.64854200
16.68287500
17.02283300
16.16520800
16.67925000
16.72866700
17.09687500
16.22512500
16.68400000
17.13995800
16.22575000
17.14225000
16.22479200
17.26512500
16.62645800
16.15875000
16.68445900
17.22979100
16.13695900
16.68245800
17.20662500
16.24129200
16.61070800
17.19954200
16.15808300
17.31158300
16.05533400
17.10937500
16.79991600
16.56670900
16.25645800
17.16254200
16.20483300
17.29670800
16.06920900
17.15029100
16.80950000
16.70412500
16.07350000
17.16266700
16.70462500
16.62466700
16.72412500
16.53458300
16.49375000
16.95325000
16.79520800
16.58041700
16.25679200
16.68241600
17.11016700
16.50320800
16.91370900
16.20700000
17.09800000
16.27770800
17.06633300
16.34783400
17.15754100
16.17316700
17.24070800
16.71037500
16.66925000
16.67558400
16.61033300
16.17700000
17.15291700
16.25666600
17.06233400
16.88458300
16.67650000
16.31354200
16.93458300
16.70537500
16.57570800
16.31883400
16.63229100
17.14608400
16.84016600
16.06300000
17.12120900
16.88391600
16.67691700
16.64212500
16.10366700
17.12929100
16.23975000
16.96587500
16.85287500
16.52145900
16.92658300
16.13595800
17.08937500
16.91329200
16.61820800
16.72612500
16.69479200
16.68091700
16.68091600
16.67970900
16.68054100
16.06929200
16.70204200
17.13787500
16.47525000
16.42925000
17.28170800
16.68237500
16.70541700
16.65837500
16.50937500
16.78079100
16.59483400
16.69587500
16.84733300
16.65679200
16.09279100
17.30320900
16.52100000
16.24320800
17.18920800
16.55241700
16.34216700
16.63329100
16.93150000
16.94762500
16.16958400
16.68412500
16.68233300
17.20191700
16.60941600
16.79941700
16.64837500
16.63308300
16.21145900
17.21287500
16.25450000
17.12083300
16.60141700
16.70954100
16.74358400
16.59366600
16.75354200
16.16058300
17.15825000
16.68858400
16.74591600
16.60562500
16.69291700
16.20875000
16.68400000
17.14491700
16.75958300
16.59558300
16.69775000
16.22512500
16.67325000
17.16104200
16.82600000
16.06270800
17.00100000
16.39387500
17.08429200
16.68366700
16.79483300
16.62225000
16.20516700
17.30150000
16.06320800
16.91675000
16.68333300
16.95591700
16.67725000
16.69462500
16.17437500
16.68212500
16.68554200
17.26529100
16.71733400
16.70120800
16.62566700
16.65245800
16.68091700
16.13816600
17.30604200
16.58050000
16.61487500
16.76079200
16.56079100
16.76191700
16.71729200
16.17533300
17.16620800
16.34058400
16.97529100
16.24008400
16.68350000
16.68179100
17.17108400
16.73816600
16.60679200
16.69650000
16.20520800
16.68345900
16.80875000
17.09745800
16.36287500
16.95450000
16.19295800
17.12825000
16.34045900
16.93783300
16.34991700
73.29200000
2.46904100
2.75845900
22.27754100
4.92883400
2.73279100
8.30841700
16.67808300
16.68029200
17.18045800
16.55350000
16.76587500
16.73462500
16.58387500
16.81525000
16.66291700
16.17166700
16.97150000
16.39904100
16.69362500
17.15612500
16.82383400
16.06712500
16.67733300
17.15833300
16.75262500
16.13391700
17.23787500
16.66816700
16.63304100
16.19362500
17.19079200
16.76733300
16.69829200
16.07712500
16.68375000
16.74829200
17.23404100
16.26625000
17.11258400
16.68066600
16.65987500
16.72441700
16.65108300
16.52633400
16.77150000
17.71808300
15.72920800
16.61008400
16.61895800
16.81466700
16.40458300
16.93154200
16.71354100
16.69779200
16.66354200
16.10425000
17.31525000
16.24420800
17.05316700
16.36383300
16.40979200
17.26512500
16.73429100
16.19079200
17.13979200
16.68050000
16.08687500
17.30133300
16.67979200
16.06979100
16.68541700
16.68225000
16.68183300
17.20800000
16.69187500
16.61087500
16.71700000
16.19137500
17.16120900
16.82245800
16.07058300
16.77741700
16.62433300
17.09104200
16.84966700
16.68579100
16.68350000
16.17554200
17.18658300
16.14200000
17.08545900
16.75108300
16.60350000
16.64187500
16.78712500
16.77658300
16.06608400
16.79916600
16.83000000
16.71854200
17.01666700
16.67529100
16.67533400
16.71183300
16.04016700
17.29112500
16.07412500
16.68379100
16.68366700
16.68637500
17.25437500
16.70900000
16.08350000
17.28466700
16.09383300
17.20941700
16.84050000
15.98858300
16.97941700
16.84329100
16.54345900
16.36700000
17.06295800
16.30366700
17.23487500
16.56841600
16.24654200
16.68304200
17.16016600
16.71812500
16.17150000
16.68491700
17.22379200
16.14258300
17.24354200
16.66000000
16.65733300
16.69441700
16.68187500
16.72687500
16.70741600
16.65100000
16.12725000
17.16295900
16.72612500
16.62108300
16.66887500
16.74287500
16.60787500
16.73175000
16.20550000
17.16337500
16.80004200
16.70050000
16.67137500
16.52416600
16.24187500
16.68091700
16.68429200
17.21908300
16.71516700
16.72287500
16.60637500
16.75612500
16.69266600
16.69675000
16.67112500
16.06945900
16.68304100
17.17616700
16.70387500
16.66137500
16.61937500
16.77641700
16.16304100
16.68345900
17.18829100
21.41120900
11.44908300
16.68333300
16.68333400
16.68420800
16.68258300
16.68645900
16.68012500
16.68591600
16.68075000
16.68333400
16.68337500
16.68341600
16.68320900
16.68333300
16.68404200
16.68258300
16.68341700
16.68329100
16.68537500
16.68129200
16.68333300
16.68325000
16.68333400
16.68979100
16.67700000
16.68395900
16.68716600
16.67945900
16.68525000
16.68558300
16.67970800
16.70908400
16.65750000
16.68391600
16.68350000
16.68595900
16.68004100
16.68675000
16.68075000
16.68550000
16.67920900
16.68333300
16.69025000
16.67654200
16.68358300
16.68358300
16.68291700
16.69779200
16.68766600
16.66445900
16.68316600
16.68354200
16.68341700
16.68470800
16.69750000
16.68691700
16.66766600
16.68800000
16.67791700
16.68029200
16.68337500
16.68329100
16.68337500
16.68341700
16.68320800
16.68341700
16.68320800
16.68333400
16.70208300
16.66466700
16.68337500
16.68350000
16.69020800
16.70412500
16.65570800
16.68325000
16.68316700
16.68345800
16.68470900
16.68175000
16.68341600
16.68625000
16.68054200
16.68325000
16.68329200
16.68466600
16.68287500
16.68429200
16.68291700
16.68195800
16.68316700
16.68350000
16.68333300
16.68350000
16.68329200
16.68312500
16.68325000
16.68841600
16.67841700
16.68333300
16.68337500
16.68333400
16.68933300
16.67720800
16.68329200
16.68333300
16.68350000
16.68329200
16.68325000
16.68341700
16.68325000
19.28133300
15.96445800
14.81570900
16.67308300
16.68287500
17.82825000
16.74316700
16.47991600
16.35145900
17.87129100
18.26920900
17.92866600
17.90312500
17.43104200
17.00412500
16.72087500
16.43170800
16.75916700
16.14583300
16.31950000
16.62437500
16.77829200
16.25725000
15.80720800
16.14741700
15.98750000
15.83541700
15.84104100
16.09666700
15.82725000
16.37637500
16.68316700
16.68354100
16.68325000
16.68333400
16.68341600
16.68337500
16.68337500
16.71187500
16.65466700
16.69608300
16.67050000
16.69004200
16.67683300
16.68391700
16.68258300
16.68429200
16.68262500
16.69029200
16.69433300
16.67050000
16.67825000
16.68325000
16.68316700
16.68375000
16.68287500
16.69491600
16.67191700
16.68691700
16.67983300
16.68316700
16.68325000
16.69220800
16.67450000
16.68333300
16.68337500
16.68933400
16.67833300
16.68320800
16.68250000
16.68316700
16.68325000
16.68341700
16.68337500
16.68325000
16.68337500
16.68325000
16.68341600
16.68337500
16.68337500
16.68312500
16.71216700
16.65462500
16.68337500
16.68337500
16.68337500
16.68308300
16.68354200
16.68337500
16.68316700
16.68341600
16.68320900
16.68329100
16.68329200
16.68358300
16.68337500
16.68329200
16.68345800
16.72491700
16.64191700
16.68320800
16.68312500
16.68358300
16.68337500
16.69108400
16.67562500
16.68308300
16.68970800
16.67695900
16.68350000
16.68316600
16.68337500
16.68470900
16.68208300
16.68316700
16.68358300
16.69770800
16.68062500
16.67145900
16.69033300
16.67650000
16.69137500
16.67520800
16.68337500
16.68329200
16.68337500
16.68525000
16.68141700
16.68354100
16.68300000
16.68337500
16.68308400
16.68387500
16.68320800
16.68337500
16.68316700
16.68358300
16.68287500
16.70587500
16.66087500
16.71508300
16.65170900
16.68325000
16.68333300
16.68770800
16.67904200
16.68337500
16.68850000
16.67800000
16.68350000
16.68383300
16.68266700
16.68325000
16.69483300
16.67216700
16.68395800
16.68237500
16.68341700
16.68333300
16.68354200
16.68445800
16.68475000
16.68170900
16.68204100
16.68358400
16.69175000
16.67487500
16.68333300
16.68912500
16.68820800
16.67254200
16.69304200
16.67412500
16.68333300
16.68875000
16.67791700
16.68300000
16.70187500
16.66483300
16.68300000
16.68387500
16.68316700
16.68300000
16.68354100
16.68320900
16.68345800
16.68329200
16.68395800
16.68270800
16.68337500
16.68320900
16.68337500
16.68350000
16.69208300
16.67445800
16.70154200
16.66512500
16.71537500
16.65145800
16.68395900
16.69354100
16.67237500
16.68337500
16.69154200
16.67504200
16.68329100
16.68512500
16.69445900
16.67058300
16.68341700
16.68554100
16.74729200
16.63275000
16.66766700
16.68304100
16.68337500
16.68354200
16.68325000
16.68350000
16.68316700
16.68337500
16.68429100
16.68262500
16.68608400
16.68020800
16.68362500
16.68325000
16.69166700
16.67504100
16.68291700
16.69091700
16.67608300
16.68333300
16.68312500
16.68345900
16.75758300
16.60908300
16.68333400
16.69008300
16.67658300
17.26320900
17.47091600
16.29479200
15.84966700
16.74829100
16.52658400
16.63004100
16.68312500
16.76583400
16.60125000
16.82645800
18.79162500
17.82891700
15.75541600
16.26737500
15.55066700
15.86308300
16.59458400
16.67145800
16.68345800
16.93487500
16.45170900
16.84183300
16.56804200
16.62004100
16.68325000
16.77650000
16.59033400
16.88700000
16.47929100
16.68387500
16.68312500
16.75350000
16.87691700
16.52341700
16.59537500
16.66741600
16.94995900
16.58916600
16.55029200
16.70604200
16.76704100
16.88183400
16.37804100
16.84033400
16.84400000
16.77516600
16.41187500
17.03683400
16.38058300
16.85616700
16.35895800
16.86537500
16.54933300
17.01058400
16.78691600
16.71400000
16.22933400
16.87345800
16.65116700
16.81616600
16.70541700
16.60912500
16.32820800
16.90483400
17.01129100
16.52950000
16.27245900
17.32554100
16.42520900
16.69583300
16.81004200
16.67204100
16.45445900
16.88591600
16.67054200
16.81050000
16.43058300
17.11754200
16.46020800
17.18529200
15.87825000
17.13062500
16.54375000
16.82312500
16.64937500
16.31487500
17.17583300
16.71554200
16.31075000
16.39016700
16.84041600
16.57500000
16.63604200
16.71479200
16.49083300
16.82437500
17.00925000
16.45450000
16.52016700
16.78583300
16.57991700
16.60933300
17.23633300
16.75462500
16.07320900
17.20537500
19.97900000
15.50791600
15.54662500
18.43637500
30.23508400
17.84212500
18.48337500
15.34033300
15.00212500
14.47670800
14.07733400
14.80350000
14.58616600
15.19383400
15.60950000
15.39845800
15.88525000
15.21770800
15.72941700
16.80983300
16.68279200
16.53841700
16.59512500
16.79550000
16.70162500
16.65800000
16.82466600
16.51670900
16.70837500
16.75366600
16.63487500
16.73033400
16.60054100
16.72733400
16.91958300
16.73637500
16.21187500
16.70070800
16.78920900
16.94512500
16.50458300
16.69891700
16.41487500
16.85966600
17.08066700
16.40941700
16.72379100
16.59758400
16.51304100
16.69275000
16.70470900
16.79362500
16.89908300
16.30000000
16.82291700
16.58737500
16.82870800
16.75766700
16.35508300
16.67379200
16.91629100
16.33662500
16.84725000
16.70562500
16.68208400
16.58825000
17.00675000
17.49954100
15.88058400
17.42483300
15.72183300
17.90362500
16.14795900
16.07258300
16.66683300
17.01558400
16.38866600
16.50837500
16.59633400
17.26362500
16.51862500
16.63387500
16.79233300
16.80020800
16.00937500
16.53204200
16.87887500
16.77662500
16.87416700
16.26833300
17.13491700
16.18491600
17.10070900
16.27079100
16.54700000
16.79050000
16.62916700
16.90058300
16.36329200
16.82425000
16.59295800
17.10895900
16.39845800
16.64170800
16.57441700
16.59779200
17.06979100
16.35629200
16.98279200
16.29145800
16.77029200
19.73445800
15.98029200
16.83237500
18.19437500
16.10383300
15.78216700
15.91287500
15.30750000
17.00287500
16.37820800
16.28566700
16.88158300
16.45741700
16.67716600
16.74508400
16.63570800
16.67866700
17.18341600
15.98500000
16.68345900
17.14587500
16.31812500
16.58812500
16.97650000
17.30745800
15.77291700
16.75662500
16.70837500
16.87670800
17.05925000
16.00645800
16.68395900
16.68329100
16.68320900
16.70625000
16.68787500
16.65558300
16.68333300
16.70500000
16.66170900
17.43400000
15.99075000
16.64145800
16.66708300
16.68370900
16.68595800
16.68037500
16.68333300
16.68420900
16.68254100
16.68329200
16.68333300
16.68345900
16.68433300
16.68212500
16.68341700
16.68341600
16.68320900
16.69004100
16.67758400
16.68254100
16.68316700
16.68358300
16.68345900
16.68337500
16.68400000
16.69266600
16.67320900
16.68591600
16.68054200
16.68341700
16.68325000
16.68316600
16.68362500
16.68308400
16.68366600
16.69233400
16.67725000
16.68029100
16.69287500
16.67400000
16.68308400
16.68345800
16.69133300
16.67525000
16.68325000
16.68341700
16.68762500
16.68779200
16.67445800
16.69254200
16.67404100
16.68366700
16.68345800
16.68325000
16.68304200
16.68333300
16.68337500
16.68350000
16.68320900
16.68333300
16.68362500
16.68508300
16.68883400
16.67870800
16.68212500
16.68220800
16.68366700
16.68250000
16.68329200
16.68995800
16.67658300
16.68354200
16.68375000
16.68275000
16.68320800
16.68358400
16.68329100
16.68320900
16.68325000
16.68362500
16.68312500
16.68358300
16.68320800
16.68625000
16.69204200
16.68400000
16.67100000
16.68366700
18.03429100
16.52779200
15.85820800
16.33566700
16.81725000
16.52654200
16.68308300
16.84329200
16.52654100
16.68020900
16.68337500
16.68333300
16.68337500
16.68312500
16.68329200
16.68333300
16.68354200
16.68325000
16.68316600
16.68345900
16.68329100
16.68333400
16.68333300
16.68333300
16.68366700
16.68312500
16.68316700
16.68341600
16.68341700
16.68329200
16.68325000
16.68333300
16.68333300
16.68375000
16.68312500
16.68337500
16.68354200
16.68325000
16.68912500
16.67737500
16.69420800
16.68979200
16.66616700
16.68329100
16.68325000
16.68350000
16.69887500
16.66779200
16.68362500
16.68291700
16.68325000
16.68354100
16.68329200
16.68329200
16.68320800
16.70008300
16.68466700
16.66537500
16.69695800
16.66970900
16.68316600
16.70112500
16.66637500
16.69600000
16.67045900
16.68291600
16.68320900
16.68337500
16.68341600
16.69245900
16.67425000
16.69229100
16.67433400
16.68354100
16.68312500
16.68362500
16.69941700
16.66691700
16.68333300
16.75654200
16.61016600
16.68308400
16.69100000
16.67579100
16.68308400
16.68354100
16.68320900
16.68387500
16.68283300
16.68329200
16.68350000
16.68325000
16.68358300
16.68312500
16.68341700
16.68362500
16.68400000
16.68300000
16.68283300
16.68304200
16.68337500
16.68525000
16.68145800
16.68333300
16.68354200
16.68304200
16.68337500
16.68329100
16.85841700
16.51804200
16.68675000
16.68637500
16.67341600
16.67712500
16.68325000
16.68316700
16.68366700
16.68345800
16.68329200
16.68320800
16.68345800
16.68687500
16.67970900
16.68325000
16.68337500
16.68320800
16.68416700
16.69229100
16.68762500
16.66904200
16.76737500
16.59950000
16.68350000
16.68329200
16.68329100
16.68362500
16.68320900
16.68362500
16.68266600
16.68354200
16.68362500
16.68333300
16.68295900
16.69237500
16.78904100
16.56858400
16.68350000
16.68333300
16.68329200
16.68766600
16.67875000
16.68341700
16.69641700
16.67041600
16.68316700
16.68370800
16.68316700
16.68875000
16.67779200
16.68320800
16.68312500
16.68370800
16.68345900
16.68316600
16.68337500
16.69170900
16.67479100
16.68362500
16.68312500
16.68629200
16.68075000
16.68300000
16.68333300
16.68337500
16.68437500
16.68254200
16.68304200
16.68316600
16.69825000
16.66854200
16.68320800
16.68333400
16.68345800
16.68325000
16.68366700
16.68300000
16.68350000
16.68341600
16.68316700
16.68350000
16.68325000
16.68308300
16.68337500
16.69604200
16.67058300
16.68362500
16.68325000
16.68341700
16.68316700
16.68345800
16.68854200
16.67808300
16.68329200
16.68329100
16.68345900
16.68345800
16.68337500
16.68295800
16.68345900
16.69966600
16.66716700
16.68358300
16.68358400
16.68325000
17.16950000
16.21312500
16.66758300
16.68258300
16.68354200
16.68304200
16.68333300
16.68341700
16.70229100
16.66429200
16.68333300
16.68333400
16.68333300
16.68345800
16.68637500
16.68037500
16.68333400
16.68312500
16.68333300
16.68375000
21.25579200
17.54870800
19.60908300
15.47033400
21.67379100
25.96445900
21.11137500
27.46670800
21.16433300
17.02700000
16.72937500
19.84783400
19.03445800
19.56254200
20.77216600
18.67312500
18.38075000
17.86645900
17.93487500
18.58150000
17.65108300
18.47450000
18.55362500
18.78241700
19.12550000
19.47954100
19.86987500
18.53062500
20.16720900
22.16362500
26.50354100
22.63241700
19.99770800
18.72129200
22.11141700
21.58750000
19.82933300
19.63012500
18.75475000
18.16545800
18.06670900
17.48558300
17.53795800
17.67787500
16.13270900
15.66875000
15.20183300
16.04300000
16.58525000
17.88362500
19.70491700
18.93379100
16.07095900
16.18400000
15.51295800
15.83795800
15.92654200
15.25925000
15.79533300
14.62725000
14.43783400
12.94758300
12.78795800
12.67570900
12.76233300
13.31320800
13.30241700
12.68425000
12.60820800
12.52725000
12.63029200
13.03025000
12.85687500
12.48925000
12.26966700
12.81054100
11.99641700
11.85316700
12.17800000
11.86233300
11.90904200
15.55708300
16.68325000
16.68341700
16.68329100
16.68341700
16.68325000
16.68345800
16.68345900
16.68333300
16.68633300
16.68012500
16.68354200
16.68312500
16.68525000
16.68154200
16.68345800
16.68325000
16.68325000
16.68320800
16.68333400
16.68462500
16.68229100
16.68300000
16.68345900
16.68345800
16.68337500
16.68329200
16.68350000
16.68316600
16.68329200
16.68329200
16.68637500
16.68045800
16.68329200
16.68341600
16.68312500
16.68341700
16.68337500
16.68345800
16.68316700
16.68337500
16.69150000
16.67512500
16.68325000
16.68362500
16.68316700
16.68325000
16.68366600
16.68300000
16.68362500
16.68337500
16.68295900
16.68337500
16.69850000
16.68391600
16.67295900
16.67787500
16.68354100
16.68329200
16.68341700
16.68341600
16.68308400
16.68345800
16.68358300
16.68287500
16.68358400
16.68875000
16.67783300
16.68341700
16.68333300
16.68333300
16.69400000
16.67270900
16.68350000
16.68308300
16.68354200
16.68308300
16.68333300
16.68354200
16.68320800
16.69283400
16.67416600
16.68291700
16.68354200
16.68591600
16.68058400
16.68458300
16.68183300
16.68362500
16.68358400
16.69508300
16.67133300
16.68312500
16.68350000
16.68329200
16.68345800
16.68333400
16.68333300
16.68320800
16.68337500
16.68350000
16.68608400
16.68341600
16.68058400
16.68312500
16.68391600
16.68291700
16.68350000
16.68854200
16.67854100
16.68258400
16.68329100
16.68345900
16.68320800
16.68341700
16.68325000
16.68333300
16.68333300
16.68366700
16.68308300
16.68366700
16.68320800
16.68341700
16.68320800
16.68308400
16.69025000
16.67637500
16.68341600
16.68325000
16.68350000
16.68354200
16.68304200
16.68320800
16.68412500
16.68275000
16.68991700
16.67658300
16.68341700
16.68341600
16.68329200
16.68316700
16.68450000
16.68233300
16.68320800
16.68345900
16.68341600
16.68337500
16.68312500
16.68325000
16.68333400
16.68337500
16.68345800
16.68854200
16.69466600
16.66670900
16.68345800
16.68312500
16.68608300
16.68070900
16.68350000
16.69366600
16.68545900
16.67075000
16.68350000
16.68329100
16.68325000
16.68333400
16.68316600
16.68350000
16.68329200
16.68362500
16.68312500
16.68320800
16.68687500
16.69041700
16.67275000
16.68345800
16.69962500
16.66708400
16.68316600
16.68325000
16.68325000
16.68354200
16.68341700
16.68325000
16.68325000
16.68333300
16.68350000
16.68295800
16.68358400
16.68345800
16.68316700
16.68337500
16.68341600
16.68341700
16.68304200
16.68341600
16.68337500
16.68345900
16.68308300
16.68320800
16.68329200
16.68375000
16.68304200
16.68345800
16.68337500
16.68320800
16.68337500
16.68366700
16.68308300
16.68312500
16.68350000
16.68320900
16.68333300
16.68341700
16.69158300
16.67512500
16.68333300
16.68329200
16.68329200
16.69004100
16.67666700
16.72075000
16.64595800
16.68316700
16.68354200
16.68312500
16.68345800
16.68312500
16.68350000
16.68362500
16.68329200
16.68304100
16.76537500
16.60125000
16.69491700
16.67191700
16.68337500
16.68320800
16.68325000
16.68341700
16.69741600
16.67837500
16.67408400
16.68341600
16.68341700
16.68329200
16.68333300
16.68329200
16.80783300
16.61883300
16.76341700
16.54333300
16.71741700
16.67937500
16.70166700
16.67329100
16.72250000
16.60608400
16.68291600
16.68337500
16.69337500
16.67320900
16.68354100
16.74904200
16.65800000
16.78195800
16.56791700
16.66837500
16.67470800
16.68337500
16.68308400
16.82820800
16.62712500
16.70062500
16.57741700
16.68316600
16.68341700
16.73770800
16.72495900
16.87100000
16.79029100
16.48033400
16.78912500
16.84691600
16.54087500
16.94650000
16.52058400
16.65145800
16.73591700
16.60958300
16.71345800
16.71820900
16.79550000
16.66600000
16.71437500
16.73641600
16.65329200
16.68970800
16.70866700
16.66033300
16.69904200
16.63745800
16.12891700
17.29129200
16.41770800
16.34091700
17.29350000
16.48629100
16.27962500
17.22783400
16.53241600
16.68145900
16.29508300
17.20433300
16.52279200
16.74279200
16.61462500
16.53712500
16.78104100
16.60616700
16.76641700
16.65870800
16.65029200
16.63329100
16.46954200
17.02795800
16.62000000
16.66083400
16.56337500
16.70258300
16.82070800
16.48745900
16.92400000
16.63137500
16.39537500
16.68379100
16.77641700
16.61970800
16.85950000
16.56095900
16.65958300
16.77783300
16.65037500
16.59516700
16.77220800
16.70825000
16.63370900
16.73758300
16.62566700
16.58929100
16.70541700
16.79620800
16.56941700
16.67629200
16.75820800
16.66408300
16.61350000
16.68325000
16.68375000
16.68291700
16.68354200
16.68337500
16.70208300
16.66462500
16.68312500
16.68333300
16.68329200
16.81733300
16.64591700
16.73212500
16.60029200
16.75041600
16.68050000
16.62387500
16.80212500
16.49745900
16.83329100
16.53337500
16.83870900
16.66945800
16.66720800
16.56804200
16.67333300
16.70050000
16.66612500
16.68341700
16.68337500
16.68316700
16.68862500
16.67804100
16.68375000
16.68362500
16.71162500
16.70212500
16.63558400
16.76354100
16.60308400
16.71929100
16.74787500
16.60833400
16.65800000
16.72941600
16.68279200
16.68808300
16.67437500
16.64208400
16.73791600
16.62858400
16.68320800
16.76304200
16.64454100
16.64241700
16.78633300
16.67037500
16.67104200
16.70333300
16.66870900
16.65941600
16.76041700
16.61220800
16.73070900
16.62150000
16.72979100
16.64479200
16.73937500
16.60683300
16.71879200
16.68412500
16.62112500
16.77483300
16.57987500
16.68329200
16.77408300
16.66433400
16.64762500
16.78983300
16.63229200
16.69550000
16.67204100
16.65370900
16.71800000
16.69683300
16.69616700
16.64100000
16.71954100
16.70587500
16.67004200
16.68525000
16.60162500
16.65741700
16.73816600
16.68179200
16.64200000
16.95470800
16.40104200
16.92066700
16.71645800
16.50862500
16.81083300
16.69658400
16.60562500
16.74279100
16.70525000
16.42066700
16.96441700
16.66237500
16.71258300
16.49937500
16.71420800
16.60112500
16.62920900
16.68345800
16.97220800
16.39987500
16.94900000
16.48354200
16.90270800
16.74037500
16.43433400
16.59316600
16.67487500
16.78050000
16.67825000
16.72800000
16.65729200
16.84850000
16.66120800
16.65020900
16.46591600
16.91029200
16.73916700
16.43087500
16.64975000
16.98450000
16.43704100
16.98950000
16.55687500
16.46450000
16.96291700
16.61675000
16.64637500
16.82025000
16.35654200
16.86429100
16.57791700
16.81241700
16.79166600
16.56658400
16.62375000
16.82441600
16.45470900
16.82470800
16.81204200
16.55216600
16.75166700
16.57183300
16.80187500
16.65995900
16.51783300
16.91400000
16.37633300
16.85233400
16.79979100
16.61966700
16.52575000
16.92812500
16.37487500
16.75104200
16.66316600
16.63525000
16.85441700
16.51220800
16.74283400
16.80704100
16.50020900
17.08766600
16.52975000
16.65304200
16.46279200
16.68329100
16.91137500
16.45525000
16.86916700
16.68670800
16.49412500
17.19579200
16.50816700
16.78275000
16.63008300
16.76633300
16.76770900
16.53950000
16.66904100
16.70329200
16.76087500
16.77483300
16.46350000
16.93062500
16.65275000
16.69308400
16.09512500
17.06291600
16.84775000
16.53412500
16.28858400
17.15266600
16.55416700
16.66675000
16.35962500
16.85395800
16.98058400
16.58566600
16.31320900
16.76570800
16.89787500
16.65829200
16.58041600
16.81887500
16.53491700
16.62733300
16.87837500
16.48579200
16.74170800
16.52741700
16.68895800
16.91350000
16.71304200
16.45008300
16.65087500
16.80912500
16.59787500
16.64441700
16.68216700
16.73216600
16.73895900
16.57887500
16.68333300
16.70770800
16.65895900
16.68658300
16.67983300
16.68516700
16.68145800
16.68358400
16.68325000
16.68345800
16.68320800
16.68333400
16.69858300
16.66812500
16.76120800
16.60537500
16.75975000
16.68150000
16.63629200
16.65600000
16.68333300
16.68316700
16.68354200
16.68316600
16.68345900
16.68350000
16.68316600
16.68329200
16.68325000
16.68350000
16.69795800
16.66862500
16.68354200
16.68379200
16.68258300
16.68320800
16.68341700
16.68358300
16.71558400
16.68570800
16.64841700
16.85395800
16.51270800
16.68354200
16.68325000
16.68341700
16.68316600
16.70366700
16.66320800
16.68312500
16.68341700
16.68325000
16.68616700
16.68058300
16.68354200
16.68345800
16.69737500
16.84750000
16.50470800
16.69041700
16.67879200
16.68400000
16.68033300
16.68329200
16.68562500
16.72629100
16.63787500
16.69908400
16.71620800
16.63495800
16.76529200
16.60158300
16.68341700
16.77679200
16.58925000
16.79991600
16.56691700
16.71275000
16.76537500
16.57204200
16.69983300
16.66670800
16.68329200
16.68333300
16.83512500
16.53145900
16.79641600
16.71320900
16.63704100
16.70125000
16.65487500
16.59729200
16.68345800
16.80987500
16.55679200
16.76787500
16.78566700
16.66416600
16.56233400
16.77187500
16.77262500
16.45875000
16.68320800
16.68462500
16.78608300
16.68845900
16.62325000
16.79737500
16.75929100
16.44404200
16.68341700
17.00937500
16.46541600
16.78666700
16.56479200
16.68612500
16.88933300
16.48904200
16.83887500
16.68237500
16.42145800
16.98670800
16.45312500
16.91083400
16.43916600
16.79312500
16.77529200
16.69316700
16.69837500
16.62766600
16.69308400
16.44608300
17.00295800
16.62458400
16.66779100
16.71483400
16.65095800
16.43900000
17.02733300
16.33925000
16.68329200
16.68362500
16.88941700
16.79062500
16.63654100
16.68129200
16.68612500
16.66854200
16.69704100
16.68741700
16.66500000
16.63775000
16.77162500
16.63945800
16.43770900
16.99570800
16.36620800
16.68850000
16.79633400
16.66191600
16.75679200
16.51250000
16.68333300
17.08433400
16.58841600
16.69550000
16.62100000
16.67062500
16.66254200
16.81575000
16.51829200
16.81054100
16.66475000
16.52945900
17.00804100
16.63591700
16.75412500
16.62191700
16.63770800
16.63558300
16.71354200
16.78008300
16.61016700
16.75425000
16.74358300
16.77875000
16.66291700
16.70966700
16.67962500
16.65737500
16.57637500
16.19583300
17.07883300
16.28754200
17.13004200
16.58200000
16.74695800
16.43245800
17.01041700
16.60687500
16.27479200
17.17162500
16.40716600
16.66250000
16.76150000
16.70300000
16.62983400
16.72141600
16.67454200
16.61470800
16.55083400
16.92325000
16.59091600
16.62404200
16.85033300
16.36445900
16.81216600
16.82329200
16.43554200
16.79433300
16.63841700
16.68408300
16.59545800
16.68645900
16.68012500
16.78466600
16.65716700
16.63616700
16.76591600
16.67870900
16.59862500
16.66254100
16.68608400
16.68029100
16.68345900
16.68304100
16.68333400
16.68362500
16.69058300
16.67616700
16.68325000
16.68312500
16.68350000
16.68304100
16.68354200
16.68320800
16.68608400
16.68062500
16.68329100
16.68341700
16.68337500
16.68329200
16.68337500
16.68329100
16.69925000
16.66737500
16.68350000
16.68333400
16.69970800
16.66716700
16.68520800
16.68104200
16.68350000
16.68308300
16.68350000
16.68358300
16.68287500
16.77129200
16.64179200
16.67570800
16.65995800
16.77108400
16.58012500
16.76983300
16.61137500
16.67033300
16.80120900
16.56687500
16.79362500
16.61416600
16.63950000
16.77754200
16.59858300
16.67362500
16.68358400
16.68312500
16.68354100
16.78270900
16.58391600
16.72095900
16.64754100
16.79562500
16.57583400
16.67650000
16.71625000
16.65054100
16.68325000
16.70562500
16.66120900
16.68329100
16.68337500
16.69937500
16.66783400
16.68270800
16.68341700
16.68320800
16.68345800
16.68320900
16.68558300
16.68120800
16.68366700
16.69816700
16.66825000
16.68325000
16.68325000
16.68333300
16.68370800
16.68287500
16.69333400
16.67345800
16.68329200
16.68337500
16.68537500
16.74320800
16.75058300
16.55416700
16.68366700
16.96333300
16.40316700
16.93437500
16.78704100
16.88295900
16.49950000
16.88570800
16.57620800
16.79904200
16.60633300
16.73154200
16.67375000
16.69029200
16.70225000
16.11416600
17.25108400
16.68354100
16.65550000
16.66475000
16.71770900
16.73883300
16.07183300
17.29175000
16.68595900
16.07250000
17.29170800
16.07479200
17.25141600
16.13637500
17.26279200
16.65675000
16.71350000
16.65545800
16.10704200
17.28800000
16.66429200
16.67270800
16.10833300
17.26233400
16.68612500
16.70395800
16.65166700
16.68887500
16.10712500
17.26704100
16.67304200
16.10970800
17.26129200
16.67850000
16.11041700
17.26895800
16.67720800
16.72254200
16.64300000
16.10500000
16.68308300
17.26604200
16.67250000
16.11158300
16.68370900
16.97079100
16.46145900
16.61741600
16.90658400
16.72229100
16.42133400
17.09175000
16.41904100
16.53887500
17.07858400
16.47779100
16.67608400
16.75804100
16.62875000
16.65520900
16.51737500
16.93670800
16.69270800
16.41220900
16.68354100
16.70237500
16.66400000
16.68966700
16.67712500
16.68333300
16.68675000
16.67991700
16.68325000
16.68354200
16.68325000
16.68316600
16.68325000
16.68345900
16.68341600
16.68316700
16.68429200
16.68250000
16.68341600
16.68308400
16.68341600
16.68333400
16.68312500
16.68350000
16.68329100
16.68325000
16.68345900
16.68337500
16.68320800
16.68341700
16.68316600
16.68341700
16.81800000
16.73079200
16.68870800
16.54979200
16.62941600
16.86316700
16.65808300
16.54666700
16.66545800
16.71608400
16.66008300
16.67370800
16.68341700
16.71666700
16.65016600
16.70650000
16.77583400
16.79595800
16.60445800
16.70895900
16.50829100
16.70958400
16.67625000
16.66441600
16.68345900
16.68316600
16.68312500
16.68362500
16.68304200
19.14491700
19.60212500
15.88220800
14.58495800
15.61587500
15.27312500
16.68012500
16.68337500
16.68366700
16.68812500
16.67829200
16.68333300
16.68337500
16.68337500
16.68312500
16.68358300
16.68312500
16.68358400
16.68295800
16.68345800
16.68987500
16.67695900
16.68320800
16.68337500
16.68325000
17.63595800
15.73037500
16.68379200
16.69212500
16.67441700
16.68316600
16.68358400
16.68337500
16.70191600
16.66466700
16.68325000
16.68337500
16.68329200
16.68375000
17.41433300
17.73033300
17.22250000
22.49966700
19.02075000
16.62200000
21.30945800
17.17787500
17.80508400
16.52687500
15.26075000
16.01870800
15.58825000
16.32979200
16.45745800
17.04600000
16.01279200
15.70766600
15.78475000
15.63537500
14.99975000
15.94900000
15.07750000
16.83670900
17.77033300
16.59270800
15.30375000
15.36500000
15.10408400
15.33233300
15.68162500
16.69825000
16.66820800
16.68350000
16.68316700
16.68337500
16.68316700
16.68416600
16.68250000
16.68725000
16.67954200
16.68350000
16.68337500
16.68325000
16.68329200
18.00200000
18.19725000
18.18666600
17.86879200
18.29395800
19.01404200
19.94720800
18.94695900
21.66091600
19.63333400
19.52341600
20.25116700
22.58033300
18.02454200
17.84591700
18.36845800
18.90004200
20.61425000
22.19650000
18.65241600
18.61741700
18.71037500
19.21966700
23.34241600
24.87375000
19.97487500
17.72087500
19.50162500
24.64758400
22.98437500
23.60254100
24.82354200
21.66037500
23.73812500
25.55250000
24.77637500
23.93337500
24.54341700
21.19762500
22.93975000
23.02254100
22.12550000
25.40558400
24.44345800
24.94000000
22.88262500
22.44133300
19.19883400
19.90958300
21.20837500
19.40754200
18.06816600
18.28470900
23.63479100
26.87012500
21.21512500
20.46537500
20.46608400
21.11320800
21.87350000
25.54820800
24.76812500
24.99895900
26.71704100
20.82320900
23.40420800
24.75170800
23.00166700
23.69483300
27.80737500
22.39720900
23.75500000
22.50637500
24.67287500
21.33845800
20.45679200
24.54875000
23.87300000
22.30762500
21.73066600
22.71662500
25.68420900
25.00745800
24.69933300
27.47133400
27.73954100
25.45783400
25.50941600
20.94912500
19.75933400
21.05704100
23.62833400
19.31404100
20.47720900
20.02975000
19.79275000
21.22370800
22.07637500
23.25041700
23.14795800
21.17270800
19.51525000
19.14766700
19.34887500
18.96433300
19.33808400
20.27808300
19.62783300
19.74195900
19.81408300
22.40779200
20.46225000
20.78250000
19.27966600
19.94004200
19.35075000
19.41587500
19.67979200
19.65262500
19.62712500
19.37612500
20.03995800
19.03166700
18.15183300
18.56670800
17.20304200
17.89179200
16.30025000
16.59270800
16.70420800
17.27987500
17.80670900
17.12720800
16.67441700
18.62420800
16.76445800
16.55950000
16.48595900
16.80108300
16.29804200
16.01962500
16.41987500
15.79695800
16.02558300
15.55062500
15.80495900
15.57741600
17.05383400
15.49629100
15.82475000
16.81962500
14.87820900
14.75995800
17.55891700
15.40954100
15.22475000
15.58145900
16.21533300
16.05216700
16.09587500
17.11191600
15.59166700
16.70829200
16.30491600
17.43995900
16.08720800
16.76679200
16.13691600
16.43616700
16.74362500
16.19595800
16.27250000
16.05758400
16.04508300
15.91933300
16.42512500
18.06900000
16.15279200
16.64029200
16.45616600
16.66037500
16.69104200
18.04179200
16.76000000
19.20420800
17.70108300
17.55887500
17.58654200
17.06366700
17.75429100
15.94183400
16.01212500
17.96400000
15.83595800
15.48008300
15.06891700
15.21829200
16.23962500
16.86441600
18.98733400
16.69520800
16.84550000
16.27933300
15.68020900
16.33295800
15.63112500
17.82100000
17.80508300
17.98608400
18.33625000
18.00200000
15.99741600
15.08312500
14.71354200
14.86425000
14.28683300
14.36704200
14.97000000
14.34662500
14.82770800
14.73716700
14.85770800
14.63004200
14.81483300
17.00912500
15.70075000
15.38545900
15.32508300
14.77033300
14.84291700
15.10704200
15.13141600
15.79008400
15.32095800
15.27525000
15.60012500
15.62445800
15.01337500
15.34841700
15.10466700
14.97070800
15.65420800
15.18808400
15.11462500
15.97087500
15.86779100
15.95104200
16.69933300
16.30983400
15.73329100
15.71387500
15.47383400
15.74129100
15.59516700
15.36866700
15.69629100
15.48912500
15.26683400
15.21233300
14.56316700
14.70720800
15.22637500
16.18141700
20.88070800
24.75370800
30.31720900
28.33412500
26.64591600
26.25800000
27.32420900
19.81345800
21.94045800
17.59545900
20.75666600
17.54295900
19.09191600
18.67500000
17.99908400
16.39120800
20.28212500
18.95166700
20.38454100
19.22283400
17.99912500
20.48345800
19.56866700
18.99008300
24.06316700
22.57433300
19.31900000
21.74258300
21.23020900
21.89970800
28.40475000
22.77420800
18.72883400
21.43516600
19.99337500
23.65279200
22.67483300
19.45716700
19.15008300
21.89875000
18.73183400
19.35341600
18.99312500
18.73016700
19.25987500
19.53458300
21.08208400
19.17837500
18.25216600
19.85979200
19.44454200
18.35708300
19.26408300
18.92945900
18.52512500
18.98895800
18.81704200
20.97216600
18.89350000
18.02545900
18.40400000
18.76812500
18.04191600
18.86783400
18.54283300
17.58583300
18.55691700
19.58766700
18.22354100
17.13300000
15.91279200
15.71250000
15.81941700
16.16091600
15.44766700
16.23333300
15.68595900
15.40158300
16.05779200
17.77033300
16.57750000
17.67845800
16.85945900
16.03745800
17.35966700
17.05162500
16.28458300
18.27237500
18.67500000
16.49225000
19.17404200
17.14958300
18.23650000
17.54070800
18.48054200
17.73766700
18.99091600
17.53154200
18.62762500
18.65300000
18.95100000
17.01758300
20.45008400
17.12587500
16.80245800
19.87466700
17.66758300
16.93562500
18.85750000
17.63758300
17.89133400
17.32750000
16.82862500
17.88912500
20.14650000
20.06879100
19.81300000
21.07029200
20.27016700
19.31000000
20.02487500
19.84129100
17.89541700
18.42645800
19.42708400
19.19733300
19.12904200
18.07504100
18.96079200
20.20483300
18.72291700
19.23325000
19.31216700
17.02262500
18.21579100
16.74150000
17.07075000
16.88020900
16.62066600
17.74683400
16.66379100
16.75325000
17.01254200
17.08291700
16.76816600
16.98337500
16.98025000
17.00812500
17.74666700
16.61708300
17.69275000
17.68516700
18.84966700
16.32975000
16.78670800
17.17137500
16.38537500
18.53225000
16.98400000
16.57275000
17.83162500
16.33516700
16.00258300
17.13733300
16.56554200
15.43354200
16.26275000
16.60975000
16.63541600
16.87695900
16.57591600
15.43983400
16.68141600
16.33808400
15.65729100
16.24141700
17.06208300
16.06516700
16.73987500
16.00404200
16.06679100
16.56400000
16.64333400
17.45750000
18.48608300
16.19616700
18.38454100
16.98225000
16.61050000
16.72470900
17.42616600
16.37445900
16.23400000
16.55704100
16.34025000
16.36112500
16.38154200
16.50662500
17.13925000
16.72054200
16.52266600
17.24491700
16.55841700
16.78941600
16.63216700
19.01987500
17.76875000
15.43145800
16.27329200
15.95308300
15.43158400
17.44329100
18.46987500
17.62200000
16.02087500
17.13191700
15.37920800
16.70875000
17.03720900
15.73804100
17.68383400
17.61904100
16.64541700
17.62837500
16.82350000
18.07937500
17.09391700
16.43116600
18.37700000
15.86191700
16.25983300
16.86875000
15.85875000
15.66095900
15.66662500
15.68162500
16.34070800
16.81629200
16.17720800
15.21270800
15.78858400
15.26729100
15.41354200
16.30537500
17.53191700
15.31666600
15.54975000
15.16141700
15.08175000
15.77650000
15.58562500
16.04637500
15.89204200
15.18045800
15.37033300
17.16558400
15.63337500
15.72329100
17.42954200
17.12066700
15.73316600
16.67454200
15.46412500
15.85916700
15.70654100
16.21737500
19.17983400
16.46116600
17.04204200
15.91220800
16.00216700
17.47437500
16.13012500
16.66087500
16.14400000
16.94891700
15.35787500
16.52137500
15.83858300
15.48829200
16.01854100
15.86566700
15.73816700
16.54975000
15.12804100
15.77404200
15.78779200
19.44050000
17.98858300
18.97504200
17.29325000
17.08108300
16.19150000
15.81879200
14.94950000
17.65116600
16.01529200
16.09058300
15.18970900
15.74029100
15.93650000
15.65545900
16.30991600
18.09416700
17.85141700
20.07150000
18.13850000
18.36045800
16.09533300
15.95179200
15.58250000
15.50987500
15.24408300
15.42825000
15.37454200
15.15329200
15.12158300
15.40720800
14.99958400
15.12737500
15.64612500
17.03691600
15.63141700
15.19812500
15.24191700
15.41962500
15.26158300
15.67291700
15.47620800
15.29420800
15.14933400
15.59112500
14.62600000
14.36308300
15.45620800
15.33545900
15.21129100
15.42075000
14.89329200
15.90879200
16.38254100
15.71787500
15.68183400
15.51716600
15.36400000
15.62916700
15.34687500
14.70908300
14.26083400
14.28812500
13.87533300
14.45870800
13.62520900
13.88466600
16.68062500
16.68333400
16.68833300
16.67816700
16.68341600
16.68354200
16.68308300
16.68358400
16.68329100
16.68316700
16.68320800
16.77966700
16.63754200
16.64716600
16.93558400
16.54600000
16.55420800
16.87266700
16.49400000
16.68895800
16.67750000
16.68383300
16.68308400
16.68325000
16.68358300
19.49625000
15.70787500
15.84670800
15.71975000
16.64583400
16.68366600
16.68312500
16.68395900
16.68333300
16.68458300
16.68129200
16.68337500
16.68308300
16.68354200
16.68337500
16.68354200
16.69825000
16.66825000
16.68325000
16.68341600
16.84750000
16.73191700
16.67904200
16.72637500
16.45929100
16.86762500
16.68958400
16.72500000
16.68716600
16.66458400
16.62483300
16.49720800
16.68350000
17.02479200
16.43395800
16.87037500
16.55620900
16.86579100
16.58245900
16.79633300
16.57787500
16.72304200
16.67320800
16.73275000
16.40562500
16.64079200
16.70391600
16.66250000
16.68366700
16.68283300
16.68375000
16.68308400
16.68350000
16.68329100
16.68308400
16.68341600
16.68433400
18.17575000
15.19004100
16.68350000
16.68337500
16.68308400
16.68445800
16.70025000
16.66525000
16.68354200
16.70395800
16.66275000
16.68325000
16.68329200
17.05620800
16.46200000
16.53150000
16.68354200
16.68325000
16.68333300
16.68341700
16.68329100
16.68312500
16.68345900
16.68387500
16.77600000
16.60062500
16.67316600
16.68329200
16.68337500
16.68329200
16.68358300
16.68291700
16.68341600
16.68316700
16.68341700
16.68333300
16.68962500
16.67729200
16.68350000
16.68270800
16.68362500
16.68325000
16.68333300
16.68375000
16.68737500
16.67904200
16.68320800
16.94308400
16.42350000
16.68370800
16.68266700
16.68362500
16.68329100
16.68391700
16.68279200
16.68345800
16.68358300
16.68287500
16.70337500
16.66308400
16.68737500
16.67962500
16.68362500
16.68304100
16.68333400
16.68329100
16.68329200
16.68350000
16.68333300
16.68350000
16.68308400
16.68345800
16.68329200
16.68333300
16.68329200
16.68337500
16.68333300
16.68312500
16.68358300
16.68491700
16.68175000
16.68325000
16.68350000
16.68312500
16.68350000
16.68320800
16.68350000
16.68320900
16.68291600
16.68362500
16.68358400
16.68308300
16.68370800
16.68329200
16.69575000
16.67066700
16.68341600
16.68345900
16.70112500
16.66533300
16.68345800
16.68316700
16.68345800
16.68325000
16.68345900
16.68325000
16.68308300
16.68345800
16.68362500
16.68312500
16.68354200
16.68308300
16.68337500
16.68341700
16.68312500
16.70508300
16.66179200
16.68337500
16.68308300
16.68350000
16.68329200
16.68320800
18.15758400
17.49762500
15.80920800
16.83087500
17.05483300
16.62045900
16.94379100
16.33204200
18.02754200
16.35483300
18.28875000
18.14320800
17.19108400
17.03733300
16.08925000
17.32916700
17.08216600
16.41895900
16.37345800
15.80125000
19.12329200
16.51304100
18.65300000
17.85816700
17.53004200
17.58045800
17.31558300
17.28787500
17.04341700
17.56604200
18.09425000
17.20650000
17.13125000
17.91733300
17.47295800
17.10675000
17.39712500
15.84300000
17.26187500
17.18112500
17.40891700
16.55220800
16.28433400
15.86741600
16.95554200
15.94475000
17.31054200
15.99050000
15.67316600
16.98641700
15.70004200
15.77212500
16.90666600
15.81183400
15.58279100
17.66604200
16.42891700
16.25341600
16.89079200
16.07870800
15.68245900
16.70308300
15.80333300
17.42750000
15.37495900
17.74541600
16.10950000
16.65508400
15.96279100
17.73504200
17.74291700
16.94962500
16.57620800
15.82887500
17.05937500
16.71554200
15.95950000
16.03779100
15.78758400
18.05550000
17.09470800
15.71212500
17.02300000
16.88700000
16.39720800
17.15050000
15.74716700
16.25791700
16.82891600
15.99241700
17.99762500
16.65475000
15.77583300
17.09079200
15.57033300
15.65625000
17.03370900
15.74845800
15.77704200
18.40391600
18.72091700
18.17733300
18.47975000
18.32612500
17.82875000
15.89483400
15.99079100
15.22358400
14.99266600
15.36795900
15.11445800
15.13700000
15.09579200
15.15012500
15.16425000
15.19629100
15.07183400
15.16495800
15.97579200
16.68341600
16.75045900
16.61616600
16.68333400
16.68350000
16.68320800
16.68320800
16.68333400
16.68316600
16.68566700
18.15591700
18.92750000
18.61241600
17.92066700
21.06229200
27.73475000
159.33350000
41.32804100
30.39804200
23.17416700
23.55225000
22.40758300
22.38708300
23.70895900
23.10270800
22.53450000
22.48991700
22.52120800
22.35937500
23.04387500
21.72325000
22.19716700
22.39183300
25.91891700
26.72983300
26.03970800
21.94641700
21.28725000
19.46570800
21.22145900
22.59012500
19.49391600
20.79904200
19.83662500
19.22566700
20.04700000
18.85212500
19.87479100
19.60120900
20.29483300
21.19833300
19.62320900
19.02645800
18.02470800
18.11691700
18.94850000
18.34783300
18.78008400
20.83991600
20.55900000
21.00425000
21.07104200
27.48983300
19.32783400
19.96908300
18.97216700
20.43137500
19.59279100
19.25137500
17.97575000
18.16712500
18.78470900
17.68954100
18.06220900
17.52920800
17.33391700
17.54458300
17.56262500
17.46862500
18.11208300
18.35991700
17.92370800
18.43108400
17.89716600
18.00566700
17.33845800
16.67662500
16.35254200
15.98537500
16.48466700
15.68537500
15.50112500
15.55050000
15.43375000
15.77891600
15.12279200
15.20620800
16.53904200
15.60354200
16.24937500
15.29079100
15.14704200
15.66466700
16.03025000
15.11245800
17.59945800
17.22037500
17.72408400
18.36775000
18.12541600
18.26683400
18.75287500
18.29445800
18.15558300
18.32600000
17.58108400
17.34329100
17.09275000
17.00600000
17.94441700
18.47479200
18.38841600
18.12912500
18.15925000
18.02308400
18.07975000
17.42137500
17.83033300
17.51908300
16.68841700
15.85320800
16.82641700
15.87070800
16.75933400
16.27366600
16.51308400
15.42987500
16.66854100
15.12679200
15.20391700
15.23145800
16.42366700
16.46295800
15.83433300
15.63900000
17.16050000
15.96741700
15.67841700
16.75941600
15.11254200
15.36908300
16.33687500
16.29362500
15.50762500
15.37166700
15.54487500
15.44391700
16.66004100
15.25962500
14.71158400
14.61883300
15.18283300
15.10995900
15.20975000
16.83566600
14.64716700
16.46679200
15.41933300
15.90025000
14.96191700
16.53700000
15.15591600
15.29812500
14.67704200
14.90466700
16.72787500
15.53612500
14.52783300
15.31529200
17.52775000
16.57670800
15.73187500
16.48700000
15.18529200
15.58262500
16.43825000
15.87375000
15.47516600
15.84158400
14.58633300
14.85229200
14.80491600
17.09050000
15.36504200
15.09025000
14.94762500
15.53183300
15.59262500
15.70787500
15.36179200
14.78591700
14.63125000
15.21741600
16.10020900
14.61162500
15.07120800
15.92045800
15.99829200
15.15433300
14.82625000
14.82416700
16.03012500
14.78566700
14.46791600
14.88550000
14.86745900
16.60800000
16.68316600
16.68350000
16.69229200
16.67479200
16.68787500
16.68604100
16.67566700
16.68325000
16.68358300
16.68312500
16.68358400
16.68300000
16.68325000
16.69258300
16.67533300
16.68208400
16.68358300
16.68891700
16.68487500
16.67620800
16.70287500
16.66379200
16.68925000
16.67741600
16.68333400
16.68354100
16.68308400
16.68320800
16.69133300
16.67541700
16.68450000
16.68216700
16.68333300
16.68637500
16.68041700
16.68337500
16.68329100
16.68316700
16.68350000
16.68354200
16.68316600
16.68304200
16.69683300
16.66975000
16.68358400
16.68312500
16.68333300
16.68345800
16.68333400
16.68337500
16.70345800
16.66345800
16.68320900
16.68320800
16.68333300
17.08450000
16.28229200
16.68308300
16.68366700
16.68320800
16.68345900
16.68325000
16.68320800
16.68570800
16.68075000
16.68366700
16.68316700
16.68333300
16.69983300
16.66683400
16.68316600
16.68370900
16.68325000
16.68308300
16.68375000
16.68304200
16.68325000
16.68354100
16.68308400
16.69591600
16.67083400
16.68333300
16.68366700
16.68312500
16.68333300
18.15720800
16.75983400
16.80933300
16.22804200
16.17216600
16.13745900
16.52258300
16.84804200
16.89158300
17.10954200
17.24983300
17.64683300
16.78295900
15.52083300
15.41329200
16.68358300
16.68333300
16.68325000
16.68345900
16.68350000
16.68304100
16.68354200
16.68345800
16.68320900
16.68345800
16.68295800
16.68350000
16.68341700
16.68308300
16.68337500
16.68366700
16.68345800
16.68300000
16.68308400
16.68350000
17.37004100
18.30995900
16.16850000
15.60750000
15.96050000
16.68370800
16.68304200
16.68412500
16.68279100
16.68325000
16.68354200
16.69066700
16.69879100
16.85758400
16.48620800
16.68333300
16.68325000
16.68345900
16.68312500
16.75850000
16.60825000
16.68329100
16.68350000
16.68337500
16.68333400
16.68312500
16.69537500
16.67133300
16.68333300
16.68341700
16.91966700
16.45087500
16.67975000
16.68287500
16.68350000
16.68333300
16.68562500
16.68108300
16.68358400
16.68308300
16.70120800
16.66545900
16.68345800
16.81708300
16.54950000
16.68350000
16.68312500
16.68370900
16.68291600
16.68337500
16.68325000
16.68366700
16.68312500
16.68325000
16.68441700
16.68233300
16.68362500
16.68300000
16.68341700
16.68325000
16.68870800
16.67783300
16.68325000
16.68379200
16.68329200
16.81020800
16.55616700
16.68354100
16.68316700
16.68350000
16.68379200
16.68270800
16.68316700
17.84633300
15.97125000
16.23241700
16.68358300
16.68325000
16.68316700
16.68350000
16.68337500
16.68329100
16.68320900
16.68345800
16.68312500
16.68350000
16.68745800
16.67995900
16.70266600
16.67350000
16.67300000
16.70375000
16.66312500
16.68345900
16.74112500
16.62520800
16.68350000
16.68350000
16.70175000
16.66466700
16.68325000
16.69679100
16.66987500
16.68333400
16.68337500
16.68341600
16.68325000
16.68329200
16.68358300
16.87550000
16.79975000
16.37450000
16.68337500
22.70633400
20.22795800
18.10620800
16.81958400
16.90954100
16.68579200
16.92358300
18.23291700
17.67891700
17.37012500
17.95220800
18.82270800
18.84629200
18.68279200
17.34291600
18.75083400
21.62616600
20.39529200
18.77758300
18.24629200
18.22479200
18.01791600
18.02658400
18.50395800
18.60129200
17.31425000
17.07754100
18.50225000
18.82758400
17.53125000
18.56675000
17.66841600
18.32312500
18.29708400
17.81458300
17.19854200
19.13220800
17.60816700
17.38508300
18.02004200
17.13987500
16.73470800
18.09445800
16.84287500
18.55258400
18.58529100
17.01508400
17.62312500
18.47375000
17.37879100
17.00970900
16.72125000
15.89825000
16.53858300
18.22995800
16.61070900
18.43687500
16.35270800
18.28104200
16.71704100
17.69137500
17.96287500
16.75179200
16.32741700
16.05679100
16.14670900
17.02462500
15.87620800
18.39433300
17.63291700
16.74300000
19.35145800
16.57491700
18.09787500
18.46366700
18.06833300
16.55433300
18.66258400
16.49062500
17.01533300
19.02537500
17.45633300
17.59700000
16.48125000
18.44695900
17.07587500
17.79120800
17.08495800
18.83587500
16.96554200
16.92237500
17.14816700
15.85637500
17.49779100
16.08691700
17.69520800
16.67891700
16.79833300
17.30754200
15.84650000
16.54412500
17.24870800
16.11350000
16.21754200
17.03970800
15.79216700
17.42050000
15.60050000
16.11525000
17.35016700
15.83833300
15.96704200
17.55129100
17.74375000
15.82400000
16.17683400
17.79800000
16.13162500
15.75275000
15.37862500
17.69666600
16.97312500
17.09775000
17.58879200
17.61754200
17.22370800
16.10683300
17.13895900
17.18566600
17.73145900
15.74291600
16.27408400
16.24462500
18.34550000
15.58345800
17.61183300
17.07000000
15.97500000
15.97612500
15.81000000
16.60383400
16.69020800
16.71408300
15.58687500
15.73466700
15.69479200
15.92237500
16.49795800
16.55183300
15.72108400
15.72358300
15.92745800
17.68837500
16.03141700
17.49237500
15.81145800
16.94858400
16.05195800
15.24512500
16.05004200
15.88112500
17.60733300
16.92354200
16.24870800
17.48858300
17.35883400
18.78579100
17.95487500
17.69450000
18.66908400
18.67075000
18.31662500
17.87900000
16.55420800
16.02466700
18.12433300
18.84233300
18.37204200
19.35637500
19.31133300
18.48987500
20.04212500
19.76125000
19.70191700
19.43175000
18.34187500
16.36425000
16.48637500
16.60991700
16.58866600
15.85595900
16.23733300
15.69091700
15.62620800
15.42045800
15.19262500
15.15283400
15.61387500
15.18762500
15.10379100
15.56891700
16.09187500
15.51279200
15.63837500
15.50020800
15.86183300
15.48937500
15.21237500
16.35825000
16.32729200
15.46512500
15.51637500
15.80225000
15.65962500
16.79016700
15.95341600
17.27179200
16.19829200
16.93250000
16.39929100
16.90641700
16.89362500
17.18000000
16.45012500
17.48187500
20.80637500
20.69312500
18.69720800
17.35058400
16.85762500
17.14612500
16.74795800
16.64391700
17.02070800
17.21229200
17.03137500
17.84437500
17.01266600
17.30383400
17.02633300
16.46787500
16.60045800
17.14187500
17.09066700
17.22645800
17.35912500
16.29041700
16.47566700
16.76870800
16.34300000
16.52712500
17.50150000
16.39366700
16.36000000
16.12837500
16.13612500
16.31070800
16.03679200
15.93779100
16.25312500
17.12283400
15.86150000
15.96758300
19.63345800
17.29112500
19.10812500
18.57666700
19.02570800
19.38029200
17.77191700
19.19541600
18.38066700
19.68712500
17.65250000
19.17229200
17.03325000
19.37925000
16.89166600
20.36954200
18.55354200
20.10945800
18.59604200
19.91166600
18.27479200
18.57837500
19.30716700
17.83808300
19.69429200
18.00587500
19.82979100
17.86091700
17.95133300
19.43541700
17.72920800
20.89479200
18.65095800
17.60970900
16.88991600
18.73554200
16.81904200
17.32400000
17.12475000
16.52583300
17.79420800
18.78400000
17.23500000
19.31408400
18.72104100
17.10100000
18.65504200
17.42854200
18.54933300
20.17254200
17.31187500
16.23950000
17.89858300
18.47354200
19.76166600
18.21625000
17.83641700
20.26212500
18.52079200
17.58100000
17.96866600
17.21566700
17.70354200
18.80600000
18.40320800
16.99437500
17.51237500
17.53729200
16.31787500
17.73591600
16.29458400
16.98983300
17.71816700
15.94379100
16.99895900
18.04312500
17.29250000
19.05537500
19.71429100
18.82004200
19.11650000
19.28925000
18.88608300
18.56666700
18.43575000
19.09341700
18.82016600
18.54379200
20.08587500
18.85687500
18.32929200
18.30929100
18.04383400
18.28970800
19.58466700
18.87483300
18.49941700
18.49212500
18.78025000
18.49812500
18.45216600
18.30204200
18.18250000
18.23983300
18.50229200
16.96433300
17.63087500
16.80179200
18.79020800
17.10425000
17.40750000
15.85270900
19.08979100
17.68725000
17.82016700
18.58800000
21.70845800
21.21050000
20.68070900
20.68016600
21.65662500
21.14583400
21.45266600
20.47854200
20.71945800
20.07412500
18.50941700
19.90587500
19.11220800
20.48070900
18.92891600
19.74970900
18.25841600
19.59687500
21.35666700
18.94837500
19.78658300
19.19708400
18.91929100
18.77562500
18.94295900
21.77391600
23.52445900
21.49695800
29.52258300
24.57445900
23.22908300
22.15112500
25.77500000
30.61412500
21.96675000
29.25862500
28.45079200
27.89995800
21.21966700
19.95304100
20.62762500
19.62679200
20.20825000
19.69437500
19.65454200
23.19841600
20.53720900
20.10966600
20.09550000
20.31466700
20.07412500
20.82179200
19.83237500
19.76795800
19.87637500
20.96583300
19.64454200
19.23675000
19.54895800
18.14645900
17.68562500
17.78391600
17.05708400
16.06554100
16.31362500
17.46604200
17.29554200
17.25616600
17.99812500
18.50208400
16.07087500
17.39900000
15.94387500
17.69820800
16.50550000
15.75575000
16.18012500
15.85375000
18.86733300
16.46529200
16.28233300
17.20920900
16.99737500
18.19212500
17.61375000
19.24895800
19.15954200
17.03191600
17.16762500
18.46179200
20.19933300
20.44850000
21.25345900
23.04925000
21.45895800
21.73804200
22.93175000
21.96237500
19.95425000
19.14308300
19.20170800
20.65312500
19.38158400
19.65733300
19.69350000
20.95404200
22.44879100
20.59291700
20.98779200
20.74487500
19.56533300
18.03450000
18.17312500
18.33195800
17.23537500
17.18766700
17.88441700
17.35525000
17.94737500
18.26708300
16.72333300
16.36025000
18.09508400
18.31412500
17.49145800
16.96095800
18.29100000
17.16704200
19.26179200
19.05716600
17.66270900
17.92612500
18.14833300
15.70866700
17.10120800
16.49366700
16.23920800
14.51170800
14.79233400
16.11433300
14.37629200
14.31475000
14.81712500
17.42500000
17.46983300
19.19325000
16.48429200
16.92362500
17.25112500
16.56641600
17.18770900
16.68320800
17.72083300
16.72283400
16.26587500
16.00770800
16.73150000
18.43775000
19.03204200
18.50979100
17.82066700
18.73308300
16.85012500
16.11591700
16.32275000
16.13950000
15.71112500
15.38700000
15.46983300
15.10370900
15.23704100
16.06958400
15.09345800
16.76245800
14.93775000
14.89870900
12.70708300
13.02004200
15.75433300
14.57929200
14.83304100
14.72916700
15.29920800
15.31700000
15.39320900
15.89762500
15.29612500
15.21100000
15.52333300
15.46950000
15.10737500
14.94208300
16.85550000
15.55625000
15.78591700
16.01075000
16.21162500
16.10558300
16.14958400
15.70225000
16.28354100
16.35862500
15.50645900
15.63791600
15.79466700
15.47500000
15.74904200
15.62391600
14.16520900
15.51833300
15.56412500
15.52095800
15.94166700
16.21779200
16.28262500
16.37858300
16.70675000
17.21479200
16.75712500
17.61616600
16.76233400
17.93908300
16.68383300
16.49962500
17.02966700
15.84950000
15.58816700
17.17408300
17.46920800
16.16054200
16.89925000
16.13995800
16.57229200
15.94270800
16.39929200
17.54266700
16.45595800
17.27050000
15.83729200
16.26041600
16.12437500
16.25016700
16.15750000
16.04745800
15.69558400
16.19470800
16.88091700
15.42416600
15.84679200
15.70887500
15.74050000
16.04470800
16.01083400
16.00229100
17.55612500
17.28862500
15.94800000
16.74520900
16.78725000
15.86654100
15.79958400
17.02291600
15.79654200
15.73366700
15.65050000
16.35900000
16.06041600
16.28666700
16.39937500
16.13654200
16.71562500
16.85250000
17.10925000
16.27304100
16.16262500
14.93995900
14.89254100
15.36833400
16.09408300
15.33775000
15.31212500
15.39900000
15.57404200
15.65933300
15.47966700
15.44670800
15.51362500
15.56245800
16.62125000
16.69600000
16.67095900
16.68308300
16.68320800
16.68333400
16.68404100
16.68275000
16.68841700
16.67804200
16.68358300
16.68341700
16.68354100
16.68337500
16.69050000
16.67616700
16.68683300
16.67958400
16.68337500
16.68341600
16.68312500
16.68950000
16.67691700
16.68366700
16.68304100
16.68337500
16.68358400
16.68316600
16.68737500
16.67916700
16.69466700
16.67250000
16.68333300
16.68354200
16.68741600
16.67858400
16.69100000
16.68387500
16.67525000
16.68329100
16.68337500
16.71283400
16.65366600
16.68358400
16.68337500
16.68337500
16.68320800
16.68345800
16.68304200
16.68341700
16.69204100
16.67445900
16.68345800
16.69220800
16.67445900
16.68345800
16.68320800
16.68341700
16.68350000
16.68329200
16.68329100
16.68320900
16.68312500
16.68354100
19.19725000
15.48012500
15.71550000
16.34025000
16.68345900
16.68329100
16.68350000
16.68337500
16.68312500
16.68354200
16.68362500
16.68300000
16.68354200
16.68308300
16.68329200
16.68325000
16.68329100
16.68362500
16.68316700
17.43291700
16.87291600
16.65862500
17.39491700
16.69945800
17.50350000
17.02454200
16.75133300
16.49045900
17.01020800
16.54612500
17.02212500
17.07245800
16.89804200
16.87054200
17.03300000
16.56470800
16.70708300
16.65575000
16.87216700
16.43462500
17.05162500
16.65145800
17.02637500
17.13479200
16.57225000
16.68800000
16.67375000
16.28108300
16.31062500
16.79170900
16.73820800
16.64608300
17.50145900
17.15775000
16.53591600
17.43287500
16.94666700
17.33033300
16.93166700
16.54054200
17.91233300
17.13304200
17.02270800
17.42395800
17.97708400
18.70704100
19.06879200
18.38537500
20.01787500
17.80345800
17.43462500
18.05241700
18.39179200
17.22766600
17.09916700
17.34770800
16.58158400
16.05241600
16.59487500
15.86975000
15.89054200
16.70741700
16.39125000
17.14904100
16.60412500
17.32370900
16.58295800
16.51354200
17.64429100
16.26400000
17.47612500
16.27191700
19.22483300
21.61320900
20.40283300
18.90637500
19.54895800
18.87400000
18.37366700
18.83025000
19.04950000
19.66458300
19.42870900
19.27950000
19.09462500
17.61645800
17.58720800
19.86304200
17.20116700
16.00500000
17.96520800
19.03491700
18.95750000
18.93950000
18.19462500
18.85095800
19.60341700
18.17479100
18.58266700
17.60191700
18.50825000
17.14900000
17.26933300
16.83025000
17.75150000
18.19670800
18.91575000
19.00075000
18.62091700
17.69379200
17.77225000
17.76766600
17.29004200
17.13270800
19.11291700
17.28450000
18.62670800
17.58820900
18.67645800
17.52420800
16.36658400
17.73591600
16.58512500
18.64908400
17.12291600
19.19979200
18.97304200
17.30483300
18.87070800
21.35291700
18.59237500
17.95437500
18.37512500
18.04062500
18.43258300
17.07916700
17.89233300
15.84566700
15.82470800
15.62441700
15.17837500
15.23116700
15.17287500
15.95500000
18.16912500
15.78229100
15.70958400
15.83912500
15.65345800
15.06650000
15.08687500
15.06245800
16.97625000
16.18108400
16.19412500
16.98562500
17.43962500
17.31404100
17.17875000
17.18454200
16.46008300
17.04254200
17.08354200
17.46645800
18.11883300
17.17333400
17.26520800
17.32733300
17.35008400
17.03954100
17.23862500
16.18520900
16.14462500
16.04379100
16.28725000
17.04708400
16.03729100
16.30870900
15.77375000
16.94662500
16.08945800
15.94450000
16.63425000
16.98491700
16.75679100
16.16604200
15.98062500
16.27129200
16.13104100
16.04512500
17.52283400
16.17400000
15.57950000
15.91075000
16.02920800
17.11995800
15.94633400
15.78225000
15.37500000
15.40012500
15.72616600
15.60533400
15.80045800
17.92775000
15.94837500
16.71812500
18.21925000
17.85416700
19.71945800
18.72350000
18.72320800
18.44679200
18.20408300
18.78441700
18.53970800
18.68029200
18.76537500
18.51283300
18.63508400
18.91908300
18.70520800
18.73404200
18.61820800
19.56970900
18.25354100
18.59016700
18.93362500
18.33466700
18.77283300
18.69737500
20.28141700
19.03525000
18.54733300
18.50804200
18.30833300
18.66808300
21.90383400
23.75583300
26.08083300
24.65895900
24.74087500
24.66879100
22.79625000
22.29491700
21.49850000
19.59366700
18.65154100
19.31966700
18.91620800
18.97687500
19.12475000
18.50050000
18.78237500
18.97258400
18.57516600
18.70608400
18.62033300
19.03920800
18.84912500
18.48066700
18.72004200
18.78854100
18.89004200
18.79400000
19.12041700
18.86437500
18.82920800
18.95341700
18.86829100
18.75616700
18.79962500
19.24458300
19.66158400
19.57575000
18.96275000
19.18958300
19.52562500
19.21108300
19.40604200
19.43200000
19.51025000
19.58054200
19.33545800
20.47154200
19.29191600
19.58137500
19.15466700
19.13154200
19.46112500
17.57679100
18.95870900
17.86650000
18.11700000
17.12316600
18.89816700
17.75300000
17.11570800
19.16325000
19.40016700
18.91258300
17.59958400
15.98779100
17.38125000
16.72895900
18.67487500
17.29541600
17.48216700
17.36658300
16.68204200
17.41162500
17.30204200
17.86725000
16.47095800
17.33625000
17.25300000
19.73479200
17.10170800
18.16704200
18.74458300
16.70337500
17.35529200
21.74716600
28.05650000
20.94604200
20.42820800
18.12420900
18.59325000
17.14400000
16.08625000
17.11787500
16.52616600
16.12187500
17.05712500
19.71804200
16.05991700
16.95925000
17.02575000
16.61566600
18.63587500
16.52354200
16.99325000
17.51225000
16.40379200
16.57175000
19.77745800
17.44158300
17.67162500
19.34450000
19.92595900
16.42591600
18.11312500
18.22575000
15.65379200
18.08887500
17.87145800
17.67550000
18.11662500
16.65750000
16.31866700
17.12691700
16.08145800
15.60608300
16.46370900
16.64037500
16.45391600
16.50112500
17.82675000
15.07112500
16.12670900
17.17091600
16.10745900
16.40779100
17.26770900
14.90908300
17.86179200
16.19925000
15.86704100
16.30437500
15.99445900
15.46608300
16.45616700
17.50054100
15.35083400
16.29475000
17.58033300
15.51108300
17.08070900
16.79054100
15.64912500
17.79658400
15.97350000
15.33845800
19.47162500
16.07200000
16.69404200
16.82087500
16.22891600
16.50512500
15.87395900
15.90850000
16.44133300
17.12525000
15.89237500
15.39454200
16.70775000
18.79616600
17.89875000
18.61187500
19.18212500
17.59800000
17.01770900
18.07354100
16.32983400
18.08366600
18.21287500
17.36325000
21.94358400
18.06416600
16.70000000
17.31837500
18.28929200
15.79929200
17.22112500
19.50595800
17.42120800
20.92279200
21.76720800
20.29350000
21.57645900
20.60600000
18.41916600
21.16666700
21.15483300
18.46008400
19.28441600
21.04845900
18.57720800
19.74787500
18.49116700
16.35912500
18.60737500
18.12004100
16.49675000
16.88970900
17.72325000
17.05458300
17.36012500
17.04300000
15.55279200
16.45425000
16.23454100
15.13662500
17.31033400
16.75766600
15.49458400
16.16204100
19.03295900
17.17837500
17.96029100
18.23583400
17.21120800
18.79354200
15.62787500
15.76529100
15.39029200
15.53870800
14.25591700
14.93837500
14.95145800
14.64004200
16.52200000
15.16483300
14.44883400
15.38716600
16.07037500
14.74700000
15.68020900
15.32187500
14.17087500
15.25825000
15.26141600
14.28720900
15.32412500
15.00187500
14.95266600
15.34075000
15.19350000
14.20675000
15.48254200
15.44566700
14.58512500
15.50787500
15.25679100
15.15912500
16.33504200
15.91920800
15.21875000
16.20600000
16.22995900
16.63595800
16.63641700
15.64966600
14.82862500
15.14962500
15.44350000
15.57925000
15.42554200
14.94208300
15.25470900
15.58070800
15.24300000
15.34679200
15.25525000
15.36504100
16.01166700
16.19254200
15.84491600
15.47916700
15.32054200
15.52795800
15.46879200
16.05000000
15.33087500
15.96020800
15.22083300
16.83520900
16.03950000
15.58045800
15.45054200
15.70837500
15.21800000
15.13750000
16.11754100
16.56316700
16.43704200
17.49220800
15.59262500
15.46379200
15.60562500
15.95075000
16.72158300
16.65195800
16.67666700
16.68300000
16.68362500
16.68316700
16.68325000
16.68354100
16.68329200
16.68312500
16.68341700
16.68333300
16.68362500
16.68287500
16.68329200
17.39579100
15.97079200
16.68358300
16.68354200
16.68320800
16.68333400
16.68325000
16.68320800
16.68350000
16.68329200
16.68312500
16.68358300
16.68320800
16.69866700
16.68033300
16.67141700
16.68650000
16.67987500
16.68354200
16.68304100
16.69195900
16.69308300
16.66500000
16.68354200
16.68304100
16.68350000
16.68354200
17.84929200
17.72804100
18.06725000
17.82970900
18.24241600
17.24345900
17.57804100
17.06612500
17.06400000
15.93929200
16.69812500
17.63679200
20.07025000
17.08700000
18.18616600
18.03020900
17.71170800
17.89287500
15.50945800
18.03033400
17.61562500
16.29716600
17.13850000
15.63712500
17.60904200
17.53933300
17.45725000
16.50316700
17.54083300
18.03791700
15.99370800
17.71429200
15.87404200
16.82883300
16.21854200
16.47545800
16.92175000
16.51320800
16.62525000
15.74033400
17.03583300
17.22470800
16.53291700
15.68500000
15.46870800
17.05737500
16.39479200
18.15550000
18.39008300
17.71295900
18.50550000
18.89837500
17.78345800
18.44495800
18.01929200
17.76687500
18.06454200
17.77120800
18.00333300
17.94891700
18.01929200
18.77604100
18.70404200
17.52204200
17.74112500
17.37904100
18.05108400
17.30520800
18.64983300
17.65454200
18.49004200
19.58708300
19.10908300
19.00125000
19.58383400
17.62200000
17.82283300
17.14391700
18.97929100
18.14633400
17.68195800
16.44325000
17.46791700
17.35516600
17.78916700
16.80850000
14.95200000
14.58770800
14.27062500
15.68637500
15.26754200
18.64041700
16.98025000
16.45025000
17.28329100
15.23887500
14.45904200
13.36379200
13.01900000
13.22658300
12.91620800
13.38050000
12.30754200
12.54008300
12.31841700
12.27179200
13.49116600
12.68416700
12.34216700
15.25375000
13.59354100
12.42966700
13.98954200
12.09266600
16.10595900
16.68350000
16.68337500
16.68295800
16.68370800
16.68312500
16.68354200
16.68316700
16.68354100
16.68295900
16.68354100
16.68370900
16.68270800
16.68333300
16.68608400
16.69262500
16.67633300
16.67866700
16.68895800
16.69529200
16.67783300
16.67100000
16.71233300
16.69862500
16.69408400
16.66387500
16.74662500
16.58875000
16.70379100
16.75904200
16.58316700
16.68312500
16.69100000
16.75700000
16.60275000
16.78062500
16.62337500
16.70566600
16.73200000
16.60987500
16.68741700
16.64754200
16.76220800
17.95133300
15.33308400
16.68279100
16.68333400
16.68320800
16.68337500
16.68337500
16.69341700
16.67333300
16.68337500
16.68320800
16.68783400
16.69583300
16.66662500
16.69058300
16.67575000
16.70150000
16.66570900
16.69850000
16.66754100
16.68354200
16.68320800
16.68333400
16.68320800
16.68633300
16.68062500
16.68337500
16.68325000
16.68345900
16.68312500
16.71675000
16.65004100
16.68320900
16.68325000
16.68337500
16.68358300
16.68308300
17.24600000
16.74191700
16.15670800
16.58845900
16.68358300
16.68312500
16.68337500
16.68350000
16.81575000
16.79537500
16.43858300
16.68350000
16.68362500
16.68325000
16.68283400
16.68391600
16.68300000
16.68341700
16.68337500
16.68312500
16.68341700
16.68341600
16.68329200
16.68370800
17.31283400
16.05358300
16.68325000
16.68333300
16.68320900
16.68362500
16.68325000
16.68329100
16.68329200
16.68345800
16.68362500
16.68312500
16.68329200
16.68341700
16.68312500
16.68366600
16.68337500
16.68308400
16.68329100
16.68329200
16.68395800
16.68266700
16.68362500
16.68329200
16.68308300
16.68391700
16.68295800
16.68320800
16.68354200
16.69804200
16.66850000
16.68312500
16.68350000
18.45241600
18.48691700
18.00029200
18.31220800
16.00654200
15.86608300
15.72083300
15.90966700
16.39625000
16.18466700
15.58883300
17.42550000
16.29708300
16.15891700
17.37762500
15.13300000
16.30000000
16.68337500
16.68300000
16.68333300
16.68337500
16.68325000
16.70616700
16.66050000
16.68350000
17.16787500
16.19845800
16.68375000
16.69175000
16.67454200
16.68354200
16.68358300
16.68320800
16.68370900
16.79500000
16.57112500
16.68345800
16.68366700
16.69837500
17.05125000
16.30029100
16.69191700
16.67441700
16.68350000
17.95504100
17.31441700
17.29408300
18.09575000
18.22066700
18.33725000
19.19937500
18.78325000
18.41295800
18.40358400
17.94550000
17.55608300
17.81333300
16.94950000
18.07016700
18.14708300
18.58062500
18.27345900
18.40854100
18.25270900
18.37458300
17.49925000
17.85170800
17.83887500
19.90266700
19.21554200
19.46116600
18.55779200
18.67579200
19.34112500
18.29075000
18.76862500
19.27254100
17.41812500
18.47858400
18.29645800
17.86325000
18.72737500
19.06058300
18.93887500
18.01854200
17.23050000
17.94870800
18.01645900
18.10441600
17.29704200
17.91804200
18.26245800
16.50720800
17.28337500
17.57904200
16.21733300
16.58254200
16.02983300
17.25133400
17.41995800
17.74416700
19.30562500
17.30150000
16.60587500
18.25054100
15.39487500
17.13616700
19.03837500
17.35570800
18.65937500
16.93295900
17.09750000
17.22362500
17.40008300
17.33133300
17.70058400
16.94933300
18.03425000
18.11375000
17.73700000
17.76891700
17.83900000
19.68008300
17.77712500
17.65975000
17.38975000
20.30037500
18.13950000
18.24454200
18.49566600
18.48445900
18.18366600
18.68033400
16.25387500
15.54629100
15.30733400
15.53487500
15.12420800
14.20225000
14.77000000
13.22708300
12.84808400
14.85775000
15.88766600
17.84658400
16.98304100
15.63462500
15.95312500
15.47070900
16.13350000
15.15704100
17.03337500
14.71995900
15.65604100
15.20137500
16.36595900
15.06287500
17.07604100
14.93508400
15.79300000
17.37691600
15.73079200
16.62062500
18.92850000
17.34754200
17.88737500
17.85691600
17.76708400
16.80395800
16.07104200
15.03404100
14.87179200
15.01837500
15.48495800
14.59658400
16.35395800
15.16858300
14.63029200
15.07008300
15.27475000
14.65366700
16.11412500
14.42191700
14.08504100
14.43170900
14.92458300
14.44158300
15.18866700
14.95304200
14.64741600
16.15141700
15.19658300
14.41150000
14.63362500
18.33266700
17.37679200
19.67920800
18.98445800
23.86920900
31.55712500
27.54150000
25.93650000
25.04212500
26.06575000
23.52558300
23.62050000
22.83712500
21.93533300
21.82129200
22.13695800
21.15583400
21.55312500
23.17137500
20.98437500
21.94812500
21.59454100
21.77266700
21.32062500
22.46437500
21.05500000
21.88200000
24.63825000
24.57870800
23.63808400
24.97316600
22.04437500
23.70025000
30.50820900
22.13854100
21.75779200
21.65479200
22.17508300
22.12004200
22.32241600
20.64208400
20.71775000
21.21954100
19.63250000
18.30479200
18.09029200
17.86979100
17.70900000
18.65850000
18.07300000
18.17770900
18.53541600
18.56150000
18.72941700
18.38979200
18.39445800
17.77287500
17.79800000
17.49012500
17.74062500
17.97620800
17.57445900
18.39620800
17.63975000
17.62316700
17.64295800
17.29720800
17.16870900
17.33904100
17.77225000
16.89175000
17.70887500
15.69304200
15.57500000
15.13454200
14.94437500
15.26191600
15.61495900
15.08483300
17.09737500
15.34504200
14.94904100
15.09962500
16.48058400
15.05483300
15.12887500
15.34808300
16.10687500
16.53020900
15.19770800
15.11270800
16.65291700
15.25700000
14.96637500
14.95408300
15.87966700
15.31133300
15.73604200
18.20745800
18.79620900
18.53383300
16.47887500
16.16287500
17.26862500
14.80020800
15.43237500
14.86470900
15.10275000
14.83895800
15.29020800
15.15683400
14.96920800
14.98925000
14.73900000
14.59150000
14.83100000
14.76783300
15.15733400
14.76004100
14.71158400
14.61808300
14.77483300
14.26658400
14.23129100
14.32604200
14.24641700
14.36008300
14.41008300
14.41045900
14.32675000
14.42141600
15.20241700
14.54954200
14.41033300
14.24183300
14.33708400
14.50087500
15.15925000
16.22095800
16.68354200
16.68312500
16.68350000
16.68337500
16.70545800
16.66825000
16.67625000
16.69429200
17.17437500
16.18129100
16.68341700
16.68308300
16.68387500
16.69370900
16.67250000
16.68375000
16.68291600
16.69512500
16.68125000
16.67362500
16.68341700
16.68362500
16.68312500
16.68308300
16.68383400
16.68312500
16.68350000
16.68287500
16.68341600
16.68341700
16.68337500
16.68820800
16.68800000
16.67383400
16.68329100
16.68341700
16.68325000
16.68320800
16.70216700
16.66450000
16.68350000
16.68333300
16.70008400
16.66645800
16.68320800
16.68358400
16.69183300
16.67475000
16.68329200
16.68358300
16.68295800
16.68416700
16.68270800
16.68316700
16.68333300
16.68333400
16.68358300
16.68825000
16.69979200
16.66195800
16.68329200
16.68329100
16.68400000
16.68275000
16.69462500
16.67191700
16.68354200
16.68316600
16.68308400
16.68366600
16.68325000
16.68333400
16.68337500
16.68337500
16.68291600
16.68395900
16.68304100
16.68341700
16.68333300
16.68350000
16.68300000
16.68329200
16.68358300
16.68316700
16.68358300
16.68329200
16.68279200
16.68387500
17.60520800
18.28504200
17.84041600
18.88841700
17.30716700
16.43608300
17.77216700
17.35000000
17.55595800
17.95975000
17.68008300
18.15212500
19.15700000
17.92600000
15.79779200
17.43612500
17.39962500
17.85891700
16.85420800
17.86837500
17.96929200
18.12266600
16.53458400
17.60004100
17.97887500
16.08737500
18.33204200
15.63095800
17.10954200
16.49833300
16.50383400
16.26404100
16.94625000
17.81266700
17.11420800
18.88641700
16.81258300
17.16837500
17.07983400
17.10729100
17.36337500
17.40875000
17.64741700
16.16212500
15.62041700
17.01091600
17.80891700
15.75620800
14.82350000
15.24491700
15.79395800
17.03362500
17.05316700
16.63154200
16.61366600
17.77795900
17.22316600
16.48879200
15.75475000
17.16866700
17.18079100
15.84966700
17.10537500
16.71179200
17.64916600
16.12454200
16.94570800
15.13779200
17.15733300
16.78762500
15.45958400
17.11158300
17.63533300
16.54379200
15.29679200
15.23791600
17.36412500
15.94537500
15.23083400
16.41204100
15.75816700
15.95825000
15.34787500
16.34279200
14.94962500
17.04516600
16.11908400
17.21779100
15.18175000
16.27275000
14.83454200
18.66654200
15.73129100
17.84229200
15.58083300
17.56650000
15.45354200
17.68062500
17.22945800
15.52691700
17.48958300
15.61708400
17.04145800
16.00625000
14.98245800
15.34837500
16.64312500
16.08233400
15.20854100
15.22712500
15.80087500
15.47375000
16.37270900
14.79270800
15.00866700
16.55158300
16.16308300
14.55654200
16.68191700
16.68312500
16.69300000
16.67387500
16.68295800
16.68350000
16.68350000
16.68325000
16.68345800
17.22158400
16.54404100
16.28445900
17.16312500
16.20375000
16.69400000
16.69345800
16.66237500
16.68662500
16.67979200
16.68312500
16.68375000
16.68308300
16.68341700
16.68829100
16.67837500
16.68312500
16.68362500
16.68375000
16.68270900
16.68358300
16.68329200
16.69683300
16.68083300
16.67320900
16.68241600
16.68341700
16.69016700
16.67658300
16.70083300
17.12933400
16.21975000
16.68300000
16.68341600
16.68370900
16.68295800
16.68316700
17.41641600
15.95037500
16.68304200
17.68279200
15.68945800
16.83887500
16.52283300
16.68320900
16.68312500
17.91058300
15.45608300
16.68366700
16.68300000
16.68345800
16.68350000
16.93508400
16.43145800
16.68983300
16.67670900
16.69300000
16.67383300
16.68350000
16.68320800
16.68325000
16.68395900
16.68258300
16.68337500
16.68366700
16.68320800
16.68337500
18.26900000
20.83679200
18.12425000
18.62595800
16.43375000
17.22058300
17.49675000
16.56400000
17.75845900
17.81837500
17.95466600
15.75416700
18.02208300
17.70354200
19.75637500
18.46250000
16.95258300
19.06208400
17.47720800
15.98595800
15.23541700
15.22016700
14.12083300
15.09920800
15.09887500
14.51858400
18.23995800
15.24912500
14.07100000
15.04904200
14.98833300
14.03175000
15.02295800
15.00858400
16.68325000
16.68354100
16.68345900
16.68304100
16.68333400
16.68341600
16.68345900
16.68329100
16.68383400
16.68275000
16.68366600
16.68308400
16.68337500
16.68350000
16.68333300
16.68370800
16.68270900
16.68350000
16.68341600
16.68304200
16.69045800
16.67658400
16.68300000
16.68329100
16.68383400
16.68304100
16.68366700
16.68291700
16.69037500
16.67633300
16.68325000
16.70158300
16.68287500
16.66583400
16.68312500
16.68312500
16.68345800
16.68333300
16.68362500
16.68312500
16.69445900
16.67229100
16.68312500
16.68337500
16.68325000
16.68425000
16.68250000
16.68358400
16.68300000
16.68341600
16.68320900
16.68354100
16.68329200
16.68333300
16.68325000
16.68350000
16.68325000
16.68333400
16.68325000
16.68341600
16.68333400
16.68362500
16.68300000
16.68358300
17.09912500
16.26720800
16.68354200
16.68333300
16.68337500
16.68320900
16.68333300
16.69512500
16.67137500
16.69375000
16.67295800
16.68341700
16.69020800
16.67954200
16.68050000
16.68320800
16.68316700
16.68341700
16.68325000
16.68320800
16.68350000
16.68325000
16.68366700
16.68295800
16.68375000
16.68341700
16.68287500
16.68350000
16.68316600
16.68337500
16.68333400
16.68370800
16.68316700
16.68541600
16.68104200
16.68358300
16.68312500
16.68370900
16.68312500
16.68329100
16.68333400
16.68333300
16.68333300
16.68370900
17.38158300
16.91775000
17.09862500
16.36879200
16.11895800
16.29279200
16.60470800
16.68287500
16.89425000
16.52329200
16.63225000
17.14945800
16.21716700
17.35491600
16.42120900
16.92495800
16.16945800
16.54612500
17.20570900
16.82987500
17.38250000
19.67816600
18.89320900
18.40200000
19.09108300
20.39454200
19.97966600
18.09312500
18.18100000
17.60616700
16.87637500
16.95750000
19.14016700
18.40200000
18.81125000
17.48562500
18.16737500
17.12762500
16.20241600
16.33608400
17.38791600
18.97750000
17.34066700
16.49479200
16.81425000
17.77037500
16.73350000
16.48337500
16.26095800
16.71666700
17.25245800
20.09683300
18.70891700
16.39708300
17.12854200
17.18958300
16.81633400
16.76250000
17.02504100
16.32770900
16.54883300
16.53795800
16.36683400
16.30966600
16.56275000
16.34029200
16.30858300
16.17804200
16.21204200
16.96150000
16.78850000
16.39383300
16.48900000
16.73316700
16.14737500
16.17545800
16.69941700
16.14629100
16.58391700
16.53754200
16.25412500
16.09416600
16.42437500
16.24891700
16.47841700
16.33275000
16.30912500
16.22737500
16.83100000
16.44745800
16.29754200
16.43233300
16.18866700
16.27637500
16.66991600
16.28341700
16.28945800
16.46608400
16.46337500
16.52620800
16.24595800
16.33441700
16.41266700
16.13925000
16.38741600
16.51816700
15.64425000
15.64558300
16.18383400
15.69591600
14.96458400
16.21837500
15.59687500
15.63370800
16.54854200
15.97558300
14.75200000
16.70870800
15.95320900
16.11291600
15.36087500
16.86408400
16.57825000
16.75733300
18.16975000
18.09116700
19.76720800
19.32691700
20.78658300
20.53579200
19.70533300
18.96004200
17.90812500
20.58483300
22.04720800
23.51054200
21.36037500
20.17816700
16.52841600
16.80891700
16.50450000
17.00795800
16.18258400
16.43304100
18.51195900
16.59954100
16.46787500
16.27437500
16.27450000
16.71750000
16.36866700
16.23983300
16.42041700
16.35820800
16.11004200
18.64195800
16.07054200
16.52012500
17.56887500
15.96945800
16.05329200
16.44229200
15.93337500
16.10733300
16.50045800
16.00579200
16.29345800
16.30408400
15.87308300
16.57362500
16.28850000
16.31100000
15.91833300
16.36220900
15.98500000
15.98012500
16.39875000
16.20054100
16.28870900
16.34329100
15.86216700
16.04737500
16.14904200
16.05812500
16.00366600
16.11237500
13.73987500
13.94637500
14.07845900
15.75654100
14.25733400
16.47270800
14.87620800
14.09758400
17.01800000
15.12016600
14.09683400
14.37920800
14.13650000
16.18220800
15.78100000
15.14733400
14.20454100
15.61916700
16.41495800
14.89566700
16.14362500
15.98658300
15.66408400
16.27716600
17.58112500
14.54600000
14.12850000
15.38662500
14.58541700
19.50075000
17.69320800
17.32062500
16.53304200
16.32050000
16.57754200
15.83929100
15.83833400
14.02391600
13.44487500
14.89141700
16.68337500
16.68325000
16.68329200
16.68370800
16.68316700
16.68400000
16.68262500
16.68325000
16.68370800
16.68308300
16.68325000
16.68341700
16.68308300
16.68345900
16.68325000
16.68337500
16.68316600
16.68366700
16.68325000
16.68320800
16.68366700
16.68295800
16.68375000
16.68283400
16.68366600
16.68341700
16.68320800
16.68341700
16.68320800
16.68316700
16.68375000
16.68366700
16.68295800
16.68354200
16.68308300
16.68337500
16.68420800
16.68229200
16.68366700
16.68295800
16.70395800
16.67333400
16.67304100
16.69345900
16.68179100
16.67479200
16.68295800
16.68341700
16.68350000
16.68329200
16.68329100
16.71383400
16.65533300
16.68058300
16.68341700
16.68370800
16.68295900
16.68345800
16.68325000
16.68312500
16.68329200
16.68370800
16.68312500
16.70504200
16.66179100
16.68300000
16.68362500
16.68325000
16.68341700
16.70283300
16.66379200
16.68354200
16.68325000
16.68316600
16.68329200
16.68937500
16.67737500
16.68337500
16.68312500
16.69675000
16.67008300
16.71829200
16.64833300
16.68333400
16.68329100
16.68337500
16.69645900
16.67062500
16.68295800
16.68329200
16.68320800
16.68354200
16.68316600
16.69391700
16.67287500
16.68300000
16.68400000
16.68300000
16.68325000
16.68325000
16.68362500
16.68325000
16.68337500
16.68341700
16.68358300
16.68341700
16.70716600
16.65920900
16.68333300
16.68287500
17.53250000
15.91658300
16.60137500
16.68283400
17.22529100
16.88095900
16.98650000
16.22995800
17.10179200
17.41804100
16.60320900
16.88133300
16.42000000
17.60341700
17.20612500
17.16675000
16.78279100
17.01120900
16.55783300
16.89625000
16.69183300
17.41837500
16.86900000
16.92970900
17.62283300
17.18070800
17.25787500
17.82183400
16.71562500
16.53158300
16.41775000
16.53625000
16.02708300
16.14695900
16.34366600
16.35954200
16.94541700
16.48783300
17.57620800
16.67191700
16.77620800
16.75508400
16.72116600
16.85341700
16.56350000
16.79733300
15.22137500
16.52020900
14.70645800
16.34491700
15.64625000
15.51850000
17.01562500
16.05200000
16.38054100
16.79041700
16.82329200
16.95508300
16.07866700
16.22354100
16.79500000
16.57166700
16.68320800
16.90908400
18.91287500
17.33962500
17.16729100
17.48212500
16.77333400
16.48354100
17.06283400
17.34154100
18.25370900
17.22170800
16.36066700
16.21291600
14.92770900
15.42362500
15.09304100
16.49391700
15.23233300
16.30300000
16.67195900
16.68320800
16.68320800
16.68337500
16.68337500
16.68337500
16.68325000
16.68333400
16.68362500
16.69070800
16.67916700
16.83691600
16.74595900
16.46366600
16.68758400
16.67941600
16.68308400
16.68329100
16.68320900
16.68325000
16.68358300
16.68308300
16.70604200
16.66070800
16.68362500
16.68304200
16.68345800
16.68316700
16.68354200
16.68333300
16.68316700
16.68329100
16.68345900
16.68358300
16.68308300
16.69787500
16.68804200
16.66425000
16.68304200
16.68362500
16.68312500
16.68337500
16.68333300
16.68329200
16.68916600
16.67758400
16.68329100
16.68341700
16.68337500
16.68312500
16.68337500
16.68383300
16.68295900
16.68320800
16.68329200
16.68566600
16.68108400
16.70370800
16.67445800
16.67191700
17.75350000
15.61316700
16.68312500
18.23650000
16.62020800
16.02141700
15.85908300
16.82116700
16.54212500
16.68304100
16.68562500
16.68237500
16.68195900
16.68312500
16.68366600
17.52412500
15.98050000
16.54508400
18.77391600
15.81145900
17.00537500
16.28612500
17.45633300
18.02391700
16.31362500
15.04412500
15.84158300
16.28741700
16.67308300
16.68333300
16.68337500
16.68316700
16.68329200
16.68329100
16.68316700
16.68400000
16.69545800
16.69245900
16.67279100
16.67308400
16.68241600
16.68337500
16.68350000
16.68300000
16.70179200
16.68195800
16.66641700
16.68608300
16.68912500
16.69175000
16.66654200
16.68800000
16.67866700
16.68304100
16.68358400
16.73962500
17.46287500
17.44829100
18.27970900
18.36612500
17.59075000
16.67845800
18.03650000
17.14883300
16.94037500
16.90170900
16.81700000
16.49900000
16.74200000
18.35833300
17.64475000
17.96212500
17.49375000
17.59766700
17.50670800
17.50379200
17.21462500
17.32145800
17.31054200
16.83012500
15.31700000
14.74745800
15.04279200
13.14433300
13.27504200
13.29129100
14.65341700
16.68316700
16.68350000
16.68320800
16.68337500
16.68341700
16.68325000
16.69070800
16.67620800
16.68300000
16.68375000
16.68341700
16.68304200
16.68429100
16.68287500
16.68275000
16.68408400
16.76683300
16.59912500
16.68433300
18.46720900
14.90595800
16.67591700
16.68595800
16.68091700
16.68295800
16.70437500
16.66250000
16.68341700
16.68329100
16.68320900
16.68345800
16.68316700
16.68341600
16.68354200
16.68329200
16.68354100
16.68312500
16.68304200
16.68333300
16.68358400
16.68687500
16.67954100
16.68595900
16.68079100
16.68354200
16.68308300
16.68333400
16.68333300
16.68995800
16.67691700
16.68320800
16.68337500
16.69095900
16.67558300
16.69108300
16.67562500
16.68345900
16.68325000
16.68325000
16.68354100
16.68316700
16.68350000
16.68345800
16.68283400
16.68391600
16.68283400
16.68375000
16.68295800
16.68366700
16.68295800
16.68366700
16.68308300
16.71558300
16.65133400
16.72812500
16.63891600
16.68295900
16.68337500
16.68858300
16.67775000
16.68358300
16.68329200
16.68304200
16.68345800
16.68337500
16.68350000
16.68337500
16.68312500
16.69970800
19.02166700
14.73241700
16.27958300
16.68350000
16.68308300
16.69808400
16.66875000
16.68316600
16.68333400
16.69183300
16.67495800
16.68341700
16.68304200
16.68345800
16.68404200
16.68300000
16.70220800
16.66387500
16.68366700
16.68308300
16.69487500
16.68012500
16.67520800
16.68366700
16.68316700
16.68308300
16.68341700
16.68320800
16.68375000
16.68287500
16.68420800
16.68258400
16.68345800
16.68320800
16.68341700
16.68304200
16.68350000
16.68375000
16.68291600
16.68358400
16.70183300
16.66470800
16.69775000
16.67066700
16.68158300
16.68341700
16.68308300
16.68341700
16.68345800
16.68337500
16.68383400
16.68533300
16.68116700
16.72495800
16.64120800
16.74629200
16.64420800
16.66008400
16.68254100
16.75000000
16.61670900
16.68375000
16.68320800
16.68337500
16.68325000
16.68370800
16.69841700
16.66775000
16.72908300
16.72458400
16.59650000
16.72962500
16.63670800
16.68345800
16.68362500
16.68316700
16.69037500
16.67612500
16.68358300
16.68316700
16.68320800
16.68458400
16.68237500
16.69245800
16.67445800
16.68291700
16.68329200
16.68354100
16.68337500
16.68320900
16.68333300
16.68329200
16.68970800
16.69400000
16.66641700
16.68337500
16.68304100
16.68354200
16.68325000
16.68316700
16.68354100
16.68320900
16.68345800
16.68329200
16.68379100
16.68287500
16.68350000
16.68333400
16.68308300
16.70037500
16.68025000
16.66941700
16.68333300
16.68333300
16.68345900
16.68316600
16.75475000
16.77316700
16.74037500
16.66587500
16.48262500
16.93966700
16.42991600
16.68041700
16.97116700
16.39520800
16.90945800
16.72487500
16.68079200
16.41816700
17.03470800
16.52812500
16.51629200
16.94770800
16.45262500
16.62066700
16.97312500
16.59554100
16.77779200
16.72866700
16.34170800
17.06283300
16.50291700
16.73550000
16.75083300
16.36550000
16.68262500
16.97050000
16.63212500
16.68837500
16.74620900
16.38275000
17.01925000
16.66745800
16.96416700
16.61575000
16.31579100
17.11687500
16.47033400
16.86254100
16.12408400
16.71325000
16.64362500
17.28608300
16.60791700
16.75937500
16.66475000
16.67008300
16.72016700
16.07475000
17.24462500
16.73191600
16.67950000
16.44841700
16.92533300
16.07037500
17.25595900
16.71470800
16.63112500
16.70800000
16.10704200
17.27275000
16.65700000
16.13954100
16.66379200
16.68350000
16.68341700
16.68291600
16.70562500
16.67300000
16.67166700
16.68329200
16.68337500
16.68333300
16.68345800
16.68325000
16.68320900
16.68320800
16.68341700
16.68354100
16.68316700
16.68358300
16.68291700
16.69766700
16.66950000
16.68329100
16.68300000
16.69666700
16.67020800
16.68600000
16.68054200
16.68333300
16.68345900
16.68325000
16.68345800
16.68354200
16.68483300
16.68170800
16.77708400
16.58979100
16.68283400
16.68316600
16.69066700
16.67637500
16.68308300
16.68350000
16.68316700
16.68316700
16.68337500
16.68329100
16.68358400
16.68337500
16.68354100
16.68279200
16.68337500
16.68345800
16.68325000
16.68345900
16.68325000
16.68341600
16.68320900
16.68337500
16.68333300
16.68362500
16.68312500
16.68341700
16.68333300
16.68325000
16.68320800
16.73687500
16.84325000
16.87679200
16.27650000
16.68383300
16.70045900
16.66612500
16.68300000
16.68320800
16.68350000
16.68325000
16.69933300
16.66745900
16.68337500
16.68312500
16.68358300
16.68341700
16.68329100
16.68304200
16.68350000
16.68350000
16.68312500
16.68337500
16.68350000
16.68304200
16.68366600
16.68304200
16.69900000
16.66770800
16.68341700
16.68316700
16.68350000
16.68337500
16.68341600
16.68345900
16.68304100
16.68320900
16.80212500
16.68491600
16.56304200
16.68325000
16.68350000
16.68312500
16.68366700
16.68316600
16.68508400
16.68162500
16.68354100
16.68308400
16.68329100
16.68316700
16.68358300
16.68329200
16.68333300
16.68329200
16.68350000
16.68562500
17.08395800
16.28683400
16.67691600
16.82783400
16.53879100
16.68312500
16.68325000
16.68354200
16.68408300
16.68300000
16.68316700
16.68312500
16.68325000
16.68345800
16.68345900
16.70041600
16.66620900
16.68329100
16.68329200
16.68329200
16.68766600
16.67895900
16.68379100
16.68283400
16.68337500
16.68325000
16.69720800
16.66950000
16.68341700
16.68341600
16.68325000
16.68333400
16.68337500
16.68329100
16.83829200
17.49254200
17.45487500
17.50425000
17.08800000
15.61016600
16.34716700
15.55979200
16.58808300
17.01837500
16.67091700
16.48670800
16.67191700
18.73104100
15.95395900
16.55245800
15.93183300
16.22587500
18.07808400
17.79462500
16.30720800
16.75062500
18.00795800
17.23820900
17.91533300
16.64304200
16.49866600
16.28295900
16.16500000
16.14033300
16.28104200
16.03516600
17.21829200
17.28983300
16.81608400
16.66008300
17.12816700
16.48475000
16.47645800
16.49212500
16.63875000
16.51962500
17.80520800
17.22212500
16.57108400
16.77675000
16.29645800
17.71029200
17.25345800
17.31050000
16.63704200
18.47016600
16.10095900
16.95654100
17.20516700
16.60262500
16.48062500
16.24645800
16.38683400
16.68450000
16.11879100
16.18641700
16.78291700
16.20491600
16.49070900
17.47716600
17.35066700
16.47137500
16.50845800
17.10037500
16.44866700
16.36554200
16.05795800
15.98775000
16.37720800
16.09825000
16.04575000
16.78520900
16.18691600
16.24270900
16.12437500
16.01695800
16.16245800
16.22791700
16.25404200
16.08312500
16.30425000
16.36700000
16.70304100
16.66366700
16.68429200
16.68241600
16.68320900
17.46520800
16.98133300
16.52004200
15.93162500
16.51850000
16.68325000
16.99000000
16.37670800
16.68329200
16.68466700
16.68191600
16.68358400
16.68633300
16.68004200
16.68375000
16.68300000
16.68379100
16.68283400
18.00579100
15.36116700
16.90629200
16.46054100
16.92195900
16.91454100
16.21300000
16.68350000
16.68350000
16.68300000
16.69591700
16.67087500
16.68337500
16.68341700
16.68383300
16.68245800
18.28370900
16.45629100
17.10741700
14.93479200
16.63491600
16.68337500
16.69854200
16.66816700
16.68304100
16.68366700
16.68333300
16.69283400
16.67362500
16.68312500
16.69379100
16.67808400
16.67816600
16.68362500
16.88754200
17.76462500
18.16395800
17.34904200
17.58516700
18.49433300
17.34608300
18.04504200
16.72541700
17.08829100
17.32175000
17.85875000
17.07891700
17.17408300
17.63329200
17.10137500
17.44137500
16.87841700
17.40704100
16.79037500
18.18291700
17.80145800
16.73754200
17.21975000
16.85995800
16.65654200
17.00537500
18.01554200
16.87475000
17.55416600
16.83504200
17.02716700
17.44758300
18.65750000
17.46395800
17.59929200
17.02479200
16.63058300
17.18975000
17.47545800
16.65683400
16.74712500
16.76587500
16.33225000
16.85154100
16.16320900
18.24416600
16.75575000
16.60983400
16.60237500
16.51958300
16.11900000
16.19208300
16.73487500
16.43116700
16.13195800
17.36045900
17.17379100
16.44633400
16.24783300
17.75812500
17.29933300
18.77354200
17.48650000
17.56433300
20.23620900
17.46191600
17.55595900
17.25658300
18.15350000
18.03158300
16.65275000
16.13437500
15.57379200
16.71095800
15.93175000
15.40679200
16.53570800
17.05800000
16.83775000
17.03012500
17.20870900
17.79216600
17.60254200
17.43100000
16.70870800
16.57737500
17.66908400
17.19650000
14.17895800
14.04416700
14.23075000
13.75770800
13.74812500
13.81025000
13.62791700
14.82958300
14.38245800
15.84008400
14.14250000
14.15362500
13.70904100
13.91354200
14.03795800
13.62900000
15.45120900
16.51383300
16.69016700
16.67654100
16.68333400
16.68312500
16.68333300
16.68350000
16.68308300
16.68341700
16.68350000
16.68350000
16.68312500
16.68366700
16.68308300
16.68333300
16.68341700
16.68333300
16.68308400
16.93304100
16.43391700
16.68308300
16.68354200
16.68329200
16.68316600
16.68395900
16.68270800
16.68370800
16.68304200
16.68329200
16.68345800
16.68312500
16.68366700
16.69354100
16.67304200
16.68333300
16.68316700
16.68350000
16.68316700
16.68383300
16.68295800
16.68329200
16.69716700
16.66958300
16.68337500
16.68320800
16.68329200
16.68341700
16.68316600
16.68375000
16.70379200
16.66270800
16.68333400
16.68316600
16.68333400
16.68358300
16.68350000
16.68283300
16.68362500
16.68316700
16.68337500
16.68316700
16.68341600
16.68358400
16.68316600
16.68316700
16.70391700
16.66308300
16.71008300
16.65645900
16.69825000
16.66829100
16.68354200
16.68345800
16.68358400
16.68283300
16.68329200
16.68341600
16.68320900
16.68375000
16.68291600
16.68366700
16.68312500
16.68312500
16.68383300
16.68304200
16.68470800
16.68179200
16.68345800
16.68329200
16.68341700
16.68333300
16.68316700
16.68341600
16.68608400
16.68058300
16.68366700
16.68312500
16.68345800
16.82012500
17.00270800
16.38987500
17.54683400
16.77141600
17.75608400
17.23116600
16.85879200
18.19808300
16.59270900
16.28862500
17.24575000
16.41908300
16.58029200
17.53433300
16.70162500
16.77704200
16.40758300
17.92291700
18.00604100
17.93041700
16.73137500
17.84583300
17.06670900
17.14891600
17.21654200
16.69445800
16.39841700
17.06316700
17.97812500
16.86200000
17.17270800
18.18275000
16.96016700
16.98208300
17.17016700
16.50675000
16.34833300
15.87345800
16.13587500
16.23162500
15.92404200
15.83337500
16.13595800
16.28895900
18.15962500
16.33666600
16.26570900
16.13804100
16.79787500
16.17983400
15.99958300
16.50466700
16.12804100
17.17329200
15.94645800
15.91075000
16.13650000
16.36650000
16.03350000
16.18775000
16.29775000
16.03212500
15.93754200
16.38795800
16.00958400
15.93929100
15.95458400
15.90787500
16.04804100
16.04770900
16.63933300
16.68333300
16.68312500
16.68354200
16.68333300
16.71070900
17.25737500
18.70720800
17.38062500
17.28200000
17.40770800
17.01920900
17.21183300
18.71533300
17.80425000
17.81708400
18.80275000
17.65887500
17.97904100
17.32100000
15.78570900
16.83708300
15.52083300
16.19604200
15.41258300
16.01025000
15.56662500
15.29575000
15.58000000
15.29941700
15.67245800
16.69683400
15.72150000
14.65112500
15.17883300
16.68375000
16.68300000
16.68316700
16.68354100
16.68333400
16.68325000
16.68350000
16.68287500
16.68333300
16.69862500
16.71320800
16.67670900
16.68725000
16.74475000
16.57958300
16.77366700
16.64808300
16.62812500
16.68325000
16.79008300
16.59741700
16.76245800
16.63200000
16.72370900
16.66654100
16.68804200
16.61075000
16.77266700
16.66341600
16.72750000
16.66429200
16.60858300
16.81204200
16.53070800
16.68325000
16.88558400
16.64354100
16.60070900
16.77700000
16.62950000
16.68983300
16.75825000
16.66879200
16.49745800
16.87558300
16.69383400
16.58654100
16.73529200
16.52466700
16.89150000
16.52870800
16.82683300
16.48650000
16.89270900
16.65150000
16.67387500
16.57716600
16.81829200
18.38391700
14.78579100
16.68345900
16.68320800
16.68358300
16.68316700
16.68362500
16.68287500
16.69004200
16.68670800
16.67691700
16.67995800
16.68312500
16.68337500
16.68325000
16.68395800
16.68275000
16.68337500
16.68345900
16.68320800
16.68333300
16.68358400
16.68300000
16.68337500
16.68333300
16.68329200
16.68804100
16.67912500
16.68300000
16.68320900
16.68316600
16.68350000
16.68333400
16.68337500
16.69125000
16.67541600
16.68354200
16.68370800
16.68325000
16.68304200
16.68337500
16.68320800
16.68329200
16.68325000
16.68325000
16.68333300
16.68345900
16.70158300
16.66491700
16.68341600
16.68475000
16.68225000
16.68291700
16.68429200
16.69575000
16.67020800
16.68337500
16.68308300
16.68350000
16.68312500
16.68345900
16.68325000
16.68325000
16.68350000
16.68329100
16.68341700
16.68354200
16.69200000
16.67420800
16.68416700
16.68279100
16.68350000
16.68320900
16.68408300
16.68229200
16.68337500
16.71895800
16.64791700
16.68333300
16.68333300
16.69083400
16.67566600
16.68366700
16.68670800
16.67975000
16.68320900
16.68333300
16.68329200
16.69420800
16.67241700
16.68366600
16.68316700
16.68337500
16.68333300
16.68512500
16.68191700
16.68291700
16.68325000
16.68337500
16.68329100
16.68312500
16.68345900
16.68512500
16.68204100
16.68291700
16.68341700
16.68304100
16.68387500
16.68333400
16.68316600
36.83145900
97.27045800
18.03945800
15.76366700
12.26687500
12.37229200
11.99000000
11.72937500
11.76766600
11.55787500
11.67337500
12.14483400
11.96629100
13.99216700
12.04758300
11.79891700
11.93083300
12.03608400
12.06000000
12.97720800
14.13595800
14.00200000
14.20970900
14.04483300
13.85579200
14.09125000
14.04733300
15.78479200
16.68341600
16.68337500
16.68337500
16.68320900
16.68375000
17.14262500
17.14233300
17.36004200
17.33533300
17.41104200
17.35870800
17.61754200
17.40225000
17.67137500
17.22270800
17.15704200
17.34479100
17.33670900
17.52629100
17.54475000
17.51341700
17.49300000
17.46800000
17.36979200
17.45441600
17.59116700
17.46316700
17.60208300
17.62062500
17.44925000
17.53625000
17.21850000
17.18412500
17.15412500
17.10016700
17.08554100
17.54841700
17.72458300
17.64758400
18.35183300
17.19583300
17.52762500
17.67495900
17.48383300
17.41891700
17.31800000
17.36812500
17.56058300
17.53608300
17.49258400
17.40050000
17.57945800
17.30295800
17.48112500
17.41683400
17.53012500
17.50745800
17.53412500
17.24550000
17.35525000
15.92170800
15.47000000
15.48687500
15.34458400
15.38550000
15.43154100
15.46725000
15.38145900
15.33254100
15.70625000
15.27637500
15.37775000
15.39525000
15.37216700
15.47820800
15.39395900
15.46170800
14.72904200
13.78500000
13.80129100
13.83475000
13.85950000
13.85329200
13.87575000
15.18391700
16.66454100
16.85270900
16.51383300
16.68345800
16.69245900
16.67425000
16.68366600
17.06325000
16.30304200
16.68329200
16.68337500
16.68316600
16.68425000
16.68262500
16.68320900
16.68387500
16.68279100
16.68400000
18.32779200
20.31945800
19.28266700
18.74920800
20.09833400
18.33979100
18.34350000
17.80675000
18.66029200
18.03466700
18.35725000
17.72220800
17.85487500
17.21754200
16.97654100
17.15020900
17.38304100
17.31583400
17.86337500
17.04208300
17.22370800
16.89083400
17.25391600
17.89016700
18.92666700
17.34704100
18.76337500
18.01908400
17.99508300
17.34345800
18.43191700
18.95350000
16.86050000
18.15487500
17.59379200
17.08329100
17.36683400
17.33054100
16.84883400
16.73933300
16.61441700
16.56662500
16.55370800
16.58979200
16.07354100
16.41837500
16.37479200
16.39241700
16.13745800
16.70495800
16.71833400
16.15091600
16.17841700
15.87458300
16.18633400
15.91662500
15.62925000
15.82916600
15.68962500
15.79016700
15.87029200
15.73329100
15.71658400
15.57045800
15.38137500
15.48858300
16.07183400
15.40437500
15.55983300
15.35808300
15.25966700
15.67991700
15.34933300
15.58304200
15.68408300
15.39795800
15.14750000
15.12666700
15.25825000
14.98662500
15.03304200
15.17229100
14.96541700
15.13066700
14.96279100
14.88520900
15.32037500
15.06087500
14.87495800
16.21429200
16.68341600
16.68362500
16.68333400
16.68308300
16.68329200
16.68341600
16.68325000
16.68312500
16.68350000
16.68325000
16.68354200
16.68345800
16.68329200
16.70104200
16.66591600
16.68275000
16.68329200
16.68375000
16.68300000
16.68354200
16.68329100
16.68354200
16.68287500
16.68325000
16.68345800
16.68345900
16.68658300
16.67987500
16.68662500
16.70687500
16.65654200
16.68345800
16.68312500
16.68504200
16.68175000
16.68312500
16.68354100
16.68333400
16.68337500
16.68329100
16.68366700
16.68295800
16.68325000
16.68329200
16.68375000
16.68320800
16.68316700
16.68337500
16.68316700
16.68395800
16.68291700
22.15258300
15.72187500
13.97895800
14.87987500
16.68329200
16.68362500
16.68316700
16.68329100
16.68354200
16.68316700
16.68341600
16.68312500
16.68370900
16.68320800
16.68312500
16.68337500
16.68345800
16.68337500
16.68320900
16.69358300
16.67291700
16.68366600
16.68304200
16.68354200
16.68337500
16.68308300
16.68358300
16.68300000
16.68345900
16.68466600
16.68204200
16.68325000
16.68329200
16.68325000
16.68350000
16.68329100
16.68350000
16.68329200
16.68312500
16.68358300
16.68316700
16.68337500
16.68350000
16.68316700
16.68341600
16.68495900
16.68162500
16.68770800
16.69312500
16.66908300
16.68345900
16.68316600
16.68345900
16.68354100
16.68341700
16.68287500
16.68366700
16.68308300
16.68375000
16.69454200
16.67200000
16.68304100
16.68337500
16.69212500
16.67500000
16.68312500
16.68333400
16.68295800
16.68479200
16.68195800
16.68366700
16.68308300
16.68312500
16.68370800
16.68312500
16.68312500
16.68354200
16.68316700
16.68337500
16.68333300
16.68325000
16.68345800
16.91441700
16.64883300
16.69420900
16.71750000
16.64095800
16.70366700
16.70504100
16.86325000
16.64108400
16.73012500
16.65125000
16.69200000
16.68170800
16.67983300
16.65995900
16.78829100
16.58579200
16.74508300
16.68533400
16.64512500
16.75320800
16.65070800
16.51641700
16.80941700
16.79620800
16.49954200
16.93754100
16.59604200
16.18400000
17.04700000
16.49470800
16.91316700
16.49591700
16.89750000
16.64045800
16.49487500
16.89925000
16.26741700
16.68308300
17.13562500
16.23262500
17.20979200
16.52633300
16.74500000
16.68483300
16.39520900
16.82254100
16.68979200
16.69187500
16.61925000
16.79166700
16.57875000
16.68183300
16.70395800
16.71929200
16.65587500
16.70733300
16.63925000
16.43608400
17.07079100
16.55341700
16.71808300
16.73350000
16.65316700
16.70008300
16.72304200
16.57500000
16.76283300
16.72154200
16.58129200
16.80483300
16.62579200
16.68950000
16.71275000
16.69212500
16.62300000
16.74979100
16.65766700
16.69833300
16.62137500
16.77204200
16.64204200
16.72325000
16.27795800
17.14829200
16.61137500
16.70904100
16.66633400
16.58633300
16.77025000
16.38204200
17.06304100
16.57337500
16.74891700
16.66825000
16.69925000
16.25741700
17.16650000
16.62795800
16.59579200
16.76316600
16.26266700
17.01208300
16.79700000
16.68420900
16.69666600
16.68287500
16.31500000
17.14233400
16.58641600
16.71475000
16.55970900
16.72929100
16.71966700
16.63041700
16.81408300
16.64579200
16.70545800
16.61170800
16.74620900
16.18970800
17.27350000
16.58400000
16.70470800
16.66875000
16.69779200
16.71954200
16.61616600
16.72495900
16.68775000
16.72958300
16.13500000
17.26508300
16.62479200
16.64829200
16.59579100
16.75470900
16.61329100
16.70945900
16.66462500
16.71291600
16.76979200
16.66758300
16.72616700
16.64687500
16.70000000
16.68570800
16.68508400
16.70504100
16.66741700
16.69008300
16.35533400
17.01841600
16.67641700
16.69037500
16.66962500
16.71933300
16.66179200
16.67995800
16.70483400
16.65937500
16.69000000
16.09991600
17.26554200
16.11195800
17.27970900
16.66154100
16.67275000
16.72687500
16.64295900
16.70941600
16.68975000
16.66412500
16.70016700
16.07516700
17.26858300
16.70450000
16.69154200
16.64608300
16.71458300
16.68108400
16.66320800
16.71554200
16.67604100
16.65604200
16.09962500
17.27595800
16.68395900
16.70270800
16.65170800
16.67887500
16.10670900
17.26433300
16.68266700
16.10300000
16.68816600
17.25958400
16.71387500
16.65333300
16.69391700
16.12925000
17.22812500
16.11254100
17.27920900
16.65987500
16.62866600
16.16020900
17.25991600
16.10008400
17.29304100
16.64800000
16.68137500
16.11087500
16.68633400
17.26658300
16.09704200
17.26762500
16.11579100
17.27841700
16.65850000
16.67745800
16.71712500
16.64808400
16.71479100
16.68433400
16.07150000
17.29795800
16.68154200
16.08391600
17.28062500
16.69170900
16.13187500
16.61925000
17.29325000
16.65533300
16.70991700
16.07104100
16.68650000
17.18954200
16.77075000
16.68175000
16.69420800
16.61641700
16.72095800
16.71683400
16.65562500
16.67183300
16.71345800
16.65625000
16.67995900
16.71387500
16.65837500
16.68200000
16.71341600
16.66325000
16.68000000
16.70879200
16.65041700
16.64054100
16.74816700
16.65633300
16.69187500
16.71008400
16.64754100
16.67637500
16.69054200
16.67866700
16.68770800
16.71529200
16.66150000
16.68208300
16.71408300
16.64933400
16.10895800
17.28766700
16.65808300
16.70729200
16.67675000
16.66033300
16.62470800
16.17158400
17.22354100
16.16466700
17.25050000
16.64904200
16.12729100
17.27500000
16.65237500
16.70679200
16.67912500
16.41845800
16.96775000
16.65066700
16.28512500
16.51362500
17.24275000
16.67779200
16.72416600
16.64308400
16.15525000
16.65704100
17.22504200
16.70495800
16.70654200
16.64216700
16.69266600
16.60500000
16.20729200
17.27441700
16.20575000
16.97320800
16.64462500
16.70495800
16.58175000
16.40920900
17.26350000
16.09220800
17.20708300
16.55633400
16.73304100
16.23675000
16.93366700
16.74420800
16.55458400
16.97683300
16.20775000
16.69366700
16.86295800
16.51316700
16.66354100
17.14687500
16.46179200
16.97283300
16.22916700
16.81466700
16.47583300
17.09912500
16.32575000
17.19358300
16.14733400
19.92683300
13.40575000
16.87875000
16.48816700
16.70366600
17.09916700
16.49062500
16.89929200
16.22429100
16.68591700
16.68375000
17.14470800
16.54745900
16.78945800
16.24879200
16.83654100
16.53020900
16.69845800
16.66933300
16.68200000
16.68537500
16.68070900
16.68458300
16.68333300
16.77929200
16.58633300
16.78050000
16.58620900
16.68308300
16.91241700
16.45500000
16.70250000
16.66487500
16.68225000
16.68337500
16.68358300
16.68283300
16.68333400
16.68350000
16.68637500
16.68029100
16.68312500
16.68358400
16.68316600
16.68337500
16.68333400
16.68458300
16.71345800
16.65183400
16.68354100
16.68316700
16.70975000
16.85270800
16.55287500
16.83158400
16.61950000
16.67129100
16.69770900
16.64950000
16.68279100
16.74208400
16.56466600
16.77983400
16.54595800
16.66629200
16.84437500
16.52245800
16.92195800
16.68241700
16.66841700
16.61562500
16.80783300
16.62220800
16.68620900
16.67312500
16.55270800
16.66700000
17.13900000
16.60970800
16.70483400
16.76129100
16.66300000
16.16254200
17.22429200
16.64033300
16.58450000
16.73725000
16.75008300
16.63983400
16.73929100
16.66762500
16.61408400
16.75508300
16.53412500
16.63658300
16.88820900
16.67629100
16.60020900
16.65170800
16.27283300
17.13154200
16.23487500
17.19475000
16.66704200
16.64804100
16.75429200
16.63625000
16.77325000
16.54683300
16.74366700
16.72020800
16.16783400
17.21050000
16.64395800
16.69037500
16.16979200
17.26583300
16.59191700
16.75795800
16.63808300
16.16266700
17.22450000
16.66825000
16.63354200
16.22791600
16.66216700
17.22591700
16.68591600
16.59937500
16.75504200
16.70312500
16.65775000
16.68033300
16.70287500
16.72587500
16.09737500
17.24029200
16.17150000
16.63795800
17.24412500
16.12262500
16.75516700
17.16645800
16.70391700
16.65225000
16.70362500
16.71450000
16.62212500
16.73633300
16.69483400
16.08408300
16.68333300
17.27145900
16.09516600
17.27883400
16.68041600
16.10304200
16.67100000
16.69866700
17.23745800
16.71112500
16.08633300
17.24991700
16.11654200
17.25625000
16.67620800
16.69937500
16.66116700
16.68829100
16.71208400
16.64679100
16.69437500
16.11745900
17.23395800
16.68679200
16.12741600
17.24458400
16.68804100
16.70029200
16.65825000
16.68616700
16.12270800
17.24900000
16.68204200
16.70958300
16.66245800
16.67625000
16.71654200
16.09141700
17.24195800
16.71183300
16.65791700
16.11745800
17.28483400
16.64108300
16.68658300
16.12237500
17.25145900
16.66837500
16.13016600
16.90920900
16.97229100
16.74458400
16.64504100
16.73925000
16.58791700
16.61879200
16.83183300
16.10137500
17.23241700
16.18083300
17.22025000
16.29012500
17.08691700
16.68370800
16.65216700
16.11875000
17.26333300
16.66700000
16.71662500
16.65179200
16.68800000
16.70366600
16.09250000
17.25345900
16.71120800
16.65391700
16.69350000
16.70458300
16.65933300
16.68091700
16.71166700
16.65408300
16.67933300
16.72150000
16.07679200
17.24320800
16.72587500
16.20125000
17.14000000
16.69404200
16.67054200
16.66829100
16.12354200
17.23616700
16.13020800
16.68345800
16.68350000
16.68354200
16.68295800
17.24458400
16.70095800
16.68412500
16.64612500
16.74029200
16.18741600
17.13241700
16.13079200
16.68333300
17.24545800
16.71491700
16.08966700
17.24662500
16.11983300
16.71283300
17.20412500
16.73475000
16.67675000
16.65079200
16.69804200
16.67179100
16.67745900
16.30220800
17.06816700
16.68908300
16.70025000
16.65558300
16.35329200
17.05495800
16.58575000
16.73695900
16.56329100
16.24741700
17.22937500
16.58854200
16.73458300
16.57450000
16.28962500
17.23600000
16.66404200
16.71870800
16.67066700
16.62083300
16.77862500
16.61883300
16.16141700
17.26391700
16.60391600
16.71279200
16.21379200
17.18104100
16.69191700
16.67658300
16.68754200
16.66729200
16.48520800
16.35187500
16.66158300
16.87458400
16.95604100
16.81379200
16.08916700
17.23808300
16.72058300
16.67379200
16.65504200
16.72383300
16.59183300
16.69516700
16.16850000
17.27225000
16.51575000
16.86179200
16.66245800
16.64604200
16.66762500
16.55725000
16.28562500
17.27550000
16.43025000
16.89683300
16.64729200
16.63929100
16.20854200
16.76070800
17.15750000
16.57650000
16.23845900
17.16300000
16.61720800
16.56966700
16.70245800
16.81920800
16.49008400
16.42191600
17.19816700
16.55604200
16.64941600
16.80620900
16.65975000
16.75095800
16.65704200
16.70175000
16.67829100
16.67037500
16.69233400
16.65129100
16.76345900
16.61741600
16.65191700
16.75445800
16.69866700
16.65745800
16.68245900
16.18241600
16.66991700
17.27579200
16.53175000
16.75108300
16.64591700
16.71366600
16.63295900
16.23212500
17.28141600
16.08587500
17.27987500
16.59120900
16.69266600
16.52245900
16.85137500
16.65929100
16.75983400
16.10979100
17.24808400
16.65316600
16.68295900
16.14966600
17.24854200
16.65008300
16.70045900
16.67354100
16.41587500
16.98487500
16.54283400
16.24954100
17.19825000
16.65595900
16.61191600
16.65416700
16.53270800
16.44741700
16.96683300
16.39987500
16.68329200
16.97495800
16.87812500
16.59791700
16.73041700
16.64020800
16.72175000
16.68229200
16.76629100
16.57437500
16.66133400
16.78412500
16.18787500
17.26433300
16.38816700
16.91120800
16.64000000
16.68700000
16.20925000
17.27275000
16.51558300
16.26158400
17.26862500
16.58833300
16.62600000
16.66391700
16.26975000
16.68345800
17.25695800
16.14970900
16.65487500
17.26366600
16.49875000
16.74304200
16.21625000
17.23945800
16.55116700
16.75116700
16.66087500
16.21420800
16.68791700
16.67854100
17.25387500
16.72600000
16.58433400
16.16912500
17.29112500
16.65350000
16.68616600
16.10283400
17.25766600
16.10875000
17.26637500
16.67545900
16.68395800
16.14308300
17.22012500
16.68241700
16.55587500
16.80616700
16.65766600
16.75095900
16.64500000
16.67920800
16.11708300
17.24279200
16.12670800
17.29741700
16.06633300
17.29033400
16.68341600
16.63495900
16.15133300
17.26195800
16.65600000
16.68600000
16.50220900
16.28366600
17.22216700
16.47791700
16.93154100
16.57041700
16.64645800
16.67500000
16.68887500
16.83454200
16.10312500
17.29266700
16.62729100
16.42066700
16.39562500
17.19662500
16.52308300
16.94412500
16.11595900
17.21429100
16.71045900
16.64750000
16.40158300
16.63291700
16.88491600
16.78350000
16.70983400
16.68779100
16.68916700
16.71625000
16.65062500
16.67866700
16.72412500
16.64916600
16.68387500
16.44045900
16.92712500
16.40487500
16.38016600
17.27120900
16.71000000
16.31104100
16.65650000
17.08300000
16.68291700
16.06862500
17.30316700
16.68075000
16.66050000
16.18300000
17.20758300
16.65862500
16.70845800
16.67745900
16.66508300
16.22966700
17.13854100
16.09950000
17.09991700
16.85016700
16.68283300
16.08808300
16.68333400
16.68337500
17.30454100
16.65337500
16.68283400
16.70641600
16.65829200
16.68445800
16.70670900
16.65537500
16.68350000
16.09775000
17.26741600
16.69150000
16.09108400
17.27054100
16.11470900
16.66483300
17.26554200
16.68137500
16.71325000
16.58808300
16.72104200
16.72666600
16.51087500
16.83858400
16.70812500
16.65212500
16.69941600
16.69391700
16.67008300
16.70945900
16.58508300
16.71970800
16.72841700
16.61620800
16.71233400
16.65183300
16.16787500
17.25400000
16.71216700
16.68579100
16.63866700
16.72395800
16.68554200
16.07329200
17.29654100
16.65191700
16.67470800
16.66591700
16.71362500
16.09737500
17.18487500
16.64675000
16.21833300
17.23020900
16.47833300
16.35850000
16.66700000
16.68312500
16.76366700
16.92991600
16.45341700
17.00758300
16.64929200
16.72212500
16.70179200
16.24850000
17.16091600
16.19562500
17.18541700
16.60395800
16.73325000
16.71483400
16.56266600
16.76825000
16.66620900
16.23841600
17.25054200
16.10979200
17.23112500
16.60158300
16.67841700
16.57150000
16.51104100
17.05645900
16.55195800
16.26437500
16.68375000
17.24125000
16.58495800
16.23566700
17.17425000
16.57270800
16.78816700
16.62933300
16.70308400
16.71358300
16.60737500
16.75620800
16.63829200
16.70845800
16.63504200
16.46695800
17.03312500
16.58570900
16.68058300
16.64612500
16.39641700
16.55237500
17.25050000
16.72441600
16.64620900
16.11329100
17.29087500
16.65316700
16.68854200
16.67966600
16.68262500
16.68350000
16.71237500
16.24537500
17.09204200
16.71154200
16.65400000
16.67595800
16.72095800
16.65975000
16.68387500
16.60491700
16.75800000
16.67350000
16.64862500
16.15458300
17.25362500
16.71141700
16.65608300
16.71070900
16.68837500
16.64991600
16.71766700
16.07075000
16.68345800
17.29025000
16.41616700
16.90804200
16.56304100
16.23950000
17.14462500
16.71183400
16.80720800
16.46841700
16.89387500
16.65708300
16.66845800
16.71725000
16.56812500
16.71133400
16.77770800
16.64162500
16.69562500
16.71091700
16.65700000
16.68929100
16.70220900
16.07691600
17.25441700
16.71554200
16.07991600
17.26325000
16.71787500
16.64479200
16.68362500
16.10708300
17.25837500
16.12612500
17.27641700
16.07241700
17.25341600
16.72462500
16.65595900
16.66133300
16.72141700
16.65629100
16.17166700
17.22929200
16.65716600
16.69120900
16.69737500
16.66545800
16.58875000
16.19279200
17.25720800
16.12570800
17.28016700
16.64287500
16.72162500
16.68045800
16.65154200
16.71912500
16.07129200
17.26158300
16.10495800
17.29708400
16.65766600
16.63425000
16.73287500
16.67120900
16.67666600
16.68858400
16.64708300
16.75104200
16.61983300
16.58041700
16.78100000
16.54687500
16.84020800
16.74575000
16.39450000
16.92600000
16.71850000
16.29437500
17.03995800
16.50679200
16.74666700
16.22379100
17.24829200
16.33875000
17.03054200
16.62879100
16.70808400
16.53304100
16.63375000
16.91833400
16.57450000
16.81879100
16.66408400
16.61600000
16.16616600
17.11433400
16.60729100
16.90616700
16.42462500
16.97370800
16.40075000
16.83783400
16.43716600
16.87595900
16.83445800
16.10416700
17.20391600
16.65716700
16.71983300
16.41904200
16.99933300
16.54604200
16.84733300
16.07416700
16.68316700
16.68412500
17.24808300
16.36229200
16.51700000
16.69945800
16.88295800
16.69345900
16.80795800
16.65520800
16.65454200
16.68625000
16.79604200
16.19604100
17.23220900
16.52591600
16.71854200
16.57904200
16.36108300
17.07158300
16.81200000
16.73287500
16.59375000
16.74416700
16.69170800
16.64462500
16.72416700
16.74704200
16.65366600
16.68050000
16.71270900
16.66195800
16.67916700
16.15008300
17.21779200
16.09845800
17.29525000
16.66158300
16.70437500
16.68483400
16.65479100
16.71579200
16.68408300
16.65987500
16.32658400
17.06166600
16.65516700
16.71283300
16.68525000
16.65541700
16.70958300
16.68166700
16.66000000
16.70729200
16.65920800
16.09179200
16.68320800
16.80112500
17.15479200
16.09395800
16.68345800
16.89045900
17.09350000
16.06620800
17.26491700
16.10850000
17.25804100
16.68145900
16.10358300
17.27058300
16.32454200
16.61141700
16.52691600
16.68325000
16.83629200
17.10729200
16.10629100
17.29266700
16.30179200
16.48316600
17.26220900
16.58575000
16.74950000
16.71804100
16.65416700
16.67887500
16.65616700
16.70979100
16.69537500
16.70237500
16.65320900
16.71541600
16.67987500
16.65162500
16.11025000
17.29104200
16.65483300
16.71595900
16.67779100
16.07700000
17.29316700
16.68841700
16.65108300
16.71183300
16.68787500
16.64533400
16.70666600
16.65766700
16.66987500
16.21620800
17.14662500
16.69420900
16.71545800
16.64491700
16.68941600
16.11462500
17.24812500
16.67437500
16.12733400
17.24329100
16.68633400
16.71041600
16.66020900
16.68041600
16.71079200
16.66616700
16.67425000
16.12100000
16.68050000
17.24725000
16.71150000
16.64983300
16.69183300
16.70695900
16.66054100
16.23191700
17.15937500
16.64441700
16.70054100
16.70383400
16.09191600
17.27829200
16.64625000
16.69454200
16.11429100
17.27520900
16.65812500
16.45600000
16.94112500
16.65766600
16.67241700
16.72141700
16.08516600
16.68275000
17.28366700
16.65987500
16.69325000
16.66216700
16.67679100
16.71595900
16.66033300
16.67162500
16.12658300
17.23525000
16.66887500
16.73675000
16.64529200
16.69908300
16.71262500
16.65175000
16.68762500
16.70900000
16.08708400
16.75170800
17.21137500
16.08704200
16.68333300
17.27195800
16.66020900
16.11754100
17.27570900
16.61970800
16.68350000
16.72062500
16.49916700
16.75833300
16.69495800
16.47975000
16.83729200
16.74016700
16.62862500
16.82370800
16.12200000
17.06979200
16.65004100
16.79412500
16.75229200
16.35329200
16.83479100
16.80116700
16.63237500
16.84754200
16.66320800
16.53495800
16.49229200
16.81112500
16.71966700
16.56062500
16.81358300
16.43650000
17.02141700
16.60437500
16.68362500
16.42695800
17.02945800
16.65533400
16.57012500
16.79158300
16.22025000
17.19020800
16.62658400
16.69375000
16.65354100
16.74375000
16.18829200
17.12770800
16.68191700
16.75595800
16.63233400
16.64545800
16.84362500
16.26287500
17.07954200
16.71766600
16.08616700
16.68337500
16.68341700
16.70516600
17.23512500
16.70833400
16.63941600
16.68708400
16.71566600
16.65541700
16.17575000
16.66650000
17.03616700
16.29200000
16.68329100
16.68333400
17.27604100
16.50333400
16.84229100
16.45904200
16.83883300
16.74745900
16.54658300
16.65975000
16.84162500
16.66287500
16.13866700
17.24716600
16.69112500
16.11225000
16.68300000
16.68375000
17.24445900
16.66366600
16.72783400
16.65825000
16.66570800
16.72758300
16.64650000
16.69725000
16.71025000
16.54783400
16.79050000
16.69645800
16.10650000
17.23095800
16.72291700
16.64258300
16.69900000
16.69991700
16.67420800
16.67687500
16.70979200
16.65862500
16.67962500
16.72116700
16.65083300
16.68733300
16.48095900
16.87625000
16.68816600
16.71345900
16.64670800
16.69525000
16.70720800
16.63625000
16.72116700
16.67350000
16.10729200
16.68354100
16.68325000
17.24708400
16.71783300
16.08541700
17.24687500
16.56166600
16.70154200
16.71145800
16.19462500
17.28041700
16.51179200
16.69737500
16.84062500
16.58925000
16.77583300
16.66037500
16.66425000
16.73054200
16.65537500
16.12350000
17.26350000
16.63733300
16.66658300
16.73925000
16.65650000
16.12412500
17.27795900
16.33504100
16.90583400
16.57116600
16.75604200
16.25387500
17.25787500
16.67925000
16.67945800
16.69712500
16.67245900
16.67825000
16.72233300
16.64820800
16.68187500
16.72458400
16.64475000
16.68758300
16.71325000
16.65187500
16.68512500
16.71408300
16.64050000
16.71920900
16.69995800
16.65200000
16.70958300
16.68137500
16.07591700
17.29158300
16.68237500
16.65300000
16.64875000
16.74395900
16.65458300
16.10929200
16.68345800
16.91195800
17.05766700
16.08037500
17.26662500
16.70158300
16.65120900
16.69462500
16.70741600
16.42133400
16.91812500
16.70920800
16.64775000
16.67470800
16.73250000
16.64512500
16.68129200
16.69754200
16.66020800
16.70362500
16.70508300
16.08183400
17.25429100
16.69312500
16.66370900
16.67475000
16.72645800
16.64929200
16.68758300
16.11791700
17.24729100
16.68800000
16.68804200
16.67712500
16.12858300
17.25454200
16.66608300
16.11662500
17.27866700
16.41862500
16.35325000
16.93050000
16.59462500
16.73720800
16.78229200
16.80233300
16.67325000
16.75491700
16.62295800
16.69883400
16.65975000
16.70875000
16.72079100
16.68416700
16.59429200
16.28475000
17.23700000
16.55308300
16.76912500
16.62195800
16.68850000
16.63350000
16.28033400
17.23958300
16.12987500
17.19141700
16.62204100
16.71262500
16.64308400
16.76145800
16.45870800
16.87512500
16.67070900
16.69100000
16.20429100
17.24037500
16.58845900
16.72350000
16.68216600
16.18320900
17.17516600
16.56145900
16.76791600
16.65150000
16.75795900
16.63275000
16.67766600
16.24133400
17.26658300
16.10000000
17.23333300
16.68108400
16.56837500
16.25058300
17.22262500
16.57416700
16.67987500
16.25683300
16.68333300
16.68312500
17.09737500
16.27945900
16.67329100
16.68337500
17.09116700
16.85925000
16.49133300
16.65537500
16.91929200
16.52783300
16.80625000
16.70891700
16.43433300
16.33941700
17.10191700
16.80937500
16.57050000
16.58558300
16.34933300
16.68333400
17.27745800
16.45345800
16.35912500
17.22950000
16.54254200
16.70204200
16.70204100
16.67029200
16.66783300
16.82737500
16.35441700
16.98179200
16.69804100
16.10050000
17.25220900
16.70462500
16.60450000
16.17200000
17.27029100
16.62154200
16.71250000
16.48954200
16.69337500
16.38225000
16.96858300
16.32958300
17.23637500
16.43791700
16.45212500
16.80575000
16.48366700
17.24716600
16.47420900
16.32870800
17.22429200
16.70529100
16.67750000
16.67329200
16.69958300
16.65062500
16.70608400
16.64829100
16.71208400
16.13616600
17.26962500
16.59591700
16.73633300
16.66804200
16.67837500
16.70462500
16.67812500
16.51595800
16.70020900
16.42204100
16.81966700
16.89075000
16.52958300
16.35804200
17.20433300
16.59575000
16.67737500
16.67487500
16.78141700
16.59725000
16.71354200
16.68920800
16.56987500
16.79375000
16.58800000
16.31391700
17.23545800
16.56495800
16.63658400
16.83287500
16.64116600
16.65450000
16.65612500
16.72862500
16.55804200
16.79700000
16.59479200
16.73945800
16.69383300
16.72000000
16.66679200
16.68666700
16.67600000
16.67079100
16.38029200
16.97966700
16.45391600
17.07887500
16.39891700
16.93370800
16.10437500
17.28062500
16.65204200
16.72729200
16.65775000
16.67420800
16.10808300
16.97275000
16.96641700
16.70970800
16.66575000
16.68425000
16.71529200
16.65379200
16.10233300
17.28083300
16.65854200
16.68012500
16.71716700
16.07712500
16.82845800
17.15133300
16.64925000
16.68970900
16.70054100
16.65954200
16.39854200
16.75058300
16.49270800
16.72595900
16.94900000
16.48645800
16.81337500
16.58579200
16.64595800
16.87000000
16.50308300
16.54129200
17.02550000
16.69970800
16.65716700
16.66670800
16.66291700
16.24575000
16.68320800
17.25254200
16.54900000
16.24862500
17.21908300
16.14758400
17.15445800
16.52883300
16.76883400
16.35241600
17.05283400
16.68554100
16.24029200
17.25295800
16.65341700
16.59070800
16.61075000
16.89050000
16.54275000
16.82075000
16.68641700
16.71608300
16.65262500
16.68341700
16.71462500
16.06812500
17.26787500
16.70929200
16.66029100
16.68141700
16.70966700
16.65170800
16.69525000
16.70666700
16.66062500
16.68329100
16.70929200
16.65720800
16.68120900
16.71012500
16.65970800
16.68112500
16.71845800
16.65020900
16.68312500
16.71137500
16.06212500
17.29791600
16.68329200
16.06887500
17.29412500
16.07250000
16.68341700
17.29858300
16.66875000
16.66829200
16.70750000
16.68445800
16.65304200
16.10266600
16.97812500
16.66616700
17.01716700
16.67266600
16.08245900
17.29912500
16.65729100
16.26020900
16.51683300
17.26295800
16.21891700
16.58695800
17.24983400
16.67612500
16.68875000
16.12983300
17.23229200
16.64220800
16.14654200
16.68229100
17.29241700
16.51408300
16.24341700
16.68345800
17.26237500
16.10437500
16.68337500
16.68766700
17.26412500
16.66204200
16.70066600
16.11575000
17.27112500
16.65854200
16.68920800
16.71658400
16.65604100
16.59745900
16.45958300
16.93933300
16.14845900
17.21379100
16.49333400
16.85062500
16.47662500
16.93804100
16.58058400
16.75075000
16.65095800
16.25258300
16.62608400
16.68325000
17.17729100
16.67591700
16.59179200
16.28854100
17.27070900
16.09562500
17.28500000
16.08179100
17.22770900
16.59362500
16.39233300
17.04541700
16.39700000
16.44412500
17.23216600
16.57733400
16.67016600
16.68983400
16.58400000
16.76191600
16.69458400
16.69729100
16.54675000
16.79158400
16.59554100
16.81312500
16.76204200
16.58783300
16.82895900
16.40354100
16.81212500
16.78858400
16.56975000
16.85962500
16.62970800
16.49112500
16.93825000
16.07445800
17.25275000
16.72187500
16.66283400
16.63275000
16.76200000
16.64470800
16.71270800
16.07654200
16.68337500
17.28954200
16.68629100
16.60729200
16.75883300
16.07466700
17.26837500
16.31904200
16.99525000
16.73166600
16.70962500
16.61462500
16.72895900
16.09937500
16.69520800
17.24337500
16.65795800
16.71733400
16.66708300
16.73579200
16.64795800
16.68487500
16.10029200
17.25633300
16.11020800
17.29358400
16.07387500
16.83233300
16.93320800
16.44416700
16.52287500
16.68737500
16.67941700
16.68312500
17.20608300
16.16066700
17.23991600
16.37670900
16.89895800
16.53287500
16.86470800
16.63033400
16.70366600
16.72516700
16.63095800
16.68700000
16.69816700
16.28779200
17.15645800
16.54175000
16.66325000
16.76508300
16.70991700
16.62754200
16.74287500
16.65979100
16.66133400
16.73204100
16.66420900
16.19979100
17.29333400
16.68195800
16.65795800
16.70979200
16.07704200
16.67966600
17.29183400
16.65295800
16.10508300
17.29716700
16.64970800
16.68662500
16.71791700
16.64683300
16.68558400
16.71287500
16.65445800
16.68795800
16.70004200
16.65479200
16.68504100
16.10433400
17.26812500
16.67845800
16.70375000
16.08304200
17.25829100
16.70450000
16.58562500
16.75920900
16.72441600
16.64720900
16.10400000
17.29125000
16.65308300
16.68412500
16.11900000
17.24233300
16.69325000
16.70050000
16.65750000
16.66345900
16.27054100
17.11616700
16.10883300
17.29195900
16.65283300
16.67841700
16.72362500
16.65112500
16.71237500
16.68308300
16.65575000
16.50675000
16.63866700
16.46900000
17.14075000
16.65012500
16.69679100
16.70300000
16.66645900
16.68029100
16.70754200
16.65741700
16.38016600
16.78850000
16.86954200
16.68895800
16.71495900
16.65037500
16.14429100
17.26362500
16.64616700
16.68895800
16.23404200
17.12383300
16.62829200
16.76779200
16.64579100
16.20962500
17.20287500
16.60016700
16.73158300
16.72012500
16.35383400
16.97125000
16.48433300
16.83050000
16.73675000
16.71575000
16.65333300
16.68808400
16.71025000
16.65783300
16.71054200
16.67929100
16.07587500
17.29804200
16.68337500
16.65716700
16.70645800
16.68625000
16.65750000
16.70854200
16.68620800
16.65545800
16.71162500
16.68037500
16.66200000
16.09016700
17.28487500
16.67195800
16.71179200
16.65987500
16.68433300
16.08712500
16.68341700
17.28083300
16.70679200
16.65933300
16.69304200
16.69804200
16.64758300
16.14962500
16.81508300
16.49987500
17.26962500
16.71804200
16.65758300
16.08812500
17.29600000
16.66754200
16.67045800
16.71079200
16.65966700
16.09554100
17.29395900
16.66087500
16.67745800
16.70695800
16.66175000
16.68358400
16.71137500
16.65054100
16.68337500
16.71375000
16.65966700
16.70812500
16.67758300
16.48787500
16.87754200
16.68829200
16.65591600
16.70654200
16.68662500
16.26912500
17.10270800
16.67279200
16.08020800
17.28500000
16.68225000
16.67300000
16.64016700
16.13645800
17.25908400
16.71312500
16.45600000
16.33820800
16.66387500
16.67104200
16.88883300
16.48008300
16.68079200
16.87450000
16.49233300
16.68362500
16.86500000
16.50658400
16.68079100
16.76629200
16.72908300
16.63858400
16.59750000
16.81987500
16.54754100
16.68262500
16.77895900
16.58908300
16.88954200
16.47466600
16.70175000
16.66395900
16.69170800
16.67504200
16.69125000
16.67558300
16.68391700
16.75579100
16.71445900
16.59204100
16.67308400
16.77525000
16.58866600
16.68329200
16.70037500
16.68945800
16.67845900
16.75379100
16.61008400
16.75291600
16.65495900
16.63483300
16.73995800
16.72925000
16.67308400
16.84308300
16.52037500
16.82304200
16.70637500
16.53237500
16.70570800
16.84195800
16.47937500
16.59762500
16.94845900
16.41758300
17.03420800
16.59312500
16.61487500
16.79120900
16.65479100
16.67012500
16.42487500
16.95991700
16.62629200
16.70179100
16.61083400
16.79316600
16.40816700
16.70300000
16.92925000
16.67825000
16.64983300
16.68250000
16.74116700
16.66654200
16.54337500
16.81854100
16.67041700
16.62370800
16.78137500
16.39566700
16.96866700
16.65350000
16.42750000
16.92666600
16.66233400
16.73645800
16.59029200
16.50075000
17.01866600
16.56325000
17.06191700
16.56400000
16.20945800
17.27820900
16.55779100
16.21370900
17.26704100
16.61637500
16.57095900
16.27887500
17.24183300
16.60504200
16.70845800
16.64383300
16.72229200
16.67029200
16.67745800
16.76741700
16.60579100
16.19112500
16.68291700
17.28204200
16.65083300
16.11720800
16.68958400
17.25162500
16.66941600
16.72204200
16.65579200
16.13720800
17.25066700
16.65512500
16.68304100
16.71345900
16.66337500
16.67212500
16.72300000
16.65291600
16.68408400
16.70775000
16.65679100
16.69687500
16.60479200
16.74287500
16.11741700
17.27666600
16.65350000
16.70987500
16.09345900
17.24991600
16.62495900
16.66158300
16.76095800
16.71283400
16.69300000
16.64191600
16.71208400
16.09275000
17.25183300
16.32679200
17.04729100
16.67233400
16.11837500
17.02275000
16.38300000
16.64404100
16.68341700
16.68333300
16.88662500
17.03658400
16.69416600
16.72012500
16.58808400
16.73570800
16.13762500
17.24129200
16.52550000
16.26766600
17.24058400
16.67120800
16.73275000
16.61016700
16.72950000
16.71587500
16.65587500
16.66979100
16.66716700
16.69550000
16.69595800
16.70629200
16.65458300
16.44870900
16.95366600
16.65358400
16.69950000
16.09945800
17.25654200
16.70712500
16.67737500
16.65908300
16.71137500
16.68333300
16.66233400
16.69762500
16.69275000
16.64375000
16.71916600
16.08920900
16.68350000
16.77545800
17.14670800
16.70170900
16.70462500
16.22620800
17.11887500
16.71408300
16.63354200
16.68933300
16.72258400
16.08354100
17.24870900
16.70358300
16.10941700
17.14650000
16.50529100
16.78966700
16.76704200
16.72500000
16.15479100
17.25170900
16.23116600
16.56708400
17.24858300
16.72429200
16.65087500
16.68262500
16.11037500
17.25883300
16.10766700
17.28466600
16.08200000
17.25400000
16.11258400
17.25525000
16.68475000
16.70937500
16.08404100
17.27525000
16.69287500
16.66600000
16.70620900
16.68616600
16.65908400
16.70083300
16.68075000
16.66487500
16.70937500
16.67808300
16.08066700
16.68979200
16.67670800
17.26833300
16.68029200
16.71245800
16.65762500
16.69866700
16.67537500
16.66870800
16.70479200
16.08375000
16.68362500
17.28125000
16.09641700
17.24337500
16.70666600
16.66029200
16.68429200
16.70633300
16.66258300
16.67241700
16.71787500
16.64337500
16.68475000
16.71016700
16.66308300
16.67479200
16.72350000
16.63858300
16.68662500
16.70941700
16.10066600
17.23500000
16.71920900
16.66141600
16.11783400
17.28025000
16.64941600
16.12712500
17.26304200
16.65904200
16.69116600
16.11337500
17.25487500
16.69887500
16.67695900
16.67341600
16.11258400
17.25754100
16.67416700
16.72116700
16.67795800
16.65900000
16.70666700
16.66854100
16.67816700
16.70991700
16.66516600
16.65233400
16.73408300
16.64925000
16.68108300
16.70929200
16.31958300
16.94129200
16.66687500
16.70545800
16.18895900
17.27300000
16.56533300
16.39450000
16.95179200
16.63975000
16.76950000
16.56254100
16.76679200
16.73104200
16.64954100
16.58695900
16.68100000
16.69350000
16.80545800
16.58925000
16.75679200
16.52133300
16.87875000
16.65875000
16.61875000
16.25566700
17.23512500
16.45662500
16.86187500
16.65254100
16.69508400
16.66333300
16.69695800
16.68675000
16.71566700
16.18879200
17.22987500
16.63000000
16.75562500
16.65583300
16.58595800
16.35466700
17.12212500
16.11337500
17.27537500
16.28887500
17.08083300
16.68312500
16.54141700
16.50716700
16.40625000
17.23200000
16.71112500
16.66716600
16.12329200
17.28041700
16.08604100
17.23529200
16.73008300
16.56066700
16.78025000
16.64495800
16.62958400
16.76745800
16.64554200
16.65075000
16.75520800
16.61537500
16.75379200
16.53383300
16.85533300
16.66050000
16.68812500
16.70183400
16.59166600
16.74429200
16.71841700
16.65025000
16.42179100
16.97625000
16.08862500
17.24487500
16.37795900
16.99116600
16.70208400
16.10237500
17.24641600
16.71158400
16.68679100
16.64720900
16.71991600
16.67979200
16.65554200
16.69908300
16.65841700
16.69575000
16.70420800
16.68945800
16.65058400
16.71316600
16.68637500
16.08729200
16.68341700
17.01608300
16.49275000
16.54300000
17.24087500
16.68691700
16.12895800
16.67475000
17.24791700
16.73145800
16.63529200
16.68775000
16.11433300
16.69933300
17.22991700
16.66670800
16.69554200
16.69825000
16.70537500
16.64775000
16.68800000
16.11904200
17.24275000
16.67970800
16.65750000
16.15333300
16.68345900
17.27333300
16.67383300
16.66691700
16.71395800
16.65645900
16.30312500
17.08658300
16.66612500
16.69220800
16.70254200
16.64587500
16.71579200
16.69012500
16.64450000
16.13020800
16.67162500
17.23300000
16.73270800
16.67104200
16.65845800
16.72225000
16.68887500
16.07695900
17.28658300
16.08025000
17.25195800
16.69716700
16.38566700
16.96262500
16.71808300
16.61633300
16.71775000
16.71625000
16.65041700
16.11687500
17.27975000
16.66162500
16.67929200
16.71645800
16.65733300
16.68116700
16.71075000
16.65608300
16.68470900
16.71529100
16.65041700
16.69220800
16.70791700
16.65525000
16.68445800
16.71100000
16.66079200
16.68050000
16.70895800
16.65816700
16.68237500
16.71425000
16.65429200
16.68200000
16.70795800
16.65812500
16.70004200
16.67791600
16.08770900
16.69370800
16.67291700
17.26833300
16.09845800
16.68408400
16.69958300
17.14312500
16.72266700
16.73695800
16.69825000
16.69587500
16.65812500
16.70787500
16.08691700
17.25191600
16.42287500
16.42641700
17.20879200
16.67766600
16.67795900
16.68083300
16.70345800
16.66945900
16.68283300
16.71141700
16.64308300
16.68504200
16.71745800
16.66304200
16.68108300
16.13070800
17.23195900
16.34912500
17.03587500
16.09895800
17.25129200
16.58016600
16.67483400
16.74812500
16.16212500
17.24075000
16.34358300
16.99808300
16.56400000
16.75904200
16.66633300
16.70233400
16.62579100
16.25037500
17.23266700
16.63345800
16.63925000
16.22770900
17.13850000
16.22820800
17.24000000
16.57658300
16.64262500
16.64933400
16.78391600
16.56991700
16.78429200
16.21995800
16.68320800
17.21758400
16.61670800
16.73083300
16.58000000
16.65895900
16.64670800
16.84104200
16.67033300
16.69316700
16.67529100
16.72120900
16.60937500
16.44800000
17.06850000
16.07250000
17.25537500
16.50312500
16.71300000
16.26341600
17.23875000
16.71100000
16.65183400
16.18958300
17.20733300
16.63312500
16.75775000
16.21154200
17.11991700
16.71733300
16.51000000
16.83845800
16.62620900
16.73158300
16.67916700
16.64550000
16.72725000
16.68375000
16.71025000
16.65841600
16.69787500
16.08570900
17.26287500
16.70295800
16.69479200
16.58795800
16.77358300
16.07687500
17.26170900
16.10500000
17.28954100
16.56533400
16.80487500
16.68770800
16.63283300
16.11966700
16.68341700
17.24766600
16.72500000
16.66008400
16.66016600
16.54512500
16.75929200
16.56641700
16.91545800
16.55758300
16.19675000
17.27991700
16.66750000
16.67879200
16.71691600
16.64379200
16.69108300
16.10512500
17.25800000
16.10908400
17.25433300
16.49729200
16.88070800
16.70662500
16.09762500
17.24470800
16.13691700
17.22912500
16.68025000
16.70941700
16.66137500
16.67787500
16.10691600
17.26308400
16.68670800
16.70975000
16.65962500
16.70041700
16.69137500
16.65383300
16.70750000
16.67925000
16.67733300
16.69433400
16.68795800
16.63525000
16.72704200
16.68716600
16.65545900
16.71216600
16.07145900
17.26666600
16.71508400
16.68262500
16.06900000
17.28870800
16.66420800
16.68883400
16.70400000
16.64712500
16.10716600
17.29716700
16.07495800
17.26154200
16.30887500
16.96212500
16.59787500
16.88295800
16.08116700
17.25225000
16.45291700
16.84820800
16.18170800
16.68345900
16.95220800
16.43137500
17.26762500
16.49895800
16.45945900
17.09025000
16.45504100
16.87400000
16.24445900
16.55816600
16.68341700
17.28295800
16.42720900
16.83454100
16.61345900
16.77212500
16.75795800
16.50737500
16.68775000
16.80445800
16.58575000
16.81087500
16.52016700
16.84554200
16.59316600
16.25541700
17.19087500
16.13175000
17.23241700
16.70475000
16.67875000
16.14620800
16.65033300
17.14612500
16.79054200
16.65991700
16.26637500
17.16379100
16.65416700
16.67741700
16.72008300
16.07075000
17.26533300
16.71020900
16.65808300
16.68829200
16.71025000
16.64879100
16.69316700
16.70679200
16.65608300
16.68345800
16.70600000
16.66612500
16.68450000
16.70637500
16.65979200
16.67875000
16.71029200
16.65804100
16.68833400
16.69962500
16.66483300
16.68145800
16.71200000
16.65962500
16.67770900
16.71162500
16.06462500
17.28591600
16.08066700
17.27287500
16.70862500
16.67987500
16.66137500
16.71625000
16.67312500
16.66366700
16.70416600
16.34654200
16.99608300
16.70858400
16.67633300
16.65641700
16.71558300
16.68262500
16.08637500
17.27720800
16.09400000
17.24608400
16.10104100
16.69087500
17.26337500
16.71070900
16.65012500
16.67675000
16.71220800
16.08358300
17.25050000
16.11187500
17.25941700
16.68270800
16.10791700
17.23204200
16.71958300
16.09837500
17.26066700
16.10600000
17.28612500
16.66308300
16.11079200
17.27662500
16.65904100
16.68991700
16.70708300
16.07395900
17.25991600
16.71625000
16.08095900
17.25358300
16.71516700
16.65525000
16.11662500
16.69341600
16.66075000
16.68333400
17.10854100
16.62245900
16.85700000
16.58187500
16.66141600
16.70770900
16.70283300
16.22287500
17.26529200
16.53300000
16.70429100
16.71258400
16.72675000
16.55729100
16.84508400
16.49579100
16.82054200
16.68962500
16.58383300
16.68091700
16.78166700
16.61866600
16.74925000
16.69012500
16.60162500
16.72904200
16.69466700
16.68270800
16.63370800
16.78529200
16.55150000
16.75975000
16.65904200
16.66712500
16.72870800
16.71070800
16.15808400
17.22545800
16.60366700
16.61400000
16.82204100
16.66937500
16.50904200
16.86179200
16.73383300
16.65475000
16.70012500
16.68675000
16.63629200
16.53387500
16.78887500
16.21012500
17.28495800
16.53516700
16.79154100
16.70370900
16.67962500
16.61404100
16.73883400
16.65808300
16.61525000
16.75166700
16.68437500
16.68683300
16.59333300
16.47708400
16.43891600
17.01787500
16.34566700
16.70133300
17.23220900
16.63354100
16.68966700
16.66625000
16.65916700
16.20091600
17.28729200
16.57962500
16.76075000
16.12125000
17.23254200
16.65620800
16.70116700
16.71108300
16.67650000
16.37104200
16.99554100
16.69295900
16.70708300
16.65208300
16.67262500
16.72537500
16.08808400
17.24804100
16.71170900
16.65845800
16.10058300
17.29175000
16.07479200
16.68775000
17.28200000
16.66641700
16.69954100
16.69183400
16.65233300
16.71529200
16.68445800
16.65387500
16.70495800
16.68691700
16.64687500
16.71895800
16.68204200
16.07875000
17.28925000
16.69095800
16.64816700
16.70700000
16.07912500
16.68345800
17.29562500
16.66083400
16.68375000
16.69704100
16.07950000
17.26954200
16.70854200
16.64479100
16.68704200
16.72058300
16.64866700
16.68537500
16.71866700
16.64083300
16.68575000
16.72020800
16.07016700
17.24800000
16.73070800
16.65812500
16.09625000
17.28833400
16.64904100
16.67945900
16.71429100
16.66166700
16.68475000
16.11941700
17.24608300
16.67887500
16.72091700
16.65304100
16.10425000
17.28945900
16.07754100
17.28470900
16.68858300
16.66395800
16.10279200
17.28366700
16.65825000
16.70579100
16.69312500
16.49987500
16.25258400
17.28833300
16.65812500
16.71408300
16.67866700
16.65595800
16.71712500
16.67900000
16.65408400
16.18712500
17.18337500
16.68029100
16.71329200
16.65429200
16.68141600
16.71854200
16.65862500
16.68662500
16.70741700
16.06654100
17.27537500
16.70637500
16.66379200
16.68054200
16.71066600
16.65166700
16.68466700
16.71270800
16.65500000
16.68441700
16.70345800
16.65779200
16.69287500
16.08741600
17.26970900
16.69145800
16.70662500
16.64945800
16.31787500
17.07737500
16.66083400
16.09345800
17.29629200
16.66425000
16.09554100
17.29133400
16.06912500
17.30387500
16.68220800
16.64879200
16.70795800
16.68533300
16.09975000
17.26166700
16.07750000
17.26908300
16.70666700
16.68712500
16.65483300
16.71620900
16.66937500
16.67195800
16.70083300
16.48087500
16.85312500
16.70762500
16.66175000
16.68583400
16.71837500
16.64450000
16.68600000
16.68066600
16.68204200
16.68387500
16.71133300
16.59954200
16.73904200
16.70775000
16.65508300
16.10966700
17.28770800
16.17083300
16.59150000
17.29000000
16.65820900
16.68391600
16.11775000
17.24037500
16.61762500
16.78016700
16.65016700
16.63170800
16.76916700
16.54841600
16.77295900
16.13329100
16.67316700
17.08379200
16.28550000
16.68141600
16.68312500
18.39491700
14.97912500
16.67537500
17.05904200
16.30745800
16.68370800
16.82804200
16.68241700
16.54554100
16.67670900
17.06487500
16.52862500
16.45679100
16.68295900
16.68379100
17.05204200
16.49150000
16.83354200
16.62087500
16.82012500
16.57779100
16.56750000
16.82733400
16.69520800
16.61650000
16.68366700
16.41341600
16.94554200
16.72354200
16.60766600
16.70758400
16.61812500
16.83958300
16.65595800
16.57116700
16.80295800
16.61162500
16.77462500
16.65354200
16.65066700
16.73095800
16.70504200
16.57795800
16.73975000
16.55791700
16.83787500
16.67558300
16.74579200
16.52241600
16.83129200
16.67012500
16.63612500
16.74033300
16.66458400
16.65737500
16.94787500
16.67904100
16.60587500
16.72537500
16.69937500
16.66158400
16.72950000
16.66112500
16.67079100
16.60862500
16.68583400
16.59025000
16.29912500
16.68841600
16.97941700
16.54470800
16.73754200
16.46362500
17.06500000
16.60745800
16.71083400
16.57987500
16.71116600
16.79166700
16.63379200
16.69183300
16.70441700
16.71308300
16.63454200
16.35645800
17.27400000
16.62066700
16.15679100
17.26770900
16.09725000
17.23412500
16.72708300
16.63300000
16.69820800
16.70629200
16.32129200
17.01404100
16.68245900
16.13750000
16.67908300
17.27241700
16.09445800
16.68308300
17.27233400
16.20466600
17.17208400
16.64654100
16.66854200
16.72804200
16.64554100
16.66883400
16.73195800
16.67833300
16.66829200
16.72050000
16.07770800
17.25054200
16.72275000
16.66283300
16.64879200
16.13216700
17.24691600
16.69591700
16.10666700
17.25750000
16.20675000
17.18483300
16.65325000
16.68133300
16.70800000
16.09204200
17.23020800
16.73283400
16.08687500
17.24666600
16.71616700
16.64837500
16.68712500
16.71237500
16.42916700
16.90566600
16.12241700
16.86308300
16.50195900
17.08308300
16.76758300
16.77183400
16.62266600
16.17170900
17.25633300
16.11691700
16.93370800
16.79625000
16.81683300
16.47737500
16.89508400
16.65975000
16.56070800
16.73670800
16.60675000
16.77329200
16.77254200
16.65733300
16.56695800
16.83212500
16.68279200
16.62466700
16.57233300
16.84037500
16.74008300
16.12425000
17.25095900
16.66983300
16.71166700
16.34270800
16.99537500
16.66808300
16.60887500
16.76091700
16.43591700
16.95229100
16.11016700
16.68337500
17.24070800
16.66291700
16.72041700
16.66754100
16.64737500
16.72554200
16.68000000
16.63225000
16.77004200
16.08654100
17.25512500
16.69358400
16.64850000
16.69695800
16.71541700
16.53654100
16.44225000
17.04708400
16.22654100
17.02720900
16.72312500
16.18791600
17.13925000
16.65487500
16.51775000
17.00441700
16.59854200
16.18466600
17.27420900
16.69100000
16.65620800
16.70566700
16.68258300
16.65625000
16.71450000
16.68750000
16.65904200
16.70241600
16.08729200
17.26087500
16.10570800
17.27229200
16.67479200
16.70866600
16.66183400
16.68000000
16.71037500
16.66270800
16.67308300
16.71770900
16.65404100
16.11916700
17.26037500
16.66420800
16.67950000
16.70875000
16.66000000
16.67162500
16.71879200
16.64079200
16.70008300
16.11158300
17.23950000
16.69720900
16.71270800
16.65262500
16.69154200
16.71354100
16.10570900
17.22312500
16.69766600
16.66700000
16.67533400
16.70550000
16.66066600
16.68366700
16.71762500
16.65233300
16.12075000
17.28416700
16.64316700
16.12245800
16.68362500
17.24270800
16.71566700
16.09154200
17.23145800
16.71904200
16.69183300
16.65604200
16.71312500
16.69145800
16.28562500
16.53287500
16.82100000
16.49341700
16.68129100
16.68308400
16.68391600
16.68291700
16.68400000
16.68270800
16.68320900
16.68370800
16.89587500
16.47050000
16.68320800
16.68325000
16.68395900
16.68391600
16.68637500
16.67966700
16.68379200
16.69175000
16.67425000
16.68316600
16.68354200
16.70233300
16.66512500
16.72716700
16.63858300
16.71891700
16.64766700
16.68333300
16.68379200
16.68275000
19.90504100
20.62079200
18.71670800
17.35683400
19.04691600
19.17608400
17.39000000
16.00104100
16.17562500
16.08916700
15.74770800
16.51208400
15.01425000
15.34187500
15.16545800
15.70225000
18.60216700
16.59162500
17.96462500
22.15845800
17.82679200
16.75195800
16.80970800
17.23712500
20.05425000
19.29645900
17.70675000
17.49812500
18.00712500
20.58729100
16.58345900
21.13025000
31.79933300
21.38191700
19.94045800
19.37475000
17.60820800
19.16579200
18.17050000
19.68404200
20.17866600
15.46904200
15.04425000
14.06050000
14.05933300
14.07450000
13.79541700
14.03533300
13.97862500
13.72895900
14.07654100
13.91587500
13.70908400
13.54454100
14.25154200
13.71200000
13.61791700
13.68808300
13.87800000
13.84729200
14.03004100
13.55195900
12.45791600
12.01287500
11.99629200
14.49425000
16.68175000
16.68300000
16.68333300
16.68350000
16.68341700
16.68337500
16.68495800
16.68154200
16.69945800
16.66962500
16.68383400
16.68050000
16.68545800
16.71495800
16.64970900
16.74470800
16.90229200
16.43787500
17.05858300
16.56312500
16.65633300
16.71900000
16.74925000
16.58245900
16.72383300
16.70962500
16.65208300
16.67266700
16.39433300
17.04354200
16.48395800
16.52504200
16.72054200
16.69745800
16.63187500
16.68108300
16.91850000
16.68150000
16.65179200
16.77933300
16.38541700
16.68954200
17.08591600
16.61108400
16.56320800
16.73337500
16.69679200
16.67350000
16.77941600
16.65104200
16.67658300
16.35629200
17.04412500
16.60783300
16.73654200
16.74437500
16.59775000
16.69612500
16.67329200
16.36658300
17.12529200
16.58520800
16.33958300
17.10645900
16.57762500
16.70537500
16.71608300
16.57654200
16.79695800
16.64783300
16.55829200
16.97979200
16.76120800
16.09754200
17.22908300
16.69362500
16.12016700
17.23391600
16.46600000
16.76116700
16.80929200
16.65070800
16.67995800
16.74112500
16.66820900
16.13970800
17.23525000
16.69316700
16.68004100
16.68766700
16.71541700
16.08825000
16.70008300
17.25462500
16.66816700
16.67750000
16.71625000
16.65837500
16.70100000
16.09079100
17.25720900
16.70875000
16.68841600
16.65058400
16.11166600
17.29020900
16.65212500
16.71016600
16.68675000
16.65445900
16.71766600
16.07187500
17.26766700
16.09900000
16.69045800
17.25108400
16.71358300
16.66212500
16.09954200
16.86487500
17.08325000
16.68645800
16.70704200
16.66054100
16.68704200
16.70758300
16.57216700
16.76962500
16.71141700
16.06683300
17.11837500
16.41758300
16.91566700
16.82933300
16.74375000
16.42187500
16.91183400
16.71741600
16.36895900
16.67087500
17.01312500
16.65779100
16.67766700
16.71375000
16.65508300
16.68908400
16.70783300
16.65858300
16.69450000
16.70700000
16.65366700
16.71020800
16.68158400
16.09854100
17.26708400
16.68408300
16.65687500
16.70883300
16.06541700
17.27745800
16.08904200
17.30858300
16.65504200
16.70604200
16.68225000
16.65983300
16.70162500
16.07004200
16.68370800
17.29816700
16.06808300
17.28108300
16.70858400
16.65720800
16.08662500
17.29633300
16.07020900
16.77862500
16.58812500
17.27841600
16.67620900
16.71841600
16.65562500
16.67350000
16.71312500
16.06829200
17.27229200
16.70687500
16.66250000
16.09470800
17.13825000
16.66004200
16.82966600
16.70916700
16.66283300
16.66004200
16.73320800
16.12895900
17.19945800
16.71700000
16.65870800
16.24879200
17.14116700
16.07620800
16.68325000
17.29062500
16.65375000
16.71470800
16.07420900
17.26350000
16.71166600
16.68379200
16.07445800
17.28879200
16.68616700
16.11429100
16.70916700
16.61854200
16.82791600
16.57475000
16.66483400
16.66558300
16.68325000
16.68366700
16.70283300
16.86483300
16.48262500
16.68350000
16.69279200
16.67441700
16.68266600
16.68337500
16.68312500
16.68370900
16.68312500
16.68275000
16.88366600
16.58037500
16.77720900
16.82483300
16.35775000
16.89333300
16.65720900
16.78366600
16.39200000
17.06420900
16.62712500
16.60450000
16.70825000
16.75016600
16.57325000
16.81412500
16.58958400
16.67095800
16.75008300
16.72191700
16.32591700
16.68329100
17.10066700
16.50712500
16.77150000
16.70400000
16.52008300
16.69816700
16.69108300
16.73191700
16.74066700
16.72012500
16.58383300
16.76325000
16.69395800
16.66608400
16.65545800
16.67175000
16.66912500
16.74791700
16.60562500
16.77345800
16.68350000
16.62662500
16.74287500
16.64450000
16.66687500
16.72354200
16.70300000
16.33658300
16.67429200
17.01783300
16.34800000
16.96937500
16.68195800
16.66470900
16.41725000
16.68333300
17.05145800
16.65841700
16.71304200
16.55295800
16.81566700
16.47387500
16.88187500
16.66412500
16.62275000
16.41058300
17.11745800
16.58658400
16.52587500
16.87100000
16.64920800
16.61329200
16.97341600
16.70304200
16.63562500
16.75025000
16.61654200
16.71837500
16.63966600
16.36391700
17.04275000
16.11637500
17.13158300
16.71804200
16.66037500
16.34704200
16.55829100
16.68304200
16.93970800
16.58512500
16.72420900
16.49337500
16.67425000
17.08879100
16.30466700
17.06975000
16.50558300
16.44791700
17.08725000
16.42462500
16.95929200
16.26220800
17.11362500
16.53308300
16.97233400
16.11458300
17.25754200
16.54633300
16.85033300
16.54104200
16.78487500
16.11954200
16.82579100
17.10754200
16.62550000
16.74975000
16.10808300
17.29504200
16.64800000
16.11054200
17.28350000
16.65566600
16.70400000
16.69470900
16.65304100
16.71483400
16.67733300
16.65725000
16.70429200
16.69537500
16.65345800
16.35229200
17.03808300
16.65383300
16.70420900
16.60170800
16.74320800
16.71729200
16.68570800
16.64766700
16.12316700
16.66900000
17.26279100
16.71204200
16.63620800
16.69579200
16.10983300
17.26320900
16.68408300
16.10320800
17.03562500
16.33433400
16.68062500
17.22245800
16.71370800
16.68004200
16.11641700
16.68450000
16.68204100
17.09341700
16.62887500
16.82395800
16.63520900
16.72362500
16.65712500
16.22283300
17.21625000
16.61704200
16.72795800
16.54616700
16.30741600
17.22333400
16.63045800
16.72045800
16.17170900
17.27066600
16.08970900
17.10125000
16.25954100
17.22029200
16.61495800
16.69254200
16.20516700
17.25041600
16.72929200
16.67683300
16.65875000
16.70895900
16.68050000
16.65604100
16.71670900
16.68079100
16.65720900
16.13612500
17.23883300
16.68062500
16.71566700
16.64929100
16.67629200
16.71362500
16.65470800
16.68345900
16.71075000
16.65737500
16.68745800
16.71275000
16.66133300
16.68379200
16.70791700
16.65945800
16.08816700
17.30504100
16.63783400
16.69562500
16.71050000
16.65733300
16.09375000
17.29737500
16.65662500
16.68112500
16.71350000
16.65104200
16.67808300
16.72475000
16.65329200
16.09404100
16.77675000
17.16862500
16.69854200
16.65241700
16.26679100
17.14837500
16.07525000
16.68000000
16.90383400
17.07395800
16.07237500
17.29754200
16.67541600
16.65645900
16.10400000
17.28941600
16.64920900
16.11133300
16.87025000
16.49620800
17.29283400
16.65033300
16.68620800
16.71962500
16.64329200
16.68066700
16.42350000
16.94520800
16.68220800
16.10945900
16.68375000
17.25575000
16.71600000
16.07791600
16.68345900
17.29241600
16.65408400
16.68025000
16.71350000
16.20725000
17.12216600
16.71775000
16.64425000
16.69079200
16.71766700
16.65766600
16.57895900
16.81070800
16.65241700
16.69341600
16.70979200
16.65450000
16.12262500
16.66300000
16.70166700
16.69575000
17.24837500
16.66729100
16.10354200
17.28725000
16.66254200
16.69700000
16.63450000
16.64500000
16.72729100
16.73216700
16.08112500
17.28554200
16.69258300
16.58208300
16.75641700
16.09991700
17.24837500
16.72708300
16.56979200
16.75558300
16.72562500
16.64145800
16.68675000
16.72066700
16.64183300
16.68804200
16.72262500
16.65375000
16.10166700
16.68341600
17.26908400
16.68058300
16.70512500
16.07854200
16.68325000
17.28283300
16.66333300
16.66941700
16.61695800
16.75775000
16.64529200
16.66425000
16.65050000
16.19970800
17.27079200
16.59712500
16.69479200
16.68491600
16.47687500
16.82912500
16.23012500
17.17137500
16.68595900
16.71883300
16.73995800
16.70795900
16.59145800
16.74545800
16.71462500
16.35395900
16.40329100
16.69608400
17.26504100
16.61112500
16.63495900
16.81200000
16.08070800
17.29325000
16.07358300
17.25166700
16.11504200
17.26258300
16.54316700
16.40091600
16.97841700
16.62929200
16.89454100
16.38566700
16.89787500
16.76608300
16.47566700
16.86004200
16.71300000
16.32116600
16.43841700
17.24820800
16.13629200
17.24633300
16.40470900
16.95262500
16.57925000
16.78291600
16.30991700
17.06166700
16.72358300
16.64966700
16.67687500
16.72641600
16.64808400
16.68329100
16.21425000
16.57237500
16.68316700
17.28500000
16.22687500
17.12558300
16.47283400
16.76604100
16.79450000
16.63579200
16.16012500
17.27083300
16.54362500
16.58825000
16.78075000
16.23375000
16.92758400
16.81895800
16.68641700
16.53650000
17.01691600
16.63587500
16.69612500
16.72870900
16.52962500
16.79879100
16.57445900
16.71183300
16.77833300
16.67075000
16.64866700
16.17345800
17.27358400
16.62200000
16.71912500
16.11854100
17.17729200
16.72358300
16.61362500
16.72908400
16.71920800
16.72287500
16.60525000
16.60937500
16.37679200
17.06637500
16.71166600
16.51833400
16.44387500
17.10541600
16.57545900
16.73504100
16.74020900
16.67154100
16.53708400
16.76341600
16.65225000
16.75654200
16.16237500
17.27408300
16.58195900
16.19375000
17.26883300
16.58545800
16.78512500
16.55345900
16.22400000
17.26045800
16.65895800
16.62879200
16.64729200
16.79025000
16.37404100
17.01195900
16.64895800
16.65487500
16.70425000
16.68583300
16.66225000
16.70120900
16.65770800
16.72266700
16.68262500
16.67454100
16.14675000
17.25291700
16.48929200
16.73400000
16.83516600
16.61450000
16.71504200
16.12883300
17.22579200
16.68554200
16.54354100
16.36650000
17.14650000
16.13266700
17.18037500
16.66862500
16.74425000
16.69887500
16.12408300
17.21016700
16.57083300
16.26887500
17.26316700
16.61233300
16.17479200
17.27195800
16.64195900
16.72779100
16.51504200
16.73058300
16.76987500
16.65741700
16.61475000
16.81283300
16.57933400
16.73958300
16.73275000
16.68370800
16.65466700
16.71545800
16.68275000
16.65495900
16.71820800
16.67945800
16.66216700
16.70954200
16.66075000
16.68358300
16.70887500
16.64970800
16.68958400
16.71350000
16.63495800
16.70266700
16.10116600
17.26525000
16.68366700
16.71279200
16.64758300
16.68954200
16.71137500
16.66091600
16.66058400
16.72050000
16.65812500
16.10895800
17.28645800
16.65025000
16.68258400
16.53037500
16.84695800
16.68362500
16.70137500
16.65241700
16.11358300
17.28145800
16.08508400
17.25679100
16.11004200
17.24791700
16.71629100
16.67875000
16.65729200
16.71587500
16.68600000
16.65187500
16.71212500
16.68704200
16.60220800
16.75025000
16.69100000
16.65000000
16.70620800
16.66158400
16.11883300
16.68320800
17.27233400
16.65283300
16.71920800
16.65520900
16.67733300
16.71204200
16.65937500
16.68270800
16.72175000
16.63683300
16.69437500
16.70866700
16.10375000
17.22966700
16.71929100
16.30375000
17.03279200
16.72220800
16.64308400
16.67350000
16.57808300
16.74245800
16.73254200
16.66475000
16.65112500
16.71570800
16.69079200
16.67250000
16.69395800
16.14041700
17.23341700
16.65791600
16.15604200
17.24179200
16.19166600
16.61745900
16.68366600
16.68441700
16.68337500
16.68116700
16.68325000
16.68400000
16.71300000
16.65341600
16.68283400
16.68333300
16.68966700
16.67725000
16.81416600
16.74295900
16.65291600
16.68916700
16.73266700
16.60000000
16.72133300
16.51529200
16.71370800
16.84808300
16.71400000
16.57541700
16.77191700
16.47487500
16.68625000
16.68016600
16.68379200
16.69408300
16.81350000
16.54666700
16.68208300
16.68466700
16.67904200
16.68320800
16.68358300
16.68266700
16.68375000
16.68525000
16.68170800
16.68283400
16.68329100
16.68320900
16.68337500
16.68333300
16.68345800
16.68345900
16.68400000
16.68262500
16.69058300
16.68562500
16.68675000
16.66987500
16.70708300
16.67895900
16.67683300
16.67266700
16.68191600
16.68304200
16.69208300
16.88825000
16.77412500
16.74604200
16.62625000
16.65312500
16.72508300
16.61187500
16.72662500
16.70345900
16.66462500
16.63154100
16.83104200
16.56883300
16.75208400
16.33787500
17.03250000
16.65691600
16.71887500
16.54616700
16.77850000
16.64725000
16.40308300
17.05954200
16.43354200
16.91654100
16.62666700
16.72045800
16.63520900
16.46141600
16.61333400
17.05483300
16.59204200
16.40316600
17.05716700
16.60591700
16.38937500
17.03825000
16.69329100
16.31600000
17.03225000
16.70041700
16.63808300
16.67433400
16.73458300
16.65750000
16.58141700
16.79391600
16.61479200
16.74762500
16.64170800
16.67812500
16.71537500
16.64983400
16.70216600
16.68420900
16.67195800
16.54341700
16.83833300
16.54650000
16.88833300
16.58295900
16.75612500
16.62941600
16.65650000
16.72708400
16.63650000
16.76895800
16.45137500
16.87316700
16.69287500
16.65950000
16.66708300
16.72104200
16.68341600
16.64329200
16.75025000
16.64916700
16.65062500
16.74904100
16.33345900
17.10654100
16.53991700
16.40383300
16.97762500
16.70750000
16.69295900
16.79950000
16.23866600
17.27129200
16.09579200
17.23375000
16.71029100
16.53258400
16.78570800
16.70254200
16.55487500
16.82737500
16.51795800
16.79225000
16.71541700
16.61737500
16.74537500
16.71075000
16.70537500
16.62245800
16.62466700
16.64779100
16.25333400
17.25845800
16.53175000
16.76441700
16.66883300
16.76562500
16.63525000
16.71545800
16.68825000
16.65687500
16.66575000
16.68933400
16.65829100
16.76991700
16.61291700
16.71954100
16.64425000
16.63879200
16.76270800
16.66270900
16.34687500
17.05275000
16.68395800
16.55804200
16.69829100
16.80587500
16.43904200
16.90216700
16.66945800
16.68558300
16.14866700
17.28212500
16.52658300
16.80275000
16.61316700
16.70391700
16.71279100
16.73445900
16.57316600
16.74562500
16.71604200
16.62158300
16.72912500
16.66237500
16.68466700
16.71483300
16.65575000
16.64600000
16.76175000
16.65004200
16.64287500
16.75833300
16.09545900
16.68312500
17.27720800
16.68441700
16.61587500
16.17083300
17.26029200
16.64304100
16.72895900
16.63333300
16.66100000
16.76329200
16.53112500
16.27658300
16.63783300
16.68320900
17.15125000
16.70791600
16.63608400
16.74708300
16.63658300
16.79037500
16.67833400
16.72029100
16.65383400
16.68070800
16.71583300
16.65570900
16.68133300
16.71120800
16.66470900
16.68087500
16.71687500
16.63295800
16.69466700
16.62970800
16.74616700
16.58545800
16.81191700
16.65908300
16.68329200
16.70812500
16.66595800
16.67370800
16.72925000
16.40162500
16.93691700
16.70050000
16.06162500
17.29179200
16.68541600
16.39500000
16.97687500
16.68125000
16.66375000
16.10204200
17.29079200
16.65316600
16.10687500
17.27954200
16.07337500
17.29225000
16.13150000
17.21787500
16.70504200
16.65658300
16.68725000
16.09291700
16.68450000
17.27441600
16.69658400
16.66866600
16.67145900
16.71204100
16.47454200
16.44400000
16.52395800
16.68287500
17.26250000
16.71345900
16.65462500
16.11754100
17.27450000
16.65858400
16.68462500
16.71829100
16.06600000
17.25516700
16.12100000
16.67395800
16.68325000
17.29583400
16.65308300
16.69037500
16.09395800
17.26158400
16.64270800
16.71304200
16.62433300
16.72883300
16.12941700
16.81204200
17.15804100
16.60854200
16.15487500
17.27720800
16.10462500
17.18279200
16.69058300
16.56583400
16.81470800
16.66316700
16.68633300
16.67425000
16.17379200
17.23829100
16.12850000
17.27950000
16.57162500
16.74920900
16.63829100
16.72591700
16.66316700
16.73116600
16.60708400
16.75925000
16.67550000
16.11604100
17.25733400
16.10933300
17.25845800
16.63550000
16.69758400
16.69654100
16.71150000
16.10041700
17.25212500
16.61116700
16.54520800
16.40133300
17.17550000
16.53916700
16.25866700
16.68404100
17.29908400
16.52629100
16.76204200
16.75387500
16.56470800
16.73500000
16.66762500
16.65941700
16.79570800
16.57037500
16.72129200
16.75033300
16.59875000
16.73841700
16.71804200
16.66370800
16.67345800
16.10120900
16.70191600
16.66591700
16.69137500
17.24537500
16.11325000
17.16866700
16.65275000
16.22745800
16.69279200
16.67387500
16.81066600
17.16412500
16.58179200
16.72812500
16.66112500
16.66245800
16.17491700
17.29370800
16.58183400
16.75391600
16.67325000
16.62104200
16.72720800
16.65175000
16.69591700
16.15862500
17.27545800
16.58425000
16.76662500
16.62654200
16.73579200
16.68833300
16.70079200
16.08170800
16.68304200
17.28445800
16.65987500
16.68404200
16.70900000
16.08075000
17.26420800
16.71333300
16.64787500
16.71529200
16.68212500
16.07625000
17.29112500
16.68737500
16.65008300
16.70791700
16.07991700
17.26204100
16.71054200
16.68562500
16.65154200
16.71345800
16.68695800
16.65062500
16.71537500
16.66929200
16.67575000
16.70791700
16.65608300
16.09787500
17.30450000
16.17345800
16.58229200
16.68366700
17.25020800
16.69337500
16.70504200
16.66787500
16.68025000
16.70162500
16.25445800
16.50354200
17.30766600
16.64662500
16.09775000
16.75716700
17.18704200
16.68387500
16.71520800
16.64425000
16.69583300
16.09770900
17.26304100
16.68487500
16.17870900
17.18512500
16.68400000
16.70737500
16.08029100
17.26095900
16.70495800
16.66175000
16.71229200
16.68233300
16.65679200
16.70812500
16.56537500
16.77966600
16.70883400
16.69270800
16.64712500
16.70379200
16.69341600
16.65954200
16.09550000
17.28554200
16.65879100
16.70741700
16.67791700
16.08704100
17.29345900
16.66604100
16.66812500
16.10620900
17.26679100
16.68208400
16.10070800
17.26541700
16.67512500
16.71766600
16.66050000
16.68187500
16.71241700
16.65550000
16.68487500
16.26787500
17.09487500
16.68425000
16.71425000
16.65208300
16.69195900
16.09112500
17.27933300
16.68525000
16.70441700
16.64791600
16.69362500
16.70708400
16.06570800
17.28300000
16.70770800
16.65754200
16.68383300
16.70354200
16.66004200
16.70687500
16.67933300
16.06837500
17.30037500
16.06658300
17.27966700
16.70325000
16.69258300
16.13466700
17.22708300
16.06237500
17.26166700
16.71900000
16.69220800
16.06045900
17.29712500
16.08066600
17.25800000
16.26791700
17.09970800
16.67316700
16.10700000
17.26758300
16.68591700
16.71279200
16.06675000
16.92379100
17.05758400
16.06900000
16.68295800
16.97433300
16.39241700
17.26291700
16.11391600
17.25216700
16.68466700
16.71120800
16.66295800
16.67658400
16.70787500
16.07762500
17.26233300
16.70445800
16.66670900
16.09987500
17.28537500
16.65741600
16.68558400
16.72095800
16.58925000
16.74604200
16.70662500
16.65054100
16.71583400
16.68787500
16.65345800
16.71283300
16.67575000
16.66012500
16.66987500
16.29308400
16.96316600
16.78954200
16.68120800
16.61108400
16.80304100
16.60858400
16.61995800
16.76816700
16.67708300
16.54145800
16.88387500
16.62966700
16.63362500
16.79283300
16.58770900
16.69504100
16.38466700
16.45208300
17.25766700
16.62833300
16.75458400
16.09275000
17.28754100
16.07900000
17.26370900
16.50712500
16.27920800
17.25300000
16.72345800
16.65983400
16.66108300
16.73612500
16.64412500
16.69200000
16.70270800
16.64379200
16.69637500
16.29866700
17.06354100
16.68512500
16.71633400
16.07391600
17.26683400
16.65191600
16.13120900
17.29483300
16.64483300
16.12800000
17.27125000
16.69325000
16.18475000
17.16562500
16.69450000
16.65533400
16.29666600
17.09729200
16.65279200
16.71454100
16.07329200
17.25033300
16.65137500
16.70920900
16.68204100
16.67529200
16.51783300
16.72587500
16.86195900
16.43200000
16.86783300
16.14270800
17.26100000
16.68545900
16.60912500
16.17791600
17.26258400
16.71420800
16.64975000
16.67887500
16.71854200
16.65308300
16.68254200
16.11645800
16.67925000
17.25150000
16.69012500
16.17879200
17.17745800
16.11616700
17.26100000
16.67487500
16.72091600
16.65550000
16.10333400
17.28958300
16.07529200
16.68320800
17.29258300
16.65554200
16.71050000
16.67616700
16.08191600
16.68333400
17.29312500
16.64962500
16.72041600
16.68050000
16.65633400
16.70108300
16.68825000
16.65233300
16.71408400
16.69112500
16.65662500
16.70820800
16.29458300
17.04229200
16.11945800
17.25225000
16.67545900
16.71075000
16.65766600
16.10250000
17.29554200
16.07095800
16.68350000
16.68345900
16.68337500
17.25929100
16.10812500
16.76354200
16.60345800
18.58716700
16.10970800
15.35379200
16.68275000
16.68345800
16.68333400
23.73562500
26.70175000
20.22658300
15.68412500
17.99341700
81.94925000
75.04083300
15.93562500
42.74054200
15.16633300
15.17083300
14.04779200
14.02645800
14.47166700
14.35045800
14.34920900
14.31429100
14.56212500
14.35950000
14.39420900
14.14741600
14.15975000
16.22025000
18.12562500
17.33362500
17.38100000
16.96212500
17.40141700
16.92308300
16.19183400
16.43379100
16.78120900
16.78658300
16.13862500
17.63154200
17.10904100
14.56333400
14.25979100
13.86337500
13.89733400
13.54445800
16.61891700
18.10275000
17.81554100
15.85633400
14.51083300
14.75037500
14.77895800
14.88854200
14.66454200
14.24895800
14.67487500
14.75187500
14.30908300
14.63008400
15.16012500
13.96004100
16.23000000
14.25937500
15.49766700
14.89637500
17.14808300
13.75466700
14.97220800
13.97562500
15.71837500
14.30975000
17.60508400
18.03283300
15.66170800
14.85687500
16.44350000
17.65679200
14.42291700
16.54775000
13.58408300
13.07816700
13.01591600
14.59891700
16.68316700
16.68320800
16.68354200
16.75195800
16.70141700
16.69391600
16.71279200
16.63941700
16.69245800
16.65654200
16.61816600
16.98395900
16.78141600
16.65675000
16.70316700
16.53791700
16.79541600
16.32441700
17.09466700
16.27191600
17.07445900
16.64583300
16.60933300
16.80570900
16.70508300
16.66000000
16.71683300
16.66687500
16.64716700
16.52462500
16.46100000
17.00633300
16.69858400
16.51387500
16.84716600
16.35220900
16.68283300
16.91245800
16.45454200
16.92150000
16.59337500
16.84325000
16.67004200
16.61025000
16.46054100
16.97054200
16.67062500
16.73479200
16.81016600
16.23066700
17.27683300
16.60016700
16.18775000
17.26462500
16.67241700
16.49875000
16.84358300
16.65525000
16.67866700
16.35008300
17.04183300
16.69091700
16.63350000
16.69716700
16.71250000
16.12912500
17.24170800
16.60237500
16.74770800
16.67441700
16.70587500
16.60291700
16.20791600
16.68350000
17.25670900
16.61379100
16.17979200
16.68304200
17.23625000
16.15304100
17.24037500
16.61079200
16.68312500
16.17654200
16.82158300
17.09604200
16.69204100
16.12375000
17.23091700
16.60991700
16.20891600
17.18516700
16.74266700
16.63200000
16.17370800
17.23816700
16.12883300
16.68283300
17.09987500
16.78662500
16.74400000
16.61154200
16.71104200
16.56512500
16.76170800
16.18770800
17.27404200
16.62641700
16.55541600
16.87445900
16.56587500
16.75233300
16.60850000
16.77995800
16.64570900
16.70304100
16.13037500
17.24770900
16.64100000
16.70658300
16.69812500
16.65787500
16.68300000
16.68258300
16.71216700
16.65987500
16.64912500
16.73091700
16.59550000
16.21850000
17.28445800
16.55183300
16.77066700
16.61508300
16.74545900
16.69370800
16.65445800
16.68612500
16.71487500
16.58283400
16.74937500
16.68891600
16.16154200
17.23658300
16.67104200
16.62416700
16.71495800
16.72929200
16.67704100
16.66695900
16.56783300
16.64654200
16.72358300
16.69991700
16.24616600
17.22391700
16.53904200
16.82450000
16.64704100
16.16200000
16.68341700
17.25133300
16.65191700
16.68366700
16.53062500
16.88829100
16.29462500
17.04208400
16.71425000
16.09300000
17.23950000
16.63866600
16.65258400
16.75791600
16.12816700
17.24541700
16.56362500
16.69845800
16.61529200
16.68033300
16.89558300
16.47625000
16.85500000
16.61558400
16.18795800
17.22762500
16.69395800
16.64950000
16.62645900
16.22429100
17.22583400
16.70025000
16.67091600
16.69025000
16.67687500
16.64454200
16.68320800
16.16966700
17.27400000
16.61062500
16.74320800
16.66462500
16.12483400
17.21145800
16.58241700
16.78695800
16.70112500
16.72683300
16.55462500
16.81383400
16.65966600
16.59083400
16.76854100
16.12729200
16.67558300
17.27170900
16.67775000
16.67108300
16.11783300
17.25041700
16.67912500
16.69633300
16.66445900
16.13525000
17.27458300
16.64812500
16.11325000
16.69354200
17.24662500
16.40045800
16.79191700
16.84437500
16.52120800
16.87779200
16.60245800
16.17170800
17.28275000
16.64450000
16.68362500
16.71229200
16.55891700
16.78066600
16.69970900
16.67891600
16.10870900
17.27150000
16.65845800
16.67875000
16.12450000
17.24241700
16.12420800
17.27233300
16.65725000
16.69429200
16.70016700
16.09295800
17.27412500
16.68845800
16.08712500
17.27583400
16.61062500
16.69975000
16.74833300
16.62883300
16.57445900
16.84016600
16.67670900
16.57383300
16.79929200
16.57666600
16.42345900
16.45545800
17.23900000
16.68133300
16.13729200
16.76879200
17.16258300
16.70237500
16.51520800
16.40433400
17.14229100
16.62808400
16.70779100
16.70808400
16.65245800
16.67254200
16.72804100
16.64437500
16.12220900
17.28454100
16.20245900
16.56341600
16.83095900
17.08191600
16.56637500
16.83225000
16.65479200
16.69400000
16.25654200
16.89004100
16.34304200
17.18695800
16.71595900
16.60641600
16.79625000
16.67216700
16.71762500
16.68029200
16.65720800
16.71958300
16.68287500
16.64662500
16.71316700
16.68045800
16.50045900
16.85137500
16.69975000
16.66912500
16.70604100
16.08020900
17.26416600
16.70487500
16.65925000
16.68020900
16.71287500
16.64795800
16.69470800
16.71312500
16.65429200
16.68095800
16.70950000
16.66258400
16.68604100
16.26479200
16.51491700
16.68320800
17.06108300
16.88079200
16.67195800
16.11970900
16.68337500
17.24741600
16.13520900
16.66720800
17.25629200
16.52550000
16.84558300
16.28625000
16.66654200
17.08762500
16.11570800
17.28150000
16.65941700
16.67975000
16.17895800
17.18504200
16.70241600
16.67908400
16.10029100
16.79591700
16.57091700
16.68325000
16.68387500
17.28004100
16.66283400
16.69262500
16.67083300
16.67450000
16.72295800
16.67545900
16.65533300
16.54908300
16.84420900
16.65366600
16.11854200
16.68312500
17.25329200
16.70858300
16.65170800
16.67625000
16.71662500
16.09312500
17.24583400
16.51016600
16.70520900
16.27225000
17.21116600
16.67175000
16.16704200
17.27670800
16.28779200
17.04262500
16.66908300
16.68470900
16.65212500
16.74220800
16.61070800
16.73858400
16.65983300
16.38237500
17.01512500
16.56983300
16.65566700
16.72383300
16.76816700
16.64441700
16.69200000
16.71104100
16.64495900
16.73979100
16.68737500
16.63458400
16.74900000
16.53800000
16.61729100
16.75200000
16.80129200
16.67704200
16.70650000
16.57891600
16.75687500
16.66579200
16.70725000
16.66758300
16.67187500
16.72987500
16.63512500
16.16204200
17.24183300
16.64979200
16.15879200
17.24441600
16.64670900
16.74008300
16.55516700
16.46816600
17.04216700
16.47416700
16.85433300
16.68283300
16.64408400
16.17500000
16.67270800
17.24412500
16.69075000
16.67775000
16.67933300
16.67829200
16.73262500
16.63595800
16.12745900
16.68325000
17.26483300
16.65466700
16.73845800
16.07591700
17.26445800
16.71570800
16.58258400
16.75433300
16.09912500
16.68350000
17.28837500
16.62545800
16.67195900
16.75662500
16.58779100
16.69479200
16.76604200
16.61158300
16.72000000
16.71916700
16.68625000
16.37370800
16.38133300
17.28787500
16.65870900
16.70945800
16.68112500
16.07958300
17.29095900
16.66454100
16.67154200
16.70920800
16.65516700
16.68937500
16.71308300
16.64525000
16.68533400
16.11404100
17.24741700
16.28975000
17.11662500
16.65295800
16.68870900
16.09937500
16.69133300
17.25054200
16.23158300
16.56458300
17.25650000
16.71175000
16.59595900
16.73587500
16.58895800
16.77458300
16.68525000
16.11300000
17.09862500
16.47266700
17.08312500
16.65416700
16.68091600
16.72129200
16.65304200
16.70125000
16.69379100
16.66545900
16.09237500
17.29679100
16.64987500
16.71166700
16.68383300
16.66883400
16.70300000
16.68187500
16.65275000
16.71050000
16.07416600
17.26500000
16.71141700
16.67837500
16.07875000
17.28091700
16.67808300
16.67745800
16.70258400
16.65645800
16.68050000
16.71766700
16.66345800
16.66725000
16.72112500
16.07112500
17.26120800
16.10529200
17.25533300
16.11108400
16.68391600
17.25670900
16.69158300
16.71075000
16.65891700
16.29625000
17.09483300
16.65362500
16.69100000
16.70270800
16.66400000
16.67933400
16.09995800
17.27508300
16.64058400
16.72329100
16.67879200
16.67800000
16.10416700
17.26408300
16.70245800
16.69183400
16.65341600
16.71579200
16.68258300
16.66154200
16.70854200
16.68850000
16.65304100
16.70391700
16.68533300
16.65683400
16.71358300
16.06845800
17.27704200
16.70625000
16.06670800
17.27525000
16.70829200
16.66487500
16.67762500
16.09066700
17.27708300
16.68525000
16.70075000
16.65954200
16.68658300
16.70125000
16.66175000
16.68429200
16.21612500
17.15045800
16.67979200
16.70791600
16.65987500
16.68233400
16.71362500
16.65316600
16.10804200
16.67241700
16.68337500
17.26966600
16.09687500
17.26095900
16.68354100
16.71537500
16.65041700
16.12116700
17.28270800
16.64700000
16.68404200
16.72129100
16.64425000
16.58741700
16.78858300
16.67254200
16.59325000
16.80008300
16.63379200
16.72937500
16.68537500
16.65970800
16.42625000
16.96620900
16.65941600
16.69791700
16.68879200
16.65491600
16.72037500
16.67712500
16.65954200
16.71400000
16.17304200
16.58525000
17.19591600
16.67675000
16.72037500
16.67875000
16.64620900
16.75870800
16.68266700
16.57329100
16.79320900
16.10737500
17.25679100
16.56441700
16.79379200
16.62733300
16.71250000
16.68495800
16.66812500
16.73679200
16.10508300
17.26229200
16.64300000
16.16475000
17.23766700
16.66720800
16.64383300
16.27075000
17.15758400
16.64550000
16.62350000
16.76687500
16.66504100
16.65925000
16.75083400
16.66125000
16.57845800
16.21916700
17.07137500
16.29766600
16.68100000
16.68654200
16.68554200
16.67791600
16.68383400
16.68333300
16.68391700
23.02150000
21.30775000
22.40904100
12.45300000
12.03912500
11.43170900
14.14341600
16.85841700
16.74379200
16.42454100
16.68541700
16.71779200
16.64658300
16.89245800
16.65116700
16.57870800
16.79329200
16.54991700
16.95116600
16.54612500
16.77633400
16.41108300
18.45600000
14.91062500
16.68329200
16.68295800
16.68391700
16.68320800
16.68295800
16.70004200
16.66812500
16.68316700
16.68308300
16.68262500
16.68291700
16.68354100
16.68345900
16.68354100
16.68387500
16.71020900
16.65591600
16.68329200
16.68329200
16.68358300
16.68708300
17.94066700
15.64108300
16.46516700
16.68245800
16.68300000
16.68441700
16.68229200
16.68470800
16.68525000
17.82945800
15.53420900
17.85483300
16.17454200
19.48979100
18.92904200
16.64575000
19.77550000
21.39283300
14.95862500
17.67158400
14.85229100
14.04183400
14.43954100
15.92604200
13.96750000
17.73083300
18.32187500
18.45970900
19.05858300
17.62375000
14.84391700
14.07662500
14.99595800
14.21933300
15.81508400
16.74404100
15.75691700
16.68333300
16.68391700
16.68279200
16.68387500
16.68662500
16.67995800
16.68300000
16.94770800
16.51020900
16.59220800
16.68325000
16.68329200
16.68341600
16.68329200
16.68341700
16.68345800
16.68895800
16.68204200
16.67870800
16.68333400
16.71954100
16.66883400
16.66158300
16.71995800
16.70900000
16.62108400
16.72579100
16.66287500
16.68108400
16.66350000
16.68725000
16.69141600
17.01075000
16.62191700
16.73070800
16.72204200
16.61508300
16.74683400
16.65875000
16.65029100
16.38175000
16.68316700
16.69054200
16.67612500
16.68754100
16.98704200
16.55170800
16.89133400
16.56241600
16.81691700
16.28625000
17.10870800
16.25808400
17.06320800
16.55537500
16.70458300
16.73400000
16.63870900
16.40429100
17.13012500
16.51845900
16.74162500
16.34316600
17.06966700
16.51945800
16.66291700
16.79812500
16.42750000
17.00641700
16.57425000
16.68208300
16.76900000
16.58816700
16.67808300
16.64262500
16.77933300
16.74162500
16.63375000
16.93987500
16.61425000
16.74945900
16.11629100
17.27575000
16.63208400
16.70770800
16.55362500
16.50766700
16.98204100
16.63275000
16.71725000
16.63720900
16.74541600
16.66245900
16.71450000
16.10533300
17.25079200
16.68970800
16.10912500
17.26987500
16.67408300
16.71129200
16.65816700
16.68000000
16.71358300
16.64929200
16.69112500
16.10370800
16.68258300
17.25808400
16.50383300
16.76554200
16.78516600
16.11020900
17.10004100
16.26079200
17.12862500
16.42666700
16.87454100
16.31491700
16.67254200
17.13566600
16.23054200
16.68387500
16.68516700
16.68195800
16.68500000
16.68041700
16.68604100
16.68100000
16.82145900
16.66712500
16.56187500
16.68354100
16.68370900
16.68241600
16.68454200
16.95258300
16.41587500
16.68120900
16.68154100
16.68345900
17.02695800
16.40945800
16.82437500
16.58850000
16.71925000
16.74929200
16.63562500
16.51491700
16.85504100
16.51304200
16.68154200
16.68250000
16.68600000
16.69033300
16.67604200
16.68058300
16.81716700
16.65016600
16.68745900
16.73308300
16.60925000
16.66970800
16.61920900
16.80820800
16.65445800
16.71679200
16.80683300
16.61720900
16.49354100
16.95204200
16.56787500
16.72500000
16.69233300
16.65975000
16.65791700
16.71916700
16.68366600
16.78845900
16.53145800
16.89037500
16.56416700
16.81420800
16.63050000
16.51112500
16.89645800
16.62358400
16.69337500
16.69112500
16.69054100
16.69783400
16.64370800
16.70137500
16.69016700
16.72558300
16.60500000
16.73637500
16.69270800
16.67691700
16.61804200
16.73291600
16.69379200
16.61591700
16.79258300
16.55045800
16.80641700
16.69562500
16.57391700
16.81050000
16.42266600
16.94708400
16.37066600
16.59987500
16.99679200
16.69383300
16.67020900
16.69466600
16.36125000
16.95129200
16.59179200
16.74470800
16.63362500
16.69845800
16.48012500
16.97912500
16.55604200
16.51491700
17.06875000
16.56200000
16.75545800
16.45933300
16.57112500
17.08066700
16.28862500
17.00695800
16.66920900
16.68600000
16.71766600
16.67337500
16.36116700
17.22437500
16.12662500
16.91800000
16.67333300
16.69633400
16.66904100
16.66637500
16.60975000
16.82025000
16.78066700
16.63025000
16.66895800
16.59616700
16.46925000
17.05395800
16.76125000
16.80204200
16.12866700
17.23054100
16.66395900
16.14316600
17.25433400
16.55370800
16.72945800
16.73495900
16.14420800
16.68295800
17.22900000
16.53420900
16.72208300
16.79416700
16.70000000
16.68020800
16.56529200
16.82033300
16.45920800
16.88750000
16.62654200
16.57429200
16.73633300
16.63166700
16.28958300
17.26475000
16.65829200
16.52270800
16.28758300
17.17587500
16.66716700
16.77104200
16.11912500
16.68345800
17.27479200
16.62695800
16.69025000
16.73404200
16.57120800
16.20387500
17.26420800
16.55616700
16.78983300
16.65970900
16.67875000
16.16512500
17.26150000
16.57533300
16.75170800
16.69637500
16.59858400
16.75816600
16.70887500
16.65745900
16.65104100
16.75929200
16.61583300
16.68545900
16.73175000
16.63400000
16.71195800
16.12491700
17.22925000
16.71312500
16.69912500
16.63625000
16.70562500
16.69979100
16.65958400
16.12012500
17.28304100
16.65712500
16.70083400
16.67983300
16.66129200
16.16358300
16.63733300
17.24229200
16.64795800
16.15979200
17.24275000
16.71504200
16.69633300
16.63395800
16.72595900
16.68245800
16.65062500
16.71150000
16.66500000
16.66541700
16.71983300
16.13975000
17.18625000
16.72141700
16.65416600
16.68833400
16.70595800
16.67337500
16.10504200
17.27508300
16.09162500
16.68354200
17.26900000
16.12608300
17.21870800
16.72995900
16.64441600
16.68412500
16.69954200
16.65895800
16.68283400
16.71795800
16.64970800
16.68129200
16.72554200
16.07825000
17.23866600
16.72200000
16.65470900
16.11795800
16.75900000
17.17387500
16.68016700
16.71875000
16.64629100
16.71754200
16.08816700
16.86312500
17.09150000
16.19829100
16.58025000
17.27470900
16.64350000
16.63537500
16.17945800
17.28329200
16.49045800
16.82987500
16.69950000
16.11450000
17.27987500
16.57870800
16.74475000
16.71458400
16.59658300
16.74529200
16.12275000
16.68329100
17.24816700
16.70920800
16.65008400
16.69383300
16.70583300
16.51495900
16.81733300
16.73087500
16.64133300
16.14004200
16.66500000
17.25579200
16.67433300
16.71979200
16.65170800
16.63454200
16.16412500
17.24979100
16.64304200
16.75450000
16.60404200
16.18183300
17.05916700
16.51441600
17.01583400
16.12712500
17.24241600
16.68391700
16.64445800
16.72537500
16.72175000
16.68612500
16.65420900
16.71225000
16.07950000
17.25295800
16.71383300
16.68745900
16.64795800
16.71945800
16.68641700
16.65516700
16.68883300
16.69920800
16.66212500
16.70820900
16.07812500
17.26366600
16.71450000
16.65775000
16.67837500
16.70870900
16.66370800
16.67654200
16.71191600
16.66641700
16.66720800
16.71166700
16.65512500
16.68000000
16.71625000
16.65933300
16.67775000
16.10800000
16.68350000
17.25133400
16.71350000
16.08954100
17.23700000
16.12512500
17.24925000
16.12591700
17.27929200
16.65362500
16.67508300
16.71204200
16.64329100
16.69975000
16.70545900
16.64025000
16.70441600
16.69016700
16.66841700
16.71854100
16.66787500
16.10004200
16.68312500
16.89933300
16.46754200
16.70245800
17.26550000
16.64391700
16.71079200
16.68654100
16.65533400
16.72208300
16.20545800
16.57358400
17.26883300
16.65029200
16.67625000
16.49266600
16.88329200
16.63941700
16.75433300
16.61191700
16.70729100
16.13320900
17.23895800
16.66275000
16.75325000
16.58587500
16.74283300
16.69333400
16.61437500
16.74058300
16.65487500
16.60808300
16.78225000
16.68337500
16.65695900
16.70950000
16.15945800
17.17904200
16.70333300
16.54291700
16.84258300
16.61966700
16.74162500
16.60483300
16.75425000
16.72820800
16.08262500
17.25204200
16.70029200
16.57729100
16.78483400
16.62195800
16.73100000
16.71070800
16.62479200
16.50837500
16.67975000
16.32379200
17.24383300
16.12254200
17.26925000
16.57537500
16.20558300
16.68312500
16.71045800
16.66550000
17.19891700
16.15862500
16.94620800
16.95408400
16.54345800
16.64950000
16.32462500
17.07516700
16.81720800
16.69604200
16.24200000
17.17875000
16.60483300
16.72875000
16.70908300
16.62854200
16.15150000
17.27887500
16.53325000
16.75491700
16.69545800
16.66504200
16.17266600
17.27533400
16.63091600
16.14362500
16.68387500
17.24345900
16.62162500
16.73483300
16.13270800
17.24237500
16.70850000
16.09920900
17.22850000
16.30891600
16.71050000
17.04304200
16.37487500
16.94295800
16.72933400
16.51608300
16.61125000
16.94995800
16.11495900
17.22650000
16.12700000
17.25254100
16.55383400
16.83283300
16.66208300
16.62337500
16.72054200
16.66129200
16.63866600
16.20425000
16.69366700
17.19795800
16.19254200
16.64920800
17.23320900
16.69495800
16.55920800
16.80562500
16.63087500
16.66750000
16.75366700
16.64758300
16.15733400
17.24854100
16.62258400
16.17904100
17.24225000
16.12445900
16.68879100
17.23300000
16.66662500
16.70270900
16.58804100
16.66195900
16.62641600
16.86279200
16.11962500
17.24370800
16.61862500
16.75550000
16.63308400
16.73662500
16.59650000
16.71329100
16.73225000
16.60879200
16.19491700
17.27575000
16.62579100
16.68375000
16.72845900
16.65283300
16.64050000
16.76337500
16.63966700
16.65958300
16.75854200
16.67483300
16.65120800
16.73337500
16.65258400
16.10975000
16.95637500
16.41045800
17.25125000
16.70537500
16.09320800
16.68329200
17.26912500
16.66687500
16.67008300
16.24320900
16.57745800
17.22104200
16.15550000
17.22283300
16.53912500
16.26787500
16.68383300
17.26220900
16.71875000
16.10862500
17.21933300
16.63016700
16.53979100
16.83745900
16.70679100
16.12666700
17.25358300
16.67445900
16.64870800
16.15670800
17.28270900
16.38695800
16.38025000
17.21645800
16.56716700
16.82604200
16.63329100
16.74033400
16.66741600
16.74995900
16.64504100
16.65745900
16.73441600
16.55716700
16.82083300
16.57529200
16.17583300
17.29395900
16.53500000
16.79879100
16.57654200
16.74037500
16.66370800
16.17475000
17.24662500
16.56233400
16.79712500
16.62445800
16.68745800
16.77870900
16.66691600
16.68608400
16.64662500
16.73162500
16.65408300
16.72583300
16.65533400
16.40604100
16.80912500
16.73620900
16.77895800
16.69375000
16.67216700
16.69012500
16.71304100
16.65529200
16.68058300
16.71208400
16.65520800
16.68158300
16.71766700
16.06816700
17.27320800
16.71008300
16.65641700
16.69375000
16.08312500
17.26358300
16.71804200
16.68783300
16.66029200
16.70554200
16.67720800
16.66558300
16.71145900
16.41275000
16.91970800
16.71275000
16.69066700
16.05783300
16.68375000
17.29795800
16.65308400
16.71312500
16.67487500
16.66837500
16.70537500
16.07041600
17.27329200
16.70904200
16.65612500
16.10312500
16.67495800
16.68345800
17.27225000
16.70645900
16.65791600
16.68166700
16.09845800
16.68329200
16.68333300
16.68333400
16.68350000
17.25975000
16.71733300
16.65254200
16.68604100
16.71545900
16.06870800
16.68366700
17.29225000
16.65341600
16.68470900
16.10312500
17.06191600
16.30554200
17.01212500
16.68200000
16.35929200
31.46804100
12.83270900
16.18879100
11.94258400
10.98004100
16.68783400
16.97566600
16.38637500
17.08825000
16.56716700
16.70250000
16.63154200
16.70200000
16.68445800
16.72537500
16.36587500
16.97637500
16.41775000
16.99075000
16.67579200
16.70454100
16.36104200
16.65670800
17.06058400
16.31175000
16.90250000
16.45866600
16.85608400
16.71962500
16.47395800
16.68445800
16.68254200
16.69466700
16.69287500
16.66320800
16.68408300
16.68512500
16.72291700
16.64087500
16.68320800
16.68350000
16.68320900
16.68283300
16.68362500
16.68325000
16.72104200
16.64633300
16.68295800
16.68304200
16.68341700
16.68370800
16.68433300
16.68216700
16.68287500
16.68366700
16.68354100
16.68312500
16.69120900
16.67558300
16.68320800
16.68454200
16.68504200
16.68041600
16.68395900
16.81600000
21.79141600
19.64733400
22.15620800
25.34754200
22.54679100
17.93400000
23.79008400
19.38708300
19.45854200
22.23312500
17.11029100
14.90212500
15.61433400
14.22637500
14.92320800
14.48545800
14.30145900
14.33050000
14.32762500
14.24162500
14.43787500
15.31891600
14.51862500
15.61145900
14.10312500
15.76483300
16.60754200
15.66187500
16.78791600
17.47158400
15.46200000
13.95779100
13.66083400
13.79666600
13.66250000
13.93020900
13.86062500
16.46337500
16.68408300
16.68283300
16.68320900
16.68383300
16.68291700
17.05987500
24.27712500
15.24933300
14.54975000
13.86545800
15.09854200
16.68337500
16.68320800
16.68337500
16.68333400
16.68333300
16.71041700
16.65620800
16.68308300
16.68375000
16.71570900
16.65125000
16.68275000
16.68325000
16.68354100
16.77058400
16.59637500
16.68270800
16.68341700
16.72870800
16.63808300
16.69875000
16.68075000
16.67787500
16.67600000
16.71166700
16.65487500
16.68733300
17.02583400
16.45641600
16.56379200
16.98062500
16.38637500
17.03737500
16.64070800
16.68958400
16.63279100
16.71204200
16.67525000
16.69066700
16.71391600
16.64845900
16.74062500
16.68679100
16.60233400
16.67554100
16.44912500
16.88900000
16.51750000
16.76612500
16.74291700
16.47250000
17.05062500
16.55050000
16.82612500
16.62558300
16.63308400
16.74587500
16.64504100
16.63683400
16.70183300
16.65129200
16.71487500
16.41808300
16.68333300
17.12304200
16.60466700
16.64087500
16.66125000
16.65504100
16.69237500
16.76637500
16.59041700
16.53516700
16.86437500
16.69733300
16.36895800
17.08245900
16.28433300
16.68400000
17.00287500
16.69420800
16.41687500
16.61895900
16.74054100
16.62916700
16.68004200
16.97400000
16.68379100
16.70816700
16.61854200
16.43200000
17.07466600
16.29212500
16.68329200
16.68325000
16.93887500
16.58670800
16.88325000
16.59316700
16.63700000
16.78016700
16.36450000
17.04612500
16.79670800
16.80841700
16.56666600
16.68466700
16.75379200
16.12670800
17.28804200
16.60079100
16.68033400
16.76608300
16.64154200
16.64008300
16.72450000
16.12550000
17.25408300
16.69583400
16.10029100
17.27812500
16.08808400
17.25275000
16.11416600
17.17004200
16.19633300
17.26345900
16.52683300
16.83829200
16.10475000
17.29304100
16.65366700
16.67429200
16.11233300
17.26212500
16.68287500
16.72141700
16.07066600
16.68537500
17.27995900
16.41887500
16.74654100
16.82012500
16.73237500
16.68033400
16.71337500
16.65520800
16.09737500
17.29083300
16.65920900
16.70137500
16.69512500
16.07008300
17.29933300
16.68387500
16.65558400
16.71008300
16.68075000
16.66112500
16.70791700
16.68550000
16.66241600
16.70383400
16.68520800
16.65850000
16.70675000
16.06558300
17.27533400
16.71145800
16.66333300
16.67966700
16.70716700
16.28854100
17.05466700
16.08675000
16.68354200
16.68370800
17.30208300
16.06420900
16.68304100
16.68366700
16.74766700
17.20770800
16.70700000
16.07075000
16.72433300
17.25137500
16.65212500
16.69029200
16.71108300
16.66295900
16.67341600
16.18908400
17.17437500
16.68916600
16.70608400
16.65325000
16.68487500
16.71504100
16.65370900
16.68937500
16.70754100
16.65737500
16.09787500
17.28716700
16.51416700
16.75820800
16.70395800
16.60937500
16.82712500
16.58829200
16.70916700
16.70729100
16.69845900
16.57345800
16.80687500
16.67216700
16.65770800
16.68458300
16.72079200
16.61025000
16.73645800
16.69716700
16.61870800
16.71704200
16.64787500
16.74387500
16.62466700
16.16912500
17.25862500
16.68308300
16.29025000
17.07175000
16.65845800
16.65841700
16.73516700
16.69770800
16.60495800
16.71779200
16.75162500
16.22412500
17.10520800
16.66587500
16.61004200
16.20054200
17.06412500
16.30191600
16.86075000
17.09745900
16.55304100
16.78383400
16.51470800
16.73116700
16.68920800
16.23625000
17.25150000
16.67712500
16.25183300
17.12608400
16.11029100
17.28229200
16.59820800
16.54583400
16.30729100
16.68295900
17.28720800
16.65275000
16.10991700
17.29370800
16.27225000
17.05312500
16.64983300
16.14791700
16.68308300
17.28529200
16.58683300
16.75325000
16.55179200
16.64091700
16.71754100
16.81441700
16.49587500
16.83837500
16.63179200
16.72687500
16.68775000
16.62470800
16.75258300
16.55912500
16.38183400
17.14366600
16.49320900
16.86120800
16.70754200
16.09579100
17.28737500
16.66316700
16.64600000
16.73575000
16.65058300
16.66175000
16.14145900
17.25016600
16.51220900
16.87820800
16.11012500
17.24191700
16.12512500
17.21716600
16.69825000
16.31091700
17.04983300
16.71100000
16.68445900
16.66133300
16.71883300
16.58625000
16.47083400
16.38862500
17.27600000
16.30566600
16.46679200
16.69991700
16.66691600
17.27804200
16.65825000
16.67570800
16.12116700
17.23545800
16.22212500
17.17804200
16.65733300
16.69379200
16.62875000
16.29366700
17.01850000
16.68570800
16.70045800
16.73445900
16.71254100
16.15495900
16.87312500
17.05220800
16.58491700
16.72737500
16.63170800
16.74604200
16.68725000
16.64933300
16.73583300
16.11312500
16.68320900
17.24300000
16.67833300
16.72545800
16.09300000
16.67675000
17.27825000
16.65770900
16.67454100
16.36816700
16.43800000
17.26245800
16.11041700
16.83625000
16.52900000
16.68054200
63.87645800
36.00370800
41.66666700
13.38425000
28.43100000
12.01445800
10.46312500
10.52400000
10.38079200
10.45770800
10.05608400
9.93445800
10.58412500
10.02112500
10.24245800
10.26337500
10.40291700
10.95800000
10.18987500
10.62995800
16.69625000
17.05654200
16.55791700
16.68329100
16.71733400
16.75116600
16.32000000
17.09116700
16.27566700
17.06741600
16.31279200
17.11870800
16.23416700
17.10458300
16.42279200
16.70725000
16.74275000
16.78900000
16.60612500
16.76745800
16.68720900
16.57133300
16.80145800
16.31712500
16.68345900
17.09800000
16.27050000
16.97125000
16.70983300
16.70866700
16.44091600
16.93420900
16.66037500
16.65116600
16.69204200
16.73983300
16.64150000
16.58866700
16.57850000
16.73708300
16.86637500
16.66370900
16.67279100
16.71554200
16.74020800
16.57870900
16.77479100
16.64475000
16.70970900
16.29366600
17.11691700
16.81016700
16.72116600
16.65058400
16.11783300
16.68329200
17.24162500
16.68379100
16.72266700
16.65445800
16.69583400
16.70504100
16.64804200
16.68854200
16.71533300
16.65125000
16.68829200
16.10495800
17.25804200
16.68350000
16.70966600
16.66470900
16.68108300
16.70558300
16.08462500
17.24508400
16.71500000
16.08633300
17.25337500
16.71195800
16.65350000
16.70679200
16.17583300
16.96995900
16.86158300
16.13487500
16.68354200
17.18983300
16.17733300
16.68716700
16.84158300
16.52266700
16.70766700
16.65695800
17.16787500
16.22812500
16.67325000
16.91916700
16.59975000
16.63695800
16.73866700
16.64341600
16.86279200
16.61695800
16.81866700
16.52912500
16.61666700
16.62833300
16.56904200
16.94075000
16.57320800
16.72616700
16.67408300
16.76970800
16.62600000
16.66233400
16.71425000
16.76295800
16.60741700
16.76637500
16.45954100
16.60287500
16.69037500
16.82366700
16.53500000
16.87575000
16.57291700
16.60133300
16.68354200
16.68262500
