frame,total_ms,cpu_wall_ms,cpu_thread_ms,cpu_idle_ms,cpu_throttle_sleep_ms,cpu_throttle_requested_ms,cpu_throttle_lateness_ms,video_build_ms,present_ms,audio_mix_ms,static_bursts,static_cycles,static_native_dispatches,static_fallback_steps,static_hook_fallbacks,fallback_mfspr,fallback_mtspr,fallback_cache,fallback_dcbst,fallback_dcbf,fallback_dcbi,fallback_icbi,fallback_other,cache_controls,cache_control_dcbst,cache_control_dcbf,cache_control_dcbi,cache_control_icbi
49171,16.540083,16.375330,16.322297,0.000000,0.000374,0.000000,0.000000,0.076583,0.015917,0.833376,641,8106990,128676,0,2,0,2,0,0,0,0,0,0,7208,0,4680,2528,0
49172,16.633833,16.517533,16.440807,0.000000,0.000459,0.000000,0.000000,0.071375,0.013750,0.784459,631,8107484,131437,0,2,0,2,0,0,0,0,0,0,5406,0,3510,1896,0
49173,15.700667,15.557980,15.573023,0.000000,0.000209,0.000000,0.000000,0.085708,0.015709,0.648333,632,8107017,129414,0,2,0,2,0,0,0,0,0,0,5406,0,3510,1896,0
49174,16.069125,15.947463,15.961779,0.000000,0.000375,0.000000,0.000000,0.072250,0.014833,0.657250,640,8122492,129299,0,2,0,2,0,0,0,0,0,0,7208,0,4680,2528,0
49175,16.537500,16.347330,16.348370,0.000000,0.000375,0.000000,0.000000,0.080000,0.021375,1.234583,630,8076421,130046,0,2,0,2,0,0,0,0,0,0,5406,0,3510,1896,0
49176,16.405458,16.258690,16.243915,0.000000,0.000417,0.000000,0.000000,0.084167,0.022250,1.278208,629,8107199,129823,0,2,0,2,0,0,0,0,0,0,5406,0,3510,1896,0
49177,15.522792,15.438177,15.422872,0.000000,0.000375,0.000000,0.000000,0.065583,0.060042,0.466750,641,8122626,129021,0,2,0,2,0,0,0,0,0,0,7208,0,4680,2528,0
49178,17.420250,17.258759,17.249588,0.000000,0.000335,0.000000,0.000000,0.073792,0.027416,0.955292,632,8091707,131551,0,2,0,2,0,0,0,0,0,0,5406,0,3510,1896,0
49179,15.474167,15.406171,15.413850,0.000000,0.000291,0.000000,0.000000,0.081083,0.036375,0.637417,633,8122719,130605,0,2,0,2,0,0,0,0,0,0,5406,0,3510,1896,0
49180,15.590250,15.460147,15.396767,0.000000,0.000542,0.000000,0.000000,0.071041,0.014584,0.968875,641,8122586,128701,0,2,0,2,0,0,0,0,0,0,7208,0,4680,2528,0
49181,15.713291,15.566797,15.542815,0.000000,0.000333,0.000000,0.000000,0.070500,0.040084,0.466667,633,8095575,130189,0,2,0,2,0,0,0,0,0,0,5406,0,3510,1896,0
49182,16.166125,16.128529,16.130061,0.000000,0.000709,0.000000,0.000000,0.132459,0.021375,0.611209,630,8108701,130290,0,2,0,2,0,0,0,0,0,0,5406,0,3510,1896,0
49183,17.044292,16.898796,16.880578,0.000000,0.000583,0.000000,0.000000,0.134667,0.027041,0.295417,640,8117156,128125,0,2,0,2,0,0,0,0,0,0,7208,0,4680,2528,0
49184,17.337083,17.342599,17.343914,0.000000,0.000792,0.000000,0.000000,0.289042,0.050417,0.606000,635,8138167,132170,0,2,0,2,0,0,0,0,0,0,5406,0,3510,1896,0
49185,17.174584,16.906115,16.871588,0.000000,0.000500,0.000000,0.000000,0.142458,0.019792,0.297417,630,8076339,127687,0,2,0,2,0,0,0,0,0,0,5406,0,3510,1896,0
49186,16.733500,16.539708,16.562134,0.000000,0.000376,0.000000,0.000000,0.069208,0.019667,0.903583,636,8099974,128027,0,2,0,2,0,0,0,0,0,0,7208,0,4680,2528,0
49187,15.686208,15.518835,15.505007,0.000000,0.000166,0.000000,0.000000,0.066958,0.038250,0.611042,630,8083510,129091,0,2,0,2,0,0,0,0,0,0,5406,0,3510,1896,0
49188,16.011708,15.880000,15.813992,0.000000,0.000625,0.000000,0.000000,0.084459,0.026041,0.594417,634,8107230,128634,0,2,0,2,0,0,0,0,0,0,5406,0,3510,1896,0
49189,15.700875,15.574210,15.545535,0.000000,0.000416,0.000000,0.000000,0.092709,0.016583,0.655791,639,8122535,128915,0,2,0,2,0,0,0,0,0,0,7208,0,4680,2528,0
49190,15.571875,15.495254,15.504480,0.000000,0.000458,0.000000,0.000000,0.074292,0.044667,0.965667,634,8122702,129720,0,2,0,2,0,0,0,0,0,0,5406,0,3510,1896,0
49191,15.228542,15.148725,15.145195,0.000000,0.000291,0.000000,0.000000,0.106542,0.021166,0.313042,631,8107321,127652,0,2,0,2,0,0,0,0,0,0,5918,0,3510,2408,0
49192,17.779750,17.658204,17.384033,0.000000,0.000332,0.000000,0.000000,0.142417,0.022416,0.629125,637,8107015,127847,0,2,0,2,0,0,0,0,0,0,6696,0,4680,2016,0
49193,15.228917,15.013334,15.001546,0.000000,0.000458,0.000000,0.000000,0.087250,0.027041,0.691250,632,8091879,126350,0,2,0,2,0,0,0,0,0,0,5406,0,3510,1896,0
49194,15.189291,15.089179,15.079380,0.000000,0.000291,0.000000,0.000000,0.073459,0.024791,0.985375,640,8107206,127393,0,2,0,2,0,0,0,0,0,0,7004,0,4536,2468,0
49195,15.026125,14.911495,14.899423,0.000000,0.000416,0.000000,0.000000,0.084209,0.020041,0.643750,633,8122533,128631,0,2,0,2,0,0,0,0,0,0,5610,0,3654,1956,0
49196,14.853584,14.721635,14.729783,0.000000,0.000208,0.000000,0.000000,0.069250,0.015291,0.954625,631,8091936,126106,0,2,0,2,0,0,0,0,0,0,5406,0,3510,1896,0
49197,15.492958,15.381255,15.334573,0.000000,0.000375,0.000000,0.000000,0.081583,0.019625,0.611125,640,8106907,125046,0,2,0,2,0,0,0,0,0,0,7208,0,4680,2528,0
49198,15.089292,14.951124,14.964711,0.000000,0.000291,0.000000,0.000000,0.080500,0.022541,1.071459,631,8107292,129086,0,2,0,2,0,0,0,0,0,0,5406,0,3510,1896,0
49199,16.884750,16.743997,16.577705,0.000000,0.000375,0.000000,0.000000,0.091333,0.030417,0.308167,634,8122827,127170,0,2,0,2,0,0,0,0,0,0,5406,0,3510,1896,0
49200,15.086916,14.938077,14.944922,0.000000,0.000417,0.000000,0.000000,0.065750,0.027667,0.310375,639,8091475,124371,0,2,0,2,0,0,0,0,0,0,7208,0,4680,2528,0
49201,16.080709,15.901996,15.895393,0.000000,0.000376,0.000000,0.000000,0.073666,0.019042,1.179458,628,8091871,127039,0,2,0,2,0,0,0,0,0,0,5406,0,3510,1896,0
49202,16.114500,16.022706,15.984194,0.000000,0.000334,0.000000,0.000000,0.061500,0.041375,0.352834,633,8122706,127429,0,2,0,2,0,0,0,0,0,0,5406,0,3510,1896,0
49203,14.943166,14.858506,14.830752,0.000000,0.000375,0.000000,0.000000,0.088834,0.029375,1.275416,642,8122477,124904,0,2,0,2,0,0,0,0,0,0,7208,0,4680,2528,0
49204,16.781667,16.604484,16.621330,0.000000,0.001041,0.000000,0.000000,0.073958,0.015042,0.475541,631,8091863,127175,0,2,0,2,0,0,0,0,0,0,5406,0,3510,1896,0
49205,15.479125,15.376472,15.397740,0.000000,0.000335,0.000000,0.000000,0.073875,0.019958,0.957751,631,8107386,126467,0,2,0,2,0,0,0,0,0,0,5406,0,3510,1896,0
49206,15.071917,14.921061,14.932535,0.000000,0.000166,0.000000,0.000000,0.057375,0.024333,0.608417,639,8107041,125255,0,2,0,2,0,0,0,0,0,0,7208,0,4680,2528,0
49207,15.090875,14.989883,14.969739,0.000000,0.000416,0.000000,0.000000,0.078000,0.021458,0.791375,633,8107345,127637,0,2,0,2,0,0,0,0,0,0,5406,0,3510,1896,0
49208,16.197541,16.085572,16.066287,0.000000,0.000416,0.000000,0.000000,0.097084,0.031583,0.338458,631,8107252,126300,0,2,0,2,0,0,0,0,0,0,5406,0,3510,1896,0
49209,15.057000,14.906538,14.905055,0.000000,0.000417,0.000000,0.000000,0.072959,0.028916,0.926833,640,8106853,124904,0,2,0,2,0,0,0,0,0,0,7208,0,4680,2528,0
49210,17.033542,16.913459,16.904139,0.000000,0.000249,0.000000,0.000000,0.098458,0.019459,0.477125,634,8122673,129586,0,2,0,2,0,0,0,0,0,0,5406,0,3510,1896,0
49211,15.219167,14.993843,15.008881,0.000000,0.000249,0.000000,0.000000,0.076500,0.029375,0.978542,629,8092051,125708,0,2,0,2,0,0,0,0,0,0,5406,0,3510,1896,0
49212,15.069250,14.967135,14.981514,0.000000,0.000250,0.000000,0.000000,0.071166,0.016000,0.660292,641,8106820,124344,0,2,0,2,0,0,0,0,0,0,7208,0,4680,2528,0
49213,15.604208,15.437853,15.427396,0.000000,0.000292,0.000000,0.000000,0.073208,0.020250,1.113250,632,8091802,127164,0,2,0,2,0,0,0,0,0,0,5406,0,3510,1896,0
49214,15.608250,15.483377,15.484784,0.000000,0.000501,0.000000,0.000000,0.074375,0.019833,0.311541,633,8122705,127867,0,2,0,2,0,0,0,0,0,0,5406,0,3510,1896,0
49215,15.548792,15.477970,15.482237,0.000000,0.000334,0.000000,0.000000,0.098875,0.019333,0.915792,642,8122488,125215,0,2,0,2,0,0,0,0,0,0,7208,0,4680,2528,0
49216,17.741458,17.541145,17.357168,0.000000,0.000417,0.000000,0.000000,0.100167,0.017000,0.291125,631,8092107,127906,0,2,0,2,0,0,0,0,0,0,5406,0,3510,1896,0
49217,16.444083,16.296383,16.268148,0.000000,0.000333,0.000000,0.000000,0.084167,0.019167,0.591000,630,8091681,125497,0,2,0,2,0,0,0,0,0,0,5406,0,3510,1896,0
49218,14.881375,14.789004,14.798429,0.000000,0.000166,0.000000,0.000000,0.071042,0.013292,0.608292,641,8122327,126038,0,2,0,2,0,0,0,0,0,0,7208,0,4680,2528,0
49219,14.760000,14.673672,14.679798,0.000000,0.000375,0.000000,0.000000,0.063875,0.035792,0.654333,633,8122787,128585,0,2,0,2,0,0,0,0,0,0,5406,0,3510,1896,0
49220,13.561875,13.451039,13.467411,0.000000,0.000126,0.000000,0.000000,0.075709,0.019833,1.218709,637,8122425,127081,0,4,0,4,0,0,0,0,0,0,5863,0,3510,2353,0
49221,18.895792,18.688233,18.692037,0.000000,0.000417,0.000000,0.000000,0.077417,0.023208,0.905958,635,8060757,181112,0,0,0,0,0,0,0,0,0,0,7208,0,4680,2528,0
49222,15.508542,15.431005,15.436573,0.000000,0.000334,0.000000,0.000000,0.065833,0.039042,0.623917,635,8128073,142619,0,2,0,4,0,0,0,0,0,0,5406,0,3510,1896,0
49223,15.134541,15.067673,15.086112,0.000000,0.000416,0.000000,0.000000,0.075125,0.035792,0.637958,631,8101809,140189,0,4,0,2,0,0,0,0,0,0,5406,0,3510,1896,0
49224,15.091167,14.959494,14.977160,0.000000,0.000416,0.000000,0.000000,0.064208,0.034792,0.896959,640,8100533,138068,0,2,0,2,0,0,0,0,0,0,7208,0,4680,2528,0
49225,15.647625,15.483264,15.498863,0.000000,0.000291,0.000000,0.000000,0.060875,0.016667,0.627000,631,8098520,141058,0,2,0,2,0,0,0,0,0,0,5406,0,3510,1896,0
49226,16.285750,16.122782,16.125446,0.000000,0.000333,0.000000,0.000000,0.055667,0.011833,0.738792,631,8107070,140506,0,2,0,2,0,0,0,0,0,0,5406,0,3510,1896,0
49227,15.147500,15.106460,15.105374,0.000000,0.000416,0.000000,0.000000,0.077458,0.034792,0.616333,639,8122494,139056,0,2,0,2,0,0,0,0,0,0,7208,0,4680,2528,0
49228,15.288458,15.172705,15.190836,0.000000,0.000249,0.000000,0.000000,0.096584,0.019041,0.751666,634,8122729,140221,0,2,0,2,0,0,0,0,0,0,5406,0,3510,1896,0
49229,15.937250,15.790335,15.796320,0.000000,0.000459,0.000000,0.000000,0.066000,0.039834,0.445166,633,8107110,138405,0,2,0,2,0,0,0,0,0,0,5406,0,3510,1896,0
49230,15.803375,15.610824,15.583669,0.000000,0.000417,0.000000,0.000000,0.078000,0.017959,0.900417,638,8076192,136967,0,2,0,2,0,0,0,0,0,0,7208,0,4680,2528,0
49231,16.012875,15.907843,15.912835,0.000000,0.000126,0.000000,0.000000,0.058167,0.035542,0.610584,633,8122670,140037,0,2,0,2,0,0,0,0,0,0,5406,0,3510,1896,0
49232,16.179667,16.056209,16.051367,0.000000,0.000750,0.000000,0.000000,0.059875,0.011917,1.002126,632,8107255,137501,0,2,0,2,0,0,0,0,0,0,5406,0,3510,1896,0
49233,16.153083,15.989868,15.988499,0.000000,0.000292,0.000000,0.000000,0.071209,0.016208,0.624792,640,8091598,136423,0,2,0,2,0,0,0,0,0,0,7208,0,4680,2528,0
49234,15.810750,15.768116,15.766258,0.000000,0.000250,0.000000,0.000000,0.064542,0.035375,1.235209,634,8138130,140805,0,2,0,2,0,0,0,0,0,0,5406,0,3510,1896,0
49235,16.890959,16.675222,16.619515,0.000000,0.000333,0.000000,0.000000,0.078583,0.020833,0.623375,631,8091974,137713,0,2,0,2,0,0,0,0,0,0,5406,0,3510,1896,0
49236,16.272291,16.110462,16.124364,0.000000,0.000250,0.000000,0.000000,0.093500,0.018000,1.128834,639,8091385,136120,0,2,0,2,0,0,0,0,0,0,7208,0,4680,2528,0
49237,16.112542,15.981649,15.988310,0.000000,0.000251,0.000000,0.000000,0.063625,0.026333,0.626250,634,8122817,140446,0,2,0,2,0,0,0,0,0,0,5406,0,3510,1896,0
49238,16.557333,16.433045,16.455220,0.000000,0.000208,0.000000,0.000000,0.069834,0.027208,1.233001,630,8107163,139152,0,2,0,2,0,0,0,0,0,0,5406,0,3510,1896,0
49239,16.377917,16.263791,16.284998,0.000000,0.000208,0.000000,0.000000,0.064958,0.034750,0.651708,641,8113748,138315,0,2,0,2,0,0,0,0,0,0,7208,0,4680,2528,0
49240,16.960333,16.866832,16.862162,0.000000,0.000374,0.000000,0.000000,0.079000,0.036667,0.899249,633,8116033,139014,0,2,0,2,0,0,0,0,0,0,5406,0,3510,1896,0
49241,16.337334,16.166783,16.169346,0.000000,0.000334,0.000000,0.000000,0.057000,0.026958,0.634833,632,8091770,138333,0,2,0,2,0,0,0,0,0,0,5406,0,3510,1896,0
49242,17.604041,17.500364,17.524964,0.000000,0.000542,0.000000,0.000000,0.067917,0.064750,1.257416,639,8122577,147993,0,2,0,2,0,0,0,0,0,0,7208,0,4680,2528,0
49243,16.232709,16.110228,16.126174,0.000000,0.000290,0.000000,0.000000,0.078875,0.036041,0.910834,632,8107207,147150,0,2,0,2,0,0,0,0,0,0,5406,0,3510,1896,0
49244,16.253875,16.132381,16.115006,0.000000,0.000417,0.000000,0.000000,0.069916,0.047417,0.293959,631,8107346,147070,0,2,0,2,0,0,0,0,0,0,6343,0,3935,2408,0
49245,16.018708,15.866678,15.887742,0.000000,0.000374,0.000000,0.000000,0.066958,0.010709,1.229876,638,8091504,147683,0,2,0,2,0,0,0,0,0,0,6271,0,4255,2016,0
49246,15.855500,15.748495,15.769005,0.000000,0.000167,0.000000,0.000000,0.060583,0.034209,0.619500,633,8122689,147881,0,2,0,2,0,0,0,0,0,0,5406,0,3510,1896,0
49247,15.854792,15.731742,15.736505,0.000000,0.000292,0.000000,0.000000,0.067083,0.034625,1.069125,638,8107450,146361,0,2,0,2,0,0,0,0,0,0,7208,0,4680,2528,0
49248,16.894250,16.702930,16.722355,0.000000,0.000208,0.000000,0.000000,0.061916,0.035917,0.606875,635,8091464,147973,0,2,0,2,0,0,0,0,0,0,5406,0,3510,1896,0
49249,16.651458,16.530675,16.551336,0.000000,0.000292,0.000000,0.000000,0.056792,0.012833,1.791250,631,8107229,147370,0,2,0,2,0,0,0,0,0,0,5406,0,3510,1896,0
49250,16.076250,15.910038,15.909789,0.000000,0.000208,0.000000,0.000000,0.075542,0.014250,0.348875,639,8091592,145480,0,2,0,2,0,0,0,0,0,0,7208,0,4680,2528,0
49251,17.063667,16.987815,16.983176,0.000000,0.000251,0.000000,0.000000,0.068583,0.042750,0.937916,633,8122756,148869,0,2,0,2,0,0,0,0,0,0,5406,0,3510,1896,0
49252,16.674291,16.559884,16.561837,0.000000,0.000417,0.000000,0.000000,0.063042,0.013958,0.302166,630,8107242,146375,0,2,0,2,0,0,0,0,0,0,5406,0,3510,1896,0
49253,16.797375,16.728600,16.717651,0.000000,0.000334,0.000000,0.000000,0.070417,0.048417,1.128167,640,8107028,146158,0,2,0,2,0,0,0,0,0,0,7208,0,4680,2528,0
49254,17.175542,16.989863,16.989661,0.000000,0.000291,0.000000,0.000000,0.097917,0.019375,0.944125,632,8107257,148256,0,2,0,2,0,0,0,0,0,0,5406,0,3510,1896,0
49255,17.124083,16.981579,16.986280,0.000000,0.000417,0.000000,0.000000,0.079250,0.016084,0.290500,632,8107228,146800,0,2,0,2,0,0,0,0,0,0,5406,0,3510,1896,0
49256,17.306084,17.235887,17.236572,0.000000,0.000334,0.000000,0.000000,0.094416,0.031709,1.274875,662,8106699,145502,0,2,0,2,0,0,0,0,0,0,9249,0,4680,4569,0
49257,17.903625,17.737875,17.739423,0.000000,0.000417,0.000000,0.000000,0.084625,0.021125,1.272542,633,8107266,147947,0,2,0,2,0,0,0,0,0,0,5406,0,3510,1896,0
49258,17.144500,17.014251,17.024348,0.000000,0.000334,0.000000,0.000000,0.082625,0.016291,0.634333,633,8107229,147185,0,2,0,2,0,0,0,0,0,0,5406,0,3510,1896,0
49259,16.607625,16.416490,16.434375,0.000000,0.000292,0.000000,0.000000,0.072416,0.013542,1.267583,636,8091742,144819,0,2,0,2,0,0,0,0,0,0,7208,0,4680,2528,0
49260,16.843625,16.757844,16.746467,0.000000,0.000541,0.000000,0.000000,0.084875,0.026875,0.608625,634,8122759,148010,0,2,0,2,0,0,0,0,0,0,5406,0,3510,1896,0
49261,18.285916,18.229527,18.057031,0.000000,0.000750,0.000000,0.000000,0.123792,0.017792,0.592376,634,8122555,146692,0,2,0,2,0,0,0,0,0,0,5406,0,3510,1896,0
49262,16.978459,16.760542,16.761935,0.000000,0.000417,0.000000,0.000000,0.084458,0.032875,0.922875,636,8076118,144630,0,2,0,2,0,0,0,0,0,0,7208,0,4680,2528,0
49263,16.912791,16.834926,16.831999,0.000000,0.000499,0.000000,0.000000,0.076709,0.037500,0.609042,634,8126425,148848,0,2,0,2,0,0,0,0,0,0,5406,0,3510,1896,0
49264,18.445959,18.308032,18.309566,0.000000,0.000500,0.000000,0.000000,0.073750,0.014916,0.985500,632,8103533,146239,0,2,0,2,0,0,0,0,0,0,5406,0,3510,1896,0
49265,17.236291,17.163617,17.145216,0.000000,0.000335,0.000000,0.000000,0.113459,0.020375,1.247958,639,8107071,145609,0,2,0,2,0,0,0,0,0,0,7208,0,4680,2528,0
49266,18.000584,17.818763,17.795120,0.000000,0.000500,0.000000,0.000000,0.079541,0.024084,0.524875,632,8107224,148272,0,2,0,2,0,0,0,0,0,0,5406,0,3510,1896,0
49267,17.888208,17.740298,17.756802,0.000000,0.000584,0.000000,0.000000,0.076875,0.038250,0.955208,634,8107302,146797,0,2,0,2,0,0,0,0,0,0,5406,0,3510,1896,0
49268,17.684625,17.539252,17.547872,0.000000,0.000251,0.000000,0.000000,0.077542,0.019875,1.278541,636,8091561,144878,0,2,0,2,0,0,0,0,0,0,7208,0,4680,2528,0
49269,18.689583,18.558163,18.559661,0.000000,0.000416,0.000000,0.000000,0.083834,0.015291,0.643500,634,8122720,149164,0,2,0,2,0,0,0,0,0,0,5406,0,3510,1896,0
49270,18.472125,18.326758,18.329999,0.000000,0.000292,0.000000,0.000000,0.079834,0.016166,0.961167,632,8107287,146964,0,2,0,2,0,0,0,0,0,0,5406,0,3510,1896,0
49271,16.826292,16.664964,16.664297,0.000000,0.000542,0.000000,0.000000,0.081667,0.014750,1.295375,639,8091530,145001,0,2,0,2,0,0,0,0,0,0,7208,0,4680,2528,0
49272,17.814417,17.709843,17.711868,0.000000,0.000415,0.000000,0.000000,0.069333,0.014208,0.643333,634,8122779,148208,0,2,0,2,0,0,0,0,0,0,5406,0,3510,1896,0
49273,17.302250,17.229039,17.234823,0.000000,0.000541,0.000000,0.000000,0.072083,0.044500,0.603416,633,8119830,147102,0,2,0,2,0,0,0,0,0,0,5406,0,3510,1896,0
49274,16.801666,16.598376,16.596663,0.000000,0.000334,0.000000,0.000000,0.063459,0.041958,0.638750,639,8078938,144831,0,2,0,2,0,0,0,0,0,0,7208,0,4680,2528,0
49275,17.083875,16.981412,16.953403,0.000000,0.000334,0.000000,0.000000,0.071167,0.017500,1.286375,634,8122750,148757,0,2,0,2,0,0,0,0,0,0,5406,0,3510,1896,0
49276,17.128750,17.018757,17.006084,0.000000,0.000375,0.000000,0.000000,0.093750,0.018167,1.300333,633,8107307,145947,0,2,0,2,0,0,0,0,0,0,5406,0,3510,1896,0
49277,17.166834,17.025176,17.041372,0.000000,0.000499,0.000000,0.000000,0.068125,0.016041,0.608333,637,8098661,144797,0,2,0,2,0,0,0,0,0,0,7208,0,4680,2528,0
49278,18.027166,17.900087,17.924167,0.000000,0.000375,0.000000,0.000000,0.085542,0.017000,0.744375,632,8115467,148749,0,2,0,2,0,0,0,0,0,0,5406,0,3510,1896,0
49279,17.947459,17.807455,17.823696,0.000000,0.000417,0.000000,0.000000,0.082500,0.015083,1.098000,632,8107282,146752,0,2,0,2,0,0,0,0,0,0,5406,0,3510,1896,0
49280,17.534291,17.301922,17.318747,0.000000,0.000541,0.000000,0.000000,0.070709,0.013791,0.608916,639,8076105,148171,0,2,0,2,0,0,0,0,0,0,7208,0,4680,2528,0
49281,19.050084,19.034278,19.052649,0.000000,0.000291,0.000000,0.000000,0.073208,0.018125,0.753375,637,8138183,151389,0,2,0,2,0,0,0,0,0,0,5535,0,3510,2025,0
49282,17.355875,17.261048,17.275127,0.000000,0.000249,0.000000,0.000000,0.095208,0.031083,1.188458,633,8107252,144833,0,2,0,2,0,0,0,0,0,0,5406,0,3510,1896,0
49283,18.088541,17.899328,17.914726,0.000000,0.000500,0.000000,0.000000,0.076667,0.015708,0.608958,644,8137757,149298,0,2,0,2,0,0,0,0,0,0,7326,0,4680,2646,0
49284,18.327584,18.212032,18.219559,0.000000,0.000375,0.000000,0.000000,0.080125,0.014666,0.760625,629,8076362,146345,0,2,0,2,0,0,0,0,0,0,5406,0,3510,1896,0
49285,16.338791,16.195203,16.200798,0.000000,0.000292,0.000000,0.000000,0.062084,0.012291,0.775417,635,8153506,147075,0,2,0,2,0,0,0,0,0,0,5642,0,3510,2132,0
49286,17.096250,16.971504,16.976948,0.000000,0.000417,0.000000,0.000000,0.066625,0.030000,0.614166,639,8045293,145255,0,2,0,2,0,0,0,0,0,0,7208,0,4680,2528,0
49287,17.886459,17.745121,17.687826,0.000000,0.000335,0.000000,0.000000,0.076333,0.018000,0.593583,632,8123361,142042,0,2,0,2,0,0,0,0,0,0,5406,0,3510,1896,0
49288,16.720375,16.619866,16.609417,0.000000,0.000582,0.000000,0.000000,0.087708,0.016583,1.058334,633,8106549,139258,0,2,0,2,0,0,0,0,0,0,5406,0,3510,1896,0
49289,16.217041,16.074039,16.060824,0.000000,0.000334,0.000000,0.000000,0.108792,0.019792,0.290167,642,8122456,141696,0,2,0,2,0,0,0,0,0,0,7208,0,4680,2528,0
49290,17.333459,17.202989,17.220778,0.000000,0.000375,0.000000,0.000000,0.090750,0.019208,1.306958,632,8091801,143518,0,2,0,2,0,0,0,0,0,0,5406,0,3510,1896,0
49291,17.217916,17.105452,17.083576,0.000000,0.000415,0.000000,0.000000,0.090917,0.024667,0.614417,634,8107308,138217,0,2,0,2,0,0,0,0,0,0,5406,0,3510,1896,0
49292,17.388000,17.248169,17.254278,0.000000,0.000250,0.000000,0.000000,0.095917,0.047375,0.898459,638,8112089,139675,0,2,0,2,0,0,0,0,0,0,7208,0,4680,2528,0
49293,19.678000,19.556577,19.016860,0.000000,0.000458,0.000000,0.000000,0.082250,0.051459,0.607291,632,8117606,140801,0,2,0,2,0,0,0,0,0,0,5406,0,3510,1896,0
49294,17.851250,17.668484,17.663946,0.000000,0.000875,0.000000,0.000000,0.076792,0.027417,0.631375,630,8091814,139871,0,2,0,2,0,0,0,0,0,0,5406,0,3510,1896,0
49295,17.005167,16.862783,16.861342,0.000000,0.000417,0.000000,0.000000,0.072958,0.049459,0.775666,643,8091530,142316,0,2,0,2,0,0,0,0,0,0,7523,0,4680,2843,0
49296,17.121000,17.025410,17.018324,0.000000,0.000375,0.000000,0.000000,0.083792,0.015708,0.965668,635,8122623,148256,0,2,0,2,0,0,0,0,0,0,5577,0,3510,2067,0
49297,17.040167,16.917629,16.922212,0.000000,0.000293,0.000000,0.000000,0.081416,0.028334,0.413208,632,8107225,143768,0,2,0,2,0,0,0,0,0,0,5406,0,3510,1896,0
49298,16.730833,16.559762,16.544463,0.000000,0.000334,0.000000,0.000000,0.113708,0.016334,0.939292,639,8091615,140454,0,2,0,2,0,0,0,0,0,0,7208,0,4680,2528,0
49299,16.488208,16.406845,16.338443,0.000000,0.000293,0.000000,0.000000,0.075334,0.015208,0.323542,639,8153503,140127,0,2,0,2,0,0,0,0,0,0,5551,0,3510,2041,0
49300,17.236042,17.091083,17.105322,0.000000,0.000417,0.000000,0.000000,0.068792,0.022791,0.946250,636,8076462,142400,0,2,0,2,0,0,0,0,0,0,7220,0,4536,2684,0
49301,18.237167,17.992543,18.003572,0.000000,0.000500,0.000000,0.000000,0.079791,0.019959,1.137583,636,8075885,145218,0,2,0,2,0,0,0,0,0,0,5925,0,3654,2271,0
49302,18.483500,18.512179,18.521809,0.000000,0.000542,0.000000,0.000000,0.078666,0.038000,0.762958,636,8152013,150522,0,2,0,2,0,0,0,0,0,0,5577,0,3510,2067,0
49303,17.521250,17.364699,17.372364,0.000000,0.000335,0.000000,0.000000,0.074625,0.032041,0.875209,639,8093223,144257,0,2,0,2,0,0,0,0,0,0,7208,0,4680,2528,0
49304,16.468708,16.356547,16.366640,0.000000,0.000582,0.000000,0.000000,0.079042,0.038708,0.976125,632,8122583,143282,0,2,0,2,0,0,0,0,0,0,5406,0,3510,1896,0
49305,16.853458,16.667737,16.684985,0.000000,0.000374,0.000000,0.000000,0.106334,0.019166,0.475292,633,8107345,141090,0,2,0,2,0,0,0,0,0,0,5406,0,3510,1896,0
49306,19.079292,18.976149,18.957765,0.000000,0.000543,0.000000,0.000000,0.110083,0.025750,0.956499,639,8091591,144069,0,2,0,2,0,0,0,0,0,0,7208,0,4680,2528,0
49307,16.644792,16.522357,16.542904,0.000000,0.000458,0.000000,0.000000,0.089916,0.020959,1.296167,635,8125525,143793,0,2,0,2,0,0,0,0,0,0,5535,0,3510,2025,0
49308,17.070625,16.883515,16.871586,0.000000,0.000541,0.000000,0.000000,0.082125,0.031958,0.638166,630,8073425,144338,0,2,0,2,0,0,0,0,0,0,5406,0,3510,1896,0
49309,17.402833,17.254127,17.272559,0.000000,0.000502,0.000000,0.000000,0.075792,0.019250,1.314042,640,8122448,144785,0,2,0,2,0,0,0,0,0,0,7208,0,4680,2528,0
49310,17.867167,17.729537,17.748839,0.000000,0.000333,0.000000,0.000000,0.070291,0.021292,0.633625,631,8091832,162627,0,2,0,2,0,0,0,0,0,0,5406,0,3510,1896,0
49311,17.306833,17.233789,17.218570,0.000000,0.000250,0.000000,0.000000,0.085375,0.026333,1.136500,632,8120303,143666,0,2,0,2,0,0,0,0,0,0,5406,0,3510,1896,0
49312,16.460333,16.313327,16.309035,0.000000,0.000333,0.000000,0.000000,0.075584,0.020500,0.965625,639,8109433,142658,0,2,0,2,0,0,0,0,0,0,7208,0,4680,2528,0
49313,16.321625,16.184164,16.188380,0.000000,0.000376,0.000000,0.000000,0.077000,0.020750,0.637208,633,8107247,144343,0,2,0,2,0,0,0,0,0,0,5406,0,3510,1896,0
49314,16.292667,16.194007,16.193510,0.000000,0.000292,0.000000,0.000000,0.073792,0.027625,0.961167,632,8107258,143533,0,2,0,2,0,0,0,0,0,0,5406,0,3510,1896,0
49315,16.362833,16.254507,16.264458,0.000000,0.000250,0.000000,0.000000,0.068167,0.047917,0.310250,641,8122500,143634,0,2,0,2,0,0,0,0,0,0,7208,0,4680,2528,0
49316,16.201542,16.014465,16.002284,0.000000,0.000459,0.000000,0.000000,0.072458,0.021500,0.974334,633,8093906,144421,0,2,0,2,0,0,0,0,0,0,5505,0,3510,1995,0
49317,16.566458,16.371585,16.347004,0.000000,0.000458,0.000000,0.000000,0.068417,0.014167,0.638250,631,8074199,147319,0,2,0,2,0,0,0,0,0,0,5506,0,3510,1996,0
49318,17.554792,17.550219,17.498582,0.000000,0.000417,0.000000,0.000000,0.076875,0.013625,0.939834,649,8199835,149060,0,2,0,2,0,0,0,0,0,0,7444,0,4680,2764,0
49319,17.498292,17.333933,17.349677,0.000000,0.000416,0.000000,0.000000,0.072041,0.013875,0.940208,625,8060808,149245,0,2,0,2,0,0,0,0,0,0,5406,0,3510,1896,0
49320,16.300875,16.464499,16.460047,0.000000,0.000375,0.000000,0.000000,0.086625,0.271791,0.526542,636,8169073,141547,0,2,0,2,0,0,0,0,0,0,5406,0,3510,1896,0
49321,17.402083,17.031796,16.933932,0.000000,0.000334,0.000000,0.000000,0.076542,0.020833,0.945291,634,8029756,140198,0,2,0,2,0,0,0,0,0,0,7208,0,4680,2528,0
49322,16.553458,16.410799,16.373469,0.000000,0.000292,0.000000,0.000000,0.075459,0.020500,0.460375,631,8107241,145187,0,2,0,2,0,0,0,0,0,0,5406,0,3510,1896,0
49323,17.361917,17.330652,17.341072,0.000000,0.000333,0.000000,0.000000,0.093958,0.077542,0.778583,635,8138077,147329,0,2,0,2,0,0,0,0,0,0,5506,0,3510,1996,0
49324,17.503833,17.281136,17.251166,0.000000,0.000417,0.000000,0.000000,0.083125,0.014959,1.089542,638,8065253,145992,0,2,0,2,0,0,0,0,0,0,7208,0,4680,2528,0
49325,16.681584,16.540890,16.542614,0.000000,0.000334,0.000000,0.000000,0.077291,0.023375,0.637709,631,8118191,145345,0,2,0,2,0,0,0,0,0,0,5406,0,3510,1896,0
49326,18.820916,18.744836,18.726289,0.000000,0.000416,0.000000,0.000000,0.113667,0.047792,1.598666,633,8122691,144470,0,2,0,2,0,0,0,0,0,0,5406,0,3510,1896,0
49327,17.788167,17.577629,17.537657,0.000000,0.000416,0.000000,0.000000,0.082250,0.022667,0.942791,640,8091631,143198,0,2,0,2,0,0,0,0,0,0,7208,0,4680,2528,0
49328,16.402917,16.358456,16.370638,0.000000,0.000332,0.000000,0.000000,0.148166,0.040000,0.613167,630,8122578,143555,0,2,0,2,0,0,0,0,0,0,5406,0,3510,1896,0
49329,16.272625,16.074811,16.061593,0.000000,0.000251,0.000000,0.000000,0.072208,0.033458,1.300542,637,8138151,143322,0,2,0,2,0,0,0,0,0,0,5622,0,3510,2112,0
49330,16.973541,16.823966,16.841496,0.000000,0.000209,0.000000,0.000000,0.078667,0.014667,0.464708,638,8060598,145456,0,2,0,2,0,0,0,0,0,0,7208,0,4680,2528,0
49331,16.336959,16.214747,16.234216,0.000000,0.000416,0.000000,0.000000,0.074208,0.017500,0.944876,631,8107278,144227,0,2,0,2,0,0,0,0,0,0,5406,0,3510,1896,0
49332,16.721708,16.613459,16.560623,0.000000,0.000334,0.000000,0.000000,0.069958,0.029542,0.669542,633,8107232,144015,0,2,0,2,0,0,0,0,0,0,5406,0,3510,1896,0
49333,18.355208,18.175871,18.180116,0.000000,0.000499,0.000000,0.000000,0.062084,0.012875,1.604166,643,8107009,144360,0,2,0,2,0,0,0,0,0,0,7208,0,4680,2528,0
49334,17.447417,17.324119,17.308664,0.000000,0.000334,0.000000,0.000000,0.074417,0.026291,1.279875,632,8107351,144818,0,2,0,2,0,0,0,0,0,0,5406,0,3510,1896,0
49335,16.261667,16.120231,16.121258,0.000000,0.000417,0.000000,0.000000,0.070375,0.017000,0.639916,634,8107158,143147,0,2,0,2,0,0,0,0,0,0,5406,0,3510,1896,0
49336,16.230916,16.129915,16.139632,0.000000,0.000333,0.000000,0.000000,0.070917,0.012500,1.301751,641,8107016,142141,0,2,0,2,0,0,0,0,0,0,7208,0,4680,2528,0
49337,17.688542,17.531388,17.545498,0.000000,0.000582,0.000000,0.000000,0.066292,0.022083,0.644208,630,8107299,147267,0,2,0,2,0,0,0,0,0,0,5406,0,3510,1896,0
49338,16.578208,16.427512,16.436779,0.000000,0.000250,0.000000,0.000000,0.065542,0.038042,0.787083,632,8107238,141868,0,2,0,2,0,0,0,0,0,0,5406,0,3510,1896,0
49339,16.985500,16.888374,16.885017,0.000000,0.000500,0.000000,0.000000,0.064167,0.022917,1.065749,640,8107029,140853,0,2,0,2,0,0,0,0,0,0,7208,0,4680,2528,0
49340,16.435042,16.274418,16.259826,0.000000,0.000250,0.000000,0.000000,0.065292,0.044000,0.648375,631,8107227,143172,0,2,0,2,0,0,0,0,0,0,5406,0,3510,1896,0
49341,17.017958,16.888623,16.890368,0.000000,0.000418,0.000000,0.000000,0.074209,0.035958,1.331041,632,8107258,142283,0,2,0,2,0,0,0,0,0,0,5406,0,3510,1896,0
49342,16.751292,16.635514,16.637756,0.000000,0.000292,0.000000,0.000000,0.062042,0.049291,0.614833,643,8107127,142594,0,2,0,2,0,0,0,0,0,0,7208,0,4680,2528,0
49343,16.692625,16.553165,16.549582,0.000000,0.000250,0.000000,0.000000,0.065208,0.013417,1.276291,633,8107131,146845,0,2,0,2,0,0,0,0,0,0,5406,0,3510,1896,0
49344,16.308208,16.201504,16.210309,0.000000,0.000417,0.000000,0.000000,0.061167,0.012667,0.631666,632,8107307,144178,0,2,0,2,0,0,0,0,0,0,5406,0,3510,1896,0
49345,16.387292,16.272332,16.250794,0.000000,0.000165,0.000000,0.000000,0.066750,0.013333,1.281208,643,8137800,144253,0,2,0,2,0,0,0,0,0,0,7379,0,4680,2699,0
49346,17.877792,17.784438,17.783953,0.000000,0.000208,0.000000,0.000000,0.082500,0.022750,0.627250,630,8092046,158080,0,2,0,2,0,0,0,0,0,0,5406,0,3510,1896,0
49347,17.716458,17.548206,17.498790,0.000000,0.000458,0.000000,0.000000,0.095792,0.017416,1.269750,631,8107095,145667,0,2,0,2,0,0,0,0,0,0,5406,0,3510,1896,0
49348,16.694583,16.577069,16.532255,0.000000,0.000333,0.000000,0.000000,0.079917,0.035417,0.958708,639,8091557,144714,0,2,0,2,0,0,0,0,0,0,7208,0,4680,2528,0
49349,16.287709,16.126017,16.098096,0.000000,0.000293,0.000000,0.000000,0.069291,0.037417,0.615375,631,8107308,144462,0,2,0,2,0,0,0,0,0,0,5524,0,3510,2014,0
49350,18.017875,17.920191,17.928638,0.000000,0.000375,0.000000,0.000000,0.077791,0.018875,0.940583,632,8115077,149101,0,2,0,2,0,0,0,0,0,0,5879,0,3510,2369,0
49351,16.170708,16.044949,16.040317,0.000000,0.000292,0.000000,0.000000,0.061958,0.014584,0.640792,646,8132136,143656,0,2,0,2,0,0,0,0,0,0,6906,0,4680,2226,0
49352,20.054500,19.921451,19.854139,0.000000,0.000291,0.000000,0.000000,0.075250,0.016417,1.094125,629,8074311,155390,0,2,0,2,0,0,0,0,0,0,5406,0,3510,1896,0
49353,18.435750,18.298577,18.303202,0.000000,0.000374,0.000000,0.000000,0.083500,0.026417,0.765542,640,8122783,146398,0,2,0,2,0,0,0,0,0,0,7184,0,4656,2528,0
49354,16.768708,16.589917,16.589049,0.000000,0.000459,0.000000,0.000000,0.062459,0.013875,0.966708,632,8091532,147907,0,2,0,2,0,0,0,0,0,0,5430,0,3534,1896,0
49355,16.219834,16.156945,16.150296,0.000000,0.000250,0.000000,0.000000,0.086666,0.014875,0.651792,632,8119427,147592,0,2,0,2,0,0,0,0,0,0,5406,0,3510,1896,0
49356,18.222541,18.039723,17.926063,0.000000,0.000418,0.000000,0.000000,0.073625,0.015750,0.598792,638,8079335,147226,0,2,0,2,0,0,0,0,0,0,7208,0,4680,2528,0
49357,17.113709,16.960729,16.897487,0.000000,0.000418,0.000000,0.000000,0.090875,0.016875,0.290959,633,8107195,146915,0,2,0,2,0,0,0,0,0,0,5406,0,3510,1896,0
49358,17.641458,17.542150,17.503753,0.000000,0.000418,0.000000,0.000000,0.073375,0.031875,0.831624,632,8107272,143940,0,2,0,2,0,0,0,0,0,0,5406,0,3510,1896,0
49359,18.301792,18.084052,18.014947,0.000000,0.000500,0.000000,0.000000,0.083416,0.021417,1.397542,645,8122335,141615,0,2,0,2,0,0,0,0,0,0,7665,0,4680,2985,0
49360,18.870291,18.822755,18.798002,0.000000,0.000459,0.000000,0.000000,0.075625,0.023792,0.940751,633,8107273,160951,0,2,0,2,0,0,0,0,0,0,5550,0,3510,2040,0
49361,16.440834,16.204818,16.219290,0.000000,0.000292,0.000000,0.000000,0.061791,0.019584,0.669125,634,8091616,143160,0,2,0,2,0,0,0,0,0,0,5721,0,3510,2211,0
49362,17.782041,17.765506,17.760792,0.000000,0.000417,0.000000,0.000000,0.075459,0.026375,0.941500,643,8137937,150716,0,2,0,2,0,0,0,0,0,0,7209,0,4680,2529,0
49363,16.626875,16.520176,16.527252,0.000000,0.000500,0.000000,0.000000,0.077000,0.049250,0.301834,655,8106823,145237,0,2,0,2,0,0,0,0,0,0,7668,0,3510,4158,0
49364,17.415625,17.267461,17.229121,0.000000,0.000332,0.000000,0.000000,0.084542,0.016333,0.608125,632,8107522,148910,0,2,0,2,0,0,0,0,0,0,5406,0,3510,1896,0
49365,16.776917,16.639502,16.633459,0.000000,0.000458,0.000000,0.000000,0.083250,0.016125,1.169917,640,8091361,140692,0,2,0,2,0,0,0,0,0,0,7208,0,4680,2528,0
49366,16.401583,16.306516,16.320052,0.000000,0.000584,0.000000,0.000000,0.099375,0.026542,0.643375,632,8107179,142533,0,2,0,2,0,0,0,0,0,0,5645,0,3510,2135,0
49367,17.955084,17.801700,17.751324,0.000000,0.000626,0.000000,0.000000,0.092541,0.014417,0.790792,630,8122676,147848,0,2,0,2,0,0,0,0,0,0,5406,0,3510,1896,0
49368,18.613958,18.425333,18.431333,0.000000,0.000250,0.000000,0.000000,0.068750,0.017583,1.115708,640,8091604,144990,0,2,0,2,0,0,0,0,0,0,7208,0,4680,2528,0
49369,16.360875,16.218344,16.227116,0.000000,0.000375,0.000000,0.000000,0.066250,0.014375,0.638542,630,8107701,143946,0,2,0,2,0,0,0,0,0,0,5406,0,3510,1896,0
49370,16.854583,16.803299,16.785346,0.000000,0.000417,0.000000,0.000000,0.080000,0.026125,1.255041,633,8122380,141246,0,2,0,2,0,0,0,0,0,0,5406,0,3510,1896,0
49371,16.661792,16.511965,16.513297,0.000000,0.000333,0.000000,0.000000,0.077792,0.020750,0.666625,638,8091524,140533,0,2,0,2,0,0,0,0,0,0,7208,0,4680,2528,0
49372,16.351417,16.236115,16.225447,0.000000,0.000457,0.000000,0.000000,0.073458,0.018208,1.116584,632,8122672,144349,0,2,0,2,0,0,0,0,0,0,5406,0,3510,1896,0
49373,17.235916,17.089500,17.077924,0.000000,0.000875,0.000000,0.000000,0.070042,0.015417,0.303167,630,8091835,142991,0,2,0,2,0,0,0,0,0,0,5406,0,3510,1896,0
49374,16.902667,16.734212,16.746882,0.000000,0.000458,0.000000,0.000000,0.071583,0.025959,0.840416,638,8091623,140076,0,2,0,2,0,0,0,0,0,0,7208,0,4680,2528,0
49375,16.653417,16.491045,16.481580,0.000000,0.000292,0.000000,0.000000,0.071250,0.019500,1.165041,631,8107275,143916,0,2,0,2,0,0,0,0,0,0,5406,0,3510,1896,0
49376,16.445458,16.375369,16.126621,0.000000,0.000500,0.000000,0.000000,0.083208,0.020250,0.482125,635,8122613,142704,0,2,0,2,0,0,0,0,0,0,5583,0,3510,2073,0
49377,20.436333,20.343334,19.356994,0.000000,0.000458,0.000000,0.000000,0.092875,0.022000,0.659583,644,8122444,152862,0,2,0,2,0,0,0,0,0,0,7208,0,4680,2528,0
49378,17.020417,16.821729,16.789303,0.000000,0.000416,0.000000,0.000000,0.100292,0.022000,1.376542,633,8107207,145571,0,2,0,2,0,0,0,0,0,0,5406,0,3510,1896,0
49379,18.287708,18.275261,18.152838,0.000000,0.000499,0.000000,0.000000,0.129167,0.094833,0.298833,632,8122840,144468,0,2,0,2,0,0,0,0,0,0,5406,0,3510,1896,0
49380,18.023917,17.764907,17.630637,0.000000,0.000500,0.000000,0.000000,0.090042,0.042166,0.628999,639,8076058,141516,0,2,0,2,0,0,0,0,0,0,7208,0,4680,2528,0
49381,16.882125,16.745299,16.741653,0.000000,0.000417,0.000000,0.000000,0.073833,0.049709,1.001792,633,8122846,148386,0,2,0,2,0,0,0,0,0,0,5406,0,3510,1896,0
49382,16.708500,16.589923,16.544557,0.000000,0.000459,0.000000,0.000000,0.066833,0.025459,0.652834,633,8107127,145855,0,2,0,2,0,0,0,0,0,0,5406,0,3510,1896,0
49383,16.848458,16.753193,16.677026,0.000000,0.000417,0.000000,0.000000,0.101084,0.024041,1.306791,641,8091550,143899,0,2,0,2,0,0,0,0,0,0,7208,0,4680,2528,0
49384,16.817542,16.701554,16.715779,0.000000,0.000500,0.000000,0.000000,0.085792,0.030500,0.634750,631,8107244,147403,0,2,0,2,0,0,0,0,0,0,5406,0,3510,1896,0
49385,17.515542,17.384288,17.362364,0.000000,0.000292,0.000000,0.000000,0.071000,0.016875,0.954459,633,8122724,146759,0,2,0,2,0,0,0,0,0,0,5406,0,3510,1896,0
49386,17.047125,16.962545,16.917944,0.000000,0.000417,0.000000,0.000000,0.139916,0.016417,1.175083,641,8106960,144656,0,2,0,2,0,0,0,0,0,0,7208,0,4680,2528,0
49387,17.011958,16.846994,16.800288,0.000000,0.000375,0.000000,0.000000,0.074875,0.042708,0.630917,633,8107497,145041,0,2,0,2,0,0,0,0,0,0,5406,0,3510,1896,0
49388,16.363917,16.225607,16.198661,0.000000,0.000417,0.000000,0.000000,0.093250,0.020583,1.285874,628,8091585,140573,0,2,0,2,0,0,0,0,0,0,5406,0,3510,1896,0
49389,16.434500,16.309007,15.950670,0.000000,0.000501,0.000000,0.000000,0.061625,0.017875,0.609417,644,8137897,140250,0,2,0,2,0,0,0,0,0,0,7208,0,4680,2528,0
49390,17.922958,17.755357,17.721418,0.000000,0.000375,0.000000,0.000000,0.096417,0.028875,1.310083,629,8060921,151698,0,2,0,2,0,0,0,0,0,0,5406,0,3510,1896,0
49391,16.722542,16.581423,16.534412,0.000000,0.000459,0.000000,0.000000,0.082083,0.021667,0.606791,631,8107255,140931,0,2,0,2,0,0,0,0,0,0,5406,0,3510,1896,0
49392,17.090416,17.045094,16.971692,0.000000,0.000292,0.000000,0.000000,0.072709,0.047916,0.956583,642,8122453,141174,0,2,0,2,0,0,0,0,0,0,7208,0,4680,2528,0
49393,16.873209,16.701786,16.693030,0.000000,0.000541,0.000000,0.000000,0.071500,0.014833,0.974667,634,8107268,145985,0,2,0,2,0,0,0,0,0,0,5406,0,3510,1896,0
49394,16.285333,16.069781,16.061000,0.000000,0.000542,0.000000,0.000000,0.073042,0.039416,0.615125,632,8076429,145242,0,2,0,2,0,0,0,0,0,0,5687,0,3510,2177,0
49395,17.935083,17.903014,17.771073,0.000000,0.000293,0.000000,0.000000,0.093500,0.030709,1.021084,645,8137726,151830,0,2,0,2,0,0,0,0,0,0,7208,0,4680,2528,0
49396,17.497875,17.406955,17.378802,0.000000,0.000291,0.000000,0.000000,0.070875,0.056584,0.681375,632,8107277,149154,0,2,0,2,0,0,0,0,0,0,5406,0,3510,1896,0
49397,17.094084,16.942107,16.947170,0.000000,0.000333,0.000000,0.000000,0.088541,0.023792,1.161501,632,8122709,149021,0,2,0,2,0,0,0,0,0,0,5406,0,3510,1896,0
49398,17.629208,17.495706,17.507585,0.000000,0.000376,0.000000,0.000000,0.073750,0.016917,1.303667,637,8093596,143963,0,2,0,2,0,0,0,0,0,0,7208,0,4680,2528,0
49399,16.986250,16.878796,16.876500,0.000000,0.000292,0.000000,0.000000,0.120750,0.016708,0.638875,633,8120674,145640,0,2,0,2,0,0,0,0,0,0,5406,0,3510,1896,0
49400,17.090375,16.972621,16.957569,0.000000,0.000334,0.000000,0.000000,0.094667,0.016458,0.792333,632,8107371,143858,0,2,0,2,0,0,0,0,0,0,5406,0,3510,1896,0
49401,18.546583,18.323372,18.342663,0.000000,0.000416,0.000000,0.000000,0.082625,0.014792,0.960458,640,8091481,144457,0,2,0,2,0,0,0,0,0,0,7208,0,4680,2528,0
49402,17.410750,17.279087,17.272421,0.000000,0.000292,0.000000,0.000000,0.076917,0.015083,0.608708,633,8107341,143952,0,2,0,2,0,0,0,0,0,0,5406,0,3510,1896,0
49403,17.480334,17.405376,17.398633,0.000000,0.000333,0.000000,0.000000,0.081375,0.014916,1.014625,632,8122787,143763,0,2,0,2,0,0,0,0,0,0,6600,0,4192,2408,0
49404,18.193750,18.076240,18.067108,0.000000,0.000375,0.000000,0.000000,0.087541,0.019542,1.283791,640,8106987,144284,0,2,0,2,0,0,0,0,0,0,6014,0,3998,2016,0
49405,18.370916,18.176795,18.038321,0.000000,0.000417,0.000000,0.000000,0.087917,0.014875,0.539875,629,8076286,143374,0,2,0,2,0,0,0,0,0,0,5406,0,3510,1896,0
49406,16.566959,16.471271,16.474745,0.000000,0.000292,0.000000,0.000000,0.085000,0.015375,0.971624,642,8138133,142234,0,2,0,2,0,0,0,0,0,0,7208,0,4680,2528,0
49407,16.510083,16.413180,16.414903,0.000000,0.000334,0.000000,0.000000,0.074542,0.032666,0.651959,632,8091591,145121,0,2,0,2,0,0,0,0,0,0,5406,0,3510,1896,0
49408,17.158375,16.999766,16.983947,0.000000,0.000334,0.000000,0.000000,0.076042,0.022541,0.739708,634,8122667,145662,0,2,0,2,0,0,0,0,0,0,5523,0,3510,2013,0
49409,18.656208,18.499781,18.390373,0.000000,0.000375,0.000000,0.000000,0.100042,0.025833,0.943584,638,8091618,145345,0,2,0,2,0,0,0,0,0,0,7208,0,4680,2528,0
49410,17.204542,17.074385,17.075318,0.000000,0.000376,0.000000,0.000000,0.082250,0.038542,0.306000,633,8107246,141409,0,2,0,2,0,0,0,0,0,0,5406,0,3510,1896,0
49411,16.858417,16.724056,16.720116,0.000000,0.000251,0.000000,0.000000,0.063500,0.017708,0.908250,633,8107264,140087,0,2,0,2,0,0,0,0,0,0,5406,0,3510,1896,0
49412,16.279625,16.148909,16.162805,0.000000,0.000375,0.000000,0.000000,0.089916,0.018084,1.269625,639,8107073,140653,0,2,0,2,0,0,0,0,0,0,7208,0,4680,2528,0
49413,17.188125,17.112811,17.067965,0.000000,0.000375,0.000000,0.000000,0.096041,0.020834,0.355125,632,8107219,143010,0,2,0,2,0,0,0,0,0,0,5406,0,3510,1896,0
49414,15.664333,15.467716,15.475081,0.000000,0.000416,0.000000,0.000000,0.060708,0.015667,0.949249,632,8107342,142668,0,2,0,2,0,0,0,0,0,0,5406,0,3510,1896,0
49415,17.207458,17.105461,17.055692,0.000000,0.000416,0.000000,0.000000,0.072250,0.042917,0.609667,641,8106991,145368,0,2,0,2,0,0,0,0,0,0,7208,0,4680,2528,0
49416,16.291542,16.144804,16.140388,0.000000,0.000292,0.000000,0.000000,0.081000,0.017500,1.068084,631,8091785,141003,0,2,0,2,0,0,0,0,0,0,5406,0,3510,1896,0
49417,16.378042,16.245485,16.226884,0.000000,0.000374,0.000000,0.000000,0.072666,0.015459,0.648708,633,8122967,141834,0,2,0,2,0,0,0,0,0,0,5406,0,3510,1896,0
49418,17.097416,17.015507,17.003874,0.000000,0.000417,0.000000,0.000000,0.073875,0.019375,1.258750,639,8106994,138808,0,2,0,2,0,0,0,0,0,0,7208,0,4680,2528,0
49419,16.066459,15.923826,15.924775,0.000000,0.000375,0.000000,0.000000,0.060583,0.020292,0.607208,632,8107049,142291,0,2,0,2,0,0,0,0,0,0,5406,0,3510,1896,0
49420,16.561000,16.463454,16.415455,0.000000,0.000373,0.000000,0.000000,0.101791,0.038000,0.601375,632,8122732,140177,0,2,0,2,0,0,0,0,0,0,5406,0,3510,1896,0
49421,16.348833,16.222831,16.220953,0.000000,0.000459,0.000000,0.000000,0.071042,0.044708,0.290917,641,8091575,138329,0,2,0,2,0,0,0,0,0,0,7208,0,4680,2528,0
49422,15.613125,15.454275,15.454993,0.000000,0.000292,0.000000,0.000000,0.056458,0.040375,1.249084,634,8122627,143280,0,2,0,2,0,0,0,0,0,0,5556,0,3510,2046,0
49423,17.298000,17.131837,17.107055,0.000000,0.000416,0.000000,0.000000,0.071583,0.028709,1.276083,630,8091962,150706,0,2,0,2,0,0,0,0,0,0,5406,0,3510,1896,0
49424,17.981000,17.920974,17.808708,0.000000,0.000292,0.000000,0.000000,0.091958,0.021750,0.658292,639,8106966,138908,0,2,0,2,0,0,0,0,0,0,7208,0,4680,2528,0
49425,18.143083,17.951068,17.970070,0.000000,0.000334,0.000000,0.000000,0.082042,0.020500,0.748292,633,8107290,142599,0,2,0,2,0,0,0,0,0,0,5406,0,3510,1896,0
49426,16.028125,15.847558,15.858243,0.000000,0.000417,0.000000,0.000000,0.062834,0.039583,0.646625,631,8091710,139890,0,2,0,2,0,0,0,0,0,0,5406,0,3510,1896,0
49427,16.847375,16.812401,16.761112,0.000000,0.000334,0.000000,0.000000,0.105167,0.024958,0.980833,642,8138036,138996,0,2,0,2,0,0,0,0,0,0,7208,0,4680,2528,0
49428,16.634292,16.458367,16.443582,0.000000,0.000292,0.000000,0.000000,0.063458,0.030792,1.127334,633,8107216,143100,0,2,0,2,0,0,0,0,0,0,5406,0,3510,1896,0
49429,17.265875,17.111626,17.112955,0.000000,0.000500,0.000000,0.000000,0.065333,0.026000,0.650792,630,8091773,150490,0,2,0,2,0,0,0,0,0,0,5406,0,3510,1896,0
49430,16.284750,16.229589,16.180926,0.000000,0.000292,0.000000,0.000000,0.113500,0.027958,0.838791,641,8107126,138724,0,2,0,2,0,0,0,0,0,0,7208,0,4680,2528,0
49431,17.990208,17.807555,17.382325,0.000000,0.000542,0.000000,0.000000,0.086209,0.015875,0.291292,630,8107386,141845,0,2,0,2,0,0,0,0,0,0,5406,0,3510,1896,0
49432,16.657167,16.595298,16.607563,0.000000,0.000251,0.000000,0.000000,0.071125,0.037917,0.907291,633,8122535,140504,0,2,0,2,0,0,0,0,0,0,5406,0,3510,1896,0
49433,16.146083,16.003730,15.999734,0.000000,0.000208,0.000000,0.000000,0.072084,0.015208,1.263750,637,8091541,138822,0,2,0,2,0,0,0,0,0,0,7208,0,4680,2528,0
49434,16.744709,16.592334,16.569878,0.000000,0.000416,0.000000,0.000000,0.091500,0.018375,0.609833,630,8091827,140771,0,2,0,2,0,0,0,0,0,0,5406,0,3510,1896,0
49435,17.290166,17.174210,16.987621,0.000000,0.000374,0.000000,0.000000,0.083625,0.037000,1.002167,633,8122695,139819,0,2,0,2,0,0,0,0,0,0,5406,0,3510,1896,0
49436,16.442542,16.325556,16.321044,0.000000,0.000249,0.000000,0.000000,0.101667,0.018000,0.302458,641,8107081,137727,0,2,0,2,0,0,0,0,0,0,7208,0,4680,2528,0
49437,16.316583,16.123280,16.118085,0.000000,0.000375,0.000000,0.000000,0.083500,0.013375,1.070876,631,8091785,141807,0,2,0,2,0,0,0,0,0,0,5406,0,3510,1896,0
49438,17.187459,17.101864,16.784286,0.000000,0.000667,0.000000,0.000000,0.097666,0.018084,0.293417,631,8107410,139680,0,2,0,2,0,0,0,0,0,0,5406,0,3510,1896,0
49439,18.267583,18.175374,18.118173,0.000000,0.000458,0.000000,0.000000,0.095458,0.015834,0.581125,641,8137773,138234,0,2,0,2,0,0,0,0,0,0,7208,0,4680,2528,0
49440,16.467000,16.314300,16.321376,0.000000,0.000500,0.000000,0.000000,0.073000,0.014167,0.919166,633,8107330,140876,0,2,0,2,0,0,0,0,0,0,5406,0,3510,1896,0
49441,15.342375,15.202125,15.197425,0.000000,0.000166,0.000000,0.000000,0.068708,0.036542,0.606417,631,8091764,139318,0,2,0,2,0,0,0,0,0,0,5406,0,3510,1896,0
49442,15.083042,14.989169,15.006922,0.000000,0.000126,0.000000,0.000000,0.055416,0.034459,0.627541,640,8107017,137856,0,2,0,2,0,0,0,0,0,0,7208,0,4680,2528,0
49443,15.273333,15.143410,15.158805,0.000000,0.000209,0.000000,0.000000,0.062333,0.011792,1.224292,634,8107258,141384,0,2,0,2,0,0,0,0,0,0,5406,0,3510,1896,0
49444,14.794208,14.626297,14.615297,0.000000,0.000417,0.000000,0.000000,0.056500,0.011500,0.288584,633,8107385,138457,0,2,0,2,0,0,0,0,0,0,5532,0,3510,2022,0
49445,16.407709,16.287914,16.267578,0.000000,0.000291,0.000000,0.000000,0.085583,0.022583,0.739333,640,8106804,146898,0,2,0,2,0,0,0,0,0,0,7334,0,4680,2654,0
49446,17.449458,17.371819,17.390381,0.000000,0.000207,0.000000,0.000000,0.058917,0.028541,1.080667,632,8103064,149346,0,2,0,2,0,0,0,0,0,0,5406,0,3510,1896,0
49447,16.827917,16.691954,16.713302,0.000000,0.000332,0.000000,0.000000,0.061083,0.012042,0.607875,633,8111470,141984,0,2,0,2,0,0,0,0,0,0,5406,0,3510,1896,0
49448,16.532750,16.403188,16.407485,0.000000,0.000374,0.000000,0.000000,0.058416,0.020292,1.126542,640,8107026,140722,0,2,0,2,0,0,0,0,0,0,7208,0,4680,2528,0
49449,17.444166,17.290074,17.286517,0.000000,0.000542,0.000000,0.000000,0.062417,0.012917,0.290500,634,8107247,145625,0,2,0,2,0,0,0,0,0,0,5406,0,3510,1896,0
49450,15.833542,15.665250,15.664583,0.000000,0.000249,0.000000,0.000000,0.052792,0.027416,0.909667,654,8091799,142659,0,2,0,2,0,0,0,0,0,0,5406,0,3510,1896,0
49451,17.190250,17.058689,17.075903,0.000000,0.000458,0.000000,0.000000,0.079375,0.018792,0.609334,638,8107043,140837,0,2,0,2,0,0,0,0,0,0,7208,0,4680,2528,0
49452,16.744250,16.697796,16.678918,0.000000,0.000417,0.000000,0.000000,0.091875,0.019583,0.580916,644,8215284,146220,0,2,0,2,0,0,0,0,0,0,5721,0,3510,2211,0
49453,18.198167,18.030929,18.051010,0.000000,0.000333,0.000000,0.000000,0.081375,0.022208,1.228250,625,8014608,150595,0,2,0,2,0,0,0,0,0,0,5406,0,3510,1896,0
49454,17.314166,17.149356,17.167927,0.000000,0.000375,0.000000,0.000000,0.081125,0.015209,0.609167,639,8107024,144323,0,2,0,2,0,0,0,0,0,0,7208,0,4680,2528,0
49455,16.265250,16.194309,16.202496,0.000000,0.000290,0.000000,0.000000,0.063042,0.036250,1.237250,634,8122682,142995,0,2,0,2,0,0,0,0,0,0,5406,0,3510,1896,0
49456,15.805917,15.630887,15.649240,0.000000,0.000250,0.000000,0.000000,0.063875,0.011792,0.611542,628,8076389,144305,0,2,0,2,0,0,0,0,0,0,5406,0,3510,1896,0
49457,16.241458,16.132248,16.116458,0.000000,0.000208,0.000000,0.000000,0.061334,0.011500,1.057333,638,8122462,150720,0,2,0,2,0,0,0,0,0,0,7208,0,4680,2528,0
49458,16.364542,16.251634,16.250346,0.000000,0.000585,0.000000,0.000000,0.065167,0.012708,0.608000,633,8122716,149979,0,2,0,2,0,0,0,0,0,0,5406,0,3510,1896,0
49459,16.381792,16.265386,16.261591,0.000000,0.000293,0.000000,0.000000,0.070291,0.040542,1.228750,638,8107390,148916,0,2,0,2,0,0,0,0,0,0,7208,0,4680,2528,0
49460,17.560791,17.349658,17.370339,0.000000,0.000333,0.000000,0.000000,0.055334,0.012000,0.289458,631,8076014,147067,0,2,0,2,0,0,0,0,0,0,5406,0,3510,1896,0
49461,16.247084,16.200869,16.201292,0.000000,0.000209,0.000000,0.000000,0.059875,0.035541,1.222458,632,8131793,151537,0,2,0,2,0,0,0,0,0,0,5406,0,3510,1896,0
49462,15.800208,15.633912,15.652054,0.000000,0.000209,0.000000,0.000000,0.070750,0.036458,0.610750,638,8082568,146432,0,2,0,2,0,0,0,0,0,0,7208,0,4680,2528,0
49463,15.845125,15.784288,15.803012,0.000000,0.000168,0.000000,0.000000,0.060167,0.036416,1.223417,634,8138136,148417,0,2,0,2,0,0,0,0,0,0,5406,0,3510,1896,0
49464,15.716542,15.556672,15.563549,0.000000,0.000250,0.000000,0.000000,0.089000,0.020958,0.609584,631,8091805,144851,0,2,0,2,0,0,0,0,0,0,5406,0,3510,1896,0
49465,16.253041,16.164446,16.166061,0.000000,0.000625,0.000000,0.000000,0.062709,0.029333,0.847042,639,8095356,146878,0,2,0,2,0,0,0,0,0,0,7208,0,4680,2528,0
49466,16.897500,16.787579,16.803434,0.000000,0.000292,0.000000,0.000000,0.058834,0.040875,0.937626,632,8134368,149899,0,2,0,2,0,0,0,0,0,0,5406,0,3510,1896,0
49467,15.544167,15.367664,15.384917,0.000000,0.000249,0.000000,0.000000,0.063875,0.035333,0.609750,628,8076354,143534,0,2,0,2,0,0,0,0,0,0,5406,0,3510,1896,0
49468,15.633250,15.496636,15.515007,0.000000,0.000376,0.000000,0.000000,0.050875,0.010500,0.622917,641,8107047,144312,0,2,0,2,0,0,0,0,0,0,7208,0,4680,2528,0
49469,17.211833,17.141777,17.140016,0.000000,0.000416,0.000000,0.000000,0.062667,0.037458,1.067125,643,8138044,152701,0,2,0,2,0,0,0,0,0,0,6431,0,3510,2921,0
49470,17.125209,16.949370,16.901825,0.000000,0.000333,0.000000,0.000000,0.059791,0.036417,1.241833,641,8091641,147872,0,2,0,2,0,0,0,0,0,0,6422,0,3510,2912,0
49471,16.595000,16.443508,16.443445,0.000000,0.000250,0.000000,0.000000,0.067250,0.013958,0.444833,639,8091570,143977,0,2,0,2,0,0,0,0,0,0,7208,0,4680,2528,0
49472,16.268625,16.157176,16.142578,0.000000,0.000250,0.000000,0.000000,0.074458,0.022542,1.015542,632,8122671,140523,0,2,0,2,0,0,0,0,0,0,5406,0,3510,1896,0
49473,18.393208,18.138195,17.527184,0.000000,0.000459,0.000000,0.000000,0.063667,0.013708,1.255833,631,8076364,141249,0,2,0,2,0,0,0,0,0,0,5406,0,3510,1896,0
49474,19.478667,19.551464,19.414281,0.000000,0.000375,0.000000,0.000000,0.117083,0.092167,0.336959,642,8153379,151421,0,2,0,2,0,0,0,0,0,0,7208,0,4680,2528,0
49475,17.435083,17.229624,17.229372,0.000000,0.000585,0.000000,0.000000,0.093083,0.019250,0.947083,628,8076375,143314,0,2,0,2,0,0,0,0,0,0,5406,0,3510,1896,0
49476,18.853583,18.625415,18.434959,0.000000,0.000583,0.000000,0.000000,0.102709,0.028833,0.932583,632,8107253,144275,0,2,0,2,0,0,0,0,0,0,5406,0,3510,1896,0
49477,19.790750,19.674324,19.435341,0.000000,0.000457,0.000000,0.000000,0.105959,0.040666,0.608459,638,8107062,146956,0,2,0,2,0,0,0,0,0,0,7208,0,4680,2528,0
49478,18.233709,18.135295,18.115151,0.000000,0.000501,0.000000,0.000000,0.083000,0.018625,0.608417,632,8122704,147830,0,2,0,2,0,0,0,0,0,0,5406,0,3510,1896,0
49479,21.320500,21.210765,20.547291,0.000000,0.000584,0.000000,0.000000,0.097666,0.022750,0.592959,633,8107304,142975,0,2,0,2,0,0,0,0,0,0,5406,0,3510,1896,0
49480,18.154125,17.957964,17.968495,0.000000,0.000458,0.000000,0.000000,0.074583,0.023875,0.920875,639,8108630,141957,0,2,0,2,0,0,0,0,0,0,7208,0,4680,2528,0
49481,18.025708,17.909831,17.910458,0.000000,0.000333,0.000000,0.000000,0.098917,0.023166,0.931000,632,8105579,146492,0,2,0,2,0,0,0,0,0,0,5406,0,3510,1896,0
49482,17.264125,17.072871,17.084957,0.000000,0.000375,0.000000,0.000000,0.082833,0.024625,0.627166,631,8091775,146082,0,2,0,2,0,0,0,0,0,0,5525,0,3510,2015,0
49483,18.052250,17.918033,17.932254,0.000000,0.000499,0.000000,0.000000,0.073292,0.014833,0.938209,642,8107017,144261,0,2,0,2,0,0,0,0,0,0,7208,0,4680,2528,0
49484,17.638542,17.736457,17.716874,0.000000,0.000542,0.000000,0.000000,0.095375,0.176625,0.976125,635,8169029,144994,0,2,0,2,0,0,0,0,0,0,5406,0,3510,1896,0
49485,18.631041,18.329782,18.163215,0.000000,0.000500,0.000000,0.000000,0.093750,0.018084,0.305917,633,8066914,144990,0,2,0,2,0,0,0,0,0,0,5560,0,3510,2050,0
49486,18.429667,18.296533,18.318877,0.000000,0.000375,0.000000,0.000000,0.086292,0.015833,0.909292,640,8100933,147487,0,2,0,2,0,0,0,0,0,0,7208,0,4680,2528,0
49487,18.493292,18.308126,18.302276,0.000000,0.000458,0.000000,0.000000,0.096000,0.037125,1.278668,630,8091900,142248,0,2,0,2,0,0,0,0,0,0,5406,0,3510,1896,0
49488,16.941750,16.856257,16.821337,0.000000,0.000624,0.000000,0.000000,0.088000,0.016250,0.613666,635,8107183,143187,0,2,0,2,0,0,0,0,0,0,5525,0,3510,2015,0
49489,18.985958,18.853311,18.725923,0.000000,0.000374,0.000000,0.000000,0.086208,0.016917,0.984583,638,8122407,146696,0,2,0,2,0,0,0,0,0,0,7208,0,4680,2528,0
49490,19.017708,18.920217,18.765720,0.000000,0.003001,0.000000,0.000000,0.134167,0.024958,0.976125,631,8107263,144415,0,2,0,2,0,0,0,0,0,0,5406,0,3510,1896,0
49491,17.462834,17.235610,17.123869,0.000000,0.000501,0.000000,0.000000,0.086333,0.044375,1.002541,631,8107261,142315,0,2,0,2,0,0,0,0,0,0,5406,0,3510,1896,0
49492,18.782416,18.613172,18.623536,0.000000,0.000292,0.000000,0.000000,0.082584,0.023708,0.613334,640,8091555,140893,0,2,0,2,0,0,0,0,0,0,7208,0,4680,2528,0
49493,18.152625,18.089624,17.932755,0.000000,0.000792,0.000000,0.000000,0.128875,0.021292,0.907292,632,8107284,132366,0,2,0,2,0,0,0,0,0,0,5406,0,3510,1896,0
49494,17.423584,17.143643,17.093371,0.000000,0.000291,0.000000,0.000000,0.087708,0.016167,0.591041,630,8091802,129088,0,2,0,2,0,0,0,0,0,0,5406,0,3510,1896,0
49495,16.311333,16.269121,16.254284,0.000000,0.000291,0.000000,0.000000,0.073417,0.024375,0.301292,641,8137935,128500,0,2,0,2,0,0,0,0,0,0,7208,0,4680,2528,0
49496,16.277208,16.164499,16.117895,0.000000,0.000499,0.000000,0.000000,0.083209,0.016666,1.121375,632,8107243,131032,0,2,0,2,0,0,0,0,0,0,5406,0,3510,1896,0
49497,16.499792,16.266724,16.222455,0.000000,0.000666,0.000000,0.000000,0.110375,0.039417,0.291333,631,8076368,131344,0,2,0,2,0,0,0,0,0,0,5406,0,3510,1896,0
49498,15.597667,15.593594,15.577198,0.000000,0.000458,0.000000,0.000000,0.075583,0.018625,0.911958,642,8153468,129169,0,2,0,2,0,0,0,0,0,0,7208,0,4680,2528,0
49499,14.794041,14.659496,14.671460,0.000000,0.000249,0.000000,0.000000,0.072000,0.034584,0.610542,631,8085833,128900,0,2,0,2,0,0,0,0,0,0,5577,0,3510,2067,0
49500,16.368084,16.172808,16.146644,0.000000,0.000250,0.000000,0.000000,0.069291,0.021250,1.276708,633,8113290,136698,0,2,0,2,0,0,0,0,0,0,5406,0,3510,1896,0
49501,17.072916,17.002633,16.976985,0.000000,0.000416,0.000000,0.000000,0.071375,0.031750,0.633667,640,8120236,129327,0,2,0,2,0,0,0,0,0,0,7208,0,4680,2528,0
49502,15.670709,15.539906,15.531743,0.000000,0.000376,0.000000,0.000000,0.078125,0.018125,0.942000,634,8109365,132034,0,2,0,2,0,0,0,0,0,0,5406,0,3510,1896,0
49503,15.549791,15.432473,15.423292,0.000000,0.000376,0.000000,0.000000,0.077667,0.037750,0.374750,655,8107206,131402,0,2,0,2,0,0,0,0,0,0,5406,0,3510,1896,0
49504,15.442375,15.330212,15.325678,0.000000,0.000500,0.000000,0.000000,0.087834,0.023916,0.929708,637,8091699,129668,0,2,0,2,0,0,0,0,0,0,7208,0,4680,2528,0
49505,15.537417,15.338114,15.342160,0.000000,0.000376,0.000000,0.000000,0.071208,0.021542,0.609209,630,8091755,130341,0,2,0,2,0,0,0,0,0,0,5406,0,3510,1896,0
49506,16.930000,16.864494,16.849089,0.000000,0.000332,0.000000,0.000000,0.091167,0.031958,0.618167,632,8122728,137475,0,2,0,2,0,0,0,0,0,0,5406,0,3510,1896,0
49507,15.798750,15.675676,15.667911,0.000000,0.000416,0.000000,0.000000,0.091708,0.027875,0.663584,642,8122512,131174,0,2,0,2,0,0,0,0,0,0,7208,0,4680,2528,0
49508,16.015583,15.906461,15.875046,0.000000,0.000417,0.000000,0.000000,0.098000,0.031625,0.785000,628,8091909,129402,0,2,0,2,0,0,0,0,0,0,5406,0,3510,1896,0
49509,17.365167,17.195075,17.198387,0.000000,0.000376,0.000000,0.000000,0.105583,0.019667,0.656666,637,8122683,132667,0,2,0,2,0,0,0,0,0,0,6944,0,4536,2408,0
49510,16.755708,16.574405,16.567169,0.000000,0.000375,0.000000,0.000000,0.074209,0.021250,0.805417,636,8076075,132174,0,2,0,2,0,0,0,0,0,0,5670,0,3654,2016,0
49511,16.274834,16.131707,16.146657,0.000000,0.000251,0.000000,0.000000,0.082750,0.014291,0.621166,631,8107257,129668,0,2,0,2,0,0,0,0,0,0,5406,0,3510,1896,0
49512,16.435125,16.337752,16.349273,0.000000,0.000250,0.000000,0.000000,0.071208,0.018750,1.067458,640,8122838,129881,0,2,0,2,0,0,0,0,0,0,7124,0,4596,2528,0
49513,16.422791,16.305780,16.274788,0.000000,0.000541,0.000000,0.000000,0.114917,0.029875,1.146584,635,8091448,132578,0,2,0,2,0,0,0,0,0,0,5490,0,3594,1896,0
49514,15.971500,15.814579,15.801649,0.000000,0.000458,0.000000,0.000000,0.069667,0.022333,0.525875,631,8107379,129318,0,2,0,2,0,0,0,0,0,0,5406,0,3510,1896,0
49515,16.247709,16.130966,16.155976,0.000000,0.000376,0.000000,0.000000,0.074375,0.022625,0.968501,641,8122366,129250,0,2,0,2,0,0,0,0,0,0,7208,0,4680,2528,0
49516,16.788791,16.682537,16.695130,0.000000,0.000458,0.000000,0.000000,0.094959,0.022916,0.460709,631,8122746,132261,0,2,0,2,0,0,0,0,0,0,5406,0,3510,1896,0
49517,15.905875,15.750122,15.737217,0.000000,0.000333,0.000000,0.000000,0.079417,0.030417,0.922333,629,8091813,129406,0,2,0,2,0,0,0,0,0,0,5406,0,3510,1896,0
49518,17.160167,17.005737,17.016757,0.000000,0.000458,0.000000,0.000000,0.072417,0.022416,0.628917,639,8107029,128286,0,2,0,2,0,0,0,0,0,0,7208,0,4680,2528,0
49519,17.534625,17.433865,17.399334,0.000000,0.000500,0.000000,0.000000,0.121250,0.017667,0.608917,632,8119305,132389,0,2,0,2,0,0,0,0,0,0,5406,0,3510,1896,0
49520,16.675292,16.509764,16.512904,0.000000,0.000416,0.000000,0.000000,0.078291,0.026167,0.653417,629,8095185,127975,0,2,0,2,0,0,0,0,0,0,5406,0,3510,1896,0
49521,16.416458,16.238867,16.259582,0.000000,0.000416,0.000000,0.000000,0.085667,0.016125,0.982125,640,8107051,129533,0,2,0,2,0,0,0,0,0,0,7208,0,4680,2528,0
49522,15.842417,15.727120,15.731618,0.000000,0.000291,0.000000,0.000000,0.071708,0.023417,0.689292,633,8107252,131128,0,2,0,2,0,0,0,0,0,0,5406,0,3510,1896,0
49523,15.668416,15.563503,15.507877,0.000000,0.000625,0.000000,0.000000,0.085334,0.016458,0.718375,631,8122713,127962,0,2,0,2,0,0,0,0,0,0,5406,0,3510,1896,0
49524,15.157209,14.930318,14.907737,0.000000,0.000333,0.000000,0.000000,0.080333,0.021917,0.612500,637,8076146,125853,0,2,0,2,0,0,0,0,0,0,7208,0,4680,2528,0
49525,16.202291,16.188474,16.177160,0.000000,0.000417,0.000000,0.000000,0.085584,0.039000,0.812583,634,8138326,131991,0,2,0,2,0,0,0,0,0,0,5406,0,3510,1896,0
49526,16.890125,16.725298,16.695718,0.000000,0.000250,0.000000,0.000000,0.080334,0.014833,0.638917,630,8091924,125686,0,2,0,2,0,0,0,0,0,0,5406,0,3510,1896,0
49527,15.934042,15.796420,15.814463,0.000000,0.000332,0.000000,0.000000,0.067833,0.013209,1.019375,639,8106831,126428,0,2,0,2,0,0,0,0,0,0,7208,0,4680,2528,0
49528,16.639542,16.517912,16.368798,0.000000,0.000416,0.000000,0.000000,0.075583,0.015667,0.966250,632,8102910,128405,0,2,0,2,0,0,0,0,0,0,5406,0,3510,1896,0
49529,15.032791,14.864703,14.873325,0.000000,0.003166,0.000000,0.000000,0.069834,0.022333,0.693416,635,8111678,128481,0,2,0,2,0,0,0,0,0,0,5721,0,3510,2211,0
49530,16.714792,16.616496,16.611835,0.000000,0.000667,0.000000,0.000000,0.068125,0.021125,0.639375,640,8106887,132166,0,2,0,2,0,0,0,0,0,0,7208,0,4680,2528,0
49531,16.361708,16.188230,16.193165,0.000000,0.000375,0.000000,0.000000,0.075250,0.014709,1.293375,633,8107174,129896,0,2,0,2,0,0,0,0,0,0,5406,0,3510,1896,0
49532,16.164000,16.107328,16.122293,0.000000,0.001083,0.000000,0.000000,0.103084,0.064291,0.972292,632,8107249,127131,0,2,0,2,0,0,0,0,0,0,5406,0,3510,1896,0
49533,15.890250,15.713028,15.703164,0.000000,0.000333,0.000000,0.000000,0.072042,0.014625,0.473167,640,8107101,127559,0,2,0,2,0,0,0,0,0,0,7208,0,4680,2528,0
49534,15.469917,15.285287,15.285303,0.000000,0.000417,0.000000,0.000000,0.077125,0.015000,0.479084,630,8091807,128522,0,2,0,2,0,0,0,0,0,0,5406,0,3510,1896,0
49535,15.192833,15.095899,15.094541,0.000000,0.000250,0.000000,0.000000,0.060917,0.014875,0.983250,633,8122740,129466,0,2,0,2,0,0,0,0,0,0,5406,0,3510,1896,0
49536,16.765334,16.614916,16.597945,0.000000,0.000541,0.000000,0.000000,0.068000,0.021125,0.610167,639,8091518,131157,0,2,0,2,0,0,0,0,0,0,7208,0,4680,2528,0
49537,16.441250,16.352494,16.362569,0.000000,0.000332,0.000000,0.000000,0.075541,0.022209,1.080458,634,8138136,132506,0,2,0,2,0,0,0,0,0,0,5406,0,3510,1896,0
49538,14.922291,14.792722,14.811033,0.000000,0.000332,0.000000,0.000000,0.066375,0.050959,0.452833,632,8107272,127940,0,2,0,2,0,0,0,0,0,0,5406,0,3510,1896,0
49539,14.941209,14.773868,14.779451,0.000000,0.000333,0.000000,0.000000,0.066958,0.012167,0.897041,637,8076161,127195,0,2,0,2,0,0,0,0,0,0,7208,0,4680,2528,0
49540,15.243208,15.127464,15.144133,0.000000,0.000374,0.000000,0.000000,0.061500,0.019000,0.612583,632,8122716,130870,0,2,0,2,0,0,0,0,0,0,5406,0,3510,1896,0
49541,14.864125,14.767204,14.775713,0.000000,0.000332,0.000000,0.000000,0.081292,0.038541,0.924875,630,8107230,128174,0,2,0,2,0,0,0,0,0,0,5406,0,3510,1896,0
49542,15.113833,14.990137,14.987483,0.000000,0.000415,0.000000,0.000000,0.070042,0.016833,0.457958,639,8112335,127933,0,2,0,2,0,0,0,0,0,0,7208,0,4680,2528,0
49543,15.007959,14.856535,14.867291,0.000000,0.000251,0.000000,0.000000,0.071375,0.013916,0.638084,629,8086597,129040,0,2,0,2,0,0,0,0,0,0,5406,0,3510,1896,0
49544,15.043250,14.935112,14.917086,0.000000,0.000416,0.000000,0.000000,0.069708,0.016125,1.027458,633,8122629,127807,0,2,0,2,0,0,0,0,0,0,5406,0,3510,1896,0
49545,14.954000,14.824076,14.812161,0.000000,0.000625,0.000000,0.000000,0.056875,0.011458,0.628750,642,8107067,127931,0,2,0,2,0,0,0,0,0,0,7208,0,4680,2528,0
49546,15.102458,14.991472,14.983472,0.000000,0.000249,0.000000,0.000000,0.077875,0.015208,1.318874,632,8107243,129304,0,2,0,2,0,0,0,0,0,0,5406,0,3510,1896,0
49547,14.891708,14.773696,14.766951,0.000000,0.000334,0.000000,0.000000,0.090292,0.030500,0.633792,633,8107433,127394,0,2,0,2,0,0,0,0,0,0,5406,0,3510,1896,0
49548,15.420667,15.300001,15.300123,0.000000,0.000292,0.000000,0.000000,0.073292,0.029083,1.000833,639,8106862,127237,0,2,0,2,0,0,0,0,0,0,7208,0,4680,2528,0
49549,15.365708,15.267370,15.230965,0.000000,0.000416,0.000000,0.000000,0.080667,0.021417,0.647542,631,8107295,130418,0,2,0,2,0,0,0,0,0,0,5406,0,3510,1896,0
49550,15.012000,14.854833,14.856539,0.000000,0.000458,0.000000,0.000000,0.079709,0.027333,0.480000,631,8107296,127130,0,2,0,2,0,0,0,0,0,0,5406,0,3510,1896,0
49551,14.994584,14.893021,14.848395,0.000000,0.000418,0.000000,0.000000,0.080583,0.045917,0.779876,645,8122301,128197,0,2,0,2,0,0,0,0,0,0,7665,0,4680,2985,0
49552,20.084750,19.883260,19.898137,0.000000,0.000501,0.000000,0.000000,0.065625,0.019708,1.288501,631,8076300,187521,0,2,0,2,0,0,0,0,0,0,5406,0,3510,1896,0
49553,17.449208,17.375518,17.350383,0.000000,0.004709,0.000000,0.000000,0.076625,0.031542,0.608333,632,8107252,141787,0,2,0,2,0,0,0,0,0,0,5406,0,3510,1896,0
49554,17.755917,17.645041,17.605068,0.000000,0.000542,0.000000,0.000000,0.100208,0.015333,0.960043,643,8122622,141578,0,2,0,2,0,0,0,0,0,0,7208,0,4680,2528,0
49555,17.844125,17.788615,17.640267,0.000000,0.000417,0.000000,0.000000,0.147416,0.088959,0.715749,631,8091693,143571,0,2,0,2,0,0,0,0,0,0,5406,0,3510,1896,0
49556,17.210541,16.947443,16.924591,0.000000,0.000457,0.000000,0.000000,0.077959,0.029208,0.291125,652,8107319,141593,0,2,0,2,0,0,0,0,0,0,5406,0,3510,1896,0
49557,17.139250,17.059380,17.049599,0.000000,0.000376,0.000000,0.000000,0.074750,0.040042,0.947833,641,8122386,142715,0,2,0,2,0,0,0,0,0,0,7208,0,4680,2528,0
49558,16.767000,16.626386,16.606889,0.000000,0.000332,0.000000,0.000000,0.072334,0.041958,0.547125,631,8107293,143375,0,2,0,2,0,0,0,0,0,0,5406,0,3510,1896,0
49559,16.226000,16.082747,16.064744,0.000000,0.000333,0.000000,0.000000,0.064500,0.014459,0.901375,629,8091786,140544,0,2,0,2,0,0,0,0,0,0,5406,0,3510,1896,0
49560,18.170334,18.006494,18.005215,0.000000,0.000875,0.000000,0.000000,0.074083,0.026417,1.094959,640,8107108,142265,0,2,0,2,0,0,0,0,0,0,7208,0,4680,2528,0
49561,17.180791,17.132170,17.085495,0.000000,0.000583,0.000000,0.000000,0.112250,0.016834,0.618292,632,8107187,142838,0,2,0,2,0,0,0,0,0,0,5406,0,3510,1896,0
49562,16.888209,16.711662,16.717832,0.000000,0.000458,0.000000,0.000000,0.082416,0.014542,0.928416,632,8107274,141356,0,2,0,2,0,0,0,0,0,0,5406,0,3510,1896,0
49563,16.490916,16.369886,16.353532,0.000000,0.000374,0.000000,0.000000,0.071792,0.037792,0.470167,640,8107054,141584,0,2,0,2,0,0,0,0,0,0,7208,0,4680,2528,0
49564,18.197875,18.056939,18.052759,0.000000,0.000334,0.000000,0.000000,0.093000,0.017459,0.903833,633,8111774,142311,0,2,0,2,0,0,0,0,0,0,5406,0,3510,1896,0
49565,17.169834,17.022817,17.017065,0.000000,0.000375,0.000000,0.000000,0.071333,0.030083,1.261250,639,8118167,140172,0,2,0,2,0,0,0,0,0,0,7208,0,4680,2528,0
49566,17.840375,17.685297,17.646376,0.000000,0.000376,0.000000,0.000000,0.076458,0.015000,0.639791,633,8091623,142940,0,2,0,2,0,0,0,0,0,0,5406,0,3510,1896,0
49567,16.318333,16.249701,16.231815,0.000000,0.000376,0.000000,0.000000,0.080375,0.023750,0.957375,634,8128526,142509,0,2,0,2,0,0,0,0,0,0,5406,0,3510,1896,0
49568,16.509375,16.365958,16.352898,0.000000,0.000833,0.000000,0.000000,0.077708,0.025209,0.641084,637,8101194,138985,0,2,0,2,0,0,0,0,0,0,7208,0,4680,2528,0
49569,17.881708,17.701488,17.712693,0.000000,0.000542,0.000000,0.000000,0.072542,0.025125,1.137583,631,8091841,143447,0,2,0,2,0,0,0,0,0,0,5406,0,3510,1896,0
49570,16.734709,16.596118,16.604880,0.000000,0.000292,0.000000,0.000000,0.070041,0.039584,1.291875,633,8107278,141930,0,2,0,2,0,0,0,0,0,0,5406,0,3510,1896,0
49571,16.681916,16.586985,16.582840,0.000000,0.000583,0.000000,0.000000,0.081250,0.016250,0.612667,640,8122471,139110,0,2,0,2,0,0,0,0,0,0,7208,0,4680,2528,0
49572,16.875209,16.676163,16.682254,0.000000,0.000208,0.000000,0.000000,0.070708,0.015208,0.933292,631,8091816,143037,0,2,0,2,0,0,0,0,0,0,5406,0,3510,1896,0
49573,17.904166,17.833799,17.820737,0.000000,0.000374,0.000000,0.000000,0.070959,0.044333,1.223584,632,8107228,151116,0,2,0,2,0,0,0,0,0,0,5406,0,3510,1896,0
49574,18.261334,18.175161,18.121058,0.000000,0.000499,0.000000,0.000000,0.120708,0.017292,0.609667,639,8122492,148424,0,2,0,2,0,0,0,0,0,0,7208,0,4680,2528,0
49575,19.135875,18.953493,18.924815,0.000000,0.000541,0.000000,0.000000,0.078625,0.022833,0.900499,633,8091833,151452,0,2,0,2,0,0,0,0,0,0,5406,0,3510,1896,0
49576,18.033375,17.895758,17.898956,0.000000,0.000417,0.000000,0.000000,0.075458,0.016208,1.232542,646,8112017,151270,0,2,0,2,0,0,0,0,0,0,6943,0,3510,3433,0
49577,19.222208,19.029414,19.025371,0.000000,0.000333,0.000000,0.000000,0.082958,0.016584,1.341375,645,8101948,148868,0,2,0,2,0,0,0,0,0,0,7712,0,4680,3032,0
49578,18.721500,18.646116,18.664753,0.000000,0.000459,0.000000,0.000000,0.076083,0.017917,0.660291,632,8107274,152487,0,2,0,2,0,0,0,0,0,0,5406,0,3510,1896,0
49579,17.653625,17.543792,17.551959,0.000000,0.000582,0.000000,0.000000,0.078000,0.017958,1.293042,635,8122734,151343,0,2,0,2,0,0,0,0,0,0,5406,0,3510,1896,0
49580,18.262167,18.136293,18.127067,0.000000,0.000418,0.000000,0.000000,0.071083,0.012792,1.311834,639,8106953,148675,0,2,0,2,0,0,0,0,0,0,7208,0,4680,2528,0
49581,19.110541,18.993824,18.773438,0.000000,0.000584,0.000000,0.000000,0.072292,0.038500,0.303542,629,8101210,152725,0,2,0,2,0,0,0,0,0,0,5406,0,3510,1896,0
49582,18.329292,18.147533,18.169650,0.000000,0.000292,0.000000,0.000000,0.071000,0.014417,0.929167,633,8097872,150809,0,2,0,2,0,0,0,0,0,0,5406,0,3510,1896,0
49583,17.736750,17.648791,17.611698,0.000000,0.000376,0.000000,0.000000,0.095500,0.017000,0.940542,640,8122491,148281,0,2,0,2,0,0,0,0,0,0,7208,0,4680,2528,0
49584,17.451250,17.248745,17.252577,0.000000,0.000376,0.000000,0.000000,0.071375,0.014125,0.639500,632,8091803,151904,0,2,0,2,0,0,0,0,0,0,5406,0,3510,1896,0
49585,17.290958,17.231241,17.247702,0.000000,0.000376,0.000000,0.000000,0.073834,0.018125,1.069250,632,8122664,151721,0,2,0,2,0,0,0,0,0,0,5406,0,3510,1896,0
49586,17.072042,16.869460,16.866873,0.000000,0.000251,0.000000,0.000000,0.067833,0.024917,1.308334,640,8091560,147375,0,2,0,2,0,0,0,0,0,0,7208,0,4680,2528,0
49587,17.820917,17.727493,17.701792,0.000000,0.000376,0.000000,0.000000,0.071333,0.030333,0.607875,632,8107267,152037,0,2,0,2,0,0,0,0,0,0,5406,0,3510,1896,0
49588,18.114375,17.955916,17.919818,0.000000,0.000292,0.000000,0.000000,0.078791,0.038542,0.932084,634,8107235,150447,0,2,0,2,0,0,0,0,0,0,5406,0,3510,1896,0
49589,16.933500,16.786531,16.771592,0.000000,0.000459,0.000000,0.000000,0.065666,0.013625,1.107042,641,8107015,149003,0,2,0,2,0,0,0,0,0,0,7208,0,4680,2528,0
49590,17.492416,17.423794,17.402890,0.000000,0.000417,0.000000,0.000000,0.083459,0.013125,0.610416,631,8107257,152513,0,2,0,2,0,0,0,0,0,0,5406,0,3510,1896,0
49591,17.880875,17.762797,17.766421,0.000000,0.000375,0.000000,0.000000,0.071292,0.022917,0.918791,631,8107261,150211,0,2,0,2,0,0,0,0,0,0,5406,0,3510,1896,0
49592,17.492500,17.313297,17.286664,0.000000,0.000292,0.000000,0.000000,0.079792,0.024417,1.246667,643,8122442,148541,0,2,0,2,0,0,0,0,0,0,7208,0,4680,2528,0
49593,18.513459,18.413354,18.381914,0.000000,0.000375,0.000000,0.000000,0.075291,0.052834,0.630083,631,8091815,152121,0,2,0,2,0,0,0,0,0,0,5406,0,3510,1896,0
49594,18.296333,18.150380,18.158949,0.000000,0.000374,0.000000,0.000000,0.071917,0.029875,0.923833,633,8107261,150529,0,2,0,2,0,0,0,0,0,0,5406,0,3510,1896,0
49595,16.902042,16.818531,16.839496,0.000000,0.000458,0.000000,0.000000,0.073833,0.014000,1.319708,642,8122451,148054,0,2,0,2,0,0,0,0,0,0,7208,0,4680,2528,0
49596,18.894916,18.710795,18.698744,0.000000,0.000501,0.000000,0.000000,0.075500,0.016917,0.640125,629,8091816,151678,0,2,0,2,0,0,0,0,0,0,5406,0,3510,1896,0
49597,17.387792,17.275375,17.278502,0.000000,0.000292,0.000000,0.000000,0.061625,0.013042,0.969250,634,8107301,151127,0,2,0,2,0,0,0,0,0,0,5406,0,3510,1896,0
49598,17.312083,17.229881,17.229951,0.000000,0.000417,0.000000,0.000000,0.080917,0.020958,0.979708,641,8122441,148344,0,2,0,2,0,0,0,0,0,0,7208,0,4680,2528,0
49599,19.030292,18.835798,18.841682,0.000000,0.000291,0.000000,0.000000,0.077250,0.027042,0.493250,632,8091798,151068,0,2,0,2,0,0,0,0,0,0,5406,0,3510,1896,0
49600,17.196417,17.081829,17.050972,0.000000,0.000292,0.000000,0.000000,0.068416,0.026542,0.981042,632,8109206,150443,0,2,0,2,0,0,0,0,0,0,5406,0,3510,1896,0
49601,16.891916,16.789223,16.775652,0.000000,0.000374,0.000000,0.000000,0.067917,0.014250,1.111917,641,8120598,148611,0,2,0,2,0,0,0,0,0,0,7208,0,4680,2528,0
49602,17.709375,17.585261,17.604204,0.000000,0.000417,0.000000,0.000000,0.075750,0.014959,0.619667,629,8091707,151836,0,2,0,2,0,0,0,0,0,0,5406,0,3510,1896,0
49603,18.264792,18.130269,18.039549,0.000000,0.000292,0.000000,0.000000,0.084208,0.015375,0.912500,634,8107275,149952,0,2,0,2,0,0,0,0,0,0,5406,0,3510,1896,0
49604,17.996583,17.852465,17.855167,0.000000,0.000251,0.000000,0.000000,0.067750,0.023709,1.284751,641,8122437,148447,0,2,0,2,0,0,0,0,0,0,7208,0,4680,2528,0
49605,17.316709,17.224526,17.238359,0.000000,0.000292,0.000000,0.000000,0.066208,0.041417,0.614917,633,8107258,152299,0,2,0,2,0,0,0,0,0,0,5406,0,3510,1896,0
49606,17.998708,17.870797,17.658195,0.000000,0.000751,0.000000,0.000000,0.106958,0.022125,0.596250,629,8107269,150432,0,2,0,2,0,0,0,0,0,0,5406,0,3510,1896,0
49607,17.125542,17.014467,17.019344,0.000000,0.000584,0.000000,0.000000,0.072000,0.045208,0.946042,640,8107005,147482,0,2,0,2,0,0,0,0,0,0,7208,0,4680,2528,0
49608,17.408541,17.201678,17.198573,0.000000,0.000250,0.000000,0.000000,0.075709,0.034166,0.287792,632,8091807,151620,0,2,0,2,0,0,0,0,0,0,5406,0,3510,1896,0
49609,17.215459,17.161203,17.163708,0.000000,0.000332,0.000000,0.000000,0.078333,0.017667,0.920500,650,8122695,151353,0,2,0,2,0,0,0,0,0,0,5406,0,3510,1896,0
49610,17.377916,17.226409,17.223818,0.000000,0.000541,0.000000,0.000000,0.068292,0.028583,0.288625,640,8102402,148457,0,2,0,2,0,0,0,0,0,0,7208,0,4680,2528,0
49611,18.059417,17.936209,17.919770,0.000000,0.000542,0.000000,0.000000,0.072292,0.036125,1.226750,639,8173645,158377,0,2,0,2,0,0,0,0,0,0,5535,0,3510,2025,0
49612,18.466917,18.345325,18.175408,0.000000,0.000709,0.000000,0.000000,0.091833,0.028958,0.591292,629,8045398,150348,0,2,0,2,0,0,0,0,0,0,5406,0,3510,1896,0
49613,17.416791,17.312956,17.301883,0.000000,0.000500,0.000000,0.000000,0.144834,0.045916,0.590251,640,8091677,147782,0,2,0,2,0,0,0,0,0,0,7336,0,4680,2656,0
49614,18.594625,18.362183,18.274231,0.000000,0.000416,0.000000,0.000000,0.094542,0.019125,0.319083,637,8137995,155344,0,2,0,2,0,0,0,0,0,0,5524,0,3510,2014,0
49615,17.486042,17.419242,17.414251,0.000000,0.000375,0.000000,0.000000,0.070458,0.020209,1.261458,638,8108757,148913,0,2,0,2,0,0,0,0,0,0,7004,0,4536,2468,0
49616,18.561208,18.363446,18.363832,0.000000,0.000249,0.000000,0.000000,0.072000,0.013917,1.691375,632,8090114,145870,0,2,0,2,0,0,0,0,0,0,5610,0,3654,1956,0
49617,21.759875,21.619071,21.057624,0.000000,0.000459,0.000000,0.000000,0.106209,0.016875,0.620375,633,8107287,147355,0,2,0,2,0,0,0,0,0,0,5406,0,3510,1896,0
49618,18.414125,18.301792,18.220666,0.000000,0.000292,0.000000,0.000000,0.074000,0.028084,0.835292,640,8122501,146083,0,2,0,2,0,0,0,0,0,0,7208,0,4680,2528,0
49619,17.236459,17.137002,17.131626,0.000000,0.000541,0.000000,0.000000,0.081583,0.027208,0.613333,633,8122700,146253,0,2,0,2,0,0,0,0,0,0,5406,0,3510,1896,0
49620,18.281125,18.074307,18.048613,0.000000,0.000583,0.000000,0.000000,0.077375,0.025708,0.963251,629,8060920,149219,0,2,0,2,0,0,0,0,0,0,5406,0,3510,1896,0
49621,17.306166,17.230671,17.223961,0.000000,0.000457,0.000000,0.000000,0.073500,0.042917,0.303000,645,8153389,146340,0,2,0,2,0,0,0,0,0,0,7208,0,4680,2528,0
49622,17.059959,16.869607,16.851748,0.000000,0.000375,0.000000,0.000000,0.076625,0.046000,0.928250,629,8060876,142664,0,2,0,2,0,0,0,0,0,0,5406,0,3510,1896,0
49623,16.493791,16.471088,16.476420,0.000000,0.000375,0.000000,0.000000,0.106125,0.026209,1.287625,632,8122719,144111,0,2,0,2,0,0,0,0,0,0,5406,0,3510,1896,0
49624,18.996959,18.832553,18.793454,0.000000,0.000167,0.000000,0.000000,0.085625,0.017791,0.309750,642,8138122,145075,0,2,0,2,0,0,0,0,0,0,7208,0,4680,2528,0
49625,16.756208,16.564662,16.566993,0.000000,0.000793,0.000000,0.000000,0.073375,0.036875,0.912041,628,8060722,145180,0,2,0,2,0,0,0,0,0,0,5406,0,3510,1896,0
49626,16.110292,16.008927,16.002034,0.000000,0.000249,0.000000,0.000000,0.069208,0.012083,0.612292,636,8138045,147164,0,2,0,2,0,0,0,0,0,0,5721,0,3510,2211,0
49627,17.811791,17.711420,17.708097,0.000000,0.000417,0.000000,0.000000,0.068459,0.016833,0.950583,647,8137948,156227,0,2,0,2,0,0,0,0,0,0,7379,0,4680,2699,0
49628,19.554792,19.350586,19.350715,0.000000,0.000459,0.000000,0.000000,0.072208,0.014834,0.766958,625,8045357,147740,0,2,0,2,0,0,0,0,0,0,5406,0,3510,1896,0
49629,17.923250,17.856953,17.683565,0.000000,0.000376,0.000000,0.000000,0.080583,0.023584,0.939000,634,8110653,146568,0,2,0,2,0,0,0,0,0,0,5406,0,3510,1896,0
49630,16.531292,16.363047,16.360645,0.000000,0.000334,0.000000,0.000000,0.076125,0.014666,0.652959,641,8103596,147290,0,2,0,2,0,0,0,0,0,0,7353,0,4680,2673,0
49631,17.254583,17.184319,17.189438,0.000000,0.000417,0.000000,0.000000,0.077500,0.017958,1.113376,636,8168935,149682,0,2,0,2,0,0,0,0,0,0,5628,0,3510,2118,0
49632,17.311292,17.163581,17.150793,0.000000,0.000417,0.000000,0.000000,0.063125,0.048833,0.653208,630,8045538,155392,0,2,0,2,0,0,0,0,0,0,5721,0,3510,2211,0
49633,19.145708,19.020219,19.011781,0.000000,0.000333,0.000000,0.000000,0.078000,0.030292,0.910708,645,8137689,153549,0,2,0,2,0,0,0,0,0,0,7379,0,4680,2699,0
49634,17.673208,17.543196,17.549794,0.000000,0.000291,0.000000,0.000000,0.074125,0.037875,1.317001,630,8091791,151336,0,2,0,2,0,0,0,0,0,0,5406,0,3510,1896,0
49635,16.730667,16.550248,16.555507,0.000000,0.000334,0.000000,0.000000,0.072708,0.019042,0.647917,631,8091782,146068,0,2,0,2,0,0,0,0,0,0,5406,0,3510,1896,0
49636,16.405333,16.319118,16.338208,0.000000,0.000250,0.000000,0.000000,0.073167,0.025792,0.921958,641,8122547,147852,0,2,0,2,0,0,0,0,0,0,7208,0,4680,2528,0
49637,17.556584,17.436486,17.442626,0.000000,0.000375,0.000000,0.000000,0.068958,0.014750,1.226042,631,8107397,151644,0,2,0,2,0,0,0,0,0,0,5406,0,3510,1896,0
49638,16.733166,16.594618,16.578211,0.000000,0.000333,0.000000,0.000000,0.065584,0.013041,0.291917,632,8107060,147176,0,2,0,2,0,0,0,0,0,0,5406,0,3510,1896,0
49639,17.101917,17.018421,16.974789,0.000000,0.000417,0.000000,0.000000,0.127875,0.024208,1.061042,643,8107015,146732,0,2,0,2,0,0,0,0,0,0,7208,0,4680,2528,0
49640,17.512417,17.332347,17.265932,0.000000,0.000501,0.000000,0.000000,0.087500,0.031500,0.609042,631,8107259,147107,0,2,0,2,0,0,0,0,0,0,5406,0,3510,1896,0
49641,17.621958,17.545313,17.535277,0.000000,0.000292,0.000000,0.000000,0.092375,0.022792,0.901626,633,8107207,146843,0,2,0,2,0,0,0,0,0,0,5609,0,3510,2099,0
49642,18.257458,18.093006,18.099953,0.000000,0.000207,0.000000,0.000000,0.074167,0.026833,1.729000,648,8137756,149487,0,2,0,2,0,0,0,0,0,0,7487,0,4680,2807,0
49643,18.123917,18.016801,18.014886,0.000000,0.000416,0.000000,0.000000,0.120458,0.039167,0.655417,630,8091816,152224,0,2,0,2,0,0,0,0,0,0,5406,0,3510,1896,0
49644,18.667667,18.490875,18.331547,0.000000,0.000375,0.000000,0.000000,0.091875,0.033125,0.634416,631,8093187,144118,0,2,0,2,0,0,0,0,0,0,5406,0,3510,1896,0
49645,16.947708,16.800753,16.799167,0.000000,0.000416,0.000000,0.000000,0.070083,0.037959,1.284499,639,8105651,144197,0,2,0,2,0,0,0,0,0,0,7208,0,4680,2528,0
49646,18.427542,18.298860,18.311967,0.000000,0.000291,0.000000,0.000000,0.066541,0.032959,0.979125,632,8107235,149946,0,2,0,2,0,0,0,0,0,0,5406,0,3510,1896,0
49647,17.414291,17.250248,17.262618,0.000000,0.000376,0.000000,0.000000,0.065125,0.019792,0.658542,635,8122663,147312,0,2,0,2,0,0,0,0,0,0,5535,0,3510,2025,0
49648,17.651917,17.531990,17.521412,0.000000,0.000916,0.000000,0.000000,0.074208,0.024959,0.973124,644,8137983,152816,0,2,0,2,0,0,0,0,0,0,7436,0,4680,2756,0
49649,19.482250,19.322191,19.313330,0.000000,0.000334,0.000000,0.000000,0.068417,0.031625,0.899292,627,8045446,156359,0,2,0,2,0,0,0,0,0,0,5406,0,3510,1896,0
49650,18.579958,18.437243,18.441653,0.000000,0.000332,0.000000,0.000000,0.068500,0.024667,0.611791,633,8107076,150511,0,2,0,2,0,0,0,0,0,0,5406,0,3510,1896,0
49651,17.053334,16.913543,16.905541,0.000000,0.000291,0.000000,0.000000,0.058583,0.041333,0.902250,642,8107004,146566,0,2,0,2,0,0,0,0,0,0,7208,0,4680,2528,0
49652,18.164666,18.000917,18.017885,0.000000,0.000541,0.000000,0.000000,0.065792,0.037333,1.073250,631,8107248,148738,0,2,0,2,0,0,0,0,0,0,5406,0,3510,1896,0
49653,17.739625,17.642339,17.643542,0.000000,0.000249,0.000000,0.000000,0.072917,0.026583,0.608750,633,8122693,151700,0,2,0,2,0,0,0,0,0,0,5406,0,3510,1896,0
49654,17.202584,17.050710,17.040324,0.000000,0.000375,0.000000,0.000000,0.074958,0.023042,0.580375,644,8153425,150323,0,2,0,2,0,0,0,0,0,0,7208,0,4680,2528,0
49655,17.582125,17.521110,17.520520,0.000000,0.000374,0.000000,0.000000,0.067000,0.040208,1.259668,632,8096086,154169,0,2,0,2,0,0,0,0,0,0,5406,0,3510,1896,0
49656,18.803000,18.650254,18.663055,0.000000,0.000375,0.000000,0.000000,0.071416,0.017875,0.657000,627,8072043,154874,0,2,0,2,0,0,0,0,0,0,5406,0,3510,1896,0
49657,17.694333,17.542491,17.551210,0.000000,0.000333,0.000000,0.000000,0.067625,0.025583,0.918501,639,8091575,150649,0,2,0,2,0,0,0,0,0,0,7208,0,4680,2528,0
49658,19.738417,19.653215,19.608785,0.000000,0.000751,0.000000,0.000000,0.097416,0.032042,0.909958,632,8138144,150990,0,2,0,2,0,0,0,0,0,0,5406,0,3510,1896,0
49659,18.713083,18.535640,18.539195,0.000000,0.000418,0.000000,0.000000,0.086292,0.025375,0.581709,630,8091782,151046,0,2,0,2,0,0,0,0,0,0,5406,0,3510,1896,0
49660,18.533833,18.395406,18.413791,0.000000,0.000374,0.000000,0.000000,0.079625,0.030375,0.608375,643,8122453,147294,0,2,0,2,0,0,0,0,0,0,7208,0,4680,2528,0
49661,17.994125,17.833390,17.851757,0.000000,0.000208,0.000000,0.000000,0.062417,0.012417,0.895876,633,8091857,148798,0,2,0,2,0,0,0,0,0,0,5406,0,3510,1896,0
49662,16.579000,16.452074,16.452753,0.000000,0.000416,0.000000,0.000000,0.068417,0.030000,1.253834,632,8112552,147271,0,2,0,2,0,0,0,0,0,0,5406,0,3510,1896,0
49663,17.330459,17.094737,17.116889,0.000000,0.000333,0.000000,0.000000,0.057208,0.011833,0.608208,637,8070816,147097,0,2,0,2,0,0,0,0,0,0,7208,0,4680,2528,0
49664,17.434375,17.397033,17.363242,0.000000,0.000542,0.000000,0.000000,0.062250,0.021166,0.597292,634,8138445,150254,0,2,0,2,0,0,0,0,0,0,5406,0,3510,1896,0
49665,17.502875,17.385050,17.408590,0.000000,0.000291,0.000000,0.000000,0.053583,0.028167,1.216834,633,8106972,151488,0,2,0,2,0,0,0,0,0,0,5406,0,3510,1896,0
49666,18.012708,17.895938,17.911037,0.000000,0.000541,0.000000,0.000000,0.074500,0.028250,0.622584,646,8153462,152274,0,2,0,2,0,0,0,0,0,0,7485,0,4680,2805,0
49667,18.232292,18.012401,18.022865,0.000000,0.000373,0.000000,0.000000,0.071833,0.020083,1.264542,628,8045297,150672,0,2,0,2,0,0,0,0,0,0,5406,0,3510,1896,0
49668,17.771250,17.635627,17.576154,0.000000,0.000625,0.000000,0.000000,0.077541,0.028334,0.899375,632,8107236,147277,0,2,0,2,0,0,0,0,0,0,5406,0,3510,1896,0
49669,17.945041,17.860498,17.863462,0.000000,0.000209,0.000000,0.000000,0.066834,0.013500,0.326917,638,8122488,149148,0,2,0,2,0,0,0,0,0,0,7208,0,4680,2528,0
49670,16.677000,16.485849,16.486532,0.000000,0.000249,0.000000,0.000000,0.064584,0.020208,1.242292,632,8091827,142956,0,2,0,2,0,0,0,0,0,0,5406,0,3510,1896,0
49671,16.288167,16.195117,16.201964,0.000000,0.000334,0.000000,0.000000,0.073708,0.021334,0.607333,640,8138157,142318,0,2,0,2,0,0,0,0,0,0,7430,0,4680,2750,0
49672,18.119083,17.977462,17.995456,0.000000,0.000416,0.000000,0.000000,0.060917,0.012292,0.902583,631,8091538,161004,0,2,0,2,0,0,0,0,0,0,5406,0,3510,1896,0
49673,16.017792,15.914249,15.909533,0.000000,0.000417,0.000000,0.000000,0.063958,0.010834,1.074417,632,8122698,149343,0,2,0,2,0,0,0,0,0,0,5406,0,3510,1896,0
49674,15.166667,15.008470,15.027102,0.000000,0.000292,0.000000,0.000000,0.046833,0.008000,0.612166,639,8091558,146241,0,2,0,2,0,0,0,0,0,0,7307,0,4680,2627,0
49675,17.186541,17.142578,17.135779,0.000000,0.000415,0.000000,0.000000,0.088875,0.041125,1.167041,636,8138038,156801,0,2,0,2,0,0,0,0,0,0,5559,0,3510,2049,0
49676,18.326584,18.175341,18.197168,0.000000,0.000584,0.000000,0.000000,0.064750,0.034500,1.070500,630,8091819,157538,0,2,0,2,0,0,0,0,0,0,5406,0,3510,1896,0
49677,16.368708,16.231416,16.235747,0.000000,0.000375,0.000000,0.000000,0.062167,0.019291,0.919209,641,8122479,147311,0,2,0,2,0,0,0,0,0,0,7310,0,4680,2630,0
49678,17.114542,16.973584,16.970416,0.000000,0.000374,0.000000,0.000000,0.062916,0.014042,0.609583,636,8122849,157389,0,2,0,2,0,0,0,0,0,0,5628,0,3510,2118,0
49679,18.267791,18.139321,18.137891,0.000000,0.000707,0.000000,0.000000,0.062125,0.038250,1.009959,629,8076051,165309,0,2,0,2,0,0,0,0,0,0,5577,0,3510,2067,0
49680,15.593584,15.468234,15.486082,0.000000,0.000250,0.000000,0.000000,0.069750,0.034958,1.021751,642,8091580,145573,0,2,0,2,0,0,0,0,0,0,7307,0,4680,2627,0
49681,17.471333,17.362155,17.363651,0.000000,0.000417,0.000000,0.000000,0.083792,0.027916,0.618375,633,8107184,153216,0,2,0,2,0,0,0,0,0,0,5645,0,3510,2135,0
49682,17.190792,17.032965,17.053423,0.000000,0.000250,0.000000,0.000000,0.062708,0.038083,1.073083,631,8093597,153963,0,2,0,2,0,0,0,0,0,0,5524,0,3510,2014,0
49683,17.631208,17.443292,17.464606,0.000000,0.000333,0.000000,0.000000,0.053333,0.018834,1.217291,663,8104807,150443,0,2,0,2,0,0,0,0,0,0,9351,0,4680,4671,0
49684,19.657000,19.550627,19.572657,0.000000,0.000250,0.000000,0.000000,0.075625,0.027375,0.546750,637,8122600,168497,0,2,0,2,0,0,0,0,0,0,5577,0,3510,2067,0
49685,17.631958,17.551956,17.569425,0.000000,0.002917,0.000000,0.000000,0.097750,0.022042,0.735208,631,8091813,150043,0,2,0,2,0,0,0,0,0,0,5406,0,3510,1896,0
49686,16.490750,16.332726,16.346011,0.000000,0.000333,0.000000,0.000000,0.067709,0.036708,1.104250,640,8137948,147573,0,2,0,2,0,0,0,0,0,0,7208,0,4680,2528,0
49687,16.687750,16.592321,16.612058,0.000000,0.000249,0.000000,0.000000,0.066625,0.035209,0.616083,632,8091821,151353,0,2,0,2,0,0,0,0,0,0,5406,0,3510,1896,0
49688,17.743375,17.603067,17.625508,0.000000,0.000374,0.000000,0.000000,0.104792,0.015375,1.070000,630,8123115,152838,0,2,0,2,0,0,0,0,0,0,5406,0,3510,1896,0
49689,16.282209,16.130501,16.129372,0.000000,0.000291,0.000000,0.000000,0.063416,0.020250,0.610917,640,8106610,143965,0,2,0,2,0,0,0,0,0,0,7208,0,4680,2528,0
49690,18.626500,18.521590,18.278269,0.000000,0.000500,0.000000,0.000000,0.104458,0.025083,0.610166,631,8076373,145528,0,2,0,2,0,0,0,0,0,0,5406,0,3510,1896,0
49691,17.743083,17.606248,17.625445,0.000000,0.003917,0.000000,0.000000,0.101292,0.021541,0.966875,628,8107262,144462,0,2,0,2,0,0,0,0,0,0,5406,0,3510,1896,0
49692,18.105083,17.930664,17.929664,0.000000,0.000416,0.000000,0.000000,0.078417,0.019667,0.609834,642,8122482,141966,0,2,0,2,0,0,0,0,0,0,7208,0,4680,2528,0
49693,18.221459,18.090333,18.099244,0.000000,0.000375,0.000000,0.000000,0.092416,0.030042,0.604708,631,8091821,150782,0,2,0,2,0,0,0,0,0,0,5406,0,3510,1896,0
49694,16.175166,15.914838,15.902543,0.000000,0.000625,0.000000,0.000000,0.078959,0.026416,1.298833,633,8091731,141893,0,2,0,2,0,0,0,0,0,0,5721,0,3510,2211,0
49695,19.075417,19.068506,19.027109,0.000000,0.000376,0.000000,0.000000,0.080292,0.025750,0.634667,645,8137867,151353,0,2,0,2,0,0,0,0,0,0,7208,0,4680,2528,0
49696,18.235292,18.092648,18.048799,0.000000,0.000209,0.000000,0.000000,0.080083,0.015083,0.706041,633,8122695,146749,0,2,0,2,0,0,0,0,0,0,5406,0,3510,1896,0
49697,17.799000,17.680618,17.680579,0.000000,0.000416,0.000000,0.000000,0.096375,0.029708,0.958374,629,8076371,144590,0,2,0,2,0,0,0,0,0,0,5406,0,3510,1896,0
49698,17.439375,17.330036,17.317928,0.000000,0.000208,0.000000,0.000000,0.095291,0.022625,0.650916,642,8137960,143119,0,2,0,2,0,0,0,0,0,0,7208,0,4680,2528,0
49699,17.467250,17.287419,17.274545,0.000000,0.000333,0.000000,0.000000,0.081875,0.015500,0.618958,640,8141596,145413,0,2,0,2,0,0,0,0,0,0,5683,0,3510,2173,0
49700,18.130791,17.989084,18.005702,0.000000,0.000460,0.000000,0.000000,0.089209,0.026833,1.316667,627,8057343,154690,0,2,0,2,0,0,0,0,0,0,5406,0,3510,1896,0
49701,19.505500,19.365040,18.602079,0.000000,0.000459,0.000000,0.000000,0.108292,0.023333,0.942125,642,8107063,142732,0,2,0,2,0,0,0,0,0,0,7208,0,4680,2528,0
49702,17.829209,17.699844,17.684643,0.000000,0.000709,0.000000,0.000000,0.118833,0.019583,0.607209,634,8111240,146826,0,2,0,2,0,0,0,0,0,0,5406,0,3510,1896,0
49703,17.820416,17.683042,17.680031,0.000000,0.000418,0.000000,0.000000,0.094875,0.016459,0.927917,631,8103260,145190,0,2,0,2,0,0,0,0,0,0,5406,0,3510,1896,0
49704,16.896834,16.751547,16.761033,0.000000,0.000416,0.000000,0.000000,0.080708,0.016917,0.948833,641,8107008,142723,0,2,0,2,0,0,0,0,0,0,7208,0,4680,2528,0
49705,17.442041,17.253505,17.176182,0.000000,0.000251,0.000000,0.000000,0.082667,0.040625,0.641791,631,8091926,146117,0,2,0,2,0,0,0,0,0,0,5406,0,3510,1896,0
49706,17.624625,17.570088,17.525427,0.000000,0.000417,0.000000,0.000000,0.101917,0.028792,1.287792,634,8122614,144993,0,2,0,2,0,0,0,0,0,0,5406,0,3510,1896,0
49707,16.859209,16.741207,16.752957,0.000000,0.000250,0.000000,0.000000,0.084166,0.025709,0.294375,640,8107208,142619,0,2,0,2,0,0,0,0,0,0,7208,0,4680,2528,0
49708,17.079625,17.008279,16.990047,0.000000,0.000458,0.000000,0.000000,0.111541,0.041750,0.913542,634,8137929,146045,0,2,0,2,0,0,0,0,0,0,5406,0,3510,1896,0
49709,17.755416,17.478837,17.494214,0.000000,0.000375,0.000000,0.000000,0.082542,0.057333,1.313041,629,8060967,142329,0,2,0,2,0,0,0,0,0,0,5406,0,3510,1896,0
49710,16.587750,16.484838,16.488946,0.000000,0.000416,0.000000,0.000000,0.082167,0.030583,0.648167,641,8106961,140448,0,2,0,2,0,0,0,0,0,0,7208,0,4680,2528,0
49711,17.602542,17.526289,17.510750,0.000000,0.000418,0.000000,0.000000,0.085500,0.019333,0.968750,633,8110378,144177,0,2,0,2,0,0,0,0,0,0,5406,0,3510,1896,0
49712,17.370583,17.227258,17.227981,0.000000,0.000376,0.000000,0.000000,0.083917,0.015625,0.611041,635,8135017,142162,0,2,0,2,0,0,0,0,0,0,5406,0,3510,1896,0
49713,17.218459,17.086500,17.065552,0.000000,0.000416,0.000000,0.000000,0.085291,0.031084,1.268500,638,8091725,143091,0,2,0,2,0,0,0,0,0,0,7208,0,4680,2528,0
49714,18.383083,18.185252,18.168826,0.000000,0.000418,0.000000,0.000000,0.081167,0.024458,1.247958,631,8091652,145063,0,2,0,2,0,0,0,0,0,0,5406,0,3510,1896,0
49715,17.792625,17.662504,17.640337,0.000000,0.000416,0.000000,0.000000,0.072417,0.032916,0.938166,649,8107450,143943,0,2,0,2,0,0,0,0,0,0,5406,0,3510,1896,0
49716,17.754208,17.670177,17.652091,0.000000,0.000334,0.000000,0.000000,0.084834,0.041333,0.625250,640,8114421,143054,0,2,0,2,0,0,0,0,0,0,7208,0,4680,2528,0
49717,17.714750,17.539816,17.537622,0.000000,0.000250,0.000000,0.000000,0.089584,0.023791,0.943791,631,8099698,145484,0,2,0,2,0,0,0,0,0,0,5406,0,3510,1896,0
49718,18.251875,18.154821,18.153665,0.000000,0.000500,0.000000,0.000000,0.077917,0.028583,1.250250,632,8122693,144156,0,2,0,2,0,0,0,0,0,0,5406,0,3510,1896,0
49719,17.974167,17.822687,17.824995,0.000000,0.000376,0.000000,0.000000,0.077500,0.021750,0.646125,639,8091631,143864,0,2,0,2,0,0,0,0,0,0,7208,0,4680,2528,0
49720,17.358542,17.246437,17.217961,0.000000,0.000334,0.000000,0.000000,0.077291,0.026917,1.273999,634,8138277,142584,0,2,0,2,0,0,0,0,0,0,5406,0,3510,1896,0
49721,17.071833,16.946409,16.942605,0.000000,0.000375,0.000000,0.000000,0.082042,0.037625,0.291916,631,8091734,142197,0,2,0,2,0,0,0,0,0,0,6454,0,4046,2408,0
49722,17.518292,17.315056,17.321267,0.000000,0.000458,0.000000,0.000000,0.094375,0.045708,1.166376,637,8091524,142040,0,2,0,2,0,0,0,0,0,0,6160,0,4144,2016,0
49723,17.802666,17.711590,17.680666,0.000000,0.000542,0.000000,0.000000,0.097042,0.022000,0.944459,632,8107259,142633,0,2,0,2,0,0,0,0,0,0,5406,0,3510,1896,0
49724,16.479334,16.378065,16.371100,0.000000,0.000333,0.000000,0.000000,0.074416,0.015125,0.288750,641,8138046,142263,0,2,0,2,0,0,0,0,0,0,7208,0,4680,2528,0
49725,18.707875,18.544842,18.364341,0.000000,0.000543,0.000000,0.000000,0.103833,0.019833,0.921792,630,8076262,145524,0,2,0,2,0,0,0,0,0,0,5406,0,3510,1896,0
49726,16.714458,16.554968,16.543849,0.000000,0.000335,0.000000,0.000000,0.074417,0.031916,0.902249,631,8107357,143438,0,2,0,2,0,0,0,0,0,0,5406,0,3510,1896,0
49727,17.641083,17.497760,17.462306,0.000000,0.000418,0.000000,0.000000,0.084750,0.015959,0.298042,639,8106942,141934,0,2,0,2,0,0,0,0,0,0,7208,0,4680,2528,0
49728,17.514584,17.396838,17.406661,0.000000,0.000416,0.000000,0.000000,0.087416,0.015334,0.966709,635,8138146,146040,0,2,0,2,0,0,0,0,0,0,5406,0,3510,1896,0
49729,16.719791,16.548638,16.562205,0.000000,0.000291,0.000000,0.000000,0.081959,0.017250,0.290291,631,8076370,143707,0,2,0,2,0,0,0,0,0,0,5406,0,3510,1896,0
49730,17.137000,17.115588,17.113289,0.000000,0.000167,0.000000,0.000000,0.089167,0.027333,1.274458,643,8138086,143142,0,2,0,2,0,0,0,0,0,0,7208,0,4680,2528,0
49731,16.292959,16.132799,16.122379,0.000000,0.000291,0.000000,0.000000,0.082583,0.017000,0.957500,630,8091662,143054,0,2,0,2,0,0,0,0,0,0,5406,0,3510,1896,0
49732,16.442375,16.298734,16.291507,0.000000,0.000458,0.000000,0.000000,0.076416,0.035834,0.610375,632,8122789,144170,0,2,0,2,0,0,0,0,0,0,5406,0,3510,1896,0
49733,16.454916,16.338617,16.305983,0.000000,0.000292,0.000000,0.000000,0.078167,0.020083,1.217250,638,8106960,142927,0,2,0,2,0,0,0,0,0,0,7208,0,4680,2528,0
49734,16.594334,16.425122,16.339129,0.000000,0.000375,0.000000,0.000000,0.098041,0.020750,0.608458,631,8076368,144421,0,2,0,2,0,0,0,0,0,0,5406,0,3510,1896,0
49735,16.431291,16.296367,16.305845,0.000000,0.000250,0.000000,0.000000,0.088125,0.025834,0.902084,631,8107384,143929,0,2,0,2,0,0,0,0,0,0,5406,0,3510,1896,0
49736,16.684917,16.569998,16.521119,0.000000,0.000208,0.000000,0.000000,0.071083,0.014625,0.291084,639,8106974,142158,0,2,0,2,0,0,0,0,0,0,7208,0,4680,2528,0
49737,16.824083,16.717626,16.690747,0.000000,0.000375,0.000000,0.000000,0.088042,0.025375,0.589542,634,8122735,146967,0,2,0,2,0,0,0,0,0,0,5406,0,3510,1896,0
49738,16.416834,16.273622,16.260507,0.000000,0.000417,0.000000,0.000000,0.074125,0.025250,0.291042,633,8107167,143415,0,2,0,2,0,0,0,0,0,0,5535,0,3510,2025,0
49739,16.142250,15.992992,15.985543,0.000000,0.000333,0.000000,0.000000,0.064750,0.029916,1.196708,640,8107070,145965,0,2,0,2,0,0,0,0,0,0,7336,0,4680,2656,0
49740,18.336541,18.272873,18.244997,0.000000,0.000500,0.000000,0.000000,0.103209,0.032166,0.954500,634,8107206,150736,0,2,0,2,0,0,0,0,0,0,5406,0,3510,1896,0
49741,17.606084,17.440118,17.088778,0.000000,0.000249,0.000000,0.000000,0.082750,0.040833,0.310416,631,8107251,144674,0,2,0,2,0,0,0,0,0,0,5406,0,3510,1896,0
49742,16.528000,16.393214,16.393225,0.000000,0.000417,0.000000,0.000000,0.070666,0.022125,0.925334,639,8091635,142682,0,2,0,2,0,0,0,0,0,0,7208,0,4680,2528,0
49743,17.086791,16.993891,16.978556,0.000000,0.000459,0.000000,0.000000,0.075500,0.014709,0.947959,634,8122680,146509,0,2,0,2,0,0,0,0,0,0,5406,0,3510,1896,0
49744,16.466500,16.297722,16.277034,0.000000,0.000417,0.000000,0.000000,0.071250,0.018209,0.291583,638,8138135,146199,0,2,0,2,0,0,0,0,0,0,5627,0,3510,2117,0
49745,18.039459,17.960796,17.966211,0.000000,0.000376,0.000000,0.000000,0.088291,0.036792,1.297083,640,8075951,158781,0,2,0,2,0,0,0,0,0,0,7325,0,4680,2645,0
49746,16.586708,16.486702,16.479082,0.000000,0.000334,0.000000,0.000000,0.078875,0.014167,0.607875,633,8126061,145308,0,2,0,2,0,0,0,0,0,0,5406,0,3510,1896,0
49747,16.461792,16.350051,16.344142,0.000000,0.000501,0.000000,0.000000,0.118291,0.045875,0.950958,632,8103884,142946,0,2,0,2,0,0,0,0,0,0,5406,0,3510,1896,0
49748,17.014250,16.837842,16.805515,0.000000,0.000333,0.000000,0.000000,0.078000,0.015541,0.291167,637,8091677,140815,0,2,0,2,0,0,0,0,0,0,7208,0,4680,2528,0
49749,17.507166,17.363258,17.344042,0.000000,0.000459,0.000000,0.000000,0.083709,0.018333,0.990791,634,8107179,145380,0,2,0,2,0,0,0,0,0,0,5406,0,3510,1896,0
49750,18.603584,18.490586,18.511077,0.000000,0.000375,0.000000,0.000000,0.078833,0.014375,1.057084,631,8107272,144817,0,2,0,2,0,0,0,0,0,0,5406,0,3510,1896,0
49751,18.766791,18.662974,18.689911,0.000000,0.000499,0.000000,0.000000,0.084959,0.038166,1.280667,640,8107010,148251,0,2,0,2,0,0,0,0,0,0,7208,0,4680,2528,0
49752,18.473667,18.323667,18.341038,0.000000,0.000375,0.000000,0.000000,0.090625,0.028417,0.308917,633,8107242,144179,0,2,0,2,0,0,0,0,0,0,5406,0,3510,1896,0
49753,18.751917,18.585730,18.605509,0.000000,0.000418,0.000000,0.000000,0.078291,0.018584,0.618042,634,8107258,144070,0,2,0,2,0,0,0,0,0,0,5406,0,3510,1896,0
49754,19.540166,19.330877,19.186089,0.000000,0.000375,0.000000,0.000000,0.078750,0.029584,0.997958,638,8091634,140252,0,2,0,2,0,0,0,0,0,0,7208,0,4680,2528,0
49755,17.598709,17.495140,17.490431,0.000000,0.000416,0.000000,0.000000,0.070708,0.013458,1.289834,632,8107262,144439,0,2,0,2,0,0,0,0,0,0,5406,0,3510,1896,0
49756,16.637125,16.548780,16.561868,0.000000,0.000499,0.000000,0.000000,0.113541,0.032042,0.635625,633,8138164,142672,0,2,0,2,0,0,0,0,0,0,5406,0,3510,1896,0
49757,16.741208,16.612160,16.596963,0.000000,0.000375,0.000000,0.000000,0.087250,0.016000,1.243041,644,8137856,142005,0,2,0,2,0,0,0,0,0,0,7385,0,4680,2705,0
49758,18.989708,18.832668,18.730791,0.000000,0.000499,0.000000,0.000000,0.071292,0.016750,0.302458,630,8076247,157047,0,2,0,2,0,0,0,0,0,0,5556,0,3510,2046,0
49759,19.446709,19.359406,19.370845,0.000000,0.000500,0.000000,0.000000,0.128125,0.023500,1.284667,634,8107323,157863,0,2,0,2,0,0,0,0,0,0,5406,0,3510,1896,0
49760,18.525166,18.346045,18.308873,0.000000,0.000459,0.000000,0.000000,0.085292,0.019333,0.938542,638,8091495,143525,0,2,0,2,0,0,0,0,0,0,7208,0,4680,2528,0
49761,18.141167,17.960895,17.972288,0.000000,0.000417,0.000000,0.000000,0.093125,0.029708,1.309875,634,8122730,148683,0,2,0,2,0,0,0,0,0,0,5406,0,3510,1896,0
49762,17.181083,17.114334,17.099958,0.000000,0.000208,0.000000,0.000000,0.088959,0.024041,0.642166,632,8091786,145746,0,2,0,2,0,0,0,0,0,0,5406,0,3510,1896,0
49763,17.568167,17.420013,17.374345,0.000000,0.000584,0.000000,0.000000,0.095792,0.024166,0.950125,639,8107018,143284,0,2,0,2,0,0,0,0,0,0,7208,0,4680,2528,0
49764,16.638250,16.518545,16.523968,0.000000,0.000376,0.000000,0.000000,0.075958,0.022625,0.955625,634,8138138,149308,0,2,0,2,0,0,0,0,0,0,5406,0,3510,1896,0
49765,18.338042,18.175420,18.185663,0.000000,0.000334,0.000000,0.000000,0.080791,0.035542,0.300542,631,8092046,156097,0,2,0,2,0,0,0,0,0,0,5406,0,3510,1896,0
49766,17.475083,17.337824,17.355293,0.000000,0.000333,0.000000,0.000000,0.107250,0.022000,1.263583,639,8091330,143493,0,2,0,2,0,0,0,0,0,0,7208,0,4680,2528,0
49767,18.014333,17.875786,17.830260,0.000000,0.000417,0.000000,0.000000,0.080459,0.016416,0.963958,632,8122742,148597,0,2,0,2,0,0,0,0,0,0,5406,0,3510,1896,0
49768,16.922625,16.836656,16.826293,0.000000,0.000375,0.000000,0.000000,0.081542,0.020583,0.612542,645,8091773,142486,0,2,0,2,0,0,0,0,0,0,5406,0,3510,1896,0
49769,17.594375,17.444839,17.478237,0.000000,0.000376,0.000000,0.000000,0.095167,0.015292,1.248167,641,8122518,144086,0,2,0,2,0,0,0,0,0,0,7208,0,4680,2528,0
49770,15.839709,15.673615,15.669906,0.000000,0.000542,0.000000,0.000000,0.058375,0.012458,0.628916,630,8091785,140555,0,2,0,2,0,0,0,0,0,0,5406,0,3510,1896,0
49771,17.971750,17.817963,17.812994,0.000000,0.000375,0.000000,0.000000,0.072833,0.025750,0.927375,634,8091716,153166,0,2,0,2,0,0,0,0,0,0,5721,0,3510,2211,0
49772,17.676583,17.593028,17.606176,0.000000,0.000501,0.000000,0.000000,0.068458,0.019709,1.231542,641,8138053,151998,0,2,0,2,0,0,0,0,0,0,7208,0,4680,2528,0
49773,16.448292,16.287656,16.298361,0.000000,0.000208,0.000000,0.000000,0.091291,0.024125,0.610334,629,8076264,144133,0,2,0,2,0,0,0,0,0,0,5406,0,3510,1896,0
49774,17.402875,17.303462,17.272812,0.000000,0.000459,0.000000,0.000000,0.071708,0.024833,1.788541,631,8117608,144421,0,2,0,2,0,0,0,0,0,0,5781,0,3510,2271,0
49775,16.545958,16.403240,16.390462,0.000000,0.000374,0.000000,0.000000,0.069375,0.026833,0.632791,641,8096553,145549,0,2,0,2,0,0,0,0,0,0,7114,0,4680,2434,0
49776,18.140083,18.034416,18.051621,0.000000,0.000458,0.000000,0.000000,0.093375,0.027834,0.931291,635,8138217,153455,0,2,0,2,0,0,0,0,0,0,5406,0,3510,1896,0
49777,18.385250,18.254362,18.239733,0.000000,0.000417,0.000000,0.000000,0.079500,0.036875,1.666792,642,8107034,147944,0,2,0,2,0,0,0,0,0,0,7208,0,4680,2528,0
49778,19.080750,18.871822,18.882758,0.000000,0.000416,0.000000,0.000000,0.083584,0.029458,1.326375,631,8091762,154014,0,2,0,2,0,0,0,0,0,0,5406,0,3510,1896,0
49779,17.162709,17.116194,17.110259,0.000000,0.000334,0.000000,0.000000,0.083375,0.035125,0.647542,634,8122768,148056,0,2,0,2,0,0,0,0,0,0,5406,0,3510,1896,0
49780,18.011791,17.878636,17.862982,0.000000,0.000542,0.000000,0.000000,0.087667,0.023333,1.332249,637,8091564,144792,0,2,0,2,0,0,0,0,0,0,7208,0,4680,2528,0
49781,18.914292,18.731996,18.748023,0.000000,0.000500,0.000000,0.000000,0.088542,0.016333,1.255542,632,8107378,149424,0,2,0,2,0,0,0,0,0,0,5406,0,3510,1896,0
49782,18.926542,18.853709,18.838167,0.000000,0.000375,0.000000,0.000000,0.165541,0.021625,0.445375,632,8112573,146578,0,2,0,2,0,0,0,0,0,0,5406,0,3510,1896,0
49783,18.251833,18.097041,17.929170,0.000000,0.000290,0.000000,0.000000,0.092292,0.022500,0.625834,642,8117154,144734,0,2,0,2,0,0,0,0,0,0,7208,0,4680,2528,0
49784,17.006375,16.834622,16.780043,0.000000,0.000290,0.000000,0.000000,0.075000,0.017417,1.361333,632,8107147,147173,0,2,0,2,0,0,0,0,0,0,5406,0,3510,1896,0
49785,17.307667,17.194789,17.170749,0.000000,0.000458,0.000000,0.000000,0.098625,0.031583,0.638041,631,8076358,146687,0,2,0,2,0,0,0,0,0,0,5406,0,3510,1896,0
49786,17.293250,17.160743,17.094126,0.000000,0.000416,0.000000,0.000000,0.069625,0.028916,0.938250,642,8137931,144516,0,2,0,2,0,0,0,0,0,0,7208,0,4680,2528,0
49787,16.705666,16.569304,16.560931,0.000000,0.000374,0.000000,0.000000,0.090625,0.026084,1.299667,632,8076361,146256,0,2,0,2,0,0,0,0,0,0,5406,0,3510,1896,0
49788,16.815209,16.644700,16.657918,0.000000,0.000250,0.000000,0.000000,0.073041,0.014459,0.657209,632,8107368,145093,0,2,0,2,0,0,0,0,0,0,5406,0,3510,1896,0
49789,18.112083,18.038280,17.910428,0.000000,0.000667,0.000000,0.000000,0.080500,0.023000,1.010251,643,8137934,145281,0,2,0,2,0,0,0,0,0,0,7208,0,4680,2528,0
49790,17.843292,17.729786,17.673553,0.000000,0.000416,0.000000,0.000000,0.083083,0.037708,0.603834,651,8075925,146777,0,2,0,2,0,0,0,0,0,0,7447,0,3510,3937,0
49791,18.304708,18.191515,18.057640,0.000000,0.000584,0.000000,0.000000,0.075208,0.042042,0.315000,632,8107256,144785,0,2,0,2,0,0,0,0,0,0,5406,0,3510,1896,0
49792,18.913125,18.798782,18.570000,0.000000,0.000459,0.000000,0.000000,0.130167,0.028958,0.605000,640,8122489,143331,0,2,0,2,0,0,0,0,0,0,7208,0,4680,2528,0
49793,17.993958,17.685377,17.677340,0.000000,0.000332,0.000000,0.000000,0.086167,0.017625,1.282875,629,8076368,147246,0,2,0,2,0,0,0,0,0,0,5406,0,3510,1896,0
49794,18.725584,18.584447,18.559291,0.000000,0.000499,0.000000,0.000000,0.077750,0.027333,0.638209,632,8107285,144606,0,2,0,2,0,0,0,0,0,0,5406,0,3510,1896,0
49795,17.518291,17.510974,17.463375,0.000000,0.000333,0.000000,0.000000,0.077792,0.016083,0.978250,640,8137911,143955,0,2,0,2,0,0,0,0,0,0,7208,0,4680,2528,0
49796,18.558875,18.387269,18.328454,0.000000,0.000376,0.000000,0.000000,0.077959,0.026166,0.958291,632,8107256,146419,0,2,0,2,0,0,0,0,0,0,5406,0,3510,1896,0
49797,18.352959,18.123503,18.148498,0.000000,0.000293,0.000000,0.000000,0.073958,0.030042,1.286917,630,8076423,145448,0,2,0,2,0,0,0,0,0,0,5406,0,3510,1896,0
49798,17.626125,17.640388,17.619421,0.000000,0.000292,0.000000,0.000000,0.082916,0.023792,0.641542,642,8153367,144658,0,2,0,2,0,0,0,0,0,0,7208,0,4680,2528,0
49799,18.091166,17.805922,17.744426,0.000000,0.000541,0.000000,0.000000,0.076917,0.024125,0.973500,628,8060881,145520,0,2,0,2,0,0,0,0,0,0,5406,0,3510,1896,0
49800,17.042750,17.027094,17.013805,0.000000,0.000292,0.000000,0.000000,0.069834,0.012958,0.630917,635,8138229,145619,0,2,0,2,0,0,0,0,0,0,5406,0,3510,1896,0
49801,16.587375,16.398538,16.399011,0.000000,0.000417,0.000000,0.000000,0.084167,0.016792,1.207209,639,8091492,145144,0,2,0,2,0,0,0,0,0,0,7327,0,4680,2647,0
49802,19.203000,19.044553,19.064787,0.000000,0.000417,0.000000,0.000000,0.087000,0.018459,1.283125,632,8093854,151802,0,2,0,2,0,0,0,0,0,0,5406,0,3510,1896,0
49803,17.037459,16.894386,16.907952,0.000000,0.000459,0.000000,0.000000,0.077958,0.040333,0.638458,631,8105249,143948,0,2,0,2,0,0,0,0,0,0,5406,0,3510,1896,0
49804,16.014583,15.930797,15.915956,0.000000,0.000292,0.000000,0.000000,0.076458,0.016959,0.822542,645,8127075,141841,0,2,0,2,0,0,0,0,0,0,7362,0,4680,2682,0
49805,17.154042,17.045027,17.040582,0.000000,0.000333,0.000000,0.000000,0.076458,0.030250,0.945708,630,8102558,149179,0,2,0,2,0,0,0,0,0,0,5406,0,3510,1896,0
49806,16.033208,15.828177,15.815200,0.000000,0.000334,0.000000,0.000000,0.086083,0.014584,0.657334,631,8091812,139217,0,2,0,2,0,0,0,0,0,0,5406,0,3510,1896,0
49807,15.770708,15.687911,15.689679,0.000000,0.000291,0.000000,0.000000,0.068584,0.037291,0.945709,643,8113547,139422,0,2,0,2,0,0,0,0,0,0,7327,0,4680,2647,0
49808,17.558500,17.513734,17.516421,0.000000,0.000625,0.000000,0.000000,0.075875,0.015209,0.657292,630,8116163,147658,0,2,0,2,0,0,0,0,0,0,5406,0,3510,1896,0
49809,18.037750,17.826591,17.817294,0.000000,0.000501,0.000000,0.000000,0.083209,0.020625,1.257791,631,8107258,140877,0,2,0,2,0,0,0,0,0,0,5406,0,3510,1896,0
49810,16.965000,16.883035,16.791930,0.000000,0.001125,0.000000,0.000000,0.091750,0.017959,0.609542,640,8122508,137532,0,2,0,2,0,0,0,0,0,0,7208,0,4680,2528,0
49811,18.371667,18.244456,18.220574,0.000000,0.000375,0.000000,0.000000,0.085917,0.025541,1.094500,631,8107240,147105,0,2,0,2,0,0,0,0,0,0,5406,0,3510,1896,0
49812,16.208083,16.023890,16.000806,0.000000,0.000374,0.000000,0.000000,0.066625,0.014709,0.957666,631,8087278,138656,0,2,0,2,0,0,0,0,0,0,5406,0,3510,1896,0
49813,16.296542,16.154330,16.122955,0.000000,0.000459,0.000000,0.000000,0.082375,0.016375,0.636208,641,8111636,138162,0,2,0,2,0,0,0,0,0,0,7208,0,4680,2528,0
49814,16.439292,16.358914,16.356198,0.000000,0.000333,0.000000,0.000000,0.079625,0.033208,0.947375,631,8107209,141643,0,2,0,2,0,0,0,0,0,0,5406,0,3510,1896,0
49815,16.638541,16.496683,16.396291,0.000000,0.000459,0.000000,0.000000,0.076042,0.014958,0.609334,633,8107276,139519,0,2,0,2,0,0,0,0,0,0,5406,0,3510,1896,0
49816,15.892500,15.779969,15.764222,0.000000,0.000333,0.000000,0.000000,0.073042,0.028375,0.956124,638,8107034,136617,0,2,0,2,0,0,0,0,0,0,7208,0,4680,2528,0
49817,16.614584,16.505249,16.502922,0.000000,0.000334,0.000000,0.000000,0.068375,0.019083,0.637042,631,8107260,143173,0,2,0,2,0,0,0,0,0,0,5406,0,3510,1896,0
49818,17.061333,16.957338,16.964453,0.000000,0.000375,0.000000,0.000000,0.111875,0.023542,0.919625,637,8138106,137997,0,2,0,2,0,0,0,0,0,0,5577,0,3510,2067,0
49819,17.227000,17.138509,17.144714,0.000000,0.000417,0.000000,0.000000,0.106625,0.033250,1.281666,640,8106959,145763,0,2,0,2,0,0,0,0,0,0,7208,0,4680,2528,0
49820,17.357667,17.185118,17.133742,0.000000,0.000499,0.000000,0.000000,0.093416,0.017000,0.694792,632,8113306,143990,0,2,0,2,0,0,0,0,0,0,5406,0,3510,1896,0
49821,17.219750,17.075335,17.052485,0.000000,0.000208,0.000000,0.000000,0.074750,0.022875,0.775459,630,8085766,144185,0,2,0,2,0,0,0,0,0,0,5406,0,3510,1896,0
49822,16.890625,16.780749,16.778260,0.000000,0.000459,0.000000,0.000000,0.062458,0.049083,0.638417,643,8122746,143965,0,2,0,2,0,0,0,0,0,0,7208,0,4680,2528,0
49823,16.881333,16.738177,16.735834,0.000000,0.000417,0.000000,0.000000,0.075958,0.035167,0.738791,626,8076114,145785,0,2,0,2,0,0,0,0,0,0,5406,0,3510,1896,0
49824,16.543625,16.440595,16.414715,0.000000,0.000418,0.000000,0.000000,0.079208,0.031750,0.804124,635,8138150,143677,0,2,0,2,0,0,0,0,0,0,5406,0,3510,1896,0
49825,17.279833,17.146644,17.150456,0.000000,0.000333,0.000000,0.000000,0.072209,0.024583,0.463541,642,8122602,150516,0,2,0,2,0,0,0,0,0,0,7334,0,4680,2654,0
49826,17.116709,16.936601,16.906936,0.000000,0.000291,0.000000,0.000000,0.084208,0.015500,1.103958,630,8060780,152084,0,2,0,2,0,0,0,0,0,0,5532,0,3510,2022,0
49827,18.308708,18.290862,18.310889,0.000000,0.004083,0.000000,0.000000,0.105667,0.036833,0.931876,638,8133236,153736,0,2,0,2,0,0,0,0,0,0,7004,0,4536,2468,0
49828,18.807750,18.561014,18.553742,0.000000,0.000333,0.000000,0.000000,0.085542,0.016208,0.509375,634,8096468,147472,0,2,0,2,0,0,0,0,0,0,5610,0,3654,1956,0
49829,17.695167,17.632780,17.615999,0.000000,0.000332,0.000000,0.000000,0.082708,0.020375,0.773875,633,8122701,149605,0,2,0,2,0,0,0,0,0,0,5406,0,3510,1896,0
49830,17.150666,17.022605,17.020305,0.000000,0.000374,0.000000,0.000000,0.093834,0.022583,1.265667,640,8107083,147942,0,2,0,2,0,0,0,0,0,0,7208,0,4680,2528,0
49831,18.173459,18.029804,17.997790,0.000000,0.000416,0.000000,0.000000,0.074583,0.025167,0.310041,632,8091813,150749,0,2,0,2,0,0,0,0,0,0,5406,0,3510,1896,0
49832,17.159125,17.008355,17.009313,0.000000,0.000249,0.000000,0.000000,0.075583,0.023125,0.936833,632,8107246,146111,0,2,0,2,0,0,0,0,0,0,5406,0,3510,1896,0
49833,17.448625,17.353463,17.352708,0.000000,0.000458,0.000000,0.000000,0.075166,0.035334,0.610917,639,8107041,146879,0,2,0,2,0,0,0,0,0,0,7208,0,4680,2528,0
49834,18.535625,18.399990,18.379408,0.000000,0.000374,0.000000,0.000000,0.072000,0.034041,1.121000,632,8107238,152422,0,2,0,2,0,0,0,0,0,0,5406,0,3510,1896,0
49835,17.584791,17.488649,17.470568,0.000000,0.000417,0.000000,0.000000,0.083000,0.045709,0.934251,631,8107303,149251,0,2,0,2,0,0,0,0,0,0,5406,0,3510,1896,0
49836,16.757834,16.573619,16.571228,0.000000,0.000417,0.000000,0.000000,0.068833,0.046750,0.606167,639,8107028,144951,0,2,0,2,0,0,0,0,0,0,7208,0,4680,2528,0
49837,17.051083,16.894065,16.866515,0.000000,0.000333,0.000000,0.000000,0.060042,0.013000,0.900791,633,8109389,148921,0,2,0,2,0,0,0,0,0,0,5406,0,3510,1896,0
49838,15.932083,15.869583,15.883756,0.000000,0.000209,0.000000,0.000000,0.075375,0.014875,1.259292,630,8120561,142120,0,2,0,2,0,0,0,0,0,0,5406,0,3510,1896,0
49839,16.295834,16.178613,16.195492,0.000000,0.000207,0.000000,0.000000,0.090291,0.027709,0.633750,639,8091644,140449,0,2,0,2,0,0,0,0,0,0,7208,0,4680,2528,0
49840,16.806875,16.645996,16.559467,0.000000,0.000751,0.000000,0.000000,0.090833,0.013917,0.973374,630,8107199,140361,0,2,0,2,0,0,0,0,0,0,5406,0,3510,1896,0
49841,16.613916,16.508290,16.491063,0.000000,0.000250,0.000000,0.000000,0.075334,0.033875,0.308542,632,8107277,140725,0,2,0,2,0,0,0,0,0,0,5406,0,3510,1896,0
49842,17.561375,17.383987,17.281932,0.000000,0.000417,0.000000,0.000000,0.085667,0.019750,1.141875,637,8091587,141126,0,2,0,2,0,0,0,0,0,0,7208,0,4680,2528,0
49843,16.714250,16.634265,16.606115,0.000000,0.000501,0.000000,0.000000,0.069292,0.018750,0.291125,632,8138191,143875,0,2,0,2,0,0,0,0,0,0,5406,0,3510,1896,0
49844,16.275750,16.153966,16.152586,0.000000,0.000333,0.000000,0.000000,0.087084,0.033958,0.942541,632,8107247,140221,0,2,0,2,0,0,0,0,0,0,5406,0,3510,1896,0
49845,16.242417,16.127359,16.113037,0.000000,0.000374,0.000000,0.000000,0.070542,0.045708,0.290667,640,8091607,138762,0,2,0,2,0,0,0,0,0,0,7208,0,4680,2528,0
49846,16.371167,16.244478,16.239856,0.000000,0.000501,0.000000,0.000000,0.065708,0.020667,1.008708,632,8107275,143087,0,2,0,2,0,0,0,0,0,0,5406,0,3510,1896,0
49847,16.454875,16.328643,16.242777,0.000000,0.000209,0.000000,0.000000,0.069208,0.021417,0.784125,634,8118232,141829,0,2,0,2,0,0,0,0,0,0,5406,0,3510,1896,0
49848,15.694041,15.571467,15.568528,0.000000,0.000291,0.000000,0.000000,0.062750,0.019167,0.480375,647,8157688,139262,0,2,0,2,0,0,0,0,0,0,7523,0,4680,2843,0
49849,17.510084,17.369589,17.276035,0.000000,0.000709,0.000000,0.000000,0.093375,0.027166,1.105875,628,8060925,147346,0,2,0,2,0,0,0,0,0,0,5406,0,3510,1896,0
49850,16.587083,16.467035,16.456587,0.000000,0.000291,0.000000,0.000000,0.083167,0.037125,0.643375,631,8076389,143673,0,2,0,2,0,0,0,0,0,0,5406,0,3510,1896,0
49851,16.852000,16.718956,16.690832,0.000000,0.000334,0.000000,0.000000,0.070083,0.013750,1.125583,643,8137934,141666,0,2,0,2,0,0,0,0,0,0,7208,0,4680,2528,0
49852,16.882583,16.756370,16.760211,0.000000,0.000458,0.000000,0.000000,0.073209,0.014208,0.289250,630,8076352,140781,0,2,0,2,0,0,0,0,0,0,5406,0,3510,1896,0
49853,16.951292,16.829370,16.845786,0.000000,0.000376,0.000000,0.000000,0.068500,0.044500,0.966958,633,8122731,141988,0,2,0,2,0,0,0,0,0,0,5406,0,3510,1896,0
49854,15.858042,15.748793,15.727042,0.000000,0.000374,0.000000,0.000000,0.063916,0.048209,0.303917,642,8137902,143633,0,2,0,2,0,0,0,0,0,0,7208,0,4680,2528,0
49855,17.344375,17.224267,17.203151,0.000000,0.000375,0.000000,0.000000,0.064708,0.042042,0.961958,629,8076365,147501,0,2,0,2,0,0,0,0,0,0,5406,0,3510,1896,0
49856,17.530833,17.381623,17.360211,0.000000,0.000375,0.000000,0.000000,0.066667,0.044000,1.321459,635,8138151,141469,0,2,0,2,0,0,0,0,0,0,5406,0,3510,1896,0
49857,18.339917,18.278375,18.213287,0.000000,0.000457,0.000000,0.000000,0.099916,0.055625,0.608375,641,8122707,142025,0,2,0,2,0,0,0,0,0,0,7208,0,4680,2528,0
49858,18.019291,17.764622,17.748917,0.000000,0.000458,0.000000,0.000000,0.076834,0.030166,0.905209,628,8045226,143736,0,2,0,2,0,0,0,0,0,0,5406,0,3510,1896,0
49859,17.426875,17.318090,17.338459,0.000000,0.000375,0.000000,0.000000,0.074292,0.015750,1.312834,630,8107286,142891,0,2,0,2,0,0,0,0,0,0,5406,0,3510,1896,0
49860,17.696167,17.583037,17.543046,0.000000,0.000416,0.000000,0.000000,0.078667,0.024333,0.314208,641,8137910,144180,0,2,0,2,0,0,0,0,0,0,7208,0,4680,2528,0
49861,17.308250,17.189705,17.197594,0.000000,0.000541,0.000000,0.000000,0.086208,0.022334,0.972791,632,8107250,137824,0,2,0,2,0,0,0,0,0,0,5406,0,3510,1896,0
49862,15.194750,15.053162,15.045871,0.000000,0.000416,0.000000,0.000000,0.072125,0.048583,0.681167,629,8092028,129647,0,2,0,2,0,0,0,0,0,0,5406,0,3510,1896,0
49863,17.074250,16.931621,16.891321,0.000000,0.000625,0.000000,0.000000,0.099750,0.017250,0.651459,641,8106965,129197,0,2,0,2,0,0,0,0,0,0,7208,0,4680,2528,0
49864,15.571958,15.440720,15.433069,0.000000,0.000375,0.000000,0.000000,0.072209,0.035333,1.178625,633,8107147,131533,0,2,0,2,0,0,0,0,0,0,5406,0,3510,1896,0
49865,16.308250,16.207903,16.220238,0.000000,0.000375,0.000000,0.000000,0.073667,0.034458,0.652667,632,8107241,131641,0,2,0,2,0,0,0,0,0,0,5406,0,3510,1896,0
49866,17.031834,16.881557,16.841419,0.000000,0.000416,0.000000,0.000000,0.082208,0.015583,0.811709,641,8110780,129854,0,2,0,2,0,0,0,0,0,0,7208,0,4680,2528,0
49867,15.603958,15.473013,15.469929,0.000000,0.000334,0.000000,0.000000,0.075125,0.014417,0.493500,632,8103511,132481,0,2,0,2,0,0,0,0,0,0,5406,0,3510,1896,0
49868,15.284000,15.156948,15.151304,0.000000,0.000374,0.000000,0.000000,0.074208,0.018917,1.140500,630,8107272,130944,0,2,0,2,0,0,0,0,0,0,5406,0,3510,1896,0
49869,15.699667,15.633279,15.615188,0.000000,0.000416,0.000000,0.000000,0.110250,0.016375,0.306042,643,8122479,130660,0,2,0,2,0,0,0,0,0,0,7208,0,4680,2528,0
49870,16.977166,16.830291,16.745038,0.000000,0.000417,0.000000,0.000000,0.089542,0.048542,0.629499,632,8107342,132860,0,2,0,2,0,0,0,0,0,0,5406,0,3510,1896,0
49871,15.580250,15.449408,15.423628,0.000000,0.000458,0.000000,0.000000,0.083500,0.039917,0.613625,628,8091786,130142,0,2,0,2,0,0,0,0,0,0,5406,0,3510,1896,0
49872,15.423125,15.269084,15.260416,0.000000,0.000251,0.000000,0.000000,0.067334,0.031708,0.650000,640,8107068,129304,0,2,0,2,0,0,0,0,0,0,7208,0,4680,2528,0
49873,15.529334,15.431506,15.436350,0.000000,0.000292,0.000000,0.000000,0.064208,0.050792,1.285292,634,8107328,132497,0,2,0,2,0,0,0,0,0,0,5406,0,3510,1896,0
49874,15.544000,15.418964,15.377870,0.000000,0.000416,0.000000,0.000000,0.084875,0.028708,0.304625,643,8107150,130254,0,2,0,2,0,0,0,0,0,0,5406,0,3510,1896,0
49875,16.096791,15.962256,15.800923,0.000000,0.000334,0.000000,0.000000,0.080167,0.049667,0.933374,639,8107126,130102,0,2,0,2,0,0,0,0,0,0,7208,0,4680,2528,0
49876,15.533250,15.402672,15.395235,0.000000,0.000374,0.000000,0.000000,0.067709,0.050083,0.653333,630,8107225,130700,0,2,0,2,0,0,0,0,0,0,5406,0,3510,1896,0
49877,16.559917,16.559275,16.576002,0.000000,0.000543,0.000000,0.000000,0.116167,0.124291,0.606291,634,8138151,132733,0,2,0,2,0,0,0,0,0,0,5406,0,3510,1896,0
49878,19.616458,19.382709,18.594628,0.000000,0.004209,0.000000,0.000000,0.114209,0.016833,0.591500,638,8091678,129592,0,2,0,2,0,0,0,0,0,0,7208,0,4680,2528,0
49879,16.765292,16.591197,16.568632,0.000000,0.000708,0.000000,0.000000,0.085542,0.022208,0.290583,632,8091880,130435,0,2,0,2,0,0,0,0,0,0,5406,0,3510,1896,0
49880,15.681083,15.524716,15.541838,0.000000,0.000375,0.000000,0.000000,0.060209,0.020333,0.930000,630,8107182,129341,0,2,0,2,0,0,0,0,0,0,6590,0,4182,2408,0
49881,16.835792,16.653845,16.675168,0.000000,0.000334,0.000000,0.000000,0.061833,0.017375,0.608209,638,8091599,130576,0,2,0,2,0,0,0,0,0,0,6024,0,4008,2016,0
49882,15.269333,15.178960,15.181551,0.000000,0.000209,0.000000,0.000000,0.061625,0.038500,0.918375,635,8138159,130859,0,2,0,2,0,0,0,0,0,0,5406,0,3510,1896,0
49883,14.438750,14.364613,14.373993,0.000000,0.000291,0.000000,0.000000,0.067709,0.051541,0.607750,638,8122477,128337,0,2,0,2,0,0,0,0,0,0,7208,0,4680,2528,0
49884,15.555750,15.359219,15.372549,0.000000,0.000292,0.000000,0.000000,0.057292,0.035625,1.080500,629,8076459,130448,0,2,0,2,0,0,0,0,0,0,5406,0,3510,1896,0
49885,15.728250,15.592089,15.556411,0.000000,0.000333,0.000000,0.000000,0.066709,0.014291,0.658000,631,8107410,130393,0,2,0,2,0,0,0,0,0,0,5406,0,3510,1896,0
49886,14.766084,14.663375,14.669697,0.000000,0.000332,0.000000,0.000000,0.064791,0.024667,0.611667,639,8106858,128188,0,2,0,2,0,0,0,0,0,0,7208,0,4680,2528,0
49887,14.461458,14.341972,14.352471,0.000000,0.000250,0.000000,0.000000,0.069292,0.034000,1.223791,633,8122650,131779,0,2,0,2,0,0,0,0,0,0,5406,0,3510,1896,0
49888,14.339708,14.197813,14.186943,0.000000,0.000207,0.000000,0.000000,0.056709,0.038625,0.632333,633,8091965,128613,0,2,0,2,0,0,0,0,0,0,5406,0,3510,1896,0
49889,15.684125,15.593024,15.613367,0.000000,0.000125,0.000000,0.000000,0.058667,0.035500,0.904666,642,8122507,129320,0,2,0,2,0,0,0,0,0,0,7208,0,4680,2528,0
49890,16.506417,16.357385,16.377768,0.000000,0.000293,0.000000,0.000000,0.063375,0.026000,0.613583,630,8092229,130239,0,2,0,2,0,0,0,0,0,0,5406,0,3510,1896,0
49891,16.176625,16.058371,16.077496,0.000000,0.000166,0.000000,0.000000,0.057083,0.032334,1.084833,632,8122229,129449,0,2,0,2,0,0,0,0,0,0,5406,0,3510,1896,0
49892,15.148250,15.002750,15.012488,0.000000,0.000166,0.000000,0.000000,0.079500,0.013708,0.609375,641,8091499,126835,0,2,0,2,0,0,0,0,0,0,7208,0,4680,2528,0
49893,15.828042,15.748432,15.750764,0.000000,0.000417,0.000000,0.000000,0.101166,0.021542,1.086167,632,8122699,131219,0,2,0,2,0,0,0,0,0,0,5406,0,3510,1896,0
49894,15.711666,15.509279,15.524204,0.000000,0.000208,0.000000,0.000000,0.064125,0.020042,0.608042,631,8091803,126913,0,2,0,2,0,0,0,0,0,0,5406,0,3510,1896,0
49895,15.137709,14.977584,14.996458,0.000000,0.000207,0.000000,0.000000,0.054708,0.016500,1.115499,638,8091613,126122,0,2,0,2,0,0,0,0,0,0,7208,0,4680,2528,0
49896,15.381166,15.291793,15.311684,0.000000,0.000250,0.000000,0.000000,0.069042,0.014583,0.290917,634,8122708,129088,0,2,0,2,0,0,0,0,0,0,5406,0,3510,1896,0
49897,14.881292,14.763202,14.775505,0.000000,0.000209,0.000000,0.000000,0.066083,0.039834,0.620833,655,8122372,130157,0,2,0,2,0,0,0,0,0,0,7447,0,3510,3937,0
49898,14.081833,13.948194,13.965764,0.000000,0.000334,0.000000,0.000000,0.068834,0.046833,1.050124,640,8107055,125697,0,2,0,2,0,0,0,0,0,0,7208,0,4680,2528,0
49899,14.363834,14.218036,14.232160,0.000000,0.000250,0.000000,0.000000,0.065750,0.035125,0.632333,631,8107238,129668,0,2,0,2,0,0,0,0,0,0,5406,0,3510,1896,0
49900,14.662375,14.615375,14.594148,0.000000,0.000333,0.000000,0.000000,0.110291,0.041584,0.496416,632,8107348,127252,0,2,0,2,0,0,0,0,0,0,5406,0,3510,1896,0
49901,14.690791,14.490255,14.508001,0.000000,0.000126,0.000000,0.000000,0.055875,0.034709,0.943541,639,8091498,126123,0,2,0,2,0,0,0,0,0,0,7208,0,4680,2528,0
49902,16.343542,16.218594,16.173633,0.000000,0.000207,0.000000,0.000000,0.092917,0.012083,0.606959,632,8122701,129513,0,2,0,2,0,0,0,0,0,0,5406,0,3510,1896,0
49903,14.376833,14.280500,14.277429,0.000000,0.000208,0.000000,0.000000,0.074459,0.036500,0.927541,631,8107331,127824,0,2,0,2,0,0,0,0,0,0,5406,0,3510,1896,0
49904,14.140125,13.981049,13.975165,0.000000,0.000251,0.000000,0.000000,0.061584,0.021166,0.332833,639,8091530,124733,0,2,0,2,0,0,0,0,0,0,7208,0,4680,2528,0
49905,15.122334,15.031812,15.024329,0.000000,0.000375,0.000000,0.000000,0.086875,0.041166,0.634708,633,8122838,130204,0,2,0,2,0,0,0,0,0,0,5406,0,3510,1896,0
49906,14.851958,14.695370,14.686924,0.000000,0.000417,0.000000,0.000000,0.074708,0.036709,0.902624,631,8107172,126744,0,2,0,2,0,0,0,0,0,0,5406,0,3510,1896,0
49907,14.083583,13.979331,13.994013,0.000000,0.000125,0.000000,0.000000,0.066125,0.036042,0.610125,640,8107030,125750,0,2,0,2,0,0,0,0,0,0,7208,0,4680,2528,0
49908,15.578542,15.505154,15.495753,0.000000,0.000250,0.000000,0.000000,0.137333,0.019292,0.590209,634,8122671,129617,0,2,0,2,0,0,0,0,0,0,5406,0,3510,1896,0
49909,14.661917,14.402283,14.297336,0.000000,0.000208,0.000000,0.000000,0.073958,0.014250,0.291000,630,8076363,126932,0,2,0,2,0,0,0,0,0,0,5406,0,3510,1896,0
49910,14.077541,14.021870,14.014505,0.000000,0.000207,0.000000,0.000000,0.057042,0.035583,0.614292,639,8107051,125653,0,2,0,2,0,0,0,0,0,0,7208,0,4680,2528,0
49911,14.105084,13.943544,13.960000,0.000000,0.000334,0.000000,0.000000,0.072291,0.014375,0.901167,633,8107263,129077,0,2,0,2,0,0,0,0,0,0,5406,0,3510,1896,0
49912,14.011083,13.891124,13.885378,0.000000,0.000207,0.000000,0.000000,0.066625,0.013500,0.291375,631,8091814,126372,0,2,0,2,0,0,0,0,0,0,5406,0,3510,1896,0
49913,14.106542,14.024127,14.002833,0.000000,0.000291,0.000000,0.000000,0.059875,0.035750,0.291708,642,8122516,126670,0,2,0,2,0,0,0,0,0,0,7208,0,4680,2528,0
49914,14.214208,14.073278,14.092342,0.000000,0.000166,0.000000,0.000000,0.093958,0.015250,0.585708,633,8107243,128874,0,2,0,2,0,0,0,0,0,0,5406,0,3510,1896,0
49915,14.644708,14.508472,14.523714,0.000000,0.000249,0.000000,0.000000,0.069459,0.026125,0.650708,630,8107268,126819,0,2,0,2,0,0,0,0,0,0,5406,0,3510,1896,0
49916,14.951417,14.843825,14.822737,0.000000,0.000292,0.000000,0.000000,0.086875,0.020458,0.299042,640,8107056,124988,0,2,0,2,0,0,0,0,0,0,7208,0,4680,2528,0
49917,16.060458,15.920545,15.888804,0.000000,0.000333,0.000000,0.000000,0.081042,0.020833,0.943333,633,8107246,129527,0,2,0,2,0,0,0,0,0,0,5406,0,3510,1896,0
49918,14.924834,14.805343,14.809381,0.000000,0.000500,0.000000,0.000000,0.088833,0.017042,0.634792,632,8107271,127071,0,2,0,2,0,0,0,0,0,0,5406,0,3510,1896,0
49919,16.316458,16.240099,16.220109,0.000000,0.000291,0.000000,0.000000,0.076333,0.027917,0.946708,638,8107162,125460,0,2,0,2,0,0,0,0,0,0,7208,0,4680,2528,0
49920,15.165208,15.020962,15.007296,0.000000,0.000292,0.000000,0.000000,0.065959,0.026583,0.610417,639,8137846,129656,0,2,0,2,0,0,0,0,0,0,5863,0,3510,2353,0
49921,19.569000,19.455037,19.454672,0.000000,0.000500,0.000000,0.000000,0.068584,0.030333,0.953667,629,8076323,185609,0,2,0,2,0,0,0,0,0,0,5406,0,3510,1896,0
49922,17.561500,17.400628,17.363512,0.000000,0.000417,0.000000,0.000000,0.079917,0.016042,0.758667,641,8091569,139021,0,2,0,2,0,0,0,0,0,0,7208,0,4680,2528,0
49923,17.729792,17.591825,17.571827,0.000000,0.000334,0.000000,0.000000,0.069083,0.022625,0.613958,634,8122773,142804,0,2,0,2,0,0,0,0,0,0,5406,0,3510,1896,0
49924,17.540875,17.372838,17.392462,0.000000,0.000292,0.000000,0.000000,0.069500,0.022000,1.303250,631,8107290,140657,0,2,0,2,0,0,0,0,0,0,5406,0,3510,1896,0
49925,17.751000,17.688497,17.709510,0.000000,0.000416,0.000000,0.000000,0.079583,0.068334,1.272834,639,8106953,140351,0,2,0,2,0,0,0,0,0,0,7208,0,4680,2528,0
49926,17.666750,17.450303,17.445719,0.000000,0.000501,0.000000,0.000000,0.086292,0.014375,0.309417,631,8107261,141941,0,2,0,2,0,0,0,0,0,0,5406,0,3510,1896,0
49927,17.231833,17.124634,17.145155,0.000000,0.000417,0.000000,0.000000,0.084667,0.020125,0.952499,642,8107263,140937,0,2,0,2,0,0,0,0,0,0,5406,0,3510,1896,0
49928,17.354167,17.216845,17.239961,0.000000,0.000375,0.000000,0.000000,0.068167,0.024375,1.310834,638,8107030,140102,0,2,0,2,0,0,0,0,0,0,7208,0,4680,2528,0
49929,17.899250,17.745120,17.758245,0.000000,0.000374,0.000000,0.000000,0.066875,0.020292,0.634083,633,8107316,141544,0,2,0,2,0,0,0,0,0,0,5406,0,3510,1896,0
49930,17.330958,17.189880,17.195914,0.000000,0.000251,0.000000,0.000000,0.074917,0.021250,1.290249,632,8107200,140414,0,2,0,2,0,0,0,0,0,0,5406,0,3510,1896,0
49931,17.517959,17.398490,17.385401,0.000000,0.000792,0.000000,0.000000,0.080708,0.029708,0.611583,641,8107059,140531,0,2,0,2,0,0,0,0,0,0,7208,0,4680,2528,0
49932,17.003416,16.823786,16.827041,0.000000,0.000334,0.000000,0.000000,0.070084,0.013291,1.217416,633,8107282,139988,0,2,0,2,0,0,0,0,0,0,5406,0,3510,1896,0
49933,17.397292,17.308097,17.204868,0.000000,0.000501,0.000000,0.000000,0.079375,0.037042,0.960833,633,8107188,140969,0,2,0,2,0,0,0,0,0,0,6944,0,4536,2408,0
49934,16.791458,16.647968,16.651928,0.000000,0.000375,0.000000,0.000000,0.112959,0.024333,0.609583,639,8107143,140411,0,2,0,2,0,0,0,0,0,0,5670,0,3654,2016,0
49935,17.523084,17.373903,17.356601,0.000000,0.000500,0.000000,0.000000,0.087250,0.016666,0.609500,633,8107246,140742,0,2,0,2,0,0,0,0,0,0,5406,0,3510,1896,0
49936,17.671500,17.507032,17.519504,0.000000,0.000667,0.000000,0.000000,0.073250,0.025041,0.999792,638,8107302,138808,0,2,0,2,0,0,0,0,0,0,7208,0,4680,2528,0
49937,17.865791,17.804833,17.747960,0.000000,0.000375,0.000000,0.000000,0.117375,0.055834,0.669375,634,8107006,143279,0,2,0,2,0,0,0,0,0,0,5406,0,3510,1896,0
49938,16.102125,15.928056,15.916326,0.000000,0.000334,0.000000,0.000000,0.075834,0.028208,0.961167,632,8107328,140334,0,2,0,2,0,0,0,0,0,0,5406,0,3510,1896,0
49939,16.364209,16.221993,16.219930,0.000000,0.000375,0.000000,0.000000,0.072666,0.037209,0.637834,640,8091528,139093,0,2,0,2,0,0,0,0,0,0,7208,0,4680,2528,0
49940,16.677291,16.596334,16.597325,0.000000,0.000333,0.000000,0.000000,0.085500,0.016292,1.151584,633,8122651,142157,0,2,0,2,0,0,0,0,0,0,5406,0,3510,1896,0
49941,17.866084,17.718883,17.725168,0.000000,0.000499,0.000000,0.000000,0.078250,0.024125,1.100416,633,8107430,141270,0,2,0,2,0,0,0,0,0,0,5406,0,3510,1896,0
49942,19.503125,19.343159,19.164755,0.000000,0.000668,0.000000,0.000000,0.078458,0.025917,0.308084,639,8091431,147340,0,2,0,2,0,0,0,0,0,0,7208,0,4680,2528,0
49943,17.903291,17.793500,17.785626,0.000000,0.000376,0.000000,0.000000,0.082334,0.016333,0.976875,633,8122809,151366,0,2,0,2,0,0,0,0,0,0,5406,0,3510,1896,0
49944,17.409667,17.298665,17.309505,0.000000,0.000376,0.000000,0.000000,0.074583,0.024542,1.338041,630,8107296,148949,0,2,0,2,0,0,0,0,0,0,5406,0,3510,1896,0
49945,18.780958,18.623047,18.530506,0.000000,0.000500,0.000000,0.000000,0.082417,0.025583,0.290125,637,8091450,148451,0,2,0,2,0,0,0,0,0,0,7208,0,4680,2528,0
49946,18.185917,18.044791,18.038712,0.000000,0.000333,0.000000,0.000000,0.091958,0.032375,0.808042,635,8122708,150917,0,2,0,2,0,0,0,0,0,0,5406,0,3510,1896,0
49947,18.421250,18.334447,18.330834,0.000000,0.000459,0.000000,0.000000,0.087542,0.026666,1.026957,633,8122735,150406,0,2,0,2,0,0,0,0,0,0,5406,0,3510,1896,0
49948,17.787208,17.658677,17.548454,0.000000,0.000291,0.000000,0.000000,0.087042,0.016417,1.265917,638,8076374,146981,0,2,0,2,0,0,0,0,0,0,7208,0,4680,2528,0
49949,19.176084,19.004208,19.104754,0.000000,0.000292,0.000000,0.000000,0.096291,0.015959,0.652000,633,8122473,152254,0,2,0,2,0,0,0,0,0,0,5406,0,3510,1896,0
49950,18.765750,18.614627,18.629594,0.000000,0.000375,0.000000,0.000000,0.072000,0.019125,1.054042,630,8107231,148827,0,2,0,2,0,0,0,0,0,0,5406,0,3510,1896,0
49951,17.810958,17.672872,17.637119,0.000000,0.000416,0.000000,0.000000,0.093875,0.028542,1.351791,640,8091613,148002,0,2,0,2,0,0,0,0,0,0,7208,0,4680,2528,0
49952,18.127167,17.970236,17.979464,0.000000,0.000416,0.000000,0.000000,0.070750,0.022291,0.647417,633,8122696,151353,0,2,0,2,0,0,0,0,0,0,5406,0,3510,1896,0
49953,18.149791,18.000681,18.019460,0.000000,0.000291,0.000000,0.000000,0.074375,0.019542,1.241833,631,8107367,150142,0,2,0,2,0,0,0,0,0,0,5406,0,3510,1896,0
49954,18.639292,18.586209,18.599630,0.000000,0.000500,0.000000,0.000000,0.121000,0.034542,1.281625,641,8106958,147571,0,2,0,2,0,0,0,0,0,0,7208,0,4680,2528,0
49955,18.948875,18.722119,18.717784,0.000000,0.000417,0.000000,0.000000,0.082708,0.020500,0.966250,633,8107238,150512,0,2,0,2,0,0,0,0,0,0,5406,0,3510,1896,0
49956,18.363667,18.231025,18.261427,0.000000,0.000375,0.000000,0.000000,0.084916,0.026334,0.644708,632,8107287,148730,0,2,0,2,0,0,0,0,0,0,5406,0,3510,1896,0
49957,18.497958,18.371661,18.387700,0.000000,0.000250,0.000000,0.000000,0.074083,0.020042,0.960375,641,8094011,148833,0,2,0,2,0,0,0,0,0,0,7208,0,4680,2528,0
49958,18.532583,18.364305,18.368103,0.000000,0.000334,0.000000,0.000000,0.069625,0.014542,1.288834,633,8120248,150470,0,2,0,2,0,0,0,0,0,0,5406,0,3510,1896,0
49959,18.080209,17.945958,17.958891,0.000000,0.000417,0.000000,0.000000,0.069666,0.013042,0.961041,633,8107280,149613,0,2,0,2,0,0,0,0,0,0,5406,0,3510,1896,0
49960,17.114916,16.958430,16.972453,0.000000,0.000417,0.000000,0.000000,0.067542,0.013333,0.660291,640,8091752,146477,0,2,0,2,0,0,0,0,0,0,7208,0,4680,2528,0
49961,19.170750,19.141497,18.993318,0.000000,0.000875,0.000000,0.000000,0.127959,0.020583,0.965708,634,8137963,152129,0,2,0,2,0,0,0,0,0,0,5406,0,3510,1896,0
49962,18.487917,18.289028,18.290537,0.000000,0.000333,0.000000,0.000000,0.078000,0.021292,0.966125,630,8091783,148327,0,2,0,2,0,0,0,0,0,0,5406,0,3510,1896,0
49963,18.499083,18.330208,18.325181,0.000000,0.000416,0.000000,0.000000,0.070709,0.015375,0.663958,640,8091579,147317,0,2,0,2,0,0,0,0,0,0,7208,0,4680,2528,0
49964,18.557209,18.493796,18.478702,0.000000,0.000291,0.000000,0.000000,0.074833,0.043375,1.016042,635,8138171,150713,0,2,0,2,0,0,0,0,0,0,5406,0,3510,1896,0
49965,18.394083,18.221302,18.183161,0.000000,0.000251,0.000000,0.000000,0.084542,0.026875,1.339208,632,8091769,149679,0,2,0,2,0,0,0,0,0,0,5406,0,3510,1896,0
49966,17.767792,17.645226,17.640826,0.000000,0.000458,0.000000,0.000000,0.083166,0.020209,0.944959,640,8091580,146819,0,2,0,2,0,0,0,0,0,0,7208,0,4680,2528,0
49967,17.913625,17.765677,17.777786,0.000000,0.000499,0.000000,0.000000,0.083791,0.015334,0.631459,633,8122720,150921,0,2,0,2,0,0,0,0,0,0,5406,0,3510,1896,0
49968,18.924083,18.809452,18.789663,0.000000,0.000293,0.000000,0.000000,0.072292,0.017041,1.025625,632,8107223,148532,0,2,0,2,0,0,0,0,0,0,5406,0,3510,1896,0
49969,17.873625,17.689661,17.700154,0.000000,0.000417,0.000000,0.000000,0.081792,0.032583,1.367041,641,8091588,147962,0,2,0,2,0,0,0,0,0,0,7208,0,4680,2528,0
49970,18.537917,18.430957,18.386381,0.000000,0.000415,0.000000,0.000000,0.069541,0.024709,0.652208,632,8122682,150216,0,2,0,2,0,0,0,0,0,0,5406,0,3510,1896,0
49971,17.597541,17.464492,17.463997,0.000000,0.000417,0.000000,0.000000,0.072042,0.013792,1.020750,632,8107367,149163,0,2,0,2,0,0,0,0,0,0,5406,0,3510,1896,0
49972,18.145834,17.973075,17.959284,0.000000,0.000418,0.000000,0.000000,0.081583,0.017750,1.319167,638,8091443,146773,0,2,0,2,0,0,0,0,0,0,7208,0,4680,2528,0
49973,19.239666,19.139603,19.132743,0.000000,0.000333,0.000000,0.000000,0.079500,0.028000,1.288083,634,8122833,152002,0,2,0,2,0,0,0,0,0,0,5406,0,3510,1896,0
49974,18.759542,18.604386,18.623736,0.000000,0.000417,0.000000,0.000000,0.092625,0.016917,0.638834,634,8107116,148598,0,2,0,2,0,0,0,0,0,0,5406,0,3510,1896,0
49975,18.421625,18.291867,18.297805,0.000000,0.000291,0.000000,0.000000,0.081542,0.035666,0.949334,639,8091579,147579,0,2,0,2,0,0,0,0,0,0,7208,0,4680,2528,0
49976,18.900667,18.773509,18.777824,0.000000,0.000375,0.000000,0.000000,0.087625,0.027125,1.368208,635,8122763,150223,0,2,0,2,0,0,0,0,0,0,5406,0,3510,1896,0
49977,19.008208,18.898721,18.886676,0.000000,0.000291,0.000000,0.000000,0.078583,0.029834,1.282041,632,8111942,150236,0,2,0,2,0,0,0,0,0,0,5406,0,3510,1896,0
49978,19.038125,18.821894,18.804558,0.000000,0.000251,0.000000,0.000000,0.079458,0.026750,0.609375,638,8086868,146225,0,2,0,2,0,0,0,0,0,0,7208,0,4680,2528,0
49979,17.955000,17.852495,17.813292,0.000000,0.000333,0.000000,0.000000,0.070750,0.025208,0.928708,633,8122772,151643,0,2,0,2,0,0,0,0,0,0,5406,0,3510,1896,0
49980,17.848458,17.741723,17.734141,0.000000,0.000293,0.000000,0.000000,0.068584,0.019833,0.984958,648,8168968,155274,0,2,0,2,0,0,0,0,0,0,5535,0,3510,2025,0
49981,18.074250,17.945545,17.921303,0.000000,0.000333,0.000000,0.000000,0.072209,0.015500,0.645167,637,8060743,150241,0,2,0,2,0,0,0,0,0,0,7208,0,4680,2528,0
49982,16.356667,16.187420,16.157086,0.000000,0.000333,0.000000,0.000000,0.081208,0.017334,0.870083,629,8076429,145692,0,2,0,2,0,0,0,0,0,0,5534,0,3510,2024,0
49983,17.240958,17.112619,17.104800,0.000000,0.000375,0.000000,0.000000,0.082875,0.029584,1.298750,638,8153295,153377,0,2,0,2,0,0,0,0,0,0,5604,0,3510,2094,0
49984,18.973584,18.888670,18.894223,0.000000,0.000292,0.000000,0.000000,0.084666,0.039417,0.610583,641,8076129,155811,0,2,0,2,0,0,0,0,0,0,7326,0,4680,2646,0
49985,17.522833,17.328486,17.330240,0.000000,0.000500,0.000000,0.000000,0.099583,0.021584,0.903501,630,8091796,143642,0,2,0,2,0,0,0,0,0,0,5406,0,3510,1896,0
49986,18.255417,18.164831,18.152880,0.000000,0.000333,0.000000,0.000000,0.075958,0.015542,0.958292,633,8111187,143490,0,2,0,2,0,0,0,0,0,0,5918,0,3510,2408,0
49987,17.385333,17.264125,17.261968,0.000000,0.000417,0.000000,0.000000,0.078542,0.021583,0.615542,640,8118774,144133,0,2,0,2,0,0,0,0,0,0,6696,0,4680,2016,0
49988,18.384417,18.286689,18.200669,0.000000,0.000291,0.000000,0.000000,0.097250,0.019958,0.584583,630,8107071,141441,0,2,0,2,0,0,0,0,0,0,5406,0,3510,1896,0
49989,17.096291,16.888551,16.858331,0.000000,0.000291,0.000000,0.000000,0.074875,0.029375,1.078292,639,8107126,144316,0,2,0,2,0,0,0,0,0,0,7208,0,4680,2528,0
49990,18.095250,17.972667,17.978045,0.000000,0.000249,0.000000,0.000000,0.070125,0.015875,0.612917,635,8091725,146291,0,2,0,2,0,0,0,0,0,0,5683,0,3510,2173,0
49991,17.814042,17.750257,17.726586,0.000000,0.000417,0.000000,0.000000,0.112417,0.023500,0.905584,634,8122752,147952,0,2,0,2,0,0,0,0,0,0,5406,0,3510,1896,0
49992,17.550167,17.380212,17.331026,0.000000,0.006208,0.000000,0.000000,0.105833,0.021750,1.243459,640,8106918,140914,0,2,0,2,0,0,0,0,0,0,7208,0,4680,2528,0
49993,18.705166,18.606518,18.339976,0.000000,0.000500,0.000000,0.000000,0.075959,0.035208,0.289750,634,8122815,145060,0,2,0,2,0,0,0,0,0,0,5406,0,3510,1896,0
49994,16.603334,16.404497,16.370411,0.000000,0.000292,0.000000,0.000000,0.075625,0.047125,1.217292,631,8107278,141797,0,2,0,2,0,0,0,0,0,0,5406,0,3510,1896,0
49995,16.970708,16.805089,16.781161,0.000000,0.000376,0.000000,0.000000,0.064125,0.015000,1.255376,643,8091307,141290,0,2,0,2,0,0,0,0,0,0,7523,0,4680,2843,0
49996,17.477542,17.447708,17.452742,0.000000,0.000541,0.000000,0.000000,0.071750,0.041666,0.290209,635,8138069,152090,0,2,0,2,0,0,0,0,0,0,5577,0,3510,2067,0
49997,17.367875,17.219311,17.167175,0.000000,0.000458,0.000000,0.000000,0.074500,0.020125,1.292459,630,8091836,148248,0,2,0,2,0,0,0,0,0,0,5406,0,3510,1896,0
49998,16.237666,16.086317,16.074444,0.000000,0.000376,0.000000,0.000000,0.078834,0.026083,0.608208,640,8091752,138000,0,2,0,2,0,0,0,0,0,0,7208,0,4680,2528,0
49999,16.340000,16.238798,16.229442,0.000000,0.000376,0.000000,0.000000,0.067792,0.015042,0.930500,638,8138061,143056,0,2,0,2,0,0,0,0,0,0,5551,0,3510,2041,0
50000,17.102500,16.987253,16.963533,0.000000,0.000251,0.000000,0.000000,0.076917,0.024958,0.899167,629,8076221,144407,0,2,0,2,0,0,0,0,0,0,5406,0,3510,1896,0
50001,16.480209,16.323499,16.318423,0.000000,0.000374,0.000000,0.000000,0.070625,0.035500,0.652791,645,8108651,141074,0,2,0,2,0,0,0,0,0,0,7523,0,4680,2843,0
50002,19.481750,19.376752,19.375751,0.000000,0.000334,0.000000,0.000000,0.082125,0.017708,1.036000,637,8136593,152663,0,2,0,2,0,0,0,0,0,0,5577,0,3510,2067,0
50003,17.509583,17.356017,17.361066,0.000000,0.000750,0.000000,0.000000,0.107625,0.029583,0.961667,629,8076120,147608,0,2,0,2,0,0,0,0,0,0,5406,0,3510,1896,0
50004,17.928208,17.799251,17.803916,0.000000,0.000376,0.000000,0.000000,0.075834,0.021416,0.639167,662,8106690,141126,0,2,0,2,0,0,0,0,0,0,9249,0,4680,4569,0
50005,17.341625,17.177506,17.193277,0.000000,0.000500,0.000000,0.000000,0.074459,0.021750,0.961083,629,8091824,144986,0,2,0,2,0,0,0,0,0,0,5406,0,3510,1896,0
50006,17.843334,17.649280,17.666616,0.000000,0.000292,0.000000,0.000000,0.084041,0.018875,1.291500,633,8107279,146793,0,2,0,2,0,0,0,0,0,0,5406,0,3510,1896,0
50007,17.839416,17.729220,17.746891,0.000000,0.000375,0.000000,0.000000,0.085167,0.016833,0.628833,636,8107144,140973,0,2,0,2,0,0,0,0,0,0,7208,0,4680,2528,0
50008,17.721834,17.636327,17.648796,0.000000,0.000417,0.000000,0.000000,0.089333,0.031917,1.004750,633,8107130,145619,0,2,0,2,0,0,0,0,0,0,5406,0,3510,1896,0
50009,17.515958,17.426296,17.414783,0.000000,0.000334,0.000000,0.000000,0.089167,0.023833,1.247750,633,8107272,142316,0,2,0,2,0,0,0,0,0,0,5406,0,3510,1896,0
50010,16.905833,16.687260,16.707415,0.000000,0.000291,0.000000,0.000000,0.079000,0.033792,0.654000,640,8122475,138712,0,2,0,2,0,0,0,0,0,0,7208,0,4680,2528,0
50011,17.318959,17.252057,17.246060,0.000000,0.000667,0.000000,0.000000,0.096083,0.015167,1.347166,629,8091826,142869,0,2,0,2,0,0,0,0,0,0,5406,0,3510,1896,0
50012,17.373166,17.203205,17.208991,0.000000,0.000292,0.000000,0.000000,0.088959,0.026833,0.643250,634,8122738,140414,0,2,0,2,0,0,0,0,0,0,5406,0,3510,1896,0
50013,17.706834,17.538463,17.538095,0.000000,0.000418,0.000000,0.000000,0.084958,0.016833,0.952168,639,8107001,142624,0,2,0,2,0,0,0,0,0,0,7208,0,4680,2528,0
50014,17.453458,17.388852,17.383412,0.000000,0.000291,0.000000,0.000000,0.088625,0.022875,1.173625,633,8107278,146044,0,2,0,2,0,0,0,0,0,0,5406,0,3510,1896,0
50015,17.607000,17.477076,17.460353,0.000000,0.000375,0.000000,0.000000,0.104333,0.028042,0.647750,631,8091835,141565,0,2,0,2,0,0,0,0,0,0,5406,0,3510,1896,0
50016,17.114292,16.907375,16.897115,0.000000,0.000374,0.000000,0.000000,0.083250,0.018083,0.956625,640,8107032,139310,0,2,0,2,0,0,0,0,0,0,7208,0,4680,2528,0
50017,17.335750,17.287587,17.286756,0.000000,0.000418,0.000000,0.000000,0.110791,0.051167,1.260958,636,8138100,146633,0,2,0,2,0,0,0,0,0,0,5505,0,3510,1995,0
50018,17.530416,17.338568,17.167074,0.000000,0.000292,0.000000,0.000000,0.077250,0.024625,0.297083,630,8076372,144988,0,2,0,2,0,0,0,0,0,0,5506,0,3510,1996,0
50019,17.267209,17.194778,17.168389,0.000000,0.000334,0.000000,0.000000,0.078333,0.017958,0.964207,642,8122406,148090,0,2,0,2,0,0,0,0,0,0,7208,0,4680,2528,0
50020,17.258083,17.115840,17.079708,0.000000,0.000292,0.000000,0.000000,0.089583,0.026625,0.548917,631,8107245,143441,0,2,0,2,0,0,0,0,0,0,5406,0,3510,1896,0
50021,17.123000,16.933216,16.919215,0.000000,0.000457,0.000000,0.000000,0.084000,0.019875,0.926459,632,8107453,143001,0,2,0,2,0,0,0,0,0,0,5406,0,3510,1896,0
50022,17.455708,17.322666,17.298725,0.000000,0.000209,0.000000,0.000000,0.079459,0.015083,1.299000,638,8091422,140416,0,2,0,2,0,0,0,0,0,0,7208,0,4680,2528,0
50023,17.298709,17.201463,17.191286,0.000000,0.000376,0.000000,0.000000,0.107500,0.028166,0.606541,634,8122695,144514,0,2,0,2,0,0,0,0,0,0,5406,0,3510,1896,0
50024,18.550666,18.402579,18.275093,0.000000,0.000209,0.000000,0.000000,0.067292,0.014333,0.607499,632,8091780,147558,0,2,0,2,0,0,0,0,0,0,5506,0,3510,1996,0
50025,18.140334,18.043331,18.003466,0.000000,0.000334,0.000000,0.000000,0.083083,0.014792,0.812458,642,8122620,149610,0,2,0,2,0,0,0,0,0,0,7208,0,4680,2528,0
50026,17.549916,17.408457,17.397548,0.000000,0.003292,0.000000,0.000000,0.080250,0.016125,0.642959,631,8107126,145904,0,2,0,2,0,0,0,0,0,0,5406,0,3510,1896,0
50027,17.442084,17.302746,17.303378,0.000000,0.000251,0.000000,0.000000,0.089958,0.020417,0.758500,631,8107218,145788,0,2,0,2,0,0,0,0,0,0,5406,0,3510,1896,0
50028,17.351541,17.233412,17.224755,0.000000,0.000167,0.000000,0.000000,0.079625,0.036584,1.081584,641,8107047,145569,0,2,0,2,0,0,0,0,0,0,7208,0,4680,2528,0
50029,16.467709,16.289751,16.286251,0.000000,0.000334,0.000000,0.000000,0.065916,0.019917,0.661792,632,8091748,146729,0,2,0,2,0,0,0,0,0,0,5535,0,3510,2025,0
50030,17.409458,17.315473,17.309504,0.000000,0.000458,0.000000,0.000000,0.071958,0.020542,0.929000,633,8125799,149427,0,2,0,2,0,0,0,0,0,0,5406,0,3510,1896,0
50031,18.574375,18.431765,18.449934,0.000000,0.000416,0.000000,0.000000,0.074833,0.016917,1.107834,637,8088454,148545,0,2,0,2,0,0,0,0,0,0,7208,0,4680,2528,0
50032,17.827833,17.665666,17.686290,0.000000,0.000375,0.000000,0.000000,0.065834,0.014708,0.466042,631,8107271,146419,0,2,0,2,0,0,0,0,0,0,5406,0,3510,1896,0
50033,18.079125,17.972328,17.996593,0.000000,0.000334,0.000000,0.000000,0.071375,0.015417,0.976042,643,8122680,146901,0,2,0,2,0,0,0,0,0,0,5406,0,3510,1896,0
50034,18.376084,18.223360,18.185465,0.000000,0.000375,0.000000,0.000000,0.087416,0.037625,1.277958,638,8091681,148020,0,2,0,2,0,0,0,0,0,0,7208,0,4680,2528,0
50035,18.348666,18.235971,18.231331,0.000000,0.000374,0.000000,0.000000,0.078000,0.018125,0.625042,632,8122623,148518,0,2,0,2,0,0,0,0,0,0,5406,0,3510,1896,0
50036,17.922000,17.762201,17.782798,0.000000,0.000333,0.000000,0.000000,0.079542,0.013917,0.925417,633,8091912,144969,0,2,0,2,0,0,0,0,0,0,5406,0,3510,1896,0
50037,18.420584,18.299506,18.318805,0.000000,0.000457,0.000000,0.000000,0.075541,0.024250,1.300667,640,8107184,148583,0,2,0,2,0,0,0,0,0,0,7208,0,4680,2528,0
50038,17.706000,17.553489,17.565246,0.000000,0.000375,0.000000,0.000000,0.069583,0.028958,0.648041,633,8122486,150721,0,2,0,2,0,0,0,0,0,0,5406,0,3510,1896,0
50039,17.753458,17.634288,17.652702,0.000000,0.000375,0.000000,0.000000,0.066250,0.020958,0.800917,637,8111253,146802,0,2,0,2,0,0,0,0,0,0,7004,0,4536,2468,0
50040,17.201792,17.044490,17.023764,0.000000,0.000333,0.000000,0.000000,0.073708,0.031958,1.334750,632,8087607,146624,0,2,0,2,0,0,0,0,0,0,5610,0,3654,1956,0
50041,16.732958,16.602416,16.562872,0.000000,0.000250,0.000000,0.000000,0.071958,0.014084,0.610416,631,8107250,145930,0,2,0,2,0,0,0,0,0,0,5406,0,3510,1896,0
50042,16.481875,16.349070,16.367281,0.000000,0.000335,0.000000,0.000000,0.059458,0.012584,1.288542,641,8122515,143840,0,2,0,2,0,0,0,0,0,0,7208,0,4680,2528,0
50043,16.357375,16.228988,16.215414,0.000000,0.000417,0.000000,0.000000,0.062167,0.014583,0.610334,635,8122640,146792,0,2,0,2,0,0,0,0,0,0,5505,0,3510,1995,0
50044,17.099500,17.017172,17.034037,0.000000,0.000499,0.000000,0.000000,0.077625,0.013542,0.906541,633,8091807,148966,0,2,0,2,0,0,0,0,0,0,5406,0,3510,1896,0
50045,17.918375,17.792718,17.743059,0.000000,0.000415,0.000000,0.000000,0.088000,0.022042,0.933167,636,8091608,146190,0,2,0,2,0,0,0,0,0,0,7208,0,4680,2528,0
50046,17.699125,17.572630,17.575879,0.000000,0.000459,0.000000,0.000000,0.081667,0.026708,0.662333,639,8169064,149207,0,2,0,2,0,0,0,0,0,0,5508,0,3510,1998,0
50047,18.123583,17.973845,17.953693,0.000000,0.000334,0.000000,0.000000,0.069792,0.021375,0.947541,631,8076214,152793,0,2,0,2,0,0,0,0,0,0,5642,0,3510,2132,0
50048,19.394542,19.265239,19.285998,0.000000,0.000416,0.000000,0.000000,0.071208,0.061334,1.278291,642,8091618,165862,0,2,0,2,0,0,0,0,0,0,7379,0,4680,2699,0
50049,19.685500,19.545830,19.100207,0.000000,0.000708,0.000000,0.000000,0.086958,0.016959,0.603334,633,8107115,148263,0,2,0,2,0,0,0,0,0,0,5505,0,3510,1995,0
50050,19.335792,19.145993,19.140736,0.000000,0.000458,0.000000,0.000000,0.071625,0.015500,0.607875,632,8107232,151474,0,2,0,2,0,0,0,0,0,0,5406,0,3510,1896,0
50051,17.465666,17.360243,17.368790,0.000000,0.000501,0.000000,0.000000,0.079459,0.022583,1.117374,640,8107124,144529,0,2,0,2,0,0,0,0,0,0,7326,0,4680,2646,0
50052,19.283167,19.033827,19.026010,0.000000,0.000292,0.000000,0.000000,0.074375,0.017458,1.274083,631,8076347,150030,0,2,0,2,0,0,0,0,0,0,5508,0,3510,1998,0
50053,21.036750,20.983320,20.944168,0.000000,0.000457,0.000000,0.000000,0.094000,0.033917,1.250417,637,8122498,165295,0,2,0,2,0,0,0,0,0,0,5577,0,3510,2067,0
50054,17.455042,17.370865,17.360973,0.000000,0.000416,0.000000,0.000000,0.114791,0.017750,0.927958,641,8138029,146120,0,2,0,2,0,0,0,0,0,0,7208,0,4680,2528,0
50055,18.384083,18.202166,18.191692,0.000000,0.000459,0.000000,0.000000,0.073625,0.022875,0.637625,631,8076318,149204,0,2,0,2,0,0,0,0,0,0,5406,0,3510,1896,0
50056,17.142333,17.059405,17.071841,0.000000,0.000291,0.000000,0.000000,0.087917,0.025250,1.251875,632,8122684,149780,0,2,0,2,0,0,0,0,0,0,5406,0,3510,1896,0
50057,19.205917,19.065908,19.047834,0.000000,0.000332,0.000000,0.000000,0.078625,0.023833,0.944959,643,8122424,153845,0,2,0,2,0,0,0,0,0,0,7208,0,4680,2528,0
50058,17.529000,17.349257,17.372431,0.000000,0.000375,0.000000,0.000000,0.070125,0.030667,0.610417,630,8076404,146892,0,2,0,2,0,0,0,0,0,0,5406,0,3510,1896,0
50059,17.909333,17.806193,17.797662,0.000000,0.000335,0.000000,0.000000,0.075875,0.025542,0.938750,633,8107224,150217,0,2,0,2,0,0,0,0,0,0,5406,0,3510,1896,0
50060,17.970042,17.845762,17.785315,0.000000,0.000541,0.000000,0.000000,0.078958,0.021292,1.084250,640,8122495,148103,0,2,0,2,0,0,0,0,0,0,7208,0,4680,2528,0
50061,18.032292,17.833207,17.844627,0.000000,0.000624,0.000000,0.000000,0.069583,0.014917,0.611625,632,8091820,151684,0,2,0,2,0,0,0,0,0,0,5406,0,3510,1896,0
50062,16.769458,16.717957,16.721674,0.000000,0.000209,0.000000,0.000000,0.083292,0.033916,1.220333,632,8122717,147738,0,2,0,2,0,0,0,0,0,0,5406,0,3510,1896,0
50063,16.889417,16.768453,16.758656,0.000000,0.000417,0.000000,0.000000,0.072333,0.023083,0.290042,645,8122375,143753,0,2,0,2,0,0,0,0,0,0,7523,0,4680,2843,0
50064,19.007916,18.899792,18.883930,0.000000,0.000292,0.000000,0.000000,0.083375,0.035042,1.255583,633,8100769,160815,0,2,0,2,0,0,0,0,0,0,5622,0,3510,2112,0
50065,17.866042,17.664142,17.670633,0.000000,0.000334,0.000000,0.000000,0.073042,0.020625,0.931750,630,8098203,149679,0,2,0,2,0,0,0,0,0,0,5406,0,3510,1896,0
50066,17.697375,17.589084,17.589803,0.000000,0.000333,0.000000,0.000000,0.077583,0.020834,1.280333,642,8091597,146407,0,2,0,2,0,0,0,0,0,0,7208,0,4680,2528,0
50067,18.617083,18.458417,18.452955,0.000000,0.000543,0.000000,0.000000,0.089292,0.045000,0.657750,631,8122677,151377,0,2,0,2,0,0,0,0,0,0,5406,0,3510,1896,0
50068,17.271959,17.202947,17.166835,0.000000,0.000376,0.000000,0.000000,0.077875,0.031500,0.940458,632,8107299,149404,0,2,0,2,0,0,0,0,0,0,5406,0,3510,1896,0
50069,18.352708,18.201865,18.214552,0.000000,0.000334,0.000000,0.000000,0.083125,0.014667,1.313959,646,8153349,155209,0,2,0,2,0,0,0,0,0,0,7337,0,4680,2657,0
50070,18.390083,18.129425,18.127943,0.000000,0.000500,0.000000,0.000000,0.081250,0.021959,0.643166,625,8030067,150672,0,2,0,2,0,0,0,0,0,0,5406,0,3510,1896,0
50071,18.532000,18.505089,18.508356,0.000000,0.000292,0.000000,0.000000,0.074292,0.020083,0.899833,635,8138029,149921,0,2,0,2,0,0,0,0,0,0,5406,0,3510,1896,0
50072,17.481625,17.338966,17.355621,0.000000,0.000459,0.000000,0.000000,0.065584,0.014083,1.300875,640,8106998,143327,0,2,0,2,0,0,0,0,0,0,7208,0,4680,2528,0
50073,18.595459,18.506472,18.407513,0.000000,0.000584,0.000000,0.000000,0.108250,0.020416,0.868541,632,8122731,147209,0,2,0,2,0,0,0,0,0,0,5406,0,3510,1896,0
50074,17.533583,17.355003,17.258602,0.000000,0.000625,0.000000,0.000000,0.071625,0.023083,0.301875,630,8091759,143892,0,2,0,2,0,0,0,0,0,0,5406,0,3510,1896,0
50075,18.189333,18.078286,17.925913,0.000000,0.000251,0.000000,0.000000,0.073334,0.019500,1.101125,643,8122454,144703,0,2,0,2,0,0,0,0,0,0,7208,0,4680,2528,0
50076,18.517334,18.318837,18.231950,0.000000,0.000458,0.000000,0.000000,0.080583,0.024250,0.643666,629,8076361,149498,0,2,0,2,0,0,0,0,0,0,5406,0,3510,1896,0
50077,18.397708,18.281011,18.262963,0.000000,0.000375,0.000000,0.000000,0.074542,0.016666,0.608292,633,8107256,149653,0,2,0,2,0,0,0,0,0,0,5406,0,3510,1896,0
50078,17.839292,17.709381,17.650697,0.000000,0.000500,0.000000,0.000000,0.088291,0.023875,0.914250,639,8107110,149127,0,2,0,2,0,0,0,0,0,0,7208,0,4680,2528,0
50079,18.044000,17.942128,17.945529,0.000000,0.000334,0.000000,0.000000,0.081791,0.024792,1.139167,641,8184318,152605,0,2,0,2,0,0,0,0,0,0,5642,0,3510,2132,0
50080,18.713000,18.557903,18.575695,0.000000,0.000292,0.000000,0.000000,0.091666,0.016500,0.633667,628,8045392,163966,0,2,0,2,0,0,0,0,0,0,5523,0,3510,2013,0
50081,19.766208,19.567844,19.140835,0.000000,0.000375,0.000000,0.000000,0.082833,0.029584,0.772000,642,8091585,142509,0,2,0,2,0,0,0,0,0,0,7208,0,4680,2528,0
50082,19.077833,19.018470,19.000960,0.000000,0.000376,0.000000,0.000000,0.084209,0.023708,0.592334,633,8128002,147316,0,2,0,2,0,0,0,0,0,0,5406,0,3510,1896,0
50083,18.885500,18.761990,18.681095,0.000000,0.000583,0.000000,0.000000,0.099584,0.022541,0.963041,632,8103449,145325,0,2,0,2,0,0,0,0,0,0,5406,0,3510,1896,0
50084,19.078750,18.970981,18.890289,0.000000,0.000833,0.000000,0.000000,0.132834,0.046125,0.593750,642,8132359,144434,0,2,0,2,0,0,0,0,0,0,7208,0,4680,2528,0
50085,18.343375,18.121369,18.124087,0.000000,0.000458,0.000000,0.000000,0.072959,0.015625,0.290708,630,8080434,151427,0,2,0,2,0,0,0,0,0,0,5406,0,3510,1896,0
50086,18.928000,18.841581,18.797965,0.000000,0.000542,0.000000,0.000000,0.108500,0.036542,0.638584,640,8122703,152570,0,2,0,2,0,0,0,0,0,0,5406,0,3510,1896,0
50087,18.206792,18.038462,18.005997,0.000000,0.000334,0.000000,0.000000,0.087958,0.016584,0.940500,641,8107056,146113,0,2,0,2,0,0,0,0,0,0,7208,0,4680,2528,0
50088,17.210417,17.037045,17.060654,0.000000,0.000416,0.000000,0.000000,0.067625,0.013625,0.610834,632,8097738,147988,0,2,0,2,0,0,0,0,0,0,5406,0,3510,1896,0
50089,16.908250,16.788708,16.804880,0.000000,0.000333,0.000000,0.000000,0.072708,0.017250,1.223042,631,8101334,147876,0,2,0,2,0,0,0,0,0,0,5406,0,3510,1896,0
50090,16.820291,16.731685,16.707286,0.000000,0.000500,0.000000,0.000000,0.088834,0.023958,1.281958,641,8107143,147250,0,2,0,2,0,0,0,0,0,0,7208,0,4680,2528,0
50091,17.522875,17.389991,17.386882,0.000000,0.000376,0.000000,0.000000,0.077792,0.017583,0.636916,633,8107144,150372,0,2,0,2,0,0,0,0,0,0,5406,0,3510,1896,0
50092,18.459042,18.334459,18.322573,0.000000,0.000332,0.000000,0.000000,0.074375,0.027167,0.584292,638,8109666,147674,0,2,0,2,0,0,0,0,0,0,7004,0,4536,2468,0
50093,17.039625,16.887168,16.906400,0.000000,0.000251,0.000000,0.000000,0.060542,0.030791,1.266500,639,8135466,152337,0,2,0,2,0,0,0,0,0,0,5760,0,3654,2106,0
50094,18.369917,18.205347,18.208830,0.000000,0.000457,0.000000,0.000000,0.071208,0.025833,0.610083,629,8076363,157112,0,2,0,2,0,0,0,0,0,0,5406,0,3510,1896,0
50095,16.984708,16.907256,16.906438,0.000000,0.000291,0.000000,0.000000,0.084000,0.014042,0.916250,638,8122505,147573,0,2,0,2,0,0,0,0,0,0,7208,0,4680,2528,0
50096,18.566000,18.401088,18.390543,0.000000,0.000291,0.000000,0.000000,0.078500,0.015542,1.255999,633,8091799,150933,0,2,0,2,0,0,0,0,0,0,5406,0,3510,1896,0
50097,19.173333,19.023792,19.018542,0.000000,0.000292,0.000000,0.000000,0.070417,0.019958,0.507042,634,8107204,152480,0,2,0,2,0,0,0,0,0,0,5721,0,3510,2211,0
50098,19.576875,19.428721,19.433302,0.000000,0.000418,0.000000,0.000000,0.075917,0.023458,0.773917,639,8106996,155538,0,2,0,2,0,0,0,0,0,0,7208,0,4680,2528,0
50099,18.046167,17.913876,17.926883,0.000000,0.000543,0.000000,0.000000,0.071625,0.013792,0.634458,632,8107150,152996,0,2,0,2,0,0,0,0,0,0,5556,0,3510,2046,0
50100,19.856167,19.724667,19.516539,0.000000,0.000500,0.000000,0.000000,0.085500,0.030500,0.676334,633,8107251,161105,0,2,0,2,0,0,0,0,0,0,5406,0,3510,1896,0
50101,17.672541,17.530008,17.475846,0.000000,0.000459,0.000000,0.000000,0.068084,0.015166,0.665125,639,8107114,147564,0,2,0,2,0,0,0,0,0,0,7208,0,4680,2528,0
50102,17.526959,17.436027,17.404322,0.000000,0.000374,0.000000,0.000000,0.086333,0.023167,0.299500,634,8107196,149319,0,2,0,2,0,0,0,0,0,0,5406,0,3510,1896,0
50103,16.732750,16.590792,16.567625,0.000000,0.000333,0.000000,0.000000,0.064916,0.014334,0.656500,631,8092063,149098,0,2,0,2,0,0,0,0,0,0,5406,0,3510,1896,0
50104,19.732000,19.584664,19.521234,0.000000,0.000375,0.000000,0.000000,0.095958,0.019667,1.140167,643,8122189,151764,0,2,0,2,0,0,0,0,0,0,7208,0,4680,2528,0
50105,18.122166,17.993893,17.988615,0.000000,0.000458,0.000000,0.000000,0.088459,0.037500,0.299250,630,8107298,149740,0,2,0,2,0,0,0,0,0,0,5406,0,3510,1896,0
50106,16.983459,16.854791,16.846296,0.000000,0.000377,0.000000,0.000000,0.101458,0.015083,0.756250,632,8107230,146792,0,2,0,2,0,0,0,0,0,0,5406,0,3510,1896,0
50107,18.735708,18.671026,18.116876,0.000000,0.000501,0.000000,0.000000,0.160875,0.026583,0.583833,643,8137915,144092,0,2,0,2,0,0,0,0,0,0,7208,0,4680,2528,0
50108,18.545583,18.355002,18.305041,0.000000,0.000459,0.000000,0.000000,0.093459,0.021458,0.298667,628,8076370,143864,0,2,0,2,0,0,0,0,0,0,5406,0,3510,1896,0
50109,16.895000,16.766510,16.779585,0.000000,0.000249,0.000000,0.000000,0.066000,0.038292,0.914625,633,8122747,144615,0,2,0,2,0,0,0,0,0,0,5406,0,3510,1896,0
50110,17.302500,17.100873,17.120643,0.000000,0.000293,0.000000,0.000000,0.066209,0.012250,1.216334,640,8076123,141027,0,2,0,2,0,0,0,0,0,0,7208,0,4680,2528,0
50111,16.969250,16.931870,16.940922,0.000000,0.000375,0.000000,0.000000,0.074250,0.044334,0.634250,656,8137827,145923,0,2,0,2,0,0,0,0,0,0,7447,0,3510,3937,0
50112,15.498250,15.325205,15.345308,0.000000,0.000250,0.000000,0.000000,0.059875,0.036542,0.934042,630,8094726,142991,0,2,0,2,0,0,0,0,0,0,5406,0,3510,1896,0
50113,15.832459,15.743073,15.761460,0.000000,0.000167,0.000000,0.000000,0.064000,0.036708,0.608750,642,8119626,142984,0,2,0,2,0,0,0,0,0,0,7208,0,4680,2528,0
50114,15.814625,15.664828,15.683778,0.000000,0.000582,0.000000,0.000000,0.065166,0.012709,0.905417,629,8091763,144168,0,2,0,2,0,0,0,0,0,0,5406,0,3510,1896,0
50115,15.381708,15.255374,15.255457,0.000000,0.000209,0.000000,0.000000,0.054500,0.037625,0.609500,634,8107323,142499,0,2,0,2,0,0,0,0,0,0,5406,0,3510,1896,0
50116,17.483875,17.359369,17.380051,0.000000,0.000208,0.000000,0.000000,0.063500,0.018958,1.178208,639,8107011,142349,0,2,0,2,0,0,0,0,0,0,7208,0,4680,2528,0
50117,17.211625,17.130005,17.150958,0.000000,0.000375,0.000000,0.000000,0.115458,0.039542,0.611791,633,8122833,145486,0,2,0,2,0,0,0,0,0,0,5406,0,3510,1896,0
50118,17.632583,17.453579,17.432720,0.000000,0.000418,0.000000,0.000000,0.075750,0.014084,1.216500,630,8091647,142394,0,2,0,2,0,0,0,0,0,0,5406,0,3510,1896,0
50119,16.021292,15.896237,15.894124,0.000000,0.000291,0.000000,0.000000,0.071042,0.046500,0.619875,641,8122499,141931,0,2,0,2,0,0,0,0,0,0,7208,0,4680,2528,0
50120,16.346125,16.194172,16.204003,0.000000,0.000376,0.000000,0.000000,0.064500,0.013792,1.057291,630,8076391,143450,0,2,0,2,0,0,0,0,0,0,5406,0,3510,1896,0
50121,16.799958,16.660381,16.684341,0.000000,0.000458,0.000000,0.000000,0.061875,0.036417,1.222875,634,8122652,144068,0,2,0,2,0,0,0,0,0,0,5406,0,3510,1896,0
50122,17.634584,17.508606,17.515641,0.000000,0.000374,0.000000,0.000000,0.065666,0.013917,0.631542,640,8107065,142276,0,2,0,2,0,0,0,0,0,0,7208,0,4680,2528,0
50123,16.343333,16.231624,16.239422,0.000000,0.000542,0.000000,0.000000,0.061958,0.015667,0.911083,630,8107409,148403,0,2,0,2,0,0,0,0,0,0,5406,0,3510,1896,0
50124,16.686958,16.528375,16.514759,0.000000,0.000291,0.000000,0.000000,0.063625,0.026500,0.608209,631,8091698,146527,0,2,0,2,0,0,0,0,0,0,5406,0,3510,1896,0
50125,18.208792,18.139032,18.115830,0.000000,0.000251,0.000000,0.000000,0.087917,0.047958,0.923917,643,8137849,147200,0,2,0,2,0,0,0,0,0,0,7208,0,4680,2528,0
50126,18.033708,17.869282,17.879618,0.000000,0.000499,0.000000,0.000000,0.063834,0.028083,1.251959,632,8091813,147750,0,2,0,2,0,0,0,0,0,0,5406,0,3510,1896,0
50127,17.410834,17.269078,17.288606,0.000000,0.000249,0.000000,0.000000,0.060583,0.025917,0.610000,632,8123413,148812,0,2,0,2,0,0,0,0,0,0,5525,0,3510,2015,0
50128,18.754791,18.553545,18.577790,0.000000,0.000333,0.000000,0.000000,0.062084,0.012000,0.920833,639,8075366,149726,0,2,0,2,0,0,0,0,0,0,7208,0,4680,2528,0
50129,17.003917,16.917084,16.934913,0.000000,0.000375,0.000000,0.000000,0.065750,0.010833,1.241667,632,8138250,149385,0,2,0,2,0,0,0,0,0,0,5406,0,3510,1896,0
50130,16.616458,16.519283,16.404838,0.000000,0.000374,0.000000,0.000000,0.081459,0.037791,0.291834,634,8107071,146009,0,2,0,2,0,0,0,0,0,0,5560,0,3510,2050,0
50131,17.149875,16.978203,16.993041,0.000000,0.000458,0.000000,0.000000,0.075709,0.013500,1.216208,639,8091657,149625,0,2,0,2,0,0,0,0,0,0,7208,0,4680,2528,0
50132,16.726667,16.639714,16.636952,0.000000,0.000334,0.000000,0.000000,0.070000,0.039292,0.622958,634,8122607,148125,0,2,0,2,0,0,0,0,0,0,5406,0,3510,1896,0
50133,17.456167,17.226443,17.203078,0.000000,0.000499,0.000000,0.000000,0.063000,0.012166,0.923208,632,8092169,147521,0,2,0,2,0,0,0,0,0,0,5525,0,3510,2015,0
50134,17.337750,17.253111,17.253033,0.000000,0.000291,0.000000,0.000000,0.066208,0.015958,1.294708,641,8106649,149602,0,2,0,2,0,0,0,0,0,0,7208,0,4680,2528,0
50135,16.290208,16.183747,16.200659,0.000000,0.000250,0.000000,0.000000,0.080417,0.037291,0.609333,634,8122724,147480,0,2,0,2,0,0,0,0,0,0,5406,0,3510,1896,0
50136,15.852667,15.729308,15.742176,0.000000,0.000209,0.000000,0.000000,0.072333,0.026750,0.907001,632,8091767,144919,0,2,0,2,0,0,0,0,0,0,5406,0,3510,1896,0
50137,18.314041,18.144325,18.156298,0.000000,0.000250,0.000000,0.000000,0.076709,0.014666,0.610333,640,8107107,149136,0,2,0,2,0,0,0,0,0,0,7208,0,4680,2528,0
50138,16.825000,16.711141,16.704173,0.000000,0.003124,0.000000,0.000000,0.063459,0.039583,0.577374,634,8122795,146921,0,2,0,2,0,0,0,0,0,0,5535,0,3510,2025,0
50139,16.734000,16.604839,16.569996,0.000000,0.000334,0.000000,0.000000,0.068334,0.014916,1.039791,633,8091749,143907,0,2,0,2,0,0,0,0,0,0,5535,0,3510,2025,0
50140,17.083000,16.951586,16.937425,0.000000,0.000292,0.000000,0.000000,0.088500,0.034375,0.289750,638,8106855,143376,0,2,0,2,0,0,0,0,0,0,7208,0,4680,2528,0
50141,16.242084,16.123896,16.125878,0.000000,0.000333,0.000000,0.000000,0.072291,0.019167,1.261000,633,8111540,140726,0,2,0,2,0,0,0,0,0,0,5406,0,3510,1896,0
50142,18.374916,18.260006,18.174875,0.000000,0.000499,0.000000,0.000000,0.084375,0.027542,0.309375,631,8118382,140887,0,2,0,2,0,0,0,0,0,0,5406,0,3510,1896,0
50143,18.153292,18.029095,18.024775,0.000000,0.000333,0.000000,0.000000,0.106750,0.022542,0.966500,640,8107065,140659,0,2,0,2,0,0,0,0,0,0,7208,0,4680,2528,0
50144,16.708750,16.529491,16.511606,0.000000,0.000416,0.000000,0.000000,0.091042,0.016208,1.008291,634,8122586,139341,0,2,0,2,0,0,0,0,0,0,5577,0,3510,2067,0
50145,17.258125,17.149748,17.120485,0.000000,0.000625,0.000000,0.000000,0.105583,0.040875,0.646125,638,8077219,145489,0,2,0,2,0,0,0,0,0,0,7004,0,4536,2468,0
50146,17.901625,17.743792,17.750911,0.000000,0.000416,0.000000,0.000000,0.076375,0.023875,1.308750,632,8121863,141042,0,2,0,2,0,0,0,0,0,0,5610,0,3654,1956,0
50147,16.748750,16.600790,16.572534,0.000000,0.000332,0.000000,0.000000,0.073458,0.030709,1.275667,629,8076165,141742,0,2,0,2,0,0,0,0,0,0,5406,0,3510,1896,0
50148,17.226083,17.138708,17.124756,0.000000,0.000376,0.000000,0.000000,0.080334,0.014458,0.649000,643,8153432,141158,0,2,0,2,0,0,0,0,0,0,7208,0,4680,2528,0
50149,17.431209,17.266712,17.265873,0.000000,0.000418,0.000000,0.000000,0.089583,0.022167,1.262334,631,8076302,143370,0,2,0,2,0,0,0,0,0,0,5406,0,3510,1896,0
50150,17.079375,16.897500,16.904285,0.000000,0.000416,0.000000,0.000000,0.080791,0.017875,0.613375,633,8107263,139284,0,2,0,2,0,0,0,0,0,0,5406,0,3510,1896,0
50151,16.957333,16.896168,16.897707,0.000000,0.000332,0.000000,0.000000,0.070750,0.029750,0.741750,641,8122490,147166,0,2,0,2,0,0,0,0,0,0,7208,0,4680,2528,0
50152,17.592833,17.396159,17.400554,0.000000,0.000416,0.000000,0.000000,0.081875,0.026834,1.000208,629,8076387,141134,0,2,0,2,0,0,0,0,0,0,5406,0,3510,1896,0
50153,18.110584,17.980728,17.998605,0.000000,0.000416,0.000000,0.000000,0.076958,0.039958,0.607375,635,8138390,142643,0,2,0,2,0,0,0,0,0,0,5406,0,3510,1896,0
50154,17.155500,17.092444,16.997719,0.000000,0.000375,0.000000,0.000000,0.116416,0.018875,1.056667,639,8091404,141601,0,2,0,2,0,0,0,0,0,0,7208,0,4680,2528,0
50155,18.066583,17.915289,17.933874,0.000000,0.000500,0.000000,0.000000,0.084917,0.016458,1.257833,633,8122661,148073,0,2,0,2,0,0,0,0,0,0,5406,0,3510,1896,0
50156,17.174083,17.022346,17.042634,0.000000,0.000333,0.000000,0.000000,0.074000,0.021625,0.513167,632,8091936,137767,0,2,0,2,0,0,0,0,0,0,5406,0,3510,1896,0
50157,16.912084,16.780867,16.795877,0.000000,0.000416,0.000000,0.000000,0.076416,0.022417,0.945126,639,8106905,130716,0,2,0,2,0,0,0,0,0,0,7208,0,4680,2528,0
50158,17.135250,16.953620,16.889570,0.000000,0.000626,0.000000,0.000000,0.096166,0.034625,0.292709,630,8091869,132158,0,2,0,2,0,0,0,0,0,0,5406,0,3510,1896,0
50159,16.170666,16.024781,16.036928,0.000000,0.000459,0.000000,0.000000,0.070500,0.021042,0.589959,632,8122826,132004,0,2,0,2,0,0,0,0,0,0,5524,0,3510,2014,0
50160,17.551625,17.479854,17.484580,0.000000,0.000499,0.000000,0.000000,0.077167,0.025125,1.255375,641,8106819,134873,0,2,0,2,0,0,0,0,0,0,7208,0,4680,2528,0
50161,17.124917,16.964835,16.984613,0.000000,0.000584,0.000000,0.000000,0.084292,0.027958,0.608334,629,8107304,134115,0,2,0,2,0,0,0,0,0,0,5406,0,3510,1896,0
50162,16.600958,16.470832,16.466009,0.000000,0.000417,0.000000,0.000000,0.080750,0.025709,1.231958,633,8107218,131412,0,2,0,2,0,0,0,0,0,0,5406,0,3510,1896,0
50163,16.504167,16.379160,16.271121,0.000000,0.000374,0.000000,0.000000,0.080000,0.021625,0.297542,638,8107152,129606,0,2,0,2,0,0,0,0,0,0,7208,0,4680,2528,0
50164,15.902625,15.796673,15.806739,0.000000,0.000583,0.000000,0.000000,0.090333,0.014875,0.900291,631,8107148,132736,0,2,0,2,0,0,0,0,0,0,5406,0,3510,1896,0
50165,15.233833,15.108058,15.116278,0.000000,0.000333,0.000000,0.000000,0.068917,0.018792,0.609792,633,8122703,133474,0,2,0,2,0,0,0,0,0,0,5406,0,3510,1896,0
50166,16.402667,16.284716,16.275296,0.000000,0.000333,0.000000,0.000000,0.081958,0.014500,0.778292,639,8091634,133327,0,2,0,2,0,0,0,0,0,0,7208,0,4680,2528,0
50167,16.590250,16.443401,16.411627,0.000000,0.000416,0.000000,0.000000,0.079000,0.034417,0.613000,634,8122869,133050,0,2,0,2,0,0,0,0,0,0,5406,0,3510,1896,0
50168,15.441958,15.336575,15.339626,0.000000,0.000457,0.000000,0.000000,0.082959,0.037375,0.747916,629,8091614,129384,0,2,0,2,0,0,0,0,0,0,5406,0,3510,1896,0
50169,16.646000,16.516588,16.518273,0.000000,0.000417,0.000000,0.000000,0.079250,0.035292,0.471709,642,8122524,129712,0,2,0,2,0,0,0,0,0,0,7208,0,4680,2528,0
50170,15.859375,15.741461,15.709293,0.000000,0.000458,0.000000,0.000000,0.077250,0.033459,0.755584,634,8107222,131724,0,2,0,2,0,0,0,0,0,0,5406,0,3510,1896,0
50171,15.831375,15.617124,15.634616,0.000000,0.000542,0.000000,0.000000,0.068917,0.018500,0.466667,635,8107318,131109,0,2,0,2,0,0,0,0,0,0,5721,0,3510,2211,0
50172,17.147709,17.098748,17.069245,0.000000,0.000791,0.000000,0.000000,0.109750,0.030500,0.592709,639,8106852,135893,0,2,0,2,0,0,0,0,0,0,7208,0,4680,2528,0
50173,16.608875,16.396625,16.354758,0.000000,0.000709,0.000000,0.000000,0.075791,0.023709,0.475250,631,8076437,132576,0,2,0,2,0,0,0,0,0,0,5406,0,3510,1896,0
50174,16.681500,16.619634,16.633176,0.000000,0.000333,0.000000,0.000000,0.087750,0.067541,0.832833,631,8122638,131866,0,2,0,2,0,0,0,0,0,0,5406,0,3510,1896,0
50175,16.686708,16.504877,16.485755,0.000000,0.000415,0.000000,0.000000,0.077667,0.026875,0.821417,641,8107070,129487,0,2,0,2,0,0,0,0,0,0,7208,0,4680,2528,0
50176,16.425792,16.282178,16.267819,0.000000,0.000459,0.000000,0.000000,0.075333,0.020500,0.290458,631,8107222,131100,0,2,0,2,0,0,0,0,0,0,5406,0,3510,1896,0
50177,15.842125,15.752420,15.758583,0.000000,0.000458,0.000000,0.000000,0.072291,0.025084,1.090917,632,8107359,132980,0,2,0,2,0,0,0,0,0,0,5406,0,3510,1896,0
50178,16.693041,16.578042,16.591120,0.000000,0.000625,0.000000,0.000000,0.071375,0.043375,0.606791,640,8106950,133819,0,2,0,2,0,0,0,0,0,0,7208,0,4680,2528,0
50179,16.441292,16.276611,16.244252,0.000000,0.000500,0.000000,0.000000,0.107208,0.025709,0.801125,633,8107448,132060,0,2,0,2,0,0,0,0,0,0,5406,0,3510,1896,0
50180,18.184667,18.038050,17.563239,0.000000,0.000458,0.000000,0.000000,0.080625,0.015833,0.295500,628,8091646,130347,0,2,0,2,0,0,0,0,0,0,5406,0,3510,1896,0
50181,17.151416,17.070784,17.081449,0.000000,0.000293,0.000000,0.000000,0.073500,0.024542,0.923792,641,8122490,130329,0,2,0,2,0,0,0,0,0,0,7208,0,4680,2528,0
50182,17.021334,16.870343,16.884210,0.000000,0.000291,0.000000,0.000000,0.086791,0.016125,1.262582,633,8107356,131572,0,2,0,2,0,0,0,0,0,0,5406,0,3510,1896,0
50183,16.291041,16.159298,16.158128,0.000000,0.000251,0.000000,0.000000,0.067375,0.044917,0.610625,633,8107123,129894,0,2,0,2,0,0,0,0,0,0,5406,0,3510,1896,0
50184,15.880459,15.736619,15.735717,0.000000,0.000333,0.000000,0.000000,0.062458,0.020583,1.105166,640,8107212,128657,0,2,0,2,0,0,0,0,0,0,7208,0,4680,2528,0
50185,15.898166,15.713002,15.724123,0.000000,0.000375,0.000000,0.000000,0.067125,0.013667,0.642125,631,8091773,131400,0,2,0,2,0,0,0,0,0,0,5406,0,3510,1896,0
50186,15.656500,15.581184,15.557357,0.000000,0.000583,0.000000,0.000000,0.080584,0.025750,1.105791,634,8122584,130193,0,2,0,2,0,0,0,0,0,0,5406,0,3510,1896,0
50187,16.144292,16.020615,16.037627,0.000000,0.000417,0.000000,0.000000,0.094417,0.031166,0.290000,640,8107089,128199,0,2,0,2,0,0,0,0,0,0,7208,0,4680,2528,0
50188,15.682792,15.490578,15.508302,0.000000,0.000292,0.000000,0.000000,0.070625,0.015125,1.287167,634,8091732,135075,0,2,0,2,0,0,0,0,0,0,5523,0,3510,2013,0
50189,16.797208,16.799594,16.688924,0.000000,0.000916,0.000000,0.000000,0.097292,0.040833,0.613958,635,8138145,135438,0,2,0,2,0,0,0,0,0,0,5406,0,3510,1896,0
50190,16.390958,16.252783,16.257162,0.000000,0.000292,0.000000,0.000000,0.084459,0.050041,0.904125,638,8107125,127822,0,2,0,2,0,0,0,0,0,0,7208,0,4680,2528,0
50191,16.355584,16.174965,16.096349,0.000000,0.000500,0.000000,0.000000,0.079833,0.026125,0.307208,632,8091772,129622,0,2,0,2,0,0,0,0,0,0,5406,0,3510,1896,0
50192,15.861583,15.729575,15.720124,0.000000,0.000249,0.000000,0.000000,0.088750,0.018500,0.959333,637,8107266,129019,0,2,0,2,0,0,0,0,0,0,5406,0,3510,1896,0
50193,16.028458,15.904471,15.916882,0.000000,0.000459,0.000000,0.000000,0.082792,0.017375,0.647167,639,8107087,129079,0,2,0,2,0,0,0,0,0,0,7208,0,4680,2528,0
50194,15.749625,15.611577,15.596043,0.000000,0.000334,0.000000,0.000000,0.070417,0.015125,0.955417,634,8138196,133697,0,2,0,2,0,0,0,0,0,0,5406,0,3510,1896,0
50195,15.931750,15.783628,15.773202,0.000000,0.000416,0.000000,0.000000,0.071209,0.020750,0.289250,629,8060885,131986,0,2,0,2,0,0,0,0,0,0,5406,0,3510,1896,0
50196,15.989792,15.895044,15.878540,0.000000,0.000499,0.000000,0.000000,0.082375,0.022792,0.931625,639,8122543,129201,0,2,0,2,0,0,0,0,0,0,7208,0,4680,2528,0
50197,16.383250,16.223453,16.173753,0.000000,0.000249,0.000000,0.000000,0.072125,0.026000,0.608959,632,8107286,128930,0,2,0,2,0,0,0,0,0,0,5406,0,3510,1896,0
50198,16.985708,16.822340,16.796596,0.000000,0.000374,0.000000,0.000000,0.070750,0.015542,1.111082,631,8091859,127751,0,2,0,2,0,0,0,0,0,0,6942,0,4534,2408,0
50199,15.978917,15.879253,15.871713,0.000000,0.000500,0.000000,0.000000,0.069417,0.044208,0.613041,640,8137986,128996,0,2,0,2,0,0,0,0,0,0,5672,0,3656,2016,0
50200,14.809458,14.647709,14.650333,0.000000,0.000417,0.000000,0.000000,0.078250,0.014292,1.254458,630,8091727,126519,0,2,0,2,0,0,0,0,0,0,5406,0,3510,1896,0
50201,14.989000,14.877117,14.844353,0.000000,0.000458,0.000000,0.000000,0.080084,0.016833,0.612167,641,8107134,126516,0,2,0,2,0,0,0,0,0,0,7208,0,4680,2528,0
50202,15.156167,15.070178,14.997663,0.000000,0.000333,0.000000,0.000000,0.070250,0.023375,0.923625,633,8112385,133836,0,2,0,2,0,0,0,0,0,0,5556,0,3510,2046,0
50203,16.753167,16.613875,16.619058,0.000000,0.000542,0.000000,0.000000,0.069208,0.022917,0.294459,632,8102007,134652,0,2,0,2,0,0,0,0,0,0,5406,0,3510,1896,0
50204,15.997166,15.852367,15.845249,0.000000,0.000375,0.000000,0.000000,0.075417,0.018542,1.303375,639,8107061,126597,0,2,0,2,0,0,0,0,0,0,7208,0,4680,2528,0
50205,15.958875,15.802915,15.820965,0.000000,0.000334,0.000000,0.000000,0.090375,0.028667,0.609666,631,8091787,129000,0,2,0,2,0,0,0,0,0,0,5406,0,3510,1896,0
50206,14.940167,14.877690,14.878001,0.000000,0.000458,0.000000,0.000000,0.068125,0.030125,0.651042,633,8122760,128314,0,2,0,2,0,0,0,0,0,0,5406,0,3510,1896,0
50207,15.737333,15.581248,15.559419,0.000000,0.000375,0.000000,0.000000,0.073084,0.020708,1.189334,642,8107034,125700,0,2,0,2,0,0,0,0,0,0,7208,0,4680,2528,0
50208,15.544667,15.410793,15.427849,0.000000,0.000249,0.000000,0.000000,0.060333,0.036667,0.633000,634,8122666,134682,0,2,0,2,0,0,0,0,0,0,5406,0,3510,1896,0
50209,16.739958,16.628670,16.623414,0.000000,0.000499,0.000000,0.000000,0.093625,0.022042,0.938459,630,8091822,133957,0,2,0,2,0,0,0,0,0,0,5406,0,3510,1896,0
50210,15.134834,15.030090,15.026347,0.000000,0.000376,0.000000,0.000000,0.083208,0.020417,0.607750,642,8122524,127048,0,2,0,2,0,0,0,0,0,0,7208,0,4680,2528,0
50211,14.903875,14.718572,14.719262,0.000000,0.000167,0.000000,0.000000,0.070541,0.023250,0.930709,630,8076305,127836,0,2,0,2,0,0,0,0,0,0,5406,0,3510,1896,0
50212,15.056500,14.928197,14.914038,0.000000,0.000542,0.000000,0.000000,0.072541,0.014667,0.291750,633,8122687,127814,0,2,0,2,0,0,0,0,0,0,5406,0,3510,1896,0
50213,15.378125,15.264094,15.188168,0.000000,0.000417,0.000000,0.000000,0.116000,0.038083,0.921749,640,8107115,126527,0,2,0,2,0,0,0,0,0,0,7208,0,4680,2528,0
50214,16.096541,16.001798,15.951744,0.000000,0.000374,0.000000,0.000000,0.075500,0.025417,0.624541,631,8107232,128487,0,2,0,2,0,0,0,0,0,0,5406,0,3510,1896,0
50215,15.595625,15.426624,15.402854,0.000000,0.000333,0.000000,0.000000,0.068000,0.028917,0.959333,636,8138032,129435,0,2,0,2,0,0,0,0,0,0,5863,0,3510,2353,0
50216,19.506792,19.348202,19.359617,0.000000,0.000500,0.000000,0.000000,0.068542,0.020500,0.607083,640,8076081,181894,0,2,0,2,0,0,0,0,0,0,7208,0,4680,2528,0
50217,16.731000,16.629053,16.632321,0.000000,0.000250,0.000000,0.000000,0.066250,0.014417,1.088083,633,8107243,143395,0,2,0,2,0,0,0,0,0,0,5406,0,3510,1896,0
50218,17.205000,17.050883,17.059868,0.000000,0.000542,0.000000,0.000000,0.082917,0.023416,1.296042,653,8106898,141790,0,2,0,2,0,0,0,0,0,0,7447,0,3510,3937,0
50219,17.493250,17.375122,17.304248,0.000000,0.000417,0.000000,0.000000,0.111250,0.017917,0.639875,638,8107133,139317,0,2,0,2,0,0,0,0,0,0,7208,0,4680,2528,0
50220,16.934792,16.787429,16.750374,0.000000,0.000500,0.000000,0.000000,0.065291,0.013417,1.348500,634,8107181,143406,0,2,0,2,0,0,0,0,0,0,5406,0,3510,1896,0
50221,17.614583,17.502999,17.514597,0.000000,0.000499,0.000000,0.000000,0.084583,0.018167,0.964459,630,8107304,142009,0,2,0,2,0,0,0,0,0,0,5406,0,3510,1896,0
50222,16.947417,16.824845,16.809283,0.000000,0.000376,0.000000,0.000000,0.090875,0.026916,0.613042,641,8112361,140401,0,2,0,4,0,0,0,0,0,0,7208,0,4680,2528,0
50223,16.322208,16.205408,16.182535,0.000000,0.000416,0.000000,0.000000,0.073125,0.047250,1.263250,631,8101838,142758,0,4,0,2,0,0,0,0,0,0,5406,0,3510,1896,0
50224,16.982917,16.853538,16.669267,0.000000,0.000416,0.000000,0.000000,0.074625,0.013625,0.611458,630,8096480,141332,0,0,0,2,0,0,0,0,0,0,5406,0,3510,1896,0
50225,17.191750,17.026625,17.108330,0.000000,0.000458,0.000000,0.000000,0.086458,0.022958,0.949959,641,8117934,140672,0,4,0,2,0,0,0,0,0,0,7208,0,4680,2528,0
50226,16.846750,16.704309,16.672890,0.000000,0.000251,0.000000,0.000000,0.087375,0.019083,0.635417,633,8091715,142896,0,2,0,2,0,0,0,0,0,0,5406,0,3510,1896,0
50227,18.430208,18.294580,18.265035,0.000000,0.000375,0.000000,0.000000,0.091167,0.015625,0.664458,632,8122650,141859,0,2,0,2,0,0,0,0,0,0,5406,0,3510,1896,0
50228,17.917750,17.789912,17.784122,0.000000,0.000416,0.000000,0.000000,0.093833,0.020167,1.354083,641,8122450,140268,0,2,0,2,0,0,0,0,0,0,7208,0,4680,2528,0
50229,17.573958,17.403668,17.412638,0.000000,0.000373,0.000000,0.000000,0.075834,0.016583,0.289417,631,8091784,143131,0,2,0,2,0,0,0,0,0,0,5406,0,3510,1896,0
50230,17.189584,17.015536,16.997501,0.000000,0.000375,0.000000,0.000000,0.069666,0.026209,1.141083,631,8091889,139867,0,2,0,2,0,0,0,0,0,0,5406,0,3510,1896,0
50231,17.879750,17.773910,17.788120,0.000000,0.000292,0.000000,0.000000,0.074541,0.021792,1.299834,642,8122393,140890,0,2,0,2,0,0,0,0,0,0,7208,0,4680,2528,0
50232,18.420708,18.283304,18.279877,0.000000,0.000375,0.000000,0.000000,0.066583,0.029792,0.611625,633,8107261,143295,0,2,0,2,0,0,0,0,0,0,5406,0,3510,1896,0
50233,18.052333,17.910751,17.912162,0.000000,0.000500,0.000000,0.000000,0.068834,0.013208,1.218625,632,8107241,141852,0,2,0,2,0,0,0,0,0,0,5406,0,3510,1896,0
50234,16.758292,16.629585,16.640906,0.000000,0.000459,0.000000,0.000000,0.085583,0.029042,1.259959,641,8107057,139600,0,2,0,2,0,0,0,0,0,0,7208,0,4680,2528,0
50235,17.349708,17.205996,17.213168,0.000000,0.000333,0.000000,0.000000,0.078709,0.021291,0.610292,633,8107201,142301,0,2,0,2,0,0,0,0,0,0,5406,0,3510,1896,0
50236,17.458542,17.311205,17.310162,0.000000,0.000625,0.000000,0.000000,0.084917,0.038291,0.604668,631,8107311,140450,0,2,0,2,0,0,0,0,0,0,5406,0,3510,1896,0
50237,17.778667,17.650189,17.653985,0.000000,0.000333,0.000000,0.000000,0.072250,0.037250,1.320500,642,8106960,150012,0,2,0,2,0,0,0,0,0,0,7208,0,4680,2528,0
50238,17.395416,17.308198,17.318410,0.000000,0.000542,0.000000,0.000000,0.079917,0.014375,0.637000,631,8107259,151533,0,2,0,2,0,0,0,0,0,0,5406,0,3510,1896,0
50239,18.175292,18.100933,18.039084,0.000000,0.000458,0.000000,0.000000,0.093542,0.036041,0.901125,635,8122781,150195,0,2,0,2,0,0,0,0,0,0,5406,0,3510,1896,0
50240,18.540833,18.359240,18.317014,0.000000,0.000249,0.000000,0.000000,0.071417,0.019667,0.927875,641,8106924,148281,0,2,0,2,0,0,0,0,0,0,7208,0,4680,2528,0
50241,19.127417,18.983539,18.993191,0.000000,0.000417,0.000000,0.000000,0.105917,0.026250,0.933916,632,8076370,150583,0,2,0,2,0,0,0,0,0,0,5406,0,3510,1896,0
50242,18.071250,17.923097,17.943613,0.000000,0.000291,0.000000,0.000000,0.077000,0.025167,0.639708,633,8122702,151619,0,2,0,2,0,0,0,0,0,0,5406,0,3510,1896,0
50243,17.124792,17.012305,17.013542,0.000000,0.000500,0.000000,0.000000,0.065833,0.026792,1.058125,640,8107059,148507,0,2,0,2,0,0,0,0,0,0,7208,0,4680,2528,0
50244,17.705083,17.562650,17.564983,0.000000,0.000333,0.000000,0.000000,0.059000,0.012708,1.308959,631,8107261,151667,0,2,0,2,0,0,0,0,0,0,5406,0,3510,1896,0
50245,18.568083,18.424303,18.390084,0.000000,0.000459,0.000000,0.000000,0.067917,0.025958,0.315292,633,8107246,150738,0,2,0,2,0,0,0,0,0,0,5406,0,3510,1896,0
50246,18.124084,18.007880,18.015110,0.000000,0.000374,0.000000,0.000000,0.060291,0.024875,0.965083,641,8107048,150476,0,2,0,2,0,0,0,0,0,0,7208,0,4680,2528,0
50247,17.961750,17.818475,17.815163,0.000000,0.000375,0.000000,0.000000,0.082791,0.013042,0.909917,632,8108337,150233,0,2,0,2,0,0,0,0,0,0,5406,0,3510,1896,0
50248,18.326750,18.207801,18.213665,0.000000,0.000334,0.000000,0.000000,0.081625,0.018291,0.659458,632,8106225,150666,0,2,0,2,0,0,0,0,0,0,5406,0,3510,1896,0
50249,19.322166,19.218649,19.076270,0.000000,0.000333,0.000000,0.000000,0.083500,0.032250,0.860000,641,8122472,150969,0,2,0,2,0,0,0,0,0,0,7208,0,4680,2528,0
50250,18.590292,18.462504,18.399991,0.000000,0.000500,0.000000,0.000000,0.106625,0.016708,1.116001,633,8107303,150306,0,2,0,2,0,0,0,0,0,0,5406,0,3510,1896,0
50251,17.780958,17.620585,17.553582,0.000000,0.000417,0.000000,0.000000,0.083292,0.027750,0.774792,637,8091779,148711,0,2,0,2,0,0,0,0,0,0,7004,0,4536,2468,0
50252,17.451667,17.322299,17.311798,0.000000,0.000458,0.000000,0.000000,0.073792,0.022583,0.463542,636,8112529,151194,0,2,0,2,0,0,0,0,0,0,5610,0,3654,1956,0
50253,17.794083,17.697457,17.690655,0.000000,0.000291,0.000000,0.000000,0.087292,0.037458,0.794959,632,8117222,150368,0,2,0,2,0,0,0,0,0,0,5406,0,3510,1896,0
50254,17.937500,17.796747,17.801555,0.000000,0.000460,0.000000,0.000000,0.078042,0.033042,1.261834,637,8091823,148003,0,2,0,2,0,0,0,0,0,0,7208,0,4680,2528,0
50255,18.400959,18.241914,18.229293,0.000000,0.000249,0.000000,0.000000,0.076708,0.014208,0.624542,633,8107013,150668,0,2,0,2,0,0,0,0,0,0,5406,0,3510,1896,0
50256,18.412958,18.247922,18.256778,0.000000,0.000334,0.000000,0.000000,0.085625,0.023292,0.929792,632,8092046,149426,0,2,0,2,0,0,0,0,0,0,5406,0,3510,1896,0
50257,18.130625,18.054321,17.975832,0.000000,0.000459,0.000000,0.000000,0.101167,0.018958,0.953750,641,8132217,149399,0,2,0,2,0,0,0,0,0,0,7208,0,4680,2528,0
50258,18.787250,18.599957,18.573295,0.000000,0.000458,0.000000,0.000000,0.072500,0.023167,0.611708,632,8097304,151311,0,2,0,2,0,0,0,0,0,0,5406,0,3510,1896,0
50259,18.336792,18.211540,18.194141,0.000000,0.000417,0.000000,0.000000,0.071833,0.030125,1.261374,632,8107247,149349,0,2,0,2,0,0,0,0,0,0,5406,0,3510,1896,0
50260,18.107250,17.961790,17.961813,0.000000,0.000417,0.000000,0.000000,0.082583,0.033042,1.136916,643,8122526,148724,0,2,0,2,0,0,0,0,0,0,7208,0,4680,2528,0
50261,17.338833,17.219228,17.220983,0.000000,0.000210,0.000000,0.000000,0.064208,0.042584,1.099166,632,8091831,151534,0,2,0,2,0,0,0,0,0,0,5406,0,3510,1896,0
50262,18.630250,18.518822,18.517630,0.000000,0.000417,0.000000,0.000000,0.064167,0.017500,0.734625,631,8112514,149995,0,2,0,2,0,0,0,0,0,0,5406,0,3510,1896,0
50263,17.359792,17.223541,17.199539,0.000000,0.000334,0.000000,0.000000,0.073958,0.028667,0.606042,641,8117193,148058,0,2,0,2,0,0,0,0,0,0,7208,0,4680,2528,0
50264,19.052333,18.900067,18.845823,0.000000,0.000334,0.000000,0.000000,0.085292,0.019416,1.083249,630,8091854,151311,0,2,0,2,0,0,0,0,0,0,5406,0,3510,1896,0
50265,18.017667,17.899242,17.920152,0.000000,0.000374,0.000000,0.000000,0.069583,0.016083,0.640000,633,8107217,150041,0,2,0,2,0,0,0,0,0,0,5406,0,3510,1896,0
50266,19.261875,19.086634,19.099951,0.000000,0.000375,0.000000,0.000000,0.091250,0.027083,0.962916,641,8106980,148632,0,2,0,2,0,0,0,0,0,0,7208,0,4680,2528,0
50267,18.357333,18.230164,18.243625,0.000000,0.000375,0.000000,0.000000,0.065958,0.029292,0.970791,632,8107270,151494,0,2,0,2,0,0,0,0,0,0,5406,0,3510,1896,0
50268,18.004375,17.901922,17.889425,0.000000,0.000333,0.000000,0.000000,0.074250,0.014333,1.296166,634,8107361,152209,0,2,0,2,0,0,0,0,0,0,5577,0,3510,2067,0
50269,18.427250,18.232873,18.230245,0.000000,0.000376,0.000000,0.000000,0.065708,0.019459,0.639583,640,8091429,150607,0,2,0,2,0,0,0,0,0,0,7208,0,4680,2528,0
50270,18.757000,18.682933,18.685972,0.000000,0.000334,0.000000,0.000000,0.077958,0.016292,0.950667,633,8122685,151228,0,2,0,2,0,0,0,0,0,0,5406,0,3510,1896,0
50271,19.058208,18.930341,18.918715,0.000000,0.000541,0.000000,0.000000,0.103417,0.018833,1.322709,636,8138045,150921,0,2,0,2,0,0,0,0,0,0,5551,0,3510,2041,0
50272,18.775125,18.559081,18.561662,0.000000,0.000334,0.000000,0.000000,0.078709,0.013416,1.309416,637,8060663,150455,0,2,0,2,0,0,0,0,0,0,7208,0,4680,2528,0
50273,17.905250,17.835606,17.843879,0.000000,0.000418,0.000000,0.000000,0.078292,0.015500,0.647458,634,8122767,151041,0,2,0,2,0,0,0,0,0,0,5406,0,3510,1896,0
50274,18.183917,18.049130,17.961962,0.000000,0.000333,0.000000,0.000000,0.080583,0.043625,1.331542,634,8107126,151152,0,2,0,2,0,0,0,0,0,0,5577,0,3510,2067,0
50275,18.779792,18.720532,18.576886,0.000000,0.003542,0.000000,0.000000,0.108416,0.065334,0.677709,648,8168988,157163,0,2,0,2,0,0,0,0,0,0,7337,0,4680,2657,0
50276,18.930166,18.695068,18.697352,0.000000,0.000458,0.000000,0.000000,0.085000,0.022875,0.970000,628,8047677,149820,0,2,0,2,0,0,0,0,0,0,5406,0,3510,1896,0
50277,17.391417,17.256294,17.212309,0.000000,0.000500,0.000000,0.000000,0.070375,0.016500,0.302667,636,8151211,148680,0,2,0,2,0,0,0,0,0,0,5406,0,3510,1896,0
50278,18.489917,18.371405,18.373492,0.000000,0.000416,0.000000,0.000000,0.071791,0.018917,1.306292,639,8076019,150163,0,2,0,2,0,0,0,0,0,0,7208,0,4680,2528,0
50279,17.030708,16.892717,16.813382,0.000000,0.000291,0.000000,0.000000,0.080917,0.039791,0.639542,630,8091825,147308,0,2,0,2,0,0,0,0,0,0,5406,0,3510,1896,0
50280,16.869500,16.730278,16.700814,0.000000,0.000292,0.000000,0.000000,0.071833,0.015750,1.227083,634,8107299,146581,0,2,0,2,0,0,0,0,0,0,5406,0,3510,1896,0
50281,18.128375,18.012909,18.001133,0.000000,0.000334,0.000000,0.000000,0.082125,0.026417,1.318458,638,8106985,145564,0,2,0,2,0,0,0,0,0,0,7208,0,4680,2528,0
50282,16.974250,16.776869,16.761837,0.000000,0.000458,0.000000,0.000000,0.063750,0.013500,0.609834,633,8091829,145168,0,2,0,2,0,0,0,0,0,0,5406,0,3510,1896,0
50283,17.893625,17.811963,17.782201,0.000000,0.000292,0.000000,0.000000,0.074333,0.014084,0.608500,633,8107210,146744,0,2,0,2,0,0,0,0,0,0,5406,0,3510,1896,0
50284,17.049917,16.895390,16.837494,0.000000,0.000376,0.000000,0.000000,0.083666,0.015584,1.149417,641,8111618,144249,0,2,0,2,0,0,0,0,0,0,7208,0,4680,2528,0
50285,17.068291,16.981917,16.976117,0.000000,0.000417,0.000000,0.000000,0.086375,0.016417,0.658250,633,8118110,146652,0,2,0,2,0,0,0,0,0,0,5406,0,3510,1896,0
50286,18.339167,18.184276,18.196076,0.000000,0.000416,0.000000,0.000000,0.080667,0.037875,1.255208,632,8107240,144066,0,2,0,2,0,0,0,0,0,0,5406,0,3510,1896,0
50287,16.481750,16.318143,16.322551,0.000000,0.000542,0.000000,0.000000,0.072375,0.036083,0.618417,639,8091564,142229,0,2,0,2,0,0,0,0,0,0,7208,0,4680,2528,0
50288,16.949000,16.813883,16.809893,0.000000,0.000417,0.000000,0.000000,0.064292,0.030166,1.099958,631,8107262,147295,0,2,0,2,0,0,0,0,0,0,5406,0,3510,1896,0
50289,18.035625,17.982098,17.971749,0.000000,0.000377,0.000000,0.000000,0.082792,0.015250,1.265167,636,8138182,148306,0,2,0,2,0,0,0,0,0,0,5505,0,3510,1995,0
50290,18.141792,17.970742,17.992900,0.000000,0.000417,0.000000,0.000000,0.064416,0.016375,0.660375,641,8106895,147879,0,2,0,2,0,0,0,0,0,0,7308,0,4680,2628,0
50291,18.492875,18.347222,18.357615,0.000000,0.000293,0.000000,0.000000,0.080791,0.017959,1.311625,627,8076379,151325,0,2,0,2,0,0,0,0,0,0,5406,0,3510,1896,0
50292,18.751833,18.601539,18.598817,0.000000,0.000293,0.000000,0.000000,0.086000,0.017375,1.323749,633,8107282,149053,0,2,0,2,0,0,0,0,0,0,5406,0,3510,1896,0
50293,17.991125,17.901576,17.872432,0.000000,0.000458,0.000000,0.000000,0.068542,0.018833,1.325500,646,8138067,148032,0,2,0,2,0,0,0,0,0,0,7307,0,4680,2627,0
50294,18.659000,18.501561,18.520487,0.000000,0.000416,0.000000,0.000000,0.085583,0.027334,0.663791,630,8076141,151044,0,2,0,2,0,0,0,0,0,0,5406,0,3510,1896,0
50295,17.739208,17.482416,17.500172,0.000000,0.000208,0.000000,0.000000,0.065125,0.022917,0.952916,630,8091865,146438,0,2,0,2,0,0,0,0,0,0,5406,0,3510,1896,0
50296,19.138000,19.060835,19.065498,0.000000,0.000458,0.000000,0.000000,0.064334,0.027166,1.305584,644,8122311,160595,0,2,0,2,0,0,0,0,0,0,7530,0,4680,2850,0
50297,19.111375,19.019002,19.036266,0.000000,0.000332,0.000000,0.000000,0.068792,0.020292,1.280124,633,8107475,154212,0,2,0,2,0,0,0,0,0,0,5506,0,3510,1996,0
50298,18.272167,18.117415,18.100867,0.000000,0.000500,0.000000,0.000000,0.067583,0.014209,0.647250,638,8153269,156110,0,2,0,2,0,0,0,0,0,0,5549,0,3510,2039,0
50299,19.180500,19.086040,19.082576,0.000000,0.000332,0.000000,0.000000,0.073250,0.031875,0.583958,644,8122378,158059,0,2,0,2,0,0,0,0,0,0,7460,0,4680,2780,0
50300,19.337375,19.204536,19.208319,0.000000,0.000293,0.000000,0.000000,0.085083,0.017750,0.954166,635,8122711,160824,0,2,0,2,0,0,0,0,0,0,5535,0,3510,2025,0
50301,17.395792,17.258241,17.260626,0.000000,0.000375,0.000000,0.000000,0.066541,0.032084,1.322166,626,8030013,154036,0,2,0,2,0,0,0,0,0,0,5406,0,3510,1896,0
50302,18.800416,18.638930,18.666641,0.000000,0.000334,0.000000,0.000000,0.073000,0.030709,0.614875,641,8122455,153902,0,2,0,2,0,0,0,0,0,0,7208,0,4680,2528,0
50303,18.220959,18.056914,17.895353,0.000000,0.000417,0.000000,0.000000,0.082416,0.026709,0.930750,632,8091988,147941,0,2,0,2,0,0,0,0,0,0,5506,0,3510,1996,0
50304,19.689458,19.567472,19.197394,0.000000,0.000542,0.000000,0.000000,0.082958,0.017334,0.603751,640,8122372,154890,0,2,0,2,0,0,0,0,0,0,7004,0,4536,2468,0
50305,18.945042,18.861456,18.865686,0.000000,0.000292,0.000000,0.000000,0.077083,0.085500,0.903584,640,8168858,156548,0,2,0,2,0,0,0,0,0,0,5807,0,3654,2153,0
50306,19.603708,19.422214,19.083001,0.000000,0.000251,0.000000,0.000000,0.096208,0.021500,1.018042,629,8060906,151683,0,2,0,2,0,0,0,0,0,0,5406,0,3510,1896,0
50307,18.490167,18.358782,18.224838,0.000000,0.000542,0.000000,0.000000,0.121333,0.026000,0.648958,640,8091630,142409,0,2,0,2,0,0,0,0,0,0,7208,0,4680,2528,0
50308,18.481958,18.332657,18.272323,0.000000,0.000292,0.000000,0.000000,0.072792,0.014833,0.898291,633,8122670,146205,0,2,0,2,0,0,0,0,0,0,5406,0,3510,1896,0
50309,16.773583,16.660259,16.648256,0.000000,0.000417,0.000000,0.000000,0.089625,0.030042,1.010541,631,8107252,144228,0,2,0,2,0,0,0,0,0,0,5406,0,3510,1896,0
50310,18.773792,18.622649,18.609495,0.000000,0.000417,0.000000,0.000000,0.073000,0.023000,0.639500,640,8091599,161207,0,2,0,2,0,0,0,0,0,0,7208,0,4680,2528,0
50311,17.237083,17.110018,17.102843,0.000000,0.000415,0.000000,0.000000,0.069917,0.013833,0.953583,629,8107359,146356,0,2,0,2,0,0,0,0,0,0,5406,0,3510,1896,0
50312,16.973375,16.830655,16.788979,0.000000,0.000459,0.000000,0.000000,0.078959,0.017041,1.302083,633,8107126,143094,0,2,0,2,0,0,0,0,0,0,5406,0,3510,1896,0
50313,16.300584,16.159008,16.173459,0.000000,0.000374,0.000000,0.000000,0.085291,0.038500,0.645834,639,8107038,139342,0,2,0,2,0,0,0,0,0,0,7208,0,4680,2528,0
50314,16.661375,16.577853,16.563686,0.000000,0.000542,0.000000,0.000000,0.118958,0.021375,0.616917,632,8122733,143719,0,2,0,2,0,0,0,0,0,0,5406,0,3510,1896,0
50315,17.081333,16.955202,16.869498,0.000000,0.000334,0.000000,0.000000,0.083417,0.024333,0.311792,633,8104540,141995,0,2,0,2,0,0,0,0,0,0,5503,0,3510,1993,0
50316,17.034667,16.899341,16.890713,0.000000,0.000293,0.000000,0.000000,0.079833,0.035500,1.319917,640,8078850,147543,0,2,0,2,0,0,0,0,0,0,7309,0,4680,2629,0
50317,18.552958,18.452878,18.020468,0.000000,0.000666,0.000000,0.000000,0.104667,0.017666,0.907625,633,8107106,150733,0,2,0,2,0,0,0,0,0,0,5558,0,3510,2048,0
50318,21.935750,21.748544,21.371999,0.000000,0.000500,0.000000,0.000000,0.088500,0.020958,0.607250,636,8122642,160966,0,2,0,2,0,0,0,0,0,0,5659,0,3510,2149,0
50319,18.228042,18.076050,18.092845,0.000000,0.000375,0.000000,0.000000,0.078708,0.015667,0.609417,639,8099041,145499,0,2,0,2,0,0,0,0,0,0,7208,0,4680,2528,0
50320,17.052708,16.974141,16.982947,0.000000,0.000125,0.000000,0.000000,0.080458,0.047917,0.897916,634,8132464,150385,0,2,0,2,0,0,0,0,0,0,5406,0,3510,1896,0
50321,15.267667,15.144286,15.157997,0.000000,0.000208,0.000000,0.000000,0.060166,0.044042,0.625333,636,8151822,148925,0,2,0,2,0,0,0,0,0,0,5406,0,3510,1896,0
50322,16.487666,16.310092,16.325337,0.000000,0.000209,0.000000,0.000000,0.053917,0.015042,1.217792,639,8060652,153401,0,2,0,2,0,0,0,0,0,0,7309,0,4680,2629,0
50323,16.641875,16.561208,16.558850,0.000000,0.000501,0.000000,0.000000,0.062834,0.035083,0.309958,631,8091798,152566,0,2,0,2,0,0,0,0,0,0,5406,0,3510,1896,0
50324,16.082750,15.945589,15.964382,0.000000,0.000124,0.000000,0.000000,0.072084,0.022875,1.217001,633,8107257,146991,0,2,0,2,0,0,0,0,0,0,5406,0,3510,1896,0
50325,16.318584,16.222415,16.222000,0.000000,0.000291,0.000000,0.000000,0.056541,0.042959,1.214584,663,8122120,149173,0,2,0,2,0,0,0,0,0,0,9249,0,4680,4569,0
50326,16.462541,16.306201,16.322678,0.000000,0.000374,0.000000,0.000000,0.068834,0.020708,0.608292,629,8091835,152317,0,2,0,2,0,0,0,0,0,0,5406,0,3510,1896,0
50327,16.713125,16.641080,16.644036,0.000000,0.000458,0.000000,0.000000,0.112250,0.041042,1.223208,633,8122763,150064,0,2,0,2,0,0,0,0,0,0,5406,0,3510,1896,0
50328,18.020584,17.851891,17.760545,0.000000,0.000417,0.000000,0.000000,0.068125,0.014041,0.606791,641,8091504,148078,0,2,0,2,0,0,0,0,0,0,7208,0,4680,2528,0
50329,16.246166,16.139663,16.141341,0.000000,0.000208,0.000000,0.000000,0.066917,0.011750,0.898291,630,8107224,151652,0,2,0,2,0,0,0,0,0,0,5406,0,3510,1896,0
50330,17.243084,17.060539,17.060614,0.000000,0.000291,0.000000,0.000000,0.053333,0.028000,0.608542,632,8091818,147790,0,2,0,2,0,0,0,0,0,0,5406,0,3510,1896,0
50331,17.433916,17.364930,17.358246,0.000000,0.000583,0.000000,0.000000,0.095584,0.021958,1.203792,642,8137928,149121,0,2,0,2,0,0,0,0,0,0,7208,0,4680,2528,0
50332,18.209292,18.039595,18.044863,0.000000,0.000418,0.000000,0.000000,0.065083,0.013750,0.927334,630,8091832,150666,0,2,0,2,0,0,0,0,0,0,5406,0,3510,1896,0
50333,17.120458,16.948218,16.955024,0.000000,0.000291,0.000000,0.000000,0.064709,0.012916,0.608000,631,8091845,146619,0,2,0,2,0,0,0,0,0,0,5406,0,3510,1896,0
50334,16.730959,16.647673,16.664672,0.000000,0.000334,0.000000,0.000000,0.086125,0.020958,0.914375,641,8127725,144688,0,2,0,2,0,0,0,0,0,0,7208,0,4680,2528,0
50335,17.057250,16.912374,16.912407,0.000000,0.000542,0.000000,0.000000,0.072000,0.038291,1.283291,629,8101906,147766,0,2,0,2,0,0,0,0,0,0,5406,0,3510,1896,0
50336,16.952750,16.855160,16.797584,0.000000,0.000248,0.000000,0.000000,0.074875,0.012833,0.607667,633,8107261,149799,0,2,0,2,0,0,0,0,0,0,5406,0,3510,1896,0
50337,16.841041,16.696106,16.712866,0.000000,0.000250,0.000000,0.000000,0.074917,0.016583,0.985291,643,8107010,145875,0,2,0,2,0,0,0,0,0,0,7208,0,4680,2528,0
50338,16.200625,16.065621,16.070875,0.000000,0.000376,0.000000,0.000000,0.056000,0.011625,0.610750,631,8107263,149416,0,2,0,2,0,0,0,0,0,0,5406,0,3510,1896,0
50339,15.981500,15.909439,15.885016,0.000000,0.000249,0.000000,0.000000,0.063042,0.035083,1.249166,633,8116971,148149,0,2,0,2,0,0,0,0,0,0,5406,0,3510,1896,0
50340,17.302084,17.149545,17.169044,0.000000,0.000417,0.000000,0.000000,0.055875,0.036041,0.611583,642,8112926,145606,0,2,0,2,0,0,0,0,0,0,7208,0,4680,2528,0
50341,17.048958,16.933203,16.952532,0.000000,0.000209,0.000000,0.000000,0.056833,0.034292,0.900375,628,8091638,149265,0,2,0,2,0,0,0,0,0,0,5406,0,3510,1896,0
50342,18.004833,17.854502,17.874976,0.000000,0.000293,0.000000,0.000000,0.070250,0.026625,1.230707,632,8107274,148958,0,2,0,2,0,0,0,0,0,0,5406,0,3510,1896,0
50343,17.029625,16.858594,16.883932,0.000000,0.000208,0.000000,0.000000,0.057292,0.012042,0.335875,640,8096010,143549,0,2,0,2,0,0,0,0,0,0,7208,0,4680,2528,0
50344,16.030584,15.940986,15.948608,0.000000,0.000125,0.000000,0.000000,0.072958,0.029458,0.903208,631,8118242,147373,0,2,0,2,0,0,0,0,0,0,5406,0,3510,1896,0
50345,16.008416,15.876330,15.884413,0.000000,0.000249,0.000000,0.000000,0.068292,0.036000,0.622208,632,8107229,145892,0,2,0,2,0,0,0,0,0,0,5406,0,3510,1896,0
50346,15.850125,15.731051,15.724693,0.000000,0.000249,0.000000,0.000000,0.066542,0.035583,0.896874,641,8107036,145508,0,2,0,2,0,0,0,0,0,0,7208,0,4680,2528,0
50347,15.895292,15.756858,15.776426,0.000000,0.000500,0.000000,0.000000,0.056500,0.036792,0.610625,632,8107272,149048,0,2,0,2,0,0,0,0,0,0,5406,0,3510,1896,0
50348,15.750708,15.646000,15.666274,0.000000,0.000166,0.000000,0.000000,0.056584,0.032583,0.909666,631,8107215,148242,0,2,0,2,0,0,0,0,0,0,5406,0,3510,1896,0
50349,15.586125,15.469042,15.480542,0.000000,0.000375,0.000000,0.000000,0.053542,0.011125,0.445541,639,8107064,145898,0,2,0,2,0,0,0,0,0,0,7208,0,4680,2528,0
50350,16.767500,16.628912,16.627686,0.000000,0.000458,0.000000,0.000000,0.075167,0.020875,0.868708,633,8107331,147816,0,2,0,2,0,0,0,0,0,0,5406,0,3510,1896,0
50351,16.912209,16.806870,16.819378,0.000000,0.000168,0.000000,0.000000,0.071625,0.041916,0.610250,630,8107165,147798,0,2,0,2,0,0,0,0,0,0,5406,0,3510,1896,0
50352,17.165750,17.017208,16.996080,0.000000,0.000376,0.000000,0.000000,0.074125,0.021000,1.222334,640,8107094,149564,0,2,0,2,0,0,0,0,0,0,7208,0,4680,2528,0
50353,16.845083,16.746734,16.741086,0.000000,0.000251,0.000000,0.000000,0.071500,0.014250,1.246250,633,8107209,147723,0,2,0,2,0,0,0,0,0,0,5406,0,3510,1896,0
50354,17.490167,17.368107,17.383311,0.000000,0.000375,0.000000,0.000000,0.077083,0.031542,0.610750,630,8107291,144361,0,2,0,2,0,0,0,0,0,0,5406,0,3510,1896,0
50355,17.173291,17.019754,17.015460,0.000000,0.000251,0.000000,0.000000,0.075292,0.019917,1.292958,641,8107060,145976,0,2,0,2,0,0,0,0,0,0,7208,0,4680,2528,0
50356,16.929709,16.773426,16.783360,0.000000,0.000499,0.000000,0.000000,0.067041,0.012667,0.634333,627,8091814,147130,0,2,0,2,0,0,0,0,0,0,5406,0,3510,1896,0
50357,17.847791,17.756656,17.772750,0.000000,0.000208,0.000000,0.000000,0.070084,0.021750,0.943666,640,8122497,144286,0,2,0,2,0,0,0,0,0,0,7240,0,4536,2704,0
50358,19.508334,19.374094,19.349305,0.000000,0.000417,0.000000,0.000000,0.075791,0.013959,1.333250,634,8109394,154454,0,2,0,2,0,0,0,0,0,0,5610,0,3654,1956,0
50359,19.075500,18.941551,18.922447,0.000000,0.000417,0.000000,0.000000,0.083166,0.027917,1.286583,637,8135804,147574,0,2,0,2,0,0,0,0,0,0,5577,0,3510,2067,0
50360,19.791541,19.659387,19.677790,0.000000,0.000333,0.000000,0.000000,0.085375,0.034084,0.909166,638,8076179,157641,0,2,0,2,0,0,0,0,0,0,7208,0,4680,2528,0
50361,19.848834,19.684720,19.537672,0.000000,0.003375,0.000000,0.000000,0.111875,0.016750,0.297292,633,8107232,150763,0,2,0,2,0,0,0,0,0,0,5406,0,3510,1896,0
50362,19.370208,19.224232,19.236050,0.000000,0.000333,0.000000,0.000000,0.085542,0.015583,0.674667,631,8107226,149170,0,2,0,2,0,0,0,0,0,0,5406,0,3510,1896,0
50363,18.541667,18.418800,18.389251,0.000000,0.000709,0.000000,0.000000,0.078833,0.031792,0.947459,641,8113796,147604,0,2,0,2,0,0,0,0,0,0,7208,0,4680,2528,0
50364,18.635833,18.509590,18.509474,0.000000,0.000375,0.000000,0.000000,0.090125,0.023292,0.908750,631,8100508,148449,0,2,0,2,0,0,0,0,0,0,5406,0,3510,1896,0
50365,18.283750,18.149757,18.144633,0.000000,0.000418,0.000000,0.000000,0.075292,0.020750,0.609917,633,8153610,149187,0,2,0,2,0,0,0,0,0,0,5406,0,3510,1896,0
50366,20.243958,20.068202,20.058764,0.000000,0.000666,0.000000,0.000000,0.093292,0.019250,0.932125,639,8060659,155822,0,2,0,2,0,0,0,0,0,0,7208,0,4680,2528,0
50367,19.195959,19.152051,19.153831,0.000000,0.000458,0.000000,0.000000,0.121875,0.047250,0.964625,632,8122734,150408,0,2,0,2,0,0,0,0,0,0,5406,0,3510,1896,0
50368,18.688458,18.451764,18.407470,0.000000,0.000335,0.000000,0.000000,0.071750,0.020375,0.980750,633,8107229,150831,0,2,0,2,0,0,0,0,0,0,5406,0,3510,1896,0
50369,18.031917,17.950833,17.911016,0.000000,0.000500,0.000000,0.000000,0.088583,0.020458,0.903334,639,8107046,148206,0,2,0,2,0,0,0,0,0,0,7208,0,4680,2528,0
50370,17.158625,17.035726,17.033444,0.000000,0.000417,0.000000,0.000000,0.092208,0.031333,0.610875,631,8107250,149611,0,2,0,2,0,0,0,0,0,0,5406,0,3510,1896,0
50371,17.749625,17.628461,17.595507,0.000000,0.000291,0.000000,0.000000,0.091541,0.032167,1.045666,632,8107267,147603,0,2,0,2,0,0,0,0,0,0,5406,0,3510,1896,0
50372,18.151833,17.976350,17.977611,0.000000,0.000374,0.000000,0.000000,0.075167,0.015333,0.609833,641,8091611,146049,0,2,0,2,0,0,0,0,0,0,7208,0,4680,2528,0
50373,18.399000,18.272183,18.289648,0.000000,0.000542,0.000000,0.000000,0.075625,0.015250,1.279250,633,8122795,149216,0,2,0,2,0,0,0,0,0,0,5406,0,3510,1896,0
50374,17.377208,17.234510,17.226741,0.000000,0.000374,0.000000,0.000000,0.110167,0.018417,0.958708,631,8107191,147593,0,2,0,2,0,0,0,0,0,0,5406,0,3510,1896,0
50375,18.191375,18.090040,18.042085,0.000000,0.000501,0.000000,0.000000,0.107709,0.022125,0.620041,641,8107002,142598,0,2,0,2,0,0,0,0,0,0,7208,0,4680,2528,0
50376,19.022375,18.883186,18.853197,0.000000,0.000417,0.000000,0.000000,0.084459,0.040958,0.289917,630,8107388,149288,0,2,0,2,0,0,0,0,0,0,5406,0,3510,1896,0
50377,17.706625,17.558221,17.462506,0.000000,0.000500,0.000000,0.000000,0.143084,0.017833,0.755292,632,8107365,146498,0,2,0,2,0,0,0,0,0,0,5406,0,3510,1896,0
50378,17.945000,17.794383,17.742613,0.000000,0.000501,0.000000,0.000000,0.076334,0.017708,0.971875,640,8091384,143800,0,2,0,2,0,0,0,0,0,0,7208,0,4680,2528,0
50379,18.602959,18.418218,18.404282,0.000000,0.000251,0.000000,0.000000,0.077041,0.014625,0.404500,631,8091895,148820,0,2,0,2,0,0,0,0,0,0,5406,0,3510,1896,0
50380,18.584083,18.484702,18.440338,0.000000,0.000541,0.000000,0.000000,0.075333,0.028084,0.919958,633,8122767,149393,0,2,0,2,0,0,0,0,0,0,5406,0,3510,1896,0
50381,17.745167,17.627945,17.640538,0.000000,0.000375,0.000000,0.000000,0.085291,0.015875,1.243667,642,8106955,146871,0,2,0,2,0,0,0,0,0,0,7208,0,4680,2528,0
50382,17.618958,17.463385,17.484315,0.000000,0.000417,0.000000,0.000000,0.064292,0.013041,0.607375,632,8112440,149772,0,2,0,2,0,0,0,0,0,0,5406,0,3510,1896,0
50383,17.660667,17.521069,17.536408,0.000000,0.000249,0.000000,0.000000,0.064208,0.012750,1.191541,629,8086553,147175,0,2,0,2,0,0,0,0,0,0,5406,0,3510,1896,0
50384,16.669208,16.558321,16.577579,0.000000,0.000250,0.000000,0.000000,0.065167,0.046750,0.953583,643,8122487,146684,0,2,0,2,0,0,0,0,0,0,7208,0,4680,2528,0
50385,18.381292,18.254721,18.250881,0.000000,0.000416,0.000000,0.000000,0.070041,0.031417,0.609792,635,8122809,149605,0,2,0,2,0,0,0,0,0,0,5406,0,3510,1896,0
50386,17.792416,17.644638,17.639790,0.000000,0.000500,0.000000,0.000000,0.067625,0.020584,0.905958,629,8091803,144138,0,2,0,2,0,0,0,0,0,0,5406,0,3510,1896,0
50387,18.660417,18.512745,18.512208,0.000000,0.000459,0.000000,0.000000,0.088208,0.016042,1.285333,642,8091591,144306,0,2,0,2,0,0,0,0,0,0,7337,0,4680,2657,0
50388,20.114042,20.006465,19.878085,0.000000,0.006000,0.000000,0.000000,0.088208,0.028750,0.619833,634,8122434,152355,0,2,0,2,0,0,0,0,0,0,5406,0,3510,1896,0
50389,17.872916,17.609217,17.608481,0.000000,0.000542,0.000000,0.000000,0.078875,0.015584,0.638250,632,8076332,146608,0,2,0,2,0,0,0,0,0,0,5721,0,3510,2211,0
50390,19.507917,19.478289,19.478178,0.000000,0.000459,0.000000,0.000000,0.079375,0.013000,0.594458,644,8137847,153334,0,2,0,2,0,0,0,0,0,0,7208,0,4680,2528,0
50391,18.770500,18.605707,18.620244,0.000000,0.000334,0.000000,0.000000,0.081250,0.024542,1.240250,631,8091830,149268,0,2,0,2,0,0,0,0,0,0,5406,0,3510,1896,0
50392,19.272417,19.173125,19.108885,0.000000,0.000833,0.000000,0.000000,0.090833,0.017667,0.749916,632,8122702,150075,0,2,0,2,0,0,0,0,0,0,5406,0,3510,1896,0
50393,18.327333,18.162823,18.158479,0.000000,0.000290,0.000000,0.000000,0.071917,0.036208,1.294708,642,8107001,147281,0,2,0,2,0,0,0,0,0,0,7208,0,4680,2528,0
50394,18.648500,18.513437,18.464550,0.000000,0.000457,0.000000,0.000000,0.077208,0.027084,0.622583,633,8122827,150757,0,2,0,2,0,0,0,0,0,0,5406,0,3510,1896,0
50395,16.014583,15.765732,15.767141,0.000000,0.000292,0.000000,0.000000,0.056959,0.018791,1.257041,629,8060771,145068,0,2,0,2,0,0,0,0,0,0,5406,0,3510,1896,0
50396,17.721875,17.733677,17.686429,0.000000,0.000500,0.000000,0.000000,0.067084,0.031166,0.289666,646,8168741,154269,0,2,0,2,0,0,0,0,0,0,7336,0,4680,2656,0
50397,20.054375,19.865986,19.837613,0.000000,0.003167,0.000000,0.000000,0.084667,0.041250,0.968916,628,8060937,153309,0,2,0,2,0,0,0,0,0,0,5406,0,3510,1896,0
50398,18.551834,18.394838,18.398504,0.000000,0.000333,0.000000,0.000000,0.082500,0.017083,0.923333,631,8107249,149165,0,2,0,2,0,0,0,0,0,0,5406,0,3510,1896,0
50399,18.125750,18.030421,18.049301,0.000000,0.000375,0.000000,0.000000,0.084041,0.020042,1.310625,644,8168885,152054,0,2,0,2,0,0,0,0,0,0,7327,0,4680,2647,0
50400,19.687750,19.537361,19.516664,0.000000,0.000458,0.000000,0.000000,0.086583,0.020500,1.243459,630,8060817,154437,0,2,0,2,0,0,0,0,0,0,5406,0,3510,1896,0
50401,19.132000,18.984759,18.987300,0.000000,0.001876,0.000000,0.000000,0.079833,0.021458,0.611250,629,8107269,148295,0,2,0,2,0,0,0,0,0,0,5406,0,3510,1896,0
50402,16.835791,16.684121,16.693403,0.000000,0.000375,0.000000,0.000000,0.063459,0.014625,0.898834,648,8168728,149062,0,2,0,2,0,0,0,0,0,0,7362,0,4680,2682,0
50403,17.952292,17.872580,17.872415,0.000000,0.000500,0.000000,0.000000,0.091583,0.015084,0.691541,626,8045458,150676,0,2,0,2,0,0,0,0,0,0,5406,0,3510,1896,0
50404,18.407958,18.274219,18.252825,0.000000,0.000458,0.000000,0.000000,0.091209,0.016250,0.607875,631,8107258,150179,0,2,0,2,0,0,0,0,0,0,5406,0,3510,1896,0
50405,17.755042,17.565030,17.548515,0.000000,0.000332,0.000000,0.000000,0.077167,0.036833,0.899418,640,8107050,150164,0,2,0,2,0,0,0,0,0,0,7327,0,4680,2647,0
50406,18.273375,18.183655,18.193752,0.000000,0.000333,0.000000,0.000000,0.069083,0.024459,1.276416,633,8107253,151670,0,2,0,2,0,0,0,0,0,0,5406,0,3510,1896,0
50407,17.060667,16.945923,16.945763,0.000000,0.000416,0.000000,0.000000,0.071875,0.019916,0.609292,632,8107300,146790,0,2,0,2,0,0,0,0,0,0,5406,0,3510,1896,0
50408,17.628208,17.461067,17.466254,0.000000,0.000417,0.000000,0.000000,0.062750,0.027958,0.901626,639,8122600,149054,0,2,0,2,0,0,0,0,0,0,7208,0,4680,2528,0
50409,17.788500,17.676620,17.659136,0.000000,0.000541,0.000000,0.000000,0.093667,0.018791,1.252084,631,8091647,150497,0,2,0,2,0,0,0,0,0,0,5406,0,3510,1896,0
50410,18.641208,18.520672,18.516773,0.000000,0.000293,0.000000,0.000000,0.075792,0.013875,1.296792,637,8099952,145085,0,2,0,2,0,0,0,0,0,0,7004,0,4536,2468,0
50411,18.440917,18.264043,18.266834,0.000000,0.000542,0.000000,0.000000,0.082042,0.022083,0.995666,633,8098888,147384,0,2,0,2,0,0,0,0,0,0,5610,0,3654,1956,0
50412,17.101708,16.992862,17.010869,0.000000,0.000292,0.000000,0.000000,0.078584,0.038166,1.275291,634,8122705,149257,0,2,0,2,0,0,0,0,0,0,5406,0,3510,1896,0
50413,17.772917,17.671795,17.649309,0.000000,0.000417,0.000000,0.000000,0.096833,0.021167,0.615833,641,8122534,145947,0,2,0,2,0,0,0,0,0,0,7208,0,4680,2528,0
50414,17.755000,17.611038,17.615861,0.000000,0.000750,0.000000,0.000000,0.074375,0.025833,0.944333,632,8091897,147069,0,2,0,2,0,0,0,0,0,0,5406,0,3510,1896,0
50415,17.182583,17.063939,17.064033,0.000000,0.000458,0.000000,0.000000,0.080334,0.017833,1.196833,632,8107193,146507,0,2,0,2,0,0,0,0,0,0,5406,0,3510,1896,0
50416,18.064750,17.945434,17.820561,0.000000,0.000791,0.000000,0.000000,0.088042,0.024833,0.609584,638,8106990,146068,0,2,0,2,0,0,0,0,0,0,7208,0,4680,2528,0
50417,17.250209,17.128209,17.107627,0.000000,0.000333,0.000000,0.000000,0.070416,0.014500,0.590625,633,8107262,148363,0,2,0,2,0,0,0,0,0,0,5406,0,3510,1896,0
50418,16.703083,16.608907,16.609193,0.000000,0.000249,0.000000,0.000000,0.084958,0.046292,0.964166,632,8107291,145365,0,2,0,2,0,0,0,0,0,0,5406,0,3510,1896,0
50419,17.134167,16.970732,16.979506,0.000000,0.000418,0.000000,0.000000,0.075041,0.019084,0.294250,646,8168710,150250,0,2,0,2,0,0,0,0,0,0,7444,0,4680,2764,0
50420,19.083000,18.945763,18.944769,0.000000,0.000292,0.000000,0.000000,0.078208,0.028375,0.910667,634,8091876,154039,0,2,0,2,0,0,0,0,0,0,5577,0,3510,2067,0
50421,17.502500,17.358827,17.353956,0.000000,0.000416,0.000000,0.000000,0.073916,0.028500,0.920874,629,8060852,149318,0,2,0,2,0,0,0,0,0,0,5406,0,3510,1896,0
50422,19.986291,19.883880,19.830463,0.000000,0.000291,0.000000,0.000000,0.102667,0.023208,0.898875,641,8122476,144519,0,2,0,2,0,0,0,0,0,0,7208,0,4680,2528,0
50423,17.603750,17.430912,17.441477,0.000000,0.000333,0.000000,0.000000,0.078959,0.042000,1.176793,632,8091830,147041,0,2,0,2,0,0,0,0,0,0,5406,0,3510,1896,0
50424,17.314334,17.200794,17.212619,0.000000,0.000291,0.000000,0.000000,0.075666,0.018709,1.291583,634,8122776,149492,0,2,0,2,0,0,0,0,0,0,5524,0,3510,2014,0
50425,19.193791,19.024787,18.989789,0.000000,0.000375,0.000000,0.000000,0.086000,0.023375,0.913458,640,8091400,148422,0,2,0,2,0,0,0,0,0,0,7208,0,4680,2528,0
50426,17.412417,17.313225,17.311440,0.000000,0.000291,0.000000,0.000000,0.087750,0.036000,0.633333,637,8138048,147968,0,2,0,2,0,0,0,0,0,0,5577,0,3510,2067,0
50427,18.363208,18.267595,18.254939,0.000000,0.000500,0.000000,0.000000,0.072042,0.046458,1.075792,631,8091841,151585,0,2,0,2,0,0,0,0,0,0,5406,0,3510,1896,0
50428,17.891750,17.648878,17.574920,0.000000,0.000458,0.000000,0.000000,0.064250,0.012834,0.951667,639,8076097,144560,0,2,0,2,0,0,0,0,0,0,7208,0,4680,2528,0
50429,19.014667,18.965515,18.955687,0.000000,0.000417,0.000000,0.000000,0.079167,0.021833,0.612750,633,8122726,149016,0,2,0,2,0,0,0,0,0,0,5406,0,3510,1896,0
50430,17.797625,17.678723,17.646577,0.000000,0.000416,0.000000,0.000000,0.100125,0.025292,0.948583,635,8138235,150514,0,2,0,2,0,0,0,0,0,0,5406,0,3510,1896,0
50431,18.739167,18.509436,18.511829,0.000000,0.000416,0.000000,0.000000,0.090625,0.016291,1.291417,637,8060616,148325,0,2,0,2,0,0,0,0,0,0,7209,0,4680,2529,0
50432,18.687833,18.621643,18.606171,0.000000,0.000375,0.000000,0.000000,0.084958,0.016125,1.308333,653,8122310,150545,0,2,0,2,0,0,0,0,0,0,7446,0,3510,3936,0
50433,18.801958,18.674519,18.690365,0.000000,0.000417,0.000000,0.000000,0.091000,0.031250,0.617916,632,8107260,147089,0,2,0,2,0,0,0,0,0,0,5406,0,3510,1896,0
50434,19.677834,19.523210,19.347082,0.000000,0.000333,0.000000,0.000000,0.080458,0.036667,0.590292,639,8107040,145741,0,2,0,2,0,0,0,0,0,0,7208,0,4680,2528,0
50435,17.894333,17.779650,17.795641,0.000000,0.000333,0.000000,0.000000,0.083667,0.038041,0.770583,634,8122840,148761,0,2,0,2,0,0,0,0,0,0,5406,0,3510,1896,0
50436,16.487500,16.216343,16.229292,0.000000,0.000417,0.000000,0.000000,0.067125,0.022542,0.608833,631,8060761,143286,0,2,0,2,0,0,0,0,0,0,5721,0,3510,2211,0
50437,17.805833,17.822206,17.776409,0.000000,0.000458,0.000000,0.000000,0.085167,0.037208,0.768208,644,8137745,150512,0,2,0,2,0,0,0,0,0,0,7326,0,4680,2646,0
50438,17.006542,16.845753,16.839574,0.000000,0.000291,0.000000,0.000000,0.072125,0.025167,1.137875,633,8107270,142155,0,2,0,2,0,0,0,0,0,0,5406,0,3510,1896,0
50439,17.721375,17.580791,17.597285,0.000000,0.000417,0.000000,0.000000,0.075542,0.015166,0.638708,631,8107259,140183,0,2,0,2,0,0,0,0,0,0,5406,0,3510,1896,0
50440,18.279042,18.107626,18.120777,0.000000,0.000375,0.000000,0.000000,0.091125,0.018625,0.924126,638,8091535,139186,0,2,0,2,0,0,0,0,0,0,7208,0,4680,2528,0
50441,18.582791,18.472457,18.433787,0.000000,0.000500,0.000000,0.000000,0.074834,0.030375,0.981083,632,8122700,142027,0,2,0,2,0,0,0,0,0,0,5406,0,3510,1896,0
50442,17.601625,17.335957,17.342946,0.000000,0.000250,0.000000,0.000000,0.065209,0.023000,0.620041,632,8076292,142185,0,2,0,2,0,0,0,0,0,0,5721,0,3510,2211,0
50443,18.883834,18.895604,18.855163,0.000000,0.000499,0.000000,0.000000,0.082916,0.035125,0.597209,643,8137868,150478,0,2,0,2,0,0,0,0,0,0,7208,0,4680,2528,0
50444,16.336333,16.219085,16.213844,0.000000,0.000292,0.000000,0.000000,0.073042,0.036125,1.265917,635,8122742,141817,0,2,0,2,0,0,0,0,0,0,5406,0,3510,1896,0
50445,16.300083,16.170963,16.157072,0.000000,0.000292,0.000000,0.000000,0.077875,0.014500,0.289625,632,8098329,138945,0,2,0,2,0,0,0,0,0,0,5406,0,3510,1896,0
50446,16.041000,15.923114,15.947607,0.000000,0.000292,0.000000,0.000000,0.086959,0.037916,1.240958,636,8100473,137474,0,2,0,2,0,0,0,0,0,0,7208,0,4680,2528,0
50447,16.413417,16.271856,16.261153,0.000000,0.000375,0.000000,0.000000,0.076125,0.021833,0.290042,633,8107236,140720,0,2,0,2,0,0,0,0,0,0,5406,0,3510,1896,0
50448,16.499167,16.238999,16.096567,0.000000,0.000334,0.000000,0.000000,0.075833,0.017625,0.604124,634,8076383,141513,0,2,0,2,0,0,0,0,0,0,5721,0,3510,2211,0
50449,17.167708,17.176126,17.174373,0.000000,0.000584,0.000000,0.000000,0.079750,0.015125,0.610584,643,8137727,149063,0,2,0,2,0,0,0,0,0,0,7326,0,4680,2646,0
50450,16.261333,16.144742,16.143913,0.000000,0.000375,0.000000,0.000000,0.071292,0.023042,0.908542,633,8118204,139914,0,2,0,2,0,0,0,0,0,0,5406,0,3510,1896,0
50451,16.098959,15.913607,15.906701,0.000000,0.000334,0.000000,0.000000,0.061500,0.011875,0.607875,629,8080880,137683,0,2,0,2,0,0,0,0,0,0,5406,0,3510,1896,0
50452,16.796041,16.703298,16.699922,0.000000,0.000542,0.000000,0.000000,0.068500,0.012875,1.074292,641,8107001,137691,0,2,0,2,0,0,0,0,0,0,7208,0,4680,2528,0
50453,16.757334,16.600319,16.600514,0.000000,0.000500,0.000000,0.000000,0.062250,0.020041,1.307167,633,8107250,139313,0,2,0,2,0,0,0,0,0,0,5406,0,3510,1896,0
50454,15.950458,15.757436,15.770683,0.000000,0.000293,0.000000,0.000000,0.064917,0.013583,0.612125,634,8091800,140833,0,2,0,2,0,0,0,0,0,0,5721,0,3510,2211,0
50455,17.549083,17.578898,17.582268,0.000000,0.000376,0.000000,0.000000,0.106125,0.022417,1.269208,645,8184190,152657,0,2,0,2,0,0,0,0,0,0,7208,0,4680,2528,0
50456,18.672042,18.501114,18.492226,0.000000,0.000417,0.000000,0.000000,0.083458,0.053292,0.925375,630,8076397,135553,0,2,0,2,0,0,0,0,0,0,5406,0,3510,1896,0
50457,15.082417,14.947720,14.937585,0.000000,0.000250,0.000000,0.000000,0.078333,0.019833,0.631166,631,8107313,128628,0,2,0,2,0,0,0,0,0,0,5406,0,3510,1896,0
50458,17.027958,16.905804,16.886016,0.000000,0.000208,0.000000,0.000000,0.100417,0.030250,1.101458,637,8106984,129143,0,2,0,2,0,0,0,0,0,0,7208,0,4680,2528,0
50459,17.331083,17.186769,17.171586,0.000000,0.000542,0.000000,0.000000,0.082625,0.025167,0.662334,628,8086409,128513,0,2,0,2,0,0,0,0,0,0,5406,0,3510,1896,0
50460,15.041209,14.900322,14.906342,0.000000,0.000417,0.000000,0.000000,0.080583,0.015292,0.786584,636,8132326,132314,0,2,0,2,0,0,0,0,0,0,6454,0,3731,2723,0
50461,17.559375,17.391623,17.395497,0.000000,0.000499,0.000000,0.000000,0.064541,0.024042,0.660583,634,8071838,135706,0,2,0,2,0,0,0,0,0,0,6475,0,4459,2016,0
50462,17.077875,16.981707,16.614182,0.000000,0.000834,0.000000,0.000000,0.085833,0.019833,0.888958,633,8122697,131299,0,2,0,2,0,0,0,0,0,0,5406,0,3510,1896,0
50463,16.117333,15.991337,16.001583,0.000000,0.000333,0.000000,0.000000,0.066500,0.031708,0.624375,637,8098376,130358,0,2,0,2,0,0,0,0,0,0,7004,0,4536,2468,0
50464,15.995083,15.838006,15.843261,0.000000,0.000335,0.000000,0.000000,0.063625,0.030042,0.962750,633,8105095,131830,0,2,0,2,0,0,0,0,0,0,5610,0,3654,1956,0
50465,16.490125,16.336287,16.345865,0.000000,0.000418,0.000000,0.000000,0.092542,0.026583,0.653167,632,8102647,130661,0,2,0,2,0,0,0,0,0,0,5406,0,3510,1896,0
50466,15.138875,15.048757,15.044603,0.000000,0.000458,0.000000,0.000000,0.063125,0.013792,0.967500,640,8138067,133278,0,2,0,2,0,0,0,0,0,0,7208,0,4680,2528,0
50467,16.446500,16.361117,16.348921,0.000000,0.000293,0.000000,0.000000,0.080792,0.046208,0.611041,631,8091671,136030,0,2,0,2,0,0,0,0,0,0,5406,0,3510,1896,0
50468,16.318709,16.154328,16.148401,0.000000,0.000418,0.000000,0.000000,0.066791,0.018167,1.241917,631,8107264,131851,0,2,0,2,0,0,0,0,0,0,5406,0,3510,1896,0
50469,17.318000,17.133965,17.139087,0.000000,0.000458,0.000000,0.000000,0.075958,0.034250,0.673208,639,8091590,129399,0,2,0,2,0,0,0,0,0,0,7208,0,4680,2528,0
50470,16.075583,16.018581,16.003388,0.000000,0.000417,0.000000,0.000000,0.069792,0.037375,1.062125,633,8122782,133369,0,2,0,2,0,0,0,0,0,0,5406,0,3510,1896,0
50471,15.801833,15.634094,15.616242,0.000000,0.000376,0.000000,0.000000,0.062167,0.023708,0.661375,632,8091719,136565,0,2,0,2,0,0,0,0,0,0,5523,0,3510,2013,0
50472,20.214500,20.265298,19.762546,0.000000,0.001000,0.000000,0.000000,0.256834,0.061666,0.698208,642,8122480,136177,0,2,0,2,0,0,0,0,0,0,7208,0,4680,2528,0
50473,21.478250,21.181220,19.953831,0.000000,0.000667,0.000000,0.000000,0.117542,0.040750,0.633042,632,8107394,132873,0,2,0,2,0,0,0,0,0,0,5406,0,3510,1896,0
50474,21.530209,21.423124,20.220629,0.000000,0.000751,0.000000,0.000000,0.149708,0.034042,0.668709,633,8115031,132081,0,2,0,2,0,0,0,0,0,0,5406,0,3510,1896,0
50475,23.592291,23.353441,21.335140,0.000000,0.000541,0.000000,0.000000,0.147292,0.045042,1.005542,644,8132307,130923,0,2,0,2,0,0,0,0,0,0,7208,0,4680,2528,0
50476,25.279500,25.028131,22.114658,0.000000,0.001043,0.000000,0.000000,0.143459,0.030833,0.621459,628,8074120,132108,0,2,0,2,0,0,0,0,0,0,5406,0,3510,1896,0
50477,18.123709,18.024163,17.911123,0.000000,0.000541,0.000000,0.000000,0.101958,0.069750,0.611957,633,8138305,135957,0,2,0,2,0,0,0,0,0,0,5406,0,3510,1896,0
50478,26.375833,26.208112,24.732455,0.000000,0.000542,0.000000,0.000000,0.145250,0.037417,0.610458,639,8091440,134608,0,2,0,2,0,0,0,0,0,0,7208,0,4680,2528,0
50479,19.997667,19.744464,18.794710,0.000000,0.000251,0.000000,0.000000,0.085458,0.027208,0.624000,629,8076332,131598,0,2,0,2,0,0,0,0,0,0,5406,0,3510,1896,0
50480,17.052916,16.929370,16.921462,0.000000,0.000333,0.000000,0.000000,0.068917,0.014542,1.313708,632,8107284,131742,0,2,0,2,0,0,0,0,0,0,5406,0,3510,1896,0
50481,16.086459,15.962179,15.933503,0.000000,0.000292,0.000000,0.000000,0.074083,0.017667,0.637792,642,8122463,130238,0,2,0,2,0,0,0,0,0,0,7208,0,4680,2528,0
50482,15.532500,15.417090,15.406628,0.000000,0.000416,0.000000,0.000000,0.085458,0.013833,1.325042,631,8107255,131685,0,2,0,2,0,0,0,0,0,0,5406,0,3510,1896,0
50483,15.336875,15.209216,15.190537,0.000000,0.000333,0.000000,0.000000,0.080083,0.024083,0.609709,633,8107299,129847,0,2,0,2,0,0,0,0,0,0,5406,0,3510,1896,0
50484,16.067500,15.946002,15.925716,0.000000,0.000335,0.000000,0.000000,0.094458,0.020958,1.107375,638,8107022,129422,0,2,0,2,0,0,0,0,0,0,7208,0,4680,2528,0
50485,16.421791,16.223336,16.208958,0.000000,0.000375,0.000000,0.000000,0.057125,0.012584,0.661667,630,8091731,134705,0,2,0,2,0,0,0,0,0,0,5556,0,3510,2046,0
50486,16.853750,16.729930,16.745489,0.000000,0.000500,0.000000,0.000000,0.062625,0.012334,0.972667,633,8107303,137452,0,2,0,2,0,0,0,0,0,0,5406,0,3510,1896,0
50487,16.461792,16.311000,16.278317,0.000000,0.000417,0.000000,0.000000,0.062292,0.013250,0.444792,640,8107006,128529,0,2,0,2,0,0,0,0,0,0,7208,0,4680,2528,0
50488,16.463250,16.351239,16.347139,0.000000,0.000415,0.000000,0.000000,0.091500,0.023583,0.771708,633,8122706,131495,0,2,0,2,0,0,0,0,0,0,5406,0,3510,1896,0
50489,15.108333,14.992333,14.996135,0.000000,0.000416,0.000000,0.000000,0.102750,0.019542,0.638458,632,8091803,128651,0,2,0,2,0,0,0,0,0,0,5406,0,3510,1896,0
50490,16.132625,16.033651,15.696265,0.000000,0.000416,0.000000,0.000000,0.080500,0.038709,0.597542,641,8122503,127308,0,2,0,2,0,0,0,0,0,0,7208,0,4680,2528,0
50491,15.270750,15.144335,15.139814,0.000000,0.000292,0.000000,0.000000,0.066584,0.030041,0.649916,633,8122688,136082,0,2,0,2,0,0,0,0,0,0,5406,0,3510,1896,0
50492,16.923625,16.761468,16.776905,0.000000,0.000333,0.000000,0.000000,0.064792,0.019542,1.215500,633,8091892,134900,0,2,0,2,0,0,0,0,0,0,5406,0,3510,1896,0
50493,17.370459,17.318894,17.081420,0.000000,0.000625,0.000000,0.000000,0.113375,0.025125,0.294375,639,8122481,128065,0,2,0,2,0,0,0,0,0,0,7208,0,4680,2528,0
50494,16.100291,15.920061,15.938956,0.000000,0.000333,0.000000,0.000000,0.068959,0.018625,1.252375,628,8091844,129304,0,2,0,2,0,0,0,0,0,0,5406,0,3510,1896,0
50495,16.221917,16.071043,16.066483,0.000000,0.000458,0.000000,0.000000,0.059750,0.032708,0.291083,633,8107207,128196,0,2,0,2,0,0,0,0,0,0,5406,0,3510,1896,0
50496,15.923917,15.766998,15.744861,0.000000,0.000375,0.000000,0.000000,0.074916,0.015584,0.666625,638,8107088,127295,0,2,0,2,0,0,0,0,0,0,7208,0,4680,2528,0
50497,15.918750,15.767251,15.765437,0.000000,0.000417,0.000000,0.000000,0.071125,0.015333,0.289042,630,8091719,128469,0,2,0,2,0,0,0,0,0,0,5406,0,3510,1896,0
50498,15.048458,15.008945,14.996668,0.000000,0.000417,0.000000,0.000000,0.112708,0.014000,0.957625,635,8138391,128742,0,2,0,2,0,0,0,0,0,0,5406,0,3510,1896,0
50499,14.921583,14.756171,14.749583,0.000000,0.000250,0.000000,0.000000,0.074292,0.039708,0.630875,638,8091419,126065,0,2,0,2,0,0,0,0,0,0,7208,0,4680,2528,0
50500,15.378959,15.250805,15.186808,0.000000,0.000291,0.000000,0.000000,0.096625,0.016583,1.283668,629,8107207,129730,0,2,0,2,0,0,0,0,0,0,5406,0,3510,1896,0
50501,16.110541,16.051659,15.850079,0.000000,0.000541,0.000000,0.000000,0.113875,0.028209,0.299417,635,8138144,128829,0,2,0,2,0,0,0,0,0,0,5406,0,3510,1896,0
50502,15.016125,14.856922,14.827954,0.000000,0.000416,0.000000,0.000000,0.074209,0.031750,0.628542,639,8091591,125334,0,2,0,2,0,0,0,0,0,0,7208,0,4680,2528,0
50503,15.123292,15.022404,14.997720,0.000000,0.000333,0.000000,0.000000,0.064875,0.045417,1.188667,631,8107482,128911,0,2,0,2,0,0,0,0,0,0,5406,0,3510,1896,0
50504,15.048792,14.902263,14.898817,0.000000,0.000375,0.000000,0.000000,0.075750,0.049791,0.611167,632,8091718,128192,0,2,0,2,0,0,0,0,0,0,5406,0,3510,1896,0
50505,14.821625,14.676851,14.670462,0.000000,0.000292,0.000000,0.000000,0.067958,0.039292,0.750875,639,8107002,126118,0,2,0,2,0,0,0,0,0,0,7208,0,4680,2528,0
50506,15.966916,15.802632,15.778847,0.000000,0.000375,0.000000,0.000000,0.085667,0.015417,0.607750,629,8091824,129324,0,2,0,2,0,0,0,0,0,0,5406,0,3510,1896,0
50507,15.550792,15.420777,15.285415,0.000000,0.000375,0.000000,0.000000,0.084792,0.016000,0.740417,634,8122663,127958,0,2,0,2,0,0,0,0,0,0,5406,0,3510,1896,0
50508,17.293042,17.164294,17.151128,0.000000,0.000334,0.000000,0.000000,0.080541,0.016334,1.271750,638,8107117,127535,0,2,0,2,0,0,0,0,0,0,7208,0,4680,2528,0
50509,15.465375,15.376003,15.387634,0.000000,0.000332,0.000000,0.000000,0.071083,0.013750,0.759959,629,8107174,128901,0,2,0,2,0,0,0,0,0,0,5406,0,3510,1896,0
50510,17.008000,16.816906,16.817901,0.000000,0.000417,0.000000,0.000000,0.074583,0.015625,0.500083,632,8091819,127243,0,2,0,2,0,0,0,0,0,0,5406,0,3510,1896,0
50511,15.573125,15.520916,15.466961,0.000000,0.000458,0.000000,0.000000,0.078041,0.018125,0.590667,640,8122569,128523,0,2,0,2,0,0,0,0,0,0,7208,0,4680,2528,0
50512,15.381791,15.287656,15.290027,0.000000,0.000458,0.000000,0.000000,0.099167,0.026583,0.653750,632,8122656,129318,0,2,0,2,0,0,0,0,0,0,5406,0,3510,1896,0
50513,15.488584,15.316126,15.309778,0.000000,0.000293,0.000000,0.000000,0.082708,0.017917,0.975292,631,8091841,126394,0,2,0,2,0,0,0,0,0,0,5406,0,3510,1896,0
50514,16.896708,16.842332,16.790162,0.000000,0.000250,0.000000,0.000000,0.160625,0.027958,0.666583,642,8137960,130054,0,2,0,2,0,0,0,0,0,0,7208,0,4680,2528,0
50515,17.063250,16.826656,16.463790,0.000000,0.000374,0.000000,0.000000,0.078458,0.022375,1.056209,634,8107090,128438,0,2,0,2,0,0,0,0,0,0,5863,0,3510,2353,0
50516,20.999333,20.854548,20.851347,0.000000,0.000499,0.000000,0.000000,0.075625,0.044959,1.378209,636,8076260,185024,0,2,0,2,0,0,0,0,0,0,7004,0,4536,2468,0
50517,16.817834,16.693173,16.683458,0.000000,0.000291,0.000000,0.000000,0.071291,0.028750,0.639667,634,8107132,142062,0,2,0,2,0,0,0,0,0,0,5610,0,3654,1956,0
50518,16.835333,16.700748,16.704954,0.000000,0.000375,0.000000,0.000000,0.096167,0.016916,0.956834,631,8107293,142121,0,2,0,2,0,0,0,0,0,0,5406,0,3510,1896,0
50519,17.535208,17.389322,17.323424,0.000000,0.000376,0.000000,0.000000,0.069375,0.026584,1.298459,643,8137882,139695,0,2,0,2,0,0,0,0,0,0,7208,0,4680,2528,0
50520,16.673584,16.560127,16.575617,0.000000,0.000417,0.000000,0.000000,0.070416,0.044334,0.649083,632,8091828,144705,0,2,0,2,0,0,0,0,0,0,5406,0,3510,1896,0
50521,16.563750,16.362706,16.356817,0.000000,0.000333,0.000000,0.000000,0.065625,0.027416,0.994250,628,8076370,140841,0,2,0,2,0,0,0,0,0,0,5406,0,3510,1896,0
50522,18.364666,18.287502,18.259283,0.000000,0.000416,0.000000,0.000000,0.074042,0.017500,0.563791,641,8122478,140641,0,2,0,2,0,0,0,0,0,0,7208,0,4680,2528,0
50523,17.603125,17.428000,17.445094,0.000000,0.000542,0.000000,0.000000,0.079084,0.016416,1.215542,632,8107291,142651,0,2,0,2,0,0,0,0,0,0,5406,0,3510,1896,0
50524,17.531000,17.399913,17.394163,0.000000,0.000332,0.000000,0.000000,0.072750,0.032500,1.312501,631,8107236,142524,0,2,0,2,0,0,0,0,0,0,5406,0,3510,1896,0
50525,16.885292,16.762963,16.762622,0.000000,0.000251,0.000000,0.000000,0.065667,0.012375,0.610166,638,8107033,139420,0,2,0,2,0,0,0,0,0,0,7208,0,4680,2528,0
50526,16.419167,16.293201,16.300398,0.000000,0.000334,0.000000,0.000000,0.071458,0.023417,0.967459,631,8107325,143457,0,2,0,2,0,0,0,0,0,0,5406,0,3510,1896,0
50527,16.293250,16.183778,16.175000,0.000000,0.000375,0.000000,0.000000,0.065291,0.019042,0.637875,632,8113517,140878,0,2,0,2,0,0,0,0,0,0,5406,0,3510,1896,0
50528,16.452000,16.299570,16.295247,0.000000,0.000416,0.000000,0.000000,0.076708,0.015583,0.897999,637,8100727,140530,0,2,0,2,0,0,0,0,0,0,7208,0,4680,2528,0
50529,16.311208,16.232249,16.224999,0.000000,0.000500,0.000000,0.000000,0.062208,0.044834,0.363042,634,8122696,142739,0,2,0,2,0,0,0,0,0,0,5406,0,3510,1896,0
50530,17.786167,17.611168,17.614870,0.000000,0.000332,0.000000,0.000000,0.069500,0.014291,1.177791,631,8091918,141296,0,2,0,2,0,0,0,0,0,0,5406,0,3510,1896,0
50531,17.079958,16.941510,16.917554,0.000000,0.000458,0.000000,0.000000,0.067000,0.025167,1.281125,639,8106954,139623,0,2,0,2,0,0,0,0,0,0,7208,0,4680,2528,0
50532,17.228333,17.212558,17.055701,0.000000,0.000417,0.000000,0.000000,0.131792,0.017083,0.610042,635,8122715,143987,0,2,0,2,0,0,0,0,0,0,5406,0,3510,1896,0
50533,18.433042,18.279338,18.260253,0.000000,0.000751,0.000000,0.000000,0.105292,0.040625,1.012875,630,8107290,141158,0,2,0,2,0,0,0,0,0,0,5406,0,3510,1896,0
50534,17.714625,17.500857,17.479834,0.000000,0.000416,0.000000,0.000000,0.082625,0.037042,0.581958,639,8091545,139400,0,2,0,2,0,0,0,0,0,0,7208,0,4680,2528,0
50535,16.955458,16.808300,16.805490,0.000000,0.000292,0.000000,0.000000,0.074625,0.014667,0.289834,633,8107270,142280,0,2,0,2,0,0,0,0,0,0,5406,0,3510,1896,0
50536,15.866250,15.742337,15.739318,0.000000,0.000334,0.000000,0.000000,0.064834,0.012875,0.899584,630,8107248,142353,0,2,0,2,0,0,0,0,0,0,5406,0,3510,1896,0
50537,16.848625,16.761842,16.761787,0.000000,0.000209,0.000000,0.000000,0.081167,0.019250,0.611125,642,8122451,148226,0,2,0,2,0,0,0,0,0,0,7208,0,4680,2528,0
50538,16.760750,16.646295,16.646691,0.000000,0.000375,0.000000,0.000000,0.058209,0.034750,0.765876,640,8107147,151974,0,2,0,2,0,0,0,0,0,0,6431,0,3510,2921,0
50539,17.470875,17.363705,17.354294,0.000000,0.000333,0.000000,0.000000,0.094250,0.025042,0.934250,642,8107092,150168,0,2,0,2,0,0,0,0,0,0,6422,0,3510,2912,0
50540,18.105084,17.908011,17.873507,0.000000,0.000584,0.000000,0.000000,0.120791,0.032334,0.300834,639,8091505,148879,0,2,0,2,0,0,0,0,0,0,7208,0,4680,2528,0
50541,18.412500,18.290133,18.195832,0.000000,0.000459,0.000000,0.000000,0.087250,0.026375,0.900000,634,8107269,151325,0,2,0,2,0,0,0,0,0,0,5406,0,3510,1896,0
50542,18.439291,18.382280,18.370329,0.000000,0.000499,0.000000,0.000000,0.112834,0.027041,1.231792,632,8122798,150483,0,2,0,2,0,0,0,0,0,0,5406,0,3510,1896,0
50543,19.513959,19.328534,19.290464,0.000000,0.003208,0.000000,0.000000,0.076875,0.022500,0.896583,641,8106904,147884,0,2,0,2,0,0,0,0,0,0,7208,0,4680,2528,0
50544,18.631416,18.473072,18.495161,0.000000,0.000582,0.000000,0.000000,0.088292,0.015375,0.610667,630,8091827,152332,0,2,0,2,0,0,0,0,0,0,5406,0,3510,1896,0
50545,17.631500,17.493161,17.509609,0.000000,0.000375,0.000000,0.000000,0.060500,0.009875,0.897416,632,8107243,149269,0,2,0,2,0,0,0,0,0,0,5406,0,3510,1896,0
50546,17.892750,17.747334,17.756058,0.000000,0.000290,0.000000,0.000000,0.069584,0.014791,1.260167,642,8107053,148902,0,2,0,2,0,0,0,0,0,0,7208,0,4680,2528,0
50547,16.739125,16.603203,16.611715,0.000000,0.000291,0.000000,0.000000,0.086542,0.021917,0.609500,631,8107214,151093,0,2,0,2,0,0,0,0,0,0,5406,0,3510,1896,0
50548,17.493459,17.383223,17.380941,0.000000,0.000374,0.000000,0.000000,0.069500,0.030625,0.899500,631,8107318,150779,0,2,0,2,0,0,0,0,0,0,5406,0,3510,1896,0
50549,17.749791,17.604984,17.628048,0.000000,0.000292,0.000000,0.000000,0.068709,0.016625,1.216125,641,8106976,147914,0,2,0,2,0,0,0,0,0,0,7208,0,4680,2528,0
50550,16.897625,16.818419,16.829175,0.000000,0.000458,0.000000,0.000000,0.067834,0.036125,0.607083,631,8122743,152221,0,2,0,2,0,0,0,0,0,0,5406,0,3510,1896,0
50551,16.180042,16.081929,16.102948,0.000000,0.000334,0.000000,0.000000,0.100875,0.039542,1.259875,632,8107185,150073,0,2,0,2,0,0,0,0,0,0,5406,0,3510,1896,0
50552,16.255000,16.069797,16.090670,0.000000,0.000291,0.000000,0.000000,0.072167,0.014250,0.606291,644,8122456,148722,0,2,0,2,0,0,0,0,0,0,7208,0,4680,2528,0
50553,17.057250,16.896456,16.899341,0.000000,0.000250,0.000000,0.000000,0.056250,0.037500,1.383876,628,8076373,151428,0,2,0,2,0,0,0,0,0,0,5406,0,3510,1896,0
50554,18.964875,18.835040,18.808608,0.000000,0.000250,0.000000,0.000000,0.103583,0.021125,0.900875,631,8107286,150057,0,2,0,2,0,0,0,0,0,0,5406,0,3510,1896,0
50555,19.849208,19.683112,19.628164,0.000000,0.000292,0.000000,0.000000,0.073417,0.014875,0.336334,642,8106972,147796,0,2,0,2,0,0,0,0,0,0,7208,0,4680,2528,0
50556,16.673542,16.595625,16.614659,0.000000,0.000375,0.000000,0.000000,0.055333,0.039375,0.920917,634,8122860,152647,0,2,0,2,0,0,0,0,0,0,5406,0,3510,1896,0
50557,15.910875,15.749440,15.768142,0.000000,0.000166,0.000000,0.000000,0.069250,0.036708,0.642167,630,8091708,148584,0,2,0,2,0,0,0,0,0,0,5406,0,3510,1896,0
50558,16.153417,16.028046,16.042087,0.000000,0.000584,0.000000,0.000000,0.061916,0.034959,1.179542,644,8137896,148312,0,2,0,2,0,0,0,0,0,0,7208,0,4680,2528,0
50559,18.817000,18.663972,18.688246,0.000000,0.000291,0.000000,0.000000,0.065125,0.018291,1.084459,630,8076367,150670,0,2,0,2,0,0,0,0,0,0,5406,0,3510,1896,0
50560,17.347458,17.212079,17.191809,0.000000,0.000625,0.000000,0.000000,0.065167,0.036625,0.608000,632,8107251,150628,0,2,0,2,0,0,0,0,0,0,5406,0,3510,1896,0
50561,19.505417,19.325512,19.288951,0.000000,0.000625,0.000000,0.000000,0.069458,0.014083,0.901918,639,8091599,147347,0,2,0,2,0,0,0,0,0,0,7208,0,4680,2528,0
50562,16.560958,16.495093,16.497832,0.000000,0.000374,0.000000,0.000000,0.060083,0.036834,1.101584,634,8127978,151518,0,2,0,2,0,0,0,0,0,0,5406,0,3510,1896,0
50563,15.992042,15.874586,15.891201,0.000000,0.000208,0.000000,0.000000,0.067125,0.036125,0.609458,631,8101938,148002,0,2,0,2,0,0,0,0,0,0,5406,0,3510,1896,0
50564,18.167125,18.013693,18.032255,0.000000,0.000332,0.000000,0.000000,0.064208,0.020917,1.233292,640,8107055,150684,0,2,0,2,0,0,0,0,0,0,7208,0,4680,2528,0
50565,18.303166,18.148048,17.993311,0.000000,0.000583,0.000000,0.000000,0.080000,0.021959,0.597042,632,8107285,148754,0,2,0,2,0,0,0,0,0,0,5406,0,3510,1896,0
50566,17.834375,17.716837,17.732344,0.000000,0.000375,0.000000,0.000000,0.077917,0.021500,0.611125,629,8107276,149977,0,2,0,2,0,0,0,0,0,0,5406,0,3510,1896,0
50567,18.484334,18.310946,18.313872,0.000000,0.000292,0.000000,0.000000,0.073208,0.015542,0.900792,641,8107002,149394,0,2,0,2,0,0,0,0,0,0,7208,0,4680,2528,0
50568,17.456833,17.355791,17.354709,0.000000,0.000334,0.000000,0.000000,0.066708,0.022584,1.306126,632,8107265,150469,0,2,0,2,0,0,0,0,0,0,5406,0,3510,1896,0
50569,18.150042,18.042097,18.006545,0.000000,0.000334,0.000000,0.000000,0.073875,0.024500,0.327458,638,8107352,148076,0,2,0,2,0,0,0,0,0,0,7004,0,4536,2468,0
50570,18.149291,18.031202,18.014502,0.000000,0.000290,0.000000,0.000000,0.085125,0.030167,0.587583,634,8122424,151371,0,2,0,2,0,0,0,0,0,0,5610,0,3654,1956,0
50571,16.752334,16.583705,16.578340,0.000000,0.000375,0.000000,0.000000,0.064916,0.014042,1.241750,632,8091656,151810,0,2,0,2,0,0,0,0,0,0,5721,0,3510,2211,0
50572,18.740458,18.662258,18.652477,0.000000,0.000376,0.000000,0.000000,0.080792,0.029166,0.628667,643,8122487,157663,0,2,0,2,0,0,0,0,0,0,7379,0,4680,2699,0
50573,18.906792,18.740214,18.746287,0.000000,0.000332,0.000000,0.000000,0.074250,0.029708,1.072500,632,8091790,152625,0,2,0,2,0,0,0,0,0,0,5406,0,3510,1896,0
50574,18.239375,18.109863,18.107077,0.000000,0.000418,0.000000,0.000000,0.073458,0.013875,1.265750,632,8107178,148706,0,2,0,2,0,0,0,0,0,0,5406,0,3510,1896,0
50575,16.487791,16.347170,16.365618,0.000000,0.000375,0.000000,0.000000,0.057000,0.030917,0.640458,644,8153531,152086,0,2,0,2,0,0,0,0,0,0,7353,0,4680,2673,0
50576,18.268459,18.126714,18.129984,0.000000,0.000543,0.000000,0.000000,0.074541,0.013959,1.161708,628,8060713,158650,0,2,0,2,0,0,0,0,0,0,5406,0,3510,1896,0
50577,16.524791,16.420753,16.411496,0.000000,0.000375,0.000000,0.000000,0.063209,0.015541,1.264375,637,8122581,152088,0,2,0,2,0,0,0,0,0,0,5721,0,3510,2211,0
50578,17.681209,17.510962,17.517106,0.000000,0.000333,0.000000,0.000000,0.061250,0.012541,0.671334,641,8076222,156534,0,2,0,2,0,0,0,0,0,0,7379,0,4680,2699,0
50579,17.940541,17.893545,17.889712,0.000000,0.000418,0.000000,0.000000,0.083750,0.044792,0.946541,634,8122518,153832,0,2,0,2,0,0,0,0,0,0,5406,0,3510,1896,0
50580,17.114792,16.948833,16.958331,0.000000,0.000457,0.000000,0.000000,0.073917,0.022958,1.277417,631,8091877,149331,0,2,0,2,0,0,0,0,0,0,5406,0,3510,1896,0
50581,17.623500,17.519250,17.512096,0.000000,0.000458,0.000000,0.000000,0.092167,0.032500,0.634125,638,8122456,148859,0,2,0,2,0,0,0,0,0,0,7208,0,4680,2528,0
50582,18.486208,18.298826,18.205095,0.000000,0.000460,0.000000,0.000000,0.065500,0.027709,0.964792,635,8091824,153612,0,2,0,2,0,0,0,0,0,0,5535,0,3510,2025,0
50583,16.961792,16.806255,16.797296,0.000000,0.000292,0.000000,0.000000,0.065750,0.013792,1.187792,632,8107158,146638,0,2,0,2,0,0,0,0,0,0,5406,0,3510,1896,0
50584,16.826000,16.771531,16.760427,0.000000,0.000251,0.000000,0.000000,0.065417,0.026458,0.649958,639,8111786,145076,0,2,0,2,0,0,0,0,0,0,7208,0,4680,2528,0
50585,17.927875,17.801579,17.786578,0.000000,0.000499,0.000000,0.000000,0.086542,0.018000,0.612792,632,8127041,150553,0,2,0,2,0,0,0,0,0,0,5406,0,3510,1896,0
50586,18.033458,17.857905,17.865085,0.000000,0.000375,0.000000,0.000000,0.063084,0.023791,0.954708,631,8098187,145178,0,2,0,2,0,0,0,0,0,0,5406,0,3510,1896,0
50587,18.058417,17.910339,17.918461,0.000000,0.000500,0.000000,0.000000,0.065000,0.018250,0.641625,638,8091613,144177,0,2,0,2,0,0,0,0,0,0,7208,0,4680,2528,0
50588,17.901417,17.778701,17.799177,0.000000,0.000457,0.000000,0.000000,0.068625,0.026500,0.940375,631,8122805,148166,0,2,0,2,0,0,0,0,0,0,5406,0,3510,1896,0
50589,19.119958,18.989012,18.761577,0.000000,0.000458,0.000000,0.000000,0.076542,0.024625,0.966375,633,8107113,145143,0,2,0,2,0,0,0,0,0,0,5406,0,3510,1896,0
50590,17.825833,17.683753,17.642041,0.000000,0.000375,0.000000,0.000000,0.087459,0.023083,0.290458,637,8091752,143587,0,2,0,2,0,0,0,0,0,0,7208,0,4680,2528,0
50591,18.197042,18.051302,18.056748,0.000000,0.000290,0.000000,0.000000,0.088417,0.030708,0.955417,633,8122568,148490,0,2,0,2,0,0,0,0,0,0,5406,0,3510,1896,0
50592,17.553833,17.409077,17.404072,0.000000,0.000585,0.000000,0.000000,0.071625,0.029625,1.268625,634,8107251,144912,0,2,0,2,0,0,0,0,0,0,5406,0,3510,1896,0
50593,17.005584,16.774584,16.772375,0.000000,0.000376,0.000000,0.000000,0.082791,0.016792,0.628416,639,8076126,143510,0,2,0,2,0,0,0,0,0,0,7307,0,4680,2627,0
50594,18.368875,18.281977,18.294992,0.000000,0.000417,0.000000,0.000000,0.068833,0.020250,0.844417,633,8122648,149734,0,2,0,2,0,0,0,0,0,0,5508,0,3510,1998,0
50595,18.037541,17.983308,17.999543,0.000000,0.000209,0.000000,0.000000,0.087792,0.014125,1.286709,634,8122711,152116,0,2,0,2,0,0,0,0,0,0,5406,0,3510,1896,0
50596,17.393167,17.207657,17.202209,0.000000,0.000417,0.000000,0.000000,0.066917,0.029166,0.608917,642,8106963,148479,0,2,0,2,0,0,0,0,0,0,7307,0,4680,2627,0
50597,18.203500,18.089596,18.033644,0.000000,0.000375,0.000000,0.000000,0.083583,0.017250,0.688417,633,8107263,150909,0,2,0,2,0,0,0,0,0,0,5406,0,3510,1896,0
50598,19.006333,18.858958,18.786289,0.000000,0.000376,0.000000,0.000000,0.080584,0.027291,0.972000,633,8107401,148139,0,2,0,2,0,0,0,0,0,0,5406,0,3510,1896,0
50599,17.487542,17.338872,17.340797,0.000000,0.000250,0.000000,0.000000,0.069708,0.016542,0.999709,640,8106865,149822,0,2,0,2,0,0,0,0,0,0,7208,0,4680,2528,0
50600,18.452583,18.370254,18.373286,0.000000,0.000750,0.000000,0.000000,0.072292,0.016042,0.642708,632,8122681,153434,0,2,0,2,0,0,0,0,0,0,5508,0,3510,1998,0
50601,18.460750,18.290124,18.292214,0.000000,0.000292,0.000000,0.000000,0.069667,0.022458,0.914792,632,8107223,152933,0,2,0,2,0,0,0,0,0,0,5506,0,3510,1996,0
50602,17.756167,17.636890,17.599829,0.000000,0.000417,0.000000,0.000000,0.067125,0.026583,1.332458,644,8137897,150881,0,2,0,2,0,0,0,0,0,0,7208,0,4680,2528,0
50603,19.716542,19.573008,19.580348,0.000000,0.000542,0.000000,0.000000,0.073916,0.035792,1.263458,632,8045369,170120,0,2,0,2,0,0,0,0,0,0,5771,0,3510,2261,0
50604,17.978041,17.892760,17.892670,0.000000,0.000459,0.000000,0.000000,0.094750,0.016834,0.611042,632,8122663,148024,0,2,0,2,0,0,0,0,0,0,5406,0,3510,1896,0
50605,18.713917,18.536475,18.562519,0.000000,0.003958,0.000000,0.000000,0.075042,0.025500,1.293208,642,8107034,146805,0,2,0,2,0,0,0,0,0,0,7208,0,4680,2528,0
50606,17.773417,17.563912,17.583350,0.000000,0.000291,0.000000,0.000000,0.088833,0.017958,1.291959,635,8107134,150587,0,2,0,2,0,0,0,0,0,0,5609,0,3510,2099,0
50607,18.838333,18.771881,18.774971,0.000000,0.000374,0.000000,0.000000,0.066042,0.027250,0.303917,638,8153480,156143,0,2,0,2,0,0,0,0,0,0,5754,0,3510,2244,0
50608,18.093250,17.854874,17.850156,0.000000,0.000293,0.000000,0.000000,0.064417,0.016500,1.226000,637,8045228,158149,0,2,0,2,0,0,0,0,0,0,7208,0,4680,2528,0
50609,17.754000,17.752336,17.772665,0.000000,0.000541,0.000000,0.000000,0.071000,0.041375,1.310625,634,8128747,154579,0,2,0,2,0,0,0,0,0,0,5406,0,3510,1896,0
50610,17.607000,17.461086,17.397707,0.000000,0.000542,0.000000,0.000000,0.096292,0.036583,0.300625,631,8116690,144700,0,2,0,2,0,0,0,0,0,0,5406,0,3510,1896,0
50611,17.232167,17.078131,17.090753,0.000000,0.000376,0.000000,0.000000,0.068083,0.031667,0.935583,638,8091561,143050,0,2,0,2,0,0,0,0,0,0,7208,0,4680,2528,0
50612,18.039833,17.884844,17.857668,0.000000,0.000459,0.000000,0.000000,0.077917,0.014750,0.960208,634,8107221,148108,0,2,0,2,0,0,0,0,0,0,5406,0,3510,1896,0
50613,17.959625,17.852632,17.872519,0.000000,0.000958,0.000000,0.000000,0.069542,0.028708,0.304917,630,8107263,142476,0,2,0,2,0,0,0,0,0,0,5406,0,3510,1896,0
50614,18.135125,17.954056,17.936302,0.000000,0.000292,0.000000,0.000000,0.083750,0.015833,1.266584,637,8091601,143369,0,2,0,2,0,0,0,0,0,0,7208,0,4680,2528,0
50615,18.204375,18.098615,18.106653,0.000000,0.000376,0.000000,0.000000,0.079208,0.025417,1.299375,634,8122767,145439,0,2,0,2,0,0,0,0,0,0,5406,0,3510,1896,0
50616,18.722833,18.506624,18.496951,0.000000,0.000792,0.000000,0.000000,0.115167,0.022292,0.648333,631,8107189,146087,0,2,0,2,0,0,0,0,0,0,5406,0,3510,1896,0
50617,17.706875,17.649547,17.652330,0.000000,0.000459,0.000000,0.000000,0.087875,0.022209,0.617000,640,8122492,144854,0,2,0,2,0,0,0,0,0,0,7208,0,4680,2528,0
50618,17.483292,17.360089,17.361216,0.000000,0.000416,0.000000,0.000000,0.108333,0.017084,0.925376,634,8107426,144242,0,2,0,2,0,0,0,0,0,0,5406,0,3510,1896,0
50619,18.200583,17.960913,17.962954,0.000000,0.000334,0.000000,0.000000,0.075084,0.014375,0.968208,628,8076201,142559,0,2,0,2,0,0,0,0,0,0,5406,0,3510,1896,0
50620,17.946917,17.879605,17.789748,0.000000,0.000208,0.000000,0.000000,0.081000,0.023333,0.296750,644,8122478,145660,0,2,0,2,0,0,0,0,0,0,7305,0,4680,2625,0
50621,18.909917,18.747182,18.761009,0.000000,0.000541,0.000000,0.000000,0.111583,0.023042,1.311583,633,8107391,147001,0,2,0,2,0,0,0,0,0,0,5406,0,3510,1896,0
50622,18.593791,18.481784,18.292047,0.000000,0.000291,0.000000,0.000000,0.085709,0.018583,0.729250,638,8112363,140528,0,2,0,2,0,0,0,0,0,0,7004,0,4536,2468,0
50623,17.491792,17.266581,17.285716,0.000000,0.000292,0.000000,0.000000,0.084208,0.016709,0.614500,633,8101786,142602,0,2,0,2,0,0,0,0,0,0,5610,0,3654,1956,0
50624,17.804625,17.738168,17.692472,0.000000,0.000499,0.000000,0.000000,0.082625,0.015083,0.578499,632,8107299,141974,0,2,0,2,0,0,0,0,0,0,5406,0,3510,1896,0
50625,17.537417,17.442582,17.410458,0.000000,0.000375,0.000000,0.000000,0.105375,0.015916,1.019999,642,8122466,142805,0,2,0,2,0,0,0,0,0,0,7208,0,4680,2528,0
50626,16.722958,16.574956,16.567871,0.000000,0.000334,0.000000,0.000000,0.078667,0.014416,0.609541,630,8091838,145162,0,2,0,2,0,0,0,0,0,0,5406,0,3510,1896,0
50627,18.652792,18.459239,18.445965,0.000000,0.000459,0.000000,0.000000,0.083916,0.043584,0.927209,634,8107239,147952,0,2,0,2,0,0,0,0,0,0,5406,0,3510,1896,0
50628,17.160500,17.056708,17.036924,0.000000,0.000458,0.000000,0.000000,0.107791,0.016167,0.607334,641,8122474,143290,0,2,0,2,0,0,0,0,0,0,7208,0,4680,2528,0
50629,18.079875,17.901400,17.864344,0.000000,0.000290,0.000000,0.000000,0.084583,0.022917,0.291209,628,8076380,143485,0,2,0,2,0,0,0,0,0,0,5406,0,3510,1896,0
50630,16.664333,16.573576,16.554054,0.000000,0.000459,0.000000,0.000000,0.073500,0.020333,1.060167,634,8138316,143271,0,2,0,2,0,0,0,0,0,0,5406,0,3510,1896,0
50631,18.152667,17.992755,18.002873,0.000000,0.000375,0.000000,0.000000,0.077958,0.013875,1.265417,639,8091471,142117,0,2,0,2,0,0,0,0,0,0,7208,0,4680,2528,0
50632,17.668625,17.490455,17.491940,0.000000,0.000584,0.000000,0.000000,0.081791,0.017084,0.608375,630,8085111,143876,0,2,0,2,0,0,0,0,0,0,5406,0,3510,1896,0
50633,17.888875,17.781459,17.790693,0.000000,0.000375,0.000000,0.000000,0.085875,0.018875,0.939459,631,8114054,141305,0,2,0,2,0,0,0,0,0,0,5406,0,3510,1896,0
50634,18.357458,18.195544,18.211619,0.000000,0.000416,0.000000,0.000000,0.072875,0.021833,1.255334,640,8106944,139518,0,2,0,2,0,0,0,0,0,0,7208,0,4680,2528,0
50635,18.294583,18.135530,18.133027,0.000000,0.000333,0.000000,0.000000,0.083709,0.017666,0.290792,632,8122727,143584,0,2,0,2,0,0,0,0,0,0,5406,0,3510,1896,0
50636,17.078125,16.864021,16.867240,0.000000,0.000376,0.000000,0.000000,0.064292,0.016792,1.268709,635,8076375,141643,0,2,0,2,0,0,0,0,0,0,5863,0,3510,2353,0
50637,17.633459,17.526309,17.505477,0.000000,0.000251,0.000000,0.000000,0.068541,0.020584,1.145417,648,8106655,165382,0,2,0,2,0,0,0,0,0,0,7610,0,4680,2930,0
50638,17.919166,17.909293,17.924635,0.000000,0.000416,0.000000,0.000000,0.072167,0.029250,0.289833,633,8138048,151928,0,2,0,2,0,0,0,0,0,0,5406,0,3510,1896,0
50639,16.160667,16.018868,16.038655,0.000000,0.000374,0.000000,0.000000,0.079750,0.022625,0.906250,633,8122747,144374,0,2,0,2,0,0,0,0,0,0,5507,0,3510,1997,0
50640,19.791125,19.618664,19.589554,0.000000,0.000292,0.000000,0.000000,0.074917,0.023375,0.958416,645,8106833,150235,0,2,0,2,0,0,0,0,0,0,7485,0,4680,2805,0
50641,18.707542,18.542472,18.511082,0.000000,0.000333,0.000000,0.000000,0.070666,0.026042,0.614166,630,8076402,153340,0,2,0,2,0,0,0,0,0,0,5406,0,3510,1896,0
50642,17.892458,17.811286,17.830278,0.000000,0.000500,0.000000,0.000000,0.093917,0.036916,0.901916,635,8122641,143980,0,2,0,2,0,0,0,0,0,0,5406,0,3510,1896,0
50643,19.166042,19.003832,18.968191,0.000000,0.000333,0.000000,0.000000,0.079708,0.017792,0.928084,640,8107075,144065,0,2,0,2,0,0,0,0,0,0,7208,0,4680,2528,0
50644,18.668708,18.504670,18.518328,0.000000,0.000416,0.000000,0.000000,0.079583,0.015459,0.928083,632,8096318,146593,0,2,0,2,0,0,0,0,0,0,5406,0,3510,1896,0
50645,19.294708,19.128623,18.976363,0.000000,0.000583,0.000000,0.000000,0.064709,0.015666,0.308667,649,8117904,144541,0,2,0,2,0,0,0,0,0,0,7548,0,3510,4038,0
50646,19.840250,19.701708,19.661254,0.000000,0.003291,0.000000,0.000000,0.072334,0.015166,1.041417,645,8106893,150471,0,2,0,2,0,0,0,0,0,0,7208,0,4680,2528,0
50647,18.019292,17.933327,17.913594,0.000000,0.000458,0.000000,0.000000,0.078417,0.026625,0.739832,632,8107276,149892,0,2,0,2,0,0,0,0,0,0,5406,0,3510,1896,0
50648,19.260708,19.155698,19.009089,0.000000,0.000458,0.000000,0.000000,0.097292,0.021417,0.657042,631,8122688,148175,0,2,0,2,0,0,0,0,0,0,5406,0,3510,1896,0
50649,17.393417,17.250956,17.223869,0.000000,0.000250,0.000000,0.000000,0.083375,0.035458,0.610125,643,8122456,144485,0,2,0,2,0,0,0,0,0,0,7208,0,4680,2528,0
50650,16.894958,16.735538,16.740498,0.000000,0.000292,0.000000,0.000000,0.084500,0.019500,1.149750,630,8076404,146800,0,2,0,2,0,0,0,0,0,0,5406,0,3510,1896,0
50651,16.601500,16.467223,16.483393,0.000000,0.000458,0.000000,0.000000,0.063959,0.013291,1.261250,631,8107247,146555,0,2,0,2,0,0,0,0,0,0,5406,0,3510,1896,0
50652,17.266542,17.207331,17.187252,0.000000,0.000292,0.000000,0.000000,0.093000,0.022125,0.328125,643,8107109,144507,0,2,0,2,0,0,0,0,0,0,7379,0,4680,2699,0
50653,19.093583,18.905804,18.916577,0.000000,0.000457,0.000000,0.000000,0.080375,0.016000,1.139333,634,8107062,159537,0,2,0,2,0,0,0,0,0,0,5406,0,3510,1896,0
50654,18.145209,18.003115,18.010102,0.000000,0.000416,0.000000,0.000000,0.083416,0.024792,1.272500,632,8107259,149204,0,2,0,2,0,0,0,0,0,0,5406,0,3510,1896,0
50655,18.389375,18.261300,18.252973,0.000000,0.000418,0.000000,0.000000,0.076250,0.020250,0.388833,641,8107006,146584,0,2,0,2,0,0,0,0,0,0,7208,0,4680,2528,0
50656,18.834666,18.675313,18.695124,0.000000,0.000459,0.000000,0.000000,0.071709,0.022666,0.990500,631,8107298,151653,0,2,0,2,0,0,0,0,0,0,5406,0,3510,1896,0
50657,18.540000,18.449350,18.455171,0.000000,0.000459,0.000000,0.000000,0.090625,0.024792,1.277708,633,8122663,149617,0,2,0,2,0,0,0,0,0,0,5406,0,3510,1896,0
50658,17.352542,17.195744,17.214551,0.000000,0.000416,0.000000,0.000000,0.076250,0.024875,1.299583,644,8122449,149932,0,2,0,2,0,0,0,0,0,0,7208,0,4680,2528,0
50659,18.231833,18.066640,18.059408,0.000000,0.000249,0.000000,0.000000,0.069709,0.021375,0.632292,630,8076361,160411,0,2,0,2,0,0,0,0,0,0,5406,0,3510,1896,0
50660,17.711292,17.647102,17.639943,0.000000,0.000458,0.000000,0.000000,0.073208,0.053750,0.940501,633,8128946,156584,0,2,0,2,0,0,0,0,0,0,5406,0,3510,1896,0
50661,17.111917,16.950586,16.925494,0.000000,0.000332,0.000000,0.000000,0.062125,0.012250,1.253541,645,8147044,151218,0,2,0,2,0,0,0,0,0,0,7447,0,4680,2767,0
50662,17.893583,17.790301,17.803857,0.000000,0.000417,0.000000,0.000000,0.069167,0.043083,0.613208,629,8060900,158584,0,2,0,2,0,0,0,0,0,0,5406,0,3510,1896,0
50663,17.302750,17.138447,17.125753,0.000000,0.000333,0.000000,0.000000,0.082333,0.023875,1.281834,630,8091970,145292,0,2,0,2,0,0,0,0,0,0,5406,0,3510,1896,0
50664,19.288625,19.169208,19.181294,0.000000,0.000418,0.000000,0.000000,0.081667,0.015333,1.265833,641,8106913,147722,0,2,0,2,0,0,0,0,0,0,7208,0,4680,2528,0
50665,18.309625,18.199457,18.193822,0.000000,0.000416,0.000000,0.000000,0.077083,0.031500,0.550625,632,8122650,149817,0,2,0,2,0,0,0,0,0,0,5406,0,3510,1896,0
50666,18.230167,18.030457,18.035787,0.000000,0.000416,0.000000,0.000000,0.071833,0.021708,0.739542,632,8091807,148095,0,2,0,2,0,0,0,0,0,0,5406,0,3510,1896,0
50667,18.270666,18.186338,18.170440,0.000000,0.000250,0.000000,0.000000,0.092625,0.017792,1.103250,640,8107054,146292,0,2,0,2,0,0,0,0,0,0,7208,0,4680,2528,0
50668,18.983750,18.759034,18.766083,0.000000,0.000374,0.000000,0.000000,0.072792,0.040833,1.262583,631,8107493,150034,0,2,0,2,0,0,0,0,0,0,5406,0,3510,1896,0
50669,17.602250,17.502671,17.445252,0.000000,0.000333,0.000000,0.000000,0.083792,0.030750,0.290500,634,8122486,145435,0,2,0,2,0,0,0,0,0,0,5406,0,3510,1896,0
50670,17.068959,16.911421,16.900330,0.000000,0.000417,0.000000,0.000000,0.068791,0.020417,0.794667,639,8091573,145136,0,2,0,2,0,0,0,0,0,0,7208,0,4680,2528,0
50671,18.566500,18.467100,18.422746,0.000000,0.000667,0.000000,0.000000,0.082750,0.036750,0.739292,633,8122701,143327,0,2,0,2,0,0,0,0,0,0,5406,0,3510,1896,0
50672,16.695833,16.595325,16.554633,0.000000,0.000376,0.000000,0.000000,0.076167,0.023958,0.447208,631,8105098,143869,0,2,0,2,0,0,0,0,0,0,5406,0,3510,1896,0
50673,16.758792,16.620961,16.549962,0.000000,0.000333,0.000000,0.000000,0.112625,0.027416,0.771793,639,8109222,142437,0,2,0,2,0,0,0,0,0,0,7208,0,4680,2528,0
50674,17.197083,17.032182,16.999874,0.000000,0.000333,0.000000,0.000000,0.075958,0.028167,0.433708,633,8107246,142960,0,2,0,2,0,0,0,0,0,0,5406,0,3510,1896,0
50675,16.574333,16.486788,16.499854,0.000000,0.000374,0.000000,0.000000,0.069000,0.037625,1.046751,637,8107446,142825,0,2,0,2,0,0,0,0,0,0,7208,0,4680,2528,0
50676,17.816917,17.669613,17.509120,0.000000,0.000667,0.000000,0.000000,0.109458,0.018167,1.108499,630,8091452,147295,0,2,0,2,0,0,0,0,0,0,5406,0,3510,1896,0
50677,19.905375,19.785546,19.400915,0.000000,0.000417,0.000000,0.000000,0.109917,0.030666,0.299583,633,8124928,144075,0,2,0,2,0,0,0,0,0,0,5406,0,3510,1896,0
50678,17.635958,17.486982,17.460912,0.000000,0.000501,0.000000,0.000000,0.080625,0.025542,0.954584,638,8089449,141789,0,2,0,2,0,0,0,0,0,0,7208,0,4680,2528,0
50679,19.966959,19.820838,19.445160,0.000000,0.000582,0.000000,0.000000,0.087541,0.026709,0.666166,632,8107150,145031,0,2,0,2,0,0,0,0,0,0,5406,0,3510,1896,0
50680,18.343791,18.161625,18.111243,0.000000,0.000584,0.000000,0.000000,0.080000,0.033584,1.228125,634,8107331,144874,0,2,0,2,0,0,0,0,0,0,5406,0,3510,1896,0
50681,17.099042,16.926072,16.897857,0.000000,0.000292,0.000000,0.000000,0.073542,0.016500,0.655250,645,8106819,141630,0,2,0,2,0,0,0,0,0,0,7665,0,4680,2985,0
50682,18.667958,18.633623,18.628264,0.000000,0.000250,0.000000,0.000000,0.093292,0.023625,0.954624,634,8091667,157510,0,2,0,2,0,0,0,0,0,0,6114,0,3510,2604,0
50683,19.026792,18.868089,18.882410,0.000000,0.000333,0.000000,0.000000,0.089167,0.029125,1.339708,637,8138211,158059,0,2,0,2,0,0,0,0,0,0,5557,0,3510,2047,0
50684,18.342958,18.192786,18.159063,0.000000,0.000375,0.000000,0.000000,0.072959,0.022458,0.633209,639,8091374,148987,0,2,0,2,0,0,0,0,0,0,7208,0,4680,2528,0
50685,17.136584,17.027459,17.019998,0.000000,0.000374,0.000000,0.000000,0.113125,0.018000,1.332333,635,8122659,144983,0,2,0,2,0,0,0,0,0,0,5645,0,3510,2135,0
50686,18.212291,18.072786,18.016135,0.000000,0.000290,0.000000,0.000000,0.074042,0.033750,0.986083,631,8093116,149505,0,2,0,2,0,0,0,0,0,0,5560,0,3510,2050,0
50687,17.175750,17.000133,17.021637,0.000000,0.000293,0.000000,0.000000,0.072375,0.026584,0.643333,639,8090218,146754,0,2,0,2,0,0,0,0,0,0,7208,0,4680,2528,0
50688,16.501667,16.287780,16.274362,0.000000,0.000291,0.000000,0.000000,0.087042,0.016916,0.938458,635,8091751,145902,0,2,0,2,0,0,0,0,0,0,5721,0,3510,2211,0
50689,18.679375,18.710779,18.711874,0.000000,0.000334,0.000000,0.000000,0.084458,0.062292,1.019167,637,8168953,150787,0,2,0,2,0,0,0,0,0,0,5525,0,3510,2015,0
50690,18.063208,17.841844,17.861600,0.000000,0.000376,0.000000,0.000000,0.075334,0.015541,0.608000,636,8060697,145460,0,2,0,2,0,0,0,0,0,0,7208,0,4680,2528,0
50691,17.897000,17.794906,17.814197,0.000000,0.000458,0.000000,0.000000,0.080125,0.018292,0.946208,632,8128757,143556,0,2,0,2,0,0,0,0,0,0,5406,0,3510,1896,0
50692,17.496667,17.350506,17.365080,0.000000,0.000459,0.000000,0.000000,0.085083,0.015792,1.315666,629,8101187,139725,0,2,0,2,0,0,0,0,0,0,5406,0,3510,1896,0
50693,18.438500,18.264170,18.249512,0.000000,0.000499,0.000000,0.000000,0.069625,0.015583,0.633375,640,8091642,145878,0,2,0,2,0,0,0,0,0,0,7208,0,4680,2528,0
50694,17.312375,17.161039,17.178967,0.000000,0.000293,0.000000,0.000000,0.082042,0.019541,1.051208,633,8107265,145430,0,2,0,2,0,0,0,0,0,0,5406,0,3510,1896,0
50695,16.736042,16.552111,16.522845,0.000000,0.000374,0.000000,0.000000,0.062958,0.024667,1.273792,632,8091702,140682,0,2,0,2,0,0,0,0,0,0,5583,0,3510,2073,0
50696,19.129333,19.134699,19.109294,0.000000,0.000291,0.000000,0.000000,0.073333,0.037084,0.609250,644,8137899,156193,0,2,0,2,0,0,0,0,0,0,7208,0,4680,2528,0
50697,17.586708,17.370749,17.379565,0.000000,0.000416,0.000000,0.000000,0.079459,0.020625,0.758751,633,8107331,149008,0,2,0,2,0,0,0,0,0,0,5406,0,3510,1896,0
50698,17.919042,17.868640,17.786807,0.000000,0.000375,0.000000,0.000000,0.109583,0.021792,0.942084,631,8122632,144472,0,2,0,2,0,0,0,0,0,0,5406,0,3510,1896,0
50699,18.454667,18.283488,18.270458,0.000000,0.000457,0.000000,0.000000,0.068666,0.042792,0.646459,640,8091655,142762,0,2,0,2,0,0,0,0,0,0,7208,0,4680,2528,0
50700,19.224875,19.119330,18.981550,0.000000,0.000542,0.000000,0.000000,0.089916,0.080292,0.940124,634,8122639,148363,0,2,0,2,0,0,0,0,0,0,5406,0,3510,1896,0
50701,17.868541,17.724910,17.664006,0.000000,0.000791,0.000000,0.000000,0.082625,0.020125,0.802376,628,8105227,142524,0,2,0,2,0,0,0,0,0,0,5406,0,3510,1896,0
50702,18.137542,17.973460,17.951237,0.000000,0.000376,0.000000,0.000000,0.063542,0.020208,0.991875,640,8093654,143496,0,2,0,2,0,0,0,0,0,0,7208,0,4680,2528,0
50703,17.618000,17.444830,17.436714,0.000000,0.000458,0.000000,0.000000,0.066167,0.023500,0.645458,632,8091760,146204,0,2,0,2,0,0,0,0,0,0,5406,0,3510,1896,0
50704,16.673750,16.583215,16.580283,0.000000,0.000416,0.000000,0.000000,0.065833,0.072250,0.620417,633,8138169,144024,0,2,0,2,0,0,0,0,0,0,5406,0,3510,1896,0
50705,19.017125,18.887750,18.660956,0.000000,0.000500,0.000000,0.000000,0.073250,0.032750,0.618584,640,8091602,143229,0,2,0,2,0,0,0,0,0,0,7208,0,4680,2528,0
50706,16.766542,16.667897,16.632271,0.000000,0.000459,0.000000,0.000000,0.091083,0.036250,0.659125,633,8126572,144817,0,2,0,2,0,0,0,0,0,0,5406,0,3510,1896,0
50707,16.888166,16.759408,16.724524,0.000000,0.000500,0.000000,0.000000,0.086542,0.029417,1.284916,630,8087888,139323,0,2,0,2,0,0,0,0,0,0,5406,0,3510,1896,0
50708,16.741334,16.640891,16.619128,0.000000,0.000374,0.000000,0.000000,0.070875,0.074875,0.645083,644,8168768,143424,0,2,0,2,0,0,0,0,0,0,7208,0,4680,2528,0
50709,18.110541,17.886255,17.863369,0.000000,0.000334,0.000000,0.000000,0.076084,0.015375,0.951375,628,8030055,151262,0,2,0,2,0,0,0,0,0,0,5406,0,3510,1896,0
50710,17.581750,17.426272,17.413853,0.000000,0.000292,0.000000,0.000000,0.075917,0.021792,0.955874,632,8107311,138710,0,2,0,2,0,0,0,0,0,0,5406,0,3510,1896,0
50711,17.103250,17.011449,17.013249,0.000000,0.000375,0.000000,0.000000,0.069417,0.023208,0.308500,642,8122384,140963,0,2,0,2,0,0,0,0,0,0,7208,0,4680,2528,0
50712,16.466834,16.330844,16.325525,0.000000,0.000207,0.000000,0.000000,0.076833,0.026542,1.018917,638,8122633,144576,0,2,0,2,0,0,0,0,0,0,5677,0,3510,2167,0
50713,16.666041,16.541336,16.517759,0.000000,0.000416,0.000000,0.000000,0.069417,0.027958,0.613042,635,8091660,144958,0,2,0,2,0,0,0,0,0,0,5687,0,3510,2177,0
50714,20.328750,20.234130,20.238918,0.000000,0.000208,0.000000,0.000000,0.095709,0.026583,1.041292,641,8122457,146064,0,2,0,2,0,0,0,0,0,0,7208,0,4680,2528,0
50715,18.329750,18.193874,18.194756,0.000000,0.000374,0.000000,0.000000,0.099625,0.045875,0.899958,631,8094608,143359,0,2,0,2,0,0,0,0,0,0,5406,0,3510,1896,0
50716,18.210042,18.033508,17.982673,0.000000,0.000292,0.000000,0.000000,0.076375,0.021667,1.320500,632,8119849,138331,0,2,0,2,0,0,0,0,0,0,5577,0,3510,2067,0
50717,18.564292,18.417492,18.418208,0.000000,0.000333,0.000000,0.000000,0.078250,0.040541,1.295874,639,8091553,149084,0,2,0,2,0,0,0,0,0,0,7208,0,4680,2528,0
50718,18.150416,18.056556,18.043815,0.000000,0.000500,0.000000,0.000000,0.078459,0.054125,0.640750,637,8107125,145725,0,2,0,2,0,0,0,0,0,0,5677,0,3510,2167,0
50719,18.568917,18.371429,18.368665,0.000000,0.000417,0.000000,0.000000,0.074375,0.028042,1.295708,631,8107286,144143,0,2,0,2,0,0,0,0,0,0,5406,0,3510,1896,0
50720,17.709792,17.579819,17.589016,0.000000,0.000291,0.000000,0.000000,0.068916,0.013500,1.003708,637,8091600,140925,0,2,0,2,0,0,0,0,0,0,7208,0,4680,2528,0
50721,17.117208,17.014252,17.005452,0.000000,0.000250,0.000000,0.000000,0.076292,0.032000,0.608250,634,8122682,142588,0,2,0,2,0,0,0,0,0,0,5406,0,3510,1896,0
50722,17.926458,17.744300,17.716601,0.000000,0.000208,0.000000,0.000000,0.069959,0.046125,0.622166,633,8107267,147431,0,2,0,2,0,0,0,0,0,0,5406,0,3510,1896,0
50723,16.700375,16.599486,16.599703,0.000000,0.000333,0.000000,0.000000,0.075125,0.041000,0.611041,639,8107038,142792,0,2,0,2,0,0,0,0,0,0,7208,0,4680,2528,0
50724,16.582667,16.436392,16.428647,0.000000,0.000457,0.000000,0.000000,0.076125,0.015625,1.202584,632,8107258,143322,0,2,0,2,0,0,0,0,0,0,5406,0,3510,1896,0
50725,17.279625,17.148246,17.145920,0.000000,0.000292,0.000000,0.000000,0.082500,0.024208,1.303417,630,8091845,139178,0,2,0,2,0,0,0,0,0,0,5406,0,3510,1896,0
50726,17.655083,17.572429,17.591597,0.000000,0.000292,0.000000,0.000000,0.083375,0.042292,0.657167,642,8137902,144812,0,2,0,2,0,0,0,0,0,0,7208,0,4680,2528,0
50727,17.754875,17.654721,17.591800,0.000000,0.000542,0.000000,0.000000,0.129500,0.025417,0.946417,633,8107277,141291,0,2,0,2,0,0,0,0,0,0,5406,0,3510,1896,0
50728,17.792750,17.602494,17.573084,0.000000,0.000541,0.000000,0.000000,0.070667,0.026375,0.990542,637,8091955,139635,0,2,0,2,0,0,0,0,0,0,7004,0,4536,2468,0
50729,18.187417,18.022486,17.994546,0.000000,0.000375,0.000000,0.000000,0.081958,0.043167,0.608250,636,8106930,143319,0,2,0,2,0,0,0,0,0,0,5610,0,3654,1956,0
50730,18.219708,18.107636,18.066216,0.000000,0.000626,0.000000,0.000000,0.103084,0.024708,0.665333,630,8107225,142687,0,2,0,2,0,0,0,0,0,0,5406,0,3510,1896,0
50731,18.533625,18.371966,18.297144,0.000000,0.000333,0.000000,0.000000,0.077792,0.025042,0.956625,642,8107067,139337,0,2,0,2,0,0,0,0,0,0,7208,0,4680,2528,0
50732,18.915209,18.769574,18.621095,0.000000,0.000375,0.000000,0.000000,0.080625,0.016291,0.939125,633,8107233,144728,0,2,0,2,0,0,0,0,0,0,5406,0,3510,1896,0
50733,17.805958,17.668552,17.675129,0.000000,0.000333,0.000000,0.000000,0.073750,0.042208,0.639458,633,8107311,142828,0,2,0,2,0,0,0,0,0,0,5406,0,3510,1896,0
50734,17.944208,17.822001,17.801828,0.000000,0.000583,0.000000,0.000000,0.088250,0.017209,0.597000,639,8091534,137993,0,2,0,2,0,0,0,0,0,0,7208,0,4680,2528,0
50735,18.194875,18.044997,18.016082,0.000000,0.000543,0.000000,0.000000,0.071625,0.014667,0.715333,634,8122710,150107,0,2,0,2,0,0,0,0,0,0,5523,0,3510,2013,0
50736,18.202834,18.124119,18.137568,0.000000,0.000458,0.000000,0.000000,0.094458,0.021375,0.312041,631,8107240,148894,0,2,0,2,0,0,0,0,0,0,5406,0,3510,1896,0
50737,18.447208,18.292626,18.269239,0.000000,0.000542,0.000000,0.000000,0.129083,0.018209,0.620083,640,8122489,140034,0,2,0,2,0,0,0,0,0,0,7208,0,4680,2528,0
50738,18.103708,17.903612,17.904368,0.000000,0.000333,0.000000,0.000000,0.076000,0.044834,1.002959,631,8076347,144377,0,2,0,2,0,0,0,0,0,0,5406,0,3510,1896,0
50739,17.397667,17.286353,17.288111,0.000000,0.000417,0.000000,0.000000,0.061375,0.027458,0.388666,632,8122712,143821,0,2,0,2,0,0,0,0,0,0,5406,0,3510,1896,0
50740,17.072917,16.951137,16.932654,0.000000,0.000417,0.000000,0.000000,0.064416,0.019875,0.962000,639,8122539,141072,0,2,0,2,0,0,0,0,0,0,7208,0,4680,2528,0
50741,17.959583,17.848547,17.831547,0.000000,0.000292,0.000000,0.000000,0.069125,0.032917,1.308376,631,8091765,151270,0,2,0,2,0,0,0,0,0,0,5406,0,3510,1896,0
50742,18.557125,18.415889,18.415874,0.000000,0.000458,0.000000,0.000000,0.064500,0.030083,0.611334,632,8122756,146632,0,2,0,2,0,0,0,0,0,0,5406,0,3510,1896,0
50743,17.059042,16.975204,16.978960,0.000000,0.000375,0.000000,0.000000,0.090541,0.015750,0.942459,641,8137947,141835,0,2,0,2,0,0,0,0,0,0,7208,0,4680,2528,0
50744,18.435375,18.289869,18.262996,0.000000,0.000334,0.000000,0.000000,0.101000,0.027875,1.143250,630,8076398,145024,0,2,0,2,0,0,0,0,0,0,5406,0,3510,1896,0
50745,17.847666,17.740499,17.740842,0.000000,0.000500,0.000000,0.000000,0.097292,0.016792,0.608167,632,8107150,144189,0,2,0,2,0,0,0,0,0,0,5406,0,3510,1896,0
50746,18.370000,18.194930,18.213494,0.000000,0.000542,0.000000,0.000000,0.087917,0.016125,0.581791,640,8122527,140333,0,2,0,2,0,0,0,0,0,0,7208,0,4680,2528,0
50747,17.827417,17.717836,17.729293,0.000000,0.000582,0.000000,0.000000,0.109833,0.023500,0.925375,630,8076338,143627,0,2,0,2,0,0,0,0,0,0,5406,0,3510,1896,0
50748,18.353500,18.173118,18.168969,0.000000,0.000499,0.000000,0.000000,0.074250,0.016417,0.907917,633,8107252,144891,0,2,0,2,0,0,0,0,0,0,5406,0,3510,1896,0
50749,17.339042,17.218568,17.217377,0.000000,0.000541,0.000000,0.000000,0.062875,0.016791,0.512000,641,8115665,142292,0,2,0,2,0,0,0,0,0,0,7358,0,4680,2678,0
50750,17.785500,17.653001,17.672713,0.000000,0.000208,0.000000,0.000000,0.066791,0.012834,0.907209,632,8098575,153150,0,2,0,2,0,0,0,0,0,0,5406,0,3510,1896,0
50751,16.815333,16.668147,16.677327,0.000000,0.000293,0.000000,0.000000,0.059875,0.011375,0.626125,630,8091834,142715,0,2,0,2,0,0,0,0,0,0,5406,0,3510,1896,0
50752,16.886500,16.733745,16.740210,0.000000,0.000249,0.000000,0.000000,0.054917,0.042833,0.898833,661,8137576,140943,0,2,0,2,0,0,0,0,0,0,9249,0,4680,4569,0
50753,15.812875,15.725046,15.741781,0.000000,0.000168,0.000000,0.000000,0.054500,0.011625,0.290666,632,8091820,144296,0,2,0,2,0,0,0,0,0,0,5406,0,3510,1896,0
50754,15.550583,15.448962,15.449374,0.000000,0.000418,0.000000,0.000000,0.055375,0.038042,1.169917,633,8122740,142669,0,2,0,2,0,0,0,0,0,0,5406,0,3510,1896,0
50755,16.593875,16.438958,16.460224,0.000000,0.000249,0.000000,0.000000,0.053667,0.026583,0.607667,637,8091600,142227,0,2,0,2,0,0,0,0,0,0,7208,0,4680,2528,0
50756,17.190792,17.071296,17.084789,0.000000,0.000123,0.000000,0.000000,0.061250,0.038167,1.223458,633,8107200,153202,0,2,0,2,0,0,0,0,0,0,5406,0,3510,1896,0
50757,16.666083,16.574076,16.488960,0.000000,0.000333,0.000000,0.000000,0.075459,0.037791,0.913708,632,8122716,143955,0,2,0,2,0,0,0,0,0,0,5406,0,3510,1896,0
50758,16.820792,16.626074,16.645241,0.000000,0.000291,0.000000,0.000000,0.065833,0.013917,0.366833,638,8107095,138563,0,2,0,2,0,0,0,0,0,0,7208,0,4680,2528,0
50759,15.981167,15.919992,15.918084,0.000000,0.000209,0.000000,0.000000,0.064875,0.035708,0.912042,633,8109255,144650,0,2,0,2,0,0,0,0,0,0,5406,0,3510,1896,0
50760,16.162333,15.968330,15.983413,0.000000,0.000499,0.000000,0.000000,0.077875,0.013208,0.608125,630,8089787,142619,0,2,0,2,0,0,0,0,0,0,5406,0,3510,1896,0
50761,15.502667,15.390519,15.380726,0.000000,0.000209,0.000000,0.000000,0.068875,0.013625,0.899667,639,8107002,138561,0,2,0,2,0,0,0,0,0,0,7208,0,4680,2528,0
50762,16.200541,16.074539,15.995016,0.000000,0.000124,0.000000,0.000000,0.081084,0.017541,0.300958,632,8107232,144334,0,2,0,2,0,0,0,0,0,0,5406,0,3510,1896,0
50763,16.031875,15.968964,15.963167,0.000000,0.000334,0.000000,0.000000,0.099542,0.019542,0.590959,633,8104216,145311,0,2,0,2,0,0,0,0,0,0,5532,0,3510,2022,0
50764,18.665084,18.495648,18.460651,0.000000,0.000375,0.000000,0.000000,0.072083,0.025000,0.616250,643,8110116,151426,0,2,0,2,0,0,0,0,0,0,7334,0,4680,2654,0
50765,17.509416,17.440401,17.441665,0.000000,0.000292,0.000000,0.000000,0.086125,0.041084,1.226834,632,8138004,155331,0,2,0,2,0,0,0,0,0,0,5406,0,3510,1896,0
50766,16.487084,16.313456,16.308213,0.000000,0.006833,0.000000,0.000000,0.074708,0.038542,1.261542,632,8107268,148884,0,2,0,2,0,0,0,0,0,0,5406,0,3510,1896,0
50767,16.075750,15.955908,15.958388,0.000000,0.000459,0.000000,0.000000,0.065833,0.015583,0.610917,640,8107109,145626,0,2,0,2,0,0,0,0,0,0,7208,0,4680,2528,0
50768,16.690666,16.566872,16.582744,0.000000,0.000207,0.000000,0.000000,0.081917,0.025833,1.232958,631,8107171,152306,0,2,0,2,0,0,0,0,0,0,5406,0,3510,1896,0
50769,17.508625,17.387041,17.200633,0.000000,0.000291,0.000000,0.000000,0.084959,0.037541,0.289667,632,8107240,151249,0,2,0,2,0,0,0,0,0,0,5406,0,3510,1896,0
50770,15.788834,15.683984,15.702119,0.000000,0.000333,0.000000,0.000000,0.069625,0.011458,0.911125,639,8076159,145244,0,2,0,2,0,0,0,0,0,0,7208,0,4680,2528,0
50771,17.360041,17.212560,17.181287,0.000000,0.000250,0.000000,0.000000,0.055417,0.034333,0.608208,634,8138296,150677,0,2,0,2,0,0,0,0,0,0,5406,0,3510,1896,0
50772,17.068875,16.907957,16.926112,0.000000,0.000291,0.000000,0.000000,0.080584,0.017666,1.056291,632,8091686,152449,0,2,0,2,0,0,0,0,0,0,5406,0,3510,1896,0
50773,16.487084,16.400992,16.412791,0.000000,0.000208,0.000000,0.000000,0.068666,0.013084,0.781959,641,8122616,149088,0,2,0,2,0,0,0,0,0,0,7208,0,4680,2528,0
50774,17.734875,17.558081,17.554908,0.000000,0.000334,0.000000,0.000000,0.075458,0.016250,0.605542,631,8091634,149291,0,2,0,2,0,0,0,0,0,0,5406,0,3510,1896,0
50775,16.402166,16.341530,16.342755,0.000000,0.000291,0.000000,0.000000,0.080459,0.035666,0.736500,634,8122730,149734,0,2,0,2,0,0,0,0,0,0,5406,0,3510,1896,0
50776,17.450709,17.262841,17.275796,0.000000,0.000334,0.000000,0.000000,0.058208,0.020125,0.609125,640,8091640,149583,0,2,0,2,0,0,0,0,0,0,7208,0,4680,2528,0
50777,17.097666,17.000731,17.020821,0.000000,0.000209,0.000000,0.000000,0.052834,0.026791,1.056000,632,8107292,151763,0,2,0,2,0,0,0,0,0,0,5406,0,3510,1896,0
50778,17.619084,17.483004,17.506914,0.000000,0.000418,0.000000,0.000000,0.054458,0.019167,0.794209,634,8107277,149098,0,2,0,2,0,0,0,0,0,0,5972,0,3564,2408,0
50779,18.065250,18.014578,18.023424,0.000000,0.000335,0.000000,0.000000,0.103875,0.049958,0.609542,644,8153538,147072,0,2,0,2,0,0,0,0,0,0,6642,0,4626,2016,0
50780,18.879416,18.672911,18.665758,0.000000,0.000210,0.000000,0.000000,0.080625,0.027875,0.926667,626,8066714,152009,0,2,0,2,0,0,0,0,0,0,5406,0,3510,1896,0
50781,17.823292,17.709790,17.698588,0.000000,0.000458,0.000000,0.000000,0.079875,0.026042,1.211250,637,8101260,150944,0,2,0,2,0,0,0,0,0,0,7124,0,4596,2528,0
50782,17.574125,17.431830,17.411356,0.000000,0.000460,0.000000,0.000000,0.070583,0.014500,0.302083,634,8122407,146903,0,2,0,2,0,0,0,0,0,0,5490,0,3594,1896,0
50783,17.540875,17.416527,17.406790,0.000000,0.000291,0.000000,0.000000,0.069000,0.046375,1.286333,633,8107513,148678,0,2,0,2,0,0,0,0,0,0,5406,0,3510,1896,0
50784,18.681333,18.523708,18.501080,0.000000,0.000833,0.000000,0.000000,0.082292,0.015250,1.337708,638,8091413,151352,0,2,0,2,0,0,0,0,0,0,7208,0,4680,2528,0
50785,18.443875,18.332834,18.282643,0.000000,0.000375,0.000000,0.000000,0.081750,0.015667,1.259584,633,8122660,149074,0,2,0,2,0,0,0,0,0,0,5406,0,3510,1896,0
50786,17.541750,17.378736,17.382819,0.000000,0.000417,0.000000,0.000000,0.069209,0.023625,0.613292,631,8091821,148683,0,2,0,2,0,0,0,0,0,0,5406,0,3510,1896,0
50787,17.320000,17.221183,17.204019,0.000000,0.000292,0.000000,0.000000,0.069834,0.014416,1.260626,640,8107047,148821,0,2,0,2,0,0,0,0,0,0,7208,0,4680,2528,0
50788,17.444709,17.322088,17.318673,0.000000,0.000418,0.000000,0.000000,0.075625,0.016333,0.943374,633,8122715,150724,0,2,0,2,0,0,0,0,0,0,5406,0,3510,1896,0
50789,17.843333,17.750389,17.648655,0.000000,0.000500,0.000000,0.000000,0.164667,0.018583,0.611834,631,8076464,150784,0,2,0,2,0,0,0,0,0,0,5406,0,3510,1896,0
50790,26.005167,25.860072,23.649291,0.000000,0.000957,0.000000,0.000000,0.144583,0.021375,0.873043,646,8184416,149600,0,2,0,2,0,0,0,0,0,0,7208,0,4680,2528,0
50791,17.061750,16.818940,16.770360,0.000000,0.000459,0.000000,0.000000,0.068500,0.015916,0.290875,627,8045208,143317,0,2,0,2,0,0,0,0,0,0,5406,0,3510,1896,0
50792,21.470250,21.369988,21.360916,0.000000,0.000333,0.000000,0.000000,0.077958,0.022958,0.659916,633,8122897,160622,0,2,0,2,0,0,0,0,0,0,5406,0,3510,1896,0
50793,18.557750,18.432122,18.312578,0.000000,0.000417,0.000000,0.000000,0.096000,0.018208,0.583083,641,8099243,152372,0,2,0,2,0,0,0,0,0,0,7208,0,4680,2528,0
50794,20.116708,19.990189,19.746468,0.000000,0.000583,0.000000,0.000000,0.104958,0.028834,0.921832,634,8132439,148840,0,2,0,2,0,0,0,0,0,0,5406,0,3510,1896,0
50795,18.588708,18.417880,18.429681,0.000000,0.000374,0.000000,0.000000,0.072875,0.041292,1.283750,631,8089770,151201,0,2,0,2,0,0,0,0,0,0,5406,0,3510,1896,0
50796,20.184625,20.078210,20.028418,0.000000,0.000625,0.000000,0.000000,0.121000,0.018500,0.942792,645,8138017,153779,0,2,0,2,0,0,0,0,0,0,7208,0,4680,2528,0
50797,27.859875,27.630056,25.432290,0.000000,0.000917,0.000000,0.000000,0.109250,0.018042,0.608000,627,8060694,148771,0,2,0,2,0,0,0,0,0,0,5406,0,3510,1896,0
50798,21.576875,21.441816,21.210054,0.000000,0.000625,0.000000,0.000000,0.104500,0.023292,0.598917,632,8107247,149781,0,2,0,2,0,0,0,0,0,0,5406,0,3510,1896,0
50799,26.584084,26.457072,24.360693,0.000000,0.000460,0.000000,0.000000,0.096875,0.050583,0.938416,645,8153441,149913,0,2,0,2,0,0,0,0,0,0,7208,0,4680,2528,0
50800,20.409041,20.252873,20.037461,0.000000,0.000750,0.000000,0.000000,0.120334,0.024750,0.682917,629,8076266,149275,0,2,0,2,0,0,0,0,0,0,5406,0,3510,1896,0
50801,21.891500,21.745902,21.551544,0.000000,0.000999,0.000000,0.000000,0.107000,0.019584,0.595709,632,8107277,151293,0,2,0,2,0,0,0,0,0,0,5406,0,3510,1896,0
50802,21.336334,21.184537,20.832131,0.000000,0.000834,0.000000,0.000000,0.134375,0.025791,0.590417,639,8091553,148671,0,2,0,2,0,0,0,0,0,0,7208,0,4680,2528,0
50803,20.601208,20.462133,20.319665,0.000000,0.000459,0.000000,0.000000,0.105083,0.038792,0.615000,631,8138336,148199,0,2,0,2,0,0,0,0,0,0,5406,0,3510,1896,0
50804,21.046500,20.922214,20.788237,0.000000,0.000541,0.000000,0.000000,0.127875,0.023833,0.747084,633,8122536,152631,0,2,0,2,0,0,0,0,0,0,5406,0,3510,1896,0
50805,18.455500,18.282027,18.272536,0.000000,0.000375,0.000000,0.000000,0.095500,0.026667,0.351792,638,8076096,150186,0,2,0,2,0,0,0,0,0,0,7208,0,4680,2528,0
50806,19.775292,19.655156,19.510168,0.000000,0.000459,0.000000,0.000000,0.115583,0.017458,0.651291,632,8091817,147927,0,2,0,2,0,0,0,0,0,0,5406,0,3510,1896,0
50807,19.490750,19.367586,19.153799,0.000000,0.000334,0.000000,0.000000,0.120000,0.018166,0.654000,635,8138308,150795,0,2,0,2,0,0,0,0,0,0,5406,0,3510,1896,0
50808,20.118583,19.917417,19.568992,0.000000,0.003166,0.000000,0.000000,0.088667,0.020291,1.058541,646,8137707,155644,0,2,0,2,0,0,0,0,0,0,7523,0,4680,2843,0
50809,19.232042,19.102398,19.010425,0.000000,0.000458,0.000000,0.000000,0.104333,0.020250,0.911833,630,8076345,152814,0,2,0,2,0,0,0,0,0,0,5406,0,3510,1896,0
50810,21.183958,21.006051,20.550308,0.000000,0.000543,0.000000,0.000000,0.080250,0.037250,0.589667,631,8091731,154363,0,2,0,2,0,0,0,0,0,0,5406,0,3510,1896,0
50811,18.802833,18.622839,18.635339,0.000000,0.000625,0.000000,0.000000,0.084167,0.022292,0.361042,640,8091564,142429,0,2,0,2,0,0,0,0,0,0,7208,0,4680,2528,0
50812,18.442084,18.333780,18.334070,0.000000,0.000335,0.000000,0.000000,0.083291,0.032125,0.659375,628,8076377,138109,0,2,0,2,0,0,0,0,0,0,5406,0,3510,1896,0
50813,18.466000,18.315239,18.316282,0.000000,0.000417,0.000000,0.000000,0.085541,0.040834,0.737584,635,8122722,140813,0,2,0,2,0,0,0,0,0,0,5406,0,3510,1896,0
50814,17.991750,17.899369,17.890800,0.000000,0.000374,0.000000,0.000000,0.080208,0.022958,0.869041,642,8106997,142939,0,2,0,2,0,0,0,0,0,0,7208,0,4680,2528,0
50815,18.381125,18.179755,18.201039,0.000000,0.000333,0.000000,0.000000,0.086166,0.022625,0.469875,629,8091819,139492,0,2,0,2,0,0,0,0,0,0,5406,0,3510,1896,0
50816,17.920083,17.775533,17.780038,0.000000,0.000459,0.000000,0.000000,0.071167,0.015208,0.870125,631,8107239,141385,0,2,0,2,0,0,0,0,0,0,5406,0,3510,1896,0
50817,16.962875,16.898997,16.907576,0.000000,0.000458,0.000000,0.000000,0.080625,0.024667,0.487833,644,8137899,139289,0,2,0,2,0,0,0,0,0,0,7208,0,4680,2528,0
50818,17.152958,16.947733,16.939972,0.000000,0.000250,0.000000,0.000000,0.069417,0.015458,0.977500,629,8076362,137685,0,2,0,2,0,0,0,0,0,0,5406,0,3510,1896,0
50819,17.028375,16.917287,16.883042,0.000000,0.000459,0.000000,0.000000,0.082209,0.018791,1.290167,631,8107258,139534,0,2,0,2,0,0,0,0,0,0,5406,0,3510,1896,0
50820,17.207292,17.129374,17.126297,0.000000,0.000417,0.000000,0.000000,0.094458,0.027625,0.304542,641,8122454,139383,0,2,0,2,0,0,0,0,0,0,7208,0,4680,2528,0
50821,18.102958,17.946461,17.911042,0.000000,0.000543,0.000000,0.000000,0.086917,0.021167,0.937500,629,8091841,137611,0,2,0,2,0,0,0,0,0,0,5406,0,3510,1896,0
50822,17.641125,17.497173,17.520413,0.000000,0.000333,0.000000,0.000000,0.076709,0.029375,1.190875,632,8107284,139287,0,2,0,2,0,0,0,0,0,0,5406,0,3510,1896,0
50823,17.930375,17.863514,17.858932,0.000000,0.000291,0.000000,0.000000,0.101417,0.061792,0.633625,643,8137871,137922,0,2,0,2,0,0,0,0,0,0,7208,0,4680,2528,0
50824,17.844917,17.635301,17.606925,0.000000,0.000459,0.000000,0.000000,0.075875,0.015500,0.847709,629,8080911,136979,0,2,0,2,0,0,0,0,0,0,5406,0,3510,1896,0
50825,16.981000,16.838740,16.833500,0.000000,0.000498,0.000000,0.000000,0.077667,0.036041,1.246667,630,8102738,138463,0,2,0,2,0,0,0,0,0,0,5406,0,3510,1896,0
50826,18.047708,18.002393,17.958587,0.000000,0.000374,0.000000,0.000000,0.110792,0.043667,0.612292,640,8122472,138397,0,2,0,2,0,0,0,0,0,0,7208,0,4680,2528,0
50827,17.571375,17.399740,17.406048,0.000000,0.000332,0.000000,0.000000,0.094834,0.033666,0.913792,631,8107261,136654,0,2,0,2,0,0,0,0,0,0,5406,0,3510,1896,0
50828,17.249917,17.084643,17.098602,0.000000,0.000459,0.000000,0.000000,0.070750,0.035333,1.293208,632,8107222,139489,0,2,0,2,0,0,0,0,0,0,5406,0,3510,1896,0
50829,17.893917,17.810002,17.802533,0.000000,0.000376,0.000000,0.000000,0.107041,0.039042,0.614125,642,8122507,139484,0,2,0,2,0,0,0,0,0,0,7208,0,4680,2528,0
50830,17.994416,17.819207,17.755956,0.000000,0.000499,0.000000,0.000000,0.085792,0.042375,0.583417,632,8107258,135356,0,2,0,2,0,0,0,0,0,0,5406,0,3510,1896,0
50831,17.338667,17.166216,17.176541,0.000000,0.000333,0.000000,0.000000,0.089958,0.018667,1.247251,628,8076358,137286,0,2,0,2,0,0,0,0,0,0,5406,0,3510,1896,0
50832,18.491208,18.352530,18.375071,0.000000,0.000582,0.000000,0.000000,0.082750,0.024500,0.609084,641,8107043,138809,0,2,0,2,0,0,0,0,0,0,7208,0,4680,2528,0
50833,17.255334,17.122742,17.117198,0.000000,0.000374,0.000000,0.000000,0.075166,0.026667,0.900458,632,8107283,135064,0,2,0,2,0,0,0,0,0,0,5406,0,3510,1896,0
50834,18.007958,17.865713,17.893788,0.000000,0.000542,0.000000,0.000000,0.063750,0.020042,1.288416,640,8122717,137699,0,2,0,2,0,0,0,0,0,0,7004,0,4536,2468,0
50835,18.047333,17.906877,17.894056,0.000000,0.000291,0.000000,0.000000,0.069375,0.019709,0.290917,634,8094725,138779,0,2,0,2,0,0,0,0,0,0,5610,0,3654,1956,0
50836,17.278125,17.159993,17.154490,0.000000,0.000374,0.000000,0.000000,0.072625,0.035709,1.275000,630,8119538,136383,0,2,0,2,0,0,0,0,0,0,5406,0,3510,1896,0
50837,17.629417,17.518989,17.472452,0.000000,0.000417,0.000000,0.000000,0.109875,0.019250,1.234666,639,8107099,136452,0,2,0,2,0,0,0,0,0,0,7208,0,4680,2528,0
50838,16.475583,16.269753,16.265001,0.000000,0.000334,0.000000,0.000000,0.062792,0.013000,0.609334,632,8091786,138968,0,2,0,2,0,0,0,0,0,0,5406,0,3510,1896,0
50839,16.124667,15.970028,15.934614,0.000000,0.000293,0.000000,0.000000,0.065875,0.022167,1.246083,631,8107256,134521,0,2,0,2,0,0,0,0,0,0,5406,0,3510,1896,0
50840,17.159792,17.097165,17.083206,0.000000,0.000542,0.000000,0.000000,0.085208,0.016292,0.608750,641,8122486,137553,0,2,0,2,0,0,0,0,0,0,7208,0,4680,2528,0
50841,16.631625,16.496863,16.444078,0.000000,0.000335,0.000000,0.000000,0.079666,0.021750,0.848833,632,8107308,139442,0,2,0,2,0,0,0,0,0,0,5406,0,3510,1896,0
50842,17.051625,16.918719,16.806657,0.000000,0.000458,0.000000,0.000000,0.076500,0.021833,0.658750,631,8107195,134462,0,2,0,2,0,0,0,0,0,0,5406,0,3510,1896,0
50843,16.356666,16.207802,16.207037,0.000000,0.000542,0.000000,0.000000,0.065000,0.041292,0.747624,642,8107054,135440,0,2,0,2,0,0,0,0,0,0,7208,0,4680,2528,0
50844,16.397000,16.288176,16.271173,0.000000,0.000459,0.000000,0.000000,0.069459,0.013875,0.605416,632,8107245,139247,0,2,0,2,0,0,0,0,0,0,5406,0,3510,1896,0
50845,15.611667,15.480207,15.499411,0.000000,0.000625,0.000000,0.000000,0.069625,0.027333,1.053542,631,8103805,133415,0,2,0,2,0,0,0,0,0,0,5406,0,3510,1896,0
50846,16.820083,16.634952,16.635713,0.000000,0.000375,0.000000,0.000000,0.062042,0.020750,0.610541,639,8095064,134663,0,2,0,2,0,0,0,0,0,0,7208,0,4680,2528,0
50847,16.738084,16.649348,16.648558,0.000000,0.000416,0.000000,0.000000,0.083125,0.022833,1.300126,632,8122747,138500,0,2,0,2,0,0,0,0,0,0,5406,0,3510,1896,0
50848,16.666583,16.495841,16.487491,0.000000,0.000417,0.000000,0.000000,0.067917,0.025958,1.283750,632,8091773,133453,0,2,0,2,0,0,0,0,0,0,5406,0,3510,1896,0
50849,16.153125,16.028258,16.017746,0.000000,0.000251,0.000000,0.000000,0.064750,0.037875,0.607917,640,8107040,134574,0,2,0,2,0,0,0,0,0,0,7208,0,4680,2528,0
50850,16.120125,15.998746,15.989792,0.000000,0.000418,0.000000,0.000000,0.060625,0.014833,1.301917,631,8107263,137536,0,2,0,2,0,0,0,0,0,0,5406,0,3510,1896,0
50851,16.640208,16.599588,16.577421,0.000000,0.000375,0.000000,0.000000,0.124959,0.017375,0.634541,632,8122744,133588,0,2,0,2,0,0,0,0,0,0,5406,0,3510,1896,0
50852,16.045417,15.830507,15.812371,0.000000,0.000293,0.000000,0.000000,0.067375,0.027917,0.946541,639,8091567,134255,0,2,0,2,0,0,0,0,0,0,7208,0,4680,2528,0
50853,16.149833,16.085204,16.084664,0.000000,0.000459,0.000000,0.000000,0.087250,0.014709,0.648167,633,8138146,138001,0,2,0,2,0,0,0,0,0,0,5406,0,3510,1896,0
50854,15.747584,15.590093,15.594297,0.000000,0.000292,0.000000,0.000000,0.065750,0.040416,0.805917,630,8091844,131785,0,2,0,2,0,0,0,0,0,0,5406,0,3510,1896,0
50855,17.262041,17.058844,17.042201,0.000000,0.000499,0.000000,0.000000,0.077709,0.021333,0.650083,639,8091618,133178,0,2,0,2,0,0,0,0,0,0,7208,0,4680,2528,0
50856,16.917500,16.837952,16.856080,0.000000,0.000251,0.000000,0.000000,0.071000,0.024042,0.969208,632,8107207,137656,0,2,0,2,0,0,0,0,0,0,5406,0,3510,1896,0
50857,16.551625,16.423590,16.442952,0.000000,0.000333,0.000000,0.000000,0.058875,0.018959,0.611333,631,8122713,133066,0,2,0,2,0,0,0,0,0,0,5406,0,3510,1896,0
50858,16.384500,16.248832,16.232001,0.000000,0.000335,0.000000,0.000000,0.060375,0.031709,1.225250,640,8091589,133498,0,2,0,2,0,0,0,0,0,0,7208,0,4680,2528,0
50859,17.922000,17.798259,17.779808,0.000000,0.000500,0.000000,0.000000,0.084459,0.017791,0.985708,651,8107047,137541,0,2,0,2,0,0,0,0,0,0,7447,0,3510,3937,0
50860,17.865334,17.728470,17.754220,0.000000,0.000543,0.000000,0.000000,0.085708,0.021667,0.609125,632,8122567,134086,0,2,0,2,0,0,0,0,0,0,5406,0,3510,1896,0
50861,17.056083,16.881078,16.894080,0.000000,0.000375,0.000000,0.000000,0.089083,0.014292,0.925875,640,8091628,134186,0,2,0,2,0,0,0,0,0,0,7208,0,4680,2528,0
50862,18.037792,17.956386,17.964827,0.000000,0.000458,0.000000,0.000000,0.093541,0.016459,1.234583,633,8127976,137977,0,2,0,2,0,0,0,0,0,0,5406,0,3510,1896,0
50863,17.273166,17.109389,17.081835,0.000000,0.000627,0.000000,0.000000,0.088417,0.016292,0.606042,630,8086504,131984,0,2,0,2,0,0,0,0,0,0,5406,0,3510,1896,0
50864,17.442625,17.273162,17.279626,0.000000,0.000416,0.000000,0.000000,0.067875,0.014917,0.949416,640,8107116,134619,0,2,0,2,0,0,0,0,0,0,7208,0,4680,2528,0
50865,17.340000,17.206470,17.207015,0.000000,0.000416,0.000000,0.000000,0.075834,0.014458,1.262625,633,8107234,136648,0,2,0,2,0,0,0,0,0,0,5406,0,3510,1896,0
50866,15.917959,15.805667,15.796156,0.000000,0.000375,0.000000,0.000000,0.081750,0.016125,0.622417,630,8107222,133173,0,2,0,2,0,0,0,0,0,0,5406,0,3510,1896,0
50867,16.481250,16.286526,16.287359,0.000000,0.000292,0.000000,0.000000,0.074291,0.030334,1.285208,639,8107061,133971,0,2,0,2,0,0,0,0,0,0,7208,0,4680,2528,0
50868,17.184916,17.139635,16.989416,0.000000,0.000832,0.000000,0.000000,0.082125,0.028584,0.610292,635,8122739,138501,0,2,0,2,0,0,0,0,0,0,5406,0,3510,1896,0
50869,16.091084,15.997366,15.985342,0.000000,0.000458,0.000000,0.000000,0.113791,0.043500,0.907041,631,8122685,133177,0,2,0,2,0,0,0,0,0,0,5406,0,3510,1896,0
50870,18.259458,18.085289,17.685942,0.000000,0.000710,0.000000,0.000000,0.084375,0.029333,0.291042,643,8110109,135429,0,2,0,2,0,0,0,0,0,0,7665,0,4680,2985,0
50871,20.889833,20.744343,20.711003,0.000000,0.000375,0.000000,0.000000,0.080667,0.025042,0.901958,632,8088526,194606,0,2,0,2,0,0,0,0,0,0,5406,0,3510,1896,0
50872,17.949000,17.753489,17.768782,0.000000,0.000375,0.000000,0.000000,0.073584,0.015083,1.224959,631,8091819,146607,0,2,0,2,0,0,0,0,0,0,5406,0,3510,1896,0
50873,17.013292,16.893453,16.888685,0.000000,0.000250,0.000000,0.000000,0.075042,0.032708,1.255791,643,8137890,146065,0,2,0,2,0,0,0,0,0,0,7208,0,4680,2528,0
50874,18.506750,18.406209,18.420831,0.000000,0.000417,0.000000,0.000000,0.074917,0.044916,0.608625,630,8091817,146948,0,2,0,2,0,0,0,0,0,0,5406,0,3510,1896,0
50875,17.429875,17.277171,17.267003,0.000000,0.000208,0.000000,0.000000,0.076625,0.014250,0.777209,631,8091859,146072,0,2,0,2,0,0,0,0,0,0,5406,0,3510,1896,0
50876,17.481875,17.318633,17.311890,0.000000,0.000500,0.000000,0.000000,0.078875,0.037708,1.269750,643,8137852,146386,0,2,0,2,0,0,0,0,0,0,7208,0,4680,2528,0
50877,17.519917,17.427374,17.401638,0.000000,0.000249,0.000000,0.000000,0.070583,0.023042,0.609709,632,8091811,147317,0,2,0,2,0,0,0,0,0,0,5406,0,3510,1896,0
50878,16.786666,16.646662,16.632118,0.000000,0.000458,0.000000,0.000000,0.061292,0.013958,0.917334,656,8107318,146100,0,2,0,2,0,0,0,0,0,0,5406,0,3510,1896,0
50879,17.138125,16.969084,16.906768,0.000000,0.000251,0.000000,0.000000,0.062792,0.014792,0.629167,640,8109369,145569,0,2,0,2,0,0,0,0,0,0,7208,0,4680,2528,0
50880,16.936500,16.862699,16.858099,0.000000,0.000458,0.000000,0.000000,0.069709,0.038000,1.041667,632,8104874,147373,0,2,0,2,0,0,0,0,0,0,5406,0,3510,1896,0
50881,18.082334,17.938121,17.932670,0.000000,0.000375,0.000000,0.000000,0.084708,0.014667,1.313250,632,8107275,146199,0,2,0,2,0,0,0,0,0,0,5406,0,3510,1896,0
50882,18.100166,17.973457,17.957332,0.000000,0.000584,0.000000,0.000000,0.104042,0.020500,0.609250,641,8107110,145341,0,2,0,2,0,0,0,0,0,0,7208,0,4680,2528,0
50883,18.325375,18.143946,18.116412,0.000000,0.000375,0.000000,0.000000,0.069375,0.042584,0.952375,632,8091730,145463,0,2,0,2,0,0,0,0,0,0,5406,0,3510,1896,0
50884,16.764292,16.661532,16.649016,0.000000,0.000377,0.000000,0.000000,0.066000,0.013750,1.275792,633,8122726,146591,0,2,0,2,0,0,0,0,0,0,5406,0,3510,1896,0
50885,18.166292,18.013034,18.008459,0.000000,0.000458,0.000000,0.000000,0.060583,0.016750,1.032084,639,8107082,145877,0,2,0,2,0,0,0,0,0,0,7208,0,4680,2528,0
50886,17.332916,17.188781,17.175675,0.000000,0.000459,0.000000,0.000000,0.068500,0.017792,0.615375,633,8091759,145214,0,2,0,2,0,0,0,0,0,0,5406,0,3510,1896,0
50887,18.730292,18.624662,18.622615,0.000000,0.000582,0.000000,0.000000,0.087750,0.025458,0.968291,639,8122708,145567,0,2,0,2,0,0,0,0,0,0,7124,0,4596,2528,0
50888,19.087917,18.881177,18.891240,0.000000,0.000458,0.000000,0.000000,0.074833,0.016625,1.266250,630,8093155,146662,0,2,0,2,0,0,0,0,0,0,5490,0,3594,1896,0
50889,19.064000,18.992671,19.002801,0.000000,0.000542,0.000000,0.000000,0.120708,0.025708,0.612084,632,8121191,145655,0,2,0,2,0,0,0,0,0,0,5406,0,3510,1896,0
50890,18.241333,18.064957,18.069967,0.000000,0.000459,0.000000,0.000000,0.079000,0.021958,0.932291,639,8122445,144653,0,2,0,2,0,0,0,0,0,0,7208,0,4680,2528,0
50891,18.256417,18.108390,18.128651,0.000000,0.000541,0.000000,0.000000,0.081500,0.016083,1.334416,630,8076367,146111,0,2,0,2,0,0,0,0,0,0,5406,0,3510,1896,0
50892,19.348916,19.219436,19.238996,0.000000,0.000500,0.000000,0.000000,0.078042,0.023792,0.960250,633,8122695,154587,0,2,0,2,0,0,0,0,0,0,5406,0,3510,1896,0
50893,19.102834,18.906172,18.923523,0.000000,0.000376,0.000000,0.000000,0.071000,0.033291,0.674708,643,8122621,153355,0,2,0,2,0,0,0,0,0,0,7208,0,4680,2528,0
50894,18.004541,17.934795,17.931131,0.000000,0.000292,0.000000,0.000000,0.077209,0.047500,0.952666,630,8091695,154633,0,2,0,2,0,0,0,0,0,0,5406,0,3510,1896,0
50895,19.357959,19.236320,19.109690,0.000000,0.000375,0.000000,0.000000,0.106708,0.017042,0.964875,633,8107210,154063,0,2,0,2,0,0,0,0,0,0,5406,0,3510,1896,0
50896,18.977708,18.773746,18.779786,0.000000,0.000291,0.000000,0.000000,0.083458,0.033542,0.974375,643,8122571,153676,0,2,0,2,0,0,0,0,0,0,7208,0,4680,2528,0
50897,19.466583,19.368676,19.363300,0.000000,0.000376,0.000000,0.000000,0.076584,0.022708,1.001000,631,8091746,155258,0,2,0,2,0,0,0,0,0,0,5406,0,3510,1896,0
50898,18.523584,18.390710,18.400969,0.000000,0.000376,0.000000,0.000000,0.080333,0.015375,0.630375,633,8102125,153864,0,2,0,2,0,0,0,0,0,0,5406,0,3510,1896,0
50899,19.231083,19.085068,19.008721,0.000000,0.000458,0.000000,0.000000,0.122708,0.025584,1.266251,644,8142991,154215,0,2,0,2,0,0,0,0,0,0,7208,0,4680,2528,0
50900,19.067250,18.888959,18.894286,0.000000,0.000416,0.000000,0.000000,0.081875,0.014917,0.976750,629,8060922,154729,0,2,0,2,0,0,0,0,0,0,5406,0,3510,1896,0
50901,19.791250,19.638789,19.641590,0.000000,0.000250,0.000000,0.000000,0.064958,0.029417,1.133000,634,8107261,154704,0,2,0,2,0,0,0,0,0,0,5406,0,3510,1896,0
50902,18.393125,18.269086,18.246017,0.000000,0.000292,0.000000,0.000000,0.084583,0.035542,0.633834,643,8137882,153291,0,2,0,2,0,0,0,0,0,0,7208,0,4680,2528,0
50903,18.255958,18.160011,18.094054,0.000000,0.000666,0.000000,0.000000,0.077250,0.033250,0.814916,629,8076366,155008,0,2,0,2,0,0,0,0,0,0,5406,0,3510,1896,0
50904,19.051084,18.938241,18.939442,0.000000,0.000375,0.000000,0.000000,0.080250,0.028166,1.122709,632,8122723,155024,0,2,0,2,0,0,0,0,0,0,5406,0,3510,1896,0
50905,19.097458,18.908745,18.927285,0.000000,0.000290,0.000000,0.000000,0.073708,0.020292,0.777209,643,8122450,153373,0,2,0,2,0,0,0,0,0,0,7208,0,4680,2528,0
50906,18.521542,18.374246,18.368602,0.000000,0.000459,0.000000,0.000000,0.060458,0.026792,0.641584,631,8076374,154596,0,2,0,2,0,0,0,0,0,0,5406,0,3510,1896,0
50907,19.391291,19.284244,19.270073,0.000000,0.000416,0.000000,0.000000,0.079125,0.015834,0.678125,632,8107275,154255,0,2,0,2,0,0,0,0,0,0,5406,0,3510,1896,0
50908,18.420125,18.330757,18.343243,0.000000,0.000418,0.000000,0.000000,0.083084,0.035958,0.918417,645,8153338,154744,0,2,0,2,0,0,0,0,0,0,7208,0,4680,2528,0
50909,17.805667,17.595239,17.592348,0.000000,0.000333,0.000000,0.000000,0.066125,0.014000,1.130292,630,8060918,154531,0,2,0,2,0,0,0,0,0,0,5406,0,3510,1896,0
50910,18.457167,18.390674,18.378117,0.000000,0.000333,0.000000,0.000000,0.081000,0.031041,0.638417,633,8122676,154140,0,2,0,2,0,0,0,0,0,0,5406,0,3510,1896,0
50911,17.717000,17.577989,17.585991,0.000000,0.000417,0.000000,0.000000,0.063166,0.027250,0.971084,645,8137931,153784,0,2,0,2,0,0,0,0,0,0,7208,0,4680,2528,0
50912,19.405333,19.283822,19.280011,0.000000,0.000292,0.000000,0.000000,0.075000,0.041500,1.022375,628,8076351,154878,0,2,0,2,0,0,0,0,0,0,5406,0,3510,1896,0
50913,18.361917,18.247504,18.173749,0.000000,0.000625,0.000000,0.000000,0.103333,0.015625,1.114750,631,8107294,154306,0,2,0,2,0,0,0,0,0,0,5406,0,3510,1896,0
50914,18.171500,17.968914,17.975753,0.000000,0.000418,0.000000,0.000000,0.073875,0.022458,0.607167,642,8122528,152950,0,2,0,2,0,0,0,0,0,0,7208,0,4680,2528,0
50915,19.315791,19.203626,19.196435,0.000000,0.000375,0.000000,0.000000,0.073000,0.040209,0.938458,632,8076292,154727,0,2,0,2,0,0,0,0,0,0,5406,0,3510,1896,0
50916,18.503917,18.355627,18.351866,0.000000,0.000458,0.000000,0.000000,0.075875,0.028625,1.317625,631,8107212,154489,0,2,0,2,0,0,0,0,0,0,5406,0,3510,1896,0
50917,18.187208,18.048790,18.022761,0.000000,0.000333,0.000000,0.000000,0.078709,0.035583,0.933583,644,8137939,153642,0,2,0,2,0,0,0,0,0,0,7208,0,4680,2528,0
50918,18.496834,18.414876,18.391367,0.000000,0.000460,0.000000,0.000000,0.067791,0.026542,0.657791,631,8091789,154290,0,2,0,2,0,0,0,0,0,0,5406,0,3510,1896,0
50919,17.887083,17.706153,17.725005,0.000000,0.000251,0.000000,0.000000,0.106958,0.023625,1.222625,631,8091822,153549,0,2,0,2,0,0,0,0,0,0,5406,0,3510,1896,0
50920,18.728833,18.573405,18.549171,0.000000,0.000333,0.000000,0.000000,0.084667,0.021000,0.974084,644,8137868,153759,0,2,0,2,0,0,0,0,0,0,7208,0,4680,2528,0
50921,18.122417,18.036196,18.046151,0.000000,0.000460,0.000000,0.000000,0.076333,0.038334,0.608042,630,8091839,155105,0,2,0,2,0,0,0,0,0,0,5406,0,3510,1896,0
50922,17.635583,17.534101,17.514221,0.000000,0.000291,0.000000,0.000000,0.072084,0.046125,0.781875,631,8112533,153940,0,2,0,2,0,0,0,0,0,0,5406,0,3510,1896,0
50923,18.746125,18.628523,18.397135,0.000000,0.000375,0.000000,0.000000,0.083042,0.035375,1.281666,643,8132644,153389,0,2,0,2,0,0,0,0,0,0,7208,0,4680,2528,0
50924,18.912292,18.737336,18.705738,0.000000,0.000209,0.000000,0.000000,0.072458,0.021792,1.108250,628,8060881,154293,0,2,0,2,0,0,0,0,0,0,5406,0,3510,1896,0
50925,18.502625,18.355593,18.366086,0.000000,0.000417,0.000000,0.000000,0.074500,0.014125,0.665542,633,8107277,153955,0,2,0,2,0,0,0,0,0,0,5406,0,3510,1896,0
50926,19.413750,19.278683,19.274812,0.000000,0.000333,0.000000,0.000000,0.092208,0.030750,0.925958,643,8137874,153219,0,2,0,2,0,0,0,0,0,0,7208,0,4680,2528,0
50927,18.869583,18.756267,18.716627,0.000000,0.000375,0.000000,0.000000,0.076209,0.019375,0.608250,630,8076427,154468,0,2,0,2,0,0,0,0,0,0,5406,0,3510,1896,0
50928,19.192209,19.038285,19.026542,0.000000,0.000417,0.000000,0.000000,0.075833,0.027917,1.300167,632,8107204,154182,0,2,0,2,0,0,0,0,0,0,5406,0,3510,1896,0
50929,19.776500,19.641040,19.608862,0.000000,0.000458,0.000000,0.000000,0.104541,0.016542,0.955625,643,8138161,153385,0,2,0,2,0,0,0,0,0,0,7208,0,4680,2528,0
50930,19.228875,19.140040,18.842232,0.000000,0.000500,0.000000,0.000000,0.080916,0.029959,0.607334,632,8122581,159088,0,2,0,2,0,0,0,0,0,0,5406,0,3510,1896,0
50931,18.887333,18.689110,18.609362,0.000000,0.000333,0.000000,0.000000,0.074000,0.015292,0.913333,632,8076305,157466,0,2,0,2,0,0,0,0,0,0,5406,0,3510,1896,0
50932,18.695917,18.621113,18.623507,0.000000,0.000458,0.000000,0.000000,0.076625,0.016916,1.271125,641,8137811,155462,0,2,0,2,0,0,0,0,0,0,7208,0,4680,2528,0
50933,19.435000,19.225715,19.209021,0.000000,0.000417,0.000000,0.000000,0.077583,0.018625,0.960125,629,8076400,155488,0,2,0,2,0,0,0,0,0,0,5406,0,3510,1896,0
50934,17.602958,17.549856,17.566320,0.000000,0.000334,0.000000,0.000000,0.073417,0.047250,0.606792,634,8122708,155491,0,2,0,2,0,0,0,0,0,0,5406,0,3510,1896,0
50935,18.039375,17.904332,17.887518,0.000000,0.000417,0.000000,0.000000,0.076500,0.015458,0.900500,639,8091648,154861,0,2,0,2,0,0,0,0,0,0,7208,0,4680,2528,0
50936,18.194375,18.031595,18.021909,0.000000,0.000293,0.000000,0.000000,0.085250,0.025083,1.301625,632,8091734,154814,0,2,0,2,0,0,0,0,0,0,5406,0,3510,1896,0
50937,18.913208,18.761662,18.782877,0.000000,0.000333,0.000000,0.000000,0.068000,0.031917,0.942125,632,8107264,154997,0,2,0,2,0,0,0,0,0,0,5406,0,3510,1896,0
50938,18.470375,18.318366,18.317533,0.000000,0.000541,0.000000,0.000000,0.078000,0.016334,0.626542,640,8107043,154311,0,2,0,2,0,0,0,0,0,0,7208,0,4680,2528,0
50939,18.158292,18.082202,18.084010,0.000000,0.000376,0.000000,0.000000,0.071625,0.036833,0.925917,634,8122720,155296,0,2,0,2,0,0,0,0,0,0,5406,0,3510,1896,0
50940,17.946042,17.783919,17.800653,0.000000,0.000291,0.000000,0.000000,0.058791,0.028917,1.307542,639,8107215,154670,0,2,0,2,0,0,0,0,0,0,7130,0,4602,2528,0
50941,17.657708,17.525929,17.516637,0.000000,0.000417,0.000000,0.000000,0.061708,0.042167,0.607250,633,8091623,155642,0,2,0,2,0,0,0,0,0,0,5484,0,3588,1896,0
50942,17.916042,17.784660,17.777724,0.000000,0.002417,0.000000,0.000000,0.069458,0.027833,1.269208,632,8107432,154399,0,2,0,2,0,0,0,0,0,0,5406,0,3510,1896,0
50943,18.397166,18.282628,18.274385,0.000000,0.000292,0.000000,0.000000,0.066042,0.026083,1.218667,644,8137899,154719,0,2,0,2,0,0,0,0,0,0,7208,0,4680,2528,0
50944,18.471250,18.339292,18.318617,0.000000,0.000292,0.000000,0.000000,0.066667,0.037417,0.630666,630,8080780,155206,0,2,0,2,0,0,0,0,0,0,5406,0,3510,1896,0
50945,19.310375,19.159033,19.161441,0.000000,0.000249,0.000000,0.000000,0.113959,0.023208,1.114583,632,8102675,154863,0,2,0,2,0,0,0,0,0,0,5406,0,3510,1896,0
50946,17.908584,17.806418,17.799870,0.000000,0.000335,0.000000,0.000000,0.092875,0.029666,1.259376,644,8122384,157898,0,2,0,2,0,0,0,0,0,0,7337,0,4680,2657,0
50947,18.400333,18.285891,18.242744,0.000000,0.000334,0.000000,0.000000,0.084167,0.037958,1.030334,632,8107306,151654,0,2,0,2,0,0,0,0,0,0,5406,0,3510,1896,0
50948,17.764500,17.463581,17.479298,0.000000,0.000416,0.000000,0.000000,0.090542,0.023916,0.621917,631,8076288,152531,0,2,0,2,0,0,0,0,0,0,5534,0,3510,2024,0
50949,21.742375,21.727626,21.635803,0.000000,0.000583,0.000000,0.000000,0.075833,0.014834,0.597791,648,8199620,159639,0,2,0,2,0,0,0,0,0,0,7326,0,4680,2646,0
50950,20.081875,19.928954,19.899666,0.000000,0.000584,0.000000,0.000000,0.078208,0.025917,0.934250,630,8060964,152794,0,2,0,2,0,0,0,0,0,0,5406,0,3510,1896,0
50951,18.650208,18.532072,18.524514,0.000000,0.000333,0.000000,0.000000,0.078667,0.018250,1.012916,633,8122782,150829,0,2,0,2,0,0,0,0,0,0,5406,0,3510,1896,0
50952,18.215000,18.102387,18.098608,0.000000,0.000542,0.000000,0.000000,0.086250,0.037542,1.328000,644,8137775,151040,0,2,0,2,0,0,0,0,0,0,7208,0,4680,2528,0
50953,18.607584,18.449446,18.319266,0.000000,0.000374,0.000000,0.000000,0.062875,0.035875,0.645708,629,8076404,150377,0,2,0,2,0,0,0,0,0,0,5406,0,3510,1896,0
50954,18.740000,18.605016,18.622355,0.000000,0.003374,0.000000,0.000000,0.086791,0.016000,0.586583,631,8107281,151017,0,2,0,2,0,0,0,0,0,0,5406,0,3510,1896,0
50955,18.986458,18.852014,18.856245,0.000000,0.000417,0.000000,0.000000,0.086208,0.036375,0.580042,641,8122622,153451,0,2,0,2,0,0,0,0,0,0,7208,0,4680,2528,0
50956,19.115792,18.926453,18.885204,0.000000,0.000335,0.000000,0.000000,0.058666,0.013417,0.900833,629,8076178,150247,0,2,0,2,0,0,0,0,0,0,5406,0,3510,1896,0
50957,17.805666,17.671661,17.680705,0.000000,0.000374,0.000000,0.000000,0.055667,0.013000,0.606917,631,8107272,147021,0,2,0,2,0,0,0,0,0,0,5406,0,3510,1896,0
50958,16.935792,16.794789,16.803998,0.000000,0.000416,0.000000,0.000000,0.056208,0.011334,1.120542,643,8107023,147237,0,2,0,2,0,0,0,0,0,0,7208,0,4680,2528,0
50959,17.994667,17.842638,17.837924,0.000000,0.000374,0.000000,0.000000,0.065416,0.012667,1.281167,632,8107233,149373,0,2,0,2,0,0,0,0,0,0,5406,0,3510,1896,0
50960,18.192583,18.068061,18.087052,0.000000,0.000375,0.000000,0.000000,0.055333,0.012125,0.607875,631,8107229,150162,0,2,0,2,0,0,0,0,0,0,5406,0,3510,1896,0
50961,17.022708,16.879164,16.901644,0.000000,0.000292,0.000000,0.000000,0.054959,0.027083,0.998792,646,8137907,150396,0,2,0,2,0,0,0,0,0,0,7523,0,4680,2843,0
50962,18.898500,18.755789,18.780823,0.000000,0.000334,0.000000,0.000000,0.061417,0.019292,1.270000,632,8091847,160689,0,2,0,2,0,0,0,0,0,0,5577,0,3510,2067,0
50963,18.601000,18.463253,18.482209,0.000000,0.000541,0.000000,0.000000,0.085875,0.015875,1.218166,631,8091567,151772,0,2,0,2,0,0,0,0,0,0,5406,0,3510,1896,0
50964,17.079250,16.971849,16.990463,0.000000,0.000333,0.000000,0.000000,0.068334,0.011541,0.605834,640,8107027,149730,0,2,0,2,0,0,0,0,0,0,7208,0,4680,2528,0
50965,16.695000,16.585742,16.591499,0.000000,0.000374,0.000000,0.000000,0.062167,0.036417,1.218167,634,8122774,152739,0,2,0,2,0,0,0,0,0,0,5551,0,3510,2041,0
50966,17.033875,16.911960,16.930829,0.000000,0.000418,0.000000,0.000000,0.060125,0.037000,0.614208,657,8122123,153913,0,2,0,2,0,0,0,0,0,0,7669,0,3510,4159,0
50967,16.845417,16.688899,16.705188,0.000000,0.000376,0.000000,0.000000,0.073000,0.020875,0.900833,636,8060587,157748,0,2,0,2,0,0,0,0,0,0,7523,0,4680,2843,0
50968,17.517667,17.378606,17.369845,0.000000,0.000335,0.000000,0.000000,0.068291,0.012250,1.233833,636,8122614,158998,0,2,0,2,0,0,0,0,0,0,5577,0,3510,2067,0
50969,16.902250,16.808114,16.819090,0.000000,0.000374,0.000000,0.000000,0.071833,0.029250,0.607833,634,8107442,155018,0,2,0,2,0,0,0,0,0,0,5406,0,3510,1896,0
50970,15.966791,15.847248,15.865627,0.000000,0.000208,0.000000,0.000000,0.068250,0.013584,0.822708,643,8106937,151791,0,2,0,2,0,0,0,0,0,0,7411,0,4680,2731,0
50971,18.341750,18.236009,18.194198,0.000000,0.000583,0.000000,0.000000,0.081500,0.023834,0.292875,631,8102634,157509,0,2,0,2,0,0,0,0,0,0,5406,0,3510,1896,0
50972,17.304542,17.145739,17.157176,0.000000,0.000457,0.000000,0.000000,0.063375,0.036083,1.214625,632,8080895,156136,0,2,0,2,0,0,0,0,0,0,5654,0,3510,2144,0
50973,17.062750,16.941150,16.962173,0.000000,0.000167,0.000000,0.000000,0.063542,0.034416,1.223708,642,8122297,154258,0,2,0,2,0,0,0,0,0,0,7208,0,4680,2528,0
50974,17.435292,17.333436,17.310916,0.000000,0.000457,0.000000,0.000000,0.078583,0.017333,0.627083,630,8122768,151320,0,2,0,2,0,0,0,0,0,0,5406,0,3510,1896,0
50975,17.062500,16.930354,16.926133,0.000000,0.000250,0.000000,0.000000,0.084791,0.014250,1.217625,631,8091722,147707,0,2,0,2,0,0,0,0,0,0,5406,0,3510,1896,0
50976,16.547500,16.377246,16.395460,0.000000,0.000210,0.000000,0.000000,0.068791,0.012375,0.609000,639,8107131,148448,0,2,0,2,0,0,0,0,0,0,7208,0,4680,2528,0
50977,17.436500,17.304851,17.315482,0.000000,0.000334,0.000000,0.000000,0.062875,0.028625,0.897916,632,8091739,148400,0,2,0,2,0,0,0,0,0,0,5406,0,3510,1896,0
50978,18.384250,18.266916,18.219210,0.000000,0.000583,0.000000,0.000000,0.081583,0.046542,0.937542,635,8122669,149245,0,2,0,2,0,0,0,0,0,0,5406,0,3510,1896,0
50979,16.458583,16.304833,16.309520,0.000000,0.000291,0.000000,0.000000,0.072875,0.014792,0.406542,640,8106990,147966,0,2,0,2,0,0,0,0,0,0,7208,0,4680,2528,0
50980,17.471583,17.359235,17.312955,0.000000,0.000334,0.000000,0.000000,0.077334,0.016500,0.913042,633,8107270,151041,0,2,0,2,0,0,0,0,0,0,5406,0,3510,1896,0
50981,17.171000,17.029511,17.024243,0.000000,0.000166,0.000000,0.000000,0.074584,0.013333,0.610542,632,8107279,148856,0,2,0,2,0,0,0,0,0,0,5406,0,3510,1896,0
50982,17.491625,17.361057,17.356786,0.000000,0.000291,0.000000,0.000000,0.071459,0.027791,1.791833,641,8106978,147304,0,2,0,2,0,0,0,0,0,0,7208,0,4680,2528,0
50983,17.606209,17.467836,17.486307,0.000000,0.000500,0.000000,0.000000,0.077041,0.014167,1.094292,634,8107267,150468,0,2,0,2,0,0,0,0,0,0,5505,0,3510,1995,0
50984,17.081625,16.969673,16.968743,0.000000,0.000375,0.000000,0.000000,0.059083,0.035708,0.608792,659,8138117,154468,0,2,0,2,0,0,0,0,0,0,5506,0,3510,1996,0
50985,16.608625,16.468259,16.481283,0.000000,0.000417,0.000000,0.000000,0.057166,0.011959,0.738999,640,8091593,151001,0,2,0,2,0,0,0,0,0,0,7208,0,4680,2528,0
50986,17.340416,17.182649,17.195694,0.000000,0.000459,0.000000,0.000000,0.096542,0.026042,0.638416,631,8091823,148320,0,2,0,2,0,0,0,0,0,0,5406,0,3510,1896,0
50987,18.220542,18.128413,18.129662,0.000000,0.000376,0.000000,0.000000,0.089708,0.023834,0.609583,633,8122705,147616,0,2,0,2,0,0,0,0,0,0,5406,0,3510,1896,0
50988,17.995083,17.866449,17.880985,0.000000,0.000374,0.000000,0.000000,0.074834,0.043208,1.220916,640,8106986,148807,0,2,0,2,0,0,0,0,0,0,7208,0,4680,2528,0
50989,17.072875,16.967242,16.961276,0.000000,0.000333,0.000000,0.000000,0.084375,0.029709,1.222375,633,8122712,150075,0,2,0,2,0,0,0,0,0,0,5406,0,3510,1896,0
50990,18.035625,17.874432,17.850051,0.000000,0.000333,0.000000,0.000000,0.069709,0.015416,0.608666,630,8061089,154073,0,2,0,2,0,0,0,0,0,0,5506,0,3510,1996,0
50991,18.586875,18.428489,18.433128,0.000000,0.000375,0.000000,0.000000,0.076167,0.037167,0.933334,640,8106840,153241,0,2,0,2,0,0,0,0,0,0,7208,0,4680,2528,0
50992,17.865875,17.714357,17.726322,0.000000,0.000291,0.000000,0.000000,0.064667,0.026583,1.269209,637,8153515,154347,0,2,0,2,0,0,0,0,0,0,5549,0,3510,2039,0
50993,20.801292,20.708170,20.420953,0.000000,0.000416,0.000000,0.000000,0.079875,0.050583,0.687500,637,8076461,153383,0,2,0,2,0,0,0,0,0,0,7184,0,4656,2528,0
50994,18.597917,18.431960,18.451914,0.000000,0.000333,0.000000,0.000000,0.075125,0.031500,0.289417,634,8106929,149577,0,2,0,2,0,0,0,0,0,0,5430,0,3534,1896,0
50995,18.546791,18.421841,18.420133,0.000000,0.000333,0.000000,0.000000,0.077042,0.014042,0.913834,629,8107245,148925,0,2,0,2,0,0,0,0,0,0,5406,0,3510,1896,0
50996,18.684417,18.560220,18.538592,0.000000,0.000333,0.000000,0.000000,0.074542,0.043750,1.255625,640,8107059,146453,0,2,0,2,0,0,0,0,0,0,7208,0,4680,2528,0
50997,17.571292,17.383491,17.381950,0.000000,0.000333,0.000000,0.000000,0.061166,0.013500,0.607375,631,8107300,148281,0,2,0,2,0,0,0,0,0,0,5406,0,3510,1896,0
50998,17.368166,17.320780,17.308021,0.000000,0.000500,0.000000,0.000000,0.082084,0.049333,1.287334,634,8144982,148876,0,2,0,2,0,0,0,0,0,0,5406,0,3510,1896,0
50999,18.386250,18.194029,18.176645,0.000000,0.000375,0.000000,0.000000,0.071500,0.024917,1.319458,638,8069276,149536,0,2,0,2,0,0,0,0,0,0,7208,0,4680,2528,0
51000,18.784125,18.632539,18.582082,0.000000,0.000416,0.000000,0.000000,0.109792,0.018167,0.902626,634,8122826,150149,0,2,0,2,0,0,0,0,0,0,5406,0,3510,1896,0
51001,17.939834,17.874460,17.824205,0.000000,0.000375,0.000000,0.000000,0.089125,0.032166,0.665417,638,8106902,146975,0,2,0,2,0,0,0,0,0,0,6007,0,3510,2497,0
51002,20.051833,19.843046,19.810776,0.000000,0.003292,0.000000,0.000000,0.088583,0.029209,0.910166,643,8075917,167848,0,2,0,2,0,0,0,0,0,0,7466,0,4680,2786,0
51003,19.026042,18.908780,18.912330,0.000000,0.000418,0.000000,0.000000,0.092250,0.013458,1.245208,635,8122759,154520,0,2,0,2,0,0,0,0,0,0,5406,0,3510,1896,0
51004,16.741750,16.653012,16.660152,0.000000,0.000374,0.000000,0.000000,0.077708,0.021500,1.246499,641,8184441,151436,0,2,0,2,0,0,0,0,0,0,5683,0,3510,2173,0
51005,18.432000,18.275546,18.262366,0.000000,0.000543,0.000000,0.000000,0.078208,0.016208,0.301459,634,8029733,149714,0,2,0,2,0,0,0,0,0,0,7208,0,4680,2528,0
51006,17.570708,17.482333,17.495822,0.000000,0.000376,0.000000,0.000000,0.108333,0.016292,0.931208,633,8122659,147586,0,2,0,2,0,0,0,0,0,0,5406,0,3510,1896,0
51007,18.238208,18.071039,17.925874,0.000000,0.000500,0.000000,0.000000,0.083959,0.015833,0.866376,632,8091798,146493,0,2,0,2,0,0,0,0,0,0,5406,0,3510,1896,0
51008,17.989625,17.853950,17.865907,0.000000,0.000417,0.000000,0.000000,0.075542,0.024125,0.515792,638,8107114,146437,0,2,0,2,0,0,0,0,0,0,7208,0,4680,2528,0
51009,19.204250,19.086102,18.997737,0.000000,0.000458,0.000000,0.000000,0.085584,0.015416,0.585584,631,8107224,148306,0,2,0,2,0,0,0,0,0,0,5406,0,3510,1896,0
51010,17.200625,17.019851,17.002844,0.000000,0.000459,0.000000,0.000000,0.079917,0.013708,0.955916,634,8107166,147217,0,2,0,2,0,0,0,0,0,0,5503,0,3510,1993,0
51011,17.709334,17.487586,17.487547,0.000000,0.000375,0.000000,0.000000,0.074958,0.019500,0.606875,640,8076098,151143,0,2,0,2,0,0,0,0,0,0,7309,0,4680,2629,0
51012,18.843791,18.867120,18.861457,0.000000,0.000459,0.000000,0.000000,0.111084,0.037416,0.991334,635,8153627,155317,0,2,0,2,0,0,0,0,0,0,5406,0,3510,1896,0
51013,18.826834,18.647714,18.572402,0.000000,0.000250,0.000000,0.000000,0.084750,0.016625,0.950500,632,8091774,148530,0,2,0,2,0,0,0,0,0,0,5406,0,3510,1896,0
51014,17.693000,17.531340,17.459706,0.000000,0.000292,0.000000,0.000000,0.095416,0.027125,0.941625,639,8091563,145406,0,2,0,2,0,0,0,0,0,0,7208,0,4680,2528,0
51015,17.961291,17.897138,17.898306,0.000000,0.000292,0.000000,0.000000,0.078084,0.018583,0.610125,633,8122715,149002,0,2,0,2,0,0,0,0,0,0,5406,0,3510,1896,0
51016,17.591042,17.461096,17.476106,0.000000,0.000417,0.000000,0.000000,0.063833,0.043792,0.900625,634,8138180,149265,0,2,0,2,0,0,0,0,0,0,5406,0,3510,1896,0
51017,16.712458,16.534454,16.529168,0.000000,0.000541,0.000000,0.000000,0.059625,0.034875,0.631250,640,8076030,149760,0,2,0,2,0,0,0,0,0,0,7309,0,4680,2629,0
51018,18.448209,18.301541,18.301578,0.000000,0.000334,0.000000,0.000000,0.066291,0.020250,0.907874,631,8091833,155003,0,2,0,2,0,0,0,0,0,0,5406,0,3510,1896,0
51019,17.965250,17.819996,17.832722,0.000000,0.000415,0.000000,0.000000,0.060083,0.013792,1.300042,630,8107244,149544,0,2,0,2,0,0,0,0,0,0,5406,0,3510,1896,0
51020,18.004125,17.946972,17.957148,0.000000,0.000333,0.000000,0.000000,0.090458,0.017875,0.965667,646,8153331,151611,0,2,0,2,0,0,0,0,0,0,7208,0,4680,2528,0
51021,18.499541,18.292545,18.309061,0.000000,0.000251,0.000000,0.000000,0.063959,0.027500,0.612834,628,8060930,152036,0,2,0,2,0,0,0,0,0,0,5406,0,3510,1896,0
51022,18.259292,18.199037,18.184195,0.000000,0.000416,0.000000,0.000000,0.086167,0.025458,0.926833,634,8122722,151671,0,2,0,2,0,0,0,0,0,0,5406,0,3510,1896,0
51023,17.732250,17.575361,17.596017,0.000000,0.000332,0.000000,0.000000,0.066625,0.014375,1.297709,642,8106966,150869,0,2,0,2,0,0,0,0,0,0,7305,0,4680,2625,0
51024,19.757917,19.640370,19.625223,0.000000,0.000416,0.000000,0.000000,0.080583,0.041917,1.254792,631,8107180,160086,0,2,0,2,0,0,0,0,0,0,5645,0,3510,2135,0
51025,17.923083,17.749219,17.731046,0.000000,0.000416,0.000000,0.000000,0.070708,0.015167,0.609917,633,8107300,147710,0,2,0,2,0,0,0,0,0,0,5406,0,3510,1896,0
51026,17.749125,17.612424,17.600832,0.000000,0.000334,0.000000,0.000000,0.068083,0.023417,0.584667,645,8137860,150384,0,2,0,2,0,0,0,0,0,0,7309,0,4680,2629,0
51027,19.419333,19.332372,19.351952,0.000000,0.000375,0.000000,0.000000,0.085167,0.027958,1.259082,630,8076327,154615,0,2,0,2,0,0,0,0,0,0,5406,0,3510,1896,0
51028,19.107875,18.926652,18.902472,0.000000,0.000416,0.000000,0.000000,0.065334,0.016083,0.292208,631,8091764,153726,0,2,0,2,0,0,0,0,0,0,5503,0,3510,1993,0
51029,18.824917,18.692147,18.704949,0.000000,0.000334,0.000000,0.000000,0.064083,0.013917,1.059750,646,8153292,154125,0,2,0,2,0,0,0,0,0,0,7309,0,4680,2629,0
51030,20.065750,19.951867,19.958076,0.000000,0.000291,0.000000,0.000000,0.083958,0.030459,0.928375,629,8076427,159114,0,2,0,2,0,0,0,0,0,0,5406,0,3510,1896,0
51031,18.723875,18.509747,18.518311,0.000000,0.000417,0.000000,0.000000,0.078958,0.021792,1.316792,633,8091794,151801,0,2,0,2,0,0,0,0,0,0,5406,0,3510,1896,0
51032,19.332958,19.251814,19.252583,0.000000,0.003416,0.000000,0.000000,0.069917,0.024083,1.277458,645,8137856,152372,0,2,0,2,0,0,0,0,0,0,7309,0,4680,2629,0
51033,21.043459,20.907006,20.715961,0.000000,0.000458,0.000000,0.000000,0.087416,0.023209,0.943125,630,8076410,157101,0,2,0,2,0,0,0,0,0,0,5503,0,3510,1993,0
51034,18.847041,18.699042,18.647851,0.000000,0.000374,0.000000,0.000000,0.071750,0.015292,0.306666,639,8184355,156779,0,2,0,2,0,0,0,0,0,0,5507,0,3510,1997,0
51035,17.716000,17.576763,17.577345,0.000000,0.000417,0.000000,0.000000,0.061375,0.021542,0.593500,640,8076073,154053,0,2,0,2,0,0,0,0,0,0,7309,0,4680,2629,0
51036,19.231584,19.086244,19.057013,0.000000,0.000375,0.000000,0.000000,0.072791,0.030125,1.040584,629,8076394,154266,0,2,0,2,0,0,0,0,0,0,5406,0,3510,1896,0
51037,18.518708,18.364250,18.350634,0.000000,0.000375,0.000000,0.000000,0.083250,0.020083,1.276208,649,8091821,149939,0,2,0,2,0,0,0,0,0,0,5406,0,3510,1896,0
51038,19.003458,18.833040,18.850259,0.000000,0.000416,0.000000,0.000000,0.083667,0.021625,0.624250,641,8107140,150077,0,2,0,2,0,0,0,0,0,0,7305,0,4680,2625,0
51039,18.428875,18.351577,18.359334,0.000000,0.000375,0.000000,0.000000,0.066042,0.020083,1.092876,635,8168938,156364,0,2,0,2,0,0,0,0,0,0,5507,0,3510,1997,0
51040,18.533792,18.378081,18.377906,0.000000,0.000374,0.000000,0.000000,0.074333,0.015250,1.239291,632,8076235,158370,0,2,0,2,0,0,0,0,0,0,5507,0,3510,1997,0
51041,18.865042,18.693930,18.689593,0.000000,0.000293,0.000000,0.000000,0.074416,0.015709,0.977708,638,8076153,154907,0,2,0,2,0,0,0,0,0,0,7208,0,4680,2528,0
51042,18.882916,18.832957,18.782042,0.000000,0.000625,0.000000,0.000000,0.093917,0.020708,0.309959,632,8122645,151258,0,2,0,2,0,0,0,0,0,0,5406,0,3510,1896,0
51043,18.410375,18.253837,18.269427,0.000000,0.000291,0.000000,0.000000,0.078792,0.016625,0.960334,645,8126180,151091,0,2,0,2,0,0,0,0,0,0,7558,0,4536,3022,0
51044,19.237500,19.087378,19.093676,0.000000,0.000291,0.000000,0.000000,0.064334,0.014166,1.306375,640,8149623,169682,0,2,0,2,0,0,0,0,0,0,5914,0,3654,2260,0
51045,17.520667,17.376193,17.337075,0.000000,0.000333,0.000000,0.000000,0.068292,0.016333,1.271792,629,8060876,154531,0,2,0,2,0,0,0,0,0,0,5507,0,3510,1997,0
51046,18.067583,17.989569,17.995688,0.000000,0.000376,0.000000,0.000000,0.077792,0.024333,0.656000,642,8107293,152237,0,2,0,2,0,0,0,0,0,0,7208,0,4680,2528,0
51047,17.195500,17.026705,17.036363,0.000000,0.000374,0.000000,0.000000,0.060834,0.028750,0.920542,636,8137977,154014,0,2,0,2,0,0,0,0,0,0,5628,0,3510,2118,0
51048,17.849625,17.745464,17.752175,0.000000,0.000293,0.000000,0.000000,0.076542,0.037333,1.314001,630,8045365,155632,0,2,0,2,0,0,0,0,0,0,5503,0,3510,1993,0
51049,19.066000,18.872786,18.817650,0.000000,0.000374,0.000000,0.000000,0.064417,0.020708,0.305292,641,8122347,153157,0,2,0,2,0,0,0,0,0,0,7208,0,4680,2528,0
51050,18.337125,18.275436,18.203072,0.000000,0.000457,0.000000,0.000000,0.071417,0.024458,0.958250,642,8169005,157530,0,2,0,2,0,0,0,0,0,0,5746,0,3510,2236,0
51051,19.281042,18.997502,19.019770,0.000000,0.000416,0.000000,0.000000,0.072708,0.024667,1.010250,626,8014448,159552,0,2,0,2,0,0,0,0,0,0,5507,0,3510,1997,0
51052,19.424500,19.412451,19.412837,0.000000,0.000376,0.000000,0.000000,0.088542,0.017458,1.289375,644,8137896,154066,0,2,0,2,0,0,0,0,0,0,7208,0,4680,2528,0
51053,18.911167,18.692372,18.703001,0.000000,0.000333,0.000000,0.000000,0.073583,0.019542,0.647542,630,8091837,150108,0,2,0,2,0,0,0,0,0,0,5406,0,3510,1896,0
51054,18.214333,18.149793,18.144010,0.000000,0.000541,0.000000,0.000000,0.075208,0.041500,1.251667,633,8138295,151264,0,2,0,2,0,0,0,0,0,0,5406,0,3510,1896,0
51055,18.887792,18.707211,18.691865,0.000000,0.000418,0.000000,0.000000,0.081333,0.014917,0.937709,640,8107028,149611,0,2,0,2,0,0,0,0,0,0,7208,0,4680,2528,0
51056,18.020041,17.894922,17.906254,0.000000,0.000375,0.000000,0.000000,0.061125,0.037667,1.264708,631,8076196,150117,0,2,0,2,0,0,0,0,0,0,5406,0,3510,1896,0
51057,19.913584,19.880027,19.874693,0.000000,0.000458,0.000000,0.000000,0.081166,0.142584,1.249167,639,8168937,166007,0,2,0,2,0,0,0,0,0,0,5678,0,3510,2168,0
51058,19.706333,19.512147,19.475796,0.000000,0.000250,0.000000,0.000000,0.108667,0.041500,0.619042,635,8045204,154314,0,2,0,2,0,0,0,0,0,0,7208,0,4680,2528,0
51059,19.300708,19.149877,19.077895,0.000000,0.000583,0.000000,0.000000,0.084750,0.021375,0.914000,638,8163020,157149,0,2,0,2,0,0,0,0,0,0,5583,0,3510,2073,0
51060,21.279542,21.143841,21.136173,0.000000,0.000374,0.000000,0.000000,0.108083,0.032250,1.017750,631,8082381,164665,0,2,0,2,0,0,0,0,0,0,5406,0,3510,1896,0
51061,19.799792,19.643209,19.578038,0.000000,0.000499,0.000000,0.000000,0.084083,0.016500,1.294125,639,8091493,154044,0,2,0,2,0,0,0,0,0,0,7208,0,4680,2528,0
51062,20.397708,20.252871,20.278247,0.000000,0.000416,0.000000,0.000000,0.083000,0.017167,1.316376,632,8101841,169566,0,2,0,2,0,0,0,0,0,0,5406,0,3510,1896,0
51063,20.179250,20.023588,19.839414,0.000000,0.000250,0.000000,0.000000,0.075458,0.022167,0.962084,634,8112677,155779,0,2,0,2,0,0,0,0,0,0,5406,0,3510,1896,0
51064,19.033500,18.901427,18.894633,0.000000,0.000458,0.000000,0.000000,0.083417,0.023125,1.274875,642,8122485,154959,0,2,0,2,0,0,0,0,0,0,7208,0,4680,2528,0
51065,19.538125,19.333560,19.325365,0.000000,0.000499,0.000000,0.000000,0.080125,0.016375,0.637667,631,8076330,155441,0,2,0,2,0,0,0,0,0,0,5406,0,3510,1896,0
51066,19.949667,19.927198,19.843467,0.000000,0.000624,0.000000,0.000000,0.115291,0.069750,1.079583,633,8122697,156163,0,2,0,2,0,0,0,0,0,0,5406,0,3510,1896,0
51067,21.189250,21.028790,20.737680,0.000000,0.000459,0.000000,0.000000,0.098708,0.026667,0.591125,643,8137903,152181,0,2,0,2,0,0,0,0,0,0,7208,0,4680,2528,0
51068,19.573375,19.427249,19.390863,0.000000,0.000291,0.000000,0.000000,0.079666,0.039709,0.915166,629,8076409,153550,0,2,0,2,0,0,0,0,0,0,5406,0,3510,1896,0
51069,19.237666,19.065588,19.028665,0.000000,0.000416,0.000000,0.000000,0.090167,0.066708,1.008624,631,8107233,152733,0,2,0,2,0,0,0,0,0,0,5406,0,3510,1896,0
51070,19.062042,18.944631,18.919535,0.000000,0.000333,0.000000,0.000000,0.085958,0.021750,0.946249,642,8122432,149137,0,2,0,2,0,0,0,0,0,0,7208,0,4680,2528,0
51071,19.587167,19.441411,19.393496,0.000000,0.000541,0.000000,0.000000,0.081333,0.027583,1.262917,629,8091855,151284,0,2,0,2,0,0,0,0,0,0,5406,0,3510,1896,0
51072,18.578125,18.453163,18.448215,0.000000,0.000499,0.000000,0.000000,0.076750,0.039500,0.623709,635,8138106,150340,0,2,0,2,0,0,0,0,0,0,5406,0,3510,1896,0
51073,20.055208,19.884014,19.880139,0.000000,0.000251,0.000000,0.000000,0.072500,0.015083,0.907834,659,8075815,154669,0,2,0,2,0,0,0,0,0,0,9249,0,4680,4569,0
51074,17.015500,16.877178,16.873787,0.000000,0.000417,0.000000,0.000000,0.077458,0.048667,0.936833,632,8107242,150142,0,2,0,2,0,0,0,0,0,0,5524,0,3510,2014,0
51075,18.514667,18.417897,18.357462,0.000000,0.000457,0.000000,0.000000,0.086958,0.024833,0.936374,633,8107206,152599,0,2,0,2,0,0,0,0,0,0,5406,0,3510,1896,0
51076,18.614250,18.433615,18.449293,0.000000,0.000292,0.000000,0.000000,0.078208,0.030917,0.607500,640,8091557,145484,0,2,0,2,0,0,0,0,0,0,7208,0,4680,2528,0
51077,18.344041,18.247130,18.251801,0.000000,0.000418,0.000000,0.000000,0.081292,0.015792,0.927666,637,8138050,149355,0,2,0,2,0,0,0,0,0,0,5687,0,3510,2177,0
51078,18.843167,18.727993,18.714375,0.000000,0.000375,0.000000,0.000000,0.076875,0.042125,1.327458,631,8091797,155030,0,2,0,2,0,0,0,0,0,0,5406,0,3510,1896,0
51079,19.226792,19.045788,19.026335,0.000000,0.000334,0.000000,0.000000,0.087333,0.040167,1.283791,641,8107078,145796,0,2,0,2,0,0,0,0,0,0,7208,0,4680,2528,0
51080,18.713375,18.629546,18.649042,0.000000,0.000499,0.000000,0.000000,0.095583,0.031500,0.640084,631,8122678,150617,0,2,0,2,0,0,0,0,0,0,5406,0,3510,1896,0
51081,19.218583,19.058419,19.058029,0.000000,0.000418,0.000000,0.000000,0.086417,0.021125,0.959375,633,8107403,152140,0,2,0,2,0,0,0,0,0,0,5406,0,3510,1896,0
51082,18.588250,18.408695,18.391126,0.000000,0.000374,0.000000,0.000000,0.069125,0.034958,0.941208,640,8091381,143546,0,2,0,2,0,0,0,0,0,0,7208,0,4680,2528,0
51083,18.159875,18.064700,18.054621,0.000000,0.000293,0.000000,0.000000,0.081458,0.033167,1.272167,633,8107270,147187,0,2,0,2,0,0,0,0,0,0,5406,0,3510,1896,0
51084,18.329750,18.192367,18.187771,0.000000,0.000375,0.000000,0.000000,0.086750,0.015167,0.611292,630,8122684,146086,0,2,0,2,0,0,0,0,0,0,5406,0,3510,1896,0
51085,18.705167,18.548454,18.367849,0.000000,0.000709,0.000000,0.000000,0.112041,0.015167,0.947709,639,8091792,143422,0,2,0,2,0,0,0,0,0,0,7208,0,4680,2528,0
51086,18.183291,17.999202,17.997248,0.000000,0.000458,0.000000,0.000000,0.074334,0.014958,1.290250,633,8091494,146333,0,2,0,2,0,0,0,0,0,0,5721,0,3510,2211,0
51087,20.143084,20.014180,20.004910,0.000000,0.000333,0.000000,0.000000,0.092583,0.015750,0.929459,632,8107283,152285,0,2,0,2,0,0,0,0,0,0,5406,0,3510,1896,0
51088,19.041416,18.942351,18.925239,0.000000,0.000333,0.000000,0.000000,0.090292,0.020417,0.301833,643,8122430,146126,0,2,0,2,0,0,0,0,0,0,7208,0,4680,2528,0
51089,17.693459,17.558501,17.575655,0.000000,0.000375,0.000000,0.000000,0.094875,0.027583,0.898375,632,8107246,146872,0,2,0,2,0,0,0,0,0,0,5406,0,3510,1896,0
51090,18.161500,18.034045,17.994058,0.000000,0.000334,0.000000,0.000000,0.114041,0.043417,1.226541,650,8107250,145940,0,2,0,2,0,0,0,0,0,0,5406,0,3510,1896,0
51091,18.801458,18.631820,18.568227,0.000000,0.000584,0.000000,0.000000,0.090667,0.035666,1.253417,641,8107061,145487,0,2,0,2,0,0,0,0,0,0,7208,0,4680,2528,0
51092,17.541458,17.408644,17.391300,0.000000,0.000418,0.000000,0.000000,0.070542,0.025417,0.376125,630,8091844,149089,0,2,0,2,0,0,0,0,0,0,5406,0,3510,1896,0
51093,18.203250,18.071155,18.068845,0.000000,0.000374,0.000000,0.000000,0.096000,0.022000,1.274292,633,8122704,150370,0,2,0,2,0,0,0,0,0,0,5406,0,3510,1896,0
51094,18.856834,18.727053,18.684880,0.000000,0.000292,0.000000,0.000000,0.100500,0.045541,1.253333,640,8107028,146821,0,2,0,2,0,0,0,0,0,0,7208,0,4680,2528,0
51095,17.959791,17.807201,17.782376,0.000000,0.000291,0.000000,0.000000,0.086875,0.019375,0.623333,634,8107263,146822,0,2,0,2,0,0,0,0,0,0,5406,0,3510,1896,0
51096,17.521209,17.406948,17.409253,0.000000,0.000333,0.000000,0.000000,0.067375,0.020583,0.951833,632,8107549,148167,0,2,0,2,0,0,0,0,0,0,5910,0,3510,2400,0
51097,17.401208,17.284046,17.294367,0.000000,0.000457,0.000000,0.000000,0.084250,0.013958,1.255334,641,8122161,147356,0,2,0,2,0,0,0,0,0,0,6704,0,4680,2024,0
51098,18.838625,18.717340,18.705506,0.000000,0.000458,0.000000,0.000000,0.074167,0.017208,0.643875,633,8091860,146336,0,2,0,2,0,0,0,0,0,0,5406,0,3510,1896,0
51099,18.798417,18.679566,18.664005,0.000000,0.000458,0.000000,0.000000,0.090875,0.021958,0.899666,640,8122536,145262,0,2,0,2,0,0,0,0,0,0,7208,0,4680,2528,0
51100,18.432000,18.280218,18.295727,0.000000,0.000333,0.000000,0.000000,0.074333,0.021583,0.979167,630,8091843,148260,0,2,0,2,0,0,0,0,0,0,5406,0,3510,1896,0
51101,18.456416,18.306871,18.308569,0.000000,0.000375,0.000000,0.000000,0.072667,0.012625,1.250792,632,8107131,146822,0,2,0,2,0,0,0,0,0,0,5406,0,3510,1896,0
51102,17.545542,17.416245,17.394425,0.000000,0.000542,0.000000,0.000000,0.079875,0.013333,0.641250,637,8107052,144927,0,2,0,2,0,0,0,0,0,0,7208,0,4680,2528,0
51103,17.913292,17.813474,17.760913,0.000000,0.000375,0.000000,0.000000,0.089875,0.021333,1.325958,633,8107257,148411,0,2,0,2,0,0,0,0,0,0,5406,0,3510,1896,0
51104,17.722291,17.527247,17.553249,0.000000,0.000459,0.000000,0.000000,0.075834,0.032083,1.040333,633,8122684,152088,0,2,0,2,0,0,0,0,0,0,5523,0,3510,2013,0
51105,18.018125,17.895434,17.901226,0.000000,0.000500,0.000000,0.000000,0.080125,0.014917,0.664458,641,8091639,149795,0,2,0,2,0,0,0,0,0,0,7208,0,4680,2528,0
51106,17.074000,16.967755,16.981168,0.000000,0.000332,0.000000,0.000000,0.068000,0.014000,0.960125,629,8107226,148999,0,2,0,2,0,0,0,0,0,0,5406,0,3510,1896,0
51107,17.123542,16.990253,17.001454,0.000000,0.000333,0.000000,0.000000,0.076917,0.014666,0.372041,632,8107236,147080,0,2,0,2,0,0,0,0,0,0,5406,0,3510,1896,0
51108,18.406500,18.272727,18.228248,0.000000,0.000542,0.000000,0.000000,0.106167,0.032291,0.901042,641,8107008,145784,0,2,0,2,0,0,0,0,0,0,7208,0,4680,2528,0
51109,18.207917,18.101245,18.112418,0.000000,0.000333,0.000000,0.000000,0.072208,0.024375,1.252291,632,8107294,148390,0,2,0,2,0,0,0,0,0,0,5406,0,3510,1896,0
51110,18.291083,18.099704,18.119656,0.000000,0.000458,0.000000,0.000000,0.060333,0.019834,1.250625,632,8107221,151606,0,2,0,2,0,0,0,0,0,0,5406,0,3510,1896,0
51111,19.360750,19.249927,19.261046,0.000000,0.000417,0.000000,0.000000,0.078958,0.027834,0.610792,639,8107027,150729,0,2,0,2,0,0,0,0,0,0,7208,0,4680,2528,0
51112,18.058042,17.918497,17.872249,0.000000,0.000416,0.000000,0.000000,0.082041,0.021584,0.592708,632,8107231,148771,0,2,0,2,0,0,0,0,0,0,5406,0,3510,1896,0
51113,17.687666,17.527080,17.533592,0.000000,0.000374,0.000000,0.000000,0.072792,0.014958,1.219833,633,8107263,146576,0,2,0,2,0,0,0,0,0,0,5406,0,3510,1896,0
51114,17.050250,16.951010,16.957610,0.000000,0.000499,0.000000,0.000000,0.070292,0.036208,0.609834,641,8122536,146066,0,2,0,2,0,0,0,0,0,0,7208,0,4680,2528,0
51115,17.941334,17.799690,17.775763,0.000000,0.000417,0.000000,0.000000,0.079458,0.021458,0.901792,631,8091781,147285,0,2,0,2,0,0,0,0,0,0,5406,0,3510,1896,0
51116,17.485666,17.374538,17.399045,0.000000,0.000374,0.000000,0.000000,0.081792,0.028083,1.291500,633,8122821,147728,0,2,0,2,0,0,0,0,0,0,5406,0,3510,1896,0
51117,17.970334,17.808301,17.721178,0.000000,0.000375,0.000000,0.000000,0.076375,0.016458,0.291875,638,8091490,144164,0,2,0,2,0,0,0,0,0,0,7208,0,4680,2528,0
51118,17.021208,16.885668,16.876704,0.000000,0.000459,0.000000,0.000000,0.068625,0.021000,0.950958,636,8138150,150643,0,2,0,2,0,0,0,0,0,0,5556,0,3510,2046,0
51119,18.124333,18.001180,18.000505,0.000000,0.000292,0.000000,0.000000,0.079792,0.028417,1.297375,630,8076271,155282,0,2,0,2,0,0,0,0,0,0,5406,0,3510,1896,0
51120,17.466584,17.325013,17.303317,0.000000,0.000334,0.000000,0.000000,0.076125,0.014541,0.320292,641,8107109,146173,0,2,0,2,0,0,0,0,0,0,7208,0,4680,2528,0
51121,17.180791,17.053363,16.982447,0.000000,0.000333,0.000000,0.000000,0.068334,0.040916,0.958791,629,8107193,148095,0,2,0,2,0,0,0,0,0,0,5406,0,3510,1896,0
51122,17.380209,17.292461,17.270280,0.000000,0.000334,0.000000,0.000000,0.087500,0.030000,1.288708,633,8107255,147007,0,2,0,2,0,0,0,0,0,0,5406,0,3510,1896,0
51123,17.922500,17.751458,17.752255,0.000000,0.000249,0.000000,0.000000,0.078833,0.018417,0.659375,641,8107045,145195,0,2,0,2,0,0,0,0,0,0,7208,0,4680,2528,0
51124,17.859916,17.743991,17.762319,0.000000,0.000416,0.000000,0.000000,0.082084,0.016708,1.016291,635,8138126,152016,0,2,0,2,0,0,0,0,0,0,5406,0,3510,1896,0
51125,18.700917,18.551122,18.468703,0.000000,0.000417,0.000000,0.000000,0.074542,0.038666,0.907292,631,8078093,155083,0,2,0,2,0,0,0,0,0,0,5406,0,3510,1896,0
51126,17.476792,17.374393,17.344828,0.000000,0.000375,0.000000,0.000000,0.087875,0.018875,0.610167,639,8105270,145944,0,2,0,2,0,0,0,0,0,0,7208,0,4680,2528,0
51127,16.645833,16.479248,16.493496,0.000000,0.000333,0.000000,0.000000,0.075417,0.042083,0.957124,634,8091776,149044,0,2,0,2,0,0,0,0,0,0,5532,0,3510,2022,0
51128,20.171250,19.930993,19.787514,0.000000,0.000542,0.000000,0.000000,0.072917,0.027666,0.922833,632,8091832,155324,0,2,0,2,0,0,0,0,0,0,5532,0,3510,2022,0
51129,17.767083,17.782950,17.778770,0.000000,0.000416,0.000000,0.000000,0.065417,0.041667,0.641709,644,8153297,153366,0,2,0,2,0,0,0,0,0,0,7208,0,4680,2528,0
51130,17.146167,16.999907,17.002991,0.000000,0.000375,0.000000,0.000000,0.069708,0.013959,0.593416,632,8091805,149696,0,2,0,2,0,0,0,0,0,0,5406,0,3510,1896,0
51131,17.741042,17.719219,17.718965,0.000000,0.001083,0.000000,0.000000,0.152125,0.024916,0.662667,633,8122714,148660,0,2,0,2,0,0,0,0,0,0,5406,0,3510,1896,0
51132,18.930916,18.746284,18.744129,0.000000,0.000792,0.000000,0.000000,0.124375,0.022000,0.609458,643,8107016,149491,0,2,0,2,0,0,0,0,0,0,7208,0,4680,2528,0
51133,19.693584,19.545926,19.568333,0.000000,0.000626,0.000000,0.000000,0.113291,0.016042,0.291375,631,8091807,151333,0,2,0,2,0,0,0,0,0,0,5406,0,3510,1896,0
51134,18.826750,18.669497,18.682995,0.000000,0.000500,0.000000,0.000000,0.083750,0.020083,0.602207,634,8122698,147654,0,2,0,2,0,0,0,0,0,0,5406,0,3510,1896,0
51135,17.163666,16.999797,17.015412,0.000000,0.000375,0.000000,0.000000,0.061625,0.035875,1.188042,642,8107005,146764,0,2,0,2,0,0,0,0,0,0,7208,0,4680,2528,0
51136,17.479667,17.381835,17.387419,0.000000,0.000291,0.000000,0.000000,0.081875,0.020125,0.309958,627,8091832,154122,0,2,0,2,0,0,0,0,0,0,5406,0,3510,1896,0
51137,17.634500,17.517449,17.536221,0.000000,0.000376,0.000000,0.000000,0.064750,0.024042,0.923542,632,8107268,150513,0,2,0,2,0,0,0,0,0,0,5406,0,3510,1896,0
51138,17.827333,17.699560,17.689208,0.000000,0.000917,0.000000,0.000000,0.085334,0.013958,1.225250,650,8168665,150846,0,2,0,2,0,0,0,0,0,0,7523,0,4680,2843,0
51139,18.656542,18.467378,18.463285,0.000000,0.000542,0.000000,0.000000,0.068458,0.014042,0.639500,629,8045473,153808,0,2,0,2,0,0,0,0,0,0,5406,0,3510,1896,0
51140,17.758333,17.593384,17.606208,0.000000,0.000500,0.000000,0.000000,0.066625,0.025667,0.951793,629,8091788,155771,0,2,0,2,0,0,0,0,0,0,5406,0,3510,1896,0
51141,19.126959,19.056460,18.842211,0.000000,0.000292,0.000000,0.000000,0.089041,0.030292,0.859459,643,8122452,154490,0,2,0,2,0,0,0,0,0,0,7208,0,4680,2528,0
51142,18.735833,18.612133,18.599450,0.000000,0.000208,0.000000,0.000000,0.083083,0.015084,1.298126,633,8107267,153707,0,2,0,2,0,0,0,0,0,0,5406,0,3510,1896,0
51143,18.028667,17.893463,17.901276,0.000000,0.000250,0.000000,0.000000,0.078166,0.036000,0.665333,633,8107259,153212,0,2,0,2,0,0,0,0,0,0,5406,0,3510,1896,0
51144,17.987416,17.834265,17.807980,0.000000,0.000251,0.000000,0.000000,0.068959,0.021208,0.949124,642,8137972,159699,0,2,0,2,0,0,0,0,0,0,7208,0,4680,2528,0
51145,19.754042,19.662328,19.665036,0.000000,0.000334,0.000000,0.000000,0.075500,0.031833,2.005166,629,8076320,159468,0,2,0,2,0,0,0,0,0,0,5406,0,3510,1896,0
51146,19.305500,19.080580,19.078248,0.000000,0.000417,0.000000,0.000000,0.066708,0.029084,1.242291,632,8091853,152738,0,2,0,2,0,0,0,0,0,0,5406,0,3510,1896,0
51147,18.919542,18.843293,18.866039,0.000000,0.000416,0.000000,0.000000,0.068541,0.041625,0.504875,640,8122462,153517,0,2,0,2,0,0,0,0,0,0,7208,0,4680,2528,0
51148,19.851541,19.678581,19.700960,0.000000,0.000375,0.000000,0.000000,0.063042,0.024042,0.972667,633,8107283,156407,0,2,0,2,0,0,0,0,0,0,5406,0,3510,1896,0
51149,19.704875,19.552407,19.536374,0.000000,0.000417,0.000000,0.000000,0.075042,0.022542,0.887042,629,8091818,155205,0,2,0,2,0,0,0,0,0,0,5406,0,3510,1896,0
51150,18.784834,18.654916,18.651031,0.000000,0.000375,0.000000,0.000000,0.067791,0.020542,1.313375,641,8122468,151816,0,2,0,2,0,0,0,0,0,0,7208,0,4680,2528,0
51151,18.705375,18.581371,18.585131,0.000000,0.000374,0.000000,0.000000,0.063958,0.014250,1.260626,633,8107247,152905,0,2,0,2,0,0,0,0,0,0,5406,0,3510,1896,0
51152,19.224625,19.119654,19.083592,0.000000,0.000459,0.000000,0.000000,0.121083,0.020542,0.306625,643,8122533,156346,0,2,0,2,0,0,0,0,0,0,7208,0,4680,2528,0
51153,19.754958,19.573753,19.590989,0.000000,0.000375,0.000000,0.000000,0.076458,0.013959,0.857125,630,8076305,155847,0,2,0,2,0,0,0,0,0,0,5406,0,3510,1896,0
51154,18.479792,18.350833,18.328126,0.000000,0.000375,0.000000,0.000000,0.094583,0.019500,0.933042,631,8107271,152371,0,2,0,2,0,0,0,0,0,0,5406,0,3510,1896,0
51155,19.547458,19.368005,19.319193,0.000000,0.000416,0.000000,0.000000,0.096083,0.015750,0.965208,643,8122475,151304,0,2,0,2,0,0,0,0,0,0,7208,0,4680,2528,0
51156,20.401917,20.251757,19.992918,0.000000,0.000541,0.000000,0.000000,0.093041,0.027709,0.635209,631,8107295,149128,0,2,0,2,0,0,0,0,0,0,5406,0,3510,1896,0
51157,18.643625,18.516216,18.536464,0.000000,0.000458,0.000000,0.000000,0.105208,0.046542,1.248250,633,8107219,146527,0,2,0,2,0,0,0,0,0,0,5406,0,3510,1896,0
51158,18.392583,18.285388,18.238087,0.000000,0.000417,0.000000,0.000000,0.100917,0.022541,0.302916,641,8107047,142030,0,2,0,2,0,0,0,0,0,0,7208,0,4680,2528,0
51159,18.497875,18.313546,18.312422,0.000000,0.000332,0.000000,0.000000,0.077333,0.015834,0.915792,631,8107260,146244,0,2,0,2,0,0,0,0,0,0,5406,0,3510,1896,0
51160,18.975125,18.893782,18.903537,0.000000,0.000416,0.000000,0.000000,0.081833,0.055042,1.278375,635,8122696,149561,0,2,0,2,0,0,0,0,0,0,5406,0,3510,1896,0
51161,17.798833,17.587774,17.600251,0.000000,0.000333,0.000000,0.000000,0.066042,0.037792,0.611958,639,8091588,145031,0,2,0,2,0,0,0,0,0,0,7208,0,4680,2528,0
51162,17.526375,17.416823,17.406512,0.000000,0.000291,0.000000,0.000000,0.081375,0.016417,0.940125,632,8107267,146585,0,2,0,2,0,0,0,0,0,0,5406,0,3510,1896,0
51163,18.237625,18.086607,18.076825,0.000000,0.000583,0.000000,0.000000,0.108250,0.019542,1.286874,632,8107276,144634,0,2,0,2,0,0,0,0,0,0,5406,0,3510,1896,0
51164,18.864542,18.783368,18.723855,0.000000,0.000292,0.000000,0.000000,0.087792,0.030791,1.293500,639,8107025,145925,0,2,0,2,0,0,0,0,0,0,7208,0,4680,2528,0
51165,18.179000,17.976755,18.049062,0.000000,0.000292,0.000000,0.000000,0.077792,0.027125,0.608666,633,8107259,148636,0,2,0,2,0,0,0,0,0,0,5406,0,3510,1896,0
51166,18.848708,18.722913,18.598299,0.000000,0.002917,0.000000,0.000000,0.139125,0.024792,0.942751,633,8107296,143783,0,2,0,2,0,0,0,0,0,0,5406,0,3510,1896,0
51167,19.705917,19.511273,19.324288,0.000000,0.000541,0.000000,0.000000,0.070750,0.032625,0.964209,639,8091623,143191,0,2,0,2,0,0,0,0,0,0,7208,0,4680,2528,0
51168,17.450917,17.338071,17.297692,0.000000,0.000458,0.000000,0.000000,0.074166,0.025792,1.252958,635,8113848,153337,0,2,0,2,0,0,0,0,0,0,5525,0,3510,2015,0
51169,18.108500,18.030010,18.039546,0.000000,0.000584,0.000000,0.000000,0.080333,0.016292,0.290250,631,8116082,149929,0,2,0,2,0,0,0,0,0,0,5406,0,3510,1896,0
51170,19.569916,19.359353,19.097468,0.000000,0.000542,0.000000,0.000000,0.099584,0.017541,0.582417,641,8091548,141882,0,2,0,2,0,0,0,0,0,0,7208,0,4680,2528,0
51171,18.979042,18.846708,18.734451,0.000000,0.000333,0.000000,0.000000,0.075958,0.019750,0.912958,635,8122814,147264,0,2,0,2,0,0,0,0,0,0,5560,0,3510,2050,0
51172,17.324792,17.206705,17.219374,0.000000,0.000292,0.000000,0.000000,0.074833,0.014583,0.608792,632,8107073,150176,0,2,0,2,0,0,0,0,0,0,5406,0,3510,1896,0
51173,16.477625,16.362416,16.358033,0.000000,0.000251,0.000000,0.000000,0.069208,0.030125,1.098500,638,8091589,143576,0,2,0,2,0,0,0,0,0,0,7208,0,4680,2528,0
51174,18.332541,18.231631,18.243504,0.000000,0.000374,0.000000,0.000000,0.065959,0.027833,0.896709,638,8153622,148189,0,2,0,2,0,0,0,0,0,0,5525,0,3510,2015,0
51175,18.210584,18.029009,18.037199,0.000000,0.000374,0.000000,0.000000,0.069416,0.021667,0.617500,630,8076293,150193,0,2,0,2,0,0,0,0,0,0,5406,0,3510,1896,0
51176,18.605125,18.504838,18.522867,0.000000,0.000292,0.000000,0.000000,0.086916,0.025625,0.930042,639,8107017,139332,0,2,0,2,0,0,0,0,0,0,7208,0,4680,2528,0
51177,15.946583,15.768405,15.774181,0.000000,0.000251,0.000000,0.000000,0.064500,0.016542,1.256750,632,8107267,135065,0,2,0,2,0,0,0,0,0,0,5406,0,3510,1896,0
51178,15.361792,15.217953,15.222676,0.000000,0.000250,0.000000,0.000000,0.059583,0.034458,0.607125,630,8091874,136995,0,2,0,2,0,0,0,0,0,0,5406,0,3510,1896,0
51179,15.406041,15.271088,15.256167,0.000000,0.000209,0.000000,0.000000,0.063000,0.018209,1.215250,639,8106968,130911,0,2,0,2,0,0,0,0,0,0,7208,0,4680,2528,0
51180,15.281709,15.209846,15.207531,0.000000,0.000166,0.000000,0.000000,0.074958,0.036083,0.514041,654,8106946,136262,0,2,0,2,0,0,0,0,0,0,7447,0,3510,3937,0
51181,15.144166,15.093581,15.079160,0.000000,0.000167,0.000000,0.000000,0.120292,0.039208,0.651875,632,8107444,132982,0,2,0,2,0,0,0,0,0,0,5406,0,3510,1896,0
51182,15.093125,14.923967,14.938262,0.000000,0.000374,0.000000,0.000000,0.070292,0.036208,0.737625,643,8137727,130917,0,2,0,2,0,0,0,0,0,0,7208,0,4680,2528,0
51183,14.967584,14.846173,14.859335,0.000000,0.000291,0.000000,0.000000,0.063083,0.035542,0.606708,633,8096336,133429,0,2,0,2,0,0,0,0,0,0,5406,0,3510,1896,0
51184,15.869416,15.723964,15.743740,0.000000,0.000334,0.000000,0.000000,0.069334,0.011541,0.894417,631,8091828,131921,0,2,0,2,0,0,0,0,0,0,5406,0,3510,1896,0
51185,16.100959,16.055394,16.009127,0.000000,0.000251,0.000000,0.000000,0.110750,0.045291,0.289334,642,8133385,131465,0,2,0,2,0,0,0,0,0,0,7208,0,4680,2528,0
51186,15.345666,15.107051,15.121191,0.000000,0.000248,0.000000,0.000000,0.075959,0.028541,1.231959,630,8076383,133290,0,2,0,2,0,0,0,0,0,0,5406,0,3510,1896,0
51187,14.850875,14.691082,14.709244,0.000000,0.000167,0.000000,0.000000,0.058667,0.031708,0.639042,633,8107360,131959,0,2,0,2,0,0,0,0,0,0,5406,0,3510,1896,0
51188,14.806000,14.777285,14.763735,0.000000,0.000291,0.000000,0.000000,0.074709,0.014208,0.639625,645,8184087,131621,0,2,0,2,0,0,0,0,0,0,7379,0,4680,2699,0
51189,16.553625,16.412626,16.412653,0.000000,0.000291,0.000000,0.000000,0.070750,0.023459,0.906291,630,8060963,138047,0,2,0,2,0,0,0,0,0,0,5406,0,3510,1896,0
51190,14.815000,14.686326,14.686841,0.000000,0.000334,0.000000,0.000000,0.060667,0.045333,0.641083,630,8091808,131229,0,2,0,2,0,0,0,0,0,0,5406,0,3510,1896,0
51191,14.867292,14.773130,14.791419,0.000000,0.000292,0.000000,0.000000,0.064000,0.043750,0.767667,639,8122459,131581,0,2,0,2,0,0,0,0,0,0,7208,0,4680,2528,0
51192,16.078875,15.935877,15.910582,0.000000,0.000374,0.000000,0.000000,0.089125,0.020292,0.289375,633,8091921,134434,0,2,0,2,0,0,0,0,0,0,5406,0,3510,1896,0
51193,14.764208,14.614667,14.614621,0.000000,0.000249,0.000000,0.000000,0.071292,0.042375,0.735626,634,8122629,134363,0,2,0,2,0,0,0,0,0,0,5406,0,3510,1896,0
51194,15.431042,15.357374,15.374171,0.000000,0.000334,0.000000,0.000000,0.061750,0.042042,0.610833,640,8107193,137336,0,2,0,2,0,0,0,0,0,0,7208,0,4680,2528,0
51195,14.927667,14.770291,14.789377,0.000000,0.000250,0.000000,0.000000,0.053291,0.041250,0.909833,632,8091607,133639,0,2,0,2,0,0,0,0,0,0,5406,0,3510,1896,0
51196,14.955875,14.858044,14.873664,0.000000,0.000333,0.000000,0.000000,0.066291,0.048959,0.535542,648,8122684,134467,0,2,0,2,0,0,0,0,0,0,5406,0,3510,1896,0
51197,15.791708,15.633427,15.649886,0.000000,0.000499,0.000000,0.000000,0.066583,0.046709,0.613375,639,8091752,131958,0,2,0,2,0,0,0,0,0,0,7208,0,4680,2528,0
51198,17.558458,17.405963,17.332729,0.000000,0.000168,0.000000,0.000000,0.080000,0.048625,0.579708,631,8091671,134754,0,2,0,2,0,0,0,0,0,0,5406,0,3510,1896,0
51199,15.244209,15.155458,15.174046,0.000000,0.000126,0.000000,0.000000,0.062000,0.035208,0.457583,635,8138142,133592,0,2,0,2,0,0,0,0,0,0,5406,0,3510,1896,0
51200,15.050375,14.925202,14.935101,0.000000,0.000416,0.000000,0.000000,0.079541,0.037417,0.804041,639,8091616,133044,0,2,0,2,0,0,0,0,0,0,7208,0,4680,2528,0
51201,14.838916,14.745051,14.754838,0.000000,0.000167,0.000000,0.000000,0.073167,0.020917,0.608500,633,8107252,133065,0,2,0,2,0,0,0,0,0,0,5406,0,3510,1896,0
51202,14.828084,14.680133,14.675099,0.000000,0.000375,0.000000,0.000000,0.061416,0.028792,0.736707,632,8107401,131925,0,2,0,2,0,0,0,0,0,0,6944,0,4536,2408,0
51203,14.778166,14.618515,14.632842,0.000000,0.000375,0.000000,0.000000,0.055709,0.036333,0.466250,638,8106980,132187,0,2,0,2,0,0,0,0,0,0,5670,0,3654,2016,0
51204,14.665167,14.653742,14.666699,0.000000,0.000251,0.000000,0.000000,0.096333,0.022292,0.444750,631,8107187,133160,0,2,0,2,0,0,0,0,0,0,5406,0,3510,1896,0
51205,15.533458,15.400623,15.411668,0.000000,0.000333,0.000000,0.000000,0.082584,0.023875,0.902624,639,8122706,129675,0,2,0,2,0,0,0,0,0,0,7208,0,4680,2528,0
51206,16.942959,16.780540,16.766700,0.000000,0.000458,0.000000,0.000000,0.083708,0.023958,0.609625,632,8107088,132608,0,2,0,2,0,0,0,0,0,0,5406,0,3510,1896,0
51207,17.013750,16.881978,16.889372,0.000000,0.000583,0.000000,0.000000,0.082500,0.019208,0.966709,629,8107196,131469,0,2,0,2,0,0,0,0,0,0,5406,0,3510,1896,0
51208,17.543375,17.392503,17.341000,0.000000,0.000584,0.000000,0.000000,0.082541,0.030209,0.596333,639,8091645,129082,0,2,0,2,0,0,0,0,0,0,7208,0,4680,2528,0
51209,16.525875,16.425329,16.422674,0.000000,0.000375,0.000000,0.000000,0.082625,0.023375,0.632584,634,8122706,132539,0,2,0,2,0,0,0,0,0,0,5406,0,3510,1896,0
51210,15.832416,15.685007,15.664746,0.000000,0.000458,0.000000,0.000000,0.076875,0.021125,0.941417,631,8107403,129908,0,2,0,2,0,0,0,0,0,0,5406,0,3510,1896,0
51211,15.245959,15.091402,15.104126,0.000000,0.000292,0.000000,0.000000,0.062791,0.014917,0.608666,640,8091548,127669,0,2,0,2,0,0,0,0,0,0,7208,0,4680,2528,0
51212,16.025375,15.973355,15.965958,0.000000,0.000458,0.000000,0.000000,0.151208,0.024292,0.799084,634,8122557,132089,0,2,0,2,0,0,0,0,0,0,5406,0,3510,1896,0
51213,15.979833,15.823868,15.805340,0.000000,0.000416,0.000000,0.000000,0.075667,0.026125,0.296167,631,8092040,128498,0,2,0,2,0,0,0,0,0,0,5406,0,3510,1896,0
51214,15.956125,15.797809,15.768629,0.000000,0.000375,0.000000,0.000000,0.081333,0.019042,0.599584,640,8106919,128063,0,2,0,2,0,0,0,0,0,0,7208,0,4680,2528,0
51215,15.553500,15.481761,15.464817,0.000000,0.000375,0.000000,0.000000,0.085417,0.030041,0.644459,634,8107193,130680,0,2,0,2,0,0,0,0,0,0,5406,0,3510,1896,0
51216,15.891250,15.764572,15.759942,0.000000,0.000501,0.000000,0.000000,0.086750,0.025958,1.287499,633,8122709,129820,0,2,0,2,0,0,0,0,0,0,5406,0,3510,1896,0
51217,17.120250,16.957625,16.959698,0.000000,0.000457,0.000000,0.000000,0.089542,0.015666,0.648542,638,8091583,126669,0,2,0,2,0,0,0,0,0,0,7208,0,4680,2528,0
51218,16.711333,16.569116,16.587717,0.000000,0.000249,0.000000,0.000000,0.073084,0.016708,1.279625,637,8122825,132310,0,2,0,2,0,0,0,0,0,0,5721,0,3510,2211,0
51219,17.597125,17.462821,17.485160,0.000000,0.000292,0.000000,0.000000,0.078000,0.020167,0.645209,631,8091586,134227,0,2,0,2,0,0,0,0,0,0,5406,0,3510,1896,0
51220,15.425542,15.291841,15.308211,0.000000,0.000208,0.000000,0.000000,0.071667,0.032500,0.976500,642,8107018,129060,0,2,0,2,0,0,0,0,0,0,7208,0,4680,2528,0
51221,17.085708,16.951734,16.945163,0.000000,0.000458,0.000000,0.000000,0.074375,0.030334,0.301708,633,8107280,130926,0,2,0,2,0,0,0,0,0,0,5406,0,3510,1896,0
51222,16.466334,16.311007,16.317961,0.000000,0.000374,0.000000,0.000000,0.085791,0.033667,1.154834,631,8112597,129595,0,2,0,4,0,0,0,0,0,0,5406,0,3510,1896,0
51223,15.831083,15.718791,15.704080,0.000000,0.000333,0.000000,0.000000,0.073833,0.038875,0.461208,639,8101682,131936,0,4,0,2,0,0,0,0,0,0,7208,0,4680,2528,0
51224,17.141458,16.968370,16.987779,0.000000,0.000500,0.000000,0.000000,0.065250,0.015709,1.317959,631,8096425,134417,0,0,0,2,0,0,0,0,0,0,5406,0,3510,1896,0
51225,16.596334,16.492255,16.507752,0.000000,0.000374,0.000000,0.000000,0.094875,0.017875,1.018042,633,8102769,130186,0,4,0,2,0,0,0,0,0,0,5406,0,3510,1896,0
51226,16.976833,16.895586,16.894757,0.000000,0.000543,0.000000,0.000000,0.107667,0.015958,0.475625,638,8106893,129240,0,2,0,2,0,0,0,0,0,0,7208,0,4680,2528,0
51227,18.309292,18.115078,18.027687,0.000000,0.000541,0.000000,0.000000,0.083000,0.021208,0.633708,634,8122677,132375,0,2,0,2,0,0,0,0,0,0,5406,0,3510,1896,0
51228,16.075583,15.920240,15.872191,0.000000,0.000459,0.000000,0.000000,0.074333,0.030584,0.770083,634,8107219,130240,0,2,0,2,0,0,0,0,0,0,5406,0,3510,1896,0
51229,15.908917,15.770127,15.775323,0.000000,0.000250,0.000000,0.000000,0.087500,0.027291,0.371625,637,8106986,127872,0,2,0,2,0,0,0,0,0,0,7208,0,4680,2528,0
51230,16.766791,16.630105,16.613453,0.000000,0.000374,0.000000,0.000000,0.099834,0.016375,0.647792,633,8107274,131238,0,2,0,2,0,0,0,0,0,0,5406,0,3510,1896,0
51231,17.040292,16.866582,16.839114,0.000000,0.000457,0.000000,0.000000,0.078542,0.013291,0.359541,631,8107316,129775,0,2,0,2,0,0,0,0,0,0,5406,0,3510,1896,0
51232,16.270333,16.155670,16.170842,0.000000,0.000251,0.000000,0.000000,0.074584,0.012708,0.777583,640,8106999,128422,0,2,0,2,0,0,0,0,0,0,7208,0,4680,2528,0
51233,17.158417,17.012628,16.930486,0.000000,0.000500,0.000000,0.000000,0.067542,0.026500,0.296375,632,8107269,131650,0,2,0,2,0,0,0,0,0,0,5406,0,3510,1896,0
51234,17.122458,16.983790,16.914550,0.000000,0.000541,0.000000,0.000000,0.081709,0.026625,0.988750,633,8107256,129935,0,2,0,2,0,0,0,0,0,0,5406,0,3510,1896,0
51235,15.584875,15.454993,15.442630,0.000000,0.000501,0.000000,0.000000,0.077834,0.024166,0.665041,645,8122324,129882,0,2,0,2,0,0,0,0,0,0,7665,0,4680,2985,0
51236,20.142959,19.994975,19.994682,0.000000,0.000541,0.000000,0.000000,0.080833,0.026833,1.259959,629,8076308,188879,0,2,0,2,0,0,0,0,0,0,5406,0,3510,1896,0
51237,17.506458,17.407286,17.386298,0.000000,0.000500,0.000000,0.000000,0.071833,0.036834,1.299083,633,8122712,144170,0,2,0,2,0,0,0,0,0,0,5406,0,3510,1896,0
51238,17.481667,17.321099,17.332880,0.000000,0.000501,0.000000,0.000000,0.078041,0.039667,1.293584,643,8137888,143720,0,2,0,2,0,0,0,0,0,0,7208,0,4680,2528,0
51239,17.690916,17.566203,17.529306,0.000000,0.000459,0.000000,0.000000,0.075750,0.015959,0.662292,631,8076390,144213,0,2,0,2,0,0,0,0,0,0,5406,0,3510,1896,0
51240,18.682292,18.534116,18.518619,0.000000,0.000543,0.000000,0.000000,0.072208,0.038417,1.289167,631,8091818,144458,0,2,0,2,0,0,0,0,0,0,5406,0,3510,1896,0
51241,17.350833,17.222585,17.207933,0.000000,0.000416,0.000000,0.000000,0.085625,0.020667,1.245583,645,8153336,143653,0,2,0,2,0,0,0,0,0,0,7208,0,4680,2528,0
51242,17.925209,17.770999,17.792048,0.000000,0.000500,0.000000,0.000000,0.068791,0.015625,0.288542,628,8060909,143961,0,2,0,2,0,0,0,0,0,0,5406,0,3510,1896,0
51243,17.588916,17.520540,17.541840,0.000000,0.000374,0.000000,0.000000,0.110084,0.037166,1.208459,634,8122762,144304,0,2,0,2,0,0,0,0,0,0,5406,0,3510,1896,0
51244,18.025375,17.816204,17.785500,0.000000,0.000749,0.000000,0.000000,0.083792,0.040333,0.601292,644,8137863,143728,0,2,0,2,0,0,0,0,0,0,7208,0,4680,2528,0
51245,18.250042,18.120065,18.099507,0.000000,0.000334,0.000000,0.000000,0.070083,0.021875,0.636667,629,8062993,143875,0,2,0,2,0,0,0,0,0,0,5406,0,3510,1896,0
51246,17.435792,17.360231,17.374298,0.000000,0.000416,0.000000,0.000000,0.104375,0.016458,0.854625,632,8120626,144429,0,2,0,2,0,0,0,0,0,0,5406,0,3510,1896,0
51247,18.056291,17.881833,17.889030,0.000000,0.000292,0.000000,0.000000,0.087959,0.015375,0.582167,645,8137916,142664,0,2,0,2,0,0,0,0,0,0,7208,0,4680,2528,0
51248,16.745542,16.636921,16.650119,0.000000,0.000291,0.000000,0.000000,0.090500,0.023917,0.634833,629,8076401,144419,0,2,0,2,0,0,0,0,0,0,5406,0,3510,1896,0
51249,17.127292,16.976769,16.996690,0.000000,0.000333,0.000000,0.000000,0.076208,0.018208,1.276750,647,8107194,143351,0,2,0,2,0,0,0,0,0,0,5406,0,3510,1896,0
51250,16.897083,16.798712,16.794966,0.000000,0.000375,0.000000,0.000000,0.074125,0.038083,0.290000,639,8107097,143796,0,2,0,2,0,0,0,0,0,0,7208,0,4680,2528,0
51251,16.691625,16.502969,16.506304,0.000000,0.000583,0.000000,0.000000,0.072667,0.015625,0.780917,628,8091906,143352,0,2,0,2,0,0,0,0,0,0,5406,0,3510,1896,0
51252,16.823292,16.697296,16.713087,0.000000,0.000374,0.000000,0.000000,0.069416,0.020500,1.254500,632,8107111,143922,0,2,0,2,0,0,0,0,0,0,5406,0,3510,1896,0
51253,17.579458,17.489485,17.508540,0.000000,0.000417,0.000000,0.000000,0.125000,0.033833,0.617708,639,8122504,143777,0,2,0,2,0,0,0,0,0,0,7208,0,4680,2528,0
51254,19.078875,18.884616,18.834700,0.000000,0.000541,0.000000,0.000000,0.077792,0.023791,0.606125,631,8091821,143354,0,2,0,2,0,0,0,0,0,0,5406,0,3510,1896,0
51255,18.100375,17.966117,17.977251,0.000000,0.000457,0.000000,0.000000,0.080792,0.017833,1.001750,631,8107255,143095,0,2,0,2,0,0,0,0,0,0,5406,0,3510,1896,0
51256,18.111208,17.975480,17.968049,0.000000,0.000334,0.000000,0.000000,0.067917,0.031208,0.609417,641,8107059,144158,0,2,0,2,0,0,0,0,0,0,7208,0,4680,2528,0
51257,18.785084,18.718507,18.697584,0.000000,0.000499,0.000000,0.000000,0.155875,0.029541,0.932374,632,8122669,152244,0,2,0,2,0,0,0,0,0,0,5406,0,3510,1896,0
51258,20.060916,19.864246,19.819018,0.000000,0.000418,0.000000,0.000000,0.113167,0.018542,0.937709,640,8122751,151297,0,2,0,2,0,0,0,0,0,0,7208,0,4680,2528,0
51259,19.746917,19.595242,19.581943,0.000000,0.000292,0.000000,0.000000,0.081875,0.021583,0.749125,631,8076253,151864,0,2,0,2,0,0,0,0,0,0,5406,0,3510,1896,0
51260,18.691417,18.588536,18.578419,0.000000,0.000459,0.000000,0.000000,0.085958,0.023125,0.919250,633,8122514,152773,0,2,0,2,0,0,0,0,0,0,5406,0,3510,1896,0
51261,18.958208,18.793590,18.795119,0.000000,0.000459,0.000000,0.000000,0.084500,0.016333,0.614042,643,8132159,151321,0,2,0,2,0,0,0,0,0,0,7208,0,4680,2528,0
51262,19.600833,19.459250,19.450747,0.000000,0.000458,0.000000,0.000000,0.087167,0.027292,0.903626,632,8082256,152889,0,2,0,2,0,0,0,0,0,0,5406,0,3510,1896,0
51263,18.611125,18.434687,18.444709,0.000000,0.000416,0.000000,0.000000,0.069375,0.023084,0.907542,630,8091750,151126,0,2,0,2,0,0,0,0,0,0,5406,0,3510,1896,0
51264,18.951250,18.853886,18.872468,0.000000,0.000334,0.000000,0.000000,0.072250,0.014834,1.221124,645,8153487,151957,0,2,0,2,0,0,0,0,0,0,7208,0,4680,2528,0
51265,19.001792,18.882607,18.887617,0.000000,0.000293,0.000000,0.000000,0.087792,0.022833,0.607667,630,8076305,151903,0,2,0,2,0,0,0,0,0,0,5406,0,3510,1896,0
51266,18.952167,18.759085,18.760739,0.000000,0.000334,0.000000,0.000000,0.076833,0.022708,1.228083,632,8091775,152219,0,2,0,2,0,0,0,0,0,0,5406,0,3510,1896,0
51267,18.999000,18.847467,18.849057,0.000000,0.000250,0.000000,0.000000,0.080583,0.024167,0.902042,643,8138097,151571,0,2,0,2,0,0,0,0,0,0,7208,0,4680,2528,0
51268,19.366000,19.268519,19.286764,0.000000,0.000583,0.000000,0.000000,0.070458,0.030667,1.230499,632,8091630,154048,0,2,0,2,0,0,0,0,0,0,5406,0,3510,1896,0
51269,19.655541,19.486995,19.500919,0.000000,0.000415,0.000000,0.000000,0.079750,0.022459,1.127417,633,8091852,151675,0,2,0,2,0,0,0,0,0,0,5406,0,3510,1896,0
51270,19.093292,18.939454,18.945374,0.000000,0.000458,0.000000,0.000000,0.089750,0.019000,1.220208,643,8137951,152511,0,2,0,2,0,0,0,0,0,0,7208,0,4680,2528,0
51271,19.714875,19.585877,19.587995,0.000000,0.000291,0.000000,0.000000,0.067542,0.021541,0.611333,630,8076293,152777,0,2,0,2,0,0,0,0,0,0,5406,0,3510,1896,0
51272,19.521000,19.380548,19.395504,0.000000,0.000417,0.000000,0.000000,0.081958,0.025875,0.584626,633,8107213,153379,0,2,0,2,0,0,0,0,0,0,5406,0,3510,1896,0
51273,19.148583,18.988175,19.008194,0.000000,0.000249,0.000000,0.000000,0.071709,0.014458,0.911749,642,8137921,152023,0,2,0,2,0,0,0,0,0,0,7208,0,4680,2528,0
51274,19.598875,19.496295,19.464184,0.000000,0.000375,0.000000,0.000000,0.101084,0.017541,1.188333,629,8079882,153414,0,2,0,2,0,0,0,0,0,0,5406,0,3510,1896,0
51275,20.266209,20.181907,20.116065,0.000000,0.000500,0.000000,0.000000,0.126000,0.043208,0.595166,634,8132343,152645,0,2,0,2,0,0,0,0,0,0,5406,0,3510,1896,0
51276,19.321041,19.106007,19.103876,0.000000,0.000375,0.000000,0.000000,0.076250,0.027834,0.964500,641,8124751,151959,0,2,0,2,0,0,0,0,0,0,7208,0,4680,2528,0
51277,18.891292,18.795922,18.745127,0.000000,0.000458,0.000000,0.000000,0.106208,0.028334,0.328209,630,8076351,152480,0,2,0,2,0,0,0,0,0,0,5406,0,3510,1896,0
51278,20.567042,20.335550,19.977460,0.000000,0.000416,0.000000,0.000000,0.083625,0.029291,0.899334,632,8091810,152012,0,2,0,2,0,0,0,0,0,0,5406,0,3510,1896,0
51279,19.265125,19.167934,19.158711,0.000000,0.000542,0.000000,0.000000,0.127916,0.021292,0.954208,646,8153378,151727,0,2,0,2,0,0,0,0,0,0,7208,0,4680,2528,0
51280,19.016125,18.850287,18.845795,0.000000,0.000375,0.000000,0.000000,0.092500,0.017708,1.275500,629,8060894,152608,0,2,0,2,0,0,0,0,0,0,5406,0,3510,1896,0
51281,18.955833,18.803879,18.802597,0.000000,0.000418,0.000000,0.000000,0.079875,0.019083,1.283833,633,8107292,151666,0,2,0,2,0,0,0,0,0,0,5406,0,3510,1896,0
51282,18.823500,18.701374,18.714214,0.000000,0.000416,0.000000,0.000000,0.110125,0.018083,0.610125,644,8153291,151996,0,2,0,2,0,0,0,0,0,0,7208,0,4680,2528,0
51283,18.779000,18.701450,18.606453,0.000000,0.000542,0.000000,0.000000,0.113750,0.019167,0.922416,629,8076414,152143,0,2,0,2,0,0,0,0,0,0,5406,0,3510,1896,0
51284,19.084542,18.893718,18.853216,0.000000,0.000417,0.000000,0.000000,0.083791,0.020042,0.933542,632,8091798,152236,0,2,0,2,0,0,0,0,0,0,5406,0,3510,1896,0
51285,18.738000,18.614433,18.635949,0.000000,0.000250,0.000000,0.000000,0.075916,0.021584,1.280375,646,8153335,151351,0,2,0,2,0,0,0,0,0,0,7208,0,4680,2528,0
51286,19.326833,19.139849,19.155673,0.000000,0.000291,0.000000,0.000000,0.064583,0.029959,0.640292,628,8060935,152327,0,2,0,2,0,0,0,0,0,0,5406,0,3510,1896,0
51287,19.746958,19.652635,19.482366,0.000000,0.000209,0.000000,0.000000,0.085084,0.016000,0.824209,654,8122330,152644,0,2,0,2,0,0,0,0,0,0,7447,0,3510,3937,0
51288,18.245834,18.092208,18.085090,0.000000,0.000458,0.000000,0.000000,0.068958,0.017333,0.933958,644,8137942,152090,0,2,0,2,0,0,0,0,0,0,7208,0,4680,2528,0
51289,17.752333,17.650983,17.650940,0.000000,0.000416,0.000000,0.000000,0.094083,0.016542,1.169458,630,8077814,151788,0,2,0,2,0,0,0,0,0,0,5406,0,3510,1896,0
51290,17.942917,17.771938,17.740162,0.000000,0.000333,0.000000,0.000000,0.083458,0.019208,0.488917,632,8090349,151681,0,2,0,2,0,0,0,0,0,0,5406,0,3510,1896,0
51291,18.268041,18.133712,18.131549,0.000000,0.000417,0.000000,0.000000,0.075792,0.018667,0.924709,642,8153363,151780,0,2,0,2,0,0,0,0,0,0,7208,0,4680,2528,0
51292,19.236375,19.138035,19.116152,0.000000,0.000750,0.000000,0.000000,0.078084,0.044375,1.774416,630,8076369,152881,0,2,0,2,0,0,0,0,0,0,5406,0,3510,1896,0
51293,18.198084,18.066461,18.014655,0.000000,0.000542,0.000000,0.000000,0.110958,0.046750,1.044209,630,8091772,151245,0,2,0,2,0,0,0,0,0,0,5406,0,3510,1896,0
51294,18.702250,18.503413,18.487898,0.000000,0.000541,0.000000,0.000000,0.077291,0.025584,0.289625,643,8137899,151043,0,2,0,2,0,0,0,0,0,0,7208,0,4680,2528,0
51295,18.877791,18.783841,18.782955,0.000000,0.000293,0.000000,0.000000,0.063584,0.043833,1.172875,633,8122844,157098,0,2,0,2,0,0,0,0,0,0,5406,0,3510,1896,0
51296,18.393125,18.270912,18.266566,0.000000,0.000375,0.000000,0.000000,0.087042,0.050083,1.240917,629,8091708,156338,0,2,0,2,0,0,0,0,0,0,5406,0,3510,1896,0
51297,17.449334,17.286971,17.313429,0.000000,0.000293,0.000000,0.000000,0.069708,0.015125,0.446459,642,8122573,151865,0,2,0,2,0,0,0,0,0,0,7208,0,4680,2528,0
51298,18.925916,18.824532,18.823806,0.000000,0.000334,0.000000,0.000000,0.076417,0.033583,1.257333,629,8091684,154222,0,2,0,2,0,0,0,0,0,0,5406,0,3510,1896,0
51299,17.636917,17.487877,17.470072,0.000000,0.000292,0.000000,0.000000,0.079708,0.016292,0.772917,630,8101930,152945,0,2,0,2,0,0,0,0,0,0,5406,0,3510,1896,0
51300,17.624375,17.475860,17.473576,0.000000,0.000251,0.000000,0.000000,0.069250,0.017542,0.996084,643,8127766,152500,0,2,0,2,0,0,0,0,0,0,7208,0,4680,2528,0
51301,18.429042,18.256127,18.273463,0.000000,0.000375,0.000000,0.000000,0.075541,0.027250,0.648000,628,8060909,152718,0,2,0,2,0,0,0,0,0,0,5406,0,3510,1896,0
51302,17.779250,17.723952,17.718004,0.000000,0.000334,0.000000,0.000000,0.089666,0.026959,0.784749,647,8122697,153666,0,2,0,2,0,0,0,0,0,0,5406,0,3510,1896,0
51303,19.607791,19.411462,19.337577,0.000000,0.000333,0.000000,0.000000,0.093292,0.015917,0.640834,641,8107129,151616,0,2,0,2,0,0,0,0,0,0,7208,0,4680,2528,0
51304,18.034375,17.922827,17.919660,0.000000,0.000417,0.000000,0.000000,0.089917,0.016500,0.725458,629,8096265,153567,0,2,0,2,0,0,0,0,0,0,5406,0,3510,1896,0
51305,17.932417,17.818047,17.782593,0.000000,0.000375,0.000000,0.000000,0.084542,0.054666,1.228417,634,8118183,152970,0,2,0,2,0,0,0,0,0,0,5406,0,3510,1896,0
51306,17.650417,17.485199,17.447451,0.000000,0.000417,0.000000,0.000000,0.077333,0.025958,0.956875,639,8091608,152384,0,2,0,2,0,0,0,0,0,0,7208,0,4680,2528,0
51307,18.931208,18.855058,18.851580,0.000000,0.000500,0.000000,0.000000,0.078417,0.024458,1.275792,635,8122701,152902,0,2,0,2,0,0,0,0,0,0,5406,0,3510,1896,0
51308,18.706000,18.560495,18.579704,0.000000,0.000624,0.000000,0.000000,0.091708,0.019584,0.632833,629,8101092,153571,0,2,0,2,0,0,0,0,0,0,5657,0,3510,2147,0
51309,18.837750,18.679378,18.715180,0.000000,0.000416,0.000000,0.000000,0.079000,0.029250,1.223626,639,8113262,151855,0,2,0,2,0,0,0,0,0,0,6957,0,4680,2277,0
51310,21.707833,21.550050,21.350590,0.000000,0.000542,0.000000,0.000000,0.086209,0.022833,0.941625,635,8122574,178228,0,2,0,2,0,0,0,0,0,0,5535,0,3510,2025,0
51311,18.178292,18.031611,18.021856,0.000000,0.000334,0.000000,0.000000,0.070208,0.041625,0.963666,641,8107228,147900,0,2,0,2,0,0,0,0,0,0,7208,0,4680,2528,0
51312,17.375167,17.213352,17.190184,0.000000,0.000376,0.000000,0.000000,0.076708,0.014625,0.350208,631,8064685,150744,0,2,0,2,0,0,0,0,0,0,5534,0,3510,2024,0
51313,18.827250,18.759207,18.711669,0.000000,0.000375,0.000000,0.000000,0.080875,0.032375,1.227708,636,8165193,157950,0,2,0,2,0,0,0,0,0,0,5524,0,3510,2014,0
51314,17.535666,17.405380,17.403074,0.000000,0.000334,0.000000,0.000000,0.067209,0.038583,0.775583,641,8107075,149305,0,2,0,2,0,0,0,0,0,0,7208,0,4680,2528,0
51315,17.229250,17.108124,17.120698,0.000000,0.000334,0.000000,0.000000,0.057792,0.035958,1.328625,631,8107025,149290,0,2,0,2,0,0,0,0,0,0,5406,0,3510,1896,0
51316,17.457667,17.289915,17.303440,0.000000,0.000583,0.000000,0.000000,0.085792,0.027375,0.457375,630,8092051,147930,0,2,0,2,0,0,0,0,0,0,5406,0,3510,1896,0
51317,17.667625,17.531703,17.528144,0.000000,0.000291,0.000000,0.000000,0.080625,0.038250,0.701459,639,8091360,146530,0,2,0,2,0,0,0,0,0,0,7208,0,4680,2528,0
51318,18.374750,18.285072,18.295703,0.000000,0.000418,0.000000,0.000000,0.073000,0.044917,1.276291,631,8138137,149607,0,2,0,2,0,0,0,0,0,0,5406,0,3510,1896,0
51319,17.193417,17.020620,17.002809,0.000000,0.000458,0.000000,0.000000,0.071416,0.016084,0.649833,629,8060922,151433,0,2,0,2,0,0,0,0,0,0,5406,0,3510,1896,0
51320,17.903750,17.804998,17.780997,0.000000,0.000376,0.000000,0.000000,0.068375,0.016791,1.162667,643,8153392,146866,0,2,0,2,0,0,0,0,0,0,7208,0,4680,2528,0
51321,17.870333,17.722720,17.714074,0.000000,0.000332,0.000000,0.000000,0.081958,0.022750,1.140001,630,8091766,145814,0,2,0,2,0,0,0,0,0,0,5406,0,3510,1896,0
51322,18.028875,17.895121,17.896202,0.000000,0.000418,0.000000,0.000000,0.081083,0.017459,0.410542,634,8107270,145252,0,2,0,2,0,0,0,0,0,0,5406,0,3510,1896,0
51323,18.322833,18.203670,18.187840,0.000000,0.000418,0.000000,0.000000,0.072542,0.022708,1.156293,640,8107197,146593,0,2,0,2,0,0,0,0,0,0,7208,0,4680,2528,0
51324,17.925917,17.765540,17.782950,0.000000,0.000417,0.000000,0.000000,0.062875,0.015167,0.804833,629,8107099,147840,0,2,0,2,0,0,0,0,0,0,5406,0,3510,1896,0
51325,18.706708,18.647824,18.640539,0.000000,0.000418,0.000000,0.000000,0.114250,0.017209,0.310500,635,8122626,149612,0,2,0,2,0,0,0,0,0,0,5721,0,3510,2211,0
51326,20.071667,19.939798,19.949121,0.000000,0.000625,0.000000,0.000000,0.137000,0.016625,0.636833,645,8122479,156650,0,2,0,2,0,0,0,0,0,0,7379,0,4680,2699,0
51327,20.928333,20.768549,20.761471,0.000000,0.000791,0.000000,0.000000,0.132084,0.019750,0.627333,629,8076216,151244,0,2,0,2,0,0,0,0,0,0,5406,0,3510,1896,0
51328,19.409459,19.232537,19.244832,0.000000,0.000375,0.000000,0.000000,0.074291,0.032667,0.970375,631,8103414,147057,0,2,0,2,0,0,0,0,0,0,5406,0,3510,1896,0
51329,17.510125,17.260765,17.272569,0.000000,0.000416,0.000000,0.000000,0.075958,0.013750,1.312624,641,8064438,147867,0,2,0,2,0,0,0,0,0,0,7353,0,4680,2673,0
51330,18.738750,18.731674,18.728502,0.000000,0.000334,0.000000,0.000000,0.075291,0.014875,0.608500,638,8184657,153153,0,2,0,2,0,0,0,0,0,0,5628,0,3510,2118,0
51331,17.659250,17.394802,17.417060,0.000000,0.000333,0.000000,0.000000,0.063833,0.020542,0.903417,631,8029676,157079,0,2,0,2,0,0,0,0,0,0,5721,0,3510,2211,0
51332,18.461000,18.474428,18.477004,0.000000,0.000334,0.000000,0.000000,0.070000,0.036916,0.949750,646,8137943,154561,0,2,0,2,0,0,0,0,0,0,7379,0,4680,2699,0
51333,17.891250,17.760549,17.773215,0.000000,0.000292,0.000000,0.000000,0.077458,0.045333,0.640250,631,8107130,153563,0,2,0,2,0,0,0,0,0,0,5406,0,3510,1896,0
51334,16.895583,16.789343,16.774984,0.000000,0.000291,0.000000,0.000000,0.086750,0.038250,1.054376,636,8138312,150582,0,2,0,2,0,0,0,0,0,0,5603,0,3510,2093,0
51335,17.703583,17.520268,17.501715,0.000000,0.000291,0.000000,0.000000,0.069459,0.025125,1.285209,641,8091368,153895,0,2,0,2,0,0,0,0,0,0,7208,0,4680,2528,0
51336,17.652792,17.529288,17.538434,0.000000,0.000416,0.000000,0.000000,0.067542,0.037708,0.607458,626,8091791,153245,0,2,0,2,0,0,0,0,0,0,5406,0,3510,1896,0
51337,18.501167,18.386741,18.294825,0.000000,0.002624,0.000000,0.000000,0.115625,0.029625,0.591584,632,8107445,148843,0,2,0,2,0,0,0,0,0,0,5406,0,3510,1896,0
51338,18.304666,18.181079,18.137086,0.000000,0.000417,0.000000,0.000000,0.081125,0.035875,0.598751,641,8122241,148158,0,2,0,2,0,0,0,0,0,0,7208,0,4680,2528,0
51339,19.080792,18.927633,18.922517,0.000000,0.000375,0.000000,0.000000,0.077542,0.033458,1.278750,631,8107294,149152,0,2,0,2,0,0,0,0,0,0,5406,0,3510,1896,0
51340,17.384375,17.253124,17.244077,0.000000,0.000208,0.000000,0.000000,0.069292,0.014458,0.654583,630,8092033,146587,0,2,0,2,0,0,0,0,0,0,5406,0,3510,1896,0
51341,16.954250,16.823848,16.738779,0.000000,0.000584,0.000000,0.000000,0.072792,0.026541,0.630416,642,8106866,143023,0,2,0,2,0,0,0,0,0,0,7208,0,4680,2528,0
51342,18.300875,18.175403,18.155457,0.000000,0.000417,0.000000,0.000000,0.076583,0.023417,1.311375,630,8112672,146707,0,2,0,2,0,0,0,0,0,0,5406,0,3510,1896,0
51343,19.357167,19.221005,19.197505,0.000000,0.000418,0.000000,0.000000,0.081250,0.027000,0.935125,632,8117202,147361,0,2,0,2,0,0,0,0,0,0,5406,0,3510,1896,0
51344,18.391916,18.237544,18.216834,0.000000,0.000542,0.000000,0.000000,0.068959,0.015083,0.945791,639,8091635,143945,0,2,0,2,0,0,0,0,0,0,7208,0,4680,2528,0
51345,18.465042,18.333603,18.275231,0.000000,0.000542,0.000000,0.000000,0.090083,0.021084,0.593792,633,8122612,148655,0,2,0,2,0,0,0,0,0,0,5406,0,3510,1896,0
51346,18.564875,18.354109,18.372110,0.000000,0.000458,0.000000,0.000000,0.076083,0.023250,0.961416,630,8076445,145788,0,2,0,2,0,0,0,0,0,0,5406,0,3510,1896,0
51347,17.517083,17.428850,17.443743,0.000000,0.000458,0.000000,0.000000,0.068000,0.043792,0.618166,645,8137956,146586,0,2,0,2,0,0,0,0,0,0,7307,0,4680,2627,0
51348,19.043625,19.008489,19.012586,0.000000,0.000417,0.000000,0.000000,0.112834,0.063666,1.308000,635,8137983,152849,0,2,0,2,0,0,0,0,0,0,5506,0,3510,1996,0
51349,19.752959,19.477966,19.437763,0.000000,0.000500,0.000000,0.000000,0.082583,0.032083,1.336542,627,8045474,150931,0,2,0,2,0,0,0,0,0,0,5406,0,3510,1896,0
51350,18.933375,18.797045,18.798998,0.000000,0.000335,0.000000,0.000000,0.084000,0.016666,1.274833,643,8106971,143751,0,2,0,2,0,0,0,0,0,0,7208,0,4680,2528,0
51351,17.494875,17.398202,17.412170,0.000000,0.000375,0.000000,0.000000,0.065500,0.014000,0.662500,633,8122691,148323,0,2,0,2,0,0,0,0,0,0,5406,0,3510,1896,0
51352,17.215291,17.092747,17.077324,0.000000,0.000500,0.000000,0.000000,0.076459,0.019833,1.332750,631,8107277,146317,0,2,0,2,0,0,0,0,0,0,5406,0,3510,1896,0
51353,16.495834,16.368957,16.381005,0.000000,0.000375,0.000000,0.000000,0.073166,0.015334,0.654625,643,8122493,146120,0,2,0,2,0,0,0,0,0,0,7208,0,4680,2528,0
51354,17.924291,17.813363,17.827008,0.000000,0.000335,0.000000,0.000000,0.085875,0.025000,0.959291,632,8091725,152775,0,2,0,2,0,0,0,0,0,0,5506,0,3510,1996,0
51355,20.194125,20.039954,19.960027,0.000000,0.000208,0.000000,0.000000,0.082959,0.015458,0.946543,650,8153438,153741,0,2,0,2,0,0,0,0,0,0,5863,0,3510,2353,0
51356,19.864250,19.697419,19.670461,0.000000,0.000416,0.000000,0.000000,0.081167,0.015667,1.234208,645,8106940,163230,0,2,0,2,0,0,0,0,0,0,7554,0,4680,2874,0
51357,18.453750,18.311454,18.323546,0.000000,0.000584,0.000000,0.000000,0.082000,0.029125,0.893001,628,8060873,152736,0,2,0,2,0,0,0,0,0,0,5406,0,3510,1896,0
51358,18.714250,18.587706,18.588735,0.000000,0.000376,0.000000,0.000000,0.084292,0.020167,0.473916,631,8107383,147336,0,2,0,2,0,0,0,0,0,0,5406,0,3510,1896,0
51359,17.770209,17.745628,17.742165,0.000000,0.000459,0.000000,0.000000,0.164875,0.017125,0.803417,638,8122372,146225,0,2,0,2,0,0,0,0,0,0,7208,0,4680,2528,0
51360,17.363375,17.119454,17.106786,0.000000,0.000459,0.000000,0.000000,0.086208,0.038750,1.121667,631,8091827,144776,0,2,0,2,0,0,0,0,0,0,5406,0,3510,1896,0
51361,17.972166,17.836273,17.848906,0.000000,0.000415,0.000000,0.000000,0.078625,0.016042,0.314833,630,8107273,145339,0,2,0,2,0,0,0,0,0,0,6521,0,4113,2408,0
51362,18.043167,17.907508,17.904734,0.000000,0.000292,0.000000,0.000000,0.066750,0.022208,1.031208,641,8122578,146495,0,2,0,2,0,0,0,0,0,0,6093,0,4077,2016,0
51363,18.547875,18.353623,18.364125,0.000000,0.000333,0.000000,0.000000,0.087792,0.029916,1.290166,632,8091777,152279,0,2,0,2,0,0,0,0,0,0,5406,0,3510,1896,0
51364,18.310208,18.256779,18.228246,0.000000,0.000334,0.000000,0.000000,0.077625,0.057292,0.472791,641,8122482,144333,0,2,0,2,0,0,0,0,0,0,7208,0,4680,2528,0
51365,19.399875,19.179625,18.936790,0.000000,0.000500,0.000000,0.000000,0.080917,0.014875,0.646417,632,8091742,146675,0,2,0,2,0,0,0,0,0,0,5406,0,3510,1896,0
51366,17.380084,17.185791,17.177124,0.000000,0.000499,0.000000,0.000000,0.084041,0.015125,0.946083,632,8076210,145062,0,2,0,2,0,0,0,0,0,0,5863,0,3510,2353,0
51367,18.767625,18.758780,18.772681,0.000000,0.000292,0.000000,0.000000,0.076458,0.015208,0.989333,645,8137881,158609,0,2,0,2,0,0,0,0,0,0,7456,0,4680,2776,0
51368,18.201916,18.085576,18.101220,0.000000,0.000625,0.000000,0.000000,0.096542,0.032625,0.621791,632,8122655,145562,0,2,0,2,0,0,0,0,0,0,5406,0,3510,1896,0
51369,19.319750,19.180151,19.085794,0.000000,0.000542,0.000000,0.000000,0.090542,0.023750,0.621000,632,8091798,142776,0,2,0,2,0,0,0,0,0,0,5406,0,3510,1896,0
51370,19.249292,19.048549,19.072575,0.000000,0.000459,0.000000,0.000000,0.080125,0.022583,0.938876,640,8107047,142669,0,2,0,2,0,0,0,0,0,0,7208,0,4680,2528,0
51371,18.325333,18.222615,18.232509,0.000000,0.004167,0.000000,0.000000,0.085459,0.015458,1.234792,632,8122945,146536,0,2,0,2,0,0,0,0,0,0,5406,0,3510,1896,0
51372,16.710834,16.574325,16.577453,0.000000,0.000416,0.000000,0.000000,0.071333,0.032542,0.646417,632,8091681,145284,0,2,0,2,0,0,0,0,0,0,5406,0,3510,1896,0
51373,16.855041,16.739620,16.729483,0.000000,0.000458,0.000000,0.000000,0.084292,0.023542,1.312208,641,8107084,144671,0,2,0,2,0,0,0,0,0,0,7208,0,4680,2528,0
51374,17.682084,17.518502,17.525578,0.000000,0.000334,0.000000,0.000000,0.105041,0.028584,1.295917,634,8107071,147069,0,2,0,2,0,0,0,0,0,0,5503,0,3510,1993,0
51375,18.249958,18.137656,18.070588,0.000000,0.000333,0.000000,0.000000,0.076208,0.039042,0.662667,634,8138280,151377,0,2,0,2,0,0,0,0,0,0,5507,0,3510,1997,0
51376,17.309083,17.186979,17.192611,0.000000,0.000250,0.000000,0.000000,0.076542,0.014833,1.022750,639,8081464,150274,0,2,0,2,0,0,0,0,0,0,7208,0,4680,2528,0
51377,17.593167,17.451573,17.445038,0.000000,0.000459,0.000000,0.000000,0.071792,0.038833,0.636042,630,8101745,148071,0,2,0,2,0,0,0,0,0,0,5406,0,3510,1896,0
51378,17.278208,17.183539,17.182678,0.000000,0.000500,0.000000,0.000000,0.093292,0.014833,0.904250,633,8122703,147842,0,2,0,2,0,0,0,0,0,0,5406,0,3510,1896,0
51379,18.440875,18.301880,18.281873,0.000000,0.000376,0.000000,0.000000,0.076625,0.032709,1.253375,639,8091606,144352,0,2,0,2,0,0,0,0,0,0,7208,0,4680,2528,0
51380,18.963125,18.793677,18.820824,0.000000,0.000583,0.000000,0.000000,0.087334,0.015000,0.953708,636,8138153,147682,0,2,0,2,0,0,0,0,0,0,5406,0,3510,1896,0
51381,18.347250,18.216622,18.232326,0.000000,0.000500,0.000000,0.000000,0.081042,0.019292,0.289042,628,8061061,149424,0,2,0,2,0,0,0,0,0,0,5507,0,3510,1997,0
51382,20.996167,20.856866,20.542956,0.000000,0.000459,0.000000,0.000000,0.086708,0.025250,0.583125,644,8122280,148425,0,2,0,2,0,0,0,0,0,0,7208,0,4680,2528,0
51383,16.915292,16.756533,16.775968,0.000000,0.000334,0.000000,0.000000,0.062000,0.012791,0.897083,631,8107260,148543,0,2,0,2,0,0,0,0,0,0,5406,0,3510,1896,0
51384,17.061458,16.869577,16.851699,0.000000,0.000417,0.000000,0.000000,0.062375,0.013875,0.607708,629,8091992,148482,0,2,0,2,0,0,0,0,0,0,5406,0,3510,1896,0
51385,17.473625,17.403380,17.392041,0.000000,0.000418,0.000000,0.000000,0.092250,0.021833,1.071750,642,8122263,149304,0,2,0,2,0,0,0,0,0,0,7208,0,4680,2528,0
51386,18.992750,18.813494,18.615367,0.000000,0.000500,0.000000,0.000000,0.071042,0.037333,0.912751,632,8091822,149044,0,2,0,2,0,0,0,0,0,0,5406,0,3510,1896,0
51387,18.040125,17.920096,17.936241,0.000000,0.000209,0.000000,0.000000,0.061750,0.028125,1.217751,631,8107247,149260,0,2,0,2,0,0,0,0,0,0,5406,0,3510,1896,0
51388,18.245792,18.122312,18.143422,0.000000,0.000417,0.000000,0.000000,0.080750,0.023333,0.608916,642,8122494,147065,0,2,0,2,0,0,0,0,0,0,7208,0,4680,2528,0
51389,18.746708,18.551675,18.550457,0.000000,0.000541,0.000000,0.000000,0.075292,0.014500,0.900541,633,8091778,148303,0,2,0,2,0,0,0,0,0,0,5406,0,3510,1896,0
51390,16.980792,16.883065,16.886390,0.000000,0.000291,0.000000,0.000000,0.062583,0.010625,1.250708,631,8116392,147404,0,2,0,2,0,0,0,0,0,0,5406,0,3510,1896,0
51391,16.507500,16.398189,16.406179,0.000000,0.000458,0.000000,0.000000,0.067666,0.013417,0.609250,642,8113310,147297,0,2,0,2,0,0,0,0,0,0,7208,0,4680,2528,0
51392,16.672458,16.586652,16.552502,0.000000,0.000415,0.000000,0.000000,0.077792,0.037000,0.907250,632,8107275,147859,0,2,0,2,0,0,0,0,0,0,5406,0,3510,1896,0
51393,15.826625,15.680633,15.699808,0.000000,0.000208,0.000000,0.000000,0.066792,0.025916,0.608333,633,8107481,145707,0,2,0,2,0,0,0,0,0,0,5406,0,3510,1896,0
51394,16.433917,16.259038,16.277620,0.000000,0.000250,0.000000,0.000000,0.066958,0.013250,0.914042,663,8122152,148661,0,2,0,2,0,0,0,0,0,0,9249,0,4680,4569,0
51395,15.856041,15.778421,15.775215,0.000000,0.000334,0.000000,0.000000,0.061334,0.035875,0.615541,638,8137718,151962,0,2,0,2,0,0,0,0,0,0,5863,0,3510,2353,0
51396,18.735459,18.599329,18.619138,0.000000,0.000375,0.000000,0.000000,0.072750,0.026875,1.230667,629,8045368,162363,0,2,0,2,0,0,0,0,0,0,5706,0,3510,2196,0
51397,19.130083,19.013961,18.637594,0.000000,0.000375,0.000000,0.000000,0.073083,0.015292,0.865792,644,8122423,149869,0,2,0,2,0,0,0,0,0,0,7208,0,4680,2528,0
51398,16.466750,16.284136,16.303894,0.000000,0.000292,0.000000,0.000000,0.056708,0.012084,0.298958,630,8091992,148952,0,2,0,2,0,0,0,0,0,0,5406,0,3510,1896,0
51399,16.038583,15.985374,15.997654,0.000000,0.000293,0.000000,0.000000,0.053334,0.035958,0.745249,633,8122512,146844,0,2,0,2,0,0,0,0,0,0,5406,0,3510,1896,0
51400,16.192875,16.079168,16.098582,0.000000,0.000500,0.000000,0.000000,0.066875,0.037250,0.448875,643,8137915,146608,0,2,0,2,0,0,0,0,0,0,7208,0,4680,2528,0
51401,16.220459,16.055742,16.066951,0.000000,0.000543,0.000000,0.000000,0.072708,0.013625,0.741999,627,8060947,147273,0,2,0,2,0,0,0,0,0,0,5406,0,3510,1896,0
51402,15.865333,15.769600,15.765036,0.000000,0.000207,0.000000,0.000000,0.067500,0.035958,0.446875,634,8138128,148430,0,2,0,2,0,0,0,0,0,0,5406,0,3510,1896,0
51403,17.476458,17.340880,17.361792,0.000000,0.000333,0.000000,0.000000,0.063250,0.013250,0.578667,643,8122350,152612,0,2,0,2,0,0,0,0,0,0,7393,0,4680,2713,0
51404,17.734125,17.589804,17.594789,0.000000,0.000250,0.000000,0.000000,0.055834,0.037500,0.977250,630,8076382,152611,0,2,0,2,0,0,0,0,0,0,5406,0,3510,1896,0
51405,17.461417,17.316524,17.332594,0.000000,0.000499,0.000000,0.000000,0.065208,0.027084,0.608000,631,8091870,149292,0,2,0,2,0,0,0,0,0,0,5406,0,3510,1896,0
51406,18.770750,18.633633,18.651673,0.000000,0.000542,0.000000,0.000000,0.085042,0.020916,0.739625,641,8122429,146992,0,2,0,2,0,0,0,0,0,0,7208,0,4680,2528,0
51407,17.983000,17.839670,17.861664,0.000000,0.000541,0.000000,0.000000,0.057792,0.027125,1.238917,632,8091834,149061,0,2,0,2,0,0,0,0,0,0,5406,0,3510,1896,0
51408,17.073667,16.840422,16.861744,0.000000,0.000417,0.000000,0.000000,0.080291,0.030625,0.609125,643,8091811,148458,0,2,0,2,0,0,0,0,0,0,5507,0,3510,1997,0
51409,18.301416,18.230458,18.252635,0.000000,0.000291,0.000000,0.000000,0.056209,0.018958,0.740249,640,8124047,149007,0,2,0,2,0,0,0,0,0,0,7208,0,4680,2528,0
51410,17.773084,17.695687,17.715210,0.000000,0.000416,0.000000,0.000000,0.074166,0.015000,1.225708,633,8121086,146690,0,2,0,2,0,0,0,0,0,0,5406,0,3510,1896,0
51411,16.994333,16.871890,16.883850,0.000000,0.000290,0.000000,0.000000,0.063458,0.037709,0.618875,632,8107264,148276,0,2,0,2,0,0,0,0,0,0,5406,0,3510,1896,0
51412,15.976375,15.769214,15.787811,0.000000,0.000209,0.000000,0.000000,0.060083,0.014917,0.900875,639,8091621,145770,0,2,0,2,0,0,0,0,0,0,7208,0,4680,2528,0
51413,16.405333,16.412147,16.411305,0.000000,0.000375,0.000000,0.000000,0.111167,0.021833,0.349916,634,8138190,147531,0,2,0,2,0,0,0,0,0,0,5406,0,3510,1896,0
51414,18.445792,18.224405,17.807917,0.000000,0.000418,0.000000,0.000000,0.062625,0.021167,0.590250,632,8091912,149079,0,2,0,2,0,0,0,0,0,0,7055,0,4536,2519,0
51415,20.117208,19.918420,19.923574,0.000000,0.000416,0.000000,0.000000,0.074042,0.021500,1.098125,638,8091397,153607,0,2,0,2,0,0,0,0,0,0,5660,0,3654,2006,0
51416,17.159417,17.093091,17.111182,0.000000,0.000624,0.000000,0.000000,0.061542,0.019458,1.265250,638,8138097,149738,0,2,0,2,0,0,0,0,0,0,5563,0,3510,2053,0
51417,19.981917,19.871125,19.890060,0.000000,0.000417,0.000000,0.000000,0.072750,0.035000,0.614583,644,8106970,162940,0,2,0,2,0,0,0,0,0,0,7461,0,4680,2781,0
51418,19.379541,19.203825,19.203760,0.000000,0.000417,0.000000,0.000000,0.073084,0.043958,1.303999,630,8091849,150535,0,2,0,2,0,0,0,0,0,0,5406,0,3510,1896,0
51419,17.432292,17.320249,17.323666,0.000000,0.000375,0.000000,0.000000,0.076500,0.057833,0.915209,633,8107158,148445,0,2,0,2,0,0,0,0,0,0,5406,0,3510,1896,0
51420,17.135042,16.991840,16.988582,0.000000,0.000458,0.000000,0.000000,0.056083,0.038208,1.357251,639,8107104,150556,0,2,0,2,0,0,0,0,0,0,7208,0,4680,2528,0
51421,19.135333,18.992463,18.878246,0.000000,0.000375,0.000000,0.000000,0.112625,0.022292,0.625125,629,8091783,156715,0,2,0,2,0,0,0,0,0,0,5406,0,3510,1896,0
51422,18.182167,18.043112,17.973117,0.000000,0.000499,0.000000,0.000000,0.097000,0.024000,0.947250,634,8122676,151375,0,2,0,2,0,0,0,0,0,0,5406,0,3510,1896,0
51423,18.573833,18.439673,18.389518,0.000000,0.000584,0.000000,0.000000,0.085208,0.023000,0.996875,642,8122502,150310,0,2,0,2,0,0,0,0,0,0,7208,0,4680,2528,0
51424,19.632167,19.517786,19.511007,0.000000,0.000333,0.000000,0.000000,0.083166,0.023667,0.959916,631,8091805,157005,0,2,0,2,0,0,0,0,0,0,5406,0,3510,1896,0
51425,19.093875,19.228255,19.221212,0.000000,0.000584,0.000000,0.000000,0.098750,0.282125,0.608750,637,8184472,158549,0,2,0,2,0,0,0,0,0,0,5406,0,3510,1896,0
51426,20.119083,19.665626,19.640420,0.000000,0.000417,0.000000,0.000000,0.079000,0.024917,0.636624,633,8029801,152091,0,2,0,2,0,0,0,0,0,0,7208,0,4680,2528,0
51427,18.665417,18.501898,18.494295,0.000000,0.000459,0.000000,0.000000,0.079625,0.016333,0.904167,633,8091799,157018,0,2,0,2,0,0,0,0,0,0,5406,0,3510,1896,0
51428,18.619625,18.491044,18.493747,0.000000,0.000375,0.000000,0.000000,0.088791,0.016834,0.981833,631,8107307,155010,0,2,0,2,0,0,0,0,0,0,5406,0,3510,1896,0
51429,19.429916,19.356045,19.281245,0.000000,0.000293,0.000000,0.000000,0.087792,0.015958,0.949041,645,8153312,152401,0,2,0,2,0,0,0,0,0,0,7208,0,4680,2528,0
51430,18.697292,18.551927,18.559532,0.000000,0.000290,0.000000,0.000000,0.071500,0.030167,0.611959,630,8076421,154336,0,2,0,2,0,0,0,0,0,0,5406,0,3510,1896,0
51431,17.968333,17.803266,17.782550,0.000000,0.000374,0.000000,0.000000,0.067500,0.045417,0.908834,632,8107219,153659,0,2,0,2,0,0,0,0,0,0,5406,0,3510,1896,0
51432,18.443167,18.337337,18.299207,0.000000,0.000458,0.000000,0.000000,0.084083,0.014792,0.983541,642,8107012,152041,0,2,0,2,0,0,0,0,0,0,7208,0,4680,2528,0
51433,18.349208,18.245788,18.242177,0.000000,0.000374,0.000000,0.000000,0.077209,0.021666,1.277291,632,8122699,149163,0,2,0,2,0,0,0,0,0,0,5406,0,3510,1896,0
51434,18.177959,18.032947,18.061086,0.000000,0.000374,0.000000,0.000000,0.068208,0.021792,0.611042,633,8091750,154020,0,2,0,2,0,0,0,0,0,0,5577,0,3510,2067,0
51435,17.440291,17.290068,17.295190,0.000000,0.000459,0.000000,0.000000,0.088667,0.019125,1.303000,644,8140554,145696,0,2,0,2,0,0,0,0,0,0,7208,0,4680,2528,0
51436,16.923667,16.738551,16.752690,0.000000,0.000542,0.000000,0.000000,0.072667,0.020458,0.638000,628,8058244,146723,0,2,0,2,0,0,0,0,0,0,5406,0,3510,1896,0
51437,17.949500,17.906927,17.874282,0.000000,0.000458,0.000000,0.000000,0.092375,0.028000,0.696667,633,8122745,146904,0,2,0,2,0,0,0,0,0,0,5406,0,3510,1896,0
51438,18.612000,18.467790,18.441590,0.000000,0.000500,0.000000,0.000000,0.080208,0.022709,1.149500,644,8138014,146761,0,2,0,2,0,0,0,0,0,0,7208,0,4680,2528,0
51439,18.469167,18.325707,18.332331,0.000000,0.000374,0.000000,0.000000,0.082208,0.016167,0.910000,630,8076258,154642,0,2,0,2,0,0,0,0,0,0,5406,0,3510,1896,0
51440,16.757208,16.644421,16.628890,0.000000,0.000293,0.000000,0.000000,0.070250,0.045875,0.292959,633,8107218,144630,0,2,0,2,0,0,0,0,0,0,5406,0,3510,1896,0
51441,16.865708,16.688380,16.689001,0.000000,0.000291,0.000000,0.000000,0.073792,0.036917,1.257042,640,8091604,144011,0,2,0,2,0,0,0,0,0,0,7208,0,4680,2528,0
51442,17.282917,17.191143,17.191325,0.000000,0.000417,0.000000,0.000000,0.076792,0.020541,0.292708,633,8122639,148156,0,2,0,2,0,0,0,0,0,0,5406,0,3510,1896,0
51443,17.346375,17.195704,17.178911,0.000000,0.000334,0.000000,0.000000,0.067333,0.019042,0.930249,632,8107333,146014,0,2,0,2,0,0,0,0,0,0,5406,0,3510,1896,0
51444,16.772708,16.644413,16.647132,0.000000,0.000375,0.000000,0.000000,0.076834,0.018708,1.291125,639,8106932,144903,0,2,0,2,0,0,0,0,0,0,7208,0,4680,2528,0
51445,18.685000,18.519503,18.511670,0.000000,0.000667,0.000000,0.000000,0.079542,0.034417,0.650708,630,8107376,147281,0,2,0,2,0,0,0,0,0,0,5406,0,3510,1896,0
51446,17.915917,17.828025,17.808812,0.000000,0.000332,0.000000,0.000000,0.068958,0.030625,0.943416,634,8122579,146026,0,2,0,2,0,0,0,0,0,0,5406,0,3510,1896,0
51447,16.924708,16.741414,16.746447,0.000000,0.000334,0.000000,0.000000,0.073625,0.013292,1.293124,638,8091615,144760,0,2,0,2,0,0,0,0,0,0,7208,0,4680,2528,0
51448,19.568250,19.410133,19.321918,0.000000,0.000542,0.000000,0.000000,0.097292,0.016583,0.289917,632,8107239,147267,0,2,0,2,0,0,0,0,0,0,5406,0,3510,1896,0
51449,17.799167,17.709420,17.716750,0.000000,0.000168,0.000000,0.000000,0.084083,0.015292,0.951751,633,8107247,145015,0,2,0,2,0,0,0,0,0,0,5406,0,3510,1896,0
51450,17.330833,17.179380,17.187860,0.000000,0.000416,0.000000,0.000000,0.080542,0.045208,1.291583,639,8091541,144235,0,2,0,2,0,0,0,0,0,0,7208,0,4680,2528,0
51451,18.007209,17.864673,17.862498,0.000000,0.000375,0.000000,0.000000,0.078625,0.023083,0.642750,633,8122707,147586,0,2,0,2,0,0,0,0,0,0,5406,0,3510,1896,0
51452,18.391208,18.290787,18.273068,0.000000,0.000499,0.000000,0.000000,0.097250,0.019833,0.918417,633,8107322,145490,0,2,0,2,0,0,0,0,0,0,5406,0,3510,1896,0
51453,19.741417,19.607204,19.291579,0.000000,0.003000,0.000000,0.000000,0.081333,0.025125,0.704292,641,8107878,144112,0,2,0,2,0,0,0,0,0,0,7208,0,4680,2528,0
51454,18.495875,18.326078,18.304035,0.000000,0.000375,0.000000,0.000000,0.078083,0.014792,1.313499,631,8106345,146601,0,2,0,2,0,0,0,0,0,0,5406,0,3510,1896,0
51455,18.049375,17.935224,17.946077,0.000000,0.000126,0.000000,0.000000,0.088000,0.027416,0.641250,633,8107271,144919,0,2,0,2,0,0,0,0,0,0,5406,0,3510,1896,0
51456,18.524458,18.252246,18.247006,0.000000,0.000375,0.000000,0.000000,0.077750,0.024458,0.837750,640,8076070,145074,0,2,0,2,0,0,0,0,0,0,7444,0,4680,2764,0
51457,20.658500,20.654150,20.541810,0.000000,0.000500,0.000000,0.000000,0.089667,0.023041,0.914333,636,8169031,151456,0,2,0,2,0,0,0,0,0,0,5406,0,3510,1896,0
51458,18.970833,18.803120,18.760517,0.000000,0.000293,0.000000,0.000000,0.074834,0.022416,1.299751,630,8076312,147191,0,2,0,2,0,0,0,0,0,0,5406,0,3510,1896,0
51459,19.493875,19.381460,19.378928,0.000000,0.000375,0.000000,0.000000,0.080125,0.027334,1.281209,642,8137512,147244,0,2,0,2,0,0,0,0,0,0,7208,0,4680,2528,0
51460,18.992625,18.824848,18.828402,0.000000,0.000500,0.000000,0.000000,0.074084,0.035375,0.637667,627,8061370,148219,0,2,0,2,0,0,0,0,0,0,5406,0,3510,1896,0
51461,17.210167,17.072724,17.065478,0.000000,0.000333,0.000000,0.000000,0.074667,0.034666,1.097001,643,8107285,146764,0,2,0,2,0,0,0,0,0,0,5406,0,3510,1896,0
51462,18.978667,18.802467,18.744974,0.000000,0.000375,0.000000,0.000000,0.084625,0.020375,1.300625,638,8106996,146882,0,2,0,2,0,0,0,0,0,0,7208,0,4680,2528,0
51463,17.275125,17.101223,17.120009,0.000000,0.000501,0.000000,0.000000,0.092291,0.019875,0.333833,634,8091891,150527,0,2,0,2,0,0,0,0,0,0,5721,0,3510,2211,0
51464,19.119125,19.124551,19.104047,0.000000,0.000501,0.000000,0.000000,0.074375,0.062375,1.083583,638,8172767,158325,0,2,0,2,0,0,0,0,0,0,6035,0,3510,2525,0
51465,18.151791,17.987964,17.981244,0.000000,0.000500,0.000000,0.000000,0.070292,0.013875,1.194250,636,8087706,151873,0,2,0,2,0,0,0,0,0,0,6696,0,4680,2016,0
51466,17.268084,17.171289,17.174960,0.000000,0.000375,0.000000,0.000000,0.060166,0.052334,1.354459,633,8122610,148497,0,2,0,2,0,0,0,0,0,0,5406,0,3510,1896,0
51467,17.539250,17.399156,17.409870,0.000000,0.000418,0.000000,0.000000,0.079541,0.013917,0.663208,636,8082569,146377,0,2,0,2,0,0,0,0,0,0,7004,0,4536,2468,0
51468,16.810791,16.675413,16.666042,0.000000,0.000250,0.000000,0.000000,0.063500,0.060334,0.971125,637,8100811,150964,0,2,0,2,0,0,0,0,0,0,5925,0,3654,2271,0
51469,20.016042,19.801784,19.750892,0.000000,0.000333,0.000000,0.000000,0.066583,0.037417,1.315666,633,8122704,152790,0,2,0,2,0,0,0,0,0,0,5406,0,3510,1896,0
51470,17.929083,17.875166,17.900249,0.000000,0.000291,0.000000,0.000000,0.101250,0.035334,0.652167,642,8107055,152639,0,2,0,2,0,0,0,0,0,0,7208,0,4680,2528,0
51471,19.378542,19.166891,19.084507,0.000000,0.000376,0.000000,0.000000,0.064000,0.014125,0.900251,631,8107304,153960,0,2,0,2,0,0,0,0,0,0,5406,0,3510,1896,0
51472,17.619083,17.520383,17.536838,0.000000,0.000334,0.000000,0.000000,0.064375,0.011375,1.056417,631,8085077,148835,0,2,0,2,0,0,0,0,0,0,5406,0,3510,1896,0
51473,17.445584,17.331199,17.321157,0.000000,0.000459,0.000000,0.000000,0.097083,0.017333,0.758667,643,8144541,146961,0,2,0,2,0,0,0,0,0,0,7208,0,4680,2528,0
51474,18.629500,18.452619,18.382097,0.000000,0.000459,0.000000,0.000000,0.068875,0.039125,0.290333,631,8076384,147043,0,2,0,2,0,0,0,0,0,0,5406,0,3510,1896,0
51475,17.346000,17.255576,17.256263,0.000000,0.000375,0.000000,0.000000,0.071500,0.014083,0.781708,632,8107236,147983,0,2,0,2,0,0,0,0,0,0,5406,0,3510,1896,0
51476,17.564916,17.402082,17.272084,0.000000,0.001209,0.000000,0.000000,0.077709,0.022458,0.922250,642,8122501,144529,0,2,0,2,0,0,0,0,0,0,7208,0,4680,2528,0
51477,17.548417,17.431012,17.444155,0.000000,0.000376,0.000000,0.000000,0.067792,0.012208,0.628625,630,8076381,146390,0,2,0,2,0,0,0,0,0,0,5406,0,3510,1896,0
51478,17.566667,17.448413,17.443655,0.000000,0.000375,0.000000,0.000000,0.069708,0.025417,0.950542,636,8122613,150248,0,2,0,2,0,0,0,0,0,0,5556,0,3510,2046,0
51479,19.694250,19.600535,19.567332,0.000000,0.000500,0.000000,0.000000,0.094458,0.025917,1.203209,650,8168671,155495,0,2,0,2,0,0,0,0,0,0,7533,0,4680,2853,0
51480,21.083083,20.897739,20.858313,0.000000,0.000417,0.000000,0.000000,0.092875,0.038417,1.310167,628,8076384,158699,0,2,0,2,0,0,0,0,0,0,5406,0,3510,1896,0
51481,18.765292,18.617636,18.588771,0.000000,0.000374,0.000000,0.000000,0.079833,0.020750,0.294750,632,8107380,149249,0,2,0,2,0,0,0,0,0,0,5406,0,3510,1896,0
51482,17.897708,17.829287,17.784370,0.000000,0.000334,0.000000,0.000000,0.086000,0.047500,0.919167,642,8137910,149083,0,2,0,2,0,0,0,0,0,0,7208,0,4680,2528,0
51483,18.037833,17.827500,17.828712,0.000000,0.000291,0.000000,0.000000,0.081709,0.041583,1.240459,626,8029911,148584,0,2,0,2,0,0,0,0,0,0,5406,0,3510,1896,0
51484,17.261792,17.170343,17.143246,0.000000,0.000334,0.000000,0.000000,0.102917,0.026375,0.610250,638,8138068,152224,0,2,0,2,0,0,0,0,0,0,5721,0,3510,2211,0
51485,18.802625,18.686008,18.678130,0.000000,0.000625,0.000000,0.000000,0.092875,0.023417,0.931834,646,8153259,165451,0,2,0,2,0,0,0,0,0,0,7358,0,4680,2678,0
51486,17.568833,17.365861,17.352285,0.000000,0.000208,0.000000,0.000000,0.073084,0.035208,0.955375,628,8061141,149131,0,2,0,2,0,0,0,0,0,0,5406,0,3510,1896,0
51487,17.546417,17.464266,17.457709,0.000000,0.000334,0.000000,0.000000,0.068000,0.038917,0.608375,635,8122687,149448,0,2,0,2,0,0,0,0,0,0,5406,0,3510,1896,0
51488,17.352917,17.230330,17.227040,0.000000,0.000416,0.000000,0.000000,0.078958,0.018750,0.899583,637,8076046,147879,0,2,0,2,0,0,0,0,0,0,7208,0,4680,2528,0
51489,18.422458,18.260044,18.246741,0.000000,0.000292,0.000000,0.000000,0.075958,0.025209,1.288667,630,8091652,149915,0,2,0,2,0,0,0,0,0,0,5406,0,3510,1896,0
51490,18.066250,17.903870,17.856713,0.000000,0.000375,0.000000,0.000000,0.084500,0.022208,0.290875,632,8107438,152653,0,2,0,2,0,0,0,0,0,0,5406,0,3510,1896,0
51491,18.424333,18.342867,18.345291,0.000000,0.000584,0.000000,0.000000,0.081875,0.016334,1.017876,644,8153280,151550,0,2,0,2,0,0,0,0,0,0,7208,0,4680,2528,0
51492,18.548167,18.378454,18.388019,0.000000,0.000625,0.000000,0.000000,0.076208,0.041167,1.242084,629,8076264,148823,0,2,0,2,0,0,0,0,0,0,5406,0,3510,1896,0
51493,19.005083,18.863093,18.809463,0.000000,0.000500,0.000000,0.000000,0.072875,0.017250,0.940833,633,8107249,147837,0,2,0,2,0,0,0,0,0,0,5406,0,3510,1896,0
51494,17.969334,17.864922,17.874131,0.000000,0.000167,0.000000,0.000000,0.067500,0.017250,0.610084,643,8137925,147619,0,2,0,2,0,0,0,0,0,0,7208,0,4680,2528,0
51495,18.772791,18.574307,18.562557,0.000000,0.000500,0.000000,0.000000,0.065250,0.024875,0.911083,628,8060917,148202,0,2,0,2,0,0,0,0,0,0,5406,0,3510,1896,0
51496,18.492209,18.406625,18.418082,0.000000,0.000334,0.000000,0.000000,0.066000,0.019708,1.263458,633,8113075,147605,0,2,0,2,0,0,0,0,0,0,5406,0,3510,1896,0
51497,17.971291,17.827603,17.831875,0.000000,0.000377,0.000000,0.000000,0.063125,0.013000,1.281334,642,8132237,146410,0,2,0,2,0,0,0,0,0,0,7208,0,4680,2528,0
51498,17.828542,17.672153,17.679385,0.000000,0.000333,0.000000,0.000000,0.082375,0.029125,0.610750,630,8091629,147352,0,2,0,2,0,0,0,0,0,0,5406,0,3510,1896,0
51499,18.046917,17.936441,17.926851,0.000000,0.000333,0.000000,0.000000,0.067541,0.026834,0.919083,634,8122734,147107,0,2,0,2,0,0,0,0,0,0,5406,0,3510,1896,0
51500,17.468708,17.337828,17.337909,0.000000,0.000333,0.000000,0.000000,0.078792,0.023875,1.312958,647,8122588,151592,0,2,0,2,0,0,0,0,0,0,7844,0,4680,3164,0
51501,18.001292,17.891122,17.914123,0.000000,0.000375,0.000000,0.000000,0.085750,0.021083,0.300083,646,8075822,150759,0,2,0,2,0,0,0,0,0,0,6934,0,3510,3424,0
51502,18.098250,17.945795,17.899875,0.000000,0.000416,0.000000,0.000000,0.074541,0.020167,1.278416,633,8107273,147776,0,2,0,2,0,0,0,0,0,0,5406,0,3510,1896,0
51503,17.779041,17.672750,17.609556,0.000000,0.000458,0.000000,0.000000,0.066000,0.039375,1.020459,642,8122437,145795,0,2,0,2,0,0,0,0,0,0,7208,0,4680,2528,0
51504,16.925709,16.740533,16.739012,0.000000,0.000376,0.000000,0.000000,0.076000,0.015958,0.639459,629,8076397,145768,0,2,0,2,0,0,0,0,0,0,5406,0,3510,1896,0
51505,18.008875,17.876541,17.855873,0.000000,0.000417,0.000000,0.000000,0.067000,0.029041,0.991333,632,8107285,145940,0,2,0,2,0,0,0,0,0,0,5406,0,3510,1896,0
51506,16.542083,16.430170,16.429793,0.000000,0.000374,0.000000,0.000000,0.072542,0.040666,0.633834,647,8153339,147875,0,2,0,2,0,0,0,0,0,0,7382,0,4680,2702,0
51507,17.700917,17.542387,17.465593,0.000000,0.000541,0.000000,0.000000,0.068958,0.016167,0.688666,631,8076130,151046,0,2,0,2,0,0,0,0,0,0,5721,0,3510,2211,0
51508,17.983458,17.917459,17.911232,0.000000,0.000332,0.000000,0.000000,0.078125,0.025875,1.277416,633,8107326,151667,0,2,0,2,0,0,0,0,0,0,5406,0,3510,1896,0
51509,18.118958,17.964789,17.962929,0.000000,0.000417,0.000000,0.000000,0.068459,0.021958,0.607333,643,8106940,144053,0,2,0,2,0,0,0,0,0,0,7208,0,4680,2528,0
51510,19.253209,19.056800,19.076809,0.000000,0.000292,0.000000,0.000000,0.074541,0.016375,1.292417,627,8091835,147685,0,2,0,2,0,0,0,0,0,0,5406,0,3510,1896,0
51511,18.442500,18.333692,18.351271,0.000000,0.000333,0.000000,0.000000,0.078500,0.015291,0.776125,634,8122703,147186,0,2,0,2,0,0,0,0,0,0,5406,0,3510,1896,0
51512,17.349458,17.151867,17.152135,0.000000,0.000292,0.000000,0.000000,0.056167,0.014208,1.320292,638,8091577,143439,0,2,0,2,0,0,0,0,0,0,7208,0,4680,2528,0
51513,17.863083,17.797163,17.808117,0.000000,0.000458,0.000000,0.000000,0.076334,0.019875,0.608292,632,8122784,146362,0,2,0,2,0,0,0,0,0,0,5406,0,3510,1896,0
51514,17.923334,17.772343,17.786245,0.000000,0.000250,0.000000,0.000000,0.068041,0.016875,0.762000,640,8107199,145136,0,2,0,2,0,0,0,0,0,0,5406,0,3510,1896,0
51515,18.464208,18.268500,18.239038,0.000000,0.000502,0.000000,0.000000,0.063250,0.017625,1.158334,640,8091594,144783,0,2,0,2,0,0,0,0,0,0,7208,0,4680,2528,0
51516,16.606083,16.561622,16.576147,0.000000,0.000292,0.000000,0.000000,0.081375,0.016417,0.649333,632,8130797,145629,0,2,0,2,0,0,0,0,0,0,5406,0,3510,1896,0
51517,17.298542,17.104590,17.113379,0.000000,0.000332,0.000000,0.000000,0.068417,0.013416,0.764959,631,8083722,144369,0,2,0,2,0,0,0,0,0,0,5406,0,3510,1896,0
51518,17.828792,17.727392,17.727610,0.000000,0.000542,0.000000,0.000000,0.100916,0.038125,1.310584,640,8122549,144855,0,2,0,2,0,0,0,0,0,0,7208,0,4680,2528,0
51519,17.594625,17.481662,17.487152,0.000000,0.000500,0.000000,0.000000,0.088291,0.015709,0.636792,632,8107226,145610,0,2,0,2,0,0,0,0,0,0,5406,0,3510,1896,0
51520,16.527125,16.395246,16.388912,0.000000,0.000375,0.000000,0.000000,0.063458,0.036083,1.302750,634,8107275,144709,0,2,0,2,0,0,0,0,0,0,6944,0,4536,2408,0
51521,17.101958,16.967639,16.948284,0.000000,0.000417,0.000000,0.000000,0.066750,0.033500,0.299667,637,8106992,145335,0,2,0,2,0,0,0,0,0,0,5670,0,3654,2016,0
51522,16.747000,16.587249,16.591639,0.000000,0.000458,0.000000,0.000000,0.064083,0.018292,0.966041,630,8107268,145606,0,2,0,2,0,0,0,0,0,0,5406,0,3510,1896,0
51523,16.476417,16.341397,16.359040,0.000000,0.000291,0.000000,0.000000,0.055916,0.013000,0.667209,642,8107135,144300,0,2,0,2,0,0,0,0,0,0,7208,0,4680,2528,0
51524,17.026333,16.863961,16.819435,0.000000,0.000542,0.000000,0.000000,0.088917,0.018708,0.956916,638,8107001,147625,0,2,0,2,0,0,0,0,0,0,5863,0,3510,2353,0
51525,18.795500,18.717502,18.732494,0.000000,0.000501,0.000000,0.000000,0.076958,0.023375,1.313374,634,8107375,157219,0,2,0,2,0,0,0,0,0,0,5609,0,3510,2099,0
51526,16.621708,16.507879,16.505481,0.000000,0.000249,0.000000,0.000000,0.060417,0.012875,0.608209,639,8106899,143044,0,2,0,2,0,0,0,0,0,0,7208,0,4680,2528,0
51527,16.807292,16.667509,16.649329,0.000000,0.000541,0.000000,0.000000,0.067375,0.028708,0.597250,634,8122799,147690,0,2,0,2,0,0,0,0,0,0,5628,0,3510,2118,0
51528,17.202750,17.104901,17.099345,0.000000,0.000332,0.000000,0.000000,0.063958,0.016750,1.338042,631,8091784,148956,0,2,0,2,0,0,0,0,0,0,5406,0,3510,1896,0
51529,16.962458,16.863339,16.808170,0.000000,0.000251,0.000000,0.000000,0.069292,0.051667,0.313625,640,8122322,143241,0,2,0,2,0,0,0,0,0,0,7208,0,4680,2528,0
51530,18.518959,18.381365,18.340277,0.000000,0.000457,0.000000,0.000000,0.093791,0.021667,0.930041,637,8122737,147251,0,2,0,2,0,0,0,0,0,0,5612,0,3510,2102,0
51531,17.999500,17.850204,17.818251,0.000000,0.000333,0.000000,0.000000,0.075791,0.049084,1.334166,626,8076239,148186,0,2,0,2,0,0,0,0,0,0,5406,0,3510,1896,0
51532,17.762541,17.623077,17.413959,0.000000,0.003584,0.000000,0.000000,0.080459,0.013083,0.665542,638,8091605,142378,0,2,0,2,0,0,0,0,0,0,7208,0,4680,2528,0
51533,17.199750,17.039333,17.057995,0.000000,0.000249,0.000000,0.000000,0.066417,0.028958,0.948958,634,8122708,147762,0,2,0,2,0,0,0,0,0,0,5406,0,3510,1896,0
51534,17.345125,17.254542,17.225752,0.000000,0.000542,0.000000,0.000000,0.077417,0.030667,0.968334,634,8122690,145054,0,2,0,2,0,0,0,0,0,0,5406,0,3510,1896,0
51535,16.139584,15.896860,15.880694,0.000000,0.000291,0.000000,0.000000,0.061083,0.018708,0.652125,636,8060806,144425,0,2,0,2,0,0,0,0,0,0,7208,0,4680,2528,0
51536,17.250166,17.265499,17.256054,0.000000,0.000333,0.000000,0.000000,0.063334,0.047791,1.316084,638,8153624,154519,0,2,0,2,0,0,0,0,0,0,5571,0,3510,2061,0
51537,18.262125,18.137293,18.100419,0.000000,0.000541,0.000000,0.000000,0.114542,0.040333,0.331875,631,8091618,150108,0,2,0,2,0,0,0,0,0,0,5406,0,3510,1896,0
51538,17.046584,16.909303,16.869745,0.000000,0.000375,0.000000,0.000000,0.080583,0.014542,0.957709,640,8107045,143725,0,2,0,2,0,0,0,0,0,0,7208,0,4680,2528,0
51539,17.310291,17.129228,17.129943,0.000000,0.000417,0.000000,0.000000,0.073084,0.035541,0.977459,632,8091824,146565,0,2,0,2,0,0,0,0,0,0,5406,0,3510,1896,0
51540,20.984125,20.833131,20.827969,0.000000,0.000541,0.000000,0.000000,0.072792,0.017750,1.289417,630,8107266,145307,0,2,0,2,0,0,0,0,0,0,5406,0,3510,1896,0
51541,17.022292,16.947380,16.924878,0.000000,0.000333,0.000000,0.000000,0.075375,0.031917,0.604208,642,8135899,144209,0,2,0,2,0,0,0,0,0,0,7208,0,4680,2528,0
51542,16.674750,16.505869,16.473465,0.000000,0.000374,0.000000,0.000000,0.076708,0.030250,1.282333,632,8078321,147979,0,2,0,2,0,0,0,0,0,0,5580,0,3510,2070,0
51543,17.831000,17.740815,17.739155,0.000000,0.000333,0.000000,0.000000,0.076667,0.014416,0.607917,633,8138133,150482,0,2,0,2,0,0,0,0,0,0,5406,0,3510,1896,0
51544,16.479292,16.323293,16.335129,0.000000,0.000334,0.000000,0.000000,0.063250,0.015208,0.932042,638,8080711,142275,0,2,0,2,0,0,0,0,0,0,7208,0,4680,2528,0
51545,17.758208,17.657269,17.649528,0.000000,0.000418,0.000000,0.000000,0.075042,0.028875,1.323250,631,8118238,146237,0,2,0,2,0,0,0,0,0,0,5406,0,3510,1896,0
51546,17.060375,16.949632,16.944465,0.000000,0.000248,0.000000,0.000000,0.079167,0.016541,0.633750,633,8122766,145547,0,2,0,2,0,0,0,0,0,0,5406,0,3510,1896,0
51547,18.358708,18.217183,18.219287,0.000000,0.001042,0.000000,0.000000,0.084542,0.022625,1.319167,640,8091469,142402,0,2,0,2,0,0,0,0,0,0,7208,0,4680,2528,0
51548,17.728000,17.589163,17.581444,0.000000,0.000500,0.000000,0.000000,0.086459,0.017083,1.310417,632,8122687,146084,0,2,0,2,0,0,0,0,0,0,5406,0,3510,1896,0
51549,17.765459,17.540591,17.532710,0.000000,0.000375,0.000000,0.000000,0.066333,0.016125,0.643750,633,8091733,144233,0,2,0,2,0,0,0,0,0,0,5642,0,3510,2132,0
51550,19.487000,19.373813,19.370618,0.000000,0.000249,0.000000,0.000000,0.067583,0.014458,0.911250,640,8091596,148722,0,2,0,2,0,0,0,0,0,0,7208,0,4680,2528,0
51551,18.742541,18.691734,18.681722,0.000000,0.000417,0.000000,0.000000,0.139334,0.022291,1.305793,633,8138254,146461,0,2,0,2,0,0,0,0,0,0,5406,0,3510,1896,0
51552,19.455709,19.267464,19.090919,0.000000,0.000418,0.000000,0.000000,0.078166,0.022209,0.937208,632,8107119,144387,0,2,0,2,0,0,0,0,0,0,5406,0,3510,1896,0
51553,17.734708,17.567045,17.551352,0.000000,0.000333,0.000000,0.000000,0.077417,0.022166,0.608417,641,8091641,142087,0,2,0,2,0,0,0,0,0,0,7208,0,4680,2528,0
51554,19.612833,19.480209,19.422746,0.000000,0.000500,0.000000,0.000000,0.092459,0.018541,0.607833,632,8107180,145485,0,2,0,2,0,0,0,0,0,0,5406,0,3510,1896,0
51555,19.098084,18.895949,18.871039,0.000000,0.000541,0.000000,0.000000,0.086250,0.030750,0.922917,629,8107256,144999,0,2,0,2,0,0,0,0,0,0,5406,0,3510,1896,0
51556,18.363083,18.274456,18.278157,0.000000,0.000293,0.000000,0.000000,0.069083,0.025959,1.292334,642,8107024,142042,0,2,0,2,0,0,0,0,0,0,7208,0,4680,2528,0
51557,18.548042,18.431047,18.403830,0.000000,0.000417,0.000000,0.000000,0.085875,0.033125,0.309125,633,8122870,146522,0,2,0,2,0,0,0,0,0,0,5406,0,3510,1896,0
51558,17.672791,17.531058,17.524809,0.000000,0.000375,0.000000,0.000000,0.067834,0.035333,0.907666,631,8091879,142279,0,2,0,2,0,0,0,0,0,0,5406,0,3510,1896,0
51559,16.844917,16.656081,16.638087,0.000000,0.000793,0.000000,0.000000,0.076583,0.020875,0.822083,644,8122096,144106,0,2,0,2,0,0,0,0,0,0,7523,0,4680,2843,0
51560,20.300167,20.217087,20.229653,0.000000,0.000458,0.000000,0.000000,0.102333,0.031667,1.309458,634,8113272,159405,0,2,0,2,0,0,0,0,0,0,5524,0,3510,2014,0
51561,18.526416,18.298884,18.274700,0.000000,0.000418,0.000000,0.000000,0.071834,0.025875,0.632167,629,8085758,142649,0,2,0,2,0,0,0,0,0,0,5406,0,3510,1896,0
51562,18.819875,18.688254,18.700417,0.000000,0.000249,0.000000,0.000000,0.076250,0.028417,0.905417,639,8091582,142172,0,2,0,2,0,0,0,0,0,0,7208,0,4680,2528,0
51563,18.820000,18.699715,18.602864,0.000000,0.000458,0.000000,0.000000,0.071542,0.024125,1.319083,634,8138372,147958,0,2,0,2,0,0,0,0,0,0,5406,0,3510,1896,0
51564,18.528917,18.361618,18.355534,0.000000,0.000249,0.000000,0.000000,0.072000,0.015417,0.988167,628,8076125,147517,0,2,0,2,0,0,0,0,0,0,5406,0,3510,1896,0
51565,17.760833,17.641216,17.601752,0.000000,0.000293,0.000000,0.000000,0.071084,0.025250,0.310458,641,8122639,143226,0,2,0,2,0,0,0,0,0,0,7208,0,4680,2528,0
51566,17.674000,17.580132,17.574456,0.000000,0.000416,0.000000,0.000000,0.071042,0.032750,1.257874,635,8122560,146304,0,2,0,2,0,0,0,0,0,0,5406,0,3510,1896,0
51567,18.092375,17.935421,17.931796,0.000000,0.000418,0.000000,0.000000,0.103167,0.021500,0.998167,638,8107256,144106,0,2,0,2,0,0,0,0,0,0,5406,0,3510,1896,0
51568,17.778000,17.643156,17.633374,0.000000,0.000459,0.000000,0.000000,0.074417,0.027875,0.609667,640,8091668,143328,0,2,0,2,0,0,0,0,0,0,7208,0,4680,2528,0
51569,16.709417,16.588231,16.564196,0.000000,0.000291,0.000000,0.000000,0.069375,0.049500,1.198250,634,8122767,144689,0,2,0,2,0,0,0,0,0,0,5406,0,3510,1896,0
51570,16.445250,16.309511,16.327196,0.000000,0.000166,0.000000,0.000000,0.071000,0.025625,0.610584,628,8091726,143494,0,2,0,2,0,0,0,0,0,0,5406,0,3510,1896,0
51571,16.242000,16.108118,16.091137,0.000000,0.000335,0.000000,0.000000,0.069375,0.020792,0.987542,644,8091641,144928,0,2,0,2,0,0,0,0,0,0,7523,0,4680,2843,0
51572,18.529458,18.350514,18.346882,0.000000,0.000292,0.000000,0.000000,0.072459,0.025916,1.276208,631,8107057,150590,0,2,0,2,0,0,0,0,0,0,5406,0,3510,1896,0
51573,17.309459,17.289593,17.279575,0.000000,0.000375,0.000000,0.000000,0.160083,0.015125,0.609584,638,8138219,145064,0,2,0,2,0,0,0,0,0,0,7004,0,4536,2468,0
51574,16.843416,16.649305,16.659211,0.000000,0.000334,0.000000,0.000000,0.082250,0.015209,0.950666,632,8091635,145094,0,2,0,2,0,0,0,0,0,0,5610,0,3654,1956,0
51575,18.884292,18.636535,18.659996,0.000000,0.000375,0.000000,0.000000,0.067167,0.023166,1.313417,631,8076297,147189,0,2,0,2,0,0,0,0,0,0,5406,0,3510,1896,0
51576,19.781708,19.746153,19.745914,0.000000,0.000291,0.000000,0.000000,0.078834,0.015625,0.637292,642,8153370,149797,0,2,0,2,0,0,0,0,0,0,7208,0,4680,2528,0
51577,17.166875,17.049422,17.060383,0.000000,0.000208,0.000000,0.000000,0.062584,0.046625,0.973542,631,8091789,147040,0,2,0,2,0,0,0,0,0,0,5406,0,3510,1896,0
51578,17.173417,17.055359,17.034917,0.000000,0.000416,0.000000,0.000000,0.084750,0.030708,1.315624,632,8107261,145147,0,2,0,2,0,0,0,0,0,0,5406,0,3510,1896,0
51579,19.216625,19.091745,18.949336,0.000000,0.000333,0.000000,0.000000,0.093375,0.030583,0.391167,643,8106952,153684,0,2,0,2,0,0,0,0,0,0,7388,0,4680,2708,0
51580,19.379542,19.238178,19.197760,0.000000,0.000501,0.000000,0.000000,0.092791,0.026292,1.193959,630,8091819,148873,0,2,0,2,0,0,0,0,0,0,5406,0,3510,1896,0
51581,18.501500,18.313779,18.302297,0.000000,0.000251,0.000000,0.000000,0.074666,0.057667,1.258000,633,8107499,146046,0,2,0,2,0,0,0,0,0,0,5406,0,3510,1896,0
51582,17.954708,17.820586,17.800126,0.000000,0.000334,0.000000,0.000000,0.078042,0.028875,1.277042,639,8127515,144006,0,2,0,2,0,0,0,0,0,0,7208,0,4680,2528,0
51583,18.216000,18.090406,18.078910,0.000000,0.000457,0.000000,0.000000,0.071667,0.014875,0.313041,630,8086582,147528,0,2,0,2,0,0,0,0,0,0,5406,0,3510,1896,0
51584,17.439208,17.367995,17.281209,0.000000,0.000292,0.000000,0.000000,0.133542,0.018292,0.922834,634,8122640,143631,0,2,0,2,0,0,0,0,0,0,5406,0,3510,1896,0
51585,17.697750,17.494957,17.431575,0.000000,0.000335,0.000000,0.000000,0.071834,0.025000,1.167251,639,8107096,146734,0,2,0,2,0,0,0,0,0,0,7208,0,4680,2528,0
51586,18.820542,18.709380,18.715832,0.000000,0.000376,0.000000,0.000000,0.061792,0.047541,0.657625,638,8153584,150998,0,2,0,2,0,0,0,0,0,0,5622,0,3510,2112,0
51587,20.346708,20.303667,20.232038,0.000000,0.000667,0.000000,0.000000,0.197000,0.043125,0.640291,637,8091507,169590,0,2,0,2,0,0,0,0,0,0,5712,0,3510,2202,0
51588,20.002084,19.807962,19.544397,0.000000,0.000709,0.000000,0.000000,0.090166,0.070500,0.591250,636,8060727,145509,0,2,0,2,0,0,0,0,0,0,7208,0,4680,2528,0
51589,21.465541,21.262583,21.222152,0.000000,0.000500,0.000000,0.000000,0.095875,0.019792,0.592667,632,8122712,151895,0,2,0,2,0,0,0,0,0,0,5406,0,3510,1896,0
51590,16.805959,16.688205,16.692750,0.000000,0.000459,0.000000,0.000000,0.060416,0.061125,1.053791,634,8122888,147043,0,2,0,2,0,0,0,0,0,0,5406,0,3510,1896,0
51591,17.983375,17.755787,17.767260,0.000000,0.000293,0.000000,0.000000,0.074458,0.021500,1.059833,640,8091382,151711,0,2,0,2,0,0,0,0,0,0,7208,0,4680,2528,0
51592,16.925125,16.889886,16.873673,0.000000,0.000167,0.000000,0.000000,0.100125,0.021208,0.350084,632,8107242,153390,0,2,0,2,0,0,0,0,0,0,5406,0,3510,1896,0
51593,17.325791,17.182883,17.178663,0.000000,0.000624,0.000000,0.000000,0.068584,0.041000,0.910000,633,8122697,152053,0,2,0,2,0,0,0,0,0,0,5406,0,3510,1896,0
51594,17.731209,17.636572,17.613540,0.000000,0.000625,0.000000,0.000000,0.124000,0.023750,0.608000,640,8107086,149301,0,2,0,2,0,0,0,0,0,0,7208,0,4680,2528,0
51595,19.283583,19.092184,19.108178,0.000000,0.000458,0.000000,0.000000,0.081208,0.037625,0.898250,632,8107180,147081,0,2,0,2,0,0,0,0,0,0,5406,0,3510,1896,0
51596,17.926083,17.784660,17.801382,0.000000,0.000334,0.000000,0.000000,0.075959,0.014416,1.065209,632,8092031,144190,0,2,0,2,0,0,0,0,0,0,5406,0,3510,1896,0
51597,17.097584,16.946029,16.954674,0.000000,0.000334,0.000000,0.000000,0.054625,0.011666,0.610625,637,8106866,143336,0,2,0,2,0,0,0,0,0,0,7208,0,4680,2528,0
51598,17.369708,17.196004,17.213502,0.000000,0.000250,0.000000,0.000000,0.056417,0.012916,0.859709,631,8091829,145190,0,2,0,2,0,0,0,0,0,0,5406,0,3510,1896,0
51599,17.203500,17.138166,17.146745,0.000000,0.000292,0.000000,0.000000,0.071333,0.046250,1.234249,635,8138093,146387,0,2,0,2,0,0,0,0,0,0,5406,0,3510,1896,0
51600,15.890875,15.714142,15.705460,0.000000,0.000124,0.000000,0.000000,0.062250,0.011083,0.607583,643,8091484,144813,0,2,0,2,0,0,0,0,0,0,7523,0,4680,2843,0
51601,18.183500,18.047236,18.039425,0.000000,0.000500,0.000000,0.000000,0.057333,0.011917,1.020542,631,8107232,152682,0,2,0,2,0,0,0,0,0,0,5406,0,3510,1896,0
51602,16.219625,16.089177,16.089705,0.000000,0.000249,0.000000,0.000000,0.064667,0.035041,0.637083,632,8122949,144324,0,2,0,2,0,0,0,0,0,0,5406,0,3510,1896,0
51603,16.665250,16.529057,16.546494,0.000000,0.000416,0.000000,0.000000,0.056500,0.016375,0.909334,642,8106841,151046,0,2,0,2,0,0,0,0,0,0,7370,0,4680,2690,0
51604,17.551458,17.492331,17.451633,0.000000,0.000376,0.000000,0.000000,0.093542,0.015333,0.736417,630,8107311,150876,0,2,0,2,0,0,0,0,0,0,5406,0,3510,1896,0
51605,16.029917,15.909739,15.907247,0.000000,0.000209,0.000000,0.000000,0.064958,0.036250,0.608417,633,8107040,144595,0,2,0,2,0,0,0,0,0,0,5406,0,3510,1896,0
51606,18.209792,17.988030,18.007676,0.000000,0.000166,0.000000,0.000000,0.064625,0.027791,1.444833,640,8091558,143111,0,2,0,2,0,0,0,0,0,0,7208,0,4680,2528,0
51607,18.976916,18.920450,18.938135,0.000000,0.000374,0.000000,0.000000,0.094209,0.037916,1.062625,642,8107175,151127,0,2,0,2,0,0,0,0,0,0,6431,0,3510,2921,0
51608,17.705542,17.564021,17.518664,0.000000,0.000291,0.000000,0.000000,0.078458,0.028959,0.610375,641,8107004,146630,0,2,0,2,0,0,0,0,0,0,6422,0,3510,2912,0
51609,17.908458,17.741845,17.759843,0.000000,0.000166,0.000000,0.000000,0.075792,0.019083,1.213834,642,8107016,144587,0,2,0,2,0,0,0,0,0,0,7208,0,4680,2528,0
51610,17.445167,17.345784,17.210082,0.000000,0.000250,0.000000,0.000000,0.075958,0.024334,1.106917,633,8076395,149035,0,2,0,2,0,0,0,0,0,0,5571,0,3510,2061,0
51611,18.840042,18.678949,18.848802,0.000000,0.000375,0.000000,0.000000,0.082916,0.018542,0.496125,634,8138068,150813,0,2,0,2,0,0,0,0,0,0,5406,0,3510,1896,0
51612,17.138416,17.024628,17.029742,0.000000,0.000291,0.000000,0.000000,0.060625,0.047875,0.900124,641,8122419,145341,0,2,0,2,0,0,0,0,0,0,7208,0,4680,2528,0
51613,16.607959,16.498913,16.510415,0.000000,0.000334,0.000000,0.000000,0.065416,0.045667,1.268833,632,8107311,146562,0,2,0,2,0,0,0,0,0,0,5406,0,3510,1896,0
51614,16.691833,16.535163,16.553825,0.000000,0.000334,0.000000,0.000000,0.105750,0.037250,0.609250,631,8091796,145407,0,2,0,2,0,0,0,0,0,0,5406,0,3510,1896,0
51615,17.734083,17.584663,17.551762,0.000000,0.000792,0.000000,0.000000,0.086292,0.024875,1.159626,640,8107001,144236,0,2,0,2,0,0,0,0,0,0,7208,0,4680,2528,0
51616,16.536125,16.441544,16.449951,0.000000,0.000251,0.000000,0.000000,0.076459,0.019291,0.609459,634,8138207,149644,0,2,0,2,0,0,0,0,0,0,5659,0,3510,2149,0
51617,21.764084,21.583575,20.616816,0.000000,0.000417,0.000000,0.000000,0.074583,0.028417,0.897250,631,8060653,176908,0,2,0,2,0,0,0,0,0,0,5565,0,3510,2055,0
51618,16.720416,16.652634,16.666465,0.000000,0.000458,0.000000,0.000000,0.066167,0.042875,0.898875,641,8122497,150190,0,2,0,2,0,0,0,0,0,0,7208,0,4680,2528,0
51619,16.950125,16.821003,16.841162,0.000000,0.000292,0.000000,0.000000,0.062417,0.043500,0.803583,633,8107243,155227,0,2,0,2,0,0,0,0,0,0,5406,0,3510,1896,0
51620,18.280250,18.137777,17.931158,0.000000,0.000417,0.000000,0.000000,0.078959,0.034000,0.292750,640,8168961,153399,0,2,0,2,0,0,0,0,0,0,5628,0,3510,2118,0
51621,19.887000,19.760240,19.695001,0.000000,0.000459,0.000000,0.000000,0.081584,0.018625,1.272293,635,8045264,159849,0,2,0,2,0,0,0,0,0,0,7208,0,4680,2528,0
51622,20.441584,20.290403,20.297808,0.000000,0.000541,0.000000,0.000000,0.078958,0.015792,1.262000,633,8107284,156330,0,2,0,2,0,0,0,0,0,0,5406,0,3510,1896,0
51623,18.598375,18.432912,18.404074,0.000000,0.000500,0.000000,0.000000,0.084250,0.015833,1.225500,633,8107246,155819,0,2,0,2,0,0,0,0,0,0,5406,0,3510,1896,0
51624,18.053500,17.962052,17.958637,0.000000,0.000417,0.000000,0.000000,0.093750,0.016250,0.290542,640,8091759,155505,0,2,0,2,0,0,0,0,0,0,7411,0,4680,2731,0
51625,19.740375,19.596839,19.584716,0.000000,0.000582,0.000000,0.000000,0.087250,0.017333,0.988000,632,8122484,158451,0,2,0,2,0,0,0,0,0,0,5406,0,3510,1896,0
51626,18.937500,18.790552,18.803259,0.000000,0.000500,0.000000,0.000000,0.080416,0.026417,0.955083,639,8108839,152955,0,2,0,2,0,0,0,0,0,0,7004,0,4536,2468,0
51627,20.382666,20.264088,20.269328,0.000000,0.000291,0.000000,0.000000,0.073167,0.038125,1.256832,633,8114780,157964,0,2,0,2,0,0,0,0,0,0,5610,0,3654,1956,0
51628,19.500292,19.266635,19.253213,0.000000,0.000292,0.000000,0.000000,0.083792,0.015166,1.302250,630,8082579,154060,0,2,0,2,0,0,0,0,0,0,5406,0,3510,1896,0
51629,18.127208,18.062037,18.073365,0.000000,0.000374,0.000000,0.000000,0.063750,0.013167,0.612500,643,8137916,153438,0,2,0,2,0,0,0,0,0,0,7208,0,4680,2528,0
51630,18.354334,18.213677,18.231218,0.000000,0.000417,0.000000,0.000000,0.078250,0.033750,1.266250,628,8091747,154835,0,2,0,2,0,0,0,0,0,0,5406,0,3510,1896,0
51631,18.049958,17.926130,17.933050,0.000000,0.000208,0.000000,0.000000,0.068333,0.045292,0.925500,634,8107271,154094,0,2,0,2,0,0,0,0,0,0,5406,0,3510,1896,0
51632,18.278250,18.148419,18.156257,0.000000,0.000500,0.000000,0.000000,0.073792,0.025458,1.263834,639,8107065,153695,0,2,0,2,0,0,0,0,0,0,7208,0,4680,2528,0
51633,17.800708,17.665992,17.679354,0.000000,0.000293,0.000000,0.000000,0.077000,0.026500,0.610334,632,8107364,154317,0,2,0,2,0,0,0,0,0,0,5406,0,3510,1896,0
51634,17.701417,17.576176,17.584810,0.000000,0.000291,0.000000,0.000000,0.071333,0.048542,1.239459,632,8107160,154327,0,2,0,2,0,0,0,0,0,0,5406,0,3510,1896,0
51635,17.814583,17.663990,17.650922,0.000000,0.003042,0.000000,0.000000,0.064709,0.020458,1.282917,647,8122265,154553,0,2,0,2,0,0,0,0,0,0,7665,0,4680,2985,0
51636,21.073250,20.954792,20.969790,0.000000,0.000290,0.000000,0.000000,0.083417,0.038542,1.252333,636,8107042,174207,0,2,0,2,0,0,0,0,0,0,5865,0,3510,2355,0
51637,19.377042,19.247216,19.225096,0.000000,0.000418,0.000000,0.000000,0.073042,0.020416,0.612875,633,8091783,166675,0,2,0,2,0,0,0,0,0,0,5628,0,3510,2118,0
51638,18.660250,18.563540,18.528654,0.000000,0.000458,0.000000,0.000000,0.111833,0.035834,0.601791,641,8106980,154218,0,2,0,2,0,0,0,0,0,0,7208,0,4680,2528,0
51639,19.038792,18.757742,18.749167,0.000000,0.000417,0.000000,0.000000,0.076500,0.016250,0.934875,632,8076277,158218,0,2,0,2,0,0,0,0,0,0,5645,0,3510,2135,0
51640,19.436041,19.416540,19.420762,0.000000,0.003041,0.000000,0.000000,0.075917,0.013667,0.965667,634,8138166,160175,0,2,0,2,0,0,0,0,0,0,5406,0,3510,1896,0
51641,18.671959,18.535995,18.529665,0.000000,0.000335,0.000000,0.000000,0.066416,0.030792,1.286666,643,8107029,152714,0,2,0,2,0,0,0,0,0,0,7208,0,4680,2528,0
51642,19.761791,19.717115,19.614081,0.000000,0.003249,0.000000,0.000000,0.101334,0.070250,0.297333,635,8138092,162737,0,2,0,2,0,0,0,0,0,0,5642,0,3510,2132,0
51643,21.848084,21.550341,21.437924,0.000000,0.000334,0.000000,0.000000,0.091083,0.033375,0.933458,628,8061034,161392,0,2,0,2,0,0,0,0,0,0,5406,0,3510,1896,0
51644,18.811458,18.760576,18.741693,0.000000,0.000374,0.000000,0.000000,0.075500,0.021667,0.647083,647,8168547,158182,0,2,0,2,0,0,0,0,0,0,7373,0,4680,2693,0
51645,20.402167,20.196811,20.181330,0.000000,0.000625,0.000000,0.000000,0.083958,0.017292,0.889208,627,8045653,160917,0,2,0,2,0,0,0,0,0,0,5406,0,3510,1896,0
51646,19.562375,19.474456,19.455591,0.000000,0.000541,0.000000,0.000000,0.086541,0.021792,1.292459,634,8124368,155537,0,2,0,2,0,0,0,0,0,0,5406,0,3510,1896,0
51647,19.656208,19.507658,19.480231,0.000000,0.000293,0.000000,0.000000,0.081833,0.015625,1.327167,640,8105202,154514,0,2,0,2,0,0,0,0,0,0,7208,0,4680,2528,0
51648,18.818292,18.714656,18.729199,0.000000,0.000458,0.000000,0.000000,0.074250,0.033916,1.280916,632,8107241,156218,0,2,0,2,0,0,0,0,0,0,5406,0,3510,1896,0
51649,19.437250,19.306485,19.318014,0.000000,0.000376,0.000000,0.000000,0.094500,0.015375,0.646708,632,8107238,154969,0,2,0,2,0,0,0,0,0,0,5406,0,3510,1896,0
51650,18.713333,18.521246,18.484382,0.000000,0.000375,0.000000,0.000000,0.079167,0.015333,0.899166,642,8122458,154364,0,2,0,2,0,0,0,0,0,0,7208,0,4680,2528,0
51651,18.266292,18.193194,18.181345,0.000000,0.000291,0.000000,0.000000,0.098625,0.024333,0.924375,630,8098071,156047,0,2,0,2,0,0,0,0,0,0,5406,0,3510,1896,0
51652,19.879250,19.653659,19.638743,0.000000,0.000293,0.000000,0.000000,0.074416,0.028959,1.260792,628,8085577,154432,0,2,0,2,0,0,0,0,0,0,5406,0,3510,1896,0
51653,18.680583,18.619418,18.632480,0.000000,0.000416,0.000000,0.000000,0.080958,0.023292,0.635292,643,8106977,156181,0,2,0,2,0,0,0,0,0,0,7326,0,4680,2646,0
51654,20.897458,20.762377,20.778611,0.000000,0.000499,0.000000,0.000000,0.134167,0.025625,0.627209,634,8122677,159694,0,2,0,2,0,0,0,0,0,0,5406,0,3510,1896,0
51655,20.296334,20.093306,20.036491,0.000000,0.000459,0.000000,0.000000,0.075791,0.017167,0.907959,631,8092855,153535,0,2,0,2,0,0,0,0,0,0,5406,0,3510,1896,0
51656,19.532750,19.421389,19.446530,0.000000,0.000500,0.000000,0.000000,0.091083,0.016042,0.901500,641,8121448,152732,0,2,0,2,0,0,0,0,0,0,7208,0,4680,2528,0
51657,19.101750,18.921957,18.941833,0.000000,0.000334,0.000000,0.000000,0.083000,0.029958,1.283417,630,8091928,153835,0,2,0,2,0,0,0,0,0,0,5406,0,3510,1896,0
51658,20.322708,20.202336,20.196819,0.000000,0.000292,0.000000,0.000000,0.074250,0.014125,1.320042,631,8107152,153150,0,2,0,2,0,0,0,0,0,0,5406,0,3510,1896,0
51659,19.242417,19.120462,19.128653,0.000000,0.003084,0.000000,0.000000,0.088208,0.037292,1.313749,642,8122401,152615,0,2,0,2,0,0,0,0,0,0,7208,0,4680,2528,0
51660,18.991375,18.872228,18.856551,0.000000,0.000541,0.000000,0.000000,0.077500,0.023416,0.307458,632,8107253,154197,0,2,0,2,0,0,0,0,0,0,5406,0,3510,1896,0
51661,19.504125,19.334453,19.339913,0.000000,0.000334,0.000000,0.000000,0.081833,0.017208,0.984875,629,8091871,153044,0,2,0,2,0,0,0,0,0,0,5406,0,3510,1896,0
51662,19.989000,19.871551,19.885070,0.000000,0.000376,0.000000,0.000000,0.079375,0.026458,1.006667,640,8122429,152378,0,2,0,2,0,0,0,0,0,0,7208,0,4680,2528,0
51663,19.904458,19.743195,19.741949,0.000000,0.000333,0.000000,0.000000,0.080333,0.015542,1.240291,632,8091787,154243,0,2,0,2,0,0,0,0,0,0,5406,0,3510,1896,0
51664,18.960125,18.806963,18.824529,0.000000,0.000541,0.000000,0.000000,0.083208,0.037625,1.317208,633,8111805,152844,0,2,0,2,0,0,0,0,0,0,5406,0,3510,1896,0
51665,18.824583,18.660562,18.678915,0.000000,0.000335,0.000000,0.000000,0.056917,0.013625,1.306834,645,8112182,152744,0,2,0,2,0,0,0,0,0,0,7523,0,4680,2843,0
51666,20.702334,20.565885,20.577771,0.000000,0.000457,0.000000,0.000000,0.078041,0.022334,0.643500,631,8097386,167844,0,2,0,2,0,0,0,0,0,0,5524,0,3510,2014,0
51667,18.354208,18.190005,18.141704,0.000000,0.000583,0.000000,0.000000,0.082833,0.033125,1.072250,636,8107143,154584,0,2,0,2,0,0,0,0,0,0,5721,0,3510,2211,0
51668,22.194458,22.105152,22.115789,0.000000,0.000250,0.000000,0.000000,0.083417,0.034417,0.901792,643,8137908,169504,0,2,0,2,0,0,0,0,0,0,7325,0,4680,2645,0
51669,19.181709,19.084871,19.061657,0.000000,0.000499,0.000000,0.000000,0.122166,0.019500,0.912124,632,8091773,154882,0,2,0,2,0,0,0,0,0,0,5406,0,3510,1896,0
51670,19.226083,19.031469,19.045585,0.000000,0.000375,0.000000,0.000000,0.076667,0.025833,0.956167,633,8107272,154782,0,2,0,2,0,0,0,0,0,0,5406,0,3510,1896,0
51671,18.878875,18.696297,18.583558,0.000000,0.000459,0.000000,0.000000,0.087667,0.015416,0.914750,638,8107040,153190,0,2,0,2,0,0,0,0,0,0,7208,0,4680,2528,0
51672,20.089917,20.059043,20.065860,0.000000,0.000417,0.000000,0.000000,0.112750,0.050541,1.245833,631,8107284,155544,0,2,0,2,0,0,0,0,0,0,5406,0,3510,1896,0
51673,20.403625,20.139261,20.116593,0.000000,0.000416,0.000000,0.000000,0.086791,0.015292,0.610625,637,8091761,153057,0,2,0,2,0,0,0,0,0,0,5406,0,3510,1896,0
51674,19.611666,19.525875,19.534252,0.000000,0.000417,0.000000,0.000000,0.079000,0.023209,1.048208,641,8122491,153549,0,2,0,2,0,0,0,0,0,0,7208,0,4680,2528,0
51675,20.018292,19.812933,19.742862,0.000000,0.000333,0.000000,0.000000,0.074208,0.017292,0.582167,632,8091847,153540,0,2,0,2,0,0,0,0,0,0,5406,0,3510,1896,0
51676,19.861042,19.732349,19.712573,0.000000,0.000333,0.000000,0.000000,0.071666,0.021959,0.932959,632,8107358,153221,0,2,0,2,0,0,0,0,0,0,5406,0,3510,1896,0
51677,18.896375,18.748074,18.760587,0.000000,0.000291,0.000000,0.000000,0.065916,0.021084,1.260459,643,8106805,154444,0,2,0,2,0,0,0,0,0,0,7523,0,4680,2843,0
51678,22.792125,22.707624,22.692111,0.000000,0.000541,0.000000,0.000000,0.103541,0.030625,1.216791,634,8138322,178140,0,2,0,2,0,0,0,0,0,0,5524,0,3510,2014,0
51679,21.842625,21.612347,21.495096,0.000000,0.000458,0.000000,0.000000,0.091666,0.018042,1.310167,630,8076240,154802,0,2,0,2,0,0,0,0,0,0,7004,0,4536,2468,0
51680,20.807416,20.754426,20.743578,0.000000,0.000333,0.000000,0.000000,0.102042,0.019708,1.341249,643,8137813,160371,0,2,0,2,0,0,0,0,0,0,5760,0,3654,2106,0
51681,22.036250,21.837452,21.835161,0.000000,0.000376,0.000000,0.000000,0.080125,0.023959,1.227417,628,8091981,164226,0,2,0,2,0,0,0,0,0,0,5406,0,3510,1896,0
51682,20.099167,19.929729,19.936437,0.000000,0.000543,0.000000,0.000000,0.083125,0.017292,1.280667,639,8106878,154972,0,2,0,2,0,0,0,0,0,0,7208,0,4680,2528,0
51683,19.587750,19.441646,19.460840,0.000000,0.000459,0.000000,0.000000,0.073750,0.022750,1.274041,635,8138032,161164,0,2,0,2,0,0,0,0,0,0,5622,0,3510,2112,0
51684,19.663792,19.556707,19.561132,0.000000,0.000333,0.000000,0.000000,0.068375,0.025958,1.277209,629,8063300,161089,0,2,0,2,0,0,0,0,0,0,5406,0,3510,1896,0
51685,18.805458,18.687655,18.670120,0.000000,0.000335,0.000000,0.000000,0.072125,0.020542,0.289875,641,8120090,155965,0,2,0,2,0,0,0,0,0,0,7208,0,4680,2528,0
51686,19.708167,19.508935,19.522727,0.000000,0.000502,0.000000,0.000000,0.071500,0.020625,0.912625,632,8091799,157729,0,2,0,2,0,0,0,0,0,0,5406,0,3510,1896,0
51687,19.148416,19.040962,19.057690,0.000000,0.000293,0.000000,0.000000,0.087292,0.025125,1.309542,631,8107266,157439,0,2,0,2,0,0,0,0,0,0,5406,0,3510,1896,0
51688,20.008292,19.875418,19.859271,0.000000,0.000374,0.000000,0.000000,0.087917,0.015500,1.287625,643,8122459,156275,0,2,0,2,0,0,0,0,0,0,7208,0,4680,2528,0
51689,19.026500,18.907417,18.907852,0.000000,0.000417,0.000000,0.000000,0.070417,0.029708,1.290750,635,8098484,159049,0,2,0,2,0,0,0,0,0,0,5721,0,3510,2211,0
51690,20.024542,19.884385,19.894328,0.000000,0.000417,0.000000,0.000000,0.065083,0.042125,0.302000,631,8116084,164741,0,2,0,2,0,0,0,0,0,0,5406,0,3510,1896,0
51691,18.570833,18.431554,18.427824,0.000000,0.000208,0.000000,0.000000,0.086958,0.028917,1.253334,646,8137803,160815,0,2,0,2,0,0,0,0,0,0,7370,0,4680,2690,0
51692,20.324875,20.212765,20.204680,0.000000,0.000501,0.000000,0.000000,0.087542,0.025958,0.933124,631,8076219,162481,0,2,0,2,0,0,0,0,0,0,5406,0,3510,1896,0
51693,20.024833,19.828462,19.643641,0.000000,0.000541,0.000000,0.000000,0.075542,0.017333,0.610958,629,8091805,156836,0,2,0,2,0,0,0,0,0,0,5406,0,3510,1896,0
51694,18.724834,18.640733,18.619816,0.000000,0.000417,0.000000,0.000000,0.066958,0.046625,0.953167,643,8137958,157063,0,2,0,2,0,0,0,0,0,0,7208,0,4680,2528,0
51695,19.958833,19.836708,19.795113,0.000000,0.000708,0.000000,0.000000,0.122083,0.029000,0.598167,631,8091754,163512,0,2,0,2,0,0,0,0,0,0,5406,0,3510,1896,0
51696,19.974500,19.826154,19.751584,0.000000,0.000334,0.000000,0.000000,0.071625,0.014250,0.352208,631,8107252,159355,0,2,0,2,0,0,0,0,0,0,5406,0,3510,1896,0
51697,19.133625,18.992134,18.878713,0.000000,0.000459,0.000000,0.000000,0.110333,0.017959,1.290042,641,8107032,158688,0,2,0,2,0,0,0,0,0,0,7208,0,4680,2528,0
51698,20.535083,20.403909,20.385246,0.000000,0.000458,0.000000,0.000000,0.085709,0.016791,1.278709,633,8107247,159898,0,2,0,2,0,0,0,0,0,0,5406,0,3510,1896,0
51699,19.614334,19.504158,19.503241,0.000000,0.000416,0.000000,0.000000,0.085083,0.021583,1.224541,631,8107611,159822,0,2,0,2,0,0,0,0,0,0,5406,0,3510,1896,0
51700,21.039791,20.841870,20.801585,0.000000,0.000792,0.000000,0.000000,0.100667,0.015708,0.912458,640,8106639,158107,0,2,0,2,0,0,0,0,0,0,7208,0,4680,2528,0
51701,20.801709,20.642212,20.536509,0.000000,0.000417,0.000000,0.000000,0.086791,0.027125,0.936708,633,8091833,159516,0,2,0,2,0,0,0,0,0,0,5406,0,3510,1896,0
51702,20.580916,20.495708,20.475856,0.000000,0.000458,0.000000,0.000000,0.078959,0.025125,0.932792,631,8122730,158929,0,2,0,2,0,0,0,0,0,0,5406,0,3510,1896,0
51703,19.886292,19.718777,19.702232,0.000000,0.000457,0.000000,0.000000,0.096042,0.016791,1.285542,641,8106969,158191,0,2,0,2,0,0,0,0,0,0,7208,0,4680,2528,0
51704,20.255917,20.157447,20.174390,0.000000,0.000499,0.000000,0.000000,0.095416,0.018209,1.258000,630,8111927,161092,0,2,0,2,0,0,0,0,0,0,5406,0,3510,1896,0
51705,20.676708,20.519786,20.511434,0.000000,0.000583,0.000000,0.000000,0.108125,0.027375,0.930875,632,8102700,158763,0,2,0,2,0,0,0,0,0,0,5406,0,3510,1896,0
51706,20.749792,20.577578,20.571710,0.000000,0.000376,0.000000,0.000000,0.075208,0.027208,1.306000,648,8161749,160738,0,2,0,2,0,0,0,0,0,0,7523,0,4680,2843,0
51707,20.413125,20.223866,20.198623,0.000000,0.000375,0.000000,0.000000,0.065083,0.021375,0.661500,630,8036790,167240,0,2,0,2,0,0,0,0,0,0,5577,0,3510,2067,0
51708,19.305833,19.213619,19.227341,0.000000,0.000292,0.000000,0.000000,0.068792,0.016458,1.217376,633,8122674,162225,0,2,0,2,0,0,0,0,0,0,5406,0,3510,1896,0
51709,18.265042,18.130911,18.101488,0.000000,0.000291,0.000000,0.000000,0.069250,0.030333,0.921667,640,8116138,156442,0,2,0,2,0,0,0,0,0,0,7208,0,4680,2528,0
51710,17.578041,17.482036,17.475681,0.000000,0.000375,0.000000,0.000000,0.058959,0.050791,1.326666,639,8144564,154158,0,2,0,2,0,0,0,0,0,0,5551,0,3510,2041,0
51711,18.760167,18.649155,18.632260,0.000000,0.000709,0.000000,0.000000,0.111417,0.048125,0.625209,628,8076392,153559,0,2,0,2,0,0,0,0,0,0,5406,0,3510,1896,0
51712,19.259583,19.105455,19.002992,0.000000,0.000501,0.000000,0.000000,0.076167,0.048833,0.648834,643,8106780,147984,0,2,0,2,0,0,0,0,0,0,7523,0,4680,2843,0
51713,17.762959,17.627139,17.644165,0.000000,0.000250,0.000000,0.000000,0.064583,0.048042,0.971708,635,8076102,163082,0,2,0,2,0,0,0,0,0,0,5981,0,3510,2471,0
51714,19.193291,19.099428,19.099290,0.000000,0.000375,0.000000,0.000000,0.074584,0.057916,1.274251,656,8137764,168150,0,2,0,2,0,0,0,0,0,0,7591,0,3510,4081,0
51715,18.392584,18.146890,18.149799,0.000000,0.000290,0.000000,0.000000,0.080750,0.014666,0.651667,641,8076053,148091,0,2,0,2,0,0,0,0,0,0,7208,0,4680,2528,0
51716,17.691541,17.626545,17.627552,0.000000,0.000333,0.000000,0.000000,0.067917,0.045542,0.765084,636,8138133,152979,0,2,0,2,0,0,0,0,0,0,5406,0,3510,1896,0
51717,17.612167,17.475834,17.460779,0.000000,0.000333,0.000000,0.000000,0.069500,0.015542,1.295250,635,8122624,151973,0,2,0,2,0,0,0,0,0,0,5559,0,3510,2049,0
51718,20.004333,19.868159,19.839159,0.000000,0.000293,0.000000,0.000000,0.094459,0.037291,0.975958,639,8076133,157094,0,2,0,2,0,0,0,0,0,0,7208,0,4680,2528,0
51719,17.528625,17.407292,17.400920,0.000000,0.000335,0.000000,0.000000,0.076625,0.015000,0.654250,633,8125171,152311,0,2,0,2,0,0,0,0,0,0,5406,0,3510,1896,0
51720,17.243500,17.053571,17.059828,0.000000,0.000251,0.000000,0.000000,0.074500,0.015334,1.133918,631,8073953,149802,0,2,0,2,0,0,0,0,0,0,5406,0,3510,1896,0
51721,18.936667,18.832629,18.833500,0.000000,0.000292,0.000000,0.000000,0.080583,0.020125,1.269917,641,8122398,147902,0,2,0,2,0,0,0,0,0,0,7208,0,4680,2528,0
51722,19.930708,19.809940,19.732607,0.000000,0.000416,0.000000,0.000000,0.103292,0.016167,0.906125,632,8122689,152043,0,2,0,2,0,0,0,0,0,0,5406,0,3510,1896,0
51723,18.023000,17.877858,17.871831,0.000000,0.000584,0.000000,0.000000,0.072625,0.021959,0.295250,632,8091766,149648,0,2,0,2,0,0,0,0,0,0,5654,0,3510,2144,0
51724,18.466584,18.328420,18.336542,0.000000,0.000459,0.000000,0.000000,0.070125,0.014458,1.276000,641,8106918,154246,0,2,0,2,0,0,0,0,0,0,7523,0,4680,2843,0
51725,21.923750,21.799107,21.807239,0.000000,0.000543,0.000000,0.000000,0.096375,0.019541,0.924500,637,8138052,172207,0,2,0,2,0,0,0,0,0,0,5673,0,3510,2163,0
51726,20.270375,20.074370,20.074325,0.000000,0.000376,0.000000,0.000000,0.074250,0.015500,1.303083,630,8060892,159097,0,2,0,2,0,0,0,0,0,0,5406,0,3510,1896,0
51727,18.402291,18.321413,18.319664,0.000000,0.000334,0.000000,0.000000,0.109959,0.031125,1.256208,643,8137960,152193,0,2,0,2,0,0,0,0,0,0,7208,0,4680,2528,0
51728,18.286584,18.123753,18.143250,0.000000,0.000626,0.000000,0.000000,0.078416,0.031125,0.289291,633,8122720,153454,0,2,0,2,0,0,0,0,0,0,5505,0,3510,1995,0
51729,19.390541,19.226432,19.213663,0.000000,0.000459,0.000000,0.000000,0.071584,0.041708,0.935208,628,8060815,155261,0,2,0,2,0,0,0,0,0,0,5506,0,3510,1996,0
51730,17.842875,17.723059,17.712020,0.000000,0.000374,0.000000,0.000000,0.082125,0.017584,0.616625,645,8153240,158032,0,2,0,2,0,0,0,0,0,0,7523,0,4680,2843,0
51731,18.627417,18.465324,18.477962,0.000000,0.000541,0.000000,0.000000,0.074250,0.046750,0.948834,631,8060834,159709,0,2,0,2,0,0,0,0,0,0,5577,0,3510,2067,0
51732,18.271042,18.198549,18.192962,0.000000,0.000292,0.000000,0.000000,0.078625,0.022250,0.662916,640,8122543,156752,0,2,0,2,0,0,0,0,0,0,7004,0,4536,2468,0
51733,19.081458,18.945832,18.953697,0.000000,0.000500,0.000000,0.000000,0.083083,0.016750,1.280333,634,8107209,151526,0,2,0,2,0,0,0,0,0,0,5610,0,3654,1956,0
51734,16.932417,16.782543,16.788713,0.000000,0.000333,0.000000,0.000000,0.075500,0.025958,1.304542,635,8122773,152227,0,2,0,2,0,0,0,0,0,0,5551,0,3510,2041,0
51735,18.357458,18.211624,18.195202,0.000000,0.000333,0.000000,0.000000,0.067708,0.042834,0.667042,639,8106878,154337,0,2,0,2,0,0,0,0,0,0,7208,0,4680,2528,0
51736,17.361458,17.265254,17.264399,0.000000,0.000334,0.000000,0.000000,0.073000,0.049209,0.942083,632,8091785,151857,0,2,0,2,0,0,0,0,0,0,5406,0,3510,1896,0
51737,17.042709,16.911041,16.899234,0.000000,0.000416,0.000000,0.000000,0.062750,0.035333,1.363459,630,8107269,151007,0,2,0,2,0,0,0,0,0,0,5406,0,3510,1896,0
51738,17.434083,17.271257,17.254467,0.000000,0.000376,0.000000,0.000000,0.064875,0.028625,0.638667,639,8107076,149144,0,2,0,2,0,0,0,0,0,0,7208,0,4680,2528,0
51739,20.001500,19.846302,19.843238,0.000000,0.000291,0.000000,0.000000,0.080250,0.019792,1.458583,632,8107221,154056,0,2,0,2,0,0,0,0,0,0,5406,0,3510,1896,0
51740,18.123042,18.005070,18.019780,0.000000,0.000208,0.000000,0.000000,0.079875,0.016625,1.135583,630,8107318,150783,0,2,0,2,0,0,0,0,0,0,5406,0,3510,1896,0
51741,17.765875,17.660822,17.647430,0.000000,0.000457,0.000000,0.000000,0.063291,0.030667,0.609417,640,8106983,149724,0,2,0,2,0,0,0,0,0,0,7208,0,4680,2528,0
51742,19.209583,19.006967,19.019803,0.000000,0.000250,0.000000,0.000000,0.068375,0.022875,1.154625,632,8097001,152055,0,2,0,2,0,0,0,0,0,0,5406,0,3510,1896,0
51743,19.727958,19.632130,19.641964,0.000000,0.000292,0.000000,0.000000,0.071584,0.013958,1.144875,632,8117533,151559,0,2,0,2,0,0,0,0,0,0,5406,0,3510,1896,0
51744,19.351542,19.177482,19.190998,0.000000,0.000417,0.000000,0.000000,0.071417,0.014250,0.929959,639,8091583,149376,0,2,0,2,0,0,0,0,0,0,7208,0,4680,2528,0
51745,19.309333,19.215413,19.188157,0.000000,0.000293,0.000000,0.000000,0.078292,0.033250,1.293084,632,8122775,152607,0,2,0,2,0,0,0,0,0,0,5406,0,3510,1896,0
51746,19.297959,19.108384,18.962587,0.000000,0.000458,0.000000,0.000000,0.077208,0.022167,0.900124,632,8107395,151496,0,2,0,2,0,0,0,0,0,0,5406,0,3510,1896,0
51747,18.520416,18.451497,18.428836,0.000000,0.000460,0.000000,0.000000,0.075500,0.023000,0.609708,637,8106877,149077,0,2,0,2,0,0,0,0,0,0,7208,0,4680,2528,0
51748,19.691875,19.555115,19.532298,0.000000,0.000334,0.000000,0.000000,0.081417,0.023500,0.754583,633,8122702,153809,0,2,0,2,0,0,0,0,0,0,5406,0,3510,1896,0
51749,19.495625,19.346405,19.343840,0.000000,0.000334,0.000000,0.000000,0.086125,0.027834,1.329667,631,8091778,151722,0,2,0,2,0,0,0,0,0,0,5406,0,3510,1896,0
51750,19.109917,18.973248,18.894617,0.000000,0.000416,0.000000,0.000000,0.082667,0.016458,1.121416,639,8107055,148932,0,2,0,2,0,0,0,0,0,0,7208,0,4680,2528,0
51751,19.374000,19.176763,19.151413,0.000000,0.000418,0.000000,0.000000,0.083208,0.024250,1.293958,634,8107245,153486,0,2,0,2,0,0,0,0,0,0,5406,0,3510,1896,0
51752,17.905542,17.810750,17.721371,0.000000,0.000376,0.000000,0.000000,0.067541,0.024834,0.316083,638,8138002,150401,0,2,0,2,0,0,0,0,0,0,5863,0,3510,2353,0
51753,19.385250,19.238808,19.230553,0.000000,0.000543,0.000000,0.000000,0.072375,0.022875,1.276251,640,8076012,167260,0,2,0,2,0,0,0,0,0,0,7511,0,4680,2831,0
51754,19.586791,19.435562,19.419567,0.000000,0.000332,0.000000,0.000000,0.079750,0.026417,0.918291,632,8091740,159169,0,2,0,2,0,0,0,0,0,0,5549,0,3510,2039,0
51755,19.832750,19.697954,19.681440,0.000000,0.000333,0.000000,0.000000,0.088375,0.043709,1.311625,635,8138139,158690,0,2,0,2,0,0,0,0,0,0,5406,0,3510,1896,0
51756,18.914834,18.742793,18.592378,0.000000,0.000417,0.000000,0.000000,0.081041,0.020417,1.268209,638,8076116,149804,0,2,0,2,0,0,0,0,0,0,7208,0,4680,2528,0
51757,17.852791,17.769459,17.727862,0.000000,0.000459,0.000000,0.000000,0.081834,0.016583,0.303250,639,8153517,153565,0,2,0,2,0,0,0,0,0,0,5591,0,3510,2081,0
51758,18.811917,18.629712,18.607165,0.000000,0.000377,0.000000,0.000000,0.082917,0.028208,1.138041,630,8076641,158061,0,2,0,2,0,0,0,0,0,0,5406,0,3510,1896,0
51759,18.135208,17.995497,17.962284,0.000000,0.000416,0.000000,0.000000,0.069667,0.017167,1.311209,641,8091302,149356,0,2,0,2,0,0,0,0,0,0,7208,0,4680,2528,0
51760,19.486584,19.360163,19.323968,0.000000,0.000583,0.000000,0.000000,0.091833,0.022833,0.327042,633,8122719,153719,0,2,0,2,0,0,0,0,0,0,5406,0,3510,1896,0
51761,17.643625,17.546155,17.508783,0.000000,0.000208,0.000000,0.000000,0.065875,0.020458,1.305292,634,8107500,149971,0,2,0,2,0,0,0,0,0,0,5406,0,3510,1896,0
51762,18.061916,17.893220,17.920747,0.000000,0.000500,0.000000,0.000000,0.077167,0.016042,1.338292,640,8114223,149750,0,2,0,2,0,0,0,0,0,0,7208,0,4680,2528,0
51763,18.576417,18.391039,18.401001,0.000000,0.000418,0.000000,0.000000,0.082167,0.021916,1.304541,630,8099843,153374,0,2,0,2,0,0,0,0,0,0,5406,0,3510,1896,0
51764,19.375833,19.244098,19.227591,0.000000,0.000292,0.000000,0.000000,0.083750,0.018792,1.352333,631,8107187,150784,0,2,0,2,0,0,0,0,0,0,5406,0,3510,1896,0
51765,18.237834,18.110461,18.118120,0.000000,0.000334,0.000000,0.000000,0.080458,0.015000,0.932417,641,8107049,148874,0,2,0,2,0,0,0,0,0,0,7208,0,4680,2528,0
51766,17.457166,17.379583,17.375959,0.000000,0.000292,0.000000,0.000000,0.135167,0.017167,1.109709,634,8122672,153136,0,2,0,2,0,0,0,0,0,0,5406,0,3510,1896,0
51767,19.098417,18.968610,18.974680,0.000000,0.000541,0.000000,0.000000,0.077417,0.016708,0.960750,630,8107484,151155,0,2,0,2,0,0,0,0,0,0,5406,0,3510,1896,0
51768,17.840417,17.664760,17.676256,0.000000,0.000332,0.000000,0.000000,0.066250,0.048541,0.612167,640,8091357,149221,0,2,0,2,0,0,0,0,0,0,7208,0,4680,2528,0
51769,18.009208,17.870389,17.863706,0.000000,0.000332,0.000000,0.000000,0.076250,0.015083,0.971541,631,8107240,152719,0,2,0,2,0,0,0,0,0,0,5406,0,3510,1896,0
51770,19.016500,18.788337,18.790380,0.000000,0.000708,0.000000,0.000000,0.061292,0.013666,0.971750,632,8076380,148832,0,2,0,2,0,0,0,0,0,0,5563,0,3510,2053,0
51771,19.503833,19.509545,19.490913,0.000000,0.000666,0.000000,0.000000,0.074125,0.041500,0.952459,644,8137731,167841,0,2,0,2,0,0,0,0,0,0,7461,0,4680,2781,0
51772,17.670084,17.519490,17.506785,0.000000,0.000375,0.000000,0.000000,0.065416,0.023667,0.653042,631,8091766,154955,0,2,0,2,0,0,0,0,0,0,5503,0,3510,1993,0
51773,18.883166,18.753916,18.714572,0.000000,0.000335,0.000000,0.000000,0.073542,0.038000,0.888166,633,8107327,158554,0,2,0,2,0,0,0,0,0,0,5507,0,3510,1997,0
51774,17.709292,17.582231,17.579555,0.000000,0.000292,0.000000,0.000000,0.060208,0.016834,0.972083,643,8137815,157475,0,2,0,2,0,0,0,0,0,0,7208,0,4680,2528,0
51775,20.909125,20.754379,20.765223,0.000000,0.000292,0.000000,0.000000,0.071208,0.056625,1.721750,630,8091818,163712,0,2,0,2,0,0,0,0,0,0,5406,0,3510,1896,0
51776,20.067750,19.907777,19.791739,0.000000,0.000458,0.000000,0.000000,0.082292,0.016083,0.294125,633,8107236,155190,0,2,0,2,0,0,0,0,0,0,5406,0,3510,1896,0
51777,17.769875,17.660199,17.649624,0.000000,0.000293,0.000000,0.000000,0.067708,0.039500,1.083417,646,8153388,155613,0,2,0,2,0,0,0,0,0,0,7351,0,4680,2671,0
51778,20.777250,20.636515,20.636668,0.000000,0.000458,0.000000,0.000000,0.106875,0.029958,1.288999,629,8076293,160397,0,2,0,2,0,0,0,0,0,0,5406,0,3510,1896,0
51779,19.522125,19.356872,19.024713,0.000000,0.000374,0.000000,0.000000,0.077500,0.033583,0.715376,633,8091804,152654,0,2,0,2,0,0,0,0,0,0,5406,0,3510,1896,0
51780,18.797792,18.632035,18.614010,0.000000,0.000293,0.000000,0.000000,0.072916,0.026125,0.935458,640,8107037,153736,0,2,0,2,0,0,0,0,0,0,7208,0,4680,2528,0
51781,19.296583,19.189655,19.187196,0.000000,0.000375,0.000000,0.000000,0.077583,0.019917,0.635333,632,8107266,152282,0,2,0,2,0,0,0,0,0,0,5406,0,3510,1896,0
51782,19.371458,19.222539,19.176022,0.000000,0.000333,0.000000,0.000000,0.079875,0.030750,0.669292,637,8138115,153821,0,2,0,2,0,0,0,0,0,0,6707,0,4063,2644,0
51783,20.704042,20.591700,19.858882,0.000000,0.000250,0.000000,0.000000,0.081125,0.032083,0.967292,643,8122380,161626,0,2,0,2,0,0,0,0,0,0,6329,0,4127,2202,0
51784,19.630208,19.503457,19.436757,0.000000,0.000292,0.000000,0.000000,0.108459,0.026625,0.844792,626,8045465,160630,0,2,0,2,0,0,0,0,0,0,5406,0,3510,1896,0
51785,20.663750,20.449459,20.187495,0.000000,0.000542,0.000000,0.000000,0.115875,0.024917,0.610583,634,8107438,152495,0,2,0,2,0,0,0,0,0,0,7101,0,4536,2565,0
51786,20.337709,20.230260,20.214122,0.000000,0.000333,0.000000,0.000000,0.093000,0.025083,0.590250,638,8106865,155467,0,2,0,2,0,0,0,0,0,0,5610,0,3654,1956,0
51787,19.891541,19.720198,19.694907,0.000000,0.000417,0.000000,0.000000,0.086917,0.025167,0.910084,633,8107216,152924,0,2,0,2,0,0,0,0,0,0,5406,0,3510,1896,0
51788,18.450209,18.283731,18.291664,0.000000,0.000292,0.000000,0.000000,0.055541,0.037542,0.626500,641,8122501,149522,0,2,0,2,0,0,0,0,0,0,7309,0,4680,2629,0
51789,19.429500,19.322887,19.341349,0.000000,0.000332,0.000000,0.000000,0.078166,0.016834,1.228542,630,8091781,155480,0,2,0,2,0,0,0,0,0,0,5406,0,3510,1896,0
51790,17.491041,17.294382,17.306913,0.000000,0.000167,0.000000,0.000000,0.071417,0.036125,0.908917,633,8107244,150231,0,2,0,2,0,0,0,0,0,0,5406,0,3510,1896,0
51791,16.943625,16.877758,16.899012,0.000000,0.000460,0.000000,0.000000,0.071084,0.047166,0.984750,641,8131510,149181,0,2,0,2,0,0,0,0,0,0,7208,0,4680,2528,0
51792,16.388125,16.236221,16.256403,0.000000,0.000166,0.000000,0.000000,0.060959,0.043166,0.608875,631,8098243,150644,0,2,0,2,0,0,0,0,0,0,5406,0,3510,1896,0
51793,16.328375,16.195915,16.207504,0.000000,0.000251,0.000000,0.000000,0.068834,0.042166,1.245541,633,8091820,151161,0,2,0,2,0,0,0,0,0,0,5406,0,3510,1896,0
51794,16.318959,16.230844,16.247075,0.000000,0.000375,0.000000,0.000000,0.056208,0.035333,0.610333,641,8122491,149105,0,2,0,2,0,0,0,0,0,0,7208,0,4680,2528,0
51795,17.930416,17.829694,17.854802,0.000000,0.000209,0.000000,0.000000,0.067500,0.044625,0.896041,633,8107245,153094,0,2,0,2,0,0,0,0,0,0,5406,0,3510,1896,0
51796,17.694125,17.414723,17.433800,0.000000,0.000334,0.000000,0.000000,0.051917,0.010417,0.448084,630,8076372,155293,0,2,0,2,0,0,0,0,0,0,5507,0,3510,1997,0
51797,17.868417,17.788470,17.785078,0.000000,0.000332,0.000000,0.000000,0.060167,0.016750,1.190542,642,8122423,158326,0,2,0,2,0,0,0,0,0,0,7208,0,4680,2528,0
51798,17.188125,17.124591,17.112473,0.000000,0.000418,0.000000,0.000000,0.078167,0.036916,1.233500,632,8122743,153524,0,2,0,2,0,0,0,0,0,0,5406,0,3510,1896,0
51799,17.763000,17.645556,17.464143,0.000000,0.000750,0.000000,0.000000,0.073375,0.014083,0.607792,633,8107221,154641,0,2,0,2,0,0,0,0,0,0,5406,0,3510,1896,0
51800,17.832667,17.701695,17.703170,0.000000,0.000293,0.000000,0.000000,0.070541,0.014542,0.969583,642,8107037,153143,0,2,0,2,0,0,0,0,0,0,7208,0,4680,2528,0
51801,18.024416,17.924398,17.940669,0.000000,0.000457,0.000000,0.000000,0.085250,0.029459,1.057542,631,8122657,152361,0,2,0,2,0,0,0,0,0,0,5406,0,3510,1896,0
51802,18.174875,17.985738,17.978968,0.000000,0.000291,0.000000,0.000000,0.066084,0.012875,0.607625,632,8091867,153546,0,2,0,2,0,0,0,0,0,0,5406,0,3510,1896,0
51803,17.951084,17.836974,17.830414,0.000000,0.000332,0.000000,0.000000,0.077833,0.013750,1.216626,641,8106978,153053,0,2,0,2,0,0,0,0,0,0,7208,0,4680,2528,0
51804,17.297375,17.186297,17.186126,0.000000,0.000249,0.000000,0.000000,0.076791,0.029792,1.251084,631,8091900,150366,0,2,0,2,0,0,0,0,0,0,5503,0,3510,1993,0
51805,19.327500,19.164890,19.186184,0.000000,0.000250,0.000000,0.000000,0.071333,0.029250,1.234959,637,8153405,159730,0,2,0,2,0,0,0,0,0,0,5577,0,3510,2067,0
51806,19.293083,19.148036,19.144818,0.000000,0.000251,0.000000,0.000000,0.073917,0.020583,0.446084,640,8076084,163311,0,2,0,2,0,0,0,0,0,0,7208,0,4680,2528,0
51807,18.965583,18.848999,18.670831,0.000000,0.000375,0.000000,0.000000,0.082042,0.034167,0.600791,631,8122850,154957,0,2,0,2,0,0,0,0,0,0,5406,0,3510,1896,0
51808,18.754084,18.617595,18.628084,0.000000,0.000210,0.000000,0.000000,0.074666,0.021000,0.899375,634,8107137,155280,0,2,0,2,0,0,0,0,0,0,5406,0,3510,1896,0
51809,18.760625,18.614044,18.602309,0.000000,0.000335,0.000000,0.000000,0.085541,0.016000,0.897875,640,8091626,151890,0,2,0,2,0,0,0,0,0,0,7208,0,4680,2528,0
51810,18.975333,18.814329,18.807260,0.000000,0.000291,0.000000,0.000000,0.072708,0.027625,0.446708,630,8108586,154261,0,2,0,2,0,0,0,0,0,0,5406,0,3510,1896,0
51811,17.384208,17.274830,17.270311,0.000000,0.000249,0.000000,0.000000,0.068000,0.020625,1.187083,632,8121323,155673,0,2,0,2,0,0,0,0,0,0,5406,0,3510,1896,0
51812,17.100917,16.949597,16.948235,0.000000,0.000374,0.000000,0.000000,0.064417,0.010833,1.234750,641,8091552,152260,0,2,0,2,0,0,0,0,0,0,7208,0,4680,2528,0
51813,17.569083,17.441753,17.443954,0.000000,0.000375,0.000000,0.000000,0.070542,0.038000,0.606458,631,8122677,154374,0,2,0,2,0,0,0,0,0,0,5406,0,3510,1896,0
51814,18.125875,17.991865,18.011730,0.000000,0.000291,0.000000,0.000000,0.069250,0.013500,0.897833,629,8091820,152872,0,2,0,2,0,0,0,0,0,0,5406,0,3510,1896,0
51815,17.442125,17.304422,17.303860,0.000000,0.000292,0.000000,0.000000,0.058334,0.027250,1.225333,642,8112834,153721,0,2,0,2,0,0,0,0,0,0,7208,0,4680,2528,0
51816,18.606584,18.544580,18.566868,0.000000,0.000209,0.000000,0.000000,0.084833,0.069417,0.446834,630,8117056,156607,0,2,0,2,0,0,0,0,0,0,5406,0,3510,1896,0
51817,19.649500,19.413758,19.377207,0.000000,0.000585,0.000000,0.000000,0.092666,0.031125,0.606916,630,8076299,154798,0,2,0,2,0,0,0,0,0,0,5406,0,3510,1896,0
51818,18.576083,18.494862,18.469375,0.000000,0.000418,0.000000,0.000000,0.100333,0.020209,0.919000,643,8122360,153746,0,2,0,2,0,0,0,0,0,0,7208,0,4680,2528,0
51819,18.625583,18.500323,18.518786,0.000000,0.000417,0.000000,0.000000,0.089125,0.021709,1.272667,632,8122810,154632,0,2,0,2,0,0,0,0,0,0,5406,0,3510,1896,0
51820,19.161000,19.011294,19.005199,0.000000,0.000416,0.000000,0.000000,0.091292,0.029542,1.255791,630,8091680,155489,0,2,0,2,0,0,0,0,0,0,5406,0,3510,1896,0
51821,19.339209,19.219034,19.201809,0.000000,0.000541,0.000000,0.000000,0.084208,0.016833,0.311958,663,8106683,153608,0,2,0,2,0,0,0,0,0,0,9249,0,4680,4569,0
51822,18.844333,18.710767,18.718846,0.000000,0.000292,0.000000,0.000000,0.091667,0.026250,0.939833,631,8112552,154851,0,2,0,2,0,0,0,0,0,0,5406,0,3510,1896,0
51823,19.869958,19.688257,19.594360,0.000000,0.000625,0.000000,0.000000,0.130250,0.024000,0.622209,631,8086504,154929,0,2,0,2,0,0,0,0,0,0,5406,0,3510,1896,0
51824,20.844584,20.728668,20.664019,0.000000,0.000667,0.000000,0.000000,0.097208,0.020125,0.623083,641,8122578,152074,0,2,0,2,0,0,0,0,0,0,7208,0,4680,2528,0
51825,20.150666,19.916998,19.866568,0.000000,0.000375,0.000000,0.000000,0.092500,0.015875,0.968166,631,8107269,153402,0,2,0,2,0,0,0,0,0,0,5406,0,3510,1896,0
51826,20.680625,20.576082,20.216193,0.000000,0.000584,0.000000,0.000000,0.136417,0.018417,0.945542,630,8091905,155114,0,2,0,2,0,0,0,0,0,0,5406,0,3510,1896,0
51827,18.903750,18.792376,18.805082,0.000000,0.000290,0.000000,0.000000,0.087500,0.030750,1.291958,643,8137668,154077,0,2,0,2,0,0,0,0,0,0,7208,0,4680,2528,0
51828,19.171834,18.914606,18.917581,0.000000,0.000333,0.000000,0.000000,0.079416,0.020542,0.665792,628,8060934,152610,0,2,0,2,0,0,0,0,0,0,5406,0,3510,1896,0
51829,18.713708,18.697987,18.573178,0.000000,0.000416,0.000000,0.000000,0.090333,0.020042,0.608334,632,8153597,155624,0,2,0,2,0,0,0,0,0,0,5406,0,3510,1896,0
51830,21.408667,21.233468,21.270253,0.000000,0.000541,0.000000,0.000000,0.093875,0.020875,0.932958,637,8076142,163835,0,2,0,2,0,0,0,0,0,0,7208,0,4680,2528,0
51831,19.456208,19.339862,19.347203,0.000000,0.000416,0.000000,0.000000,0.102167,0.022625,0.972125,632,8122723,155749,0,2,0,2,0,0,0,0,0,0,5406,0,3510,1896,0
51832,19.672833,19.464749,19.478854,0.000000,0.000333,0.000000,0.000000,0.094459,0.020208,0.967083,629,8091807,155631,0,2,0,2,0,0,0,0,0,0,5406,0,3510,1896,0
51833,19.937125,19.799936,19.783495,0.000000,0.000458,0.000000,0.000000,0.079125,0.014459,0.942376,641,8107046,155222,0,2,0,2,0,0,0,0,0,0,7208,0,4680,2528,0
51834,19.862917,19.706889,19.700840,0.000000,0.000292,0.000000,0.000000,0.091833,0.026042,1.250001,633,8107298,152765,0,2,0,2,0,0,0,0,0,0,5406,0,3510,1896,0
51835,18.565708,18.415531,18.405626,0.000000,0.000417,0.000000,0.000000,0.075667,0.016958,0.301083,640,8153375,153789,0,2,0,2,0,0,0,0,0,0,7422,0,4536,2886,0
51836,21.458000,21.325339,21.332039,0.000000,0.000417,0.000000,0.000000,0.083334,0.029750,0.936208,638,8060689,167255,0,2,0,2,0,0,0,0,0,0,5670,0,3654,2016,0
51837,19.058167,18.902501,18.891670,0.000000,0.000291,0.000000,0.000000,0.076667,0.027833,1.102875,633,8107245,157629,0,2,0,2,0,0,0,0,0,0,5525,0,3510,2015,0
51838,20.093875,20.000458,20.010169,0.000000,0.000541,0.000000,0.000000,0.085125,0.016833,1.283709,633,8107389,163262,0,2,0,2,0,0,0,0,0,0,6582,0,4174,2408,0
51839,19.363917,19.245339,19.259093,0.000000,0.000459,0.000000,0.000000,0.086125,0.026041,1.278583,639,8106848,154210,0,2,0,2,0,0,0,0,0,0,6032,0,4016,2016,0
51840,18.089875,17.919759,17.896473,0.000000,0.000291,0.000000,0.000000,0.072791,0.024459,0.610625,635,8122690,154085,0,2,0,2,0,0,0,0,0,0,5560,0,3510,2050,0
51841,18.983583,18.776084,18.759276,0.000000,0.000375,0.000000,0.000000,0.083667,0.015041,0.726291,638,8091931,157035,0,2,0,2,0,0,0,0,0,0,7208,0,4680,2528,0
51842,18.080958,18.020199,18.021363,0.000000,0.000376,0.000000,0.000000,0.086084,0.025750,1.268000,636,8106774,151077,0,2,0,2,0,0,0,0,0,0,5535,0,3510,2025,0
51843,19.365500,19.241417,19.218709,0.000000,0.000416,0.000000,0.000000,0.073500,0.014667,0.946917,634,8107256,159637,0,2,0,2,0,0,0,0,0,0,5406,0,3510,1896,0
51844,17.915917,17.850193,17.822688,0.000000,0.000583,0.000000,0.000000,0.114708,0.057042,0.636583,638,8107033,146941,0,2,0,2,0,0,0,0,0,0,7208,0,4680,2528,0
51845,20.788458,20.588750,20.591372,0.000000,0.000332,0.000000,0.000000,0.091125,0.036167,0.937918,635,8138152,162457,0,2,0,2,0,0,0,0,0,0,5406,0,3510,1896,0
51846,19.373625,19.179105,19.168565,0.000000,0.000500,0.000000,0.000000,0.078209,0.022541,0.601500,631,8076512,153433,0,2,0,2,0,0,0,0,0,0,5406,0,3510,1896,0
51847,19.381542,19.281404,19.276545,0.000000,0.000458,0.000000,0.000000,0.098625,0.026875,0.826125,642,8122355,151553,0,2,0,2,0,0,0,0,0,0,7208,0,4680,2528,0
51848,19.236125,19.094575,19.109036,0.000000,0.000541,0.000000,0.000000,0.091208,0.023042,1.319041,630,8107238,156954,0,2,0,2,0,0,0,0,0,0,5406,0,3510,1896,0
51849,19.769833,19.654042,19.658886,0.000000,0.000542,0.000000,0.000000,0.088084,0.024500,1.298251,631,8107300,152521,0,2,0,2,0,0,0,0,0,0,5406,0,3510,1896,0
51850,20.010334,19.852538,19.815912,0.000000,0.000333,0.000000,0.000000,0.078416,0.016834,0.902583,644,8143955,152012,0,2,0,2,0,0,0,0,0,0,7370,0,4680,2690,0
51851,21.567750,21.363252,21.159507,0.000000,0.000584,0.000000,0.000000,0.097916,0.023167,0.882084,629,8070236,163149,0,2,0,2,0,0,0,0,0,0,5406,0,3510,1896,0
51852,19.608541,19.455094,19.440283,0.000000,0.000709,0.000000,0.000000,0.077334,0.031666,0.675416,632,8107474,154184,0,2,0,2,0,0,0,0,0,0,5406,0,3510,1896,0
51853,19.044542,18.925032,18.861667,0.000000,0.000291,0.000000,0.000000,0.080083,0.015625,0.757041,641,8106880,149839,0,2,0,2,0,0,0,0,0,0,7208,0,4680,2528,0
51854,19.085000,18.949417,18.954337,0.000000,0.000541,0.000000,0.000000,0.081958,0.025292,0.943292,630,8107380,159592,0,2,0,2,0,0,0,0,0,0,5406,0,3510,1896,0
51855,19.449458,19.344157,19.327292,0.000000,0.000333,0.000000,0.000000,0.083125,0.039875,0.920918,635,8122536,156937,0,2,0,2,0,0,0,0,0,0,5406,0,3510,1896,0
51856,19.493000,19.317402,19.324781,0.000000,0.000458,0.000000,0.000000,0.083792,0.025417,1.243167,640,8091687,153357,0,2,0,2,0,0,0,0,0,0,7208,0,4680,2528,0
51857,19.111542,19.009197,19.011743,0.000000,0.000292,0.000000,0.000000,0.080708,0.038709,0.290375,633,8107165,155700,0,2,0,2,0,0,0,0,0,0,5406,0,3510,1896,0
51858,19.115917,18.926505,18.887541,0.000000,0.000457,0.000000,0.000000,0.081333,0.022875,0.923291,633,8107253,156006,0,2,0,2,0,0,0,0,0,0,5406,0,3510,1896,0
51859,19.843583,19.724379,19.643551,0.000000,0.000459,0.000000,0.000000,0.077833,0.023250,0.695751,641,8107012,155633,0,2,0,2,0,0,0,0,0,0,7208,0,4680,2528,0
51860,17.884583,17.805579,17.796246,0.000000,0.000583,0.000000,0.000000,0.086917,0.021708,1.247208,640,8153487,157778,0,2,0,2,0,0,0,0,0,0,5577,0,3510,2067,0
51861,19.674125,19.501155,19.506244,0.000000,0.000500,0.000000,0.000000,0.081292,0.052667,0.809792,632,8107261,162175,0,2,0,2,0,0,0,0,0,0,5505,0,3510,1995,0
51862,18.996709,18.882244,18.829583,0.000000,0.000458,0.000000,0.000000,0.066833,0.046500,0.645166,641,8076157,158077,0,2,0,2,0,0,0,0,0,0,7308,0,4680,2628,0
51863,19.697875,19.611588,19.610026,0.000000,0.000458,0.000000,0.000000,0.101208,0.035792,0.930750,633,8107142,163546,0,2,0,2,0,0,0,0,0,0,5406,0,3510,1896,0
51864,20.186083,20.004430,20.017169,0.000000,0.000417,0.000000,0.000000,0.080042,0.039666,1.231500,634,8138122,160425,0,2,0,2,0,0,0,0,0,0,5556,0,3510,2046,0
51865,20.799750,20.683414,20.636543,0.000000,0.000416,0.000000,0.000000,0.092083,0.044209,1.294001,637,8060784,163076,0,2,0,2,0,0,0,0,0,0,7444,0,4680,2764,0
51866,20.332292,20.185048,20.169296,0.000000,0.000374,0.000000,0.000000,0.085500,0.021833,0.932333,636,8122478,169803,0,2,0,2,0,0,0,0,0,0,5406,0,3510,1896,0
51867,19.571625,19.464047,19.462282,0.000000,0.003291,0.000000,0.000000,0.109958,0.043583,0.581333,631,8107289,156704,0,2,0,2,0,0,0,0,0,0,5406,0,3510,1896,0
51868,20.255916,20.054976,20.051338,0.000000,0.000458,0.000000,0.000000,0.077917,0.014292,1.272666,642,8095722,155678,0,2,0,2,0,0,0,0,0,0,7208,0,4680,2528,0
51869,20.465292,20.356071,20.362385,0.000000,0.000416,0.000000,0.000000,0.103667,0.042208,1.259333,632,8118508,157462,0,2,0,2,0,0,0,0,0,0,5406,0,3510,1896,0
51870,19.896708,19.699834,19.700001,0.000000,0.000293,0.000000,0.000000,0.074750,0.015000,0.609250,630,8091831,155089,0,2,0,2,0,0,0,0,0,0,5406,0,3510,1896,0
51871,19.348667,19.174969,19.188818,0.000000,0.000375,0.000000,0.000000,0.088625,0.023542,1.209541,641,8091526,154512,0,2,0,2,0,0,0,0,0,0,7208,0,4680,2528,0
51872,21.096458,21.009934,20.983380,0.000000,0.000667,0.000000,0.000000,0.121209,0.027333,0.595833,634,8138172,159019,0,2,0,2,0,0,0,0,0,0,5406,0,3510,1896,0
51873,19.283709,19.140300,19.156454,0.000000,0.000293,0.000000,0.000000,0.083833,0.022375,0.942916,632,8100433,155805,0,2,0,2,0,0,0,0,0,0,5406,0,3510,1896,0
51874,19.566541,19.428537,19.426231,0.000000,0.000417,0.000000,0.000000,0.095167,0.027958,1.362125,638,8098421,153577,0,2,0,2,0,0,0,0,0,0,7208,0,4680,2528,0
51875,19.783500,19.605117,19.604909,0.000000,0.000375,0.000000,0.000000,0.089417,0.023083,1.247626,638,8153496,159282,0,2,0,2,0,0,0,0,0,0,5721,0,3510,2211,0
51876,20.627250,20.488641,20.493073,0.000000,0.000667,0.000000,0.000000,0.084250,0.031459,1.261250,634,8091641,161592,0,2,0,2,0,0,0,0,0,0,5577,0,3510,2067,0
51877,21.720292,21.572050,21.523055,0.000000,0.000750,0.000000,0.000000,0.111333,0.036042,0.961041,640,8076239,167269,0,2,0,2,0,0,0,0,0,0,7208,0,4680,2528,0
51878,19.208292,19.072392,19.061808,0.000000,0.000292,0.000000,0.000000,0.078333,0.038500,0.946250,634,8122617,158354,0,2,0,2,0,0,0,0,0,0,5406,0,3510,1896,0
51879,18.915041,18.755339,18.749890,0.000000,0.000332,0.000000,0.000000,0.070500,0.014917,0.611166,628,8091774,157683,0,2,0,2,0,0,0,0,0,0,5406,0,3510,1896,0
51880,20.222084,20.143664,20.081997,0.000000,0.000292,0.000000,0.000000,0.104000,0.016416,0.582083,644,8137927,160946,0,2,0,2,0,0,0,0,0,0,7325,0,4680,2645,0
51881,20.162833,19.998950,20.013089,0.000000,0.000375,0.000000,0.000000,0.070875,0.022458,0.940667,631,8076304,166924,0,2,0,2,0,0,0,0,0,0,5406,0,3510,1896,0
51882,21.057083,20.931874,20.937317,0.000000,0.000418,0.000000,0.000000,0.091667,0.019625,1.273959,633,8112569,162891,0,2,0,2,0,0,0,0,0,0,5406,0,3510,1896,0
51883,21.254000,21.152712,21.142346,0.000000,0.000541,0.000000,0.000000,0.130834,0.028291,0.945375,641,8119184,157598,0,2,0,2,0,0,0,0,0,0,7208,0,4680,2528,0
51884,19.883584,19.657501,19.639622,0.000000,0.000416,0.000000,0.000000,0.087916,0.017750,0.991876,630,8089770,151728,0,2,0,2,0,0,0,0,0,0,5406,0,3510,1896,0
51885,18.901291,18.771956,18.793320,0.000000,0.000292,0.000000,0.000000,0.070334,0.016083,1.272041,630,8107271,150695,0,2,0,2,0,0,0,0,0,0,5406,0,3510,1896,0
51886,18.918292,18.790420,18.808293,0.000000,0.000417,0.000000,0.000000,0.069583,0.039334,0.639625,640,8122492,150175,0,2,0,2,0,0,0,0,0,0,7208,0,4680,2528,0
51887,18.048125,17.875379,17.880041,0.000000,0.000417,0.000000,0.000000,0.070542,0.023166,1.224917,633,8091818,147040,0,2,0,2,0,0,0,0,0,0,5406,0,3510,1896,0
51888,17.647917,17.551075,17.546290,0.000000,0.000500,0.000000,0.000000,0.079083,0.012917,0.960374,634,8122676,147418,0,2,0,2,0,0,0,0,0,0,5406,0,3510,1896,0
51889,17.616583,17.463012,17.457463,0.000000,0.000374,0.000000,0.000000,0.085042,0.016500,0.612333,637,8091643,146309,0,2,0,2,0,0,0,0,0,0,7208,0,4680,2528,0
51890,17.352792,17.219419,17.234653,0.000000,0.000459,0.000000,0.000000,0.093250,0.017208,1.227209,632,8107261,146215,0,2,0,2,0,0,0,0,0,0,5406,0,3510,1896,0
51891,18.076750,17.975883,17.992441,0.000000,0.000374,0.000000,0.000000,0.080041,0.015500,1.301791,637,8107353,146249,0,2,0,2,0,0,0,0,0,0,7004,0,4536,2468,0
51892,18.134041,17.964966,17.984202,0.000000,0.000292,0.000000,0.000000,0.062584,0.012208,0.337000,635,8108120,146731,0,2,0,2,0,0,0,0,0,0,5610,0,3654,1956,0
51893,17.350750,17.221257,17.228617,0.000000,0.000292,0.000000,0.000000,0.074417,0.022167,1.295584,631,8106090,146509,0,2,0,2,0,0,0,0,0,0,5406,0,3510,1896,0
51894,17.574667,17.444195,17.410815,0.000000,0.000416,0.000000,0.000000,0.079625,0.028083,0.944667,638,8107036,145344,0,2,0,2,0,0,0,0,0,0,7208,0,4680,2528,0
51895,18.502917,18.371944,18.387038,0.000000,0.000417,0.000000,0.000000,0.082916,0.026292,1.247833,631,8107237,148055,0,2,0,2,0,0,0,0,0,0,5406,0,3510,1896,0
51896,18.203875,18.122253,18.099229,0.000000,0.000334,0.000000,0.000000,0.098083,0.019083,0.629792,634,8122704,146827,0,2,0,2,0,0,0,0,0,0,5406,0,3510,1896,0
51897,18.345375,18.161887,18.178657,0.000000,0.000541,0.000000,0.000000,0.095166,0.051584,1.307001,640,8107067,145002,0,2,0,2,0,0,0,0,0,0,7208,0,4680,2528,0
51898,18.544291,18.398213,18.412263,0.000000,0.000208,0.000000,0.000000,0.086667,0.037708,0.956042,629,8091797,146467,0,2,0,2,0,0,0,0,0,0,5406,0,3510,1896,0
51899,17.469209,17.336917,17.354790,0.000000,0.000332,0.000000,0.000000,0.083708,0.016583,0.619625,631,8107236,146239,0,2,0,2,0,0,0,0,0,0,5406,0,3510,1896,0
51900,18.548708,18.418708,18.420578,0.000000,0.000625,0.000000,0.000000,0.076917,0.018125,0.585834,639,8091639,144969,0,2,0,2,0,0,0,0,0,0,7208,0,4680,2528,0
51901,18.442833,18.331998,18.349915,0.000000,0.000376,0.000000,0.000000,0.069459,0.080500,1.113292,634,8138104,148348,0,2,0,2,0,0,0,0,0,0,5406,0,3510,1896,0
51902,19.250125,19.116169,19.122162,0.000000,0.000292,0.000000,0.000000,0.131459,0.016333,0.642041,630,8101925,145850,0,2,0,2,0,0,0,0,0,0,5406,0,3510,1896,0
51903,19.522917,19.302921,19.193433,0.000000,0.000792,0.000000,0.000000,0.102375,0.025208,0.293125,640,8081541,144834,0,2,0,2,0,0,0,0,0,0,7208,0,4680,2528,0
51904,18.955042,18.797707,18.811545,0.000000,0.000291,0.000000,0.000000,0.071041,0.028500,0.935584,633,8122705,147961,0,2,0,2,0,0,0,0,0,0,5406,0,3510,1896,0
51905,17.668875,17.540993,17.478416,0.000000,0.000459,0.000000,0.000000,0.085000,0.015416,0.802166,633,8107273,146235,0,2,0,2,0,0,0,0,0,0,5406,0,3510,1896,0
51906,17.796958,17.700292,17.703779,0.000000,0.000333,0.000000,0.000000,0.093750,0.016667,1.224458,639,8096287,144742,0,2,0,2,0,0,0,0,0,0,7208,0,4680,2528,0
51907,19.476625,19.296121,19.308847,0.000000,0.000667,0.000000,0.000000,0.069167,0.013583,0.447417,633,8118195,148164,0,2,0,2,0,0,0,0,0,0,5406,0,3510,1896,0
51908,18.519000,18.383414,18.399671,0.000000,0.000249,0.000000,0.000000,0.075667,0.013500,0.754167,631,8107016,146399,0,2,0,2,0,0,0,0,0,0,5406,0,3510,1896,0
51909,18.169542,18.036372,18.014300,0.000000,0.000375,0.000000,0.000000,0.085625,0.020083,1.330458,639,8091637,144718,0,2,0,2,0,0,0,0,0,0,7208,0,4680,2528,0
51910,18.396958,18.256458,18.262821,0.000000,0.000375,0.000000,0.000000,0.074833,0.014125,0.917500,633,8122663,147953,0,2,0,2,0,0,0,0,0,0,5406,0,3510,1896,0
51911,17.862917,17.695393,17.691814,0.000000,0.000542,0.000000,0.000000,0.074041,0.013500,0.304958,633,8107450,146414,0,2,0,2,0,0,0,0,0,0,5406,0,3510,1896,0
51912,17.421500,17.336020,17.319276,0.000000,0.000334,0.000000,0.000000,0.071041,0.026125,0.964916,639,8091409,144707,0,2,0,2,0,0,0,0,0,0,7208,0,4680,2528,0
51913,17.120125,16.970841,16.957343,0.000000,0.000416,0.000000,0.000000,0.078791,0.016250,0.638208,634,8122753,148081,0,2,0,2,0,0,0,0,0,0,5406,0,3510,1896,0
51914,17.250583,17.135283,17.087574,0.000000,0.000374,0.000000,0.000000,0.067583,0.029792,0.595584,630,8107213,146048,0,2,0,2,0,0,0,0,0,0,5406,0,3510,1896,0
51915,16.824917,16.671082,16.672775,0.000000,0.000333,0.000000,0.000000,0.066916,0.015792,1.113833,640,8091569,144739,0,2,0,2,0,0,0,0,0,0,7208,0,4680,2528,0
51916,18.794166,18.672762,18.664409,0.000000,0.000416,0.000000,0.000000,0.079167,0.019833,1.299542,631,8122702,148008,0,2,0,2,0,0,0,0,0,0,5406,0,3510,1896,0
51917,16.760250,16.646586,16.647297,0.000000,0.000584,0.000000,0.000000,0.077084,0.024375,0.848708,631,8107251,146072,0,2,0,2,0,0,0,0,0,0,5406,0,3510,1896,0
51918,17.094209,16.983421,16.984240,0.000000,0.000291,0.000000,0.000000,0.076291,0.012875,0.931083,642,8091588,144232,0,2,0,2,0,0,0,0,0,0,7208,0,4680,2528,0
51919,17.439250,17.320595,17.331197,0.000000,0.000291,0.000000,0.000000,0.075458,0.013583,0.447375,635,8138361,150187,0,2,0,2,0,0,0,0,0,0,5406,0,3510,1896,0
51920,17.460541,17.277682,17.270298,0.000000,0.000459,0.000000,0.000000,0.073917,0.022792,0.786459,632,8091679,141334,0,2,0,2,0,0,0,0,0,0,5406,0,3510,1896,0
51921,17.472042,17.388291,17.412201,0.000000,0.000375,0.000000,0.000000,0.083458,0.016459,0.632375,638,8122393,133393,0,2,0,2,0,0,0,0,0,0,7208,0,4680,2528,0
51922,17.663000,17.515073,17.537298,0.000000,0.000375,0.000000,0.000000,0.085750,0.025458,0.872417,631,8091808,136504,0,2,0,2,0,0,0,0,0,0,5406,0,3510,1896,0
51923,17.362042,17.209422,17.230584,0.000000,0.000333,0.000000,0.000000,0.071708,0.019875,1.299000,632,8107321,135461,0,2,0,2,0,0,0,0,0,0,5406,0,3510,1896,0
51924,17.421958,17.285465,17.290893,0.000000,0.000418,0.000000,0.000000,0.068125,0.021583,0.610584,640,8106990,134052,0,2,0,2,0,0,0,0,0,0,7208,0,4680,2528,0
51925,18.113000,17.986085,17.976829,0.000000,0.000499,0.000000,0.000000,0.070250,0.018250,0.612583,633,8122742,138172,0,2,0,2,0,0,0,0,0,0,5406,0,3510,1896,0
51926,16.344250,16.201358,16.199502,0.000000,0.000416,0.000000,0.000000,0.071750,0.019208,1.087167,631,8098797,135143,0,2,0,2,0,0,0,0,0,0,5406,0,3510,1896,0
51927,17.464000,17.358143,17.357656,0.000000,0.000416,0.000000,0.000000,0.085500,0.016458,0.612750,637,8100038,134679,0,2,0,2,0,0,0,0,0,0,7208,0,4680,2528,0
51928,19.225583,19.076056,18.894137,0.000000,0.000541,0.000000,0.000000,0.107209,0.019291,0.581166,655,8122335,139067,0,2,0,2,0,0,0,0,0,0,7447,0,3510,3937,0
51929,17.305667,17.127168,17.107413,0.000000,0.000500,0.000000,0.000000,0.073417,0.024916,1.063666,631,8076425,135180,0,2,0,2,0,0,0,0,0,0,5406,0,3510,1896,0
51930,17.821083,17.708911,17.702198,0.000000,0.000499,0.000000,0.000000,0.092417,0.017250,0.467375,640,8122678,135297,0,2,0,2,0,0,0,0,0,0,7208,0,4680,2528,0
51931,19.461125,19.322250,19.029842,0.000000,0.000416,0.000000,0.000000,0.099000,0.031250,0.957584,630,8107024,137650,0,2,0,2,0,0,0,0,0,0,5406,0,3510,1896,0
51932,18.345917,18.185283,18.155332,0.000000,0.000375,0.000000,0.000000,0.092917,0.026958,0.998000,635,8122692,135925,0,2,0,2,0,0,0,0,0,0,5406,0,3510,1896,0
51933,17.936417,17.807294,17.787452,0.000000,0.000459,0.000000,0.000000,0.105791,0.026292,1.240625,639,8091609,133114,0,2,0,2,0,0,0,0,0,0,7208,0,4680,2528,0
51934,18.815416,18.604170,18.396841,0.000000,0.000376,0.000000,0.000000,0.074875,0.015875,0.293375,630,8091820,136464,0,2,0,2,0,0,0,0,0,0,5406,0,3510,1896,0
51935,19.076667,18.976867,18.874640,0.000000,0.000416,0.000000,0.000000,0.081500,0.017083,0.603875,632,8113428,136371,0,2,0,2,0,0,0,0,0,0,5406,0,3510,1896,0
51936,17.678458,17.522507,17.526537,0.000000,0.000333,0.000000,0.000000,0.067125,0.029125,1.300875,639,8116394,135001,0,2,0,2,0,0,0,0,0,0,7208,0,4680,2528,0
51937,17.442625,17.332496,17.343888,0.000000,0.000541,0.000000,0.000000,0.106125,0.028917,0.624333,633,8107171,136289,0,2,0,2,0,0,0,0,0,0,5406,0,3510,1896,0
51938,17.178542,16.973670,16.989721,0.000000,0.000375,0.000000,0.000000,0.075792,0.013083,0.944792,631,8091829,135395,0,2,0,2,0,0,0,0,0,0,5406,0,3510,1896,0
51939,16.842958,16.782885,16.721256,0.000000,0.000332,0.000000,0.000000,0.079917,0.038500,0.986417,639,8137998,137047,0,2,0,2,0,0,0,0,0,0,7208,0,4680,2528,0
51940,17.126667,16.999588,16.990202,0.000000,0.000459,0.000000,0.000000,0.110583,0.020334,0.664458,633,8107304,135324,0,2,0,2,0,0,0,0,0,0,5406,0,3510,1896,0
51941,18.287875,18.072116,17.884498,0.000000,0.000457,0.000000,0.000000,0.077083,0.015709,0.976416,631,8091760,134163,0,2,0,2,0,0,0,0,0,0,5406,0,3510,1896,0
51942,17.310750,17.235901,17.230551,0.000000,0.000500,0.000000,0.000000,0.084833,0.016375,1.272708,638,8106974,134690,0,2,0,2,0,0,0,0,0,0,7208,0,4680,2528,0
51943,17.010792,16.855657,16.869954,0.000000,0.000334,0.000000,0.000000,0.075916,0.014250,0.608500,632,8107404,135074,0,2,0,2,0,0,0,0,0,0,5406,0,3510,1896,0
51944,17.413125,17.294420,17.310902,0.000000,0.000667,0.000000,0.000000,0.075375,0.031416,0.972709,638,8098790,134304,0,2,0,2,0,0,0,0,0,0,7004,0,4536,2468,0
51945,15.867000,15.682202,15.694090,0.000000,0.000418,0.000000,0.000000,0.064583,0.053333,0.641250,636,8115443,135316,0,2,0,2,0,0,0,0,0,0,5610,0,3654,1956,0
51946,16.007375,15.933954,15.943291,0.000000,0.000208,0.000000,0.000000,0.082916,0.026125,0.940957,631,8107228,133948,0,2,0,2,0,0,0,0,0,0,5406,0,3510,1896,0
51947,16.287916,16.113288,16.099919,0.000000,0.000458,0.000000,0.000000,0.066834,0.027250,0.609625,641,8107075,133047,0,2,0,2,0,0,0,0,0,0,7208,0,4680,2528,0
51948,16.934459,16.795752,16.748203,0.000000,0.000458,0.000000,0.000000,0.076041,0.023500,1.092667,632,8107340,136079,0,2,0,2,0,0,0,0,0,0,5406,0,3510,1896,0
51949,16.216166,16.154908,16.128971,0.000000,0.000376,0.000000,0.000000,0.069709,0.036583,0.611250,633,8122648,134219,0,2,0,2,0,0,0,0,0,0,5406,0,3510,1896,0
51950,15.612500,15.499414,15.514133,0.000000,0.000416,0.000000,0.000000,0.097875,0.016750,0.897500,640,8095615,131618,0,2,0,2,0,0,0,0,0,0,7208,0,4680,2528,0
51951,16.019500,15.821344,15.817661,0.000000,0.000291,0.000000,0.000000,0.079792,0.028583,0.639125,630,8103150,135089,0,2,0,2,0,0,0,0,0,0,5406,0,3510,1896,0
51952,15.410959,15.314660,15.315374,0.000000,0.000167,0.000000,0.000000,0.068416,0.035709,0.644750,631,8107253,133252,0,2,0,2,0,0,0,0,0,0,5406,0,3510,1896,0
51953,16.420208,16.298838,16.290293,0.000000,0.000374,0.000000,0.000000,0.073750,0.023375,0.607792,640,8107126,130936,0,2,0,2,0,0,0,0,0,0,7208,0,4680,2528,0
51954,19.243750,19.054661,19.038163,0.000000,0.000500,0.000000,0.000000,0.099917,0.040000,0.622292,634,8122757,134578,0,2,0,2,0,0,0,0,0,0,5406,0,3510,1896,0
51955,17.160417,17.069021,17.066728,0.000000,0.000500,0.000000,0.000000,0.094666,0.015709,0.941417,631,8107173,132770,0,2,0,2,0,0,0,0,0,0,5406,0,3510,1896,0
51956,15.965541,15.828050,15.800832,0.000000,0.000376,0.000000,0.000000,0.081709,0.013166,0.610667,638,8091827,130304,0,2,0,2,0,0,0,0,0,0,7208,0,4680,2528,0
51957,15.796959,15.643292,15.658510,0.000000,0.000335,0.000000,0.000000,0.085500,0.034541,0.940666,632,8106996,133620,0,2,0,2,0,0,0,0,0,0,5406,0,3510,1896,0
51958,17.323333,17.140026,17.111484,0.000000,0.000541,0.000000,0.000000,0.072458,0.016000,0.669333,633,8107315,130994,0,2,0,2,0,0,0,0,0,0,5406,0,3510,1896,0
51959,16.059083,15.977380,15.993158,0.000000,0.000375,0.000000,0.000000,0.064792,0.029125,1.295292,640,8106998,130264,0,2,0,2,0,0,0,0,0,0,7208,0,4680,2528,0
51960,16.403917,16.258251,16.256219,0.000000,0.000332,0.000000,0.000000,0.080167,0.015708,0.607416,632,8107300,133704,0,2,0,2,0,0,0,0,0,0,5406,0,3510,1896,0
51961,18.519458,18.416866,18.047310,0.000000,0.000375,0.000000,0.000000,0.136625,0.030500,0.592625,631,8107344,131267,0,2,0,2,0,0,0,0,0,0,5406,0,3510,1896,0
51962,16.214875,16.013077,15.999161,0.000000,0.000333,0.000000,0.000000,0.080875,0.025834,0.941042,642,8106899,129099,0,2,0,2,0,0,0,0,0,0,7208,0,4680,2528,0
51963,16.964375,16.795707,16.782863,0.000000,0.000374,0.000000,0.000000,0.074709,0.015958,0.349917,633,8107269,132934,0,2,0,2,0,0,0,0,0,0,5406,0,3510,1896,0
51964,16.783000,16.678328,16.662423,0.000000,0.000417,0.000000,0.000000,0.086750,0.019250,0.934500,632,8107246,131267,0,2,0,2,0,0,0,0,0,0,5406,0,3510,1896,0
51965,16.645667,16.552335,16.530000,0.000000,0.000335,0.000000,0.000000,0.097542,0.026416,0.629625,639,8107062,129477,0,2,0,2,0,0,0,0,0,0,7208,0,4680,2528,0
51966,16.655083,16.511544,16.514914,0.000000,0.000459,0.000000,0.000000,0.075625,0.031709,0.906875,633,8122745,133565,0,2,0,2,0,0,0,0,0,0,5406,0,3510,1896,0
51967,15.321375,15.145631,15.159882,0.000000,0.000334,0.000000,0.000000,0.081375,0.018875,0.638959,632,8091991,131230,0,2,0,2,0,0,0,0,0,0,5406,0,3510,1896,0
51968,16.031125,15.930973,15.924228,0.000000,0.000417,0.000000,0.000000,0.073459,0.014791,0.603584,639,8106853,130001,0,2,0,2,0,0,0,0,0,0,7208,0,4680,2528,0
51969,16.597625,16.435127,16.422822,0.000000,0.000250,0.000000,0.000000,0.075334,0.022541,0.608166,632,8107307,133371,0,2,0,2,0,0,0,0,0,0,5406,0,3510,1896,0
51970,16.373500,16.231281,16.199630,0.000000,0.000457,0.000000,0.000000,0.089792,0.015458,0.945875,631,8107162,131710,0,2,0,2,0,0,0,0,0,0,5406,0,3510,1896,0
51971,15.986375,15.921791,15.923300,0.000000,0.000417,0.000000,0.000000,0.069084,0.026916,0.644959,640,8107047,130130,0,2,0,2,0,0,0,0,0,0,7208,0,4680,2528,0
51972,16.405250,16.208321,16.189688,0.000000,0.000375,0.000000,0.000000,0.077500,0.014625,1.265001,630,8091885,132617,0,2,0,2,0,0,0,0,0,0,5406,0,3510,1896,0
51973,16.374375,16.266408,16.281505,0.000000,0.000417,0.000000,0.000000,0.075375,0.014209,1.278541,633,8107209,131259,0,2,0,2,0,0,0,0,0,0,5406,0,3510,1896,0
51974,16.518167,16.410995,16.414665,0.000000,0.000208,0.000000,0.000000,0.077917,0.022791,0.291792,641,8123448,129682,0,2,0,2,0,0,0,0,0,0,7208,0,4680,2528,0
51975,16.165667,15.999423,16.006466,0.000000,0.000417,0.000000,0.000000,0.080000,0.047500,1.233750,632,8106281,133055,0,2,0,2,0,0,0,0,0,0,5406,0,3510,1896,0
51976,16.090125,15.913943,15.910757,0.000000,0.000374,0.000000,0.000000,0.076250,0.014083,0.626625,631,8091840,130743,0,2,0,2,0,0,0,0,0,0,5406,0,3510,1896,0
51977,16.398041,16.324589,16.316496,0.000000,0.000415,0.000000,0.000000,0.084042,0.015875,1.311042,640,8122484,130039,0,2,0,2,0,0,0,0,0,0,7208,0,4680,2528,0
51978,15.387375,15.276068,15.290866,0.000000,0.000458,0.000000,0.000000,0.080792,0.025667,0.669625,633,8107294,132499,0,2,0,2,0,0,0,0,0,0,5406,0,3510,1896,0
51979,15.458084,15.302378,15.273804,0.000000,0.000333,0.000000,0.000000,0.074708,0.034542,1.103959,640,8153408,132068,0,2,0,2,0,0,0,0,0,0,5863,0,3510,2353,0
51980,19.391125,19.267703,19.278637,0.000000,0.000333,0.000000,0.000000,0.074416,0.019542,0.671209,637,8060702,187630,0,2,0,2,0,0,0,0,0,0,7208,0,4680,2528,0
51981,19.230333,19.072667,19.086842,0.000000,0.000459,0.000000,0.000000,0.080000,0.015083,0.964708,630,8107214,145897,0,2,0,2,0,0,0,0,0,0,5406,0,3510,1896,0
51982,17.289792,17.157205,17.166891,0.000000,0.000459,0.000000,0.000000,0.073916,0.033042,1.115875,631,8107283,145140,0,2,0,2,0,0,0,0,0,0,5406,0,3510,1896,0
51983,16.729791,16.573569,16.567909,0.000000,0.000375,0.000000,0.000000,0.077584,0.015458,0.609667,639,8107014,143913,0,2,0,2,0,0,0,0,0,0,7208,0,4680,2528,0
51984,16.887750,16.804885,16.803247,0.000000,0.000458,0.000000,0.000000,0.074209,0.040416,0.735167,630,8107222,146642,0,2,0,2,0,0,0,0,0,0,5406,0,3510,1896,0
51985,16.883000,16.712115,16.688753,0.000000,0.000251,0.000000,0.000000,0.076000,0.018375,0.946000,631,8091825,144217,0,2,0,2,0,0,0,0,0,0,5406,0,3510,1896,0
51986,16.664167,16.564597,16.573538,0.000000,0.000374,0.000000,0.000000,0.068167,0.019583,0.606333,643,8122440,144247,0,2,0,2,0,0,0,0,0,0,7208,0,4680,2528,0
51987,16.548583,16.432452,16.448301,0.000000,0.000334,0.000000,0.000000,0.062917,0.013542,1.230000,631,8107322,145860,0,2,0,2,0,0,0,0,0,0,5406,0,3510,1896,0
51988,17.698625,17.571743,17.433963,0.000000,0.000625,0.000000,0.000000,0.102584,0.020791,0.290375,634,8107218,145375,0,2,0,2,0,0,0,0,0,0,5406,0,3510,1896,0
51989,17.191542,17.063342,17.038380,0.000000,0.000375,0.000000,0.000000,0.063000,0.033792,1.055417,639,8107021,143850,0,2,0,2,0,0,0,0,0,0,7208,0,4680,2528,0
51990,18.314333,18.097423,17.996905,0.000000,0.000500,0.000000,0.000000,0.071667,0.014917,0.947875,630,8091835,145212,0,2,0,2,0,0,0,0,0,0,5406,0,3510,1896,0
51991,17.410084,17.281125,17.281957,0.000000,0.000290,0.000000,0.000000,0.064708,0.012833,0.300209,633,8107253,144114,0,2,0,2,0,0,0,0,0,0,5406,0,3510,1896,0
51992,17.552416,17.489751,17.421704,0.000000,0.000501,0.000000,0.000000,0.086292,0.020500,0.943000,642,8122487,145221,0,2,0,2,0,0,0,0,0,0,7208,0,4680,2528,0
51993,17.478459,17.343471,17.361415,0.000000,0.000459,0.000000,0.000000,0.068583,0.020750,1.299458,632,8107279,143956,0,2,0,2,0,0,0,0,0,0,5406,0,3510,1896,0
51994,17.731916,17.633706,17.533750,0.000000,0.000333,0.000000,0.000000,0.093834,0.016750,0.310083,632,8107229,144393,0,2,0,2,0,0,0,0,0,0,5406,0,3510,1896,0
51995,18.617792,18.477461,18.458584,0.000000,0.000667,0.000000,0.000000,0.108208,0.017667,0.958875,641,8107043,144647,0,2,0,2,0,0,0,0,0,0,7208,0,4680,2528,0
51996,17.131833,16.969695,16.987512,0.000000,0.000292,0.000000,0.000000,0.072084,0.032500,1.311125,631,8107252,144831,0,2,0,2,0,0,0,0,0,0,5406,0,3510,1896,0
51997,17.099584,16.989793,16.975621,0.000000,0.000290,0.000000,0.000000,0.064375,0.035458,0.642584,639,8107370,143710,0,2,0,2,0,0,0,0,0,0,7004,0,4536,2468,0
51998,18.066916,17.946831,17.927246,0.000000,0.000709,0.000000,0.000000,0.094542,0.017542,0.942709,635,8106948,145078,0,2,0,2,0,0,0,0,0,0,5610,0,3654,1956,0
51999,18.502417,18.337007,18.331998,0.000000,0.000541,0.000000,0.000000,0.086292,0.036250,0.580624,629,8107298,144726,0,2,0,2,0,0,0,0,0,0,5406,0,3510,1896,0
52000,18.293917,18.176591,18.194463,0.000000,0.000334,0.000000,0.000000,0.071833,0.032083,0.609750,640,8122449,144800,0,2,0,2,0,0,0,0,0,0,7208,0,4680,2528,0
52001,18.198208,18.024947,18.042487,0.000000,0.000293,0.000000,0.000000,0.072958,0.021792,1.171208,632,8091817,153588,0,2,0,2,0,0,0,0,0,0,5406,0,3510,1896,0
52002,18.599542,18.490894,18.492452,0.000000,0.000499,0.000000,0.000000,0.066708,0.042125,1.233959,632,8112579,153793,0,2,0,2,0,0,0,0,0,0,5406,0,3510,1896,0
52003,18.981458,18.834924,18.852625,0.000000,0.000250,0.000000,0.000000,0.083667,0.038083,1.225834,639,8104125,152217,0,2,0,2,0,0,0,0,0,0,7208,0,4680,2528,0
52004,19.524667,19.330296,19.346170,0.000000,0.000374,0.000000,0.000000,0.086416,0.022292,0.608750,632,8104854,155072,0,2,0,2,0,0,0,0,0,0,5406,0,3510,1896,0
52005,19.246208,19.097292,19.116501,0.000000,0.002959,0.000000,0.000000,0.100500,0.017000,0.612376,633,8107245,152959,0,2,0,2,0,0,0,0,0,0,5406,0,3510,1896,0
52006,17.827125,17.684046,17.695193,0.000000,0.000167,0.000000,0.000000,0.064625,0.011792,1.247791,639,8091608,152057,0,2,0,2,0,0,0,0,0,0,7208,0,4680,2528,0
52007,17.335917,17.222974,17.244014,0.000000,0.000416,0.000000,0.000000,0.061333,0.014250,0.609041,634,8122709,155227,0,2,0,2,0,0,0,0,0,0,5406,0,3510,1896,0
52008,17.427125,17.323679,17.324998,0.000000,0.000333,0.000000,0.000000,0.056416,0.031667,0.640249,631,8107319,153948,0,2,0,2,0,0,0,0,0,0,5406,0,3510,1896,0
52009,18.344625,18.193363,18.214727,0.000000,0.000291,0.000000,0.000000,0.055791,0.019167,1.058167,639,8106985,151800,0,2,0,2,0,0,0,0,0,0,7208,0,4680,2528,0
52010,18.430416,18.214776,18.238628,0.000000,0.000499,0.000000,0.000000,0.056584,0.018875,0.580666,633,8091848,154148,0,2,0,2,0,0,0,0,0,0,5406,0,3510,1896,0
52011,18.712167,18.652388,18.672488,0.000000,0.000584,0.000000,0.000000,0.075042,0.016000,0.293167,633,8122655,153448,0,2,0,2,0,0,0,0,0,0,5406,0,3510,1896,0
52012,18.075375,17.930283,17.943080,0.000000,0.000334,0.000000,0.000000,0.063708,0.028042,0.904583,640,8107016,152714,0,2,0,2,0,0,0,0,0,0,7208,0,4680,2528,0
52013,17.140208,16.999281,17.020930,0.000000,0.000291,0.000000,0.000000,0.059834,0.012666,1.240708,632,8107255,153760,0,2,0,2,0,0,0,0,0,0,5406,0,3510,1896,0
52014,16.770750,16.664295,16.663795,0.000000,0.000208,0.000000,0.000000,0.067167,0.014042,0.609458,632,8107276,153129,0,2,0,2,0,0,0,0,0,0,5406,0,3510,1896,0
52015,17.137750,16.997778,17.007749,0.000000,0.000251,0.000000,0.000000,0.062125,0.035875,0.896000,640,8106986,152120,0,2,0,2,0,0,0,0,0,0,7208,0,4680,2528,0
52016,16.663959,16.541308,16.561944,0.000000,0.000249,0.000000,0.000000,0.067291,0.035084,0.611167,634,8107365,154424,0,2,0,2,0,0,0,0,0,0,5406,0,3510,1896,0
52017,16.393833,16.276318,16.294833,0.000000,0.000123,0.000000,0.000000,0.068250,0.034208,1.060750,633,8107399,152548,0,2,0,2,0,0,0,0,0,0,5406,0,3510,1896,0
52018,16.314208,16.193381,16.213441,0.000000,0.000167,0.000000,0.000000,0.054792,0.012750,0.608792,640,8106805,151750,0,2,0,2,0,0,0,0,0,0,7208,0,4680,2528,0
52019,17.462875,17.348241,17.250152,0.000000,0.000250,0.000000,0.000000,0.065709,0.036416,0.584625,632,8107253,153435,0,2,0,2,0,0,0,0,0,0,5406,0,3510,1896,0
52020,16.583459,16.433076,16.454046,0.000000,0.000416,0.000000,0.000000,0.073750,0.014583,1.060042,633,8107264,153107,0,2,0,2,0,0,0,0,0,0,5406,0,3510,1896,0
52021,16.708916,16.591638,16.584048,0.000000,0.000583,0.000000,0.000000,0.076500,0.013625,0.351042,641,8106995,151148,0,2,0,2,0,0,0,0,0,0,7208,0,4680,2528,0
52022,18.067459,17.942364,17.932837,0.000000,0.000458,0.000000,0.000000,0.085958,0.030833,1.758958,632,8107229,153852,0,2,0,2,0,0,0,0,0,0,5406,0,3510,1896,0
52023,18.288916,18.163436,18.186650,0.000000,0.000207,0.000000,0.000000,0.066542,0.016542,1.231750,632,8107279,152230,0,2,0,2,0,0,0,0,0,0,5406,0,3510,1896,0
52024,17.543417,17.390794,17.408269,0.000000,0.000458,0.000000,0.000000,0.066417,0.014250,0.612083,640,8107047,152003,0,2,0,2,0,0,0,0,0,0,7208,0,4680,2528,0
52025,17.514667,17.390635,17.390959,0.000000,0.000292,0.000000,0.000000,0.097833,0.025250,1.240625,633,8107197,153255,0,2,0,2,0,0,0,0,0,0,5406,0,3510,1896,0
52026,17.825500,17.718621,17.723094,0.000000,0.000457,0.000000,0.000000,0.081333,0.015375,0.898500,630,8107313,152653,0,2,0,2,0,0,0,0,0,0,5406,0,3510,1896,0
52027,18.242250,18.087173,18.093118,0.000000,0.000334,0.000000,0.000000,0.073750,0.014416,0.627875,640,8091543,151081,0,2,0,2,0,0,0,0,0,0,7208,0,4680,2528,0
52028,16.884458,16.761547,16.758206,0.000000,0.000332,0.000000,0.000000,0.065417,0.027666,0.914041,632,8122685,154780,0,2,0,2,0,0,0,0,0,0,5406,0,3510,1896,0
52029,16.461542,16.333949,16.353858,0.000000,0.000210,0.000000,0.000000,0.056125,0.033000,0.461167,632,8107273,151970,0,2,0,2,0,0,0,0,0,0,5406,0,3510,1896,0
52030,17.244125,17.122744,17.147837,0.000000,0.000502,0.000000,0.000000,0.072958,0.026708,0.922083,640,8091541,151496,0,2,0,2,0,0,0,0,0,0,7208,0,4680,2528,0
52031,17.781875,17.648256,17.627410,0.000000,0.000583,0.000000,0.000000,0.073958,0.012417,0.994667,633,8122756,154425,0,2,0,2,0,0,0,0,0,0,5406,0,3510,1896,0
52032,18.935791,18.820076,18.831440,0.000000,0.000375,0.000000,0.000000,0.078917,0.025417,0.634333,631,8110996,153285,0,2,0,2,0,0,0,0,0,0,5406,0,3510,1896,0
52033,18.049167,17.904076,17.891348,0.000000,0.000333,0.000000,0.000000,0.087458,0.015542,0.950458,640,8103226,151349,0,2,0,2,0,0,0,0,0,0,7208,0,4680,2528,0
52034,19.598958,19.458634,19.458840,0.000000,0.000375,0.000000,0.000000,0.071792,0.015167,1.256917,632,8107423,154290,0,2,0,2,0,0,0,0,0,0,5406,0,3510,1896,0
52035,18.682959,18.560988,18.541918,0.000000,0.000292,0.000000,0.000000,0.069541,0.021500,0.654292,654,8106745,153432,0,2,0,2,0,0,0,0,0,0,7447,0,3510,3937,0
52036,18.205708,18.056193,18.044706,0.000000,0.000458,0.000000,0.000000,0.086125,0.031458,0.290875,641,8107029,152292,0,2,0,2,0,0,0,0,0,0,7208,0,4680,2528,0
52037,18.796292,18.671474,18.652210,0.000000,0.000417,0.000000,0.000000,0.072750,0.053083,0.943584,631,8115432,153642,0,2,0,2,0,0,0,0,0,0,5406,0,3510,1896,0
52038,18.642500,18.494974,18.507048,0.000000,0.000250,0.000000,0.000000,0.067458,0.025375,1.253083,631,8099095,153005,0,2,0,2,0,0,0,0,0,0,5406,0,3510,1896,0
52039,18.022041,17.774303,17.786204,0.000000,0.000459,0.000000,0.000000,0.081042,0.017750,1.255042,639,8076087,153911,0,2,0,2,0,0,0,0,0,0,7208,0,4680,2528,0
52040,19.691917,19.677915,19.692749,0.000000,0.000292,0.000000,0.000000,0.067417,0.029916,0.632125,637,8138232,159528,0,2,0,2,0,0,0,0,0,0,5535,0,3510,2025,0
52041,18.072375,17.976704,17.974002,0.000000,0.000375,0.000000,0.000000,0.076750,0.043750,1.084291,632,8094580,150253,0,2,0,2,0,0,0,0,0,0,5406,0,3510,1896,0
52042,19.399833,19.231081,19.256199,0.000000,0.000251,0.000000,0.000000,0.082292,0.016125,1.251374,645,8181356,157116,0,2,0,2,0,0,0,0,0,0,7326,0,4680,2646,0
52043,18.592750,18.444959,18.431427,0.000000,0.000292,0.000000,0.000000,0.081125,0.023209,1.266291,627,8045413,153270,0,2,0,2,0,0,0,0,0,0,5406,0,3510,1896,0
52044,17.644417,17.496672,17.488410,0.000000,0.000416,0.000000,0.000000,0.075917,0.020625,0.608458,632,8107279,150016,0,2,0,2,0,0,0,0,0,0,5406,0,3510,1896,0
52045,18.747375,18.701125,18.639348,0.000000,0.000501,0.000000,0.000000,0.123542,0.016541,1.133374,641,8122608,149976,0,2,0,2,0,0,0,0,0,0,7208,0,4680,2528,0
52046,17.634417,17.449787,17.458578,0.000000,0.000375,0.000000,0.000000,0.082916,0.017459,1.280000,632,8091692,147691,0,2,0,2,0,0,0,0,0,0,5406,0,3510,1896,0
52047,18.175958,18.074686,18.060926,0.000000,0.000458,0.000000,0.000000,0.067000,0.055833,0.609917,631,8107247,149943,0,2,0,2,0,0,0,0,0,0,5406,0,3510,1896,0
52048,17.800958,17.634004,17.614677,0.000000,0.000333,0.000000,0.000000,0.074334,0.016166,1.221958,647,8153306,152282,0,2,0,2,0,0,0,0,0,0,7444,0,4680,2764,0
52049,19.776084,19.615583,19.632618,0.000000,0.000376,0.000000,0.000000,0.072833,0.026250,1.138166,628,8061188,157696,0,2,0,2,0,0,0,0,0,0,5406,0,3510,1896,0
52050,20.624208,20.474466,20.308564,0.000000,0.000500,0.000000,0.000000,0.108167,0.030416,0.613542,639,8106978,143375,0,2,0,2,0,0,0,0,0,0,7004,0,4536,2468,0
52051,18.794583,18.611295,18.630461,0.000000,0.000458,0.000000,0.000000,0.073875,0.026459,1.255874,635,8107200,147401,0,2,0,2,0,0,0,0,0,0,5610,0,3654,1956,0
52052,18.826667,18.660906,18.675470,0.000000,0.000291,0.000000,0.000000,0.071083,0.015042,0.607083,632,8107191,146592,0,2,0,2,0,0,0,0,0,0,5406,0,3510,1896,0
52053,18.578667,18.496831,18.517242,0.000000,0.000250,0.000000,0.000000,0.091750,0.021541,1.207666,639,8106980,143994,0,2,0,2,0,0,0,0,0,0,7208,0,4680,2528,0
52054,18.417500,18.277744,18.233161,0.000000,0.000375,0.000000,0.000000,0.078875,0.033208,1.232042,634,8091887,148309,0,2,0,2,0,0,0,0,0,0,5721,0,3510,2211,0
52055,19.919500,19.825580,19.740386,0.000000,0.000583,0.000000,0.000000,0.116375,0.025250,1.275625,638,8137875,155107,0,2,0,2,0,0,0,0,0,0,5577,0,3510,2067,0
52056,20.387375,20.193425,20.194458,0.000000,0.000333,0.000000,0.000000,0.092083,0.017042,0.931542,638,8092367,149253,0,2,0,2,0,0,0,0,0,0,7208,0,4680,2528,0
52057,19.393583,19.233781,19.247160,0.000000,0.000416,0.000000,0.000000,0.078250,0.016167,1.279250,632,8121930,147746,0,2,0,2,0,0,0,0,0,0,5406,0,3510,1896,0
52058,18.099917,17.944725,17.937376,0.000000,0.000500,0.000000,0.000000,0.065708,0.014083,0.299208,633,8107194,144158,0,2,0,2,0,0,0,0,0,0,5551,0,3510,2041,0
52059,17.624083,17.463988,17.462348,0.000000,0.000332,0.000000,0.000000,0.063333,0.020917,0.959458,642,8107000,149246,0,2,0,2,0,0,0,0,0,0,7424,0,4680,2744,0
52060,17.344042,17.251032,17.269216,0.000000,0.000333,0.000000,0.000000,0.065125,0.051291,1.274500,632,8071761,151488,0,2,0,2,0,0,0,0,0,0,5721,0,3510,2211,0
52061,18.799208,18.704037,18.642765,0.000000,0.000582,0.000000,0.000000,0.118042,0.017041,0.634375,639,8158004,156151,0,2,0,2,0,0,0,0,0,0,5577,0,3510,2067,0
52062,18.830042,18.673193,18.679680,0.000000,0.000417,0.000000,0.000000,0.088750,0.022750,0.623834,637,8081382,150693,0,2,0,2,0,0,0,0,0,0,7208,0,4680,2528,0
52063,18.063416,17.870318,17.887577,0.000000,0.000374,0.000000,0.000000,0.085084,0.022375,1.336125,631,8086529,148490,0,2,0,2,0,0,0,0,0,0,5406,0,3510,1896,0
52064,18.817042,18.676756,18.670577,0.000000,0.000459,0.000000,0.000000,0.072375,0.019375,0.647291,633,8122713,148448,0,2,0,2,0,0,0,0,0,0,5406,0,3510,1896,0
52065,18.752583,18.613888,18.609074,0.000000,0.000583,0.000000,0.000000,0.071584,0.014041,1.340667,641,8107091,149710,0,2,0,2,0,0,0,0,0,0,7208,0,4680,2528,0
52066,16.655625,16.526497,16.541946,0.000000,0.000251,0.000000,0.000000,0.069334,0.022083,1.121291,633,8122542,148742,0,2,0,2,0,0,0,0,0,0,5535,0,3510,2025,0
52067,17.302417,17.143528,17.141211,0.000000,0.000416,0.000000,0.000000,0.061458,0.012917,0.660209,632,8091800,151438,0,2,0,2,0,0,0,0,0,0,5406,0,3510,1896,0
52068,18.332000,18.267452,18.227754,0.000000,0.000582,0.000000,0.000000,0.101542,0.025500,0.743500,639,8107011,150562,0,2,0,2,0,0,0,0,0,0,7208,0,4680,2528,0
52069,18.294583,18.128559,18.144863,0.000000,0.000375,0.000000,0.000000,0.067417,0.033750,1.277333,633,8122708,148626,0,2,0,2,0,0,0,0,0,0,5406,0,3510,1896,0
52070,17.996917,17.869786,17.872151,0.000000,0.000417,0.000000,0.000000,0.086458,0.023709,1.223501,633,8107249,147313,0,2,0,2,0,0,0,0,0,0,5406,0,3510,1896,0
52071,18.720833,18.569468,18.556216,0.000000,0.000334,0.000000,0.000000,0.081292,0.037042,0.610750,639,8091561,147539,0,2,0,2,0,0,0,0,0,0,7208,0,4680,2528,0
52072,18.902917,18.719170,18.732806,0.000000,0.000416,0.000000,0.000000,0.093583,0.015542,1.249916,632,8107256,151158,0,2,0,2,0,0,0,0,0,0,5406,0,3510,1896,0
52073,18.978667,18.918907,18.800863,0.000000,0.000582,0.000000,0.000000,0.088750,0.014708,0.936917,633,8107257,147759,0,2,0,2,0,0,0,0,0,0,5406,0,3510,1896,0
52074,18.470666,18.292461,18.307493,0.000000,0.000416,0.000000,0.000000,0.090834,0.016791,1.247750,643,8107065,148512,0,2,0,2,0,0,0,0,0,0,7208,0,4680,2528,0
52075,19.821042,19.697830,19.712839,0.000000,0.000416,0.000000,0.000000,0.073917,0.025791,0.627375,633,8122677,152266,0,2,0,2,0,0,0,0,0,0,5406,0,3510,1896,0
52076,18.361458,18.207767,18.206840,0.000000,0.000417,0.000000,0.000000,0.078292,0.019167,0.973416,632,8091809,149289,0,2,0,2,0,0,0,0,0,0,5505,0,3510,1995,0
52077,18.970709,18.786009,18.780579,0.000000,0.000209,0.000000,0.000000,0.074958,0.017625,1.240916,643,8122356,151390,0,2,0,2,0,0,0,0,0,0,7308,0,4680,2628,0
52078,20.142291,20.085451,20.064714,0.000000,0.000374,0.000000,0.000000,0.090584,0.047500,0.669500,633,8107267,154199,0,2,0,2,0,0,0,0,0,0,5406,0,3510,1896,0
52079,18.337584,18.131706,18.093704,0.000000,0.000417,0.000000,0.000000,0.068833,0.013792,0.901874,636,8138055,149471,0,2,0,2,0,0,0,0,0,0,5642,0,3510,2132,0
52080,19.886916,19.715738,19.718300,0.000000,0.000291,0.000000,0.000000,0.081792,0.023083,0.469666,636,8045451,153189,0,2,0,2,0,0,0,0,0,0,7208,0,4680,2528,0
52081,17.976500,17.848124,17.847965,0.000000,0.000626,0.000000,0.000000,0.105834,0.015666,0.666458,633,8122659,149849,0,2,0,2,0,0,0,0,0,0,5406,0,3510,1896,0
52082,18.445292,18.316005,18.286225,0.000000,0.000292,0.000000,0.000000,0.078792,0.020208,0.970708,633,8091657,148916,0,2,0,2,0,0,0,0,0,0,5406,0,3510,1896,0
52083,18.486792,18.383540,18.375924,0.000000,0.000416,0.000000,0.000000,0.071625,0.028000,1.277667,639,8107024,151482,0,2,0,2,0,0,0,0,0,0,7208,0,4680,2528,0
52084,18.480000,18.340932,18.311417,0.000000,0.000334,0.000000,0.000000,0.067791,0.015792,0.297416,639,8184386,156674,0,2,0,2,0,0,0,0,0,0,5622,0,3510,2112,0
52085,19.219291,19.092175,19.108007,0.000000,0.000293,0.000000,0.000000,0.068250,0.021959,1.241291,628,8045491,154384,0,2,0,2,0,0,0,0,0,0,5406,0,3510,1896,0
52086,18.423750,18.250302,18.215409,0.000000,0.000376,0.000000,0.000000,0.070875,0.026084,1.291375,639,8107008,148913,0,2,0,2,0,0,0,0,0,0,7208,0,4680,2528,0
52087,18.369167,18.260540,18.220515,0.000000,0.000541,0.000000,0.000000,0.077542,0.022291,1.024833,633,8107301,150864,0,2,0,2,0,0,0,0,0,0,5406,0,3510,1896,0
52088,18.393625,18.263808,18.246587,0.000000,0.000500,0.000000,0.000000,0.098792,0.029708,0.299750,631,8122689,149187,0,2,0,2,0,0,0,0,0,0,5406,0,3510,1896,0
52089,17.033500,16.871406,16.857445,0.000000,0.000334,0.000000,0.000000,0.068167,0.019916,1.292583,638,8091585,146118,0,2,0,2,0,0,0,0,0,0,7208,0,4680,2528,0
52090,17.228167,17.151622,17.130999,0.000000,0.000332,0.000000,0.000000,0.082083,0.020625,0.612083,632,8113968,149898,0,2,0,2,0,0,0,0,0,0,5406,0,3510,1896,0
52091,19.109541,18.960061,18.908467,0.000000,0.000458,0.000000,0.000000,0.075292,0.016250,1.238833,632,8100470,149159,0,2,0,2,0,0,0,0,0,0,5406,0,3510,1896,0
52092,18.955792,18.770105,18.767160,0.000000,0.000501,0.000000,0.000000,0.071458,0.029834,0.899458,641,8107015,149137,0,2,0,2,0,0,0,0,0,0,7208,0,4680,2528,0
52093,19.587625,19.473283,19.474394,0.000000,0.000249,0.000000,0.000000,0.065792,0.024708,1.285792,634,8122696,152597,0,2,0,2,0,0,0,0,0,0,5406,0,3510,1896,0
52094,18.832875,18.689345,18.701738,0.000000,0.000417,0.000000,0.000000,0.081708,0.024292,1.307833,631,8091827,148853,0,2,0,2,0,0,0,0,0,0,5406,0,3510,1896,0
52095,19.100375,18.954245,18.976167,0.000000,0.000251,0.000000,0.000000,0.067292,0.023458,0.635833,638,8107035,149110,0,2,0,2,0,0,0,0,0,0,7208,0,4680,2528,0
52096,19.312125,19.162002,19.133957,0.000000,0.000250,0.000000,0.000000,0.073958,0.014167,0.749500,632,8107249,151041,0,2,0,2,0,0,0,0,0,0,5406,0,3510,1896,0
52097,19.571958,19.451632,19.464033,0.000000,0.000375,0.000000,0.000000,0.087709,0.024791,0.933083,634,8122814,151108,0,2,0,2,0,0,0,0,0,0,5406,0,3510,1896,0
52098,19.033167,18.824425,18.853040,0.000000,0.000293,0.000000,0.000000,0.081292,0.022208,1.285000,638,8076068,146999,0,2,0,2,0,0,0,0,0,0,7208,0,4680,2528,0
52099,19.446750,19.353126,19.317545,0.000000,0.000291,0.000000,0.000000,0.079167,0.030125,0.936001,633,8122680,148373,0,2,0,2,0,0,0,0,0,0,5406,0,3510,1896,0
52100,18.427083,18.260800,18.251821,0.000000,0.000334,0.000000,0.000000,0.072875,0.016375,0.628792,635,8128681,148997,0,2,0,2,0,0,0,0,0,0,7094,0,4515,2579,0
52101,19.211750,19.124119,19.143217,0.000000,0.000374,0.000000,0.000000,0.083125,0.027125,0.624708,640,8101188,158613,0,2,0,2,0,0,0,0,0,0,5691,0,3675,2016,0
52102,18.542584,18.390568,18.396221,0.000000,0.000374,0.000000,0.000000,0.080666,0.016209,1.296792,632,8091794,150828,0,2,0,2,0,0,0,0,0,0,5406,0,3510,1896,0
52103,18.073625,17.952170,17.839577,0.000000,0.000458,0.000000,0.000000,0.103958,0.023375,0.918417,638,8107122,151157,0,2,0,2,0,0,0,0,0,0,7004,0,4536,2468,0
52104,17.934291,17.790333,17.789277,0.000000,0.000333,0.000000,0.000000,0.075542,0.030875,0.631459,635,8107182,151922,0,2,0,2,0,0,0,0,0,0,5610,0,3654,1956,0
52105,17.937917,17.728952,17.739039,0.000000,0.000416,0.000000,0.000000,0.082750,0.029250,0.930416,630,8091642,149942,0,2,0,2,0,0,0,0,0,0,5406,0,3510,1896,0
52106,17.839375,17.805242,17.746071,0.000000,0.000501,0.000000,0.000000,0.077333,0.032167,1.314791,644,8169025,151507,0,2,0,2,0,0,0,0,0,0,7208,0,4680,2528,0
52107,21.295708,21.141519,21.160002,0.000000,0.000500,0.000000,0.000000,0.092959,0.028000,0.902375,627,8045277,163126,0,2,0,2,0,0,0,0,0,0,5406,0,3510,1896,0
52108,18.675875,18.503074,18.496663,0.000000,0.000377,0.000000,0.000000,0.073709,0.030208,0.634250,633,8107254,151868,0,2,0,2,0,0,0,0,0,0,5406,0,3510,1896,0
52109,18.669167,18.489428,18.473004,0.000000,0.000334,0.000000,0.000000,0.077042,0.016083,1.066166,642,8122607,149131,0,2,0,2,0,0,0,0,0,0,7208,0,4680,2528,0
52110,17.416750,17.303213,17.293149,0.000000,0.000374,0.000000,0.000000,0.083625,0.026333,0.602042,630,8091709,151252,0,2,0,2,0,0,0,0,0,0,5406,0,3510,1896,0
52111,18.795708,18.576292,18.584964,0.000000,0.000457,0.000000,0.000000,0.075292,0.025125,1.060417,630,8091817,148812,0,2,0,2,0,0,0,0,0,0,5406,0,3510,1896,0
52112,18.696959,18.621230,18.629486,0.000000,0.000374,0.000000,0.000000,0.080791,0.028084,0.613708,642,8122613,146735,0,2,0,2,0,0,0,0,0,0,7208,0,4680,2528,0
52113,18.744083,18.668762,18.690088,0.000000,0.000415,0.000000,0.000000,0.072125,0.014500,0.913834,631,8107182,151528,0,2,0,2,0,0,0,0,0,0,5406,0,3510,1896,0
52114,19.517500,19.359902,19.241593,0.000000,0.000792,0.000000,0.000000,0.095333,0.019167,0.591209,634,8107069,146805,0,2,0,2,0,0,0,0,0,0,5863,0,3510,2353,0
52115,21.305792,21.145391,21.084228,0.000000,0.000542,0.000000,0.000000,0.089416,0.016375,0.665333,650,8168621,168471,0,2,0,2,0,0,0,0,0,0,7537,0,4680,2857,0
52116,20.163125,20.089231,20.093230,0.000000,0.000500,0.000000,0.000000,0.112875,0.036916,0.657084,628,8060918,160156,0,2,0,2,0,0,0,0,0,0,5406,0,3510,1896,0
52117,19.689458,19.519612,19.178128,0.000000,0.000333,0.000000,0.000000,0.096042,0.026125,0.944208,631,8091854,144641,0,2,0,2,0,0,0,0,0,0,5406,0,3510,1896,0
52118,17.349750,17.186936,17.177762,0.000000,0.000333,0.000000,0.000000,0.067667,0.013583,0.609000,641,8122527,143524,0,2,0,2,0,0,0,0,0,0,7208,0,4680,2528,0
52119,17.142875,16.923915,16.943316,0.000000,0.000416,0.000000,0.000000,0.076625,0.025708,1.231000,630,8076299,146320,0,2,0,2,0,0,0,0,0,0,5406,0,3510,1896,0
52120,18.172083,18.082005,18.077218,0.000000,0.000417,0.000000,0.000000,0.075750,0.025334,1.246376,634,8122713,145668,0,2,0,2,0,0,0,0,0,0,5406,0,3510,1896,0
52121,18.254292,18.162557,18.118956,0.000000,0.000417,0.000000,0.000000,0.094000,0.025250,0.614000,643,8122494,144605,0,2,0,2,0,0,0,0,0,0,7208,0,4680,2528,0
52122,18.076833,17.823287,17.804830,0.000000,0.000458,0.000000,0.000000,0.087167,0.023083,0.930833,628,8076372,147429,0,2,0,2,0,0,0,0,0,0,5406,0,3510,1896,0
52123,18.705625,18.732255,18.689511,0.000000,0.000500,0.000000,0.000000,0.110667,0.046958,1.309041,631,8125428,147456,0,2,0,2,0,0,0,0,0,0,5406,0,3510,1896,0
52124,17.463459,17.182582,17.176955,0.000000,0.000375,0.000000,0.000000,0.083125,0.015000,0.607875,639,8104402,144545,0,2,0,2,0,0,0,0,0,0,7208,0,4680,2528,0
52125,18.180416,18.085785,18.095439,0.000000,0.000250,0.000000,0.000000,0.074334,0.015791,0.938834,634,8107149,148686,0,2,0,2,0,0,0,0,0,0,5406,0,3510,1896,0
52126,18.181334,17.976727,17.971261,0.000000,0.000501,0.000000,0.000000,0.071791,0.012584,0.954293,631,8092056,145686,0,2,0,2,0,0,0,0,0,0,5406,0,3510,1896,0
52127,18.840958,18.775189,18.595222,0.000000,0.000334,0.000000,0.000000,0.083833,0.016667,0.900083,644,8137713,145013,0,2,0,2,0,0,0,0,0,0,7208,0,4680,2528,0
52128,17.461000,17.351697,17.343632,0.000000,0.000375,0.000000,0.000000,0.073583,0.031000,0.609250,634,8107167,145420,0,2,0,2,0,0,0,0,0,0,5563,0,3510,2053,0
52129,19.473750,19.341742,19.326406,0.000000,0.000418,0.000000,0.000000,0.074000,0.021417,1.101542,631,8091749,160887,0,2,0,2,0,0,0,0,0,0,5659,0,3510,2149,0
52130,17.131542,16.946325,16.928542,0.000000,0.000374,0.000000,0.000000,0.065333,0.013667,0.793458,646,8137789,146576,0,2,0,2,0,0,0,0,0,0,7523,0,4680,2843,0
52131,19.836416,19.756220,19.743248,0.000000,0.000375,0.000000,0.000000,0.081459,0.023500,0.947084,631,8091906,159405,0,2,0,2,0,0,0,0,0,0,5406,0,3510,1896,0
52132,18.771292,18.628749,18.623446,0.000000,0.000499,0.000000,0.000000,0.084667,0.016833,0.610333,630,8091696,148569,0,2,0,2,0,0,0,0,0,0,5406,0,3510,1896,0
52133,22.803625,22.668300,22.658910,0.000000,0.000375,0.000000,0.000000,0.080417,0.023416,1.244750,648,8122232,188079,0,2,0,2,0,0,0,0,0,0,7790,0,4680,3110,0
52134,18.475792,18.275627,18.253479,0.000000,0.000500,0.000000,0.000000,0.072375,0.018583,0.915166,631,8091818,154333,0,2,0,2,0,0,0,0,0,0,5406,0,3510,1896,0
52135,20.242333,20.167258,20.103239,0.000000,0.000500,0.000000,0.000000,0.094208,0.026792,0.952584,633,8122698,154711,0,2,0,2,0,0,0,0,0,0,5406,0,3510,1896,0
52136,19.723167,19.554262,19.552990,0.000000,0.000293,0.000000,0.000000,0.098250,0.018875,1.273042,642,8091807,149035,0,2,0,2,0,0,0,0,0,0,7208,0,4680,2528,0
52137,19.724583,19.568506,19.593118,0.000000,0.000416,0.000000,0.000000,0.082375,0.042000,1.272959,633,8107016,154397,0,2,0,2,0,0,0,0,0,0,5406,0,3510,1896,0
52138,19.082375,18.951631,18.916669,0.000000,0.007583,0.000000,0.000000,0.075583,0.018375,1.269083,638,8153482,152464,0,2,0,2,0,0,0,0,0,0,5731,0,3510,2221,0
52139,21.086167,20.932158,20.891042,0.000000,0.000293,0.000000,0.000000,0.065083,0.034333,0.612334,637,8060675,167584,0,2,0,2,0,0,0,0,0,0,7208,0,4680,2528,0
52140,19.425916,19.255176,19.343422,0.000000,0.000335,0.000000,0.000000,0.067459,0.044166,1.278375,634,8122693,162948,0,2,0,2,0,0,0,0,0,0,5406,0,3510,1896,0
52141,19.213167,19.126401,19.104145,0.000000,0.000584,0.000000,0.000000,0.120750,0.029750,0.906083,632,8107254,160459,0,2,0,2,0,0,0,0,0,0,5406,0,3510,1896,0
52142,20.368625,20.165009,20.093579,0.000000,0.000374,0.000000,0.000000,0.088708,0.043834,0.967334,663,8106670,159874,0,2,0,2,0,0,0,0,0,0,9249,0,4680,4569,0
52143,20.271625,20.130297,20.084517,0.000000,0.000416,0.000000,0.000000,0.084208,0.021084,0.927833,633,8112225,160759,0,2,0,2,0,0,0,0,0,0,5406,0,3510,1896,0
52144,18.918750,18.808885,18.817618,0.000000,0.000541,0.000000,0.000000,0.071083,0.059167,0.950292,633,8102396,158692,0,2,0,2,0,0,0,0,0,0,5406,0,3510,1896,0
52145,17.954625,17.793270,17.796079,0.000000,0.000292,0.000000,0.000000,0.074125,0.018792,0.643417,640,8106957,155454,0,2,0,2,0,0,0,0,0,0,7208,0,4680,2528,0
52146,18.426500,18.299797,18.292205,0.000000,0.000374,0.000000,0.000000,0.075542,0.034916,0.898250,631,8107222,156542,0,2,0,2,0,0,0,0,0,0,5406,0,3510,1896,0
52147,17.758208,17.624060,17.625229,0.000000,0.000416,0.000000,0.000000,0.088167,0.028542,1.127208,633,8091796,154245,0,2,0,2,0,0,0,0,0,0,5406,0,3510,1896,0
52148,18.382750,18.221190,18.157053,0.000000,0.000292,0.000000,0.000000,0.077875,0.023917,0.973874,640,8131884,153487,0,2,0,2,0,0,0,0,0,0,7208,0,4680,2528,0
52149,20.309959,20.190424,20.192166,0.000000,0.000250,0.000000,0.000000,0.101333,0.027917,0.624750,631,8082424,155285,0,2,0,2,0,0,0,0,0,0,5406,0,3510,1896,0
52150,18.893375,18.749969,18.759105,0.000000,0.000333,0.000000,0.000000,0.087833,0.015125,0.736374,631,8107269,155323,0,2,0,2,0,0,0,0,0,0,5406,0,3510,1896,0
52151,18.435833,18.295013,18.284666,0.000000,0.000417,0.000000,0.000000,0.086000,0.048708,1.102709,637,8107032,156183,0,2,0,2,0,0,0,0,0,0,7208,0,4680,2528,0
52152,18.147167,18.040792,17.956302,0.000000,0.000458,0.000000,0.000000,0.077916,0.016042,0.898875,632,8107292,155357,0,2,0,2,0,0,0,0,0,0,5406,0,3510,1896,0
52153,17.404125,17.253777,17.273836,0.000000,0.000376,0.000000,0.000000,0.085708,0.038458,0.609041,632,8107221,154522,0,2,0,2,0,0,0,0,0,0,5406,0,3510,1896,0
52154,17.997625,17.808659,17.807920,0.000000,0.000376,0.000000,0.000000,0.093375,0.024958,0.939208,640,8107126,153977,0,2,0,2,0,0,0,0,0,0,7208,0,4680,2528,0
52155,19.250625,19.152887,19.159412,0.000000,0.000375,0.000000,0.000000,0.093583,0.026458,1.747416,634,8107177,154865,0,2,0,2,0,0,0,0,0,0,5406,0,3510,1896,0
52156,19.624541,19.510932,19.436094,0.000000,0.000334,0.000000,0.000000,0.085000,0.026334,1.251084,638,8108033,153531,0,2,0,2,0,0,0,0,0,0,7004,0,4536,2468,0
52157,19.969709,19.768721,19.774793,0.000000,0.000375,0.000000,0.000000,0.069416,0.029334,0.616750,633,8106279,154309,0,2,0,2,0,0,0,0,0,0,5610,0,3654,1956,0
52158,18.760250,18.634015,18.603070,0.000000,0.000377,0.000000,0.000000,0.066416,0.013875,0.982666,636,8140955,154215,0,2,0,2,0,0,0,0,0,0,5523,0,3510,2013,0
52159,19.827166,19.714122,19.738471,0.000000,0.000250,0.000000,0.000000,0.072959,0.020875,0.954083,642,8088632,159885,0,2,0,2,0,0,0,0,0,0,7370,0,4680,2690,0
52160,19.459917,19.213822,19.195266,0.000000,0.000418,0.000000,0.000000,0.079583,0.016459,0.964458,634,8091912,159846,0,2,0,2,0,0,0,0,0,0,5721,0,3510,2211,0
52161,20.598500,20.542369,20.467617,0.000000,0.000377,0.000000,0.000000,0.080958,0.021042,0.901084,636,8138028,162138,0,2,0,2,0,0,0,0,0,0,5406,0,3510,1896,0
52162,20.591833,20.462611,20.284412,0.000000,0.000542,0.000000,0.000000,0.091042,0.017000,1.002250,639,8076068,151700,0,2,0,2,0,0,0,0,0,0,7208,0,4680,2528,0
52163,19.736250,19.555745,19.653455,0.000000,0.000334,0.000000,0.000000,0.087084,0.022708,1.251625,633,8122941,156645,0,2,0,2,0,0,0,0,0,0,5406,0,3510,1896,0
52164,19.441459,19.280159,19.301204,0.000000,0.000416,0.000000,0.000000,0.151958,0.017708,0.609083,633,8122458,150403,0,2,0,2,0,0,0,0,0,0,5406,0,3510,1896,0
52165,19.176083,19.046920,19.034836,0.000000,0.000460,0.000000,0.000000,0.075125,0.015708,0.585833,638,8091641,146978,0,2,0,2,0,0,0,0,0,0,7208,0,4680,2528,0
52166,18.376500,18.221449,18.228806,0.000000,0.000418,0.000000,0.000000,0.074667,0.020708,1.291792,635,8122905,150065,0,2,0,2,0,0,0,0,0,0,5406,0,3510,1896,0
52167,18.085750,17.970784,17.945485,0.000000,0.000334,0.000000,0.000000,0.069917,0.014125,0.964499,629,8091624,149182,0,2,0,2,0,0,0,0,0,0,5406,0,3510,1896,0
52168,18.673958,18.528386,18.538945,0.000000,0.000542,0.000000,0.000000,0.072542,0.021333,0.632750,640,8106997,147451,0,2,0,2,0,0,0,0,0,0,7208,0,4680,2528,0
52169,18.831500,18.699464,18.704467,0.000000,0.000374,0.000000,0.000000,0.094459,0.016541,0.587125,632,8107258,149531,0,2,0,2,0,0,0,0,0,0,5406,0,3510,1896,0
52170,18.484709,18.278418,18.296310,0.000000,0.000333,0.000000,0.000000,0.076000,0.020750,1.292333,631,8091825,147918,0,2,0,2,0,0,0,0,0,0,5406,0,3510,1896,0
52171,18.920083,18.874463,18.823679,0.000000,0.000500,0.000000,0.000000,0.100833,0.014834,0.965416,640,8122561,147067,0,2,0,2,0,0,0,0,0,0,7208,0,4680,2528,0
52172,18.808208,18.614697,18.622799,0.000000,0.000209,0.000000,0.000000,0.075167,0.038292,0.608458,632,8091739,149692,0,2,0,2,0,0,0,0,0,0,5406,0,3510,1896,0
52173,17.808417,17.632916,17.641319,0.000000,0.000375,0.000000,0.000000,0.079958,0.022959,0.925251,630,8107251,147307,0,2,0,2,0,0,0,0,0,0,5406,0,3510,1896,0
52174,18.955125,18.874041,18.883861,0.000000,0.000375,0.000000,0.000000,0.097167,0.022208,0.947250,642,8122497,147083,0,2,0,2,0,0,0,0,0,0,7208,0,4680,2528,0
52175,18.364792,18.139381,18.139628,0.000000,0.000458,0.000000,0.000000,0.068625,0.014208,1.302083,633,8091772,150080,0,2,0,2,0,0,0,0,0,0,5505,0,3510,1995,0
52176,18.188458,18.102505,18.095999,0.000000,0.000332,0.000000,0.000000,0.072958,0.020375,0.650000,631,8108380,152397,0,2,0,2,0,0,0,0,0,0,5406,0,3510,1896,0
52177,18.889708,18.798294,18.803620,0.000000,0.000375,0.000000,0.000000,0.095000,0.017459,0.937625,644,8132146,151830,0,2,0,2,0,0,0,0,0,0,7208,0,4680,2528,0
52178,18.563334,18.385982,18.385174,0.000000,0.000334,0.000000,0.000000,0.091250,0.017333,0.614083,632,8080916,150291,0,2,0,2,0,0,0,0,0,0,5549,0,3510,2039,0
52179,19.962291,19.867842,19.778752,0.000000,0.000459,0.000000,0.000000,0.089125,0.042250,1.247583,633,8122722,155439,0,2,0,2,0,0,0,0,0,0,5406,0,3510,1896,0
52180,18.053125,17.907827,17.871216,0.000000,0.000500,0.000000,0.000000,0.079917,0.040542,0.609250,642,8122617,146539,0,2,0,2,0,0,0,0,0,0,7208,0,4680,2528,0
52181,18.670667,18.532707,18.514918,0.000000,0.000667,0.000000,0.000000,0.121792,0.032666,0.585125,629,8076252,147971,0,2,0,2,0,0,0,0,0,0,5406,0,3510,1896,0
52182,18.685042,18.481458,18.458965,0.000000,0.000334,0.000000,0.000000,0.079875,0.037875,0.961749,631,8107398,146926,0,2,0,2,0,0,0,0,0,0,5406,0,3510,1896,0
52183,16.586208,16.506836,16.476794,0.000000,0.000459,0.000000,0.000000,0.065583,0.022209,0.615125,649,8153157,144598,0,2,0,2,0,0,0,0,0,0,7665,0,4680,2985,0
52184,19.521833,19.321870,19.305352,0.000000,0.000333,0.000000,0.000000,0.078792,0.013667,0.703001,629,8060826,156316,0,2,0,2,0,0,0,0,0,0,5406,0,3510,1896,0
52185,18.719667,18.620265,18.601621,0.000000,0.000332,0.000000,0.000000,0.080417,0.025375,0.935959,632,8103700,147059,0,2,0,2,0,0,0,0,0,0,5406,0,3510,1896,0
52186,17.456792,17.357876,17.368182,0.000000,0.000375,0.000000,0.000000,0.079875,0.025250,0.990625,641,8126285,145183,0,2,0,2,0,0,0,0,0,0,7208,0,4680,2528,0
52187,17.268250,17.056176,17.011965,0.000000,0.000376,0.000000,0.000000,0.090708,0.021542,0.608000,631,8091592,147809,0,2,0,2,0,0,0,0,0,0,5406,0,3510,1896,0
52188,17.405291,17.368077,17.380461,0.000000,0.000333,0.000000,0.000000,0.083875,0.014834,1.098917,632,8107460,147896,0,2,0,2,0,0,0,0,0,0,5406,0,3510,1896,0
52189,16.525334,16.363482,16.359925,0.000000,0.000250,0.000000,0.000000,0.066416,0.025750,0.609542,642,8137800,144193,0,2,0,2,0,0,0,0,0,0,7208,0,4680,2528,0
52190,17.209666,17.103241,17.099001,0.000000,0.000292,0.000000,0.000000,0.069084,0.018708,0.928708,631,8076252,147458,0,2,0,2,0,0,0,0,0,0,5406,0,3510,1896,0
52191,16.549709,16.396219,16.413596,0.000000,0.000250,0.000000,0.000000,0.074416,0.038542,1.320458,629,8107278,145694,0,2,0,2,0,0,0,0,0,0,5406,0,3510,1896,0
52192,16.865375,16.714913,16.715923,0.000000,0.000375,0.000000,0.000000,0.066875,0.027833,0.637125,640,8122474,145410,0,2,0,2,0,0,0,0,0,0,7208,0,4680,2528,0
52193,17.055625,16.863379,16.830114,0.000000,0.000333,0.000000,0.000000,0.092208,0.016125,0.961751,629,8076356,147146,0,2,0,2,0,0,0,0,0,0,5406,0,3510,1896,0
52194,17.568375,17.550253,17.549165,0.000000,0.000417,0.000000,0.000000,0.083833,0.015667,0.632292,632,8122681,146119,0,2,0,2,0,0,0,0,0,0,5406,0,3510,1896,0
52195,17.277583,17.141665,17.157953,0.000000,0.000417,0.000000,0.000000,0.079458,0.044250,1.011458,642,8137888,145952,0,2,0,2,0,0,0,0,0,0,7208,0,4680,2528,0
52196,16.898958,16.786619,16.782130,0.000000,0.000416,0.000000,0.000000,0.074917,0.014333,1.293542,632,8095133,147599,0,2,0,2,0,0,0,0,0,0,5503,0,3510,1993,0
52197,16.871084,16.709241,16.723664,0.000000,0.000417,0.000000,0.000000,0.068791,0.016917,0.641625,632,8088427,149155,0,2,0,2,0,0,0,0,0,0,5507,0,3510,1997,0
52198,19.489333,19.377827,19.313831,0.000000,0.000334,0.000000,0.000000,0.075833,0.022084,0.939332,642,8122452,151442,0,2,0,2,0,0,0,0,0,0,7208,0,4680,2528,0
52199,17.505625,17.359591,17.339380,0.000000,0.000251,0.000000,0.000000,0.066917,0.022166,1.117793,637,8153529,149381,0,2,0,2,0,0,0,0,0,0,5609,0,3510,2099,0
52200,17.723083,17.595457,17.607666,0.000000,0.000374,0.000000,0.000000,0.059834,0.035958,0.611416,636,8091695,153103,0,2,0,2,0,0,0,0,0,0,5685,0,3510,2175,0
52201,19.099625,19.199777,19.120872,0.000000,0.000666,0.000000,0.000000,0.216292,0.235958,0.593249,642,8137915,155336,0,2,0,2,0,0,0,0,0,0,7208,0,4680,2528,0
52202,17.943709,17.605128,17.609912,0.000000,0.000209,0.000000,0.000000,0.071041,0.025625,0.957166,628,8060925,145874,0,2,0,2,0,0,0,0,0,0,5406,0,3510,1896,0
52203,17.994833,17.792029,17.804835,0.000000,0.000332,0.000000,0.000000,0.061667,0.018750,1.279207,631,8076373,146175,0,2,0,2,0,0,0,0,0,0,5406,0,3510,1896,0
52204,17.637958,17.595129,17.603698,0.000000,0.000374,0.000000,0.000000,0.082125,0.077625,0.609500,644,8122462,152416,0,2,0,2,0,0,0,0,0,0,7305,0,4680,2625,0
52205,19.292625,19.069597,19.065043,0.000000,0.000417,0.000000,0.000000,0.083667,0.016917,0.582625,631,8094306,151777,0,2,0,2,0,0,0,0,0,0,5406,0,3510,1896,0
52206,18.892709,18.844542,18.818628,0.000000,0.000499,0.000000,0.000000,0.100833,0.030875,0.599416,633,8132442,149367,0,2,0,2,0,0,0,0,0,0,5406,0,3510,1896,0
52207,18.697875,18.516076,18.537908,0.000000,0.000375,0.000000,0.000000,0.067208,0.030542,1.235251,641,8094801,149172,0,2,0,2,0,0,0,0,0,0,7309,0,4680,2629,0
52208,19.047750,18.851683,18.869423,0.000000,0.000291,0.000000,0.000000,0.071583,0.021375,0.619458,629,8091814,153218,0,2,0,2,0,0,0,0,0,0,5503,0,3510,1993,0
52209,18.962916,18.855072,18.878177,0.000000,0.000291,0.000000,0.000000,0.066209,0.012500,0.910166,640,8122656,152336,0,2,0,2,0,0,0,0,0,0,7004,0,4536,2468,0
52210,17.995375,17.817550,17.742921,0.000000,0.000458,0.000000,0.000000,0.062792,0.052333,0.974708,635,8107107,149190,0,2,0,2,0,0,0,0,0,0,5711,0,3654,2057,0
52211,19.518875,19.410251,19.432056,0.000000,0.000416,0.000000,0.000000,0.066125,0.040500,1.256250,632,8107185,158887,0,2,0,2,0,0,0,0,0,0,5406,0,3510,1896,0
52212,18.841709,18.697550,18.720937,0.000000,0.000334,0.000000,0.000000,0.062125,0.030083,0.609458,641,8107073,151222,0,2,0,2,0,0,0,0,0,0,7208,0,4680,2528,0
52213,18.021750,17.899456,17.917497,0.000000,0.000375,0.000000,0.000000,0.073208,0.020750,0.902125,639,8153481,154283,0,2,0,2,0,0,0,0,0,0,5620,0,3510,2110,0
52214,19.268000,19.175918,19.184076,0.000000,0.000249,0.000000,0.000000,0.096541,0.031667,1.100749,631,8076296,167180,0,2,0,2,0,0,0,0,0,0,5571,0,3510,2061,0
52215,18.784541,18.558827,18.578671,0.000000,0.000249,0.000000,0.000000,0.071375,0.013542,1.232500,638,8076158,150204,0,2,0,2,0,0,0,0,0,0,7208,0,4680,2528,0
52216,17.779000,17.700293,17.709628,0.000000,0.000291,0.000000,0.000000,0.074667,0.017083,0.621625,640,8176582,156873,0,2,0,3,0,0,0,0,0,0,5535,0,3510,2025,0
52217,17.179875,17.030475,17.027045,0.000000,0.000207,0.000000,0.000000,0.063625,0.012209,1.213125,630,8053186,154583,0,2,0,1,0,0,0,0,0,0,5535,0,3510,2025,0
52218,18.256667,18.111949,18.111700,0.000000,0.000334,0.000000,0.000000,0.061083,0.027667,1.238625,636,8091557,156233,0,2,0,2,0,0,0,0,0,0,7208,0,4680,2528,0
52219,17.613958,17.506770,17.522429,0.000000,0.000249,0.000000,0.000000,0.067750,0.013125,0.608375,635,8122715,154114,0,2,0,2,0,0,0,0,0,0,5406,0,3510,1896,0
52220,17.945125,17.810849,17.809478,0.000000,0.000376,0.000000,0.000000,0.058167,0.027417,0.939083,632,8107603,152291,0,2,0,2,0,0,0,0,0,0,5406,0,3510,1896,0
52221,17.906959,17.754996,17.772922,0.000000,0.000418,0.000000,0.000000,0.072250,0.020791,1.226458,637,8091240,149876,0,2,0,2,0,0,0,0,0,0,7208,0,4680,2528,0
52222,17.526416,17.374335,17.382788,0.000000,0.000250,0.000000,0.000000,0.084167,0.017417,0.607208,636,8128124,153160,0,2,0,4,0,0,0,0,0,0,5406,0,3510,1896,0
52223,17.819417,17.718714,17.719389,0.000000,0.000958,0.000000,0.000000,0.072958,0.013792,1.233250,629,8086403,150038,0,2,0,0,0,0,0,0,0,0,5406,0,3510,1896,0
52224,16.506542,16.371405,16.387416,0.000000,0.000374,0.000000,0.000000,0.053083,0.011375,0.608000,649,8137888,149000,0,4,0,4,0,0,0,0,0,0,7485,0,4680,2805,0
52225,17.723416,17.577689,17.569349,0.000000,0.000292,0.000000,0.000000,0.075000,0.013584,1.226750,629,8076451,161183,0,2,0,2,0,0,0,0,0,0,5406,0,3510,1896,0
52226,17.343500,17.248580,17.229446,0.000000,0.000207,0.000000,0.000000,0.105042,0.017667,0.899542,632,8107037,150855,0,2,0,2,0,0,0,0,0,0,5406,0,3510,1896,0
52227,17.004542,16.884215,16.879247,0.000000,0.000251,0.000000,0.000000,0.072083,0.015959,0.617334,641,8122405,150749,0,2,0,2,0,0,0,0,0,0,7208,0,4680,2528,0
52228,17.956542,17.772772,17.775570,0.000000,0.000417,0.000000,0.000000,0.068291,0.015959,0.918251,634,8107312,152526,0,2,0,2,0,0,0,0,0,0,5406,0,3510,1896,0
52229,17.186708,17.099846,17.097790,0.000000,0.000375,0.000000,0.000000,0.076375,0.014500,0.951126,634,8122657,150718,0,2,0,2,0,0,0,0,0,0,5406,0,3510,1896,0
52230,16.047375,15.798958,15.797369,0.000000,0.000167,0.000000,0.000000,0.055542,0.026583,0.635709,637,8060834,147111,0,2,0,2,0,0,0,0,0,0,7305,0,4680,2625,0
52231,19.747708,19.714579,19.731196,0.000000,0.000250,0.000000,0.000000,0.077084,0.017125,1.080959,636,8137881,156561,0,2,0,2,0,0,0,0,0,0,5507,0,3510,1997,0
52232,18.711334,18.589751,18.578412,0.000000,0.000500,0.000000,0.000000,0.087833,0.015375,0.756917,635,8122639,156496,0,2,0,2,0,0,0,0,0,0,5406,0,3510,1896,0
52233,16.107750,15.975657,15.975462,0.000000,0.000459,0.000000,0.000000,0.078750,0.012375,0.611792,643,8122394,149134,0,2,0,2,0,0,0,0,0,0,7379,0,4680,2699,0
52234,19.920500,19.773458,19.778090,0.000000,0.000458,0.000000,0.000000,0.076541,0.036209,0.744333,630,8076351,163502,0,2,0,2,0,0,0,0,0,0,5406,0,3510,1896,0
52235,19.010791,18.784369,18.666445,0.000000,0.000292,0.000000,0.000000,0.077709,0.028041,0.594751,631,8091848,151243,0,2,0,2,0,0,0,0,0,0,5406,0,3510,1896,0
52236,17.171250,17.094877,17.075247,0.000000,0.000332,0.000000,0.000000,0.072875,0.016417,0.968417,645,8137952,149549,0,2,0,2,0,0,0,0,0,0,7523,0,4680,2843,0
52237,20.096417,19.922320,19.850141,0.000000,0.000666,0.000000,0.000000,0.098333,0.019417,0.363833,633,8076143,168150,0,2,0,2,0,0,0,0,0,0,5524,0,3510,2014,0
52238,19.769125,19.683272,19.576757,0.000000,0.000292,0.000000,0.000000,0.085292,0.028416,0.591041,631,8122780,157199,0,2,0,2,0,0,0,0,0,0,5406,0,3510,1896,0
52239,17.957208,17.817207,17.779703,0.000000,0.000376,0.000000,0.000000,0.097459,0.022333,1.255042,642,8106956,149239,0,2,0,2,0,0,0,0,0,0,7208,0,4680,2528,0
52240,17.574417,17.452552,17.404381,0.000000,0.000458,0.000000,0.000000,0.079083,0.016709,1.249167,629,8091798,153125,0,2,0,2,0,0,0,0,0,0,5406,0,3510,1896,0
52241,17.646917,17.461722,17.455718,0.000000,0.000293,0.000000,0.000000,0.092708,0.016792,0.417750,634,8107237,150176,0,2,0,2,0,0,0,0,0,0,5406,0,3510,1896,0
52242,17.394458,17.379432,17.380457,0.000000,0.000333,0.000000,0.000000,0.073542,0.053583,0.956292,642,8127783,149959,0,2,0,2,0,0,0,0,0,0,7208,0,4680,2528,0
52243,19.840500,19.657191,19.630165,0.000000,0.000293,0.000000,0.000000,0.095042,0.020458,0.949208,632,8101935,152520,0,2,0,2,0,0,0,0,0,0,5406,0,3510,1896,0
52244,20.349583,20.217182,19.791950,0.000000,0.000542,0.000000,0.000000,0.110459,0.039208,0.952541,631,8091813,149650,0,2,0,2,0,0,0,0,0,0,5406,0,3510,1896,0
52245,18.633959,18.406795,18.411672,0.000000,0.000375,0.000000,0.000000,0.087666,0.022375,0.658292,644,8122465,146819,0,2,0,2,0,0,0,0,0,0,7208,0,4680,2528,0
52246,19.636083,19.545808,19.522508,0.000000,0.000375,0.000000,0.000000,0.080958,0.022667,0.953624,630,8091840,153860,0,2,0,2,0,0,0,0,0,0,5406,0,3510,1896,0
52247,18.216667,18.048285,18.056295,0.000000,0.000457,0.000000,0.000000,0.087375,0.031000,1.327501,633,8107220,153246,0,2,0,2,0,0,0,0,0,0,5406,0,3510,1896,0
52248,16.925583,16.857467,16.820671,0.000000,0.000458,0.000000,0.000000,0.075833,0.072375,1.283458,647,8137770,150725,0,2,0,2,0,0,0,0,0,0,7523,0,4680,2843,0
52249,19.990292,19.818139,19.802870,0.000000,0.000250,0.000000,0.000000,0.075833,0.043083,0.613584,651,8076048,163332,0,2,0,2,0,0,0,0,0,0,7447,0,3510,3937,0
52250,20.412208,20.272951,20.268441,0.000000,0.000416,0.000000,0.000000,0.089875,0.015125,0.917041,634,8122903,162120,0,2,0,2,0,0,0,0,0,0,5406,0,3510,1896,0
52251,18.055917,17.933312,17.942560,0.000000,0.000376,0.000000,0.000000,0.074750,0.026708,0.919208,640,8106823,153931,0,2,0,2,0,0,0,0,0,0,7208,0,4680,2528,0
52252,20.122916,19.961748,19.992499,0.000000,0.000458,0.000000,0.000000,0.080750,0.019000,1.291792,633,8107470,156291,0,2,0,2,0,0,0,0,0,0,5406,0,3510,1896,0
52253,19.730417,19.564388,19.557365,0.000000,0.000291,0.000000,0.000000,0.072583,0.014209,0.952917,633,8107133,154820,0,2,0,2,0,0,0,0,0,0,5406,0,3510,1896,0
52254,19.467917,19.392308,19.377676,0.000000,0.000335,0.000000,0.000000,0.089791,0.018209,1.253083,639,8107009,153160,0,2,0,2,0,0,0,0,0,0,7208,0,4680,2528,0
52255,19.523333,19.319863,19.268384,0.000000,0.000417,0.000000,0.000000,0.075792,0.044958,0.297875,632,8107173,155472,0,2,0,2,0,0,0,0,0,0,5406,0,3510,1896,0
52256,18.413542,18.293671,18.281443,0.000000,0.000416,0.000000,0.000000,0.077458,0.014750,0.920584,632,8091816,154119,0,2,0,2,0,0,0,0,0,0,5406,0,3510,1896,0
52257,20.364250,20.260740,20.228279,0.000000,0.000584,0.000000,0.000000,0.112375,0.132166,0.956292,641,8122493,153773,0,2,0,2,0,0,0,0,0,0,7208,0,4680,2528,0
52258,19.192000,18.991664,18.938883,0.000000,0.000417,0.000000,0.000000,0.097666,0.024542,1.031458,632,8107277,153608,0,2,0,2,0,0,0,0,0,0,5406,0,3510,1896,0
52259,18.396750,18.360457,18.378231,0.000000,0.000334,0.000000,0.000000,0.109583,0.068667,0.948916,632,8122804,154523,0,2,0,2,0,0,0,0,0,0,6944,0,4536,2408,0
52260,17.858750,17.706620,17.665839,0.000000,0.000707,0.000000,0.000000,0.077041,0.026167,0.291125,641,8122363,156409,0,2,0,2,0,0,0,0,0,0,5787,0,3654,2133,0
52261,19.624375,19.467953,19.485116,0.000000,0.000292,0.000000,0.000000,0.080083,0.039167,0.967874,629,8076332,161576,0,2,0,2,0,0,0,0,0,0,5406,0,3510,1896,0
52262,18.770166,18.674958,18.637577,0.000000,0.000417,0.000000,0.000000,0.102209,0.038500,1.200541,641,8122712,152800,0,2,0,2,0,0,0,0,0,0,7208,0,4680,2528,0
52263,17.633209,17.489024,17.483832,0.000000,0.000417,0.000000,0.000000,0.086041,0.030417,0.303125,634,8076090,154435,0,2,0,2,0,0,0,0,0,0,5535,0,3510,2025,0
52264,18.669916,18.554876,18.559917,0.000000,0.000292,0.000000,0.000000,0.094084,0.027208,1.254999,632,8111780,157375,0,2,0,2,0,0,0,0,0,0,5406,0,3510,1896,0
52265,20.595459,20.393791,20.225924,0.000000,0.000500,0.000000,0.000000,0.084500,0.017583,0.932209,642,8117923,157678,0,2,0,2,0,0,0,0,0,0,7208,0,4680,2528,0
52266,18.909250,18.806618,18.818290,0.000000,0.000500,0.000000,0.000000,0.075958,0.022375,0.920167,634,8122696,155550,0,2,0,2,0,0,0,0,0,0,5406,0,3510,1896,0
52267,19.475625,19.306746,19.317463,0.000000,0.000334,0.000000,0.000000,0.071500,0.038291,1.273417,632,8091812,158294,0,2,0,2,0,0,0,0,0,0,5406,0,3510,1896,0
52268,19.021333,18.911752,18.908679,0.000000,0.000374,0.000000,0.000000,0.092833,0.022209,1.258583,638,8107089,149073,0,2,0,2,0,0,0,0,0,0,7208,0,4680,2528,0
52269,18.807625,18.640208,18.638170,0.000000,0.000333,0.000000,0.000000,0.074458,0.033875,0.616041,632,8107242,151123,0,2,0,2,0,0,0,0,0,0,5406,0,3510,1896,0
52270,18.145542,17.980916,17.956113,0.000000,0.000375,0.000000,0.000000,0.076750,0.022000,0.913500,631,8091784,148622,0,2,0,2,0,0,0,0,0,0,5406,0,3510,1896,0
52271,18.835041,18.705380,18.698045,0.000000,0.000333,0.000000,0.000000,0.091417,0.028083,0.826291,642,8122539,149538,0,2,0,2,0,0,0,0,0,0,7208,0,4680,2528,0
52272,17.863292,17.722923,17.708747,0.000000,0.000458,0.000000,0.000000,0.060125,0.023667,0.608791,639,8153462,153698,0,2,0,2,0,0,0,0,0,0,5721,0,3510,2211,0
52273,18.836667,18.708226,18.703765,0.000000,0.000417,0.000000,0.000000,0.086833,0.015833,1.051875,630,8060921,156407,0,2,0,2,0,0,0,0,0,0,5406,0,3510,1896,0
52274,18.705375,18.519659,18.545255,0.000000,0.000500,0.000000,0.000000,0.077833,0.021667,0.940375,638,8091621,148096,0,2,0,2,0,0,0,0,0,0,7208,0,4680,2528,0
52275,19.423500,19.314161,19.296464,0.000000,0.000460,0.000000,0.000000,0.070208,0.021417,0.994041,634,8122669,152813,0,2,0,2,0,0,0,0,0,0,5406,0,3510,1896,0
52276,18.203625,18.068138,18.071634,0.000000,0.000417,0.000000,0.000000,0.081166,0.032209,1.304917,632,8107282,150659,0,2,0,2,0,0,0,0,0,0,5406,0,3510,1896,0
52277,17.716000,17.575745,17.577570,0.000000,0.000376,0.000000,0.000000,0.071458,0.036167,0.609041,644,8137862,148178,0,2,0,2,0,0,0,0,0,0,7337,0,4680,2657,0
52278,18.301541,18.191215,18.195653,0.000000,0.000584,0.000000,0.000000,0.066167,0.015042,1.225375,634,8138244,157268,0,2,0,2,0,0,0,0,0,0,5406,0,3510,1896,0
52279,18.430042,18.270905,18.288915,0.000000,0.000416,0.000000,0.000000,0.067458,0.020042,1.216417,628,8029904,154812,0,2,0,2,0,0,0,0,0,0,5406,0,3510,1896,0
52280,17.398875,17.300872,17.315737,0.000000,0.000418,0.000000,0.000000,0.067208,0.022125,0.608167,643,8153340,150591,0,2,0,2,0,0,0,0,0,0,7336,0,4680,2656,0
52281,19.702833,19.576913,19.585292,0.000000,0.000458,0.000000,0.000000,0.084250,0.016500,1.273749,630,8091769,157468,0,2,0,2,0,0,0,0,0,0,5406,0,3510,1896,0
52282,17.807542,17.634468,17.646423,0.000000,0.000333,0.000000,0.000000,0.067500,0.014500,1.295542,632,8091813,152975,0,2,0,2,0,0,0,0,0,0,5406,0,3510,1896,0
52283,17.904000,17.771943,17.784282,0.000000,0.000376,0.000000,0.000000,0.073708,0.014417,0.562625,639,8091601,152200,0,2,0,2,0,0,0,0,0,0,7208,0,4680,2528,0
52284,17.994083,17.849959,17.864406,0.000000,0.000376,0.000000,0.000000,0.074834,0.025833,1.030792,634,8107260,154976,0,2,0,2,0,0,0,0,0,0,5406,0,3510,1896,0
52285,17.407500,17.283292,17.275873,0.000000,0.000416,0.000000,0.000000,0.069375,0.023959,1.253916,629,8107251,153143,0,2,0,2,0,0,0,0,0,0,5406,0,3510,1896,0
52286,17.623209,17.507714,17.502325,0.000000,0.000416,0.000000,0.000000,0.066208,0.020292,0.612166,644,8122442,151010,0,2,0,2,0,0,0,0,0,0,7208,0,4680,2528,0
52287,18.043416,17.904168,17.886046,0.000000,0.000334,0.000000,0.000000,0.077250,0.015584,0.900959,631,8107249,155340,0,2,0,2,0,0,0,0,0,0,5406,0,3510,1896,0
52288,20.654709,20.552009,20.461428,0.000000,0.000499,0.000000,0.000000,0.089750,0.015916,0.944667,633,8107261,154746,0,2,0,2,0,0,0,0,0,0,5406,0,3510,1896,0
52289,19.258166,19.101787,19.093701,0.000000,0.000292,0.000000,0.000000,0.072875,0.018000,0.606000,641,8107023,151906,0,2,0,2,0,0,0,0,0,0,7208,0,4680,2528,0
52290,18.815417,18.682340,18.648051,0.000000,0.000707,0.000000,0.000000,0.083417,0.030250,0.660001,639,8169475,155704,0,2,0,2,0,0,0,0,0,0,5603,0,3510,2093,0
52291,19.824458,19.672949,19.629912,0.000000,0.000416,0.000000,0.000000,0.072334,0.035916,0.611541,628,8045060,159965,0,2,0,2,0,0,0,0,0,0,5406,0,3510,1896,0
52292,18.913250,18.813494,18.727964,0.000000,0.000500,0.000000,0.000000,0.107250,0.033459,0.781833,642,8106897,149639,0,2,0,2,0,0,0,0,0,0,7208,0,4680,2528,0
52293,18.476542,18.292764,18.292681,0.000000,0.000333,0.000000,0.000000,0.086458,0.015709,0.955291,630,8091983,152365,0,2,0,2,0,0,0,0,0,0,5406,0,3510,1896,0
52294,18.566750,18.425476,18.383374,0.000000,0.000250,0.000000,0.000000,0.088333,0.045834,0.947584,633,8122528,150877,0,2,0,2,0,0,0,0,0,0,5406,0,3510,1896,0
52295,18.142167,18.030196,18.035159,0.000000,0.000416,0.000000,0.000000,0.076333,0.026583,0.649625,641,8107005,149498,0,2,0,2,0,0,0,0,0,0,7208,0,4680,2528,0
52296,20.166000,19.985497,19.950720,0.000000,0.000667,0.000000,0.000000,0.099500,0.024708,0.874584,631,8091846,152499,0,2,0,2,0,0,0,0,0,0,5406,0,3510,1896,0
52297,18.906916,18.837531,18.840639,0.000000,0.000333,0.000000,0.000000,0.097459,0.029875,0.908916,633,8118378,151272,0,2,0,2,0,0,0,0,0,0,5406,0,3510,1896,0
52298,18.877834,18.710198,18.725172,0.000000,0.000334,0.000000,0.000000,0.077208,0.025542,1.320041,642,8111386,148632,0,2,0,2,0,0,0,0,0,0,7208,0,4680,2528,0
52299,19.984000,19.783576,19.758594,0.000000,0.000415,0.000000,0.000000,0.083166,0.025834,0.925708,633,8107276,153066,0,2,0,2,0,0,0,0,0,0,5406,0,3510,1896,0
52300,18.852458,18.727983,18.694454,0.000000,0.000417,0.000000,0.000000,0.086542,0.023500,0.608458,630,8091858,151261,0,2,0,2,0,0,0,0,0,0,5406,0,3510,1896,0
52301,19.749458,19.602260,19.596833,0.000000,0.000374,0.000000,0.000000,0.072417,0.025208,1.233333,641,8106867,149338,0,2,0,2,0,0,0,0,0,0,7208,0,4680,2528,0
52302,18.499417,18.290128,18.292380,0.000000,0.000416,0.000000,0.000000,0.078458,0.015334,1.244125,628,8091846,152444,0,2,0,2,0,0,0,0,0,0,5525,0,3510,2015,0
52303,18.688333,18.683686,18.684683,0.000000,0.000499,0.000000,0.000000,0.076042,0.030500,1.309125,636,8153670,157803,0,2,0,2,0,0,0,0,0,0,5558,0,3510,2048,0
52304,21.416000,21.247869,21.267296,0.000000,0.002750,0.000000,0.000000,0.090167,0.025875,1.284667,641,8091277,165323,0,2,0,2,0,0,0,0,0,0,7461,0,4680,2781,0
52305,19.512750,19.341001,19.355554,0.000000,0.000291,0.000000,0.000000,0.072459,0.015541,1.274292,634,8091784,153877,0,2,0,2,0,0,0,0,0,0,5560,0,3510,2050,0
52306,20.481875,20.400736,20.413962,0.000000,0.000375,0.000000,0.000000,0.082209,0.032166,1.255626,633,8122705,159048,0,2,0,2,0,0,0,0,0,0,5406,0,3510,1896,0
52307,19.535584,19.349436,19.315647,0.000000,0.000541,0.000000,0.000000,0.091208,0.023292,0.310333,641,8111536,151049,0,2,0,2,0,0,0,0,0,0,7208,0,4680,2528,0
52308,21.155500,20.990057,20.962994,0.000000,0.000626,0.000000,0.000000,0.072166,0.032459,1.005624,632,8087230,161180,0,2,0,2,0,0,0,0,0,0,5525,0,3510,2015,0
52309,20.510416,20.344655,20.327559,0.000000,0.000376,0.000000,0.000000,0.095500,0.015417,0.918583,632,8107244,157910,0,2,0,2,0,0,0,0,0,0,5406,0,3510,1896,0
52310,21.780084,21.700657,21.546341,0.000000,0.000500,0.000000,0.000000,0.078833,0.042125,0.986000,642,8122510,172773,0,2,0,2,0,0,0,0,0,0,7208,0,4680,2528,0
52311,19.941833,19.682879,19.678455,0.000000,0.000292,0.000000,0.000000,0.094125,0.017583,1.056583,629,8076348,156019,0,2,0,2,0,0,0,0,0,0,5406,0,3510,1896,0
52312,19.385500,19.247111,19.240307,0.000000,0.000667,0.000000,0.000000,0.076333,0.014834,0.662417,632,8107281,151866,0,2,0,2,0,0,0,0,0,0,5406,0,3510,1896,0
52313,20.386375,20.325131,20.037098,0.000000,0.000666,0.000000,0.000000,0.084208,0.015459,0.709792,642,8122460,151703,0,2,0,2,0,0,0,0,0,0,7208,0,4680,2528,0
52314,19.704667,19.578159,19.540221,0.000000,0.000292,0.000000,0.000000,0.100458,0.032167,0.698750,633,8107263,152817,0,2,0,2,0,0,0,0,0,0,5406,0,3510,1896,0
52315,19.250750,19.110430,19.103707,0.000000,0.000416,0.000000,0.000000,0.085041,0.016709,0.656041,639,8122619,150286,0,2,0,2,0,0,0,0,0,0,7124,0,4596,2528,0
52316,20.579708,20.468411,20.474034,0.000000,0.000417,0.000000,0.000000,0.110667,0.019500,0.768083,634,8091733,152558,0,2,0,2,0,0,0,0,0,0,5490,0,3594,1896,0
52317,20.178417,19.971542,19.865425,0.000000,0.000458,0.000000,0.000000,0.098833,0.024542,0.290250,633,8107208,150313,0,2,0,2,0,0,0,0,0,0,5406,0,3510,1896,0
52318,19.990625,19.883447,19.870776,0.000000,0.000416,0.000000,0.000000,0.086625,0.022291,0.748166,640,8122500,150068,0,2,0,2,0,0,0,0,0,0,7208,0,4680,2528,0
52319,19.025958,18.746045,18.737566,0.000000,0.000333,0.000000,0.000000,0.092333,0.017292,0.596999,628,8076364,152763,0,2,0,2,0,0,0,0,0,0,5406,0,3510,1896,0
52320,18.560750,18.517012,18.519372,0.000000,0.000374,0.000000,0.000000,0.081417,0.037833,1.249334,633,8122734,149535,0,2,0,2,0,0,0,0,0,0,5406,0,3510,1896,0
52321,18.962625,18.889876,18.870022,0.000000,0.000416,0.000000,0.000000,0.102333,0.017667,0.899625,641,8122464,148587,0,2,0,2,0,0,0,0,0,0,7208,0,4680,2528,0
52322,19.318417,19.097960,19.099751,0.000000,0.000292,0.000000,0.000000,0.085416,0.026209,0.607333,630,8091837,151497,0,2,0,2,0,0,0,0,0,0,5406,0,3510,1896,0
52323,19.605125,19.520324,19.526300,0.000000,0.000542,0.000000,0.000000,0.085041,0.025209,0.965209,633,8107239,150446,0,2,0,2,0,0,0,0,0,0,5406,0,3510,1896,0
52324,18.336791,18.170020,18.180744,0.000000,0.000292,0.000000,0.000000,0.080292,0.015083,1.248334,646,8168850,148991,0,2,0,2,0,0,0,0,0,0,7379,0,4680,2699,0
52325,19.997667,19.897447,19.886805,0.000000,0.000291,0.000000,0.000000,0.071333,0.043375,1.277916,628,8076351,156283,0,2,0,2,0,0,0,0,0,0,5406,0,3510,1896,0
52326,18.460750,18.318079,18.319653,0.000000,0.000458,0.000000,0.000000,0.069125,0.014792,1.243708,630,8088803,149252,0,2,0,2,0,0,0,0,0,0,5406,0,3510,1896,0
52327,17.872958,17.705924,17.719325,0.000000,0.000417,0.000000,0.000000,0.062209,0.022291,0.468292,641,8109989,149380,0,2,0,2,0,0,0,0,0,0,7208,0,4680,2528,0
52328,17.833500,17.739904,17.678973,0.000000,0.000334,0.000000,0.000000,0.083834,0.016083,1.247958,631,8107398,152522,0,2,0,2,0,0,0,0,0,0,5406,0,3510,1896,0
52329,18.183500,18.091883,18.059337,0.000000,0.000250,0.000000,0.000000,0.090375,0.041084,0.946083,635,8122576,152288,0,2,0,2,0,0,0,0,0,0,5406,0,3510,1896,0
52330,17.346209,17.185248,17.198335,0.000000,0.000250,0.000000,0.000000,0.065666,0.036250,0.609708,641,8137907,150518,0,2,0,2,0,0,0,0,0,0,7208,0,4680,2528,0
52331,19.753291,19.531810,19.548388,0.000000,0.000417,0.000000,0.000000,0.071042,0.022167,0.925458,628,8062449,157024,0,2,0,2,0,0,0,0,0,0,5406,0,3510,1896,0
52332,18.058084,18.016369,18.002323,0.000000,0.000500,0.000000,0.000000,0.087583,0.016542,0.938500,631,8105947,150463,0,2,0,2,0,0,0,0,0,0,5406,0,3510,1896,0
52333,18.329500,18.125194,18.121791,0.000000,0.000334,0.000000,0.000000,0.076500,0.022166,1.297500,642,8106781,149969,0,2,0,2,0,0,0,0,0,0,7208,0,4680,2528,0
52334,19.041750,18.935215,18.950462,0.000000,0.000248,0.000000,0.000000,0.086250,0.023416,0.635416,631,8107337,153904,0,2,0,2,0,0,0,0,0,0,5406,0,3510,1896,0
52335,18.601958,18.478379,18.490250,0.000000,0.000333,0.000000,0.000000,0.075292,0.026041,0.907875,631,8107173,153113,0,2,0,2,0,0,0,0,0,0,5406,0,3510,1896,0
52336,18.922667,18.783497,18.780995,0.000000,0.000333,0.000000,0.000000,0.090458,0.021667,0.931667,641,8112957,149715,0,2,0,2,0,0,0,0,0,0,7208,0,4680,2528,0
52337,19.126208,18.988806,18.977831,0.000000,0.000416,0.000000,0.000000,0.077125,0.033917,0.937293,631,8116799,153120,0,2,0,2,0,0,0,0,0,0,5406,0,3510,1896,0
52338,18.370000,18.222003,18.209036,0.000000,0.000417,0.000000,0.000000,0.078000,0.014083,0.608500,632,8107220,151931,0,2,0,2,0,0,0,0,0,0,5406,0,3510,1896,0
52339,17.588292,17.458996,17.477569,0.000000,0.003793,0.000000,0.000000,0.061833,0.045500,0.900042,642,8076116,151152,0,2,0,2,0,0,0,0,0,0,7326,0,4680,2646,0
52340,20.184000,20.057540,19.933240,0.000000,0.000791,0.000000,0.000000,0.096250,0.017791,0.808333,633,8122666,156696,0,2,0,2,0,0,0,0,0,0,5406,0,3510,1896,0
52341,20.538083,20.420789,20.331324,0.000000,0.000540,0.000000,0.000000,0.086125,0.027792,0.932959,631,8107277,150993,0,2,0,2,0,0,0,0,0,0,5406,0,3510,1896,0
52342,17.828958,17.682127,17.673525,0.000000,0.000459,0.000000,0.000000,0.074334,0.024750,0.306708,643,8091775,150539,0,2,0,2,0,0,0,0,0,0,7444,0,4680,2764,0
52343,18.732875,18.589249,18.583247,0.000000,0.000292,0.000000,0.000000,0.074125,0.014750,0.789834,633,8137837,158114,0,2,0,2,0,0,0,0,0,0,5406,0,3510,1896,0
52344,18.644792,18.455417,18.477322,0.000000,0.000376,0.000000,0.000000,0.078792,0.022875,0.945083,630,8076374,149760,0,2,0,2,0,0,0,0,0,0,5406,0,3510,1896,0
52345,18.298750,18.231077,18.212374,0.000000,0.000418,0.000000,0.000000,0.082458,0.028792,1.323001,642,8137929,153535,0,2,0,2,0,0,0,0,0,0,7208,0,4680,2528,0
52346,19.024208,18.906884,18.896441,0.000000,0.000542,0.000000,0.000000,0.106250,0.022500,0.633250,629,8091848,154620,0,2,0,2,0,0,0,0,0,0,5406,0,3510,1896,0
52347,18.005042,17.772046,17.731873,0.000000,0.000335,0.000000,0.000000,0.079292,0.024125,1.225625,630,8091745,144088,0,2,0,2,0,0,0,0,0,0,5406,0,3510,1896,0
52348,17.618500,17.512154,17.516229,0.000000,0.000416,0.000000,0.000000,0.080458,0.023125,1.060416,643,8122451,142370,0,2,0,2,0,0,0,0,0,0,7208,0,4680,2528,0
52349,18.496208,18.378762,18.396015,0.000000,0.000375,0.000000,0.000000,0.073834,0.015958,1.260083,632,8107292,144796,0,2,0,2,0,0,0,0,0,0,5406,0,3510,1896,0
52350,18.356875,18.192837,18.203599,0.000000,0.000333,0.000000,0.000000,0.088084,0.025083,0.612000,632,8107270,143620,0,2,0,2,0,0,0,0,0,0,5406,0,3510,1896,0
52351,17.837959,17.702605,17.672492,0.000000,0.000251,0.000000,0.000000,0.065750,0.023666,0.925792,646,8126076,145195,0,2,0,2,0,0,0,0,0,0,7523,0,4680,2843,0
52352,18.919750,18.788034,18.773876,0.000000,0.000210,0.000000,0.000000,0.067166,0.013084,1.016750,629,8088068,150771,0,2,0,2,0,0,0,0,0,0,5406,0,3510,1896,0
52353,17.477541,17.389677,17.396080,0.000000,0.000417,0.000000,0.000000,0.083000,0.034042,0.640209,633,8122668,145139,0,2,0,2,0,0,0,0,0,0,5406,0,3510,1896,0
52354,17.489709,17.300987,17.292384,0.000000,0.000417,0.000000,0.000000,0.087041,0.017292,0.910375,640,8076118,142786,0,2,0,2,0,0,0,0,0,0,7208,0,4680,2528,0
52355,18.804416,18.708916,18.675695,0.000000,0.000458,0.000000,0.000000,0.084209,0.019375,1.367375,634,8138146,146729,0,2,0,2,0,0,0,0,0,0,5406,0,3510,1896,0
52356,18.905542,18.767030,18.655853,0.000000,0.000500,0.000000,0.000000,0.115250,0.024333,0.948458,652,8091466,144208,0,2,0,2,0,0,0,0,0,0,7447,0,3510,3937,0
52357,18.291042,18.062278,17.966544,0.000000,0.000375,0.000000,0.000000,0.082458,0.029167,0.622583,641,8091580,144591,0,2,0,2,0,0,0,0,0,0,7208,0,4680,2528,0
52358,20.589000,20.513519,20.483791,0.000000,0.000459,0.000000,0.000000,0.089125,0.041208,1.314416,632,8122707,151163,0,2,0,2,0,0,0,0,0,0,5406,0,3510,1896,0
52359,18.518916,18.365789,18.370583,0.000000,0.000542,0.000000,0.000000,0.082750,0.016125,0.940792,633,8107290,145253,0,2,0,2,0,0,0,0,0,0,5406,0,3510,1896,0
52360,18.006000,17.833852,17.855457,0.000000,0.000583,0.000000,0.000000,0.084625,0.026459,1.265167,639,8091553,143196,0,2,0,2,0,0,0,0,0,0,7208,0,4680,2528,0
52361,17.528625,17.392340,17.398747,0.000000,0.000375,0.000000,0.000000,0.080917,0.041458,0.644083,634,8122872,146321,0,2,0,2,0,0,0,0,0,0,5406,0,3510,1896,0
52362,18.911834,18.799487,18.806265,0.000000,0.000417,0.000000,0.000000,0.080833,0.027333,1.285041,630,8112379,144965,0,2,0,2,0,0,0,0,0,0,5406,0,3510,1896,0
52363,18.525416,18.368098,18.361832,0.000000,0.000291,0.000000,0.000000,0.082209,0.030791,1.284875,639,8101754,144504,0,2,0,2,0,0,0,0,0,0,7208,0,4680,2528,0
52364,18.061834,17.900333,17.874742,0.000000,0.000374,0.000000,0.000000,0.087541,0.023042,0.656417,631,8107295,144138,0,2,0,2,0,0,0,0,0,0,5406,0,3510,1896,0
52365,18.450333,18.343330,18.324757,0.000000,0.000416,0.000000,0.000000,0.081958,0.019959,1.099374,632,8114574,144206,0,2,0,2,0,0,0,0,0,0,5418,0,3510,1908,0
52366,18.597708,18.455181,18.399621,0.000000,0.000833,0.000000,0.000000,0.096292,0.020667,0.988334,638,8099698,144125,0,2,0,2,0,0,0,0,0,0,7196,0,4680,2516,0
52367,18.569292,18.456053,18.437643,0.000000,0.000293,0.000000,0.000000,0.094125,0.014875,1.305542,634,8122910,147161,0,2,0,2,0,0,0,0,0,0,5406,0,3510,1896,0
52368,18.202875,18.042683,18.052634,0.000000,0.000375,0.000000,0.000000,0.066667,0.018708,0.623042,638,8076134,143197,0,2,0,2,0,0,0,0,0,0,7121,0,4536,2585,0
52369,17.553958,17.425763,17.480441,0.000000,0.000209,0.000000,0.000000,0.076209,0.019833,0.982792,634,8122489,142208,0,2,0,2,0,0,0,0,0,0,5610,0,3654,1956,0
52370,16.528125,16.378833,16.387868,0.000000,0.000375,0.000000,0.000000,0.067125,0.030250,1.282583,632,8107365,136105,0,2,0,2,0,0,0,0,0,0,5406,0,3510,1896,0
52371,17.856875,17.731719,17.631006,0.000000,0.000418,0.000000,0.000000,0.080042,0.022375,0.654292,639,8107156,134168,0,2,0,2,0,0,0,0,0,0,7208,0,4680,2528,0
52372,17.463667,17.329721,17.325750,0.000000,0.000458,0.000000,0.000000,0.073750,0.026125,1.215917,633,8122639,137898,0,2,0,2,0,0,0,0,0,0,5406,0,3510,1896,0
52373,17.472583,17.281305,17.248418,0.000000,0.000376,0.000000,0.000000,0.068042,0.014917,1.311917,631,8091657,135519,0,2,0,2,0,0,0,0,0,0,5406,0,3510,1896,0
52374,16.632417,16.535275,16.546144,0.000000,0.000418,0.000000,0.000000,0.060375,0.012792,0.607542,641,8107082,138932,0,2,0,2,0,0,0,0,0,0,7208,0,4680,2528,0
52375,18.251458,18.140878,18.122583,0.000000,0.000460,0.000000,0.000000,0.070500,0.040417,1.268042,632,8123652,143409,0,2,0,2,0,0,0,0,0,0,5406,0,3510,1896,0
52376,17.666750,17.533862,17.442961,0.000000,0.000625,0.000000,0.000000,0.093334,0.017541,0.326417,630,8106288,136155,0,2,0,2,0,0,0,0,0,0,5406,0,3510,1896,0
52377,17.537292,17.403201,17.408137,0.000000,0.000334,0.000000,0.000000,0.078625,0.028292,0.959084,640,8091648,134015,0,2,0,2,0,0,0,0,0,0,7208,0,4680,2528,0
52378,17.563625,17.367068,17.383464,0.000000,0.000458,0.000000,0.000000,0.083167,0.020041,1.267667,629,8091743,136899,0,2,0,2,0,0,0,0,0,0,5406,0,3510,1896,0
52379,16.789750,16.709256,16.727459,0.000000,0.000332,0.000000,0.000000,0.068250,0.038458,0.608292,633,8138141,137491,0,2,0,2,0,0,0,0,0,0,5406,0,3510,1896,0
52380,16.953833,16.808464,16.800592,0.000000,0.000458,0.000000,0.000000,0.071209,0.026583,1.228126,638,8091608,132952,0,2,0,2,0,0,0,0,0,0,7208,0,4680,2528,0
52381,16.984584,16.805530,16.815393,0.000000,0.000292,0.000000,0.000000,0.068625,0.015125,0.656083,631,8107261,136268,0,2,0,2,0,0,0,0,0,0,5406,0,3510,1896,0
52382,16.419208,16.302371,16.277083,0.000000,0.000291,0.000000,0.000000,0.064583,0.027625,1.228541,635,8107198,137670,0,2,0,2,0,0,0,0,0,0,5556,0,3510,2046,0
52383,18.191708,18.079173,18.066081,0.000000,0.000334,0.000000,0.000000,0.073417,0.024250,1.271166,641,8107044,143536,0,2,0,2,0,0,0,0,0,0,7208,0,4680,2528,0
52384,17.451834,17.303666,17.300670,0.000000,0.000416,0.000000,0.000000,0.076500,0.019125,0.607709,631,8107362,137183,0,2,0,2,0,0,0,0,0,0,5406,0,3510,1896,0
52385,17.375041,17.267163,17.282592,0.000000,0.000376,0.000000,0.000000,0.098292,0.016583,0.960999,629,8107096,135639,0,2,0,2,0,0,0,0,0,0,5406,0,3510,1896,0
52386,17.522667,17.346047,17.361265,0.000000,0.000250,0.000000,0.000000,0.069333,0.031459,1.291625,638,8091612,132347,0,2,0,2,0,0,0,0,0,0,7208,0,4680,2528,0
52387,18.129667,17.926206,17.948701,0.000000,0.000334,0.000000,0.000000,0.072666,0.020292,0.645583,632,8107261,139454,0,2,0,2,0,0,0,0,0,0,5406,0,3510,1896,0
52388,17.004666,16.942591,16.956079,0.000000,0.000291,0.000000,0.000000,0.082417,0.021583,0.953126,631,8138299,139088,0,2,0,2,0,0,0,0,0,0,5406,0,3510,1896,0
52389,18.842542,18.662163,18.679274,0.000000,0.000543,0.000000,0.000000,0.079667,0.016333,1.322584,639,8075967,140545,0,2,0,2,0,0,0,0,0,0,7208,0,4680,2528,0
52390,17.589792,17.493753,17.504428,0.000000,0.000292,0.000000,0.000000,0.081416,0.015542,0.640541,633,8122829,137453,0,2,0,2,0,0,0,0,0,0,5406,0,3510,1896,0
52391,17.682833,17.510043,17.489037,0.000000,0.000416,0.000000,0.000000,0.088583,0.020584,0.593334,631,8107124,135255,0,2,0,2,0,0,0,0,0,0,5406,0,3510,1896,0
52392,17.119708,17.030015,17.047137,0.000000,0.000416,0.000000,0.000000,0.077459,0.030708,1.256709,640,8107065,132724,0,2,0,2,0,0,0,0,0,0,7208,0,4680,2528,0
52393,18.826125,18.647886,18.157380,0.000000,0.000542,0.000000,0.000000,0.079792,0.018542,0.292542,633,8107234,135504,0,2,0,2,0,0,0,0,0,0,5406,0,3510,1896,0
52394,16.420875,16.312334,16.331710,0.000000,0.000333,0.000000,0.000000,0.082417,0.015875,0.941749,631,8116047,134917,0,2,0,2,0,0,0,0,0,0,5406,0,3510,1896,0
52395,16.470334,16.360504,16.330775,0.000000,0.000251,0.000000,0.000000,0.071208,0.034792,0.643750,639,8113969,132877,0,2,0,2,0,0,0,0,0,0,7208,0,4680,2528,0
52396,18.071791,17.943268,17.797799,0.000000,0.000583,0.000000,0.000000,0.081875,0.017334,0.746834,631,8091628,135653,0,2,0,2,0,0,0,0,0,0,5406,0,3510,1896,0
52397,16.690250,16.480535,16.455413,0.000000,0.000541,0.000000,0.000000,0.075334,0.015000,0.968043,632,8107200,133345,0,2,0,2,0,0,0,0,0,0,5406,0,3510,1896,0
52398,17.015250,16.929890,16.928461,0.000000,0.000583,0.000000,0.000000,0.088167,0.037042,0.612083,641,8107020,132138,0,2,0,2,0,0,0,0,0,0,7208,0,4680,2528,0
52399,18.107334,17.903277,17.824358,0.000000,0.000584,0.000000,0.000000,0.106791,0.016750,0.916000,631,8091815,135087,0,2,0,2,0,0,0,0,0,0,5406,0,3510,1896,0
52400,17.849833,17.773020,17.738753,0.000000,0.000459,0.000000,0.000000,0.094292,0.025166,0.589167,632,8122699,133997,0,2,0,2,0,0,0,0,0,0,5406,0,3510,1896,0
52401,17.690458,17.565504,17.508279,0.000000,0.000458,0.000000,0.000000,0.110834,0.051583,0.289833,641,8107151,131854,0,2,0,2,0,0,0,0,0,0,7208,0,4680,2528,0
52402,18.709709,18.507589,18.150503,0.000000,0.000832,0.000000,0.000000,0.094083,0.015917,0.597041,633,8107211,134835,0,2,0,2,0,0,0,0,0,0,5406,0,3510,1896,0
52403,16.613750,16.555959,16.542780,0.000000,0.000500,0.000000,0.000000,0.086750,0.015958,0.946333,630,8107287,133581,0,2,0,2,0,0,0,0,0,0,5406,0,3510,1896,0
52404,17.958375,17.822432,17.736737,0.000000,0.000500,0.000000,0.000000,0.102333,0.017333,0.841666,639,8107168,131067,0,2,0,2,0,0,0,0,0,0,7208,0,4680,2528,0
52405,17.481541,17.338752,17.340613,0.000000,0.000458,0.000000,0.000000,0.090375,0.018292,0.753792,633,8122522,134692,0,2,0,2,0,0,0,0,0,0,5406,0,3510,1896,0
52406,16.903709,16.741355,16.733117,0.000000,0.000417,0.000000,0.000000,0.070958,0.012667,1.299792,630,8091847,133015,0,2,0,2,0,0,0,0,0,0,5406,0,3510,1896,0
52407,17.185541,17.080295,17.080606,0.000000,0.000583,0.000000,0.000000,0.108709,0.035666,0.618125,639,8107008,131215,0,2,0,2,0,0,0,0,0,0,7208,0,4680,2528,0
52408,17.936417,17.787111,17.764103,0.000000,0.000500,0.000000,0.000000,0.094625,0.026625,1.260333,634,8107280,134517,0,2,0,2,0,0,0,0,0,0,5406,0,3510,1896,0
52409,17.017000,16.774841,16.786669,0.000000,0.000334,0.000000,0.000000,0.072375,0.014625,0.609375,629,8091856,131795,0,2,0,2,0,0,0,0,0,0,5406,0,3510,1896,0
52410,16.797125,16.800604,16.817994,0.000000,0.000417,0.000000,0.000000,0.118167,0.038083,0.957333,641,8137871,131139,0,2,0,2,0,0,0,0,0,0,7208,0,4680,2528,0
52411,17.086042,16.868906,16.862120,0.000000,0.000459,0.000000,0.000000,0.091750,0.015541,0.919917,631,8076360,134609,0,2,0,2,0,0,0,0,0,0,5406,0,3510,1896,0
52412,15.743833,15.622750,15.612554,0.000000,0.000416,0.000000,0.000000,0.102792,0.021000,0.350917,656,8107281,131949,0,2,0,2,0,0,0,0,0,0,5406,0,3510,1896,0
52413,16.260333,16.166833,16.180336,0.000000,0.000333,0.000000,0.000000,0.080667,0.022292,1.296542,640,8123809,131111,0,2,0,2,0,0,0,0,0,0,7208,0,4680,2528,0
52414,17.174334,17.057633,17.068576,0.000000,0.000458,0.000000,0.000000,0.094333,0.021875,0.626250,631,8105954,133639,0,2,0,2,0,0,0,0,0,0,5406,0,3510,1896,0
52415,16.618583,16.398216,16.402048,0.000000,0.000375,0.000000,0.000000,0.083708,0.024209,0.973375,631,8091866,131499,0,2,0,2,0,0,0,0,0,0,5406,0,3510,1896,0
52416,16.012667,15.937827,15.926353,0.000000,0.000293,0.000000,0.000000,0.068500,0.026583,0.658833,640,8122471,131254,0,2,0,2,0,0,0,0,0,0,7208,0,4680,2528,0
52417,16.772958,16.640974,16.654084,0.000000,0.000376,0.000000,0.000000,0.084000,0.013875,0.962459,633,8107278,133480,0,2,0,2,0,0,0,0,0,0,5406,0,3510,1896,0
52418,16.795083,16.681906,16.683380,0.000000,0.000291,0.000000,0.000000,0.081375,0.028375,0.612417,632,8107228,132367,0,2,0,2,0,0,0,0,0,0,5406,0,3510,1896,0
52419,17.038167,16.875266,16.899159,0.000000,0.000333,0.000000,0.000000,0.078708,0.015792,0.669791,639,8091640,131911,0,2,0,2,0,0,0,0,0,0,7208,0,4680,2528,0
52420,16.510500,16.365424,16.381166,0.000000,0.000500,0.000000,0.000000,0.083083,0.015792,1.295917,631,8107298,132125,0,2,0,2,0,0,0,0,0,0,5406,0,3510,1896,0
52421,17.067333,17.067328,17.078037,0.000000,0.000584,0.000000,0.000000,0.173125,0.026750,0.291042,642,8153396,130903,0,2,0,2,0,0,0,0,0,0,7208,0,4680,2528,0
52422,17.709834,17.488659,17.473249,0.000000,0.000335,0.000000,0.000000,0.094750,0.025750,0.582084,627,8076454,133400,0,2,0,2,0,0,0,0,0,0,5406,0,3510,1896,0
52423,17.502375,17.325218,17.334977,0.000000,0.000291,0.000000,0.000000,0.081458,0.017250,0.610250,631,8091697,131777,0,2,0,2,0,0,0,0,0,0,5406,0,3510,1896,0
52424,17.100625,16.997582,16.979278,0.000000,0.000501,0.000000,0.000000,0.081666,0.033459,0.902167,642,8137916,130997,0,2,0,2,0,0,0,0,0,0,7208,0,4680,2528,0
52425,16.486708,16.272167,16.293034,0.000000,0.000209,0.000000,0.000000,0.069875,0.027875,1.221083,631,8076457,132610,0,2,0,2,0,0,0,0,0,0,5406,0,3510,1896,0
52426,15.939125,15.797378,15.818118,0.000000,0.000209,0.000000,0.000000,0.061250,0.021167,0.607250,631,8107243,132169,0,2,0,2,0,0,0,0,0,0,5406,0,3510,1896,0
52427,16.046250,15.959421,15.978916,0.000000,0.000209,0.000000,0.000000,0.065167,0.025458,1.231750,644,8122345,130368,0,2,0,2,0,0,0,0,0,0,7665,0,4680,2985,0
52428,20.291125,20.148286,20.168964,0.000000,0.000292,0.000000,0.000000,0.083333,0.045250,1.135583,632,8107182,193094,0,2,0,2,0,0,0,0,0,0,5406,0,3510,1896,0
52429,17.631208,17.515494,17.425033,0.000000,0.000375,0.000000,0.000000,0.077750,0.019375,0.446709,631,8107311,145547,0,2,0,2,0,0,0,0,0,0,5406,0,3510,1896,0
52430,16.235959,16.117635,16.133256,0.000000,0.000168,0.000000,0.000000,0.055875,0.039833,1.063459,640,8122453,145678,0,2,0,2,0,0,0,0,0,0,7208,0,4680,2528,0
52431,17.840625,17.633274,17.572127,0.000000,0.000375,0.000000,0.000000,0.070500,0.014875,0.298042,629,8076377,146401,0,2,0,2,0,0,0,0,0,0,5406,0,3510,1896,0
52432,16.086208,16.018069,16.027430,0.000000,0.000375,0.000000,0.000000,0.071042,0.041500,0.904833,631,8122685,146441,0,2,0,2,0,0,0,0,0,0,5406,0,3510,1896,0
52433,16.430792,16.298262,16.309462,0.000000,0.000416,0.000000,0.000000,0.066125,0.015458,0.291750,639,8107051,144815,0,2,0,2,0,0,0,0,0,0,7208,0,4680,2528,0
52434,16.928375,16.744139,16.745662,0.000000,0.000292,0.000000,0.000000,0.057000,0.011708,0.837957,632,8091863,147379,0,2,0,2,0,0,0,0,0,0,5406,0,3510,1896,0
52435,15.917875,15.819866,15.823287,0.000000,0.000167,0.000000,0.000000,0.064583,0.040333,1.237000,632,8122748,146160,0,2,0,2,0,0,0,0,0,0,5406,0,3510,1896,0
52436,16.500166,16.432735,16.450232,0.000000,0.000459,0.000000,0.000000,0.098959,0.018458,0.619042,642,8122417,145646,0,2,0,2,0,0,0,0,0,0,7208,0,4680,2528,0
52437,15.955834,15.810712,15.812811,0.000000,0.000208,0.000000,0.000000,0.058291,0.035375,1.279959,631,8091798,146455,0,2,0,2,0,0,0,0,0,0,5406,0,3510,1896,0
52438,15.686000,15.555203,15.575458,0.000000,0.000167,0.000000,0.000000,0.055833,0.040792,0.619542,630,8107265,146425,0,2,0,2,0,0,0,0,0,0,5406,0,3510,1896,0
52439,15.941666,15.774520,15.790313,0.000000,0.000293,0.000000,0.000000,0.081000,0.014167,1.236584,639,8107044,144765,0,2,0,2,0,0,0,0,0,0,7208,0,4680,2528,0
52440,15.788459,15.694425,15.697714,0.000000,0.000208,0.000000,0.000000,0.065875,0.034875,0.624292,631,8107230,146843,0,2,0,2,0,0,0,0,0,0,5406,0,3510,1896,0
52441,15.591750,15.484034,15.500047,0.000000,0.000125,0.000000,0.000000,0.051333,0.035750,0.638291,632,8107296,145056,0,2,0,2,0,0,0,0,0,0,5406,0,3510,1896,0
52442,16.266666,16.197995,16.217169,0.000000,0.000417,0.000000,0.000000,0.102042,0.026042,0.863416,644,8137926,145437,0,2,0,2,0,0,0,0,0,0,7208,0,4680,2528,0
52443,16.455959,16.271552,16.291851,0.000000,0.000417,0.000000,0.000000,0.066916,0.013250,0.925292,630,8076373,146035,0,2,0,2,0,0,0,0,0,0,5406,0,3510,1896,0
52444,16.696791,16.566295,16.568339,0.000000,0.000209,0.000000,0.000000,0.060542,0.028125,0.621375,634,8107347,146060,0,2,0,2,0,0,0,0,0,0,5406,0,3510,1896,0
52445,17.630209,17.478735,17.501373,0.000000,0.000708,0.000000,0.000000,0.060041,0.020584,1.925209,639,8106951,144096,0,2,0,2,0,0,0,0,0,0,7208,0,4680,2528,0
52446,17.253416,17.092614,17.115114,0.000000,0.000166,0.000000,0.000000,0.064084,0.025750,0.625042,633,8091795,146989,0,2,0,2,0,0,0,0,0,0,5406,0,3510,1896,0
52447,17.325875,17.175972,17.197846,0.000000,0.000291,0.000000,0.000000,0.061167,0.021833,0.897916,632,8107273,145448,0,2,0,2,0,0,0,0,0,0,5406,0,3510,1896,0
52448,17.190167,17.092041,17.114723,0.000000,0.000168,0.000000,0.000000,0.060875,0.020833,1.248624,641,8122451,144922,0,2,0,2,0,0,0,0,0,0,7208,0,4680,2528,0
52449,19.168458,18.994967,19.013577,0.000000,0.000167,0.000000,0.000000,0.066459,0.021166,0.609000,631,8091800,154948,0,2,0,2,0,0,0,0,0,0,5406,0,3510,1896,0
52450,18.286084,18.195731,18.213564,0.000000,0.000250,0.000000,0.000000,0.060666,0.021042,0.603168,632,8122758,154800,0,2,0,2,0,0,0,0,0,0,5406,0,3510,1896,0
52451,18.927250,18.773875,18.797838,0.000000,0.000501,0.000000,0.000000,0.060166,0.036000,1.233125,639,8107004,154080,0,2,0,2,0,0,0,0,0,0,7208,0,4680,2528,0
52452,18.730416,18.569120,18.582337,0.000000,0.000207,0.000000,0.000000,0.059042,0.020125,0.935500,628,8091750,154952,0,2,0,2,0,0,0,0,0,0,5406,0,3510,1896,0
52453,19.289542,19.162842,19.164578,0.000000,0.000459,0.000000,0.000000,0.081292,0.022333,0.460042,633,8107306,153619,0,2,0,2,0,0,0,0,0,0,5406,0,3510,1896,0
52454,25.277583,25.176642,24.658371,0.000000,0.000708,0.000000,0.000000,0.142625,0.022167,0.912501,641,8153385,154564,0,2,0,2,0,0,0,0,0,0,7208,0,4680,2528,0
52455,23.118084,22.853905,22.378625,0.000000,0.000666,0.000000,0.000000,0.102541,0.017625,0.610042,630,8060839,154162,0,2,0,2,0,0,0,0,0,0,5406,0,3510,1896,0
52456,22.169458,22.081137,21.457414,0.000000,0.000749,0.000000,0.000000,0.116292,0.026416,1.034041,633,8122734,154005,0,2,0,2,0,0,0,0,0,0,5406,0,3510,1896,0
52457,20.790042,20.623291,20.437008,0.000000,0.000459,0.000000,0.000000,0.103000,0.027250,0.615416,639,8106982,152932,0,2,0,2,0,0,0,0,0,0,7208,0,4680,2528,0
52458,19.376750,19.205402,19.180248,0.000000,0.000417,0.000000,0.000000,0.080750,0.015500,1.436542,631,8091918,155119,0,2,0,2,0,0,0,0,0,0,5406,0,3510,1896,0
52459,19.339250,19.248828,19.262790,0.000000,0.000460,0.000000,0.000000,0.082958,0.030917,1.279250,634,8122596,154184,0,2,0,2,0,0,0,0,0,0,5406,0,3510,1896,0
52460,19.456708,19.291703,19.290545,0.000000,0.000333,0.000000,0.000000,0.071500,0.020375,0.639125,640,8107002,153215,0,2,0,2,0,0,0,0,0,0,7208,0,4680,2528,0
52461,20.157792,20.058475,19.978477,0.000000,0.000333,0.000000,0.000000,0.089083,0.016042,1.270416,631,8102613,154827,0,2,0,2,0,0,0,0,0,0,5406,0,3510,1896,0
52462,19.097000,18.967442,18.969243,0.000000,0.000375,0.000000,0.000000,0.086458,0.027875,0.963750,633,8111927,154714,0,2,0,2,0,0,0,0,0,0,5406,0,3510,1896,0
52463,19.343000,19.142918,19.161598,0.000000,0.000292,0.000000,0.000000,0.073916,0.025792,1.249293,662,8106683,153802,0,2,0,2,0,0,0,0,0,0,9249,0,4680,4569,0
52464,18.826416,18.666423,18.663691,0.000000,0.000458,0.000000,0.000000,0.090292,0.016500,0.970417,631,8091775,155240,0,2,0,2,0,0,0,0,0,0,5406,0,3510,1896,0
52465,18.539292,18.412698,18.422393,0.000000,0.000458,0.000000,0.000000,0.075667,0.015541,0.630250,658,8122639,156076,0,2,0,2,0,0,0,0,0,0,5721,0,3510,2211,0
52466,20.626708,20.463261,20.464964,0.000000,0.000417,0.000000,0.000000,0.077459,0.025833,0.987208,640,8079812,161995,0,2,0,2,0,0,0,0,0,0,7379,0,4680,2699,0
52467,18.815667,18.700173,18.697046,0.000000,0.000292,0.000000,0.000000,0.075458,0.020042,0.899584,630,8118931,158515,0,2,0,2,0,0,0,0,0,0,5406,0,3510,1896,0
52468,19.127833,19.059565,19.016080,0.000000,0.000375,0.000000,0.000000,0.093792,0.016750,0.593124,634,8122723,153973,0,2,0,2,0,0,0,0,0,0,5406,0,3510,1896,0
52469,19.641209,19.432720,19.442470,0.000000,0.000292,0.000000,0.000000,0.067500,0.022541,0.916167,642,8107124,154380,0,2,0,2,0,0,0,0,0,0,7353,0,4680,2673,0
52470,19.735875,19.571131,19.551031,0.000000,0.000458,0.000000,0.000000,0.072750,0.014375,1.244667,629,8091628,157567,0,2,0,2,0,0,0,0,0,0,5406,0,3510,1896,0
52471,19.153291,19.284861,19.237205,0.000000,0.002999,0.000000,0.000000,0.092250,0.246417,0.824875,645,8169060,155169,0,2,0,2,0,0,0,0,0,0,7499,0,4656,2843,0
52472,20.767667,20.404434,20.415383,0.000000,0.000499,0.000000,0.000000,0.076000,0.022750,0.618000,632,8090002,161026,0,2,0,2,0,0,0,0,0,0,5601,0,3534,2067,0
52473,20.126958,20.014088,20.001416,0.000000,0.000501,0.000000,0.000000,0.090834,0.023000,0.900542,629,8077793,157599,0,2,0,2,0,0,0,0,0,0,5406,0,3510,1896,0
52474,19.822209,19.665715,19.688734,0.000000,0.000375,0.000000,0.000000,0.093208,0.021417,0.900625,639,8122528,151483,0,2,0,2,0,0,0,0,0,0,7208,0,4680,2528,0
52475,19.153208,18.958973,18.949859,0.000000,0.000458,0.000000,0.000000,0.077958,0.016750,0.966625,631,8076331,153514,0,2,0,2,0,0,0,0,0,0,5406,0,3510,1896,0
52476,19.547542,19.421132,19.436612,0.000000,0.000542,0.000000,0.000000,0.074375,0.037708,1.270126,631,8107215,157456,0,2,0,2,0,0,0,0,0,0,5406,0,3510,1896,0
52477,19.613541,19.439815,19.425875,0.000000,0.000375,0.000000,0.000000,0.111084,0.026375,1.251375,641,8107084,149634,0,2,0,2,0,0,0,0,0,0,7208,0,4680,2528,0
52478,21.058250,20.985046,20.881835,0.000000,0.000375,0.000000,0.000000,0.100625,0.036750,0.606458,631,8107238,156328,0,2,0,2,0,0,0,0,0,0,5406,0,3510,1896,0
52479,19.330667,19.117200,19.132792,0.000000,0.000417,0.000000,0.000000,0.107208,0.039459,0.609792,632,8107261,152812,0,2,0,2,0,0,0,0,0,0,5406,0,3510,1896,0
52480,19.693000,19.552352,19.467130,0.000000,0.002416,0.000000,0.000000,0.083708,0.026000,0.588499,640,8122470,149761,0,2,0,2,0,0,0,0,0,0,7208,0,4680,2528,0
52481,19.237542,19.016462,19.005121,0.000000,0.000376,0.000000,0.000000,0.081875,0.015250,0.921292,630,8076379,153551,0,2,0,2,0,0,0,0,0,0,5406,0,3510,1896,0
52482,19.500208,19.348048,19.180121,0.000000,0.000583,0.000000,0.000000,0.091375,0.024750,0.935791,631,8107259,152399,0,2,0,2,0,0,0,0,0,0,5406,0,3510,1896,0
52483,18.820375,18.823589,18.796668,0.000000,0.000374,0.000000,0.000000,0.092875,0.017125,0.932249,644,8138117,151746,0,2,0,2,0,0,0,0,0,0,7208,0,4680,2528,0
52484,19.240208,19.042174,19.041129,0.000000,0.000416,0.000000,0.000000,0.077084,0.016416,0.608458,631,8091639,154444,0,2,0,2,0,0,0,0,0,0,5406,0,3510,1896,0
52485,17.733834,17.645363,17.661665,0.000000,0.000250,0.000000,0.000000,0.092833,0.022958,0.942792,632,8107239,151109,0,2,0,2,0,0,0,0,0,0,5406,0,3510,1896,0
52486,18.637958,18.519948,18.515825,0.000000,0.000459,0.000000,0.000000,0.086125,0.026083,1.294208,643,8139888,152123,0,2,0,2,0,0,0,0,0,0,7208,0,4680,2528,0
52487,18.100292,17.955260,17.928475,0.000000,0.000417,0.000000,0.000000,0.078375,0.015916,0.932042,633,8136420,155543,0,2,0,2,0,0,0,0,0,0,5505,0,3510,1995,0
52488,20.356125,20.211343,20.213842,0.000000,0.000376,0.000000,0.000000,0.078541,0.016000,0.607667,629,8060786,162573,0,2,0,2,0,0,0,0,0,0,5406,0,3510,1896,0
52489,19.402291,19.287217,19.297271,0.000000,0.000541,0.000000,0.000000,0.086834,0.039000,0.745666,641,8106934,157265,0,2,0,2,0,0,0,0,0,0,7208,0,4680,2528,0
52490,19.052834,18.909376,18.916369,0.000000,0.000375,0.000000,0.000000,0.088166,0.016834,0.915874,633,8107215,157478,0,2,0,2,0,0,0,0,0,0,5406,0,3510,1896,0
52491,19.869125,19.694594,19.703543,0.000000,0.000416,0.000000,0.000000,0.076000,0.016291,1.280084,633,8122790,155535,0,2,0,2,0,0,0,0,0,0,5406,0,3510,1896,0
52492,18.578625,18.529582,18.506748,0.000000,0.000333,0.000000,0.000000,0.124666,0.018959,0.904375,640,8091479,153568,0,2,0,2,0,0,0,0,0,0,7208,0,4680,2528,0
52493,19.477041,19.279820,19.275749,0.000000,0.000332,0.000000,0.000000,0.066250,0.030792,0.606125,639,8169037,158324,0,2,0,2,0,0,0,0,0,0,5535,0,3510,2025,0
52494,18.078667,17.990373,17.978248,0.000000,0.000416,0.000000,0.000000,0.076917,0.056958,1.248084,629,8029928,155266,0,2,0,2,0,0,0,0,0,0,5506,0,3510,1996,0
52495,18.084292,17.933779,17.914867,0.000000,0.000501,0.000000,0.000000,0.081250,0.080166,1.099042,643,8168797,155274,0,2,0,2,0,0,0,0,0,0,7208,0,4680,2528,0
52496,19.793333,19.630500,19.624625,0.000000,0.000457,0.000000,0.000000,0.082375,0.021250,0.913459,634,8091741,159496,0,2,0,2,0,0,0,0,0,0,5549,0,3510,2039,0
52497,19.643917,19.501678,19.501086,0.000000,0.000375,0.000000,0.000000,0.092458,0.031333,1.268500,628,8076380,158137,0,2,0,2,0,0,0,0,0,0,5406,0,3510,1896,0
52498,18.784708,18.608290,18.626791,0.000000,0.000209,0.000000,0.000000,0.075750,0.014083,0.647167,642,8106972,150924,0,2,0,2,0,0,0,0,0,0,7208,0,4680,2528,0
52499,18.389417,18.281123,18.253784,0.000000,0.000207,0.000000,0.000000,0.080291,0.014875,0.900584,631,8107251,153112,0,2,0,2,0,0,0,0,0,0,5406,0,3510,1896,0
52500,18.384750,18.228408,18.249791,0.000000,0.000374,0.000000,0.000000,0.077125,0.016333,1.288292,632,8107299,150607,0,2,0,2,0,0,0,0,0,0,5406,0,3510,1896,0
52501,19.496958,19.350800,19.337670,0.000000,0.000375,0.000000,0.000000,0.083167,0.024791,1.258374,640,8107015,149922,0,2,0,2,0,0,0,0,0,0,7208,0,4680,2528,0
52502,19.844542,19.658389,19.680508,0.000000,0.000291,0.000000,0.000000,0.077291,0.022084,1.261209,634,8122804,153605,0,2,0,2,0,0,0,0,0,0,5406,0,3510,1896,0
52503,19.421416,19.289374,19.290080,0.000000,0.000584,0.000000,0.000000,0.080250,0.017250,1.299792,631,8091929,155219,0,2,0,2,0,0,0,0,0,0,5406,0,3510,1896,0
52504,18.168209,18.090612,18.047709,0.000000,0.000417,0.000000,0.000000,0.071208,0.016875,0.979875,641,8106882,146294,0,2,0,2,0,0,0,0,0,0,7208,0,4680,2528,0
52505,18.712541,18.570884,18.468332,0.000000,0.000875,0.000000,0.000000,0.089667,0.021208,1.002042,633,8122589,150105,0,2,0,2,0,0,0,0,0,0,5406,0,3510,1896,0
52506,17.886709,17.788046,17.781527,0.000000,0.000376,0.000000,0.000000,0.136125,0.016875,0.628583,630,8107354,150255,0,2,0,2,0,0,0,0,0,0,5406,0,3510,1896,0
52507,18.142166,17.952635,17.914241,0.000000,0.000333,0.000000,0.000000,0.092750,0.028084,0.938209,641,8091448,147603,0,2,0,2,0,0,0,0,0,0,7208,0,4680,2528,0
52508,18.804042,18.676823,18.668230,0.000000,0.000374,0.000000,0.000000,0.075792,0.016916,1.162250,632,8107251,150077,0,2,0,2,0,0,0,0,0,0,5406,0,3510,1896,0
52509,18.285167,18.161794,18.162714,0.000000,0.000375,0.000000,0.000000,0.064500,0.014000,1.247333,633,8107274,150106,0,2,0,2,0,0,0,0,0,0,5406,0,3510,1896,0
52510,18.709875,18.577256,18.575433,0.000000,0.000583,0.000000,0.000000,0.099625,0.031208,0.611750,642,8106998,150213,0,2,0,2,0,0,0,0,0,0,7208,0,4680,2528,0
52511,18.461333,18.270411,18.270439,0.000000,0.000458,0.000000,0.000000,0.080708,0.026459,0.898834,632,8107377,151601,0,2,0,2,0,0,0,0,0,0,5406,0,3510,1896,0
52512,18.214500,18.150421,18.134829,0.000000,0.000416,0.000000,0.000000,0.085667,0.015750,1.286417,632,8122652,149576,0,2,0,2,0,0,0,0,0,0,5406,0,3510,1896,0
52513,17.925833,17.802704,17.773661,0.000000,0.000417,0.000000,0.000000,0.080250,0.032792,0.290667,647,8137943,147292,0,2,0,2,0,0,0,0,0,0,7430,0,4680,2750,0
52514,18.599625,18.495720,18.455083,0.000000,0.000416,0.000000,0.000000,0.078584,0.043500,1.252708,629,8076184,162004,0,2,0,2,0,0,0,0,0,0,5503,0,3510,1993,0
52515,17.782875,17.612835,17.613285,0.000000,0.000335,0.000000,0.000000,0.070542,0.044125,0.601499,632,8091752,152637,0,2,0,2,0,0,0,0,0,0,5507,0,3510,1997,0
52516,18.575459,18.421848,18.408708,0.000000,0.000418,0.000000,0.000000,0.092333,0.018542,1.248333,641,8107037,155686,0,2,0,2,0,0,0,0,0,0,7208,0,4680,2528,0
52517,19.712250,19.585451,19.579696,0.000000,0.000458,0.000000,0.000000,0.075333,0.014958,0.612583,631,8107394,154584,0,2,0,2,0,0,0,0,0,0,5406,0,3510,1896,0
52518,20.265291,20.066965,20.092668,0.000000,0.000374,0.000000,0.000000,0.078125,0.013834,1.264958,652,8091653,156948,0,2,0,2,0,0,0,0,0,0,5406,0,3510,1896,0
52519,19.880417,19.824589,19.838618,0.000000,0.000458,0.000000,0.000000,0.116333,0.023292,0.917334,643,8137903,153683,0,2,0,2,0,0,0,0,0,0,7208,0,4680,2528,0
52520,19.415542,19.229368,19.148627,0.000000,0.000374,0.000000,0.000000,0.069875,0.024250,0.627166,637,8153532,154664,0,2,0,2,0,0,0,0,0,0,5612,0,3510,2102,0
52521,19.522333,19.375218,19.396918,0.000000,0.000501,0.000000,0.000000,0.064958,0.015334,0.955084,627,8029946,158289,0,2,0,2,0,0,0,0,0,0,5507,0,3510,1997,0
52522,20.368583,20.236871,20.223253,0.000000,0.000416,0.000000,0.000000,0.094417,0.018125,1.304751,641,8122498,158204,0,2,0,2,0,0,0,0,0,0,7208,0,4680,2528,0
52523,19.564084,19.413761,19.393886,0.000000,0.000375,0.000000,0.000000,0.074041,0.026875,0.950959,637,8153494,152684,0,2,0,2,0,0,0,0,0,0,5683,0,3510,2173,0
52524,19.549666,19.402490,19.394533,0.000000,0.000374,0.000000,0.000000,0.076209,0.055833,0.652417,630,8063344,158704,0,2,0,2,0,0,0,0,0,0,6512,0,4104,2408,0
52525,19.375584,19.237887,19.214403,0.000000,0.000458,0.000000,0.000000,0.080875,0.019125,1.174042,638,8104624,153205,0,2,0,2,0,0,0,0,0,0,6102,0,4086,2016,0
52526,19.869750,19.767045,19.300163,0.000000,0.000416,0.000000,0.000000,0.083333,0.030583,0.658833,633,8107234,152143,0,2,0,2,0,0,0,0,0,0,5406,0,3510,1896,0
52527,18.454750,18.307956,18.315922,0.000000,0.000333,0.000000,0.000000,0.072375,0.044500,1.322959,641,8122627,151503,0,2,0,2,0,0,0,0,0,0,7208,0,4680,2528,0
52528,18.277041,18.084418,18.063760,0.000000,0.000417,0.000000,0.000000,0.086042,0.019417,1.261667,631,8076196,152285,0,2,0,2,0,0,0,0,0,0,5406,0,3510,1896,0
52529,19.752500,19.633244,19.634470,0.000000,0.000459,0.000000,0.000000,0.082834,0.016625,0.639833,631,8122724,151668,0,2,0,2,0,0,0,0,0,0,5406,0,3510,1896,0
52530,18.271334,18.158706,18.169089,0.000000,0.000333,0.000000,0.000000,0.082791,0.030584,1.190125,641,8107128,150544,0,2,0,2,0,0,0,0,0,0,7208,0,4680,2528,0
52531,18.765708,18.636944,18.563129,0.000000,0.000457,0.000000,0.000000,0.089083,0.016500,0.919083,633,8107163,152819,0,2,0,2,0,0,0,0,0,0,5406,0,3510,1896,0
52532,18.987500,18.848913,18.865812,0.000000,0.000333,0.000000,0.000000,0.097292,0.023541,1.281999,636,8153518,151707,0,2,0,2,0,0,0,0,0,0,5548,0,3510,2038,0
52533,20.591292,20.489037,20.449488,0.000000,0.000376,0.000000,0.000000,0.106041,0.031292,0.931667,637,8060678,172720,0,2,0,2,0,0,0,0,0,0,7208,0,4680,2528,0
52534,19.527875,19.347740,19.326181,0.000000,0.000291,0.000000,0.000000,0.079500,0.020166,0.300125,631,8107262,153620,0,2,0,2,0,0,0,0,0,0,5406,0,3510,1896,0
52535,19.947083,19.877792,19.689319,0.000000,0.000584,0.000000,0.000000,0.102750,0.067000,0.789000,632,8122689,153669,0,2,0,2,0,0,0,0,0,0,5406,0,3510,1896,0
52536,19.226292,18.958746,18.933753,0.000000,0.000416,0.000000,0.000000,0.079333,0.031875,0.938417,639,8091694,151020,0,2,0,2,0,0,0,0,0,0,7208,0,4680,2528,0
52537,18.851625,18.751593,18.756622,0.000000,0.000418,0.000000,0.000000,0.073791,0.028000,0.976834,633,8107171,160049,0,2,0,2,0,0,0,0,0,0,5406,0,3510,1896,0
52538,17.927250,17.782663,17.792278,0.000000,0.000458,0.000000,0.000000,0.073583,0.021000,1.319459,631,8107302,157705,0,2,0,2,0,0,0,0,0,0,5406,0,3510,1896,0
52539,18.597083,18.420960,18.359140,0.000000,0.000374,0.000000,0.000000,0.074208,0.027167,0.610375,639,8091524,155369,0,2,0,2,0,0,0,0,0,0,7208,0,4680,2528,0
52540,18.932583,18.765291,18.723436,0.000000,0.000416,0.000000,0.000000,0.074000,0.031875,0.923291,633,8107507,158852,0,2,0,2,0,0,0,0,0,0,5406,0,3510,1896,0
52541,18.832667,18.742996,18.734706,0.000000,0.000374,0.000000,0.000000,0.080333,0.015959,0.966792,634,8107109,157980,0,2,0,2,0,0,0,0,0,0,5406,0,3510,1896,0
52542,18.437458,18.341590,18.343322,0.000000,0.000542,0.000000,0.000000,0.075042,0.015292,1.286874,640,8127635,154040,0,2,0,2,0,0,0,0,0,0,7208,0,4680,2528,0
52543,18.553875,18.366984,18.375210,0.000000,0.000290,0.000000,0.000000,0.071375,0.029042,0.657667,631,8086565,156616,0,2,0,2,0,0,0,0,0,0,5406,0,3510,1896,0
52544,18.263167,18.115845,18.089794,0.000000,0.000249,0.000000,0.000000,0.081500,0.039167,0.949208,631,8107375,154377,0,2,0,2,0,0,0,0,0,0,5406,0,3510,1896,0
52545,19.030125,18.953581,18.946024,0.000000,0.000334,0.000000,0.000000,0.099167,0.024291,1.016666,644,8137822,153687,0,2,0,2,0,0,0,0,0,0,7208,0,4680,2528,0
52546,19.467000,19.311608,19.270434,0.000000,0.000417,0.000000,0.000000,0.092542,0.020166,1.367166,630,8076279,156672,0,2,0,2,0,0,0,0,0,0,5406,0,3510,1896,0
52547,18.249875,18.141416,18.128923,0.000000,0.000333,0.000000,0.000000,0.096958,0.055292,0.642958,632,8107264,155500,0,2,0,2,0,0,0,0,0,0,5406,0,3510,1896,0
52548,18.201458,18.066540,18.072583,0.000000,0.000459,0.000000,0.000000,0.082542,0.014042,0.942416,643,8122447,153291,0,2,0,2,0,0,0,0,0,0,7208,0,4680,2528,0
52549,18.205875,18.055127,18.052377,0.000000,0.000376,0.000000,0.000000,0.080667,0.018000,1.285708,630,8091813,157439,0,2,0,2,0,0,0,0,0,0,5406,0,3510,1896,0
52550,18.088042,17.944922,17.957172,0.000000,0.000374,0.000000,0.000000,0.068208,0.015500,0.290292,632,8107257,155241,0,2,0,2,0,0,0,0,0,0,5406,0,3510,1896,0
52551,18.189250,18.078466,18.083585,0.000000,0.000624,0.000000,0.000000,0.097208,0.023417,1.145083,644,8137989,153503,0,2,0,2,0,0,0,0,0,0,7208,0,4680,2528,0
52552,18.868208,18.727050,18.700588,0.000000,0.000376,0.000000,0.000000,0.090584,0.015416,0.956416,630,8076291,156111,0,2,0,2,0,0,0,0,0,0,5406,0,3510,1896,0
52553,19.300750,19.152234,19.167918,0.000000,0.000416,0.000000,0.000000,0.081417,0.017583,1.287416,633,8126648,152390,0,2,0,2,0,0,0,0,0,0,5406,0,3510,1896,0
52554,18.763334,18.679043,18.695492,0.000000,0.000625,0.000000,0.000000,0.109250,0.039791,1.306209,643,8133978,152859,0,2,0,2,0,0,0,0,0,0,7208,0,4680,2528,0
52555,19.187833,18.975533,18.977248,0.000000,0.000709,0.000000,0.000000,0.080417,0.016125,0.317292,628,8060896,153677,0,2,0,2,0,0,0,0,0,0,5406,0,3510,1896,0
52556,17.473250,17.343086,17.323586,0.000000,0.000291,0.000000,0.000000,0.071333,0.037417,1.263625,633,8107246,153222,0,2,0,2,0,0,0,0,0,0,5406,0,3510,1896,0
52557,19.458042,19.342810,19.308254,0.000000,0.000292,0.000000,0.000000,0.096041,0.020959,1.292959,641,8138128,153259,0,2,0,2,0,0,0,0,0,0,7208,0,4680,2528,0
52558,19.106125,18.949902,18.726444,0.000000,0.000416,0.000000,0.000000,0.071666,0.029834,0.940541,633,8107121,157164,0,2,0,2,0,0,0,0,0,0,5505,0,3510,1995,0
52559,19.605000,19.423929,19.406502,0.000000,0.000460,0.000000,0.000000,0.057125,0.013916,0.455000,631,8107102,162608,0,2,0,2,0,0,0,0,0,0,5606,0,3510,2096,0
52560,20.601666,20.513101,20.488786,0.000000,0.000291,0.000000,0.000000,0.085500,0.017000,0.902875,642,8091525,165827,0,2,0,2,0,0,0,0,0,0,7208,0,4680,2528,0
52561,19.770792,19.587745,19.578043,0.000000,0.000250,0.000000,0.000000,0.082083,0.017209,0.943333,631,8091878,158581,0,2,0,2,0,0,0,0,0,0,5406,0,3510,1896,0
52562,19.226000,19.103379,19.107713,0.000000,0.000333,0.000000,0.000000,0.078833,0.027334,0.937917,633,8122649,158217,0,2,0,2,0,0,0,0,0,0,5406,0,3510,1896,0
52563,18.970292,18.847621,18.831298,0.000000,0.000332,0.000000,0.000000,0.085291,0.027959,0.909833,645,8122355,156962,0,2,0,2,0,0,0,0,0,0,7379,0,4680,2699,0
52564,18.965291,18.696193,18.687838,0.000000,0.000333,0.000000,0.000000,0.082042,0.017458,1.226041,630,8060977,161304,0,2,0,2,0,0,0,0,0,0,5535,0,3510,2025,0
52565,18.776375,18.909560,18.925882,0.000000,0.000291,0.000000,0.000000,0.079084,0.245625,0.339791,634,8138092,157841,0,2,0,2,0,0,0,0,0,0,5406,0,3510,1896,0
52566,20.982084,20.711535,20.724579,0.000000,0.000376,0.000000,0.000000,0.083500,0.035833,0.959499,643,8122500,169524,0,2,0,2,0,0,0,0,0,0,7208,0,4680,2528,0
52567,18.406791,18.242088,18.257790,0.000000,0.000250,0.000000,0.000000,0.078000,0.017209,0.900999,634,8091613,158861,0,2,0,2,0,0,0,0,0,0,5556,0,3510,2046,0
52568,20.675417,20.510586,20.521685,0.000000,0.000292,0.000000,0.000000,0.072708,0.014042,1.299958,631,8107264,166097,0,2,0,2,0,0,0,0,0,0,5406,0,3510,1896,0
52569,19.240958,19.135342,19.124090,0.000000,0.000249,0.000000,0.000000,0.074042,0.019458,1.276792,651,8153346,158874,0,2,0,2,0,0,0,0,0,0,7838,0,4680,3158,0
52570,20.847167,20.746696,20.741489,0.000000,0.000292,0.000000,0.000000,0.082708,0.066459,1.307375,647,8091430,169392,0,2,0,2,0,0,0,0,0,0,6934,0,3510,3424,0
52571,19.115417,18.930755,18.886430,0.000000,0.000291,0.000000,0.000000,0.079250,0.015875,0.290791,651,8122672,159497,0,2,0,2,0,0,0,0,0,0,5406,0,3510,1896,0
52572,20.882166,20.725202,20.705941,0.000000,0.000417,0.000000,0.000000,0.074167,0.032458,1.313792,638,8060708,168029,0,2,0,2,0,0,0,0,0,0,7208,0,4680,2528,0
52573,20.081667,19.978407,19.992120,0.000000,0.000418,0.000000,0.000000,0.093958,0.024625,0.707626,632,8122699,161116,0,2,0,2,0,0,0,0,0,0,5406,0,3510,1896,0
52574,19.181458,19.016458,19.032774,0.000000,0.000417,0.000000,0.000000,0.075125,0.023084,0.961833,630,8107329,158247,0,2,0,2,0,0,0,0,0,0,5406,0,3510,1896,0
52575,19.585625,19.430154,19.425161,0.000000,0.000376,0.000000,0.000000,0.068709,0.014750,1.023583,644,8137802,158516,0,2,0,2,0,0,0,0,0,0,7444,0,4680,2764,0
52576,19.823334,19.655252,19.675084,0.000000,0.000335,0.000000,0.000000,0.069416,0.017917,1.291875,628,8061152,161146,0,2,0,2,0,0,0,0,0,0,5406,0,3510,1896,0
52577,19.700166,19.631104,19.628082,0.000000,0.000417,0.000000,0.000000,0.106334,0.022041,1.255375,634,8122519,154570,0,2,0,2,0,0,0,0,0,0,6944,0,4536,2408,0
52578,20.025209,19.850626,19.846196,0.000000,0.000333,0.000000,0.000000,0.090958,0.028375,0.900959,636,8107210,155724,0,2,0,2,0,0,0,0,0,0,5670,0,3654,2016,0
52579,19.347458,19.221208,19.214240,0.000000,0.000416,0.000000,0.000000,0.083375,0.025292,0.611625,631,8091596,155481,0,2,0,2,0,0,0,0,0,0,5406,0,3510,1896,0
52580,18.206375,18.086009,18.062048,0.000000,0.000208,0.000000,0.000000,0.078583,0.020625,0.789334,637,8107265,153509,0,2,0,2,0,0,0,0,0,0,7184,0,4656,2528,0
52581,20.373667,20.150032,20.144547,0.000000,0.000459,0.000000,0.000000,0.072916,0.022709,1.247000,634,8107047,155673,0,2,0,2,0,0,0,0,0,0,5430,0,3534,1896,0
52582,19.043625,18.964417,18.949454,0.000000,0.000291,0.000000,0.000000,0.086791,0.022542,1.271292,634,8122714,155476,0,2,0,2,0,0,0,0,0,0,5406,0,3510,1896,0
