6.22725000
0.21095800
4.85020800
9.04008400
8.22866600
8.37925000
8.32462500
8.36112500
8.31595900
8.34987500
8.34641600
8.35154200
8.34604200
7.71591600
8.34045900
9.03691600
8.24529200
7.74679200
9.02879100
8.25325000
8.35104200
8.35404200
8.32400000
8.36204100
7.71495900
9.03570800
8.23937500
7.75129200
8.34162500
8.54104100
8.70008400
8.03737500
8.56929100
7.86062500
8.94204200
9.50995800
26.77137500
12.42450000
12.42837500
13.24341700
16.68362500
16.68341700
16.71670800
16.65054200
16.68287500
16.68304100
16.68337500
16.68379200
16.68600000
16.68133300
16.68945900
16.67566600
16.68312500
16.68341700
16.68333300
16.68345900
16.68933300
16.67712500
16.68333300
16.68341700
16.68320800
16.72083400
16.64716600
16.68400000
16.69066700
16.67404200
16.68341600
16.68454200
16.68208300
16.68333400
16.68704100
16.68062500
16.68225000
16.68341700
16.68345800
16.69337500
16.67329200
16.68320800
16.68433400
16.68229100
16.68337500
16.68350000
16.68329200
16.68316700
16.68345800
16.68479200
16.68245800
16.68341700
16.68254100
16.68454200
16.68220800
16.68420900
16.68266600
16.68312500
16.68329200
16.68337500
16.68333300
16.68333400
16.68320800
16.68337500
16.68341700
16.68325000
16.68329100
16.68341700
16.68329200
16.68329100
16.68333400
16.68445800
16.68233300
16.68333400
16.68329100
16.68329200
16.68341700
16.68325000
16.68333300
16.68329200
16.68354100
16.68312500
16.68350000
16.68333400
16.68320800
16.71516700
16.65150000
16.68341600
16.68425000
16.68254200
16.68637500
16.68029200
16.68845800
16.67904200
16.68341600
16.68891700
16.67670800
16.68783400
16.67879100
16.68329200
16.69191700
16.67479100
16.69020900
16.68454100
16.67537500
16.68316700
16.68329200
16.68358300
16.68312500
16.68354200
16.68341600
17.01987500
17.95400000
15.07612500
16.68320900
16.68325000
16.68350000
16.68337500
16.68350000
16.68300000
16.68837500
16.68000000
16.68262500
16.68370800
16.68308300
16.68220900
16.68333300
16.68445800
16.68225000
16.69187500
16.67483400
16.68325000
16.68383300
16.68270800
16.68337500
16.68420900
16.68508300
16.71104200
16.65312500
16.68320800
16.68350000
17.35504200
17.46962500
16.30191600
16.34341700
16.39175000
16.37608300
16.54529200
16.68345800
16.68325000
16.81641700
16.90550000
16.66691700
16.56850000
16.79704100
16.60333400
16.72850000
16.64795800
16.74445800
16.65558400
16.74875000
16.94962500
16.71275000
16.10420800
17.22545800
19.27645900
15.86562500
14.34883300
16.69087500
16.68950000
16.66762500
16.69041700
16.67612500
16.68329100
16.69658400
16.67575000
16.67800000
16.70795800
16.67466700
16.66962500
16.68387500
16.68012500
16.68475000
16.68200000
16.68362500
16.68612500
16.69054100
16.67633400
16.68229100
16.68491700
16.68083300
16.69212500
16.67333400
16.68350000
16.68308300
16.69675000
16.67037500
16.68279200
16.68320800
16.68466700
16.68575000
16.68779100
16.67529200
16.68320800
16.68479200
16.68554200
16.68350000
16.67958300
16.68320800
16.68337500
16.68666700
16.68000000
16.69337500
16.68420800
16.67983400
16.67766600
16.68879200
16.67741700
16.68204100
16.68358400
16.68320800
16.68337500
16.68358300
16.68466700
16.68254200
16.68341600
16.68329200
16.69325000
16.67250000
16.68325000
16.68329200
16.68333300
16.68683300
16.68125000
16.68350000
16.68908400
16.68066600
16.68800000
16.67541700
16.69770800
16.66825000
16.68445900
16.68237500
16.68354100
16.68333400
16.69450000
50.27987500
58.77912500
32.26933300
33.84516700
11.27708300
11.00233300
10.57775000
10.64179200
10.45533300
10.42658400
10.42887500
10.36745800
10.40791700
10.44770800
19.55400000
4.88120800
4.02741700
20.17862500
3.59295800
20.09629200
5.25212500
21.29537500
12.07170800
20.81904200
13.16591700
20.54108300
12.20783300
20.54141700
12.82487500
20.16812500
13.36658300
22.46216700
11.28733300
19.71325000
13.10341700
20.44475000
12.94008300
20.50379200
12.84320800
19.90954200
14.05470800
19.33408400
14.01225000
22.85408300
9.94587500
21.39162500
12.48733300
20.69212500
12.15404200
20.54745800
13.12470900
20.79554100
12.84787500
21.00354200
11.77866700
21.13045800
12.33995800
20.82795900
13.03370800
20.74525000
12.61833300
21.04525000
12.07179200
21.00870800
12.66150000
21.01983400
12.28779100
21.39741700
11.98975000
20.62770800
12.75641700
20.60912500
12.13037500
20.94145800
13.03833400
20.79545800
11.95900000
20.87708300
13.08325000
20.92566700
11.84520800
20.95833400
13.02220800
20.90929200
12.44066600
20.74220900
12.61679100
20.43025000
12.96533400
20.91570800
12.42312500
20.39829200
12.96966600
21.46920900
11.94954100
21.66920900
11.06220800
22.55929200
10.79862500
21.55258300
11.83112500
20.50791700
12.84175000
20.93187500
13.03350000
20.53545800
12.24370800
21.01579200
12.93066700
19.87125000
12.90437500
19.83312500
14.15195800
20.27912500
13.08658300
20.66820900
12.67391600
21.43941700
11.80166700
22.59083300
10.65858300
21.66929200
11.34729200
21.80862500
12.17566600
21.80879200
10.94033300
21.88504200
11.48162500
21.90637500
11.88154200
21.98466600
11.58345900
22.04733300
11.28687500
22.70495800
10.67337500
22.86804200
10.51166700
22.67525000
10.34900000
22.75679100
10.33729200
22.60508300
11.38004200
22.93145800
10.40750000
22.62675000
10.73700000
22.32625000
11.07050000
20.48350000
12.26570900
20.15858300
13.82012500
19.68491700
13.40891600
19.05150000
14.56987500
21.07483400
11.70216600
21.39479200
12.59116700
21.17262500
12.16800000
23.23816600
10.10333400
22.84383300
10.56908300
22.52266700
10.83841700
21.90350000
10.85325000
21.94604100
12.04029200
21.99516700
11.37150000
21.88537500
11.44562500
22.06533300
11.32462500
21.90762500
11.46683300
22.29037500
11.05033400
22.01450000
11.36983300
22.07341700
11.30625000
21.18287500
11.65620800
20.85754200
13.01095800
20.62579200
12.76425000
20.69687500
12.64383300
20.76216700
12.19533300
20.82195800
12.35875000
20.88129200
13.07883300
20.63341700
12.13979200
20.78633300
13.20662500
20.81483300
12.52100000
20.66470900
12.70233300
20.65266700
12.74087500
20.42433300
12.91612500
20.60766700
12.76162500
20.65225000
12.73833300
21.21662500
12.14087500
21.67525000
11.67229200
21.61387500
11.16625000
21.33037500
12.67116600
21.67900000
11.64295900
21.25920800
11.55891700
21.49945800
12.44587500
21.69070800
21.04108400
6.68975000
16.68575000
21.36575000
20.89554100
7.79041700
20.71891700
12.64462500
21.47566600
11.95375000
20.88487500
12.41941700
20.46579200
13.10737500
21.38508300
12.33958300
21.38245900
11.42287500
21.11679100
12.24687500
21.66070900
11.72258300
21.25537500
12.09308300
21.16683400
12.20075000
21.41008300
12.04054200
21.21408300
12.66258300
21.16470900
11.72020800
21.12454200
12.71366600
21.33820900
11.44575000
21.66837500
11.69854100
21.41087500
11.95458400
25.05258300
8.37566700
22.53341600
11.16191700
20.08791700
12.93166600
19.94670900
13.67966600
20.04825000
13.02241700
19.86150000
14.09650000
19.57387500
13.79991700
20.14195800
13.22158300
19.89629200
13.47300000
19.59320800
13.16841700
19.57691700
13.79033300
19.94391700
13.43075000
20.37875000
13.03520800
19.96783300
13.34350000
20.09966700
13.26712500
20.09500000
13.27150000
19.75791700
13.61083300
20.05187500
13.92229200
20.11295800
12.64487500
20.12208300
13.82883400
19.80970800
13.58266700
20.46820800
12.86966700
20.12658300
12.69987500
19.75879200
13.56579100
20.86358400
12.51804100
19.99233400
13.36266600
19.76633400
13.71354100
20.00570900
13.85370800
19.92133300
13.42520900
19.49095800
13.89954200
19.57379100
13.79054200
19.48387500
13.85412500
19.40437500
13.38025000
19.68279200
13.68416600
19.70904200
14.23558300
19.56341700
13.30862500
19.43750000
14.43804200
19.61204100
13.42783400
19.67208300
13.42841700
19.61120800
14.36229200
19.96325000
13.37645800
19.70787500
13.07920800
19.68691700
14.28483300
20.08979200
12.67762500
19.96379200
14.00275000
20.12270800
13.26912500
20.12929200
12.60625000
20.48895800
13.45891700
19.86408300
13.53679200
20.09000000
12.66195800
19.97945800
13.96291700
19.96270800
12.82741700
20.14275000
13.85462500
19.77066700
13.54541600
20.02495900
12.76325000
20.00270800
13.99375000
19.80175000
13.51962500
19.47629200
13.90995800
19.98312500
12.77800000
19.80416700
13.56370800
20.57716700
12.78912500
21.26320800
12.71083300
23.64545900
9.12512500
27.00625000
6.34937500
24.90366600
8.46437500
21.53895900
12.38916600
21.00620900
11.79816600
20.54987500
12.82050000
20.55133400
13.39691600
19.79595900
12.98412500
20.61441600
12.78925000
20.11791700
13.79733300
22.04162500
11.32150000
20.91683400
12.48125000
20.92287500
11.83020800
20.68725000
12.67891700
20.49308300
13.48616700
20.53925000
12.79804100
20.03300000
13.33800000
19.80629200
12.97587500
18.55445800
14.80883400
17.97912500
15.38825000
18.07912500
15.79470800
18.30758300
15.10208400
18.82200000
14.55350000
18.18683300
15.16866700
18.50700000
14.87841600
18.92141700
13.87829200
20.41929100
12.95062500
21.82591700
12.09983300
21.83887500
11.54966700
20.90350000
12.44883300
20.99154200
11.84012500
20.99016700
12.86679100
21.69845900
11.60408300
20.88829200
12.31791600
20.66950000
12.91479200
16.64920800
16.71354200
16.56012500
16.84583300
16.73700000
16.10875000
16.65041700
16.98041700
16.40420800
16.71325000
16.63537500
17.25712500
16.36270800
16.66075000
16.45275000
17.14816700
16.64312500
16.72475000
16.39462500
16.51045800
16.74341700
16.62937500
16.67483300
17.25229200
16.35191700
17.00750000
16.41279100
16.98995900
16.82375000
16.06483300
16.57116700
17.11275000
16.50195800
16.88350000
16.57762500
16.77083300
16.51816700
16.96529200
16.43845800
16.37191700
16.69250000
17.25304100
16.66925000
16.52900000
16.49533400
16.88016600
16.42625000
16.52145900
16.69291600
17.08229200
16.55033300
16.89887500
16.24975000
16.87033400
17.09466600
16.44912500
16.89625000
16.04850000
16.68454200
17.23370800
22.08729200
11.25116700
21.09341600
11.75000000
20.80187500
13.15887500
21.53533400
11.23816600
21.21670900
12.14945800
21.18995800
12.80608400
21.21095800
11.74316700
20.93691600
12.78483400
20.99595800
11.79829200
21.59025000
12.38283300
21.21633300
12.03554200
21.53183300
11.34425000
21.80991700
12.11395800
21.66158400
11.72141600
21.97275000
11.40258400
21.88533300
11.45829200
22.07862500
11.29220800
21.95279200
10.85116600
21.24537500
12.72916700
21.04233300
11.71629200
21.26391700
12.68520800
21.15983300
12.19025000
21.56550000
11.23387500
21.59375000
11.77483400
21.56729100
12.40333400
21.77666600
11.56770900
21.63633300
11.72695800
21.49050000
11.29662500
21.90662500
11.46204200
21.48483300
12.42704200
21.91791700
11.46050000
23.01450000
10.21512500
21.70137500
11.80650000
21.56920800
11.83900000
21.84400000
10.93029200
21.82120800
11.53658300
21.95645900
12.00825000
21.78641600
11.58566700
21.83979200
10.91933300
21.68970800
11.67750000
21.67604200
12.29987500
21.99554200
11.34741600
21.58116700
11.75704200
21.15220800
12.26495800
21.61975000
11.14625000
21.48291700
11.88058300
21.59633400
11.76600000
21.14920800
12.80100000
21.61958300
11.74595900
21.47175000
11.90241600
21.28416700
12.08095800
20.44937500
12.91095900
20.58891600
12.80850000
20.40579200
12.34812500
20.31075000
13.05595800
20.51058400
13.46895800
20.68637500
12.06729200
20.43604100
13.51833400
20.37125000
13.02116600
20.58783400
12.77662500
20.37291600
12.58416700
19.95495800
13.80325000
20.39941700
12.98658300
20.29145900
13.05120800
20.42479200
12.96575000
20.42400000
12.94341600
20.19683400
12.59554100
20.71150000
12.61700000
21.19283400
12.25500000
20.77895800
13.07275000
20.71279200
12.65858300
24.77704200
8.46666600
21.21616700
11.70458300
20.80916700
13.10862500
20.81683300
12.55841700
21.67316700
11.67033300
21.13279200
12.23375000
21.28875000
11.53862500
21.16408300
12.77391700
21.54337500
11.25216600
20.88129200
13.05783300
21.70820900
11.63641600
21.05279200
12.36033300
20.88341700
11.97958300
20.71879200
13.16175000
21.08325000
12.25729200
20.86150000
12.52745800
21.74587500
11.17220800
20.71270900
12.49920800
21.10766700
12.87733300
20.53675000
12.83587500
20.22391700
13.10883300
20.73929200
12.64870800
20.12775000
13.24875000
20.65395800
12.68562500
19.93183400
13.43600000
20.38120800
12.38966700
19.98804100
13.37875000
21.07212500
12.31945900
20.17037500
13.77141600
20.83441700
12.52995800
20.75033400
12.60712500
20.39725000
13.02454100
20.71329200
12.60837500
20.48675000
12.87912500
20.70491700
12.68083300
20.66008300
12.68266700
20.69079200
12.08279100
20.78816700
13.19895800
20.72337500
12.02283400
21.18283300
12.79391700
20.82625000
12.50595800
20.97179200
12.44237500
21.03475000
12.28841600
20.93454200
12.47087500
21.12420800
11.62400000
20.59158400
12.78270800
20.71150000
13.26762500
20.39895800
12.35604200
20.11058300
13.83625000
20.25841700
12.96800000
20.31300000
12.63666700
20.51787500
13.40633300
20.49366700
12.34541600
20.47741700
13.47379200
20.51520800
12.47979200
20.25875000
12.83516600
20.40250000
13.60566700
21.11895800
12.16345900
24.23629100
8.60345900
24.29529100
9.55708400
21.24450000
12.07687500
20.65312500
12.80962500
20.68712500
12.54595800
20.71483300
12.21841700
20.33241700
13.37491600
20.57241700
12.45233300
20.53570900
13.44770800
20.67604200
12.66841600
20.54958400
12.84283300
20.87895800
12.03279200
20.73275000
13.05175000
20.57050000
12.21300000
20.69408300
12.67266700
20.46020800
12.93483400
20.69400000
12.64433300
20.48558300
12.88354200
20.77458300
13.20087500
20.33829200
13.00083300
20.42537500
12.35866700
21.24537500
12.12008300
20.46070900
13.49866600
20.36070900
13.02883300
20.64454200
12.10662500
21.20516600
12.77012500
20.38100000
12.37795900
21.37970800
12.59862500
20.54816700
12.20591600
21.02629200
12.35862500
20.82695800
12.52145900
20.66450000
13.30687500
20.35020800
13.03229200
20.85770800
12.50916700
20.83116600
12.50762500
21.09604200
12.22175000
20.77454200
12.04829100
20.86895900
12.49829100
21.32979200
12.65341700
18.51008300
14.23937500
17.31154200
16.05495800
17.22337500
16.63870800
17.03100000
16.36641700
16.89095800
16.40825000
17.11166700
15.95116700
17.15033300
16.68337500
17.22945800
15.97904200
18.41658300
14.48637500
18.52933400
15.39112500
19.27283300
13.53995800
18.73608400
14.68254100
18.64825000
15.21129200
18.47962500
14.87925000
18.06575000
15.27725000
18.59716700
14.85479100
18.70637500
14.46995900
19.77970800
13.17883300
20.58212500
13.39816700
22.11558300
10.67900000
22.10337500
11.82133400
22.30079100
11.09575000
20.72937500
12.00775000
20.19587500
13.34170900
22.04062500
11.17204100
21.67287500
12.07045900
20.15766600
13.39879200
19.95741700
12.82595800
20.67300000
13.33404200
20.19283300
12.54112500
20.91595800
13.05100000
19.53662500
13.84266700
20.15941700
12.58650000
20.18566600
13.78150000
20.54175000
12.84354200
20.92500000
11.83466700
19.69337500
14.24429100
19.95291700
12.83145800
20.77354200
13.20066700
20.75758300
12.00066700
19.83237500
14.15470800
20.45695800
12.90425000
20.87187500
12.47520900
21.35737500
12.06933300
21.42920800
11.87591700
20.39037500
12.98337500
20.58829200
12.18841600
21.73433400
12.24858300
21.49737500
11.84954200
21.54529100
11.21395900
20.10091600
13.26600000
17.31683400
16.04962500
17.16412500
16.68366600
16.94858400
15.97662500
16.64366600
17.12800000
16.54420900
16.84962500
16.75758300
16.59908300
16.84791700
16.05691700
16.71112500
16.65558300
16.68337500
16.68329200
16.68333300
17.12491700
16.54025000
16.83675000
22.21162500
11.31366600
22.27041700
11.07787500
21.53883300
11.81925000
21.92745900
11.47166600
21.96162500
11.37937500
21.89804200
11.48795800
19.64204200
13.11491700
19.29745800
14.59625000
18.62941700
14.21804100
18.43441700
15.40654200
18.49595800
14.95758300
18.25062500
15.05883400
18.45608300
15.00941700
19.02950000
14.29745800
19.45579200
13.92166600
19.68925000
13.71591700
21.82908300
11.55604200
22.17904200
11.13933300
22.00354200
11.39612500
22.08783300
10.65791700
21.99375000
11.96475000
21.85366600
10.99433400
22.11416600
11.17670900
22.25850000
11.70541600
22.10320900
11.25770800
22.09437500
11.29862500
21.81087500
11.55200000
21.07870800
12.28633400
21.69500000
11.67558300
21.21179200
12.12550000
21.40320800
11.37654200
21.84737500
11.51933300
21.71891700
12.26795800
21.77716700
10.96916600
21.74408400
11.92183300
21.68570800
11.97183400
21.53925000
11.61608300
22.59070800
10.39737500
21.92133400
12.04833300
21.66770800
11.10545900
21.18004100
12.79791700
21.53766700
11.23554100
21.40933400
11.92991600
21.53829200
11.97883300
21.96337500
11.25308400
21.89058300
12.06866700
21.60316600
11.78841700
21.75533300
11.63333400
21.87241600
11.45433400
21.49375000
11.27308300
21.59145800
12.41158400
21.45762500
11.27258300
21.35620800
12.60904200
21.54591700
11.22237500
22.14929100
11.21741700
21.51045800
12.44550000
21.84541700
11.12345800
21.50620900
11.66995800
21.83462500
11.53125000
21.54504200
12.43362500
20.93883300
11.81537500
20.66816700
13.27566600
20.60954200
12.78295800
20.52783400
12.82983300
20.50304200
12.86604100
20.27845900
13.11412500
18.82683300
14.52495800
18.96495900
14.37966600
19.08783400
14.31354100
18.96600000
14.38908400
18.66600000
14.65504100
18.80591700
14.59345800
18.90387500
14.46916700
18.61870800
14.70554200
18.83733300
14.55587500
19.53970900
13.86204100
19.88466700
13.46145800
20.22033400
13.14195800
19.55037500
13.83791700
19.96433300
13.38020800
19.71004200
13.65329200
19.70416600
13.69041700
20.16562500
13.17587500
19.77583300
13.34258400
19.74933300
13.90575000
20.00520800
13.31354200
20.31479200
13.05416600
20.15654200
13.24883300
20.40845900
12.92237500
20.46120800
12.31425000
20.18245800
13.79883400
20.51862500
12.23225000
20.54516600
13.41387500
20.16708400
13.22883300
22.89779200
10.32070800
22.16525000
10.83633300
22.35575000
11.49966700
21.38833300
12.02479200
23.63058300
9.71979200
20.93204200
12.42900000
20.75662500
12.15029100
20.35937500
13.43408400
20.01950000
13.35000000
19.93229100
12.86608400
19.53058300
14.40275000
19.28416700
14.08204100
19.46145900
13.32000000
19.79083300
13.58862500
19.88554200
13.46441600
19.70712500
14.28566700
20.33541700
12.99479100
20.27070900
12.50729100
20.79929200
12.58483300
20.76883400
12.58112500
20.36362500
13.59483300
20.46204200
12.59425000
20.53137500
12.55404100
20.49325000
13.48245900
20.62108300
12.77100000
20.54683300
12.19233400
20.78245800
12.77500000
20.41237500
12.93525000
20.65750000
12.69250000
20.59500000
20.53308300
9.37750000
20.58112500
12.75600000
20.47516700
12.30225000
20.59137500
12.77908300
20.70529200
12.65691700
20.20162500
13.75508300
20.57250000
12.21633300
20.50712500
13.14237500
20.72283400
12.93754100
20.59687500
12.19075000
20.88770900
12.46887500
20.75862500
13.19200000
20.62779100
12.76725000
20.78612500
12.08870900
20.93054100
12.32379200
20.43566700
12.92404100
21.16470900
12.74620800
22.12925000
10.69345800
25.70466700
8.04216700
25.89333300
7.28129200
21.58937500
11.59200000
21.37550000
12.00691600
21.29937500
12.08925000
21.19770900
12.70083300
20.64516700
12.71320800
21.54683300
11.39704200
20.79475000
13.00841700
20.65691600
12.74579200
20.51458300
12.84666700
20.44845800
12.90020900
20.53508300
12.82433300
20.32754200
12.87362500
20.29220800
13.23058400
20.53895800
12.25308300
19.87670900
13.48904100
19.98812500
13.96975000
19.91562500
13.44925000
19.81708400
13.57041600
20.06458400
13.28416600
19.70816700
13.07458300
19.46208400
13.94845800
19.73141700
13.58429100
19.04512500
14.85962500
18.91633400
13.91212500
18.91170800
14.45379200
18.65908300
14.70754200
18.76462500
14.60220800
18.89016700
14.98858300
18.69912500
14.30833300
18.64641700
14.56704200
18.85816600
14.66904200
18.69645800
15.03487500
18.65791700
14.29516700
18.59620800
15.20266700
18.54050000
14.81991600
18.45945900
14.93162500
18.86958300
14.52800000
18.42454200
14.34937500
19.07129100
14.29666700
19.30566700
14.63720800
19.40654200
13.49566600
19.26633400
14.56279100
19.37991700
13.42012500
19.39616700
14.51020800
20.10908300
12.70925000
20.17204200
13.79241700
20.35200000
12.99733300
20.16545800
12.78083400
20.43158300
13.39025000
20.66720800
12.69050000
20.81404200
12.52754200
21.28283300
12.11870800
21.57891700
11.17500000
22.19645800
11.17008400
22.47004100
11.52104200
22.16354200
10.57537500
21.34483300
12.58008300
21.01304200
12.42475000
21.79254200
11.55404100
21.33145900
12.01562500
21.89854100
11.48025000
21.25233400
12.14295800
20.80120800
12.54450000
21.33354200
12.00583300
21.20054200
12.18995800
21.89945900
11.46758300
21.71895800
11.62716700
21.91975000
10.86229200
22.49337500
11.45883300
22.00058300
11.35650000
21.71283400
11.67441600
22.46070900
10.88154100
22.42450000
10.37025000
22.33845900
11.63075000
22.48887500
10.81408300
22.60137500
10.80237500
21.86100000
10.92916700
22.64695800
10.73529200
22.86341600
10.48704200
22.23591700
11.74729100
18.13225000
14.80966700
18.33483300
15.26575000
19.63212500
13.87975000
18.88916700
13.91779200
19.06354100
14.82212500
19.40475000
14.03962500
18.74191700
14.63058300
18.79841700
14.50875000
20.25275000
13.15575000
19.86900000
13.52729200
19.77325000
13.54079100
20.23600000
13.13658400
19.47262500
13.31837500
19.88462500
14.04004100
19.35941700
14.03837500
19.01829200
14.33833300
19.35829200
13.99308300
19.85654200
13.48495800
19.29387500
14.13554200
20.02204100
13.31554200
19.86195800
13.10883400
19.64729100
14.15345900
21.06845800
12.22337500
20.05987500
13.32437500
23.74791700
9.66854100
20.25941700
13.08300000
20.80408300
12.52550000
19.48208400
13.94025000
19.36758300
13.96941700
20.17404100
13.18775000
20.24654200
13.12695800
19.80354200
12.99466700
20.19916600
13.75583400
20.07458300
13.30350000
19.49904200
13.87900000
19.70670800
13.64450000
20.47891700
12.87870800
22.21658300
10.55941700
21.25420800
12.66616700
20.59375000
12.79912500
19.98412500
12.80175000
19.80495800
14.09629200
19.31704200
14.06104100
19.36775000
13.45454200
18.21645800
15.63683400
17.70475000
15.69362500
18.33325000
14.52387500
18.49716600
15.36562500
22.37762500
10.48404200
20.73050000
13.18433300
27.87254200
4.94595800
26.96350000
6.40233400
21.94587500
12.02295800
22.20754200
11.11537500
19.97387500
12.83400000
20.19450000
13.74933300
21.27145800
11.52445900
19.21845800
14.55887500
19.75241700
13.35416600
19.72454200
13.48491700
19.73279100
14.20325000
18.67029200
14.70033300
18.86020900
14.51100000
18.97391600
14.38033400
18.97929100
14.39158400
18.77908300
14.60954200
19.15562500
14.21133300
18.77937500
14.55875000
18.07908300
15.26358400
18.37354100
14.95129200
18.01583300
15.34270900
18.24650000
15.17625000
19.68683300
13.72770800
19.57895900
13.44641600
19.28491700
13.82950000
19.58895800
14.31408400
19.51854100
13.87237500
19.88354200
13.23304200
19.76045800
13.83912500
19.93466700
13.47375000
19.64570800
13.14854200
19.78237500
14.19691600
20.46979200
12.38666700
21.89495800
11.92825000
22.07433300
11.31041700
20.19962500
13.18491700
20.33691600
13.02691700
20.46916700
12.89708300
20.10420800
13.23837500
19.86879200
13.49795800
21.41245900
11.98391600
21.10241700
11.65700000
21.23204200
12.73125000
21.14683300
12.20700000
21.41850000
11.93462500
21.18283300
12.18766700
21.13550000
11.65512500
21.39808300
12.54654200
21.25633300
12.13354200
21.10254200
12.26704100
20.97291700
11.78925000
20.98791700
12.98033300
21.28054200
11.48437500
21.15145800
12.78550000
21.10433300
12.19091700
20.65583300
12.77987500
20.86620900
12.55633300
20.94587500
12.37545800
20.95062500
12.40975000
21.04879200
12.31220800
20.80120900
12.58116600
20.91625000
12.45683400
20.96995800
12.37162500
20.55491700
12.36533300
20.66679200
12.58258300
20.28645800
13.65987500
20.33100000
12.45608400
20.38170800
13.58262500
20.56470800
12.20737500
20.81687500
12.54641700
20.76829200
13.18833300
20.86866700
12.51937500
20.78325000
12.56341600
20.83329200
12.51937500
21.32087500
12.06945800
20.94529200
12.39695800
20.91112500
12.46629200
21.16904200
12.21912500
21.27041600
12.06445900
21.37362500
11.98275000
21.37341600
12.03195900
21.16262500
12.18179100
21.25616700
12.12870800
21.10612500
11.65916700
21.27987500
12.17362500
20.89308300
12.96941700
21.22379200
11.56479100
21.25887500
12.10429200
21.20462500
12.75437500
21.41641700
11.97616600
21.21637500
11.62354200
21.18337500
12.09070800
21.09916700
12.85954200
20.75954100
12.65441700
21.26533300
12.05137500
21.05395900
12.31729100
20.88429200
12.52179200
21.22150000
11.51333300
21.03662500
12.54529200
20.76466600
12.38520900
21.01366600
12.94400000
21.14279200
11.63283300
20.89666700
13.08216700
21.02062500
12.33729100
21.11520900
12.22737500
20.60520800
12.62500000
20.42762500
13.07900000
20.04966700
13.34595800
20.42733300
12.92616700
20.45520800
12.92262500
22.84195900
10.49479100
24.95666700
7.95058300
24.87387500
8.71404200
25.18254200
8.16300000
25.16320800
8.23212500
24.16162500
9.48204200
22.81566600
10.45816700
21.74962500
11.56312500
22.01183300
11.33095900
23.19908300
10.24650000
21.13304200
12.09054100
23.35458400
10.23679100
19.55316700
13.77479200
18.95208300
14.43029200
21.51758300
11.25720800
21.14829200
12.79416700
22.03687500
10.77170800
27.51650000
5.83283300
26.48475000
6.88033400
21.34770800
12.02025000
21.51137500
12.46929200
20.93895800
11.81233300
20.88016700
12.48808300
21.97825000
11.47575000
22.78945900
10.48987500
21.23870800
12.12800000
21.94070800
12.04612500
22.18362500
11.18108400
21.81879100
10.92950000
22.44554200
10.91970800
21.01991700
12.96366700
21.48041600
11.86570900
21.79337500
11.34375000
23.23800000
10.38304100
22.74879200
10.00495800
22.13316700
11.82279200
21.79708300
11.64070800
22.71879200
9.98041700
22.54070800
11.43770800
22.57783400
10.19316600
23.09991700
10.84104200
21.77170800
11.59070800
22.83087500
10.34420900
23.78783300
9.77770800
21.50804200
11.88112500
21.92341700
11.46537500
21.86045800
10.87150000
22.74191700
11.21337500
21.77150000
11.00750000
22.53600000
11.41016600
22.32220900
10.46283300
22.12633300
11.87020900
21.58262500
11.41308300
21.74466700
11.91862500
21.77495800
11.65562500
21.99079200
10.75320800
21.34308300
12.65358400
21.64120800
11.67500000
21.88441700
10.90254100
21.56637500
12.39137500
21.51179200
11.75458300
21.87683400
11.61150000
22.22929100
11.11425000
21.99795900
11.36725000
21.45758300
11.32166700
21.75333300
12.20720800
22.12087500
11.26354200
21.90966700
11.46379100
21.50641700
11.24150000
22.07133300
11.91420900
22.13287500
11.23466600
22.06570900
11.27408300
21.05687500
12.30758300
22.22275000
10.55387500
22.87133400
10.49829100
22.52483400
11.42708300
22.02929200
11.36945800
22.02729200
11.31641600
22.12270900
10.64583300
21.76333300
11.60337500
21.56854200
12.41912500
22.03537500
11.29900000
22.07654200
11.32033300
22.72012500
10.66337500
21.57112500
11.77537500
22.35470800
11.01912500
22.27716700
11.08558300
21.97554200
11.37662500
21.22812500
12.14483300
20.94966700
12.43725000
22.27408300
11.06062500
21.61545900
11.74458300
21.03095800
12.36445900
22.00850000
11.32945800
22.01387500
11.35525000
21.70445800
11.67529200
21.77291700
10.98591600
21.72433400
12.18675000
21.77904100
11.05170900
21.61312500
12.33541600
21.82900000
11.48754200
21.85737500
11.58683300
21.56429200
11.18729200
21.69375000
12.26250000
22.21295800
10.56133300
21.81520900
11.71216600
21.51729200
11.68866700
23.61658300
10.36004200
25.05583300
7.98279200
26.86145800
6.22458300
23.11245900
10.87783300
21.81858300
11.54137500
21.75591700
10.99416700
22.12733300
11.80700000
21.91870800
11.49783400
22.39412500
10.94525000
22.16691600
11.21350000
21.90133400
11.48320800
21.96325000
11.37491700
21.79133300
11.15733300
21.90291700
11.90612500
21.92825000
10.81908300
22.10283400
11.86179100
21.65045900
11.12237500
22.12708300
11.84670800
21.84341700
11.50641700
21.44120800
11.94945800
21.87920900
11.45850000
21.84879100
11.51904200
21.95350000
11.43666700
22.01775000
11.32945800
22.00654200
11.35687500
22.12625000
11.27150000
22.12062500
11.24329100
22.20908400
11.12716600
21.92133400
11.47612500
21.88741600
10.85925000
21.55383400
12.40516600
22.09237500
11.29775000
22.25741700
11.11283300
21.98958400
11.33925000
21.71504100
11.19279200
21.07441700
12.79108300
21.16212500
12.17833300
20.87600000
12.49341700
20.39150000
12.99770800
20.40504200
12.34087500
20.00175000
13.95520800
20.18716700
13.20929200
20.04437500
13.29866600
19.69708400
13.07304100
20.78783400
13.19970800
20.84491700
12.49554100
20.82966700
12.53154200
20.95920800
12.43929200
20.78833300
12.55495800
20.67112500
12.69391700
20.95075000
12.25245800
21.45583400
12.07029100
21.38900000
11.93937500
21.16908400
12.26550000
21.06883300
11.68116700
21.42533300
12.52891700
21.27700000
12.12858300
21.93608300
11.43287500
21.43733400
11.88695800
21.34045800
12.03887500
21.35916700
11.40345800
21.40241700
12.55812500
21.27991700
12.12029100
20.86950000
12.47037500
22.28470900
11.06012500
21.96408300
11.41941700
20.52995800
12.88762500
19.81133300
12.90900000
19.30804200
14.62912500
18.80633300
13.98966700
18.82287500
15.08454200
18.80008300
14.62066700
19.17845800
13.59341700
19.26616600
14.69816700
18.82470800
14.52275000
18.97933400
14.42933300
18.94320800
14.38587500
18.73695900
14.61737500
18.48887500
14.89912500
18.96004100
14.42908400
18.78712500
14.55045800
19.09608300
13.70658400
18.99983300
14.95579200
18.92929100
14.44737500
18.94537500
13.80100000
18.63983400
14.78475000
19.18037500
14.70770800
18.95175000
14.41037500
18.74804200
14.04416600
19.17066700
14.32079200
19.23050000
14.01762500
18.96508300
14.97312500
19.03716700
14.33337500
18.41158300
14.92750000
21.60591700
11.83166600
21.58904200
11.15787500
21.77412500
11.76662500
21.03066700
12.15766600
21.64625000
12.31029200
22.43666700
10.92833300
21.55712500
11.62387500
21.80954200
11.19250000
21.64441600
11.68445900
21.75770800
12.23854200
21.99708300
11.36125000
21.67950000
11.13595800
21.99879200
11.29758300
22.39133400
11.58091600
22.21187500
10.54833400
21.65287500
12.32266600
22.06783400
11.27683300
21.65012500
11.12941700
21.96237500
11.40475000
31.67750000
1.68858300
22.72275000
10.65233300
22.35020900
11.00975000
25.00920800
8.35716700
24.87908300
9.08737500
22.34141700
11.01550000
22.86158300
10.54000000
22.48100000
10.85391700
21.22658300
11.54550000
21.26370800
12.10304200
21.01466700
12.35195800
21.22520800
12.73254200
21.84358300
10.93708400
22.00808300
11.95587500
21.89200000
11.46995800
21.51741700
11.25216700
21.25858300
12.71150000
22.02883300
11.33220900
21.32308300
11.78341700
21.91104100
11.74058400
21.46345800
20.85875000
7.37541700
21.26950000
12.23616600
21.13987500
12.14516700
21.13450000
12.24883300
21.12754200
12.20225000
21.23820800
12.41929200
21.46658300
11.90125000
20.44508400
12.91712500
20.13320800
12.63837500
20.47970800
12.88670900
20.20700000
13.73462500
20.14375000
12.64795800
19.97708300
14.00687500
20.17275000
13.17012500
20.67516700
12.69308300
20.45900000
12.93050000
20.61458400
12.73837500
20.16887500
12.59387500
20.26883300
13.09775000
20.77345800
13.18529200
20.43066700
12.90700000
20.36712500
13.05041600
20.46950000
12.88416700
21.63025000
11.33220800
21.18633400
12.36754100
21.16029200
11.82404200
21.10633300
12.83637500
21.51804200
11.33687500
21.04812500
12.25670800
20.97795800
12.96091700
20.75225000
12.03950000
21.23854200
12.53079100
21.37591700
11.58916700
21.25525000
12.11312500
21.36154100
12.14562500
21.35920900
11.87633300
20.90708300
12.52950000
20.88783400
12.39583300
20.92733300
12.56587500
20.78387500
12.45620900
20.80062500
13.17533300
20.67216700
12.65995800
20.62612500
12.42987500
21.18500000
12.54325000
21.58070800
11.73454200
21.33083300
11.46125000
21.25516700
12.73758300
21.61608400
11.70525000
21.36120800
12.00687500
21.42137500
11.36354200
20.97941600
13.01629200
21.21854200
12.10137500
20.94729100
11.84166700
21.05862500
12.91225000
20.96833300
11.78966700
20.02195800
13.95466700
19.89654200
13.48416600
20.41475000
12.90604200
20.07916700
12.71037500
20.21708300
13.77820800
19.98791700
12.74887500
20.12179200
13.81766600
20.03195900
13.36495800
20.15433300
13.19016700
20.32433300
13.06612500
20.35512500
12.40700000
20.42754200
13.52833300
20.11162500
13.24929200
20.42366700
12.96600000
20.22579100
13.13400000
20.07075000
13.27070900
20.02745800
13.37125000
20.28387500
12.47908300
20.28487500
13.68725000
20.26862500
12.48958400
20.65370800
12.72075000
20.73941700
12.61937500
20.79575000
13.17458300
21.34562500
12.02883300
21.38154200
11.94687500
20.97795800
12.42516700
21.04429200
12.32916600
21.35041700
11.98433300
21.36391700
11.58837500
20.94108300
12.84683400
21.03516600
11.92875000
21.22504200
12.52987500
21.36925000
12.02654200
21.47012500
11.85958300
21.43475000
11.94850000
22.06087500
11.23587500
21.89591700
11.53212500
21.71516600
11.65141700
21.22312500
12.17608300
21.39970900
11.89504100
21.41833400
11.93637500
20.78350000
12.66562500
20.54641600
12.74879200
21.63970800
11.73633400
21.10116600
11.71887500
20.78208400
12.75470800
21.28091700
11.91562500
21.79829100
12.17562500
21.76308400
11.59837500
21.28258300
12.06725000
20.65762500
12.73525000
21.03920800
11.71612500
21.69420900
12.22716600
21.33525000
11.47779200
21.13066700
12.84854100
21.42854200
11.90483300
22.07691700
11.29670800
22.09250000
10.69037500
20.94008400
13.00991600
20.78179200
12.58550000
20.76079200
12.01837500
20.93841600
13.01637500
20.49262500
12.87050000
20.61358400
12.78175000
20.98462500
12.35666600
20.79454200
12.55470800
20.98629200
12.42291700
20.76287500
11.99104100
20.79008400
13.16183300
20.88604200
11.89508300
20.69362500
13.25891700
20.62916600
12.15162500
20.35945900
13.61958300
20.61479200
12.63533300
21.21333300
12.23670900
20.97133300
12.42425000
21.18712500
12.17741700
21.82437500
10.93633300
21.98379200
11.60508300
22.51616700
11.23112500
21.77766600
10.98620900
21.62212500
12.36354100
21.83025000
11.54020900
19.05787500
18.38479100
18.79704200
18.49454200
18.33762500
18.05854100
18.45112500
18.03033400
18.59404100
18.74075000
19.06295900
18.69016600
18.66841700
18.33037500
18.84300000
18.88812500
19.26262500
18.92441700
19.52225000
18.78525000
19.06658300
18.73595800
18.72283400
19.17587500
19.27033300
19.11800000
18.81045800
18.83866700
19.23445800
18.87604200
19.37583300
19.36375000
19.51733400
18.67129100
19.14316700
18.83991700
19.10400000
18.76850000
19.17358300
19.10787500
18.95991700
18.59758300
19.07162500
18.35391700
18.91683300
19.12545800
19.00666700
18.53320800
18.83212500
19.03525000
19.24445900
19.33637500
19.41937500
19.55450000
19.15108300
19.06662500
19.30841700
19.15675000
19.08079100
19.71479200
19.90441700
19.18270800
19.32175000
19.02154200
19.23041600
19.19000000
19.56233400
19.10775000
19.35937500
19.07520800
19.31212500
19.27020800
19.75883400
19.06775000
19.31129100
19.28116700
19.12120800
19.79775000
19.44487500
19.29200000
19.30070900
18.96833300
19.09887500
18.88308300
18.80195900
19.47700000
18.78904100
18.61591700
18.39433300
19.15441700
19.04791700
19.03041600
19.30087500
18.92737500
19.06804200
18.82116700
19.28054100
19.55933400
19.33212500
20.00212500
18.91116600
19.04883400
19.25825000
19.60341600
19.50941700
19.94745800
19.62708400
19.31141600
19.11845900
19.42341600
19.54237500
19.73195900
19.26466600
19.42625000
19.51400000
19.48241700
19.60833300
20.02987500
19.10925000
18.81616700
19.35837500
19.44550000
19.18258300
19.07029200
19.18225000
19.28462500
18.64591700
19.49479100
19.17520900
19.40908300
19.68504200
19.28037500
18.64704100
19.00683400
19.81720800
19.77470800
20.06233400
19.28658300
19.35395800
19.97529200
18.72704200
18.68850000
18.73837500
18.60558300
18.30787500
18.71558300
19.67945900
18.82429100
18.57570900
18.52237500
18.42650000
18.22150000
17.84033300
17.87791700
17.95412500
18.17725000
18.50425000
18.40404100
18.55670900
18.56237500
18.08316600
18.12933400
17.99508300
17.96758300
18.13541700
18.57512500
18.73129200
18.58433300
18.59587500
18.56679200
18.05587500
18.03933300
17.91295800
18.20308400
18.06108300
18.03725000
18.39770800
19.05037500
18.85750000
18.78900000
18.93125000
18.62829200
18.53995800
18.62479200
18.83179200
19.18595800
19.30608300
19.45841700
18.94345800
18.72345900
18.81529100
18.63262500
19.36629200
19.27637500
19.26358300
19.70212500
18.87762500
19.28933400
19.81604100
19.43362500
19.42583400
19.85950000
18.88270800
18.62187500
19.37120800
19.30195900
19.55354100
19.61545900
19.40225000
19.26533300
19.47733300
19.41066700
19.59483300
19.54279200
19.69650000
19.12283300
18.26258400
19.10237500
19.25150000
19.12287500
19.13704100
19.32008400
18.51908300
18.92829200
19.03933300
18.89375000
18.68775000
19.11212500
18.77612500
18.69833300
18.94350000
19.15545900
18.54945800
19.03654200
18.80520800
19.14587500
18.88937500
18.44166700
18.62016600
19.10087500
18.72895900
19.72066600
19.15716700
19.88770800
18.84662500
19.19883400
18.95095800
19.08675000
19.07841700
19.46462500
18.97183300
19.32366700
18.97941600
19.09370900
19.26600000
19.44558300
19.33120800
19.22150000
19.00050000
19.19312500
19.32325000
19.35900000
19.41304200
18.94866700
18.62658300
18.83779200
19.05625000
19.26912500
19.54933300
19.29741700
18.68620800
19.09279200
19.12712500
18.62475000
19.35400000
19.50587500
19.48683300
19.08591700
19.16812500
19.13745800
19.17679200
18.96191600
19.14429200
19.19016700
18.76512500
19.05320800
19.17016700
18.99887500
19.03091600
19.43470900
19.44266600
18.79941700
18.98400000
18.93804200
19.11829100
19.05158400
19.10991600
19.67154200
19.01166700
19.02054100
19.17525000
19.07308400
19.01570800
19.20875000
18.82175000
18.92887500
18.93287500
18.88654200
18.97795800
19.20433300
19.34966700
18.81879200
19.08454100
19.24450000
19.15833400
19.09762500
19.56037500
19.29000000
19.35641600
18.56362500
18.62704200
18.72791700
18.64837500
19.26612500
19.57883300
18.78108300
19.30962500
18.70433400
18.86716600
18.99612500
19.40929200
19.51291700
19.02241600
19.22641700
19.45512500
19.29787500
19.38804200
19.78325000
18.86366600
18.84662500
18.95937500
19.49383400
19.05650000
19.28895800
19.48166700
19.01412500
18.98870800
19.04033300
19.12262500
19.13316700
19.18066700
19.21108300
18.77533300
19.11358400
19.04333300
19.17095800
19.08458400
19.65637500
19.01970800
19.18679200
19.13179100
19.06191700
19.13904200
19.22904100
19.26212500
18.94562500
19.06495900
18.25125000
18.22925000
18.32545800
18.40845800
18.48741700
18.43500000
18.78933300
18.05437500
18.50916700
18.72066700
18.61595800
18.32012500
18.45029200
18.23325000
18.21000000
18.47500000
17.99833300
17.54716700
17.20125000
17.38333300
17.99308300
18.19587500
18.25216700
18.11787500
17.99008300
18.50558400
18.23916600
19.43587500
1.09016700
19.44629200
1.00716600
19.59254200
0.99862500
19.54920800
1.12187500
19.25758400
1.00800000
20.56050000
0.97716600
20.29150000
1.32250000
20.78558400
4.42770800
21.38550000
12.62141700
21.25383300
12.08154200
20.99750000
11.76108300
21.08895800
12.27700000
21.19679200
12.78937500
21.75491700
11.60920800
21.45916700
11.90929100
21.05262500
12.21720900
21.15791600
11.68679200
21.08216700
12.90025000
21.87737500
11.42100000
21.11733300
12.25733300
21.75404200
11.26475000
22.06933300
11.67904200
21.32404200
11.59900000
21.57575000
11.64779100
21.73291700
12.22350000
22.04570800
11.31962500
21.61379200
11.16162500
21.01108300
12.40904200
21.51762500
12.40095800
22.00304200
11.40129200
21.63037500
11.48329100
21.19179200
12.37920800
21.16925000
12.22350000
21.65066700
11.09770800
21.53216700
11.83225000
21.82954200
11.73462500
21.71587500
11.45329100
21.43208400
12.53670800
21.34466700
12.04654100
21.63437500
11.72441700
21.46775000
11.87387500
21.79883300
10.97583400
22.31875000
11.68375000
22.31433300
10.41475000
21.75400000
12.19612500
21.93925000
10.84395800
22.28237500
11.67779200
22.28875000
11.09700000
21.81783300
10.93620900
21.92079100
12.03400000
21.83779200
11.53216700
22.08083300
11.30825000
22.01700000
11.32637500
21.51641700
11.85187500
21.95075000
10.82370800
21.84845800
11.51954200
21.93370800
12.01100000
21.61779200
11.78716700
21.70091600
11.65866700
21.34433300
12.00408400
21.33020800
12.06433300
21.76520900
11.59825000
21.62254100
11.12708400
21.06204100
12.30475000
21.28941700
12.11716700
21.28045800
12.63479200
21.19908300
11.73125000
21.33070800
12.49945900
21.55875000
11.74137500
21.24654100
12.15916700
21.54379200
11.81400000
21.44808300
11.91187500
21.43870800
11.95216700
21.15987500
12.25150000
21.59666700
11.72437500
21.49408300
11.27750000
21.10483300
12.26616700
21.63625000
12.27600000
21.76787500
11.59616700
21.59812500
11.22037500
21.98195800
11.98200000
21.49000000
11.27945800
21.47270900
12.51479100
21.65525000
11.71825000
22.08120900
11.24695800
21.40916700
11.99041600
22.05237500
10.69225000
21.63445900
11.84570800
22.01562500
11.23737500
22.09466700
11.88829100
21.89595900
10.85450000
22.05670800
11.92850000
21.93033300
10.82362500
21.98795900
11.96525000
21.70833300
11.64050000
22.05029200
11.36295800
21.14604200
11.59945800
20.74654200
12.62004100
20.96537500
13.02258400
21.08879100
12.25262500
20.89429200
12.47233300
21.40741700
11.36329200
21.09016600
12.87316700
21.22250000
12.14508300
20.93612500
12.45562500
21.03837500
12.30166700
20.94245800
12.42312500
21.10512500
12.28775000
21.08370900
12.27316600
21.18816700
12.16287500
20.97525000
11.79570800
20.77350000
13.21216700
21.92654200
11.41112500
21.91133300
10.86554200
22.15387500
11.22362500
22.04029100
11.83441700
21.68937500
11.80666700
22.23045800
10.48775000
21.67416700
11.69254100
21.66391700
12.31770800
21.92908400
11.39562500
22.14250000
11.24162500
22.07795800
11.27291700
22.04987500
11.33954100
21.96645900
10.80387500
21.89733300
12.08495800
21.87275000
11.45645900
21.94183300
11.39816700
21.92816600
11.47754200
21.80608300
11.36141700
22.20445800
11.36175000
21.60262500
11.75420900
21.85537500
11.57145800
21.88912500
11.42516700
21.82562500
11.54375000
21.62483300
11.17525000
21.82504200
12.12233300
21.49975000
11.87408300
21.74241700
11.01058300
21.58295900
12.41987500
21.49754100
11.82725000
21.64020900
11.13191600
21.57766700
11.78916700
21.51054100
11.88395900
21.58683300
12.36879200
21.73812500
11.64212500
21.80787500
10.92820800
21.44879200
12.51516600
21.71500000
11.05516700
21.86562500
12.09991700
21.51887500
11.84091600
21.33300000
12.08683400
21.60750000
11.11308300
21.51104200
11.94608300
21.73016700
12.17133300
21.78712500
11.55641700
21.64479100
11.12083400
21.37695800
12.63929200
21.76812500
11.04800000
21.42687500
12.33191600
21.67970900
11.33295800
21.92266700
11.92608300
21.66295800
11.68600000
21.50512500
11.89191700
22.29554200
21.22775000
5.89383300
21.73566700
12.24950000
21.69320800
11.65287500
21.39445800
11.93875000
22.23462500
11.16120900
21.21500000
11.55800000
20.94333300
13.04329200
21.93366600
11.43108400
21.86916600
10.88104200
22.00766700
11.77195800
21.54108300
11.99929200
21.45141700
11.89166600
21.41087500
11.39595900
21.98125000
11.38058300
22.06066700
11.31341600
22.12875000
11.23962500
22.01420900
11.94733300
21.98920800
11.10820900
21.90579100
11.70916700
21.79579200
11.59895800
21.94333300
10.82275000
21.68904200
12.24041700
21.70679100
11.08700000
21.86629200
12.10895800
22.21537500
10.54358400
22.34366600
11.03200000
21.98816700
11.36891700
21.49787500
11.86950000
21.71166600
12.26104200
21.54133300
11.22125000
21.80279200
11.56079200
21.51620800
11.87604200
21.31479100
12.63395900
21.39716600
11.83025000
21.10404200
12.40466700
20.99958300
12.37245800
21.00716700
12.32591700
20.78895800
12.58295800
19.79637500
13.59950000
19.99620900
13.34400000
19.68183300
13.68254200
19.77087500
13.62879100
19.83145900
12.91400000
19.36275000
14.59500000
19.51579100
13.39183400
18.97000000
14.71195800
18.68900000
14.23070800
19.01629200
14.35045800
18.89750000
14.99620900
18.53400000
14.30562500
18.53504100
14.83425000
18.70033400
15.17558300
19.75891700
13.09562500
19.27654100
14.66112500
20.36625000
12.42958400
20.05754100
13.66391700
20.00616700
13.61537500
20.21391600
12.54287500
20.33650000
13.03558400
20.42716600
13.54654200
21.01708300
12.35395900
21.09983300
11.66112500
20.68016700
12.67612500
21.44041600
12.14575000
21.41970900
11.74266600
21.93320900
11.42837500
21.38491600
12.57395900
21.24425000
11.52070800
22.02404200
11.39333300
20.85191700
13.06995800
20.90045800
12.44200000
21.48087500
11.88375000
21.31412500
12.07641700
21.26500000
12.07666700
21.56829100
11.21870900
22.09695800
11.87545800
21.75216700
11.58770800
21.52612500
11.26200000
21.61829200
12.35766700
21.47054100
11.89716700
21.88100000
11.24758300
21.21779200
12.39283300
21.66550000
11.50379200
21.76004200
11.77341600
21.86679200
10.91754200
21.27362500
12.69937500
21.36637500
11.97387500
21.23804100
12.14308400
21.97270800
11.40416700
21.07733300
12.26462500
21.19041700
12.20004100
20.94479200
12.41987500
21.33654200
11.42450000
21.24479100
12.70575000
21.24050000
11.54816700
21.01287500
12.38479200
20.69679100
13.21862500
21.09695900
12.29454100
21.21641700
12.11720800
20.93462500
12.43462500
20.74891700
12.65066700
20.96304100
12.36941700
20.82987500
12.53979200
20.54287500
12.85154100
20.86600000
12.47520900
20.78950000
12.57245800
20.65562500
12.13220800
20.70566700
13.26566700
20.90308300
12.43979200
20.96250000
12.43562500
20.90762500
11.84695800
21.06520800
12.85358400
20.92083300
11.89345800
21.05000000
12.92591700
20.69258300
12.64704200
20.74870800
12.03570900
20.88725000
12.47950000
21.16950000
12.19641600
21.02225000
12.92845900
21.05116600
12.00829200
21.15095800
12.52195900
21.03370800
12.34458300
20.92616700
12.45695800
21.07066700
11.69325000
21.05587500
12.30750000
20.67245800
13.29516700
20.86654200
12.45654100
19.71854200
13.66904200
19.80270800
13.59562500
19.84500000
13.49262500
19.55537500
13.22529200
19.56058300
14.40362500
19.46179200
13.30733300
19.42016700
14.53512500
19.13633300
14.24695800
19.46816700
13.90937500
19.18554200
14.14958300
19.44591700
13.95462500
19.40291600
13.95979200
19.14083300
13.61141700
19.23779200
14.69054100
19.35670900
14.06412500
19.38966600
13.94850000
20.11366700
13.24525000
20.20925000
12.57920800
20.61070900
13.33337500
20.21629100
12.60991700
20.59912500
13.35979200
20.81066600
12.51512500
20.57858400
12.19937500
20.87570800
13.08854200
21.36262500
11.96337500
20.77375000
12.57358300
20.01604200
13.41716600
20.22783400
13.07920800
20.54445800
12.80683400
20.39562500
13.05245800
20.52154200
12.81845800
21.12495800
11.65766700
21.41441700
12.53841600
21.38016700
12.02620800
21.33550000
11.41500000
21.42579200
11.93020800
21.03816700
12.32941700
21.62920800
12.31587500
21.63312500
11.23954200
20.97400000
12.91479100
21.10016700
12.23908300
20.59608400
12.77308300
20.78550000
12.00291700
20.28033300
13.08204200
19.91616600
14.05041700
19.90854200
12.85929100
20.37616700
12.99141700
20.28395800
13.62275000
20.07087500
12.75420800
20.56300000
12.95366700
20.56208300
12.65679200
20.49854200
13.03979100
20.76687500
13.01445900
20.88004100
12.47254200
20.94450000
12.45666700
20.82420800
12.51237500
20.81654200
12.56970800
20.55700000
12.21166700
20.59404100
13.38583400
20.58712500
12.74433300
20.46875000
12.32091700
21.02645800
12.91754200
20.71916600
12.65916700
21.23733300
11.53916700
20.96958300
12.40991700
20.45945800
12.89420900
20.84216600
12.52433400
20.77100000
13.22383300
20.97575000
12.34162500
20.89704200
12.49283300
21.16395800
12.20804200
21.23587500
12.10420800
20.85816700
12.50695800
20.63100000
12.76200000
20.38191700
12.47737500
20.55287500
13.27779200
20.46645800
12.34329200
22.13458300
11.78883300
21.54779200
11.83454200
21.69745800
11.38537500
21.42325000
11.65000000
21.03712500
12.89466700
21.71020800
11.69129200
21.70604100
11.64233400
20.90475000
12.45629100
21.40675000
11.38283400
20.80950000
12.55933300
20.35637500
13.61000000
20.38100000
12.98979200
20.49862500
12.85300000
20.55379100
12.80533400
21.10116600
11.74195900
20.56483300
13.34729200
21.27554100
11.62412500
20.96779200
12.83475000
20.54970800
12.83650000
21.28654200
12.06312500
20.39962500
12.39058300
20.94625000
13.02620900
20.96441600
11.89504200
20.27550000
12.99241700
20.80916600
13.14758400
20.80287500
11.97358300
20.28591700
13.08170800
20.66195800
12.70387500
20.94300000
13.00133400
20.68812500
12.69166600
20.13020900
13.23837500
20.82291600
12.21887500
20.21729200
13.46937500
20.61770800
12.79712500
20.26070900
13.09725000
21.75579100
11.59516700
21.45204200
11.92133300
21.46187500
11.28666700
21.16708300
12.20200000
23.57570800
10.40516700
24.64666700
8.48795800
23.90275000
9.39212500
27.59645800
5.45887500
25.06275000
8.30366700
25.22554200
8.60900000
22.59075000
10.86537500
22.11179100
11.31670900
21.89312500
11.44808300
21.70904200
11.17737500
21.31766600
11.93404200
21.25433300
12.29383400
20.19704100
13.57875000
20.21845900
12.75462500
20.31837500
13.44837500
19.83670800
13.53054200
19.70470800
13.68575000
20.42437500
12.84666700
20.18916600
13.24833400
20.07041600
13.30216700
20.40516700
12.96595800
19.79808300
13.53683400
21.85812500
11.56120800
21.19237500
12.18758300
20.94008400
12.37016600
21.03329200
12.36525000
21.44550000
11.30458300
20.44208400
12.92533300
20.49520800
12.87162500
20.93845900
13.04533300
20.61150000
12.72645800
20.49833400
12.87295800
20.55162500
12.22091700
20.64662500
13.30895800
20.32062500
13.03429200
20.50400000
12.28566600
20.72575000
13.23250000
20.60200000
12.76525000
20.56816700
12.58950000
20.64791700
12.91754100
20.75537500
12.32325000
20.75666700
12.31608300
20.80154200
12.56600000
20.78079200
13.17912500
20.48741600
12.90787500
20.51762500
12.83708400
20.72004100
12.62391700
20.83179200
11.94695800
22.18925000
11.17716700
20.66870800
13.28937500
19.81691700
13.59754100
20.48350000
12.85116700
20.06929200
12.69875000
20.54312500
13.45779100
20.54679200
12.79662500
19.85550000
13.49604200
20.06204100
13.29066700
20.95779200
12.43800000
20.98150000
12.38129100
20.17312500
13.17612500
20.12458400
12.64395800
20.79841700
12.56812500
20.14366600
13.44258400
20.07700000
13.07100000
20.48929100
13.49033400
20.38583300
12.36695800
21.13512500
12.51100000
21.34495900
12.33291600
21.35612500
11.41979200
20.83533300
13.16729200
20.83791700
12.48641600
22.13208400
11.24020800
21.90741700
11.47962500
21.91845800
11.43279200
21.38620800
11.86304200
21.86600000
11.62437500
22.21233300
10.54387500
22.20341700
11.17358300
26.58108300
6.90900000
22.67316700
11.18679200
22.07283300
10.83925000
22.71612500
11.09754200
21.72550000
11.64295800
22.02875000
11.31041700
22.02883300
11.33562500
21.99945800
11.39400000
21.55458400
11.19420800
21.65500000
12.32541700
21.43333300
11.91970800
21.27112500
11.49483400
20.37566600
13.23437500
20.89554200
12.22829200
21.18470800
12.18533300
21.35758400
12.61237500
22.05616600
11.34266700
22.69608300
10.62304200
22.39300000
10.96591700
22.16787500
11.23025000
22.44008300
10.90195800
22.21770900
11.14570800
22.53329200
10.88350000
22.31625000
10.41750000
22.22691600
11.72975000
22.18829200
11.20158300
22.61625000
10.75733400
22.17591600
10.56587500
22.21062500
11.19112500
22.55295900
11.39875000
22.12575000
10.63054100
22.63162500
11.34458400
20.56679100
12.79495900
20.66975000
12.12504100
20.61987500
13.29800000
20.34279200
13.04795800
20.68025000
12.66625000
22.42708400
10.34195800
21.38666700
11.99708300
20.76162500
13.17854200
20.70929100
12.66054200
20.82800000
12.55441700
20.69204100
12.07208400
20.83387500
13.11879100
20.89970900
12.35470800
21.25158300
12.24495900
20.74125000
12.43833300
21.40279200
11.93420800
20.86529200
12.44870800
20.35337500
13.28687500
20.68637500
12.71112500
20.01366700
13.32829100
20.09204200
12.65391700
19.95770800
13.40879200
20.12875000
13.23783300
19.86283300
13.59395900
20.00612500
13.32591600
20.02612500
13.90458400
20.21850000
12.52858300
19.80137500
14.15550000
20.04991700
13.35370800
20.12054200
13.21987500
20.05904100
13.31558400
19.98175000
13.39787500
20.30100000
12.44408300
19.97850000
13.98766700
20.15266600
12.64045900
20.84558300
12.49837500
20.85733300
13.09370900
20.72812500
12.63279100
21.28975000
11.52829200
20.83175000
12.50575000
20.86766700
13.12629100
20.93425000
11.80941700
20.78620800
12.59679200
20.86412500
12.47866700
20.73620800
12.63891700
22.00566600
11.94862500
21.90133400
11.49691600
21.75450000
11.62170900
21.57937500
11.14962500
21.60095800
12.39770800
21.94216700
11.41308300
21.84983400
10.89620800
22.04795800
11.31891700
22.27637500
11.09020800
22.37970900
10.98679100
22.19758400
11.76454100
22.14170900
10.85091600
22.48062500
11.27937500
22.11025000
11.24120900
22.33687500
11.05129100
22.31262500
11.05470900
22.21966600
11.14166700
22.93008300
9.82300000
25.77658400
7.92387500
25.13175000
16.26108300
92.98833300
1.33541700
39.25750000
1.13700000
22.58708300
1.18716700
22.06158300
1.40079200
21.92462500
1.14920800
21.60454200
1.15362500
20.68704200
0.97850000
20.34941600
1.06337500
20.62579200
1.12491700
20.84254100
12.47079200
20.74095800
12.62283400
20.32529100
12.61462500
20.34800000
13.38991700
20.74179200
12.68658300
20.44066700
12.29812500
20.43433300
13.49637500
20.65079200
12.15320800
20.51995800
12.84633400
20.58054100
13.39675000
20.62416700
12.48083300
20.26150000
12.75620900
20.68887500
12.71000000
20.44600000
12.88754100
20.69616700
13.26329200
20.58900000
12.77554100
20.37362500
13.01333400
21.10012500
12.26775000
20.90437500
12.43333300
21.06750000
11.83654200
21.32116600
12.54550000
21.07400000
12.26150000
20.82450000
12.57641700
21.56316700
11.17975000
21.15016600
12.21787500
21.21350000
12.15341700
21.41029200
11.95466600
21.60312500
11.77291700
21.48375000
12.52091700
21.32137500
11.39787500
21.02016600
12.35554200
21.17162500
12.20495800
20.87100000
12.47720900
21.55200000
11.81820800
21.69900000
11.66454200
21.43145800
12.56054200
21.45375000
11.28758300
21.23887500
12.72170800
21.41287500
11.35979200
21.44475000
12.51220800
21.62533400
11.15095800
21.37441700
12.00045800
20.67591700
13.27666600
20.50654200
12.26566700
20.92554100
12.45216700
20.85420800
13.09275000
21.14904200
12.21845800
20.94558400
12.45625000
21.18104100
12.16512500
20.94120900
12.41229100
20.89925000
12.49470900
22.02887500
10.71675000
21.48620800
11.89408300
21.19175000
12.78595900
21.30291600
12.06250000
21.13883400
12.21812500
20.78520800
11.96875000
21.03100000
12.33608300
21.21975000
12.16716700
20.95350000
12.98837500
21.23008300
12.15937500
21.32054200
12.00650000
20.77266700
12.60566600
20.47166700
12.31012500
20.47104200
13.48920800
20.49662500
12.87200000
20.99333300
12.38987500
20.85341700
12.48725000
20.82616700
11.95016600
21.25195900
12.74337500
21.17162500
12.15133300
21.36691700
12.00087500
21.55470800
11.84587500
21.26595800
21.02216700
7.14033300
21.33483400
12.62091600
20.75537500
12.61979200
20.53187500
12.77795800
20.51591700
12.92583300
20.15320900
12.59516600
19.89658400
14.07854100
20.15000000
13.22012500
20.12062500
13.02070900
20.25208300
13.15425000
20.32458300
12.86333400
20.14304100
13.56745900
19.98216600
13.38125000
19.92437500
13.04629200
19.94716700
13.81908300
19.67029200
13.69508300
19.61129200
13.78137500
19.88366600
13.45766700
20.57579200
12.78500000
22.00829100
10.79300000
21.69683400
12.23162500
20.29350000
12.49354100
20.58445900
13.41366600
20.19470900
12.53937500
20.04087500
13.66533300
20.06108300
13.58262500
20.43604200
12.89870800
19.97558400
12.97862500
19.91766600
13.28420900
20.13183300
13.25441700
20.14633300
13.77412500
20.06245800
13.36012500
20.15470900
13.18250000
20.32270800
12.43687500
19.82195800
13.65245900
19.85954100
13.39945900
19.73862500
13.82112500
19.30220800
14.43604200
19.28575000
13.86966600
19.50145900
13.51120800
19.30208300
14.06470900
19.21820800
14.72016700
19.10075000
14.26029100
18.78629200
14.59295800
18.76483400
14.02329100
19.27816700
14.63654200
19.21887500
13.60179100
19.57170900
13.79325000
19.19462500
14.69066600
19.07341700
14.35458300
18.69545900
14.69829100
18.70195900
14.11170800
18.52687500
15.30425000
18.30716700
14.54104100
18.67687500
15.12379200
18.40541700
15.04912500
18.48612500
14.35833300
18.77266700
15.13841600
18.77079200
14.59975000
18.86620800
14.58079200
19.03191700
13.70591600
19.24641700
14.66629200
19.84141600
13.61466700
20.31770800
13.02329200
21.12158300
11.70691700
20.39254200
13.48462500
20.61550000
12.77408300
20.18066700
12.61233300
19.62137500
14.29304200
19.70541600
13.68937500
20.10875000
13.23820900
19.61841600
13.75633400
19.39995800
13.97916700
19.48929100
13.85583400
19.06737500
14.30429100
18.79516700
14.56600000
18.46704200
14.84375000
17.92387500
14.91291600
17.60004200
16.40125000
17.47779200
15.73029100
17.08383400
16.25683300
16.63366700
16.29245800
16.68270800
17.15537500
18.08225000
15.31395900
19.37804100
14.08204200
20.04016700
13.33654100
20.64425000
12.69495900
21.00437500
12.38625000
21.06454100
11.69150000
21.05070900
12.90045800
21.24104200
12.12712500
21.28875000
12.08595800
21.30975000
12.04450000
21.01466700
12.33458300
20.61195800
12.79020900
21.28779100
12.06137500
21.21500000
12.15012500
21.19250000
12.20041700
21.45020800
11.89016700
21.09675000
12.27270800
21.16900000
12.22216700
21.45170800
11.40208400
21.25266600
12.01904200
20.81933300
13.12762500
21.28954200
11.49675000
21.10683300
12.84179200
21.28487500
12.11037500
21.40504200
11.59879100
21.36020900
11.75820800
20.19041700
13.76162500
20.53145800
12.24979200
20.19916600
13.72804200
20.02291700
13.39487500
19.53666600
13.83320900
20.07733300
13.26316700
19.87012500
13.52112500
20.06316600
13.31612500
20.13345900
13.19612500
19.98016600
13.39204200
20.10791700
13.27975000
19.90362500
12.84837500
19.75112500
13.61541600
19.79666700
13.56966700
19.88075000
14.06483300
18.20016700
15.10641600
19.16091700
14.29016700
19.33150000
14.01579100
19.19120900
13.65587500
19.12183300
14.79291700
19.94075000
13.03745800
19.83220800
13.88929200
19.81520800
13.59933400
20.05579100
13.26904200
20.01316700
13.34337500
20.60754100
12.24591700
20.15591700
13.72295800
19.34325000
14.03258300
20.14250000
13.21104200
20.70866700
12.65891600
20.02179200
13.36095800
19.63458400
13.16800000
20.22662500
13.70904100
19.45462500
13.32387500
21.02325000
12.34091700
19.11616700
14.80795800
19.33133300
14.04604200
20.66129200
12.66991600
21.41808400
11.96933300
20.62625000
12.73975000
21.32970800
11.48625000
20.60791700
12.75545800
21.61920900
12.32745800
20.85358300
12.51454200
20.40766700
12.37754100
21.78458400
11.77887500
21.25829100
12.51066700
21.18625000
11.58233300
20.39429200
13.53470800
21.07825000
12.30287500
21.40287500
11.99366700
22.01937500
10.74033300
22.10491700
11.84316700
21.76608300
11.64445800
21.41416700
11.92837500
20.79233300
12.00558400
21.73420800
12.20975000
22.03641700
11.32825000
21.25733300
12.05216700
21.72412500
11.69675000
21.68425000
11.68050000
21.45691600
11.88004200
21.35162500
12.01204200
21.22091600
11.57600000
21.61708400
12.31787500
21.65216600
11.72054200
21.64437500
11.73512500
21.55808300
11.22137500
21.40487500
11.96116700
21.58154200
11.78545800
21.67445800
12.26716700
21.49279200
11.89512500
21.40241600
11.37354200
22.03900000
11.32204200
21.42116600
11.95079200
21.54412500
12.41933300
21.40483400
11.92854100
21.31175000
11.49137500
22.35850000
11.60845900
21.49333300
11.87162500
21.63987500
11.70229200
20.93383300
11.85316700
21.63112500
12.36070800
21.55137500
11.76487500
21.86737500
11.52195800
21.25704200
12.11416700
20.22975000
13.10395800
20.42575000
12.37795800
20.30125000
13.63708400
19.98612500
12.80866600
20.02758400
13.91570800
20.24479200
13.09566600
20.50754200
12.86016700
20.05683300
12.75383300
20.17391700
13.78204200
20.12162500
13.21854100
19.80304200
13.59704200
20.70308300
12.67262500
20.84966700
11.91275000
20.79370800
13.15637500
20.68508300
12.09616700
20.80216700
13.10495800
20.65891700
12.73558300
20.82791700
12.57987500
20.64508300
12.32620800
20.42287500
12.72908400
20.42012500
13.16433300
20.51325000
13.23295800
20.63620900
12.73512500
20.24312500
12.52416600
21.71395900
11.65000000
20.92737500
13.02012500
21.41387500
11.97545800
21.33279200
11.46245800
20.93770800
12.99233400
21.36650000
11.98537500
21.36454100
12.02395900
20.80391600
12.52837500
20.99566700
12.38175000
20.88495800
12.50620900
21.36616600
11.96800000
20.45804200
12.92300000
20.37308300
13.01620900
20.78341600
12.56337500
20.64325000
12.72079200
20.44362500
12.95100000
20.52966700
12.81945800
20.27762500
13.08962500
20.41270800
12.98125000
20.54291700
12.79666700
20.36991600
12.40004200
20.14912500
13.83941700
20.84454100
12.52245900
18.50691600
14.83075000
19.02941700
14.36100000
19.06945800
14.29254200
18.83591700
14.51116600
19.11866700
14.27287500
19.48991700
13.88483300
19.72466700
13.60791600
19.39629200
13.96170800
19.44216700
13.92862500
19.54320800
13.82650000
19.30962500
13.81570900
19.49258300
14.11316700
19.94250000
13.42008300
19.58554200
13.42083300
19.39250000
14.36083300
19.98941700
12.77004200
19.11470800
14.79991700
19.68541600
13.13050000
19.23804200
14.62062500
19.94312500
13.52145800
19.31758400
14.07391600
19.61912500
13.72491700
21.58391700
11.20487500
21.43933300
11.91304200
21.82858300
12.17383300
21.51145900
11.80795800
21.53508300
11.86237500
21.43329200
11.94308300
21.35183400
11.97470800
21.49554200
11.89954100
21.60129200
11.15487500
21.55500000
12.39187500
21.45687500
11.71062500
21.54412500
12.05708300
21.62579200
11.70816700
21.33529100
11.46058400
21.13554100
12.83004200
20.94741700
12.40983300
20.75191700
12.01675000
21.20500000
12.76766600
21.37691700
11.97487500
21.79675000
11.55350000
21.42200000
11.35975000
21.93637500
12.01570800
21.81975000
11.56616700
21.10737500
11.65566700
22.17808300
11.78358300
21.90062500
11.18866700
22.36566700
11.30733300
21.32854200
12.00537500
22.05204100
11.33216700
22.20729200
11.20537500
22.25737500
11.08970800
21.48958300
11.87862500
22.25687500
11.11079200
22.39437500
10.33358300
22.27087500
11.10408400
21.35137500
12.61229100
22.00595900
10.99645800
21.49816700
12.21704100
21.47604200
11.30087500
21.17641700
12.80904100
22.07925000
11.29583400
17.33512500
15.90358300
17.23087500
16.13266700
16.76633300
16.56879200
17.11441600
16.25362500
16.86966700
16.52750000
16.69687500
16.17916700
16.75508300
17.06766700
16.95566600
16.44466700
17.53766700
15.81575000
16.87758300
16.43408300
17.34591700
15.59400000
17.41162500
16.40058300
17.21000000
16.18195900
17.00287500
16.40358300
17.89100000
15.51200000
17.53920800
15.72795900
17.19487500
16.30850000
16.71662500
16.65862500
16.80766600
15.96570900
16.97583300
16.89550000
17.90037500
15.47075000
17.30225000
16.02529200
17.88804100
15.56050000
17.87366700
15.52495800
17.52941700
15.70566700
17.44220800
15.53720800
17.39604200
16.40437500
17.85350000
15.52066700
20.15279100
13.28975000
21.49362500
11.87600000
22.41083400
10.96695800
21.05291700
12.31800000
21.48816600
11.89925000
21.15412500
12.19345900
21.18483300
12.17583300
21.75191700
11.63954200
21.40308300
11.34270800
21.47787500
12.48545900
21.56208300
11.83066700
21.57141600
11.77116700
20.23358300
13.13062500
20.84758400
11.92275000
21.67995800
12.31237500
21.29800000
11.94050000
21.83479200
11.66750000
21.63975000
11.51729100
21.85312500
11.49066700
22.40858300
10.93850000
22.71783400
10.59791600
22.00925000
11.62570900
21.64908300
11.69870800
21.69891700
11.71354200
21.53620800
11.82308300
20.87025000
12.49520900
20.64404100
12.72762500
20.43041700
12.39416700
19.88200000
13.40654100
19.54066700
14.42754200
19.67404100
13.09237500
19.53466700
14.44525000
19.41083300
13.34045900
19.73341600
14.21975000
19.48679200
13.29291700
19.74512500
13.62162500
19.37633300
14.57300000
19.11287500
14.26258300
18.96070900
13.81458300
19.07833300
14.28841700
18.95320800
14.96475000
18.81854200
14.65141700
19.12675000
14.20316600
18.65329200
14.52945800
18.61883400
14.93233300
18.49062500
14.84008300
18.52591700
14.81637500
18.51262500
14.29658300
18.67037500
15.03612500
18.87262500
14.76087500
18.83845900
14.49758300
18.45320800
14.34520900
18.84975000
15.05283300
18.95716700
13.86604100
19.13333400
14.26966600
19.52545900
14.42795800
19.55037500
13.79554200
19.02325000
14.36425000
19.88916600
12.85383400
19.93250000
13.70425000
19.68583300
14.05866700
20.12766600
13.20400000
20.06775000
13.28312500
19.85391700
12.91954200
20.02429100
13.96375000
19.70137500
13.64562500
19.87475000
13.51550000
20.05066700
12.68866700
19.74379100
13.62370900
19.53054100
14.45308400
19.58716600
13.81058400
18.99487500
14.31320800
18.69529200
14.07945800
19.17575000
14.77475000
19.75308300
13.05195900
19.38320800
14.54104200
19.19941600
14.20916700
19.37000000
13.96345800
19.27054200
14.09750000
18.97804200
14.42004100
18.97241700
13.77408300
18.93058400
14.99770800
18.71112500
14.11012500
19.43004200
14.44287500
19.16729100
13.67650000
19.46054200
14.51325000
19.64579200
13.11337500
19.49937500
13.86945800
23.65283300
10.31550000
21.78745900
11.52041600
33.33316700
3.36250000
22.53216700
7.01904100
22.72475000
11.19954200
19.29408300
13.45762500
19.20975000
14.40216700
19.00862500
14.70925000
19.21479200
13.64558300
19.35679200
13.92629100
19.35950000
14.53116700
19.09350000
13.74112500
19.53362500
14.43166700
19.49175000
13.43012500
19.32050000
14.46045800
19.32833300
13.58195900
19.49600000
14.37158300
19.50958300
13.82837500
19.41237500
13.97433400
19.33504100
13.42750000
18.87129200
14.49554200
19.64766600
14.31200000
18.90554200
13.86833300
19.70704200
13.66258300
19.85595900
13.51645800
20.25166700
13.72695800
20.34204200
12.98804100
20.37483400
12.99000000
20.42670800
12.97583300
20.34200000
13.00695900
19.47970800
13.87920800
21.74237500
11.65137500
19.91433400
12.83258300
19.63187500
14.32870800
20.13279200
12.64262500
20.90050000
12.46358300
20.67041700
13.27158300
19.61566700
13.79762500
19.75012500
13.64333300
19.81445900
13.49745800
19.69687500
13.67050000
19.56362500
13.20825000
19.84087500
14.11983300
19.76766700
13.00479200
19.83158300
14.15520800
19.69966700
13.63700000
20.23187500
13.13312500
20.54366700
12.86025000
19.96825000
13.36525000
20.15287500
13.23391600
20.02316700
13.34616700
20.66200000
12.09037500
21.04637500
12.31929100
21.10679200
12.87479200
21.07420800
12.28900000
20.77029200
12.59020800
20.67616700
12.70783300
21.12716700
12.23770800
20.72879200
12.59395800
20.75741700
12.64866600
21.07183400
12.29483300
20.72558300
12.61200000
20.69958400
12.08000000
21.16054100
12.82341700
20.74458300
12.59308400
20.73295800
12.04512500
21.15562500
12.80837500
21.01887500
12.35104200
21.02266600
12.32870900
21.18316600
12.12050000
20.90537500
11.93929200
20.96787500
12.84983300
20.96929200
12.55512500
20.85033300
12.49937500
20.98925000
12.37862500
21.05041700
12.37883300
21.10420900
11.85700000
21.06450000
12.63458300
21.11150000
12.29095800
21.31662500
20.80875000
7.38075000
21.56616700
12.31620800
20.20058400
13.15658300
20.58312500
12.22962500
21.19308300
12.74654200
20.52225000
12.81083300
20.28229200
13.11670800
20.57550000
12.31704200
21.13300000
12.70537500
20.58500000
12.79520800
21.03270900
11.72337500
21.11658300
12.43612500
20.64608300
13.11320900
21.11083300
12.28637500
21.04266700
11.71779100
20.97862500
12.38537500
21.02820900
12.34025000
21.35625000
12.01104100
20.94833400
12.42512500
21.20245800
12.15533300
21.67912500
12.26462500
20.88608400
12.50270800
20.88837500
11.88216700
21.36787500
11.99570800
21.08116700
12.28491600
21.01487500
12.95295900
20.72475000
12.61579100
21.13087500
12.24125000
20.73279200
12.66079200
20.99987500
12.33516600
21.21254200
11.77891700
20.86508300
12.89829200
21.17266600
11.94170900
21.16941600
12.39425000
20.92904200
12.50308300
21.11812500
12.25766700
20.81283300
12.54012500
21.01766700
12.35120800
20.78975000
12.07754200
21.21141700
12.65137500
21.24604100
12.11891700
20.88183300
11.88754200
21.10845800
12.83362500
20.67566700
12.11404200
20.85504100
12.51050000
21.33245900
12.61395800
21.01575000
11.77920800
21.17037500
12.43200000
21.04083400
12.68437500
20.95370800
11.81158300
21.31645900
12.66387500
20.96479100
12.36695900
21.02666600
12.36262500
20.87170900
12.49629100
21.36612500
11.96595900
21.08208300
12.31791700
20.99441600
12.39225000
21.29541700
12.05500000
20.83375000
12.52950000
20.85875000
12.50600000
21.19016700
12.17887500
21.00475000
12.35933300
20.83637500
12.38975000
21.00600000
11.90170800
21.12441700
12.24129200
21.58829100
12.38895900
21.10729100
12.27562500
20.79729200
12.52112500
20.97795800
12.39225000
20.75650000
12.02866700
21.34308300
12.60187500
21.08408400
12.27604100
20.98425000
12.41525000
21.26779200
12.03675000
20.82037500
12.59091700
19.97566600
13.41458400
19.93716600
13.40220900
19.87916600
13.48816700
20.00370800
13.38962500
20.23045900
13.11112500
19.92100000
12.86166600
20.37170900
13.60500000
20.20037500
13.15183300
20.22608300
13.12204200
20.04229200
13.35612500
20.14666600
13.22237500
20.69341700
12.64200000
19.78566700
13.60454100
19.72370900
13.64729100
19.50404200
13.81395800
20.09687500
13.22462500
20.04083400
13.41900000
20.12308300
13.20087500
20.41545800
12.95587500
20.43004200
12.97325000
20.68095800
12.65208400
20.34925000
12.99120800
20.33958300
13.08366700
20.50754200
12.80695800
20.15679200
13.25120800
20.17941700
13.15379100
20.54925000
12.41116700
20.01529200
13.77362500
20.02633300
13.34987500
20.46008300
12.32016700
19.98729200
13.95708300
19.80637500
12.98220800
20.47254200
13.41545800
20.56895900
12.83358300
20.15412500
13.25645800
19.93650000
12.91045900
19.91958300
13.36595800
20.59220900
12.78545800
20.42987500
13.53150000
19.89579200
13.43937500
20.46554100
12.93287500
20.62141700
12.38512500
20.70575000
13.00841700
20.23183300
12.55216700
20.86733300
13.09754200
20.33116600
13.00154200
20.25662500
12.53633300
20.21466700
13.15166700
20.50629100
13.44025000
20.16779200
13.19270800
20.15966700
12.63225000
20.43445800
12.93229200
20.37625000
13.56879200
20.10804100
13.28495900
20.13250000
12.65891600
20.19654200
13.71341700
20.43325000
12.36266600
20.39558400
13.56787500
20.65479100
12.69220900
20.34645800
12.44095800
20.36791700
13.59437500
20.36429200
12.40687500
20.59570800
13.37216700
20.38537500
12.38237500
20.33950000
13.59683300
20.39579200
12.39975000
20.71362500
13.26095800
20.56895800
12.76441700
20.57895800
12.21975000
20.59650000
12.76325000
20.42566700
13.52354200
20.53466600
12.24991700
20.78012500
12.59354200
20.53829100
12.82037500
20.47754200
13.46529200
20.29833300
13.09904200
20.07158300
13.25925000
20.30054200
13.07437500
20.39533300
12.98300000
20.52233300
12.82533400
20.36158300
13.01225000
20.04570800
13.33525000
20.28958400
13.06420800
20.55875000
12.23270800
20.27858400
13.08275000
20.47845800
13.45962500
20.11525000
13.26570800
19.86633400
13.39333300
20.99866700
12.48383300
20.19979200
13.15145800
20.27133300
13.10816700
20.28041700
13.10216600
20.00304200
13.33329200
20.35025000
13.04462500
20.01462500
13.35345800
20.14937500
12.61008300
20.18141700
13.76962500
20.36408300
12.41816700
20.35441700
13.58608300
19.98133300
13.38850000
20.05150000
13.34529200
21.30037500
12.02850000
19.21195800
14.16529200
19.58091700
13.20570800
19.33212500
14.61762500
19.46487500
13.90287500
19.35033300
14.04304200
19.36295800
13.97770900
19.28666600
14.08029200
19.25700000
13.52462500
19.34437500
14.60154200
19.25741600
14.11525000
19.35229200
14.04116700
19.46904100
13.88412500
19.45958400
13.89250000
19.22287500
14.17158300
19.18554200
14.18070800
19.16429200
14.18195800
20.05512500
13.32412500
20.40258300
12.44433400
19.52462500
14.32525000
19.78304100
13.64104200
19.94375000
12.80504200
19.51466600
14.41554200
19.99595800
12.80537500
19.43770900
14.51370800
20.04287500
13.31308300
19.37370900
13.41529100
19.83212500
13.53770900
20.11704100
13.24604200
20.02412500
13.92425000
20.07387500
13.32054200
19.60133300
13.70270800
20.09233400
13.31695800
19.62016700
13.78983300
19.48354200
13.83833300
20.06958300
12.97758400
19.61254100
13.48591700
19.99904200
13.59929100
19.36641700
14.34341700
19.94541600
13.45020900
19.69337500
22.74162500
21.16645800
2.52695800
20.11683400
13.86841600
20.01887500
13.34041700
19.37245800
13.96662500
19.34629200
14.06162500
19.49666700
13.85270800
19.41225000
13.92900000
19.34212500
14.02995800
16.64516700
16.62504200
16.19550000
16.69879100
16.66483400
17.12158300
16.78291700
16.62229100
16.20641700
17.24616700
16.59562500
16.77341600
16.57558400
16.22687500
17.10975000
16.64066600
16.67433400
16.30841600
16.68300000
16.68437500
17.07445900
16.29391600
17.11933400
16.26604100
16.66245900
16.68362500
16.99508300
16.73495800
16.31912500
17.02300000
16.61816700
16.65154200
16.66754100
16.87216700
16.50441700
16.44708300
17.15333300
16.21308400
17.08283300
22.51658300
10.48695900
17.09341600
16.23675000
17.13258400
16.24708300
17.20662500
16.61762500
16.22362500
16.67291700
17.14612500
16.23379100
17.15954200
16.63808300
16.57633400
20.28716600
12.82475000
16.60704200
16.88504200
16.47508300
17.05812500
16.31466700
18.33725000
15.44912500
16.60425000
16.33666600
17.10620900
16.78866600
16.95920900
15.88170800
17.18941700
16.17462500
16.68287500
16.68475000
17.12383300
16.24229200
17.17170800
16.19566700
16.99333300
16.76437500
16.29137500
16.87025000
16.49637500
16.68454200
16.68470800
17.21941700
16.14391600
17.47291700
15.89408300
17.06900000
16.29925000
17.11129200
16.59912500
16.77379200
16.76875000
16.55750000
16.28775000
16.76837500
16.60733300
17.15229200
16.69637500
16.22229100
16.65375000
16.68295900
17.12441600
16.90416700
16.51316700
16.60195800
16.27412500
16.68325000
17.00079200
16.79000000
16.42670800
16.84479200
16.36979100
17.04345900
16.56366600
16.94929200
16.59895800
16.24525000
16.71708400
16.90395800
16.47800000
16.63475000
16.68308300
16.68375000
16.72958400
17.01750000
16.32812500
17.14433300
16.24416700
16.71408300
16.61970800
17.08700000
16.30591700
16.92391700
16.81975000
16.69091600
16.25812500
17.09070900
16.28933300
16.70012500
16.66645800
16.67079200
17.16187500
16.55179200
16.52041600
16.49850000
16.83654200
16.94150000
16.65437500
16.73437500
16.78783300
16.65491700
16.59995800
16.30283400
17.16125000
16.16750000
16.67662500
16.74412500
16.83691600
17.00354200
16.51958300
16.68083400
16.78916600
16.57616700
16.66070800
16.85566700
16.18087500
16.66845800
17.19004200
16.30758300
16.90633400
16.84216600
16.53083400
16.70145800
16.82495800
16.16245900
17.11708300
16.72450000
16.20895800
17.13391700
16.76470800
16.62554200
16.60254200
16.29004100
16.68350000
17.15970900
16.70087500
16.61966600
16.70941700
16.22750000
16.68216700
17.09508300
16.79804200
16.65887500
16.71683300
16.47633300
16.35570900
16.90991600
16.64112500
16.64408400
17.06554100
16.15587500
16.93250000
16.52329200
16.60929200
17.08041600
16.71925000
16.47937500
16.43862500
17.19758400
16.16908300
16.97287500
16.77329200
16.76312500
16.68879100
16.71133400
16.19179100
17.09879200
16.70445800
16.65929200
16.63783300
16.85016700
16.60304200
16.49200000
16.75441600
16.65708400
16.37629100
17.20704200
16.15862500
16.92437500
16.45333300
16.84979200
16.67104200
16.96912500
16.23816600
16.98675000
16.62787500
16.49025000
16.67725000
16.64950000
16.87491700
16.58220800
17.09604200
16.16729200
17.16275000
16.19620800
17.12795800
16.77500000
16.16595900
16.66400000
17.17787500
16.71012500
16.17695800
17.08741700
16.64283300
16.30495800
17.18779200
16.72350000
16.36783300
16.99016700
16.67637500
16.16737500
17.04233300
16.77420900
16.23929100
16.66975000
16.67779200
16.85387500
16.51337500
17.12887500
16.64283300
16.79025000
16.62979200
16.22575000
17.20250000
16.37504200
16.47170800
17.19479200
16.20595800
17.10745800
16.73237500
16.36562500
16.49345900
17.20520800
16.57270800
16.27383400
16.68158300
16.69491700
16.68525000
16.67004100
16.89020900
16.91837500
16.72450000
16.20120800
17.12666700
16.77966600
16.14183400
16.69704100
17.14145900
16.58741600
16.30750000
16.68375000
16.68412500
17.15604200
16.21720800
17.10608400
16.76320800
16.56470800
16.73095900
16.75616600
16.17066700
17.09108300
16.80787500
16.31054200
16.79958300
16.72275000
16.73675000
16.72841700
16.77870800
16.17662500
17.15870900
16.20670800
17.12129200
16.24500000
17.19125000
16.24929100
16.61000000
16.68266700
17.11416700
16.68837500
16.49370800
16.87150000
16.25833300
16.77508400
16.83654100
16.66291700
16.44995800
17.15650000
16.26912500
16.66637500
16.64145900
16.69979100
16.70325000
16.64658400
17.14858300
16.25475000
17.11720800
16.50716700
16.38866700
16.68958300
16.67808300
17.07412500
16.39358400
17.09970800
16.16583300
17.03504200
16.80383300
16.61679200
16.27708300
16.68350000
16.68312500
17.05850000
16.30925000
17.07704200
16.28854200
17.09958300
16.26733300
17.16679200
16.20804200
16.94379100
16.64100000
16.45720900
16.93787500
16.78862500
16.32279100
16.69629200
16.67995800
17.07008400
16.28787500
16.91316600
17.00041700
16.49845800
16.56362500
16.44300000
16.68212500
16.68175000
17.08012500
16.28687500
16.68433400
17.04870800
16.47645800
16.76741700
16.43995800
17.05016700
16.56816700
16.44529100
16.66962500
16.68325000
17.07779200
16.74333300
16.47175000
16.83887500
16.28729200
17.04420800
16.53391700
16.71979200
16.83054100
16.83204200
16.22129200
17.11416600
16.68020900
16.17312500
17.10000000
16.26516600
16.96725000
16.39962500
17.20112500
16.16512500
16.71420900
16.65275000
16.68304100
16.69166700
16.68454200
16.67987500
17.01845800
16.34316700
16.98620800
16.68491700
16.68641600
16.37779200
17.09933300
16.46254200
16.80416700
16.46045800
16.58970800
16.92241700
16.77600000
16.35308300
16.91900000
16.85695900
16.54200000
16.41183300
16.69279200
17.00504100
16.66454200
16.37329200
16.91058300
16.60650000
16.93170800
16.46320900
16.50325000
16.97087500
16.40325000
31.42437500
12.25304100
11.92320900
11.75166600
16.05379200
16.68341700
16.68341600
16.68320900
16.69195800
16.67945800
16.67858400
16.68866600
16.67795900
16.68333300
16.68345800
16.68337500
16.68700000
16.68083400
16.68429100
16.68895900
16.68929100
16.66950000
16.68658400
16.68000000
16.68354100
16.68316700
16.68333300
16.69070900
16.67608300
16.68858300
16.68508400
16.67945800
16.68004200
16.68791600
16.68108400
16.68100000
16.69225000
16.67783300
16.68004200
16.69441600
16.68845900
16.66816600
16.68229200
16.68725000
16.68100000
16.68179200
16.68329100
16.68337500
16.68345900
16.68337500
16.68312500
16.68433300
16.68254200
16.68308300
16.68341700
16.68329100
16.68329200
16.68329200
16.68341600
16.68333400
16.68320800
16.68391700
16.68641600
16.67983400
16.68362500
16.68291600
16.68341700
16.68325000
16.68333300
16.68345900
16.68316600
16.68350000
16.68333400
16.68329100
16.68329200
16.68325000
16.68354200
16.68325000
16.68333300
16.68325000
16.68333300
16.68337500
16.68333400
16.68341600
16.68375000
16.68320900
16.68445800
16.68183300
16.69479200
16.67187500
16.71583300
16.65083400
16.68800000
16.67875000
16.68325000
16.68375000
16.68295800
16.68416700
16.68258300
16.72054200
16.64604100
16.69029200
16.67637500
16.68325000
16.68345800
16.68329200
16.68350000
16.68333300
16.68329200
16.68320800
16.68325000
16.68462500
16.68212500
16.68425000
16.68366700
16.68208300
16.68329200
16.68658300
16.68012500
16.69195900
16.68529100
16.67279200
16.68783300
16.67879200
16.68341700
16.69516600
16.67133400
16.68462500
16.68212500
16.68391600
16.68275000
16.68329200
16.68350000
16.69450000
16.67216700
16.68479100
16.68625000
16.67970900
16.68508300
16.68083300
16.68691700
16.67995800
16.68300000
16.68966700
16.74825000
16.61212500
16.68341700
16.68333300
16.68329200
16.68333300
16.68533300
16.68508400
16.67941600
16.68375000
16.69100000
16.67537500
16.68329200
16.68333300
16.68329200
16.68341700
16.68458300
16.68245800
16.68412500
16.68216700
16.68345800
16.68337500
16.69245900
16.67916600
16.67845900
16.68295800
16.68333300
16.68341700
16.68462500
16.68229200
16.68304100
16.68550000
16.68112500
16.68462500
16.68216700
16.68745800
16.67912500
16.68337500
16.68954200
16.67708300
16.69425000
16.68366700
16.67208300
16.69416700
16.67283300
16.68295900
16.68345800
16.68608300
16.68429200
27.10125000
14.88454200
15.43887500
15.72812500
16.87845800
17.88495800
18.80420900
16.25091600
16.42208400
18.33937500
16.31608300
15.63625000
17.44983300
16.30416700
16.27508300
14.80745900
14.94795800
14.89841700
16.08012500
15.31462500
15.80870800
16.40154200
15.74200000
16.68125000
16.68333300
16.68354200
16.68666600
16.68754200
16.67587500
16.68320800
16.68333400
16.68320800
16.68329200
16.68687500
18.87991600
18.44916700
19.43883300
18.05491700
15.39012500
14.08500000
14.19912500
15.41279200
16.23658300
16.69800000
16.67441700
16.67770800
16.69379200
16.67379100
16.68250000
16.68845900
16.67812500
16.68954100
16.70170900
16.66150000
16.68070800
16.68429200
16.68316600
16.69016700
16.67870800
16.68000000
16.68779200
16.67912500
16.68325000
16.68325000
16.68337500
16.68333300
16.68895900
16.68387500
16.67720800
16.68329200
16.68612500
16.68050000
16.68350000
16.68329100
16.68325000
16.68600000
16.68054200
16.68337500
16.68612500
16.68112500
16.68566700
16.68325000
16.68083300
16.68320800
16.68333400
16.68608300
16.68066700
16.68325000
16.68345800
16.68300000
16.68345800
16.68604200
16.68079200
16.68308300
16.68320800
16.68350000
16.68608400
16.68075000
16.68329100
16.68312500
16.68341700
16.68337500
16.68316700
16.68345800
16.68350000
16.68316700
16.68337500
16.68625000
16.68508300
16.67862500
16.69225000
16.68295800
16.67579200
16.68258300
16.68300000
16.68341700
16.68341700
16.68316600
16.68333400
16.68337500
16.68370800
16.68300000
16.68629200
16.68033300
16.68345800
16.68333400
16.68604100
16.68058400
16.68345800
16.68312500
16.68345800
16.68608400
16.68045800
16.68854200
16.67841600
16.68429200
16.68291700
16.68254100
16.68375000
16.68612500
16.68279200
16.68362500
16.68512500
16.67875000
16.68316700
16.84737500
16.51937500
16.68595800
16.68054200
16.68345800
16.68333300
16.68325000
16.68333400
16.68333300
16.68616700
16.68341600
16.68558400
16.67837500
16.68375000
16.68300000
16.68429100
16.72645900
16.68975000
16.64112500
16.67479100
16.69133400
16.67520800
16.68537500
16.68533300
16.67950000
16.68316700
16.69933300
16.66833400
16.68241600
16.68329200
16.68387500
16.68275000
16.68354200
16.70208300
16.67066700
16.67720800
16.68729200
16.68633300
16.67629200
16.68333300
16.68583300
16.68083400
16.68350000
16.68312500
16.68425000
16.68245800
16.68337500
16.68325000
16.68941700
16.67725000
16.68941600
16.67725000
16.68341700
16.68345800
16.68316700
16.68570800
16.68095900
16.68333300
16.68333300
16.68391700
16.68275000
16.68325000
16.68362500
16.68308300
16.68337500
16.68412500
16.68437500
16.68162500
16.68320900
16.68629100
16.68033400
16.68358300
16.68541700
16.68104100
16.69400000
16.68220900
16.67970800
16.67741700
16.68512500
16.68262500
16.68220800
16.68329200
16.68333300
16.69158300
16.67508400
16.68441600
16.68358400
16.68204100
16.68420900
16.68783300
16.67795800
16.68341700
16.68329200
16.68345800
16.68337500
16.69195800
16.67462500
16.68600000
16.68050000
16.68350000
16.68316700
16.69245800
16.67425000
16.68650000
16.68025000
16.68787500
16.67991700
16.69308300
16.67245900
16.68320800
16.68879200
16.67808300
16.68312500
16.68345800
16.69233400
16.67420800
16.68337500
16.68337500
16.68395800
16.68387500
16.69166700
16.67808300
16.67912500
16.68433400
16.68737500
16.67825000
16.68325000
16.68345800
16.68333300
16.68333400
16.68425000
16.68233300
16.68341700
16.69195800
16.67466700
16.68329100
16.68341700
16.68325000
16.68333300
16.68350000
16.68325000
16.68329200
16.68637500
16.68058300
16.68304200
16.68341700
16.68966600
16.67679200
16.68358300
16.68316700
16.68354200
16.68304100
16.68345900
16.68325000
16.68337500
16.68333300
16.68345800
16.68325000
16.68341700
16.68325000
16.68325000
16.68337500
16.68329200
16.68362500
16.68308300
16.68320800
16.68354200
16.68325000
16.68329200
16.68333300
16.68333300
16.68341700
16.68358300
16.68300000
16.68329200
16.68345800
16.68345900
16.68312500
16.68333300
16.68345800
16.68329200
16.68795800
16.67908400
16.68300000
16.68412500
16.68245800
16.71429200
16.65895800
16.67958300
16.68041700
16.68350000
16.68345800
16.68308400
16.68483300
16.68654200
16.67862500
16.68341600
16.84108400
16.52562500
16.68325000
16.68358300
16.68308300
16.69250000
16.67837500
16.68475000
16.67854200
16.68258300
16.68341700
16.68312500
16.68579200
16.68095800
16.83487500
16.53725000
16.68008300
16.68112500
16.68341700
16.69004200
16.68275000
16.67704100
16.68341700
16.68333300
16.68458400
16.69808300
16.68245800
16.66825000
16.68329200
16.68333300
16.68341700
16.68333300
16.68329200
16.68333300
17.15687500
16.20975000
16.68333400
16.68337500
16.68329100
16.68345900
16.68437500
16.68208300
16.68358300
16.68325000
16.68316700
16.68466700
16.68220800
16.68316700
16.68329100
16.68333400
16.68341600
16.68479200
16.69366700
16.67533300
16.68066700
16.68225000
16.68325000
16.68329100
16.69304200
16.70241700
16.75170800
16.58625000
16.68329200
16.71058300
16.66545800
16.67404200
16.73379200
16.63287500
16.68587500
16.68079100
16.70054200
16.66970800
16.67979200
16.68329200
16.68375000
16.68287500
16.68345800
16.68337500
16.68345800
16.68345900
16.68350000
16.68341600
16.68283400
16.68420800
16.68283300
16.68279200
16.78400000
16.58254200
16.68437500
16.68504100
16.73287500
16.63116700
16.73720800
16.69554200
16.66812500
16.63266700
16.69233300
16.67420800
16.68358400
16.68300000
16.68450000
16.68283300
16.68675000
16.67929200
16.68337500
16.69354100
16.67329200
16.68775000
16.67870800
16.68404200
16.68262500
16.71404200
16.65270800
16.68791700
16.67883300
16.68704200
16.67933300
16.69800000
16.66879200
16.71475000
16.65195800
16.69437500
16.70729200
16.66229100
16.66929200
16.68325000
16.74125000
16.71891700
16.59775000
16.69604100
16.66304200
16.68704200
16.67933300
16.68370800
16.69579200
16.67087500
16.68366700
16.69016600
16.67625000
16.68362500
16.72058400
16.65100000
16.84708300
16.51670800
16.68420900
16.69383300
16.68220800
16.67433400
16.67929100
16.68337500
16.68395900
16.71141600
16.66325000
16.68279200
16.67750000
16.72804200
16.63625000
16.68500000
16.68175000
16.68387500
16.69070800
16.69845800
16.66079200
16.71020800
16.69270900
16.64729100
16.82412500
16.64833400
16.58908300
16.67158300
16.71641700
16.65020800
16.68483400
16.68266600
16.73945900
16.71929100
16.70879200
16.67358300
16.57475000
16.68337500
16.72858400
16.64766600
16.84554200
16.70212500
16.66483300
16.62470900
16.74941600
16.65195900
16.54525000
16.68312500
16.70016600
16.65783400
16.76170800
16.64695800
16.63995900
16.90733300
16.74337500
16.63466700
16.66587500
16.48775000
16.72225000
16.71095800
16.74187500
16.60108300
16.61787500
16.94545900
16.48470800
16.80883300
16.53641700
16.74691700
16.57762500
16.90929100
16.55045900
16.82816600
16.44537500
16.81079200
16.70141700
16.54004100
16.70195900
16.75137500
16.85558300
16.43733300
16.73466700
16.91250000
16.59904200
16.77908300
16.56900000
16.61812500
16.55600000
16.68341700
16.85295800
16.51387500
16.74283300
16.62529200
16.79891700
16.56725000
16.68383300
16.68150000
16.87516700
16.49145800
16.84058300
16.56354200
16.71479200
16.61633300
16.70766700
16.69233300
16.69445800
16.66333400
16.65712500
17.18758300
16.46087500
16.69212500
16.39362500
16.68408300
16.69075000
16.87887500
16.79370900
16.36854100
16.68312500
16.69483400
16.72008300
16.63620800
16.68337500
16.68429200
16.68133300
16.68804200
16.67850000
16.68350000
16.68300000
16.68650000
16.68362500
16.68091700
16.68337500
16.68220800
16.68341700
16.68325000
16.72391600
16.64412500
16.68212500
16.68637500
16.72458400
16.64429100
16.67800000
16.68445900
16.68216600
16.68333400
16.68437500
16.68237500
16.68658300
16.68900000
16.69266700
16.66625000
16.68925000
16.67625000
16.68329100
16.68337500
16.68320900
16.68562500
16.68237500
16.68491600
16.68033400
16.68645800
16.68708300
16.68608400
16.67375000
16.68341600
16.68570900
16.68112500
16.68358300
16.68279200
16.68375000
16.68920800
16.67708300
16.69158400
16.68120800
16.67816700
16.68250000
16.68370800
16.68295800
16.68341700
16.68316700
16.68337500
16.68450000
16.68204100
16.68337500
16.68350000
16.68991700
16.67675000
16.68345800
16.68766700
16.67875000
16.68937500
16.68512500
16.67800000
16.68191700
16.69858300
16.67516700
16.67512500
16.68333300
16.68350000
16.68333300
16.71754200
16.64929200
16.68825000
16.67816600
16.68337500
16.68429200
16.68720800
16.67862500
16.68320900
16.68708300
16.67954200
16.68445800
16.69245800
16.67312500
16.68320900
16.68354100
16.68320900
16.68662500
16.68004100
16.68325000
16.68345900
16.68341600
16.69550000
16.68025000
16.67525000
16.68233400
16.69162500
16.67508300
16.69295800
16.67345900
16.68450000
16.68237500
16.68325000
16.68470800
16.68358300
16.68562500
16.68354200
16.67925000
16.68341700
16.68308300
16.71633300
16.65050000
16.69550000
16.67108400
16.68329100
16.68329200
16.68337500
16.68537500
16.68533300
16.68283400
16.67979100
16.68616700
16.68054200
16.68333300
16.68762500
16.67920800
16.72662500
16.63987500
16.68350000
16.68333400
16.68329100
16.68441700
16.68212500
16.68987500
16.67720800
16.68604200
16.68008300
16.68358400
16.68958300
16.68166700
16.67870800
16.68629200
16.68058300
17.09633300
16.27000000
16.68404200
16.68275000
16.68329200
16.68337500
16.68316600
16.68504200
16.68462500
16.68033300
16.68341700
16.68325000
16.68358300
16.69304200
16.67345800
16.68316700
16.68637500
16.68062500
16.68308300
16.70666700
16.66229200
16.68133300
16.68616700
16.68033300
16.68625000
16.68637500
16.67754200
16.68804100
16.67883400
16.68291600
16.68354200
16.68350000
16.68316700
16.68325000
16.68337500
18.16512500
15.73670800
16.15325000
16.67858300
16.68375000
16.68425000
16.68150000
16.68600000
16.68183400
16.68358300
16.69641700
16.67500000
16.67829100
16.68304200
16.68366700
16.68316600
16.68262500
16.68345900
16.68354100
16.68295900
16.68458300
16.68320800
16.68200000
16.68704200
16.68466700
16.68887500
16.67308300
16.68325000
16.68804200
16.67900000
16.68387500
16.68358300
16.68300000
16.68395800
16.68675000
16.67816700
16.68329200
16.69258300
16.67416700
16.68350000
16.71358300
16.65304200
17.20133300
16.52041700
16.33333300
16.68608300
16.67550000
16.69308400
16.67345800
16.68391700
16.70425000
17.87016600
15.47487500
16.68337500
16.68370900
17.70670800
15.77712500
16.57675000
16.67358300
16.68237500
16.68416700
16.68666700
16.68012500
16.68241600
16.68400000
16.68608400
16.68037500
16.68320800
16.68312500
16.68487500
16.68250000
16.68337500
16.68245800
16.68400000
16.68408400
16.68245800
16.68262500
16.68370800
16.68383400
16.68850000
16.67837500
16.68312500
16.68262500
16.68445800
16.68295800
16.68345900
16.68283300
16.68395800
16.68579200
16.68000000
16.68495800
16.68158400
16.68637500
16.68125000
16.68237500
16.69879100
16.66812500
16.68362500
16.68337500
16.68283400
16.69191600
16.67495900
16.68283300
16.68341700
16.68325000
16.68325000
16.68433300
16.68566700
16.68000000
16.68425000
18.21279100
15.22708400
16.62041600
16.68191700
16.67354200
16.68345800
16.71016700
17.02937500
17.95862500
16.36329100
16.66762500
16.91112500
15.14329200
16.68345800
16.68312500
16.68333400
16.68612500
16.68079100
16.68316700
16.68358300
16.68333400
16.68350000
16.68291600
16.68366700
16.68270800
16.68362500
16.72720900
16.64275000
16.68254100
16.68058400
16.69333300
16.67354200
16.68754100
16.72462500
16.64891700
17.14250000
16.21283300
16.68633400
16.68033300
16.68341700
16.68670800
16.67987500
16.68612500
16.70133300
17.17370900
16.17516600
16.68045900
16.68329100
16.68354200
16.68620800
16.68408400
16.69195800
16.67879200
16.67850000
16.68045800
16.68312500
16.69475000
16.67187500
16.68620800
16.68041700
16.68362500
16.69466700
16.67170800
16.68587500
16.68087500
16.68445800
16.68504200
16.68058300
16.68412500
16.68275000
16.68775000
16.67850000
16.68358400
16.68604100
16.68520900
16.67850000
16.68362500
16.68679100
16.67966700
16.68329200
16.68554100
16.68112500
16.68429200
16.68587500
16.67987500
16.68341700
16.68437500
16.68545800
16.68004200
16.68437500
16.68529100
16.68112500
16.68250000
16.68366700
16.68320800
16.68341700
16.68329200
16.68329100
16.68316700
16.68395800
16.68279200
16.68325000
16.68333300
16.68333400
16.68354100
16.68308400
16.68333300
16.68362500
16.68295800
16.68366700
16.68300000
16.68345800
16.68341700
16.68591700
16.68091600
16.68612500
16.68025000
16.68629200
16.68041700
16.68350000
16.68595800
16.68058300
16.68329200
16.68337500
16.69233300
16.67429200
16.69070800
16.67595900
16.68329100
16.68341700
16.68337500
16.68520800
16.68150000
16.68316700
16.69404200
16.67270800
16.68683300
16.67979200
16.68329200
16.68337500
16.68341600
16.68466700
16.68187500
16.69150000
16.67516700
16.68454100
16.68283400
16.68383300
16.68220800
16.68337500
16.68333400
16.69000000
16.68112500
16.67879100
16.68333400
16.68970800
16.67695800
16.68337500
16.68837500
16.67829200
16.68325000
16.68341700
16.68329100
16.68345900
16.68329100
16.68345900
16.68312500
16.68337500
16.68337500
16.70125000
16.66550000
16.68312500
16.68333300
16.68341700
16.68562500
16.68187500
16.69000000
16.67579100
16.68341700
16.69933300
16.66729200
16.68570800
16.68087500
16.68350000
16.68420900
16.68245800
16.68329200
16.68341600
16.68325000
16.68320900
16.68337500
16.68620800
16.68708300
16.67683400
16.68316600
16.68625000
16.68954200
16.67462500
16.68300000
16.68758300
16.67904200
16.68904200
16.67762500
16.68325000
16.68350000
16.68337500
16.68316600
16.68612500
16.68066700
16.68358300
16.68395900
16.68237500
16.68345800
16.68325000
16.68333300
16.68329200
16.68329200
16.68954100
16.68083400
16.67975000
16.68312500
16.68433300
16.68883300
16.67854200
16.68195800
17.05508400
16.31133300
16.68345800
17.43266700
15.93379200
16.72375000
16.64300000
16.68337500
16.69333300
16.67337500
16.68491700
16.68166600
16.68333400
16.69783300
16.66895800
16.68316700
16.68345800
16.68325000
16.69170900
16.67587500
16.68770800
16.67812500
16.68341700
16.68454100
16.68195900
16.68337500
16.68341600
16.68329200
16.68408300
16.68366700
16.69116700
16.68145800
16.67670800
16.68808400
16.68212500
16.67950000
16.69195800
16.67458300
16.68933400
16.67983300
16.68095800
16.69091700
16.68120800
16.67841700
16.69187500
16.67408300
16.68445900
16.68237500
16.68316600
16.69233400
16.67441600
16.69504200
16.67150000
16.68420800
16.68375000
16.68208400
16.68329100
16.69387500
16.67616700
16.68329200
16.68004100
16.68341700
16.68333300
16.68329200
16.68333300
16.68333400
16.68329100
16.68341700
16.68991700
16.67670800
16.68320800
16.68450000
16.68354200
16.68212500
17.27870800
16.09854200
16.68304200
16.67295800
16.68479200
16.68183300
16.68329200
16.68337500
16.68337500
16.68625000
16.68050000
16.68341600
16.68304200
16.68333300
16.68341700
16.74591700
16.62075000
16.68320800
16.68354200
16.68770800
16.67887500
16.68366700
16.68750000
16.67912500
16.68475000
16.68312500
16.68187500
16.68337500
16.68341600
16.68354200
16.68295800
16.68333400
16.68329100
16.68341700
16.68354200
16.68304100
16.68337500
16.68366700
16.68333300
16.68312500
16.68329200
16.68350000
16.68320800
16.70537500
16.66108400
16.68375000
16.68316600
16.71208400
16.65466600
16.70504200
16.66145800
16.68362500
16.69700000
16.67054200
16.68216700
16.69516600
16.67566700
16.69087500
16.70520800
16.64995900
16.68620800
16.68016700
16.68387500
16.68675000
16.68004100
16.68920900
16.67720800
16.68295800
16.68391700
16.68545800
16.68116700
16.68312500
16.68966700
16.67670800
16.68391700
16.68283300
16.68362500
16.71370800
16.65312500
16.69162500
16.67583400
16.68208300
16.69762500
16.70237500
16.64987500
16.68375000
16.68295800
16.68462500
16.68204200
16.74000000
16.62695800
16.72704200
16.64320800
16.67962500
16.74950000
16.64237500
16.69491700
16.67475000
16.72520800
16.62675000
16.67075000
16.72466700
16.71279200
16.65933300
16.63537500
16.70637500
16.73158300
16.62741700
16.72316700
16.68470800
16.73775000
16.62645800
16.76904200
16.60020800
16.73408400
16.62312500
16.63612500
16.71816600
16.77141700
16.56066700
16.75087500
16.62841600
16.82329200
16.63091700
16.58300000
16.81716600
16.71362500
16.63595900
16.56741600
16.87745900
16.66575000
16.63891600
16.76204200
16.66425000
16.70079200
16.63458300
16.74762500
16.46533300
16.89575000
16.66095900
16.67820800
16.66679200
16.75687500
16.58358300
16.74900000
16.64966700
16.71595800
16.62233300
16.71141700
16.69541700
16.48970800
16.92083300
16.44579200
16.86820800
16.77204200
16.58812500
16.78887500
16.62683300
16.73737500
16.64741700
16.75500000
16.59387500
16.74533300
16.61370900
16.73879100
16.66487500
16.72183400
16.64008300
16.76104200
16.35700000
16.97183300
16.39116700
16.97950000
16.69150000
16.71683300
16.57962500
16.80554200
16.62883300
16.74416700
16.65187500
16.74141600
16.29758400
17.09033300
16.67154200
16.67337500
16.68120800
16.76183300
16.21816700
17.14150000
16.68775000
16.70400000
16.33591700
17.06070800
16.17029200
17.09608300
16.76625000
16.18750000
16.69183300
17.21450000
16.69470900
16.65966600
16.74504200
16.65887500
16.60891700
16.77450000
16.10191600
17.26375000
16.72658400
16.65395800
16.70254200
16.68920800
16.65858300
16.68325000
16.08879200
17.27508300
16.67966700
16.68904200
16.68658300
16.70666700
16.65991600
16.68320900
16.70758300
16.65783300
16.67995900
16.66158300
16.70129200
16.68854100
16.70925000
16.06400000
17.27850000
16.70945900
16.65900000
16.68075000
16.68466600
16.08741700
16.95233300
16.41433400
17.27141600
16.68962500
16.71179200
16.65004200
16.09391600
17.29308400
16.67058300
16.64445800
16.73179200
16.67041700
16.42454100
16.98608400
16.04883300
17.29012500
16.66250000
16.67970800
16.09812500
17.29983400
16.65791600
16.09295900
17.30320800
16.65075000
16.09604200
17.29191600
16.07491700
16.68995800
17.31412500
16.66575000
16.09025000
17.26033400
16.63412500
16.74858300
16.23233300
17.10470900
16.09325000
16.68266600
17.29391700
16.68537500
16.07087500
16.68250000
16.92120800
16.44883400
17.29512500
16.06954100
17.27245900
16.09287500
17.30954100
16.64491700
16.69420800
16.22816700
17.13308300
16.69208400
16.64362500
16.71100000
16.58879100
16.80720900
16.58645800
16.73479200
16.66041600
16.72237500
16.60358400
16.75066600
16.64612500
16.72479200
16.50854200
16.84891600
16.50737500
16.89004200
16.08129200
16.68279100
16.68983400
16.70270800
17.28483300
16.05729200
16.94841700
16.67529100
17.00975000
16.66462500
16.11720900
16.84779100
17.07833400
16.18070800
17.12320800
16.76712500
16.73108400
16.65079100
16.62062500
16.74412500
16.27225000
16.52129200
16.66487500
16.91862500
17.02708300
16.70412500
16.08691700
16.68875000
17.31891700
16.04212500
17.26000000
16.68645800
16.43816700
16.89420800
16.13204200
16.68300000
16.68579100
16.68204200
16.68500000
16.68191700
17.28600000
16.66050000
16.13425000
17.26062500
16.07529100
17.27137500
16.71079200
16.06825000
17.28795800
16.07670900
17.09095800
16.87920800
16.08433400
17.24975000
16.12012500
16.67887500
16.69650000
17.25454100
16.70283400
16.63033300
16.74337500
16.65091700
16.67304100
16.12725000
17.26450000
16.66558400
16.11508300
17.28062500
16.20275000
16.56716700
17.25737500
16.10258300
16.70129200
17.22300000
16.12200000
17.26641600
16.10070900
16.68350000
17.25520800
16.69825000
16.09662500
16.68208300
17.19595900
16.77204100
16.08395900
16.81954100
17.13254200
16.09725000
17.27487500
16.09050000
16.86883300
17.06966700
16.70929200
16.67637500
16.69400000
16.15145800
16.61812500
17.23208300
16.13079200
17.26700000
16.68670800
16.65375000
16.73504200
16.64595800
16.68325000
16.72420900
16.58991600
16.80045900
16.64500000
16.66787500
16.68404100
16.74129200
16.61066700
16.11420800
17.25270800
16.69579200
16.74787500
16.03845800
16.68479200
16.68237500
16.85866700
16.86329100
16.67212500
16.88404200
16.67062500
16.74750000
16.63712500
16.69479200
16.72854100
16.64325000
16.68083400
16.72162500
16.64545800
16.67995800
16.22525000
17.14570900
16.11908300
16.68383300
17.24833400
16.66025000
16.74858300
16.63979200
16.68279100
16.70912500
16.64650000
16.67887500
16.13200000
17.24658400
16.68579100
16.71312500
16.66395900
16.66958300
16.12108300
17.28337500
16.66166700
16.71391700
16.07429100
16.81366700
17.18829200
16.62966600
16.72366700
16.70779200
16.06870800
16.65283300
16.68208400
17.30370800
16.67170800
16.11029200
17.23983300
16.10100000
17.29212500
16.65079200
16.10212500
17.31012500
16.61950000
16.75758300
16.63595900
16.74925000
16.58029100
16.71533400
16.69012500
16.08683300
17.28316700
16.69450000
16.08441600
16.74833400
16.61150000
17.30200000
16.66595800
16.42441700
16.87145800
16.14795800
17.27441700
16.09466700
17.21229100
16.74904200
16.70616700
16.64675000
16.53945800
16.76966700
16.15825000
17.29233300
16.69804200
16.31904100
17.03395900
16.69795800
16.45487500
16.30866700
17.29600000
16.63808300
16.72904200
16.59566600
16.72575000
16.66962500
16.10770900
17.27245800
16.09325000
17.32083300
16.32312500
17.04229200
16.68195800
16.48191700
16.25079200
16.68637500
17.28062500
16.71212500
16.66229100
16.51433400
16.84125000
16.51395800
16.25495800
16.68316700
17.29608300
16.67154200
16.71870800
16.39029200
16.92779200
16.09595800
17.12425000
16.24200000
17.31420800
16.05470900
16.68179100
17.30283400
16.06445800
17.28320800
16.69962500
16.23908400
16.97708300
16.22787500
17.27329200
16.68620800
16.58345800
16.75654200
16.10608300
17.17125000
16.19562500
16.69579200
17.33054200
16.62937500
16.68800000
16.69825000
16.64725000
16.37954100
16.88616700
16.19616700
16.68254100
17.30895900
16.05779100
16.68337500
16.68629200
16.68033300
16.68445900
17.07383300
16.89891700
16.70725000
16.68191600
16.26070900
16.47637500
17.07891600
16.56583400
17.02337500
16.06791600
17.27808400
16.70141600
16.06879200
17.27808300
16.08812500
17.28595900
16.08162500
17.31908300
16.04633300
16.68287500
16.68254200
16.91125000
16.50920800
16.63566700
16.67837500
17.28658300
16.24558400
16.52133300
17.28708300
16.09308400
16.67775000
16.67425000
16.90320800
17.05325000
16.48058300
16.29395900
16.78754100
17.17891700
16.30254200
16.91366600
16.59804200
16.32008300
17.27650000
16.73733400
16.38766600
16.33087500
17.22441700
16.68437500
16.14095800
16.68320900
17.22145800
16.61733300
16.21191700
17.10100000
16.72854200
16.75629100
16.14729200
17.15329200
16.40941600
16.48783400
30.80091600
18.82991700
14.61225000
12.17045800
10.60829200
13.07608300
16.68329200
16.68337500
16.68329200
16.68345800
16.68491700
16.68166600
16.68333400
16.68333300
16.68341700
16.69937500
16.66725000
16.69345800
16.67916700
16.67750000
16.68333300
16.68375000
16.68295800
16.68329200
16.68329200
16.68325000
16.68329100
16.68341700
16.68337500
16.68329200
16.68329100
16.68345900
16.68429100
16.68233400
16.71325000
16.65341600
16.68608400
16.68058300
16.68575000
16.68087500
16.68341700
16.68554100
16.68125000
16.70091700
16.66554200
16.68379100
16.68454200
16.68166700
16.69083300
16.68608300
16.68954200
16.67179200
16.68525000
16.67645800
16.68500000
16.68358300
16.68366700
16.68179200
16.68529100
16.68208400
16.68333300
16.68675000
29.52016700
24.46004100
21.58995900
21.68820800
20.92570800
20.80179200
21.32537500
20.19183300
21.37695900
20.89566600
22.58791700
20.53354200
21.37012500
21.07720800
21.70162500
20.34754200
20.14654100
20.08450000
20.17375000
22.18879200
20.18429200
69.21558300
46.09033300
25.66220900
22.70666600
19.67441700
19.83758300
21.25454200
20.28966700
20.24216600
20.03150000
20.35808400
22.72254100
19.94770900
20.77129100
19.36170900
20.10691600
19.54429200
21.41625000
19.50962500
20.34220800
19.93375000
19.06366700
21.44200000
20.92612500
20.24954200
19.04920800
19.44737500
19.63904200
19.98608300
19.46112500
19.96220800
18.95304200
19.20575000
19.02562500
19.26112500
19.19095800
20.65304200
18.73270800
22.42583400
21.26750000
20.66075000
20.21195800
20.36291700
21.42220800
20.76387500
20.32450000
20.09008300
20.73008400
21.46091600
20.31979200
20.43291700
24.21270800
24.65866700
20.54633300
21.35495800
25.08787500
20.73754200
21.01425000
20.32433300
19.46033400
19.71508300
19.51687500
18.88045800
19.88966700
21.04312500
21.11737500
19.71225000
20.26291700
19.86812500
19.12300000
20.26750000
21.45500000
20.36633300
20.64833300
20.45783400
20.52170800
21.87554200
19.70145800
19.81195800
22.81458400
20.43204100
19.48404200
18.98845800
19.22108400
19.00479100
18.63458400
19.22870800
19.33154200
17.59125000
18.14170800
18.28720800
18.64754200
18.13516700
18.38841600
18.20575000
18.72079200
18.83008300
19.09416700
18.21325000
18.93562500
18.21120800
19.86345900
18.54837500
18.61945800
19.65154200
19.21504100
17.88287500
18.75829200
18.34966700
19.33995800
20.21933300
19.92495900
20.78620800
19.70062500
21.87891700
20.80675000
19.94162500
20.25120800
19.59637500
20.39154200
20.67233300
19.88200000
19.99745800
19.73591700
18.93854200
19.77375000
19.45700000
19.58745800
19.30700000
19.96320800
19.98779200
20.75437500
20.49691700
19.73787500
19.42712500
19.78600000
21.80462500
18.81854100
19.14745900
19.46441600
19.22279200
19.30216700
19.92466600
19.11862500
18.75820900
18.70837500
21.19220800
19.62029200
18.86337500
20.19787500
19.52316600
19.55983400
20.75066600
19.50275000
18.37291700
18.93683300
18.93604200
19.53154200
19.43854100
19.56145900
21.89895800
23.57645800
19.37408400
20.10737500
18.90379100
19.02458400
19.17500000
19.69033300
18.97554200
19.30025000
19.22475000
20.01041600
18.64816700
19.03570800
19.25016700
19.01529200
19.98370800
19.22591700
18.74700000
19.05991600
18.32820900
18.76987500
19.71495800
20.23241700
19.67662500
18.70887500
18.96495800
20.47183300
19.55283400
20.82508300
19.22145800
20.02525000
21.35616700
20.79770800
20.67820900
20.39091600
19.76500000
20.02537500
19.93958400
19.41133300
20.23191700
19.82191600
19.79475000
20.23429200
19.06675000
19.25829200
19.09508300
19.58704200
19.13587500
19.32954100
18.54762500
21.59066700
19.40062500
19.17183300
19.28670900
20.09558300
19.90016700
19.55866600
19.41854200
19.85883300
19.79054200
19.29770800
19.05375000
19.61766700
18.92141700
19.11641600
19.20800000
20.13766700
18.93095800
21.11208400
19.75416600
19.39454200
19.37066700
19.38683300
19.86400000
20.44395800
18.71779200
19.18337500
20.24275000
18.95329200
19.04491600
19.22045900
19.04225000
20.65445800
19.11766700
19.31337500
19.79991600
19.46920900
20.27858300
19.09508300
18.39491700
19.43420800
19.51670900
19.72470800
19.19712500
19.46891700
19.40487500
18.68420800
18.61804200
19.38266600
19.83383400
18.65258300
19.39791700
18.87095800
18.67600000
19.42700000
19.30541700
19.38895800
19.19025000
19.12066700
18.99816600
18.97054200
18.56129200
18.61391600
19.26729200
19.44829200
18.65758300
18.91191700
19.17979100
19.31395900
20.12487500
19.13808300
19.33408300
21.75591700
17.85475000
18.00875000
18.24662500
19.59579200
19.34858300
18.28091700
18.70866600
19.96079200
18.47783300
19.44604200
19.59562500
19.59133300
19.08962500
18.18704200
18.00041700
19.32425000
18.38154100
18.55908400
19.15387500
18.90820800
19.87420800
18.69554200
18.75933300
18.46258400
18.40929100
20.19291700
20.03929200
19.99458300
19.46495800
19.93841700
19.63658300
19.79641700
19.77658300
18.69658400
19.08862500
21.12208300
19.85958300
20.07454200
21.49958300
20.36533400
19.82295800
20.61691700
21.52266600
19.92870900
21.42341600
19.93141700
20.98716700
20.41862500
21.20570800
20.52758300
21.90108400
22.07333300
20.74670800
20.82545900
20.64441600
20.35366700
20.46420800
19.78979200
21.00612500
20.16808300
20.67825000
25.88004200
24.03537500
26.34904200
30.31795800
27.98808300
21.96375000
20.32850000
20.25516700
19.96991700
19.46004100
20.67766700
19.85345800
19.38166700
19.71095800
20.08837500
19.49420900
20.96112500
21.44070800
19.94562500
19.52308300
20.38662500
19.23312500
20.11775000
20.84029200
20.02575000
19.66975000
19.46545800
20.18595900
19.85483300
20.29720800
20.66041700
19.61700000
19.47904200
19.46495800
19.97391700
19.11629100
19.00950000
18.47020900
18.70420800
16.79695800
17.33312500
16.81500000
16.89241700
18.02762500
16.80712500
16.86437500
17.30541700
18.09212500
18.09945800
18.00850000
17.60887500
17.98154200
17.01400000
15.68616600
17.41570900
16.81604100
16.86962500
16.95829200
18.82825000
19.11500000
20.28325000
21.53387500
19.81391700
19.33716600
18.04095900
18.43591600
19.93804200
18.79104200
18.83858300
18.85570800
19.26233400
18.11091600
18.93979200
18.72520800
18.75541700
18.63983300
18.20950000
18.25975000
18.73779200
20.29204200
22.47895800
23.30625000
22.35429200
22.70583300
35.15895800
28.02475000
22.37750000
22.89379200
21.60108300
24.33729200
22.49350000
20.90245800
20.27545900
19.66204100
21.07400000
19.80625000
19.94870900
19.74404100
19.57812500
19.25270900
20.19008300
19.41350000
19.20770800
18.78850000
19.25650000
20.01295900
18.48383300
19.30475000
19.30395800
19.14687500
19.60400000
20.05812500
20.98166700
19.35633300
19.40541700
19.21625000
20.56441700
20.78808300
19.73504200
20.84437500
21.19845800
19.89095800
19.61279200
19.86891700
20.74350000
19.50670800
20.09158300
20.37287500
20.55641700
19.17762500
19.39875000
19.47683300
19.17416700
19.79404200
19.79995800
19.32033300
18.55975000
19.06512500
18.93679200
18.18525000
19.57300000
18.51404200
19.01816600
18.45287500
18.45370900
20.05958300
19.28941700
18.94725000
19.77154100
19.31645900
19.52987500
19.95362500
19.89300000
19.73212500
19.64533300
19.15616700
19.17479100
19.36316700
18.62479200
18.40987500
19.57254100
18.67333400
20.02875000
19.91233300
19.35954200
18.38645800
19.32979200
18.75762500
18.98116600
19.06675000
19.71637500
20.00358400
18.42854100
19.44250000
19.41787500
22.01137500
19.44804200
19.54054200
20.11650000
19.66458300
19.91683300
20.85691700
19.44875000
19.56845800
19.17175000
18.85204200
19.31016700
19.10150000
18.16283300
18.32445800
19.48733400
18.85291600
19.17841700
18.88900000
19.96295800
18.64070900
19.49529100
19.36233400
19.40812500
20.21858300
19.63841700
18.27508300
21.18400000
19.40908300
19.23695900
19.56837500
19.72158300
18.77837500
18.64350000
19.90295800
20.77458400
18.81283300
18.62129200
19.03245800
19.09283300
18.87283400
20.85404100
19.61012500
19.42112500
18.52483400
18.92033300
18.44104200
20.20091600
19.20808400
19.55175000
19.29258300
21.35341700
19.45045800
20.19179200
19.55362500
20.53670800
18.57629200
20.43245800
18.97808300
19.36741700
18.61162500
19.12020800
19.09862500
20.02079200
19.29804200
19.88833300
19.94787500
19.97754200
20.51170800
19.81704200
19.16120800
19.60754200
19.23966600
19.16350000
20.48325000
19.47308400
20.39433300
19.68129200
19.86466600
20.27287500
20.72887500
19.94437500
19.74641700
20.37266700
19.42712500
19.65416600
19.55712500
19.50854200
20.04070800
19.52537500
19.16479200
19.29112500
19.68683300
20.20575000
19.24541700
19.81370800
19.31204200
19.69658300
19.59458400
20.33366600
19.83908400
20.59929100
20.90954200
20.74566700
19.76645800
19.02750000
20.39579200
20.27204100
19.86850000
19.45441700
17.90087500
19.73112500
19.27733300
19.25529200
19.07270800
21.02050000
18.75454200
19.07541700
18.87512500
19.25837500
18.85379100
19.63212500
19.49966700
18.96983300
24.14491700
22.88604200
20.32800000
22.76958300
20.17079200
20.64091600
18.75075000
19.88820900
19.64533300
19.61233300
19.48537500
19.42320900
20.83025000
21.17262500
18.73179100
18.72116700
20.60095800
18.75633400
20.08141600
19.04262500
18.84495900
19.03041600
19.47779200
18.35558300
20.32087500
19.17979200
19.93508300
18.86487500
19.07766700
21.60525000
19.14175000
20.20879200
19.58429100
19.45758400
18.44016600
18.90812500
19.20712500
19.60112500
19.51287500
20.41425000
19.77054200
19.52929200
20.83537500
21.17958300
20.84920800
19.11029200
19.60387500
19.05433300
18.87470900
18.59737500
19.29525000
18.12887500
18.03212500
19.00891600
19.72500000
18.88991700
18.72133300
18.69204200
18.23754200
18.96283300
18.85525000
18.17000000
18.82741700
18.64370800
18.69683300
19.30400000
19.37041700
18.40237500
17.96762500
18.02120800
18.65737500
18.50033400
18.30508300
19.36225000
18.93366700
19.94091600
18.15158400
18.63500000
17.92100000
20.30425000
18.44104100
18.47450000
18.72829200
18.52887500
17.86866700
17.83687500
18.53433300
17.85987500
19.22866700
18.16275000
18.28129100
18.89795900
18.76741600
17.80787500
17.98766700
20.52458300
19.56979200
19.17950000
18.99837500
19.52104200
19.46200000
18.17625000
18.23691600
19.28745900
20.02354100
19.01829200
19.31837500
18.37200000
18.21708300
18.18645900
18.05241600
18.64487500
18.69575000
18.34225000
18.39562500
18.83087500
19.87983400
17.97562500
21.00491600
19.13154200
18.97195800
18.69095900
18.82379100
19.70920900
19.37208300
18.61812500
18.47350000
19.66187500
18.36012500
18.87733300
17.85891700
18.07916700
18.14783300
18.16358300
19.31708400
20.01862500
21.72933300
19.83987500
18.94175000
20.95204200
19.18408300
20.43537500
20.71616700
18.62870800
19.09808300
18.75741700
18.66858300
18.93037500
18.88116700
18.26650000
18.24475000
19.16458300
18.42379200
19.12491700
18.69045800
19.41858300
20.36845900
18.45629100
20.42245900
20.78091600
19.39662500
19.81387500
20.02516700
19.60041700
19.48962500
18.67483300
18.71729200
18.66008300
18.88033300
18.57070900
18.46575000
18.96329100
18.86741700
18.54620800
18.73895900
18.86333300
21.06966700
19.78916600
18.72829200
21.74195800
20.68087500
19.66104200
19.22333300
19.77554200
18.76558300
19.81679200
19.41991700
18.64120800
22.09895800
19.03375000
19.09829200
19.76200000
19.66887500
19.02433300
19.57862500
19.99254200
19.44395800
20.32087500
19.08141700
20.74487500
21.53354200
21.08604100
21.46195900
21.52387500
20.73437500
20.54225000
20.56741600
20.58995900
19.26066600
19.49212500
20.13733400
18.74166600
19.29387500
20.46595900
20.11179100
22.76100000
21.47870900
22.61704100
20.58454200
21.14004200
25.92012500
23.48725000
21.36000000
20.65287500
22.05141600
20.44429200
21.61708300
20.28987500
21.32725000
21.14633400
21.04550000
20.83462500
21.42170800
21.48516700
20.71929100
20.83975000
22.78754200
22.50029200
25.22466600
24.17266700
23.06120800
26.82812500
21.79129200
25.47162500
24.95300000
24.14175000
21.16583300
22.79400000
24.03137500
20.52441700
21.87066700
22.56841600
21.22987500
20.95187500
21.14233400
19.65145800
20.45700000
21.09391700
24.09112500
26.67033300
32.26808300
28.59912500
20.50812500
24.11595900
24.48741600
27.94025000
23.34341700
23.22441700
23.50320800
21.98250000
20.67191700
19.74729100
31.03900000
23.86433400
20.66312500
24.81070800
23.05870800
26.10812500
25.08358400
26.50037500
26.81975000
22.07020800
20.67379200
20.99258300
20.73470800
20.88158400
20.84041600
20.44816700
21.09650000
21.28895800
21.73487500
19.49995900
22.34904100
22.93025000
24.74204200
25.90575000
24.73145800
26.67929200
21.53154200
22.63312500
19.10525000
20.74266600
25.09183400
22.43908300
20.55579200
24.45737500
18.50379100
21.53541700
20.42154200
21.03887500
24.59091600
23.25895900
24.68912500
20.89512500
26.50120800
20.55937500
22.13300000
23.23425000
19.89654200
22.59645800
19.71291700
19.17087500
19.92595800
22.45370800
26.20183400
23.10395800
28.33650000
103.29170800
42.60995900
24.50954100
19.99800000
20.40108400
20.69512500
20.51129100
19.43633400
21.80466600
19.84008400
24.05316600
24.08775000
20.96920900
20.60345800
22.74987500
23.38575000
22.86087500
23.25841700
22.97554100
24.57904200
21.84733300
20.83933400
21.44487500
23.06895800
22.31779200
20.61108300
20.22870800
21.15929200
20.36487500
20.14125000
21.17691700
21.66941600
21.57787500
21.16887500
21.89108400
21.26375000
21.63283300
20.55066700
20.39425000
20.93595800
20.66350000
20.06245800
22.86070900
20.13750000
20.88833300
21.84612500
22.00354200
21.90587500
22.94037500
23.00687500
21.31037500
20.57225000
23.31362500
20.37041600
19.73395900
19.92054100
19.66495900
19.16037500
20.70245800
21.39179200
20.46187500
19.87954100
19.77487500
20.33950000
19.27925000
19.33087500
19.58420900
20.48754100
19.20400000
19.63587500
20.23575000
21.63916700
19.15804200
20.55091600
21.85366700
22.07391700
20.32129100
21.39833400
20.53029100
21.74562500
20.72641700
21.16033300
21.47808400
21.27137500
20.50112500
21.31525000
20.87591600
21.99875000
21.21075000
20.23712500
20.07516700
22.17995800
20.76383400
20.42087500
20.58162500
20.33441600
20.99900000
20.82525000
21.65754200
21.06041700
23.21370800
23.59975000
21.93270800
22.96479200
22.37575000
20.64108300
21.41670900
21.98091600
23.05512500
21.84945900
21.20245800
21.78362500
21.51779200
21.17929100
23.18362500
21.36929200
21.06912500
21.52270800
23.15687500
22.32416700
21.79437500
21.09066700
22.50970800
24.74241700
24.51887500
30.53229100
38.64925000
28.82429200
22.88083300
27.07912500
42.80370900
32.84608300
25.98312500
25.16283300
25.86775000
25.85275000
23.63337500
22.37037500
23.29654200
24.98491700
23.05170800
23.61291700
22.76191600
22.85329200
22.26212500
22.37345800
20.44495900
22.16800000
21.72633300
21.14054200
22.30091600
21.73458400
20.83125000
21.60191600
20.83170900
21.17500000
20.92195800
21.85733300
21.86416700
22.17037500
22.77225000
21.90845800
23.17079200
20.89941700
21.39837500
22.05370800
21.03795800
22.58800000
21.21337500
21.02887500
20.93654200
22.55979200
22.44054100
20.80633400
21.83808300
21.63487500
20.73341700
23.56391600
21.59166700
21.22095800
22.66183400
21.97991600
21.61058400
21.85500000
20.89216600
23.14745900
21.92475000
23.19479100
21.92508400
20.98462500
22.82087500
22.03741600
21.36912500
21.27750000
20.51420900
19.88579100
21.01579200
20.55237500
22.07704200
23.50083300
21.81291700
21.25137500
21.65379100
22.63225000
21.07366700
22.10062500
21.26683300
20.76637500
1.04066700
9.85912500
11.24900000
11.13208300
10.91162500
11.23916700
11.95841700
11.85020800
10.86495800
12.95470900
11.64325000
12.05275000
12.79733300
12.90687500
12.35437500
11.88812500
13.07933300
11.48758400
15.76812500
16.62920800
16.68437500
16.68204200
16.68354100
16.68291700
16.68350000
16.68312500
16.68341700
16.68325000
16.68341600
16.68337500
16.68316700
16.68345800
16.68320900
16.68329100
16.68341700
16.68333300
16.68329200
16.68337500
16.68337500
16.68345800
16.68320900
16.68320800
16.68337500
16.68337500
16.68325000
16.68341700
16.68341600
16.68325000
16.68337500
16.68350000
16.68308400
16.68333300
16.68370800
16.68295900
16.68333300
16.69516700
16.67154100
16.69562500
16.68720900
16.66720800
16.68329200
16.68341600
16.68333400
16.68329100
16.68329200
16.68595800
16.69862500
16.66562500
16.68354200
16.68287500
16.68358300
16.68320900
16.68620800
16.68045800
16.71741700
16.64929200
16.69212500
16.67541600
16.68258400
16.68333300
16.69154200
16.67487500
16.68358300
16.68329200
22.63287500
10.73383300
19.88541700
16.02091600
17.33808400
16.78600000
16.95687500
15.46400000
17.25129100
15.09283400
17.46679100
15.07516700
18.19866700
14.84929100
18.87537500
16.35287500
21.71862500
15.73175000
16.73283400
15.34441600
17.17779200
15.05512500
17.07266700
14.81108300
16.40954200
15.10983300
18.39225000
14.71466700
18.67916600
14.70441700
18.74408300
14.79858400
18.36966600
15.07766700
18.37850000
14.86862500
18.81491700
15.05933300
18.17750000
14.55429200
18.42620800
15.80979200
19.12375000
16.20858300
16.93904200
14.66741600
17.66629200
14.51508300
18.92670900
15.29183300
18.01087500
14.49370800
19.05458400
14.35154100
18.98379200
14.57666700
19.09304100
14.20670900
18.82412500
14.35245800
19.18991700
14.74195800
18.77083300
14.71820900
19.61279100
15.47658400
18.64616600
14.30841700
16.91554200
14.45320800
18.98541700
14.38120800
19.09687500
14.27825000
19.22270800
14.13529200
19.04783300
14.31887500
19.00583400
14.36562500
19.34054100
14.02120900
19.42154100
14.52745900
18.71400000
14.07579100
19.20558400
14.15575000
19.33462500
14.42941600
19.06937500
14.96204200
18.08508300
14.21937500
19.34479200
14.02208300
19.50629200
13.86012500
19.56620800
13.85170900
18.92400000
14.43637500
19.17787500
14.14820800
18.81516700
14.54733300
18.88920800
14.47720900
19.13120800
14.23558300
18.89720900
14.47000000
19.25833300
15.74566700
17.57825000
14.15058300
19.57333300
14.02162500
19.36208400
13.77608300
19.43770800
13.92933400
19.47175000
14.04129100
19.71162500
13.50841700
19.50325000
15.81454200
18.09850000
14.24637500
18.92258300
13.88529200
19.58608300
13.41875000
19.61704200
13.74125000
21.54525000
12.76395800
21.17233300
11.46000000
22.12758400
11.39720800
22.14858300
11.16745900
20.44983300
12.87445800
20.02658400
13.06645800
20.53754200
12.82900000
20.33179100
13.04345900
20.22325000
13.13525000
19.86945800
13.49683300
20.33562500
13.03108400
19.95175000
13.42558300
20.11470800
13.25437500
20.22691700
13.12675000
20.57729200
13.28200000
19.78162500
13.54395800
20.29454200
12.62050000
19.57158300
13.79500000
19.99700000
13.36975000
19.45000000
13.91908300
20.36175000
13.00266700
19.83837500
13.52875000
19.64604200
13.72008300
19.38466700
13.98187500
19.53154100
13.83504200
19.69791700
13.66887500
19.66804100
13.69854200
19.59450000
13.77225000
19.39683300
13.96995900
19.35754100
14.00900000
19.29941700
14.06725000
19.78170800
13.58620900
19.91945800
13.44595800
19.93975000
13.42704200
20.53695800
12.82970900
19.47920800
13.88737500
19.62683300
13.73991700
19.60166700
13.76945800
19.47341700
13.88875000
19.67141600
13.70341700
19.71341700
13.64516600
19.58925000
13.77845900
20.01379100
13.35183400
19.87545800
13.49120800
19.87137500
13.49654200
20.72487500
12.64175000
19.68162500
13.68387500
19.51729200
13.85316600
19.78958400
13.58420800
19.87450000
13.48112500
20.70658300
12.66025000
19.91320900
13.45533300
20.41025000
12.95541700
19.61779100
13.74783400
19.47991600
13.89887500
19.59958400
13.75595800
19.61604200
13.74962500
19.62629100
13.74183400
19.65158300
13.71370800
19.69179200
13.68504200
19.61345800
13.74287500
19.58591700
13.78083300
19.70283300
13.66383400
19.74295800
13.63441700
21.30079100
12.05708400
20.37837500
12.98641600
20.35770900
13.00883300
20.70245800
12.66433400
20.19100000
13.17716600
20.21937500
13.14858400
20.14762500
13.22054100
20.47908400
12.88491600
20.47108400
12.89395800
20.50433300
12.88375000
20.91358400
12.43162500
20.38250000
12.98416600
21.07583400
12.29862500
20.62304100
12.73579200
20.41112500
12.95716700
21.53337500
11.83595800
21.36125000
12.00295800
32.60420900
11.42087500
29.74533300
15.27170800
31.89850000
11.31762500
20.67416700
9.25275000
22.17891700
9.79833300
22.46437500
9.29516700
34.48725000
12.86225000
24.62700000
8.91712500
20.79454100
8.71550000
21.15875000
8.65729200
19.65358300
8.30983400
20.84845800
8.73800000
20.97037500
8.92662500
21.14525000
8.41795800
22.99645900
8.76741600
26.23691700
11.32216700
22.81720800
9.12600000
22.35791700
8.24966600
22.10095900
8.00408300
22.19204200
8.02795800
21.52366700
8.04845800
21.64595800
8.39995900
22.07695800
10.39300000
22.14312500
11.21775000
21.50512500
11.86162500
21.68287500
11.69200000
21.44091700
11.91695800
21.85795800
11.55104200
21.67266700
11.65262500
21.42579100
11.94216700
23.06754200
10.29787500
21.63837500
11.74587500
22.03583300
11.31295800
23.29520900
10.07250000
21.91620800
11.45770800
22.51725000
10.84091700
22.54383300
10.83795900
22.79812500
10.55416600
21.76833400
11.59862500
21.83629100
11.54500000
21.46404200
11.88658300
21.82070900
11.55500000
23.52925000
9.82841600
22.79320900
10.57283300
21.60554200
11.76283300
21.75375000
11.61212500
21.65325000
11.75054200
21.51316600
11.93562500
21.27837500
12.00412500
21.46129200
12.01408300
21.61866700
11.60462500
23.14904200
10.22450000
23.34750000
10.01387500
19.81708300
13.68775000
20.02425000
13.37183300
20.41904200
12.77708300
20.49333400
12.87379100
20.01762500
13.35616700
21.52612500
11.83362500
21.40958300
11.96354200
21.35433300
12.00662500
25.44454200
7.92512500
24.91445800
8.44958400
23.76070800
9.60916700
23.07308300
10.28833300
22.95108400
10.41570800
23.01554200
10.42562500
22.40016600
11.09170900
22.72604100
10.46512500
20.16712500
13.17550000
20.28454200
13.54325000
20.22987500
13.02141700
20.49045800
12.94783300
20.10612500
13.27304200
20.63195800
12.62500000
20.28887500
13.23866700
20.17604200
13.07325000
20.11866600
13.38420900
19.11116600
13.76679200
19.16450000
14.81104200
19.05870800
14.28662500
18.92345800
14.43637500
18.92387500
14.47225000
18.94200000
14.39850000
18.62154200
14.17095800
20.29920900
13.67629100
19.69766700
13.03950000
19.57283300
13.79695900
19.83354100
13.53045900
19.73220800
14.23562500
19.64625000
13.71662500
20.37125000
13.03658300
19.73154200
13.58962500
19.59295800
13.77362500
19.51250000
13.88370900
19.24175000
14.11625000
19.32837500
14.00891600
19.01687500
13.76950000
19.31408400
14.68666600
19.41929200
13.90050000
19.03783300
14.35645900
19.19158300
14.19079200
19.46500000
13.86225000
18.93854100
13.83454200
19.12954200
14.23529100
19.80258400
14.14983300
19.07812500
13.70495800
19.41145900
13.95416600
21.05945900
12.80916600
21.11691700
11.74708300
20.94333400
12.63758300
21.44720800
11.70508400
21.60500000
11.76166600
21.28437500
12.59833400
21.34825000
11.50116600
22.19962500
11.17770900
21.78787500
11.56920800
21.66845800
11.70191700
21.18770800
12.77591700
22.60858300
10.25125000
21.60825000
11.86166700
21.32716700
12.08950000
21.05325000
12.52229100
21.38795900
11.87441600
21.92087500
11.17483400
22.01495800
11.28141700
22.31000000
11.48891600
22.99191700
9.93166700
22.62962500
11.16983300
22.43062500
10.84595800
22.71262500
10.60220900
22.58591600
10.78829200
24.40683300
8.66079200
23.29166700
10.30341600
22.24566700
10.89662500
22.35708300
11.25666700
22.45587500
10.66033300
22.65354200
10.81791700
22.08125000
11.18004100
22.09012500
11.87154200
22.46783300
10.67891700
22.54912500
10.86433300
22.56891700
10.82250000
22.27487500
10.64633300
22.18258400
11.18266600
22.37987500
11.53295900
22.51908300
10.75245800
22.28995900
10.84679100
22.55162500
11.10320900
22.16229100
11.22950000
22.38008400
10.45229100
22.87708400
11.05883300
22.76787500
10.26820800
23.37004200
10.22179200
21.59825000
11.48679100
22.77483400
10.41033300
22.58500000
11.38129200
22.52191600
10.75125000
21.65433400
11.78137500
21.73616600
11.05591700
22.69033300
11.29975000
22.84391700
10.48254200
22.74670800
10.61887500
23.01750000
9.85941700
22.31116600
10.96304200
22.81058300
10.56766700
22.55620800
10.80270900
22.87150000
10.49179100
22.79483400
11.16708300
22.67758300
10.09204200
21.60062500
11.88841700
22.12345800
11.71595800
22.40087500
10.46304200
22.92179200
10.95987500
21.36695800
11.96716700
20.79750000
12.63500000
21.08800000
11.66291600
21.30720900
12.37375000
20.98520800
12.04279200
21.01870800
12.95412500
20.82104200
12.53408300
20.70316700
12.69033300
20.90575000
12.45970800
21.99000000
11.33612500
22.12200000
10.66470900
21.99879100
11.36808400
22.17683300
11.78420800
21.59966700
11.62025000
21.76575000
11.77295800
21.70766700
11.63500000
22.61400000
10.17766700
22.50312500
10.85095800
22.42537500
11.10045800
21.95104200
11.83512500
22.29112500
11.10279200
21.77704100
10.98508400
22.68916600
11.27433400
21.63816600
11.76120900
21.98750000
11.10608300
21.94200000
11.65404200
21.04087500
12.35650000
22.34012500
10.41683300
20.84658300
12.50479200
21.45741700
12.54925000
20.97554100
12.36541700
20.82166700
12.51129100
21.31116700
11.47762500
21.61008300
11.79879200
21.16420800
20.89437500
8.41512500
16.66200000
21.45329200
20.76758300
7.66650000
20.47375000
13.22620900
21.21962500
12.07412500
20.98541600
12.27783400
21.47200000
12.05766600
21.22766700
12.09658300
21.53820900
11.38958300
21.40037500
11.84283300
21.56600000
12.07591700
21.28254200
11.80837500
21.44829100
12.52208400
21.34420800
11.98500000
20.91491700
12.45645800
21.37241700
12.02487500
21.62795800
11.73795800
20.56808400
12.76820800
21.01370800
12.35562500
20.60716700
12.79395800
20.73429200
12.60183300
20.91558400
12.47400000
20.85029100
11.91612500
20.74008400
13.18800000
20.32325000
13.07337500
20.91375000
12.43870800
20.66725000
12.69308300
20.67425000
12.67595900
20.86950000
12.47512500
20.86166600
12.50220900
21.03762500
12.36654100
21.22591700
12.17641700
21.00637500
12.34058300
20.85025000
12.50862500
21.02666700
12.36429100
20.65487500
12.11241700
21.00350000
12.75545800
22.00879200
10.96495800
20.87700000
13.05120900
21.20104100
12.17854200
20.69383300
12.68508400
21.35529100
12.01316700
20.52900000
12.82004200
20.40379100
12.99012500
21.02725000
12.34116700
20.38225000
12.95795800
21.09133400
11.70191600
20.57466700
13.39733300
21.37929200
11.96404200
20.51312500
12.87587500
20.78562500
12.58533300
20.57483300
12.76283400
20.64683300
12.76041700
20.80983300
11.93658300
20.60116700
13.29504200
21.07987500
12.34208300
20.72166700
12.66487500
20.82150000
12.51583300
20.64962500
12.72433300
20.58183400
12.20970800
21.24612500
12.68929200
20.99658300
12.37025000
20.42008300
12.98204200
20.69895800
12.14191700
20.55295800
13.30829200
20.73266700
12.23562500
20.88987500
12.88979100
18.56237500
14.68383400
17.72450000
15.66116600
17.55016700
15.77016700
17.45950000
15.91454100
17.57516700
15.33658300
17.22754200
16.60841700
17.59345800
15.30395800
17.52708400
16.31291600
18.78241700
14.66375000
19.00900000
14.33720800
18.77508400
14.61200000
18.70516600
14.68091700
18.78966700
14.54395800
18.73654200
14.66883300
18.41466700
14.37420800
19.26416700
14.63654100
18.95037500
14.45891700
19.94829200
13.43679100
20.41270900
12.89845800
22.32383300
11.04658400
21.38558300
11.96520800
21.92850000
11.39933400
21.20379100
12.24637500
20.82166700
12.39429200
20.73562500
12.80108300
20.26566700
13.09375000
20.39725000
12.99083300
20.29954200
13.03420800
20.50645800
12.53291700
20.57850000
12.75391700
20.47820800
12.88237500
19.98837500
13.74545800
20.27025000
12.63233400
19.95370800
13.90645800
20.57320900
12.22329100
21.11420900
12.82300000
20.10858300
13.18950000
19.78312500
13.05683300
21.63541700
12.30720800
32.36195900
4.50304100
36.66329200
2.83779200
24.45383300
1.42495800
22.47504200
8.53804200
22.29175000
10.96495800
22.20370800
10.90000000
21.80495900
11.57933300
21.78854200
11.55933300
21.40358300
11.96304200
21.32975000
12.61770800
21.37383400
11.97929100
19.28366700
13.53341700
16.82054100
16.70387500
16.83091700
16.77850000
16.58812500
16.77533300
16.58233400
16.36958300
17.31100000
16.05558300
17.10900000
16.65575000
16.74533400
16.65491600
17.18320900
16.21312500
16.59308300
16.31225000
16.68337500
17.13687500
16.56233300
16.85625000
21.75462500
11.10662500
21.79300000
12.15983400
21.74604100
11.61887500
21.57820900
11.20508300
22.05716700
11.88166600
21.89354200
11.50204200
19.45433300
13.35479200
18.92225000
14.86320800
18.68787500
14.80283300
19.95908400
13.40258300
18.50962500
14.76583300
19.53545900
13.89758300
19.33079200
14.04729100
19.32425000
14.03341700
18.75304200
14.63066600
19.52254200
13.82733300
21.63604200
11.74125000
22.00154200
11.38770800
21.82116700
10.95212500
22.22541600
11.73262500
22.12870900
10.64625000
21.93183300
12.02600000
22.30895800
10.46687500
22.18237500
11.80179200
22.57787500
10.79341700
22.20575000
10.53854100
21.82583400
11.66254100
21.47595900
11.76900000
21.51454100
12.41504200
21.48870800
11.91333400
21.72916600
11.04062500
21.80533400
12.14941600
21.94716700
11.41608300
21.46016700
11.32041700
21.88966600
12.04816700
21.61220800
11.77195900
21.46029100
11.92008400
21.83533300
11.09125000
21.52612500
12.24358300
21.73000000
11.69250000
22.92795900
9.81895800
24.85875000
8.51587500
23.61870800
10.33845900
22.06558300
10.70112500
21.75329200
12.18445800
22.12691700
10.66879100
22.40162500
11.55525000
21.50170900
11.85045800
21.77762500
11.61116700
21.64408300
11.73604200
21.55683300
11.76816700
21.14333300
12.26737500
21.95187500
11.09200000
21.36987500
11.70579200
21.83995800
12.12629200
22.09412500
11.27770800
22.13945800
10.62250000
22.15212500
11.21458400
21.22170800
12.14575000
21.67225000
12.25700000
23.09583300
10.26454200
20.88616700
12.50495800
20.68520800
12.09987500
20.45604200
13.48295800
20.37133400
13.02979100
20.73141700
12.60758300
18.45545900
14.84679100
18.66745900
14.73808300
19.04308300
13.77012500
18.69133400
14.67533300
18.65450000
15.22000000
18.80770800
14.62579200
18.89675000
14.44454200
18.73237500
14.65491600
19.13445900
14.24791600
18.97854200
14.35370800
18.61112500
14.77683400
20.05070800
13.34791700
19.60920800
13.50475000
19.72783300
13.88741700
19.76983300
13.59516700
19.20937500
13.55854200
20.00808300
13.94825000
19.90841700
13.46579100
19.54783400
13.22166600
19.71037500
14.24895900
20.11487500
12.65904100
20.45100000
13.49029200
20.06629200
13.31891600
20.34308400
13.02137500
20.16945800
12.61883300
20.28037500
13.07375000
20.37083400
13.06529100
20.65533400
13.21337500
20.24566600
13.12495900
19.85400000
12.94241600
20.28283400
13.65991600
20.30145900
12.49375000
20.24595800
13.27566700
20.29916600
12.90612500
20.07129200
13.29329200
21.58625000
12.35737500
20.30345800
13.10795800
20.36387500
12.94841700
19.94337500
13.44716700
19.44950000
13.92954100
19.50895900
13.82412500
19.38325000
13.79404100
19.84362500
13.74266700
20.40816700
12.94062500
20.36729100
13.00312500
20.58987500
12.80554200
21.45787500
11.89162500
20.92212500
12.41554200
20.41950000
12.96554100
20.72475000
12.62704200
20.81791700
11.97625000
20.64483300
13.31587500
20.63695800
12.70587500
20.72441700
12.07108300
20.46333400
13.52541600
20.70979200
12.64358300
20.62520900
12.13262500
20.57625000
12.82708300
20.92858300
12.99412500
20.45091700
12.76500000
20.67545800
12.88570900
21.21750000
12.12358300
20.59087500
12.75608300
20.58700000
12.18858400
20.58291600
13.40691700
20.74750000
12.58970800
20.40050000
12.98712500
20.67470900
12.49162500
20.61829100
12.92808400
20.59158300
12.18116700
20.98687500
12.56579100
20.81725000
12.94766700
20.69133300
12.68237500
20.60370900
12.79212500
20.27533300
12.47854200
20.28625000
13.65925000
20.21304100
12.56691700
20.07008300
13.88512500
20.12145900
12.65654100
19.91508400
13.45200000
20.36954100
13.58283400
20.51191600
12.86954200
20.57670800
12.80687500
20.68562500
12.57608400
20.49191600
12.78533400
20.62875000
12.32258300
20.58383300
13.35650000
20.28241700
13.09441700
20.23158300
13.15758300
20.11237500
13.28516700
20.11875000
12.61529200
20.41600000
12.93816600
20.12283400
13.87220800
20.05445800
13.28079200
20.18408300
12.58745900
19.77658300
14.20833300
19.69525000
13.05287500
19.70133400
13.66400000
19.24654100
14.71229200
19.67945800
13.31825000
19.87391700
13.27075000
19.75320800
13.75862500
19.18279200
14.60562500
18.98441700
14.40475000
18.92495800
14.45841700
18.91766600
13.84183400
18.44170800
15.44662500
18.82016700
14.19520800
18.78037500
14.94370800
18.89941700
14.50754200
18.61062500
14.77029100
18.81404200
14.53137500
18.61704200
14.74320800
18.74891700
14.23012500
18.72750000
14.47154100
18.44075000
14.92645900
18.63000000
14.73612500
18.70908300
15.23587500
19.61308300
13.78308400
19.71091600
13.68883400
19.70412500
13.50566600
19.86258400
13.62504100
19.95916700
13.41237500
20.03758300
13.01991700
20.26491700
13.41216600
20.31595900
12.75633300
20.65883300
13.00591700
20.53491700
12.34983300
20.75025000
12.50733300
21.16037500
12.79358400
21.31729100
12.03225000
21.29429200
11.47875000
21.90904200
11.45762500
22.08166600
11.28537500
21.85266700
12.11308300
21.90900000
11.47533400
22.10087500
10.64950000
21.47408300
12.48316700
21.78883300
11.58916700
23.51470800
9.85416700
22.29129100
10.47087500
21.83837500
12.15116700
22.15195800
11.20887500
22.06562500
11.28354200
22.05520800
11.32854200
22.02958300
11.09366700
22.15004200
11.44120800
22.15095800
11.24033400
22.28320800
11.10333300
22.70733400
10.01712500
22.49837500
11.45816600
21.86187500
10.91662500
22.11137500
11.86691700
22.32125000
10.43191700
22.22900000
11.13825000
22.28050000
11.64591600
22.17245900
11.01833300
22.21133300
11.36187500
18.65512500
14.12058400
18.90495800
15.01029200
19.14912500
14.28870800
19.35925000
13.99366700
19.79133300
12.96954200
19.78579100
14.21891700
19.05254200
14.25566600
19.37670900
14.00962500
20.03470800
13.36716700
19.93733300
13.40637500
19.81266700
13.53220800
19.99583300
13.39804200
19.32437500
13.43458300
19.38783400
14.54141600
19.12891700
14.28616700
19.07229100
14.29687500
19.51904200
13.81670800
19.46608400
13.91633300
19.36795800
13.96991700
19.74333300
13.63579200
19.41212500
13.95954200
19.55820800
13.22025000
20.42266700
13.52866600
19.26095900
14.10854100
20.54995900
12.84579100
20.48000000
12.26329200
20.82833300
12.60629200
19.95554200
13.98662500
19.85466600
13.48466700
20.79895800
11.95083400
20.13841600
13.46862500
19.99020900
13.73133300
20.08233300
12.68904200
20.69820800
13.28687500
19.24162500
14.10425000
19.42212500
13.94066700
20.34662500
13.04962500
21.99895800
11.36304200
21.12650000
12.22812500
20.68558300
12.07370900
20.22037500
13.74425000
19.97900000
12.78962500
19.06058300
14.30550000
18.43229200
15.05175000
18.53237500
14.71795800
18.68254200
15.03625000
18.10841600
15.45116700
18.65833300
14.75970900
18.76475000
14.58191600
18.72829200
14.06183300
19.63050000
13.75104200
19.65250000
14.25716700
19.54650000
13.32762500
19.83725000
14.05766600
19.90095900
13.46837500
20.14045800
13.26054200
20.34941600
12.98975000
19.60820900
13.74525000
19.69025000
13.72445800
20.47845800
12.83762500
19.73504200
13.63966700
20.81195800
11.96170800
21.85725000
11.50833400
26.46341600
6.90195900
21.38658300
12.61525000
21.76129200
11.55079100
19.74537500
13.61579200
19.65275000
13.14083300
18.82429200
15.16470800
18.91012500
13.83145900
18.62545800
14.74183300
18.40725000
15.50600000
19.81212500
13.60550000
19.56125000
13.80729200
19.47391700
13.91791600
19.50654200
13.49966700
19.50016600
14.19979200
19.43366700
13.96070800
19.62837500
13.71433300
19.34887500
14.01937500
20.51595900
12.86975000
20.40770800
12.92966700
20.34987500
12.42445800
20.30204200
13.69775000
20.55150000
12.78033300
20.25958300
13.07950000
20.11120900
13.32666600
20.44033400
12.60612500
19.61537500
13.42858300
20.09966700
13.85570800
21.64029200
11.74150000
20.98737500
12.33150000
21.68325000
11.74795800
21.58712500
11.22025000
20.70933300
13.19316700
21.19395800
11.57675000
21.54291700
11.82770800
21.41591700
11.94687500
21.57641700
12.38375000
21.82416600
10.94900000
21.52170900
12.44120800
21.49329200
11.89083300
21.54583300
11.82750000
21.24775000
12.08845900
21.00250000
12.37254100
21.53925000
11.86454200
21.49125000
11.78100000
21.52095800
11.90225000
21.43316700
11.92458300
21.35770900
12.00091600
21.35537500
11.48920900
20.97208300
12.33575000
20.78516700
12.88779100
20.86237500
12.77633400
20.90879100
12.47854200
20.88050000
12.50566700
20.51829100
12.81679200
21.03870800
12.36062500
20.55037500
12.82362500
20.90358400
12.40579100
21.16575000
11.63170900
21.23145800
12.77579200
20.80262500
11.92466600
22.75337500
11.19837500
22.68225000
10.09687500
21.29020900
12.67437500
21.61191600
11.77208400
21.76995800
11.59033300
21.92958400
11.42079100
21.59420900
11.76387500
21.87900000
11.52150000
21.37583300
11.96512500
22.30904200
11.05275000
21.41404100
11.98541700
21.79291700
10.95887500
21.47962500
12.47570800
22.06679200
11.31762500
22.18504100
10.57400000
21.71666700
12.24608300
22.14929200
11.22541700
21.45266600
11.31404200
21.25825000
12.69900000
21.78933300
11.59787500
21.47541700
11.88887500
21.24987500
12.08787500
21.67033300
11.56345900
21.68887500
11.84812500
21.00733300
12.31804200
21.98450000
21.26375000
6.24620800
20.90358300
13.04312500
21.96125000
10.79691700
21.14787500
12.80533300
21.30733400
12.01158300
21.07858300
11.74970900
21.13895800
12.22750000
20.76220800
12.61120900
20.34095800
13.63158300
20.76850000
12.56516700
20.92054200
12.44362500
20.49887500
12.77637500
21.31945800
11.57462500
20.27504200
13.63529100
20.22266700
13.19587500
20.51095800
12.83308400
20.70445800
12.65062500
19.88087500
13.49854200
20.01258300
13.34491700
20.11100000
13.26366600
20.17937500
13.18616700
19.82379200
13.53395800
19.17058300
14.20533400
18.70437500
14.69637500
18.57458300
14.73175000
18.98958300
14.38345900
19.78220800
13.63283300
20.64233400
12.72295800
19.82945800
13.51533400
20.04200000
13.31141600
19.93891700
13.42354200
20.62141600
12.75654200
20.36287500
12.99020800
20.84650000
12.55700000
21.12458400
12.21650000
20.87791600
12.48529200
21.01504200
12.40079100
21.30791700
11.43075000
21.52208300
12.42033400
21.22733300
11.56358300
22.05533400
11.86162500
23.08683300
10.30570800
21.62162500
11.16887500
21.49366700
12.47370800
21.37762500
11.96800000
21.53150000
11.87916700
21.54258300
11.82000000
21.37812500
11.89950000
21.26179200
12.20020800
21.38000000
11.36075000
21.48962500
11.88170900
21.17541600
12.79700000
21.16595900
11.59029100
20.97762500
12.98516700
21.35770800
11.99879200
21.26025000
11.53633300
21.37591700
11.97637500
21.25170800
12.68791700
21.29262500
12.10616700
21.54875000
11.78520800
21.31195800
12.05704200
21.21895800
12.07983400
21.29658300
12.12291700
21.40491600
11.41012500
21.58754200
12.34595800
21.39562500
11.96533400
21.48150000
11.87083300
21.67558300
11.13533400
22.25929100
11.10683400
22.05629100
11.88304200
21.41650000
11.98141700
21.68970800
11.07300000
21.31720800
12.61183400
21.26212500
11.54929100
21.41545900
11.94408300
21.40550000
12.53612500
21.53070800
11.86616700
21.37400000
11.38762500
21.22379200
12.54895800
21.38716700
12.17679100
21.42358400
11.95104100
21.50687500
11.42279200
21.37366700
12.39600000
21.55016600
11.84120900
21.66875000
11.67750000
21.58754100
11.77437500
21.38270900
11.41625000
21.59016600
12.00454200
21.32095800
11.81745900
21.47845800
12.49029200
21.15500000
12.15437500
21.49070800
11.90037500
21.75254200
11.63925000
21.61504100
11.71591700
21.91145800
10.88766700
22.01762500
11.94670800
22.40120900
10.94291600
21.71108400
11.08141600
21.26358400
12.70725000
21.22041600
12.13525000
21.03700000
11.73554200
21.62183300
12.35837500
21.86550000
11.48891700
21.68479200
11.65887500
21.96925000
11.42187500
22.22300000
10.77662500
21.87579100
11.26079200
21.44591700
12.49479100
21.48883400
11.29812500
22.14341600
11.63750000
21.76687500
11.75037500
21.87341700
11.47204200
21.72583300
11.71329200
22.11141600
11.23695900
22.03220800
11.33912500
21.65945800
11.10591700
22.61158300
10.75400000
22.41316700
11.55058300
77.99637500
2.52458400
29.76304100
1.24962500
21.74295900
0.97770800
21.77866700
1.46970800
22.87212500
1.34925000
21.14283300
1.12233400
20.99391600
8.48554200
21.08075000
11.78687500
21.11058300
12.25600000
21.13779200
12.22925000
20.84304200
13.11445800
21.38645800
11.99908400
21.40195800
11.35454200
20.97645800
12.94312500
20.84587500
12.58000000
21.40629200
11.34837500
21.13458300
12.23212500
20.87108300
12.49587500
20.81300000
12.55333400
21.27704100
12.66970900
21.33533300
12.03845800
21.01404200
12.33666700
27.87700000
4.93537500
22.81841600
11.10329200
22.38795800
11.01000000
22.63487500
10.12870900
22.21850000
11.74404100
22.36800000
11.00787500
22.57337500
10.75829200
22.45816700
10.83395800
25.08737500
8.14779200
25.92962500
7.26500000
26.70379100
6.47545900
22.67504100
11.28416700
23.14208300
10.23279200
22.45733300
10.60925000
22.03016700
11.32716700
21.89783300
11.39145800
21.65808400
12.05895800
21.68183300
11.72150000
21.60025000
11.29062500
21.25500000
12.40745900
21.16020800
11.81800000
21.04812500
12.63591700
21.98341600
11.62833400
21.96050000
10.80675000
21.83808300
12.13575000
21.98633300
10.77320900
22.09808300
11.86345800
21.78666700
10.98945800
22.03004200
11.34279200
21.60345800
11.75241700
21.72212500
12.21312500
22.02287500
10.78416600
21.67666700
11.87929200
21.42741600
12.36295900
21.67308300
11.07162500
21.36220800
12.00441700
21.66570800
11.70108400
21.61616600
12.34258400
21.52329100
11.25212500
21.55250000
11.81345900
21.97875000
11.39666600
21.24662500
12.11129200
21.15870800
12.80145900
21.26950000
12.12975000
20.74400000
12.58908300
19.99258300
12.78233400
19.97904100
14.00700000
19.23704200
13.51037500
19.30008300
14.61254200
19.36933300
13.45083400
19.96095800
13.98754200
19.23062500
14.15541600
19.07620900
14.31945800
19.55229200
13.41708300
19.24745800
14.45154200
19.40429200
13.39737500
18.80616600
15.07745900
19.56983300
13.35670800
19.39312500
14.49595900
19.39087500
13.96466600
19.30737500
14.03604200
19.16962500
14.23708300
19.68083400
13.14179100
20.16208400
13.22087500
19.53908300
13.75695800
19.54145900
14.40766600
19.33770900
14.02279100
19.91579200
13.50058300
22.38458400
10.35104100
21.07904200
12.83687500
19.07650000
14.34104200
18.19870800
14.56754200
22.21920800
11.14625000
21.82770800
12.11495900
28.81795800
3.97420800
26.92604200
6.43933300
22.60608400
11.31604100
22.47845900
10.37883300
23.22216700
10.09987500
21.90187500
12.02825000
21.98075000
10.82091600
23.24995900
10.69104100
22.76820900
10.03504100
22.04129200
11.70879200
22.21825000
10.76937500
22.28495800
11.64695800
21.93195900
10.86320800
22.03579200
11.90495800
22.09375000
11.26325000
21.61416700
11.49529100
22.41512500
10.66391700
22.63425000
10.71387500
22.86008300
10.51504200
23.10866700
10.84229100
22.04604200
11.28766700
22.51266600
10.90275000
25.21804200
7.80454200
22.88408300
10.20804200
21.79029100
12.19858400
24.50570800
8.76966700
21.36195800
12.07350000
21.13283300
12.22579200
20.91162500
11.86308300
21.58000000
12.38079200
21.20120800
12.17058400
20.71254100
12.68191700
21.15833300
11.97187500
20.82795900
12.14862500
21.09920800
12.89566700
21.24083300
12.07916700
20.76837500
12.60920800
21.86275000
11.53812500
21.60516700
11.13483300
21.73616700
12.25804100
21.56220900
11.79529100
21.78312500
11.55408400
21.42104100
11.38679200
21.82175000
11.85412500
22.01920800
11.05295900
21.90050000
11.42100000
21.45145800
12.55050000
21.62941700
11.19420800
20.98837500
12.28616700
21.23287500
12.75095800
21.36612500
12.00079200
21.13058300
12.20729200
21.42429100
11.35412500
22.00900000
11.97037500
22.61545900
10.71279100
21.59275000
11.78800000
21.15104200
11.62675000
21.76658300
11.60591700
21.41375000
12.52875000
21.63645800
11.76883400
21.70608300
11.08300000
21.49066700
12.04962500
20.99704100
12.76920900
21.38733300
11.37137500
21.21712500
12.14245800
21.90737500
12.08087500
21.29183400
12.03395800
21.22729200
11.55800000
21.06329100
12.91641700
21.42750000
11.93950000
21.21291700
12.08337500
21.19108300
12.25016700
21.37562500
11.99737500
21.21358300
11.96675000
20.87991700
12.04920800
20.76725000
13.21208300
21.08670900
12.26150000
20.90008300
12.49179200
21.15895800
11.59412500
21.18891700
12.76420800
21.36645800
11.98400000
21.32450000
12.08475000
21.93166700
10.94154200
21.61654100
11.62487500
21.44779200
12.53945800
21.60941700
11.15966700
21.62816600
11.73995900
21.48662500
11.85554100
21.59200000
11.77508400
21.44666600
12.51479200
20.96641700
11.80758300
21.12112500
12.24300000
20.89254200
13.08645800
20.57470800
12.17950000
20.88512500
12.48245900
20.36304100
13.59554200
20.47433300
12.61645900
20.60350000
12.44633300
20.63870800
13.34491700
20.41925000
12.95141700
20.44670800
12.29925000
20.53466700
12.83975000
20.60575000
13.37462500
20.58345800
12.78291700
20.47545800
12.28079200
20.33879100
13.61545900
20.62337500
12.76608300
21.33708300
11.98783400
21.19100000
11.71054100
20.59870900
12.65350000
20.51945800
12.85025000
20.48800000
12.87579200
20.54295800
13.41758300
20.94783400
12.42150000
20.88179100
12.48175000
21.92287500
11.47916700
23.17254200
10.14866600
21.40608400
11.98837500
21.28866600
11.46783400
21.12841600
12.80925000
20.99804200
12.34958300
21.50112500
11.92720900
21.34058300
11.98833300
21.20104200
12.16775000
21.71191700
11.08170800
21.80245800
12.16883400
21.16941600
11.59166700
21.36837500
11.99345800
22.50083400
11.47650000
21.87450000
11.47112500
21.87166600
11.51775000
21.55904200
11.19612500
21.85333300
12.09387500
21.13716700
12.24041700
21.52483300
11.87520800
21.22179200
11.51916700
21.70475000
12.24658300
21.14804200
12.24420800
21.30954200
12.03916600
28.84266700
3.93020800
21.83495900
11.53300000
22.11508300
11.27008300
21.93233400
11.41558300
21.71170800
11.65500000
21.74362500
12.21562500
21.93154200
11.43037500
21.02445800
11.75412500
20.99070900
12.97783300
21.14237500
11.62441700
20.93016600
13.05800000
21.26937500
11.47337500
20.83587500
12.53129200
21.15112500
12.83591700
21.23479100
11.51116700
21.02429200
12.93491600
21.00683400
12.38466600
21.05458400
12.32008300
21.04479200
11.70133300
21.05200000
12.31241700
20.98270800
12.52887500
21.07541700
12.73629100
20.90508400
12.04033300
21.86795800
11.94433400
22.03966600
11.06158400
21.16429100
11.85070900
21.05375000
12.93112500
22.12545800
11.19479200
21.57437500
11.78187500
21.11258300
12.32779200
24.46720800
8.26579200
25.90062500
7.49562500
38.53620800
2.32787500
25.70712500
1.28087500
21.12654200
11.68216600
21.57833400
11.83579100
21.56466700
11.76787500
19.06650000
18.60262500
18.92962500
18.56687500
19.58558300
18.79633400
18.71158300
18.71341700
18.86908300
18.89025000
18.53704200
18.21420800
18.38358300
19.21225000
19.29054200
19.73166700
19.34062500
19.13525000
18.83487500
18.67858300
18.82379200
18.76816600
18.97954200
18.77158300
21.89795900
18.97841600
20.24991700
20.38866700
21.36341600
24.95175000
21.36383400
20.09562500
20.23150000
20.10683300
20.94958300
19.60291700
20.10529200
19.73445800
19.38866700
19.18895800
19.67975000
19.66466700
20.14158300
19.11170800
19.58158400
19.60941600
21.33645900
22.11016600
20.08558400
23.05041600
20.80425000
20.72104200
19.14912500
19.37483300
19.71145900
19.19020800
19.12708300
20.08408400
19.92416600
19.70116700
19.81304200
19.78387500
19.56387500
19.21020800
19.47570800
19.35358400
19.51408300
19.74020800
19.24333400
18.82754100
18.80879200
18.87912500
18.76479200
18.68595800
18.97841700
18.94241600
18.74308400
19.24625000
19.00320800
19.21287500
19.46391700
19.49900000
18.67512500
18.95495800
18.46429200
18.86366600
19.24366700
19.27316700
19.25583300
18.92716700
19.45354100
18.54054200
18.68570800
18.31741700
18.64641700
18.43241600
18.90158400
19.07291600
18.82745900
19.14595800
18.94162500
19.21908300
18.85033400
19.33625000
19.14387500
19.52216600
19.33345900
19.49841600
19.31787500
20.03791700
19.07425000
18.84220800
18.90829200
19.93604200
20.11250000
20.40916600
18.88779200
18.80170800
18.78812500
19.05070900
18.58408300
19.32287500
19.56600000
19.07550000
19.12391700
19.30816600
19.12266700
19.29329200
19.61579100
20.30795900
19.37575000
19.40945800
19.40812500
20.49583300
20.94300000
20.27587500
18.94475000
19.32166700
18.75475000
18.84833300
18.77058400
19.28450000
18.82637500
19.09800000
18.64975000
18.93604100
19.19958400
20.18258300
19.49241700
19.04995800
18.40708300
18.43233400
18.32533300
18.40304200
18.74358300
18.01175000
18.61341700
18.63354100
18.41970900
18.33325000
18.64945800
18.60837500
18.54537500
18.80683300
17.96925000
18.47912500
18.78483400
18.49200000
18.48808300
18.66520800
18.69529200
18.52045800
18.90229200
18.06304200
18.10779100
18.52016700
19.19800000
19.59675000
19.61429200
19.36425000
18.81937500
18.58379100
19.31758400
19.61616600
19.99229200
19.10179200
19.54975000
18.80100000
19.03412500
18.54687500
18.92175000
19.03841600
19.44250000
19.68445900
19.37141600
18.79362500
19.16587500
20.40083400
20.72112500
19.29316600
19.28358400
19.01520800
19.50095800
19.28016700
19.36320800
19.29512500
19.86191700
20.72516700
19.53108300
19.19904200
19.20025000
20.59483300
19.76758300
19.37654200
19.07804200
19.39770800
18.98208300
18.69145900
18.24416600
18.79833400
1.28116600
18.59625000
18.78350000
19.12275000
19.37762500
18.71591700
18.47941700
18.71983300
19.16162500
18.66900000
19.08275000
18.73516700
19.12929100
19.06108400
19.88641600
19.97116700
19.08145800
18.56704200
19.12766700
18.42975000
18.27845800
18.42012500
19.42879200
18.86770800
19.09979200
19.08737500
20.27254100
18.61450000
18.73583400
18.96358300
18.91629200
19.14429100
19.32508400
19.20854100
19.12454200
18.68595800
18.61962500
19.13850000
19.33920900
19.21641600
19.47716700
20.38629200
20.21654100
19.65454200
19.69920800
19.37812500
18.96070900
18.87712500
18.86770800
18.78179200
18.54825000
18.60808300
19.05108300
18.75300000
18.68675000
18.61975000
19.09770900
19.33879100
19.29666700
19.55187500
19.30854200
18.91495800
19.02962500
19.20120800
19.16575000
19.03012500
19.81900000
18.70895900
18.46587500
19.10883300
18.93516700
18.96829100
21.09333400
24.08066600
19.51550000
19.31100000
19.28537500
19.61504200
19.85250000
19.50704200
19.37412500
19.20987500
19.42379100
19.16987500
19.09291700
18.95508300
18.81395900
18.96237500
19.23875000
19.82591600
19.56558400
19.08912500
19.94795800
19.27604200
19.17220800
19.00695800
19.69275000
18.81741700
18.88166700
19.26470800
19.14875000
19.25870800
19.43845900
19.32212500
19.18225000
19.14570800
20.55316700
19.25725000
19.41450000
19.75875000
19.77654100
19.77058400
20.75837500
18.74958300
18.68420800
17.97004200
17.96554200
18.38187500
18.40441600
18.67925000
18.50029200
18.61200000
18.61175000
18.57950000
18.03541700
17.84395800
18.03162500
18.46208300
18.42066700
18.45645800
18.32512500
17.90308400
18.15695800
17.88137500
17.87279200
18.13708300
18.33216700
17.78079100
17.79012500
18.36333400
18.41516600
18.36929200
18.99041700
18.81329100
18.78245900
18.53920800
18.86104200
18.67762500
19.14800000
19.33312500
18.98141600
19.17566700
19.63379200
19.31458300
20.22966700
20.14841600
18.85020900
19.22620800
18.86737500
19.22495800
18.75620900
19.11062500
19.04154100
18.75458400
18.59141600
19.08287500
18.55870900
19.07937500
19.11162500
18.93883300
18.63283300
18.98733400
19.51908300
21.40270800
1.09312500
20.08533400
1.09079100
19.86945900
1.11908300
19.65429200
1.00395800
20.56066700
1.01770800
20.68358300
1.10345900
20.57333300
1.13916700
20.86654100
1.31995900
20.81558300
12.19554200
20.95600000
12.43658300
21.08258300
11.68325000
21.24450000
12.70145900
21.41279100
11.95854200
21.48241700
11.85750000
21.48591600
11.89766700
21.67770800
11.72150000
21.91566700
11.45850000
21.52116700
11.23283300
21.52162500
11.84825000
21.75325000
12.21762500
21.74941700
11.54308300
21.79191700
11.65575000
21.85187500
10.90116600
22.07404200
11.46862500
22.04187500
11.72741700
21.90216600
10.88641700
22.07954200
11.85012500
22.02616600
11.35091700
22.05520800
11.36391700
21.91854200
11.41604100
21.90554200
11.44850000
22.60654200
10.77766600
22.84062500
10.50250000
21.84616700
11.51900000
21.81462500
11.58591700
22.03537500
11.31212500
22.18279100
11.16900000
21.87145900
11.52275000
22.28279100
11.05495900
22.38633300
10.40945800
22.01295900
11.91150000
22.37554100
10.43929200
22.16029200
11.77129100
22.14100000
11.10704200
22.51687500
11.00433300
22.39316700
10.74866700
22.27104100
10.71066700
22.64145800
11.33250000
22.54412500
10.79404200
22.16450000
11.21716700
22.33345800
10.96491700
22.50483300
10.51050000
22.03991700
11.73125000
22.12416600
10.76879200
21.75970800
12.05762500
24.23012500
8.61737500
21.89525000
12.03500000
22.43412500
10.34141700
21.67866700
11.67941600
21.93466700
12.01512500
22.81608300
10.53258400
21.86075000
11.49466600
21.67108400
11.14166600
21.77891700
12.16058300
21.50558400
11.28820800
21.48520800
11.88154200
21.92787500
11.43887500
21.50058300
11.86612500
21.71504200
11.65150000
21.76145800
12.15137500
21.71495900
11.10875000
21.49879100
12.33745900
21.45554100
12.02295900
21.29462500
11.48762500
21.44687500
12.43766600
21.59245900
11.58954100
22.05591700
11.55137500
21.93754200
11.43012500
22.01920800
10.77270800
21.99216700
11.37458300
21.98783400
11.38091600
22.16104200
11.80908300
22.42195900
10.91425000
22.12891600
11.22237500
22.10920900
11.00350000
22.45658300
11.17637500
22.01308300
11.35050000
22.18195900
11.21687500
22.36820800
10.39691700
22.04875000
11.79258300
25.33870800
7.85733400
25.57354100
7.77979200
24.57079200
9.05645800
23.23562500
9.60220800
23.75645900
9.58795800
23.10729200
10.25920800
22.26412500
11.10300000
22.56500000
10.80241700
22.64425000
11.30091600
22.56025000
10.82320900
22.28175000
11.08470800
22.74325000
15.46054200
25.59216600
2.33991700
22.36404200
11.60725000
25.47187500
7.30950000
24.03287500
9.90341600
22.84629200
10.49158300
23.38391700
9.60479200
23.54479100
9.64150000
25.08650000
8.74550000
23.42637500
9.47437500
25.05691700
8.40333300
23.89208400
9.38841600
24.67654200
8.71629200
25.83095800
7.50345800
22.98908400
10.94029100
23.05658400
10.29762500
23.54279100
9.87341700
24.71850000
8.48083300
24.87195900
8.23329100
24.24520900
9.50087500
25.33687500
7.47750000
22.41141600
10.95608400
22.74520800
10.62066700
21.95150000
11.97825000
22.30687500
10.49650000
22.05375000
11.87750000
21.91045800
11.47512500
22.34233300
11.02000000
22.70795900
10.13679100
21.92179200
11.96120800
22.12008400
11.26412500
22.35183300
10.99741700
22.24012500
11.12933300
21.75454200
11.63808300
23.02850000
9.73504200
23.28933300
10.55016700
21.80920800
11.38262500
23.98158300
9.66083400
23.11916600
9.67516700
23.58091700
10.40516600
23.89966700
9.42120800
24.22891700
8.56441700
22.23491600
11.73333400
23.74970800
9.60000000
23.84083300
8.94083400
23.42050000
10.53154100
23.54045900
9.24137500
23.63779100
9.87958400
22.99754100
10.22037500
23.19337500
10.78545900
23.58662500
9.20483300
22.92158300
10.57841700
23.79408300
10.01025000
23.32170900
10.05341600
24.21762500
9.08950000
22.59204200
10.21529200
22.52683300
11.42895800
22.97562500
10.39045900
22.78725000
10.60266600
23.20920900
9.54820800
23.17862500
10.77470800
23.25712500
10.14037500
24.20720900
9.12308300
22.42554200
10.35737500
24.37220800
9.63650000
22.39116700
10.45191600
27.39379200
5.87325000
22.42129200
10.95258300
23.05150000
10.89091700
23.00262500
10.33670800
22.20554200
11.22570800
22.64000000
10.08975000
21.86933300
12.05133400
22.74945800
10.67150000
24.14612500
8.60958300
22.35375000
11.58675000
22.36579200
11.04229200
22.73562500
10.62825000
24.05862500
9.28891600
24.05095900
9.22058300
22.42850000
11.05145800
22.91695900
10.42491600
23.01041700
10.35575000
23.90529200
8.88191600
22.79745900
10.97783300
22.76162500
10.30145800
22.50108400
11.37491600
23.04675000
9.69962500
22.28729200
11.67662500
22.58337500
10.18575000
23.29300000
10.69337500
22.48175000
10.86087500
22.17025000
11.21954200
21.88437500
11.46295800
21.69745800
11.65475000
21.59566700
11.79866700
21.89100000
11.47725000
22.43308300
10.56029200
22.54633300
11.19304200
23.35404100
9.45970900
24.43633300
8.86887500
23.56587500
10.23279200
21.90233300
11.08204200
22.31987500
11.58958300
20.72212500
12.65837500
21.27629200
12.10245800
21.42012500
11.91804200
21.01587500
11.76070800
21.79662500
12.17966700
21.73558300
11.07054200
19.87512500
14.02808300
20.26625000
13.10345800
20.72150000
12.61454200
20.61350000
12.19620800
19.84558400
14.09200000
21.84262500
11.54887500
21.73950000
11.61958300
21.95770800
10.86216700
19.86454200
14.05708300
20.02425000
13.34950000
21.23275000
11.53091700
21.98104100
11.96641700
20.43387500
12.94275000
20.19270800
13.16883400
20.15054100
13.23654200
19.93366700
12.82541600
20.02925000
13.95004200
20.27854200
13.09566600
20.38166700
12.96016700
20.56050000
12.21045800
20.29700000
13.68975000
19.90187500
13.44054200
19.97595800
13.39554200
20.00620800
13.37158300
20.15575000
13.19691700
20.62650000
12.74062500
20.23279200
13.14550000
20.45620800
12.89454200
21.02337500
12.34470800
20.75025000
12.02979200
21.37758300
12.57495800
21.19954200
12.15695800
20.80766700
12.59475000
21.22500000
12.11529200
20.85304100
12.52775000
21.03129200
12.34641700
20.93795800
11.80958300
20.58216700
13.37708300
21.17587500
12.21745900
20.52137500
12.81512500
21.25516600
12.11041700
20.50254200
12.91650000
22.42704100
10.92045900
20.40666600
12.34491700
20.35133300
13.62783400
20.97791600
12.37879200
20.18908300
13.15987500
20.83145900
12.56020800
20.42562500
12.96637500
19.86508300
12.86058400
20.05770800
13.89375000
20.76233300
12.63787500
20.37083400
12.96570800
19.87550000
12.90950000
20.55995800
12.82495900
20.80658300
13.12795800
20.00141700
12.77229200
19.84429100
14.12937500
20.37066700
12.98629200
20.03495800
13.31641700
19.61329100
13.17179200
20.17066700
13.21475000
20.38212500
12.96550000
19.93329100
14.07562500
20.48783400
12.85000000
20.32108300
12.43804200
20.21962500
13.14145800
20.79816700
12.56816600
19.85900000
13.50904200
20.58554200
13.39808300
20.04054200
13.32120800
20.01900000
13.34504200
20.03220800
13.34741700
20.34295800
12.46183300
19.84279200
13.46195800
20.49687500
12.92091700
20.44650000
13.47545800
20.12895900
12.86316600
20.24504200
13.48220800
20.23370900
13.15437500
20.16033300
13.18408300
20.04083400
13.32512500
19.91345800
13.38012500
20.09495800
13.34620900
19.84141600
13.37329200
20.03341700
12.89279100
19.88350000
14.07079200
19.56554200
13.79962500
19.26004100
13.72041700
19.66220800
14.09620900
19.40583300
13.95633300
19.54816700
13.23137500
19.55033300
14.38283400
19.29579100
13.62883400
19.76575000
14.08754100
19.77437500
12.98529200
19.76225000
13.63820800
19.71179200
14.23883300
19.65458400
13.71341600
19.56366700
13.77425000
19.78854200
13.59862500
20.12991600
12.63337500
21.30091700
12.05475000
21.07400000
12.29954200
20.85158300
12.50779200
21.13600000
12.81925000
20.40129100
12.95950000
20.13708400
13.25787500
20.57120800
12.76770800
20.52658400
12.25675000
20.88429100
13.10050000
20.67550000
12.65179200
22.29208300
11.08108400
21.92312500
11.48008300
23.11833300
10.21554200
20.33554200
13.03595800
20.24125000
13.15091700
20.30254100
13.04554200
20.89825000
12.43433300
20.84604200
11.95404200
20.38533300
13.59045800
19.87300000
13.47870900
19.67425000
13.71979100
19.90237500
13.42900000
20.67300000
12.68608400
19.28733300
14.12125000
19.87437500
13.48958300
19.95766700
13.38570800
20.68300000
12.10979200
19.42833300
13.91770900
19.36950000
13.99725000
20.28770800
13.68987500
20.53375000
12.83979200
21.20808300
12.14087500
20.97258300
12.39150000
20.20966700
13.17325000
20.43366700
12.91020800
20.76616700
12.01670800
21.19337500
12.78237500
20.34987500
12.98608300
20.42208400
12.36620800
20.63154200
13.34845800
21.13925000
11.60979200
21.01645800
12.34745800
20.41654200
13.56362500
20.66791700
12.73058300
20.91325000
12.41925000
21.10279200
12.29170800
20.24829200
13.11525000
20.46679100
12.84979200
20.26041700
12.67291600
21.14516700
12.69100000
20.80083300
11.94366700
20.39437500
13.27362500
20.72291700
12.97550000
20.61879100
12.73041700
21.51941700
11.83466600
20.17875000
13.20808400
20.35800000
12.95695800
20.98454200
12.40533300
21.61116700
11.16095800
21.22091700
12.73870800
21.29450000
12.07445800
21.46420900
11.92541600
20.91650000
11.83287500
20.61791700
13.33575000
20.89779200
12.49858300
20.71287500
12.04654200
20.52295800
13.43912500
20.63554200
12.29270800
20.94112500
12.25795800
20.92683400
13.04883300
20.79904200
12.57904100
21.71162500
11.64187500
21.29858400
12.04541600
21.48658400
11.91550000
21.44700000
11.42454100
20.89762500
12.92933400
20.84945800
12.56575000
21.03595800
12.33083400
20.98329100
11.83441700
20.86404200
13.01183300
21.11491700
12.27425000
20.96741600
11.78812500
20.81916700
13.16366700
21.29754100
11.45666700
21.10579200
12.80166600
21.07033400
11.77383300
21.16100000
12.80820800
21.30150000
12.02354200
20.79291700
11.98516600
20.84495900
12.52445800
21.05058300
12.90012500
21.92675000
11.44375000
21.88050000
11.51354200
22.58862500
10.76437500
22.05900000
10.70337500
22.26929200
11.71579100
22.15166700
10.82816700
21.97537500
11.75362500
22.05370800
10.86579200
22.39125000
10.82879100
21.83933400
22.23320800
5.97741700
21.74604100
11.62350000
22.00429200
11.97670800
22.49608400
10.86487500
21.96466600
11.37225000
22.04416700
11.37116700
21.31637500
12.02358300
20.67820800
12.66645900
20.96616600
12.40395900
21.13658300
12.25020800
21.04616700
11.71529200
21.00737500
12.93591600
20.69754200
12.23425000
20.88362500
12.91662500
21.32995800
12.03862500
21.07295900
11.71633300
21.23804200
12.72429100
21.14529200
12.20333300
20.97645900
12.37733300
21.44533300
11.97091700
20.89025000
12.43891700
20.95012500
12.47691600
21.13170900
12.17516600
20.98683400
12.37287500
21.46458300
11.94604200
21.13850000
12.22025000
20.96350000
11.79816600
21.44862500
12.52479200
21.19841700
11.56558300
21.04337500
12.92070800
21.30562500
11.46916700
20.90545800
13.03933400
21.50641600
11.81983400
20.41554100
12.97645900
20.39954100
13.00487500
20.70162500
12.64104200
20.09908300
13.26600000
20.53083400
12.47495800
20.30341700
12.83775000
20.04504100
13.90650000
20.11637500
13.27762500
19.89087500
13.44633400
20.02741600
12.75654200
19.92141700
14.05854100
20.00058400
13.33983300
19.76070800
13.60250000
19.57145900
13.81800000
19.90579100
13.43954200
19.76904200
13.01258300
20.55991700
13.43412500
21.26512500
11.98475000
20.94225000
12.49041600
21.26479200
12.12916700
21.09470800
12.29787500
21.03220800
12.28925000
20.81670900
11.96550000
21.07537500
12.29129100
21.15170900
12.79220800
20.80495800
12.09462500
21.39375000
11.86308400
21.17875000
12.19041600
21.14495900
12.22495800
21.35612500
12.00445800
21.38229200
11.98437500
21.37583300
12.56775000
22.17954200
11.21416700
22.57504100
10.78795900
21.93075000
11.40762500
21.99412500
10.80095800
22.22770800
11.13858400
21.93454100
11.43462500
21.86170900
12.10133300
22.01250000
11.33466700
22.07970800
11.29362500
22.60129200
10.79908300
22.22945800
10.51816700
22.10595800
11.82829200
22.40658300
10.39262500
22.35783400
11.03429100
21.81695900
12.09766600
21.86254200
10.98004200
22.39591600
11.53600000
21.62454200
11.62979200
21.64512500
11.81958300
21.10591700
12.27200000
20.84845800
11.90729200
20.78579100
13.14241700
21.11958300
12.27858400
22.19900000
10.57445800
22.17904200
11.77079100
22.18316700
10.60341700
21.95466600
12.00670900
21.96312500
10.80437500
21.85579100
12.11900000
22.17316700
11.16025000
21.89133300
10.93308400
22.11412500
11.22058300
22.62091700
11.32345800
22.13658300
11.03062500
22.42466700
11.16545800
22.27095900
10.60200000
22.23308300
11.59995800
21.82541700
10.98654200
22.25462500
11.09266600
20.30670900
13.51466600
20.66720900
12.85233300
20.30529200
13.07812500
19.95383300
13.37120800
20.12941700
12.66004200
20.76233300
12.59895800
20.63566700
12.73129200
20.15562500
13.21075000
20.26387500
13.10283300
20.06966700
13.29812500
20.73179100
12.89587500
20.41650000
13.29900000
20.76766700
12.21812500
20.47441700
12.66141600
20.63300000
12.73379200
20.65316700
13.29079100
20.23829200
12.55091700
20.17666600
13.19783400
20.62908300
13.30908300
20.09133400
12.69587500
20.03383300
13.33320800
20.42150000
12.94566700
20.58000000
13.36291700
20.47237500
12.31737500
20.90895800
12.61150000
20.54054200
13.25275000
20.68200000
12.10666600
20.70495900
13.29075000
20.89650000
11.85945800
20.74900000
13.21254200
20.72366600
12.64587500
20.53379200
12.79462500
20.73800000
12.65108300
20.93591700
12.45358300
21.08279200
12.22708300
21.79020900
11.00866600
21.59275000
12.37683400
21.26825000
12.03695800
21.48758300
11.87920900
22.74345800
10.68541700
22.79520800
9.98679200
22.36508300
10.98333300
21.99337500
11.39525000
21.38825000
11.95625000
21.29375000
12.07758400
21.58208300
11.78004200
22.05612500
11.90575000
21.35183300
11.98987500
21.71666700
11.68329100
21.78233400
11.57387500
20.58925000
12.78162500
20.55837500
12.82529100
21.08120900
11.66925000
20.98441600
12.96650000
21.09525000
12.29904200
21.06654200
12.30079100
20.97170900
12.36879100
21.13116700
12.26162500
21.09595800
11.87912500
20.98900000
12.15666700
20.98095800
12.99716700
21.30070800
12.06983400
21.02404100
12.31225000
20.83950000
12.52904200
20.91083300
12.48408400
20.92545800
12.41158300
21.43500000
11.93858400
22.50837500
10.87141600
21.88054200
11.45254200
21.94979100
11.43866700
21.25912500
11.75020800
21.26900000
11.86362500
20.37066700
12.99354200
19.94104100
13.42654200
21.00975000
12.92875000
20.77704200
12.59541600
20.69966700
12.09845800
20.47525000
13.48579200
19.86054200
13.38300000
19.56525000
13.34379100
19.89645900
14.04783300
20.23404200
13.10704100
19.99945900
13.39041600
20.27233400
13.10562500
20.12395800
13.23587500
20.50745800
12.86516700
20.36816700
12.95420800
20.10233300
13.26000000
20.00154200
13.36537500
20.16637500
13.26383300
20.33775000
12.97383400
21.00575000
12.36229100
20.67516700
12.12454200
21.29004100
12.64812500
20.49075000
12.88300000
20.56870900
12.81904100
20.74304200
12.02120800
20.29262500
13.64675000
20.36162500
13.03670900
21.57125000
11.42154100
22.24562500
11.46120900
21.43525000
11.98458300
21.05395800
12.26225000
21.11629200
12.21841700
20.24670800
13.18491700
20.82970800
12.48466700
20.74566600
12.06587500
21.28441700
12.65712500
20.89270800
12.52191700
20.75383300
12.57008400
21.01733300
12.36633300
21.18800000
11.59058400
21.20454100
12.74183400
21.13487500
12.21612500
21.25370800
12.14012500
22.03566700
10.73079100
19.89541700
13.47929200
20.30429100
13.20783400
20.75000000
13.01108300
20.26833300
13.08800000
20.23070900
13.20354100
20.22616700
12.54754200
20.99741600
12.36666700
20.95962500
13.00291700
20.98062500
12.35091600
20.89737500
12.42408400
20.82816600
12.61725000
20.96966700
12.37529200
20.80329100
12.55833400
20.74008300
12.65783300
20.85808400
11.90183300
20.26141700
13.69004100
20.98245900
12.37554100
20.57966700
12.21741700
21.20233300
12.73050000
20.55087500
12.29270800
20.85775000
12.45808400
20.74329100
12.62375000
20.68283400
13.30587500
20.85295800
12.47570800
21.12358400
11.65895800
20.56012500
13.40270800
20.58650000
12.80500000
21.02212500
11.72320900
21.11845800
12.83370800
21.24425000
12.14329200
21.43975000
11.91320800
21.32537500
12.03579200
20.97454200
11.80541600
21.08495900
12.28166600
20.98358400
12.97629100
21.04504200
12.32475000
21.47016700
11.88704100
20.58062500
12.19883400
20.15241600
13.21362500
20.18537500
13.77750000
21.64425000
11.71900000
20.08837500
12.93454200
20.19395800
13.54354200
19.91895800
13.42279200
19.84845800
12.96287500
19.83041700
14.11837500
19.72320800
13.61904200
19.93395800
13.46012500
19.62783400
13.73512500
19.64975000
13.69229100
20.40683400
12.40375000
20.90000000
12.42670800
20.53520800
12.83216700
20.23200000
13.13441700
20.23941600
13.14566700
20.14220800
13.78062500
19.78245900
13.22754100
19.88150000
13.27804200
20.56091700
13.37437500
20.94562500
12.45087500
20.91766600
12.31783400
27.28150000
5.60804100
24.25312500
9.49825000
27.28166700
5.69975000
22.42754200
11.52075000
20.78687500
11.99825000
20.34395800
13.61587500
20.34033300
13.01620900
22.08166600
11.29287500
22.34079200
10.44637500
20.88966700
13.07225000
22.57029100
10.42104200
39.47229200
2.34004100
24.67829200
1.59920800
22.52000000
9.83583400
19.62512500
13.78475000
18.60754100
14.13762500
18.56754200
14.80045800
18.97541700
14.92245800
18.97229200
14.47887500
18.92212500
14.39716700
18.84662500
14.51900000
18.62712500
14.17104100
18.68016700
15.18383300
18.39933400
15.00525000
18.18545800
15.17637500
18.46962500
14.37241700
18.12458300
15.80433300
18.23020900
15.17370800
18.35350000
14.43337500
18.11912500
15.22191700
18.31283300
15.58570800
18.28941700
15.10337500
18.84145800
14.53750000
19.65491700
13.75570800
20.00366700
12.74875000
20.53608300
13.41812500
20.06658400
13.31858300
20.14070800
13.23566700
18.87262500
13.87950000
19.69945800
14.27612500
20.04670900
13.33154100
19.67512500
13.65287500
19.26558400
13.51816600
19.29983400
14.67879100
19.18945900
14.15604100
18.68625000
14.18141700
18.67229200
15.14941600
18.25033400
15.08629100
17.31675000
15.99987500
17.13770900
15.76704100
17.29100000
16.07087500
17.15525000
16.67479200
16.89433300
16.50233400
16.40091600
16.92720900
17.72029100
15.68195900
18.85466600
14.62387500
20.33350000
12.43954200
20.44350000
13.50366700
20.11325000
13.27975000
20.18362500
13.15854100
20.12112500
13.23162500
21.81945900
11.57408300
21.85129200
10.91125000
20.64470800
12.72191700
20.21225000
13.74604100
20.63766700
12.74237500
20.48379200
12.28041600
20.41237500
13.55979200
20.53450000
12.22420800
20.40433400
13.54016600
20.25308400
13.10270800
20.39779200
12.99912500
20.53858300
12.81104200
20.61570800
12.70562500
20.17350000
13.28095800
20.03825000
13.29916700
19.91387500
13.45475000
19.92787500
13.46483300
19.87058400
12.87462500
19.92650000
13.44625000
19.77791600
14.20025000
20.16729200
13.17650000
19.74800000
13.61729200
20.00654100
12.76683400
19.79141600
14.16345900
19.93675000
12.84166600
19.67679200
14.29829200
20.03579100
13.34183400
19.59416600
13.74591700
19.58266700
13.81325000
20.56762500
12.79329100
20.00483400
13.33800000
20.04087500
13.35116600
20.40137500
12.95700000
20.53191700
12.22554200
19.06704100
14.92562500
18.49483400
14.88529100
18.84895900
14.46454100
18.61370900
14.70345800
19.38670800
14.06029200
19.90037500
13.46012500
19.83979200
13.48729100
22.24337500
10.55270900
20.05854100
13.48429200
20.01350000
13.76387500
20.01170800
12.98591700
20.45637500
12.69154200
19.83441600
14.15395900
20.15704100
12.58783400
20.23708300
13.21804200
20.31304100
13.58766700
20.59137500
12.77166700
20.23120800
13.11033300
19.71583400
13.05708300
20.42450000
12.94237500
19.98391700
14.01300000
20.16754100
12.56862500
20.98645900
13.00154100
21.42475000
11.89258400
20.33445800
12.59308300
21.46833400
12.28266600
21.18137500
11.66933400
21.22029100
12.15379200
20.35462500
13.57266700
20.79533300
12.64225000
22.05116700
11.26450000
20.13887500
12.64033300
20.81579200
13.15000000
19.95604100
13.41650000
21.33141700
11.97395800
21.03883400
11.78433300
21.25583300
12.70466700
21.66925000
11.69154200
22.43266600
10.85554200
21.88808300
11.55325000
20.22600000
12.55637500
21.70770900
12.29158300
21.16820800
11.99108400
21.25366600
12.03704200
22.56587500
11.08083300
22.25583400
10.79208300
21.32250000
11.73179200
21.06825000
12.93200000
21.86708300
11.48475000
21.85175000
11.49195800
21.92929200
11.48554200
21.40158300
11.91287500
21.70987500
11.65525000
21.55895800
11.21737500
21.92591700
12.05800000
21.70270800
11.04675000
21.68729200
12.28500000
21.49837500
11.88525000
21.79729200
11.53300000
21.58866600
11.79183400
21.87908300
11.50633300
22.02970900
11.32766600
22.00679200
11.33662500
21.74145800
11.65362500
21.91129200
11.01137500
22.19229200
11.00379100
21.73600000
12.25066700
21.57775000
11.18670800
21.36625000
12.57412500
21.85533400
11.53691600
21.72162500
11.03341700
20.42595800
13.52395900
20.56520800
12.82500000
20.27125000
13.10033300
20.16212500
13.17912500
20.40720900
12.98491600
20.70650000
12.67950000
20.32320900
13.00829100
20.63795900
12.12733300
20.21937500
13.78958300
20.27204200
13.04066700
20.14308300
13.24262500
20.55758300
12.20166700
20.76379200
13.18991600
20.62516700
12.16020800
20.76141700
13.22225000
21.06029200
11.68816600
20.74304200
13.21787500
20.66679200
12.70120800
21.15508300
11.77062500
21.20679200
12.56983300
20.60208400
12.78312500
20.63091600
12.73629200
20.67495800
12.10354200
21.07150000
12.90691700
21.68266600
11.07216700
21.52904200
12.42258300
21.90158300
10.88266700
22.53762500
11.44675000
20.94758300
12.39245900
20.88820800
12.50583300
21.05820900
12.30950000
20.80404100
12.53254200
20.61100000
12.78370800
20.68075000
12.68716700
20.44604200
12.89287500
20.66529100
12.71583400
20.89637500
12.48425000
21.06858300
12.26845800
21.43758400
11.90520800
21.47362500
11.94483300
22.17079200
11.17000000
20.93804200
11.83425000
20.80150000
13.18641600
20.93308400
12.40958300
21.54691700
11.35525000
21.60450000
11.62945800
21.83891700
12.10945800
19.87941700
13.49612500
19.75100000
13.02837500
20.03266600
13.92054200
19.58779200
13.21129100
19.67220900
14.29312500
19.88875000
13.47550000
19.97720800
19.61312500
10.46012500
19.87225000
12.87554200
19.96591600
13.99908400
19.96350000
12.81383300
19.69812500
14.26075000
19.81466700
13.57254100
20.05566700
13.24279200
19.90491600
13.48495900
19.87845800
12.91145800
19.85283400
13.61425000
19.99562500
13.84433300
20.17962500
12.87779200
20.45687500
13.26416600
20.60408400
12.14475000
20.05708300
13.38462500
22.40262500
10.89833300
22.26883400
11.69050000
21.87841600
11.44050000
23.03891700
10.36045800
23.40775000
9.93783400
23.50895800
9.84100000
25.66750000
7.34195800
23.06270900
10.78291600
60.37862500
1.46816700
35.06270800
2.50245900
37.58104100
1.92041700
25.91187500
3.43670800
25.69420900
2.06116600
30.96887500
1.12870900
23.32350000
1.22670800
32.97187500
3.52175000
31.01579200
2.04120800
39.92704200
2.34729100
34.84529200
1.36154200
32.57112500
1.33554100
23.63175000
1.19645900
21.16112500
1.13316600
22.50908400
1.06104100
22.19670900
5.70270800
22.95679200
10.41012500
24.52341600
9.45270900
22.68708300
10.14608300
22.75762500
10.53345900
22.43866600
11.53775000
22.23145900
11.10154100
21.66700000
11.69087500
21.42170900
11.97475000
21.95654100
11.38979200
21.97133300
11.20879200
27.11816700
5.86091600
23.13775000
10.22770900
21.95941600
11.98508400
23.80329100
8.98408400
22.62387500
11.31829100
21.99029200
11.36750000
22.88925000
10.50333300
17.33137500
15.92991700
17.76775000
15.59200000
17.02708300
16.46804200
16.94412500
15.87350000
17.54225000
15.76320800
16.70129200
17.13641700
17.39075000
15.54991600
18.17891700
15.14270800
17.24600000
16.56016700
16.98341700
16.42137500
17.17250000
16.25945800
16.96158300
16.27120900
17.07091600
15.88820900
19.70937500
13.65875000
18.88483300
14.50008300
18.60379200
15.35929200
18.51645800
14.72275000
17.51987500
15.78737500
17.65887500
15.27866700
17.11204100
16.68933400
17.05862500
16.31612500
16.91954100
16.48600000
17.02920900
15.85408300
16.89512500
16.92516700
17.49316600
15.41983400
18.15641600
15.60141700
18.84970800
14.48158400
18.61316600
14.92287500
20.56170900
12.56508300
20.76454200
12.89645800
21.09458300
11.91262500
21.51012500
11.81579200
21.87825000
11.45275000
21.30241700
12.50258300
21.55775000
11.30770800
21.78975000
11.49700000
22.27395900
11.09545800
22.22808300
11.74545900
21.81479100
11.52358400
21.45625000
11.90845800
20.68470800
12.10500000
21.73733400
11.64129100
21.55462500
12.38183400
22.63966600
10.74962500
23.52070900
9.41933300
23.21295800
9.97600000
22.71375000
11.25675000
22.55633400
10.23558300
22.28675000
11.04895800
23.06862500
10.47470900
22.88916600
10.89604200
22.24354200
11.10400000
21.72270800
11.06712500
21.48983300
11.87762500
21.15391700
12.25279200
20.23304100
13.69983400
20.12137500
13.24929100
20.07083400
12.69333300
20.29012500
13.63595800
20.09041700
13.31641700
20.02995800
13.31358300
19.39895900
13.38358300
19.77466700
14.16941600
20.50991700
12.82708300
19.80933400
13.58116600
19.31129200
14.08366700
20.18941600
12.61266700
19.23400000
14.64787500
19.27466700
14.14554100
19.63987500
13.52525000
18.86079200
14.65379200
18.77687500
14.64479100
19.22354200
14.10150000
18.91616700
14.46116600
19.19070900
13.60066600
19.20445900
14.74587500
19.33941600
13.98637500
18.83325000
14.58116700
19.08391700
14.28383300
18.78308300
14.56704200
19.19608300
14.18408400
19.61912500
13.74812500
19.27812500
14.06529100
19.65091700
13.76829200
19.70929100
13.63975000
19.57066700
13.19541700
19.60304100
14.32562500
19.75612500
13.29800000
20.34379200
13.34433300
19.93025000
13.41470900
20.67279100
12.64125000
20.65225000
12.22558400
19.91695800
13.51425000
20.19587500
13.70133300
19.99595900
13.34220800
19.75679200
13.59025000
19.74125000
13.07095800
19.72479200
13.79108300
19.63237500
14.15620800
19.61637500
13.18166700
19.25937500
14.64012500
18.97050000
14.41679200
19.41808300
13.97616700
19.53650000
13.86300000
19.28033300
13.47345800
19.48762500
14.44800000
19.35658400
14.03437500
19.40841600
13.95537500
19.11825000
14.25104200
19.22079200
14.14125000
18.72525000
14.41341600
19.44020900
14.13825000
19.04629100
14.32662500
19.42454200
13.54529200
19.85466600
13.33591700
19.24775000
14.70741700
19.47516600
13.83945900
19.48795800
13.33229200
19.49137500
14.39170800
19.53758300
13.85937500
19.16037500
14.21033400
20.74345800
12.62966700
19.43320800
13.37662500
18.94391700
14.42291600
18.91987500
14.94287500
18.89420900
13.97587500
19.95741600
13.95241700
19.15937500
14.21950000
20.20070800
13.13037500
19.68433400
13.67425000
19.36579100
13.71208400
20.24687500
13.44591600
19.34370900
13.48316600
19.51516700
14.38054200
20.08870800
13.27012500
19.87904200
13.49154100
18.34712500
15.04129200
19.49575000
13.87441700
18.54254100
14.26408400
19.61383300
14.27812500
19.89637500
12.94845800
20.19312500
13.70658400
19.98316600
12.84733400
20.40300000
13.56562500
19.76433300
13.57779200
19.67687500
13.69025000
19.25800000
14.13625000
21.73829100
11.03479200
19.61375000
14.31695800
20.09004200
13.21991700
20.27233300
13.14591700
19.26412500
13.53150000
19.24687500
14.71370800
19.69800000
13.63608300
19.33975000
14.04733400
19.12975000
13.65516600
19.27108400
14.12283300
19.28262500
14.22295800
18.83066700
14.96237500
18.80762500
14.57741700
18.92416600
14.41641700
18.72358300
14.66966700
18.92587500
14.44216700
18.73208300
14.60604200
19.14475000
14.22354100
19.06091700
13.71983300
19.50700000
13.87212500
19.90108400
13.45325000
20.07612500
13.88525000
20.40291600
12.36983400
20.38337500
12.98320800
20.44908300
13.53154200
20.33925000
12.98387500
20.09733300
12.73941700
20.29529200
13.60879100
20.06045900
13.29558300
20.26550000
13.11366700
20.21600000
12.73800000
20.93075000
12.26816600
21.02337500
12.94625000
20.70116700
12.67937500
21.15779200
12.17641600
20.69320900
12.08904100
20.64237500
13.33779200
20.60750000
12.76470800
20.22608400
12.52154100
20.85650000
12.51016700
20.64700000
12.71970800
20.83183400
13.12483300
20.60670800
12.80625000
20.56829200
12.80083300
20.77766700
11.95175000
20.76300000
13.19237500
21.00729200
12.38570800
21.22500000
11.53508300
21.06962500
12.28700000
20.77862500
13.14054200
20.46583300
12.34970900
21.34516600
12.60725000
22.11391700
11.27000000
20.70308300
12.05916700
21.57441700
12.37166600
20.13212500
12.80966700
20.67354200
13.14341600
21.16091700
12.17933300
20.20750000
13.20129200
20.25000000
12.49754200
20.32858300
13.64633300
20.86191700
11.89512500
21.65029200
12.33529100
20.46175000
12.89779200
21.74579200
11.06466600
21.52658400
12.39354100
20.85237500
12.49979200
20.69783300
12.68837500
20.04625000
13.33825000
20.37504200
12.35970800
20.46279200
12.90391700
20.34450000
13.64204100
20.81970900
12.53441600
21.03004200
12.33745800
20.81550000
12.57658400
20.68337500
12.64008300
20.85179200
12.51462500
20.53133300
12.24541700
20.57754100
12.87266700
20.42375000
13.47225000
21.14900000
12.20437500
20.31170800
12.91400000
20.32020900
12.95216600
20.78475000
12.83029200
20.96400000
12.37200000
21.09754200
12.27733300
21.25775000
12.13383300
20.54775000
12.82854200
20.06845800
13.26245900
20.27483300
13.11720800
20.33525000
13.02954200
21.11429200
12.22900000
20.91087500
12.48483300
20.44404200
12.92212500
20.70608300
12.65712500
20.24429200
12.69325000
20.65029100
12.53108400
20.71912500
13.25987500
20.41741600
12.91729200
20.77783300
12.62754200
20.23475000
12.51904200
20.47683300
12.88616700
21.13387500
12.84941600
20.38008400
12.37283300
20.59583300
12.76529200
20.96925000
13.01529200
20.19295800
13.14679200
20.43079100
12.34491700
20.49166700
13.48766600
21.15037500
12.18916700
22.90316700
10.23275000
21.15987500
12.48645800
20.52262500
12.80870800
20.63058400
12.70683300
21.17787500
12.23237500
21.48350000
11.27800000
20.53829200
13.42195800
20.12725000
13.25729200
20.84554100
12.52050000
20.16991700
13.15404200
23.11166600
10.30183400
20.78883300
12.56995800
20.34529200
12.99925000
20.32470800
13.03991700
20.00179200
13.39404100
19.79975000
13.54083400
19.47887500
13.88862500
19.97704100
13.41400000
19.72075000
13.61908400
19.51766600
13.85062500
19.70495900
13.68812500
19.71158300
13.62620800
19.66883400
13.70029100
19.70004200
13.69387500
19.60200000
13.73616700
19.97929100
13.38816700
19.39933300
13.99879200
19.92187500
13.41241700
19.91412500
13.44587500
19.83558300
13.17925000
20.71300000
12.45520800
19.65925000
13.71620900
20.35079100
12.97241700
19.78625000
14.20279200
19.62129100
13.71545900
20.45854100
12.31687500
21.49658400
11.86766600
19.64429200
14.30525000
19.58745800
13.81125000
21.26304200
11.49008300
20.79137500
13.18450000
20.72729200
12.02875000
20.98908300
12.99891700
20.35850000
12.99591700
20.30870800
12.44887500
20.11933300
13.86545900
20.02970800
12.72095800
19.72004200
14.25529200
19.60129100
13.76554200
20.04591700
13.29975000
19.86533300
13.50595800
20.36862500
13.04491700
20.30545800
13.01241700
19.81679200
12.95745800
20.37120800
13.61483400
20.10870800
13.22562500
20.42137500
12.95304200
20.68733300
12.70316700
21.32137500
11.47500000
20.00712500
13.90654100
20.77220900
12.63595800
20.01787500
13.35233300
20.04954200
13.26537500
20.55020800
12.84112500
20.59383400
12.44333300
19.55679200
14.11841600
22.09579200
10.69400000
54.41858300
6.57516700
37.36270800
3.13962500
24.03395900
3.33712500
22.20025000
2.03420800
23.08525000
2.31462500
21.97687500
2.61612500
22.23425000
8.39954200
21.81300000
11.37687500
21.68450000
11.68275000
23.04070800
10.94179200
20.29137500
13.04950000
19.60554100
13.17041700
20.11779200
13.86433300
20.05554200
12.69520800
19.89233300
14.07045900
20.55816600
12.21237500
19.95841700
14.01333300
19.56362500
13.80150000
19.98366700
13.40291700
19.94662500
13.40783300
20.39691700
12.94804100
20.77741700
12.63737500
19.85829200
13.48891600
19.67008400
13.65312500
19.63025000
13.77583300
19.99791700
13.37558300
19.65237500
13.68783300
19.53420900
13.84533300
19.80504200
13.56141600
20.61291700
12.74983300
19.42508400
13.92487500
19.68829100
13.73225000
20.54975000
12.21504200
19.83462500
13.49341700
20.76791600
12.84850000
19.71412500
13.99250000
19.36350000
14.02608400
20.15833300
13.21520800
19.67233400
13.65987500
19.89412500
13.48750000
20.95712500
12.43179100
19.96745900
13.36475000
19.25600000
14.08054100
21.51925000
11.92295900
27.67229100
5.06208400
21.69850000
12.25645800
22.74441700
10.66679100
23.13458400
10.20620800
21.19858300
12.11941700
21.41779200
11.99995800
21.80537500
11.58654200
21.08904100
11.64320900
21.36529100
12.59112500
21.17570900
12.23725000
22.43837500
10.86587500
22.32745800
10.68600000
20.94525000
12.20804200
21.21583300
12.14345800
21.55391700
12.39045800
20.97083400
12.42966600
36.28404200
2.44041700
22.40683300
4.98975000
23.56995800
10.25241700
20.07941700
13.42404100
19.75837500
13.01783400
20.43033300
13.53537500
21.32158300
12.03883400
18.65408300
14.11762500
19.03958300
14.94941700
19.46445800
13.27987500
18.61000000
14.87054200
18.80737500
15.05158300
18.77095900
14.61158300
18.81675000
14.52141700
18.78116600
14.61133400
19.01783300
14.35129200
19.11179100
14.22983400
19.55695800
13.82600000
19.93020800
13.43675000
19.85041700
13.26462500
19.48100000
14.13966700
19.90241600
13.16191700
19.45083300
14.19450000
19.54475000
13.44820900
20.01429100
13.75312500
19.76462500
12.99212500
19.78975000
14.17583400
19.75195800
13.01720800
19.84250000
14.10512500
20.12720900
12.64795800
19.71850000
13.64962500
20.29883300
13.65737500
20.44429200
12.34237500
20.81466700
13.00975000
20.01687500
13.49045800
21.09850000
11.65995800
19.81129200
13.55429200
16.68333300
16.68658300
17.22916700
16.61204200
16.20541600
17.17691700
16.67725000
16.70958300
16.16958400
17.13945800
16.86454200
16.57975000
16.64016600
16.87787500
15.99912500
17.16125000
16.20537500
16.92925000
16.90762500
16.21416700
16.68254200
17.11887500
16.24791600
16.75554200
16.98750000
16.60979200
16.76300000
16.30087500
17.17262500
16.62725000
16.47279100
16.46087500
17.12479200
16.67208300
16.72662500
16.56750000
16.61387500
16.39816700
17.00145800
16.68166700
16.36362500
16.68950000
17.11650000
16.76112500
16.54375000
16.30720800
17.11645900
16.35745800
16.86495800
16.39429200
16.76179200
17.09208300
16.69295800
16.57412500
16.75475000
16.29850000
16.94912500
16.35016700
16.67845800
17.08791700
16.77883300
16.18350000
17.08337500
16.80800000
16.67362500
16.49445900
16.36308300
17.00650000
16.57950000
16.46091700
16.93079100
16.45004200
16.67804200
16.89262500
16.47408300
17.12770800
16.23391700
16.99025000
16.37029200
17.08441600
16.67933400
16.80133300
16.46500000
16.67687500
16.87316700
16.52200000
16.70941600
16.82179200
16.57987500
16.65983300
16.78258400
16.26500000
16.64308300
16.98045800
16.83579200
16.40858300
16.50962500
16.94737500
16.41754200
17.13879200
16.22900000
16.68300000
17.13504100
16.55441700
16.85741700
16.53637500
16.55650000
16.83066600
16.40825000
16.65029200
16.62900000
17.12704200
16.45041600
16.47333400
17.15895800
16.57779200
16.73237500
16.38662500
16.90654100
16.46062500
16.67879200
16.83350000
16.88012500
16.30050000
16.59191700
16.68600000
16.83245800
16.54316700
16.67304100
16.91020900
16.45737500
16.71670800
16.89391700
16.71937500
16.40454100
17.05895900
16.33566600
16.99420900
16.34350000
16.75291600
16.81454200
16.85341700
16.69433300
16.77770800
16.20433400
16.71291600
17.11466700
16.24187500
16.66666700
17.12558300
16.59895800
16.41700000
17.05008400
16.41345800
16.49391700
16.90845800
16.82225000
16.32595800
16.91241700
16.44558300
16.68512500
16.68200000
17.04112500
16.57716700
16.88116700
16.56608300
16.64108300
16.66470900
16.52487500
16.94533300
16.32095800
16.89566700
16.53787500
16.60350000
16.87579200
16.64500000
16.81641600
16.39650000
16.89220900
16.82433300
16.40787500
16.63370800
16.66216700
16.67954200
17.24141600
16.50283400
16.57145800
16.49229200
16.72554100
16.56675000
17.13433400
16.23220800
16.68304200
16.68341600
16.92320900
16.46304100
16.67000000
16.68133400
16.68200000
16.81283300
16.55783300
16.67616700
16.69283300
16.67416700
16.99187500
16.83666700
16.57633300
16.70950000
16.63687500
16.34875000
16.68337500
16.68454200
17.00245800
16.41025000
16.87891700
16.44050000
16.68358300
16.68387500
16.92445800
16.89379200
16.23187500
16.91266700
16.45291600
16.68391700
16.68287500
16.90525000
16.62625000
16.66325000
16.54012500
16.92095800
16.57295900
16.55458300
16.77900000
16.82741700
16.44462500
16.72658300
16.63866700
16.85487500
16.87704100
16.31808400
16.68608300
16.95154200
16.41304100
16.68266700
17.05362500
16.32104200
16.67600000
16.68287500
17.03979100
16.32641700
16.75125000
16.89087500
16.69945800
16.39550000
17.05337500
16.31100000
16.68220900
16.68362500
16.68341600
17.02812500
16.69295900
16.33704100
17.00729200
16.69695800
16.75929200
16.26779200
17.10387500
16.25695800
16.68245800
16.70745900
16.83329100
16.76375000
16.44300000
17.06225000
16.29087500
16.68920900
16.67875000
16.86991600
16.78583400
16.66720800
16.41045800
16.98108400
16.62387500
16.44387500
16.95987500
16.41050000
16.67920800
17.08641700
16.28108300
16.68383300
16.80691700
16.55891700
16.68675000
16.68904100
16.69041700
16.88841700
16.46179100
16.68483400
16.93329100
16.73779200
16.56920800
16.61391700
16.90925000
16.34200000
17.02058300
16.63554200
16.77333300
16.52445900
16.45575000
16.91854100
16.59791700
16.96862500
16.46195800
16.55112500
16.88866700
16.39941700
17.03504100
16.71625000
16.29941700
17.06862500
16.29583300
16.68158400
17.08258300
16.63208300
16.63779200
16.38050000
16.68354200
16.68375000
17.12066600
16.58533400
16.73787500
16.28866600
17.04425000
16.68595900
16.41516600
16.58987500
16.85658400
16.50929100
16.89350000
16.47262500
16.98529200
16.72829200
16.33625000
16.93087500
16.60166600
16.76708400
16.47650000
16.95400000
16.51137500
16.54245800
17.00766700
16.65641600
16.71550000
16.35366700
16.98708300
16.74083400
16.32237500
16.89312500
16.47312500
16.71433300
17.01316700
16.32320800
16.97204200
16.60995800
16.46633300
16.73016700
16.87237500
16.86787500
16.26383300
16.72375000
16.99708400
16.59620800
16.68866700
16.84112500
16.44458300
16.87179200
16.50470800
16.65462500
16.51058300
16.98204200
16.38475000
16.68345800
16.87408400
16.62720800
16.89750000
16.34870800
16.66862500
16.87058400
16.71141600
16.68979200
16.75000000
16.61008300
16.78895900
16.77879100
16.34654200
16.60433300
16.68287500
16.88175000
16.85954200
16.30916700
16.81079100
16.55529200
16.70329200
16.66366600
16.68258400
16.97654100
16.42462500
16.64908400
16.99966600
16.70975000
16.45083400
16.92700000
16.64216600
16.91791700
16.48308300
16.35495900
16.66829100
16.72541700
16.63733300
16.94945900
16.84025000
16.43383300
16.91845800
16.35108400
16.75050000
16.84037500
16.64579100
16.85733400
16.25554100
16.67416700
16.68429200
17.10754100
16.61791700
16.68512500
16.32500000
17.05954200
16.30966600
16.74745900
16.61391600
16.95279200
16.41400000
16.68229200
17.07254100
16.51966700
16.45983300
16.95116700
16.41750000
16.94362500
16.41983300
16.99950000
16.63141700
16.70158300
16.87912500
30.36462500
10.96595900
10.98158300
13.96979200
16.65766600
16.68050000
16.68341700
16.68312500
16.70425000
16.66516700
16.68566600
16.67837500
16.68325000
16.68337500
16.68341700
16.68320800
16.68337500
16.68325000
16.68479200
16.69145800
16.67408400
16.69425000
16.67362500
16.68350000
16.69720800
16.66795800
16.68450000
16.68341700
16.68191700
16.68404100
16.68266700
16.68362500
16.68329200
16.69037500
16.68254100
16.67683400
16.68466600
16.68195900
16.68329100
16.69066700
16.68291700
16.68925000
16.69204100
16.66766700
16.67770800
16.68504200
16.68141700
16.68329100
16.69412500
16.69533400
16.66058300
16.68337500
16.68320800
16.68337500
16.68350000
16.68320900
16.68341600
16.68333400
16.68320800
16.68341700
16.68337500
16.80279100
31.40270900
28.91966600
25.53483400
25.74258300
24.70337500
26.50091700
25.66233300
25.02887500
21.80450000
25.29725000
24.78191700
22.21220800
23.53241700
22.06708300
23.29262500
22.83537500
21.28179200
22.75983300
21.15662500
23.85408300
22.36866700
22.44329200
21.72766600
23.38412500
22.01041700
24.36679200
24.43312500
24.63412500
24.32783300
22.77883300
25.66837500
25.54645900
23.39237500
25.36925000
24.24183300
25.77595800
24.84154200
24.01950000
24.44458300
23.26433400
25.58670800
24.56129200
24.64008300
22.71220800
26.21279200
25.61112500
26.53158300
25.49933400
26.38337500
25.70725000
23.60916600
25.84375000
25.10091700
23.87479200
24.50062500
24.15179100
23.78004200
25.94716700
24.44162500
24.81425000
23.63775000
25.52191600
27.06641700
23.99641700
24.79295800
24.93687500
24.36262500
23.57954200
23.09025000
25.05983300
23.50379200
26.05337500
25.23237500
20.98966600
25.19162500
24.65129200
25.99229200
24.45925000
23.53766600
24.47366700
24.20262500
24.85358300
24.20154200
25.32166700
22.99370800
25.46116700
23.71233300
23.38300000
23.48025000
24.78887500
24.00504200
24.46025000
22.31775000
26.83000000
21.32145800
26.64625000
23.69175000
22.48258300
24.70937500
22.96062500
26.19733400
25.84825000
24.37979100
25.06191700
24.97879200
24.12766600
25.08962500
24.25400000
23.57012500
25.96658400
24.03766600
23.91320900
23.79329100
26.09537500
24.27733400
27.23141600
25.21870900
24.20308300
23.84883300
23.46750000
24.72383400
23.52437500
26.14087500
24.32945800
24.18316700
24.07562500
22.84904100
22.64300000
26.15062500
24.33587500
23.92533400
23.55845800
26.20637500
25.25758300
25.26516700
24.22420800
24.28266700
24.53875000
24.45491700
24.57650000
24.97383300
27.40862500
24.88004200
23.93995800
23.37495800
23.32308400
23.80400000
25.06895800
25.35079200
24.44904100
24.71533400
24.39508300
25.42612500
24.62358300
25.31566700
24.40579200
25.94912500
22.93716600
22.21929200
25.46766700
24.85270800
24.09620800
25.38054200
24.18912500
23.70600000
22.40933300
23.20337500
22.13029200
23.29929200
24.53250000
23.83141600
25.40650000
23.52462500
25.96529200
24.60037500
25.19550000
24.15541700
28.68916600
25.71720900
23.85279100
27.47395900
25.04333300
22.39308300
26.60904200
23.72016700
23.70745800
23.73120800
24.30391700
24.32133300
22.75650000
27.37187500
27.40841700
26.49191700
23.83795800
24.33245800
24.12645900
24.49704100
25.10608400
24.83104100
27.37737500
27.40233400
27.51516600
24.92945900
25.65862500
24.69500000
25.38733300
24.37508300
25.48208400
24.03429100
26.58354200
26.79008300
26.82670900
25.24175000
26.10370800
24.98895800
28.99266700
23.39991700
24.17458300
25.23237500
24.54929200
26.10829100
27.34183400
26.73291600
26.21683400
24.55391600
25.42116700
23.87275000
24.27970800
23.76912500
24.16712500
21.67350000
22.89025000
22.76229200
22.47733300
21.08737500
22.09125000
22.26541700
21.05362500
22.20691700
23.95825000
22.28725000
21.54604100
22.04637500
20.67970900
20.84866600
20.57879200
20.57383300
21.91437500
21.94870900
22.97562500
22.27916600
20.60962500
21.36779200
22.59325000
20.34408300
22.58404200
22.59341700
21.99066600
22.21529200
26.26783300
23.56816700
24.91004200
22.64225000
23.80770800
23.49887500
23.41854200
23.44954100
23.15229200
22.92608300
24.20275000
22.37554200
23.66425000
24.36950000
25.41329200
25.09391600
23.69095900
22.27000000
24.63483300
24.45158300
24.44483400
24.56829100
24.96162500
24.58291700
24.00354200
24.56654100
22.53529200
22.26029200
23.33754100
23.76979200
22.41737500
21.89712500
22.34704200
24.18450000
24.33654100
23.99316700
26.27979200
26.65279100
24.33625000
22.82612500
24.56600000
30.07658400
27.33087500
27.76650000
147.48779100
54.63883400
26.95800000
25.03316600
26.00654200
23.28362500
25.08066700
26.21737500
24.44458300
24.25454200
23.55012500
23.88491600
23.82958400
23.64595800
24.01150000
25.26354200
24.59395800
25.01845800
25.91079200
24.70400000
23.61233300
24.18400000
25.86891700
25.38120800
22.97720900
23.02616600
25.62562500
25.58895900
23.85191600
24.09083400
23.70791600
25.98191700
23.05975000
25.44316700
26.83466600
31.80333400
31.29229100
28.63604200
27.32695800
28.43862500
28.11820900
30.45366600
26.60370900
24.69670800
23.59745800
24.36833400
22.81500000
22.74429100
22.67966700
22.10350000
22.39004200
22.30058300
24.25629200
23.07587500
23.56329100
25.01520900
24.07054100
25.64750000
23.84283400
26.12183300
23.31954200
25.60150000
25.05395800
25.68879200
26.11508300
22.98816700
22.68329100
22.12354200
24.15191700
22.78570800
22.19258300
22.28804200
24.24533300
23.10458400
22.43295800
23.85437500
24.67987500
23.61454200
23.04233300
22.90754200
23.35675000
22.31608300
22.07133300
21.57066700
21.46141700
20.95833300
22.68162500
23.85079200
22.74262500
22.05920800
23.17925000
22.24508300
21.41083400
22.71920800
22.73091700
23.81050000
23.82241600
22.98937500
25.10312500
23.17550000
23.96162500
23.04679200
21.82616700
21.98529100
20.99062500
21.39737500
21.73041700
22.24320800
24.00558400
22.89800000
22.67258300
22.21862500
22.76375000
23.60354200
23.63950000
22.25783300
22.85620800
22.31116700
22.43437500
23.15979200
23.18025000
23.23337500
21.91725000
22.06762500
22.23587500
23.80004100
22.06716700
21.16029200
21.60466600
20.41229200
21.65262500
21.48504200
21.58025000
20.88795800
21.64450000
21.41150000
21.63495800
21.12754200
21.56225000
20.62816700
23.35475000
22.72712500
21.89587500
21.46620800
23.83437500
23.93812500
20.69700000
20.31370800
21.90054200
22.84350000
22.37254200
22.15437500
22.10500000
21.76391600
22.18087500
22.33116700
22.55212500
21.91537500
22.30595800
22.45633400
22.81912500
21.88779100
22.11437500
21.71195900
22.33375000
20.96308300
21.45704200
21.02883300
22.21050000
20.98562500
21.23300000
21.94725000
20.78075000
22.52995800
24.46562500
21.70200000
21.09708400
21.07966600
21.24141700
20.82208300
22.37854200
22.86470800
21.16791700
22.09045800
22.23237500
20.76979200
18.85125000
19.26375000
19.57725000
20.46370800
20.12591700
18.98645800
19.83995900
18.40329100
18.37220900
20.35283300
21.18087500
20.61891700
23.44433300
22.51637500
20.61912500
20.54229200
20.47466600
20.92329200
19.98154200
19.72483300
23.18666700
22.40095800
22.39191700
22.79616600
22.07012500
22.87770900
23.60141600
25.68791700
24.68120800
22.10383400
22.16358300
26.19466700
22.26958300
22.27845800
21.89000000
22.63229200
22.67858300
22.35191700
22.22291700
20.65350000
20.82920800
21.59075000
20.82508300
22.08491700
22.41845800
22.53950000
21.65208400
22.37675000
22.23158300
21.25637500
21.48662500
20.90179200
21.65075000
20.17720800
20.11587500
24.34900000
21.76833300
21.24654200
20.93970800
22.29350000
22.31695900
20.37979100
20.45541700
21.42533300
19.82229200
20.59762500
20.40237500
21.03054200
22.08858300
24.69045800
23.79620900
21.78637500
21.89245800
21.91737500
22.01916700
20.55325000
21.83166600
22.51508400
22.11016600
21.83483400
21.96629100
21.53475000
21.29320900
22.29366600
22.58462500
21.14966700
20.74295800
21.18979200
21.84966700
21.36270800
20.98095800
20.53000000
20.82120900
19.58279100
21.41262500
22.09945900
20.43754100
20.45200000
20.82120900
20.77750000
19.60666600
20.52704200
20.57362500
20.80545800
21.77570900
24.58229100
21.07970900
20.97895800
21.16637500
21.20783300
21.34379200
21.84054200
22.49887500
19.88133300
19.41629200
26.97512500
24.24975000
37.17095800
24.18229200
25.92370800
33.26541700
43.60258300
23.07691700
21.67591600
22.20679200
23.16779200
23.14875000
20.13841600
18.77525000
22.03908400
21.90270800
20.64033300
21.48166700
18.21200000
20.01020800
19.90045900
20.63470800
19.22766700
18.44787500
17.56933300
17.79404200
19.11416600
19.38433400
18.44879100
19.18341700
18.48925000
19.43333300
18.57295900
22.54212500
22.46075000
22.38962500
22.51462500
22.99154100
22.55908400
22.33533300
22.28429200
26.31404100
22.92558400
22.57258300
24.83629200
23.99066600
22.61529200
22.53245800
22.30912500
21.49991700
23.17820800
22.28162500
23.08654200
23.83104200
24.02154100
21.77295900
21.06945800
21.67025000
22.90083300
22.47266700
20.93008300
22.87329200
22.45645800
22.97687500
22.74883400
22.39062500
21.97304100
22.18087500
22.67275000
21.67520900
21.71766600
20.80587500
20.46566700
24.14862500
21.31979200
21.33529100
21.16312500
22.81241700
24.39362500
23.32150000
23.09416700
22.86829100
22.67020900
24.34195800
22.34808300
22.08716700
21.72250000
22.60333300
22.29083400
21.76683300
22.70704200
22.83450000
22.93641600
22.41700000
22.66450000
26.27841700
23.94304200
24.39208300
22.39070800
22.26750000
21.51725000
20.68345900
21.95145800
21.55154200
21.45208300
21.66212500
20.19383300
19.75220900
18.98091600
18.50720900
17.82525000
18.49104100
17.67562500
18.15712500
17.85920900
17.83254100
18.83445900
20.88875000
20.73537500
19.57045800
20.75345800
20.25533400
19.73679100
19.56708400
19.01808300
19.43641700
19.39087500
19.10691600
18.46887500
18.75654200
18.42116700
19.91983300
20.01650000
19.53045800
18.87733400
19.34550000
17.77062500
18.43204100
19.03337500
18.87050000
17.79875000
17.52391700
19.00658300
18.39941700
17.93695800
18.63600000
19.09616700
20.16220800
21.13262500
21.94108400
18.89050000
18.67845800
18.73916700
18.38800000
20.90841600
19.47354200
19.71429200
18.95575000
18.88179100
20.30116700
18.91762500
18.45616700
19.91025000
18.56887500
18.58750000
22.27475000
21.05295800
23.65758300
19.01108400
18.68970800
17.65858300
17.19825000
16.44566700
19.18179200
18.84808300
18.00633300
18.21000000
17.94883400
17.00237500
17.47704100
17.10016700
18.12983300
18.42241700
17.79808300
17.72483400
18.82020800
18.43241700
18.99662500
18.34133300
20.08091700
19.77883300
17.05629200
17.58833300
19.65975000
17.39000000
19.87545800
18.60379200
16.98683300
17.38283400
17.81308300
17.96454200
17.29216600
16.69254200
18.12737500
20.25825000
18.97212500
18.94112500
17.93829200
17.01879100
16.42833400
16.62825000
17.18312500
17.86079100
18.14416700
19.90666700
19.63595800
18.53250000
19.87820800
19.44850000
20.78587500
19.46720900
18.59220800
18.91879200
19.27212500
20.04137500
19.65108300
19.41541700
19.53404100
21.52429200
21.53779200
19.98450000
19.48058300
20.01233300
20.69533400
24.82266600
22.47054200
21.28479200
20.90083300
21.47325000
21.93533300
21.88520900
21.31341600
21.51179200
21.79070800
21.00162500
19.60858400
21.98445800
22.60825000
22.17600000
23.81308300
23.05937500
23.22233400
24.72508300
34.06529200
23.31141600
22.41037500
21.21295900
20.23666600
19.83037500
21.45604200
19.18179200
19.87816600
19.66129200
20.53129200
22.07045800
20.16479200
19.56212500
21.44050000
19.15950000
21.62979100
20.25737500
21.71933400
21.06408300
21.68575000
20.69958300
21.86933400
22.83041600
22.34433400
23.71379100
20.72341700
19.01866700
18.99966600
20.13812500
19.57466700
20.05300000
19.85570800
20.34529200
22.11650000
22.50537500
21.26829200
20.88304100
21.23383400
23.69829100
21.85304200
22.05033300
21.24233400
20.83204100
21.62137500
26.09454200
24.66758300
20.42833400
23.52870800
22.87091700
21.33350000
22.15016600
23.58062500
19.11362500
19.36508400
20.89366600
22.53275000
21.05408400
20.14483300
19.67833300
25.09020900
24.36979100
25.18416700
25.55858300
24.20404200
25.88325000
25.54845800
25.45345900
25.83512500
26.85679100
26.31716700
24.68937500
24.41270800
26.08929200
26.00979200
24.73991600
25.17883400
24.08929100
24.68504200
24.63858300
24.55750000
24.07475000
24.36083400
24.63804100
23.91695900
22.94333300
23.31000000
25.91087500
24.91212500
22.80116700
25.76320800
26.35300000
25.21662500
24.65800000
24.90162500
23.65375000
23.58558300
25.89750000
32.99279200
34.29525000
48.89433300
38.04654200
25.74529200
27.39612500
29.58266600
26.86008400
26.41595800
24.31295800
24.71175000
23.18850000
20.81366700
19.32000000
18.85529200
21.57304100
21.66195900
17.84633300
21.55537500
19.74804200
19.45166600
21.04666700
21.28437500
17.84970800
18.39987500
18.66329200
18.88525000
18.27783300
18.00354200
18.08375000
23.27566700
22.60200000
22.96629100
19.95516700
20.32504200
19.60200000
20.58645800
19.52104200
20.87387500
22.17858300
21.88783300
20.02720900
20.05266600
21.01083400
21.22058300
22.18245800
23.42879200
21.80545800
24.18991700
21.45775000
24.32012500
22.67879200
24.81258300
24.43558300
22.88220900
25.63466600
24.70441700
21.72375000
24.56258300
24.66187500
21.90650000
22.12595900
23.70179100
21.90216700
22.49375000
22.37133300
22.15391700
27.08695800
23.01791700
25.65187500
24.68108300
25.87475000
25.58995900
24.36079100
24.03470900
24.53750000
24.76091600
24.40450000
25.87550000
23.62870900
23.40354100
24.25712500
24.25754200
22.37500000
24.33016700
23.32095800
24.05795800
23.79750000
22.62508400
22.62525000
23.10429100
23.11758400
24.41791600
25.19741700
24.66179200
25.76558300
25.95208300
26.69987500
26.35204200
26.10225000
25.38912500
26.65804200
27.28125000
24.80587500
24.58854100
24.97662500
26.63975000
25.22258400
25.96679100
24.30629200
24.46529200
25.44220800
25.96154200
22.34995800
24.92966700
24.06316600
23.73733400
22.36329100
23.64554200
26.83858300
25.87566700
24.51412500
24.11200000
24.24995800
23.92600000
26.06987500
25.51470900
26.54708300
25.61933300
25.69441700
24.89129200
26.76954100
26.09258400
25.68520800
27.33362500
26.63600000
26.25758300
27.06458400
25.85712500
24.37329100
24.58583400
23.87329100
25.82545900
25.93683300
26.11270800
25.90966700
24.82441700
27.16004100
26.60858400
25.18383300
24.29341700
23.84020800
24.78083300
24.19437500
24.45550000
23.18837500
25.54537500
24.95275000
23.62058400
22.01754100
22.40400000
23.38491700
21.69316700
20.80241600
21.49550000
21.55008400
22.47179100
21.97425000
22.13979200
22.36691700
23.77350000
23.62950000
22.35037500
22.53858300
22.62741700
21.39337500
21.93162500
20.84829100
21.03829200
20.71183300
19.43145900
21.19012500
23.89083300
22.56412500
24.33437500
24.30987500
24.04816700
22.59945800
24.23537500
23.73050000
22.54229200
23.23195800
23.18087500
24.27487500
25.16475000
23.95445800
23.24841700
23.48462500
23.12941700
24.11895800
22.74412500
23.21350000
25.00508300
23.83045900
24.97591600
25.52766700
23.34050000
25.42120800
25.11520900
26.52487500
23.94570800
27.81358300
24.36512500
25.66808400
24.39295800
26.29350000
24.50520800
24.95825000
24.52008400
23.99908300
25.02837500
24.12320800
23.83204200
22.55200000
25.33320800
22.18333400
23.91191600
23.14237500
24.17529200
23.06666700
24.93637500
24.12341600
24.23716700
25.06150000
23.57308300
23.84383400
27.29987500
23.57370800
24.51666700
23.96983300
24.93600000
21.99804200
24.87083300
23.70970800
27.73762500
1.13829200
12.73079200
12.35895800
12.69454200
12.81562500
12.99558300
12.83016700
12.78858300
12.83825000
12.81604200
11.80791600
12.08754200
12.36608300
13.85229200
12.06687500
6.03108300
6.19479200
10.17045800
16.39937500
16.69729200
16.66945800
16.69329200
16.67366700
16.68304100
18.02512500
15.70220900
16.32279100
16.68325000
16.68333400
16.69133300
16.67529200
16.68733300
17.01604200
17.47466600
15.76645900
16.47208300
16.68387500
16.68295800
16.68541700
16.68108300
16.68362500
16.69983400
17.00687500
16.34329100
17.19775000
16.90670900
15.95591600
16.70233400
16.65383300
16.68729200
16.68241600
16.68066700
16.68441700
16.68179100
16.69850000
16.66829200
16.68320800
16.68354200
17.02941700
16.33966600
16.69370900
16.98295800
19.88325000
17.33391700
17.20670800
19.08608300
18.48037500
16.12054200
15.87620800
17.15416700
18.87970800
16.07029200
16.63629200
16.45400000
17.00183300
17.61391700
17.88387500
17.61366600
16.69745900
16.45708300
16.31212500
16.34870800
14.61829200
14.79633300
14.46991700
15.85612500
15.03245800
16.24275000
16.07370900
15.69945800
15.60479200
16.68345800
16.68295800
16.68358400
16.68325000
16.68362500
16.68308300
16.68345800
16.68316700
16.68350000
16.68320800
16.68329200
16.68329200
16.68375000
16.68316600
16.68325000
17.55675000
16.15679200
16.33645800
16.68362500
16.68295900
16.68337500
16.69233300
16.67458300
16.68970900
16.67679100
16.68333400
16.97020800
16.39645800
16.68341700
16.68687500
16.67958300
16.68345900
16.68308300
16.68350000
16.68366700
17.84662500
16.13225000
16.07104100
16.69062500
16.67591700
16.68333300
16.68329200
17.94500000
18.15875000
18.60108300
16.92625000
17.61166700
17.55808300
17.19545900
16.96954100
17.15770900
16.78837500
15.56112500
14.87770800
16.57512500
16.66687500
16.39925000
16.05883300
16.44616700
17.01941700
16.62858300
17.24620800
16.96479200
16.33695800
16.36362500
16.36195900
15.95729100
16.31487500
16.74491700
18.72387500
17.61729200
16.33466600
15.78887500
16.00433400
16.05016600
17.29879200
16.21600000
16.68487500
15.82700000
15.57970800
17.40358400
16.64995800
16.31183300
16.43429200
16.42333300
16.60450000
18.36833400
16.59325000
16.18412500
16.79600000
15.82675000
16.05187500
16.31237500
16.12183300
16.57345800
16.68316700
16.71533300
17.10954200
16.22950000
16.67900000
16.68370800
17.43470900
17.65808300
18.65812500
16.57675000
15.55212500
15.21529200
17.26491600
16.65687500
16.64691700
18.76550000
17.83150000
16.91650000
17.04304200
16.38150000
16.42125000
16.39675000
17.04341600
15.38404200
15.70379200
15.25233300
15.54620800
16.68337500
16.68395900
16.68975000
16.67641600
16.68325000
16.68320900
16.68337500
16.68329100
16.68341700
16.68970800
16.69679200
16.66408300
17.53387500
16.87525000
16.15195900
16.47558300
16.38804200
16.67454100
16.68362500
16.68316700
16.68337500
16.68337500
17.30458300
17.19129200
17.71979200
16.12404100
15.59370900
16.16662500
16.68333300
16.68316700
16.68341600
17.44079200
16.20433300
16.40487500
16.69854200
16.66866700
16.68279100
16.68325000
16.68337500
16.68337500
16.68358400
16.69758300
16.66900000
16.69116700
16.68079100
16.67779200
16.70970800
16.66450000
16.67579200
16.68333300
16.68920900
16.67762500
18.13033300
16.26054200
17.12633300
19.14383300
16.88462500
16.58012500
16.22125000
16.32854200
15.62750000
15.73062500
16.53325000
16.80908300
16.55500000
16.52658400
18.38354100
16.68200000
17.31241700
17.30554200
17.16425000
17.29975000
16.54704100
16.86487500
17.38679200
17.35241700
16.37762500
16.58016600
16.68104200
15.66737500
14.92620800
14.47500000
15.71941700
16.68341700
16.68329100
16.68329200
16.68337500
16.68333300
16.68337500
16.68325000
16.68333400
16.68333300
17.11158300
16.28462500
16.65387500
16.72175000
16.64483400
16.68320800
16.68337500
16.68341700
16.68333300
16.68337500
16.68362500
16.68354200
16.68312500
16.68325000
16.68312500
16.68370800
17.93141700
15.94458300
16.17891700
16.67995800
16.68204200
16.68300000
18.43937500
17.32466600
16.16487500
17.97833400
16.21704100
16.09429200
16.52187500
17.26500000
17.33583300
16.47820900
17.05087500
16.43558300
16.22425000
16.89962500
15.72558300
15.12633400
16.33479100
16.68320900
16.68483300
16.69558300
18.57504200
15.48441700
18.99770800
16.68233300
16.37954200
16.79108300
16.11179200
16.50220800
15.63508400
16.58170800
16.01508300
16.95062500
16.16370900
17.20150000
16.48479100
16.36341700
16.68283300
16.68329200
19.11108300
16.32704200
16.44433300
14.86550000
16.97433400
16.53929100
16.63233400
16.78141600
16.48175000
16.69958400
16.66312500
17.86062500
18.86529100
16.47920900
17.11058300
15.47120800
14.82004200
16.17341700
17.82483300
17.39291700
16.39520800
15.59404200
16.20987500
16.68670800
16.82216700
16.75145800
16.49954200
16.65858300
16.68129200
16.68366600
16.69370900
16.67341600
16.68250000
16.68400000
16.68470900
17.96137500
16.16575000
16.74470800
16.03120800
16.52100000
16.67454200
16.68266700
16.68383300
16.68291700
16.68358300
16.68325000
16.68383300
16.69608400
16.67029100
16.68291700
16.68425000
16.68241700
16.87958300
16.48712500
16.70070800
17.32429200
16.02537500
16.68304200
16.68362500
16.68433300
16.68287500
16.68275000
16.68333300
17.23729200
16.13129200
16.69637500
16.67454100
16.67687500
16.68420900
16.68658300
16.67987500
16.68304200
16.68395800
16.68258300
16.68508400
16.68141600
16.68341700
16.68333300
16.68329200
16.70675000
16.67841700
16.66533300
16.68337500
16.68358300
16.68425000
16.68175000
16.68337500
16.68358400
16.68300000
16.69612500
16.67033300
16.68920800
16.68983400
16.67175000
16.69570800
16.67050000
16.68341700
16.68329100
16.68350000
16.68333400
16.68312500
16.68358300
16.68308300
16.70029200
16.66600000
16.68383300
16.69316700
16.67329200
16.68341600
16.68312500
16.68920900
16.69454100
16.66691700
16.68270800
16.68483400
16.68991600
16.68445900
16.67395800
16.68329200
16.68387500
16.68358300
16.68233300
16.68370900
16.68329100
16.68320900
16.68379100
16.68279200
16.68391700
16.68279100
16.68325000
16.68366700
16.68362500
16.68308300
16.68316700
16.68320800
16.68358400
16.68316600
16.68333400
16.68325000
16.68337500
16.71091600
16.65570900
16.68341600
16.68325000
16.68366700
16.68300000
16.68350000
16.68337500
16.68329200
16.68333300
16.68316700
16.68375000
16.68283300
16.68429200
16.68308300
16.68350000
16.69870800
16.66750000
16.68316700
16.68454200
16.68283300
16.68270800
16.68504200
16.68208300
16.68350000
16.68616700
16.68587500
16.67762500
16.68362500
16.68329200
16.68379100
16.68595900
16.68770800
16.67608300
16.68241700
16.68395800
16.68337500
16.68262500
16.68604200
16.68187500
16.68258300
16.68312500
16.68320900
16.68366600
16.68670900
16.68004100
16.68354200
16.68587500
16.68045800
16.68358400
16.68316600
16.68316700
16.68495800
16.68200000
16.68329200
16.69916700
16.67329100
16.67750000
16.68487500
16.69395900
16.67083300
16.68312500
16.68491700
16.68516600
20.96133400
20.27662500
26.28545800
18.54125000
15.17133300
15.14300000
17.33387500
16.73087500
17.04254200
17.40075000
15.80295800
15.70479200
19.83045800
16.31795900
15.88533300
15.71633300
15.68033400
16.14216600
15.83858400
15.30591600
15.05795900
14.91800000
14.18658300
13.62250000
13.64420800
15.22220900
16.68325000
16.69033300
16.67641700
16.68470800
16.68266700
16.68316600
16.68320900
16.69025000
16.67887500
16.68054100
16.68329200
16.68345800
16.68337500
16.68291700
16.68358300
16.68350000
16.68300000
16.68383400
16.68300000
16.68591600
16.68083400
16.68383300
16.68275000
16.68316700
16.68354100
16.68325000
16.68329200
16.68320800
16.68358400
16.68366600
16.68325000
16.68466700
16.68158300
16.68337500
16.68325000
16.68600000
16.68066700
16.68341700
16.68316600
16.69654200
16.67041700
16.68995800
17.25129200
16.10845800
16.68758300
16.69391700
16.66862500
16.68329200
16.68337500
16.68325000
16.68341600
16.68470900
16.69483300
16.67033300
16.68695900
16.67979100
16.68325000
16.68454200
16.69262500
16.67287500
16.69579200
16.67291600
16.68133400
16.68337500
16.68337500
16.68404100
16.69620900
16.66966600
16.69208400
16.67458300
16.68329200
16.68341600
16.68329200
16.68329200
16.68370800
16.68604200
16.68041600
16.68308400
16.68708300
16.67966700
16.68341600
16.68641700
16.68029200
16.68325000
16.68325000
16.68341600
16.68333400
16.68325000
16.69625000
16.67570800
16.69641700
16.66875000
16.67954100
16.68691700
16.67987500
16.68333300
16.68612500
16.68037500
16.68829200
16.67845800
16.68395900
16.68304100
16.68304200
16.68337500
16.68325000
19.97941700
18.45604100
17.05829200
15.63350000
16.64970800
15.40975000
13.99441700
16.28579200
16.68325000
16.68325000
16.68354100
16.68316700
16.68333300
16.68337500
16.68316700
16.68366700
16.68329100
16.68325000
16.68320900
16.68333300
16.68345800
16.68320900
16.68370800
16.68333300
16.68300000
16.68325000
16.68337500
16.68354200
16.68329200
16.68333300
16.68341700
16.68329100
16.68337500
16.68537500
16.68470900
16.68050000
16.69208300
16.67408300
16.68337500
16.68295900
16.68329100
16.68333400
16.70233300
16.66445800
16.68345900
16.68337500
16.74120800
16.63091700
16.74875000
16.93887500
19.12766600
20.29087500
18.78620900
17.59233300
20.81154200
18.88016600
18.03791700
17.61141700
21.23366600
18.27795900
20.03304100
18.73337500
18.79866700
18.11483300
19.22308400
18.54933300
19.85291700
19.69245800
21.25033300
20.14575000
21.67350000
25.50445900
23.25679100
21.82362500
20.95425000
20.65033400
20.99766600
22.13408400
20.59170800
20.23925000
20.64425000
18.70416700
19.87775000
18.71945800
19.21158300
19.15854200
19.43416700
18.89208300
21.68100000
19.53354200
19.68779100
19.12154200
20.97620800
19.03533400
19.31237500
20.40745800
19.63600000
19.68258300
19.31137500
19.86650000
18.49675000
19.63616700
19.10054200
19.83787500
20.12154100
17.94612500
18.32287500
17.37070900
18.06187500
18.05300000
19.77504100
18.40404200
18.38162500
18.48929200
18.51766600
17.82675000
18.28591700
18.08216700
18.53375000
17.59879100
16.89041700
18.00587500
18.18662500
27.52679200
20.90804100
18.25395900
18.86479100
18.22245900
18.70341600
20.13354200
19.20600000
19.82979200
20.23762500
17.83054100
19.55795900
18.47325000
19.81391600
18.20679200
17.36875000
16.59691700
16.43241600
17.20154200
18.47220800
17.53383400
17.05762500
17.55491600
17.26704200
17.05966700
17.23875000
17.12279100
17.28941700
17.76225000
17.00729200
17.35662500
16.94983300
16.84516700
19.51520800
17.85625000
17.84016700
17.41495800
17.92983300
16.81054200
17.93600000
16.79329200
20.27516600
17.98604200
17.24908300
17.90745900
19.87204100
17.83487500
18.69116700
18.19237500
18.96145800
17.27833400
18.38683300
16.56533300
17.59962500
17.20591700
17.58033300
18.63608400
16.63879100
18.37533400
19.15495800
17.83820800
16.45575000
18.65316700
16.21683300
17.00854200
17.90850000
17.38054200
18.19129100
16.97454200
17.60466700
16.60795800
16.16008300
17.01133400
17.04687500
17.88720800
18.46416700
17.06491600
17.81208400
18.77766600
19.23754200
17.19708300
17.26537500
18.36704200
17.92916700
19.15441600
17.76354200
17.11033300
16.79487500
16.35225000
16.91858400
15.63512500
15.87520800
16.63675000
15.55687500
16.12666700
16.28333300
16.10875000
16.14975000
15.37120800
15.73575000
14.87808400
14.73770800
14.88354200
15.17516600
15.89308400
15.47300000
15.16141600
14.73325000
14.73104200
16.23683300
14.77095900
14.84633300
14.78112500
14.80600000
15.04929200
15.15229100
15.42650000
15.05920900
15.11425000
14.69962500
15.41829100
15.44012500
16.14429200
17.02125000
16.53020800
15.70204200
16.37312500
16.09583300
16.21941700
16.36333300
17.29083400
17.82287500
16.58429100
17.16266700
16.27400000
16.45154200
16.34816600
16.48295900
16.90420800
16.54600000
16.44479200
16.22237500
17.83008300
16.91333300
18.92654200
18.65208300
18.72066700
18.12554200
17.51450000
17.80670800
18.16766700
17.06262500
17.82204100
17.93579200
16.61845800
16.66166700
19.08883300
17.44000000
17.65920900
17.94445800
19.56829200
18.61158300
17.85075000
17.99829200
18.67670800
18.59225000
20.55025000
19.17000000
18.69962500
17.31787500
17.43112500
17.41887500
17.76970800
18.70995900
17.68458300
19.51916700
17.80975000
18.33895800
18.02304200
18.51175000
17.70162500
17.42737500
19.27379100
16.86575000
18.70395900
17.81375000
17.63737500
18.96762500
18.31950000
17.66733300
16.44854200
16.81675000
16.49962500
17.95125000
17.13441600
17.42087500
17.13154200
17.23391700
17.57270800
17.68125000
17.40220800
16.73654200
17.38379200
17.20520800
18.25466700
18.11712500
17.89420800
19.49675000
18.42712500
18.05333300
17.04716700
17.70275000
18.19770800
17.74708400
17.23583300
17.24700000
16.18316700
16.40683300
17.21300000
16.18779200
19.19087500
16.65225000
18.17595800
16.50166700
17.19779100
19.12954200
18.82070800
18.19641700
16.85212500
16.68454200
17.68887500
17.22162500
16.34341600
16.47137500
17.87933400
17.58429100
17.51875000
16.55795900
16.45600000
16.65966600
17.29075000
17.91425000
16.71558400
16.49787500
17.46700000
17.53333300
16.93429200
16.87558300
18.85825000
16.88054200
19.77637500
17.83120800
17.56137500
17.52758300
17.49866700
16.58637500
18.38266700
17.03808300
16.19566700
16.26050000
16.39316600
16.64587500
17.12850000
18.02562500
16.07316700
18.00645800
16.81383400
19.04900000
16.78762500
17.08112500
16.69408300
20.40762500
20.17204200
19.85741600
19.94275000
22.47641700
21.89987500
19.65975000
20.75579200
28.74062500
24.80866600
21.37475000
20.83325000
18.74045900
17.58795800
17.52879200
17.35904100
17.23862500
17.66875000
20.28483400
18.96904100
18.19370900
17.62987500
17.63987500
17.54195800
17.43062500
17.61700000
17.58408300
16.32737500
16.93025000
17.06854200
16.94108300
17.81595900
19.72962500
18.38333300
19.34879200
18.28500000
18.73658300
18.57929200
21.05137500
20.18100000
23.04916600
21.63779200
20.25600000
19.00675000
18.73145800
18.18995900
18.41937500
18.50375000
18.28670800
18.51045800
18.29212500
18.42387500
18.21437500
19.68341700
19.82712500
18.67033300
19.19683400
18.49950000
20.49354100
19.62516700
25.36516700
24.61462500
22.28670800
22.05316700
20.03008300
21.12783300
19.31112500
22.37412500
22.87016700
24.80033300
24.10762500
25.81125000
22.23012500
20.24345900
20.82837500
22.35862500
20.47725000
22.73383300
22.71329200
22.51175000
21.90875000
23.15583300
20.33425000
22.14054200
19.89429100
19.17187500
22.09395900
20.46408300
19.95379200
21.50700000
19.75170800
18.80691700
19.83470800
21.42258300
20.51279200
19.81108300
22.00000000
23.48870900
20.81279100
22.18270900
21.49450000
20.81558300
25.00037500
21.52604200
20.61062500
22.95929100
25.67462500
22.74020900
24.28995800
23.06079200
24.68337500
23.28233300
24.36283300
22.96258400
21.97545800
20.84050000
21.07675000
21.33970800
20.55850000
22.45016700
21.91237500
21.66100000
24.54841700
21.59737500
19.68675000
20.79212500
20.67279100
20.75212500
22.32312500
21.20470900
20.70825000
23.53495800
20.56670800
19.04858400
20.30520800
21.10841700
19.38025000
21.23441600
20.77254200
22.73833300
21.89575000
21.75741700
21.16987500
23.03837500
22.80920800
20.73541700
19.75825000
22.21145800
20.54225000
22.11125000
21.89754200
24.69125000
22.29845800
23.42391700
21.81779200
20.33475000
23.52654100
23.54837500
23.52920900
24.48929100
24.46241700
23.17095800
21.99550000
19.84475000
21.46533400
20.46766600
20.84470900
23.42850000
21.75350000
23.54404100
21.43000000
20.16166700
20.76812500
26.64345800
25.65079200
23.75687500
22.97912500
24.49291700
21.91054100
22.31300000
20.84645900
21.98241600
19.23004200
19.67420800
21.94095900
21.93991600
23.54670900
20.66320800
22.76325000
20.62420800
20.94120900
25.02725000
20.79012500
23.00341600
21.46562500
18.85887500
20.86512500
23.56816700
24.64470800
24.73825000
23.29345900
22.18287500
21.85816600
21.79720900
19.60550000
20.40291600
20.60479200
20.47829200
19.72058300
20.40108300
19.60025000
19.57170900
19.92629100
20.01087500
20.52845900
19.66754100
19.35875000
19.39958400
20.30083300
22.72462500
20.60162500
23.56533300
19.37870900
19.11937500
18.89991600
21.62170900
20.70695800
22.75062500
22.95400000
21.87225000
20.94029200
22.94541600
24.02504200
21.86358300
20.16895900
25.56933300
24.39083300
23.51991700
23.74816700
23.49725000
26.35054100
23.00062500
25.63545900
26.75462500
27.42600000
22.47195800
24.59558300
24.55916700
27.45945800
24.51158400
24.42670800
21.57262500
20.50329200
24.58416600
21.47045900
22.22254100
21.63704200
20.54875000
21.84541700
23.07625000
23.50158300
21.00508300
21.54512500
24.57308400
23.79204100
23.53312500
24.11141700
22.78787500
22.76312500
25.40591700
26.84175000
23.68508300
22.89533300
20.73383400
22.04012500
21.43866600
22.20783400
20.51991600
21.24804200
21.41970800
25.26358400
23.40504100
24.97670900
22.83962500
25.01645800
22.69166700
23.69937500
24.18187500
25.24916600
21.97820900
22.55654100
20.71266700
20.86487500
21.03908300
21.18600000
25.77195900
25.98750000
23.73104100
23.69108400
23.56541600
23.47562500
22.00954200
23.02020800
28.12620900
26.30116600
27.74829200
29.79125000
23.33429200
23.57775000
23.60562500
25.15845800
24.43800000
27.51895800
24.32037500
22.99112500
23.68375000
22.94862500
24.78095900
23.58729100
21.65479200
24.12104200
25.28316600
23.58883400
25.27350000
24.78858300
26.64266700
29.16300000
27.40475000
25.75941600
23.96558400
26.08325000
26.88500000
27.67633300
28.18041700
26.13412500
21.49908300
22.78758300
24.42745900
23.16833300
24.01537500
22.89504200
23.74966600
20.78545900
23.50025000
22.39891600
23.07129200
24.18458300
22.62820900
20.84620800
20.45187500
20.72258300
21.01083400
21.97100000
21.62929100
22.18575000
23.65541700
23.19100000
25.61937500
24.39512500
21.89591700
23.76341600
21.83383400
24.60370800
24.64250000
21.98670800
24.38566700
24.02920800
26.45016700
23.68066700
23.87679100
30.58445900
30.39379100
32.39645900
29.48741600
23.71325000
24.59300000
23.29470900
24.13700000
26.02116600
25.65962500
23.36195900
21.72550000
22.25445800
20.31937500
20.11566700
18.30891600
18.97658400
19.84720800
18.23945800
19.77175000
18.71700000
20.44933400
17.19266600
16.88233400
16.69612500
16.38612500
16.33145800
16.57137500
16.61929200
16.12750000
15.90245800
15.89066700
15.50745800
15.50741700
15.19150000
16.47866600
15.37962500
15.93700000
15.48483400
17.47433300
18.61904200
18.52729100
18.26075000
19.30462500
19.33204200
18.36837500
20.15295800
17.55920900
19.02345800
18.42487500
18.62833300
18.13770900
18.05625000
19.09958300
18.78608300
18.89450000
18.69575000
18.78787500
19.12925000
19.55583400
19.45900000
18.58562500
18.29841600
19.68791700
19.05320800
19.59662500
19.42625000
18.77700000
18.84520900
17.42129100
16.98283400
17.01837500
16.70333300
17.09004200
17.32887500
17.42329100
17.44704200
17.31600000
16.76129200
16.74058300
17.52054200
16.72562500
17.16475000
16.78145800
16.43029200
16.98712500
16.55891600
17.84570900
18.40750000
18.85270800
17.66937500
19.30350000
19.06120800
18.35391700
18.49050000
18.40420800
18.55462500
20.82316700
21.16437500
19.85895800
19.98641700
20.81820800
20.11775000
18.98700000
20.98825000
19.53075000
18.70700000
20.28541700
18.80441700
20.98150000
19.74541600
19.77241700
19.71637500
20.09141700
19.16212500
21.82066600
21.37166700
20.54841700
22.30204100
21.10154200
20.42579200
20.73887500
19.62658300
18.31458300
22.62587500
18.77283400
18.16141600
19.04016700
18.63233300
18.96079200
18.30975000
19.92629200
20.70570800
18.24179200
19.71608300
19.88095800
19.00370900
18.90600000
19.21425000
19.24325000
21.12450000
19.86862500
18.33354100
20.47212500
18.45583400
19.07729100
18.48216700
19.58595800
18.49770900
18.53050000
19.80808300
18.59950000
18.44087500
21.18187500
27.80350000
24.86350000
30.68670800
49.24966700
31.18708300
25.11675000
20.78808400
23.89137500
20.88325000
21.13141600
22.32916700
23.74104200
22.56720800
24.04395800
21.43020900
20.90091600
20.74104200
21.24133300
19.30779200
19.49433300
21.78766700
19.78325000
18.22670800
18.75966700
18.76508300
19.63779200
20.13712500
18.84875000
19.28225000
18.53320800
17.98462500
18.15558400
18.08708300
19.19008300
18.66454200
19.91458300
19.68870900
18.30495800
20.88666700
19.93179100
18.10050000
19.46316700
19.32183300
18.63362500
18.87925000
19.78662500
19.26433400
19.64558300
19.96783300
18.42533400
19.90345800
19.69937500
22.11979200
25.40204100
20.03525000
19.74687500
21.25004200
20.36491700
19.68783300
22.91545800
18.55762500
19.98945900
18.60783300
18.09779200
19.61108300
19.89554200
17.57133300
17.14362500
17.02745800
16.60358400
16.57229100
16.43233400
16.02900000
17.62737500
16.02175000
15.82245800
15.95416700
15.18183300
14.97016700
15.08941600
14.71237500
16.22462500
17.09737500
17.58908400
17.34820800
17.53387500
17.43529200
20.01141600
18.71183400
18.63425000
22.14125000
21.98316600
23.43591700
20.49050000
21.89287500
31.05645800
31.00379200
31.03575000
41.18425000
29.56508300
22.35920900
23.13183300
23.00437500
22.99245800
25.07195900
24.05758300
23.54895800
22.78487500
26.70670900
25.92633300
24.28637500
24.64579200
25.22550000
25.20612500
26.33812500
23.61362500
30.48783300
27.01558300
27.73466700
24.69533300
28.04520900
25.28950000
23.48120800
25.23041700
22.31945800
23.39691700
25.72612500
24.73191600
20.88925000
19.98837500
20.15625000
20.24566700
21.20512500
20.11350000
20.27770800
21.35700000
22.28291700
21.11129200
19.78141600
19.09795900
20.15516600
19.92941700
21.02504200
19.22945800
17.84312500
18.14250000
20.54554200
18.24687500
18.95541600
20.37620900
18.24850000
17.46712500
19.42537500
19.16070800
18.22900000
18.48358300
18.75041700
17.93216700
18.12187500
18.88808300
18.13666700
18.09012500
18.40708300
18.13491700
18.69204100
20.09041700
18.67775000
17.43554200
18.63016600
18.47525000
19.05845900
18.42854100
18.77983400
17.73783300
18.27441700
18.23554100
19.37483400
18.96950000
20.11654100
18.76395900
17.50066600
19.29333400
18.84850000
18.75291600
19.95495900
20.51329100
21.82287500
19.27516700
18.07404200
18.96466600
19.26083400
19.41166600
21.25366700
19.17570800
19.02516700
19.18483300
18.12320900
17.90445800
18.47112500
18.69479200
18.12883300
21.52516700
20.57320800
19.03766700
19.21854100
19.26941700
18.85883300
18.98270900
18.56008300
19.00366700
19.53066600
19.14816700
18.49791700
19.43729100
17.80737500
17.88908400
18.12112500
17.70320800
18.12729200
17.74004100
18.88650000
18.74229200
18.58479200
19.84358300
18.42450000
19.21145800
19.14445900
18.09837500
18.58212500
19.15120800
18.38358300
20.59929200
19.84241700
21.40325000
19.17650000
18.46433300
18.73250000
18.28012500
18.43154200
18.17229100
18.23095900
18.03416600
16.84504200
16.52754200
17.05779100
17.03108400
18.57800000
17.32408300
17.54529200
19.44312500
20.82250000
18.95179100
26.17833400
20.33587500
19.97454100
18.87166700
18.77591700
18.90604100
19.27816700
22.97500000
22.80579200
21.72441600
21.86945900
22.60995800
21.74562500
21.64829200
22.16216600
20.77854200
23.19745800
23.23683400
23.77350000
23.61625000
23.19050000
23.99062500
23.16529100
24.73583400
23.92645800
23.70254200
23.90250000
24.61666600
23.46950000
23.53500000
1.78616700
14.16191700
17.72545800
18.90020800
32.47379200
18.29666700
18.43300000
17.91104100
20.12525000
17.64991700
17.00800000
16.73216700
16.61312500
15.00208300
14.97191700
14.99108300
14.97008300
15.03291700
15.14029200
14.28250000
13.58029100
13.88925000
13.94212500
13.76316700
13.70870800
13.96591700
13.99033300
12.98462500
12.57287500
12.64404200
12.70016700
12.68862500
12.55350000
12.71195800
12.71987500
12.89520800
12.83383400
13.01979100
13.31316700
13.46837500
13.66104200
13.24883300
13.77037500
13.78941700
13.35158300
14.51125000
16.68337500
16.68941700
16.68020800
16.68050000
16.68312500
16.68745800
16.67916700
16.68362500
16.68304200
16.68354100
16.68312500
16.69208400
16.67470800
20.27766700
13.58975000
16.79137500
16.09200000
16.66583300
16.69537500
16.88179200
17.06062500
16.71500000
16.06391600
16.86700000
17.11516700
16.07558300
16.69016700
17.28979200
16.06233300
17.26266700
16.70941600
16.65083400
21.22412500
21.49783300
21.17845800
21.85450000
21.95858400
20.87629100
21.38979200
21.60025000
20.75695800
22.18808400
20.91445800
21.78929200
23.37925000
21.90612500
22.16012500
23.25058300
23.71179200
21.95725000
21.82645800
21.33400000
21.65658300
21.89700000
23.05287500
22.30270900
23.76550000
23.88004100
24.32295900
23.09791600
23.50120900
24.00058300
24.28375000
23.90016700
24.77458300
23.73745800
23.41966700
22.83908300
24.05825000
23.88066700
23.70466700
24.55125000
25.12120800
25.15812500
24.51916700
22.91966600
22.72500000
22.94483400
23.55412500
23.16291600
23.41095900
22.58987500
21.58916600
21.58745900
21.29275000
20.97750000
21.46254100
21.48679200
21.29283300
22.20304200
21.33612500
20.89962500
20.96475000
20.94016700
20.96075000
21.06079100
22.49029200
24.75937500
24.29750000
24.38391700
24.58195800
23.98170800
25.67637500
25.59791700
25.84450000
25.72616700
26.31241600
25.49641700
26.29975000
26.02400000
25.92912500
26.03970800
25.82479200
25.50750000
25.64370800
26.49595900
25.87650000
26.52558300
25.87291700
25.69775000
25.75845800
25.76466700
25.71058300
25.48462500
25.86691700
26.52437500
26.43216600
25.65254200
26.62787500
27.40162500
26.51358300
25.50258400
25.94416600
25.44820900
26.47283300
25.69529200
26.17379100
25.76708400
25.45929100
25.36491700
25.83550000
25.69950000
25.78779200
25.57308300
25.61362500
26.35825000
27.30479200
25.99650000
27.68062500
25.53491600
26.09295900
25.38341600
25.67891700
25.18079200
25.54858300
25.07054200
27.32937500
26.81562500
25.50375000
24.79775000
25.44383300
25.84750000
26.19758300
25.73037500
25.72854200
25.91604200
26.40829100
26.80691700
25.96612500
25.05166700
23.58341600
23.65329200
24.63720800
24.26845900
23.98070800
23.97658300
23.97970900
23.32279100
23.42283400
23.14891600
23.50754200
24.23350000
23.73412500
23.48562500
23.37470800
23.43112500
23.22158400
22.98341600
23.18091700
23.14279200
23.25304100
23.05029200
23.34458300
23.24287500
23.15687500
23.05375000
24.36166700
23.12587500
22.52125000
24.70250000
26.42712500
22.48708300
22.79575000
22.65945900
22.96783300
22.62358300
22.65183400
20.97816600
21.18833400
20.89533300
20.88925000
20.84875000
21.03766700
20.62545800
20.91604200
20.65716600
20.86783400
20.95487500
21.90300000
21.40179100
21.38091700
21.98187500
22.41687500
22.44400000
24.08270800
22.98170900
22.80033300
22.72020800
22.96487500
22.78183400
22.86037500
23.99745800
24.42879200
24.36887500
24.29350000
24.55245800
25.26750000
25.14704200
25.00883300
24.33916700
24.50108300
24.62029200
24.41716600
24.89416700
24.45008300
24.12983400
24.31333300
24.08262500
24.32950000
24.18979200
24.26483300
23.94620800
25.03170900
25.33316600
24.56712500
25.41012500
25.91366700
24.93433300
24.29862500
23.82825000
24.38258400
24.06116600
24.06383400
23.78804100
24.04645900
24.97170800
24.01579200
25.46341600
23.95929200
24.78850000
25.63908300
25.22895900
23.92020800
23.67620800
24.12029200
23.93133300
24.40879200
24.44662500
25.78295800
23.72925000
24.70758400
23.54262500
24.29020800
23.87850000
24.09875000
23.79254200
24.13187500
23.60258300
24.00191700
23.30895800
23.63933300
22.34604200
21.63312500
21.42554200
21.68391600
21.71666700
22.30979200
21.28162500
22.03770800
21.84558300
21.75975000
21.50616700
21.83779200
21.11691600
21.55508400
21.34979100
21.39408400
21.05362500
21.90445800
21.11925000
20.96450000
21.59537500
21.13879200
22.15833300
21.81316700
21.90016600
21.84366700
21.88308300
21.22904200
21.02962500
20.85795800
20.81054200
21.98258300
21.47666700
21.43462500
21.43437500
21.04900000
20.79608300
21.38150000
21.55154200
21.11575000
22.88262500
22.57562500
21.09350000
20.85250000
20.48858300
20.68945900
20.63991600
20.55141700
20.44900000
19.50162500
19.25875000
19.74416700
19.96637500
19.54875000
19.55333300
19.32425000
19.09345800
19.22058400
20.14420800
19.43233300
19.12404200
19.40679200
18.99912500
19.93033300
20.57554200
21.44287500
20.35775000
19.56654100
20.30604200
19.94420800
21.48583400
21.34216600
21.64608400
21.40283300
20.92666700
21.93116600
20.68570900
20.57900000
22.01970800
22.15433300
22.05062500
22.25275000
22.06700000
22.47516700
22.39212500
22.31562500
21.97379200
22.33287500
22.38370800
21.98708300
22.31520900
22.37733300
22.19695800
22.39508400
22.02516600
21.78629200
21.89425000
21.96412500
22.35475000
22.47741700
23.57954100
21.66854200
22.38758300
22.48533400
21.97083300
22.29154200
22.32900000
22.92058300
22.78275000
22.12883300
21.96808400
21.88333300
21.45883300
21.66454200
22.32429200
22.01100000
22.22741600
22.40262500
22.62658400
21.75258300
21.82933300
22.86466700
22.77529200
21.58920800
22.82566700
21.60900000
21.80362500
21.33775000
22.42883300
21.66912500
24.00716700
22.82800000
23.50570800
21.67404200
22.41687500
21.44604100
21.41020900
21.64812500
21.41608300
21.62204200
21.98958300
22.55612500
22.18358300
22.30075000
21.85633400
21.33495800
21.49733300
21.10641700
21.52708300
21.33841700
21.37129200
21.65275000
21.30416600
21.74008400
21.69083300
22.89995800
21.88100000
21.72625000
22.10120900
22.43587500
22.03091600
22.43887500
21.84112500
21.89662500
23.36183400
22.29862500
22.48958300
22.09975000
22.42283300
22.83441700
22.80175000
22.90466700
22.38725000
22.23387500
22.74325000
22.65591600
23.18545900
22.10845800
22.54266700
23.62941600
22.12458400
22.20545800
23.02829200
22.01120800
22.48716700
22.68941600
22.49316700
22.20975000
22.73795800
21.89091700
21.98775000
21.63387500
22.26375000
22.16866700
22.13908300
21.83745800
22.03300000
22.65466700
23.67845800
22.95100000
22.26437500
23.52366700
22.68458300
22.04120900
22.02633300
21.57450000
21.39454200
21.68166600
22.18329200
22.06370800
21.94116700
23.40970800
23.97429200
23.52491700
23.02933300
21.78429200
21.89266600
21.96033400
21.73362500
20.86116600
20.57345900
20.15666600
20.54937500
20.31991700
20.35954200
20.70195800
18.79341700
19.32258300
19.28395800
18.78558400
18.64229100
18.41675000
18.63333400
18.47962500
18.67404100
18.63191700
18.62808300
18.43795900
18.93754100
18.96195900
18.95425000
19.84775000
20.03125000
20.67787500
21.09208300
21.21283300
21.39637500
20.16512500
21.35850000
21.19433400
21.47558300
21.87720800
20.57891700
20.85600000
22.03808300
21.87958400
21.88541600
21.65154200
21.73275000
21.26041700
21.68800000
21.77004100
21.45958400
21.64304100
22.11679200
23.45179200
25.64508300
24.59075000
25.20100000
24.13500000
24.66216700
24.65900000
23.82237500
24.25362500
24.21462500
24.21429100
23.99187500
24.23275000
22.38675000
22.79104200
23.46245800
22.72775000
22.25825000
23.96445900
23.71291600
22.99937500
23.56587500
22.49537500
21.97029200
22.95525000
21.87637500
23.09604200
22.43620800
22.42262500
22.21141700
21.81604100
23.10758400
21.73904100
21.43112500
22.62179200
21.59062500
22.14062500
22.42208300
22.21016700
22.58500000
23.31245800
22.71629200
21.88445800
21.90554200
21.61895800
21.72725000
21.97170900
21.87495800
21.81175000
22.14937500
21.71945800
21.49508400
22.91212500
22.76358300
23.00091700
22.24608300
22.18250000
23.09991700
23.50041600
21.91366700
21.84095800
21.79091700
21.51858300
21.31254200
21.54529200
22.00375000
21.38112500
21.83095800
21.86633300
22.84125000
22.74454200
22.57387500
22.90033300
22.02645900
23.01429100
22.15933400
22.45783300
25.84641700
25.22837500
28.31583300
28.90908300
27.06812500
25.87737500
23.89441700
23.48216700
23.59791600
23.42029200
24.10875000
23.77579200
23.53537500
23.28587500
23.60566600
23.87354200
22.12733300
22.25545900
21.65245800
21.99358300
21.46375000
21.79654200
21.96841700
22.30912500
22.59375000
22.89120800
23.45854200
22.00970800
22.04454200
21.24716600
21.43158400
21.89333300
21.78245800
22.44554200
21.96350000
22.93079200
23.45400000
23.55754100
23.04516700
21.31566700
21.70458300
21.39795800
21.40866700
21.64704200
20.65420800
20.47237500
20.65508300
20.19954200
20.15841700
20.40116600
20.22487500
18.91933400
19.19066600
18.90441700
19.21758300
20.41154200
20.24312500
20.18108300
20.92800000
19.17145900
18.67679100
18.57041700
19.25750000
19.12029200
19.59662500
19.20937500
19.96429100
19.78862500
20.47520900
20.60891600
20.51737500
20.18075000
20.53383400
20.47833300
21.90425000
22.54795800
22.83350000
22.13241700
22.62404200
22.33229100
22.21025000
22.31320900
22.03858300
21.99458300
22.38900000
22.48395900
23.27508300
23.37529200
22.34108300
21.91550000
23.81241700
23.10375000
23.56154100
23.20287500
23.96237500
24.31854200
24.64600000
24.05058300
23.90966700
23.82220800
23.61033400
23.37837500
23.60733300
23.80825000
24.52816700
23.84100000
24.07150000
23.71762500
23.45816600
21.95766700
22.83120800
22.97208400
23.65216600
22.21170900
23.70375000
22.20862500
23.69287500
23.15083300
21.99158300
22.51950000
21.75304200
21.88900000
21.71520800
22.08858400
22.10725000
22.13304100
22.43233400
23.00787500
23.11529100
22.65954200
22.26762500
22.47137500
22.71441700
22.15716600
22.40225000
22.04479200
22.02150000
21.86587500
21.61379200
22.02300000
22.18220800
21.35616700
21.17308300
20.99870800
20.93262500
21.10466700
21.62591700
21.33258300
21.38162500
21.25083300
21.49858400
22.05887500
20.71787500
21.91650000
21.54712500
20.46379100
21.37820900
20.18937500
20.27537500
20.26550000
21.07029100
21.57316700
21.95704200
21.07141600
21.33170900
21.58700000
21.48508300
20.71683300
22.56654200
20.48858300
20.10554200
20.48362500
21.81225000
20.61495800
21.30979200
21.79220800
21.65845900
21.89575000
21.88804100
20.24870900
22.04183300
21.90320800
21.65875000
21.25083400
21.60620800
21.54291700
20.78695800
20.42004200
20.27041600
19.99150000
20.47550000
20.56512500
20.39000000
20.56300000
20.57212500
20.22841700
19.44933300
19.65016700
18.96379200
18.66470800
18.86762500
18.64412500
19.05870800
18.50237500
18.57508400
18.43175000
18.55562500
18.34158300
18.51987500
18.96762500
19.30608300
20.62887500
20.31450000
20.71375000
20.77620900
20.31225000
21.16970800
22.32487500
21.99704200
22.36691600
21.97295900
22.11029100
22.60937500
21.87429200
21.94754200
21.72495800
21.80741700
21.74625000
22.80304100
21.74145900
23.95941600
22.72545900
23.01437500
22.54320800
23.75500000
23.43433300
22.07308400
22.82025000
23.38912500
22.96029100
22.00420900
24.07933300
22.17104200
24.14400000
22.11029100
22.76908400
22.99887500
24.29333300
23.04191700
22.51754100
22.73683400
23.65816600
22.62320900
23.21491600
24.23575000
1.57320900
1.28754100
11.63437500
1.47720900
2.62433300
1.30545800
16.00833400
1.08341600
14.59929200
16.61579200
16.66266600
16.17925000
17.14316700
16.72504200
16.19675000
16.67441600
17.16945900
16.19237500
17.26541600
16.59383400
16.65254100
16.59779200
16.59308300
16.53991700
16.80858300
16.87925000
16.21916700
16.97687500
16.73870800
16.34000000
17.07875000
16.28258400
17.03220800
16.41250000
16.60550000
17.09750000
16.71137500
16.71766700
16.58625000
16.66229100
16.64304200
16.36962500
17.03608300
16.79858400
16.25625000
16.96016600
16.36108400
17.05933300
16.53725000
16.91087500
16.23137500
16.92612500
16.77025000
16.58825000
16.93483300
16.19204200
17.02654200
16.82770800
16.19716700
16.70129100
16.66470900
17.01362500
16.57050000
16.46595800
16.95329200
16.75100000
16.84883300
16.51562500
16.70320800
16.82870900
16.62608300
16.89341700
16.06545800
16.64825000
17.02312500
16.34258300
16.87912500
16.71079200
16.88529200
16.54304100
16.89983400
16.68687500
16.58308300
16.72208300
39.12487500
19.15266700
18.82650000
18.69766700
18.68933300
18.93237500
18.46904200
19.22062500
19.16066600
18.39066700
19.24633300
18.62370900
19.38837500
20.70195800
18.98700000
19.10875000
18.87483300
18.57045900
18.52091600
19.13687500
19.21570900
18.73279100
19.13733400
18.48795800
20.12995800
20.52245900
20.16745800
19.98950000
20.75125000
19.01554200
18.01500000
19.38845800
18.03683300
19.03775000
18.79883400
19.86729100
19.15541700
18.37833300
17.83175000
18.42262500
19.19004200
20.43137500
20.07966700
20.18575000
19.36695800
18.10237500
18.51404200
19.21254100
18.30866700
19.59345800
19.71908400
20.40445800
19.27758300
18.77116700
18.74591700
19.28066600
19.28779200
18.83500000
19.03804200
19.17837500
18.70658300
18.75129200
20.21187500
19.29633300
19.14033300
19.03587500
20.08987500
18.29583400
18.16091600
19.19945900
20.49629100
18.98666700
19.27558300
19.28237500
18.19195900
19.62837500
19.69804100
20.22104200
21.48745800
20.86270900
21.00120800
19.93283300
19.16787500
20.51658400
20.64841600
20.71987500
20.45879200
21.09658300
20.64037500
20.82333400
20.36204100
22.09195900
21.96916600
22.57645900
22.01641600
22.63716700
21.57941700
21.71420800
21.96529200
21.73300000
21.51941600
21.83654200
21.69062500
22.34783300
22.00145900
22.13162500
21.35866600
20.68116700
21.74295800
22.01483400
22.02429100
21.79516700
21.21970800
21.98704200
21.44733300
21.58329200
21.83675000
21.97895800
22.04991700
22.99812500
21.71941700
21.60600000
20.33237500
21.66045800
21.33995800
21.70883400
21.50925000
22.05075000
21.72266600
20.53770900
21.08870800
20.20125000
22.89891700
22.49750000
21.90345800
21.79670800
20.16750000
21.53937500
20.90825000
21.92733400
22.06179100
22.64820900
22.07154100
22.40995900
22.16708300
22.50412500
21.80070800
22.40537500
22.35287500
22.28241700
22.15337500
23.56095800
22.59175000
22.55766700
23.15504200
22.72083300
22.84720800
23.66029200
22.34858300
22.30187500
22.00366700
22.98495800
22.20658400
22.68750000
22.51137500
23.10425000
22.72200000
22.48058300
22.73750000
23.24866700
21.98908300
22.55541700
22.29379100
22.21166700
22.43545800
22.45562500
22.71195900
22.42033300
22.20204200
23.78133300
23.86283300
24.74929200
27.23033300
25.03216700
24.56787500
24.58900000
25.01450000
23.63666700
24.23095800
24.23391700
24.34720800
22.40104200
22.37395800
22.22766700
21.96562500
22.01733300
20.34745800
20.51437500
20.41383400
20.93812500
20.61029100
20.58712500
18.92975000
19.03537500
19.94487500
19.63137500
19.28858400
19.36895800
19.11908300
19.41262500
18.91958400
18.94270800
18.78179200
19.28291600
18.82625000
19.47570900
19.72962500
20.37287500
19.93095800
21.10916700
20.62416600
20.70283400
20.74012500
21.36970800
20.98920800
21.74325000
21.97795900
22.01500000
22.70141600
22.37225000
22.45633400
22.40020800
22.14941700
22.29287500
22.53995800
22.42083300
22.60491700
23.07900000
22.59691700
23.48050000
24.84329100
23.15700000
22.15945900
22.47754100
22.16600000
24.22754200
24.54495800
23.60658400
24.34679100
24.47391700
22.66354200
22.97816600
23.68325000
23.27029200
24.73045800
24.46666700
22.70983300
23.54983400
22.58337500
24.10616600
23.94954200
24.27425000
22.40712500
22.48033300
22.35154200
22.42004200
23.45025000
23.84425000
23.44437500
22.88050000
22.40616600
22.51129200
21.69137500
23.16083300
21.91116700
21.81354200
21.69887500
22.47200000
22.07220800
23.96962500
1.11358300
1.20287500
4.12087500
1.11825000
4.54820900
1.00420800
10.46512500
9.89816700
17.17166600
16.67779200
16.64820800
16.72116700
16.68904200
16.18754100
17.16108400
16.70554100
16.62533400
16.73870800
16.73970800
16.13104200
16.68308300
16.68950000
16.95520900
16.89112500
16.53416600
16.69620900
16.55737500
16.47591600
16.99691700
16.35925000
17.12212500
16.61579200
16.81137500
16.59450000
16.71975000
16.63320800
16.40541700
16.55845800
16.85945800
16.50895900
16.68412500
17.11945800
16.61866700
16.65600000
16.82079100
16.54804200
16.41479200
16.60475000
16.68375000
16.68412500
16.84833300
16.57000000
17.01470800
16.79875000
16.22895900
16.77275000
16.55308300
17.03208300
38.08033400
19.74291600
19.58229200
20.22604200
19.88933300
20.28820800
18.95612500
19.84054200
20.49083300
19.64695900
19.57537500
20.11875000
19.28020800
19.69970800
20.88562500
19.07116700
18.76862500
21.01395800
1.11833400
1.08133300
10.36862500
1.29645800
1.31191700
10.29691700
16.09700000
17.13450000
16.66987500
16.71945800
16.77254200
16.66191600
16.61091700
16.70775000
16.69400000
16.63583300
16.53870900
16.71729100
16.77575000
16.24920900
16.91075000
16.89604100
16.42770900
16.49554100
17.11558400
16.48133300
16.80287500
16.33366700
17.10108300
16.60283300
16.47387500
16.86554200
16.37487500
17.08850000
16.65625000
16.79929200
16.63000000
16.67112500
16.25416600
17.13616700
16.47933300
16.44916700
17.09170800
16.59166700
16.78516700
16.28287500
16.93966600
16.85254200
16.71670800
16.60087500
16.27545900
16.91216600
16.69429200
16.87050000
16.62979200
16.59229100
16.85079200
40.05400000
19.91995800
19.75608400
19.23545800
19.06658300
19.59675000
19.03262500
19.53795900
19.08595800
20.81158300
19.47775000
19.16612500
19.34166700
19.28737500
19.26954200
19.68591600
20.87075000
21.31758400
19.16237500
20.75241600
0.93125000
1.05404200
5.28316700
0.91762500
15.77091600
0.88054200
16.06400000
11.35237500
17.26041700
16.10391600
16.68345900
16.68454100
17.16575000
16.74966700
16.56537500
16.71866700
16.53454100
16.70695900
16.60904100
16.41558400
17.12350000
16.61120800
16.51587500
16.88804200
16.27979100
16.97087500
16.83745900
16.60712500
16.31779100
17.11916700
16.62145800
16.66479200
16.32804200
16.68275000
16.68366600
17.08729200
16.55162500
16.42091700
16.70641600
17.04304200
16.29216700
17.09045800
16.27708300
17.02758400
16.44479100
16.95170900
16.62300000
16.36679100
16.68737500
17.00570900
16.75983300
16.33920800
16.98604200
16.52079200
16.79104100
16.70241700
16.71625000
16.64020800
38.65866700
19.16725000
19.90770800
20.00612500
19.90479200
19.37745800
19.15362500
19.35075000
19.55216700
20.41554200
19.54020800
19.33133300
19.20645900
19.75891600
19.70529200
20.06341700
19.91529100
19.91841700
19.42466700
19.38966600
19.27604200
19.16229200
18.89808300
19.68295800
19.31570900
19.70083300
19.19816700
19.32283300
19.00037500
19.42595800
18.98287500
19.26437500
19.02604200
19.52187500
18.72462500
20.76733300
1.08541700
1.02720800
0.84491700
13.10429200
1.02679100
6.19362500
0.84891700
11.43766700
15.08045800
16.78695800
16.53691700
16.67741700
16.72025000
16.64520800
16.67675000
16.83779200
16.42570800
16.78475000
16.71720800
16.66612500
16.22712500
16.70195900
16.66691600
16.69375000
16.85275000
16.60633400
39.23841600
19.99995900
19.68737500
20.13000000
19.62658300
19.89754200
19.80091600
19.99633400
19.64504100
19.20854200
18.78141700
19.40137500
18.67066600
18.97683400
19.00725000
18.63091600
18.77479200
18.63504200
20.83745800
20.78100000
20.75112500
20.91083300
20.78041700
18.50416700
18.58408300
18.72583300
19.12070900
20.93879100
19.06937500
18.82550000
18.59312500
18.92916700
19.01412500
18.70191700
20.74216600
20.25104200
19.43579200
20.29737500
1.03154100
0.85029200
0.96733300
7.42466700
0.87058300
29.18454200
0.83829200
13.12166600
0.97116700
13.71150000
15.09175000
16.13683300
16.69295900
17.15241600
16.65183400
16.84470800
16.55783300
16.63341700
16.28229200
17.25100000
16.11287500
16.67541600
16.67745900
17.77908300
16.04754200
16.68091600
16.22608400
17.06108300
16.29116700
16.76858300
16.59741700
16.88504100
16.50508400
16.88325000
16.46033300
16.68383300
17.89170900
15.69004100
16.79712500
17.12766700
15.90966700
17.01566600
16.35095900
16.81195800
16.96025000
16.67325000
16.76941700
16.40475000
16.48037500
16.92275000
16.69250000
16.82029100
16.59441700
16.64733300
16.42254200
16.68395800
16.68329200
16.97220800
38.46975000
20.00808400
19.47291600
20.14833400
19.76500000
20.74608300
19.75341700
19.60958300
18.95654200
20.69200000
19.34262500
18.94312500
18.89104100
19.73758400
19.48433300
20.48175000
20.84300000
19.96741700
19.30175000
19.99875000
21.73533300
19.30254200
19.81687500
19.87583300
19.41916700
19.26629100
19.09270900
19.82966600
21.46466700
21.32183300
19.56737500
19.22904200
18.87762500
19.21591700
19.07304100
19.07891700
21.29937500
21.37566700
21.80504100
22.17520900
19.98545800
19.55650000
19.83425000
20.60445800
1.23320900
1.02241600
1.86875000
1.29329200
16.10625000
0.88883300
15.35008400
0.83491600
15.71912500
12.65129200
16.98879200
16.72512500
16.64000000
16.69937500
16.67054100
16.68141700
16.83345800
16.57004200
16.66991700
16.83454100
16.06991700
17.05487500
16.69587500
16.31441700
17.30941600
16.41133400
16.71416600
16.45254200
16.96262500
16.69933300
16.63454200
16.28400000
16.66987500
16.80787500
16.56858300
17.06333400
16.65495800
16.80850000
16.58104200
16.59683300
16.77112500
16.73808300
16.58595900
16.79350000
16.22758300
17.12425000
16.72150000
16.46812500
16.43233300
17.07704200
16.62933300
16.52166700
16.49158300
16.91145900
16.46179100
17.08912500
16.37037500
16.58470900
36.64287500
21.19808300
20.77875000
20.25991700
21.03779100
19.84645900
19.48829100
19.89329200
18.91750000
22.17316700
19.53212500
18.64441600
18.54683400
20.17170800
18.43104200
20.53116600
19.27354200
20.78495800
19.95045900
20.26841600
18.32654200
18.60591700
18.50920800
18.49754200
20.12487500
19.08358300
18.34212500
18.71458300
18.20358400
18.71937500
18.93545800
19.06183300
19.36962500
21.30591700
21.57654200
22.00854100
21.90670900
21.01070800
20.34529200
21.67254100
0.96050000
0.96470900
5.88541600
1.20845900
1.43825000
16.37029100
0.98879200
5.99520800
17.11654200
16.67958300
16.72220900
16.62945800
16.67529200
16.36475000
17.09412500
16.54808300
16.74850000
16.60408300
16.64512500
16.79025000
16.56445900
16.37720800
17.03883300
16.33066700
17.14300000
16.41883300
16.48795900
16.84587500
16.52533300
17.02562500
16.33629200
16.67962500
16.96516600
16.74487500
16.73279200
16.36945800
16.60704200
16.68295800
16.93841700
16.87979200
16.24620800
16.66812500
16.68391700
17.04562500
16.32550000
17.13279100
16.44775000
16.74558400
16.40191600
16.97975000
16.66404200
16.63825000
16.45583300
17.01358400
16.72191600
16.60754200
16.38591700
16.68370800
37.10329200
18.95116600
18.43716700
19.03795800
18.81062500
19.01975000
18.68462500
18.72883400
19.19516600
19.15741700
19.60425000
20.96525000
21.01900000
19.28829200
18.56575000
18.95616600
20.90620900
18.97900000
19.30129100
19.06654200
19.49250000
19.66862500
18.71891700
19.35600000
19.47029100
19.46075000
19.76212500
19.03833400
19.15958300
19.91433300
19.20025000
19.40991700
19.80445800
20.38270900
19.91741600
20.76625000
20.11462500
21.06462500
20.73695900
21.26304100
20.71758400
22.91775000
22.02316600
22.42816700
22.27166700
22.49312500
21.95683300
22.64620800
21.88458400
22.29125000
21.90866600
22.35066700
22.28666700
22.46366600
22.18095900
22.24604100
21.77866700
21.89337500
21.42883300
22.20004200
21.57662500
22.15937500
21.98770800
22.27762500
22.15216700
23.05566700
22.04775000
22.26875000
22.46400000
22.65950000
22.57291600
23.67108400
22.43491600
22.07429200
23.37495800
23.47508400
22.93679100
23.60933400
21.86345800
22.16191700
23.05233300
23.08162500
23.79791700
23.33320800
23.07462500
23.69425000
24.17150000
24.05970800
22.47375000
23.92295900
23.77329100
22.82854200
22.77187500
22.07925000
22.12579200
22.85170800
22.35033300
24.22254200
22.69983300
22.53458400
22.18691600
21.82008400
22.41283300
23.54495800
23.28929200
21.70345800
21.90529200
22.31504200
23.01387500
22.29337500
22.95650000
24.11520800
23.05991700
23.68508300
23.43650000
23.39741700
22.64708300
22.38062500
21.99041700
21.92908300
21.73550000
22.29558300
22.66258400
22.66075000
23.14612500
22.34308300
23.73345800
24.32095900
23.31445800
22.80229200
21.68008300
21.90545800
21.22354200
21.65125000
19.94370800
20.03108400
20.23637500
20.28579100
19.73600000
20.62479200
20.16629200
20.66395800
19.70579200
19.40208300
18.86916700
19.20570800
18.92241700
19.43900000
19.83158300
19.43966700
19.10441600
19.12633400
18.83937500
20.76537500
21.06233300
21.13754200
21.54175000
21.11462500
21.88325000
23.15895800
22.79654200
22.73566600
22.22454200
22.18850000
21.80466700
22.65329100
22.23458400
22.58854100
22.28712500
22.76879200
22.39158300
22.59070900
22.01162500
22.70483300
22.32787500
24.19083300
23.40691700
23.74612500
22.96691700
22.90725000
23.49233300
24.51229200
23.39170800
23.28229200
24.28254100
23.64500000
23.66404200
22.67416700
23.27766600
24.20062500
24.84370900
23.65916600
24.02000000
23.28812500
23.20512500
23.07087500
23.27583400
23.01145800
22.77287500
23.68850000
22.76870800
23.05716700
23.96395800
24.49845900
23.66295800
24.15570800
24.48979200
24.28791700
22.89804100
24.16929200
24.01654200
23.94970800
22.97241700
23.50525000
23.47912500
22.57833300
22.95175000
23.37983300
24.39137500
23.85054200
23.04133300
23.69675000
24.03754200
24.72670800
23.74166700
23.34304200
24.02966600
24.31983400
24.56308300
23.31145800
23.36787500
23.68225000
22.15616700
22.36820800
23.06095900
22.43683300
23.39158300
22.75495900
23.99104100
24.22279200
22.33550000
23.69141700
23.64504100
24.15654200
23.78345800
24.41462500
22.55200000
23.58554200
24.23116700
23.48137500
23.56833300
24.54558300
22.83187500
22.23983400
21.81900000
22.22658300
23.20000000
23.80020800
23.20487500
23.33529200
23.91354200
23.53662500
23.88850000
23.53037500
22.51695800
24.62370800
22.65133400
24.47125000
23.03762500
24.06000000
23.28091600
24.76720900
23.02016600
21.77554200
21.46633300
22.99141700
23.09658300
23.91195900
24.28933300
22.24341700
23.19383300
24.03145800
23.67275000
24.57141700
23.57875000
24.03258300
24.45045900
22.20179100
22.49870900
23.09100000
22.99645800
22.61491700
24.28570800
23.74387500
23.30133300
23.56766700
21.36833300
21.25412500
20.93975000
21.14887500
20.95858400
21.12966600
20.80904200
20.00866700
19.50712500
19.73858300
19.70570800
19.75691700
19.60883300
20.03812500
19.65420900
18.67295800
18.21158300
19.05866700
18.82295800
19.30050000
19.33095900
19.18216600
19.58470900
19.43975000
19.02470800
20.69170800
20.35783400
20.75495800
20.94675000
21.95283300
21.97829200
21.80662500
21.31625000
21.65204200
21.94562500
21.66608300
21.24683300
22.25075000
21.36441700
22.03062500
22.87491700
24.12845800
22.56145800
24.33229200
23.63995800
24.00300000
23.99370900
24.98354100
22.84116700
22.79187500
22.82191700
23.55983300
23.23525000
23.64312500
23.42312500
23.04087500
22.22550000
24.09008300
23.32170900
23.73237500
23.40300000
23.66995800
23.44170800
23.90633400
23.34150000
24.19000000
23.48270800
23.86241700
23.47220800
23.63941700
22.50441600
24.15937500
23.69625000
23.88683400
23.70787500
23.86245800
23.56258300
22.47970900
22.81912500
23.52170800
22.75637500
23.00245800
23.49766700
23.82437500
21.56062500
23.57937500
23.17587500
23.82800000
23.36529200
25.70891600
28.05795900
25.58141600
24.46716700
26.91487500
26.55887500
27.93233300
26.76670900
26.88391600
27.58879200
27.73079200
26.58112500
25.65275000
23.70662500
24.30112500
23.58216600
24.80500000
23.47533400
25.65554100
23.95495900
24.75445800
23.37341700
22.88891600
22.88166700
22.82350000
22.22883300
22.87112500
21.95837500
23.48404200
21.85995800
21.80512500
21.76408400
22.27179100
21.68991700
22.75054200
21.94558300
22.09620800
21.87737500
23.12979200
22.17041700
22.61262500
22.18695800
22.78345800
22.30091700
22.72425000
21.74720800
22.72562500
22.09679200
22.09170800
22.34975000
23.31450000
23.84654200
22.76654200
21.90816600
22.38700000
21.72029200
22.32545800
22.10437500
22.01354200
20.33258300
20.66145900
20.20491600
20.57683400
20.49583300
20.82025000
20.44520800
21.03450000
20.51670900
20.81220800
20.73000000
20.97504200
20.55791600
19.53712500
19.33720900
19.78337500
18.87858300
20.87945800
21.38391700
21.06925000
21.07445800
21.24412500
20.90779200
22.72854200
21.89462500
22.50554100
21.83637500
22.38829200
21.54345800
22.55575000
21.99841700
25.31291700
22.94370800
24.36012500
23.80366700
24.22191600
24.33208400
24.69825000
24.01295800
26.02000000
23.88166700
24.40870800
23.83704200
24.39550000
23.55100000
24.92895800
23.67166700
24.46395800
24.19554200
24.70475000
23.89341600
25.20587500
24.06737500
24.72179200
23.87787500
25.59216700
1.32650000
1.36329100
8.61687500
1.03083400
15.61241600
0.97237500
7.71650000
1.11041700
12.40979200
17.15908300
16.64566700
16.84687500
16.66637500
16.67625000
16.09683300
17.14345800
16.67679200
16.23970800
17.12637500
16.23020900
16.80100000
16.56700000
16.89908300
16.48425000
16.94520800
16.40533400
16.68279100
16.87100000
16.49554200
16.83637500
16.53062500
16.69387500
16.67383300
16.79670900
16.56866600
17.09112500
16.69600000
16.26312500
16.74145900
16.93304100
16.71700000
16.34166700
16.68341700
17.07620800
16.71216700
16.60412500
16.34108300
16.68379200
16.77691600
16.79237500
16.47958400
16.68425000
17.08175000
16.76700000
16.28804100
16.59625000
16.68816700
16.68020800
17.16554200
16.64391700
16.61000000
16.71762500
16.68575000
16.69291600
16.51608400
35.47041600
19.39612500
18.78508400
19.41275000
18.88400000
19.66616600
19.31991700
19.42066700
19.18758300
20.06479200
18.70758300
19.20770800
18.87008400
19.51195800
18.50087500
19.15854200
18.06891600
18.71970900
18.90341600
19.99733400
19.95058300
20.05179200
20.76362500
19.15333300
18.68170800
18.82433400
18.18691600
18.84954200
18.74583300
18.97145900
19.11720800
18.66866700
18.71287500
18.70095800
18.75879200
18.63362500
18.83679100
19.36591700
24.27129200
26.01120800
35.36708300
35.12725000
27.61966700
30.69220800
28.46033400
29.99666600
28.60904200
28.74920800
26.01687500
25.32533400
25.12675000
24.48362500
23.27475000
23.62345800
23.17870800
23.17983400
21.63916600
21.80487500
21.70966700
21.84995800
21.18950000
21.17379200
19.96945800
20.09579200
19.88500000
20.13516700
20.15537500
20.45037500
20.09566600
20.04062500
20.14395900
20.37083300
20.11950000
20.91812500
20.15470800
21.01125000
21.64733400
22.36704100
23.35245900
22.27958300
21.92329200
22.97950000
22.90166600
23.84300000
24.27170900
25.20370800
24.52362500
24.82120800
23.58287500
24.17104200
23.85400000
23.95554200
23.39629100
23.85395900
23.64591600
24.48004200
23.45820800
23.71750000
23.27629200
23.67750000
23.24958300
24.13220900
23.49487500
23.69916600
23.42312500
23.58370900
23.42412500
23.57795800
23.91529200
26.74795800
23.79525000
24.05908300
24.05962500
23.71600000
23.56775000
23.93587500
24.00904200
24.10612500
24.25279200
24.83829100
23.77745900
24.00283300
23.41362500
24.05600000
23.78141700
24.38008300
23.81070800
24.42650000
23.58970900
24.31450000
23.66529100
24.49216700
23.89445800
24.61583400
23.88025000
24.04691600
24.35104200
24.06458300
23.64137500
23.93587500
23.38633400
21.91175000
22.25650000
22.38016600
21.79850000
21.87320900
22.01495800
22.15979200
22.29625000
22.49862500
22.33675000
22.86479100
21.71850000
22.17962500
22.70691700
21.94545800
22.08829200
22.27887500
22.12237500
22.97383300
22.40420900
22.46300000
22.42450000
22.81675000
21.77375000
23.03366600
22.67154200
23.40662500
23.54358300
23.25504200
23.02983300
23.49683400
23.02704100
22.95487500
22.66533400
22.93387500
22.63666600
23.51916700
22.53845800
23.47104200
22.44358300
22.49570900
22.25700000
22.62770800
22.19333300
22.67941700
22.48804200
22.35683300
22.16108300
22.79645900
21.93262500
22.04733300
20.54737500
20.73962500
20.26966700
20.80487500
20.32983300
20.55958300
20.45112500
20.61783400
20.27575000
19.09604100
18.92395900
19.69025000
19.15116600
19.31725000
19.74095900
20.45854100
18.85204200
20.05004200
22.77570800
21.65983300
22.15787500
28.97495900
26.31779100
29.59900000
26.06829200
26.76787500
25.87995800
25.66433400
24.01820800
26.32441700
27.05595800
25.48591700
24.40866600
25.23300000
24.39554200
27.39729200
27.47000000
27.01745800
26.60708300
26.68250000
26.76854200
25.00566700
25.57941600
24.69975000
24.00004200
24.43058300
31.00391700
28.74512500
29.34875000
40.44391700
38.00720800
30.91383300
30.48025000
30.83612500
30.57037500
30.25650000
30.79033400
30.12412500
30.01629100
30.91408400
30.65695800
31.10937500
31.25262500
30.28125000
29.59112500
30.34708300
29.46116700
27.69166700
26.60654100
27.41645900
26.34995800
27.03679200
26.73425000
27.04745800
26.17054200
25.49666600
24.26804200
24.65837500
24.66462500
25.19254200
24.37237500
25.25666600
24.31441700
25.12741700
23.89858300
25.12270800
24.42270900
24.89150000
24.24604100
24.67112500
24.22745900
25.05137500
24.35175000
24.49166600
24.41383400
24.33770800
24.04933300
24.47575000
23.80095900
24.90383300
24.22833300
24.39837500
24.65600000
24.52029200
23.92462500
24.75229200
24.22420800
24.32808300
23.84575000
24.57304200
24.34754200
24.55429100
23.90445900
24.07483300
24.09350000
24.67383300
23.91633400
24.90650000
24.09525000
24.28095800
23.51958300
24.60545900
23.54141600
24.44441700
23.73662500
24.41041700
24.43725000
24.48087500
23.90041600
24.46587500
24.67716700
24.17283300
23.72104200
24.12608300
23.95262500
24.18908400
23.93479100
23.81325000
23.57216700
23.92787500
23.46166700
24.37812500
23.91216600
24.29970900
25.19550000
26.33370800
26.43350000
24.50579200
24.15558300
24.03383300
24.17616700
24.29741700
22.27704100
23.07233400
21.93391600
22.17783400
21.85129100
21.99262500
21.15654200
20.69879200
20.28254100
20.72408400
20.51358300
20.51416700
20.18387500
21.04470800
20.61929200
20.98566600
20.99016700
21.01279200
21.33775000
21.02404100
20.53754200
21.10466700
21.51908300
22.35841700
22.08791600
22.40825000
21.93687500
23.24725000
21.97908400
22.94237500
24.06045800
23.72837500
23.59312500
24.62808300
23.48558400
23.91262500
23.73216600
23.97704200
23.84366700
24.04745800
23.79745800
24.14575000
24.00829200
24.56720800
24.27004200
24.02958300
23.61858400
23.93300000
23.83362500
24.25462500
23.66862500
23.82708300
25.61962500
30.28387500
26.65833300
26.36375000
26.53066700
26.17766700
25.98900000
23.93170800
23.65020800
23.53620900
24.58658300
23.71666700
23.62445800
23.44541700
24.09091600
24.09950000
24.03208400
24.73775000
23.72370800
24.56233300
23.50175000
23.58416700
23.57808300
23.84708400
23.80016600
24.31350000
23.83212500
24.30354200
23.54504200
23.65350000
24.38008300
24.52066700
24.48512500
24.20591600
24.39466700
25.78983300
23.99500000
22.64100000
21.43904200
21.59850000
22.22533300
22.93266700
21.60504200
22.84625000
22.60366600
21.99595900
22.37804100
24.65729200
22.73695800
22.73208400
23.77508300
22.72387500
22.85587500
23.73795800
22.03266700
22.16479200
21.93450000
22.26866600
23.28441700
24.47633300
23.29500000
22.79129200
22.79212500
23.56629200
24.92020800
25.04345800
23.60554200
24.46075000
22.10720800
23.55512500
22.48437500
21.99837500
23.67941700
24.04916700
23.31533300
23.49420800
23.27666700
22.16075000
21.35229200
21.68458300
21.55483300
22.08687500
21.76254200
22.11358300
21.34666700
20.48379200
20.67954100
20.90704200
20.65508300
20.90250000
20.69354200
20.92666700
20.32512500
20.69062500
20.47187500
20.77904100
20.68400000
20.65862500
20.83491700
21.90850000
20.70279200
20.54116600
20.58691700
21.85125000
21.87904200
22.23695800
22.59162500
22.18758300
21.92179200
22.52929200
24.28900000
24.34816600
23.62283400
23.89395800
23.95420800
24.57754200
23.86150000
24.41970800
23.63125000
23.99783400
23.85883300
23.96420800
23.44408400
24.28675000
23.57708300
23.85020800
23.39745900
23.58212500
23.89191600
23.89145900
23.76929100
23.56920900
23.17883300
23.94679200
23.62358300
23.89900000
24.29395800
24.45895900
25.20629100
25.41000000
28.74087500
25.92058400
26.07258300
23.74050000
24.27883300
24.99900000
24.91379200
25.26387500
24.04245800
24.32254200
25.34991700
24.84308300
24.22770800
24.52862500
23.59425000
24.03666700
23.86279200
24.48804100
23.37404200
23.47833300
23.80200000
23.95991700
23.54395800
24.12179200
23.87062500
23.38845800
23.47754200
23.72729200
24.19825000
24.25683300
25.40229200
24.64662500
23.26241600
22.75150000
22.27412500
22.14716700
22.44191700
22.67625000
22.02729100
22.56733400
22.19770800
22.15416700
22.71670800
22.33358300
23.42587500
26.30891700
28.87775000
28.54691700
27.70008300
27.09458300
24.26462500
24.10454200
23.99850000
24.77125000
23.96129200
24.05066600
24.65100000
23.93645900
24.24629100
24.76508400
24.49962500
24.90783300
25.54983300
25.19637500
31.52604200
31.64562500
