17.80862500
1689.20162500
4.14775000
19.80633300
3.54475000
22.84366700
2.82704200
21.25162500
12.13925000
20.57325000
13.07975000
20.61983300
12.44920800
20.33487500
13.02187500
19.86966700
13.49870800
22.46125000
11.09733400
19.73529100
13.43800000
20.20641700
13.16183300
20.30112500
13.05045900
19.63775000
13.95591600
19.36904200
14.14458300
22.92679200
10.13879200
21.17975000
12.61391600
20.49112500
12.38483400
20.27483300
13.12983300
20.95595900
12.70891600
21.28195900
11.75450000
21.03033300
12.35770800
20.79545900
12.94395800
20.80858300
12.47558400
21.14729100
12.02700000
21.06800000
12.61304200
21.34370800
11.90812500
21.61562500
11.80425000
20.76616700
12.77437500
20.61020800
12.20695900
20.82370800
12.89562500
20.91925000
12.14887500
20.80320800
12.81900000
21.05162500
12.00875000
20.74670900
12.96612500
21.00654100
12.33208400
20.90079100
12.62408400
20.36583300
13.04054200
20.84133300
12.29308300
20.58050000
12.94579200
21.49050000
12.45475000
21.16845800
11.19508400
22.50470800
10.85554200
21.43145800
11.95233300
20.32766700
13.01204200
20.77750000
12.89595800
20.63275000
12.47316700
20.73779100
12.93233400
19.93950000
13.07295800
19.64191700
14.28495800
20.22225000
13.01687500
21.51975000
11.87000000
22.69145800
10.74987500
23.75629200
9.30708300
22.62337500
10.52775000
22.83758400
10.92695800
22.99341700
10.02795800
22.60216700
10.71662500
22.48058300
11.25433300
22.61204200
10.85741700
22.47800000
10.97750000
22.60891600
10.67933400
22.81908300
10.51845800
22.65254200
10.50200000
22.66354200
10.44741600
22.51654200
11.43191700
22.80570800
10.35350000
22.74033300
10.64237500
22.85629200
10.79812500
20.31875000
12.56254200
19.94350000
13.75254100
19.67775000
13.32625000
19.25550000
14.68245900
20.74516600
12.01550000
21.19366700
12.80283300
20.94579200
13.01750000
22.58320800
10.87387500
21.90500000
11.30954200
21.71320800
11.38525000
21.46637500
11.35279200
21.34829200
12.67395800
21.35916700
12.02095800
21.20612500
12.10666700
21.29641600
12.22412500
20.98758400
12.36291600
21.47666700
11.79333300
21.19658400
13.04095800
20.29675000
12.31637500
20.12345800
12.45333400
20.12345800
13.73712500
19.74650000
13.63800000
19.81700000
13.66287500
19.85429200
13.25158300
19.55062500
13.62125000
19.64183300
14.26845900
19.54425000
13.24879100
19.52341700
14.33562500
19.67337500
13.69683300
19.54054200
13.86662500
19.36550000
13.85254200
19.28000000
14.50083300
19.10112500
14.34216700
18.92100000
14.26970800
19.82808300
13.81566700
20.09387500
13.20804200
19.88712500
12.89595800
19.63495800
14.34879200
20.03441700
13.47041600
19.28458400
13.51487500
19.51075000
14.51987500
21.12625000
19.49220800
7.67970800
17.74237500
20.96695900
19.20966600
9.68841700
18.83800000
14.48054200
19.59004100
14.05362500
18.76425000
14.29470900
18.57316600
14.92737500
19.64783400
14.32104100
19.52262500
13.41162500
18.92762500
14.41433400
19.60270800
13.75704200
19.28020800
13.93820800
19.15108400
14.38945800
19.26637500
14.10591700
19.24912500
14.57545800
19.16616700
13.72758300
19.06808300
14.84216700
19.30100000
13.52283300
19.53504200
13.83262500
19.26995800
14.10312500
23.41612500
10.35245900
20.05050000
13.33183300
17.90416700
15.00437500
18.04500000
15.56937500
17.93383300
15.21616700
17.65466600
16.06620900
17.73366600
15.80062500
18.06591700
15.40329200
17.70991600
15.53120900
17.52741600
15.28137500
17.45958400
16.01291600
17.76400000
15.66525000
18.10850000
15.20245900
17.92320800
15.47870800
17.84395900
15.49975000
17.83712500
15.47395800
17.72350000
15.70608300
17.84808400
16.09062500
17.95575000
15.03770800
17.74404200
15.88808300
17.68308300
15.85400000
18.22937500
15.02154200
18.05862500
14.77241700
17.56470800
15.94587500
18.53316700
14.85895800
17.73466700
15.42208300
17.57012500
15.91591700
17.83587500
16.01241600
17.87033400
15.33679100
17.43558400
15.91450000
17.57145800
15.91195800
17.48787500
15.79416700
17.32379200
15.55020800
17.56204200
15.83000000
17.58733300
16.37525000
17.37812500
15.50545800
17.27733400
16.66362500
17.31425000
15.63258300
17.57937500
15.56116700
17.38754100
16.55291700
17.77337500
15.63441700
17.61575000
15.17741600
17.42358400
16.50441600
17.87779200
14.81145800
17.93695900
16.13491600
17.87150000
15.56970900
17.85333300
14.80075000
18.39470800
15.50058400
17.69420800
15.75429200
17.90495800
14.81604200
17.96229100
15.93733400
17.83604100
14.94483400
18.02000000
16.02262500
17.73941600
15.59958400
17.81037500
14.95170800
17.85079200
16.03633300
17.87125000
15.56916700
17.23400000
16.15537500
17.80304100
15.12608400
17.55345800
15.89962500
18.18950000
15.26916700
18.77595800
16.07583300
20.39445900
13.01637500
23.58787500
8.75683300
21.90295800
11.30650000
18.77262500
14.77887500
18.78562500
13.93341700
18.21200000
15.15566700
18.16512500
15.57708300
17.71595800
15.19233400
18.32245800
15.03341700
17.83879100
15.87591700
20.12050000
13.07904200
18.94700000
14.37291600
19.05258400
13.82400000
18.78445800
14.57745800
18.47066700
15.46279200
18.68079100
14.71966700
18.09566700
15.33875000
17.69091600
15.01054200
16.50679200
16.71862500
16.19537500
17.45483300
15.90087500
18.01637500
16.08575000
17.21641700
16.80620800
16.52595800
16.13687500
17.17133400
16.51929100
16.87358400
16.95750000
15.70445800
18.55841700
15.19166600
19.64670900
14.09729100
19.84687500
13.54658400
18.98995800
14.41375000
18.86379200
13.91862500
18.98775000
14.98654100
19.68104200
13.64666700
18.68941600
14.28300000
18.67820900
15.64762500
14.56004100
18.81745900
14.56825000
18.76166600
14.58729200
18.30429200
15.08079100
18.61570900
14.72950000
18.24429100
15.14433400
18.86204100
14.47970900
18.58312500
14.78475000
18.61495800
14.75508300
18.77050000
14.59425000
18.49191700
14.87500000
18.24629200
15.13237500
18.83800000
14.52275000
18.82733300
14.52791700
18.80220800
14.56770800
18.52766700
14.83970800
18.79737500
14.57779200
18.82416700
14.54179100
18.66629200
14.69620800
18.86191700
14.52154200
18.31362500
15.04012500
18.78554100
14.57179200
18.71158300
14.65495900
18.68495800
14.68479200
18.17187500
15.19350000
18.71137500
14.66275000
18.71325000
14.69916600
18.53154200
14.79033300
19.06429200
14.29350000
18.24562500
15.13341700
18.22479100
20.19125000
13.19262500
19.07304200
13.56400000
18.87895800
15.10141700
19.72408300
13.22529200
19.22158300
14.05537500
19.13416700
14.83858300
19.17662500
13.90483400
18.89979100
14.75829200
18.91808300
13.64775000
19.78212500
14.32787500
19.34083400
13.86887500
19.62983300
13.29354200
19.86616600
14.06962500
19.72241700
13.71508300
19.95987500
13.44583400
19.81212500
13.42908300
20.11933300
13.27929200
20.05745800
12.88387500
19.10095900
14.68741600
19.09004200
13.79100000
19.27095800
14.62954200
19.11200000
14.18104200
19.59708300
13.34466700
19.58379100
13.83433400
19.37837500
14.50858300
19.67333300
13.69770900
19.67133300
13.70883300
19.33762500
13.38983400
19.82712500
13.62429100
19.43437500
14.37454200
20.01975000
13.44991700
20.96154100
12.26950000
19.68833400
13.79491600
19.46233400
13.91062500
19.77195800
13.05508300
19.84287500
13.55929200
19.78370800
13.92808400
19.88170800
13.60841700
19.94950000
12.87175000
19.59050000
13.73229100
19.61866700
14.31004200
19.98812500
13.33854100
19.57716700
13.85908300
19.02041700
14.32933300
19.61812500
13.30004200
19.38900000
13.82108300
19.64450000
13.53445900
19.27116600
14.82408400
19.76116600
13.63741700
19.51000000
13.85758300
19.31629200
13.97175000
18.62391700
14.74275000
18.56708300
14.72783300
18.48875000
14.37250000
18.39520900
14.93912500
18.54112500
15.43491600
18.71879200
13.98812500
18.66170800
15.39762500
18.33870900
14.90108300
18.72679200
14.70929100
18.53404200
14.45650000
17.97054200
15.72400000
18.45637500
14.90854100
18.50737500
14.92520900
18.42979100
14.77566700
18.62066700
14.91308300
18.27604200
14.67904100
18.61341700
14.75000000
19.10354200
14.37012500
18.61270800
15.12595800
18.82687500
16.62087500
20.74650000
10.44045900
19.22120800
13.67875000
18.92587500
15.09079200
18.70387500
14.45129100
19.77845900
13.46479100
19.38216700
14.04716700
19.46966600
13.28425000
19.32483400
14.69941600
19.83516700
12.95158300
18.96675000
15.00570900
19.84283300
13.60000000
19.13808300
14.07466700
19.06470800
13.68925000
19.00716700
15.03212500
19.43254200
13.91533300
18.97337500
14.49816700
19.84495800
12.90850000
19.06654200
14.25620800
19.21954200
14.63408300
18.73900000
14.64125000
18.55125000
14.93862500
18.85437500
14.42287500
18.26175000
15.22412500
18.73229200
14.43454100
18.18895900
15.30275000
18.53720800
14.17325000
18.16954200
15.50466600
19.12429200
14.09608300
18.18837500
15.76816700
18.87020800
14.30229200
19.14429200
14.23016600
18.54658400
14.69379100
19.08487500
14.47629200
18.74629200
14.51600000
18.96020800
14.37583300
18.95537500
14.36450000
19.13983400
13.77450000
18.99133300
14.91091700
19.08208300
13.83229200
19.41387500
14.52837500
18.97604100
14.22316700
19.32362500
14.19375000
19.33912500
14.02929200
19.12962500
14.14812500
19.41033300
13.41866700
18.85850000
14.49104100
18.91575000
15.17075000
18.49433400
14.26495800
18.22862500
15.75533300
18.33241700
14.88941700
18.37545800
14.60791700
18.57045800
15.34141700
18.68054100
14.22362500
18.46454200
15.37654200
18.58570800
14.52291700
18.37645800
14.74279200
18.35637500
15.48016600
19.34912500
14.46441700
22.14279200
10.59645800
22.04362500
11.68229200
19.10020800
14.23841700
18.58100000
14.71604100
18.71320900
14.39570800
18.85387500
14.08683300
18.57141700
15.20420800
18.58945900
14.31458300
18.66645800
15.44525000
18.79937500
14.47504200
18.71729200
14.66708300
19.00983300
14.05725000
18.81137500
14.83366700
18.63820800
14.07662500
18.84895900
14.60325000
18.65550000
14.85554100
18.66341700
14.60545800
18.51683400
14.82008300
18.80575000
15.19366700
18.31445800
14.96504200
18.42762500
14.43579100
19.27950000
13.99462500
18.65437500
15.36312500
18.34995900
14.94741600
18.75541700
14.16804200
19.27016600
14.59145900
18.35783300
14.39866700
19.46095800
14.57025000
18.64058300
14.09191700
19.12529200
14.20291600
18.92879200
14.43479200
18.84762500
15.13337500
18.35541600
14.98195900
18.97162500
14.53004100
19.13916700
14.18545800
19.11854200
14.11208300
18.99962500
14.24150000
18.82758400
14.55070800
19.09137500
14.66075000
16.44370800
16.46320900
15.48279100
17.93362500
15.41879200
18.11779200
15.24679100
18.17487500
15.18991700
18.35545800
15.01329200
18.01816700
15.35370800
18.48433300
14.87650000
18.10666700
16.40462500
16.28395800
16.62287500
17.61954200
17.16941700
15.64737500
16.64558300
16.82433300
16.35550000
17.13950000
16.54200000
16.85670900
16.19991600
17.16616700
16.60595800
16.79012500
16.75316700
16.57008300
17.91162500
15.57866700
18.28287500
15.20558300
20.30258400
12.67737500
20.07150000
13.87854100
20.10287500
12.88633400
18.87920800
13.96345800
18.46629200
15.30625000
20.17687500
13.15641700
19.46391600
14.20383400
18.09412500
15.26550000
17.90508300
14.76137500
18.85579200
15.10433300
18.47045800
14.70708400
18.69400000
14.82829100
17.69145900
15.64412500
18.34358300
14.51725000
18.39620800
15.81891700
18.41450000
15.34916700
18.43987500
13.67820800
17.88620800
16.00991700
18.28208300
14.88975000
18.56033400
15.63216600
18.48929200
13.65991700
17.93362500
15.91991600
18.73641700
14.74525000
19.30975000
14.55237500
19.05900000
14.45487500
18.98125000
13.72820800
18.60733400
14.75950000
18.68137500
14.18233300
19.96283300
13.99504200
19.95183300
13.38362500
19.76237500
12.30541700
19.72620800
15.19770900
15.17916600
18.10045900
15.10508300
18.66454200
14.70816600
18.27916700
15.06762500
18.68170800
14.68683400
18.78275000
14.57870800
18.82350000
14.54379200
18.30041600
15.07058400
18.16312500
15.20379100
18.13616700
15.22791700
18.82437500
14.54175000
17.97391600
20.36820900
12.97458300
20.60562500
12.85187500
19.95337500
13.58104200
20.01058300
13.10904200
20.37187500
13.14312500
20.21050000
13.17016600
17.92816700
14.92462500
17.42391700
16.51283300
16.70179200
16.20045800
16.30487500
17.56504200
16.48908300
17.00150000
16.17087500
17.21558300
16.27075000
16.93241700
17.03770800
16.43066700
17.55295800
15.90162500
17.57337500
15.29487500
20.20654200
13.42445800
20.56354200
12.81225000
20.31845800
12.85387500
20.53304200
12.37429200
20.30945800
13.45195800
20.23775000
12.62491700
20.50262500
12.73029200
20.61929100
13.55933400
20.32150000
13.02995800
20.39412500
13.20558300
19.89450000
13.20270900
19.58350000
14.13887500
19.56591600
13.35320900
19.54050000
14.16183300
19.60925000
13.01958300
19.97462500
13.15300000
20.05483400
14.35129100
19.87637500
12.45604200
20.21450000
13.71529200
19.81970800
13.74495800
19.89954200
13.31170800
20.73462500
12.14445900
20.18995800
13.78354200
20.06020800
12.66087500
19.44558300
14.47554200
19.85850000
12.93429200
20.02533300
13.37970800
19.86470900
13.90404100
19.95312500
13.40545900
20.04254100
13.64183400
19.79116600
13.64495900
19.92408300
13.63620800
19.99266700
13.25237500
19.49804200
13.07595800
19.79379200
14.20891600
19.64279200
13.02458300
19.84287500
14.24987500
19.65879200
13.24950000
20.09533300
13.26412500
19.71279200
14.33858300
19.72037500
13.00112500
19.68283400
13.62216600
20.02100000
13.47495900
19.45087500
14.27904100
19.02750000
13.54620900
19.17520800
14.73345800
18.90433400
14.46616600
18.82650000
14.89887500
18.63954200
14.37262500
18.68837500
14.86425000
17.06795800
16.35370900
17.21170800
16.42600000
16.92195800
16.09558400
17.13566600
16.34350000
16.83908400
16.36304100
17.01083400
16.35137500
17.11929100
16.36775000
16.88825000
16.49720900
16.94691600
16.50341700
17.55462500
16.06304200
17.82979100
15.63808400
18.02925000
15.21912500
17.45516600
15.85320900
17.83933300
15.50195800
17.75812500
15.66720900
17.56979100
15.77541700
18.01508300
15.25220900
17.87104100
15.42729200
17.52904200
15.72654100
18.20045900
15.42333300
18.34091700
14.91312500
18.19362500
15.34170800
18.32487500
15.13741700
18.36600000
14.31275000
18.13750000
15.80500000
18.44300000
14.30529100
18.59050000
15.48216700
17.95033300
15.33725000
20.97979200
12.39295800
21.13308400
12.46745800
19.69129200
13.69216600
19.02100000
16.41833400
19.41200000
12.03108300
18.46225000
14.71195800
18.45437500
14.33137500
18.17895900
15.52858300
17.90100000
15.48170800
17.81779200
14.90741700
17.48791600
16.44145900
17.35741600
16.13245900
17.30754100
15.49541700
17.74337500
15.62908300
17.82895900
15.57908300
17.57495800
16.45487500
18.04870900
15.19091600
18.17116700
14.60150000
18.64008300
14.79779200
18.54183300
14.70291700
18.34837500
15.67175000
18.24783300
14.79579200
18.34520800
14.79045900
18.40691600
15.52333400
18.45445800
14.78220800
18.51316700
14.49283300
18.62625000
14.85666700
18.18295800
15.08629200
18.52483300
14.88016700
20.02683300
18.90308400
11.26841600
18.79554200
14.80150000
18.30325000
14.38620800
18.52387500
14.95537500
18.58850000
14.69454200
18.07341700
16.00670800
18.28816700
14.46900000
18.24370800
15.36925000
18.61262500
15.15654200
18.25429100
14.48154200
18.60895800
14.83908400
18.51579100
15.30466700
18.38475000
14.96758300
18.58725000
14.53587500
18.62395900
14.50320800
18.15079200
15.25845800
18.81987500
15.24400000
19.73416700
14.02000000
22.37820800
10.55662500
23.37437500
9.85537500
19.16379200
13.93745800
18.85175000
14.50916700
18.77470800
14.66570800
18.90433400
14.59304100
18.51170900
15.18025000
18.98058300
13.52154200
18.76408300
15.22391700
18.31720800
14.77875000
18.51283300
14.99725000
18.41470900
15.07287500
18.21375000
15.01170800
18.12775000
15.14325000
18.05533300
15.52508400
18.33920800
14.32858300
17.68391700
15.56216700
17.93820800
16.22050000
17.75608300
15.55670900
17.61504100
15.57595900
18.04237500
15.47829100
17.59591700
15.14737500
17.36666700
16.08066600
17.54733400
15.89562500
16.85487500
16.84683300
16.76608300
16.06150000
16.76395900
16.67683300
16.57425000
16.72975000
16.71425000
16.65670800
16.70987500
17.23858400
16.55341600
16.47966700
16.37008300
16.69812500
16.76837500
16.93075000
16.51512500
17.09337500
16.47658400
16.40579100
16.47908400
17.39504100
16.46379200
16.91266700
16.24012500
17.26533300
16.58137500
16.69604200
16.22491600
16.39604200
17.11620800
16.49125000
17.09362500
16.79941700
17.24354200
15.63637500
17.24179100
16.65337500
17.15320900
15.75950000
17.09545800
16.68508300
18.03716700
14.92375000
17.87662500
15.94054200
18.18975000
15.23833300
18.00570800
14.97233400
18.13162500
15.64283300
18.41687500
15.15275000
18.44408300
14.87354200
18.83600000
14.33654200
19.35245800
13.60008300
19.99791700
13.26645800
20.19320900
13.48987500
20.14858300
12.64633300
19.37383400
14.56337500
18.89050000
14.54783300
19.71958300
13.67716700
19.34229200
13.92183300
19.86366700
13.32812500
19.41125000
14.04258300
18.97400000
14.38879200
19.39458300
13.96304200
19.22558300
14.14662500
20.01329200
13.30675000
19.94479100
13.42412500
20.03966700
12.84800000
20.53245800
13.33550000
20.18804200
13.17016700
19.79345800
13.53737500
20.63258300
12.82500000
20.54162500
12.17920900
20.40912500
13.41808300
20.75287500
12.74104200
20.76375000
12.47958300
20.04891700
13.07312500
20.54441600
12.86908400
20.85983300
12.20604200
20.35625000
13.77529100
16.03754200
16.97950000
16.28537500
17.40558300
17.41970900
16.12954100
16.77079200
15.90995800
17.01566700
16.69120800
17.41466700
16.03108300
16.73120900
16.69141600
16.84733400
16.48566600
18.26033400
15.26408300
17.76891700
15.71916600
17.62479200
15.59079200
18.12841600
15.32108400
17.30054100
15.54595900
17.62766600
16.26279200
17.29054200
16.17091600
16.75083400
16.51645800
17.19745800
16.11283400
17.81537500
15.62079100
17.04812500
16.27337500
17.88550000
15.46250000
17.85262500
15.14875000
17.46537500
16.30233400
18.94500000
14.40845800
18.02816700
16.49925000
20.41454100
11.59283400
18.30675000
15.13600000
18.89804100
14.50154200
17.36037500
15.95058300
17.38779200
16.03591700
18.19391600
15.05695900
18.30358300
15.06687500
17.86633300
14.95500000
18.23779200
15.61075000
18.18662500
15.35245800
17.45604200
16.02854200
17.64562500
15.55900000
18.45437500
14.80883300
20.31600000
12.41858300
19.39016700
14.65254200
18.67720800
14.74558300
17.93066700
14.76866700
17.84354100
16.30425000
17.24941700
16.17220800
17.15825000
15.62341700
16.00283300
17.78466700
15.64820800
17.85304200
16.09708300
16.53404200
16.49408300
18.47200000
19.51241700
12.43120800
18.73354200
15.66295800
25.27591700
8.20162500
23.82800000
10.26637500
17.90512500
13.93945800
20.37333400
13.19241600
17.87541700
15.22216700
17.73408300
15.90995800
19.24554200
13.54362500
17.21300000
16.61312500
17.55891700
15.39233300
17.70170800
15.57420900
17.76608300
16.19633300
16.48266700
16.59658300
16.95658400
16.55150000
16.99375000
16.38683300
16.93125000
16.37837500
16.76441700
16.71045800
17.04679200
16.21466600
16.92512500
16.60808400
15.87537500
17.64866600
16.01670900
17.09370800
15.96795800
17.49741700
16.00429200
17.23125000
17.61666600
15.83425000
17.57704200
15.38916700
17.21741600
15.74479200
17.71741700
16.30900000
17.65366600
15.77237500
17.93345900
15.21279100
17.70587500
15.89766700
17.97116700
15.43562500
17.55420800
15.03762500
17.90337500
16.35579200
18.51295800
14.94875000
19.23200000
14.08562500
19.93054200
13.34450000
18.19787500
15.08254100
18.34866700
14.89983300
18.57241700
14.94929200
18.15654100
14.99670900
18.01545800
15.48545800
19.45066700
13.94708300
19.12470900
13.63195800
19.33266700
14.68887500
19.10595800
14.20533300
19.43308400
13.91220800
19.33579200
14.01300000
19.20141600
13.60795900
19.40008300
14.57220800
19.37883400
13.94862500
19.14479100
14.15283400
19.06945800
13.72591700
19.18908300
14.72062500
19.41058300
13.44650000
19.22133400
14.87937500
19.12195800
13.97362500
18.73587500
14.61145800
19.01991700
14.59075000
19.04995800
14.15420900
18.99562500
14.47154100
19.01708400
14.38125000
18.88158300
14.46300000
18.91179200
14.48183300
18.92837500
14.36670800
18.74829200
14.21641700
18.64679100
14.51591700
18.34383300
15.68950000
18.30745900
14.50120800
18.29500000
15.71250000
18.45350000
14.20066700
18.88525000
14.57762500
18.84995800
15.10425000
18.80375000
14.45425000
18.85166700
14.44641600
19.18212500
14.30179200
19.32229200
13.87812500
19.09862500
14.30675000
19.11345800
14.23279200
19.33279100
14.01450000
19.47391700
13.90737500
19.69170800
13.73754200
19.42237500
13.90216700
19.24341600
14.09341700
19.49066700
13.85333300
19.27500000
13.42045800
19.55550000
13.97341700
19.13120800
14.72962500
19.38195900
13.31670800
19.52020800
14.08187500
19.39166700
14.38320800
19.62833400
13.69058300
19.48483300
13.52883400
19.41229100
13.83204200
19.23887500
14.72458300
18.86537500
14.56987500
19.34941700
13.96679200
19.22850000
14.08516600
19.05225000
14.32458400
19.37408300
13.43662500
19.26658300
14.25850000
18.95458400
14.18587500
19.16829100
14.68554200
19.61670800
13.20162500
19.13829200
14.79458300
19.46954200
14.04029200
19.38479100
13.96525000
18.76237500
14.36354200
18.68737500
14.84458300
18.41083400
15.04079100
18.59270900
14.75620800
18.61204200
15.08075000
20.88812500
13.15058300
22.98229200
11.01941600
21.44554200
11.49991700
22.21216600
10.38075000
22.75345900
10.37195800
22.13845800
11.46800000
20.92283400
12.33633300
19.59041700
13.48495800
20.21858300
13.42466700
21.26270800
12.22120900
18.86525000
16.28887500
19.32725000
12.15916600
17.42412500
15.74508400
17.13245800
16.47266700
19.41487500
13.40504100
18.92675000
14.92079200
20.37050000
15.03958300
23.54733400
9.42954100
22.16837500
8.87745900
19.49258300
13.71483300
19.69883400
14.12216600
19.22445900
13.35691600
19.57450000
14.62012500
19.68379200
13.39291700
20.83683300
12.26029200
19.58675000
13.82054100
20.11245900
13.89362500
20.44783300
13.02829200
20.08441600
12.70345900
20.42287500
12.50983300
19.40783300
14.88770900
19.66966600
13.72225000
19.84850000
13.46162500
21.10745900
12.19158300
21.08775000
11.63683300
20.38929200
13.58954200
19.98912500
13.62708300
20.80391700
11.98187500
20.66512500
13.04083300
20.81633300
12.29958400
20.98720800
12.82370800
19.94633400
13.40666600
20.85720900
12.38991600
21.77662500
11.39100000
20.09441700
13.61637500
19.95625000
13.46770800
19.86054200
12.70950000
21.05812500
12.88583300
19.93487500
13.03733400
20.55933300
13.49812500
20.35850000
12.06412500
20.33391700
13.64087500
19.81383300
13.35300000
19.98775000
13.64100000
19.86491700
13.33537500
20.30650000
12.41233300
19.84887500
14.43104200
19.70633300
13.60304200
19.98941600
12.53366700
20.08262500
13.89191700
19.84029100
13.73908400
19.88441600
13.52216700
20.31687500
12.84950000
20.27579200
13.03504100
19.76337500
13.25650000
19.86475000
14.22879200
20.22854200
12.73400000
20.26845800
13.10479200
19.86283300
13.18966700
20.27758300
13.73137500
20.17045800
12.84541700
20.45825000
12.91308300
19.53037500
14.20433400
20.21570800
12.66729200
20.77075000
12.15979100
21.03250000
12.94950000
20.35137500
13.38554200
20.00050000
13.42145800
20.13616700
12.11641700
20.19183300
13.16833300
19.96825000
14.53766700
20.04341700
13.31662500
19.95116600
12.93150000
21.09050000
12.34679200
20.04412500
13.78279200
20.19029100
13.13133400
20.15679100
12.71825000
20.42920900
12.90583300
19.54091700
13.84450000
19.25383300
14.72762500
20.07029200
13.16120800
19.55708300
13.40416700
19.24708300
14.05300000
20.55716700
12.81562500
20.59850000
12.75437500
20.15208300
13.26616700
20.14458300
12.58983400
20.23479100
13.67158400
20.16516600
12.59979200
20.10762500
13.91520800
20.35925000
13.01404200
20.17454200
13.16008300
20.05700000
12.95570800
20.17383400
13.60645800
20.53441700
12.13512500
20.32670800
13.49195800
19.87950000
13.12633400
22.05029100
12.22491700
23.31825000
9.66912500
25.39845800
7.74608400
21.18475000
12.67000000
20.16195800
13.02141700
20.31325000
12.77958300
20.41875000
13.51433300
20.12266700
13.03187500
20.66625000
12.63337500
20.49562500
12.86470800
20.21762500
13.13495900
20.40204100
13.05187500
20.31404200
12.61795800
20.17679200
13.55120800
20.29666700
12.50016700
20.54608300
13.40975000
19.98370800
12.72004200
20.54425000
13.52050000
20.35870800
12.93208400
19.85162500
13.54675000
20.18495800
13.32841700
20.17987500
13.27958300
20.01554200
13.05945800
20.40758300
12.93325000
20.55462500
13.09308400
20.21137500
12.88987500
20.50200000
12.89775000
20.69950000
12.60429100
20.34391700
13.17466700
20.12870800
12.57187500
20.06000000
14.08133300
20.22183400
13.00241600
20.54154200
12.94600000
20.29220800
13.23666700
19.67866700
12.80220800
19.47429200
14.37041600
19.56983400
13.88625000
19.44475000
13.79266600
18.87383400
14.49212500
18.82950000
13.89950000
18.62529100
15.38737500
18.58170900
14.83766600
18.45487500
14.85345900
18.27441600
14.51316700
19.22970800
14.84533400
19.12283300
14.17525000
19.35833300
14.06291700
20.17100000
13.11145800
19.16962500
14.17600000
19.15516700
14.20308300
19.43150000
13.91720900
19.76795800
13.93520800
19.68920900
13.70479100
19.26929200
14.11645800
19.15583400
13.68004100
19.64162500
14.16987500
19.41958400
14.23604100
19.83929200
13.34975000
19.65633300
13.89112500
19.20250000
13.86270900
19.52562500
13.25454100
19.54145900
14.57054100
19.31225000
14.07079200
19.00437500
14.68829200
19.99762500
13.19379100
19.91962500
13.55954200
18.36445800
15.20070900
17.40850000
15.20975000
17.22037500
16.66645800
16.60245800
16.02641700
16.90183300
17.26379200
16.61179200
16.63383300
17.14620800
15.80870900
17.01929100
16.75358400
16.81462500
16.53545800
16.79070800
16.74383400
16.68829100
16.60504200
16.65900000
16.53216700
16.47875000
16.98275000
16.76862500
16.67283300
16.71495800
16.73166700
16.84083300
15.83504200
16.85775000
17.24141700
16.76700000
16.46316600
16.84229200
15.73316700
16.74300000
16.81425000
17.10308300
16.82158300
16.73504200
16.83783300
16.38087500
16.36812500
16.89945900
16.70483300
16.89158300
16.11470900
16.77854100
17.28783400
16.66233300
16.76966700
16.20562500
16.71533300
19.63679200
13.94187500
19.47058300
13.38958300
19.66766700
13.83783300
18.86995900
14.13429100
19.62245900
14.70500000
20.22958300
12.87533300
19.46095900
13.63162500
19.79108300
13.10687500
19.87429200
13.25391600
20.04508400
14.11941600
20.13670900
13.22433300
19.90100000
13.25279200
19.75754100
13.25087500
20.46612500
13.59508400
20.30670800
12.38816700
19.69570800
14.42595800
19.98329200
13.43629200
19.57016600
12.73820900
20.25437500
16.04504100
27.20804200
3.68887500
20.65658300
12.76916700
20.12975000
12.98950000
23.96070800
10.59462500
21.71854200
10.96866700
20.53741600
12.94016700
20.84762500
12.44012500
20.56925000
12.73158300
19.43070900
13.30791600
19.38041700
13.79516700
19.35104100
14.26879200
19.43879200
14.51350000
19.96387500
12.97400000
19.99420800
14.10920800
19.82708400
13.35420800
19.50325000
13.23770800
19.28433400
14.75329100
20.10291700
13.03737500
19.51725000
13.86891700
19.82441600
13.75479200
21.09562500
19.14008300
9.25037500
19.57354200
13.99554200
19.21312500
13.96250000
19.30629100
14.20887500
19.29741700
14.12100000
19.10762500
14.32591700
19.59487500
13.88691600
18.44850000
14.75954200
18.29366700
14.65054100
18.43716700
14.88458300
18.34000000
15.72554200
18.14262500
14.53116700
17.98025000
16.06091600
18.11983400
15.22804100
18.72025000
14.46975000
18.56975000
14.92170900
18.61912500
14.68550000
18.31250000
14.53008300
18.24904200
15.07470800
18.83550000
15.21737500
18.48312500
14.75950000
18.37575000
14.97395800
18.55241700
15.06258300
19.63920900
13.24966600
19.14854200
14.45754200
19.09158300
13.81191700
19.18579100
14.88670900
19.39316600
13.34808400
19.03179100
14.40095900
18.94408300
14.99045800
18.61991700
14.11879200
19.11658300
14.60125000
19.38050000
13.69425000
19.12045800
14.36866700
19.10691700
14.36420800
19.13016700
13.95883300
18.92583300
14.63879200
18.67100000
14.53116700
18.80187500
14.70433300
18.77625000
14.38550000
18.72650000
15.25237500
18.58329200
14.68670800
18.65150000
14.42579200
19.15241600
14.56225000
19.57491700
13.67133300
19.51741700
13.23100000
19.36629200
14.67775000
19.65804100
13.66395900
19.53683300
14.02512500
19.28091700
13.45012500
18.87837500
15.18958300
19.15029200
14.09320800
18.84529200
13.97887500
18.93762500
15.33391600
18.63991700
13.73391700
17.96345800
15.87029200
17.98216600
15.67325000
18.31266700
14.88679200
18.02850000
14.85383300
18.05841700
15.78266600
17.99095900
14.81012500
18.08408300
15.65450000
18.18770800
15.15670900
18.33737500
14.98979100
18.63641700
14.76083300
18.53716700
14.42841700
18.43620800
15.53016700
18.23091600
15.14183400
18.39745800
15.04254200
18.12720800
15.24258300
18.09529200
15.18695800
17.98745900
15.41379100
18.25658400
14.66066600
18.23920900
15.66908300
18.18287500
14.48787500
18.63837500
14.84862500
18.71312500
14.50704200
18.80745800
15.00325000
19.49083300
13.88054200
19.66658300
13.75441700
19.02941700
14.48220800
19.00183300
14.59283400
19.20729100
13.95770900
19.23208300
13.68283300
18.86845900
14.90133300
19.01850000
13.99391700
19.19520800
14.42295800
19.57091700
13.93662500
19.37870800
13.94000000
19.49620900
13.83075000
20.02825000
13.23816600
19.92420900
13.65170800
19.73608300
13.56562500
19.16125000
13.94708400
19.67212500
13.85075000
19.58095800
13.81125000
18.68804200
14.50579100
18.68679200
14.72304200
19.91000000
13.44675000
19.21529100
13.36450000
19.11041700
14.45620800
19.73391700
13.76012500
19.86245800
14.06700000
19.86654200
13.50387500
19.46441700
13.64045800
18.91941700
14.43283300
19.32929200
13.65391600
19.91279200
14.02937500
19.41629200
13.08116600
19.60150000
14.58183400
19.72137500
13.79858300
20.10025000
13.32916700
20.10600000
12.55133300
19.04795800
14.83445900
18.93683300
14.51125000
18.81133300
13.94820900
19.02900000
14.84683300
18.87033300
14.47550000
18.78058400
14.73662500
19.02550000
14.32158300
18.99508300
14.52970900
18.86016600
14.35270900
18.82175000
13.98808300
18.88908300
15.01079200
18.99137500
13.79575000
18.69495800
15.12312500
18.95008400
14.02008300
18.30537500
15.40200000
18.91941700
14.67412500
19.25079100
14.12050000
18.93350000
14.37429200
19.25941700
14.22145800
19.97433300
13.00670900
19.79695800
13.67425000
20.44054200
13.43583300
19.68125000
12.95295800
19.52337500
14.52429200
19.68320800
13.83408400
18.90604100
18.29562500
18.84370900
18.40654100
18.37112500
18.00916700
18.44975000
17.96450000
18.74433300
18.80312500
19.01854200
18.51100000
18.74566700
18.39525000
18.75362500
18.96533300
19.37100000
18.74025000
19.72841700
18.60333300
19.01116700
18.78816600
18.91000000
19.00200000
19.39125000
19.07304200
18.71075000
19.07716700
19.12275000
18.78945800
19.57916700
19.21775000
19.50741600
18.63858400
19.19270800
18.72170800
19.16129200
18.82483300
19.03812500
19.06833400
18.93537500
18.79320800
19.07345800
18.37737500
18.92491700
19.15637500
19.05525000
18.31212500
18.99258300
19.11250000
19.27791700
19.38416700
19.37941600
19.64775000
18.96450000
19.19675000
19.20720900
19.14658300
19.24204200
19.59970800
19.98933300
18.90666700
19.43845800
19.00987500
19.20375000
19.31008400
19.49454100
18.95833400
19.53000000
19.10666600
19.16483400
19.42808300
19.70633300
18.87891700
19.53908300
19.26266700
18.98700000
19.92412500
19.33304200
19.36162500
19.26783300
18.95841700
19.06783300
18.91891700
18.91358300
19.29900000
18.77641700
18.57837500
18.61200000
19.05158300
19.14083300
18.87766700
19.41562500
18.91383300
18.89766700
18.89533300
19.29845900
19.42362500
19.57366600
19.84170900
18.62362500
19.35254100
19.19220900
19.70483300
19.49583300
19.91070900
19.72175000
19.16112500
19.15091600
19.52762500
19.51058400
19.72500000
19.16729100
19.63979200
19.31866700
19.62475000
19.53845800
19.92283300
19.08437500
18.94650000
19.22625000
19.58770900
19.13141600
19.07712500
19.15883400
19.20283300
18.70383300
19.52704200
19.23825000
19.58070800
19.53220900
19.18958300
18.48229200
19.18708300
19.97337500
19.76700000
19.97600000
19.21612500
19.62454200
19.67779100
18.70679200
18.68604200
18.69483300
18.84729200
18.03000000
19.29700000
19.51487500
18.52208300
18.66787500
18.51616700
18.29425000
18.26866600
17.82620900
17.65733300
18.28937500
18.25516700
18.34608300
18.54750000
18.51633300
18.58858400
18.15841600
17.94387500
17.95037500
18.02587500
18.19033400
18.81295800
18.53291700
18.51608300
18.68575000
18.54745800
17.90920900
18.07225000
17.94804100
18.12816700
18.15066700
18.04366600
18.51708400
19.17237500
18.79020800
18.71404200
18.95845800
18.64637500
18.51137500
18.64833300
18.97479200
18.96433300
19.54045900
19.44837500
18.75637500
18.86983300
18.73116700
18.42075000
19.39279100
19.25570900
19.18379100
19.76854200
18.74108300
19.41045900
19.76437500
19.50245800
19.41825000
19.84991700
18.80066600
18.61158400
19.40383300
19.36000000
19.48754200
19.68104100
19.40770900
19.25429100
19.47533400
19.44058300
19.67341700
19.58695800
19.55887500
19.13512500
18.46141700
19.01341600
19.22883400
19.09741600
19.06425000
19.42891700
18.43220800
18.88283400
19.14379100
18.90904200
18.61850000
19.18200000
18.72770800
18.61770900
19.12287500
19.06700000
18.53520800
19.09116700
18.90166600
19.13762500
18.79533400
18.35541600
18.60833400
19.18458300
18.83283300
19.51033400
19.30083300
19.82712500
18.59604200
19.40008300
18.88637500
19.05391700
19.19033300
19.39904200
18.78304100
19.52941700
18.97162500
19.10704200
19.27254100
19.45170900
19.22604100
19.20087500
19.04829200
19.22416700
19.31741600
19.50420900
19.27075000
18.89537500
18.57908300
19.01483300
19.04691700
19.37133300
19.66175000
19.08520900
18.62437500
19.39170800
18.83325000
18.53558300
19.58754200
19.39500000
19.52975000
19.00295800
19.22345900
19.03862500
19.29275000
18.99016600
19.01562500
19.36708400
18.67083300
19.02633300
19.15995900
19.02870800
19.09670800
19.36512500
19.59508400
18.52162500
19.10362500
18.98537500
19.08020800
19.13141700
19.00358300
19.67133300
18.97970900
19.08241600
19.11633400
19.13879100
19.16133400
19.02716600
18.73562500
19.06929200
18.81466700
18.94987500
18.96320800
19.23270800
19.46554200
18.67537500
19.01695800
19.32500000
19.14637500
19.23891700
19.45700000
19.36679200
19.21820800
18.54912500
18.76425000
18.63208300
18.62350000
19.38075000
19.50312500
18.91808400
19.10608300
18.79233300
18.96191700
18.85379200
19.51966600
19.51220900
18.85804100
19.35737500
19.52425000
19.26562500
19.40262500
19.71520900
18.71883300
18.94437500
19.08970800
19.44900000
19.05691700
19.27770800
19.48695900
18.95795800
19.06508300
18.87608400
19.31704100
19.14495900
19.05612500
19.28025000
18.70441600
19.05429200
19.11604200
19.24354100
19.03750000
19.58595900
19.20762500
18.88045800
19.30475000
19.07241700
19.02825000
19.43950000
19.15187500
18.80450000
19.27966600
18.12808400
18.18200000
18.35129100
18.43650000
18.42666700
18.45554200
18.77979100
17.93091700
18.73962500
18.67891700
18.54104100
18.36912500
18.34875000
18.35400000
18.17550000
18.42350000
17.88520900
17.56691600
17.12462500
17.50350000
18.18441700
18.08633300
18.28579200
18.16820800
18.15175000
18.35150000
17.97695900
17.83350000
2.63566600
17.76770900
2.68304100
17.90229200
2.88754200
17.81050000
2.79037500
17.48491600
2.71804200
18.82654200
2.77558300
18.59370800
2.90737500
19.06279200
6.35150000
19.59279200
14.65720800
19.31125000
13.60762500
19.27570800
13.55975000
19.30712500
14.36745900
19.28170800
14.77562500
19.59854200
13.31204100
19.76066700
13.72800000
19.25650000
14.24270800
19.08641700
13.75337500
19.14295800
14.63279200
20.06316700
13.20220800
19.44387500
14.31850000
19.53425000
13.62350000
19.74125000
13.54512500
19.57883300
13.25833400
20.01858300
13.52933300
19.64154200
14.37358300
20.01362500
13.02466700
19.77950000
12.90675000
19.17925000
14.29708300
19.84504200
14.47245800
19.83566700
13.58133300
19.37725000
13.36204200
19.41525000
14.11041700
19.32550000
14.02333300
19.98308300
12.86804200
20.02629200
13.30637500
20.12875000
13.29762500
20.14200000
13.11383300
19.85341700
14.12187500
19.68387500
13.52591600
20.09791700
13.49066700
19.87783300
13.43975000
20.02845800
12.75633400
20.58283300
13.42758300
20.59166700
12.13008300
20.08708400
14.13283300
19.96812500
12.54895800
20.47545900
13.38283300
20.73587500
12.67450000
20.12529200
12.61025000
20.24283300
13.74245800
20.28145900
13.21575000
20.17970800
13.05054200
20.42237500
13.04129100
19.91800000
13.37958400
20.24308300
12.65045800
20.02150000
13.35945900
20.32062500
13.70037500
19.72820800
13.42204200
19.94462500
13.47216600
19.72254200
13.58045800
19.62387500
13.80383400
19.99095800
13.57150000
19.83654200
12.72491600
19.39937500
13.99908400
19.52837500
13.90387500
19.63183300
14.32050000
19.38891700
13.48604100
19.55708400
14.33520800
19.71679200
13.46187500
19.57616600
13.90616700
19.72104200
13.56191600
19.74129200
13.73516700
19.68937500
13.77604100
19.24195900
14.44766600
19.34983400
13.70429100
19.76883400
12.91241600
19.46529200
13.81137500
19.92154200
13.97891600
20.17416700
13.18858300
19.84975000
13.04725000
20.14566700
13.68450000
19.91762500
12.85020800
19.83695900
14.20266600
20.13570900
13.53358300
20.16862500
12.81262500
19.78795800
13.67533400
20.25187500
12.58054100
20.05520900
13.32316600
20.26566700
12.98970800
20.35095900
13.73358300
20.17854200
12.70254100
20.11070900
13.50079100
20.28075000
12.58820900
20.39583300
13.57025000
19.97970800
13.82850000
19.85070900
13.15041600
19.43816700
13.11425000
19.25325000
14.14720800
19.35112500
14.75137500
19.27320900
14.05845800
19.22037500
14.35837500
19.43637500
12.95820800
19.47829200
14.85995800
19.39704200
13.68600000
19.23025000
14.17100000
19.29037500
13.97783300
19.41191700
13.96304200
19.43870800
13.90304200
19.47991600
14.11575000
19.50945900
13.97683300
18.95520800
13.56387500
19.09220900
15.26983300
20.02641700
13.27358300
19.85612500
12.96612500
20.06700000
13.00237500
20.41995800
13.48520900
19.92508300
13.78566700
20.21112500
12.26787500
20.06420800
13.42791700
19.77112500
14.16758300
20.04350000
13.34295800
20.24200000
13.23016700
20.05429200
13.38583300
19.92225000
13.40433300
19.98800000
12.74254200
20.10850000
14.10937500
19.70779200
13.43625000
19.99304100
13.62116700
19.80041700
13.30154100
19.85104200
13.52729200
20.04483300
13.28141700
19.83283300
13.70691700
19.76079100
13.71500000
19.74937500
13.44320900
19.94075000
13.60716600
19.39125000
13.19979200
19.83691700
14.22145800
19.55304200
13.71800000
19.76979100
13.08641700
19.49900000
14.44645800
19.54533400
13.77791600
19.60883400
13.12212500
19.58750000
13.89950000
19.54466600
13.73750000
19.60341700
14.30316700
19.76958300
13.70387500
19.86350000
12.75770800
19.50387500
14.55954200
19.69900000
13.24012500
19.65708300
14.09008400
19.66458300
13.63875000
19.42566700
14.03966600
19.62679200
13.08041700
19.67741600
13.90195900
19.65329100
14.28908400
19.57620800
13.82541700
19.57466600
12.99850000
19.37654200
14.69837500
19.78783300
13.04079200
19.47958300
14.25491700
19.63108300
13.44537500
19.81487500
14.10941700
19.59304200
13.53366600
19.56500000
13.99083400
21.72991600
19.65825000
7.72604200
19.90400000
14.13612500
19.92850000
13.35962500
19.54395800
13.82112500
20.32558400
13.24008300
19.27216700
13.23237500
19.12225000
15.04333300
19.91220800
13.46870900
19.96679100
12.95650000
19.81812500
13.80375000
19.56591700
14.10620800
19.26350000
13.89387500
19.51533400
13.33587500
19.94800000
13.36316600
20.10541700
13.26320800
20.29950000
13.16633400
19.97316600
13.86666700
20.07308300
12.99025000
20.10045900
13.53583300
19.88562500
13.55916700
19.97779100
12.75466700
19.89516700
14.10945800
19.67654200
13.13412500
19.82458300
13.94537500
20.55195800
12.49970900
20.23750000
13.09400000
19.90220800
13.31987500
19.68612500
13.75366700
19.69333300
14.32616700
19.49845800
13.27316700
19.84216600
13.60762500
19.34775000
13.96116700
19.22116700
14.83508300
19.33162500
13.80850000
18.97804200
14.55237500
18.85854100
14.33625000
19.03475000
14.49020900
18.67375000
14.57670800
17.73816700
15.85379100
17.71104200
15.42562500
17.71125000
15.65250000
17.69229200
15.72804100
17.74091700
14.95341700
17.40458300
16.72312500
17.30120800
15.41958400
16.93479100
16.79245900
16.70316600
16.33358400
16.82525000
16.58045800
16.65608300
17.19804200
16.46312500
16.31200000
16.42716700
16.94075000
16.57462500
17.19570800
17.85512500
14.98220800
17.26966700
16.91554200
18.18583300
14.54933300
18.01687500
15.74904200
17.81104200
15.84991600
17.98241700
14.70362500
18.30445800
15.11583400
18.21683300
15.54900000
19.06333300
14.46479200
19.08208300
13.67487500
18.48329200
14.94645800
19.22050000
14.12533400
19.44966600
13.87570900
19.90420800
13.53241700
19.20120800
14.46537500
19.36475000
13.77620800
19.87912500
13.34787500
18.74562500
15.18862500
18.83395900
14.40366600
19.61704200
13.68112500
19.41187500
13.86425000
19.42479200
14.06533300
19.74850000
13.21379200
19.95133300
13.86208300
19.77708400
13.54066600
19.69979200
13.09641700
19.65004100
14.18133400
19.65200000
13.94112500
19.94616600
13.14416700
19.17795800
14.24758400
19.85070800
13.50241700
19.87816600
13.55137500
19.95379200
12.87537500
19.36129200
14.62166600
19.55312500
13.75904200
19.33679200
14.25004100
19.86016700
13.44287500
18.98154200
14.34308300
19.10762500
14.21991700
18.94262500
14.46408300
19.30595800
13.63658400
19.12837500
14.70270800
19.15729200
13.56120800
18.94475000
14.39241700
18.82404100
15.08750000
19.14633400
14.33433300
19.15833300
14.21950000
18.94362500
14.34483400
18.69091600
14.66033400
18.96504100
14.40958400
18.92100000
14.43541600
18.56212500
14.83954200
18.83387500
14.54612500
18.85770800
14.43708400
18.66412500
14.20779100
18.61295900
15.37483300
18.92183300
14.34150000
18.92329200
14.43408300
18.92916700
13.93720800
19.11695900
14.66962500
18.98575000
13.88950000
19.04270800
14.86620800
18.83362500
14.56841700
18.78925000
14.01904200
18.86608300
14.43945800
19.18970900
14.15295800
19.20304200
14.72729100
19.13045900
13.98441600
19.14791700
14.53608300
19.15225000
14.28233400
18.92362500
14.44729100
19.02129200
13.86487500
19.03100000
14.25979200
18.58112500
15.29087500
18.89362500
14.37937500
17.87179100
15.55120900
17.80087500
15.51037500
17.89612500
15.43066600
17.73462500
15.08895900
17.59258300
16.29195800
17.55883400
15.37808300
17.45333300
16.52987500
17.05820900
16.19366600
17.51112500
15.97708400
17.22200000
16.14670800
17.34350000
16.09537500
17.26079200
15.97795800
17.22887500
15.46366700
17.27358300
16.80112500
17.24537500
16.02262500
17.41816700
16.03083300
18.11454200
15.48479100
17.96658400
14.71466600
18.51379200
15.30829200
18.34220800
14.43566700
18.62812500
15.48037500
18.69558300
14.55383300
18.66704200
14.07287500
18.86837500
14.89645800
19.64204200
13.73645800
19.04050000
14.41733400
17.98729100
15.29050000
18.39366700
15.08183300
18.68170900
14.62925000
18.41800000
14.94866600
18.63725000
14.63220900
19.38750000
13.37512500
19.67137500
14.44416600
19.49170900
13.88200000
19.54083300
13.19204200
19.54337500
13.64304100
19.28062500
14.27166700
19.89504200
14.05333300
19.72875000
13.16333300
19.05420900
14.76479100
19.30279200
14.10454200
18.68837500
14.78308300
18.76933300
13.99458400
18.26491600
14.97954200
18.13345800
15.87412500
17.97366700
15.04608300
18.22629200
15.09329200
18.27329100
15.50779200
18.07112500
14.68400000
18.65800000
14.93391700
18.65829100
14.55237500
18.51016700
14.96216700
18.85054100
14.98154200
19.00608300
14.43466700
18.86150000
14.48045800
18.82391700
14.54541700
18.90383300
14.44950000
18.55820800
14.19125000
18.56333400
15.45616600
18.67458400
14.61262500
18.46895800
14.41675000
18.93616700
14.92383300
18.83462500
14.72187500
19.06212500
13.47933300
19.01375000
14.41220900
18.59870800
14.72037500
18.88287500
14.44183300
18.86537500
15.20250000
18.99075000
14.35416700
18.89695800
14.44541700
19.17520800
14.25275000
19.23395900
14.10695800
18.95512500
14.37837500
18.61950000
14.71558300
18.38687500
14.50404200
18.70537500
15.09750000
18.55595800
14.36658400
20.15291600
13.81845900
19.75062500
14.05329100
19.20675000
13.18304200
19.55650000
13.58187500
19.24266700
14.86079100
19.68387500
13.57375000
19.82475000
13.46016700
19.26720800
14.35958400
19.31304100
13.21508400
18.94308300
14.39029200
18.63087500
15.40670800
18.46420800
14.90070900
18.61550000
14.74833300
18.77854200
14.66175000
19.15729100
13.44383400
18.80475000
15.44525000
19.23237500
13.44233300
19.15858300
14.78683400
18.54387500
14.96720800
19.18729200
14.00329100
18.53729200
14.31908300
18.92700000
15.00337500
18.98804200
13.93350000
18.28091700
14.99591600
18.75150000
15.07450000
18.86000000
13.91212500
18.45083400
15.03366600
18.63441700
14.78025000
18.84720800
15.09266700
18.70762500
14.48141700
18.17820800
15.26754200
18.85987500
14.18833300
18.30279200
15.41408300
18.61770800
14.65083400
18.32275000
15.06879100
19.99629200
13.29162500
19.58837500
13.67479200
19.71066600
13.12004200
19.44995800
14.08225000
21.70570900
12.54766600
22.64266700
10.42625000
23.06533300
13.46845900
22.43958300
7.92329200
22.76833300
9.97691700
23.25812500
10.49829100
20.90445900
12.52816600
20.41933400
12.95158300
20.23779200
13.17270800
19.96858300
12.73675000
19.57350000
13.56987500
19.61137500
14.07025000
18.50250000
15.51637500
18.17654200
14.61866700
18.40795800
15.31687500
18.08191700
15.26204100
17.86370900
15.56370800
18.64533300
14.70675000
18.57016700
14.87904200
18.23012500
15.13387500
18.40295800
14.84729200
18.18037500
15.66025000
19.58616600
13.51504200
19.31445800
14.01754200
19.17275000
14.25312500
19.10391700
14.30575000
19.38204100
13.17933400
18.64104100
14.76825000
18.53562500
14.80500000
19.02425000
14.90345900
18.76333300
14.68854200
18.54212500
14.78687500
18.59475000
14.12045800
18.74225000
15.23975000
18.48762500
14.90854200
18.50987500
14.17466600
18.85508400
15.15166600
18.81825000
14.58583400
18.60950000
14.46483300
18.84350000
14.80604200
18.91550000
14.17720800
18.79737500
14.15958300
18.99279200
14.49633300
18.99479200
14.92562500
18.58629200
14.73641600
18.68675000
14.73179200
19.01870800
14.47200000
18.75704200
14.03420800
20.14654200
13.17525000
18.77641700
15.11716600
17.93804200
15.41341700
18.60154100
14.84129200
18.16262500
14.65458300
18.49675000
15.20445900
18.80529100
14.64866700
18.03508300
15.30450000
18.19304200
15.52029200
18.84175000
14.15850000
19.16350000
14.22275000
18.38112500
14.86462500
18.34233300
14.68187500
18.80650000
14.39645800
18.33895900
15.20300000
18.25650000
14.85141600
18.78237500
15.19008400
19.02662500
14.11745800
19.09687500
14.56441700
19.27316600
14.03462500
19.75166700
13.01350000
19.11837500
14.86920800
19.09270900
14.51183300
20.28433300
13.07875000
19.93779200
13.14395800
20.23658400
13.15058300
19.83829200
13.67241600
19.85550000
13.66687500
20.19783400
12.27191600
20.64012500
13.10050000
24.52270900
8.89462500
20.63987500
13.26733300
20.16808300
12.41166700
20.96666700
12.79925000
20.02633300
13.75691700
20.05779100
13.26166700
19.97520800
13.07308400
20.22529100
13.14483400
19.80154100
13.17029200
19.82079200
14.26062500
19.35283300
13.63204200
19.55379100
13.31691700
18.82216700
15.13737500
18.73516600
14.43275000
19.01004200
13.99775000
19.77758300
14.32220900
20.21837500
13.13462500
20.79520800
12.54370800
20.63641700
12.67900000
20.30945800
13.31741700
20.32537500
12.91387500
20.42175000
13.06454200
20.43100000
12.86487500
20.30854100
12.35779200
20.61716700
13.47116600
20.13745900
13.14920800
20.67441700
12.75129100
20.36108400
12.29866600
20.33075000
13.05779200
20.61129200
13.44262500
20.25583300
12.74866700
20.36029100
13.58200000
18.34750000
15.06958400
18.37870800
14.36512500
18.49416700
15.41195800
18.13283300
15.18891700
18.53462500
15.93237500
19.22391700
12.85183300
18.80729200
14.21437500
18.56125000
15.36420800
18.65925000
14.63608300
18.67641700
14.59670800
18.70037500
14.28395900
18.81275000
14.94833300
18.83350000
14.36466700
19.23166600
14.35812500
18.80850000
14.54129200
19.13133300
14.06020900
18.80908300
14.48150000
18.40995800
15.27679200
18.52504200
14.82433300
17.93741700
15.35037500
18.20466600
14.43300000
18.06833400
15.27325000
18.24245800
15.16258300
18.08883400
15.41025000
18.12566600
15.20058400
18.02441600
15.90808400
18.24129100
14.40958400
17.94112500
16.09987500
18.06791600
15.32762500
18.10437500
15.24441700
18.14212500
15.29225000
17.92454200
15.50925000
18.17583300
14.50920800
18.03233400
16.02958300
17.96770800
14.71579200
18.84729200
14.61333300
18.91241700
15.10416600
18.53679200
14.86562500
19.04866700
13.77979100
18.66325000
14.84229200
18.42462500
15.39870800
18.69162500
13.99020900
18.70070800
14.71066700
18.65683300
14.62270800
18.57350000
14.89133400
19.89304100
14.13975000
19.57083400
13.68087500
19.56641600
13.97562500
19.36870900
13.17179100
19.44800000
14.80008400
19.51454100
13.58058400
19.84487500
12.89279100
19.92433400
13.67133300
19.94987500
13.18991700
20.22045800
13.18104200
20.07379100
14.06933400
19.82883300
13.16183300
20.16166700
13.49225000
19.99329200
13.41270800
20.04012500
13.34275000
20.02683300
13.21262500
20.19087500
13.27954200
20.88625000
12.53108300
22.89070900
10.39104100
23.67462500
43.63079200
64.68941700
3.42862500
37.07058300
3.17587500
20.67016700
2.93854100
20.27825000
3.12883400
20.07216600
3.30004200
19.55645800
2.94425000
18.72050000
2.85245900
18.49120800
3.24987500
18.57283300
3.05266700
18.81500000
14.81141700
18.39445800
14.83395800
18.22166700
14.76879200
18.35104100
15.47970900
18.40395800
15.10395800
18.04766700
14.59075000
18.11670800
15.78912500
18.37166700
14.51475000
18.14808300
15.24500000
18.30287500
15.70104200
18.17741700
14.69675000
18.04491600
15.07962500
18.56095900
14.87541600
18.09287500
15.20687500
18.39562500
15.54045900
18.41166600
14.94575000
18.09562500
15.16158400
18.94045800
14.27729200
19.05941600
14.35575000
19.03412500
13.96579200
19.16262500
14.60304200
19.10612500
14.21133300
18.75108300
14.68350000
19.46545900
13.29379100
19.15070900
14.21783300
19.11933300
14.21479200
19.33912500
14.14820800
19.55437500
13.73391700
19.39358300
14.54862500
19.28125000
13.43283400
19.15308300
14.33350000
18.99012500
14.35675000
18.76450000
14.71937500
19.37500000
13.83762500
19.70204200
13.69487500
19.37125000
14.60383300
19.41308300
13.37012500
19.30541700
14.64216700
19.35245800
13.49033300
19.31316700
14.50875000
19.77545800
13.18112500
19.22866700
14.11770800
18.50308400
15.23416600
18.68808400
14.27250000
18.80362500
14.67437500
18.64120800
15.39816700
18.97175000
14.22666600
18.77004200
14.62179200
19.04920800
14.25912500
18.94404200
14.37975000
18.76979100
14.56133400
20.04179100
12.95225000
19.40345900
14.36104100
18.52279200
14.86550000
19.22366700
14.27020800
19.04808300
14.32000000
18.60125000
14.16400000
18.81258400
14.52537500
19.06062500
14.25758300
18.84229200
15.15766600
19.10150000
14.47083400
18.96270800
14.12900000
18.80462500
14.56770800
18.35287500
14.19058400
18.58391600
15.41608400
18.79550000
14.56400000
19.07741600
14.36495900
18.90962500
14.51704100
18.88941700
13.95795800
19.11808400
14.75345800
19.17608300
14.20254200
19.45841700
13.87575000
19.50900000
13.66708300
21.18179200
19.29145800
9.28658300
19.19641700
14.56850000
18.92404200
14.24754100
18.68366700
14.61175000
18.66604200
14.90425000
18.28004100
14.16895900
18.16095800
16.02895800
18.18862500
15.25908400
18.23287500
15.02291600
18.12454200
15.30545800
18.17654200
14.97616700
18.06512500
15.62345800
17.88304200
15.48533300
17.84333300
15.04479200
17.95387500
15.91945800
17.65541700
15.64345800
17.55662500
15.97829200
17.69883300
15.49562500
18.73141700
14.86020800
19.81791700
12.97754200
19.49991600
14.45416700
18.18825000
14.72325000
18.21504200
15.60179100
18.03033400
14.62495800
18.05841700
15.85870800
17.76658300
15.81345900
18.19604100
15.01675000
17.98025000
15.04850000
17.72837500
15.39316700
18.05879200
15.41616600
18.05191700
15.92725000
17.81087500
15.48937500
18.01716700
15.47508300
18.16400000
14.66708300
17.45208400
15.80708300
17.69341700
15.76804100
17.50554200
15.98837500
16.97325000
16.80283300
16.90545900
16.26183300
17.15908300
15.92091700
16.97883300
16.42520900
16.80162500
17.01800000
16.77662500
16.49708300
16.69741700
16.67666600
16.54195900
16.27579100
17.07466700
16.75237500
17.16612500
15.78854200
17.27183300
15.98475000
16.99820800
16.80975000
17.11741700
16.44795800
16.44379200
16.90837500
16.53425000
16.46687500
16.24187500
17.33658300
16.16600000
16.89066700
16.32870800
17.42170900
16.22391600
17.26475000
16.14166700
16.79358300
16.33625000
17.46262500
16.56316700
16.86883300
16.49129200
16.69695800
16.90341700
16.10412500
16.95054200
16.78000000
17.64600000
15.75333300
18.13366700
15.19354100
19.00737500
13.98012500
18.09145900
15.64020800
18.44041700
14.92941600
18.07345900
14.92004100
17.38200000
16.27108400
17.62858300
15.88708300
17.91600000
15.39466700
17.56991700
15.73775000
17.27900000
16.03329100
17.43770900
15.93075000
17.09187500
16.28516600
16.72187500
16.66454200
16.36254200
17.16737500
15.72445800
17.12012500
15.46554200
18.44091600
15.25762500
18.09854200
14.91458300
18.59100000
14.78425000
17.87370900
15.48125000
18.51954100
15.77420900
17.45808300
17.10337500
16.15550000
17.99512500
15.48637500
18.61162500
14.66308300
18.91800000
14.31983400
19.11362500
13.78116600
19.06633400
14.82329100
19.23325000
14.29216700
19.09125000
14.22166700
19.19725000
14.17620800
18.93595800
14.40666700
18.49954200
14.79566600
19.25912500
14.14908400
19.24804100
14.07287500
19.18929200
14.13137500
19.50508300
13.93225000
19.11833400
14.33100000
19.00316600
14.27970900
19.42254100
13.48900000
19.28125000
13.97179200
18.75233300
15.26437500
19.15666700
13.65495800
19.06070900
14.79100000
19.22745800
14.24158300
19.25250000
13.67883400
19.43195800
13.53370800
18.23279200
15.72575000
18.57108300
14.19179200
18.38850000
15.58950000
17.97591700
15.16591600
17.74141700
15.88300000
18.18604200
15.06537500
17.94683300
15.61287500
17.98666700
15.43254100
18.01679200
15.18208300
18.00704200
15.40495800
18.06641700
15.23866700
17.95016600
14.80945900
17.89808300
15.48095800
17.82666700
15.51937500
17.91525000
16.02854200
16.34612500
17.09516600
17.14450000
16.32095900
17.31583300
16.05104200
17.25100000
15.60933300
17.04254200
16.80325000
17.96450000
15.05500000
17.92491600
15.81554200
17.74170800
15.59437500
18.06616700
15.30891700
18.09183300
15.38391700
18.48366600
14.32487500
18.04395900
15.79375000
17.35670800
15.96366700
18.13025000
15.15662500
18.76462500
14.66912500
18.07262500
15.31204100
17.59662500
15.22995900
18.17945800
15.83312500
17.46908300
15.39904200
18.82687500
14.54558300
16.84925000
16.80108400
17.34266600
16.05358400
18.87645800
14.59470800
19.48512500
13.82591700
18.59354200
14.73491600
19.50608400
13.32920800
18.55045800
14.81829200
19.56483300
14.23900000
19.07441700
14.38633300
18.44958400
14.34058300
19.88400000
13.75262500
19.33870800
14.42033400
19.15291600
13.60679200
18.38416700
15.55133300
19.18966700
14.12512500
19.47020800
13.97258300
20.00495900
12.71466600
20.27379200
13.64387500
19.83658300
13.59816700
19.46595800
13.91333400
18.95091600
13.81608400
19.81045800
14.19229200
20.03466600
13.33195900
19.37708300
13.87037500
19.76645800
13.96429200
19.42891700
13.91775000
19.22295800
14.15387500
19.06833300
14.23745900
19.02341600
13.78154200
19.36483300
14.61791700
19.47920800
13.93062500
19.32095900
13.90900000
19.37575000
13.48120800
19.26320800
14.09750000
19.33366700
13.96420800
19.52020900
14.45341600
19.45012500
13.93591700
19.20554200
13.63720800
19.76370800
13.56941700
19.28037500
14.14112500
19.25875000
14.58187500
19.19666700
14.25100000
19.11954100
13.70104200
20.09279200
13.73554100
19.34612500
14.03112500
19.60808400
13.71712500
18.71625000
14.07366600
19.46004200
14.59704200
19.46533300
13.87895800
19.64775000
13.41404200
19.34883300
14.09270900
18.34433300
15.15379200
18.27775000
14.52691600
18.12825000
15.68670900
17.89162500
14.97216600
18.02991700
15.89920800
18.13808400
15.15316600
18.47075000
14.94062500
18.10283400
14.64979100
18.14233400
15.88266600
17.97791700
15.40791700
17.72270800
15.59129200
18.62320800
14.80779200
18.71604100
14.00204200
18.81816700
15.13616600
18.59750000
14.02625000
18.85416700
15.15491700
18.73841600
14.87237500
18.57012500
14.45404200
18.80970800
14.25583400
18.60520800
14.67041700
18.34587500
15.31966600
18.34487500
15.25787500
18.73595900
14.67345800
18.17500000
14.36337500
19.92695800
13.42566700
19.24825000
14.76554200
19.55591600
13.72487500
19.57458400
13.27287500
19.08754100
14.89691700
19.49754200
13.79779100
19.59104200
13.68141700
19.06866600
14.39829200
19.26391700
14.00962500
19.15745800
14.22395800
19.68091700
13.76445800
18.71108400
14.42916600
18.70041700
14.58158300
19.23050000
14.25250000
19.03962500
14.23066700
18.81712500
14.62475000
18.84970800
14.46108400
18.74016600
14.67779200
18.73470800
14.56462500
18.93337500
14.47433400
18.81595800
13.86916700
18.56408300
15.52641700
19.21937500
14.36437500
16.70145800
16.76675000
17.05937500
16.27541700
17.15316600
16.16075000
17.09554200
16.28854200
17.24979100
16.12125000
17.65708400
15.90408300
17.74870800
15.42154200
17.56670800
15.97470900
17.39112500
16.01829100
17.45104200
15.69695800
17.54279200
15.62975000
17.58825000
16.20050000
17.80612500
15.32962500
17.83550000
15.13337500
17.61250000
16.35133300
17.97170900
14.59741600
17.36958400
16.64312500
17.76987500
14.92870800
17.34795800
16.72283400
18.02891600
15.29054200
17.39600000
15.93483300
17.77316700
15.49525000
19.99675000
12.82816700
19.73904100
13.59008400
20.21583300
13.81604200
19.86808300
13.45141700
19.72108300
13.66762500
19.63716700
13.76245800
19.72391700
13.60979100
19.68329200
13.64304200
19.86237500
12.94595800
19.88983300
14.00987500
19.70604200
13.51350000
19.76962500
13.82395800
19.84720900
13.46775000
19.57225000
13.23195800
19.38412500
14.54433300
19.20087500
14.19625000
19.07387500
13.71820900
19.40308300
14.47425000
19.60862500
13.86037500
20.23529200
13.05845800
19.74716700
13.09987500
20.26587500
13.72154100
20.05825000
13.25741700
19.28033300
13.78850000
20.06512500
13.97575000
19.92525000
12.75220900
20.65454100
13.00041700
19.57916700
14.01245800
20.28687500
13.17295800
20.15275000
12.90958400
20.53112500
12.84858300
19.93495800
13.82658400
20.16687500
13.07116600
20.40250000
12.10504200
20.62529200
12.66633300
19.63629200
14.68554100
19.93445900
12.96554100
19.62700000
13.83408400
19.76295800
13.03300000
19.48995800
14.76908400
20.09779100
13.81229200
15.14495800
17.89820900
14.89516600
18.17558400
15.16775000
18.36433300
15.01179200
18.55779100
14.82829200
18.49108300
14.85037500
18.05191700
15.33358300
18.40895900
14.92970800
18.50979200
15.06783300
18.09975000
15.05933300
18.48275000
14.90204200
17.97108300
15.38470900
18.52354100
14.86475000
18.29591700
15.06800000
18.74620800
15.33337500
18.15754200
14.89754200
18.15637500
14.78483300
18.41191700
14.95308300
18.46862500
14.89541700
17.90141600
15.52866700
18.85150000
15.06262500
18.06870800
14.79825000
18.85087500
15.05162500
18.34487500
15.11779200
18.13929200
14.78854100
18.33487500
14.79975000
18.17395900
15.13400000
18.75050000
15.24408300
18.12741700
17.69691600
15.41220900
19.21387500
15.13416600
19.15520900
13.00545800
19.14812500
14.25383300
19.41008400
13.88375000
19.18479100
14.15554200
19.36475000
14.01429200
19.72812500
13.59225000
19.87716600
12.84483400
19.72050000
14.31112500
19.60166600
13.72754200
19.67116700
13.61333300
18.54129200
14.84100000
18.98229100
13.73054200
19.86516700
14.13412500
19.62995800
13.82366700
19.82158300
13.47320800
19.79366700
13.56625000
20.04112500
13.42795800
20.28245900
13.09937500
20.57341600
12.66420900
20.01600000
13.72637500
19.47429100
13.90979200
19.43612500
14.08275000
19.21958300
14.15350000
18.59033400
14.81895800
18.22875000
15.05379200
18.14908300
14.57779200
17.83004100
15.48204200
17.40558300
16.58566700
17.54404200
15.18400000
17.66658300
16.34733300
17.21883400
15.48758300
17.57325000
16.43450000
17.41487500
15.39741700
17.49775000
15.99312500
17.04891600
16.91825000
16.83295900
16.44141600
16.72000000
15.94570900
16.90912500
16.50491600
16.91945900
17.05450000
16.54058300
17.05570800
16.70400000
16.64337500
16.40391700
16.75450000
16.27420800
17.14708400
16.22254100
17.27150000
16.21079200
17.06912500
16.19020800
16.61045900
16.36800000
17.24537500
16.61525000
17.12454100
16.41179200
16.74287500
16.28975000
16.48662500
16.71612500
17.10087500
16.99916700
15.98195800
16.87962500
16.51604200
17.38820800
16.75500000
17.15279200
15.98291600
16.85429200
16.56729200
17.58429100
15.19950000
17.74366700
15.96829200
17.26391600
16.38729200
17.77545800
15.77525000
17.63900000
15.46729200
17.54012500
15.26408300
17.73387500
16.17154200
17.58195800
15.86366700
17.51854200
15.98925000
17.55654100
15.21675000
17.36550000
15.99137500
17.03754200
16.80991700
17.24645800
16.22858300
16.70500000
16.41645900
16.52975000
16.43054100
16.84312500
17.23983400
17.26575000
15.47275000
16.91916600
16.86479200
16.84825000
16.41900000
17.12554200
16.24625000
17.11445800
16.31150000
16.64141700
16.69808300
16.70483300
16.30700000
16.57829200
17.09120800
16.41929200
16.52854200
17.04387500
16.76012500
16.98808300
15.90516700
17.08441600
16.81620900
17.32262500
15.52708300
17.25829200
16.11979100
21.69050000
12.53950000
19.23412500
15.44133400
30.61016600
4.89845900
19.88554100
9.78391700
19.75550000
13.60487500
17.05408300
15.65295900
16.87754100
16.64408400
16.73941600
17.01270900
17.03270800
15.95133300
16.91741700
16.22508300
17.08029200
16.77454200
17.00329100
15.90120900
17.23629100
16.72975000
17.16254200
15.71483300
17.03304200
16.76612500
17.06695800
15.88583400
17.16216600
16.53733400
17.34183300
16.08408300
17.27725000
16.22633400
16.95595800
15.82725000
16.48520800
16.79575000
17.46845900
16.50987500
16.58341600
16.10075000
17.46166700
15.96300000
17.69641700
15.77520800
17.86645800
15.79375000
18.27970900
15.08925000
18.39904100
15.08029200
18.21591700
15.16720800
18.14862500
15.16979200
17.43045800
14.88191700
21.33575000
12.93662500
18.57441600
14.12375000
18.40220900
15.55341600
18.88816700
14.14750000
19.43412500
13.76366700
19.78287500
13.95508300
18.42787500
14.96041700
18.61979100
14.97654200
18.58525000
14.58508300
18.52250000
14.87850000
18.38750000
14.35395900
18.70529100
15.22795900
18.75150000
14.03045800
18.71212500
15.19250000
18.65612500
14.76195800
19.33458400
13.98191600
19.57120900
13.67725000
19.16583300
14.19258300
19.41237500
13.94450000
19.21337500
14.13608400
19.89887500
13.09008300
20.25116700
13.10058300
20.12354200
13.63858300
20.28441700
13.03154100
20.19154200
13.13133300
19.98325000
13.40070900
20.47770800
12.87983300
20.21366700
13.09537500
20.10716700
13.34600000
20.32883300
12.99104200
20.29837500
12.95037500
20.14666600
12.73445900
20.53258300
13.37070800
20.38204200
12.90412500
20.21679200
12.59037500
20.64862500
13.21541600
20.59633400
12.80091600
20.61504200
12.75070800
20.76400000
12.53450000
20.50029200
12.37695800
20.73779200
12.93645800
20.68375000
12.80341700
20.56787500
12.86595800
20.75558400
12.54466600
20.77245900
12.62295800
20.86137500
12.11204200
20.88712500
12.78745800
20.88650000
11.92387500
21.46837500
20.95137500
8.12562500
20.80058300
12.34591700
20.06216700
13.30816600
20.54883400
12.36754100
21.12483400
12.95850000
20.25137500
12.92295800
20.06058300
13.00645900
20.71416600
12.64429200
20.73691700
12.95225000
20.32945800
13.05033300
20.83337500
12.01920900
20.75150000
12.59154100
20.50162500
13.29800000
20.94245900
12.41854100
20.86087500
12.08125000
20.61541700
12.73266700
20.61004100
12.76379200
20.96241700
12.41458300
20.37687500
13.01433300
20.80658400
12.52916600
21.22320900
12.43133300
20.56629200
12.70541600
20.79516700
12.36141700
20.85125000
12.54479100
20.44333400
12.91879100
20.39200000
13.07550000
20.58566700
12.81291700
20.97204100
12.25412500
20.64454200
12.82787500
20.83158300
12.41354200
21.16458300
12.20354200
20.36358300
13.08166700
21.05245800
12.26545900
20.89841600
12.43825000
20.77391700
12.65708300
20.96645900
12.38820800
20.73616700
12.57512500
20.92787500
12.49050000
20.62466600
12.69479200
20.66883300
12.71712500
21.12350000
12.21787500
20.81433400
12.56362500
20.38166600
12.97608400
20.63570800
12.77691700
20.12829100
13.19241700
20.64275000
12.73270800
20.96920900
12.46129100
20.38770900
12.91304100
20.56820900
12.83416600
20.90150000
12.47612500
20.56350000
12.80162500
20.81908400
12.49487500
21.01904100
12.34904200
20.75070800
12.67845900
21.22741600
12.07550000
21.01345900
12.37637500
20.84558300
12.57087500
21.11758300
12.22316700
20.80712500
12.51554200
20.74283300
12.76400000
20.95220800
12.27820900
21.01150000
12.35908300
20.71791700
12.64462500
20.70420800
12.67037500
20.50854200
12.84570800
20.86537500
12.53062500
20.97575000
12.38512500
20.65504200
12.74008300
20.82479200
12.50483300
20.60683300
12.74612500
20.65054200
12.71329200
21.04570800
12.31991700
20.86183300
12.57958300
21.09212500
12.20425000
20.72425000
12.63429200
19.79854200
13.57158300
19.82220800
13.54037500
19.74145900
13.62279100
19.83820900
13.52683300
20.07966700
13.28783300
19.81104200
13.55504100
19.63245900
13.74275000
20.03604100
13.32529200
20.12762500
13.23937500
19.85429200
13.51308300
19.97470800
13.39083400
21.05950000
14.06708300
18.16408300
14.87954200
18.38395800
14.78166700
18.51329200
14.93091600
19.02737500
14.36575000
18.87866700
14.56637500
18.98808300
14.28300000
19.29733400
14.26545800
19.10541700
14.19920800
19.47704200
13.91858300
19.21162500
14.14270800
19.08279200
14.26658300
19.32275000
14.07983400
18.94575000
14.27291600
19.13887500
14.25345900
19.42558300
13.58079200
18.89241600
14.79170900
18.84295800
14.68308300
19.25704200
13.54325000
18.75737500
14.99341700
18.71337500
14.08245800
19.39716700
14.70812500
19.43066600
14.03187500
18.76179200
14.40066700
18.76200000
14.08029100
19.02641700
14.40545800
19.51633400
13.85204100
19.18045900
14.57004100
18.98662500
14.53087500
19.29095900
14.11454100
19.42616700
13.57708300
19.67975000
14.00604200
19.06433300
13.89770900
19.52891600
14.27058400
19.12933300
14.19458300
19.16433400
13.71887500
18.92429100
14.41450000
19.27208400
14.61087500
19.09445800
14.32662500
18.92308300
13.74908400
19.33541600
14.11520900
19.30091600
14.63316700
18.94891700
14.41112500
18.96283300
13.86970800
19.09350000
14.88558400
19.17766600
13.58241700
19.18158300
14.77095900
19.57604100
13.76208400
19.14820800
13.62029200
19.17079100
14.81325000
19.31312500
13.43300000
19.44679200
14.56925000
19.14387500
13.59866700
19.25645800
14.65070800
19.25120900
13.58591600
19.50608400
14.46325000
19.49250000
13.83904100
19.39900000
13.39887500
19.39154200
14.00945800
19.18150000
14.77120900
19.31425000
13.59129100
19.38466700
13.77220800
19.42925000
13.94558400
19.41308300
14.48729200
19.15583300
14.26670800
18.89595900
14.54945800
19.09383300
14.25012500
19.11408400
14.13504100
19.42316700
13.98208300
19.26104200
14.15183300
18.80045900
14.53866600
19.05212500
14.36650000
19.40441700
13.32795800
19.05004200
14.27595800
19.31137500
14.68891700
18.91537500
14.46795800
18.58454200
14.76866700
19.68687500
13.75175000
19.01741600
14.30754200
19.02237500
14.41845800
18.96429200
14.34041700
18.83995800
14.53050000
19.06416700
14.21412500
18.80541600
14.63945900
19.02579100
13.73137500
18.93425000
15.09462500
19.07120900
13.59208300
19.15475000
14.81770800
18.78787500
14.65729200
18.76137500
14.60495800
20.07208400
13.24050000
17.99183300
15.37466700
18.30629100
14.32008400
18.15629100
15.91791700
18.28266700
15.08125000
18.05583300
15.27004200
18.11762500
15.19508300
18.27679200
15.15362500
17.98320800
14.75066700
18.16250000
15.78629100
18.14437500
15.23225000
18.12329200
15.26016700
18.28425000
15.19183300
18.26175000
14.99854200
17.96695800
15.35929200
17.95250000
15.48400000
18.04066600
15.52841700
18.70191700
14.54491600
19.17862500
13.62016700
18.49262500
15.40758300
18.59937500
14.89095900
18.66520800
14.03725000
18.21787500
15.67925000
18.81554200
13.89841600
18.30666700
15.77741700
18.80520800
14.49704200
18.21554100
14.63087500
18.60441700
14.77816700
18.84216600
14.51025000
18.87050000
15.12229200
18.78175000
14.38454200
18.52983300
14.98945800
18.88620900
14.50983300
18.34537500
14.85487500
18.39316700
15.12066600
18.91554200
14.01041700
18.48866600
14.72095900
18.76883300
14.71750000
18.27312500
15.54716700
18.69579100
14.50308400
39.53004100
3.09204200
20.05337500
3.53808300
19.01187500
14.86154200
19.06637500
14.37404200
18.30341600
15.00966700
18.19545800
15.12858400
18.37741600
15.08420900
18.33791600
14.95941700
18.21416700
14.51045800
16.31483300
16.71070900
16.38958300
16.65420800
16.67658400
16.91575000
16.83420800
16.85366700
16.15333300
16.99733300
16.76604200
16.67733300
16.61612500
18.64729200
16.73687500
17.80862500
16.65175000
16.13091700
15.80308300
18.00854200
18.53204100
13.47329200
18.55020800
16.35991700
16.33812500
15.98620800
16.57475000
17.03029200
16.16870800
16.64316700
17.36541700
17.73037500
17.81616600
17.66925000
15.12304200
15.85283300
17.44475000
16.28487500
16.29045900
21.99341600
11.83641700
17.65437500
14.73141700
18.09270800
15.67712500
16.61625000
18.07033300
14.96270900
15.80158300
20.80720800
13.52641700
17.60608300
17.60825000
15.31708400
20.78383300
11.98820800
16.01158400
16.47679100
17.62154200
21.74345800
11.32333400
18.31412500
15.35487500
18.12437500
15.01933300
17.65079200
19.14154100
13.81575000
16.23937500
17.44854200
16.10937500
18.40237500
15.12641700
16.80629100
15.26354200
18.47033300
15.18312500
18.06895900
17.33075000
15.08220800
18.47633300
15.42262500
15.66708400
17.02937500
17.61412500
16.14900000
16.60541600
17.65275000
15.52587500
17.48412500
16.42754200
16.65145800
17.18354200
17.22258300
15.22029200
16.45841700
16.70866600
17.23791700
16.96037500
18.84054200
16.26608300
14.53512500
16.17608300
18.59862500
17.67037500
14.83275000
15.84612500
15.97487500
16.72662500
17.51350000
16.54954200
15.93087500
18.35033300
16.02958400
20.78300000
12.22741600
17.44700000
16.04591700
17.12950000
17.00566700
16.03841600
17.23116700
16.68879200
15.70195800
17.08854200
17.74075000
15.63004100
17.17662500
19.97450000
12.14720900
18.15225000
17.13650000
17.57733300
18.76129200
12.42845800
16.93341700
16.56558300
16.26354200
17.75966600
16.51112500
21.93054200
9.87691700
18.01858300
18.05741700
15.76650000
16.54437500
15.92075000
18.20170800
15.22341700
17.62966600
15.38183400
18.06654100
17.28470900
15.34837500
17.30837500
17.29470800
15.57445800
16.26800000
17.67495900
15.61062500
16.93208300
17.38079200
17.65691600
17.14604200
15.08800000
17.35345800
15.91258400
17.01670800
14.91375000
17.45645800
19.41762500
15.10575000
16.52612500
16.60816700
18.13254200
14.27195800
17.69116700
15.39266600
17.40316700
15.92120800
16.75741700
19.70283300
13.72154200
17.56283300
15.60870900
16.46695800
17.74545800
16.81520900
15.87875000
18.38233300
16.24879200
15.30445800
18.99612500
14.68900000
18.25016700
14.95004100
16.92587500
17.37737500
16.89775000
18.17529200
14.69000000
17.34425000
16.01929200
15.84208300
16.42658300
17.44258400
16.11420800
16.67500000
16.74012500
16.19758300
17.66062500
15.84875000
16.97195900
16.60470800
16.62795800
17.12154200
16.81620800
16.32291700
16.49429200
17.23466600
16.24820900
16.68020800
16.99137500
16.31712500
16.88704200
16.79412500
16.40720800
16.42212500
17.76279200
15.84262500
16.95075000
17.09295800
16.29679200
16.62079100
17.55220900
16.14141600
16.47612500
17.14900000
16.17754200
17.17887500
16.75337500
16.06325000
16.83170800
17.69379200
15.69250000
16.88929200
16.89516600
16.40412500
16.82225000
16.63812500
16.41629200
17.16129200
17.55108300
15.33766700
16.57666600
17.41495900
15.64375000
17.60312500
16.45500000
16.60629100
18.92600000
14.94029200
15.42337500
17.64304200
17.41750000
15.23233300
16.79275000
16.81066700
16.81087500
16.56220800
16.92683300
16.31304200
18.41016700
14.89237500
17.48425000
16.65237500
16.23941600
16.11191700
18.16016700
15.70720800
16.66529200
17.79129100
15.73979200
16.47079200
17.34079100
16.31850000
16.45912500
17.21920900
16.37550000
16.41791600
17.20745900
16.42033300
16.52929200
17.48441600
15.43416700
16.71791700
17.18820800
15.67404200
19.57629100
17.75754200
16.35683300
14.52187500
17.29708400
16.06233300
17.34079200
16.55929100
16.82283400
16.43975000
17.19270800
16.11025000
16.78212500
15.75458300
17.56962500
16.73770900
16.73908300
16.35041700
16.87562500
16.94100000
16.81050000
16.24720800
17.17795800
16.10637500
16.90612500
16.28754200
16.01158300
19.11875000
14.66708400
16.18000000
16.44187500
18.04775000
16.87854100
16.81945900
14.99470800
16.36337500
17.40270800
16.03470900
16.76041600
17.03350000
16.81737500
15.82562500
17.11666700
16.46275000
16.51970800
17.16575000
16.32437500
17.19208400
17.03850000
16.60108300
16.30254200
16.58600000
16.33912500
17.01470800
17.30154200
16.18975000
17.04087500
19.79587500
15.32804100
14.89533400
17.22954100
15.37229200
16.48829200
17.36525000
16.65991600
16.27075000
17.41125000
15.75633400
17.33408300
16.68245800
16.69275000
16.45987500
16.75779200
16.51679200
17.18791600
16.65441700
16.38920800
16.89258400
16.14925000
17.20104100
17.08762500
15.84983400
17.90920800
16.37087500
16.33487500
16.68658300
16.61608400
15.86245800
16.92150000
17.66033300
16.07445900
16.67641600
17.18537500
16.29262500
17.01754200
16.78733300
16.28545900
16.30058300
17.03933300
16.57537500
16.21591700
17.64212500
16.61733300
16.10041700
17.49170800
15.65495900
17.14779100
16.96175000
16.37375000
16.60054200
17.43137500
16.38245800
16.67604200
16.90637500
15.69250000
16.92437500
17.14987500
16.45000000
16.40700000
17.34566700
15.79354100
16.77604200
17.52137500
16.02291700
16.52704100
16.80537500
16.59091700
17.42566700
16.11466600
17.03395900
16.57416600
16.55487500
16.50037500
17.31050000
16.42608400
16.25587500
17.18975000
16.19875000
17.02529100
16.88791700
16.40208300
16.53445900
17.89962500
16.07887500
16.37008300
17.59212500
15.81112500
16.97916700
16.55104100
16.69087500
16.43937500
17.83133400
15.58854100
17.08216700
14.00245800
19.87412500
3259.18779200
14.71195800
16.09241700
16.53829200
18.84600000
18.42454100
16.26187500
16.05516700
18.43266700
16.38758300
15.96575000
17.41595800
15.99245900
16.23529100
14.61912500
14.89575000
15.18516700
16.18325000
15.35333300
15.65325000
16.76062500
15.70441700
16.52833300
16.51095900
16.60154100
16.57475000
16.99254200
16.46337500
16.79829200
16.60404100
16.79562500
16.53708400
17.55541600
18.09166700
18.07441700
20.34975000
17.42970800
15.49133300
14.06329200
14.19370800
15.61391700
15.87079200
16.99112500
16.64645800
16.70695800
16.75479200
16.34375000
16.72845800
16.95137500
16.63470900
16.70108300
16.74150000
16.50120800
16.68016700
16.24695800
16.90650000
16.95512500
16.45820900
16.79600000
16.69216600
16.30937500
17.13841700
16.63679200
16.75220800
16.58075000
16.70600000
16.82633300
16.52254200
16.66850000
16.68220800
16.57629200
16.67137500
16.76629200
16.61837500
16.66095800
16.76708300
16.61012500
16.40891700
16.92662500
16.69562500
16.75266700
16.49195800
16.77808300
16.77429200
16.68670800
16.62366700
16.79875000
16.36741700
16.94941600
16.62441700
16.62291700
16.76279100
16.66991700
16.68808300
16.68850000
16.65108400
16.71316600
16.64633400
16.72533300
16.66629200
16.30920800
16.82383300
16.93100000
16.77995900
16.82416600
16.77062500
16.65983400
16.37462500
16.80266600
16.82637500
16.66583400
16.73533300
16.56166700
16.66058300
16.69045800
16.50200000
16.76475000
16.66862500
16.74870900
16.72445800
16.69179200
16.82008300
16.59266700
16.72345800
16.53895800
16.74329200
16.62066700
16.71845800
16.73345800
16.12004200
16.70145800
17.16337500
16.81887500
16.60529200
16.50100000
16.90645800
16.35233400
17.00820800
16.58741700
16.77275000
16.15266600
17.09520900
16.62425000
16.96125000
16.69187500
16.46625000
16.81329100
16.66516700
16.60829200
16.68066600
16.47362500
16.95425000
16.62125000
16.65412500
16.77550000
16.58400000
16.67987500
17.21908400
16.55237500
16.31325000
16.91687500
16.49291600
16.74054200
16.64637500
16.60929200
16.70095800
16.70762500
16.16620800
17.01841700
16.82850000
16.72216700
16.73370800
16.24320800
17.35525000
16.73220900
16.32791600
16.69250000
16.69970900
16.72237500
16.58154100
16.62916700
16.77908300
16.55350000
16.74645900
16.54220800
16.82454200
16.60670800
16.81091700
16.60425000
16.71416600
16.54666700
16.92066700
16.61233300
16.76545800
16.72537500
16.77937500
16.58258400
16.69375000
16.75454100
16.69741700
16.49704200
16.61262500
16.72912500
16.71900000
16.67966600
16.66766700
16.70600000
16.68929200
16.46233300
16.87937500
16.73641700
16.18925000
17.16933300
16.75041700
16.61208300
16.69754200
16.59925000
16.56395800
16.76966700
16.71279100
16.68650000
16.90475000
16.57141700
16.72366700
16.36145800
16.69729200
16.94687500
16.54241600
16.54675000
16.74220900
16.69416600
16.72470900
16.85225000
16.71691600
16.66495900
16.68270800
16.53191700
16.79466600
16.62158400
16.63516600
16.66675000
16.71204200
16.69050000
16.67037500
16.65625000
16.71216700
16.65458300
16.45950000
17.02516700
16.69745800
16.73200000
16.62233300
16.65925000
16.48541700
16.74770800
16.74362500
16.77383400
16.41641600
16.92883400
16.19429100
17.19983400
16.62362500
16.58450000
16.82516600
16.23270900
16.72820800
17.15487500
16.63066700
16.73350000
16.67645800
16.43512500
16.61087500
16.71162500
16.66720800
16.88737500
16.61383400
16.78545800
16.71191700
16.73345800
16.56595800
16.52816700
16.84429200
16.68716600
16.67125000
16.72904200
16.72970800
16.82733400
16.71275000
16.45666600
16.71141700
16.76954200
16.43970800
16.47337500
16.83654200
16.66925000
16.77591600
16.50825000
16.76204200
16.92062500
16.67562500
16.68791700
16.72141600
16.52770900
16.36579100
17.03866700
16.76787500
16.53066700
16.75095800
16.44629200
16.91241600
16.69591700
16.71904200
16.47279100
16.85166700
16.59375000
16.71091700
16.59062500
16.97245800
16.67895800
16.68737500
16.59758400
16.32800000
16.89608300
16.88600000
16.63683300
16.60637500
16.69862500
16.76979200
16.63304200
16.75112500
16.68954100
16.65312500
16.67525000
16.59625000
16.75941700
16.66116700
16.27225000
16.92695800
16.86729200
16.17629100
17.19429200
16.79112500
16.39150000
16.72508300
16.82637500
16.58850000
16.58891700
16.80820800
16.73325000
16.55162500
16.76900000
16.55579200
16.71975000
16.68545800
16.60525000
17.05212500
16.62341700
16.87912500
16.49000000
16.71650000
16.71945800
16.49591700
16.72887500
16.97929200
16.35766600
16.72170900
16.51575000
16.79162500
16.64858300
16.88175000
16.55883300
16.68137500
16.66233400
16.72062500
16.17537500
17.70412500
16.20429100
16.72120900
16.63629100
16.66737500
16.69641700
16.66641700
16.64216600
16.68812500
16.73016700
16.86750000
16.48920800
16.72900000
16.56750000
16.73170900
16.69429100
16.69754200
16.67133300
16.78758400
16.53233300
16.77587500
16.88620800
16.26962500
16.83929200
16.72083300
16.66425000
16.52558400
17.03629100
16.55325000
16.12983400
17.31462500
16.61016600
16.96929200
16.46358300
16.38579200
16.84791700
16.78550000
16.62470800
16.74033300
16.60033400
16.85000000
16.42562500
16.86395800
16.95183300
16.48179200
16.63366700
16.68004100
16.84470900
16.45441600
16.76054200
16.75529200
16.42258300
16.93875000
16.52241700
16.96450000
16.43675000
16.51112500
16.87587500
16.61695800
16.72941700
16.70279100
16.81512500
17.02400000
16.57791700
16.31316700
17.13283300
16.20966700
16.82320800
16.57195800
16.61979200
17.17512500
16.81925000
16.63650000
16.52608300
16.27275000
17.13804200
16.14854200
17.24495800
16.60179200
16.72050000
16.78287500
16.48970800
16.31337500
17.00154200
16.27645800
17.21041700
16.65891600
16.75320900
16.70683300
16.62670800
16.16875000
16.99191700
16.46370800
17.24991700
16.76658300
16.50941700
16.73054200
16.05145800
16.79729200
16.95120800
16.27070800
17.30670900
16.78641600
16.69229200
16.74950000
16.59266700
15.69787500
17.03591600
16.84633400
17.18866600
16.46112500
16.66641700
17.02516700
16.06712500
16.46783300
17.09991700
16.36304100
17.29812500
16.72729200
16.62645800
16.63245900
16.75304100
16.01779200
16.19295800
16.96462500
17.57270900
16.40683300
16.89358300
16.55608400
16.76754100
15.84054200
17.14912500
16.64158300
17.18183400
15.96237500
17.33866600
16.72525000
16.68112500
16.12737500
16.83037500
16.59191700
16.72191700
16.74425000
17.23337500
16.55379100
16.64375000
16.84312500
16.04004200
16.72958300
16.69700000
16.80187500
16.61741700
16.62695800
16.55954200
17.39154200
16.45308300
16.99087500
16.46816700
16.14275000
16.95362500
16.43241600
16.70879200
16.67545800
16.69370900
16.48666600
17.35495900
16.62537500
16.12354100
16.65145900
16.48108300
16.83858300
17.03520900
16.39525000
17.43850000
16.52200000
16.41766600
16.20358400
16.97587500
16.45412500
16.75404100
16.65441700
16.82395800
16.98862500
16.87850000
16.67491700
16.00529200
16.85787500
16.44445800
17.04137500
16.93083300
16.51400000
17.06225000
16.73454200
16.63895800
16.10233400
16.59520800
16.88412500
16.50466700
16.78037500
17.00600000
16.78879100
16.14175000
16.76495900
16.65604100
16.92479200
16.43745800
16.81387500
16.53720900
16.52820800
17.24525000
16.76458300
16.62825000
16.32658400
16.61970800
16.62575000
17.21604200
16.77645800
15.73787500
17.46604200
16.02712500
17.52033300
16.26875000
16.70429200
16.47266600
16.59729200
16.85562500
17.17208300
16.43416700
16.88554200
16.60679100
16.30054200
16.45616700
16.86554100
16.49679200
17.03370800
16.46437500
16.90870900
16.81233300
16.61245800
16.07879200
16.52241700
16.68279100
17.01470900
16.59137500
16.99125000
16.78983300
16.75341700
16.54908300
16.29866700
16.80000000
16.59262500
16.73708300
16.79558300
16.96029200
16.61041700
16.69041600
16.67258400
16.37591600
16.74670900
16.43620800
16.75320800
17.08862500
16.70812500
16.79520900
16.70720800
16.56312500
16.53808300
16.96345900
16.42191600
16.66012500
16.83529200
17.10354200
16.43675000
16.78112500
16.72762500
16.28433300
16.67925000
16.60845800
16.71041700
16.72179200
17.16095800
16.16650000
16.90512500
16.68958300
16.42775000
16.84304200
16.54250000
16.78750000
17.05729200
16.37841600
16.73629200
16.75208300
16.59670900
16.53720800
16.40641700
17.09808300
16.66312500
16.32637500
16.96279200
17.16320800
16.08929200
17.03475000
16.18350000
16.50979100
17.11445900
16.72995800
17.00337500
16.63004200
16.84783300
16.39883300
16.50304200
16.78187500
17.02787500
16.35675000
16.16150000
17.13554200
16.96583300
16.61775000
16.98800000
16.50150000
16.29283300
17.23100000
16.17533400
16.94500000
16.45212500
16.86087500
16.52216600
16.95941700
16.10791700
17.56858300
16.57204200
16.36525000
16.77583300
16.55504200
16.85587500
15.91875000
17.25729100
16.68283400
16.94754100
16.25654200
17.07337500
16.74925000
16.48070800
17.02554200
16.63250000
16.72725000
16.38341700
17.03850000
16.41716600
16.62800000
16.79700000
16.62429200
16.96795800
16.20058400
16.98275000
16.60120800
16.60704200
16.57620800
16.90600000
16.71012500
16.48370800
16.84595900
15.84720800
16.77829200
16.50991600
17.38241700
16.62087500
16.14329200
17.42433300
15.90812500
16.72908300
16.98466700
17.01612500
16.82425000
16.60195800
16.72200000
16.63683400
16.44425000
16.99125000
17.24050000
16.32154100
16.26341700
16.74545800
16.14925000
16.76095900
16.88450000
16.21108300
17.56558300
16.23325000
16.52550000
16.71829200
16.63933300
16.96116700
16.72637500
16.73066700
16.63120800
16.66925000
16.90216700
16.48191600
16.91587500
16.24733400
16.61316600
17.12379200
16.64741700
16.81316600
16.38412500
16.83541700
16.69725000
16.71400000
16.67658300
16.61758400
16.18166600
16.69095900
16.45041600
17.40075000
18.34675000
15.97841700
16.30758300
16.69916700
16.83004200
16.56991600
16.59458400
16.40962500
16.66012500
16.69991600
16.64125000
16.49008400
16.96800000
16.61470800
16.64554200
16.85216600
16.60470900
16.49945800
16.76183300
16.69816700
16.49145800
17.11479200
16.30920800
16.98225000
16.56287500
16.78154200
16.58004200
16.72162500
16.44175000
16.97912500
16.73683300
16.61091700
16.80762500
16.31508300
16.69783300
16.92483400
16.44987500
16.85750000
16.50404100
16.88404200
16.84108300
16.56900000
17.15500000
16.48595900
16.52904100
16.39095900
16.92095800
16.44000000
16.84320800
16.65979200
16.26479200
17.88820800
15.68475000
16.68645800
16.96220900
17.34887500
15.88341600
16.76537500
16.39254200
16.82537500
16.90358300
16.49120900
16.70658300
16.68258300
16.65404200
16.84300000
16.42016700
16.58520800
17.11862500
16.43670800
16.68304200
16.68225000
16.77579200
16.56854100
16.27966700
17.24387500
16.21795800
17.07825000
16.11245900
16.76604100
16.68341700
16.64454200
17.18520800
16.63762500
16.19925000
16.52058300
17.03087500
16.44320900
17.17541600
16.60837500
16.68870900
16.75675000
16.97291600
16.08654200
17.22183300
16.60358400
16.70954100
16.25870900
17.05654100
16.57208400
16.71641600
16.66591700
16.72800000
16.70879200
16.57120800
16.77912500
16.04145800
17.25345900
16.59275000
16.36337500
18.28012500
15.35041600
16.54537500
16.88066700
16.53820800
17.02416700
16.58404200
17.00687500
17.71341600
16.41541700
16.51608300
16.93525000
14.85604200
17.28437500
16.55891700
16.68941600
16.69566700
16.77658300
16.70941700
16.17575000
16.88058300
16.74800000
16.82945900
16.64541600
16.35091700
16.69933300
16.85345900
16.43454100
16.76412500
16.81512500
16.98741700
16.61033300
16.33208400
16.61158300
16.74720800
17.40362500
16.17766700
16.79620800
16.55783400
16.59854100
16.78216700
16.67625000
16.70170800
16.71708400
17.09483300
16.32687500
16.72433300
16.18200000
17.14541700
16.54616700
16.90554100
16.50633400
16.86587500
16.55712500
16.71708300
16.63475000
16.77841700
16.55850000
16.65583300
16.68254200
16.70783300
16.72691700
16.63375000
16.80987500
16.49075000
16.74795800
16.68191700
16.70837500
16.59433300
16.84641700
16.60200000
16.61637500
16.66783300
16.72116700
16.23412500
17.16470800
16.70733300
16.60820900
16.50783300
16.95662500
16.60079200
16.72341600
16.62708400
16.84283300
15.99375000
17.24425000
16.70391700
16.72275000
16.68737500
16.67641600
16.61370900
16.42645800
16.78379200
16.77583300
16.30487500
16.99087500
16.71433300
16.64812500
16.68704200
16.21362500
17.06037500
16.55054200
16.63112500
16.48670800
17.05612500
16.59562500
16.88483300
16.88158400
16.44229100
16.73612500
16.19083400
16.94112500
16.79708300
16.53245800
16.90295900
16.72787500
16.59650000
16.64625000
16.72158300
16.71454200
16.59316600
16.77229200
16.88616700
16.67791600
16.73800000
16.59166700
16.69220800
16.65929200
16.74370800
16.64845900
16.68916600
16.68329200
16.67375000
16.70145800
16.65408400
16.21008300
16.88020800
17.06775000
16.38283400
16.87087500
16.66304100
16.83604200
16.56875000
16.69670800
16.32925000
17.19204200
16.43570800
16.75983400
16.75058300
16.67333300
16.65979200
16.79170800
16.48545900
16.56137500
16.83433300
16.53787500
16.62233300
16.74683400
16.68629100
16.81925000
16.75354200
16.64791700
16.67354100
16.69541700
16.64879200
16.74825000
16.65441600
16.74845900
16.57191600
16.69837500
16.67745900
16.72533300
16.65795800
16.75662500
16.66962500
16.72995900
16.54345800
16.65970800
16.70445900
16.79791600
16.57008400
16.42262500
17.10412500
16.71945800
16.10037500
16.99141700
16.33575000
16.99945800
16.80625000
16.70479200
16.68283300
16.61000000
16.84329200
16.59841600
16.73108400
16.60462500
16.72625000
16.40745800
16.42887500
17.22345800
16.48833400
16.86570800
16.63433300
16.76516700
16.60025000
16.83450000
16.64825000
16.66379200
16.65054100
16.65895900
16.65229100
16.68637500
16.65766700
16.70579200
16.75195800
16.64858300
16.62220900
16.73770800
16.76279200
16.32904100
16.76491700
16.79258300
16.74366700
16.66620800
16.14895900
17.61445800
16.24212500
16.68883300
17.18354200
16.15462500
16.87200000
16.58245800
16.78308400
16.32375000
16.96808300
16.78337500
16.55437500
16.82641700
16.66041600
16.70679200
17.01429200
16.25858300
16.60395800
16.77400000
16.60445900
16.69008300
16.65329200
16.44125000
17.06250000
16.58662500
16.67170800
16.66054200
16.70429100
16.19316700
17.11900000
16.78975000
16.70391700
16.63987500
16.67116600
16.66283400
16.64316600
16.77900000
16.55458400
16.77975000
16.18795800
17.25283300
16.39875000
16.98545900
16.58104100
16.73437500
16.70645900
16.41525000
16.38600000
17.24050000
16.69525000
16.61720800
16.78891700
16.58562500
16.14483300
16.92954200
16.95829100
16.69866700
16.86329200
16.53945800
16.64066700
16.71079100
16.70250000
16.64212500
16.77925000
16.53537500
16.64466700
16.79087500
16.61575000
16.78220800
16.57016700
16.72525000
16.78275000
16.17179200
16.57050000
16.70825000
283.58420800
16.67212500
16.68566700
16.68120800
16.68020800
16.68216700
16.68791700
16.67854100
16.67945900
16.68587500
16.68925000
16.67520800
16.68687500
16.68241700
16.68150000
16.68433300
16.68362500
16.68191700
16.68370800
16.68483300
16.68520900
16.67954100
16.68541700
16.68537500
16.68195800
16.67987500
16.71920900
16.68100000
16.68762500
16.65162500
16.69037500
16.69195800
16.69995800
16.67875000
16.66266700
16.69158300
16.66820900
16.68375000
16.68258300
16.68862500
16.67508300
16.70383400
16.71808300
16.63462500
16.71066700
16.65887500
16.70275000
16.66625000
16.73250000
16.63266600
16.70229200
16.65791700
16.68429100
16.68395900
16.68341600
16.72883400
16.65012500
16.67266600
16.68220900
16.68258300
16.70833300
16.66120900
16.69241600
16.69266700
16.69816700
16.65145800
16.70708300
16.70254200
16.65766700
16.66716600
16.69350000
16.67004200
16.70391700
16.66354100
16.71766700
16.67075000
16.66016700
16.68941600
16.67991700
16.67837500
16.74791700
16.62220800
16.68237500
16.70062500
16.66658300
16.69675000
16.66604200
16.74916700
16.64200000
16.66595800
16.68729200
16.69445800
16.68700000
16.72162500
16.62233300
16.68370900
16.68333300
16.68283300
16.68329200
16.68375000
16.74150000
16.61995800
16.73112500
16.64220900
16.68787500
16.67845800
16.69070800
16.68979200
16.66912500
16.68058300
16.68112500
16.68650000
16.73120900
16.64670800
16.67333300
16.75158400
16.61650000
16.70041600
16.65937500
16.72200000
16.67045900
16.67525000
16.67695800
16.70816700
16.65020800
16.73583300
16.63729200
16.76616700
16.59262500
16.73395800
16.63529200
16.69091600
16.70595900
16.65487500
16.73666600
16.63600000
16.69212500
16.74429200
16.62483300
16.69645900
16.73895800
16.64329200
16.69870800
16.74075000
16.64187500
16.72762500
16.61537500
16.69595800
16.72837500
16.64366700
16.69762500
16.69654200
16.67066600
16.63679200
16.64104200
16.77266600
16.68312500
16.75145900
16.60595800
16.74395800
16.74383400
16.62341600
16.69025000
16.70708400
16.53145800
16.82270800
16.74800000
16.66504200
16.70479200
16.73679100
16.41045900
16.93454100
16.68412500
16.66433400
16.44850000
16.97058300
16.43516700
16.85925000
16.88895800
16.30204200
16.66954100
16.98620900
16.64791600
16.66437500
16.88475000
16.57020900
16.73850000
16.72266600
16.21750000
16.96420900
16.87079100
16.51779200
16.86112500
16.51391700
16.73637500
16.65195800
16.34754200
17.00395800
16.74670800
16.58416700
16.73650000
16.64079200
16.66595800
16.69133300
16.70133400
16.66729100
16.69087500
16.70366700
16.83083300
16.50570900
16.98612500
16.22816600
17.10362500
16.68087500
16.60579200
16.51033300
16.89804200
16.16262500
16.76387500
16.61541700
17.05487500
16.90716600
16.73437500
16.58016700
16.30912500
16.93300000
16.73162500
16.55775000
17.04900000
16.53800000
16.45050000
17.12558300
16.04716700
16.97916700
16.77762500
16.51662500
16.42487500
17.22816600
16.53883400
16.26429100
17.42995900
16.21137500
16.34462500
17.08145800
16.27758300
16.70270900
17.33570800
16.67979200
16.02816600
17.14091700
16.74904200
16.53987500
16.36712500
17.12733300
16.15787500
16.74466700
17.22641600
16.49250000
16.27670900
16.66908300
16.99520800
16.37841700
17.24712500
16.26979200
17.12912500
16.07983300
17.27420800
16.45741700
17.09433300
16.16741700
17.11808300
16.70187500
16.83741700
16.25583300
16.74370900
16.60987500
16.92445800
16.64837500
16.76254200
16.66095800
16.57837500
16.47108300
16.95816700
16.39800000
16.87358300
16.66095900
16.60120800
16.87787500
16.21208300
16.53683400
16.69204100
16.65350000
17.32150000
16.12420900
16.97195800
16.59295800
17.06195900
16.39537500
16.34550000
16.64920800
17.15375000
16.36629200
17.08125000
16.70466600
16.70229200
16.43908300
16.76045900
16.66012500
16.61270800
16.48741700
16.74583300
16.66279200
17.20441600
16.37275000
16.31345900
16.66575000
17.33341600
16.07758400
17.26675000
16.77483300
16.22220800
16.74779200
16.37008300
16.67566700
16.74429200
16.80833300
16.50379200
16.76016600
17.29825000
16.36045900
16.31225000
17.05679100
16.32720900
17.28316600
16.79891700
15.96875000
17.24629200
16.13958300
16.93291700
16.76670800
16.32579200
17.26725000
16.10316600
16.71979200
16.88537500
16.79100000
16.84275000
16.47754200
16.92454100
16.71325000
16.63154200
16.33091700
17.08420800
16.49237500
16.32475000
17.05100000
16.40433300
16.66283400
17.24733300
16.05529200
16.75879100
16.88675000
16.37433400
17.05745800
16.32966700
16.71541600
17.12720900
16.79708300
16.05858300
16.68954200
17.06633300
16.67229200
16.39325000
16.76950000
16.97570800
16.31333400
17.20316600
16.12266700
16.75375000
16.96858300
16.90916700
16.73066700
16.63816600
16.10829200
16.65100000
16.97158300
16.37120900
17.09004100
16.83220900
16.57529100
16.80395900
16.55650000
16.72254100
16.62625000
16.62179200
16.81558300
16.78920900
16.66300000
16.55283300
16.87633300
16.58666700
16.15025000
17.12370800
16.70295900
16.85333300
17.58341700
16.57179100
16.64245900
16.51441600
16.60920900
16.54208300
16.73150000
16.63350000
16.51966700
16.66520800
16.68508300
16.98970900
16.58304100
16.28608400
16.81008300
16.68087500
16.59420800
16.45950000
17.14995900
16.12658300
16.65879200
17.19733300
16.63666700
16.82375000
16.55783300
16.70600000
16.75379200
16.68408300
16.76841700
16.09029100
17.22966700
16.59600000
16.92100000
16.44620800
16.60887500
16.05495900
17.10037500
16.40150000
16.90729100
16.20979200
16.69195800
17.22420900
16.60320800
16.71375000
16.59658300
16.22604200
16.68612500
16.69279200
17.22866600
16.69895900
16.11195800
17.07441700
16.35295800
17.15537500
16.71220800
18.23762500
18.46600000
16.50137500
13.48545900
16.62566600
20.14029200
14.56791700
15.31645800
19.94137500
13.07908300
20.26204200
13.61766700
16.09362500
16.68629100
19.69362500
17.23433400
13.64975000
19.46291600
16.96591700
14.28762500
15.87562500
19.37570800
17.15583400
16.78333300
13.60533300
19.72720900
13.33608300
20.09462500
12.98708300
17.10179200
19.88325000
16.28979200
16.82095800
17.17520800
13.12583400
19.61016600
17.22045900
13.42170800
18.61162500
17.93929200
14.81662500
18.21816600
13.33883400
17.14833300
16.22062500
20.55958300
12.96825000
20.33408400
16.73108300
13.08400000
16.41375000
16.69145800
21.02995900
15.78079100
16.85304200
16.65725000
13.56933300
19.42162500
13.46108400
16.68725000
17.11154100
19.91254200
16.94200000
16.13645800
13.79125000
16.19883400
20.20112500
13.17637500
20.37550000
16.00445800
16.18545800
14.76000000
19.25845900
17.20320800
16.39587500
16.47412500
13.77245800
19.61087500
17.04812500
16.84408400
16.60029100
14.08600000
15.65675000
20.76475000
12.60237500
19.81608400
17.46079100
15.82887500
17.49945900
16.61479100
14.96729200
14.68625000
20.26987500
13.02795800
20.14512500
16.50320900
16.72483300
13.32100000
20.66079200
12.76829100
19.77587500
17.04158400
16.93941600
16.19104200
17.38641700
12.76550000
19.71320800
13.86712500
19.93670800
16.92000000
16.14158400
16.00783300
14.64262500
19.33287500
13.94658300
19.42195900
17.18383300
15.23637500
18.29554200
13.05100000
18.61387500
14.55104100
20.15379200
16.43904200
16.61833300
16.15079200
17.80450000
12.97754100
19.79012500
17.54354200
15.91633300
16.71016700
13.44441700
19.99233300
13.82416700
20.29370800
12.61445800
19.97208400
13.87016600
19.63579200
13.66854200
19.24387500
17.02675000
16.80362500
17.05195800
15.49900000
16.18845800
17.28508400
16.76129100
16.08270900
16.63720800
17.33095800
16.59991700
16.18895800
17.54120900
16.15962500
16.67062500
16.36687500
19.95058300
11.16616700
20.51841600
1084.63245900
21.28145800
21.55012500
21.59433300
20.25591700
21.42183300
20.04604200
21.55920800
20.84970900
22.75366600
20.21091700
21.65587500
21.20166700
21.38829100
20.15454200
20.55525000
19.80704200
20.25258300
22.08004200
20.54837500
69.59625000
48.56862500
22.99062500
22.40070800
19.61579200
19.79137500
21.03737500
20.64116600
20.07312500
20.03275000
20.42954200
22.76400000
20.19391700
20.50304100
19.11550000
20.31862500
19.61654200
21.34062500
19.22716700
20.88437500
19.69850000
19.19729100
21.07541700
21.16516700
20.15266600
19.07070900
19.18620800
19.96091700
19.79070800
19.69979200
19.65762500
19.13458300
19.12116700
19.19962500
18.98258300
19.38925000
20.59354200
18.78312500
22.27520800
21.68262500
20.39283300
20.22095900
20.23420800
21.59041700
20.75675000
20.60791600
19.55025000
21.01466700
21.56304200
20.24704100
20.28412500
24.67045900
24.42541600
20.53912500
21.39462500
25.02737500
20.63745900
21.31783300
19.74887500
19.90825000
19.50383300
19.55491700
18.62012500
20.67979200
20.42320800
21.16416700
19.60550000
20.51566600
19.64787500
19.39316700
19.83733300
22.16137500
19.89041700
20.78225000
20.07533300
21.85829200
20.80720800
19.67862500
19.58441700
23.09258300
20.48575000
19.40287500
18.84262500
19.38237500
18.87512500
18.66083400
19.10175000
19.43037500
17.54383300
18.48437500
17.80583300
18.85504200
18.15725000
18.36287500
18.05729200
18.93116600
18.72750000
19.15350000
18.05800000
19.06400000
18.17229200
20.13045800
18.13700000
18.81933400
19.77404100
19.05595900
17.76675000
18.97237500
18.25104100
19.46850000
20.14129200
19.97304200
20.90045800
19.77033300
21.97250000
20.76687500
19.85929200
20.11716700
19.48420800
20.59229200
20.53233300
19.93804200
19.80912500
19.94316600
18.86520900
19.97550000
19.04425000
19.87466600
19.28279200
20.04979200
19.69100000
21.03558300
20.57029200
19.63912500
19.18437500
19.97354100
21.91166700
18.95500000
18.67083300
19.80887500
19.10758400
19.34641600
19.85350000
19.10495900
18.77270800
18.81466700
20.89029100
20.00200000
18.77479200
20.36387500
19.10654200
19.93095800
20.62787500
19.47308300
18.14750000
19.21008400
18.90991600
19.62850000
19.09687500
19.71837500
22.13029200
23.44250000
19.19175000
20.34266700
18.77729100
19.06037500
19.06058400
19.81029100
18.89941700
19.35487500
19.04137500
20.10729200
18.74908300
18.94133300
19.06258400
19.39437500
19.78683300
19.24995800
18.62862500
19.25637500
18.19500000
18.90575000
19.49941700
20.36325000
19.72637500
18.83170800
18.60041700
20.69583300
19.67175000
20.95845900
18.95958300
20.12354200
21.37825000
20.95808300
20.32525000
20.55566700
19.66679100
20.16929200
19.68370800
19.77829200
20.00354200
19.90341600
19.51708400
20.47866600
19.03054200
19.35754200
18.72887500
19.90550000
19.10375000
19.29979100
18.42041700
21.86991700
19.22583300
19.27800000
18.98841700
20.34054100
19.94250000
19.46408400
19.23150000
20.13608300
19.63466700
19.35220800
19.00162500
19.78537500
18.75045800
19.29229200
18.89516700
20.42175000
19.14937500
20.88954100
19.51325000
19.66783400
19.28204100
19.43770900
19.65429100
20.62200000
18.64370900
19.22033300
20.03083300
19.15462500
19.03737500
19.24341700
18.93691700
20.98495800
18.86650000
19.57729200
19.42004100
19.67512500
20.22733400
19.12237500
18.16333300
19.87379200
19.22679100
19.78333400
19.09016600
19.64475000
19.28554200
18.73570800
18.45845900
19.60366600
19.81108400
18.64612500
19.08991600
19.26854200
18.46695800
19.61691700
19.07000000
19.53358300
19.12312500
19.19908400
18.78479100
19.10300000
18.65995900
18.56533300
19.04487500
19.86937500
18.43766700
18.98216600
19.03620900
19.50662500
19.96333300
19.25079200
19.13004100
21.98183400
17.73354100
18.11591700
17.91237500
19.98233300
19.22354200
18.28225000
18.52554200
20.17816600
18.47400000
19.36141700
19.43170800
19.92958400
18.93712500
18.20545800
17.80241700
19.52783300
18.34933300
18.65491700
18.88270800
19.18450000
19.77020900
18.66695800
18.59616700
18.71245800
18.35037500
20.42470800
19.68650000
20.23829200
19.31533300
20.06537500
19.37420900
20.00087500
19.75108300
18.71408300
18.88025000
21.50400000
19.62687500
20.30754200
21.29775000
20.69733300
19.53808400
20.75566600
21.17725000
20.34300000
21.25800000
20.08391700
20.57370800
20.97075000
20.90558400
20.62258300
21.78058300
22.46625000
20.33229200
20.93854200
20.30095800
20.89483300
20.15275000
19.89550000
20.75612500
20.52608400
20.46845800
26.16037500
23.73866700
27.03883300
30.07112500
27.74754200
21.65783300
20.61237500
20.11650000
19.97637500
19.30795800
20.95704200
19.78695800
19.41329200
19.43700000
20.29537500
19.40008300
21.43725000
20.83516700
20.24287500
19.39570800
20.45604200
19.04345800
20.31220900
20.79887500
20.14741600
19.35204200
19.68491700
20.17020800
19.86245800
20.08358400
21.04933300
19.45466700
19.49837500
19.28941600
20.11154200
19.16254200
18.95758300
18.20833300
19.09387500
16.78545900
17.46625000
16.38858300
17.16450000
17.85337500
16.88687500
16.79800000
17.46920800
17.99308400
18.38683300
17.51741700
17.93383300
17.87345800
16.91225000
15.54933400
17.63245800
16.75887500
16.97079200
17.35825000
18.62350000
19.02383300
20.22637500
21.28737500
20.10775000
19.15050000
18.02716700
18.44233300
20.12279200
18.68545800
18.93162500
18.51970800
19.57487500
18.00925000
19.11270900
18.32495800
19.08350000
18.49816700
18.31508300
18.09116700
19.02929100
20.17741700
22.87554200
23.21133300
22.02733300
22.99875000
35.12195900
27.69720800
22.63216700
22.94308300
21.60312500
24.20812500
22.68383300
20.79658400
20.13633300
19.40183300
21.34058400
19.86000000
19.92216600
19.47450000
19.77275000
19.52570900
20.18766600
19.00145900
19.32808300
18.73416700
19.30850000
19.84295800
18.64150000
19.25770800
19.40891700
18.94408300
19.83829200
19.99787500
21.07854200
18.99495800
19.61558300
19.18979200
20.74641700
20.52945800
20.13908300
20.57404200
21.28291700
19.62733300
19.82125000
19.85258300
20.74404200
19.22883300
20.38887500
20.39216700
20.51404200
18.87291600
19.71895900
19.34491600
19.24870900
19.61812500
20.05991600
19.14716700
18.68679200
18.76137500
19.10195800
18.28400000
19.63995800
18.26370900
19.26079100
18.29579200
18.52983300
20.08345900
19.30341600
18.93325000
19.93550000
18.95870900
19.81495800
19.92562500
19.92679200
19.46162500
19.94016600
19.13641700
19.13166700
19.08208300
18.83800000
18.64066700
19.37595800
18.45754200
20.33237500
19.82912500
19.40995800
18.10370800
19.53591700
18.73383300
19.07120900
18.80658300
19.93962500
19.96691700
18.44220800
19.21733300
19.75933400
21.99741600
19.51879200
19.23358300
20.34912500
19.55741700
20.15950000
20.39287500
19.89570800
19.34204200
19.19745800
18.66633400
19.65158300
18.87929200
18.15887500
18.33858300
19.63525000
18.73104200
19.24991600
18.72225000
20.11770900
18.60595800
19.61979200
19.01712500
19.73320800
20.11758300
19.69216700
17.99733300
21.78791700
18.97950000
19.37725000
19.27475000
19.90720800
18.71800000
18.78558400
19.57112500
21.10791600
18.76358400
18.54895800
18.82145800
19.54454200
18.73683300
20.96454200
19.22750000
19.64387500
18.42279200
19.07591600
18.38433400
20.19875000
19.23220800
19.64066700
18.94487500
21.64525000
19.42154100
20.38158400
19.17875000
20.79850000
18.58958300
20.38016700
18.75650000
19.62216600
18.48712500
19.35983400
18.86666600
20.21033400
19.11566600
20.00675000
19.61591700
20.46612500
20.44812500
19.66537500
18.97554200
19.77762500
19.29075000
19.51600000
19.86729100
19.73320900
20.34558300
19.91312500
19.64737500
20.31091700
20.65262500
19.95283300
19.73233300
20.56862500
19.22375000
19.67287500
19.32450000
19.72966700
20.19129200
19.52175000
18.84058300
19.54408300
19.66358400
20.37162500
18.96737500
19.93654100
19.35037500
19.66691700
19.31879200
20.70704100
19.70066700
20.67595800
20.66491700
21.11145800
19.63358400
19.02266600
20.14658400
20.45133300
19.86791700
19.39604100
17.65820900
20.15154100
19.11379200
19.28908300
18.92195900
21.09770800
18.77175000
19.14045800
18.60400000
19.49604200
18.85016700
19.69675000
19.24129100
19.42229200
24.02837500
23.08183300
19.91716700
22.96137500
20.09116700
20.70954100
18.38270900
20.18033300
19.63825000
19.62183300
19.26400000
19.79570900
20.91058300
21.09433300
18.28729200
18.99729200
20.65854100
18.70325000
19.83637500
19.29225000
18.76354200
19.03312500
19.38837500
18.45116700
20.48512500
19.21050000
19.52241600
19.22137500
19.42679200
21.14191700
18.94220800
20.67095800
19.30191700
19.56779200
18.15245800
19.29766700
18.99275000
19.81112500
19.07904100
20.66858400
19.83387500
19.59279100
20.59787500
21.63716700
20.42141700
19.40783300
19.27541700
19.26025000
18.79691600
18.76737500
18.92158400
18.34383300
18.06204200
19.18350000
19.30237500
19.35562500
18.45533300
18.84112500
17.98258300
19.07991700
18.89012500
18.36162500
18.44120800
18.89595900
18.64316600
19.38345900
19.02045800
18.70012500
17.88200000
18.25845800
18.19900000
19.01191700
18.09616700
19.37037500
18.71387500
20.22650000
18.00350000
18.81362500
17.65491600
20.65237500
18.11329200
18.65158300
18.43662500
18.76579200
17.87620800
17.77833400
18.28345800
18.32720800
19.03033400
18.15625000
18.14412500
19.09166600
18.65600000
18.01575000
17.63883400
21.32720800
19.04491700
19.08708300
18.77120800
19.93020900
19.26770800
18.17850000
18.13120800
19.42162500
20.09000000
19.07600000
18.94012500
18.67733400
18.18654100
18.24633400
17.80441600
18.89858400
18.57462500
18.34625000
18.25875000
19.10262500
19.66820800
18.16029200
20.70550000
19.54095800
18.74950000
18.81420800
18.48591700
19.89400000
19.43241700
18.63970800
18.24691700
19.96191600
18.29295900
18.84245800
17.61541700
18.35245800
18.09762500
18.35158300
19.02183400
20.29037500
21.65200000
20.05066600
18.43562500
21.25904200
19.12395800
20.51037500
20.43875000
18.95108400
18.91883300
18.80383300
18.52895900
19.12579100
18.75462500
18.37833400
17.92462500
19.53937500
18.40212500
19.05129100
18.46166700
19.70166700
20.34095800
18.52420800
20.25512500
21.11162500
19.08800000
19.95175000
19.67595900
19.94129100
19.41141700
18.66370800
18.52245900
18.83391600
18.98416700
18.44375000
18.37537500
19.11775000
18.82708300
18.58354200
18.49508300
19.16825000
20.98850000
19.80562500
18.57812500
21.92516700
20.75762500
19.80662500
18.85966700
19.92316600
18.71412500
19.91683400
19.07708300
18.96904200
21.94570800
19.11116700
18.93866600
20.01491700
19.49458300
19.15966700
19.36908300
20.15045900
19.42587500
20.39108300
18.80729200
21.07250000
21.50170800
21.38416700
21.13012500
21.74375000
20.53491600
20.74304200
20.39066700
20.63091600
19.14829200
19.52700000
19.87762500
19.03766700
19.13262500
20.63412500
19.96758300
22.86670800
21.55645900
22.59479100
20.22995900
22.94733300
25.42558300
22.50595900
21.05304100
20.94979200
21.96716700
20.45004100
21.46320900
20.40941600
21.37904200
21.29020800
20.57716700
21.18058300
21.43616700
21.54300000
20.44187500
21.06691700
22.93533300
22.39791700
25.06729100
24.26720900
23.12175000
26.83104100
21.64783400
26.68412500
24.14783300
23.89550000
21.00112500
23.09854200
23.80162500
20.93033300
21.39704200
23.15820800
20.72054200
21.00508300
20.80745800
19.95795900
20.40083300
21.44945800
23.92200000
28.02166700
32.29350000
27.37545800
20.12570900
24.34191600
25.21958400
27.80375000
22.59545800
23.74554200
22.98904100
22.02408400
20.53245800
20.35154200
30.74954100
23.77037500
20.64695900
25.16970800
22.87045800
26.30466700
24.61120800
26.70854200
27.02391700
21.77916600
20.39591700
21.19716700
20.84383300
20.91108300
20.60629200
20.67408300
20.98150000
21.36245900
21.49637500
19.74954100
22.36854200
23.27741700
24.52020800
25.87700000
25.17775000
26.39212500
21.07404200
22.82616600
19.00412500
21.73791700
24.04458300
22.67441700
20.70650000
24.29354200
18.27004100
21.68416700
20.60770800
21.18683400
24.06858300
24.03000000
24.02054200
21.01191600
26.53804200
20.53383300
22.08808400
23.49808300
19.49566700
22.79791600
19.51070900
19.14883300
19.75587500
23.14233300
25.81720900
23.17141600
37.11408400
94.62570800
42.55837500
24.64983300
19.38533400
20.81308300
20.55516700
20.58729100
19.14687500
22.07750000
21.30625000
24.07508400
22.88608300
20.51320800
20.85258400
22.41533300
23.75245800
22.76358400
23.35687500
22.55491600
25.09875000
21.68037500
20.92391700
21.05920800
23.31979200
22.24250000
20.77925000
19.84520800
21.29187500
20.45520900
20.03462500
20.99362500
22.63158300
20.88116700
21.15404100
21.85837500
21.41425000
21.43758400
20.64329100
20.08170900
21.41320800
20.51258300
20.01016700
22.78837500
20.51437500
20.48412500
22.12850000
21.80658300
22.10891700
22.96883300
22.99312500
20.92125000
20.75270900
23.40254100
20.32141700
19.39658300
20.47162500
19.27995900
20.18579100
19.64745900
22.46979100
19.51312500
19.91308400
19.63104100
20.59300000
19.02487500
19.42195900
19.42479100
20.73225000
19.05204200
19.75520800
19.96500000
21.78683400
19.37150000
20.45758300
21.71783300
22.27300000
20.38983400
21.24375000
20.48620800
21.79433300
20.79629200
21.32654200
21.07912500
21.62545800
20.43808300
21.45991700
20.35450000
22.62412500
20.84475000
20.38012500
19.78904200
22.60429100
20.42887500
20.60308400
20.23850000
20.97700000
20.58879100
20.88562500
21.34083400
21.52433300
22.96562500
23.76987500
21.66012500
23.16729200
22.41350000
20.69479100
21.03229200
22.40704200
22.97912500
21.88641600
20.88162500
22.22587500
21.22304200
21.37695800
22.86837500
21.60695900
20.95345800
21.65820800
22.77954200
22.69741700
21.76929100
21.10616700
22.32700000
24.93412500
24.49050000
32.32079200
38.23100000
27.51262500
22.98725000
27.96004100
41.66966700
34.49762500
24.33512500
25.56745800
25.46145900
25.97679100
23.57341700
22.63925000
22.87833300
25.30516700
23.06012500
23.45120800
22.62295900
23.01258300
22.13870800
22.46458400
20.37987500
22.29108300
21.55350000
21.24250000
22.02975000
22.09166700
20.73708300
21.76487500
20.32691700
21.62229100
20.86404200
21.91554200
21.60320800
22.33166700
22.73654100
21.99400000
22.94941700
21.00354200
21.51591600
22.06987500
20.73370900
22.76550000
21.24700000
21.08812500
20.78783300
22.77529200
22.33762500
20.77150000
21.62795800
21.93554200
20.63508300
23.66208300
21.35854200
22.10966700
21.97758300
22.15754200
21.14150000
22.10054100
20.93833400
23.21858300
21.92737500
23.35629200
21.65395800
21.03854200
22.58850000
22.21616600
21.25854200
21.45595800
20.17675000
20.33516700
20.79966700
20.59783300
22.60195800
23.12004200
21.69829200
21.42008300
21.32670800
23.50237500
20.47370900
22.22875000
20.72354100
20.06141700
1.39741700
1323.52262500
11.03954100
20.99195900
14.75379100
18.69108400
15.58916600
17.70558400
14.64591600
17.99958400
13.95850000
18.32808300
14.31291700
19.02166600
14.07658400
19.79666600
15.87275000
22.19966700
14.72808300
17.65908400
14.46220800
18.15079200
13.94454100
18.12708400
13.77945800
17.83637500
13.86741700
19.41095800
13.74783300
19.54950000
13.78020900
19.82720800
13.55520800
19.70887500
13.73620900
19.54433300
13.76258300
20.04295900
13.77345800
19.60041700
13.36787500
19.67295800
14.42037500
20.67062500
14.77879200
18.15641600
13.51170900
18.98362500
13.18991600
20.05612500
14.08191700
19.34475000
13.42941700
20.10600000
13.09058300
20.40991700
12.96375000
20.58254100
12.80887500
20.26591700
13.06166700
20.63437500
13.25266600
20.21666700
13.25633300
21.27791700
13.75404200
20.08045800
12.67483300
18.53495900
13.28479100
20.13079200
13.28720800
20.23683400
12.94416600
20.48825000
12.88287500
20.42287500
12.96775000
20.30941700
13.05029200
20.72804100
12.63358400
20.75837500
12.95779100
20.28583400
12.71658300
20.50962500
12.87591700
20.67666600
12.81900000
20.63804200
13.34029200
19.67575000
12.93491600
20.53220900
12.90945800
20.76500000
12.52029200
20.61745800
12.75354200
19.42125000
13.94462500
19.65137500
13.72500000
19.41245800
13.97533300
19.46720900
13.87762500
19.66733300
13.71445800
19.48891700
13.89937500
20.92608300
14.02462500
18.28570900
13.45008300
20.35412500
13.05575000
20.31875000
13.00716700
20.17091600
13.21683400
20.43783300
12.90220800
20.55725000
12.81887500
20.19595900
15.02770800
18.90833300
13.42995900
19.72016600
13.00583400
20.38845800
12.78408300
20.27287500
13.11116700
22.55083300
11.64333400
22.44925000
10.07004100
23.58770900
9.88787500
23.75654100
9.66550000
21.46662500
11.93900000
20.92900000
12.27179200
21.30912500
12.03066700
21.08187500
12.34241600
20.93716700
12.38091700
20.69283300
12.70141700
21.10720800
12.21337500
20.66104200
12.71583300
20.74216700
12.62712500
20.95541600
12.39708400
21.42712500
12.33362500
20.68908300
12.53170800
21.04675000
12.07500000
20.17654200
13.18012500
20.53204200
12.83716600
20.12695900
13.79208300
20.42791700
12.39662500
20.50291600
12.86254200
20.17833300
13.18341700
19.87500000
13.47983300
20.21625000
13.15595900
20.36750000
12.99812500
20.32866600
13.03662500
20.24533400
13.12041600
20.06620900
13.30262500
20.01108300
13.36920800
19.89320900
13.50016600
20.55808400
12.78200000
20.70879100
12.65487500
20.71670900
12.68083300
21.37383300
11.96662500
20.27462500
13.08908400
20.73508300
12.68008300
20.37916700
12.98895800
20.17516700
13.15175000
20.38595800
12.97525000
20.49325000
12.90495900
20.31591600
13.14816700
20.59745800
12.63866700
20.61395800
12.78804200
20.63987500
12.71387500
21.49725000
11.93195800
20.36270900
12.91895800
20.33525000
13.07375000
20.61391700
12.74862500
20.60054100
12.79216700
21.59383300
11.79933400
20.64291600
12.72062500
21.02983400
12.35529100
20.34312500
12.91733400
20.20791600
13.20783400
20.28912500
13.07341600
20.27825000
13.05545900
20.28862500
13.11162500
20.37804100
12.96633400
20.38704100
12.96291700
20.23879200
13.13158300
20.26700000
13.13979200
20.36116600
12.97662500
20.47312500
12.91212500
22.17987500
11.15575000
21.31087500
12.08058400
21.23075000
12.17016600
21.52612500
11.81729200
20.93383300
12.38012500
21.13779200
12.26291700
21.06550000
12.30404100
21.49962500
11.84575000
21.69683400
11.74616600
21.39962500
11.90104200
21.90091700
11.53754100
21.29145900
12.01920800
22.20808300
11.17508400
21.61020800
11.70270800
21.42945900
12.49812500
22.12987500
10.78945800
22.40729200
12.04779100
34.29216700
8.31933300
31.55545900
14.13966600
32.54995900
10.02329100
21.93916700
8.14320800
23.39445900
8.54845800
23.60958300
8.08516700
38.51950000
8.82733300
25.85129200
7.57450000
22.16845800
7.30937500
22.52995900
7.31191600
20.89141700
7.11466700
22.40500000
7.11775000
22.48645800
7.46875000
22.51587500
7.05816700
24.50912500
7.87495800
27.38104200
9.78504100
23.87558400
8.14408300
23.35162500
7.22133300
23.10108400
6.90354100
23.24983400
6.85308300
22.82400000
6.70291700
22.89037500
7.30241600
23.04095900
9.58058300
23.04433300
10.32158400
22.38625000
11.03358300
22.57825000
10.64875000
22.40579200
11.03029100
22.83679200
10.46766700
22.61658300
10.73166700
22.26695800
11.46945800
23.75308400
9.40658300
22.47908300
10.79412500
22.84891700
10.75016700
24.07620800
9.11033300
22.65941700
10.59920800
23.63329200
9.79004200
23.44825000
9.97125000
23.55945800
9.70595800
22.67558400
10.80429100
22.61929200
10.61820800
22.44704200
10.91100000
23.12550000
10.23987500
24.51887500
8.84316700
23.81900000
9.54725000
22.60716600
10.77391700
22.75320800
10.61608400
22.53604100
10.86275000
22.49225000
10.87720900
22.44900000
10.90666600
22.55887500
10.81512500
22.79150000
10.53645900
24.03766600
9.33616700
24.22820800
9.17154200
20.53287500
12.82679200
20.75883300
12.59258300
21.27625000
12.06158400
21.17112500
12.21312500
20.58237500
12.77583300
22.48537500
10.95100000
22.21012500
11.22137500
22.22025000
11.01908300
25.41233400
8.13541600
24.83675000
8.33708400
23.57583300
9.78254200
22.96333300
10.41366700
23.40483300
9.99695800
22.85929200
10.46620800
22.42233400
11.17983300
22.88795800
10.22283400
20.64658300
12.73875000
20.78229200
12.93683300
20.76516700
12.53979100
21.11454200
12.35058300
20.56254200
12.73841700
21.25737500
12.04645800
20.79154200
12.66750000
20.90445800
12.34162500
20.79941700
12.60162500
19.10458300
13.98766700
18.93941600
14.87070900
18.96879100
14.37475000
18.89350000
14.43658400
18.92150000
14.46458300
18.88479200
14.42620800
18.59654200
14.47716600
20.08525000
13.77666700
19.56341700
13.32245800
19.34045800
14.00858400
19.58500000
13.80391600
19.56070900
14.38708300
19.42491700
13.74029100
20.30545900
13.29366600
19.49091700
13.63754200
19.58366600
13.79733400
19.45566600
14.03341700
19.10500000
14.30291700
19.19125000
14.01366600
18.94383400
13.98158300
19.11083300
14.83225000
19.30129200
13.94520800
18.95641700
14.44141700
19.06804100
14.25508400
19.53358300
13.82829200
18.85216600
14.05783400
18.90404100
14.46112500
19.70241700
14.08216700
19.03016600
13.91925000
19.29445900
14.14333300
21.80937500
11.80070800
22.31075000
10.75779200
21.85408300
11.61033400
22.57479100
10.67987500
22.54312500
10.83716700
22.17650000
11.84895800
22.19766700
10.61725000
23.35050000
9.91220800
22.76337500
10.60579200
22.60741700
10.77720800
22.02941700
11.77762500
23.68775000
9.28995800
22.62529200
10.81383300
22.21241700
11.14620800
22.04533300
11.59504200
22.30837500
10.87895800
22.75204200
10.44829200
22.74075000
10.54633300
22.85995800
10.87608400
23.46516600
9.56079200
23.12829200
10.59975000
23.10441600
10.00595900
23.63237500
10.00750000
23.30420800
10.03158300
24.99458400
8.00770800
23.95308300
9.59262500
23.17583400
10.09008300
22.93970800
10.61120900
23.12295800
10.02850000
23.17716700
10.15937500
22.94037500
10.39604100
22.77912500
11.06320900
23.27616600
9.92558400
23.32733300
10.21620800
23.10345900
10.21695800
22.87466700
10.06854100
22.84829200
10.50470800
23.14937500
10.65233400
23.23520800
10.06429200
22.88900000
10.37487500
23.10245800
10.39087500
22.96387500
10.50808300
23.02358400
9.86183300
23.32975000
10.45008300
23.23854200
9.85120800
23.65425000
9.76129200
22.22325000
11.00979200
23.07370800
10.22587500
22.90941700
10.82945800
23.24729200
9.96508300
22.27379200
11.24295800
22.09320800
10.90595900
22.52608300
11.33575000
22.86883300
10.34183400
22.98758300
10.44733300
22.99937500
9.96533400
22.24225000
11.15454100
22.61887500
10.71858400
22.40662500
11.04341600
22.59212500
10.67954200
22.62958300
11.30854200
22.50575000
10.27704200
21.45783300
12.03258300
22.13037500
11.81758400
22.26058300
10.91533300
22.52708400
11.08962500
21.28958300
12.00237500
20.46650000
13.08475000
20.63695800
12.28208400
20.80183300
12.87529200
20.35975000
12.66858300
20.36550000
13.58920800
20.13970900
13.16470800
20.04604200
13.49129100
20.08883400
13.35137500
21.11641600
12.31395900
21.07683300
11.66895800
20.98641700
12.53762500
20.95700000
12.70716700
20.80079100
12.53741700
20.77608300
12.76704200
20.63804200
12.89820800
21.54250000
11.06050000
21.43129200
12.11612500
21.14300000
12.33504100
20.81137500
12.92675000
21.03279200
12.19758300
20.67258400
12.31037500
21.46445800
12.38920800
20.41900000
13.14083400
20.51745800
12.80175000
20.32591700
13.28270800
19.29041700
13.96708300
20.65816700
11.87579100
19.48325000
14.03933400
19.80650000
14.25262500
19.21629100
14.16362500
19.17612500
14.27695900
19.36704100
13.38400000
19.65125000
13.83858400
20.69916600
19.24783400
8.95491600
17.97891700
21.24204200
19.16783300
9.32745800
18.82120900
14.97045800
19.42908300
13.91858400
19.23483300
14.05183300
19.57837500
13.94508400
19.29770800
14.06512500
19.70754200
13.39366600
19.25437500
13.87845900
19.54283300
14.15329200
19.33725000
13.69841600
19.43558400
14.41487500
19.46358300
13.98100000
18.99933300
14.36179200
19.38945800
14.00050000
19.67979200
13.69929200
18.69558300
14.84241700
18.84750000
14.35454100
18.57891700
14.88054200
18.77287500
14.59445800
18.79087500
14.58441700
18.74650000
14.03941600
18.73737500
15.15320900
18.22920800
15.12150000
18.86291700
14.67975000
18.51604100
14.70675000
18.58916700
14.93166700
18.57041600
14.65241700
18.70933300
14.67391700
18.95591700
14.41675000
19.08520800
14.17466700
18.99537500
14.50054100
18.80391700
14.59312500
18.84045800
14.26400000
18.73637500
14.34300000
18.95287500
14.84795900
19.80275000
12.85129100
18.98620900
15.17766600
19.14170900
14.10783300
18.57433300
14.85641700
19.30458300
13.91670900
18.76008300
14.55429200
18.47362500
15.06316600
18.98570900
14.27866600
18.57262500
14.87908400
19.01925000
13.61804100
18.61170900
15.57512500
19.38845800
13.77108300
18.54933400
14.82733300
18.86358300
14.50866700
18.75225000
14.58216700
18.75666600
14.66545900
18.91062500
13.88054100
18.63491700
15.39529200
18.96487500
14.24550000
18.82608300
14.64291700
18.85012500
14.42487500
18.86029100
14.52541700
18.62166700
14.09525000
19.46625000
14.58795800
19.13391700
14.18770800
18.44083300
14.90550000
18.82945900
14.07129100
18.78616700
15.11008300
18.78675000
14.14275000
18.94737500
15.32625000
16.29004200
16.80754200
15.42420800
17.83233300
15.39862500
17.99900000
15.30983400
18.03587500
15.36908300
17.47862500
15.61300000
18.33979200
15.44641600
17.40554200
15.54095800
18.08454200
16.74070800
16.78229200
17.11295800
16.19487500
16.69625000
16.62250000
16.63187500
16.92645900
16.69170800
16.52466700
16.67729100
16.83754200
16.16900000
16.61687500
17.08341700
16.81733300
16.84533300
16.73716700
17.65550000
15.37016700
18.50329100
14.87029200
20.51287500
12.75704200
19.52937500
13.73137500
20.13258300
13.26908300
19.49116700
13.94395800
18.95141700
14.19983300
18.94366700
14.62658300
18.56333400
14.78133300
18.59783300
14.70933400
18.56975000
14.88404100
18.78179200
14.23229200
18.74841600
14.56508400
18.66954100
14.65145900
18.36258300
15.39070800
18.47891700
14.37129200
18.20175000
15.78450000
18.83458300
13.93991700
19.30679100
14.55741700
18.33645800
15.11950000
17.96812500
15.26420900
19.62183300
15.02600000
30.09720800
8.18954200
32.98933300
5.30016700
21.34954200
3.56266600
20.43816700
10.45741700
20.44425000
12.92487500
20.39541600
12.51608400
19.85658300
13.47112500
19.87666700
13.38016600
19.61225000
13.82091700
19.34370800
14.53045900
19.53004100
13.02395900
18.84854100
15.44433400
15.15050000
18.27025000
15.08525000
18.61829100
14.73516700
18.65745800
14.71887500
18.24179200
15.11687500
18.34270800
15.05604200
18.76379200
14.57375000
18.65350000
14.97987500
18.40683300
14.72487500
18.16191700
15.19545800
18.51237500
14.82979200
17.89162500
20.11129100
12.79975000
20.12483400
13.68195800
20.30804200
13.11950000
20.18220800
12.65466700
20.43325000
13.45112500
20.25625000
13.37212500
17.57491600
15.38637500
16.87458400
16.94616600
16.50495900
16.86025000
18.27004100
15.10929200
16.57620800
16.77195900
17.46541600
15.88400000
17.37679200
16.06620800
17.46758400
15.78862500
16.67408300
16.76433300
17.42637500
15.81920900
19.86833300
13.40929200
20.23641600
13.03912500
20.31604200
12.47200000
20.76179200
13.19079100
20.43733400
12.23095800
20.55383300
13.47120900
20.84733300
11.89662500
20.66037500
13.36341700
20.93379100
12.38891700
20.77187500
12.05008300
20.20133400
13.26991600
19.98616700
13.41741700
20.02841600
14.02237500
19.62333400
13.68804100
19.92325000
12.74787500
20.24262500
13.68404200
20.20300000
13.08445800
19.84325000
13.00383400
20.35787500
13.56770800
20.12600000
13.26895800
19.77783400
13.52750000
20.29387500
12.66612500
20.08637500
13.93683300
19.82679200
13.47375000
21.26275000
13.00725000
21.64658300
10.52979200
21.49487500
11.95200000
20.42750000
12.38620800
20.33187500
13.70429200
20.37570800
12.29879200
20.82666600
13.15466700
20.06195800
13.40241700
20.07987500
13.17195800
20.02900000
13.70275000
19.82833400
13.21841600
19.60383400
14.07975000
20.15504100
12.64645900
19.79933300
13.30520800
20.14645900
13.65066600
20.44483400
13.04520800
20.60137500
12.24191700
20.31950000
12.95187500
19.57083300
13.83683300
19.96679200
14.28837500
21.14466700
11.83475000
19.18479100
14.33070900
18.88712500
13.67504100
19.03529200
15.21600000
18.50725000
14.56250000
19.15116700
14.26795800
16.82887500
16.57675000
16.78850000
16.59120800
17.27429200
15.55995800
16.89304200
16.58929200
16.64133300
17.14545800
16.89487500
16.61000000
17.00954200
16.26158300
17.03300000
16.28745900
17.39862500
16.01579100
17.30179200
16.01875000
16.89087500
16.47904200
18.36283300
15.16312500
17.93412500
15.32354200
17.87950000
15.54683300
18.07266700
15.32604100
17.65045900
15.30066600
18.05137500
15.88437500
18.04562500
15.34883400
17.66112500
14.90295800
17.96825000
16.04250000
18.18087500
14.48629200
18.74816600
15.38425000
18.31662500
14.93758400
18.56470800
14.70537500
18.45670800
14.47541700
18.53550000
14.89370800
18.41108400
14.96720800
18.76412500
15.24895800
18.29845900
14.99654100
17.94104200
14.82750000
18.37491700
15.59804100
18.46954200
14.40012500
18.24295800
14.94375000
18.64691700
14.72375000
18.40737500
15.46366700
19.30354100
14.35525000
18.34200000
15.21312500
18.29937500
14.80970900
17.92183300
15.30345800
17.64800000
15.93545900
17.58000000
15.77608300
17.31275000
15.89650000
17.82929200
15.75570800
18.39750000
14.81004200
18.37258300
15.01608300
18.59691700
15.19629200
19.15250000
13.85337500
19.00925000
14.61754100
18.01262500
15.08987500
18.64200000
14.72670900
18.82883300
13.96908300
18.63408400
15.26708300
18.57466700
14.76754100
18.83550000
14.04354200
18.35145800
15.66154200
18.53966700
14.74837500
18.72316600
14.07187500
18.43229200
14.89862500
18.87825000
15.16083300
18.41958400
14.96612500
18.32241600
14.87229200
19.26025000
14.14966700
18.64191600
14.93879200
18.27475000
14.32700000
18.58737500
15.60950000
18.54470800
14.66379200
18.25812500
14.99516700
18.61070800
14.53933300
18.67258400
14.90383300
18.50758300
14.55320900
18.62445800
14.59908300
18.77420900
15.03704100
18.59108400
14.94783300
18.35025000
14.64650000
18.41662500
14.67616700
18.27583300
15.72504200
18.17337500
14.38616600
18.03650000
16.03408400
18.11837500
14.54812500
17.97850000
15.58929100
18.14441700
15.97670800
18.27995900
15.00212500
18.24250000
14.98883300
18.53775000
14.84466700
18.29054100
14.96812500
18.36850000
14.38870900
18.52870800
15.44433300
18.33695900
15.17845800
18.02008300
15.17108400
18.07679100
15.48133400
18.05175000
14.72716600
18.18062500
15.07325000
18.09916700
15.82079200
18.09958300
15.48612500
17.86750000
14.62800000
17.72508300
16.33208400
17.76779100
15.11362500
17.43775000
15.82070900
17.15112500
16.72766600
17.63208400
15.44141600
17.84775000
15.52375000
17.37408400
16.07466600
16.92758400
16.77791600
16.93258400
16.53650000
16.66054100
16.55783400
16.84812500
15.90604100
16.43158400
17.59137500
16.51550000
16.49420800
16.54633300
17.23037500
16.65708400
16.65554100
16.33716700
16.98095800
16.60320900
16.67279100
16.58495900
16.85154100
16.55383400
16.38045800
16.62445800
16.50362500
16.54920900
17.06195800
16.29362500
16.83558300
16.66058400
17.53512500
17.44320800
15.95062500
17.42337500
15.96304200
17.47804100
15.75641700
17.66925000
15.79258300
17.69800000
15.70275000
17.74441700
15.24433300
18.01975000
15.71812500
18.04633400
15.21883300
18.16554200
15.30670800
18.22383300
14.75341700
18.48850000
14.90725000
18.62475000
15.04387500
19.08312500
14.10837500
19.33995800
13.68520900
19.56575000
13.66570800
19.87775000
13.44395800
19.82520900
14.08637500
19.81970800
13.79662500
19.74604200
12.77558300
19.52695800
14.43050000
19.95141700
13.53608300
21.45279200
11.99495800
20.14016700
12.51625000
19.65600000
14.21762500
20.09787500
13.16925000
20.22204200
13.17533300
20.05079200
13.27854100
20.03825000
13.28100000
20.11700000
13.31420900
20.15512500
13.15458300
20.39525000
13.05808300
20.79945900
11.89220800
20.53741700
13.39283300
19.90791700
12.87445800
20.17616700
13.92795800
20.39629200
12.19320800
20.40537500
13.07945800
20.38375000
13.49604200
20.39600000
12.66970800
20.37337500
13.68016700
16.41975000
16.46700000
16.62695800
17.02308400
16.98583300
16.38087500
17.25004200
16.18725000
17.73612500
14.99283300
17.62870800
16.32620900
16.95233300
16.37366700
17.39179100
15.92341700
17.97462500
15.49416700
17.83062500
15.59779100
17.78183400
15.58700000
17.76279100
15.55266700
17.18412500
15.66445800
17.24562500
16.64654200
16.92133300
16.50020900
16.83375000
16.59891600
17.31983400
15.99283300
17.19708300
16.16379200
17.15145800
16.08441700
17.61033300
15.66804200
17.37300000
16.05470800
17.47395900
15.45270800
18.19066700
15.76445800
17.09795800
16.15370900
18.41808300
14.94666700
18.37850000
14.31887500
18.89216600
14.51170900
17.98520800
16.12245800
17.65683400
15.56787500
18.86054100
13.87900000
18.07837500
15.48395900
17.98545800
15.66241700
18.25516600
14.68266700
18.59495800
15.36554200
17.14695800
16.14466700
17.49641700
15.79733300
18.35383300
14.94483400
20.18570800
13.16095800
19.43087500
14.05175000
18.71700000
14.00691700
18.28491700
15.93925000
17.93895800
14.90108300
16.74950000
16.28600000
16.45325000
17.33950000
16.33525000
16.91991700
16.44679200
17.24504100
15.88591700
17.51258300
16.55595900
16.90175000
16.80575000
16.34629100
16.83525000
16.23883400
17.43066600
15.87250000
17.65179200
16.20891700
17.46158300
15.41616700
17.76054100
16.23145900
17.86020800
15.52862500
17.98004200
15.37358300
18.22350000
15.14275000
17.60691700
15.74525000
17.53408300
15.88041700
18.36095800
14.95441700
17.69795800
15.79229200
18.62325000
14.33950000
19.43995800
14.17033300
24.44045900
8.34908300
19.37112500
14.63991700
19.68916600
13.66295900
17.81366600
15.59529200
17.44620800
15.34891700
16.56862500
17.60375000
16.62129200
15.83312500
16.50558300
16.99095800
16.11716700
17.56483300
17.73420900
15.63520800
17.61000000
15.69370800
17.52750000
15.90337500
17.52595900
15.49816600
17.57908400
16.06766600
17.45137500
15.93462500
17.64450000
15.80329200
17.36008300
16.11141700
18.37929200
14.94041600
18.35633400
14.98508300
18.40250000
14.39233300
18.24216700
15.76291700
18.46891600
14.93783400
18.23708300
15.02495800
18.00200000
15.38508400
18.41041600
14.61166700
17.65758300
15.24495900
18.24437500
15.82245800
19.81708300
13.64220900
19.12995800
14.13333300
19.67216700
13.65387500
19.66554200
13.06150000
18.97341600
15.08366700
19.24816700
13.50483300
19.56991700
13.87345800
19.46358300
13.88620900
19.53550000
14.44329100
19.79362500
12.96566700
19.52066700
14.29916600
19.74100000
13.61912500
19.70987500
13.73808400
19.31795800
14.14250000
19.06983300
14.32500000
19.44650000
13.85958400
19.48279100
13.75337500
19.75495900
13.69241600
19.53470900
13.83387500
19.43258300
13.99612500
19.46400000
13.46583300
18.91762500
14.34141700
18.70550000
14.99016700
18.94329100
14.73758400
18.83691600
14.38958400
18.96458300
14.55804200
18.59608300
14.75016700
18.99154100
14.34254200
18.50658300
14.88512500
18.98620900
14.35395800
19.10775000
13.65391700
19.24004100
14.82762500
18.88137500
14.06300000
20.66704200
13.34941700
20.37175000
11.96075000
19.32400000
14.75045800
19.62258300
13.80708400
19.73720800
13.58016700
19.90150000
13.37450000
19.79779100
13.66012500
19.84133400
13.37591600
19.44529200
14.03245800
20.48991700
12.77854200
19.42166600
13.99441700
19.85595800
12.95320900
19.53570800
14.33866700
20.16408300
13.19687500
20.31570800
12.43250000
19.92850000
14.15579200
20.17333300
13.10591700
19.54891700
13.28725000
19.34087500
14.63008300
19.80600000
13.51379200
19.59487500
13.76700000
19.39629100
13.94175000
19.73245900
13.56729100
19.74383400
13.65804100
19.17412500
14.43045900
21.71983300
19.46379200
7.81954100
19.19054200
14.85375000
20.20487500
12.55995800
19.28079200
14.76741700
19.39250000
13.95091600
19.17462500
13.79945900
19.06604100
14.26025000
18.87475000
14.46416700
18.35675000
15.61437500
18.74529200
14.65379100
18.97241700
14.33454200
18.49579100
14.81583400
19.30979100
13.54862500
18.34720900
15.50508300
18.26570800
15.49883400
18.22125000
15.01033300
18.72050000
14.41975000
17.83983300
15.40466700
18.13791700
15.18791600
18.39925000
15.08004200
18.23129200
15.07075000
17.94600000
15.74279100
17.06241700
16.09600000
16.73362500
16.68195800
16.60491700
16.73491700
17.08537500
16.21866600
17.80604200
15.64083300
18.65645900
14.54450000
17.99450000
15.61933300
17.90016700
15.66279100
17.59508400
15.27100000
18.80170800
14.34220800
18.87670900
14.70291600
19.06083400
14.23458300
19.49195800
13.85604200
19.36958300
14.02679200
19.32691700
14.08304100
19.61195900
13.11562500
20.03954100
13.95558400
19.52062500
13.16116600
20.50308400
13.68833300
21.38225000
11.84500000
19.87254200
12.83404100
19.86637500
14.14287500
19.83629200
13.57066700
19.79004100
13.50150000
19.91362500
13.52329200
19.86400000
13.37270800
19.63633400
13.75645800
19.81341700
13.02116600
19.89758400
13.44783300
19.47620800
14.40041700
19.55262500
13.26037500
19.45741700
14.54304100
19.68325000
13.67879200
19.59383300
13.21537500
19.69895900
13.68675000
19.55262500
14.35075000
19.65687500
13.87258300
19.76287500
13.43866700
19.75179100
13.57312500
19.60275000
13.67954200
19.70025000
13.75433300
19.87208400
13.05300000
19.81425000
14.00479100
19.80512500
13.56629200
19.98141700
13.34662500
20.05954100
12.78870900
20.61866600
12.82187500
20.46725000
13.45100000
19.69887500
13.63745900
20.04125000
12.74295800
19.76158300
14.17262500
19.67312500
13.11562500
19.77700000
13.60900000
19.88479200
14.06095800
19.83250000
13.48945900
19.75958300
13.05383300
19.69912500
14.07762500
19.71654200
13.78291700
19.83404100
13.57845900
19.95475000
12.95854100
19.75279200
14.07625000
19.87825000
13.45691700
20.03825000
13.23750000
20.17141600
13.22158400
19.81004100
12.97804200
20.03625000
13.59662500
19.82395800
13.30004200
19.88000000
14.07408300
19.50291700
13.87600000
20.11562500
13.25225000
20.17016700
13.21008300
20.02137500
13.34666700
20.48416600
12.68541700
20.01708300
13.88145900
20.46275000
12.53166600
20.26320900
12.54312500
19.62200000
14.29254100
19.70004200
13.69100000
19.53575000
13.51062500
19.74041700
13.99320800
20.19658300
13.10600000
20.30220900
13.48162500
19.96191600
13.32962500
20.34179200
12.36158300
20.42779200
12.66116700
19.85362500
14.14520800
19.85870800
13.25083400
20.18341600
13.59525000
19.87887500
13.30687500
20.26616700
13.01604200
20.16670800
13.85537500
20.10162500
13.05845800
20.10333400
12.85862500
20.11579100
13.31541700
20.56312500
12.49045800
20.63033400
13.39158300
76.30029200
8.23683300
23.99666700
2.80120800
19.96845800
2.53395900
20.46220800
2.94991700
21.39770800
2.86308300
19.37491700
2.68308300
19.34975000
10.45858400
19.30387500
13.60608300
19.22887500
14.17262500
19.13925000
14.09758300
19.04941700
15.07070800
19.36104200
14.09575000
19.33558300
13.21541700
19.17937500
14.74737500
18.90145800
14.73220900
19.31720800
13.22058300
19.33133400
14.07087500
18.96004100
14.34945900
18.91104100
14.51520900
19.41170800
14.69579200
19.43270800
13.86045800
19.24104200
16.26854200
23.85766600
6.91095900
20.96650000
12.81858300
20.50970800
13.25083400
20.37458300
12.18000000
20.35391700
13.44295800
20.46683300
12.94925000
20.64554200
12.66041700
20.71495800
12.82629200
22.98779100
12.76187500
21.34095900
9.63641600
25.25529200
7.68570800
20.52279200
13.30154200
21.09729100
12.19479200
20.62512500
12.42412500
20.07520800
13.56825000
19.64720900
13.35725000
19.86733300
13.92925000
19.64212500
13.62941700
19.66337500
13.20829100
19.50462500
14.16825000
19.22625000
13.82758400
19.05491600
14.50883400
20.11920800
13.75008300
19.88616700
12.62808300
19.93670900
14.22200000
19.93050000
12.71041600
20.31270900
13.68166600
19.80579200
13.08816700
19.93779100
13.35370900
19.74966600
13.76945900
19.55187500
14.27754100
19.94508400
12.86854100
19.75808400
13.68733300
19.44870800
14.40062500
19.63720900
13.06041600
19.51241700
13.86420800
19.65804200
13.72629200
19.58433300
14.36191700
19.63629100
13.06216700
19.59754200
13.96112500
19.85300000
13.40904100
19.40300000
14.07058400
19.02929100
14.92133400
19.18100000
14.57637500
18.40420800
14.91850000
17.54779200
15.13091600
17.64295900
16.42083300
17.06437500
15.64787500
16.99379200
17.01591600
16.99870900
15.84020800
17.42729200
16.53095800
16.84879200
16.46033300
16.67170800
16.72183400
17.06170800
15.94100000
16.91387500
16.73308300
16.98475000
15.67204200
16.56991700
17.35579100
17.36525000
15.58354200
17.15820800
16.68000000
17.06908400
16.41766600
17.02245900
16.30783300
16.73795800
16.71104200
17.19216700
15.43966600
18.09662500
15.42179200
17.07262500
16.18508300
17.14520900
16.79300000
17.11720800
16.38716700
17.42966600
16.33916700
19.60625000
12.84787500
18.61937500
15.17345800
16.59816700
16.51233300
16.03258400
16.62054100
20.31979200
12.97495800
19.88308400
14.71295800
26.60379200
7.86904100
22.86625000
8.11312500
21.33283400
12.76866600
20.48879200
12.75220800
20.82304200
12.09537500
19.98612500
13.81025000
20.10562500
12.94879200
21.10050000
12.77504100
20.76875000
11.97441700
19.94666700
13.90291600
20.03762500
12.86000000
20.34262500
13.49029200
19.94670800
12.96650000
19.93858400
13.90920800
20.24050000
13.18737500
19.52554200
13.68466600
20.25095900
12.77666600
20.65237500
12.62695900
20.83220800
12.70920800
20.97320900
12.86295800
20.11529200
13.09595800
20.61112500
12.96391700
23.15541600
9.79012500
21.97633400
10.94541600
19.87441700
14.12479200
22.61041600
10.65929200
19.48870800
13.98766700
19.16908300
14.10708400
19.06787500
13.78300000
19.61837500
14.24412500
19.50500000
13.91083300
18.83216700
14.70512500
19.14908300
13.95204200
18.89687500
13.99291600
19.16429200
15.11095800
19.05804200
14.03975000
18.90766700
14.50091600
19.89379200
13.68733300
19.41312500
13.20579200
19.86662500
14.06041700
19.57283300
13.93145800
19.64870900
13.59995800
19.50150000
13.34554200
19.74120800
13.81333300
20.06029200
13.13395800
19.98458400
13.33925000
19.35695800
14.54625000
19.69520800
13.27454200
18.98929200
14.32075000
19.05941600
14.76300000
19.36895900
13.96812500
19.27575000
14.06583300
19.43250000
13.45416700
19.98979100
14.05833400
20.53316600
12.71462500
19.57408400
13.71920800
19.15841700
13.80695800
19.59600000
13.67916700
19.44770800
14.42412500
19.63262500
13.73670800
19.71070900
13.09200000
19.62350000
13.86858300
19.02483300
14.72087500
19.46545900
13.33079100
19.37579200
14.11587500
19.82658300
14.10783400
19.25354100
14.07479200
19.29583300
13.49508400
19.02287500
14.89129100
19.48808400
13.89133300
19.35220800
14.04062500
19.07941700
14.32370800
19.34533400
14.01658300
19.29625000
13.89587500
18.85595800
14.00004200
18.79525000
15.28433300
19.12087500
14.16495900
18.92166600
14.52512500
19.06804200
13.74441700
19.05825000
14.79225000
19.36829100
13.97487500
19.30095900
14.01575000
20.04866600
12.80433400
19.85420800
13.29591700
19.66512500
14.44208300
19.67862500
13.13566700
19.74716600
13.73050000
19.39912500
13.92129200
19.54100000
13.90316700
19.46700000
14.45641600
18.87954200
13.96016700
18.94604100
14.42254200
18.81433300
15.07091700
18.51000000
14.16016700
18.90058300
14.61600000
18.33125000
15.54987500
18.38445800
14.71275000
18.48741700
14.66112500
18.60616700
15.14366600
18.45995900
14.88433300
18.53966700
14.14866600
18.80550000
14.56116700
18.76108300
15.19045900
18.73879100
14.72454200
18.69712500
14.18295800
18.31662500
15.71820900
18.49266600
14.91787500
19.18616700
14.21683300
19.05195900
13.67795800
18.53058300
14.71641700
18.48608300
14.97062500
18.46750000
14.97691700
18.32045800
15.45800000
18.91354200
14.46362500
18.93854200
14.56612500
19.79879100
14.73854200
19.86333300
12.00233400
19.66504100
13.82854200
19.35787500
13.55612500
19.00020800
15.04575000
18.87470900
14.35775000
19.50962500
13.80450000
19.35208300
13.94841700
19.34195800
13.99812500
19.78479200
13.22712500
19.65258300
14.25908300
19.20041700
13.55650000
19.27754200
14.03179100
20.45891700
13.54483300
19.90670900
13.30604100
19.98887500
13.57075000
19.47100000
13.28658400
19.77070800
14.05020800
19.17091700
14.31650000
19.42029200
14.00958300
19.11016700
13.57395800
19.75016700
14.02629100
19.25841700
14.10833300
19.46645900
14.45945800
26.66233300
5.50825000
20.02462500
13.52362500
20.12179200
13.22545800
20.07616700
13.27800000
19.73212500
13.53566700
19.89404100
14.14895900
20.10916600
13.21300000
19.06400000
13.59833400
19.14770800
14.94787500
19.29800000
13.34429200
19.07775000
15.04041600
19.27525000
13.38504200
19.03220800
14.46216700
19.11637500
14.98041700
19.08712500
13.51741600
19.17266700
14.81137500
18.97283300
14.33075000
19.11533400
14.45962500
19.04254100
13.64125000
18.96079200
14.35916700
18.98691600
14.54070900
19.06070800
14.74566700
18.95695800
14.12700000
19.72537500
14.08416700
19.88675000
13.20808300
19.11600000
13.78941700
18.95000000
14.98516600
20.23400000
13.29508400
19.45004100
13.80358400
18.93283300
15.78587500
21.23475000
10.51095800
24.20250000
11.91520900
33.83658300
4.70066700
22.99062500
3.10462500
19.30141600
13.68470900
19.52716600
13.90879200
19.51425000
13.90750000
18.92354200
18.56354100
19.03116700
18.47945800
19.95166700
18.47070800
18.64854200
18.78366700
18.93666600
18.74979200
18.53808300
18.14595900
18.39800000
19.27437500
19.43170800
19.70108300
19.29433400
19.10920800
18.75991700
18.72295800
18.87683300
18.70958400
19.14866600
18.55758400
22.11929100
18.89954200
20.71258300
20.35941700
22.38991700
23.68604100
21.64483400
19.66483300
20.32816700
20.65004100
20.52870900
19.28875000
20.09662500
19.88220800
19.25458300
19.19629200
19.57395800
19.73487500
20.30570900
19.18729100
19.38450000
19.79350000
23.54820900
20.08408300
21.97820800
21.03666700
20.77983300
20.84495900
18.98629100
19.54066700
19.57529200
19.11858300
19.06487500
20.15150000
20.02783300
19.54445900
19.95179100
19.86537500
19.11158400
19.37958300
19.62404200
19.11729100
19.83125000
19.80929200
18.98279200
18.84845800
18.88050000
18.75166700
18.84720800
18.64733300
19.08808400
18.74308300
18.81325000
19.28483300
18.94191700
19.16583300
19.68441700
19.27525000
18.70120800
18.91887500
18.54670900
18.83791600
19.37137500
19.24691700
19.12162500
18.90125000
19.69070800
18.22983400
18.79262500
18.30533300
18.76587500
18.14075000
19.02895800
18.89562500
18.93716700
19.14816700
18.82945800
19.38162500
18.86608300
19.35875000
19.28337500
19.37366700
19.28212500
19.57741700
19.35158300
19.94154200
18.97504100
18.98766700
19.00641700
19.72562500
20.10391600
20.56662500
18.71000000
18.84116700
18.68062500
19.15583300
18.61400000
19.35787500
19.60504200
19.20333300
18.96625000
19.29858400
19.13712500
19.40095800
19.68050000
20.25200000
19.32100000
19.42162500
19.65591700
20.48891600
20.81366700
20.14700000
18.81587500
19.41316700
18.71779100
18.92879200
18.74195800
19.20816700
18.94841700
19.09558300
18.61112500
19.21562500
19.12587500
19.98775000
20.09920800
18.48883400
18.28270800
18.53691700
18.32579100
18.30504200
18.87516700
17.97162500
18.63391600
18.65333400
18.40662500
18.29558300
18.73479200
18.64383300
18.45466700
18.85725000
17.85325000
18.63937500
18.75508300
18.48325000
18.44366700
18.72708300
18.75750000
18.38250000
19.00729200
17.84429100
18.36137500
18.46900000
19.43070900
19.50212500
19.68020800
19.37029200
18.62920800
18.49266700
19.50883300
19.78250000
19.85745800
19.06337500
19.56929200
18.90137500
18.73754200
18.73783300
18.91283300
18.84400000
19.44175000
19.67841700
19.17433300
18.82708400
19.54300000
20.30333300
20.54104200
19.38054100
19.05600000
19.42483400
19.18100000
19.30391600
19.38220900
19.33858300
19.81912500
20.89495800
19.38666700
19.09083300
19.25883400
20.78170800
19.57929200
19.34954100
19.14233400
19.49854100
18.90391700
18.66283300
17.92554200
17.27637500
2.92629200
18.56829100
18.92337500
19.19670900
19.35362500
18.74637500
18.40866600
18.64416700
19.34654200
18.79183300
18.96391700
18.72691600
19.25283400
19.06354100
19.76308400
20.12637500
18.97833300
18.55137500
19.00408300
18.51950000
18.07629200
18.37845800
19.53116700
18.87700000
19.04312500
19.12970800
20.41679200
18.29016700
18.97170800
18.94412500
18.87137500
19.13716700
19.42787500
19.21779100
19.02137500
18.60816700
18.63545800
19.18037500
19.44650000
19.15870900
19.53316600
20.28487500
20.29483400
19.60583300
19.93708300
19.11195900
18.96883300
18.96500000
18.72079200
18.82575000
18.63200000
18.54500000
19.07395800
18.80204200
18.46608300
18.71070800
19.22875000
19.28087500
19.53850000
19.40395900
19.37925000
18.73004100
19.10712500
19.31091700
19.17083300
18.95370900
19.75879100
18.63575000
18.47287500
19.18595900
18.96620800
18.86954200
21.72575000
23.79933300
19.27404200
19.40275000
19.20425000
19.66387500
19.87712500
19.34258300
19.33195800
19.37525000
19.38995900
19.21650000
18.89508300
19.04662500
18.74529200
19.06929100
19.31341700
19.66587500
19.80145800
18.88700000
19.94604200
19.27900000
19.22741700
18.92904100
19.70533400
18.71975000
18.95591600
19.31516700
19.20866700
19.22354100
19.49029200
19.24612500
19.05200000
19.28883300
20.70045900
19.10720800
19.51329200
19.76283300
19.87504200
19.68125000
20.62233300
18.87033300
18.50762500
17.86312500
18.00637500
18.49370900
18.34604100
18.76154200
18.60779200
18.41029100
18.65958400
18.58987500
17.83225000
17.91312500
18.19529100
18.33937500
18.46154200
18.49566700
18.28991600
17.86312500
18.12020900
17.77108300
17.91566700
18.30425000
18.15391600
17.78712500
17.85704200
18.35716700
18.50237500
18.37220800
19.03920800
18.92158400
18.63158300
18.51820800
18.90583400
18.91145800
18.94400000
19.34216700
19.02433300
19.21337500
19.52637500
19.51375000
20.29616700
19.90441600
18.96300000
19.15079200
18.99408300
19.25658400
18.51133300
19.20154200
19.07875000
18.72150000
18.65920800
19.16970800
18.41104200
19.11616700
19.13120800
18.96583300
18.59645900
19.14495800
19.17937500
19.58504200
2.85037500
18.24541600
2.85925000
18.22679200
2.86170800
17.79720900
2.70687500
18.86575000
2.70441600
19.11183400
2.71187500
18.90637500
3.00800000
19.00425000
3.02754100
19.18783400
13.91266600
19.09362500
14.33587500
19.21075000
13.57787500
19.47750000
14.57804200
19.43037500
13.91125000
19.60008300
13.73366700
19.66116700
13.83887500
19.58166600
13.75808400
19.86791600
13.57004200
19.56508300
13.24304200
19.38312500
13.94220800
19.62837500
14.41262500
19.70808400
13.49937500
19.67162500
13.66562500
19.88083300
13.11383300
19.91733400
13.49012500
19.95570800
13.73233300
19.89970900
13.00675000
19.97733300
13.94529200
20.07258300
13.21208300
20.04362500
13.33183400
19.95270800
13.43462500
19.99358300
13.42137500
20.57095900
12.85650000
20.71350000
12.41454100
20.08554200
13.34150000
19.82337500
13.54725000
20.09666700
13.30116600
20.33833400
13.04304100
19.82912500
13.47820900
20.35575000
13.08187500
20.49700000
12.33954100
19.97133400
13.81400000
20.42579100
12.40366700
20.30358300
13.68604200
20.12179200
13.12470800
20.47816700
12.92383300
20.60266700
12.63316600
20.24254200
12.77875000
20.57162500
13.33645800
20.69283400
12.69491600
20.13250000
13.27495900
20.27004100
12.99745900
20.47379100
12.42425000
20.15966700
13.65554200
20.20441600
12.74675000
19.77204200
15.08904200
21.35558300
10.43741700
19.92850000
14.46391600
19.96487500
12.38233400
19.81087500
13.57745800
19.88866700
14.14104100
20.72504200
12.58250000
19.98004200
13.47612500
19.46183300
13.21845800
19.71962500
14.20333400
19.59045800
13.20529200
19.46662500
13.94954100
19.82904200
13.48462500
19.61720800
13.78208400
19.65612500
13.68466600
19.70454200
14.23516700
19.73833300
13.07975000
19.41395800
14.39291700
19.39541700
14.14375000
19.41179100
13.34166700
19.34645800
14.48300000
19.54150000
13.68208400
20.08191600
13.58091700
19.84033300
13.47495900
19.95262500
12.80333300
19.97245800
13.32987500
20.11716700
13.25016700
20.19766600
13.82895900
20.39591600
12.85258400
20.36933300
13.07091700
20.12000000
13.22245800
20.24741700
13.10383300
20.20762500
13.18537500
20.20900000
13.17725000
20.38870800
12.38766700
20.24366700
14.60616600
22.46929200
12.34379200
21.01195800
10.52700000
21.96004200
11.67491600
20.47525000
12.47162500
21.00333400
11.75379100
21.05966700
11.96533300
20.27016700
13.26979200
20.42291600
12.85566700
20.73320800
13.40283400
20.30362500
12.77254100
20.38275000
13.39258400
20.49579100
17.57416700
23.43354200
4.10441600
20.53804200
14.00091700
23.40120800
9.19516700
22.12329100
11.83983400
20.70400000
12.49554100
21.33012500
11.51470900
21.81258300
11.83216700
22.74762500
10.87137500
21.41629100
11.77791700
22.77220800
10.15666700
21.97329200
11.78720800
22.34520800
10.87370900
23.77416600
9.52212500
20.87175000
13.08491700
20.79225000
12.48641700
21.59895800
11.86212500
22.57370800
11.23662500
22.11004200
10.47891700
22.32270800
11.32179200
23.29254100
9.33679200
20.36675000
13.37104200
20.46766600
12.44075000
20.06375000
13.88020900
20.40929100
12.34675000
20.36745900
13.63725000
19.99945800
13.55741700
20.13229100
13.23520900
20.59683300
12.20145800
19.82745900
13.95704100
20.12741700
13.34350000
20.27345800
12.98800000
20.38904200
12.91033300
19.91412500
13.72320900
20.83695800
11.63379200
21.59454100
12.33545900
19.89891600
13.56495900
21.80408300
11.98775000
20.90175000
12.12133300
21.02562500
12.55133400
21.83070800
11.49250000
22.27562500
10.51895800
20.02008400
13.91954100
21.56937500
12.14437500
21.50166700
10.98700000
21.21341700
12.45566600
21.58650000
11.95654200
21.20062500
11.90558300
20.68904200
12.41433300
20.99237500
13.03612500
21.47787500
11.22229200
20.81312500
12.81316700
21.55429100
12.15875000
21.28208400
13.18520800
20.96100000
11.03754200
20.85312500
12.08454100
20.44250000
13.55250000
20.86291700
12.49212500
20.68895800
12.67875000
21.08950000
11.74754200
21.19925000
12.91620800
20.88566700
13.16545800
21.25220900
11.05704100
20.62608400
12.15125000
22.57841600
11.58870900
20.23820800
13.54920800
24.44929200
7.59566700
20.51329100
12.93041700
21.13491700
13.07812500
20.96450000
12.15720800
20.20137500
13.26862500
20.56920800
12.11954200
20.01045800
14.12729200
20.58500000
13.04854200
21.81454100
10.68316700
20.41129200
13.40608300
20.31150000
13.41275000
20.64458300
12.54404200
22.06333300
11.33000000
22.22879200
10.78245800
20.52120900
13.24554100
20.74183400
12.50729100
20.92679200
12.28408300
21.88200000
10.93725000
20.74975000
12.96845900
20.97829100
12.23520900
20.35391600
13.27891700
21.25754200
11.62070800
20.40000000
13.56775000
20.61754200
12.13970800
21.33120800
12.67058400
20.62550000
12.82762500
20.00008300
13.23662500
19.90304200
13.48104100
19.80212500
13.58708400
19.51770800
13.78491700
19.94170800
13.64645800
20.42762500
12.63129200
20.34137500
13.37716700
21.21158300
11.65962500
23.02741700
10.22595800
21.48350000
12.24954200
19.69841600
13.92591700
19.62816700
13.54129100
18.61558400
14.61200000
19.33812500
14.77137500
18.86012500
13.88258300
18.92504200
14.35425000
19.21820800
14.38775000
19.56058300
13.16345900
17.77091600
16.10404200
18.18345800
15.38058400
18.45291600
14.91608400
18.65350000
14.03112500
17.64079100
16.33708400
19.66558300
13.51795800
20.01916700
13.69708300
19.61129200
12.63558300
17.96508400
16.19141600
18.08312500
15.70295900
18.98287500
14.26687500
19.01587500
14.07187500
18.52383300
14.78775000
18.19329200
15.05687500
18.19741600
15.14366700
18.03441700
14.70733300
18.05550000
15.89804200
18.34283300
15.03391700
18.55729100
14.82062500
18.63158400
14.03816600
18.42245900
15.69133300
17.97300000
15.24883300
18.08329200
15.34683300
18.07283400
15.27116600
18.36916700
14.93700000
18.82866700
14.41712500
18.50383300
14.95554200
18.69570800
14.74395800
19.32604200
13.95983300
18.99462500
13.96262500
19.47162500
14.46045900
19.42041600
13.84158400
19.04091600
14.42541700
19.33129200
13.99070800
19.12100000
14.15654200
19.25850000
14.02958300
19.22683300
13.45433400
19.11887500
14.94654100
19.47962500
13.93583400
18.77633300
14.67245800
19.55845900
13.76241600
18.66320900
14.85416600
20.56483400
12.75933300
18.66633300
14.11691700
18.40970800
15.55208400
19.08354100
14.23929200
18.41979200
15.07554100
18.83554200
14.24450000
18.70858300
14.77954200
18.17158300
14.70104200
18.12516700
15.74333300
18.93575000
14.33383300
18.61079200
14.81783300
18.06037500
14.90370900
18.57654100
14.66020900
18.94933300
14.96858300
18.29516700
14.47829200
17.99604100
16.09020900
18.41045800
14.89529200
18.25745800
15.01812500
17.73483300
15.04916700
18.41441700
15.02104100
18.65120900
14.59783300
18.10575000
15.99787500
18.60766700
14.61891600
18.71529200
14.05708300
18.44158400
15.01195800
18.94283300
14.31037500
18.17316700
15.25608300
18.77283400
15.12787500
18.25537500
15.09891600
18.41270900
15.04133300
18.23100000
15.07262500
18.60066700
14.22658300
18.16229200
15.21158300
18.62279200
14.75033300
18.76091700
15.12595800
18.39962500
14.63191700
18.48783300
15.24991700
18.45066600
14.89670900
18.41195800
15.02558300
18.32687500
14.97666700
18.13520800
15.13641700
18.36000000
15.14308300
18.16083400
15.01579100
18.22483400
14.68995800
18.09008300
15.95391700
17.82400000
15.53308300
17.38304200
15.54754200
17.84808300
15.98562500
17.69033300
15.60850000
17.70554200
15.03658300
17.74662500
16.22170900
17.59287500
15.40512500
17.85437500
15.93325000
17.96900000
14.86800000
18.01608300
15.35529200
17.84220800
16.04204200
17.88504100
15.49666700
17.85095800
15.47641700
17.97875000
15.25279200
18.48066600
14.72700000
19.48150000
13.91304200
18.98858300
14.12170900
19.00004100
14.23237500
19.47191700
14.40912500
18.73654200
14.72712500
18.30908300
15.17741700
18.69562500
14.62920800
18.87458300
13.86320900
19.11608300
14.81670800
18.88162500
14.74608400
20.44083300
12.93025000
19.91787500
13.42612500
21.19308300
11.93550000
18.57325000
14.58016700
18.56266700
14.84312500
18.60208300
14.94058300
19.23883400
14.12770800
19.01041700
13.87662500
18.41304100
15.40283400
18.15204100
15.15691700
17.86670800
15.39679200
18.39170800
15.33866700
18.95004200
14.17729100
17.51516700
15.89895800
18.03229200
15.42012500
18.23804200
15.55129100
18.44462500
13.99458400
17.44512500
15.80437500
17.47354100
16.06341700
18.37783300
15.51175000
18.62775000
15.05754200
19.04883300
14.24558400
18.93437500
14.19333300
18.22929200
15.03579100
18.79579200
14.65854200
19.02808300
14.11745800
18.97250000
14.51295900
18.56412500
14.91083300
18.65583300
14.21312500
18.84795900
15.41462500
18.91229100
13.70129200
18.96466700
14.16779100
18.45633400
15.37745800
19.04283300
14.80729200
18.85616700
14.47225000
18.91912500
13.96820800
18.50170800
14.99095900
18.72387500
14.63875000
18.53087500
14.71262500
18.97500000
14.86125000
18.72691600
13.74462500
18.41158400
15.07225000
19.04500000
14.78504100
18.91887500
14.90712500
19.17629200
13.67629200
18.32620800
14.97641700
18.55341600
14.88162500
19.24208400
14.60970800
19.35670800
13.20420900
19.04854100
14.68062500
19.53700000
13.73712500
19.84708400
13.55383300
19.31212500
13.50766700
19.17962500
15.05179100
18.89008400
14.24545800
19.04145800
13.68233400
19.19187500
14.72795800
18.96175000
13.97116700
19.29025000
13.93941600
19.51729200
14.55370800
19.04520900
14.22337500
20.16287500
13.20400000
19.75666600
13.58891700
19.87770800
13.56954200
19.79120800
13.26025000
19.25233400
14.53391600
18.93208400
14.43566600
19.19520900
14.36700000
19.10454100
13.50891700
19.05208300
15.02725000
19.10483400
14.02145800
19.26308300
13.59854200
18.98300000
15.26154200
19.17766600
13.20591700
19.41354200
14.65162500
19.37358300
13.41129200
19.29237500
14.48954100
19.68641700
13.68275000
19.22316700
13.58612500
19.11341600
14.24262500
19.28883400
14.53387500
20.53925000
13.05466600
20.09079200
13.12233300
20.85545900
12.63637500
20.38862500
12.18575000
20.59279100
13.75666700
20.11225000
12.73270800
20.31029200
13.23391700
20.33958300
12.49404200
20.75654100
12.31587500
22.06175000
20.52495900
7.45966600
20.60862500
12.94762500
20.59604200
13.48787500
20.67441700
12.60237500
20.38183300
12.95904200
20.29458300
13.19170800
19.60800000
13.86595900
18.79816600
14.49850000
19.09125000
14.55475000
18.91112500
14.52070900
18.88004100
13.69841700
19.07858300
14.97387500
18.57191700
14.11070800
19.11441700
14.96950000
19.26729200
13.89583300
19.12091700
13.53408300
19.47358300
14.87500000
19.09845900
14.15816600
18.83308400
14.28229100
19.50508400
14.13733300
19.03554200
14.26262500
18.96416600
14.41216700
19.06787500
14.19666700
19.13700000
14.53683300
19.11395800
13.88266700
19.25591700
14.18795800
19.11616700
13.85104100
19.25337500
14.62237500
19.08516700
13.61545800
19.21716700
14.94770800
19.04587500
13.40900000
19.00225000
15.18579200
19.62158300
13.73395900
18.22400000
14.90445800
18.46133300
14.94500000
18.75675000
14.46437500
18.42129200
15.12804200
18.47983300
14.29262500
18.58475000
14.68583300
18.34470900
15.61883300
18.26837500
15.05337500
18.00900000
15.37187500
18.32000000
14.49829200
18.09291600
15.83591700
18.11429200
15.52116600
17.66970900
15.32175000
17.81666600
15.42966700
18.27187500
15.27112500
18.06720800
14.74975000
18.71566700
15.62125000
19.02591700
14.12608300
18.98587500
14.37875000
19.20075000
14.19383300
19.03479200
14.41612500
19.06362500
14.05137500
18.90541700
13.87075000
19.16679100
14.27045900
19.34741600
14.52491700
18.92337500
14.14175000
19.31512500
13.99708300
19.09262500
14.25633400
19.06837500
14.19350000
19.46737500
13.93725000
19.38704100
13.91608400
19.56162500
14.46016600
20.10975000
13.34004200
20.44358300
12.90716700
19.98500000
13.42754200
19.82333300
12.99700000
20.02045800
13.16875000
20.03941700
13.30137500
19.88133300
14.17183400
19.91512500
13.49954100
20.10891700
13.28900000
20.43991700
12.83362500
20.15766600
12.70762500
20.06129200
13.87141700
20.23354100
12.44250000
20.31116700
13.10887500
19.88754200
14.00916600
19.84016700
12.95979200
20.35658300
13.65541700
19.71333300
13.58966700
19.46462500
13.85962500
19.12075000
14.39162500
18.82045800
14.13541700
18.44420800
15.36079200
18.90870800
14.35966700
20.12729100
12.55004200
20.30454200
13.74829100
20.10700000
12.55666700
20.04958300
14.07866700
20.00712500
12.59183300
19.91520900
14.11812500
20.14558300
13.19429200
19.99708300
12.87158300
20.06562500
13.35229200
20.46762500
13.40350000
20.19483300
12.92708400
20.44154100
13.27670900
20.13300000
12.75170800
20.23533300
13.44529200
19.79137500
13.00083300
20.26741700
13.21175000
18.32587500
15.58908300
18.41887500
15.03166700
18.13083300
15.23333400
17.93108300
15.37979200
17.95370800
14.80687500
18.69712500
14.82500000
18.51041700
14.78350000
17.94583300
15.44066700
18.04320800
15.22600000
17.98529200
15.41208300
18.56900000
15.02637500
18.28466700
15.50820800
18.58125000
14.34954200
18.44820800
14.71275000
18.48825000
14.77358300
18.60158400
15.38108300
18.27766700
14.54420800
18.09695800
15.34179200
18.42766700
15.44991600
18.05529200
14.62329200
17.99404100
15.35575000
18.40833400
15.17004100
18.50304200
15.38000000
18.33820800
14.41737500
18.82520900
14.75883300
18.45329200
15.37208300
18.53770800
14.30533400
18.46375000
15.38595800
18.90787500
13.91425000
18.58125000
15.23958300
18.67479200
14.78712500
18.54662500
14.84504200
18.69237500
14.61920800
18.82170800
14.60816700
19.13087500
14.85400000
18.98958300
13.27325000
19.28345900
14.67954100
18.97987500
14.29537500
19.37645900
14.37587500
20.28283300
14.08970800
19.21204200
12.94125000
19.62766700
13.20854100
19.57329200
14.05266700
18.70558300
14.24787500
19.09200000
14.13116700
19.44533300
13.92508300
19.94275000
13.93175000
19.39537500
13.98266700
19.58929200
13.82366600
19.70575000
13.56625000
18.65275000
14.63454200
18.54345800
14.83220900
19.06304100
13.72383400
19.10650000
14.81837500
19.09566600
14.25358400
19.09520800
14.33525000
19.06770800
14.29745900
19.08262500
14.21383300
19.13450000
13.82033300
19.19500000
14.01812500
18.97016700
14.98904200
19.30841600
14.01916700
19.10358300
14.26604200
18.83554200
14.51129100
18.95287500
14.42675000
18.98516700
14.36325000
19.68545800
13.86633400
20.45083300
12.83733300
19.95195900
13.45400000
20.02470800
13.32833300
19.24995900
13.72775000
19.25641600
14.13379200
18.29920800
14.94516700
17.76537500
15.60862500
18.94337500
15.15620800
18.59191700
14.66137500
18.53275000
14.21462500
18.38162500
15.59537500
17.81312500
15.44691700
17.38429100
15.44979200
17.80329200
16.23741600
18.17079200
15.17158300
17.81779200
15.64100000
18.02875000
15.23858300
18.09441700
15.27537500
18.35145800
14.93929200
18.29500000
15.00525000
18.15920800
15.36170900
17.78645800
15.58925000
17.94679200
15.48916600
18.11000000
15.00929200
19.08458300
14.15100000
18.74204200
14.06725000
19.39666700
14.52154100
18.69675000
14.72395900
18.60150000
14.88995800
18.71129200
13.97350000
18.45250000
15.45720800
18.41237500
14.90462500
19.77650000
13.46104200
20.41254100
13.38895900
19.27395800
13.94233300
19.08420900
14.01512500
19.51179100
13.94812500
18.29991700
15.01175000
19.05766700
14.43937500
18.93004100
13.82945900
19.41866600
14.52762500
18.99775000
14.33454200
19.04608300
14.28629200
19.16600000
14.35800000
19.21550000
13.68666700
19.21779100
14.51187500
19.31016700
14.15800000
19.22116700
14.19012500
20.03495800
12.68925000
17.90825000
15.33925000
18.43250000
15.29295800
18.66650000
15.19145900
18.24775000
15.09975000
18.10625000
15.07958300
18.23462500
14.81595800
18.92862500
14.45591700
18.74883300
15.06875000
18.94995900
14.49512500
18.84375000
14.48075000
18.65520800
14.68191700
18.92137500
14.44708300
18.82704200
14.52120800
18.62483300
14.69887500
18.84308400
14.07833300
18.21970800
15.96700000
18.60916700
14.48112500
18.39254200
14.38975000
19.20904100
14.58329200
18.57316700
14.29600000
18.86725000
14.62070800
18.66862500
14.48170800
18.69416700
15.23558300
18.91329200
14.47320800
19.24691700
13.58862500
18.51737500
15.36879200
18.64070800
14.74033300
19.11729200
13.73858300
19.16629200
14.66604200
19.29145800
14.06312500
19.51270800
13.91562500
19.47183400
13.82895800
19.05583300
13.74941700
19.15079200
14.23279100
19.12050000
14.74979200
19.27083300
14.33300000
19.42370900
13.74558300
18.78916700
13.96187500
18.22462500
15.03629100
18.41912500
15.71558400
19.84800000
13.58345800
18.02675000
14.87775000
18.22275000
15.51987500
18.08279200
15.30270800
17.88179200
14.85991600
17.89212500
16.10912500
17.89079200
15.64820800
17.78966700
15.48495800
17.55012500
15.86233400
17.63129100
15.58275000
18.42091700
14.36204200
18.98454100
14.46950000
18.46916700
15.07775000
17.98362500
15.31133300
18.10808400
15.24708300
18.05254200
15.77775000
17.84475000
15.19712500
17.81791600
15.38937500
18.53495900
15.55945800
18.87354200
14.59733300
18.80983300
14.93566700
24.90987500
7.75758300
22.30504200
12.76758300
23.69150000
8.50050000
19.38358400
13.72045800
18.67150000
14.08841700
18.20454100
15.82825000
18.05079200
15.28383300
20.34154200
13.12187500
20.21841700
12.52358300
18.67329200
15.62508300
20.38395800
14.44895900
35.76170800
5.32258300
21.04512500
5.83262500
18.39375000
11.79820900
17.40641600
15.96791700
16.36958300
16.20112500
16.57262500
16.79204200
16.93645800
16.95941700
16.99004200
16.38325000
16.96812500
16.34720800
17.03383300
16.61400000
16.39166700
16.28979200
16.57258300
17.40591700
16.27208300
17.05329200
16.02525000
17.48395800
16.21179200
16.59591600
15.96354200
17.96045800
15.98779200
17.27708300
16.22958400
16.63312500
16.04000000
17.31466600
16.08691700
17.57670800
16.31108400
17.38908300
16.72470800
16.54604200
17.50954200
15.63758300
18.08625000
14.73787500
18.71083300
15.20170900
18.14283300
15.36737500
18.10141700
15.29629100
16.91016700
15.82708300
17.61450000
16.34658400
17.99945800
15.31612500
17.79520800
15.52912500
17.25441700
15.49529200
17.32908300
16.69150000
17.17858300
16.12220900
16.71845800
16.37208300
16.48741700
17.26270800
16.14470900
17.29737500
15.18387500
18.11525000
15.11358300
17.73337500
15.61683300
17.90291700
15.48012500
18.40741700
14.94637500
18.32604100
15.07216700
18.34033300
15.53012500
17.53691700
16.88625000
16.85275000
18.12445800
14.36912500
18.63454200
15.18466700
18.22445800
15.07883300
18.38691700
14.99329200
18.46625000
15.28425000
19.71729100
13.71308400
19.66962500
12.73958300
18.98983300
14.40550000
18.30670900
15.61754100
18.77900000
14.56204200
18.80041700
14.07145800
18.47933300
15.30450000
18.80475000
14.03833400
18.60966600
15.32725000
18.42241700
14.94633300
18.61166700
14.87375000
18.61008300
14.67841700
18.89695800
14.66358400
18.05916600
14.99691700
18.27883300
15.16329200
18.18575000
15.12162500
18.14345800
15.19387500
18.12854200
14.65504200
18.25162500
15.05008300
18.07787500
16.07658300
18.29366700
14.90204200
18.10229100
15.35741700
18.17945800
14.45362500
18.11720900
15.94137500
18.24854100
14.46837500
17.94308400
16.16758300
18.21150000
15.06904200
17.93712500
15.54016600
17.66137500
15.55625000
18.92433400
14.64420800
18.19504200
15.14741600
18.11350000
15.26975000
18.54937500
14.89745900
18.72483300
13.89462500
17.23500000
16.76125000
16.61745800
16.72283400
17.01004100
16.29691700
16.78016700
16.69616600
17.49387500
15.85083400
18.16375000
15.57758300
17.86725000
15.67366700
19.86733300
12.25462500
18.33479200
15.28045800
18.36325000
15.38979200
18.30125000
15.14516600
18.25895900
14.89137500
17.84704100
15.72120900
18.36158300
14.28595800
18.50275000
15.05595900
18.72104100
15.59400000
18.43258400
14.90366600
18.17275000
14.86966700
17.91266700
14.82308300
18.58445800
15.25033400
17.74958300
16.13841700
18.24708300
14.11012500
19.13062500
14.76795800
19.61391700
13.89295800
18.43695900
14.28904100
19.73200000
14.31258400
19.12058300
13.53587500
19.34204200
14.02370800
18.40987500
15.61133300
18.87275000
14.77045900
19.90841600
13.05908400
18.42058300
14.42675000
18.87454200
15.03087500
18.24270800
15.65720800
19.13300000
14.00400000
18.87570900
13.59495800
19.44358300
14.56012500
20.05312500
13.82520900
20.04766600
13.10808400
19.68887500
13.32100000
18.50850000
14.29054100
19.84300000
14.00983400
19.49712500
14.12112500
19.25312500
14.16479100
20.37483400
13.58483300
19.69558300
12.91112500
19.26504200
13.69450000
18.96900000
15.25708300
19.68008400
13.68258300
19.93241700
13.22858300
19.89775000
13.61800000
19.28216700
14.17125000
19.62337500
13.61154100
19.45750000
13.34337500
19.83929200
13.98004200
19.77900000
12.98954100
19.67625000
14.28437500
19.51795900
13.89166600
19.82291700
13.56966700
19.75975000
13.54058300
19.95025000
13.33358300
20.22395900
13.52233300
19.93120800
13.16658400
19.66241600
13.58820900
20.12254100
12.95720900
20.28491600
12.83800000
19.83120900
14.08062500
19.67208300
13.17891700
19.59658300
14.46825000
19.70116700
13.51695800
19.80716700
12.76645800
18.96966700
15.17920800
18.62245800
14.57833400
18.51270800
14.90154200
18.55212500
14.91904100
18.52525000
14.92437500
18.70854200
14.52270800
18.69075000
15.00304200
18.45779200
13.94795800
18.26787500
15.83525000
18.45345800
14.81641700
18.28004200
15.18862500
18.65041600
14.02554200
18.97679200
14.97070800
18.99675000
13.87550000
18.96791700
14.76479100
19.39333400
13.48387500
19.15875000
15.13604100
18.48429200
14.48887500
19.36129200
13.58304100
19.57304200
14.29375000
18.84566700
14.63808300
18.70220800
14.63720900
19.00987500
13.84858300
19.11625000
14.82779200
19.64104100
12.76612500
20.13170900
13.90250000
20.18158300
13.21529200
20.18237500
13.10220800
19.47445800
13.77162500
19.30487500
14.02187500
19.51125000
13.85870900
19.42158300
14.12925000
18.94750000
14.25345800
19.14875000
14.23316700
19.29841700
14.03800000
19.26045800
14.30579200
19.14587500
14.00462500
19.58104100
13.75808400
20.30562500
13.37583300
19.61975000
13.50537500
20.63954200
12.65779100
19.72020900
13.00504100
19.39591700
14.67100000
19.43770800
13.93458400
20.23691600
12.94658400
19.76779100
13.19529200
20.40029200
13.97370800
18.00604200
15.40191600
17.73991700
15.13116700
17.96679100
15.87633400
17.78716600
14.83791700
17.96275000
16.18754200
17.88979100
15.28729200
19.91195800
17.81291700
12.56166700
18.05479100
14.46354200
18.17608300
16.10866700
17.78654200
14.87870800
17.82095800
16.01441700
17.86250000
15.46975000
18.14462500
15.29437500
17.99795800
15.34137500
17.86737500
15.00575000
17.81829200
15.72345800
17.91554200
16.20175000
17.75325000
15.00062500
18.32450000
15.43808300
18.55120900
14.02845800
18.20675000
15.23000000
20.35420800
12.93858400
20.25162500
13.81645800
20.01537500
13.39691700
20.82137500
13.02745800
20.78104200
12.92566600
20.73404200
11.63679200
23.61375000
9.45329100
21.05812500
14.01862500
57.30537500
3.41529200
33.53458300
4.46966700
35.59491700
3.59191600
24.97279200
5.49979200
22.79112500
5.83620800
26.70287500
2.99191700
21.58433300
2.88412500
32.24387500
6.07216700
28.08625000
4.87675000
37.32950000
6.77725000
29.61770800
3.17008300
30.77679200
3.02716700
21.87320800
2.89279200
19.30575000
3.07379100
20.60666700
2.94637500
20.28087500
7.77041700
21.06183300
12.41825000
22.40412500
11.51712500
20.65270800
12.27075000
20.74920900
12.65362500
20.12029100
13.71083400
20.08841600
12.98158400
20.11116600
13.26812500
19.44258400
14.15787500
19.79587500
13.44720800
20.40441700
13.38333300
24.72883300
8.16708400
20.61379100
12.07400000
20.34295900
13.54012500
22.12300000
11.81675000
19.66808300
13.43670800
20.22350000
13.16070900
20.96437500
12.51625000
15.02483300
18.67087500
15.21412500
17.80266700
14.91091600
18.38220900
14.98337500
18.45220800
14.92066700
17.93916600
15.42229200
18.65841700
14.88354100
18.16345900
15.51695800
17.60679200
15.27691600
18.32079200
15.03904200
18.32487500
15.07216600
18.45483400
14.87725000
18.30329100
15.07429200
18.57216700
16.79912500
16.49412500
16.26579100
16.97112500
15.93920900
18.11079100
15.75908400
17.18954100
15.07179200
18.63125000
14.75650000
17.76183300
15.29245900
18.41487500
14.90887500
18.40445800
14.96800000
18.28358300
15.07820900
17.92141600
15.46162500
18.78666700
14.72212500
17.71491700
15.90516600
18.25229200
16.35129200
17.08375000
15.86391600
17.10695900
18.55262500
14.59700000
18.66200000
14.91933300
18.93866700
14.00237500
19.45387500
13.87562500
19.85941600
13.48529200
19.30220800
14.46037500
19.54329200
13.35745800
20.22420900
13.06270800
20.32550000
13.08916700
20.12312500
13.78212500
19.75683300
13.58812500
19.49891700
13.70300000
18.78866600
14.05395900
19.78020800
13.72725000
19.59070800
14.49841700
20.43391700
13.12216600
21.18070900
11.53525000
21.21200000
11.94916600
20.59383400
13.45733300
20.35033300
12.42191700
20.26295800
13.39779200
20.54900000
12.84937500
20.49633300
13.22033400
20.04275000
13.38079100
19.36429200
13.30920800
19.28691700
14.19237500
18.87345800
14.43350000
17.93708400
16.06358300
17.74879200
15.48762500
17.98075000
14.76312500
18.19700000
15.73175000
18.06541600
15.54375000
17.61870900
15.52041600
17.27733400
15.77575000
17.31379100
16.64308400
18.06145800
15.10250000
17.64620800
15.82420900
17.20454100
16.33558400
17.71375000
14.84254100
17.13175000
16.96479200
16.81212500
16.35750000
17.42104200
15.77316600
16.84766700
16.79945800
16.42625000
17.09112500
16.72300000
16.50445900
16.62229100
16.94741700
16.60366700
16.12454100
16.70725000
17.08304200
17.15095800
16.10125000
16.76737500
16.71216700
16.83754200
16.41791600
16.65079200
16.87858300
16.77233400
16.53941600
17.26920900
15.88512500
17.32879100
16.14320900
17.43004100
16.15766700
17.27633300
15.87937500
17.37933400
15.30216600
17.46645900
16.43616600
17.64666700
15.48166700
18.12229100
15.58925000
17.85345900
15.64808300
18.34329200
15.26558300
17.95395800
14.58262500
17.67300000
15.90650000
17.70729200
15.91187500
17.79062500
15.53025000
17.70595800
15.90750000
17.28341700
15.38562500
17.41141700
16.16408300
17.35987500
16.67212500
16.99291700
15.44575000
16.97208300
16.95666700
16.79579100
16.67987500
17.02100000
16.53712500
17.00312500
16.25658400
16.96962500
15.61804100
17.24012500
16.61083400
17.18587500
16.54045800
16.99470800
16.19429200
16.78870800
16.77845900
16.71591600
16.30412500
16.70025000
16.68087500
16.98404200
16.40729200
16.84033300
16.51029200
17.21929100
15.82483400
17.62208300
15.59312500
16.96554200
16.94945800
17.20787500
16.01329200
17.44737500
15.31137500
17.36495800
16.50650000
17.42720800
16.26337500
16.88033400
16.32037500
18.50670800
15.02879200
17.06741600
15.51845900
16.87891600
16.52041700
16.70875000
17.05050000
16.83516700
16.37900000
17.62579100
16.03820900
16.94662500
16.63908300
17.79412500
15.29383300
17.65316700
15.67237500
17.24800000
15.93983300
17.99095900
15.68270800
17.23566700
15.58758300
17.32137500
16.62233300
17.79962500
15.93979200
17.33116700
15.60329100
16.13366700
17.10441700
17.45795800
16.07220800
16.34820900
16.65191600
17.16170900
16.49916600
17.70425000
15.17304200
17.96133300
15.66200000
18.11475000
14.85112500
18.28133400
15.50958300
17.78804200
15.60691600
17.78262500
15.58125000
17.21670900
15.37733300
21.25795800
12.18262500
18.50191700
15.55125000
18.79995800
14.91695900
18.55445800
14.30179200
18.18420800
14.37691700
18.36887500
15.73237500
18.64641600
14.78704200
18.28545800
14.82645900
18.23158300
14.63733300
18.27608400
15.16175000
18.37395800
14.88883300
17.93983400
15.73029100
18.03179200
15.51750000
18.11954200
15.11441600
17.90437500
15.34166700
18.25737500
15.18225000
18.11545800
15.48129200
18.21862500
15.04370800
18.27525000
14.70795900
18.60741600
14.84658400
19.06341600
14.31425000
19.10737500
14.80412500
19.45204200
13.37750000
19.49016700
13.78462500
19.56325000
14.22191600
19.65662500
13.69104200
19.50816700
13.50004100
19.39683400
14.34154100
19.33200000
14.04595900
19.66116600
13.62450000
19.58058400
13.38379100
20.34954200
13.07804200
20.30970800
13.48804200
20.01395800
13.33287500
20.52050000
12.66595800
20.34158400
12.59354100
20.04162500
13.79745900
20.11145800
13.35470800
19.75220900
13.05620800
20.23508300
12.98758400
20.14150000
13.34395800
20.35895800
13.45154200
20.14491700
13.27062500
20.08887500
13.24545800
20.37512500
12.52920800
20.18095900
13.60175000
20.60291600
12.80854200
20.83104200
11.83295800
20.84250000
12.62766700
20.40158300
13.11825000
20.44775000
12.79683300
20.85741700
12.94291700
21.96804100
11.01833400
20.79612500
12.48925000
21.12579100
12.35300000
20.10491700
12.91437500
20.64170800
13.13229200
21.05554200
12.20245800
20.17533300
13.10320900
20.33654100
12.81783400
19.88337500
13.77029100
20.89450000
12.23341700
21.24437500
12.25945800
20.39262500
13.06954200
21.84545800
11.26304200
21.21370800
12.36370900
21.12833300
12.15270800
20.69383400
12.56437500
20.23320800
13.20791700
20.31037500
12.95025000
19.99412500
13.36920800
19.75212500
13.77054200
20.65295800
12.54775000
21.25012500
12.12425000
21.07683300
12.28641700
20.69829200
12.71337500
20.77412500
12.55487500
20.43529100
12.92858400
19.82229100
13.58741700
19.83050000
13.55183300
20.98408400
12.32120800
20.14070800
13.23458400
20.08329100
13.33512500
20.36729200
12.96312500
20.80054200
12.53787500
21.21295800
12.16583300
21.20708400
12.15150000
20.38475000
12.98604100
19.98429200
13.38504200
20.03125000
13.36262500
20.12904100
13.22800000
21.06904200
12.28175000
20.75500000
12.60308300
20.26037500
13.10500000
20.60041700
12.76862500
20.08383300
13.28254200
20.05216700
13.33100000
19.93041600
13.44375000
20.22870900
13.13695800
20.61387500
12.72908300
20.12375000
13.28504200
19.76595800
13.56812500
20.39308400
12.96383300
20.25600000
13.11083300
19.92575000
13.43920900
20.23520800
13.14266700
19.99279100
13.37204200
20.35833300
13.01412500
19.88945900
13.46487500
20.99333300
12.37000000
23.49037500
9.89279200
20.78429100
12.59412500
20.53983400
12.80508300
20.68537500
12.69375000
20.99900000
12.39529200
21.33229100
11.99712500
19.85916700
13.54037500
19.88325000
13.44895800
20.70154200
12.65808300
20.11054200
13.26741700
22.92237500
10.43120800
20.54179200
12.81879100
20.25241700
13.11437500
20.42916700
12.94279100
19.69900000
13.66179200
19.56287500
13.80712500
19.24154200
14.12379100
19.69179200
13.67187500
19.58258300
13.80666700
19.28779200
14.06308300
19.41979200
13.94058300
19.55783300
13.81070900
19.49500000
13.87066600
19.43050000
13.94095900
19.33512500
14.02608300
20.18170800
14.34458400
18.47483300
15.06700000
18.80704200
14.56383300
18.87250000
14.41833300
18.76012500
14.23916700
19.69370800
13.45420900
18.70195800
14.74716700
19.19283300
14.15433300
18.61287500
15.35804200
18.70575000
14.64212500
19.37333300
13.35020900
20.37716600
13.02487500
18.60970900
15.36866600
18.36604200
15.33762500
19.84216700
12.79416600
19.49204200
14.30862500
19.61016700
13.41175000
19.67987500
13.96120800
19.59745800
14.19416700
19.09154200
13.46370800
18.85200000
14.96758300
18.90387500
13.79420900
18.70545800
15.28445800
18.48616700
14.78783300
19.23575000
14.17783400
19.22879100
14.14933400
19.39716600
14.07875000
19.16754200
14.10687500
18.86729200
13.98437500
19.21550000
14.70233300
19.00037500
14.30283300
19.69250000
13.74275000
19.70029200
13.57400000
20.47516700
12.36308300
19.05345800
14.85975000
19.79941700
13.58195800
18.96970900
14.53395800
18.92454200
14.36383300
19.51287500
13.72445800
19.70354200
13.42537500
18.67258300
14.97958400
22.02637500
27.49408300
40.34987500
7.49954200
33.91070800
5.15029200
22.29045800
3.80258300
20.52704200
3.38687500
21.98808300
3.17629200
21.49191700
3.14095800
21.47975000
9.55212500
20.20525000
12.65891700
21.05637500
12.29845800
21.76433300
12.06275000
19.24808400
13.85458300
18.70587500
14.26395800
18.85016700
15.14662500
18.91400000
13.68158300
19.02554200
14.92762500
19.71795800
13.00508400
18.90100000
15.07908300
18.74662500
14.62362500
19.06487500
14.26770800
19.08837500
14.30458400
19.57675000
13.77458300
19.96779200
13.42904100
18.94579200
14.40704200
18.89858300
14.41908300
18.77554200
14.66700000
19.08666700
14.23720800
18.68266700
14.67158300
18.48345800
14.94250000
18.80837500
14.53629200
19.71420800
13.62808400
18.58029100
14.81366700
18.64737500
14.71175000
19.63333300
13.13929200
19.07000000
14.26600000
19.85466700
13.71970800
18.81241700
14.93566600
18.56729200
14.82700000
19.35633300
14.01316700
18.76904200
14.62391600
19.06837500
14.31945900
19.95875000
13.44904100
18.82362500
14.56575000
18.22995900
15.74429100
19.94558400
14.33004100
25.45929200
6.18195800
20.69862500
13.36875000
21.42333400
12.31150000
21.48070800
11.37254200
20.09812500
13.09695800
20.27883300
13.39529200
20.39016700
12.88483300
19.90679200
12.80012500
20.14129100
13.85925000
19.82179200
13.49366700
21.27350000
12.24533300
21.07166700
11.76841600
19.62283400
13.69966600
19.78458400
13.64220800
20.30095800
13.53995900
19.56137500
13.81316600
35.27883400
3.50204100
21.18816700
6.21500000
23.01854200
10.40304100
18.78487500
14.48983400
19.19887500
14.23033300
18.88387500
14.89408300
19.84025000
13.00595900
17.66304100
15.16850000
18.05795900
16.07900000
18.28612500
14.24033300
17.69575000
15.84804200
17.68645800
16.07933300
17.73087500
15.73445900
17.76754100
15.57675000
17.63125000
15.88100000
17.79320900
15.53445800
18.06812500
15.19954200
18.64366600
14.98991700
18.73370800
14.62479200
18.77187500
14.33920800
18.28891700
15.30920800
18.75012500
14.30466700
18.37587500
15.24029200
18.51358300
14.54620800
18.85479200
14.90437500
18.54366700
14.12554100
18.85100000
15.17083400
18.59837500
14.19387500
18.59670800
15.35100000
19.11466700
13.65512500
18.51825000
14.85695800
19.06441700
14.85175000
19.52408300
13.27162500
19.71479200
14.05591600
18.85725000
14.73287500
20.02412500
12.69820900
18.68191600
13.83891700
16.69162500
33.87391700
16.53129100
16.36754200
17.11029200
16.56350000
16.59308300
16.42729200
17.01395800
16.97920800
16.64300000
16.53862500
19.05245900
16.57925000
16.80425000
16.80733300
16.20850000
17.17925000
16.23791700
16.62633300
17.08354200
16.62612500
16.46300000
17.03291600
17.45033400
16.41420800
16.54975000
17.48591700
16.26008300
16.49445800
17.44758400
15.60979100
17.27516700
17.08279200
16.00195800
16.75720800
17.16229200
16.36320800
16.34420900
16.55445800
16.88058300
17.09762500
16.88250000
16.02158400
16.31804100
17.23133400
15.66037500
17.72829100
16.12270900
16.49062500
17.04525000
17.10429100
16.37645900
16.85250000
16.39016600
16.25750000
16.18329200
20.35104200
13.19362500
17.21650000
16.57037500
16.72945800
16.56766700
17.55958300
15.96166700
17.13458300
17.76812500
16.26595800
16.02945900
16.74087500
16.60066600
16.88487500
15.89700000
16.78587500
17.40250000
15.86520900
17.26595800
16.82387500
16.24770800
16.50933400
17.10920800
16.16154200
16.52645800
19.01854200
14.63225000
17.18100000
17.25450000
15.41262500
17.29545800
16.64812500
16.71083300
16.27112500
17.12129200
18.67208300
14.13454200
17.32075000
16.18820800
16.52370900
17.74683300
15.72325000
16.66650000
17.12954200
16.22958300
16.83541700
17.36858300
15.49816700
17.03891600
16.82100000
16.48345900
16.81579100
17.13904200
16.64850000
15.78166700
18.03062500
15.56970800
16.81116700
16.68120800
21.26912500
11.49991700
16.54029100
17.13912500
16.81512500
16.70762500
15.92087500
16.96933400
17.11616600
16.28000000
17.20300000
16.86266700
16.06041700
17.16120800
16.10729200
16.99129100
17.01195900
16.30975000
16.42000000
17.25483300
16.20412500
16.60170800
18.09308400
16.45370800
16.46204200
16.46925000
15.60654100
17.53358400
17.05637500
15.78658300
16.75337500
17.24316700
16.23662500
16.90516600
17.14879200
15.75666700
16.77762500
17.25837500
16.27704100
16.31966700
17.47641700
15.67637500
16.72158300
17.20358300
17.07004200
16.73141700
17.26400000
16.40650000
16.14954100
17.23054200
16.08758300
16.70337500
17.10154200
16.50183300
17.30250000
15.46666700
17.19416700
16.16929100
17.29912500
16.03612500
18.00200000
16.02250000
15.77383400
17.59904100
15.97137500
16.72050000
17.45391700
15.77729200
17.21633300
17.17254200
16.10379100
16.77308400
17.30745800
16.17016700
16.41395800
17.22750000
16.04420800
16.59041700
23.02108300
10.55650000
16.82887500
16.62145900
16.72683300
16.81279200
19.51391600
13.56754200
18.51904200
15.28662500
17.42258300
17.15916700
16.22891600
15.49220900
16.10416600
17.85783400
16.65937500
16.05729100
17.46337500
16.09750000
16.56695900
16.95975000
16.43625000
16.72725000
17.12879100
16.35470900
16.14754100
17.43154200
16.06150000
17.11637500
16.31408300
16.66375000
16.38975000
16.66462500
16.58491700
17.11712500
17.16862500
16.61766700
16.75708300
16.19304200
16.84720800
17.04212500
16.91870800
16.11208400
17.16945800
16.18100000
16.54337500
16.95875000
16.70354200
16.32062500
16.92808300
16.55879200
17.19895800
16.54550000
16.42116700
16.36354100
17.61050000
15.46245900
17.10691600
16.73862500
16.38379200
16.62508300
17.19191700
16.59462500
16.51550000
17.12033300
16.83754200
16.18029200
19.43775000
13.96675000
17.03991600
16.52083400
18.19129100
14.73779200
17.18020800
16.24420900
16.90291600
17.27062500
15.80008400
17.11150000
16.73775000
16.48912500
16.43454100
17.05108400
16.19891600
17.12633400
16.57245800
16.31570800
17.68116700
16.13133300
18.85275000
15.24195900
15.46520800
17.16800000
16.92262500
16.82733300
16.14591700
18.68512500
14.54395800
16.55895900
17.63312500
15.97350000
16.92179100
17.43170900
15.52070800
16.60229200
17.75420800
15.88758300
18.35425000
17.55791700
14.35350000
19.38683300
14.11075000
16.63604200
16.64141700
17.96187500
15.94816600
16.92275000
17.35695900
15.57991600
17.07525000
18.22837500
13.89612500
17.21783400
16.50295800
16.21225000
17.50750000
17.06966700
17.26633300
14.93091700
17.63129100
16.60662500
16.30191700
17.30662500
16.97000000
16.73666700
18.77187500
13.60766600
16.95316700
19.18625000
14.96825000
15.87329200
16.46662500
17.09383300
17.55795800
16.07695900
16.57629100
17.73945900
15.91187500
17.72245800
15.81754200
17.06433300
16.24254200
16.84608300
15.42641700
16.96604100
18.00295900
16.75995800
15.40975000
17.63941700
15.14091600
16.82125000
18.34583400
16.35612500
16.25062500
16.30416600
16.79429200
15.66620800
17.65066700
18.46041700
15.08370800
16.70179200
16.73066600
16.48845900
18.32170800
15.70804200
16.25612500
16.24008300
17.13420800
13.97320900
20.99970800
16.80737500
14.51850000
17.42075000
16.72962500
15.23487500
17.36108300
16.45104200
20.08345800
14.96366700
14.78762500
17.47470800
16.27512500
16.07037500
18.11116700
17.25904200
15.87216600
15.97837500
15.95741700
19.64054200
17.70370800
14.95579200
16.29262500
16.55233300
15.53970800
16.61241700
17.41662500
15.95595800
16.68458400
17.65520800
16.30641700
18.94454100
15.39595900
16.63100000
17.14033300
16.93762500
14.72766700
16.52954100
17.18433400
18.55520800
13.72754200
17.48908300
16.61120800
16.87012500
17.60312500
16.18320900
16.17400000
16.20695800
16.97716700
20.60295800
14.61850000
16.51808300
14.81195900
17.80066600
15.46512500
17.07304200
17.03937500
16.22420800
16.37662500
17.58912500
15.74916700
16.67462500
16.97475000
17.23566700
16.14912500
16.66229100
17.01341700
17.37383300
19.05833400
15.45270800
14.91962500
16.07854200
16.92700000
17.79387500
15.61566600
14.09641700
21.18812500
1062.99900000
28.77941700
25.54850000
25.62845800
25.17625000
26.36758300
25.82429200
24.45441700
22.41133300
24.77854200
24.65045800
22.41958300
23.94195900
21.60004100
23.14700000
22.66495900
21.65962500
22.38554100
22.13345900
22.99141600
22.35695900
22.52262500
21.68820800
23.49679200
22.11066600
24.47454200
24.06379200
24.84083300
24.23745800
23.25962500
25.34795900
25.57166600
23.51725000
25.03995900
24.62533300
25.53166700
24.71195800
23.94758300
24.67116700
23.32029200
25.41508300
24.55420800
24.63704200
22.71395800
26.37879200
25.68187500
26.66854200
25.32441600
26.40729200
25.86033300
23.23266700
26.06370800
24.91745900
24.13091600
24.56862500
23.67866700
23.90975000
26.02370800
24.24745900
25.04854100
23.56995900
26.13979100
26.69525000
23.67612500
25.19604200
24.51783300
24.28195900
23.58225000
23.55425000
25.00150000
23.06741600
26.42187500
24.96254200
21.18625000
25.07245800
24.87295900
25.69504100
24.41320900
23.48266600
24.64079200
24.27745800
24.82525000
24.21983400
25.61283300
22.80425000
25.23554200
23.67962500
23.30212500
23.85816600
24.58850000
23.87579200
24.75404200
22.32795800
26.47070800
21.53762500
26.73058400
23.41358300
22.65950000
24.66912500
23.19604200
26.13120800
25.77337500
24.24462500
25.36250000
24.56408300
24.21483400
25.09237500
24.32154100
23.45412500
25.94125000
24.00504200
24.10387500
23.83704200
25.62929100
24.67170900
27.21408300
25.04920800
24.05575000
23.81700000
23.42487500
25.09100000
23.77350000
25.49933400
24.54058300
23.89175000
24.16229200
23.12029100
22.87070900
25.28858300
24.47037500
23.81829200
24.36316600
25.63854200
25.11979200
25.35641600
24.52041700
23.87895800
25.10358400
24.25079100
24.24987500
24.77775000
27.67816700
24.63679200
24.14879100
23.20112500
23.34841700
23.94979200
26.31316600
23.97566700
24.36879200
24.88704100
24.25316700
25.53120800
24.49095900
25.20887500
24.47416600
25.79162500
22.77154200
23.53120800
24.29245900
24.71183300
25.00341700
24.34579100
24.27720900
23.70904100
23.48662500
22.54100000
22.39441700
22.47058300
24.60570900
25.49516600
23.72283400
23.90462500
25.62100000
25.11695800
26.38079200
23.92700000
27.71204100
25.54654200
25.24287500
25.95883300
24.95008400
23.48695800
25.65541700
23.61379100
23.67975000
23.71691700
24.29862500
24.24104200
24.00995800
26.29754200
28.10370800
25.43070800
24.07191700
24.61283300
23.85037500
25.42920900
24.39462500
25.93104100
26.46045900
27.51033300
27.61291700
24.84220800
25.55870800
24.29583400
25.32129100
24.03437500
25.52366700
25.03645800
26.60491700
26.54212500
26.55512500
26.37712500
26.12958300
24.92595900
27.98950000
24.32704100
24.05404200
24.60962500
24.18554200
26.00437500
27.59620800
26.92583300
25.68812500
25.13033400
24.66641600
24.10370900
24.24050000
24.02250000
23.79329100
21.52562500
23.32825000
22.39412500
22.38641700
21.19100000
22.04850000
22.20958300
21.12529200
22.21220800
24.03800000
22.15883400
21.54683300
22.12675000
20.60300000
20.87562500
20.49558300
20.58991700
22.01187500
22.01145800
23.00200000
22.09916700
20.77887500
21.61458300
22.15575000
20.39104200
22.59950000
22.69541700
21.87258300
22.23420800
26.35862500
23.72820900
24.82737500
22.47429100
23.91687500
23.40358400
23.35108300
23.62095800
23.08008400
23.48612500
23.63604100
22.47545900
24.70433300
23.16387500
25.61220800
24.95954200
23.61208300
22.28070900
24.77875000
24.28345800
24.64787500
24.36916700
24.93991600
24.89283400
24.78041600
23.60812500
22.57566700
22.08725000
23.45025000
23.81516700
22.41850000
21.87050000
22.30233300
24.17295800
24.39833400
24.00916600
26.35641700
26.59658300
24.20454200
22.87933300
24.72579200
29.98295800
27.53333400
27.71650000
148.16579100
53.99170900
26.93545800
24.91941700
25.98162500
23.22712500
25.36666600
26.02241700
24.54062500
24.14870800
23.39750000
24.00541700
23.75700000
23.71062500
24.22787500
25.08683300
24.55400000
25.00633400
25.92920800
24.67670800
23.63604200
24.46983300
25.60237500
25.36645900
22.93316600
23.03533400
25.69033300
25.54437500
23.82987500
24.30008300
23.37625000
26.16629200
23.01875000
25.41858300
26.93412500
32.65062500
30.41325000
28.68550000
27.51033400
28.37754100
27.91691700
32.20233300
24.91520900
24.71870800
23.55854200
24.43841600
22.62120900
22.77162500
22.81887500
21.88800000
22.65366600
22.16325000
24.32858400
22.97045800
23.75558300
24.94366700
24.00854200
25.74233300
24.03379200
25.69304100
23.41708400
25.71691600
25.08745900
25.59387500
26.21937500
22.81458300
22.60770800
22.35725000
24.13166700
22.64150000
22.28291700
22.18375000
24.34670800
23.07891700
22.39687500
23.84345800
24.75541700
23.54000000
23.00591600
22.96995900
23.32804100
22.29379200
22.13775000
21.43412500
21.44791700
21.04737500
22.77233300
23.87495800
22.70641700
21.89920800
23.30070900
22.26708300
21.33454200
22.77254100
22.79612500
23.92754200
23.65075000
22.99575000
25.05904200
23.16304100
24.02408400
22.86204100
21.99875000
21.86570900
21.02579100
21.36891700
21.99250000
22.16850000
24.00662500
22.92987500
22.62237500
22.26145800
22.80400000
23.54050000
23.68012500
22.17083400
22.77125000
22.44841600
22.33416700
23.24575000
23.40075000
22.96533300
21.86416700
22.11208300
22.17062500
24.08875000
21.85695900
21.07600000
21.53612500
20.74604100
21.32916700
21.56137500
21.52825000
20.98387500
21.62908300
21.30770900
21.64062500
21.30566600
21.48487500
20.50941700
23.46379200
22.65191600
22.09854200
21.26291700
23.92520800
24.11079200
20.68687500
20.27379100
21.94741700
23.09025000
22.22175000
22.00370800
22.04404200
22.01525000
22.02858300
22.34604200
22.76845800
21.68650000
22.46237500
22.30775000
22.96866700
22.04700000
21.81083300
21.76079200
22.49700000
20.72170800
21.50100000
21.02370900
22.19391600
21.15979200
21.12266700
21.84441600
20.76091700
22.81875000
24.97270800
21.05495900
20.91029100
21.19800000
21.41491700
20.60416700
22.62608300
22.57795800
21.43333400
22.33412500
21.88837500
20.88183300
18.60854200
19.23675000
19.61308300
20.71779200
19.99229100
19.21116700
19.51200000
18.70762500
18.04633300
20.68050000
20.96745900
20.51229100
23.52800000
23.02512500
20.50045900
20.35250000
20.25945800
20.85858300
20.01645900
19.85195800
23.23891700
22.41183300
23.10995800
22.40112500
21.76554200
22.89291700
24.27995800
25.51983300
24.42508400
22.06625000
22.36029100
26.49712500
22.07570900
22.37133300
21.64483300
22.59354200
22.74566700
22.54125000
21.90875000
20.66087500
21.13729100
21.19954200
20.81758300
22.47004200
22.48600000
22.34175000
21.73641700
22.19533300
22.15916700
21.64220800
21.12104200
20.56979100
22.02258400
20.56620800
19.13366700
25.00720800
22.13370800
20.60904200
21.73112500
21.50783300
22.81016700
19.95804200
20.34466600
21.66341700
19.80679200
20.42541600
20.71041700
21.13662500
21.66579200
25.40929100
23.12662500
21.75145900
22.07045800
21.29116700
22.55179100
20.48645900
21.99050000
22.85941600
21.82783400
22.06729100
21.86479200
21.07516700
21.51595800
22.70791700
21.91837500
21.34391600
20.89466700
20.95762500
22.51241700
20.98491600
20.90575000
20.54895900
20.58016600
19.15841700
22.29987500
21.90595800
20.13587500
20.34966700
21.03275000
20.61154200
19.69983300
20.88554200
19.76829100
20.73766700
22.77183300
24.72520900
20.40050000
21.49970800
20.99333300
20.76241700
21.58633300
22.17379200
22.53920800
19.56087500
19.34200000
27.35312500
24.41012500
37.06383400
24.28704100
25.60933400
35.71487500
41.31833300
22.26766700
22.74529100
21.68504200
22.86504200
23.98375000
19.38050000
18.43800000
22.98500000
21.29312500
20.60850000
21.63375000
18.12512500
20.42866600
19.71670900
20.48700000
19.17820800
18.38091700
17.54825000
17.68200000
19.90641600
18.64445900
18.78575000
18.80087500
18.48683300
19.51104200
18.68162500
22.65504100
22.63262500
22.17645900
22.48216600
23.12350000
22.81595900
22.53254100
21.36162500
27.02766700
22.66312500
23.18145800
24.39550000
24.11462500
22.32145900
22.51216600
22.26683400
21.99712500
22.64800000
22.32854100
23.42670900
24.19512500
23.54945800
21.22845800
21.40904200
21.82200000
22.70791700
21.88904100
21.95270900
22.40783300
22.07162500
23.42287500
23.06283300
22.18291700
22.02966700
22.09550000
22.61500000
21.86004100
21.71458400
20.53004100
20.95479200
24.06970800
20.99308400
21.31708300
21.48995800
22.56100000
24.88070900
22.67383300
23.56170800
22.87945900
22.38237500
24.47120800
22.29533300
21.99804200
21.74037500
22.55900000
22.25666700
21.71945800
23.03958300
23.30675000
22.36358400
22.22662500
22.89195800
26.36370800
23.89395900
24.40512500
22.48658300
22.73700000
20.79075000
20.53912500
22.07483300
21.66037500
21.58758400
21.18716600
20.31854200
20.07383300
18.61808400
18.53025000
17.24175000
19.18212500
17.69112500
17.95837500
18.00208300
17.79100000
19.07133300
21.06854200
20.56270800
19.39712500
20.69716700
20.21570800
19.33762500
20.00166700
19.03662500
19.63566700
19.38641600
18.85533400
18.92808300
18.32137500
17.84445800
20.24779200
20.77120800
19.54866700
18.72104200
19.35075000
17.71883300
18.13120800
19.08337500
18.77812500
17.69120900
17.61904100
19.23391700
18.12829200
18.01300000
19.14750000
18.81254100
20.09841700
20.86137500
22.48954200
18.46987500
18.53679100
18.85233400
18.23929100
21.60979200
19.01841700
20.14933300
18.63945800
18.94358400
20.61854100
18.39158400
18.77566600
19.57975000
18.58012500
17.98304200
22.92016700
21.20304100
23.61191700
18.61279200
18.65504100
17.85162500
17.22841700
16.64925000
19.45579200
18.50658300
17.40208300
18.66045900
18.25912500
16.86233300
17.64954200
17.20466600
18.12166700
17.97375000
17.82058300
17.07854200
19.62641700
18.26762500
19.03229100
18.43408400
20.06112500
19.83366600
16.77179200
17.38054200
19.66962500
17.96995800
19.47891700
18.68345800
16.90662500
17.20920800
17.69716700
18.41137500
17.24787500
16.86508300
17.74579200
20.42591700
18.99058300
19.41745800
17.43541700
16.87012500
16.45775000
16.74991700
17.13279100
18.03020900
17.96770800
20.22325000
19.28587500
18.38979200
20.52416600
18.57583400
21.88037500
19.08733300
18.83800000
18.38258300
19.66212500
19.88162500
19.34341700
19.59250000
19.35000000
21.88595800
21.64808400
19.78479100
19.51641700
20.30433300
20.18445900
24.92125000
22.46658300
21.48662500
20.71491700
22.10033300
21.55604200
21.75441600
22.04804200
21.53045800
21.17462500
20.82475000
19.55879200
21.94245800
22.63570900
22.20575000
23.99575000
23.02645800
23.43337500
24.48700000
34.74358300
22.74004200
22.11841700
21.28062500
20.16983300
19.67641700
21.62683300
19.39191700
19.46516600
19.21170900
20.99900000
22.18637500
20.18995800
19.54470800
21.14087500
19.61350000
21.56441700
20.41950000
21.67258300
21.17254200
21.59333300
20.70954200
21.72754200
22.77425000
22.64795800
23.50529200
20.48170800
18.99483300
19.19462500
20.20945900
19.84591600
20.16162500
19.33704200
19.71983300
22.84591700
22.48179200
21.00454100
21.35920900
21.42362500
23.12991600
22.42204200
21.66483300
21.21645900
21.27862500
21.71204100
25.86054200
24.32012500
20.94929200
22.97625000
23.23312500
21.07575000
22.10895800
23.61300000
19.44170800
19.07745900
20.26066600
23.11437500
21.55400000
19.51366700
19.66925000
25.45333300
24.63204200
25.05979200
25.32925000
24.20745800
26.07808300
25.46600000
24.66716700
26.29454200
27.17045800
26.33595800
24.52833400
24.34850000
26.38370800
25.76416700
24.64545800
25.09829200
24.72004100
24.12187500
24.23762500
24.91791700
24.19675000
24.43083300
24.57754200
24.13445800
22.56254200
24.02620800
25.50625000
24.63475000
22.25470900
26.41016600
26.25320900
25.17687500
24.70845800
25.56916700
23.05637500
24.06854100
25.95212500
33.71320900
35.55212500
50.06041600
33.94279200
26.37162500
27.16370800
30.00416700
26.98579200
26.67658300
23.84004200
25.33204100
22.72341700
20.36529200
19.37895800
18.80000000
21.69750000
21.98337500
17.80804200
21.16016600
19.64095900
20.15087500
21.23425000
20.44754100
17.82162500
18.39487500
18.66020900
19.30529100
18.03258400
18.21266600
17.91962500
23.17116700
23.21070800
22.30062500
19.87312500
20.52970900
19.98070800
20.14508300
20.13225000
20.30550000
22.81200000
21.76391700
19.45925000
20.07966700
21.41425000
21.38383300
21.84412500
23.88004200
20.70741600
24.28541700
22.42783300
23.92383400
22.39812500
24.77920800
25.11166700
23.16629100
25.23345900
24.37954100
22.14616700
24.10616700
25.20816600
21.28870900
21.69529100
24.39916700
21.34416700
22.96954100
22.34295900
21.85470800
27.13291700
22.39420800
26.62625000
24.49491700
25.92650000
26.06504100
24.00854200
23.75950000
25.13179200
24.66329100
24.41733400
25.62262500
23.84087500
23.20891600
24.31295900
23.45787500
23.18537500
23.81241600
23.31475000
24.90891700
23.11454200
22.68562500
23.18341600
22.54475000
23.30950000
24.37604200
25.23195800
25.17558400
25.25216600
25.89691700
26.73854200
26.32425000
26.12991600
25.46325000
26.71154200
27.00595800
24.84983400
24.65866600
25.06383400
26.51983300
25.90200000
25.07512500
25.08012500
24.17766700
25.87954100
25.26900000
22.21570900
25.03066600
24.58820900
23.16116600
22.53225000
23.19554200
26.55158300
27.07025000
24.49929200
23.42025000
24.71695800
23.04295900
26.39091600
24.98733400
27.43400000
25.95283300
25.21300000
25.29295800
26.53175000
25.95900000
25.98154200
27.00754200
27.03904100
25.88112500
27.02208400
25.88820800
24.81458300
23.92737500
23.16416700
26.76212500
25.85504200
26.91895800
25.07966700
24.39404100
27.58791700
27.46100000
24.18658300
25.10341700
23.55241700
24.65683300
24.22025000
24.65079200
23.36525000
25.73425000
24.92250000
23.05333300
22.47654200
22.05083300
22.92520800
22.03966700
20.98666700
20.57329100
23.04033400
21.89345800
21.67366700
22.17979100
23.49395900
22.88525000
23.23166600
22.25775000
23.14683400
22.57012500
20.77837500
21.85383300
21.09875000
21.63554200
19.91075000
19.10300000
21.45616600
24.25704200
23.24654200
24.19604100
23.83445900
23.98716600
22.66516700
24.33937500
23.50729200
22.70750000
23.18262500
23.09016600
24.17395900
25.48758300
24.44241700
23.31645800
22.87762500
23.83245800
23.89379200
22.35466700
22.71841600
25.20795900
24.58183300
23.84025000
25.97645800
22.68637500
25.50879200
25.22529200
26.70616600
23.63033400
28.37683300
25.12745800
24.82062500
25.07233400
25.66683300
24.98512500
25.11475000
23.83608300
23.71945900
25.32966600
24.56033400
23.35150000
23.67616600
23.96291700
21.67133300
25.25970900
22.50204100
24.12762500
23.40770900
24.80533300
23.84862500
24.23800000
25.51137500
22.81445800
24.06420900
27.17645800
23.56270800
24.35220900
25.45608300
23.39141700
22.93300000
24.33470800
24.03408300
25.81983400
1.61191600
200.04237500
16.39233400
16.67737500
16.71195800
16.67270800
16.70108400
16.65975000
18.92708300
14.66925000
16.55662500
16.56095800
16.67579200
16.68933300
16.67625000
16.69550000
17.07508400
17.67629100
15.40508400
16.62879100
16.79995900
16.55491600
16.73941700
16.69150000
16.56858300
16.77483400
16.94062500
16.42154100
17.19179200
16.90045800
15.93970900
16.62712500
16.68250000
16.69145800
16.66491700
16.71537500
16.66233300
16.70495800
16.66337500
16.70466700
16.64675000
16.71787500
16.85800000
16.67837500
16.61345800
17.13758400
20.58804100
16.49675000
17.30150000
19.11287500
18.41812500
16.04791700
16.00287500
17.31162500
18.68450000
16.09395800
16.43683400
16.47345800
17.12791700
17.70708300
17.84037500
17.50466700
16.59470800
16.44550000
16.31158300
16.33308400
14.58087500
14.78295800
14.33645800
16.03212500
14.95875000
16.34254200
16.03995800
15.52104200
15.79054200
16.68633300
16.68575000
16.68908300
16.67533400
16.68837500
16.67712500
16.69104100
16.67375000
16.68658400
16.68450000
16.68408300
16.67595800
16.69008400
16.69125000
17.55720800
16.69462500
16.30354200
16.23841600
16.66400000
16.66425000
16.81791700
16.52237500
16.73312500
16.64179200
16.72320800
16.64837500
17.07858300
16.30420900
16.82687500
16.51441600
16.76108400
16.67479100
16.69270900
16.61033300
16.68308300
18.03037500
15.90991700
16.10020800
16.83095900
16.58775000
16.76079100
16.55162500
18.04529200
18.34483300
18.40041700
17.11512500
17.60204200
17.45566600
17.30645900
16.78729100
17.27258400
16.83670800
15.15270800
15.05891700
16.66045800
16.65362500
16.33387500
16.04304200
16.63866700
16.94512500
16.69425000
17.34200000
16.70970800
16.41266700
16.31387500
16.36566600
15.74558400
16.74395800
16.87137500
18.64645800
17.46879200
16.22966700
15.78700000
15.99979100
16.24004200
17.24379200
15.93537500
16.97091600
15.55816700
15.58162500
17.68320800
16.67833400
16.37008300
16.38466700
16.40516600
16.49208400
18.62087500
16.25904100
16.30208400
16.63550000
15.74250000
16.16741600
16.28550000
16.30045900
16.39804100
16.67279200
17.60066700
16.25516600
16.20162500
16.66175000
16.71137500
17.46600000
17.63441700
18.78850000
16.60216700
15.41045800
15.32716700
17.47150000
16.30741600
16.68400000
19.17254200
17.49983300
16.96295900
17.04920800
16.33883300
16.28275000
16.56287500
16.92612500
15.41770900
15.66391600
15.03891700
15.71887500
16.68120800
16.72462500
16.67033400
16.67433300
16.68241700
16.68858300
16.66908300
16.72383400
16.63662500
16.70325000
16.72175000
16.93966600
17.56937500
16.73845900
16.22283300
16.16529200
16.76625000
16.37866600
16.62720900
16.69029100
16.68783400
16.67720800
18.63750000
16.26316700
17.63904100
16.03891700
15.37458300
16.14387500
16.89500000
16.53920900
16.63370800
17.44904200
16.13166600
16.47066700
16.66379200
16.69533300
17.05837500
16.60141700
16.45208300
16.86125000
16.96695800
16.19200000
16.76516700
16.68187500
16.89954200
16.60912500
16.66362500
16.73283300
17.29545800
16.38041700
16.76141700
17.15200000
17.49762500
16.60541600
17.11650000
18.97450000
16.94833400
16.49316600
16.13887500
16.56766700
15.37608300
15.96862500
16.87354200
16.79608300
16.37212500
16.82016700
18.09945800
16.47320900
17.71566600
17.23916700
17.32154200
17.18745800
16.44212500
16.57045800
17.39166700
17.48145800
16.59195900
16.48337500
16.42166600
15.56004200
14.79625000
14.43629200
15.82987500
16.60170800
16.77595800
16.65770900
16.93479100
16.44079200
16.53604200
16.64354100
17.00195900
16.63212500
17.07983300
16.84887500
16.23220800
16.90429200
16.43458300
16.63700000
16.54508400
17.01470800
16.37983300
16.89729200
16.47791700
17.03541600
16.78687500
16.72262500
16.90641700
16.68916700
18.12475000
15.73875000
16.12600000
17.06100000
16.62920800
16.47512500
18.18366700
17.10208300
16.39245800
17.91270900
15.99070800
16.20100000
16.62175000
17.46437500
17.07195800
16.60258400
16.76887500
16.42404100
16.47787500
16.63358400
15.39954100
15.49566700
16.11295800
17.15391700
16.62287500
16.56516700
18.23008300
15.96325000
18.39091700
16.85058300
16.26445800
16.66183400
16.26487500
16.32358300
15.94850000
16.35612500
16.00550000
16.82966700
16.26916600
17.34687500
16.30275000
16.38804200
16.81862500
16.36845800
19.11425000
16.43645900
16.14520800
14.91937500
17.19383300
16.34125000
16.57841700
17.06837500
16.20229200
16.83162500
16.81716600
17.77758400
18.90708300
16.44320800
17.12725000
15.11429200
14.75345800
16.39145900
17.94366600
17.20104200
16.40387500
15.64362500
16.22908300
16.75050000
16.80404200
16.72604200
16.77700000
16.55379100
16.46641700
16.71887500
16.82125000
16.65687500
16.55662500
16.74937500
16.61212500
17.92500000
16.33245800
16.64183400
16.04466600
16.58808400
16.65183300
16.60733300
16.70404200
16.66658300
16.71200000
16.88337500
16.43775000
16.73825000
16.64875000
16.64995900
16.70700000
16.65487500
16.84862500
16.55779100
16.67175000
17.32341700
16.06466700
16.63937500
16.70416600
16.68166700
16.72866700
16.68862500
16.76966600
17.17429200
16.05754200
16.80104100
16.54537500
16.71775000
16.77012500
16.59916700
16.73225000
16.77804200
16.55112500
16.66241600
16.83420900
16.55554100
16.63512500
16.89650000
16.49695900
16.65133300
16.85358300
16.50987500
16.72062500
16.75516700
16.57500000
16.70920800
16.71437500
16.68925000
16.70312500
16.76800000
16.54270900
16.66879100
16.96041700
16.42695800
16.72145900
16.69404100
16.66795900
16.63062500
16.72895800
16.62612500
16.72675000
16.63504200
16.69220800
16.70420800
16.65904200
16.68125000
16.68175000
16.69908300
16.67445900
16.67487500
16.68491600
16.76837500
16.64433400
16.64075000
16.77129100
16.61516700
16.67037500
16.74683300
16.67100000
16.68079200
16.70150000
16.65720800
16.72608400
16.57762500
16.70795800
16.66875000
16.67620800
16.73620900
16.63029100
16.69445900
16.67875000
16.68683300
16.73662500
16.67875000
16.63229200
16.68187500
16.68387500
16.67991600
16.68450000
16.68366700
16.68287500
16.68729200
16.67983300
16.67625000
16.68795800
16.68404200
16.68545800
16.68679200
16.67654200
16.71033300
16.67408300
16.68320900
16.66641600
16.70158400
16.73037500
16.62966600
16.69679200
16.79045800
16.59591700
16.65512500
16.70216700
16.66962500
16.68450000
16.72633300
16.72495800
16.60141700
16.67145800
16.72258400
16.63575000
16.69200000
16.69479100
16.75829200
16.69841700
16.58175000
16.75958300
16.60783300
16.69141700
16.71429200
16.64279100
16.75054200
16.75129200
16.55433300
16.66975000
16.78195800
16.71504200
16.65233300
16.73920900
16.63137500
16.66608300
16.79625000
16.54241700
16.64925000
16.69837500
16.66362500
16.75162500
16.73670800
16.70575000
16.63433300
16.67754200
16.68158300
16.65912500
16.68966700
16.62862500
17.42395800
20.60370900
23.09254100
24.33637500
17.58045900
15.17716600
16.08425000
16.71404200
16.56208300
17.12883400
17.09725000
15.77187500
15.69254100
19.89433400
16.40704100
15.89075000
15.59354200
15.70937500
16.13025000
15.80795800
15.34762500
14.98954200
14.80166700
14.05625000
13.75529100
13.60687500
15.23304200
16.72541700
16.63450000
16.74833300
16.72466700
16.76620800
16.66258300
17.30954200
16.03695800
16.56479200
16.75941700
16.65554100
16.77141700
16.63404200
16.57308300
16.79058300
16.67308400
16.62350000
16.60045800
16.77283300
16.65287500
16.59166700
16.72250000
16.71012500
16.72158300
16.64300000
16.65979200
16.74129200
16.71420800
16.65329200
16.69995800
16.69895800
16.62750000
16.70687500
16.62170900
16.69370800
16.65050000
16.73804200
16.65920800
16.64679200
16.68816600
16.67516700
16.70987500
17.41104200
1072.04225000
17.14812500
15.59062500
16.61395800
15.31120800
14.05045900
16.54125000
16.54283300
16.66483300
16.69875000
16.77495900
16.63729100
16.89475000
16.34945900
16.80058300
16.69604200
16.73829100
16.72208400
16.68587500
16.63241600
16.56750000
16.73579200
16.77654200
16.64925000
16.73616600
16.46275000
16.67883400
16.88254100
16.90283400
16.29770800
16.92550000
16.67400000
16.51391700
16.75245800
16.63966700
16.70316600
16.99683400
16.60125000
16.81254100
16.39641700
16.61512500
17.02225000
16.44504200
16.84050000
16.57225000
16.56691600
16.86262500
16.56433400
16.95962500
19.38370800
20.03741700
18.69945800
17.96495800
20.61512500
19.05858400
17.72875000
17.67804100
21.20879200
18.64620800
19.76308400
19.02287500
18.38158300
18.33070800
19.14108400
18.92395800
19.48583300
20.04991700
21.07083300
20.00566700
22.04229200
25.36237500
23.20962500
21.68954100
21.01687500
20.85454200
20.74970800
22.19975000
20.62208400
20.08916600
20.58383400
19.11037500
19.49058300
18.73262500
19.21158300
19.04762500
19.78062500
18.92866700
21.65083300
19.46895900
19.40129100
19.08683400
21.03362500
19.17445800
19.05045800
20.59241700
19.61333300
20.04479200
19.10662500
19.67104200
18.45895800
19.70720800
19.06587500
20.44733400
19.84583300
17.86666700
17.95445800
17.39704200
18.28604100
18.07054200
19.88862500
18.13945800
18.22375000
18.60279200
18.45195800
17.80091700
18.58600000
17.85004200
18.58637500
17.57991600
16.91883400
18.00979100
18.36233400
27.51575000
20.79720800
18.28550000
18.93050000
17.97850000
18.87133300
20.51579200
18.88600000
19.64591700
20.24095800
18.15441700
19.82591600
18.27366700
19.45437500
18.39137500
17.21595800
16.54329200
16.58566700
17.22870800
18.47062500
17.36195800
16.96954200
17.69241700
17.16970800
17.35075000
17.12666700
17.43254100
17.26933400
17.54670800
16.77875000
17.35179200
17.06791600
16.66733400
19.57950000
17.91712500
17.72175000
17.86462500
17.54941600
16.69204200
18.03166700
16.89379100
20.28883400
17.75404100
17.32037500
18.03137500
19.94304200
17.77962500
18.44208300
18.34775000
19.03175000
17.50558400
18.07191600
16.47200000
17.63550000
17.37558400
17.49633300
18.77629200
16.93537500
18.00854100
19.31033400
17.76187500
17.03487500
17.90250000
16.44941600
16.94762500
17.71841700
17.58991700
18.18504100
16.87154200
17.52812500
16.59837500
16.42037500
16.93083300
16.99008400
17.79445800
18.57866700
16.79408300
18.10258300
18.84512500
19.16354200
17.13841700
17.43312500
18.15950000
17.85908300
19.21883300
17.57779200
17.08691700
16.83245800
16.41020800
16.77091700
15.71633300
15.88491700
16.51191700
15.79575000
15.96079100
16.28983400
16.21054100
16.05641700
15.30983300
15.96404200
14.55479200
15.13608300
14.57620800
15.12037500
15.87587500
15.56562500
15.10954200
14.94179200
15.58766600
15.19366700
14.70337500
15.02000000
14.81550000
14.83837500
14.97929200
15.00004100
15.69529200
14.99533300
14.89987500
15.09708400
15.60229100
15.22479200
16.11733300
17.10158400
16.59929100
15.32829200
16.70495800
15.87345900
16.54716600
16.16041700
17.66379200
17.44745800
16.49308300
17.10675000
16.27208400
16.45416600
16.46841700
16.51079200
16.82379100
16.63145900
16.31962500
16.35216600
17.84241700
17.00095800
19.27070900
18.15550000
18.85416600
17.95404200
17.50033300
17.96187500
18.01220900
17.03166600
18.25641700
17.97020800
16.50058400
16.57212500
19.09458300
17.32529200
17.59095800
18.21070800
19.38208400
18.46595800
17.90937500
18.04279200
18.65416600
18.90695900
20.18825000
19.57537500
18.11508300
17.45841700
17.46091600
17.34937500
17.77020900
18.83120800
17.91916700
19.30175000
17.70579100
18.52445900
18.02670800
18.42570800
17.62387500
17.83325000
18.95229200
16.91100000
18.71508300
17.54745900
18.03554100
18.75958400
18.14166600
17.64616700
16.60937500
16.89208300
16.71291700
18.02037500
16.71237500
17.78254200
17.12833300
16.90004200
17.81150000
17.35312500
17.54345800
16.72825000
17.45429200
17.06241600
18.44295900
18.06625000
18.00554100
19.48495900
18.27208300
17.87825000
17.21650000
17.71195800
18.19700000
17.63762500
17.40575000
17.20662500
16.27662500
16.54045900
16.76041600
16.58925000
18.97545900
16.75125000
18.08845800
16.34329200
17.90154100
18.72191700
18.97941700
18.22841600
16.74233400
16.75166600
17.39220900
17.35745800
16.13583300
16.53745900
17.85379100
17.77987500
17.25012500
16.73245900
16.29970800
16.99591700
17.33879100
17.79395900
16.60400000
16.76345800
17.07370800
17.41420900
17.08900000
16.91754100
19.07425000
16.52241700
19.98225000
17.65800000
17.66708300
17.66175000
17.43245900
16.96095800
18.13562500
16.88325000
16.14195800
16.12504200
16.52800000
16.68725000
17.38054200
17.80591600
15.99216700
18.17929200
16.57637500
19.01758300
16.55395800
17.10479200
17.13900000
21.58612500
19.28045800
19.82633400
19.50158300
23.13091700
21.85120800
19.36725000
21.00858300
28.89945900
24.21962500
21.87145800
20.71012500
18.48312500
17.62954200
17.37583300
17.39141700
17.15820800
17.60587500
20.34345800
19.47075000
17.71812500
17.61129200
17.72483300
17.60212500
17.36470900
17.86387500
17.13641600
16.30145900
17.07187500
17.41920800
16.61500000
17.96345800
19.76025000
18.39441700
19.67575000
17.98962500
18.86820800
18.23308400
20.94075000
21.54679100
22.17900000
21.65012500
19.94991700
19.09525000
18.78325000
18.28204200
18.46175000
18.16545800
18.68004200
18.47191600
17.90766700
18.37937500
18.77025000
19.57583300
19.86845900
18.51879100
19.04300000
18.59554200
20.65691700
19.12033300
26.27975000
25.88204200
21.22991600
21.20912500
20.03416700
21.10270800
19.83933400
21.82420800
23.99116700
23.90212500
24.07033300
25.74895800
22.21933400
20.45904100
20.48837500
22.36637500
21.25958400
21.93545800
22.89245800
22.50516700
21.90237500
23.22712500
20.35354200
21.90291600
19.79783400
19.75029100
21.85541700
20.77233300
19.72029200
21.34875000
19.68062500
18.66833300
20.24695900
21.56237500
19.95441600
20.68775000
21.47933400
23.32491600
21.21575000
23.07979200
20.17650000
20.93345800
24.97245900
21.67050000
20.56179100
22.88279200
25.47179200
23.24629100
23.86987500
24.17591700
23.90712500
23.29687500
24.38166700
23.12737500
21.50033300
20.86566700
21.48266600
20.76262500
21.10600000
22.31533400
21.62379100
23.00820900
23.65212500
21.14433300
19.49087500
21.42458300
20.24391700
20.92808300
22.16216700
21.13887500
20.79112500
23.64608300
20.35575000
19.41212500
20.23795900
20.70312500
19.33616600
21.64045900
20.71987500
22.68883300
21.76845800
21.80608400
21.00829100
23.58891700
22.69845800
20.33770900
19.75150000
22.65075000
20.59016600
21.99412500
21.77550000
24.49783400
22.52575000
22.98495800
21.98895800
20.92466700
23.18170800
24.37637500
23.45483400
23.85125000
24.28012500
23.53495800
21.69470800
19.69741700
21.79237500
20.03958300
21.39025000
23.73258400
21.34604100
23.48108400
20.96866600
20.31733400
21.81137500
26.07933300
25.48495800
23.91641700
22.55041700
24.50995800
22.83579200
21.55558300
20.68958300
21.93050000
19.18316700
19.59800000
22.47591700
21.85437500
23.21208300
21.00450000
22.68666700
20.86479100
20.58562500
25.03820900
21.00666600
23.21733400
20.69025000
19.41950000
20.69450000
23.67987500
26.59683300
22.44208300
23.39645900
22.09329100
21.84720900
21.84529100
19.71241700
20.13304200
20.72975000
20.28829100
19.80637500
20.41950000
19.69179200
19.32733300
19.92337500
20.57341700
20.49779200
19.38633300
19.23825000
19.76483300
20.45141700
22.58383300
20.30683400
23.21466600
19.37441700
19.05225000
19.58150000
21.25054200
21.26216600
22.86866700
22.71375000
21.62679200
21.10600000
22.99562500
24.01616600
21.72162500
19.83387500
27.33191700
22.74758300
23.63408400
23.72066600
24.29912500
25.79700000
23.49837500
25.77283400
25.88291600
27.78004200
22.21508300
24.75091700
25.67691700
26.09062500
24.67754100
24.44266700
21.21804200
21.20291600
24.54137500
21.04850000
22.42333400
21.77029100
20.03520900
22.25195800
23.08950000
23.30541700
21.16812500
21.40270800
25.00679200
23.52050000
23.59925000
24.27412500
22.55729100
22.99733400
25.04583300
27.22866700
23.37995800
22.60995800
21.53529200
21.55037500
21.31504200
22.03212500
20.67229100
21.14004200
22.03579200
24.69700000
23.70591600
24.73491700
22.83479200
25.00654100
22.74087500
24.20066700
23.77033300
24.97958400
22.61000000
22.15841600
20.52329200
20.81641700
21.57362500
20.70912500
26.28595800
25.85858300
23.66062500
23.56250000
23.55554200
23.40629200
22.13791600
22.65016700
28.53433300
26.39900000
27.53304200
29.68400000
23.32891700
23.83812500
23.67808300
24.86012500
25.05983300
27.28637500
24.16237500
23.01675000
23.40170900
23.45854100
24.23829200
23.81645800
21.66837500
24.79266700
24.40891700
24.22479100
24.77762500
24.96154200
27.15158300
28.95379200
26.83179200
25.81158300
24.11266700
26.00329100
27.27116700
27.27625000
28.45129200
25.68216600
21.65079200
22.46820800
24.97083400
22.90429100
23.96641700
23.11833300
23.77020900
20.56891600
24.04129200
21.81545800
23.57795900
23.48841600
22.62583400
20.82687500
20.66762500
20.38733300
21.39941700
21.76262500
21.75383300
22.12891700
24.19541600
22.82912500
25.57145900
24.38720800
21.83545800
24.18904200
21.43983300
25.15066700
24.10420800
21.91195900
24.37962500
24.01412500
26.36166600
23.52416700
24.32191700
30.94258300
31.13912500
32.08037500
28.75183300
23.37041700
25.06720800
23.09525000
24.33983400
25.63412500
26.11283300
22.78287500
22.29316700
21.84379100
20.23204200
20.24550000
18.38458300
18.57129200
20.02933300
18.18287500
19.67687500
18.49916700
20.40079200
17.44891600
16.55104200
16.88450000
16.26062500
16.37466700
16.54320800
16.54854200
16.21537500
16.11450000
15.53579100
15.55083400
15.82070800
14.81404200
16.59120800
15.56387500
15.74783300
15.41662500
17.78770900
18.63170800
18.58070800
18.26595900
19.64066600
19.19350000
18.36270900
19.74008300
17.73737500
18.93975000
18.43183300
18.58470900
18.48195800
18.07112500
19.04891700
18.83120800
18.71783300
18.53829200
18.99883300
19.41975000
19.83191700
19.17187500
18.25050000
18.24066700
19.59129100
19.12558400
19.59445800
19.42370800
18.81758400
18.89208300
17.42870800
17.07429200
16.86645800
16.82037500
17.19341700
17.15541700
17.42020800
17.45916700
17.20933300
16.87654200
16.72020800
17.52700000
16.89329200
16.90754100
16.82570900
16.47279100
16.71037500
16.78437500
18.13433400
17.99812500
19.01483300
17.98933300
19.10366700
18.78508300
18.34775000
18.53891700
18.46100000
18.96933300
21.22000000
20.74745900
19.86879100
19.78137500
20.79933400
20.08087500
18.97254100
20.75875000
19.56258400
19.11154100
20.04887500
18.88429200
20.80804200
19.89283300
19.86925000
20.07679200
19.55808300
19.35591700
21.73529100
21.13562500
20.76104200
22.21975000
20.95091700
20.73950000
20.63208300
19.63462500
18.11591700
22.57495800
18.76079200
18.20937500
19.24933300
18.52166700
19.14245800
18.15566700
19.92020800
20.66516700
18.65420800
19.32841700
19.87133300
18.97933300
18.98483400
19.10770800
19.77929200
20.52029100
19.89600000
18.44500000
20.84391700
18.00379200
19.07325000
18.42729100
19.70487500
18.51462500
18.44683400
19.90245800
18.44925000
18.76679200
22.73058300
26.86079200
24.74037500
32.08820800
47.48866700
31.45000000
24.80595800
20.65829200
23.90537500
21.01500000
21.09766600
22.54545900
23.48779100
22.58112500
24.17275000
21.23687500
20.78837500
21.17054200
20.84879200
19.35970800
19.32883300
21.75525000
19.69250000
18.55750000
18.49129200
18.85754200
20.18066600
19.66125000
18.68854200
19.72320800
18.13775000
18.03720900
18.23716600
18.00116700
19.11045800
18.59820900
20.53904100
19.39575000
18.11495900
20.83741600
19.85125000
18.68975000
19.09812500
19.42866700
18.87412500
18.44054200
19.67941600
19.84087500
19.54204200
19.61416700
18.68912500
19.49975000
19.99270800
22.29633300
25.14545900
20.06475000
19.78250000
21.47166600
20.19358400
19.64375000
22.83616600
18.46087500
19.91054200
18.50579200
18.09008300
19.79595800
20.06658400
17.16679100
17.36062500
17.05775000
16.76791700
16.32166700
16.55733300
15.82179200
17.77925000
15.78241600
15.93362500
15.89629200
15.14683300
14.89037500
15.33916700
14.91466700
16.09650000
17.24875000
17.53633300
17.41416700
17.33991600
17.43258400
20.37129100
18.40891700
19.34879200
21.88866600
21.92129200
23.60483300
19.91537500
22.20591700
31.53683300
30.71704200
32.83308300
39.73112500
29.14950000
22.23712500
23.21220900
23.16300000
22.95379100
24.98408400
24.17550000
23.47116600
23.29841700
26.02429200
25.99825000
24.58575000
24.98858300
24.71841700
25.87150000
25.87691600
23.23604200
30.70933300
27.59266700
27.07970800
24.77104200
28.17220800
25.00612500
24.14425000
24.52608400
22.30304100
23.45795900
26.32008300
24.08066700
20.90850000
19.73845800
20.09987500
20.46633300
21.07120900
19.87562500
20.31429100
21.62887500
22.11329200
21.29329200
19.62229100
19.11133400
20.63158300
19.20495800
21.12200000
19.23595900
17.83108300
18.56770800
20.31204200
18.46200000
18.93037500
20.09075000
18.11866700
17.49304100
19.62654200
19.36958300
17.91145900
18.36850000
18.87712500
18.01750000
17.92037500
18.89533300
18.10825000
18.22929200
18.57133300
17.85920800
18.82495900
20.14870800
18.47704200
17.35191600
18.68145900
18.53795800
19.05133300
18.47625000
18.73625000
17.69425000
18.32808400
18.15566600
19.53304200
18.99529200
20.33187500
18.56000000
17.47258300
19.38150000
18.65087500
18.92412500
20.06183300
20.75429200
21.51233300
19.04837500
17.91083400
19.50704100
19.26300000
21.21083400
19.11625000
19.29845800
18.97466700
19.09083300
18.21279200
17.74754100
18.65495900
18.59341600
18.43550000
21.50662500
20.36816700
19.27658300
19.04533400
19.21800000
18.88150000
18.97633300
18.51691700
19.10262500
19.71350000
19.16583300
18.27483300
19.28029200
18.05254200
17.84075000
17.82891600
17.75750000
18.04200000
17.76537500
19.45066700
18.32175000
18.63579200
19.79725000
18.36845800
19.25208300
19.07645900
18.37233300
18.61641700
19.07020800
18.31666700
20.57787500
19.90125000
21.43025000
19.02675000
18.78175000
18.41387500
18.23291600
18.43491700
18.21183300
18.25066700
17.99445800
16.72545900
16.52204100
17.03966700
17.35641700
18.42095800
17.18404200
17.63695800
20.05570800
20.17654200
19.08762500
26.35145800
20.16379200
19.81850000
18.97445800
18.68070900
19.22425000
19.29425000
22.81200000
23.04837500
21.60937500
21.99770800
22.62983300
21.69245900
21.59658300
22.09216700
21.18504100
22.83125000
23.48170900
23.90333300
23.37779200
23.60983300
23.67533300
23.41000000
24.79604200
23.62562500
23.66662500
23.76137500
24.82325000
23.50045800
21.90191700
2.18758300
914.23766700
13.50541700
16.83770800
16.27495800
16.62137500
16.71350000
16.73320900
16.94420800
16.73041700
16.31504100
16.69175000
16.99020900
16.35375000
16.68191600
17.03575000
16.34179200
16.98312500
16.75062500
16.57854200
21.28108300
21.47600000
21.25762500
21.83445800
22.08554200
20.75295800
21.35120900
21.69854100
20.60637500
22.39233400
20.70391600
22.00429200
23.23000000
22.04191700
22.09075000
23.30316600
23.71250000
21.87433400
21.72570800
21.34354200
21.72704100
21.81320900
23.44100000
22.03808300
23.79958300
23.93516700
24.31541700
23.03983300
23.47733300
24.24250000
24.14579200
24.07483300
24.59783400
23.76020800
23.27954200
22.99304100
23.99741700
23.85283300
23.78004200
24.64025000
25.07245800
25.17454200
24.33895800
22.88758400
22.69683300
23.26620800
23.38800000
23.08691700
23.44837500
22.40295800
21.73741700
21.57462500
21.16750000
20.93950000
21.73295800
21.27820900
21.35862500
22.22795800
21.21704200
20.87837500
20.98820800
20.90525000
20.99808300
21.30800000
22.44645900
24.84054100
24.26608400
24.39983300
24.50820800
23.96825000
25.85387500
25.52445900
25.85020800
25.75687500
26.24420800
25.55887500
26.28400000
26.01333400
26.03908300
25.95225000
25.75037500
25.59337500
25.70858300
26.40783400
25.89537500
26.46220800
26.04804200
25.59629100
25.73970900
25.75537500
25.78866600
25.47512500
25.78445900
26.50133300
26.46804200
25.79175000
26.61125000
27.37970800
26.39929200
25.47804100
25.93954200
25.46891700
26.53170800
25.79825000
26.22629200
25.53204100
25.46450000
25.42158400
25.80320800
25.70904200
25.78754100
25.63416700
25.51629200
26.57037500
27.20908300
26.14091700
27.67637500
25.29833300
26.19950000
25.29133300
25.70316700
25.22208300
25.47916700
25.10225000
27.46995800
26.78279200
25.32179200
24.79179100
25.76620900
25.71704100
26.05287500
25.79925000
25.80375000
25.79583400
26.42645800
26.77725000
25.97370800
24.95379200
23.51441700
23.68566600
24.74754200
24.24837500
24.06625000
23.87804200
23.93829100
23.29558400
23.33720800
23.23558300
23.55387500
24.29341700
23.60445800
23.44712500
23.44779200
23.46387500
23.19304200
22.94704100
23.11641700
23.22287500
23.21187500
23.03000000
23.35629200
23.21191600
23.20341700
23.15562500
24.34825000
22.99116700
22.53833300
24.95854200
26.23441600
22.41166700
22.80658300
22.65895900
23.01679100
22.56516700
22.65462500
20.85641700
21.24191600
20.83933400
20.85962500
20.89775000
20.99450000
20.67058300
20.86345800
20.69029200
20.86783300
21.01650000
21.96345900
21.46408300
21.27995800
22.05316700
22.42333300
22.64216700
24.07254200
22.81433300
22.75975000
22.90116700
22.86758300
22.73458300
22.90645900
24.03641600
24.43504200
24.47783300
24.19220900
24.62225000
25.33112500
25.06516600
25.02775000
24.36420900
24.53254100
24.52304200
24.49950000
24.99370800
24.25704200
24.19670800
24.22216700
24.10920800
24.33183400
24.27604100
24.17416700
24.01175000
24.95458300
25.41329200
24.55154200
25.60812500
25.74466600
25.02145900
24.16704100
23.85908400
24.42987500
23.97516600
24.14829200
23.72695800
24.03137500
24.91425000
24.07525000
25.41583400
23.96791600
24.88866700
25.70720800
25.05987500
23.93804200
23.61220800
24.25454200
23.86404200
24.62029100
24.35275000
25.68220900
23.72466600
24.70279200
23.59445800
24.17200000
24.03529200
24.01050000
23.83408300
24.14783400
23.43333300
24.03462500
23.29891700
23.57333300
22.42837500
21.51745800
21.42275000
21.66837500
21.79070900
22.34066600
21.27412500
22.06683400
21.89495800
21.69700000
21.50516700
21.80016600
21.10016700
21.68100000
21.33691700
21.27041600
21.19404200
21.85679200
21.09800000
21.05475000
21.53283300
21.29954200
22.28904100
21.85987500
21.81429200
22.11579200
21.57987500
21.33520800
20.91862500
20.79704200
20.97441600
21.92254200
21.58404200
21.39166600
21.57133400
20.98287500
20.74079100
21.54120900
21.42812500
21.68366600
22.67970900
22.37516600
20.93266700
20.92191700
20.45691600
20.61716700
20.73600000
20.54108300
20.38633400
19.61841600
19.17416700
19.80812500
20.13591700
19.48170800
19.44100000
19.41737500
19.11137500
19.34408300
20.21641700
19.32279200
19.22566600
19.20720900
19.07637500
20.17833300
20.48437500
21.34508300
20.24054200
19.85712500
20.57595800
19.79562500
21.46704200
21.32075000
21.48395800
21.71079200
20.89883300
21.86245900
20.72145800
20.84666700
22.05362500
22.10000000
22.00687500
22.39558300
22.03970800
22.58675000
22.43300000
22.29141700
21.89462500
22.44129200
22.40895800
21.96987500
22.43483300
22.06495900
22.07258300
22.57145800
22.13429200
21.61233300
21.95245900
22.49170800
22.06291700
22.44883300
23.62075000
21.69350000
22.24095800
22.44258400
21.98945800
22.36666700
22.42795800
23.02912500
22.45016700
22.40758300
21.83358300
21.76408400
21.57212500
21.63695800
22.27200000
22.05941700
22.20779100
22.47270900
22.55745800
21.70854200
21.80295800
23.49325000
22.28041700
21.76225000
22.62958300
21.77883300
21.65295900
21.42733300
22.25720800
21.97604200
23.92112500
22.90166700
23.27704100
21.96341700
22.20925000
21.34216700
21.49020800
21.62683300
21.37412500
21.85416700
21.88325000
22.72825000
22.23658300
22.09662500
21.84325000
21.03370900
21.70070800
21.15508300
21.33108400
21.48870800
21.39895800
21.47345900
21.66275000
21.65900000
21.47629100
22.85629200
21.95975000
21.70116700
21.93879100
22.46004200
22.20758300
22.35833400
21.88220800
21.76170800
23.77412500
21.99429200
22.34262500
22.36225000
22.28908300
22.94366700
23.04679200
22.60691600
22.26941700
22.25066700
22.97512500
22.56070800
23.17579200
22.05600000
22.41358300
23.77341700
22.13754100
22.23241700
23.00362500
22.03295800
22.43120900
22.89208300
22.32041700
22.52062500
22.42633300
21.85012500
21.89670800
21.73175000
22.30516700
22.05525000
22.23854200
21.83970800
21.89445800
22.81254200
23.88916700
22.73254100
22.49412500
23.27850000
22.89712500
22.00533400
21.68620800
21.66991700
21.49604100
21.46120900
22.65420800
21.88920800
21.95370900
23.90495800
23.58391700
23.46745800
22.87037500
21.85029200
21.68483300
22.05662500
21.76637500
20.48891700
20.67362500
20.18400000
20.38883300
20.42437500
20.56279200
20.26850000
18.77579100
19.50287500
19.09595900
18.83600000
18.53600000
18.29820800
18.77087500
18.44312500
18.63912500
18.67575000
18.59025000
18.34329200
19.25862500
18.94208300
18.86787500
20.25825000
19.93595800
20.56587500
21.25316700
21.23708300
21.39683400
20.20900000
21.19445800
21.26045800
21.62179200
21.58212500
20.70750000
21.07137500
21.93466700
21.85558300
21.97304200
21.50600000
21.76654100
21.35383400
21.66925000
21.70383300
21.46970800
21.67441700
22.16866700
24.92195800
24.72083300
24.73366700
24.85225000
23.96704200
25.14195800
24.24466700
23.87354100
24.15550000
24.34658400
23.90445800
24.33416700
24.02775000
22.03900000
22.98545800
23.78662500
22.36812500
22.39370800
24.23562500
23.28900000
22.92791700
24.07275000
22.13895800
21.87604200
22.98666700
21.82658300
23.45179200
22.37675000
22.19166600
22.21537500
21.91250000
23.12387500
21.57370900
21.48154100
22.61462500
21.79404200
22.17120800
22.16475000
22.17625000
22.61541700
23.69245800
22.34904200
21.83070800
22.06441700
21.44166700
21.79008300
22.00500000
21.74254200
21.90033300
22.31004200
21.51416600
21.52145900
22.98862500
23.22695800
22.59787500
22.13533300
22.54916700
22.75491700
23.89266600
21.64283400
21.70520800
21.78220800
21.48650000
21.18720900
21.83125000
21.80629100
21.39454200
22.25041700
21.45366600
23.11941700
22.88412500
22.24062500
23.12612500
21.78475000
23.13512500
22.05404200
23.07341600
25.80991700
25.02675000
28.72745800
29.64750000
26.22841700
25.80429200
23.58866600
23.41304200
23.80012500
23.27666700
24.77800000
23.28104100
23.43345900
23.34379100
23.57929200
23.63341700
22.08491600
22.33341700
21.52508300
22.01100000
21.63170900
21.64554100
22.01287500
22.71862500
22.22829200
22.84295800
23.82491700
21.67841700
21.99095800
21.13479200
21.67162500
21.87470800
21.63708300
22.58579200
21.93879200
23.12754100
23.44937500
23.43883400
22.85508300
21.06175000
21.99987500
21.20733300
21.40329200
21.59354200
20.93537500
20.21275000
20.70175000
20.05125000
20.13370800
20.51854200
20.19962500
18.68725000
19.30133300
18.82233300
19.34491700
20.45158300
20.41687500
19.95670900
21.18370800
18.70116700
18.84641600
18.44445900
19.48745800
19.07658300
19.80608400
19.06737500
19.88520800
19.97079200
20.50887500
20.61800000
20.47570800
20.15975000
20.69908300
20.23675000
22.12183400
22.57337500
22.89633300
21.95700000
22.82866700
22.24100000
22.47895800
22.08333300
22.07108400
21.81787500
22.60550000
22.36558300
23.57645800
23.16137500
22.27641700
21.83008300
24.43920900
22.60804100
23.71495900
23.29154100
24.20741700
24.09158300
24.92133400
23.76437500
23.86979100
23.74225000
23.72395900
23.11033300
23.81366700
24.09591600
24.36637500
23.89716700
24.16083300
23.18179200
23.67133300
21.80129200
23.09208300
22.95000000
23.70095900
21.92583300
23.86137500
22.34291700
23.46841600
23.10916700
22.22966700
22.19100000
21.97387500
21.50754100
21.93520900
22.07729100
22.02820900
22.16162500
22.58600000
22.84116600
23.42287500
22.26362500
22.72316700
22.19112500
22.76141700
21.85450000
22.95454100
21.83712500
21.81783400
21.87054100
21.82983400
21.73987500
22.38529100
21.21933400
21.11233300
21.14287500
21.01120800
20.73558400
22.06229100
21.03562500
21.50791700
21.10687500
21.79191700
21.90808300
20.74770800
22.14770900
21.26358300
20.30583300
21.54945900
19.91916600
20.42079200
20.40833300
20.82816700
21.96937500
22.05087500
20.95425000
21.10883300
21.79216700
21.51366700
20.55895800
22.55412500
20.24570800
20.28104200
20.46729200
21.79145800
20.71350000
21.14225000
21.97783300
21.86850000
21.67462500
22.02137500
20.07270900
22.25304100
21.93516700
21.50600000
21.01291700
21.84862500
21.54629100
20.68733400
20.35541600
20.24441700
19.78375000
20.76308300
20.61779200
20.33183300
20.58383400
20.52108300
20.02720800
19.55112500
19.53791700
18.97608300
18.53270900
18.98641600
18.39916700
19.34541700
18.39650000
18.49583300
18.38825000
18.64379200
18.13566600
18.63504200
19.29683300
19.23137500
20.81970900
20.31116600
20.51412500
20.90112500
20.30133400
21.62025000
22.03504100
22.42270900
22.05279100
22.00933400
22.11162500
22.73525000
21.71120800
21.77887500
21.78175000
21.81954200
21.53212500
23.00166600
22.08358400
23.85570800
22.58608300
23.16558400
22.38725000
23.86220800
23.37462500
21.89254200
23.03287500
23.32870800
22.79758300
22.18504200
24.19695800
22.03245900
24.14266600
21.96816700
22.91008300
23.05637500
24.06300000
22.83554200
22.73516700
23.02450000
23.18391600
22.97466700
22.88179200
22.29450000
1.27583300
11.54062500
1.56650000
2.51020800
1.38266700
16.13850000
1.07525000
5.25358300
10.94041700
16.68945800
16.69083400
16.67012500
16.69150000
16.66987500
16.68791600
16.67937500
16.69141700
16.69700000
16.65600000
16.68387500
17.27483300
16.45525000
18.74945900
14.29400000
17.03133300
17.41108300
15.66800000
17.01112500
17.23462500
16.34304200
16.73395800
16.55016700
16.64054200
16.26700000
17.21091600
17.36787500
16.11250000
17.14508400
16.20379100
16.63066700
17.11879200
15.84425000
17.17562500
16.97866600
15.75833400
16.91020800
16.90070800
16.63354200
16.62508300
17.71262500
15.47808400
17.04575000
17.26087500
16.05516600
16.87679200
16.49025000
16.82429200
16.78525000
17.18316600
16.06354200
16.49795800
17.19962500
16.09800000
16.72791700
17.21112500
16.44512500
16.79287500
16.72904200
16.53425000
16.83170800
16.81758300
20.74991700
11.83904200
16.72900000
16.85062500
17.05029100
16.27945900
17.00725000
18.16445800
15.42608300
16.99295900
18.87754100
15.49162500
22.81625000
32.31100000
19.00616700
18.61970800
18.71266700
18.80254200
19.07262500
18.16275000
19.53220800
18.87691700
18.60245800
19.15537500
18.87941700
19.28312500
20.83125000
18.62337500
19.10595800
18.90258300
18.60150000
18.32533400
19.62020800
19.12179200
18.46979100
19.11783400
18.68545800
20.16416700
20.55579100
20.07775000
20.09920900
20.71120800
18.93258300
17.80208400
19.68670800
17.95870800
19.02808400
18.79254100
20.00683400
19.18683300
18.31608300
17.60137500
18.68954200
19.19454200
20.63845800
19.83375000
20.32158300
19.15087500
18.00737500
18.58895900
19.11133300
18.58841700
19.89637500
19.33187500
20.78891600
18.87062500
18.86179200
18.73504200
19.34395800
19.13891700
19.27754100
18.82570900
19.01116600
18.68650000
19.71833400
19.17066600
19.69691700
19.12129200
18.78500000
20.05687500
18.32662500
18.10070800
19.40487500
20.57216700
18.54316600
19.55362500
19.19029200
18.05600000
20.00070800
19.47850000
20.66662500
21.38133400
20.82912500
20.84537500
19.95058300
19.33700000
20.33266700
20.76787500
20.69800000
20.49883300
21.05962500
20.73366700
20.81029100
20.43412500
22.19433400
22.07975000
22.62850000
21.76062500
22.60433300
21.64654200
21.68529100
21.90029200
21.79037500
21.44262500
21.83025000
21.71070800
22.47658400
21.93970800
22.21204200
21.02608300
20.89450000
21.83266700
22.13245800
21.90341700
21.73345800
21.04095800
22.28320900
21.25041600
21.55441700
22.02291700
21.99295800
22.31266700
22.73675000
21.66979100
21.38020900
20.49695800
21.69804200
21.24125000
21.73233300
21.64129200
21.89012500
21.63558300
20.71720800
20.80429200
20.44966700
22.94433300
22.36400000
22.04304200
21.47895800
20.16375000
21.55454200
21.00929100
21.82175000
22.36225000
22.51266700
22.08520800
22.47975000
22.18020900
22.57154100
21.72991700
22.26233300
22.49783400
22.18333300
22.14037500
23.87987500
22.35320800
22.72883400
23.07400000
22.70737500
23.17966600
23.23279200
22.29975000
22.12716700
22.19212500
23.06104100
22.00883400
22.78679100
22.81808400
22.93541600
22.59962500
22.63383400
22.63308300
23.28383300
22.05908400
22.45391600
22.27441700
22.19833300
22.37833400
22.53079100
22.79875000
22.13495900
22.70733300
23.99979200
23.28637500
25.40670800
27.01412500
24.76254200
24.68783300
24.86979200
24.73308300
24.00137500
23.91258300
24.08745900
24.23095800
22.47112500
22.15704200
22.28337500
22.03266600
21.69658400
20.35595800
20.45104200
20.67162500
20.96612500
20.49545800
20.28508300
18.92620900
19.02162500
20.27183300
19.42645800
19.26483400
19.28920800
19.41166700
19.00066600
19.10587500
18.87604200
18.72929200
19.34008300
18.87012500
19.49420800
19.76325000
20.57475000
19.99495900
21.06337500
20.56795800
20.68412500
21.03187500
21.15908300
21.01520900
21.89254100
21.93108400
21.98645800
22.80887500
22.37329200
22.31020800
22.67787500
22.01220800
22.36112500
22.47133400
22.50825000
22.57679100
23.14404200
22.45933300
23.58191700
25.14520800
22.67845900
22.17666600
22.55962500
22.29179200
24.12704200
24.50350000
23.99020800
24.21820800
24.11283400
22.84862500
22.91625000
23.80745800
23.29412500
24.90941700
24.15216600
22.63595900
23.64075000
22.73950000
23.92070800
23.93125000
24.43212500
22.20762500
22.41616700
22.43695800
22.34862500
23.82120800
23.59587500
23.27250000
23.11275000
22.30125000
22.35216700
21.85504200
23.10170800
21.78025000
21.91058300
21.88445900
22.05029100
22.07779200
21.72191700
1.18870800
4.02854200
1.25804100
4.56641700
1.04425000
10.43245800
1.12112500
10.90012500
16.68750000
16.68558400
16.67458300
16.68570800
16.67591700
16.70579200
16.68904100
16.71145900
16.66266600
16.66658400
16.67516600
16.67708400
16.72829100
17.08266700
16.39562500
16.83862500
16.47850000
16.97045800
16.51254200
16.52245800
16.70408400
16.78170800
17.07208300
16.35858400
17.13220800
16.92195800
17.14954200
16.14016700
15.88575000
16.94091600
17.01183400
16.14329100
16.62583400
17.28537500
16.26125000
16.64154100
17.17958400
16.19033300
16.91537500
17.42595800
16.27479200
16.31400000
17.21304200
15.94383300
17.89566700
16.21058300
15.81062500
17.46604200
16.14466600
24.63350000
31.22308400
19.62995800
19.88220800
20.08104200
20.05937500
19.90254200
19.17191600
20.04650000
20.30929200
19.42995800
19.81350000
20.03558400
19.43116600
19.81550000
20.59545900
18.98037500
18.56475000
19.31479100
0.98895900
10.43808300
1.15004200
1.51995800
0.99675000
15.00258300
12.45820900
16.68187500
16.68295800
16.68554200
16.68333300
16.69145800
16.68545900
16.68262500
16.69929100
16.66800000
16.69279200
16.68454200
17.34020800
16.05170800
17.24125000
17.52737500
15.49979200
16.45195800
18.29604200
16.38800000
15.61975000
17.16650000
16.39608300
17.13216700
16.86308300
16.52358400
15.77658300
17.81245800
15.87537500
16.75233400
16.84558300
16.30829200
16.59554100
18.05645900
16.60529100
15.39816700
17.37883300
16.35575000
16.83829200
16.50020800
16.67895900
17.03041600
16.73308400
15.95416600
16.63695900
17.50741600
16.62083400
16.67504100
16.01195900
16.94779100
24.88491700
32.78570800
20.06845900
19.56433300
19.26112500
18.98516700
19.56883300
19.15491700
19.55704100
18.99512500
20.99795900
19.41775000
19.05295800
19.49654200
19.15641600
19.21983400
19.70983300
21.28170800
21.11612500
19.01745900
18.69195800
1.05233300
5.29170900
0.91570800
15.79145800
0.91400000
16.02237500
0.97766700
15.02387500
14.11916700
16.66041600
16.67308400
16.75166600
16.64429200
16.66287500
16.68120800
16.73383400
16.64783300
16.73020800
16.62404200
16.70637500
17.35695800
16.62250000
19.27150000
15.96245900
15.40200000
15.76700000
16.55445800
16.82391700
16.58658300
16.84437500
16.97379200
17.79945800
14.95491700
16.70162500
16.63650000
17.08220800
16.29112500
16.67858300
18.60175000
14.85316700
17.98487500
15.80391700
16.17475000
16.91850000
16.56058300
16.75620800
16.63395900
16.89887500
16.42379100
16.71629200
17.56225000
15.70566700
17.10104100
16.76712500
16.91200000
16.16854200
17.78708300
24.22354200
31.51350000
18.73379200
19.94491600
20.11304200
19.79966700
19.34766600
19.09416700
19.37395800
19.71250000
20.46920900
19.21895800
19.41187500
19.43066700
19.53595800
19.91612500
19.92316700
19.91650000
19.91783300
19.48291700
19.35050000
19.17929100
19.12108400
19.11358300
19.47816700
19.39941600
19.74600000
19.12408400
19.32225000
19.05000000
19.32954100
19.02704200
19.24587500
19.14562500
19.43200000
18.61870800
18.80266700
1.13879200
0.86208300
13.07620800
1.04045900
6.19500000
0.86058300
11.41983300
0.90937500
15.71258400
16.71750000
16.67250000
16.68175000
16.68412500
16.66600000
16.69000000
16.69612500
16.65412500
16.69175000
16.68375000
17.03166600
16.39604200
17.48387500
16.69866700
16.53245800
17.77241700
27.73437500
27.62554100
19.85758400
19.89945800
19.96604200
19.70333300
20.03133300
19.56912500
20.17741700
19.51091700
19.24591600
18.73470900
19.33737500
18.60379100
19.08654200
18.98287500
18.76137500
18.59554200
18.87066600
20.96958400
20.58912500
20.75966600
20.87050000
20.61870900
18.44220800
18.71983300
18.59091700
19.52170800
20.65837500
19.01862500
18.80879200
18.54329200
19.02962500
19.03075000
18.53966600
21.29837500
20.31391700
18.82050000
18.33408300
0.97458400
0.94441600
7.41350000
0.90929200
29.16220800
0.86300000
13.06975000
1.00866700
13.67745800
0.90379200
15.68762500
16.69266700
16.67691600
16.70337500
16.65916700
16.68804200
16.68400000
16.68483300
16.74795800
17.58345900
15.75587500
16.68133300
16.81733300
18.80583400
14.87120800
16.89529200
16.36587500
16.63158300
16.39558300
16.68708400
16.90804100
16.46154200
16.77520800
16.65300000
16.63816700
16.66333300
18.27795900
15.18833300
16.64887500
17.83379200
15.95229100
16.53425000
17.00200000
16.03187500
16.89254200
16.82870800
16.76137500
16.74329200
16.89158300
16.05345900
16.69695800
17.14129200
16.54358300
16.30729200
17.05237500
16.28495800
16.68187500
23.35925000
33.22275000
20.01945800
19.24979200
20.28966700
19.73016600
20.79729200
19.54700000
19.59662500
18.90612500
20.95329200
19.08358300
19.03287500
18.96812500
19.97020800
19.17837500
20.68245900
21.11695800
19.52366700
19.61808300
19.93616700
21.81441600
19.05258400
19.99945800
19.91408300
19.37620900
19.00450000
19.50095800
19.65170800
21.51279200
21.44516700
19.22695800
19.20529200
19.04454100
19.19412500
18.82991700
19.16991700
21.77162500
21.23575000
21.69308300
22.49962500
19.39383300
20.03595900
19.75008300
18.31116700
1.04900000
1.92291600
1.16020900
16.17437500
0.99758300
15.36004200
0.86691600
15.67925000
0.99591700
13.55987500
16.68541700
16.68541600
16.69520900
16.67729100
16.67991700
16.68279200
16.69429100
16.67037500
16.70033400
17.21458300
16.54958300
16.38812500
16.90983400
16.46695800
21.23604200
12.28029100
17.18579200
16.05316700
17.15775000
17.27433300
16.05783300
16.82895900
16.36616600
16.35829200
16.69312500
16.95900000
17.40787500
17.93562500
15.16645800
15.96250000
17.41604200
15.99845800
16.79791700
17.67212500
15.46554200
17.85170800
17.12320800
15.08466700
16.70900000
17.48404200
16.16704100
16.48395900
16.98408300
16.33162500
16.59508300
17.59579200
15.97737500
24.08729200
30.19583300
21.31120800
20.84016700
19.93654200
21.27983300
19.52162500
19.76908300
19.64279200
19.45987500
21.82504200
19.31812500
18.80975000
18.48866600
20.08629200
18.45629200
20.89700000
18.90662500
21.15816600
19.89275000
20.04816700
18.22983300
18.44495900
18.70795800
18.65970800
20.02975000
18.96466700
18.40841700
18.67720800
18.31837500
18.57687500
19.14900000
18.93445800
19.66079200
21.38929200
21.63566600
21.71887500
21.93908400
21.33166600
19.92516700
19.34954200
0.93233300
5.75887500
1.20887500
1.44950000
16.40104200
1.09866600
4.99216700
3.10375000
16.68333300
16.68641700
16.68187500
16.68329200
16.68333300
16.69287500
16.69158300
16.68683400
16.68225000
16.68275000
16.67958300
17.04766700
16.45550000
16.59375000
17.30537500
16.04675000
16.72383300
18.07179200
15.26075000
16.69595800
17.11133300
17.27854200
15.64916700
16.93383300
16.46695800
16.99779200
17.04075000
16.00829200
16.64770800
16.80387500
16.57158300
16.97662500
16.39420900
16.66929100
16.73158400
16.79633300
16.51479200
17.31608300
16.21016700
16.80641600
16.52733400
16.56812500
16.67833300
17.04845800
16.35154200
16.70354200
17.13162500
16.45950000
16.45979100
24.63445900
30.24108300
18.80341700
18.32716600
19.15154200
18.87841700
18.87837500
18.89125000
18.73325000
19.20716600
19.10416700
19.84191700
20.91900000
21.10066600
18.87291700
18.59854200
19.02562500
21.08016600
18.72245900
19.29579100
19.02737500
19.45850000
19.79745900
18.68929100
19.32933400
19.48108300
19.59512500
19.57187500
19.08550000
19.42054200
19.57558300
19.32516700
19.54191600
19.95408400
20.34712500
19.81708300
21.18608300
20.14658400
20.84254100
20.79962500
21.16062500
21.03458400
22.99058300
21.87308300
22.49916700
22.22779200
22.64558300
21.69795800
22.71929200
21.94300000
22.05670800
22.01837500
22.56558400
21.95558300
22.70979200
22.20612500
22.06812500
21.86954100
21.85395900
21.27091600
22.40287500
21.61783400
21.88858300
22.09529200
22.37191600
22.06150000
23.38362500
21.86366700
22.14175000
22.78466700
22.74958300
22.29058300
23.91245900
22.09808300
22.36883300
23.27825000
23.43150000
23.04716700
23.51487500
21.63529200
22.41845800
23.08870800
23.30358400
23.31845800
23.61129200
23.08558300
23.75070800
24.50295900
23.53125000
22.90141600
23.73037500
23.83854200
22.43895800
22.78658400
22.05987500
22.09912500
23.18762500
22.14754100
24.57195900
22.23091600
22.95350000
21.86033400
21.78658300
22.71787500
23.44225000
22.91633300
21.68504200
22.15879200
22.23200000
23.04816600
22.44779200
23.06616700
24.17583300
22.91845800
23.52970900
23.69016600
23.18691700
22.49975000
22.52408300
21.78841700
21.93237500
21.82854200
22.17858300
22.82479200
22.69800000
22.94616600
22.54050000
23.89725000
24.30487500
23.28458400
22.35979100
21.89970900
21.84433300
21.04300000
21.75741700
19.68316600
19.95058400
20.46925000
20.21204100
19.73529200
20.70920800
20.13983400
20.52558300
19.88929200
19.24537500
18.79008300
19.35391700
18.70683300
19.50433300
19.93133400
19.53162500
18.99725000
19.08500000
18.78512500
21.21212500
20.82312500
21.25595800
21.45195800
21.38887500
22.13612500
22.87312500
23.20766700
22.21062500
22.30395800
22.02158400
21.89825000
22.78100000
22.01720800
22.63062500
22.59208300
22.48287500
22.45154200
22.46441700
22.07312500
22.61508300
22.49170800
24.78329200
22.93225000
24.21225000
22.47200000
22.79470800
23.92920900
24.33695800
23.07816700
23.62079100
24.14545900
23.52316600
23.68545900
22.49091600
23.28450000
24.52587500
24.92787500
23.79004200
23.72208300
23.20750000
22.98787500
23.21229200
23.41570800
23.13833400
22.76279100
23.42558400
22.77745800
23.29408300
24.07770900
24.64187500
23.40512500
24.08504100
24.72270900
24.16366600
23.13950000
23.86462500
24.13483400
23.82887500
22.97650000
23.76870800
22.95187500
22.71850000
23.13037500
23.23154200
24.85037500
23.83333300
22.73079200
23.91458300
23.93933300
24.77379200
23.47733300
23.94633400
23.60050000
24.54883300
24.60570800
22.89179200
23.66741700
23.91308300
21.63879200
22.53716600
23.15195900
22.34687500
23.30900000
23.26641600
23.98191700
23.77537500
22.47591700
23.51787500
23.99066600
24.11258400
23.71845800
24.29262500
22.45429200
24.50416600
23.41770900
23.56500000
23.61791600
24.73225000
22.23091700
22.48129200
21.58750000
22.19829100
23.59087500
23.60766700
23.23316700
23.47591600
23.76441700
23.52141700
24.07633300
23.45345800
22.40941700
24.56691700
22.69433300
24.78420800
22.91604200
24.35079200
23.25362500
24.65587500
22.58120800
21.77129200
21.48470800
23.46908300
22.85133400
24.41295800
23.94737500
21.83412500
23.59495800
24.07712500
23.93954200
24.10658300
23.90212500
23.96991700
23.97116700
22.13808300
23.02220800
22.80575000
22.80100000
22.85383400
24.36625000
23.76333300
23.12079200
23.58558300
21.08616700
21.21070800
20.96466700
21.14220800
20.96745800
21.11445900
20.74129100
19.90633400
19.54295800
19.68233300
19.69012500
19.76225000
19.55116700
20.16129200
19.61200000
18.36158300
18.31475000
19.29695800
18.74820900
19.30575000
19.36270800
19.19958300
19.46120900
19.57320800
19.21191700
20.71887500
20.29908300
20.71195800
21.18558400
22.14979100
21.61225000
22.04841700
21.22404200
21.78091600
21.73029200
21.74370800
21.20962500
22.35404200
21.33329200
22.05887500
23.14470800
23.98595800
22.53954200
24.82295800
23.45633400
24.14787500
23.97145800
24.62383300
22.76712500
22.71358400
22.96116600
23.42079200
23.41533300
23.74666700
23.02795800
23.27966700
22.26687500
24.19954200
23.20620800
23.77033300
23.28212500
23.92729200
23.15554200
24.00841600
23.70900000
23.74954200
23.57266700
23.87270800
23.36466700
23.52837500
22.69458300
24.20100000
23.68670800
23.96770900
23.44650000
24.14045800
23.34687500
22.40133300
22.84829200
23.37691700
22.98708300
23.32587500
23.21183300
23.49045900
21.86254100
23.69858400
23.06804100
23.84762500
23.46379200
27.51358300
27.01275000
24.89516700
24.77087500
27.00529200
26.50258300
28.06170800
26.55691700
27.07337500
27.65729200
27.76300000
26.38108300
25.13945800
23.93012500
24.05279200
23.57491700
24.83462500
23.53362500
25.73383300
23.93379200
24.90087500
22.87191600
22.97562500
23.08316700
22.86329200
22.12245800
22.64600000
22.25595800
23.42804200
21.45512500
22.05741700
21.65658300
22.11525000
21.93729200
22.76825000
21.67591600
22.45587500
21.82304200
22.94558300
22.27854200
22.75920800
21.80191700
23.10862500
22.26341700
22.44254100
21.98512500
22.86008400
21.72383300
22.51312500
22.20308300
23.62783400
23.80995800
22.55300000
21.72054200
22.43379100
21.66100000
22.37687500
22.15566700
21.81670800
20.05975000
20.85250000
20.16950000
20.43404200
20.66150000
21.00554200
20.14437500
21.19958300
20.52266700
20.72941600
20.85525000
20.93866700
20.46454200
19.41183300
19.49629200
19.74970800
18.89545800
21.20745900
21.11295800
21.20245800
20.87904200
21.51404200
20.83858300
22.68700000
21.98779200
22.58100000
21.62587500
22.39087500
21.50216600
22.43279200
22.56825000
25.28845800
22.60629200
24.56750000
23.61275000
24.30158300
24.36100000
25.11850000
24.04850000
25.73187500
23.77925000
24.23741700
23.96450000
24.38158300
23.52475000
24.90795900
23.72016600
24.29050000
24.58741700
24.55200000
23.93350000
25.24908300
23.89495900
24.91733300
23.60195800
23.00887500
1.41487500
8.60550000
1.16495900
15.63400000
0.95979100
7.71025000
1.12933400
9.72350000
4.73691600
16.68033400
16.68650000
16.69170800
16.70050000
16.67658300
16.66179200
16.70291700
16.67483300
16.67208300
16.69116700
16.73241700
17.02812500
16.31883300
16.85125000
16.77558300
16.55179200
16.55616700
16.91820800
16.44833300
16.68158400
17.01279100
16.34895900
17.00879100
16.57325000
16.47404200
16.69816700
17.28050000
16.23937500
16.53554100
17.10750000
16.28658400
16.63016600
16.73387500
16.63291700
16.84183300
17.17800000
16.13591700
16.58687500
16.89566700
16.61058300
16.65670800
16.71008400
16.55679100
17.18325000
17.09145900
16.09008300
16.39358300
16.82945900
16.56575000
17.01270800
17.09816700
16.05270800
16.75254200
16.99054100
16.72945900
22.47366600
30.53745900
19.21575000
18.84762500
19.44112500
18.78770800
19.84025000
19.16112500
19.47370800
19.41075000
19.82858400
18.70687500
19.10858300
19.00416700
19.56504100
18.34462500
19.10800000
18.03100000
19.01129200
18.60987500
20.71204200
19.35691600
20.50545900
20.45720800
18.90341700
18.90029100
18.81020900
17.95895800
19.09062500
18.63754200
18.79145800
19.49020800
18.49050000
18.71562500
18.79625000
18.62912500
18.55691700
19.00129200
19.74275000
25.38495800
25.45966700
37.41658300
33.42266700
27.31541600
30.90637500
28.64420900
30.11412500
28.45350000
28.48216600
25.68225000
25.38570900
25.11500000
24.21487500
23.34466600
23.62516700
23.32720800
22.93195900
21.46504100
21.93787500
21.84154200
21.70825000
20.98162500
20.98762500
20.06387500
20.13941700
19.70804100
20.53441700
19.96004200
20.55200000
19.92316600
20.26020900
19.94795800
20.55529200
20.13891600
20.75450000
20.15079200
21.32950000
21.59287500
22.71637500
23.26237500
22.16337500
21.91991700
23.05654100
22.54633400
24.62850000
24.10725000
24.91858300
24.64770800
25.08058400
23.27920800
24.30466700
23.94362500
23.62437500
23.55487500
23.86137500
23.85691600
24.35725000
23.30945900
23.60537500
23.38550000
23.72641600
23.03745900
24.32095800
23.50125000
23.79170800
23.25591700
23.73641700
23.19412500
23.74779100
26.14237500
24.89145900
23.40791600
24.07375000
23.95595900
23.71237500
23.38775000
24.35558300
23.92566700
23.99041600
24.54429200
24.53895800
23.72041700
24.16575000
23.23595800
24.01137500
23.97091700
24.37520800
23.67845900
24.54566600
23.51058400
24.30120800
23.70025000
24.73637500
23.59625000
24.97841700
23.80420800
23.98804200
24.40012500
23.93354100
23.49512500
24.04158400
23.14241600
21.87745900
22.43570800
22.29325000
21.56454200
22.25595800
21.79000000
22.25950000
22.50916700
22.27929100
22.36737500
22.93062500
21.61166700
22.37108300
22.53608400
21.98075000
22.38616600
22.03129200
22.42291700
22.87541600
22.12308400
22.84566600
22.10237500
22.55337500
21.64125000
23.13295900
22.92741600
23.16608400
23.47683300
23.74279200
22.56504100
23.78245900
22.73987500
22.84070800
22.74212500
23.12766700
22.32904100
23.73016700
22.76945800
23.11316700
22.40908300
22.71620900
21.79675000
23.09591600
22.05645900
22.89662500
22.25562500
22.33950000
22.03062500
23.06137500
21.68570800
21.92600000
20.45500000
20.79254200
20.12425000
20.90562500
20.30437500
20.50875000
20.47937500
20.68729100
19.93912500
19.23741700
18.94550000
19.77233300
18.95462500
19.68383400
19.77170800
20.49370800
18.68141700
20.53470800
22.62495900
21.86812500
22.76125000
29.07179100
27.08612500
28.84650000
25.81112500
26.71433400
25.91370800
25.59420800
23.77737500
26.98637500
26.86475000
25.38170900
24.09141600
25.32845900
24.66262500
27.61183300
27.37925000
26.81125000
26.56245800
26.89070900
26.53270800
24.86345800
25.70808400
24.46533300
24.03787500
25.47937500
30.27508300
29.24004200
30.12170800
39.99225000
38.03950000
31.04254200
30.10166700
31.19262500
30.17708300
30.05662500
30.76087500
30.39054200
30.46245800
31.08679200
30.17654100
30.87308400
31.40345800
30.17195800
29.32004200
30.45495800
29.38295900
27.25712500
26.86420800
27.20783300
26.50225000
27.19029200
26.55775000
27.01554200
25.93333300
25.52495800
23.95525000
25.01250000
24.33866700
25.58645800
24.09679200
25.40187500
24.05600000
25.43129200
23.49454100
25.74679200
23.91941700
25.16662500
23.90941600
24.95341700
23.90650000
25.27520800
24.27979200
24.42070800
24.46079200
24.40295800
23.88600000
24.61245900
23.87720800
24.77533300
24.30562500
24.38366700
24.55850000
24.60095800
23.90133400
24.80454100
24.15566700
24.37225000
23.65525000
24.81070800
24.29654200
24.59970800
23.96287500
24.09370900
23.78041600
25.07300000
23.66045900
25.19141600
24.04537500
24.05891700
23.29758300
24.87354200
23.66962500
24.33466700
23.55812500
24.57345800
24.57354200
24.40670800
24.04033300
24.26887500
24.57720900
24.22533300
23.71012500
24.16079200
23.79116600
24.50670900
23.69137500
23.70587500
23.72758300
23.96791700
23.39258300
24.55787500
23.90133300
24.11454200
25.56504200
26.21100000
26.07545800
24.52304200
24.24266600
23.79412500
24.39170900
24.01370800
22.20870800
23.25966700
21.71950000
22.20233300
21.77937500
22.03679200
20.88470800
20.78341700
20.32791700
20.68216600
20.45312500
20.63412500
20.12095900
21.16845800
20.58250000
21.21208300
20.84679200
21.21166700
21.09629100
20.96883400
20.76762500
20.82729100
21.71083400
22.41483300
22.05087500
22.46433300
21.92187500
23.76670900
21.54166600
23.44270900
23.87004100
23.73533400
23.77633300
24.49412500
23.41479200
23.84054100
23.84950000
24.20083400
23.65437500
24.16050000
23.53295800
24.18379200
24.04525000
24.58612500
23.95825000
24.41466600
23.51954200
23.86091700
24.22691600
24.16733400
23.62983300
23.85325000
26.69129200
29.64012500
26.54729100
26.61387500
26.21037500
26.40587500
25.66083400
23.71541600
23.64833400
23.65250000
24.32729100
23.88050000
23.66362500
23.28975000
24.29820900
24.44570800
23.69075000
24.97670800
23.63758400
24.19779100
23.66870900
23.55520800
23.57270800
23.88100000
24.04137500
24.18891700
23.70783300
24.43316700
23.53550000
23.44100000
24.34170800
24.88941700
24.19175000
24.40029200
24.93195800
25.07958300
23.89354200
22.51462500
21.28991700
21.50825000
22.95945800
22.25137500
21.82325000
22.70891700
22.75683300
21.73975000
22.64166700
25.07162500
22.06458300
23.30412500
23.48620800
22.58683400
23.11875000
23.60937500
21.76129100
22.25637500
22.07466700
22.16404200
23.68483300
24.05966700
23.23145800
22.86445800
23.05395900
23.47145800
25.15937500
24.93479200
23.39683300
24.56358300
22.05133400
23.48887500
22.38987500
22.49595800
23.42029200
24.10625000
23.27837500
23.35850000
23.32600000
21.85712500
21.52945800
21.54262500
21.84433300
21.97808400
21.67920800
22.18945800
20.98225000
20.55958400
20.57316600
21.01500000
20.79129200
20.65883300
20.87662500
20.87462500
20.24358400
20.68816600
20.52391700
20.70341700
20.93283300
20.54833300
21.05583400
21.76233300
20.60362500
20.46829200
20.86929100
21.78920900
21.82945800
22.45325000
22.50787500
22.04637500
22.05762500
22.97400000
24.31437500
24.09804200
23.61666600
23.88770900
24.21875000
24.52762500
23.78650000
24.42050000
23.48512500
23.94350000
24.13091600
23.74587500
23.40300000
24.39916700
23.59304200
23.76158300
23.43154200
23.68808300
23.70608300
24.05879200
23.66362500
23.61612500
23.23716700
23.80350000
23.91037500
23.62454100
24.47787500
24.45208400
25.23770800
26.35425000
28.05179200
25.91754100
25.54141700
23.78775000
24.35425000
24.90625000
25.09366700
25.15733300
23.97558300
24.65233400
25.07704100
24.99691700
24.36191700
24.41387500
23.44633300
23.94395800
24.10666700
24.14466700
23.53991600
23.62620900
23.59591600
24.14783400
23.33920800
24.27895800
23.85608400
23.26225000
23.55945800
23.63995800
24.29929200
24.39741700
25.56879100
24.23245900
23.21445800
22.78883300
22.06520900
22.23179100
22.46345900
22.47241600
22.03633400
22.74350000
22.03650000
22.43395800
22.44150000
22.51166700
24.23975000
26.16012500
29.76966600
27.80554200
27.35866700
26.94333300
23.86579200
24.24075000
23.99704100
24.78008400
23.90350000
24.28825000
24.46841600
24.33512500
23.86250000
25.31991700
24.11150000
25.31962500
25.08245800
26.14054200
32.86354200
