frame,total_ms,cpu_wall_ms,cpu_idle_ms,cpu_throttle_sleep_ms,cpu_throttle_requested_ms,cpu_throttle_lateness_ms,video_build_ms,present_ms,audio_mix_ms,static_bursts,static_cycles,static_native_dispatches,static_fallback_steps,static_hook_fallbacks
11408,16.637917,16.619202,0.000000,6.139041,6.138707,0.000334,0.037541,0.033375,0.593250,632,8080246,128986,0,5408
11409,16.342416,16.360736,0.000000,6.158666,6.158291,0.000375,0.033750,0.079875,0.290541,644,8100778,130644,0,7421
11410,17.146709,17.098411,0.000000,5.698083,5.697514,0.000278,0.046875,0.019958,0.593375,630,8049314,137605,0,5408
11411,16.665791,16.630061,0.000000,6.066960,6.066500,0.000460,0.039667,0.018583,0.580125,632,8080260,128310,0,5408
11412,16.585459,16.580015,0.000000,6.139376,6.139000,0.000376,0.035500,0.028583,0.297875,640,8070983,129939,0,7210
11413,16.724416,16.702176,0.000000,6.280916,6.280500,0.000416,0.033042,0.037000,0.587167,631,8080246,130331,0,5408
11414,16.713875,16.654243,0.000000,6.314250,6.313874,0.000376,0.034000,0.016584,0.290667,631,8064785,128975,0,5408
11415,16.664042,16.681396,0.000000,6.203750,6.203458,0.000292,0.040500,0.017417,0.627125,641,8086478,128807,0,7210
11416,16.823875,16.811094,0.000000,6.150666,6.150083,0.000583,0.043583,0.018792,0.290416,630,8080174,130032,0,5408
11417,16.676500,16.611539,0.000000,5.716168,5.715722,0.000237,0.045958,0.013167,0.596000,632,8064786,127806,0,5408
11418,16.035333,16.229129,0.000000,5.989292,5.988916,0.000376,0.039667,0.189625,0.292792,654,8206479,133011,0,7870
11419,17.277750,17.095438,0.000000,5.700583,5.700181,0.000194,0.046459,0.018208,0.584792,625,7956664,140657,0,5408
11420,16.668959,16.648231,0.000000,6.146958,6.146708,0.000250,0.036333,0.033458,0.613125,631,8080228,128431,0,5408
11421,16.575375,16.532940,0.000000,6.196333,6.195833,0.000500,0.040416,0.017459,0.290083,640,8071049,126879,0,7210
11422,16.902375,16.908456,0.000000,5.973292,5.973001,0.000291,0.049333,0.028292,0.582417,632,8080232,132691,0,5408
11423,16.588041,16.528291,0.000000,5.964334,5.963874,0.000460,0.038125,0.018167,0.292167,633,8064837,128045,0,5408
11424,16.683917,16.676405,0.000000,6.083167,6.082875,0.000292,0.038958,0.018125,0.591875,639,8071178,129997,0,7210
11425,16.636667,16.657513,0.000000,6.037875,6.037417,0.000458,0.037916,0.026709,0.290208,633,8098720,129555,0,5408
11426,16.711916,16.683576,0.000000,6.117543,6.117250,0.000293,0.036084,0.028333,0.592209,632,8076999,129609,0,5408
11427,16.690584,16.676236,0.000000,6.166666,6.166374,0.000292,0.037083,0.028500,0.579042,637,8071064,129773,0,7210
11428,16.268166,16.238070,0.000000,6.178958,6.178459,0.000499,0.037084,0.028041,0.293875,636,8079199,126856,0,5593
11429,17.017667,17.010008,0.000000,5.831959,5.831625,0.000334,0.041625,0.026708,0.583709,638,8072220,137875,0,7006
11430,16.655667,16.636502,0.000000,6.156083,6.155666,0.000417,0.029750,0.029791,0.293458,634,8079050,130374,0,5612
11431,16.694375,16.674670,0.000000,6.376833,6.376500,0.000333,0.030875,0.030416,0.589125,632,8080227,128576,0,5408
11432,16.765166,16.746326,0.000000,6.389376,6.388833,0.000543,0.037334,0.028625,0.289750,642,8086489,128895,0,7210
11433,16.641625,16.616328,0.000000,6.151791,6.151457,0.000334,0.032959,0.020250,0.594541,629,8064775,129004,0,5408
11434,16.727750,16.715808,0.000000,6.234541,6.234292,0.000249,0.035500,0.029125,0.581750,634,8080298,129659,0,5408
11435,16.586917,16.547744,0.000000,6.299668,6.299250,0.000418,0.040125,0.028500,0.293291,636,8055492,127178,0,7210
11436,16.763833,16.725883,0.000000,6.202666,6.202416,0.000250,0.038250,0.017750,0.583583,633,8080348,130673,0,5408
11437,16.705959,16.722629,0.000000,6.185584,6.185167,0.000417,0.039541,0.019417,0.292500,634,8092853,128158,0,5408
11438,16.634208,16.616871,0.000000,6.190166,6.189707,0.000459,0.035417,0.017125,0.606750,641,8062911,128656,0,7210
11439,16.653625,16.633035,0.000000,6.139209,6.138750,0.000459,0.035042,0.031916,0.298500,631,8082526,130122,0,5410
11440,16.723167,16.691590,0.000000,6.406792,6.406334,0.000458,0.038833,0.029667,0.586042,631,8073318,127870,0,5408
11441,16.345416,16.304632,0.000000,6.468291,6.467874,0.000417,0.031125,0.015875,0.291334,642,8085620,128172,0,7367
11442,17.032959,17.059972,0.000000,5.371250,5.370763,0.000237,0.040708,0.038042,0.593958,632,8078898,146966,0,5661
11443,16.675958,16.645044,0.000000,6.229500,6.229084,0.000416,0.038833,0.026792,0.582333,632,8080069,129846,0,5408
11444,16.155917,16.303227,0.000000,6.162417,6.162083,0.000334,0.031958,0.186875,0.291042,643,8085822,132182,0,7333
11445,16.620791,16.662974,0.000000,5.676875,5.676555,0.000112,0.039500,0.235250,0.585458,648,8280347,145282,0,5531
11446,17.231792,17.014381,0.000000,5.255832,5.255222,0.000319,0.053708,0.030292,0.298333,617,7879447,141500,0,5408
11447,16.737458,16.689713,0.000000,5.558416,5.557930,0.000361,0.081459,0.024291,0.593083,641,8055558,133642,0,7210
11448,16.679959,16.752424,0.000000,4.880041,4.879305,0.000278,0.098125,0.040791,0.292292,643,8187071,138397,0,5644
11449,17.158833,17.100410,0.000000,4.287501,4.286681,0.000278,0.077292,0.030125,0.597000,627,7986671,152329,0,5574
11450,16.853958,16.844260,0.000000,5.426041,5.384472,0.040778,0.091584,0.024000,0.589417,638,8070995,131076,0,7210
11451,16.382584,16.351263,0.000000,4.943709,4.942763,0.000195,0.055125,0.044125,0.292541,632,8080230,131952,0,5408
11452,16.389250,16.333128,0.000000,5.812208,5.807916,0.004208,0.045500,0.026916,0.583208,631,8064779,129507,0,5408
11453,16.694666,16.688886,0.000000,5.705083,5.704749,0.000251,0.053417,0.042083,0.289917,641,8071014,131167,0,7210
11454,16.738750,16.658645,0.000000,5.540958,5.540555,0.000195,0.045750,0.020542,0.605542,630,8064792,133483,0,5408
11455,16.697584,16.678439,0.000000,5.658457,5.657958,0.000499,0.047083,0.012542,0.290583,634,8080212,132860,0,5408
11456,16.539375,16.525449,0.000000,5.722458,5.722013,0.000278,0.047875,0.026666,0.589334,642,8071003,132382,0,7210
11457,16.322666,16.340368,0.000000,5.679915,5.679429,0.000320,0.033292,0.032500,0.290333,638,8124822,134963,0,5733
11458,16.953542,16.916012,0.000000,5.091791,5.091306,0.000319,0.035458,0.037875,0.596750,628,8033895,146020,0,5408
11459,16.729417,16.755496,0.000000,5.711500,5.711222,0.000112,0.042958,0.032792,0.582666,642,8101919,135880,0,7210
11460,16.752958,16.693931,0.000000,5.692374,5.691999,0.000375,0.037000,0.020250,0.290333,631,8049316,135873,0,5408
11461,16.607375,16.623132,0.000000,5.714376,5.713931,0.000278,0.036625,0.037375,0.591417,633,8095699,135699,0,5408
11462,16.648458,16.572207,0.000000,5.996042,5.995791,0.000251,0.039584,0.035083,0.296334,639,8055670,132542,0,7210
11463,16.838459,16.862097,0.000000,5.828249,5.827999,0.000250,0.042791,0.033792,0.586624,634,8095540,136453,0,5408
11464,16.714458,16.698375,0.000000,5.790709,5.790042,0.000667,0.041167,0.034208,0.291083,630,8080337,133571,0,5408
11465,16.526292,16.526544,0.000000,5.756126,5.755792,0.000334,0.038958,0.033375,0.591833,642,8086388,133317,0,7210
11466,16.790375,16.754296,0.000000,5.718417,5.718041,0.000376,0.045250,0.036000,0.720917,633,8064739,135728,0,5408
11467,16.695333,16.668892,0.000000,5.809209,5.808876,0.000333,0.043625,0.019083,0.292000,632,8080222,133954,0,5408
11468,16.600917,16.599797,0.000000,5.773084,5.772708,0.000376,0.040875,0.025458,0.585917,640,8063776,133333,0,7210
11469,16.622541,16.567237,0.000000,5.776833,5.776415,0.000418,0.038500,0.027042,0.292542,631,8072117,134584,0,5408
11470,16.745167,16.751129,0.000000,5.905499,5.905125,0.000374,0.036000,0.034417,0.594209,633,8095632,135467,0,5408
11471,16.617958,16.561332,0.000000,6.012043,6.011708,0.000335,0.041084,0.026458,0.289750,640,8055604,131497,0,7210
11472,16.762709,16.766622,0.000000,5.933499,5.933082,0.000417,0.034458,0.016833,0.592667,632,8080149,134513,0,5408
11473,16.703083,16.697373,0.000000,5.785041,5.784708,0.000333,0.046583,0.018500,0.579666,651,8069703,135487,0,7449
11474,16.545625,16.481850,0.000000,5.687667,5.687097,0.000362,0.036250,0.017000,0.291792,639,8070998,133426,0,7210
11475,16.729417,16.767921,0.000000,5.977584,5.977083,0.000501,0.034500,0.031416,0.582166,635,8095670,134921,0,5408
11476,16.301458,16.320525,0.000000,6.061916,6.061542,0.000374,0.043042,0.099250,0.291542,637,8083832,132924,0,5730
11477,17.212708,17.144454,0.000000,4.789916,4.789180,0.000319,0.072834,0.034083,0.603541,640,8065687,142500,0,7210
11478,16.566250,16.517079,0.000000,5.678167,5.677763,0.000321,0.036709,0.017666,0.291000,630,8064793,136096,0,5408
11479,16.639542,16.599593,0.000000,5.907458,5.907083,0.000375,0.034542,0.029500,0.597042,632,8080222,133699,0,5408
11480,16.739542,16.767768,0.000000,5.960084,5.959833,0.000251,0.037833,0.020417,0.580084,640,8086494,134311,0,7210
11481,16.661125,16.633203,0.000000,5.970167,5.969875,0.000292,0.034833,0.016833,0.295417,633,8064782,131805,0,5408
11482,16.696291,16.674334,0.000000,6.061208,6.060750,0.000458,0.034250,0.016334,0.579208,633,8077834,131481,0,5877
11483,16.686084,16.658913,0.000000,6.076333,6.075958,0.000375,0.036583,0.010500,0.291000,637,8073434,132071,0,6741
11484,16.679750,16.677066,0.000000,6.235125,6.234874,0.000251,0.038291,0.026542,0.594209,632,8080220,129949,0,5408
11485,16.707750,16.693601,0.000000,6.175876,6.175334,0.000542,0.033333,0.017167,0.290584,642,8102079,130241,0,7210
11486,16.768041,16.760337,0.000000,5.884876,5.884375,0.000501,0.049292,0.033208,0.586583,629,8064683,133776,0,5408
11487,16.585709,16.570324,0.000000,6.224750,6.224333,0.000417,0.035333,0.029625,0.291750,633,8080203,129905,0,5408
11488,16.573458,16.551754,0.000000,6.292417,6.292084,0.000333,0.032000,0.029667,0.588541,641,8081544,129784,0,7210
11489,16.968917,16.960676,0.000000,6.150459,6.150000,0.000459,0.066916,0.025959,0.586625,629,8054286,131833,0,5408
11490,16.733875,16.709356,0.000000,5.652793,5.652417,0.000376,0.048875,0.028250,0.290292,634,8095658,131870,0,5408
11491,16.534625,16.474748,0.000000,5.853041,5.852667,0.000374,0.047625,0.019708,0.582666,640,8055657,129064,0,7210
11492,16.723750,16.745988,0.000000,5.752792,5.747583,0.005209,0.055291,0.019875,0.290708,631,8095613,133070,0,5408
11493,16.544000,16.544207,0.000000,5.999625,5.992124,0.007501,0.053083,0.018708,0.580333,631,8080259,130321,0,5408
11494,16.634833,16.614903,0.000000,6.664624,6.650166,0.014458,0.046958,0.045542,0.289792,640,8070975,131221,0,7210
11495,16.742542,16.702036,0.000000,6.660167,6.659791,0.000376,0.043416,0.011000,0.584376,630,8080265,132492,0,5408
11496,16.719000,16.721195,0.000000,6.590833,6.590416,0.000417,0.055125,0.019375,0.581125,632,8080291,130033,0,5408
11497,16.597041,16.569906,0.000000,6.609958,6.606000,0.003958,0.045334,0.018000,0.291209,642,8086380,130377,0,7210
11498,16.751709,16.742417,0.000000,6.501958,6.501707,0.000251,0.053625,0.021916,0.579750,632,8064806,133574,0,5408
11499,16.687833,16.709275,0.000000,6.676790,6.676415,0.000375,0.051417,0.047208,0.292208,633,8095693,130571,0,5408
11500,16.410958,16.354959,0.000000,6.714958,6.700750,0.014208,0.050834,0.035291,0.583792,643,8070003,131246,0,7388
11501,16.557750,16.616322,0.000000,5.789751,5.779972,0.009487,0.042292,0.097167,0.291875,646,8217926,145141,0,5653
11502,16.498125,16.610405,0.000000,5.963667,5.959291,0.004376,0.046417,0.245500,0.582125,628,7985132,139794,0,5865
11503,17.185542,16.933460,0.000000,6.355583,6.355084,0.000499,0.059292,0.014583,0.288917,636,8009224,136890,0,7210
11504,16.713125,16.750158,0.000000,6.515417,6.512041,0.003376,0.056125,0.029500,0.581667,634,8095807,130875,0,5408
11505,16.679792,16.667576,0.000000,6.193208,6.192374,0.000834,0.054916,0.067375,0.583083,631,8064645,137056,0,5408
11506,16.701250,16.663885,0.000000,6.349709,6.349167,0.000375,0.055708,0.018250,0.292125,642,8086560,134324,0,7210
11507,16.758916,16.740704,0.000000,6.370750,6.370499,0.000251,0.053709,0.013333,0.584417,633,8067746,135969,0,5408
11508,16.646417,16.609671,0.000000,6.468624,6.468249,0.000375,0.050833,0.018709,0.291500,630,8077170,133032,0,5408
11509,16.540417,16.494541,0.000000,6.679417,6.673334,0.006083,0.051958,0.018458,0.579709,641,8071244,129953,0,7210
11510,16.865708,16.899985,0.000000,6.639876,6.639542,0.000334,0.050292,0.030125,0.292500,632,8079970,134311,0,5408
11511,16.628167,16.604544,0.000000,6.516417,6.508208,0.008209,0.050166,0.026000,0.634084,633,8080270,133109,0,5408
11512,16.599000,16.586344,0.000000,6.575082,6.561625,0.013457,0.044625,0.043833,0.600833,639,8070995,132774,0,7210
11513,16.804916,16.777093,0.000000,6.175709,6.175458,0.000126,0.054875,0.038417,0.290750,634,8080205,136041,0,5408
11514,16.709292,16.706625,0.000000,6.430333,6.422499,0.007834,0.048708,0.037834,0.581126,631,8080247,134191,0,5408
11515,16.564667,16.582995,0.000000,6.499667,6.492667,0.007000,0.059250,0.058541,0.303750,639,8070988,130770,0,7210
11516,16.781708,16.726423,0.000000,6.455416,6.454874,0.000542,0.053583,0.013334,0.592375,634,8080223,132888,0,5408
11517,16.594042,16.590861,0.000000,6.487541,6.483832,0.003709,0.056375,0.026666,0.291875,628,8077455,132774,0,5408
11518,16.676458,16.628217,0.000000,6.645958,6.626583,0.019292,0.053208,0.011709,1.225333,639,8058334,133131,0,7210
11519,16.819750,16.825999,0.000000,6.498958,6.495624,0.003334,0.047083,0.046500,0.558500,631,8095694,135163,0,5408
11520,16.693750,16.640710,0.000000,6.476750,6.473708,0.003042,0.049542,0.021500,1.144584,632,8064827,131945,0,5408
11521,16.540000,16.540449,0.000000,6.636668,6.626043,0.010625,0.047458,0.040250,0.587709,641,8086439,129336,0,7210
11522,16.887958,16.887039,0.000000,6.460582,6.447457,0.013125,0.046750,0.019250,0.331333,629,8080177,132968,0,5408
11523,16.525125,16.502378,0.000000,6.563333,6.558666,0.004667,0.044584,0.019875,1.254751,638,8142004,131587,0,5408
11524,16.288417,16.363323,0.000000,5.636916,5.613764,0.022861,0.056000,0.104958,0.610250,645,8073346,150132,0,7692
11525,17.191792,17.084805,0.000000,6.165750,6.158000,0.007750,0.059833,0.013083,0.930542,627,8013505,138400,0,5408
11526,16.679541,16.668086,0.000000,6.664209,6.659458,0.004751,0.053334,0.042791,0.423666,633,8080210,127351,0,5408
11527,16.529500,16.458630,0.000000,6.773584,6.773334,0.000250,0.045209,0.012291,0.923791,639,8070998,126903,0,7210
11528,16.783375,16.862431,0.000000,6.294000,6.290083,0.003917,0.051792,0.064917,1.292417,633,8095664,136567,0,5408
11529,16.693375,16.628288,0.000000,6.404458,6.398749,0.005709,0.055542,0.040708,0.299125,632,8064806,130696,0,5408
11530,16.634334,16.581879,0.000000,6.594916,6.593625,0.001291,0.068625,0.020083,1.181709,639,8055539,129761,0,7210
11531,16.364250,16.369461,0.000000,6.545583,6.545249,0.000334,0.056083,0.016625,0.304042,637,8109407,132649,0,5730
11532,17.060625,17.055252,0.000000,6.144291,6.138583,0.005708,0.059083,0.019958,0.972124,629,8049325,140259,0,5408
11533,16.398625,16.395080,0.000000,6.229292,6.227251,0.002041,0.049458,0.037833,0.336375,642,8101236,134521,0,7339
11534,16.633000,16.581367,0.000000,6.405542,6.394833,0.010709,0.046125,0.011000,0.962292,630,8064757,136554,0,5408
11535,16.937208,16.947531,0.000000,6.345083,6.344666,0.000417,0.049250,0.041500,0.909625,642,8102403,139792,0,7126
11536,16.868292,16.895128,0.000000,6.299291,6.298500,0.000791,0.131166,0.053167,0.636750,632,8079759,135141,0,5492
11537,16.553000,16.447834,0.000000,5.885958,5.875082,0.010876,0.061666,0.019292,0.618833,627,8049388,133361,0,5408
11538,16.659625,16.693095,0.000000,6.124374,6.123915,0.000459,0.066541,0.019917,0.308750,642,8101864,134170,0,7210
11539,16.699666,16.660046,0.000000,6.280332,6.279833,0.000499,0.056000,0.043167,1.282416,630,8049357,134250,0,5408
11540,16.429834,16.432373,0.000000,6.346041,6.342749,0.003292,0.058333,0.022917,0.299791,634,8126609,135055,0,5408
11541,16.477791,16.543276,0.000000,5.734333,5.733721,0.000320,0.055292,0.122750,0.949250,638,8024712,141818,0,7210
11542,17.037542,16.937509,0.000000,5.740082,5.735097,0.004777,0.052167,0.034041,0.299583,635,8078846,147870,0,5653
11543,16.747208,16.646881,0.000000,6.532210,6.525792,0.006418,0.052959,0.019958,0.941542,631,8064823,130482,0,5408
11544,16.623042,16.661217,0.000000,6.575541,6.570374,0.005167,0.064125,0.012125,0.967333,642,8086407,131621,0,7210
11545,16.781250,16.825798,0.000000,5.950375,5.942959,0.007416,0.068542,0.074833,0.645917,632,8095679,140609,0,5408
11546,16.641458,16.595259,0.000000,6.114624,6.114290,0.000334,0.065792,0.017000,1.286542,631,8080231,134247,0,5408
11547,16.663209,16.618585,0.000000,6.330916,6.313457,0.017459,0.056958,0.021417,0.300708,639,8055633,134275,0,7210
11548,16.560458,16.573171,0.000000,6.159626,6.157126,0.002500,0.050542,0.043666,1.222208,635,8095595,134818,0,5408
11549,16.779708,16.731670,0.000000,6.491832,6.486082,0.005750,0.049917,0.019917,0.309792,631,8080372,132879,0,5408
11550,16.425417,16.417670,0.000000,6.448876,6.415708,0.033168,0.057833,0.018875,0.931459,648,8146596,136239,0,7487
11551,17.014458,16.990329,0.000000,6.026626,6.020584,0.006042,0.049625,0.026750,0.904417,625,7987578,141042,0,5408
11552,16.656459,16.629003,0.000000,6.543626,6.543250,0.000376,0.046666,0.035375,0.639459,631,8080197,134159,0,5408
11553,16.693125,16.668612,0.000000,6.567792,6.564166,0.003626,0.053041,0.017917,0.981208,638,8055571,133732,0,7210
11554,16.749666,16.755831,0.000000,6.387749,6.377083,0.010666,0.058334,0.041166,0.632125,634,8095697,136204,0,5408
11555,16.745709,16.727741,0.000000,6.564335,6.559375,0.004960,0.053541,0.015292,1.237166,630,8077174,131426,0,5408
11556,16.502791,16.514175,0.000000,6.448166,6.447416,0.000750,0.054584,0.035916,0.292084,644,8104950,131004,0,7210
11557,16.796334,16.815547,0.000000,6.233374,6.232875,0.000499,0.055500,0.073875,1.252375,631,8064819,137669,0,5408
11558,16.646250,16.602868,0.000000,6.355916,6.347208,0.008708,0.050000,0.072333,0.291000,633,8080159,132592,0,5408
11559,16.639666,16.590165,0.000000,6.456291,6.450207,0.006084,0.062125,0.071459,0.798917,638,8055562,131984,0,7210
11560,16.742917,16.721326,0.000000,6.374208,6.373833,0.000375,0.063458,0.018500,0.900917,629,8064785,134866,0,5408
11561,16.748125,16.736583,0.000000,6.426957,6.426665,0.000292,0.051042,0.013083,0.638708,632,8095671,132470,0,5408
11562,16.588542,16.550404,0.000000,6.493791,6.493416,0.000375,0.043625,0.018125,0.913333,638,8055558,130671,0,7210
11563,16.857791,16.869413,0.000000,6.410167,6.384042,0.026125,0.053834,0.023166,0.653792,634,8095696,133066,0,5408
11564,16.619167,16.601449,0.000000,6.404291,6.403874,0.000417,0.070958,0.034250,0.951168,629,8080346,130579,0,5408
11565,16.535708,16.504223,0.000000,6.452667,6.452374,0.000293,0.055459,0.011166,0.425083,639,8055424,130464,0,7210
11566,16.865792,16.862778,0.000000,6.522709,6.522459,0.000250,0.049667,0.040041,0.967125,634,8095669,133140,0,5408
11567,16.621500,16.596169,0.000000,6.524708,6.514249,0.010459,0.056042,0.025708,1.270708,631,8080235,130422,0,5408
11568,16.580500,16.557217,0.000000,6.554417,6.525291,0.029126,0.051375,0.026000,0.300042,640,8071003,129880,0,7210
11569,16.864333,16.895840,0.000000,6.366958,6.352208,0.014750,0.063584,0.061125,1.069584,635,8095685,134050,0,5408
11570,16.708042,16.682588,0.000000,6.548126,6.547667,0.000459,0.058208,0.075417,0.291833,630,8080216,130009,0,5408
11571,16.501958,16.499416,0.000000,6.524833,6.520125,0.004708,0.052417,0.084083,0.900251,638,8055558,129039,0,7210
11572,16.278959,16.267799,0.000000,6.513709,6.513334,0.000375,0.047750,0.090500,0.437542,637,8109395,132067,0,5730
11573,17.201375,17.104918,0.000000,6.025750,6.019416,0.006334,0.049958,0.034042,0.581791,629,8049341,141056,0,5408
11574,16.552083,16.569257,0.000000,6.540376,6.540125,0.000251,0.058167,0.020916,0.902125,640,8071015,131689,0,7210
11575,16.870833,16.847575,0.000000,6.520624,6.511958,0.008666,0.062625,0.026459,0.610583,632,8080243,133741,0,5408
11576,16.541292,16.483670,0.000000,6.322125,6.305249,0.016876,0.051958,0.048125,0.581542,631,8064858,130258,0,5408
11577,16.638792,16.632375,0.000000,6.494084,6.493666,0.000418,0.061708,0.018958,0.300083,641,8070944,132704,0,7210
11578,16.755333,16.762756,0.000000,6.504583,6.499375,0.005208,0.044083,0.034334,1.283792,633,8095636,133607,0,5408
11579,16.237083,16.259628,0.000000,6.600541,6.600207,0.000334,0.039542,0.065792,0.303209,636,8141122,134687,0,5576
11580,17.005875,16.993636,0.000000,5.790625,5.790180,0.000237,0.053375,0.069042,0.953582,660,8029532,143910,0,9251
11581,16.788334,16.797123,0.000000,6.459624,6.459333,0.000291,0.099708,0.031792,0.607667,627,8049486,134719,0,5408
11582,16.678583,16.568369,0.000000,6.473250,6.472624,0.000626,0.053250,0.044333,0.610457,630,8064708,131460,0,5408
11583,16.673833,16.729757,0.000000,6.467792,6.459499,0.008293,0.058125,0.071375,0.690250,642,8101883,135127,0,7210
11584,16.629000,16.571669,0.000000,6.568084,6.567209,0.000875,0.053459,0.019750,0.611583,629,8063152,131080,0,5408
11585,16.784834,16.760453,0.000000,6.532126,6.521583,0.010543,0.052125,0.026666,1.218333,633,8081844,133236,0,5408
11586,16.724583,16.695540,0.000000,6.558709,6.554625,0.004084,0.055083,0.014542,0.289417,641,8071070,132747,0,7210
11587,16.701958,16.707626,0.000000,6.578999,6.566833,0.012166,0.069375,0.028792,1.221375,631,8080226,131169,0,5408
11588,16.532667,16.506748,0.000000,6.436750,6.431874,0.004876,0.050333,0.018750,0.360583,636,8067028,131504,0,7006
11589,16.391667,16.358211,0.000000,6.608834,6.608417,0.000417,0.048333,0.012667,0.915792,637,8086338,131708,0,5741
11590,16.676541,16.666085,0.000000,6.526500,6.525375,0.001125,0.046792,0.032708,0.910208,631,8077425,134511,0,5408
11591,16.931792,16.908504,0.000000,6.506041,6.493291,0.012750,0.047917,0.018583,0.610250,641,8086409,136261,0,7210
11592,16.698125,16.733808,0.000000,6.563999,6.563541,0.000458,0.052833,0.071459,0.582793,632,8095962,133452,0,5408
11593,16.718208,16.617967,0.000000,6.518291,6.513500,0.004791,0.048584,0.010625,0.607916,630,8049118,131522,0,5408
11594,16.555125,16.555380,0.000000,6.579666,6.579291,0.000375,0.042917,0.012750,0.917792,636,8055615,130902,0,7210
11595,16.502625,16.525206,0.000000,6.716751,6.668333,0.048418,0.050542,0.028958,0.290708,641,8156486,136537,0,5578
11596,17.033917,17.070828,0.000000,5.855293,5.844793,0.010500,0.090958,0.033000,0.902084,630,8064954,145484,0,5408
11597,16.753708,16.736348,0.000000,6.176916,6.146749,0.030167,0.098875,0.043625,0.639500,636,8024503,132622,0,7210
11598,16.527875,16.439252,0.000000,5.960333,5.959916,0.000417,0.058834,0.038833,1.131542,632,8080222,135180,0,5408
11599,16.708542,16.706583,0.000000,6.624084,6.618125,0.005959,0.052250,0.066208,0.582417,634,8095719,131756,0,5408
11600,16.622542,16.622756,0.000000,6.528750,6.526624,0.002126,0.061125,0.043625,0.299959,638,8071036,131213,0,7210
11601,16.765708,16.729955,0.000000,6.484750,6.477375,0.007375,0.053750,0.040083,0.958250,634,8080151,133712,0,5408
11602,16.642792,16.555073,0.000000,6.477542,6.473875,0.003667,0.049041,0.013792,0.291500,631,8064810,131411,0,5408
11603,16.634791,16.705176,0.000000,6.426959,6.426583,0.000376,0.055542,0.027167,0.932041,641,8086421,135804,0,7210
11604,16.654875,16.581666,0.000000,6.301207,6.300415,0.000792,0.055250,0.018334,0.619167,629,8064871,135372,0,5408
11605,16.455459,16.473089,0.000000,6.254917,6.254417,0.000500,0.043000,0.017333,0.938250,642,8155649,140384,0,5730
11606,16.995250,16.952364,0.000000,5.773501,5.773014,0.000278,0.051250,0.013875,0.940833,632,7993824,143612,0,7210
11607,16.425458,16.467502,0.000000,6.148666,6.127957,0.020709,0.076625,0.038208,0.627208,638,8110365,138246,0,5537
11608,16.957875,16.901786,0.000000,5.978624,5.978125,0.000499,0.057500,0.013750,1.175041,632,8064779,141095,0,5408
11609,16.636000,16.623458,0.000000,6.207750,6.206083,0.001667,0.046625,0.013083,0.289875,636,8055569,136736,0,7210
11610,16.492333,16.465400,0.000000,6.219125,6.218625,0.000500,0.083709,0.017041,0.647916,634,8079536,137066,0,5536
11611,17.021584,16.976868,0.000000,4.883999,4.883014,0.000194,0.096208,0.025917,0.291250,631,8064779,140820,0,5408
11612,16.634583,16.668792,0.000000,5.556458,5.534555,0.021403,0.083667,0.015833,0.597333,642,8117355,135413,0,7210
11613,16.761250,16.719540,0.000000,5.668458,5.663638,0.004612,0.083833,0.021834,0.902166,631,8064768,137291,0,5408
11614,16.706625,16.723884,0.000000,5.522792,5.521056,0.001069,0.096958,0.073542,0.299292,631,8064803,136362,0,5408
11615,16.993292,16.996074,0.000000,5.505250,5.492930,0.011820,0.177666,0.022334,0.587709,642,8101971,135497,0,7210
11616,16.380708,16.391615,0.000000,5.566168,5.565222,0.000195,0.211250,0.026208,0.297042,631,8080196,129341,0,5408
11617,16.757625,16.918089,0.000000,6.038334,6.037625,0.000417,0.250500,0.059458,0.625458,633,8080164,129843,0,5408
11618,16.616625,16.377031,0.000000,5.814292,5.813249,0.000751,0.079333,0.021000,0.298042,640,8055682,127100,0,7210
11619,16.579375,16.564419,0.000000,5.779458,5.778888,0.000195,0.070000,0.038792,0.592875,630,8064694,129978,0,5408
11620,16.550000,16.478125,0.000000,6.580041,6.568667,0.011374,0.057417,0.019541,0.576792,634,8080203,125692,0,5408
11621,16.620667,16.663910,0.000000,6.551709,6.551375,0.000334,0.053583,0.064083,1.008916,639,8086458,130034,0,7210
11622,16.915791,16.870756,0.000000,6.593167,6.584583,0.008584,0.062167,0.049250,0.744458,631,8064780,131690,0,5408
11623,16.663875,16.623686,0.000000,6.582583,6.581833,0.000750,0.053500,0.044084,0.609084,630,8064791,128199,0,5408
11624,16.279667,16.261128,0.000000,6.580292,6.571625,0.008667,0.047375,0.018417,0.928000,647,8162611,131700,0,7407
11625,17.156542,17.148786,0.000000,6.183458,6.177416,0.006042,0.052666,0.011334,0.611291,627,8002990,136635,0,5408
11626,16.758958,16.766211,0.000000,6.843208,6.835042,0.008166,0.058250,0.040792,0.939750,633,8080288,126235,0,5408
11627,16.487083,16.463579,0.000000,6.547584,6.547291,0.000293,0.058000,0.035167,0.290375,640,8058852,126367,0,7210
11628,16.818000,16.785265,0.000000,6.791791,6.782332,0.009459,0.052167,0.019250,0.768583,632,8092345,128297,0,5408
11629,16.655375,16.630122,0.000000,6.668793,6.668376,0.000417,0.057834,0.031208,1.259625,633,8080407,127530,0,5408
11630,16.681209,16.663323,0.000000,6.814459,6.792208,0.022001,0.070833,0.047542,0.294084,639,8055363,125590,0,7210
11631,16.765000,16.794262,0.000000,6.417750,6.417083,0.000667,0.062375,0.047291,0.593792,634,8111204,129305,0,5408
11632,16.554791,16.513549,0.000000,6.657167,6.646459,0.010708,0.052417,0.033125,0.288875,630,8057023,125426,0,5408
11633,16.653084,16.631954,0.000000,6.410125,6.409542,0.000583,0.058875,0.031500,0.964542,638,8063277,127670,0,7210
11634,16.789791,16.766663,0.000000,6.656292,6.643374,0.012918,0.049375,0.018459,0.290666,633,8095876,128304,0,5408
11635,16.113459,16.177121,0.000000,6.640583,6.640292,0.000291,0.058125,0.116041,0.906208,637,8110016,126320,0,5582
11636,17.149625,17.047048,0.000000,6.485291,6.476749,0.008542,0.058000,0.014666,0.909833,637,8024676,134300,0,7210
11637,16.323750,16.355041,0.000000,6.681333,6.678749,0.002584,0.088416,0.026209,0.613542,642,8201584,130395,0,5813
11638,16.671750,16.680884,0.000000,6.152458,6.135709,0.016749,0.050208,0.080625,0.979208,630,7998132,138422,0,6360
11639,17.072041,16.979546,0.000000,6.295083,6.294833,0.000250,0.048334,0.036041,0.302000,635,8043851,136365,0,6477
11640,16.687709,16.719445,0.000000,6.815708,6.802041,0.013667,0.065250,0.066625,0.939042,633,8080230,126832,0,5408
11641,16.162458,16.229333,0.000000,6.587458,6.587125,0.000250,0.045000,0.167125,0.302208,643,8132783,128565,0,7210
11642,17.223042,17.159778,0.000000,6.417125,6.413333,0.003792,0.053125,0.089333,1.044125,631,8049416,136469,0,5408
11643,16.717625,16.614244,0.000000,6.478750,6.473999,0.004751,0.056208,0.010417,0.316625,630,8049251,126482,0,5408
11644,16.580833,16.555498,0.000000,6.669875,6.660334,0.009541,0.057542,0.057250,0.923751,640,8071026,127020,0,7210
11645,16.845208,16.833386,0.000000,6.588666,6.585541,0.003125,0.052042,0.018792,0.946959,632,8080276,130558,0,5408
11646,16.597042,16.585220,0.000000,6.617917,6.614667,0.003250,0.048583,0.010292,0.649667,633,8080182,126995,0,5408
11647,16.619792,16.589084,0.000000,6.733167,6.717292,0.015875,0.051166,0.029167,1.086751,637,8055579,126465,0,7210
11648,16.726083,16.724922,0.000000,6.555334,6.555083,0.000251,0.058042,0.037875,0.301916,632,8095691,129320,0,5408
11649,16.693083,16.668528,0.000000,6.567875,6.564333,0.003542,0.047250,0.032625,1.286833,633,8080259,128120,0,5408
11650,16.594375,16.533621,0.000000,6.738749,6.732417,0.006332,0.050292,0.018792,0.315167,640,8055536,126065,0,7210
11651,16.832792,16.859466,0.000000,6.847417,6.838249,0.009168,0.052833,0.015375,0.960667,631,8095742,129565,0,5408
11652,16.693375,16.687880,0.000000,6.769166,6.763541,0.005625,0.048250,0.028667,0.917041,632,8080191,126018,0,5408
11653,16.365042,16.343010,0.000000,6.716876,6.707251,0.009625,0.046041,0.011375,0.644292,641,8086481,123118,0,7210
11654,16.832375,16.794437,0.000000,6.678000,6.669291,0.008709,0.052583,0.013000,0.952209,628,8049305,130372,0,5408
11655,16.762583,16.680537,0.000000,6.616624,6.615874,0.000750,0.078708,0.024292,0.303417,633,8064825,125282,0,5408
11656,16.471250,16.543699,0.000000,6.386375,6.385917,0.000250,0.058167,0.016625,0.622500,647,8147165,126902,0,7401
11657,17.014000,17.025546,0.000000,5.926168,5.925875,0.000293,0.082333,0.045334,0.645541,628,8049359,133842,0,5408
11658,16.411583,16.321970,0.000000,5.769416,5.769041,0.000375,0.041709,0.027208,1.100042,630,8049349,126209,0,5408
11659,16.699834,16.728824,0.000000,6.163708,6.163417,0.000291,0.041875,0.037166,0.612459,643,8101856,127307,0,7210
11660,16.667833,16.598380,0.000000,6.172667,6.172333,0.000334,0.038042,0.017458,0.824667,630,8064782,127012,0,5408
11661,16.753083,16.804316,0.000000,6.188166,6.187707,0.000459,0.045417,0.045792,1.077292,631,8073968,127850,0,5408
11662,16.427459,16.390198,0.000000,5.995125,5.994542,0.000583,0.039416,0.025750,0.638917,644,8108245,129020,0,7210
11663,16.808583,16.754942,0.000000,5.974166,5.973749,0.000417,0.038375,0.033750,1.252084,627,8033805,131773,0,5408
11664,16.768792,16.761659,0.000000,5.976084,5.975917,0.000167,0.046416,0.040500,0.298667,633,8095699,126288,0,5408
11665,16.718208,16.744417,0.000000,6.233374,6.233000,0.000374,0.061083,0.040042,0.909125,642,8086422,127993,0,7210
11666,16.605542,16.536328,0.000000,6.042584,6.042458,0.000126,0.039541,0.026959,0.449542,629,8049349,126819,0,5408
11667,16.475791,16.490279,0.000000,6.321874,6.321707,0.000167,0.046709,0.028583,0.745917,640,8125492,128110,0,5619
11668,16.871292,16.850055,0.000000,5.746917,5.746390,0.000194,0.041583,0.025959,1.085667,640,8055566,132541,0,7210
11669,16.785333,16.769883,0.000000,6.198166,6.197874,0.000292,0.040875,0.035834,0.457833,628,8064715,128936,0,5408
11670,16.695750,16.668958,0.000000,6.298375,6.297999,0.000376,0.033750,0.029834,1.056750,632,8080222,126877,0,5408
11671,16.609500,16.563081,0.000000,6.407834,6.407417,0.000417,0.038542,0.024167,0.611334,638,8055580,125155,0,7210
11672,16.731084,16.653811,0.000000,6.170084,6.169500,0.000584,0.034458,0.032750,1.227833,631,8064770,126744,0,5408
11673,17.038791,17.152573,0.000000,6.298292,6.298124,0.000168,0.102459,0.025291,0.610584,636,8126642,128830,0,5408
11674,16.294667,16.211539,0.000000,6.007750,6.007167,0.000583,0.038667,0.029291,0.754250,640,8040033,124262,0,7210
11675,16.859042,16.858500,0.000000,6.280168,6.279833,0.000335,0.042416,0.025500,0.447250,631,8095672,129112,0,5408
11676,17.430375,17.420210,0.000000,6.264041,6.263541,0.000417,0.049916,0.026917,0.898166,633,8087266,124779,0,5408
11677,15.395833,15.460109,0.000000,4.992500,4.991806,0.000278,0.058792,0.105541,0.738541,645,8094952,131785,0,7446
11678,17.256792,17.148373,0.000000,6.459084,6.458708,0.000376,0.054125,0.035250,0.445750,629,8048012,137244,0,5408
11679,16.674791,16.745211,0.000000,6.222209,6.221583,0.000626,0.069459,0.081875,0.751792,634,8111090,129806,0,5408
11680,16.936167,17.079833,0.000000,6.140626,6.140000,0.000459,0.239500,0.079792,0.291917,640,8071020,129250,0,7210
11681,16.517167,16.286001,0.000000,5.394458,5.393514,0.000236,0.071250,0.036875,0.599500,631,8064818,130862,0,5408
11682,16.654416,16.637435,0.000000,6.228542,6.228332,0.000210,0.077542,0.017042,0.304875,631,8080186,128335,0,5408
11683,16.641542,16.694251,0.000000,6.286042,6.261875,0.024042,0.121000,0.085125,0.584208,642,8071000,127130,0,7210
11684,16.536958,16.411199,0.000000,6.213418,6.213125,0.000293,0.077709,0.025083,0.586499,629,8049365,128842,0,5408
11685,16.752709,16.755414,0.000000,6.552626,6.552291,0.000335,0.084333,0.022208,0.631625,636,8126558,130389,0,5408
11686,16.785208,16.770206,0.000000,6.685418,6.685168,0.000250,0.054667,0.030125,0.920292,636,8040139,126822,0,7210
11687,16.711333,16.675325,0.000000,6.850250,6.849749,0.000376,0.065000,0.026875,0.608500,652,8069680,122766,0,7449
11688,16.644250,16.624095,0.000000,6.981374,6.980916,0.000333,0.067584,0.021291,0.643833,630,8080226,118212,0,5408
11689,16.950875,17.017006,0.000000,6.968375,6.967958,0.000292,0.083959,0.086750,0.308000,642,8101974,123035,0,7210
11690,16.563667,16.510509,0.000000,6.583375,6.582874,0.000376,0.078833,0.046625,0.641458,630,8064747,117891,0,5408
11691,16.580625,16.514038,0.000000,6.688458,6.685333,0.003000,0.060083,0.021250,0.627167,630,8064778,117789,0,5408
11692,16.968083,16.991427,0.000000,6.812876,6.804000,0.008667,0.071542,0.021458,0.304875,640,8086505,121140,0,7210
11693,16.455334,16.447042,0.000000,6.254166,6.235624,0.018459,0.075250,0.042333,1.030709,632,8080224,119851,0,5408
11694,16.729750,16.689915,0.000000,6.862541,6.862166,0.000292,0.067875,0.020083,0.325833,637,8056706,118706,0,7006
11695,16.685458,16.689955,0.000000,6.418292,6.417667,0.000500,0.074458,0.025750,0.969583,635,8094562,120358,0,5612
11696,16.698500,16.716619,0.000000,6.762583,6.761874,0.000501,0.087292,0.066541,0.303750,633,8095695,118633,0,5408
11697,16.590333,16.516492,0.000000,6.561166,6.560541,0.000459,0.074459,0.017666,1.008084,639,8055607,119441,0,7210
11698,16.735834,16.692795,0.000000,6.716208,6.713541,0.002458,0.073583,0.016958,0.327291,628,8064942,119315,0,5408
11699,16.749583,16.783163,0.000000,6.921417,6.910333,0.010959,0.076833,0.063834,0.614875,633,8095474,118718,0,5408
11700,16.656625,16.693461,0.000000,6.591334,6.590833,0.000292,0.123958,0.040000,0.984791,643,8086449,117990,0,7210
11701,16.654292,16.535624,0.000000,6.493458,6.492833,0.000417,0.073208,0.023167,0.298875,627,8049422,119318,0,5408
11702,16.183000,16.160374,0.000000,6.967708,6.946374,0.021334,0.056333,0.014958,0.650041,633,8079576,117144,0,5531
11703,16.516625,16.534358,0.000000,6.542042,6.541583,0.000459,0.057000,0.029916,0.311000,643,8085989,127584,0,7334
11704,17.213375,17.193547,0.000000,6.220500,6.219833,0.000333,0.097875,0.038708,0.671583,629,8049330,128826,0,5408
11705,16.655791,16.638349,0.000000,6.628791,6.626749,0.002042,0.067709,0.021333,0.312541,632,8103915,122509,0,5408
11706,16.561125,16.480036,0.000000,7.077666,7.077249,0.000417,0.060750,0.033792,0.974043,640,8062574,119466,0,7210
11707,16.861375,16.892162,0.000000,6.877749,6.877375,0.000374,0.060167,0.014875,0.905917,631,8080320,123070,0,5408
11708,16.549542,16.507289,0.000000,7.014292,7.006999,0.007293,0.070708,0.016084,0.619500,630,8064932,119266,0,5408
11709,16.595750,16.567788,0.000000,7.130459,7.130125,0.000334,0.054750,0.013208,0.657708,641,8073984,121079,0,7210
11710,16.604625,16.579280,0.000000,7.078501,7.078126,0.000375,0.050917,0.015125,0.614125,631,8077241,120407,0,5408
11711,16.943500,16.969392,0.000000,7.231834,7.205958,0.025876,0.054500,0.013250,0.933209,632,8095521,123062,0,5408
11712,16.593000,16.572541,0.000000,7.116207,7.098957,0.017250,0.066417,0.021208,0.299292,642,8086476,120249,0,7210
11713,16.694583,16.676996,0.000000,7.083418,7.082834,0.000584,0.050292,0.049083,0.956083,630,8064802,122758,0,5408
11714,16.738500,16.721276,0.000000,7.310125,7.305166,0.004959,0.057209,0.042083,0.610708,633,8080251,119992,0,5408
11715,16.507209,16.428918,0.000000,7.138541,7.112707,0.025834,0.054958,0.013042,0.912125,638,8055686,118760,0,7210
11716,16.948083,16.995764,0.000000,7.110791,7.110125,0.000458,0.073708,0.022834,0.900541,629,8080296,121431,0,5408
11717,16.157458,16.128837,0.000000,6.938374,6.931749,0.006625,0.060959,0.019333,0.295584,637,8094306,119745,0,5634
11718,17.080792,17.102957,0.000000,6.806625,6.806333,0.000167,0.060833,0.027917,0.945000,642,8086429,127877,0,7210
11719,16.787333,16.742797,0.000000,7.398250,7.376250,0.021917,0.056084,0.033458,0.551416,632,8064904,117011,0,5408
11720,16.713125,16.692779,0.000000,7.367042,7.366624,0.000293,0.063917,0.018208,0.910332,630,8080200,114587,0,5408
11721,16.549375,16.530924,0.000000,7.218709,7.208792,0.009792,0.059000,0.029834,0.295834,642,8070949,115923,0,7210
11722,16.801417,16.845422,0.000000,7.437500,7.431125,0.006250,0.081500,0.042333,0.941541,632,8095822,117287,0,5408
11723,16.561917,16.486870,0.000000,7.351708,7.351291,0.000334,0.050916,0.013084,0.935417,630,8064693,114144,0,5408
11724,16.702958,16.707295,0.000000,7.617917,7.617582,0.000335,0.055000,0.040000,0.296000,641,8071961,114103,0,7210
11725,16.815417,16.813455,0.000000,7.404583,7.403917,0.000500,0.063291,0.049459,0.912292,630,8094736,117629,0,5408
11726,16.600875,16.547036,0.000000,7.442375,7.439583,0.002709,0.054750,0.012833,0.292209,630,8064823,113088,0,5408
11727,16.626625,16.685990,0.000000,7.432959,7.431333,0.001626,0.059458,0.075208,0.928875,642,8101898,115149,0,7210
11728,16.749458,16.698859,0.000000,7.380167,7.379833,0.000250,0.057125,0.051958,0.293709,631,8064785,115421,0,5408
11729,16.656500,16.597203,0.000000,7.554000,7.553541,0.000334,0.050417,0.013166,0.931416,629,8064782,114372,0,5408
11730,16.713667,16.697922,0.000000,7.615124,7.614749,0.000375,0.059125,0.020666,0.912624,641,8071017,113686,0,7210
11731,16.624500,16.645199,0.000000,7.461292,7.460625,0.000542,0.056750,0.035916,0.622291,631,8095691,116426,0,5408
11732,16.795083,16.743490,0.000000,7.524667,7.524208,0.000334,0.060833,0.013292,0.906375,631,8064788,113557,0,5408
11733,16.643500,16.619881,0.000000,7.411749,7.390999,0.020750,0.067583,0.013167,0.310708,640,8071062,115085,0,7210
11734,16.627667,16.636722,0.000000,7.392334,7.384667,0.007542,0.049666,0.041500,0.960333,632,8090032,116229,0,5408
11735,16.736708,16.739509,0.000000,7.600709,7.599999,0.000543,0.060333,0.040125,0.294792,632,8085861,114680,0,5408
11736,16.635292,16.583977,0.000000,7.568001,7.561792,0.006209,0.049375,0.014416,0.925999,639,8055552,113078,0,7210
11737,16.682083,16.650566,0.000000,7.429167,7.428416,0.000542,0.051292,0.014958,0.470208,632,8080280,116897,0,5408
11738,16.621083,16.608784,0.000000,7.673582,7.672832,0.000542,0.055875,0.011959,0.975250,632,8080235,113553,0,5408
11739,16.806042,16.788169,0.000000,7.794250,7.777041,0.017209,0.055792,0.020666,0.902958,638,8071068,114049,0,7210
11740,16.642708,16.626445,0.000000,7.440875,7.440500,0.000292,0.060667,0.013000,0.611583,632,8080216,115410,0,5408
11741,16.678667,16.659501,0.000000,7.555041,7.548458,0.006500,0.055167,0.018125,0.940750,631,8080251,115030,0,5408
11742,16.735000,16.759382,0.000000,7.602417,7.602000,0.000292,0.071958,0.043334,0.290667,639,8086472,115962,0,7210
11743,16.613375,16.559373,0.000000,7.522834,7.513167,0.009542,0.046333,0.011834,0.778083,630,8064895,113160,0,5408
11744,16.688292,16.671824,0.000000,7.557042,7.549041,0.007876,0.056333,0.017625,0.292167,629,8080149,113400,0,5408
11745,16.097541,16.202205,0.000000,7.513542,7.490124,0.023334,0.050417,0.135167,0.585125,653,8192317,117778,0,7667
11746,17.234417,17.116378,0.000000,4.702291,4.697056,0.005027,0.055167,0.044208,0.755500,623,7956488,179245,0,5408
11747,16.753083,16.751086,0.000000,6.839833,6.836041,0.003792,0.076250,0.037834,0.309667,639,8087709,128340,0,7006
11748,16.646209,16.597292,0.000000,6.622001,6.620583,0.001418,0.048458,0.011292,0.952708,631,8063549,128387,0,5612
11749,16.706333,16.747169,0.000000,6.653000,6.652417,0.000583,0.055792,0.073291,0.608084,635,8103340,129152,0,5408
11750,16.653500,16.524634,0.000000,6.617334,6.616791,0.000543,0.062458,0.021917,0.847208,635,8032488,125958,0,7210
11751,16.808333,16.848587,0.000000,6.549082,6.547332,0.001750,0.068167,0.020417,0.299542,632,8095679,130462,0,5408
11752,16.522459,16.495710,0.000000,6.596375,6.548333,0.048042,0.054416,0.015000,0.925916,633,8080221,127510,0,5408
11753,16.660250,16.631262,0.000000,6.474000,6.471041,0.002959,0.071875,0.021916,0.295250,637,8055569,127954,0,7210
11754,16.805458,16.856119,0.000000,6.621999,6.616582,0.005417,0.063833,0.048084,0.602333,633,8111230,131404,0,5408
11755,16.739292,16.671319,0.000000,6.691667,6.691251,0.000416,0.069625,0.019833,0.905834,632,8064707,127252,0,5408
11756,16.495958,16.549351,0.000000,6.551582,6.548915,0.002667,0.072250,0.055792,0.302792,641,8086470,127093,0,7210
11757,16.794292,16.707378,0.000000,6.515792,6.515458,0.000334,0.065125,0.020291,0.997375,631,8064842,130126,0,5408
11758,16.677291,16.689284,0.000000,6.735625,6.735208,0.000417,0.061250,0.022792,0.306375,632,8087055,127699,0,5408
11759,16.625125,16.607541,0.000000,6.738791,6.733499,0.005292,0.062292,0.057042,0.958458,637,8048718,126185,0,7210
11760,16.725500,16.681297,0.000000,6.566166,6.559874,0.006292,0.057834,0.012708,0.406458,633,8095757,129354,0,5408
11761,16.749667,16.732798,0.000000,6.221332,6.201583,0.019749,0.060458,0.024167,0.930249,630,8080194,136493,0,5408
11762,16.573500,16.605946,0.000000,6.182707,6.168540,0.014167,0.062333,0.059167,0.586917,640,8070991,135898,0,7210
11763,16.336083,16.274965,0.000000,6.071417,6.071124,0.000293,0.053500,0.013709,0.611959,634,8090401,136442,0,5599
11764,17.024000,17.045209,0.000000,5.464501,5.431223,0.033028,0.065917,0.050542,0.907499,631,8069061,150563,0,5408
11765,16.644292,16.568212,0.000000,5.886792,5.881125,0.005667,0.063625,0.020042,0.297583,639,8055504,139127,0,7210
11766,16.748875,16.760076,0.000000,5.875707,5.875415,0.000292,0.052125,0.048792,0.923542,633,8095669,141646,0,5408
11767,16.685750,16.677413,0.000000,6.060084,6.054209,0.005875,0.058542,0.040041,0.610375,632,8080241,139108,0,5408
11768,16.583250,16.564793,0.000000,5.924084,5.918542,0.005542,0.058500,0.042083,0.911042,641,8086666,139219,0,7210
11769,16.757500,16.743089,0.000000,5.883084,5.855083,0.028001,0.056917,0.052250,0.998416,630,8064581,141576,0,5408
11770,16.712917,16.688074,0.000000,6.030499,6.024125,0.006374,0.046958,0.038833,0.501333,632,8080200,139314,0,5408
11771,16.548708,16.487553,0.000000,6.010250,6.009583,0.000667,0.049458,0.014084,0.967792,639,8055565,137788,0,7210
11772,16.758583,16.793834,0.000000,5.887959,5.878833,0.009126,0.054084,0.061666,0.445583,633,8095722,142380,0,5408
11773,16.658542,16.590866,0.000000,6.102834,6.075834,0.027000,0.046125,0.018917,0.956500,630,8064731,139525,0,5408
11774,16.654542,16.656290,0.000000,6.400793,6.394958,0.005835,0.051041,0.044334,0.294875,638,8071098,137147,0,7210
11775,16.768458,16.730486,0.000000,6.173708,6.148416,0.025292,0.046333,0.011500,0.942333,633,8080135,138412,0,5408
11776,16.765333,16.775428,0.000000,6.290416,6.284750,0.005666,0.051459,0.018291,0.643667,631,8095708,136971,0,5408
11777,16.558417,16.551166,0.000000,6.013125,6.012124,0.001001,0.059958,0.020375,0.608417,637,8055558,136856,0,7210
11778,16.784208,16.764654,0.000000,6.220541,6.199874,0.020667,0.057125,0.019459,0.995459,634,8095643,139217,0,5408
11779,16.750209,16.761517,0.000000,6.376751,6.376417,0.000334,0.054500,0.032000,0.301042,634,8080236,136342,0,5408
11780,16.498541,16.476639,0.000000,6.053708,6.052250,0.001458,0.047667,0.044000,1.160875,640,8086471,136455,0,7210
11781,16.738667,16.713422,0.000000,6.208124,6.207541,0.000583,0.055292,0.012000,0.366958,631,8064773,138788,0,5408
11782,16.249833,16.261289,0.000000,6.248500,6.248042,0.000458,0.053625,0.075875,0.899542,636,8110137,135738,0,5588
11783,17.043000,16.968089,0.000000,5.826458,5.809305,0.016903,0.059334,0.043500,0.608542,635,8024619,143594,0,7210
11784,16.777209,16.778708,0.000000,5.871791,5.864416,0.007375,0.063041,0.032917,0.900709,633,8080227,137954,0,5408
11785,16.718375,16.721813,0.000000,6.131707,6.120833,0.010874,0.061000,0.018625,0.897376,633,8095721,137122,0,5408
11786,16.551208,16.495964,0.000000,6.118792,6.061874,0.056918,0.053500,0.019042,0.674000,639,8055522,134458,0,7210
11787,16.840167,16.819166,0.000000,6.121459,6.109416,0.012043,0.052000,0.012875,0.896876,632,8080249,138021,0,5408
11788,16.611375,16.619381,0.000000,6.030833,6.024334,0.006499,0.054625,0.014458,0.291791,634,8095680,136307,0,5408
11789,16.595916,16.565546,0.000000,6.228000,6.227499,0.000501,0.090959,0.022000,0.907125,638,8055597,135706,0,7210
11790,16.766917,16.766421,0.000000,6.106084,6.097250,0.008834,0.056042,0.016541,0.299750,634,8095617,138589,0,5408
11791,16.658833,16.637583,0.000000,6.280749,6.280333,0.000416,0.053834,0.026583,0.921584,632,8080268,135522,0,5408
11792,16.535709,16.538204,0.000000,6.307333,6.306916,0.000417,0.051458,0.046958,0.609250,638,8070993,136424,0,7210
11793,16.425333,16.376706,0.000000,6.305416,6.304999,0.000417,0.043792,0.012000,0.946916,635,8093990,137734,0,5730
11794,17.301917,17.276284,0.000000,5.728042,5.727514,0.000319,0.058416,0.013709,0.906208,652,8054191,149458,0,7449
11795,16.092416,16.130126,0.000000,6.009625,5.993124,0.016501,0.058875,0.055250,0.607584,643,8101096,139070,0,7363
11796,17.030250,17.012045,0.000000,5.605834,5.605138,0.000237,0.076750,0.019792,1.222083,629,8041235,144473,0,5408
11797,16.780875,16.758079,0.000000,5.770417,5.766973,0.003152,0.049417,0.036750,0.609542,634,8103798,139368,0,5408
11798,16.690875,16.639972,0.000000,6.169166,6.160249,0.008917,0.049292,0.013875,1.219209,637,8055589,136972,0,7210
11799,16.650584,16.634384,0.000000,6.321542,6.313416,0.008126,0.048041,0.020125,0.479375,632,8080219,135557,0,5408
11800,16.773166,16.787421,0.000000,6.262542,6.243876,0.018666,0.067750,0.020584,0.908333,639,8087582,136146,0,7006
11801,16.653459,16.605961,0.000000,6.113917,6.105999,0.007918,0.068208,0.017750,0.916833,632,8063694,137651,0,5612
11802,16.327333,16.331504,0.000000,6.161084,6.145583,0.015501,0.053542,0.055833,0.366083,633,8063046,135948,0,5730
11803,16.984875,16.988830,0.000000,5.720375,5.719473,0.000569,0.114333,0.028375,0.900291,642,8086507,138765,0,7210
11804,16.749333,16.742208,0.000000,6.083416,6.083083,0.000333,0.074584,0.046291,0.291458,630,8080219,131008,0,5408
11805,16.201792,16.147752,0.000000,6.146375,6.145791,0.000417,0.070708,0.019000,0.904833,640,8156899,132707,0,5537
11806,17.099625,17.140658,0.000000,5.984249,5.979041,0.005208,0.077167,0.048958,0.291875,633,7994360,132687,0,7210
11807,16.230333,16.184949,0.000000,6.503208,6.502708,0.000500,0.051875,0.049125,0.903500,640,8155051,129230,0,5717
11808,17.058000,17.033801,0.000000,6.091708,6.086208,0.005500,0.061209,0.029000,0.331042,626,8033932,135037,0,5408
11809,16.607625,16.555690,0.000000,6.477750,6.468542,0.009208,0.056042,0.015792,0.865583,639,8040087,125157,0,7210
11810,16.719917,16.696882,0.000000,6.524667,6.509458,0.015209,0.060333,0.014792,0.587126,630,8064808,126278,0,5408
11811,16.666167,16.607695,0.000000,6.687749,6.661291,0.026458,0.055458,0.022000,0.301291,631,8080302,124628,0,5408
11812,16.645166,16.718337,0.000000,6.609542,6.609167,0.000375,0.085834,0.036708,0.912208,645,8117296,125016,0,7210
11813,16.786292,16.785187,0.000000,6.074875,6.065166,0.009709,0.090083,0.039292,0.290458,630,8080319,127970,0,5408
11814,16.690125,16.594300,0.000000,6.483498,6.481915,0.001583,0.060917,0.014750,0.929834,629,8033809,123004,0,5408
11815,16.663458,16.683532,0.000000,6.563957,6.563416,0.000541,0.066584,0.016541,0.609667,644,8101932,123937,0,7210
11816,16.690500,16.674363,0.000000,6.511792,6.511249,0.000543,0.064667,0.018042,1.018042,631,8080234,124211,0,5408
11817,16.673167,16.609156,0.000000,6.454957,6.454540,0.000417,0.060917,0.015333,0.902834,628,8049338,123425,0,5408
11818,16.171833,16.213257,0.000000,6.567083,6.566750,0.000333,0.047792,0.154625,0.608084,647,8146492,128568,0,7532
11819,17.248750,17.174459,0.000000,6.118458,6.116708,0.001750,0.075625,0.021834,0.931750,627,8018451,134162,0,5408
11820,16.249750,16.271497,0.000000,6.447999,6.444540,0.003459,0.054917,0.021583,0.608333,641,8156643,128489,0,5605
11821,17.085917,17.039167,0.000000,6.067125,6.066959,0.000166,0.063083,0.021709,0.985208,634,7977073,139998,0,7401
11822,16.738875,16.746790,0.000000,6.257500,6.248666,0.008834,0.062708,0.017084,0.610250,632,8095813,125805,0,5408
11823,16.676833,16.662374,0.000000,6.880042,6.879583,0.000459,0.060584,0.020333,0.899293,631,8080111,122735,0,5408
11824,16.560875,16.480160,0.000000,6.913833,6.913417,0.000416,0.059834,0.024958,1.260667,638,8055629,119770,0,7210
11825,16.424167,16.464080,0.000000,6.881792,6.881333,0.000459,0.049292,0.048041,0.652375,636,8110025,124013,0,5619
11826,17.140917,17.117916,0.000000,6.571000,6.563874,0.007126,0.060791,0.019917,1.218959,632,8064721,129277,0,5408
11827,16.564875,16.556585,0.000000,6.876291,6.875792,0.000499,0.066916,0.016292,0.292500,639,8055568,120390,0,7210
11828,16.730583,16.696340,0.000000,6.784709,6.784333,0.000376,0.058375,0.043000,0.842000,632,8095701,124757,0,5408
11829,16.683375,16.671085,0.000000,6.764834,6.764375,0.000459,0.058542,0.026750,0.290875,633,8080239,124242,0,5408
11830,16.551333,16.572385,0.000000,6.949707,6.931791,0.017916,0.060875,0.036417,0.903876,638,8068728,122617,0,7210
11831,16.832500,16.799609,0.000000,6.832750,6.823749,0.009001,0.061792,0.031583,0.582458,632,8082495,124978,0,5408
11832,16.661542,16.606592,0.000000,6.915875,6.901875,0.014000,0.059917,0.019125,0.622750,634,8080231,122812,0,5408
11833,16.227792,16.274877,0.000000,6.918875,6.918417,0.000458,0.047250,0.060083,0.908084,647,8121483,125204,0,7615
11834,17.101250,17.043337,0.000000,6.341708,6.330708,0.011000,0.054083,0.030667,0.608709,629,8027584,138758,0,5408
11835,16.708708,16.689283,0.000000,6.929499,6.928999,0.000500,0.062458,0.021167,1.206208,633,8082374,123406,0,5408
11836,16.678083,16.693583,0.000000,6.682584,6.666125,0.016334,0.072667,0.041000,0.291541,639,8084287,123695,0,7210
11837,16.225500,16.225549,0.000000,6.345750,6.343374,0.002376,0.056834,0.055375,1.229042,634,8095715,127671,0,5408
11838,17.197375,17.186077,0.000000,6.303416,6.299416,0.004000,0.057625,0.058542,0.550959,631,8064929,133641,0,5408
11839,16.557875,16.456466,0.000000,6.568168,6.537876,0.030292,0.061042,0.019458,0.745250,638,8039927,124722,0,7210
11840,16.759875,16.766866,0.000000,6.578667,6.558041,0.020626,0.064625,0.035209,0.937750,629,8080230,127693,0,5408
11841,16.439917,16.419756,0.000000,6.663501,6.655791,0.007710,0.052250,0.018542,0.631000,640,8140780,127130,0,5644
11842,16.990583,16.978998,0.000000,5.930125,5.920708,0.008333,0.063750,0.027167,1.045333,640,8023745,145177,0,7376
11843,16.624667,16.597161,0.000000,6.838416,6.837666,0.000625,0.047083,0.024792,0.641875,633,8080288,123706,0,5408
11844,16.661667,16.696084,0.000000,6.989208,6.982624,0.006459,0.055583,0.047917,0.970709,634,8095564,121752,0,5408
11845,16.734750,16.677596,0.000000,6.997708,6.984750,0.012958,0.050916,0.027709,0.290917,638,8055600,121669,0,7210
11846,16.687750,16.705839,0.000000,6.673459,6.666875,0.006376,0.054250,0.036458,0.936250,632,8095673,124904,0,5408
11847,16.644958,16.605671,0.000000,6.735750,6.729499,0.006251,0.055708,0.015042,0.613750,632,8064810,124130,0,5408
11848,16.558375,16.571071,0.000000,6.630626,6.624751,0.005875,0.057917,0.041416,0.932209,640,8071125,127008,0,7210
11849,16.817083,16.769837,0.000000,6.850541,6.849957,0.000584,0.050959,0.039750,0.833791,630,8080239,127284,0,5408
11850,16.693542,16.676502,0.000000,6.907126,6.896416,0.010710,0.057417,0.020500,0.292958,632,8080113,125353,0,5408
11851,16.670250,16.653095,0.000000,6.675000,6.674709,0.000291,0.051792,0.018833,1.178667,637,8071042,126996,0,7210
11852,16.593958,16.620834,0.000000,6.868792,6.868291,0.000501,0.055292,0.061083,0.290500,632,8080255,123612,0,5408
11853,16.806459,16.765245,0.000000,6.842375,6.832250,0.010125,0.054666,0.066709,0.909916,639,8086998,126444,0,7112
11854,16.615583,16.579015,0.000000,7.009000,7.007292,0.001708,0.048917,0.032666,0.564208,633,8064279,122351,0,5506
11855,16.679042,16.661502,0.000000,7.176500,7.171958,0.004542,0.048750,0.017625,0.902541,629,8080200,121235,0,5408
11856,16.660583,16.624016,0.000000,7.016666,7.013957,0.002709,0.058875,0.073083,0.899416,639,8071005,121090,0,7210
11857,16.820458,16.791365,0.000000,6.898333,6.897292,0.001041,0.052292,0.014250,0.292125,630,8064874,123842,0,5408
11858,16.588167,16.644073,0.000000,6.880874,6.880582,0.000292,0.055292,0.051875,1.153541,635,8111076,124623,0,5408
11859,16.692042,16.588081,0.000000,7.008374,7.000416,0.007958,0.061125,0.018500,0.290500,637,8040106,121805,0,7210
11860,16.709708,16.736173,0.000000,6.839208,6.806459,0.032749,0.054042,0.019750,1.221917,632,8095738,125380,0,5408
11861,16.771083,16.763875,0.000000,7.000751,6.986167,0.014584,0.058792,0.040500,0.291167,633,8080194,123464,0,5408
11862,16.467542,16.404048,0.000000,6.856374,6.855915,0.000459,0.053750,0.018875,0.900708,638,8055582,121528,0,7210
11863,16.877458,16.919000,0.000000,6.929626,6.928959,0.000667,0.058750,0.036667,0.907958,632,8095705,126734,0,5408
11864,16.581959,16.589213,0.000000,6.831500,6.831082,0.000418,0.063166,0.074875,0.608958,632,8095659,123762,0,5408
11865,16.678958,16.585159,0.000000,7.070668,7.056375,0.014293,0.060583,0.013834,0.902041,637,8040131,120378,0,7210
11866,16.715167,16.731717,0.000000,6.899958,6.863542,0.036416,0.059833,0.036833,0.290167,634,8095713,124234,0,5408
11867,16.651416,16.625165,0.000000,7.044457,7.044040,0.000417,0.048125,0.012792,1.231084,633,8080229,122191,0,5408
11868,16.602709,16.613503,0.000000,7.191334,7.183042,0.008292,0.082875,0.025083,0.293083,640,8071008,120405,0,7210
11869,16.406208,16.379289,0.000000,6.968126,6.967584,0.000542,0.060750,0.015125,1.222541,635,8095059,125951,0,5531
11870,16.587083,16.629123,0.000000,6.598543,6.594250,0.004293,0.053375,0.087084,0.608292,634,8097318,132494,0,5531
11871,17.022459,16.953563,0.000000,6.634833,6.613375,0.021458,0.053583,0.047125,0.902458,637,8053248,132623,0,7210
11872,16.795208,16.768709,0.000000,6.710083,6.702625,0.007458,0.085875,0.024958,0.582001,631,8080287,128677,0,5408
11873,16.609000,16.611638,0.000000,6.284376,6.283833,0.000543,0.068125,0.078917,0.636125,631,8064758,131002,0,5408
11874,16.212375,16.336921,0.000000,6.292666,6.288916,0.003750,0.050167,0.187208,0.926166,643,8091795,131453,0,7339
11875,16.954708,16.774057,0.000000,5.691833,5.691014,0.000569,0.061459,0.028458,0.611583,634,8056628,146541,0,5797
11876,16.955792,16.959957,0.000000,6.188042,6.187499,0.000543,0.065417,0.028458,0.907042,631,8064775,135099,0,5408
11877,16.638292,16.644992,0.000000,6.510500,6.509708,0.000792,0.065125,0.043750,0.611583,640,8083746,129151,0,7210
11878,16.743666,16.722422,0.000000,6.566209,6.565584,0.000625,0.057750,0.066125,1.161375,633,8098377,128684,0,5408
11879,16.710834,16.712748,0.000000,6.763042,6.762791,0.000251,0.064750,0.060125,1.221292,631,8081638,126472,0,5408
11880,16.566916,16.497705,0.000000,6.711376,6.711083,0.000293,0.058667,0.019250,0.290666,638,8054155,124878,0,7210
11881,16.853125,16.843293,0.000000,6.630500,6.623293,0.007207,0.068209,0.012666,0.996166,631,8080228,129109,0,5408
11882,16.324542,16.290746,0.000000,6.469875,6.469458,0.000417,0.053417,0.046041,0.291625,637,8094302,124667,0,5685
11883,17.005792,16.999596,0.000000,6.084792,6.084250,0.000375,0.088916,0.019042,0.933083,640,8055456,134723,0,7210
11884,16.733458,16.753337,0.000000,6.033084,6.025417,0.007667,0.076208,0.034000,0.291292,632,8095671,127444,0,5408
11885,16.622000,16.567159,0.000000,6.581834,6.581291,0.000543,0.054375,0.049875,0.579459,631,8064773,121966,0,5408
11886,16.542458,16.485482,0.000000,6.443084,6.442625,0.000459,0.042334,0.026166,0.614208,638,8055552,121262,0,7210
11887,16.761625,16.768210,0.000000,6.308793,6.308376,0.000417,0.043750,0.046917,1.226583,633,8095747,124352,0,5408
11888,16.713584,16.690435,0.000000,6.453292,6.453124,0.000168,0.041416,0.018167,1.221333,631,8080688,122669,0,5408
11889,16.520250,16.510624,0.000000,6.369374,6.368957,0.000417,0.037291,0.028959,0.611042,640,8070468,124893,0,7210
11890,17.507333,17.491402,0.000000,6.501751,6.501292,0.000334,0.036958,0.030042,1.250209,631,8080246,124788,0,5408
11891,15.966000,15.937164,0.000000,5.862709,5.862250,0.000459,0.048125,0.026667,0.610416,632,8080280,123455,0,5408
11892,16.555500,16.490189,0.000000,6.433124,6.432832,0.000292,0.041083,0.026750,1.061500,639,8055491,122590,0,7210
11893,16.914958,16.948225,0.000000,6.385458,6.385125,0.000333,0.045584,0.018958,0.610459,632,8095672,127093,0,5408
11894,16.628709,16.603803,0.000000,6.505249,6.504915,0.000334,0.042916,0.026375,0.881084,632,8080265,123019,0,5408
11895,16.299250,16.275542,0.000000,6.647291,6.638624,0.008667,0.037833,0.025458,1.055000,645,8100634,119663,0,7449
11896,17.118125,17.130691,0.000000,6.164291,6.163791,0.000291,0.056708,0.029000,0.448666,627,8033901,129176,0,5408
11897,16.559708,16.528670,0.000000,6.638874,6.638582,0.000292,0.040750,0.030042,0.910166,632,8095642,123340,0,5408
11898,16.708500,16.677452,0.000000,6.494082,6.493665,0.000417,0.046000,0.027250,0.608291,638,8071036,124469,0,7210
11899,16.661167,16.647651,0.000000,6.426000,6.425834,0.000166,0.037791,0.027875,0.748291,633,8080254,124533,0,5408
11900,16.246458,16.292857,0.000000,6.516000,6.515708,0.000292,0.041833,0.114917,0.609583,634,8109769,123694,0,5655
11901,17.151708,17.076756,0.000000,5.267208,5.266596,0.000362,0.048542,0.040542,0.753208,660,8029572,146261,0,9251
11902,16.644709,16.624811,0.000000,6.120208,6.119792,0.000416,0.040666,0.026167,1.064001,632,8080230,131701,0,5408
11903,16.646250,16.621667,0.000000,6.442501,6.442125,0.000376,0.036208,0.030292,0.449166,630,8080243,123618,0,5408
11904,16.721208,16.677733,0.000000,6.569334,6.569000,0.000334,0.039875,0.025792,0.894293,638,8055590,124420,0,7210
11905,16.711708,16.719738,0.000000,6.011625,6.011125,0.000500,0.044500,0.029417,0.451583,634,8095700,132264,0,5408
11906,16.747167,16.744129,0.000000,6.051417,6.050958,0.000459,0.048458,0.028000,1.094500,638,8087075,131195,0,7126
11907,16.557208,16.516295,0.000000,6.464000,6.463666,0.000334,0.041042,0.027875,0.579625,633,8064177,122850,0,5492
11908,16.661417,16.628844,0.000000,6.718500,6.718293,0.000207,0.039542,0.029791,0.746667,631,8064768,121061,0,5408
11909,16.685000,16.685791,0.000000,6.044001,6.043667,0.000334,0.046125,0.033000,0.448542,640,8086484,133694,0,7210
11910,16.722500,16.708323,0.000000,6.125751,6.125333,0.000418,0.038292,0.027875,0.918875,632,8080238,134152,0,5408
11911,16.704458,16.648200,0.000000,6.728583,6.728375,0.000208,0.035084,0.017041,1.057875,633,8064773,122692,0,5408
11912,16.604750,16.629720,0.000000,6.548166,6.547915,0.000251,0.040292,0.027833,0.449375,640,8084057,122995,0,7210
11913,16.784834,16.755375,0.000000,6.573709,6.573375,0.000334,0.039500,0.029541,1.059208,630,8082672,126291,0,5408
11914,16.705333,16.696575,0.000000,6.878751,6.878501,0.000250,0.040917,0.025833,0.448792,631,8080261,122483,0,5408
11915,16.073542,16.260839,0.000000,6.764000,6.763791,0.000209,0.034666,0.247709,0.850791,653,8191005,125357,0,7870
11916,16.788541,16.650397,0.000000,6.293459,6.293041,0.000418,0.038417,0.130375,0.443625,627,8001607,132763,0,5687
11917,17.441750,17.352294,0.000000,6.090209,6.089584,0.000625,0.063792,0.022500,0.585625,629,8035738,132569,0,5408
11918,16.425875,16.405518,0.000000,6.024000,6.023541,0.000459,0.059875,0.020334,0.586374,640,8058144,121715,0,7210
11919,16.667167,16.655700,0.000000,6.093043,6.092625,0.000418,0.076208,0.022084,0.468666,633,8106641,124442,0,5408
11920,16.812083,16.777381,0.000000,5.925791,5.907833,0.017958,0.070834,0.032416,0.652584,631,8049397,128008,0,5408
11921,16.580584,16.547426,0.000000,5.814208,5.809041,0.005167,0.064333,0.016542,0.452083,639,8070925,125498,0,7210
11922,16.729416,16.752544,0.000000,6.023666,6.023249,0.000417,0.071375,0.027667,0.814875,632,8102096,128538,0,5408
11923,16.707125,16.667118,0.000000,6.878666,6.870875,0.007791,0.063667,0.040917,0.290875,632,8073886,124839,0,5408
11924,16.078959,16.220912,0.000000,6.914376,6.898333,0.016043,0.064125,0.168208,0.742249,643,8084698,124120,0,7532
11925,17.279333,17.095748,0.000000,6.345999,6.345624,0.000375,0.062125,0.029083,1.087084,631,8064856,134291,0,5408
11926,16.293083,16.327133,0.000000,6.831375,6.822292,0.009083,0.057625,0.070459,0.292750,641,8155659,126510,0,5728
11927,16.653709,16.611455,0.000000,6.345333,6.340916,0.004417,0.062791,0.028250,0.901500,636,8009161,134337,0,7210
11928,17.006833,16.946921,0.000000,6.643999,6.643582,0.000417,0.058792,0.020958,0.447125,631,8080237,131246,0,5408
11929,16.630083,16.597676,0.000000,6.739541,6.731125,0.008416,0.053000,0.067292,0.745251,632,8064775,125424,0,5408
11930,16.712375,16.722050,0.000000,6.832543,6.831958,0.000585,0.064792,0.029167,0.290667,638,8071058,125024,0,7210
11931,16.280000,16.335912,0.000000,6.598541,6.595791,0.002750,0.065334,0.090500,0.933958,636,8109987,128072,0,5619
11932,17.153209,17.070251,0.000000,6.399292,6.393250,0.005917,0.092166,0.036959,0.584666,632,8064872,131918,0,5408
11933,16.533333,16.571695,0.000000,6.538583,6.528749,0.009834,0.062125,0.060667,0.748666,640,8086322,124296,0,7210
11934,16.715083,16.669306,0.000000,6.709126,6.694208,0.014918,0.064084,0.036833,1.065375,633,8080244,126019,0,5408
11935,16.728167,16.622010,0.000000,6.806458,6.806125,0.000333,0.064708,0.029459,0.290958,628,8033868,124817,0,5408
11936,16.597750,16.631679,0.000000,6.747458,6.736499,0.010959,0.074833,0.022459,0.954375,641,8086513,124308,0,7210
11937,16.743167,16.761990,0.000000,6.656083,6.637166,0.018917,0.071083,0.020125,0.293667,632,8077355,126505,0,5408
11938,16.643250,16.581501,0.000000,6.788125,6.787792,0.000333,0.052916,0.018917,0.929417,633,8083040,123536,0,5408
11939,16.698250,16.683043,0.000000,6.988584,6.988208,0.000376,0.063291,0.014084,0.296417,640,8086480,125435,0,7210
11940,16.742500,16.716332,0.000000,6.947084,6.946875,0.000209,0.062250,0.047333,0.907541,630,8064923,124396,0,5408
11941,16.644916,16.719374,0.000000,6.819500,6.819084,0.000416,0.123292,0.045583,0.914167,632,8110952,123894,0,5408
11942,16.360792,16.289015,0.000000,6.789375,6.789000,0.000375,0.061750,0.017792,0.612542,648,8146826,126289,0,7487
11943,17.203583,17.181088,0.000000,6.624375,6.599249,0.025126,0.059417,0.025542,0.925083,624,7972019,131322,0,5408
11944,16.663459,16.654830,0.000000,6.761167,6.755917,0.005250,0.061875,0.013541,0.292500,633,8080246,123175,0,5408
11945,16.347333,16.296165,0.000000,6.972708,6.964291,0.008417,0.061208,0.020167,0.902875,642,8085295,122457,0,7432
11946,17.024375,17.046421,0.000000,6.105500,6.096374,0.009126,0.061375,0.023375,0.292750,632,8068091,136923,0,5408
11947,16.690667,16.646721,0.000000,6.793999,6.793625,0.000374,0.062666,0.019750,0.743333,631,8076901,124672,0,5408
11948,16.548375,16.535952,0.000000,6.767417,6.767124,0.000293,0.063208,0.058583,0.447209,638,8070978,123421,0,7210
11949,16.377000,16.471315,0.000000,6.659916,6.657749,0.002167,0.152041,0.016709,0.740083,638,8125742,128761,0,5561
11950,17.084166,16.957500,0.000000,6.271792,6.253250,0.018542,0.058792,0.011958,1.146001,629,8033883,133835,0,5408
11951,16.596417,16.605115,0.000000,6.655751,6.655375,0.000376,0.076375,0.016000,0.447416,638,8071119,125696,0,7210
11952,16.685208,16.628295,0.000000,6.664708,6.664250,0.000458,0.064709,0.028125,1.077000,631,8064699,126112,0,5408
11953,16.809459,16.856712,0.000000,6.741000,6.723542,0.017458,0.067125,0.049458,0.303459,634,8111108,128234,0,5408
11954,16.271166,16.206542,0.000000,6.653624,6.653166,0.000458,0.054334,0.049000,1.283875,641,8069943,124972,0,7432
11955,17.075292,17.076580,0.000000,6.641542,6.641083,0.000459,0.065417,0.018916,0.295166,632,8064771,130954,0,5408
11956,16.699750,16.695252,0.000000,6.831208,6.825583,0.005375,0.071875,0.021417,0.614625,629,8080159,121385,0,5408
11957,16.304542,16.292870,0.000000,6.804709,6.803916,0.000793,0.054166,0.054084,0.589917,639,8085294,123424,0,7449
11958,17.109541,17.079798,0.000000,6.658374,6.658082,0.000292,0.068959,0.020875,0.446833,631,8080191,129662,0,5408
11959,16.713959,16.686984,0.000000,6.990625,6.988459,0.002166,0.075375,0.015666,0.945499,640,8071813,121424,0,7126
11960,16.568583,16.541325,0.000000,6.824917,6.824458,0.000459,0.055042,0.018541,0.465458,630,8063982,121997,0,5492
11961,16.780375,16.750417,0.000000,6.972374,6.969707,0.002667,0.060000,0.018583,0.764041,632,8080297,122893,0,5408
11962,16.663917,16.676835,0.000000,6.875292,6.874959,0.000333,0.063541,0.020167,0.306583,641,8070928,121995,0,7210
11963,16.647416,16.600883,0.000000,6.672708,6.642624,0.030084,0.064709,0.014958,0.935958,631,8080267,123598,0,5408
11964,16.666542,16.668030,0.000000,7.095833,7.095332,0.000501,0.057083,0.011125,0.587958,633,8080326,121083,0,5408
11965,16.716292,16.667408,0.000000,6.995708,6.995000,0.000708,0.063250,0.020375,0.978916,639,8071088,122318,0,7210
11966,16.206625,16.205005,0.000000,6.908417,6.907916,0.000501,0.059458,0.019833,0.922500,630,8079539,122530,0,5531
11967,16.686333,16.689292,0.000000,6.592666,6.592291,0.000375,0.056167,0.053083,0.610875,633,8095619,131504,0,5408
11968,16.921792,16.918285,0.000000,6.665875,6.665417,0.000458,0.060958,0.031542,1.226251,641,8070963,130707,0,7210
11969,16.673708,16.583866,0.000000,6.747959,6.746125,0.001834,0.060167,0.020541,0.292750,629,8049492,126156,0,5408
11970,16.762125,16.804828,0.000000,6.998667,6.968458,0.030209,0.063500,0.019708,0.905334,634,8095877,125368,0,5408
11971,16.646208,16.657664,0.000000,6.822792,6.815626,0.007166,0.057250,0.052084,0.611625,642,8101573,125713,0,7210
11972,16.656959,16.595587,0.000000,6.778292,6.774624,0.003668,0.052791,0.013459,0.901416,627,8064836,125577,0,5408
11973,16.582958,16.588953,0.000000,6.780208,6.773166,0.007042,0.077500,0.020750,0.644750,637,8156525,127829,0,5599
11974,16.924250,16.892318,0.000000,6.032833,5.940000,0.092833,0.074583,0.046667,0.617125,634,7978232,135981,0,7210
11975,16.733542,16.685838,0.000000,6.670916,6.670207,0.000709,0.057625,0.012541,0.739875,627,8064833,127146,0,5408
11976,16.167666,16.215630,0.000000,6.846375,6.839666,0.006709,0.059875,0.054417,0.291750,639,8125043,123363,0,5685
11977,17.014750,16.930751,0.000000,6.513459,6.512459,0.001000,0.058250,0.018750,1.254792,637,8024887,132549,0,7210
11978,16.420084,16.548491,0.000000,6.642416,6.631499,0.010917,0.144333,0.050375,0.295208,644,8202681,134449,0,5578
11979,17.052375,16.907006,0.000000,6.174709,6.174333,0.000376,0.062000,0.015375,0.942083,623,7972127,135579,0,5408
11980,16.626083,16.644667,0.000000,6.297750,6.276709,0.021041,0.062708,0.046750,1.224500,643,8086428,128906,0,7210
11981,16.741667,16.709033,0.000000,6.463459,6.459791,0.003668,0.067166,0.020459,0.609709,629,8049344,130607,0,5408
11982,16.657000,16.607461,0.000000,6.643584,6.623999,0.019585,0.064083,0.041542,0.743208,631,8080223,127263,0,5408
11983,16.595625,16.618769,0.000000,6.555334,6.553000,0.002334,0.059250,0.019958,0.449042,642,8101965,128325,0,7210
11984,16.689625,16.627808,0.000000,6.753626,6.753125,0.000501,0.050166,0.013084,0.780125,631,8064744,126084,0,5408
11985,16.770541,16.812243,0.000000,6.842791,6.840582,0.002209,0.060792,0.048708,0.293041,631,8080255,126805,0,5408
11986,16.650667,16.636882,0.000000,6.713293,6.686668,0.026625,0.061083,0.071709,1.121291,642,8086404,125986,0,7210
11987,16.830875,16.780970,0.000000,6.850875,6.850416,0.000459,0.059875,0.027708,0.531750,630,8064773,126963,0,5408
11988,16.616458,16.576619,0.000000,6.835166,6.782041,0.053125,0.059042,0.025667,1.201250,629,8064808,124161,0,5408
11989,16.609750,16.576585,0.000000,6.694792,6.690042,0.004750,0.053542,0.037458,0.900000,642,8086426,125884,0,7210
11990,17.691375,17.927343,0.000000,7.191792,6.732416,0.458834,0.203292,0.089000,0.455125,633,8111141,128808,0,5408
11991,17.242917,17.133888,0.000000,6.069707,4.986763,1.082403,0.182583,0.027584,0.590041,628,8064903,124198,0,5408
11992,15.671958,15.631659,0.000000,4.036417,4.012639,0.022569,0.128959,0.046500,0.298084,641,8086322,124905,0,7210
11993,16.594250,16.592079,0.000000,5.492374,5.491472,0.000111,0.091292,0.111417,0.597333,630,8080239,128021,0,5408
11994,16.760375,16.753249,0.000000,5.463916,5.457347,0.005903,0.153750,0.040417,0.291875,634,8095652,125311,0,5408
11995,16.360125,16.236951,0.000000,5.545917,5.545306,0.000153,0.097250,0.027625,0.585209,637,8024680,121920,0,7210
11996,16.618292,16.539010,0.000000,6.162375,6.161832,0.000293,0.123792,0.018541,0.584833,631,8064769,125540,0,5408
11997,16.922500,17.168256,0.000000,6.198334,6.197583,0.000417,0.221625,0.068708,0.292541,640,8173023,129419,0,5408
11998,16.447208,16.266076,0.000000,6.082959,6.082500,0.000334,0.097750,0.044334,0.685583,635,8009103,121762,0,7210
11999,16.860125,16.890537,0.000000,6.024624,6.023999,0.000417,0.108959,0.061916,0.315125,632,8080236,126776,0,5408
12000,16.188042,16.171454,0.000000,6.121582,6.120874,0.000458,0.090167,0.100666,0.983625,641,8171999,125358,0,5571
12001,16.996375,16.901330,0.000000,5.907375,5.906917,0.000333,0.089875,0.062333,0.650000,632,7947449,130097,0,7210
12002,16.162292,16.124366,0.000000,6.355584,6.355125,0.000459,0.071541,0.013875,0.638167,635,8094593,125374,0,5643
12003,16.942875,17.002303,0.000000,6.081416,6.080708,0.000458,0.099583,0.055500,0.963167,638,8156635,135282,0,5531
12004,16.454583,16.361077,0.000000,5.822541,5.803250,0.019166,0.059958,0.014250,0.645083,636,8024720,133965,0,7210
12005,17.049875,17.018621,0.000000,5.662584,5.661764,0.000236,0.071000,0.014542,0.601666,629,8049320,134175,0,5408
12006,16.709625,16.685751,0.000000,6.017000,6.016417,0.000333,0.074167,0.013583,0.637458,633,8080259,127271,0,5408
12007,16.760792,16.824549,0.000000,5.956708,5.944125,0.012416,0.111791,0.019625,0.951458,644,8083875,131433,0,7723
12008,16.616458,16.658950,0.000000,5.963750,5.926416,0.037084,0.143125,0.059292,0.306750,648,8103158,131307,0,6936
12009,16.641458,16.516313,0.000000,5.974251,5.967375,0.006876,0.081209,0.030625,0.981500,631,8046938,127202,0,5920
12010,16.699584,16.754202,0.000000,6.251710,6.250959,0.000542,0.203833,0.022958,0.678542,639,8093741,129330,0,6698
12011,16.617791,16.546694,0.000000,6.223000,6.221499,0.001293,0.086709,0.017250,0.599541,630,8059997,125066,0,5408
12012,16.802250,16.799164,0.000000,6.072334,6.071917,0.000292,0.084709,0.043375,0.613958,643,8086461,129466,0,7210
12013,16.605667,16.503792,0.000000,6.055876,6.055501,0.000375,0.070833,0.014084,0.642333,630,8064745,129281,0,5408
12014,16.752583,16.821824,0.000000,6.370376,6.360416,0.009960,0.094125,0.056375,0.821083,632,8095792,127680,0,5408
12015,16.140834,16.066593,0.000000,6.171541,6.166916,0.004375,0.064458,0.099292,0.310542,641,8054748,127015,0,7339
12016,16.713833,16.706271,0.000000,6.045958,6.045458,0.000292,0.078583,0.078625,0.613250,633,8095044,132083,0,5536
12017,17.157292,17.144832,0.000000,5.633500,5.631680,0.001153,0.066166,0.016042,0.310000,632,8063819,140328,0,5605
12018,16.691500,16.678843,0.000000,6.249042,6.248541,0.000376,0.071208,0.013542,0.889376,642,8070873,125079,0,7210
12019,16.659291,16.659501,0.000000,6.321291,6.320416,0.000750,0.090625,0.028750,0.587542,632,8084253,124528,0,5408
12020,16.737834,16.718827,0.000000,6.180750,6.170416,0.010168,0.103416,0.022542,0.291209,629,8076233,125151,0,5408
12021,16.510166,16.505828,0.000000,6.276124,6.275624,0.000292,0.093250,0.017084,0.593667,648,8131771,126949,0,7401
12022,17.056500,17.047709,0.000000,5.436958,5.425847,0.010653,0.099417,0.044792,0.352542,627,8018437,137624,0,5408
12023,16.650584,16.637791,0.000000,6.213042,6.208958,0.003959,0.099625,0.042750,0.582417,629,8080248,124564,0,5408
12024,16.577125,16.459206,0.000000,6.106791,6.106208,0.000333,0.087166,0.022125,0.296083,639,8055696,122758,0,7210
12025,16.734125,16.778435,0.000000,6.141584,6.135334,0.006000,0.084500,0.017250,0.587584,630,8080119,127598,0,5408
12026,17.923000,18.403098,0.000000,6.333875,6.332916,0.000459,0.564333,0.055833,0.587125,673,8640021,145307,0,5408
12027,15.381916,14.848495,0.000000,5.909417,3.588167,2.321083,0.091584,0.049916,0.298416,598,7495806,103070,0,7210
12028,16.880959,16.983825,0.000000,6.000667,6.000000,0.000459,0.176750,0.044916,0.693958,634,8111115,127228,0,5408
12029,16.226625,16.153752,0.000000,5.778250,5.777833,0.000209,0.083125,0.045250,0.321958,647,8212296,129173,0,5813
12030,16.973958,16.952279,0.000000,5.159708,5.158930,0.000320,0.104833,0.047250,1.037000,629,7936783,136746,0,7210
12031,16.828708,16.808496,0.000000,5.663458,5.662723,0.000235,0.142625,0.028542,0.290792,633,8080290,128697,0,5408
12032,16.509250,16.507994,0.000000,6.177251,6.176875,0.000292,0.126667,0.038625,0.593750,630,8064728,123745,0,5408
12033,16.292542,16.207655,0.000000,6.231084,6.210792,0.020000,0.100042,0.039416,0.297000,637,8055673,124658,0,7210
12034,17.226708,17.297673,0.000000,5.524293,5.523556,0.000153,0.087209,0.069416,0.607041,637,8126418,133981,0,5408
12035,16.701542,16.607212,0.000000,5.968374,5.966666,0.001417,0.084750,0.015250,0.599666,627,8049351,123285,0,5408
12036,16.622625,16.828043,0.000000,6.112625,6.110583,0.001917,0.245750,0.061333,0.291916,644,8117317,124947,0,7210
12037,16.966042,16.926961,0.000000,5.650916,5.637139,0.013194,0.246166,0.068792,0.613667,636,8126595,128290,0,5408
12038,16.481333,16.421670,0.000000,5.591375,5.590597,0.000320,0.208792,0.058166,0.292334,632,8064763,122947,0,5408
12039,16.596000,16.394794,0.000000,6.041749,6.031124,0.010333,0.099750,0.026958,0.588833,633,7978330,120093,0,7210
12040,16.689875,16.744836,0.000000,6.062417,6.061833,0.000417,0.114375,0.026042,0.294834,635,8111130,125772,0,5408
12041,16.810667,16.793885,0.000000,5.999875,5.999291,0.000334,0.109541,0.043084,0.583958,633,8080223,124232,0,5408
12042,16.462208,16.516846,0.000000,5.601834,5.599000,0.002709,0.173625,0.042750,0.590667,637,8071004,122854,0,7210
12043,17.098625,17.045459,0.000000,6.009375,6.008708,0.000542,0.119000,0.043167,0.292792,633,8095715,124699,0,5408
12044,16.305708,16.248832,0.000000,5.860085,5.859500,0.000376,0.090167,0.033292,0.596125,628,8049450,121936,0,5408
12045,16.603959,16.501206,0.000000,6.126834,6.109250,0.017459,0.074083,0.016667,0.303292,639,8055411,123152,0,7210
12046,16.706208,16.700162,0.000000,6.609834,6.602501,0.007333,0.068708,0.030417,1.225209,634,8095734,125037,0,5408
12047,16.665167,16.671672,0.000000,6.820833,6.820499,0.000334,0.060875,0.018208,0.294917,631,8080163,122844,0,5408
12048,16.526333,16.485694,0.000000,6.881958,6.881583,0.000375,0.063792,0.043791,0.962416,639,8071152,121153,0,7210
12049,16.929083,16.940735,0.000000,6.952709,6.912167,0.040542,0.052209,0.042833,0.664917,633,8080076,125089,0,5408
12050,16.646917,16.631216,0.000000,6.730792,6.728458,0.002334,0.064500,0.015458,1.033334,629,8080241,121821,0,5408
12051,15.922958,16.128134,0.000000,6.966458,6.944374,0.022084,0.046667,0.255000,1.121292,648,8115646,123244,0,7532
12052,16.913334,16.708329,0.000000,6.503125,6.502750,0.000292,0.070208,0.039542,0.374666,632,8063934,132511,0,5582
12053,17.191708,17.170207,0.000000,6.263416,6.244958,0.018458,0.061750,0.046375,0.874583,629,8064674,131753,0,5408
12054,16.559542,16.471531,0.000000,6.908334,6.895458,0.012876,0.075250,0.022333,0.291084,638,8040109,120722,0,7210
12055,16.327541,16.362804,0.000000,6.821001,6.820584,0.000417,0.062584,0.048166,1.116250,638,8109933,123475,0,5627
12056,17.090875,17.052836,0.000000,6.752416,6.748291,0.004125,0.060834,0.036125,0.293958,632,8064781,129127,0,5408
12057,16.681000,16.708454,0.000000,6.952458,6.944166,0.008292,0.068959,0.061458,0.906333,641,8086505,124208,0,7210
12058,16.725000,16.632747,0.000000,6.992125,6.990584,0.001541,0.056584,0.011333,0.900751,629,8049330,121164,0,5408
12059,16.706625,16.726746,0.000000,6.937666,6.937207,0.000459,0.059834,0.020500,0.291500,631,8095671,122183,0,5408
12060,16.664500,16.619375,0.000000,6.969958,6.962874,0.007084,0.057834,0.012583,0.901417,640,8071044,122752,0,7210
12061,16.792375,16.806068,0.000000,7.012500,7.006375,0.006125,0.061084,0.019250,0.518375,631,8080221,122626,0,5408
12062,16.614709,16.625618,0.000000,6.957250,6.956749,0.000501,0.061541,0.080042,0.923667,634,8093199,122404,0,5920
12063,16.643666,16.599800,0.000000,6.878041,6.876833,0.001208,0.068167,0.020792,0.609750,639,8058069,121945,0,6698
12064,16.659375,16.675632,0.000000,6.996165,6.995458,0.000707,0.062459,0.040916,0.907916,634,8095670,121518,0,5408
12065,16.774292,16.722094,0.000000,7.026416,7.026165,0.000251,0.074208,0.021042,0.400333,637,8071824,122462,0,7126
12066,16.628583,16.615961,0.000000,6.936417,6.935667,0.000750,0.059959,0.014625,0.912417,634,8064133,121888,0,5492
12067,16.651292,16.635597,0.000000,6.999500,6.994834,0.004666,0.064583,0.021584,0.969499,631,8080106,120980,0,5408
12068,16.572583,16.530758,0.000000,6.909875,6.897666,0.012209,0.058334,0.053083,0.290417,641,8071120,119956,0,7210
12069,16.293917,16.382545,0.000000,6.912084,6.904041,0.008043,0.046333,0.107792,1.279376,637,8125269,122904,0,5644
12070,17.046083,16.944744,0.000000,6.967459,6.966917,0.000542,0.074042,0.021083,0.293583,627,8018415,125869,0,5408
12071,16.624167,16.609491,0.000000,6.953459,6.945417,0.008042,0.067417,0.013000,0.933666,642,8101987,121068,0,7210
12072,16.708125,16.689116,0.000000,7.002459,7.002000,0.000459,0.069375,0.043292,0.313041,629,8064760,122391,0,5408
12073,16.433958,16.413971,0.000000,6.970833,6.956542,0.014291,0.060750,0.020125,0.955167,642,8155668,122394,0,5733
12074,16.796084,16.778539,0.000000,6.034459,6.023208,0.011251,0.058875,0.028500,0.927334,636,8008240,139275,0,7401
12075,16.790708,16.792499,0.000000,6.703333,6.693708,0.009625,0.064125,0.047500,0.655583,631,8095823,128092,0,5408
12076,16.692125,16.662326,0.000000,6.678917,6.678500,0.000292,0.067833,0.035875,0.983375,632,8064668,124168,0,5408
12077,16.630167,16.655333,0.000000,6.455625,6.446041,0.009584,0.055625,0.068958,0.313500,640,8086506,127878,0,7210
12078,16.429166,16.469263,0.000000,6.566583,6.544499,0.022084,0.052250,0.115375,0.938292,636,8110338,128987,0,5588
12079,16.966584,16.844282,0.000000,6.362168,6.348126,0.014042,0.055875,0.063333,0.302250,630,8033648,130889,0,5408
12080,16.659916,16.650134,0.000000,6.708084,6.707166,0.000918,0.067500,0.029709,0.951500,639,8071013,124649,0,7210
12081,16.702292,16.694788,0.000000,6.650250,6.649958,0.000292,0.062833,0.027250,0.649041,632,8080250,126925,0,5408
12082,16.703167,16.705617,0.000000,6.761416,6.760791,0.000625,0.067541,0.067459,1.133334,632,8091470,125083,0,5408
12083,16.663083,16.617458,0.000000,6.805584,6.801375,0.004209,0.064167,0.013541,0.903709,637,8059767,124750,0,7210
12084,16.714542,16.684461,0.000000,6.743542,6.736708,0.006834,0.061916,0.060292,0.612208,632,8080339,126132,0,5408
12085,16.655625,16.662078,0.000000,6.781042,6.780084,0.000958,0.061708,0.081792,0.741626,631,8064742,125074,0,5408
12086,16.669750,16.704506,0.000000,6.893666,6.872415,0.021251,0.054083,0.077833,0.611334,642,8117312,125503,0,7210
12087,16.739708,16.622918,0.000000,6.850251,6.844583,0.005668,0.066458,0.022292,0.905333,629,8033913,123935,0,5408
12088,16.624542,16.644043,0.000000,6.711166,6.710625,0.000541,0.058708,0.019458,0.400500,634,8095653,123198,0,5408
12089,16.285208,16.415749,0.000000,6.761541,6.752665,0.008876,0.053958,0.219709,0.958291,642,8084898,129354,0,7532
12090,17.178250,17.011916,0.000000,6.501791,6.490791,0.011000,0.063583,0.029084,0.913333,632,8064606,131557,0,5408
12091,16.591167,16.585663,0.000000,6.776124,6.772500,0.003624,0.060666,0.018542,0.293083,632,8080228,124111,0,5408
12092,16.692541,16.648975,0.000000,6.789623,6.755040,0.034583,0.055709,0.018083,1.082000,637,8071007,126627,0,7210
12093,16.679542,16.701791,0.000000,6.715417,6.715124,0.000293,0.053083,0.059000,0.310292,633,8095711,127433,0,5408
12094,16.677625,16.660709,0.000000,6.852376,6.852126,0.000250,0.057042,0.077208,0.936916,632,8080263,125275,0,5408
12095,16.590292,16.553393,0.000000,6.833583,6.833291,0.000292,0.053375,0.038708,0.452125,634,8040171,123738,0,7210
12096,16.760625,16.752710,0.000000,6.805082,6.801165,0.003917,0.058166,0.040167,0.746042,635,8095551,125910,0,5408
12097,16.746333,16.747366,0.000000,6.806542,6.801626,0.004916,0.063208,0.051917,0.740000,631,8080234,126835,0,5408
12098,16.622292,16.547860,0.000000,6.856126,6.846083,0.010043,0.055250,0.014166,0.370583,639,8055557,122937,0,7210
12099,16.693333,16.728249,0.000000,6.835000,6.834124,0.000876,0.062500,0.033667,0.761250,633,8095685,126917,0,5408
12100,16.687958,16.671042,0.000000,6.953960,6.953543,0.000417,0.055625,0.037250,0.305125,633,8095670,122857,0,5408
12101,16.649459,16.610840,0.000000,6.857624,6.857291,0.000333,0.067083,0.020042,1.201125,638,8059323,124225,0,7210
12102,16.692541,16.730321,0.000000,6.900958,6.900541,0.000417,0.056292,0.077125,0.293583,632,8091975,125339,0,5408
12103,16.739042,16.717145,0.000000,6.946625,6.934250,0.012375,0.055000,0.073458,0.759375,633,8080221,123483,0,5408
12104,16.635333,16.562536,0.000000,6.928000,6.927666,0.000334,0.060875,0.021500,0.484084,637,8055508,123006,0,7210
12105,16.751834,16.694378,0.000000,6.794208,6.788374,0.005834,0.062541,0.041500,0.932167,631,8064776,125536,0,5408
12106,16.659500,16.703972,0.000000,7.028584,7.020543,0.008041,0.054833,0.055583,0.953417,633,8095661,123360,0,5408
12107,16.600166,16.572585,0.000000,6.900709,6.894124,0.006585,0.057875,0.014542,0.629417,639,8071070,122767,0,7210
12108,16.684250,16.631661,0.000000,6.943874,6.943499,0.000375,0.055667,0.018250,0.982458,632,8064717,124154,0,5408
12109,16.689834,16.700666,0.000000,6.976834,6.964168,0.012666,0.059250,0.019041,0.297708,633,8095677,124784,0,5408
12110,16.736791,16.734715,0.000000,6.947500,6.941624,0.005876,0.065042,0.020375,1.224625,638,8071038,124243,0,7210
12111,16.674625,16.682618,0.000000,6.861833,6.854499,0.007334,0.063625,0.062542,0.309500,634,8095807,124787,0,5408
12112,16.685250,16.682968,0.000000,6.844667,6.843958,0.000542,0.071625,0.046959,0.806667,632,8095550,123358,0,5408
12113,16.695834,16.616125,0.000000,6.826917,6.825708,0.001209,0.057958,0.020917,0.944709,638,8040189,125352,0,7210
12114,16.754750,16.766920,0.000000,6.931166,6.927749,0.003417,0.069791,0.025709,0.619041,646,8078357,125065,0,6945
12115,16.621375,16.647881,0.000000,6.563499,6.546625,0.016874,0.055708,0.068583,0.946750,649,8094402,125311,0,7510
12116,16.662583,16.632697,0.000000,6.897291,6.890082,0.007209,0.065292,0.051916,0.615166,632,8065221,123823,0,5612
12117,16.678292,16.610829,0.000000,6.908082,6.905290,0.002792,0.065250,0.032916,0.916291,632,8063234,123785,0,5408
12118,16.305458,16.463386,0.000000,7.073749,7.035917,0.037832,0.047333,0.188000,0.291625,653,8175509,128521,0,7870
12119,17.072917,16.890406,0.000000,6.511332,6.510999,0.000333,0.066250,0.021208,0.915458,624,7972125,132875,0,5408
12120,16.677833,16.637943,0.000000,7.063250,7.062999,0.000251,0.061125,0.020208,0.542083,633,8080246,121909,0,5408
12121,16.683208,16.705417,0.000000,6.997460,6.997043,0.000417,0.067875,0.021584,1.194084,640,8071179,122412,0,7210
12122,16.749542,16.731920,0.000000,6.864667,6.856874,0.007793,0.069083,0.058709,0.902959,630,8064627,125011,0,5408
12123,16.652583,16.641046,0.000000,6.993750,6.993207,0.000543,0.061792,0.049042,0.292750,634,8080247,122202,0,5408
12124,16.676250,16.684265,0.000000,7.025125,7.024875,0.000250,0.053125,0.069584,1.227917,644,8117598,123450,0,7210
12125,16.697000,16.676784,0.000000,6.896541,6.878832,0.017709,0.059125,0.089334,0.290917,627,8033671,123299,0,5408
12126,16.637334,16.535003,0.000000,6.971417,6.967791,0.003626,0.061625,0.019791,0.942666,631,8064768,121230,0,5408
12127,16.721458,16.743953,0.000000,6.909042,6.908751,0.000291,0.059167,0.046208,0.317000,642,8102068,122094,0,7210
12128,16.683167,16.656112,0.000000,6.750541,6.750207,0.000334,0.064666,0.034792,0.911333,630,8080168,124108,0,5408
12129,16.342750,16.428292,0.000000,6.838125,6.837583,0.000542,0.051791,0.112084,0.930333,649,8215967,129785,0,6009
12130,16.983541,16.894975,0.000000,6.120501,6.101000,0.019334,0.064459,0.019291,0.617958,627,7932171,133064,0,7210
12131,16.672625,16.637092,0.000000,6.716875,6.716124,0.000751,0.061834,0.016708,1.062500,631,8080284,125000,0,5408
12132,16.674167,16.672550,0.000000,6.829458,6.827916,0.001542,0.053708,0.051750,0.290542,634,8080014,123020,0,5408
12133,16.494250,16.492425,0.000000,6.833208,6.831709,0.001499,0.057917,0.039583,1.226333,646,8116484,131245,0,7363
12134,16.861833,16.805954,0.000000,6.302584,6.291458,0.011126,0.062084,0.013041,0.615333,629,8033890,130587,0,5408
12135,16.695125,16.695417,0.000000,6.964041,6.963707,0.000334,0.056500,0.019792,0.738626,632,8089847,123808,0,5408
12136,16.743917,16.724859,0.000000,6.699583,6.699000,0.000417,0.063583,0.044542,0.917416,639,8061587,123637,0,7210
12137,16.702875,16.674207,0.000000,6.613125,6.612790,0.000335,0.066333,0.021209,0.637542,629,8080065,125536,0,5408
12138,16.369250,16.381213,0.000000,6.653916,6.644749,0.009167,0.052042,0.059125,0.946626,638,8109918,124707,0,5656
12139,16.915125,16.862545,0.000000,6.587082,6.577833,0.009249,0.054000,0.014708,0.631083,639,8028895,127519,0,7210
12140,16.770042,16.808577,0.000000,6.937291,6.936832,0.000459,0.079000,0.031791,1.325625,631,8105411,125224,0,5408
12141,16.691208,16.650450,0.000000,6.870042,6.867916,0.002126,0.059208,0.038792,0.291167,631,8050801,122668,0,5408
12142,16.701583,16.704086,0.000000,6.921167,6.920250,0.000917,0.066125,0.041792,1.332749,648,8147154,125678,0,7401
12143,16.758792,16.731551,0.000000,6.165793,6.138000,0.027668,0.071875,0.051583,0.635625,626,8018444,132858,0,5408
12144,16.616667,16.578089,0.000000,7.055249,7.054791,0.000333,0.049625,0.040083,0.698209,632,8073793,119105,0,5408
12145,16.794708,16.798266,0.000000,7.160709,7.160084,0.000334,0.054583,0.048875,0.940833,640,8077509,119985,0,7210
12146,16.658167,16.604759,0.000000,7.008000,7.007624,0.000251,0.059458,0.026292,0.612584,629,8064761,119778,0,5408
12147,16.544458,16.503629,0.000000,7.016915,7.009415,0.007500,0.054833,0.018792,0.882667,632,8064784,117163,0,5408
12148,16.638458,16.705331,0.000000,6.843834,6.841250,0.002375,0.059334,0.068458,0.627208,644,8117332,123059,0,7210
12149,16.738125,16.646539,0.000000,6.790916,6.790540,0.000376,0.070667,0.040083,0.934166,627,8033892,123251,0,5408
12150,16.693875,16.744292,0.000000,6.881292,6.880583,0.000709,0.068917,0.071708,0.290709,634,8095673,121818,0,5408
12151,16.651000,16.571288,0.000000,6.819375,6.812125,0.007125,0.064084,0.024083,0.945083,643,8086457,121939,0,7210
12152,16.718584,16.685663,0.000000,6.878167,6.875332,0.002835,0.055333,0.014583,1.277459,630,8064851,122353,0,5408
12153,16.684666,16.683817,0.000000,6.740043,6.721542,0.018501,0.053750,0.018917,0.300042,630,8064750,122317,0,5408
12154,16.604875,16.640750,0.000000,6.876458,6.862083,0.014375,0.065084,0.038208,0.965708,645,8117349,122690,0,7210
12155,16.757625,16.668434,0.000000,6.986376,6.985958,0.000418,0.069459,0.043375,0.304333,627,8033889,121840,0,5408
12156,16.643125,16.614336,0.000000,6.839916,6.839499,0.000417,0.062667,0.024625,1.269041,635,8095760,121287,0,5408
12157,16.452667,16.496065,0.000000,6.878750,6.870875,0.007875,0.049125,0.035667,0.304917,642,8100733,121668,0,7401
12158,16.855292,16.884753,0.000000,6.632875,6.631041,0.001834,0.064541,0.077042,0.987750,634,8080220,131663,0,5408
12159,16.740000,16.629702,0.000000,7.002083,6.993166,0.008917,0.057208,0.014792,0.647625,627,8033904,121752,0,5408
12160,16.731583,16.778217,0.000000,6.988417,6.987875,0.000375,0.065708,0.030917,0.608291,642,8102057,122399,0,7210
12161,16.689042,16.634095,0.000000,6.594666,6.594332,0.000334,0.065458,0.021333,0.585625,630,8049172,123829,0,5408
12162,16.693958,16.705650,0.000000,6.874292,6.873791,0.000501,0.046333,0.040042,0.358708,655,8095762,123011,0,5408
12163,16.580833,16.493874,0.000000,6.563458,6.563084,0.000374,0.046084,0.026208,1.231000,638,8055514,121276,0,7210
12164,16.743917,16.792533,0.000000,6.318750,6.318666,0.000084,0.051208,0.037750,0.448667,632,8095676,122635,0,5408
12165,16.951667,16.933728,0.000000,6.022625,6.021958,0.000375,0.087541,0.023375,0.690084,630,8064782,122568,0,5408
12166,16.648666,16.614891,0.000000,5.588292,5.587681,0.000111,0.086417,0.033875,0.611042,640,8071042,122977,0,7210
12167,16.678875,16.672738,0.000000,5.659458,5.659041,0.000251,0.083417,0.022958,0.763207,632,8080233,122150,0,5408
12168,16.619875,16.618313,0.000000,5.866583,5.865833,0.000542,0.097209,0.023166,0.912166,633,8106807,121893,0,6260
12169,16.524750,16.457940,0.000000,5.910876,5.910417,0.000459,0.050625,0.029084,0.452042,638,8044456,122944,0,6358
12170,16.649000,16.631130,0.000000,6.250042,6.249666,0.000376,0.047459,0.040708,0.589750,630,8080226,121695,0,5408
12171,16.392625,16.438073,0.000000,6.471500,6.471249,0.000251,0.050584,0.062208,0.291083,649,8129558,125623,0,7811
12172,17.099625,17.063050,0.000000,5.422376,5.419389,0.002653,0.062417,0.029708,0.755751,630,8049362,138502,0,5408
12173,16.283209,16.267134,0.000000,6.201416,6.201207,0.000209,0.046791,0.056792,0.611000,635,8094603,125810,0,5656
12174,16.926833,16.900914,0.000000,6.034583,6.034333,0.000250,0.046333,0.041042,0.924208,638,8055463,128345,0,7210
12175,16.732917,16.672548,0.000000,6.435000,6.434667,0.000333,0.043041,0.026167,0.611834,629,8049199,124063,0,5408
12176,16.696083,16.663450,0.000000,6.426459,6.426083,0.000376,0.047542,0.028333,1.066458,632,8095748,121888,0,5408
12177,16.746833,16.758550,0.000000,6.384083,6.383708,0.000375,0.044917,0.026417,1.225167,644,8085347,124665,0,7401
12178,16.584375,16.563473,0.000000,5.670542,5.670000,0.000417,0.040709,0.036541,0.566375,629,8064796,133781,0,5408
12179,16.710167,16.697518,0.000000,6.623250,6.622958,0.000209,0.036667,0.033500,1.062875,633,8080255,121110,0,5408
12180,16.640792,16.629007,0.000000,6.854376,6.854042,0.000251,0.045333,0.025292,0.613458,640,8070982,118278,0,7210
12181,16.833250,16.806844,0.000000,6.612458,6.611958,0.000375,0.046583,0.036083,0.751332,629,8080313,121332,0,5408
12182,16.623875,16.600993,0.000000,6.690168,6.689792,0.000376,0.049708,0.013667,0.447584,630,8064725,116706,0,5408
12183,16.592458,16.574302,0.000000,6.312583,6.312166,0.000417,0.038167,0.029291,0.786250,644,8101935,122933,0,7210
12184,16.689250,16.652700,0.000000,6.446209,6.445834,0.000375,0.037667,0.031333,1.054375,629,8064826,122850,0,5408
12185,16.692292,16.679772,0.000000,6.516709,6.516208,0.000501,0.046000,0.026000,0.452333,630,8064737,121806,0,5408
12186,16.684708,16.683324,0.000000,6.519707,6.519290,0.000417,0.041583,0.025542,1.061709,643,8101903,122036,0,7210
12187,16.752792,16.708822,0.000000,6.609958,6.609583,0.000375,0.039625,0.017416,0.449375,627,8049383,122790,0,5408
12188,16.623875,16.574646,0.000000,6.517249,6.516874,0.000375,0.044416,0.027042,1.065291,631,8080210,120101,0,5408
12189,16.785708,16.840912,0.000000,6.308083,6.307749,0.000334,0.055042,0.029458,0.608500,643,8101892,122958,0,7210
12190,16.548917,16.490524,0.000000,6.593501,6.593001,0.000500,0.039125,0.012208,0.858500,629,8049383,121378,0,5408
12191,16.466333,16.462793,0.000000,6.752626,6.752208,0.000418,0.033083,0.039042,0.893958,636,8125532,119703,0,5599
12192,16.766542,16.750522,0.000000,6.103084,6.102791,0.000293,0.035833,0.027750,0.448334,639,8042842,128993,0,7210
12193,16.950375,16.937288,0.000000,6.390000,6.389542,0.000458,0.066916,0.030375,0.744000,628,8062055,125373,0,5408
12194,16.685083,16.644695,0.000000,6.052749,6.052207,0.000542,0.066292,0.022666,0.638250,634,8080233,121512,0,5408
12195,16.627667,16.632026,0.000000,6.344666,6.344333,0.000333,0.053375,0.018416,0.906208,643,8101940,122639,0,7210
12196,16.483916,16.473750,0.000000,6.067750,6.067375,0.000250,0.057084,0.040333,0.315750,636,8110191,128671,0,5576
12197,17.021834,17.031288,0.000000,5.152292,5.133639,0.018237,0.066666,0.032125,0.954291,629,8049350,132926,0,5408
12198,16.560166,16.497839,0.000000,5.744833,5.734430,0.010112,0.064875,0.016792,0.653250,638,8070993,125399,0,7210
12199,16.615959,16.598995,0.000000,6.630541,6.630208,0.000333,0.063041,0.020375,0.935708,631,8064966,125469,0,5408
12200,16.745916,16.769069,0.000000,6.769542,6.769333,0.000209,0.073542,0.022250,0.912749,632,8111035,125766,0,5408
12201,16.614375,16.593503,0.000000,6.671207,6.670874,0.000333,0.057417,0.034458,0.298583,640,8055422,125754,0,7210
12202,16.722834,16.712864,0.000000,6.736792,6.729959,0.006833,0.061291,0.049042,1.265167,632,8095717,126359,0,5408
12203,16.672416,16.635463,0.000000,6.546999,6.515874,0.031125,0.061167,0.020917,0.293417,630,8064934,123232,0,5408
12204,17.082625,17.085164,0.000000,6.607834,6.607250,0.000417,0.050625,0.049167,0.902999,645,8117258,131518,0,7210
12205,15.961084,15.974661,0.000000,4.431417,4.430931,0.000194,0.058208,0.065750,0.609792,631,8063746,150533,0,5578
12206,16.549666,16.662837,0.000000,5.071625,5.071055,0.000278,0.056917,0.203417,0.964584,643,8123054,150965,0,6068
12207,17.075875,16.892132,0.000000,5.288376,5.282305,0.005612,0.068709,0.028416,1.220876,637,7994522,148582,0,7210
12208,16.711459,16.704703,0.000000,5.487541,5.486972,0.000194,0.064333,0.030583,0.449416,634,8105187,139164,0,5408
12209,16.668166,16.616826,0.000000,5.715292,5.714806,0.000236,0.070542,0.022500,0.937916,631,8054476,136183,0,5408
12210,16.410042,16.433084,0.000000,5.886750,5.886055,0.000237,0.053375,0.068375,0.609625,646,8115620,141066,0,7532
12211,17.024250,17.022206,0.000000,5.713458,5.713139,0.000110,0.057500,0.070750,1.226375,632,8049326,141848,0,5408
12212,16.383917,16.330642,0.000000,5.868292,5.867014,0.001028,0.062166,0.013417,0.611917,630,8063800,137537,0,5593
12213,16.920375,16.888059,0.000000,5.691833,5.687846,0.003529,0.063666,0.021542,0.941583,642,8070996,140466,0,7210
12214,16.662500,16.625870,0.000000,5.967999,5.967625,0.000374,0.057625,0.019500,0.950125,631,8064774,135008,0,5408
12215,16.675958,16.701496,0.000000,6.120958,6.120541,0.000417,0.054292,0.067583,0.469209,656,8095679,134257,0,5408
12216,16.638500,16.576322,0.000000,5.968625,5.967625,0.000708,0.052667,0.014083,0.762292,637,8055563,134321,0,7210
12217,16.747667,16.781161,0.000000,6.170042,6.169583,0.000459,0.057541,0.068417,0.473875,634,8111119,135717,0,5408
12218,16.711250,16.708158,0.000000,6.128667,6.110625,0.018042,0.069125,0.042458,0.846125,631,8080277,132600,0,5408
12219,16.714041,16.680255,0.000000,6.032750,6.023249,0.009501,0.052334,0.050458,0.446542,638,8055597,133822,0,7210
12220,16.607875,16.549294,0.000000,6.230500,6.230042,0.000458,0.055292,0.014750,1.060334,631,8064754,132134,0,5408
12221,16.700334,16.700723,0.000000,5.918834,5.917875,0.000959,0.056708,0.026375,0.620333,654,8079895,136499,0,8493
12222,16.673333,16.666381,0.000000,6.104791,6.093082,0.011709,0.053958,0.017709,0.721624,637,8076333,134426,0,6166
12223,16.715375,16.695119,0.000000,6.318583,6.298791,0.019792,0.057333,0.019875,0.904167,633,8080162,132383,0,5408
12224,16.641167,16.640675,0.000000,6.141667,6.141458,0.000209,0.057791,0.035125,0.591416,642,8086483,133948,0,7210
12225,16.492541,16.498829,0.000000,6.139958,6.139624,0.000334,0.057125,0.049667,0.780917,638,8118969,137502,0,5818
12226,16.882709,16.883470,0.000000,5.406833,5.401139,0.005444,0.062708,0.068625,0.452625,632,8039274,146724,0,5408
12227,16.683791,16.598873,0.000000,6.212042,6.196499,0.015543,0.054792,0.017875,0.739500,638,8055577,134844,0,7210
12228,16.647917,16.638212,0.000000,5.911167,5.907958,0.003209,0.049042,0.019791,0.448000,632,8064789,135273,0,5408
12229,16.427542,16.494335,0.000000,6.128375,6.127959,0.000416,0.058208,0.117542,0.740374,635,8141963,138007,0,5408
12230,17.021750,16.920159,0.000000,5.943249,5.941555,0.001403,0.065541,0.029125,0.585542,638,8024722,138684,0,7210
12231,16.661625,16.660216,0.000000,6.001459,6.001208,0.000251,0.063416,0.020042,0.453084,631,8077677,134598,0,5408
12232,16.696791,16.734714,0.000000,5.886749,5.867625,0.019124,0.069084,0.073041,0.907000,633,8105413,134935,0,5408
12233,16.676917,16.621882,0.000000,6.075541,6.058749,0.016792,0.073417,0.040416,0.296084,640,8063845,134822,0,7210
12234,16.666083,16.631756,0.000000,6.092834,6.066208,0.026626,0.056500,0.035417,1.067833,631,8064812,134631,0,5408
12235,16.739334,16.686322,0.000000,6.161542,6.157751,0.003791,0.066791,0.016000,0.292375,633,8064693,133631,0,5408
12236,16.687458,16.706084,0.000000,5.967334,5.959583,0.007751,0.055000,0.031375,0.738418,641,8088377,135376,0,7210
12237,16.669208,16.692377,0.000000,5.739834,5.739263,0.000237,0.061042,0.052583,0.450459,633,8093727,136904,0,5408
12238,16.609500,16.602957,0.000000,6.231293,6.161293,0.070000,0.059292,0.066333,0.740292,633,8095677,133033,0,5408
12239,16.711334,16.638632,0.000000,6.313667,6.310583,0.003084,0.053916,0.038834,0.904875,636,8024729,133667,0,7210
12240,16.680416,16.631115,0.000000,6.120750,6.111874,0.008876,0.051375,0.018250,0.455667,633,8080201,134340,0,5408
12241,16.709834,16.749575,0.000000,6.198626,6.198209,0.000417,0.063625,0.049875,1.062666,634,8111093,135856,0,5408
12242,16.660541,16.607918,0.000000,6.276167,6.269542,0.006625,0.059542,0.014125,0.298833,637,8040188,132530,0,7210
12243,16.776709,16.764209,0.000000,6.277793,6.277500,0.000293,0.057708,0.019750,0.920834,634,8095610,134428,0,5408
12244,16.649041,16.653011,0.000000,6.171834,6.165334,0.006500,0.070417,0.020375,0.302334,631,8080210,132240,0,5408
12245,16.709125,16.725288,0.000000,6.022541,6.015582,0.006959,0.064709,0.048250,0.738709,640,8086447,134608,0,7210
12246,16.608750,16.549111,0.000000,6.177458,6.163499,0.013959,0.056875,0.019959,0.739167,638,8125444,134988,0,5644
12247,17.189417,17.184260,0.000000,5.210916,5.210389,0.000069,0.075000,0.031458,0.447083,624,7987423,139548,0,5408
12248,16.249167,16.216839,0.000000,5.611374,5.610680,0.000236,0.065750,0.015041,0.901750,641,8086447,130296,0,7210
12249,16.736250,16.724925,0.000000,5.886582,5.883333,0.003083,0.066750,0.044291,0.451417,631,8064781,133587,0,5408
12250,16.646583,16.584741,0.000000,6.138125,6.116792,0.021333,0.073625,0.016208,0.965292,631,8080234,130843,0,5408
12251,16.711000,16.729793,0.000000,5.924459,5.923764,0.000278,0.065083,0.027917,0.612791,642,8101892,133803,0,7210
12252,16.299333,16.341586,0.000000,5.944041,5.943666,0.000375,0.051792,0.070667,1.102292,641,8141104,138361,0,5576
12253,17.027792,16.954157,0.000000,5.729583,5.728889,0.000236,0.055792,0.013208,0.618708,627,8018427,140771,0,5408
12254,16.656708,16.658789,0.000000,6.075708,6.072666,0.003042,0.058042,0.042750,0.929000,640,8071045,132728,0,7210
12255,16.672334,16.646789,0.000000,6.024584,6.016375,0.008209,0.057208,0.017792,0.913542,632,8074693,132915,0,5408
12256,16.711875,16.729717,0.000000,5.743666,5.737931,0.005277,0.067208,0.046917,0.293750,633,8101227,133304,0,5408
12257,16.607666,16.547665,0.000000,6.006084,6.005750,0.000334,0.065917,0.020250,0.740791,639,8055733,133847,0,7210
12258,16.809084,16.822759,0.000000,6.196209,6.159583,0.036626,0.062541,0.058792,0.452834,631,8080045,135145,0,5408
12259,16.638416,16.621364,0.000000,6.208125,6.201750,0.006375,0.054875,0.053250,0.907875,632,8080189,132084,0,5408
12260,16.412084,16.383665,0.000000,6.282834,6.282500,0.000334,0.049250,0.039083,0.610334,645,8115767,134017,0,7535
12261,16.945166,16.967290,0.000000,5.617001,5.610638,0.006071,0.061750,0.074917,0.900959,630,8049164,144723,0,5408
12262,16.611500,16.548586,0.000000,5.947876,5.947390,0.000361,0.056792,0.051333,0.983416,632,8064790,134927,0,5408
12263,16.688667,16.671590,0.000000,6.064876,6.057458,0.007418,0.054708,0.031417,0.291000,641,8086495,137084,0,7210
12264,16.642792,16.654497,0.000000,6.110374,6.095499,0.014875,0.053250,0.061708,1.223542,631,8064752,136745,0,5408
12265,16.748166,16.672905,0.000000,6.172166,6.143417,0.028749,0.050375,0.019417,0.290375,632,8083618,136298,0,5408
12266,16.616667,16.633365,0.000000,6.213250,6.212874,0.000376,0.056125,0.020542,0.937083,639,8067606,134955,0,7210
12267,16.717042,16.721754,0.000000,6.159292,6.154708,0.004584,0.054916,0.078042,0.448542,633,8095700,137550,0,5408
12268,16.405250,16.462569,0.000000,6.014626,6.007709,0.006917,0.052416,0.123667,0.901457,640,8142663,139882,0,5578
12269,17.006291,16.875138,0.000000,5.442958,5.433930,0.008653,0.056209,0.028916,0.904459,634,7992235,148508,0,7210
12270,16.651709,16.631431,0.000000,5.877167,5.876875,0.000292,0.054375,0.019125,0.447916,631,8064725,136185,0,5408
12271,16.756416,16.793538,0.000000,6.209917,6.209417,0.000500,0.062959,0.060958,0.950458,635,8111119,136952,0,5408
12272,16.343459,16.321026,0.000000,5.970042,5.953208,0.016834,0.072958,0.030458,0.293250,642,8069306,138790,0,7532
12273,17.112166,17.057617,0.000000,5.207374,5.204388,0.002320,0.079500,0.030417,0.591167,631,8064790,142795,0,5408
12274,16.612792,16.607362,0.000000,5.866167,5.865473,0.000402,0.071167,0.029416,0.611166,635,8073610,135463,0,6719
12275,16.619375,16.665802,0.000000,5.947125,5.946666,0.000459,0.056083,0.086417,1.223501,639,8108547,136374,0,5899
12276,16.670625,16.593458,0.000000,6.157083,6.156708,0.000375,0.055292,0.029625,0.610875,630,8049371,133438,0,5408
12277,16.690542,16.681755,0.000000,6.254292,6.253917,0.000375,0.063875,0.032458,1.012584,640,8086478,136397,0,7210
12278,16.666583,16.615753,0.000000,6.253666,6.253416,0.000250,0.054125,0.024750,0.901417,631,8064921,133828,0,5408
12279,16.691417,16.684125,0.000000,6.268876,6.268500,0.000376,0.064375,0.020958,0.445666,632,8080147,133758,0,5408
12280,16.608458,16.579331,0.000000,6.228749,6.228458,0.000291,0.049000,0.012750,0.746666,640,8070973,133014,0,7210
12281,16.829833,16.868633,0.000000,6.242667,6.228374,0.014293,0.060875,0.051042,0.448042,633,8095635,136668,0,5408
12282,16.576042,16.487089,0.000000,6.096374,6.095999,0.000375,0.048208,0.019042,0.759833,631,8065068,132750,0,5408
12283,16.593667,16.594243,0.000000,6.391209,6.390834,0.000375,0.055250,0.013833,0.534500,640,8055309,134205,0,7210
12284,16.855791,16.832823,0.000000,6.203543,6.181042,0.022501,0.055125,0.014250,1.032251,634,8095906,137083,0,5408
12285,16.682917,16.654048,0.000000,6.187750,6.180874,0.006876,0.056250,0.067042,0.998334,630,8064516,133112,0,5408
12286,16.669083,16.680084,0.000000,6.313042,6.312750,0.000292,0.065667,0.027708,0.305208,643,8086453,133500,0,7210
12287,16.669125,16.644704,0.000000,6.143999,6.143415,0.000584,0.053375,0.027959,1.226749,633,8080409,134621,0,5408
12288,16.744459,16.766876,0.000000,6.295666,6.295374,0.000292,0.065833,0.041750,0.616875,634,8095513,133140,0,5408
12289,16.662416,16.618438,0.000000,6.031749,6.021166,0.010583,0.067042,0.015417,0.921584,639,8055873,133522,0,7210
12290,16.698584,16.738533,0.000000,5.942125,5.915291,0.026834,0.164958,0.039542,0.657292,631,8079891,134455,0,5408
12291,16.663791,16.576926,0.000000,6.209459,6.194541,0.014918,0.069209,0.034125,0.976583,632,8064825,131050,0,5408
12292,16.676709,16.708124,0.000000,6.063582,6.063333,0.000166,0.067333,0.051958,0.632000,641,8101888,132215,0,7210
12293,16.660500,16.600167,0.000000,5.907457,5.892957,0.014500,0.067166,0.018709,0.891792,631,8064751,133816,0,5408
12294,16.627625,16.599002,0.000000,6.188834,6.188500,0.000334,0.066166,0.016542,1.242250,629,8064808,130705,0,5408
12295,16.655458,16.646955,0.000000,6.059293,6.058251,0.001042,0.062958,0.013834,0.641083,643,8086472,133171,0,7210
12296,16.737667,16.703958,0.000000,6.092292,6.078541,0.013751,0.052791,0.020084,1.113250,632,8064747,133379,0,5408
12297,16.632958,16.615621,0.000000,6.099458,6.092041,0.007417,0.057125,0.013958,0.631916,633,8080214,132394,0,5408
12298,16.720792,16.727156,0.000000,6.195583,6.143625,0.051958,0.055833,0.014375,0.760124,640,8071035,134280,0,7210
12299,16.642583,16.651875,0.000000,6.205749,6.205166,0.000583,0.056583,0.041084,0.611292,633,8111112,134743,0,5408
12300,16.661250,16.640838,0.000000,6.329291,6.328791,0.000500,0.044542,0.052291,0.932876,631,8064791,132329,0,5408
12301,16.759333,16.740259,0.000000,6.312166,6.310125,0.002041,0.060459,0.023541,0.915541,639,8070981,133920,0,7210
12302,16.643334,16.628134,0.000000,6.054249,6.041082,0.013167,0.052416,0.039500,0.634708,632,8080450,134439,0,5408
12303,16.654791,16.609280,0.000000,6.248084,6.228708,0.019376,0.057834,0.022291,1.234667,631,8068451,131600,0,5408
12304,16.724875,16.762956,0.000000,6.230167,6.220126,0.010041,0.065209,0.046666,0.291416,640,8096208,135381,0,7210
12305,16.228959,16.413505,0.000000,6.202666,6.202416,0.000250,0.047416,0.263084,1.269042,637,8095031,136870,0,5865
12306,17.134791,16.911674,0.000000,5.957209,5.949375,0.007834,0.053042,0.078500,0.574042,633,8064814,138995,0,5408
12307,16.431875,16.432712,0.000000,6.297417,6.297084,0.000333,0.053917,0.072875,0.933459,642,8085353,136031,0,7413
12308,16.609667,16.676095,0.000000,5.985792,5.985416,0.000376,0.055750,0.152750,0.938000,634,8094166,140055,0,5687
12309,16.705958,16.657681,0.000000,5.898292,5.897763,0.000321,0.058500,0.132000,0.636250,635,8063363,141198,0,5666
12310,17.036625,16.949129,0.000000,5.599000,5.593931,0.004986,0.062584,0.054083,0.606208,638,8055505,146218,0,7210
12311,16.650750,16.569291,0.000000,5.757375,5.756514,0.000611,0.062917,0.017375,0.638958,630,8049380,138994,0,5408
12312,16.757750,16.774167,0.000000,6.031000,6.030624,0.000376,0.057542,0.030750,0.999583,634,8095638,136199,0,5408
12313,16.629167,16.611881,0.000000,6.247209,6.246959,0.000250,0.067417,0.029083,0.294625,639,8071002,132857,0,7210
12314,16.739958,16.689870,0.000000,5.712875,5.712514,0.000278,0.062167,0.020417,1.150166,629,8049343,142149,0,5408
12315,16.672834,16.656746,0.000000,5.761417,5.760972,0.000320,0.059333,0.028083,0.295541,633,8080224,140394,0,5408
12316,16.676125,16.695915,0.000000,5.720916,5.708973,0.011735,0.062916,0.041459,0.785375,643,8101895,133143,0,7210
12317,16.694458,16.662912,0.000000,6.085083,6.078707,0.006376,0.054375,0.013125,0.912417,629,8049358,134358,0,5408
12318,16.634542,16.610584,0.000000,5.772209,5.771555,0.000404,0.046708,0.030583,0.291667,633,8080207,139480,0,5408
12319,16.667375,16.704164,0.000000,5.876209,5.875640,0.000277,0.053958,0.065375,1.105750,645,8117384,141012,0,7210
12320,16.704083,16.639662,0.000000,6.130083,6.107374,0.022709,0.083875,0.036667,0.448792,631,8064724,133533,0,5408
12321,16.368917,16.447966,0.000000,6.190459,6.190041,0.000418,0.063250,0.096208,0.766625,636,8079063,134175,0,5622
12322,16.983041,16.892124,0.000000,5.802291,5.801889,0.000152,0.055125,0.043125,0.610375,641,8071003,139642,0,7210
12323,16.728667,16.709927,0.000000,6.052083,6.049041,0.003042,0.055875,0.038417,0.929416,630,8086384,134859,0,5408
12324,16.684375,16.652572,0.000000,6.136333,6.135999,0.000334,0.050208,0.012875,0.897375,631,8074359,133082,0,5408
12325,16.624500,16.616253,0.000000,5.970333,5.970083,0.000250,0.046333,0.069167,0.609875,639,8070768,135297,0,7210
12326,16.711375,16.678910,0.000000,6.313500,6.313041,0.000459,0.057042,0.021416,1.053541,631,8080228,132636,0,5408
12327,16.669417,16.671123,0.000000,6.226083,6.224541,0.001542,0.060083,0.019750,0.291792,636,8072594,133565,0,6944
12328,16.619291,16.599044,0.000000,5.588167,5.560917,0.027250,0.060417,0.017083,0.903958,656,8068153,134506,0,7715
12329,16.843667,16.765668,0.000000,5.972583,5.972166,0.000417,0.058958,0.014459,0.609209,631,8064835,135019,0,5408
12330,16.560958,16.640329,0.000000,5.938541,5.934388,0.003945,0.052500,0.059750,0.737708,642,8101920,133588,0,7210
12331,16.658292,16.640190,0.000000,5.215834,5.215223,0.000152,0.114125,0.020542,0.599084,634,8080193,143321,0,5408
12332,16.672292,16.615119,0.000000,5.743625,5.742472,0.000820,0.052000,0.027750,1.083167,629,8064755,136854,0,5408
12333,16.728583,16.733957,0.000000,5.767959,5.767346,0.000321,0.063250,0.033083,1.222375,639,8070980,138266,0,7210
12334,16.369667,16.398922,0.000000,5.708374,5.707639,0.000277,0.047750,0.104000,0.610708,638,8118956,139825,0,5672
12335,16.977208,16.901202,0.000000,5.592499,5.591680,0.000486,0.051292,0.037000,1.222708,630,8040063,141382,0,5408
12336,16.666417,16.616459,0.000000,6.038958,6.038500,0.000458,0.054708,0.018500,0.291958,640,8070995,135447,0,7210
12337,16.683000,16.668000,0.000000,5.917166,5.916917,0.000249,0.047291,0.011709,1.279291,633,8080272,136448,0,5408
12338,16.731000,16.737671,0.000000,5.932126,5.925125,0.007001,0.050833,0.018917,0.608459,634,8099645,137470,0,5408
12339,16.635958,16.619623,0.000000,5.786001,5.785513,0.000154,0.052417,0.046458,0.950875,638,8067121,138809,0,7210
12340,16.669583,16.644002,0.000000,6.102708,6.099084,0.003624,0.043917,0.019208,0.956583,631,8064755,136625,0,5408
12341,16.694750,16.693618,0.000000,6.138667,6.134791,0.003876,0.050667,0.052125,0.647209,633,8080129,136743,0,5408
12342,16.699125,16.646409,0.000000,5.992917,5.992513,0.000279,0.057667,0.019292,0.883291,639,8071005,136512,0,7210
12343,16.685959,16.678411,0.000000,6.126416,6.101875,0.024541,0.054375,0.013833,0.657750,632,8080331,138175,0,5408
12344,16.665291,16.667635,0.000000,5.870458,5.860499,0.009959,0.055250,0.026500,1.225249,633,8080352,137595,0,5408
12345,16.711000,16.663996,0.000000,6.162292,6.161916,0.000376,0.061500,0.011917,0.629417,639,8070768,136906,0,7210
12346,16.697292,16.667285,0.000000,5.889374,5.888931,0.000277,0.046625,0.013042,1.290459,633,8064935,136145,0,5408
12347,16.679042,16.706036,0.000000,5.961457,5.956915,0.004542,0.058541,0.014000,0.946916,633,8095535,136580,0,5408
12348,16.608958,16.557009,0.000000,6.148749,6.145790,0.002959,0.048500,0.017833,0.301209,641,8070993,134060,0,7210
12349,16.734583,16.762247,0.000000,6.066041,6.049667,0.016374,0.064084,0.021333,1.016000,633,8080232,135420,0,5408
12350,16.662375,16.626714,0.000000,6.027791,6.027374,0.000417,0.052709,0.019333,0.417666,632,8064798,134189,0,5408
12351,16.686125,16.639630,0.000000,5.671375,5.670846,0.000154,0.050292,0.018875,0.910416,639,8071056,139325,0,7210
12352,16.742334,16.782169,0.000000,5.815709,5.810000,0.005625,0.058625,0.034083,0.398333,635,8103193,135985,0,5408
12353,16.709541,16.683164,0.000000,6.034708,6.021541,0.013167,0.057334,0.025583,0.904250,631,8072719,135295,0,5408
12354,16.627875,16.575082,0.000000,6.015125,5.974999,0.040126,0.053209,0.013083,0.610875,638,8055595,134447,0,7210
12355,16.685084,16.709513,0.000000,6.026667,6.013376,0.013291,0.050333,0.079125,0.900833,634,8095559,136158,0,5408
12356,16.690375,16.623582,0.000000,6.286791,6.261749,0.025042,0.044375,0.019791,1.111583,632,8067183,133174,0,5408
12357,16.632333,16.634056,0.000000,6.211459,6.211166,0.000293,0.047208,0.017917,0.608250,640,8068608,135732,0,7210
12358,16.745667,16.758930,0.000000,6.101333,6.091709,0.009624,0.051166,0.037875,1.226791,634,8111340,136661,0,5408
12359,16.714750,16.744459,0.000000,6.177083,6.176416,0.000667,0.059000,0.069000,0.292292,632,8080008,134649,0,5408
12360,16.613708,16.525134,0.000000,6.042208,6.027458,0.014750,0.048667,0.028458,0.906208,640,8055609,133648,0,7210
12361,16.763708,16.753120,0.000000,6.127250,6.103500,0.023750,0.061542,0.021667,0.614166,631,8080260,136453,0,5408
12362,16.653375,16.634679,0.000000,6.219874,6.197707,0.022167,0.052209,0.033791,0.738791,630,8080189,133452,0,5408
12363,16.244584,16.355918,0.000000,6.339625,6.339416,0.000209,0.048250,0.215458,1.059125,644,8069250,137075,0,7532
12364,16.821916,16.766575,0.000000,5.796874,5.796389,0.000235,0.051750,0.108125,0.353667,636,8125705,143893,0,5588
12365,16.965750,16.859457,0.000000,5.939252,5.938681,0.000237,0.081584,0.022833,1.006666,631,8033762,139318,0,5408
12366,16.630334,16.612507,0.000000,6.469666,6.469332,0.000334,0.054250,0.019541,0.289959,638,8055673,131372,0,7210
12367,16.741458,16.723819,0.000000,6.287750,6.287292,0.000458,0.058583,0.041042,1.231917,634,8095563,134314,0,5408
12368,16.682542,16.651639,0.000000,6.408959,6.408541,0.000418,0.049666,0.013750,0.291333,631,8080243,131291,0,5408
12369,16.602833,16.633834,0.000000,6.396668,6.396375,0.000293,0.045708,0.065459,0.902625,641,8071007,132428,0,7210
12370,16.790500,16.694339,0.000000,6.427000,6.426209,0.000791,0.051292,0.019916,0.905709,631,8064822,132951,0,5408
12371,16.680750,16.703916,0.000000,6.469834,6.468416,0.001418,0.048917,0.012250,0.639125,632,8095802,131449,0,5408
12372,16.570250,16.549114,0.000000,6.427584,6.427250,0.000334,0.046750,0.012750,0.706041,639,8055427,130617,0,7210
12373,16.779500,16.769632,0.000000,6.299626,6.296376,0.003250,0.052750,0.017792,0.609917,632,8095654,133179,0,5408
12374,16.635458,16.592828,0.000000,6.325167,6.324583,0.000584,0.048792,0.019333,0.901750,649,8064757,130986,0,5408
12375,16.288250,16.510423,0.000000,6.344833,6.338583,0.006250,0.048792,0.224000,0.289875,644,8100313,136399,0,7532
12376,17.128750,16.877587,0.000000,5.671209,5.662931,0.007944,0.048292,0.013792,0.904667,630,8054568,138257,0,5408
12377,16.730667,16.778759,0.000000,6.104250,6.095291,0.008959,0.051125,0.054792,0.312291,634,8105853,134693,0,5408
12378,16.740875,16.709676,0.000000,6.231082,6.226582,0.004500,0.068042,0.035333,0.742499,637,8055538,132858,0,7210
12379,16.592542,16.557887,0.000000,5.922125,5.913209,0.008916,0.052333,0.023875,0.902959,632,8080235,132363,0,5408
12380,16.626541,16.630801,0.000000,6.217292,6.209833,0.007459,0.052375,0.042584,0.290167,637,8073442,132859,0,7006
12381,16.719500,16.665259,0.000000,6.256333,6.255874,0.000459,0.055750,0.015834,0.730250,632,8062474,132341,0,5612
12382,16.679084,16.677787,0.000000,6.327875,6.315459,0.012416,0.053708,0.013583,0.592875,635,8095610,132575,0,5408
12383,16.264250,16.454982,0.000000,6.352541,6.341083,0.011458,0.048916,0.233250,0.970459,653,8162584,135924,0,7870
12384,17.033125,16.792908,0.000000,5.831667,5.830888,0.000320,0.047541,0.033709,0.611625,622,7969718,142190,0,5408
12385,16.756916,16.753669,0.000000,6.386749,6.379917,0.006832,0.051875,0.019709,0.905875,633,8095593,132339,0,5408
12386,16.606459,16.564621,0.000000,6.283375,6.281750,0.001625,0.055875,0.014500,0.927333,636,8055638,131146,0,7210
12387,16.750625,16.740673,0.000000,6.306500,6.305958,0.000542,0.046500,0.014791,0.612917,635,8095829,134330,0,5408
12388,16.684833,16.685870,0.000000,6.482458,6.450250,0.032208,0.047750,0.017708,1.067208,633,8080008,130965,0,5408
12389,16.648500,16.636363,0.000000,6.419333,6.418999,0.000334,0.046292,0.050083,0.292250,639,8070986,132773,0,7210
12390,16.740250,16.702126,0.000000,6.302250,6.301291,0.000959,0.053708,0.014667,1.247292,632,8080236,132895,0,5408
12391,16.697083,16.698326,0.000000,6.412043,6.408334,0.003709,0.046917,0.018583,0.292208,632,8080343,131953,0,5408
12392,16.591792,16.628433,0.000000,6.154750,6.138624,0.016126,0.057333,0.070959,0.924166,642,8101854,132699,0,7210
12393,16.716750,16.636881,0.000000,6.253500,6.253166,0.000334,0.052083,0.012167,0.611500,628,8049400,133527,0,5408
12394,16.320917,16.495711,0.000000,6.284167,6.275376,0.008791,0.051708,0.208792,0.919292,647,8184977,138291,0,6009
12395,16.956250,16.750124,0.000000,5.128791,5.125305,0.003236,0.046541,0.018334,0.925084,636,7977393,157735,0,7378
12396,16.674375,16.664589,0.000000,6.244834,6.218333,0.026501,0.053500,0.047333,0.642000,629,8049347,134937,0,5408
12397,16.682458,16.633593,0.000000,6.192916,6.190083,0.002833,0.059667,0.019583,1.312584,631,8064775,134649,0,5408
12398,16.625333,16.637206,0.000000,6.086084,6.085458,0.000626,0.051417,0.019417,0.295125,645,8116477,140233,0,7363
12399,16.800875,16.776804,0.000000,5.388250,5.387971,0.000070,0.052625,0.013542,1.267417,633,8063195,152617,0,5730
12400,16.677667,16.635157,0.000000,6.296083,6.295625,0.000458,0.055375,0.014583,0.614000,629,8064676,133647,0,5408
12401,16.690000,16.691140,0.000000,6.041749,6.041499,0.000250,0.055792,0.018875,0.930250,640,8070980,135678,0,7210
12402,16.800292,16.752914,0.000000,5.998625,5.987375,0.011250,0.060291,0.020334,0.731458,631,8080229,134334,0,5408
12403,16.550041,16.538501,0.000000,5.823875,5.823223,0.000319,0.050625,0.024834,0.291750,633,8080228,138159,0,5408
12404,16.703125,16.713608,0.000000,5.706417,5.701931,0.004236,0.053959,0.014541,1.204584,641,8086504,141775,0,7210
12405,16.748667,16.756927,0.000000,5.646751,5.638472,0.007904,0.057792,0.020666,0.612833,632,8086202,142136,0,5408
12406,16.647625,16.628069,0.000000,5.687459,5.655723,0.031403,0.057375,0.043375,1.303500,632,8074209,139865,0,5408
12407,16.662750,16.623802,0.000000,5.906541,5.905972,0.000361,0.062667,0.019208,0.626084,641,8071032,140931,0,7210
12408,16.666042,16.636331,0.000000,5.806500,5.805847,0.000237,0.061750,0.011375,1.235125,631,8064753,140872,0,5408
12409,16.506375,16.529458,0.000000,5.812625,5.812056,0.000319,0.053250,0.030125,0.639291,636,8094903,143751,0,5593
12410,16.874916,16.836285,0.000000,5.526583,5.525930,0.000320,0.057917,0.020667,0.936583,639,8070740,144581,0,7210
12411,16.718667,16.690791,0.000000,5.866166,5.865513,0.000403,0.057250,0.026417,0.898999,631,8064775,139930,0,5408
12412,16.678500,16.678714,0.000000,5.661042,5.660389,0.000194,0.052333,0.015042,0.642458,631,8080323,138926,0,5408
12413,16.638333,16.591254,0.000000,5.805334,5.804764,0.000320,0.062500,0.015500,0.902167,642,8070978,140020,0,7210
12414,16.727500,16.774712,0.000000,5.848832,5.848096,0.000403,0.059709,0.049375,0.606208,634,8111128,140854,0,5408
12415,16.743167,16.701001,0.000000,5.951750,5.950515,0.001069,0.063167,0.016333,1.225501,631,8064716,138198,0,5408
12416,16.539708,16.516027,0.000000,5.758541,5.757764,0.000611,0.055417,0.014083,0.614333,640,8071041,139088,0,7210
12417,16.734167,16.722120,0.000000,5.798250,5.797929,0.000154,0.054042,0.019500,0.900208,634,8080280,141030,0,5408
12418,16.710500,16.716487,0.000000,6.021500,6.015126,0.006374,0.059000,0.041083,0.907542,633,8095600,139065,0,5408
12419,16.789708,16.789416,0.000000,5.716751,5.697264,0.019028,0.086167,0.043375,0.291583,639,8055739,138845,0,7210
12420,16.581000,16.530797,0.000000,5.267458,5.266554,0.000404,0.057584,0.016541,0.583875,632,8080143,139891,0,5408
12421,16.747084,16.699293,0.000000,5.859209,5.858806,0.000194,0.049250,0.021125,0.609333,630,8064666,139375,0,5408
12422,16.396333,16.422592,0.000000,5.223125,5.222639,0.000153,0.042458,0.051917,0.917917,645,8101046,143941,0,7367
12423,16.617667,16.674383,0.000000,4.573167,4.572597,0.000279,0.039666,0.133084,0.609292,642,8139520,159725,0,5892
12424,16.893500,16.765407,0.000000,5.095000,5.094639,0.000277,0.038416,0.031292,0.916834,624,7987496,145090,0,5408
12425,16.635208,16.632124,0.000000,5.594333,5.594013,0.000153,0.034083,0.037292,0.608292,642,8070985,141416,0,7210
12426,16.497208,16.575834,0.000000,5.343459,5.343097,0.000154,0.034334,0.156791,1.231333,640,8166611,144592,0,5408
12427,17.023125,16.923227,0.000000,5.196626,5.196265,0.000194,0.049709,0.037083,1.216125,642,8009237,143965,0,5408
12428,16.574542,16.512350,0.000000,5.251499,5.251097,0.000194,0.039625,0.025833,0.610750,640,8055703,140283,0,7210
12429,16.701417,16.699239,0.000000,5.273833,5.273388,0.000237,0.039250,0.036000,1.303000,631,8080145,140955,0,5408
12430,16.756333,16.750470,0.000000,5.383417,5.383140,0.000194,0.037667,0.026583,0.608250,631,8080170,141186,0,5408
12431,16.649917,16.621714,0.000000,3.977500,3.976972,0.000070,0.041875,0.037208,0.758126,644,8068985,169744,0,7588
12432,16.653000,16.646736,0.000000,5.280542,5.280138,0.000112,0.046250,0.037791,0.446625,634,8080206,145062,0,5408
12433,16.726333,16.709151,0.000000,5.250167,5.249889,0.000153,0.039542,0.035791,0.973208,631,8078750,146137,0,5696
12434,16.668750,16.643083,0.000000,5.104208,5.103972,0.000111,0.036000,0.035875,1.231667,640,8072506,146139,0,6922
12435,16.653208,16.632419,0.000000,5.050583,5.050180,0.000112,0.036834,0.037541,0.446709,653,8069692,147294,0,7449
12436,16.787167,16.796420,0.000000,4.937916,4.937639,0.000152,0.042833,0.039584,0.590375,642,8101928,144596,0,7210
12437,16.668625,16.618378,0.000000,4.585458,4.585014,0.000153,0.047500,0.038042,0.608834,630,8049250,148698,0,5410
12438,16.690958,16.687165,0.000000,5.050542,5.049930,0.000237,0.038459,0.034916,0.821334,634,8082343,146785,0,5408
12439,16.637375,16.628426,0.000000,5.113208,5.112972,0.000069,0.043500,0.035584,0.445834,640,8068874,144173,0,7210
12440,16.672250,16.643990,0.000000,5.230999,5.230555,0.000236,0.041834,0.026125,0.759417,632,8080204,145199,0,5408
12441,16.783709,16.779033,0.000000,5.279208,5.278804,0.000154,0.040833,0.034167,0.738458,634,8095630,144251,0,5408
12442,16.681000,16.651438,0.000000,5.256333,5.256014,0.000194,0.043500,0.026500,0.454750,641,8055512,142072,0,7210
12443,16.649583,16.643878,0.000000,5.243625,5.243014,0.000194,0.039583,0.035292,0.740332,632,8086726,144724,0,5408
12444,16.698042,16.670499,0.000000,5.340084,5.339555,0.000237,0.049958,0.027708,0.447208,632,8089174,140696,0,5408
12445,16.540125,16.509715,0.000000,5.223958,5.223264,0.000235,0.044166,0.027209,1.066875,641,8085426,139713,0,7401
12446,16.773750,16.758446,0.000000,5.023709,5.023222,0.000278,0.043291,0.036667,0.612792,629,8049498,150940,0,5408
12447,16.710750,16.685246,0.000000,5.463584,5.463138,0.000237,0.034458,0.026875,0.905500,634,8095537,142986,0,5408
12448,16.628083,16.617031,0.000000,5.292417,5.291765,0.000194,0.037458,0.033917,0.446500,638,8055562,141049,0,7210
12449,16.739042,16.735828,0.000000,5.317208,5.312347,0.004736,0.048083,0.028042,0.903666,633,8095755,143483,0,5408
12450,16.439458,16.418132,0.000000,5.385125,5.384680,0.000362,0.035958,0.047959,1.057417,634,8079202,145201,0,5576
12451,16.879125,16.833797,0.000000,4.710666,4.710306,0.000152,0.042042,0.025791,0.448875,641,8055563,151276,0,7210
12452,16.724792,16.723657,0.000000,5.261416,5.261014,0.000236,0.040916,0.028334,0.662041,633,8095701,145114,0,5408
12453,16.657166,16.633043,0.000000,4.883667,4.883222,0.000237,0.063750,0.024625,0.453958,633,8095646,142363,0,5408
12454,16.619667,16.633925,0.000000,4.770166,4.761681,0.008027,0.056375,0.030542,0.745417,645,8116298,150417,0,7413
12455,16.758208,16.729130,0.000000,4.632418,4.631889,0.000237,0.050375,0.030042,0.445917,626,8018414,147005,0,5408
12456,16.767209,16.729380,0.000000,4.927043,4.915263,0.011446,0.061416,0.022292,0.766084,632,8080208,142952,0,5408
12457,16.556000,16.834541,0.000000,4.853833,4.853223,0.000110,0.082875,0.280541,0.796166,647,8163633,146531,0,7210
12458,16.750333,16.468875,0.000000,5.369166,5.364514,0.004486,0.068792,0.020125,0.458834,627,7987566,142356,0,5408
12459,16.436833,16.417835,0.000000,5.597959,5.583138,0.014404,0.051667,0.037208,0.838209,634,8094779,148060,0,5578
12460,16.886375,16.841588,0.000000,5.036249,5.035722,0.000319,0.058834,0.015583,0.646917,640,8040103,156275,0,7210
12461,16.750959,16.815172,0.000000,5.548292,5.547556,0.000195,0.122125,0.049500,0.957667,636,8126522,144364,0,5408
12462,16.645666,16.562130,0.000000,5.589917,5.582055,0.007403,0.059417,0.032917,0.354542,628,8049395,140834,0,5408
12463,16.587667,16.573710,0.000000,5.803667,5.794556,0.008652,0.064500,0.014083,0.771333,637,8055541,140376,0,7210
12464,16.583208,16.561250,0.000000,5.596709,5.596139,0.000236,0.054667,0.019208,0.942083,637,8110051,144505,0,5630
12465,16.904542,16.855581,0.000000,5.632459,5.630888,0.001279,0.050833,0.021584,0.633750,630,8049229,144325,0,5408
12466,16.638708,16.649377,0.000000,5.619624,5.614556,0.004860,0.062709,0.015583,0.914833,642,8086399,141243,0,7210
12467,16.544334,16.531335,0.000000,5.685542,5.684764,0.000278,0.062375,0.014250,0.625125,636,8094445,142663,0,5647
12468,16.821166,16.794835,0.000000,5.596626,5.595722,0.000487,0.067959,0.034291,1.319250,631,8064750,142861,0,5408
12469,16.724792,16.707489,0.000000,5.706250,5.705556,0.000236,0.050125,0.014500,0.630792,639,8055585,140325,0,7210
12470,16.765083,16.766150,0.000000,5.562083,5.560305,0.001611,0.066209,0.023458,0.781751,632,8095745,142046,0,5408
12471,16.651125,16.638423,0.000000,5.771334,5.762263,0.008862,0.060834,0.029958,0.622125,632,8080191,138918,0,5408
12472,16.384750,16.333842,0.000000,5.567583,5.566514,0.000611,0.053042,0.049833,0.613000,645,8116043,142897,0,7446
12473,16.957584,16.966337,0.000000,5.271791,5.271305,0.000195,0.059750,0.020625,0.941542,629,8033855,145172,0,5408
12474,16.661791,16.632516,0.000000,5.796209,5.795221,0.000654,0.049959,0.019541,0.627542,631,8080278,139020,0,5408
12475,16.761959,16.781707,0.000000,5.821333,5.801556,0.019527,0.070250,0.041833,1.192292,644,8086383,140590,0,7210
12476,16.637625,16.583495,0.000000,5.617833,5.614722,0.002778,0.064125,0.020333,0.609208,630,8065015,140635,0,5408
12477,16.689791,16.718981,0.000000,5.764083,5.759221,0.004737,0.065959,0.042875,1.068958,633,8095425,141506,0,5408
12478,16.670125,16.593004,0.000000,5.704708,5.701264,0.003111,0.062250,0.018334,0.293375,639,8055519,139456,0,7210
12479,16.644250,16.634038,0.000000,5.569833,5.569305,0.000236,0.059459,0.019291,0.763667,633,8080276,140271,0,5408
12480,16.691625,16.687744,0.000000,5.642250,5.641721,0.000154,0.049792,0.034875,0.902417,647,8080324,140954,0,5408
12481,16.429459,16.424241,0.000000,5.778792,5.777764,0.000778,0.054416,0.037375,0.434458,644,8100024,146274,0,7532
12482,16.983083,16.961331,0.000000,5.385626,5.380222,0.005237,0.060958,0.020250,0.670375,631,8050665,147546,0,5408
12483,16.725792,16.700287,0.000000,5.806960,5.806597,0.000154,0.051583,0.018917,0.446500,632,8078921,141370,0,5408
12484,16.599458,16.570079,0.000000,5.644834,5.638765,0.005861,0.059958,0.019959,0.784709,638,8055602,142277,0,7210
12485,16.725792,16.736489,0.000000,5.868042,5.867597,0.000361,0.086416,0.014417,0.612166,636,8111061,142496,0,5408
12486,16.688666,16.674204,0.000000,5.919291,5.891013,0.027945,0.057500,0.029459,0.745708,638,8056725,141351,0,7006
12487,16.705167,16.665554,0.000000,5.711167,5.710765,0.000319,0.055042,0.020583,0.611875,634,8084792,140948,0,5612
12488,16.711958,16.712868,0.000000,5.883792,5.883249,0.000543,0.063125,0.018917,0.942124,632,8074512,139295,0,5408
12489,16.686459,16.670624,0.000000,5.672501,5.671847,0.000279,0.061500,0.022375,0.591709,642,8086453,141310,0,7210
12490,16.630125,16.580788,0.000000,5.863167,5.852973,0.009861,0.053416,0.018750,0.611750,629,8065062,140215,0,5408
12491,16.712500,16.725831,0.000000,5.949709,5.949541,0.000168,0.060875,0.025208,0.929291,632,8080038,139825,0,5408
12492,16.662166,16.673456,0.000000,5.918584,5.906555,0.011737,0.058209,0.053291,0.529250,640,8081118,139543,0,7210
12493,16.689709,16.595328,0.000000,5.625416,5.610223,0.014902,0.060666,0.018459,0.779917,629,8054710,141336,0,5408
12494,16.710416,16.714012,0.000000,5.850791,5.850416,0.000375,0.066459,0.020208,0.446333,634,8095557,139700,0,5408
12495,16.664334,16.692260,0.000000,5.938751,5.938346,0.000196,0.077041,0.015625,0.773875,641,8070997,138812,0,7210
12496,16.666833,16.672074,0.000000,5.234249,5.233597,0.000277,0.070250,0.052000,0.595666,632,8095734,141083,0,5408
12497,16.728125,16.665830,0.000000,5.560292,5.559847,0.000237,0.062875,0.014125,0.610666,630,8064703,139866,0,5408
12498,16.596292,16.591750,0.000000,5.747582,5.740138,0.007153,0.054833,0.046917,0.946624,641,8071014,138607,0,7210
12499,16.659166,16.632412,0.000000,5.920041,5.919625,0.000416,0.067375,0.014167,0.619167,633,8080231,140737,0,5408
12500,16.767375,16.737501,0.000000,6.053251,6.052958,0.000293,0.051959,0.013375,1.248541,630,8080231,139241,0,5408
12501,16.579250,16.543824,0.000000,5.710000,5.709597,0.000195,0.048417,0.009875,0.296833,637,8055591,139908,0,7210
12502,16.470084,16.499750,0.000000,5.882750,5.882167,0.000583,0.075166,0.021250,0.920375,638,8113749,146225,0,5576
12503,16.855666,16.768411,0.000000,5.292000,5.291472,0.000361,0.049417,0.012125,0.591000,628,8030306,148017,0,5408
12504,16.576834,16.614973,0.000000,5.852333,5.845763,0.006070,0.062083,0.021000,0.631541,650,8169521,148023,0,7532
12505,16.923416,16.883675,0.000000,5.253582,5.238972,0.014402,0.049917,0.014000,0.588000,627,7995543,146800,0,5408
12506,16.700875,16.715552,0.000000,5.714334,5.700472,0.013653,0.057959,0.036458,0.638875,633,8095695,140486,0,5408
12507,16.595125,16.567918,0.000000,5.785458,5.785054,0.000196,0.052750,0.019834,1.244125,640,8070904,141079,0,7210
12508,16.665875,16.666660,0.000000,5.846084,5.845640,0.000194,0.054000,0.053417,0.609083,633,8080408,141392,0,5408
12509,16.730292,16.682295,0.000000,5.879376,5.870389,0.008862,0.055167,0.018166,1.063458,633,8080019,141392,0,5408
12510,16.619250,16.619750,0.000000,5.966625,5.966249,0.000376,0.055583,0.018750,0.295250,641,8071035,139449,0,7210
12511,16.704625,16.680081,0.000000,5.958541,5.950000,0.008541,0.051708,0.058000,1.091999,633,8082918,141216,0,5408
12512,16.668458,16.625665,0.000000,5.942833,5.942374,0.000459,0.047542,0.018458,0.956666,630,8062067,138980,0,5408
12513,16.725292,16.716038,0.000000,5.822041,5.821096,0.000237,0.056583,0.014584,0.465916,641,8086459,140919,0,7210
12514,16.687750,16.679277,0.000000,5.869333,5.861501,0.007832,0.056667,0.019625,0.937958,633,8080382,141377,0,5408
12515,16.683958,16.669340,0.000000,5.970166,5.931915,0.038251,0.051292,0.012000,0.644000,633,8080204,139542,0,5408
12516,16.572750,16.533528,0.000000,5.970126,5.969667,0.000459,0.050792,0.012750,0.929208,638,8055425,139104,0,7210
12517,16.784084,16.738987,0.000000,5.990208,5.988500,0.001708,0.050208,0.018083,0.634250,632,8080268,141607,0,5408
12518,16.680125,16.712375,0.000000,6.103417,6.103124,0.000293,0.049541,0.018042,1.125833,634,8095692,139440,0,5408
12519,16.692541,16.664711,0.000000,5.869583,5.861013,0.008320,0.067500,0.020084,0.663791,639,8055493,138476,0,7210
12520,16.717542,16.736084,0.000000,5.824500,5.822681,0.001694,0.057625,0.036708,0.467833,635,8111353,141245,0,5408
12521,16.715833,16.675751,0.000000,5.994374,5.990707,0.003667,0.053792,0.017000,1.058251,629,8064587,139031,0,5408
12522,16.624334,16.616879,0.000000,5.977625,5.976916,0.000709,0.045166,0.031417,0.300833,637,8070993,138620,0,7210
12523,16.683583,16.640586,0.000000,5.960334,5.959959,0.000375,0.048500,0.018417,0.959875,631,8080474,139912,0,5408
12524,16.697292,16.698247,0.000000,5.098875,5.074888,0.023778,0.065500,0.018958,0.476083,630,8064513,157542,0,5408
12525,16.672625,16.643295,0.000000,5.973167,5.972708,0.000459,0.053250,0.024250,0.774458,640,8077287,138613,0,7210
12526,16.700333,16.660534,0.000000,5.919750,5.913542,0.006208,0.059958,0.018917,0.745334,632,8074118,140468,0,5408
12527,16.668167,16.719878,0.000000,5.988458,5.969874,0.018584,0.053708,0.056875,0.458083,635,8111111,139616,0,5408
12528,16.672250,16.616999,0.000000,5.928458,5.927930,0.000278,0.049750,0.020083,0.937499,640,8055489,139283,0,7210
12529,16.778791,16.735323,0.000000,5.903666,5.894250,0.009416,0.068875,0.044334,0.636083,632,8064701,140329,0,5408
12530,16.255167,16.330054,0.000000,5.928376,5.908458,0.019918,0.065625,0.100083,1.265833,646,8214470,144279,0,6326
12531,17.024708,16.947238,0.000000,5.556667,5.553888,0.002571,0.062792,0.019083,0.609125,631,7949955,146452,0,6698
12532,16.753500,16.702375,0.000000,5.394042,5.389973,0.003861,0.063667,0.036167,0.736917,632,8064771,142904,0,5408
12533,16.680667,16.725632,0.000000,5.625376,5.624639,0.000403,0.061417,0.044125,0.291833,647,8095687,141297,0,5408
12534,16.909708,16.944573,0.000000,5.688875,5.658138,0.030237,0.105625,0.110834,0.622125,642,8086456,142582,0,7210
12535,16.461250,16.408679,0.000000,5.329750,5.328598,0.000819,0.077209,0.033375,0.587541,631,8080207,140467,0,5408
12536,16.656584,16.592661,0.000000,5.379083,5.378597,0.000278,0.056041,0.017000,0.297500,630,8064818,141008,0,5408
12537,16.653041,16.600922,0.000000,5.763375,5.762804,0.000362,0.056459,0.022791,1.002417,640,8055580,141974,0,7210
12538,16.672792,16.695102,0.000000,5.977709,5.975542,0.002167,0.049167,0.036333,0.634750,632,8095625,141050,0,5408
12539,16.698917,16.718547,0.000000,5.869791,5.869291,0.000292,0.061958,0.045250,1.100917,639,8072304,141218,0,7006
12540,16.719833,16.610440,0.000000,5.675958,5.675263,0.000404,0.050500,0.018458,0.610041,633,8063519,142710,0,5612
12541,16.734333,16.767171,0.000000,5.773875,5.762848,0.010819,0.069667,0.060417,0.745167,632,8095638,141317,0,5408
12542,16.627209,16.634541,0.000000,5.506250,5.505805,0.000278,0.057375,0.044458,0.898333,664,8091348,144620,0,9251
12543,16.621291,16.604654,0.000000,5.632126,5.631513,0.000154,0.052209,0.046041,0.464625,632,8049339,141768,0,5408
12544,16.751834,16.728286,0.000000,5.808708,5.804931,0.003485,0.053916,0.030042,0.591416,632,8080224,141802,0,5408
12545,16.624583,16.562078,0.000000,5.855625,5.854972,0.000278,0.047500,0.020542,0.461583,639,8055576,139930,0,7210
12546,17.064792,17.153502,0.000000,5.719292,5.718472,0.000487,0.192375,0.049666,0.642084,633,8095662,143970,0,5408
12547,16.535458,16.470289,0.000000,4.695749,4.694931,0.000069,0.098167,0.020583,0.292916,630,8080253,139138,0,5408
12548,16.569458,16.664833,0.000000,5.071876,5.069806,0.001695,0.063167,0.239542,1.226500,643,8117411,143519,0,7210
12549,16.693125,16.537830,0.000000,5.298293,5.297888,0.000196,0.083834,0.019750,0.291042,630,8033806,140305,0,5408
12550,16.644792,16.602885,0.000000,5.557166,5.556431,0.000235,0.068583,0.037292,1.143917,629,8080243,140759,0,5408
12551,16.540708,16.573923,0.000000,5.699333,5.675806,0.023319,0.071792,0.027167,0.605541,640,8071036,139022,0,7210
12552,16.806084,16.768044,0.000000,5.346834,5.346222,0.000237,0.059500,0.019875,0.609125,633,8080217,145365,0,5408
12553,16.675833,16.622247,0.000000,5.743875,5.743223,0.000402,0.059292,0.026000,0.922583,631,8080185,141057,0,5408
12554,16.631417,16.634846,0.000000,5.624375,5.623639,0.000361,0.055791,0.014292,0.628667,639,8063246,141148,0,7210
12555,16.815083,16.871271,0.000000,5.578625,5.578180,0.000237,0.149958,0.027709,0.932874,635,8105600,143483,0,5408
12556,16.627667,16.581672,0.000000,5.354375,5.354014,0.000152,0.066333,0.055833,0.292417,628,8062623,141867,0,5408
12557,16.631125,16.594909,0.000000,5.641333,5.640847,0.000278,0.056833,0.028250,0.908542,640,8071010,140745,0,7210
12558,16.667166,16.616925,0.000000,5.706668,5.698847,0.007737,0.062500,0.018417,1.245125,633,8080249,143154,0,5408
12559,16.687834,16.684681,0.000000,5.584709,5.584140,0.000194,0.054583,0.029583,0.623542,633,8080192,145622,0,5408
12560,16.639958,16.636193,0.000000,5.325208,5.324680,0.000278,0.059750,0.028250,0.639791,639,8071019,146191,0,7210
12561,16.792667,16.749140,0.000000,5.432750,5.431930,0.000570,0.061708,0.041667,0.654750,633,8080256,147714,0,5408
12562,16.620875,16.559570,0.000000,5.501542,5.501181,0.000194,0.059000,0.020458,0.971959,632,8064740,144929,0,5408
12563,16.639500,16.678528,0.000000,5.531042,5.530680,0.000237,0.048250,0.013416,0.332209,640,8086533,145837,0,7210
12564,16.753291,16.727215,0.000000,5.493458,5.492513,0.000487,0.057417,0.021708,0.919000,630,8064703,147575,0,5408
12565,16.671875,16.659921,0.000000,5.599626,5.599015,0.000278,0.049250,0.032917,0.915083,632,8095684,145200,0,5408
12566,16.647917,16.593210,0.000000,5.581292,5.580680,0.000278,0.044667,0.014458,0.630833,638,8055694,145314,0,7210
12567,16.701833,16.770544,0.000000,5.445375,5.445096,0.000154,0.058334,0.057583,0.910667,635,8111003,148435,0,5408
12568,16.708500,16.611540,0.000000,5.411541,5.394889,0.016319,0.058709,0.019000,0.650500,629,8049311,145174,0,5408
12569,16.429959,16.452914,0.000000,5.559792,5.553180,0.006278,0.051375,0.018500,0.977793,645,8101222,147774,0,7339
12570,16.701958,16.673345,0.000000,5.458834,5.450138,0.008362,0.052167,0.021458,0.606334,634,8079513,149458,0,5537
12571,16.844333,16.806329,0.000000,5.323083,5.321556,0.001402,0.043500,0.013084,0.975376,630,8049326,148217,0,5408
12572,16.635959,16.631084,0.000000,5.464207,5.463638,0.000153,0.057458,0.013958,0.608166,642,8086375,146164,0,7210
12573,16.739791,16.732378,0.000000,5.501001,5.490680,0.009987,0.055959,0.014666,0.957083,631,8065026,145634,0,5408
12574,16.696959,16.691698,0.000000,5.896041,5.895639,0.000152,0.060500,0.037291,0.599958,632,8095460,138529,0,5408
12575,16.598291,16.578110,0.000000,5.996126,5.993458,0.002668,0.056959,0.013916,0.661834,641,8070984,138840,0,7210
12576,16.706167,16.712582,0.000000,6.030500,6.027999,0.002501,0.052417,0.044875,0.833167,632,8080223,138900,0,5408
12577,16.699042,16.664337,0.000000,5.957125,5.919723,0.037111,0.044750,0.049291,0.642542,632,8080220,138376,0,5408
12578,16.669666,16.637165,0.000000,5.921876,5.909250,0.012626,0.058917,0.016333,1.226124,640,8071024,139715,0,7210
12579,16.753750,16.759624,0.000000,6.099417,6.083666,0.015751,0.051542,0.040667,0.309583,632,8080216,138931,0,5408
12580,16.676209,16.608263,0.000000,5.926833,5.926167,0.000666,0.052083,0.013750,1.216959,631,8064860,138041,0,5408
12581,16.608750,16.646227,0.000000,5.868833,5.862722,0.005695,0.051958,0.057667,0.658000,642,8101815,139554,0,7210
12582,16.696416,16.682741,0.000000,5.934208,5.927582,0.006626,0.052292,0.051875,0.921542,632,8080231,140272,0,5408
12583,16.750792,16.701790,0.000000,5.927999,5.915556,0.012152,0.050083,0.012542,0.904083,629,8064821,139046,0,5408
12584,16.514333,16.477003,0.000000,6.047084,6.046791,0.000293,0.043375,0.012542,0.626625,639,8070985,138021,0,7210
12585,16.803875,16.800965,0.000000,6.073167,6.047041,0.026126,0.054584,0.018333,0.917500,632,8080204,139571,0,5408
12586,16.720584,16.701410,0.000000,5.912958,5.904681,0.008069,0.050500,0.014458,0.611125,632,8064804,138808,0,5408
12587,16.375666,16.416506,0.000000,6.008291,6.007583,0.000542,0.043417,0.081208,0.942958,643,8085949,141139,0,7339
12588,16.958000,16.875501,0.000000,5.878250,5.872471,0.005529,0.049375,0.013959,0.608208,630,8064557,142165,0,5408
12589,16.742834,16.730119,0.000000,6.134126,6.131751,0.002375,0.058583,0.015333,0.914708,632,8095843,138157,0,5408
12590,16.369500,16.375258,0.000000,5.813876,5.813166,0.000710,0.045791,0.060834,0.939458,643,8085670,141152,0,7338
12591,16.976500,16.952337,0.000000,5.948666,5.934999,0.013667,0.055291,0.018792,0.314709,631,8064834,142218,0,5408
12592,16.664583,16.651829,0.000000,5.765918,5.765265,0.000361,0.056375,0.014292,1.218083,637,8066872,142596,0,7006
12593,16.844875,16.814927,0.000000,5.841292,5.820166,0.021126,0.065875,0.031708,0.304208,633,8068791,136228,0,5612
12594,16.693875,16.681516,0.000000,6.641791,6.641332,0.000459,0.054500,0.035708,0.976750,631,8080254,126728,0,5408
12595,16.648333,16.663832,0.000000,6.467250,6.466417,0.000833,0.044667,0.064708,0.313250,642,8101865,126968,0,7210
12596,16.659917,16.592623,0.000000,6.314041,6.304082,0.009959,0.055167,0.029416,0.979042,630,8049378,129610,0,5408
12597,16.663000,16.678588,0.000000,6.685792,6.679458,0.006334,0.069333,0.013459,0.938750,631,8080238,126714,0,5408
12598,16.617000,16.584179,0.000000,6.555751,6.548417,0.007334,0.049917,0.011625,0.694083,637,8071009,127054,0,7210
12599,16.771792,16.717508,0.000000,6.598750,6.585999,0.012751,0.066125,0.020250,0.983750,630,8064809,128421,0,5408
12600,16.744875,16.763550,0.000000,6.517375,6.516541,0.000834,0.061541,0.028334,0.291625,634,8095859,128965,0,5408
12601,16.616708,16.596010,0.000000,6.539542,6.497250,0.042208,0.048583,0.018250,1.251542,638,8086262,127231,0,7210
12602,16.688917,16.669401,0.000000,6.429542,6.428791,0.000751,0.061916,0.026709,0.305583,631,8066448,129649,0,5408
12603,16.657708,16.633501,0.000000,6.570584,6.565125,0.005459,0.052708,0.041750,0.945043,631,8063162,126266,0,5408
12604,16.659792,16.643249,0.000000,6.514791,6.504541,0.010250,0.049750,0.011625,0.912250,640,8086467,128202,0,7210
12605,16.757500,16.748397,0.000000,6.277708,6.272082,0.005626,0.060791,0.014167,0.305625,632,8064804,128555,0,5408
12606,16.624333,16.611494,0.000000,6.590708,6.590374,0.000334,0.058292,0.014541,0.913750,632,8080224,127109,0,5408
12607,16.602917,16.649234,0.000000,6.649625,6.647542,0.002083,0.057666,0.088584,0.656542,643,8117355,127920,0,7210
12608,16.798500,16.754361,0.000000,6.550709,6.541083,0.009626,0.049708,0.043042,1.237917,630,8064775,130007,0,5408
12609,16.656500,16.608196,0.000000,6.817499,6.806249,0.011250,0.053458,0.031583,0.292333,632,8064781,126153,0,5408
12610,16.638333,16.600379,0.000000,6.723000,6.720292,0.002708,0.059958,0.017750,1.269708,638,8071001,126420,0,7210
12611,16.761042,16.808829,0.000000,6.550584,6.542125,0.008459,0.048375,0.081083,0.425875,631,8080228,129696,0,5408
12612,16.676541,16.636198,0.000000,6.605291,6.595249,0.010042,0.052542,0.036542,0.909167,634,8090770,128336,0,5408
12613,16.622792,16.618550,0.000000,6.864582,6.860416,0.004166,0.046500,0.070292,0.908833,640,8075911,125704,0,7210
12614,16.779250,16.711884,0.000000,6.427541,6.426666,0.000875,0.053125,0.010333,0.637583,631,8064826,128552,0,5408
12615,16.842625,16.797826,0.000000,6.672749,6.671874,0.000583,0.106542,0.022375,1.189875,632,8064745,125297,0,5408
12616,16.659292,16.711007,0.000000,5.920917,5.920458,0.000375,0.059041,0.047167,0.298666,640,8086458,128266,0,7210
12617,16.577791,16.514958,0.000000,6.308334,6.306333,0.002001,0.047000,0.017209,0.960875,632,8080218,128125,0,5408
12618,16.616000,16.603844,0.000000,6.652083,6.651625,0.000458,0.057667,0.027292,0.291167,633,8080235,126167,0,5408
12619,16.621167,16.592595,0.000000,6.741125,6.738584,0.002541,0.047208,0.019292,0.697583,641,8086617,125802,0,7210
12620,16.721542,16.716077,0.000000,6.542750,6.542290,0.000460,0.045083,0.032292,0.611875,630,8064628,128877,0,5408
12621,16.720041,16.705876,0.000000,6.766208,6.765541,0.000667,0.049584,0.010916,0.950250,633,8080210,126241,0,5408
12622,16.595125,16.533753,0.000000,6.727209,6.723876,0.003333,0.058417,0.012625,0.581708,639,8055563,124880,0,7210
12623,16.788917,16.813373,0.000000,6.687584,6.687083,0.000501,0.054625,0.013583,0.292875,631,8080227,128129,0,5408
12624,16.687667,16.688179,0.000000,6.698875,6.688332,0.010543,0.049666,0.050542,0.958792,635,8095738,126730,0,5408
12625,16.590416,16.549581,0.000000,6.677583,6.668583,0.009000,0.048834,0.041666,0.602334,639,8071043,124561,0,7210
12626,16.799875,16.834072,0.000000,6.709334,6.692125,0.017209,0.047709,0.045083,0.948584,632,8095618,128476,0,5408
12627,16.617167,16.531605,0.000000,6.687458,6.636499,0.050959,0.042917,0.012833,0.539459,631,8049294,123218,0,5408
12628,16.597833,16.544753,0.000000,6.765166,6.764500,0.000666,0.051875,0.013959,0.971875,640,8071013,125313,0,7210
12629,16.817667,16.880456,0.000000,6.822250,6.821166,0.001084,0.064250,0.028292,0.909708,634,8095714,127658,0,5408
12630,16.678375,16.633238,0.000000,6.818417,6.812833,0.005584,0.049542,0.011916,0.296334,632,8080205,124359,0,5408
12631,16.554083,17.535515,0.000000,6.962418,6.960251,0.002167,1.033292,0.016417,0.978875,667,8441667,137453,0,7210
12632,16.826250,15.827390,0.000000,6.760998,6.748165,0.012833,0.049209,0.013625,0.308125,603,7709548,114026,0,5408
12633,16.678667,16.661242,0.000000,6.744834,6.729833,0.015001,0.048583,0.017000,0.963084,632,8080216,123740,0,5408
12634,16.544083,16.490905,0.000000,6.884124,6.873125,0.010999,0.057500,0.027500,0.308666,639,8055574,122538,0,7210
12635,16.800084,16.887213,0.000000,6.682083,6.678541,0.003542,0.100708,0.024750,0.965458,633,8109064,126995,0,5408
12636,16.647250,16.557125,0.000000,6.910375,6.908624,0.001751,0.046083,0.020083,0.959458,631,8066838,123892,0,5408
12637,16.599250,16.522318,0.000000,7.091209,7.084167,0.007042,0.050916,0.009542,0.662583,638,8055585,121954,0,7210
12638,16.791625,16.840940,0.000000,6.938043,6.937583,0.000460,0.053083,0.018417,0.982583,633,8095742,126384,0,5408
12639,16.719958,16.691168,0.000000,6.870334,6.866416,0.003918,0.059958,0.013125,0.289166,641,8064716,122454,0,5408
12640,16.648417,16.632496,0.000000,6.676792,6.667833,0.005959,0.050416,0.032542,0.615167,641,8086484,126344,0,7210
12641,16.702750,16.743165,0.000000,6.923501,6.923000,0.000501,0.051375,0.053916,0.290084,632,8092122,124289,0,5408
12642,16.719708,16.703670,0.000000,6.896542,6.890166,0.006376,0.053417,0.053750,0.951332,632,8083787,124014,0,5408
12643,16.642083,16.563326,0.000000,6.983666,6.945458,0.038208,0.056000,0.014167,0.885374,636,8055601,124382,0,7210
12644,16.664875,16.668669,0.000000,7.021667,7.019292,0.002375,0.052125,0.011125,0.594583,634,8080253,124314,0,5408
12645,16.710167,16.680367,0.000000,7.168041,7.167624,0.000417,0.049375,0.012625,0.913708,631,8071349,122609,0,5408
12646,16.673083,16.628366,0.000000,6.907250,6.903125,0.004125,0.054709,0.012166,0.620958,637,8064451,124937,0,7210
12647,16.722167,16.719415,0.000000,6.964000,6.949332,0.014668,0.058625,0.032625,0.904833,634,8095696,123346,0,5408
12648,16.661167,16.659537,0.000000,6.918167,6.904583,0.013584,0.055625,0.038541,0.295083,640,8086457,124658,0,7210
12649,16.728500,16.734633,0.000000,6.732125,6.686125,0.046000,0.068833,0.014625,0.603749,650,8054254,127304,0,7449
12650,17.028416,17.015261,0.000000,6.851458,6.778458,0.072792,0.082667,0.016167,0.583375,632,8080228,122871,0,5408
12651,16.311834,16.265939,0.000000,6.398792,6.398458,0.000167,0.069791,0.014709,0.292208,639,8070993,122118,0,7210
12652,16.282958,16.255590,0.000000,6.268751,6.268500,0.000167,0.048250,0.022125,0.898124,636,8108713,127075,0,5865
12653,16.887125,16.907422,0.000000,3.880666,3.880222,0.000236,0.054125,0.029167,0.611292,631,8064843,181544,0,5408
12654,16.743125,16.688334,0.000000,5.738332,5.737679,0.000278,0.040875,0.030542,1.227583,640,8055465,135890,0,7210
12655,16.663917,16.669409,0.000000,5.420541,5.420098,0.000235,0.041916,0.026959,0.609292,634,8095743,139044,0,5408
12656,16.683708,16.605355,0.000000,5.373333,5.372597,0.000236,0.042292,0.027500,0.941666,632,8064730,137447,0,5408
12657,16.648333,16.669232,0.000000,5.747959,5.747513,0.000279,0.040584,0.025166,0.609542,642,8071174,137548,0,7210
12658,16.666000,16.611963,0.000000,5.587208,5.586848,0.000152,0.035167,0.027000,0.915125,631,8080098,138682,0,5408
12659,16.706417,16.724175,0.000000,5.742083,5.741874,0.000209,0.035208,0.016792,0.617583,632,8095645,137635,0,5408
12660,16.769208,16.741872,0.000000,5.547208,5.546596,0.000279,0.037000,0.018167,1.073834,639,8055537,137734,0,7210
12661,16.655084,16.661964,0.000000,5.319209,5.318848,0.000236,0.091416,0.029167,1.231083,631,8095685,139927,0,5408
12662,16.566875,16.524660,0.000000,5.655252,5.654931,0.000237,0.035541,0.029334,0.642083,632,8064909,137154,0,5408
12663,16.717208,16.709949,0.000000,5.585208,5.584721,0.000278,0.041917,0.026500,1.113125,641,8070890,139674,0,7210
12664,16.698500,16.648702,0.000000,5.584500,5.584056,0.000361,0.038875,0.026417,0.546625,630,8080285,139135,0,5408
12665,16.820083,16.856365,0.000000,5.689542,5.689166,0.000251,0.063250,0.022709,0.587874,634,8095590,137675,0,5408
12666,16.658250,16.625539,0.000000,5.319291,5.318680,0.000153,0.058042,0.015833,0.625917,639,8055603,136337,0,7210
12667,16.609542,16.596890,0.000000,5.345833,5.345389,0.000194,0.042333,0.026792,1.100124,632,8095796,138744,0,5408
12668,16.647958,16.582090,0.000000,5.658208,5.657805,0.000153,0.039500,0.025709,1.217125,631,8064624,137311,0,5408
12669,16.689459,16.695812,0.000000,5.789333,5.789082,0.000251,0.034541,0.010125,0.617125,642,8071005,137131,0,7210
12670,16.704583,16.708205,0.000000,5.671126,5.670723,0.000319,0.044208,0.027292,1.226458,631,8095689,138870,0,5408
12671,16.641583,16.617709,0.000000,5.591208,5.590556,0.000361,0.038709,0.025083,0.612791,632,8080259,136806,0,5408
12672,16.720542,16.715605,0.000000,5.087000,5.086471,0.000320,0.041833,0.037084,1.233459,642,8070958,146517,0,7210
12673,16.673250,16.654329,0.000000,5.143500,5.142973,0.000194,0.039875,0.030292,0.607666,629,8080227,147662,0,5408
12674,16.665792,16.609492,0.000000,5.284416,5.283930,0.000278,0.035625,0.032958,0.910000,632,8064852,144859,0,5408
12675,16.889125,16.896068,0.000000,5.156291,5.155763,0.000278,0.053041,0.026875,0.900333,639,8070978,145872,0,7210
12676,16.542125,16.511672,0.000000,5.108166,5.107681,0.000194,0.041541,0.009542,0.613041,630,8085479,148027,0,5408
12677,16.614750,16.581459,0.000000,5.502084,5.501722,0.000237,0.034208,0.028750,0.939500,632,8074982,145540,0,5408
12678,16.675416,16.678035,0.000000,5.391957,5.391471,0.000320,0.037792,0.027292,0.446417,640,8071241,145398,0,7210
12679,16.714875,16.690625,0.000000,5.087375,5.086848,0.000194,0.032500,0.032375,1.079959,633,8095406,147711,0,5408
12680,16.684959,16.686497,0.000000,5.194333,5.193847,0.000278,0.043625,0.026833,0.609959,632,8080253,146076,0,5408
12681,16.626666,16.597203,0.000000,5.233833,5.233305,0.000320,0.036292,0.025167,1.151834,641,8055487,145667,0,7210
12682,16.709667,16.704795,0.000000,5.342751,5.342515,0.000111,0.037375,0.028667,0.303833,632,8080223,146909,0,5408
12683,16.701083,16.678755,0.000000,5.241166,5.240805,0.000194,0.036959,0.025500,0.981250,632,8095677,145258,0,5408
12684,16.890417,16.905242,0.000000,5.208500,5.199430,0.008862,0.076958,0.029459,0.644584,641,8071108,145857,0,7210
12685,16.605042,16.564875,0.000000,4.657167,4.656556,0.000152,0.058750,0.020291,0.607750,630,8080152,146684,0,5408
12686,16.705416,16.662332,0.000000,5.024957,5.024305,0.000319,0.054584,0.035291,0.915334,630,8064771,144635,0,5408
12687,16.571459,16.569218,0.000000,4.754835,4.754097,0.000404,0.051833,0.037208,0.610209,643,8071003,145119,0,7210
12688,16.709875,16.683203,0.000000,4.938625,4.923598,0.014777,0.062458,0.030375,0.737583,632,8080142,147196,0,5408
12689,16.634625,16.618501,0.000000,5.671332,5.670763,0.000236,0.053291,0.041834,0.448917,631,8086069,145163,0,5408
12690,16.693958,16.641116,0.000000,5.829291,5.828679,0.000362,0.053333,0.018459,1.238042,640,8065162,143972,0,7210
12691,16.654042,16.731010,0.000000,5.532916,5.532431,0.000319,0.051166,0.065334,1.249667,634,8111207,148037,0,5408
12692,16.694833,16.601706,0.000000,5.529666,5.525305,0.004028,0.052167,0.018833,0.608583,640,8049305,144486,0,5408
12693,16.679750,16.656845,0.000000,5.505458,5.504972,0.000278,0.051792,0.037666,1.167668,640,8086400,147079,0,7210
12694,16.726167,16.707245,0.000000,5.822167,5.800515,0.021236,0.051333,0.021333,0.616792,630,8064780,144860,0,5408
12695,16.647625,16.678203,0.000000,5.700083,5.696930,0.003028,0.061125,0.021083,0.908375,634,8095674,145328,0,5408
12696,16.740666,16.678668,0.000000,5.544291,5.524929,0.019029,0.056209,0.014041,0.655375,639,8055579,147335,0,7210
12697,16.625334,16.610941,0.000000,5.672708,5.664472,0.008069,0.050375,0.012208,0.957500,632,8080223,145424,0,5408
12698,16.726208,16.746549,0.000000,5.835042,5.832722,0.002153,0.053333,0.020792,0.954041,639,8079187,146002,0,7006
12699,16.670750,16.632289,0.000000,5.474041,5.462388,0.011445,0.051250,0.013500,0.644541,634,8087489,145917,0,5612
12700,16.697167,16.690691,0.000000,5.627833,5.627181,0.000360,0.052625,0.034750,0.899042,631,8080235,145738,0,5408
12701,16.720583,16.743873,0.000000,5.708293,5.707681,0.000237,0.055875,0.044833,0.615708,642,8086708,146252,0,7210
12702,16.695500,16.652706,0.000000,5.365292,5.364763,0.000320,0.060333,0.013334,1.242626,630,8064504,146041,0,5408
12703,16.650625,16.665371,0.000000,5.498957,5.497972,0.000735,0.059417,0.074125,0.628167,632,8095682,145951,0,5408
12704,16.649458,16.613156,0.000000,5.584500,5.584055,0.000236,0.058334,0.019791,0.939749,639,8055561,145032,0,7210
12705,16.693875,16.622004,0.000000,5.609208,5.608721,0.000154,0.067792,0.030458,0.619666,630,8064801,146346,0,5408
12706,16.694542,16.725991,0.000000,5.699583,5.699139,0.000361,0.055208,0.038959,0.952291,632,8080203,145307,0,5408
12707,16.654042,16.677514,0.000000,5.629791,5.628930,0.000528,0.054500,0.066833,0.947458,643,8101897,145840,0,7210
12708,16.685416,16.611299,0.000000,5.573166,5.571638,0.001153,0.069125,0.015417,0.627584,631,8049372,146549,0,5408
12709,16.742667,16.715738,0.000000,5.651499,5.651139,0.000194,0.067750,0.016083,1.082917,631,8080193,145150,0,5408
12710,16.649917,16.662703,0.000000,5.633542,5.629056,0.004361,0.051958,0.020292,0.655459,642,8086451,144948,0,7210
12711,16.640250,16.596329,0.000000,5.589333,5.588513,0.000445,0.044333,0.011250,1.242708,630,8065020,146237,0,5408
12712,16.436291,16.434202,0.000000,5.259208,5.247264,0.011444,0.045667,0.013208,0.299250,640,8172194,151767,0,5537
12713,16.998292,16.997333,0.000000,5.455582,5.455055,0.000236,0.061625,0.022833,0.928083,637,7993505,146700,0,7210
12714,16.412750,16.370783,0.000000,5.797083,5.796263,0.000445,0.055083,0.042500,0.912499,629,8064773,142962,0,5408
12715,16.636500,16.630751,0.000000,5.508000,5.507264,0.000319,0.048708,0.017875,0.619042,638,8141021,150638,0,5588
12716,16.898500,16.904913,0.000000,5.530875,5.530389,0.000278,0.049667,0.034250,0.947417,637,8024651,147698,0,7210
12717,16.700542,16.676960,0.000000,5.519042,5.518388,0.000279,0.056333,0.020708,0.611500,630,8080272,142469,0,5408
12718,16.701833,16.657118,0.000000,5.862250,5.861931,0.000152,0.049500,0.013167,0.933625,630,8071961,141306,0,5408
12719,16.573125,16.533767,0.000000,5.811167,5.810430,0.000445,0.046250,0.018958,0.610375,640,8079217,141238,0,7210
12720,16.761792,16.777802,0.000000,5.767375,5.766763,0.000362,0.056333,0.019792,0.930959,631,8064788,143823,0,5408
12721,16.751333,16.684040,0.000000,5.648333,5.647889,0.000152,0.046500,0.018583,0.330166,631,8080258,141477,0,5408
12722,16.717250,16.790345,0.000000,5.865541,5.859847,0.005486,0.061958,0.059167,1.136791,642,8086521,141211,0,7210
12723,16.627875,16.539295,0.000000,5.620583,5.620096,0.000195,0.050333,0.014167,0.914749,631,8064817,140356,0,5408
12724,16.683625,16.681123,0.000000,5.677417,5.676681,0.000319,0.051167,0.018916,0.609000,631,8080361,140764,0,5408
12725,16.647042,16.647488,0.000000,5.685416,5.684388,0.000820,0.054125,0.012208,0.954042,642,8070774,142750,0,7210
12726,16.235458,16.410158,0.000000,5.613291,5.606846,0.006237,0.045708,0.231917,0.611208,640,8140440,148222,0,5730
12727,16.961625,16.765453,0.000000,5.222083,5.221181,0.000527,0.051958,0.020375,0.923458,640,8129334,151687,0,5644
12728,16.601667,16.635635,0.000000,5.237542,5.237139,0.000278,0.053000,0.083125,0.608417,636,7988664,152314,0,7401
12729,16.963291,16.907756,0.000000,5.501542,5.501013,0.000237,0.055959,0.036708,0.905291,631,8080048,146561,0,5408
12730,16.716875,16.672589,0.000000,5.768042,5.767598,0.000194,0.055584,0.019208,0.922708,629,8049471,139804,0,5408
12731,16.602584,16.649013,0.000000,5.917166,5.916722,0.000236,0.053458,0.068000,0.611792,643,8101774,140198,0,7210
12732,16.506625,16.420852,0.000000,5.852750,5.852346,0.000196,0.048708,0.018083,1.059542,633,8063879,140880,0,5624
12733,16.667958,16.679489,0.000000,5.390625,5.389847,0.000278,0.061333,0.020042,0.466292,634,8094318,146663,0,5619
12734,16.884875,16.851167,0.000000,5.431834,5.430514,0.001028,0.056792,0.019500,1.073791,639,8055501,146163,0,7210
12735,16.915875,16.868162,0.000000,5.778459,5.777680,0.000445,0.064958,0.019209,0.610500,632,8080222,141864,0,5408
12736,16.648208,16.709373,0.000000,5.578625,5.578139,0.000319,0.062167,0.048042,0.940792,630,8080224,143378,0,5408
12737,16.580917,16.486611,0.000000,5.909334,5.908847,0.000278,0.065042,0.051750,0.952624,639,8055566,139047,0,7210
12738,16.769125,16.769208,0.000000,5.822001,5.821680,0.000112,0.057917,0.037166,0.447541,632,8080241,142937,0,5408
12739,16.322125,16.300010,0.000000,5.858958,5.852972,0.005694,0.058875,0.027708,0.901082,634,8079627,138498,0,5537
12740,16.614583,16.636327,0.000000,5.695293,5.694681,0.000278,0.050834,0.034875,0.452709,642,8071040,145940,0,7210
12741,16.979084,16.933076,0.000000,5.683082,5.681971,0.000695,0.051333,0.035750,1.054334,634,8095458,146416,0,5408
12742,16.668416,16.710949,0.000000,5.827958,5.827556,0.000152,0.047334,0.076541,0.614333,633,8095774,141278,0,5408
12743,16.663417,16.577120,0.000000,5.611542,5.605305,0.005820,0.055875,0.020083,1.060084,638,8055468,142200,0,7210
12744,16.758125,16.835745,0.000000,5.732208,5.725846,0.006029,0.063625,0.076625,0.290083,634,8095671,145914,0,5408
12745,16.724208,16.641210,0.000000,5.656416,5.654097,0.001944,0.061834,0.041708,0.964208,640,8080251,141753,0,5408
12746,16.550917,16.491574,0.000000,5.832625,5.827263,0.004987,0.057292,0.021625,0.913416,638,8040113,141292,0,7210
12747,16.679042,16.724827,0.000000,5.658666,5.658096,0.000278,0.052416,0.039584,0.611500,635,8095671,143139,0,5408
12748,16.768708,16.692831,0.000000,5.640959,5.640556,0.000194,0.059000,0.020208,0.642000,630,8080213,144495,0,5408
12749,16.655583,16.662001,0.000000,5.896666,5.896457,0.000209,0.055250,0.082375,0.610500,639,8071051,143702,0,7210
12750,16.734959,16.690950,0.000000,6.007959,6.007458,0.000501,0.055750,0.028458,0.925750,633,8080435,141215,0,5408
12751,16.610958,16.614512,0.000000,5.825541,5.825056,0.000319,0.056500,0.013250,0.610375,633,8058558,139499,0,6589
12752,16.747500,16.758130,0.000000,5.864584,5.863972,0.000278,0.050542,0.038041,1.216000,639,8092416,142637,0,6029
12753,16.677000,16.639527,0.000000,6.058917,6.008416,0.050501,0.061667,0.039375,0.908376,631,8080235,139494,0,5408
12754,16.577958,16.563764,0.000000,5.977959,5.977431,0.000236,0.054709,0.043916,0.622208,641,8086448,138630,0,7210
12755,16.714709,16.705058,0.000000,5.781459,5.781139,0.000153,0.059000,0.014958,0.918125,630,8062757,142519,0,5408
12756,16.777708,16.716441,0.000000,5.404125,5.403471,0.000237,0.075375,0.025292,0.626542,653,8056271,146671,0,7449
12757,16.488292,16.505830,0.000000,5.782207,5.781597,0.000319,0.056708,0.019458,0.914833,643,8100777,143127,0,7432
12758,16.982416,17.058206,0.000000,4.774166,4.773139,0.000694,0.119750,0.036625,0.295625,630,8064702,156578,0,5408
12759,16.574459,16.436233,0.000000,5.570125,5.553221,0.016612,0.065958,0.041333,0.920417,629,8049345,140638,0,5408
12760,16.731250,16.775477,0.000000,5.620793,5.620056,0.000278,0.063958,0.065250,0.912207,640,8101893,144567,0,7210
12761,16.339375,16.339655,0.000000,5.681583,5.674139,0.007278,0.049583,0.065917,0.631000,637,8110061,142079,0,5611
12762,16.668416,16.594344,0.000000,5.685708,5.685429,0.000154,0.051250,0.013792,0.947917,632,8063429,146787,0,5656
12763,17.021042,17.010299,0.000000,5.542834,5.542223,0.000236,0.060000,0.014500,0.671083,636,8055567,149544,0,7210
12764,16.717792,16.729493,0.000000,5.445542,5.435306,0.009736,0.055875,0.063166,1.304375,633,8064784,145287,0,5408
12765,16.636500,16.665080,0.000000,5.674833,5.669846,0.004695,0.085833,0.050583,0.640250,631,8080224,141876,0,5408
12766,16.738208,16.677289,0.000000,5.707917,5.680514,0.027069,0.059333,0.033167,0.794875,643,8101913,142402,0,7210
12767,16.681917,16.644242,0.000000,5.458667,5.450180,0.008320,0.062875,0.020208,0.646250,630,8049320,144101,0,5408
12768,16.363625,16.345998,0.000000,5.717542,5.716680,0.000446,0.048083,0.019250,0.776833,636,8110564,143251,0,5531
12769,17.154833,17.166540,0.000000,4.990541,4.990097,0.000069,0.062250,0.031208,0.907625,642,8054527,160310,0,7376
12770,16.647958,16.636274,0.000000,5.737625,5.736972,0.000236,0.059417,0.037833,0.473958,633,8080246,140618,0,5408
12771,16.647250,16.608245,0.000000,5.934792,5.928667,0.006000,0.071917,0.021125,1.053833,631,8070383,137551,0,5408
12772,16.658542,16.702799,0.000000,5.705792,5.705347,0.000153,0.074375,0.062417,0.623333,642,8096267,139913,0,7210
12773,16.714417,16.617304,0.000000,5.990083,5.983541,0.006542,0.071541,0.037334,0.930500,630,8049343,137625,0,5408
12774,16.651250,16.703044,0.000000,5.620874,5.620263,0.000403,0.064250,0.061583,0.611250,632,8095720,143266,0,5408
12775,16.556750,16.456828,0.000000,5.811458,5.808890,0.002277,0.063333,0.015333,0.917750,639,8070976,140930,0,7210
12776,16.871750,16.905163,0.000000,5.729501,5.716514,0.012778,0.067541,0.028334,0.906166,633,8074815,145631,0,5408
12777,16.657333,16.616928,0.000000,5.809792,5.809138,0.000237,0.056375,0.019625,0.462333,630,8070183,139371,0,5408
12778,16.517500,16.444085,0.000000,5.905374,5.904889,0.000277,0.063833,0.021042,0.742584,638,8055557,138434,0,7210
12779,16.706042,16.717813,0.000000,5.894041,5.866874,0.027167,0.064041,0.020209,0.449584,633,8080231,140939,0,5408
12780,16.798958,16.805993,0.000000,5.913333,5.909874,0.003459,0.061667,0.018333,0.765166,633,8095675,141654,0,5408
12781,16.552875,16.471547,0.000000,5.811958,5.808264,0.003319,0.066250,0.020833,0.456250,637,8055686,136521,0,7210
12782,16.811917,16.843421,0.000000,5.830293,5.828389,0.001487,0.064833,0.023625,0.759209,633,8095552,140643,0,5408
12783,16.626166,16.618789,0.000000,5.991499,5.991041,0.000458,0.076417,0.020708,0.609041,632,8064822,136714,0,5408
12784,16.607250,16.566159,0.000000,5.962250,5.961834,0.000416,0.063250,0.018917,0.892750,639,8070993,138669,0,7210
12785,16.818417,16.818263,0.000000,5.867792,5.867583,0.000209,0.058708,0.020875,0.739416,635,8095634,141534,0,5408
12786,16.705583,16.711247,0.000000,5.773085,5.772597,0.000196,0.066834,0.015166,0.452583,632,8080228,139761,0,5408
12787,16.545667,16.516617,0.000000,5.852625,5.852056,0.000277,0.053292,0.037208,0.904624,641,8086449,138917,0,7210
12788,16.788542,16.775796,0.000000,5.913499,5.911457,0.002042,0.053208,0.038000,0.446708,631,8064786,142014,0,5408
12789,16.709500,16.697513,0.000000,5.872001,5.867305,0.004279,0.066291,0.015167,0.740541,633,8080253,139434,0,5408
12790,16.550708,16.551039,0.000000,5.869041,5.864889,0.003944,0.109333,0.016792,0.611333,639,8086423,139114,0,7210
12791,16.724792,16.675406,0.000000,5.756333,5.755680,0.000320,0.062541,0.049417,0.741209,630,8049357,141004,0,5408
12792,16.765541,16.760158,0.000000,5.940834,5.940416,0.000418,0.059542,0.027292,0.902041,634,8095684,139227,0,5408
12793,16.491459,16.496575,0.000000,5.928375,5.927931,0.000152,0.052333,0.059500,0.454416,640,8070980,137146,0,7210
12794,16.908041,16.909505,0.000000,5.971834,5.971333,0.000501,0.070250,0.053500,0.920250,633,8095792,140281,0,5408
12795,15.953292,16.140945,0.000000,5.904708,5.904333,0.000167,0.056333,0.250667,0.611709,660,8267595,143037,0,7989
12796,17.226292,17.012340,0.000000,5.020999,5.020389,0.000319,0.078125,0.049208,0.913083,621,7893975,159588,0,5611
12797,16.757791,16.740148,0.000000,5.648333,5.640888,0.007278,0.062417,0.050417,0.611750,629,8064517,143659,0,5408
12798,16.662250,16.587574,0.000000,5.846833,5.827305,0.019320,0.053959,0.036458,0.739874,640,8080257,141348,0,5408
12799,16.671667,16.713666,0.000000,5.766500,5.766097,0.000111,0.066417,0.064125,0.905334,642,8086427,144162,0,7210
12800,16.691708,16.589485,0.000000,5.592959,5.582264,0.010403,0.078459,0.049041,0.610542,627,8033895,141930,0,5408
12801,16.329792,16.373625,0.000000,5.881210,5.880180,0.000571,0.053000,0.049250,0.582667,642,8133547,141632,0,7071
12802,17.034000,16.975536,0.000000,5.673459,5.673015,0.000236,0.057917,0.020041,0.608834,634,8016699,146611,0,5732
12803,16.621875,16.646890,0.000000,5.942625,5.936583,0.006042,0.056958,0.042584,1.057417,631,8095668,139955,0,5408
12804,16.769917,16.768197,0.000000,5.835918,5.835472,0.000237,0.059458,0.041750,0.611125,635,8073037,143058,0,6832
12805,16.681916,16.602045,0.000000,5.820416,5.811681,0.008444,0.068292,0.022292,0.899375,635,8062744,141430,0,5786
12806,16.717750,16.706663,0.000000,5.704125,5.699305,0.004612,0.059125,0.020875,0.451750,631,8080231,141263,0,5408
12807,16.613125,16.641381,0.000000,5.665667,5.665138,0.000279,0.062292,0.043625,0.763333,646,8132829,142947,0,7210
12808,16.712292,16.648827,0.000000,5.769791,5.758848,0.010652,0.059625,0.043667,0.737042,628,8018399,141945,0,5408
12809,16.636333,16.650455,0.000000,5.885416,5.885166,0.000250,0.060250,0.051334,0.450250,633,8086464,141700,0,5408
12810,16.689334,16.693883,0.000000,5.641708,5.637304,0.003987,0.055958,0.038958,1.003875,642,8111169,142465,0,7210
12811,16.674500,16.616495,0.000000,5.891417,5.891000,0.000417,0.067458,0.021250,0.457542,630,8049468,139910,0,5408
12812,16.718708,16.683001,0.000000,5.816333,5.815805,0.000236,0.064667,0.043291,0.742584,631,8064594,140356,0,5408
12813,16.636125,16.662290,0.000000,5.824834,5.824055,0.000320,0.055375,0.025708,0.290792,642,8101937,140090,0,7210
12814,16.409292,16.383805,0.000000,5.870332,5.869639,0.000360,0.055750,0.012291,1.094875,637,8108999,141438,0,5818
12815,16.945791,16.956627,0.000000,5.023000,5.022430,0.000278,0.063084,0.078333,0.611416,634,8064825,157457,0,5408
12816,16.665875,16.655087,0.000000,5.603584,5.602930,0.000237,0.053875,0.056375,1.073999,638,8070832,144104,0,7210
12817,16.729209,16.702912,0.000000,5.649500,5.620723,0.028444,0.068791,0.078625,0.934083,630,8049347,144849,0,5408
12818,16.271666,16.332334,0.000000,5.602918,5.602306,0.000237,0.050459,0.136291,0.603041,636,8142012,144174,0,5408
12819,17.057625,16.989527,0.000000,5.424500,5.424138,0.000112,0.066250,0.069000,0.941667,639,8040070,149457,0,7210
12820,16.715459,16.576080,0.000000,5.587834,5.578306,0.009444,0.059541,0.016792,0.449375,627,8033889,142797,0,5408
12821,16.687333,16.785084,0.000000,5.758541,5.747097,0.011153,0.060625,0.073292,0.767541,635,8095677,142305,0,5408
12822,16.626583,16.593929,0.000000,5.738417,5.737888,0.000404,0.063292,0.063500,0.366791,640,8101890,142750,0,7210
12823,16.768459,16.710022,0.000000,5.519959,5.518348,0.001236,0.067791,0.021250,0.753916,631,8064802,144662,0,5408
12824,16.662833,16.734662,0.000000,5.572708,5.572139,0.000236,0.086625,0.061958,0.905458,632,8064768,144474,0,5408
12825,16.698750,16.634541,0.000000,5.561667,5.561180,0.000195,0.072458,0.028750,0.446208,643,8101980,143714,0,7210
12826,16.662250,16.550750,0.000000,5.491917,5.486765,0.004944,0.061125,0.028167,1.057958,629,8033911,144379,0,5408
12827,16.677125,16.710005,0.000000,5.686334,5.685764,0.000195,0.062417,0.022583,0.474125,634,8095623,143701,0,5408
12828,16.676000,16.736669,0.000000,5.210918,5.210347,0.000279,0.064208,0.061292,0.765416,643,8102102,149285,0,7210
12829,16.695833,16.617502,0.000000,5.383666,5.383014,0.000277,0.063084,0.046208,0.321958,631,8064727,146950,0,5408
12830,16.684292,16.668995,0.000000,5.567791,5.567430,0.000194,0.070625,0.048208,0.769375,632,8080025,146135,0,5408
12831,16.643792,16.671703,0.000000,5.569874,5.569179,0.000279,0.112625,0.034083,0.928583,640,8071008,143820,0,7210
12832,16.864666,16.822753,0.000000,5.283167,5.256222,0.026653,0.077459,0.062750,0.470416,630,8064817,145871,0,5408
12833,16.551459,16.468134,0.000000,5.437666,5.434347,0.002653,0.061250,0.020708,0.981374,631,8067880,141842,0,5408
12834,16.612250,16.662077,0.000000,5.693084,5.686972,0.005737,0.066541,0.021167,0.462459,642,8098791,143238,0,7210
12835,16.773000,16.733919,0.000000,5.721249,5.720806,0.000235,0.057833,0.053167,1.128792,629,8080234,144143,0,5408
12836,16.668208,16.613621,0.000000,5.475959,5.475097,0.000653,0.068292,0.042500,0.610542,631,8049347,142531,0,5408
12837,16.662292,16.712124,0.000000,5.758958,5.743346,0.015237,0.076583,0.022583,0.763292,642,8101861,142546,0,7210
12838,16.701041,16.724469,0.000000,5.636458,5.636097,0.000152,0.053417,0.079542,0.454750,633,8080227,144563,0,5408
12839,16.672125,16.595652,0.000000,5.788292,5.787889,0.000278,0.067625,0.015584,0.857583,632,8082104,141638,0,5408
12840,16.652084,16.654119,0.000000,5.560167,5.559846,0.000154,0.065750,0.049250,0.905291,640,8084672,143942,0,7210
12841,16.763875,16.674257,0.000000,5.642833,5.634347,0.008194,0.061250,0.019583,0.456875,629,8033838,142352,0,5408
12842,16.650708,16.629586,0.000000,5.564000,5.551930,0.011695,0.067500,0.032500,0.875458,633,8080200,142134,0,5408
12843,16.586792,16.620883,0.000000,5.782916,5.782346,0.000278,0.062250,0.043416,0.610208,642,8086477,142064,0,7210
12844,16.788916,16.734221,0.000000,5.738083,5.720848,0.016902,0.069709,0.020083,1.058083,628,8064735,144626,0,5408
12845,16.685417,16.701959,0.000000,5.750209,5.749555,0.000320,0.055833,0.020917,0.646958,632,8095692,142485,0,5408
12846,16.645958,16.641418,0.000000,5.749209,5.748680,0.000279,0.063125,0.015459,0.749958,643,8086644,142967,0,7210
12847,16.688250,16.648750,0.000000,5.601375,5.601015,0.000152,0.054959,0.018958,0.769251,633,8079979,143773,0,5408
12848,16.666000,16.613132,0.000000,5.731167,5.716389,0.014611,0.061750,0.020167,0.459625,629,8049338,141878,0,5408
12849,16.654375,16.739546,0.000000,5.917416,5.916930,0.000195,0.060834,0.054583,1.199667,645,8112689,142708,0,7210
12850,16.726542,16.604376,0.000000,5.726959,5.726473,0.000194,0.062125,0.019542,0.474625,626,8038577,142149,0,5408
12851,16.709958,16.756252,0.000000,5.871417,5.864472,0.006736,0.066375,0.068959,0.798541,640,8111093,142479,0,5408
12852,16.650084,16.567621,0.000000,5.812625,5.808013,0.004320,0.061708,0.029625,0.470333,638,8040128,142178,0,7210
12853,16.723708,16.729171,0.000000,5.963583,5.963167,0.000416,0.060625,0.050458,0.785167,631,8080217,141402,0,5408
12854,16.326000,16.311129,0.000000,5.733208,5.731472,0.001403,0.049958,0.014542,0.348375,635,8109858,139885,0,5644
12855,17.124083,17.147493,0.000000,5.583125,5.582263,0.000320,0.079959,0.021291,0.680334,639,8071166,149539,0,7210
12856,16.224875,16.167714,0.000000,5.667416,5.666597,0.000361,0.062584,0.043375,0.635041,634,8079118,142704,0,5582
12857,17.020084,17.058025,0.000000,5.551625,5.551055,0.000236,0.064000,0.020125,0.482042,636,8058760,147310,0,7006
12858,16.737500,16.760842,0.000000,5.772125,5.771555,0.000362,0.060250,0.063000,0.997958,634,8077027,140667,0,5612
12859,16.296833,16.266795,0.000000,5.850542,5.850015,0.000194,0.054500,0.072875,0.480125,637,8114061,138861,0,5627
12860,17.086417,17.015617,0.000000,5.623625,5.623222,0.000319,0.063708,0.020292,0.793083,638,8051578,146620,0,7210
12861,16.651041,16.619204,0.000000,5.699625,5.698763,0.000362,0.069542,0.020500,0.446375,631,8049248,139926,0,5408
12862,16.643542,16.639541,0.000000,5.962666,5.959875,0.002791,0.072667,0.043125,0.760250,634,8084749,138236,0,5408
12863,16.661375,16.703828,0.000000,5.758584,5.757597,0.000570,0.059500,0.075792,0.921749,661,8102250,142654,0,9251
12864,16.658375,16.563510,0.000000,5.794292,5.793763,0.000237,0.063417,0.031375,0.452584,629,8033876,139479,0,5408
12865,16.682167,16.658503,0.000000,5.975667,5.973083,0.002584,0.063833,0.021958,0.935250,631,8080246,138941,0,5408
12866,16.703750,16.710783,0.000000,6.076751,6.076208,0.000543,0.069166,0.041292,0.610041,643,8102031,140049,0,7210
12867,16.655583,16.640107,0.000000,5.843667,5.826041,0.017626,0.060250,0.056542,0.914834,630,8064636,139731,0,5408
12868,16.481208,16.481622,0.000000,5.902584,5.892876,0.009708,0.059459,0.018791,0.448917,641,8155724,140286,0,5733
12869,16.884459,16.853584,0.000000,5.070334,5.054430,0.015612,0.058625,0.030041,0.740667,637,8009218,150882,0,7210
12870,16.748875,16.760955,0.000000,5.765501,5.765180,0.000196,0.059750,0.036666,0.739375,633,8095874,144374,0,5408
12871,16.628750,16.607343,0.000000,5.649250,5.641306,0.007778,0.060541,0.029667,0.446583,632,8064563,141167,0,5408
12872,16.704458,16.684483,0.000000,5.796043,5.795431,0.000320,0.079667,0.023916,0.583250,638,8055535,143302,0,7210
12873,16.661833,16.657955,0.000000,5.624375,5.590429,0.033737,0.068917,0.041083,0.450167,631,8095682,144115,0,5408
12874,16.702500,16.673075,0.000000,5.672959,5.672348,0.000319,0.074750,0.030334,0.958958,633,8095670,140484,0,5408
12875,16.628459,16.591130,0.000000,5.604459,5.603639,0.000528,0.059916,0.029709,0.607417,640,8055579,140941,0,7210
12876,16.646416,16.695087,0.000000,5.700041,5.699013,0.000737,0.063584,0.073708,1.063666,632,8095733,144392,0,5408
12877,16.600834,16.555132,0.000000,5.715834,5.702973,0.012527,0.066958,0.036208,0.609333,637,8109997,142370,0,5599
12878,16.680625,16.660711,0.000000,5.149458,5.148805,0.000236,0.057208,0.049250,0.778291,638,8040081,148796,0,7210
12879,16.807000,16.802745,0.000000,5.742124,5.736888,0.004945,0.064208,0.045792,0.735459,631,8080231,144869,0,5408
12880,16.644166,16.623369,0.000000,5.483959,5.483348,0.000319,0.068417,0.046625,0.449375,630,8064787,143228,0,5408
12881,16.725875,16.733670,0.000000,5.713749,5.704472,0.009069,0.054709,0.081958,0.740208,643,8101891,144087,0,7210
12882,16.409834,16.381626,0.000000,5.680917,5.680555,0.000112,0.060500,0.062500,0.351042,633,8079350,148664,0,5576
12883,16.879958,16.830172,0.000000,5.110500,5.110098,0.000194,0.052042,0.037458,0.741416,631,8065883,151598,0,5408
12884,16.668917,16.631040,0.000000,5.684166,5.683514,0.000319,0.058375,0.014083,0.609042,638,8038985,145043,0,7210
12885,16.751458,16.804177,0.000000,5.689749,5.672429,0.017112,0.058750,0.073042,0.740083,634,8126564,146460,0,5408
12886,16.617208,16.546618,0.000000,5.625334,5.624848,0.000236,0.051750,0.048334,0.992084,632,8064772,143092,0,5408
12887,16.620459,16.604924,0.000000,5.763749,5.754472,0.008986,0.050083,0.043208,0.447542,638,8040111,143438,0,7210
12888,16.510916,16.578012,0.000000,5.637542,5.637013,0.000237,0.048209,0.111791,0.895874,641,8149364,151460,0,5578
12889,16.973417,16.887005,0.000000,5.128959,5.128431,0.000236,0.059083,0.038834,0.610125,627,8025610,155170,0,5408
12890,16.644000,16.606136,0.000000,5.440708,5.440347,0.000153,0.061875,0.015125,1.059000,643,8086401,144619,0,7210
12891,16.761333,16.780702,0.000000,5.438000,5.434180,0.003529,0.104542,0.018042,0.589042,632,8080476,145222,0,5408
12892,16.712125,16.671008,0.000000,5.311583,5.310889,0.000319,0.069209,0.020916,0.739959,631,8064818,143995,0,5408
12893,16.542834,16.576108,0.000000,5.261084,5.255722,0.004945,0.122041,0.030792,0.575583,644,8101632,144566,0,7210
12894,16.737916,16.621446,0.000000,5.594667,5.594221,0.000154,0.058834,0.019958,0.853833,628,8033878,143037,0,5408
12895,16.632792,16.645037,0.000000,5.492583,5.492056,0.000319,0.064958,0.015792,0.738626,633,8095630,142921,0,5408
12896,16.631792,16.640204,0.000000,5.598166,5.590597,0.007236,0.050916,0.039959,0.464167,643,8070975,144605,0,7210
12897,16.778583,16.771997,0.000000,5.671916,5.671221,0.000320,0.065458,0.040375,0.895292,633,8084875,144030,0,5408
12898,16.690000,16.658166,0.000000,5.722334,5.719723,0.002486,0.059250,0.033833,0.611875,631,8075622,142608,0,5408
12899,16.565458,16.550337,0.000000,5.721208,5.720597,0.000236,0.084459,0.022000,0.900166,640,8070905,142743,0,7210
12900,16.802459,16.766037,0.000000,5.832583,5.832180,0.000195,0.062625,0.014583,0.444917,630,8080255,144055,0,5408
12901,16.650833,16.678171,0.000000,5.648250,5.647723,0.000277,0.054125,0.049417,0.742208,629,8095706,142613,0,5408
12902,16.660792,16.604752,0.000000,5.854333,5.854013,0.000236,0.054083,0.037375,0.955542,642,8086432,143678,0,7210
12903,16.672875,16.631159,0.000000,5.475292,5.474680,0.000279,0.051833,0.012208,0.481959,631,8049328,144138,0,5408
12904,16.730333,16.724168,0.000000,5.753583,5.744431,0.008944,0.064167,0.020000,0.849251,637,8080224,142532,0,5408
12905,16.638750,16.619976,0.000000,5.627457,5.626888,0.000194,0.056375,0.015292,0.480875,641,8070981,143329,0,7210
12906,16.699875,16.699959,0.000000,5.881084,5.855500,0.025584,0.055792,0.019041,1.115042,632,8080224,141901,0,5408
12907,16.633792,16.660700,0.000000,5.802833,5.802264,0.000319,0.060041,0.051625,0.641083,631,8093733,141828,0,5408
12908,16.778416,16.753253,0.000000,5.750625,5.749972,0.000403,0.054834,0.055375,0.776375,639,8072954,144340,0,7210
12909,16.500375,16.441158,0.000000,5.791584,5.790930,0.000196,0.050625,0.018375,0.903832,632,8049333,139941,0,5408
12910,16.858042,16.866910,0.000000,5.800668,5.800223,0.000278,0.055500,0.035792,0.446666,639,8102676,144490,0,7126
12911,16.653792,16.621081,0.000000,5.399541,5.397180,0.002069,0.061500,0.019416,0.740083,633,8064069,142714,0,5492
12912,16.766000,16.736172,0.000000,5.621001,5.620347,0.000237,0.083708,0.015458,0.446584,632,8080174,142514,0,5408
12913,16.290541,16.417451,0.000000,5.000251,4.989431,0.010361,0.062875,0.183709,0.600916,650,8130329,146266,0,7667
12914,17.048459,16.867254,0.000000,4.926875,4.926097,0.000236,0.049958,0.030250,0.294542,629,8001937,152797,0,5611
12915,16.733791,16.752297,0.000000,5.151292,5.150680,0.000070,0.055000,0.028792,0.580917,633,8095667,141494,0,5408
12916,16.509959,16.493346,0.000000,5.537874,5.537389,0.000277,0.047166,0.027084,0.611750,636,8055547,141827,0,7210
12917,16.776541,16.742614,0.000000,5.484916,5.484513,0.000237,0.044250,0.026292,1.016750,632,8080307,142397,0,5408
12918,16.631875,16.611962,0.000000,5.631500,5.631055,0.000279,0.037375,0.027000,1.056209,633,8080355,140697,0,5408
12919,16.661792,16.646222,0.000000,5.533875,5.533472,0.000236,0.037875,0.026083,0.614958,642,8086301,141710,0,7210
12920,16.697708,16.663925,0.000000,5.552709,5.552180,0.000320,0.035417,0.028542,1.060292,631,8064910,141755,0,5408
12921,16.669292,16.665520,0.000000,5.580750,5.580221,0.000362,0.034542,0.029000,0.607917,632,8080088,140565,0,5408
12922,16.611875,16.608239,0.000000,5.592082,5.591639,0.000152,0.046125,0.027875,1.068916,643,8085676,144750,0,7344
12923,16.937625,16.892808,0.000000,4.692459,4.692097,0.000070,0.048833,0.012542,0.609708,631,8064782,146076,0,5408
12924,16.688458,16.674749,0.000000,5.360917,5.360513,0.000154,0.050250,0.029250,0.745833,633,8080215,142282,0,5408
12925,16.620500,16.615305,0.000000,5.465001,5.464681,0.000153,0.044292,0.027125,1.064708,639,8071055,140080,0,7210
12926,16.703417,16.696901,0.000000,5.330541,5.330097,0.000319,0.039583,0.031584,0.470458,633,8095664,142830,0,5408
12927,16.652458,16.633412,0.000000,5.599334,5.598972,0.000154,0.037542,0.032250,0.926958,632,8080192,140202,0,5408
12928,16.640167,16.610169,0.000000,5.437041,5.436556,0.000277,0.036583,0.028417,0.465708,639,8055804,140325,0,7210
12929,16.317792,16.504260,0.000000,5.480709,5.480097,0.000362,0.047666,0.222625,0.918999,644,8153976,145315,0,6009
12930,17.012208,16.785909,0.000000,4.653125,4.652555,0.000362,0.041458,0.026709,0.609417,624,8004030,154638,0,5408
12931,16.606458,16.600952,0.000000,5.335000,5.334473,0.000194,0.037000,0.031459,1.069375,641,8095943,142488,0,7210
12932,16.753167,16.724085,0.000000,5.157125,5.156597,0.000320,0.036750,0.028083,0.611417,630,8054305,144957,0,5408
12933,16.514958,16.556453,0.000000,5.301875,5.301305,0.000362,0.034459,0.078708,0.911042,638,8141152,148240,0,5561
12934,16.853167,16.786521,0.000000,4.885832,4.885264,0.000360,0.043333,0.028042,1.058375,636,8024603,149533,0,7210
12935,16.492042,16.542261,0.000000,5.325459,5.324888,0.000362,0.052000,0.077333,0.447084,633,8079191,145240,0,5630
12936,16.968125,16.891921,0.000000,5.093126,5.092805,0.000154,0.045625,0.027791,0.938292,631,8080180,147415,0,5408
12937,16.646416,16.613028,0.000000,5.457624,5.457347,0.000110,0.042792,0.029000,0.455791,638,8055474,140767,0,7210
12938,16.506459,16.462496,0.000000,5.411667,5.411347,0.000153,0.037250,0.028000,0.750458,636,8094565,143667,0,5647
12939,16.844583,16.850991,0.000000,5.096500,5.096096,0.000237,0.037250,0.026292,0.446000,632,8064657,145033,0,5408
12940,16.445958,16.489399,0.000000,5.396083,5.395431,0.000361,0.041125,0.100084,0.756292,647,8131011,147461,0,7532
12941,17.078500,17.015636,0.000000,4.936251,4.935889,0.000278,0.046875,0.027417,0.914500,629,8033895,149608,0,5408
12942,16.731709,16.724111,0.000000,5.403834,5.403305,0.000154,0.048916,0.039500,0.356042,630,8080415,141694,0,5408
12943,16.603958,16.557998,0.000000,5.245042,5.244765,0.000194,0.043750,0.025875,0.804583,639,8055415,141750,0,7210
12944,16.782500,16.794924,0.000000,5.018417,5.018056,0.000194,0.049583,0.030084,0.290000,634,8095633,144586,0,5408
12945,16.584000,16.508164,0.000000,5.311625,5.311096,0.000320,0.042625,0.025625,1.080666,629,8049570,141092,0,5408
12946,16.414958,16.426833,0.000000,5.399001,5.398431,0.000153,0.070834,0.033875,0.349834,649,8131824,144672,0,7390
12947,17.031000,17.043711,0.000000,4.561834,4.561306,0.000236,0.060625,0.030959,0.759292,628,8033667,147194,0,5408
12948,16.827084,16.805398,0.000000,5.257458,5.256763,0.000362,0.071791,0.028042,0.899916,631,8064777,140349,0,5408
12949,16.571333,16.556075,0.000000,5.180417,5.179764,0.000194,0.064292,0.021208,0.292250,642,8101896,139625,0,7210
12950,16.684417,16.635987,0.000000,5.274417,5.266014,0.008195,0.056583,0.020083,0.916042,628,8049328,140210,0,5408
12951,16.677583,16.615573,0.000000,5.544750,5.544347,0.000112,0.073375,0.027375,0.446042,631,8080268,138714,0,5408
12952,16.608042,16.625750,0.000000,5.607957,5.607389,0.000277,0.068500,0.020458,1.092334,642,8086582,140929,0,7210
12953,16.758000,16.795088,0.000000,5.777167,5.776681,0.000111,0.069583,0.043000,0.616292,633,8080079,141486,0,5408
12954,16.674083,16.626211,0.000000,5.931791,5.931138,0.000278,0.072833,0.020792,0.740209,631,8064762,138640,0,5408
12955,16.603375,16.591871,0.000000,5.763165,5.748472,0.014485,0.065583,0.020250,0.613750,642,8109467,139387,0,7210
12956,16.725125,16.714454,0.000000,5.699751,5.697431,0.001986,0.061000,0.016000,0.786709,630,8041864,142040,0,5408
12957,16.242042,16.320913,0.000000,5.963541,5.963124,0.000417,0.052833,0.123208,0.586416,655,8177219,144386,0,7605
12958,17.100250,16.921832,0.000000,5.332042,5.324306,0.007569,0.066083,0.024708,0.448375,626,7986175,152791,0,5612
12959,16.691750,16.755986,0.000000,5.771207,5.770847,0.000194,0.069250,0.037166,0.737084,634,8095742,144003,0,5408
12960,16.684166,16.658509,0.000000,5.708334,5.698597,0.009403,0.060167,0.018500,0.449125,631,8064732,142825,0,5408
12961,16.747000,16.672378,0.000000,5.613709,5.613223,0.000236,0.083125,0.021417,0.905333,637,8055627,144231,0,7210
12962,16.639917,16.620473,0.000000,5.575626,5.569847,0.005570,0.072375,0.020792,0.452708,633,8080177,142553,0,5408
12963,16.640833,16.696077,0.000000,5.605125,5.598305,0.006487,0.061959,0.044166,0.933125,642,8117860,142691,0,7126
12964,16.790167,16.808619,0.000000,5.703249,5.689097,0.014027,0.070417,0.066208,1.221709,631,8055466,144522,0,5492
12965,16.589042,16.461640,0.000000,5.711709,5.711181,0.000278,0.059125,0.015166,0.616250,631,8058117,139833,0,5408
12966,16.685375,16.754749,0.000000,5.702125,5.701513,0.000404,0.067291,0.044667,0.796125,644,8117452,143267,0,7210
12967,16.721958,16.624607,0.000000,5.670249,5.669639,0.000402,0.062667,0.023291,0.611333,629,8049226,143447,0,5408
12968,16.673375,16.762537,0.000000,5.714166,5.702513,0.011361,0.070167,0.073791,0.904666,631,8080213,143865,0,5408
12969,16.670792,16.603598,0.000000,5.854625,5.833722,0.020570,0.073083,0.020917,0.609333,643,8086460,141845,0,7211
12970,16.655458,16.659419,0.000000,5.508291,5.507598,0.000277,0.054583,0.050334,0.740250,650,8054245,146736,0,7448
12971,16.741375,16.655327,0.000000,5.780750,5.780472,0.000070,0.065917,0.036083,0.901333,633,8080212,141664,0,5408
12972,16.648792,16.657796,0.000000,5.519917,5.513305,0.006445,0.058666,0.020292,0.457916,641,8086453,143688,0,7210
12973,16.715083,16.711836,0.000000,5.592542,5.586514,0.005861,0.104125,0.021167,0.904959,629,8055063,143746,0,5408
12974,16.655708,16.656749,0.000000,5.603416,5.602847,0.000278,0.065250,0.029917,0.457625,633,8089958,142270,0,5408
12975,16.725542,16.686698,0.000000,5.465042,5.464597,0.000153,0.070375,0.021542,0.787293,642,8086445,142574,0,7210
12976,16.665417,16.586576,0.000000,5.589124,5.575472,0.013361,0.054833,0.020250,0.448041,628,8049333,144228,0,5408
12977,16.422333,16.456633,0.000000,5.670251,5.665222,0.004820,0.059208,0.020125,0.752125,638,8125554,144110,0,5599
12978,16.896375,16.906879,0.000000,5.320708,5.320054,0.000321,0.061417,0.020500,0.612458,641,8055547,147899,0,7210
12979,16.644417,16.627126,0.000000,5.672417,5.671806,0.000319,0.060916,0.030542,0.836042,630,8064786,142569,0,5408
12980,16.803583,16.756179,0.000000,5.910709,5.883916,0.026793,0.065042,0.038500,0.742292,632,8064781,141104,0,5408
12981,16.618125,16.634991,0.000000,5.529459,5.528930,0.000154,0.067792,0.028458,0.453500,643,8101960,142239,0,7210
12982,16.181542,16.342326,0.000000,5.665500,5.664973,0.000194,0.055375,0.233791,0.740250,635,8094525,144732,0,5619
12983,17.157708,16.895365,0.000000,5.280125,5.272347,0.007445,0.076250,0.021250,0.448958,627,8033871,147315,0,5408
12984,16.799292,16.843220,0.000000,5.752376,5.751847,0.000237,0.071500,0.028541,0.898749,644,8101897,142205,0,7210
12985,16.704750,16.652872,0.000000,5.444083,5.439639,0.004236,0.060416,0.014542,0.450000,629,8064763,143611,0,5408
12986,16.733333,16.744053,0.000000,5.772417,5.771930,0.000278,0.058000,0.020208,0.643291,633,8080236,141192,0,5408
12987,16.531375,16.481913,0.000000,5.671332,5.670804,0.000195,0.062667,0.014666,0.741708,642,8086575,139879,0,7210
12988,16.385625,16.425122,0.000000,5.652167,5.644265,0.007610,0.067708,0.042625,0.450333,641,8171545,142228,0,5647
12989,16.953167,16.967613,0.000000,5.369209,5.363889,0.005153,0.066333,0.071042,0.901834,624,7972154,146717,0,5408
12990,16.686791,16.621506,0.000000,5.709666,5.708763,0.000695,0.065417,0.014125,0.445667,642,8086488,140679,0,7210
12991,16.720584,16.666740,0.000000,5.738459,5.730598,0.007736,0.056208,0.036875,0.740291,630,8049358,141451,0,5408
12992,16.778416,16.801012,0.000000,5.862625,5.845041,0.017584,0.070667,0.014250,0.291708,633,8095682,141156,0,5408
12993,16.501500,16.516335,0.000000,5.696833,5.696388,0.000237,0.064417,0.069000,0.741583,639,8070844,140620,0,7210
12994,16.853167,16.786084,0.000000,5.881625,5.881098,0.000235,0.063458,0.012834,0.902625,632,8080223,141892,0,5408
12995,16.602833,16.585255,0.000000,5.858875,5.858139,0.000445,0.066792,0.027417,0.447166,630,8064850,139346,0,5408
12996,16.725167,16.699240,0.000000,5.912042,5.897805,0.013945,0.068833,0.014959,1.090333,641,8070974,141415,0,7210
12997,16.721333,16.761612,0.000000,5.591459,5.590848,0.000236,0.066334,0.043166,0.644625,634,8111205,142782,0,5408
12998,16.721375,16.704324,0.000000,5.944459,5.944181,0.000195,0.075875,0.066000,1.326541,633,8080098,139614,0,5408
12999,16.555250,16.508199,0.000000,5.744084,5.727305,0.016487,0.062042,0.037292,0.466042,640,8071007,139434,0,7210
13000,16.676875,16.619884,0.000000,5.801958,5.801431,0.000277,0.065750,0.024042,0.783292,631,8049513,141136,0,5408
13001,16.677375,16.701381,0.000000,5.758000,5.752847,0.004945,0.065375,0.020417,0.650666,634,8095495,141153,0,5408
13002,16.673834,16.613998,0.000000,5.919167,5.918638,0.000154,0.100125,0.014708,0.671249,638,8071049,139911,0,7210
13003,16.751833,16.751539,0.000000,5.764833,5.764139,0.000278,0.062292,0.036333,0.974292,632,8064849,142069,0,5408
13004,16.724292,16.760714,0.000000,5.828876,5.828139,0.000445,0.056458,0.055500,0.461083,634,8111117,142504,0,5408
13005,16.550708,16.486046,0.000000,5.790707,5.790304,0.000195,0.067708,0.029459,0.849167,639,8055454,139142,0,7210
13006,16.818583,16.823332,0.000000,5.894833,5.894264,0.000277,0.073959,0.021125,0.485125,632,8080234,142098,0,5408
13007,16.593917,16.520035,0.000000,5.685707,5.685055,0.000319,0.062875,0.014583,1.105958,631,8064795,139013,0,5408
13008,16.137708,16.298300,0.000000,5.751668,5.751222,0.000279,0.050875,0.224542,0.640750,648,8114974,142147,0,7667
13009,17.210875,17.042843,0.000000,5.433416,5.426264,0.006861,0.071834,0.017916,0.635708,628,8033827,147903,0,5408
13010,16.688834,16.655514,0.000000,5.591959,5.591431,0.000236,0.065875,0.036750,0.611833,635,8080206,141097,0,5408
13011,16.862041,16.853623,0.000000,5.675708,5.673097,0.002112,0.081792,0.042208,0.356167,641,8086450,142904,0,7210
13012,16.563000,16.555755,0.000000,5.380458,5.379639,0.000235,0.065084,0.022458,0.769874,629,8064874,141632,0,5408
13013,16.740084,16.745836,0.000000,5.790167,5.781556,0.008403,0.065916,0.021417,0.642834,634,8095607,141478,0,5408
13014,16.706500,16.666319,0.000000,5.877250,5.863221,0.013737,0.064000,0.019041,0.988459,640,8071018,141926,0,7210
13015,16.548666,16.513522,0.000000,5.701166,5.700764,0.000194,0.063792,0.020125,0.629916,630,8064753,138160,0,5408
13016,16.772334,16.837163,0.000000,5.826708,5.826014,0.000403,0.064833,0.050208,0.999042,641,8103102,143145,0,7006
13017,16.290916,16.235463,0.000000,5.800833,5.793763,0.006779,0.051792,0.018833,0.616500,634,8078596,141959,0,5735
13018,16.612959,16.597278,0.000000,5.508375,5.498181,0.009902,0.046000,0.047083,0.768958,635,8094441,149204,0,5592
13019,17.008541,16.996026,0.000000,3.823499,3.822805,0.000278,0.065334,0.029833,0.802042,640,8071026,162168,0,7210
13020,16.739375,16.728883,0.000000,5.326917,5.326471,0.000154,0.078209,0.039458,0.616500,633,8064751,148243,0,5408
13021,16.651542,16.609746,0.000000,5.260041,5.259723,0.000110,0.064917,0.022041,0.898834,631,8080214,145402,0,5408
13022,16.655875,16.664199,0.000000,5.495417,5.487972,0.007111,0.059792,0.038125,0.476875,638,8071049,145777,0,7210
13023,16.608583,16.533781,0.000000,5.506917,5.506305,0.000237,0.051500,0.014375,0.780625,630,8049353,146413,0,5408
13024,16.783292,16.805373,0.000000,5.719333,5.709223,0.009944,0.064042,0.056500,0.468334,633,8111123,147645,0,5408
13025,16.539833,16.543249,0.000000,5.523333,5.522847,0.000278,0.054209,0.050083,0.764917,642,8086448,144953,0,7210
13026,16.854709,16.818712,0.000000,5.597499,5.591638,0.005695,0.060333,0.019208,0.792208,631,8064801,148162,0,5408
13027,16.598791,16.627878,0.000000,5.425625,5.425223,0.000194,0.058709,0.070875,0.471166,632,8095593,145347,0,5408
13028,16.699459,16.645374,0.000000,5.415750,5.409222,0.006153,0.055333,0.055250,0.776666,638,8055558,146670,0,7210
13029,16.674875,16.676527,0.000000,5.656251,5.655763,0.000279,0.064041,0.038542,0.632916,632,8080229,144836,0,5408
13030,16.770000,16.736758,0.000000,5.612624,5.605264,0.006985,0.065875,0.020375,0.990042,632,8080251,142666,0,5408
13031,16.456125,16.310010,0.000000,5.402042,5.401514,0.000195,0.047333,0.013125,0.461375,637,8024648,140812,0,7210
13032,16.841833,16.982200,0.000000,4.525458,4.516971,0.008153,0.068917,0.052958,0.787042,637,8142084,156153,0,5408
13033,16.593125,16.536254,0.000000,5.482334,5.471515,0.010611,0.068917,0.029833,0.481500,629,8064708,139835,0,5408
13034,16.688875,16.674920,0.000000,5.391792,5.391430,0.000237,0.058125,0.020542,0.796542,640,8071049,143438,0,7210
13035,16.676958,16.703247,0.000000,5.277083,5.260763,0.015945,0.065292,0.044750,0.948625,644,8202838,145526,0,5585
13036,16.485667,16.439469,0.000000,5.265957,5.259597,0.006069,0.060458,0.021084,0.674375,623,7937370,150049,0,5689
13037,16.828000,16.801452,0.000000,5.342250,5.338680,0.003237,0.064042,0.029625,0.717167,647,8136797,145990,0,7401
13038,16.697000,16.664924,0.000000,5.189667,5.189513,0.000070,0.064167,0.020750,0.611083,627,8015782,150140,0,5408
13039,16.784833,16.799155,0.000000,5.652582,5.652097,0.000194,0.064250,0.032584,1.045708,633,8095779,142327,0,5408
13040,16.679917,16.710202,0.000000,5.526792,5.526347,0.000320,0.066333,0.071500,0.608583,641,8086267,141694,0,7210
13041,16.693542,16.595080,0.000000,5.656958,5.656513,0.000195,0.065458,0.020583,0.740875,632,8064771,141423,0,5408
13042,16.390416,16.425633,0.000000,5.656584,5.656098,0.000319,0.059625,0.043959,1.062166,636,8110280,145479,0,5576
13043,16.955792,16.927452,0.000000,5.094625,5.089639,0.004736,0.070875,0.021000,0.448625,638,8040028,150544,0,7210
13044,16.881625,16.842916,0.000000,5.357084,5.356388,0.000237,0.058750,0.042500,0.976917,634,8080201,144111,0,5408
13045,16.530792,16.519234,0.000000,5.481876,5.481431,0.000236,0.061958,0.022750,0.449084,631,8080422,141718,0,5408
13046,16.589416,16.574551,0.000000,5.404626,5.400931,0.003403,0.062375,0.024125,0.739709,641,8070809,142690,0,7210
13047,16.695334,16.682752,0.000000,5.601999,5.601471,0.000278,0.062958,0.039500,0.451125,634,8096312,142704,0,5408
13048,16.763750,16.702286,0.000000,5.749833,5.748973,0.000360,0.058541,0.047292,0.738084,630,8064176,141190,0,5408
13049,16.633125,16.648332,0.000000,5.753085,5.752639,0.000112,0.063500,0.036625,0.742791,640,8071001,140793,0,7210
13050,16.384250,16.455455,0.000000,5.722999,5.722513,0.000278,0.049458,0.116000,0.351125,640,8141126,148458,0,5578
13051,17.011166,16.902584,0.000000,4.996000,4.995139,0.000611,0.055625,0.038625,0.739708,630,8018365,152301,0,5408
13052,16.657834,16.624034,0.000000,5.675791,5.670389,0.005194,0.058333,0.034125,0.449458,638,8070972,143067,0,7210
13053,16.742416,16.725844,0.000000,5.472583,5.471471,0.000612,0.064959,0.023000,0.898708,632,8080466,143136,0,5408
13054,16.628125,16.622470,0.000000,5.661208,5.660556,0.000402,0.053417,0.013042,0.448917,633,8080129,140849,0,5408
13055,16.658917,16.637332,0.000000,5.655500,5.654639,0.000236,0.063875,0.020958,0.741875,643,8070888,141126,0,7210
13056,16.742500,16.721676,0.000000,5.613500,5.598305,0.014778,0.057625,0.020000,0.456000,632,8080165,143252,0,5408
13057,16.663667,16.659538,0.000000,5.717583,5.707681,0.009611,0.054083,0.015125,0.741334,632,8080320,140624,0,5408
13058,16.654041,16.650140,0.000000,5.715833,5.715347,0.000278,0.066292,0.053958,0.919958,639,8070892,140800,0,7210
13059,16.686500,16.674257,0.000000,5.668292,5.667763,0.000362,0.053250,0.071292,0.444542,634,8095666,142385,0,5408
13060,16.703709,16.662046,0.000000,5.833541,5.817556,0.015694,0.058458,0.019958,1.069584,629,8064805,140707,0,5408
13061,16.712500,16.735609,0.000000,5.779042,5.778472,0.000278,0.057791,0.049667,0.652834,643,8086428,142389,0,7210
13062,16.665750,16.652309,0.000000,5.729252,5.725347,0.003696,0.055500,0.051416,0.908916,631,8094302,142933,0,5408
13063,16.759250,16.697156,0.000000,5.812250,5.805639,0.006444,0.065041,0.061959,0.447417,631,8050709,140612,0,5408
13064,16.719458,16.725946,0.000000,5.768709,5.759597,0.008612,0.060417,0.048583,0.737792,640,8055602,142601,0,7210
13065,16.646167,16.575246,0.000000,5.785167,5.784471,0.000487,0.059083,0.042542,0.761292,632,8080181,139263,0,5408
13066,16.669791,16.660507,0.000000,5.915042,5.913181,0.001527,0.052625,0.018209,0.522458,631,8064811,140175,0,5408
13067,16.642209,16.667426,0.000000,5.881666,5.868930,0.012528,0.061500,0.019500,0.980416,642,8101866,141769,0,7210
13068,16.716583,16.643796,0.000000,5.917041,5.907957,0.009084,0.057792,0.014958,0.489042,631,8049343,140426,0,5408
13069,16.704958,16.734777,0.000000,5.859501,5.857639,0.001653,0.057334,0.014375,0.773041,637,8087662,141058,0,7006
13070,16.625209,16.622925,0.000000,5.762750,5.759764,0.002486,0.057416,0.038334,0.614958,635,8094472,139758,0,5612
13071,16.750375,16.771785,0.000000,5.590542,5.589597,0.000570,0.062166,0.057500,0.893375,631,8080223,143036,0,5408
13072,16.645166,16.609469,0.000000,5.744750,5.744264,0.000236,0.062709,0.038833,0.446333,642,8086600,141575,0,7210
13073,16.638959,16.542491,0.000000,5.858125,5.857472,0.000487,0.053000,0.019125,0.887125,630,8033749,140544,0,5408
13074,16.731041,16.748577,0.000000,5.777292,5.776388,0.000696,0.052125,0.039750,0.917666,633,8080232,141084,0,5408
13075,16.684334,16.666780,0.000000,5.831249,5.828722,0.002236,0.048833,0.020625,0.473750,642,8094234,140431,0,7210
13076,16.715458,16.664707,0.000000,5.580876,5.580514,0.000153,0.070500,0.040208,0.736625,638,8051783,143976,0,6433
13077,16.658792,16.726875,0.000000,5.710333,5.700055,0.010070,0.073250,0.056708,0.446458,645,8087527,142738,0,6424
13078,16.662791,16.582284,0.000000,5.896500,5.890473,0.005736,0.051792,0.019292,0.645042,641,8089248,140452,0,7210
13079,16.699542,16.667952,0.000000,5.926209,5.925833,0.000376,0.057458,0.013542,0.446208,631,8064866,141154,0,5408
13080,16.680875,16.684701,0.000000,5.831584,5.815138,0.016237,0.057125,0.044542,0.741083,631,8064711,140643,0,5408
13081,16.641500,16.645493,0.000000,5.860167,5.853765,0.006069,0.050542,0.058291,1.056917,641,8101885,140916,0,7210
13082,16.740083,16.717794,0.000000,6.008208,6.002958,0.005250,0.062792,0.052125,0.291667,630,8049355,141325,0,5408
13083,16.659959,16.646298,0.000000,5.814751,5.814263,0.000279,0.062208,0.015583,0.976166,635,8111262,139576,0,5408
13084,16.679541,16.648353,0.000000,5.726584,5.718056,0.008236,0.053667,0.050917,0.462417,640,8070845,141893,0,7210
13085,16.660125,16.670585,0.000000,5.842333,5.839347,0.002778,0.051667,0.061750,0.816583,631,8064784,141516,0,5408
13086,16.427792,16.391076,0.000000,5.948499,5.936707,0.011792,0.046625,0.018833,0.357709,634,8095261,140873,0,5534
13087,16.507542,16.564587,0.000000,5.569166,5.568473,0.000360,0.058125,0.160583,0.757792,641,8070081,148640,0,7336
13088,17.113041,16.989045,0.000000,5.325833,5.323388,0.002236,0.055625,0.012375,0.741250,632,8064790,149826,0,5408
13089,16.672959,16.671987,0.000000,5.785375,5.774513,0.010654,0.055125,0.018916,0.473125,633,8080222,142050,0,5408
13090,16.654333,16.654546,0.000000,5.730458,5.729847,0.000444,0.049375,0.018667,0.902292,639,8086516,143395,0,7210
13091,16.735917,16.684853,0.000000,5.577875,5.577430,0.000195,0.061625,0.019958,0.446042,631,8064779,144981,0,5408
13092,16.371541,16.433008,0.000000,5.610708,5.603929,0.006612,0.045334,0.058625,1.060749,643,8186553,149244,0,5730
13093,16.889667,16.789336,0.000000,5.204458,5.203848,0.000360,0.051458,0.013334,0.449833,634,7962888,149134,0,7210
13094,16.752667,16.772372,0.000000,5.338209,5.334180,0.003612,0.061333,0.025750,0.894875,633,8080538,149603,0,5408
13095,16.769250,16.787865,0.000000,4.823417,4.799680,0.023446,0.062541,0.063667,0.309500,636,8110788,152445,0,5408
13096,16.671583,16.651210,0.000000,5.016917,5.001681,0.015153,0.059792,0.036208,0.742124,640,8055519,151935,0,7210
13097,16.669500,16.645742,0.000000,5.215501,5.214889,0.000195,0.060958,0.044542,0.582208,631,8080242,148600,0,5408
13098,16.698417,16.703542,0.000000,5.299708,5.291846,0.007612,0.086958,0.041875,0.449208,635,8095651,148069,0,5408
13099,16.594875,16.510366,0.000000,5.225708,5.225139,0.000278,0.055166,0.013959,0.722542,640,8055540,149340,0,7210
13100,16.759708,16.781468,0.000000,5.218708,5.218097,0.000528,0.051167,0.051125,0.448042,632,8080257,151306,0,5408
13101,16.621500,16.588725,0.000000,5.229374,5.228763,0.000195,0.061000,0.020458,0.904375,631,8080288,146381,0,5408
13102,16.606000,16.642176,0.000000,5.484750,5.484514,0.000152,0.055125,0.055417,0.616333,643,8070899,148010,0,7210
13103,16.814167,16.748708,0.000000,5.300542,5.300097,0.000320,0.056708,0.020083,1.061667,631,8080443,151708,0,5408
13104,16.696041,16.719256,0.000000,5.260583,5.260179,0.000112,0.055625,0.063834,1.219959,633,8095422,150856,0,5408
13105,16.641792,16.599182,0.000000,5.478042,5.463431,0.014486,0.056208,0.052709,0.609000,639,8055578,146938,0,7210
13106,16.737417,16.744499,0.000000,5.318958,5.309722,0.008903,0.064458,0.039708,0.904499,633,8095700,148952,0,5408
13107,16.681041,16.651557,0.000000,5.408125,5.386847,0.021112,0.055959,0.037875,0.548667,631,8064770,148397,0,5408
13108,16.619667,16.587927,0.000000,5.136334,5.134598,0.001611,0.056833,0.056209,0.757626,642,8070938,150661,0,7210
13109,16.690917,16.657073,0.000000,5.502125,5.491889,0.009820,0.049666,0.013792,0.450417,632,8080200,146965,0,5408
13110,16.664625,16.639294,0.000000,5.385084,5.384388,0.000237,0.051500,0.013625,0.738458,631,8064906,146305,0,5408
13111,16.728666,16.727963,0.000000,5.841168,5.830598,0.010278,0.057250,0.018792,0.612458,642,8086324,143700,0,7210
13112,16.698500,16.649649,0.000000,5.784833,5.781347,0.003236,0.057334,0.020458,0.761541,631,8064872,142440,0,5408
13113,16.683250,16.701708,0.000000,5.964041,5.956374,0.007667,0.050292,0.019042,0.908333,633,8095555,140072,0,5408
13114,16.626209,16.602213,0.000000,5.967417,5.941626,0.025791,0.049416,0.012750,0.292042,636,8071206,140355,0,7210
13115,16.709250,16.735180,0.000000,5.985084,5.974083,0.011001,0.052750,0.053333,1.224833,635,8095496,142408,0,5408
13116,16.725458,16.685742,0.000000,5.908166,5.907846,0.000237,0.051417,0.038250,0.613667,631,8064809,141814,0,5408
13117,16.609792,16.546128,0.000000,5.828833,5.828264,0.000277,0.044041,0.011084,0.898833,640,8070985,140356,0,7210
13118,16.738000,16.742630,0.000000,5.937334,5.936806,0.000403,0.060291,0.015417,0.610500,633,8080228,139622,0,5408
13119,16.699333,16.729835,0.000000,5.798917,5.798305,0.000362,0.061583,0.038834,0.931708,634,8092288,143239,0,6077
13120,16.684125,16.646409,0.000000,5.770041,5.769806,0.000152,0.050167,0.038541,0.918042,637,8059084,143223,0,6541
13121,16.691000,16.653491,0.000000,5.945001,5.944708,0.000293,0.057583,0.014917,0.449458,634,8080114,139197,0,5408
13122,16.647833,16.632964,0.000000,5.982958,5.945207,0.037751,0.054125,0.013875,0.681209,637,8087224,138995,0,7126
13123,16.681959,16.644076,0.000000,5.798668,5.798348,0.000236,0.051416,0.020917,0.446709,632,8050277,141062,0,5492
13124,16.712083,16.723262,0.000000,5.755541,5.753722,0.001486,0.054000,0.019500,1.074542,633,8093963,142020,0,5408
13125,16.610625,16.603707,0.000000,5.974042,5.967805,0.006112,0.061542,0.026833,0.461250,642,8086498,138373,0,7210
13126,16.652375,16.601571,0.000000,5.894666,5.893889,0.000652,0.052500,0.013583,0.901083,631,8049270,139517,0,5408
13127,16.755083,16.756373,0.000000,5.825458,5.822180,0.003153,0.048000,0.012542,0.786833,633,8095696,142505,0,5408
13128,16.675042,16.649126,0.000000,6.009876,6.001972,0.007487,0.041250,0.010833,0.474417,639,8071097,141135,0,7210
13129,16.848792,16.977088,0.000000,5.730833,5.730097,0.000194,0.194916,0.034084,0.595041,636,8141984,143651,0,5408
13130,17.070083,16.960295,0.000000,5.038166,5.030139,0.007403,0.089625,0.025042,0.293208,628,8033791,135837,0,5408
13131,16.551792,16.504328,0.000000,5.867416,5.860833,0.006167,0.108708,0.039292,0.595875,639,8055583,124975,0,7210
13132,16.729375,16.694462,0.000000,5.546791,5.533139,0.013069,0.070041,0.037917,0.291709,630,8064997,129755,0,5408
13133,16.690041,16.725255,0.000000,6.057292,6.041416,0.015584,0.073709,0.046000,0.595792,634,8095495,127408,0,5408
13134,16.550625,16.488460,0.000000,5.865999,5.865499,0.000292,0.109000,0.017625,0.314083,637,8055548,126134,0,7210
13135,16.646250,16.648568,0.000000,5.623000,5.622431,0.000111,0.089250,0.017625,0.587834,630,8064972,129113,0,5408
13136,17.001750,16.977795,0.000000,5.661166,5.655847,0.004778,0.094709,0.017333,0.595376,633,8095566,129279,0,5408
13137,16.354250,16.358954,0.000000,5.470376,5.469555,0.000070,0.089500,0.019542,0.305833,641,8070987,127069,0,7210
13138,16.676625,16.685832,0.000000,5.894875,5.894208,0.000500,0.060709,0.070083,0.583209,631,8095682,130133,0,5408
13139,16.579125,16.501623,0.000000,6.240125,6.239750,0.000167,0.056292,0.044458,0.294917,628,8049301,126160,0,5408
13140,16.726125,16.719395,0.000000,6.226542,6.225958,0.000334,0.078000,0.022459,0.584000,641,8086457,128872,0,7210
13141,16.847167,16.830707,0.000000,5.658834,5.658056,0.000236,0.079792,0.014166,0.296583,630,8080261,130106,0,5408
13142,16.479000,16.412843,0.000000,6.048292,6.047916,0.000376,0.061083,0.044959,0.745042,633,8080188,126616,0,5408
13143,16.650792,16.675879,0.000000,5.597375,5.596555,0.000362,0.052500,0.028916,0.912333,640,8071019,129129,0,7210
13144,16.753791,16.720089,0.000000,5.661916,5.661556,0.000152,0.055125,0.041667,0.354959,629,8080214,131278,0,5408
13145,16.633750,16.623970,0.000000,5.949834,5.949375,0.000459,0.049084,0.026750,0.781667,634,8080245,127106,0,5408
13146,16.666334,16.590414,0.000000,5.996917,5.996625,0.000292,0.047625,0.028500,0.351000,640,8055635,126549,0,7210
13147,16.607666,16.628869,0.000000,5.778624,5.778250,0.000374,0.040417,0.011083,0.925749,629,8080163,129304,0,5408
13148,16.714084,16.703417,0.000000,5.986418,5.986208,0.000210,0.039500,0.035041,0.445708,633,8095751,129570,0,5408
13149,16.575333,16.521416,0.000000,6.189374,6.188915,0.000459,0.037250,0.029417,0.807291,640,8055458,125943,0,7210
13150,16.831167,16.846882,0.000000,6.119459,6.118917,0.000542,0.041666,0.035709,0.445542,633,8095680,129695,0,5408
13151,16.671083,16.646211,0.000000,6.072625,6.072416,0.000209,0.040625,0.031375,0.770875,632,8064785,126290,0,5408
13152,16.618125,16.592444,0.000000,6.051291,6.050999,0.000292,0.037375,0.037417,0.894583,639,8070997,127473,0,7210
13153,16.723125,16.726791,0.000000,6.146208,6.146000,0.000208,0.036792,0.031291,0.449584,633,8095687,129624,0,5408
13154,16.677708,16.663630,0.000000,6.258168,6.257875,0.000293,0.036875,0.030125,0.904500,632,8080243,126809,0,5408
13155,16.826917,16.800508,0.000000,5.987416,5.987000,0.000250,0.052292,0.019083,0.294375,642,8071245,125256,0,7210
13156,16.667917,16.670411,0.000000,5.592958,5.592223,0.000360,0.049041,0.027459,0.744876,631,8079977,130948,0,5408
13157,16.571083,16.527826,0.000000,6.099416,6.099165,0.000251,0.038958,0.028459,0.449000,633,8080223,126200,0,5408
13158,16.549208,16.513712,0.000000,6.283291,6.282957,0.000334,0.035584,0.028416,0.762917,639,8055562,125894,0,7210
13159,16.897417,16.908868,0.000000,6.212500,6.212167,0.000333,0.045583,0.027500,0.931583,633,8095660,128666,0,5408
13160,16.674583,16.601451,0.000000,6.078626,6.078292,0.000334,0.041667,0.018000,0.462500,630,8064817,126219,0,5408
13161,16.560250,16.584927,0.000000,6.095126,6.094750,0.000376,0.041167,0.026292,1.064417,640,8073247,125850,0,7210
13162,16.829834,16.830674,0.000000,6.186041,6.185625,0.000416,0.048291,0.028667,0.631708,632,8093397,128562,0,5408
13163,16.573583,16.544876,0.000000,6.155125,6.154791,0.000334,0.040167,0.030083,1.070250,632,8080246,125210,0,5408
13164,16.709208,16.666419,0.000000,6.271416,6.271082,0.000334,0.047084,0.020000,0.635875,639,8055587,125083,0,7210
13165,16.689334,16.697129,0.000000,6.008667,6.008292,0.000375,0.040333,0.027958,0.767500,632,8095637,127483,0,5408
13166,16.640208,16.616705,0.000000,6.113667,6.113292,0.000375,0.035292,0.030208,1.082458,631,8080443,124442,0,5408
13167,16.582833,16.561458,0.000000,6.500501,6.500083,0.000418,0.035000,0.030292,0.464375,639,8070826,124030,0,7210
13168,16.828834,16.823612,0.000000,6.374333,6.373833,0.000500,0.047083,0.027542,0.892792,633,8080259,127588,0,5408
13169,16.621375,16.599524,0.000000,6.350707,6.350415,0.000292,0.035083,0.029958,0.446166,632,8080197,124021,0,5408
13170,16.708583,16.686252,0.000000,6.488917,6.488708,0.000209,0.035333,0.032334,1.063416,639,8071081,125739,0,7210
13171,16.651958,16.618929,0.000000,6.549125,6.548834,0.000291,0.032250,0.031375,0.608709,632,8080219,123519,0,5408
13172,16.694959,16.656956,0.000000,6.545458,6.544958,0.000500,0.033125,0.016375,1.188500,631,8064771,124184,0,5408
13173,16.824666,16.808714,0.000000,6.172459,6.171917,0.000542,0.047792,0.018250,0.445292,640,8071101,125408,0,7210
13174,16.796209,16.825099,0.000000,6.103584,6.095709,0.007750,0.061541,0.021209,0.948084,633,8095601,124249,0,5408
13175,16.627916,16.615830,0.000000,6.268667,6.268249,0.000418,0.063042,0.026625,0.583459,637,8064386,123492,0,7006
13176,16.674209,16.615137,0.000000,5.825332,5.819540,0.005792,0.057541,0.020542,0.608917,633,8071501,125557,0,5612
13177,16.661750,16.688307,0.000000,6.121417,6.117834,0.003458,0.051000,0.062958,0.903751,633,8095607,124219,0,5408
13178,16.573041,16.536189,0.000000,6.218834,6.217624,0.001210,0.055334,0.017916,0.290334,641,8071066,123476,0,7210
13179,16.760834,16.725998,0.000000,6.867542,6.859749,0.007793,0.068375,0.021416,1.114459,630,8080213,125506,0,5408
13180,16.731416,16.731641,0.000000,6.611792,6.608875,0.002792,0.067875,0.020084,0.291958,631,8080238,125218,0,5408
13181,16.516000,16.497632,0.000000,6.788375,6.787999,0.000376,0.052917,0.012250,0.901584,639,8055571,123046,0,7210
13182,16.757959,16.735207,0.000000,6.883749,6.883332,0.000417,0.054333,0.023542,0.649959,631,8095712,126195,0,5408
13183,16.778750,16.749463,0.000000,6.977583,6.969417,0.008166,0.067000,0.036833,0.291792,646,8072342,125048,0,6945
13184,16.574000,16.582295,0.000000,6.455375,6.453999,0.001376,0.058125,0.019041,1.217751,649,8068324,125607,0,7714
13185,16.776958,16.755120,0.000000,6.698957,6.698665,0.000292,0.063417,0.019833,0.614250,629,8080272,125406,0,5408
13186,16.711625,16.697666,0.000000,6.740874,6.735500,0.005374,0.075375,0.023375,0.912333,633,8095674,124203,0,5408
13187,16.498625,16.475079,0.000000,6.746167,6.745125,0.001042,0.056875,0.014042,0.290916,638,8055547,122164,0,7210
13188,16.778042,16.752245,0.000000,6.752000,6.751499,0.000501,0.055666,0.019292,0.904292,630,8080278,127009,0,5408
13189,16.104083,16.190870,0.000000,6.853375,6.842125,0.011167,0.053792,0.105708,0.291833,643,8185887,125009,0,5865
13190,17.127042,17.015831,0.000000,4.414834,4.394306,0.020236,0.057125,0.029458,0.941583,636,7993838,181179,0,7210
13191,16.798708,16.760913,0.000000,6.031875,6.031541,0.000250,0.063208,0.038917,0.912709,630,8064984,138628,0,5408
13192,16.601250,16.601426,0.000000,5.858208,5.849222,0.008736,0.065333,0.015500,0.609917,631,8064500,138553,0,5408
13193,16.665625,16.676287,0.000000,5.992834,5.992542,0.000292,0.070625,0.020917,0.906708,643,8101916,138368,0,7210
13194,16.636667,16.615746,0.000000,6.013083,6.012791,0.000292,0.061583,0.021333,0.365375,630,8049337,139234,0,5408
13195,16.748916,16.737884,0.000000,6.118333,6.099125,0.019208,0.063250,0.048500,0.907667,635,8111094,138054,0,5408
13196,16.669959,16.624214,0.000000,5.963709,5.963097,0.000403,0.057666,0.019292,0.612125,639,8040124,138042,0,7210
13197,16.696750,16.672870,0.000000,5.866917,5.866472,0.000153,0.050458,0.013208,0.921542,632,8080221,139459,0,5408
13198,16.687166,16.632943,0.000000,5.999624,5.999375,0.000249,0.056125,0.015167,0.904749,633,8080265,137772,0,5408
13199,16.631584,16.674153,0.000000,6.010124,6.005999,0.004125,0.060791,0.016750,0.607958,641,8086412,138033,0,7210
13200,16.750583,16.690001,0.000000,5.885333,5.880374,0.004959,0.059375,0.020000,1.022333,631,8064907,139706,0,5408
13201,16.634875,16.593909,0.000000,6.017916,6.001625,0.016291,0.063708,0.021292,0.291042,628,8064669,136647,0,5408
13202,16.674875,16.720242,0.000000,6.006457,6.000082,0.006375,0.057458,0.018000,1.255542,644,8117339,138837,0,7210
13203,16.708417,16.728832,0.000000,6.107459,6.107166,0.000293,0.060208,0.072458,0.613292,632,8080221,139028,0,5408
13204,16.649500,16.593738,0.000000,5.954292,5.954042,0.000250,0.087583,0.021833,0.903625,629,8049342,137194,0,5408
13205,16.649291,16.647467,0.000000,6.003001,6.001708,0.001293,0.054792,0.055125,0.642792,641,8086458,137484,0,7210
13206,16.725792,16.653323,0.000000,6.095875,6.095500,0.000375,0.053583,0.046792,0.446416,630,8064872,139100,0,5408
13207,16.694458,16.692916,0.000000,6.136332,6.136041,0.000291,0.051292,0.018458,0.901792,633,8095578,137479,0,5408
13208,16.670042,16.688838,0.000000,5.914541,5.913888,0.000403,0.062208,0.020792,0.614250,641,8086522,139152,0,7210
13209,16.693708,16.688916,0.000000,5.454583,5.454055,0.000195,0.098209,0.022833,1.219875,633,8064751,147436,0,5408
13210,16.687000,16.651123,0.000000,5.578082,5.577347,0.000319,0.056250,0.028292,0.616083,631,8070686,146418,0,5408
13211,16.640375,16.583570,0.000000,5.526916,5.525722,0.001069,0.052042,0.025583,1.225043,641,8065025,145344,0,7210
13212,16.719709,16.738005,0.000000,5.423876,5.419263,0.004196,0.063250,0.015958,0.610625,633,8080223,149205,0,5408
13213,16.718166,16.647754,0.000000,5.483583,5.473140,0.010235,0.062625,0.015250,0.758541,632,8080378,145597,0,5408
13214,16.632459,16.636262,0.000000,5.405417,5.404139,0.000945,0.050583,0.013875,0.901791,641,8070820,146766,0,7210
13215,16.687125,16.681845,0.000000,5.178084,5.177638,0.000279,0.067958,0.022250,0.304750,634,8095682,147790,0,5408
13216,16.671458,16.676669,0.000000,5.567084,5.566598,0.000194,0.055833,0.039417,1.192500,629,8064772,147617,0,5408
13217,16.734000,16.685988,0.000000,5.511500,5.510847,0.000278,0.053375,0.011125,0.420667,642,8071109,145386,0,7210
13218,16.723542,16.762459,0.000000,5.377625,5.369096,0.008279,0.054750,0.038875,0.756125,633,8080138,149148,0,5408
13219,16.653208,16.601441,0.000000,5.363459,5.357431,0.005819,0.050792,0.019708,0.608208,633,8095656,145414,0,5408
13220,16.654208,16.647841,0.000000,5.387000,5.386472,0.000278,0.053250,0.014959,0.926959,641,8071042,147571,0,7210
13221,16.648417,16.590128,0.000000,5.470960,5.467347,0.003321,0.060542,0.038333,1.246917,630,8064831,147111,0,5408
13222,16.678083,16.695601,0.000000,5.563917,5.558348,0.005319,0.050334,0.019041,0.637625,634,8095570,147559,0,5408
13223,16.754042,16.738877,0.000000,5.454666,5.434722,0.016695,0.047458,0.020417,1.046750,639,8071114,149380,0,7210
13224,16.657000,16.651290,0.000000,5.500833,5.491721,0.008779,0.053042,0.047083,0.288875,633,8064683,147040,0,5408
13225,16.704708,16.682181,0.000000,5.424292,5.409306,0.014694,0.052209,0.019041,0.933458,633,8099462,145657,0,5408
13226,16.659000,16.653286,0.000000,5.430125,5.429597,0.000320,0.056750,0.068167,0.609958,639,8067216,148513,0,7210
13227,16.700459,16.660828,0.000000,5.550166,5.542929,0.006904,0.068000,0.014625,0.940916,633,8080384,145169,0,5408
13228,16.683125,16.685836,0.000000,5.425708,5.425140,0.000277,0.060541,0.019667,0.612417,640,8072215,147415,0,7006
13229,16.697333,16.654784,0.000000,5.480208,5.457389,0.022611,0.070958,0.069625,0.973001,633,8063626,146236,0,5612
13230,16.652250,16.649765,0.000000,5.459708,5.459180,0.000237,0.056375,0.018875,0.908666,634,8095499,146235,0,5408
13231,16.666917,16.631156,0.000000,5.628334,5.626848,0.001277,0.059458,0.018917,0.612875,641,8070972,145611,0,7210
13232,16.689875,16.713289,0.000000,5.503417,5.500764,0.002362,0.058541,0.026584,1.086626,632,8064848,148575,0,5408
13233,16.724625,16.647463,0.000000,5.562625,5.554555,0.007737,0.056958,0.018542,0.611667,632,8080180,144871,0,5408
13234,16.629416,16.655252,0.000000,5.605334,5.604973,0.000278,0.052542,0.018208,0.741042,642,8086570,146681,0,7210
13235,16.717000,16.664668,0.000000,5.575375,5.574097,0.000903,0.063917,0.021375,0.611459,632,8080132,146758,0,5408
13236,16.724375,16.673118,0.000000,5.596959,5.589722,0.006987,0.056084,0.014291,0.906459,630,8049323,145561,0,5408
13237,16.625000,16.703333,0.000000,5.403293,5.397848,0.005236,0.059709,0.053041,0.901666,644,8117336,146721,0,7210
13238,16.667667,16.568010,0.000000,5.416000,5.415388,0.000237,0.048833,0.013084,0.609833,629,8038419,146595,0,5408
13239,16.737083,16.745009,0.000000,5.721208,5.720679,0.000320,0.051417,0.012083,1.158833,634,8106652,145481,0,5408
13240,16.626500,16.627828,0.000000,5.388416,5.387848,0.000277,0.050584,0.020166,0.612333,639,8055551,146334,0,7210
13241,16.760459,16.781126,0.000000,5.644250,5.643805,0.000237,0.065333,0.045125,1.069584,633,8080154,147248,0,5408
13242,16.646625,16.603309,0.000000,5.484208,5.483596,0.000279,0.066000,0.054708,0.300917,631,8080229,145541,0,5408
13243,16.581083,16.593849,0.000000,5.632542,5.632097,0.000236,0.049917,0.069458,0.908124,641,8086438,144878,0,7210
13244,16.802833,16.784891,0.000000,5.543959,5.543555,0.000237,0.066167,0.039500,0.906709,631,8064787,148573,0,5408
13245,16.676167,16.629450,0.000000,5.479708,5.477638,0.001862,0.056917,0.034166,0.635958,632,8080230,144841,0,5408
13246,16.679500,16.658051,0.000000,5.622166,5.621806,0.000194,0.069917,0.015625,0.908750,641,8071096,145458,0,7210
13247,16.672250,16.666553,0.000000,5.373666,5.373097,0.000278,0.054458,0.072084,0.614833,634,8095625,147308,0,5408
13248,16.685208,16.693410,0.000000,5.381876,5.381430,0.000196,0.070417,0.074958,0.906875,632,8064760,146201,0,5408
13249,16.289250,16.278744,0.000000,5.529375,5.511306,0.017569,0.051834,0.050250,0.293708,649,8162602,150542,0,7408
13250,17.056750,16.985054,0.000000,5.146917,5.146180,0.000528,0.056000,0.030875,0.904208,624,7987544,149144,0,5408
13251,16.800459,16.839421,0.000000,5.637042,5.634097,0.002653,0.073125,0.040416,0.610291,633,8111192,142538,0,5408
13252,16.209041,16.135337,0.000000,5.718626,5.718140,0.000194,0.055459,0.036541,0.714416,645,8085438,144971,0,7390
13253,17.074500,17.098225,0.000000,5.412292,5.401930,0.010112,0.066209,0.040833,0.907458,629,8029313,147919,0,5408
13254,16.677750,16.616085,0.000000,5.767291,5.766554,0.000404,0.060000,0.059834,0.294209,630,8069321,139839,0,5408
13255,16.663625,16.645980,0.000000,5.689250,5.677806,0.011319,0.055709,0.037375,1.056916,642,8086482,139743,0,7210
13256,16.239542,16.358784,0.000000,5.703958,5.703347,0.000278,0.052875,0.141042,0.450000,639,8109634,143910,0,5685
13257,17.150208,17.016378,0.000000,5.670583,5.655471,0.014904,0.057917,0.020542,0.785000,629,8046484,144137,0,5408
13258,16.642792,16.616501,0.000000,5.945208,5.944556,0.000319,0.052375,0.034125,0.446542,643,8089260,139062,0,7210
13259,16.741792,16.731543,0.000000,5.841208,5.839847,0.001028,0.047958,0.011333,0.750583,631,8080265,139147,0,5408
13260,16.632875,16.657173,0.000000,5.802417,5.801888,0.000279,0.066041,0.038750,0.901125,633,8064811,138718,0,5408
13261,16.667291,16.589546,0.000000,5.824042,5.823639,0.000194,0.052334,0.014791,0.447500,639,8070971,139400,0,7210
13262,16.758459,16.736082,0.000000,5.836250,5.830222,0.005653,0.063166,0.015917,1.010083,633,8080220,141603,0,5408
13263,16.100250,16.282145,0.000000,5.672916,5.672346,0.000320,0.053833,0.186000,0.609959,638,8094002,142570,0,5730
13264,17.278041,17.142628,0.000000,5.450958,5.450640,0.000110,0.070084,0.042708,1.076541,642,8086461,149739,0,7210
13265,16.329292,16.254653,0.000000,5.575917,5.573472,0.002112,0.062833,0.019834,0.448167,633,8048201,143430,0,5599
13266,16.976292,17.001038,0.000000,5.269041,5.268596,0.000195,0.060416,0.072792,0.736958,633,8080220,147953,0,5408
13267,16.627958,16.551456,0.000000,5.831208,5.823223,0.007819,0.048917,0.018000,0.580958,640,8071024,139169,0,7210
13268,16.711875,16.674628,0.000000,5.758333,5.757805,0.000278,0.052875,0.018292,0.737584,630,8064753,140930,0,5408
13269,16.679750,16.712124,0.000000,6.070459,6.070124,0.000335,0.053542,0.018750,0.900459,635,8095701,138517,0,5408
13270,16.281000,16.372121,0.000000,6.053291,6.037625,0.015666,0.050875,0.122708,0.444125,643,8085290,139847,0,7421
13271,17.097583,16.940754,0.000000,5.590292,5.589680,0.000403,0.060667,0.051083,1.058167,631,8049353,144716,0,5408
13272,16.789500,16.804369,0.000000,5.783959,5.765388,0.018279,0.059250,0.015042,0.613292,633,8095761,141165,0,5408
13273,16.618834,16.642546,0.000000,5.872501,5.871890,0.000444,0.051916,0.067834,0.891042,639,8084169,140944,0,7210
13274,16.857416,16.871280,0.000000,5.987500,5.987083,0.000417,0.056417,0.089125,0.611833,633,8097896,141656,0,5408
13275,16.624667,16.518832,0.000000,5.566832,5.566554,0.000153,0.062625,0.024583,0.593208,632,8049361,137361,0,5408
13276,16.737583,16.733035,0.000000,5.789251,5.780723,0.008319,0.057917,0.013333,0.581083,640,8076282,142576,0,7210
13277,16.649584,16.655537,0.000000,5.869333,5.868514,0.000611,0.057250,0.050625,0.472292,631,8074954,138483,0,5408
13278,16.697750,16.701438,0.000000,5.880458,5.875888,0.004320,0.056375,0.067208,0.633625,634,8097833,140322,0,5408
13279,16.628916,16.577071,0.000000,5.956624,5.956375,0.000249,0.067792,0.024042,0.463833,637,8053429,138142,0,7210
13280,16.724167,16.693565,0.000000,5.912626,5.912125,0.000501,0.051958,0.020167,0.971084,632,8080208,138447,0,5408
13281,16.712833,16.697830,0.000000,6.083335,6.082542,0.000793,0.061000,0.014584,0.607875,636,8072180,138187,0,7006
13282,16.607167,16.591417,0.000000,5.966083,5.965750,0.000333,0.064167,0.013125,0.936375,636,8079070,138474,0,5612
13283,16.641042,16.635671,0.000000,6.048542,6.034291,0.014251,0.057166,0.019167,0.903500,631,8080240,139022,0,5408
13284,16.776625,16.736706,0.000000,6.021750,6.021333,0.000417,0.058166,0.011667,0.446875,642,8070987,139927,0,7210
13285,16.658166,16.663151,0.000000,5.783749,5.774847,0.008610,0.053084,0.020958,0.590000,632,8080219,141336,0,5408
13286,16.706959,16.662829,0.000000,5.985292,5.970541,0.014751,0.055250,0.022166,0.562250,630,8064889,139064,0,5408
13287,16.529708,16.495486,0.000000,5.990000,5.989666,0.000334,0.058417,0.037791,0.911959,640,8070922,139285,0,7210
13288,16.797583,16.813044,0.000000,5.838500,5.833640,0.004610,0.056584,0.013208,0.450209,634,8095661,143568,0,5408
13289,16.695334,16.679300,0.000000,5.992958,5.992749,0.000209,0.046583,0.012250,0.776417,632,8080267,139548,0,5408
13290,16.620625,16.652218,0.000000,5.898667,5.898041,0.000626,0.066333,0.041083,0.627625,662,8060478,139863,0,9251
13291,16.696750,16.640959,0.000000,5.852084,5.849640,0.002069,0.058708,0.029583,0.740000,633,8080204,139725,0,5408
13292,16.733625,16.705349,0.000000,6.029541,6.023624,0.005917,0.046583,0.015417,1.243333,631,8080239,138913,0,5408
13293,16.617625,16.603959,0.000000,6.004958,5.975166,0.029792,0.061166,0.017459,0.300792,639,8071054,137550,0,7210
13294,16.709375,16.706791,0.000000,5.982499,5.977125,0.005374,0.063000,0.013666,1.116792,632,8080151,140759,0,5408
13295,16.346916,16.298546,0.000000,5.950918,5.946542,0.004376,0.056667,0.018750,0.610959,636,8094929,138162,0,5537
13296,16.385000,16.562119,0.000000,5.817458,5.816846,0.000362,0.063084,0.178666,1.245250,640,8070352,145478,0,7338
13297,17.199625,17.038166,0.000000,5.644460,5.644098,0.000153,0.061292,0.038458,0.289042,632,8064956,148315,0,5408
13298,16.686500,16.671539,0.000000,5.987458,5.986332,0.001126,0.056375,0.050250,0.927250,633,8080053,141144,0,5408
13299,16.639000,16.565203,0.000000,5.868666,5.867596,0.000862,0.058875,0.016959,0.909709,638,8055555,139616,0,7210
13300,16.736459,16.725629,0.000000,5.947916,5.910806,0.036652,0.050666,0.047584,0.632041,632,8080220,141966,0,5408
13301,16.700791,16.698547,0.000000,6.000416,5.986082,0.014334,0.054625,0.014125,0.936041,632,8080261,139804,0,5408
13302,16.495292,16.463495,0.000000,5.950999,5.935096,0.015695,0.043917,0.015708,0.367208,640,8086435,139097,0,7210
13303,16.812625,16.822206,0.000000,5.893000,5.885264,0.007569,0.061000,0.036583,1.272750,634,8080199,142284,0,5408
13304,16.733792,16.691156,0.000000,5.668376,5.667889,0.000195,0.053958,0.013375,0.609583,631,8064858,143950,0,5408
13305,16.160208,16.295951,0.000000,5.997791,5.997457,0.000334,0.044250,0.194208,0.942833,647,8162962,144347,0,7333
13306,17.206833,17.013465,0.000000,5.578000,5.570889,0.006736,0.047834,0.013750,0.633875,627,8003003,149355,0,5408
13307,16.676959,16.675594,0.000000,5.939375,5.937958,0.001417,0.055125,0.013875,0.779833,635,8099331,143210,0,5408
13308,16.701208,16.727469,0.000000,5.846499,5.838554,0.007570,0.079917,0.025083,0.904708,640,8082893,144166,0,7210
13309,16.615250,16.605178,0.000000,5.649167,5.643640,0.005402,0.052500,0.064167,0.642500,632,8049248,143838,0,5408
13310,16.645917,16.584638,0.000000,5.908708,5.904472,0.004028,0.059000,0.022750,1.070416,632,8080222,140538,0,5408
13311,16.314916,16.444006,0.000000,5.739875,5.739180,0.000320,0.059542,0.135792,0.615000,652,8224776,146050,0,7334
13312,17.010875,16.852334,0.000000,5.246291,5.238014,0.008111,0.050542,0.019542,1.074166,625,7955657,150404,0,5599
13313,16.815417,16.838554,0.000000,5.193333,5.192764,0.000403,0.060583,0.092750,0.612375,631,8064844,155800,0,5408
13314,16.594375,16.723205,0.000000,5.568999,5.568554,0.000237,0.224792,0.038625,0.924000,643,8117303,145139,0,7210
13315,16.736375,16.558163,0.000000,5.627458,5.612389,0.014861,0.065833,0.020125,1.298542,626,8033860,143688,0,5408
13316,16.329292,16.322173,0.000000,5.569250,5.568930,0.000112,0.049916,0.076000,0.610042,639,8125396,146497,0,5644
13317,16.673333,16.639248,0.000000,4.630959,4.630138,0.000487,0.047750,0.082125,0.671499,643,8053460,165868,0,7612
13318,16.899042,16.864843,0.000000,5.363876,5.362681,0.000861,0.047458,0.018708,0.611167,631,8032986,154572,0,5537
13319,16.614375,16.592732,0.000000,5.241084,5.234097,0.006820,0.060583,0.022667,0.951583,632,8080247,149190,0,5408
13320,16.834291,16.841755,0.000000,5.419916,5.414055,0.005653,0.056750,0.049875,0.444333,641,8070956,151169,0,7210
13321,16.738834,16.721740,0.000000,5.655125,5.648806,0.006027,0.054833,0.012250,0.772416,632,8095661,147981,0,5408
13322,16.760541,16.726024,0.000000,5.801250,5.800764,0.000278,0.056875,0.018917,0.608500,632,8080267,146088,0,5408
13323,16.599959,16.609171,0.000000,5.380375,5.371596,0.008570,0.063333,0.019875,0.996166,642,8071148,145398,0,7210
13324,16.727541,16.670786,0.000000,5.455459,5.452306,0.003111,0.060375,0.041000,0.895958,631,8064612,147362,0,5408
13325,16.623792,16.644417,0.000000,5.733958,5.732847,0.000819,0.062875,0.019083,0.613250,634,8095621,143877,0,5408
13326,16.644375,16.610846,0.000000,5.567457,5.566971,0.000320,0.053750,0.043042,1.105709,641,8071012,146711,0,7210
13327,16.815708,16.824823,0.000000,5.409916,5.400931,0.008735,0.065334,0.017750,0.445750,632,8095831,146261,0,5408
13328,16.120084,16.252540,0.000000,5.568960,5.568181,0.000612,0.088916,0.159625,0.762459,637,8109616,145520,0,5730
13329,16.888000,16.661617,0.000000,5.249876,5.248305,0.001279,0.044458,0.043917,0.447667,640,8023225,152463,0,7408
13330,17.135708,17.153178,0.000000,5.515583,5.515139,0.000152,0.057750,0.029333,0.748333,630,8064783,150390,0,5408
13331,16.679250,16.637535,0.000000,5.806293,5.797514,0.008695,0.058292,0.018708,0.748291,631,8064796,139512,0,5408
13332,16.704000,16.724412,0.000000,5.578542,5.573596,0.004821,0.055583,0.012209,0.466625,642,8086469,143552,0,7210
13333,16.707667,16.677077,0.000000,5.898499,5.897916,0.000583,0.057500,0.015625,0.904125,632,8080195,141879,0,5408
13334,16.720500,16.709559,0.000000,5.781334,5.765805,0.015362,0.056875,0.014208,0.465000,638,8072116,141968,0,7006
13335,16.628666,16.626133,0.000000,5.422625,5.422263,0.000154,0.056459,0.019000,0.939876,635,8079225,141531,0,5612
13336,16.710834,16.716213,0.000000,5.648875,5.640681,0.007902,0.051208,0.067542,0.291417,630,8085410,141969,0,5408
13337,16.615125,16.599001,0.000000,5.879583,5.879056,0.000236,0.071541,0.024542,0.776874,640,8065719,140245,0,7210
13338,16.878916,16.835708,0.000000,5.527792,5.523555,0.000403,0.080959,0.015833,0.615000,632,8080264,142872,0,5408
13339,16.588125,16.573796,0.000000,5.362833,5.362222,0.000153,0.069750,0.033667,0.300000,631,8064764,139326,0,5408
13340,16.551750,16.560165,0.000000,5.669334,5.662264,0.006612,0.062042,0.068167,0.899791,641,8086464,140721,0,7210
13341,16.758584,16.754705,0.000000,5.954291,5.943957,0.010334,0.063666,0.051750,0.305958,632,8095647,141181,0,5408
13342,16.718958,16.662200,0.000000,6.062876,6.060667,0.002209,0.056750,0.032208,1.248083,632,8064818,138221,0,5408
13343,16.537042,16.459024,0.000000,5.954084,5.947833,0.006251,0.053833,0.037667,0.291125,638,8055530,137273,0,7210
13344,16.785583,16.874629,0.000000,5.728042,5.727305,0.000570,0.087958,0.057167,1.252042,636,8111107,145162,0,5408
13345,16.718083,16.670265,0.000000,5.986251,5.986001,0.000250,0.054375,0.062334,0.606584,631,8068925,140113,0,5408
13346,16.607292,16.543792,0.000000,5.844125,5.836639,0.007320,0.070125,0.045333,1.126999,639,8051420,139390,0,7210
13347,16.680792,16.719082,0.000000,5.728333,5.727846,0.000237,0.063291,0.039375,0.911459,635,8111120,143275,0,5408
13348,16.666666,16.556332,0.000000,6.052792,6.052417,0.000375,0.046667,0.011375,0.610708,632,8049337,139833,0,5408
13349,16.669875,16.725632,0.000000,5.956458,5.947347,0.009028,0.059584,0.018833,0.826334,641,8086529,141447,0,7210
13350,16.813375,16.822126,0.000000,5.968666,5.962957,0.005709,0.066125,0.049625,0.608208,633,8088705,142502,0,5408
13351,16.019792,16.119875,0.000000,5.964416,5.964000,0.000416,0.051667,0.166500,1.250542,637,8104111,136961,0,5644
13352,17.177500,16.969459,0.000000,5.817583,5.816930,0.000362,0.052500,0.013833,0.610250,636,8021868,146962,0,7210
13353,16.779167,16.804921,0.000000,6.052374,6.044832,0.007542,0.053125,0.037125,0.927042,633,8095694,140579,0,5408
13354,16.683541,16.665532,0.000000,5.963293,5.929084,0.034209,0.064625,0.019625,0.917833,633,8080251,140742,0,5408
13355,16.588042,16.602370,0.000000,5.988959,5.985208,0.003751,0.059125,0.038042,0.301458,639,8086404,140360,0,7210
13356,16.821042,16.779752,0.000000,5.802625,5.792055,0.010320,0.066250,0.030791,0.934708,628,8064877,143414,0,5408
13357,16.088208,16.109873,0.000000,6.062500,6.058959,0.003541,0.045333,0.096417,0.535584,634,8079189,139383,0,5582
13358,17.160208,17.099495,0.000000,5.592209,5.591639,0.000278,0.064375,0.047250,0.952709,640,8071031,148371,0,7210
13359,16.829542,16.814585,0.000000,5.769875,5.769430,0.000362,0.051750,0.046417,0.611792,634,8111091,143165,0,5408
13360,16.167042,16.156420,0.000000,5.620417,5.619681,0.000403,0.056541,0.044917,0.932583,633,8065631,142141,0,5627
13361,17.021791,17.042494,0.000000,5.472001,5.471681,0.000153,0.061334,0.068875,0.611625,640,8053531,149831,0,7210
13362,16.809709,16.767452,0.000000,5.662917,5.648305,0.014362,0.050500,0.042166,1.179667,632,8095856,143496,0,5408
13363,16.611208,16.585768,0.000000,5.871958,5.871473,0.000235,0.057250,0.031583,0.919624,633,8064576,139984,0,5408
13364,16.645208,16.511506,0.000000,5.781000,5.780639,0.000278,0.064292,0.013292,0.631375,638,8040160,141454,0,7210
13365,16.802959,16.918243,0.000000,5.623084,5.619805,0.003154,0.052083,0.050125,0.953541,635,8126516,146891,0,5408
13366,16.668250,16.608542,0.000000,5.770250,5.768348,0.001777,0.043958,0.010875,0.630709,630,8064796,143434,0,5408
13367,16.527958,16.453582,0.000000,5.800667,5.796972,0.003403,0.056375,0.018958,0.939584,640,8055596,141809,0,7210
13368,16.880583,16.921217,0.000000,5.525918,5.525430,0.000279,0.061042,0.020083,0.607583,633,8095625,147530,0,5408
13369,16.795750,16.929455,0.000000,5.607332,5.606597,0.000319,0.086375,0.135167,0.904834,637,8126568,144389,0,5408
13370,16.621209,16.491173,0.000000,5.331874,5.323847,0.007528,0.073125,0.079833,0.936667,635,8009437,139145,0,7210
13371,16.694750,16.678304,0.000000,5.205375,5.182930,0.022320,0.079625,0.036583,0.312333,633,8110903,143839,0,5408
13372,16.740375,16.683256,0.000000,5.590958,5.567764,0.022986,0.055041,0.021375,1.057124,632,8064834,141532,0,5408
13373,16.386958,16.401066,0.000000,5.448292,5.447681,0.000361,0.055708,0.040250,0.314375,640,8055559,140212,0,7210
13374,16.878875,16.853292,0.000000,5.832083,5.831513,0.000153,0.057792,0.032750,1.248500,634,8101131,143629,0,5408
13375,16.494875,16.432181,0.000000,5.664126,5.658515,0.005444,0.055625,0.015250,0.608250,630,8059282,138070,0,5408
13376,16.586125,16.597410,0.000000,5.676875,5.669222,0.007403,0.052292,0.014500,0.764250,643,8086406,142451,0,7210
13377,16.808958,16.803415,0.000000,5.566001,5.565305,0.000404,0.059375,0.039125,0.766875,632,8080246,143391,0,5408
13378,16.417625,16.411414,0.000000,5.812168,5.810765,0.001111,0.051459,0.023333,0.465458,639,8156427,141069,0,5599
13379,16.769167,16.771951,0.000000,5.322166,5.321513,0.000361,0.058792,0.045750,0.968375,636,8009204,146912,0,7210
13380,16.842167,16.794252,0.000000,5.775416,5.765763,0.009445,0.067666,0.032959,0.470917,629,8049340,141325,0,5408
13381,16.649125,16.672167,0.000000,5.775375,5.770889,0.004361,0.060208,0.046417,1.128667,633,8095719,139010,0,5408
13382,16.679041,16.659672,0.000000,5.900875,5.900582,0.000293,0.055084,0.049791,0.302542,644,8101861,140839,0,7210
13383,16.349417,16.342247,0.000000,5.746082,5.733429,0.012362,0.045000,0.073250,1.318791,635,8094739,143937,0,5576
13384,17.031833,16.942460,0.000000,5.175417,5.173639,0.001569,0.056792,0.019333,0.297208,631,8048792,150110,0,5511
13385,16.717709,16.716672,0.000000,5.765209,5.762181,0.002903,0.048625,0.020125,1.102751,641,8071554,142270,0,7107
13386,16.636750,16.658899,0.000000,5.842166,5.841846,0.000237,0.059791,0.047292,0.938042,634,8095713,141659,0,5408
13387,16.709916,16.729748,0.000000,5.867584,5.866931,0.000403,0.055750,0.083042,0.620542,642,8101858,141634,0,7210
13388,16.684584,16.649665,0.000000,5.696999,5.688805,0.007944,0.063416,0.053417,0.923416,628,8033891,141571,0,5408
13389,16.691666,16.636050,0.000000,5.682709,5.659138,0.023321,0.056417,0.040000,0.465709,631,8064790,139202,0,5408
13390,16.333209,16.305661,0.000000,5.783292,5.782931,0.000236,0.059333,0.019667,0.994458,645,8116513,143035,0,7380
13391,16.975583,16.970833,0.000000,5.140083,5.139430,0.000278,0.050708,0.042125,0.623000,630,8049246,155869,0,5408
13392,16.684583,16.633514,0.000000,5.743332,5.742804,0.000362,0.052584,0.015083,1.277750,632,8080221,141774,0,5408
13393,16.811417,16.854165,0.000000,5.751751,5.751014,0.000361,0.088375,0.016542,0.931458,641,8071058,141058,0,7210
13394,16.686667,16.633970,0.000000,5.116124,5.115430,0.000111,0.063291,0.037000,0.296334,630,8064733,141289,0,5408
13395,16.618041,16.597926,0.000000,5.024917,5.024263,0.000362,0.053625,0.042834,0.903000,634,8095687,143384,0,5408
13396,16.593834,16.572555,0.000000,4.697749,4.697306,0.000235,0.044708,0.028333,0.289791,639,8060892,144404,0,7210
13397,16.685916,16.649673,0.000000,4.905750,4.905097,0.000403,0.044292,0.027333,0.777126,653,8064350,147884,0,7449
13398,16.615709,16.560331,0.000000,5.257375,5.257055,0.000195,0.035583,0.028875,0.459833,630,8064765,143374,0,5408
13399,16.668208,16.699371,0.000000,5.341792,5.341306,0.000402,0.038167,0.028875,0.762416,641,8086502,143888,0,7210
13400,16.399083,16.475670,0.000000,5.168583,5.168263,0.000237,0.032167,0.116375,0.613333,639,8124803,149264,0,5730
13401,17.138667,17.049482,0.000000,4.726625,4.726221,0.000112,0.050500,0.028250,0.826958,628,8049409,151146,0,5408
13402,16.611833,16.552753,0.000000,5.206375,5.205973,0.000110,0.042584,0.032291,0.912624,640,8055545,144596,0,7210
13403,16.680459,16.682204,0.000000,5.058917,5.058389,0.000361,0.037375,0.028833,0.446667,630,8080167,145713,0,5408
13404,16.687708,16.661326,0.000000,5.182250,5.181846,0.000112,0.038250,0.025583,1.009041,633,8080366,145294,0,5408
13405,16.763667,16.755541,0.000000,5.250708,5.250306,0.000235,0.066708,0.031708,0.301167,640,8071062,144399,0,7210
13406,16.583875,16.566715,0.000000,5.239917,5.239389,0.000237,0.039916,0.028834,0.782584,632,8095488,145541,0,5408
13407,16.762250,16.757247,0.000000,5.338334,5.337763,0.000362,0.053083,0.028833,0.633375,633,8080334,143006,0,5408
13408,16.609166,16.564257,0.000000,5.057667,5.057223,0.000236,0.040709,0.026583,0.778125,639,8055456,143348,0,7210
13409,16.682459,16.687930,0.000000,5.279917,5.279472,0.000278,0.040958,0.025833,1.073334,633,8095684,145307,0,5408
13410,16.714083,16.704739,0.000000,5.160042,5.155597,0.004237,0.090292,0.021083,0.360209,637,8094984,143226,0,5537
13411,16.314208,16.329910,0.000000,3.927666,3.925681,0.001569,0.066667,0.055042,0.616709,642,8039606,148961,0,7339
13412,17.168125,17.127122,0.000000,4.292083,4.291513,0.000320,0.063750,0.030584,0.334625,637,8109846,165804,0,5585
13413,16.678375,16.646248,0.000000,4.821210,4.820430,0.000321,0.063000,0.041125,1.313333,631,8065249,146313,0,5408
13414,16.649834,16.624666,0.000000,5.362457,5.361931,0.000110,0.048583,0.039917,0.296834,639,8055100,142280,0,7210
13415,16.627541,16.584758,0.000000,5.053250,5.052972,0.000070,0.046125,0.026834,0.614958,631,8080251,143663,0,5408
13416,16.688542,16.685654,0.000000,5.137291,5.133429,0.003737,0.042875,0.026250,0.648584,633,8095860,144374,0,5408
13417,16.623625,16.615879,0.000000,5.134500,5.134181,0.000194,0.040750,0.031375,0.313083,639,8055348,142315,0,7210
13418,16.685000,16.668474,0.000000,5.167917,5.167430,0.000153,0.035083,0.035125,0.722833,633,8100471,144947,0,5408
13419,16.697708,16.661747,0.000000,5.326583,5.326346,0.000154,0.039584,0.029833,0.447959,631,8059997,141467,0,5408
13420,16.571042,16.549590,0.000000,5.446457,5.445889,0.000360,0.033208,0.029667,0.768041,640,8070989,143648,0,7210
13421,16.759333,16.750670,0.000000,5.438667,5.438264,0.000278,0.037500,0.031125,0.351417,633,8095952,144881,0,5408
13422,17.102459,17.084543,0.000000,5.469792,5.469263,0.000237,0.040500,0.025166,0.786125,631,8080099,139592,0,5408
13423,16.245541,16.198183,0.000000,5.604166,5.603806,0.000152,0.038625,0.011000,0.613916,638,8055427,131431,0,7210
13424,16.113375,16.447333,0.000000,5.051376,5.050889,0.000195,0.043250,0.358125,0.817333,640,8172926,145581,0,5408
13425,17.425917,17.095323,0.000000,4.852084,4.851763,0.000112,0.052667,0.038125,1.060458,627,8003032,146596,0,5408
13426,16.567417,16.564211,0.000000,5.747041,5.746639,0.000152,0.041458,0.034333,0.455625,641,8071163,132579,0,7210
13427,16.967583,16.922378,0.000000,5.324874,5.324472,0.000236,0.060500,0.013333,0.645292,632,8068480,141591,0,5408
13428,16.642042,16.682373,0.000000,4.837374,4.836763,0.000153,0.077541,0.040125,0.630083,631,8076322,141388,0,5408
13429,16.270708,16.213466,0.000000,5.697126,5.696681,0.000111,0.049250,0.019458,0.929376,644,8085105,131988,0,7491
13430,16.995333,16.969480,0.000000,4.309958,4.309431,0.000319,0.060625,0.044792,0.457000,633,8080197,149996,0,5408
13431,16.689084,16.713383,0.000000,4.453126,4.440805,0.011987,0.079250,0.044291,0.593375,631,8095631,144570,0,5408
13432,16.632666,16.601404,0.000000,6.060708,6.047250,0.013458,0.067375,0.030334,0.745334,640,8071220,133528,0,7210
13433,16.662750,16.583708,0.000000,5.587584,5.586847,0.000487,0.057250,0.019459,0.636000,628,8049045,140254,0,5408
13434,16.766834,16.759419,0.000000,5.451708,5.439429,0.011987,0.083041,0.018334,0.997708,633,8080285,139936,0,5408
13435,16.606666,16.630256,0.000000,6.239000,6.238501,0.000499,0.058417,0.025250,0.296333,642,8086464,133223,0,7212
13436,16.662417,16.616991,0.000000,5.721000,5.720305,0.000278,0.059125,0.020250,1.346000,632,8064752,139678,0,5406
13437,16.709083,16.730793,0.000000,5.945041,5.942804,0.002112,0.064292,0.092750,0.632625,632,8080208,139210,0,5410
13438,16.676625,16.725618,0.000000,6.310042,6.309376,0.000666,0.060334,0.090583,0.928167,641,8086450,132997,0,7210
13439,16.675042,16.533301,0.000000,5.798708,5.798305,0.000194,0.052542,0.019166,0.909625,631,8064869,137799,0,5408
13440,16.724417,16.750874,0.000000,5.965665,5.965332,0.000333,0.055041,0.020417,0.627583,638,8087214,140296,0,7124
13441,16.742375,16.753465,0.000000,6.408375,6.399834,0.008541,0.056583,0.046208,0.590958,631,8063926,131381,0,5494
13442,16.651750,16.565743,0.000000,5.843166,5.842597,0.000361,0.057958,0.018583,0.622667,631,8064804,137534,0,5408
13443,16.588041,16.586793,0.000000,5.804417,5.803971,0.000279,0.050334,0.010958,0.974584,640,8086534,138101,0,7208
13444,16.784334,16.749388,0.000000,6.374792,6.374125,0.000667,0.061291,0.044167,0.294958,629,8064670,132732,0,5410
13445,16.644291,16.667198,0.000000,5.837292,5.836972,0.000153,0.054500,0.022459,1.263833,633,8095676,138439,0,5408
13446,16.652167,16.638504,0.000000,5.924791,5.924471,0.000112,0.059250,0.018542,0.610875,639,8086457,139036,0,7210
13447,16.708083,16.634724,0.000000,6.556749,6.556500,0.000249,0.049584,0.013083,0.953208,629,8064829,131493,0,5408
13448,16.718375,16.711261,0.000000,5.915626,5.913083,0.002543,0.052917,0.016042,0.901542,631,8064766,139187,0,5408
13449,16.672709,16.699669,0.000000,5.877959,5.868680,0.008945,0.063375,0.019041,0.633084,642,8086607,139049,0,7210
13450,16.594250,16.562753,0.000000,6.282584,6.282251,0.000333,0.061916,0.020625,0.966125,631,8080105,130294,0,5408
13451,16.798208,16.793211,0.000000,5.779417,5.775639,0.003569,0.058500,0.051958,0.611709,634,8095703,142381,0,5408
13452,16.664125,16.682224,0.000000,5.764125,5.762305,0.001487,0.070042,0.041416,0.911834,641,8086415,140698,0,7210
13453,16.670042,16.640430,0.000000,6.288917,6.288334,0.000583,0.065458,0.028208,0.620750,630,8049348,132099,0,5408
13454,16.773625,16.701251,0.000000,5.846750,5.846222,0.000320,0.083083,0.020292,0.935916,632,8080234,138533,0,5408
13455,16.607208,16.627346,0.000000,5.207709,5.207305,0.000154,0.085375,0.066667,0.781958,642,8086540,143085,0,7210
13456,16.689333,16.626173,0.000000,5.757417,5.756973,0.000194,0.062875,0.019834,0.638291,628,8049277,136550,0,5408
13457,16.678042,16.663618,0.000000,5.492957,5.488680,0.004111,0.058333,0.017667,0.736959,631,8080193,142752,0,5408
13458,16.600833,16.615994,0.000000,5.634876,5.634555,0.000154,0.055917,0.015917,0.637333,641,8086450,142692,0,7210
13459,16.874167,16.902742,0.000000,6.074791,6.074250,0.000416,0.084375,0.023958,0.742208,635,8095683,136982,0,5408
13460,16.622833,16.605075,0.000000,5.308043,5.307681,0.000153,0.075709,0.028041,0.296417,631,8064771,142838,0,5408
13461,16.624375,16.605878,0.000000,5.479541,5.458846,0.020445,0.064625,0.040334,0.944250,643,8101979,143140,0,7210
13462,16.685125,16.646531,0.000000,5.978417,5.967709,0.010708,0.057917,0.020625,0.633416,631,8080147,136620,0,5408
13463,16.705375,16.643214,0.000000,5.428333,5.419389,0.008819,0.053584,0.013750,0.932749,629,8049351,143774,0,5408
13464,16.654209,16.696413,0.000000,5.927916,5.927429,0.000154,0.078833,0.019958,1.318875,642,8086441,137258,0,7210
13465,16.752541,16.726404,0.000000,6.537834,6.509709,0.028125,0.066917,0.025542,0.663792,631,8064786,129001,0,5408
13466,16.733125,16.662163,0.000000,6.016501,6.016167,0.000334,0.073875,0.022834,1.142042,629,8064776,135513,0,5408
13467,16.561000,16.549582,0.000000,5.822625,5.822096,0.000154,0.057875,0.023584,0.609250,641,8086504,135895,0,7210
13468,16.736167,16.746345,0.000000,6.437001,6.436543,0.000458,0.053542,0.014375,1.081876,632,8064743,130479,0,5408
13469,16.654250,16.594121,0.000000,5.999792,5.984333,0.015459,0.051375,0.020667,0.573084,632,8080215,135493,0,5408
13470,16.633042,16.704791,0.000000,6.064749,6.061957,0.002792,0.069083,0.036125,0.753458,645,8117343,137632,0,7210
13471,16.704541,16.665989,0.000000,6.507457,6.501666,0.005791,0.060917,0.039208,0.902792,630,8064811,129056,0,5408
13472,16.727209,16.719379,0.000000,6.022543,6.022292,0.000251,0.058375,0.042208,0.301708,631,8064762,136597,0,5408
13473,16.593500,16.595841,0.000000,6.036415,6.035915,0.000500,0.059666,0.057542,0.627666,642,8101908,136674,0,7210
13474,16.777500,16.665455,0.000000,6.587374,6.559000,0.028374,0.065666,0.013750,0.623000,630,8033874,128466,0,5408
13475,16.667625,16.700539,0.000000,5.921125,5.920347,0.000528,0.059916,0.036625,1.113167,633,8111236,136337,0,5408
13476,16.622583,16.616278,0.000000,6.023207,6.022915,0.000292,0.064042,0.018583,0.615958,639,8070923,136757,0,7210
13477,16.707875,16.629282,0.000000,6.519332,6.518375,0.000957,0.059583,0.019375,1.105375,630,8049360,129138,0,5408
13478,16.662958,16.688745,0.000000,6.045792,6.039624,0.006168,0.054709,0.017875,0.609125,633,8084728,136741,0,5408
13479,16.327709,16.326590,0.000000,5.965792,5.930625,0.035167,0.059583,0.020958,0.828708,642,8081237,136256,0,7336
13480,16.739916,16.718156,0.000000,6.175666,6.175416,0.000250,0.057625,0.019959,0.583208,634,8095092,137444,0,5534
13481,16.904417,16.898037,0.000000,5.685959,5.685472,0.000195,0.051792,0.024750,0.629167,633,8080146,144241,0,5408
13482,16.635250,16.638962,0.000000,5.884750,5.881375,0.000333,0.065667,0.052250,0.916208,639,8071031,141599,0,7210
13483,16.858208,16.803074,0.000000,6.415041,6.414750,0.000291,0.054292,0.034542,0.631708,631,8049292,127437,0,5408
13484,16.846292,16.886367,0.000000,6.367626,6.364833,0.002793,0.062375,0.066625,0.958917,634,8111121,129541,0,5408
13485,16.516333,16.461585,0.000000,6.418249,6.417749,0.000500,0.063500,0.018334,0.434041,637,8055612,126430,0,7210
13486,16.769542,16.718867,0.000000,7.060167,7.059792,0.000375,0.060833,0.019084,0.954542,633,8080218,121112,0,5408
13487,16.645125,16.609292,0.000000,6.298666,6.291582,0.007084,0.061208,0.022584,0.611417,633,8064785,126611,0,5408
13488,16.828458,16.836611,0.000000,6.349666,6.342083,0.007458,0.079459,0.020708,0.308875,640,8086516,131813,0,7210
13489,16.606084,16.581585,0.000000,6.973125,6.972750,0.000375,0.057583,0.036167,0.830543,633,8080204,119268,0,5408
13490,16.690250,16.717916,0.000000,6.484292,6.481124,0.003168,0.055250,0.052333,0.290125,630,8091356,127969,0,5408
13491,16.612000,16.536696,0.000000,6.252291,6.252124,0.000167,0.062166,0.020000,0.915292,638,8044465,128325,0,7210
13492,16.781541,16.783049,0.000000,6.973292,6.956167,0.017125,0.058125,0.041584,0.291958,633,8095758,121471,0,5408
13493,16.604875,16.595401,0.000000,6.332418,6.332042,0.000376,0.057125,0.027834,0.908458,638,8086885,128024,0,7126
13494,16.612292,16.567259,0.000000,6.431876,6.431208,0.000668,0.045708,0.012625,0.611541,632,8064295,128917,0,5492
13495,16.652750,16.638615,0.000000,7.209542,7.209334,0.000208,0.058708,0.017125,1.331042,631,8064789,117837,0,5408
13496,16.771250,16.757497,0.000000,6.368916,6.368541,0.000375,0.067917,0.035625,1.248375,643,8086455,128633,0,7210
13497,16.751333,16.807245,0.000000,6.159500,6.159083,0.000417,0.063625,0.058375,0.675375,632,8095722,130412,0,5408
13498,16.710084,16.622421,0.000000,7.019001,7.006834,0.012167,0.065041,0.033667,1.335333,631,8064826,118571,0,5408
13499,16.501916,16.503804,0.000000,6.206333,6.205708,0.000625,0.055625,0.030417,0.310583,641,8086657,126592,0,7210
13500,16.884625,16.855957,0.000000,6.264875,6.248083,0.016792,0.057875,0.046250,0.902000,631,8064558,130449,0,5408
13501,16.546334,16.529664,0.000000,6.941250,6.932209,0.009041,0.054333,0.027875,0.307084,631,8080468,119251,0,5408
13502,16.634166,16.601167,0.000000,6.543999,6.543666,0.000333,0.057584,0.035916,0.939626,642,8070938,126528,0,7210
13503,16.662000,16.639415,0.000000,6.508749,6.508457,0.000292,0.055167,0.027292,0.911418,630,8064683,128641,0,5408
13504,16.824709,16.836633,0.000000,6.927750,6.904209,0.023541,0.056833,0.018208,0.648458,655,8085108,123140,0,7449
13505,16.587875,16.534986,0.000000,6.507168,6.502208,0.000626,0.055500,0.029791,1.221875,640,8071020,125915,0,7210
13506,16.701750,16.668544,0.000000,6.568625,6.568333,0.000292,0.045916,0.017959,0.300334,631,8064848,129439,0,5408
13507,16.670041,16.679710,0.000000,7.124666,7.121208,0.000750,0.058584,0.046708,1.236042,630,8080180,117676,0,5408
13508,16.654959,16.665955,0.000000,6.499791,6.490082,0.009709,0.062375,0.050375,0.381792,640,8086435,128085,0,7210
13509,18.002083,18.018119,0.000000,6.447125,6.446833,0.000167,0.058000,0.042667,0.947167,637,8111134,128790,0,5408
13510,15.351458,15.290504,0.000000,5.359125,5.351931,0.007069,0.069750,0.067209,1.333459,628,8033881,125599,0,5408
13511,16.725167,16.703590,0.000000,6.275751,6.275458,0.000168,0.056208,0.026792,0.662917,640,8086447,130431,0,7210
13512,16.751958,16.737552,0.000000,6.177625,6.161333,0.016292,0.061334,0.040125,1.024791,632,8080232,134487,0,5408
13513,16.667167,16.658446,0.000000,6.879916,6.879541,0.000292,0.049333,0.037084,0.610625,631,8080224,122026,0,5408
13514,16.764625,16.961621,0.000000,6.448751,6.445000,0.003751,0.234167,0.040541,0.988959,644,8117338,131568,0,7210
13515,16.933583,16.680831,0.000000,6.011540,6.008124,0.003333,0.059250,0.035792,0.292667,628,8018459,128463,0,5408
13516,16.355959,16.368696,0.000000,6.443875,6.443167,0.000708,0.052291,0.028125,1.028001,633,8100970,123844,0,5408
13517,16.543333,16.466210,0.000000,6.479917,6.475583,0.004334,0.053958,0.014459,0.608750,640,8050265,127807,0,7210
13518,16.770167,16.810832,0.000000,6.454000,6.453541,0.000459,0.059958,0.033833,0.783875,633,8095679,131855,0,5408
13519,16.630541,16.555836,0.000000,7.213751,7.191751,0.022000,0.064625,0.020834,0.594999,629,8064813,118511,0,5408
13520,16.837584,17.021212,0.000000,6.392000,6.391541,0.000334,0.073375,0.165791,0.299625,642,8117484,131467,0,7210
13521,16.710375,16.666840,0.000000,5.978625,5.972458,0.005959,0.161208,0.042167,0.939001,633,8064639,129926,0,5408
13522,16.808791,16.676461,0.000000,6.509374,6.507291,0.001833,0.071500,0.021167,0.291458,632,8064753,119637,0,5408
13523,16.600209,16.591932,0.000000,6.011292,6.007875,0.003209,0.088333,0.016625,0.949375,640,8086580,127429,0,7210
13524,16.824916,16.783840,0.000000,5.437668,5.430097,0.006903,0.069667,0.014625,0.292167,629,8064719,139665,0,5408
13525,16.662750,16.658547,0.000000,5.892417,5.888875,0.003208,0.064667,0.015833,0.609543,632,8080159,127964,0,5408
13526,16.299542,16.308044,0.000000,6.347625,6.347166,0.000334,0.060042,0.060083,0.889083,641,8086441,127137,0,7210
13527,16.825042,16.792558,0.000000,6.963876,6.963625,0.000251,0.056416,0.054209,0.310500,631,8064807,122406,0,5408
13528,16.687250,16.668333,0.000000,6.648000,6.647626,0.000374,0.058875,0.018166,0.918624,634,8080206,127318,0,5408
13529,16.571625,16.541546,0.000000,6.564500,6.560708,0.003792,0.056333,0.046125,0.302500,638,8071015,126381,0,7210
13530,16.760291,16.726371,0.000000,7.000000,6.992583,0.007209,0.066709,0.048250,0.946458,632,8064776,120290,0,5408
13531,16.785584,16.845886,0.000000,6.531000,6.530667,0.000333,0.063625,0.088166,0.290375,634,8111131,130098,0,5408
13532,16.484583,16.441499,0.000000,6.550291,6.549749,0.000542,0.054042,0.048000,0.737625,639,8055562,125925,0,7210
13533,17.089167,17.104989,0.000000,6.987126,6.970875,0.016042,0.103291,0.017000,0.622958,633,8095686,121216,0,5408
13534,16.669208,16.616214,0.000000,5.831583,5.828250,0.000250,0.107333,0.018167,0.610500,631,8064828,125499,0,5408
13535,16.602417,16.594701,0.000000,5.856458,5.855874,0.000334,0.114125,0.019166,0.599750,638,8055575,126837,0,7210
13536,16.827625,16.802384,0.000000,6.360834,6.360375,0.000209,0.079041,0.029875,0.300208,634,8095652,120487,0,5408
13537,16.363291,16.307390,0.000000,6.239625,6.238875,0.000750,0.052709,0.017500,0.925584,632,8064779,126296,0,5408
13538,16.627167,16.625871,0.000000,6.665499,6.665082,0.000417,0.063875,0.036708,0.292792,638,8075525,126709,0,7210
13539,16.713375,16.709491,0.000000,7.097708,7.096957,0.000751,0.060958,0.028000,0.927958,632,8091156,120959,0,5408
13540,16.774750,16.802538,0.000000,6.688709,6.688126,0.000583,0.056542,0.071083,0.492792,633,8095648,126989,0,5408
13541,16.081625,16.049382,0.000000,6.507291,6.499332,0.007834,0.062458,0.048000,1.045875,649,8145849,128712,0,7667
13542,17.103417,17.138613,0.000000,4.863167,4.862680,0.000237,0.086333,0.072000,0.595626,627,8033897,178889,0,5408
13543,16.642125,16.533326,0.000000,6.006501,5.985209,0.021292,0.052875,0.012500,0.657208,630,8043387,139234,0,5408
13544,16.744416,16.714248,0.000000,5.977583,5.966541,0.011042,0.045000,0.012250,0.889750,640,8077145,142307,0,7210
13545,16.646334,16.612421,0.000000,6.469959,6.446916,0.023043,0.045500,0.060000,0.301541,630,8064594,131014,0,5408
13546,16.725958,16.721674,0.000000,6.064416,6.050375,0.014041,0.043833,0.011042,1.198834,640,8087079,140509,0,7126
13547,16.614292,16.608983,0.000000,5.771375,5.758431,0.012653,0.046125,0.019500,0.608417,633,8064318,141820,0,5492
13548,16.740666,16.751387,0.000000,6.599251,6.581250,0.018001,0.059209,0.067875,0.902042,631,8095500,131758,0,5408
13549,16.610417,16.544753,0.000000,5.933876,5.933584,0.000292,0.047917,0.012750,1.251666,640,8055676,138789,0,7210
13550,16.696333,16.696332,0.000000,5.835834,5.816541,0.019293,0.045292,0.022625,0.313042,632,8095550,142299,0,5408
13551,16.767375,16.749535,0.000000,6.338792,6.338124,0.000668,0.067709,0.052291,0.631084,631,8064854,131676,0,5408
13552,16.633459,16.655001,0.000000,5.862167,5.861640,0.000235,0.054666,0.043125,0.653000,641,8086387,139666,0,7210
13553,16.743208,16.646666,0.000000,5.900167,5.898499,0.001668,0.062750,0.014625,0.970292,631,8064778,140303,0,5408
13554,16.671375,16.699121,0.000000,6.469250,6.468749,0.000501,0.057208,0.013959,0.296083,634,8111143,131656,0,5408
13555,16.564958,16.514280,0.000000,5.784167,5.770306,0.013486,0.042584,0.009916,0.939666,638,8040087,139245,0,7210
13556,16.719167,16.697622,0.000000,5.988333,5.965166,0.023167,0.054292,0.013250,0.482375,632,8080244,141286,0,5408
13557,16.756250,16.798913,0.000000,6.420584,6.415916,0.004668,0.062167,0.036833,0.931958,634,8095655,131275,0,5408
13558,16.620208,16.638413,0.000000,5.939083,5.938472,0.000319,0.053042,0.057792,0.979292,640,8086695,139759,0,7210
13559,16.707875,16.611158,0.000000,5.830292,5.825181,0.004861,0.057125,0.020084,0.611375,629,8049159,141529,0,5408
13560,16.742000,16.765585,0.000000,6.348126,6.341333,0.006793,0.056500,0.020209,1.111958,633,8095607,132339,0,5408
13561,16.594584,16.576407,0.000000,5.294666,5.292056,0.002277,0.056291,0.019959,0.563833,640,8071005,148055,0,7210
13562,16.802750,16.782260,0.000000,5.377250,5.366930,0.009987,0.057875,0.030458,0.778042,634,8095677,150706,0,5408
13563,16.588083,16.561951,0.000000,5.899292,5.879499,0.019793,0.063042,0.022375,0.610000,630,8049408,139977,0,5408
13564,16.670583,16.666704,0.000000,5.412041,5.411639,0.000194,0.053375,0.017209,0.970876,641,8086395,148746,0,7210
13565,16.674792,16.633444,0.000000,5.320292,5.319847,0.000153,0.045042,0.011958,0.917708,632,8080279,150179,0,5408
13566,16.696000,16.722615,0.000000,6.061251,6.037875,0.023376,0.055167,0.044750,0.630916,634,8095617,141192,0,5408
13567,16.607208,16.564703,0.000000,5.485960,5.485473,0.000278,0.049459,0.012958,1.021750,638,8046587,147942,0,7210
13568,16.741459,16.698542,0.000000,5.531042,5.525639,0.005153,0.058208,0.035958,0.628833,630,8073749,150255,0,5408
13569,16.676500,16.674853,0.000000,6.068001,6.067708,0.000293,0.046750,0.012500,1.300292,633,8095667,139700,0,5408
13570,16.652375,16.628003,0.000000,5.524374,5.523848,0.000235,0.049958,0.012917,0.657541,639,8055738,148191,0,7210
13571,16.766500,16.746340,0.000000,5.402417,5.390431,0.011820,0.054083,0.037875,0.949458,632,8080096,150569,0,5408
13572,16.645541,16.611249,0.000000,5.927958,5.927333,0.000625,0.054750,0.020042,0.601166,630,8080280,140200,0,5408
13573,16.666792,16.668120,0.000000,5.470917,5.470390,0.000277,0.049083,0.011042,0.628000,640,8070934,148068,0,7210
13574,16.876000,16.886502,0.000000,5.322167,5.321555,0.000195,0.081042,0.031708,0.906167,633,8095655,150364,0,5408
13575,16.858958,16.831083,0.000000,5.561833,5.561221,0.000362,0.060750,0.020709,0.648875,632,8064782,140744,0,5408
13576,16.371875,16.359835,0.000000,5.022876,5.012181,0.010403,0.054834,0.014041,0.846250,642,8086420,148903,0,7210
13577,16.648542,16.615877,0.000000,5.268749,5.267680,0.000861,0.055333,0.012084,0.632667,631,8064938,149932,0,5408
13578,16.781667,16.805461,0.000000,5.571333,5.570722,0.000278,0.062125,0.028833,1.338209,634,8111116,141147,0,5408
13579,16.533166,16.500604,0.000000,5.222750,5.204514,0.017819,0.056750,0.024500,0.643375,642,8055429,147973,0,7210
13580,16.796209,16.748077,0.000000,5.225584,5.225222,0.000112,0.060125,0.016958,0.912917,631,8080317,150488,0,5408
13581,16.591708,16.577743,0.000000,6.014875,6.011083,0.003792,0.057000,0.019958,0.605416,632,8064669,139143,0,5408
13582,16.636667,16.661329,0.000000,5.328500,5.324306,0.003903,0.046416,0.045709,0.655750,643,8090694,148837,0,7210
13583,16.745333,16.683959,0.000000,5.487958,5.483097,0.004570,0.074750,0.017333,0.884501,629,8060511,150011,0,5408
13584,16.729917,16.720681,0.000000,5.899167,5.894708,0.004459,0.057916,0.052709,0.638917,633,8095627,140282,0,5408
13585,16.681791,16.702879,0.000000,5.319667,5.319140,0.000152,0.063834,0.037083,0.974459,641,8086567,148375,0,7210
13586,16.709209,16.682327,0.000000,5.428750,5.421472,0.007069,0.054291,0.028084,0.651500,633,8080071,149662,0,5408
13587,16.663291,16.596082,0.000000,5.921041,5.906957,0.014084,0.049000,0.014875,0.970542,629,8049352,139158,0,5408
13588,16.674542,16.701971,0.000000,5.489291,5.488806,0.000319,0.046542,0.062208,0.935709,643,8086427,148148,0,7210
13589,16.654500,16.619457,0.000000,5.190542,5.174972,0.015362,0.050042,0.040458,0.637542,632,8080200,150187,0,5408
13590,16.703208,16.696498,0.000000,6.006000,6.004291,0.001709,0.050417,0.017042,0.910333,634,8095772,140596,0,5408
13591,16.229334,16.293869,0.000000,5.317999,5.317431,0.000235,0.058041,0.123292,0.654250,643,8085379,151725,0,7390
13592,17.118708,17.063617,0.000000,5.252958,5.248680,0.004070,0.046875,0.078083,1.310834,630,8049347,154551,0,5408
13593,16.695542,16.567966,0.000000,6.058834,6.058416,0.000418,0.057166,0.012459,0.308917,629,8049326,136556,0,5408
13594,16.667541,16.679363,0.000000,5.344626,5.336348,0.007986,0.052084,0.012375,0.966291,644,8102158,149632,0,7210
13595,16.693542,16.717348,0.000000,5.601834,5.595347,0.006320,0.046500,0.018958,0.672084,630,8064515,147439,0,5408
13596,16.714625,16.673621,0.000000,6.139125,6.129999,0.009126,0.056042,0.017583,0.961499,631,8080275,138207,0,5408
13597,16.631542,16.702903,0.000000,5.477958,5.471806,0.006027,0.065416,0.077292,0.921208,643,8086419,148959,0,7210
13598,16.671041,16.580844,0.000000,5.531626,5.517889,0.013445,0.049459,0.013291,0.689708,633,8080230,145455,0,5408
13599,16.687875,16.695200,0.000000,6.116458,6.111999,0.004459,0.053834,0.066375,1.394542,641,8101981,139782,0,7210
13600,16.662750,16.637311,0.000000,5.515001,5.512931,0.001861,0.054209,0.019041,0.651042,630,8049256,147897,0,5408
13601,16.472875,16.451295,0.000000,5.486458,5.485805,0.000403,0.052500,0.014084,0.937375,633,8077084,149467,0,5408
13602,16.340209,16.504524,0.000000,5.598000,5.587180,0.010528,0.045916,0.250959,0.352625,644,8103301,148724,0,7532
13603,17.284500,17.028242,0.000000,5.673166,5.671264,0.001444,0.049333,0.014458,0.948708,629,8033923,148007,0,5408
13604,16.363166,16.407669,0.000000,6.013626,5.999375,0.014251,0.057250,0.018584,0.951833,636,8094800,141659,0,5599
13605,17.046584,17.030617,0.000000,5.619125,5.618472,0.000195,0.062500,0.032958,0.381708,639,8070814,145804,0,7210
13606,16.617250,16.589753,0.000000,5.704126,5.703515,0.000319,0.055250,0.018208,1.009250,631,8064792,140738,0,5408
13607,16.410416,16.381933,0.000000,6.145292,6.136208,0.009084,0.047042,0.018125,0.640750,637,8110164,138586,0,5585
13608,16.966709,16.994794,0.000000,5.739042,5.738638,0.000237,0.053708,0.049750,0.640375,638,8070993,146162,0,7210
13609,16.475208,16.455583,0.000000,5.728292,5.685056,0.042653,0.067375,0.045167,0.291417,637,8110039,138560,0,5619
13610,16.839958,16.818042,0.000000,5.701333,5.699680,0.001403,0.050375,0.046500,0.993625,628,8018395,143484,0,5408
13611,16.738917,16.657030,0.000000,5.938291,5.932832,0.005459,0.060250,0.020375,0.597584,657,8045023,138546,0,9251
13612,16.827583,16.837154,0.000000,6.116167,6.110542,0.005625,0.053417,0.013500,0.294459,634,8095670,139706,0,5408
13613,16.732125,16.754895,0.000000,6.329125,6.328749,0.000376,0.062709,0.037125,0.913292,632,8095786,136567,0,5408
13614,16.543042,16.471006,0.000000,6.166208,6.165749,0.000459,0.062375,0.047792,0.403083,637,8039996,133977,0,7210
13615,16.841125,16.848634,0.000000,6.108501,6.091292,0.017209,0.058667,0.033958,0.932834,633,8096117,139806,0,5408
13616,16.571500,16.560871,0.000000,6.322750,6.322333,0.000417,0.058167,0.017833,0.647541,632,8079895,133346,0,5408
13617,16.620583,16.583046,0.000000,6.445000,6.444499,0.000501,0.052042,0.014667,0.965875,640,8070905,134598,0,7210
13618,16.759417,16.729502,0.000000,6.504500,6.490750,0.013750,0.054750,0.012583,0.512542,630,8064904,132361,0,5408
13619,16.764667,16.771892,0.000000,6.467250,6.464291,0.002959,0.059500,0.014208,0.586584,633,8095563,133000,0,5408
13620,15.823583,16.092880,0.000000,6.203959,6.196916,0.007043,0.043125,0.326625,0.951250,646,8163702,133363,0,7210
13621,17.509833,17.251749,0.000000,5.863999,5.826375,0.037416,0.058292,0.050875,0.610916,626,8003143,145379,0,5408
13622,16.667542,16.641654,0.000000,6.354667,6.346083,0.008459,0.062583,0.030334,0.861417,633,8080040,132706,0,5408
13623,16.672667,16.637412,0.000000,6.319125,6.314333,0.004709,0.066291,0.033875,0.292709,639,8055686,133807,0,7210
13624,16.282958,16.264574,0.000000,6.324250,6.323959,0.000208,0.044750,0.050500,0.912376,637,8125562,135376,0,5575
13625,17.114125,17.115630,0.000000,5.819126,5.818624,0.000293,0.065000,0.043250,0.618375,629,8049310,148573,0,5408
13626,16.558500,16.512002,0.000000,6.319376,6.315750,0.003542,0.041792,0.026083,0.909542,639,8055736,132827,0,7210
13627,16.849208,16.825992,0.000000,6.505583,6.505208,0.000291,0.056584,0.019083,0.919958,632,8080060,135345,0,5408
13628,16.289292,16.242457,0.000000,6.521375,6.520915,0.000460,0.043042,0.012750,0.615667,637,8094210,129070,0,5689
13629,17.095292,17.182221,0.000000,5.532165,5.411541,0.120333,0.068875,0.067583,0.900542,640,8086388,141957,0,7210
13630,16.680958,16.625716,0.000000,5.856958,5.856583,0.000375,0.077833,0.023625,0.294542,629,8049342,135906,0,5408
13631,16.652792,16.607545,0.000000,5.835959,5.835708,0.000251,0.044875,0.037875,1.225708,634,8080218,138033,0,5408
13632,16.516958,16.496007,0.000000,5.495667,5.495305,0.000195,0.037958,0.027917,0.611167,640,8071051,136256,0,7210
13633,16.764750,16.746057,0.000000,5.583376,5.582931,0.000236,0.045250,0.029375,0.926417,632,8080185,138261,0,5408
13634,16.461917,16.465617,0.000000,5.584542,5.562514,0.021695,0.066000,0.027750,0.608708,633,8079148,135287,0,5619
13635,17.172000,17.122467,0.000000,5.348541,5.348138,0.000112,0.053166,0.038709,0.913292,638,8055502,144739,0,7210
13636,16.433125,16.422979,0.000000,5.439875,5.439473,0.000194,0.041458,0.027042,1.056833,632,8095686,139546,0,5408
13637,16.600458,16.541517,0.000000,5.920167,5.919874,0.000293,0.036208,0.009625,0.448250,631,8064739,132757,0,5408
13638,16.591792,16.593031,0.000000,5.944374,5.944124,0.000250,0.039208,0.027208,0.744209,639,8071022,133127,0,7210
13639,16.873083,16.872856,0.000000,5.962124,5.961750,0.000374,0.037708,0.017417,0.450166,634,8093072,136246,0,5408
13640,16.650042,16.628712,0.000000,5.923417,5.922916,0.000501,0.037916,0.034000,0.760916,632,8082851,130697,0,5408
13641,16.549791,16.537715,0.000000,6.035540,6.035165,0.000375,0.036917,0.030458,0.610250,640,8071013,132602,0,7210
13642,16.734000,16.674308,0.000000,6.093583,6.093001,0.000582,0.034417,0.015625,0.898792,631,8064803,133585,0,5408
13643,16.791875,16.812602,0.000000,6.004292,6.003791,0.000501,0.043875,0.026167,1.056334,656,8095660,134042,0,5408
13644,16.594625,16.585876,0.000000,5.960542,5.960166,0.000376,0.034250,0.029917,0.611125,640,8072860,132827,0,7210
13645,16.668417,16.601221,0.000000,6.129833,6.129542,0.000291,0.033833,0.009375,1.243541,629,8062915,132590,0,5408
13646,16.777542,16.799082,0.000000,6.097084,6.096583,0.000501,0.051500,0.029208,0.454958,634,8095739,132510,0,5408
13647,16.701000,16.654295,0.000000,5.880375,5.880124,0.000251,0.037208,0.017292,0.795041,638,8055570,134421,0,7210
13648,16.684666,16.693529,0.000000,6.081417,6.080834,0.000583,0.039917,0.027667,0.610916,634,8095672,130564,0,5408
13649,16.596667,16.581211,0.000000,6.144125,6.143707,0.000418,0.034875,0.029833,0.918042,630,8080213,130443,0,5408
13650,16.622333,16.600577,0.000000,6.197833,6.197583,0.000250,0.032625,0.030375,0.608584,639,8071042,131533,0,7210
13651,16.777709,16.719715,0.000000,6.277000,6.276501,0.000499,0.035250,0.016125,1.244666,631,8064778,130475,0,5408
13652,16.743291,16.768727,0.000000,5.908000,5.907624,0.000376,0.040375,0.028167,1.226583,640,8087735,132836,0,7006
13653,16.616084,16.549516,0.000000,6.028750,6.028290,0.000460,0.034250,0.016375,0.614333,632,8064505,132451,0,5612
13654,16.647291,16.674828,0.000000,6.060583,6.060334,0.000249,0.046125,0.026042,1.290709,633,8094693,131740,0,5408
13655,16.766250,16.769715,0.000000,5.983875,5.983333,0.000542,0.084792,0.019250,0.612666,639,8071020,133403,0,7210
13656,16.694042,16.648460,0.000000,5.722791,5.722374,0.000417,0.042625,0.018708,0.747208,631,8080274,133798,0,5408
13657,16.636458,16.613744,0.000000,6.015875,6.015417,0.000458,0.036792,0.033083,0.608709,633,8080219,131887,0,5408
13658,16.546167,16.548481,0.000000,6.066292,6.065791,0.000501,0.045208,0.027584,1.079917,641,8070992,129539,0,7210
13659,16.720750,16.694372,0.000000,6.010373,6.010040,0.000333,0.043250,0.026625,1.215417,628,8080360,133262,0,5408
13660,16.742667,16.682808,0.000000,6.185083,6.184750,0.000333,0.040875,0.016458,0.623084,631,8064814,129632,0,5408
13661,16.334791,16.348554,0.000000,6.005917,6.005416,0.000501,0.039792,0.021792,1.216792,646,8116151,128299,0,7432
13662,16.898667,16.842390,0.000000,5.509709,5.509263,0.000279,0.053667,0.020625,0.351083,628,8049243,139940,0,5408
13663,17.047917,17.065044,0.000000,5.621584,5.590459,0.031125,0.064875,0.024541,0.946584,632,8080203,137137,0,5408
13664,16.592125,16.560953,0.000000,5.425709,5.410972,0.014445,0.059083,0.016833,0.650875,638,8055605,132195,0,7210
13665,16.694333,16.685494,0.000000,5.478667,5.477971,0.000404,0.053667,0.021750,0.934667,632,8095625,135647,0,5408
13666,16.712958,16.719842,0.000000,5.774291,5.773792,0.000499,0.050125,0.037084,0.913374,633,8080306,132586,0,5408
13667,16.738042,16.724706,0.000000,5.807541,5.792388,0.015028,0.060208,0.040250,0.640333,641,8070953,133416,0,7210
13668,16.532583,16.479031,0.000000,5.828416,5.821249,0.007167,0.056792,0.019500,0.688500,632,8080204,134262,0,5408
13669,16.235334,16.247785,0.000000,6.504416,6.496417,0.007999,0.050166,0.046250,0.607958,635,8103557,130892,0,5533
13670,16.520625,16.545953,0.000000,6.171000,6.164332,0.006668,0.045958,0.155875,1.243458,642,8077186,141351,0,7339
13671,17.118500,17.046073,0.000000,5.717250,5.716430,0.000320,0.056416,0.040459,0.292041,629,8049338,142398,0,5408
13672,16.665166,16.589665,0.000000,6.321333,6.321042,0.000291,0.055292,0.014125,0.912833,632,8064784,133455,0,5408
13673,16.646500,16.640994,0.000000,6.320876,6.314833,0.006043,0.052834,0.019458,0.609583,641,8071009,135732,0,7210
13674,16.772125,16.808451,0.000000,5.940041,5.926957,0.013084,0.064459,0.017541,0.941000,635,8124180,139983,0,5408
13675,16.655209,16.559421,0.000000,6.223458,6.223084,0.000374,0.052375,0.019416,0.909625,627,8036296,136438,0,5408
13676,16.570625,16.685251,0.000000,6.275332,6.274832,0.000500,0.069166,0.062584,0.641084,653,8193650,140610,0,7401
13677,16.938625,16.896179,0.000000,5.356791,5.356138,0.000320,0.057625,0.051041,0.922750,624,7987415,149419,0,5408
13678,16.659458,16.624044,0.000000,6.099541,6.096583,0.002958,0.057708,0.040000,0.300958,632,8072461,135854,0,5408
13679,16.587417,16.531123,0.000000,6.223167,6.222333,0.000834,0.063833,0.023542,1.079875,639,8063345,135147,0,7210
13680,16.752291,16.731915,0.000000,6.143167,6.136958,0.006209,0.053084,0.039500,0.540625,632,8080222,136340,0,5408
13681,16.256834,16.266959,0.000000,6.187168,6.173126,0.014042,0.060833,0.022167,0.919584,632,8079559,134382,0,5561
13682,17.079875,17.064247,0.000000,5.904165,5.892624,0.008625,0.055250,0.019458,0.908833,644,8101750,142549,0,7210
13683,16.735291,16.717122,0.000000,5.822167,5.821833,0.000334,0.063459,0.031166,0.622083,629,8049324,137705,0,5408
13684,16.725959,16.709541,0.000000,6.276541,6.271208,0.005333,0.062708,0.020375,1.157874,632,8080246,135328,0,5408
13685,16.071750,16.201968,0.000000,6.048792,6.048583,0.000209,0.081458,0.138667,0.614417,655,8191310,139387,0,7811
13686,16.866583,16.694583,0.000000,5.408459,5.407680,0.000362,0.052833,0.014334,0.935625,628,7986845,149580,0,5537
13687,16.693125,16.667486,0.000000,6.083293,6.082834,0.000459,0.055667,0.037583,0.363334,633,8064093,140006,0,5537
13688,16.496625,16.632180,0.000000,6.102791,6.090707,0.012084,0.052000,0.166458,0.926458,660,8252856,145691,0,7850
13689,16.844000,16.705666,0.000000,5.698124,5.695346,0.002570,0.051042,0.035375,0.611750,625,7955469,148805,0,5641
13690,17.009292,16.972116,0.000000,5.740083,5.737972,0.001777,0.057375,0.017916,0.938207,627,8018415,140692,0,5408
13691,16.669083,16.647938,0.000000,6.272750,6.272541,0.000209,0.050167,0.020791,0.910417,642,8071159,134060,0,7210
13692,16.731458,16.729089,0.000000,6.277209,6.272792,0.004417,0.066167,0.015292,0.292583,629,8060436,136378,0,5408
13693,16.603625,16.581537,0.000000,6.393042,6.391959,0.001083,0.052709,0.017125,1.232291,635,8114009,134057,0,5408
13694,16.696709,16.643036,0.000000,6.099459,6.098375,0.000876,0.052916,0.013084,0.301625,638,8056873,134758,0,7210
13695,16.541583,16.541958,0.000000,5.090752,5.084472,0.005946,0.054583,0.019584,0.945834,633,8080229,147096,0,5408
13696,16.884875,16.859355,0.000000,5.282876,5.282348,0.000194,0.048333,0.042875,0.615292,632,8080234,149459,0,5408
13697,16.585625,16.611799,0.000000,5.739249,5.736805,0.002236,0.060833,0.032667,0.774959,641,8086469,143863,0,7210
13698,16.697375,16.681580,0.000000,5.788709,5.788096,0.000279,0.059250,0.036958,0.919583,630,8065010,142891,0,5408
13699,16.732417,16.684669,0.000000,5.735834,5.720515,0.015027,0.054041,0.039084,0.464541,634,8079963,142062,0,5408
13700,16.660291,16.636296,0.000000,5.737000,5.736514,0.000319,0.059625,0.024875,1.069459,640,8071137,143124,0,7210
13701,16.643834,16.637037,0.000000,5.951250,5.945291,0.005959,0.064208,0.030667,0.291542,631,8064655,137683,0,5408
13702,16.666041,16.639375,0.000000,5.807918,5.807140,0.000278,0.055500,0.016042,1.237208,635,8090606,141034,0,6411
13703,16.697709,16.670051,0.000000,5.681543,5.669097,0.012237,0.055041,0.027709,0.609000,637,8060625,144043,0,6207
13704,16.746000,16.740005,0.000000,6.046793,6.039792,0.007001,0.047291,0.012417,0.929791,633,8095810,140765,0,5408
13705,16.713041,16.719882,0.000000,6.031709,6.015167,0.016542,0.061959,0.020625,0.911625,641,8086377,140688,0,7210
13706,16.628125,16.589344,0.000000,5.815791,5.815139,0.000361,0.045000,0.015834,0.640583,632,8064765,140899,0,5408
13707,16.725625,16.740581,0.000000,6.051959,6.051625,0.000334,0.065792,0.021500,0.963792,632,8080183,141378,0,5408
13708,16.307917,16.266507,0.000000,5.950250,5.948625,0.001625,0.046500,0.019417,0.608291,647,8116043,141470,0,7487
13709,17.076250,17.088370,0.000000,5.783250,5.782722,0.000362,0.069333,0.029667,1.137708,626,8018249,146130,0,5408
13710,16.729375,16.718706,0.000000,6.224793,6.213958,0.010835,0.066208,0.021792,0.293041,634,8080244,136270,0,5408
13711,16.595750,16.562744,0.000000,6.103458,6.093500,0.009958,0.056042,0.060541,0.940417,640,8059342,137630,0,7210
13712,16.769417,16.780455,0.000000,5.955791,5.955208,0.000583,0.057541,0.046417,0.611125,632,8105414,139314,0,5408
13713,16.771500,16.723708,0.000000,6.182001,6.176917,0.005084,0.061583,0.018792,0.770458,630,8066724,137639,0,5408
13714,16.516708,16.519842,0.000000,5.965584,5.960501,0.005083,0.059792,0.046208,0.922417,643,8101935,137960,0,7210
13715,16.775667,16.767208,0.000000,6.053209,6.052916,0.000293,0.065541,0.037125,0.636417,631,8062659,141579,0,5408
13716,16.642708,16.620542,0.000000,5.970917,5.957625,0.013292,0.052542,0.059125,0.937499,633,8082319,137949,0,5408
13717,17.053417,17.024128,0.000000,6.148000,6.147792,0.000208,0.049916,0.050959,0.651708,645,8132744,139728,0,7210
13718,15.936625,15.929539,0.000000,2.581708,2.574097,0.007361,0.081458,0.023500,0.936083,660,8082438,160854,0,7951
13719,17.255625,17.268906,0.000000,4.625042,4.619554,0.005196,0.091833,0.053333,0.621875,626,7987560,159529,0,5408
13720,16.550708,16.600301,0.000000,5.312332,5.311431,0.000235,0.175625,0.025833,0.968584,642,8101993,144180,0,7210
13721,16.700917,16.594315,0.000000,5.301251,5.300931,0.000153,0.116833,0.022250,0.970959,633,8064712,144856,0,5408
13722,16.614583,16.513446,0.000000,5.468834,5.468305,0.000237,0.069000,0.021542,0.666084,627,8049312,141302,0,5408
13723,16.729708,16.717022,0.000000,5.412459,5.411973,0.000277,0.066959,0.014958,0.982958,641,8086481,144684,0,7210
13724,16.703959,16.809446,0.000000,5.176958,5.173222,0.003153,0.113416,0.039959,0.313750,635,8111084,149232,0,5408
13725,16.645833,16.554118,0.000000,5.539625,5.539138,0.000279,0.053375,0.015250,0.952834,631,8049335,144222,0,5408
13726,16.580917,16.535335,0.000000,5.572959,5.572639,0.000236,0.047458,0.012250,0.625583,640,8072621,144726,0,7210
13727,16.760250,16.765726,0.000000,5.488541,5.487972,0.000236,0.072166,0.019750,0.932959,631,8063198,147954,0,5408
13728,16.792375,16.760802,0.000000,5.491917,5.491055,0.000612,0.066666,0.037709,0.637833,632,8095710,146276,0,5408
13729,16.039875,16.146207,0.000000,5.496875,5.489723,0.006902,0.061791,0.109459,0.645792,643,8083815,146170,0,7700
13730,17.187708,17.076488,0.000000,4.724958,4.724597,0.000153,0.066917,0.017250,0.958167,635,8095593,169031,0,5408
13731,16.737083,16.721713,0.000000,5.157041,5.156221,0.000487,0.067875,0.027292,0.301125,629,8055389,147565,0,5408
13732,16.669625,16.641414,0.000000,5.602166,5.598931,0.003027,0.060042,0.020667,1.285625,641,8080513,146412,0,7210
13733,16.636709,16.648700,0.000000,5.541751,5.541139,0.000320,0.113041,0.037959,0.609500,632,8064681,147542,0,5408
13734,16.716166,16.625174,0.000000,5.572666,5.572013,0.000362,0.054125,0.013250,0.924542,632,8080218,145521,0,5408
13735,16.250000,16.313105,0.000000,5.543082,5.542556,0.000235,0.052375,0.061667,0.611959,647,8131076,148975,0,7532
13736,17.115125,17.097826,0.000000,5.170959,5.159513,0.011112,0.068875,0.066584,0.763083,628,8018444,154223,0,5408
13737,16.738500,16.646465,0.000000,5.464875,5.445096,0.019487,0.067625,0.019917,0.675167,629,8064790,145530,0,5408
13738,16.263375,16.332284,0.000000,5.510792,5.487015,0.023402,0.056792,0.094208,0.662875,646,8116305,146884,0,7401
13739,17.102959,17.081794,0.000000,5.116749,5.116180,0.000194,0.054500,0.048916,1.036875,631,8064877,155523,0,5408
13740,16.738750,16.696994,0.000000,5.668958,5.664346,0.004320,0.060416,0.050459,0.452625,631,8064708,143276,0,5408
13741,16.558083,16.515882,0.000000,5.767166,5.766764,0.000194,0.062958,0.042875,0.763625,638,8070975,143000,0,7210
13742,16.815167,16.819251,0.000000,5.584500,5.583972,0.000153,0.048458,0.030250,0.658125,636,8111134,147387,0,5408
13743,16.258083,16.197618,0.000000,5.482708,5.482221,0.000237,0.056208,0.019875,0.926458,631,8048221,146107,0,5619
13744,16.944833,16.930086,0.000000,5.164583,5.163764,0.000319,0.051125,0.055084,0.898292,641,8055501,155653,0,7210
13745,16.858167,16.857540,0.000000,5.430292,5.429514,0.000487,0.052208,0.021917,0.460792,633,8095686,150318,0,5408
13746,16.580125,16.608353,0.000000,5.571874,5.567346,0.004237,0.061667,0.036166,0.917458,631,8080222,147165,0,5408
13747,16.315042,16.236418,0.000000,5.519999,5.511639,0.008027,0.052041,0.023375,0.642500,643,8070241,147807,0,7339
13748,16.726333,16.713222,0.000000,5.502834,5.502347,0.000320,0.054875,0.017708,1.106125,632,8064784,151599,0,5408
13749,16.894625,16.903462,0.000000,5.373001,5.372305,0.000237,0.051667,0.074791,0.611750,634,8095667,152774,0,5408
13750,16.704208,16.661013,0.000000,5.601291,5.600681,0.000277,0.051917,0.012292,0.915042,639,8071244,147384,0,7210
13751,16.640625,16.612801,0.000000,5.449333,5.442097,0.007028,0.047542,0.018125,0.608917,631,8064598,149008,0,5408
13752,16.742084,16.719085,0.000000,5.609083,5.608721,0.000279,0.063791,0.036042,1.092583,632,8080235,147266,0,5408
13753,16.708125,16.674497,0.000000,5.519832,5.519264,0.000277,0.055291,0.019167,0.590000,641,8070988,148714,0,7210
13754,16.677708,16.737705,0.000000,5.578000,5.577639,0.000153,0.083208,0.021792,0.609875,634,8111086,146072,0,5408
13755,16.672750,16.643615,0.000000,5.169916,5.165763,0.003862,0.056667,0.018666,0.922416,639,8076993,150357,0,7006
13756,16.823625,16.819964,0.000000,5.601042,5.597515,0.003194,0.065000,0.016917,0.610833,630,8043420,145707,0,5612
13757,16.574000,16.544119,0.000000,5.574542,5.568680,0.005528,0.052083,0.012375,0.933000,633,8111081,143704,0,5408
13758,16.630417,16.586282,0.000000,5.532292,5.514763,0.017279,0.042500,0.027791,0.642500,638,8071082,143463,0,7210
13759,16.731500,16.724379,0.000000,6.039083,6.038875,0.000208,0.059833,0.026083,0.926458,634,8080140,142062,0,5408
13760,16.613166,16.620495,0.000000,5.939999,5.936582,0.003417,0.056834,0.018500,1.155208,630,8072297,139654,0,5408
13761,16.662417,16.648001,0.000000,6.036667,6.032708,0.003959,0.058417,0.048000,0.294916,640,8063463,138593,0,7210
13762,16.636583,16.604850,0.000000,5.929167,5.917834,0.011333,0.064667,0.018750,0.990334,632,8080244,139958,0,5408
13763,16.686375,16.685345,0.000000,6.093167,6.092708,0.000459,0.066000,0.028334,0.306333,633,8080303,139918,0,5408
13764,16.748209,16.698596,0.000000,5.930750,5.930180,0.000320,0.066291,0.017417,1.241917,641,8070927,140400,0,7210
13765,16.672208,16.650213,0.000000,5.953791,5.953625,0.000166,0.057292,0.019791,0.562875,630,8080241,141548,0,5408
13766,16.323583,16.414472,0.000000,6.053917,6.043624,0.010293,0.048584,0.105958,0.779126,635,8094926,137654,0,5537
13767,17.039084,16.935539,0.000000,5.825084,5.816222,0.008570,0.072333,0.020042,0.839667,637,8055578,143508,0,7210
13768,16.717500,16.669998,0.000000,6.011668,6.003001,0.008667,0.066500,0.020166,0.561167,633,8080207,140125,0,5408
13769,16.274666,16.365134,0.000000,6.136500,6.126666,0.009834,0.055750,0.105875,0.905500,634,8095047,136788,0,5536
13770,16.965417,16.870666,0.000000,6.016542,6.013833,0.002709,0.046958,0.019334,0.639500,641,8071818,142878,0,7210
13771,16.740667,16.747540,0.000000,6.085668,6.085043,0.000625,0.068500,0.033000,0.967124,631,8063925,139151,0,5408
13772,16.786041,16.733161,0.000000,5.999417,5.997125,0.002292,0.054917,0.020667,0.300541,632,8080226,141003,0,5408
13773,16.837917,16.854910,0.000000,6.124541,6.112166,0.012375,0.050875,0.045792,0.962750,639,8071012,137024,0,7210
13774,16.653000,16.635971,0.000000,6.702125,6.685917,0.016208,0.068000,0.022583,0.424708,632,8080321,127342,0,5408
13775,16.861458,16.860169,0.000000,6.733041,6.727624,0.005417,0.066459,0.024916,1.003500,632,8095627,128176,0,5408
13776,16.533959,16.518530,0.000000,6.527333,6.519416,0.007917,0.047958,0.069917,0.658334,641,8071080,126369,0,7210
13777,16.714541,16.661458,0.000000,6.798833,6.785500,0.013333,0.048750,0.017875,0.668042,629,8064728,126199,0,5408
13778,16.231584,16.233375,0.000000,6.940124,6.916249,0.023875,0.060375,0.017250,1.151084,635,8079610,124223,0,5531
13779,16.422000,16.566921,0.000000,6.434916,6.434374,0.000542,0.054166,0.208209,0.302625,641,8101464,134600,0,7333
13780,17.334416,17.121124,0.000000,6.505501,6.497792,0.007709,0.062334,0.030333,1.294375,630,8049091,136286,0,5408
13781,16.575042,16.553080,0.000000,6.831001,6.823250,0.007751,0.052917,0.027791,0.297375,632,8064806,125864,0,5408
13782,16.602417,16.632586,0.000000,6.671209,6.670666,0.000543,0.046875,0.086416,0.942917,640,8117308,128113,0,7210
13783,16.852708,16.796119,0.000000,6.689375,6.671833,0.017542,0.066458,0.015500,0.903374,632,8049405,130017,0,5408
13784,16.641417,16.617246,0.000000,6.611833,6.602916,0.008917,0.061666,0.014584,0.648250,630,8064762,125773,0,5408
13785,16.562250,16.510545,0.000000,6.696958,6.696332,0.000626,0.044500,0.018041,0.920959,641,8086409,126675,0,7210
13786,16.663958,16.719967,0.000000,6.707374,6.691625,0.015749,0.057500,0.014042,0.305625,634,8095722,127457,0,5408
13787,16.805542,16.788109,0.000000,6.747667,6.742416,0.005251,0.065666,0.017625,0.972167,632,8064747,129112,0,5408
13788,16.614375,16.586752,0.000000,6.816585,6.816000,0.000585,0.054500,0.019833,0.301125,640,8086484,126328,0,7210
13789,16.724166,16.677747,0.000000,6.604667,6.603834,0.000833,0.051000,0.018417,0.803000,631,8049370,127822,0,5408
13790,16.606709,16.583620,0.000000,6.710875,6.709250,0.001459,0.058750,0.018875,0.510083,632,8080149,126876,0,5408
13791,16.669916,16.647652,0.000000,6.457375,6.451541,0.005834,0.055792,0.014417,0.721709,641,8086487,128850,0,7210
13792,16.728250,16.738992,0.000000,6.947166,6.934625,0.012541,0.057209,0.014208,0.932708,632,8064760,128504,0,5408
13793,16.830584,16.840337,0.000000,6.936291,6.935832,0.000459,0.051916,0.020250,0.319542,632,8095677,128272,0,5408
13794,16.348250,16.333852,0.000000,6.780500,6.765666,0.014834,0.047000,0.048875,0.972083,638,8071014,123304,0,7210
13795,16.948416,16.927582,0.000000,6.865250,6.857501,0.007749,0.045792,0.036167,0.300583,632,8080207,131989,0,5408
13796,16.776042,16.753418,0.000000,6.937624,6.936249,0.001375,0.053375,0.016417,0.965541,634,8080279,125556,0,5408
13797,16.546792,16.493664,0.000000,6.725749,6.723874,0.001875,0.054666,0.024125,0.293542,638,8055508,125381,0,7210
13798,16.749208,16.783461,0.000000,6.817542,6.817167,0.000375,0.050208,0.047250,0.934792,633,8095758,128272,0,5408
13799,16.726000,16.688657,0.000000,6.885917,6.876374,0.009543,0.052042,0.021416,0.772501,630,8080143,126220,0,5408
13800,16.488583,16.432169,0.000000,6.811208,6.809124,0.002084,0.054084,0.017125,0.658125,638,8055563,124575,0,7210
13801,16.803959,16.838249,0.000000,6.925375,6.924917,0.000458,0.052625,0.018708,0.901792,632,8095670,128509,0,5408
13802,16.538333,16.493512,0.000000,7.017625,7.014541,0.003084,0.045333,0.010084,0.290375,654,8080256,122885,0,5408
13803,16.831625,16.820938,0.000000,6.863292,6.856708,0.006584,0.057667,0.019833,0.908958,639,8071019,129339,0,7210
13804,16.329833,16.342910,0.000000,7.115916,7.111916,0.004000,0.049417,0.036708,0.292709,635,8101365,124457,0,5599
13805,17.086834,17.045841,0.000000,6.236709,6.234125,0.002584,0.051583,0.020875,0.895917,630,8058065,139232,0,5408
13806,16.292416,16.248040,0.000000,6.855251,6.850333,0.004918,0.047500,0.012584,0.606458,643,8085586,125985,0,7373
13807,17.050792,17.099513,0.000000,6.854166,6.849417,0.004749,0.051833,0.058792,0.903166,632,8080253,133949,0,5408
13808,16.702625,16.650835,0.000000,6.986750,6.986374,0.000376,0.047333,0.013167,1.221124,631,8066197,124434,0,5408
13809,16.681917,16.662294,0.000000,7.063918,7.045042,0.018876,0.047458,0.018375,0.609792,637,8069633,125446,0,7210
13810,16.741416,16.722128,0.000000,7.016333,7.008833,0.007500,0.057042,0.020333,1.228458,631,8080209,124377,0,5408
13811,16.722167,16.703352,0.000000,6.905542,6.904500,0.001042,0.056625,0.012792,0.289542,640,8072321,124919,0,7006
13812,16.609583,16.626331,0.000000,6.939458,6.938999,0.000459,0.061167,0.054125,0.946541,633,8079062,125244,0,5612
13813,16.670500,16.622743,0.000000,7.015292,7.008292,0.007000,0.043875,0.017417,0.319333,632,8080142,123963,0,5408
13814,16.769500,16.779296,0.000000,7.114333,7.113916,0.000334,0.087959,0.020750,1.038000,639,8055542,121989,0,7210
13815,16.610042,16.567761,0.000000,6.660500,6.660166,0.000334,0.048458,0.034834,0.588458,632,8095697,125049,0,5408
13816,16.288125,16.285369,0.000000,7.054668,7.054168,0.000500,0.051125,0.018375,0.645166,636,8109922,119836,0,5635
13817,17.058333,17.031119,0.000000,6.958749,6.954332,0.004417,0.051292,0.012292,0.970417,638,8040157,130232,0,7210
13818,16.769417,16.791445,0.000000,7.235667,7.231583,0.004084,0.057500,0.036917,0.307458,631,8095683,122961,0,5408
13819,16.687417,16.636760,0.000000,7.168416,7.167792,0.000624,0.059708,0.035125,0.971875,631,8064776,120547,0,5408
13820,16.628208,16.603812,0.000000,7.172167,7.171792,0.000375,0.053167,0.012041,0.311625,639,8071000,120561,0,7210
13821,16.648208,16.636679,0.000000,7.102709,7.102250,0.000459,0.053167,0.017875,0.618084,631,8080252,122755,0,5408
13822,16.728584,16.710326,0.000000,7.287875,7.287542,0.000333,0.050458,0.034083,0.938000,632,8080261,120441,0,5408
13823,16.723083,16.696322,0.000000,7.247667,7.244833,0.002834,0.062458,0.013000,0.655000,638,8071030,121108,0,7210
13824,16.731208,16.721004,0.000000,7.163291,7.162583,0.000708,0.052167,0.012833,0.591125,631,8080213,121434,0,5408
13825,16.631292,16.652742,0.000000,7.045499,7.034833,0.010666,0.052542,0.051458,0.657042,653,8085299,123133,0,7449
13826,16.649583,16.567992,0.000000,7.282084,7.275083,0.007001,0.050667,0.010208,0.983417,638,8039945,118147,0,7210
13827,16.723000,16.734796,0.000000,7.075833,7.064457,0.011376,0.060375,0.014000,0.291667,630,8095717,123262,0,5408
13828,16.743834,16.766004,0.000000,7.213376,7.213043,0.000333,0.051500,0.050875,0.668250,634,8095664,120606,0,5408
13829,16.601166,16.536043,0.000000,7.184166,7.169083,0.015083,0.052917,0.011625,0.471334,637,8055586,119020,0,7210
13830,16.611917,16.640584,0.000000,7.184959,7.166250,0.018709,0.045583,0.052625,1.259208,632,8095714,121803,0,5408
13831,16.734458,16.681042,0.000000,7.262334,7.258042,0.004292,0.046417,0.032583,0.948083,632,8064789,120667,0,5408
13832,16.086792,16.153573,0.000000,7.239708,7.238749,0.000792,0.051042,0.095791,0.316333,651,8161206,119972,0,7667
13833,17.163625,17.060514,0.000000,4.208375,4.152333,0.056042,0.045333,0.034959,0.838417,623,7987617,191576,0,5408
13834,16.679833,16.653787,0.000000,5.991250,5.982084,0.009166,0.053709,0.014458,0.409834,633,8064723,141073,0,5408
13835,16.280667,16.261083,0.000000,5.866249,5.859638,0.006403,0.045375,0.028875,0.972459,646,8131955,145439,0,7384
13836,17.205750,17.214703,0.000000,6.037791,6.026874,0.010917,0.059792,0.018208,0.607833,630,8049308,142589,0,5408
13837,16.587625,16.558376,0.000000,5.695876,5.689431,0.005986,0.055250,0.072583,0.964500,630,8049272,141454,0,5408
13838,16.243875,16.277376,0.000000,6.095333,6.090791,0.004542,0.048625,0.064167,0.963334,647,8116145,138168,0,7429
13839,17.055500,17.018194,0.000000,5.797917,5.797305,0.000362,0.053917,0.047000,0.661209,628,8049394,147050,0,5408
13840,16.798667,16.746093,0.000000,6.371083,6.360958,0.010125,0.058916,0.024417,1.041876,632,8064777,136471,0,5408
13841,16.521166,16.520374,0.000000,6.065790,6.061915,0.003875,0.061042,0.030542,0.305083,642,8101960,137963,0,7210
13842,16.750167,16.784313,0.000000,6.077333,6.068416,0.008917,0.071542,0.072583,0.982499,628,8064690,138682,0,5408
13843,16.740500,16.659986,0.000000,6.142376,6.126709,0.015667,0.058333,0.034667,0.305708,633,8080220,138328,0,5408
13844,16.655167,16.615451,0.000000,6.218043,6.194875,0.023168,0.057375,0.036625,0.969208,638,8071021,135983,0,7210
13845,16.694833,16.688554,0.000000,6.130250,6.127291,0.002959,0.053708,0.016959,0.961083,631,8080204,139763,0,5408
13846,16.611000,16.648330,0.000000,6.298041,6.296708,0.001333,0.056125,0.052375,0.665666,633,8080248,135777,0,5408
13847,16.648000,16.562289,0.000000,6.334583,6.334291,0.000292,0.055583,0.014375,0.900207,641,8071186,137465,0,7210
13848,16.816792,16.836292,0.000000,5.677584,5.672555,0.004862,0.053750,0.024500,0.486750,630,8064589,146353,0,5408
13849,16.630125,16.615262,0.000000,5.584833,5.580264,0.004361,0.050000,0.048708,1.217834,635,8095696,146264,0,5408
13850,16.691666,16.657470,0.000000,5.832791,5.832055,0.000486,0.086167,0.023083,0.629625,641,8086394,143892,0,7210
13851,16.748417,16.733086,0.000000,5.410209,5.408972,0.001070,0.056792,0.013916,0.946500,630,8064787,147130,0,5408
13852,16.596708,16.591162,0.000000,5.819208,5.818722,0.000236,0.053375,0.019542,0.628791,631,8080246,142974,0,5408
13853,16.546792,16.554755,0.000000,5.749375,5.742013,0.007112,0.084917,0.020750,1.029499,645,8101942,143056,0,7210
13854,16.734833,16.707976,0.000000,5.701667,5.689221,0.012237,0.055625,0.044667,0.982125,629,8064700,144229,0,5408
13855,16.732167,16.654924,0.000000,5.597124,5.596639,0.000277,0.061583,0.017917,0.609209,632,8049307,143742,0,5408
13856,16.484542,16.517341,0.000000,5.762584,5.761805,0.000612,0.047333,0.018500,1.226083,649,8147247,146027,0,7401
13857,16.764291,16.755444,0.000000,4.434251,4.420305,0.013737,0.056959,0.015416,0.446083,628,8033856,164258,0,5408
13858,16.763625,16.738096,0.000000,5.377959,5.373265,0.004569,0.064459,0.043708,0.960834,634,8095799,151384,0,5408
13859,16.672584,16.650721,0.000000,5.325957,5.325513,0.000153,0.046291,0.018459,0.610167,639,8055458,152526,0,7210
13860,16.752500,16.722911,0.000000,5.352458,5.352096,0.000279,0.059750,0.037625,0.776917,631,8080257,149098,0,5408
13861,16.634291,16.601581,0.000000,5.261250,5.260514,0.000278,0.047500,0.019125,0.616041,630,8064699,150423,0,5408
13862,16.713750,16.766406,0.000000,5.031834,5.031222,0.000237,0.064667,0.032833,0.938958,643,8096252,151461,0,7210
13863,16.669375,16.641148,0.000000,4.943457,4.942763,0.000403,0.072000,0.025459,0.583584,631,8070476,150912,0,5408
13864,16.717250,16.686352,0.000000,5.315833,5.315348,0.000194,0.054125,0.028667,0.609625,641,8086429,149768,0,7210
13865,16.568750,16.548296,0.000000,4.848376,4.847764,0.000320,0.039542,0.032167,1.244832,631,8049371,151323,0,5408
13866,16.753084,16.718011,0.000000,5.255083,5.254680,0.000112,0.051291,0.029167,0.614083,633,8095643,149042,0,5408
13867,16.609541,16.596668,0.000000,5.167709,5.167306,0.000194,0.038750,0.027417,0.922626,638,8055559,147549,0,7210
13868,16.660709,16.638666,0.000000,5.308792,5.308306,0.000236,0.034250,0.035291,0.613291,632,8080236,148551,0,5408
13869,16.733416,16.719655,0.000000,5.404501,5.403972,0.000321,0.047584,0.026583,0.973250,631,8080356,146926,0,5408
13870,16.661375,16.651744,0.000000,5.348124,5.347847,0.000152,0.043792,0.025958,1.237416,640,8070867,145464,0,7210
13871,16.652000,16.591129,0.000000,5.082084,5.081722,0.000112,0.035125,0.028709,0.626083,632,8064791,148189,0,5408
13872,16.628500,16.614692,0.000000,5.248333,5.247888,0.000362,0.048625,0.027625,1.216541,632,8095695,145027,0,5408
13873,16.789084,16.795334,0.000000,5.200375,5.199764,0.000361,0.041125,0.026333,0.625584,641,8086470,149162,0,7210
13874,16.780791,16.756873,0.000000,5.419332,5.418430,0.000486,0.057584,0.027125,0.953625,632,8080175,146069,0,5408
13875,16.572834,16.526856,0.000000,5.563668,5.563305,0.000196,0.048291,0.026084,0.606375,632,8052686,145117,0,5408
13876,16.724500,16.739161,0.000000,5.732000,5.731598,0.000236,0.041750,0.028958,0.744042,639,8083114,145139,0,7210
13877,16.665708,16.627693,0.000000,4.710458,4.709889,0.000403,0.040667,0.025333,1.054625,632,8080236,154534,0,5408
13878,16.624833,16.618677,0.000000,5.248791,5.248388,0.000237,0.044667,0.026542,0.460917,631,8080211,146397,0,5408
13879,16.762500,16.754822,0.000000,5.161667,5.161223,0.000319,0.043792,0.028167,0.736125,641,8071031,149584,0,7210
13880,16.657334,16.605629,0.000000,4.928042,4.927514,0.000362,0.036458,0.009958,0.444666,631,8072537,149274,0,5408
13881,16.673583,16.690656,0.000000,5.137501,5.137097,0.000279,0.035458,0.035959,1.257417,634,8105593,150491,0,5408
13882,16.713375,16.697088,0.000000,5.240458,5.239931,0.000360,0.050208,0.026167,0.608083,640,8068933,149421,0,7210
13883,16.688125,16.649240,0.000000,4.929083,4.928763,0.000195,0.044208,0.029709,1.249959,632,8064667,151059,0,5408
13884,16.651708,16.627460,0.000000,5.029583,5.029013,0.000112,0.038542,0.027333,0.606125,632,8080238,148706,0,5408
13885,16.693000,16.683502,0.000000,4.993957,4.993389,0.000277,0.039417,0.027458,1.064125,640,8071105,150475,0,7210
13886,16.220667,16.393214,0.000000,5.170666,5.170097,0.000278,0.034625,0.226417,1.260251,638,8109241,153239,0,5730
13887,17.131875,16.899660,0.000000,4.803000,4.802596,0.000237,0.036792,0.026875,0.456875,628,8049419,157248,0,5408
13888,16.739875,16.711216,0.000000,5.176292,5.175598,0.000319,0.041875,0.026167,1.104666,641,8070871,151354,0,7210
13889,16.668500,16.675534,0.000000,5.062875,5.062180,0.000362,0.038000,0.030458,0.453125,632,8080410,152044,0,5408
13890,16.646625,16.639335,0.000000,5.034875,5.034388,0.000237,0.044333,0.026959,0.763458,632,8081246,149516,0,5408
13891,16.691958,16.677546,0.000000,5.161292,5.160723,0.000361,0.038292,0.031542,0.609959,639,8069879,150803,0,7210
13892,16.346750,16.394633,0.000000,5.158667,5.158139,0.000194,0.031750,0.102917,0.769000,644,8203220,155754,0,5537
13893,17.056459,16.980486,0.000000,5.245709,5.241888,0.003487,0.049333,0.028083,1.053250,622,7971839,150608,0,5408
13894,16.207041,16.350685,0.000000,5.343333,5.342931,0.000235,0.038167,0.202250,0.451417,640,8071017,145600,0,7210
13895,16.894875,16.715952,0.000000,5.054459,5.053931,0.000319,0.055417,0.020625,0.734792,638,8141251,155027,0,5588
13896,17.103292,17.123718,0.000000,4.792041,4.759013,0.032945,0.075000,0.040292,0.619167,630,8033670,151472,0,5408
13897,16.441667,16.395666,0.000000,3.995874,3.994972,0.000277,0.055708,0.021833,0.922041,638,8040092,152494,0,7210
13898,16.789458,16.758876,0.000000,4.740042,4.739514,0.000194,0.067958,0.013917,0.614167,635,8095657,149660,0,5408
13899,16.559250,16.563674,0.000000,4.684709,4.683888,0.000571,0.057333,0.030917,0.932041,631,8064841,147557,0,5408
13900,16.639708,16.581037,0.000000,4.736915,4.736639,0.000110,0.064375,0.019917,0.907750,641,8101837,150947,0,7210
13901,16.889042,16.909008,0.000000,5.354667,5.340430,0.013987,0.059125,0.067792,0.635667,634,8084506,150023,0,5408
13902,16.625750,16.596713,0.000000,5.291458,5.291138,0.000154,0.066458,0.018000,0.758001,628,8076000,145554,0,5408
13903,16.747333,16.746125,0.000000,5.356210,5.355681,0.000236,0.057250,0.053709,0.636208,642,8070898,146361,0,7210
13904,16.659834,16.630655,0.000000,5.407124,5.406722,0.000236,0.061000,0.015333,1.214875,630,8064760,144781,0,5408
13905,16.353833,16.320016,0.000000,5.366626,5.350305,0.016029,0.057667,0.038458,0.640958,634,8109966,149092,0,5644
13906,16.451208,16.638473,0.000000,5.036874,5.033597,0.003194,0.048667,0.247750,0.800083,645,8069348,155462,0,7532
13907,17.215875,17.018698,0.000000,5.142084,5.141597,0.000278,0.057584,0.032500,0.613916,632,8064686,154252,0,5408
13908,16.455500,16.403352,0.000000,5.549209,5.546930,0.002029,0.054584,0.015541,0.758542,631,8048337,146664,0,5599
13909,16.909959,16.941307,0.000000,5.172251,5.166223,0.005861,0.051541,0.071667,0.962250,644,8101968,153125,0,7210
13910,16.878250,16.905493,0.000000,5.599707,5.588263,0.011236,0.152291,0.053084,0.459291,632,8080021,144495,0,5408
13911,16.508666,16.386080,0.000000,5.547542,5.546888,0.000362,0.059959,0.025041,0.949000,627,8064917,140433,0,5408
13912,16.391959,16.423410,0.000000,5.673500,5.672931,0.000277,0.053708,0.045667,0.638667,644,8085179,144170,0,7426
13913,16.689750,16.679463,0.000000,5.519458,5.516097,0.003153,0.068166,0.028167,1.348042,635,8079295,149386,0,5619
13914,16.880916,16.800794,0.000000,5.290666,5.289304,0.000945,0.055875,0.019792,0.641208,629,8048034,148482,0,5617
13915,16.780709,16.825788,0.000000,5.630042,5.627723,0.002069,0.062625,0.034041,0.943083,640,8087546,146625,0,7001
13916,16.709916,16.636909,0.000000,5.692375,5.691806,0.000444,0.058375,0.024959,0.911417,631,8049330,143913,0,5408
13917,16.726625,16.720671,0.000000,5.811209,5.810805,0.000154,0.063459,0.024541,0.608167,641,8102105,144639,0,7210
13918,16.588625,16.528899,0.000000,5.664792,5.664223,0.000236,0.056834,0.037291,1.048500,630,8049159,143633,0,5408
13919,16.431334,16.530800,0.000000,5.803374,5.801138,0.002153,0.048583,0.074292,0.647166,636,8125820,144680,0,5537
13920,16.479583,16.512042,0.000000,5.618792,5.618222,0.000320,0.048333,0.179584,0.926333,645,8132768,149136,0,7210
13921,17.210583,17.127177,0.000000,5.455375,5.454848,0.000277,0.077625,0.037917,0.616291,627,8018550,151315,0,5408
13922,16.618250,16.588376,0.000000,5.595751,5.595264,0.000237,0.059792,0.037792,1.245292,634,8080152,141635,0,5408
13923,16.684834,16.698238,0.000000,5.760792,5.760055,0.000487,0.051208,0.072583,0.294208,640,8070996,142221,0,7210
13924,16.745416,16.679593,0.000000,5.647001,5.646598,0.000236,0.056875,0.022292,1.178457,630,8056382,145183,0,5408
13925,16.600917,16.601618,0.000000,5.089167,5.088597,0.000278,0.066542,0.019666,0.944167,635,8105366,151660,0,5408
13926,16.609417,16.603838,0.000000,5.605417,5.604805,0.000529,0.070166,0.035417,0.625250,638,8054282,146014,0,7210
13927,16.753083,16.672406,0.000000,5.394292,5.393722,0.000278,0.063833,0.019292,1.325459,632,8080256,149014,0,5408
13928,16.631250,16.671175,0.000000,5.437416,5.436972,0.000236,0.048000,0.043667,0.647708,631,8080179,148456,0,5408
13929,16.694125,16.656369,0.000000,5.612334,5.611097,0.000987,0.066292,0.018958,0.947041,641,8071016,147708,0,7210
13930,16.738750,16.691369,0.000000,5.427542,5.427223,0.000152,0.047917,0.013416,0.627417,629,8064849,148094,0,5408
13931,16.687792,16.677672,0.000000,5.624501,5.623847,0.000362,0.050833,0.013042,0.936209,633,8080328,145924,0,5408
13932,16.654583,16.631749,0.000000,5.395542,5.394513,0.000612,0.059458,0.019209,0.935333,660,8075736,148559,0,9251
13933,16.716042,16.732185,0.000000,5.574001,5.573473,0.000236,0.061125,0.019625,0.458667,634,8095813,147290,0,5408
13934,16.678666,16.659751,0.000000,5.389834,5.389347,0.000195,0.064417,0.016833,0.951751,630,8065124,143137,0,5408
13935,16.601834,16.569164,0.000000,5.291541,5.291221,0.000153,0.051541,0.018875,0.634042,640,8070547,148749,0,7210
13936,16.753833,16.746762,0.000000,5.397666,5.397139,0.000277,0.053875,0.019333,1.287042,632,8080443,149605,0,5408
13937,16.499667,16.483838,0.000000,5.510709,5.509931,0.000570,0.045875,0.018375,0.303584,638,8140604,148542,0,5630
13938,16.897000,16.880513,0.000000,4.997292,4.996638,0.000445,0.057125,0.049666,0.767501,636,7993732,157018,0,7210
13939,16.665291,16.673045,0.000000,5.292708,5.292181,0.000360,0.051834,0.055791,0.932625,632,8080233,150027,0,5408
13940,16.681167,16.636125,0.000000,5.525416,5.524972,0.000194,0.049417,0.037000,0.478541,632,8080230,146350,0,5408
13941,16.340917,16.334705,0.000000,5.677126,5.676596,0.000321,0.043875,0.057625,0.913832,645,8100851,144973,0,7413
13942,17.069041,17.014706,0.000000,5.388083,5.387639,0.000277,0.062417,0.031042,0.447625,631,8049424,152093,0,5408
13943,16.654459,16.651344,0.000000,5.694167,5.693680,0.000278,0.066000,0.019875,1.115375,629,8064629,142884,0,5408
13944,16.747875,16.789798,0.000000,5.740750,5.740430,0.000237,0.064375,0.056583,0.290833,643,8111188,145092,0,7210
13945,16.622041,16.569045,0.000000,4.933833,4.933264,0.000278,0.054167,0.019958,0.760875,630,8055557,152805,0,5408
13946,16.762417,16.732844,0.000000,5.501584,5.501097,0.000320,0.059250,0.037250,0.296250,633,8095638,146828,0,5408
13947,16.608250,16.579807,0.000000,5.167124,5.158096,0.008820,0.050458,0.014459,0.770626,641,8070934,148681,0,7210
13948,16.166708,16.282125,0.000000,5.626708,5.626264,0.000152,0.053334,0.188833,0.951042,633,8068199,146631,0,5531
13949,16.696750,16.666393,0.000000,5.247584,5.246680,0.000570,0.059250,0.158334,0.470792,630,8076295,154681,0,5408
13950,17.089167,16.988408,0.000000,5.292292,5.291930,0.000195,0.052750,0.033958,1.272792,643,8101753,154753,0,7210
13951,16.721500,16.678448,0.000000,5.448334,5.447890,0.000236,0.056750,0.016167,0.462709,631,8049315,147897,0,5408
13952,16.202042,16.366272,0.000000,5.612667,5.610222,0.002153,0.060041,0.211542,1.122376,646,8185902,148379,0,5865
13953,17.129666,16.922694,0.000000,4.976707,4.970721,0.005820,0.055875,0.013084,0.449708,634,7977298,161643,0,7413
13954,16.694667,16.705966,0.000000,5.368083,5.367431,0.000360,0.065417,0.017791,0.738999,631,8080322,149478,0,5408
13955,16.598792,16.585370,0.000000,5.395750,5.395347,0.000278,0.059041,0.014084,0.911250,638,8122486,152040,0,5599
13956,16.774250,16.734331,0.000000,4.752917,4.752513,0.000154,0.063125,0.024541,0.627875,637,8012111,158461,0,7210
13957,16.728666,16.704247,0.000000,5.494458,5.490181,0.003944,0.052459,0.019333,0.981499,632,8067860,150136,0,5408
13958,16.727584,16.749521,0.000000,5.535292,5.526722,0.008320,0.064666,0.059875,0.446333,635,8107977,147246,0,5408
13959,16.635375,16.610335,0.000000,5.398167,5.382263,0.015612,0.061875,0.017708,0.794168,640,8071076,146719,0,7210
13960,16.600416,16.523753,0.000000,5.707250,5.706889,0.000194,0.046834,0.017500,0.611041,632,8064690,145649,0,5408
13961,16.752292,16.722826,0.000000,5.633374,5.632972,0.000194,0.051083,0.013209,1.038541,631,8064768,147179,0,5408
13962,16.716250,16.747796,0.000000,5.640540,5.638721,0.001653,0.056542,0.019500,0.350083,638,8101910,146089,0,7210
13963,16.119167,16.335173,0.000000,5.777416,5.776514,0.000569,0.065708,0.234333,1.263916,645,8169652,146215,0,6009
13964,17.352125,17.144332,0.000000,5.102792,5.102514,0.000153,0.063083,0.049583,0.600250,628,8003040,160399,0,5408
13965,16.576750,16.529207,0.000000,5.023585,5.023055,0.000321,0.055916,0.013917,0.612583,639,8055546,154857,0,7210
13966,16.655416,16.709759,0.000000,5.643501,5.642556,0.000611,0.061500,0.076625,1.283875,635,8111116,147633,0,5408
13967,16.351542,16.303830,0.000000,5.502875,5.502264,0.000444,0.050000,0.064458,0.516500,641,8070758,148303,0,7279
13968,17.059000,17.030751,0.000000,5.093083,5.089263,0.003445,0.072083,0.035042,0.923292,631,8048695,158275,0,5492
13969,16.667792,16.579710,0.000000,5.447834,5.447265,0.000319,0.053666,0.018750,0.609041,632,8064795,143608,0,5408
13970,16.828583,16.915358,0.000000,5.677000,5.676305,0.000236,0.081583,0.039250,0.902167,643,8117341,145734,0,7210
13971,16.544250,16.482440,0.000000,5.399125,5.391763,0.007195,0.070667,0.038416,0.638666,630,8033873,145629,0,5408
13972,16.452792,16.441160,0.000000,5.696833,5.694722,0.001819,0.066916,0.017959,0.638125,637,8110442,143602,0,5537
13973,16.454666,16.562372,0.000000,5.521958,5.521597,0.000153,0.062917,0.142208,1.091541,642,8065668,151016,0,7339
13974,17.183417,17.043757,0.000000,5.221626,5.213805,0.007446,0.060625,0.024417,0.619333,630,8069351,152590,0,5408
13975,16.647708,16.590541,0.000000,5.458124,5.453514,0.004402,0.053834,0.012625,1.281541,632,8064974,146540,0,5408
13976,16.623375,16.645383,0.000000,5.651667,5.651097,0.000237,0.089834,0.014708,0.453709,642,8086283,146923,0,7210
13977,16.683417,16.641255,0.000000,5.492042,5.484888,0.006904,0.055667,0.013041,0.671541,631,8070166,146910,0,5408
13978,16.356708,16.414451,0.000000,5.729375,5.728806,0.000319,0.056750,0.104709,0.772458,640,8166452,148479,0,5605
13979,17.090875,16.996043,0.000000,5.458458,5.448263,0.010111,0.059417,0.023583,0.639500,632,7993887,150379,0,7210
13980,16.614792,16.647324,0.000000,5.663042,5.662305,0.000320,0.055667,0.053833,0.595292,633,8080128,143183,0,5408
13981,16.711875,16.650499,0.000000,5.912750,5.891292,0.021458,0.052125,0.045042,0.290167,631,8064783,141006,0,5408
13982,16.651250,16.650251,0.000000,5.675292,5.673555,0.001570,0.058708,0.033084,1.290667,641,8080819,142750,0,7210
13983,16.701333,16.677636,0.000000,5.611125,5.610596,0.000362,0.062417,0.041792,0.621584,631,8070429,145504,0,5408
13984,16.798084,16.754409,0.000000,5.920416,5.906250,0.014166,0.050166,0.011500,0.925249,632,8080345,142805,0,5408
13985,16.139083,16.277841,0.000000,5.160500,5.148014,0.012361,0.053958,0.167667,0.612750,648,8130901,153497,0,7532
13986,17.097625,16.940203,0.000000,4.872834,4.872138,0.000362,0.059000,0.023208,0.942792,629,8018478,155183,0,5408
13987,16.732083,16.706874,0.000000,5.547875,5.547181,0.000319,0.050375,0.013084,0.948792,633,8095720,149791,0,5408
13988,16.655042,16.658285,0.000000,5.493917,5.490847,0.002820,0.051833,0.041459,0.634375,640,8070966,148219,0,7210
13989,16.756333,16.770052,0.000000,5.439375,5.438680,0.000320,0.063459,0.079208,0.900749,633,8095640,149400,0,5408
13990,16.586875,16.543966,0.000000,5.446750,5.446056,0.000402,0.060000,0.022292,0.610167,631,8064928,145318,0,5408
13991,16.284334,16.353299,0.000000,5.524125,5.522347,0.001695,0.055708,0.125625,0.973999,642,8054598,146178,0,7362
13992,17.100791,16.980744,0.000000,4.747835,4.744847,0.002821,0.046625,0.033125,0.613584,636,8097570,165045,0,5661
13993,16.692167,16.661534,0.000000,5.448250,5.447848,0.000277,0.062792,0.015666,0.945958,632,8077170,148181,0,5408
13994,16.774125,16.780410,0.000000,5.307417,5.306389,0.000361,0.071250,0.021750,0.949751,640,8070829,148254,0,7210
13995,16.111292,16.246200,0.000000,4.843082,4.824930,0.017778,0.047708,0.218750,0.299875,633,8095650,151072,0,5408
13996,17.181875,16.974541,0.000000,5.094250,5.088097,0.005903,0.051583,0.021333,0.958750,631,8064787,154658,0,5408
13997,16.613583,16.672036,0.000000,5.527250,5.526847,0.000195,0.088208,0.032917,0.610834,641,8078864,149028,0,7210
13998,16.728833,16.679965,0.000000,5.627792,5.618930,0.008570,0.059417,0.026125,0.940084,631,8072333,146672,0,5408
13999,16.690500,16.647172,0.000000,5.585459,5.584973,0.000361,0.059542,0.020333,0.620166,631,8080237,146146,0,5408
14000,16.605584,16.587078,0.000000,5.513334,5.512847,0.000278,0.063458,0.015292,0.739166,640,8071006,146285,0,7210
14001,16.786458,16.814937,0.000000,5.401083,5.400596,0.000237,0.050458,0.038750,0.905750,633,8080257,149670,0,5408
14002,16.661958,16.640171,0.000000,5.503125,5.502806,0.000152,0.055250,0.060167,0.633791,634,8095839,146787,0,5408
14003,16.621084,16.560636,0.000000,5.398833,5.393681,0.004944,0.052333,0.012500,1.232541,638,8040058,146926,0,7210
14004,16.405041,16.369885,0.000000,5.563292,5.562763,0.000320,0.056334,0.023333,0.609833,636,8110162,150225,0,5582
14005,17.017792,17.039066,0.000000,4.648209,4.643014,0.004986,0.056917,0.016958,1.076958,631,8064618,161120,0,5408
14006,16.667542,16.630624,0.000000,5.292541,5.292055,0.000111,0.065708,0.024583,0.293041,641,8070955,149149,0,7210
14007,16.326541,16.377627,0.000000,5.250751,5.250180,0.000279,0.067667,0.074792,0.771041,632,8079064,151606,0,5627
14008,17.025667,16.977868,0.000000,5.003166,5.002806,0.000235,0.063792,0.028250,0.466750,634,8080244,155821,0,5408
14009,16.697625,16.687334,0.000000,5.474458,5.454222,0.020028,0.062125,0.040833,0.960417,641,8071117,145884,0,7210
14010,16.680333,16.628116,0.000000,5.418999,5.418429,0.000320,0.050042,0.018500,0.629083,634,8080320,147008,0,5408
14011,16.747084,16.784469,0.000000,5.300583,5.285847,0.014236,0.064500,0.047083,0.646875,633,8079975,146978,0,5408
14012,16.615833,16.564921,0.000000,5.600376,5.599680,0.000487,0.059833,0.013209,1.186583,639,8070992,143293,0,7210
14013,16.725042,16.727777,0.000000,5.632083,5.631513,0.000279,0.059166,0.042959,0.608667,630,8064796,145707,0,5408
14014,16.713458,16.650447,0.000000,5.593709,5.592848,0.000652,0.054417,0.047291,1.282792,634,8095630,143898,0,5408
14015,16.590833,16.585557,0.000000,5.541000,5.536305,0.004403,0.050000,0.010459,0.646458,640,8071006,145423,0,7210
14016,16.782084,16.775499,0.000000,5.850000,5.849555,0.000195,0.057208,0.024542,0.763500,629,8064784,143696,0,5408
14017,16.670458,16.685997,0.000000,5.507541,5.507014,0.000235,0.065708,0.050500,0.932166,633,8080228,143991,0,5408
14018,16.659875,16.617862,0.000000,5.722125,5.721472,0.000403,0.058417,0.036541,0.468208,643,8086458,143858,0,7210
14019,16.701458,16.678878,0.000000,5.788666,5.788180,0.000153,0.064584,0.050166,0.920334,629,8064787,142929,0,5408
14020,16.646292,16.658117,0.000000,5.813916,5.813431,0.000277,0.063458,0.033667,0.445291,641,8101920,143220,0,7261
14021,16.947042,16.926078,0.000000,5.000041,4.999430,0.000236,0.070958,0.024292,1.090124,633,8063393,155309,0,5612
14022,16.517791,16.498169,0.000000,5.566916,5.556388,0.010195,0.068709,0.034000,0.614750,630,8064788,140486,0,5408
14023,16.695167,16.657407,0.000000,5.696583,5.696139,0.000069,0.054167,0.019791,1.265667,643,8086483,144052,0,7210
14024,16.683083,16.668962,0.000000,5.691709,5.691347,0.000153,0.056875,0.027000,0.610250,630,8064769,143987,0,5408
14025,16.324375,16.284958,0.000000,5.649250,5.648555,0.000153,0.049625,0.026750,1.168833,635,8110079,140842,0,5599
14026,16.865917,16.922378,0.000000,5.186041,5.184097,0.001736,0.096583,0.052334,0.597583,642,8086504,150026,0,7210
14027,16.765542,16.636875,0.000000,5.582043,5.581681,0.000237,0.052500,0.018791,0.639667,627,8018381,143781,0,5408
14028,16.682333,16.725036,0.000000,5.596750,5.596221,0.000237,0.047167,0.022250,0.960251,633,8095681,143957,0,5408
14029,16.623375,16.594331,0.000000,5.917833,5.912764,0.004944,0.043292,0.014333,0.633750,640,8071235,140811,0,7210
14030,16.438083,16.481425,0.000000,5.770958,5.761180,0.009653,0.071292,0.048125,0.947542,637,8125489,148021,0,5576
14031,16.948667,16.925832,0.000000,5.071540,5.070971,0.000278,0.058417,0.046791,0.608375,629,8062790,154204,0,5408
14032,16.852583,16.840956,0.000000,5.598582,5.591597,0.006610,0.054667,0.057667,0.928083,640,8072972,145417,0,7210
14033,16.555417,16.458115,0.000000,4.950001,4.944389,0.005362,0.055375,0.020375,0.926083,631,8049312,150929,0,5408
14034,16.606417,16.663342,0.000000,5.287959,5.287430,0.000237,0.055166,0.071792,0.612542,634,8111216,146719,0,5408
14035,16.720500,16.648129,0.000000,5.586916,5.586306,0.000319,0.056291,0.019167,0.976791,638,8055566,146401,0,7210
14036,16.347583,16.385049,0.000000,5.593293,5.590931,0.001987,0.050750,0.073625,0.608792,636,8110116,150234,0,5578
14037,16.978292,16.907510,0.000000,4.754917,4.754305,0.000362,0.052041,0.016959,1.232792,628,8033856,159719,0,5408
14038,16.754000,16.811664,0.000000,5.451584,5.451098,0.000194,0.057625,0.072916,0.473042,645,8117319,148054,0,7211
14039,16.749916,16.698035,0.000000,5.181000,5.170097,0.010653,0.076250,0.037125,0.755208,649,8054507,150027,0,7448
14040,16.519459,16.479657,0.000000,5.424333,5.423929,0.000196,0.054666,0.018792,0.651916,632,8061717,143619,0,5408
14041,16.719041,16.690997,0.000000,5.496875,5.491348,0.005194,0.058417,0.019000,0.930333,639,8073806,146318,0,7210
14042,16.628250,16.624165,0.000000,5.356168,5.355722,0.000237,0.060584,0.028916,0.908250,634,8080243,146314,0,5408
14043,16.559584,16.527839,0.000000,5.566083,5.561513,0.004237,0.047166,0.018542,0.444500,629,8064879,143172,0,5408
14044,16.854833,16.882085,0.000000,5.463083,5.462389,0.000527,0.071583,0.037417,1.073750,642,8101851,148970,0,7210
14045,16.668125,16.623154,0.000000,5.485333,5.479097,0.006028,0.055208,0.014125,0.608000,630,8049339,145858,0,5408
14046,16.651667,16.634427,0.000000,5.682084,5.673097,0.008778,0.055125,0.035625,0.761334,632,8095582,143548,0,5408
14047,16.712083,16.701581,0.000000,5.505833,5.491556,0.014152,0.057625,0.019917,0.611833,641,8086443,144858,0,7210
14048,16.600000,16.583265,0.000000,5.540917,5.521014,0.019611,0.057917,0.013208,0.768542,632,8064799,144438,0,5408
14049,16.753500,16.688735,0.000000,5.599166,5.598554,0.000195,0.056792,0.014291,0.910959,631,8064791,144208,0,5408
14050,16.662375,16.679380,0.000000,5.527459,5.526931,0.000153,0.051625,0.018583,0.446083,640,8092472,143961,0,7210
14051,16.713708,16.709336,0.000000,5.657250,5.656097,0.000944,0.070875,0.022042,0.864625,632,8074176,143823,0,5408
14052,16.778750,16.787178,0.000000,5.797709,5.793847,0.003612,0.060375,0.040917,0.463291,633,8095672,143004,0,5408
14053,16.538459,16.501039,0.000000,5.029624,5.029097,0.000319,0.053833,0.053458,1.081667,641,8055539,150310,0,7210
14054,16.767083,16.779238,0.000000,5.364041,5.363639,0.000153,0.059333,0.052584,0.291542,634,8111107,146030,0,5408
14055,16.673667,16.649746,0.000000,5.366083,5.365513,0.000237,0.064208,0.037500,0.913334,629,8059834,143835,0,5408
14056,16.640875,16.592388,0.000000,5.385084,5.384556,0.000194,0.061833,0.021458,0.904791,639,8060482,144999,0,7210
14057,16.633250,16.610463,0.000000,5.334791,5.332430,0.002195,0.060166,0.018959,0.467208,634,8095711,145638,0,5408
14058,16.745750,16.716868,0.000000,5.564917,5.564221,0.000446,0.059666,0.018584,0.906292,631,8064766,144876,0,5408
14059,16.653041,16.641026,0.000000,5.429708,5.421223,0.008235,0.057125,0.014000,0.457042,643,8070950,146095,0,7210
14060,16.692625,16.669792,0.000000,5.644459,5.643931,0.000195,0.052209,0.021208,0.753000,631,8080287,145870,0,5408
14061,16.675500,16.667580,0.000000,5.748917,5.748347,0.000278,0.053917,0.018750,0.635584,631,8080156,144021,0,5408
14062,16.692459,16.668548,0.000000,5.689875,5.680265,0.009402,0.055000,0.017916,1.130541,642,8070985,145917,0,7210
14063,16.707791,16.639679,0.000000,5.390624,5.390139,0.000194,0.049792,0.013708,0.471958,630,8064810,146101,0,5408
14064,16.693584,16.720544,0.000000,5.567416,5.566721,0.000487,0.065791,0.027542,0.838709,632,8095652,144370,0,5408
14065,16.654708,16.678422,0.000000,5.457750,5.450598,0.006777,0.063292,0.027208,0.936584,641,8090276,145986,0,7210
14066,16.710292,16.648464,0.000000,5.544584,5.543930,0.000445,0.055458,0.015500,0.458709,630,8060930,144249,0,5408
14067,16.669000,16.686955,0.000000,5.834082,5.831929,0.001820,0.070791,0.019667,1.132833,633,8080367,143048,0,5408
14068,16.666625,16.629417,0.000000,5.678084,5.667223,0.010652,0.065125,0.038166,0.448792,642,8070844,144410,0,7210
14069,16.710041,16.662333,0.000000,5.715750,5.714347,0.001112,0.058167,0.023750,0.786125,628,8064804,143158,0,5408
14070,16.663042,16.681550,0.000000,5.849292,5.848680,0.000362,0.061417,0.012958,0.330541,634,8095642,142430,0,5408
14071,16.689583,16.684220,0.000000,5.601709,5.601223,0.000319,0.068209,0.019000,0.918625,641,8071031,144937,0,7210
14072,16.693209,16.662137,0.000000,5.687626,5.687014,0.000362,0.058125,0.021708,1.203583,631,8080318,143315,0,5408
14073,16.719791,16.730203,0.000000,5.057291,5.013971,0.043112,0.059334,0.040250,0.463708,638,8072049,150517,0,7006
14074,16.464375,16.427131,0.000000,5.432583,5.432139,0.000235,0.050084,0.031833,1.073876,637,8081391,146679,0,5741
14075,16.847042,16.851085,0.000000,5.327375,5.326722,0.000445,0.053208,0.043875,0.621333,631,8077310,149236,0,5408
14076,16.410875,16.469452,0.000000,5.746583,5.746180,0.000195,0.044750,0.121000,1.072875,642,8086534,146117,0,7210
14077,16.895833,16.768873,0.000000,5.162332,5.161931,0.000110,0.053792,0.022250,0.500375,630,8049153,149142,0,5408
14078,16.689084,16.683448,0.000000,5.507250,5.506305,0.000653,0.062791,0.014917,0.782083,634,8080319,146125,0,5408
14079,16.547250,16.529334,0.000000,5.450374,5.449471,0.000445,0.045375,0.018791,0.639417,644,8100065,148656,0,7532
14080,16.737791,16.738199,0.000000,5.022667,5.022181,0.000278,0.046750,0.043917,0.930249,636,8125517,161497,0,5599
14081,16.731292,16.729711,0.000000,5.176750,5.165097,0.011320,0.059583,0.069834,0.950041,628,8018596,148195,0,5408
14082,16.735083,16.697237,0.000000,5.533001,5.525430,0.007362,0.058375,0.046209,0.624417,642,8101973,145607,0,7210
14083,16.731584,16.744708,0.000000,4.641376,4.633015,0.008069,0.061250,0.044916,1.278709,632,8032354,158534,0,5663
14084,16.723125,16.680374,0.000000,5.556124,5.552847,0.002903,0.063541,0.029667,0.645625,632,8080205,144537,0,5408
14085,16.489791,16.492583,0.000000,5.478209,5.477722,0.000195,0.050417,0.068833,1.296457,642,8085310,145635,0,7421
14086,16.853959,16.749082,0.000000,5.081418,5.080890,0.000236,0.057541,0.023750,0.645625,629,8049343,150197,0,5408
14087,16.743458,16.773785,0.000000,5.629167,5.628764,0.000153,0.063917,0.023000,0.941667,634,8080260,144084,0,5408
14088,16.694917,16.639088,0.000000,5.567792,5.567388,0.000196,0.068041,0.043000,0.603166,638,8070991,142356,0,7210
14089,16.739416,16.834545,0.000000,5.804208,5.803723,0.000277,0.055334,0.080291,0.649000,634,8095688,144204,0,5408
14090,16.746667,16.709448,0.000000,5.695958,5.695597,0.000111,0.064667,0.087666,0.609209,632,8080210,142584,0,5408
14091,16.550000,16.472911,0.000000,5.643292,5.642846,0.000196,0.051875,0.013833,0.651584,640,8070990,139359,0,7210
14092,16.754000,16.806691,0.000000,5.629917,5.624390,0.005152,0.065750,0.079917,1.365084,634,8111136,145354,0,5408
14093,16.688542,16.639212,0.000000,5.627624,5.622513,0.004820,0.056583,0.042125,0.626625,631,8060335,141621,0,5408
14094,16.586833,16.501461,0.000000,5.765999,5.765346,0.000320,0.052250,0.018167,1.139542,637,8060053,140477,0,7210
14095,16.710167,16.710726,0.000000,5.674332,5.654847,0.019194,0.066250,0.037416,0.938750,633,8080258,144466,0,5408
14096,16.544125,16.552375,0.000000,5.830708,5.823889,0.006653,0.046250,0.018208,0.531583,633,8095639,141783,0,5408
14097,16.728666,16.760208,0.000000,5.854790,5.854221,0.000278,0.042417,0.066250,1.101500,639,8086660,144538,0,7210
14098,16.763459,16.687793,0.000000,6.225292,6.224792,0.000500,0.051875,0.043791,0.451167,630,8064521,142785,0,5408
14099,16.737458,16.781707,0.000000,5.798875,5.798624,0.000251,0.062167,0.073083,0.749375,632,8080262,142486,0,5408
14100,16.699333,16.620710,0.000000,5.871209,5.870513,0.000362,0.058834,0.027583,0.446042,639,8055520,140297,0,7210
14101,16.643584,16.634797,0.000000,4.822667,4.813681,0.008611,0.055833,0.049458,0.764167,631,8095705,151025,0,5408
14102,16.661416,16.693277,0.000000,5.602251,5.601806,0.000195,0.048500,0.056000,0.614167,634,8080256,144388,0,5408
14103,16.606209,16.527053,0.000000,5.526667,5.526138,0.000237,0.046375,0.012416,0.791167,639,8055576,143191,0,7210
14104,16.812333,16.812793,0.000000,5.796750,5.796181,0.000319,0.050833,0.040459,1.074834,632,8095607,145584,0,5408
14105,16.644792,16.644663,0.000000,5.665625,5.665097,0.000278,0.066875,0.023541,0.630375,632,8080219,143548,0,5408
14106,16.592375,16.563130,0.000000,5.748167,5.730930,0.016945,0.053666,0.012750,0.917001,640,8071105,141602,0,7210
14107,16.755500,16.698793,0.000000,5.562292,5.561890,0.000236,0.058500,0.024708,0.454708,631,8064684,145540,0,5408
14108,16.669791,16.661659,0.000000,5.656584,5.655972,0.000237,0.058875,0.021334,0.754666,632,8080273,143154,0,5408
14109,16.613875,16.656294,0.000000,5.828166,5.827804,0.000279,0.053875,0.049834,0.446375,641,8086423,142334,0,7210
14110,16.819584,16.770907,0.000000,5.601542,5.600598,0.000694,0.046583,0.012792,0.747958,632,8080278,145977,0,5408
14111,16.638500,16.583782,0.000000,5.687042,5.686639,0.000195,0.052875,0.020333,0.906624,631,8064909,143081,0,5408
14112,16.586791,16.613378,0.000000,5.797625,5.796929,0.000362,0.059500,0.015375,0.466125,641,8074387,142162,0,7210
14113,16.564000,16.546836,0.000000,5.783583,5.783223,0.000235,0.058250,0.018875,0.907291,635,8121887,146468,0,5619
14114,16.978375,17.011822,0.000000,5.087792,5.073930,0.013695,0.063709,0.063541,0.292250,630,8064756,149281,0,5408
14115,16.536584,16.508512,0.000000,5.534083,5.533471,0.000237,0.047333,0.074750,1.218042,640,8055520,141577,0,7210
14116,16.758041,16.695659,0.000000,5.764875,5.764431,0.000319,0.048292,0.017458,0.611500,631,8080231,143491,0,5408
14117,16.700584,16.668249,0.000000,5.745999,5.745388,0.000445,0.052250,0.023791,0.928875,632,8072774,142041,0,5408
14118,16.580125,16.530687,0.000000,5.822209,5.821555,0.000279,0.044000,0.017458,0.607083,638,8063031,139944,0,7210
14119,16.771625,16.804458,0.000000,5.776250,5.775765,0.000277,0.048958,0.044625,0.752542,635,8095660,144641,0,5408
14120,16.804500,16.828018,0.000000,5.782083,5.781638,0.000195,0.060125,0.051833,0.907500,634,8111217,142653,0,5408
14121,16.551083,16.476553,0.000000,4.940375,4.939888,0.000362,0.059417,0.019083,0.448209,638,8040117,149362,0,7210
14122,16.648375,16.647467,0.000000,5.693917,5.693431,0.000194,0.049292,0.019333,1.074292,631,8064713,144042,0,5408
14123,16.797542,16.806792,0.000000,5.643125,5.631764,0.011111,0.069375,0.019500,0.640375,633,8095789,145842,0,5408
14124,16.596833,16.544962,0.000000,5.447792,5.447346,0.000279,0.051583,0.023417,1.080041,641,8070861,144756,0,7210
14125,16.719917,16.696146,0.000000,5.563332,5.562722,0.000444,0.059166,0.036667,0.608917,632,8080221,144218,0,5408
14126,16.647333,16.656712,0.000000,5.680209,5.674264,0.005695,0.060917,0.023791,0.749375,630,8061542,143141,0,6050
14127,16.773833,16.699503,0.000000,5.655542,5.654763,0.000487,0.056917,0.017958,0.746667,638,8074309,145319,0,6568
14128,16.914667,17.260752,0.000000,5.540833,5.539931,0.000236,0.146333,0.252042,0.467042,639,8157397,146741,0,5408
14129,16.449042,16.116791,0.000000,4.991209,4.990805,0.000195,0.063958,0.015458,0.587917,634,8009281,140696,0,7210
14130,16.606416,16.606942,0.000000,5.418916,5.418430,0.000153,0.053292,0.033708,0.295959,632,8080310,144051,0,5408
14131,16.590250,16.516538,0.000000,5.204249,5.203597,0.000402,0.038875,0.028417,1.098750,631,8064641,144221,0,5408
14132,16.678750,16.708336,0.000000,5.417167,5.416722,0.000195,0.034167,0.038292,0.460917,638,8071116,143143,0,7210
14133,16.731750,16.670874,0.000000,5.269084,5.268388,0.000362,0.036125,0.031500,1.059417,632,8080225,144494,0,5408
14134,16.710250,16.703767,0.000000,5.185791,5.185348,0.000235,0.033167,0.029000,0.611416,634,8080126,141854,0,5408
14135,16.604625,16.573437,0.000000,5.226167,5.225806,0.000153,0.033834,0.033875,1.070041,638,8055573,141985,0,7210
14136,16.441000,16.497869,0.000000,5.427000,5.426429,0.000404,0.045167,0.068083,1.216709,643,8186937,145871,0,5685
14137,16.933834,16.844040,0.000000,4.874542,4.874015,0.000277,0.042041,0.026000,0.447500,625,7987498,148308,0,5408
14138,16.683083,16.669092,0.000000,5.421584,5.421181,0.000153,0.044333,0.025334,0.754958,641,8071008,142651,0,7210
14139,16.494042,16.445712,0.000000,5.258041,5.257430,0.000278,0.037875,0.035000,0.459208,636,8109933,144441,0,5630
14140,16.940375,16.955466,0.000000,4.845208,4.844681,0.000235,0.044416,0.042084,0.759250,632,8064867,154474,0,5408
14141,16.669958,16.667918,0.000000,5.379751,5.379555,0.000112,0.044333,0.027459,0.445084,638,8055502,143431,0,7210
14142,16.666333,16.636878,0.000000,5.283876,5.283430,0.000279,0.040292,0.030750,0.845959,633,8095611,144969,0,5408
14143,16.325375,16.419967,0.000000,5.297667,5.297098,0.000194,0.035542,0.145042,1.067875,637,8110018,145198,0,5611
14144,16.735459,16.641962,0.000000,5.267709,5.263722,0.003820,0.038750,0.091958,0.450792,645,8084938,150341,0,7489
14145,16.983500,16.902375,0.000000,4.934917,4.934638,0.000154,0.038333,0.027125,0.765041,636,8013228,150410,0,6433
14146,16.631291,16.637055,0.000000,5.542541,5.542264,0.000152,0.034834,0.029666,0.625916,644,8090393,142897,0,6424
14147,16.705500,16.677777,0.000000,5.372792,5.372347,0.000236,0.044625,0.029000,0.785667,639,8055564,143004,0,7210
14148,16.402459,16.486489,0.000000,4.833625,4.833180,0.000237,0.053916,0.100000,0.448000,632,8079776,150260,0,5533
14149,16.973916,16.858705,0.000000,4.914583,4.914306,0.000110,0.042334,0.027333,0.753666,635,8095569,152062,0,5408
14150,16.658375,16.671993,0.000000,5.445418,5.444931,0.000320,0.050709,0.037000,1.053167,647,8147492,145929,0,7339
14151,16.549375,16.530915,0.000000,5.317666,5.317013,0.000362,0.056750,0.030334,0.473667,627,8018336,148479,0,5408
14152,16.823167,16.789679,0.000000,5.130666,5.130306,0.000235,0.045500,0.025625,1.218041,630,8064757,148699,0,5408
14153,16.649042,16.617750,0.000000,5.303874,5.303513,0.000153,0.039000,0.028250,0.608542,640,8055567,144964,0,7210
14154,16.383166,16.462371,0.000000,5.273333,5.272846,0.000237,0.037334,0.165416,1.256375,640,8172299,148863,0,5537
14155,16.875459,16.750462,0.000000,4.983084,4.982598,0.000361,0.035041,0.032959,0.609625,626,7987444,150883,0,5408
14156,16.673208,16.642942,0.000000,5.562958,5.562597,0.000111,0.032792,0.029916,0.916292,641,8070978,147425,0,7210
14157,16.644167,16.610043,0.000000,5.419208,5.418763,0.000237,0.032166,0.016834,0.611375,632,8080223,146551,0,5408
14158,16.704291,16.720839,0.000000,5.508583,5.508306,0.000194,0.033167,0.028833,1.005667,633,8095694,147359,0,5408
14159,16.836125,16.820111,0.000000,4.613291,4.612847,0.000361,0.051292,0.027292,1.252666,644,8069909,162587,0,7401
14160,16.666584,16.635424,0.000000,5.429291,5.428721,0.000320,0.038875,0.026666,0.445416,633,8064811,146180,0,5408
14161,16.642208,16.617237,0.000000,5.456292,5.456056,0.000153,0.034417,0.028458,1.031375,631,8080221,145306,0,5408
14162,16.837958,16.857250,0.000000,5.296167,5.295389,0.000320,0.056834,0.025333,0.292292,644,8101992,146780,0,7210
14163,16.680375,16.634573,0.000000,4.833542,4.833013,0.000237,0.053625,0.024417,1.239542,631,8049168,145232,0,5408
14164,16.665084,16.636318,0.000000,5.070292,5.069764,0.000319,0.043583,0.016875,0.609541,631,8080237,145023,0,5408
14165,16.615791,16.618347,0.000000,4.844124,4.833180,0.010611,0.054875,0.020209,0.785209,641,8073003,144991,0,7210
14166,16.692917,16.690824,0.000000,5.007999,5.007638,0.000195,0.049500,0.019333,0.915166,635,8109124,145662,0,5408
14167,16.744375,16.748824,0.000000,5.531000,5.522264,0.008528,0.063833,0.029292,0.631625,630,8064846,146985,0,5408
14168,16.697833,16.645358,0.000000,5.722583,5.718056,0.004236,0.054709,0.012958,1.143292,641,8070913,144411,0,7210
14169,16.647667,16.635610,0.000000,5.788001,5.782680,0.005029,0.053792,0.022750,0.610709,632,8064740,141500,0,5408
14170,16.694000,16.707503,0.000000,6.013375,6.013000,0.000375,0.066042,0.061708,0.946750,634,8095683,141956,0,5408
14171,16.648792,16.601548,0.000000,5.880041,5.879472,0.000278,0.054250,0.022166,0.608541,639,8070995,142528,0,7210
14172,16.777833,16.792373,0.000000,5.930750,5.921791,0.008959,0.059958,0.048417,0.765125,634,8080324,141963,0,5408
14173,16.647958,16.557871,0.000000,5.888625,5.885431,0.002902,0.047709,0.012500,1.116874,631,8064698,138352,0,5408
14174,16.666584,16.703752,0.000000,5.586041,5.585555,0.000111,0.068125,0.018375,0.306583,647,8116151,145425,0,7432
14175,16.952625,16.976045,0.000000,5.099167,5.093305,0.005612,0.063083,0.071208,0.640291,632,8049320,151026,0,5408
14176,16.672458,16.634507,0.000000,6.212958,6.180458,0.032500,0.052250,0.036708,0.316708,630,8070120,134184,0,5408
14177,16.698917,16.733612,0.000000,6.204626,6.169458,0.035168,0.062208,0.082042,1.303376,642,8096667,137683,0,7210
14178,16.189375,16.067590,0.000000,6.242292,6.227958,0.014334,0.052041,0.019625,0.422750,630,8032982,132536,0,5561
14179,17.074500,17.086572,0.000000,5.505542,5.498389,0.006778,0.057666,0.023500,0.924667,635,8091201,147969,0,6294
14180,16.578833,16.542984,0.000000,6.112501,6.112125,0.000376,0.054417,0.014916,0.613167,637,8060220,137132,0,6324
14181,16.821792,16.804333,0.000000,6.167125,6.158291,0.008834,0.051791,0.013375,0.930792,634,8095535,137478,0,5408
14182,16.603875,16.606798,0.000000,6.167375,6.167042,0.000333,0.054791,0.066167,0.905833,642,8086436,136560,0,7210
14183,16.442500,16.432335,0.000000,6.112334,6.109333,0.003001,0.055583,0.018583,0.288500,633,8079034,137591,0,5630
14184,17.019750,16.995625,0.000000,6.083249,6.082915,0.000334,0.048625,0.017875,1.215750,632,8064768,141506,0,5408
14185,16.584708,16.541552,0.000000,6.330542,6.321875,0.008667,0.062042,0.020375,0.293083,639,8055557,132566,0,7210
14186,16.441583,16.470085,0.000000,6.227292,6.225041,0.002251,0.053000,0.046500,1.247959,636,8109862,134681,0,5647
14187,17.076834,17.033569,0.000000,5.897168,5.880417,0.016751,0.055958,0.018792,0.582042,632,8064769,140469,0,5408
14188,16.030791,16.115614,0.000000,6.385416,6.384875,0.000541,0.056959,0.133083,0.750374,644,8069520,132924,0,7532
14189,16.815959,16.698121,0.000000,5.756166,5.749513,0.006320,0.053458,0.019083,0.599708,634,8079137,144580,0,5582
14190,17.079750,17.070549,0.000000,5.878292,5.877763,0.000196,0.053333,0.027958,0.640458,631,8064718,141959,0,5408
14191,16.649250,16.592505,0.000000,6.149626,6.144793,0.004833,0.050708,0.046333,0.949125,641,8070969,134835,0,7210
14192,16.454083,16.473208,0.000000,6.284500,6.283416,0.001084,0.059875,0.019875,0.610167,635,8094510,135798,0,5627
14193,17.036625,17.015872,0.000000,6.192583,6.192166,0.000417,0.055208,0.025709,1.252792,632,8080250,139983,0,5408
14194,16.558542,16.504383,0.000000,6.377750,6.366917,0.010833,0.051791,0.018834,0.291083,639,8055567,129547,0,7210
14195,16.840083,16.861335,0.000000,6.310084,6.309583,0.000501,0.053792,0.017583,1.250709,633,8095744,135846,0,5408
14196,16.224000,16.290123,0.000000,6.486124,6.477749,0.008375,0.055500,0.083792,0.608292,638,8125548,130136,0,5585
14197,16.992917,16.906623,0.000000,5.655916,5.655389,0.000194,0.055333,0.019375,0.627500,638,8024624,144876,0,7210
14198,16.761875,16.731892,0.000000,6.110958,6.108916,0.002042,0.050458,0.027083,0.949792,633,8080223,137495,0,5408
14199,16.722208,16.726369,0.000000,6.208959,6.208583,0.000376,0.060083,0.017959,0.610833,632,8088034,135692,0,5408
14200,16.603458,16.541421,0.000000,6.254708,6.254250,0.000458,0.053959,0.019000,0.929126,640,8047771,134058,0,7210
14201,16.790084,16.800661,0.000000,6.081583,6.038083,0.043500,0.064583,0.014042,0.631333,634,8095659,137933,0,5408
14202,16.551791,16.572767,0.000000,6.350833,6.344207,0.006626,0.052917,0.050583,0.931418,632,8095668,134918,0,5408
14203,16.676125,16.623962,0.000000,6.543958,6.543542,0.000416,0.056667,0.022375,0.435250,638,8040154,135120,0,7210
14204,16.757834,16.746829,0.000000,6.128750,6.128333,0.000417,0.065541,0.020167,0.583834,633,8095650,137774,0,5408
14205,16.699625,16.685788,0.000000,6.356792,6.352124,0.004668,0.059208,0.026000,0.587291,632,8080239,134385,0,5408
14206,16.522000,16.494038,0.000000,6.322959,6.322709,0.000250,0.060958,0.027500,0.304292,638,8071011,134379,0,7210
14207,16.817416,16.801465,0.000000,6.584167,6.583833,0.000334,0.051042,0.027083,0.582500,633,8080244,135117,0,5408
14208,16.816250,16.795662,0.000000,6.468625,6.468083,0.000542,0.051042,0.028625,0.292708,632,8080188,131347,0,5408
14209,15.812709,16.060156,0.000000,5.526042,5.525556,0.000236,0.047583,0.307000,0.898667,647,8163744,131903,0,7210
14210,17.733291,17.485898,0.000000,5.565793,5.565014,0.000195,0.071834,0.052875,0.290875,626,8002936,142986,0,5408
14211,16.134167,16.119048,0.000000,6.084834,6.083958,0.000584,0.054625,0.048833,0.926333,637,8125724,131021,0,5575
14212,16.995708,16.963411,0.000000,5.749875,5.749514,0.000111,0.057292,0.028167,0.675875,636,8024634,144285,0,7210
14213,16.724500,16.674800,0.000000,6.401625,6.401250,0.000209,0.054584,0.024750,0.637250,633,8064739,131739,0,5408
14214,16.675667,16.664003,0.000000,6.533126,6.532791,0.000251,0.052833,0.024750,0.959625,630,8080231,129585,0,5408
14215,16.688833,16.716090,0.000000,6.370625,6.365959,0.000791,0.062959,0.037000,0.291458,643,8086447,131472,0,7210
14216,16.737125,16.708262,0.000000,6.307458,6.307166,0.000126,0.062875,0.023875,1.276875,632,8080240,133189,0,5408
14217,16.234792,16.168469,0.000000,6.425416,6.425166,0.000250,0.050708,0.011042,0.299459,636,8063267,126595,0,5689
14218,16.825625,16.803454,0.000000,5.962833,5.962500,0.000333,0.064208,0.053042,0.931792,638,8055549,139349,0,7210
14219,16.941875,16.947035,0.000000,6.344208,6.343749,0.000459,0.055292,0.022250,0.610292,633,8095685,136220,0,5408
14220,16.665125,16.701495,0.000000,6.391249,6.390874,0.000375,0.053667,0.068625,0.925958,635,8095898,132757,0,5408
14221,16.565875,16.414440,0.000000,6.243208,6.236875,0.006333,0.061833,0.012959,0.906167,637,8024439,130234,0,7210
14222,16.699000,16.815837,0.000000,6.211541,6.204666,0.006875,0.049458,0.057875,0.629125,636,8126590,136275,0,5408
14223,16.783083,16.723083,0.000000,6.399708,6.393124,0.006584,0.067584,0.017083,1.240375,631,8069501,132242,0,5408
14224,16.512792,16.508872,0.000000,6.428876,6.428126,0.000750,0.059042,0.028916,0.295334,638,8066300,130550,0,7210
14225,16.854500,16.820006,0.000000,6.459876,6.454250,0.005626,0.059083,0.014042,1.235875,633,8080239,133472,0,5408
14226,16.472167,16.447146,0.000000,6.467626,6.467333,0.000293,0.051291,0.043209,0.624125,643,8080213,128127,0,5408
14227,16.370958,16.316245,0.000000,6.548125,6.547583,0.000542,0.050250,0.013042,0.930166,641,8085988,132606,0,7333
14228,16.652583,16.659919,0.000000,6.364875,6.353958,0.010917,0.045000,0.030292,0.934625,631,8048570,135867,0,5532
14229,16.956084,16.920856,0.000000,6.291000,6.290666,0.000334,0.058666,0.039959,0.630959,633,8080240,136177,0,5408
14230,16.640375,16.631925,0.000000,6.549917,6.549542,0.000375,0.050833,0.013000,0.946875,639,8086457,131883,0,7210
14231,16.455083,16.522039,0.000000,6.744834,6.735583,0.009251,0.049500,0.063042,0.635542,639,8156410,129937,0,5599
14232,16.880792,16.828958,0.000000,6.187292,6.185374,0.001918,0.056166,0.020167,0.956125,635,8010599,136029,0,7006
14233,16.795583,16.738830,0.000000,6.633585,6.633168,0.000417,0.050667,0.015833,0.289375,630,8063478,129984,0,5612
14234,16.628917,16.606554,0.000000,6.460334,6.459708,0.000626,0.055541,0.028167,0.943501,631,8064761,125836,0,5408
14235,16.712625,16.677510,0.000000,6.600250,6.584832,0.015418,0.048583,0.055750,0.615583,641,8086513,129071,0,7210
14236,16.346333,16.455184,0.000000,6.695541,6.690375,0.005166,0.054125,0.097875,0.691583,641,8171732,128050,0,5630
14237,16.900083,16.803012,0.000000,6.259124,6.257374,0.001750,0.066834,0.020500,0.760792,627,8002943,133199,0,5408
14238,16.784125,16.779958,0.000000,6.672624,6.642457,0.030167,0.053750,0.045167,0.325125,639,8073629,130311,0,7210
14239,16.771834,16.755386,0.000000,6.618958,6.618583,0.000375,0.047916,0.031792,1.138291,631,8062199,131221,0,5408
14240,16.720083,16.703532,0.000000,6.704458,6.695708,0.008750,0.057750,0.033625,0.464208,631,8080223,127965,0,5408
14241,16.530250,16.467917,0.000000,6.707791,6.707416,0.000375,0.053917,0.018416,0.752792,639,8055588,127389,0,7210
14242,16.733500,16.770281,0.000000,6.735374,6.732000,0.003374,0.049292,0.046625,0.330084,633,8095759,130456,0,5408
14243,16.797417,16.782537,0.000000,6.669165,6.668290,0.000875,0.062625,0.031250,0.928250,629,8080155,129289,0,5408
14244,16.559583,16.476512,0.000000,6.640083,6.639916,0.000167,0.053875,0.028000,1.241833,641,8071084,126579,0,7210
14245,16.800000,16.830533,0.000000,6.400208,6.378583,0.021625,0.054417,0.019916,0.302667,632,8080162,131591,0,5408
14246,16.683458,16.691086,0.000000,6.515959,6.515083,0.000876,0.053125,0.045292,1.064125,633,8095660,128327,0,5408
14247,16.577542,16.489911,0.000000,6.680082,6.679457,0.000625,0.061333,0.017792,0.298750,637,8040129,127610,0,7210
14248,16.712042,16.727911,0.000000,6.517626,6.517126,0.000500,0.057000,0.024750,0.962124,632,8095723,129900,0,5408
14249,16.688791,16.643078,0.000000,6.779957,6.779249,0.000708,0.051875,0.012542,0.292458,630,8064718,128352,0,5408
14250,16.607750,16.611140,0.000000,6.698375,6.688458,0.009917,0.053500,0.019750,0.948667,641,8086527,127924,0,7210
14251,16.740167,16.743379,0.000000,6.545540,6.545208,0.000332,0.060833,0.031792,0.904792,632,8080163,131420,0,5408
14252,16.742583,16.719242,0.000000,6.702376,6.699375,0.003001,0.062584,0.018291,0.631125,645,8072360,129564,0,6945
14253,16.517750,16.487253,0.000000,6.543500,6.543166,0.000334,0.064584,0.018666,0.587999,646,8068322,127399,0,7714
14254,16.718334,16.687529,0.000000,6.682959,6.681334,0.001625,0.056500,0.011166,0.298750,631,8064817,128741,0,5408
14255,16.747500,16.755343,0.000000,6.633041,6.632624,0.000417,0.068125,0.021958,1.262000,632,8095641,129412,0,5408
14256,16.570541,16.551049,0.000000,6.737958,6.733333,0.004625,0.051167,0.036833,0.289666,642,8086446,126812,0,7210
14257,16.799125,16.786003,0.000000,6.601083,6.600375,0.000708,0.055459,0.012041,0.927459,630,8064804,130314,0,5408
14258,16.235042,16.376797,0.000000,6.764167,6.763666,0.000501,0.058208,0.175834,0.427875,642,8171370,129703,0,5732
14259,17.051458,16.863911,0.000000,6.431833,6.427083,0.004750,0.051250,0.017917,0.927249,633,7993564,134133,0,7210
14260,16.393500,16.491882,0.000000,6.519459,6.516626,0.002833,0.041875,0.134959,0.906209,643,8155011,130062,0,5865
14261,16.970542,16.845914,0.000000,6.502124,6.501874,0.000250,0.046375,0.018250,0.649959,625,7977436,133753,0,5408
14262,16.610833,16.561526,0.000000,6.756708,6.756457,0.000251,0.045167,0.017583,1.007625,638,8081208,127461,0,7210
14263,16.777500,16.748262,0.000000,6.677874,6.677541,0.000333,0.057750,0.020792,0.294541,632,8064700,129999,0,5408
14264,16.713625,16.742800,0.000000,6.499918,6.492708,0.007210,0.053500,0.021209,1.027459,632,8095721,129181,0,5408
14265,16.603000,16.595074,0.000000,6.596292,6.595583,0.000709,0.056750,0.017709,0.290417,640,8086565,128547,0,7210
14266,16.721709,16.710239,0.000000,6.542291,6.541917,0.000374,0.059541,0.014292,0.931626,630,8058892,128690,0,5408
14267,16.719875,16.728782,0.000000,6.733959,6.730500,0.003459,0.052416,0.049625,0.954125,633,8086040,128100,0,5408
14268,16.648916,16.592999,0.000000,6.567499,6.566582,0.000917,0.057667,0.014875,0.302541,650,8162304,128856,0,7465
14269,16.876917,16.893748,0.000000,6.061876,6.044334,0.017417,0.067042,0.063166,0.909000,626,8003039,137628,0,5408
14270,16.789542,16.812997,0.000000,6.618250,6.617582,0.000418,0.070875,0.092500,0.645708,633,8095599,126951,0,5408
14271,16.594666,16.500038,0.000000,6.470041,6.469583,0.000333,0.054125,0.031292,0.955417,638,8040108,125848,0,7210
14272,16.615167,16.600538,0.000000,6.494791,6.494333,0.000291,0.049333,0.018625,0.305208,631,8080310,127908,0,5408
14273,16.720958,16.697012,0.000000,6.765626,6.765208,0.000293,0.062167,0.036375,1.232793,633,8080132,125611,0,5408
14274,16.504625,16.502710,0.000000,6.795791,6.786624,0.009167,0.051709,0.026875,0.568458,642,8092621,122372,0,7210
14275,16.767750,16.756290,0.000000,6.445250,6.440292,0.004958,0.058584,0.019958,1.123458,629,8043176,131004,0,5408
14276,16.713042,16.686890,0.000000,6.437000,6.436708,0.000292,0.064250,0.023917,0.943875,631,8080253,128745,0,5408
14277,16.637708,16.645418,0.000000,6.645042,6.644625,0.000417,0.064292,0.023167,0.378666,640,8083640,128409,0,7210
14278,16.777209,16.739164,0.000000,6.738125,6.732334,0.005791,0.064708,0.020292,0.961916,631,8083036,128532,0,5408
14279,16.723458,16.697924,0.000000,6.838625,6.838249,0.000376,0.053333,0.013667,0.607709,641,8080304,127017,0,5408
14280,16.618292,16.616971,0.000000,6.758708,6.758208,0.000500,0.062166,0.029417,0.930667,640,8071016,127539,0,7210
14281,16.796666,16.773917,0.000000,6.854333,6.853834,0.000499,0.059417,0.018250,0.536292,630,8087751,127383,0,5408
14282,16.700667,16.658754,0.000000,6.644290,6.635457,0.008667,0.051333,0.013709,0.926457,632,8072672,124394,0,5408
14283,16.588792,16.601371,0.000000,5.812583,5.812291,0.000292,0.055125,0.027666,0.584501,638,8071047,136485,0,7210
14284,16.760625,16.739865,0.000000,6.409125,6.388917,0.020208,0.059083,0.032875,0.608792,632,8080212,129271,0,5408
14285,16.668708,16.653500,0.000000,6.277041,6.257832,0.019209,0.065125,0.018750,1.284957,635,8073439,131020,0,6753
14286,16.694125,16.667868,0.000000,6.344333,6.335916,0.008417,0.073958,0.020625,0.609417,636,8078022,130123,0,5865
14287,16.686292,16.679064,0.000000,6.360874,6.360583,0.000291,0.058583,0.019250,1.244459,632,8080055,130820,0,5408
14288,16.691625,16.667767,0.000000,6.427332,6.426957,0.000375,0.057666,0.020500,0.310750,642,8086448,129858,0,7210
14289,16.677833,16.661916,0.000000,6.417083,6.415916,0.001167,0.059833,0.019292,0.920917,631,8064807,130513,0,5408
14290,16.626333,16.595582,0.000000,6.527041,6.516792,0.010249,0.049834,0.031708,0.919084,632,8080317,129794,0,5408
14291,16.689042,16.682963,0.000000,6.570500,6.556916,0.013584,0.059292,0.022750,0.639084,639,8055483,129744,0,7210
14292,16.712042,16.700778,0.000000,6.299958,6.296083,0.003875,0.072375,0.029291,0.948042,634,8095743,131273,0,5408
14293,16.688666,16.674448,0.000000,6.521167,6.512542,0.008625,0.062417,0.037583,0.309125,632,8080188,129726,0,5408
14294,16.549959,16.489512,0.000000,6.141875,6.136500,0.005375,0.050083,0.019333,0.968458,641,8071112,128653,0,7210
14295,16.879000,16.908383,0.000000,6.306125,6.293249,0.012876,0.050000,0.022625,0.293416,631,8080216,133292,0,5408
14296,16.679000,16.669002,0.000000,6.540042,6.518667,0.021375,0.054166,0.020084,0.929832,631,8080280,129298,0,5408
14297,16.560000,16.488869,0.000000,6.504084,6.503625,0.000459,0.063041,0.036334,0.508417,640,8055509,128642,0,7210
14298,16.789291,16.861880,0.000000,6.468541,6.468207,0.000334,0.066375,0.049792,0.919833,632,8111137,132193,0,5408
14299,16.643292,16.586969,0.000000,6.467832,6.458583,0.009249,0.061583,0.019042,0.910332,632,8064760,129423,0,5408
14300,16.618417,16.568117,0.000000,6.564666,6.564249,0.000417,0.055875,0.019125,0.646167,636,8055553,129041,0,7210
14301,16.792500,16.809231,0.000000,6.382751,6.351708,0.031043,0.055333,0.020167,1.030958,634,8095674,131572,0,5408
14302,16.205958,16.181590,0.000000,6.566000,6.565625,0.000375,0.069958,0.023792,0.300542,636,8078515,129676,0,5730
14303,16.657708,16.646977,0.000000,6.125417,6.121083,0.004334,0.060584,0.019416,1.233749,644,8116356,141509,0,7390
14304,17.164167,17.149196,0.000000,6.244666,6.243832,0.000834,0.057583,0.028375,0.400416,630,8033883,138572,0,5408
14305,16.697083,16.661443,0.000000,6.527876,6.505001,0.022875,0.046292,0.017583,0.934458,632,8080227,129403,0,5408
14306,16.541125,16.546556,0.000000,6.496250,6.495708,0.000542,0.057084,0.038875,0.586833,640,8071007,128010,0,7210
14307,16.801125,16.757790,0.000000,6.605208,6.604374,0.000834,0.048250,0.011125,0.612292,634,8080234,131375,0,5408
14308,16.686209,16.672875,0.000000,6.711500,6.710833,0.000667,0.059208,0.019333,0.584500,633,8080317,127971,0,5408
14309,16.645333,16.614008,0.000000,6.622708,6.587583,0.035125,0.060583,0.019000,0.608083,639,8055571,127620,0,7210
14310,16.374875,16.394073,0.000000,6.373416,6.372749,0.000667,0.053958,0.020125,1.309750,634,8094510,129244,0,5606
14311,16.990875,17.012662,0.000000,6.029584,6.029084,0.000500,0.054792,0.068416,0.289083,634,8095676,137583,0,5408
14312,16.583625,16.503373,0.000000,6.664917,6.664625,0.000292,0.059417,0.020125,0.954793,639,8040105,127547,0,7210
14313,16.794458,16.793661,0.000000,6.485666,6.485207,0.000459,0.058875,0.019917,0.641459,632,8095698,131370,0,5408
14314,16.235667,16.193413,0.000000,6.643625,6.632876,0.010749,0.053083,0.019334,0.991124,634,8078490,129042,0,5730
14315,16.986083,17.000502,0.000000,6.263709,6.262874,0.000835,0.051167,0.056042,0.901541,638,8070992,139266,0,7210
14316,16.883709,16.897570,0.000000,6.583751,6.583500,0.000251,0.058375,0.045291,0.614875,633,8095692,133346,0,5408
14317,16.620750,16.574465,0.000000,6.463291,6.462583,0.000708,0.054458,0.063208,0.898750,632,8064815,129873,0,5408
14318,16.653583,16.603376,0.000000,6.500499,6.495249,0.005250,0.051708,0.037667,0.617125,642,8086402,130608,0,7210
14319,16.805292,16.820558,0.000000,6.227500,6.227124,0.000376,0.073041,0.029625,0.939417,630,8064788,133556,0,5408
14320,16.659625,16.589740,0.000000,6.496374,6.495917,0.000457,0.049458,0.016333,0.445042,632,8064879,129734,0,5408
14321,16.542291,16.625662,0.000000,6.479124,6.478457,0.000667,0.061417,0.062625,0.963042,641,8086391,130774,0,7210
14322,16.725542,16.651673,0.000000,6.312208,6.311749,0.000459,0.057667,0.032833,0.984208,631,8080192,132182,0,5408
14323,16.795417,16.742167,0.000000,6.519542,6.517042,0.002500,0.055416,0.014250,0.301625,632,8064850,130684,0,5408
14324,16.514875,16.489583,0.000000,6.452584,6.451999,0.000585,0.048958,0.015625,1.053417,640,8070935,129611,0,7210
14325,16.779500,16.767120,0.000000,6.476043,6.475625,0.000418,0.043708,0.011417,0.309250,632,8080246,132876,0,5408
14326,16.646375,16.682378,0.000000,6.509084,6.495292,0.013792,0.048125,0.022416,0.970458,634,8095771,130432,0,5408
14327,16.674583,16.618710,0.000000,6.542376,6.541792,0.000584,0.061542,0.017708,0.290042,641,8055457,130331,0,7210
14328,16.784833,16.803035,0.000000,6.366998,6.363290,0.003708,0.070042,0.016333,0.607750,631,8095678,132384,0,5408
14329,16.635417,16.607285,0.000000,6.434792,6.427792,0.007000,0.061458,0.029542,0.912584,633,8081741,129506,0,5408
14330,16.636875,16.583869,0.000000,6.411708,6.402916,0.008667,0.063333,0.013250,0.300667,637,8069512,129547,0,7210
14331,16.762167,16.756840,0.000000,6.323625,6.321166,0.002459,0.047625,0.015416,0.909166,632,8064787,132602,0,5408
14332,16.231375,16.276744,0.000000,6.365167,6.356042,0.009125,0.053458,0.037625,0.298916,644,8140783,129511,0,5644
14333,16.667791,16.672297,0.000000,5.965916,5.963957,0.001876,0.067167,0.049542,0.615542,646,8100959,143187,0,7378
14334,17.019834,16.933448,0.000000,5.560584,5.560055,0.000237,0.059958,0.014125,0.300917,628,8018660,138467,0,5408
14335,16.696666,16.739670,0.000000,6.165750,6.155959,0.009791,0.069209,0.080541,0.918959,631,8064567,132354,0,5408
14336,16.674167,16.548421,0.000000,6.310250,6.309916,0.000334,0.050458,0.014334,0.610750,639,8055611,132076,0,7210
14337,16.645667,16.683262,0.000000,6.538459,6.538000,0.000459,0.056583,0.015417,0.903457,632,8080207,131405,0,5408
14338,16.737750,16.777292,0.000000,6.407000,6.396167,0.010833,0.097625,0.036458,0.908459,644,8132825,132869,0,7210
14339,16.761541,16.699035,0.000000,6.221041,6.212707,0.008334,0.063667,0.013750,0.640292,628,8033891,133009,0,5408
14340,16.658584,16.609329,0.000000,6.452916,6.435458,0.017458,0.061541,0.021750,1.168458,632,8064939,129808,0,5408
14341,16.574250,16.571575,0.000000,6.448833,6.439042,0.009791,0.055250,0.018375,0.310250,640,8101744,130965,0,7210
14342,16.697958,16.721132,0.000000,6.477624,6.475957,0.001667,0.062625,0.021833,1.293125,630,8064851,132088,0,5408
14343,16.752458,16.720489,0.000000,6.370082,6.368874,0.001208,0.065792,0.014250,0.368167,629,8069839,131309,0,5408
14344,16.589792,16.592510,0.000000,6.449459,6.439209,0.010250,0.056958,0.079834,0.945542,642,8096805,130824,0,7210
14345,16.767792,16.637113,0.000000,6.289875,6.264290,0.025585,0.052333,0.017250,0.674834,628,8033952,131029,0,5408
14346,16.638583,16.677243,0.000000,6.389625,6.384957,0.004668,0.048042,0.040916,0.640209,634,8095692,130708,0,5408
14347,16.874083,16.897418,0.000000,6.532291,6.515500,0.016791,0.052417,0.051125,1.139916,642,8101865,132164,0,7210
14348,16.418375,16.422965,0.000000,6.312833,6.286707,0.026126,0.054125,0.038042,0.640459,631,8095900,130026,0,5408
14349,16.376584,16.343882,0.000000,6.234540,6.234040,0.000500,0.055791,0.027667,0.978208,634,8079116,135394,0,5578
14350,17.066791,17.042465,0.000000,5.699125,5.688264,0.010569,0.068709,0.020625,0.680667,639,8055622,144899,0,7210
14351,16.684334,16.625831,0.000000,6.329542,6.329166,0.000376,0.056291,0.046000,1.318374,631,8049274,133140,0,5408
14352,16.713958,16.714851,0.000000,6.504208,6.503957,0.000251,0.045000,0.018875,0.629250,633,8080227,131238,0,5408
14353,16.614375,16.573425,0.000000,6.534416,6.531792,0.002624,0.051667,0.021500,1.198000,641,8086510,129803,0,7210
14354,16.674500,16.652652,0.000000,6.107084,6.096125,0.010959,0.060292,0.039708,0.598334,631,8064735,130686,0,5408
14355,16.780458,16.802051,0.000000,6.243459,6.243041,0.000418,0.050834,0.045666,0.359834,634,8095661,132017,0,5408
14356,16.679459,16.676797,0.000000,6.651458,6.643208,0.008250,0.069916,0.020875,1.342833,642,8086510,129323,0,7210
14357,16.657208,16.689078,0.000000,6.285459,6.280166,0.005293,0.057000,0.065542,0.610833,631,8064778,131869,0,5408
14358,16.637833,16.594453,0.000000,6.410209,6.403167,0.007042,0.059459,0.038291,0.933917,631,8080206,129782,0,5408
14359,16.711084,16.695386,0.000000,6.274250,6.270209,0.004041,0.067500,0.024833,0.575708,664,8088525,133644,0,9251
14360,16.708833,16.701431,0.000000,6.444124,6.443707,0.000417,0.051583,0.075459,0.934500,630,8052137,132192,0,5408
14361,16.640792,16.557668,0.000000,6.500291,6.493416,0.006875,0.053166,0.049584,1.249625,631,8064839,129043,0,5408
14362,16.642916,16.650112,0.000000,6.406917,6.384834,0.022083,0.047084,0.015541,0.294458,642,8101839,131255,0,7210
14363,16.764834,16.755094,0.000000,6.419667,6.414375,0.005292,0.056500,0.012958,0.732000,628,8049362,132011,0,5408
14364,16.704916,16.711569,0.000000,6.447501,6.441583,0.005918,0.063959,0.022583,0.306291,634,8095650,130660,0,5408
14365,16.516959,16.452967,0.000000,6.497000,6.496667,0.000333,0.052041,0.018584,0.970709,640,8070992,128181,0,7210
14366,16.748750,16.726413,0.000000,6.204541,6.195207,0.009334,0.062583,0.015875,0.292875,631,8080229,133714,0,5408
14367,16.706000,16.690507,0.000000,6.464958,6.464624,0.000334,0.057750,0.016541,0.933083,633,8066840,130961,0,5408
14368,16.641250,16.691154,0.000000,6.536250,6.522209,0.014041,0.098666,0.018875,0.968876,644,8115329,131410,0,7210
14369,16.414083,16.322381,0.000000,6.485876,6.485333,0.000543,0.048500,0.016292,0.634667,632,8063814,130911,0,5624
14370,17.042125,17.002385,0.000000,6.189207,6.185290,0.003917,0.070875,0.020083,0.966958,630,8064551,137360,0,5408
14371,16.642708,16.698785,0.000000,5.783917,5.783181,0.000153,0.057417,0.079083,0.300750,644,8101923,133491,0,7210
14372,16.667125,16.674743,0.000000,6.284041,6.275957,0.008084,0.064584,0.040625,1.282626,630,8049327,132558,0,5408
14373,16.661084,16.565744,0.000000,6.330834,6.324917,0.005917,0.056875,0.018500,0.301125,629,8064811,130650,0,5408
14374,16.638916,16.640463,0.000000,6.501500,6.499126,0.002374,0.043917,0.029083,0.930583,643,8086546,130529,0,7210
14375,16.738584,16.729209,0.000000,6.097375,6.092124,0.005251,0.068041,0.019084,0.609000,631,8064676,134008,0,5408
14376,16.691625,16.729039,0.000000,6.526666,6.526291,0.000375,0.053250,0.062375,0.931500,635,8095641,131633,0,5408
14377,16.644208,16.566668,0.000000,6.553501,6.550834,0.002667,0.060458,0.021084,0.913709,642,8086509,130661,0,7210
14378,16.692667,16.660460,0.000000,6.443584,6.423208,0.020376,0.054791,0.033500,0.614417,631,8064782,131598,0,5408
14379,16.723833,16.790578,0.000000,6.512500,6.512208,0.000292,0.066708,0.073709,1.016209,631,8080179,132129,0,5408
14380,16.637333,16.548558,0.000000,6.388166,6.384875,0.003291,0.059292,0.015167,0.297041,642,8086442,131159,0,7210
14381,16.694875,16.736962,0.000000,6.414916,6.414416,0.000500,0.059375,0.068375,1.223458,632,8064825,132642,0,5408
14382,16.684542,16.595758,0.000000,6.507583,6.506125,0.001458,0.044583,0.038709,0.305375,632,8080373,130561,0,5408
14383,16.681833,16.677280,0.000000,6.493334,6.491834,0.001500,0.063750,0.019292,0.596291,639,8086425,132410,0,7210
14384,16.706209,16.660949,0.000000,6.292167,6.287500,0.004667,0.062208,0.035333,0.592625,631,8049280,132105,0,5408
14385,16.687708,16.688630,0.000000,6.480168,6.470875,0.009293,0.057375,0.012750,0.647375,637,8080167,131328,0,5408
14386,16.659833,16.679274,0.000000,6.382042,6.381834,0.000208,0.047834,0.031541,0.933792,641,8101959,133040,0,7210
14387,16.723584,16.683048,0.000000,6.396208,6.392874,0.003334,0.065000,0.042541,0.645916,634,8080231,130981,0,5408
14388,16.690791,16.652371,0.000000,6.059500,6.058250,0.001250,0.051709,0.012916,0.607000,628,8049318,132180,0,5408
14389,16.632250,16.608994,0.000000,6.402041,6.401708,0.000333,0.058792,0.019083,0.289875,641,8071059,133091,0,7210
14390,16.716917,16.711172,0.000000,6.300459,6.293541,0.006918,0.058417,0.039208,0.984458,632,8095779,131271,0,5408
14391,16.617292,16.640660,0.000000,6.297332,6.296957,0.000375,0.052583,0.020250,0.290292,639,8072915,132681,0,7006
14392,16.708291,16.655509,0.000000,6.450041,6.449625,0.000416,0.061250,0.022875,1.120043,631,8062787,131930,0,5612
14393,16.741959,16.739296,0.000000,6.316417,6.310625,0.005792,0.069916,0.041084,0.911666,634,8095683,131578,0,5408
14394,16.614250,16.621281,0.000000,6.307126,6.301417,0.005709,0.053458,0.019417,0.404875,642,8092483,132188,0,7210
14395,16.651875,16.602863,0.000000,6.382958,6.382500,0.000458,0.053916,0.049500,1.230500,629,8043352,132499,0,5408
14396,16.751375,16.736716,0.000000,6.587958,6.584624,0.003334,0.059250,0.019625,0.608500,633,8083714,131230,0,5408
14397,16.646000,16.674255,0.000000,6.331625,6.326833,0.004792,0.066208,0.043750,0.916583,642,8113960,132057,0,7210
14398,16.633791,16.528914,0.000000,6.502459,6.502209,0.000250,0.048542,0.015250,0.378417,627,8033804,130447,0,5408
14399,16.953709,17.026917,0.000000,6.415167,6.409541,0.005543,0.078083,0.015167,0.582333,646,8169371,134680,0,6068
14400,16.207166,16.134899,0.000000,5.026917,5.026430,0.000195,0.068667,0.020667,0.644124,640,8038624,143566,0,7489
14401,16.969542,16.963257,0.000000,5.729042,5.728390,0.000194,0.050750,0.030500,0.290292,626,8018438,137643,0,5408
14402,16.571708,16.574051,0.000000,6.091043,6.090583,0.000460,0.035542,0.027417,0.583958,636,8111155,130212,0,5408
14403,16.731500,16.704295,0.000000,6.071459,6.071083,0.000376,0.046625,0.031084,0.295417,640,8055600,131400,0,7210
14404,16.691750,16.685911,0.000000,5.419084,5.418598,0.000194,0.044209,0.037708,0.906708,633,8080148,136747,0,5408
14405,16.708167,16.641215,0.000000,5.807583,5.807041,0.000542,0.040708,0.033334,0.609792,632,8064805,131940,0,5408
14406,16.600417,16.620027,0.000000,5.913791,5.913499,0.000292,0.035083,0.040917,0.919209,642,8086535,132528,0,7210
14407,16.692041,16.649478,0.000000,5.882042,5.881626,0.000416,0.033209,0.036041,0.608833,630,8064671,135174,0,5408
14408,16.797709,16.785792,0.000000,5.974917,5.974666,0.000251,0.043916,0.030917,1.199167,632,8080254,131920,0,5408
14409,16.550291,16.550497,0.000000,5.718500,5.718013,0.000195,0.038459,0.026416,0.579332,642,8086482,131900,0,7210
14410,16.779334,16.778193,0.000000,5.732082,5.731791,0.000291,0.037958,0.035750,0.620000,633,8095705,136159,0,5408
14411,16.451791,16.446461,0.000000,5.856209,5.855916,0.000293,0.048209,0.036583,1.232333,637,8110363,133263,0,5537
14412,16.628000,16.606544,0.000000,5.659584,5.658930,0.000404,0.039292,0.043125,0.296958,637,8024688,139443,0,7210
14413,16.991250,16.927754,0.000000,5.604417,5.604056,0.000236,0.043334,0.019250,0.777376,632,8080158,138661,0,5408
14414,16.953209,17.013320,0.000000,5.099250,5.098806,0.000278,0.107125,0.034208,0.306292,635,8111142,135277,0,5408
14415,16.318291,16.244427,0.000000,5.168958,5.168471,0.000237,0.048875,0.028042,0.766292,640,8055552,135289,0,7210
14416,16.741084,16.736190,0.000000,5.622833,5.622306,0.000152,0.055166,0.022167,0.645375,630,8070765,135178,0,5408
14417,16.781000,16.758030,0.000000,5.425416,5.424805,0.000278,0.069958,0.025375,0.295584,631,8074240,133595,0,5408
14418,16.533375,16.512584,0.000000,5.220125,5.219638,0.000112,0.060458,0.021500,1.222749,639,8071037,134057,0,7210
14419,16.772583,16.754488,0.000000,5.350000,5.349348,0.000277,0.054458,0.022292,0.608208,635,8095638,135895,0,5408
14420,16.680583,16.663755,0.000000,5.343084,5.342556,0.000278,0.061167,0.021375,0.903833,630,8080299,135040,0,5408
14421,16.641209,16.609290,0.000000,6.150750,6.150499,0.000251,0.065458,0.021625,0.290208,641,8070934,132894,0,7210
14422,16.714750,16.727290,0.000000,6.153500,6.153209,0.000291,0.056750,0.039958,0.750916,632,8080287,134787,0,5408
14423,16.712875,16.695172,0.000000,5.969001,5.968708,0.000293,0.060541,0.030167,0.900709,632,8080266,134379,0,5408
14424,16.706833,16.695411,0.000000,5.915000,5.914541,0.000459,0.064292,0.030875,0.617458,641,8071280,133178,0,7210
14425,16.630208,16.576661,0.000000,5.464750,5.464181,0.000361,0.062209,0.015375,1.225458,631,8064431,133553,0,5408
14426,16.571667,16.552249,0.000000,6.147834,6.147458,0.000376,0.050167,0.014666,0.620916,632,8095788,132077,0,5408
14427,16.477958,16.479004,0.000000,6.220251,6.219958,0.000293,0.053292,0.055375,0.778542,647,8132511,137533,0,7431
14428,17.056167,17.026960,0.000000,5.692834,5.692056,0.000278,0.060125,0.030500,0.462459,625,7986532,137891,0,5408
14429,16.790958,16.768456,0.000000,6.082750,6.082499,0.000251,0.055792,0.015500,1.089209,633,8080212,130765,0,5408
14430,16.426500,16.428119,0.000000,6.151542,6.151333,0.000209,0.052084,0.021041,0.289458,642,8101929,129994,0,7210
14431,16.866250,16.839540,0.000000,6.016334,6.015959,0.000375,0.076375,0.021125,0.624833,630,8049366,133863,0,5408
14432,16.751042,16.750905,0.000000,5.880125,5.879624,0.000501,0.075792,0.035083,0.580250,632,8080343,131095,0,5408
14433,16.778708,16.804707,0.000000,5.730917,5.707722,0.019737,0.079542,0.047083,0.298208,642,8115957,131686,0,7210
14434,16.086042,15.960250,0.000000,5.480874,5.480264,0.000194,0.072542,0.053458,0.928000,633,8033876,132425,0,5644
14435,16.771875,16.799514,0.000000,5.346208,5.333013,0.012903,0.079000,0.032333,0.637500,638,8109358,142141,0,5732
14436,17.043333,17.023735,0.000000,5.153375,5.152638,0.000237,0.071375,0.024375,0.582083,638,8060929,139251,0,7208
14437,16.767667,16.715086,0.000000,5.753250,5.752764,0.000069,0.071292,0.015333,0.313084,630,8059455,134211,0,5408
14438,16.637583,16.669274,0.000000,5.618958,5.618389,0.000236,0.069792,0.021167,0.627834,638,8095806,132587,0,5410
14439,16.787959,16.777867,0.000000,5.962542,5.962083,0.000251,0.079541,0.015500,0.583042,639,8070880,134688,0,7210
14440,16.679125,16.597617,0.000000,5.663500,5.662806,0.000319,0.064875,0.013333,0.289708,629,8053201,132324,0,5406
14441,16.644625,16.743461,0.000000,5.848917,5.848347,0.000195,0.123291,0.019667,0.585208,635,8107216,132147,0,5410
14442,16.721166,16.642789,0.000000,5.940958,5.940625,0.000208,0.072750,0.019917,0.352042,639,8071044,132483,0,7210
14443,16.629417,16.614202,0.000000,5.917043,5.916626,0.000417,0.063375,0.033458,0.601500,632,8064699,131733,0,5408
14444,16.628167,16.623699,0.000000,5.978208,5.978041,0.000167,0.050750,0.047583,0.317000,640,8089374,132756,0,7006
14445,16.706958,16.650498,0.000000,6.395083,6.394791,0.000292,0.051833,0.028250,0.683542,631,8061863,131679,0,5612
14446,16.714583,16.672487,0.000000,5.728709,5.724709,0.004000,0.056250,0.014375,0.600708,633,8080296,130828,0,5408
14447,16.678917,16.697717,0.000000,6.135208,6.126957,0.008251,0.070250,0.022583,0.297917,643,8101937,133211,0,7210
14448,16.679500,16.656388,0.000000,6.313666,6.313249,0.000417,0.065250,0.040250,0.609000,629,8049281,132107,0,5408
14449,16.687167,16.687064,0.000000,6.455792,6.455417,0.000375,0.056833,0.045875,0.296750,631,8082049,130949,0,5408
14450,16.651500,16.655240,0.000000,5.889584,5.879166,0.010418,0.067541,0.022500,0.623458,638,8096249,130868,0,7210
14451,16.762583,16.712822,0.000000,6.298916,6.298374,0.000542,0.045167,0.020791,0.293292,629,8053190,133548,0,5408
14452,16.618375,16.608540,0.000000,6.273792,6.273250,0.000542,0.070542,0.021041,0.632000,631,8080242,130486,0,5408
14453,16.621958,16.565336,0.000000,6.606666,6.606332,0.000334,0.058459,0.022708,0.398000,641,8086456,131351,0,7210
14454,16.722250,16.766494,0.000000,6.487167,6.484374,0.002793,0.063792,0.020167,0.672375,631,8080239,132393,0,5408
14455,16.887334,16.874716,0.000000,5.967750,5.967375,0.000375,0.066375,0.025000,0.918375,629,8064789,131529,0,5408
14456,16.574375,16.511199,0.000000,5.347083,5.346514,0.000444,0.054333,0.014292,0.292084,641,8086475,130754,0,7210
14457,16.758208,16.764091,0.000000,5.400417,5.399263,0.000779,0.064500,0.013625,0.582501,630,8064797,132347,0,5408
14458,16.643917,16.592303,0.000000,5.497500,5.496348,0.000777,0.072166,0.042209,0.307583,633,8080248,129415,0,5408
14459,16.616750,16.597301,0.000000,5.231167,5.230472,0.000195,0.067916,0.017292,0.940000,641,8086657,131734,0,7210
14460,16.683458,16.641332,0.000000,6.085625,6.085333,0.000292,0.072292,0.015541,0.290250,630,8052944,131535,0,5408
14461,16.696250,16.707462,0.000000,6.270501,6.269293,0.001208,0.065625,0.046375,0.652125,633,8091869,129765,0,5408
14462,16.707333,16.737530,0.000000,5.980958,5.974666,0.006292,0.062167,0.021500,0.813708,642,8102076,131247,0,7210
14463,16.692542,16.653583,0.000000,5.375417,5.362305,0.012820,0.058083,0.031750,0.459583,632,8049144,132654,0,5408
14464,16.642542,16.626320,0.000000,6.196707,6.196333,0.000374,0.076458,0.030167,0.669000,630,8080211,129946,0,5408
14465,16.674083,16.678918,0.000000,6.140043,6.139583,0.000460,0.070375,0.039292,0.368125,643,8101895,131411,0,7210
14466,16.686667,16.668947,0.000000,6.143291,6.124332,0.018959,0.076750,0.042166,0.926250,652,8054248,134196,0,7449
14467,16.695500,16.656875,0.000000,6.216250,6.215792,0.000458,0.062458,0.025042,0.289542,629,8064769,131297,0,5408
14468,16.630083,16.599550,0.000000,6.390791,6.390416,0.000375,0.061500,0.040000,1.084250,639,8101907,130336,0,7210
14469,16.705875,16.757008,0.000000,6.313459,6.303416,0.010043,0.054542,0.060500,0.609833,631,8064777,132727,0,5408
14470,16.612750,16.518796,0.000000,6.359166,6.356375,0.002791,0.087708,0.028542,1.051209,631,8064778,129999,0,5408
14471,16.684542,16.650573,0.000000,6.508208,6.488707,0.019501,0.054791,0.012125,0.905041,641,8086458,131397,0,7210
14472,16.782958,16.810549,0.000000,6.493958,6.451833,0.042125,0.053750,0.018917,0.610209,633,8064781,131763,0,5408
14473,16.804167,16.790922,0.000000,6.461625,6.461250,0.000375,0.089875,0.025125,0.924458,632,8095711,131103,0,5408
14474,16.523125,16.569677,0.000000,6.026709,6.012208,0.014501,0.106666,0.024500,0.292417,642,8101970,130251,0,7210
14475,16.760666,16.701203,0.000000,5.968624,5.947499,0.021125,0.071250,0.033334,0.778333,630,8049225,132857,0,5408
14476,16.650542,16.617590,0.000000,6.347417,6.346917,0.000500,0.058208,0.014125,0.529459,631,8080276,130320,0,5408
14477,16.608917,16.580335,0.000000,6.482625,6.482041,0.000584,0.052500,0.011875,0.785292,641,8086420,130005,0,7210
14478,16.604208,16.594916,0.000000,6.444001,6.443708,0.000293,0.050250,0.045208,1.061959,631,8052579,131590,0,5408
14479,16.733167,16.685370,0.000000,6.552084,6.522625,0.029459,0.052083,0.020458,0.299208,632,8077047,130993,0,5408
14480,16.644958,16.682270,0.000000,6.627624,6.626082,0.001542,0.060292,0.043250,0.591458,642,8101814,131397,0,7210
14481,16.749292,16.692791,0.000000,6.380208,6.379541,0.000667,0.056750,0.018541,0.289667,631,8049343,131607,0,5408
14482,16.676916,16.621928,0.000000,6.597083,6.591208,0.005875,0.053834,0.034125,0.603541,633,8080238,129742,0,5408
14483,16.669000,16.661524,0.000000,6.295792,6.295500,0.000292,0.052667,0.015083,0.608958,640,8086540,131958,0,7210
14484,16.791917,16.834959,0.000000,6.313291,6.312624,0.000667,0.061708,0.019334,0.901458,631,8080146,132910,0,5408
14485,16.666625,16.630614,0.000000,6.364125,6.355875,0.008250,0.067625,0.028875,0.658668,632,8064777,130716,0,5408
14486,16.566375,16.595924,0.000000,6.370750,6.369958,0.000792,0.051917,0.076041,0.640250,642,8117358,131636,0,7210
14487,16.788208,16.724323,0.000000,6.308624,6.304457,0.004167,0.068209,0.020166,1.244542,630,8033930,132710,0,5408
14488,16.668917,16.644620,0.000000,6.337335,6.336793,0.000542,0.057292,0.018500,0.299458,632,8080165,130861,0,5408
14489,16.637208,16.577381,0.000000,6.506834,6.506375,0.000459,0.056459,0.015750,1.329251,640,8086485,131164,0,7210
14490,16.684292,16.732675,0.000000,6.384500,6.384124,0.000376,0.053708,0.038209,0.305125,632,8080225,132685,0,5408
14491,16.780458,16.732453,0.000000,6.359541,6.354375,0.005166,0.057709,0.015000,0.963500,634,8064794,131799,0,5408
14492,16.689042,16.713955,0.000000,6.382126,6.381583,0.000543,0.062333,0.043459,0.611166,637,8071286,132812,0,7210
14493,16.072500,16.121389,0.000000,6.237835,6.232917,0.004918,0.048167,0.102625,0.947792,650,8263150,135394,0,5814
14494,17.110208,17.069365,0.000000,6.111500,6.100875,0.010625,0.062584,0.060166,0.957083,622,7925747,139747,0,5408
14495,16.769792,16.690207,0.000000,6.225000,6.224541,0.000459,0.053417,0.012375,0.634042,636,8055599,136029,0,7210
14496,16.680042,16.705748,0.000000,6.343374,6.343082,0.000292,0.070958,0.036208,1.202666,633,8080260,132651,0,5408
14497,16.682625,16.617085,0.000000,6.289874,6.289625,0.000249,0.049791,0.029334,0.624250,631,8062195,132610,0,5920
14498,16.653083,16.634135,0.000000,6.253916,6.251749,0.002167,0.052167,0.050375,1.247126,639,8078161,134286,0,6698
14499,16.666333,16.619374,0.000000,6.328583,6.328207,0.000376,0.051625,0.021667,0.289958,632,8075696,133413,0,5408
14500,16.686000,16.697218,0.000000,6.397167,6.383584,0.013583,0.062084,0.020583,0.906375,642,8101884,133800,0,7210
14501,16.740709,16.706620,0.000000,6.334707,6.334374,0.000333,0.064666,0.020417,0.897875,628,8049397,133468,0,5408
14502,16.669041,16.706714,0.000000,6.117043,6.103417,0.013542,0.059000,0.077542,0.634541,634,8111057,133414,0,5408
14503,16.657084,16.603203,0.000000,6.198459,6.198084,0.000375,0.055541,0.023834,0.988624,641,8071009,134084,0,7210
14504,16.754875,16.721838,0.000000,6.288833,6.288416,0.000417,0.063916,0.023625,0.611041,627,8049411,134434,0,5408
14505,16.645166,16.640340,0.000000,6.244458,6.234749,0.009709,0.065459,0.023375,0.995083,631,8080211,132880,0,5408
14506,16.626500,16.638203,0.000000,6.287251,6.285584,0.001667,0.054459,0.033666,0.291250,642,8101873,133159,0,7210
14507,16.804125,16.801287,0.000000,6.097043,6.096708,0.000251,0.080334,0.021916,1.243541,631,8053984,135655,0,5408
14508,16.615167,16.626004,0.000000,6.152126,6.142917,0.009209,0.055083,0.068875,0.642125,632,8091045,132899,0,5408
14509,16.659667,16.585283,0.000000,6.187124,6.184875,0.002249,0.062625,0.038000,1.087042,642,8086435,133406,0,7210
14510,16.752041,16.713343,0.000000,5.998584,5.998166,0.000334,0.058917,0.052042,0.848499,630,8064788,134466,0,5408
14511,16.621875,16.635372,0.000000,6.092418,6.091750,0.000668,0.065667,0.041417,0.644709,632,8064820,134636,0,5408
14512,16.693250,16.687496,0.000000,6.032125,6.031458,0.000667,0.064792,0.075875,0.926208,643,8101863,137916,0,7210
14513,16.676042,16.641236,0.000000,5.842960,5.842431,0.000237,0.062542,0.019250,0.620625,631,8049359,139037,0,5408
14514,16.701625,16.648905,0.000000,6.022625,6.022249,0.000376,0.061167,0.043083,0.926707,631,8095645,137173,0,5408
14515,16.726417,16.736874,0.000000,5.821959,5.821431,0.000194,0.059916,0.042167,0.629959,642,8086446,139257,0,7210
14516,16.635083,16.592489,0.000000,5.866334,5.865375,0.000959,0.064417,0.020375,0.953959,631,8049342,138625,0,5408
14517,16.665875,16.692338,0.000000,6.067750,6.067374,0.000376,0.055333,0.013042,1.271916,630,8080243,138185,0,5408
14518,16.664250,16.640824,0.000000,6.215417,6.185876,0.029541,0.048792,0.011708,0.301417,642,8102131,137283,0,7210
14519,16.766292,16.717079,0.000000,5.762959,5.762347,0.000320,0.069000,0.030041,0.717791,629,8049096,139302,0,5408
14520,16.632750,16.631865,0.000000,5.852168,5.835167,0.017001,0.055083,0.018542,0.302083,633,8080236,137531,0,5408
14521,16.638125,16.641852,0.000000,6.087125,6.080959,0.006166,0.053958,0.017125,0.973250,643,8101880,137207,0,7210
14522,16.718291,16.711706,0.000000,5.982083,5.980750,0.001333,0.055750,0.019292,0.309167,632,8067341,138676,0,5408
14523,16.693875,16.693668,0.000000,6.113332,6.103582,0.009750,0.072084,0.018791,0.915459,635,8108568,138867,0,5408
14524,16.626584,16.582825,0.000000,5.573791,5.573264,0.000319,0.059708,0.037625,0.901667,640,8055562,147207,0,7210
14525,16.686500,16.625788,0.000000,6.526500,6.518041,0.008459,0.058083,0.019583,0.459000,630,8049292,130150,0,5408
14526,16.760041,16.780835,0.000000,6.533291,6.533040,0.000251,0.053375,0.030000,1.087541,633,8080231,131205,0,5408
14527,16.568417,16.522706,0.000000,6.687334,6.686709,0.000625,0.050375,0.013417,0.292666,640,8093359,129780,0,7210
14528,16.812583,16.836662,0.000000,6.605459,6.603625,0.001834,0.059250,0.020334,0.959417,629,8057878,131813,0,5408
14529,16.608042,16.546529,0.000000,6.599250,6.585624,0.013626,0.052208,0.011292,0.291000,633,8080278,129729,0,5408
14530,16.681458,16.749949,0.000000,6.551958,6.551667,0.000291,0.054875,0.070667,0.930792,642,8101877,131846,0,7210
14531,16.423209,16.331456,0.000000,6.364167,6.363833,0.000334,0.048416,0.013875,0.600542,634,8064041,130234,0,5537
14532,16.703000,16.731587,0.000000,6.463959,6.463792,0.000167,0.056833,0.020292,0.897584,633,8095780,134240,0,5408
14533,17.020125,16.999125,0.000000,6.258542,6.257750,0.000542,0.095333,0.035333,0.842667,638,8070879,134476,0,7210
14534,16.629625,16.601707,0.000000,5.894250,5.889916,0.004334,0.057291,0.021125,0.607666,633,8080246,132362,0,5408
14535,16.735083,16.712949,0.000000,6.402166,6.353832,0.048334,0.054625,0.013417,1.206084,633,8080211,129680,0,5408
14536,16.547458,16.548000,0.000000,6.281750,6.281417,0.000333,0.055250,0.023375,0.299834,641,8071009,130242,0,7210
14537,16.743292,16.706867,0.000000,6.414667,6.414250,0.000417,0.068125,0.019667,0.919917,629,8064797,131079,0,5408
14538,16.590708,16.583208,0.000000,6.428916,6.428332,0.000584,0.057875,0.013709,0.291459,633,8095833,129897,0,5408
14539,16.603084,16.584994,0.000000,6.555249,6.555042,0.000207,0.054708,0.014542,0.754041,642,8070849,130926,0,7210
14540,16.832416,16.821742,0.000000,6.205084,6.203583,0.001501,0.068584,0.037291,0.591167,630,8080236,133030,0,5408
14541,16.679250,16.650663,0.000000,6.407834,6.395250,0.012584,0.052292,0.013042,0.630167,631,8064980,128961,0,5408
14542,16.624250,16.649209,0.000000,6.423499,6.419500,0.003999,0.046709,0.054333,0.595084,642,8101710,131850,0,7210
14543,16.773417,16.735621,0.000000,6.552167,6.541333,0.010834,0.061500,0.022167,0.612083,630,8080235,132346,0,5408
14544,16.809167,16.776250,0.000000,6.195207,6.194874,0.000167,0.059375,0.035583,0.939084,633,8049384,128428,0,5408
14545,16.723125,16.725679,0.000000,7.043040,7.037166,0.005791,0.058500,0.038875,0.289708,638,8070997,119850,0,7210
14546,16.652458,16.615008,0.000000,7.012292,7.008332,0.003876,0.060333,0.017792,1.245459,631,8080228,119471,0,5408
14547,16.675042,16.721046,0.000000,7.138167,7.113250,0.024750,0.053500,0.080666,0.422125,635,8104885,119527,0,5408
14548,16.737291,16.657052,0.000000,7.112667,7.098125,0.014458,0.049584,0.014333,0.953667,638,8046390,120057,0,7210
14549,16.599667,16.602699,0.000000,7.015333,7.007916,0.007292,0.060833,0.019584,0.937833,632,8080228,119173,0,5408
14550,16.682292,16.691408,0.000000,7.009458,7.009125,0.000208,0.062041,0.049750,0.304250,640,8087653,120925,0,7006
14551,16.735041,16.675667,0.000000,7.046375,7.045958,0.000334,0.053250,0.018417,1.329376,630,8063611,120092,0,5612
14552,16.675250,16.732788,0.000000,7.073459,7.073083,0.000251,0.062667,0.074625,0.611375,633,8109329,120166,0,5408
14553,16.524417,16.432455,0.000000,7.003792,7.003458,0.000209,0.054333,0.021292,0.962334,638,8041941,117944,0,7210
14554,16.833000,16.806957,0.000000,7.058209,7.057834,0.000250,0.063917,0.018916,0.343792,633,8080249,122641,0,5408
14555,16.769167,16.756648,0.000000,7.139085,7.133250,0.001543,0.055583,0.020000,0.624374,630,8080210,119035,0,5408
14556,16.442916,16.446370,0.000000,6.944250,6.941458,0.002667,0.052834,0.035833,0.938792,641,8079323,119036,0,7210
14557,16.772417,16.750158,0.000000,7.220207,7.219916,0.000208,0.058125,0.017625,0.668542,630,8071950,119923,0,5408
14558,16.726792,16.758628,0.000000,7.111541,7.110749,0.000667,0.059125,0.077541,1.054292,632,8095671,120409,0,5408
14559,16.607416,16.531876,0.000000,7.119667,7.117250,0.002292,0.046542,0.015417,0.299792,639,8055598,118383,0,7210
14560,16.756250,16.731993,0.000000,7.056042,7.051209,0.004708,0.054667,0.037042,1.293833,631,8080232,121141,0,5408
14561,16.614417,16.573372,0.000000,7.177374,7.160791,0.016375,0.048083,0.018750,0.312250,630,8064794,117989,0,5408
14562,16.679958,16.699594,0.000000,7.013001,7.011875,0.001001,0.055292,0.016333,0.952500,640,8086456,120490,0,7210
14563,16.690084,16.673947,0.000000,7.121333,7.120833,0.000375,0.042625,0.043958,0.909959,632,8080260,120633,0,5408
14564,16.820125,16.809285,0.000000,7.305416,7.304999,0.000292,0.053875,0.038833,0.293417,631,8080243,118404,0,5408
14565,16.502791,16.509376,0.000000,7.070667,7.064458,0.006084,0.062417,0.053417,0.909334,640,8070979,117791,0,7210
14566,16.831959,16.846337,0.000000,7.010334,7.006167,0.004000,0.064916,0.065500,0.313500,634,8097446,122115,0,5408
14567,16.736000,16.647668,0.000000,7.201541,7.189541,0.011834,0.062458,0.019083,1.237333,630,8063057,117481,0,5408
14568,16.480875,16.476048,0.000000,7.014125,7.005916,0.008126,0.057583,0.016667,0.291709,640,8071074,118021,0,7210
14569,16.693791,16.678997,0.000000,7.146417,7.145917,0.000375,0.047542,0.060958,0.951541,632,8080309,120194,0,5408
14570,16.927334,16.895470,0.000000,7.065208,7.059416,0.005667,0.050875,0.014375,0.289666,631,8080152,118921,0,5408
14571,16.450708,16.423033,0.000000,7.036042,7.032583,0.003334,0.062125,0.021042,0.969416,639,8055552,116783,0,7210
14572,16.703292,16.699368,0.000000,6.968000,6.967542,0.000333,0.048416,0.042500,0.596042,632,8095676,121077,0,5408
14573,16.783708,16.784667,0.000000,7.121833,7.115666,0.006001,0.051792,0.058250,0.640958,653,8069745,120830,0,7449
14574,16.537083,16.505578,0.000000,7.071541,7.071166,0.000250,0.052500,0.019000,0.898542,640,8070938,118535,0,7210
14575,16.756292,16.730875,0.000000,7.283167,7.278917,0.004166,0.042208,0.010125,0.306125,633,8081187,119098,0,5408
14576,16.735875,16.734005,0.000000,7.309667,7.309375,0.000209,0.052708,0.019375,1.000167,631,8079379,116923,0,5408
14577,16.610500,16.571223,0.000000,7.125125,7.116500,0.008542,0.049583,0.018917,0.326000,638,8055549,115915,0,7210
14578,16.702417,16.660908,0.000000,7.163125,7.162750,0.000250,0.044375,0.012083,0.962916,632,8080210,119420,0,5408
14579,16.776125,16.800919,0.000000,7.382168,7.376833,0.005251,0.051208,0.015792,0.923792,631,8095696,116880,0,5408
14580,16.617708,16.629120,0.000000,7.270333,7.264208,0.006042,0.050750,0.047917,0.289958,641,8076334,116322,0,7210
14581,16.728417,16.714509,0.000000,7.211791,7.209333,0.002333,0.050000,0.062416,0.588708,630,8090409,118017,0,5408
14582,16.564625,16.519585,0.000000,7.320918,7.317000,0.003834,0.049166,0.035042,0.307083,631,8064750,116201,0,5408
14583,16.777541,16.773128,0.000000,7.491251,7.490875,0.000376,0.049209,0.043666,0.953875,640,8071003,115589,0,7210
14584,16.657834,16.617116,0.000000,7.232458,7.200500,0.031833,0.052833,0.016708,0.306667,631,8080324,117863,0,5408
14585,16.664250,16.686003,0.000000,7.349710,7.349333,0.000293,0.055500,0.031666,0.934126,632,8089937,115611,0,5408
14586,16.754083,16.716223,0.000000,7.437292,7.436624,0.000668,0.047042,0.036333,0.298375,639,8061255,116598,0,7210
14587,16.531000,16.503962,0.000000,7.329792,7.329167,0.000542,0.046750,0.017167,1.158749,631,8080264,117342,0,5408
14588,16.750042,16.741303,0.000000,7.508958,7.505874,0.002917,0.056958,0.028083,0.965125,630,8080213,115596,0,5408
14589,16.630791,16.619013,0.000000,7.227459,7.224916,0.002543,0.053292,0.032958,0.557625,641,8071075,115626,0,7210
14590,16.719000,16.712419,0.000000,7.178792,7.171292,0.007375,0.048292,0.075000,0.946375,632,8095637,119064,0,5408
14591,16.658834,16.606333,0.000000,7.402625,7.391291,0.011209,0.044291,0.017084,0.290792,631,8064872,114917,0,5408
14592,16.731041,16.717593,0.000000,7.573750,7.555041,0.018709,0.049000,0.045875,0.937542,641,8070934,115256,0,7210
14593,17.073167,17.123535,0.000000,7.455209,7.451334,0.003708,0.093917,0.055708,0.291167,633,8111136,118345,0,5408
14594,16.674208,16.585287,0.000000,6.745585,6.723500,0.021543,0.055959,0.017458,0.907375,628,8049352,115509,0,5408
14595,16.323375,16.282783,0.000000,7.219709,7.219250,0.000459,0.046000,0.013584,1.256874,638,8055582,114800,0,7210
14596,16.668667,16.676538,0.000000,7.327958,7.327542,0.000250,0.044000,0.010250,0.289959,633,8095674,117113,0,5408
14597,16.654125,16.639620,0.000000,7.488833,7.480624,0.007959,0.055625,0.016667,0.974084,632,8080227,114318,0,5408
14598,16.840458,16.828836,0.000000,7.472710,7.472292,0.000334,0.053292,0.011792,0.308083,637,8071041,117732,0,7210
14599,16.664375,16.659545,0.000000,7.410375,7.406583,0.003709,0.058042,0.019000,1.004208,633,8111116,116409,0,5408
14600,16.574792,16.542425,0.000000,7.431041,7.428291,0.002667,0.051625,0.024375,0.291667,627,8049341,114093,0,5408
14601,16.769750,16.753825,0.000000,7.396376,7.393667,0.002584,0.054292,0.026416,0.940709,639,8071059,116943,0,7210
14602,16.640708,16.633296,0.000000,7.454209,7.448583,0.005542,0.052542,0.035208,0.910542,630,8080244,116186,0,5408
14603,16.054042,16.172712,0.000000,7.459584,7.459250,0.000209,0.041667,0.171708,0.606375,652,8192089,116952,0,7667
14604,17.218042,17.021759,0.000000,5.116874,5.096179,0.020487,0.050041,0.018959,0.930167,621,7941316,172777,0,5408
14605,16.673625,16.630914,0.000000,6.613250,6.596751,0.016499,0.055583,0.019500,0.313291,633,8080191,128402,0,5408
14606,16.680333,16.669517,0.000000,6.481791,6.481124,0.000667,0.047375,0.013083,1.283625,641,8086440,130810,0,7210
14607,16.743417,16.757953,0.000000,6.583875,6.583332,0.000543,0.051791,0.019084,0.291458,631,8064803,130405,0,5408
14608,16.624500,16.604085,0.000000,6.686250,6.680459,0.005791,0.051000,0.018416,0.965417,633,8080216,129063,0,5408
14609,16.683500,16.696634,0.000000,6.812834,6.810958,0.001876,0.051583,0.017792,0.626542,643,8117344,129683,0,7210
14610,16.736958,16.704535,0.000000,6.560626,6.558125,0.002501,0.056417,0.015458,0.958292,629,8049393,131559,0,5408
14611,16.615083,16.595500,0.000000,6.868875,6.868501,0.000374,0.048042,0.010917,0.972542,631,8064761,127824,0,5408
14612,16.715125,16.638831,0.000000,6.882500,6.882166,0.000334,0.048125,0.008834,0.612125,640,8086641,129248,0,7210
14613,16.660667,16.716350,0.000000,6.609834,6.609416,0.000418,0.062292,0.013166,0.792958,632,8080114,130664,0,5408
14614,16.699125,16.665594,0.000000,6.681332,6.680958,0.000374,0.046708,0.011042,0.289583,630,8064760,129644,0,5408
14615,16.677458,16.615373,0.000000,6.746291,6.739332,0.006959,0.040459,0.010041,0.947791,641,8086434,128438,0,7210
14616,16.751167,16.813073,0.000000,6.687082,6.682624,0.004458,0.061042,0.036541,0.290042,633,8080349,131419,0,5408
14617,16.619375,16.545528,0.000000,6.568626,6.563209,0.005417,0.053417,0.012291,0.943666,631,8064728,127032,0,5408
14618,16.642167,16.683536,0.000000,6.725251,6.724500,0.000751,0.042708,0.038333,0.911917,641,8101905,130857,0,7210
14619,16.767333,16.734380,0.000000,6.664875,6.656999,0.007876,0.050125,0.017500,0.322125,627,8049390,129436,0,5408
14620,16.615375,16.567587,0.000000,6.688374,6.676917,0.011457,0.043750,0.018958,0.587417,632,8080234,128522,0,5408
14621,16.696792,16.732759,0.000000,6.705251,6.697417,0.007834,0.061958,0.076667,0.608333,644,8117349,129880,0,7210
14622,16.681375,16.650791,0.000000,6.495083,6.494749,0.000334,0.049041,0.047500,0.954959,629,8049290,130588,0,5408
14623,16.720666,16.714581,0.000000,6.200667,6.200209,0.000458,0.064000,0.030667,0.290000,632,8075055,136310,0,5408
14624,16.621167,16.540511,0.000000,6.019458,6.019166,0.000292,0.053000,0.015875,0.943249,641,8076334,137490,0,7210
14625,16.663750,16.707715,0.000000,6.163208,6.162833,0.000375,0.043750,0.060833,0.612125,632,8080060,138322,0,5408
14626,16.770042,16.729095,0.000000,6.031750,6.031459,0.000291,0.048541,0.034625,0.986334,633,8080225,138468,0,5408
14627,16.687000,16.699997,0.000000,6.160958,6.157249,0.003709,0.069333,0.021583,1.071541,641,8086447,136590,0,7210
14628,16.715166,16.637155,0.000000,5.944958,5.931874,0.013084,0.060417,0.024542,0.309375,629,8049364,138247,0,5408
14629,16.599125,16.577338,0.000000,6.067417,6.067083,0.000334,0.047167,0.045875,1.316792,633,8080216,136597,0,5408
14630,16.730375,16.710759,0.000000,5.862333,5.861597,0.000361,0.065875,0.024000,0.299125,640,8086438,138480,0,7210
14631,16.694292,16.769575,0.000000,5.948709,5.929375,0.019334,0.064792,0.079916,0.925459,634,8095691,139793,0,5408
14632,16.757833,16.673414,0.000000,6.107583,6.107000,0.000583,0.048875,0.013584,0.498750,630,8064790,137113,0,5408
14633,16.509500,16.540045,0.000000,6.024833,6.024624,0.000209,0.043459,0.049083,0.935792,642,8102013,137132,0,7210
14634,16.853750,16.793051,0.000000,6.021334,6.020750,0.000584,0.053792,0.024792,0.907917,629,8049201,139923,0,5408
14635,16.589834,16.642633,0.000000,6.119458,6.119000,0.000458,0.065458,0.073833,0.641625,634,8095684,137258,0,5408
14636,16.585416,16.489488,0.000000,6.233625,6.184583,0.049042,0.048250,0.037334,0.978792,638,8055571,136471,0,7210
14637,16.771417,16.739124,0.000000,6.155208,6.142582,0.012626,0.050542,0.019666,0.291292,629,8064843,138672,0,5408
14638,16.765625,16.793881,0.000000,6.099627,6.099293,0.000334,0.045792,0.023250,0.996750,633,8095764,138857,0,5408
14639,16.548667,16.506409,0.000000,6.081040,6.077665,0.003375,0.049916,0.042375,0.293208,640,8070868,136464,0,7210
14640,16.885291,16.883782,0.000000,6.004376,6.004000,0.000376,0.066875,0.018959,0.588542,633,8080245,139917,0,5408
14641,16.544375,16.510118,0.000000,5.811333,5.810639,0.000278,0.080584,0.024000,0.580791,631,8064816,135178,0,5408
14642,16.620209,16.639655,0.000000,6.078751,6.078333,0.000418,0.045625,0.030916,0.625458,641,8086370,138324,0,7210
14643,16.654750,16.598241,0.000000,5.617667,5.617305,0.000237,0.035500,0.032041,1.232417,631,8064828,138212,0,5408
14644,16.871750,16.878213,0.000000,5.646791,5.646181,0.000360,0.055291,0.020250,0.610750,631,8095631,138320,0,5408
14645,16.462083,16.432028,0.000000,5.469417,5.469139,0.000153,0.036500,0.029667,1.108167,642,8086508,135929,0,7210
14646,16.698083,16.696671,0.000000,5.613293,5.612805,0.000279,0.035375,0.030750,0.607208,633,8064718,139400,0,5408
14647,16.695334,16.664241,0.000000,5.854583,5.854167,0.000416,0.033833,0.031292,1.252667,632,8080250,136835,0,5408
14648,16.592041,16.532381,0.000000,5.873583,5.873333,0.000250,0.033042,0.030333,0.609458,637,8055611,136238,0,7210
14649,16.849084,16.856840,0.000000,5.743459,5.743083,0.000376,0.042666,0.017334,0.923959,633,8080197,137975,0,5408
14650,16.672458,16.668861,0.000000,5.522333,5.521973,0.000277,0.044875,0.025500,1.217666,633,8095915,138517,0,5408
14651,16.629625,16.593216,0.000000,5.801625,5.801249,0.000376,0.036625,0.026667,0.617709,638,8055549,137435,0,7210
14652,16.687875,16.682216,0.000000,5.854416,5.854166,0.000250,0.034708,0.030584,1.215834,632,8095474,137789,0,5408
14653,16.896875,16.853794,0.000000,5.789041,5.788541,0.000292,0.057208,0.027500,0.610917,630,8064827,134783,0,5408
14654,16.554500,16.559239,0.000000,5.374167,5.373514,0.000153,0.045375,0.025333,0.905500,640,8086657,141271,0,7210
14655,16.694292,16.682584,0.000000,5.678041,5.677721,0.000195,0.037958,0.030792,0.608000,633,8080031,136272,0,5408
14656,16.656083,16.659367,0.000000,5.715042,5.714473,0.000319,0.039042,0.030958,0.910791,638,8077520,137761,0,7006
14657,16.560708,16.504208,0.000000,5.733041,5.732722,0.000236,0.033917,0.033167,0.624500,630,8058309,136125,0,5612
14658,16.790167,16.789109,0.000000,5.669209,5.668722,0.000237,0.037958,0.037834,1.069083,634,8095721,138872,0,5408
14659,16.613500,16.574192,0.000000,5.806625,5.806292,0.000333,0.037083,0.011334,1.213124,641,8070984,135782,0,7210
14660,16.704167,16.715534,0.000000,5.709418,5.708806,0.000320,0.036791,0.029792,0.607875,631,8080191,139087,0,5408
14661,16.699708,16.664338,0.000000,5.729375,5.728875,0.000500,0.041375,0.038083,1.099082,632,8064784,135418,0,5408
14662,16.731667,16.736514,0.000000,5.627540,5.627097,0.000360,0.050791,0.018542,0.587875,640,8086445,138287,0,7210
14663,16.214875,16.237086,0.000000,5.430750,5.430305,0.000320,0.031916,0.078459,0.752917,638,8156922,142265,0,5537
14664,17.078083,17.002718,0.000000,5.656375,5.655888,0.000237,0.035167,0.024291,0.608500,626,8002819,140952,0,5408
14665,16.272167,16.338271,0.000000,5.992001,5.991709,0.000292,0.035708,0.093542,1.073375,640,8070334,131757,0,7338
14666,16.695708,16.610592,0.000000,5.523083,5.522555,0.000278,0.034292,0.080875,1.231334,637,8125623,143991,0,5588
14667,17.086583,17.051770,0.000000,5.616042,5.615680,0.000153,0.040000,0.020000,0.454125,631,8049307,139676,0,5408
14668,16.631542,16.609453,0.000000,5.886083,5.885750,0.000333,0.049167,0.019291,1.260208,639,8055544,133123,0,7210
14669,16.722250,16.723467,0.000000,5.714417,5.714000,0.000417,0.043542,0.026958,0.619333,631,8095700,135104,0,5408
14670,16.671333,16.648424,0.000000,5.919458,5.919124,0.000334,0.063500,0.020667,0.579333,632,8080205,131717,0,5408
14671,17.681292,17.631580,0.000000,5.801750,5.801431,0.000236,0.046417,0.026250,0.612834,639,8055629,132216,0,7210
14672,15.599500,15.582500,0.000000,4.866583,4.866180,0.000278,0.038833,0.025625,1.216250,628,8064715,133456,0,5408
14673,16.702000,16.706549,0.000000,6.341959,6.341583,0.000376,0.033750,0.028417,0.801000,634,8111196,130933,0,5408
14674,16.721583,16.734933,0.000000,5.898041,5.886541,0.011500,0.057292,0.037083,0.701792,641,8071183,131467,0,7210
14675,16.832375,16.769945,0.000000,5.765709,5.744416,0.021293,0.057750,0.022667,1.061917,629,8064636,131366,0,5408
14676,16.612750,16.600541,0.000000,5.659625,5.642638,0.016779,0.047125,0.019542,0.610375,633,8080130,132496,0,5408
14677,16.250625,16.262626,0.000000,5.723792,5.682834,0.040958,0.050542,0.075875,0.973292,646,8131080,135570,0,7532
14678,17.024042,17.013819,0.000000,5.243333,5.242764,0.000236,0.051625,0.042375,0.606542,629,8034099,140716,0,5408
14679,16.464750,16.478780,0.000000,6.318792,6.303499,0.015293,0.090458,0.037542,0.956292,638,8132208,137164,0,5599
14680,16.962042,16.865041,0.000000,6.059832,6.039916,0.019916,0.043125,0.019250,0.598084,658,8007219,141616,0,9251
14681,16.664375,16.656635,0.000000,6.349042,6.342916,0.006126,0.053541,0.018667,0.628083,632,8080255,133560,0,5408
14682,16.675291,16.701951,0.000000,6.489209,6.463874,0.025335,0.052834,0.052750,0.689958,630,8064747,133025,0,5408
14683,16.552334,16.504335,0.000000,6.496874,6.496292,0.000582,0.051000,0.020166,0.647667,648,8131671,132795,0,7432
14684,16.518916,16.501454,0.000000,5.701584,5.700972,0.000237,0.051209,0.063583,0.946291,633,8063614,143450,0,5619
14685,17.088542,17.116924,0.000000,6.213834,6.213541,0.000293,0.053542,0.046791,0.310750,630,8049348,140425,0,5408
14686,16.570417,16.503133,0.000000,6.360667,6.360209,0.000458,0.053333,0.017458,1.332376,636,8040081,133282,0,7210
14687,16.392625,16.375006,0.000000,6.298916,6.291624,0.007292,0.050541,0.018542,0.527458,634,8094606,135217,0,5611
14688,16.722416,16.734323,0.000000,6.196250,6.174624,0.021626,0.052209,0.031083,0.789667,635,8094360,141068,0,5656
14689,17.034000,17.040881,0.000000,6.144584,6.118959,0.025625,0.068792,0.049417,0.956208,640,8055534,142242,0,7210
14690,16.904167,16.845131,0.000000,5.991292,5.975083,0.016209,0.059167,0.014833,0.324125,632,8080298,136551,0,5408
14691,16.606417,16.624252,0.000000,6.472417,6.467541,0.004876,0.059250,0.066041,1.169167,632,8095599,132036,0,5408
14692,16.657041,16.582542,0.000000,6.365292,6.359917,0.005375,0.057584,0.027750,0.640791,638,8055564,130970,0,7210
14693,16.714375,16.702925,0.000000,6.076583,6.067749,0.008834,0.060667,0.014292,1.016458,631,8064779,133504,0,5408
14694,16.692417,16.686406,0.000000,6.342458,6.333041,0.009417,0.056542,0.021875,0.316208,633,8095668,131590,0,5408
14695,16.592750,16.598216,0.000000,6.421208,6.414584,0.006624,0.058958,0.037542,0.969666,641,8071068,131758,0,7210
14696,16.721542,16.723673,0.000000,6.476291,6.475624,0.000667,0.059166,0.052667,1.015708,633,8095613,133757,0,5408
14697,16.744583,16.700404,0.000000,6.480500,6.452916,0.027584,0.057042,0.012583,0.654167,631,8064780,130622,0,5408
14698,16.547875,16.539909,0.000000,6.429208,6.428792,0.000416,0.047000,0.023875,0.913333,640,8071096,132809,0,7210
14699,16.827792,16.791708,0.000000,6.446625,6.440957,0.005668,0.053666,0.014709,0.306167,631,8080147,133489,0,5408
14700,16.674500,16.688099,0.000000,6.418750,6.417958,0.000792,0.056791,0.031084,1.267500,634,8095674,132456,0,5408
14701,16.559041,16.521667,0.000000,6.538751,6.520001,0.018750,0.044334,0.021625,0.289917,638,8055597,130951,0,7210
14702,16.761750,16.736501,0.000000,6.525000,6.519749,0.005251,0.046209,0.012500,0.943000,632,8080221,132652,0,5408
14703,16.686459,16.669676,0.000000,6.670625,6.668124,0.002501,0.048833,0.029917,0.508875,632,8080228,128921,0,5408
14704,16.659333,16.681498,0.000000,6.596374,6.577333,0.019041,0.060042,0.036625,0.964083,640,8086533,132044,0,7210
14705,16.681750,16.629182,0.000000,6.631500,6.621749,0.009751,0.058250,0.012708,0.907999,631,8064847,127898,0,5408
14706,16.758792,16.773351,0.000000,6.572249,6.542915,0.029334,0.062916,0.025459,0.312958,632,8095572,132736,0,5408
14707,16.673208,16.627040,0.000000,6.565583,6.522417,0.043166,0.062500,0.019292,1.213167,636,8055615,131768,0,7210
14708,16.606792,16.577483,0.000000,6.599457,6.586540,0.012917,0.054375,0.020291,0.290750,631,8080425,130269,0,5408
14709,16.663166,16.686720,0.000000,6.632541,6.632083,0.000458,0.084584,0.016250,1.267709,640,8087602,131750,0,7006
14710,16.770625,16.713197,0.000000,6.620666,6.608208,0.012458,0.054834,0.018125,0.289500,633,8063453,132324,0,5612
14711,16.647792,16.639501,0.000000,6.697168,6.696875,0.000293,0.062000,0.021667,0.945334,631,8080344,130686,0,5408
14712,16.229708,16.209503,0.000000,6.645208,6.630416,0.014792,0.053542,0.022500,0.911041,643,8069797,128519,0,7421
14713,17.295625,17.357308,0.000000,6.169500,6.169000,0.000416,0.075959,0.076000,0.617084,635,8111090,140025,0,5408
14714,16.538292,16.487261,0.000000,6.352792,6.352416,0.000376,0.053750,0.064125,0.654459,631,8064881,129459,0,5408
14715,16.588208,16.545454,0.000000,6.704792,6.703750,0.001042,0.058042,0.017750,0.635375,640,8058914,127918,0,7210
14716,16.805417,16.784009,0.000000,6.661584,6.660209,0.001375,0.055000,0.033333,1.271292,630,8082110,131235,0,5408
14717,15.973083,16.075292,0.000000,6.402083,6.401708,0.000375,0.047417,0.147750,0.306209,650,8241619,132592,0,6009
14718,16.795959,16.647087,0.000000,5.870583,5.862013,0.008237,0.051916,0.040750,1.268166,631,7884173,148744,0,7468
14719,17.143250,17.120130,0.000000,6.270458,6.249542,0.020916,0.051250,0.039333,0.919291,634,8095666,141368,0,5408
14720,16.732791,16.715168,0.000000,6.633708,6.627375,0.006333,0.049667,0.019250,0.646958,628,8080264,132928,0,5408
14721,16.610875,16.556909,0.000000,6.574625,6.555208,0.019417,0.054084,0.014875,0.939375,643,8086436,130106,0,7210
14722,16.767250,16.845128,0.000000,6.389416,6.389000,0.000416,0.060792,0.070292,0.666625,633,8080320,134509,0,5408
14723,16.106500,16.112874,0.000000,6.515958,6.515291,0.000667,0.058417,0.099875,0.971875,636,8109533,129661,0,5685
14724,17.323250,17.244702,0.000000,6.213126,6.212750,0.000376,0.062917,0.014333,0.305208,637,8024660,141675,0,7210
14725,16.598334,16.603504,0.000000,6.313416,6.313000,0.000416,0.056541,0.038750,1.271458,632,8092548,133073,0,5408
14726,16.741541,16.680462,0.000000,6.520208,6.519624,0.000584,0.053000,0.028625,0.485125,630,8067899,131308,0,5408
14727,16.628834,16.638750,0.000000,6.712000,6.695999,0.016001,0.052708,0.018542,1.045459,640,8070982,130778,0,7210
14728,16.678541,16.636169,0.000000,6.519416,6.518458,0.000958,0.046792,0.010208,0.978916,631,8080243,132894,0,5408
14729,16.694625,16.692538,0.000000,6.586500,6.586083,0.000417,0.053625,0.041500,0.313500,632,8080307,129869,0,5408
14730,16.707709,16.660042,0.000000,6.476000,6.468791,0.007209,0.058500,0.014583,1.111000,638,8055486,131674,0,7210
14731,16.681041,16.672881,0.000000,6.530374,6.529667,0.000707,0.051042,0.017542,0.488166,635,8095655,131071,0,5408
14732,16.651542,16.639912,0.000000,6.708083,6.693916,0.014167,0.048458,0.011709,0.970083,631,8080237,128518,0,5408
14733,16.651208,16.641099,0.000000,6.598959,6.598625,0.000334,0.055417,0.023042,0.290875,640,8071032,129157,0,7210
14734,16.796625,16.777719,0.000000,6.649542,6.639792,0.009750,0.051750,0.011417,0.959041,632,8080191,131980,0,5408
14735,16.640125,16.616495,0.000000,6.594417,6.585416,0.009001,0.054792,0.023000,0.970708,632,8080277,130483,0,5408
14736,16.302459,16.285876,0.000000,6.611750,6.608666,0.003084,0.052000,0.024833,0.654625,644,8085139,128268,0,7449
14737,17.083875,17.116579,0.000000,6.120210,6.118876,0.001334,0.056375,0.076958,0.909292,631,8080232,141218,0,5408
14738,16.672375,16.610469,0.000000,6.465708,6.464999,0.000709,0.051291,0.018250,0.303375,630,8064806,130995,0,5408
14739,16.606375,16.606513,0.000000,6.579334,6.578833,0.000501,0.049916,0.040292,1.281958,640,8071471,130979,0,7210
14740,16.761958,16.764340,0.000000,6.527458,6.518625,0.008833,0.059542,0.056166,0.294666,632,8095188,132810,0,5408
14741,16.629833,16.590086,0.000000,6.712959,6.707708,0.005251,0.064792,0.037083,0.960124,632,8064780,128371,0,5408
14742,16.695584,16.677968,0.000000,6.664249,6.655624,0.008625,0.051875,0.018750,0.490250,637,8071012,129827,0,7210
14743,16.758750,16.727410,0.000000,6.568250,6.563709,0.004541,0.048541,0.020042,0.950876,633,8080217,130673,0,5408
14744,16.630541,16.654211,0.000000,6.658667,6.649624,0.009043,0.064584,0.052250,0.912625,634,8095675,129791,0,5408
14745,16.644042,16.585458,0.000000,6.639250,6.638791,0.000459,0.058042,0.012500,0.614000,638,8055556,129835,0,7210
14746,16.706500,16.681050,0.000000,6.470958,6.450292,0.020666,0.052375,0.019458,1.232083,634,8080233,133433,0,5408
14747,16.324417,16.328309,0.000000,6.669667,6.661499,0.008168,0.056208,0.018167,0.315459,633,8079643,130836,0,5533
14748,16.978791,16.996411,0.000000,6.115625,6.115166,0.000459,0.053334,0.070958,1.317875,641,8070927,140954,0,7210
14749,16.081084,16.189459,0.000000,6.436583,6.429792,0.006791,0.037125,0.212833,0.337833,635,8095031,133468,0,5534
14750,17.295708,17.077714,0.000000,5.930126,5.929583,0.000543,0.086875,0.022125,0.955584,628,8049321,141540,0,5408
14751,16.600042,16.593811,0.000000,6.270708,6.266166,0.004542,0.063333,0.020667,0.965251,642,8101880,135869,0,7210
14752,16.788875,16.763863,0.000000,6.481374,6.480375,0.000999,0.062583,0.022833,0.647375,630,8049340,133310,0,5408
14753,16.569750,16.552092,0.000000,6.465125,6.464833,0.000292,0.047416,0.019625,0.600375,632,8095672,131987,0,5408
14754,16.672166,16.641633,0.000000,6.485500,6.485166,0.000334,0.052292,0.014083,0.608708,638,8071055,133657,0,7210
14755,16.722792,16.745368,0.000000,6.488791,6.476625,0.012166,0.045583,0.011959,1.223958,633,8065039,133347,0,5408
14756,16.043583,16.303637,0.000000,6.529541,6.529166,0.000375,0.046000,0.296834,0.294792,656,8238340,135342,0,7667
14757,17.279167,16.979059,0.000000,5.878208,5.858541,0.019667,0.055583,0.014250,0.942501,623,7924559,148382,0,5611
14758,16.744458,16.733576,0.000000,6.486666,6.486334,0.000332,0.052709,0.012666,0.614000,631,8073213,134509,0,5408
14759,16.656292,16.638927,0.000000,6.227833,6.226041,0.001792,0.066833,0.022667,0.843667,631,8071805,133255,0,5408
14760,16.787333,16.818897,0.000000,6.403875,6.377791,0.026084,0.099875,0.013709,0.911958,641,8086468,136675,0,7210
14761,16.584334,16.544332,0.000000,6.398750,6.396834,0.001916,0.064666,0.036209,0.646584,630,8080235,131498,0,5408
14762,16.255916,16.299957,0.000000,6.526833,6.524916,0.001917,0.049875,0.117750,0.932209,647,8131841,133773,0,7395
14763,17.137792,17.029967,0.000000,6.300708,6.285750,0.014958,0.058208,0.018167,0.611167,627,8002948,139127,0,5408
14764,16.405875,16.383838,0.000000,6.488750,6.485625,0.003125,0.044292,0.011541,0.937499,640,8156474,134746,0,5599
14765,16.975958,16.999574,0.000000,5.846625,5.846055,0.000278,0.057959,0.024083,0.618041,637,8024635,147920,0,7210
14766,16.787750,16.738622,0.000000,6.485000,6.480749,0.004251,0.053500,0.018667,0.950416,631,8064913,136259,0,5408
14767,16.611417,16.582969,0.000000,6.434708,6.434208,0.000500,0.049583,0.016542,1.158958,632,8080143,133446,0,5408
14768,16.694958,16.685292,0.000000,6.618751,6.618000,0.000751,0.046292,0.013375,0.305917,638,8072816,133834,0,7210
14769,16.166834,16.262923,0.000000,6.292792,6.292333,0.000459,0.050125,0.116083,0.770791,634,8104505,134914,0,5588
14770,17.219875,17.091633,0.000000,6.041167,6.040834,0.000333,0.048750,0.016375,0.297792,628,8053240,144338,0,5408
14771,16.600750,16.618995,0.000000,6.641710,6.631542,0.010168,0.054750,0.053000,0.947292,639,8071115,131505,0,7210
14772,16.801708,16.752582,0.000000,6.452375,6.445833,0.006542,0.047625,0.031208,0.335542,632,8080168,134193,0,5408
14773,16.711583,16.730282,0.000000,6.394166,6.372917,0.021249,0.073292,0.021500,0.923750,632,8086430,131463,0,5408
14774,16.604334,16.554823,0.000000,6.152916,6.152165,0.000751,0.053000,0.037000,0.950083,639,8064728,133241,0,7210
14775,16.265958,16.272289,0.000000,6.425250,6.419166,0.006084,0.049000,0.036750,0.651458,644,8170684,134432,0,5818
14776,17.041917,17.015412,0.000000,5.765332,5.764847,0.000319,0.049666,0.038834,0.905667,624,7992888,147411,0,5408
14777,16.543208,16.497541,0.000000,6.592333,6.591624,0.000709,0.042000,0.049875,0.291750,639,8065712,131844,0,7210
14778,16.864417,16.862000,0.000000,6.360042,6.359332,0.000710,0.054500,0.022375,0.644042,633,8080322,137325,0,5408
14779,16.212416,16.158291,0.000000,6.340833,6.334542,0.006291,0.048542,0.062208,0.290750,633,8080124,131999,0,5408
14780,17.040125,17.057871,0.000000,5.526333,5.525889,0.000111,0.044417,0.027042,0.590708,645,8068723,161207,0,7631
14781,16.795042,16.812416,0.000000,6.691209,6.688958,0.002001,0.042458,0.055042,0.292209,634,8095661,134255,0,5408
14782,16.753875,16.735707,0.000000,6.613833,6.613458,0.000250,0.050417,0.039708,0.582916,633,8080207,132783,0,5408
14783,16.508125,16.498838,0.000000,6.515416,6.507874,0.007417,0.043833,0.050917,0.583209,639,8071017,131874,0,7210
14784,16.657958,16.640050,0.000000,6.518208,6.517708,0.000500,0.045709,0.070166,0.290667,631,8080244,134863,0,5408
14785,16.364750,16.318624,0.000000,6.733291,6.731167,0.002124,0.052500,0.036959,0.864875,634,8078515,130519,0,5733
14786,17.059875,17.085956,0.000000,5.554375,5.547889,0.006111,0.060125,0.079334,0.649833,639,8070917,149260,0,7210
14787,16.767459,16.708614,0.000000,5.851292,5.834541,0.016751,0.056250,0.012500,0.978749,650,8038801,140825,0,7449
14788,16.602333,16.565125,0.000000,6.049251,6.048709,0.000542,0.049208,0.019959,0.643584,633,8080233,137607,0,5408
14789,16.699708,16.758561,0.000000,6.128626,6.111041,0.017585,0.057792,0.072583,0.972917,643,8101918,139031,0,7210
14790,16.745125,16.677048,0.000000,5.949166,5.912249,0.036917,0.050084,0.035416,0.610875,632,8064747,138796,0,5408
14791,16.803542,16.850622,0.000000,6.203499,6.202000,0.001499,0.063375,0.069792,0.658709,635,8111192,137126,0,5408
14792,16.475583,16.375415,0.000000,6.251416,6.242916,0.008500,0.052209,0.026125,0.927959,634,8024804,133149,0,7210
14793,16.758000,16.797037,0.000000,6.362833,6.362374,0.000459,0.064000,0.048167,0.608583,634,8110918,137517,0,5408
14794,16.726959,16.658617,0.000000,6.441417,6.433292,0.008125,0.051125,0.018541,0.986624,632,8064806,135131,0,5408
14795,16.620291,16.646970,0.000000,6.442792,6.442333,0.000459,0.061500,0.037042,0.303750,638,8084455,134537,0,7210
14796,16.660500,16.618802,0.000000,6.421542,6.420458,0.001084,0.054417,0.032500,1.123458,632,8066760,135291,0,5408
14797,16.740917,16.726237,0.000000,6.320751,6.309126,0.011625,0.053458,0.026459,0.613042,634,8083473,134402,0,5408
14798,16.627583,16.605142,0.000000,6.337084,6.336375,0.000709,0.047792,0.049333,1.287874,640,8067906,135375,0,7210
14799,16.806334,16.749308,0.000000,6.334250,6.317582,0.016668,0.049750,0.012000,0.940916,630,8064656,134798,0,5408
14800,16.290000,16.342214,0.000000,6.029084,6.024292,0.004792,0.060125,0.041333,0.291834,636,8109997,132472,0,5619
14801,16.878583,16.788673,0.000000,5.842291,5.804833,0.037458,0.053750,0.041792,1.285041,638,8040116,141096,0,7210
14802,16.878458,16.891094,0.000000,6.131250,6.130999,0.000251,0.048209,0.010250,0.510583,631,8095645,137200,0,5408
14803,16.709834,16.713948,0.000000,6.249832,6.246750,0.003082,0.063500,0.013708,0.921917,633,8080237,132349,0,5408
14804,16.550708,16.529923,0.000000,6.440708,6.417291,0.023417,0.050500,0.057000,0.542334,641,8071001,133148,0,7210
14805,16.693500,16.661971,0.000000,6.359083,6.351666,0.007417,0.064667,0.025250,0.897291,632,8080211,133487,0,5408
14806,16.738708,16.723797,0.000000,6.295876,6.293167,0.002709,0.051667,0.011167,0.912000,633,8080243,134397,0,5408
14807,16.694167,16.672273,0.000000,6.373417,6.358083,0.015334,0.054792,0.037583,0.312375,638,8071076,132895,0,7210
14808,16.680958,16.634260,0.000000,6.333291,6.322707,0.010584,0.048375,0.012375,1.093916,632,8064870,133978,0,5408
14809,16.750375,16.814917,0.000000,6.497874,6.489208,0.008666,0.083792,0.020292,0.306791,635,8110999,133753,0,5408
14810,16.642792,16.579413,0.000000,5.999834,5.951333,0.048501,0.053125,0.011417,0.903375,638,8055624,134984,0,7210
14811,16.692958,16.704543,0.000000,6.551667,6.542916,0.008751,0.048917,0.042542,0.291917,633,8095642,130981,0,5408
14812,16.677334,16.625707,0.000000,6.485334,6.484625,0.000709,0.061416,0.019625,0.945958,630,8064804,129451,0,5408
14813,16.617416,16.615962,0.000000,6.520084,6.516083,0.004001,0.062500,0.016000,0.907125,640,8071017,131812,0,7210
14814,16.760709,16.730301,0.000000,6.613334,6.606000,0.007334,0.045250,0.034166,0.655292,631,8080234,131548,0,5408
14815,16.674666,16.654542,0.000000,6.624749,6.623792,0.000957,0.054334,0.011458,0.908874,639,8060135,130753,0,7006
14816,16.687792,16.674790,0.000000,6.452542,6.443749,0.008793,0.064292,0.015250,0.297042,635,8091150,131137,0,5612
14817,16.659500,16.660745,0.000000,6.601457,6.600832,0.000625,0.059000,0.031875,1.254543,632,8080221,129476,0,5408
14818,16.652667,16.658826,0.000000,6.580208,6.579667,0.000541,0.055083,0.041875,0.289375,640,8086464,131259,0,7210
14819,16.690083,16.670009,0.000000,6.510126,6.506417,0.003709,0.050667,0.066250,0.935459,630,8080262,131615,0,5408
14820,16.672458,16.617415,0.000000,6.655541,6.646458,0.009083,0.049542,0.029667,0.611042,632,8064768,129139,0,5408
14821,16.674167,16.691207,0.000000,6.726167,6.725001,0.001166,0.054292,0.030666,0.784167,640,8071259,128904,0,7210
14822,16.768792,16.723318,0.000000,6.389999,6.386457,0.003542,0.052750,0.037333,0.585167,630,8080040,132659,0,5408
14823,16.642291,16.658556,0.000000,6.624834,6.610958,0.013876,0.055292,0.040208,0.655708,633,8095642,130315,0,5408
14824,16.598250,16.542843,0.000000,6.548333,6.547834,0.000499,0.052292,0.029458,0.887458,638,8055561,128990,0,7210
14825,16.770709,16.783137,0.000000,6.495834,6.495333,0.000501,0.067333,0.040000,0.290084,631,8080283,131814,0,5408
14826,16.692708,16.685955,0.000000,6.551500,6.551124,0.000376,0.058125,0.046958,1.112333,633,8095686,131630,0,5408
14827,16.636417,16.580698,0.000000,6.668751,6.667293,0.001458,0.048833,0.010375,0.292334,639,8055526,129131,0,7210
14828,16.702000,16.692526,0.000000,6.620291,6.617082,0.003209,0.049458,0.009958,0.943918,630,8080288,131446,0,5408
14829,16.711208,16.698158,0.000000,6.715750,6.707791,0.007959,0.052167,0.022666,0.912833,633,8080254,129802,0,5408
14830,16.004333,16.153937,0.000000,6.574042,6.568501,0.005541,0.047125,0.185375,0.309875,651,8160109,130046,0,7870
14831,17.420209,17.250622,0.000000,5.977125,5.967666,0.009459,0.059583,0.014542,0.594542,625,7996634,146397,0,5408
14832,16.650166,16.608820,0.000000,6.573958,6.573041,0.000917,0.059750,0.015000,0.649958,633,8071146,128322,0,5408
14833,16.727000,16.705489,0.000000,6.629416,6.628875,0.000333,0.068375,0.020292,0.650457,639,8055632,127258,0,7210
14834,16.752792,16.749034,0.000000,6.229625,6.194333,0.035292,0.051792,0.017791,0.305208,632,8095607,132577,0,5408
14835,16.135542,16.121288,0.000000,6.516167,6.513000,0.003167,0.055125,0.019958,0.967708,634,8079592,127758,0,5533
14836,17.073916,17.036314,0.000000,6.461875,6.461084,0.000791,0.051417,0.013000,0.937167,638,8070974,138898,0,7210
14837,16.682375,16.687615,0.000000,6.466917,6.466416,0.000501,0.058667,0.029125,0.656125,632,8080228,131393,0,5408
14838,16.727792,16.698717,0.000000,6.597792,6.597500,0.000292,0.051833,0.012084,0.921459,632,8080227,131528,0,5408
14839,16.604167,16.593756,0.000000,6.653791,6.653416,0.000375,0.049750,0.017750,0.303333,641,8071245,129594,0,7210
14840,16.344583,16.304669,0.000000,6.338584,6.337750,0.000834,0.058375,0.020417,0.592499,633,8080020,131285,0,5408
14841,16.371917,16.476287,0.000000,5.898042,5.897624,0.000418,0.056958,0.202292,0.290541,641,8139539,137749,0,5865
14842,17.232916,17.134140,0.000000,6.081541,6.081083,0.000375,0.050042,0.031917,0.914374,638,8024795,141666,0,7210
14843,16.594917,16.571132,0.000000,5.926333,5.926041,0.000292,0.039917,0.028500,0.607166,630,8064700,135000,0,5408
14844,16.649458,16.624968,0.000000,6.177543,6.177125,0.000418,0.037625,0.029500,0.913291,633,8080190,133616,0,5408
14845,16.644709,16.595927,0.000000,5.979708,5.979250,0.000458,0.041166,0.026042,1.064001,640,8071005,132270,0,7210
14846,16.819291,16.809802,0.000000,5.874417,5.874166,0.000251,0.046000,0.027042,0.626000,629,8064782,137685,0,5408
14847,16.462417,16.444294,0.000000,6.110959,6.110583,0.000376,0.034167,0.009375,1.223043,640,8142374,134179,0,5599
14848,16.880458,16.869046,0.000000,5.480375,5.479681,0.000402,0.035334,0.035833,0.446208,638,8023234,146399,0,7210
14849,16.703584,16.701331,0.000000,6.135167,6.134916,0.000251,0.043958,0.025917,1.233375,631,8080341,134690,0,5408
14850,16.758041,16.734906,0.000000,6.188375,6.187791,0.000584,0.036334,0.018958,0.626833,632,8080120,133334,0,5408
14851,16.619125,16.555680,0.000000,6.084167,6.083834,0.000333,0.035834,0.015708,0.752209,640,8055641,131589,0,7210
14852,16.310875,16.385251,0.000000,6.035249,6.034874,0.000375,0.040584,0.061500,0.608583,636,8125554,134520,0,5588
14853,17.083125,17.024877,0.000000,5.824916,5.824429,0.000237,0.039500,0.036959,1.155166,630,8049287,141360,0,5408
14854,16.654084,16.632375,0.000000,6.077624,6.077250,0.000374,0.038416,0.027084,1.222583,640,8071028,133596,0,7210
14855,16.732083,16.713721,0.000000,6.174375,6.174083,0.000292,0.036625,0.027625,0.614708,629,8080219,134089,0,5408
14856,16.668042,16.651592,0.000000,6.210500,6.210083,0.000417,0.030875,0.032125,1.121417,633,8080231,132482,0,5408
14857,16.221333,16.256256,0.000000,6.181417,6.181001,0.000416,0.035250,0.125417,0.607500,646,8100381,130882,0,7489
14858,17.199625,17.128032,0.000000,5.732875,5.732499,0.000376,0.046750,0.029167,1.087250,631,8049359,140977,0,5408
14859,16.700333,16.643083,0.000000,6.268042,6.267666,0.000376,0.033167,0.016375,0.608250,630,8065530,128450,0,5408
14860,16.552584,16.551959,0.000000,6.150916,6.150542,0.000374,0.033416,0.018375,0.929917,639,8085824,128005,0,7210
14861,16.814125,16.832412,0.000000,5.737709,5.737333,0.000376,0.043333,0.036792,1.053750,632,8080172,136441,0,5408
14862,16.716083,16.683666,0.000000,5.815750,5.815250,0.000500,0.043000,0.030292,0.638792,631,8080208,131726,0,5408
14863,16.230042,16.231352,0.000000,6.007458,6.007125,0.000333,0.034791,0.041625,1.241166,643,8084729,132136,0,7532
14864,17.056208,17.024682,0.000000,5.747709,5.747222,0.000403,0.038500,0.034042,0.619417,632,8064840,141932,0,5408
14865,16.222292,16.269844,0.000000,6.004958,6.004583,0.000375,0.038125,0.108958,0.922417,635,8094477,131417,0,5613
14866,17.180208,17.085917,0.000000,5.710292,5.709806,0.000194,0.044917,0.037041,0.608125,639,8055722,143037,0,7185
14867,16.782042,16.745615,0.000000,6.060708,6.060416,0.000292,0.045250,0.041625,0.593291,632,8080228,130303,0,5408
14868,16.583916,16.559626,0.000000,6.106292,6.105916,0.000376,0.035334,0.024916,1.221251,638,8072250,130460,0,7006
14869,16.794875,16.803026,0.000000,5.833793,5.833543,0.000250,0.076167,0.034667,0.616292,634,8079051,132271,0,5612
14870,16.212334,16.188756,0.000000,5.840874,5.840374,0.000500,0.046458,0.027792,1.219583,633,8079100,129546,0,5622
14871,16.694083,16.652820,0.000000,5.608708,5.607971,0.000237,0.046208,0.036792,0.609625,642,8085733,140065,0,7339
14872,16.737083,16.738360,0.000000,5.782917,5.782625,0.000292,0.038250,0.030542,1.245250,632,8080185,138802,0,5408
14873,16.948375,16.877286,0.000000,5.796625,5.796291,0.000334,0.062417,0.025500,0.444458,631,8049390,136370,0,5408
14874,16.765042,16.842306,0.000000,5.625542,5.624763,0.000279,0.058542,0.049958,0.915750,642,8101853,134146,0,7210
14875,16.705750,16.639496,0.000000,5.688041,5.687472,0.000361,0.058625,0.016125,0.913750,628,8049386,132505,0,5408
14876,16.024875,16.128452,0.000000,5.775459,5.763833,0.011626,0.043292,0.205791,0.622750,638,8124812,132577,0,5730
14877,17.315667,17.172434,0.000000,5.431499,5.430929,0.000237,0.063250,0.030833,0.909500,638,8040119,140275,0,7210
14878,16.530875,16.528079,0.000000,5.683792,5.682056,0.001653,0.050791,0.046625,0.473792,633,8095963,134760,0,5408
14879,16.756708,16.712500,0.000000,6.450417,6.450166,0.000251,0.062292,0.025583,1.258542,631,8079941,132986,0,5408
14880,16.739833,16.724891,0.000000,6.405709,6.402417,0.003292,0.060000,0.020709,0.291292,640,8071000,134890,0,7210
14881,16.638250,16.605916,0.000000,6.437292,6.429667,0.007625,0.053167,0.019875,1.094041,629,8049401,132487,0,5408
14882,16.732792,16.800137,0.000000,6.373167,6.372916,0.000251,0.065667,0.062083,0.445584,635,8111103,134166,0,5408
14883,16.630500,16.517667,0.000000,6.479583,6.479208,0.000375,0.053917,0.014125,0.752792,640,8055542,130249,0,7210
14884,16.244250,16.269633,0.000000,6.384249,6.381375,0.002874,0.068500,0.023792,0.587875,637,8125066,134055,0,5685
14885,17.240833,17.223472,0.000000,6.096043,6.095208,0.000835,0.059084,0.020958,0.477292,628,8033919,139934,0,5408
14886,16.642917,16.677635,0.000000,6.546334,6.544500,0.001834,0.062833,0.058417,0.926750,642,8086403,133300,0,7210
14887,16.739583,16.652464,0.000000,6.468458,6.468042,0.000416,0.058834,0.022041,0.288834,632,8064778,132696,0,5408
14888,16.680209,16.667331,0.000000,6.573710,6.540250,0.033460,0.058250,0.019541,1.243707,632,8080230,131687,0,5408
14889,16.594458,16.582205,0.000000,6.583208,6.582750,0.000458,0.054792,0.019333,0.291292,639,8055574,130559,0,7210
14890,16.759542,16.762716,0.000000,6.465125,6.460917,0.004208,0.066250,0.039291,0.599417,634,8095669,134916,0,5408
14891,16.633666,16.590905,0.000000,6.453750,6.452833,0.000917,0.053625,0.017959,0.957291,630,8080219,131026,0,5408
14892,16.616042,16.578492,0.000000,6.567708,6.567458,0.000250,0.058750,0.035625,0.633333,640,8055557,130411,0,7210
14893,16.881958,16.945081,0.000000,6.312583,6.309625,0.002792,0.069917,0.045500,0.911958,634,8111139,134930,0,5408
14894,16.661875,16.589128,0.000000,6.088959,6.087167,0.001792,0.059750,0.019959,0.630500,650,8054399,135656,0,7449
14895,16.626167,16.639952,0.000000,6.269875,6.268166,0.001709,0.060292,0.022166,0.939459,641,8070839,131867,0,7210
14896,16.674500,16.703917,0.000000,6.320375,6.320000,0.000375,0.055375,0.075875,0.292250,634,8111160,134918,0,5408
14897,16.691958,16.551162,0.000000,6.467874,6.457041,0.010833,0.054084,0.015458,1.117750,627,8033878,129832,0,5408
14898,16.548459,16.591925,0.000000,6.261833,6.260790,0.001043,0.065375,0.021666,0.626000,640,8071019,132874,0,7210
14899,16.800125,16.822049,0.000000,6.361874,6.361541,0.000333,0.055125,0.057291,1.016750,636,8116356,135806,0,5408
14900,16.704250,16.671171,0.000000,6.485001,6.484541,0.000460,0.068833,0.039375,0.907168,630,8074940,132656,0,5408
14901,16.628500,16.559371,0.000000,6.430958,6.429624,0.001334,0.078583,0.018958,0.302041,639,8040112,130107,0,7210
14902,16.825541,16.859629,0.000000,6.137625,6.125708,0.011917,0.060917,0.033625,0.900208,635,8111210,136809,0,5408
14903,16.638375,16.603286,0.000000,6.298625,6.289916,0.008709,0.055209,0.037333,0.634375,630,8064693,131533,0,5408
14904,16.618292,16.601292,0.000000,6.430374,6.430041,0.000333,0.052875,0.037833,0.948958,641,8071010,132755,0,7210
14905,16.158417,16.131177,0.000000,6.413876,6.409250,0.000459,0.053416,0.046667,0.609875,634,8111106,134785,0,5408
14906,17.197083,17.165806,0.000000,5.041083,5.038805,0.002070,0.067500,0.037083,0.931042,630,8049349,155660,0,5408
14907,16.586542,16.565642,0.000000,5.683458,5.675138,0.007987,0.053541,0.030292,0.916584,641,8070997,143358,0,7210
14908,16.220083,16.261617,0.000000,5.457292,5.456681,0.000319,0.056208,0.069334,0.444833,635,8083724,146640,0,5582
14909,17.239000,17.223294,0.000000,5.330083,5.286180,0.043570,0.074000,0.023792,1.028458,631,8075815,151919,0,5408
14910,16.554125,16.473891,0.000000,5.523374,5.517554,0.005445,0.061708,0.035875,0.645083,641,8055529,143600,0,7210
14911,16.381708,16.378676,0.000000,5.715834,5.712765,0.002735,0.053750,0.026042,1.244959,637,8094493,142870,0,5627
14912,17.096167,17.070545,0.000000,5.505166,5.503722,0.001194,0.058917,0.014666,0.619459,630,8064768,148937,0,5408
14913,16.594750,16.596179,0.000000,5.743625,5.742763,0.000487,0.062458,0.015375,0.748584,640,8086475,140970,0,7210
14914,16.769750,16.768635,0.000000,5.605709,5.604639,0.000903,0.050500,0.036458,0.909791,633,8080239,144165,0,5408
14915,16.727000,16.701507,0.000000,5.960792,5.960416,0.000376,0.049750,0.017500,0.460042,631,8080205,140947,0,5408
14916,16.630625,16.619888,0.000000,5.733167,5.732388,0.000487,0.069625,0.028083,0.904833,641,8070989,143024,0,7210
14917,16.607958,16.618292,0.000000,5.832000,5.831515,0.000277,0.059042,0.038000,0.447000,633,8080389,140551,0,5408
14918,16.772000,16.731525,0.000000,5.711874,5.697763,0.013903,0.059167,0.032208,1.063584,632,8080065,142888,0,5408
14919,16.720292,16.701911,0.000000,5.820751,5.820263,0.000321,0.068625,0.014208,0.608875,640,8071009,142861,0,7210
14920,16.707208,16.681536,0.000000,5.793415,5.792847,0.000360,0.062292,0.012167,0.754083,630,8080236,140811,0,5408
14921,16.593500,16.587259,0.000000,5.884959,5.883389,0.001487,0.055709,0.036750,0.608625,637,8087211,140880,0,7126
14922,16.766125,16.736091,0.000000,5.842000,5.833972,0.007862,0.055042,0.014708,0.751292,630,8056667,142381,0,5492
14923,16.266625,16.273384,0.000000,5.882376,5.881418,0.000958,0.056709,0.046333,0.903957,638,8117763,140107,0,5537
14924,16.635209,16.600223,0.000000,5.887251,5.886847,0.000112,0.051875,0.010833,0.612583,638,8040091,143887,0,7210
14925,16.965625,16.913658,0.000000,5.665500,5.664721,0.000404,0.047583,0.013417,0.774083,632,8080240,146495,0,5408
14926,16.675875,16.674289,0.000000,5.933459,5.927917,0.005542,0.059708,0.017417,0.445333,634,8095686,140159,0,5408
14927,16.635125,16.642310,0.000000,5.923083,5.917055,0.005778,0.063958,0.036833,1.118167,639,8055598,140456,0,7210
14928,16.707333,16.727707,0.000000,5.410209,5.403971,0.005821,0.049667,0.071208,0.609708,635,8111056,146986,0,5408
14929,16.612958,16.572843,0.000000,5.472667,5.466765,0.005486,0.084542,0.021875,0.913917,637,8110299,144576,0,5599
14930,16.615625,16.593749,0.000000,5.070792,5.070180,0.000320,0.061834,0.030583,0.327416,636,8039905,149571,0,7210
14931,16.768542,16.706036,0.000000,5.247875,5.237388,0.010112,0.056708,0.014292,1.253959,630,8049346,146068,0,5408
14932,16.738208,16.765038,0.000000,5.509042,5.508431,0.000361,0.068375,0.024000,0.612125,633,8095731,146726,0,5408
14933,16.622542,16.620137,0.000000,5.512042,5.511347,0.000320,0.047458,0.050875,0.614958,639,8070956,144661,0,7210
14934,16.459083,16.462637,0.000000,5.435460,5.434847,0.000404,0.055084,0.073000,0.917708,640,8141083,150609,0,5576
14935,16.956834,16.925709,0.000000,5.070666,5.064389,0.006069,0.055166,0.042000,0.609375,629,8033934,155716,0,5408
14936,16.621625,16.567999,0.000000,5.226333,5.225388,0.000653,0.060875,0.019791,0.746624,638,8040092,147066,0,7210
14937,16.763500,16.784459,0.000000,5.468166,5.467471,0.000320,0.044083,0.057833,0.611125,636,8111161,148586,0,5408
14938,16.591166,16.553873,0.000000,5.464416,5.464097,0.000110,0.069667,0.030875,0.806416,629,8064758,145966,0,5408
14939,16.660792,16.603869,0.000000,5.495208,5.494639,0.000236,0.055875,0.017958,0.940333,637,8055541,146233,0,7210
14940,16.481833,16.475006,0.000000,5.344375,5.340596,0.003570,0.048292,0.011458,0.610125,638,8125645,152303,0,5578
14941,16.520042,16.666215,0.000000,5.010292,5.009806,0.000236,0.050833,0.169709,1.085750,631,8064044,161852,0,5537
14942,17.060125,16.905916,0.000000,5.134583,5.134097,0.000236,0.047792,0.029791,0.594250,638,8040113,151753,0,7210
14943,16.729333,16.681985,0.000000,5.442166,5.441554,0.000320,0.054209,0.013750,0.929667,633,8080271,147722,0,5408
14944,16.325542,16.420819,0.000000,5.482875,5.474931,0.007652,0.056875,0.129542,0.466958,632,8079504,147033,0,5536
14945,17.044833,16.937218,0.000000,5.287334,5.286388,0.000612,0.055167,0.041500,0.947416,643,8086457,151177,0,7210
14946,16.650209,16.621548,0.000000,5.363958,5.341263,0.022320,0.048833,0.017875,0.929251,633,8080176,147077,0,5408
14947,16.658541,16.669470,0.000000,5.417416,5.416848,0.000360,0.054750,0.063000,0.639584,632,8080207,146394,0,5408
14948,16.714500,16.687750,0.000000,5.442917,5.442347,0.000320,0.057667,0.022208,0.931291,638,8070967,147679,0,7210
14949,16.486250,16.468168,0.000000,5.372376,5.371763,0.000321,0.055917,0.021417,0.640167,642,8140310,151089,0,5730
14950,17.005125,16.965835,0.000000,5.164125,5.156347,0.007444,0.061167,0.015917,1.344125,625,8003010,152713,0,5408
14951,16.562959,16.574998,0.000000,5.816041,5.815222,0.000403,0.059250,0.018416,0.635875,641,8101909,141137,0,7210
14952,16.811958,16.784084,0.000000,5.957333,5.943832,0.013501,0.058417,0.024625,0.950458,631,8068408,140663,0,5408
14953,16.703917,16.654715,0.000000,5.803999,5.803098,0.000610,0.056916,0.019292,0.644875,630,8061124,139009,0,5408
14954,16.437333,16.440188,0.000000,5.720792,5.719764,0.000737,0.052500,0.018583,0.957333,640,8070985,139761,0,7210
14955,16.854583,16.826748,0.000000,5.997458,5.977374,0.020084,0.067834,0.016666,0.959542,633,8080227,139306,0,5408
14956,16.717750,16.715069,0.000000,5.797583,5.794556,0.002819,0.055250,0.026292,0.625084,632,8095875,140725,0,5408
14957,16.592292,16.543209,0.000000,5.959750,5.955416,0.004334,0.057250,0.020875,1.139666,637,8055394,138009,0,7210
14958,16.777750,16.823158,0.000000,5.942875,5.942415,0.000460,0.068750,0.025792,0.608917,636,8111226,140579,0,5408
14959,16.320042,16.253663,0.000000,6.029416,6.029167,0.000249,0.043041,0.015125,0.749583,636,8094539,139528,0,5605
14960,17.023750,17.003210,0.000000,5.644292,5.635972,0.007987,0.064041,0.015625,0.612833,638,8040044,144357,0,7210
14961,16.734958,16.770236,0.000000,5.945542,5.938666,0.006876,0.063417,0.033791,0.752250,629,8064750,137501,0,5408
14962,16.776958,16.742040,0.000000,5.922542,5.921472,0.000736,0.069959,0.023916,0.581293,632,8064805,136375,0,5408
14963,16.537167,16.566363,0.000000,5.948499,5.948374,0.000125,0.054125,0.068875,0.625417,641,8117346,136761,0,7210
14964,16.758875,16.659673,0.000000,6.003792,5.983666,0.020126,0.053167,0.020583,0.954917,630,8033868,136944,0,5408
14965,16.702417,16.721428,0.000000,6.096251,6.095834,0.000417,0.068708,0.041083,0.291584,633,8095692,136168,0,5408
14966,16.629625,16.607947,0.000000,5.945376,5.945083,0.000293,0.064500,0.018625,1.238166,636,8078254,137384,0,7210
14967,16.722041,16.670671,0.000000,6.108917,6.108666,0.000251,0.054000,0.019625,0.291458,631,8057550,136528,0,5408
14968,16.625959,16.627792,0.000000,6.008375,6.007834,0.000541,0.053041,0.013459,0.744749,632,8080230,135690,0,5408
14969,16.669333,16.637494,0.000000,5.907375,5.906958,0.000417,0.056167,0.019166,0.610250,639,8086550,137400,0,7210
14970,16.747125,16.742122,0.000000,6.041208,6.040499,0.000709,0.053375,0.016292,1.275583,632,8066680,137167,0,5408
14971,16.658875,16.631921,0.000000,6.216042,6.203334,0.012708,0.065750,0.038708,0.898083,632,8078270,135535,0,5408
14972,16.330917,16.358418,0.000000,6.052626,6.051666,0.000960,0.062125,0.021458,0.609666,649,8146828,139051,0,7615
14973,16.974250,16.927288,0.000000,5.268791,5.264638,0.003945,0.063000,0.031833,0.908500,628,8033151,151014,0,5408
14974,16.739958,16.755331,0.000000,5.890791,5.875972,0.014652,0.074292,0.018500,0.610542,642,8086490,139819,0,7210
14975,16.660042,16.696534,0.000000,5.727792,5.727180,0.000320,0.072250,0.064791,0.942791,629,8049317,139828,0,5408
14976,16.270833,16.232684,0.000000,5.989333,5.988957,0.000376,0.055000,0.064708,0.609166,634,8096308,138850,0,5408
14977,17.004875,16.923413,0.000000,5.781000,5.772722,0.008111,0.051792,0.017833,1.218000,639,8055158,143952,0,7210
14978,16.760292,16.744336,0.000000,5.829126,5.828556,0.000278,0.059125,0.018208,1.271416,630,8069120,141341,0,5408
14979,16.699375,16.726409,0.000000,6.009875,6.002333,0.007542,0.066250,0.047666,0.300875,634,8091096,138877,0,5408
14980,16.672416,16.661785,0.000000,6.025542,6.009709,0.015833,0.057375,0.058750,1.194500,644,8101884,139085,0,7210
14981,16.648584,16.580241,0.000000,5.840582,5.825332,0.015250,0.060083,0.027875,0.640833,627,8049344,139051,0,5408
14982,16.745375,16.714551,0.000000,5.954875,5.954583,0.000292,0.055625,0.022416,0.766458,631,8064786,138907,0,5408
14983,16.659291,16.683126,0.000000,6.042375,5.997500,0.044875,0.063709,0.029166,0.522833,643,8101990,138626,0,7210
14984,16.639625,16.641621,0.000000,5.770250,5.769680,0.000362,0.056084,0.038541,0.920167,634,8095815,141702,0,5408
14985,16.677750,16.615544,0.000000,5.958751,5.954791,0.003960,0.051709,0.018166,0.911625,630,8064682,139075,0,5408
14986,16.778667,16.809673,0.000000,5.869541,5.862014,0.007402,0.061750,0.039583,0.633875,639,8086568,139632,0,7210
14987,16.674292,16.643210,0.000000,5.723249,5.720597,0.002361,0.067875,0.036791,1.022500,629,8049079,138787,0,5408
14988,16.635041,16.569556,0.000000,5.850542,5.850013,0.000237,0.057709,0.011250,0.626458,632,8080254,137695,0,5408
14989,16.637667,16.658037,0.000000,5.866917,5.866667,0.000250,0.063750,0.024500,1.268125,640,8070984,137479,0,7210
14990,16.715875,16.631613,0.000000,5.910542,5.894125,0.016417,0.058875,0.019375,0.290125,630,8064810,139424,0,5408
14991,16.749125,16.767785,0.000000,6.131041,6.130874,0.000167,0.058375,0.039333,0.932792,631,8080199,136547,0,5408
14992,16.560833,16.579462,0.000000,5.939542,5.939098,0.000236,0.056209,0.018958,0.609833,642,8101964,137781,0,7210
14993,16.818250,16.776953,0.000000,6.036584,6.036000,0.000584,0.062834,0.022666,0.932042,632,8080263,138167,0,5408
14994,16.657167,16.628032,0.000000,5.924417,5.918208,0.006209,0.056292,0.019583,0.921500,629,8049233,137043,0,5408
14995,16.637500,16.656201,0.000000,6.006250,6.005875,0.000375,0.061083,0.022167,0.609333,644,8101901,137414,0,7210
14996,16.686375,16.630173,0.000000,5.858166,5.856305,0.001528,0.059292,0.016791,1.215875,628,8049348,137825,0,5408
14997,16.710458,16.722074,0.000000,5.979501,5.978875,0.000626,0.065292,0.035125,0.608291,633,8111252,137479,0,5408
14998,16.703292,16.751163,0.000000,6.092042,6.090000,0.002042,0.092542,0.042916,1.081583,641,8086482,138673,0,7210
14999,16.708125,16.613957,0.000000,5.753667,5.753014,0.000403,0.062125,0.055958,0.291083,630,8049156,137978,0,5408
15000,16.677375,16.677983,0.000000,5.979417,5.915374,0.064043,0.052083,0.013042,0.908875,632,8080239,137757,0,5408
15001,16.572083,16.571813,0.000000,5.730999,5.722056,0.008652,0.053625,0.035750,0.929375,662,8075894,139642,0,9251
15002,16.778834,16.778748,0.000000,5.889668,5.886250,0.003418,0.055583,0.048792,0.463459,631,8064809,140228,0,5408
15003,16.675500,16.592505,0.000000,5.959250,5.952874,0.006376,0.060583,0.036792,1.047584,633,8080203,136871,0,5408
15004,16.584833,16.606369,0.000000,5.921875,5.921181,0.000444,0.054375,0.016333,0.467083,640,8086524,138171,0,7210
15005,16.365583,16.387126,0.000000,6.082626,6.073541,0.009085,0.052750,0.064292,0.780625,634,8079240,140641,0,5588
15006,17.071667,17.063739,0.000000,5.742833,5.742054,0.000404,0.053083,0.064250,0.611208,631,8064765,143643,0,5408
15007,16.623750,16.546754,0.000000,6.097500,6.082376,0.015124,0.051292,0.014541,0.763707,641,8086418,134848,0,7210
15008,16.722375,16.747380,0.000000,6.085083,6.084749,0.000334,0.049792,0.039291,1.084375,631,8064787,137555,0,5408
15009,16.714375,16.661978,0.000000,6.133083,6.125999,0.007084,0.055583,0.012167,0.463083,633,8095658,135386,0,5408
15010,16.610458,16.618204,0.000000,5.946042,5.930417,0.015625,0.062542,0.024083,0.936375,640,8071018,136332,0,7210
15011,16.803459,16.740720,0.000000,6.078999,6.075207,0.003792,0.068083,0.048625,0.294917,630,8064801,137412,0,5408
15012,16.316750,16.333074,0.000000,6.037209,6.035124,0.002085,0.057750,0.022458,0.929625,639,8140761,136109,0,5644
15013,17.057250,17.032009,0.000000,5.725374,5.724847,0.000194,0.057375,0.018791,0.370125,638,8024803,141598,0,7210
15014,16.657458,16.592162,0.000000,5.686417,5.681847,0.004236,0.051583,0.013625,0.915792,631,8065761,137516,0,5408
15015,16.646083,16.626094,0.000000,6.030125,6.029583,0.000542,0.057250,0.019250,0.607667,632,8079130,135930,0,5408
15016,16.154334,16.314193,0.000000,6.078625,6.062750,0.015875,0.055333,0.183708,0.771917,646,8115529,139855,0,7532
15017,17.204000,17.030633,0.000000,5.669416,5.668847,0.000236,0.053166,0.013834,0.603958,629,8033907,143356,0,5408
15018,16.783000,16.821381,0.000000,5.877000,5.869180,0.007528,0.052958,0.046750,0.634875,634,8111112,138681,0,5408
15019,16.568708,16.506002,0.000000,5.834792,5.834097,0.000403,0.044375,0.013208,1.276250,638,8045764,137553,0,7210
15020,16.728750,16.721073,0.000000,6.055750,6.055041,0.000709,0.054458,0.018959,0.301375,632,8090145,138120,0,5408
15021,16.660083,16.670501,0.000000,5.901541,5.900888,0.000320,0.082625,0.013000,1.317417,634,8095582,137911,0,5408
15022,16.758834,16.724413,0.000000,5.803167,5.795765,0.007194,0.066208,0.024125,0.309084,639,8055565,139341,0,7210
15023,16.637583,16.599652,0.000000,5.917876,5.917472,0.000195,0.058042,0.037333,0.953000,628,8064813,137818,0,5408
15024,16.842000,16.896124,0.000000,5.912916,5.901291,0.011625,0.063083,0.050084,0.613708,633,8093241,136752,0,5920
15025,16.603917,16.510701,0.000000,6.438834,6.438417,0.000417,0.047791,0.012500,0.643209,637,8042561,126955,0,6698
15026,16.653583,16.646213,0.000000,6.456667,6.450082,0.006585,0.044333,0.013667,0.972334,631,8095711,129732,0,5408
15027,16.709583,16.771952,0.000000,6.718292,6.712666,0.005626,0.060875,0.071875,0.606917,643,8101886,128512,0,7210
15028,16.703375,16.615861,0.000000,6.446874,6.438750,0.008124,0.059709,0.014000,1.253334,628,8038662,128595,0,5408
15029,16.662459,16.614217,0.000000,6.557208,6.556749,0.000459,0.066083,0.017250,0.292542,632,8075567,128210,0,5408
15030,16.650250,16.661282,0.000000,6.338082,6.322249,0.015667,0.054500,0.013208,0.932792,642,8086350,129339,0,7210
15031,16.749083,16.725880,0.000000,6.443959,6.439709,0.004250,0.048167,0.012250,0.289500,631,8080263,130236,0,5408
15032,16.663875,16.642824,0.000000,6.522750,6.514541,0.008209,0.056500,0.017750,1.235251,631,8080263,128420,0,5408
15033,16.658750,16.712828,0.000000,6.668001,6.667333,0.000668,0.056042,0.078625,0.905458,643,8102056,128060,0,7210
15034,16.265875,16.183034,0.000000,6.410084,6.409334,0.000750,0.043458,0.011750,0.641375,634,8079172,133359,0,5576
15035,17.066792,16.989800,0.000000,6.026874,6.026082,0.000792,0.048583,0.010875,1.240958,627,8033883,136563,0,5408
15036,16.677583,16.762504,0.000000,6.401791,6.393374,0.008417,0.066208,0.038334,0.290583,644,8117328,129820,0,7210
15037,16.718292,16.670660,0.000000,6.273334,6.272917,0.000417,0.058791,0.023084,0.931249,631,8064870,129583,0,5408
15038,16.639208,16.614680,0.000000,6.362834,6.358916,0.003918,0.056958,0.079500,0.452792,631,8064741,128881,0,5408
15039,16.661125,16.678308,0.000000,6.411791,6.411332,0.000459,0.053625,0.037500,1.238750,641,8101917,129692,0,7210
15040,16.701958,16.636460,0.000000,6.439999,6.430667,0.009332,0.055125,0.021709,1.245500,629,8033917,129157,0,5408
15041,16.686542,16.664785,0.000000,6.697917,6.662791,0.035126,0.084000,0.016125,0.300458,634,8095629,127816,0,5408
15042,16.724042,16.732680,0.000000,6.364917,6.364624,0.000293,0.058291,0.015875,0.655334,640,8086448,130101,0,7210
15043,16.654041,16.596790,0.000000,6.544875,6.543459,0.001416,0.058542,0.019083,0.293666,628,8049355,128665,0,5408
15044,16.689750,16.708031,0.000000,6.593458,6.590207,0.003251,0.047875,0.011959,0.950792,631,8080227,127950,0,5408
15045,16.693834,16.705002,0.000000,6.684166,6.672124,0.012042,0.069333,0.047833,0.290041,643,8117325,128249,0,7210
15046,16.733583,16.698882,0.000000,6.450708,6.445125,0.005583,0.061292,0.025583,0.931625,632,8049376,129886,0,5408
15047,16.724958,16.710942,0.000000,6.435583,6.434916,0.000667,0.053750,0.014834,0.603916,632,8080208,126957,0,5408
15048,16.529500,16.527295,0.000000,6.659457,6.647457,0.012000,0.071375,0.020334,0.656958,640,8071000,126091,0,7210
15049,16.757209,16.802535,0.000000,6.511916,6.511542,0.000374,0.076708,0.069375,1.052749,634,8095684,129350,0,5408
15050,16.262958,16.212995,0.000000,6.619000,6.613166,0.005834,0.086125,0.030958,0.302417,637,8141077,130538,0,5578
15051,17.049958,16.995345,0.000000,5.927209,5.926763,0.000154,0.055667,0.018625,1.261208,635,8009207,140167,0,7210
15052,16.754000,16.715053,0.000000,6.543709,6.543292,0.000417,0.047417,0.012375,0.302000,630,8051139,127978,0,5408
15053,16.647042,16.646076,0.000000,6.657624,6.655541,0.002083,0.055833,0.020834,0.907042,632,8094058,127320,0,5408
15054,16.669542,16.618128,0.000000,6.675874,6.665916,0.009958,0.060958,0.040000,0.442875,639,8055377,125796,0,7210
15055,16.733083,16.721541,0.000000,6.653583,6.652500,0.001083,0.050208,0.010584,0.938750,633,8080228,127441,0,5408
15056,16.690917,16.704129,0.000000,6.811334,6.805250,0.006084,0.051291,0.033667,0.923833,632,8095691,125512,0,5408
15057,16.589250,16.536665,0.000000,6.702750,6.698000,0.004750,0.045416,0.011084,0.636958,641,8071104,123688,0,7210
15058,16.847208,16.944300,0.000000,6.760167,6.728751,0.031416,0.082500,0.076792,1.272166,633,8111002,129089,0,5408
15059,16.631000,16.530697,0.000000,6.745459,6.744999,0.000460,0.057375,0.038375,0.289458,629,8049334,123568,0,5408
15060,16.604875,16.558901,0.000000,6.748916,6.745207,0.003709,0.052833,0.020459,1.240500,640,8055595,123534,0,7210
15061,16.670583,16.701900,0.000000,6.684876,6.664209,0.020667,0.047584,0.062416,0.290041,634,8095659,126478,0,5408
15062,16.822167,16.763421,0.000000,6.807915,6.806040,0.001875,0.048958,0.014250,0.925291,630,8064802,125145,0,5408
15063,16.493500,16.453290,0.000000,6.807708,6.788833,0.018875,0.062167,0.047708,0.909667,642,8070974,123719,0,7210
15064,16.679500,16.635566,0.000000,6.853166,6.839667,0.013499,0.051333,0.016209,0.301250,632,8080246,126230,0,5408
15065,16.826250,16.868499,0.000000,6.788418,6.751125,0.037293,0.054542,0.019125,0.941791,632,8095726,127384,0,5408
15066,16.473542,16.482327,0.000000,6.839959,6.834417,0.005542,0.052500,0.035791,0.628958,642,8086520,123285,0,7210
15067,16.754250,16.674873,0.000000,6.592958,6.591167,0.001791,0.054666,0.014917,0.941001,629,8049219,127164,0,5408
15068,16.800875,16.836280,0.000000,6.630333,6.625790,0.004543,0.047625,0.020208,0.300333,632,8095790,127608,0,5408
15069,16.545000,16.502042,0.000000,6.884542,6.883917,0.000625,0.047708,0.012625,0.930583,641,8070881,123616,0,7210
15070,16.783583,16.758306,0.000000,6.783333,6.774500,0.008833,0.046417,0.011541,0.529125,630,8064764,127122,0,5408
15071,16.709833,16.702198,0.000000,6.890917,6.883499,0.007418,0.049459,0.010541,1.085875,630,8080271,124148,0,5408
15072,16.636000,16.603012,0.000000,6.904207,6.903832,0.000375,0.046667,0.008583,0.913624,639,8071044,124715,0,7210
15073,16.821042,16.883055,0.000000,6.571334,6.569084,0.000458,0.078417,0.026250,0.303958,632,8095643,125637,0,5408
15074,16.702167,16.633250,0.000000,6.680542,6.673208,0.007334,0.061791,0.019292,0.812792,632,8080222,125681,0,5408
15075,16.593958,16.580577,0.000000,6.730624,6.729332,0.001292,0.057958,0.023750,0.291542,640,8071038,125409,0,7210
15076,16.676333,16.727827,0.000000,6.994708,6.993917,0.000791,0.074167,0.050708,0.932958,634,8095682,124557,0,5408
15077,16.675792,16.622802,0.000000,6.956291,6.955790,0.000501,0.048292,0.050166,0.288708,629,8073345,122607,0,5408
15078,16.719125,16.673656,0.000000,6.735125,6.726291,0.008834,0.047000,0.019583,0.911083,638,8062667,126044,0,7210
15079,16.678500,16.658173,0.000000,6.924959,6.924542,0.000417,0.053292,0.022625,0.905042,633,8080046,123561,0,5408
15080,16.616417,16.605489,0.000000,6.942708,6.937999,0.004709,0.063875,0.035916,0.299375,638,8087219,124089,0,7126
15081,16.709666,16.680025,0.000000,6.737249,6.723541,0.013708,0.063625,0.019250,1.001000,633,8064039,124793,0,5492
15082,16.803417,16.799751,0.000000,6.708334,6.707751,0.000583,0.060000,0.013750,0.290125,633,8080258,125075,0,5408
15083,16.086417,16.129195,0.000000,6.796000,6.795541,0.000376,0.042750,0.078000,0.906292,645,8114879,123575,0,7667
15084,16.965291,16.868248,0.000000,4.499458,4.499013,0.000237,0.049500,0.019209,0.627000,629,8033903,184191,0,5408
15085,16.711875,16.705248,0.000000,6.280834,6.272959,0.007875,0.043667,0.012750,0.741541,633,8095688,137751,0,5408
15086,16.657250,16.675618,0.000000,6.154500,6.147708,0.006792,0.066417,0.044042,0.655500,641,8086441,139639,0,7210
15087,16.681000,16.618893,0.000000,6.251499,6.243082,0.008417,0.046459,0.034250,0.290292,629,8049346,138021,0,5408
15088,16.706750,16.687504,0.000000,6.208500,6.204000,0.004500,0.051125,0.019125,0.581126,632,8080206,136605,0,5408
15089,16.668875,16.714836,0.000000,5.973459,5.969555,0.003695,0.056417,0.048458,0.612292,641,8102078,140958,0,7210
15090,16.645875,16.579964,0.000000,6.048375,6.047999,0.000376,0.049000,0.012417,0.583709,630,8049162,139510,0,5408
15091,16.785625,16.754011,0.000000,6.291333,6.290875,0.000458,0.057500,0.019667,0.290375,633,8080222,137687,0,5408
15092,16.626792,16.681530,0.000000,6.062376,6.061625,0.000751,0.050083,0.067667,0.587208,642,8108727,139186,0,7210
15093,16.630083,16.549681,0.000000,6.072333,6.071916,0.000417,0.050292,0.012250,0.612292,627,8042506,138145,0,5408
15094,16.723834,16.704715,0.000000,6.183667,6.166875,0.016792,0.050625,0.015416,0.580417,633,8080224,139293,0,5408
15095,16.737041,16.729538,0.000000,6.175583,6.171291,0.004292,0.055000,0.019667,0.582793,640,8071022,137465,0,7210
15096,16.721625,16.669095,0.000000,5.782332,5.781707,0.000625,0.068792,0.015125,0.289708,633,8081197,139593,0,5408
15097,16.708209,16.752831,0.000000,5.573042,5.564500,0.008542,0.065083,0.021792,0.581916,635,8110180,138424,0,5408
15098,16.627958,16.570236,0.000000,5.793417,5.792889,0.000278,0.039750,0.026250,0.448417,637,8040187,137783,0,7210
15099,16.595083,16.574713,0.000000,5.599291,5.598971,0.000154,0.049084,0.031250,0.669041,632,8080139,139296,0,5408
15100,16.737667,16.722924,0.000000,5.769334,5.769001,0.000333,0.046000,0.026875,0.609958,632,8080270,137829,0,5408
15101,16.627833,16.635017,0.000000,5.699334,5.699014,0.000112,0.040250,0.028042,1.224083,640,8076517,137582,0,7210
15102,16.710042,16.655028,0.000000,5.557917,5.557430,0.000320,0.038625,0.010792,0.441750,630,8074655,140122,0,5408
15103,16.723667,16.724081,0.000000,5.012375,5.011931,0.000319,0.051708,0.036208,1.227125,634,8095821,146533,0,5408
15104,16.627041,16.619831,0.000000,5.265374,5.264888,0.000195,0.036834,0.034375,1.212667,641,8070852,147185,0,7210
15105,16.704000,16.652452,0.000000,5.284250,5.284013,0.000154,0.040917,0.036000,0.623875,631,8080233,147122,0,5408
15106,16.652417,16.653670,0.000000,5.133499,5.132972,0.000277,0.042833,0.027417,0.919959,631,8064774,147247,0,5408
15107,16.763917,16.728512,0.000000,5.345458,5.344972,0.000236,0.048791,0.028625,0.291500,643,8068569,146082,0,7723
15108,16.609500,16.612997,0.000000,4.964292,4.963971,0.000112,0.038000,0.032000,0.934041,649,8087580,150703,0,6936
15109,16.836416,16.809725,0.000000,5.214583,5.213972,0.000527,0.059375,0.030375,0.609000,633,8080221,145852,0,5408
15110,16.456000,16.412375,0.000000,5.092167,5.091931,0.000111,0.044709,0.028750,0.990583,641,8055547,145983,0,7210
15111,16.741750,16.734077,0.000000,5.109041,5.108596,0.000320,0.038334,0.027500,1.228417,631,8080209,149134,0,5408
15112,16.712250,16.666207,0.000000,5.230749,5.230222,0.000402,0.044167,0.028583,0.446834,632,8064770,146288,0,5408
15113,16.647084,16.665993,0.000000,5.278541,5.278013,0.000278,0.038791,0.027000,1.261375,641,8086458,146067,0,7210
15114,16.673125,16.667624,0.000000,5.132249,5.131846,0.000278,0.037416,0.031292,0.548667,632,8080184,149551,0,5408
15115,16.738458,16.699289,0.000000,5.085500,5.085140,0.000235,0.038000,0.034583,0.783709,631,8073807,145764,0,5408
15116,16.671000,16.666409,0.000000,5.072751,5.072222,0.000320,0.035583,0.032542,0.519250,642,8077487,146957,0,7210
15117,16.694667,16.688158,0.000000,5.085208,5.084763,0.000237,0.035291,0.028750,0.755625,635,8095585,148182,0,5408
15118,16.721458,16.701946,0.000000,5.315084,5.314473,0.000319,0.044625,0.010750,1.055375,631,8064770,146789,0,5408
15119,16.646042,16.623217,0.000000,5.088251,5.087764,0.000320,0.042208,0.027875,0.469583,641,8070980,145949,0,7210
15120,16.664708,16.660050,0.000000,5.227750,5.227096,0.000404,0.042500,0.028667,1.053667,632,8078189,148444,0,5408
15121,16.713083,16.681786,0.000000,5.230416,5.229889,0.000277,0.041292,0.028292,0.461792,633,8097775,145320,0,5408
