18.02950000
1650.78450000
17.03533300
36.39408300
16.67750000
16.64808400
16.78537500
16.63154100
16.58091700
16.90737500
16.41837500
16.82550000
16.56158300
16.65345900
16.59562500
16.70858300
16.62787500
16.78437500
16.58966700
16.66383300
16.62570800
16.72266700
16.61762500
16.68533300
16.69883400
16.68191600
16.69383400
16.83987500
16.40583300
16.69316700
16.67016600
16.69720900
16.87833300
16.43833300
16.62683400
16.77816600
16.55625000
16.72458400
16.65466600
16.66145900
16.61700000
16.79308300
16.67166700
16.72275000
16.53104100
16.66775000
16.60954200
16.73370800
16.82504200
16.49487500
16.67883300
16.72612500
16.60729200
16.68608300
16.75495900
16.53316600
16.66504200
16.74458300
16.54291700
16.80233300
16.54383400
16.71791600
16.62516700
16.73425000
16.57191700
16.84700000
16.53866600
16.97937500
16.51579200
16.69137500
16.59937500
16.88891700
16.57912500
16.56125000
16.53441600
16.66908400
16.61533300
16.71916700
16.61712500
16.67500000
16.84895800
16.52262500
16.60462500
16.72445800
16.60666700
16.74629200
16.60254100
16.72341700
16.63212500
16.87612500
16.44266700
16.71775000
16.63300000
16.67512500
16.60791600
16.72412500
16.67104200
16.67920800
16.66229200
16.65245800
16.64275000
16.75587500
16.79875000
16.48020900
16.76362500
16.86783300
16.49229200
16.66512500
16.68495800
16.66729200
16.59445800
16.81883300
16.46983400
16.67275000
16.63729100
16.72329200
16.57145800
16.73187500
16.63000000
16.76625000
16.61658400
16.67608300
16.57200000
16.77083300
16.55183400
16.73350000
16.62050000
16.74858300
16.61270800
16.82229200
16.52150000
16.67858300
16.61004200
16.69975000
16.66029200
16.70145800
16.64000000
16.71033300
16.79937500
16.50220900
16.67808300
16.66787500
16.66145800
16.67845900
16.62112500
16.68491600
16.61170900
16.84716600
16.53529200
16.68408300
16.61641700
16.73683300
16.60220900
16.72533300
16.58091700
16.71250000
16.63058300
16.71062500
16.63650000
16.70825000
16.62641700
16.79358300
16.65179200
16.63904100
16.70825000
16.55158400
16.65887500
16.69966600
16.61895900
16.69183300
16.65800000
16.72495800
16.67766700
16.64820800
16.62629200
16.73100000
16.59183300
16.69970900
16.64970800
16.68387500
16.62212500
16.70008300
16.62950000
16.69316700
16.63504200
16.80616600
16.59125000
16.88083400
16.48683300
16.63500000
16.67362500
16.66587500
16.86837500
16.42204200
16.67337500
16.68137500
16.61750000
16.69883300
16.63350000
16.70566700
16.62458300
16.71083300
16.61129200
16.72175000
16.63295800
16.68658400
16.65912500
16.71758300
16.62091700
16.67145800
16.85050000
16.45404200
16.66000000
16.71287500
16.65400000
16.65104100
16.67779200
16.70500000
16.61858300
16.76775000
16.66429200
16.63595800
16.68329200
16.61662500
16.67875000
16.59141700
16.73604100
16.61029200
16.76408300
16.59412500
16.66887500
16.68816700
16.63762500
16.91100000
16.43637500
16.69420800
16.64320900
16.65041600
16.67745900
16.67104100
16.65783400
16.64216600
16.69316700
16.67241700
16.69045800
16.64645800
16.65716700
16.62683300
16.72129200
16.65808300
16.66858400
16.64620800
16.68775000
16.61566700
16.67908300
16.67100000
16.66837500
16.71050000
16.68358300
16.58162500
16.99854200
16.36558300
16.70854200
16.71191700
16.60170800
16.66658300
16.69812500
16.66775000
16.74220900
16.61066600
16.82316700
16.45766700
16.72912500
16.72237500
16.56612500
16.66712500
16.63450000
16.67237500
16.68504100
16.66616700
16.70370800
16.85241700
16.67687500
16.52041700
16.69516600
16.65804200
16.61500000
16.70004200
16.64679100
16.67425000
16.66479200
17.00320800
16.35570900
16.57379100
16.64904200
16.69529200
16.60816600
16.68362500
16.67483400
16.65591600
16.89475000
16.45933400
16.66937500
16.69200000
16.63358300
16.79012500
16.54191700
16.68400000
16.65537500
16.66691600
16.66204200
16.68037500
16.64325000
16.74716700
16.71320800
16.59633300
16.62254200
16.66783300
16.65700000
16.67537500
16.67591700
16.66770800
16.68779200
16.77066700
16.52558300
16.66120800
16.66570900
16.72433300
16.69487500
16.67304200
16.69012500
16.64879100
16.65566700
16.65366700
16.71154100
16.61558400
16.71612500
16.93533300
16.28525000
16.67604200
16.74587500
16.65558300
16.74691700
16.58304100
16.63575000
16.63541700
16.68437500
16.66275000
16.66229200
16.62462500
16.69758300
16.88733300
16.42066700
16.69637500
16.61716700
16.77304100
16.58062500
16.67804200
16.67083300
16.69245900
16.79829100
16.52233400
16.64175000
16.71925000
16.62516600
16.67783400
16.65095800
16.68354200
16.66487500
16.62541600
16.71729200
16.68683300
16.62591700
16.68795800
16.79783400
16.48633300
16.71762500
16.70812500
16.59287500
16.68725000
16.67304200
16.62762500
16.66666600
16.75204200
16.56041700
16.76487500
16.63420800
16.66475000
16.63008300
16.71804200
16.63366700
16.66104100
16.70054200
16.62362500
16.67070800
16.66629200
16.66633300
16.67075000
16.69629200
16.62233300
16.69408400
16.70779100
16.73754200
16.62433300
16.61679200
16.61158300
16.70645900
16.67458300
16.64762500
16.74241700
16.58345800
16.69158300
16.67291700
16.60766700
16.68683300
16.66895800
16.68854200
16.62033300
16.70004200
16.64891700
16.68350000
16.66550000
16.67216600
16.89587500
16.44283400
16.67383300
16.62325000
16.73862500
16.62816700
16.69883300
16.63750000
16.64475000
16.69520800
16.59133400
16.71654100
16.62383400
16.77366600
16.59662500
16.73729200
16.57991700
16.74887500
16.64437500
16.64762500
16.64129100
16.68933400
16.64962500
16.65441600
16.71362500
16.67445900
16.62645800
16.65987500
16.64054200
16.74129100
16.63679200
16.83641700
16.48441600
16.66400000
16.67841700
16.67283300
16.67187500
16.64175000
16.73387500
16.70366700
16.68500000
16.56979200
16.64441600
16.66870900
16.67933300
16.90000000
16.43054200
16.71591600
16.83233400
16.50291600
16.62737500
16.70962500
16.83516700
16.50650000
16.60650000
16.66841700
16.69270800
16.63187500
16.69404200
16.61258300
16.74120800
16.61300000
16.67354200
16.69400000
16.67241700
16.65583300
16.68358300
16.62137500
16.69245900
16.64291600
16.67970900
16.65587500
16.98454100
16.31737500
16.69745900
16.68095800
16.65445800
16.65366700
16.70229200
16.65925000
16.66050000
16.64575000
16.76025000
16.66779100
16.72483400
16.61983300
16.56854200
16.65387500
16.72916600
16.62775000
16.62416700
16.72487500
16.61020800
16.75620900
16.71637500
16.58404100
16.63666700
16.71079200
16.63437500
16.72166600
16.63833400
16.68195800
16.63954200
16.65625000
16.65350000
16.70629100
16.58320900
16.75900000
16.78175000
16.53575000
16.62170800
16.68620800
16.62325000
16.74875000
16.59770900
16.73816600
16.60391700
16.83679200
16.45212500
16.75895800
16.65904200
16.66412500
16.61137500
16.71025000
16.64325000
16.68816600
16.63495900
16.73116600
16.72062500
16.60037500
16.64833400
16.65058300
16.61570800
16.73366700
16.60195800
16.70100000
16.63387500
16.76204200
16.55687500
16.75158300
16.65925000
16.67045900
16.60304100
16.73970900
16.74166600
16.62325000
16.64850000
16.64337500
16.87508400
16.44591600
16.63016700
16.71183300
16.61004200
16.71766700
16.60450000
16.75462500
16.57333300
17.07137500
16.57050000
16.56891700
16.54670800
16.67595800
16.59354200
16.71241700
16.63529100
16.66620900
16.65079100
16.71012500
16.63908400
16.70487500
16.72016600
16.63225000
16.61995900
16.70870800
16.57104200
16.72908300
16.64008300
16.71875000
16.59445900
16.99991600
16.32654200
16.82729200
16.52325000
16.73000000
16.58850000
16.74587500
16.58254100
16.76445900
16.64608300
16.66862500
16.59250000
16.73291700
16.59404100
16.75825000
16.59100000
16.71250000
16.61562500
16.99916700
16.31112500
16.75450000
16.59537500
16.72791700
16.58425000
16.76316600
16.64608400
16.66329100
16.85900000
16.46554200
16.63500000
16.74979200
16.61945800
16.69087500
16.60316700
16.69533300
16.62595800
16.78162500
16.56825000
16.81654200
16.61550000
16.72345800
16.61712500
16.61845900
16.62333300
16.68008300
16.88220900
16.45441600
16.63762500
16.69354200
16.68495800
16.64887500
16.64220900
16.70095800
16.61725000
16.90883300
16.42925000
16.72825000
16.58075000
16.73658400
16.61820800
16.70558300
16.67625000
16.64975000
16.64412500
16.76587500
16.57241700
16.72195800
16.58737500
16.71804200
16.63583300
16.82275000
16.59504200
16.97462500
16.40587500
16.66925000
16.62925000
16.74495800
16.53925000
16.72129200
16.54820800
16.72533400
16.72112500
16.66037500
16.65479100
16.75487500
16.62641700
16.61133300
16.64308400
16.72862500
16.56308300
17.05708300
16.26287500
16.72837500
16.59379200
16.70929200
16.73004100
16.71470900
16.52695800
16.78645800
16.69133400
16.68691600
16.54325000
16.76670900
16.72258300
16.58550000
16.53866700
16.80191600
16.55675000
16.71370900
16.74029100
16.60033400
16.61429100
16.71583400
16.60262500
16.77445800
16.60550000
16.63333300
16.96304200
16.48058300
16.56270900
16.79929100
16.52691700
16.77645800
16.53108400
16.74204100
16.66633400
16.65566600
16.66058400
16.77437500
16.61075000
16.69679100
16.62183400
16.63641600
16.62108400
16.70716600
16.90000000
16.45433400
16.69091600
16.67000000
16.65716700
16.63616700
16.65450000
16.65625000
16.66183300
16.87720800
16.55329200
16.61570800
16.69058400
16.62266600
16.62145900
16.75800000
16.53520800
16.81291700
16.62008300
16.62595800
16.73266700
16.72629200
16.53475000
16.84291600
16.59908400
16.70020800
16.61191700
16.69554100
16.60954200
16.75716700
16.52004100
16.68641700
16.80158300
16.54383400
16.72716600
16.69604200
16.55570800
16.72416700
16.57400000
16.76137500
16.57770800
16.70200000
16.63620900
16.66854100
16.64558400
16.74637500
16.87866600
16.53395900
16.49600000
16.79266600
16.66687500
16.70970900
16.58887500
16.71845800
16.63662500
16.77937500
16.51800000
16.76779200
16.59445800
16.70908300
16.74745900
16.49054100
16.61333400
16.78883300
16.56550000
16.69925000
16.62841700
16.70025000
16.62750000
16.97058300
16.41466700
16.69354100
16.59420900
16.70720800
16.62525000
16.72379200
16.62770800
16.69745800
16.87395900
16.48375000
16.63054100
16.70395900
16.58062500
16.74595800
16.59050000
16.78533300
16.61683400
16.82929100
16.54145900
16.69979100
16.61333400
16.71275000
16.51875000
16.73212500
16.65862500
16.70091600
16.61166700
16.68412500
16.62158300
16.79816700
16.57712500
16.88533300
16.41887500
16.69254200
16.65616700
16.69208300
16.67145800
16.69595900
16.56025000
16.72183300
16.70700000
16.65241700
16.61245800
16.73900000
16.59575000
16.68466700
16.65283300
16.73075000
16.60858300
16.73579200
16.58904200
16.69133300
16.64020800
16.70500000
16.62145900
16.77600000
16.56654100
16.71504200
16.62316700
16.68412500
16.75016600
16.58200000
16.81437500
16.49825000
16.64283400
16.76570800
16.60658300
16.69308400
16.61395800
16.71012500
16.61879200
16.72929100
16.64233400
16.71200000
16.79929100
16.57291700
16.61825000
16.65933300
16.63954200
16.67666700
16.69866600
16.63245900
16.69487500
16.69837500
16.59720800
16.74145800
16.57450000
16.68775000
16.63491700
16.73975000
16.60991700
16.73079100
16.58275000
16.75591700
16.64554200
16.62050000
16.69483300
16.68733300
16.60712500
16.68612500
16.63354200
16.74620800
16.62554200
16.70291700
16.60683300
16.76625000
16.55316700
16.94454100
16.38987500
16.74291700
16.59687500
16.75775000
16.55429200
16.78712500
16.57058300
16.75158300
16.63245900
16.66725000
16.60058300
16.72383300
16.66879200
16.82416700
16.51108300
16.63954200
16.64941600
16.75520900
16.57062500
16.73687500
16.60854100
16.71608400
16.94029100
16.36129200
16.65054200
16.72962500
16.69654100
16.72483400
16.53575000
16.77587500
16.59266600
16.87279200
16.40600000
16.69054200
16.62312500
16.73608300
16.72366700
16.63883300
16.67212500
16.59554200
16.89095800
16.51233300
16.57295900
16.66100000
16.68608300
16.67404200
16.63300000
16.72379100
16.65158400
16.65600000
16.67462500
16.66087500
16.64437500
16.84191600
16.47141700
16.69804200
16.66408300
16.67554200
16.65041600
16.71916700
16.59275000
16.75116700
16.60475000
16.79066600
16.58866700
16.71454200
16.57254100
16.66983400
16.66808300
16.76508300
16.59866700
16.95104200
16.39883300
16.64445800
16.63158400
16.80670800
16.51750000
16.73033300
16.62066700
16.72491700
16.69783300
16.92862500
16.57145800
16.61316700
16.78241700
16.61250000
16.58554100
16.87204200
16.46000000
16.89970800
16.45437500
16.61154200
16.86520800
16.53895900
16.79291600
16.57862500
16.79391700
17.08391700
16.03316600
16.79195900
16.57250000
16.54291600
16.80670900
16.46587500
16.85695800
16.56600000
16.85516700
16.49958300
16.71879200
16.79333300
16.40950000
16.82308300
16.64112500
16.57520900
16.68100000
16.71591600
16.73312500
16.73641700
16.58345800
16.55475000
16.65775000
16.70987500
16.46050000
16.84858400
16.56779100
16.70345900
16.61166600
16.72183400
16.62016600
16.82979200
16.50466700
16.68154100
16.69604200
16.70116700
16.59583300
16.76108300
16.56908400
16.70662500
16.67125000
16.71350000
16.55991600
16.69645900
16.63404100
16.73920900
16.59666600
16.84754200
16.67654200
16.72583300
16.47550000
16.66508300
16.61966700
16.68729200
16.65720800
16.72241700
16.59895800
16.67579200
16.71650000
17.45633300
15.82579200
16.66670800
16.65187500
16.72195800
16.64454200
16.78425000
16.51695800
16.68079200
16.73091700
16.65775000
16.62566600
16.67991700
16.63054200
16.69062500
16.63370800
16.69941700
16.62537500
16.73391600
16.62029200
16.70495800
16.60712500
16.72183400
16.62416600
16.77837500
16.54950000
16.72137500
16.63741700
16.72454200
16.73445800
16.54045800
16.64670900
16.71545800
16.61191700
16.71245800
16.64616700
16.70125000
16.63620800
16.94995800
16.37987500
16.71716700
16.62533300
16.70183400
16.60729100
16.76304200
16.62737500
16.65154200
16.60195800
16.76175000
16.64433300
16.74862500
16.57741700
16.71304200
16.57454100
16.70225000
16.64437500
16.98175000
16.35566700
16.70104200
16.69316600
16.65854200
16.60129200
16.68000000
16.62966600
16.76708400
16.56825000
16.73858300
16.59958300
16.70145900
16.63845800
16.70691700
16.67279100
16.65445900
16.73695800
16.69745800
16.59945900
16.63220800
16.63075000
16.82808300
16.49908400
16.72558300
16.60962500
16.75825000
16.56212500
16.70995800
16.64775000
16.72579200
16.61145800
16.72225000
16.59137500
16.69529200
16.64325000
16.71975000
16.62883300
16.74016700
16.67062500
16.76395800
16.46616700
16.80400000
16.52895800
16.73654200
16.83041700
16.50950000
16.60429100
16.73070900
16.59087500
16.72600000
16.60604100
16.76037500
16.77625000
16.70450000
16.46358400
16.74604100
16.74650000
16.51608400
17.05425000
16.27533300
16.62283300
16.91366700
16.47454200
16.66425000
16.87504100
16.46895900
16.92445800
16.44420800
16.99220900
16.29658300
17.01466700
16.29137500
17.09950000
16.24645800
16.69529200
16.65350000
16.76458300
16.57266700
17.12975000
16.26766600
16.60683400
16.72129100
16.59250000
16.75504200
17.22462500
16.02458300
17.30495900
16.13970800
16.79704200
16.45062500
17.37345800
15.93241700
16.70808300
17.20375000
16.09466700
17.35633300
15.97216700
17.33691600
16.13604200
16.90137500
16.31025000
17.53754200
15.85870800
17.52775000
15.75145800
17.12162500
16.37866700
17.40800000
15.78975000
17.58466700
15.78375000
17.07041600
16.41820900
17.67754100
15.57466700
17.14737500
16.21520800
17.56100000
15.80095900
17.67537500
15.69187500
17.57491600
15.79945900
17.56670800
15.79129200
17.71554100
15.66029200
17.61370800
15.74604200
17.55862500
15.81275000
17.63758300
15.72512500
17.08870900
16.28562500
17.57566600
15.79833400
17.65504100
15.69608400
17.56383300
15.80387500
17.56162500
15.81058300
17.67404200
15.68658300
17.49000000
15.87370900
17.62341600
15.74691700
17.53587500
15.84141700
17.48595800
15.86966700
17.54900000
15.81820800
17.51220800
15.85158400
17.52462500
15.87220800
17.08066700
16.25766600
17.56370900
15.81054100
17.45737500
15.90362500
17.46787500
15.89670900
17.50520800
15.86379200
17.44387500
15.92270800
17.47566700
15.90800000
17.57445800
15.77687500
17.05983300
16.31508400
17.68433300
15.67550000
17.04570800
16.32016700
17.75516700
15.60916600
17.57250000
15.79862500
17.07995900
16.28433300
17.28162500
16.08700000
17.57933300
15.80191700
17.77112500
15.57795800
17.59820900
15.77287500
17.85975000
15.50745800
17.54454200
15.81783300
17.77516700
15.59079100
17.64487500
15.72204200
17.64654200
15.72316600
17.61712500
15.74250000
17.58558400
15.78683300
17.55166700
15.81150000
17.60125000
15.76629100
17.50712500
15.87316700
17.52941700
15.82812500
17.61275000
15.75800000
17.71762500
15.64362500
17.63954100
15.72845900
17.74470800
15.61666700
17.80012500
15.57008300
17.65591700
15.71050000
17.74887500
15.62700000
17.83295800
15.53562500
17.41516700
15.95658300
17.66729200
15.68391600
17.64687500
15.71933400
17.59312500
15.97650000
17.37212500
15.79062500
17.58204100
15.78241700
17.52408300
15.84070900
17.53650000
15.83058300
17.50937500
15.85762500
17.46883300
15.91133400
17.37145800
15.97837500
16.96650000
16.40775000
17.47395800
15.88566700
17.40262500
15.96866700
17.43208300
16.12379200
17.23733300
16.11375000
17.46275000
16.15350000
17.03587500
16.16241700
16.69895800
16.40841700
17.35250000
16.01429100
17.39120900
16.33450000
17.31879100
16.11866700
17.02175000
16.34829200
17.19400000
16.20508300
17.00270800
16.15220900
17.19450000
16.15825000
17.23900000
16.58062500
16.93150000
16.13529100
17.18108400
15.98129100
17.47662500
15.71716700
17.81525000
15.54645800
17.62229200
15.73920800
17.71491700
15.69508300
17.25762500
16.06400000
17.48554200
15.88100000
17.60475000
15.76045800
17.58150000
15.78937500
17.47112500
15.89087500
17.55845900
15.80841600
17.73204200
15.64641700
17.45695800
15.89645800
17.19395900
16.18004100
17.19529200
16.16537500
17.57408300
15.79195900
17.59312500
15.77262500
17.60391600
15.76466700
17.51962500
15.84633300
17.53454200
15.84200000
17.48925000
15.86704200
17.56308300
15.80454200
17.49770800
15.89287500
17.45866700
15.89650000
17.87108300
15.52250000
17.67029200
15.70162500
17.75475000
15.65758300
17.71341700
15.64550000
17.24450000
16.07333300
17.60016700
15.73708300
17.53670800
15.82862500
17.47591700
15.90312500
17.51887500
15.84529200
17.55029100
15.80745900
17.45454100
15.91012500
17.52041700
15.85291700
17.55787500
15.80012500
17.48041600
15.88558400
17.36037500
16.00470800
17.39870800
15.96875000
16.99258400
16.37254100
17.49229200
15.89045800
17.48700000
15.86808400
17.12979100
16.23520900
17.59391600
15.77795900
17.31491600
16.09720900
17.69354100
15.69104200
17.77987500
15.53316700
17.84962500
15.51870800
17.64895800
15.70979200
17.48291700
15.90458300
17.55029200
15.79029100
17.05820900
16.30479100
17.48837500
15.87954200
17.65237500
15.73079200
17.54929100
15.80650000
17.55175000
15.81758400
17.11083300
16.24766700
17.56112500
15.80554100
17.48366700
15.87991700
17.06275000
16.32087500
17.51920800
15.84495800
17.53466700
15.83954200
17.79562500
15.55975000
17.06095800
16.29916700
17.33462500
16.04162500
17.14479100
16.21329200
17.54291700
15.82158300
17.49504200
15.86729100
17.70195900
15.66870800
17.78945800
15.57450000
17.60529200
15.76537500
17.61604200
15.75495800
17.63075000
15.73270800
17.57741700
15.78508300
17.51812500
15.84958400
17.56575000
15.80825000
17.45433300
15.90625000
17.52979200
15.83395800
17.00333300
16.36337500
17.02366700
16.34233300
17.50633400
15.86279100
17.55266700
15.81404200
17.55695800
15.80633300
17.47087500
15.90941700
17.58104200
15.77320800
17.49829200
15.87145800
17.70354200
15.66625000
17.46425000
15.89650000
17.48641600
15.88175000
17.47466700
15.89254200
17.50816600
16.08987500
17.29654200
15.84633300
17.59958400
15.76250000
17.45262500
15.91037500
17.54829100
15.81987500
17.53875000
18.94583400
14.59575000
15.66870800
17.29254200
18.32475000
15.33533300
15.81437500
27.09395800
21.66787500
3.13562500
16.32670900
16.07533300
15.75587500
17.54400000
15.81883300
17.01641700
16.34670800
17.55704200
15.81770800
17.77583400
15.58470800
17.59375000
16.20929200
17.21275000
15.71933300
17.44525000
16.24579200
17.57375000
16.15354100
16.64108400
16.05720800
17.09341700
16.25875000
17.54929100
15.81720900
17.75954100
15.60866700
17.65229200
15.70804100
17.74095900
15.62250000
17.60662500
15.77408300
17.62525000
15.73279200
17.58783300
15.77650000
17.61050000
15.76262500
17.59741700
15.77262500
17.66504100
15.70079200
17.58825000
15.77662500
17.11295800
16.24704200
17.52870800
15.84258400
17.62716600
15.93929200
17.64566700
15.89387500
17.22620800
16.12691700
17.21241600
16.15437500
17.30683400
16.06454100
17.23512500
16.04079200
16.97375000
16.52929200
17.03637500
16.35087500
17.09525000
15.85308300
17.62041700
16.12275000
17.30783300
16.08716700
17.16300000
16.15583300
17.22637500
16.22166700
17.23179100
15.96241700
16.71662500
16.36350000
17.55741700
16.21783300
16.65283300
16.30833400
17.59795800
15.89554200
17.48300000
16.04462500
17.41712500
16.17841600
17.05808400
16.03954100
17.33562500
15.98216700
17.41616700
16.13991600
17.11812500
16.00004200
17.11512500
16.15158300
17.53820900
16.91983300
16.02537500
16.24000000
17.62945800
15.90387500
17.39358400
15.95458300
17.33487500
15.85787500
17.04754200
16.31737500
17.59829100
15.77058400
17.02333300
16.34058300
17.69787500
15.66870900
17.06075000
16.30604100
17.61208400
15.75725000
17.54787500
15.81329100
17.68812500
15.68700000
17.73083400
15.62804100
17.65233400
15.71841600
17.52200000
15.84295900
17.62495800
15.74791700
17.44733300
15.91504200
17.30254100
16.07129200
17.57658300
15.77962500
17.63679200
15.74495800
17.57541700
15.77754200
17.59962500
15.76925000
17.59350000
15.77725000
17.55620800
15.81670800
17.62216700
15.74841700
17.62008300
15.73091700
17.19679100
16.16850000
17.74004200
15.62258300
17.38291700
15.98808300
16.91037500
16.46750000
17.33641700
16.12400000
17.28120800
15.97920900
17.16337500
16.20250000
17.42295800
15.94341700
17.49783300
16.14166700
17.16120800
15.93791700
17.53545800
16.13658300
17.08008400
16.17837500
17.17733300
16.00358300
17.63720900
16.24450000
16.98712500
16.07433300
17.18266700
15.95654100
17.42695900
16.30791600
17.17395900
16.32433300
16.97845800
16.15066700
17.20462500
16.04316700
16.74987500
16.47295800
17.39816700
16.25483300
17.15612500
16.11229200
17.36625000
16.29716600
16.99095900
16.19858300
17.21479200
15.96187500
17.47579100
16.01333400
17.21108300
16.19225000
16.64941700
16.44133300
17.38829200
16.16158300
16.73458300
16.44933400
17.59595800
15.91037500
17.27941700
16.00645800
17.42545800
16.43712500
16.40987500
16.40391700
17.52841700
16.24462500
17.17225000
16.16095800
16.71858300
16.27500000
17.01066700
16.35558300
17.48841700
16.20500000
16.56050000
16.47970800
16.89654200
16.47091700
16.89725000
16.46737500
17.44029100
16.03583400
16.82687500
16.43062500
17.48191600
15.89408400
17.49316600
15.86612500
17.47920900
16.07150000
17.28058300
16.18600000
17.17262500
16.22204200
17.15187500
16.19558300
17.31258300
16.24487500
16.95587500
16.09133400
17.40420800
16.22612500
17.13354200
16.17933300
17.08716700
16.20458300
17.18541700
16.15483300
17.19387500
16.13620800
17.18804200
16.19445800
17.19312500
16.04029200
17.32200000
16.10945800
16.91250000
16.27233400
17.42041600
16.09629200
17.23429200
16.48845800
16.97404200
16.21104100
16.60366700
16.43329200
17.07304100
16.29487500
17.51612500
16.14387500
17.34945900
16.79312500
16.41470800
16.06845800
17.21054200
16.10154200
16.77704100
16.47600000
17.42550000
16.02029200
17.28837500
16.11650000
17.23762500
15.99445800
17.32529200
16.03866700
17.38041600
16.00108400
17.36279100
16.02137500
16.87225000
16.46237500
16.88125000
16.48329200
17.38458300
15.98579200
16.87975000
16.49270800
17.34683400
16.01341600
17.51441700
16.03312500
16.70620800
16.48104200
17.35441700
16.00983300
17.47195800
16.19983400
17.06004100
16.00475000
17.36450000
16.00066700
17.40333300
16.09241700
17.19758300
16.05412500
16.86120900
16.49350000
17.40054100
15.96520900
16.89979100
16.47979200
17.49662500
16.00112500
16.79104200
16.43341600
17.35012500
16.02045900
17.52020800
16.05708300
17.28100000
16.18166700
17.06033300
16.07812500
16.83912500
16.44054200
16.92600000
16.44233300
17.34166700
16.02391700
17.51625000
15.92387500
16.83150000
16.46129100
16.90454200
16.46433300
16.88887500
16.47929200
17.35933300
16.11995900
17.29216600
16.07179200
17.22462500
16.02712500
17.54195800
16.07579200
17.10712500
16.18362500
17.25350000
16.16070800
16.69787500
16.45162500
17.41300000
16.38441700
17.00020800
16.34787500
17.13104200
16.31320800
16.98791700
16.45504200
16.99500000
16.35100000
16.87483300
16.33183300
17.06758400
16.17837500
17.21495800
16.18908300
17.15133400
16.29229100
17.10120900
16.87670800
16.56633300
16.07829200
17.23737500
15.87166700
17.44087500
15.91545800
17.42566700
15.93966600
17.39883400
15.96770800
17.42816700
15.94025000
17.45879100
15.90429200
17.61029200
15.76062500
17.48812500
15.87695800
17.49058300
15.87433400
17.45687500
15.90970800
17.03858300
16.33395900
16.94041600
16.41970900
17.02983300
16.33600000
17.58795800
16.02741700
17.22158300
15.98233400
17.37012500
15.91058300
17.51741700
15.95433300
16.84550000
16.42020800
17.54420900
15.82729100
17.64987500
15.70891700
16.92525000
16.44775000
17.45666700
19.28825000
14.39770800
17.11129200
16.43462500
16.63791600
15.75687500
16.42758400
17.39833300
15.96375000
17.40925000
15.96500000
16.87808300
16.48679200
16.90208300
16.45912500
16.99825000
16.37120900
17.51266600
15.85291700
17.70158300
15.66516700
17.55820800
15.80920900
17.50662500
15.84633300
17.51450000
15.86400000
17.48887500
15.87341700
17.75025000
15.62704100
17.55450000
15.80700000
18.07329200
18.81650000
14.21254200
15.63875000
17.53291600
15.80741700
17.19791700
16.19612500
17.08795800
16.27225000
17.59962500
15.76383300
18.06245900
15.26025000
17.73258300
15.63379200
17.67341600
15.69529200
17.68050000
15.68466700
17.16783300
16.20404200
17.97079100
15.38783400
17.71979100
15.64754200
17.74533300
15.62275000
17.69208400
15.67358300
17.76329200
15.60704100
17.72191700
15.65166700
17.66995800
15.68708300
17.60120900
15.76895800
17.64375000
15.71916700
17.82104100
15.55670900
17.05241600
16.30275000
17.55566700
15.80970800
17.43991700
15.92783300
17.50625000
15.86508400
17.70741600
15.88729200
17.18025000
15.95229200
17.42833300
15.93883300
17.21316700
16.15145800
17.62525000
15.98537500
17.23308400
15.89287500
17.47758300
15.98066700
16.94458300
16.32995800
16.96950000
16.40904200
16.93616700
16.41808300
17.59283300
16.15641700
16.71908300
16.26270900
17.48458300
15.95058300
17.59654200
15.70608300
17.01620900
16.36366600
16.98016700
16.36766700
17.54233300
16.21450000
17.15433300
15.84691700
17.68695800
15.68075000
17.62829200
15.73620800
17.46754200
16.52354200
16.86708300
16.44962500
16.96508300
16.43504200
16.84950000
16.54295800
16.81658400
16.49808300
16.61216700
16.75825000
17.02850000
16.26175000
17.09341600
16.10466700
17.12608300
16.17687500
16.70433400
16.75154100
17.31591700
15.99312500
17.20233300
16.13162500
17.19008400
16.10133300
17.22325000
16.17191700
17.25670800
16.05662500
17.31845800
16.76437500
15.95520900
17.37825000
15.91766600
17.27425000
16.04345900
17.40762500
15.95529100
17.61420900
16.01595800
17.14345800
15.94754200
17.56633300
15.75654200
17.44041700
15.92083300
16.95550000
16.41250000
17.45245800
15.91220900
17.47837500
15.88762500
17.44508300
15.92500000
17.57783300
15.79333400
17.46812500
15.89141600
17.56604200
15.82683300
17.40970900
15.93350000
17.40083300
15.96404200
17.37950000
15.98491600
17.43004200
15.93779200
17.43145800
16.05537500
17.62958300
15.62745900
17.04516600
16.31600000
17.59579200
15.76887500
16.92629200
16.45679100
17.43258400
15.93108300
17.56025000
15.79395800
17.58716700
16.22179200
17.14645800
15.77904200
17.53287500
15.83412500
17.36754100
15.99695900
17.47962500
15.88916600
16.98579200
16.38704200
17.00312500
16.35600000
17.45991600
15.91466700
17.57829200
15.78054100
17.58950000
15.77362500
17.48612500
15.88833400
17.43866600
15.92308400
17.46533300
15.90008300
17.45487500
15.91100000
17.41025000
15.95979200
17.46516700
15.90158300
17.19866700
16.17575000
17.59341600
15.77083400
17.38579100
15.97425000
17.35462500
16.01233400
17.34500000
16.01658300
17.38095800
15.99316700
17.41433300
15.96333400
17.46300000
16.00333300
17.47516700
15.78845800
17.08254200
16.28312500
17.05825000
16.30558300
17.51458300
15.84520900
17.57250000
15.80358300
17.52775000
15.83558300
17.56895900
15.80033300
17.67845800
15.68720900
17.48525000
15.87775000
17.55125000
15.81412500
17.47500000
15.90250000
17.44654100
15.91154200
17.35450000
16.00704200
17.53516600
15.84891700
17.42179200
15.93404100
17.36495900
15.99629100
17.49733400
15.87308300
17.52125000
15.85062500
17.52962500
15.82587500
17.52129200
15.84633300
17.55220800
15.81320900
17.47320800
15.89370800
17.51829200
15.85633300
17.50329200
15.85708300
17.54187500
15.82870900
17.20579100
16.15995900
17.09400000
16.26833300
17.46408300
15.90495900
17.37275000
15.98908300
17.23491700
16.14925000
17.43437500
15.92366600
17.53037500
15.83395900
17.64000000
15.72541600
17.63512500
15.74375000
17.24479200
16.11083300
17.51687500
15.84841700
17.45975000
15.90762500
17.01245800
16.35133400
17.55475000
15.81358300
17.46595800
15.90154200
17.39025000
16.06437500
17.00404200
16.27391600
17.45512500
16.12929200
17.35825000
15.78800000
17.49529200
15.87241600
17.46895900
15.89412500
17.47633300
15.89150000
17.52558300
15.84537500
17.43750000
15.92362500
17.37687500
15.99170900
17.44741600
15.91587500
17.37212500
15.99966700
17.36216700
16.33062500
16.70033300
16.33750000
17.46862500
15.89633300
17.40625000
15.96291700
17.45295800
15.92483400
17.39575000
15.95870800
17.61591700
16.15829100
16.48141700
16.49416700
17.59425000
15.76791600
17.45345900
15.90283300
17.48204200
15.89675000
17.45383300
15.96558300
17.49245900
15.88441600
17.48033400
15.93283300
17.37987500
15.90804200
17.45675000
15.95695800
16.96337500
16.31520800
17.50020900
15.94187500
17.55504100
15.97741700
17.37683300
15.89562500
17.40220900
15.81183300
17.51741700
15.87137500
17.67229100
15.81129200
17.01520800
16.21787500
17.48216700
15.88904200
17.54225000
15.81875000
17.49800000
15.94112500
17.48970800
15.88408300
17.44141700
15.84720800
17.54195900
15.90666600
17.43708400
16.12820800
16.86354200
16.22091600
17.53620900
15.94829100
17.00966700
16.23945800
17.50516700
15.86004200
17.60362500
15.89187500
17.62837500
15.97825000
16.51650000
16.90970800
16.61712500
16.64737500
16.57745800
16.72020900
16.62141600
16.81066700
16.58091700
16.70445800
16.67487500
16.68212500
16.69212500
16.62412500
16.68666700
16.72808300
16.66108300
16.71604200
16.65308300
16.74283400
16.74258300
16.59495800
16.61183400
16.73525000
16.67520800
16.64950000
16.73304200
16.68283300
16.61445800
16.75858400
16.69704100
16.61220900
16.77516600
16.67241700
16.57420800
16.71441700
16.73783300
16.61966700
16.66420800
16.69300000
16.74058400
16.70887500
16.68412500
16.65995800
16.69525000
16.70158300
16.65183400
16.83054100
16.59491700
16.64125000
16.74012500
16.70350000
16.66379200
16.70845800
16.67945800
16.66825000
16.69079200
16.66750000
16.65058300
16.71979200
16.64337500
16.81962500
16.58933300
16.66233400
16.69412500
16.67933300
16.61441700
16.78487500
16.65120800
16.68216700
16.71833300
16.68850000
16.72537500
16.62441700
16.65150000
16.63675000
16.71412500
16.67575000
16.61183300
16.70562500
16.73395800
16.71262500
16.62933400
16.72554100
16.64266700
16.71908300
16.68200000
16.67054200
16.66945800
16.70262500
16.61870900
16.78750000
16.61758300
16.76187500
16.66691700
16.53650000
16.65687500
16.71987500
16.69754100
16.64112500
16.71675000
16.72125000
16.65529200
16.70991700
16.70591600
16.67504200
16.63183300
16.76791700
16.67133300
16.62354200
16.75016700
16.64037500
16.70125000
16.65375000
16.69370800
16.67329200
16.65508300
16.74925000
16.65904200
16.74125000
16.62604100
16.78733400
16.63275000
16.65987500
16.66341600
16.66587500
16.68529200
16.68775000
16.64637500
16.69829200
16.74104100
16.63620900
16.66845800
16.67454200
16.68804100
16.69700000
16.70050000
16.61150000
16.74758400
16.69575000
16.65150000
16.67695800
16.79466700
16.60758300
16.75900000
16.66291700
16.61691600
16.74012500
16.72616700
16.58154200
16.77179100
16.78129200
16.50787500
16.76391700
16.72991600
16.58316700
16.71883300
16.72204200
16.70675000
16.64612500
16.84458300
16.54162500
16.67541700
16.73916700
16.61629100
16.70337500
16.67629200
16.72858300
16.66612500
16.74500000
16.60191700
16.69587500
16.64466700
16.71145800
16.65550000
16.68212500
16.74041700
16.77170800
16.55350000
16.69908300
16.69125000
16.79175000
16.63200000
16.66970900
16.64316600
16.70645900
16.67200000
16.62841600
16.74629200
16.67487500
16.53250000
16.77695800
16.61004200
16.63316700
16.64254100
16.70283400
16.67912500
16.70508300
16.69929200
16.65154100
16.68395900
16.72175000
16.67766600
16.65783400
16.72195800
16.63570800
16.69237500
16.76162500
16.66116700
16.67883300
16.68612500
16.69591700
16.60337500
16.71162500
16.76458300
16.70787500
16.63241700
16.64879200
16.71966600
16.64870900
16.69620800
16.83025000
16.53700000
16.70329200
16.68125000
16.74733300
16.63695800
16.72620900
16.61104100
16.73229200
16.73462500
16.58812500
16.72325000
16.68308300
16.72566700
16.75320800
16.51050000
16.67883400
16.76833300
16.77904200
16.44900000
16.82291600
16.61916700
16.76529200
16.54229100
16.69800000
16.69633400
16.72237500
16.62837500
16.64879100
16.78804200
16.60533300
16.67054200
16.66462500
16.69854200
16.68108300
16.69891700
16.64725000
16.70208300
16.70116700
16.65291600
16.83595900
16.52770800
16.69570800
16.73137500
16.70650000
16.67562500
16.63875000
16.68516700
16.69625000
16.71795800
16.66395900
16.64425000
16.72237500
16.77595800
16.56391700
16.69362500
16.68383300
16.64304200
16.73491600
16.71870900
16.63404100
16.69633400
16.71504100
16.62954200
16.66083300
16.84191700
16.60687500
16.64645800
16.69645900
16.66175000
16.66883300
16.84950000
16.58141700
16.67191600
16.62395900
16.75029100
16.62466700
16.68300000
16.68416700
16.67275000
16.85425000
16.63445800
16.60266700
16.69325000
16.74620800
16.62458300
16.65000000
16.65658400
16.71779100
16.85712500
16.47095900
16.72566600
16.68312500
16.74195900
16.61370800
16.74400000
16.66758300
16.63716700
16.82941700
16.57762500
16.67287500
16.67366600
16.67004200
16.66683300
16.72170900
16.70129100
16.64004200
16.79683300
16.57825000
16.67712500
16.67495900
16.70054100
16.71200000
16.62887500
16.68645900
16.72433300
16.69725000
16.67000000
16.66950000
16.68079200
16.69162500
16.67258300
16.70012500
16.66675000
16.70379200
16.70358300
16.67370800
16.65541700
16.77916700
16.62500000
16.64708300
16.63837500
16.76391700
16.73158300
16.58100000
16.66050000
16.74479200
16.73812500
16.58325000
16.68983300
16.76012500
16.64141700
16.66437500
16.62183300
16.74320800
16.65462500
16.76845900
16.64108300
16.68241700
16.70887500
16.66500000
16.63625000
16.72616600
16.68487500
16.65612500
16.69100000
16.68295900
16.63745800
16.73829200
16.69358300
16.67237500
16.66708300
16.70329200
16.74245800
16.74037500
16.58854200
16.63862500
16.68116700
16.86854100
16.54283400
16.67950000
16.63412500
16.54354100
17.47512500
15.88479200
17.51587500
15.85341700
17.61208300
15.75008300
17.60083400
15.76950000
17.47812500
15.88745800
17.55850000
15.81100000
17.63941700
15.72570800
17.61550000
15.75004200
17.42945800
15.93758300
17.45795900
15.90908300
17.50370800
15.86779200
17.42383300
15.93850000
17.50850000
15.85633400
17.51100000
15.99858300
17.55287500
15.70112500
17.52908300
15.80758400
17.03541600
16.32937500
17.65008400
15.74804100
17.05583400
16.28358300
17.04958300
16.31400000
17.05587500
16.31295900
17.64816600
15.71779200
17.51620800
15.84995900
17.00641600
16.35933400
17.45366600
15.97779200
16.93729200
16.36745800
17.69025000
16.01762500
17.22616700
16.00779100
17.31841700
15.96075000
17.53650000
16.15720800
17.12895900
16.08500000
16.74204100
16.32633400
16.95812500
16.41791600
17.49716700
16.03216700
16.81441600
16.38525000
17.55916700
16.05225000
17.58454200
16.11729100
16.96283400
16.05229100
17.16050000
16.27112500
17.22370900
16.20070800
17.31462500
16.12487500
17.07300000
16.18620800
17.20608400
16.08662500
17.28545800
33.44395800
2.04850000
14.26745900
16.36691600
16.43829200
16.99341700
16.37704100
16.96912500
16.40387500
17.52820900
16.26970800
17.09412500
16.34841700
17.00491600
16.16795900
17.13875000
16.29004100
17.13079200
16.17662500
16.63070800
16.41420900
17.51958300
15.94895800
17.45825000
15.82091700
17.61420800
15.73462500
17.35258400
16.01525000
17.55658300
15.81216700
17.63900000
15.73162500
17.06425000
16.29891600
17.00945900
16.35454100
17.56150000
15.80866700
17.70050000
15.66175000
17.03575000
16.32979200
17.51958300
15.84837500
17.15325000
16.22004200
17.61300000
15.74766600
17.03070900
16.33550000
17.58787500
15.78329100
17.03625000
16.33041700
17.33300000
16.03091700
17.78962500
15.57954100
17.47554200
15.90012500
17.11887500
16.23595800
17.52425000
15.85075000
17.55325000
15.80708400
17.41887500
15.94862500
17.07216600
16.29575000
17.67787500
15.98833400
17.31529100
15.93108400
17.33995800
15.90637500
17.44520800
15.90308400
16.92058300
16.40075000
17.60925000
15.85375000
17.47683300
16.05137500
16.70787500
16.39887500
17.41212500
15.97116700
16.93429200
16.41804100
17.53879200
16.10466700
16.75270800
16.33987500
17.39025000
16.22954200
17.26704100
16.19262500
16.68433400
16.33375000
17.59120800
16.03354200
17.29079100
16.16162500
17.22125000
16.28541700
17.07987500
16.07704200
17.27358300
16.20150000
16.59254200
16.39591600
17.50837500
16.16016700
17.25975000
16.31695800
16.93008400
16.26495800
17.10350000
16.71879200
16.88708300
16.30904200
16.88350000
16.31945800
17.16604200
16.19933300
17.07408300
16.32433400
16.62095800
16.25158300
17.51029200
16.18679200
17.28670800
16.20991700
17.08541600
16.21404200
17.14941700
16.06916600
16.75550000
16.36283400
17.46979100
16.37016700
17.08720800
16.17383400
16.67683300
16.32362500
17.43237500
16.14083300
17.29395900
15.98958300
16.85191700
16.39350000
17.50133300
16.18491700
17.26691600
16.15383400
17.15850000
15.98087500
17.41720800
16.22429200
16.59812500
16.34362500
17.47395800
16.03883300
17.44025000
16.32991700
16.97945800
16.15600000
17.25287500
16.02558400
16.79816600
16.34162500
17.56800000
16.02608400
17.29200000
16.01475000
17.36087500
16.01354100
17.37987500
16.62275000
16.88566700
16.08541700
17.14604100
16.18641700
17.19441700
16.04300000
17.26925000
15.97516600
17.54954200
15.88475000
17.53258300
15.88662500
16.80079200
16.32312500
17.68129200
15.82091600
16.94670900
16.27512500
17.47433300
15.93970800
17.53475000
15.85479200
17.55325000
15.76516700
17.67341600
15.68291700
16.97483300
16.41350000
17.50000000
15.85491700
17.39487500
15.95012500
17.52420800
15.84366700
17.52754200
15.85879100
17.49341700
15.85562500
17.57362500
15.78904200
17.61029100
15.94729200
16.76933300
16.40462500
17.61641700
15.78420800
17.56650000
15.78595900
17.58591600
15.81200000
17.50887500
15.82050000
16.99912500
16.36179200
17.00400000
16.35787500
17.52641700
15.84270800
17.93791700
17.33025000
14.78720800
16.84495800
16.51479200
17.43250000
15.97229200
17.41650000
15.90883300
16.95708300
16.41412500
17.59254200
15.78133300
17.43304200
15.92275000
17.45075000
15.91387500
16.95158300
16.41616700
17.00304200
16.36500000
17.01029100
16.35954200
16.99320800
16.37204200
16.94608300
16.42204200
17.34225000
16.02170800
16.92370900
16.44491600
17.36987500
16.09587500
17.26308400
16.00479100
17.43925000
15.95608400
17.32750000
16.00916600
17.35408400
16.00983300
17.36300000
16.00425000
17.33295800
16.03479200
17.33579200
16.03745800
17.38420800
15.97666700
17.34337500
16.03933300
17.34200000
16.01141700
17.40891700
15.95454100
17.38904200
15.98270800
17.37866700
15.98212500
17.42820800
16.37337500
17.21866700
15.72008300
17.58129200
15.78162500
17.74729200
15.79929100
17.12529200
16.08275000
17.71654200
15.64104100
17.60025000
15.75912500
17.46900000
15.89395900
17.01745800
16.34845800
17.48970900
15.88691600
17.62320900
15.74129100
17.59641700
15.77012500
17.44545800
15.98533400
17.59583300
15.70100000
17.46479200
15.90033300
17.10366700
16.26520800
17.53054200
15.83262500
18.27270800
15.17125000
17.38700000
15.96216700
17.69104100
15.66875000
17.87433400
15.51212500
17.67591600
15.66866700
17.01616700
16.34629100
17.43220900
15.89766600
17.75137500
15.62137500
17.76316700
15.60491700
17.20333300
16.16179200
17.64766600
15.72337500
17.30804200
16.05529200
17.16600000
16.19141600
17.50391700
15.93145800
17.15862500
16.14795900
17.73725000
15.62095800
17.50004200
15.86075000
17.57500000
15.79183300
17.07520800
16.32100000
16.96362500
16.36762500
17.49054200
15.88516700
17.53554100
15.82445900
17.50850000
15.85695800
17.52383300
15.85520900
17.60358300
15.75504200
17.45154100
15.91104200
17.47183300
15.89458400
17.50479100
15.85995900
17.56179100
15.80433400
17.46975000
15.90025000
17.51920800
15.84687500
17.48566700
15.87945800
17.42887500
15.94287500
17.01158300
16.35012500
16.99645900
16.37208300
17.46245800
15.90170900
17.41008300
16.10641700
17.32112500
15.89616600
16.96966700
16.39587500
16.96287500
16.40695800
17.46825000
15.89616700
17.43054200
15.93433300
17.56112500
15.80795800
17.52445900
15.85883300
17.51862500
15.83658300
17.53187500
15.83375000
17.52570900
15.84125000
17.50929100
15.85791700
17.49562500
15.87216700
17.49633300
15.86737500
16.99650000
16.36787500
17.50725000
15.86054200
17.42266600
15.94070900
17.50841600
15.86170900
17.46112500
15.90916600
17.47775000
15.88750000
17.51683400
15.84562500
17.01845800
16.35079200
17.46704100
15.90066700
17.48529200
15.87812500
17.44270800
15.92687500
17.45833300
15.91333400
16.99041600
16.36929200
16.99250000
16.37779200
17.44179100
15.92058400
17.45812500
15.90975000
17.41512500
15.96112500
17.44387500
15.91883300
17.44258300
15.92366700
17.41412500
15.94604200
17.03212500
16.33450000
17.44920800
15.92904200
17.40862500
15.95916600
17.47108400
15.90158300
17.49379200
15.86658300
17.54533300
15.81183400
17.46433300
15.90616700
17.00687500
16.35733300
17.11891700
16.25725000
17.20650000
16.15400000
17.64583300
15.71225000
17.47058300
15.89687500
17.64666700
15.73433300
17.48391700
15.87133300
17.43958400
15.92337500
17.05183300
16.31425000
17.55954200
15.81945800
17.53070800
15.82637500
17.54833400
15.81979100
17.53345900
15.83062500
17.06745800
16.30066700
17.51120800
15.85587500
17.52591700
15.83762500
17.52770800
15.83654200
17.08958300
16.28362500
17.09300000
16.27141700
17.53270800
15.84783300
17.54616700
15.80408300
17.51883400
15.84720800
17.53504200
15.83933300
17.47083300
15.88845900
17.46154100
15.90737500
17.52162500
15.84716700
17.61383300
15.76504200
17.47266700
15.88270800
17.56245800
15.80275000
17.41637500
15.95470900
17.59658300
15.76295800
17.51870900
15.85233300
17.52670800
15.83695900
17.49354100
15.87116700
17.53600000
15.82995800
17.46675000
16.38775000
17.00945900
16.06533300
17.24083300
16.09304200
17.39925000
16.02200000
16.73558300
16.41491700
17.41262500
15.95058300
17.43054200
15.94262500
17.65104200
15.95858300
17.22458300
15.89704200
17.43670800
15.93433400
17.48933300
15.87062500
17.51650000
15.85587500
17.52954200
15.83604100
17.03925000
16.32137500
17.52654200
15.84854200
17.06037500
16.30170800
17.49241700
15.87750000
17.50666600
15.85895900
17.44412500
15.92333300
17.52550000
15.83595800
17.49683400
15.87120800
17.45837500
15.92429200
17.06195800
33.84462500
2.11458300
13.69945900
17.55808300
15.80462500
17.61079200
15.76075000
17.51108300
15.85795800
17.33095900
16.03300000
17.63950000
15.72375000
17.75083300
15.61658300
17.01691700
16.35229200
17.64300000
15.71958300
17.44316700
15.92308300
17.50525000
15.86204200
17.03125000
16.33191600
18.50454200
15.34866700
17.16816600
15.71733400
17.13095800
16.23379200
17.54670800
15.82195800
17.52350000
15.84629200
17.22945800
16.13595900
17.52366600
15.84116700
17.45175000
15.91250000
17.59879200
15.79595800
17.50983300
15.83725000
17.16816700
16.19241700
17.02487500
16.33983300
17.53583300
15.83933400
17.48029100
15.87612500
16.99433400
16.37425000
17.65512500
15.83841600
16.83366700
16.42841700
17.54375000
15.81491600
17.02583400
16.33312500
17.54783300
15.81237500
17.54833300
15.82000000
17.73416700
15.63095800
17.47362500
15.90687500
17.50504200
15.85325000
17.65741700
15.70266600
17.56466700
15.80375000
17.51345800
15.85854200
17.51550000
15.84862500
16.95370800
16.41750000
17.11233400
16.24741600
17.55245900
15.84800000
17.22150000
16.13295800
17.37554200
16.00941600
17.57108400
15.77641600
17.55970900
15.79350000
17.08029100
16.28070900
17.57066600
15.80412500
17.05100000
16.30879200
17.62954200
15.73895800
17.80483300
15.58937500
17.88216700
15.45879200
17.57208300
15.79225000
17.68558300
15.68145900
17.72883300
15.63395800
17.58179200
15.78366700
17.58654100
15.77829200
17.47637500
16.92283300
15.99658400
16.34358300
17.57466700
16.52029100
17.00000000
16.99912500
16.46175000
16.61404200
16.49433300
15.84441700
17.53929200
16.39179100
16.92237500
16.21862500
16.68712500
16.29850000
17.63083400
17.20158300
15.79808300
16.14325000
17.63604200
16.60675000
16.95529200
15.91958300
17.27358300
15.69233400
17.01362500
16.32804100
17.51775000
16.21404200
17.27087500
15.72675000
17.65150000
15.72333300
17.53170900
15.83058300
17.60200000
15.76908300
17.70300000
15.65504200
17.61654200
15.75383300
17.58666700
15.78275000
17.68675000
15.67575000
17.62108300
15.74308300
17.55537500
15.81133400
17.59154100
15.78091700
17.61908300
15.74483400
17.54237500
15.82091600
17.80612500
15.56329200
17.58825000
15.93450000
17.52641700
15.68854100
17.66000000
15.99625000
17.58762500
15.52075000
17.73575000
15.64450000
17.55500000
15.80650000
17.27104200
16.05475000
17.19829200
16.17304100
17.09612500
16.26570900
17.51437500
15.85179100
17.41983400
15.94387500
17.59333300
15.77479200
17.40787500
15.95937500
17.29191600
16.07483400
17.10033300
16.26595800
17.13216700
16.25133300
17.06270900
16.28379100
17.61908400
15.75383300
17.60583300
15.75570900
17.57945800
15.78995800
17.56108400
15.81383300
17.61595800
15.74137500
17.67025000
15.69420900
17.65354100
15.72129200
17.58058300
15.78150000
17.59145900
15.77216600
17.07500000
16.29541700
17.55420800
15.81362500
17.53979200
15.82508300
17.56770900
15.79625000
17.02979100
16.35358400
17.69037500
15.68329100
17.03700000
16.30808400
17.04254100
16.32200000
16.97000000
16.40291700
17.01837500
16.34962500
17.44595800
15.91329200
17.01370800
16.35083400
17.50637500
15.86216600
17.02929200
16.33729200
16.98350000
16.38033300
16.98833300
16.38004200
17.01712500
16.35512500
17.50183300
15.86387500
17.50412500
15.85775000
17.71808400
16.01183300
17.16720800
16.08500000
17.25112500
16.11095900
17.24854100
16.10991700
17.39000000
16.02262500
16.69612500
16.39229200
17.54370800
16.00387500
17.34650000
15.97979200
17.38291600
16.21095900
17.30454100
16.19320900
17.00575000
16.06545800
17.31054200
16.21275000
17.27420800
16.42779200
16.82479100
16.19445900
17.10608300
15.98150000
16.92812500
16.38100000
17.19845800
16.15512500
17.55441700
15.81279200
17.44595800
15.92037500
17.71833300
15.65766700
17.73345800
15.62225000
17.01054200
16.35741700
17.76316600
16.09970900
17.31712500
16.46908300
16.75300000
16.06429200
17.29616600
16.31287500
16.47345900
16.28216600
17.51933400
16.12191600
17.20929200
16.16466700
17.23375000
16.02212500
17.36716600
16.18466700
17.21883300
16.23812500
17.04962500
16.16045900
17.21495800
16.29937500
16.84383300
16.34079200
16.71379200
16.39679100
17.44504200
16.34995800
17.06537500
16.21104200
16.99270800
16.03879200
17.05695800
16.31262500
17.66162500
15.70191700
17.05050000
16.31825000
17.51879200
15.84933300
17.00587500
16.35870800
17.52975000
15.83875000
17.58545900
15.79495800
17.58216700
15.77325000
17.59120800
15.76962500
17.71129200
15.65712500
17.03254100
16.33708400
17.64195800
15.72025000
17.58225000
15.79375000
17.59904200
15.76162500
17.08225000
16.29183300
17.04066700
16.33741600
17.51050000
15.83158400
17.07416600
16.29725000
17.52854200
15.83487500
17.04929200
16.32095800
17.58583300
15.77670900
17.62237500
15.74812500
17.03525000
16.32720800
17.56554200
15.80025000
17.48833300
15.87975000
17.58504200
15.78450000
17.51100000
15.85533300
17.55458300
15.80958400
17.60841600
15.76150000
17.60845900
15.76312500
17.55291600
15.80508400
17.07608300
16.29250000
17.63445800
15.73937500
17.65241700
15.70533300
17.63454200
15.73445800
17.52925000
15.83550000
17.56670900
15.81029100
17.69862500
15.66441700
17.72537500
15.63562500
17.61237500
15.75308300
17.65266700
15.71470800
17.68433400
15.68745800
17.51516700
15.85562500
17.04479100
16.31612500
17.57008400
15.79212500
17.52470800
15.84050000
17.04004200
16.32795800
17.59429200
15.78512500
17.49879100
15.86666700
17.63279200
15.72408300
17.41804200
15.95162500
17.57295800
15.79100000
17.51045800
15.85845900
17.56454100
15.79662500
17.58137500
16.12658400
17.22237500
16.10883300
16.70579200
16.35337500
17.57120800
16.13995800
17.19645900
16.11945800
17.40433300
16.00862500
17.22445900
16.07233300
17.29237500
16.09145800
17.43429200
16.02204200
17.23925000
16.18179100
17.26083400
16.10508300
17.10737500
15.99616700
17.50266600
16.59191700
16.82525000
16.22066700
17.04533300
16.10333300
17.22112500
16.22629200
17.19808300
15.73629200
17.54975000
15.85420800
17.84104200
15.52345800
17.90325000
15.44600000
17.17212500
16.17816700
17.64775000
15.71500000
17.77370800
15.59941700
17.58779200
15.77466600
17.61550000
15.74966700
17.67858300
15.69187500
17.55104200
15.81275000
17.55262500
15.82041700
17.69675000
15.66608300
17.65454200
15.70879100
17.61216700
15.75375000
17.63220800
15.73712500
17.67795900
15.69495800
17.62995800
15.72870900
17.59000000
15.78229100
17.75425000
15.60708400
17.65866600
15.71891700
16.95516700
16.40241600
17.51975000
15.85237500
17.51504200
15.84470800
17.44095900
15.92433300
17.49529200
15.87479100
17.54291700
15.83308300
17.59745900
15.75975000
17.69466600
15.67562500
17.41858400
15.94295800
17.49504200
15.87125000
17.66304100
15.70275000
17.51004200
15.86454200
17.40587500
15.95462500
17.00462500
16.36737500
17.54837500
15.82670800
17.56325000
15.78758300
17.58308400
15.78133300
17.47241700
15.89329100
17.68641700
15.68387500
17.48295800
15.88350000
17.54683400
15.81775000
17.00412500
16.36520800
17.53970800
15.82391700
17.71558300
15.65225000
17.31245900
16.06225000
17.56250000
15.79708300
17.52000000
15.85141700
17.55812500
15.80108300
17.10004200
16.26883300
17.58912500
15.77762500
17.63962500
15.72841700
17.61204100
15.75162500
17.66691700
15.70520800
17.74991700
15.62804200
17.62158300
15.76229200
17.68320800
15.68945800
17.61379200
15.74108300
17.26545900
16.10150000
17.65579100
15.70800000
17.64858400
15.71150000
17.16387500
16.19279100
17.68462500
15.67645900
17.10766600
16.26079200
17.74212500
15.63058300
17.15120900
16.21337500
17.62558300
15.73808300
17.66537500
15.70062500
17.50520900
15.86466600
17.67370900
15.68954100
17.49862500
15.87087500
17.58141700
15.78137500
17.50750000
15.86070800
17.44354200
15.94687500
17.01100000
16.33225000
17.02508300
16.34112500
17.47383400
15.89225000
17.43629100
16.75383400
15.85850000
17.40395800
15.96983300
17.44779200
15.92612500
17.40845800
15.94504200
17.44129200
15.92629100
17.43904200
15.93279200
17.48183300
15.87950000
17.48133300
15.88354200
17.49475000
16.06529200
17.48008300
15.70341700
17.54933300
15.80995800
17.03354200
16.33366700
17.44812500
15.91520800
17.45616700
15.91683300
17.49962500
15.86979200
17.45070800
15.90929200
17.47745800
15.88762500
17.48133300
15.88795900
17.47125000
15.89320800
17.41812500
15.94487500
17.52458300
15.85295900
17.55275000
15.81145800
17.54600000
15.81516700
17.56695800
15.80733300
17.45679200
15.90179200
17.46333300
15.90466700
17.50466600
15.86612500
17.49987500
15.87150000
17.50841700
15.84908300
17.47233400
15.89354100
17.58545900
15.78179100
17.53025000
15.84995900
17.04750000
16.30479100
17.10558400
16.26220800
17.60012500
15.77000000
17.49454200
15.87670800
17.62266700
15.73595800
17.59808300
15.77058400
17.63125000
15.79566600
17.72945900
15.57758300
17.66504200
15.70695800
17.76766700
15.59320800
17.13104200
16.23133300
17.25233300
16.12645900
17.09966600
16.25604200
17.04570800
16.32533400
17.28491600
16.10141700
17.68925000
15.66008300
17.56579200
15.79787500
17.45879200
15.91037500
17.59800000
15.76520800
17.73045800
15.63712500
17.61129200
15.75566700
17.63887500
15.72762500
17.60104100
15.76604200
17.67150000
15.68962500
17.57850000
15.79162500
17.64345800
15.72175000
17.78408400
15.58087500
17.62845800
15.74495800
17.59233400
15.77245800
17.60512500
15.76279200
17.55429100
15.81558400
17.53820800
15.82279200
17.67445800
15.69262500
17.52708300
15.83437500
17.52641700
15.84520800
17.61245900
15.75866600
17.57283400
15.83350000
17.57116600
15.77083400
17.58083300
15.77545800
17.49216700
15.86320800
17.47954200
15.89183300
17.58341700
15.81095800
17.75033400
15.59245800
17.53554200
15.82979100
17.54362500
15.81504200
17.59929200
15.77258300
17.66358300
15.70037500
17.72770900
15.63645800
17.89650000
15.46858300
17.68583400
15.68708300
17.83300000
15.52437500
17.82691700
15.54775000
17.59329100
15.77187500
17.49925000
15.86541700
17.50845800
15.86879200
17.45391700
15.90966600
17.31087500
16.04604200
17.51520800
15.85525000
17.46962500
15.90762500
17.65441700
15.70516700
17.06283300
16.29825000
17.55787500
15.80729200
17.10025000
16.27733300
17.45958300
15.90037500
17.44720900
15.91650000
17.50558300
15.86262500
17.51433300
15.86812500
17.09391700
16.27479200
17.68412500
15.66466600
17.49787500
15.87137500
17.49854200
15.86620800
17.53425000
15.83675000
17.06237500
16.29687500
17.68037500
15.69070900
17.53729100
15.82500000
17.50395900
15.86712500
17.45950000
15.90329100
17.45404200
15.92604200
17.52900000
15.82525000
17.49300000
15.87462500
17.48716600
15.87704200
17.48941700
15.88075000
17.51045800
15.85466700
17.49529100
15.87054200
17.54079200
15.82770800
17.51270800
15.85233400
17.47237500
15.89212500
17.06962500
16.29775000
17.54195800
15.82641700
17.46175000
15.91954100
17.65166700
15.69875000
17.49550000
15.87237500
17.43395800
15.93600000
17.49220900
15.88100000
17.48620800
15.87787500
17.62833300
15.73500000
17.45025000
15.92500000
17.62045900
15.74237500
17.50587500
15.86012500
17.47045800
15.89725000
17.57825000
15.78212500
17.49820800
15.87116700
17.50895800
15.85862500
17.06100000
16.30141700
17.03804200
16.32716600
17.46970900
15.89504100
17.45604200
15.90879200
17.48600000
15.88458300
17.45195800
15.91133400
17.65387500
15.71558300
17.56579200
15.80733300
17.08600000
16.27458300
17.56175000
15.80883400
17.67266600
15.68820900
17.49925000
15.86833300
17.45666700
15.91037500
17.55533300
15.81295800
17.44333400
16.10325000
17.32354100
15.85737500
16.97941700
16.39875000
17.45679200
15.91025000
17.03787500
16.31966600
16.99620900
16.39450000
17.06537500
16.27645800
17.05929200
16.30858300
17.46650000
15.90045800
17.17850000
16.20770900
17.63550000
15.72137500
17.53516600
16.27558400
17.30583300
16.22312500
16.95037500
16.01383300
17.34608400
15.80650000
17.67158300
15.69350000
17.46029200
16.01312500
17.55575000
16.26816600
17.02766700
15.79650000
17.52754200
16.05245800
17.43983300
15.70145900
17.89016600
15.56537500
17.07075000
16.19745900
17.70033300
15.66700000
17.78408300
15.69545900
17.52837500
15.72412500
17.71020800
15.65879200
17.73279100
15.73866700
17.54970800
15.74962500
17.64545900
15.68158300
17.13650000
16.23387500
17.67954200
15.71016600
17.77441700
15.89750000
17.37770800
15.65666700
17.69987500
15.78066700
17.09525000
16.15787500
17.23233300
16.13400000
17.64466700
15.83787500
17.07775000
16.18408300
17.64600000
16.33095800
17.12816700
15.86191700
17.67241600
15.80458400
17.37112500
16.17591600
17.35733400
15.85729100
17.37112500
15.85091700
17.47129200
16.09508300
17.10895800
15.83016700
17.62020800
15.73966700
17.61012500
15.75970800
17.59616700
15.76825000
17.50920800
15.85458400
17.57641600
15.79437500
17.56883400
15.79262500
17.10737500
16.26175000
17.56970800
15.80558300
17.06166700
16.29337500
17.58362500
15.78579200
17.52991600
15.83962500
17.64916700
15.71737500
17.52312500
15.83883300
17.66508400
15.70591600
16.97270900
16.39129100
17.46350000
15.91679200
17.58779200
15.79520800
17.63975000
15.70108300
17.69720900
15.66904100
17.61587500
15.75133400
17.63370800
15.72858300
17.07712500
16.28970900
17.50633300
15.87833300
17.59812500
16.02654200
17.35000000
15.94420800
17.23779200
15.92175000
17.48383300
15.99454200
16.88879200
16.37187500
17.41654100
16.01008400
17.45658300
15.97695800
17.30258400
15.98325000
17.51129100
15.84941700
17.49916700
15.82287500
17.46475000
15.90525000
17.44754100
15.91962500
17.47979200
15.88662500
17.46100000
16.19237500
17.17533300
16.22145900
17.09183300
16.22400000
17.19462500
16.24879200
17.06095800
16.07525000
17.33670800
16.02270900
17.21079100
16.13783400
16.86141600
16.41604200
17.51225000
16.03250000
16.74395800
16.45483400
17.56979100
15.78775000
17.07362500
16.30545900
17.52691600
15.82800000
17.59620900
15.77066600
17.02575000
16.33758400
17.57516600
15.79166700
17.03045800
16.35341700
17.20320800
16.16100000
17.64904200
15.71179200
17.63120800
15.73220800
17.48883400
15.87762500
17.62416600
15.74141700
17.58787500
15.78583300
17.58350000
15.78937500
17.51875000
15.83479200
17.49791700
15.86416600
17.46620900
15.90587500
17.67925000
15.68412500
17.56495800
15.80975000
17.52158300
15.84045900
17.55945800
15.80479200
17.65995800
15.70587500
17.01112500
16.35987500
17.40741700
16.20554100
17.32437500
16.39979200
17.08916700
16.42795800
16.81729200
16.12425000
17.25620800
16.23120800
16.77845900
16.26145800
17.39829200
16.37520800
17.11300000
16.28058300
16.94445900
16.38516600
17.12037500
16.15262500
17.13070900
16.17725000
17.18250000
16.21216600
17.08854200
16.05083300
17.30325000
16.44008400
17.06604100
15.75708400
17.31004100
16.05483400
17.44612500
16.12983300
17.35100000
16.13350000
17.26362500
16.10804200
16.69941600
16.33320900
16.97137500
16.39337500
17.71837500
16.38275000
16.81541600
16.24704200
17.12854200
16.26445800
17.10579200
16.05479100
16.75983400
16.35525000
17.54241600
16.22700000
17.07220900
16.16758300
17.24779200
16.16475000
17.27637500
16.19441600
17.15400000
16.24083400
16.53670800
16.37266700
17.00091600
16.36720900
17.62508300
16.26187500
17.01795800
15.82962500
16.95412500
16.41125000
17.65366700
15.71895800
17.51908400
15.84579100
17.53850000
15.82620900
17.45095800
16.02079200
17.69441600
15.57020900
17.93820800
15.42150000
18.01958300
15.35470900
17.94325000
15.43420800
17.36204200
15.99733300
17.31483300
16.04241700
17.46729200
15.90379100
17.37591700
15.98633300
17.49479200
15.87691700
17.30275000
16.05808300
17.98216700
15.38883300
17.93387500
15.42841700
17.98237500
15.39270800
17.91237500
15.44837500
17.94195800
15.43100000
17.30087500
16.05633400
17.92500000
15.44566600
17.89833400
15.46470800
18.17795800
15.19141700
17.91966700
15.44541600
17.89187500
15.48416700
17.96466700
15.39066600
17.66979200
15.70162500
17.96420800
15.40187500
17.89416700
15.47262500
17.96537500
15.39970800
18.10887500
15.26154200
17.99104200
15.37195800
17.55425000
15.81558300
17.59483400
15.76995800
17.52462500
15.84179200
17.56654100
15.82608400
17.51420800
16.07395800
17.40362500
16.22245900
17.10245800
15.84195800
17.12895900
16.33637500
17.42358300
16.52104200
16.82183300
16.50075000
16.85500000
16.15070800
17.22691700
16.13725000
17.14029200
15.87270800
16.98058300
16.40187500
17.59658400
16.07625000
17.17037500
16.23837500
17.17008300
16.38341700
17.05270800
16.55312500
16.80154200
16.19929100
17.15141700
16.15733300
16.71141700
16.28854200
17.63529100
15.92845900
16.89508300
16.27629200
17.68670800
15.68041700
17.75929100
15.60658400
17.61933300
15.74483300
17.60029200
15.76962500
17.73791700
15.63208300
17.69466700
15.68558300
17.33033300
16.10904200
17.26266700
16.05854100
17.66037500
15.67787500
17.55400000
15.84525000
17.83000000
15.49204200
17.76458300
15.60554200
17.71966700
15.65404100
17.37854200
15.98104200
17.20495800
16.15941700
17.71858300
15.64675000
17.77429200
15.58975000
17.14758300
16.22125000
17.13479200
16.22704100
17.59537500
15.77487500
17.69191700
15.67541700
17.59458300
15.77020800
17.76675000
15.60891700
17.75850000
15.60004200
17.17879100
16.19029200
17.13133300
16.22925000
17.58004200
15.78995800
17.72429200
15.64441700
17.32979100
16.03195900
17.59050000
15.77791600
17.53945900
15.83170800
17.64504200
15.71545800
17.55183300
15.81891700
17.61158300
15.75300000
17.67000000
15.69716700
17.52441700
15.84437500
17.55212500
15.81204100
17.56945900
15.79695800
17.58208300
15.78483400
17.61200000
15.75483300
17.52850000
15.83783300
17.04675000
16.32241700
17.51279200
15.86208300
17.86041700
15.49737500
17.10120800
16.26341700
17.64379100
15.72500000
17.63833400
15.73908300
17.59970800
15.75700000
17.63004200
15.74679200
17.96112500
15.39741600
17.68212500
15.67862500
17.72141700
15.64720800
17.73370900
15.63529100
17.65720900
15.70733300
17.76333300
15.62462500
17.68004200
15.66537500
17.60733300
15.75708400
17.58016600
15.78758400
17.58266600
15.78800000
17.55933400
15.80245800
17.60129200
15.76458300
17.60370800
15.76570900
17.13300000
16.23295800
17.73345800
15.63345900
17.67008300
15.70104200
17.88908300
15.47404200
17.59166600
15.77558400
17.57625000
15.78983300
17.24262500
16.12783300
17.69050000
15.67016700
17.69175000
15.67500000
17.61937500
15.74820800
17.55366700
15.82287500
17.64295800
15.71670900
17.65129100
15.71391700
17.44891700
15.92091600
17.75454200
15.62016700
17.86783300
15.48795800
17.62662500
15.74550000
17.66320900
15.69587500
17.17333300
16.19504200
17.02404100
16.34266700
17.59620800
15.77566700
17.71750000
15.64541700
17.62975000
15.73512500
17.63262500
15.74287500
17.62375000
15.73062500
17.64483300
15.72183300
17.51162500
15.86416700
17.59404200
15.77229100
17.61279200
15.74700000
17.55433300
15.81512500
17.05279200
16.31141700
17.58304100
15.78320900
17.65404100
15.72200000
17.08870900
16.27079100
16.92929200
19.28529200
14.71045800
15.81725000
17.04566700
16.31379100
17.44345900
15.91837500
17.37550000
15.99500000
17.42495800
15.95170800
17.00062500
16.37154200
17.45554200
15.90600000
16.99145800
16.36612500
17.49658300
15.87508400
17.39483300
15.96600000
17.45820800
15.90787500
17.32012500
16.04187500
17.03120900
16.33945800
17.32637500
16.05383300
16.98537500
16.36483400
17.18695800
16.18841700
17.23487500
16.12304100
17.28100000
16.09191700
17.23512500
16.12595800
17.34958400
16.02008300
17.15116700
16.21225000
16.99579100
16.37954200
17.19795800
16.17637500
16.93000000
16.44708400
17.10162500
16.26591600
17.19304200
16.16920800
16.91025000
16.45591700
16.88945800
16.48620900
16.82191600
16.54170900
17.12579100
16.23916700
17.03112500
16.31270800
17.18950000
16.17545900
17.23141600
16.13370900
17.01783300
16.34883300
17.06137500
16.30558400
17.11425000
16.37754100
16.66737500
16.57858400
17.21595800
16.15795800
16.94175000
16.41537500
16.73629200
16.62716700
17.95466600
17.84512500
14.71062500
16.26429200
16.95433300
18.28787500
15.24691700
16.25554200
17.27520800
16.20354200
17.11091600
16.23850000
16.94795900
16.27533300
16.67900000
16.70866700
16.66333300
16.79129200
16.59050000
16.89366600
16.45754200
16.67683300
16.70079200
16.67483300
16.67820900
16.81037500
16.55725000
16.71495800
16.65275000
16.69150000
16.67191700
16.73029100
16.63575000
16.68804200
16.68041700
16.69712500
17.09491600
16.35291700
16.59591700
16.68204100
16.67850000
16.73070900
16.64104100
16.68262500
16.67925000
16.68483400
16.67879100
16.68008400
16.68991600
16.68679200
16.75179200
16.62608300
16.67275000
16.67500000
16.68550000
16.68429200
16.68370800
16.68625000
16.67795800
16.68145900
16.69512500
16.68925000
16.67125000
16.69179100
16.67500000
16.67608400
16.68620800
16.68412500
16.68395800
16.67775000
16.72558400
16.67645800
16.70662500
16.65970800
16.70133400
16.65412500
16.69045800
16.66491700
16.68020800
16.69179200
16.68341600
16.66975000
16.68775000
16.69095900
16.68041600
16.67366700
16.68687500
16.68670800
16.68154200
16.68758300
16.67362500
16.69354200
16.68212500
16.67429200
16.69020800
16.68537500
16.70687500
16.67041700
16.66995800
16.68070800
16.68687500
16.68266700
16.70858300
16.65279200
16.69383300
16.67350000
16.71770900
16.67887500
16.68979100
16.68695900
17.53062500
15.81691600
16.67637500
16.67241700
16.70891700
16.66137500
16.68250000
16.68404100
16.70120900
16.65583300
16.69362500
16.67562500
16.69704200
16.67604100
16.67887500
16.68183400
16.71137500
16.66095800
16.68245800
16.67445900
16.69058300
16.67833300
16.68683400
16.67679100
16.69258400
16.68770800
16.67791700
16.67629100
16.68916700
16.67670800
16.69020900
16.68891600
16.67645900
16.67941600
16.68445900
16.68091600
16.70333400
16.66387500
16.68758300
16.68191700
16.68537500
16.67633300
16.68870800
16.69887500
16.66787500
16.68045900
16.71933300
16.65370800
16.70966700
16.66591700
16.67654100
16.67650000
16.71179200
16.66087500
16.70408300
16.68712500
16.67000000
16.66312500
16.70675000
16.66266700
16.69612500
16.68533300
16.69812500
16.66729200
16.67366700
16.68783300
16.69970800
16.66325000
16.70316700
16.67666700
16.67225000
16.68079100
16.70112500
16.67183400
16.69954100
16.65862500
16.75920900
16.60658300
17.61512500
16.09033300
16.34512500
30.40541700
16.68229200
16.60570800
16.67783300
16.77504200
16.56058300
16.66245900
16.66595800
16.63595800
16.74941700
16.60095800
16.66104200
16.70095800
16.80450000
16.51712500
16.67629200
16.67929200
16.65895800
16.65791700
16.64654100
16.63491700
16.72258300
16.77745900
16.51441600
16.74245900
16.63145800
16.62162500
16.74145800
16.67341700
16.60970800
16.72391700
16.70895800
16.54287500
16.71045900
16.65929100
16.69350000
16.88812500
16.44616700
16.81400000
16.56637500
16.62266700
16.64300000
16.68850000
16.66054100
16.60112500
16.82545900
16.54945800
16.72312500
16.68029200
16.61108300
16.64591700
16.70287500
16.64804100
16.65654200
16.89466700
16.42483300
16.61737500
16.71050000
16.65333300
16.70983400
16.71658300
16.64041700
16.58608300
16.82729200
16.51962500
16.73087500
16.59637500
16.74516600
16.64012500
16.65208400
16.64187500
16.69004100
16.67783400
16.72758300
16.55604200
16.68962500
16.65620800
16.94675000
16.43233300
16.63345900
16.63920800
16.85379200
16.54545800
16.66408300
16.72500000
16.58791700
16.65150000
16.71454200
16.59095800
16.70291700
16.65516600
16.64400000
16.68829200
16.80770800
16.60804200
16.76804200
16.51737500
16.66291600
16.90808400
16.48491600
16.59912500
16.68120900
16.64887500
16.65045800
16.67116700
16.66408300
16.64408300
16.76241700
16.70204200
16.59045800
16.64679200
16.65791600
16.78495900
16.70320800
16.51995800
16.67095900
16.63133300
16.68979200
16.82608300
16.47116700
16.73529100
16.62320900
16.68254100
16.63920900
16.65895800
16.73583300
16.62970900
16.71716600
16.58533400
16.71612500
16.61408300
16.74941700
16.64191600
16.63425000
16.62741700
16.74812500
16.76958300
16.51875000
16.69545900
16.64833300
16.63225000
16.73100000
16.58491700
16.67045800
16.78283300
16.69566700
16.53408300
16.72287500
16.61579200
16.66962500
16.74133300
16.62850000
16.62025000
16.65275000
16.92095900
16.58358300
16.57850000
16.69187500
16.67675000
16.67312500
16.61758300
16.67470900
16.64779100
16.67620900
16.59004100
16.73237500
16.63062500
17.78987500
15.99716700
16.47595800
16.62729200
16.81145800
16.48045900
16.84625000
16.57204100
16.68570900
16.71279100
16.52975000
16.56837500
16.79887500
16.66275000
16.50116700
16.81129200
16.67170800
16.70308300
16.86837500
16.32929200
16.83479200
16.55004100
16.57170900
16.68600000
16.61512500
16.64616600
16.72287500
16.56687500
16.67858400
16.66750000
16.69479100
16.64891700
16.70062500
16.70191700
16.64683300
16.69550000
16.59995800
16.72975000
16.65033400
16.63545800
16.90179200
16.38487500
16.70179100
16.71229200
16.68266700
16.58058300
16.74733300
16.66825000
16.60362500
16.68891700
16.67204200
16.71954100
16.69479200
16.55358300
16.72295900
16.68737500
16.71150000
16.60416600
16.72420900
16.53045800
16.70004200
16.69875000
16.59075000
16.69900000
16.69650000
16.60158300
16.74491700
16.63337500
16.63895800
16.68495800
16.69829200
16.63154200
16.68345800
16.68741700
16.62025000
16.69341600
16.65079200
16.64416700
16.68495800
16.65254200
16.72075000
16.70562500
16.61837500
16.61887500
16.69725000
16.69837500
16.62629100
16.65433400
16.70145800
16.61000000
16.69854200
16.67875000
16.64191600
16.69304200
16.79016700
16.48091600
16.70816700
16.87029200
16.78045800
16.48341700
16.83770800
16.40187500
16.77350000
16.83795800
16.51691700
16.66770800
16.64991700
16.71733300
16.68000000
16.64970900
16.61100000
16.72458300
16.87370800
16.42316700
16.65595800
16.69191700
16.68412500
16.64562500
16.66362500
16.69070800
16.61775000
16.73250000
16.52320900
17.10979100
16.30912500
16.64075000
16.71979200
16.64516700
17.11062500
16.25295800
16.71225000
17.34666700
15.88320800
16.86900000
16.54091700
16.60191600
16.76754200
16.68862500
16.62258300
16.76470900
16.93704100
16.56600000
16.29220900
16.70741600
16.84829200
16.77779200
16.62166600
16.53779200
17.24416700
16.25704100
16.90825000
16.78541700
16.79666700
16.45216600
16.76275000
16.63512500
16.41975000
16.58316700
17.13250000
16.43700000
16.42154200
16.87620800
16.61225000
16.47020800
16.85679200
16.77754200
16.68345800
16.63716700
16.81879100
16.05991700
17.07408300
16.53429200
16.76800000
16.48237500
16.89308300
16.71370900
16.64829100
16.78866700
16.79329200
16.38504100
16.68754200
16.30645800
17.18904200
16.65833300
16.65954200
16.63695800
16.64316700
16.65754200
16.84362500
16.58329100
16.71866700
16.47845800
16.62379200
16.94170800
15.90025000
17.17637500
16.89958400
16.49458300
16.61075000
16.86325000
16.20950000
16.67837500
16.92079200
16.55829100
16.86858400
16.70650000
16.41533300
16.44062500
17.27758300
16.65241700
16.26804200
16.81062500
16.87650000
16.52233300
16.56404200
16.64737500
16.56254100
16.69075000
17.44458400
15.63800000
17.10550000
16.64525000
16.64695800
16.84800000
16.49416700
16.68420800
16.36370800
17.14220900
16.52216600
16.52962500
16.85170900
17.13962500
15.99495800
16.78225000
16.65450000
16.35608300
16.87441700
16.70966700
16.55083300
16.80004200
16.37591600
17.00795900
16.65612500
16.59075000
16.46995800
16.87862500
16.40075000
17.24466700
16.46483300
16.78791700
16.52225000
16.95033300
16.42570800
16.81625000
16.33516700
16.78245800
16.78487500
16.17675000
17.22904200
16.44875000
16.64583300
16.67445900
16.83791600
16.48279200
16.64900000
16.76087500
16.78550000
16.58379200
16.43629100
16.27358400
16.72958300
16.68679200
16.57429100
16.66262500
16.66225000
16.74925000
16.72670900
16.83112500
16.49345800
17.29508300
16.47150000
16.36466700
16.52820800
16.87566700
16.81033300
16.95845900
16.70670800
16.37829200
16.77787500
16.82304100
16.63870900
17.66329100
15.17658400
16.53900000
16.81641600
16.90245900
16.70187500
16.57404100
17.01462500
16.63775000
16.31062500
16.55070900
16.53329100
16.68545900
16.65841600
16.62495900
16.64666600
16.75629200
16.67275000
16.52129200
16.70187500
16.58287500
16.69954100
16.61154200
16.57129200
16.81479100
16.86812500
16.51645900
16.69608300
17.25037500
16.14179200
16.83129100
17.08054200
16.35679200
16.64387500
16.72100000
16.42229100
17.06870900
16.53900000
16.66629100
16.71720900
16.82595800
16.20858300
17.05479200
16.56016700
16.77295800
16.61666700
16.24504100
17.28583400
16.32429100
16.63716700
16.70154200
17.12733300
16.12487500
16.47579200
17.38741600
16.07166700
16.76462500
16.37816700
16.75904100
16.59183400
16.69620800
16.42354200
16.67741600
16.64312500
16.68970900
16.61770800
16.89991700
16.59083300
16.72291700
16.66233300
16.63845800
17.12650000
16.22750000
17.14087500
16.78900000
16.30583400
16.89570800
16.61637500
16.14508300
17.17445900
16.69887500
16.46787500
16.96600000
16.76237500
16.24941600
16.69591700
16.77333300
16.38933400
17.19670800
16.41883300
16.58516700
16.31666700
17.49650000
16.27545800
16.99916700
16.59670800
16.57754200
16.35250000
17.17762500
16.37054100
16.66795900
16.77154100
16.61829200
16.22641700
17.14050000
16.64387500
16.84841600
16.38745900
16.67379100
16.77454200
16.60883300
16.48950000
16.90395900
16.58816600
16.82037500
16.47425000
16.28608400
17.15195800
16.72445800
16.68658400
16.40029100
16.64137500
16.79320900
16.67041600
16.63487500
16.23137500
17.23537500
16.35862500
16.89841700
16.65420800
16.57462500
16.75041700
16.70066700
16.78837500
16.30408300
16.82487500
16.61275000
16.73350000
16.72320800
16.80454200
16.45666700
16.66725000
16.66104100
16.77420900
16.82083300
16.50675000
16.64012500
16.69650000
16.71491700
16.91858300
16.26791700
16.76533300
16.61104200
16.31337500
16.83341600
16.81091700
16.69991700
16.62033300
16.63837500
16.85175000
16.21475000
16.90450000
16.62400000
16.50929200
17.00637500
16.87729100
16.21912500
16.81200000
16.75175000
16.61433400
16.42150000
16.87633300
16.40891700
16.94037500
16.85866600
16.59954200
16.49487500
16.36295800
16.82850000
16.90979200
17.26387500
15.88966700
16.54150000
16.81458300
16.49362500
17.02137500
16.27708300
16.49591700
16.69562500
16.75820800
16.76100000
16.53845900
16.81650000
16.70004100
16.67379200
16.49241700
16.85504100
16.88170900
16.64570800
16.76325000
16.80679200
16.47991600
16.38716700
16.88170800
16.37966700
16.99100000
16.63258300
16.66591700
16.68483300
16.72166700
16.75816700
16.61762500
16.58087500
16.34600000
16.83483300
16.44241700
16.95416600
17.61779200
15.56433300
16.85162500
16.68670900
16.63670800
16.50016700
16.88025000
16.77495800
16.53395800
16.34983400
16.70995800
17.06037500
16.58370800
16.52666700
16.86433300
16.40637500
16.74341700
16.85058300
16.72529200
16.36995800
16.83829200
16.27562500
16.93550000
16.51345800
16.86425000
16.82687500
16.66054200
16.34620800
16.72304200
16.73645800
16.95350000
16.41133400
16.77308300
16.46637500
16.63129200
16.85195800
16.29604200
17.03654100
16.67325000
16.69462500
16.57900000
16.86287500
16.47725000
16.68420900
16.53333300
16.99279200
16.39237500
16.78712500
16.44520800
16.90525000
16.88275000
16.20583300
16.96154200
19.75741700
3547.58795800
10.70287500
37.73620800
16.91045900
16.85416600
33.19820900
16.66187500
16.69850000
16.68220800
16.65533300
16.64262500
16.73887500
16.62337500
16.63654200
16.73637500
16.70525000
16.82925000
16.46441700
16.63804100
16.61154200
16.75558300
16.62191700
16.63675000
16.70366700
16.69016600
16.63004200
16.68429200
16.63508300
16.63854200
16.71462500
16.60233300
16.73570800
16.66541700
16.65216700
16.78466600
16.55237500
16.64970900
16.69191600
16.89445900
16.52491600
16.56512500
16.72295900
16.60970800
16.64450000
16.67704200
16.65300000
16.71787500
16.95250000
16.33295800
16.68462500
16.67262500
16.70204200
16.66129100
16.64637500
16.68762500
16.71050000
16.64300000
16.67470900
16.60825000
16.70170800
16.64666700
16.62925000
16.69787500
16.64133300
16.66441700
16.68645800
16.67945800
16.64012500
16.75262500
16.60250000
16.64058400
16.70029100
16.68870900
16.62483300
16.71754200
16.64045800
16.68829200
16.55825000
16.79145800
16.59083300
16.71045900
16.61075000
16.67325000
16.68629100
16.68729200
16.72766700
16.59262500
16.64783300
16.64033300
16.67495900
16.70520800
16.63466700
16.69704100
16.66729200
16.65079200
16.70658300
16.61900000
16.70408300
16.67025000
16.64379200
16.68766700
16.68645800
16.62704200
16.65104100
16.72212500
16.62445900
16.65141600
16.68854200
16.63345800
16.88900000
16.44670900
16.74670800
16.62412500
16.79150000
16.55283300
16.65908400
16.67483300
16.68670800
16.60504200
16.65012500
16.69479200
16.72354100
16.65775000
16.62833400
16.69170800
16.66662500
16.62687500
16.70050000
16.67587500
16.66116700
16.62454100
16.96454200
16.37641700
16.64420800
16.67166700
16.66704100
16.69904200
16.71754200
16.58712500
16.56158300
17.07479200
16.36129100
16.71354200
16.64183300
16.75595900
16.57141600
16.69900000
16.60562500
16.69775000
16.79166700
16.52179200
16.70883300
16.64437500
16.69016700
16.62325000
16.71916600
16.62079200
16.66858300
16.79729200
16.56754200
16.63683300
16.75954200
16.60145800
16.60950000
16.69925000
16.67066700
16.62816600
16.87387500
16.50687500
16.56416700
16.77983300
16.73600000
16.56533400
16.70212500
16.70654100
16.71441700
16.61458300
16.60937500
16.73295900
16.62308300
16.66070800
16.84066700
16.48033300
16.62558400
16.74029100
16.62675000
16.68770900
16.62804100
16.71741700
16.64466700
16.79354100
16.61016700
16.58854200
16.64700000
16.69600000
16.66270800
16.72062500
16.65175000
16.61058300
16.64875000
16.67491700
16.66150000
16.80208300
16.71450000
16.52425000
16.65358400
16.68279100
16.65225000
16.66816700
16.71320800
16.60104200
16.65091700
16.89983300
16.44300000
16.72166700
16.62725000
16.64708300
16.72804200
16.69150000
16.61395800
16.62912500
16.70429200
16.64908300
16.70933300
16.63416700
16.65116700
16.69570800
16.67108300
16.66483400
16.63016600
16.72445900
16.62766600
16.69366700
16.71400000
16.84195800
16.45104200
16.64291700
16.66808300
16.67779200
16.72716600
16.67558400
16.65029100
16.64533400
16.81704100
16.44083400
16.71608300
16.61150000
16.71225000
16.66375000
16.65712500
16.66537500
16.70020800
16.76550000
16.54100000
16.66850000
16.67137500
16.66454200
16.71275000
16.61958300
16.62995900
16.71216600
16.66758400
16.61329100
16.67066700
16.70008300
16.82175000
16.50225000
16.70091700
16.66491700
16.74687500
16.53566600
16.69216700
16.69641700
16.61379100
16.68929200
16.66954200
16.66804100
16.64158400
16.89775000
16.43208300
16.66950000
16.74041700
16.58954100
16.69425000
16.66250000
16.64129200
16.69495800
16.90391700
16.39816700
16.66379100
16.65866700
16.66875000
16.67145800
16.70912500
16.67091700
16.76529200
16.63362500
16.60175000
16.66516600
16.63504200
16.67012500
16.68079200
16.66387500
16.74633300
16.59754200
16.69866600
16.64216700
16.68754200
16.73241600
16.51833400
16.70183300
16.69750000
16.66033300
16.63820900
16.83491600
16.53533400
16.62300000
16.73579100
16.60175000
16.69416700
16.65970800
16.66320900
16.63087500
16.88766600
16.52408400
16.63987500
16.63345800
16.68445800
16.68987500
16.67108400
16.61154100
16.74633400
16.66958300
16.61158300
16.71933400
16.64308300
16.67995800
16.76937500
16.49983400
16.72287500
16.62287500
16.68904100
16.63633400
16.68479100
16.65954200
16.63270800
16.83995900
16.59929100
16.57087500
16.67845900
16.66716600
16.67995900
16.61195800
16.73483300
16.72229200
16.73745800
16.60741700
16.58012500
16.70316700
16.67104100
16.79162500
16.49150000
16.66637500
16.66408400
16.68895800
16.64554200
16.64766600
16.75850000
16.63825000
16.87587500
16.45133400
16.69837500
16.61758300
16.66870800
16.67304200
16.64537500
16.70966700
16.71662500
16.60633300
16.69941700
16.62120800
16.64970800
16.69875000
16.68595900
16.65200000
16.66575000
16.63108300
16.69208300
16.59616700
16.71070800
16.65541700
16.64841700
16.74766600
16.61537500
16.69670900
16.69820800
16.58554200
16.63058300
16.74062500
16.73512500
16.62433300
16.65216700
16.65058300
16.72591700
16.69483300
16.60408400
16.61275000
16.66783300
16.68558300
16.82087500
16.50891700
16.74916700
16.68025000
16.55245800
16.71320800
16.70112500
16.66579200
16.61345800
16.81962500
16.55350000
16.66741700
16.57745800
16.69329200
16.77483300
16.58616700
16.70925000
16.58370800
16.90270900
16.49687500
16.61016600
16.63087500
16.80850000
16.67791700
16.59191700
16.56500000
16.81245800
16.86179200
16.45520800
16.60995800
16.65558400
16.71162500
16.64975000
16.67220800
16.62991700
16.73770800
16.62116700
16.67987500
16.72966600
16.62625000
16.74975000
16.68395900
16.50004100
16.69979200
16.61879200
16.67237500
16.72537500
16.61954100
16.70283400
16.66841600
16.62954200
16.70125000
16.66762500
16.64800000
16.67662500
16.72504200
16.55062500
16.70337500
16.65570800
16.74216700
16.61766600
16.70641700
16.64870800
16.62633400
16.69191600
16.70133400
16.69850000
16.61620800
16.61654200
16.70145800
16.68537500
16.61087500
16.91625000
16.53279200
16.53041600
16.71479200
16.69370800
16.57979200
16.64479200
16.78916600
16.64600000
16.76320900
16.54458300
16.62662500
16.73087500
16.64241700
16.78554100
16.46687500
16.75033400
16.74558300
16.64254200
16.49745800
16.87812500
16.66925000
16.84991700
16.39491600
16.73716700
16.68583300
16.64475000
16.58683400
16.62983300
16.79279200
16.55800000
16.67950000
16.69733300
16.65125000
16.66395800
16.70762500
16.68912500
16.61841700
16.60737500
16.67041700
16.70600000
16.66162500
16.69108300
16.69675000
16.83654200
16.38095800
16.92562500
16.58058300
16.62337500
16.60370900
16.68362500
16.74754100
16.61666700
16.85020800
16.55525000
16.59341700
16.62091700
16.61108300
16.71491700
16.61887500
16.72666600
16.61945900
16.71062500
16.63212500
16.70091600
16.63337500
16.70154200
16.77216700
16.52083300
16.65354200
16.69812500
16.67050000
16.68712500
16.70066600
16.62620900
16.67537500
16.69454100
16.64895900
16.69820800
16.66795800
16.64854200
16.70050000
16.59154200
16.75512500
16.62816600
16.75541700
16.48879200
16.73008300
16.66325000
16.61108300
16.69704200
16.68358300
16.64658400
16.69641600
16.91370900
16.37400000
16.68204100
16.69325000
16.71233400
16.60016600
16.68075000
16.62366700
16.72508300
16.65912500
16.69841700
16.60204200
16.68441600
16.72550000
16.58562500
16.74762500
16.61945900
16.63500000
16.78179100
16.59833400
16.72287500
16.62375000
16.65995800
16.61495800
16.73966700
16.62741700
16.66150000
16.68158300
16.60154200
16.72900000
16.61895800
16.66904200
16.67695800
16.68320800
16.64450000
16.81345900
16.48220800
16.71145800
16.65604200
16.69650000
16.76225000
16.61275000
16.66370800
16.59408400
16.67150000
16.70637500
16.63066600
16.64604200
16.76116700
16.60695800
16.57025000
16.75195800
16.66429200
16.66837500
16.68870800
16.62987500
16.67700000
16.71333400
16.66254100
16.63104200
16.68658300
16.65554200
16.66770800
16.79658400
16.62570800
16.57404200
16.67220800
16.64737500
16.67704200
16.72600000
16.60533300
16.77820800
16.50845900
16.70395800
16.71537500
16.60725000
16.67079200
16.67858300
16.65125000
16.74458300
16.77200000
16.52270900
16.71620800
16.60437500
16.83529200
16.49616600
16.63154200
16.67095800
16.63750000
16.72350000
16.68170900
16.64333300
16.66958300
16.89625000
16.41545900
16.66933300
16.73208300
16.64379200
16.61570800
16.68079200
16.71208300
16.63320900
16.78379100
16.52450000
16.70329200
16.68379200
16.68250000
16.62895800
16.70041700
16.64979100
16.66587500
16.74154200
16.62087500
16.64779200
16.69120800
16.57733300
16.67466700
16.77291700
16.65675000
16.57662500
16.77137500
16.55566600
16.68991700
16.68479200
16.64270800
16.68187500
16.66212500
16.66187500
16.66841700
16.80737500
16.53045800
16.70641700
16.65654100
16.64712500
16.81987500
16.48879200
16.65050000
16.69029200
16.67641600
16.68758400
16.69433300
16.64745800
16.64595900
16.87233300
16.50191700
16.55470800
16.72433300
16.68225000
16.62370900
16.69358300
16.62004200
16.72558300
16.83754200
16.47479100
16.66241700
16.65679200
16.67841600
16.66745900
16.64341600
16.69029200
16.68508300
16.73137500
16.65429200
16.69041700
16.48270800
16.77695800
16.63529200
16.67329200
16.68891600
16.71741700
16.67904200
16.58754100
16.68350000
16.71187500
16.60029200
16.63808300
16.78245900
16.62283300
16.67216700
16.69358300
16.58158300
16.69929200
16.64104200
16.68100000
16.83379100
16.48600000
16.66520900
16.67179100
16.70170900
16.61420800
16.65387500
16.68975000
16.69775000
16.70466700
16.57591600
16.73820900
16.68037500
16.64529100
16.65083400
16.68045800
16.70975000
16.61487500
16.67791700
16.63116600
16.66116700
16.66587500
16.65187500
16.71208300
16.68633400
16.61220800
16.69291700
16.65270800
16.68795800
16.69454200
16.60670800
16.65016700
16.73625000
16.65445800
16.63183400
16.67745800
16.68791700
16.63145800
16.72495800
16.67054200
16.64195800
16.63779200
16.69262500
16.64195800
16.67933400
16.67125000
16.69841600
16.59333400
16.67133300
16.82362500
16.48775000
16.69616700
16.71529100
16.62966700
16.65041700
16.68429100
16.72987500
16.59625000
16.78891700
16.53216700
16.73558300
16.65704200
16.73354100
16.55625000
16.66779200
16.69479200
16.60983300
16.84500000
16.51820800
16.65295900
16.67954100
16.63491700
16.73270800
16.71154200
16.60600000
16.69487500
16.68079200
16.63941600
16.65191700
16.66100000
16.64179200
16.69595800
16.65591700
16.68316600
16.61983400
16.70316600
16.65366700
16.65012500
16.67554200
16.71116600
16.60654200
16.71229200
16.69695800
16.64762500
16.64887500
16.59437500
16.71537500
16.67612500
16.72654200
16.58758300
16.64100000
16.70608300
16.64604200
16.78058300
16.58491700
16.61716700
16.66208300
16.74845800
16.61179200
16.66200000
16.68129200
16.68712500
16.63116600
16.72029200
16.61058300
16.71575000
16.62091700
16.89737500
16.42700000
16.79500000
16.54762500
16.85512500
16.58604200
16.62895800
16.55062500
16.70675000
16.70445800
16.63466700
16.73870800
16.61900000
16.62504200
16.69179200
16.68475000
16.67395800
16.66670800
16.67929200
16.70762500
16.63562500
16.62279200
16.90270800
16.45854200
16.69825000
16.58187500
16.72745800
16.62975000
16.64304200
16.70233300
16.70545800
16.86358400
16.43733300
16.60812500
16.70891700
16.65891600
16.67466700
16.66504200
16.70112500
16.65304100
16.70383400
16.66495800
16.61750000
16.68337500
16.67237500
16.62950000
16.69395800
16.66625000
16.66700000
16.86020900
16.40470800
16.72400000
16.66762500
16.67545800
16.70854200
16.65495800
16.75041700
16.50470800
16.67600000
16.69854200
16.69800000
16.64158300
16.66541700
16.73158300
16.58679200
16.72254200
16.60387500
16.76145800
16.57408300
16.68312500
16.65912500
16.67966700
16.65116700
16.63408300
16.69620800
16.65166700
16.68941700
16.65266600
16.70387500
16.67708400
16.72041600
16.57450000
16.68762500
16.72937500
16.60329200
16.61808300
16.59050000
16.80162500
16.71725000
16.60866700
16.65912500
16.64825000
16.74637500
16.56379200
16.73870800
16.64129200
16.63654100
16.66812500
16.66779200
16.70312500
16.64604200
16.71191600
16.59366700
16.80862500
16.61466700
16.61295800
16.64745800
16.66591700
16.72341700
16.67887500
16.60745800
16.62816700
16.96362500
16.37658300
16.71166700
16.62033300
16.73041700
16.62595800
16.71754200
16.62779100
16.70329200
16.79883300
16.49637500
16.64800000
16.69345900
16.53295800
16.77579200
16.68679100
16.71279200
16.61854200
16.71650000
16.72033300
16.54945800
16.70404200
16.62987500
16.68450000
16.64937500
16.68158300
16.71600000
16.90516700
16.40095800
16.65483400
16.67629100
16.68450000
16.63245900
16.64037500
16.66029100
16.66908400
16.70891600
16.68858400
16.62733300
16.66525000
17.04529200
16.25208300
16.66145800
16.75904200
16.59825000
16.66712500
16.63879200
16.68175000
16.64687500
16.97870800
16.37716700
16.70779100
16.62612500
16.70100000
16.63612500
16.73641700
16.65175000
16.61216700
16.85966600
16.45066700
16.75054200
16.60812500
16.68941600
16.69954200
16.67100000
16.74279200
16.57220800
16.64408300
16.65191700
16.66700000
16.69933300
16.64058400
16.62937500
16.73587500
16.66325000
16.63191600
16.68583400
16.66075000
16.71337500
16.62925000
16.73225000
16.59287500
16.71650000
16.68716600
16.63641700
16.63300000
16.66920800
16.67470900
16.71658300
16.64958300
16.64583400
16.61358300
16.68204200
16.66870800
16.65787500
16.69404200
16.64341600
16.65675000
16.75037500
16.56958400
16.70529100
16.63962500
16.65812500
16.68058400
16.71287500
16.63070800
16.61629200
16.69529100
16.65333400
16.76258300
16.61745800
16.68000000
16.60900000
16.70137500
16.68704200
16.65062500
17.00741700
16.31820800
16.71266700
16.63695800
16.67570800
16.69262500
16.58300000
16.71683400
16.71700000
16.59633300
16.66441700
16.76870800
16.52975000
16.78037500
16.54262500
16.70287500
16.71270800
16.70354200
16.55800000
16.69400000
16.73675000
16.61700000
16.62208300
16.71154200
16.61700000
16.73841700
16.63033300
16.92654200
16.46283300
16.65133300
16.67450000
16.74470900
16.61379100
16.62795900
16.69312500
16.67833300
16.73120800
16.49912500
16.66900000
16.69633400
16.83858300
16.46608300
16.67400000
16.66762500
16.67475000
16.66300000
16.64816700
16.68775000
16.66354200
16.67995800
16.63258300
16.80016700
16.57491700
16.72950000
16.57695800
16.65991700
16.72650000
16.56937500
16.82420800
16.58983300
16.69862500
16.63729200
16.68041700
16.66625000
16.64066600
16.80650000
16.51712500
16.78708400
16.59050000
16.59783300
16.70058300
16.64908400
16.73650000
16.67262500
16.67320800
16.62766700
16.75320800
16.63254200
16.63525000
16.67133300
16.68770800
16.72091700
16.59554200
16.58750000
16.74450000
16.62645800
16.63033300
16.63675000
16.68433400
16.70791600
16.71183400
16.66237500
16.62025000
16.66258300
16.59491700
16.84050000
255.49162500
16.65312500
44.41358300
16.67766700
16.69412500
16.55875000
16.71558300
16.75587500
16.57762500
16.63987500
16.68379200
16.64491600
16.62312500
16.71850000
16.76975000
16.62183400
16.63966600
16.59304200
16.94133300
16.38562500
16.73641700
2875.53600000
16.63683300
74.65900000
49.76475000
33.31729200
50.10212500
16.75483300
16.48012500
16.69800000
16.65833400
16.67500000
16.61358300
16.70479200
16.65133300
16.61866700
16.75791600
16.66112500
16.63904200
16.74162500
16.73312500
16.55541700
16.64316600
16.68670900
16.59808300
16.77450000
16.62841700
16.76762500
16.52304100
16.71591700
16.67850000
16.66987500
16.61666700
16.67933300
16.67904200
16.67412500
16.60620800
16.70987500
16.69929200
16.70558300
16.64891700
16.67300000
16.56283300
16.71937500
16.63704200
16.62362500
16.70437500
16.86908300
16.47966700
16.68754100
16.64270900
16.66954100
16.62895900
16.68129100
16.66675000
16.67533400
16.71125000
16.64175000
16.70187500
16.63608300
16.65704200
16.63391600
16.66183400
16.68895800
16.69454200
16.81287500
16.47012500
16.72920800
16.62241700
16.66000000
16.67437500
16.69983300
16.59829200
16.70004100
16.71208400
16.60612500
16.67287500
16.73550000
16.63120800
16.68675000
16.75891700
16.59566600
16.61679200
16.68387500
16.66820800
16.64020900
16.69662500
16.59100000
16.71200000
16.82125000
16.54462500
16.61579100
16.79016700
16.53820800
16.66966700
16.68250000
16.66645800
16.64725000
16.64962500
16.68191700
16.69125000
16.80529200
16.50266600
16.78400000
16.65291700
16.64291700
16.65387500
16.65491600
16.68937500
16.62558400
16.63312500
16.90029100
16.50900000
16.64462500
16.59787500
16.74266700
16.62520800
16.66504200
16.69770800
16.69887500
16.61925000
16.64454200
16.73187500
16.60575000
16.71300000
16.70912500
16.57145800
16.79870900
16.65229100
16.63895900
16.57279100
16.82133400
16.56595800
16.63587500
16.74966700
16.61175000
16.64220800
16.76050000
16.61208300
16.66912500
16.72375000
16.56766700
16.74250000
16.60520800
16.66266700
16.74229200
16.63041600
16.58162500
16.66629200
16.70037500
16.69754200
16.77529100
16.58241700
16.58825000
16.78558300
16.57979200
16.68800000
16.61662500
16.67766700
16.88745800
16.40466700
16.75787500
16.62433300
16.70666700
16.62712500
16.62745800
16.70745800
16.69333400
16.85316600
16.43962500
16.68629200
16.68079200
16.62620800
16.65583300
16.69008400
16.68900000
16.71329100
16.60470900
16.80158300
16.59195800
16.60229200
16.75304200
16.69166600
16.56837500
16.59845900
16.83491600
16.66875000
16.59308400
16.77262500
16.61770800
16.58512500
16.90870800
16.37887500
16.71004200
16.64412500
16.66337500
16.63704200
16.69133300
16.75962500
16.61945800
17.05454200
16.26804200
16.65787500
16.65779100
16.63833400
16.67666600
16.68616700
16.61208300
16.67741700
16.73400000
16.71341700
16.61066600
16.69745900
16.64791600
16.65891700
16.69279200
16.69329100
16.65075000
16.82779200
16.49525000
16.67370800
16.64716700
16.67829200
16.67845800
16.67025000
16.68683300
16.67954200
16.67879200
16.63108300
16.70216700
16.63512500
16.68908300
16.66316700
16.75866600
16.55866700
16.55833300
16.76500000
16.72891700
16.60258300
16.58608400
16.66795800
17.59945800
15.99958400
16.58508300
16.78000000
16.82612500
16.46945800
16.65866700
16.62375000
16.62204200
16.84400000
16.53879100
16.57316700
16.52733300
16.73650000
16.69316700
16.63983300
16.66450000
16.67700000
16.80358400
16.67741600
16.51362500
16.62233400
16.70754100
16.61670900
16.67337500
16.80166600
16.47583400
16.70450000
16.79337500
16.60441600
16.62762500
16.69483400
16.96466600
16.40320900
16.63983300
16.61787500
16.70045800
16.82045900
16.47954100
16.66287500
16.73345900
16.57858300
16.67262500
16.69791700
16.65075000
16.69625000
16.73300000
16.60966600
16.66391700
16.65066700
16.70033300
16.62920800
16.65475000
16.63008400
17.03587500
16.43300000
16.52445800
16.68250000
16.74291700
16.61587500
16.72433300
17.01587500
16.49570800
16.96191700
16.43387500
16.70812500
16.38687500
16.74662500
16.65712500
16.63241700
16.62591600
16.57895900
16.72604100
16.62141700
16.71362500
16.64525000
16.67091700
16.89120800
16.55120800
16.64183400
16.64391600
16.57837500
16.70679200
16.63208300
16.66154200
16.75737500
16.62095800
16.60041700
16.77745800
16.66608400
16.56795800
16.72100000
16.59325000
16.70441700
16.64862500
17.00895800
16.40183300
16.65933400
16.64533300
16.60416700
16.76566600
16.58783400
16.67233300
16.64450000
16.81966700
16.52150000
16.66495800
16.69995800
16.67579200
16.71491700
16.60775000
16.66212500
16.71525000
16.64487500
16.63862500
16.70662500
16.60662500
16.65595800
16.75616700
16.55070800
16.72408300
16.65700000
16.79770900
16.49020800
16.70904200
16.65479100
16.79695900
16.46087500
16.73583300
16.67366700
16.68012500
16.69187500
16.62120800
16.69875000
16.67287500
16.65712500
16.66870800
16.71766700
16.64550000
16.69766700
16.63295800
16.65262500
16.66487500
16.63487500
16.70300000
16.66004200
16.65708300
16.69750000
16.66308300
16.66233400
16.63425000
16.68725000
16.63708300
16.69162500
16.62345800
16.68337500
16.66870900
16.67233300
16.66250000
16.67608300
16.69841700
16.61091700
16.72283300
16.84041700
16.43387500
16.67345800
16.67875000
16.64466700
16.73691600
16.63441700
16.68062500
16.64441700
16.78733300
16.52262500
16.64791700
16.71200000
16.63587500
16.66833300
16.65800000
16.67041700
16.67533300
16.87300000
16.54816700
16.65366600
16.76891700
16.55750000
16.60166700
16.71795800
16.63620800
16.71870900
17.02066600
16.34895900
16.63637500
16.65191600
16.67954200
16.55379200
16.85316600
16.62079200
16.64037500
16.82258300
16.54179200
16.57691700
16.62033300
16.74125000
16.65087500
16.66879200
16.68454100
16.68654200
16.67979200
16.60441600
16.65954200
16.65754200
16.65429100
16.90745900
16.47054100
16.60920900
16.68545800
16.62854200
16.77779100
16.60408400
16.73887500
16.59833300
16.74704200
16.63525000
16.57579100
16.65483400
16.74391600
16.69708400
16.64216600
16.77966700
16.61129200
16.72850000
16.61937500
16.61812500
16.68291600
16.68570900
16.64991600
16.65804200
16.64512500
16.71179200
16.71987500
16.59329100
16.64395900
16.65837500
16.85570800
16.54087500
16.67950000
16.66616700
16.63695800
16.87825000
16.45045800
16.62366700
16.72425000
16.69812500
16.59991700
16.64229100
16.75379200
16.64720800
16.63570900
16.77358300
16.59787500
16.68433300
16.74316700
16.57891700
16.63912500
16.64175000
16.66262500
16.64937500
16.71083300
16.67150000
16.65308300
16.71266700
16.59133300
16.72529200
16.63991700
16.62100000
16.72045800
16.67925000
16.64795800
16.65095900
16.83754100
16.51733400
16.63170800
16.67441700
16.65604100
16.68975000
16.65833400
16.68708300
16.64841700
16.75008300
16.54883300
16.71104200
16.78350000
16.59812500
16.59283300
16.66995900
3020.38954100
16.68112500
16.66637500
16.69766700
16.68458300
16.67908400
16.68991600
16.68079200
16.66979200
16.67725000
16.68104100
16.68262500
16.68629200
16.69816700
16.66858300
16.68245800
16.68050000
16.68291700
16.70766700
16.68166600
16.68070900
16.68216600
16.69500000
16.65758400
16.70962500
16.65612500
16.68783300
16.67908300
16.68133400
16.70037500
16.66783300
16.68595800
16.67787500
16.70441700
16.68233300
16.66666700
16.69775000
16.68345800
16.66791700
16.68100000
16.68216700
16.68637500
16.70066600
16.66620900
16.68633300
16.68045800
16.69979200
16.66408300
16.68387500
16.68341700
16.68458300
16.68354200
16.68241700
16.70233300
16.68650000
16.68508300
16.67775000
16.68150000
16.67050000
16.70054200
16.66541700
16.68375000
16.68133300
16.68066700
16.68366600
16.68450000
16.68462500
16.70408400
16.66829100
16.67937500
16.68154200
16.68233300
16.68408400
16.68562500
16.69775000
16.66654100
16.68362500
16.68195900
16.70125000
16.66825000
16.68091600
16.70137500
16.68979200
16.67900000
16.67133300
16.69637500
16.68137500
16.68141700
16.67491700
16.67550000
16.70333300
16.66787500
16.70416700
16.65791600
16.68187500
16.69916700
16.67129200
16.68087500
16.69941600
16.66720900
16.68083300
16.68229200
16.68500000
16.68262500
16.68783300
16.69729200
16.68395800
16.66400000
16.68504200
16.68191600
16.68408400
16.69804100
16.73883400
16.62800000
16.66945800
16.70270800
16.66995900
16.70004100
16.66279200
16.68087500
16.68766700
16.69504100
16.67320900
16.68204100
16.67970900
16.69720800
16.68454200
16.66695800
16.71062500
16.65725000
16.68304200
16.68266600
16.68441700
16.68333300
16.68325000
16.69604200
16.67795800
16.67375000
16.70308400
16.67233300
16.67950000
16.69950000
16.67437500
16.69479200
16.67533300
16.66966700
16.68512500
16.68491600
16.68037500
16.68208400
16.69254100
16.69408400
16.67008300
16.68866700
16.67300000
16.69087500
16.68645800
16.67883300
16.68204200
16.68920800
16.67095900
16.68412500
16.68070800
16.70187500
16.66912500
16.67987500
16.69020800
16.67791700
16.69216700
16.67175000
16.68658300
16.69229200
16.67420800
16.68066700
16.69612500
16.68562500
16.67295800
16.69866700
16.68400000
16.66708300
16.68112500
16.68429200
16.70158300
16.67929200
16.66804100
16.69541700
16.68104200
16.69420800
16.67870800
16.67008400
16.67779100
16.68620900
16.69270800
16.68158300
16.67633400
16.69445800
16.67200000
16.69195800
16.68625000
16.67316700
16.68170800
16.70120900
16.68475000
16.66666600
16.70075000
16.67433400
16.67708300
16.68208300
16.68008400
16.70783300
16.65675000
16.69045800
16.69058400
16.67533300
16.68700000
16.67475000
16.68395800
16.68004200
16.68454200
16.68625000
16.68983300
16.68570800
16.67325000
16.69345900
16.67270800
16.69154200
16.67733300
16.68100000
16.69370800
16.67091700
16.68500000
16.68400000
16.68408300
16.69370900
16.68158300
16.67362500
16.68687500
16.68100000
16.69150000
16.67516700
16.69300000
16.67450000
16.68229100
16.69220900
16.67487500
16.68395800
16.68350000
16.68245800
16.68791700
16.69470800
16.66591700
16.69566700
16.67808300
16.67466700
16.70300000
16.69854100
16.66466700
16.66858300
16.68483400
16.69008300
16.67691700
16.70062500
16.67620800
16.67970800
16.73991700
16.62125000
16.69254200
16.70504100
16.65095900
16.69225000
16.72170800
16.63650000
16.69762500
16.67754200
16.71583300
16.66654200
16.67058300
16.68154200
16.70166600
16.69745900
16.69637500
16.63904100
16.71308400
16.67154100
16.73045900
16.68812500
16.66679100
16.74066700
16.61004200
16.72445800
16.77141700
16.60062500
16.69925000
16.77375000
16.54775000
16.73650000
16.74770800
16.66187500
16.57000000
16.84391700
16.58304100
16.71770900
16.77183300
16.57933300
16.70062500
16.73508400
16.64283300
16.78858300
16.43425000
16.87237500
16.68729200
16.75733300
16.63041700
16.66425000
16.73504200
16.66358300
16.44495800
16.96158400
16.60183300
16.67858300
17.00404200
16.51058300
18.18995900
14.87575000
16.70216600
16.68737500
16.64320900
16.74995800
16.87229200
16.43012500
16.90541600
16.91937500
16.43754200
16.76762500
16.53258300
16.55412500
16.69662500
17.05050000
33.27362500
11.88645900
8.68412500
12.50975000
16.69250000
17.04050000
16.29129100
16.92370900
16.71100000
16.42137500
16.91870800
16.44175000
16.96625000
16.40808300
16.67725000
19.67937500
13.69950000
17.03708400
16.62662500
16.80216600
16.65991700
16.60795800
16.69879200
16.68500000
16.71262500
16.75250000
16.24141700
16.68133300
16.68550000
16.76220800
16.60720900
16.67129100
16.67458400
17.00600000
16.74058300
16.74304200
16.60650000
16.71887500
16.63420800
16.66504200
16.72320800
16.31058300
16.69645900
17.06758300
16.72608300
16.60395900
16.32595800
16.68645800
16.68658400
16.68354100
16.67858400
17.03775000
16.32475000
16.69291600
17.05300000
16.32395900
16.66779100
16.78700000
16.59437500
16.86029200
16.56483300
17.13758400
16.19791600
16.67950000
17.22241700
17.07850000
15.78675000
16.66891700
17.03258300
16.29245800
16.67004200
16.68150000
16.68608300
16.67050000
16.69045900
16.68045800
17.11037500
16.57470800
16.36204200
16.68091700
17.01800000
16.35762500
16.91966600
16.76770900
16.71787500
16.73900000
16.27495800
17.07008300
16.77341700
16.68216700
16.63295800
16.57745800
16.74712500
16.65883400
16.66008300
16.34175000
17.11212500
16.56862500
16.37225000
17.03025000
16.34150000
16.68887500
17.34412500
16.49262500
16.63825000
16.71425000
16.51512500
16.38204200
17.09983300
16.61058300
16.69454200
16.73012500
16.61258300
16.35537500
16.68250000
17.02570900
16.72887500
16.78191600
16.49850000
16.76629200
16.68154200
16.29450000
16.69112500
16.67608300
17.05125000
16.31770800
16.67825000
17.00541700
16.73487500
16.70350000
16.71750000
16.67904200
16.67929100
16.61470900
16.76641600
16.70508400
16.68650000
16.71208300
16.53466700
16.34425000
16.68587500
17.07516600
16.29341700
17.08095800
16.70262500
16.26083400
17.05741600
16.67529200
16.74158300
16.48533400
16.85887500
16.64625000
16.34462500
17.10983300
16.67095800
16.25208400
17.05604100
16.72245900
16.78041600
16.61333400
16.65604100
16.76516700
16.61625000
16.68041700
16.67133300
16.62829200
16.77158300
16.73537500
16.19170800
17.21983400
16.27191600
16.59266700
17.06237500
16.88066700
16.70408300
16.44329200
16.93966600
16.05154200
17.07404200
16.67375000
16.53425000
16.43750000
16.68366600
16.99379200
16.37737500
17.05750000
16.64720800
16.79091700
16.68895800
16.63050000
16.70087500
16.67645900
16.66716600
16.74666700
16.73562500
16.54791700
16.35070800
17.08866700
16.68008300
16.65283300
16.70254200
16.69029200
16.27520800
17.04687500
16.70895800
16.76487500
16.62808400
16.22883300
17.16908300
16.60158400
16.71287500
16.75845800
16.65112500
16.64841700
16.72920800
16.20320800
17.12837500
16.72820900
16.62829100
16.62954200
16.79225000
16.63237500
16.66591700
16.72579100
16.72379200
16.17833300
16.69725000
17.09908400
16.24575000
17.26925000
16.56904100
16.66666700
16.75020800
16.64895900
16.63495800
16.74666700
16.59112500
16.27254100
17.19354200
16.17395800
17.14375000
16.74770900
16.54395800
16.76679200
16.69770800
16.63833300
16.67050000
16.73458400
16.63416600
16.72408400
16.63133300
16.25616700
17.14487500
16.65541600
16.26170900
16.68829100
16.71175000
17.08416700
16.71654200
16.69012500
16.58462500
16.80366600
16.78883400
16.58587500
16.74270800
16.46529200
16.72541600
16.76895900
16.65937500
16.24616600
17.20050000
16.58029200
16.65370800
16.91962500
16.57375000
16.68966700
16.78045800
16.58729200
16.68662500
16.75825000
16.60437500
16.63412500
16.78370800
16.61791700
16.81558300
16.70879200
16.54008300
16.69937500
16.82650000
16.04262500
17.21258400
16.74187500
16.20862500
17.13158300
16.76729200
16.41300000
16.78195800
16.16366700
17.08508300
16.84754200
16.76033300
16.20170800
17.12945900
16.54016600
16.60437500
16.74779200
16.29841700
17.17125000
16.81350000
16.54400000
16.66087500
16.82258300
16.77420800
16.60583400
16.66520800
16.56829200
16.65583300
16.98929200
16.63600000
16.64016600
16.84825000
16.36479200
16.14250000
17.22887500
16.60566700
16.67116600
16.32466700
17.13570800
16.65641700
16.27495800
17.10979200
16.70204200
16.79575000
16.62583300
16.84025000
16.87645800
16.58216700
16.64904200
16.80762500
16.77441600
16.35833400
16.71933300
16.60616700
16.78441600
16.79520900
16.50495800
16.67433300
16.95408400
16.54608300
16.72037500
16.13500000
17.25666700
16.63983300
16.89441700
16.49100000
16.09716600
17.26333400
16.66737500
16.89020800
16.83904200
16.62545800
16.81191700
16.68979100
16.50962500
16.76608400
16.09525000
16.63441600
16.94854200
16.40629200
16.44025000
17.30033300
15.92279200
17.13983300
16.71083300
16.28820900
17.20404100
16.68720900
16.60887500
16.91345800
16.16470800
17.23050000
16.76170900
16.58933300
16.22733300
17.19962500
16.91241700
16.31008300
17.12079200
16.64270800
16.74333400
16.69625000
16.59062500
16.86170800
16.80004200
16.48304100
16.67558400
16.28466600
16.34366700
17.14875000
16.75533300
16.69008400
16.65600000
17.05529100
17.32537500
16.14066700
16.68704200
16.65450000
16.58100000
16.75504100
16.45920900
17.21858300
16.18470800
16.91895900
17.43308300
16.28416700
16.80512500
16.64758300
17.04929200
15.58225000
17.66966600
16.90720900
15.99016600
16.59125000
16.58179200
16.27029200
17.33687500
16.65062500
16.74887500
16.60412500
16.77533300
16.58512500
16.74129200
16.94158300
16.78341700
16.73179100
16.32454200
16.51383300
16.40970900
16.71300000
16.63137500
16.68720800
17.02304200
16.71429100
16.73387500
16.66770900
16.65895800
16.08129200
17.29079100
16.63233400
17.70333300
16.69845800
15.77425000
16.64866700
16.75120800
16.74858400
16.54779100
16.82354200
16.57608300
16.76591700
16.48237500
16.27216700
16.50941600
16.70762500
17.68529200
16.10333300
16.50175000
16.23095900
17.26537500
16.49179100
16.68354200
16.57625000
17.17250000
16.77445800
16.81433400
16.47933300
16.69575000
16.34666700
17.23833300
16.80616700
16.64187500
16.82233300
16.53225000
15.89250000
17.38929200
16.93420800
16.46112500
16.40237500
16.32754200
16.70416600
16.73875000
16.62562500
16.76754200
16.63079200
16.16612500
17.16191600
17.10804200
16.66045800
16.66625000
16.63070900
16.72829100
16.65141700
16.63250000
16.77779200
17.02550000
16.34325000
16.97845800
16.05333300
17.30595900
16.56512500
17.09545800
16.51758300
16.73791700
16.59975000
16.10108300
16.41166700
16.86575000
16.62204200
16.71841600
16.60341700
17.02345800
16.77612500
16.01208400
17.26883300
17.49520800
16.00629200
16.71404200
16.61000000
16.64079100
16.62737500
16.77962500
16.61966700
16.19025000
17.32108300
16.78150000
16.50495900
16.63337500
16.62229100
17.16758400
16.21475000
16.77125000
16.29166600
16.68204200
16.73425000
16.58804200
16.19825000
17.43491600
16.78570900
16.71041600
16.68387500
16.84004200
16.53283300
16.59862500
16.84812500
16.11154200
17.63800000
16.25108300
17.17812500
16.19337500
16.41354200
16.61487500
16.59166700
16.78691600
16.56733400
17.01850000
15.87279100
17.27083400
16.97475000
16.71483300
16.62425000
16.27470800
17.16429200
16.61179200
16.68550000
16.70604100
16.61537500
16.83770900
16.89675000
15.85850000
17.20604100
16.90308400
16.83158300
16.86766700
16.12125000
17.85600000
15.63816600
16.51529200
16.16062500
16.63087500
16.08429200
17.03566600
16.78808400
17.22833300
16.25116700
16.12262500
17.23050000
16.07254100
18.14050000
15.93612500
16.64712500
16.53545900
16.75729100
17.32041700
16.04733300
16.72045900
16.58554100
16.46833400
16.66591600
16.20583400
17.10762500
16.17845800
17.37641700
16.89412500
16.10975000
17.22283300
16.67716700
16.37420800
16.58533300
16.78737500
16.90516700
16.98058300
16.78033400
16.54100000
16.89500000
16.33904100
17.37129200
16.40929200
16.67733300
16.54158300
16.98787500
16.53745900
17.00600000
16.70345800
16.60300000
16.59508300
16.67716700
16.78995800
16.12166700
17.20366700
17.08620800
16.21583300
16.97054200
16.66187500
16.38062500
16.95720800
16.58362500
16.75837500
16.53404200
16.75533300
16.57125000
16.74408400
16.69979100
16.17650000
17.12929200
17.12854200
16.50241600
16.45233400
16.61287500
16.84175000
16.35866600
16.89129200
17.29354200
16.64629100
16.58725000
16.56804200
16.73883300
16.66554200
16.48216700
16.35937500
17.23437500
16.81825000
16.61391600
16.60291700
16.75095800
16.67916700
16.73020800
16.59354200
16.59254200
16.04283300
17.27216700
16.93300000
16.62891600
16.66487500
16.05920900
17.30395800
16.64266700
16.73916600
16.66375000
16.61091700
16.71712500
16.78704200
16.66583300
16.65337500
16.72379200
16.63708300
16.46912500
16.92220800
16.57025000
16.77612500
16.16008400
17.16758300
16.72183300
16.41450000
16.88579200
16.70120800
15.82854200
17.27633300
16.53337500
16.63595900
16.73379100
16.76037500
16.80504200
16.93762500
16.67208300
16.64245900
16.76533300
15.98800000
17.27050000
16.22458300
17.13041700
16.65662500
16.29754200
17.04854100
16.77429200
16.84725000
16.52195800
16.21612500
17.20087500
16.70687500
16.78158400
16.47300000
16.77887500
16.64150000
16.23154100
17.04225000
16.76025000
16.76812500
16.64887500
16.64058400
16.25870800
17.17925000
16.59125000
16.78658300
16.44612500
16.78650000
16.78720900
16.65512500
16.70341600
16.66316700
16.71375000
16.82029200
16.51591600
16.79679200
16.51079200
16.62850000
16.79475000
16.72750000
16.72420800
16.56362500
16.06191700
17.28470800
16.57679200
16.83191600
16.34708400
16.90033300
16.39529200
16.22987500
17.17925000
16.78433300
16.50200000
16.37508300
17.06308400
16.63070800
16.23666700
17.31991600
16.42029200
16.82837500
16.68191700
17.08133300
16.45195800
16.92841700
16.27287500
16.55220800
17.22370900
16.64279100
16.54733400
16.87733300
16.69533300
16.40162500
16.95029200
16.58733300
16.58445900
16.67745800
16.86508300
15.84133400
17.50454100
16.71812500
16.68987500
15.88066700
16.81320800
17.28420900
16.50895800
16.86525000
16.71920800
16.71320900
16.54562500
16.71550000
16.11162500
17.24975000
15.95829100
16.87825000
17.45445900
16.10933300
16.91712500
16.74291700
16.80962500
16.68445800
16.71237500
16.08750000
17.28312500
16.65733300
16.50941700
16.08966700
17.43762500
16.51462500
15.79966600
17.43862500
16.70758400
16.67516600
16.94258400
16.59650000
16.63920800
16.69133300
16.48062500
16.15304200
17.37041700
17.06554100
16.09179200
17.05400000
16.56254200
16.72625000
16.59370800
16.83383300
16.34375000
16.07891700
17.41883300
16.54683400
16.68837500
16.31166600
16.09391700
16.49333300
16.82433400
16.72908300
16.65304200
16.91512500
16.48600000
16.73745800
16.92704200
16.73233300
16.65416700
16.57945800
17.03137500
16.69375000
16.86962500
16.57512500
16.67233300
16.61925000
16.66779200
16.11258300
17.50920900
16.36608300
16.85087500
16.91337500
16.65533300
16.13387500
17.27933400
16.61808300
16.20158300
16.48691700
16.63691700
16.06400000
17.44200000
16.71550000
16.12550000
17.61204100
16.32854200
16.84375000
16.86195800
16.66962500
16.74366700
16.55204200
16.79529100
16.70037500
16.71075000
17.10491700
16.65579200
16.53279100
16.65766700
16.40691700
16.86270800
16.72325000
16.76700000
16.65075000
16.61079200
17.02204100
16.76433400
16.75262500
16.71670800
16.74712500
16.51387500
16.58045800
16.60900000
16.41754200
16.21675000
17.91325000
15.91195800
16.63583400
16.21612500
16.11970800
16.46437500
16.77637500
17.27741700
16.61770800
16.66883300
16.52562500
16.57062500
16.72091700
16.79487500
16.86075000
16.53512500
16.96737500
16.04591700
17.20683300
16.82800000
16.62883300
16.91625000
16.82529200
16.65541700
16.58612500
16.73416600
17.00212500
16.66000000
16.14395900
17.25904100
16.02395900
17.06437500
17.10725000
16.64308300
16.58937500
16.69695800
16.68225000
16.68200000
16.62708400
16.93695800
16.70966700
16.71612500
16.46095800
16.69687500
16.61741700
16.68645800
16.04991700
16.69837500
17.52354100
16.31508400
17.18720800
16.69695800
15.90891700
17.38450000
16.80608300
16.68604200
16.59958300
16.09154200
17.22141700
16.74225000
16.46100000
16.93658300
16.45362500
16.53000000
16.99920800
16.82141700
16.58862500
16.51366700
16.82041600
16.68370900
15.69608300
17.50916700
16.50225000
17.03662500
16.72283300
17.05033300
15.86750000
17.12591700
16.11912500
17.24516700
16.76991600
16.70887500
16.05795900
16.48070800
17.30929200
16.75533300
16.71145800
16.69204200
16.08704200
17.20600000
16.58170800
15.97529200
17.28400000
16.57683300
16.63570800
16.72129200
16.11683300
16.68329200
16.72154200
17.28062500
16.63108300
16.65050000
16.36045800
17.13762500
16.91000000
16.82837500
16.07454200
16.47375000
16.78325000
16.42233300
16.60275000
17.56154200
16.82879200
16.05470800
16.23037500
16.67395800
17.40333400
16.34600000
17.06775000
16.47062500
16.47258300
17.33770800
16.38512500
16.72337500
16.95112500
16.68212500
16.65470900
16.51333300
16.98279200
16.51316600
16.76470900
16.59808300
16.52808300
16.44700000
17.16754200
17.02433300
16.49075000
16.44875000
16.82950000
16.68291700
16.72145800
15.82983400
17.44816600
16.69291700
16.57025000
16.77804200
16.77866600
15.98404200
17.24920800
16.40895900
16.83483300
15.98166700
17.31254100
16.22858400
16.95237500
16.34512500
17.46954100
16.61454200
15.80058300
17.27445900
16.70812500
16.61737500
16.01929100
17.28779200
16.71225000
16.12862500
17.29158300
16.01229200
17.68120800
16.25820900
16.74383300
16.49091700
17.43450000
16.48125000
16.68020800
16.08466700
17.22754100
16.16875000
17.12608400
16.50862500
16.11775000
17.62637500
16.78308300
16.41133300
16.89758400
16.64187500
16.68154100
16.67033400
16.51554100
16.93558400
16.15787500
16.90387500
16.27983300
17.21825000
16.69875000
15.92020800
17.02708400
16.73825000
16.69041600
16.99104200
16.82812500
16.68845800
16.72479200
16.59620800
16.67600000
16.82020900
16.30558300
17.03291700
16.33787500
16.81995800
16.52504200
16.74229100
15.92137500
17.29866700
16.08275000
17.20050000
16.72279200
16.77470800
16.02525000
16.81116700
17.23525000
16.51670800
17.01675000
15.79441700
17.77879100
16.15395900
16.76270800
17.06708300
16.49841700
16.67850000
16.68758300
16.68762500
16.73241700
16.84254200
15.60545800
17.74804200
17.07279100
16.35875000
16.60350000
16.70154200
16.69320800
16.38070900
16.96837500
16.52666600
16.86233400
16.38533300
16.87220800
16.69541700
16.82512500
16.62254200
16.77266600
16.61808400
16.62662500
16.73695800
16.58345800
16.77341700
16.69520800
16.57875000
16.19887500
17.24950000
16.57125000
16.75687500
16.79637500
16.57175000
16.72270900
16.66279100
16.69416700
16.64116700
16.73025000
16.63945800
16.53691700
16.50037500
16.65337500
15.98329100
17.32820900
17.14112500
16.07725000
17.24420800
16.06195800
17.34958400
16.55008300
16.76083300
16.15500000
17.00812500
16.93875000
16.68304200
16.59416700
16.82545800
16.68650000
16.57062500
16.78512500
16.57075000
15.93262500
17.63600000
16.56708300
15.70754200
17.64641700
16.53129100
16.33620900
17.20400000
16.70687500
16.71208300
16.56029200
16.65370800
16.73845800
16.79679200
16.76104200
16.47895800
16.93958300
15.80675000
17.22658400
16.88554100
16.50966700
16.67908300
16.75925000
16.73366700
16.68729200
16.68083300
16.59429200
16.58062500
16.77054100
15.94108400
17.07891600
16.99120900
16.83687500
16.66429100
16.62754200
16.65912500
16.05637500
17.30187500
16.01450000
17.11287500
16.59158300
16.58658400
16.78687500
16.46825000
17.02133300
17.01995800
16.68233400
16.33129100
16.58666700
16.91600000
16.88270800
16.51420900
16.06979100
17.25870900
16.89800000
16.59762500
16.64591600
16.20562500
16.63475000
17.22937500
16.72716700
16.71237500
16.65529200
16.64708300
16.70033300
16.63154200
16.84087500
16.57925000
16.68291700
16.78320800
16.54087500
16.71508300
16.43262500
16.92866700
16.83720800
16.53887500
16.44854200
16.86462500
16.59650000
16.80200000
16.52300000
16.80725000
16.23566700
16.22300000
16.70575000
15.93100000
17.15525000
17.75829100
15.74416700
16.37020800
16.99200000
16.65679200
15.72854200
16.67391600
17.15558400
16.43816600
17.08037500
16.78800000
16.92337500
16.47683400
16.78075000
17.03100000
15.76720800
16.55925000
17.17154200
16.11475000
17.23912500
16.34775000
17.31841600
15.96170900
16.84929100
17.21512500
16.09537500
16.87333400
16.75125000
16.16829100
17.18716700
16.75600000
16.07566700
17.32795800
16.72845800
16.88220900
16.58975000
16.06937500
17.55333300
16.68912500
16.67554200
16.64062500
16.40270800
17.26466700
16.67270800
16.72320800
16.40508400
16.69058300
16.60612500
16.43462500
16.64387500
16.54025000
16.66337500
16.77900000
16.80262500
16.69904200
16.77579100
16.66333400
16.68879100
17.04570900
16.56650000
16.15629100
16.70983400
17.18033300
16.37529200
16.85137500
16.68275000
17.10895800
16.78758300
16.20916700
16.62495800
16.37933400
16.99054100
16.31975000
17.14670900
16.64100000
16.54858300
16.82862500
16.62600000
16.62700000
16.74812500
15.99170800
16.42575000
17.00345900
16.41391600
17.24641700
17.07591700
16.65208300
16.70416700
16.18095800
17.11158300
16.24141700
16.96045800
16.71158400
16.68879100
17.21704200
17.04541700
15.62508300
17.23658300
16.84262500
16.12495900
16.85254100
16.59075000
17.12579200
16.95091700
16.74000000
16.70095800
16.61050000
16.65491700
16.80270800
16.63104200
16.26045800
17.15920800
16.62658400
16.96337500
16.60870800
16.00208300
17.50233400
16.00004100
17.36195900
16.83316600
16.63495900
16.59641600
16.56366700
16.64550000
17.12095800
16.38541700
16.25445800
15.97658400
16.41187500
18.81545800
16.97175000
15.86045800
15.59200000
16.84075000
16.65295900
16.74858300
16.17408300
16.05516700
16.72075000
17.12879200
20.72062500
12.68600000
19.54033300
15.87616700
16.68929100
16.74200000
16.26050000
16.88925000
16.32333400
16.09908300
17.05083300
16.69779200
16.64129200
16.75933300
15.81091700
17.16804100
16.60195900
16.65600000
16.72937500
17.07604100
16.68016700
16.75950000
16.46233300
16.87141700
16.56054200
16.55604100
16.78050000
16.69295900
16.60670800
16.85683300
16.66833400
16.61216600
16.73645900
16.60583300
16.78179200
16.59537500
15.98908300
17.32783300
16.58587500
16.89916700
16.43620800
17.03245900
16.10854100
17.21516700
16.50237500
16.79995800
16.55716700
16.80908300
16.75679200
16.53254200
16.90358300
15.97370800
17.30850000
16.70900000
16.60995900
16.36754100
16.99008400
16.82187500
16.54508300
16.26620800
17.32683400
16.60262500
16.13150000
16.96883300
16.38700000
17.12795800
15.80537500
17.46950000
16.89491700
16.16075000
16.83037500
16.98900000
16.67320800
16.61000000
16.89337500
16.57020900
16.52166600
16.85141700
16.04054200
17.25395800
16.74991700
16.59291600
16.66962500
16.56279200
16.93541700
16.48266600
16.92216700
16.51804200
16.55716600
16.74962500
16.80408400
16.75483300
16.74108300
16.44804200
16.37120800
17.06362500
16.72575000
16.28012500
16.94808400
16.33591600
17.14216700
16.70808300
16.68970900
16.70712500
16.65895800
16.74508300
16.69054200
16.08454200
17.21004100
16.73137500
16.79479200
16.22420800
16.64408400
16.97379100
16.67050000
16.77170900
15.98033300
17.32287500
16.82020800
16.68691700
16.67908300
16.78637500
16.37579200
16.84920800
16.66650000
16.67245900
16.63587500
16.80441600
16.88141700
16.27862500
16.80154200
16.49845800
16.95912500
16.59404200
16.12129100
17.11975000
16.77579200
16.90395800
16.49633400
16.24408300
16.74712500
16.92845800
16.80562500
16.26866700
17.06633300
16.82704200
16.52537500
16.73300000
16.05858300
17.08654200
16.97687500
15.95583300
16.93870900
17.06216600
16.71479200
16.66258300
16.00308400
17.31604100
16.87454200
16.58000000
16.78920800
16.49595900
16.63495800
16.80441700
16.27662500
16.60025000
17.11158300
16.47879200
16.99291600
16.62937500
16.29145900
16.74350000
16.77041600
16.54441700
16.69608300
16.59287500
16.74458400
16.96008300
16.87587500
16.12079200
16.75775000
17.21662500
16.40941600
16.82220900
15.72466600
17.18354200
17.07733300
16.60683400
16.75816600
16.54920900
16.99591600
16.51458400
16.81245800
16.57725000
16.05254200
17.38687500
16.66137500
16.70175000
16.66895800
16.67416700
16.70850000
16.66091600
16.49037500
16.68912500
16.43220900
17.03662500
16.30708300
17.02129200
16.63162500
16.82812500
16.27058300
16.16679200
16.91225000
17.02620800
16.95075000
16.85179200
16.03783300
16.48000000
16.57416700
15.78500000
17.33966600
17.12000000
16.50104200
16.59412500
16.38720800
17.29512500
16.61579200
16.65608300
16.63879200
16.27858300
17.62466700
16.37791700
16.57300000
16.68029100
16.65433400
16.47570800
17.22487500
16.74041700
16.09495800
17.27633300
16.52575000
16.84470900
16.86050000
16.00058300
16.97712500
16.42225000
17.09483300
16.66587500
16.73937500
16.59566700
16.87612500
16.52916700
16.13275000
17.22975000
17.08066600
16.24850000
17.04033400
16.20966600
17.26020900
16.21362500
16.96004100
16.48125000
16.49358400
16.93550000
16.60783300
16.61083300
16.98495900
16.85041600
15.99033400
15.81850000
16.99583300
16.59087500
16.20470800
17.24433400
16.87708300
16.32212500
16.87020800
16.72562500
16.73287500
16.65341700
16.67250000
16.49729200
16.68100000
16.68483300
16.22725000
17.21533300
16.96162500
16.72079200
16.61787500
16.78362500
16.90516700
16.44600000
16.84950000
16.01087500
17.23320800
16.63516700
17.00220800
16.63383300
16.66695900
16.76920800
16.05970800
17.25679200
16.63250000
17.08933300
16.63266700
16.56487500
16.32158300
17.15287500
16.72725000
16.09291700
17.16095800
16.76604200
16.58758300
16.49762500
17.44333400
15.92266600
17.25716700
16.41125000
16.91075000
16.83891700
16.59766600
16.84762500
16.67325000
16.23116700
17.01370800
16.54320900
16.79116600
16.59145900
16.37712500
17.29912500
15.85108300
17.20033300
16.99345900
16.61500000
16.62887500
16.31087500
16.76800000
16.55383300
16.46183300
17.23458400
16.59729100
16.45025000
16.59720900
16.45466600
17.23395900
16.90675000
16.49370800
16.68608300
16.65933400
16.70150000
16.65266600
16.43270900
16.83033300
16.09279200
17.29150000
16.50354100
16.13370900
17.29212500
16.51779100
16.80858400
16.68883300
16.73350000
16.78162500
16.15312500
17.34854200
16.69645800
16.83995800
16.69145900
16.59058300
16.74841700
16.61795800
16.57837500
16.94500000
16.48720800
16.56395900
17.03795800
16.58379200
16.62587500
16.81654100
16.51450000
16.53808400
16.89275000
16.57895800
15.76066700
17.59937500
16.41479100
17.07120900
16.50187500
16.79979100
16.55354200
16.94050000
17.02179200
16.07808300
16.85750000
16.64858300
16.75145900
16.52745800
16.64429200
16.67845800
16.26145800
17.13637500
16.84675000
16.50645900
16.76470800
16.78883300
16.21675000
17.03087500
16.70612500
16.11933400
17.29020800
16.58737500
16.53362500
16.19675000
16.57162500
16.37070800
16.63700000
17.60654200
16.01658300
16.47754200
16.38408300
16.94566700
16.35016700
16.76912500
16.64362500
16.75162500
16.76475000
16.53858300
16.28250000
17.18408300
16.25329200
17.28154200
15.96254100
17.36420900
16.62937500
16.61212500
16.71595800
16.79366700
16.74400000
16.02033300
17.74175000
15.92854200
16.36950000
16.98458300
16.34845800
17.08075000
16.70541700
16.95837500
16.64287500
16.17383300
17.26670900
17.13787500
16.43308300
15.91816700
16.67054100
16.93933400
17.09700000
16.24383300
17.09516700
16.22387500
17.42037500
15.71720800
17.34033300
16.67637500
16.20387500
16.99270900
16.55587500
16.84604100
16.55958400
16.89812500
16.88987500
17.09366600
16.46050000
15.98229200
16.97116700
16.41379100
16.65820900
16.97333300
16.93895800
16.36283400
17.25908300
16.72033300
16.75708400
16.64983300
16.90537500
16.73162500
16.38566700
16.95845800
16.87625000
16.55233300
16.52750000
16.69050000
16.70341700
16.68637500
16.64245800
17.02916700
16.31050000
16.17495800
17.34620900
16.99820800
16.75554200
15.72491600
17.26291700
16.84495800
16.73900000
16.41191700
16.93529200
16.68033300
16.88445800
16.93187500
15.79479200
16.58904200
17.32683300
16.44737500
16.95350000
16.01291700
17.62654100
16.32575000
16.25675000
16.31412500
16.55979200
17.53970800
16.90283400
16.62033300
16.07154200
16.49829100
17.32283400
16.79920800
16.70112500
16.66475000
16.13495800
17.20616700
15.86670800
17.05341700
17.29491700
16.19595800
17.08891700
16.50704100
16.13254200
17.16716700
17.21312500
16.57487500
15.66329100
16.48025000
16.48808400
17.82041600
16.51787500
16.85312500
15.42445900
18.27825000
16.81129100
16.34762500
16.36658400
16.95637500
16.68745800
16.82170800
15.96191700
17.29945800
16.62008400
15.92245800
17.49045800
16.71725000
16.65683400
16.25795800
16.56125000
16.67466700
16.83670800
16.02258300
17.30129200
16.35133300
17.38391700
16.60054200
16.63641600
16.84145900
16.56875000
16.50083300
17.41037500
16.14495800
17.09062500
16.54100000
15.95150000
17.41383400
16.62425000
16.62329100
16.69758400
16.57970800
16.71916700
17.41575000
15.98125000
16.55670800
16.84050000
16.47629200
16.47520800
16.69312500
16.58420800
16.18954200
17.53683300
16.35004200
16.80841700
16.31066600
17.24620900
16.39000000
17.11458300
16.27645800
16.51808400
16.59233300
16.49275000
17.22762500
16.21920800
17.18425000
16.05912500
17.25616700
16.50450000
16.17354200
16.47800000
17.18325000
16.64625000
16.08095800
17.62966700
16.58720800
16.18891700
16.70454100
17.10020900
16.82612500
16.70408300
16.04504200
16.79312500
17.19325000
15.76516600
16.85370900
16.44370800
16.71879200
16.81987500
17.56820800
16.47854200
17.33741600
16.01604200
17.36645800
16.63058400
16.65795800
16.65954200
16.11770800
17.30391700
16.66604100
16.55420900
16.01387500
17.30245800
16.87454200
16.65225000
16.57912500
16.10708300
16.52283300
17.22579200
16.44491700
16.25325000
17.24550000
16.67962500
17.00412500
16.58500000
16.86362500
16.28158300
16.77737500
16.83012500
16.37941700
16.89870800
15.65179200
17.05537500
16.32529100
16.43720900
16.60116600
16.76787500
18.88650000
15.71370900
16.97862500
16.66400000
16.06458300
17.25479200
16.72433300
16.63795800
16.70650000
16.69016700
16.66379200
16.66683300
16.58358300
16.84950000
16.04887500
17.14679200
16.60462500
16.04200000
17.31704200
16.15283300
17.29866700
15.80341600
17.31604200
16.73729200
16.58020800
16.73779200
16.71354100
16.63116700
16.61866700
16.74670800
16.66262500
16.66262500
16.70683300
16.67095900
16.08950000
16.66891600
16.69175000
17.24404200
16.76383300
16.64483400
16.34125000
17.15629100
16.54516700
16.77983300
16.64720900
16.05833300
17.28587500
16.55241700
16.80020800
16.16495800
16.67800000
17.24641700
16.64295800
16.57400000
16.71304200
16.11608300
17.34825000
16.60908400
16.71195800
16.61866700
16.60766600
16.16441700
17.43712500
16.57629200
16.67608300
16.69295800
16.66129200
16.96841700
16.91504100
16.22825000
16.59904200
16.21233300
16.60912500
16.48895900
17.00104100
16.59120900
16.60891600
16.15041700
16.62791700
17.50495800
16.81112500
16.63520800
16.71675000
16.56954200
16.27516700
17.61883300
16.04475000
17.35495800
16.53095900
16.78283300
16.61375000
16.57975000
16.70004200
16.88825000
16.81783300
16.28883300
17.08725000
16.62091700
16.89312500
16.60425000
16.50187500
16.99287500
16.26304200
17.03962500
16.49783300
16.91000000
16.56316700
16.82466600
16.02545900
17.35304100
16.55791700
16.40175000
17.02758300
16.66625000
16.74787500
16.42975000
16.83441700
16.68845800
16.70254200
16.75962500
16.62787500
16.66587500
18.25350000
14.72108300
16.25529200
16.60175000
16.53883300
17.03016700
16.34079200
16.65791600
16.56591700
16.73454200
16.07837500
16.96237500
16.14908300
17.32800000
16.73845800
16.71850000
16.64720900
16.76737500
16.96616600
16.55175000
16.75208400
16.70787500
16.01466600
17.52525000
16.76100000
16.63262500
16.73058400
16.78854100
16.52458400
17.14570800
16.00554200
17.31079100
16.68150000
16.80195900
16.59066600
16.64295900
16.13316600
17.27108400
17.00804100
15.76991700
17.26683300
16.30737500
16.50379200
16.60325000
17.28312500
16.75308300
16.65233400
16.69304100
16.58516700
16.79279200
16.78845800
16.89312500
16.54983300
16.87491700
16.50366700
16.75558300
16.75079200
16.08700000
16.70179100
16.58420900
17.34004100
16.70008400
16.61083300
16.59183300
16.96958400
16.47279100
16.84800000
16.63966700
16.08566700
17.31112500
16.64533300
16.77887500
16.57079200
16.62391600
16.14345900
17.50408300
16.41116700
16.77654100
16.56704200
16.02812500
17.49550000
16.44062500
16.12316700
17.61066600
16.55408400
16.45804100
16.82887500
16.74725000
16.60229200
16.80520800
16.67970900
16.62429100
16.63150000
16.74183400
16.61762500
16.23016600
17.23029200
16.61825000
15.96029200
17.12766600
17.01687500
16.07975000
16.48295900
17.42708300
16.80829200
16.63354100
16.61166700
16.64466700
15.98833300
16.65591700
17.47241600
16.75908400
15.93791600
17.38716700
16.61154200
16.69400000
16.21829100
17.19300000
16.75316700
16.81108300
16.51145900
16.62870800
16.71675000
16.64554200
16.80412500
16.63037500
16.64879100
16.68795900
16.65212500
15.85283300
17.57225000
16.29541700
16.65008300
17.04304200
16.69337500
16.73991600
16.82379200
16.30420800
16.71029200
16.88500000
16.55437500
16.80583300
16.59554200
16.85841700
16.65145800
16.70829200
16.57795800
16.67958300
16.79320900
16.54654100
16.68595900
16.68920800
16.14112500
17.24045800
16.74037500
16.55108400
16.66125000
16.78641600
16.93650000
16.59429200
16.64683300
16.54416700
16.59037500
16.78408300
16.10575000
17.22087500
16.68887500
17.06595900
16.14741600
15.70054200
16.90037500
16.59258300
15.98045900
16.66237500
16.80891600
16.71691700
17.04720800
16.12962500
17.26433400
17.00808300
16.21070800
16.74933400
16.22554100
17.28695900
16.47683300
19.70683300
16.65841700
16.27862500
16.30358300
15.55320900
16.41841600
16.12633400
16.72687500
17.07650000
16.35700000
21.49729100
11.96383400
18.47754100
15.27833400
60.66558300
3.57720800
3.54233400
14.21179100
17.33208400
16.25370800
16.36045800
16.52608400
16.90737500
16.45054100
16.88583400
16.54079100
16.56875000
16.66195900
16.79245800
16.78304200
16.59175000
16.70612500
16.49695800
16.57562500
16.71083300
16.72583400
16.64962500
16.62062500
16.58454100
16.76004200
16.60958300
16.71391700
16.83841700
16.63404100
16.64758400
16.61633300
16.68541700
16.64570800
16.61783300
16.60979200
16.65908300
16.75008400
16.51800000
16.68516600
16.81812500
17.12050000
16.56845900
16.59720800
16.43820800
16.60041700
16.77870800
16.56750000
16.78179200
16.64595800
16.45225000
16.72858400
16.48404100
16.70904200
16.85029200
16.44583300
16.76866700
16.68158300
16.52075000
16.84762500
16.56587500
17.01062500
16.50633300
16.54854200
16.66400000
16.69354200
16.80254100
16.58720900
16.56837500
16.82087500
16.50033300
16.70225000
16.58925000
16.79075000
16.41470800
16.82129200
16.65462500
16.80725000
16.68912500
16.60216700
16.64558300
16.70204200
16.67395800
16.94283300
16.33129200
16.63100000
16.73187500
16.68229200
16.81445800
16.52941700
16.62195800
16.75175000
16.79095800
16.60625000
16.54262500
16.63716700
16.88195800
16.76487500
16.63958400
16.40387500
17.01591600
16.37762500
16.53025000
16.76470900
16.85862500
16.39454100
16.83179200
16.44637500
16.76400000
16.78191700
16.58825000
16.73979100
16.55725000
16.69954200
16.58241700
16.71962500
16.66283300
16.67408300
16.59000000
16.73204200
16.71508300
16.59695900
16.62920800
16.78075000
16.75929200
16.53304100
16.66737500
16.64066700
16.62741700
16.54633300
16.84066700
16.61729100
16.67200000
16.87729200
16.50570800
16.58658400
16.78587500
16.62533300
16.74300000
16.59229200
16.68408300
16.75600000
16.62758300
16.47158400
16.97983300
16.44287500
16.69825000
16.66500000
16.65500000
16.79537500
16.51675000
16.64416700
16.73870800
16.56487500
16.73820800
16.72787500
16.58737500
16.77308400
16.57350000
16.69533300
16.62920800
16.63770900
16.68704100
16.71675000
16.62662500
17.55441700
16.89083300
16.73604200
15.69650000
16.69679200
18.07995800
16.29079200
15.49837500
16.69437500
17.22508300
16.87191700
16.43470800
16.04962500
17.76258300
16.18925000
16.03750000
17.18216700
16.78045800
16.14387500
17.24058400
16.51225000
16.71195800
16.72154200
16.08800000
17.71966600
16.12604200
16.10495800
16.68104200
16.65987500
17.00800000
16.31908300
16.69241700
17.19512500
16.49333300
16.94516700
16.67912500
16.04045800
17.21120900
16.60316600
16.72362500
16.33383400
16.42720800
17.67008300
16.19008400
16.66025000
16.72629100
16.88887500
15.81054200
16.75341700
16.56154100
16.65466700
16.65487500
16.66366700
16.64570800
16.75366700
16.78775000
16.55820800
16.57629200
16.65270800
16.67570800
16.68191700
16.67754200
16.59820800
16.74395800
16.81675000
16.46470900
16.71212500
16.62704100
16.65375000
16.67725000
16.68491700
16.70979200
16.62166600
16.75033400
16.56045800
16.68591700
16.73779100
16.61262500
16.63679200
16.84833300
16.54545900
16.77525000
16.69895800
16.49154200
16.88291600
16.45358400
16.64741600
16.64812500
16.60937500
16.73579200
16.68479200
16.84633300
16.48979200
16.75112500
16.60825000
16.71320800
16.78275000
16.46554200
16.66220800
16.65754200
16.79941600
16.60787500
16.65820900
16.63491600
16.68433400
16.65991600
16.73770900
16.61329100
16.60200000
16.82066700
16.53500000
16.65608300
16.71662500
17.47712500
15.80720900
16.65483300
16.69958300
16.66416700
16.65566700
16.67750000
16.74179100
16.64075000
16.58987500
16.69320900
16.72012500
16.64066600
16.59979200
16.66887500
16.69954200
16.65533300
16.67237500
16.69275000
16.64554200
16.67466600
16.67595900
16.65758300
16.71512500
16.62841700
16.76158300
16.56520800
16.67787500
16.74183400
16.61025000
16.62637500
16.72016600
16.66441700
16.69725000
16.57712500
16.67987500
16.65558300
16.64062500
16.72162500
16.73970900
16.66875000
16.64245800
16.75204200
16.52095800
16.63787500
16.71145800
16.60041700
16.70454200
16.67479100
16.57666700
16.86820800
16.50854200
16.73666700
16.65045800
16.60941700
16.73420800
16.79279200
16.55083300
16.65587500
16.68720800
16.63925000
16.59229200
16.68558300
16.58095900
16.72704100
16.69925000
16.66058400
16.69579100
16.67487500
16.69020900
16.66866600
16.66133400
16.68600000
16.62620800
16.73437500
16.59200000
16.65675000
16.63466700
16.82170800
16.53325000
16.70962500
16.63687500
16.66408300
16.67870900
16.70154100
16.72920900
16.56858300
16.65566700
16.68637500
16.70175000
16.64733300
16.53704200
16.77816600
16.63270900
16.67079100
16.70604200
16.66329200
16.64195800
16.65266700
16.66366600
16.79704200
16.64195800
16.63458400
16.66504100
16.66883400
16.60816600
16.70733400
16.63575000
16.65108300
16.74170800
16.79787500
16.48154200
16.71254200
16.63479100
16.63354200
16.66004200
16.71179100
16.65195900
16.75120800
16.58683300
16.70137500
16.69650000
16.64262500
16.63658400
16.67729100
16.71200000
16.62954200
16.65462500
16.78262500
16.54691700
16.64337500
16.72029100
16.70029200
16.61729200
16.63329100
16.71541700
16.64266700
16.71750000
16.64495800
16.65612500
16.64462500
16.69012500
16.61112500
16.75204200
16.71341600
16.60145900
16.74454100
16.55229200
16.73095800
16.63712500
16.67095900
16.60641600
16.71516700
16.64058300
16.67795900
16.66420800
16.69900000
16.66466700
16.62587500
16.74104100
16.69150000
16.63945900
16.60833300
16.66341700
16.89900000
16.39954100
16.70962500
16.66962500
16.60941700
16.69975000
16.70033300
16.64887500
16.68504200
16.69095800
16.60604200
16.65712500
16.66091700
16.69362500
16.62241600
16.75529200
16.61779200
16.75491600
16.73083400
16.58237500
16.66812500
16.66945800
16.67487500
16.55854200
16.89837500
16.51004100
16.62479200
16.87662500
16.53750000
16.62529200
17.58854100
15.75320900
16.72258300
16.60908300
16.76429200
17.56312500
15.73087500
16.71458300
16.57850000
16.71445900
16.55333300
16.60762500
16.61058300
16.68125000
16.62775000
17.00862500
16.39012500
16.67812500
16.69529200
16.65270800
16.74200000
16.56775000
16.70545900
16.64587500
16.89841600
16.44554200
16.79758300
16.63350000
16.59637500
16.80891700
16.58462500
16.59745800
16.77887500
16.55983400
16.74912500
16.62945800
16.68204200
16.66029100
16.60479200
16.67608300
16.77766700
16.53295800
17.01933400
16.29629100
16.78670900
16.60395800
16.68370800
16.71016700
16.66458300
16.65670900
16.67133300
16.68708300
16.69329200
16.67175000
16.67658300
16.69766700
16.58016700
16.64041600
16.69266700
16.64054200
16.71879100
16.69312500
16.59429200
16.62291700
16.67287500
16.68804100
16.69333400
16.63770800
16.63954200
16.77554100
16.66608400
16.65829100
16.66820900
16.65550000
16.53700000
16.89083300
16.49558300
16.66475000
16.70858400
16.62870800
16.65187500
16.75887500
16.65191700
17.66975000
15.64950000
16.75566600
16.66362500
16.78441700
16.42058300
17.64320900
16.04970800
16.46633300
16.60187500
16.63250000
16.57533400
16.57620800
16.83187500
16.44695800
16.81962500
16.82045900
16.51658300
16.52825000
16.76933300
16.67900000
16.62575000
16.71612500
16.52866700
16.74850000
16.85062500
16.56950000
16.71208300
16.73829200
16.65795800
16.82829200
16.52845800
16.64700000
16.61054200
16.77316700
16.56729100
16.55870900
16.74537500
16.66941600
16.62350000
16.82312500
17.46625000
15.76241700
16.78125000
16.60400000
16.48529200
16.86412500
16.29137500
16.82429100
16.61070900
16.71600000
16.80245800
16.58000000
16.56054200
16.90783300
17.00383300
16.05433400
16.79133300
16.71470800
16.60004200
16.63062500
16.75712500
16.66445800
16.54345900
16.78354100
16.68587500
16.46820900
16.73458300
16.77554200
16.87166600
16.49504200
16.55975000
16.77479200
16.63112500
16.69529100
16.64779200
16.64025000
16.66566700
16.64004100
16.72804200
16.65975000
16.67212500
16.65141700
16.66050000
16.74025000
16.61700000
16.65283300
16.62520800
16.74166700
16.62070800
16.67691700
16.70904200
16.62325000
16.68554100
16.67750000
16.64983400
16.78291600
16.54045900
16.81216600
16.54295900
16.83708300
16.45737500
16.65125000
16.70887500
16.69275000
16.68716700
16.61941600
16.69458400
16.67712500
16.63804100
16.63616700
16.66250000
16.70220800
16.65541700
16.70587500
16.69920800
16.62454200
16.66641700
16.84458300
16.45125000
16.66583300
16.70233400
16.64600000
16.80333300
16.55904200
16.61379100
16.66125000
16.67420900
16.58662500
16.93129100
16.59854200
16.82679200
16.36620800
16.68625000
16.78216700
16.53220800
16.83912500
16.54025000
16.54012500
16.83887500
16.76075000
16.53708300
16.66079200
16.68487500
16.67283300
16.63954200
16.63537500
16.68041700
16.68308300
16.73279200
16.58645800
16.65787500
16.66587500
16.68462500
16.65441700
16.72550000
16.60620800
16.65429200
16.91820800
16.39137500
16.70375000
16.72387500
16.68020800
16.61516700
16.65533300
16.65970900
16.70666600
16.73820900
16.68187500
16.43162500
16.77662500
16.60791600
16.71408400
16.67683300
16.70458300
16.60416700
16.79683300
16.67475000
16.56737500
16.63879200
16.83958300
16.53233400
16.62595800
16.85262500
16.56729200
16.61458300
16.65679200
16.69033300
16.62158300
16.67691700
16.65791700
16.70808300
16.69850000
16.61341700
16.86258300
16.43375000
16.71820800
16.66883400
16.62975000
16.64862500
16.69995800
16.65262500
16.67900000
16.65562500
16.65675000
16.69733300
16.66179200
16.68033300
16.63025000
16.66945900
17.53116600
15.83641700
16.46320800
16.83341700
16.68187500
16.68175000
16.63912500
16.67937500
16.64495800
16.68054200
16.72500000
16.81800000
16.47341700
16.72200000
16.67091600
16.73045900
16.65904100
16.65650000
16.49775000
16.76158400
16.74883300
16.54475000
16.64950000
16.71716700
16.65950000
16.59995800
16.74220800
16.63425000
16.63570900
16.78204100
16.58658400
16.66433300
16.62345800
16.77595900
16.61454100
16.63695900
16.66108300
16.73291700
16.64295800
16.61883300
16.68266700
16.63695800
16.70325000
16.65433400
16.67791600
16.77891700
16.63933300
16.41558400
16.79958300
16.68733300
16.64895900
16.65412500
16.69425000
16.69691600
16.68925000
16.65037500
16.71812500
16.68029200
16.56112500
16.62979200
16.70666600
16.66733400
16.62166600
16.73004200
16.64466700
16.64937500
16.70666600
16.65654200
16.66762500
16.64462500
16.67079200
16.69158300
16.64566700
16.69929100
16.47429200
16.86425000
16.53804200
16.72466600
16.74370900
16.65545800
16.74579200
16.59100000
16.63400000
16.76545800
16.61879200
16.67241600
16.41316700
16.88645800
16.67700000
16.47579200
16.82287500
16.69512500
16.67833300
16.74237500
16.58420900
16.61795800
16.71783300
16.67079200
16.61845800
16.67566700
16.62979200
16.55425000
16.66679100
16.74408400
16.62954100
16.67445900
16.88887500
16.46079100
16.75670900
16.72850000
16.53650000
16.71145800
16.70350000
16.63754200
16.68187500
16.76175000
16.38958300
16.79120800
16.70129200
16.63341700
16.69633300
16.70212500
16.48483300
17.13033400
16.42958300
16.72962500
16.81500000
16.69958300
16.82354200
16.53245800
16.73362500
16.64483400
16.72000000
16.84216600
16.71312500
16.54879200
16.63937500
16.61400000
17.08583300
16.59833400
16.51395800
16.07045800
17.25037500
16.67420900
16.86125000
16.54979100
16.68987500
16.66133400
16.64158300
16.99445800
16.70520900
15.61179100
16.80583400
16.54741600
18.18416700
15.19483300
16.66758400
16.74358300
16.70479200
16.42983300
16.56545800
16.58841700
16.87650000
16.57416700
16.67383300
16.68737500
16.67204200
16.83545800
16.52820800
16.89958400
16.90770800
16.29183300
16.98070900
16.75016600
16.95516700
16.64529200
16.78362500
16.52929100
16.78662500
16.08791700
17.23845800
16.26554200
16.63175000
17.12100000
16.17195800
17.30295900
16.63704100
16.98795900
16.87241600
15.99345900
17.37141600
16.56350000
16.68429200
16.69041700
16.15333300
17.29233300
16.34116700
16.20245800
16.91204200
17.19712500
16.59979200
16.77066600
16.78720900
16.62879100
16.70679200
16.64229200
16.79633300
16.15020800
17.04491700
16.72229200
16.59550000
16.73945800
16.95666700
16.46170800
16.81000000
16.64066700
16.07141600
17.23716700
16.77216700
16.52491600
16.58758400
16.14066600
17.12058400
16.50445800
16.61841700
16.40162500
17.28337500
15.86975000
17.39050000
16.69758300
16.78104200
16.74662500
16.62304100
16.28879200
16.80491700
16.73283300
16.77216700
16.39570800
17.24245800
16.42475000
17.00504200
16.72329200
16.61025000
16.24337500
17.12162500
16.63345800
16.59891700
16.76520800
16.65162500
16.67129200
16.73870800
16.55725000
16.74958300
16.64270900
16.63358300
16.81425000
16.64379200
16.72541600
16.60462500
16.73291700
16.49258300
16.81441700
16.55300000
16.65762500
17.05279200
16.56583300
16.67108300
16.52441700
16.80437500
16.00295800
17.16637500
16.69554200
17.57250000
16.02112500
15.85604200
17.03154100
16.81279200
16.56158300
16.21183400
16.74433300
17.10820800
16.59445900
16.69550000
16.96787500
16.80845800
16.61895800
16.84725000
16.49512500
16.87662500
16.51908400
16.41241600
16.95283400
16.53404100
16.56379200
16.69987500
16.95341700
16.78920800
16.15237500
17.08758300
16.51533400
16.79570800
16.86454200
16.70191600
16.02533400
17.28404100
16.68591700
16.68708300
16.79520900
16.61225000
16.61087500
16.75558300
16.52187500
16.72083300
16.36054200
16.64070800
17.06916700
16.76170800
16.70700000
16.78045900
16.51387500
16.89554100
15.95791700
17.24700000
16.70012500
16.73720800
16.59733400
16.89237500
16.23420800
16.78916700
16.70212500
16.17116600
16.42429200
16.67845800
16.54012500
16.58283400
16.75637500
16.70687500
16.72658300
16.57854200
16.02491600
17.29166700
16.72575000
16.57016700
16.20445800
17.07558300
16.76608400
16.33262500
16.50095800
16.76941700
16.72258300
17.19850000
16.09004200
17.09075000
16.56429100
16.98762500
16.91091700
16.60841700
16.59533300
16.64695800
16.81658400
16.52308300
16.90479200
15.89200000
16.73337500
16.53354100
16.82450000
16.57787500
16.95075000
16.95683400
15.98558300
17.13487500
16.35070800
17.16237500
16.82137500
16.59341700
16.15662500
16.74212500
16.59337500
17.31850000
16.90112500
34.41033300
5.38933400
11.21987500
15.59179100
15.91479200
17.24891700
16.50854100
16.93425000
16.17725000
16.78758400
17.26020800
16.09458300
18.32475000
15.49145900
17.27133300
15.49291700
17.15279100
16.80425000
16.63420900
17.15554100
16.48866700
16.23958300
18.13920900
16.30629100
16.91700000
16.04675000
16.79483400
16.12245800
16.25137500
19.10708300
14.64179200
17.94020800
15.53745900
16.83962500
16.80475000
15.84433300
17.20733300
15.96579200
16.66308300
16.98020900
17.05287500
16.95245800
15.99887500
17.30429200
16.25691600
17.21129200
16.20225000
17.15579200
16.69066600
16.93779200
16.67650000
16.69312500
16.69495800
16.59695900
16.24345800
17.23825000
16.60112500
16.94483300
16.73912500
16.78204200
16.62229200
16.70866600
16.67437500
16.75091700
16.72095800
16.55887500
16.16041700
17.26779200
16.60725000
16.64129100
17.14429200
16.56908300
16.41029200
15.40350000
17.05612500
16.59483300
18.30362500
15.84825000
17.27679200
16.41150000
16.06441700
17.60441600
16.19875000
17.31479200
16.12729200
16.84150000
16.51604100
16.77370900
16.84341600
16.53200000
16.87554200
16.80770800
16.54108400
16.71012500
16.52095800
16.61462500
16.87983300
17.08337500
15.88391700
16.70366700
16.47716600
16.29837500
15.84937500
17.20070900
16.34654100
19.53220900
16.29270800
15.54054200
17.30816600
16.20058400
17.00683300
16.20175000
17.16866700
16.72195800
16.66725000
16.26908300
17.10291700
16.69883300
16.62070900
16.31845800
16.71429200
16.94254100
16.69404200
16.83312500
16.63925000
15.84912500
17.08779200
16.95837500
16.83491600
16.66387500
16.72558400
16.68525000
16.04387500
16.91683300
16.67791700
16.69129100
16.32562500
16.87720900
16.44966600
16.07037500
16.58500000
16.35270900
16.98795800
18.31825000
17.17595800
16.43716700
15.74079200
17.24862500
16.62708300
16.64516700
16.75491600
16.21550000
17.13187500
16.66804200
16.63679200
16.77645800
16.08945800
18.12033400
15.89195800
15.99695800
17.32629200
16.77425000
16.05666700
17.18095800
16.68050000
16.72000000
16.59162500
16.66512500
16.48129200
16.59225000
16.63683300
16.66129200
16.64033300
17.11183300
15.84350000
17.38204200
16.68783300
16.82854200
16.45600000
16.37625000
16.92316700
16.54100000
16.78079100
16.60320900
17.03912500
16.84554100
16.58762500
16.12883400
17.14283300
15.81541700
17.63854100
16.65766700
16.14291700
16.98712500
16.07479100
17.29916700
16.64466700
16.74741600
16.62445900
16.66245800
16.67129200
16.68383300
16.69937500
16.63295800
16.72929200
16.74945800
16.24870900
17.02083300
16.73616700
16.63162500
16.71716600
17.03145900
16.78966600
16.03183400
17.35000000
16.61462500
16.48170800
16.52795800
16.91800000
16.37004200
17.03933300
16.82404200
16.61929200
16.81566600
16.75016700
16.47662500
16.71154200
16.56141600
16.24237500
16.63358400
17.27508300
16.60495800
16.79858400
16.55766600
16.76341700
16.07816700
16.66033300
17.05041700
16.89237500
16.74158300
16.21062500
16.57737500
16.83858300
16.69795900
17.05429100
16.70375000
16.72483400
16.73820800
16.65537500
16.58525000
16.75150000
16.68658300
16.52225000
16.55504200
16.68104200
16.57562500
16.11237500
17.23229100
16.20987500
17.19100000
16.71241700
16.70437500
16.07379200
16.61908300
17.28350000
16.75166700
16.95816600
16.49800000
17.10983400
15.93500000
16.46520800
15.67033300
17.27287500
16.59295900
16.77154100
16.87541700
15.82466700
16.60270800
16.50962500
16.59175000
17.15975000
16.79387500
16.22379200
17.31825000
16.77354100
16.71170900
16.81516600
16.62200000
16.26683400
16.71270800
17.42120800
16.65245900
16.90491600
16.64395900
16.08275000
17.26241600
16.64720900
17.15470800
16.71595800
16.59604200
16.68966700
16.58795800
16.72912500
16.79329200
16.63100000
16.63804100
16.07320900
17.30808300
16.91316700
17.03041600
16.05516700
17.05879200
16.68720800
16.41958300
16.79791700
16.61879200
16.64575000
16.66220800
16.68925000
16.62187500
16.83629200
16.79966600
16.60012500
16.52200000
16.66808400
16.74612500
16.65070800
17.09645800
16.21350000
16.97825000
16.76945900
15.98812500
17.07062500
16.74354100
16.96479200
16.72966700
16.55887500
16.75720800
16.72412500
16.72245800
16.60658400
16.55337500
16.86687500
16.56520800
16.82566700
16.59537500
16.49433300
16.72962500
16.52879200
16.95891600
16.73516700
16.23925000
17.22533300
15.81916700
17.46045800
15.98704200
17.27395800
17.25187500
16.06716700
15.85554200
16.37629100
17.49237500
16.21983400
16.41250000
16.83900000
16.58833300
16.65900000
16.70062500
16.62466700
16.66154100
16.04600000
17.22504200
16.17270800
17.06266700
16.75125000
16.78200000
16.73670800
16.66795900
16.76391600
16.69900000
16.92187500
16.63533400
16.83408300
16.18491700
17.29445800
16.70041700
16.50687500
16.84766600
16.82445900
16.48804100
16.17262500
17.38358400
16.69433300
16.75312500
16.74066700
16.57300000
16.22625000
16.63791600
17.28962500
16.60604200
16.23275000
16.65508300
17.18566700
16.69783300
16.97500000
16.87087500
15.93187500
17.38979200
16.81325000
16.35712500
16.53316700
16.69704100
16.74166700
16.57187500
16.97258300
16.53250000
16.86862500
16.85525000
16.05758400
17.24112500
16.32637500
16.04883300
17.18204200
16.75908300
17.09612500
16.31041700
16.97116600
15.74062500
17.35545900
16.60958300
16.72579200
16.27283300
16.82250000
16.46695800
16.66450000
16.70350000
16.64225000
16.73279200
16.56470800
16.68625000
16.75491700
17.28558300
16.61404200
16.60995800
16.75687500
16.60920900
16.70050000
16.76333300
16.08225000
17.31870800
15.99479200
17.30412500
16.32679200
17.01825000
16.05029100
16.78162500
16.59466700
17.26325000
16.16975000
17.22358300
16.70995900
16.68608300
16.60741700
16.63341600
17.13116700
16.59658300
16.04420900
17.51962500
16.10987500
17.07012500
16.94620800
16.52937500
16.69995800
16.75829200
16.82033300
16.45875000
16.80550000
17.17987500
17.52012500
16.97512500
14.92708400
15.89733300
17.96975000
15.44725000
16.10591700
17.32462500
15.53937500
17.00800000
16.86116600
16.72020900
16.07058300
18.37583300
15.27658400
16.87325000
16.82054100
16.55104200
16.08529200
16.87762500
19.52262500
14.36029100
16.01700000
17.23870900
18.09891600
14.61208400
16.87354100
19.34104200
15.88500000
14.70545800
18.57854200
15.32675000
18.44945800
14.97983400
17.12891600
19.53420900
13.10095800
17.16587500
16.66425000
15.90008300
17.87804200
16.10012500
19.22862500
16.00337500
14.85550000
16.26995800
18.35862500
16.08487500
18.80441700
16.19775000
16.02970800
17.25537500
15.56408400
17.45570800
16.13191700
16.10429100
16.54587500
16.15754200
16.75358300
16.62225000
16.82537500
16.73325000
16.55975000
16.84195900
15.74025000
17.25275000
16.69687500
16.57937500
16.81283300
16.03170800
17.46787500
16.25654200
16.98104200
16.90404100
16.59133400
16.51233300
16.77300000
16.81516700
16.67141600
16.50795900
16.29033300
17.18941700
16.66841600
16.69020900
16.20358300
17.14908300
16.95541700
16.83733300
16.49750000
16.29520900
16.74312500
16.96629100
16.69212500
16.23654200
17.01025000
16.73820800
16.77370900
16.62166600
16.09475000
17.49241700
16.47333300
16.76491700
16.71108300
16.53379200
17.47937500
15.95366700
16.09387500
17.22804100
16.12387500
17.29450000
16.48087500
16.82283400
16.47687500
16.74358300
16.26504200
17.27633300
16.80133300
16.08408400
17.03612500
15.87429100
16.81537500
17.30129200
16.87704200
16.92266600
16.57366700
17.02579200
16.60416600
16.11829200
16.54466700
16.59470800
17.34195800
16.90720900
16.61204100
16.78766700
15.95075000
16.70670800
17.41083400
15.94420800
16.69825000
17.28329200
16.70995800
16.11154200
17.32445800
16.86737500
16.70604200
16.70100000
16.63166600
16.27858400
16.63379100
16.85012500
17.05320900
16.65000000
16.67829100
16.63845900
16.80458300
16.63670800
16.65329200
16.79775000
16.55641700
16.74383300
16.41875000
17.28216700
16.44866600
16.99908400
16.03658300
17.27262500
16.67100000
16.78825000
16.66887500
16.66462500
16.66650000
16.67354200
16.65241600
16.48245900
16.86595800
16.80220800
16.63258400
16.22995800
16.07420800
17.34329200
16.73737500
16.99462500
16.78991700
16.72170800
16.62325000
16.65037500
16.77325000
16.58512500
16.43620800
16.47925000
17.17558400
16.72570800
16.55900000
16.59095800
16.66837500
16.50470900
16.61529100
16.69408400
16.65770800
16.66004200
16.13075000
17.17070800
16.96975000
16.55462500
16.58833300
16.66833400
16.99350000
16.87754100
16.93195900
15.68712500
16.65954100
15.76820900
16.84483300
18.41941700
16.33520800
16.94945800
16.60645900
16.34604100
17.03950000
16.55645900
16.69187500
16.16858300
17.03425000
16.77025000
15.94854200
17.52412500
16.18100000
16.83112500
16.49512500
17.20937500
16.68666600
16.62795900
16.66675000
16.71787500
16.82345800
16.50829200
16.71337500
16.70991600
15.90437500
17.52958400
16.60095800
16.71100000
16.55508300
16.87741700
16.59770800
16.57279200
16.93770800
16.51179200
16.60941700
16.66345800
16.78433300
16.67570900
16.67925000
16.87525000
15.96370800
17.11958300
15.98900000
17.30454200
16.83816700
16.51487500
17.03250000
16.45345800
16.49687500
16.92612500
16.70366700
16.61416600
16.19350000
17.33345900
16.58291600
15.91041700
17.27458300
16.87350000
16.67404200
16.69870800
16.59879200
16.80462500
15.88241700
17.49587500
16.64375000
16.64045800
16.60520800
16.84150000
16.89741700
16.26520800
16.92308400
16.59716600
16.61570900
16.21600000
17.35412500
16.59720800
16.66362500
16.62375000
16.10175000
17.36850000
16.69387500
16.61737500
16.63941700
16.54529100
16.04500000
16.64137500
17.12162500
17.00620900
16.80029100
16.40608400
16.91562500
16.76029100
16.63750000
16.68554200
16.59716700
16.62266600
16.74850000
16.11575000
17.31216700
17.44454200
16.12362500
16.61745800
16.59720800
16.59091700
16.19095800
17.19866700
16.75845800
16.64316700
16.68916700
16.06870800
17.38737500
16.66250000
16.70204200
16.06387500
17.32887500
16.54433300
16.73854200
16.68945800
16.57729200
16.79162500
15.70454100
16.98120900
15.59066600
16.64570900
17.36479100
16.64679200
16.71058300
16.91754200
16.72225000
16.84579200
16.64150000
16.65154100
16.98091700
16.60741700
16.62650000
16.76629100
16.74850000
16.87462500
16.98045900
15.86450000
16.57641600
17.48762500
16.77625000
16.64291700
16.57858300
16.14979200
17.33437500
16.69754200
16.73491600
16.83595900
16.34675000
17.07325000
15.94933300
17.06362500
15.94533300
17.37137500
16.67745900
16.67670800
16.80358300
17.43929200
15.63512500
16.05745800
17.15212500
16.85250000
16.26137500
15.85866700
16.88529200
18.09395800
15.38700000
16.21762500
16.55845800
17.22095900
16.42220800
16.69870800
16.37058400
17.00858300
16.84675000
16.66829200
16.19545800
17.39362500
16.70675000
16.63258300
16.73987500
16.89762500
16.48150000
16.12354200
17.23729200
16.89529100
16.71637500
16.64158400
16.68504100
16.78179200
16.76858300
16.82441700
16.78654200
16.58750000
16.70804100
16.65875000
16.63762500
16.98125000
16.53358400
16.64704100
16.64679200
16.78904200
16.55187500
16.26716600
17.11483400
16.62941600
16.98608400
16.68854100
16.71512500
16.70404200
16.44483300
16.58683400
16.71062500
16.57350000
16.31979100
17.20870900
16.72962500
17.62958300
15.84108300
16.66700000
16.57316700
16.66737500
16.66325000
16.68712500
17.05441700
16.74787500
16.64108300
16.81966700
16.63391600
16.45495900
16.88400000
16.17900000
16.95391600
16.48995900
16.66325000
17.01700000
16.76058300
16.60158300
16.75304200
16.78800000
16.14570800
17.08050000
16.62941700
16.05850000
17.38437500
16.19204200
16.62366600
17.28508400
16.50383300
16.81566700
16.73733300
16.63962500
16.66454200
16.71908300
16.62954200
16.73550000
16.72025000
16.66550000
16.63516600
16.71704200
16.60241700
16.80237500
16.76329100
16.47041700
16.77608300
16.72341700
16.53191700
16.73254100
16.68283400
16.92941600
16.52900000
16.43483400
16.18645800
17.45912500
16.71125000
16.40354200
16.89208300
16.59070800
16.40612500
16.71733400
16.69154100
16.25250000
17.34670900
16.75433300
16.75533300
15.83604200
17.57120800
16.74787500
16.41925000
16.65158400
16.39229100
16.72445900
17.16379100
16.56950000
16.77250000
16.59241700
16.68783300
16.68637500
16.75187500
16.44333400
16.24254100
17.27879200
16.29441700
17.08400000
15.83970800
17.14591700
16.71225000
16.65462500
16.19583300
16.61558300
17.27691700
16.58733300
17.06937500
16.83104200
16.60158300
16.71004200
16.17995800
17.03675000
16.39950000
16.49650000
17.08566700
16.78041700
16.38820800
16.66333300
17.22187500
16.05341700
17.01533300
16.43125000
16.59908400
16.38145800
16.83879200
17.32120800
16.22787500
16.96195800
16.75554200
16.82245800
16.71975000
16.74858400
16.20225000
16.17012500
17.16762500
16.63195800
16.67037500
16.72866700
16.72075000
16.91395800
16.03341700
16.62254100
16.44779200
16.64700000
17.38004200
15.49241600
17.12125000
16.24520900
17.03629100
16.48795900
16.35370800
16.51875000
16.87862500
17.13312500
16.76233300
16.04287500
16.70145900
17.30229100
17.06950000
16.34654200
16.99716700
16.35637500
16.68700000
16.42375000
16.51370800
16.94595800
16.84950000
16.60883400
16.68750000
16.75420800
16.41837500
17.01787500
16.72975000
16.54483300
16.72204200
16.50529200
16.06816600
16.82058400
16.96987500
16.71416600
17.05125000
16.77929200
16.66079200
16.19145800
17.14337500
16.24775000
16.41095800
16.76362500
17.55625000
16.75258400
16.78641600
16.37558400
16.85737500
16.15012500
16.79279100
16.51104200
17.17866700
16.90483300
16.64283300
16.67283400
16.81262500
16.67800000
16.61445800
16.63045800
16.65170900
16.91766600
16.86750000
16.66187500
16.72850000
16.68679200
16.63904200
16.10958300
17.17550000
16.71229200
16.78816600
16.64883400
16.06616600
17.27416700
16.79716700
16.48587500
16.70958300
16.83283300
16.61495900
16.67000000
16.80787500
16.50300000
16.97816600
16.79425000
16.51854200
16.90741700
16.68866600
16.59250000
16.73920900
16.68125000
16.62504100
16.66079200
16.75341700
16.87475000
16.44000000
16.78587500
15.73008300
17.13625000
16.71104200
17.10779100
16.52445900
16.71862500
16.67254100
16.36058400
17.19462500
16.64966600
16.67766700
16.30812500
16.64458300
16.81375000
16.64745900
16.60033300
16.67187500
16.74804200
16.71166600
16.24533400
17.00216600
16.74016700
16.89550000
16.55637500
16.85441700
16.70075000
16.26241600
15.98658400
15.89404100
18.60687500
16.30625000
17.27666700
16.44066700
16.72612500
17.01441600
16.56120900
16.61170800
16.71404200
15.87266600
17.42800000
16.85241700
15.93512500
17.34920800
16.68545900
16.61391600
16.60879200
16.13345800
17.15812500
16.02412500
17.24233400
16.91554100
16.32195900
16.73629100
16.64816700
16.55520800
17.04725000
16.54104200
17.06275000
16.34729200
16.81545800
16.67129200
16.53150000
16.88658300
16.37983300
17.00958400
16.41125000
17.08037500
15.85454100
16.58787500
17.30837500
16.85875000
16.57554200
16.57775000
16.55425000
16.64116700
16.82408300
16.58829200
16.53775000
16.91212500
16.55925000
16.68891600
16.76570900
16.61566600
16.61200000
16.78012500
16.48783400
16.82558300
16.70383300
16.92950000
16.41791700
16.24225000
17.39445800
15.93966700
17.00404200
16.63645800
17.20191700
16.04995800
17.20987500
16.76191700
16.71795800
16.78700000
16.67154200
16.47729100
16.83325000
16.67770900
16.78325000
16.59225000
16.61150000
16.68566600
16.70454200
16.68570800
16.70712500
16.61195900
16.73262500
16.13420800
17.26079200
16.26383300
16.76645800
16.57829200
16.97866700
16.81929100
16.64312500
16.44104200
16.93329200
16.57066600
16.11233400
17.28583300
16.39670800
17.01541700
16.75654200
16.64425000
16.60450000
16.47916600
16.71454200
16.67300000
16.59025000
16.75416700
16.67775000
15.90137500
17.44958300
16.19325000
17.16229200
16.69050000
16.72783300
16.54937500
16.77616700
16.08170800
17.12241700
16.86583300
16.68920800
16.59245900
16.69487500
16.63620800
16.24516700
17.18245800
16.70287500
17.12212500
15.73191700
17.49770800
16.59912500
16.43766700
16.80333300
16.84012500
16.27441700
17.34704100
16.59512500
16.65550000
16.21637500
16.63975000
16.66800000
17.13958400
16.81912500
16.17804100
17.10066700
16.72591700
16.65779100
16.33912500
16.78745900
16.53500000
16.11691600
17.21937500
17.04550000
16.96929200
16.10216700
16.88150000
16.05391600
17.28391700
17.06658300
16.46662500
16.51604200
16.06479200
17.37150000
16.01816600
17.24241700
16.72862500
16.52304200
16.67516600
16.69487500
16.59970900
16.75837500
16.74987500
16.60283300
16.65958300
16.66125000
16.68179200
16.75550000
16.50825000
16.97658300
16.88766700
16.62858300
16.74062500
16.84941700
15.83345800
16.75141700
17.30775000
16.25475000
16.14829200
16.93212500
16.67762500
16.64908300
16.52758300
16.53883400
16.50133300
16.95858300
16.71004200
16.04212500
17.53358300
16.73641700
16.56566700
16.79516600
16.94341700
16.83541700
16.69691600
16.54733400
16.75887500
16.02291600
17.33641700
16.82141700
16.51575000
16.10191600
16.68900000
17.18729200
16.74445800
17.08895900
15.64400000
17.28129100
17.04279200
16.89720800
15.97262500
16.42575000
17.17412500
16.30704200
17.11566700
16.65183300
16.64858300
16.62012500
16.96070900
15.91562500
17.19020800
16.62083300
16.87620900
16.56737500
16.04808300
17.27575000
16.66062500
17.04995800
16.33725000
16.42758400
16.37183300
17.00966700
16.90708300
16.66683300
16.71766700
16.27470800
17.33516700
16.83525000
16.59662500
16.66500000
15.89183300
17.00600000
16.47358400
17.15487500
16.03729100
17.28162500
16.70095900
16.27641600
16.48658400
17.26366600
16.66645900
16.63904100
16.75379200
16.09437500
17.37741700
16.01379100
17.04545900
17.32629100
16.43629200
16.99875000
15.96662500
16.31591700
17.27820800
16.58787500
17.10829200
16.54500000
16.69879100
17.01570900
16.56487500
16.50254100
16.89437500
16.43337500
16.92208400
16.47120800
15.86350000
16.61287500
17.14508300
16.39295900
16.50700000
16.72979100
16.70341700
16.67925000
17.33454200
16.62137500
16.70941600
16.59683400
16.38912500
16.46658300
17.16587500
16.67033300
17.16725000
16.04850000
17.14395900
16.93162500
16.54620800
15.86766700
16.68320800
16.27304200
16.90737500
17.40783300
15.99570800
17.30029200
16.07883300
17.36462500
16.05341700
17.25545800
16.68020900
16.61683300
16.65200000
16.98833300
16.67145900
16.45445800
17.01362500
16.35691700
16.90370800
16.87183300
16.73104200
16.76845800
16.57658400
16.77575000
16.55495800
16.79145800
16.47637500
16.86945900
16.48583300
16.80091700
16.78816600
16.66100000
16.65816700
16.51791700
16.06258300
17.33195800
16.83641700
16.44033300
16.51625000
16.32500000
16.44862500
17.25162500
16.56216700
16.79166700
16.21662500
16.52050000
17.40025000
16.50462500
16.43583300
17.03604200
16.62395800
16.71229200
16.63183300
16.66804200
16.78454100
16.89075000
16.97275000
15.52662500
17.30337500
16.66141700
16.67545800
17.10383400
16.80129100
16.36300000
16.12133400
16.67575000
16.97033300
17.03670800
16.53420900
16.49616600
17.10562500
16.81187500
16.47591700
16.62754200
17.01891600
16.12954200
16.89137500
16.50620800
16.63529200
16.98083300
16.37291700
17.05504200
16.38525000
17.02254100
16.20433400
16.94291600
16.48500000
16.72454200
17.03758300
16.71895900
16.75066600
16.60804200
16.77337500
16.55425000
16.80116700
16.49058300
16.80541700
16.57454100
16.56583400
16.60591600
16.60516700
16.60925000
16.87425000
16.70125000
15.95870800
17.32608400
16.74929100
16.66258400
16.62375000
16.30645800
16.79666700
17.04954100
16.57812500
16.62433400
16.66658300
16.81445800
16.56895900
16.75475000
16.06166600
16.62462500
17.30566700
16.16587500
17.10679200
16.84737500
16.70675000
16.52225000
16.67508300
16.13370800
17.28804200
16.73608300
16.69904200
16.62966700
16.63570800
16.75783300
16.90025000
16.72254200
16.42391700
17.06887500
16.70025000
16.66591600
16.70112500
16.63179200
17.14866700
16.36858300
16.55754200
16.71566600
16.60258400
16.34416600
17.09095900
16.72516600
16.15687500
16.66933400
16.96820800
16.96483300
16.63362500
16.66733400
16.68891600
15.90425000
17.10212500
16.70625000
16.05079200
17.49841700
16.91920800
16.54137500
16.42250000
17.05633300
16.52083400
16.37333300
17.13050000
16.59037500
16.62270800
16.87179200
16.73683300
16.59725000
16.74095900
16.53491600
16.76908400
16.76241600
16.67662500
16.59866700
16.63933300
16.76412500
16.08916700
17.25604200
16.72141600
16.65225000
16.08408400
16.44387500
17.48975000
16.67025000
16.55312500
16.83375000
16.20491600
15.77129200
16.79291700
16.67500000
16.66420800
16.49279200
16.96370800
16.73104200
16.63025000
16.87795800
16.99816700
16.34729100
16.07058400
17.36583300
16.26641700
17.32237500
16.56820800
16.82070800
16.68925000
16.62416700
17.04125000
16.20512500
16.16333300
16.27400000
16.94241700
16.70966700
16.68695800
16.62066700
16.15558300
16.60704200
17.13058300
16.83041700
16.83341600
16.71700000
16.81658400
16.08154100
17.27654200
16.81875000
16.85462500
16.12408300
17.38920900
16.63350000
16.06241600
17.22945900
16.98029100
16.58945900
16.12608300
17.35633300
15.99937500
17.29770900
16.60154100
17.11804200
16.93279200
16.05504100
16.28479200
16.60658300
16.54508400
16.44708300
16.52600000
17.36695800
16.58700000
16.16058400
16.32050000
17.53458300
16.96733300
16.55362500
16.75141700
16.19875000
16.69041700
16.21008300
17.25870800
16.89175000
16.87520900
16.74825000
16.65804100
16.92795900
15.96970800
16.65395800
17.30337500
16.55579200
16.53341700
16.31645800
17.47879200
16.65054100
16.81416700
16.11812500
16.82237500
16.92366700
16.69120800
16.68525000
16.74966700
16.35841600
16.89441700
17.26237500
16.11550000
17.20908300
15.72937500
16.76433400
16.35445800
16.39470800
16.76741700
17.98483300
15.93675000
17.16700000
16.52062500
16.83029200
17.65137500
15.63425000
16.44845800
16.11050000
17.14845900
16.81225000
16.05216600
17.26379200
16.71270800
16.36008400
15.89341600
17.34625000
16.42900000
16.92908400
17.09995800
16.71575000
16.38070800
16.45779200
17.04079200
16.74937500
16.54179100
15.78995900
17.20658300
16.61950000
16.79495800
16.52595900
16.17916600
17.08412500
17.21270900
15.91583300
17.31479200
16.55929100
16.06166700
17.21891700
16.76641600
16.58066700
20.06783300
13.31445900
18.29250000
15.20062500
18.06483300
15.38779200
18.34604100
15.00200000
18.42587500
17.48429200
14.09945800
17.76345900
17.91654100
16.51204200
16.72916700
14.42866600
17.06033400
16.94337500
16.42300000
16.65570800
21.67379200
13.24362500
17.01254100
15.40000000
16.86120900
17.72937500
16.41108300
16.86779200
16.17612500
17.02275000
16.22600000
16.73483300
16.67450000
16.92370800
16.53558400
16.69641600
16.12270900
16.02879100
16.73133400
16.93225000
16.77558300
16.85891700
16.81120800
16.75054200
16.68670800
16.76450000
16.51391700
16.65516600
16.78529200
16.71233300
15.94683400
16.76966600
17.51245900
16.92441600
16.21066700
16.83183300
17.04862500
16.62108400
16.64162500
16.50870800
16.80020800
16.75404200
17.26325000
16.12650000
16.38000000
15.40941700
16.91475000
16.71241600
16.73608400
16.56245800
16.88433300
17.81800000
15.67704200
16.29412500
16.89158300
16.61350000
16.69629200
16.68258300
16.87979200
16.17641700
17.02258300
17.55104200
15.90625000
16.56579100
16.67250000
16.73733400
16.17991600
16.45962500
17.24545900
16.60762500
16.27112500
17.10837500
17.10675000
15.74612500
17.18216600
16.96487500
15.72845900
17.32337500
16.87650000
16.78595800
17.09720800
16.49383400
16.90250000
16.58583300
16.54716700
17.02045800
16.93979200
16.31104100
16.74758400
16.09875000
17.13966600
16.68841700
16.63954200
16.62487500
16.74579100
17.04433400
16.69558300
16.70254200
16.64583300
16.64608300
16.15266700
16.75975000
17.87912500
16.11070800
16.62645900
16.65016600
16.66525000
16.66062500
16.67845900
16.67600000
16.66337500
17.14541600
16.83120900
16.08175000
16.63770800
17.10720800
16.71375000
16.41154200
16.77720800
16.83525000
16.57316700
16.87520800
16.51608400
16.72512500
16.35758300
16.63616700
17.12350000
16.78729100
16.63741700
16.74808300
16.60275000
16.42420900
16.85020800
16.25062500
17.18787500
16.69970800
16.47483400
16.88054100
16.76608400
16.54579100
16.77166700
16.78191700
16.65625000
16.35320800
16.98787500
16.63008300
16.68895900
16.21120800
17.14354200
16.81720800
16.66975000
16.55345800
16.71604200
16.05491700
17.26745800
16.71920800
16.76754200
16.49633300
16.84558400
16.67745800
16.67320800
16.63729200
17.16275000
15.87987500
16.69166700
16.68233300
16.60025000
16.18829200
17.16366600
16.65975000
16.70945900
16.52137500
17.16087500
16.79562500
16.71758300
16.56570800
16.81854200
15.88937500
17.32350000
16.83937500
16.47304200
16.67587500
16.76362500
16.31625000
17.12329100
16.78479200
16.08725000
17.18787500
16.72712500
16.50816700
16.91504100
16.47508400
16.83670800
16.52525000
16.57679200
17.12525000
16.28620800
16.79525000
16.86908300
16.33258400
16.38379100
16.47004200
16.94887500
16.73279200
16.76787500
16.52604100
16.70495900
16.84070800
16.84625000
16.40770800
16.64470900
16.68625000
16.73041600
16.93158400
16.40633300
16.73470800
16.97458400
16.74595800
16.54716700
16.19054100
16.87500000
16.97312500
16.79512500
16.46275000
16.12595900
17.12904100
16.62204200
16.95358300
16.47187500
16.67095900
16.63795800
16.81450000
16.69491700
17.03870800
16.19525000
17.00116700
16.33312500
16.73679100
17.05708400
16.38687500
17.00541600
16.72250000
16.42445900
16.91304100
16.72945900
16.42195800
16.53050000
16.71708300
16.20733400
17.13029100
16.81670900
16.53170800
16.67400000
16.72066700
16.54970800
16.68712500
16.77375000
16.77620800
16.57820900
16.72000000
16.85345800
15.88933300
16.91762500
16.18295900
16.50095800
16.75758300
16.98175000
18.41716700
16.25508300
16.18066700
16.97754200
16.72550000
16.65179100
16.61941700
16.82220800
16.15816700
17.11458300
16.65229200
16.69725000
16.70837500
16.65216700
16.65883300
16.09862500
16.88775000
16.84933300
16.61745900
16.60720800
16.64129200
17.11070800
16.78325000
16.12491700
16.59366600
17.14995900
16.80408300
16.33979200
16.44425000
17.18620800
16.79954200
16.08437500
16.37258300
16.47825000
15.84737500
17.16400000
16.67200000
19.17354200
16.32237500
16.76050000
15.45625000
16.62033300
16.99883300
16.87550000
16.68591700
16.76029200
16.64416600
16.64370900
16.71320800
16.65558300
16.61808400
16.83454100
16.57958400
16.70166600
16.69666700
16.12491700
17.20937500
16.73320800
16.12816700
17.21241600
16.65908400
16.82933300
16.55454200
16.05141600
17.07579200
16.86095800
16.70350000
16.72304200
16.80858300
16.59579200
16.67375000
16.70329200
16.17658300
17.14658300
16.05483400
17.21962500
16.48091600
15.98887500
16.80233400
16.35000000
16.76795800
15.96300000
17.36875000
16.84645800
16.80262500
16.59358400
17.04525000
16.50945800
16.70966700
16.68850000
16.82729100
16.88825000
16.72612500
16.67954200
16.16866700
17.13466600
16.62962500
16.73050000
16.66208400
16.60816600
16.77150000
16.69304200
16.60729200
16.68037500
17.01308300
16.40575000
16.80029200
16.90112500
16.52600000
16.82279100
16.93429200
16.59337500
16.48754200
16.94879100
16.41712500
16.87179200
16.58725000
15.75350000
17.55566700
16.45333300
16.95912500
16.99395800
16.51187500
16.52937500
16.85112500
16.52458400
16.56558300
16.81466700
16.65695800
16.29533300
16.37645900
16.50829100
15.95833400
17.17145800
16.07154200
18.32241600
15.69608400
16.15575000
16.67429100
16.67225000
16.91212500
16.68912500
16.81133400
16.77654100
16.62441700
16.23445800
17.25537500
16.67262500
16.93137500
16.75116700
16.59554200
16.88466600
16.75333400
16.70450000
16.60908300
16.66683300
16.69212500
16.71137500
16.73137500
16.31933400
17.29633300
16.51270800
15.99187500
17.28866700
16.07075000
17.33729200
16.81520800
16.70108300
16.90737500
16.65979200
16.66479200
16.17187500
17.15304100
16.63425000
16.76362500
16.65383400
16.63550000
16.70083300
16.76666700
16.16629100
17.17587500
16.71300000
16.59766700
16.93262500
16.72320800
16.71700000
15.85733400
17.06270800
16.39400000
17.16529200
16.62637500
17.10108300
16.59512500
16.77566700
16.52395800
16.66104200
16.47266600
16.68875000
16.37779200
17.46154200
16.53562500
16.72358300
16.69404200
16.66425000
16.89504100
16.47679200
16.26220800
16.07804200
17.29637500
17.11320800
16.84933400
16.62450000
16.61783300
16.63762500
16.54850000
16.38695800
16.82175000
16.57637500
17.07500000
16.43833400
16.96283300
16.48679200
16.84704100
16.25362500
16.99887500
16.65975000
16.37954200
17.13162500
16.67441700
16.73654100
16.81479200
16.42283300
16.54508400
17.03575000
15.92766600
16.51004200
16.83462500
16.98354200
16.90529100
16.93020900
15.65812500
17.23150000
16.43891600
17.21729200
16.66883300
16.61016700
16.15500000
17.41545800
16.64962500
16.69379200
16.44283300
16.98375000
16.38408400
16.90095800
16.55441700
16.66404100
16.56425000
16.64529200
16.65687500
16.68462500
16.74995800
16.57437500
16.73625000
16.65158400
16.68483300
16.76766700
16.57908300
16.70616700
16.64179100
16.60345900
17.05379100
16.38829200
16.50562500
17.17154200
16.82608300
16.61887500
16.59841700
16.75475000
16.73091600
16.63920900
16.71441600
16.08658400
17.27741600
16.75154200
16.53604200
16.81062500
16.63741600
16.65083400
16.71612500
16.60800000
16.67775000
16.17583300
17.25616700
16.07225000
16.63108300
17.27600000
17.32950000
15.31333300
16.51929200
16.49691700
16.63200000
17.76020800
15.13179200
17.26779100
16.67504200
16.56200000
16.52150000
17.02608300
16.45354200
16.69662500
16.79808300
15.97625000
17.22920900
16.69900000
16.15841600
17.38950000
16.42529200
16.63012500
16.59108300
17.11200000
15.91366700
17.27212500
16.86070800
16.13670900
16.73266600
16.89408400
16.75433300
16.72158300
16.14970900
17.22112500
16.75900000
16.12204100
16.39925000
16.73004200
17.46741700
16.37366600
16.93095900
16.23741600
17.26608400
16.95112500
15.98912500
16.56158300
16.27079200
16.64158300
17.02983300
16.53379200
16.53479200
17.49179100
16.20095900
17.82929100
16.09412500
16.85654200
17.03508300
16.13258400
17.30937500
16.46783300
16.86566700
16.69579100
16.81300000
16.84000000
16.63637500
16.22000000
17.09541700
16.20679200
16.60404100
16.72825000
17.18429200
16.68545800
16.40795900
17.07237500
16.56050000
16.70529100
16.68675000
16.59254200
16.75833300
17.00962500
16.34025000
16.04775000
16.86250000
17.00200000
16.36475000
17.09700000
15.98750000
16.81995900
17.39054100
16.81762500
16.83041700
15.80670800
17.38433400
16.02245800
17.14129200
16.44325000
16.19604100
17.22187500
16.45745900
16.59550000
17.25804100
16.64158400
16.08233300
17.16900000
16.74254200
16.73445800
16.84675000
16.47354200
16.31683300
17.16841700
16.89712500
16.08554100
17.26037500
16.91387500
16.66475000
16.50945900
16.76550000
15.94145800
17.49970800
16.22541700
16.88266700
15.91258300
17.48975000
16.84633300
15.89000000
16.55741700
17.17683300
16.64720900
16.57862500
17.22904100
16.86283400
16.38550000
16.09691600
16.21933400
16.18866600
18.70979200
16.22883300
17.13587500
16.48487500
16.10554200
16.89375000
15.95870800
17.48950000
16.57058400
16.76533300
16.48870800
16.42820900
16.98958300
16.10087500
17.27841700
16.05416600
17.20937500
17.10554200
16.22191700
17.08945800
16.83333300
15.66483400
17.44625000
16.59495800
16.62654200
16.51245800
16.82133300
16.64658400
16.95191600
16.67579200
16.63033300
16.92337500
16.23412500
16.61225000
16.69133400
17.03408300
16.82966700
16.24491600
16.68895900
16.03504100
16.70591700
17.23004200
16.70929100
16.69262500
16.68895900
16.68583300
16.69220800
16.69920900
16.69216600
16.82666700
16.60954200
16.55579100
16.73091700
16.64487500
16.71816700
17.02608300
16.85995800
16.49620900
16.79466600
16.66187500
16.30475000
16.48775000
17.22550000
16.60475000
16.59154200
16.55741700
16.32166600
16.59954200
17.04550000
16.67125000
16.76083300
15.95762500
17.40237500
16.77575000
16.35475000
16.23650000
16.91762500
17.06433400
16.63625000
16.76716600
16.63537500
16.65741700
16.10845800
17.20708400
17.10250000
16.82858300
16.17458300
16.93837500
16.76737500
16.84850000
16.64925000
16.65237500
16.65362500
16.62991700
16.76637500
16.62170800
16.74591700
16.03520800
17.30062500
16.70370900
16.77983300
16.21437500
17.08354200
16.57670800
16.68083300
16.82495900
16.58987500
16.69912500
16.74662500
17.16133300
16.21645800
16.69254200
16.66162500
16.71679200
16.68812500
16.56191600
16.74279200
16.71670800
16.64366700
16.59758300
16.79150000
16.65900000
16.67283400
16.76558300
16.48787500
16.41079200
16.76287500
16.41091600
17.38970900
16.68575000
16.68020800
16.35316700
16.11395800
15.91137500
17.01358300
16.89520900
16.68975000
16.68225000
16.90508300
16.73729200
16.68120800
16.65862500
16.67208300
16.71725000
16.63137500
17.04820900
16.69687500
16.41304100
16.64712500
16.59454200
16.68716700
16.70383300
16.74412500
16.55258300
17.06129200
16.75629200
16.66004100
16.65491700
16.66766700
16.70354100
16.68158400
16.65204100
17.06962500
16.81366700
16.60104200
16.73954100
16.19170900
16.96683300
16.89987500
16.91037500
16.26204200
16.46966600
16.82066700
16.99600000
16.66750000
16.91979200
16.49104100
16.65366700
16.51291700
16.72675000
16.66295800
16.70812500
16.80304200
16.64391600
16.79733400
15.77900000
17.32575000
16.67591600
15.81916700
17.14195800
16.16787500
16.97125000
16.65687500
16.45650000
17.52662500
17.05833400
16.59925000
15.93045800
17.20000000
16.80462500
16.51879200
16.88129100
16.55662500
16.56675000
16.77833400
16.80175000
16.66208300
16.68375000
16.62258300
16.80262500
16.55016700
16.81208300
16.74637500
16.46187500
16.68695900
16.77270800
16.61662500
16.75445800
16.72087500
16.71975000
16.73391700
15.99875000
17.28312500
16.62287500
16.74595800
16.66020900
16.68554100
16.37833400
16.94554100
16.22508400
17.21287500
16.71266600
16.36304200
15.83275000
17.37366700
17.02450000
16.86816600
16.64679200
16.74775000
16.60270800
16.60004200
16.74429200
16.59458300
17.13679200
16.47133300
15.99933300
17.14054200
16.77429200
16.75341600
16.62670900
16.59308300
16.09429200
17.27737500
16.65491600
16.16250000
17.43233400
16.42820800
16.77550000
16.10100000
17.40050000
16.60637500
16.64145800
15.95029200
17.37216700
16.75041600
16.64308400
16.53766600
16.86570900
16.55129100
16.70787500
16.67945900
16.70366600
16.68095900
16.23154100
17.19204200
18.49375000
14.41108300
16.84804200
15.99341700
16.68470800
16.54983300
17.24754200
16.28879200
15.89937500
16.66404100
16.81733400
16.87558300
16.60000000
16.24416700
17.29725000
16.76608300
16.65945800
16.45037500
17.15587500
16.29129200
16.53262500
17.48650000
16.12358300
17.26575000
16.05166700
17.30925000
16.72345800
16.42287500
17.32595900
16.73266600
16.59250000
16.75245900
16.03758300
17.21216700
16.18362500
17.10295800
16.76800000
16.72387500
16.27670800
17.01250000
16.70629200
16.84720800
16.52687500
16.41250000
16.90916700
16.41479200
16.92229100
16.12533400
17.23650000
17.14195800
16.77237500
16.57479200
16.78216600
16.12666700
17.22975000
16.63537500
16.65783300
16.77158400
16.51804100
16.85150000
16.74100000
16.70441700
16.53366700
16.73220800
16.66150000
16.71575000
16.08575000
17.26429200
16.62370800
16.17379200
17.11720800
16.70345800
16.91512500
16.48879200
16.77933300
16.61466700
16.64912500
16.60612500
16.86329200
16.10245800
17.16529200
16.91658300
16.36808300
16.78737500
16.86933400
15.85991600
17.33533400
16.76062500
17.39595800
15.42016700
17.21433300
16.43979200
16.86191600
15.97337500
17.11883400
16.81600000
15.94929100
16.57225000
17.51808400
16.24795800
17.13637500
16.63304200
16.73970800
16.30054200
16.79162500
16.60604100
16.95179200
16.86816700
16.75266600
16.63654200
16.68637500
16.23191700
16.79125000
16.67395800
16.03016700
17.16879100
16.73583400
16.63750000
17.16516600
16.14783400
16.83283300
17.13141700
16.65387500
16.66383300
16.70387500
16.65595800
16.67633400
16.81341600
16.57758400
16.60791600
16.68400000
16.72379200
16.69437500
16.67691700
16.02912500
17.21262500
16.88179100
16.69220900
16.62354100
16.68900000
16.55483400
16.76866600
16.69400000
16.61433400
16.75308300
16.76900000
16.62195800
16.47987500
16.68737500
15.42925000
17.01320900
16.59745800
16.15716700
17.28737500
16.54283300
16.74470800
16.70250000
16.72062500
16.81729200
15.97354200
17.07375000
16.74720800
16.55316700
16.85812500
15.90329100
17.31862500
16.82762500
16.62395900
16.85225000
16.07795800
17.17166700
16.76208300
16.88733300
66.96645900
3.60925000
16.70612500
9.73070800
20.04800000
13.29866700
16.75004100
16.63816700
16.62858300
17.31579200
15.88733300
16.87154200
16.61266700
16.63954100
17.57183400
15.71266600
16.72770900
16.75875000
16.62333300
17.51804200
15.88187500
16.51854100
16.91670900
16.42262500
16.58145800
16.52758300
16.76625000
16.83200000
16.44229200
16.62141700
16.71766600
16.59670900
16.91275000
16.78779100
16.27729200
16.90779200
16.61750000
16.64220800
16.75075000
16.52958300
16.60808400
16.74912500
16.66304100
16.72395900
16.70091600
16.58775000
16.49345900
16.73316600
16.71633400
17.02895800
16.34808300
16.67833400
16.66325000
16.64254100
16.79566700
16.64654200
16.61762500
16.65758300
16.65929200
16.66208300
16.76212500
16.61900000
16.66704200
16.59812500
16.71033300
16.66441700
16.65416600
16.64783400
16.68491600
16.66229200
16.72466700
16.61095800
16.76095800
16.56825000
16.60983400
16.74991600
16.65187500
16.65129200
16.66929200
16.71345800
16.78504200
16.50358300
16.72191700
16.65033300
16.62637500
16.67725000
16.64670800
16.71258400
16.61162500
16.73937500
16.62175000
16.66179100
16.82495900
16.58437500
16.67654100
16.67116700
16.63691700
16.67833300
16.63683300
16.59633400
16.80162500
16.67100000
16.58258300
16.64191700
16.61000000
16.83775000
16.44766600
16.91937500
16.53037500
16.70266700
16.62733300
16.68370900
16.65062500
16.69045800
16.66437500
16.67962500
16.60225000
16.71883300
16.71200000
16.66275000
16.55770900
16.67954100
16.72979200
16.58591700
16.72991600
16.61745900
16.70591600
16.69104200
16.60675000
16.72320800
16.69320900
16.68562500
16.59391600
16.64758400
16.77591600
16.65308400
16.59104100
16.71220900
16.60600000
16.87945800
16.48470800
16.65266700
16.65762500
16.70708300
16.63337500
16.69187500
16.65895900
16.66508300
16.68012500
16.65854200
16.70445800
16.55562500
16.70620800
16.51025000
17.02991700
16.52141700
16.70716600
16.60208400
16.61091600
16.73100000
16.63266700
16.68758300
16.70670900
16.66237500
16.61437500
16.74958300
16.55408300
16.65304200
16.69679200
16.67366600
16.66004200
16.67795800
16.67025000
16.62954200
16.71566700
16.74041600
16.55141700
16.79925000
16.56050000
16.70487500
16.65012500
16.67391700
16.72158300
16.55445800
16.66645900
16.71891600
16.62712500
16.65958400
16.65650000
16.66716600
16.69041700
16.71250000
16.63566700
16.63783300
16.66350000
16.71087500
16.62966700
16.67462500
16.67179100
16.67012500
16.67233400
16.65583300
16.81612500
16.51525000
16.69483300
16.67275000
16.65454200
16.67483300
16.66545900
16.64758300
16.66441700
16.65375000
16.66958300
16.70975000
16.75095800
16.62083400
16.61895800
16.64958300
16.64891700
16.72179200
16.61416600
16.69579200
16.64333300
16.70041700
16.81375000
16.48916700
16.65425000
16.61433300
16.72500000
16.68050000
16.61008300
16.69725000
16.65070900
16.68762500
16.66150000
16.74658300
16.59379200
16.70395800
16.65237500
16.64883300
16.67012500
16.83091700
16.52420800
16.61016700
16.71458300
16.62975000
16.68045900
16.77395800
16.54350000
16.65800000
16.71279200
16.81945800
16.50629200
16.61795800
16.61879200
16.64058300
16.77725000
16.72950000
16.62516700
16.70154100
16.66333400
16.71204100
16.47554200
16.71962500
16.72804200
16.81066600
16.64350000
16.53233400
16.66012500
16.63675000
16.80895800
16.53937500
16.76391700
16.77729100
16.55695900
16.65404100
16.59358400
16.71545800
16.61641700
16.73908300
16.58670800
16.64550000
16.76508400
16.60387500
16.70541600
16.63937500
16.69337500
16.65475000
16.61545900
16.71883300
16.61166700
16.69504100
16.63291700
16.68958300
16.61858400
16.80375000
16.57116600
16.75108400
16.59804100
16.63437500
16.62425000
16.78254200
16.61008300
16.63112500
16.71945900
16.81979100
16.53350000
16.67758400
16.62583300
16.82712500
16.50295800
16.68966700
16.66625000
16.69366700
16.65258300
16.70062500
16.64008300
16.64316700
16.65270800
16.75041700
16.60345800
16.47725000
16.95770900
16.53154100
16.64516700
16.61012500
16.73762500
16.62625000
16.66679200
16.72845800
16.61837500
16.63908300
16.71262500
16.70525000
16.75675000
16.70904200
16.55683300
16.66337500
16.69237500
16.62325000
16.66912500
16.65220900
16.76937500
16.58308300
16.68345800
16.78308400
16.57037500
16.61104100
16.67658400
16.66300000
16.62758300
16.70095800
16.68458400
16.70862500
16.71670800
16.57504200
16.71441600
16.72412500
16.56466700
16.63687500
16.67650000
16.64537500
16.72400000
16.58562500
16.71225000
16.67666700
16.70445800
16.61066700
16.81229100
16.55245900
16.66379100
16.64575000
16.68045900
16.68579100
16.70583400
16.61062500
16.61804100
16.74008400
16.64925000
16.69854100
16.63862500
16.66362500
16.87083400
16.41529100
16.70900000
16.70341700
16.60645800
16.66862500
16.65491700
16.65200000
16.72962500
16.68695800
16.65200000
16.67783400
16.78558300
16.56270800
16.64900000
16.62208400
16.67595800
16.71004200
16.66404100
16.46770900
16.89316600
16.68433400
16.59308300
16.64729200
16.65508300
16.68441700
16.68016600
16.62833400
16.69729100
16.66179200
16.68420800
16.60725000
16.87687500
16.50237500
16.65500000
16.66879200
16.64937500
16.64570800
16.69241700
16.66145800
16.68462500
16.97391700
16.49954200
16.60929100
16.67845900
16.61375000
16.70245800
16.80679200
16.59354100
16.73379200
16.49625000
16.65737500
16.51112500
16.71229200
16.72537500
16.53120800
16.72791700
16.70070800
16.84620800
16.71770900
16.42062500
16.65575000
16.75841600
16.60729200
16.72325000
16.66966700
16.78441600
16.60500000
16.81808400
16.66354100
16.54858400
16.75145800
16.56387500
16.69695800
16.55941700
16.68258300
16.67012500
16.67687500
16.87095900
16.41754100
16.69562500
16.76575000
16.73108400
16.53383300
16.66050000
16.64258300
16.66020900
16.80145800
16.50875000
16.67129200
16.68637500
16.65691600
16.70308400
16.70308300
16.64425000
16.68604200
16.64812500
16.62058300
16.68120800
16.66583400
16.77008300
16.55120800
16.68795900
16.66279100
16.65541700
16.68950000
16.63433300
16.68387500
16.64925000
16.78162500
16.57608400
16.64950000
16.66541600
16.62445900
16.69662500
16.81654100
16.60329200
16.69229200
16.77291600
16.48545900
16.70416600
16.61808400
16.61870800
16.72345800
16.64133400
16.62675000
16.72483300
16.88745800
16.43091700
16.71116700
16.65670800
16.64100000
16.80741700
16.54408300
16.72658300
16.61858400
16.82670800
16.46262500
16.67229200
16.65083300
16.73087500
16.72445800
16.60516700
16.66975000
16.60762500
16.67470800
16.77662500
16.53025000
16.66695900
16.73383300
16.61654200
16.64941600
16.70933400
16.66266600
16.92483400
16.38787500
16.69950000
16.63854100
16.69233400
16.67725000
16.62258300
16.68070800
16.67387500
16.71850000
16.58104200
16.72933300
16.63612500
16.61270900
16.65750000
16.67583300
16.73879200
16.71125000
16.60308300
16.61183300
16.75475000
16.60262500
16.77300000
16.65075000
16.58683400
16.86970800
16.44641700
16.78158300
16.62812500
16.71912500
16.54708300
16.77541700
16.56950000
16.70404200
16.66779100
16.61891700
16.69208300
16.69791700
16.77304200
16.62029100
16.66491700
16.62641700
16.60941600
16.74500000
16.62666700
16.61195800
16.72566700
16.64016700
16.65029100
16.65891700
16.71341700
16.61412500
16.73020800
16.65800000
16.62945800
16.61570900
16.78179100
16.61054200
16.72375000
16.77391700
16.46229100
16.75779200
16.66737500
16.58166700
16.66616600
16.70554200
16.67662500
16.68804200
16.81804100
16.44325000
16.70637500
16.71954200
16.68287500
16.64308300
16.69816700
16.56754200
16.64754100
16.89829200
16.43316700
16.69420800
16.67854200
16.69758300
16.69679200
16.75933300
16.58354200
16.57404100
16.68633400
16.65595800
16.69366700
16.81137500
16.49512500
16.72800000
16.76062500
16.50791600
16.63225000
16.70520900
16.71366600
16.65033400
16.80500000
16.59520800
16.60954200
16.76704100
16.60641700
16.69587500
16.59262500
16.57691700
16.79925000
16.71020800
16.55691700
16.68566600
16.84375000
16.52745900
16.64533300
16.68687500
16.62654200
16.79283300
16.70162500
16.41095800
16.61250000
16.73545900
16.83787500
16.66595800
16.58016700
16.69850000
16.62091600
16.66316700
16.72750000
16.65304200
16.62762500
16.74566600
16.64908400
16.58795800
16.67295800
16.61675000
16.78850000
16.58437500
16.82870900
16.53208300
16.73870800
16.61104200
16.79195800
16.45795900
16.80491600
16.64379200
16.61304200
16.66562500
16.67216600
16.75962500
16.57087500
16.51570900
16.78120800
16.69662500
16.64462500
16.70391700
16.63550000
16.68366600
16.67229200
16.65137500
16.86195800
16.52412500
16.62937500
16.64641700
16.65270800
16.71191700
16.61795800
16.67395900
16.71266600
16.55641700
16.82170800
16.71908400
16.52587500
16.69150000
16.69166600
16.57520900
16.72916600
16.67304200
16.62041700
16.70425000
16.64183300
16.59679200
16.80979100
16.76254200
16.60737500
16.47425000
16.89366700
16.59220800
16.60154200
16.78587500
16.62016600
16.62266700
16.69725000
16.67333300
16.78762500
16.58075000
16.58629200
16.71854200
16.75366600
16.57108400
16.58737500
16.78933300
16.57066700
16.64500000
16.72879100
16.65783400
16.66266600
16.63204200
16.70900000
16.63241700
16.68437500
16.66062500
16.65829100
16.66183400
16.77504100
16.58629200
16.63566700
16.67041600
16.49020900
16.98529100
16.70850000
16.60233400
16.57791600
16.68195900
16.64404100
16.55925000
16.93195900
16.54937500
16.62004100
16.76283400
16.57600000
16.62754100
16.83083400
16.51379100
16.67750000
16.61187500
16.68370900
16.72900000
16.64733300
16.65345800
16.70266700
16.71058300
16.58175000
16.65650000
16.73300000
16.65875000
16.68116700
16.62300000
16.74066700
16.64091600
16.76470900
16.54070800
16.68087500
16.66658300
16.60916700
16.69545800
16.63329200
16.68054200
16.75845800
16.68666700
16.65145800
16.65945800
16.57962500
16.60391700
16.79333300
16.64445900
16.68233300
16.64545800
16.68887500
16.58933400
16.82258300
16.54650000
16.61016700
16.75654100
16.63145900
16.65075000
16.73116600
16.67595900
16.66650000
16.72779100
16.64866700
16.60170800
16.73245900
16.65325000
16.67175000
16.73537500
16.61208300
16.62841700
16.67558300
16.59704200
16.68204100
16.70120900
16.64900000
16.63533300
16.66158300
16.78158400
16.55979100
16.65216700
16.66175000
16.70287500
16.63604200
16.70837500
16.61329100
16.74625000
16.69141700
16.57066700
16.67745800
16.71800000
16.77708300
16.33591700
16.86345800
16.64925000
16.69620900
16.73508300
16.58908300
16.61375000
16.73266700
16.84287500
16.56554200
16.61837500
16.73670800
16.58725000
16.68220800
16.57387500
17.15450000
16.29687500
16.84270900
16.54850000
16.60070800
16.45191700
17.68537500
15.68116600
18.36833400
15.28941600
16.65662500
16.80800000
16.54370900
17.28595800
16.07645800
16.90795900
16.74508300
16.40254200
16.56966600
16.93733400
16.47620800
17.10233300
16.13454200
16.65016700
16.76333300
16.57975000
16.64575000
16.52520800
17.81995900
15.85270800
16.54129200
16.51975000
16.97291600
16.42329200
16.47425000
16.80183300
16.63241700
16.60729200
16.74962500
16.71295800
16.45516700
16.80425000
16.68316600
16.67291700
17.15500000
16.23333300
16.70416700
17.13041700
16.12116600
16.67658400
17.26079100
16.01170900
17.26808300
16.06366700
17.70862500
16.22058300
15.89158300
16.72141700
16.67245800
16.75412500
16.61362500
16.85925000
16.50575000
17.10537500
16.23370900
16.66775000
16.65258300
16.72862500
16.64116700
16.64679100
16.69062500
16.57312500
16.89395900
16.53216600
16.67695900
16.64508300
16.82150000
16.61791700
16.58925000
16.70175000
16.71025000
16.79158300
16.44858300
16.65841700
16.71158300
16.78195900
16.48354100
16.65658400
16.84112500
16.54966600
16.63704200
16.66087500
16.72225000
16.61629200
16.67220800
16.63645800
16.71387500
16.70854200
16.59900000
16.65891700
16.74433300
16.59912500
16.71391700
16.81316600
16.47279200
16.68191700
16.68558300
16.64341700
16.65637500
16.69866600
16.64566700
16.68454200
16.79516600
16.52454200
16.69129200
16.66650000
16.65545800
16.89329200
16.46966600
16.71529200
16.53562500
16.65770800
16.76595900
16.62062500
16.79004100
16.49516700
16.83112500
16.44283300
16.91337500
16.54387500
16.56683400
16.77866600
16.66479200
16.67908300
16.66804200
16.74204200
16.69166600
16.60991700
16.54616700
16.67179100
16.63416700
16.74912500
16.59954200
16.68391600
16.84916700
16.57433300
16.59487500
16.69162500
16.69637500
16.57325000
16.68487500
16.64608400
16.69500000
16.82945800
16.49579200
16.73312500
16.58233300
16.76516700
16.58516600
16.70562500
16.65125000
16.63829200
16.74750000
16.66783300
16.61629200
16.68141700
16.59179100
16.71612500
16.71295900
16.65675000
16.59350000
16.76358300
16.62200000
16.63091700
16.67400000
16.65987500
16.67470800
16.67804200
16.68566600
16.62329200
16.81495800
16.60995900
16.61662500
16.73012500
16.60333300
16.65991700
16.67750000
16.66954100
16.60879200
16.69383300
17.12675000
16.36058400
17.29195800
16.23991700
17.68020800
15.63679200
17.25141600
16.48925000
15.97891700
16.85633300
17.28295900
16.45175000
17.08779100
15.67562500
17.70866700
16.31045800
15.96704200
17.51308300
16.38158400
16.09991600
17.26629200
16.83329200
15.91604100
16.68929200
16.71495800
16.66287500
17.05354200
16.74750000
16.08462500
16.68558300
16.68237500
17.09991700
16.21279200
17.23770800
16.81637500
16.48016700
16.80995800
16.53700000
16.63662500
16.16079200
17.23229100
16.79979200
16.54041700
16.03295800
17.57262500
16.36825000
16.06150000
18.34066700
14.97487500
16.67512500
16.66929100
16.74950000
16.56912500
16.63570900
16.61608300
16.93979200
16.58225000
16.60741600
16.57879200
16.73433300
16.73100000
16.62608400
16.58333300
16.73745800
16.71775000
16.68308400
16.61675000
16.64645800
16.66150000
16.67379200
16.69500000
16.62870800
16.67250000
16.66337500
16.60570800
16.78766700
16.60950000
16.69783300
16.63333400
16.60433300
16.66187500
16.79591700
16.65487500
16.68204100
17.06920900
16.22225000
16.69587500
16.68695800
16.56904200
16.59954100
16.80562500
16.58154200
16.75020800
16.65316700
16.73858300
16.68725000
16.79775000
16.55516700
16.66883300
16.66520900
16.53383300
16.63866700
16.68991600
16.66137500
16.67595900
16.68962500
16.67170800
16.64908300
16.68716700
16.55675000
16.70254200
16.78195800
16.53425000
16.72395800
16.66420900
16.62620800
16.70254200
16.66091600
16.63987500
16.67220900
16.65362500
16.67529100
16.66258400
16.67287500
16.69579100
16.70150000
16.70579200
16.57941700
16.64962500
16.67170800
16.67604200
16.63341600
16.65716700
16.67908300
16.67683400
16.70604100
16.61466700
16.68412500
16.65004200
16.70262500
16.58470800
16.80908300
16.60270900
16.61454100
16.67920900
16.78379100
16.61625000
16.66766700
16.61812500
16.65733300
16.81591700
16.53370800
16.69158400
16.74879100
16.55258400
16.63504100
16.67387500
16.70662500
16.65350000
16.65108400
16.67475000
16.69400000
16.67675000
16.65137500
16.64033300
16.68012500
16.64070800
16.69191700
16.67750000
16.68504200
16.61387500
16.80900000
16.55566600
16.86975000
16.40837500
16.70087500
16.66650000
16.72191700
16.62816700
16.67904100
16.68770900
16.65112500
16.63800000
16.72983300
16.67566700
16.67725000
16.72025000
16.60133300
16.64075000
16.66958300
16.62400000
16.66566700
16.66120800
16.68237500
16.66350000
16.68454200
16.65587500
16.68079200
16.63570800
16.68466700
16.67437500
16.67983300
16.62616700
16.63662500
16.62200000
16.77762500
16.66758300
16.74529200
16.61145800
16.62862500
16.53679200
16.72204100
16.61979200
16.74808300
16.63100000
16.65187500
16.68562500
16.73675000
16.65316700
16.57587500
16.71141700
16.71670800
16.71095800
16.59558400
16.69625000
16.62250000
16.71291600
16.66170900
16.66395800
16.63745800
16.78358400
16.73795800
16.52554200
16.70754100
16.61025000
16.72120900
16.61320800
16.74308300
16.59641700
16.72350000
16.60166700
16.67387500
16.69191600
16.64704200
16.71304200
16.70925000
16.69662500
16.58570800
16.65566700
16.67925000
16.67387500
16.64379100
16.72666700
16.61745800
16.65675000
16.72258400
16.63508300
16.60675000
16.71412500
16.59791700
16.72454100
16.56462500
16.61383400
16.84187500
16.72712500
16.59591600
16.64187500
16.73733400
16.57350000
16.64191600
16.66729200
16.76504200
16.63608300
16.62945800
16.71187500
16.70120900
16.59587500
16.65033300
16.68475000
16.70729200
16.65595800
16.71245800
16.66850000
16.60095900
16.64904100
16.82250000
16.49887500
16.72208400
16.63258300
16.67491700
16.65570800
16.75012500
16.57833300
16.64758400
16.80466600
16.61550000
16.62175000
16.65400000
16.78241700
16.55937500
16.82812500
16.70620800
16.60945900
16.57229100
16.75075000
17.47787500
16.18983400
16.45133300
16.48487500
16.79833300
16.38091700
16.70787500
16.55708300
16.68087500
16.78150000
16.56716700
16.79312500
16.61787500
16.68883300
16.69020900
16.57904100
16.71170900
16.59995800
16.85008300
16.57066700
16.74412500
16.57304200
16.70995800
16.60345800
16.74891700
16.70912500
16.72820800
16.71625000
16.49041700
16.72037500
16.62916700
16.62570800
16.77416700
16.59420800
16.78029200
16.56666600
16.74637500
16.65283400
16.63350000
16.65337500
16.76250000
16.58687500
16.79820800
16.58666700
16.59195800
16.74795800
16.46058400
16.71133300
16.75258300
16.61725000
16.74154200
16.54875000
16.83691700
16.53683300
16.74466700
16.57095800
16.73133300
16.65691700
16.67020800
16.64729200
16.64920800
16.80958400
16.54083300
16.80170800
16.50387500
16.76625000
16.56262500
16.68037500
16.62516700
16.68587500
16.70020800
16.67987500
16.78962500
16.54879200
16.63208300
16.71166700
16.68566700
16.61412500
16.82429100
16.50862500
16.73108400
16.73545800
16.59633300
16.65029200
16.65620800
16.60683400
16.66300000
16.73495800
16.63470800
16.72129200
16.58487500
16.78183300
16.55883400
16.69837500
16.57787500
16.90183300
16.45166700
16.71450000
16.67462500
16.70708300
16.55666700
16.88454100
16.54929200
16.69254200
16.82525000
16.47858300
16.74829200
16.65766600
16.59354200
16.63987500
16.87475000
16.44691700
16.77829100
16.68833400
16.56654100
16.66570900
16.73983300
16.62179200
16.64154100
16.73062500
16.70245900
16.66875000
16.66695800
16.62529200
16.56158300
16.66425000
16.74179200
16.65270800
16.81466700
16.51312500
16.69983300
16.65875000
16.61654200
16.62220800
16.75016700
16.65579100
16.62420900
16.64162500
16.72645800
16.65116700
16.73900000
16.75733300
16.49350000
16.61816700
16.74341600
16.70595900
16.56887500
16.67366600
16.66425000
16.64733400
16.83254100
16.50450000
16.68450000
16.72433400
16.68366600
16.56995900
16.67645800
16.63808300
16.66145900
16.70820800
16.66445800
16.65120900
16.67737500
16.66041600
16.65879200
16.73783300
16.67454200
16.57337500
16.75875000
16.68916700
16.57779100
16.68766700
16.83137500
16.72825000
16.60345800
16.70720900
16.52195800
17.57520800
15.92908400
16.65387500
16.69645800
16.53295800
16.50858400
16.57958300
16.77279200
16.50512500
16.94304100
16.39483400
16.77158300
16.76166700
16.62579100
16.70562500
16.68445900
16.57479100
16.64158400
16.61295800
16.71870800
16.58266700
16.72100000
16.70175000
16.68983300
16.69550000
16.78133400
16.65516600
16.63804200
16.72450000
16.57429200
16.79308300
16.68779200
16.58000000
16.65100000
16.73995800
16.66237500
16.55583300
16.68320900
16.69479100
16.77791700
16.63808300
17.34729200
15.97766700
16.68737500
16.65195800
16.82308300
16.41362500
16.47366700
16.71562500
16.60262500
16.68641700
16.73037500
16.91379100
16.36745900
16.96341600
16.53287500
16.66916700
16.59170800
16.62008400
16.67620800
17.05416700
16.34070800
16.71179200
16.61141600
16.63641700
16.54775000
16.76479200
16.46933300
16.78225000
16.63037500
16.81429200
16.65395800
16.65475000
16.58216700
16.90333300
16.59750000
16.71508300
16.58504200
16.65137500
16.66258300
16.66520900
16.65220800
16.67041700
16.70158300
16.69241700
16.64579100
16.76345900
16.56800000
16.67483300
16.66466700
16.85970800
16.52762500
16.70808300
16.63295900
16.63575000
16.66854100
16.68579200
16.68354200
16.66675000
16.62791600
16.61612500
16.66945900
16.65508300
16.69566700
16.72533300
16.57754200
16.65762500
16.65525000
16.66762500
16.72995800
16.65150000
16.65820800
16.65333400
16.65650000
16.67000000
16.67575000
16.66379100
16.67883400
16.65554100
16.75500000
16.58529200
16.66158300
16.78741700
16.68550000
16.73875000
16.51183300
16.79679200
16.51158300
16.73770900
16.57125000
16.56579100
16.77400000
16.55762500
16.84266700
16.55516700
16.75741600
16.58458400
16.71575000
16.64895800
16.64145800
16.69033400
16.66050000
16.66362500
16.67970800
16.67137500
16.69179200
16.59466600
16.75008400
16.65804100
16.76487500
16.49283400
16.70012500
16.73162500
16.59512500
16.66620800
16.65804200
16.66204100
16.79641700
16.54758300
16.67537500
16.73520900
16.59091600
16.84095900
16.48504100
16.67616700
16.64941700
16.66154100
16.67258400
16.66216600
16.53683400
16.82104100
16.66908400
16.72666600
16.55400000
16.70291700
16.84504200
16.49616600
16.66175000
16.71658400
16.62729100
16.64279200
16.70795800
16.67279200
16.84629200
16.67512500
16.47679100
16.66441700
16.63391700
16.65395800
16.70391700
16.64516600
16.65762500
16.67054200
16.67400000
16.66266700
16.66620800
16.67795800
16.67254200
16.66350000
16.65579200
16.67158300
16.64262500
16.82233300
16.50229200
16.67304200
16.72575000
16.60654100
16.52466700
16.93966700
16.55220800
16.68804200
16.74991600
16.58258400
16.65954100
16.52062500
16.84220900
16.64495800
16.64408300
16.66800000
16.66633400
16.70700000
16.56058300
16.76891700
16.65683300
16.73162500
16.61229200
16.76500000
16.55529100
16.65287500
16.78358400
16.51883300
16.72683300
16.46570900
16.83095800
16.73304200
16.70354100
16.69487500
16.53412500
16.82708400
16.60150000
16.56745800
16.73362500
16.81608300
16.84587500
16.33808400
16.74591600
16.52491700
16.80287500
16.57425000
16.79841700
16.67387500
16.43475000
16.81766600
16.73320900
16.92033300
16.76425000
16.58604200
16.22691600
16.65141700
16.69041700
16.83041600
16.65779200
16.61058300
17.05608400
16.84891600
16.66325000
16.32987500
16.99454200
16.74800000
16.69850000
16.28395800
16.91812500
16.60129200
16.80512500
16.36679200
16.83095800
16.95187500
16.68575000
16.59966700
16.68512500
16.74237500
16.51795800
16.12887500
17.27070800
16.79383400
16.45995800
16.86350000
16.66212500
16.50337500
16.42966700
16.80737500
16.62283300
16.68604200
16.67687500
16.92962500
16.89941600
16.59879200
16.68500000
16.51600000
16.68954200
16.88416600
16.24020900
16.96770800
16.91450000
16.41641700
16.53654100
16.07883400
16.57866600
17.34004200
16.72983300
16.59712500
16.60829200
16.27195800
17.24345900
16.63850000
16.69495800
17.08283300
16.47983400
16.91637500
16.54591600
16.80125000
16.60558400
16.92216600
15.64433400
17.18145800
17.08712500
16.65162500
16.36820800
16.56991700
16.97625000
16.70866700
16.87241600
16.10637500
16.90441700
16.91387500
16.81700000
16.51683300
16.72937500
16.55770900
16.81779100
16.67875000
16.39987500
16.84958400
16.66525000
16.60787500
16.84829100
16.56187500
16.81141700
16.73837500
16.05687500
17.22212500
16.60320800
16.64575000
16.83750000
16.75008400
16.56920800
16.80362500
16.53312500
16.86008300
16.54158400
16.72508300
16.60854200
16.90233300
17.17025000
15.75037500
16.79129200
16.49083300
16.16145800
16.67841700
17.16845800
16.72766700
16.67604200
16.66391600
16.68262500
17.02137500
16.38641700
17.05637500
16.61470800
16.55366700
16.63166700
16.91079100
16.28566700
16.44625000
17.42716700
16.61579100
16.64833400
16.76325000
16.43620800
16.44170800
16.63800000
16.65166700
16.99116700
16.45829100
16.13837500
17.19170900
16.69362500
16.62637500
16.71366600
16.70783400
16.63875000
16.70295800
16.70383300
16.64345900
16.96133300
16.72883300
16.65533400
16.59891600
16.53391700
16.63991700
16.82954100
16.57337500
17.01845900
16.55125000
16.88016600
16.67808400
16.76041600
16.66366700
16.56900000
16.62395800
16.83362500
16.60916700
16.47058300
16.27350000
17.81800000
15.98075000
16.66020900
16.50354100
16.72654200
16.78225000
16.56129200
16.79933300
16.80237500
16.76470800
16.53987500
16.53425000
16.70000000
16.12408400
17.20091600
16.62237500
16.18037500
17.18225000
16.40345900
15.88679100
17.03170900
16.67054100
16.28466700
17.31454200
16.82295800
16.59691700
16.81416600
16.69754200
16.75962500
16.69675000
16.69395800
16.88770900
16.75479100
16.67737500
16.66962500
16.65187500
16.83100000
16.61687500
16.65195900
16.71429100
16.68229200
16.64704200
16.85229100
16.56691700
16.62162500
16.71562500
16.79116700
16.56670800
16.96666700
16.44404100
16.90495900
15.36995800
17.13887500
16.63654200
15.96529100
17.40679200
16.65991700
16.44108300
16.37675000
16.55070800
17.01091700
16.87808300
16.71641700
16.71150000
16.60929200
16.74983300
16.71566700
16.94891600
16.08633400
17.38420800
16.55191700
16.94920800
16.63966700
16.66812500
16.50975000
16.85675000
16.74879100
16.59612500
16.70829200
16.21358300
17.15808400
17.04037500
16.72083300
16.62279200
16.75337500
16.61858300
16.69195800
16.69404200
16.59145800
16.73575000
16.70862500
16.74654200
16.61845800
16.11966700
17.19333300
16.76450000
16.67662500
16.63145900
16.72008300
16.62575000
16.72520800
16.66012500
16.72304200
16.60691700
16.82720800
16.47829200
16.97758300
16.53333300
16.68879200
16.97433300
16.87600000
16.17062500
16.64770900
17.14808300
16.38433300
16.24650000
16.73795900
16.37033300
17.19370800
16.19225000
17.62016700
16.44437500
16.69166700
16.48016600
16.96512500
15.93595900
17.26550000
16.58625000
16.79337500
16.18579100
17.14150000
16.63933400
16.64337500
16.70858300
16.17275000
17.18200000
16.69937500
16.62716700
16.74941600
16.67683400
16.66570800
16.63308300
17.05945900
15.96566600
17.20645900
16.62954100
16.65908400
16.60183300
16.86370800
16.54087500
16.68075000
16.18629200
16.67991700
17.21637500
16.61820800
16.82545800
16.55662500
16.80070900
16.54116600
16.70179200
16.73458300
16.77079200
16.04458300
17.29808400
16.66787500
16.69775000
16.15675000
17.08383300
16.15658300
17.21633400
16.81904100
16.09533400
17.17020800
16.63966700
16.71612500
16.73025000
16.64329100
16.74195900
16.62783300
16.66529200
16.41245800
17.01966700
16.80395800
16.64029200
16.64291600
16.63025000
16.68862500
16.63287500
16.73054200
16.76295800
16.65045900
16.55320800
16.47462500
16.94166700
16.53120800
16.21291700
17.26983300
16.71900000
16.81075000
16.52879200
16.64325000
16.75704100
16.74550000
16.61925000
16.73983400
16.61608300
16.73904200
16.74445800
16.53354200
16.37775000
16.52533300
17.08825000
16.44450000
17.05154200
16.70991600
16.30741700
17.05212500
16.67741700
16.56108300
16.80704200
16.61883300
16.17304200
17.24962500
16.58729100
16.72304200
16.66437500
16.84770800
16.98470900
15.67308300
17.22712500
16.62908300
17.07287500
16.97679200
15.88308300
16.01579200
17.03512500
16.46437500
16.45741700
17.12566600
16.00220900
16.71204100
17.17737500
16.41104200
16.86000000
16.52720800
17.11583400
15.91370800
17.08750000
16.71629200
16.69766600
16.66250000
16.64616700
17.23229200
16.35720800
16.84541700
15.97608300
16.60475000
16.71104200
16.79037500
16.98737500
16.73908300
16.32137500
16.45645800
17.30350000
16.29608400
17.21954100
16.58683400
16.78012500
16.65129100
16.43033400
15.99995800
17.18270800
16.71662500
16.78883400
16.86166600
16.81425000
16.49816700
16.89520800
15.99375000
16.94516700
16.63479200
16.24970800
17.38966700
16.82766600
16.74495900
16.44654100
17.09170900
16.78808300
16.64520800
16.66550000
16.04695900
17.20762500
16.96091600
16.69845900
16.59587500
16.60820800
16.65700000
16.72641700
16.73120800
17.10745800
16.54675000
16.75516700
16.59362500
16.84000000
16.64345800
16.83616700
16.55354200
16.75741600
16.76029200
15.99408300
17.29387500
15.89237500
17.35008400
16.71304100
16.61975000
16.72270900
16.69883300
16.56895800
16.86620900
16.04245800
17.21916700
16.58204100
16.88458400
16.63891600
16.61875000
16.72462500
16.06800000
17.26212500
16.47962500
17.13570900
16.49616600
16.02758400
17.28820800
16.84787500
16.88875000
16.25454200
16.71420800
17.06191700
16.55758300
16.40733300
16.68129200
16.79629200
16.59145800
16.37387500
17.03837500
16.03954200
17.48854100
16.53345900
16.65037500
16.69220800
16.72383300
16.61600000
16.71229200
17.05154200
16.30195800
17.15083300
16.45358400
16.62129100
16.61695900
16.51712500
16.68341600
17.41491700
16.18375000
16.04491700
15.86625000
18.34975000
16.52412500
16.48837500
16.38929100
16.83766700
16.85337500
16.73037500
16.64575000
16.17137500
17.31475000
16.61258300
16.58791700
16.65204200
16.89312500
16.51533300
16.87750000
16.52637500
16.63612500
16.67400000
17.05691700
16.26125000
16.24587500
17.46783300
16.43475000
16.60041700
16.81516600
16.61245900
16.67104100
16.68208400
16.55395800
16.71900000
16.18120800
17.29487500
16.68345900
16.70583300
16.66358300
16.67533400
16.66145800
16.74150000
16.64108300
16.66695900
16.82704100
15.98112500
16.66104200
17.25279200
16.77737500
15.99937500
16.70700000
17.33312500
16.56262500
16.72362500
16.66441600
16.73166700
16.65529200
16.13633300
17.20887500
16.43212500
17.01958300
16.63679200
16.73150000
16.69029200
16.72379100
16.56325000
16.74062500
16.63604200
16.62616700
16.13700000
17.18337500
16.71229100
16.59308400
16.75070800
16.70904200
16.70400000
16.73504100
16.64650000
16.03062500
17.31087500
16.64770900
16.75170800
16.65987500
17.06470800
16.56254200
16.12654200
17.18237500
16.87100000
16.20762500
16.99679100
15.88320900
17.35616600
16.52383400
16.70537500
16.99070800
16.71750000
16.40450000
16.99966700
16.72650000
16.54795800
16.88104200
16.60050000
16.79329100
15.84783400
16.59575000
16.55245800
17.18154200
16.77595800
16.55137500
17.25400000
16.66108300
16.72333400
16.01683300
17.26366700
16.29833300
16.79079200
16.63858300
16.30041700
16.97704100
16.76691700
16.27900000
16.79745800
16.72408400
16.71875000
16.66087500
16.94962500
16.48808300
16.48895800
16.47691700
17.27654200
16.53962500
16.77758300
16.14666700
16.63662500
17.26345800
16.69562500
16.70670800
16.62112500
16.18233400
16.70358300
17.18579200
16.15016600
16.70183400
16.65320800
17.21016700
16.65525000
16.12312500
16.75120800
16.65879200
17.69766600
15.68483400
17.47658300
16.73704200
16.57891600
16.95366700
15.97716700
17.21316600
16.70966700
16.07687500
17.27145800
16.77841700
16.19429200
16.25700000
17.01691600
16.20466700
16.70800000
16.74020800
16.59862500
16.80037500
16.73770900
16.68900000
16.78004100
16.80908400
16.64708300
16.61091700
16.82870800
16.50941700
17.13429100
16.70633400
16.36400000
16.57995800
16.84883300
16.92679200
16.13766700
17.20800000
16.50704100
16.85775000
16.14912500
17.29212500
16.78820900
16.61329100
16.56279200
16.53350000
16.87470800
16.62383400
16.13791600
16.70050000
16.63200000
16.66554200
17.05812500
16.34458300
16.68833400
16.69454100
16.63775000
17.05233400
16.43329100
17.10112500
16.77058400
16.71604100
16.59333400
16.70591600
16.66791700
16.14616700
17.29883300
16.00104200
17.34383300
16.71504200
16.61829100
16.66808400
16.68225000
16.57883300
16.68733300
16.83887500
17.04466700
16.42983300
16.69029200
16.54283300
16.13029200
17.27825000
16.55083300
16.32912500
17.17466700
15.88854200
17.32683300
16.81866700
16.66629100
16.74262500
16.23975000
16.95887500
16.73191700
16.55745800
16.91145900
16.51566600
16.28020900
17.13975000
16.67233300
16.78791700
16.24037500
17.14366600
16.63529200
16.44887500
16.90679200
16.73579100
16.67558400
16.65262500
16.37041600
16.97245900
16.64966600
16.70545900
16.71254100
16.66633400
17.02695800
16.10741700
16.42870800
16.47208300
16.68337500
16.66091700
17.82675000
15.70550000
16.62333300
16.65750000
16.60208400
16.49758300
16.45404200
16.83762500
16.93808300
16.76358300
16.57720900
16.76504100
16.87012500
16.60087500
16.72345900
16.65491600
16.83283400
16.97462500
16.58937500
16.59254100
16.63408400
16.78916600
16.58283400
17.08575000
16.33125000
16.89662500
16.63308300
16.47345800
17.05400000
16.71512500
16.62891700
16.61700000
15.88325000
17.33737500
16.21520800
17.25441700
16.52675000
16.66637500
16.64620800
16.62712500
17.15304200
16.71658300
16.57129200
16.69312500
16.68779200
16.57416600
16.84512500
16.01150000
16.83216700
16.61762500
16.57845800
17.56195900
16.52675000
16.62258300
16.68354200
16.69454100
16.05825000
17.32795900
16.68633300
15.97208300
17.35866700
16.70966700
16.69100000
16.64708300
16.69887500
16.63191700
16.71304100
16.75120900
16.64295800
17.14087500
16.67545800
16.15116700
16.73900000
16.67375000
16.71579200
16.68187500
17.03095800
16.39629200
16.56300000
16.78100000
16.54925000
16.73462500
16.70062500
17.07637500
16.47550000
16.80829100
16.63258400
16.66658300
16.67737500
16.86037500
16.42845800
16.80529200
16.49470800
16.69487500
16.57520900
16.73070800
16.64216700
16.62658300
16.20425000
17.19525000
16.80725000
16.59041700
16.67308300
16.74612500
16.64437500
16.72787500
16.52641700
16.78495800
16.68054200
16.11862500
17.19045800
16.71600000
16.52262500
16.83100000
16.41795800
16.99466700
16.62000000
16.73470800
16.66612500
16.63766700
16.15375000
17.19650000
16.80116700
16.58216600
16.70141700
16.57350000
16.77495800
16.93183400
16.81350000
16.82720800
16.41762500
16.81133300
16.48779200
16.13808300
16.44412500
16.39737500
16.40575000
16.27920900
19.75083300
15.70062500
16.68212500
16.68054200
16.67600000
16.67912500
16.69087500
16.63633300
16.69833300
16.68720900
16.60345800
16.70700000
16.10283300
17.17504200
16.49950000
16.00420800
17.16683400
16.89129100
15.99887500
17.21141700
17.07300000
16.59466700
16.56345800
16.54704200
16.93416600
16.14891700
16.35508300
16.57179200
18.16329200
15.84295800
15.89250000
16.92850000
16.84212500
16.30716700
16.40195800
16.75608300
17.07750000
16.47954200
16.88937500
15.70787500
17.18133300
16.14925000
16.71241700
17.33145800
16.74416700
16.66854200
16.93970800
16.60245800
16.74383400
16.51650000
16.67841600
16.63308400
16.53250000
16.27029100
17.53766700
16.51904200
16.65437500
16.84433300
16.46329200
16.71420800
16.48966700
16.75812500
16.57033300
16.72637500
16.48816700
17.26437500
16.68570800
16.61325000
16.15620800
17.29616700
16.72325000
16.69120800
17.11670900
16.46966600
15.87650000
17.03633400
16.74708300
16.67716700
16.59966600
16.78433400
16.73812500
16.73845800
16.72720800
16.69050000
16.50275000
16.46583400
16.15354100
16.68162500
16.91495900
16.84995800
17.00025000
16.98741700
16.53900000
16.40783300
16.61587500
17.15366700
16.37970800
16.61862500
16.61041700
17.25391600
17.36995900
15.34150000
17.30533300
17.14716700
15.69970800
17.45958300
16.71662500
16.47641700
16.66116700
16.71908300
16.11283300
16.80462500
17.43741700
16.64750000
16.74545800
16.65008400
16.70558300
16.67787500
16.20525000
17.01179200
16.84566600
16.75962500
16.68000000
16.64204200
16.74612500
16.63425000
16.65125000
16.58729200
16.95129100
16.92545900
16.27783300
16.60975000
17.18375000
16.60108300
16.29087500
16.79325000
16.11945900
16.63712500
17.24333300
16.61037500
16.69904200
16.07345800
17.42370800
16.63570900
16.98354100
16.50633400
16.74141600
16.66491700
16.93554200
16.05795800
16.67100000
17.01962500
16.29791700
17.28608300
16.32158300
17.02929200
16.09783300
17.55337500
16.30004200
16.10416700
16.16862500
16.65866600
16.18941700
18.35629200
16.95920800
16.37983300
16.99087500
16.49304200
16.67679200
16.62962500
16.91387500
16.64441600
16.48341700
16.81016700
16.65133300
16.61308300
16.78041700
16.52295800
16.63704200
16.81529200
16.25420800
16.80862500
16.87387500
16.75641700
15.86570800
16.53666700
17.12625000
16.76216600
16.63683400
17.06920800
16.30925000
16.98291700
17.04283300
16.22904200
16.64695800
16.63620800
16.57058400
16.23691600
17.19954200
16.24958300
17.17566700
16.60466700
16.74391600
16.60275000
16.70545900
16.60350000
16.27150000
16.57337500
16.73275000
17.21241600
16.66066700
16.70570800
16.63687500
16.70091700
16.94391700
16.58470800
16.51654200
16.68629100
16.13554200
17.17958300
16.73316700
16.66900000
16.21620800
17.17929200
16.65241700
16.63650000
17.02154100
16.83970900
16.69441600
16.71400000
16.61433400
16.72029100
16.67087500
16.53195900
16.88404100
16.57829200
16.73545800
16.20587500
16.35216700
17.05708300
16.41020900
17.02887500
16.65612500
16.66895800
16.72687500
16.59166700
16.79154100
16.66754200
16.57270800
16.64554200
17.25304200
16.23995800
16.97945800
16.47358400
16.67150000
16.64116600
16.64441700
16.96516700
16.38687500
17.15762500
16.65137500
16.34562500
16.64558300
16.66250000
16.48283300
17.30133400
16.41875000
16.46137500
17.05237500
16.74575000
16.73308300
16.74587500
16.55404200
16.54650000
16.72775000
16.64575000
16.38620800
16.57483300
17.30250000
16.48829200
16.67458300
16.82333400
16.58183300
15.87629200
17.42020800
16.80941700
16.32825000
16.91429100
16.51566700
16.61504200
17.04341600
16.57645900
16.73083300
16.81779200
16.66029100
16.39216700
16.77833300
16.54195900
16.74816600
16.94954200
16.82258300
15.62145900
17.65800000
16.71900000
16.61445800
16.72066700
16.39329100
16.25745900
17.30745800
16.80229200
16.50970800
16.58112500
17.03795800
16.21166700
16.70350000
16.61645800
16.64883400
16.70079100
16.63779200
16.43283300
17.00666700
17.13050000
16.57500000
16.61550000
16.37562500
16.61720800
17.05408400
16.63987500
16.36858300
16.69704200
17.03841600
16.92358400
15.78362500
17.00445800
17.11037500
16.17829200
16.96937500
16.45195800
16.83025000
16.40162500
16.79516700
17.13250000
16.25779100
16.67525000
16.75012500
16.58545900
16.89970800
16.51341700
16.64179100
16.41920900
17.38033300
16.31637500
16.61375000
16.78616700
16.58891600
16.98908400
16.45133300
17.06550000
16.59354200
16.92908300
15.98058300
17.20133400
16.30587500
16.87483300
16.80816700
16.84575000
16.29191600
16.54329200
16.33604200
17.30550000
16.84370800
16.27695800
16.64912500
16.79741700
16.72733300
16.29433400
16.98337500
16.73650000
16.63170800
16.64675000
16.14700000
17.32816700
16.73841600
17.39437500
15.65591700
16.82745800
16.68012500
16.75220900
16.05433300
16.94687500
15.77445800
18.60137500
16.45425000
15.76716700
17.46775000
16.73058300
16.33225000
17.09725000
16.49158400
16.43820800
16.22895800
16.60866700
16.72366700
16.71958300
16.56291700
16.18254100
17.23050000
16.63916700
16.91966700
16.76591600
16.62108400
16.78095800
16.64833300
16.64679200
16.62691700
16.94958300
16.63187500
16.35241700
16.62425000
17.16350000
16.76487500
16.69462500
16.62175000
16.74929100
16.06562500
17.19170900
16.58575000
16.82170800
16.73900000
16.68283300
16.71216700
16.69987500
16.87658300
16.56029200
16.14583300
17.12287500
16.13066700
16.70737500
17.27129200
16.56404100
16.66400000
16.48545900
16.99683300
16.57320800
16.24929200
17.21150000
16.66750000
16.66062500
16.75695800
16.10358400
17.27883300
16.53929200
16.73820800
16.67904200
16.78808300
16.57658300
16.75400000
16.66370900
17.66108300
15.06395800
16.84845900
16.04145800
17.05650000
16.00158300
17.08866700
16.93633300
16.05908400
17.26591600
16.36191700
16.75887500
16.81595800
16.60458400
16.76170800
16.80350000
16.73116700
15.99862500
17.22070800
17.02095800
16.71962500
16.60966700
16.61812500
17.08612500
16.67795800
16.60058400
16.70395800
16.74800000
16.60766700
16.73587500
16.64641600
16.86475000
16.71429200
16.93020800
16.48875000
16.43587500
16.12104200
17.24058300
16.68691700
16.74345800
16.82762500
16.44137500
17.03879200
16.68191700
16.08516600
17.34866700
16.59791700
16.83308300
16.45766700
16.75829100
16.71375000
16.76650000
16.66958400
16.68262500
16.60704100
16.57891700
16.70504200
16.87691600
16.49866700
16.32425000
17.05316700
16.64645800
16.76345800
16.21104200
17.18220800
16.67054200
16.74379200
16.53533300
16.71583300
16.73525000
16.69300000
16.61512500
16.30033400
17.03516600
17.02441700
16.43883300
16.72008400
16.94320800
16.65187500
15.88025000
17.09091700
16.82029100
16.69925000
16.58637500
16.73104200
16.76725000
16.74100000
16.55641700
16.85150000
16.97458300
16.24620800
16.72412500
16.91975000
16.60129200
16.70179200
16.00241600
17.29645900
16.63716600
16.65020900
16.53150000
16.86891600
16.69095900
16.45366600
16.91733400
16.68887500
16.63262500
16.06258300
17.23233300
16.69645900
16.58800000
16.84195800
16.60416700
16.71783300
16.67566700
16.62341600
16.60700000
16.88516700
16.50437500
15.82545800
17.12470900
16.54720800
16.75479200
16.60316600
16.71900000
16.87783400
16.74741600
16.71091700
16.64629200
16.55425000
16.84641600
16.60600000
16.78608400
16.73658300
16.82820800
16.81312500
16.71066700
16.62050000
16.73154200
16.57941600
16.81000000
16.71254200
16.61650000
16.70645800
16.67633400
16.60575000
16.76412500
16.61920800
16.61175000
16.74675000
16.70679200
16.78675000
16.57895800
16.67270800
17.01812500
16.71983400
16.39350000
16.66700000
16.78212500
16.75016600
16.51412500
16.80250000
16.53954200
16.69758300
16.30591700
17.11704200
16.60700000
16.64000000
16.26000000
16.95287500
16.87566600
16.66233400
16.68579100
16.70950000
16.71200000
16.66175000
16.62566700
16.72116700
16.43862500
16.46075000
16.45245800
16.60045800
16.47537500
16.87429200
16.32254200
17.11483300
16.16129200
16.54575000
18.60725000
15.14908300
16.15175000
17.39158300
16.07195900
17.28058300
16.68366700
16.54758300
16.20758300
17.09987500
17.41700000
16.01925000
16.71887500
16.81487500
16.29341700
16.48075000
17.29075000
16.12000000
16.63845800
17.18245900
16.71812500
16.89566600
16.54954200
16.73904200
16.64750000
16.67308300
15.98716700
17.44204100
16.99083400
16.45404100
15.78879200
17.15354200
17.45554100
16.48212500
16.72041700
15.63662500
17.56883300
16.84695900
16.17941600
17.14891700
16.71362500
16.53775000
16.47670800
16.97600000
17.07808400
16.57945800
16.61275000
16.68808300
16.73237500
16.63737500
16.83650000
16.77829200
16.35033300
17.06850000
16.58962500
16.67158400
16.26995800
17.09504200
16.21908300
16.65733300
17.16966700
16.62170800
16.19475000
17.30658400
16.71125000
16.20566600
17.17716700
16.74341700
16.58191600
16.69262500
16.71395900
16.74483300
16.49745800
16.94479200
16.49987500
16.66383300
16.77654200
16.62129200
16.68791600
16.70283400
16.57120800
16.75545800
16.63683400
16.74450000
16.65087500
16.62779100
17.06891700
16.11500000
16.64704200
16.44791600
16.78862500
17.10825000
16.65941700
16.71820800
16.18104200
17.20162500
16.24775000
16.88958300
16.39804200
17.19845800
16.61487500
16.63612500
16.20562500
17.33333400
16.55791600
16.72691700
16.70837500
16.08512500
17.32420800
15.99733400
16.75570800
17.29775000
16.58875000
16.68245800
16.68058400
15.88850000
16.89454100
17.32758400
16.63975000
16.72616600
16.63433400
16.42308300
17.25904200
16.16800000
16.11887500
16.38812500
18.27966600
16.69095900
16.79312500
16.19095800
16.99158300
16.23945900
17.01600000
16.51508300
16.60083300
16.70437500
16.58391700
16.09866700
17.21729100
16.21687500
17.67858400
16.14025000
16.13008300
17.24958300
16.71141700
16.69633300
16.96316700
16.13875000
16.77729200
16.13187500
16.48883300
17.38312500
15.97175000
16.60950000
16.76237500
17.26312500
16.75916700
16.07483300
17.55925000
16.77587500
16.61362500
16.66537500
16.64387500
16.18275000
17.30104200
16.62362500
16.17445800
17.22704200
16.56404100
16.69912500
16.89216700
16.51645800
16.64504200
16.80716700
15.88333300
17.36187500
16.79154200
16.73520800
16.89108300
16.62862500
16.84679200
16.08187500
17.18787500
16.32045800
16.59316700
16.40033300
17.03104200
16.37745800
17.00050000
16.63062500
17.07120900
16.61575000
15.95029100
17.29091700
16.46025000
16.74566700
16.96645800
16.64729200
16.49183300
17.12125000
16.00787500
17.10779200
16.63895800
16.57154200
16.61541600
16.96558400
15.84508300
17.53575000
16.51887500
16.60258300
16.66691700
16.63050000
16.23800000
17.15033300
16.73958400
16.61704100
16.83650000
16.72508400
15.97150000
17.29337500
16.62345800
16.21804200
16.64350000
17.25033300
16.02920800
17.29050000
16.78129200
15.80270800
17.46650000
16.02154200
17.34462500
16.59700000
16.82837500
16.59083300
16.73020900
16.54970800
16.79983300
16.70233400
16.03591600
16.71487500
17.22304200
16.74079200
16.66679100
16.70212500
16.02979200
17.29308300
16.83633400
16.50633300
16.67358300
16.77187500
16.70629200
16.64887500
16.72341700
16.65529100
16.65041700
16.73112500
16.60729200
16.75737500
16.05441600
17.22400000
16.68075000
16.61654200
16.82445800
16.57383400
16.15083300
17.22266700
16.62845800
16.52645800
16.38400000
17.33741700
16.63075000
16.73041700
16.68283300
16.69883300
16.64562500
16.29833400
17.31212500
16.48595800
16.61979200
16.66620800
16.56354200
16.82200000
16.08708300
17.33450000
16.52508300
16.79554200
16.19954200
17.10875000
17.11200000
16.71312500
16.73412500
16.74720800
16.61441700
16.50808300
16.73033300
15.86958400
17.08533300
17.10037500
16.17866700
17.19229100
16.65300000
16.61275000
16.38891700
16.97608300
16.85925000
16.71316700
16.42820800
16.63779200
16.94708300
16.72433400
16.62345800
16.56320800
16.89579200
15.63112500
17.61333300
16.33008400
16.87500000
16.95370800
16.64037500
16.12266700
17.05908300
16.81287500
16.54820800
16.85029200
16.56391700
15.76775000
17.60691600
16.52391700
16.72529200
16.53362500
16.59729100
16.64770900
16.73129100
16.57237500
16.70525000
16.83870900
16.68350000
16.05645800
17.74283300
16.72558400
16.45416600
16.73987500
16.59175000
15.51879200
17.10012500
16.45345800
16.69879200
16.90425000
16.55966700
16.08970800
17.61645800
16.60995900
16.75316600
16.69104200
16.61058300
16.72650000
16.66162500
16.85583400
16.81995800
16.78495800
16.58137500
16.12962500
16.66791700
17.24316700
16.64395800
16.81941700
16.59225000
16.14591600
16.58787500
17.34383400
16.67270800
16.68595800
16.95708400
15.94891600
17.13900000
16.72154200
16.78200000
16.68254200
16.59595800
16.73466700
16.60762500
16.52329100
16.80083400
16.59112500
16.75716600
16.73404200
16.69558300
16.92320900
16.57704100
16.60600000
16.20062500
17.18637500
16.63587500
16.64595900
16.63450000
17.06245800
16.97720800
16.41445900
16.78258300
16.49991700
16.23725000
17.32775000
16.72404100
16.52087500
16.54033400
16.81770800
16.63187500
16.83637500
15.86204200
17.03854100
16.97645900
16.92337500
16.59225000
16.58562500
15.80641600
17.55229200
15.84941700
17.55291600
16.70316700
16.62479200
16.61645800
16.74804200
16.62154100
16.83508400
16.64858300
16.77158300
16.56045900
16.72916600
16.49550000
16.94225000
16.50666700
16.93454200
16.02570800
17.33395800
16.56304200
16.31591700
16.96533300
16.72312500
15.97375000
16.98483300
16.69337500
16.81737500
16.58408400
16.67804100
16.72470900
16.73441600
17.18645900
16.49475000
16.32900000
16.55508300
16.65858300
16.34916700
16.59933300
16.58200000
16.50579200
16.56137500
16.57000000
17.10229200
16.04512500
17.08787500
16.49616600
16.74612500
16.20887500
17.45837500
16.52812500
16.78108400
16.90733300
16.62387500
16.76150000
16.10120800
17.42541700
16.74337500
16.02962500
17.28037500
16.62254200
16.18233300
17.24850000
16.35583300
17.29479200
16.84529200
16.61958300
16.63750000
16.71508300
16.69287500
16.64125000
16.84329200
16.55645800
16.70150000
16.66895900
16.06070800
17.25600000
16.72454200
17.03600000
16.77995800
16.72387500
16.86225000
16.46233300
16.66225000
16.77187500
16.51041700
16.76825000
16.49379200
16.85770800
16.60487500
16.76325000
16.16754200
16.39058300
16.98066700
16.82875000
16.52795800
16.64912500
16.98429200
15.94925000
17.17679100
16.62762500
16.70445900
16.86637500
16.15429100
17.20083400
16.80770800
16.80691700
16.89487500
16.50720800
16.59737500
16.69675000
16.62645800
16.23162500
16.06100000
16.43741700
17.13833300
17.08104200
16.97925000
15.78645800
16.80183400
16.62225000
16.81175000
15.99662500
17.02412500
16.62912500
16.56387500
16.13591600
17.18837500
16.99529200
16.51375000
16.79354200
16.71687500
16.75208300
16.62483300
16.62312500
16.54891700
16.47737500
17.18204200
16.77595800
16.64020800
17.68766700
15.72283300
16.74837500
16.57316700
16.55216700
17.87970800
15.19633300
17.10441700
16.79150000
16.59154200
16.03270800
16.87345800
16.86029200
16.47608300
16.82945900
16.28200000
17.38741600
16.48600000
16.12291700
17.58825000
16.64337500
16.51295800
16.76333400
16.61737500
16.41779100
16.57583400
16.93991600
16.76195900
16.99037500
16.64279100
16.79312500
16.70854200
16.33420800
16.79550000
16.56358400
16.99016600
16.89862500
16.62120900
16.82716600
16.50570900
16.80295800
16.55941700
16.73087500
16.73704100
16.50966700
16.77816700
16.64562500
16.81304100
16.58891700
16.81995800
16.49079200
16.25912500
17.14583300
16.71312500
16.65295900
16.80112500
16.36541600
17.25533400
16.75037500
16.59858300
16.71087500
16.72133300
16.61604200
16.58104200
16.13741600
17.30529200
16.42987500
16.42333300
16.66087500
17.10912500
16.81020900
16.90841600
17.05787500
15.50779200
17.43162500
16.21925000
16.99616700
16.51654100
16.49612500
17.05629200
16.63925000
16.73000000
16.66554200
16.35137500
16.46787500
17.21662500
16.61012500
16.72879100
16.69995900
16.50687500
16.88841600
16.67883400
16.72250000
16.67683300
16.58583300
16.68345900
16.73141600
16.57495900
16.94762500
17.09179100
16.36750000
15.59475000
16.19300000
17.94575000
16.80579200
16.78970800
16.38450000
16.34466700
17.37787500
16.45054200
16.72154100
16.73095900
17.16445800
16.54779200
16.26550000
16.64558300
16.49645800
16.36800000
17.30295900
16.58887500
16.69016600
16.72216700
16.18191700
17.14883300
16.68845800
16.66012500
16.65433400
16.70308300
16.17920800
16.66683400
17.19345800
16.71375000
16.93420800
15.99720900
17.24037500
16.55795800
16.74954200
16.10066600
16.68616700
17.20316700
16.83550000
16.66141600
16.59950000
16.16379200
16.56475000
17.26212500
16.47729200
16.62037500
16.87487500
16.46066600
16.90970900
16.75495800
16.76150000
16.72100000
16.55079200
16.70791600
16.33462500
16.50675000
17.28308400
16.07170800
17.26791700
16.66983300
16.67575000
16.64608300
16.70041700
16.74254200
16.06441600
17.22420900
16.69416600
16.60729200
16.70033300
16.63937500
16.32658400
17.10441600
16.68833400
16.69487500
16.40412500
17.05075000
16.29870800
16.47275000
17.18683300
16.68804200
16.75708300
16.63741700
16.74762500
16.64308300
16.41329200
16.41233300
17.16637500
16.73200000
16.18129200
16.64233300
17.28337500
16.40400000
16.71987500
16.55725000
16.99595900
16.61162500
16.12033300
16.43512500
17.46283300
16.21400000
17.06995900
16.29345800
16.88045800
17.11020900
16.59583300
16.70029200
16.46337500
16.64795800
16.62200000
16.73170800
16.94033400
16.68758300
16.73912500
16.14483300
17.15350000
16.68891700
16.71212500
16.11066700
17.25237500
16.62016600
16.75791700
16.61620800
16.73250000
16.74520900
16.43250000
16.92995800
15.96045800
17.36387500
16.59070900
16.72408300
16.74920800
16.39850000
16.92116700
16.66500000
16.73370800
16.69545900
16.44125000
16.92275000
16.63258300
16.73041700
16.66833300
16.54970800
16.23816700
17.24025000
16.81645800
16.61308400
16.63766600
16.71812500
16.64837500
16.69429200
16.13462500
16.96104200
16.78129100
16.00987500
16.54304200
17.44450000
16.89250000
16.78229200
16.67100000
16.20883300
17.12020800
16.06400000
17.27729200
16.64304200
16.52179100
16.33329200
17.24162500
16.73854200
16.61320800
16.66208300
16.69195900
16.69270800
16.68141700
16.76508300
16.67445800
16.56741700
16.79808300
16.61387500
16.61050000
16.78020900
16.71495800
16.63562500
16.65100000
16.73704200
16.66379100
16.66704200
16.69416700
16.64325000
16.73166600
16.76083400
16.57729100
16.66754200
16.69058300
16.77337500
16.65662500
16.05850000
16.84466700
17.26783300
16.62729200
16.04316700
17.25583300
16.73908300
16.69104200
16.68533300
15.86345900
17.19166600
16.60133400
16.85766600
16.73208400
16.83733300
16.60487500
16.41187500
17.01341700
16.54200000
16.80162500
15.74608300
17.28441700
17.02683300
16.68133300
16.69708400
16.44291600
18.61066700
14.98179200
16.41916600
16.15375000
16.54591700
16.77637500
15.91245800
17.33354200
16.60425000
16.32387500
17.10395800
16.07245900
16.65254100
19.47433400
16.21204100
17.25700000
15.92291700
16.84095800
16.41883400
16.61208300
16.03912500
16.67295800
16.52537500
16.00225000
17.30045900
16.72829100
16.59987500
16.90408400
16.68229100
16.79729200
16.66800000
16.06175000
17.00725000
16.90812500
16.77570800
16.81212500
16.49604200
16.62329200
16.74095800
16.52425000
16.44087500
17.42166700
16.37404100
16.64050000
17.06783400
15.99062500
17.31504100
16.59112500
16.64162500
16.66158400
16.61275000
16.58237500
16.72645800
17.07275000
15.94850000
16.60741700
17.36650000
16.28654100
15.89887500
17.37558400
17.39387500
15.71487500
16.73462500
15.84279100
17.50491700
16.29704200
16.82437500
16.73920800
16.78266700
16.74629100
16.72975000
16.12112500
17.34579200
17.04254200
17.05412500
15.78541600
16.42879200
16.23529200
17.92591600
16.04720900
17.23775000
16.57154100
16.82329200
16.83975000
16.71779200
16.79800000
16.40737500
16.95237500
16.76608300
16.68225000
16.03195800
17.25600000
16.57900000
16.73545900
16.71295800
16.93316700
15.87183300
17.29033300
16.61200000
16.75283400
16.64533300
16.74604200
16.62800000
16.00783300
17.24483300
16.89437500
16.70104200
16.67416700
16.65991600
17.00804200
15.81533300
16.69666700
16.43891700
16.40562500
16.06779100
18.95220900
15.46625000
17.35295800
16.59033300
17.06012500
16.68266700
16.37416700
16.63525000
16.64875000
16.27166600
17.09820900
16.61258300
16.68183300
16.74641700
16.70612500
16.68870800
16.35566700
16.96266700
16.72091600
16.56579200
16.77875000
16.71404200
16.62833300
16.76804200
16.65875000
16.61062500
16.75570800
16.31287500
16.70612500
16.94808300
16.67791700
16.70187500
16.72950000
16.86358300
16.40191700
16.84341700
16.56708300
16.75295800
16.60237500
17.11129200
15.85125000
16.52416700
17.35433300
16.62900000
16.11079200
17.29579100
17.04004200
16.43933300
16.82591700
16.85783300
16.27045900
16.57645800
16.73362500
16.73066700
16.35683300
17.05570800
16.28400000
16.54491700
17.20541700
16.65570800
16.62187500
16.70012500
16.81358300
16.60362500
16.31116700
16.91937500
16.77829200
16.64883300
16.51758300
16.83750000
16.74562500
16.68237500
16.66800000
16.07612500
17.33629200
16.06337500
17.26370800
16.05958400
17.29670800
16.15320800
16.65416700
17.13495800
16.60183400
16.77408300
16.79629200
16.66466600
16.65645900
16.66350000
16.77937500
16.59370800
16.66950000
16.74837500
16.21725000
17.11341700
16.74325000
16.69958300
16.63820800
16.56741700
16.70520800
17.32145900
16.22379100
16.52875000
16.70637500
16.72487500
16.63854200
16.58295800
16.79495900
16.63641600
16.60070900
16.84687500
16.66108300
16.61758300
16.32487500
17.10875000
16.40216700
17.09562500
16.48470800
16.22333400
16.67533300
16.69308300
17.23825000
16.09862500
16.68533400
16.68391600
17.31558400
16.08675000
17.16775000
16.15320800
17.40033300
16.45129200
16.79504200
16.59208300
16.09850000
16.73504200
17.33512500
16.59625000
16.74195800
16.41795800
16.67900000
16.63062500
16.47483400
15.98775000
17.13716600
16.78437500
16.66808400
16.52745800
16.70762500
16.78491700
16.48387500
16.79483300
16.05975000
17.53095800
15.66025000
17.34754200
16.79795800
16.62366700
16.17641700
17.12625000
16.62216600
17.12925000
16.67087500
16.41175000
16.35762500
17.09145900
16.67275000
16.79183300
16.49916700
16.70800000
16.64475000
16.67175000
16.73462500
16.73495800
16.18875000
16.63437500
16.71645800
16.65120900
16.73162500
17.05004100
16.58641700
17.13791700
15.68475000
17.21958300
16.64766700
17.32300000
16.33516600
16.75937500
16.60800000
16.45529200
16.50575000
16.20733300
16.83437500
16.96345900
17.01062500
16.43987500
16.81108300
17.64591700
16.33608300
16.30120800
17.02891700
16.58137500
16.61558300
16.87658400
16.78441600
16.63187500
16.68287500
16.18258400
16.62766600
16.65841700
17.24279200
17.04504100
16.75425000
16.58575000
16.67825000
16.69012500
16.72891700
16.68170800
16.65145900
16.68550000
16.65770800
16.83554200
16.73008300
16.52758300
16.68745900
16.05479100
17.28058400
16.70350000
16.71412500
16.00716600
17.16437500
16.82141700
16.69562500
16.07945800
17.30300000
16.47191700
16.76070800
16.62445900
15.98541600
17.23233400
16.20083300
17.13558300
16.12216700
17.22583300
16.97058400
16.17041600
17.31358400
16.57283300
15.87829200
17.26700000
16.65033300
16.05333300
16.89491700
17.49458300
15.98212500
17.05245900
16.76116600
16.64654200
16.83708300
16.76712500
16.63200000
16.72658400
16.59995800
16.74183300
16.09595900
17.27758300
16.67708300
16.61095900
16.97716600
16.77704200
16.04741700
15.76412500
16.42533300
18.31616700
16.50950000
17.20204100
16.65958400
16.56608300
16.88816700
16.61966600
16.48141700
17.29500000
16.04729200
15.93320800
17.25000000
16.76766700
16.52083300
16.68433300
16.76720900
16.57100000
16.13970800
16.68875000
17.24716700
16.76391600
15.99675000
17.31929200
16.53212500
16.85591700
16.79162500
16.51562500
16.67925000
16.62045800
16.74083300
16.79266700
16.58470800
16.85904200
16.57395800
16.66333400
16.63908300
16.74041700
16.35225000
16.99604100
16.65629200
16.73083300
16.67658400
16.67875000
16.17595800
17.11158300
16.13200000
17.21533400
17.06454100
16.36116700
17.12166700
16.71200000
16.42666600
16.73995900
16.88379100
16.22029200
16.93666700
16.75408300
16.25708300
17.11575000
16.86950000
16.47454200
16.80529200
16.60470800
16.14300000
17.33104200
16.58383300
16.68295800
16.35204200
17.21683300
15.87779200
17.02566700
16.77325000
16.57712500
16.87675000
16.55445800
16.57687500
16.63604200
16.48191600
16.91516700
16.83625000
16.53162500
16.67620800
16.72970900
16.98695800
16.37779200
16.10404100
17.18404200
16.73291700
16.78050000
16.61195800
15.90366700
17.38441600
16.14620900
17.27041600
16.61275000
16.74337500
16.56891700
16.83141700
16.59779100
16.68304200
16.63216700
16.98870800
16.49991700
16.83512500
16.42845800
16.75950000
16.72416700
16.65100000
16.13162500
16.68483300
17.24800000
16.72658300
16.69862500
16.59658400
16.72375000
16.73808300
16.63829200
15.77712500
17.62225000
16.64212500
16.65683300
16.64750000
16.75345800
16.64862500
16.57950000
16.72375000
16.20604200
17.55187500
16.08333300
16.98079200
16.57187500
16.96654200
16.52791600
16.76770900
16.55166600
16.67516700
16.72875000
16.70791700
16.67591600
16.67929200
16.55516700
16.79870800
16.08150000
17.53445800
16.46995900
16.61891600
16.74687500
16.00945900
16.69945800
17.43050000
16.51291700
16.12070800
16.76175000
17.17454200
16.62458300
16.70850000
16.05941700
16.99095800
16.46470800
17.24125000
16.69558400
16.64787500
16.68912500
16.72670800
16.68408300
16.69945900
16.65333300
16.78279200
16.57075000
16.59633300
17.10745800
16.75962500
16.57012500
16.37333400
16.69004100
16.98691700
16.72962500
16.36862500
16.70179200
16.71941600
17.04687500
16.66366700
16.71829200
16.49170800
16.61625000
16.47429200
17.01854100
16.65783400
16.59004100
16.62979200
16.57175000
16.70025000
16.61895800
16.69804200
16.74183300
17.10304200
16.11633300
16.84358400
15.99170800
17.32095800
16.67141700
16.94512500
16.55654200
16.85575000
16.50350000
16.58666600
16.73900000
16.62483400
16.07962500
17.27983300
16.70295800
16.62470900
16.80545800
16.27370800
17.02408400
16.69120800
16.63566700
16.65087500
16.66358300
16.82066700
16.01145800
17.28220800
16.65912500
16.83533400
16.55954100
16.61000000
16.84875000
16.61204200
16.63408300
17.09933400
16.68254100
16.69291700
16.29275000
16.89641700
16.71550000
16.84291600
15.84745900
17.20175000
16.53166600
16.76579200
16.91579200
16.74241600
16.80375000
16.31945900
16.88208300
16.56770800
16.54683400
16.89420800
16.54395800
16.86050000
16.89329200
16.46412500
16.80262500
16.33241700
16.87716600
16.82504200
16.83587500
16.43912500
16.68145800
16.24095900
17.15825000
16.00075000
17.92475000
15.82358300
16.68058300
16.61858400
16.62900000
17.06979100
16.73816700
16.54366700
15.86220800
17.27141700
15.79895800
17.00345800
16.49312500
16.59162500
16.60662500
16.90000000
16.74804200
16.85420800
16.87395900
16.54500000
16.75937500
16.72041600
16.60762500
16.71816700
16.62604200
16.69837500
16.17170800
17.48325000
16.72491700
16.79395800
16.75104200
16.22325000
16.94516600
16.69287500
16.70720900
16.67508300
16.63545800
16.41008400
17.06508300
16.58691700
16.68695800
16.68179200
16.64958300
16.63541700
16.75575000
16.65937500
16.79566600
16.60787500
16.76250000
16.63308400
16.74654100
16.58187500
16.74087500
16.67850000
16.40212500
16.93358400
16.70200000
16.66391600
16.65091700
16.72733300
17.31587500
16.18520900
15.74720800
17.50070800
16.74654200
16.60166700
16.66112500
16.79212500
16.57329100
16.84804200
16.61483300
16.69216700
16.77900000
18.02954200
14.57429100
15.98700000
17.33587500
16.67891700
16.67804200
16.62141600
16.76562500
16.69687500
16.28754200
16.75441700
16.70991600
16.73604200
16.68562500
16.81704200
16.65233300
16.69633300
16.66720900
16.94241600
16.67883400
16.10079100
17.03937500
16.90791700
16.98516700
16.61412500
16.65654100
16.66645900
16.73245800
16.61366700
16.74520800
16.64479200
16.88104100
16.52825000
16.82587500
16.57200000
16.94275000
16.64008400
16.75525000
16.68762500
16.74904100
16.58904200
16.67950000
16.63945800
16.82566700
16.09516700
17.17666600
16.67600000
16.85337500
16.15983400
17.24779100
16.70416700
16.52558300
16.68545900
16.10187500
17.24183300
16.69195800
16.75662500
16.57037500
16.70437500
16.70800000
16.66591700
16.46562500
16.96970800
16.64683400
16.06666600
17.33404200
16.55179200
16.69237500
16.83475000
16.53891600
16.67995900
16.78433300
16.64550000
16.64887500
16.76633300
16.66533400
16.59445800
16.70791700
16.79379100
16.54083400
16.87529100
16.51904200
16.69683300
16.70158400
16.69741600
16.58841700
16.77795800
16.67966700
16.64433300
16.72945900
16.67345800
16.63837500
16.85383300
16.70454200
16.52979200
16.74350000
16.58879100
16.73112500
16.73087500
16.59045900
16.75575000
16.38687500
16.87783300
16.76537500
16.75525000
15.98570800
17.28537500
17.00966700
15.77191700
17.33370800
16.29204200
16.71783300
16.65512500
16.98412500
16.55087500
16.82866700
16.93212500
16.49800000
16.62445800
16.59087500
16.70145800
16.82537500
16.55116700
16.70216700
16.64391600
16.76312500
16.09254200
17.26229200
16.67900000
16.65125000
16.48587500
16.15420800
17.09462500
16.72891700
16.65100000
16.73504100
16.90416700
16.50895800
16.92812500
16.66062500
16.68150000
16.56700000
16.75420900
16.29762500
15.96333300
17.14050000
16.49841700
16.95379100
16.79916700
16.52508300
16.66550000
15.80800000
17.25037500
16.72154200
16.64808300
16.63204200
16.73829200
16.72870800
16.74287500
16.86683300
16.60787500
16.91333400
16.34533300
16.66612500
16.61929200
16.76116600
16.71175000
16.31179200
17.02037500
16.23754200
17.32962500
16.63045800
15.86012500
17.36929200
16.05629100
16.63104200
17.25820800
16.98616700
16.63437500
16.21358300
18.23212500
14.97750000
16.82195900
17.27366600
16.00179200
18.22541700
15.36337500
17.12195800
16.10345800
17.18641700
16.62854200
16.21379100
17.25058400
16.63908300
16.45016700
17.25766600
16.18458400
16.56387500
16.17283300
17.34733300
16.86733400
16.66837500
16.09570800
17.15462500
16.09816700
17.14612500
16.69054100
16.28845900
17.41854100
16.09254200
16.89062500
17.19841700
16.40645800
17.41370800
15.94579200
17.17650000
16.59720800
16.77433400
16.57887500
16.80958300
16.61191700
16.02337500
16.78291600
17.16391700
16.76887500
16.84500000
16.26370800
16.64654200
16.96587500
16.34954200
17.09258300
16.04991700
17.20433300
16.34983300
16.77312500
17.31162500
16.73270900
16.51312500
16.65162500
16.84862500
16.69070800
16.59087500
16.69783300
16.66925000
16.68375000
16.79987500
16.58870900
16.62795800
16.75845800
16.60987500
16.18266700
17.30833300
16.55045900
16.66391600
16.67295900
16.19783300
17.21225000
16.15112500
16.73966700
17.16833300
16.63570800
16.43625000
16.95570900
16.87754100
16.74295900
16.50850000
16.71370800
16.71250000
16.70316700
15.93066600
17.52200000
16.90475000
15.86579200
16.44950000
16.59716700
17.89508300
16.27012500
16.70400000
16.55020800
16.68608400
16.94254100
15.95929200
17.24658300
16.82995900
16.76558300
16.39345800
16.74454200
16.55491700
16.74241600
16.71350000
16.61200000
16.82062500
16.67262500
16.69533400
16.65054100
16.69762500
16.58770900
16.70112500
16.72600000
16.66220800
16.37545800
16.80979200
16.84275000
16.66879200
16.87012500
16.74762500
16.49787500
16.16787500
16.59337500
17.33858300
16.65420800
16.60212500
16.78520900
16.73187500
16.59962500
16.68679100
16.72641700
16.61641700
16.80541600
16.59179200
16.60962500
16.09108300
17.18779200
16.77370800
16.75445900
16.68845800
16.61262500
16.83575000
16.57204200
16.72000000
16.66020800
16.54370800
16.71854200
16.85883300
16.49562500
16.72345900
16.78929100
16.64304200
16.73895800
16.76362500
16.59150000
16.35000000
16.88520900
16.16754100
17.25437500
16.70054200
16.15233300
17.19750000
16.76050000
16.54350000
16.82687500
16.71879200
16.50908300
16.86520900
16.61979100
16.75691700
16.04954200
17.22104100
16.70245900
16.67320800
16.73020800
16.57266700
16.77870800
16.61241700
16.67629200
16.77904100
16.60712500
16.67687500
16.75337500
16.61837500
16.65591700
16.78254200
16.62354100
16.72187500
16.60879200
16.62033300
16.20050000
17.29470900
16.68704100
16.06745900
17.33166600
16.46354200
16.79500000
16.76358300
16.61670900
16.74045800
16.08445800
17.27783400
16.68941600
16.67495900
16.56495800
16.79479200
16.29270800
17.16091700
16.57391600
16.12241700
17.26304200
16.09004100
16.84475000
17.10225000
16.67350000
16.65266700
16.70016700
16.68854100
16.77212500
16.60475000
16.06370900
17.62087500
16.32995800
16.87758300
16.65866700
16.64183300
16.72683400
16.56279100
16.17587500
17.33162500
16.70616700
16.51308300
16.71408400
16.63495800
16.61075000
16.50958300
17.03037500
16.59800000
16.72329200
16.60491700
16.62225000
16.74095800
16.69608300
16.71025000
16.71854200
16.74987500
16.57970800
16.80083400
16.01287500
17.23737500
16.14016600
17.20704200
17.10787500
16.62808300
16.55175000
16.74887500
16.41545900
16.05987500
17.71120800
16.59700000
15.81187500
16.67595800
16.62020900
16.73400000
16.91479100
17.04070900
16.93475000
16.46095800
16.68591700
16.25995800
17.03920800
16.79391700
16.46891700
17.10141600
16.83508400
15.91325000
16.98725000
16.11116600
17.53766700
16.82179200
16.30804100
17.03037500
16.36762500
16.73608400
16.72916600
16.17716700
16.57150000
16.28841700
16.66362500
16.64408300
16.30258300
17.41454200
15.97908300
17.30454200
16.12629200
17.24062500
16.13345800
17.42033300
16.54591700
16.65254200
17.05612500
16.60908300
16.64887500
16.51341700
16.91004100
16.63908400
16.72208300
16.61366700
17.01233300
16.69820800
16.37820900
16.55945800
17.14629200
16.71662500
16.64716600
16.50104200
16.87620800
16.05841700
17.33466700
16.60854100
16.65150000
16.76358400
16.62920800
17.43845800
15.50020900
16.55083300
16.44895800
16.28345900
16.53141600
17.26479200
16.66487500
16.10850000
16.62158300
16.70983400
16.98495800
16.18083300
17.30070900
16.73275000
16.78483300
16.04804200
17.42733300
16.86908300
15.89812500
17.26837500
16.07504200
16.89612500
17.37616700
16.09316600
16.54312500
16.72783400
17.43179100
15.97275000
17.45833400
16.19425000
17.23562500
15.99245800
17.39125000
16.59679200
16.19091600
17.35645900
15.89658300
16.72512500
16.69445800
16.65483400
17.27775000
16.12316600
16.66962500
17.24279200
16.09804200
17.31554100
16.41766700
17.20070800
16.82554200
16.58104200
16.67275000
16.70100000
16.69316600
16.77679200
16.55125000
16.63433300
16.55591700
16.91104200
16.81579100
16.54237500
16.72887500
16.66816700
17.09879200
16.29354100
16.65704200
16.68387500
16.64870800
16.74279200
16.67800000
16.55500000
16.83850000
15.79970800
17.46466700
16.74262500
16.02916700
16.71845800
17.21454200
16.58445800
16.59783300
16.73412500
16.58962500
16.71483400
17.05066600
16.02795900
16.94483300
17.05529200
15.96683300
17.24529200
16.79029100
16.77970900
16.07129100
17.12058400
16.76054100
16.69225000
16.56333400
16.79429100
16.64229200
16.66595800
16.68037500
16.70508400
16.68945800
16.71308300
16.60033400
16.13479100
17.23262500
16.72100000
16.66587500
16.15754200
17.05587500
16.79933300
16.70008400
16.56445800
16.85254200
16.33545800
16.97954200
16.12616600
17.25662500
16.80454200
16.21554200
17.08320800
16.62508300
16.71695900
16.65170800
16.83404200
16.19395800
16.82720800
17.00633400
15.92966600
17.39787500
16.58133400
16.47066600
16.91850000
16.81762500
16.61000000
15.96008400
17.34041600
16.66883400
16.55475000
16.67879100
15.98458400
17.05158300
16.84112500
16.42095800
17.02520900
16.03420800
17.25116700
16.62395800
17.18116700
16.60445800
16.70816700
16.71629100
16.36758400
16.27312500
17.22937500
16.81658300
16.64525000
16.67616700
16.64845800
16.75170800
16.72108400
16.60425000
16.67879100
16.73912500
16.68829200
16.66758300
16.04604200
17.28020800
16.70466700
16.66466700
16.18629100
17.20950000
16.61525000
16.69695900
16.79154100
16.59300000
16.70058400
16.63470800
16.78075000
16.66316700
16.94845800
16.65987500
16.79400000
17.01620800
16.29875000
16.32420900
16.89929100
15.67362500
16.90883400
16.50858300
16.73612500
17.44158300
15.13654200
17.46216700
16.72620800
16.73329200
18.10666600
15.37229200
16.61262500
16.19325000
16.34904200
17.25091600
16.74045900
16.76466600
16.63020900
17.06283300
15.98733300
16.57429200
17.31620800
16.53291700
16.68266700
16.09445800
17.59745800
16.27512500
16.67412500
16.06058400
17.33270800
16.23104200
16.63429100
16.71550000
17.22937500
16.76229200
16.19783300
17.28575000
16.61337500
16.75270900
16.32291600
16.27116700
17.14466700
16.44162500
16.22133300
17.49400000
16.43487500
16.47245800
17.21258400
15.66187500
17.46358300
15.93750000
17.53975000
16.84829200
16.44229100
17.25100000
16.05050000
17.79887500
15.67095900
17.20500000
15.99458300
16.90950000
17.19929200
16.59187500
16.52883300
16.82591700
16.78445800
16.67262500
16.68845800
16.59233400
16.68225000
16.68812500
16.98595800
16.47508300
16.66229200
16.69966700
16.63041600
16.79341700
16.65383300
16.65133400
17.00429100
15.76591700
17.50187500
16.55050000
16.94266700
16.53075000
16.12408300
17.28829200
16.74904100
16.68416700
16.70050000
16.60670800
16.08483400
16.80379100
17.17216700
16.73966700
16.59208300
16.33533300
17.11108400
16.64391600
16.76175000
16.54462500
16.72729200
16.72904200
16.55825000
16.82200000
16.68016600
16.65354200
16.64433300
16.72587500
16.63570900
16.70537500
16.77570800
16.79304200
15.84420800
17.40737500
15.99704200
17.46679100
16.68637500
16.72212500
16.40833400
17.06354100
16.62766700
16.09354200
16.34083300
16.36845800
18.11825000
16.68791700
16.76504200
16.58004100
16.24979200
17.72150000
15.96433300
16.42400000
16.71004200
17.18891700
16.67754100
16.10462500
16.64629200
16.39604200
16.39491600
17.33245900
16.85983300
16.46391700
16.63104100
16.77166700
16.06241700
17.23800000
17.05625000
16.80608300
16.64325000
16.29533300
16.66516700
16.11045800
17.25620900
16.67058300
16.08691700
17.20475000
16.93095800
16.70058300
16.48308400
17.03108300
16.60991700
16.75258300
16.57195800
16.97095900
16.20608300
17.13616700
16.22816600
16.86212500
16.85287500
16.75091700
16.63700000
16.51041700
16.86937500
16.47045800
16.89870800
16.37858400
16.59745800
17.09866700
16.69008300
16.60591700
16.58670800
16.40529200
16.66270800
16.69170800
16.27704200
17.01258300
16.44462500
17.45916700
16.54404200
16.94108300
16.31166700
16.63175000
16.49600000
16.65166600
16.76037500
16.74370900
16.61362500
16.64020800
16.77445800
16.77845900
16.42225000
16.86912500
15.99933300
17.28445800
16.51829200
16.85008300
16.69004200
16.70270800
16.02995900
16.93145800
16.88775000
16.80416700
15.86829100
17.64125000
16.54966700
16.96612500
16.81970800
16.66116700
16.67558300
16.71358400
16.82220800
16.07066700
16.96995800
16.79100000
16.58245800
16.86500000
16.62720900
16.65354100
16.68225000
16.62345900
16.71695800
16.88566700
15.98291600
17.07466700
16.74083300
15.95158400
17.56508300
16.46737500
16.84279200
16.55900000
16.49879100
16.67458400
16.85745800
16.54212500
16.59587500
17.06625000
16.72091700
16.64991600
16.57979200
17.26945800
15.93920900
16.95350000
15.76050000
17.98679100
16.30520900
16.36387500
16.31516600
17.03770900
16.61208300
16.71800000
16.64500000
16.68454200
16.72091600
16.69450000
16.69366700
16.59308300
16.71308400
16.61500000
16.70820800
16.80395800
16.57104200
16.77316700
16.62991600
16.66670900
16.64616600
16.78291700
16.07920800
16.98920900
17.19141600
16.59825000
16.42795900
16.83162500
16.60883300
16.47200000
16.87700000
16.75933300
16.61408400
16.71229100
16.71025000
16.45225000
16.90900000
16.66420900
16.67137500
16.70666600
16.66929200
16.75800000
16.60012500
16.66820800
16.70329200
16.69416700
16.60566600
16.17612500
17.28525000
16.59825000
16.32750000
17.11229200
16.60637500
16.79750000
16.03325000
17.86445800
16.35654200
15.98208300
17.20683400
16.64716600
16.57129200
16.76033300
16.79066700
16.64191700
16.05891600
17.35791700
16.55591700
16.66079100
16.68816700
16.43166700
16.95458300
16.67541700
16.73545800
16.58200000
16.74362500
16.60425000
16.84025000
16.67350000
16.55895800
16.67166700
16.85787500
16.57025000
16.76337500
16.58600000
16.68845800
16.74208400
16.61970800
16.62554200
16.41754100
17.03566700
16.64562500
16.96445800
16.81720900
16.53916600
15.96095900
17.15175000
16.68820800
16.68525000
16.66358300
17.11408400
16.41304100
16.66600000
16.57070900
16.71950000
16.92054100
16.85208400
16.25141600
16.73766700
16.90204200
16.24395800
16.27129200
17.24295800
16.16887500
17.19783300
16.16245900
18.16383300
15.99137500
16.56900000
16.65016700
16.17320800
17.22320800
16.63675000
16.59162500
16.13979200
17.31733300
16.68104200
16.61737500
16.64679200
16.65804100
16.22083400
17.18862500
16.71670800
16.64320800
16.67262500
16.77345900
16.57637500
16.67554100
16.94466700
16.52066700
16.08662500
17.19470800
16.74600000
16.65100000
16.75062500
16.67787500
16.61979200
16.63633300
16.71179200
16.76950000
16.40045800
16.86475000
16.72020800
16.16775000
17.18454200
16.11125000
17.25700000
16.74879200
16.63829100
16.69687500
16.08500000
17.25425000
16.85383400
16.61833300
16.60154200
16.61912500
16.72933300
16.72529200
16.21554100
17.11208400
16.68770800
16.65979200
16.73200000
16.63845800
16.67654200
16.70770800
16.91879200
16.47920800
16.74679200
16.82237500
16.16341600
15.84195900
16.36570800
17.19987500
16.60787500
16.83533300
16.74566700
16.94625000
15.91887500
17.19025000
16.55804200
16.49362500
17.23429100
16.71950000
16.58379200
16.69758300
16.95008400
16.13187500
16.68558300
17.28291700
16.58558300
16.73900000
16.68929200
16.67704100
16.94479200
16.46829200
16.87987500
16.79737500
16.61204100
16.68033400
16.72900000
16.67858300
16.70550000
16.73087500
16.36512500
16.49400000
16.13054200
16.82954100
16.32804200
16.57983300
16.61283400
16.58766600
16.84108400
16.35816600
17.27875000
16.71137500
16.02604200
16.68508300
17.16391700
16.85650000
16.50154200
16.26525000
16.63579100
16.64704200
17.19808300
16.31725000
17.18454200
16.03837500
17.60062500
15.99287500
17.32404200
16.47287500
16.22641600
17.06262500
16.78500000
16.05975000
17.40837500
15.91700000
17.25779200
16.69837500
16.68012500
16.12225000
17.36966700
16.52337500
16.64983300
16.14420800
16.78350000
17.22191700
16.80066700
16.83170800
16.08745800
17.58170900
15.73950000
16.61779100
17.23966700
16.66783300
16.80708400
16.27391600
17.20795900
16.79920800
16.48025000
16.48508300
16.81104200
16.59200000
16.86537500
16.68741700
16.75870800
16.65512500
16.99666700
16.55545800
16.12512500
17.25620800
16.76404200
16.85304200
16.12408300
17.20545800
16.71450000
16.64833400
16.69612500
16.66954100
17.00708400
16.47533300
16.93495800
16.70704200
16.64470800
16.09575000
16.69708400
16.98587500
16.69975000
16.62445800
16.09920800
16.89750000
17.21516700
16.96154200
16.51391600
16.17291700
17.01945800
16.68808400
17.30320800
15.98012500
16.74708300
16.87966700
16.12895800
17.29745900
16.64162500
16.75108300
16.72595800
16.55454200
16.77729200
16.17025000
16.17720800
17.27816700
16.44362500
16.77062500
17.36395800
15.86800000
16.77325000
16.53200000
16.71175000
16.37379200
16.65179100
16.18583400
16.63679100
17.19887500
16.78291700
16.51337500
16.00883300
17.90079200
16.54295800
16.57354200
16.50920800
16.66883400
16.91487500
16.48454100
16.57562500
16.44179200
17.34579200
16.55654100
16.65112500
18.01270900
15.30437500
16.78783300
16.22479200
17.09600000
17.63587500
15.89683300
16.70762500
16.59916700
16.71212500
16.83600000
16.44958300
16.80750000
16.56891700
16.36987500
16.85562500
16.84237500
16.39270800
16.76320800
16.62916700
17.11354200
16.55400000
16.69700000
16.73533300
16.53241700
16.44445800
16.31312500
16.50141700
17.32029100
16.44745900
16.97070800
16.13304200
17.45637500
16.58575000
16.28470800
17.36254200
16.49116600
16.19441700
17.19254200
16.73920800
16.75500000
16.52787500
16.79550000
16.47716700
16.92870800
16.71766700
16.61595800
16.81500000
16.48275000
16.98625000
16.23362500
17.42150000
16.42179200
16.47575000
16.23637500
16.64858300
16.69816700
17.66229100
16.23291700
17.01308300
16.77183400
15.81633300
16.97170800
16.99470900
16.77925000
16.62775000
16.87229100
16.74008400
16.56570800
16.02508300
17.34729200
16.00525000
17.25087500
16.68895800
16.55741700
16.74654200
16.24195800
17.22412500
16.78362500
16.66941700
16.45845800
16.50062500
17.11712500
16.75737500
16.30745800
17.10412500
15.79158400
17.21550000
16.35304100
16.71037500
16.81079200
15.99145800
16.26712500
16.70395900
18.63662500
15.81579100
17.24616700
16.69804200
16.51904100
17.06629200
16.23187500
16.52833300
15.75691700
17.14862500
16.65204200
17.95275000
16.61012500
16.75100000
16.25395800
16.54800000
16.78658300
16.67991700
16.83525000
16.16187500
17.08983300
16.69129200
16.62216700
16.64495800
16.20245800
16.62045900
17.23658300
16.47708300
16.20970900
17.43808300
16.66158300
16.75391700
16.67287500
16.72783300
16.22737500
16.86304200
16.52904200
16.88225000
16.68533300
15.93570800
17.29054200
16.99737500
16.75233300
17.08266700
16.00495800
16.53695900
16.91900000
16.82883300
16.56075000
16.81075000
15.76570800
17.18904200
16.92129200
16.83195800
16.63004200
16.70058300
16.11225000
17.17116700
16.69387500
16.74633300
16.66929200
16.64566600
16.77725000
16.64466700
16.61750000
16.75204200
16.54945800
15.97529200
17.51554100
16.59854200
16.78658300
16.68416700
16.07129200
17.28308300
16.74720800
16.03395900
17.22095800
16.77304200
17.00545800
16.42541700
16.62183300
16.53304200
16.82920800
16.62608300
16.24729200
17.36650000
16.42383300
16.10250000
16.69216700
17.31883300
16.65333400
16.61520800
16.01400000
17.34283300
16.10916700
16.72766700
16.58829100
17.18837500
16.97166700
16.48954200
16.83458300
16.52475000
16.85550000
16.71225000
16.53025000
16.63841700
16.34775000
16.84400000
16.38100000
17.32879100
16.27604200
16.08437500
17.29229200
16.08166600
16.62275000
16.74470900
17.32862500
16.85062500
16.14179100
17.06412500
16.63745900
16.82662500
16.52000000
16.68570800
16.24387500
16.58633300
17.18137500
16.74454200
16.89754200
16.63991600
16.84245900
16.64787500
16.55041600
16.82337500
16.71583400
16.78204100
16.57366700
16.62858300
17.04450000
15.86629200
17.17795800
16.77125000
16.68741700
16.22712500
16.37070800
16.59925000
16.72312500
16.53804200
16.62741700
17.04970800
16.72395800
16.70112500
16.52458400
16.96837500
15.86445800
16.71175000
16.71158300
16.65200000
16.63158400
17.47583300
15.87695800
16.70566700
16.94341700
17.16541600
16.87154200
16.01829200
16.69050000
17.21262500
16.64925000
16.27687500
17.22425000
16.74720800
16.48570800
16.75470900
16.77937500
16.63166600
16.07041700
16.66800000
17.27204200
16.15154100
17.60779200
16.50775000
16.81108300
16.65762500
16.61704200
16.12937500
17.28029200
16.47012500
16.94970800
16.83720800
15.71025000
16.99458400
16.55108300
16.59395800
17.14266700
16.37950000
15.94962500
17.22891700
16.49791600
16.64720900
16.71750000
16.10258300
17.30566700
16.73179100
16.74891700
16.76412500
16.63662500
16.66187500
16.95575000
16.73354200
16.56454100
16.70912500
16.62845900
16.91712500
16.64629100
16.58029200
16.54908300
16.97683400
16.73737500
16.34687500
16.96870800
16.70350000
16.69541700
16.69025000
16.75295800
16.52129200
17.05929100
16.24175000
16.95779200
16.88370800
15.96504200
16.48983300
16.77633400
17.23437500
16.65429100
16.98929200
16.33645800
16.92275000
15.89887500
17.31725000
16.59012500
17.04879200
16.05983300
16.94045900
17.12583300
16.52070800
16.68633400
16.79895800
16.57591700
16.57616600
16.36704200
17.11958300
16.31887500
16.42162500
16.99958400
16.70104100
16.13725000
17.33050000
16.96287500
16.40525000
16.58950000
16.64800000
16.16166700
17.26850000
16.54987500
17.15504200
16.24387500
16.71429100
16.92525000
16.82570900
16.67245800
16.54941700
16.65004100
16.73570900
16.62870800
16.60129200
16.60787500
16.07725000
17.28775000
16.72150000
16.60050000
16.74020800
16.73579200
17.00662500
16.51925000
16.82320800
16.66120800
16.67812500
16.65766700
16.72216700
16.05033300
17.34466700
16.45312500
16.79433300
16.76541700
16.76458300
16.56479200
16.09837500
17.28216600
16.72991700
16.63058300
16.73125000
16.59500000
16.76125000
16.56454200
16.68125000
16.80737500
16.44841700
16.87520800
16.65995800
16.22466700
17.17441700
16.71704100
16.05720900
17.28741600
16.64858400
16.58337500
16.77387500
16.83816600
16.53337500
16.67254200
16.99216700
16.41733300
16.76654200
16.68391600
16.55595900
16.70800000
16.72104100
16.67383400
16.09554100
17.28987500
16.62854200
16.50066700
16.24375000
16.50600000
16.78062500
17.22525000
15.95129100
17.23808400
16.73104100
16.65200000
16.62129200
16.85150000
17.15954200
16.53095800
16.50833300
16.71554200
16.55033300
16.78129200
16.94275000
16.16787500
16.98679200
16.71962500
16.75937500
15.89316600
16.53662500
17.51512500
16.68912500
16.74062500
16.72537500
16.62587500
16.69791700
16.65725000
16.17191700
17.14229100
16.78520900
16.63858300
16.09841700
17.31541600
16.60008400
16.67041600
16.68045900
16.54108300
16.86670800
16.72133400
16.65808300
16.61883300
16.78870900
16.15825000
17.20641600
16.67366700
16.13175000
17.14137500
16.74304200
16.63220800
16.76683300
16.71545900
16.27212500
16.97775000
16.83862500
16.51020800
16.74258300
16.66350000
16.78841700
16.21766700
17.26333300
16.57616700
16.00662500
17.40587500
15.94770800
17.31000000
16.69595800
16.70004200
16.68929200
16.00912500
17.23641600
16.75829200
16.10575000
17.16575000
16.17637500
16.58054200
17.34395800
16.00258300
17.37579200
16.69704200
16.76083300
16.15829200
17.04512500
16.80812500
16.61829100
16.63966700
16.26541700
17.20666600
16.63033400
16.71570800
16.63929200
16.77845800
16.45812500
16.54058300
16.94625000
16.74025000
16.71391700
16.11587500
17.15833300
16.81525000
16.60512500
16.72658400
16.58420800
16.50058300
17.07304200
16.01654200
16.81829100
16.48787500
17.27454200
16.86995800
16.57337500
16.56804200
16.68383300
16.72858400
16.57841600
16.76520900
16.70779100
15.96504200
17.61895800
16.46862500
16.34725000
17.01275000
16.05058400
17.32083300
16.69562500
16.67145800
16.11270900
17.38791600
16.46829200
16.12475000
17.43754200
16.02520800
16.37154200
17.60200000
16.72741600
16.52162500
16.80087500
16.50350000
16.78512500
16.75595900
16.62270800
16.69304200
16.75516600
16.56370900
16.71141600
16.15504200
17.11625000
16.77345800
16.84016700
16.53033300
16.65841700
16.71325000
16.02204200
17.20454100
16.18762500
17.32362500
16.68479200
16.59879200
16.74783300
16.85437500
16.47604200
16.66483300
17.28695800
16.32245900
16.55729100
16.50470900
16.25441600
17.28170900
16.71408300
16.70804200
16.58858300
16.70445800
15.83908400
17.44479100
16.67350000
16.83512500
16.47429200
17.11225000
16.50016700
16.03954100
17.03537500
16.56933400
16.88937500
16.66820800
16.66366700
16.86054100
16.68645900
16.48754100
16.81283400
16.07283300
17.23216700
16.71133300
16.71541700
16.68741600
16.61600000
16.79554200
16.52016700
16.79508300
16.77700000
16.43150000
16.98929200
16.47141600
16.21245900
16.37804100
16.53279200
16.55608300
16.82912500
16.66220900
16.29950000
17.27825000
16.70508300
16.65295800
16.82858400
16.69883300
16.63341700
16.99058300
16.10270800
16.74729200
16.95662500
16.93800000
16.62979200
16.69420800
16.71191700
16.73166600
16.12033400
17.21137500
16.60100000
16.16054100
17.23920900
16.17125000
17.23325000
16.62475000
16.65000000
16.46458300
16.87008300
17.00258400
16.30687500
17.90341600
16.05645900
16.80216600
16.36820900
16.81112500
16.25391600
16.54300000
17.17487500
16.05341700
17.06733300
16.78558400
16.60437500
16.73612500
16.83570800
16.15925000
17.22875000
16.65325000
16.70195800
16.61683400
16.79854100
16.14629200
16.55470800
16.79345900
16.63916600
17.21545900
16.70258300
16.76745800
16.62016700
16.62745800
16.78466700
16.57687500
16.75275000
16.71875000
16.61725000
16.61954200
16.73520800
16.70020800
16.73862500
16.66195900
16.56358300
16.81545800
16.65295900
16.65945800
16.36154200
17.00845800
16.64958300
16.87900000
16.61729200
16.58954200
16.73129100
16.59479200
16.71016700
16.77391600
16.74554200
16.30608300
17.09508400
16.61495800
16.59275000
16.73545800
16.14487500
17.66862500
16.05858400
16.86600000
16.57229100
16.57304200
16.52520800
16.18729200
17.47520800
16.69312500
16.77145900
16.85254100
15.85437500
17.27320900
16.74137500
16.65695800
16.63583300
16.75504200
16.60354200
16.77854100
16.61087500
16.62758400
16.07262500
17.47879100
16.70800000
16.65916700
16.14925000
17.14966700
16.56887500
16.83679100
16.53887500
16.12208400
16.56887500
17.06129100
16.97408400
16.30595800
17.08737500
16.73625000
16.76000000
15.93962500
17.43266700
15.97133300
17.40533300
16.69966700
16.47779200
16.73354100
16.82241700
16.42179200
16.91516600
16.69833400
16.60900000
16.64579100
16.75654200
16.68387500
16.76487500
16.58866700
16.60770800
16.09787500
16.55883300
17.38791700
16.64150000
16.95370800
15.75741700
17.45841700
16.80450000
16.47845800
16.81850000
16.27895800
16.79870900
16.39362500
17.09833300
16.72970800
16.28829200
17.15329200
16.62458300
16.48591700
16.92387500
16.67345800
16.77875000
16.61991700
16.65558300
16.65116700
16.68454100
16.69883400
16.83954100
16.32079200
16.35754200
17.27100000
16.67816600
16.55320900
16.11879100
17.26645900
16.76258300
16.71966700
16.66241600
16.59133400
16.78933300
16.55620800
16.75112500
16.73354200
16.09604200
17.20333300
16.16325000
17.27050000
16.57320800
16.37962500
17.06895900
16.37125000
17.06145800
16.63458300
16.59775000
16.80087500
16.64166700
16.69504200
16.66420800
16.43312500
16.44854200
17.18512500
16.34870800
16.95125000
16.69625000
16.58900000
16.88279200
16.74279100
16.17050000
17.06787500
16.74620900
16.03891600
17.24937500
16.50612500
16.84691700
16.82875000
16.59070800
16.12683400
17.13870800
16.70583300
16.42066700
16.49262500
17.20025000
16.15620800
17.15375000
16.79991700
16.45354200
16.92054100
16.61091700
16.76333300
16.32850000
16.15662500
17.14816700
16.73700000
16.89933300
16.79529200
16.65004200
16.78075000
16.51850000
16.55495800
16.83937500
16.25591700
16.48750000
17.29845800
16.19141700
17.14425000
16.17237500
17.28591600
16.27858400
16.96529100
16.81729200
16.85812500
16.52008300
16.06325000
17.36416700
16.45941700
16.80091600
16.68575000
16.49895900
16.80800000
16.81679100
16.52120900
16.72083300
16.69462500
16.58220800
16.45362500
16.79183400
16.67170800
16.68191700
16.70045800
16.92325000
16.70058300
16.08654200
16.72975000
17.03079200
18.74675000
13.96441600
17.05820900
16.71341600
16.64291700
16.83016700
16.76104100
16.14875000
17.15850000
16.70629200
16.68508300
16.26708400
17.02875000
16.79095800
16.65775000
16.97116700
16.40729100
16.98775000
16.63958400
16.68741600
16.73800000
16.66050000
16.70766700
16.70654200
16.54362500
16.70920800
16.77737500
16.11554200
17.12316600
16.10633400
17.39108300
16.65287500
16.68200000
16.10354200
17.26479100
16.64883400
16.30520800
17.04895800
16.70854200
16.75979200
16.62587500
16.71975000
16.76712500
16.55858300
15.91454200
16.92337500
17.25108300
16.65725000
16.67616700
16.14845800
16.68300000
16.98270800
16.74829200
16.05441700
17.24266600
16.68170900
16.78279100
16.37358400
16.51008300
16.65450000
15.92875000
17.34366700
16.78704100
16.63916700
16.83516700
16.36470800
16.67716700
16.07170800
16.72816700
16.74716600
17.28679200
16.66095800
16.62266700
16.79491700
16.58320800
16.52100000
17.16333300
16.65133400
16.55283300
16.71133300
16.06833400
17.23737500
16.72641600
16.57291700
16.49579200
16.90358300
16.56920800
16.47308400
17.11700000
16.04616600
17.21879200
16.13766700
17.11337500
16.56404100
16.73075000
16.64383400
16.70191600
16.79570900
16.86412500
16.70562500
16.69808300
16.52316700
16.10895800
16.86262500
16.83712500
16.80045800
16.82937500
16.44658400
17.33133300
16.43225000
16.70750000
16.27666700
17.27775000
16.60241600
16.03833400
17.21912500
16.11537500
17.26291600
16.59350000
16.52012500
17.36875000
15.99387500
16.62466700
17.35525000
16.42241700
16.91916600
16.72379200
16.59583300
16.63241700
16.76866700
16.04108300
17.55937500
16.75750000
16.74604200
15.98533300
17.25237500
16.81891700
16.24933300
17.01941700
16.73208300
16.55062500
16.78016700
16.56341600
16.86595900
16.70283300
16.62000000
16.61495800
16.76054200
16.63291700
16.57833300
16.85833300
16.51875000
16.88250000
16.55658400
16.48666600
16.24345900
17.17870800
16.85233300
16.81795900
16.67120800
16.55366700
16.70583300
16.16979200
17.18675000
16.42729100
16.92212500
16.68045900
16.79579100
16.66008400
15.92433300
17.42070800
16.37879200
16.79387500
16.61958300
16.69879200
16.55725000
16.74220800
16.94120900
16.37945800
17.12691700
16.23545800
16.13437500
17.29066700
16.60554100
16.94341700
16.67733300
16.19383400
17.53058300
16.28566700
16.36358300
16.38783300
16.56495900
17.60379100
15.55937500
17.99162500
16.51358400
16.29187500
17.04825000
16.62712500
16.68175000
17.00666600
16.50504200
16.55958300
16.74287500
15.80979200
17.43037500
16.74591700
16.61204100
16.69912500
16.78391700
16.54620800
16.78770900
16.63008300
16.78770800
16.67454200
16.76825000
16.69008300
16.61791700
16.46008300
16.75212500
16.82145900
16.64100000
16.68012500
16.78395800
16.54337500
16.64287500
16.76675000
16.70029200
16.00070800
17.24266700
16.21875000
17.18675000
15.86366600
17.26591700
16.77495800
16.90654200
16.57854200
16.70241600
16.44354200
17.01475000
16.63795800
16.75645900
16.55883300
16.68650000
16.60691700
16.87379100
16.60337500
16.67533400
16.67795800
16.64962500
16.72966700
16.65420800
16.61187500
16.84204200
16.59995800
16.59704200
16.17862500
17.30616600
16.10700000
17.15683400
16.19416600
16.54816700
16.88566700
16.45920800
17.33775000
16.03562500
17.31962500
16.11783300
16.86533400
16.45812500
17.35616600
16.74225000
16.45141700
16.71287500
16.72975000
16.53179200
16.84283300
16.79229200
16.73425000
16.62500000
16.18725000
17.14891600
16.80095900
16.58266600
16.47095900
16.48954100
17.05758400
16.71075000
16.69987500
16.58704100
16.66658400
15.97741600
16.63666700
17.03537500
16.59050000
16.74808300
17.02104200
16.46833300
16.47975000
17.40758400
16.73158300
15.96470800
16.67412500
17.36812500
16.26029200
16.66204200
16.94908300
16.09708300
16.80137500
17.04954200
16.86500000
16.68425000
16.08808300
16.52841700
16.65075000
16.82712500
16.45712500
16.66450000
17.28287500
16.65708300
16.72583400
16.72375000
16.52979100
16.80145900
16.47216600
16.26083400
17.35462500
16.70783300
16.22929200
16.66495800
17.00775000
16.74116700
17.03325000
16.36279100
17.06675000
16.57325000
16.22229200
16.89404200
16.94983300
16.68816700
16.69562500
16.71970800
16.67937500
16.62545800
16.72470900
16.07970800
17.25395800
16.70245900
16.60504100
16.64116700
16.77383300
16.44291700
16.61870800
17.03525000
16.48387500
16.87625000
15.88579200
16.48616700
17.47333300
15.96787500
16.68795800
17.16837500
16.20762500
16.86970900
17.18741600
16.86379200
16.50633300
16.31537500
17.21866700
16.76554200
16.76354100
16.05600000
17.16387500
16.75412500
16.63500000
16.55562500
16.19500000
17.30654200
16.06508300
17.33950000
16.64529200
16.62562500
16.77575000
15.97595800
17.24229200
16.72533300
16.78412500
16.51950000
16.82291700
16.49204200
16.28850000
17.24358300
16.69954200
16.60733300
16.89554200
16.55066600
16.40350000
16.14783400
17.21266600
16.61183400
16.71570800
16.44470800
17.07925000
16.84045900
15.80308300
17.21562500
16.71633300
16.91308400
16.69875000
16.73637500
16.26045800
16.84862500
16.69625000
16.67829200
16.56608300
16.77812500
17.00229200
16.46820800
16.42162500
16.58629200
17.18666600
16.69904200
16.00170800
17.38237500
16.48229200
16.80570800
16.07720900
17.71020800
16.04866700
16.61716600
16.66191700
16.79395800
16.61141700
16.74120800
16.62379200
16.67079200
16.98216600
16.43395900
16.87387500
16.64195800
16.46037500
16.67966700
16.81933300
16.24904200
17.19479100
16.83879200
16.60995800
16.74466700
16.64587500
16.70479200
16.73816600
16.70562500
16.60170900
16.74941600
16.60704200
16.99537500
16.57991700
16.49862500
16.65408300
16.75345800
16.63537500
16.81058400
16.58266600
16.69487500
16.53025000
16.78058400
16.72025000
16.35708300
17.05545800
16.45179200
16.82704200
16.85800000
15.70945800
17.56137500
16.10891700
17.13425000
16.69600000
15.68175000
16.99195800
16.77808300
16.65400000
16.60312500
16.70487500
16.89370900
16.53354100
16.79150000
16.82041700
15.95270800
17.31970900
16.60525000
16.77166600
16.92566700
16.68962500
16.63941700
16.72845800
16.66562500
16.65520800
16.71870900
16.68233300
16.61004200
17.00954100
16.56075000
16.12154200
17.10158300
16.84779200
16.86162500
16.68629200
16.67125000
16.58895800
16.71329200
16.70758300
16.73950000
16.67412500
16.60120800
17.07929200
16.65054200
15.53841600
16.92970900
16.65316600
16.64245900
16.57554100
17.43725000
15.99008400
16.12629100
16.91512500
16.72183400
16.55904100
16.27741700
16.72762500
17.30633300
16.31279200
17.03383300
16.71491700
16.78904200
16.17900000
17.22808300
15.98845800
17.54837500
16.64929200
16.78037500
16.52816700
16.78316600
16.07125000
17.27570900
16.02375000
17.53487500
16.76333300
16.70133300
16.64720900
16.61883300
16.67958300
16.72170900
16.64479100
16.82879200
16.79754200
16.71725000
16.69000000
16.71708300
16.55087500
16.98525000
16.51558300
16.69529200
16.09104200
17.22720800
16.46820800
17.02616700
16.59462500
16.64987500
16.12108300
17.41425000
16.59583400
16.74212500
16.66495800
16.56433300
16.78008400
15.97233300
17.39591700
16.77887500
15.96404100
17.33354200
16.55075000
16.77687500
16.65329200
16.72779100
16.66050000
16.71991700
16.64233300
16.68220900
16.15300000
17.07954100
16.78120900
16.49675000
16.62683300
16.90400000
16.77320800
15.97883400
16.77158300
17.32212500
16.49904200
16.90766600
16.53441700
16.76962500
16.06670800
16.73241700
16.94125000
16.84983300
16.81441700
16.57416700
16.19304100
16.61179200
17.24120800
16.73520900
16.73345800
16.64725000
16.15925000
17.24762500
16.08016700
17.26575000
16.63083300
16.71087500
16.71037500
16.70879200
16.61375000
16.59716600
16.83083400
16.71983300
16.62775000
16.72979200
16.56500000
16.62150000
16.26650000
17.17958300
16.75929200
16.07162500
17.19283300
16.94491700
16.05008300
16.72841700
16.07433300
17.04637500
16.40025000
16.45670800
17.17608400
16.80595800
16.56854200
16.20766600
16.24870900
17.35583300
16.02412500
17.40237500
16.07800000
17.26270800
15.75395900
18.03095800
697.57916700
15.59020800
37.90520800
15.99583400
16.51533300
16.48391700
16.76029100
16.58166700
16.54604200
16.69183300
16.68829200
16.52187500
16.67104100
16.67987500
16.77583400
16.73220800
16.53383300
16.79187500
16.48979200
16.70904200
16.75591600
16.75925000
16.56120900
16.77829100
16.42633400
16.66737500
17.01070800
16.49570800
16.73466700
16.59400000
16.45308300
16.67045900
16.78154100
16.63154200
16.79183300
16.62041700
16.52166700
16.89183300
16.62941700
16.61437500
16.82541600
16.45091700
16.79029200
16.53758300
16.80012500
16.60575000
16.73962500
16.93158300
16.66920900
16.42412500
16.73312500
16.61425000
16.66925000
16.65912500
16.67654100
16.65116700
16.71162500
16.63391700
16.72020800
16.76208300
16.89262500
16.69937500
16.59166700
16.71612500
16.67112500
16.41779200
17.03325000
16.54254100
16.66608400
16.38545800
16.57708300
16.92662500
16.60341700
16.46512500
16.68662500
17.02395800
16.22966700
16.63550000
16.78170800
16.40087500
16.88879200
16.69170800
16.51587500
16.68795900
16.68212500
16.99383300
16.57141700
16.53875000
16.64008300
16.74183300
16.65575000
16.66833400
16.63554100
16.95458400
16.71237500
16.68129100
16.39712500
17.05737500
16.53191700
16.45870800
16.87462500
16.70770900
16.66083300
16.49075000
16.93575000
16.56866700
16.86737500
16.45691600
16.70900000
16.57454200
16.66850000
16.77670800
16.68987500
16.54520900
16.76983300
16.57687500
16.62583300
16.58341700
16.79583300
16.45429200
16.90212500
16.67591700
16.62041600
16.67175000
16.66954200
16.61337500
16.73979200
16.65370800
16.39983300
16.57420900
16.64587500
16.67783300
16.68775000
16.67104200
16.47575000
16.86912500
16.71583300
16.36229200
16.96545800
16.54375000
16.71837500
16.68300000
16.76845800
16.61804200
16.64712500
16.61612500
16.68666700
16.56112500
16.73887500
16.68712500
16.66995800
16.71129200
16.63158300
16.69716700
16.67850000
17.15162500
16.49179100
16.64816700
16.53162500
16.84337500
16.66070800
16.81020900
16.36420800
16.59950000
16.86550000
16.67279200
16.68029100
16.65812500
16.70375000
16.59825000
16.78991700
16.55275000
16.74662500
16.55300000
16.71950000
16.64379200
16.91233300
16.43400000
16.68645800
16.78066700
16.55987500
16.61120800
16.66258400
16.55216600
16.84691700
16.45829200
16.72866600
16.72554200
16.96362500
16.30800000
16.76858300
16.53095900
16.67237500
16.69141600
16.74312500
16.53295900
16.51366600
16.71420900
16.61383300
16.51729200
16.90045800
16.56470800
16.70783400
16.70437500
16.61145800
16.66258300
16.59145900
16.69433300
16.83425000
16.61975000
16.67750000
16.63483300
16.73879200
16.88983300
16.63020900
16.73245800
16.54195800
16.52112500
16.50250000
16.67541700
16.55712500
16.71754200
16.67637500
16.65437500
16.84958300
16.49062500
16.69720800
16.65400000
16.65570900
16.60512500
16.72820800
16.66808300
16.73408400
16.69000000
16.63191600
16.77970900
16.62208300
16.71245800
16.57745900
16.87095800
16.97475000
16.21737500
16.61800000
16.69716700
16.65358300
16.70970800
16.64233400
16.64370800
16.68179200
17.06066600
16.58725000
16.61433400
16.74770800
16.52508300
16.59766700
16.47345800
16.70475000
16.64358400
16.71470800
16.61970800
16.61733400
16.68591600
16.67358400
16.76825000
16.66950000
16.90758300
16.51537500
16.53670800
16.67733400
16.86775000
16.80029100
16.39858400
16.92812500
16.66583300
16.72883300
16.74908400
16.49608300
16.61520800
16.44208400
16.94079100
16.65050000
16.70175000
16.74320900
16.74158300
16.20758300
16.88654200
16.40479200
16.58608300
16.53770800
16.83100000
16.59766700
16.74779200
16.78695800
16.42362500
16.67612500
16.69670800
16.64795900
16.62733300
16.70208300
16.59037500
16.70912500
16.65970900
16.75191600
17.18220900
16.18462500
16.62366600
16.67175000
16.72125000
16.53629200
16.74654200
16.55595800
16.75850000
16.68470800
17.42741700
15.92525000
16.62279200
16.78283300
16.53441700
16.67595800
16.62762500
16.73658300
16.72729200
16.63408300
16.79912500
16.45804200
16.75541700
16.72570800
16.60470800
16.65900000
16.72304200
16.81129200
16.68166600
16.56012500
16.59991700
16.59941700
16.81554100
17.56766700
15.76808300
16.63658400
16.73241600
16.52554200
16.61370800
16.60304200
16.66312500
16.65312500
16.71191700
16.85012500
16.52558300
16.61737500
16.70616700
16.59341600
16.72437500
16.79120900
16.60637500
16.66058300
16.97904200
16.32791600
16.68079200
16.70775000
16.69941700
16.63166600
16.68487500
16.59129200
16.71687500
16.84270800
16.55316700
16.59970800
16.66600000
16.70683400
16.66812500
16.73658300
16.66345800
16.64600000
16.87120900
16.50054100
16.59791700
16.73216700
16.54404100
16.65625000
16.68070900
16.76337500
16.65795800
16.71945800
16.66508400
16.67816600
16.61200000
16.67654200
16.98233300
16.62720900
16.63512500
16.72141600
16.55850000
16.80883400
16.65616600
16.61850000
16.54291700
16.83904200
16.69179100
16.59291700
16.52050000
16.68758300
16.80691700
16.54170800
16.67112500
16.80891700
16.91625000
16.36441700
16.57233300
16.81900000
16.45083300
16.86841700
16.66387500
16.64945800
16.48016700
17.44945800
15.85775000
16.91683400
16.59766600
16.58816700
16.72583300
16.43129200
16.70670800
16.60750000
16.89141700
16.55433300
16.66712500
17.02579200
16.13220800
16.66141700
16.75220800
16.78520900
16.56054100
16.71279200
16.75162500
16.58295800
16.64320900
16.65091600
16.67508400
16.62012500
16.60741600
16.71704200
16.76495800
16.62733400
16.70912500
16.62691600
16.61158400
16.70529100
16.69979200
16.63391700
16.63262500
16.80312500
16.48375000
16.96287500
16.51358300
16.62720800
16.70575000
16.94087500
16.36012500
16.61275000
16.75454200
16.92916700
16.60158300
16.56433300
16.60583400
17.00408300
16.53787500
16.61054200
16.56579100
16.56425000
16.84387500
16.74133400
16.67533300
16.71070800
16.60262500
16.65154200
16.66191700
16.69175000
16.81120800
16.44037500
16.56587500
16.84133300
16.67395900
16.72137500
16.52870800
16.91654200
16.25700000
16.90337500
16.47037500
16.84329100
16.66162500
16.82950000
16.50012500
16.67891700
16.55104200
16.31633300
16.89262500
16.62004200
16.58304100
16.75216700
16.83354200
16.47491600
16.63875000
16.72412500
16.73950000
16.87166700
16.44912500
16.98462500
16.55550000
16.48466700
16.94495800
16.57179200
16.52570800
16.58441700
16.86366600
16.80779200
16.69129200
16.52854100
16.72616700
16.60541700
16.72025000
16.62762500
16.68179100
16.72912500
16.40779200
16.83391700
16.67470800
16.65529200
16.64375000
16.70233300
16.65500000
16.70612500
16.67816700
16.66775000
16.66225000
16.71975000
16.61837500
16.65300000
16.57879100
16.71066700
16.55216700
16.87370800
16.59216700
16.53808300
16.75837500
16.93175000
16.20975000
16.81312500
16.79850000
16.62720800
16.64191700
16.68916700
16.71233300
16.63037500
16.48075000
16.75404200
16.61208300
16.58970800
16.68833400
16.52504100
16.58558400
16.75325000
16.77866600
16.60700000
16.82208400
16.69129100
16.52995900
16.74304100
16.56725000
16.55670900
16.72858300
16.66662500
16.60666700
16.74125000
16.72312500
16.74225000
16.49266600
16.70829200
16.68537500
16.72445800
16.58783400
16.74654100
16.67695900
16.96800000
17.36400000
15.64570800
16.59395800
16.59166700
16.67200000
16.58325000
16.98075000
16.43208300
16.78812500
16.48025000
16.50662500
16.71533400
16.71725000
18.30941600
15.29945900
16.55095800
16.99016700
16.46920800
17.27233300
16.14175000
16.82275000
16.66433400
16.55416600
16.45533400
16.80537500
16.52212500
17.26445800
16.14208300
16.75237500
16.62533400
16.55004100
16.64904200
17.17754200
17.37675000
15.65320800
16.50687500
16.71808300
16.52375000
17.14350000
16.11833400
16.77145800
16.55462500
16.65854200
16.74037500
16.57195800
16.77133300
16.72275000
16.54179200
16.76500000
16.55587500
16.69516700
16.70666600
16.78191700
16.57279200
16.74325000
16.64358300
16.70158300
16.58212500
17.18925000
16.23304200
16.62320800
16.64629200
16.65970800
16.66816700
16.74525000
16.56679200
16.70962500
16.75008300
16.58408300
16.68241700
16.67137500
16.76662500
16.52208300
16.71245900
16.94679100
16.44591700
16.97362500
16.93925000
16.44891700
16.61170800
16.71383300
16.51695900
16.86404100
16.76820900
16.64891600
16.46695900
17.01520800
16.29520800
16.55150000
16.79033400
16.58637500
16.46958300
16.66037500
16.63845800
16.73020900
16.58733300
16.73329200
16.65000000
16.66258300
16.73991700
16.78520800
17.04787500
16.46108300
16.65604200
16.69675000
16.78241700
16.45583300
16.72466700
16.72175000
16.61158300
16.66295800
16.66720900
16.85358300
16.53275000
16.65050000
16.90675000
16.39033300
16.72858400
16.70491600
16.56637500
16.43562500
17.00020900
17.06179100
16.27600000
16.77650000
16.39229200
16.75162500
16.59679200
16.36975000
16.86620800
16.48087500
16.64933300
16.52366700
17.27600000
16.77879200
15.90583300
16.98733300
16.54633400
16.82600000
16.52000000
16.61795800
16.71208300
16.52087500
16.95233400
16.60520800
16.89733300
16.63683400
16.91229100
16.47845900
16.85066600
16.37583400
16.54758300
16.52683300
16.64662500
16.76050000
16.63629200
16.63629200
16.63737500
17.17666600
16.53675000
16.45579200
16.91804200
16.37770800
16.99220800
16.57116700
16.97595800
16.11575000
16.70266700
16.81437500
16.86416700
16.60529100
16.53395900
16.56566600
16.80683400
16.77245800
16.30695800
16.72250000
16.88291700
16.76891700
16.57616600
16.43287500
16.89041700
16.72012500
16.81970800
16.46400000
16.62145900
16.72558300
16.19879200
16.87479100
16.47654200
16.67387500
16.66279200
16.68591600
16.69491700
17.59016700
16.61541600
16.76087500
17.91645900
15.18325000
17.85379100
15.35183400
16.82358300
16.70254200
16.39670800
16.76800000
17.71395800
15.14162500
17.61550000
15.60700000
19.03920900
14.50754100
16.41762500
16.61650000
16.62341700
16.73158300
16.65354200
17.24650000
16.18716700
16.57779100
16.74083400
16.67733300
16.67395800
17.48475000
17.07870900
15.77320800
16.87212500
16.54575000
16.61445800
17.60258400
16.57845800
16.61458300
15.81766700
18.05770800
15.82958400
15.69129100
17.32329200
16.01645800
17.16662500
16.09345900
16.71525000
16.69258300
16.79750000
16.57354200
16.69883300
16.62183300
16.62537500
16.65954200
16.81608300
16.91900000
16.64141700
16.86100000
16.50095800
16.64337500
16.63170900
16.80695800
16.57191700
16.54341600
16.74845900
16.66679100
16.50958400
16.84204100
16.67783400
16.64491600
16.40891700
16.75712500
16.83970800
16.68691700
16.64937500
16.56800000
16.82704200
16.52304100
16.49162500
16.63975000
16.67100000
16.58308400
16.63987500
16.70000000
16.59329100
16.88391700
16.44583300
16.73587500
16.70200000
16.73683400
16.56091600
16.76791700
16.89862500
16.65625000
16.68920800
16.57041700
16.93604200
16.30550000
16.95354100
16.55479200
16.28641700
16.76470800
16.46550000
16.80466700
16.63120800
16.57829200
16.71320800
16.65737500
16.65775000
16.67800000
16.81766700
16.56941600
16.63120900
16.65208300
16.71029200
16.76125000
16.62279100
16.61104200
16.63495800
16.74545900
16.76383300
16.73004200
16.57179100
16.67062500
16.46437500
16.84312500
16.65758400
16.66029100
16.73283400
16.68058300
16.78800000
16.69579200
16.68245800
16.73362500
16.47045800
16.77341700
16.87254200
16.41370800
16.48675000
16.64483300
16.71433400
16.57254100
16.69095900
16.74612500
16.62254100
16.69229200
16.72158300
16.64608400
16.70745800
16.62133300
16.61304200
16.63016700
16.73379100
16.55837500
16.69495900
16.71341600
16.61291700
16.65783300
16.77725000
16.75258400
16.57141600
16.67920900
17.02562500
16.46462500
16.74770800
16.60500000
16.70012500
16.68087500
16.64450000
16.64795800
16.69916700
16.71658300
16.39837500
16.64141700
16.59541700
16.51312500
16.74887500
16.61762500
16.70045800
16.65087500
16.77462500
16.56054200
16.80179100
16.61500000
16.65504200
16.61591700
16.72400000
16.74141600
16.63379200
16.68454200
16.57437500
16.65304100
16.63508400
16.81850000
16.90808300
16.45425000
16.69020800
16.71250000
16.58854200
16.63450000
16.66837500
16.58029200
16.69041600
16.68695900
16.65050000
16.92637500
16.63087500
16.50833300
16.69308300
16.67745900
16.74962500
16.59295800
16.96608300
16.41366700
16.88425000
16.70712500
16.61887500
16.73079200
16.65550000
16.74950000
16.34779100
16.64600000
16.88408400
16.74908300
16.60308300
16.79295900
16.62416600
16.48800000
16.78862500
16.64391700
16.60054200
16.65379100
17.04041700
16.47708300
16.51266700
16.72370800
16.66675000
16.60154200
16.73170800
16.86987500
16.44695900
16.69783300
16.62650000
16.47516700
17.01570800
16.59350000
16.61895800
16.64925000
16.80425000
16.28487500
16.93229200
16.63466700
16.66862500
16.59725000
16.74425000
16.65025000
16.48041600
16.66437500
16.59329200
16.72279200
16.65966600
16.45600000
16.69987500
16.73591700
16.61795800
16.70383400
16.69970800
16.69529200
16.66108300
16.67200000
16.57745800
16.61316700
16.76341700
16.67433300
16.69716700
16.67645800
16.65975000
16.61341700
16.97291600
16.76591700
16.73487500
16.56175000
16.62729200
16.44662500
16.79916600
16.72762500
16.75183400
16.47858300
16.82204200
16.46358300
16.82062500
16.62250000
16.74979200
16.71341600
16.57816700
16.69804200
16.90983300
16.18400000
17.19833300
16.22245900
16.79787500
16.66995800
16.66758300
16.64195900
16.78875000
16.61850000
16.39541600
17.16550000
16.44241700
16.69329200
16.66379100
16.61916700
16.43558300
16.93162500
16.63337500
16.69933400
16.72183300
16.40445800
16.70529200
16.62258300
16.45079200
16.70954200
16.63787500
16.68983300
16.66900000
16.71104200
16.66820800
16.76962500
16.58225000
17.00416700
16.57370800
16.69962500
16.75766700
16.28100000
16.65187500
16.71729100
16.93741700
16.71416700
16.66516600
16.66520900
16.65129100
16.65112500
16.37187500
16.93320900
16.69920800
16.62916700
16.92133300
16.34520800
16.75004200
16.75700000
16.64808300
16.58279200
16.65025000
16.70408300
16.93270900
16.35075000
16.79395800
16.58612500
16.44404200
16.80095800
16.98608300
16.49458400
16.62125000
16.58833300
16.73887500
16.63116700
16.64820800
16.51050000
16.89833300
16.42854200
17.02908300
16.52016700
16.63812500
16.73395800
16.59983400
16.52583300
16.85770800
16.54408400
16.59037500
16.58612500
16.63820800
16.68437500
16.63558300
17.40404200
15.82154200
16.67187500
16.66133300
16.69279200
16.90200000
16.40637500
16.73250000
16.66404100
17.11300000
16.29104200
16.65045800
16.65554200
16.61479200
16.59570800
16.58566700
16.71187500
16.55320800
16.87129200
16.52629100
16.76175000
16.64425000
16.60512500
16.68841700
16.71570800
16.59645900
16.69000000
16.73333300
16.45729200
16.70179100
16.76929200
16.73520800
16.57375000
16.72137500
16.67041700
16.62291700
16.71370800
16.65004200
16.67533300
16.69437500
16.68000000
16.83212500
16.62937500
16.53095800
16.85883400
16.55625000
16.65033300
16.58750000
16.84195800
16.76158400
16.36770800
16.62337500
16.59320800
16.70650000
16.68691700
19.59687500
52.90358300
2.57350000
11.80375000
13.10112500
17.00991700
16.45283300
16.55312500
16.63070900
16.71958300
16.59437500
16.72179200
16.81225000
16.56683300
16.72612500
16.63775000
16.72662500
16.56695800
16.71608400
16.66779100
16.67683400
16.72866600
16.63608400
16.63633300
16.66370800
16.67816700
16.62312500
16.54587500
16.98233300
16.63320900
16.46716600
16.65695900
16.88683300
16.64975000
16.76162500
16.68391700
16.51679100
16.77216700
16.73854200
16.87950000
16.45037500
16.58050000
16.90941600
16.52954200
16.74333300
16.87816700
16.57187500
16.31158300
16.85166700
16.64845800
16.70754200
16.68304200
16.69666600
16.60662500
16.65012500
16.81108400
16.65050000
16.97620800
16.34825000
16.46287500
16.58637500
16.62366700
16.75258300
16.74608300
16.55062500
16.71162500
16.66316700
17.00966700
16.34758300
16.97170800
16.29920900
16.74341600
16.89329200
16.93408300
16.15775000
16.71825000
16.84333400
16.56025000
16.80383300
16.44083300
16.73691700
16.64362500
16.72437500
16.54666700
17.10204100
16.70770900
16.49545800
16.65945800
16.64470900
16.45570800
16.83758300
16.80183400
16.50179100
16.73170900
16.85954100
16.23375000
16.92887500
16.72216700
16.45245800
16.78779200
16.37704200
16.70604100
16.64195900
17.19525000
16.20304100
16.89320900
16.46479100
16.56858400
17.15491600
16.60004200
16.22012500
16.75675000
16.71625000
16.66529200
16.83191600
16.35204200
16.61491700
17.02204100
16.32083400
16.80837500
16.47491600
16.77591700
16.56808300
16.65645900
16.71379100
16.67725000
16.66275000
16.68129200
16.85516700
16.82766600
16.87720900
16.37904100
16.64354200
16.71708300
16.57966700
16.75425000
16.66512500
16.61004200
16.97287500
16.47075000
16.67516600
16.63662500
16.69404200
16.61512500
16.46270800
16.89725000
16.63470900
16.73475000
16.37679100
16.86933400
16.64904100
16.33300000
16.83712500
16.49562500
16.57345900
16.76958300
16.74300000
17.43850000
15.97741700
16.57179100
16.49962500
16.82433400
16.58441600
16.51083400
16.71416600
16.70633400
16.66887500
16.48741600
16.74370900
16.78500000
16.50058300
16.69195800
16.73233400
16.77162500
16.57629100
16.80791700
16.65116700
16.71312500
16.89141600
16.50295900
16.62420800
16.65150000
17.28675000
16.12183300
16.63208400
16.45154100
16.77562500
17.49345900
16.01083300
16.41041700
16.70845800
16.80770800
17.07391700
16.11675000
16.80700000
16.61587500
16.47237500
16.71241700
16.65145800
16.73070800
16.80445900
16.39279100
16.85870900
16.62004100
16.65970900
16.76812500
16.68316600
16.52654200
16.64475000
16.80650000
16.43533300
16.62854200
16.71675000
16.80495800
16.74383400
16.60070800
16.74854200
16.60050000
16.50862500
16.62391600
16.85500000
16.63291700
16.58070800
16.54250000
16.80100000
16.74108400
16.65579100
16.74070900
16.61050000
16.69554100
16.67483400
16.57008300
16.72225000
16.65904200
16.68591600
16.75245900
16.61266600
16.71629200
16.70933300
16.67008400
16.56350000
16.74083300
16.60454200
16.68775000
16.65441600
16.71641700
16.65370800
16.67987500
16.68258400
16.73000000
16.53070800
16.61083300
16.72250000
16.68445900
16.63104100
16.71058400
16.64120800
16.65433300
16.80700000
16.63733400
16.73020800
16.56487500
16.93166700
16.85637500
16.52745800
16.72429200
16.61866600
16.30995900
16.89416600
16.43791700
16.66004200
16.66512500
16.76537500
16.66337500
16.65475000
16.69595800
16.93600000
16.64654200
16.49300000
16.77812500
16.38070800
16.74325000
16.59041700
16.63970800
16.60858300
16.92504200
16.54658300
16.59283400
16.63770800
16.73620800
16.67004200
16.68341700
16.68295800
16.58700000
16.84062500
16.72450000
16.58675000
16.67858300
16.74300000
16.58391700
16.60300000
16.62162500
16.72679200
16.67758300
16.65829200
16.72250000
16.58341600
16.72800000
16.72504200
16.87645800
16.45979200
16.60145800
16.90958400
16.79012500
16.54195800
16.64795800
16.78550000
16.58737500
16.65900000
16.68225000
16.84700000
16.29620900
16.85266600
16.78558400
16.51766600
16.62708400
16.55354100
16.84875000
16.60895900
16.70704100
16.72516700
16.99891700
16.26591600
16.68270900
16.64716600
16.46079200
16.99850000
16.78708300
16.43187500
16.66466700
16.87016700
16.45212500
16.66237500
16.68420800
16.60495800
16.82291700
16.60270800
16.64683400
16.70104100
16.75187500
16.52312500
16.64529200
16.68170800
16.77500000
16.61620900
16.60066600
16.68870900
16.73925000
16.32850000
16.89504100
16.52512500
16.86850000
16.72125000
16.60375000
16.65470900
16.46141600
16.92341700
16.53266700
16.72441600
16.61437500
16.88595900
16.45879100
16.90066700
16.63550000
16.51008300
16.70441700
16.71366700
16.58850000
16.76554100
16.60012500
16.73454200
16.84616700
16.42229100
16.43779200
16.89645800
16.64191700
16.66433300
16.73545900
16.43554100
16.66037500
16.80808400
16.70450000
16.54341600
16.69287500
16.84016700
16.41262500
16.88420800
16.66700000
16.61004200
16.64666700
16.51445800
16.53991700
16.61470800
16.60570800
16.72700000
16.49683400
16.94175000
16.50416600
16.78162500
16.60675000
16.61745900
16.64125000
16.68050000
16.78916600
16.69108400
16.63620800
16.96212500
16.72970800
16.41012500
16.80900000
16.55345900
16.90400000
16.54175000
16.51670800
16.67637500
16.88816700
16.68025000
16.62920800
16.57904200
16.77016600
16.32387500
16.91379200
16.64012500
16.83620800
16.43691700
16.89808300
16.69908400
16.57025000
16.69775000
16.78845800
16.62545800
16.54987500
16.72687500
16.36929200
16.72529200
16.87225000
16.67691600
16.70904200
16.49300000
16.77879200
16.64425000
16.72208300
16.62595800
16.75612500
16.50550000
16.74491700
16.69166700
16.67979100
16.63925000
16.77325000
16.66916700
16.31887500
17.02775000
16.53070800
16.56587500
16.84695900
16.58612500
16.66508300
16.71545800
16.67458400
16.42645800
16.92366700
16.57008300
16.68233300
16.73400000
16.61300000
16.58262500
16.81062500
16.38887500
16.60816700
16.62375000
16.66679200
16.58729100
16.68800000
16.75270900
16.63933300
16.64695800
16.74141700
16.77233300
16.74995900
16.96804100
16.41125000
16.69900000
16.40337500
16.81179200
16.84887500
16.57891700
16.90304100
16.46012500
16.74879200
16.38016700
16.86866600
16.61920900
16.67929100
16.67816700
16.68245800
16.77479200
16.35454200
16.61695800
16.78612500
16.39695800
16.65862500
16.59495900
16.61075000
16.73029100
16.63900000
16.67695900
16.71162500
16.67420800
16.62545800
16.73625000
16.66683400
16.70166600
16.62812500
16.69575000
16.62316700
16.65675000
16.70545800
16.67008400
16.68916600
16.53145900
16.79562500
16.66675000
16.71316600
16.72333400
16.61166600
16.82133400
16.54400000
16.80400000
16.60595800
16.58595800
16.60650000
16.80029200
16.66779200
16.61058300
16.67633300
16.63354200
16.68904200
16.81662500
17.52762500
16.22216600
16.21433400
16.61087500
16.56808300
16.71108300
17.46041700
15.87608300
16.68583400
16.71633300
16.59462500
16.52008300
16.61825000
16.56058400
16.71470800
16.59029200
16.82104100
16.62770900
16.70250000
16.72562500
16.59720800
16.74550000
16.63795800
16.65483400
16.71733300
16.69695800
16.65954200
16.63937500
16.71700000
16.60758300
16.71479200
16.64129200
16.65883300
16.71787500
16.66879200
16.71170800
16.67545800
16.82529200
16.58645800
16.56587500
17.06441700
16.39350000
16.77520800
16.82562500
16.67850000
16.74791700
16.42525000
16.80120800
16.65470900
16.47733300
16.30775000
16.97133300
16.53241700
16.62108300
16.66316700
16.74083300
16.59433400
16.64325000
16.81733300
16.56591700
16.68870800
16.86354200
16.57787500
16.57579100
16.97162500
16.83812500
16.56945900
16.40354100
17.09504200
16.32375000
16.89625000
16.33479200
16.91212500
16.47858300
16.67050000
16.72029200
16.59845800
17.01258300
16.35695900
16.61470800
16.88245800
16.60016700
16.98300000
16.65054200
16.43295800
16.53387500
16.58191700
16.72883300
17.08945800
16.40470900
16.41762500
16.86133300
16.64058300
16.75025000
16.63116700
16.54854200
16.61287500
16.64237500
17.00229100
16.54020900
16.61133300
16.88258300
16.50808400
16.64800000
16.70516600
16.45558400
16.96362500
16.32120800
17.07312500
16.31858300
16.84416700
16.61037500
16.76200000
16.41695800
16.89508400
16.50545800
16.52387500
17.04608300
16.54204200
16.56316700
16.89187500
16.64495800
16.62462500
16.60762500
16.88170800
16.58129200
16.38920800
16.85350000
16.48700000
16.88983400
16.58812500
16.77504100
16.63250000
16.84212500
16.40433400
16.72045800
16.71137500
16.59337500
16.75716700
16.35725000
16.78991600
16.64354200
16.70841700
16.63883300
16.65808300
16.75758400
16.68229100
16.58333400
16.83741600
16.72187500
16.50345900
16.48645800
16.82587500
16.74454200
16.67775000
16.62129100
16.86429200
16.50537500
17.02616700
16.09033300
16.86687500
16.42491700
16.92504100
16.63270900
16.63516600
16.54820900
16.80854100
17.17570900
16.20004100
16.50466700
16.67337500
16.67270800
16.29120900
16.79566600
16.78829200
16.52766700
17.59154100
15.89837500
16.71104200
16.55354200
16.65158300
16.53308300
16.58508400
18.40283300
15.16670800
16.64191700
17.05383300
16.22241700
17.41695800
15.99312500
17.03983400
16.49400000
16.53650000
16.72979100
16.68962500
16.48783400
17.46108300
15.97870800
16.73562500
16.59695900
16.53825000
16.69420800
17.01479200
17.19537500
15.95666600
16.62616700
16.53029200
16.65954100
16.48654200
16.83829200
16.56745800
16.64312500
16.61950000
16.72825000
16.94133300
16.37754200
16.69320800
16.82904200
16.56345800
16.66729200
16.57620800
16.67070900
16.77737500
16.71112500
16.54550000
16.68170800
16.69829200
16.90220800
16.48250000
16.63520800
16.79083400
16.58129100
16.84858400
16.55883300
16.42583300
16.76845900
16.72020800
16.73633300
16.71241700
16.57704200
16.68558300
16.65729200
16.68833300
16.63958300
16.76800000
16.63929200
16.64758300
16.82241700
16.53708300
16.67495900
17.00104100
16.45429200
16.62591700
16.50054100
16.61845900
16.65812500
16.76658300
16.56300000
16.82733300
16.57358400
16.67245800
16.68216700
16.74954100
16.63179200
16.61658300
16.75733400
16.95804100
16.69604200
16.66154200
16.44983300
16.87908300
16.66025000
16.85875000
16.51779200
16.60425000
16.44016700
16.73516600
16.64533400
16.43041600
16.64787500
16.71025000
16.64262500
16.61637500
16.74100000
16.82475000
16.54058400
16.61950000
16.61900000
16.79508300
16.72191700
16.62758300
16.65216700
16.82225000
16.48833300
16.71270800
16.72087500
16.52725000
16.71533400
16.79337500
16.47050000
16.95587500
16.42912500
16.58229100
16.72766700
16.79566700
16.51516600
16.76683400
16.61245800
16.62370800
16.72675000
16.67462500
16.56329200
16.66725000
16.62891700
16.96004100
16.59845900
16.46058300
16.92766700
16.30245800
17.33766700
16.50800000
16.17966600
16.56858400
16.77979100
16.77179200
16.68075000
16.51966700
17.00770800
16.53387500
16.62741700
16.64108300
16.74287500
17.16179200
16.24762500
16.73800000
16.78825000
16.80712500
16.43537500
16.59745800
17.08354200
16.51612500
16.46525000
16.75154100
16.60141700
16.64620800
16.78904200
16.67504200
16.44341600
17.10916700
16.28191700
16.69045800
16.64554200
16.90195800
16.53379200
16.73070800
16.42116700
16.73716600
17.15516700
16.33579200
16.49325000
16.60258300
16.95045800
16.57495900
16.71254100
17.78200000
16.19741700
17.28812500
16.34637500
16.07916700
17.37208300
17.13304200
15.62516600
16.56554200
17.18333300
16.01237500
16.81016700
16.44554200
16.75520800
18.21608300
14.80320900
16.52800000
17.39979100
17.06250000
15.83712500
16.99625000
16.29995900
16.98675000
16.12045800
17.01791700
17.07595800
16.97691700
16.71900000
16.17737500
17.08741600
15.87079200
16.43579200
16.97804100
17.53695900
15.67279100
17.33075000
16.97770900
16.68579100
15.69112500
16.68450000
16.32020900
17.22462500
17.37754100
15.60079200
16.96466700
16.85420800
15.87154200
17.31920800
15.93379200
16.88350000
16.49754100
16.50862500
16.83283400
16.76262500
16.65375000
16.78041600
17.00945900
16.47033300
16.69729200
16.43483300
17.03175000
16.45554200
16.68170800
16.73412500
16.59516700
16.70233300
16.69100000
16.81241700
16.51416600
16.80404200
16.48616700
16.70541600
16.66325000
16.69579200
16.64704200
16.53758300
16.71620800
16.73566700
16.70225000
16.48591700
16.48570800
16.99866700
17.07245800
16.08516700
16.94262500
16.40137500
16.78987500
16.62791600
16.71379200
16.53983300
16.79508400
16.70129100
16.60541700
16.73841700
16.75116600
16.33620900
17.04075000
16.33591600
16.69408400
17.09854100
16.27162500
16.68775000
16.71366700
16.44358300
16.94554200
16.66537500
16.54625000
16.61575000
16.68050000
16.50475000
16.90870800
16.81408400
16.63337500
16.78258300
16.56108300
16.43033400
16.85300000
16.57520800
16.69679200
16.73091600
16.61058400
16.61941600
16.74362500
16.68400000
16.69579200
16.71983300
16.30491700
16.76679200
16.90208300
16.55758300
16.67741700
16.69125000
16.73762500
16.78387500
16.49125000
16.53416700
16.86412500
16.65408300
16.56108300
16.47962500
16.91679200
16.65137500
16.80470800
16.53133400
16.67462500
16.69454100
16.61404200
16.62558300
16.66891700
16.74625000
16.65941700
16.33362500
17.01175000
16.71362500
16.56312500
16.78808300
16.54279200
16.46237500
16.88908300
16.62979200
17.19204100
16.17858400
16.68595800
16.60983300
16.83258400
16.34583300
16.85525000
16.53012500
16.81183300
16.81383400
16.50745800
16.65145800
16.68087500
16.66008400
16.62833300
16.55820800
16.91650000
16.55220900
16.66412500
16.66637500
16.66620800
16.46166700
16.94812500
16.59575000
16.66958300
16.68029200
16.63491600
16.75970900
16.61875000
16.63420800
16.67458300
16.73558400
16.62866600
16.77887500
16.55950000
16.54841700
16.85787500
16.52004200
16.74150000
16.62354100
16.76612500
16.56700000
16.68750000
16.55133400
16.81408300
16.74054200
16.56358300
16.66279200
16.64145800
16.94270800
16.68600000
16.23287500
16.89066700
16.59862500
16.65191700
16.78425000
16.54725000
16.67604100
16.50554200
16.86258300
16.69008400
16.62291600
16.47695900
16.86475000
16.83891600
16.35237500
16.54887500
16.70075000
16.69875000
16.56570900
16.64212500
16.76366600
16.88620900
16.63670800
16.71554200
16.47458300
16.86541700
16.84162500
16.45804100
16.71529200
16.57508300
16.71787500
16.66025000
16.66520900
16.63854100
16.82550000
16.70429200
16.51754200
16.64933300
16.67879200
16.65179100
16.64091700
16.51454200
16.82758300
16.72212500
16.51916700
16.78550000
16.50695800
16.85579200
16.68208300
16.60891700
16.55575000
16.76800000
16.65870800
16.83754200
16.51183300
16.67425000
16.65204200
16.71216600
16.62412500
16.68541700
16.25216700
17.09129100
16.82495900
16.28287500
16.88604100
16.64600000
16.40995900
16.91795800
16.69308300
16.41429200
16.90620800
16.71925000
16.64370900
16.74183300
16.37054200
16.60508300
16.69904200
16.63566600
16.60233400
16.69095800
16.65083300
16.54745900
16.74954100
16.57270900
16.77191600
16.63191700
16.66487500
16.68729200
16.58550000
16.78887500
16.47725000
16.81579100
16.66270900
16.54341600
16.94079200
16.47550000
16.68175000
16.70150000
16.64783300
16.57933400
16.79225000
16.68150000
16.72037500
16.60983300
16.63920800
16.69733400
17.02987500
16.60266600
16.68170900
16.68875000
16.76470800
16.64554200
16.76983300
16.48850000
16.62525000
16.83387500
16.57162500
16.75225000
16.55433300
16.66100000
16.48975000
16.88950000
16.61270900
16.65337500
16.47862500
16.99466600
16.29225000
16.93137500
16.64704200
16.64733300
16.65354200
16.82037500
16.30483300
16.95079200
16.54008300
16.76366700
16.35983300
16.76400000
16.90112500
16.66816700
16.56283300
16.91991700
16.37112500
16.80887500
16.94550000
16.35333300
16.65954200
16.62733300
16.76750000
16.46066700
16.66829200
16.80783300
16.31145800
16.64900000
16.80012500
16.57716700
16.72883300
17.20733400
16.13904100
16.66845900
16.55025000
16.74041600
16.49075000
16.62595900
16.59041600
16.62408400
16.68829100
16.84312500
16.55845900
16.69637500
16.65341600
16.68137500
16.83541700
16.60466700
16.61775000
16.66812500
16.70725000
16.73183300
16.68595800
16.57204200
16.67237500
16.71625000
16.67187500
16.56429200
16.68679100
16.69045900
16.75029100
16.60691700
16.69529200
16.61441600
16.67725000
16.72229200
16.59116700
16.78270800
16.68850000
16.74391700
16.52079100
16.68341700
16.69637500
16.72725000
16.64145800
16.65537500
16.67741700
17.01625000
16.60562500
16.61370800
16.60029200
17.11504200
16.44991600
16.42620900
16.68841600
16.55612500
16.87450000
16.42425000
16.97658400
16.58487500
16.73829100
16.48441700
16.86245800
16.57416700
16.83879200
16.51100000
16.96925000
16.68933300
16.15412500
16.95683300
16.38995900
16.61362500
16.72975000
17.13562500
16.22200000
16.63737500
16.74395800
16.49883300
16.63195900
16.65837500
16.75387500
16.91670800
16.79345800
16.50087500
16.59166700
16.74462500
16.67991700
16.67191600
16.67187500
16.45220900
17.05766600
16.52437500
16.65804200
16.58995800
16.58400000
16.60120900
16.84800000
16.76179100
16.51445900
16.57466600
16.65250000
16.47741700
16.75741700
16.66000000
16.68479100
16.50895900
16.69925000
16.68379100
16.82291700
16.65979200
16.53475000
16.68575000
16.74375000
17.25850000
16.56175000
16.44808300
16.67683300
16.42866700
16.84466700
16.67675000
16.83720800
16.41925000
16.48187500
16.58675000
16.58458300
16.69462500
16.66845900
16.72933300
16.62791700
16.66483300
16.73641700
16.68583300
16.66133300
16.70137500
16.99512500
16.38070900
16.73033300
16.83437500
16.72658300
16.56141700
16.96487500
16.48916700
16.69991600
16.52858400
16.54741600
16.85458400
16.62891600
16.67258400
16.65008300
16.88454200
16.09925000
17.02054100
16.70625000
16.62700000
16.66962500
16.61120900
16.70970800
16.82183300
16.35070900
16.63441600
16.63450000
16.58483400
16.64029100
16.62791700
16.80575000
16.57570800
16.73708400
16.93054100
16.48066700
17.12066700
16.15795800
17.08170800
16.59450000
16.33608400
16.91066600
16.66745900
16.53316600
16.66291700
17.03325000
16.21087500
16.75420800
16.83808400
16.41462500
16.69483300
16.86729200
16.67100000
16.81650000
16.41575000
16.60541600
16.67583400
16.79833300
16.50095800
16.85866700
16.60483300
16.69895900
16.67862500
16.83808300
16.52191700
16.69937500
16.70541600
16.38400000
16.90083400
16.61691600
16.65295900
16.52408300
16.75937500
16.83187500
16.41054200
16.89129100
16.47512500
16.55587500
16.92816700
16.62141700
16.68675000
16.77079100
16.36416700
16.83858300
16.57354200
16.51804200
16.83491600
16.67000000
16.50908400
16.60650000
16.79779100
16.76837500
16.75208400
16.74012500
16.62904100
16.50816700
16.43700000
16.91741700
16.64795800
16.74658300
16.51529200
16.47920800
16.85329200
16.44558300
17.60416700
15.84525000
16.63137500
16.68808300
16.51725000
16.58795900
16.67916600
16.83125000
16.64445900
16.57995800
16.63041700
16.65520800
16.65112500
16.68595800
16.80441700
16.63500000
16.64925000
16.49179200
16.75720800
16.72508300
16.63920900
16.77520800
16.64212500
16.65891700
16.76420800
16.64516700
16.75975000
16.56083300
16.54583300
16.81783400
16.84629100
16.47695900
17.46779100
15.86958400
16.56275000
16.84466600
16.63900000
17.45216700
15.84304200
16.67087500
16.64758300
16.68791700
16.39595800
16.73233300
16.75966700
16.57112500
16.56700000
16.83350000
16.78225000
16.37058300
16.86520900
16.62800000
16.74312500
16.49304100
16.71808400
16.75700000
16.64329100
16.71329200
16.64041700
16.46491600
16.86183400
16.78304100
16.54704200
16.67737500
16.43720800
16.72408400
16.72879100
16.70658400
16.78250000
16.58925000
16.90820800
16.39800000
16.71875000
16.64675000
16.68933300
16.64162500
16.67683400
16.61770800
16.67754200
16.74000000
16.69204100
16.59112500
16.72133400
16.66750000
16.66933300
16.66000000
16.67900000
16.71275000
16.77895800
16.54387500
16.66720900
16.72754100
16.94083400
16.48808300
16.88483300
16.62604200
16.71820800
16.79266700
16.44404200
16.61370800
16.81425000
16.42958300
16.58958400
16.67433300
16.63016700
16.65487500
16.58112500
16.67458300
16.67658300
16.69058400
16.72654100
16.75654200
16.60137500
16.65366700
16.97129100
16.71337500
16.65366700
16.61270800
16.68975000
16.67416700
16.81033300
16.55300000
16.59841700
16.86537500
16.50141700
16.82587500
16.42375000
16.45454100
16.84954200
16.41858300
16.63141700
16.58216700
16.68029100
17.23104200
16.04483300
16.93208400
16.54533300
16.77866700
16.58625000
16.70658300
16.72695800
16.52637500
17.07329200
16.69083300
16.51679200
16.74470800
16.60820900
16.59104100
16.72533400
16.74104100
16.49512500
16.92258400
16.45658300
16.75704200
16.72683300
16.45225000
16.85887500
17.06279200
16.19520800
16.70595800
16.81708400
16.41320800
16.59666700
16.56220800
16.66466700
16.73195800
16.70450000
16.58225000
16.63833300
16.69450000
17.00420900
16.49387500
16.69041600
16.59633400
16.99933300
16.52833300
16.66050000
16.68162500
16.68266700
16.67745800
16.63795900
16.68300000
16.67108300
16.84250000
16.25041700
16.84895800
16.67250000
16.66633300
16.66237500
16.70675000
16.66162500
16.52754200
16.83345800
16.67858400
16.67808300
16.54987500
16.96637500
16.44308300
16.65225000
16.69400000
16.68354200
16.55054200
16.77837500
16.70554100
16.63912500
16.70958400
16.64829100
16.40341700
16.71675000
16.82945800
16.63916700
16.65779200
16.73737500
16.37187500
16.90937500
16.65633300
16.62379200
16.62241600
16.75779200
16.57020800
16.86091700
16.44929200
16.76925000
16.70729100
16.70245900
16.40708300
16.94466700
16.59479100
16.67629200
16.64358300
16.67712500
16.63225000
16.72491700
16.60408300
16.49020900
16.98245800
16.53279200
16.62670800
16.73745800
16.65116700
16.68212500
16.46637500
16.76283300
16.87820900
16.61079100
16.61612500
16.70133400
16.64075000
16.66758300
16.70100000
16.66216700
16.48220800
16.85245800
16.48879200
16.77770800
16.67679200
16.60758300
16.56600000
16.85529200
16.41983300
17.09983400
16.53645800
16.65954200
16.60350000
16.51270800
16.76095800
16.73162500
16.44891700
16.86633300
16.69070900
16.43379100
16.53916700
16.64883300
16.64787500
16.70954200
16.59895800
16.65079200
16.68850000
16.79075000
16.61225000
16.62729200
16.82079100
16.65800000
16.55845900
16.67750000
16.79062500
16.57225000
16.79579100
16.54833400
16.67825000
16.62716600
16.87220900
16.78595800
16.35470800
16.77116700
16.66704200
16.87458300
16.56558300
16.80633400
16.60083300
16.65787500
16.70770800
16.57587500
16.94712500
16.45120900
16.67670800
16.64520800
16.60183400
16.72870800
16.71104200
16.82991600
16.38483400
16.75408300
16.47195800
16.86641700
16.68354200
16.74987500
16.56266600
16.69620900
16.71045800
16.75516700
16.51941600
16.67804200
16.61258300
16.99166700
16.37129200
16.67212500
16.75704100
16.44750000
16.50416700
16.66841700
16.46704100
16.71650000
16.76458400
16.55829100
16.63775000
16.70404200
16.65250000
16.67629200
16.68416600
16.62191700
16.67375000
16.85075000
16.56000000
16.67870800
16.59800000
16.70366700
16.67904200
16.64837500
16.68787500
16.64925000
16.71154100
16.59787500
16.67958400
16.73304100
16.64300000
16.80195900
16.58683300
16.71529200
16.67016600
16.94075000
16.82933400
16.36983300
16.98537500
16.57283300
16.57579200
16.67300000
16.67566700
16.64383300
16.48075000
17.18058300
16.23100000
16.79279200
16.67775000
16.63570800
16.77779200
16.58075000
16.63516700
17.20145800
16.19162500
16.23229200
16.69933300
16.78895800
17.16045900
16.10279100
16.70050000
16.68745900
16.52875000
16.68754100
16.49829200
16.60408300
16.72270900
16.68162500
16.73070800
16.60145800
16.68570900
16.79783300
16.64295800
16.67770900
16.66683300
16.73350000
16.61179200
16.69254100
16.61670900
16.71237500
16.61425000
16.66341600
16.64579200
16.67470800
16.66208400
16.80258300
16.56162500
16.72312500
16.69587500
16.59341700
16.77112500
16.70579100
16.72429200
16.57808300
16.61654200
16.71320800
16.78366700
16.87683300
16.73712500
16.58983400
16.55395800
16.95041700
16.49337500
16.64020800
16.63629200
16.54766600
16.59862500
17.05354200
16.49150000
16.68416700
16.94079100
16.22858400
16.91766600
16.47095900
16.86195800
16.86512500
16.38995800
16.72695900
16.59595800
16.42945800
17.01379200
16.67608300
16.42737500
16.88545900
16.95541600
16.28133400
16.56083300
16.62091700
16.64908300
16.84404200
16.83887500
16.55695800
16.50875000
16.56575000
16.67816700
16.93412500
16.40604100
16.52745900
16.70025000
16.58541600
16.69833400
16.60350000
16.81475000
16.65566600
16.64120900
16.65470800
16.73625000
16.85737500
16.40554200
17.12941600
16.49887500
16.64020900
16.87116600
16.56995900
16.38133300
16.88966700
16.43554100
16.95825000
16.42045900
16.62766600
16.59287500
16.60766700
16.60800000
16.67620800
16.73366700
16.65825000
16.65720800
16.63145900
16.71404100
16.67204200
16.79483300
16.47287500
16.71350000
16.73479200
16.66141700
16.51883300
16.68341700
16.77079100
16.70195900
16.72641600
16.62933400
16.61325000
16.73920800
16.71700000
16.59991700
16.43991600
16.85454200
16.68070800
16.75162500
16.58554200
16.65637500
17.12858300
16.48037500
16.34212500
17.11579200
16.34912500
16.65583300
16.66283400
16.54758300
16.65037500
16.59495800
16.69125000
16.74329200
16.77704200
16.55187500
16.65387500
16.91720800
16.70800000
16.66008300
16.50733400
16.83854100
16.69683400
16.60000000
16.68887500
16.68645800
16.71358300
16.64679200
17.17745800
16.13212500
16.69479200
16.64654200
16.43333300
17.01583300
16.59100000
16.56912500
16.82345900
17.31170800
15.85087500
16.40229200
16.63062500
16.78979100
17.59158400
15.71791600
16.71750000
16.55016700
16.70083300
16.68208400
16.58183300
22.09041700
11.78804100
16.39250000
16.51725000
16.91666700
16.55129200
17.66470800
15.65550000
17.77525000
15.88529200
16.31133300
17.19787500
16.31133300
16.53708400
17.14120800
16.17041700
16.80912500
16.65929100
16.56362500
16.57200000
17.08829200
16.98708300
16.00808400
16.71654100
16.69858400
16.44987500
16.60862500
16.62329100
16.64629200
16.66583300
16.68170900
16.68537500
16.63062500
16.72900000
16.67258300
16.58166700
16.73500000
17.09687500
16.29516600
16.54437500
16.85170900
17.13712500
16.86708300
15.97762500
16.96312500
16.90004200
16.04737500
17.23820800
16.70958300
16.10054200
16.68437500
16.65754200
16.46166600
16.68787500
16.77320900
16.77437500
16.58475000
16.71179100
16.62675000
16.79775000
16.74579200
16.53770800
16.70066700
16.96950000
16.41000000
16.95470800
16.69287500
16.73866700
16.53870800
16.79050000
16.27050000
16.94670900
16.65041600
16.66337500
16.75879200
16.59054200
16.65741600
16.68650000
16.47245900
16.79200000
16.51741600
16.70354200
16.65966700
16.91270800
16.54337500
16.67579200
16.64437500
16.69420800
16.54195800
16.77441700
16.72675000
16.60566700
16.69120800
16.64470800
16.62458400
16.51312500
16.88979100
16.69466700
16.60554200
16.68545800
16.93200000
16.44029200
16.64925000
16.63795800
16.71420800
16.63283400
16.76058300
16.71487500
16.42245800
16.91245900
16.86670800
16.57454200
16.28416600
16.92300000
16.77345900
16.42058300
16.51291700
16.63362500
16.70733300
16.66350000
16.40662500
16.64679200
16.79116600
16.77662500
16.50212500
16.85908400
16.43400000
16.67291600
16.53783400
16.74491600
16.62083400
16.73320800
16.74812500
16.59604200
16.47833300
17.01433300
16.67612500
16.60566700
16.66845800
16.68012500
16.67412500
16.58295900
16.70708300
16.64170800
16.65725000
16.73812500
16.88516700
16.35520800
16.93183400
16.60170800
16.81733300
16.89850000
16.49158400
16.59991600
16.63229200
16.54045800
16.87458400
16.63779100
16.72712500
16.64129200
16.79987500
16.56020800
16.63087500
16.72750000
16.62725000
16.64295900
16.67729100
16.48504200
16.92620800
16.57341700
16.87012500
16.45412500
16.79512500
16.34037500
16.87295800
16.70141700
16.57916700
16.95704100
16.43395900
16.65525000
16.72170800
18.30050000
16.09945800
16.70150000
16.25658400
16.69112500
17.35845800
16.14508300
16.78533400
16.56737500
15.59116600
17.18379200
16.70804200
16.44779100
17.69195900
16.48058300
16.71504200
16.77395800
15.32441700
16.33383300
16.80908300
17.21745900
16.08775000
16.64279100
17.24079200
16.78487500
16.80929200
16.64037500
16.77204100
16.05441700
17.26304200
17.20875000
17.07470800
15.38616700
17.31912500
16.00383300
16.30529200
18.15550000
16.29733300
15.90266700
17.55208300
16.88183300
16.09216700
16.32858300
17.26425000
15.69612500
17.84658400
15.31366600
17.25445900
19.00979100
13.81362500
16.94320900
16.43925000
16.66616600
16.43020900
17.22866600
16.38837500
16.71383400
16.57741600
16.64645900
16.78629100
16.39729200
17.01287500
16.50533300
16.49720900
16.86362500
16.78891600
16.52429200
16.42766700
17.28450000
16.10808300
16.79166700
16.68616600
17.03491700
16.28483300
16.68854200
16.58066700
16.63566600
16.65058400
16.71445800
16.70312500
16.70483300
16.40158400
16.69295800
16.53187500
16.73025000
16.83325000
16.42845800
16.75345900
16.54154100
16.76929200
16.56779200
16.85712500
16.53245800
16.59829200
16.66104100
16.70858400
16.64250000
16.91187500
16.40366600
16.72666700
16.75404200
16.45800000
16.76050000
16.57558300
16.64912500
16.79941700
16.82275000
16.55675000
16.67066600
16.75516700
16.62300000
16.68000000
16.89533300
16.69875000
16.75825000
16.52729200
16.81583300
16.43237500
16.86033400
16.64191600
16.85066700
16.30812500
16.89704200
16.46233300
16.79266700
16.65304100
16.69179200
16.53925000
16.75033300
16.56283400
16.82379100
16.71604200
16.55229200
16.70804100
16.69862500
16.69845900
16.65891600
16.43950000
16.74458400
16.81304100
16.47166700
16.81337500
16.45258300
17.18679200
16.33016700
16.65904100
16.53308400
16.66525000
16.75216600
16.52662500
16.52116700
16.70645800
16.81170900
16.75945800
16.51570800
16.53220900
16.70308300
16.66237500
16.57025000
16.64141700
16.71762500
16.67791600
16.69716700
16.59695800
16.66108400
16.67579100
16.73279200
16.75900000
16.60750000
16.60758300
16.65041700
16.71133300
16.65029200
16.69016700
16.74483300
16.62991700
16.74187500
16.66270800
16.62625000
16.77145800
16.86595900
16.85895800
16.32875000
16.79691700
16.71125000
16.63320800
16.62187500
16.70991700
16.59708300
16.58645800
16.89150000
16.46479200
16.82900000
16.66737500
16.59100000
16.76320800
16.39979200
16.57891700
16.92387500
16.36375000
16.67050000
16.57533300
16.67958300
16.63500000
17.00620900
16.61950000
16.46808300
16.70695800
16.68391700
16.70220800
16.57704200
16.70500000
16.70908300
16.61895900
16.93466600
16.48845900
16.89983300
16.68025000
16.60833300
16.57254200
17.07400000
16.38379200
16.66154100
16.67233400
16.57775000
16.50841600
16.93775000
16.59954200
16.78450000
16.66766700
16.82983300
16.41625000
16.73775000
16.63920800
16.64850000
16.63291700
16.71000000
16.63441700
16.73633300
16.40237500
16.86554200
16.64837500
16.70095800
16.61204200
16.87558300
16.52400000
16.67383300
16.63916700
16.72087500
16.61700000
16.68075000
16.65262500
16.73508300
16.56775000
16.68566700
16.73866700
16.67220800
16.45750000
16.74170800
16.63787500
16.59416700
16.89054200
16.64125000
16.65462500
16.57966600
16.68666700
16.69504200
16.69629100
16.59650000
16.72970900
16.67033300
16.65858300
16.63841700
16.65570800
16.70195900
16.78504100
16.53858400
16.72504100
16.66704200
16.67154200
16.42583300
16.88029200
16.64800000
16.58987500
17.00812500
16.37691600
16.76579200
16.42037500
16.86270800
16.79541700
16.52050000
16.66437500
16.64491700
16.68958300
16.65475000
16.65037500
16.72579200
16.61887500
16.85833300
16.45600000
16.68275000
16.66375000
16.67854200
16.57654100
16.80616700
16.28537500
17.05079200
16.63550000
16.65504100
16.69120900
16.62550000
16.69675000
16.79362500
16.49508300
16.65925000
16.73020800
16.73191700
16.44433300
16.72037500
16.53900000
16.67391700
16.63433300
16.91183400
16.69745800
16.60033300
16.71533400
16.59900000
16.50950000
16.69170800
16.80191700
16.92725000
16.42470800
16.68058300
16.63762500
16.71816700
16.63750000
16.68100000
16.65512500
16.68416700
16.84854100
16.38229200
16.53783300
16.49520900
16.56058300
16.72850000
16.65750000
16.63954200
16.62612500
17.01787500
16.42254100
16.61450000
16.70720900
16.59358300
16.71220800
16.68433400
16.74950000
16.62566600
17.02916700
16.28579200
16.67520800
16.68425000
16.73637500
16.66304200
16.72400000
16.53237500
16.67020800
16.63987500
16.72254200
16.80412500
16.29687500
16.89958300
16.65175000
16.71879200
16.55675000
16.87083300
16.86587500
16.46250000
16.74562500
16.60487500
17.08833300
16.22216700
16.58450000
16.64525000
16.53066700
16.61925000
16.67050000
16.70925000
16.65358300
16.63600000
16.67883300
16.71916700
16.65904200
16.68337500
16.72337500
16.57341600
16.79795900
16.60275000
16.68975000
16.83641600
16.33425000
16.91700000
16.55279200
16.65850000
16.67866700
16.79587500
16.59400000
16.67420800
16.57112500
16.73620800
16.70841700
16.66087500
16.64029200
16.76350000
16.57400000
16.66008300
16.81120800
16.64820900
16.65458300
16.63233300
16.86208400
16.84829100
16.62391700
16.65316700
16.70312500
16.54745800
16.80983300
16.64154200
16.61395800
16.68762500
16.44587500
16.87487500
16.63525000
16.66116700
16.69745800
16.70737500
16.40620900
16.85191600
16.56641700
16.57320800
16.56308400
16.69220800
16.61858300
16.79225000
16.72062500
16.52829200
16.83220800
16.77912500
16.51245900
16.61554100
16.88604200
16.58704200
16.75737500
16.71545800
16.63254200
16.66387500
16.69412500
16.52112500
16.81812500
16.48841600
16.88162500
16.62187500
16.65483400
16.61470800
16.53041700
16.81741600
16.76750000
16.64962500
16.39983400
16.86566600
16.70158400
16.66354100
16.67775000
16.72354200
16.61275000
16.61337500
16.58254200
17.02062500
16.51862500
16.93933300
16.13491700
16.57008300
16.60933300
16.63979200
16.64429200
16.71816600
16.55516700
16.68941700
16.81954100
16.33041700
16.83529200
16.83600000
16.46916600
16.66329200
16.86412500
16.56462500
17.05937500
16.23962500
16.79345800
16.51175000
16.80841700
17.46891700
15.75404100
16.75583400
16.70691600
16.59579200
17.47633300
15.92745900
16.43204100
16.90858400
16.59008300
16.57579200
16.52150000
16.66537500
16.83229100
16.50125000
16.68720900
16.77395800
16.68591700
16.70395800
16.46325000
16.83750000
16.58095800
16.64862500
16.74187500
16.68654200
16.68679200
16.65545800
16.61762500
16.81675000
16.44270800
16.90179200
16.72670800
16.49791700
16.87225000
16.44887500
16.40637500
16.76175000
16.78437500
16.71712500
16.63195800
16.84362500
16.59975000
16.84879200
16.53020800
16.59333400
16.85937500
16.50029100
16.43200000
16.78483400
16.68925000
16.70308300
16.84212500
16.55016700
16.59687500
16.70829100
16.63920900
16.65366600
16.64879200
16.58833300
16.73479200
16.65700000
16.66016700
16.73983300
16.63520800
16.63725000
16.70225000
16.60054200
16.67108300
16.73541700
16.67783300
16.67991700
16.62162500
16.63333300
16.67091700
16.80537500
16.86550000
16.65925000
16.27070800
16.66479200
16.81904200
16.48166600
16.86345900
16.59829100
16.66333400
16.73908300
16.65287500
16.68612500
16.68387500
16.73033300
16.95479200
16.44720800
16.48466700
16.72408300
16.77062500
16.55595900
16.67095800
16.70345800
16.69262500
16.92020900
16.64091600
16.67662500
16.69962500
16.69658400
16.57258300
16.63750000
16.82287500
16.50937500
16.61895800
16.85979200
16.44966700
16.58841600
16.55558400
16.53962500
16.79104100
16.54383400
16.88654100
16.60754200
16.82345800
16.62816700
16.58400000
16.62491700
16.66983300
16.81608300
16.55600000
16.65900000
16.74141700
16.74316700
16.65020800
16.82045800
16.67187500
16.71758400
16.59929100
16.61350000
16.59466700
16.82375000
16.69787500
16.62554200
16.46600000
16.83795800
16.75133300
16.58883400
16.63754100
16.62866700
16.81358300
16.77404200
16.50258300
16.71483400
16.39479100
16.97704200
16.54433300
16.68283400
16.78183300
16.57004200
16.68083300
16.58829200
16.70883300
16.66800000
16.68441700
16.66808300
16.66262500
16.50912500
16.97920800
16.51050000
16.53016700
16.80670800
16.65533400
16.62195800
16.55704200
16.96200000
16.35733300
16.99916700
16.71508300
16.50295800
16.57995900
16.69641600
16.57266700
16.68529200
16.46337500
16.76575000
16.55375000
16.58595800
16.66537500
16.74879200
16.62266600
16.68412500
16.77704200
16.48787500
16.86291700
16.59666600
16.67275000
16.71670900
16.89304100
16.63483400
16.57395800
16.44908300
17.00804200
16.67775000
16.70650000
16.34354200
16.81529100
16.44154200
16.73608300
16.65158400
16.66958300
16.66862500
16.94645800
16.62054200
16.45850000
16.92020800
16.39691700
16.67379200
16.63658300
17.05700000
16.46620800
16.79562500
16.63258400
16.73891600
16.45854200
17.01062500
16.52929200
16.64729100
16.60262500
16.43537500
16.81433400
16.76533300
16.72550000
16.64866700
16.61887500
16.75720800
16.42470800
16.66525000
16.82337500
16.86925000
16.34383400
16.79508300
16.80095800
16.59920900
16.52204100
16.69637500
16.57562500
16.63108400
16.90800000
16.61025000
16.64679100
16.73137500
16.60025000
16.51625000
16.73412500
16.77441700
16.63854200
16.68962500
16.65050000
16.62795800
16.76404200
16.41654100
16.73000000
16.48150000
16.65666700
16.83754200
16.56650000
16.52612500
16.68850000
16.58133300
16.73404200
16.60054100
16.68016700
16.57658300
17.01595900
16.41137500
16.63420800
16.70258300
16.71041700
16.70666700
16.61987500
16.67020800
16.66775000
16.77350000
16.60350000
16.69170800
16.69341700
16.68225000
16.61845800
16.72954200
16.76287500
16.45616700
16.71404100
16.64325000
16.68933400
16.73566600
16.66820900
16.67037500
16.70412500
16.71787500
16.62912500
17.17162500
16.25895800
16.68200000
16.62875000
16.27741700
16.94154100
16.63366700
16.61541700
16.74191600
16.69158400
16.60683300
16.74195800
16.91275000
16.47545900
16.83970800
16.52679200
16.63854100
16.58120900
16.66325000
16.69162500
16.72350000
17.30912500
15.96970800
16.68100000
16.49716700
16.81187500
16.43454100
16.87545900
16.50620800
16.73370800
16.57466700
16.65000000
16.64887500
16.70625000
16.69395800
16.65291700
16.65654200
16.70695800
16.60979200
16.68179100
16.69458400
16.68208300
16.65316700
16.80733300
16.54041700
16.73362500
16.62437500
16.70050000
16.65275000
16.74854100
16.77187500
16.49962500
16.82395900
16.89829100
16.60954200
16.45050000
16.70470800
16.89787500
16.64550000
16.77725000
16.52162500
16.84154200
16.68891700
16.12858300
16.91037500
16.67183300
16.70683400
16.56704100
16.86512500
16.56775000
16.86370900
16.44858300
16.89758300
16.35033400
16.77058300
16.91262500
16.53991700
16.58708300
16.70425000
16.84520800
16.40016700
16.98704200
16.44191600
16.58562500
16.84645900
16.60525000
16.77120800
16.53854200
16.82262500
16.44787500
16.67037500
16.75033300
16.58133300
16.67283400
16.48691600
16.98729200
16.63791700
16.35387500
17.06758300
16.39395800
16.75983400
16.59991600
16.79745900
16.49400000
16.85345800
16.57770800
16.52779200
16.90500000
16.48429200
16.71762500
16.75954100
16.86020900
16.56704100
16.44175000
16.78962500
16.46150000
16.87912500
16.57225000
16.76383400
16.59133300
16.98483300
16.34733400
16.74933300
16.49837500
16.85141700
16.56670800
16.55483300
16.99666700
16.36604200
16.86295800
16.47416700
16.47179100
16.86333400
16.69662500
16.77104100
16.71279200
16.51033300
16.76541700
16.79087500
16.33008300
16.90483400
16.65895800
16.50750000
16.67629200
16.79800000
16.95908300
16.27454200
16.70062500
16.33654100
16.67687500
16.55900000
16.69083400
16.80400000
16.54554100
16.65370900
16.73366600
16.67479200
16.63887500
16.64420800
16.72941700
16.62895800
16.83179200
16.61141700
16.60312500
16.66937500
16.64654100
16.73220900
16.75737500
16.56795800
16.89829200
16.59891600
16.83983400
16.65570800
16.55962500
16.59745800
16.62820900
16.70620800
17.05637500
16.52125000
16.51120800
16.53200000
16.87850000
16.69958400
16.38162500
16.88529100
16.41825000
16.67716700
16.65741700
16.62929100
16.74204200
16.70783300
16.61416700
16.73691700
16.77233300
16.67516700
16.59308300
16.93112500
16.48133300
16.71341700
16.82445800
16.53745900
16.46645800
17.07870800
16.56275000
16.51954200
16.71687500
16.52829200
16.78295800
16.69729200
16.61008300
16.70800000
16.66033300
16.63329200
16.48820800
16.81737500
16.69920900
16.69458300
16.72362500
16.55008300
16.76429200
16.37137500
16.66500000
16.73416700
16.52816600
16.60600000
16.70200000
16.59475000
17.18587500
16.22712500
16.55795900
16.85800000
16.67587500
16.54300000
16.49254100
16.76425000
16.64558400
16.62429100
16.83916700
16.66595800
16.56725000
16.83937500
16.49150000
16.86987500
16.51087500
17.61575000
15.85120900
16.61629100
16.68650000
16.70616700
17.56866700
15.63675000
16.66291600
16.81962500
16.59329200
17.10608300
16.24100000
16.65958400
16.72729100
16.58620900
16.51908300
16.54525000
16.67404200
16.82533300
16.55437500
16.86741700
16.50333300
16.57666700
16.88333300
16.72975000
16.64883300
16.62108400
16.74441600
16.56675000
16.84625000
16.65383400
16.52954100
16.69058400
16.67383300
16.59387500
16.68037500
16.79000000
16.52562500
16.66283300
16.70429200
16.44645800
16.84733400
16.68454100
16.66045900
16.64233300
16.74408300
16.66704200
16.67904200
16.63779100
16.73008400
16.60508300
16.65129200
16.75520800
16.60116700
16.68683300
16.64458300
16.56004200
16.83970800
16.55641700
16.64891700
16.62604100
16.67279200
16.70441700
16.70333300
16.58820800
16.71383400
16.60483300
16.72241700
16.65445800
16.50962500
16.76195800
16.60916700
16.63950000
16.69137500
16.76008300
16.62245900
16.75691600
16.71291700
16.68220800
16.64066700
16.72779200
16.51662500
16.69458300
16.65141700
16.66541600
16.94066700
16.41941700
16.67816600
16.73958400
16.58137500
16.65941600
16.72516700
16.64454200
16.68787500
16.67883300
16.68741700
16.67508300
16.70933300
16.56733400
16.71570800
16.74291700
16.66991600
16.61308400
16.83362500
16.62695800
16.69216700
16.66354100
16.44183400
16.76891600
16.80737500
16.48437500
16.62508400
16.68154100
16.49925000
16.86804200
16.65625000
16.64166700
16.64570800
16.86879200
16.50354100
16.84041700
16.56445800
16.62166700
16.64237500
16.73583300
16.59179200
16.74304200
16.60441600
16.73387500
16.68654200
16.96945800
16.64700000
16.65116700
16.44416700
16.96545800
16.50991700
16.73416600
16.42854200
16.74041700
17.04129100
16.42995900
16.68204100
16.95545900
16.23679100
16.74854200
16.72733300
16.69712500
16.63350000
16.85112500
16.30325000
16.83566700
16.69654200
16.65908300
16.63008300
16.68908400
16.69150000
16.68966600
16.80429200
16.46445800
16.68650000
16.64312500
16.67525000
16.75104200
16.58654200
16.64408300
16.54220800
16.81954200
16.68595800
16.46616700
16.89454200
16.70383300
16.44404200
16.85783300
16.41354200
16.86670800
16.67800000
16.62050000
16.66779200
16.71508300
16.57708300
16.66391700
16.53870800
16.91604200
16.68862500
16.67437500
16.59979200
16.55366600
16.77162500
16.68929200
16.66462500
16.72500000
16.52945800
16.71233400
16.70291600
16.63483400
16.64783300
16.72816700
16.66383300
16.85179200
16.53812500
16.60362500
16.73762500
16.59570800
16.66270800
16.66379200
16.51687500
17.06658300
16.58000000
16.54250000
16.46595900
16.87408300
16.59100000
16.67729200
16.66758300
16.64612500
16.74445800
16.72975000
16.55941700
16.67941700
16.72433300
16.65716700
16.65179100
16.61225000
16.78412500
16.55937500
16.66912500
16.65041700
16.67708300
16.70754200
16.51741700
16.75766600
16.70075000
16.64129200
16.67279200
16.73554100
16.57670900
16.69633300
16.54541700
16.84291600
16.47141700
16.73700000
16.54241700
16.63883300
16.67975000
16.87441700
16.67125000
16.62925000
16.71754100
16.64975000
16.47975000
16.85691700
16.66800000
16.77475000
16.59425000
16.62675000
16.67775000
16.64512500
16.64675000
16.71604200
16.59516600
16.71325000
16.89170900
16.45075000
16.67462500
16.62050000
16.65154100
16.60016700
16.69837500
16.80470800
16.65270900
16.52362500
16.94304100
16.42204200
16.61866700
16.85912500
16.46870800
16.84208300
16.60587500
16.69200000
16.70908400
16.77025000
16.69916600
16.48116700
16.73187500
16.68329200
16.58391600
16.69041700
16.66541700
16.65691600
16.62120900
16.73491600
16.67308400
16.62900000
16.61662500
16.57087500
16.81837500
16.64800000
16.64608300
16.76241700
16.48158300
16.69645800
16.55291700
16.87416700
16.65504100
16.70170900
16.35954100
16.65133400
16.95145800
16.72345800
16.42895900
17.29541600
16.19679200
16.67375000
16.67129200
16.72212500
16.59841600
16.76650000
16.63337500
16.65058400
16.65208300
16.33400000
16.61533300
16.66562500
16.56962500
17.02900000
16.30420900
16.68054100
16.68204200
16.72670800
16.56500000
16.72000000
16.64320900
16.68254100
16.75000000
16.74029200
16.50770800
16.68970900
16.71991600
16.60241700
16.72112500
16.70179200
16.65570800
16.70329200
16.65400000
16.69408300
16.76845800
16.69025000
16.78708400
16.73350000
16.64120800
16.69316700
16.64087500
16.67666600
16.68283400
16.67037500
16.73654100
16.56104200
16.74795800
16.56504200
16.63191700
16.60554100
16.52429200
16.65600000
16.61729200
16.68583300
16.72333300
16.38979200
16.82658300
16.69504200
16.79862500
16.63291700
16.67550000
16.63329100
16.64304200
16.66004200
16.66483300
16.69662500
16.96033300
16.74420900
16.55637500
16.77716600
16.67712500
16.55766700
16.67095800
16.66241700
16.68116700
16.62141600
16.82737500
16.53645900
16.44966600
16.89258400
16.72295800
16.57741700
16.69300000
16.70450000
16.65154100
16.82991700
16.41620800
16.84145900
16.52687500
16.69687500
16.67820800
16.62575000
16.67579200
16.66441600
16.68204200
16.68145800
16.44695900
16.74904100
16.51733400
16.73879100
16.64275000
16.50941700
16.60966700
16.64820800
17.50100000
15.95541700
16.71879100
16.66620900
16.80237500
17.17833300
15.87212500
16.83941700
16.65670800
16.68129200
16.47837500
16.56566600
16.61500000
16.83941700
16.57470800
16.81054200
16.58545800
16.60454200
16.73929200
16.65675000
16.67991600
16.67979200
16.91620800
16.40450000
16.71945900
16.67233300
16.65120800
16.69833400
16.62054100
16.64379200
16.70125000
16.80945800
16.56766700
16.77954200
16.66745800
16.67745800
16.66462500
16.61604200
16.63541700
16.80037500
16.77583300
16.60358300
16.90266700
16.30750000
16.74687500
17.07329200
16.38337500
16.78733300
16.64341700
16.53341600
16.73304200
16.70125000
16.65154200
16.72483300
16.62616700
16.67887500
16.46616600
16.99100000
16.34041700
16.92312500
16.62958300
16.48000000
17.03466700
16.73841700
16.24562500
16.56045800
16.63912500
16.56933300
16.80908400
16.55054100
16.71362500
16.70425000
16.82333400
16.50595800
16.83433300
16.85879200
16.44875000
16.68070800
16.71183400
16.75033300
16.72891700
16.78670800
16.49350000
16.62495800
16.67770900
16.66925000
16.85504100
16.38012500
16.60025000
16.62004200
16.52045800
16.57050000
16.64125000
16.70204200
16.75358300
16.60645900
16.65645800
16.68129200
16.67487500
16.68441600
16.65591700
16.66754200
16.65479100
16.77579200
16.58933300
16.72437500
16.65850000
16.59695900
16.73258300
16.66737500
16.69950000
16.70487500
16.74175000
16.38304200
16.84979100
16.67570900
16.77033300
16.80670800
16.52258400
16.82737500
16.68391600
16.72583400
16.51483300
16.92429200
16.13483300
16.99375000
16.63025000
16.75912500
16.71895800
16.46133400
16.86895800
16.59191700
16.68612500
16.67937500
16.59133300
16.68125000
16.69504200
16.50737500
16.63766600
16.87329200
16.50937500
16.78741700
16.71370800
16.94645800
16.48120900
16.51779100
16.82433400
16.49933300
16.93637500
16.51175000
16.36300000
16.88895800
16.51220900
16.87287500
16.50512500
16.82379100
16.63066700
16.82495800
16.74504200
16.47079200
16.61883300
16.50337500
16.84200000
16.66783300
16.45883400
16.91066600
16.53204200
16.92533300
16.63379200
16.55525000
16.59820800
16.73983400
16.53933300
16.77562500
16.56708300
16.73704200
16.56366700
16.73758300
16.64425000
16.71525000
16.79608300
16.92358400
16.13508300
16.86954200
16.58766600
16.42220900
16.64300000
16.66741600
16.71970900
16.58420800
16.60070800
16.87129200
16.51020800
16.65308400
16.72183300
16.66962500
16.70579200
16.61258300
16.83341700
16.58666600
16.66900000
16.71150000
16.61895900
17.00358300
16.44000000
16.78962500
16.78291700
16.49137500
16.92475000
16.29025000
16.83666600
16.73275000
16.98445900
16.26925000
16.55262500
16.64233300
16.64166700
17.16487500
16.37145800
16.74241700
16.60504100
16.87762500
16.49700000
16.69145900
16.51483300
16.62708300
16.70025000
16.64500000
16.77229200
16.68954200
16.38354100
16.97166700
16.67654200
16.59466600
16.56191700
16.85562500
16.42912500
16.93212500
16.44225000
16.71633300
16.69545900
16.94470800
16.66937500
16.64579200
16.42979100
16.51170900
16.67587500
16.57854100
16.64175000
16.70475000
16.78375000
16.41362500
16.79191700
16.71712500
16.65791700
16.43841600
17.02583400
16.48912500
16.67279100
16.76104200
16.52429200
16.39441600
16.85404200
16.57787500
16.64025000
16.69025000
16.69858300
16.55695900
16.79354100
16.61487500
16.70629200
16.61608300
16.73883400
16.57375000
16.65262500
16.64187500
16.64395800
16.92925000
16.50591700
16.69520800
16.66704200
16.74550000
16.59020800
16.69600000
16.68962500
16.66604200
16.66154100
16.65783400
16.66379100
16.68262500
16.44916700
16.93887500
16.57637500
16.73966700
16.67433300
16.72950000
16.65045800
16.65858400
16.67237500
1249.71600000
16.68041600
16.69908400
16.70216600
16.66987500
16.65258400
16.69437500
16.67129100
16.78670900
16.78987500
16.47820800
16.67741700
16.68579100
16.68233400
17.31437500
16.39900000
16.63279100
16.64733400
16.89875000
16.81420800
16.78566700
16.65154100
16.84554200
16.74370800
16.76241700
16.79787500
16.45612500
16.72741700
16.76995800
16.66062500
16.59404200
16.69737500
16.38525000
17.40191600
16.03504200
16.76295800
16.71845900
17.97291600
15.56075000
17.08075000
16.18875000
16.84329200
16.79075000
16.90233300
16.37075000
16.36800000
16.77533400
16.79575000
16.46987500
16.72970800
16.59345800
17.76345900
15.90454100
16.54525000
16.76875000
16.56687500
16.59345900
16.94395800
16.40833300
16.91470900
16.87950000
16.33058300
16.57087500
16.85558300
16.86904200
16.45575000
16.80075000
16.63887500
16.56875000
16.65675000
17.43220800
15.93666700
16.34829200
16.77375000
16.48358300
17.01950000
16.98754200
16.52925000
16.84408300
16.39266700
16.54366600
16.34329200
16.85116700
16.72775000
16.35670800
17.03629200
16.31812500
16.68445800
16.85675000
16.51233300
16.65437500
16.83250000
16.55287500
16.68887500
16.68937500
16.65975000
16.68050000
16.87500000
16.51287500
16.66591700
16.75808300
16.59945900
16.71966600
16.64966700
16.68562500
16.70616700
16.68108300
16.65804200
16.70933300
16.65787500
16.68470800
16.71033400
16.65720800
16.88245800
17.37829200
15.79137500
16.71216700
16.64837500
16.68629100
16.69204200
16.67191700
16.69925000
16.69475000
16.68487500
16.68616600
16.68833400
16.68883300
16.67329200
16.67566600
16.66208400
16.68320800
16.68054200
16.71616600
16.68083400
16.68758300
16.68170800
16.65691700
16.68504200
16.69895800
16.66116700
16.70775000
16.65975000
16.69241600
16.70950000
16.64583400
16.68295800
16.71591700
16.65333300
16.67833300
16.71295900
16.65658300
16.71508300
16.65158400
16.68158300
16.68637500
16.71666700
16.65141600
16.70579200
16.68225000
16.66970800
16.67129200
16.71033300
16.67804200
16.69379200
16.66041600
16.68183400
16.70312500
17.16020800
16.20637500
16.65845800
16.68312500
17.54391700
16.04695800
16.48995900
16.65395800
16.67962500
16.71487500
16.68075000
16.65808300
16.70554200
16.66125000
16.68079200
16.68266600
16.68404200
16.68754200
16.68125000
16.68225000
16.70683300
16.68425000
16.65870800
16.68400000
16.70712500
16.65883400
16.68437500
16.71320800
16.67866700
16.65754100
16.68370900
16.70979100
16.67983400
16.68387500
16.69420800
16.68000000
16.68512500
16.67020800
16.67775000
16.69120900
16.68116600
16.66800000
16.67862500
16.70591700
16.68529200
16.65900000
16.68366600
16.68354200
16.70800000
16.65720800
16.68554200
16.68166700
16.68187500
16.68295800
16.72066700
16.64758300
16.70270800
16.66791700
16.67975000
16.71175000
16.67162500
16.68454200
16.69275000
16.65400000
16.68266600
16.70275000
16.69266700
16.65808300
16.68258400
16.69037500
16.71125000
16.64862500
16.69362500
16.69675000
16.66050000
16.70958300
16.66333300
16.67970900
16.70212500
16.68262500
16.65887500
16.71550000
16.67612500
16.66175000
16.67779100
16.69783400
16.67562500
16.72245800
16.66650000
16.69533300
16.66954200
16.66012500
16.69920800
16.68683400
16.67916600
16.69870900
16.67266600
16.69525000
16.66445900
16.73504100
16.67437500
16.64925000
16.67662500
16.68666700
17.87333300
15.54416700
17.09125000
16.24545800
16.67462500
16.72245900
16.64304100
16.72237500
17.06191700
17.52445800
15.46637500
16.61579200
16.69904200
16.67554100
16.70245900
16.65458300
16.69112500
16.67712500
16.70525000
16.66920800
16.71133400
16.66054100
16.66954200
16.68387500
16.68191700
16.70029100
16.68329200
16.68187500
16.66841700
16.68479100
16.67987500
16.68391700
16.68075000
16.68425000
16.68179200
16.69020800
16.71741700
16.66062500
16.66808300
16.69633300
16.68120900
16.66766600
16.70095900
16.67945800
16.67520800
16.68429200
16.68579200
16.69466600
16.66537500
16.70395900
16.66216600
16.71387500
16.65379200
16.69958300
16.66620900
16.68545800
16.69854200
16.66645800
16.68670800
16.69650000
16.66862500
16.68337500
16.70254200
16.67295800
16.67600000
16.68204200
16.68962500
16.67954200
16.69458300
16.68166700
16.67683300
16.69408300
16.68362500
16.68050000
16.67312500
16.69216700
16.67104200
16.68279100
16.68541700
16.68150000
16.70133300
16.67120900
16.67866600
16.70720900
16.65900000
16.74720800
16.63954200
16.67225000
16.67629100
16.68629200
16.69270800
16.67229200
16.69854200
16.68816600
16.66229200
16.68337500
16.68112500
16.70016700
16.66483300
16.70487500
16.68091700
16.66475000
16.70012500
16.66858300
16.69616700
16.68104100
16.68145900
16.68704100
16.69187500
16.67500000
16.69120900
16.66308300
16.70045800
16.68320900
16.66670800
16.69975000
16.66516700
16.70220800
16.66270800
16.68787500
16.67437500
16.68466700
16.70270800
16.68600000
16.68233400
16.66662500
16.68645800
16.68404200
16.68691600
16.67187500
16.70316700
16.66612500
16.71262500
16.67733300
16.67395900
16.68379100
16.67370900
16.69925000
16.66229100
16.71595900
16.66320800
16.68858300
16.67804200
16.68925000
16.68270800
16.67195900
16.68750000
16.69191600
16.68233400
16.66704100
16.71179200
16.66987500
16.67100000
16.68125000
16.69850000
16.67033300
16.69679200
16.66575000
16.68966700
16.69466600
16.68195900
16.69250000
16.67254100
16.67166700
16.67870800
16.69012500
16.68395900
16.69887500
16.67970800
16.67562500
16.67600000
16.67875000
16.70254200
16.68287500
16.68004100
16.68379200
16.68450000
16.67016700
16.70008300
16.68116700
16.68825000
16.68241600
16.68616700
16.66433300
16.68187500
16.68600000
16.69062500
16.67537500
16.70691700
16.66070800
16.70450000
16.66729200
16.70079200
16.68433300
16.66616700
16.69712500
16.65858300
16.68483300
16.70508400
16.67683300
16.68516700
16.66687500
16.70145800
16.68070800
16.68291700
16.66587500
16.70112500
16.66991700
16.68029100
16.68316700
16.69729200
16.74120800
16.66516700
16.63704100
16.67970900
16.68775000
16.68416600
16.67733400
16.69012500
16.67491600
16.68512500
16.68650000
16.67741700
16.70062500
16.66441700
16.68183300
16.69987500
16.68841700
16.67287500
16.67400000
16.67995800
16.70466700
16.67495800
16.68579200
16.66945800
16.69845800
16.67570900
16.69287500
16.66870800
16.68079200
16.77208300
16.61637500
16.67683300
16.68145900
16.66983300
16.69895800
16.69895900
16.66337500
16.67308300
16.75508300
16.68408400
16.64120800
16.78625000
16.55225000
16.77866700
16.70033300
16.59208300
16.67987500
16.76854200
16.58595800
16.67679200
16.68358300
16.77179200
16.60466700
16.67141600
16.68241700
16.68458300
16.68766700
16.69137500
16.77166700
16.62791600
16.63825000
16.78620900
16.59316600
16.81012500
16.63075000
16.65587500
16.64983400
16.76354100
16.71254200
16.55225000
16.67791700
16.89070800
16.60483300
16.71895900
16.62170800
16.60754200
16.73895800
16.71504200
16.68808300
16.62008300
16.68066700
16.72291700
16.67137500
16.76412500
16.64808300
16.68683300
16.76404200
16.61212500
16.74762500
16.61670800
16.54766700
16.68241700
16.85591600
16.60733400
16.73170800
16.56500000
16.65745800
16.92225000
16.56470900
16.71033300
16.81808300
16.54275000
16.71058400
16.78425000
16.54704100
16.75979200
16.66862500
16.62558300
16.55683400
16.68387500
16.67579100
16.69254200
16.72083300
16.63725000
16.84000000
16.63358400
16.57541600
16.68204200
16.94779200
16.42033300
16.78800000
16.59670800
16.69783400
16.82729100
16.61554200
16.71541700
16.57733300
16.83479200
16.52470800
16.72275000
16.81154200
16.50191600
17.08608400
16.27345800
17.01687500
16.61770800
16.60770900
16.74687500
16.42066600
16.74487500
16.85012500
16.73637500
16.64416700
16.65425000
16.79770800
16.57341700
16.80691700
16.37600000
17.06904100
16.56583400
16.74041600
16.36520900
17.06887500
16.62650000
16.79012500
16.56412500
16.67387500
16.75645800
16.51329200
16.52870800
17.03054200
16.58041600
16.66054200
16.81541700
16.56454100
16.70250000
16.76091700
16.70450000
16.62204200
16.49695800
16.60254200
16.57845800
16.67337500
16.72491700
16.65395800
17.00679200
16.61179100
16.81854200
16.70604200
16.67941600
16.58750000
16.76412500
16.75816700
16.27412500
17.01741700
16.34750000
16.97379100
16.66370900
16.73087500
16.93175000
16.42354100
16.64475000
16.59191700
16.82025000
16.82012500
16.45525000
17.18204200
16.42720800
16.49937500
16.90129200
16.60779100
16.74508400
16.75041600
16.71750000
16.60604200
16.72479200
16.77495800
16.69516700
16.89183300
16.59304200
16.56529100
16.54545900
16.23629100
17.21141700
16.73158300
16.70862500
16.69050000
16.71350000
16.32975000
16.92358400
16.71787500
16.64566600
16.79029200
16.76208300
16.54583400
16.76841600
16.58754200
16.40083300
16.81500000
16.67520900
16.81191600
16.84387500
16.41191700
16.53550000
17.06625000
16.60808300
16.29625000
17.11637500
16.25516700
17.29487500
15.89254200
17.24833300
16.73445800
16.79825000
16.39970900
16.55787500
17.17291600
16.52750000
16.61966700
16.69887500
16.68437500
16.41500000
16.83812500
16.70583300
16.76666700
16.21570800
16.95279200
16.43254200
16.62191600
16.73541700
16.61587500
17.28250000
16.58108300
16.72841700
16.45787500
16.61975000
16.94850000
16.59354200
16.66145800
16.83566700
16.66625000
16.62350000
16.77875000
15.91141600
16.77295900
17.32658300
16.62345800
16.58691700
16.92716700
16.51350000
16.55775000
16.76491600
16.30600000
16.86191700
16.85441700
16.82870800
16.75800000
16.62041700
16.79420800
16.48616700
16.92370800
17.95445800
15.20795900
18.13762500
15.21891600
16.46845900
17.16537500
16.70008300
16.08554200
17.27712500
15.73116600
16.77075000
16.89508400
16.82066600
17.04491700
16.78087500
16.64054200
17.10558300
16.38812500
17.19212500
15.90891700
16.69004100
16.58800000
16.82887500
16.93304200
16.87187500
16.75770800
16.24966700
16.87775000
16.49516700
16.88991600
16.74241700
16.17045800
16.79229200
17.07362500
16.55095800
16.48729200
16.91345800
16.11700000
16.96200000
15.94637500
17.45295900
16.86337500
16.06966600
16.89925000
17.11720900
16.52891600
16.15566700
16.98300000
16.26283300
17.08566700
16.99570800
16.49837500
16.44379200
16.76304200
16.36383300
16.87920800
16.97300000
16.51779200
16.71375000
16.90429200
16.06041600
17.21725000
16.74095900
16.47737500
16.76283300
16.78566700
16.68995800
16.73216700
16.66741600
16.42516700
16.63404200
16.81591600
16.77812500
16.57708400
16.59462500
16.83470800
16.77866700
16.31283300
16.61904200
16.80304100
17.00287500
15.88879200
17.39166700
16.69045800
16.46187500
17.16300000
16.32291700
16.72516600
16.78158400
16.57945800
16.21829200
17.26233300
16.66841700
16.07416600
17.25254200
16.66870800
16.35212500
16.52912500
17.51195900
16.10141600
16.69004200
16.61825000
16.88883300
16.74533400
16.48683300
16.92554200
16.52970800
16.40554200
16.94966600
16.94795900
16.55770800
16.77412500
16.72154200
16.59445800
16.67683300
16.75891700
15.92454200
17.54483300
16.37487500
16.92029200
16.52554100
16.22429200
17.26637500
16.64579200
16.67450000
16.58445800
17.03654200
16.13179100
17.16141700
16.48854200
16.65575000
16.68370800
16.74341700
16.64808300
16.08791700
17.38725000
16.78383300
16.45925000
16.44729200
16.58495800
17.09645800
16.24245900
17.03629100
16.61766700
16.67687500
16.67458300
16.77166700
16.71229200
16.67420800
16.74025000
16.68570800
16.62883400
16.70595800
16.17908300
17.23412500
16.54050000
16.70179200
16.75216700
16.44829100
16.56662500
16.68066700
16.82066700
16.86600000
16.73500000
15.91454100
17.40708400
16.68216600
16.66337500
16.61866700
16.55412500
16.79291700
16.41995800
16.88050000
16.81520800
16.70325000
16.62925000
16.71212500
17.14220900
16.22220800
16.90525000
15.96195800
17.26241700
16.61900000
16.75325000
16.06970800
17.06558400
16.82670800
16.80958300
16.03504200
16.66695800
17.29283400
16.65662500
16.44412500
16.75462500
16.81829100
16.87695900
16.49679100
16.67254200
16.64216700
16.41379100
16.85250000
16.92658400
16.75704100
16.40845900
16.83237500
16.63820800
16.72575000
16.70037500
16.00358300
17.28133400
16.61166600
16.78670900
16.71795800
16.18941700
16.99016600
17.00737500
16.51683400
16.62729100
16.03750000
16.80541700
16.71695800
17.54200000
16.36658400
16.31458300
17.15579200
16.50958300
16.77504200
16.65620800
16.69433300
16.71000000
16.57908400
16.77895800
16.84929200
16.21654100
16.82408400
16.94154100
16.54795900
17.04200000
16.09183300
16.66204200
16.44808300
17.03479200
16.36491600
17.10816700
16.62900000
16.36550000
17.12600000
16.71079200
16.44383300
16.83308300
16.66870900
16.48204100
16.24862500
17.35487500
16.51133400
16.73329100
16.61041700
16.85904200
16.60283300
16.76095800
16.65470900
16.70504100
16.66308400
16.76220800
16.57829200
16.64700000
16.11250000
17.38333300
16.77587500
16.61141700
16.67804100
16.75579200
16.20945800
16.98383400
16.86195800
16.65041700
16.74762500
16.59141600
16.61350000
16.75000000
16.73962500
16.04733400
17.26470800
16.83087500
16.37491700
16.32554100
17.26591700
16.59237500
16.76358300
16.62529200
16.65979200
16.68150000
16.17108300
17.31279200
16.08770800
17.19012500
16.60108300
17.25845900
16.07858300
16.25862500
17.32370800
16.56687500
16.67745900
16.76825000
16.53625000
16.66183300
16.97766700
16.25958300
16.82245800
16.74954200
16.51116700
16.74554100
16.91345900
16.47987500
16.70450000
16.78770800
16.18483300
17.09466700
16.79316700
16.25045800
17.00691700
16.76925000
16.64491600
16.30695900
16.75029100
17.19683400
16.65129100
16.54750000
16.53958400
16.81866600
16.64112500
16.64404200
16.75687500
16.68716700
16.71762500
16.68137500
16.68766600
16.67495900
16.73266600
16.65850000
16.58420900
16.68725000
16.69266600
16.75666700
16.68016700
16.69520800
16.54791700
16.85254100
16.61158400
16.72637500
16.59058300
16.77600000
16.20791700
17.16620800
16.61820800
16.27916700
17.04429200
16.82575000
15.94641600
17.27491700
16.30583300
17.18454200
16.47041700
16.66237500
16.75087500
16.78904100
16.75312500
16.10416700
17.11670800
16.56429200
16.44262500
16.98200000
16.81583300
16.98475000
16.42912500
16.54787500
16.75108400
16.71175000
16.60762500
16.80133300
16.61075000
16.21787500
17.19550000
16.63495800
16.30962500
16.59025000
16.82470900
16.44762500
17.19904100
16.71979200
16.29575000
16.68587500
17.11508300
16.55379200
16.69304200
16.65012500
16.68545800
16.89720800
16.09558400
17.21629100
16.19033400
16.68362500
16.62416600
17.30912500
16.54370900
16.70066600
16.79458400
16.60695800
16.66062500
16.20895800
17.15279200
16.80075000
16.67204200
16.52854100
16.71666700
16.62333300
16.76308400
16.62154100
16.36908400
17.24487500
16.47566600
16.55495900
16.62475000
16.90129100
16.61712500
16.68133400
16.96395800
16.03054200
16.65337500
16.85575000
16.49395800
16.71545800
17.09666700
16.77158300
18.54995900
14.78204100
17.07633400
16.68945800
16.39745800
16.93383400
16.46779100
16.73479200
16.80887500
16.31016700
16.72100000
16.62175000
16.64816600
16.71083400
16.75204100
16.70420900
16.62762500
16.76895800
16.66750000
16.68770800
16.61920900
16.73875000
16.61762500
15.99870800
17.37837500
16.21104200
17.14162500
16.81362500
16.35275000
16.60162500
17.05475000
16.63950000
16.56520800
16.28437500
17.39875000
16.43033300
16.74300000
16.72483400
16.61804100
16.66920900
16.70370800
16.74420800
15.91170900
17.53433300
16.08929200
17.15820800
16.64558300
16.74687500
16.56650000
16.93904200
16.31062500
16.81666700
16.72316600
16.71941700
16.35666700
16.51154100
17.11666700
16.83345800
16.38087500
16.50000000
16.79291700
16.92304200
16.76412500
16.56337500
16.43483300
16.90470800
16.64383400
16.27750000
17.19566600
16.68295900
16.04825000
17.27320800
16.65650000
16.66887500
16.23954200
17.10762500
16.90337500
16.06616600
17.29612500
16.02970900
16.92391600
17.06300000
16.62195900
16.14033300
17.32008300
16.39966700
16.76458300
16.94866700
16.31954200
16.99816600
16.44762500
16.93345900
16.67162500
16.54333300
16.25500000
16.64866700
17.37241600
16.36579200
18.12379200
15.36570800
17.00525000
16.66187500
16.19325000
18.62729200
14.95945800
16.68241700
16.63175000
17.10541600
16.88070900
16.15145800
16.92441700
16.62191600
17.73712500
15.70058400
16.02875000
17.03887500
16.60116600
17.18700000
17.45787500
15.30391700
17.08579200
16.61475000
17.19304100
17.76679200
14.64662500
17.24720800
16.66725000
16.55116700
16.04037500
17.26195800
16.05908400
17.24133300
16.65283300
16.31408400
17.23362500
16.66129100
16.30350000
17.02691700
16.75341700
16.69862500
16.44795800
16.63779200
16.77541600
16.83004200
16.63558300
16.17195900
17.06304100
16.88133400
16.07591600
18.13900000
15.30712500
16.98254200
16.99970800
16.52904200
16.58354200
16.79187500
16.05229100
16.69441700
17.20245800
16.64020900
16.80429100
16.68454200
16.63395800
16.14770900
17.24779100
16.71300000
15.87995900
17.57637500
16.43158300
16.26016700
17.25316600
16.50095900
16.48708300
16.93500000
16.68504200
16.27145800
17.05633300
16.84245900
16.69325000
16.62845800
16.67295800
16.47662500
16.57775000
16.92995900
16.90508300
16.55425000
16.42283300
16.41270900
17.19700000
16.57341600
16.83112500
16.46875000
16.87045900
16.54520800
16.74800000
16.27091700
17.16158300
16.60587500
16.70191700
16.78233300
16.58841700
16.63295800
16.27875000
17.02487500
16.89787500
16.59995800
16.51770900
16.61525000
17.06625000
16.44633300
16.87470800
16.69658400
16.56075000
16.74870800
16.63958300
16.72425000
16.68525000
16.73116700
16.57608300
16.69212500
16.81250000
16.59137500
16.66050000
16.96554200
16.34108300
16.64800000
16.96229200
16.37054200
17.07545800
16.62479200
16.24970800
16.68250000
16.54037500
17.14845800
16.66720900
15.92845800
17.22195800
16.93166700
16.04775000
17.32162500
16.53858300
16.69012500
16.67341700
16.71875000
16.68566700
16.68262500
16.58908300
16.36600000
16.92554200
16.81225000
16.66504100
16.77091700
16.68695800
16.47866700
16.86783300
16.67362500
16.65508400
16.69204100
16.75875000
16.06783400
17.17625000
16.65566600
16.82833400
16.51637500
16.82637500
16.65762500
16.29437500
16.76300000
16.91670800
16.55833300
16.92070900
16.55412500
16.79916600
16.60354200
16.66108300
16.74829200
16.54950000
16.37083300
16.53145900
17.06016600
16.88975000
16.74191700
16.53362500
16.57183300
16.71858400
16.84041600
16.68979200
16.76283300
16.48062500
16.81820900
16.75170800
16.58479200
16.66854100
16.71529200
16.68920800
15.98512500
17.49858400
16.41966600
16.86716700
16.63495800
16.57129200
16.59475000
17.05937500
16.36220800
16.93795900
16.72958300
16.36216700
16.87958300
16.81062500
16.11554200
16.98891600
16.93954200
16.50745800
16.79675000
16.72112500
16.60608400
16.57170800
16.58887500
16.73483300
16.70612500
16.76375000
16.69550000
16.60408400
16.71062500
16.69112500
16.77762500
16.58287500
16.72004100
16.60670900
16.45579100
16.80029200
16.74270800
16.81687500
16.61091700
16.77654200
16.68475000
16.66462500
16.70129100
16.16033400
17.22125000
16.68558300
16.54420800
16.83137500
16.20679200
17.18558300
16.35554200
16.74000000
16.49800000
16.54591700
17.22275000
16.34970800
17.01816700
16.25458300
17.05604200
16.69866600
16.68266700
16.12820800
17.28312500
16.09679200
17.32687500
16.65250000
16.26983300
17.18154200
15.98716700
16.70583300
17.20583300
16.78045900
16.55783300
16.21575000
16.63041700
16.68904100
16.66029200
17.33979200
16.25866600
17.20508400
16.71841600
16.55266700
16.72670800
16.72312500
16.67283400
16.51162500
16.68070800
16.55300000
16.81745800
16.80850000
16.63354200
16.57900000
16.77070800
16.80508400
16.63237500
16.69525000
16.07608300
17.23500000
16.72608300
16.58025000
16.83258400
16.63350000
16.61679100
16.65025000
16.75125000
16.04837500
17.31150000
19.58383400
19.89479100
11.73745900
15.55045800
16.55595800
16.62883400
17.23375000
15.73837500
16.77287500
59.32358300
21.49279200
10.07470800
15.50054200
11.48404100
7.62425000
14.18866700
16.55933300
16.65741700
16.64983300
16.70275000
16.62483400
16.71229100
16.66141700
16.64304200
16.67079100
16.65250000
16.66850000
16.67133400
16.69729100
16.65425000
16.82412500
16.45162500
16.74095900
16.65370800
16.66770800
16.67241700
16.65195800
16.98558400
16.54766600
16.70554200
16.69920800
16.56287500
17.52312500
15.82604200
16.64875000
16.79075000
16.66095800
16.37483400
16.68650000
16.64854100
16.65929200
16.68225000
16.63066700
16.67612500
16.73004100
16.69333400
16.65129100
16.68725000
16.65095900
16.68108300
16.61591700
16.66595800
16.65562500
16.64887500
16.71637500
16.64495800
16.65766700
16.47954200
16.84762500
16.62570800
16.70370800
16.66933400
16.66504100
16.73175000
16.72191700
16.67395800
16.58512500
16.67875000
16.74062500
16.59900000
16.65645900
16.66020800
16.66600000
16.63304200
16.64908300
16.68516700
16.62291600
16.65145900
16.74200000
16.64391600
16.69241700
16.64720800
16.68320900
16.62379100
16.74750000
16.61329200
16.69900000
16.63495800
16.74608400
16.57783300
16.70400000
16.61925000
16.63200000
16.73570800
16.65962500
16.74387500
16.62058400
16.64016600
16.67658400
16.74762500
16.61666600
16.66033400
16.68941600
16.63545900
16.65154100
16.60937500
16.71358400
16.65400000
16.73375000
16.68062500
16.55266600
16.86404200
16.51620800
16.74820900
16.57341600
16.62858400
16.68479100
16.66995900
16.75533300
16.59275000
16.74491700
16.59566600
16.62487500
16.66991700
16.89308300
16.43875000
16.77545900
16.64966600
16.60783400
16.68879100
16.66325000
16.71366700
16.59791700
16.63516600
16.73583400
16.67870800
16.67541700
16.65183300
16.62545800
16.60858400
16.77125000
16.66845800
16.75029200
16.49116600
16.68204200
16.73979200
16.67816600
16.62616700
16.65545800
16.64395900
16.66733300
16.88783300
16.41608400
16.75562500
16.46341600
16.87483400
16.64695800
16.67729200
16.64637500
16.71012500
16.60737500
16.63075000
16.70883300
16.65470800
16.87837500
16.40875000
16.71766700
16.68708300
16.68258400
16.65758300
16.59970800
16.67008400
16.68733300
16.75254200
16.54179100
16.66075000
16.71533400
16.66008300
16.63970800
16.68679200
16.65566700
16.67870800
16.83762500
16.47670800
16.58283400
16.79820800
16.78270800
16.61095900
16.68766600
16.75495900
16.57979100
16.60908400
16.71195800
17.03145800
16.42529200
16.48645800
16.71854200
16.81337500
16.66945800
16.42195900
16.91620800
16.49270800
16.68470900
16.66450000
16.73266600
16.66658400
16.70883300
16.65795800
16.74091700
17.27004200
16.08775000
16.55525000
16.65237500
16.79354100
17.29975000
15.86291700
16.66708300
17.01287500
16.39920900
17.52820800
15.85062500
16.41929200
16.89112500
16.63870800
16.36725000
16.82700000
16.66212500
16.69212500
16.54983300
16.78116700
16.49116700
16.66933300
16.75341700
16.76845800
16.51595800
16.76845900
16.66254100
16.70491700
16.74408300
16.72287500
16.46720900
16.88033300
16.46208300
16.62862500
16.74583400
16.72570800
16.48879200
16.60433300
26.89791700
9.79295800
13.31379200
17.53291600
15.98341700
16.62112500
16.49354200
16.85675000
16.57495800
16.76170800
16.58362500
16.70841700
16.63716700
16.77287500
16.61545800
16.51975000
16.64829200
16.82729100
16.60816700
16.68091700
16.68850000
16.65245800
16.73858300
16.60445900
16.68683300
16.69579200
16.67745800
16.60695800
16.67683400
16.66745800
16.69558300
16.75204200
16.61770800
16.66987500
16.49429200
16.76387500
16.61504200
16.74891600
16.58479200
16.77900000
16.47891700
17.07104100
16.42125000
16.68233400
16.70387500
16.59758300
16.73520800
16.59695900
16.66012500
16.79404100
16.68545900
16.41408300
16.87691700
16.56820800
16.71850000
16.69875000
16.62175000
16.64195800
16.63625000
16.72491700
16.62925000
16.69345800
16.64479200
16.72004200
16.66654100
16.60329200
16.61112500
16.68158300
16.75312500
16.85787500
16.50079200
16.70008300
16.62579200
16.73370800
16.59812500
16.68041700
16.55654200
16.83012500
16.58704100
16.70120900
16.67666600
16.66358400
16.62441600
16.66308400
16.61629100
16.74283400
16.55175000
16.72229100
16.63441700
16.64837500
16.74950000
16.59229200
16.66266600
16.65375000
16.70054200
16.75358300
16.57275000
16.70054200
16.76133300
16.45766700
16.69391700
16.74233300
16.69620800
16.62966700
16.66170800
16.79337500
16.51679200
16.68020800
16.69650000
16.64433400
16.63741600
16.66620900
16.70929100
16.67191700
16.64150000
16.65683300
16.66470900
16.65537500
16.75150000
16.60433300
16.65891700
16.67841600
16.67675000
16.65450000
16.63379200
16.70633300
16.65920900
16.64370800
16.75016700
16.60975000
16.64108300
16.66750000
16.66570800
16.65350000
16.67458400
16.67195800
16.66216700
16.63787500
16.70987500
16.72612500
16.63133300
16.66075000
16.76458300
16.55525000
16.72400000
16.62350000
16.64787500
16.65975000
16.69066700
16.64266700
16.62362500
16.73716600
16.63475000
16.71987500
16.63762500
16.80158400
16.46375000
16.72745800
16.67125000
16.64204200
16.71529100
16.78500000
16.54683400
16.64616600
16.78025000
16.56504200
16.66908300
16.66941700
16.61720800
16.67608400
16.70454100
16.65525000
16.67966700
16.67529200
16.69820800
16.63887500
16.66687500
16.60850000
16.68604200
16.63750000
16.67187500
16.71100000
16.65704100
16.69687500
16.60554200
16.66037500
16.66366700
16.84908300
16.49566700
16.71075000
16.67270800
16.60591700
16.71345800
16.60816700
16.73220800
16.64054200
16.78258300
16.53695800
16.65537500
16.65762500
16.75350000
16.57075000
16.72037500
16.65533400
16.70058300
16.62962500
16.67979200
16.65062500
16.65904100
16.66116700
16.72425000
16.62879200
16.69220800
16.61270800
16.64770900
16.72050000
16.67487500
16.65883300
16.69562500
16.63662500
16.67691700
16.85066600
16.45725000
16.67929200
16.66891700
16.69020800
16.61041700
16.64187500
16.72112500
16.64679100
16.67645900
16.68525000
16.65345800
16.74433300
16.56087500
16.76050000
16.64108400
16.71775000
16.61300000
16.71050000
16.54929100
16.68225000
16.74729200
16.61345800
16.67133400
16.82854100
16.47804200
16.71600000
16.63270800
16.64420900
16.73962500
16.62375000
16.66470800
16.62695800
16.74079200
16.62191700
16.64516600
16.69012500
16.66266700
16.64945800
16.66958400
16.70566600
16.70562500
16.61679200
16.69512500
16.69387500
16.51991700
16.83529100
16.62025000
16.66045900
16.64270800
16.65408300
16.65612500
16.79208400
16.53395800
16.65691700
16.66604100
16.72929200
16.63837500
16.71245800
16.66829200
16.82933300
16.44820900
16.67770800
16.64266700
16.70570800
16.66850000
16.60033300
16.66604200
16.74091700
16.63029100
16.74495900
16.51262500
16.82625000
16.57804100
16.67945900
16.67404100
16.68241700
16.64900000
16.70912500
16.68979200
16.56891600
16.71970900
16.63025000
16.70004100
16.62858400
16.68575000
16.63750000
16.71266600
16.64491700
16.70695800
16.61937500
16.66708400
16.63600000
16.75862500
16.52379100
16.76658400
16.72129100
16.56208400
16.69479100
16.64295900
16.67987500
16.71404100
16.64183400
16.71337500
16.56912500
16.83387500
16.56495800
16.70345800
16.59525000
16.68200000
16.69016700
16.55687500
16.79483300
16.61537500
16.68833400
16.67208300
16.69350000
16.63395800
16.72937500
16.63633400
16.66787500
16.61229100
16.73100000
16.62766700
16.65641700
16.66233300
16.65200000
16.87483300
16.42954200
16.70679200
16.64450000
16.60837500
16.83237500
16.60804100
16.64995900
16.64950000
16.67183300
16.65729200
16.67629100
16.63000000
16.68491700
16.63412500
16.79445800
16.68600000
16.57316700
16.66637500
16.64458300
16.64162500
16.76458400
16.61462500
16.69912500
16.59041600
16.68375000
16.73320900
16.60154100
16.74816700
16.62900000
16.64604200
16.70570800
16.72312500
16.61483300
16.64954200
16.62495800
16.74412500
16.68637500
16.55754200
16.67675000
16.66837500
16.74183300
16.59554200
16.72329200
16.60816600
16.67079200
16.73791700
16.57400000
16.75029100
16.62087500
16.65800000
16.63775000
16.67562500
16.85000000
16.53070900
16.64150000
16.66241600
16.72158400
16.57662500
16.84733300
16.49958300
16.68266700
16.68291700
16.64466600
16.75920900
16.70691600
16.52120900
17.77658300
15.70754200
16.65700000
16.68820800
16.75604200
17.72587500
15.60991600
16.65504200
16.73100000
16.57820800
16.57558400
16.59837500
16.60283300
16.79729200
16.52408300
16.72837500
16.63475000
16.74666700
16.54933300
16.67250000
16.69004200
16.67141600
16.73141700
16.63970800
16.63333400
16.66529100
16.75958400
16.60700000
16.65204100
16.63841700
16.71841700
16.74200000
16.58075000
16.58108300
16.77895800
16.64450000
16.51083400
16.72429100
16.63716700
16.82258300
16.52895900
16.73166600
16.71208400
16.73829100
16.56445900
16.81845800
16.90079200
16.47341600
16.61066700
16.62845800
16.67454200
16.61062500
16.74950000
16.79891700
16.34258300
17.63237500
15.70425000
16.73266700
16.65483300
16.65270800
16.79066700
16.53433300
16.70950000
16.65541700
16.54570800
16.80037500
16.61770900
16.65958300
16.72041700
16.63033300
16.66404200
16.66050000
16.65991600
16.77533400
16.55716600
16.69870900
16.69116600
16.66737500
16.65808400
16.71441600
16.63787500
16.60920900
16.76854100
16.57150000
16.68887500
16.64445900
16.71795800
16.60691700
16.63120800
16.77879200
16.58183300
16.67200000
16.70808300
16.70641700
16.56450000
16.67000000
16.74216700
16.61308300
16.71233300
16.64437500
16.80383400
16.46816600
16.65362500
16.74683400
18.12708300
15.22612500
16.98445800
16.36862500
16.66320900
16.62170800
16.61462500
16.76050000
16.59620800
16.62770900
16.72204100
16.63433400
16.69504100
16.80737500
16.57562500
16.67420900
16.61333300
16.70591700
16.70583300
16.62570800
16.60995900
16.73066600
16.84633400
16.42170800
16.75466700
16.58241600
16.68354200
16.65875000
16.66729200
16.69379100
16.66112500
16.70433400
16.63320800
16.65279200
16.52779100
16.88608400
16.65012500
16.68912500
16.60904100
16.65583400
16.71341600
16.60445900
16.66520800
16.67741700
16.68308300
16.65900000
16.75512500
16.58204200
16.46508300
16.86908300
16.59416700
16.67912500
16.68675000
16.78591700
16.53758300
16.70366700
16.62341600
16.65300000
16.79800000
16.55820900
16.66166600
16.72404200
16.73950000
16.57808300
16.70720900
16.67458300
16.67958300
16.63970900
16.58695800
16.69550000
16.63629200
16.71725000
16.63987500
16.70341600
16.60645900
16.66504100
16.64775000
16.70287500
16.71070900
16.61266600
16.69233400
16.71379100
16.61270900
16.61429100
16.72987500
16.62958400
16.66425000
16.68033300
16.64779200
16.91200000
16.46983300
16.68500000
16.59750000
16.68950000
16.63683300
16.69441700
16.71358300
16.63175000
16.67220900
16.61637500
16.73612500
16.70216600
16.60362500
16.71408400
16.60104100
16.73791700
16.59116700
16.71033300
16.66925000
16.62954200
16.65520800
16.84733300
16.49016700
16.66479200
16.68741600
16.69558400
16.61108300
16.68629200
16.66716600
16.66750000
16.67208400
16.72100000
16.68170800
16.60333300
16.72350000
16.58779200
16.64487500
16.69675000
16.66875000
16.69491700
16.62658300
16.68329200
16.71454100
16.65825000
16.64850000
16.63220900
16.62183300
16.74633300
16.63095900
16.83229100
16.58750000
16.67029200
16.79095800
16.73483400
16.53545800
16.69733300
16.54441700
16.63966700
16.65412500
16.66083300
16.71725000
16.71770800
16.64454200
16.56200000
16.62025000
16.67675000
16.79283300
16.61854200
16.62816700
16.64816600
16.66816700
16.68691700
16.68966600
16.63791700
16.71133300
16.65395900
16.66283300
16.62833300
16.73454200
16.63762500
16.69512500
16.65933300
16.64083400
16.67400000
16.68625000
16.66345800
16.60620800
16.75987500
16.65712500
16.58162500
16.67783400
16.70170800
16.76408300
16.53670900
16.70129100
16.60633400
16.66004100
16.90616700
16.45500000
16.67337500
16.65737500
16.68208300
16.64754200
16.68562500
16.66495800
16.61570900
16.86037500
16.52212500
16.63320800
16.70358300
16.63612500
16.72370900
16.69154100
16.68175000
16.64691700
16.58312500
16.71150000
16.62612500
16.65179200
16.72145800
16.60816700
16.72275000
16.74991600
16.61937500
16.62508400
16.68858300
16.63970800
16.65075000
16.65895900
16.66720800
16.69554200
16.65066600
16.69604200
16.72995800
16.50466700
16.81525000
16.60925000
16.62312500
16.70266700
16.71220800
16.57754200
16.71754100
16.70204200
16.61283300
16.69629200
16.66629200
16.69070800
16.60091700
16.79770800
16.54541700
16.67479100
16.66208400
16.64558300
16.73379200
16.59729100
16.68958400
16.66970800
16.67233300
16.75462500
16.53675000
16.67925000
16.63862500
16.71970900
16.65779100
16.64737500
16.90854200
16.40670800
16.69633400
16.65550000
16.68620800
16.69279200
16.62962500
16.65675000
16.66870800
16.69754200
16.64166600
16.76429200
16.55820800
16.83479200
16.58958300
16.67212500
16.63470900
16.76687500
16.45337500
16.77475000
16.61745800
16.75175000
16.58708300
16.67225000
16.65320900
16.67950000
16.70687500
16.64333300
16.67087500
16.63829200
16.70987500
16.61187500
16.67487500
16.78845800
16.59025000
16.66212500
16.70283300
16.68408400
16.66416600
16.74604200
16.59691700
16.62341600
16.65775000
16.69208400
16.59208300
16.65262500
16.72195800
16.75458400
16.55366600
16.67025000
16.66325000
16.72816700
16.65545800
16.62175000
16.65245900
16.65604100
16.66908400
16.70170800
16.67858300
16.70362500
16.57200000
16.70308400
16.62962500
16.66062500
16.69416600
16.59633400
16.74962500
16.67775000
16.60458300
16.77470800
16.59575000
16.88625000
16.43870900
16.66554100
16.70141700
16.61629200
16.74637500
16.66204100
16.61316700
16.65391700
16.74212500
16.60391600
16.64970900
16.68879100
16.63525000
16.66387500
16.70970900
16.66383300
16.63233300
16.69216700
16.66591700
16.74295800
16.57691700
16.71841600
16.63066700
16.67125000
16.66079200
16.66083300
16.71708300
16.62929200
16.67320800
16.62595900
16.71329100
16.64300000
16.64125000
16.67516700
16.71745800
16.79529200
16.52195800
16.64745900
16.71241600
16.63037500
16.65433400
16.71704100
16.61354200
16.67650000
16.68195800
16.65712500
16.68154200
16.63275000
16.65716700
16.73004100
16.63287500
16.66695900
16.67145800
16.64545800
16.72104200
16.65983300
16.61808400
16.74862500
16.61941600
16.66016700
16.63104200
16.70116600
16.74725000
16.55995900
16.70587500
16.64458300
16.65266700
16.63437500
16.70679100
16.64008400
16.67695800
16.67083300
16.68654200
16.63670800
16.70450000
16.68941700
16.59870800
16.67437500
16.69525000
16.63462500
16.72437500
16.67145900
16.65683300
16.61870800
16.88950000
16.44262500
16.68562500
16.69362500
16.65108400
16.66266600
16.63741700
16.80541700
16.59333300
16.65691700
16.70191600
16.82345900
16.48825000
16.64158300
16.63183300
16.70370900
16.62133300
16.72395800
16.63233400
16.68033300
16.62437500
16.61379200
16.79166600
16.61141700
16.67145800
16.70362500
16.66275000
16.96825000
16.40858400
16.68112500
16.65183300
16.74391700
16.56762500
16.65254100
16.70479200
16.66091700
16.64470800
16.72179200
16.64066600
16.64883400
16.67054100
16.82408400
16.57287500
16.66054100
16.61729200
16.70925000
16.59008300
16.64408400
16.67295800
16.64370800
16.69295900
16.65791600
16.65620900
16.62775000
16.73341600
16.62058400
16.79429100
16.58800000
16.73762500
16.57133400
16.69162500
16.64533300
16.64558300
16.66529200
16.67104200
16.64383300
16.73591700
16.69862500
16.59058300
16.69625000
16.65587500
16.72087500
16.63591700
16.68633300
16.66050000
16.61858300
16.65158400
16.71166600
16.61750000
16.72100000
16.70787500
16.65104200
16.67120800
16.65845900
16.67354100
16.64945900
16.88616600
16.43470900
16.68091600
16.68495900
16.65100000
16.69912500
16.60795800
16.71341700
16.67450000
16.68712500
16.54904100
16.67833400
16.65454100
16.68008400
16.69808300
16.71479200
16.57575000
16.65179100
16.64587500
16.75833400
16.62566600
16.66216700
16.66850000
16.66241700
16.64629100
16.75012500
16.60195900
16.64508300
16.65712500
16.71145800
16.63716700
16.70304200
16.65495800
16.64766700
16.64833300
16.72550000
16.65358300
16.65100000
16.66554200
16.63879200
16.66554100
16.74229200
16.64804200
16.64391600
16.74320900
16.54725000
16.72062500
16.65183300
16.67704200
16.62962500
16.66841600
16.71529200
16.68887500
16.62183300
16.63975000
16.70279200
16.64912500
16.81708300
16.56970900
16.60266600
16.65733400
16.68191600
16.66541700
16.68495800
16.66245900
16.65187500
16.69933300
16.67287500
16.65150000
16.63687500
16.66545800
16.69808400
16.66054100
16.64816700
16.70933300
16.67491700
16.61716700
16.70708300
16.60050000
16.67895800
16.66666700
16.75333300
16.58362500
16.81137500
16.52512500
16.81666700
16.65654200
16.67275000
16.59116600
16.76600000
16.68633400
16.54166600
16.86258400
16.34991600
16.75675000
16.71562500
16.84004200
16.78091700
16.77504100
16.54229200
16.43383300
16.67066700
16.85812500
16.66779200
16.75791600
16.36850000
17.03000000
16.25504200
16.66550000
17.03204200
16.68608300
16.79966700
16.59870800
16.75229200
16.27833300
17.23587500
16.51620800
16.64541700
16.20725000
17.08350000
16.79162500
16.70087500
16.15316700
17.16670800
16.71004200
16.67404100
16.63920900
16.80345800
16.43787500
16.67050000
17.02379200
16.59333300
16.50783300
17.90937500
15.25662500
17.02237500
16.65700000
16.68733400
16.32016600
16.53570900
16.95391600
16.91216700
16.83404200
16.59200000
16.64229100
16.71250000
16.68262500
16.65016700
16.75120800
16.28737500
16.77179200
17.08658300
16.53712500
16.56416700
16.77620800
16.63400000
16.68145900
16.79054100
16.58270900
16.72237500
16.69150000
16.63950000
16.68470800
16.32175000
17.07625000
16.70858300
16.70741700
16.22070800
17.18191700
16.71945800
16.56912500
16.79250000
16.63729200
16.40725000
16.85870800
16.86137500
16.25225000
17.22291700
16.45645800
16.40779200
16.36937500
17.09829200
16.88987500
16.29712500
17.11233300
16.76137500
16.51970800
16.76916700
16.63141700
16.73750000
16.16129100
17.44470900
16.51333300
16.55166700
16.86991600
16.57325000
16.63254200
16.31191700
17.19620800
16.50266700
16.68962500
16.31387500
16.94995800
16.80537500
16.67245800
16.66795900
16.21450000
16.77083300
16.99816700
16.95683300
16.63904200
16.46379100
16.63600000
16.58183400
17.00775000
16.17150000
16.87500000
16.89475000
16.61216600
16.66095900
16.69437500
16.69220800
16.62670800
16.41866700
16.98800000
16.81729200
16.17091600
17.26620900
16.12520800
17.22137500
16.57683300
16.73062500
16.68191700
16.49529200
16.82370800
16.70162500
16.31316700
16.83958300
16.66795800
16.90612500
16.72512500
16.63933400
16.70845800
16.62675000
16.74266700
16.17545800
16.92008300
16.86816700
16.77708300
16.31295900
16.99204100
16.71370900
16.81845800
16.52700000
16.26600000
17.05033300
16.72129200
16.75316700
16.63150000
16.66925000
16.66904100
16.51100000
18.55550000
14.63616700
17.34916700
16.27712500
16.90262500
16.40450000
16.97520800
16.52845800
16.68004200
16.78554200
16.59645800
16.69933300
16.38958400
16.86445800
16.78245800
16.72950000
16.63604200
16.72270800
16.59220900
16.42291600
16.56400000
17.16929200
16.66287500
16.94512500
16.41029200
16.49070800
16.79283300
16.84454200
16.51150000
16.67512500
16.56958300
16.52845900
16.96550000
16.84075000
16.37079100
16.84150000
16.86312500
16.62920900
16.45962500
16.91358300
16.55612500
16.83112500
16.59970800
16.59270900
16.81620800
16.26808300
16.53375000
17.23087500
16.68687500
16.61883400
16.11291600
17.28845900
16.63854100
16.18237500
17.22283400
16.59429100
16.77420900
16.82320800
16.44262500
16.73887500
16.54933300
16.84758400
16.72908300
16.11791700
17.16195800
16.75287500
16.23162500
17.21929200
16.51741600
16.81170900
16.55220800
16.78354200
16.73783300
16.56862500
16.28325000
16.82112500
16.67066700
16.58158300
16.80800000
16.99937500
16.61341700
16.79004100
16.40141700
16.61433300
17.01025000
16.67383400
16.16995800
17.04270800
16.58612500
16.49154200
17.15904200
16.50100000
16.62495800
16.34704200
17.16345800
16.22962500
17.29550000
16.46787500
16.86775000
16.46566700
16.81904100
16.74562500
16.60245900
16.42700000
16.76158300
16.98091700
16.18900000
16.84091600
16.95533400
16.65562500
17.04950000
16.21170800
17.02895800
16.47937500
16.65279200
16.26791700
17.19916600
16.57945900
16.69154100
16.71979200
16.60487500
16.76804200
16.67858300
16.51770800
16.37150000
17.20508400
16.58720800
16.72212500
16.42487500
16.91675000
16.26054200
17.26512500
16.55733300
16.57829200
16.59854100
16.84066700
16.72454200
16.81100000
15.87558300
17.34608300
16.60987500
16.77037500
16.78691700
16.20566700
17.12600000
16.22533300
16.56158300
17.14083400
16.87037500
16.63845800
16.63237500
16.59587500
16.74654200
16.56800000
16.93737500
16.12587500
17.14412500
16.59112500
16.80050000
16.47504100
16.69466700
16.97029200
16.33491600
16.85308400
16.13337500
16.78529100
17.33383400
16.45404100
16.72370900
16.27425000
16.96487500
16.87320800
16.66454200
16.57479100
16.71487500
16.66158400
16.66691600
16.68183400
16.80670800
16.66458300
16.66145900
16.80358300
16.49295800
16.75429200
16.70612500
16.72879200
16.47712500
16.43150000
17.03662500
16.29508300
17.20966700
16.32020800
16.81812500
16.90025000
16.64025000
16.14504200
16.85554100
17.13216700
16.36895800
16.53291700
17.13758300
16.52887500
16.78604200
16.80070800
16.51208400
16.73545800
16.65000000
16.52516700
16.67941600
16.35050000
17.29166700
16.36770800
16.75387500
16.81820900
16.44254100
16.82166700
16.78958300
16.51570900
16.86512500
16.64200000
16.35162500
16.81658300
16.98508300
16.57566700
16.62962500
16.84233300
16.56945900
16.69404100
16.20245900
17.21754100
16.59250000
16.25487500
16.98104200
16.30000000
17.32233300
16.31141700
16.83450000
16.65925000
16.63358300
16.46166700
16.82291700
16.89550000
16.02829100
17.36320900
16.65725000
16.57587500
16.77400000
16.65204100
16.73887500
16.15158400
17.18370800
16.27345800
16.60520900
17.13175000
16.57104100
16.34158400
17.13695800
16.28712500
17.15966700
16.61975000
16.66229100
16.51320900
16.45779100
17.15012500
16.42970900
16.96462500
16.58033300
16.51904200
16.84941600
16.94425000
16.39608400
16.67145800
16.29950000
17.18608300
16.50600000
16.83479200
16.59545800
16.50691700
17.00912500
16.52625000
16.58725000
16.67308300
16.69729200
16.70700000
16.64425000
16.75533300
16.71108400
16.73495800
16.58850000
16.78533300
16.56879200
16.20354200
16.94483300
17.14516700
16.43333300
16.79233300
16.70687500
16.55475000
16.54550000
16.97366700
16.78625000
16.56133300
16.32062500
16.58291700
17.24937500
16.54970800
16.62612500
16.66250000
16.61570900
16.83812500
16.74137500
16.63354100
16.68354200
16.62166700
16.76612500
16.65450000
16.79508300
16.51900000
16.28187500
16.91591700
16.94575000
16.48962500
16.99858300
16.64400000
16.60354200
16.71504100
16.23220900
17.23095800
16.09691700
16.93845800
16.65658300
16.76350000
16.65550000
16.96520900
16.58600000
16.63112500
16.56570800
16.63058300
16.46625000
17.22762500
16.56062500
16.60425000
16.77950000
16.64754200
16.59233300
16.67562500
16.72233400
16.50854100
16.70287500
17.03712500
16.27483400
16.80425000
16.82920800
16.63779200
16.78841600
16.58091700
16.76195800
16.65550000
16.70933400
16.64662500
16.67520800
16.53816700
16.38820800
17.34575000
16.47954200
16.56058300
16.91362500
16.51133300
16.81741700
16.58245800
16.67162500
16.90366700
16.37320800
16.49833400
17.23804100
16.31558400
16.79954100
16.64675000
16.54850000
16.41604200
16.79758300
16.94958400
16.64695800
16.80679200
16.63695800
16.51591700
16.60233300
16.93404200
16.65050000
16.63700000
16.51245800
16.91616700
16.62420800
16.60029200
16.44204100
17.38375000
16.51141700
16.65754200
16.68683300
16.80733300
16.49291700
16.62266700
16.93183300
16.43383300
16.69425000
16.93116700
16.32833300
16.86862500
16.15066700
17.07829200
16.49570800
16.70800000
16.67162500
16.69354200
16.59404100
16.86579200
16.74695800
16.64262500
16.69283400
16.82037500
16.58341600
16.63679200
16.86304200
16.39904100
16.93612500
16.71150000
16.26000000
16.99504200
16.69875000
16.49804200
16.64279100
16.92204200
16.34604200
16.96054100
16.73883400
16.64779100
16.66862500
16.69645900
16.61158300
16.54158300
16.61091700
16.62520800
16.97825000
16.46670900
16.94541600
16.71120900
16.42829100
16.58462500
17.04041700
16.26879200
17.07983300
16.49112500
16.35358300
16.79379200
16.74766700
16.60033300
16.75762500
16.70070800
16.64658400
16.73600000
17.21125000
16.51687500
16.69170800
16.74641700
16.15791600
16.61004200
16.66475000
16.74554200
17.31179100
16.57741700
16.62662500
16.13216700
16.69600000
17.20841600
16.69620900
16.77904100
16.54470900
16.78000000
16.63850000
16.78504100
16.63262500
16.60033400
16.66662500
16.88087500
16.17412500
16.75141600
16.95258400
16.78929100
16.73650000
16.45325000
16.85616700
16.53804200
16.40300000
17.07420800
16.42937500
16.84575000
16.59750000
16.44241700
17.25616600
16.49470900
16.68483300
16.29775000
17.29316700
16.30829100
16.42970900
17.30462500
16.20379100
17.05333400
16.58362500
16.62816600
16.80712500
16.41383400
16.91683300
16.63516700
16.64566600
16.71541700
16.35162500
16.68125000
17.11908300
16.51479200
16.34737500
17.23395800
16.52625000
16.64716700
16.36670800
16.77241700
16.84316700
16.83720800
16.61887500
16.30470800
16.84741700
16.50954200
17.00295800
16.78075000
16.59579200
16.73925000
16.72512500
16.48400000
16.72375000
16.88204100
16.36866700
16.76041700
16.80379100
16.84520900
16.51479100
16.71150000
16.44250000
16.95541700
16.31450000
17.20662500
16.17979200
17.01304100
16.73154200
16.58979200
16.70716600
16.77995900
16.59391600
16.63641700
16.73020800
16.74625000
16.57479200
16.64475000
16.72262500
16.67720800
16.73300000
16.26183400
17.14258300
16.46470800
16.58729200
16.56495800
16.94437500
16.62579200
16.51270800
16.54170900
16.84283300
17.13920800
16.42179200
16.61166700
16.94379100
16.43675000
16.89829200
16.72283300
16.68033400
16.64262500
16.66337500
16.52183300
16.83791700
17.18691600
16.22041700
16.84591700
16.84083300
16.48191700
16.62437500
16.85658300
16.56658300
16.64587500
16.83341700
16.58654200
16.72912500
16.36395800
16.40837500
17.21500000
16.56725000
16.18137500
17.89979200
15.87358300
16.90037500
16.32325000
17.68233300
15.71116700
17.03308300
16.20408400
17.19445800
16.29012500
17.09487500
16.03833300
16.87658400
16.97420800
16.75045800
16.56104200
16.89345800
16.59683400
16.89183300
16.16512500
17.19637500
16.55066700
16.64833300
16.81441700
16.59483300
16.72245800
16.71362500
16.68695900
16.57795800
16.85133300
16.51362500
16.79058400
16.62845800
16.62425000
16.47508300
16.78304200
16.91245800
16.48745900
16.81150000
16.47558300
16.74712500
16.87641700
16.57320800
16.75620800
16.78791700
16.49983300
16.71416700
16.23287500
17.36691700
16.41604100
16.76008400
16.73950000
16.59558300
16.71216700
16.70541600
16.73250000
16.53270900
16.81808300
16.51437500
16.85933300
16.61533400
16.68829100
16.60391700
16.72791700
16.80316600
16.32008400
17.03808300
16.58525000
16.74570800
16.67037500
16.67129200
16.38729200
16.94100000
16.76870800
16.69220800
16.71679200
15.92912500
16.97908300
17.05350000
16.64204200
16.89437500
16.12629200
17.31191600
16.70850000
16.60929200
16.66083300
16.78712500
16.49866700
16.86445800
16.70658400
16.57683300
16.63704200
16.67725000
16.74220800
16.71362500
16.52204200
16.54775000
16.76795800
16.88575000
16.54700000
16.76900000
16.77404200
16.63433300
16.58325000
16.77395800
16.61325000
16.71145900
16.76216600
16.49320900
16.47550000
16.95795800
16.71750000
16.73104200
16.00745800
17.26445800
16.66420900
16.78420800
16.56550000
16.78179200
16.63491600
17.25775000
15.68900000
16.77166700
17.29350000
16.10845800
17.32395900
16.54204100
16.55050000
16.60929200
16.96041700
16.25254100
16.75229200
16.78345800
16.81479200
16.60141700
16.75045800
16.36637500
16.86112500
16.69591700
16.64150000
16.19775000
16.66670800
16.83750000
16.59291700
16.82641600
16.66804200
16.97833300
16.46995900
16.88537500
16.57208300
16.68070800
16.76787500
16.56854200
16.81887500
16.55283300
16.70695900
16.36058300
16.70154200
17.26504100
16.53233400
16.72079100
16.62716700
16.76600000
16.60995800
16.73383400
16.64054100
16.49883400
16.49291600
17.23225000
16.45066700
16.63358300
16.83537500
16.69129200
16.73500000
16.47920800
16.45591700
16.84395800
16.75500000
16.67079200
16.36304200
17.28370800
16.48400000
16.67970800
16.72329200
16.73029200
16.57945800
16.80858300
16.59941700
16.72458300
16.23920900
17.15845800
16.71741700
16.44466600
16.70170900
17.01216600
16.34483400
16.47487500
17.17529100
16.93800000
15.76687500
17.21350000
16.73100000
16.48658400
16.84212500
16.71054100
16.14937500
16.99958400
16.28033300
17.13687500
16.66658300
16.77108400
16.65225000
16.65929100
16.78054200
16.70408300
16.45566700
16.85241700
16.51554100
16.79900000
16.59783400
16.64508300
16.82387500
16.47883300
16.85537500
16.60745900
16.64795800
16.43787500
17.28104200
16.89808300
15.94845800
17.03100000
16.64870900
16.37975000
17.12620800
16.31937500
16.96120800
16.75679200
16.60391700
16.39866600
16.85179200
16.24058300
16.65341700
16.62258300
17.28512500
16.25045900
17.07400000
16.58720800
16.82050000
16.55445800
16.71900000
16.75770900
16.68800000
16.67758300
16.54216700
16.32429100
17.03425000
16.46854200
17.04262500
17.16008300
15.74629200
17.49129200
16.09104100
16.75537500
16.55716700
16.49191700
17.27658300
16.41266700
16.78170800
16.83708300
16.66604200
16.49287500
16.77275000
16.71116700
16.70562500
16.73354100
16.55333400
16.73829100
16.76454200
16.71025000
16.66495800
16.71620900
16.65583300
16.63345800
16.74700000
16.55029200
16.80712500
16.65029200
16.66262500
16.73679100
16.71104200
16.19041700
17.28891600
16.57579200
16.64166700
16.66895800
16.20275000
17.20066700
16.76441600
16.49962500
17.08454200
16.40316700
16.30479100
17.03758400
16.71616600
16.74658400
16.44787500
16.55825000
16.98133300
16.61158300
16.72058400
16.68241600
16.53108400
16.75662500
16.72845800
16.61833300
16.70229200
16.69420800
16.60325000
16.92087500
16.51945900
16.84016600
16.11520900
17.06208300
16.75258300
16.18362500
17.27016700
16.51383300
16.27816700
16.69925000
17.10050000
16.63758300
16.77362500
16.58987500
16.74312500
16.32066700
16.89679200
16.13554100
17.24970900
16.85229100
16.21116700
16.83829200
18.93283300
14.92550000
16.53758300
16.78887500
16.70850000
17.14854200
16.21495800
16.94754200
16.50058300
16.73420900
16.04562500
17.07991600
16.67279200
16.63554200
16.17095800
17.14987500
16.25687500
17.23708300
16.65837500
16.67837500
16.63254200
16.69258300
16.74716700
16.37604200
16.93320800
16.59158300
16.57612500
16.74025000
16.35933400
17.23150000
16.51037500
16.86729100
16.46425000
16.82112500
16.75950000
16.44354200
16.64254200
16.89137500
16.46912500
16.94483300
16.57187500
16.64908300
16.75591700
16.67750000
16.23195800
17.19625000
16.59166700
16.69604200
16.26575000
16.90933300
16.69870800
16.85429200
16.23612500
17.15529200
16.64720800
16.62083300
16.75645900
16.85329100
16.61529200
16.72287500
16.53387500
16.53037500
17.01600000
16.71612500
16.66979200
16.71441600
16.36137500
16.96429200
16.59041700
16.67183300
16.62533300
16.66212500
16.62233400
16.69441600
16.73795900
16.28545800
16.68291700
17.10487500
16.62308300
16.70087500
16.67312500
16.65100000
16.72562500
16.80512500
16.47195800
16.88012500
16.57104200
16.70383300
16.72508400
16.82120800
16.59316700
16.27325000
17.01008300
16.61125000
16.79508300
16.68083400
16.82137500
16.59070800
16.80195800
16.65816700
16.59400000
16.66925000
16.55616700
16.26962500
17.34141600
16.12154200
16.92450000
16.98662500
16.08858300
17.15379200
16.71566700
16.68937500
16.66308300
16.66412500
16.66179200
16.59516600
16.33445900
17.11945800
16.68658300
16.68641700
16.64933300
16.70308400
16.62883300
16.22779200
17.13875000
16.84904100
16.35658400
16.82191600
16.78716700
16.14712500
16.96333300
17.04037500
16.43295900
16.73991600
16.73470900
16.22125000
16.68675000
16.65770800
17.18754200
16.61608300
16.68287500
16.39725000
17.04287500
16.79925000
16.45766700
16.57987500
16.63608300
16.88929200
16.65383300
16.80441700
16.23400000
17.06841600
16.67683400
16.63191600
16.70337500
16.60400000
16.79041700
16.28612500
17.20229200
16.33333300
16.49262500
16.66737500
17.11375000
16.68995800
16.56375000
16.82300000
16.73658400
16.65808300
16.74666700
16.51929100
16.47887500
17.25258400
16.75466600
16.60237500
16.36116700
16.73616700
18.16904100
15.22808400
16.95100000
16.83612500
16.66525000
16.19604100
17.03429200
16.22845800
16.53712500
17.02387500
16.88679200
16.65812500
16.63345800
16.45533400
16.84179100
16.73012500
17.06954200
16.76304200
16.22320800
16.86795800
16.43270900
16.72645800
16.69712500
17.66050000
15.81550000
16.33441700
17.36183300
16.36370800
16.89633400
16.95566600
16.20637500
16.88075000
16.93291700
16.45233300
16.03987500
16.91791700
16.81166700
16.65316600
16.70662500
17.25537500
16.61895900
15.81029100
17.43200000
16.34541700
16.59441700
16.68445800
16.85212500
16.51920800
16.87612500
16.43545900
16.56775000
17.40362500
16.24150000
16.53445800
16.65945800
16.36225000
17.16004200
16.72933300
16.66258400
17.19625000
15.52637500
17.10641600
16.58825000
16.96362500
16.79437500
16.57133400
16.16062500
17.22570800
16.48691700
16.72212500
16.06566600
17.39362500
16.50750000
16.81041700
15.88816700
17.29575000
16.33320800
17.17350000
16.60166700
16.46829100
17.07345900
16.43458300
16.82845800
16.46479200
16.98833300
16.47195900
16.89620800
16.77487500
16.61583300
16.62233400
16.79295800
16.58641700
15.78329100
17.38345900
16.84733300
16.65912500
16.71741700
16.64033300
16.11916700
17.31100000
16.66883300
16.19495800
17.17770900
16.71708300
16.67329200
16.19387500
17.10254100
16.73625000
16.15362500
17.20475000
16.56462500
16.78158400
16.09229100
17.28833400
16.68133300
16.67304200
16.72816600
16.71558400
16.58925000
16.64920800
16.82275000
16.06612500
17.09583300
16.77425000
16.99145900
16.54070800
16.67625000
16.65516700
15.93404100
16.81625000
17.37083400
16.70220800
16.35675000
16.77758300
16.63916700
16.82862500
16.63704200
16.62908300
16.74233300
16.66312500
16.54233400
16.56779100
16.83958400
16.59941600
16.71525000
16.59237500
16.63825000
16.90466700
16.66654200
16.58850000
16.70337500
16.24258300
17.06641700
16.63912500
16.98320800
16.66070800
16.62991700
16.79487500
16.55904200
16.69554100
16.36754200
16.81054200
16.89079100
16.83454200
16.62575000
16.52125000
16.78062500
16.67891700
16.27850000
17.22433300
16.59708300
16.66320900
16.70283300
16.25925000
16.74991700
17.12525000
16.46587500
16.78029100
16.65687500
16.69187500
16.65437500
16.77587500
16.54195900
16.69162500
16.80445800
16.71266700
16.63254100
16.67783400
16.66783300
16.56887500
16.46837500
16.78987500
16.42100000
16.87095800
16.83983400
16.69862500
16.72029100
16.63891700
16.68908300
16.76837500
16.61050000
16.65687500
16.70233400
16.75904100
16.62229200
16.69795800
16.66116700
16.71887500
16.72037500
16.65233300
16.64029200
16.75958300
16.68112500
16.63208400
16.68962500
16.19183300
17.15991700
16.65562500
16.43095800
17.00850000
16.65791700
16.62645800
16.53729200
16.93370800
16.65108300
16.48200000
16.76883400
16.71300000
16.93841600
16.44170900
16.78458300
16.63808300
16.60891700
16.14275000
16.71066700
17.01987500
16.82758300
16.41133300
16.89091700
16.87225000
16.49391700
16.75320800
16.67233300
16.21712500
16.49625000
16.78700000
17.40008400
16.22054100
16.93487500
16.75370900
16.73425000
16.53316600
16.80045900
16.46862500
16.49970800
16.68908300
16.89329200
16.69608300
16.75562500
16.72987500
16.20458400
17.08025000
16.78950000
16.77495800
16.23654200
16.74820800
17.15454200
16.46475000
16.71500000
16.35116600
16.84716700
16.80058300
16.64820900
16.93075000
16.69770800
16.05954200
17.27670800
16.27933300
17.10529200
16.58100000
16.68683300
16.25137500
17.17004200
16.29941700
16.69708300
16.57575000
16.58887500
16.77025000
16.50762500
16.76450000
16.94950000
16.99933300
16.11304200
16.61954200
16.66183300
17.33125000
16.39608300
16.88137500
16.66741700
16.80491700
16.36987500
16.38766600
17.26320900
16.26962500
16.56979100
17.15920900
16.12816600
16.50333400
16.89916600
16.48254200
17.44141700
16.66829100
16.93150000
16.48616700
16.55358300
16.60233400
16.60950000
17.02754100
16.59295900
16.15020800
17.37758300
16.57437500
16.46950000
16.77937500
16.76529200
16.74183300
16.84254200
15.93054200
16.66837500
16.90983300
16.86270800
16.62958400
16.31212500
16.74512500
17.19808300
16.37854200
17.01441600
16.67641700
16.69716700
16.56512500
16.86150000
16.44741600
16.92741700
16.18712500
16.51629200
16.67358300
17.31066700
16.24266600
16.50612500
16.75354200
16.64375000
17.42337500
15.91512500
17.27366700
16.13170800
16.98350000
17.01887500
16.65266700
16.66095800
16.67345800
16.10791700
17.28150000
16.61020800
16.79308400
16.71104100
16.48166700
16.68558300
16.58800000
16.76654200
16.68366700
16.74979100
16.46620900
16.79833300
16.22375000
17.17287500
16.64600000
16.79791700
16.69179100
16.62166700
16.79158300
16.52012500
16.77595900
15.90312500
16.68529100
17.45891700
16.69616700
16.74800000
16.42520800
16.97041700
16.56170800
16.62845800
16.71091700
16.40745800
16.92591700
16.57075000
16.82625000
16.19175000
17.18095800
17.10145900
16.66891600
16.60070900
16.30808300
17.09500000
16.70370800
17.64462500
15.62870900
16.85758300
16.65470800
15.60541700
17.48908300
16.57750000
16.88104200
16.56404200
16.06920800
17.32170800
16.34116700
17.05008300
16.60941700
16.40241700
16.82554100
16.76700000
16.75154200
16.65412500
16.67137500
16.61525000
16.78966700
16.56608300
16.78662500
16.60854200
16.71879100
16.45116700
16.81995800
17.09412500
16.42529200
16.09062500
16.57570800
17.37970900
16.74725000
16.32083300
16.53079200
17.02733300
16.78958300
16.42675000
16.10954200
16.69583300
17.38037500
16.25700000
17.12891700
16.67250000
16.63233300
16.70341700
16.66545800
16.63020900
16.62245800
16.73712500
16.37783300
17.37895900
16.38300000
16.67570800
16.71033300
16.63329200
16.68687500
16.86316700
16.55870800
16.03070800
17.25562500
16.24100000
17.35716700
16.04329200
16.70345800
17.22312500
16.58900000
16.70066700
16.19129100
16.43795900
17.42050000
16.68262500
16.73645800
16.66179200
16.70016600
16.79766700
16.86258300
15.83254200
17.30370800
16.00912500
17.44408400
16.48529100
16.17945900
16.64229100
17.28216700
16.46083300
16.87000000
16.69933400
16.70329100
16.70133400
16.53291600
16.76783400
17.08700000
17.83216600
15.04545900
16.64516600
16.79258400
16.64387500
18.09470800
15.35666700
17.18691600
16.67237500
16.50133400
17.83416600
15.11179200
16.73683300
16.75141700
16.83320800
18.09604200
14.50795800
16.63183400
17.29108300
17.07454200
17.13975000
15.88537500
16.84795800
16.60012500
17.02283300
16.48337500
16.75379200
16.61712500
16.19195800
16.62987500
16.72887500
17.23808400
16.22962500
16.67991600
16.45775000
17.15266700
16.56620800
17.26658400
16.35208300
16.18225000
16.69637500
17.02295800
16.38504200
16.85166700
16.67854100
16.75391700
16.11137500
16.88987500
16.44675000
17.37412500
16.28925000
16.96500000
16.72983300
16.88754200
16.60395800
16.57283400
16.20533300
16.35016700
17.35766600
16.88666700
16.08483300
17.27825000
16.68662500
16.44533400
16.57975000
16.91937500
16.75795800
16.57104200
17.06341600
16.32275000
16.76891700
16.68958300
16.79991700
16.62012500
16.59925000
16.69700000
16.72575000
16.62758300
16.28304200
17.11645800
16.21470900
16.75987500
16.67420800
16.93004200
16.29520800
17.22958300
16.53620900
16.43695800
16.93695800
16.68875000
16.74800000
16.55800000
16.77558400
16.60354100
16.45687500
16.77270900
16.18729100
17.41145900
16.68154100
16.72970900
16.57995800
16.15825000
17.31112500
16.58041700
16.14020800
17.27783300
16.68050000
16.57925000
16.68754200
16.63366700
16.68395800
16.23995800
17.22654200
16.37154200
16.75858300
17.06620800
16.18225000
17.00916700
16.83845800
16.68120900
16.34941600
16.86979200
17.13120800
16.30829200
16.90641700
16.07104100
17.04033400
16.73708300
16.01379200
17.38862500
16.66754100
16.70279200
16.65425000
16.67066700
16.71462500
16.57141600
16.53558400
16.76629100
16.31650000
17.25616700
16.64412500
15.89262500
17.35250000
16.83616700
16.62920800
16.72812500
16.33245800
17.01575000
16.82554200
16.56083300
16.72166700
16.69708300
16.29612500
16.96725000
16.69962500
16.65825000
16.64483400
16.80433300
16.08512500
16.72966700
17.27058300
15.99075000
16.72879200
17.28212500
16.00079100
17.28987500
16.73987500
16.41137500
16.75441700
16.84066700
15.95287500
17.46191600
16.72062500
16.70383400
16.63054100
16.64945900
16.65637500
16.71429100
16.78533400
16.57920800
16.67104200
16.65041600
16.76754200
16.71866700
16.70408300
16.50545800
16.57754200
16.35691700
17.23608300
16.53441700
16.39025000
17.11725000
16.40716600
16.75766700
16.78858300
16.63633400
16.78633300
16.42741700
16.72016600
16.80808400
16.64683300
16.48262500
16.61295800
16.56379200
16.52466700
17.02900000
16.85216600
16.78908400
15.96720800
17.37337500
16.75525000
16.53425000
16.83954200
16.72191600
16.59541700
16.62779200
16.80291600
16.55175000
16.70475000
16.78112500
16.16895900
17.19462500
16.70487500
16.62062500
16.59970800
16.87391700
16.61466600
16.62866700
16.69108300
16.71162500
15.93304200
16.95541700
17.23287500
16.11333300
17.22587500
16.54762500
16.69308300
16.66475000
16.55404200
16.36295800
17.25712500
16.52487500
16.60329200
16.56333300
16.97762500
16.19700000
17.25329200
16.51237500
16.92275000
16.22741700
16.99900000
16.75858300
16.57004200
16.73600000
16.73279100
16.56341700
16.67754200
16.55529100
16.65845900
16.83983300
16.79133300
16.71533400
16.85504100
16.03491700
17.23479200
16.42791600
16.83820900
16.59558300
16.72770800
16.27125000
17.24029200
16.48775000
16.69883300
16.66179200
16.71270800
16.72316700
16.11491700
16.90995800
16.92333300
16.90579200
16.50816700
16.36320800
17.09070800
16.69329200
16.67100000
16.59954200
16.58520800
16.77516700
16.12804100
17.16700000
16.60979200
16.78266700
16.79262500
16.66645800
16.62166700
16.41016600
16.92737500
16.80645900
16.62866600
16.66000000
16.68975000
16.25829200
17.31441700
16.41108300
16.79083300
16.85587500
17.28750000
15.32533400
17.08179100
16.53250000
17.25512500
16.47591700
16.44412500
16.67062500
16.84195800
16.60062500
16.82841700
16.55120800
16.51854200
16.89950000
16.81270800
16.62637500
16.63066700
16.75358300
16.66295900
16.72654100
16.17245900
17.09191600
16.29537500
16.80579200
16.88050000
16.43725000
17.04087500
16.28491700
16.75895800
17.08920800
16.12145900
17.41954100
16.10420900
17.14745800
16.15687500
16.64558300
16.72533400
17.22000000
16.54779100
16.81733400
16.60966600
16.51475000
16.69075000
16.81404200
16.31312500
17.14400000
16.30991700
16.69358300
16.98337500
16.62587500
16.59512500
16.74645800
16.22433400
16.93933300
16.91325000
16.61300000
16.58841700
16.34116600
16.85954200
17.06112500
16.54766700
16.80554100
16.67383400
16.69208300
16.60591700
16.64083300
16.59600000
16.77529200
16.48183300
17.28925000
16.36037500
16.63208300
16.72666700
16.64083300
16.74308400
16.69670800
16.63783300
16.73091700
16.83979200
16.58166600
16.67775000
16.68770900
16.64595800
16.58912500
16.19704200
17.29800000
16.62500000
16.58154100
16.71233400
16.72650000
16.54029100
16.73125000
16.45950000
16.82941700
16.92229200
16.49233300
16.64462500
16.68350000
16.90266700
16.36475000
16.76616600
16.27404200
16.76795800
17.36925000
16.06537500
16.50308400
17.26175000
16.63354100
16.19420900
17.14895800
16.67787500
16.74454200
16.55275000
16.79091600
16.23579200
17.19391700
16.63320800
16.54045800
16.70416700
16.36495800
16.97387500
16.61533400
16.58941600
16.91195900
16.78654100
16.48341700
16.65266700
16.80133300
16.88429200
16.54625000
16.76866600
16.65416700
16.34445800
16.88958400
17.12670800
16.31291700
16.95229100
16.50245900
16.25712500
17.27354100
16.05791700
17.18979200
16.66033300
16.77275000
16.12708300
16.71029200
17.30612500
16.48504200
16.42504100
16.88758400
16.78008300
16.24483300
17.00641700
16.78829200
16.67095800
16.80529200
16.37704100
16.92883400
16.16645800
16.93383300
16.77579200
16.92566700
16.58983300
16.64675000
16.68025000
16.22012500
17.20670800
16.63258400
16.63325000
16.74933300
16.39783300
16.83191700
16.85070800
16.17016700
16.83429200
17.01425000
16.73445800
16.41879200
16.79295800
16.87920800
16.76795900
16.70316600
16.45475000
16.81325000
16.66958400
16.56295800
16.32012500
17.02675000
16.81270800
16.74070900
16.64295800
16.60720800
16.69091700
16.79516700
16.27358300
16.83679200
16.99479100
16.49070900
16.81337500
16.15237500
16.81929100
16.98895900
16.65166600
16.27283400
16.83270800
16.40137500
17.25516700
16.62045800
16.35087500
16.66608300
17.04704200
16.65100000
16.46670800
16.49920900
17.27675000
16.06779100
17.07950000
16.85520900
16.44420800
16.81291700
16.84116600
16.40929200
17.29670800
16.42008400
16.76554100
16.37845900
16.62695800
16.64970800
17.25400000
16.55945900
16.50108300
16.47895800
16.88004200
16.61345800
16.73729200
16.53733300
16.67750000
16.81541700
16.55941700
16.83241600
16.18595900
16.95045800
16.27816700
17.30829100
16.46779200
16.51845800
16.78712500
17.01062500
16.58070900
16.59300000
16.77345800
16.64562500
16.73529200
16.57541600
16.72566700
16.69862500
16.11083300
17.16345900
16.69470800
16.61404200
16.87245800
16.76387500
16.44620800
16.59212500
16.34179200
17.33512500
16.00137500
17.27762500
16.05150000
17.17870800
16.81141700
16.57858300
16.63312500
16.26537500
17.38020900
16.04883300
17.17916700
16.12879100
17.34416700
16.46633300
16.81158400
16.68725000
16.65354100
16.76908400
16.62750000
16.56708300
16.80541700
16.62954100
16.69854200
16.49583300
16.90816700
16.60316700
16.48470800
16.28166700
17.13495800
17.00033300
16.61654200
16.55345800
16.45112500
16.89450000
16.72145900
16.68850000
16.71354100
16.72866700
16.67291700
16.64891600
16.50779200
16.97637500
16.53254200
16.73341600
16.65375000
16.26662500
17.12583400
16.66208300
16.51983300
16.71016700
16.40179200
17.15587500
16.54658300
16.88329200
16.62162500
16.03412500
17.42750000
16.53487500
16.58412500
16.91604100
16.53991700
16.24591700
16.97570800
16.84054200
16.71495800
16.59237500
16.61941700
16.71008300
16.81916700
16.49383300
16.72104200
16.26404100
17.05462500
16.73691700
16.69829200
16.81770800
16.63808300
16.71750000
16.61358400
16.30979100
17.00316700
16.78666700
16.83137500
16.54466600
16.65891700
16.78504200
16.64762500
16.66004100
16.59012500
16.82529200
16.59683300
16.81262500
16.21645900
16.82966600
16.31379200
17.27466700
16.52245800
16.67391700
16.33441600
16.61062500
17.26087500
16.42183400
16.70395800
16.97750000
16.70879200
16.61004100
16.62458400
16.79062500
16.53545800
16.82145800
16.87516700
16.37187500
16.64445800
16.81579200
16.73370800
16.62354200
16.53358300
16.31679200
16.68400000
17.17666700
16.40137500
17.15758300
17.53091700
15.23183300
17.28950000
16.64912500
16.28329200
16.42075000
17.28158300
16.68300000
16.60933300
16.49650000
16.57000000
16.57200000
17.05079200
16.69900000
16.76437500
16.60679200
16.75012500
16.58295800
16.72912500
16.58766700
16.82895800
16.40087500
17.25562500
16.52916700
16.62191600
16.67887500
16.54687500
16.23787500
17.27650000
16.75762500
16.51045900
16.12345800
17.30129200
16.41258300
16.84195800
16.72929200
16.13891700
17.21275000
18.20704100
15.07350000
17.07083400
16.70858300
16.55329200
17.02770800
16.39345800
16.64629200
16.52095800
16.76775000
16.22295900
17.17104100
16.27704200
17.35350000
16.35237500
16.50237500
17.02525000
16.45637500
17.03320800
16.30100000
17.05825000
16.33479200
16.69187500
16.38962500
16.98212500
18.24858300
15.19495900
16.73670800
16.45587500
17.31950000
17.72312500
14.90558300
17.35708400
16.21150000
17.41612500
15.98633300
17.37220800
16.54362500
15.98525000
16.74345900
16.86108300
17.09491700
15.92554100
16.81879200
16.96979200
16.25820800
16.96466700
15.82075000
17.00054100
16.79466700
16.41529200
16.79829100
17.10370900
16.43462500
16.65070800
17.28604200
16.02070800
16.50333300
17.21945900
16.27420800
16.50345800
17.18337500
16.55629200
16.64300000
16.37158300
16.62866700
16.70762500
16.70766700
17.22429100
16.62791700
16.60708300
16.83658400
16.21595800
16.75945800
16.56608400
17.19895800
16.24016700
16.69375000
16.71925000
16.58287500
17.20341600
16.61716700
16.71091700
16.09187500
17.22941600
16.62779200
16.25537500
17.23937500
16.12716700
16.96858300
16.71208300
16.98487500
16.26091700
16.47866700
17.29625000
16.55600000
16.76087500
16.65308300
16.13966700
17.24208300
16.27091700
17.22695800
16.00841700
17.29258300
16.46258300
16.69804200
16.82641700
16.50179100
16.84866700
16.29845800
16.78858400
16.89291600
16.98120900
16.49070800
16.66691700
16.59891600
16.56012500
16.99354200
16.53216700
16.59158300
16.64104200
16.61612500
16.94416600
16.75600000
16.47750000
16.60562500
16.97016700
16.58708300
16.63083400
16.87804100
16.30029200
17.06766700
16.83229100
16.23754200
17.06666700
16.58895800
16.54237500
16.79600000
15.85329200
16.68837500
17.56795800
16.57658300
16.38637500
16.86566700
16.78383300
16.34195900
16.86975000
16.36945800
17.12520800
16.74720900
16.44095800
16.92325000
16.57750000
16.48508300
16.80633400
16.80433300
16.03729200
17.21333300
16.68825000
16.70941700
16.68333300
16.68033300
16.78429200
16.47779200
16.32591600
17.25495900
16.73108300
16.34912500
16.76020800
16.38708400
17.33379100
16.50125000
16.78104200
16.64829200
16.69612500
16.13770800
17.39962500
16.41545800
16.86920900
16.60162500
16.75937500
16.59133300
16.74270800
16.50554200
16.77687500
16.78350000
16.59308300
16.58225000
16.83241700
16.66554200
16.62800000
16.24058300
17.26783300
16.05058400
16.67062500
16.65425000
17.19375000
16.55350000
16.85958300
16.18858300
17.34629200
15.92812500
17.35854200
16.51308300
16.75379200
16.26025000
16.52679100
17.33787500
16.64225000
16.68962500
16.09570900
17.24083300
16.61491700
16.27512500
16.60075000
17.13383300
16.77141700
16.67658300
16.76016700
16.24700000
16.50233300
17.14266700
16.64229100
16.85004200
16.38920800
16.92191700
16.53283300
16.84258400
16.07379100
17.32275000
16.54887500
16.77025000
16.69616700
16.58333300
16.21629200
17.28308300
16.56716700
16.22175000
17.19995800
16.50112500
16.87300000
16.74595900
15.91737500
16.96570800
17.09862500
16.53333300
16.83462500
16.61141700
16.71391700
16.36662500
16.92750000
16.58650000
16.95050000
16.67537500
16.54716600
16.80791700
16.65854200
16.18708300
17.19754200
16.76995800
16.17162500
16.59808300
16.64283400
17.29029100
16.66091700
16.52104200
16.83216600
16.59195900
16.65554100
16.49275000
16.93158400
16.15833300
17.17216700
16.31062500
16.64191600
16.66308400
17.18687500
16.71983300
16.15012500
17.13154200
16.46916600
16.59833400
17.07866600
16.43583400
16.66070800
16.82220800
16.43441700
16.96879200
16.60941600
16.67383400
16.70525000
16.69254100
16.60058400
16.72308300
16.55445800
17.07287500
15.98737500
16.80054200
17.17537500
16.62704200
16.67725000
16.55870800
16.24416700
17.13533300
16.32954200
16.73591600
17.24916700
16.43058300
16.28270900
17.28720800
16.34145800
16.84800000
16.74329200
16.56125000
16.63920800
16.46604200
17.32741700
16.07408300
17.34354200
16.54100000
16.44250000
16.64412500
16.71416600
17.01220900
16.07166600
17.28400000
15.93112500
17.23675000
16.46729200
16.82325000
16.74075000
16.63491700
16.69095800
16.60187500
16.73470800
16.71970900
16.66870800
16.73800000
16.71729200
16.55475000
16.36729100
17.14758400
16.51400000
16.73612500
16.76787500
16.57387500
16.72112500
16.63583300
16.77170800
16.73608400
16.67212500
16.45716600
16.53320900
17.20787500
16.34525000
16.74229100
16.91883400
16.49312500
16.86316600
16.54337500
16.77450000
16.85645900
16.29591600
16.63475000
16.80129200
16.80758300
16.63616700
16.84266700
16.57816600
16.68041700
16.75233300
16.39845900
16.62200000
16.57512500
17.24841600
16.15770900
17.25154100
16.52983400
15.98608300
17.47020800
15.93250000
16.75354200
17.15008300
16.50650000
16.34787500
17.17583400
16.21312500
17.22283300
16.10808300
17.15204200
16.68079200
16.70645800
16.55787500
16.81362500
16.43225000
16.54579200
17.12229100
16.18420900
16.94158300
16.42612500
17.07145800
16.14616700
17.19670800
16.55220900
16.77941600
16.63941700
16.82595800
16.58754200
16.77729200
16.65025000
16.62508300
16.32645800
17.10575000
16.49279200
16.44612500
16.82354200
16.78691600
17.13587500
18.50762500
14.86879200
16.75466700
16.14408300
16.25441700
17.21179100
16.83683400
16.73029100
16.76395900
16.77787500
16.12245800
17.31945800
16.18154200
16.47866700
17.18000000
16.70862500
16.65037500
16.56891600
16.80887500
16.54812500
16.34987500
16.89695900
16.35429100
17.19341700
16.54037500
16.76754200
16.84137500
15.97179100
17.32958400
17.31120800
16.34366700
16.28354100
17.19925000
16.05033400
17.91066600
15.92587500
16.24800000
16.98837500
16.96229200
16.69450000
15.74545800
17.44533400
16.32579100
16.26658400
17.26154100
16.44141700
16.35054200
17.25816600
16.44112500
16.62670900
16.79325000
16.73016600
16.58525000
16.86841700
16.12979200
17.04104100
16.37837500
16.99158400
16.78762500
16.81758300
16.23591700
17.46950000
16.43154100
16.73991700
16.48679200
16.78166600
16.74004200
16.55779200
16.49083300
16.75179200
16.72916600
17.30787500
15.96683400
16.89437500
16.43750000
16.88470800
16.63612500
16.48962500
16.74079200
16.74795800
16.60770800
16.73500000
16.32008400
16.65312500
17.08095800
16.75437500
16.51250000
16.76312500
16.69258300
16.76108400
16.56983300
16.76208300
16.55941700
16.80012500
16.65650000
16.70900000
16.75691700
16.64104100
16.69083400
16.51425000
16.79862500
16.77291600
16.71279200
16.22791700
16.70966600
17.04125000
16.75945900
16.49725000
16.80908300
16.70120800
16.22429200
17.14791700
16.59245800
16.69050000
16.05545800
17.04091700
17.13954200
16.16554100
17.03275000
16.81195900
16.69466600
16.52112500
16.74258400
16.74779100
16.74933400
16.45487500
16.89558300
16.46045800
16.88287500
16.52783400
16.55754100
17.32054200
16.22891700
16.16933300
16.79075000
17.14891700
16.56850000
16.69975000
16.38520800
16.71529200
17.09450000
16.63958300
16.55925000
16.72250000
16.45458300
17.03508400
16.63762500
16.52750000
16.40770800
16.88304200
17.03812500
16.40462500
16.80512500
16.68820800
16.64791700
16.51658300
16.55091700
17.13175000
16.37150000
17.03125000
16.53304100
16.75858400
16.57866600
16.83450000
16.71979200
16.68525000
16.65245800
16.71041700
16.60920800
16.73154200
16.86595800
16.56108400
16.61441600
16.71091700
16.69112500
16.64712500
16.73891700
16.80204100
16.33208400
16.62491600
16.94870900
16.23420800
17.27820800
16.43516700
16.41183300
17.10879200
16.21245800
17.16983400
16.44750000
16.82479100
16.80525000
16.68950000
16.14741700
17.30516700
16.14787500
16.93462500
16.68833300
16.81120800
16.55362500
16.33425000
17.37475000
16.12287500
16.96366700
16.66412500
16.69433300
16.69783400
16.73716600
16.48016700
16.29850000
17.04887500
16.88041700
16.29162500
16.93108300
16.73541700
16.81600000
16.60187500
16.77787500
16.62716600
16.77225000
16.59887500
16.17937500
17.24812500
16.66416700
16.17079200
17.27529100
16.53187500
16.82462500
16.60991700
16.71337500
16.74845800
16.44204200
16.16383300
17.47641700
16.55991700
16.20525000
16.43633300
16.91445800
16.75700000
17.17341700
16.38191700
16.76758300
16.97200000
16.63745800
16.14616700
17.19583300
16.64633400
16.64758300
16.73233300
16.73462500
16.64529200
15.72920800
17.34383400
16.45829100
17.25716700
16.69437500
15.97412500
17.33079200
16.70129100
16.56645900
16.25425000
17.12216600
16.45537500
16.72141700
16.82283300
16.26779200
16.92387500
16.93275000
16.68875000
16.73375000
16.59283300
16.71995900
16.72995800
16.58820800
16.71337500
16.13041700
16.76391700
17.33375000
16.71137500
16.51375000
16.73650000
16.54641600
16.78637500
16.13716700
17.23304200
16.55929100
16.42095900
16.54329100
17.12233400
16.81745800
16.60733300
16.38387500
16.89608400
16.72137500
16.63908300
16.31825000
16.92000000
16.58975000
17.16116700
16.44812500
16.61137500
16.30308300
16.34091700
17.48429100
16.82704200
16.53466700
16.54825000
16.88345800
16.63012500
16.72125000
16.81391700
16.51258300
16.31520800
17.19379200
16.59100000
16.89933300
16.53820900
16.60225000
16.65945800
16.20245800
17.14620900
16.21212500
17.19554100
16.67833400
16.73754100
16.66454200
16.11395800
17.18712500
16.84741700
16.61845800
16.78762500
16.65670900
16.36237500
16.53812500
16.86245800
16.86250000
16.45687500
16.90670800
16.71283400
16.67737500
16.14879100
17.21583400
16.69412500
16.67612500
16.66550000
16.71275000
16.42537500
15.99183300
16.93350000
16.94887500
16.89466700
16.55437500
16.39062500
17.20745800
16.57179200
16.68920800
16.74208300
16.63250000
16.28641700
17.25529200
16.46937500
16.69979100
16.77604200
16.61275000
15.94916700
17.49000000
16.66670800
16.65300000
16.84195800
16.44808400
16.77862500
16.68595800
16.84570800
16.53391700
16.68787500
16.74862500
16.31125000
16.83091700
17.03958300
15.97154200
16.73845800
17.26104200
16.51616600
16.75395900
16.76308300
16.16462500
17.03545800
16.65520900
16.84725000
16.43004100
16.78145900
16.65558300
16.68816700
16.53712500
16.75758300
16.43520800
17.08287500
16.20316700
17.01579200
16.33966600
17.24983400
16.64145800
16.43270800
17.02220900
16.57483300
16.50654200
16.81075000
16.61712500
16.59112500
16.62029100
16.41254200
17.07937500
16.88950000
16.51275000
16.70362500
16.82704200
16.54679100
16.29166700
17.03241700
16.89304100
16.58925000
16.69975000
16.14995900
17.29250000
16.57462500
16.67825000
16.70470800
16.66045800
16.75062500
16.52920900
16.80433300
16.34883300
17.22058400
16.39558300
16.78445800
16.64912500
16.74466700
16.68000000
16.11008300
17.36712500
15.95650000
17.43562500
16.62245900
16.59037500
16.61341600
16.82191700
16.62945800
16.64145900
16.77183300
16.47770800
17.00583400
16.53075000
16.54150000
16.12145800
17.25950000
16.69016700
16.20991600
17.24137500
16.16050000
16.63579200
16.93862500
16.71008300
16.60562500
17.17400000
16.61791700
16.76012500
16.74858300
16.56579200
16.58058300
16.58929200
16.71550000
16.74950000
16.64141700
16.14641600
17.19437500
16.27179200
17.23229200
16.55900000
16.71200000
16.61045800
16.64604200
16.80983300
16.55508300
16.86937500
16.64270900
16.53508300
16.85787500
16.70520800
16.47045900
16.91220800
16.35320800
17.06179200
16.63900000
16.54612500
16.75691700
16.64904100
16.75616700
16.07954200
16.84350000
16.93379100
16.49587500
17.13179200
16.17820800
17.13379200
16.60995800
16.62308400
16.79158300
16.68091700
16.64320800
16.72500000
17.04400000
16.18737500
16.85629200
16.60475000
16.76195800
16.74933300
16.61454200
16.55775000
16.42637500
16.87520800
16.74916700
16.67312500
16.72179200
16.68075000
16.70233300
16.64370800
16.29733400
17.02879100
16.85750000
16.66737500
16.74616700
16.61341700
16.60929100
16.82395900
16.32529100
16.64300000
17.15087500
16.49800000
16.65116700
16.80975000
16.60683300
16.68550000
16.59625000
16.46191700
16.97212500
16.61116700
16.11225000
17.24279100
16.76670900
16.62129100
16.63808400
16.77704100
16.39929200
17.04062500
16.69220800
16.48770900
16.79316600
16.71850000
16.62504200
16.75233300
16.63200000
16.84150000
16.65354200
16.56625000
16.77895800
16.13333400
16.82104100
17.00154200
16.35629200
16.43770800
17.26429200
16.69108300
16.12883300
17.21445900
16.72095800
16.67050000
16.68104200
16.65150000
16.13254100
17.19154200
16.73741700
16.72525000
16.48795800
16.85941700
16.05058300
17.22116700
16.66416600
16.62462500
16.74108400
16.64112500
16.69050000
16.23975000
17.33195800
16.49004200
16.59487500
16.24950000
16.71983300
17.20712500
15.98562500
17.36154200
16.32850000
17.20783300
16.50975000
16.73125000
16.73675000
16.41304200
16.74941600
17.00204200
16.53758300
16.87237500
16.58579200
16.58637500
16.77262500
16.66612500
16.58300000
16.78075000
16.74145800
16.41816700
16.74679200
16.82650000
16.20720800
16.86337500
16.76779200
16.74987500
16.85133300
16.60758300
16.54241700
16.54420800
16.93650000
16.62125000
16.90166700
16.71616700
16.64929100
16.16195900
17.29137500
16.53704100
16.80287500
16.58879200
16.58625000
16.76945800
16.69691700
16.77362500
16.60133300
16.71195900
16.56204100
16.70029200
16.21504200
17.01466600
16.81995900
16.92970800
16.68520800
16.45304200
16.16937500
17.11762500
16.88866700
16.55975000
16.85358300
16.76825000
16.71275000
16.58583300
16.07291700
17.26541700
16.64441600
16.16354200
17.14341700
16.82725000
16.04270800
17.24400000
16.77666700
16.41975000
16.72508300
16.84425000
16.22616700
16.20904100
17.03483400
16.74470800
17.23075000
16.09745800
16.77337500
16.63354200
16.61466700
17.30716600
16.10762500
16.62141700
16.67795800
17.29595900
16.72904100
16.69462500
16.61566700
16.06945800
17.12379200
16.84941700
16.75258300
15.97350000
17.33841700
16.03537500
17.00633300
16.40720800
17.29925000
16.11708400
17.21733300
16.07387500
17.24362500
16.12970800
17.31145900
16.52216600
16.69195900
17.83379100
15.00979200
16.91320800
16.36504200
17.35783300
16.58300000
16.78854200
16.59033300
16.74083400
16.64929100
16.57875000
16.36462500
16.98533400
17.00975000
16.52537500
16.51195800
16.80745800
16.68333400
16.68858300
16.62891700
16.77258300
16.60933300
15.89925000
17.50412500
16.73695900
16.54237500
17.06741600
16.41254200
16.57166700
16.78895800
16.70304200
16.47758300
16.66320800
16.84983400
16.13500000
17.33404100
16.73779200
16.62712500
16.63241700
17.02566600
16.51445900
15.96458300
17.30895800
16.54433400
16.73462500
16.66041600
16.67345900
16.74487500
16.65570800
16.13962500
16.60650000
17.34220800
16.63379200
16.57304200
16.72137500
16.76804100
16.75412500
16.39795900
16.38000000
17.04683300
16.69170800
16.82670900
15.85283300
17.49370800
16.72550000
16.70708400
16.65808300
16.70904200
16.65033300
16.33858300
16.50558400
17.09000000
16.68654100
16.51870900
17.01695800
16.49362500
16.47275000
16.73887500
16.97195800
16.64979200
16.65975000
16.57454200
16.72083300
16.67595800
16.80329200
16.64958300
16.89075000
16.18441700
17.05487500
16.62537500
16.11429200
16.45162500
17.60579100
16.40037500
16.98108400
16.66154100
16.48829200
16.18879200
17.31237500
16.01720800
16.87858300
16.94716700
16.70962500
16.69791700
16.71479100
16.61687500
16.17350000
17.12362500
16.66425000
17.01108400
16.67070800
16.55300000
16.52304200
16.76266600
16.75787500
16.76287500
16.55362500
16.78233400
16.73170800
16.65220800
16.67258400
16.71950000
16.69233300
16.06779200
17.31008300
16.06729200
17.22883300
16.78495800
16.64012500
16.38483400
17.07579100
16.61470900
16.56650000
16.79941600
16.68229200
16.64645800
16.09608400
16.73920800
17.23837500
15.80145800
17.01033400
17.15787500
16.72687500
16.63775000
16.68816600
16.66362500
16.24125000
17.08404200
16.69483300
16.76429200
16.14691700
17.28837500
16.61579100
16.69008400
16.57979100
16.54625000
16.29820900
17.27004100
16.64758400
16.64737500
16.60750000
16.75720800
16.53541700
16.91695800
16.71583300
16.40966700
16.68483300
16.46975000
16.90545900
16.86787500
16.20066600
16.39583400
17.36862500
16.58620800
16.87945800
16.67191700
16.64662500
16.31391700
16.81091600
16.88670900
16.75391600
16.31900000
16.94145900
16.27725000
17.18820800
16.59387500
16.82587500
16.03754200
16.89791600
16.80475000
17.02145900
16.56875000
16.29579100
16.84279200
16.80379200
16.85570800
16.05787500
16.65312500
16.59283300
16.99358400
16.98554100
16.69979200
16.70516700
16.78087500
16.22525000
16.47479100
17.30533400
16.67333300
16.24600000
16.58533300
17.08075000
16.72725000
16.40150000
16.90354200
16.85837500
16.23420800
16.87387500
16.70900000
16.47304200
16.36545800
17.36670900
16.74579100
16.30358400
17.25495800
16.31504200
16.48075000
16.85308300
16.91204200
16.30266600
16.73625000
17.13116700
16.89625000
16.54458300
16.80058400
16.70245800
16.00741700
17.36470800
16.53225000
16.94116700
16.23325000
16.77304100
17.09045900
16.47900000
16.21879100
16.49879200
16.85975000
16.41441700
17.19437500
16.20758300
16.85420800
16.59766700
17.16050000
16.49341700
16.73316600
16.67975000
16.45029200
16.56375000
16.94829200
16.78795800
16.73050000
16.92104200
16.24712500
16.66308300
17.15095800
16.26658400
16.45916600
17.29525000
16.37825000
16.51766700
16.71445800
16.89266700
16.68220800
16.56920900
16.78150000
16.67145800
16.67729200
16.73141600
16.43441700
16.60512500
16.17587500
17.55687500
16.05845800
17.20325000
16.75316700
16.56320800
16.65216700
16.23766700
17.41375000
15.97841600
16.67870900
17.14245800
16.44412500
17.13570800
16.56004200
16.61966700
16.73554100
16.46825000
16.82116700
16.84737500
16.62104200
15.87987500
17.47420800
16.66354200
16.69875000
16.59312500
16.22350000
17.36195800
16.53070800
16.61462500
16.78062500
16.31020900
16.77075000
16.91587500
16.14683300
17.28950000
16.78683300
16.54662500
16.70425000
16.60629200
16.79108300
16.63654200
16.26450000
16.96312500
16.84458300
17.30045900
15.91233300
16.86908300
16.57141700
16.73666700
16.75008300
16.55608300
16.63316700
16.66791700
16.78508300
16.79520800
16.06433400
16.42691600
17.03025000
16.57050000
17.34120900
16.49712500
16.74408300
16.70366700
16.54000000
16.70170800
16.56825000
16.36870800
17.23779200
16.79295800
16.45333400
16.42545800
17.03100000
16.59816700
16.24912500
17.32179100
16.40475000
16.79400000
16.67337500
16.66975000
16.73495900
16.26587500
16.98512500
16.57866600
16.65116700
16.88266700
16.52600000
16.68300000
16.86720800
16.67166700
16.21166600
17.27350000
16.56487500
16.74200000
16.57316700
16.85470800
16.49766700
16.88275000
16.49795800
16.59316700
16.81600000
16.69366700
16.20512500
16.84758300
16.89212500
17.21883300
16.27483400
16.82562500
16.63225000
16.89012500
16.60545800
16.69250000
16.75133300
16.38116700
15.97195800
17.50645900
16.67883300
16.36183300
16.81037500
16.68975000
16.80504200
16.71870800
16.72129200
16.55570800
16.76820900
16.65050000
16.67754100
16.77995900
16.66387500
15.98166600
17.23983400
16.85095800
16.67750000
16.72804200
16.60737500
16.69745800
16.77862500
16.58437500
16.75650000
16.60762500
16.63591700
16.73612500
16.49304100
16.26437500
16.91987500
16.58745900
16.58887500
17.16229100
16.73587500
16.20287500
17.19087500
16.60845900
16.39812500
16.58370800
17.20608300
16.08062500
17.13645900
16.72283300
16.66329200
16.61812500
16.24675000
17.19925000
16.11320800
16.79416700
17.05954100
17.30779200
15.55295800
17.28937500
16.62620900
16.71462500
16.49587500
16.41112500
17.22862500
16.41595800
16.88741700
16.61387500
16.32712500
16.98062500
16.90791600
16.52145900
15.96837500
16.67616600
17.49854200
16.52866700
16.69725000
16.75304100
16.66262500
16.22462500
17.02458400
16.91508300
16.30300000
16.99575000
16.18037500
16.61600000
17.07745800
16.77870900
16.71516600
16.86533400
16.53854100
16.63525000
16.62295900
16.71337500
16.67300000
16.78695800
16.66270800
16.63554200
16.31075000
17.11295800
16.69716700
16.64608300
16.61362500
16.50075000
17.00441700
16.69966700
16.61550000
16.81775000
16.56766600
16.76491700
16.62416700
16.61454100
16.72816700
16.76475000
16.59225000
16.70750000
16.66129200
16.77475000
16.62462500
16.72891600
16.64779200
16.66237500
16.65037500
16.70300000
16.73854200
16.12779100
17.25045900
16.72112500
16.70600000
16.60737500
16.16158300
16.65995800
17.19437500
16.64495900
16.68916600
16.68195900
16.70845800
16.67550000
16.66625000
16.69841700
16.69383300
16.39637500
16.78029200
16.72545800
16.33050000
17.20233300
16.62541700
16.64670800
16.70529200
16.68050000
16.24908300
17.19729200
16.62166700
16.66354100
16.83225000
16.62200000
16.65162500
16.24495900
17.12775000
16.59895800
16.49154200
16.50204100
17.02895900
16.80262500
16.67491600
16.60287500
16.68550000
16.33166700
16.92108300
16.86679200
15.91658300
16.88837500
16.65250000
16.50766700
17.45016700
16.63658300
16.65683300
16.81287500
16.50716700
16.85641700
16.57279100
16.35012500
16.88325000
16.76025000
16.73354200
16.71570800
16.51862500
16.89412500
16.71633400
16.26716600
16.95241700
16.76408300
16.57441700
16.73845800
16.75108400
16.42845800
16.86095800
16.78916700
16.60416700
16.63650000
16.64370800
16.76212500
16.81066700
16.62016600
16.67925000
16.67712500
16.67120900
16.56637500
16.84950000
16.60766600
16.78258400
16.62650000
16.76537500
16.54720800
16.71650000
16.66370800
16.16983400
16.72341600
17.19737500
16.65904200
16.16579200
17.23391600
16.73045900
16.76470800
16.56616700
16.67691600
16.73791700
16.58066700
16.54275000
16.80979100
16.77133400
16.71729100
16.61937500
16.65562500
16.58866700
16.65483300
16.58479200
17.34516700
16.02825000
16.93616600
16.56629200
16.76262500
16.64908300
16.72300000
16.69762500
16.61712500
16.63304200
16.95820800
16.57870900
16.71350000
16.56566600
16.72170900
16.56354100
16.78445900
16.68537500
16.76191600
16.09275000
17.10183400
16.78316600
16.15104200
17.31812500
16.38350000
16.71300000
16.33166700
16.69616600
17.27041700
16.69229200
16.66637500
16.63716600
16.64866700
16.83862500
16.58420800
16.71350000
16.61516700
16.77370800
16.53279200
16.82025000
16.62587500
16.81550000
16.55479200
16.56691600
16.76937500
16.80200000
16.99645900
16.32483300
16.12641700
16.99470800
16.73566700
16.95575000
16.51908300
16.70958300
16.37895900
16.90545800
16.75862500
16.56287500
16.77545800
16.77362500
16.47554200
16.74958300
16.75191700
16.48687500
16.49679200
17.00208300
16.85762500
16.54725000
16.75904200
16.21000000
17.13262500
16.67566600
17.26358400
16.72283300
16.60866700
16.61779100
16.63245900
16.72604100
16.09641700
17.32350000
16.67287500
16.54804200
16.16579100
17.44800000
16.51691700
16.72537500
16.56795800
16.78566700
16.83491700
16.51337500
16.70225000
16.38762500
16.98645800
16.75125000
16.63533300
16.65133400
16.38454100
17.16633400
16.46300000
16.72020800
16.73283300
16.00308400
16.83466600
17.14683400
16.73170800
16.83058300
16.63595900
16.52629100
16.81812500
16.55675000
16.02758400
16.85879100
17.26954200
16.50120800
16.96562500
16.55983400
16.58237500
16.76150000
16.72041600
16.77616700
16.14858300
17.08941700
16.67225000
16.06533300
17.36233400
16.51650000
16.91445800
16.53600000
16.89533300
15.86554200
17.35270800
16.66700000
16.08270900
16.67095800
16.81700000
16.48933300
17.33000000
16.75625000
16.74933400
16.33091600
16.86491700
16.73858300
15.94929200
17.57933300
16.49975000
16.68295900
16.80266600
16.77091700
16.49904200
16.69125000
16.65979100
16.81770900
16.56433300
16.65216700
16.67979100
16.21662500
16.68816700
17.18516700
16.62041600
16.10208400
17.28958300
16.75758300
16.65312500
16.69958400
16.54145800
16.89937500
16.45950000
16.87891700
16.72958300
15.92429200
17.52733300
16.38133300
16.80037500
16.76608400
16.63791600
16.62858400
16.72037500
16.74958300
16.60016700
16.65641600
16.90866700
16.51716700
16.67487500
15.94329100
17.43250000
16.62320900
15.35554100
16.69266700
934.28741700
16.67429100
16.66866700
16.69241700
16.68808300
16.68366700
16.67270800
16.69141700
16.69458300
16.67879200
16.69437500
16.66350000
16.69320800
16.66804200
16.69370800
16.67604200
16.69183300
16.67433300
16.68220900
16.68045800
16.69075000
16.68929200
16.70870800
16.64416700
16.70358300
16.67908300
16.66966700
16.68337500
16.69075000
16.68362500
16.67691700
16.70033300
16.68795800
16.67958400
16.68654100
16.69095900
16.66470800
16.67070800
16.68079200
16.70862500
16.67350000
16.66950000
16.72279200
16.64404100
16.69912500
16.66679200
16.69866700
16.67220800
16.67954200
16.69587500
16.66825000
16.69891600
16.68162500
16.69795900
16.67554100
16.68025000
16.70504200
16.64979200
16.69941600
16.67895900
16.68412500
16.69612500
16.65766600
16.68045900
16.68612500
16.68112500
16.68370800
16.70162500
16.66545800
16.68208400
16.68512500
16.68033300
16.70354200
16.66508300
16.70400000
16.66104200
16.70187500
16.66591600
16.68404200
16.68279200
16.68354100
16.68291700
16.70220800
16.66679200
16.69200000
16.68245800
16.67179200
16.69895800
16.68641700
16.68216700
16.68087500
16.68000000
16.70387500
16.65354100
16.68020900
16.70516600
16.66645900
16.67845800
16.69816700
16.68620800
16.66654200
16.70420800
16.66225000
16.68791700
16.69466600
16.69054200
16.67575000
16.66362500
16.70504200
16.69004100
16.65554200
16.68404200
16.68112500
16.70225000
16.66937500
16.70133300
16.68383300
16.68312500
16.69145900
16.68516600
16.68191700
16.66004200
16.70500000
16.66266600
16.68075000
16.70166700
16.68054200
16.69100000
16.67212500
16.67025000
16.69633300
16.69029200
16.66354100
16.68325000
16.68220900
16.68358300
16.71087500
16.66795800
16.67212500
16.68325000
16.70779200
16.65891700
16.68125000
16.68929100
16.67841700
16.69350000
16.67404200
16.70183300
16.67970800
16.68100000
16.69258400
16.66054100
16.68241700
16.68920800
16.67879200
16.68470800
16.69979200
16.66895800
16.69758400
16.67933300
16.71100000
16.66533300
16.66450000
16.69633400
16.67320800
16.67629200
16.68325000
16.67887500
16.68704100
16.68741700
16.67862500
16.93612500
16.69108300
16.60508400
16.63437500
16.69287500
16.69154100
16.82012500
16.69237500
16.56512500
16.69762500
16.69504200
16.68112500
16.67970800
16.48491700
16.80241700
16.84550000
16.61920800
16.55641700
16.80766600
16.71800000
16.66941700
16.65850000
16.68408300
16.70783400
16.57483300
16.72991700
16.67591600
16.67654200
16.71808300
16.69175000
16.63883400
16.71775000
16.64008300
16.69500000
16.72291700
16.66229100
16.65287500
16.73916700
16.58470800
16.68887500
16.76179200
16.62695800
16.63075000
16.75562500
16.61291700
16.62141700
16.65995800
16.79058300
16.68795900
16.79100000
16.58475000
16.72466600
16.73137500
16.68404200
16.70437500
16.56525000
16.73329200
16.74679100
16.65541700
16.61550000
16.71420800
16.64425000
16.75220900
16.65662500
16.62345800
16.73287500
16.90591700
16.57183300
16.69091700
16.49720800
16.81333300
16.69925000
16.64025000
16.72825000
16.72520900
16.77437500
16.55825000
16.69566600
16.75158400
16.57841600
16.85091700
16.40925000
16.66525000
16.59370800
17.03808400
16.64533300
16.67216700
16.37516600
16.87587500
16.66658400
16.60720800
16.70620800
16.66683400
16.68170800
16.80120800
16.53787500
16.72533400
16.77370800
16.68150000
16.62116700
16.60912500
16.89720800
16.52420800
16.86675000
16.69066700
16.67845800
16.72137500
16.66783400
16.64541600
16.67808400
16.70925000
16.77020800
16.59108300
16.68362500
16.68304200
16.76770800
16.69625000
16.54816700
16.74770800
16.69529200
16.59625000
16.82808300
16.60620900
16.65208300
16.75691700
16.69766600
16.71579200
16.74020800
16.60183400
16.46541600
16.96741700
16.67241700
16.63825000
16.59804100
16.87400000
16.71450000
16.50254200
16.80591700
16.71329100
16.62204200
16.68595800
16.73162500
16.65833400
16.66412500
16.69966600
16.72229200
16.76554200
16.55116600
16.69058400
16.75858300
16.58225000
16.74329200
16.61883300
16.70550000
16.66054200
16.68733300
16.76233300
16.65325000
16.61904200
16.75116700
16.65500000
16.64516600
16.72425000
16.65387500
16.65195900
16.54212500
16.98562500
16.55745800
16.68054200
16.64662500
16.78341600
16.72583400
16.56833300
16.67508300
16.71112500
16.67429200
16.74329200
16.70125000
16.54712500
16.70266600
16.71829200
16.61766700
16.69008300
16.65987500
16.67183300
16.74966700
16.71983300
16.68108400
16.72070800
16.81075000
16.54191700
16.60120800
16.70075000
16.67616700
16.71841600
16.69337500
16.58958400
16.66758300
16.72987500
16.74962500
16.59054200
16.67375000
16.65800000
16.68283300
16.79425000
16.71058300
16.69633400
16.72633300
16.66837500
16.58170800
16.53875000
16.77137500
16.68729200
16.53725000
16.67620800
16.71975000
16.62458400
16.70600000
16.71641600
16.67262500
16.63000000
16.98408400
16.35879100
16.75387500
16.65070900
16.94441600
16.40516700
16.76700000
16.59225000
16.67829200
17.02450000
16.53425000
16.68562500
16.49908300
16.66158300
16.75270900
16.95325000
16.38733300
16.67845800
16.63645900
16.70937500
16.63737500
16.68804100
16.65425000
16.71783400
16.63704100
16.72012500
16.71762500
16.57529200
16.65587500
16.71508300
16.77808400
16.57516600
16.66683400
16.67679100
16.78258400
16.95908300
16.36658300
16.97562500
16.44329200
16.65604200
16.63270800
16.71412500
16.66679200
16.88062500
16.45750000
16.66720800
16.69633300
16.67812500
16.68004200
16.69012500
16.67325000
16.69150000
16.68050000
16.68495800
16.68204200
16.68562500
16.67616700
16.68195800
16.68991700
16.67829100
16.69104200
16.68033300
16.67687500
16.68437500
16.70179200
16.68845800
16.65370900
16.68487500
16.70775000
16.68000000
16.67779100
16.69058400
16.68170800
16.66175000
16.68345800
16.70429200
16.68670800
16.68041700
16.68979200
16.67691600
16.68062500
16.68445900
16.66312500
16.70820800
16.67166700
16.67704100
16.70033400
16.68379100
16.67920900
16.68858300
16.66087500
16.68270800
16.70466700
16.68262500
16.66762500
16.70629200
16.67587500
16.65900000
16.70729100
16.68733400
16.65708300
16.68804200
16.68387500
16.70229100
16.66645900
16.70004100
16.66683400
16.67866600
16.70187500
16.66091700
16.70808300
16.66458400
16.67966600
16.68637500
16.68208400
16.70500000
16.68716600
16.67804200
16.68112500
16.68212500
16.66387500
16.68804200
16.70287500
16.66237500
16.68475000
16.68100000
16.70729100
16.66004200
16.68187500
16.68220800
16.68687500
16.70170900
16.68925000
16.66091600
16.69554200
16.69004200
16.66287500
16.68387500
16.70966600
16.65375000
16.68358400
16.70283300
16.68554200
16.68041600
16.77083400
16.58404100
16.70820900
16.65637500
16.68050000
16.68812500
16.68425000
16.69962500
16.66587500
16.69850000
16.67100000
16.70562500
16.66020800
16.69375000
16.67191700
16.69562500
16.68429100
16.66900000
16.71662500
16.65050000
16.70216700
16.66037500
16.69783300
16.69983400
16.67687500
16.68570800
16.66550000
16.67154200
16.68583300
16.67795800
16.70491700
16.67250000
16.69637500
16.68033300
16.67012500
16.69533400
16.68033300
16.68825000
16.67850000
16.69175000
16.66350000
16.68104200
16.69520800
16.69437500
16.67254200
16.68504100
16.67920900
16.68962500
16.66383300
16.69300000
16.69529200
16.68462500
16.67200000
16.70312500
16.65275000
16.68929100
16.69445900
16.68162500
16.67283300
16.67950000
16.69700000
16.67100000
16.68466700
16.68612500
16.67791600
16.68916700
16.69579200
16.67879100
16.68608400
16.66887500
16.70133300
16.66687500
16.68066700
16.70312500
16.67308300
16.68020800
16.67812500
16.69904200
16.68537500
16.66741700
16.68441600
16.69600000
16.68254200
16.66891700
16.70391600
16.66308400
16.69929100
16.66550000
16.70112500
16.67804200
16.68600000
16.68541700
16.67950000
16.68758300
16.68916700
16.65904100
16.68062500
16.69150000
16.69766700
16.68545800
16.67733400
16.68687500
16.67266600
16.67883400
16.68554100
16.69579200
16.68629200
16.68250000
16.66279100
16.69966700
16.66883300
16.68366700
16.68454200
16.67862500
16.70175000
16.66633300
16.70225000
16.66929200
16.68041600
16.69720900
16.66858300
16.68504200
16.68966600
16.69333400
16.66645800
16.67812500
16.70462500
16.67995800
16.68320900
16.67095800
16.69779200
16.69333300
16.69400000
16.64900000
16.70500000
16.68458300
16.66254200
16.70762500
16.67854200
16.67179100
16.67204200
16.68233300
16.71162500
16.66504200
16.70204200
16.66520800
16.67391700
16.70604100
16.66012500
16.70129200
16.67916700
16.66916600
16.68487500
16.68166700
16.68320800
16.68091700
16.69058300
16.68008400
16.68120800
16.68708300
16.69675000
16.66875000
16.69650000
16.66783400
16.69033300
16.69362500
16.67075000
16.68033300
16.68287500
16.70079200
16.68341700
16.66383300
16.68462500
16.70108300
16.68366700
16.66462500
16.68558300
16.69820900
16.68145800
16.66770800
16.68287500
16.68904200
16.68058300
16.69966700
16.67379200
16.69100000
16.66858300
16.69937500
16.67975000
16.68666700
16.71500000
16.63812500
16.68062500
16.68462500
16.69958300
16.68020800
16.66912500
16.68254200
16.70420800
16.66145900
16.70120800
16.66616700
16.69766600
16.69425000
16.65908400
16.69429100
16.68412500
16.66820900
16.70012500
16.68325000
16.66637500
16.68495800
16.68350000
16.69841700
16.68362500
16.66891600
16.67908400
16.69745800
16.69583300
16.66041700
16.68658300
16.67983400
16.70100000
16.67862500
16.66950000
16.70875000
16.66033300
16.68375000
16.68175000
16.70120800
16.66583400
16.70020800
16.68058300
16.66812500
16.67941700
16.70408300
16.68529200
16.68441700
16.68195800
16.68308300
16.66625000
16.69620900
16.68833300
16.66625000
16.69829200
16.68025000
16.69095800
16.66500000
16.68033300
16.70329200
16.66445800
16.68520900
16.67812500
16.70283300
16.68454200
16.66725000
16.68362500
16.70620800
16.67154200
16.68383300
16.67125000
16.67945800
16.70600000
16.66170900
16.70345800
16.67758300
16.66687500
16.70350000
16.66741700
16.68216700
16.69729100
16.67120900
16.69716600
16.67812500
16.67200000
16.68616700
16.70166700
16.67579100
16.68858400
16.68237500
16.67966600
16.67070900
16.71733300
16.66858300
16.66454200
16.69750000
16.68025000
16.67412500
16.68279200
16.68129100
16.69920900
16.68158300
16.66995800
16.68479200
16.68050000
16.69420800
16.68583400
16.68637500
16.68508300
16.68237500
16.67829200
16.68620800
16.68362500
16.67058300
16.68620900
16.74487500
16.63079100
16.68212500
16.68437500
16.67254200
16.69675000
16.68758300
16.67554200
16.69029200
16.67833300
16.66991700
16.70100000
16.67883300
16.68083300
16.66883400
16.70304100
16.67870900
16.68287500
16.67320800
16.69683300
16.68708400
16.66825000
16.69887500
16.68029100
16.72137500
16.63141700
16.68912500
16.71887500
16.74083300
16.58066700
16.68341700
16.71062500
16.65787500
16.68845800
16.69337500
16.79258300
16.55733400
16.75345800
16.61441700
16.80475000
16.56200000
16.78991600
16.59079200
16.76633300
16.76725000
16.64979200
16.55212500
16.66954200
16.68966600
16.86216700
16.70512500
16.62904200
16.52991600
16.89241700
16.62695800
16.63470900
16.72370800
16.75275000
16.66250000
16.48791700
16.96225000
16.58400000
16.75737500
16.52225000
16.87387500
16.59433300
16.69045800
16.74683400
16.72191600
16.61358400
16.69116600
16.71225000
16.66333400
16.67425000
16.78358300
16.59704200
16.71070800
16.66716700
16.41841600
17.00816700
16.64654200
16.60287500
16.47483300
16.68445800
17.01829200
16.55704200
16.75620800
16.57845800
16.78137500
16.66425000
16.66762500
16.71104200
16.67591700
16.41733300
16.98308300
16.39937500
16.73520900
16.62541600
17.04395900
16.60233300
16.65412500
16.54850000
16.76154200
16.71679100
16.57220900
16.82470800
16.62150000
16.65604200
16.72562500
16.67900000
16.71591600
16.75691700
16.68920800
16.58270900
16.73462500
16.69262500
16.68404100
16.70091700
16.69862500
16.59704200
16.81258300
16.36004200
17.04487500
16.58887500
16.71087500
16.61350000
16.69079100
16.76579200
16.51875000
16.78254200
16.73500000
16.63312500
16.72045800
16.61891700
16.43991600
16.78929200
16.95854200
16.57008300
16.73083300
16.71216700
16.68495800
16.68562500
16.72866700
16.64029200
16.32400000
17.11858300
16.58970800
16.73629200
16.42500000
16.88866700
16.76141600
16.58345900
16.35808300
17.16020800
16.51541700
16.81741700
16.64033300
16.65229200
16.72550000
16.71650000
16.62195800
16.62545800
16.78116700
16.62779200
16.73120800
16.67208300
16.63675000
16.68879200
16.78287500
16.60533300
16.63620900
16.82912500
16.53825000
16.72958300
16.74470800
16.66816700
16.58616700
16.82883300
16.44966700
16.80762500
16.31412500
17.09425000
16.70595800
16.48008300
16.45700000
17.06754200
16.73400000
16.68079200
16.63570800
16.77187500
16.56795800
16.75104200
16.63312500
16.61333300
16.71862500
16.80170900
16.62866600
16.28062500
17.09070900
16.66833300
16.67479200
16.29600000
17.07129100
16.76245900
16.55141600
16.71850000
16.75770900
16.63708300
16.70162500
16.70929200
16.64504100
16.61979200
16.80287500
16.22591700
17.10033300
16.72316700
16.63225000
16.65791600
16.80075000
16.18058400
16.74958300
17.13045800
16.58654200
16.67262500
16.74600000
16.31679200
17.00120800
16.67866700
16.68141600
16.27745900
17.07750000
16.70525000
16.65770800
16.75741700
16.59604100
16.80754200
16.65462500
16.59779200
16.29395800
17.16329200
16.20575000
16.67920800
16.68887500
16.68258300
17.13433400
16.38770800
16.94637500
16.72120800
16.67816700
16.59300000
16.32525000
16.68004200
17.06683300
16.28795800
17.09575000
16.68908400
16.70779100
16.64445900
16.28895800
16.67583300
17.08379200
16.63537500
16.80462500
16.22166700
17.10150000
16.78391600
16.58925000
16.72154200
16.74904200
16.63250000
16.67866600
16.22850000
16.65841700
16.77537500
17.13437500
16.13945800
17.14116700
16.73295800
16.17704200
17.16220800
16.24008400
17.13754100
16.60075000
16.78545900
16.16241600
17.13879200
16.77350000
16.61808300
16.20237500
17.16600000
16.64120900
16.74970800
16.71141700
16.58670800
16.70804200
16.85345800
16.05512500
17.20145800
16.47400000
16.87787500
16.68537500
16.21583400
17.15362500
16.66175000
16.25579100
17.24908400
16.74745800
16.66454200
16.63975000
16.79691600
16.59304200
16.20287500
17.21308300
16.73183400
16.52450000
17.01366600
16.54645900
15.95341600
17.55000000
16.32191700
16.37137500
17.23112500
16.72958300
16.63887500
16.55204200
16.70325000
16.88595800
16.81400000
16.53362500
16.81204200
16.72875000
16.01604200
17.34916600
16.70445900
16.65800000
16.68195800
16.77058300
16.61412500
16.69841700
16.74958300
16.63341700
16.82262500
16.62458300
16.61620900
16.67229100
16.75591700
16.62445800
16.21304200
17.40291700
16.54858300
16.71400000
16.74633300
16.02462500
17.31891700
16.44133300
17.91525000
15.92654200
16.09529200
16.98579100
16.71350000
17.83200000
15.58783400
16.80637500
16.54554100
16.20125000
16.36991700
16.84666700
17.04395800
16.73483300
16.49554200
17.68287500
15.74562500
17.23700000
16.80550000
15.74458300
15.99720900
16.67520800
1693.01533300
14.50825000
13.67562500
14.16391700
16.72220800
16.85066700
16.36333300
16.74095900
16.65275000
16.66120800
16.71595800
16.86550000
16.49862500
16.90483400
16.62395800
16.69604200
16.63404100
16.54841700
16.67175000
16.74458300
16.61662500
16.56358400
16.94533300
16.66283300
16.48325000
16.76833400
16.76029100
16.47350000
16.82395900
16.67245800
16.66212500
16.81491700
16.58304100
16.47666700
16.94391700
16.75466600
16.62033400
16.63179100
16.69587500
16.76858400
16.65933300
16.61733300
16.57520900
16.94666600
16.53362500
16.63991700
16.68541700
16.66950000
16.69483300
16.81270800
16.57687500
16.55566700
16.85404200
16.62108300
16.69187500
16.70212500
16.65000000
16.58645800
16.84391700
16.70233300
16.63700000
16.70112500
16.68550000
16.66804200
16.68404200
16.70670800
16.66791700
16.74608300
16.58970800
16.51095900
16.88375000
16.69229100
16.60120900
16.75666600
16.58758400
16.82533300
16.65333300
16.49929200
16.88908300
16.73887500
16.45104200
16.78775000
16.71758300
16.56987500
16.89400000
16.53158400
16.56858300
16.63858300
16.86404200
16.61645800
16.81875000
16.59758400
16.74075000
16.65445800
16.68320800
16.63825000
16.83733400
16.54341600
16.66250000
16.75970900
16.73479100
16.70962500
16.60745900
16.69504100
16.68404200
16.63383300
16.72933400
16.65708300
16.71950000
16.73316700
16.61387500
16.67583300
16.64037500
16.79487500
16.62991700
16.63416600
16.72841700
16.59762500
16.87829200
16.66870800
16.67758300
16.64179200
16.84112500
16.56437500
16.71354200
16.65412500
16.81320800
16.53479200
16.72991600
16.66479200
16.61783300
16.84304200
16.57504200
16.61891600
16.77733400
16.68845800
16.65429200
16.69091600
16.74791700
16.57841700
16.80391600
16.46383400
16.81154100
16.75483400
16.73983300
16.67887500
16.57733300
16.61941700
16.84070800
16.66845900
16.70016600
16.56120900
16.77195800
16.58745800
16.86487500
16.53787500
16.70262500
16.66262500
16.34108400
18.99958300
20.43091700
13.62304100
13.75845900
16.87945800
16.87200000
16.59483300
17.98779200
15.36370800
16.54370900
16.77900000
16.70733300
17.42112500
15.81404200
16.70687500
16.64225000
16.71366600
16.68945900
16.47641600
16.92166700
16.72533300
16.56000000
16.73233400
16.67116600
16.63750000
16.73783400
16.65833300
16.62212500
16.84029200
16.62237500
16.62958300
16.77150000
16.68825000
16.43645800
16.90058400
16.68250000
16.50787500
16.84587500
16.70941600
16.65104200
16.67150000
16.73333300
16.65745900
16.73154100
16.70320900
16.61391600
16.71854200
16.62733300
16.65220900
16.71920800
16.67679200
16.72791600
16.65637500
16.66662500
16.49566700
16.91829200
16.64454100
16.68112500
16.69958400
16.67800000
16.70537500
16.62941600
16.68679200
16.60966700
16.80325000
16.70804100
16.63416700
16.70970800
16.62595900
16.71529100
16.67916700
16.64279200
16.64354100
16.78504200
16.56391700
16.78591600
16.68579200
16.63550000
17.28633300
16.12287500
16.62266700
16.76566700
16.71029100
16.59783400
16.77833300
16.66829200
16.55816600
16.75720900
16.77133300
16.63095800
16.55845900
17.88962500
15.72825000
16.65662500
17.05970800
18.50566700
14.83920800
29.25487500
21.86504200
19.64500000
15.24395800
14.80866700
14.92058300
15.02062500
14.16754200
13.96312500
13.67683300
14.02058300
13.44837500
16.34341700
16.69670800
16.71050000
16.71016700
16.62645800
16.70391700
16.63150000
16.74683300
16.65529200
16.64641700
16.73875000
16.71658300
16.65883300
16.71158400
17.20604100
16.99737500
16.50012500
16.24254200
16.82533300
17.41883400
20.30341600
16.61162500
16.37725000
16.00200000
13.78633400
15.96983300
16.68404200
16.51487500
16.74050000
16.86325000
16.40683300
16.86916700
16.59570800
16.66020800
16.73854200
16.61925000
16.74333300
16.70979200
16.73929200
16.68337500
16.60379100
16.73416700
16.90754200
16.41675000
16.52554100
16.84200000
16.65366700
16.67550000
16.74304200
16.63745800
16.66266700
16.76037500
16.75645800
16.73683300
16.62216700
16.73570800
16.67637500
16.57087500
16.63570900
16.56395800
16.78708300
16.74583400
16.59537500
17.39091600
16.45458400
16.70008300
16.67312500
16.76283300
16.37225000
16.58633400
16.68662500
16.48150000
16.83566600
16.59275000
16.49954200
16.93358300
16.65133400
16.58733300
16.79137500
16.64054200
16.62816600
16.74295900
16.65983300
16.66425000
16.78850000
16.66241700
16.60195800
16.71183300
16.82020900
16.52179100
16.92370900
16.63133300
16.66220800
16.60112500
16.63179200
16.71487500
16.73070800
16.57737500
16.78287500
16.62975000
16.64425000
16.70062500
16.73591700
16.61241700
16.63445800
16.77845800
16.66050000
16.60641700
16.75662500
16.66275000
16.69625000
16.74429200
16.59995800
16.68975000
16.73845800
16.66345900
16.65737500
16.74862500
16.60033300
16.64895800
16.80266700
16.55441700
16.76020800
16.76366700
16.54283300
16.66679200
16.75895800
16.64037500
16.75900000
16.68112500
16.57825000
16.75341700
16.72604100
16.58316700
16.63429200
16.82091600
16.55779200
16.80729200
16.71350000
16.64929100
16.66866700
16.73558300
16.64995900
16.55520800
16.76325000
16.76783300
16.67616700
16.68916700
16.60658300
16.76520800
16.60712500
16.76000000
16.59987500
16.67304200
16.76125000
16.70754200
16.59183300
16.71825000
16.74141700
16.63487500
16.64987500
16.53450000
16.83820800
16.74695800
16.63337500
16.66016700
16.70962500
16.69804200
16.60925000
16.75566600
16.63379200
16.69575000
16.72145800
16.67841700
16.56112500
16.79187500
16.75691700
16.55533300
16.79250000
16.41112500
16.83008300
16.85516700
16.60716700
16.55620800
16.77187500
16.71629200
16.60750000
16.72150000
16.72304100
16.57245900
16.77500000
16.70191600
16.82445900
16.82762500
16.42137500
16.67237500
16.66750000
16.54420800
16.82483300
16.76245900
16.58241600
16.70550000
16.71762500
16.60087500
16.74216700
16.64195800
16.67104200
16.66891700
16.73216600
16.65770900
16.66929100
16.73654200
16.64937500
16.70900000
16.65754200
16.54708300
16.90137500
16.63787500
16.62954200
16.73158300
16.71700000
16.61008300
16.72841700
16.64929200
16.56145800
16.82695800
16.67183400
16.56291600
16.79400000
16.71775000
16.57445900
16.79316600
16.71045900
16.41604100
16.94270900
16.68491600
16.53595900
16.84337500
16.65679100
16.47875000
16.87812500
16.64108400
16.63170800
16.77570800
16.67770900
16.63308300
16.70170800
16.72166700
16.67762500
16.67304200
16.67512500
16.61783300
16.79841700
16.63950000
16.54820800
16.84458300
16.63341700
16.75045800
16.59258400
16.68550000
16.72525000
16.72229100
16.57450000
16.74700000
16.70262500
16.65400000
16.73100000
16.69158400
16.63691600
16.53241700
16.89275000
16.63479200
16.71016600
16.68862500
16.62862500
16.74275000
16.60695900
16.71075000
16.67945800
16.68225000
16.58462500
16.82316700
16.68450000
16.58570800
16.70900000
16.73120800
16.60279200
16.65300000
16.78245800
16.56983400
16.79575000
16.70245800
16.59337500
16.72420800
16.69458400
16.63820800
16.76487500
16.68850000
16.60404200
16.64404100
16.76991700
16.72266700
16.64691600
16.67125000
16.73175000
16.46045900
16.90800000
16.65791600
16.67725000
16.66841700
16.68962500
16.66145800
16.67175000
16.72050000
16.59620900
16.72537500
16.75641600
16.68991700
16.61945800
16.72845900
16.66475000
16.69791600
16.73591700
16.55029200
16.71862500
16.75075000
16.64612500
16.68000000
16.67666600
16.70762500
16.65404200
16.77458300
16.66050000
16.51191700
16.86162500
16.65083300
16.57125000
16.81641700
16.66108300
16.62395900
16.76883300
16.51408300
16.75562500
16.77712500
16.54495900
16.67841600
16.77725000
16.69587500
16.65366700
16.71787500
16.64108300
16.70454200
16.76279200
16.67775000
16.61600000
16.68037500
16.72950000
16.70162500
16.63245800
16.49445800
16.89066700
16.68187500
16.65320800
16.64612500
16.71004200
16.70579200
16.68766600
16.64216700
16.65741700
16.77754100
16.67633400
16.64279100
16.68029200
16.73566700
16.52812500
16.87570800
16.61175000
16.48491700
16.89445800
16.67891700
16.61366600
16.73170900
16.72370800
16.64666700
16.70975000
16.63716600
16.60933400
16.78616600
16.69337500
16.52283400
16.86004100
16.70783400
16.62895800
16.69208300
16.64620900
16.55408300
16.86291700
16.70404100
16.58904200
16.76904200
16.66754100
16.59825000
16.78320900
16.66562500
16.57758300
16.76187500
16.72291700
16.64791600
16.65362500
16.73829200
16.70487500
16.68712500
16.61808300
16.61620900
16.78229100
16.63533400
16.69112500
16.72287500
16.66345800
16.63125000
16.77575000
16.61645800
16.73750000
16.64250000
16.69495900
16.64962500
16.73541600
16.67220900
16.68354100
16.67358400
16.63100000
16.66541600
16.76600000
16.64983400
16.60175000
18.05520800
15.95154200
17.57320800
24.71804200
14.72583300
14.94066700
15.32187500
14.62237500
14.72716600
16.40741700
16.74691700
16.67920800
16.77525000
16.43279200
16.51875000
17.00579100
16.65754200
16.80941700
16.57666600
16.66962500
16.75641700
16.61262500
16.66675000
16.76000000
16.65691700
16.65516600
16.63716700
16.74041700
16.66241600
16.70445900
16.70416600
16.61087500
16.73912500
26.20841700
15.71225000
16.07004200
15.68800000
17.40200000
14.58950000
15.00416600
14.97137500
16.25720900
15.49579100
16.07529200
16.63541700
16.57516600
16.75279200
16.65329200
16.68687500
16.72454100
16.52612500
16.75300000
16.78904200
16.66104200
16.63895800
16.72591700
16.65454100
16.61466700
16.78870800
16.52120900
16.70841600
16.82354200
16.65087500
16.59579200
16.73375000
16.72858300
16.61379200
16.76462500
16.59883300
16.66870800
16.77795900
16.68608300
16.60062500
16.70837500
16.69933300
16.72920900
16.68066600
16.64725000
16.64166700
16.76354200
16.65787500
16.67645800
16.67066700
16.69141600
16.72383400
16.66025000
16.47058300
16.89408300
16.73091700
16.50033300
16.79625000
16.66529200
16.67729200
16.73662500
16.70275000
16.58045800
16.70750000
16.74729200
16.66758300
16.64570800
16.68362500
16.71141700
16.73016700
16.63429100
16.49912500
16.87729200
16.68058300
16.65720900
16.71962500
16.62912500
16.62916600
16.78333400
16.76445800
16.54137500
16.72866700
16.69737500
16.64337500
16.68770800
16.74025000
16.48750000
16.85304200
16.69391600
16.48812500
16.87187500
16.71237500
16.60366700
16.76025000
16.67362500
16.64962500
16.74466700
16.62012500
16.74587500
16.68058300
16.67004200
16.61612500
16.74887500
16.63766600
16.70825000
16.66991700
16.66679200
16.61395800
16.80333300
16.66320900
16.72504100
16.64400000
16.67495900
16.72158300
16.63783300
16.64691700
16.66250000
16.77816700
16.61404100
16.69566700
16.70491700
16.66666600
16.76962500
16.61966700
16.62520800
16.55070900
16.92770800
16.62487500
16.69166700
16.72125000
16.56795800
16.70779200
16.73420800
16.59458300
16.78566700
16.65233300
16.61420900
16.73008300
16.74979200
16.55254100
16.84220900
16.65062500
16.55858300
16.65979200
16.85379100
16.55754200
16.67770800
16.79583400
16.66812500
16.69529100
16.60387500
16.75445900
16.66587500
16.70741600
16.63166700
16.72154200
16.64370800
16.72520800
16.63329200
16.69766700
16.70850000
16.49654100
16.80500000
16.70975000
16.77258400
16.58745800
16.73554200
16.63566600
16.50429200
16.79904200
16.75200000
16.65416600
16.67975000
16.75479200
16.62800000
16.63850000
16.75133300
16.71666700
16.60050000
16.75975000
16.78641700
16.61870800
16.64387500
16.64933300
16.68770900
16.69787500
16.64729100
16.75775000
16.63450000
16.60750000
16.70208400
16.78450000
16.57112500
16.75216600
16.70879200
16.61600000
16.56383300
16.84670900
16.60250000
16.85687500
16.62279100
16.70020900
16.65312500
16.70895800
16.66158300
16.59954200
16.79975000
16.63837500
16.73245800
16.64629200
16.67491700
16.71283300
16.66670800
16.67929200
16.60429200
16.69116600
16.72100000
16.74283400
16.62558300
16.72137500
16.59279200
16.76704100
16.73091700
16.63883300
16.59975000
16.76125000
16.73079200
16.67270800
16.64337500
16.72883400
16.66650000
16.66716600
16.59937500
16.72658400
16.73491600
16.58250000
16.67766700
16.73158300
16.74312500
16.57600000
16.76770900
16.71137500
16.54237500
16.81375000
16.69954100
16.60504200
16.84683300
16.63991700
16.53554200
16.75937500
16.51750000
16.74991600
16.80737500
16.68016700
16.69437500
16.62775000
16.72395800
16.67304200
16.68883300
16.68216700
16.67225000
16.69058300
16.68875000
16.71095900
16.61491600
16.56725000
17.06466700
16.47770800
16.44258400
16.88504100
16.70225000
16.67229200
16.65579200
16.70079100
16.67595900
16.71895800
16.68541700
16.59683300
16.74050000
16.68070800
16.56041700
16.82554200
16.72520800
16.62966700
16.71112500
16.66333300
16.48833300
16.93966700
16.64066700
16.61141600
16.73100000
16.73241700
16.56341700
16.78091600
16.61925000
16.50845900
16.92083300
16.65862500
16.60975000
16.71650000
16.69291700
16.60387500
16.80612500
16.69050000
16.47375000
16.86708300
16.71579200
16.67250000
16.62625000
16.71100000
16.63325000
16.76925000
16.64133300
16.65925000
16.75450000
16.60416700
16.74412500
16.70525000
16.63458300
16.72154200
16.70470800
16.58429200
16.62912500
16.81275000
16.65166600
16.63525000
16.78770900
16.62916600
16.72412500
16.66470900
16.65475000
16.71941600
16.68575000
16.65375000
16.69225000
16.68325000
16.67250000
16.70729200
16.73645800
16.52958400
16.57245800
16.91604200
16.56920800
16.76212500
16.72216700
16.54950000
16.75816600
16.73391700
16.55562500
16.84550000
16.65925000
16.59012500
16.72229200
16.69341600
16.60741700
16.66745800
16.74695900
16.63470800
16.70875000
16.75700000
16.66745800
16.65462500
16.75754200
16.70025000
16.63720800
16.68191700
16.65695800
16.75558400
16.58983300
16.70170800
16.60437500
16.74179200
16.73070800
16.70258400
16.58595800
16.77325000
16.58283300
16.72837500
16.75016700
16.63708300
16.66895900
16.72516600
16.64466700
16.70912500
16.66891700
16.65025000
16.73629100
16.69158400
16.70166600
16.62254200
16.69470800
16.73033400
16.64266600
16.72725000
16.56437500
16.71662500
16.74012500
16.72379200
16.58404200
16.72104100
16.74433400
16.60937500
16.77295800
16.67537500
16.58258300
16.75333400
16.68937500
16.57604100
16.76191700
16.71866700
16.64516600
16.72475000
16.47979200
16.88012500
16.68150000
16.59950000
16.76016700
16.65345800
16.70070800
16.67366700
16.69716700
16.61912500
16.71650000
16.72283300
16.65620800
16.67787500
16.70820900
16.63841600
16.72533400
16.67712500
16.46037500
16.92112500
16.71350000
16.64816600
16.67791700
16.66229200
16.68641600
16.71783400
16.68341600
16.58425000
16.78345900
16.67429100
16.65700000
16.71025000
16.64983400
16.55404100
16.89429200
16.57900000
16.52075000
16.85791700
16.73408300
16.59945800
16.73216700
16.71908300
16.58479200
16.80645800
16.67933400
16.56737500
16.77529100
16.68712500
16.95566700
16.39170800
16.69929200
16.63608300
16.77720900
16.63733300
16.56275000
16.80708300
16.70420900
16.62091600
16.72920900
16.67283300
16.69525000
16.74579200
16.60458300
16.60779200
16.75200000
16.67191600
16.69075000
16.72208400
16.63662500
16.73791600
16.67000000
16.63979200
16.51625000
16.91179200
16.67495800
16.64616700
16.73258300
16.62550000
16.61870800
16.74287500
16.68833400
16.69691600
16.70691700
16.61983300
16.72262500
16.70566700
16.87458300
16.54020900
16.63904100
16.58683400
16.66237500
16.79191600
16.57633400
16.65300000
16.89020800
16.50087500
16.83845800
16.59958400
16.60879100
16.83212500
16.67700000
16.56795900
16.76083300
16.65304200
16.58400000
16.82750000
16.67641600
16.67250000
16.97954200
16.39687500
16.70533300
16.64250000
16.67275000
16.68645900
16.73512500
16.61545800
16.73829200
16.76816600
16.52954200
16.71704200
16.66612500
16.65083300
16.74658300
16.62112500
16.69529200
16.74275000
16.54650000
16.75995800
16.72704200
16.66387500
16.65733300
16.75516700
16.66633300
16.61612500
16.71725000
16.71116700
16.63908300
16.75808400
16.54945800
16.70787500
16.77012500
16.66433300
16.59720900
16.78670800
16.46920800
16.85012500
16.71837500
16.69762500
16.55633400
16.77712500
16.71237500
16.58662500
16.77954100
16.54054200
16.75025000
16.76620800
16.71254200
16.54816700
16.76279100
16.69520900
16.69345800
16.64841700
16.60666600
16.79900000
16.64441700
16.67850000
16.71370800
16.64904200
16.96908300
16.39741700
16.79966700
16.55329100
16.67620900
16.75695800
16.66454200
16.70845800
16.62779200
16.68270800
16.78716700
16.65412500
16.47404100
16.90916700
16.61141700
16.55608300
16.79762500
16.67612500
16.72087500
16.63787500
16.69183300
16.62812500
16.76145900
16.65229100
16.70733400
16.66125000
16.69820800
16.59820800
16.78458400
16.65704100
16.50212500
16.89100000
16.66791700
16.57566700
16.78966600
16.67470900
16.61400000
16.81525000
16.63725000
16.63537500
16.72133300
16.70991700
16.60570800
16.78037500
16.63875000
16.58750000
16.78991700
16.68416600
16.56062500
16.83129200
16.67325000
16.66800000
16.70129200
16.63112500
16.77133300
16.61150000
16.67145800
16.72941700
16.72637500
16.58600000
16.75408300
16.68604200
16.62629200
16.69683300
16.66500000
16.65287500
16.66570800
16.81091700
16.61183300
16.74558400
16.71258300
16.62004200
16.64566600
16.70437500
16.66495900
16.63254100
16.78554200
16.58204200
16.76404100
16.67654200
16.61270800
16.71412500
16.70487500
16.62733400
16.66929100
16.76750000
16.59333400
16.78129100
16.70966700
16.59758300
16.63854200
16.79037500
16.62916700
16.73479100
16.68433400
16.60879100
16.77316700
16.71983300
16.68154200
16.67841700
16.63116600
16.73591700
16.54166700
16.81212500
16.67170800
16.57816700
16.77075000
16.71358300
16.65150000
16.61670800
16.79895900
16.62016600
16.68716700
16.66254200
16.73037500
16.62970800
16.71020800
16.65895900
16.67695800
16.72775000
16.52245800
16.85220900
16.68554100
16.71350000
16.57733400
16.76833300
16.65608300
16.66220900
16.78908300
16.63091700
16.56862500
16.73929100
16.74066700
16.56491700
16.81725000
16.52050000
16.74300000
16.74375000
16.57445800
16.72850000
16.73745800
16.68500000
16.65170900
16.69983300
16.72362500
16.55837500
16.83645800
16.60716700
16.63225000
16.79375000
16.56870800
16.78779200
16.67908300
16.64812500
16.69454200
16.68016700
16.61916600
16.73058400
16.72029100
16.65620900
16.71912500
16.63758300
16.68158300
16.72004200
16.69295800
16.58437500
16.73737500
16.72625000
16.68012500
16.67133400
16.64070800
16.70262500
16.73583300
16.62008400
16.58012500
16.81629100
16.73687500
16.65887500
16.66520900
16.65116600
16.60758400
16.81308300
16.68341700
16.56462500
16.74645800
16.70816700
16.63337500
16.70704100
16.67558400
16.69116600
16.72541700
16.68925000
16.47312500
16.88795800
16.69412500
16.53233400
16.76787500
16.73025000
16.60133300
16.77133300
16.67770900
16.59666600
16.78212500
16.71175000
16.66366700
16.62387500
16.71779200
16.71920800
16.66762500
16.63595800
16.49191700
16.90545800
16.60054200
16.79066700
16.60583300
16.67795800
16.76487500
16.66641700
16.59945800
16.69858400
16.74304100
16.63312500
16.74929200
16.62770800
16.67600000
16.64045900
16.77175000
16.61179100
16.64070900
16.78095800
16.67604200
16.69658300
16.69833300
16.65429200
16.72100000
16.69058300
16.54308400
16.78112500
16.74029100
16.57579200
16.71429200
16.74566600
16.57937500
16.72233400
16.75170800
16.54141700
16.69637500
16.81833300
16.59408300
16.73483400
16.70370800
16.56475000
16.80691700
16.65379100
16.60733400
16.66591600
16.79962500
16.69708400
16.62812500
16.71120800
16.76129200
16.63562500
16.64125000
16.68425000
16.49758300
16.86033300
16.71875000
16.64429200
16.66608300
16.73133400
16.57487500
16.69712500
16.72675000
16.70600000
16.65891600
16.70016700
16.71920800
16.63741700
16.73658300
16.70629200
16.58337500
16.74341700
16.58633300
16.77987500
16.65091700
16.64645800
16.75620800
16.72979200
16.67337500
16.51479200
16.79670800
16.70441700
16.60545800
16.74120800
16.67175000
16.65033400
16.73208300
16.69025000
16.57700000
16.79729200
16.55333300
16.83170800
16.67970900
16.66916600
16.60816700
16.79370800
16.68487500
16.62650000
16.75591700
16.63316700
16.70854100
16.68420900
16.65766600
16.70816700
16.68766700
16.55450000
16.74591600
16.75620900
16.50350000
16.78720800
16.74070800
16.64679200
16.72137500
16.66875000
16.64212500
16.72795800
16.72425000
16.62466700
16.65870800
16.72525000
16.54887500
16.78400000
16.65583400
16.73450000
16.70595800
16.67962500
16.44558300
16.87070900
16.70733300
16.64608300
16.72795900
16.64675000
16.65629100
16.78495900
16.61954100
16.53250000
16.84945900
16.72020800
16.58220800
16.76820900
16.65441600
16.59287500
16.80525000
16.68320900
16.48183300
16.87908300
16.71400000
16.52666700
16.76020800
16.67712500
16.63845900
16.82341600
16.67900000
16.62750000
16.69004200
16.64583300
16.75504200
16.63550000
16.70162500
16.75691700
16.61141600
16.66779200
16.57966700
16.80841600
16.66295900
16.60195800
16.74533300
16.68145900
16.75383300
16.63216700
16.62466600
16.73454200
16.68179200
16.71000000
16.64216600
16.67995900
16.71558300
16.70087500
16.69745800
16.58191700
16.58145800
16.86008400
16.68725000
16.65095800
16.66487500
16.65166700
16.80783300
16.67595800
16.54150000
16.79641700
16.69879200
16.59175000
16.79125000
16.61737500
16.62520800
16.67608300
16.79641700
16.54562500
16.58925000
16.92825000
16.54795800
16.81120900
16.64716600
16.66208400
16.70337500
16.72408300
16.62108300
16.69570900
16.68850000
16.68841600
16.63420900
16.77954100
16.65983400
16.70441600
16.62016700
16.68320800
16.60625000
16.81233400
16.70591600
16.65175000
16.62204200
16.77500000
16.64095800
16.68641700
16.64420800
16.61075000
16.74862500
16.75583400
16.60462500
16.68783300
16.77041700
16.67433300
16.59062500
16.70470800
16.61600000
16.77837500
16.71412500
16.61541700
16.62420800
16.81366700
16.59191700
16.63679100
16.76679200
16.70929200
16.58391600
16.76550000
16.67945900
16.66137500
16.72029100
16.70625000
16.55779200
16.80570800
16.55487500
16.71995900
16.77304100
16.56337500
16.77204200
16.72804200
16.67745800
16.63937500
16.70620800
16.67537500
16.73241700
16.63379200
16.66587500
16.74137500
16.67362500
16.63420800
16.73470800
16.67129200
16.47100000
16.89070800
16.68212500
16.66808400
16.70912500
16.65500000
16.62187500
16.77958300
16.69050000
16.69029200
16.68979100
16.67354200
16.63283300
16.73420900
16.69808300
16.46187500
16.87154200
16.70308300
16.46862500
16.82920800
16.74795900
16.56400000
16.79600000
16.66758300
16.56370800
16.79583400
16.73491600
16.59762500
16.69566700
16.70033300
16.54962500
16.86116700
16.64795800
16.60708400
16.78170800
16.65695800
16.50504200
16.84808300
17.43970900
16.69220800
18.87108300
18.45537500
16.48566700
15.95508300
15.83904200
16.55391700
16.83470800
16.35875000
16.18887500
16.20416700
15.63091600
16.38033400
16.62741600
16.60354200
16.75354200
16.72816600
16.58941700
16.84554200
16.63487500
16.39570800
16.64316700
16.73612500
16.62441600
16.85050000
16.61479200
16.68137500
16.70216700
16.74854100
16.56812500
16.81866700
16.54458300
16.63475000
16.55541700
16.89283300
16.55616700
16.65354200
16.79833300
16.61483300
16.77675000
16.58175000
16.67775000
16.75825000
16.67391700
16.59970800
16.74445900
16.69366600
16.60512500
16.76712500
16.64891700
16.62208300
16.56200000
16.90741700
16.66041700
16.69645800
16.67333300
16.69312500
16.67116700
16.67925000
16.71200000
16.65637500
16.62566700
16.70337500
16.73670800
16.65258300
16.70875000
16.62083400
16.68950000
16.53033300
16.87133300
16.58266700
16.71854200
16.73858300
16.68237500
16.66337500
16.69341700
16.67875000
16.73970800
16.64729200
16.64487500
16.66479100
16.78075000
16.72641700
16.61320800
16.68591700
16.70125000
16.59812500
16.81912500
16.51958300
16.80929200
16.73125000
16.61054200
16.69450000
16.66450000
16.64387500
16.65062500
16.75475000
16.60791600
16.79533400
16.67220800
16.57270800
16.80875000
16.66541700
16.81345800
16.40100000
16.84750000
16.60508400
16.76054100
16.66862500
16.72770900
16.55804100
16.73150000
16.72645900
16.65754100
16.66695900
16.71112500
16.71262500
16.65279100
16.69204200
16.64391700
16.68479100
16.74366700
16.54891700
16.78870800
16.67741700
16.62075000
16.75979100
16.71645900
16.61133300
16.66725000
16.72620800
16.67725000
16.68058400
16.71400000
16.70387500
16.64737500
16.69679100
16.63575000
16.68095900
16.70629100
16.50400000
16.81041700
16.74316700
16.73545800
16.57450000
16.76883300
16.65158400
16.61204100
16.78679200
16.73137500
16.51600000
16.77791700
16.80791600
16.48179200
16.74362500
16.56691700
16.70225000
16.83304100
16.55579200
16.68716700
16.76304100
16.72212500
16.65870900
16.65991600
16.69208400
16.72541600
16.67462500
16.64441700
16.64383300
16.77845900
16.52095800
16.74950000
16.72733300
16.63591700
16.74575000
16.67700000
16.50083300
16.86033400
16.68920800
16.67016700
16.73650000
16.66012500
16.66462500
16.69725000
16.70458300
16.48037500
16.85387500
16.70900000
16.61758300
16.70783400
16.71608300
16.65200000
16.68662500
16.68000000
16.51304200
16.91004100
16.65012500
16.56679200
16.75629200
16.70945800
16.50025000
16.91050000
16.65470800
16.60312500
16.75787500
16.69975000
16.57787500
16.77691700
16.71825000
16.56333300
16.82583400
16.59395800
16.61454200
16.83750000
16.65375000
16.54504100
16.78204200
16.71283300
16.67816700
16.67691700
16.62987500
16.73058300
16.69433300
16.64829200
16.67008300
16.74454200
16.63929200
16.72287500
16.70204100
16.57954200
16.58550000
16.88879200
16.61612500
16.71162500
16.71225000
16.61054100
16.73908400
16.67925000
16.62141600
16.74650000
16.65658400
16.65420800
16.69500000
16.72491700
16.62033300
16.64458300
16.78295900
16.59700000
16.55708300
16.92466700
16.57687500
16.75929100
16.69316700
16.59683300
16.79108400
16.65691600
16.61004200
16.75395800
16.71129200
16.53887500
16.71637500
16.89250000
16.53545800
16.78520900
16.61179100
16.66670900
16.62100000
16.77462500
16.70895800
16.67445800
16.70633400
16.67162500
16.65920800
16.72533300
16.65408400
16.59320800
16.70633300
16.71329200
16.70054200
16.61950000
16.75341600
16.65208400
16.66329100
16.72779200
16.57458300
16.77125000
16.73700000
16.70691700
16.59479200
16.71366600
16.55991700
16.76162500
16.75458300
16.65312500
16.63616700
16.69279200
16.70316600
16.65116700
16.74658300
16.68087500
16.57954200
16.78070800
16.57116700
16.69975000
16.79279200
16.58041600
16.71825000
16.73904200
16.64175000
16.64500000
16.76387500
16.81508300
16.49583400
16.72104100
16.73787500
16.54037500
16.80245900
16.68316600
16.65912500
16.68854200
16.47329200
16.94316600
16.66366700
16.70133300
16.61954200
16.68500000
16.68987500
16.69483300
16.68541700
16.63120800
16.71808400
16.70808300
16.64941700
16.69458300
16.67875000
16.56966700
16.80941600
16.64904200
16.54812500
16.85366700
16.68504100
16.68916700
16.66225000
16.70541700
16.67820800
16.70587500
16.62375000
16.69575000
16.69012500
16.72366700
16.57891600
16.76262500
16.68666700
16.61358300
16.75012500
16.64200000
16.51383400
16.88425000
16.68220800
16.64083300
16.69750000
16.71637500
16.59262500
16.75745900
16.66358300
16.56883300
16.88304200
16.70850000
16.49795800
16.78025000
16.70141700
16.70562500
16.66708300
16.65300000
16.60920900
16.80187500
16.73441600
16.62183400
16.68612500
16.67575000
17.37150000
15.99033300
16.66637500
16.70804200
16.74608300
16.62745800
16.67116700
16.72566700
16.61979100
16.77608400
16.65900000
16.64983300
16.45545800
16.89700000
16.65970900
16.60054100
16.82754200
16.61841700
16.73137500
16.64379100
16.69891700
16.67937500
16.71208300
16.63862500
16.71979200
16.84650000
16.51762500
16.71562500
16.64791700
16.55837500
16.57745800
16.90658300
16.60425000
16.76420900
16.65754100
16.64908400
16.74333300
16.68612500
16.56745800
16.75791700
16.89250000
16.55141700
16.74395800
16.61629200
16.62179100
16.69154200
16.74866700
16.64962500
16.53579100
16.82841700
16.64454200
16.79283300
17.03145800
16.55270900
16.81458300
16.60525000
16.72475000
16.91420800
16.85058400
17.11941600
17.66645900
16.53675000
16.65666600
16.48866700
14.81908300
16.70858400
16.61108300
16.73179200
16.70350000
16.71241600
16.70429200
16.70904200
16.71429100
16.53812500
16.69166700
16.61987500
16.73470800
16.72450000
16.67516700
16.59479200
16.75562500
16.74400000
16.58770800
16.84541700
16.39983300
16.77733300
16.73962500
16.70766700
16.58008300
16.83408400
16.53791600
16.69108400
16.74120800
16.69883300
16.56354200
16.82854200
16.66454100
16.67612500
16.69879200
16.65870800
16.68895900
16.71075000
16.55650000
16.81225000
16.65100000
16.57466600
16.85041700
16.69995800
16.58491700
16.72279200
16.68591600
16.63562500
16.77537500
16.70120900
16.55716600
16.75133400
16.69566600
16.61383400
16.84175000
16.72870800
16.98516700
16.37062500
16.64845800
16.56850000
16.66958300
16.71604200
16.62258300
16.73383400
16.70862500
16.61404100
16.75604200
16.70425000
16.58566700
16.73700000
16.69054100
16.51133400
16.83279100
16.68783400
16.48512500
16.90125000
16.72400000
16.52175000
16.76991600
16.76133400
16.60425000
16.70570800
16.65770800
16.62550000
16.78745900
16.65733300
16.63075000
16.76879200
16.65945800
16.69175000
16.71741700
16.81408300
16.49020800
16.80570900
16.64216600
16.73025000
16.54766700
16.71345800
16.68679200
16.70725000
16.57570800
16.66825000
16.84141700
16.60779200
16.72162500
16.66795800
16.64462500
16.70762500
16.66866700
16.62908300
16.65604200
16.79270800
16.67041700
16.68600000
16.68787500
16.64612500
16.74650000
16.67075000
16.65325000
16.72700000
16.63566600
16.59870900
16.77650000
16.70891600
16.58387500
16.83512500
16.58216700
16.60729200
16.72333300
16.73691700
16.60529100
16.66450000
16.78175000
17.24712500
16.57900000
16.59516700
16.77687500
16.96225000
16.55920800
16.75716700
16.41162500
16.70312500
16.66712500
16.49345800
16.77479200
21.32775000
17.16954200
16.17133300
15.72666700
15.67870800
15.60662500
15.51412500
16.24562500
16.67179200
17.42500000
16.64875000
17.44362500
17.94816600
16.77429200
16.28020800
15.88295900
16.92929100
17.34245900
15.97483300
15.42195800
16.17262500
16.66854200
16.86629200
16.62929100
16.69529200
16.63216700
16.77691600
16.47275000
17.01912500
16.21620900
16.61466600
16.68070900
16.55012500
16.96712500
16.65462500
16.49520800
16.89179200
16.77750000
16.29758300
16.74370800
16.71283400
16.57033300
16.93366700
16.61187500
16.53825000
16.90458300
16.48816700
16.73525000
16.84216600
16.65087500
16.50991700
16.70179200
16.70650000
16.68983300
16.70912500
16.50241700
16.83775000
16.69583300
16.62250000
16.73541700
16.65658300
16.58070800
16.80266700
16.69837500
16.59000000
16.70187500
16.73779200
16.64862500
16.80225000
16.63479100
16.65062500
16.69712500
16.67754200
16.51404200
16.82716600
16.74237500
16.50450000
16.78516700
16.70212500
16.66754200
16.74362500
16.62270800
16.58162500
16.77983300
16.75062500
16.57612500
16.71795900
16.72158300
16.59095800
16.78537500
16.68679200
16.44675000
16.86220800
16.76041700
16.57437500
16.72187500
16.72070800
16.62254200
16.76216700
16.67237500
16.64858300
16.65570800
16.73679200
16.69825000
16.64479200
16.68287500
16.61616600
16.76600000
16.63304200
16.58529200
16.81275000
16.67116600
16.78287500
16.61558400
16.62537500
16.80875000
16.77620800
16.71516700
16.64345800
16.55587500
16.61829200
16.71029100
16.66420900
16.69620800
16.75337500
16.66370800
16.57020900
16.61825000
16.83241600
16.65029200
16.70300000
16.69470800
16.65366700
16.72241700
16.66220800
16.57283300
16.71620900
16.81329100
16.56716700
16.75750000
16.67675000
16.62608300
16.78695900
16.63008300
16.56433300
16.74995900
16.77183300
16.58541700
16.77675000
16.72604100
16.55537500
16.70779200
16.78275000
16.62325000
16.74133300
16.60870900
16.76595800
16.63791700
16.65408300
16.71575000
16.73970800
16.56845900
16.71716600
16.52925000
16.83950000
16.72695900
16.53745800
16.80258300
16.71916700
16.64491700
16.59779100
16.73241700
16.75420800
16.62354200
16.73179200
16.63645800
16.68404200
16.75800000
16.64575000
16.60458300
16.78741700
16.41737500
16.91112500
16.64808300
16.67358300
16.68383400
16.70883300
16.63479200
16.64358300
16.76116700
16.70345800
16.58750000
16.73220800
16.71520900
16.60208300
16.80750000
16.58341700
16.65675000
16.78870800
16.59170800
16.69475000
16.76520900
16.67116600
16.62770900
16.74937500
16.63362500
16.67491600
16.74287500
16.71383400
16.67779100
16.62520900
16.66495800
16.75433300
16.72354200
16.59325000
16.73454200
16.66466600
16.54729200
16.82058300
16.71045900
16.68500000
16.65508300
16.69991700
16.57112500
16.75775000
16.69912500
16.49420800
16.84525000
16.70650000
16.67441700
16.67175000
16.70775000
16.59758300
16.77112500
16.70929200
16.42695800
16.88316700
16.67750000
16.68562500
16.70620800
16.72516700
16.43462500
16.86691600
16.71970900
16.57495800
16.77570800
16.69508400
16.58083300
16.78075000
16.66070800
16.58704200
16.77429200
16.72725000
16.48479100
16.89179200
16.64412500
16.55508300
16.86025000
16.66754200
16.61483300
16.72995900
16.68770800
16.70333300
16.63845900
16.70520800
16.67004200
16.73116600
16.61591700
16.68066700
16.72495800
16.65266700
16.50454100
16.90150000
16.68320900
16.67079100
16.68037500
16.62325000
16.75862500
16.68729200
16.62820800
16.69108400
16.70162500
16.63966600
16.74204200
16.91358300
16.47825000
16.57025000
16.80429200
16.61750000
16.60412500
16.91695800
16.54866700
16.67816700
16.66504100
16.64762500
16.76550000
16.69625000
16.56666700
16.76200000
16.71762500
16.57958300
16.73595900
16.67050000
16.64737500
16.78095800
16.64370800
16.54537500
16.62487500
16.90987500
16.60158400
16.74783300
16.65175000
16.71562500
16.70925000
16.67579200
16.67491600
16.54487500
16.85358400
16.63825000
16.67337500
16.63270800
16.73337500
16.71400000
16.62550000
16.69458300
16.61862500
16.75050000
16.74662500
16.62579200
16.66066700
16.75454100
16.72958400
16.69604100
16.64150000
16.61679200
16.64650000
16.77229200
16.63729100
16.68533400
16.72629100
16.68812500
16.57883400
16.71604100
16.65466700
16.72941700
16.67179100
16.58941700
16.76045800
16.77425000
16.64512500
16.55487500
16.81066700
16.66516700
16.62837500
16.72016600
16.72404200
16.61900000
16.77879200
16.62141600
16.57908400
16.85462500
16.44366600
16.84633400
16.69129100
16.72900000
16.67287500
16.67920900
16.63133300
16.73420800
16.72150000
16.64920900
16.64912500
16.70041600
16.69454200
16.70200000
16.67758300
16.48925000
16.89791700
16.66183300
16.45995900
16.87358300
16.68787500
16.65079200
16.75045800
16.67195800
16.60454200
16.80083300
16.63891700
16.65254200
16.65337500
16.71337500
16.61958300
16.77083300
16.64575000
16.64870900
16.79191600
16.63233400
16.50179100
16.86883400
16.72166600
16.62225000
16.72166700
16.67216700
16.60850000
16.81000000
16.67920800
16.45383300
16.87554200
16.73175000
16.51454200
16.79445800
16.65620800
16.71529200
16.72500000
16.64991700
16.51341600
16.86925000
16.70016700
16.65866700
16.66437500
16.68158300
16.61750000
16.79858300
16.67050000
16.63866700
16.69716700
16.65087500
16.75608300
16.65533300
16.60825000
16.74091700
16.68379200
16.65370800
16.61550000
16.77808300
16.70091700
16.59500000
16.73333300
16.68704200
16.74666700
16.66125000
16.69516600
16.67250000
16.66370900
16.69316600
16.70725000
16.64095900
16.68008300
16.71850000
16.68733300
16.59554200
16.56225000
16.91120800
16.60495900
16.72825000
16.65079100
16.58475000
16.80545900
16.73525000
16.51729100
16.77350000
16.71783400
16.57933300
16.81345800
16.61204200
16.59279200
16.72333300
16.74033300
16.60925000
16.66833400
16.78966600
16.71716700
16.66437500
16.64804200
16.76612500
16.66491600
16.61529200
16.69125000
16.73187500
16.46370800
16.67391700
16.77550000
16.69879200
16.71370800
16.74162500
16.60158300
16.63950000
16.86145900
16.60366600
16.68929200
16.70170800
16.69904200
16.71983300
16.65150000
16.64420900
16.62000000
16.82458300
16.57158300
16.70850000
16.74075000
16.63045900
16.70870800
16.73770800
16.55875000
16.70304200
16.77504200
16.58387500
16.72516600
16.71300000
16.59758400
16.68050000
16.78845800
16.60579200
16.74083300
16.82358300
17.66116700
18.99300000
16.23541700
16.12441600
16.41841700
18.21104200
16.03625000
16.92641600
16.53487500
16.22479200
15.86475000
14.94683300
16.77300000
16.65387500
16.68541700
16.68858300
16.67295900
16.67158300
16.67950000
16.68758300
16.67962500
16.72900000
16.65475000
16.53462500
16.87354200
16.39466700
16.70233300
16.74845800
16.84962500
16.64820900
16.80300000
16.51441600
16.56408400
16.71683300
16.81350000
16.51266700
16.71866600
16.89970900
16.59937500
16.67379100
16.45066700
16.73041700
16.89579100
16.46637500
16.79912500
16.81787500
16.54208400
16.59104100
16.74737500
16.88441700
16.49895800
16.64333400
16.69245800
16.56025000
16.80625000
16.74775000
17.03929200
16.25879100
16.82837500
16.64337500
16.72391700
16.54525000
16.77379200
16.76891600
16.65558400
16.67633300
16.58254200
16.63862500
17.74141600
16.52595900
16.32625000
16.51204100
16.79791700
17.07162500
17.05058300
16.49179200
16.33487500
16.38287500
16.31587500
16.43304200
16.93258300
16.70358300
16.59891700
16.71679200
16.70337500
16.55620800
16.74691700
16.75658300
16.58304200
16.76079100
16.68779200
16.65050000
16.65945800
16.79100000
16.54487500
16.79820900
16.63704100
16.48612500
16.93891700
16.63033300
16.54204200
16.85291700
16.69829100
16.59129200
16.74533300
16.66745900
16.59620800
16.80608300
16.65129200
16.59462500
16.77079200
16.71437500
16.60854100
16.74333400
16.66558300
16.49966700
16.90291600
16.70333400
16.64766600
16.70070900
16.66800000
16.72237500
16.66129100
16.59416700
16.82975000
16.62395800
16.68000000
16.64491700
16.69487500
16.64704200
16.64483300
16.72508300
16.67887500
16.62945900
16.73050000
16.70558300
16.69612500
16.69912500
16.65858300
16.71166700
16.65304200
16.67545800
16.73775000
16.69941700
16.61941600
17.37675000
16.40191700
16.66379200
16.75416600
16.69450000
17.80558400
16.82291600
16.90733400
16.19295800
16.75204200
15.93770800
16.41800000
16.89800000
17.69283300
16.93491700
16.61812500
17.53250000
16.75791700
17.34016600
17.20204200
16.22820800
17.44970900
17.48875000
16.80975000
15.91312500
16.28687500
15.90108300
16.04575000
15.98662500
16.48508300
15.95254200
17.02316700
23.28141600
74.79875000
24.27129200
20.81129200
14.00983300
14.91462500
15.13850000
14.70750000
14.38416700
15.08583300
16.89050000
16.59075000
16.64679200
16.71354100
16.74162500
16.65816700
16.68195800
16.52733400
16.69425000
16.86262500
16.36995800
16.79570800
16.69137500
16.53033400
16.69604100
16.74550000
16.67733400
16.64070800
16.54483300
16.73820900
16.62875000
16.80366600
16.60425000
16.59154200
16.66258300
16.77129200
16.59029200
16.64245800
16.95233300
16.38120900
16.83291600
16.57650000
16.60729200
16.64466700
16.72162500
16.60687500
16.72108300
16.73741700
16.55483300
16.63829200
16.77312500
16.59566600
16.66937500
16.66575000
16.72662500
16.64616700
16.73137500
16.58766700
16.65712500
16.64829100
16.61995900
16.92008300
16.42720800
16.70704200
16.65075000
16.66525000
16.64595800
16.68445900
16.70562500
16.66025000
16.88666600
16.43204200
16.67183300
16.63129200
16.71725000
16.63125000
16.74175000
16.58070800
16.64675000
16.80958400
16.60845800
16.61991700
16.62183300
16.75941700
16.58916600
16.65679200
16.68716700
16.67925000
16.63154100
16.77283400
16.65133300
16.62062500
16.71104200
16.59391600
16.82729200
16.61341700
16.59625000
16.62079100
16.71908400
16.70154100
16.72066700
16.58587500
16.59212500
16.80033300
16.57412500
16.65625000
16.70812500
16.60175000
16.66158400
16.67083300
16.84512500
16.49266700
16.65991600
16.71037500
16.64520900
16.74033300
16.61029200
16.64608300
16.64700000
16.84666700
16.48700000
16.77454100
16.54508400
16.66900000
16.69866600
16.75416700
16.54716700
16.68845800
16.80029200
16.56470800
16.65962500
16.68133300
16.59275000
16.68800000
16.65995900
16.63325000
16.74066600
16.74395900
16.64495800
16.56383300
16.65912500
16.67591700
16.71041700
16.69550000
16.57162500
16.71191600
16.62587500
16.71470900
16.66279100
16.65945900
16.61833300
16.86358300
16.55250000
16.68129200
16.60475000
16.64575000
16.72504200
16.64141600
16.65754200
16.67379200
16.66795800
16.79954200
16.46562500
16.72975000
16.69891600
16.63137500
16.68783400
16.70437500
16.58995800
16.79370800
16.57250000
16.65004200
16.65441700
16.74695800
16.56670800
16.74091700
16.58695800
16.70566700
16.57945800
16.66604200
16.73000000
16.65520800
16.76083400
16.59991600
16.71937500
16.67704200
16.59550000
16.64575000
16.64779200
16.68000000
16.60600000
16.79516600
16.64904200
16.64204200
16.65820800
16.64962500
16.74566700
16.60791600
16.66275000
16.62079200
16.70075000
16.70312500
16.65591700
16.63712500
16.69016600
16.65875000
16.68258400
16.63854100
16.68229200
16.76345800
16.60491700
16.58158300
16.69370900
16.69666600
16.63104200
16.68495800
16.63333400
16.73925000
16.60208300
16.65966700
16.77987500
16.68579100
16.54687500
16.65637500
16.70570900
16.62233300
16.68695800
16.82241700
16.50904200
16.72000000
16.66566600
16.62495900
16.67712500
16.67887500
16.63900000
16.71533300
16.84654200
16.45500000
16.65650000
16.65529100
16.65083400
16.66275000
16.66087500
16.68058300
16.68404200
16.73929100
16.60604200
16.62437500
16.70416700
16.53816600
16.75966700
16.69070800
16.79004200
16.60583300
16.62304200
16.63691700
16.79329100
16.54779200
16.77695800
16.67975000
16.52475000
16.66570900
17.08358300
16.27066700
16.64733300
16.66037500
16.73291700
16.67745800
16.62729200
16.61162500
16.66908300
16.70295800
16.66941700
16.69037500
16.61770800
16.69391700
16.69412500
16.61012500
16.66941700
16.66537500
16.82212500
16.57662500
16.66733300
16.66420800
16.62579200
16.61191700
16.72300000
16.79983300
16.49841700
16.70462500
16.65233300
16.62129200
16.70333300
16.71116700
16.79833300
16.56875000
16.66125000
16.62962500
16.69200000
16.61541700
16.63725000
16.75845800
16.65320800
16.60075000
16.68575000
16.67316700
16.63395800
16.83745900
16.51220800
16.66537500
16.66870800
16.66083400
16.64800000
16.69425000
16.62579100
16.66750000
16.72137500
16.63833400
16.75004100
16.59470900
16.66162500
16.63495800
16.85970800
16.68920900
16.57145800
16.62133300
16.58850000
16.77370900
16.57733300
16.61737500
16.70995800
16.68245900
16.67429100
16.69208400
16.60229100
16.69416700
16.69241700
16.61533300
16.66850000
16.66225000
16.73483300
16.65229200
16.68387500
16.60645800
16.73791700
16.71316700
16.63737500
16.70529100
16.58620900
16.66729100
16.64125000
16.65883400
16.64950000
16.70141600
16.64550000
16.74791700
16.67041700
16.56312500
16.71679100
16.61687500
17.63537500
15.92404200
16.65395800
16.59691700
16.85233300
17.43450000
15.71587500
16.90179200
16.54137500
16.60154200
16.51058300
16.66437500
16.61191700
16.70891600
16.73512500
16.60654200
16.67216700
16.68183300
16.73108300
16.55937500
16.79908400
16.60908300
16.61587500
16.67075000
16.62175000
16.81054200
16.54225000
16.71095800
16.61245800
16.67762500
16.63770900
16.63333300
17.02216700
16.33562500
16.76583300
16.59487500
16.67245800
16.66020900
16.74162500
16.57200000
16.72637500
16.85541600
16.39420900
16.68762500
16.63879100
16.80195900
16.57604100
16.71133400
16.63779100
16.71866700
16.67954200
16.60837500
16.69445800
16.69108300
16.78383400
16.51162500
16.65466600
16.71066700
16.60029200
16.73537500
16.68037500
16.61525000
16.67195800
16.77295800
16.58370900
16.66933300
16.66900000
16.59779200
16.62900000
16.78904100
16.57475000
16.71275000
16.73483400
16.66708300
16.58966700
16.70587500
16.65187500
16.60904100
16.69308400
16.66720800
16.62291700
16.73516600
16.68687500
16.65500000
16.54441700
16.79508300
16.61770900
16.23220800
17.03212500
16.64862500
16.67691700
16.71570800
16.75704200
16.64345800
16.63962500
16.71537500
16.67483300
16.60258400
16.70641600
16.55829200
16.79083300
16.57145900
16.79566600
16.58216700
16.65816700
16.79891600
16.60462500
16.58850000
16.63179200
16.67166700
16.74158300
16.63695800
16.65287500
16.71075000
16.62395900
16.66137500
16.69808300
16.63175000
16.68725000
16.71625000
16.58666700
16.69908300
16.63487500
16.69312500
16.69937500
16.60587500
16.67487500
16.68983300
16.74720900
16.61195800
16.57958300
16.73816700
16.61320800
16.72087500
16.55450000
16.74904200
16.71100000
16.67425000
16.63837500
16.58354200
16.73833300
16.57308300
16.80000000
16.65754200
16.73695800
16.53779200
16.70200000
16.62829200
16.70845800
16.61512500
16.63612500
16.74020800
16.62304200
16.80845800
16.51475000
16.73729200
16.55904200
16.65154100
16.74075000
16.61083400
16.81445800
16.53387500
16.72025000
16.68595800
16.60029200
16.71158300
16.68741700
16.61116700
16.68962500
16.69225000
16.68145800
16.56595800
16.73308400
16.67162500
16.71004100
16.65904200
16.66600000
16.65016700
16.71966600
16.51400000
16.68870900
16.70133300
16.62062500
16.76291700
16.77129100
16.54891700
16.56083300
16.73083400
16.62550000
16.69666600
16.69079200
16.69733300
16.64829200
16.60779200
16.65254100
16.69245900
16.69529100
16.68995900
16.63237500
16.67008300
16.64266700
16.81837500
16.57933300
16.62391700
16.62141600
16.76462500
16.58445900
16.69900000
16.64275000
16.67337500
16.74333300
16.69633300
16.62891700
16.58366700
16.66783300
16.67700000
16.72758300
16.65437500
16.64520900
16.68345800
16.60087500
16.66970800
16.68054200
16.78954200
16.73858300
16.53166700
16.61150000
16.66895800
16.68558300
16.70933400
16.55054100
16.75633400
16.61433300
16.68612500
16.62933300
16.72883400
16.65750000
16.60275000
16.71929100
16.60587500
16.69491700
16.75775000
16.63295800
16.60962500
16.70887500
16.57904200
16.71200000
16.64204200
16.68179100
16.76758400
16.54758300
16.66883300
16.65862500
16.70387500
16.61275000
16.68125000
16.97850000
16.36158400
16.74320800
16.58675000
16.74229200
16.56687500
16.69533300
16.68337500
16.82954200
16.72491600
16.59525000
16.73537500
16.60141700
16.80679200
16.50595800
16.61520800
17.25108400
16.19700000
16.62504100
16.59354200
16.66029200
16.71204100
16.50612500
16.78691700
16.61025000
16.67841700
16.70104100
16.98358400
16.25937500
16.72920800
16.82566700
16.61666600
16.95337500
16.39870900
16.70604100
16.57920900
16.80337500
17.43329100
15.83866700
16.84158300
16.44208400
16.72604100
16.54279200
16.63366700
16.82991600
16.44408400
16.72658300
16.60604200
16.70437500
16.76745800
16.68908300
16.44191700
16.68920800
16.75283400
16.85600000
16.39925000
16.65512500
16.81541600
16.59912500
16.75562500
16.67808400
16.62020800
16.77175000
16.66045800
16.50029200
16.62312500
16.75020800
16.65600000
16.56079200
16.68237500
16.65725000
16.67866700
16.64679100
16.72345900
16.57900000
16.69783300
16.70329200
16.65325000
16.63925000
16.71533300
16.93137500
16.33925000
16.79591700
16.57791600
16.84045900
16.54350000
16.57900000
16.69470800
16.68816700
16.65716600
16.63995900
16.67637500
16.69475000
16.69208300
16.63870800
16.67804200
16.66333300
16.70375000
16.56866700
16.75945800
16.67470900
16.64725000
16.84000000
16.47679100
16.58470900
16.89058300
16.48300000
16.70437500
16.76687500
16.55441700
16.67737500
16.86200000
16.48712500
16.73045800
17.33508300
19.07512500
18.28741700
15.09970800
15.97650000
14.75729200
16.00683300
17.90837500
15.35454200
16.79391700
16.62383300
16.75291700
16.63833300
16.67595800
16.81391700
16.41075000
16.70533300
16.72562500
16.58937500
16.64662500
16.73870900
16.68350000
16.58820800
16.81670800
16.52266700
16.83516700
16.67504100
16.64875000
16.56454200
16.68512500
16.63562500
16.64562500
16.64450000
16.68958300
16.66720900
16.63516600
16.87925000
16.51912500
16.66066700
16.59395800
16.71550000
16.68137500
16.76925000
16.55304200
16.65033300
16.73858400
16.62587500
16.67858300
16.60270800
16.70008400
16.61554100
16.66512500
16.68833400
16.63620800
16.63595800
16.65858400
16.73812500
16.65525000
16.73383300
16.48041700
16.80400000
16.70220800
16.62320800
16.74000000
16.62637500
16.60729200
16.75979200
16.53062500
16.80520800
16.77245800
16.51191700
16.84350000
16.67241700
16.52441600
16.60683400
16.65766600
16.67912500
16.65254200
16.65166700
16.62437500
16.94583300
16.40475000
16.68983300
16.73325000
16.61070900
16.65583300
16.71358300
16.65429200
16.64250000
16.94466700
16.41525000
16.63329100
16.68420900
16.69112500
16.61054100
16.67254200
16.70258300
16.61300000
16.72050000
16.65254200
16.68754200
16.67829100
16.75179200
16.42816700
16.90791600
16.61395900
16.69545800
16.69395800
16.62287500
16.63750000
16.62558400
16.69283300
16.58758300
16.65495900
16.73525000
16.67525000
16.67666600
16.58600000
16.68970900
16.66841600
16.70204200
16.64412500
16.68066700
16.61658300
16.68566700
16.64200000
16.78062500
16.64020800
16.59775000
16.62975000
16.69179200
16.75787500
16.63158300
16.69904200
16.57770800
16.68416700
16.63008300
16.72075000
16.62520800
16.67141700
16.68995800
16.65095900
16.68216600
16.68683400
16.60916600
16.65320900
16.70262500
16.77779100
16.55454200
16.70175000
16.64679200
16.66020800
16.99212500
16.29558300
16.71895900
16.69041600
16.61941700
16.67304200
16.66083300
16.70191700
16.63562500
16.63325000
16.71320800
16.65862500
16.69429200
16.70104100
16.63220900
16.61212500
16.71766600
16.62204200
16.88054200
16.43279100
16.68579200
16.68750000
16.68891700
16.64412500
16.74895800
16.60883300
16.62162500
16.69641700
16.61808300
16.81366700
16.65400000
16.57379200
16.72845800
16.58462500
16.71962500
16.59658300
16.69729200
16.64383300
16.65087500
16.82595900
16.62729100
16.65258400
16.56595800
16.71208300
16.61491700
16.66941700
16.64258300
16.66829200
16.88941600
16.65433400
16.46670800
16.74245800
16.62212500
16.64937500
16.75108400
16.58004100
16.66229200
16.66858300
16.70004200
16.75362500
16.59170800
16.62375000
16.64812500
16.67495900
16.67870800
16.65675000
16.67558300
16.74520900
16.56191600
16.74870900
16.58712500
16.71512500
16.64241600
16.70358400
16.65741600
16.65125000
16.65645900
16.66029100
16.70679200
16.67412500
16.60250000
16.72591700
16.62400000
16.66033300
16.67966700
16.75654100
16.54529200
16.68995800
16.58929200
16.75054200
16.68775000
16.68679100
16.56866700
16.73725000
16.75654200
16.54541600
16.78241700
16.51491700
16.68216600
16.74437500
16.68279200
16.59975000
16.72050000
16.79095800
16.58166700
16.69762500
16.59995800
16.65837500
16.61708400
16.68145800
16.61837500
16.74183300
16.68812500
16.57812500
16.75395900
16.72954100
16.62708400
16.58429100
16.54979200
16.78416700
16.63812500
16.68716600
16.64183400
16.67091600
16.78995900
16.54520800
16.70970800
16.59354200
16.71075000
16.69600000
16.74025000
16.54629200
16.72462500
16.68475000
16.63729100
16.70679200
16.58454200
16.63500000
16.72616600
16.80595900
16.49679100
16.67858400
16.71179100
16.77862500
16.52550000
16.59862500
16.71229200
16.67387500
16.73004200
16.57108300
16.71325000
16.60770800
16.86550000
16.50279200
16.68675000
16.63191700
16.66929100
16.71941700
16.61316700
16.66254100
16.69083400
16.64975000
16.68516600
16.75991700
16.63170800
16.73116700
16.53583300
16.70854200
16.74145800
16.49820900
16.73804100
16.61454200
16.66954200
16.69016600
16.64945900
16.67708300
16.64404200
16.77716600
16.58500000
16.68341700
16.64066700
16.66183300
16.65975000
16.70754200
16.64475000
16.66045800
16.68316700
16.63237500
16.68370800
16.66050000
16.67662500
16.66333300
16.75608400
16.62270800
16.66229200
16.62487500
16.64912500
16.67987500
16.72341600
16.61195900
16.68237500
16.65566600
16.83941700
16.46433300
16.74500000
16.60383400
16.67862500
16.69733300
16.64820800
16.62137500
16.71629200
16.60933300
16.66941700
16.72283300
16.66000000
16.59404200
16.75225000
16.58604200
16.65258300
16.72554200
16.67654100
16.64929200
16.68512500
16.62612500
16.68641700
16.67262500
16.63570800
16.65012500
16.76020800
16.69854200
16.56804200
16.74237500
16.61108300
16.60041700
16.78441600
16.64608400
16.58091600
16.70645900
16.88150000
16.43004100
16.71195900
16.63729100
16.66287500
16.68058400
16.69591600
16.61429200
16.74170800
16.77095900
16.53270800
16.62162500
16.68425000
16.66037500
16.66904200
16.74733300
16.61895800
16.66170900
16.76658300
16.49970800
16.71300000
16.68904200
16.61641700
16.69387500
16.64541600
16.66887500
16.69912500
16.63512500
16.62750000
16.81433400
16.56966600
16.82579200
16.49695800
16.65566700
16.68079200
16.67208300
16.70808300
16.70437500
16.60854200
16.61491700
16.86179100
16.47616700
16.70241700
16.66175000
16.78583300
16.57837500
16.59841700
16.70362500
16.69654100
16.58533400
16.74275000
16.60304100
16.75762500
16.84716700
16.41487500
16.62091700
16.67891600
16.81787500
16.50116700
16.68850000
16.69941700
16.67583300
16.65841700
16.75387500
16.57262500
16.79895800
16.58575000
16.64795800
16.63350000
16.64483400
16.72450000
16.63050000
16.65104100
16.66212500
16.65858400
16.85487500
16.51325000
16.67908300
16.64700000
16.76754200
16.59362500
16.62812500
16.64041600
16.68716700
16.73037500
16.55125000
16.84566700
16.56329100
16.84941700
16.44508300
16.68233400
16.67783300
16.65512500
16.73225000
16.59854200
16.69512500
16.66216600
16.78675000
16.69379200
16.55762500
16.57258300
16.71870900
16.67050000
16.70225000
16.62866600
16.69441700
16.56754200
16.66325000
16.80758300
16.53041700
16.68108300
16.68891700
16.64366600
16.73712500
16.68275000
16.52791700
16.81000000
16.68025000
16.56333300
16.68729200
16.70895800
16.65120900
16.64437500
16.64729100
16.65691700
16.71912500
16.69191700
16.56658300
16.77154200
16.58079100
16.67683400
16.68970800
16.69854200
16.61770800
16.68016700
16.69766600
16.65904200
16.89845800
16.39900000
16.65425000
16.74575000
16.57662500
16.64333400
16.70333300
16.65191700
16.64904100
16.89516700
16.43904200
16.68491600
16.70337500
16.60762500
16.77454200
16.65304200
16.60400000
16.61316600
16.70000000
16.71291700
16.63979200
16.68825000
16.62925000
16.65333300
16.76720800
16.57116700
16.67045800
16.69908400
16.66754100
16.64916700
16.66400000
16.63983300
16.67450000
16.68941700
16.63229200
16.67050000
16.78925000
16.52987500
16.71704100
16.65912500
16.67758400
16.68212500
16.63041600
16.67958400
16.66425000
16.77025000
16.55166600
16.69012500
16.75904200
16.61854200
16.64720800
16.67666700
16.69183300
16.55370800
16.75904200
16.58350000
16.69075000
16.64266700
16.79020800
16.57200000
16.67970800
16.62083400
16.69237500
16.74325000
16.60925000
16.61266600
16.68266700
16.68845800
16.66120900
16.70220800
16.66125000
16.63304200
16.65920800
16.69829200
16.60695800
16.76133300
16.59820900
16.65925000
16.69395800
16.70062500
16.57733300
16.86687500
16.47175000
16.64666700
16.73229200
16.65629100
16.67625000
16.69025000
16.64554200
16.66320800
16.64683400
16.64179100
16.67083400
16.71695800
16.67279200
16.61000000
16.67700000
16.66537500
16.64062500
16.75970800
16.63337500
16.63187500
16.63450000
16.73804200
16.61308300
16.71329200
16.65620800
16.64079200
16.87100000
16.43054100
16.72408400
16.67700000
16.70683300
16.58604200
16.73958300
16.59091700
16.69983300
16.85779200
16.47645800
16.68770800
16.62891700
16.65316700
16.64016600
16.71679200
16.69950000
16.62504200
16.69058300
16.72650000
16.54666700
16.66145800
16.67470800
16.66691700
16.69987500
16.62500000
16.67341700
16.74645800
16.57270800
16.64779200
16.80179200
16.60954100
16.61883400
16.69087500
16.64362500
16.70325000
16.70304100
16.59262500
16.69933400
16.65712500
16.66912500
16.71691600
16.62816700
16.62470800
16.84495900
16.49275000
16.67833300
16.64037500
16.73641700
16.64812500
16.59854100
16.70929200
16.72550000
16.64375000
16.68995800
16.52670900
16.81083300
16.83870800
16.43141700
16.66104200
16.67362500
16.72883300
16.60475000
16.65450000
16.67616700
16.69437500
16.80845800
16.48079200
16.74366600
16.59700000
16.83570900
16.54037500
16.74270800
16.62308300
16.58466700
16.89354200
16.67479100
16.61558400
16.72083300
16.79195800
16.52391700
17.60387500
15.70825000
16.60883300
16.83591700
16.62679200
16.49087500
16.68762500
16.67929100
16.53554200
16.73566700
16.76208300
16.52425000
16.79829200
16.52133300
16.62829200
16.78120800
16.75854200
16.52808300
16.69470800
16.66000000
16.61816700
16.82941700
16.52154100
16.62295900
16.66675000
16.79145800
16.60216700
16.68475000
16.70954100
16.63900000
16.64829200
16.65562500
16.67425000
16.64275000
16.85716700
16.43491600
16.72987500
16.66850000
16.65966700
16.75620800
16.60858400
16.60733300
16.67641700
16.72258300
16.61545800
16.62770900
16.71387500
16.65187500
16.70120800
16.72537500
16.56308300
16.77662500
16.54262500
16.71754200
16.63916700
16.67566600
16.60175000
16.68750000
16.67637500
16.64679200
16.65766700
16.75483300
16.66250000
16.63641700
16.66708300
16.67154200
16.66912500
16.62987500
16.64637500
16.73620800
16.73033300
16.62412500
16.55712500
16.73020900
16.63704100
16.61225000
16.81775000
16.57304200
16.65079200
16.69733300
16.61125000
16.82904200
16.61016600
16.67679200
16.80816700
16.46766600
16.61162500
16.76645900
16.59995800
16.64670800
16.72208400
16.67187500
16.64875000
16.74783300
16.62108300
16.63341700
16.66304200
16.65195800
16.64079200
16.77316600
16.63266700
16.54458300
16.86937500
16.57433400
16.60087500
16.69500000
16.65300000
16.65008300
16.73241700
16.64391600
16.65637500
16.71370900
16.65133300
16.65775000
16.67095800
16.69600000
16.57487500
16.66516700
16.72154200
16.66325000
16.67812500
16.61241600
16.75195900
16.61712500
16.61754100
16.66841700
16.67575000
16.62900000
16.74704200
16.60429100
16.72029200
16.68245800
16.62020900
16.66175000
16.59300000
16.70900000
16.74258300
16.57770800
16.73008400
16.63329100
16.71179200
16.59616700
16.66295800
16.64754200
16.71079100
16.64054200
16.76162500
16.53816700
16.68008300
16.64908300
16.74408400
16.64912500
17.51737500
15.95016600
16.76337500
16.66800000
16.59066700
17.10925000
16.30279200
16.63458300
16.63754200
16.68533300
16.47429200
16.64958300
16.72620800
16.63550000
16.77929200
16.72787500
16.62545800
16.68270900
16.60441600
16.69400000
16.61562500
17.11029200
16.27779200
16.66491600
16.57345900
16.80262500
17.06350000
16.34525000
16.66987500
16.57779100
16.83283400
16.79954100
16.44620900
16.53991600
16.63387500
16.78795900
16.41558300
16.66325000
16.90883300
16.57129200
16.77866700
16.41204100
16.67487500
16.74025000
16.76054200
16.58358300
16.52525000
16.81779200
16.67187500
16.75287500
16.55262500
16.74416700
16.55529100
16.58941700
16.61083300
16.81016700
17.00641700
16.29345800
16.71237500
16.76133300
16.61295900
16.60783300
16.54020800
16.68245900
16.68512500
16.73604100
16.76600000
16.51566700
16.73945800
16.64704200
16.60675000
16.70879200
16.69787500
16.60008300
16.77008300
16.63733400
16.58808300
16.79633300
16.61129200
16.89241700
16.39241600
16.67391700
16.61670800
16.76225000
16.58820900
16.70070800
16.71654200
16.61383300
16.80595800
16.47929200
16.85462500
16.59712500
16.58216700
16.66554100
16.68620900
16.69279100
16.60737500
16.87300000
16.49920900
16.61937500
16.64562500
16.70683300
16.73183300
16.68491700
16.67483300
16.64016700
16.95958300
16.41287500
16.63120900
16.70516600
16.63445900
16.64400000
16.58004100
16.67016700
16.66212500
16.85695800
16.48695900
16.65387500
16.65541600
16.72645900
16.65154100
16.61954200
16.73441700
16.63020800
16.67079200
16.69487500
16.64675000
16.65204100
16.71175000
16.82800000
16.43404200
16.72054200
16.79866600
16.66233400
16.60887500
16.63800000
16.60029100
16.74179200
16.70416700
16.58212500
16.69016600
16.59295900
16.81229100
16.55195900
16.70408300
16.66070800
16.63600000
16.70162500
16.65837500
16.73837500
16.50366700
16.61329200
16.75791600
16.68891700
16.66212500
16.72000000
16.73583300
16.52670900
16.69700000
16.61487500
16.72620800
16.66433300
16.64004200
16.67829200
16.71316600
16.57370900
16.69083300
16.70254200
16.61450000
16.71133300
16.62154200
16.68212500
16.67787500
16.70775000
16.67741600
16.67529200
16.67300000
16.57725000
16.63937500
16.71983300
16.70866700
16.60487500
16.68575000
16.80050000
16.47775000
16.71345800
16.62741700
16.70379200
16.68237500
16.62900000
16.70083300
16.64100000
16.83420800
16.51100000
16.69437500
16.62150000
16.64608400
16.76312500
16.58854100
16.66200000
16.71116700
16.78095800
16.48891700
16.66495800
16.69116700
16.67825000
16.67620800
16.61550000
16.67983400
16.67129100
16.66883400
16.66983300
16.63437500
16.67645800
16.75379200
16.55679200
16.71525000
16.69766600
16.67379200
16.67912500
16.72895800
16.54087500
16.68345900
16.86745800
16.47595800
16.68975000
16.63825000
16.68666700
16.63525000
16.67458300
16.63387500
16.78087500
16.90020900
16.33462500
16.73804100
16.59391700
16.77187500
16.59858300
16.76166700
16.50575000
16.72704200
16.83562500
16.61650000
16.54491600
16.64350000
16.87766700
16.53491700
16.72045800
16.62679200
16.51770800
16.71620800
16.65229200
16.72370800
16.60541700
16.86762500
16.50845800
16.58337500
16.78362500
16.78479200
16.49966700
16.63987500
16.65870800
16.73162500
16.78945800
16.51791700
16.60620800
16.72570900
16.71091600
16.59100000
16.68166700
16.63541700
16.68137500
16.66070800
16.68945800
16.63133400
16.70341600
16.68841700
16.59866700
16.80587500
16.49370800
16.74491700
16.61600000
16.72095800
16.71779200
16.65337500
16.65350000
16.59054100
16.74195900
16.58158300
16.71158300
16.63170900
16.66237500
16.72579100
16.69050000
16.58812500
16.76829200
16.60812500
16.61675000
16.70820800
16.79083400
16.70454100
16.52912500
16.68512500
16.73575000
16.52029200
16.67783300
16.63445900
16.69937500
16.68325000
16.66825000
16.63383300
16.80558300
16.60387500
16.63950000
16.66116700
16.68454200
16.65250000
16.73562500
16.54575000
16.69125000
16.90279100
16.39070900
16.71145800
16.65158300
16.70316700
16.62291700
16.67837500
16.65795800
16.70875000
16.61591700
16.70183300
16.64075000
16.64483300
16.71400000
16.67141700
16.66829200
16.62475000
16.68787500
16.69116600
16.60041700
16.69112500
16.64904200
16.65445800
16.71083300
16.69237500
16.63616700
16.67783300
16.74837500
16.63041700
16.65820800
16.65570900
16.65754100
16.62062500
16.67216700
16.62875000
16.71704200
16.64075000
16.65875000
16.67929100
16.70825000
16.68337500
16.58612500
16.73695900
16.59670800
16.71379200
16.68204100
16.60416700
16.71120800
16.65020900
16.66254100
16.69279200
16.62929200
16.71541600
17.74075000
15.75375000
16.74095900
16.56191600
16.62087500
17.02491700
16.36520800
16.65225000
16.67337500
16.74504200
16.49433300
16.68358400
16.63762500
16.61416600
16.64883400
16.72504100
16.71983400
16.55904100
16.72045900
16.63008300
16.63591700
16.70370800
16.63462500
16.62904200
16.76887500
16.74495800
16.53229200
16.71629100
16.64429200
16.65483300
16.70129200
16.64270800
16.66633400
16.65195800
16.72045800
16.64095900
16.82316600
16.46629200
16.71212500
16.68104200
16.58587500
16.68583300
16.70945800
16.70441700
16.64600000
16.82866700
16.46112500
16.71458300
16.59137500
16.62137500
16.78245800
16.64929200
16.68166700
16.66579100
16.86216700
16.37804200
16.72504100
16.61554200
16.76537500
16.64450000
16.64179200
16.72133300
16.65770800
16.60629200
16.73500000
16.64487500
16.63166700
16.72245800
16.57029200
16.67912500
16.65754100
16.72129200
16.73691700
16.60220800
16.64533300
16.64308400
16.68333300
16.64629200
16.68779100
16.60083400
16.72375000
16.70191600
16.60466700
16.71050000
16.60262500
16.98129200
16.36795800
16.64387500
16.75266700
16.62441600
16.72841700
16.57504200
16.73216600
16.71200000
16.75729200
16.41995800
16.68012500
16.66241700
16.68900000
16.75825000
16.55100000
16.71308300
16.72516700
16.77191700
16.46812500
16.64854100
16.72700000
16.63650000
16.69270900
16.63920800
16.66066700
16.63879100
16.72287500
16.65608400
16.70283300
16.59745800
16.66325000
16.90229200
16.43012500
16.76258300
16.63770900
16.61216600
16.70679200
16.65754200
16.73591600
16.63875000
16.57791700
16.74708300
16.58204200
16.67200000
16.66791700
16.67112500
16.77116600
16.63054200
16.61791700
16.86945800
16.46587500
16.65270800
16.67637500
16.64737500
16.66825000
16.69483400
16.67154100
16.61558400
16.70087500
16.70020800
16.61604200
16.68270800
16.65366700
16.63141600
16.75433400
16.59941600
16.70229200
16.62941700
16.73245800
16.59391700
16.65570800
16.80166700
16.54891600
16.66804200
16.74187500
16.60145800
16.70141700
16.61587500
16.66091700
16.68025000
16.74029100
16.58658400
16.71391600
16.67066700
16.66033300
16.74675000
16.54141700
16.67545800
16.67304200
16.69525000
16.64904200
16.65220800
16.67420800
16.63550000
16.69300000
16.67525000
16.65820900
16.63375000
16.75575000
16.64075000
16.63566600
16.65429200
16.68062500
16.63745800
16.69516700
16.60620800
16.69804200
16.69937500
16.73041700
16.59891600
16.70345900
16.63025000
16.84458300
16.52350000
16.79387500
16.60541700
16.68745800
16.75258300
16.58720900
16.61291600
17.19695900
16.17083300
16.72550000
16.63470800
16.67604200
16.55137500
16.63479200
17.33200000
16.54550000
16.39779100
16.01554200
17.49508300
16.36479200
16.69016700
16.99025000
15.94533300
17.11804200
16.69816600
16.60862500
16.66829200
16.67150000
16.71100000
16.72504200
16.64233300
16.64745800
16.61320900
16.91941600
16.43058400
16.73333300
16.62145800
16.66137500
16.74383400
16.51662500
16.62554100
16.77641700
16.43562500
16.70133300
16.66741700
16.87183300
16.60620900
17.06166600
16.27575000
16.63004200
16.60866700
16.61933300
16.73020800
17.73608400
11.42520800
16.18554200
16.42041600
16.24608400
